crash_record_id,weather_condition,lighting_condition,roadway_surface_cond,prim_contributory_cause,total_vehicles,avg_driver_age,total_people,total_injured
000013b0123279411e0ec856dae95ab9f0851764350b7feaeb982c7707c6722066910e9391e60f45cec4b7a7a6643eeedb5de39e7245b03447a44c793680dc4b,CLEAR,DAYLIGHT,DRY,IMPROPER OVERTAKING/PASSING,2.0,51.0,1.0,1.0
00002c0771fb6f2c70ba775b7f6b501608cadea85c1dd1343228a53acd61a83b0e2b003ace79defc01b0f829fc47b9462027509b5e0ec1eaf3a5f2248121f379,CLEAR,DAWN,DRY,IMPROPER LANE USAGE,2.0,35.0,2.0,2.0
000070ed7a6357c3298f5edc6fb7d5ce925a10f46660f37f6c9b02e2a430d38ec739d2a5f45432979a01920c84f4700f6d4d63103a7878169bc1946367e8ee0a,CLEAR,"DARKNESS, LIGHTED ROAD",DRY,FAILING TO YIELD RIGHT-OF-WAY,2.0,47.5,2.0,2.0
0000b8e88de2441e6d530c9ee6a75c216a64ad07caa9051625935930f1e3fef45d0afb17d15a17e899bc70923dccef3d4fc0c045ed93ee6f0e209704be8bf54e,CLEAR,"DARKNESS, LIGHTED ROAD",DRY,DRIVING SKILLS/KNOWLEDGE/EXPERIENCE,2.0,43.0,2.0,2.0
0000f068043805e104071e24086b0871390fd09737affb2679317402441d67a364eaf0a3f69552c485b2e1242b9aea2b8a101f32e13ba20f4fce0c13e04b0d5c,CLEAR,DAYLIGHT,DRY,IMPROPER LANE USAGE,2.0,39.333333333333336,3.0,3.0
000114309f7c89bf0eb6976c67fb13c0d6f9912117fa40f0686510f4ecc0593618446bf1abd2f3ddc88ab221aa962b8e9704d3049d3c988899abd35cc4f44d5e,CLEAR,DAYLIGHT,DRY,IMPROPER LANE USAGE,2.0,22.5,2.0,2.0
0001301de281cb6fc82102d9f9decef9c0a40f5481c903336a6d3a07e2ee7c0d38c20a1f602c57d4b33cb03585fc2c0646125694567529c18d97cdf1e28b5488,RAIN,DAYLIGHT,WET,DISREGARDING TRAFFIC SIGNALS,2.0,43.5,2.0,2.0
000147996f20cbda9acdf79117aeb7652b0c1024ce069916025b09633e46ef73d64bf989658a4aef676a6dbf8b71ada534e0128ccba4279380279d2101dc004f,CLEAR,DAYLIGHT,DRY,IMPROPER TURNING/NO SIGNAL,2.0,58.0,3.0,3.0
000179b336bde73b863dc447f21d58ff88216fc4835c97e889241113f3cf229906b06594e180f3c688474663c316043ef67004599532411bdc6acab62f9f187d,CLEAR,"DARKNESS, LIGHTED ROAD",DRY,IMPROPER LANE USAGE,2.0,32.0,3.0,3.0
0001a4f0626bbb479c55a442135cbd60e12944cf0ff37770d76f84ba773372b329614a8d58532774ba3be8707b09979e64b386d2b901afb0436dda9cc403591a,CLEAR,DAYLIGHT,DRY,DISREGARDING TRAFFIC SIGNALS,2.0,53.0,2.0,2.0
0001c83bcfea88172afcfa36c830cc3d330d8040387008c4669130c3beb7d3021401eb2bb1e0f1a996b8b62c1cc9a749f61ef0c3bd8c1dc9cfc8a776e68ed52a,RAIN,DAYLIGHT,WET,DISTRACTION - FROM OUTSIDE VEHICLE,1.0,65.33333333333333,3.0,3.0
0001f4e9514202b5266e7a24d062f803186c2f74fc97be3fc08c94149baffb972f5ab1c0910dd9d6d82e9bcef1699e4dc8592ecd56d78ab89f93998fbcc85c8a,CLEAR,"DARKNESS, LIGHTED ROAD",DRY,FOLLOWING TOO CLOSELY,2.0,31.0,2.0,2.0
0001f72c48b956e2ec5dc8843a99d152b7d79610c8d7f522cef67bf88fd2aebf04d4a8839a0f2acabb1e8d47406a2e41637186abb59c4fb683356a62af26c1ba,CLEAR,DAYLIGHT,DRY,FOLLOWING TOO CLOSELY,2.0,52.5,4.0,4.0
000203783458efcc2c63192c89f4521ab0043961e0694bc93113aa5e93d7188f41421caef4da3f539364918dfda20274ab30a7aca93483cbfa42510ec26665b3,CLEAR,DAYLIGHT,DRY,DRIVING SKILLS/KNOWLEDGE/EXPERIENCE,2.0,48.5,2.0,2.0
00023acd203f92a65c14e74dc6f76028b8192fd51742157b0d851c43fd2ad9b1b1daa3dcf9c966a32ff45e067223f3b0242cb1984630e4290bd9bf02984218c4,CLEAR,DAYLIGHT,DRY,FAILING TO YIELD RIGHT-OF-WAY,2.0,50.0,2.0,2.0
000269a5deff340f7786f8f5559448428beafef600f7869c30c721b6163ab7c7640ff5c9d1a0541ea321223b9566a6b86b9229d76df8cc234f893b92318b11e0,UNKNOWN,UNKNOWN,UNKNOWN,IMPROPER OVERTAKING/PASSING,2.0,43.666666666666664,3.0,3.0
00027e2894dd2f3fe4ff320a6d332d18e465b5c8ba2e7985d1aa4e5e8a4cda9a52a7627c1210281d8c7eefe757fe45e1585eaf80c0463cc9ed454bdd2ae20b2c,CLEAR,DAYLIGHT,DRY,FAILING TO YIELD RIGHT-OF-WAY,2.0,44.75,4.0,4.0
000298245204df426f6f9aba90a495a0f85d89545b6a1485201e9e207f82cafed52c36b17bf070b18da47c3fef1d36423ee3709c527f4845b48f8672dc1ce054,CLEAR,DAYLIGHT,DRY,FOLLOWING TOO CLOSELY,3.0,40.333333333333336,3.0,3.0
00029e1d5deec1bd3241e585c4ec84fc5dd3570b9a3696b771d2fadd38d9a942b19181b6842f2f42b32db007658123ab5bc5feed19b2b2ddb7cffd65c7d194ac,CLEAR,"DARKNESS, LIGHTED ROAD",DRY,FAILING TO REDUCE SPEED TO AVOID CRASH,2.0,25.5,2.0,2.0
0002a6dd519730d08ac83c7a1711b29fcc20c2e7ca52ec903fe66a3ecd7b07216c85bc5525d23663f58e4c73d8b3fb7fb4e5fcaa7255b691d89a8157fc9a3bf9,CLEAR,"DARKNESS, LIGHTED ROAD",DRY,DISREGARDING TRAFFIC SIGNALS,3.0,27.5,4.0,4.0
0002bc8cec979da0b0cdddb55386df2e29be580ff654b712192e9f0f856e4ac45d3861cce1266dc9d9dd8a5eeb2ffcf05db59977d3d18edebd4b0ff9ef5a265e,CLEAR,DAYLIGHT,DRY,FAILING TO YIELD RIGHT-OF-WAY,1.0,11.0,2.0,2.0
000337582654026833d8a5535c2b5b60be68620889e6c7a8420778e216ca88e49c4ffe8aba1c9e80cf0d01aa297ddb104261ead426e01f0baf001477c6354b6f,CLEAR,DAYLIGHT,DRY,FOLLOWING TOO CLOSELY,2.0,30.0,3.0,3.0
00037723efcde3b8f768e68c59de9fbfc30d83f9434142fe7cf8ed808e0e313b466301494fbc53f1398801be3028dcbcd8f193f1172355f4f45d1d3310e5ea59,CLEAR,DAYLIGHT,DRY,IMPROPER BACKING,2.0,35.5,2.0,2.0
000384274e4e79921de753283007dfbe114bfa44d361e52bb648ecac4dfd9bb78858db4994a772c907d61f6688b23412f4af1ccfd5d12f3b37d5299fafee86fa,CLEAR,DAYLIGHT,DRY,IMPROPER BACKING,2.0,41.0,4.0,4.0
000394a53948b3f13ec6120a8aa6b776a995b81920f0c4b2e6056f151f23187d128a9c38552b71c092171fc881d52791e4740939e1de31cf4329218382aa132f,CLEAR,DAYLIGHT,DRY,FAILING TO YIELD RIGHT-OF-WAY,2.0,32.0,3.0,3.0
0003a227a597d3387c27130505cc7bd2116c8ec7729cd9716c048518fe427d4050242a0c4c41c9ec6669ff8f212e59afada4f1f2f9880ad587ff578f30070410,CLEAR,DAYLIGHT,DRY,EQUIPMENT - VEHICLE CONDITION,2.0,53.0,2.0,2.0
0003bfc60f838941aa88b55647b33fcb1ce0f13c43ce1e11f1d9394a522648e9509f4260238b38f7da160f3df2070bb3eec56b2fd4c5696041a30cdc6de90c26,CLEAR,DAYLIGHT,DRY,IMPROPER OVERTAKING/PASSING,2.0,74.33333333333333,3.0,3.0
0003c1a997e592702dd785c73a09534964307674461565a15e6d0bafa4e8caa65e1f169536112be41fcb8efc765e4343dc3440cf050628ea2235cf17b413e4be,CLEAR,DAYLIGHT,DRY,IMPROPER BACKING,2.0,27.0,2.0,2.0
0003e543c7a93b8da71010296510ea976b613afbbfd1e91a0a89b7b1a5cf1017a552d9e41d83ce1a7458cdd4862bb9356dc6eebf29a0cf20e5c596925bcf7182,CLEAR,DAYLIGHT,DRY,DISREGARDING TRAFFIC SIGNALS,2.0,41.333333333333336,3.0,3.0
000457f2037a4973fcbc93a6b8cab9d90edebdfbda1faa471270816d80b3a12bd0568da5e84c2ad35eddc0ecf3d18f973efe51c8dd42597b98f6fca1f3374f55,CLEAR,"DARKNESS, LIGHTED ROAD",DRY,IMPROPER LANE USAGE,2.0,42.0,2.0,2.0
00047d29680562204574c31b5c2f397afe5c307d433964784b1ecd6a5fcaaa5abdc8d6e2f13e8c4f2aeb6ad65cfb4ccea1747a92dd4525e63de8c4bfbbc52470,CLEAR,UNKNOWN,DRY,FAILING TO REDUCE SPEED TO AVOID CRASH,2.0,37.5,2.0,1.0
00047e2b1dd688403ecdc950ed68c138c7777d2d635b11c82f370ff2d10fab7b3535f168fc842db2f482022b47b7433797f0e130be764439789a4d7edd12c9b8,CLEAR,"DARKNESS, LIGHTED ROAD",WET,FOLLOWING TOO CLOSELY,2.0,27.0,4.0,4.0
00048d5515f40f23ef99d4ceba2beada49910c322dc0573314c08ec7841b900199d3ab7372cb43ecfd4e3e5c6de6f194394ed5bca6364cefdf0bc069711bfa35,CLEAR,DAYLIGHT,DRY,FAILING TO REDUCE SPEED TO AVOID CRASH,2.0,37.5,1.0,1.0
0004c80c57aae155a45179bd3c03c159fa156c3b27d39864766cf0c50432ad46d0da425bfdbae84b470e4acdea6270ba42e8287e6b0e519c20fe7b5cad9c6200,CLEAR,"DARKNESS, LIGHTED ROAD",DRY,FAILING TO YIELD RIGHT-OF-WAY,2.0,34.0,2.0,2.0
0004d9aea8737acfe95b9f2a1c81bcda499e82b60b98b724bb0db05e09f5baf1bd3e796c78865a2f53a94a53006d27de43235d59f10203922cfd5966162d4cbc,CLEAR,DAYLIGHT,SNOW OR SLUSH,IMPROPER OVERTAKING/PASSING,2.0,48.0,2.0,2.0
0004ff79ed5567a325214951a82586f42418ad578dcb016c34cf9c9237305884fedb9afe3b81e4122837c9dc7f657e3713f5ff5373671fded99da6c5afe39447,CLEAR,"DARKNESS, LIGHTED ROAD",DRY,FAILING TO YIELD RIGHT-OF-WAY,2.0,27.333333333333332,3.0,3.0
0005103b7aa8b159d97aea4463b28b867a22cea99ddedd73f9322014401b8311e763ce53471ca346a0e1b3fe4d4a31b78ca8442ad991412b1174fdb8d016c23c,CLEAR,DAYLIGHT,DRY,FAILING TO YIELD RIGHT-OF-WAY,2.0,26.0,2.0,2.0
00051b8cfa914e2d040da55126f6ac35f8311e1cc9c7114535835334baa639c93603a2deb76bda28a12503e877e1b3b27af25e2c09d47f17683805838e225e38,CLEAR,DAYLIGHT,DRY,DISREGARDING TRAFFIC SIGNALS,2.0,36.5,2.0,2.0
00054eec131a32fb672ffd51c9318547c716447c2fef5e2e804d46683d38e12f075bca7bf161b2c16ef5bd7228de80c69a54da3b73a64eb8d33f06c27ef4d548,RAIN,"DARKNESS, LIGHTED ROAD",WET,FAILING TO YIELD RIGHT-OF-WAY,1.0,40.0,2.0,2.0
00055688f63922f06532f348c091355244b5aa13bed1270f45d1898768c5ee9f3cdc12c5b2ce8ed75fe0f22bdad0c9f641d7082a20a77b3f4cbc83f127e46605,CLEAR,DAYLIGHT,DRY,DRIVING SKILLS/KNOWLEDGE/EXPERIENCE,2.0,37.5,2.0,2.0
00056473bdb667aa098bf36de50cc74b72a3260c7594e7e9fea25de16f25f3664ac5a544a9bacb9a0b23971510a77ccf25e5d57976309dd9fbd34f77a92fd740,CLEAR,DAYLIGHT,DRY,FAILING TO REDUCE SPEED TO AVOID CRASH,1.0,20.0,2.0,2.0
00057b4d4bb547795bc8ce2eb838e3ae0068639d381fba20ce9e75252cf4e269be39835b7dbc9146b10c78f5dc80acd6b02dae5fd79e749967ec0032b00ef70b,CLEAR,DAYLIGHT,DRY,DRIVING SKILLS/KNOWLEDGE/EXPERIENCE,1.0,32.0,2.0,2.0
000581ef656d91bc26f2e896e3b56e1fa67cc33ad1a2928bf1b7adbb56d1b2b63494d9d52d14e4fef49178076436658d96c3adb4c71aea1479713b69e1345956,CLEAR,DAYLIGHT,DRY,DISREGARDING TRAFFIC SIGNALS,2.0,26.0,4.0,4.0
0005837a921036529d835da9edd486be16c54c9c486d7bc3a267f1db2fbfa635727a0bd2ff2af878e2a672a6dfd83b08e7331145e2145e66060e2e51cb647535,FOG/SMOKE/HAZE,DAYLIGHT,WET,FOLLOWING TOO CLOSELY,2.0,27.0,3.0,3.0
00058594510a8d046904226d55f27d180184fc6ed2cab350c42d5a4c5b448ec97f9f6c24cd18dd2432d405ee069c1614e78f26009ac8d9113abdb27abf6f5933,CLEAR,DAYLIGHT,DRY,DISREGARDING OTHER TRAFFIC SIGNS,2.0,22.25,4.0,4.0
00059d7475302273c143f70696e18e2dcc5a7b0ed6bc81c927073c60d530975237af4a9de530fc59823065a9b10f4509946899f1029fbe94e5ddd2f3dee3f13a,SNOW,DAYLIGHT,SNOW OR SLUSH,IMPROPER OVERTAKING/PASSING,2.0,28.0,2.0,2.0
0005a7b841cef1f7f38b51a1bcc361c53873bcabc43401422214f186204d3f26a3311119be1ef109504a8dd3f52659e07e3d95535b059c466e837bec331ed2c0,SNOW,DAYLIGHT,SNOW OR SLUSH,FOLLOWING TOO CLOSELY,2.0,44.0,2.0,2.0
0005e8a3ba9d4bd6a56a9ba5d715a9067a4b0551fde6d3c62b3ab35bbd99ab36c276c10934ca17999260bd85cce1b2bc1e8f619b5fc241835ebd84c44bbeeb63,CLEAR,"DARKNESS, LIGHTED ROAD",UNKNOWN,FAILING TO YIELD RIGHT-OF-WAY,2.0,35.0,2.0,2.0
000601592f8e35b58648496b35f6948fd47381cb7c7d9e4b62936679c8640990b127a14586907b9d768c9c22774fa049ad9de009e24d7a7ea647b454c6ac94b7,CLEAR,DAYLIGHT,UNKNOWN,ROAD CONSTRUCTION/MAINTENANCE,1.0,33.0,1.0,1.0
0006350d09a3da062dd5cf8479a8dcd9d6b9bd5002b880132856996eb426092c3afa378ce19e04a7a3bb427477418f7619e93b30ffd8a9135339f69bcf8cfdbd,RAIN,"DARKNESS, LIGHTED ROAD",WET,IMPROPER LANE USAGE,3.0,34.0,2.0,2.0
000680b2779c9683acfc0162b6059d42cd911f38184ece81093edc8817586e56c19e6f0f7076bc1e2e4c2e55d8cc1d33f115242e1b5086ae89b85c6b511d65dc,CLEAR,DAYLIGHT,DRY,DISREGARDING TRAFFIC SIGNALS,2.0,24.0,2.0,2.0
0006882952e53c291df267014a03b57684383e9ad66d9e5723ff9cb22e76cbfbc7b6cd1ff0a3ceab28fc67638b47132e8d434cf510bc7bded7bfb98c95f569b5,CLEAR,DAYLIGHT,DRY,FOLLOWING TOO CLOSELY,2.0,28.5,2.0,2.0
000704692fa98ef82f8a4e2c7bec64f93e2d6cdeaa5565964bd5df75cb49bc07e320b67d6d9ed61e20eba9df382af05da0e4bf61a4da38a1138bdc7ba1f8c14e,CLEAR,DAYLIGHT,DRY,FOLLOWING TOO CLOSELY,2.0,56.0,2.0,2.0
0007178a2961771acae4022a6d0018cc2684415271553547134ca5823fe30abbb4fea349aeeb84a65758702d4f814dce5ece5fbabfe1ab155fd3043210d38f10,CLEAR,DAYLIGHT,DRY,FAILING TO YIELD RIGHT-OF-WAY,2.0,19.333333333333332,3.0,3.0
000736f139efe0ab211f305c2e36a0b648d0447dac7c6c56729a6f78f8832950bfa43f05fa931ac83387f370ee3dfe2e15a67400f1f91bd3be99ef19455f88d7,CLEAR,DUSK,WET,WEATHER,2.0,29.0,2.0,2.0
000738209fd858205a39e1b97b6d7cf79311308e751e3d59592a6e1a5b199f0804a35d79766fbdf88abdc369a1347865712abdabbe9b324243f2412a066fb3cd,CLEAR,"DARKNESS, LIGHTED ROAD",DRY,FOLLOWING TOO CLOSELY,2.0,31.5,2.0,2.0
000779b75793ebf888d82009c849db3621fdf38fdb368d3186774b8daa9f4fb3234da793f084709f302eb2f521badf5dd74852d90191650b7e8753a4ca6153cf,CLEAR,DAYLIGHT,DRY,IMPROPER OVERTAKING/PASSING,2.0,47.0,2.0,2.0
00077d93f6ccf27721f44424874e7099c150ec3b92ac829c9244f441efce896d2f2722d5c8cbdf0823ad5a3fe2393b6d88861f86240a127a2c2ecf0db8de0a98,CLEAR,DAYLIGHT,DRY,IMPROPER TURNING/NO SIGNAL,2.0,47.0,1.0,1.0
00078b64c243e2ca793000e7e056b6d4f7bb69d84bbedf41d1baa5abfeb0520bb8c72dbdd25cef0c894baea0f25fbf044cde7a683eca8a7e37affd913a0acf4d,CLEAR,DAYLIGHT,DRY,IMPROPER TURNING/NO SIGNAL,2.0,58.0,2.0,2.0
00079d2ab63a0e371b18c075cc66607e33f40f3c6e7e25800f317f0982c5f9a0b5d465ec08f9d616b88335103fcadcfa8f31c8baee17626ae4b05ea9799c8a22,UNKNOWN,UNKNOWN,WET,FOLLOWING TOO CLOSELY,4.0,37.5,1.0,1.0
0008041ffe09ddf4fcd6168d7889133f6fb64bb549996e7e65c16676cf78e9d90aa814096a858653811bc58e25eecd18726b1511a74b69883dcbeb2bfd2e84e9,CLEAR,DAYLIGHT,DRY,CELL PHONE USE OTHER THAN TEXTING,2.0,46.0,2.0,2.0
00080f7e984ccb577ef30f9b40f0ba6517108c8765976e78fedcf01538fe40b94f6dd0e276e967f67ac191f0d3669a56eab96b5bfd1527d2f8d84feff5d88b28,CLEAR,"DARKNESS, LIGHTED ROAD",DRY,IMPROPER LANE USAGE,2.0,54.0,2.0,2.0
0008202f0887d3148a98bb2cbcc0edc7d1074cec76bee5cda4486774937dcb67c248b5ebac17859dc0a433cba3bea8d86d0fe245f3b6a3a1422dbfe4f48f6667,RAIN,DUSK,UNKNOWN,FOLLOWING TOO CLOSELY,2.0,17.5,2.0,2.0
00083c176f0699a6ce58e1278e7137ec4f5d9b5412a410e9907875bb252379276d6833dc2c8a34de2d66c12142070d77a57ebfa84741e8950e0325b0e2a12f1c,CLEAR,"DARKNESS, LIGHTED ROAD",DRY,FAILING TO YIELD RIGHT-OF-WAY,2.0,36.0,2.0,2.0
0008419b56c0c97c5d3757d4bb9ac8ebfd67caa19ffe3833344d7a1b4606fd55b79bf1514d4ef60e4632e2e54c86d84460611f96d86ef24972684032376198d6,CLEAR,DAYLIGHT,DRY,FAILING TO REDUCE SPEED TO AVOID CRASH,2.0,38.0,2.0,2.0
00088e142b60ac9c6368ec4bcc0449e28fcda79bb7a566f34b8614ff87faf6175ddeb2d47b3fad3dacb174e16d4bf246daf9d58a2945838fafc13d77befdbc81,CLEAR,DAYLIGHT,DRY,FOLLOWING TOO CLOSELY,2.0,55.0,3.0,3.0
0008c2174aa4839e73708f6727d1f4ee5f932c6c9f3820cb8f91c4928e537d91f8a516c1130b709e573de304371422ff8a62b690b28a78edb6000a32fd9fc555,RAIN,DAYLIGHT,WET,FAILING TO YIELD RIGHT-OF-WAY,1.0,38.0,2.0,2.0
0008f970cc79c9ca782035390e8e4e76359b2e5438f313e6b51b59e911bcc5398d3ea28a45aa1fa00451cc9c30f965c6d6b1b5d59ec3df9f173429726d2b5515,OTHER,DAYLIGHT,WET,FAILING TO REDUCE SPEED TO AVOID CRASH,2.0,27.0,4.0,4.0
0008fc484f4468fd723fbfee6ff979d9368d01bdbf67b20e1da4f21c8ae642ac7e8b628015d2fbf048f5219de665d04318ead36c8aa491459991fed19e3f0082,RAIN,"DARKNESS, LIGHTED ROAD",WET,DISREGARDING STOP SIGN,2.0,56.0,2.0,2.0
000914bd85ef6dce0115e91dc5addfd63f842df5a8d32432d0388ae77ad431799fb678a01c6e79093844452e7c585577ded23ceae9df8878ca6f4cd154857236,CLEAR,DAWN,DRY,FAILING TO YIELD RIGHT-OF-WAY,2.0,37.5,2.0,2.0
00094e141d451f57127745e6aef9cc44c4f3d1294a78cc1e8a9e3acc41bc770cd7a5951d0274f2a47940b9ecb322b06a3b8d15e2fcd6861dd6db50a6603495ff,RAIN,DAWN,WET,FOLLOWING TOO CLOSELY,6.0,44.2,8.0,8.0
0009887ad160682705e0ee10af940b0a1e17a3461a57c15667b95faf0aa073630800990895fe8794a10c733da095a1cfa4db5fc792b739f8cf3ccd2bffc2edb5,CLEAR,DARKNESS,UNKNOWN,IMPROPER BACKING,2.0,35.0,2.0,2.0
0009fe2f4e51c418c5e9b3ee02b74464aa8c57012ca3c6dd93d4ea83bd9d2dd70a5b9a4a02a73a29dcee77a0732e9902e4c3f510346eb6a57774574fee056e90,UNKNOWN,UNKNOWN,UNKNOWN,IMPROPER OVERTAKING/PASSING,2.0,57.0,3.0,3.0
000a3eb26da0b01a67a7dda6d8099c3a4e388d1c5ca3dbec264c74652f38ab6297364eeb2bb90365977a81f42aaba320611ad9a6f33b3d30c4f85a8962fbc43e,SNOW,"DARKNESS, LIGHTED ROAD",WET,UNDER THE INFLUENCE OF ALCOHOL/DRUGS (USE WHEN ARREST IS EFFECTED),1.0,28.0,1.0,1.0
000a643b3c888b9a1bda6247489e997182416b4732b460f849073a36a6116c0756821d9d2aa841fe535afa8ccd0f115a8d4216222827513df68d07b924a1721f,RAIN,DARKNESS,WET,DISREGARDING STOP SIGN,2.0,51.0,3.0,3.0
000a7247e94055c3c517c4ca7cc3e01f384ec1c517c0a9f8d51eb737e1af0fa7339e9f3ece9cd031f1b15a6607cf15be4ed7926807d71a946fac84dfa43bc990,CLEAR,DAYLIGHT,DRY,IMPROPER BACKING,2.0,64.0,3.0,3.0
000ac358a6db6d1330df0cdee84afcf7ba99a449553284e7a435cd076e39e2cf6eefe7666858b4a1c078ed3a7a073c1fbd3b4af004906d35dc4212393a8118e5,CLEAR,DAYLIGHT,DRY,FAILING TO YIELD RIGHT-OF-WAY,2.0,36.5,2.0,2.0
000ad0fe31584d916fe19d35482fee9661c255e7205376599a59f450b1860b598ed4e507310cdc6fefc968e7c4a9ca1621c05e9f3c22c4f0d364f073eda996b6,CLEAR,DUSK,DRY,DISTRACTION - FROM INSIDE VEHICLE,2.0,26.5,2.0,2.0
000ad211aff127995c92c6c76b9de0a8b7d7654600ba13ec338a0f5a13107074ead9cec18c6f6138c504b0cd33820a2609a68ec8a4dcb70e065357297e574504,CLEAR,DAYLIGHT,UNKNOWN,FAILING TO YIELD RIGHT-OF-WAY,3.0,33.0,5.0,5.0
000b0dabf37b95de66c2402a0286617a423bc7845fcccb71f1d2a90897f81fea8ba997ebc36704086b62c726ed0a9bdb09975e01bfa07a56ad25ca99427467f1,CLEAR,DUSK,DRY,FAILING TO YIELD RIGHT-OF-WAY,2.0,37.75,4.0,4.0
000b0e6e730eaf4586294c147cdebfae5968794db3c6a42455ae47bfe0525b885fedb3c2cb1596fe0bbb4997f8be9090523d930ac1a970c3818ae2ef4fe29aa4,CLEAR,DAYLIGHT,DRY,FOLLOWING TOO CLOSELY,2.0,19.0,4.0,4.0
000b26a07ed8ae6cb5f77c7fecbcca05055e57aeb2e636b040820376337de4c576b1fadd17c8b3bb434d2ba6a0ede16685a4985c35445df1b37a3b5d51021816,CLEAR,DAYLIGHT,DRY,FOLLOWING TOO CLOSELY,2.0,33.333333333333336,3.0,3.0
000b3d5fb4f8f1832119418f1be85405a3749321922ee373a9f15f7db60e126f18a9bd4507bff8b4c5a4cd6947400297921448db3e7ce94f4ca9a6bb72875ab3,CLOUDY/OVERCAST,DAYLIGHT,DRY,FOLLOWING TOO CLOSELY,2.0,39.5,2.0,2.0
000b7c059419a8c3ac5a8da1e2c8c84811fa58c006e5969b36f82fe45e40a6de9d2ef00df5f406a7c2d0e2b0ab35cf2d8d41886da0a1c3ae61ff7c8946cf6b04,CLEAR,"DARKNESS, LIGHTED ROAD",DRY,IMPROPER LANE USAGE,2.0,58.0,1.0,1.0
000bb60b876e1457d17589bcfa4e4fd9a3ed4ac1694946fb6ae5299b3acc0d173f41605b1d773fe8c8c34eaeec534a02ec2486ee3673f8903a61d834bcf89328,CLEAR,DAYLIGHT,DRY,FAILING TO YIELD RIGHT-OF-WAY,2.0,23.0,2.0,2.0
000bc0c75b604b142b1de7bb8e6c2f6391d370eb5ded9ecb9ce91059c6bbaa4777c97f9032503129547750dae8f1a809f1a48c9bc9b5fb2f924517018df56e1f,CLEAR,DUSK,DRY,IMPROPER LANE USAGE,2.0,60.0,2.0,2.0
000bfaeb494c4c0887767355773b5c2946cfab870e6afd68095c044486fe948539f5aa43bc2d5c2eb66893b598df1c721c088cd92dd36e3d16c0fdfdbe83f825,CLEAR,DAYLIGHT,DRY,FOLLOWING TOO CLOSELY,2.0,40.0,2.0,2.0
000c0961f58749f3526209cfef4a3119599573337afe4380aa0653e3b9e060f163fcb5bbfce585d7fe013c1bfc16cfc8291324c49614506158cee50c830f2fad,CLEAR,"DARKNESS, LIGHTED ROAD",SNOW OR SLUSH,DRIVING SKILLS/KNOWLEDGE/EXPERIENCE,2.0,37.0,2.0,2.0
000c1910dc5e9e2ce9a85bd9888d3b1e6b89cafb838625b5084f3cc3c465dd551e00e4c7d256b3ea0a04e47f148464532c2581e6db6a8f2ccf73faffaa371467,CLEAR,DAYLIGHT,DRY,DISTRACTION - FROM INSIDE VEHICLE,2.0,42.5,2.0,2.0
000c1be4ffb45d0d5ccc809ada14b78e8d7a86d34030b0c6f1a15e031c254c2bf6b5a865782655e4c56846cecbfb56ab798b992c3e40d2cb639335c7d29486f5,CLEAR,DAYLIGHT,WET,IMPROPER OVERTAKING/PASSING,2.0,32.0,3.0,3.0
000c2f85ebb48dea33d55635fb488fb9951c8fdbdfe4634886fa42e02b937a709a42015e4e12a65e1ed77b22bd7ce101bcc1c223d9efc53373bcf0e922e67ce8,CLOUDY/OVERCAST,DAYLIGHT,UNKNOWN,FAILING TO YIELD RIGHT-OF-WAY,2.0,31.5,2.0,2.0
000c4307d8e9b39075cffdd0aade3603e0f96f14e41da9eee259ec4975d55185c0c51bea918a1c5fb4520cec9c7a50ac442c1671a2d41eaf05442c3b34b9af5b,SNOW,DAYLIGHT,SNOW OR SLUSH,IMPROPER TURNING/NO SIGNAL,2.0,23.0,2.0,2.0
000c85a00ed4e010260e2f7103a99339be48463b051acf17787027632fe6cad9eceae277c155c73ef2c9d6e1b5f84a23616c1c5cfdf6a3f0b3d57f2f0317b70b,CLEAR,DAYLIGHT,DRY,FAILING TO YIELD RIGHT-OF-WAY,3.0,38.666666666666664,3.0,3.0
000c8ca12f499cd4bf8d53d08255f87802a8eea952649701af4389f9153083aa5d604fd9ab02b31dba8fd559d71b88149c200a808dd4dd8026a908cf07d38b89,CLEAR,DARKNESS,DRY,FAILING TO YIELD RIGHT-OF-WAY,2.0,50.5,2.0,2.0
000cc30da4460981c9c75c0525b036a5dd1756c88ec739f5ce305d8fcb690166db6a6ae176c1c73fd962c85e5345b507a52f31dd9566367d891b8bcfc60a5118,FOG/SMOKE/HAZE,"DARKNESS, LIGHTED ROAD",WET,"OPERATING VEHICLE IN ERRATIC, RECKLESS, CARELESS, NEGLIGENT OR AGGRESSIVE MANNER",3.0,29.75,4.0,4.0
000cca8b1c6f05e5927cad709b3220ac80894c548af7ad84d4cdc95e13a24e941f2fdbfde6499a19ac838ff5eee2592d649a696e747aa3c72b95eea6a8d3638c,CLEAR,DAYLIGHT,DRY,IMPROPER OVERTAKING/PASSING,2.0,52.5,2.0,2.0
000cd9ff5c7aa5448f9ed6058c7b3f6b8504d234fa5cb7c93e0da7d408536077785beffa17785adc270a477de2f8bad33427895b27e7e22f3c537f290c9195eb,CLEAR,DAYLIGHT,DRY,IMPROPER TURNING/NO SIGNAL,2.0,47.5,2.0,2.0