crash_record_id,weather_condition,lighting_condition,roadway_surface_cond,prim_contributory_cause,total_vehicles,avg_driver_age,total_people,total_injured
00158b5a2fe0f190a528b18d4478222a6e0ace87354837a28b35bd1e329b67e99a82c1fc85109f0767bed77b69a27080bd4ae99d8e0afe6c1f198592722c0078,CLEAR,DAYLIGHT,DRY,FAILING TO YIELD RIGHT-OF-WAY,2.0,42.0,2.0,2.0
001592b9d61bcd79b7d310e808d4325745a3972f75a040d5ee4ec7971a47dee48c01189625f88da1fcb29cb9df262b12e8ab2a28a241623f3382a22ba2a5586d,CLEAR,DAWN,DRY,FAILING TO YIELD RIGHT-OF-WAY,1.0,26.25,4.0,4.0
00159e1bdc3964cce75b4c9b948c4e4faf467563a89488da6934d162ec2b676b6c5c54362ecd2e0961036308b52c8d2d6a06bcd6c19c6499fa2079de561f6bc9,SNOW,DAYLIGHT,SNOW OR SLUSH,FAILING TO REDUCE SPEED TO AVOID CRASH,3.0,43.666666666666664,3.0,3.0
0015b298832609317ecacf7f32c9b68ad5928f413c6c6ea724cfab0c506a9663bd3e0a42acb9e506f43615a0d056d349997fc57226a066720e048dcd0b36bac9,CLEAR,DAYLIGHT,DRY,FAILING TO YIELD RIGHT-OF-WAY,2.0,22.0,2.0,2.0
0015c84f507c26a8260816233b291f54521443059a860bd78ed200a588062e6d3d616f899cd72654efa13783254a39b5d61f8c57c16b2895544f742ba9ed0b53,CLEAR,"DARKNESS, LIGHTED ROAD",DRY,DRIVING SKILLS/KNOWLEDGE/EXPERIENCE,2.0,28.0,2.0,2.0
0015cb577fc579258723174c563cef4a7171a30463913de52bdf92f5f09e82cf16746e36ad6974177457b3bfa997daab34b83454b88e27e5b0f7700ae326d2d8,CLEAR,"DARKNESS, LIGHTED ROAD",ICE,FAILING TO REDUCE SPEED TO AVOID CRASH,2.0,42.0,2.0,2.0
0015dc10846c7b4a9425f0305305b10d84a531e561be74c2e4eb05aa66c40fd630e0b07cfbd29b81cd6cba38aa3b557379d3a4a16600042516a07cfa0393c6e3,RAIN,DAYLIGHT,WET,FAILING TO YIELD RIGHT-OF-WAY,2.0,34.0,2.0,2.0
0015ffbec7d38e7a9cabe2147abb3e48a7ad5795aa80f3abc1a0cf8a3adb735df19775dfc1a911f08e6ec2a32e0fdb619bd40dec17d47d1d3eebe14fa0e7b530,CLEAR,DAYLIGHT,DRY,FOLLOWING TOO CLOSELY,2.0,37.5,1.0,1.0
001622fcb7e249545e930591fd054ea854d88ce8df88c6c35383f1fdbf16e63f32313c0ac8ddfe1ef60c77091d3a284b690514c7e6ff68114ec514bc7f127440,CLEAR,DAYLIGHT,DRY,IMPROPER OVERTAKING/PASSING,2.0,23.333333333333332,3.0,3.0
001628614d255a665689a84d8f82ba6b1e1ef024655314982abbc045d9928fc895b8a270af6d59dde80897a3a8a7729ee8e2dddeeee944e348d40b55661e6a9c,CLEAR,DAYLIGHT,WET,IMPROPER BACKING,2.0,22.0,2.0,2.0
00164b25d886d43e60c758ba47475128cecd4769a61923cb6586d33d7b28e1deef30e4a8de7d56291f25e9c2d59ba5257cb4e434d66e5357450151bd76b21b50,CLEAR,"DARKNESS, LIGHTED ROAD",DRY,"VISION OBSCURED (SIGNS, TREE LIMBS, BUILDINGS, ETC.)",2.0,72.0,1.0,1.0
0016501bf4d14470eac761649fe5dab0975fa254db4307c55ee72a218b820d3b7f10e5cc4dbe9d0863e04f30b3c7b63efe756688fb44cdc373b4d96ed3f8bfe4,CLEAR,DAYLIGHT,DRY,IMPROPER OVERTAKING/PASSING,2.0,30.0,1.0,1.0
00165e3fea98b6230c57cafd516143e835e53dc6e9054a9b3b5dbd5c5d95295e40a17b40b962c91520705a0ab4408c8181b0962391c3e664f82a0b4baa83d0bf,CLEAR,DAYLIGHT,DRY,IMPROPER LANE USAGE,3.0,36.25,5.0,5.0
001682556d50787d61b94f42ec0db78bda759c73f4ee822cf877c4b1beef2c8ebdd184feadf8494e8a9e036926c6101f72b1e3ab4f66304fc813410b330f4783,CLEAR,DAYLIGHT,DRY,FOLLOWING TOO CLOSELY,2.0,35.5,4.0,4.0
00168f2b5c3597e34097ed4ad5a63659efcd7123b5ec24c86d3c25473f846d930324ad2615b4717658b4de85d98b6413c04c874495a654365e2efea75a0a0186,CLEAR,"DARKNESS, LIGHTED ROAD",DRY,DRIVING SKILLS/KNOWLEDGE/EXPERIENCE,1.0,86.0,2.0,2.0
001699a0180fc8f2e71c083ce18c9e3108d136bbd242f97f76a9a3566bf74181c84eccf72cf8eebc1f95648445b3d0246f59535f027dbeeec2435e6adad83b07,CLOUDY/OVERCAST,"DARKNESS, LIGHTED ROAD",WET,FOLLOWING TOO CLOSELY,2.0,45.0,2.0,2.0
0016bb40ba8b0787772cf9297daef1df97d923789baeb34605a5bd40bb4b5cb3062e46b1290f82e3af9b88d63856289269e3c24e35d8113818080e43989b250b,CLEAR,DAYLIGHT,DRY,FAILING TO YIELD RIGHT-OF-WAY,2.0,24.666666666666668,3.0,3.0
0016c72ac766412d74072b0152feabecf6408e9f0d17927c8e23fe1e7e0f4a8cef76a45266546820782b73378dc0ca9712ad649cb7c15366835454b320268173,CLEAR,DAYLIGHT,DRY,"OPERATING VEHICLE IN ERRATIC, RECKLESS, CARELESS, NEGLIGENT OR AGGRESSIVE MANNER",2.0,53.0,2.0,2.0
00172222df24df3ccddd5ec2974f9d0abfc7da461000d5ce382a39804caa14692ca1e333ce1ed42b430fc0321efba607c387e9b06c29df95c42082844ba2a924,CLEAR,DAYLIGHT,SNOW OR SLUSH,FAILING TO REDUCE SPEED TO AVOID CRASH,2.0,58.0,1.0,1.0
0017341a6fbc8e88ea294396bc7d85cf27f750e1ad80220c4fdac35c52144990f7c90b0dace67d8aa0566812a9c1db268d61378659616e0631e8845de8d063e5,CLEAR,DAYLIGHT,DRY,IMPROPER TURNING/NO SIGNAL,2.0,61.0,3.0,3.0
0017350f13c9a3d7ce775459eafa612b25263c2678f2629851c61326888bbc4c214e2427322060df53f1ef535d7b4649b18c13786d2d114ac079fcd0ddb6c374,CLEAR,DAYLIGHT,DRY,DISREGARDING TRAFFIC SIGNALS,2.0,46.333333333333336,3.0,3.0
001746829d97ba09aa9f7357bfaa90e84ea2ed2e00c1842650720a16fc185fad420273d30ff66ba2e7380f897fcb57afccbb61285bc5ca74b9c845b53639fcfe,CLEAR,DAYLIGHT,DRY,IMPROPER TURNING/NO SIGNAL,2.0,34.0,2.0,2.0
00175c39c38781af7b8445476d3a64ec6cf0c680fe4ea05fbe0aaa096c287715bb2de9b44ce64faa49702b07ca9b00142703cad78c9676b07536d6a06defbbb6,CLEAR,DAYLIGHT,WET,DISREGARDING STOP SIGN,2.0,30.0,2.0,2.0
00176659cde104582c2935c39f43dabf92cce5d4d09de6313514edabdfc54302533d39310cad01daf4a60118cab297abe160070618ff914638a23849d3c5f780,UNKNOWN,DARKNESS,UNKNOWN,IMPROPER TURNING/NO SIGNAL,3.0,37.5,1.0,1.0
00176f71a0fb71391a669a063f01b52cdd0aca7f1916f8aa294b375709f04adbced2f9fe32a3d47975ab50ff4a1a4704d5fb5ba4ce003b0d40028bd00ec4ef6b,CLEAR,DAYLIGHT,DRY,FAILING TO YIELD RIGHT-OF-WAY,2.0,42.0,2.0,2.0
001770d16838cf2ae464c1272d7d8cd37bf047d9515f3cbd6f163478ed11fa3c77de1fad19c319b2eb482216cbdf8b717631d1aafc4fba8d921683182bf9856c,CLEAR,"DARKNESS, LIGHTED ROAD",DRY,FAILING TO YIELD RIGHT-OF-WAY,1.0,53.0,2.0,2.0
00178278d7395b53cc47944374bc175c1de7c74336428004318f8e8f725cd0898924d166f3662366f2534b4a6244fb679e51fd09d2ca84f2eebfaa3e1e909f36,SNOW,"DARKNESS, LIGHTED ROAD",SNOW OR SLUSH,WEATHER,1.0,36.0,1.0,1.0
0018060a9b6bdd028a8533ec2a5beb7238617bd037359864e88ddc31c19e5f74130cb7259578715851c43a4a02458be1d0f376d3c4dc3c61a722898d802d3e8e,CLEAR,DAYLIGHT,DRY,FAILING TO YIELD RIGHT-OF-WAY,2.0,78.0,3.0,3.0
0018219d6c93068b6928ba850e3dc37aeeb208af41bd926d7a682692aeaceda0a5376caeee3fbbe93cc9efd7aff1c3aba2f0d8e41b38fb74ef650589720882c7,CLEAR,"DARKNESS, LIGHTED ROAD",DRY,DRIVING ON WRONG SIDE/WRONG WAY,2.0,30.5,5.0,5.0
001856066b6c7b8c7b4388e718f0ef9e765452eb457e2ca3c4dd3c5817acd38f601ad43c4030c1c31b809a654262077ac9aa8cee16c988505e649f7027162670,CLEAR,DAYLIGHT,DRY,FAILING TO REDUCE SPEED TO AVOID CRASH,3.0,34.0,4.0,4.0
0018648995b16808a62b81dea158b958468989ec8072d6dc6428ea11826643b5ea661a0442896e731b779664dd9436c7bc8c148b8f0b7a7000c7eb8a7142b90f,CLEAR,DAYLIGHT,DRY,EQUIPMENT - VEHICLE CONDITION,3.0,63.0,1.0,1.0
00187f95ae34252780291d9e08aac137b3750e0880b0bb8a00a90bcf39a579458761b6eb0d59fccf0443e1677d5e3592cd195c28616e62657cad96049c241921,CLEAR,DAYLIGHT,DRY,DISTRACTION - FROM INSIDE VEHICLE,2.0,53.5,2.0,2.0
0018a3b4b43aade8eb5a275dfcbfa78a545222b761588bc82504636ab7f1b56a3604fc7a2d46c8f54c0f00221122df2cb3b335bc4db28dcec151b23728aa37e7,CLEAR,DAYLIGHT,DRY,FOLLOWING TOO CLOSELY,2.0,27.0,2.0,2.0
0018c78f42f525552dc20d9c5d48548b58bb368ea65b7af2bf585ab6cbe3e02c792d88678db866c1912e8bfe478b8a9311e0c47e0362e6a8d10b8a5344438f9b,RAIN,DAYLIGHT,WET,WEATHER,2.0,25.333333333333332,3.0,3.0
0018f5e3b253281ff63ad338e738705531861f3dad8387f3e0d2be9f4c9ad75f0d8f1ff77cb95fe7013771771d65d783a758799761ccc1c5f82ae1f7e416859e,RAIN,DUSK,WET,FAILING TO YIELD RIGHT-OF-WAY,2.0,28.666666666666668,3.0,3.0
0019029e0d72160e3647acf0f7cb8e40dbeb8e16d1eb175f3f6b216eb07be561f071c83fcf410a5fa10ddf5ebba433c709f525ee51e702e8522a604ac4c83c30,CLEAR,DAWN,DRY,DISTRACTION - FROM OUTSIDE VEHICLE,3.0,32.0,1.0,1.0
001910f9b69f41725e9fc98df2d4061cc1b801736e7bbd3cb09acbc8aa5e8f783dd18be1661fedae5092789a1ffb2f8b885853b9a2efb576d3a8475b9a2ae501,CLEAR,DAYLIGHT,DRY,FAILING TO YIELD RIGHT-OF-WAY,2.0,14.857142857142858,7.0,7.0
001974bffb406954347e729cf2ee52ab5e2da4eebdbf74c2b7e7d6aebde71d8534c167ec4ebe55d05d662cbf35961d4aa86d9a92cecaffd4415692e9c2a25483,CLOUDY/OVERCAST,DUSK,DRY,DISREGARDING STOP SIGN,2.0,29.333333333333332,3.0,3.0
00197f7787e6bbf849952fed828a3d589aaf6d799942a0d2a641ec84c0cb94b902c683f0e5cc4ea4121f8d8d590ea93d7ce86575032fead1eb4d721cc4bae92c,CLOUDY/OVERCAST,DAYLIGHT,DRY,IMPROPER BACKING,2.0,43.0,3.0,3.0
001996e80eff04f2a492e8b41ceceb5e453d9cfd3bf25b0eba926f560e1fe9f5bf0eac3ecbc83489a421d17e3fd25b24a8ef9cf93f60b4dae95188a23c39b3a9,RAIN,DARKNESS,WET,FOLLOWING TOO CLOSELY,2.0,48.0,2.0,2.0
0019a0574dcde09cb937027cedd4cc15eddedce8062b4efd25f6745ee711da64ff883f44bcf45b667069411e9c9e94d206f95b8fb8c27a75ed80b1d8b91ca672,CLEAR,DAYLIGHT,DRY,FAILING TO YIELD RIGHT-OF-WAY,2.0,52.0,3.0,3.0
0019a756f0a0efa47ffa10b172a812d7431e420343e6c713eb721624553ab9ce8f9e3b7c341b085716f50b25274445ef5c9490f6c1dd7ea5864d0fc46e6fed5a,RAIN,DUSK,WET,EXCEEDING SAFE SPEED FOR CONDITIONS,2.0,29.0,3.0,3.0
0019f8bf0b9ee724b288c00abf9795787dabb65d732cc31bb0101190419925c2eb2ec4785be6d5feadabd09c4652a4b538abf051b6d40cf9f4ab66f2f189ac36,CLEAR,DAYLIGHT,DRY,FAILING TO REDUCE SPEED TO AVOID CRASH,2.0,40.0,2.0,2.0
001a00d99ed6394a0a99911e6db9994b1bea9e96c32cd534776c4b2f21756b3c117b870be7e361ea045d61428d983e5de6e92e5a9b0a59f30fc7055a23d3b565,CLEAR,DAYLIGHT,DRY,"OPERATING VEHICLE IN ERRATIC, RECKLESS, CARELESS, NEGLIGENT OR AGGRESSIVE MANNER",1.0,29.5,2.0,2.0
001a0e1fa3fa8958d5fdc76b3e18495938abc819a9452bb621039865c4ea6111d98b3255de91f123cf82d53880c95ab7ae51497992775296c661d4cc54436eb9,CLEAR,DAYLIGHT,DRY,IMPROPER LANE USAGE,2.0,35.5,2.0,2.0
001a2efc20b2f36679d827d3215b2db3612a670684511a44a15202fd3410e613e2e54e6519868fdfcc848570ff83c6bfe98565ad14a5c306e5b6be98ad1e0ca5,CLEAR,"DARKNESS, LIGHTED ROAD",DRY,IMPROPER LANE USAGE,2.0,35.666666666666664,3.0,3.0
001a5001398d831a012c8079f31da44b888dc3ec8f76a1ee3117a3a27dfece3f525053fc8c2a5542d7ce11baf8bc7345950e25e2d83a819dbcaa7dbf0031d3c1,CLEAR,DAYLIGHT,DRY,IMPROPER TURNING/NO SIGNAL,2.0,28.5,5.0,5.0
001a6aeecd9eaf9d2bc1d256e94c7f8c47f0719fb97c34d0c546abb3c2d3343886d96bc943f5626440e3ab90a93822083fd25da4c35b43696506a1ec1ce4be7f,RAIN,DUSK,WET,WEATHER,2.0,28.333333333333332,3.0,3.0
001a727c366339bd71f25f67db0d2bce313049fa88b3ab2d54b016c1dbb7bc35a7426b049102458ad2d8d5b9e0fa38b21f1e859c1182826f0b3328987083d5ca,CLEAR,DAYLIGHT,DRY,DRIVING SKILLS/KNOWLEDGE/EXPERIENCE,2.0,61.0,2.0,2.0
001ae7471360ec7b5ba258e2a8d6a41e8637c6967c85c82cf84c04811f23e7132589bac82218d5e55e6c6a6210ff0301285130488f30b7a3a10338e03e6f30a4,CLEAR,DAYLIGHT,DRY,FAILING TO REDUCE SPEED TO AVOID CRASH,2.0,14.8,5.0,5.0
001afb4389585b1edfcb3f6db0b352f1eec9d84e82ff61477d5c5af9126af34177ad495c50e5d5fd46cc389c9829593f3e9db17f67e4f8fa4125a8bbb54b20d4,UNKNOWN,DAYLIGHT,WET,FOLLOWING TOO CLOSELY,2.0,32.0,2.0,2.0
001b2d29b7f8804e14e75b1dbec0c8134789048f4ddbecc9de0ed5834720b8973588c31b8a6f33801748565d47e287678716642817c9116ab50d18e1c1065a32,CLEAR,DAYLIGHT,DRY,FOLLOWING TOO CLOSELY,3.0,48.0,3.0,3.0
001b31091208be2f91b7443fcc0c0de0fe1eb006e0cc9cce4c4930e22233f91280ccf87bb4c3748420eb00d2fee3b3c00bfd15925005d016c775acf66b9d6007,CLEAR,DAYLIGHT,DRY,IMPROPER BACKING,2.0,30.0,3.0,3.0
001b81053e1c6d1e02331ce7cce9908a1b2bb241575db7b3314716a0b77e0583c708ad1a531ff508fe2ad4cbe9e74887553a8398d730a21625fd71b6829f671b,CLEAR,DAYLIGHT,UNKNOWN,IMPROPER LANE USAGE,2.0,37.5,2.0,2.0
001b83d2ce683c75a08cb8ca3ddfc46a4d04faaf27dbab6a964052ce6747538b60ad355c47d0617219bf892f0cbd16c46ed865df864496a972358f2a906d13a9,CLEAR,DAYLIGHT,DRY,FAILING TO REDUCE SPEED TO AVOID CRASH,2.0,61.0,2.0,2.0
001b94b54f54b6160817aa4390b3b68dd9e4a2c2165b4f7a23793e3bb90f18f5523473f0ae33744dda776c12090ca30b0649f2f3dafc28c64ce9efbd2c188b21,CLOUDY/OVERCAST,DAYLIGHT,WET,IMPROPER OVERTAKING/PASSING,2.0,23.7,11.0,11.0
001ba54df1f45122a05c8bb9c63f1081e9619ac4cf78fe5c6f1378240dd501ba533a8815d15e79cfe31beaf8f8b18d97c81ae28852f483cf80d63b3a5bc0472a,CLEAR,"DARKNESS, LIGHTED ROAD",DRY,DISTRACTION - FROM INSIDE VEHICLE,2.0,37.5,2.0,2.0
001ba9103707043c033ec179f671dfcc81a841a2313ccd093ccc045793069297c58d0bc640e37c19fbef927f9affea6e7ebc1d7651a920fefdc73775239e45b8,CLEAR,DAYLIGHT,DRY,FAILING TO YIELD RIGHT-OF-WAY,1.0,21.0,2.0,2.0
001bd955fa27f637826524186b8aa7890829e6668b10bd9cf2240558670c73bb8a9b844d389dab34e558af5e8fd002f3291591b045d27858f3d599aa8c0b92ef,CLEAR,UNKNOWN,DRY,FAILING TO YIELD RIGHT-OF-WAY,2.0,53.0,2.0,2.0
001bec2a6b9fe4a6dbaa1a5bba8fa40d2c569cccaf71a8bb7e089438cea5ef7c158b23f0e07939b40955c111ce2af1f37accd7302a5befb29223c09b5de70398,CLEAR,"DARKNESS, LIGHTED ROAD",DRY,IMPROPER OVERTAKING/PASSING,2.0,46.5,2.0,2.0
001bfb1a6f57d47871607fa90d176a9b74196e1c61b39aa089109fe8738e46f2fce60c32a417e8bbc0c1f9f1b3747312564afae566a61905eea7c35d13e46a7d,RAIN,DAYLIGHT,WET,IMPROPER OVERTAKING/PASSING,2.0,29.5,2.0,2.0
001c1dea477ff3f4c787493490b29a7b2fc9e7adb3fdc6a36bb2d8f7ea9debaa6a20b7d9a455866c387eae1dfdd9b1a547d084f0e7cc668203c104d9aa3af697,CLOUDY/OVERCAST,DAYLIGHT,DRY,IMPROPER LANE USAGE,2.0,27.0,1.0,1.0
001c2563534e2a68f77570a8e10e443fb98e235e4805780d39c2200fe60edb732d9525043299dad16baeba01258656fdef74464c5226c75ac88027fa039c353d,CLEAR,DAYLIGHT,UNKNOWN,IMPROPER LANE USAGE,2.0,27.0,2.0,2.0
001c269e8f92ea9f6e2dcbe46b8bf2402cdc6839ff8e0d2f64231c05af949b892b8f0d632c1d11782bb663921aaba2dcbaa3708d045aa5f61a0ff3da7d91fff0,CLEAR,DAYLIGHT,DRY,FOLLOWING TOO CLOSELY,2.0,33.5,2.0,2.0
001c4edc23a0418e83207b0390e8c067d5ae6b9cc180dd5e07a0dc1f749fadbec715fa7637ad5def26fa6cd66529d3cb06af3babb5c19d47fe16f06169ba3a68,CLEAR,"DARKNESS, LIGHTED ROAD",DRY,DRIVING SKILLS/KNOWLEDGE/EXPERIENCE,1.0,28.0,1.0,1.0
001c615e9e09af19737fac01befe1036f7398e7d5983282c7dca0a8df54c26688c1cb98679c891ee4aabdb65d01d7e77eae90b32f8b7728d64e41fde4222b2ce,CLEAR,DAWN,DRY,IMPROPER OVERTAKING/PASSING,2.0,43.0,2.0,2.0
001c8a613d89ae0e4ae072fd268f19e009684b1a694f0c9ec458e82b6c2fbe99f8970a30e269ae958a3dcee8420ad8305fd24e5a164dd5cb0aa322834c6a84d8,CLEAR,DAWN,DRY,FAILING TO YIELD RIGHT-OF-WAY,2.0,31.0,2.0,2.0
001c960c3284c9b9884dc18df82e7c68bd42c97de795ae94a29963ae546dc7ee600bc523bc55b60c602fd7015d7756147cfcd420eb994558156772417fad8618,RAIN,DAYLIGHT,WET,WEATHER,1.0,30.0,1.0,1.0
001ce1007fbf7c187a92e316cee7251d3e7ddadaf5b18c9c4d9b1c7c95aeba46d1443164c9fd2677421ad812d53da6ca73e6449edf4ef56bdbb16ef44616acfd,SNOW,DUSK,SNOW OR SLUSH,"VISION OBSCURED (SIGNS, TREE LIMBS, BUILDINGS, ETC.)",2.0,53.5,2.0,2.0
001cf150b3b8ec24ca8bf28a321720edaa9505fc63bc18896bbb5688c637f6bf9f46f03e1164150d43d6a96707c288e6c00f7149e413ca365561e60f3253bceb,CLOUDY/OVERCAST,DAYLIGHT,DRY,FAILING TO YIELD RIGHT-OF-WAY,2.0,29.0,4.0,4.0
001cf1c60bd498efc752418fc3ebe4730a187362aa5cffadaf42afb0d8171285fb489f9aec114376531bd636ec3d2b6a4460451858250651427aec7c307c5659,CLEAR,DAYLIGHT,DRY,FOLLOWING TOO CLOSELY,2.0,53.0,2.0,2.0
001cfd9a25aa67355e03a65e7a410e25a1100d6ab9a2da3aa7de035f0cc2430b5e85acf0d0d168fce077cc968ba5b9dcff87120a61ae322cd0119b0ee45144d7,CLOUDY/OVERCAST,DAYLIGHT,DRY,FAILING TO REDUCE SPEED TO AVOID CRASH,2.0,21.0,3.0,3.0
001d06f559c6bcc01715166788392d5f080a480dbd3ef37a7bcb6574a82d7dffb98e57341b9e570bb6a04e9422c5fea4cf9caa151975ea8538639594967dcbe5,CLEAR,DAYLIGHT,DRY,FAILING TO YIELD RIGHT-OF-WAY,2.0,41.0,2.0,2.0
001d0bf3bf518c4f6a64b15e762c4350442f1b0669f36caebf1331a4cbab58524895254f938144d0c8308df6ea23b41c3fe3b910bbc1c4bac63ce2d5f24ad36c,CLEAR,DAYLIGHT,DRY,FAILING TO YIELD RIGHT-OF-WAY,2.0,35.0,3.0,3.0
001d1750bef16153e147b1a3acb6b6c77582130f34a6361db96591a6ec45cc3dd46437f90c7204e88b479f3a8a6668b5ff517517d4df18352129fb4912b3f574,CLEAR,DAYLIGHT,DRY,FOLLOWING TOO CLOSELY,2.0,40.0,2.0,2.0
001d2dd12a8b1ab6bf803e0ed5b2e78695262e11fdd0a6e800ea9616fccd0856974af62b5e0b0ae4e700698c9137a43312d82f18225486a7503ef3091d8c11ac,CLEAR,DAYLIGHT,DRY,IMPROPER OVERTAKING/PASSING,2.0,38.5,4.0,4.0
001d585533ee63bffdff2e4509ccc4e3b1d7c624bb3eb165ee5358a50bd76f62417a8b5704a3a35275b3c641c6db042286b86719774b54b3446028e525718e94,CLEAR,DAYLIGHT,DRY,IMPROPER OVERTAKING/PASSING,2.0,79.0,2.0,2.0
001d689dfb54c962e859c2043db8713336f985bf2d81fae440c80c03c1817429563bc8e4d21e31af6d6121e606eff4e292f49ff4ef450c0f759b1f8549e4269e,UNKNOWN,UNKNOWN,UNKNOWN,FAILING TO YIELD RIGHT-OF-WAY,2.0,42.5,2.0,2.0
001d7e4962d241b76e64113fdcc4709f2dc49ae0a706679f5f3c4bbd880d09f2a805ff42df2df41a8160c81d5a309587eb2b2780aeb0d8aadafd340bf1c61176,CLEAR,DAYLIGHT,DRY,FAILING TO YIELD RIGHT-OF-WAY,2.0,35.75,4.0,4.0
001d8320106e5163d692a59571f7ce3fad53f3de3088a2c745056014d208442cde6c2dd1c975f85b1cc1267878b974d59bac28a23a914552793c1d9387376af8,CLEAR,"DARKNESS, LIGHTED ROAD",DRY,DRIVING SKILLS/KNOWLEDGE/EXPERIENCE,4.0,30.0,2.0,2.0
001df9e8105a03c25371da6adcc5af32423e1d142b6e4438cbc18466a3046f2e5b1f9d2be1744cf166bbd96ac6e173f6b2e766a2f949d47aca2f1e23414b9ed7,CLEAR,DAYLIGHT,DRY,FAILING TO YIELD RIGHT-OF-WAY,2.0,24.5,2.0,2.0
001e12609ff003762c79bffe5aaa87acc65235abfaf6c9fd4b1101579ce8d4f2f57dbffc6b9635a065d02b4e9e7f167ce5566079a93714768f6864cb7ab04c5a,RAIN,DAYLIGHT,WET,FAILING TO REDUCE SPEED TO AVOID CRASH,2.0,41.0,2.0,2.0
001e174f1d5424736f4032fcc39520a5bdb81dec480227d62b1085827bc6b2004266f9d46deed1e18e33c347f93c0ca5d076238f7b8d3eff32b15af95bd222db,RAIN,"DARKNESS, LIGHTED ROAD",WET,ROAD ENGINEERING/SURFACE/MARKING DEFECTS,1.0,52.0,1.0,1.0
001e38d4a8511e2334fe1588e3e7177c2592cc20776bee624ca41b4e5f67ec137124e726d14fb4b0b5ed740cd55edf064cf1ba34ae390336ed6056d930e111bc,CLEAR,DAYLIGHT,DRY,IMPROPER BACKING,2.0,29.0,1.0,1.0
001e4e39f01ec14aa527afcaba8dc822e59fec3156f046c8fb53184b97fa004ad75a707bf5571651698f39ec7339f2d659a074014025368d8b5b5d635a62c097,CLEAR,DAYLIGHT,DRY,FAILING TO YIELD RIGHT-OF-WAY,2.0,33.0,2.0,2.0
001e5dd42b3d8236fb3b07366a4a46351ea671ea83de90ec4a9ae718219c1ef0ffe431614ddaf2731162d5de9c717c9c78726bb4284ff0cc5169f2354bb8bf0c,CLEAR,DARKNESS,DRY,IMPROPER OVERTAKING/PASSING,2.0,37.5,2.0,2.0
001e7652711c907b8db6b6cf393d709cc1d773066ffe86e4a8d32f21c5e29e60fffbd98720cf995809f1faa7697e40d7877dcc76f661420f869e5bf59629f7be,CLEAR,"DARKNESS, LIGHTED ROAD",WET,DISREGARDING TRAFFIC SIGNALS,2.0,24.25,4.0,4.0
001e7f16497fc2c400e93041b9f72c54ea9803ec4c817f19d9fecca72582c1c24bfd7b8a79e53338cec3c997fdeee32b03801442c29d43841e8ff7cceeb726a2,CLEAR,DAYLIGHT,DRY,IMPROPER OVERTAKING/PASSING,2.0,19.666666666666668,4.0,4.0
001e8daed25b85c133a7c281e79c7db9954fd11b304e35decb5fc5820d73c2e20a71c8a402041b7cbac5c00bc065fb5d97a2bf2df53ab5658dd3c2146464c3a5,CLEAR,DAYLIGHT,DRY,FAILING TO REDUCE SPEED TO AVOID CRASH,2.0,59.0,3.0,3.0
001e95f7a1bb1f974b89002c4828dedfbaa4f013e612749ca38b7c005872a43c42796d4d97993faaa111d93de287ad6716dffe2ab04ec4429e6158f805d610fb,CLEAR,DAYLIGHT,DRY,FOLLOWING TOO CLOSELY,2.0,31.0,2.0,2.0
001ea0a85e20ea2ad0b784b011fbb6a7fc750ca5e1915f77c66a53ae8154f2e8bf8283b16a550cf1401d39758d25f2768a8803f93c30dbceeb2e035cc0848e61,CLEAR,DAYLIGHT,DRY,FOLLOWING TOO CLOSELY,2.0,57.0,2.0,2.0
001ed102845a3b3bba8cbcca9c8109872afed9a1619f27c16cc67fd0c74a601c5d750c4138383959e25b8154d1fa8902f6e223d5cfdaecca876e59a00567b3f6,RAIN,DAYLIGHT,WET,FOLLOWING TOO CLOSELY,2.0,42.0,2.0,2.0
001edb1e7015998cb989bec34e26cce70af054b489abb9f04b7b7c02c363b3ce29ae591752e1f514b28951f2979f04d9c5e2bedae6bc65fb64b8c39ea59a3959,CLEAR,"DARKNESS, LIGHTED ROAD",DRY,UNDER THE INFLUENCE OF ALCOHOL/DRUGS (USE WHEN ARREST IS EFFECTED),1.0,35.0,1.0,1.0
001ee20918de418aa881d85d2db7c892491935bd398c6950f60ee1c3fd5cc4cd7f3aa8c7624ec06185fb5ade26193e67fe2c4939c01ba1c3eb4c80720d15fc0f,CLEAR,DARKNESS,DRY,FAILING TO REDUCE SPEED TO AVOID CRASH,2.0,24.0,2.0,2.0
001eecabb8448be837995caca46a221c62245ece1ad580ef77e572be61a030bb614fb67f69f0add17e5e043d4034a88b1cca656c0de307853e7cae281e222a8c,FOG/SMOKE/HAZE,DAYLIGHT,WET,FOLLOWING TOO CLOSELY,2.0,36.0,2.0,2.0
001f107c69ba37793fe311f667bd493c4e9870448f47ccd847a1d4a1579dcddf7cb0f6a99a16abb2213177fa00e0977fe7c3421af47946e1499203489601496b,CLEAR,DAYLIGHT,DRY,FOLLOWING TOO CLOSELY,2.0,28.0,2.0,2.0
001f4a31853a6085b9c079bc9cc76dbff38aa2a5cd0ddfe67e9e3c0188fa71f46c894ca1cf0a6b01fe303042fd37add965b443e2be33c14797c2190f23a49f95,CLEAR,DAYLIGHT,DRY,FOLLOWING TOO CLOSELY,2.0,24.0,2.0,2.0