crash_record_id,weather_condition,lighting_condition,roadway_surface_cond,prim_contributory_cause,total_vehicles,avg_driver_age,total_people,total_injured
001f638ce1fc5ff4696124c72da8af635884ff90b3a009edfa4f7e40dc7f5a721a80a9d5c933c9b2bf7335ad3d5346a0db08b8710263aed0b385bbbefd43b813,CLEAR,DARKNESS,DRY,FAILING TO REDUCE SPEED TO AVOID CRASH,2.0,22.5,2.0,2.0
001f985525c0378273a2c7c87d8945581bb0ed249aee8f525423e92ef13bea26e825bc701b387b179784d7cc9d8f0fc2cc352cba6f6415a60fe512ae7b094c5b,CLEAR,DAYLIGHT,DRY,IMPROPER OVERTAKING/PASSING,2.0,44.5,6.0,6.0
001fdb963a29e520d136bf04957bfc797e43d54419c8d37f59c2af578d2bc23fdf522375546728f85c7aa57bcb4ce3bd6400a5d7eb8afbac523dc9e51ef94ca0,CLEAR,DAYLIGHT,DRY,FOLLOWING TOO CLOSELY,2.0,46.0,2.0,2.0
00202b0219894bf9d35c4496d6af445aa9ebd3fb2343f8153ff30c6c071e22037ce8ebfcf84334ffff384b0c81f04e3da3331b182e4dc2b9f9c073012f6f2e17,CLEAR,DUSK,DRY,FAILING TO REDUCE SPEED TO AVOID CRASH,2.0,54.0,3.0,3.0
00202fccd6aceb9ded686ea04eccdafdc959b07e4911542c3acc39d4e49081e80c67ff0d6d7f97e6779873456d21ea3befc192113bb70f0b9d470a7f18d1b6e9,SNOW,DAYLIGHT,WET,FAILING TO YIELD RIGHT-OF-WAY,1.0,52.5,4.0,4.0
00205d7a22db2efaf64c78623f6bcc3ffe92c19e39c3475bcf258577b6844eae465ea315abed5e179597aa306a3703c90e3a6d739e1d09691b7a1c15e25ad12c,CLEAR,DAYLIGHT,DRY,DISREGARDING TRAFFIC SIGNALS,2.0,48.0,2.0,2.0
00208afac66833850af056048d624559b7978c2ef63145aeb2b7ae5cf3fe1e1303b082de3ea880689c1da4b09963f44d2c5bd07728757f05b9cf15b4a42b045b,CLEAR,DAYLIGHT,DRY,RELATED TO BUS STOP,2.0,63.666666666666664,4.0,4.0
0020b7bfd6112e1b09f78ae508cdb730e6baa5ce85c6224c18a08c09e36fa9c773b3338c4173017707b68fda520a0fc1e0e4b6c4313bec5775b8d7e696fcc50c,CLEAR,DAYLIGHT,DRY,FOLLOWING TOO CLOSELY,2.0,44.0,2.0,2.0
0020e06bdfecaa2775b2a3ab4a17430095118e53d0b9d6ca343ff0c3d9c42ddead41f63a5d574363443dbd939bc99fddfd74f9d48fc36c1c3149f8b85e66772f,CLEAR,DAYLIGHT,DRY,IMPROPER BACKING,2.0,55.5,7.0,7.0
0020f268f5b1d372db14faad4c12e80f490364d24dffde84a5992afaf43be95465b859941bc46c4c8d6fe61d20fc0ee0c0d8db429b137b1d8e55bea14d5399d4,CLEAR,DARKNESS,DRY,"VISION OBSCURED (SIGNS, TREE LIMBS, BUILDINGS, ETC.)",1.0,33.333333333333336,3.0,3.0
002102704a224edb74c804cd1138a2cf0c6db034481a574597faf769fd1e634f79bc23a72a833631374ddfdf88e4ec03a410ca65a67f6c9bbebc5e100a8ff1c8,CLEAR,DAYLIGHT,DRY,FAILING TO YIELD RIGHT-OF-WAY,2.0,53.5,2.0,2.0
0021992361f7dcdf6a714ef3cc05f8d57216dcedea60e1049e083d26d0604405adf9943c43085f42d915daa4aa4a09b466483f67fe62b3de73106b4e1b44ce38,CLEAR,DAYLIGHT,DRY,FAILING TO YIELD RIGHT-OF-WAY,2.0,57.5,2.0,2.0
00219bdfe50dd1397738521f1a41ae6a1f41644ff77f3b70b8d5fcaacaed5c6c5829af2cc1e879d6009b5f5d00e956c1798b4947cc75a5fdc4248a915bc4d75e,CLEAR,DAYLIGHT,DRY,FAILING TO YIELD RIGHT-OF-WAY,2.0,56.5,2.0,2.0
0021ce6b258ac2263948ac743204f1d2509ded9ed242038929fee280da291101fe617caf4299c8fb6aaed6fe909ca376665126f63986f4c09cfafb976d76d8d0,CLEAR,"DARKNESS, LIGHTED ROAD",DRY,FAILING TO REDUCE SPEED TO AVOID CRASH,2.0,48.5,6.0,6.0
00220521e94572039dcdc0514b1b45083f0d6b479a082a1887608b0bbadb9f0ed194a1b1226292d9f7b3eda067688f52bcfb2ef185fd7c97cc7c6bcadc3908de,CLEAR,"DARKNESS, LIGHTED ROAD",DRY,FAILING TO YIELD RIGHT-OF-WAY,2.0,44.0,2.0,2.0
0022062464d7dee569a1075b0df0ec49e8abf5d8c94dc45ebfbc54f55fafa465aeea8ffa8283aed687384b80afaf21204bc240dbc318c55484e4b7ca7f5e9c4c,CLEAR,"DARKNESS, LIGHTED ROAD",SNOW OR SLUSH,IMPROPER BACKING,2.0,24.0,2.0,2.0
00220e8d003647e69ec398cbb0752465f1b160d1518e00ec5b8e05f6bb63ed892e4dd6af601f690282f4075c76dbbb02021f3fc09fa066f4f3122ced95d96dab,CLEAR,DAYLIGHT,DRY,FAILING TO YIELD RIGHT-OF-WAY,2.0,33.0,2.0,2.0
002212642315188f3f9176a8671bfc7747418d888e32fea0d21344a481ac1a8d9a59108a0923f7804da9dd0d278dd38ea4c4ab60468c95eb39678558aacd3f20,SNOW,"DARKNESS, LIGHTED ROAD",SNOW OR SLUSH,WEATHER,2.0,39.0,2.0,2.0
0022373386061dcab63cc1ac1d9ef56419a8090c014467495acfc4f57b8f08d83fdfdd1fb4c94a329396a6386a7c0bbf5498ed39a34c3aab118ed8bc88c03081,CLEAR,DAYLIGHT,DRY,IMPROPER TURNING/NO SIGNAL,2.0,38.5,2.0,2.0
002278f25215e8cb7fada91f55e392b0a00e9b88bdacea7d9d195d04c8ce0444b718c0b238aaf728389ba5a154a53fc921eef8a373054c8882bee19a80a7f84e,CLEAR,DAYLIGHT,DRY,IMPROPER LANE USAGE,2.0,54.0,2.0,2.0
002298d3aecf6d65f7557ae9698807446a497d6e28f8600afc77bda27964df202951836f5b08e72322ce997fe70e9c3b8cd34f70171c049b46c55fb5e7300185,CLEAR,DUSK,DRY,FAILING TO YIELD RIGHT-OF-WAY,2.0,33.333333333333336,3.0,3.0
0022a6cd494af60264c253a9a468302e4a1386216271717feba4c804722d551a5add24eb4b1a0ba4930abae334d4f4bea581a751a128d8c66176549226e07f88,RAIN,"DARKNESS, LIGHTED ROAD",WET,"OPERATING VEHICLE IN ERRATIC, RECKLESS, CARELESS, NEGLIGENT OR AGGRESSIVE MANNER",1.0,25.0,1.0,1.0
0022ba9444aa8d6d18088f28a1eb595f18788c2021dcaf77c9bc6d19b56180dc01c63e7dcc6cfda6d91d8c22804c3e46ffc223c58b5327d73256beda5a25ec90,CLEAR,DAYLIGHT,DRY,DRIVING SKILLS/KNOWLEDGE/EXPERIENCE,2.0,37.5,1.0,1.0
0022bd9e7ef575ad72cb5a91fba489e5507e79a01ad0d4b48849d70d33f3963d641e14e5c1847f60a28aac64463079cec5336177deef3b815954005e79c50a3c,CLEAR,DAYLIGHT,DRY,DRIVING ON WRONG SIDE/WRONG WAY,2.0,24.0,2.0,2.0
0022bfe4e7594a6aca4c2ffcd7f0e4a14cc0315a18f470d97ab18fa800bafbf6ede9dc90582cc2cd505cf9badc62f0a0395e6629aa620f67e3ae0c62ecf64802,CLEAR,DAYLIGHT,DRY,IMPROPER LANE USAGE,2.0,57.0,2.0,2.0
0022c6431d6b0262c5225e23ab009be894e013c757e892cacb03836d3b3c86714a4f91a674091c481f7dc11d12820437169af9f12a50102182e44f516d0c69fe,CLEAR,"DARKNESS, LIGHTED ROAD",DRY,DISREGARDING STOP SIGN,2.0,28.0,2.0,2.0
0022c868147aa7fe642ff016ee711ebf5aa664c792da685be3feb5b06b572c6467832be94caaff5ec03da558fc1246f94e0b40382ba05ff983ca1fb30281abbc,CLEAR,DAYLIGHT,DRY,IMPROPER OVERTAKING/PASSING,2.0,50.0,3.0,3.0
0023255f1b4514445eb1833526d7fc4472943bb1e89a11590a7bebf570917147a800ef4516e695e8b386f4742c443662fc4ecb533ef17a05baed7bcc0185d8e8,OTHER,"DARKNESS, LIGHTED ROAD",OTHER,DISREGARDING ROAD MARKINGS,1.0,40.0,2.0,2.0
00233279b931e8863ceeb1159026bd8e036a825f5f954f1db78c6102e4ee1e0a8f10d2c5618f730a9134794c5eed97aca6eade1fa68da8f8ecd2f9491dbe18f7,CLEAR,DAYLIGHT,DRY,IMPROPER LANE USAGE,2.0,52.0,3.0,3.0
00236b5410fbbec557cb245676461ec5833f23134a207eb27c20b4598a1a13040a958645b9710f7b551dee70ec3e2804c205f4c623fe9ddc5e56a1cbfbe34866,CLEAR,DAYLIGHT,DRY,IMPROPER OVERTAKING/PASSING,2.0,39.0,2.0,2.0
0023721ec0730496f501ef92c2c9ff16e210d0ff6bcfbff63b1c2cc9100afb6e94c63ddbbc82cb6ffd2575d53536f3d0d9eb52d6b51de36ad8eee9f386ddad3e,CLEAR,DAYLIGHT,DRY,FAILING TO YIELD RIGHT-OF-WAY,1.0,53.5,2.0,2.0
0023733334ac5f44f0a30a8c0c916cf701f938508678dde3bdd07bd7ffeaab45f7934ed1c6a4e4a7b5dc945581521a998b74d6472760fc2b7f07519a06285da8,SNOW,"DARKNESS, LIGHTED ROAD",SNOW OR SLUSH,WEATHER,1.0,37.5,1.0,1.0
00239983e1ed6d5bd4a31e82acd121fbbc13f5ccd3a0a8034b33de216ce8860372dcda3f1790b63acb1b6f740a10b5fea171da32db6364579e402e40eab04373,CLEAR,DAYLIGHT,DRY,IMPROPER OVERTAKING/PASSING,2.0,48.5,4.0,4.0
0023ab2a71ed8dcb806bc30e00d82924eddb0d13435696b0dfad348818c476f148c0af8ca5db5b188ab4b1b3f50874b64d5e1722c8ca37c806cbf7df9d642193,CLEAR,DAYLIGHT,DRY,FOLLOWING TOO CLOSELY,2.0,31.5,2.0,2.0
0023be9dea0a9ea158b670569261849a90f46cd67cbaf3a368cebedf9ca1f3db0580eac3435f359dc2c4e80e9df7fa99fffa3c3f217f59aeaba43472a6221af8,RAIN,DAYLIGHT,WET,IMPROPER TURNING/NO SIGNAL,2.0,57.0,2.0,2.0
0023ceba30bfb72ebe36aee9ab60cfee33dc229b937d8a538201fb460807a8689ba83ccc6980981b7d8441717791a8df1eca5ea199a6b0a1c3dcae441f013b0f,RAIN,DAYLIGHT,WET,FAILING TO YIELD RIGHT-OF-WAY,3.0,73.5,2.0,2.0
0023df1d0a1bb8c3bb728e80c124ea66c68e9a005d6dbcb26133e13d89aa9d2858658c003f3428bc8833aaa52191316839219e8f7b28e83b0a90ec2459c844ab,CLEAR,DAYLIGHT,DRY,DISTRACTION - FROM OUTSIDE VEHICLE,2.0,22.0,1.0,1.0
0023f94c7477d2bcad4b9c6ef6b39fc78f2ee27ad9b9631acf7741d9be62007d4dbb27037431dac30188f315d36d41073ca9aea094428de4b2101206e1bbd6a6,CLEAR,DAYLIGHT,DRY,DISTRACTION - FROM INSIDE VEHICLE,3.0,49.4,6.0,6.0
002449645471ab43ce207e0a5639983c102086b1779d1e1167dd9e3706da9be9ec17587b60f3f68ac578de28819040dccca6651d2d625f84bb26186e0ec2ad3d,CLEAR,DAYLIGHT,DRY,"OPERATING VEHICLE IN ERRATIC, RECKLESS, CARELESS, NEGLIGENT OR AGGRESSIVE MANNER",2.0,37.5,1.0,1.0
002450dbe745112be6e1f9a0d33c59d74a73f1e4e365fb07dd9db5e568f62db13b65da446afd877a95678c4c737559db7837f71aad3a9e649990374fe60a36d5,CLEAR,"DARKNESS, LIGHTED ROAD",DRY,FOLLOWING TOO CLOSELY,2.0,31.0,2.0,2.0
002458d73763e12488ea35eeaf81b7b8ad82d08a161196886d2f7e2f613dd9a813d2aa226402470cf3ee5f2b74581726a8acf1238d0acdc92a754d6c4c8925a7,CLEAR,"DARKNESS, LIGHTED ROAD",DRY,FAILING TO REDUCE SPEED TO AVOID CRASH,2.0,32.0,2.0,2.0
0024e5bef3ded973560a8f38d821cb178328020f69853f5cc7e25d2f501eead202e2a047cd0835b3d9fbc3a43de30caa6bd65152064a12198a573c6a298763ec,CLEAR,DAYLIGHT,DRY,IMPROPER OVERTAKING/PASSING,2.0,53.0,2.0,2.0
0024ec656b093df930becd379fe95a67c4d23c44b111adb8f0be66aa9a8d4f663c6ec0993f3227d9807837e7b43921655d81cbe502d907fdb65a532a8cf5948b,FREEZING RAIN/DRIZZLE,DAYLIGHT,ICE,WEATHER,2.0,33.0,1.0,1.0
0024f1635d4f83fb0cff71ee8648d6ffccf8ce268d76edc7273a3925c5cd90d375c917958b7363b27e961a408decec4859930f082780ceab58547817bd16e1c8,CLEAR,DAYLIGHT,DRY,FAILING TO YIELD RIGHT-OF-WAY,2.0,50.0,2.0,2.0
0025025d4bf4c29d1777f43cf374af5c4b1b2b813e2b01e2608f475633b4d4486321d7dfbd9bd1ee2dc0c0f53ea749cef22fe5493c5971e102a293ff42465e40,CLEAR,DAYLIGHT,DRY,IMPROPER LANE USAGE,2.0,46.0,2.0,2.0
0025176042f96b9886e6027b522ede59e77c681f8c05b0584b09fff8e31cb417b5d6f78d5fd3b45c775624bd84483ed3ee945b6b342ea4dd3dbb5456e97f069c,CLEAR,DAYLIGHT,UNKNOWN,ROAD CONSTRUCTION/MAINTENANCE,1.0,50.666666666666664,3.0,3.0
002525d6d2fd1d4e276b76eabfdff6cb784f07970ed80a48384bbd313db3145bd4f6ffaa756122b0183f231236ab2dda93f2eadd3b41da6c99f7a561db4442ca,CLOUDY/OVERCAST,DAYLIGHT,DRY,DRIVING SKILLS/KNOWLEDGE/EXPERIENCE,1.0,54.0,1.0,1.0
002530625d9f01635dd12ed7b755684b96632fc2b5ac0c92363b4356dcc92074741c2e4a4b64b7a171c27360b593eeeeea2ac12715a73b8fbc5e562ed35129b9,CLEAR,DAYLIGHT,DRY,FOLLOWING TOO CLOSELY,2.0,51.0,2.0,2.0
00254fa61daa26cd055847a76588443e435db3dfa9cb3fd010a45edc1ea8ca7d55a0ad05e961aa8a4a85023241b550019732e115eb24803dd9f92abd3043b0e0,CLEAR,DAYLIGHT,DRY,FAILING TO YIELD RIGHT-OF-WAY,2.0,26.0,2.0,2.0
002589534a0ceff2449c12a6ed1441f4b9f0afa0a02a58c25b64b75d6bae472890e4bef24238fb0b3be457df29ab2477c585c0d9660439d653945f793d90f17f,CLEAR,"DARKNESS, LIGHTED ROAD",UNKNOWN,ANIMAL,2.0,56.0,1.0,1.0
002592b4f8e2ae0d35b84e4f215d5c0424bf6e9b6a6b0963ea3385cd28689d0a1b6ddf1f32ddb64215483a1d2eaccd91a2c0eabc34a7ac03a36946c14a699805,CLEAR,"DARKNESS, LIGHTED ROAD",DRY,DRIVING ON WRONG SIDE/WRONG WAY,2.0,32.0,2.0,2.0
0025abd0ae1bbc65ac4688babc9c321fda42083f3fd00fbaa65381eefed872141114db4348aa71a91b71e3946b14cd75e5c546bbbf6dc3fef8f7d61f8790ccb6,CLEAR,"DARKNESS, LIGHTED ROAD",DRY,ROAD CONSTRUCTION/MAINTENANCE,1.0,30.0,1.0,1.0
0025c4478937fbf06566feef161ffa2c5789165a78930bb401df826f63cee97da05a77d48bdf9d2af8735852897c777126603fba1b2f7fd4273fbc387aac7443,CLEAR,DAYLIGHT,DRY,FAILING TO YIELD RIGHT-OF-WAY,2.0,32.5,2.0,2.0
0025c4a6c36b8cbf891d0c98f393c4caf1f4dfd9ad6a31119f05eae501f6264b30f875f7ecd511eb1eb63875d009c8e166d86d4ed9b1643dfb8eacea4e2afe89,CLEAR,"DARKNESS, LIGHTED ROAD",DRY,FAILING TO YIELD RIGHT-OF-WAY,2.0,34.0,2.0,2.0
00260b321a275b2da44261091f6883938405bb6933497604bcc50d6aa9cdd7bec094fee004b8652ad99516bc0d4bdac8d6a8bc29fd6042620446e45f75993463,CLEAR,DAYLIGHT,DRY,FOLLOWING TOO CLOSELY,2.0,24.0,8.0,8.0
00260be3ed79ea3f3917278e84a5a4a7f68865d524f1c0ce3332031dcf40c26e6cb8cc2b8c7cb715263207563fe72d5340b1c65c520c52dac3ca4df9c07f0a29,CLEAR,DAYLIGHT,DRY,FAILING TO YIELD RIGHT-OF-WAY,2.0,50.5,2.0,2.0
002633543b807b500d7fdc162b9803f86de38c3e8c790e1fc9897952d94443efcf2ac82e98879d87b2f20c685e3b6e01ec13255a9db8d4003ee4f0dad3286207,CLEAR,DAYLIGHT,DRY,IMPROPER TURNING/NO SIGNAL,2.0,40.0,2.0,2.0
002636b6c0612535c0756426c96c831a5ffe500ff8d831168c3d5ec4600c1474d56538d535c6b7148efbbb68de499c03de970c38688bba72a55a580ea6d19424,RAIN,DAYLIGHT,WET,FAILING TO REDUCE SPEED TO AVOID CRASH,2.0,34.5,2.0,2.0
00264e518bc8f4025277302c6003bc8629745def3f9fa66f9d3f8538e053b1b52530da11616bfd2208aa3bd8c06a41545c5e1d6ecf813e4d9c8e7f81b78fe53f,CLEAR,DAYLIGHT,DRY,FOLLOWING TOO CLOSELY,2.0,33.333333333333336,3.0,3.0
002683dbdb6ee782a15632674ceb9a9439102942f63032575cb151bae4652c4684f0dbe2fe5726812ced8142f99f3d8c2912da79bbd65653b354a7b2b7b9e32d,CLOUDY/OVERCAST,DAYLIGHT,DRY,FAILING TO YIELD RIGHT-OF-WAY,1.0,26.5,2.0,2.0
00268c6f1e367678c033fe0a0e33e530825ce1099e0756e6e0696773d406cefa947ec710d90053f0ae3e6206d23809a7d2fe960a17152adb72219b2028d92a06,RAIN,DARKNESS,WET,WEATHER,1.0,22.0,1.0,1.0
00268fad635017960d2725b38c900b446259e1254f9adc6bb7559f6cd8ba6559ac7f16cb2047fb363f119dcb006c0a36cde0f9a846c6fc1eac40e213c5ba302f,CLEAR,DAYLIGHT,DRY,IMPROPER BACKING,2.0,43.0,3.0,3.0
002690eea0d08b1fdd224c9b6ac3cd5b169cfd523d5f66ba84eef87c73895b8a11c71b29caa4cf6261365199404776c15c57dbfbaf07705d15c51c46f401d657,RAIN,"DARKNESS, LIGHTED ROAD",WET,FAILING TO YIELD RIGHT-OF-WAY,2.0,47.5,3.0,3.0
0026a3bf502dfa25e5e19b39b7201dafaa43836d663005864ded4a021bded367615d4818f6b9a1035738d97d591cbbadf7eb8a82df99ff41fcbc85cf68637c8d,RAIN,DAYLIGHT,WET,FAILING TO REDUCE SPEED TO AVOID CRASH,2.0,31.5,2.0,2.0
0026ab5fe1cf488624729388fb8eb714c586300b625e97852b61da0f2a0bb9a1caa2c954b2d2159ca14df8b0b44e7caa27ba160186222b832216e09216456118,CLEAR,DAYLIGHT,DRY,DRIVING SKILLS/KNOWLEDGE/EXPERIENCE,2.0,58.0,2.0,2.0
0026ac08dc0809d2537a0c64c2a5019de1253a49dcc96454a6a1ba425e7490d0f225d3052bfbe015ab99f9f31f9dea3ad64a03b5cf1afe0170d343bd00a8faf0,CLEAR,DAYLIGHT,DRY,FAILING TO YIELD RIGHT-OF-WAY,2.0,25.0,2.0,2.0
0026b2c9966612404dda4b3a44d16898138177755fb918293f671252624873fca1acbc6dc99be7949773407486283d09a8a0688d913e973b0252cb2d1b9d75c3,CLEAR,DAYLIGHT,DRY,FAILING TO YIELD RIGHT-OF-WAY,2.0,31.5,2.0,2.0
0026ce7f1f2731ee1f8e346e4663ff6dc6f56dd083ecbbc848611c2f2c424e226427cd250bd19072f58401639cf8463c804146e8f36f95d33edd6610755e0a25,CLEAR,DAYLIGHT,DRY,FAILING TO REDUCE SPEED TO AVOID CRASH,2.0,35.0,3.0,3.0
002700c29769c9f5ad7188c01d8731a4c20d430d1fac9caad38fc49ba25e28f6421272f64b3526d9435996896a6845d25bba710faf1c50c42c2c8beb478deec9,CLEAR,DAYLIGHT,DRY,FOLLOWING TOO CLOSELY,2.0,26.666666666666668,4.0,4.0
00271d7374e1808036651966d0e4e29db12eec82e8fd80ad794942c182e578fd4c03e20a253ad28e1952e511a8ad6d9e6bb69c6fd6a7733e20eb6aec1990b60d,CLEAR,DAYLIGHT,DRY,IMPROPER LANE USAGE,2.0,28.5,4.0,4.0
00272459878f9619abe204ed6f94fde31be5ca622fbc99ee55116232305daad9413a195950cd92ae9c1d95784f3949c836027db4ec9e0797f22b8b07d6259e39,CLEAR,DAYLIGHT,DRY,IMPROPER TURNING/NO SIGNAL,2.0,39.5,2.0,2.0
002742bbefe4e19873a3c4b78e871fab5f28421dd47c21400417927d31f30e83b4875d15c24ca8f7351215a7fe07352f3671fd5a4dfdbdb0d3f552bde4605e17,CLOUDY/OVERCAST,DAYLIGHT,DRY,FOLLOWING TOO CLOSELY,2.0,27.333333333333332,4.0,4.0
0027490874412d18493376928d4be072e4830c60c9597e20cf71a9dd5a98715bb794d3e0e01d19064c3715ed6bb2a79fd7eddf278f4ce60e55909120a56992d4,CLEAR,DARKNESS,DRY,IMPROPER BACKING,1.0,32.0,2.0,2.0
002769af3a4e51ffdcbaf8d5e0c58f95e2f0912e40613fb400d09e1729942d0da8fd9c20fa63c48527cbbb706f3f25e395ed57620ebd5cee705a43506ebb5157,CLEAR,"DARKNESS, LIGHTED ROAD",DRY,FOLLOWING TOO CLOSELY,2.0,34.5,4.0,4.0
002781c834fd0f19d5c9e48545ac24ba0b11064253817f947d1d66d8c4ba8ce1ff5c4295327de028f3ffa151dab5c6f19bd9df8cb498bc1a4cf0c961f70eb765,CLEAR,"DARKNESS, LIGHTED ROAD",DRY,FAILING TO YIELD RIGHT-OF-WAY,2.0,29.5,2.0,2.0
0027a3303af33381f10a531db9f90dd513724be75c16a6d210151532c9d22dae106e9a33b2893e7b91ca625ae53a9c01f19ecf3178f429440a8fa1821ed7c067,CLEAR,DAYLIGHT,DRY,DRIVING SKILLS/KNOWLEDGE/EXPERIENCE,2.0,48.5,2.0,2.0
0027c868c33b222b8b65365263db9d6f3af335915ef119740feb5afec2e99cccf2af19dfbc594466bce82f2d0800174cf6691ececb734aeeb7bbaec869ff75a1,CLEAR,"DARKNESS, LIGHTED ROAD",DRY,FOLLOWING TOO CLOSELY,2.0,46.0,2.0,2.0
0027d4be84f783cbc2dcabd63074a5e92856c7f328ae8852d7c5d89c097070c176b977261e08e98d5e3fcf65354ea37dc1b6f9c54e61644bcd23b46d75bfab1e,RAIN,DAYLIGHT,WET,FOLLOWING TOO CLOSELY,3.0,26.333333333333332,3.0,3.0
002801dd7a87413a124ab86f6eb4172814b74cf9b8a3fe23adda363c5b0e1ef40cf3a19c2180180b7ec26767bba97b7a79f1f2367e8b395d926c353f65f31d15,CLEAR,DAYLIGHT,DRY,DISTRACTION - FROM OUTSIDE VEHICLE,2.0,52.5,2.0,2.0
002804f57920623e56b2ca587d72db26115d6bbc06b92c06580a1c69fb34319d83f1394d253a00c607b90bb569f160916f8f627fec88913278000aa2eec2880e,CLEAR,DAYLIGHT,DRY,DRIVING ON WRONG SIDE/WRONG WAY,2.0,37.5,2.0,2.0
00280de0c182d2bb930b261183dcb4028e3bef06b297e9c163ff53de1f9a78f1a340873ff3b31810751c6da78dfa04ee74775ee9fe71758daae2407ce70f6ddd,CLEAR,DAYLIGHT,UNKNOWN,DRIVING SKILLS/KNOWLEDGE/EXPERIENCE,2.0,34.0,2.0,2.0
00282e61f931d7a50e9ba7231b1b0443d4a42f80d1bc8ebc565b95d0c66dc64c7a9d552cbf2fc99f3d7375a1fccdb5fb23dbe77ad7632c9e3f46427de465b3bf,CLEAR,"DARKNESS, LIGHTED ROAD",DRY,FAILING TO YIELD RIGHT-OF-WAY,2.0,39.0,2.0,2.0
002830af10bb6ca1fcf35c2ec76feac262da9fa7c39b1dcf77b7dc46136a18f8525df9bae24a68bb4095c107dc87a04b1eff803d93d0074cb30d8fc333528a5f,CLEAR,DAYLIGHT,DRY,FAILING TO YIELD RIGHT-OF-WAY,2.0,54.5,2.0,2.0
0028379277feb458a0d2042309b5982354885b78c50255052b12456d7475dd2380727c3dbfc811285b4ee9503efc42a119b739bed1991dcc5890048608bd63cf,CLEAR,DAYLIGHT,DRY,DISTRACTION - FROM OUTSIDE VEHICLE,2.0,53.0,2.0,2.0
0028bb0bed3cd8a00f9ad744d83688e6399ead71fc7b3b50de747fc2c89cc8f582decc1a500d34b971db5102ee038df2b84180827a58101388bbdb8f4810e737,CLEAR,DAYLIGHT,DRY,IMPROPER BACKING,2.0,36.5,2.0,2.0
0028bc8442922585575ee2569c0932bff751564e6a7e5a9971702ebfa9177cbac81d0ca59c0071c05f0651ed4a1f1116cae9d4b4701e7ab482e796c3d1078bc4,CLEAR,DAYLIGHT,DRY,DRIVING SKILLS/KNOWLEDGE/EXPERIENCE,2.0,71.0,2.0,2.0
0028d0f685735a1ffb03bf7667193ede0ae416568d4d591c2764015e8b437f744d6d82db3c13df3ac91a3060e8ad1efe599b4b35d1224acc7b3b9a4c9a47643f,CLEAR,DAYLIGHT,DRY,FAILING TO REDUCE SPEED TO AVOID CRASH,2.0,33.333333333333336,3.0,3.0
0028da987634fb131dfe32e03117afb96e3576223cc24c2bd6abac29b885d150b01d4fafb40c5323268014d67468829e4ac83681da2ac27af877fba14ceb563b,CLOUDY/OVERCAST,DAYLIGHT,ICE,FAILING TO YIELD RIGHT-OF-WAY,2.0,37.5,2.0,2.0
00293295b12efd5e537a7a0ba329e4e1672ed2ab839f212982a3b1d540ec501a1cfb9e307ab3dcd07dbf4d1674f8a40702e8bdae58193178b9162b2e0cbbeb7b,CLEAR,DAYLIGHT,DRY,FOLLOWING TOO CLOSELY,2.0,50.0,2.0,2.0
00294c4eea0e0000d07de561776800da008fcfd55370f41bc51cae3871ebbe7309d708de0f049f47ce1a770f8daae19d08fc5be9d788586f6b3b89194d83c1e7,CLEAR,DAYLIGHT,DRY,FAILING TO YIELD RIGHT-OF-WAY,2.0,18.333333333333332,3.0,3.0
002951f062ef414588fb3b5de814df4fd4c6bc3a01df987deec1dbb41aa70c3568cc728e7b7fa2f03b3167b49a04a098539afaea7c70e5b8878d32414442f25c,CLEAR,DAYLIGHT,WET,IMPROPER OVERTAKING/PASSING,2.0,37.5,1.0,1.0
002957b30b2589a704bca6c6f393943571a3d4fef5b9c97f94049f6ae5d51b84cf38f58bfff6e644961ef72ecd46c9180107c7fdec6df84a985e37532c5824c7,CLEAR,"DARKNESS, LIGHTED ROAD",DRY,PHYSICAL CONDITION OF DRIVER,1.0,25.0,1.0,1.0
00295a8ce1d8d768b2de1eea4651757b9558f1d6523a256fb65c6c17200f99c7c92ae21edb08b9bef022152427a331d5a824ecc2c4f1ab90086b64e99be9e1b2,RAIN,"DARKNESS, LIGHTED ROAD",WET,IMPROPER TURNING/NO SIGNAL,2.0,24.0,2.0,2.0
002973927706da2631023ebc20c49047bb38b678f817419f5fa711045e45ff78512fcdc2cc1d446ef02a4db606a4ac80db10e2348e8d312a1802bec8878d96bf,CLEAR,"DARKNESS, LIGHTED ROAD",DRY,IMPROPER TURNING/NO SIGNAL,2.0,52.0,2.0,2.0
0029851e5e9910488608101ab01da20da630188cba4377d6bb471d8e5903fec1f42bd75e65a20ac5510785bcc674e5b91aec1e49a6312369b9b669ebdfbe7ed5,CLEAR,DAYLIGHT,UNKNOWN,DRIVING SKILLS/KNOWLEDGE/EXPERIENCE,2.0,40.0,2.0,2.0
00299525aa5b6e599537c4de4b415b85ca45a7dd8194cdac8d29ddc7c165f4c5f8581694f7accc950b141f06cda6be36b66d113e38c231799cc254bc64add66c,CLEAR,DUSK,"SAND, MUD, DIRT",ROAD CONSTRUCTION/MAINTENANCE,1.0,65.0,1.0,1.0