crash_record_id,weather_condition,lighting_condition,roadway_surface_cond,prim_contributory_cause,total_vehicles,avg_driver_age,total_people,total_injured
0029b331385945df5290ea952fe8826173496261f61fdb2b914abd90701f5ef517de47038e0217c252edd203039dc374bc99de93506c41c3bd9381e8d12738b2,CLEAR,DAYLIGHT,DRY,FOLLOWING TOO CLOSELY,2.0,53.0,2.0,2.0
0029dc49313f0c5b8ed2a4e9b5b36c842ac847b78823b212326d49bd135861ba42f3727d910f8483ff37a52700684377ee9f7b21d86870cd5ae5fe134a2aa603,CLEAR,DAYLIGHT,DRY,DRIVING SKILLS/KNOWLEDGE/EXPERIENCE,2.0,28.0,1.0,1.0
0029fa3da54bc9947e8cfd3bc69c7c43f7bda3822510dddded46cf48b4806e189297da90c4007f2542e4eafc8fe81906db3a324ee7ac34af9f73cf50b7305b60,CLEAR,"DARKNESS, LIGHTED ROAD",DRY,FAILING TO REDUCE SPEED TO AVOID CRASH,3.0,38.6,5.0,5.0
002a1424662652414347d5d5b62a686acfa1804fc885e94669a00dec29ddda2e6da172588565b41e2ef16593d1b52d04547a4181504c4bab54b90cc32de670df,SNOW,DAYLIGHT,SNOW OR SLUSH,PHYSICAL CONDITION OF DRIVER,2.0,38.5,2.0,2.0
002a22e701268fabd82e2bbbd4d27d8301986fc17236473251d4509cdadaa958500deb62bf9209446e2d1e18f5f88e068ddd60f4b3667835c56542d58e498c01,CLEAR,DAYLIGHT,DRY,"VISION OBSCURED (SIGNS, TREE LIMBS, BUILDINGS, ETC.)",2.0,58.0,2.0,2.0
002a234e7f2eedcd343049abd839ce42c26e4ac39cec775e1a0a70135d8510c658045d4046fd2a1906d3608b65561f89b9eaf1c1c06b10bd611e6235b32727b3,CLEAR,"DARKNESS, LIGHTED ROAD",DRY,IMPROPER OVERTAKING/PASSING,2.0,51.0,2.0,2.0
002a4c44ab82a97295950264bdd55e62e19be7d2e42865046cdd6f17dfc64260ba16237645ce083ab3cd5b5228fde9cc8e790b0de0e88f1a624e5d41184ca3d9,RAIN,DAYLIGHT,WET,FAILING TO REDUCE SPEED TO AVOID CRASH,2.0,27.0,3.0,3.0
002a56cc3cca7effffcc323dcbea2b333a062a04738d3f66a39058d123e9a727167b2a12205f4eeca75a4e17175b634a65bf1962c6844b65b930b16b1d17cd1e,CLEAR,"DARKNESS, LIGHTED ROAD",DRY,FAILING TO REDUCE SPEED TO AVOID CRASH,2.0,50.5,3.0,3.0
002a57a268b87675950ed6ea2b4644aed5bfc80b4205dc5fb2511fe6dd6922f91887f11bec6fdac83602725c0f7854c756bf3608bfacedf0c5954ebe802de8e9,CLEAR,"DARKNESS, LIGHTED ROAD",WET,IMPROPER TURNING/NO SIGNAL,2.0,36.0,5.0,5.0
002a68a22f6edcba5e3e681a49a48c60bd3ae6019fcef6110080f35f1637034acad6c77cbd22f42651e9788c50e33ba6c52d0f571528ca3f766c05934b260486,CLEAR,"DARKNESS, LIGHTED ROAD",DRY,IMPROPER OVERTAKING/PASSING,2.0,50.0,1.0,1.0
002a761fa14a06365b174c89c65931a8b87e06d3b43ac0437675d725bdb898de4c91695ad4d6cdab1a5823f53da2bcb41ff17971993fe9b4d3814384dc432587,CLEAR,"DARKNESS, LIGHTED ROAD",WET,DRIVING ON WRONG SIDE/WRONG WAY,2.0,42.5,2.0,2.0
002aebf321db0585f6eefa05c5302dbb8ee962c7d82d9123f5c85b2ed196289c1122b4339822feb838560a3751596e38b186ee7fc00d1106bd05ab3f373bcb21,CLEAR,DAYLIGHT,DRY,IMPROPER OVERTAKING/PASSING,2.0,73.0,2.0,2.0
002b09d6c7dc23eab7ef4e95f359ec68ef2fad52d2e579875b44f585f86926307e7d3078c1528928e4f080b1a5497adc65e52350462632b5efe58ebe11717eaa,CLEAR,DAYLIGHT,DRY,FOLLOWING TOO CLOSELY,3.0,38.5,3.0,3.0
002b108736dbd62fef549a5727bc470683824c1c23cf64e6825bffcb30425f5ae85fbde1816cc1067c7443a9fce12792113ef9374d2f3173cc28339d5ded814c,CLEAR,"DARKNESS, LIGHTED ROAD",DRY,FAILING TO YIELD RIGHT-OF-WAY,2.0,23.0,3.0,3.0
002b15d6b03ff8ed3dfbfd5a38254a282cf73742f4b50c5fe34367f3a29c035b543ed58c148e4c3a80a3ab4445c9bc72c7016253d23b3d6fd7c60a78e8eba49b,CLEAR,DAYLIGHT,DRY,DISREGARDING TRAFFIC SIGNALS,3.0,49.666666666666664,3.0,3.0
002b2cca91494e60127014c690161b6479d45fe2e7a958ba88202cf187656b3019577b2c10218d4cbc5f1b99f1d4c547d986fa851e010b0c7d9c4c6874f64b81,CLEAR,"DARKNESS, LIGHTED ROAD",DRY,CELL PHONE USE OTHER THAN TEXTING,2.0,25.5,2.0,2.0
002b6b1a39053f79f719833b7ef1c7e8a50b62d2f00c6814ae00a557de52fb296823765f95092d4f56690e1e7bb82c67db789cfbe647952d17abb1e29dd705d1,CLEAR,DARKNESS,DRY,DRIVING SKILLS/KNOWLEDGE/EXPERIENCE,1.0,24.0,1.0,1.0
002ba781fcb73ed7a59b23b2f2e9f699b66b442d895a3be9f10ef1f0141ba61203427eaf19c93f13e6cf2f0d7801d32282007b886c1d0323a24e9d11c024f9d4,CLEAR,DAYLIGHT,DRY,IMPROPER TURNING/NO SIGNAL,2.0,47.666666666666664,3.0,3.0
002bc69a10d518244cf0466339e923e19e632df2fd536474b89746b26f2459ae3d2753ac9d211bff4d31352a8c97b8ed42c7c8dbbbf2a5c9ceaeaa7217f3acd3,CLEAR,DAYLIGHT,DRY,DRIVING SKILLS/KNOWLEDGE/EXPERIENCE,2.0,34.0,2.0,2.0
002bc8e3fd803ee030e847c32683d684a5af75d389d35736c3d726a3f02755cc8b46f38f397dbe79fb74efbaf01c0d4b2e9f019f9d4160a377a15afb85e73540,CLOUDY/OVERCAST,DAYLIGHT,DRY,DRIVING SKILLS/KNOWLEDGE/EXPERIENCE,1.0,27.0,1.0,1.0
002be094d77385096a7aac7cca9a628196fa8c6cb4d17f3cb1df996acfe1756df5dcd8071cb577d5de750612879435818e1d87cb016a83bfa60c069245da7bfa,CLEAR,"DARKNESS, LIGHTED ROAD",DRY,FAILING TO YIELD RIGHT-OF-WAY,1.0,41.5,2.0,2.0
002bf6f8e6e9c124eee8e746891a760ed2a1b7c610214ae2b3c4328673d0a1bc4dfc553ccc6c51d7a96d0e9ffefa6b38d5b61631d71f2b3da71b1bfd1227c811,CLEAR,DAYLIGHT,DRY,PHYSICAL CONDITION OF DRIVER,6.0,37.5,1.0,1.0
002c1180fce8ca68f4a9058c990eb5b30f99d151a676f5be8b26077cdffc16be09c7f9e45ac79aaa643559207667a3ad6e7187388ee70acf4d7e5b46e28d310b,SNOW,"DARKNESS, LIGHTED ROAD",SNOW OR SLUSH,IMPROPER BACKING,2.0,42.5,2.0,2.0
002c1ac0b8ed2ca181d2ac7440bac64bda331f5f95ef1d23e4289adfde09f90f4886929689c2dcd0d0cdbad34a49e8f3ac4d6a1eb34251480509b5ae7a99d8a3,CLEAR,DAYLIGHT,DRY,FAILING TO YIELD RIGHT-OF-WAY,1.0,31.0,3.0,3.0
002c37e05bb61d79e0165b7d88472f3eba5cfec0ddf5298d59df0e11524f863a0646252d0c67acb8aad740afd6016a4782d7f880a0e9818a6c08c9d64cbad6f0,CLEAR,DAYLIGHT,DRY,FAILING TO YIELD RIGHT-OF-WAY,1.0,33.0,2.0,2.0
002c66fa83759966c5e78be40f75dea5947540ed76b5bc14d46b7832c0b2c5ad6e03b604ad29da1c91604d9e9646d86b67278314d55ee96d4d1f58b0dc34665a,CLEAR,DAYLIGHT,DRY,FAILING TO YIELD RIGHT-OF-WAY,1.0,34.0,2.0,2.0
002ca0ead9f2290606c4aceff21d6217554764703570821e261bb9cf2a08ade2cfe8e365bd8a4ec85f0bfc1f45811519cae2fbd273a92618c225b144dccbde75,SNOW,"DARKNESS, LIGHTED ROAD",WET,FOLLOWING TOO CLOSELY,2.0,23.666666666666668,3.0,3.0
002cc45dcea3fa3683665b51c0ee97d601cc6281bab907860d97a63435642e6bed00b494aa20147cd3be9cf32c184b00729f725529d991fbe5443261b5f99fc4,CLEAR,DAYLIGHT,DRY,IMPROPER BACKING,2.0,37.5,1.0,1.0
002d1fdb52a2a7884612929577e242410748e6f0abd2ff6cea6f29e9c69808c9e50b8ed288f7e24c535bdf336cdbbd660ff1edd28dc56ed51e5335a05945b83a,CLEAR,DAYLIGHT,DRY,DISTRACTION - FROM INSIDE VEHICLE,2.0,27.0,1.0,1.0
002d240a9a98dd0273590eeff234cbfe4345392a04412db9fa1059a27cd4528320f0f3a9d67445619afec297e5d6a195f7ad5d5a3236d9cd215a69c9796b341d,CLEAR,DAYLIGHT,DRY,DISREGARDING STOP SIGN,3.0,36.0,4.0,4.0
002d3698313ee2332fb8272091b48d21d056609f7ab224bfdefe055ff96dc89624dee09ab5bd36b49c39c892d466019bd3cbd7b11d51ce74d9e9d20ac31b0d19,CLEAR,DAYLIGHT,DRY,FAILING TO YIELD RIGHT-OF-WAY,1.0,46.5,2.0,2.0
002d600895a58fa17f184075f90c78dd8ad4258f93d6caab45af71b8a2a627ba7819deecc8ec0bcec2e53c6e1f2d406cba1a8941478d38f8edee1103718d1b33,CLEAR,DAYLIGHT,DRY,IMPROPER LANE USAGE,2.0,42.0,2.0,2.0
002d6d0110e2b10a3ec1d98a79dd485436441fc956cd5d1138f2daabe5723bf221d068ccf57db1f8a749b2aa2dc2a44fd85fccb2ebc3eab758dc80d80e414652,UNKNOWN,DAYLIGHT,UNKNOWN,FOLLOWING TOO CLOSELY,2.0,47.5,2.0,2.0
002da735dc1b7acfa862c8ec0f96ab0995835714ae0216dbbbd0cd23271fb8ed12d5c1f225968c49f566b2b15b255b0e041511cf0667a7ecceb1b3288d832f17,CLEAR,DAYLIGHT,DRY,DISREGARDING TRAFFIC SIGNALS,2.0,47.0,2.0,2.0
002dbeb772962420375e043a4acaaa830b0c4033b5ac23d3e46eccc998bd680366e2623b37e19be2fa2d7ecc87d7a292ce7d092cb1606d13a2ab5faa18c323f0,CLEAR,"DARKNESS, LIGHTED ROAD",DRY,FAILING TO REDUCE SPEED TO AVOID CRASH,5.0,14.0,4.0,4.0
002dc2457eb0b70c6e25d10ce43cc010f3333228d0f584830e0877b86859b35d37f2b70c342a5f3d35b095e6f06638ec5df4a3e5d2395420135c04f815446fcd,CLEAR,"DARKNESS, LIGHTED ROAD",DRY,DISREGARDING TRAFFIC SIGNALS,2.0,30.8,5.0,5.0
002dedea6d55534b2c44dd0881b3252fb29e04deaac37b0800eeb19f6bce98b82e7a7c8673cfde07b99431d641e5194de425de893993e48c29255740606c478f,CLEAR,DAYLIGHT,DRY,FAILING TO YIELD RIGHT-OF-WAY,3.0,54.5,2.0,2.0
002e19cb70d9e6883e2466e1967ebde5a85539d502d73a9796a9703528a80df994b7577c605f1c464a63cfb921491250e64bcd33dfd7891f1a95175627e21e36,CLEAR,DAYLIGHT,WET,FOLLOWING TOO CLOSELY,2.0,25.0,4.0,4.0
002e1d5330ed751ce07ef23b15c7434984eb74cdf6634f349fad262047f5abcc77e6290dc10831cf169229d7fdfa7845f5e4d59e8c3de7d84d2fe3b67eafec36,CLEAR,DAYLIGHT,DRY,UNDER THE INFLUENCE OF ALCOHOL/DRUGS (USE WHEN ARREST IS EFFECTED),1.0,57.0,1.0,1.0
002e513f66a8541e8c41241cc9a6792735d2c8408a12f4c7437b3d63cb1fd8e99c4d50299f5b070279248f40803d91b5e0b3dd66b15953aa3c56353860ede502,CLEAR,DAYLIGHT,DRY,IMPROPER LANE USAGE,2.0,51.666666666666664,3.0,3.0
002e770a892228113273ac460dd8404d1f2d68e5fe554efb224e7fc4b5940cc7c2e4e3a2530a8ce7ed2cb5a61785d6308ccd0a1c149e9ae330b0a7576a872ed4,CLEAR,DAYLIGHT,DRY,"VISION OBSCURED (SIGNS, TREE LIMBS, BUILDINGS, ETC.)",1.0,59.0,1.0,1.0
002e85d602abed15dc225372d242b1ce78ea4848b8254305e5779123b65e5de2c42697989538bd4cf7c5f9183b945f2b73e61d6d5291e00752419225d32c93b6,CLEAR,"DARKNESS, LIGHTED ROAD",DRY,FAILING TO YIELD RIGHT-OF-WAY,2.0,26.6,5.0,5.0
002e95a3ce1cf346929780f04086da9aa49a6035fe3301f0cd90738df0a4e87de1d9478765a77264b613e0eb9afffa543cface077ad977d0c84c187525daef9c,CLEAR,DAYLIGHT,DRY,DRIVING SKILLS/KNOWLEDGE/EXPERIENCE,1.0,30.0,2.0,2.0
002ea077ee34692c89a4cfe1e793d90ac06f85efae7d50d79715affcb130f6b429882616f24b42d8138d5792cafa612b74a315acb470d549fc60bb3ba9c087fe,CLEAR,DAYLIGHT,DRY,FOLLOWING TOO CLOSELY,2.0,37.5,6.0,6.0
002f07e0d66c253e389a3a50eb79a13fea61a503b567f51fa64ea50677f862638bb3f9d092b57ec2cfed86644b2ec17055be2deeaccb1edf9a3c6f51539f7477,CLEAR,DAYLIGHT,DRY,DISREGARDING OTHER TRAFFIC SIGNS,2.0,39.5,2.0,2.0
002f0d2cc5d3d121587b1aee43718ee9d5f27450efe669f3af49d605033139368f04f1285544dfcf2bc08097aafcc2c02c6c14c5c5c034e58a7ec3726cdf792f,CLEAR,DAYLIGHT,DRY,IMPROPER BACKING,2.0,44.0,2.0,2.0
002f113e0db11a0f9a0f8e765f445a450085650cf14698f3623692d21c39df4db649db44caf906e9f0392404e92284d6d1eb2da7e2e8a4d4b61f5715f1baa0c9,CLEAR,DAYLIGHT,DRY,IMPROPER OVERTAKING/PASSING,2.0,38.0,2.0,2.0
002f742ced5c1da6e736bfb708b9ac95a849005054f037f3f9a360021aea83d0af164f538d1cdac4de5b40ae8a6a558905b4c9ec8a8b63aeaa7cb77ce48e3086,CLEAR,DAYLIGHT,DRY,FOLLOWING TOO CLOSELY,2.0,32.5,2.0,2.0
002f7bfba9d4400fe91b342876a709e2df5b1b11a6fc8fef0af59caa8d07e97fde0dd013f8687fc43f4515d05f3b7e0e4a074bbea111f77b69cc3d14a2637654,CLEAR,DAYLIGHT,DRY,IMPROPER TURNING/NO SIGNAL,2.0,36.5,2.0,2.0
002f8e8cbaa09ac3b12b82a2dc8fa84beaa85b11dd20407be2ff57a1218b60d385f0de07f0c875310d9fd2c0af97284671f428910d35df0840d3a701013791bc,CLEAR,DAYLIGHT,DRY,FOLLOWING TOO CLOSELY,2.0,44.0,3.0,3.0
002f9e87660a0f12cdd92c21f1a2a4c850c44448f3b5bfcf8c8bed43f21293c16efab327db6f2a1f489df404a1d3179d7618a3fd46e09f7f76d91469ea7185ea,CLOUDY/OVERCAST,DAYLIGHT,WET,FAILING TO YIELD RIGHT-OF-WAY,2.0,23.0,2.0,2.0
002fa49c6bba5b3ba3e4ae5ad16ffb60a410fb2164e58ae95a2776546935a4dd1bf362cc89e5b67ffad190a4f781c8a2b4f59a429755bc318eac28b2eb9937c7,CLEAR,DAYLIGHT,DRY,FAILING TO YIELD RIGHT-OF-WAY,2.0,36.0,2.0,2.0
002fd0cebb8aec10985fead8decb61a22624918eba07c05b6661aa1709a5886eb15c61a2ad6c86cb0de1d208852a73253323e4b908a8dc0b2e8a46e85242ec1e,CLEAR,DAYLIGHT,DRY,FAILING TO YIELD RIGHT-OF-WAY,3.0,46.0,3.0,3.0
002fd450fee4d52449aea47d4f81f90ad1352ac530c0927b40e86c94b7e76178792efd215f92c2beed9179d69ffb7b80c54ec17ca2b71801a2324a33fd493456,CLEAR,DAYLIGHT,DRY,IMPROPER LANE USAGE,2.0,51.0,3.0,3.0
00301954c5a39ac9e0ff449a1a126fd73aabd685ca7ab61dc203077a197616b59c8fef2030e55556652f4b6defbd4f793acafd7c3d37687b9c9d5124ac64c1ad,CLEAR,"DARKNESS, LIGHTED ROAD",DRY,IMPROPER OVERTAKING/PASSING,2.0,32.0,2.0,2.0
0030579fa22947daa09d7a2f9510e56d5d227936ff1430a9e7503a673b187dffca58e7607968f4fffaa39d20db7a595cb787887cc243e69e034e8ba2a4f9f5c0,CLEAR,DARKNESS,DRY,"OPERATING VEHICLE IN ERRATIC, RECKLESS, CARELESS, NEGLIGENT OR AGGRESSIVE MANNER",1.0,32.0,1.0,1.0
003130335a6e7915dc765486272a568a68d5f188f98e850ccec58011f8acc1276c24b3675658109b2091ef27ea59e5a160623d4f75df812428728a455c60c04f,RAIN,DAYLIGHT,WET,DISREGARDING TRAFFIC SIGNALS,2.0,67.66666666666667,3.0,3.0
0031335e58b8314deab77e7f38aacb02607a0ca81ddac143a4b2fdaf0957a35085e61607cce9220253b581806af078202bbb6fb587f5a9caef093210e63b3959,CLEAR,DAYLIGHT,DRY,FAILING TO YIELD RIGHT-OF-WAY,2.0,30.0,2.0,2.0
0031336c7bd386580d2b932f71a6b4d0472953524ca2a92cdd913592efcab76e766be78608ded03ead245fac53f54ae0022ee5df03dcd08b700f46a242a1447c,CLEAR,DAYLIGHT,DRY,FOLLOWING TOO CLOSELY,2.0,17.0,2.0,2.0
0031569e9d34b1bbb81d45cfac2ac729d3d8509162b5b94c22478ce3540990ad42382bfdfaeefd306c5233625d95defd403e6d892e1ae474862d42f4a41bf3e9,CLEAR,DAYLIGHT,DRY,FAILING TO YIELD RIGHT-OF-WAY,2.0,36.666666666666664,3.0,3.0
003163e313ac42441b397fbcc0f33cadfec5fb657e014b3a8de75533ec3bae4ad97f026c4e3454761c52169b6534880d22fa968b9176f46835ec7b627f594c40,CLEAR,DAYLIGHT,OTHER,FOLLOWING TOO CLOSELY,2.0,64.5,2.0,2.0
00317f020161c88bb02b00dd701e6801faa5626346a18a2e72b347d83525c3be55ddd25200c288ab82f521e38f45fff721e7107daf497a3a19430eb8b4dcf0f6,CLEAR,DAYLIGHT,DRY,DRIVING SKILLS/KNOWLEDGE/EXPERIENCE,2.0,61.0,2.0,2.0
003190d31ec9dddf4cfe9fa8d6b989c0d0dbab493507ac8f9ca6fb56e87f67eaf6f6e166287725f701ab67576067587978a7fda6001ee5e87747f51eb84db9e2,CLEAR,DAYLIGHT,DRY,DRIVING SKILLS/KNOWLEDGE/EXPERIENCE,1.0,26.0,3.0,3.0
0031b40d340021f9ae75ca4319d0eefebb89c37dfedd284bc25d123e92161f7eb31e42fb98c640ec75c5d001ca29d3e3cf8867efa65afd35481749e7cee5a833,CLEAR,DUSK,DRY,IMPROPER LANE USAGE,2.0,18.5,6.0,6.0
0031bad5ccb500c5824a66ac86108abd08e573a33664acd4df24a5b6e983efea2eb9b4f20c9cfee7816daa721b0ca0674bcbde3883861d28a3c568e7f01adb46,CLEAR,DAYLIGHT,DRY,DRIVING SKILLS/KNOWLEDGE/EXPERIENCE,1.0,54.0,3.0,2.0
0031e5cab36a3d0890c2d469eb0470fad974dd44d635473687221ac6ffa117790d84f9bf25af5d63f1ff5f141d37c411b646aef67318ed4673c4c91ded6cf119,CLEAR,DAYLIGHT,SNOW OR SLUSH,DRIVING SKILLS/KNOWLEDGE/EXPERIENCE,1.0,41.0,1.0,1.0
00321154cb46a07b9dac1b490847a13845b755b717b6326fe8dac604cb05913550be5ddd9d8d1f73d9bbf7680fa69a0938a15b46848d6e4e1a09a4da967c69dd,RAIN,"DARKNESS, LIGHTED ROAD",WET,IMPROPER OVERTAKING/PASSING,2.0,26.333333333333332,3.0,3.0
003233d33d620b5770d6019b23cd18962cda249dee7e12aa00fd9f28289b6b37b5648be5d0f93a48b26c97cf3b686e426a89d4a64a7ad997e184827bbc90140e,CLEAR,"DARKNESS, LIGHTED ROAD",DRY,FAILING TO YIELD RIGHT-OF-WAY,2.0,26.666666666666668,3.0,3.0
0032632b2f33fcbeec5f673a650f8638a9a89692676ec1caa22f92922497ad876eb0614c5193a0034e636d750d203eb0372a35d4f5702af2f1f44a006c9bac19,CLEAR,DAYLIGHT,DRY,IMPROPER OVERTAKING/PASSING,2.0,46.5,2.0,2.0
00326d20fb98568b3dd187043ba23524fac95be57b02e2b7a5a643794bbc13baf91e4cb0fa47808b1519ae975b2cfbe60f5405e40ada0e3444c3c46b03954906,CLEAR,DAYLIGHT,DRY,FOLLOWING TOO CLOSELY,2.0,47.0,3.0,3.0
00329bd96e0ad2bb1e16220b17d1c5f5b5922a97309a24ac9e42931aa4c835cd6effec150f89a8f0312b8886cc78cd8d9d73793049f5a5cb4f81efca91ec4b29,CLEAR,DAYLIGHT,DRY,DRIVING SKILLS/KNOWLEDGE/EXPERIENCE,2.0,34.0,2.0,2.0
0032a274d42e5d12367e23c75e536f230194cf5e6c60ef9e6a04182e1cd79befee54782eca1ad2eae158be867ac48f8df37b2db118ad53d8ede81a6373e8ae6b,CLEAR,DAYLIGHT,DRY,FAILING TO REDUCE SPEED TO AVOID CRASH,2.0,38.0,2.0,2.0
0032a9fbf12b71f44cff0b00e01d471e0c012486cb77c79baacb87bb3feb68570ed9d903d5a48fd466d8164efac842c529b2c8642cd3fb4e940c63ecbeeb09b1,CLEAR,"DARKNESS, LIGHTED ROAD",DRY,DRIVING SKILLS/KNOWLEDGE/EXPERIENCE,2.0,37.5,1.0,1.0
0032b1de6b7b10364502d2c0ce7f944f7f6d6208c68b5a18e656b6d34e6be7884240a2a44e3876cb99d0308d11a8e7b9e35b62431938291946a6cea99a698ca7,SNOW,DAYLIGHT,SNOW OR SLUSH,WEATHER,2.0,41.0,2.0,2.0
0032c61eb452bd9e79c3bf9455e0c1dc2bbaa475dee43978ea0beaa23d776544c45e324b06507be913751511bd821629d40f763bb63e9d91c87bcb1f878eaa80,CLEAR,DAYLIGHT,DRY,IMPROPER BACKING,2.0,76.0,2.0,2.0
0032ed29cd2bc8fa44ff3ddb6c16c9036543dbf9dc8d4fee2278a43c0269f1793db4de66c597348895f2e8ec74bc572e4d795f17cb668154f01104f26336ce14,SNOW,"DARKNESS, LIGHTED ROAD",SNOW OR SLUSH,DRIVING ON WRONG SIDE/WRONG WAY,3.0,22.0,4.0,4.0
003335a0c7cdc1b1a7eee4a12e07fcc1d1da24f147529be94b4320b9ae19c3b3c16f0a25672c3439773a7b23f1e522364e7a6ecce2249c9d644d389c7b503b9a,SNOW,DARKNESS,SNOW OR SLUSH,EXCEEDING SAFE SPEED FOR CONDITIONS,2.0,45.0,2.0,2.0
00334e60f2d36905d343a234c7d773b20ddb809a01928f5f3937e2275da7ae39172d050fabb20c55a63a4946ee8a4aa87faa8c17d94f2a6f1c49ea692fe2702a,CLEAR,"DARKNESS, LIGHTED ROAD",DRY,FAILING TO YIELD RIGHT-OF-WAY,1.0,29.0,2.0,2.0
00338f0e9debf89d286c8a4ce764d0aa513009a5682019829ca0b96e2da1dcbf04dddc706a8b9dab4ac81867ef852aa8692e534b539a798f573880b95d334005,CLEAR,"DARKNESS, LIGHTED ROAD",DRY,IMPROPER OVERTAKING/PASSING,2.0,42.5,2.0,2.0
0033c1dcbfe1d5dafd0817313bc340e25736e019a6e412648842c0a6fd568c8e8ae2853260ab46590bb3335400e4a599f6bf7c1d2135a9c1e5577dedb55a8a9e,RAIN,DAYLIGHT,WET,IMPROPER BACKING,2.0,33.0,2.0,2.0
0033e77dce444447b8b1b16fb338f9d6a4cb37aadab264a06a7bd9dc310da5f038dc91fdaeb9b66c10ab5538296d8e0117abb978b38b0179f45e5444e7fca37a,CLEAR,"DARKNESS, LIGHTED ROAD",WET,PHYSICAL CONDITION OF DRIVER,1.0,37.5,1.0,1.0
0033ec2fd77a9345724328add01bdbec6cdad480b8c328299ed3aaa2240eec0c0dc9066d214ef542a3cb4494bf39187b2ef902ed09a7a8b7f9eb8c18dae798fb,RAIN,"DARKNESS, LIGHTED ROAD",WET,FOLLOWING TOO CLOSELY,2.0,33.0,3.0,3.0
00341bed4a7e64dc4021667b28f0ac134e9309daf40fd7b694e6499864c979be062ef04cf9dd62528dce06246a0a25d21d028effdcf18e2fb2b7a84883d5364e,CLEAR,DAYLIGHT,DRY,FAILING TO REDUCE SPEED TO AVOID CRASH,1.0,30.0,2.0,2.0
0034487bd1d48e8c57e64e07a7c08e452662d2a19d53b8d31f09c771c2a2b40e6541feae234de7e82a5dc9346e95c1118f6c81893630cb62ed56b91eb7281d89,CLEAR,DAYLIGHT,DRY,DISREGARDING STOP SIGN,2.0,15.0,4.0,4.0
003461ca4324d7d85cedd96973e321185fa59e92ff6df2876b2ae557a3839dfeb7adbf59a2bec4d7293026be4c50a722b88655da1ab81df5bcc4f97d43a80cf7,SNOW,DAYLIGHT,SNOW OR SLUSH,WEATHER,2.0,35.0,2.0,2.0
003462a7857280a70cf797e3cc48a48ef35b08c40ca7ee62991a7f48001b9920d3573e3d4b3aad102c1a6197f9d37bf4a76d3a6d00de8419c6e6fcc090fb9b0d,CLEAR,DAYLIGHT,DRY,FOLLOWING TOO CLOSELY,2.0,32.0,2.0,2.0
00347958083afd23dfd7ae1780524b81915ab788322c706c34545f284f1f5119d8404b0c192288b5cba90b374efaa1106156715543a714a3ba1c35d5c241b462,CLEAR,DARKNESS,DRY,IMPROPER BACKING,2.0,68.0,1.0,1.0
00348bb78284bc129a284d9c6535ad0f9414bd405687326dccef7ff032a1aac8b7970823ff8f7e93cdde601b4acfac114d364f76987bf97b5711cda71e6f0c7f,CLEAR,"DARKNESS, LIGHTED ROAD",DRY,DISREGARDING TRAFFIC SIGNALS,2.0,23.5,2.0,2.0
0034adcb2f37306f33c5a59563d27fcfb6f23c1f68c905675bb5eccce41f08957b3c5ff51094663e7f88471ff2495fc4c96f8d6c47dd9bb86e5034d98a6fa6ab,CLEAR,DAYLIGHT,DRY,DRIVING SKILLS/KNOWLEDGE/EXPERIENCE,2.0,27.0,2.0,2.0
0034bd35ae36ae36a6f12be3311fc3636ac2e208da23aac9b2ab40153b08a078e429f855bef981b195333686108653f0a024273a444645923e6b130732c64714,CLEAR,DAYLIGHT,DRY,FAILING TO YIELD RIGHT-OF-WAY,2.0,18.0,2.0,2.0
0034bd6fd12d9532fbf44b1c9e7cd3faddacfd7b28fb9b018609f8e8b5722f0e4f94e159a0ed4ae70dfd2557ad9c3276f95e8bafe8ad1aa3991f9cbe60c03cc5,CLEAR,DAYLIGHT,DRY,FAILING TO REDUCE SPEED TO AVOID CRASH,2.0,14.333333333333334,4.0,4.0
0034cd6f08d27a2ee34d7e86208c96b7ba2710355543a4f23eafb246d4a81833d41f5580c5a08472f407819d35de9fba16a3b05c8018437b1b92a2a108883725,CLOUDY/OVERCAST,DAYLIGHT,DRY,IMPROPER TURNING/NO SIGNAL,1.0,37.5,1.0,1.0
003511cc72bfe65e9943000ccd65ee9de36c334449d2bf54f1818e2678ba0b90f2168d72b7e2be11be869daac08f5d85cba720200f6fb889934eab7870991fd3,CLEAR,DAYLIGHT,DRY,"DISTRACTION - OTHER ELECTRONIC DEVICE (NAVIGATION DEVICE, DVD PLAYER, ETC.)",3.0,42.0,3.0,3.0
00352200de0250b5290e4cbf69947ea10ab642d79ca4a5ae99403e1f5b38df1d137dec68645f4ee04e707b4294a7dce8eba8db00acf06f5870bd3b4af6140e96,CLEAR,DAYLIGHT,DRY,FAILING TO REDUCE SPEED TO AVOID CRASH,2.0,20.0,1.0,1.0
0035227aba4ea4c313b5d0535ef176e40093ca19d0ef5e618304242b3dadb8d6081ff2635a411dca9e58d60568626abd3106d0ea6a8d1afb74928e652f01d71f,CLEAR,DAYLIGHT,DRY,IMPROPER OVERTAKING/PASSING,2.0,69.0,2.0,2.0
00352bfaee8641de36a1019ad649a581ce160c0c402d985a27c6937c4cb9e6171e810213f2e09602556697871101e576f6c881cdd43bebe5745d95b597f8f3c6,CLEAR,"DARKNESS, LIGHTED ROAD",DRY,IMPROPER BACKING,1.0,61.0,1.0,1.0