crash_record_id,weather_condition,lighting_condition,roadway_surface_cond,prim_contributory_cause,total_vehicles,avg_driver_age,total_people,total_injured
00355ee80c8352559d2482534857a4cb1cb586314681b86f3e33af1655d4c367e1320b288ab1f1cf2ffeaa0c0eab091d0d154ee1a191220ba1b2dfd8bb806ffc,CLEAR,"DARKNESS, LIGHTED ROAD",DRY,DISTRACTION - FROM INSIDE VEHICLE,3.0,67.0,1.0,1.0
003590229926e42062e210ad3d89ce750a477af8ce41e0f72f813f752aff67ff8d692732f4e396cc6e35309f73afc54976830408a0745dcf1022efcb2dd7e96f,CLEAR,DAYLIGHT,DRY,IMPROPER OVERTAKING/PASSING,2.0,60.0,2.0,2.0
003590582a3f6d26fd7ab6e6b91d4d6f0fb81ee5bd6d61162ec38b9ae2261c9b950c2617da92aeef1136931de3b45bb9c4bc37973d567531e5caff9b27d1c3d0,CLEAR,"DARKNESS, LIGHTED ROAD",DRY,FOLLOWING TOO CLOSELY,2.0,45.0,2.0,2.0
0035cdb9a01140a6bc51091f3351ec2746d393544c68a8a5be5ab65277b046c976c3f4fbc10359c7b3208b0c4f94f97600a669a3727303112128a124127dbd95,OTHER,"DARKNESS, LIGHTED ROAD",ICE,WEATHER,1.0,30.5,2.0,2.0
0035d3d046dd1afdf19ef7802749767360c7439e8d182a04bc424bfb0ecdc1fb6196b9095ec1514cf3b1518047bb89558ab04d3e9e5bba0c91c869ef59d3fc90,CLEAR,"DARKNESS, LIGHTED ROAD",DRY,"OPERATING VEHICLE IN ERRATIC, RECKLESS, CARELESS, NEGLIGENT OR AGGRESSIVE MANNER",2.0,17.0,3.0,3.0
0035ef7ffa56558511fcc1be8d943904aadc7596d64be198f8a193b6c95d5ae115fee6f56926d6a85834ae714ce18ca395bb47b58462df201fe5c0fd0e7e8efc,CLEAR,"DARKNESS, LIGHTED ROAD",DRY,DRIVING SKILLS/KNOWLEDGE/EXPERIENCE,2.0,29.5,2.0,2.0
003610d2c3566455ee875a6fa694876ebe517deb265905b3c1c8619c69ab1d7f5ca2d5df3029f145924de2eb83920b89a65bd05a051b81fed8c79dbb122bea4c,RAIN,"DARKNESS, LIGHTED ROAD",WET,FAILING TO YIELD RIGHT-OF-WAY,2.0,46.0,3.0,3.0
00361f10d8b06041ed8065deae61b4a0dd7a15ade1f866e28f1a63e97f93ed72e53928615c181cc58f729e13a8bf237b2ef35597c49220bbf3fb53229f0692b5,CLEAR,"DARKNESS, LIGHTED ROAD",DRY,DISREGARDING STOP SIGN,2.0,25.0,2.0,2.0
00363137802c4f860bd2a72382965368ad3930d2d70330245112b6ea9cde6fcd5cf86aebead432e8d0442572d5863a852e64a90f04df0961724af9165ed2ba88,CLEAR,"DARKNESS, LIGHTED ROAD",DRY,IMPROPER OVERTAKING/PASSING,2.0,31.0,2.0,2.0
003662b9109f91c62d98ee9d67cf033ea4e3bd649fb445318c8ac423eeccf173e54939b9201df20dc65be5c84c1d57f6175cb24cd4bcf6a0adaff5f86c9d33f2,CLEAR,"DARKNESS, LIGHTED ROAD",DRY,IMPROPER OVERTAKING/PASSING,3.0,45.25,6.0,6.0
003679495357f71ca1bf3627ad7272ca5630d84540bcaea8ce1f1f4a9c8c602dcda90452f2b8a2715e4be958ef55f80912bc8c45669d8b55e05aca490be9ec0e,CLEAR,DAYLIGHT,DRY,DRIVING SKILLS/KNOWLEDGE/EXPERIENCE,2.0,33.0,2.0,2.0
00368682fa95daf8d2b38f097e9af76c943040b96ce23cb5fc45e559ce8f64015fbd1ab8ec7fb9df4cdc910b336aec7d30a6b8de6d36c7d53d55681772ebc96d,RAIN,DUSK,WET,FOLLOWING TOO CLOSELY,2.0,64.0,3.0,3.0
0036b28fca931fdda541d50343df47183eb5f3d0f6d636db533e3fcda264978cd4643d18f82c70bf9e9243d1a02322040da2f8c43cff641cb6c12002a05d4988,CLEAR,DARKNESS,DRY,DISTRACTION - FROM INSIDE VEHICLE,2.0,49.0,2.0,2.0
0036cdb86f6b0b50fc9cc183f94176c7757572b30aca4791f9cdcd2a92a1aa0f4fddb18d49706f6e456d966bbc34d51b63590e7e7e50da8a1ad03ad6b70b0fc3,CLEAR,DAYLIGHT,DRY,DRIVING SKILLS/KNOWLEDGE/EXPERIENCE,2.0,28.333333333333332,3.0,3.0
0036e96a8034627726d6da32aeb633ede983417b30c793c1ec898b22248c30ab72b7fa09b7dc307c748696f7d8fa6255470edc641bc1215494ac3f25f50f9e96,CLEAR,DAYLIGHT,DRY,"OPERATING VEHICLE IN ERRATIC, RECKLESS, CARELESS, NEGLIGENT OR AGGRESSIVE MANNER",2.0,55.5,3.0,3.0
0036fcc09b1dce4662e58816d1c132b5df4e05152f2128e826519fe9ed8f3f119c95a6ca93f621438c0c26052614b363dabe25f6b5b465b4238c1e8d91bf41c9,RAIN,DAYLIGHT,WET,DISREGARDING STOP SIGN,3.0,42.0,2.0,2.0
00379b3b9fa42323c0970b7a4500c6f30e648070640c60890bd90d81089afc0b25b3ef80914c88f5f3c706e55f34e7d247776ef3ec9446d0cfd6f3c0dc34526a,CLEAR,DARKNESS,WET,FAILING TO YIELD RIGHT-OF-WAY,1.0,46.5,2.0,2.0
0037f8b398971167004eb65bec9b0d47612a926b307ee3a5b0998d17009d62e741540d1942f131e3fba900a5961a3480acd4c3447f18802b8d6a5357ab6cd84f,CLEAR,DAYLIGHT,DRY,TEXTING,2.0,37.5,1.0,1.0
00384d0dd30bcaeaa623bdb79795e97465429f5247ec2fe2f2290641ed654fba01e7c3698e8cb44d7d81aba276ae94931e7a2804c0f518ed09ec9628a6bd3e43,UNKNOWN,"DARKNESS, LIGHTED ROAD",UNKNOWN,FOLLOWING TOO CLOSELY,2.0,42.5,2.0,2.0
00387d985b76c4f688a8df5c66d92d0b0deafb8b7915a594b3583012cfe2ff559795dfc483f443416c0077519cb90335194db322c4c3fd151d5a78fbb19b8d08,CLEAR,DAYLIGHT,DRY,FAILING TO REDUCE SPEED TO AVOID CRASH,2.0,34.0,2.0,2.0
003883bd9375824b71be65e30bb7519280873e7bf378f50d35b131505872b5cf847839b728fc0e7cd87155fe8aef4edc0d4cc952afc6d5a546d02e515e43b7d4,RAIN,"DARKNESS, LIGHTED ROAD",WET,IMPROPER OVERTAKING/PASSING,2.0,45.0,2.0,2.0
0038e66a3b8e52c735c1c6936c5bf0859afbc94db03cc16eda47800f68a77d825e4b39717826abe587575ba1719a64c58af659b6ec3139db7927f7b40a374a19,CLEAR,"DARKNESS, LIGHTED ROAD",DRY,DISREGARDING TRAFFIC SIGNALS,2.0,50.0,3.0,3.0
0038f506b85cde9194653986483e1b9e1712d1e9318041faffd3a6756e2bc233170e3ca4a0319af7e866ef05f3671d6cf25c6a367ac2de7f1fac4f49c41a3d18,CLEAR,DAYLIGHT,DRY,IMPROPER OVERTAKING/PASSING,2.0,38.0,2.0,2.0
0039031291485c3501b75a507fb10b8225ed1a84fc9e7487a5e352d5ced834a0025f4841088e87fecc1e452e7c69e3feef15e2081e345128f77fc2b302797e62,CLEAR,DAYLIGHT,DRY,FAILING TO YIELD RIGHT-OF-WAY,2.0,26.5,2.0,2.0
003915aa6966f887ce9f747fb5d70ca75d79d0d4da030adec9197d8c7898b7ecd61f6675a5253acad2c96e6ebe808d3c8bd4a1fbc11c598207735386afff3220,SNOW,DAYLIGHT,WET,FAILING TO YIELD RIGHT-OF-WAY,2.0,37.5,2.0,2.0
0039218ed069bd6ff1f87ea7736f2f5ecb9d16faa5db914c9bc7eb4863ef637035e45b482dd8695758ae3e3fa488463e96b4c8debbf2b36ada86083911532ee5,CLEAR,DAYLIGHT,DRY,FAILING TO YIELD RIGHT-OF-WAY,2.0,48.5,2.0,2.0
00398e2390a2da77400aaec3d68f24371195b1ab4c2b9992e9d341a689a32de7d665bc70f8887fb4ee06263b31935db11705ac93a442370b466e3af4907cd053,CLEAR,DAYLIGHT,DRY,DRIVING SKILLS/KNOWLEDGE/EXPERIENCE,2.0,35.666666666666664,3.0,3.0
0039a1cd0a96350afa38efeffc665308f962584389080c17f64a7039314f41c6ddcfac3bc081fc7b5705ddb3e5f70392bca92e906913e0c690fb8e3b3c73ee33,CLEAR,DARKNESS,DRY,IMPROPER TURNING/NO SIGNAL,1.0,39.0,2.0,2.0
0039babe6ad58929482f2f0161e1770f88afb81667a5641877c0c407b492f852d57b8aa8472105269527310c776ff8651480772ea709dcdf8b253f670cc57570,CLEAR,DAYLIGHT,DRY,IMPROPER LANE USAGE,2.0,51.0,2.0,2.0
0039c82a799522f7d45c2e590e5a8e998056532b62fb9a99685b40c2afd4e115496f2b1b9c35a3d8efb9b944b5d427841d8e84c30d048d8a7c03e2a7177289b4,CLEAR,DAYLIGHT,DRY,IMPROPER OVERTAKING/PASSING,2.0,18.0,2.0,2.0
003a0b943074656412ddf1c3d8d595ab8f53f7fad19ab29b7637193660d814d104842e18264979ac3c4373f12f36e67a0f807b3fd52d37892654235a4a93ce94,CLEAR,DAYLIGHT,DRY,FAILING TO YIELD RIGHT-OF-WAY,2.0,62.0,2.0,2.0
003a0fb904ea63f1c7f59bf9cbf06fbf48375a0c151c273e74a1a56fa6d42471653e927aa4ae17b3faafdf2cba5b0adcac6c2680b6d1992ea3030ae428ef8ade,CLEAR,DAYLIGHT,DRY,EQUIPMENT - VEHICLE CONDITION,2.0,37.5,2.0,2.0
003a132127751f6cc40a4af4ce2de0abb561040624bb92b048843da52b1b017d82f0f4934aa087b1787bd0d0af7f0f798b4eb3684387f96f367dbf621f271d0f,UNKNOWN,UNKNOWN,UNKNOWN,FAILING TO REDUCE SPEED TO AVOID CRASH,6.0,34.833333333333336,6.0,6.0
003a22456a8eb4fd3f2e8c946dbc925553d343c8419891264b5c55a3718e710abd8ba8b6bac56de753776b78191fc35b2c009316e7c4fe8dea1ecfa92912abdc,CLEAR,DAYLIGHT,DRY,DRIVING SKILLS/KNOWLEDGE/EXPERIENCE,2.0,36.0,1.0,1.0
003a32ccdc75514fca4962826575d049df943c6977b5951548da5bbe7954a8d53b2a143bf568f1905f203ce53ef536aa4a7ac7c79c9a294727ccefcf5b6b0719,CLOUDY/OVERCAST,DARKNESS,WET,FAILING TO YIELD RIGHT-OF-WAY,2.0,60.0,2.0,2.0
003a73757ecd5879798c1e69b85065f699b601b9444439dc13e8589fec200ecec972262586784c176e7ffa5ac91af6bc721ded0300ea8eb9d5dda7a7ee5691da,CLEAR,DAYLIGHT,DRY,FOLLOWING TOO CLOSELY,2.0,50.5,2.0,2.0
003a8f6331a1965e2bde69a57004b03437a6b403d35546cc946b8c69048f7eb35df947bb7b0aea083913f85a8fcb9a7898fd6a33fc0b1ef895082834dd2f7396,CLEAR,"DARKNESS, LIGHTED ROAD",DRY,HAD BEEN DRINKING (USE WHEN ARREST IS NOT MADE),2.0,24.0,2.0,2.0
003aa1ae16fd8076b0908b0fcd677947b37a649644577af72b450c6b174488e1edda9442245ea92cea80bbe0c7b10179527b51416eb8fc5f313646cbf6b9c213,UNKNOWN,"DARKNESS, LIGHTED ROAD",UNKNOWN,IMPROPER BACKING,2.0,30.0,2.0,2.0
003adc3f73d7efa345446204fc7c81a8bad0863e2a1202f553abd90f289ac53ad8c93568054dfd5f6b9e8ba50dc9a479557b95f77c04b6683af3560bf529accc,CLEAR,DAYLIGHT,DRY,IMPROPER OVERTAKING/PASSING,2.0,49.0,2.0,2.0
003af62336917e9b0169abff6608220db9b2cbeaef06f97c073ee91b03b1e1ea5bec167642b62f531efd1ee0e946b2ea5b2924de8c5db0571f6a76d1a933fb60,CLEAR,DARKNESS,DRY,FAILING TO REDUCE SPEED TO AVOID CRASH,2.0,38.75,4.0,4.0
003b12b2e1d7117eff3ae49793cc4aec8e8db00309eef85b1d485b85c23e34246e648276df2a91cad940b4632321aeadcd97398a8c4051c84efac76f97e53122,SNOW,"DARKNESS, LIGHTED ROAD",ICE,"OPERATING VEHICLE IN ERRATIC, RECKLESS, CARELESS, NEGLIGENT OR AGGRESSIVE MANNER",3.0,37.5,4.0,4.0
003b5080656a21574875e13df86312ac5b77cbc4e70d1aadf68a5022b7e77914eda8426d677c7adf75d0a7960ef9ab6271364c5c65337f5244ac8ddac5e7283a,CLEAR,DAYLIGHT,DRY,IMPROPER TURNING/NO SIGNAL,2.0,39.0,2.0,2.0
003b53e48d3d7d68424676737cf7bf1fa8b3592a3e8b98b2fa0de6fdd35a3360dd7fd462ad61ff31508ead6634231c5a9a619ae80470c885df7f6e9e0470ddef,RAIN,"DARKNESS, LIGHTED ROAD",WET,CELL PHONE USE OTHER THAN TEXTING,2.0,41.0,2.0,2.0
003b71477df65d1628be13869859239ccf24dcfd1bf335071631cc1d887158a187ddd1877ec287683817b68331b5906d02ffe28b068461e85cba82ce9dd7a5be,CLEAR,DAYLIGHT,DRY,FOLLOWING TOO CLOSELY,2.0,54.0,2.0,2.0
003b8aa9e9478872b199e727df7a926c96d82624c4231db0bbf99aacc2ed0a10fd4d0e306e308c82a5644a7f6a302c07150c65d4f7543566fb2d05c895282bc2,CLEAR,DAYLIGHT,DRY,DRIVING SKILLS/KNOWLEDGE/EXPERIENCE,3.0,51.0,1.0,1.0
003b8f8970a4936799186dea98bb9a2bc5a01192b3caf5547bec29173010589111d54032b5ec8eb8fb6467a4c287983112e3894fc8e296ba2e8c75b44762d233,CLOUDY/OVERCAST,DAYLIGHT,UNKNOWN,IMPROPER OVERTAKING/PASSING,2.0,29.6,5.0,5.0
003b9cf7e2d11c6fff19280983ccd3d1aca1a3e163421ac89e9067cd1bf7371fab8ddebf45ca84e0a343d680993d008b7b646f06ff47807ba63903ba0f1a3052,CLEAR,"DARKNESS, LIGHTED ROAD",DRY,DRIVING SKILLS/KNOWLEDGE/EXPERIENCE,2.0,35.0,1.0,1.0
003ba3bac9c863a25399f7caae6c76f476214952d528acc0e426c2c411ca8401c35d5de902a000795082e6bf437b48891cd58875f8fc84d251413e7dd47b0a90,CLOUDY/OVERCAST,DAYLIGHT,DRY,IMPROPER OVERTAKING/PASSING,2.0,36.0,2.0,2.0
003bbd6548d68d5b9f144ef940cc967e6d81398caf2e784a2d66acbf532705e37a1f3d68d88860def25709a3efdfd44e6ad052c6274664ca63ad850ea301347d,CLEAR,DAWN,DRY,FAILING TO YIELD RIGHT-OF-WAY,2.0,59.666666666666664,4.0,4.0
003bc670f31b27a60cb385212d8b750338f15ac30e89b11298534ea4f32bf69774764eab442e79ee83089f77adf565872249eb240710f9dfd86bb2be3332bec8,CLEAR,DAYLIGHT,DRY,FAILING TO YIELD RIGHT-OF-WAY,2.0,37.5,1.0,1.0
003bc7d3ec039b474ee8a3affb8ba4e4e85e7b463bfc0618aca6e2fe91f850975817f3e32b879362d33b26b1333995ba0a285f084c5a2042894b6374a8270673,CLEAR,DAYLIGHT,DRY,FAILING TO YIELD RIGHT-OF-WAY,2.0,28.666666666666668,3.0,3.0
003bd8ed26e25830fc3fbbc31c3aabf46ece5d7b05947366cb7024e62b2c3173f3a5e17728a366f6bb1e24d2598fd6a0e9b9a756df82078d6aa049afdfca19bc,CLEAR,DAYLIGHT,DRY,IMPROPER TURNING/NO SIGNAL,2.0,46.5,2.0,2.0
003bdea3f9812fa7406cbecbd0bd6aad07bc06145582dd0813c8693b051762926c60cff5a87f2dba54a8d9f05d7cba5d2c2f2ad1248a7b2f70c6e62e2372d663,CLEAR,DARKNESS,DRY,IMPROPER OVERTAKING/PASSING,2.0,50.5,2.0,2.0
003c142e0ee5b9e439d5c07f52ea372ddd6d70ccacc80aa35488a4be78eac4e70fe77f66a950af73511e2389087532930ef45d669e3ea9ada483e8a7019adfe5,CLEAR,DAYLIGHT,DRY,IMPROPER LANE USAGE,2.0,42.0,3.0,3.0
003c418d2be9e53a190f62428dae458d170a612ad5b981a9f27bb8f0af4a8c6775764fd3fab5693cc5a596f7d13d028596c14434aadcbc8dfd1bdeb5982de1e1,CLEAR,DAWN,DRY,DRIVING SKILLS/KNOWLEDGE/EXPERIENCE,2.0,26.0,2.0,2.0
003c53dd3fa609c3565b3c59e70346e957ebb217c85a7a564f87455333b3c2a3b33ce31523a9ba261fed2821c166f8ef1483dbeab466bc1c83b43d91b468e55e,RAIN,"DARKNESS, LIGHTED ROAD",WET,WEATHER,1.0,54.333333333333336,3.0,3.0
003c62af93853af5e70e24920415a2d0944c60976c665ccef3b1b1feef3d6d40faee6eeee448503e7f7fb32a611e1bf8cb9001c41e1b02f9186d17c608235e35,CLEAR,DAYLIGHT,DRY,IMPROPER BACKING,4.0,45.0,2.0,2.0
003d61f36b3ecc40a39dc03084db293f6c76b76d8917c699d711777c8c7578d7a848ed8d35cb8c2d99c0048ca0ea6a8a3778667dfc151ff1417c1e213d9f9879,CLEAR,DAYLIGHT,DRY,IMPROPER BACKING,2.0,30.0,2.0,2.0
003d799a07a5ff8fd80ac246dc004ebf23fcc09f40b05fb40ca64169e4cc30ea8e58826fabba378a42d7e26526f769c9ef307f826f784bba0af8a990437607a2,CLEAR,DAYLIGHT,WET,FAILING TO YIELD RIGHT-OF-WAY,2.0,35.0,3.0,3.0
003db0bfd86ecbfa611916a9f5d38084003ea6b37fb6fe7dc2220f3e176998c852b4ebf8e6e52bbeca859eb4056ddb7583659a1c152f63a1d59a2b4687d6d147,CLEAR,DAYLIGHT,DRY,FAILING TO REDUCE SPEED TO AVOID CRASH,2.0,68.0,2.0,2.0
003dd2fb434134fe6ca84ef770a3b274793344c2f8c9d27d511d16a2e191503610597cbf45f244f67c435c7d5e901a44d700820f75c9cb75e56fc21e4870999b,CLOUDY/OVERCAST,DAYLIGHT,DRY,DRIVING ON WRONG SIDE/WRONG WAY,2.0,53.0,1.0,1.0
003de423e78f812508772fa07597d12b52aff9fe0407f671fba1a148cf3843fcd86827937134f051160a6bb69fe28b8a0e4130d7ac0b88dbf91146896ca5612f,CLEAR,DUSK,DRY,FAILING TO YIELD RIGHT-OF-WAY,2.0,36.0,3.0,3.0
003df7d00987aad03cb1022261db8340be07a789633d5b1646632a9c74e786b595f480944a456ae3d9021f3829aac85ca0e5286f7492c471bc52e235559ab783,UNKNOWN,UNKNOWN,UNKNOWN,DRIVING SKILLS/KNOWLEDGE/EXPERIENCE,2.0,37.5,1.0,1.0
003dfa9cf740db93649d011e7af58cd03d7b4915e5b7e3bdee6fb85367b5640b560eb70c58c60e444e0dd3cc4a8350a2688645a7c0363e49e0543d191ca45459,CLEAR,DAYLIGHT,DRY,IMPROPER OVERTAKING/PASSING,2.0,35.5,2.0,2.0
003e0f0719a2a33c2b60bc1288d17c4dfbe646b8b9567b45a8f5c3ce948b039920ad1beca7620f431a6023bd55ddb15c0589b2b537af60fad0526845254da6fd,CLEAR,DAYLIGHT,DRY,FOLLOWING TOO CLOSELY,2.0,34.0,2.0,2.0
003e0f0b592b8d164b7196e594e3f9dbc45b3fd50cd1e26d40a2bd6c532d14e9199905c9dd0457de4186134fe04e121762166b95f2a84aa35b13941b1637d2c3,CLEAR,DAYLIGHT,UNKNOWN,IMPROPER BACKING,2.0,32.5,2.0,2.0
003e2985fb5f10e0409cf0c783b7e04c26409f6706498fa6413dc88c6de188719a4e090c4b40fd13458f113dd5b4c6a9745910df9e5870fec04950732cc97e21,CLEAR,DAYLIGHT,DRY,IMPROPER OVERTAKING/PASSING,2.0,29.0,2.0,2.0
003e58dcb0ff793920a72cce2774a4878b902ebec490d71e56a3ac894f76d5ba7b6b4af165eacf75dcedf911eb78d651751d70de9a29c4512f4911119de4066c,CLEAR,"DARKNESS, LIGHTED ROAD",DRY,IMPROPER TURNING/NO SIGNAL,2.0,54.0,2.0,2.0
003e69b22c377db33d94ed2586a541b46d6cc9366f2748282424f5629fcfc5b252ae7a4c727fb172bb08188853b4d7406a6ad9ad9ff51035fa9b45ec5cfb580f,CLEAR,"DARKNESS, LIGHTED ROAD",DRY,DRIVING SKILLS/KNOWLEDGE/EXPERIENCE,2.0,32.0,1.0,1.0
003e83431053a843c65a9f081572c3a38d539ed18999cc0a2dddcb3ea14fb2ccec32531f0839978f4fcc622d9307400ab4568abfbed689dafe6293545057090e,CLEAR,"DARKNESS, LIGHTED ROAD",DRY,FAILING TO YIELD RIGHT-OF-WAY,2.0,47.0,2.0,2.0
003e8fdca28f0600f92c67f91d473015482de54233dbe202078f365df26f653ef0402506d7146d055181c8911f5397c47b7fa2d3f7cff97e5747bbfc14df240f,CLEAR,DAYLIGHT,DRY,FOLLOWING TOO CLOSELY,2.0,37.5,3.0,3.0
003eb9fd40a052d1f1b083af9a7565aa75124e822845af3ae90cc788b2dc430241410fe30e9fdff56c9947b16976757315b2b37b2f67496165546cd614c9c7f6,CLEAR,DAYLIGHT,DRY,FAILING TO YIELD RIGHT-OF-WAY,2.0,51.0,3.0,3.0
003eda399909fedfcf344c0cc3f18822f9fcae86e7752d7727f99137c9df5e6b2902f5adb9e226baec57fbe75f7b867c831a04a9445ab4e3de84c937a8836fe2,CLEAR,DAYLIGHT,DRY,FAILING TO YIELD RIGHT-OF-WAY,1.0,58.5,2.0,2.0
003f10c8116c8dbba92f5eca671ed5b8d2f230eaaf77814c81f5543531cbca8084ee9a91c7ec9dc0376efac7533ff2d1f99eb2018189844796a8028273c0a453,RAIN,"DARKNESS, LIGHTED ROAD",WET,WEATHER,2.0,22.5,2.0,2.0
003f1b1c969eb1db9dccd8220015e301a02b8ccc6b6cc94b33b88b59b2b0e5c81a0514de95349bd7ebb07cb48d8a0f8c051770e332c0073ec5dfb01b748863d7,RAIN,DAYLIGHT,WET,FAILING TO YIELD RIGHT-OF-WAY,2.0,35.0,3.0,3.0
003f283985a9acc1025c01d8266b7bd3284fba397cfb3e691d98abfd0ce931a46d06937af54f5c04eda8bc22a2463c9478b3f42000eeaf9512964c43f1df5684,RAIN,"DARKNESS, LIGHTED ROAD",WET,FAILING TO YIELD RIGHT-OF-WAY,2.0,38.5,2.0,2.0
003f628129067a73a5bc9ee3240d0c8003d3a9e5992778792478b57e2edde3ca4a4cda6fdd34a3db0645aa4b33ba64e4ceb96eee0db3dda5352f92f059cdb89d,CLEAR,DAYLIGHT,DRY,FOLLOWING TOO CLOSELY,2.0,18.0,3.0,3.0
003f9f45bda6384fa83ffa78dcc3a00f9b572269cd6953bf6d547b391fe1038f4a52c3f120a2ef5ca63aadf837bc01a116cddfbabf3786be7d8b171ef94f4999,CLEAR,DAYLIGHT,DRY,IMPROPER LANE USAGE,2.0,35.0,2.0,2.0
003fce42efc1540e0db67defbe3601e2940673d1ceef0c826195cdc54b2d48d0738d6ad0b0a28782ee1959d7edc56e916f5315d34d67a582ae5cc0a2b043480c,CLEAR,"DARKNESS, LIGHTED ROAD",DRY,ANIMAL,1.0,29.0,1.0,1.0
00404367434356eb52da78c8d361885f1b2238d044587b61231e5b268208f48bb55bb43277c551f5158ba257f133dcc2d614a326f8c8d21463fd5cbccb6dbfe5,UNKNOWN,DARKNESS,UNKNOWN,IMPROPER TURNING/NO SIGNAL,1.0,37.5,2.0,2.0
004043ca045325d6cdcc1a27f51e90b41f83ff2f0f14853cea7cfaeda41eba0ea8efe9d19056bd917360fff94facf2a453a674293ea880b4e79748a1929704ad,CLEAR,DAYLIGHT,DRY,IMPROPER BACKING,2.0,42.0,2.0,2.0
00404f50220a3d56bda154ec5d82248aad447a6b8c7c2cd9da8d47e844397a88c4de443d334fc975d3713a7b4138bdd70a96424726641c5917d989aac275a165,CLEAR,DAYLIGHT,DRY,IMPROPER TURNING/NO SIGNAL,2.0,45.5,2.0,2.0
00405397ba67569b12e459e13e7c67da52ab65343aa9c683d3c6d710864912a58ff761ed2b67399323b3ff6419172e6c476f37e648c9d6e47c6708141672f926,CLEAR,DAYLIGHT,DRY,IMPROPER OVERTAKING/PASSING,2.0,24.0,2.0,2.0
004080a51bf74471a53f95fba5c92f0fff3c9c5d10300b7da57beadb6bc441581fab614cdf17fc5c9d6fcacf0d65694d8596f589a5f813f555a95ff811d25244,CLEAR,DARKNESS,DRY,FAILING TO YIELD RIGHT-OF-WAY,3.0,31.0,2.0,2.0
004080eefb7483b9c79db79f6c1854db24abbd9bd6af368824c446ef3e44ec92d088c21d568517f0941fc483ec8e9030fdb5e3fc65813a7e42460f011d4da274,CLEAR,DARKNESS,DRY,FOLLOWING TOO CLOSELY,2.0,40.5,2.0,2.0
004087fb851075468198589bb235d7a2c635a0ff03d0cd0f051767c2effa9887aaf2749ec17bc86d4b5f407c8d0ccbdda7c239a736d96a71cc4703b19180d32f,CLEAR,DAYLIGHT,DRY,"OPERATING VEHICLE IN ERRATIC, RECKLESS, CARELESS, NEGLIGENT OR AGGRESSIVE MANNER",2.0,26.5,2.0,2.0
00409cd4cba91be3b772484c4f5d0e4af397d7dabce73a407b11060d162360538ebea63b2afffbbec098ee5fe27382ac4f05d6a3a5073cd2dcb98274a4e99326,CLEAR,DAYLIGHT,DRY,FAILING TO REDUCE SPEED TO AVOID CRASH,2.0,32.0,2.0,2.0
0040a3ac9407345460dbace8295eac41d7aafa0b310cfcb5eadaffbdbe450261a9cfa461391e5547c7e8bb25ee0a76031afb4b044ad8eb990e32db5996048b15,CLEAR,DAYLIGHT,DRY,IMPROPER TURNING/NO SIGNAL,2.0,37.5,1.0,1.0
0040a6ccdc7c83eeddc3a6f5ef8ff74c4562b4383609f455cca86681b7a847c446177d7ad288c94f78d86d2d9049e526d1d5190fc18f114d87de45c95d29ea40,CLEAR,DAYLIGHT,DRY,IMPROPER OVERTAKING/PASSING,2.0,43.0,2.0,2.0
0040b7959fc985a857d3907ec59ed45c21922c39139e581561dde761bff90fbfd33ecfcb05ddf4357fb016e287069abde742ee7b9854ffb0e48e18ee7528e936,CLEAR,DAYLIGHT,DRY,FAILING TO YIELD RIGHT-OF-WAY,2.0,17.0,2.0,2.0
0040bd2ab445845539f7465d70f9353fb933a22b40bf756ebd72c25361bf42f42c5d9e57d0d6084aefd293151b8b6bbaaed0e4f3f97e0778ab816e9995ea7078,RAIN,DAYLIGHT,WET,DISREGARDING OTHER TRAFFIC SIGNS,2.0,79.0,2.0,2.0
0040d7f1b21ab3d7fb98584e88a9ed90c9f9a4a3bd16303f837b79b0094728d7693df3caa4096b5aa647e746a6d9cd3590331f74b7cea23918bc911b4df88cbc,CLEAR,DAYLIGHT,DRY,FAILING TO YIELD RIGHT-OF-WAY,2.0,53.0,2.0,2.0
0040e5bf249ed531c5f777cc3f86e6da20f4d57b5efde384c1774f73c3b06385380057d61fe3bbcb232c8dfcba029927dd39939ffd7c0ec9407487185a8d2565,CLEAR,"DARKNESS, LIGHTED ROAD",DRY,FAILING TO REDUCE SPEED TO AVOID CRASH,1.0,32.0,1.0,1.0
004102d2966aa4b04e1860cfc3e123effab3678bd6db015630f9e4c44fa389a9d8a0149d35b6357c28c5a39409f88df4410deda606a1700f3bf7995cf74a7a91,CLEAR,"DARKNESS, LIGHTED ROAD",DRY,FAILING TO YIELD RIGHT-OF-WAY,2.0,31.0,2.0,2.0
00410603fe9356f735074f8937650dd08b02cb67e1c8e113cd0e859d7fda3b017514160cc2295cc0328b5541bcf359ec3a0a519b65b4314bd4b2d5cf4eb87494,CLEAR,DAYLIGHT,DRY,IMPROPER TURNING/NO SIGNAL,2.0,28.5,4.0,4.0
004128e3ab9c48cbd8b7bd5f49ad5f019e1772b31bf1df9b833e8144ca4df8a23250354f08fdb557e23fc975b1db542f1ee671ae7c0c2a65754a2e6bea7015e1,CLEAR,DAYLIGHT,DRY,EQUIPMENT - VEHICLE CONDITION,2.0,58.0,1.0,1.0