crash_record_id,weather_condition,lighting_condition,roadway_surface_cond,prim_contributory_cause,total_vehicles,avg_driver_age,total_people,total_injured
004151254c5044e191368ceef41003964ec4cf0fe19845143b177b0b9ee8742682ecb688b230b7d00bbff1db4fa50ff9298e7c408a91745b6deeed473a3effc5,CLEAR,"DARKNESS, LIGHTED ROAD",DRY,IMPROPER OVERTAKING/PASSING,2.0,24.75,4.0,4.0
00418b6e196124ea724c0826b83adb45b99732b426595e33272865bd9b7468ce1c168ca94a74b8a39cd33dc694e4c6563318ecf3ed336f429087743db95478e9,RAIN,"DARKNESS, LIGHTED ROAD",WET,FOLLOWING TOO CLOSELY,4.0,22.333333333333332,5.0,5.0
004198e6e56e94a89d9da17768f776bc9b1b8d1528ca46c5486bbfec28a514df845c751be082ee71aa0908a7d8216690bd6879275ab40620fd2c033ffa302920,CLEAR,DAYLIGHT,DRY,IMPROPER BACKING,2.0,41.0,2.0,2.0
0041a38e47a872ae9ce799fd0030bcc302772e3c9639b08ff10eeaeec9786e2cd2104aa571c8087361bac6809851d26eaea77793957a2d999988005e72fa3730,RAIN,DAYLIGHT,WET,IMPROPER TURNING/NO SIGNAL,2.0,57.0,2.0,2.0
0041a5a25b7092ffb2a568fd7b57330d211ceedbcfcf3e5cadb8dbfe93456c4809693361fe57575cf279cc33b904dec546fe85b4fe3409b14b4e457ba8b3b10f,RAIN,DAWN,WET,FOLLOWING TOO CLOSELY,2.0,54.0,3.0,3.0
0041dbd8cda0f84c52dd8d0007829c54dd841e342b60e463edabe03bfd51b7f341178a221d5e8ee2ac637538a4849589729ac2b004b236da59015dae356842d0,RAIN,"DARKNESS, LIGHTED ROAD",WET,FAILING TO REDUCE SPEED TO AVOID CRASH,2.0,59.0,1.0,1.0
00424777bd1d1105ae8b186b69446c79272eb33ba510c79c4ccccc6f7f3fe1822eba25b48d875a2bfb35966a3b443999bf9851699994ccffbb6682ee5b73e811,CLEAR,DAWN,DRY,FOLLOWING TOO CLOSELY,2.0,65.0,2.0,2.0
0042521f66afbf1b41a756716a0d6607b6f015126190ba6e11765f6e8b0d7a8d03db70a68859ed9d344e1102ef9e307c4b071500b765b8552cb96796ccbb8bf2,CLEAR,DAYLIGHT,DRY,EQUIPMENT - VEHICLE CONDITION,1.0,39.0,2.0,2.0
0042960a3cdb3d038b180f7135728021e12ee1c0180e144eaabb2437ec306b2d6966ecf0d3940aa95da8f5467d2dffaa8b78df3f868f67179f4e9a8f8cb0ac78,CLEAR,DAYLIGHT,DRY,DISTRACTION - FROM OUTSIDE VEHICLE,2.0,46.5,2.0,2.0
0042a20c54f23c339ec18abca6024cc5244e6524cee951f61f31a0e58c50ab7a45e35c0952708b550d836d19903387d6adba72c852b906c4e60e4aa21fdebc48,CLOUDY/OVERCAST,"DARKNESS, LIGHTED ROAD",DRY,HAD BEEN DRINKING (USE WHEN ARREST IS NOT MADE),2.0,37.5,1.0,1.0
0042a4c25bc98fcfb138fea723f2f6df9d190989c4d83a1587be64721659b072bc722f95e2c00a038d8f8f2fa4a610095d8b721a4153ecee44bf9973d73a6f81,RAIN,DAYLIGHT,UNKNOWN,IMPROPER OVERTAKING/PASSING,2.0,37.0,2.0,2.0
0042cf60f8a718e6177c3a3bbf6722dade0055917114b73af9409c8731f96ef7399554237268b36ea718cff74102d3483302d5526b627b8654e308f7299ad52f,RAIN,DAYLIGHT,WET,HAD BEEN DRINKING (USE WHEN ARREST IS NOT MADE),2.0,74.0,3.0,3.0
0042db7e9a52825f41720d1e65fb692f95e6d2734575f6f943d71ae9785741a034fe2cba56ba2fed02e791039de6aa7a52331f27bb11c978cc5579f050539dbc,CLOUDY/OVERCAST,DAYLIGHT,DRY,IMPROPER OVERTAKING/PASSING,2.0,32.8,6.0,6.0
0043186cb0e2b34b1f8ce1895e81faa3cfcb5b364bd4cb0a7083433bf2d1c29cbfebc308154af5299c1a0da16f86805197ffeae5a37420d982c903bd3eef9b29,CLEAR,DARKNESS,DRY,"OPERATING VEHICLE IN ERRATIC, RECKLESS, CARELESS, NEGLIGENT OR AGGRESSIVE MANNER",2.0,25.5,3.0,3.0
004331c653aa329e10275af9d9683d9bbe7474271218f671b6c365f1f8b36b437b48573bd7926f1b3a553c5624291f5203ce32b9d8eb2c2785f8604375dc1faa,CLEAR,DAYLIGHT,DRY,FAILING TO YIELD RIGHT-OF-WAY,1.0,45.5,2.0,2.0
0043623ae6eb84d44f164131b360c81f3989ce9586bd967483f3a3e6dc3986d3321df713992c2704b667bbbe5847b8f35c07a17ec224d14d45820fde8ca0e3f5,CLEAR,DAYLIGHT,DRY,IMPROPER LANE USAGE,2.0,45.0,3.0,3.0
00436cb2e6d320a1e4190b39c46e9895b7c1d88eb6f56e8fa2c8786fe676b80281693b2c113f41ec9e000242dd3272684f1dee39e435ca43d10b4c63dac81397,CLEAR,DAYLIGHT,UNKNOWN,FAILING TO YIELD RIGHT-OF-WAY,2.0,34.5,2.0,2.0
004373c5dddd5933c0ec954503c1313892450ecdfcf6a59011ac87d1698a1f0600eb7c093a1451e6fc35d79c5c96f6d36fe0523b2d60597ffec173bf9fbcc403,RAIN,"DARKNESS, LIGHTED ROAD",WET,FAILING TO REDUCE SPEED TO AVOID CRASH,1.0,36.0,1.0,1.0
0043832737c9fc84b034432e5624e478ab29b5bc5c068be7f1ecee3cb847f22620d07b65fe2c5ee15351ce0bc41f3ee413c44dc67ed2e442cd2c02034cf070d9,CLEAR,DAYLIGHT,DRY,IMPROPER LANE USAGE,2.0,48.0,2.0,2.0
00439adb7235b79798bb0f572019b39d3b8817a04f478cbc356b95b04c59092fb8a70d7d8dc9a616946a89be74369f8f910c4f9d15c3af5c3e83ddb73a9276a8,RAIN,DAYLIGHT,WET,FOLLOWING TOO CLOSELY,2.0,50.5,2.0,2.0
0043c59522eec70763a8e4c620b8425300fb8eb22f04eb69de6a35f37e023a30c526e8e8c2222b730539e1d14b22a94b2bd073b81afeee43865e2758808c3848,CLEAR,DAYLIGHT,DRY,DISREGARDING YIELD SIGN,2.0,59.0,2.0,2.0
0043cfe74b2052f6eb87801ea086ee2b72dbeba64a9bf192f271ee0498be53f48ae9d17d30c7db28444dcd62f84a74baa28c0c2ebedd5086be13e4330997b7b0,CLEAR,DAYLIGHT,DRY,FAILING TO YIELD RIGHT-OF-WAY,2.0,38.0,2.0,2.0
0043ecebea1b3c0fb2b67e92bd0410c596a2adf8821f51082c0a1206a0643d41d909f72c642c75f0f3bb6d1e0eaa8f597919ad695c6b94c039b2e1bac93ae67f,CLEAR,DAYLIGHT,DRY,FAILING TO YIELD RIGHT-OF-WAY,2.0,33.0,2.0,2.0
0043efebe576ab4335c1ad94198d40dcdec12d01b8faf6346cc5f9e51f39829d32a83127267ab87c7b42579eab3201b166110cffe1078a1b4470b2ad8f65f9ad,CLEAR,DAYLIGHT,DRY,FAILING TO REDUCE SPEED TO AVOID CRASH,2.0,37.0,2.0,2.0
00441c1ed9fa8f1852dbfb05d06e9f70af6e4d1b18963322d657b0381104aeb004ae4c10477f7f47b5ed943c472c506b525c91b3be3d3e64dc2f72a825494751,SNOW,DUSK,SNOW OR SLUSH,FAILING TO REDUCE SPEED TO AVOID CRASH,2.0,40.0,2.0,2.0
004434a86a800ed19d519d2aa8d0b7cd48ce3da059f20784ac3cb2bcfa0e313ea138670ed47bfb7477f2f8dfb352a728822c509400dd957aea363a17d28ce968,CLEAR,DAYLIGHT,DRY,FOLLOWING TOO CLOSELY,2.0,29.5,2.0,2.0
00444d6582fe9d826d3640df9a95e71e70eb21986f3135d74560840317336bc154a920433e991f30a8488c97431ca811632d7a2c5ff6598533ee4818108225de,CLEAR,DAYLIGHT,DRY,FOLLOWING TOO CLOSELY,2.0,47.0,2.0,2.0
0044a3a5edb6307eb2c190f9be6591853321b177db44b6dfcba2bcd709e4acc4199247ed382242e1606d107fdac08db62c06e2fcfbce106702d57f98e765f681,CLEAR,DAYLIGHT,DRY,FAILING TO YIELD RIGHT-OF-WAY,2.0,67.5,2.0,2.0
0044bfb030426f6c95a85ef808abaa58ceaefe1ba07fb1fe5d504159e22deaefc6d3982491844f96aa3d6f96177cfc2829cb46095721eba48c99e4e7bf6ad337,CLEAR,DUSK,DRY,FOLLOWING TOO CLOSELY,2.0,29.0,2.0,2.0
0044cfe647ec008caaef4970c27839a8b0691ccb4b9cfacbd95af277c1714111048f90aff89fa858996ad96c5db58bccdcab662836226430b58e032a1b6b05ff,CLEAR,"DARKNESS, LIGHTED ROAD",DRY,FAILING TO YIELD RIGHT-OF-WAY,2.0,37.5,1.0,1.0
0044ea763db39e26fe8d09895892ca2d29e7498446a098d939d6b5a13b5d84ab7ef787e5223cf0a184f34131b8ea355e05a0b734a72a12e0acb50a8e25c3d7cc,RAIN,"DARKNESS, LIGHTED ROAD",WET,EXCEEDING SAFE SPEED FOR CONDITIONS,2.0,43.0,2.0,2.0
0044f11c20adca33c808ec0a9b56b5fabccb83b03d7f6b799a771823d894c42116c4f1840b30c1cf9e906b500505b9effbe1962e481699c69764da4241320daa,CLEAR,DAYLIGHT,DRY,FAILING TO YIELD RIGHT-OF-WAY,2.0,43.5,2.0,2.0
00451c95cea9f4a9c30b204d4be205d5c353c99d59d70af482651e8d50a56f4399771d6ec816185f1bd5925d6d9d5f84fe0188bcd5ad0e8a6ce4200acdd9a494,CLEAR,DAYLIGHT,DRY,FAILING TO YIELD RIGHT-OF-WAY,1.0,39.0,2.0,2.0
00451f96ab8642cc7d432969a8db9c7036699e72b02512de5e9f0c188967f2657af6ce4169198469272acf44dd3ccd00e9a5bd88dcdf393ca67103692b01004a,SNOW,DAYLIGHT,SNOW OR SLUSH,ROAD CONSTRUCTION/MAINTENANCE,2.0,50.5,2.0,2.0
004524ab1acce90886c1b41a4f8ceb802f7581da0525b65b99c395193993126dd76ff13cef090b5ae024260e7422017d4ad4c0f579ad0e75634d1e6c353109ac,RAIN,"DARKNESS, LIGHTED ROAD",WET,FOLLOWING TOO CLOSELY,2.0,50.0,2.0,2.0
00453247fd122a2d716cc6e7b5b46655e7cbf5ee22c076f10a1a6bc49b95187d197de625cbb0ec687297ae2d32a557aa528063395ca676e0754a4029ff6dc4ff,RAIN,"DARKNESS, LIGHTED ROAD",WET,FAILING TO REDUCE SPEED TO AVOID CRASH,2.0,22.666666666666668,3.0,3.0
004570a884c2bac6f60507bb13273530fb738e27ab3a0bff483b9e4fae35ba2e406f813c43d8e1a9bb274b616c7f79ad3de6a2c51bd8cb4182912e9586885e8c,CLEAR,DAYLIGHT,SNOW OR SLUSH,WEATHER,2.0,43.5,2.0,2.0
0045e64908171d01dfa6cc618d27c8b196464685a7a5c5263bbb77ec920f83275417bcddfa42d7a89df7a68cce16397a71ec542a293dedb090c787e5ba341c89,SNOW,DAYLIGHT,SNOW OR SLUSH,FAILING TO REDUCE SPEED TO AVOID CRASH,1.0,16.0,1.0,1.0
0045f6587b9f7fa54fe2858c32c2324592bf89a58c39fc0cf832e608e9bed618c2c327fbe034ef64b1cce8de9a09638105c08e3fb1e685a1fdd957b937c7be3e,SNOW,DAYLIGHT,SNOW OR SLUSH,FOLLOWING TOO CLOSELY,2.0,30.5,2.0,2.0
004654013e541e02adee52eb74e089c1ded4adcfa277e80db54a60612cf1991fb96136d7b6f5fc02eea1b5a798753b157780b8d2d3a86ee6c53b854329045dfc,UNKNOWN,UNKNOWN,UNKNOWN,IMPROPER OVERTAKING/PASSING,2.0,64.0,2.0,2.0
00467ae1bc50fcddad0552977195c44c68f1aabc91875fa966fb33997b5ca22a4d7ffc3cce3de1ac7a00a7abdbf64e637f27aa24e2881dbbe6a393f19922e650,CLEAR,DAYLIGHT,DRY,FOLLOWING TOO CLOSELY,2.0,61.333333333333336,3.0,3.0
00469dfb5611d964ecea654fd6448e94e928000e892dd86cf69e180807125d5ce6778e638fc06880708311b28b33ef94dae04785b9d50da3ad9c6f0b0935ea2c,CLEAR,"DARKNESS, LIGHTED ROAD",DRY,FAILING TO YIELD RIGHT-OF-WAY,2.0,23.5,2.0,2.0
0046a861ba44ac2a94e3931fda1670bff84c6434ae80f4c3e42a7b5bba55211b05f934c719e6cab1c73d7407e92440e4218f7cea753eabe1ab92c388992d7de1,CLEAR,"DARKNESS, LIGHTED ROAD",DRY,IMPROPER TURNING/NO SIGNAL,2.0,34.0,3.0,3.0
0046aa0b8a8551f2df88193fd7e5df206212b3b6637c6faf2bb0d76c441a6e7d3a2c1f9a9afd9214ac0730493b2c7b95abcd8a317fbbab1171c8d26d626ec928,CLEAR,DAYLIGHT,DRY,"OPERATING VEHICLE IN ERRATIC, RECKLESS, CARELESS, NEGLIGENT OR AGGRESSIVE MANNER",2.0,51.0,2.0,2.0
0046d24c20f5aac6555b9cc7b4af1b56983be35eeec7cef17e5d565acd68c5e2e4320ac7a47021c9d4648ab39e2a08553f479e42a3a48adc8ccdbe015c8b09e2,CLEAR,DARKNESS,DRY,FAILING TO YIELD RIGHT-OF-WAY,2.0,21.666666666666668,3.0,3.0
0046f48a926374438da7ff859a32535a8f82510ca8974737e01b707b53f0e8cffcf7b0c32b2440daf0f06247b1e099d435b3aa0be2c682f2e342bac2c2aa0e83,CLEAR,"DARKNESS, LIGHTED ROAD",DRY,FOLLOWING TOO CLOSELY,2.0,28.5,2.0,2.0
004712de3465470d3065419f8b969aa9d84d376302f521b08a330f7587554cc0ab03eac0ee103fe2a0eef801f554cc1f0bc46c209048412e3f60c853d3934cd9,CLEAR,"DARKNESS, LIGHTED ROAD",DRY,DISREGARDING TRAFFIC SIGNALS,2.0,37.5,2.0,2.0
00473477ea9ba833d114a3867c21c588b60d21b8d7f1eef6b83f7613629b0a56468d83f951bbca2c59b28ae0fc2dc4ff50c8a742f75e3752d6db080760299b94,CLEAR,DAYLIGHT,WET,IMPROPER BACKING,2.0,37.0,2.0,2.0
004736bbec01032b3fd4698905e22b3e7ac4573f357e51b82acc0dff457d00e6c96dff5471dfcfb5e6b1a7e5becba54d0ea5a6fb4380ec369473d9888e2165bf,UNKNOWN,DAYLIGHT,UNKNOWN,"OPERATING VEHICLE IN ERRATIC, RECKLESS, CARELESS, NEGLIGENT OR AGGRESSIVE MANNER",2.0,44.0,2.0,2.0
0047726145059bac0edde967d0d2303a4b6b7e0ef9d23575cb4a4f411bff81630e6c87e6e7cd94e8abfabff26840d9fc30c4e3bdb506bad32fb41bc9f82bdae9,CLEAR,DAYLIGHT,DRY,DRIVING SKILLS/KNOWLEDGE/EXPERIENCE,2.0,59.0,1.0,1.0
004781a4e5ea9d1f3706d5f9d0e56713c9114eaf576482904c1adcae9b2f7a66d04a8e9a116a73c0f074f8b4adaf385494b75908061a3cccada59810dd905ebe,CLEAR,DAYLIGHT,DRY,FAILING TO REDUCE SPEED TO AVOID CRASH,2.0,50.5,2.0,2.0
0047858a69a08f0f1d353dd9bd80bc45ab8a98aa8b0189eb73db78538276dc7608ca42168956e0a603ac6be640b5c42f5f9378dfd7062081b046e4225f10ccc8,CLEAR,DAYLIGHT,DRY,FAILING TO YIELD RIGHT-OF-WAY,1.0,46.0,2.0,2.0
0047bbc5e8a5e3e9909590ddd55485e8c6a759860cff31371c26ff16be27f09e2b11ac7c3a7448fdc216f0b536ff5336b12178b43d511abbf5b8ab12917a8082,CLEAR,DAYLIGHT,DRY,FAILING TO YIELD RIGHT-OF-WAY,3.0,21.8,5.0,5.0
0047e24c54271a40d475c3c5b719bac14f9944e5934245eed77f3e404db0793fce90119425125c7b9a77f20704a089a327e24cd10a86f6d67c4c29e2a1b0f872,CLEAR,DAYLIGHT,DRY,IMPROPER OVERTAKING/PASSING,2.0,64.66666666666667,3.0,3.0
0048326e52d2a3aa5aece98a4129e66ef7433c9796faf0d7604e9ccf439b12a331bcc3aeaa5d0870ed52066846a3fb73bb56a33f1a3ebe5aee59fd92b9eeac7c,RAIN,DAYLIGHT,WET,FOLLOWING TOO CLOSELY,2.0,40.0,4.0,4.0
004833306bc2216de1b523970b1069e92f2b2cdea4a3d984b92035b89fece27c93e67eec10dbc8633a718a79aa663fc60ce1d6be95a233a5f9ef1e339372cf87,CLEAR,DAYLIGHT,DRY,FOLLOWING TOO CLOSELY,2.0,43.0,2.0,2.0
00483d0fa176503fa1cfeae02a21d262cd985f5ebb930ceb05f899b8a85c8b93a71d5df6f9a6b4159049421e36d1f25c922b22783301fe0032b88fe294574d39,CLEAR,DAYLIGHT,DRY,IMPROPER BACKING,2.0,37.5,1.0,1.0
00483ee465999cc5cac469f7758028770770148f2c3a3e8cfaa1349139f57073b448b56b761171d35f1f01434d8b9853491f1ab67cae184eb55f5b7a470278cc,CLEAR,"DARKNESS, LIGHTED ROAD",DRY,DISREGARDING TRAFFIC SIGNALS,3.0,44.333333333333336,3.0,3.0
004861a16d89863db1b02bfa74d5e5d9a9ed5deeb8a89af2cfa48327a44553a43f186a31431a5104ad050a860e1b23a1fbd281fb71da363ccb5c1162b44b9b81,CLEAR,DAYLIGHT,DRY,FAILING TO YIELD RIGHT-OF-WAY,2.0,52.5,2.0,2.0
004869102a7a3c38a009ee8e8ccb54abd966fa8036c2faddae6ff2b333b35196645f39a9d1344a6630abd3017436f4051cf8f21c879d79eaa8d88f5789117259,CLEAR,DAYLIGHT,DRY,IMPROPER LANE USAGE,2.0,33.25,4.0,4.0
00489bb8b46def49af75fb9824615e5b7629957a487d0b85b54bdfeeb4e8d334d87f2d716da56a9b12474696afa1698e463b31bdca59802c5e193efd18dc8da3,CLEAR,DAYLIGHT,DRY,FOLLOWING TOO CLOSELY,3.0,36.666666666666664,3.0,3.0
0048b3b9fb2ef471090612a38e337e299a946c54298e58cd689ee4199a02dce316fc7636fd9cb214fb715b41e66dc7251f286084d17e8fda3750dff23027e8a3,CLEAR,"DARKNESS, LIGHTED ROAD",DRY,IMPROPER BACKING,2.0,26.5,2.0,2.0
0048eeab513faf386fda729dbbcf4cb95af1508c828b312b295475db82f577be8a38c5d3dbef0ddbf229f329c3a8fa5599990fbbfbb854ea2d3974963b27351d,CLEAR,DAYLIGHT,UNKNOWN,IMPROPER BACKING,2.0,37.5,1.0,1.0
004935269406a450b83787b80dc7934439f24c29e20955f2c619dbfacec84888aa72b401d72623131565e9f7fe95a57e84d4e05bf238295f781421a6450183c0,CLEAR,DAYLIGHT,WET,FOLLOWING TOO CLOSELY,2.0,58.0,2.0,2.0
00493e0f1d91f5762f8e8dd3fe2dde0ec4ac361a1befd98243db11ddd37800c4ea8cbbf7596aa4527117d56253b8057c1e452fa8979f210fd19a10443fee70b1,CLOUDY/OVERCAST,DUSK,DRY,FAILING TO REDUCE SPEED TO AVOID CRASH,2.0,24.5,2.0,2.0
00498881bdfe1dbac3a04afaf258bfaba4e1aaf92b66223802d9f11b8425186651a4a6f21f62b61e8ae339a2f71adaad81111ac463f3119b1eb8652152b17015,CLEAR,DAYLIGHT,DRY,"VISION OBSCURED (SIGNS, TREE LIMBS, BUILDINGS, ETC.)",2.0,27.0,1.0,1.0
00499a10ea05e27fced22d31eaa698f639abca3d920782b1d4fe2a11aa6d70cefa13a5578cf59ffc6af428ff8e7bc79038aac0c4fb8ac66932da4573b4592e50,CLEAR,DAYLIGHT,DRY,FOLLOWING TOO CLOSELY,2.0,37.5,1.0,1.0
0049b63dface4370982b00420763753eeaf877688230248b906eaa39601cdfd85b0356803fe4f00e683b4c6cd58cd29df778a26308a4d0ad8334e3bb2498aa68,RAIN,"DARKNESS, LIGHTED ROAD",WET,DRIVING SKILLS/KNOWLEDGE/EXPERIENCE,2.0,28.0,1.0,1.0
0049ba2f255a55a7e54f38139f3557a6714b3b001c37058af091419ad5f0a94428649c4354b4fdba804eca78ec7fb4d8991d428777095d47d35708d1aca2cb59,CLEAR,DAYLIGHT,DRY,IMPROPER TURNING/NO SIGNAL,2.0,41.0,4.0,4.0
0049cc2057f59d7bac5b955c2007c24a91b3104452de82824d8d93b70ae68f27972b61ae5d748b50cb09035d4b9ed456fdfd7760cc3bcf3e90b76a1bfc35648d,CLEAR,DAYLIGHT,DRY,IMPROPER OVERTAKING/PASSING,1.0,41.0,2.0,2.0
0049d8d91b9c92f24c06e6b22eb96c2429772c466edfd09a671fd998105a755141e6cf6b594a9b36b1bbcbbd1f51d608da73997447fcf158de0eb0a11d6974c0,CLEAR,DAYLIGHT,DRY,FAILING TO YIELD RIGHT-OF-WAY,2.0,37.0,3.0,3.0
0049e2584a7fa1869c3565cce4cd354c51b1adb67a8199650ccf6ef9c73fcac7d02793e7332f2355db5019bb99a244221cba7433cab174323c3bb33de5e26bb6,RAIN,"DARKNESS, LIGHTED ROAD",WET,"OPERATING VEHICLE IN ERRATIC, RECKLESS, CARELESS, NEGLIGENT OR AGGRESSIVE MANNER",2.0,37.5,3.0,3.0
0049ed199e5b2710f77be57e1ddb60b144f004e430b76dec0f2eab0507e94762524da8fea2782e43bdb8cd71a5acf98fc4c9b67048e44795e7abc2f4aab91fd3,CLEAR,DAYLIGHT,DRY,FAILING TO REDUCE SPEED TO AVOID CRASH,2.0,49.5,4.0,4.0
004a224f1f84d22d0c238520ab2a49330ce211c6ff3667bbbb248fe4404cd99acd398242cd1ac7c9c25dd6a7b9c52580c66a4917432e66ae1184f9f24fea1873,CLEAR,UNKNOWN,DRY,IMPROPER LANE USAGE,2.0,37.5,1.0,1.0
004a5dbe034f2817980c1b1f92796aad17b1c40079348a96ee0de80e417ce9145feb33b59a99e68cf04f6e8b7bfeddbb1cf066da4fedfdb963126254782e8b28,CLEAR,"DARKNESS, LIGHTED ROAD",DRY,IMPROPER TURNING/NO SIGNAL,2.0,37.5,2.0,2.0
004a8190f02c7b73f6b68dc4340271f114ba0d1a814c765cfb3de4ffe9fc58da9a43b0e0d32de3cac6b84ddc25b2568a50e0cbc84fd49bd18a975c44081bbb8d,CLEAR,"DARKNESS, LIGHTED ROAD",DRY,DISREGARDING TRAFFIC SIGNALS,2.0,20.0,3.0,3.0
004a878665ce368c73e939d6025b21a3d8ac288b83ae9c4f327dc71e3058fe990c6ccc3143ab52b4db9b47c230cd91d152272840ba138594500ba96904ec8bf5,CLEAR,DAYLIGHT,DRY,FOLLOWING TOO CLOSELY,2.0,68.0,1.0,1.0
004ab5d443974055703c3bc08856aee4968c8b8a25e06155b250a692c10be0f0dd25c23597cfa93dde7186b8e9ccf0ff6997e9c9ed1001564ca4322dbf30833d,CLEAR,DAYLIGHT,DRY,FAILING TO REDUCE SPEED TO AVOID CRASH,2.0,47.5,4.0,4.0
004ac5a7136ba028990feeb4a2ae2464b39a0e526b1f185da38c66d8e1411cb3f0b067e9388239e7acfb434b8785cbbc4a016cbbd60917c64bc76d9f5337124e,CLEAR,DAYLIGHT,DRY,FAILING TO REDUCE SPEED TO AVOID CRASH,2.0,31.0,2.0,2.0
004af087f1a5f7b64f4e46f70b44f7941a0ebd4c4b43bf04724dbff58a669f803b0c8d2ce9f41fa7929d548b42734738a3cd17a7aff1f9b9796d6a74a501bcdf,CLEAR,DAYLIGHT,DRY,FOLLOWING TOO CLOSELY,2.0,34.0,2.0,2.0
004afd18ce76e4fe932c50aaa2561ebd89aff429cde5d610a470f630fc81eee7fcdcd8960859ebae3e98f75bc72b1830a7d0c2584ee29fa83f1cd1bea2da458f,CLEAR,DAYLIGHT,DRY,FAILING TO YIELD RIGHT-OF-WAY,2.0,62.0,2.0,2.0
004b13a6d3b9ddf6230aabb7a2aa20ee9ee408c344b68d819ebaf8230cf75edaa661114e2f7a0d039dfba0a738ea15e314dcb30f111d08bcaa01f5bcec8c41fe,CLEAR,DAYLIGHT,DRY,DISREGARDING TRAFFIC SIGNALS,2.0,57.5,2.0,2.0
004b21bb53832a6901744f1fa788adde3ceda9a6a45ed4ee9d2730edae41cfec25bd800f070dfee0161e0b7689893a1fa5afa22d9f68027a7fba9e53b5993c1c,CLEAR,"DARKNESS, LIGHTED ROAD",WET,DISREGARDING TRAFFIC SIGNALS,2.0,47.5,2.0,2.0
004b480298d0aaffd684e0b6e689b5b2ed6778c60a27575ef97fb96b6078927154c98604840aa0aae2f7fb02c046ebad7e9caa145433e22be64f776aacc63958,CLEAR,DAYLIGHT,DRY,DRIVING SKILLS/KNOWLEDGE/EXPERIENCE,2.0,64.5,4.0,4.0
004b4a875294c6f22627469ee198ee2a979bf19dd5ddcc039f676267aa3e551acfc68189d34a2a47523c75576af0d6aae499dda92c530af819dae04ff354af0a,CLEAR,"DARKNESS, LIGHTED ROAD",DRY,DISREGARDING TRAFFIC SIGNALS,2.0,39.75,4.0,4.0
004b675ac6e8f5fe177a75528c8477e89facbf81c0917c6d4b7983779d09656160fbc9f6f208d0543a4bae92e8c486b9534160081a8e35ceee33cb8d1ce41b70,SNOW,UNKNOWN,SNOW OR SLUSH,WEATHER,2.0,29.0,1.0,1.0
004b6d3839020d980966aa3dacbfcf2f5cd0e7fc3a45992579332b4962e6cb3b38db0614a4fa82ea69aa765b158218c5ef20a3d9fc9a056b070b8f2c1601f0c9,CLEAR,DAYLIGHT,DRY,IMPROPER TURNING/NO SIGNAL,2.0,72.0,3.0,3.0
004b88d7fa501737808381ab69c994b51c8d60e6dd0ad167339f7d82796d1811eb59f821f003e0cb0e5bff2957e91c715b86e9264e95839e400bc68b17f4c097,CLEAR,DAYLIGHT,WET,FOLLOWING TOO CLOSELY,2.0,46.0,3.0,3.0
004ba4c76cad23367ecdf9aabb5aeaa94580960bb399749079341c8056dee1c3467dae3f735f1adf32c55eb238ca91a23cd821391e93f430d7ac0b382a153b9a,CLEAR,DAYLIGHT,DRY,IMPROPER TURNING/NO SIGNAL,2.0,42.0,3.0,3.0
004bd85f8b2d0e9705ea76cb013ae7672bf36a4d14a7243eec953379abd2f348ddcc429fdce8ff56a18a4f6fe0b7b8d74e456d791f76500d5998d3877127f6e8,RAIN,DAYLIGHT,WET,IMPROPER OVERTAKING/PASSING,2.0,33.0,2.0,2.0
004be8eda285c6f2f0a7600d8b64cc0ce9ec5c55eb47f23bd80730e21945d7e8cff110f5364e97fa5babcc7d968609230ffebab5828c9acd05751ccc2ddeb281,CLEAR,"DARKNESS, LIGHTED ROAD",DRY,"OPERATING VEHICLE IN ERRATIC, RECKLESS, CARELESS, NEGLIGENT OR AGGRESSIVE MANNER",2.0,26.5,4.0,4.0
004beb448aefa8e5511d8b46f54bf43849666f3479e43456b9222732e0de61c1d24c078d55fe0d876c7f33afabc51259786756429fc34ff638f22e913297b974,CLEAR,DAYLIGHT,DRY,IMPROPER BACKING,2.0,37.5,1.0,1.0
004c08987a5d5cd80a6cf7a1697108a3a3137dad984525a1c77c69b81d452d307ef93be89c847d52c6902938d750eb572e5ea051fb76fcaa0b1b675d9cabcaf3,SNOW,"DARKNESS, LIGHTED ROAD",SNOW OR SLUSH,WEATHER,2.0,26.0,2.0,2.0
004c2b6dd25bdeaf58c438872ab91f57714fb660aa79471aaefca0c29a3cc875f84533c7da4dae25f21e5aed5300ccb749a72d4203e4ff9df00230766f2b8a01,UNKNOWN,DAWN,OTHER,FAILING TO REDUCE SPEED TO AVOID CRASH,5.0,32.0,1.0,1.0
004c597066a792f0c315324ccb5485c9d774d333c25d3384079c5c05dd17965a4eacc403c4ce677b7ff18331a6783b6f2a86998dfcd6c85cca28b2a673ce36d5,CLOUDY/OVERCAST,DAYLIGHT,DRY,IMPROPER OVERTAKING/PASSING,2.0,37.0,2.0,2.0
004ca877ef41d1230b2354608d23eedb20cce1843bb5b2786f3c9de3defe4486b0d3bf10dee246bb2857f1e4b01734a4d2d9b5b9a1b5102ea19d8531567e0e8b,CLEAR,"DARKNESS, LIGHTED ROAD",DRY,IMPROPER BACKING,2.0,41.0,2.0,2.0