crash_record_id,weather_condition,lighting_condition,roadway_surface_cond,prim_contributory_cause,total_vehicles,avg_driver_age,total_people,total_injured
004cde02ae2d7c8f0496bd23fca3fc19e7c847b69d88e5d64883126a0133ced83efa9a7bd94fe87a224e5aca07635b5991f4b4556262c993e23df6f9b0030dfd,CLOUDY/OVERCAST,DAYLIGHT,DRY,IMPROPER OVERTAKING/PASSING,2.0,40.0,2.0,2.0
004cf4f9aa495d45254dd6c02f43d824fb90ee6d9be6eb32d7613f5e0c4494f421b7a02bdf76641f52daf09f257317ba58eb351d895958e6c60f05a94872b818,RAIN,DAYLIGHT,WET,FAILING TO YIELD RIGHT-OF-WAY,2.0,58.333333333333336,3.0,3.0
004d008056fff14ac67646b1355bfb76b62b5d905a150f892b49c16a205db7e2426936077a76f47271233d366fde24efafad49149e85789bbb19371e198c4d5c,CLEAR,"DARKNESS, LIGHTED ROAD",DRY,FAILING TO YIELD RIGHT-OF-WAY,2.0,41.333333333333336,3.0,3.0
004d33d0f2145ebd3e130712f793c05ec0e0555421b7d3255527be5a1d927425c54783c12f10599d4ff0e6d8e5babe0477724b6eed7b8b5e5395250e81f16f55,RAIN,DAYLIGHT,WET,FOLLOWING TOO CLOSELY,2.0,49.0,2.0,2.0
004d3450c305505c7501ab5f08b7734be7a16fe9cba2acc3d7dbda938e0b325ac7ce2132e84dfc8d5dae31cf93aa1ea3ba9cf115f2fd9aa880e5ddc111c7a3ec,CLEAR,DAYLIGHT,DRY,FOLLOWING TOO CLOSELY,3.0,27.0,3.0,3.0
004d893c0167944b14dbd97c6ff00ebac44fa65c405113c0c45918679ab5825c34f41963a186cf03c5e61472594c4398badfda7ff8172c473567542a01c97c4b,CLEAR,"DARKNESS, LIGHTED ROAD",DRY,IMPROPER BACKING,2.0,37.5,1.0,1.0
004d8e4211045a9bacf475d6cb1471f5e943efd7d87bdd1407c7ce65141e7a4909198216563289dbf2c7d0d5dec0e56606681fe9ad66bd5d7d091dc4cd6dc03f,CLEAR,DAYLIGHT,DRY,FOLLOWING TOO CLOSELY,2.0,47.5,2.0,2.0
004dd2f9a1cf4b60ef7cb22eea209429b87af5fe58d6bf016a640d7f549a1b1e3b6721f2bd797e17ae2b244f59469e18c450f294c6cb554b7493cc1b0f0c0fc3,CLEAR,"DARKNESS, LIGHTED ROAD",WET,FAILING TO REDUCE SPEED TO AVOID CRASH,2.0,32.8,6.0,6.0
004de18ab1d5835dda3607c20ba0fb883a282980f0d1c5992ae7e7aeb29b726aa7028966a4415d796021a2522d0a1a58859a952a0bf49a4ad4ce3fae890ae37d,CLEAR,DAYLIGHT,DRY,FOLLOWING TOO CLOSELY,2.0,41.5,2.0,2.0
004e07cc7840cbcda658b02285f82387400e4c46c99afa6040c68d05c291cce26b10e9b512b169170211f787c5b0bc2b2cac64df99a221267a04d59c394b73ea,RAIN,"DARKNESS, LIGHTED ROAD",WET,IMPROPER BACKING,2.0,31.5,6.0,6.0
004e4d31a628809e0c06414c8bd78cd9bc53b1c2b8d9d7f04b593a9dddd6d8b91acdc7b79ccf8b33b43e4037ffcc62d03ee3fe6caaddd67806bec1850610104b,CLEAR,DAYLIGHT,DRY,DRIVING SKILLS/KNOWLEDGE/EXPERIENCE,2.0,51.0,2.0,2.0
004e4f7966ed4c0e91407b2f3a360ade645f6d50299b0d4d77c96ebb2bac569eec764192eb5c13e7a11092902411b628a5cb43145f1d2d04d25b6947fc6b0ab3,CLEAR,DAYLIGHT,DRY,FOLLOWING TOO CLOSELY,2.0,37.0,2.0,2.0
004e64eadb456e79005b83a6ee0f90ef4e5aae4d6fe04bf5e8b8db56ff66c9bd175c3eb396faa253b4dc94ab0680086233a62c7cf6a44d8f3bb18b6dc2a1f487,CLEAR,DAYLIGHT,DRY,"OPERATING VEHICLE IN ERRATIC, RECKLESS, CARELESS, NEGLIGENT OR AGGRESSIVE MANNER",2.0,15.25,4.0,4.0
004e74c4856cd24f981496cf47e4d1a54acb2b7bce289d581f801a5fe1ca1aeb77ee7e85b716df4d132f8b5f52a7b2369ffa6e5ca7c92e6e2072160769763308,CLEAR,DAYLIGHT,DRY,IMPROPER OVERTAKING/PASSING,2.0,21.0,1.0,1.0
004e8c08f0ada33e8bbf15f8b7cb1c7b3f82ce265f157be6642c4cc76686183c7e7fd75294441ec30e61abba37460ea12cdfd3be87e80277b218afd663583aa5,UNKNOWN,"DARKNESS, LIGHTED ROAD",UNKNOWN,IMPROPER OVERTAKING/PASSING,2.0,47.0,4.0,4.0
004ec0a659c5aca3c41644a5267d12c59e45d422df891f5ac9b329395c7389b7c8557a18c4b74249cf280c69dd7e0051a503cb981f2a0c7bd1c6ae69a75a5f7b,CLEAR,DAWN,DRY,IMPROPER TURNING/NO SIGNAL,2.0,63.0,2.0,2.0
004ef4c2402d105316fef9041d760a21a058cbe938c95643bb76b4809f3684b67c25129752fa7dafde1f5354a3181baf48085e8e450da276bd7787e2282d4c43,CLEAR,DAYLIGHT,DRY,FAILING TO YIELD RIGHT-OF-WAY,2.0,28.0,5.0,5.0
004f10e13a579b01845bb09924fa9b3265517f3da0c82576e9d25807606212d0e045d55e9f4f1ea3dfd620a5e11dfa5e51e98b3a938fddcb35f741816c7aee9c,CLEAR,DAYLIGHT,DRY,FAILING TO YIELD RIGHT-OF-WAY,1.0,47.666666666666664,3.0,3.0
004f127f2406e7f7da35f28a29c9ead7d21dbdbed85157d678067a0ec1a41d21229b16e9daf08ecf4e8de45c549c1f50dd311175732ab15449b8b5b4f0b0565f,CLEAR,"DARKNESS, LIGHTED ROAD",WET,FAILING TO REDUCE SPEED TO AVOID CRASH,2.0,31.25,4.0,4.0
004f3da5bdf6228da458871c6c0a29c14325cc6d277bfb3311d9fb9fd58baab40cc1c6b9543b6c8d160cffbac123d55c65bf459bf4ab950b31dc0debe89e852d,UNKNOWN,UNKNOWN,UNKNOWN,IMPROPER TURNING/NO SIGNAL,2.0,61.5,2.0,2.0
004f62bd9c96018f94d28cfc4f920fd07339f7dd41defc7029510a20f32ef7ffc1e92a3a2489639a22f89f35322bca6477901944275122c079bcd04e9ed1fa30,CLEAR,"DARKNESS, LIGHTED ROAD",UNKNOWN,IMPROPER LANE USAGE,2.0,35.0,3.0,3.0
004f6b4711d72c30986bbe540fa9e1c730dcf5bd3176b67921fdd7a8a4ceb5cf8ff42451e0d9e1506b10ab91f0394128ab0e1a992503f0efaeadb315599eb8f3,CLEAR,DAYLIGHT,DRY,EXCEEDING AUTHORIZED SPEED LIMIT,2.0,40.0,2.0,2.0
004f74e11de6dadec10a08cf83b39cbe94f2369e9e7ba34d37216d0d7dec6bbe983eec9772d87c49769a2784e2b7522e20711db4aa17fba0a62fbc65086e77d1,CLEAR,DAYLIGHT,DRY,IMPROPER LANE USAGE,2.0,45.0,2.0,2.0
004f78fb4de0a562d4bc236a8e4fe439c9079d32e20b972a46b1d34c2b0e19f4c7eedf38b5e165fb870da52987b000a0b77c826155f9867ead341a5a918cc579,CLEAR,"DARKNESS, LIGHTED ROAD",DRY,FAILING TO YIELD RIGHT-OF-WAY,2.0,38.0,2.0,2.0
004f86e537fb950b4f29f06f58cc397d9f83d757390fcf3ec842389292470b49e7579379bbde92e6a7ca4bfb43578748eef6d0f5ab0d4ef9d745f9ebcac927dd,CLEAR,"DARKNESS, LIGHTED ROAD",DRY,DRIVING SKILLS/KNOWLEDGE/EXPERIENCE,2.0,37.5,1.0,1.0
004f898d58bf3cef8978928af9e6f19c3ccff1f361cf6a6eccff23c31743c385c529de420c2fd3e430ed8dca5c7e8c9cebce5676eaffbba3470ef272dfcb35ef,CLEAR,DAYLIGHT,DRY,IMPROPER OVERTAKING/PASSING,2.0,51.25,4.0,4.0
004fa7f6419ea61cfbeb3134ff1d042a3124d3cdb7dd4762b7a6e764fa0fb15922003e5c0c69c248b0a7d3470758dee6eb6e2cc8dac27e1efe2e5bb4318335da,CLEAR,DAYLIGHT,DRY,FOLLOWING TOO CLOSELY,2.0,34.5,2.0,2.0
004fadf313f099e6326bea836add8b2e7e1d3ad395ca6051bfcdd7f9e17dfe2e4dcca6c418f39bee4c1e65876b3f092f860e1d62cc099e8329e40f946c54e1c2,CLEAR,DARKNESS,DRY,FAILING TO REDUCE SPEED TO AVOID CRASH,4.0,42.0,4.0,4.0
004fba06642f78e0f75b18c2e905cc76cbf793a706358e3d2d517686d3e8a439a1b8f8e65c54d68adadba110bb6a372496f5157291b58cc125634b73c3b5c281,CLEAR,"DARKNESS, LIGHTED ROAD",DRY,FOLLOWING TOO CLOSELY,2.0,42.5,2.0,2.0
0050157987557325c2c3cfabe44e912bd9ffc0c3f75b7889a295b23343476f50b2a8ecf099412ec05eea8d2963122e43e862dee0b67ae681377e30bf828b631b,CLEAR,DARKNESS,DRY,FOLLOWING TOO CLOSELY,2.0,39.0,2.0,2.0
0050235b7b385d4255f1cc3b0bc34dc7beefbf92c4f217b324ad2f3e6e65e19619937016bac9397ec18b79405fb0cba6dc94a841bf474cd225d1b44f66075528,CLEAR,DAYLIGHT,DRY,FAILING TO YIELD RIGHT-OF-WAY,2.0,38.0,2.0,2.0
0050564a834ed8e5189f6b4edb9ac42eaf65af7e27f89e3be8db1aac3ea126d1281a708d2f1f1a49f16425d6efefaaf920a7e9044756bb3af93106c631ef79da,CLEAR,DUSK,DRY,FAILING TO YIELD RIGHT-OF-WAY,2.0,29.0,3.0,3.0
005074774cdac230183e69ff008e857e986997dcd63a4c19f28d930dc324514d32d9f9fb191b8ef650f98204d711ecb360b3cf019e44912ac2aaff3bdff6f5f8,CLEAR,DAYLIGHT,SNOW OR SLUSH,FOLLOWING TOO CLOSELY,3.0,46.0,2.0,2.0
005081f5c94b6fca39b1d7fbcfff8cc553b8af03b9279cfd6821804718bef5b94ed42b240d618483606832fcc6bca77c1287cf8266d02dd612b585efd25eb272,CLEAR,DAYLIGHT,DRY,FAILING TO YIELD RIGHT-OF-WAY,2.0,27.0,2.0,2.0
0050827a1d55ec9544a51cf6c1c665e8a8592e92d0356fb4afde2a728e3ae23a1bdf0bde40ca8c9462ffbc25a75855fdb0bbae32319b1be7d4708b11862bf4dc,CLEAR,DAYLIGHT,DRY,IMPROPER LANE USAGE,2.0,46.5,2.0,2.0
005088ba2c17d5cb462d84ed5969dd5f6ed459cb668e93b6ad15792cb87687a4ca6504904387e24ebf114f5591f7a5a53f1f46b48c1444f4034f51bb0424b1cf,CLEAR,"DARKNESS, LIGHTED ROAD",DRY,IMPROPER OVERTAKING/PASSING,2.0,36.333333333333336,3.0,3.0
005091f199c95d15326db6ecf4d6710551b26554db03f661f9d3aaa6e8220fca7bae1deba1ebc913c35d2d64e89ada5731b9ea239985841a28e9c96c681eb263,RAIN,DAYLIGHT,WET,WEATHER,2.0,49.5,2.0,2.0
0050b4b8a8c30e2bbd9eb3928f6eaa998dfc6638307bd4e93a25d38b6c12da67f23943cd4b822a803bcc8a87a63bf398abae1da55600d3710be3bd7320bc3f79,CLEAR,"DARKNESS, LIGHTED ROAD",DRY,DISREGARDING TRAFFIC SIGNALS,2.0,44.0,2.0,2.0
0050cb4f1e66d3d67d56b720fb40112ddddc060db332df45131245263d6888d66e56bc0ac4afdfe2b650c6dc11cd9ba94fc403adaf1ad1512f8e1b00ffa5f76b,CLEAR,DAYLIGHT,DRY,FOLLOWING TOO CLOSELY,2.0,63.0,2.0,2.0
0050e7d574542098043087941d0908b76ecb5c02543300ed5e8bbe5e208caa9df4a1c3cf1a308cd22f07253f12deafb6c0b01944fdbe598f54e520062093f841,CLEAR,DAYLIGHT,DRY,FAILING TO YIELD RIGHT-OF-WAY,2.0,25.0,2.0,2.0
00510a315fdd7785a9e59dfcec90d7ba7cb446c595540a913b96b2ff4efcff52bb1f92e268c321961f4e4ea51bfe8da1e9f6c30cc16872444f0c306156c18a10,CLEAR,DAYLIGHT,DRY,FAILING TO YIELD RIGHT-OF-WAY,2.0,25.0,4.0,4.0
005126ea991bda364ecde439fda3f825bb48b83a40e3ebc8a5865832a5c955b2ec473c441c9513e8bf185231e0d6b2694ec71962397c02c8ce63299777bccbbf,CLEAR,DAYLIGHT,DRY,FOLLOWING TOO CLOSELY,2.0,36.0,3.0,3.0
00515575afd01d273dfb0e4b58183a4369f12323a4c9addad99643e9e9c1cf28f786d04d0a9ee7fb57725c61bd767fbf9805fd2bcaef684d95258921e2f87e97,CLEAR,DARKNESS,DRY,FAILING TO YIELD RIGHT-OF-WAY,2.0,31.5,2.0,2.0
00517aa340de7090041ac34669b56a43dce3e227afe8839d4484cb3a313032c32d29c70589ba703b77a32fb9edd7e632d7c0244292cd2bc874a75c4a70d0cd89,CLEAR,DAYLIGHT,DRY,IMPROPER BACKING,2.0,50.0,2.0,2.0
005192eb3a5a11d038412b386556d65bcad16fef5cef70e8a133d11d3d3505ce74268ad01c875866c7eea51ca80afdf6334c143a45028c7f26a736e7ff76da2b,CLEAR,"DARKNESS, LIGHTED ROAD",DRY,IMPROPER TURNING/NO SIGNAL,2.0,57.0,2.0,2.0
00519b8be9369d25cb191346944c9e6d650c2225e7b24b7f5e3da89c81c443e088454081d908018e9aa6611e9b50d19acecda59c14616b643f207ab9a4872862,CLEAR,"DARKNESS, LIGHTED ROAD",DRY,FAILING TO YIELD RIGHT-OF-WAY,2.0,21.333333333333332,3.0,3.0
0051b06d02b3831d27014ebdcf7acf98e839ab5edddc2c9942abb1fe369f3f17a38d418930146807a3dbc90395db9755e69e7a922bbbf64b458050c7bf59de5b,UNKNOWN,"DARKNESS, LIGHTED ROAD",UNKNOWN,IMPROPER BACKING,2.0,26.0,2.0,2.0
0052353fae536fede6e12ddeb02d595269b9710f0cb99dfc2102d4674081756f7ab810a37245a71ba75737571a9ca460a395784d6bd18c9af14e2f32707f4bf0,CLEAR,"DARKNESS, LIGHTED ROAD",DRY,IMPROPER BACKING,2.0,22.0,1.0,1.0
00525ef639a1be54732648c9a2af1aa308ee7943d33b04ba7c0bef1e7bdef77f848c3dec60dbe394c5f25c92d93fe91632c791e3007656a7c5ae878ded916051,CLEAR,DAYLIGHT,DRY,FOLLOWING TOO CLOSELY,2.0,31.5,4.0,4.0
005282d4b51be44f7f5169ea23bb7b67a76d280f0207e80bab78ed52c810caa919872e0151dbe62bfa3c492d7a6c07d08b5f5e4172f3e6a16257ff94d66848aa,CLEAR,"DARKNESS, LIGHTED ROAD",DRY,FOLLOWING TOO CLOSELY,2.0,34.0,3.0,3.0
0052a08587cc0f0bc47e2b810069d65b8f86a0dc672c5b436220416d3d538ef2af05095927f2741e687766ba487da627982556ead989ea6b14dcd4f4b7fd0a30,CLEAR,"DARKNESS, LIGHTED ROAD",DRY,FAILING TO YIELD RIGHT-OF-WAY,2.0,23.5,2.0,2.0
0052d2df164b31d6b0f6a799a52411dbef2a50a40947c1d4b28e1a66e20d6442fab82344d00c978920194714a8d92c44c84cb5037c64638b43b8fc20f3410012,CLEAR,DAWN,DRY,DISTRACTION - FROM OUTSIDE VEHICLE,1.0,28.666666666666668,3.0,3.0
00531715c2fee71e5446b9c8cd9a10fe6b2a7fe46a67bce00c8969d97b2a8194c353b2cb1a0cd08b2ca4a5eea95bc857dbcfb92483848e3c0abd9507d2fcf316,CLEAR,DAYLIGHT,DRY,FOLLOWING TOO CLOSELY,2.0,48.0,5.0,5.0
005334d88b50452228b683a441641a6c992856ae7e5a60179bfc61eb2bd2d806142a2935508dc15d4e598864da0a0e9115c59bb0fb97b8f75b59b5da1387026e,CLEAR,DAYLIGHT,DRY,FOLLOWING TOO CLOSELY,3.0,23.0,3.0,3.0
00533ff02d963c1e31e25c619d888602c4923a2600b4fe6e32935342d4900ced9bca243e62430ce31fec2cb4321fc5af9c449515670e02c256c0d0c0bacb3338,CLEAR,DUSK,UNKNOWN,DRIVING SKILLS/KNOWLEDGE/EXPERIENCE,2.0,38.0,1.0,1.0
00534167bcfd47742801568773fcae345915e19e72e8b1f345ac33930922162b703889ec7e4f3dd1e96efcef524f4a1ccbbda55d68ae17e7bafe9145cd1e2ffb,CLEAR,DAYLIGHT,DRY,FOLLOWING TOO CLOSELY,2.0,22.0,2.0,2.0
0053510e7d7fcf8e6d82a46e1d82499082cedb06ae0d63264beae33ee9cd65e387088b73cb38033c2b7b1d0fefe2cfb4f756d55846ca450f8128c70ae0df7fd2,CLEAR,"DARKNESS, LIGHTED ROAD",DRY,DISREGARDING TRAFFIC SIGNALS,2.0,49.0,1.0,1.0
00535583351e954dfea4a4fc5baac9f66fb3916a3af49bda707ab442453167ebae71fb19620bb43ff4afb6a78cf01c299ea4d52f680692c9e9dcc7fb0f04248f,CLEAR,DAYLIGHT,DRY,IMPROPER OVERTAKING/PASSING,2.0,43.5,2.0,2.0
00535e0cac907046ffa831f1d0acf9c2b1d23013f325f73d734f9e5bb1810f0ea84c934c1ba5a481dcac51063fa3ca9fc93d7e0adc2a15d71582d7cdcfe23773,CLEAR,"DARKNESS, LIGHTED ROAD",DRY,IMPROPER OVERTAKING/PASSING,2.0,56.0,2.0,2.0
005380422c0afb4fd7373f1ddd03ba7ae9a93b9f5f3ba36392ada540bd24551be3a738381f052a7eccc3efaacf3514e8e720e2671390ec3583e79f31946289e1,CLEAR,DAYLIGHT,DRY,DRIVING SKILLS/KNOWLEDGE/EXPERIENCE,2.0,40.0,1.0,1.0
0053c92ffa9bfeec234292ba8511bc59e8027d12c3880030fb5d69dbb266aac8149d2de4525b115e039116d3fd826912bdda9fbd7b04ca0da61d8a74c2b3c151,CLOUDY/OVERCAST,DAYLIGHT,WET,DISREGARDING TRAFFIC SIGNALS,2.0,33.5,2.0,2.0
0053d1839808c958f0da9e24b964c419b484b2cf7c5b4233732ba452382ade5cedd377cd904f51c3ae2922dff8939918e998ba24ff8319460db40915c0da0da7,CLEAR,DAYLIGHT,DRY,FAILING TO REDUCE SPEED TO AVOID CRASH,3.0,41.0,3.0,3.0
0053dbb6d8bb752cdeb55e9ff754dddd4e4921849752ad50a638fe5dae422859057ba0d99a7fee548e6aad185c621fe3b52f7ed8b049a3abb8ff292d2143517c,CLEAR,DAYLIGHT,DRY,FAILING TO YIELD RIGHT-OF-WAY,1.0,25.0,2.0,2.0
0053ef154e9c2980290569ce1742ba89b5037e6d0f38cf4a90fb40dacff9423d662dedb6f5035a77d50b7b73ed5756bc62d8393715946fdf80e65e2656e34a60,CLEAR,DAYLIGHT,DRY,FAILING TO REDUCE SPEED TO AVOID CRASH,2.0,19.0,4.0,4.0
0053f4fc7cddd6bb3de89484a0290304a4a630f35f229e73a9dc5ca8252c0eb4abd5ba450aa4964f0f4c20e4023930504356ccd5bbfc9f2ec53d5ed41dc23596,CLEAR,"DARKNESS, LIGHTED ROAD",DRY,FAILING TO YIELD RIGHT-OF-WAY,2.0,37.0,3.0,3.0
005421d2af0072fe74e34c213a775b30bb82a14756d634321716a5b48d18a29239e4a721655f321c893c4f41b3f1b48665d8faae559fedc2415db41c189d00e0,CLEAR,DAYLIGHT,DRY,FAILING TO YIELD RIGHT-OF-WAY,2.0,54.5,2.0,2.0
0054260ed8103fdb66bdb5bc807538308b64fedb0c7d5a9966dae15df3fb1bdbaf1882261a9d70c7f40b05dc64c54db3d9bc2efa73235e196e62c1c9bfbbe5ad,CLOUDY/OVERCAST,DAYLIGHT,DRY,IMPROPER BACKING,2.0,49.0,2.0,2.0
00543efda7df84e4dd5de5e970ec728a79e59bf2d4649c4185edcbf63af8bbdb2c2038864649a0d2cca67d2c0d193841a227706944b8e7c3ed6f7e4b7e7654a8,CLEAR,DAYLIGHT,DRY,EQUIPMENT - VEHICLE CONDITION,2.0,29.0,2.0,2.0
005447cf1701b37068a92c87be7a30423bb264f27c47b9d288da067869582749b615281c56430e6f18cd492811593ea682d1e8415601d7ee0139cdbe8c8334fa,CLOUDY/OVERCAST,DAYLIGHT,WET,IMPROPER TURNING/NO SIGNAL,2.0,58.333333333333336,3.0,3.0
00544cc542f537f8dbf54057564224450d60fa17a394c75e719028442d3e69339106655eb785cf251919f1106aea1e18297c36e0ac878d579347e5526e7ade97,CLEAR,DAYLIGHT,DRY,FAILING TO YIELD RIGHT-OF-WAY,2.0,33.0,2.0,2.0
0054656bf5d52d4275e1b13b46a8becbe2bf05ea0f259854386e52e271a048ac5ab23c53460cc0595fd1d01bd34542ecfd3e5bc5cb9102fab12b7208d94c002f,CLEAR,DAYLIGHT,DRY,IMPROPER LANE USAGE,4.0,67.0,1.0,1.0
00546ba2a3429caa2a1afd89e3336c74a6785265f84ce43b65db8dcd8596713e6ee299c8175b190a6686264fc5475028f6f5a3485ff8bb1f056920a0f17d2833,RAIN,DUSK,WET,IMPROPER TURNING/NO SIGNAL,2.0,45.0,2.0,2.0
005479f9e0c7c063ec75588685a8ff5a234d599ff60eb429367a0461746c55707168c4b261d9daaa37b1f65ddb30ee5f56ed23b82bf4241fcb871c0c39562314,BLOWING SNOW,DAYLIGHT,SNOW OR SLUSH,WEATHER,2.0,51.0,2.0,2.0
0054d691803dcde9953bed81fc55b356f20635926c2d49d895ab193bdc955205d5ace1a4d8f7a801458b90e808ed6f8cce5e219053da548e2587cf3797b6b7b4,CLEAR,DAYLIGHT,DRY,IMPROPER OVERTAKING/PASSING,2.0,50.0,2.0,2.0
0054e26f43c5de1560a7c09af02927636d1a23af7aa6bd477da7c87d98dadbee76e8d9a4bc791396a3c7d24ee4ef438f482b052a61585d125197bdb7d85f12da,CLEAR,DAYLIGHT,DRY,DRIVING SKILLS/KNOWLEDGE/EXPERIENCE,2.0,24.5,2.0,2.0
0054f5edc3b051bd2b217f617f52f3f41d651afec180f6a7f79be3fd9434f9078607e86fa004f70f673e4b9acbaa75b5cec90d6df1643638511100f6f8c4bb57,CLEAR,DARKNESS,DRY,FAILING TO YIELD RIGHT-OF-WAY,1.0,39.0,3.0,3.0
0055148bef71607d2f44da0135127aedeebdcd240a1477c41735d15f76955327f581f307ce52d3d0fcd19f827a6a8bc81c10266b2e0a187cedb94d0be94bab08,RAIN,DAYLIGHT,WET,FOLLOWING TOO CLOSELY,2.0,53.0,2.0,2.0
00553b709d7fe96cf2963da8b3429358b14145f599e271a725ae83720e44f4282f5de4d0d14fc514e0ebd39f5cbe8bb105c075bdb44b1496dd0049452f046ffd,CLEAR,DAYLIGHT,DRY,"OPERATING VEHICLE IN ERRATIC, RECKLESS, CARELESS, NEGLIGENT OR AGGRESSIVE MANNER",2.0,37.5,1.0,1.0
00554edcbf68c6eb4d438e92ce71a593e858971fd885a4bae4225a4678463b367abbb7af3d7ceb46c0a524d37a1cf87ab8735a5f97ff63be94c9c7d5d5b6b149,RAIN,"DARKNESS, LIGHTED ROAD",WET,FAILING TO YIELD RIGHT-OF-WAY,3.0,28.5,5.0,5.0
0055675bcc85a6c516c8c1c31e87af264dceece4b5ae696d50b3157f6e227a2c46c850f9ec5ac8b52faf9c26f0d232d2d9b20bff9e9ea96f546538626258049c,CLEAR,DAYLIGHT,DRY,IMPROPER LANE USAGE,2.0,37.5,1.0,1.0
00559d32852e28f867554147008dcbfb97ec888bad1ed8537ca3751a9a0ed60b5c113d6e90ec24854789324d5503be6b605efde893781e6a3f702715cdd73aff,CLEAR,DAYLIGHT,DRY,FOLLOWING TOO CLOSELY,2.0,54.0,2.0,2.0
0055fa06894c09e6549492e59172d700a8f64720bedcb0fbb4039c4d6b5fd30a1803d85970946ab8a5f713b06711feabfeb9a83dff950aa4e23c789af390ee0f,CLEAR,"DARKNESS, LIGHTED ROAD",DRY,IMPROPER OVERTAKING/PASSING,2.0,46.5,2.0,2.0
0056196ffc2e9e745a38ff1941b1c50301e2bf8162736d02e88f338feb200b637e4de86cf567fa0786940e1523488304dace4a41f31d927e4d21fccc0583440f,CLEAR,DAYLIGHT,DRY,"OPERATING VEHICLE IN ERRATIC, RECKLESS, CARELESS, NEGLIGENT OR AGGRESSIVE MANNER",1.0,33.5,2.0,2.0
005619af381fd1a0d537d8e0e432144a2198e0f2c3e76ed7889105db15dd1cd1f12bbc190836c51bf9777d8bc4f5aa2e3584dd4a3cb5fc664edaed3b9ff92db9,CLEAR,DAYLIGHT,DRY,FAILING TO YIELD RIGHT-OF-WAY,2.0,38.5,2.0,2.0
00566ec852cacf73dd123bde6cdc02e0833410387957338403b21e4cd046b9dd28204f048b5ff212880b30c7a05fb72d9eb5ac16eedd115db4fc77f6d76144a4,UNKNOWN,UNKNOWN,UNKNOWN,FAILING TO YIELD RIGHT-OF-WAY,2.0,51.5,2.0,2.0
0056a37fffa9c8f532998c762688f26edc48eb6e05cbe7981b8d49522ab930d283078f1474c122cf6d7cf7a8891f903abaa194fb129fcee5bef7fc798313ecac,CLEAR,DAYLIGHT,DRY,IMPROPER TURNING/NO SIGNAL,1.0,37.5,1.0,1.0
0056a4aa6c8becc3b2ac4649f0e42b7da7fcb95ce48845e4dffbaa731dd39f1e3e0136a3c80ae926743879250d9fc23ea98403ec7810207c1ae648ae2a5c68b7,CLEAR,DAYLIGHT,DRY,IMPROPER BACKING,2.0,42.5,2.0,2.0
0056ab831c6df06f017da334de7592b0b9e66eaf3aece1b90765ac691cf9a686ae75145c3d9fbf1b47410fc211c7078ee09546dc08873ded69c84994ba3ad223,CLEAR,DAYLIGHT,DRY,FAILING TO REDUCE SPEED TO AVOID CRASH,2.0,42.5,2.0,2.0
0056be662ad346bf4cc68a1ac7f4890a0af279dcb060d698784cf975811c73fba409523494ae9bb7b338b7b2d2c9106d9c6213bc8210b9e8c1cddea5ac178f7b,CLEAR,DAYLIGHT,DRY,IMPROPER OVERTAKING/PASSING,2.0,42.666666666666664,3.0,3.0
0056da66abbbe3801471a3b091e81b7a7a647d8b5370caadbe9f12a171d1a56931310707e9b7108fb432aca798cd65dd0757a0b3404fc623b14587bc04f9fbff,CLEAR,DAYLIGHT,DRY,IMPROPER BACKING,2.0,35.0,2.0,2.0
0056e7446bd668d59e65e9ef259850b1423730b1eefdbe384bc9b8baaf305af5c09d81f925af3bbab1ba0870a5e1afde34c1cde5a9383ca52040a1ba678b9805,CLEAR,DAYLIGHT,DRY,IMPROPER TURNING/NO SIGNAL,2.0,40.0,2.0,2.0
0056ecddb83a4025306be8b8c90edce423cf871c9523523dc4acabf5c9305598d30ff02e3e4084d2fc1e3023fd26d8b6e5bd81e9a87f826219017767ca2357b4,CLEAR,"DARKNESS, LIGHTED ROAD",DRY,FAILING TO YIELD RIGHT-OF-WAY,2.0,31.666666666666668,3.0,3.0
0057268ad5c3716fcc47c91ecb6a02cb2fa755fde5aacc060adc4e710634cf5bc7aaed836dfebdabf90376212994923dce6916c390b6fa71bc7cf45eae58b447,CLEAR,DUSK,DRY,FAILING TO YIELD RIGHT-OF-WAY,2.0,34.75,4.0,4.0
005764d1dd13988caad0839786b0b1b4e34a2796e2ef669d930a374b37e6bcae52a21cf48c79f8de5b8d065c252a55af46f9800bf36998f2064215bafeba46b6,CLEAR,DAYLIGHT,DRY,IMPROPER OVERTAKING/PASSING,2.0,51.0,2.0,2.0
00576e0cf83918c277b657f61f5c2e0c4eb6aff0df136dbd68bb845bcaf00a8e2d944457fe182733ee3e18e401c283c513a8e0ac196bd310c5cb7a5272d9921e,CLEAR,DAYLIGHT,DRY,FOLLOWING TOO CLOSELY,2.0,45.0,3.0,3.0
0057831c7ab5b325d140ebe190cbd234feaf4fe9cdcdcc6aeb842a7fb248061bd692b4e36c13861b104748f625d3ff1e2a336cab2b4a76f75b10907d78f8295e,CLEAR,"DARKNESS, LIGHTED ROAD",DRY,FAILING TO REDUCE SPEED TO AVOID CRASH,2.0,27.0,2.0,2.0
005793bfb08e3726ed9dad12a4eb8d1348102719dfe4847d9694db2c511bbe83258a9a0d1d8fa77d797812770dcd0af6582ee4dde67f3e57b2b7164d6bece464,CLEAR,DAYLIGHT,DRY,FAILING TO REDUCE SPEED TO AVOID CRASH,2.0,32.0,2.0,2.0