crash_record_id,weather_condition,lighting_condition,roadway_surface_cond,prim_contributory_cause,total_vehicles,avg_driver_age,total_people,total_injured
0057caca5b2c343a4039216b3f849432b2db564157ded6f120dbcb923e1879715320a5e8c6084e03b678c8ecc7f1edb9e8e9899ece659bcd6a71d6343532fc80,CLEAR,DARKNESS,DRY,IMPROPER LANE USAGE,2.0,38.0,2.0,2.0
005809c3d711d10aec25183304ea6bbf0b4eaad1525b24a9bd1ba8b2bc27aac4e0784b8b205db5c91df24ea82c191b8adfc21359f79072d32df2af4e348de37c,CLEAR,DAYLIGHT,DRY,FAILING TO YIELD RIGHT-OF-WAY,2.0,43.5,2.0,2.0
00580c38c361fe6da401a2a6b96f381a08f3a6811f18c706d1f80d90add9f9057861df5e7ac90a82a32c30ea3596fc0809cce3d3ab17e451081247163bbdd95b,CLEAR,"DARKNESS, LIGHTED ROAD",DRY,"OPERATING VEHICLE IN ERRATIC, RECKLESS, CARELESS, NEGLIGENT OR AGGRESSIVE MANNER",2.0,23.0,2.0,2.0
00584bf41f53f987568ba0d5cb04db697c238c83e77a266b4f5ed4587b4b099e1be470bcd249c473fad3e741f444f9ce2e365302ceaa23eff182479baf548827,CLEAR,DAYLIGHT,DRY,FOLLOWING TOO CLOSELY,2.0,41.0,2.0,2.0
005861f3031ba892691a10f579cd4651228044ce3da9041e6243d8f8ad1b250bf7131c5281ce0c6f63c250ba43510651e1d2633c4e20167ed7ece234836fbac5,CLEAR,"DARKNESS, LIGHTED ROAD",ICE,WEATHER,3.0,37.5,1.0,1.0
0058df7ec1f1c83948c1f7fab3b3d4b42845c764799817a418d14be9773089c7288d61275965c451f24f00f4c04fac1e708dec74efb5afe4f77bd14fff9b69b4,CLEAR,DAYLIGHT,DRY,FAILING TO YIELD RIGHT-OF-WAY,2.0,23.75,4.0,4.0
005917fe9bf9eccac4b23b6a7bb4193bf8ee512b42c22cbc717ade6fd2dd8d088b40abc099574c84512177bc773d39be948a1a8c86f313e6d7be2eaf031ffe65,CLEAR,DAYLIGHT,DRY,FAILING TO YIELD RIGHT-OF-WAY,2.0,21.5,2.0,2.0
005928c67814c7d9a7766347bd041c37215cceaa3c195afe3db039db1d9f6bff9c3876e39db7e7bea64e36c635fbbcacb1691cc076131b5202a69b23524588a5,SNOW,DAYLIGHT,WET,FAILING TO REDUCE SPEED TO AVOID CRASH,2.0,29.5,2.0,2.0
00596a7f22d98f65ea6b1e5171069eaaa40c0d94c26ae62892fb9f7ef0a76d04dfb215a37783f9cfbf9612ffa1481b82092ed7d45bd528c6e5d2d6e7e443b4dc,CLEAR,DAYLIGHT,DRY,FOLLOWING TOO CLOSELY,2.0,56.0,2.0,2.0
005970e4400a525e778d1c43dffbae98aaec37a9f801f9914307daf6a28e4d85e9ac8898442c6a3bb1ab5ff5f7733dd7e2a747cc1d5c2b88c190b077aa90ebea,CLEAR,DAYLIGHT,DRY,IMPROPER OVERTAKING/PASSING,2.0,49.0,2.0,2.0
0059adac1719a04faac3569851d15c71c37001c9e5534569cd590db0ffcd8d1beb0c19baa68b234e4212722b83210a3cdd8ae1de2b87c476f3262714f21f6380,UNKNOWN,UNKNOWN,UNKNOWN,IMPROPER OVERTAKING/PASSING,2.0,37.5,1.0,1.0
0059cf5deaa95c9338c5c60ec3a7139bc5d205b34a62e33448e9eac139d0403fee742132c92d7fe2fb1c25caccdf3ddef957efa24a2af37fa03d1bb0129daaa3,CLEAR,DAYLIGHT,DRY,FOLLOWING TOO CLOSELY,2.0,37.5,1.0,1.0
0059e47c5d6bac42a4b80e07470a8bfac22af1555f2e7a64af1b52a8dbe3ddc6660ecb1551df1c48dc9b68f610dad2e5a310d0884bb1361b88155dceaef404c0,CLEAR,"DARKNESS, LIGHTED ROAD",DRY,FAILING TO REDUCE SPEED TO AVOID CRASH,2.0,37.5,1.0,1.0
0059eb526965844053570489eb795c9e738fee874779ad535607c80071f7f329cad1b8f2d429759c7a6b1396724fa361d2a5e0d8d6e2c72ebd971817b6a8eb3b,CLEAR,DAYLIGHT,DRY,IMPROPER BACKING,2.0,31.666666666666668,3.0,3.0
005a10cad8e9f3dc91d0991807f4eab019b9a7eeed6ee81d7340ffd9c01b9207543826ec4d2fb943ff636b7f6c3d3de32d2f8b962b0369a5c9178f3873575d05,CLEAR,DAYLIGHT,DRY,IMPROPER BACKING,2.0,37.5,1.0,1.0
005a3791f0af332c327ee0c413b2d7e4ec8827c5b585c4a3642496d6b2272a9640286fb5f1c2940047343e0811781e673530358cea0953134a4fd57d27880fd9,CLEAR,DAYLIGHT,DRY,FOLLOWING TOO CLOSELY,2.0,40.0,2.0,2.0
005a56057699e47ded210820ef2965344a8e8784f41dc20c41dc4832d4e202bb35930efed47e8d941a6a4b7f3aaa1bae7af8f8fae9eb646900784e5567ad97bb,CLEAR,DAYLIGHT,DRY,EXCEEDING AUTHORIZED SPEED LIMIT,2.0,39.0,2.0,2.0
005a57ce8468bb1843227565029b3fa5d4b56b97e10475ebed36e07a1cb6631d544f5a5720692d7a422a2c902c8eb8618701e9d2868b7a27991532e45db045a5,CLEAR,DAYLIGHT,DRY,PHYSICAL CONDITION OF DRIVER,1.0,40.5,2.0,2.0
005aa1e915b5a67ddf9d8c53d0d2a942e2feb3942f718742091709a63a0dec39a0a1be84ca0952739b1b8b31416594e8b9d5e896ae0a5fbca41a735e5401f515,CLEAR,DAYLIGHT,DRY,DISREGARDING TRAFFIC SIGNALS,1.0,48.0,2.0,2.0
005aaa79d2bfc6a699826ef9ddec11668fc231e7615c12f885a622114e2a51c1ab56a14a0a78ab30e857eab62563a1c704d4d0b2b7fff4f6e146b6d40a17f141,CLEAR,"DARKNESS, LIGHTED ROAD",DRY,UNDER THE INFLUENCE OF ALCOHOL/DRUGS (USE WHEN ARREST IS EFFECTED),1.0,51.0,1.0,1.0
005ac3e41dacaf6528d48b14dc067482757d9a03288a77a8045923502cebf41634302593c8f0398a1698bab2e3942d578357ebc9b159d64f878bff1b62eb6657,CLEAR,DAYLIGHT,DRY,IMPROPER BACKING,2.0,54.333333333333336,3.0,3.0
005b2da6b31df93f43b8861d47c7f062f6b4d0e832f5e76a0221612372c38ed3f519cd3880cb4d876d9c2a4c288833d812ef960cce3b9d606c388281473a8437,CLEAR,DAYLIGHT,DRY,FAILING TO YIELD RIGHT-OF-WAY,1.0,65.5,2.0,2.0
005b4f60dac510ef77f33c8fa34e127480c9c03602e13fe31a5a7e57359b62b70db866a043450cf540dbad602c7e775e0c3ce732f502fe03b2faca9b33e4b2f2,CLEAR,DAYLIGHT,UNKNOWN,FAILING TO YIELD RIGHT-OF-WAY,2.0,29.0,2.0,2.0
005b6c960a0fd1cefd690bbda997e8fc850961cd398e9ec3dcda6f9b1b686068df868dd8d18760c5b841e2c90203a38a56a87c2b75448038291926ceb3d8b809,CLEAR,"DARKNESS, LIGHTED ROAD",DRY,UNDER THE INFLUENCE OF ALCOHOL/DRUGS (USE WHEN ARREST IS EFFECTED),2.0,46.5,2.0,2.0
005b8163fcd08b0bf1e6790aa8ffbf83fba2d2914c5316157a6e86f2f08b2083987adc636081dfae6d31435c18b8f34e8147722ccb3be383962a65c871479679,CLEAR,"DARKNESS, LIGHTED ROAD",DRY,FAILING TO REDUCE SPEED TO AVOID CRASH,2.0,48.5,2.0,2.0
005ba3044ee2c8cd807e991fe6731c9a8ee0b3dea47265aacdedd7e26f6e2b18bdff451501995c67529e2122c1ecad21ac96d733d207cf04ae6cccd5460007fc,RAIN,"DARKNESS, LIGHTED ROAD",WET,DRIVING SKILLS/KNOWLEDGE/EXPERIENCE,2.0,34.666666666666664,3.0,3.0
005c104ea760ea3a7c32db95306aee4930b558dbc2d77c02754b74127e6dc3c9fb0bd842fe987333135711b04f5260630b73507a263bc0df5bce01885cc5d370,CLEAR,DAYLIGHT,UNKNOWN,FOLLOWING TOO CLOSELY,2.0,26.5,5.0,5.0
005c1f0b09b38528fb194f875fb17e55edb4cba802fcf92ad541556f7ee28bb1c91886ea0c2474a4bfde561c0f77425cf743d92116dea8a5382b3731f8c0764c,CLEAR,DAYLIGHT,DRY,DRIVING SKILLS/KNOWLEDGE/EXPERIENCE,1.0,91.0,2.0,2.0
005c4cd4cfd4a0395d444075327ff227d79d520226c741518e28ae70ed139765f73f94a818454a7788a635dc32eecb3127d464d3bf3b9ff9ba25133a5397994b,CLEAR,DAYLIGHT,UNKNOWN,IMPROPER TURNING/NO SIGNAL,2.0,42.5,2.0,2.0
005c6769610820321040135b2e94903f48c9aa45f15a5cebceef3e0b04ee7da75af1214bd75f73301dcd8310d67dc5071d9abda3f72334a783e646c8141f0a2d,RAIN,DAWN,WET,IMPROPER BACKING,2.0,30.5,3.0,3.0
005c6c7ae23497c4a980141de5041dbfc35e6902c955b74399c8d7a751a3202ca52838737b80e3501fa14509e05e129a3c4e73eccb44e0a67d5b5d594b93bd5e,CLEAR,DARKNESS,DRY,EQUIPMENT - VEHICLE CONDITION,2.0,41.0,1.0,1.0
005c7f440d9a530a520ca6289d5beb423015a2474e7d24a6e705832cdd437ce419927c5352f12091ddd68415130a9932483a5673c49c01104651d21baf3e0e8d,CLEAR,DAYLIGHT,DRY,HAD BEEN DRINKING (USE WHEN ARREST IS NOT MADE),2.0,46.0,3.0,3.0
005c935ab23243176c25e41a23c5a79cc5053dfb2bf27a682c9ed6131fb0ba3136590461521b6da52db9984dff007a49e4f4dd9fad7844835b01ebb27f8fb646,RAIN,"DARKNESS, LIGHTED ROAD",WET,FAILING TO REDUCE SPEED TO AVOID CRASH,2.0,39.0,2.0,2.0
005c9a89cd8d6a746c19ce2a5e4bc5b12705ed822d41d56c1136269771ded22ae8ee6861202bdd7da4a816fae79b4e07c572aebe06e714f819896d3577591b80,RAIN,DAYLIGHT,WET,IMPROPER LANE USAGE,2.0,55.0,2.0,2.0
005ca28f04436a4ef85e91a72fb5b95167efc83b2048c6783df1bc45e2a0f49d419f67d3b3c9749b6b2698efec75b7dcbaf57c7a321dc6cb915c57ecabe857a1,RAIN,"DARKNESS, LIGHTED ROAD",WET,DISREGARDING TRAFFIC SIGNALS,2.0,26.0,2.0,2.0
005caf491823bf8cd63fca547a177f44d619fd407239b5ea744f7727cf73732e4c7a4b3fb350d5c02d35b96c712d908ccfe724f7730ad4ac9df35ac48d4f592e,CLEAR,DAYLIGHT,DRY,DISREGARDING OTHER TRAFFIC SIGNS,2.0,23.0,2.0,2.0
005cb26555c354e988954ef284d66449523dc96089fc4e0726f97cc7f162766255e31626e18d19ee4e94c39e469ceeb2d472a5090ee8b415d471b292863b565d,CLEAR,"DARKNESS, LIGHTED ROAD",DRY,IMPROPER LANE USAGE,2.0,27.0,1.0,1.0
005cc45045a45204515f0f399b1fac3b1be9172cde4fac87faf9beec12a4f17eb306a48b4a4125cff6a5a2389b7a05060aa089351c1e2e3481638736ce7c4bb2,CLEAR,DAYLIGHT,DRY,DISREGARDING TRAFFIC SIGNALS,2.0,36.0,3.0,3.0
005cc8f9de15eca12313652f1f9fbcd3b382055a88a52e3276a44ab01c751b2058a81a15bf998310000457797d2efb4f84d13b26ea5d1e944d3e263b9e5c53f8,CLOUDY/OVERCAST,DAYLIGHT,WET,FAILING TO YIELD RIGHT-OF-WAY,2.0,41.0,3.0,3.0
005d0e7bd7ec31022cac4dbb27961ef46c3b64dffa2e71f1cb5ce7864257a544a8f7b18391b435b8ccfb13b5eebb17cacef5f75988d8b67fb83e7ada41598ef6,CLEAR,DAYLIGHT,DRY,FOLLOWING TOO CLOSELY,3.0,39.666666666666664,3.0,3.0
005d1a45c1fc8ca748b6de981ec675e54c601040b0bfaca25eaeb9520b37e6578c0b02da15a845ba876f770c7afeafdac63a8ece30b1ddb2af9504df0cea37ec,CLEAR,UNKNOWN,DRY,FAILING TO REDUCE SPEED TO AVOID CRASH,3.0,37.5,2.0,2.0
005d4da823e16c6ba7279d8a921a004da5974618bbf6128204aa3b39d7de80149e772db6accee2852bfcb7ed38e05aa7227a4eecd50a7957bdbfdeadfece8eb1,SNOW,"DARKNESS, LIGHTED ROAD",WET,FAILING TO YIELD RIGHT-OF-WAY,2.0,34.0,5.0,5.0
005d5acbd6b6b7a221cbb298a139ade7d79d0d377eeda96be6408b59da7a1964e95f4b12cad248d94d503343d27273e3e9b6d8917b0dfc395cc78d5489c740ba,CLEAR,DARKNESS,DRY,IMPROPER BACKING,2.0,25.0,2.0,2.0
005d79c9096da861b811b73e22c6d14ffe87ee2ac6d071ead74b62cf698f7479037299a41f8d2c5bc2f032290d81acfcd321aa8660444e58f2d870ccd983a48e,CLEAR,DAYLIGHT,DRY,FAILING TO YIELD RIGHT-OF-WAY,2.0,34.0,2.0,2.0
005d9a8e9a444630413910d42534ebf23362b7c4dc5eb512071ee1c81477d1d8d2e19028c9896cd1c0b2c4f6b4bc7df2f48ad53bc4417e1eda16889d92db0bd1,CLEAR,DAYLIGHT,DRY,DISREGARDING TRAFFIC SIGNALS,2.0,31.5,2.0,2.0
005d9f7e3524fe2e34fb8260f67b126a6402acdecdaa1049d0650f0279eab3308a679fdb7012ec51b564db7cd582882b882f689fe91012c1d858ab2e052b370c,CLEAR,"DARKNESS, LIGHTED ROAD",DRY,FAILING TO YIELD RIGHT-OF-WAY,2.0,48.0,2.0,2.0
005da1b5365d5e0ac9819a7ebac10dc31b2932973ae968d24eef6438e3498d2a1adba9d43def179864f87b211c2c18689432bf9faf987c179c04c621e1ffe6ad,CLEAR,DAYLIGHT,DRY,FAILING TO YIELD RIGHT-OF-WAY,2.0,28.5,2.0,2.0
005daa32f9dc25627fbf4194111af65fd9a3f43b2f9c148b08ea9a8fdaa10bd5d575444caabffbafd5ac994b0b94372e65c5d39a3bbb2b273c5788b304760235,CLEAR,DAYLIGHT,DRY,DRIVING SKILLS/KNOWLEDGE/EXPERIENCE,1.0,37.5,1.0,1.0
005db0a4373efb08386d0451e0ed3b16467561fe7a21de2e1c216fd546db9f74bbcbbe5e31a0b412f8654a04f51bd09f28c82aa4ee22456a1adb68f58b6e983f,UNKNOWN,UNKNOWN,UNKNOWN,IMPROPER TURNING/NO SIGNAL,2.0,35.5,2.0,2.0
005dd94af90f826923961eef72f24a08267ca1e6c9d6a0544e960e6cf502f1c51835d6cb2863705e66c11b76c28c2e7647a13f43fb3f9ba851b1ea91523d78be,RAIN,DAYLIGHT,WET,FOLLOWING TOO CLOSELY,2.0,41.0,2.0,2.0
005e104e4ea3c13b3720fa500e41d79ea4037336c3f7b79c006c9dec43bf691fb34f7132f473027af95745a572a1e07ce6de6c607e890b970c3b9c3f5c724a36,CLEAR,DAYLIGHT,DRY,FAILING TO YIELD RIGHT-OF-WAY,2.0,63.0,2.0,2.0
005e20a0d565b8c1b2c1aa2a68d9acd974155a5950382c91ead2cbe63ce9efb8d7e532aab0a7ad335ac26f68472b58ff0d46c88a1d7f934e348f729d5fde376f,CLEAR,DAYLIGHT,DRY,FAILING TO YIELD RIGHT-OF-WAY,1.0,69.0,2.0,2.0
005e423a8e546e0f537bea6e7291213b15db3db92629558610fa637031d8adf8f9433a449a1ed101a5256079746c895c329c265f1b6d8427291479b75332f552,CLEAR,DAYLIGHT,DRY,IMPROPER TURNING/NO SIGNAL,2.0,32.0,2.0,2.0
005e55bb019575a3209dc1740b4acfaf5b185695ca35bbccfb3a151ebdedd3ba6d99fbaa96894f3856f69ca5b46b802f72d9d672fc6d2594c1e6b19ac1b4d857,SNOW,"DARKNESS, LIGHTED ROAD",SNOW OR SLUSH,WEATHER,2.0,41.0,1.0,1.0
005e740713c8c27b366a68bd4de65882b667d22a2bb9a068d3e2473299ec0331310a5fd7d12ee616bf7040690b2555955f9d5b31ca8ea4971368a1bb283fb40d,CLEAR,"DARKNESS, LIGHTED ROAD",UNKNOWN,IMPROPER OVERTAKING/PASSING,2.0,42.5,2.0,2.0
005e8bddd39e138d2cbe7d8ffdf144dcb472801990cd5bf8568c7201442b5219bb5c41570708d6e8128901185ad618e44aee2df0e21642ae74d3fa7b9bae043f,CLEAR,DAYLIGHT,UNKNOWN,FOLLOWING TOO CLOSELY,2.0,38.666666666666664,3.0,3.0
005ed04af8afbd86c1faa349e5182ef5bef253753f9e8b33560ee7b731d461bc9d6fbaab6d05eac3cfb788175603de827e828fe1c4abaa67562cc178a52457ad,CLEAR,DAYLIGHT,DRY,FAILING TO YIELD RIGHT-OF-WAY,2.0,58.0,2.0,2.0
005f10b23b66c4569d39debf8a6ed86570d5badc25077da4265faf0c6d8f938a503e9ba3e1a8b7436bef45fcba8a395e5d3dc91261563975e76408cd3c38140a,CLEAR,DAYLIGHT,DRY,"VISION OBSCURED (SIGNS, TREE LIMBS, BUILDINGS, ETC.)",2.0,30.0,1.0,1.0
005f324427d52bb7dcbd13ac03634feb2578e957e38b1a474c7201066154e315ba4b50b74624b078b3780b7dfcca74d2e2253ddc5ee8536c485ac710bed6510a,CLEAR,DAYLIGHT,DRY,IMPROPER OVERTAKING/PASSING,2.0,29.0,2.0,2.0
005f4c7fe472fe2ff4d0319264c31a4dbc35bc056bbafc7567f0a60f5c484362b372add423b60b666a006ad87868f558ce9db5f354ee24a5c708eea5f1d0fe3a,CLEAR,DAYLIGHT,DRY,PHYSICAL CONDITION OF DRIVER,1.0,30.0,1.0,1.0
005f570f0ca3bc52acb20ef91f41346e32c5193090e734a922ab904df6f75b2e5e5e72f2c4a5483f5344f28807ddcb778f1fdb37e0f9e9dc79cad365a7807ef9,CLEAR,"DARKNESS, LIGHTED ROAD",DRY,FAILING TO REDUCE SPEED TO AVOID CRASH,2.0,42.0,2.0,2.0
005fba97578d7b6fd434190023418eff9561f330ea6c04127690718658c2a0c2bb027c3cb7db43b697186b2aa96b9b95200036999af1c2fc02ae5119bd98ea0b,RAIN,DAYLIGHT,WET,IMPROPER BACKING,2.0,48.5,2.0,2.0
005fbbfcda696c328d4674dae219e4363326a80f200cd660b7d1a2c3b88e30d6646dbfc7454047634d8b1c1c844db30cb9e11b5c5a02ed26d8f4e3e1a3311afa,CLEAR,"DARKNESS, LIGHTED ROAD",DRY,FAILING TO YIELD RIGHT-OF-WAY,1.0,40.0,2.0,2.0
005fbe6f3d400ce0b3560609556620054325ce96fc1529652c3723b4eba3e9492367b5d250aa4a76ea4c2452449078c3923636689ec24fd10e9142efbfd73ed1,CLEAR,"DARKNESS, LIGHTED ROAD",DRY,DISREGARDING TRAFFIC SIGNALS,2.0,46.0,2.0,2.0
005fc62f9ca9e93c7da8c1715abd4d44fd5835b97dedd5534e5422c87cc00a7430f852181d3fb16b12732c7e4fb24e9315620319716b02c83107015974196751,CLEAR,DAYLIGHT,DRY,DISREGARDING STOP SIGN,2.0,34.0,2.0,2.0
005fdc5543519f292c13f642349e27e409e3708e60e4a0131ab5d78d25405d69caaaeb147f6fa423b932dfb7f80f30c89473948fd38e45dbaed500de59c4a801,CLEAR,"DARKNESS, LIGHTED ROAD",UNKNOWN,UNDER THE INFLUENCE OF ALCOHOL/DRUGS (USE WHEN ARREST IS EFFECTED),2.0,31.0,1.0,1.0
005fea38f7bc752251cf9a01de8e309c82ff3326d2e0f713c4f7888593cb4ff02f477bdb803d9d482eddc8754bafbff0fa86b427752cff1e0b1a0d35c5626b58,CLEAR,DAYLIGHT,DRY,FOLLOWING TOO CLOSELY,2.0,47.0,2.0,2.0
005ff94d82235d7d626ee8b99048542854cf2d04e2ffba96b412b315ca465c0ad5e27dc91e7e0799052a3403022455a194c47a8e74ee6a6f358848d2b16d72a6,CLEAR,DAWN,DRY,IMPROPER LANE USAGE,2.0,30.0,2.0,2.0
006013906a8d553bd4c55409daa0393d6f7101041c242c6969703b6b00336b8d4f5f09c34dc72b3fbf1205c28825443bd9a9078f8735543daf86517f3e503270,CLEAR,DAYLIGHT,DRY,FAILING TO YIELD RIGHT-OF-WAY,2.0,29.6,5.0,5.0
00604fd9d4d2dedeff03e31ec3a0ad6e3070d84070668fb0abb498d50f621af49debbe706d999e30c400e59baefdf3589c8d516682f79050c3b88c06533a589d,CLEAR,DAYLIGHT,DRY,IMPROPER TURNING/NO SIGNAL,2.0,47.0,2.0,2.0
006058dd3e9d500e5baf19335773700895f9e3c9d26bbd58fb74e521c757a74bf16a8a20f0cbe3383acb35b0cc764a5da3fcd13f132c3680e92f0dd633e1edc0,RAIN,DAYLIGHT,WET,FOLLOWING TOO CLOSELY,2.0,41.0,4.0,4.0
00606db5875e2e4a92989c9a0e93bda281402078f761ab1ea79cd721cf701cdd25d0796707aecc4d3ee2304916d2184a97048f761cdf42b56742b289a38bbaec,CLEAR,DAYLIGHT,DRY,DISREGARDING TRAFFIC SIGNALS,2.0,31.75,4.0,4.0
0060a50da8875a58e84005904530c70792c9d433dd9c16375af8c4f3a0327cd6fbcd336095c0f4bc57f606d4e1264345fd7673340cb2d156a412e966d3dd2083,CLEAR,DAYLIGHT,DRY,IMPROPER LANE USAGE,2.0,30.666666666666668,3.0,3.0
0060ae6efa43a2a9f8f564e707d8fca4313513f8d85cd7f60db73a6b9ee794035d0d99c797e2603d5a6c22f063a50d9d36e2a508f1f5481a5da06c0bc0343112,CLEAR,DAYLIGHT,DRY,DISREGARDING STOP SIGN,2.0,44.0,2.0,2.0
0060b3610e8080f0761bb3c3373fd4880dd6798bc5c15fb82c81728be8603486b68c6064c65ae06fd77cd45df0b64d21543b2edf3acee9ec87b745e071cac2fb,CLEAR,DAYLIGHT,DRY,IMPROPER OVERTAKING/PASSING,2.0,50.0,2.0,2.0
0060b5b2d1dbe8df6dce9a78f402c0835a20a1c69f288cf6a4dd7ea4f1b68e43958917c5751b58cb39d6456a42f3800edc20255c908e59bab7b4d9b0277eb3d0,CLOUDY/OVERCAST,DAYLIGHT,DRY,IMPROPER TURNING/NO SIGNAL,2.0,30.0,2.0,2.0
0060b967dfb3ea63beafdef477b1e33f47944876597365a13868060705d60443bbe121471068d5263948240b7c7016ee16602841b1bd9d64d611bedef0879ab7,CLEAR,DAYLIGHT,DRY,FOLLOWING TOO CLOSELY,2.0,33.5,2.0,2.0
0060c8a1b8123eda7a6d0cb7723a2e3c8e2bc684d82a89c3f06eba0e91daf95be794a127da0e7fd152689bf03296c986a35b4f6affab558c8895d84db6a437a4,SNOW,DAYLIGHT,WET,IMPROPER TURNING/NO SIGNAL,2.0,34.0,3.0,3.0
0060e5c97ba4b2b41c73e90a040909857fe46dc005e2a568a37a1853d7f2a6caab8f0ff69774af816dffde2ecd84c8da26ca749b2d9d3ce17faf050c0e052812,CLEAR,DAYLIGHT,DRY,DISREGARDING TRAFFIC SIGNALS,2.0,44.0,2.0,2.0
0060ef9c75a62030c083a1f8fbde7e772ecce051545c073a660fa17e79ad285b29c93ebb0cbb08c3c65e50fb8276bc94f0da0c94f58b00790fac11a001f67fdf,CLEAR,DAYLIGHT,DRY,IMPROPER OVERTAKING/PASSING,2.0,37.5,1.0,1.0
0060f6b7f027f03cc07bcfea2ef28b04e00dc79a4c47b2808110cde07bf120cb212a11d5113f47cd6f889b2e7ae8213a9913052a573f25dc92e4f2c50c95df41,CLEAR,DAYLIGHT,DRY,DISREGARDING OTHER TRAFFIC SIGNS,2.0,29.0,2.0,2.0
0060faf6f509d85cb9b5b0c14866e489b07f0bf7e6acd616dd2f314d81dc38954bf897c9b9bc349bf0b3726d3e0a64899a45317f9fe5d123fc1beb6f8daf0521,CLEAR,"DARKNESS, LIGHTED ROAD",UNKNOWN,DISREGARDING TRAFFIC SIGNALS,2.0,32.5,3.0,3.0
00610328efee036e34a20f87aa42f7d26b73d03a6b1f6fac359e6bc16328422fd6b2c12bf80dd2073bc64f7c53912ad7503f4d96886c32282e450e99534c2f23,CLEAR,DAYLIGHT,DRY,IMPROPER LANE USAGE,2.0,54.0,2.0,2.0
006107c335047d485ca1a97d5c7d34254898c184945762b42a8d4a660adecf6a204a0b52f36f3aaaaec64baeae443c2533d50cbd10a418473ebb101111502226,CLEAR,"DARKNESS, LIGHTED ROAD",DRY,IMPROPER TURNING/NO SIGNAL,2.0,57.0,2.0,2.0
0061197204cea765d640d1066bddc182511bfcfffea0260df3a57344d04b14f9915bbae4c9ece49486c03b2625d162515249986b1948811ab26112537bf73d95,CLEAR,"DARKNESS, LIGHTED ROAD",DRY,DRIVING SKILLS/KNOWLEDGE/EXPERIENCE,2.0,37.5,1.0,1.0
006122887d572c4d476351b976a4d7e4643bc6714fd5a92905ae96a6d6ff8337004965c9ff30dad16646ad3f4494d179043cd4907a2210d886dcf5a519dcb8c7,RAIN,"DARKNESS, LIGHTED ROAD",WET,DISREGARDING TRAFFIC SIGNALS,2.0,48.0,2.0,2.0
0061777558cfe3079bd1e97e8bb5a6f83acea30b3bdfa231bce49341a862d8fd738d8f16be9a8be9c56edcf86537edec541bdfa85e579c5ef514ce2d76e73b9d,CLEAR,DAYLIGHT,DRY,DISREGARDING TRAFFIC SIGNALS,2.0,27.0,2.0,2.0
006193841667b77cd648b2a8b25e101f53d6d14b0e59d8df8416a864fdf54adef9bb4a3d36c2fd31ff56219e318e68b847f2bf3fb1b7dde49ec2fa58e737927f,CLEAR,DAYLIGHT,DRY,IMPROPER BACKING,2.0,46.0,2.0,2.0
0061b0f0d8ea73fd87df633fa85d7172fdfcf857c4ccd53492c657bedd32f0f554d0218777a67db1eb99958b71be410aede2efdf3fa7b66260313a94d114bd58,CLEAR,DAYLIGHT,DRY,FAILING TO REDUCE SPEED TO AVOID CRASH,1.0,20.0,1.0,1.0
0061dcb91ddbc7c87b7a2b22013b507a58a561a0ff74a0f63ed3729c7981fe275f6fae13be5ec1b89b3d648b655a7cf2605a3c2d97165c506628720379815141,CLEAR,DAYLIGHT,DRY,DISREGARDING TRAFFIC SIGNALS,2.0,22.666666666666668,6.0,6.0
0062146299177cc0f6f335b419ce3089131f9775064f6bc4dd3ea28e2c5bf27000a22fe822e8cdb927744e2763371060c27fd80c5e304ea756635fc93f1a7a00,CLEAR,DAYLIGHT,DRY,FOLLOWING TOO CLOSELY,2.0,50.666666666666664,3.0,3.0
0062152f4e394fe4df3a69e53195c69f474d5b0053eb6e3bbb8c98b42da6f49c28f3dcda09296407ff7be53f2c331fda93a39b28b40b54b7484525562fdc5868,RAIN,"DARKNESS, LIGHTED ROAD",WET,FAILING TO YIELD RIGHT-OF-WAY,2.0,47.5,2.0,2.0
006215fed7a964a8a4c05e67c68a2a6516e4142aac05b35725fc2eb548692abe99975f3e8dec872aabfb4c9d3c46064e5800725845d3ab41952d08b2b35e73c6,CLEAR,"DARKNESS, LIGHTED ROAD",DRY,CELL PHONE USE OTHER THAN TEXTING,2.0,37.5,2.0,2.0
006217a4c7a0c0f2e8c38d7d587353b9707f8bcaa9e2160504ae0f1eca0e96cbb316f08556e738f70e0aa2210f65ca09e5d9636a606d57b879c1f73fb1e6672d,CLEAR,"DARKNESS, LIGHTED ROAD",DRY,EQUIPMENT - VEHICLE CONDITION,1.0,39.0,1.0,1.0
00622cf92e06a02d77f6642b4e3e6ceb1933f2d8c74fa9875dda863c43db2b5c3a3af161a19ae75ba4d3f64da238064a7231a58c03d82b93aee226fadb72c414,RAIN,"DARKNESS, LIGHTED ROAD",WET,FAILING TO YIELD RIGHT-OF-WAY,2.0,28.0,4.0,4.0
00626df128a14c02cf3f187e3e7d2400c8d9aa4a8aea284c46d9c2e9b89504d4f016485483c1a76fa24bc3bf6fb4b8f9fda4d7b41a9783fbbdba91183dd58f94,CLEAR,DAYLIGHT,DRY,FOLLOWING TOO CLOSELY,2.0,24.0,2.0,2.0