crash_record_id,weather_condition,lighting_condition,roadway_surface_cond,prim_contributory_cause,total_vehicles,avg_driver_age,total_people,total_injured
0062709a232228540035cb2cbb80ba4286290d9c788acaf527a621b84cd088238c77f48873b0dda4d77efcc006ee21cd5b128d0dc24435ee4bd81151e9476c6b,CLEAR,DAYLIGHT,DRY,FOLLOWING TOO CLOSELY,2.0,38.333333333333336,4.0,4.0
0062c35136b785ef8d0365e84070cb04bcf4711712b3d23e9254cd9c9772a25c0e8f49826fb0bf339971ee3e0eb45968e81c151a22d3e021b054fa0f6e6073fa,CLEAR,"DARKNESS, LIGHTED ROAD",DRY,IMPROPER BACKING,2.0,16.2,5.0,5.0
006318616ac36fd5035e43e1d578ca98ad0cff68ac47058d3aadab34356f1ba23942396030999eda08e4e891c2a5306accffac18e2b65ed04aa7ccc0028d8a92,CLEAR,DAYLIGHT,DRY,DISREGARDING TRAFFIC SIGNALS,2.0,63.0,3.0,3.0
00634f99e4d28b14db22eebfe35fd6e5f9759959228f1ad86ea8590129443be0b660e7c382d55ec1cda0d465f1fbb1e5518a6756dff9222c0242a49754b1fc00,CLEAR,DAYLIGHT,DRY,FAILING TO YIELD RIGHT-OF-WAY,2.0,69.0,2.0,2.0
006362e68efdae1f962048f96a43ad9c2030ea973017de3f07909cc79c35de3e4b9e880d0e593d8531e02aca0675f2da4d4cf0f9bb26201845620b256545baca,RAIN,"DARKNESS, LIGHTED ROAD",WET,DISREGARDING TRAFFIC SIGNALS,1.0,37.5,2.0,2.0
00639a35f456f86c7d49003c8e5d3e6b31f34564ddf4e784a2e0d8340fb2a8275c0ba3e1f9e4a3bf1b23910297c014340755a78697b3abedd343dc03359d3ffa,CLEAR,DAYLIGHT,DRY,IMPROPER LANE USAGE,2.0,50.0,2.0,2.0
006406f48e6f53d445979d2cb83c24e112872ff23108b0b3cd89d4ec0e3401dd5739b6527ab2b88d1d1d2728c810c55ab4fb362979fdf3b5a279bfa23af9ce7c,UNKNOWN,DAYLIGHT,UNKNOWN,HAD BEEN DRINKING (USE WHEN ARREST IS NOT MADE),2.0,37.5,2.0,2.0
00642670c0e056709c2e28ce8e1722ce4f6831a69bfb1a895859b91c71d437014ff842bdc0cbf3282f4b44a3aba7093ee74d2e463659df71ddd04be993ad59b9,CLEAR,"DARKNESS, LIGHTED ROAD",DRY,FAILING TO YIELD RIGHT-OF-WAY,2.0,31.5,2.0,2.0
006430adeb4e8061526c2996672e50636f0a5f230c6a58f0196ccbed6fc799ae7afa6a87041feb0168f06d96305a03443fd99184549ac42fcea14d84fd5c06ce,CLEAR,DARKNESS,DRY,IMPROPER OVERTAKING/PASSING,3.0,23.5,5.0,5.0
0064443de5bec14d30f60a8b401d87f4cd0c5a0c72272ad090e98f21da9d4aec23660f826064026711d540497eefe333a885e4e1bbefe95de072e98cf6338cd4,CLEAR,DAYLIGHT,DRY,IMPROPER TURNING/NO SIGNAL,2.0,37.0,2.0,2.0
00647de13a071fdf9f29bfad4fabbc6fa7e37f17e4aafde7dd0f43ee4a21a32211924e5fcc82fb062b9ee2f997a83a2c4117bb7cf9b27dcf7eccaf8f1dc034e1,CLEAR,DARKNESS,DRY,DISREGARDING STOP SIGN,2.0,8.333333333333334,4.0,4.0
0064a3af74f1b69c5e28db73be95a4acbb743d4822c349397147b9ca89dc1aaed2c68c96aba8a5df3f06bad8a6452887dd9f7c81ef77e25fe66dcd3dfc73e76c,CLEAR,DARKNESS,DRY,FAILING TO YIELD RIGHT-OF-WAY,1.0,36.0,2.0,2.0
0064ae85ce6c4eaf72fd8d0d00daa7d3a97fbb20546b91f059a981b8e9b99ad9262bcb038c546eafaaebe826e675a7e6ea6aa9a4dec0880dcacde57d8720d929,CLEAR,DAYLIGHT,DRY,IMPROPER BACKING,2.0,49.0,2.0,2.0
0064d44e7a718cb56174c6bf1e7db80174fb36bed261c0a53255a431375b9552983141600bd47697f54d19ef79e4d48a3c1c60bfe54843217b510d1ee1857d11,CLOUDY/OVERCAST,DAYLIGHT,WET,EQUIPMENT - VEHICLE CONDITION,1.0,48.0,1.0,1.0
0064d4950e69a8de9eb61d4bc13cdeb3441b5c2e77dae5cecdf328f09d0483f0f515dc842da05598c18ffeca2f07fd543cef8e561de64b0c0740e8c3fe036ffe,CLEAR,DAYLIGHT,DRY,FAILING TO YIELD RIGHT-OF-WAY,2.0,25.5,2.0,2.0
0064e6655cb06e4bb4c13cd7c680ff3036db38e59bce32694436d6e173b00c43796346a8ebcb91376254eb1f3447c3d072f4822e289aa56918054e9fd61688c3,CLEAR,DUSK,DRY,FAILING TO YIELD RIGHT-OF-WAY,2.0,56.0,2.0,2.0
0065028406db9356356878c3ea72a56166a66be3aa9cc022539d1b4e81e65937fa96db5ee9e1aea4170a964f4fc4ac1c7b4c02ed4935fe8ee4b46bc1df731b7d,CLEAR,DAYLIGHT,DRY,"OPERATING VEHICLE IN ERRATIC, RECKLESS, CARELESS, NEGLIGENT OR AGGRESSIVE MANNER",3.0,18.0,2.0,2.0
00650a020ed03d3e621b21f4c83376b12c9b6702c17bcc2a1286de4a6e9dd488f339a99543b5e6e5d7fc4382a8ca42531c026e8db46067388a41a74f5f6f8d4e,CLEAR,"DARKNESS, LIGHTED ROAD",WET,IMPROPER OVERTAKING/PASSING,2.0,37.5,1.0,1.0
0065174693d2c762177147775a4f09daabc06f8933f55eaba74f80f65c58748b6bb0cf596b80aab7a68f0c35ecebbe988c6ba3cf8ec5cb0c1dce0a3a3b79368f,CLEAR,DAYLIGHT,DRY,DRIVING SKILLS/KNOWLEDGE/EXPERIENCE,1.0,33.666666666666664,3.0,3.0
00651f2f2e546e5d66353461f9bf39226f908316eb6691c9c39dda22b566db31c4932efbcfcb43c445ce4bfe15c754ad9a5b95f6c2946a3824b9a0bd8513f8bb,SNOW,DAYLIGHT,SNOW OR SLUSH,FOLLOWING TOO CLOSELY,2.0,26.0,2.0,2.0
0065299a6e161182e1f4a85348ebe03f3d7f6cf0813aeb4410926d90dae2547db6c00ed3f22723b5ec846292b1e04c2ec0e6cc5492e8a1332fb08914a78944c5,CLEAR,DAYLIGHT,DRY,FAILING TO YIELD RIGHT-OF-WAY,2.0,37.5,4.0,4.0
006549e467411a94e1adc363b7b82ed8e89cea6ec3a1a494f2d4987cfd3a027f4a45077c08249bcb094a9cdf6404d30259a496b30f6e6369cc693fbb8a373030,CLEAR,DAYLIGHT,DRY,DISREGARDING TRAFFIC SIGNALS,2.0,55.5,2.0,2.0
00658434283718227fdd671abe2687d7b85c2e0df2b8e35367d7c882a13f1767e1174e753597eaafd018d7e44583d6c488201934820549512d8ed096e090cdd6,CLEAR,DAYLIGHT,DRY,IMPROPER TURNING/NO SIGNAL,1.0,15.0,3.0,3.0
0065973a4d592c9bc7da2628277c69bc3225bff8ebb6d38669bf6e3b0bcdac3748a421e5e6b4d0d00d4ecb7c1d945d7b6648da0e397ff73dd17efb81b36badfb,CLEAR,DAYLIGHT,DRY,FOLLOWING TOO CLOSELY,2.0,33.0,3.0,3.0
0065bef35298eda3ffd242e86a1b876cebf58e0cdd9ec59545c1d846311e935ee22260091a4e60ba221838d9d0d95bcdb9d013373427845a3f0024aac08fec0f,CLOUDY/OVERCAST,DAYLIGHT,DRY,DRIVING SKILLS/KNOWLEDGE/EXPERIENCE,3.0,57.0,4.0,4.0
0065d30beccbde38086c95ad41a5080d12ede852ded5c3dbbbb7b6e2a922d8275b7e0ea4d6d147a6e8f7d0b092b104e9e44d6c5993ccdb3e6c6ac8cd001d8158,CLEAR,DAYLIGHT,DRY,IMPROPER BACKING,2.0,70.0,1.0,1.0
0065f57f9017654f1a2627a6d4dc27bea7ac641ac2b83ac7e44c65ac3405949a0ec2aad79374df13b636fa4a2e0dfa55cf04103ae718e7ce65c49b0f22875f5e,CLEAR,DAYLIGHT,DRY,DISREGARDING TRAFFIC SIGNALS,2.0,45.0,2.0,2.0
0066099445343b658f1ac8ca606ad153bb21a49f673982d1e3c9c9926812037a2cac8d10e369639dda0d8e0a293ee70d0c08197646c2e1b68a582418e2db4403,CLEAR,DAYLIGHT,DRY,EQUIPMENT - VEHICLE CONDITION,2.0,74.0,1.0,1.0
006639c9cf82a546a2d3426d966aeaf1f8e2cf89d8833bcb8d1e7695da1828f5115336e7ade0425404da54942cc19f8405f3dba9ced1c466f6d27d61a36c1ee3,FREEZING RAIN/DRIZZLE,"DARKNESS, LIGHTED ROAD",WET,"OPERATING VEHICLE IN ERRATIC, RECKLESS, CARELESS, NEGLIGENT OR AGGRESSIVE MANNER",2.0,21.333333333333332,3.0,3.0
00663e734194da029d61ee29e3a4ffb4795f0f32a5e2576696c028995a9a6991efac348df892253facfbc34d36798749bfeab1a1fe778c5691bc26a7a37b5ea4,CLEAR,DAYLIGHT,DRY,ROAD CONSTRUCTION/MAINTENANCE,1.0,24.0,1.0,1.0
00664447d1ccb9cdfc699135f7f6a2a301fe031d7280e97a0d5c66a726a086cbd7d5e148e9b751531b9977fd98263456da788f0ede58e1735332bc8cd5a4c07f,CLEAR,DAYLIGHT,DRY,IMPROPER OVERTAKING/PASSING,2.0,38.0,2.0,2.0
006666bb6cdca64943d9f48cf8b207743d242141b514e52234d762cbadad3c8776e23a6fc5b3745b5ee3310ec6555838fa141d7af130cd3309fb6e826273526e,CLEAR,"DARKNESS, LIGHTED ROAD",DRY,DISTRACTION - FROM INSIDE VEHICLE,2.0,28.0,1.0,1.0
00666f32b8a5feba875b9ddd65ad3d839c03eac6f01088dda59f30147a42e78bad7989b3b46a41e1bd0ac8ce47333e6cb175904da451d82323038d6f62e64c5b,UNKNOWN,UNKNOWN,UNKNOWN,FOLLOWING TOO CLOSELY,2.0,24.0,3.0,3.0
00667bbeecec2aceae467ed8f80ddd2a4a53ee62da4732aafecc42b80559094c8154f13da56bc6d6cfe8837fe4b1cc46c6635edc664c1c674b97f26c38a6ab97,CLEAR,DAYLIGHT,DRY,DRIVING SKILLS/KNOWLEDGE/EXPERIENCE,1.0,22.5,2.0,2.0
0066856b10d1c432612d6817ff2e3e9b44683522487a82fea5c9e8f2dcf74053b69749f06af8f4a5b71de4b190af6c75348317913061cefe349887f877023ba0,CLEAR,DAYLIGHT,DRY,EQUIPMENT - VEHICLE CONDITION,1.0,71.0,1.0,1.0
006697adea0a7fa297ba017b6c779119abdfa7e1a474c9eb9aabbde5ad347922e5caad65d68ba385a228ab053b5c3d9f93762f028230939facde95e1bbac6739,CLEAR,DAYLIGHT,DRY,"OPERATING VEHICLE IN ERRATIC, RECKLESS, CARELESS, NEGLIGENT OR AGGRESSIVE MANNER",3.0,37.5,1.0,1.0
0066aa501e56e3ae1df470d715a0def6346ad75c68861db6a2514eccee14f847327d780242e2e854f7be4c90809ccd1dbf271edd7c3703e7d222b9ab61980918,CLEAR,DAYLIGHT,DRY,IMPROPER TURNING/NO SIGNAL,2.0,37.5,2.0,2.0
0066d75f1f4feea6c64ee45ac05869424d5b71f1a8eec6d79293413e3da2ac9af3c323299b6b0da181f1edfee462cd7beef6ee65d9093977a94f59bfd996f197,CLEAR,DAYLIGHT,DRY,FAILING TO YIELD RIGHT-OF-WAY,2.0,47.0,2.0,2.0
006709418b24adfabc57a55ea3d9d24ec3924ec93b7fd5e4ffb72cdc174dbce53865701c5dd20ea6cc9c9db4b371dee62e81051a5dd47deb285943be81b5355a,CLEAR,DAYLIGHT,DRY,IMPROPER LANE USAGE,3.0,40.666666666666664,3.0,3.0
00675695813321b9c5d544976885037e56234fffd25af2eff9f4918282e3bf25e57d841e6a169161b80eaeb86a04ce27eabe4910a5dd27a569d28b1203e0b7d2,CLEAR,DAYLIGHT,DRY,IMPROPER LANE USAGE,1.0,62.5,2.0,2.0
006797c190f27566bc213380410b2106ff87bd8316e4136a69b953bacbd81723482491926918273dde5689ff61a9ef07c3091ebb512796970ee8a8d320faceee,CLEAR,DUSK,DRY,IMPROPER BACKING,2.0,36.0,3.0,3.0
0067af573f154260be71b53f9df98e22b1f7714842277e8046f06f1ba822fc96761db05bb078951c89508a8c220f9ea2bea04c1b7bff8f97a46945ea7462dd3f,CLEAR,DAYLIGHT,DRY,FOLLOWING TOO CLOSELY,2.0,46.0,2.0,2.0
0067b426e02df6d21e0fd4bfe822255f86d1b8a037a38dd3df0597be81f2a804097be9890f778aea9dc6ca226843917b2d866b8984aedb6c583750af5357d690,CLEAR,DAYLIGHT,DRY,FAILING TO YIELD RIGHT-OF-WAY,1.0,54.0,2.0,2.0
0067b805d0d35df8025219a31d581512a7a129bdaeca54f7bdde24b849736b514eedd507785506578182f9368935f33bf2025018d53e6caf797b4b844dd8d258,CLEAR,DAYLIGHT,DRY,IMPROPER BACKING,2.0,16.0,1.0,1.0
0067cbc5ece7b4ae2d2217ce761c712c1b51d90d739ad353b90ecc76e0508c42ef217f9f9a4beed617dbb1b4e639cbe23b3a30aaf1fe1f30671b24848b56fefd,RAIN,"DARKNESS, LIGHTED ROAD",WET,DISREGARDING TRAFFIC SIGNALS,2.0,50.0,2.0,2.0
0068070715849bae6502c2363e1a843b76710ab4efb1e4ed9aeb27a6bab232d330a7585ff5e6432cb2a7e819a0ed2b2fbb510742b977d22eb964f9e09ebf8d99,CLEAR,DAYLIGHT,DRY,FOLLOWING TOO CLOSELY,2.0,46.5,2.0,2.0
00680f007eaa49000439c129d5611606e29a5d1f87eca6ae9e74b07460ec688f7bc8945c8c41abd7f6fb232f2454f520c5e137fd9d0cdf4d5a03d4f393a5fa31,CLEAR,DAYLIGHT,DRY,FOLLOWING TOO CLOSELY,2.0,55.0,2.0,2.0
006824b5705bad862b967d26e146b993179196a8cf85cbb443ffcbf6aacab2dc644ac4cf7fcc0b89ae6b79709bb3cbc53ffda86379874f28ef86ed649df70b13,SNOW,"DARKNESS, LIGHTED ROAD",WET,"OPERATING VEHICLE IN ERRATIC, RECKLESS, CARELESS, NEGLIGENT OR AGGRESSIVE MANNER",2.0,22.0,3.0,3.0
006837d72bd326d8325baa48140ae7bd4313d6babcfeb5098f79af82a9c1d0d0e55b0a92ef1af109b2488305764f4be9221fadfd84ec49dda1dc5202d428f834,CLEAR,DAYLIGHT,DRY,IMPROPER TURNING/NO SIGNAL,2.0,32.5,2.0,2.0
00685e050982e3be0d133663a6368b478aea33f705b73a7f103179a81b8393adf98b018a9963d26fa16cc5b74b4456ec1cb61b6238acc3893438681d99ed17ad,RAIN,DAYLIGHT,WET,IMPROPER TURNING/NO SIGNAL,2.0,44.0,2.0,2.0
0068695bd69b35267e3df3ed99c23e5c21a092e85981738cb0377849f24cfba75fc4a81b73af547d135eaa41fd549b1b7645754fca4be51dc771f9da9a874575,CLEAR,DAYLIGHT,DRY,DISTRACTION - FROM INSIDE VEHICLE,2.0,33.0,2.0,2.0
00687f8e8c790aaae756c08586e7bc0251c4a9962a6f829c486215ee832cac717906c1c7f634d4a70a89aef5bbe9832be5c90f6150c19f0922bb6917757c8cf8,CLEAR,DAYLIGHT,DRY,IMPROPER OVERTAKING/PASSING,2.0,29.5,2.0,2.0
00688c4df26c654f4945df347a9cdbcf48034ff3700dfccbc4205f87e780a5f6035cffec6ea673c004f990e894790a78166d27e98cd995d5ffc1f5948351a5b2,CLEAR,DAYLIGHT,DRY,FOLLOWING TOO CLOSELY,2.0,26.0,2.0,2.0
0068abc52c1be5c73b94b27524fdc069b5635ac4c47a6a684d81753bc7923ef472944b7dad18852678ca95447b36a19059891bb52ac4e7750aaf4cfdb8d4ac08,CLEAR,DAYLIGHT,WET,IMPROPER OVERTAKING/PASSING,2.0,41.0,2.0,2.0
0068ceeab2420c78b9192511db716b5d04b138e074db89ab6a2ffd2b6643f5ae6303a50b5d9c4e3b2e3a7049f5cc159be6852de5fd49df2922607c800abd9149,CLEAR,DAYLIGHT,DRY,IMPROPER BACKING,2.0,20.0,2.0,2.0
0069051f96ee69556f9497cbd17217511ab0ff2e1989c0414bc12839542764b9438800a965b93dc06d2a1a46d929884a286556db80d37ebce8f864a01e6488eb,CLEAR,DARKNESS,DRY,DISREGARDING STOP SIGN,2.0,54.0,2.0,2.0
006908b1ddc60b0fd1beef1cb1a3cff9c81b53dc9c4310a66368541292c66b6ee73c35c2c479016cb0baa22a42df44a51c59a2444eb2a29dbb1c3c15a3b6f5ff,CLEAR,"DARKNESS, LIGHTED ROAD",DRY,FOLLOWING TOO CLOSELY,2.0,26.0,2.0,2.0
006994aa91774820d0d1e73e07d6b19bcb1922b2108ae0abe17306d24d17f4fe7cad6bc7f87248f2fe61d74fcd2cffb66cbc50614c118c30e6756ff212468f20,CLEAR,DAYLIGHT,DRY,FOLLOWING TOO CLOSELY,2.0,41.5,2.0,2.0
0069ab2c4fc16a44ada4034a2fa6cc1a6cbe98d9fed9995f961ddac690c61fcc46bc1250157b09c30d8bff132581b4a6d5db8c1ea0ae4238623e6f5919479830,UNKNOWN,"DARKNESS, LIGHTED ROAD",WET,EXCEEDING SAFE SPEED FOR CONDITIONS,1.0,22.5,2.0,2.0
0069b57f126c8ad0f517110e79c3c7d0886f3f34bb1711d1e72ab8c8e25c5f301696fe4ca3cb4576ce41718ddce2327f66f8211df50e2c136ed3523fdc2e29ac,CLEAR,DAYLIGHT,DRY,IMPROPER BACKING,1.0,37.5,1.0,1.0
0069babe3487716ba2eedd63fd367ff0149296e2821549e825c8bafadb6378a61b18e18faf0baef4454a2398ae4335536bc534029a363675116d1f0ed09c3e61,UNKNOWN,UNKNOWN,UNKNOWN,FAILING TO YIELD RIGHT-OF-WAY,4.0,38.0,4.0,4.0
0069cba87f4acd7c34f133a478fa7bf19de55fb07bfc59e7c34f87df8ad337b729f1ae39d1db7022271729998358b3722961cfd5beb9425c135d23f0c1916758,CLEAR,"DARKNESS, LIGHTED ROAD",DRY,FOLLOWING TOO CLOSELY,2.0,22.4,6.0,6.0
0069e54b12b8c89f3213bed0c22bdd21812f0f6c1c3a0cf5e21050bda967d2380324a32bda53332a744a25df722222e83350d7ebe05a7f6c0a81c576a75fd41f,CLEAR,DAYLIGHT,DRY,IMPROPER LANE USAGE,3.0,33.333333333333336,3.0,3.0
0069e6ff07842c5ced5bd9fd4da21bf9fc1786e1fe612346572fc7349255e6d9be16a33688085cb60a43122fa4d4674ad88e3123354ff885578b04f8dd7a1ba2,CLEAR,"DARKNESS, LIGHTED ROAD",DRY,DRIVING SKILLS/KNOWLEDGE/EXPERIENCE,2.0,48.0,2.0,2.0
0069ff94c776abda0a1f5f0457b133f75cd687af666cd3c35b03d3711c5a47510f3bd4271445b428faab1a02ed5a964f0561171cc03d78d0c7d06fdba89c4ab0,CLEAR,DAYLIGHT,DRY,FAILING TO YIELD RIGHT-OF-WAY,2.0,71.5,2.0,2.0
006a00dc7e9bbd7f9f3770fcbee01599fbdec5339cdbd8ce34f054097fbcf126122efd9e574322e5531fa8b8161ec0b13ac89c049e35cc03ec4131eead6d4074,CLEAR,DAYLIGHT,WET,DISREGARDING TRAFFIC SIGNALS,5.0,39.0,3.0,3.0
006a070978d3ba6fe84fd9f46c0b95b046e737a42b6a98116aa15c20c87b132faa96661926ba899f901f8638acd31f75a7e17c6b7a9eae5b7510fe38401d54ae,UNKNOWN,DAYLIGHT,UNKNOWN,IMPROPER BACKING,2.0,63.0,2.0,2.0
006a1e46db008696cae5faf035caf4882945cf9f532e946db88c8f32ea3b318761118560bc46659bff74b42f068e6b43b9b6cbc60b67b9d0e7c0be23a5c5ade7,CLEAR,DUSK,DRY,FAILING TO REDUCE SPEED TO AVOID CRASH,2.0,39.0,1.0,1.0
006a501219c572d77045283f5f836c7ae1cbf88aba84a6acc11aba4a870dd508f3202849e495b55026ed0833de368893a892995bc155513cda71b011e4e79a0a,CLEAR,DAYLIGHT,WET,DISREGARDING TRAFFIC SIGNALS,3.0,47.5,4.0,4.0
006a5a137bd36b7be481dc02271efc35b5e924a0ae8fc7fe0cc4d5163faee0861beb2ccad64df56ed0f903d593df760b4a7be47bb5b8f6029d3ac2dc2b676f03,CLOUDY/OVERCAST,DAYLIGHT,WET,WEATHER,2.0,24.0,9.0,9.0
006a640ca92f8f7f3d8c7e7ccc6419b7073b20adf7834afc1b6434708f83c660b1823d4ad231d1a1a6a271d352f9cf791ec0432f1e22e3b3ede7004cb840fe17,CLEAR,DAYLIGHT,DRY,IMPROPER LANE USAGE,2.0,59.5,2.0,2.0
006ad35ca434a164c5c6ff9b6ed1a52ba9624f0e3651db103e9727fb22ffcaaa6292be1f64d8d5074036c54e85c3b36d29f72ff613678e1077eedb6e268d2814,CLEAR,DAYLIGHT,DRY,IMPROPER BACKING,2.0,52.5,2.0,2.0
006ae0b28815f712a2d7eeeed5bb741a4900d27ce2b0bab3da66e7a924c3f6353d391087881c871c2690eda69cac7341e17a39b03d16a0eb57b177606e011665,CLEAR,DAYLIGHT,DRY,IMPROPER BACKING,2.0,31.5,2.0,2.0
006aee9c6b0aafbe1dd84140317e8eef684d6209783202f376d83d82bf3cce7c3cebfc320a872962badf181c0f1d20849f9307f239579e88eb39ebcde0627a9e,CLEAR,"DARKNESS, LIGHTED ROAD",DRY,DISREGARDING ROAD MARKINGS,2.0,29.25,4.0,4.0
006b1858c5b1f6d7bef74e32bcc529482d9a1c3a09aca4a4da1942173634e0edd73cc4384a5d1a06f0d4b793ddf4823d1ac461d40f127def673f1069d38e0716,CLEAR,DAYLIGHT,DRY,FAILING TO YIELD RIGHT-OF-WAY,2.0,53.5,2.0,2.0
006b2f5a27496aa8ba3176cc466498a421c6e6e49683ecbe63302c5eff2d0a2f3a79225ddaa7238115a7b5fd58853704b3a2e4d4a357df49ece6cf946eea2fde,CLEAR,DAYLIGHT,DRY,IMPROPER OVERTAKING/PASSING,1.0,42.0,3.0,3.0
006b35c52676b5bfc42411e38c13fee9b1b981433eb84d65314e4a2874d0aab85d7f86b811bd51624dd037fbd429791f0222171775a6a8284f55771b95cec384,CLEAR,DAYLIGHT,DRY,DRIVING SKILLS/KNOWLEDGE/EXPERIENCE,2.0,38.5,2.0,2.0
006b3d3709da14906a4bc46c61979e8d562805a5f8830dc3ae7df4213f9d142d88d129914371d9e38b5716176eb7beab1be79ff568af4b0b13b036b3e555c7ff,CLEAR,"DARKNESS, LIGHTED ROAD",DRY,FOLLOWING TOO CLOSELY,1.0,33.0,2.0,2.0
006b419f66b5351b60ad1f33a33b021b46c9e73509b6aeeb620e54425d69f72309eb4a88b01048e961ae8811da06b8d308d2feac971b04eff675e374e52c217d,CLEAR,"DARKNESS, LIGHTED ROAD",DRY,FAILING TO YIELD RIGHT-OF-WAY,2.0,27.0,2.0,2.0
006b6d15bd737a142151b0098e16777042c2652f6c882f4a509667cdb502f7e5b4c23a9515852e38dd8a8059331e91f6355724dab83da2339e64cae9a90542b8,CLEAR,DAYLIGHT,UNKNOWN,FAILING TO REDUCE SPEED TO AVOID CRASH,2.0,29.0,2.0,2.0
006bc88aa00209dba00e7f4e77939f4cac6d1918b26e0fdc14f9594dbde0aeb4c0de21e0b0ca0480bb36f68bee6ccc03f8e085d4502517eaf8dc89e832d2c6d0,CLEAR,DARKNESS,DRY,PHYSICAL CONDITION OF DRIVER,1.0,17.0,4.0,4.0
006bcdf811b4c48c3439afe7334a33a1cce4ee961dbe91c05e750c685edc73484361178f2a4c7b9c8460d977396b5a8fb73e49cbb5f5f54bddf7121f3a40a096,CLOUDY/OVERCAST,DAYLIGHT,DRY,FAILING TO YIELD RIGHT-OF-WAY,2.0,37.5,2.0,2.0
006c0da98740dd1e2113a6dd3c2a8004ce3952730ff493af3930bbf5d84c8957a15f03d8504f174675a6026ee38e507fdaa81b080118e44bc98f099076770a35,RAIN,DAYLIGHT,WET,FAILING TO REDUCE SPEED TO AVOID CRASH,2.0,42.0,2.0,2.0
006c1192bb2be6180c97ecb0ce53ea64c3d1e4ec2a6815ca84ca399aa797b0517aed4bd1efcff2a62a72bfa3dbda03a50fd8c168e060b7f286baf2bd0be4b6a3,CLEAR,DAYLIGHT,DRY,"OPERATING VEHICLE IN ERRATIC, RECKLESS, CARELESS, NEGLIGENT OR AGGRESSIVE MANNER",2.0,42.0,2.0,2.0
006c1e37f76887689c38d504aa252e94a6a9144693f7cbc0a46f21f6b063ec7c7a7420ca6e7372f646ab4b6c0c07253ab64c675dfb9c66791a3bc990e2e2916d,CLEAR,DAYLIGHT,DRY,FOLLOWING TOO CLOSELY,2.0,45.5,2.0,2.0
006c43d58043a016b74b3647fe756cca2bf09e90210268dec028681d64825be08de03cedf84d568afe29df8a6fbe56f6f01266287742e78652f53fb72b3e61a5,CLEAR,DAYLIGHT,DRY,FAILING TO REDUCE SPEED TO AVOID CRASH,3.0,23.5,3.0,3.0
006c5b385dcdd4baffd9d4741a58e57ca978b1938075678106fb4c351670f54e4dd17e934df87da6a6e1b1b7282a1d456f1e94abc7421eafccd0306170414284,RAIN,DAYLIGHT,WET,FAILING TO YIELD RIGHT-OF-WAY,2.0,72.0,2.0,2.0
006c94ca4f6802638d48acd05c1b042ea4fc801532bfb279b96cd62713704a40213ce4c481e948d7abf3a77aa399ad9015d3b1ee49ce4b8703223cfe9a9df0ff,CLEAR,DAYLIGHT,DRY,FOLLOWING TOO CLOSELY,2.0,19.5,3.0,3.0
006c9511b09375b027c5c679d9b4b5de2ea5c7dd248a684b2cbd6e97b0fd757868f3adcab369309da798ea35dd339bd8ff2fe53261fa4afd73026828b4ccfd58,RAIN,DAYLIGHT,WET,FOLLOWING TOO CLOSELY,2.0,56.5,2.0,2.0
006cdc6da5828a752075cb68dad15430a1c8f7bda52c9a6be98ef8912287d08f768ad4f29267bfff83bca9eb7c5bbce4d9b8957815bce76079415a53217094a9,CLEAR,"DARKNESS, LIGHTED ROAD",DRY,EXCEEDING AUTHORIZED SPEED LIMIT,2.0,51.0,2.0,2.0
006d288a9b774d7b846e278f5a29dcd25925d320377b13b35da7037fd02eb2729d6b9bb79dd3ee99ccdc781be1919eac89e5932cde555a9b0ef52293d23f8faf,CLEAR,DAYLIGHT,DRY,IMPROPER TURNING/NO SIGNAL,2.0,42.0,2.0,2.0
006d2e8b0cf2cba58862641816034087a65c389d4a276e26a2093bb9e8ce63b7c0daa38ac099a925966be2186f11894db92276e8a20f1fb772cbd4806e69a535,CLEAR,DAYLIGHT,DRY,IMPROPER BACKING,2.0,35.0,2.0,2.0
006d2fc998e3ae7c5a31fa3d4cdeff2d72de14484e4a80fe1f8f7d828b95e2768e46a1b72df747796272c8bf782c405b6390a2b0aeee24ed31ae5c3e9815bc92,CLEAR,DAYLIGHT,DRY,DISTRACTION - FROM OUTSIDE VEHICLE,1.0,41.0,2.0,2.0
006d39957268af370fc96083cb82a2b1dc7a3d78776bd7f47e63e94ebe5af708e5a9ba256f4f024c0795539361f74b5333a3b415e6f0942602214f7ea70f405d,CLEAR,DAYLIGHT,DRY,FAILING TO YIELD RIGHT-OF-WAY,3.0,28.5,3.0,3.0
006d3f3ced797f6f6a071e0b7b5728073b061751ca92e099e78f4b8a74d6d6860d23e03139c3650aa7ee83590a1cc5caf9e1681267f36b568cfb3a2356881c86,CLOUDY/OVERCAST,DAYLIGHT,DRY,FAILING TO REDUCE SPEED TO AVOID CRASH,3.0,28.333333333333332,7.0,7.0
006d5152b4c51a4c1755de7cd6dad45e5eb74f05dfa248691daa8f2db577e5483526998672ad030dfd08590c3204d8b4a8d0f7078d35b36f6f94650878b7d7fe,CLEAR,DAYLIGHT,DRY,IMPROPER OVERTAKING/PASSING,2.0,42.5,2.0,2.0
006d7514d4dd9848de20d1aa300d24d75dfedd624a2f9878831ceb6045329fb7525eaff86d64c9ea73b290e28aebb1098c13e55869feff530ad6137e0a2d602f,CLEAR,DAYLIGHT,DRY,FAILING TO REDUCE SPEED TO AVOID CRASH,3.0,36.166666666666664,6.0,6.0