crash_record_id,weather_condition,lighting_condition,roadway_surface_cond,prim_contributory_cause,total_vehicles,avg_driver_age,total_people,total_injured
006da3ed1bba7d892ddcb14750b6516a574c117a1e7733547bc564cc0e0fcd52c6c5b8809176ce6606035fa0c1c0325c5496dd3e0b6c61f665f6940029aa937e,CLEAR,DAYLIGHT,DRY,"EVASIVE ACTION DUE TO ANIMAL, OBJECT, NONMOTORIST",2.0,36.666666666666664,3.0,3.0
006dbf120450a355c2598479614a2396e6fe789f6392780b98f824850eccbdf689accf5813ddf831c55494bc07bdf892ff20a69ecaa319e57f2be3b9b1bc7a39,CLEAR,DAYLIGHT,DRY,IMPROPER BACKING,2.0,34.0,4.0,4.0
006dd4b6e984d273a0fbad46f19477ca15cf3eaac9a7f9d04f48a74990ed58c3fdc2f491eb5072d484a808e0236a760adf636524751fefbbf8b32d4de56f2d95,CLEAR,"DARKNESS, LIGHTED ROAD",DRY,FAILING TO YIELD RIGHT-OF-WAY,2.0,30.5,2.0,2.0
006decd3cb7a747c63b914d90a702b3b845cfd86748784a2f7cbae39f1cbf97c5ef937a6305af3710ab0946da9985ff24ac1a6a856bf91d51e2f9103aedc8fa1,SNOW,"DARKNESS, LIGHTED ROAD",SNOW OR SLUSH,FAILING TO YIELD RIGHT-OF-WAY,2.0,29.666666666666668,3.0,3.0
006e6cb8786cf311d43f007a0c6e713d8024092582f6070798e617a6347e121d9fbd225b6a013f0a40688df5f1fcfa89dc97c378f61f617295e8614ebddeeeca,CLEAR,"DARKNESS, LIGHTED ROAD",DRY,IMPROPER LANE USAGE,2.0,24.0,2.0,2.0
006edf2091dcda93b663d6d305a904b0bdc39d5e4381e9a63d0bec51c936e4d7ae1f7f389920ea8fd1cb2227a4591400744b496cd9481e9e01f9e03050c0fce7,CLEAR,DAYLIGHT,DRY,FAILING TO YIELD RIGHT-OF-WAY,2.0,35.0,3.0,3.0
006ee2c5484cd785edd4c740487d636b7c4f91a19d67b26160ab7817e65bd3eb81acd0b34751f6a73d3f9b547a5da431863593d31723b3506e098eb5bee57985,CLEAR,DAYLIGHT,DRY,DRIVING SKILLS/KNOWLEDGE/EXPERIENCE,2.0,37.5,1.0,1.0
006effbfc53ac9341319247e19889514e15e11c989d98a29e2da66f65aea0e21a2017e26aee4cd5f73d0812ef2b180cab4112d2e30eff6231a3d2a6ef7687c91,CLEAR,DAYLIGHT,WET,FAILING TO YIELD RIGHT-OF-WAY,2.0,26.0,2.0,2.0
006f13b26d7beb35bb328f2a14025d6d04bebd80a4623086085e234aae3ea9b64b746219a831029ea5b276b84a75b7d8858e0bb96daa1a7338824876716e45c3,CLEAR,DAYLIGHT,DRY,FOLLOWING TOO CLOSELY,2.0,29.0,2.0,2.0
006f1607cc5d6923ec02afc1d049e09a1b2ece0ab5d3c7f539c9292eda95fcf21ddd29a56fe73658f3841c254fa00985b0362e4652ac5aa9b05ec2a3583cb290,CLEAR,DAYLIGHT,DRY,FOLLOWING TOO CLOSELY,2.0,25.0,2.0,2.0
006f1bd8e64eff399d87096eab16504f215c73324a37816bf31cc0d550b9e584f21af68818fa2ae0970d8eb27a57b1882d28e02f7662711ceda08546787654a1,CLEAR,"DARKNESS, LIGHTED ROAD",DRY,HAD BEEN DRINKING (USE WHEN ARREST IS NOT MADE),2.0,49.5,2.0,2.0
006f3b48303267fde7d818da7f75d3160bafbf184c7cbae53939f5bc32b0e5b89461b0e959b489d765aef06fd7e65b416f19395034c95c15ddf698174bc73b46,CLEAR,DAYLIGHT,DRY,FOLLOWING TOO CLOSELY,2.0,36.0,4.0,4.0
006f43a7fc814f8e3c847675daf5fa1161db4cc4203bf21c2fe275bd31b502716af0177be0a011c1656e99947ba69460ce790df3ff33835d6b3063e23dc00322,CLEAR,DAYLIGHT,DRY,FAILING TO YIELD RIGHT-OF-WAY,2.0,35.0,2.0,2.0
006f5defeae0e35070f03ae7068c06413972f41456ae880c4544b6a6c3ba5a8836e2c930e6d95e49da3436141c57d031b415a27a12c3200a4422e1415ffbf50a,CLEAR,DUSK,DRY,FOLLOWING TOO CLOSELY,2.0,30.0,2.0,2.0
006f87d9b395f416d8c711d1a0f5f766bb82f6bf12424ba1837021fbf5618d2e998fd443e8f695282a9f1dbb13198edaaa7543c4f8c862548949015647166d85,CLEAR,DAYLIGHT,UNKNOWN,IMPROPER TURNING/NO SIGNAL,2.0,43.5,5.0,5.0
006f9222437d8070844b77cee64199a76dd979cece8314a4cd48d549c27bb7aac1415ac22f6236549409ace0188a68574acae1c837ca8861def6bf2b04a09a6f,CLEAR,DAYLIGHT,DRY,FAILING TO YIELD RIGHT-OF-WAY,2.0,53.5,2.0,2.0
006fa49c9b53f02e6124c576fd76e005b4fea1e3020809cc9b5c27dd7b73b35663ca02b19d939f390c388777e27167b21da6c52b9503fb0b0d1433c6a792baa0,CLEAR,DAYLIGHT,DRY,FAILING TO YIELD RIGHT-OF-WAY,2.0,26.333333333333332,3.0,3.0
006fb625821853ca31ce91aed9e2f4958648dc75f0ae0f5d5e7e0250d1e1b2afe7d146c091a068e372609ab556a19d5c6b5d9052c64ee1de089b1afb17d499c2,CLEAR,DAYLIGHT,DRY,FOLLOWING TOO CLOSELY,2.0,56.5,5.0,5.0
006fc22ad9cdb3cd909218951dfdd9ca9878bcde14adfcc5e8a1261b38c4cf5666c7dfee3666c18674595f2852d9206b68bcac7ea86d3bc8447e2bc8d42627fc,CLEAR,DAYLIGHT,DRY,IMPROPER LANE USAGE,2.0,37.5,2.0,2.0
006fc9016d9513efc9c2dea63c7be675f2a0be22a04085ec5f9e95205802a7b5521253b408a8470e917da4b2eada35e269aa28f29227f8980c844509b4f57397,CLEAR,DAYLIGHT,DRY,IMPROPER OVERTAKING/PASSING,2.0,60.0,1.0,1.0
00703200ddf78e78930cc8ce0a1fa0ab3029c2851b9644ab958dfb776143adcd8c47c3d67797097a0b092a61a67033a671ce043b9b20d5d1d7c31fbded680e65,CLEAR,DARKNESS,UNKNOWN,FOLLOWING TOO CLOSELY,1.0,25.0,2.0,2.0
0070421aa06792c182e50e6a9339c2370fc164dac6bef7785aa75b48a7f7c541f939a4b99a65c9af35189c50d104bb3dd25495159e8e03a0a371b9e304a6a110,RAIN,"DARKNESS, LIGHTED ROAD",WET,FAILING TO YIELD RIGHT-OF-WAY,2.0,56.0,2.0,2.0
007082f79d5c1df7ebc9c7c4994e1401fefbfc45937ea585378ee60df569486d379e5624e265bca9d7c0651512a587b4cabae2fa260a99e3c8e3232054e593d0,CLEAR,DAYLIGHT,DRY,IMPROPER LANE USAGE,2.0,40.0,3.0,3.0
00709ae45f7d1a3bdc917b312e2ebbaed8a24f3b94bc74a60e8ed94b116a34627b2e7aadc925fc85c633215a984a52c4fcbde90c777c4625e1c4eade319f5a53,CLEAR,DARKNESS,DRY,FOLLOWING TOO CLOSELY,2.0,30.0,2.0,2.0
0070de46ce27c603db3f45ef1387856b9bec579c7b5613c35ecfc4f5c4d14f485b955c7768cf3d3a94ca28c263f0e51f9edb5f69f1f042829f6cde0825993935,CLEAR,DAYLIGHT,DRY,IMPROPER OVERTAKING/PASSING,2.0,75.0,2.0,2.0
0070f2366762da4a11ff910740b2411c8b44d948256505ec2e93ca338186d530bfb2c2c8a52e2033cf62baf8cae74f1bfdb165afaa2197766dac7b09395b4409,RAIN,DAYLIGHT,WET,IMPROPER BACKING,2.0,47.0,1.0,1.0
00710babd6aff56558d5eb766ab793414059228cd2c9937f36f25b32d408cebc57e6993871682691aa82a3242c4bb80d0a88adeda146c6f6c3ea90a7e39114bc,CLEAR,DAYLIGHT,DRY,IMPROPER BACKING,2.0,30.666666666666668,3.0,3.0
007134a9a18d14ac176c1668cbbdc83cd2cd4593bb8a278c5265ceae55724f474983572dff5dc24f306c2e9c74cdcdb50cb2017e0f29e4ce4107902d8f962b2f,CLEAR,DAYLIGHT,DRY,FOLLOWING TOO CLOSELY,2.0,48.5,2.0,2.0
00713851e67ca8421388ba654a0187ea2715392461ee2c02d2bcb6135e2a45fe377cc4389d95a1a6e2ef0fe952cf778e07ab220cf89b475752c892d1a9f68f62,RAIN,DAYLIGHT,WET,DISREGARDING TRAFFIC SIGNALS,2.0,32.25,4.0,4.0
007148c453c499c7b06e2dc9e1e5ea0bd77a2db3859a23e13360a6ace1d925d5391cd5b51d295dbe5ee7c7e1bb4edba6ca4027cfc26ab34c0bdbd92ec2a787a1,CLEAR,DUSK,DRY,FOLLOWING TOO CLOSELY,2.0,28.5,2.0,2.0
00714b027f7c17df1909c730c5b74c86d4c62ac3361cbbf68aa1f53200e14f5bd70a498809537f164e2eb2838c7e764b3c6b15d19b0c35c6d632fdb3e625fdbc,CLEAR,DAYLIGHT,DRY,IMPROPER OVERTAKING/PASSING,2.0,37.5,2.0,2.0
00716e370a92cb4a6549d36b601e4b9e97e8e25f1e87dd55350df216a6b2484f22961a15e3d5cf8747c3c1cfe1ee0a02d5a37789ef6e150ed20bdbc65a46bc7f,RAIN,"DARKNESS, LIGHTED ROAD",WET,FAILING TO REDUCE SPEED TO AVOID CRASH,2.0,48.5,2.0,2.0
00717dc3bf8d050957e2f8f5aeebc34fc3529d26a36fdcf881bee5af13c49c8d178e9587eed32063805735d29a49ef42a7b8dc9d539ba0a0c6719c14c7cf030f,CLEAR,DAYLIGHT,DRY,FAILING TO YIELD RIGHT-OF-WAY,2.0,40.5,4.0,4.0
007197ef0a31a0201953dcab762590b8aa9cf80638fef2a0ea42ccf354ecd1ff13be9772a674047670c06f9b4fe772a61a541e19bad4816b18aeb5d3cf8775b8,CLEAR,DAYLIGHT,DRY,FAILING TO REDUCE SPEED TO AVOID CRASH,2.0,30.333333333333332,3.0,3.0
0071ab087f4c8acf498f946024bf9856879225849fae778f82db7e47f29f1d4f2a3b911bfdc6ef02602afdba032daae618ac97a28d3d26f90fd4921deda02b5c,CLEAR,DAYLIGHT,DRY,DISREGARDING STOP SIGN,2.0,34.0,2.0,2.0
0071d349aaffd5c43691224def94e394eeee278029b705487ecb997a4bdf11c320c3afcf2208744df9241723902fb8a5c955a960dead3a390cca324d706c6bcc,CLEAR,DAYLIGHT,DRY,FOLLOWING TOO CLOSELY,2.0,42.5,2.0,2.0
007201e33357e0e1070fce84393f03fd43b24a029210103719dbfd64a9a5541aff4468d7d9ff25f63e97b7708d859139264c0059da7928eff49587c4b245098c,CLEAR,DAYLIGHT,DRY,FAILING TO YIELD RIGHT-OF-WAY,2.0,45.0,2.0,2.0
0072098de2e1a2933dc1697650cd273572767da9d08c79afceb21fc77f3b68e42395cc097b2be05bac3e886221cab75673db76385abd84bb9b3af1c8c7829435,RAIN,DARKNESS,WET,ROAD CONSTRUCTION/MAINTENANCE,1.0,45.0,1.0,1.0
00722e940687846e5c8d454295b7100c59975d2b06d5396d73e6890c885591370d90f22fad11f9a96a0d1b3e30a247b21d4d0afd9dc3f60f56ce4538178fc75d,CLEAR,DAYLIGHT,DRY,FAILING TO YIELD RIGHT-OF-WAY,1.0,42.0,2.0,2.0
007234f8f6748ac2cf165a7436a7be3803a83cd6a2e035f2f8b2a743b804254c801cbd25ea7d48eeced0dd85be958f67da86e4a843474a826780372f8393c370,CLEAR,DAYLIGHT,DRY,"VISION OBSCURED (SIGNS, TREE LIMBS, BUILDINGS, ETC.)",2.0,52.5,2.0,2.0
007294fbef479b90c822398265a9e56efc3df2647c327ce611ef45d9182aec7b870e5d4717f8dad34b08e684af686d7e5708d3f5575f00ffb2e2e6fbd0bd0e15,FOG/SMOKE/HAZE,"DARKNESS, LIGHTED ROAD",WET,IMPROPER OVERTAKING/PASSING,2.0,51.5,2.0,2.0
0072c1a6fe400785ef1fb6fdfc079e471c5aaa47316ad259395d21c31f7f94a9a027cfa535d9d05b220eecb391a007c9d82c72fd8cbed34f9c003dade72d77f0,CLEAR,DAYLIGHT,DRY,FAILING TO YIELD RIGHT-OF-WAY,2.0,26.0,7.0,7.0
0073049ec71caf37a493c4d075d3077d10525dba3e95cdea130bfecb2dce406803081e1653e9519fe2f94dc694ca6d2023a0e661030aba49385152abea6693f0,CLEAR,DAYLIGHT,DRY,FAILING TO YIELD RIGHT-OF-WAY,2.0,37.5,4.0,4.0
00731ddf117808f2ed12edcd44a1ef73a7f52d189979f399972a7a6ed4b5aa5ea8b574a62670e5bf09a215ca7608367ca9c33e4f2eb33698aa4568c3b7e61ce8,CLEAR,DAYLIGHT,DRY,IMPROPER TURNING/NO SIGNAL,2.0,42.0,2.0,2.0
0073cae18a107b92647808f60e8ab1090dd5695b4aafd904e983861d50ffbb40fc48029181495394b8d28006aabe6bf5834dbd9c910d8fc68391f216c986760c,RAIN,DAYLIGHT,WET,FAILING TO YIELD RIGHT-OF-WAY,2.0,33.0,2.0,2.0
0073d39b6a6b248416bca15de984b774709173be445510c45108b994e68af194da1dbc791d5d117a1e2bf6687a70f8e81f696bc096f9e0d0674ceef388d23732,CLEAR,DAYLIGHT,DRY,FOLLOWING TOO CLOSELY,2.0,59.0,2.0,2.0
0073d9738fdb11148e504cb5025752471b311133b763f8a13c6b79eab2407717513c5761767ba2755a9092bd38bc7bd59ca9ed0a914a7c3a1926417e207a396d,CLEAR,DAYLIGHT,DRY,FAILING TO REDUCE SPEED TO AVOID CRASH,2.0,35.0,6.0,6.0
0073f9a4f9855d837701ba7ea2f6ae0f9408b38b315120a29b2a45eefedb3706d66571a9a33d15792cc4743c7336a5d1fe161d81d8e46f96112a1da09153f5a5,CLEAR,DAYLIGHT,DRY,FOLLOWING TOO CLOSELY,2.0,74.0,2.0,2.0
00740d8e95c27702dc0c3c1a080b2f1b3941151d5f686755978ba3d1e878dab637daff7fbd426d12423d9344054c89491ed2fd7cd12dfa807587c857871add2f,CLEAR,"DARKNESS, LIGHTED ROAD",DRY,UNDER THE INFLUENCE OF ALCOHOL/DRUGS (USE WHEN ARREST IS EFFECTED),3.0,30.0,2.0,2.0
00741ab32faca1a5ab6ecf776b24a99da2f4bae82daa0dbd4db5b79f720f6c11eb1120f994c508597c5a149be0a40913fe0d3797b6169514e244ac367ab499c7,RAIN,DARKNESS,WET,FAILING TO YIELD RIGHT-OF-WAY,2.0,34.5,2.0,2.0
00741cf3cf60389c8a4b6502ba932a4badd3f2ac2edba86892328b5442e91a957d36985891193a7115c6d6b734ea563aa33edef9907f1bafe9d3684a4e80dee8,CLEAR,"DARKNESS, LIGHTED ROAD",DRY,FAILING TO YIELD RIGHT-OF-WAY,1.0,37.5,2.0,2.0
0074810796ced88b6314b3343786e93a83978f742f511ea51738744b256b8525ffe562c5fe536f4b26cf6e202265c5f01b33edab1f7176725ea9668479c549b5,CLEAR,"DARKNESS, LIGHTED ROAD",DRY,IMPROPER OVERTAKING/PASSING,2.0,30.0,3.0,3.0
0074bb0fea88c6f5048599c798135b23e6fd51ce5b45bfc09edfaa2fdce19890b8ed541ad8339723394a8e9938cebac904c2bc6db299a91e2761b0cb6b21dd6b,CLOUDY/OVERCAST,DAYLIGHT,DRY,IMPROPER OVERTAKING/PASSING,2.0,21.333333333333332,3.0,3.0
0074db9052cf7f330c57b679c53f2f5499151798a755ffc2bdd58f95cb7c9b7e9ea25d103669cd4171e5c6b38cd2694b9d289af185ac3df9a9fa5ad0792bf6d7,CLEAR,DAYLIGHT,DRY,FAILING TO YIELD RIGHT-OF-WAY,2.0,46.0,2.0,2.0
00751c03bdac4a025b2f0ab09c5acd8dbf96c660f50d2754ecc21b14fb0ee67afa9ed4ead6e86d0df16b86e8dda53c074f25ef8cdd422c74ecd9f27033c8c8eb,CLEAR,DAYLIGHT,DRY,FOLLOWING TOO CLOSELY,2.0,25.5,2.0,2.0
007530450f6b124466788eae624dc976f797e5a6d798aab6cd02b5c03d355aaf8490c2203c613ebc769078824ca2946be798c14adf1f35be70b0ec3130eb68d6,RAIN,DAYLIGHT,WET,WEATHER,2.0,67.0,3.0,3.0
00758c40921b059121fc4985e228f02bdacfb567c53ae53d90795db17d292f5d33098e2abe776c8209be234adea15fd43e977a7f1553ea4def906613a29fc9ab,CLEAR,DAYLIGHT,DRY,IMPROPER OVERTAKING/PASSING,2.0,37.0,2.0,2.0
0075ea5041cf9d32d3c80d5b46cc6ee099d266d00287c872c823a14a8fcbffa07f3b9cf375a8fe4a0e37632eb3242f08e626940e60df9c7c49b50fda6d5c0967,CLEAR,"DARKNESS, LIGHTED ROAD",DRY,IMPROPER TURNING/NO SIGNAL,2.0,19.0,2.0,2.0
0076011d3b22c970132d7ca76a32f6c5ab290340389608f789aeb49f24f7ece8e2f60e9f817992d556af14fb13649fc53201478710492d372b43129530033e31,CLEAR,DAYLIGHT,DRY,IMPROPER BACKING,2.0,57.0,1.0,1.0
007604723d12d88b3da00f9adf959048e3323ea0455df722be5145c3f415e505101a5bfc86e060db0257bcf239ecde4dfac21da78da40c64774aa3c0120cc458,CLEAR,DAYLIGHT,DRY,DISREGARDING TRAFFIC SIGNALS,2.0,24.333333333333332,3.0,3.0
00760f42c69c44ee6a66b7cb8895ef5253327c9a2656e592bd8635c9c14edf1be5fdb81746e7333aaec587f80e36ccfbb425b001bcdea143a17d0ff335c31e93,CLEAR,DAYLIGHT,DRY,FAILING TO REDUCE SPEED TO AVOID CRASH,3.0,28.0,8.0,8.0
0076152dde5844b244762d7dcf64ad46754f1258ae713355931fac963d4bd62a08a97d27cfb0e0c679ef18fba2efdd9fa6fc8d28886efdd2bc1c1cbf1d39b131,CLEAR,"DARKNESS, LIGHTED ROAD",DRY,IMPROPER TURNING/NO SIGNAL,2.0,46.0,2.0,2.0
0076642c49c88353f70a31340f0a936f0caf0019971de7d64c89eb00600ffe4282951cf21adbd1be9f27fae73a05594d1234b94734024fdb287f5dc659f5ea28,CLEAR,DAYLIGHT,DRY,IMPROPER BACKING,2.0,37.5,1.0,1.0
007667dd3b4efb6f0ee876eae8c3dece725198ab60d25ee098074f0bcbfe99ed1dcfc4770ee1693603256d26d12f18c653e8b73975258141571dd42a915a0023,CLOUDY/OVERCAST,DAYLIGHT,DRY,DRIVING SKILLS/KNOWLEDGE/EXPERIENCE,2.0,39.0,1.0,1.0
007672c848faa9fa4d05d8f1a3d3a3790c0580569fa983aa0a37de131a29b05e4f242e03dd81c8f67c589c76d5651e8b1de9286dd77bef1820084689f68393a1,CLEAR,DAYLIGHT,DRY,IMPROPER BACKING,2.0,32.0,1.0,1.0
00767ec754b2afd199e1d0fb43731b66e258c1ef46b8a2b6396c1ef7844734fa01d4d304af6acebe21e2aa0d54df0f02fdee912e122080c6b51e72e7da943712,CLEAR,DAYLIGHT,DRY,FOLLOWING TOO CLOSELY,2.0,24.5,2.0,2.0
0076814598c30d613180ad97bb56f96d44f599447729d925d94e432f0eca91e673a7edadc3465985204f56e134fcb803fb91d80be9c1529ac801ae9f89ab2422,CLEAR,DAYLIGHT,DRY,IMPROPER TURNING/NO SIGNAL,3.0,34.666666666666664,3.0,3.0
00769fa7df79f7551d838277a225f8c6c40091c1b881cf46d9a7e8e773b673274c764f24d1abf86a17bd8c3cc476b5d47122614c9b8e44e082e3595d5011295b,RAIN,DAYLIGHT,WET,IMPROPER TURNING/NO SIGNAL,2.0,61.0,2.0,2.0
0076a10cebdf9f71159e17c8e737a414be1eee895873c91f2d9e66f9d39cd8751aa3f516bd0613ea9c3d63f6c04fc19fbbe029c7049c4c19eadbe9a295563a2b,CLEAR,DUSK,DRY,FAILING TO YIELD RIGHT-OF-WAY,2.0,32.0,3.0,3.0
0076c10d54161e4d73027405626939b35b1b434b4d350b2a25a0a22758fa002c816631412a98e4ae40192caa5f49c4fe8645731f614c7c53f3f3438a0eda4e8a,RAIN,"DARKNESS, LIGHTED ROAD",WET,FAILING TO YIELD RIGHT-OF-WAY,2.0,35.0,3.0,3.0
0076cb3d29049e8e4df89da008dd27aaa89c8fc2582846bf9135770d2f1eef0985aaed3c9806c607b41ec8e5afd58a5a148d7eac900b77a80651238dfd5d2656,SNOW,"DARKNESS, LIGHTED ROAD",SNOW OR SLUSH,IMPROPER OVERTAKING/PASSING,2.0,19.666666666666668,4.0,4.0
0076df60f824f3b04729fb9d902d1f3accee6dc410719cf1816d96097070472288a2d9fdaf082d5637570c5ce7bd020f86da6319f15925945365d11f9d65c40e,UNKNOWN,"DARKNESS, LIGHTED ROAD",UNKNOWN,IMPROPER LANE USAGE,2.0,37.5,1.0,1.0
0076eb444558e937ca738c8945d1f11d63c7db5a8f243667f75543a3a63fbff60ac573d725142a3104d497751c6a163ff2e21af655860132e995c4b9e19ac4b0,CLEAR,DAYLIGHT,DRY,DISREGARDING ROAD MARKINGS,2.0,50.333333333333336,5.0,5.0
0076ed92e16c3719de7b45cef7c0231980c05b190b35cb6c3db2de6f4915261e18c17b8bdc0182d8b14740f8fc2935b5fcccfb7098a3574cb53b42e8d8916362,CLEAR,DAYLIGHT,DRY,IMPROPER LANE USAGE,2.0,30.5,2.0,2.0
00771255f6be306352d2e9ccfd7c5465a8ad293a424d0874134ba59079da4f344b54e083c94be0b9cbb3410eba580b2c5d0ca3675b1bf56e5a028b22ec6991b0,SNOW,DAYLIGHT,SNOW OR SLUSH,WEATHER,2.0,52.0,2.0,2.0
007718377cbc8738adbabd8953d2daf795f76943ee565577ed3e08177c8c596a279ec685edd79b70f1249cd1f13c42f38ba84d5b73dfbd4ad77408c16d354c2b,CLEAR,DAYLIGHT,DRY,FAILING TO YIELD RIGHT-OF-WAY,2.0,38.5,2.0,2.0
00773e66573c41a7f4b8e16444164e19c28ea532f6ca502350a9b653c06e77ae712dcf55ba07fceb9ba7bb7bc66d3e717ee9d88306368a80059b7aed3ad56dff,CLEAR,"DARKNESS, LIGHTED ROAD",DRY,IMPROPER OVERTAKING/PASSING,2.0,31.5,2.0,2.0
007779737dab94f6d62ac7764c41de38b311034948edfc0c56613911b201284a08da37c48a863a5691f9fb2382aef57742bb1a06ac4c8c142083dba428c653ac,CLEAR,DAYLIGHT,DRY,FAILING TO YIELD RIGHT-OF-WAY,2.0,30.0,2.0,2.0
00777bece3aa4a828f56f1c17e9463d4bdd5209bcbc476f12519e590ba7b5280f63766767fd17ad8d0793517f55c692b98a97505376849039f0314d7d77c46ee,CLEAR,DAYLIGHT,DRY,DRIVING SKILLS/KNOWLEDGE/EXPERIENCE,2.0,61.0,1.0,1.0
007788682cdc938ee0228bbfb3fbebbc07669ad165be7520cb348a746605768695c7f3d1970b4dd18e0d86343d7460de85fe1c0ed5278d389d77fee4bb137de1,CLEAR,DAYLIGHT,DRY,IMPROPER OVERTAKING/PASSING,2.0,18.875,8.0,8.0
00779709bb6c08fcefbadb9f3a1c80c2bf1eaa1831b6f26e9e8e2530f1bec191324eec4b7309fb2a7a716335d22c7625878bd9602eb3f0c4bab2ad8c07af72ac,CLEAR,DAYLIGHT,DRY,FAILING TO REDUCE SPEED TO AVOID CRASH,3.0,26.5,2.0,2.0
0077dc4b61d474a18747989bf7e13076f2b7dbe9c332f0b9fc2167aac67da7d322408f2f6e961ff03eeffb423ebf4567859e8d2f36148ab6431f64089a6b68ea,RAIN,"DARKNESS, LIGHTED ROAD",WET,WEATHER,2.0,23.5,2.0,2.0
0077e1fe567509544b96ffece609e5632ccff95e4f2bda8a325e47194f2509e2ca388823f57edff37dc8e2bf0dd12dffc506cd93306e3630ccf804df7ff87d06,CLEAR,DAYLIGHT,DRY,FAILING TO YIELD RIGHT-OF-WAY,2.0,28.0,2.0,2.0
007823591e965f57ad02d47594c3b6c2bc99665da7bfe6d56b7b24c197c830cb796a3c8149b33d67faacb041e0a7014c741cc179012183ea560187c67b48dfcc,CLEAR,DAYLIGHT,DRY,FOLLOWING TOO CLOSELY,2.0,29.666666666666668,3.0,3.0
00788fc7ccd49ab7689c9c5ababe2031a94cf1727ca782331bddf4c3af8b15ed2695019441219d83137861252c53e649d601a1a41fad9b5650b856b4f07c174f,CLEAR,DAYLIGHT,DRY,DRIVING SKILLS/KNOWLEDGE/EXPERIENCE,1.0,22.0,3.0,2.0
00789b302431a9a16c7479392b95d716a018bce9fe90727a2cb3307bed34adc167871d9223a3bbc348b09876508dfbe502b2a6f575dbd8b5fc3dcd61401c84da,CLEAR,DAYLIGHT,DRY,IMPROPER BACKING,2.0,30.0,2.0,2.0
0078a4c6159fcc5ef9d7c8ae9a4016a4358538ae67738ce1416b55aac370bb0063e4bff497b9d9fcce5dd627f6e884a2b7b6f052c802b1a8009910c6feaa0ab0,FREEZING RAIN/DRIZZLE,"DARKNESS, LIGHTED ROAD",WET,IMPROPER TURNING/NO SIGNAL,2.0,49.5,2.0,2.0
0078b08540cbf12092135c05e77b150dc2c42582a8be92b48199b67b4e2023f30741dad344b8f10e28d890c4034e0e4bc6eeaae8166c07304e42b0b19f5f3414,RAIN,DAYLIGHT,WET,DISREGARDING STOP SIGN,2.0,34.0,2.0,2.0
0078cddf9e9e517c0a1ad0fcfe92d38a7ede40ce30cf22fdb2f3828a11dc4767b74d75ea079ef8323edd4110580ecf21a5babcfd70bcc76963a194a440165758,CLEAR,DAYLIGHT,DRY,DISREGARDING OTHER TRAFFIC SIGNS,1.0,60.0,1.0,1.0
0078d30d79c59fcea970c1242bf860fbabb8386e9a001f7e2befd1b217086e5f4e38052c49a60735647e0cf9341ceb4a0f06f92e21ec5684eeeaf5e5e8886386,CLEAR,"DARKNESS, LIGHTED ROAD",DRY,IMPROPER OVERTAKING/PASSING,2.0,30.0,2.0,2.0
0079577d87ae812c5a092d60830f7ff3e3ba65323c86991be7f940959235decab04b44e7cfe52d8eaf00d214bfc59297f56b7c8ef1313debe0ec8de03e8d19ac,CLEAR,DAYLIGHT,DRY,IMPROPER LANE USAGE,4.0,39.0,4.0,4.0
007966b41468580769ebb5144f4840ed357fd255c8af1d46bdb95776b8ad8d6bed7706eb8a4d9f83b3789c2f636133d44340e1f62442e98c9d7c42937b79fb34,CLEAR,"DARKNESS, LIGHTED ROAD",DRY,FOLLOWING TOO CLOSELY,2.0,42.0,4.0,4.0
00797529cbacecc4026ac48fdc336e275eb70f32f5d843d4d6fc7de2f5a2b140e4fcbd6f870fae491cbd54dc9b4d883a1b856370c95d67c9ad441b875792145d,SNOW,"DARKNESS, LIGHTED ROAD",SNOW OR SLUSH,FAILING TO YIELD RIGHT-OF-WAY,2.0,24.5,2.0,2.0
00797af3100f055837888938d244333c593656181703de22a8a5bff5f28dc443a622d45cf253c7adf99f4fcb136fc37f97144973e1885c107af37494be6be316,CLEAR,DAYLIGHT,DRY,PHYSICAL CONDITION OF DRIVER,2.0,50.0,2.0,2.0
00797fca9a6b41747741a03722a487c37812fc6c8d52218c37d507bbb1536734cfa9cf213ab614c3b9964f24fb8c0ad4acbc4aeb8d96c986fb52ab80963b308f,CLEAR,DAYLIGHT,UNKNOWN,IMPROPER TURNING/NO SIGNAL,2.0,26.5,4.0,4.0
00797fe5a487837aeb317f1a3685423047ceb5be88680c675757e324542df2968096fae1059fa3211a7083ca50a0c06d6e2372dbf63fba21723ee181eec26e02,CLEAR,"DARKNESS, LIGHTED ROAD",DRY,FOLLOWING TOO CLOSELY,2.0,29.666666666666668,6.0,6.0
0079a7e7fbb9093d8b80352c4f6361e3788b658f3c5cb2c38a7a67530f60c5c817b030ddfae6be5dbd1d273a13050d2170b4c2f9c8006f68ae5fcbff3f0d3c82,CLEAR,DAYLIGHT,DRY,DISREGARDING STOP SIGN,2.0,53.0,2.0,2.0