crash_record_id,weather_condition,lighting_condition,roadway_surface_cond,prim_contributory_cause,total_vehicles,avg_driver_age,total_people,total_injured
0079bf2da5354ba2cd5d32495182788d98d59877ab0bce48b1ae4d6f4d311a41567ae525a3aabed23e4bc5f047f2b903165f743094c3c520dd697c2d061beee9,CLEAR,DAYLIGHT,DRY,FOLLOWING TOO CLOSELY,2.0,33.5,2.0,2.0
0079e1cb1609f465c97f7640053be2e68bb7c1dbc40d7c60a9640c4331d5541829e95b576e66556b28060bfba2d3cd66392aed53c73a52744a63785958ebc830,CLEAR,DAYLIGHT,DRY,DRIVING SKILLS/KNOWLEDGE/EXPERIENCE,2.0,34.0,1.0,1.0
0079e614eed27c9cc5bd4d749e6553eb7839a3e26787825e29bdff871b0b626c2ab04a8666ef7e9d8c486a1914049ac12d1aceba8834a88b2cd9eb50f06e48f1,CLEAR,DAYLIGHT,DRY,FAILING TO YIELD RIGHT-OF-WAY,1.0,44.0,1.0,1.0
0079f09c1477d38c6eaa096d0083620be2a634f8c0e91a8fed0e0ff14f4349d858b1a9fd66997145be64e99a1f1bc874429e4976a98b2ff9cee24e32a14dc04a,CLEAR,DARKNESS,DRY,DISREGARDING STOP SIGN,2.0,29.5,2.0,2.0
007a0e9711d2dcf1be14e5dd4bae82f93bf3d7dd0f88981d562a90f8996ad219c603f784b46564b1c4850ff13b7b20cf0e36c4af7413cffa25b794715223bc10,CLEAR,DUSK,DRY,FAILING TO YIELD RIGHT-OF-WAY,2.0,40.5,2.0,2.0
007a8de8f32cf02b51cc9cc7a052ef05e2c314fb40aa72aa9fb521adce63843995b17be9c0ec461924b78a767ab59de3b8b082ae615fb8dbf26adda7f61d98e5,RAIN,DAYLIGHT,WET,FAILING TO YIELD RIGHT-OF-WAY,3.0,36.5,3.0,3.0
007acaf91e96e9f95fd78d795fc83b06127c4487e8126aaea27400a16765ccbed4030d1b393baa219244f3c0ac72a7e71fb6105ebad2bd2e59d44e1f6d674d64,CLEAR,DAYLIGHT,DRY,IMPROPER BACKING,2.0,69.0,2.0,2.0
007ad2b7433e92dcb1af3365c77bf12df93b6fd9b9c77c040a3aab0ef6b9d1f82508272ca32f00467db84136f2941dfd6debc67fab5fa09f2de6020a99fec328,CLEAR,DAYLIGHT,DRY,FOLLOWING TOO CLOSELY,2.0,57.5,2.0,2.0
007ad36d4a4e4051384fea6215efb25f68483af8970542e1159128e574fd1d8778002c90614bec4720f8ae98db9fb47ea94b3d3d890d9dd891c3193299047d1a,CLEAR,DAYLIGHT,DRY,FAILING TO YIELD RIGHT-OF-WAY,2.0,35.0,2.0,2.0
007af2189a8d13808e1b7d798061d5a1914bc2ee3be1d3a1f1799b653de0f614f9c61df2a4c48d057f924bfd94e4b2a30a4c51add8bb05cf2fbe4c976982c4d9,UNKNOWN,"DARKNESS, LIGHTED ROAD",UNKNOWN,FAILING TO YIELD RIGHT-OF-WAY,2.0,27.0,2.0,2.0
007afeb52b4a60531cd5864391d28ff24b310a96e493d60cc4d7395789f622674e7542f24dab1834d79293a67cfa1595b3d234f7c59957dbd1442fc1e7e129e6,UNKNOWN,UNKNOWN,UNKNOWN,FAILING TO YIELD RIGHT-OF-WAY,2.0,45.0,3.0,3.0
007b1477c9cc81c77fe4eeb0d135177d7ec54478f75f5da031a7d6d0dca51a80e6b71cd51ab8ffd887d5eb27caec68624174e653b9927330b76ab89693988b06,CLEAR,DAYLIGHT,WET,FAILING TO YIELD RIGHT-OF-WAY,2.0,17.5,2.0,2.0
007b5b516120c75954d96938237ce1199041f13d7fd3804dd1c92a5f1304b4e30d1e4d7025f526acbb7b63016166056ed050b1450b07135a4ab2f8201828247f,CLEAR,DAYLIGHT,DRY,IMPROPER BACKING,2.0,33.0,2.0,2.0
007b61c5dba13b48996e500fe5719f512f16950db6971699c174c68affd43a60d916681c148d3b6a55e113fdf7fce049621b2e9da1bbad9072fb660d8115b39a,CLEAR,DAYLIGHT,DRY,IMPROPER BACKING,2.0,49.0,1.0,1.0
007b654e46007fc8f6f6e1077635bd6535ca561b600ffa9da651868b789d9e3168b7254da2692129c82eed384556cd347744453807bae2403c59185414d597b4,OTHER,"DARKNESS, LIGHTED ROAD",WET,FAILING TO YIELD RIGHT-OF-WAY,2.0,49.5,2.0,2.0
007b70d5a798d8bafc71eca56acb5f22fa8ee01ba0991e57de5a7b1189d05960e991725040f0564368007e6bc8c63d630b0e1659096903778caa2ffb84ed914a,UNKNOWN,DAYLIGHT,SNOW OR SLUSH,WEATHER,2.0,37.5,1.0,1.0
007b789c30cb9c6c3fb1a7acd9295413b495119bfbfde6fbef7f71a1ff3c4bd5a256e400cf79e2c76df6b69b554cef694291f75304aa2c38c094683523dae63e,CLEAR,DAYLIGHT,DRY,IMPROPER LANE USAGE,2.0,40.0,2.0,2.0
007b9aed85580d027c40bd73dcd1968206a4cf44f95da08cec1821264b4a83a96bdf2b699799e9aa0f7def7f281a4ff558ef80ef29b598e57b40341530e83332,CLEAR,DAYLIGHT,DRY,IMPROPER OVERTAKING/PASSING,2.0,27.5,2.0,2.0
007ba128447aeca16362f57a7304d6512ee1f3092e0d1409cc9761fc4a297afd14216e7310abea8af7696f95ce27b8972db34c013dd7daa900d2013e40dffce4,RAIN,"DARKNESS, LIGHTED ROAD",WET,IMPROPER LANE USAGE,3.0,42.0,2.0,2.0
007bbc97fe4921396f6c8bb63dd17358c69095466d752c73f0324f40f052924055878b9c165b5e2126cba4414f929334bce6f7f9d98797da41759b501885ed66,CLEAR,DAYLIGHT,DRY,IMPROPER BACKING,2.0,52.0,1.0,1.0
007bcafa0203d013796607ebe96d0d509ed7a3bd6b97813b0bdee10284b0b399a35876da8f4dcb5340605c8cbece5f3af97e0b93f051f97d3e1dfe3c56df25ac,SNOW,DAYLIGHT,SNOW OR SLUSH,DRIVING SKILLS/KNOWLEDGE/EXPERIENCE,2.0,56.333333333333336,4.0,4.0
007bed1977f024204571cd2109125e2efea6a50a268b88cf2b09a4081090aec13226531cd9dcb6016cda3aabdc4d722c34f62a22e46b14927c5ec79b25e2e719,CLEAR,DAYLIGHT,UNKNOWN,FOLLOWING TOO CLOSELY,2.0,38.0,2.0,2.0
007bff031b631797c4ffcb02cecfada450c44a0a40381c9377518a62c8fc381f010b52eb158b8cf5f133edca36160da7d5ad63c41cda7ced6029a23feb5337fd,CLEAR,DAYLIGHT,WET,DRIVING SKILLS/KNOWLEDGE/EXPERIENCE,2.0,41.5,2.0,2.0
007c2276d552e18f57234e496ba8b84f55af510b15b49d3665244e1799e27a43d2d064337af653a9edd124cfc4b56bafa8e9bb3eaaebb23e67e29b6f9bc9312b,CLEAR,DAYLIGHT,DRY,FAILING TO REDUCE SPEED TO AVOID CRASH,2.0,58.0,2.0,2.0
007c3629329973986df31d5292b624a72eced097021ed91ff01e3e6ff1c3db2e57092226af4de38141f83678c416022d678aaccea00f686cb1ffa390198ab3ae,CLEAR,DAYLIGHT,DRY,FOLLOWING TOO CLOSELY,2.0,50.5,2.0,2.0
007c60d75b31b841f5525269499b8ee9c040334478ef04d81d205eaa1f1c0399e695ac72231cc6a127b6ed2830309af43f5a263e7e78bfcd1658036508226af6,CLEAR,DAYLIGHT,DRY,FOLLOWING TOO CLOSELY,2.0,24.0,3.0,3.0
007c8bc706d1e1734db6eddeb069aef330d5b75d49c428b1a7f5cc1c6888273acc0ed9b1dbef0877ccb1b93b60ffdefe204d2682c34cf9f3ed1fc0141821204f,CLEAR,"DARKNESS, LIGHTED ROAD",DRY,UNDER THE INFLUENCE OF ALCOHOL/DRUGS (USE WHEN ARREST IS EFFECTED),1.0,38.333333333333336,3.0,3.0
007cb84f73507c90749342c87eea617261de275002b7894f22fb35b7148acd32c23f7dca7b171d81a84e47882a1e477ecc4317641fdfc1c320ff6314ebf0611c,CLEAR,"DARKNESS, LIGHTED ROAD",DRY,DISREGARDING STOP SIGN,2.0,22.0,2.0,2.0
007cccc5c5e8c9803ec735056657b62b2bf3241522f90dfe7c043aa57e51ec762b3d50adbac62d9aefadb88eb4a1f1ea757d56434c0976229bb3ecdd5943fb7b,CLEAR,DAYLIGHT,DRY,FAILING TO YIELD RIGHT-OF-WAY,2.0,28.0,4.0,4.0
007cd9ae5747670489b19a3a95d0ecd35ef9f7efc318e57b8b797eb4339801ce9cf46292a0346a2496376cd5b9924d1a273cf33a37e054f904681672d46eb2d2,CLEAR,DAYLIGHT,UNKNOWN,FOLLOWING TOO CLOSELY,2.0,42.5,2.0,2.0
007cec2557f4f5eb4f1e8d2535024d829f1edcc0e43ac6db7e25501f515e051e2cf5cac880bc83b1e927d068531f4f3662269722eb96ae3203946a99ff276cfc,CLEAR,DAYLIGHT,DRY,IMPROPER TURNING/NO SIGNAL,2.0,33.5,2.0,2.0
007d0ec8fdc9709d506be0f6b46f82016de063f0acf62ce7af02292e0297550bcd27c4bf35b2453a8f48dc8aa63da743c03436d2600dd35eca53548e9c81d751,CLEAR,DAYLIGHT,DRY,IMPROPER LANE USAGE,2.0,37.0,2.0,2.0
007d1ad9b4afca63d31febae9836b759dc53a7b227138c596c5ab1693dc301ecb0a67095fcd19274f579617c0021279506df7d00eb76026f6d458db2243d741c,CLEAR,DAYLIGHT,DRY,FOLLOWING TOO CLOSELY,2.0,49.0,2.0,2.0
007d307d851ee9c70fd7a431cd69d174a87ceb931e75acc373e2eb6dcf08808f6b6967d3b80332d2deea1dbc9d7f13be27254bac4ab4e98f699fca57d781f88c,CLEAR,DAYLIGHT,DRY,FAILING TO YIELD RIGHT-OF-WAY,2.0,31.5,3.0,3.0
007d3b336012ba976657374ade74058f190de349209f2645fd9fc46a7f28782e7d9a4fd641437d1d29bbccd2a4f3c8296e28cbe6cf7e2b4cf7caf7cba6ec9cbd,CLEAR,"DARKNESS, LIGHTED ROAD",DRY,FOLLOWING TOO CLOSELY,2.0,29.0,2.0,2.0
007d78744197f8185cfeec0dbb8e4f0fa3012bdc0c8b2fb84ffbed035f1fba6c90a0e88ca0b3c91e0df75b28a9782063eccfc2b0c9c12924c1fcf4e2dca55520,CLEAR,DAYLIGHT,DRY,FAILING TO YIELD RIGHT-OF-WAY,2.0,76.5,2.0,2.0
007d88d3e50804d7cc6fab3d6b1cf10df63e7d42af2fc71264e2cb3439c9dd3f9be05a8399fa60c21bfc5da0f87ed0171070e132cd5079c1774af48855cac9eb,CLEAR,DAYLIGHT,DRY,FOLLOWING TOO CLOSELY,2.0,30.333333333333332,3.0,3.0
007d8915ecbb8182b7eba17cb88a4841415766bbcf93ce5cec2a8242fdd6b6f72263f0066499f0072d022dea4d653ae7af8bdb9ce5ca51f2a27f6ed7ba752bb1,CLEAR,DARKNESS,DRY,FAILING TO YIELD RIGHT-OF-WAY,2.0,49.0,2.0,2.0
007df0f4eaaf323f9a7fe478e006625e5745b590db90133513daaba0c61fe79cec6011d624dfec53b12cd8ecbbadef38abbffca25315484e7ce3b6bed7fd99ba,CLEAR,DAYLIGHT,DRY,DISTRACTION - FROM INSIDE VEHICLE,2.0,54.0,2.0,2.0
007e12e63e9a6b15fc5a1c6ac7b287d761703e6477518f84065c52ad32dc32e966f995dfc3bc6d7997327d57b80c660b585aaa546e6a1f24648365b2ee8a858f,CLEAR,DAYLIGHT,DRY,FOLLOWING TOO CLOSELY,2.0,64.0,2.0,2.0
007e18d39102386f9ebd80b98ff7d453a613c55afe19584a8fbdc78b50ca11ea0807ad1cf68fb2d7fa84319635e68d7f588206b62a3916a69e30db63b3d05845,CLEAR,DAYLIGHT,SNOW OR SLUSH,DRIVING SKILLS/KNOWLEDGE/EXPERIENCE,2.0,59.0,2.0,2.0
007e2db37de3c166405e75d12512c084808d808c0db40add962d3f66131cb1f450478c3db060e265a565a62784d38091108fe4a25c7ac05ac7fd5f08e4fd91f9,CLEAR,"DARKNESS, LIGHTED ROAD",DRY,IMPROPER OVERTAKING/PASSING,2.0,27.333333333333332,4.0,4.0
007e49cd3ee736345751f6d1cf508d72ebca70a29a14aa55c474539c567b290d7057a8255754b0bd733a3c8aada40921f0c5efe30f3b968d6e38b60273fb645c,SNOW,"DARKNESS, LIGHTED ROAD",WET,FAILING TO YIELD RIGHT-OF-WAY,2.0,38.5,2.0,2.0
007e68aa8c39266e9d209b5f9364179693a5277b89c40af843cd62ebd087aff028acbd5014e4e9d30e5adf72bec15728a3c1abc220c9313f281a37916fb8453b,CLEAR,DAYLIGHT,DRY,FOLLOWING TOO CLOSELY,2.0,55.0,2.0,2.0
007e6ad47c941a8b68a2969b90c2423b603cd1c393c0eb70314e897b8cd3aca7d059679236e73c4336cfbdd055761af2d22081ba2d70273785f77567a53f6e65,RAIN,"DARKNESS, LIGHTED ROAD",WET,DRIVING ON WRONG SIDE/WRONG WAY,2.0,23.833333333333332,6.0,6.0
007e7650f6dadb75dba7fcaf7dc67198f110d880e107cd1491f1e9b59d6c3be264a3144b732abc4cbfbf1e6606505939639b40caaf9bedaf2619191445b7af96,CLEAR,DAYLIGHT,DRY,FOLLOWING TOO CLOSELY,2.0,20.0,4.0,4.0
007e8955e43a1b51fd0195bcb022730a4d9c2b599fcc503de93ebe9ed7bf69f2176dda7fd5cc462d4745cf35de7ac292d86cc25b7b4553a05fdae7a59eac7c87,CLEAR,DAYLIGHT,DRY,"OPERATING VEHICLE IN ERRATIC, RECKLESS, CARELESS, NEGLIGENT OR AGGRESSIVE MANNER",3.0,35.0,4.0,4.0
007eaf451ddef1d23b2b67af9b25de6780ca05b7a1d45093c1e6b7202b4199d66c85f23aa4d411728bd730f0c859a7021db1946b80387e027452b856f5544e85,CLEAR,"DARKNESS, LIGHTED ROAD",DRY,IMPROPER TURNING/NO SIGNAL,2.0,37.0,2.0,2.0
007f098af03bff2a60d9afd8c419672b67dbed79cc65bae2a2bb2077efc98e111ea5269de815f508f87de886e93352489def2046e34b410759b0cc603eb1074e,RAIN,"DARKNESS, LIGHTED ROAD",WET,IMPROPER TURNING/NO SIGNAL,2.0,27.0,2.0,2.0
007f171980d124c92e07f81884060a831ea51e4a54234fc1f51b43f91b52b487c228b18d6f903a38a4c3635d561b57c594c7a5a8ea759b8655d6b0d6d93091f3,RAIN,"DARKNESS, LIGHTED ROAD",WET,FAILING TO REDUCE SPEED TO AVOID CRASH,1.0,30.0,1.0,1.0
007f88fe738b9b6cb0e50856d0e49b56ad0af0a74d758eec45b39ffbf4f0e01f66057e31518305da93b012b3f1eec6a3891b2dae901285cc9a891148f3cc6210,CLEAR,DAYLIGHT,DRY,FOLLOWING TOO CLOSELY,2.0,42.0,3.0,3.0
007f96eab82f5bb3196d14c47996a594f3336fc50ac73e81210f228fda2d1996fab680d47eb2d59a605d04d23acc887e77d19ae1f1dc20dd455a59f35bd27ae1,CLEAR,DAYLIGHT,DRY,PHYSICAL CONDITION OF DRIVER,2.0,34.0,1.0,1.0
007f9f1471c0d75d585e3baf9af6a1b714c186d6e2d1212b25a89ff56b432d0febd53638de3a9efc55ce50401f79279bf281356e5d40a1bbfd70ed94e17ee476,CLEAR,"DARKNESS, LIGHTED ROAD",DRY,FOLLOWING TOO CLOSELY,2.0,46.5,2.0,2.0
007fb73e9bedcc2f26962b98e8982845f20526d408fd4ee7b06db9fc591efa4fdcdc38504487bf0822542a95f8ba79c680311ec6718d568d4b306e929005ebe7,CLEAR,DAYLIGHT,DRY,IMPROPER OVERTAKING/PASSING,2.0,43.5,4.0,4.0
007fbf6531c0ba50f4eabbc2efe4af3de0705c6ec31fd535281953c33f7c73eed4be49085c29e4bd308fc8e9c0627941d37ff809390f8424ff088a4d4e48fd1c,CLEAR,DARKNESS,DRY,FAILING TO YIELD RIGHT-OF-WAY,2.0,38.0,2.0,2.0
007fdedfada11512d0477e597023dfadde4299eb542d502e21fdbbd4e218302f3efdae296dcb6ca73ca88af6890b4ad6f24e79f5a6c7b4c5a3563fd7bb169419,CLEAR,DAYLIGHT,DRY,FAILING TO YIELD RIGHT-OF-WAY,1.0,39.0,2.0,2.0
008015b982d8b15a007ad5bb7568dc08e96c8361d84240da1dc443699723b3ed0cddce16544da3890407b8331f16357399b289c4c873adee2bf86ba7698e7a22,RAIN,DAYLIGHT,WET,WEATHER,2.0,37.5,1.0,1.0
00803653f525830b6cad0618292385beb6683989b559d184b6b3157d37536d61c15569d9b04e8202f78312ddf7142c0c44b4152c4a831a7a3e0f9ce4eec99cb8,CLOUDY/OVERCAST,DAYLIGHT,DRY,FOLLOWING TOO CLOSELY,2.0,19.0,5.0,5.0
00808f3128feadc184adf7ea397925a44ea18d97f2bf7272eedfeabf7b83c1ee59db2dcdedca93e895e7c2aef2ef619e82794e6de63ea00aed91b0d71d76752f,CLEAR,"DARKNESS, LIGHTED ROAD",WET,IMPROPER TURNING/NO SIGNAL,2.0,52.666666666666664,3.0,3.0
008095879b9cbe5689bec9f0c50b8a88a989b51a8ec9863db5e54aa17ac902279111733519ca21bb018099ef9e6a9ace6ae46d0889efabbc7e549c6b45a2c634,CLEAR,DAYLIGHT,DRY,IMPROPER LANE USAGE,3.0,26.666666666666668,3.0,3.0
0080c8c35d8d4e1e1ac875640595c46b889304fa96a5b53cd96286f34784da0d721bf5fda785183a91157491b690d0b58ce5e70282fcd0ba96df2d5cd1baf9b6,RAIN,DAYLIGHT,DRY,FOLLOWING TOO CLOSELY,2.0,37.0,2.0,2.0
0080d27450b2fbea8bc8f38f6e78df852d339591eb99ed80a42eb8cc742f36257b5feda2e7bae885d373f2c84b996b081db4331980db58ffa077c2887590e1da,CLEAR,DAYLIGHT,WET,FAILING TO YIELD RIGHT-OF-WAY,2.0,28.5,2.0,2.0
00810bcf0ea188b0fbe2a6519cf7a716bf2299a78fe074b960443a995fc27ee2e9978dd8d7d16d079bd73fa62f88bef06ebeb19761809a54c09528e01d5d6d9a,CLEAR,DAYLIGHT,DRY,IMPROPER BACKING,2.0,37.5,1.0,1.0
008119f8629c82947f6e9626223b805f04737de203516b82013453884f312490b50e3c1a2017714e7e38fd9a9464d86b90474f6774c9d0430a7001c50b6f0224,CLEAR,DAYLIGHT,DRY,FOLLOWING TOO CLOSELY,2.0,34.5,2.0,2.0
008126488c98abdb511593aac1ac4b05d629417fa3d2815fb0e87d58e9eddd7932da9b2a3a3eb005bb8640c0f5b6f6999153c65900a4339dd7349d05a4c73b29,CLEAR,DAYLIGHT,DRY,FAILING TO YIELD RIGHT-OF-WAY,2.0,54.0,2.0,2.0
00813f68ed0608525ce920b10278510bb073c437cdbcad4bb6fa2a504ba42ce07ae79d3bffcbd936956043c0585cbdd26b855adf8b774706814bfd5441655afe,CLEAR,DAYLIGHT,DRY,FOLLOWING TOO CLOSELY,2.0,26.0,2.0,2.0
0081558e71ca7d143bbe7c8203cece61ab563b961aa5308346a4247ffa341dedd75ca1ac716bf70617af74190218d60b34f4beeff073e054d73692c1f3ff3a0f,CLEAR,"DARKNESS, LIGHTED ROAD",UNKNOWN,IMPROPER TURNING/NO SIGNAL,2.0,32.0,2.0,2.0
00815a54c1dd0354ede8e3a55b977fcfbe40041b2a07368b4c504266c19335cddb2a68fc250747b9da4db3d60c412d929ff3cdd52e3391d7cf37dff9081afb9e,CLEAR,DAYLIGHT,DRY,FAILING TO YIELD RIGHT-OF-WAY,2.0,53.5,2.0,2.0
00816fea21e2256b10baf2f0c2046c9b56b23e1f44431b6ad0fae5d7ff4bda15060dcc10194d12fd89020839b07d0fa51d89662fdb4747891dbbed9529a47047,CLEAR,DAYLIGHT,DRY,IMPROPER TURNING/NO SIGNAL,2.0,44.5,2.0,2.0
00817fe85b979aac3e19f63b84cbca8fa9f067c8498399b3044dd41c6cf56acbad91159829ee03b1f606eab3aebd79bd54265a574972408989cd3edaef07cf92,RAIN,"DARKNESS, LIGHTED ROAD",WET,IMPROPER BACKING,3.0,42.5,4.0,4.0
00818a55e05844e054370444f778fec82e77232983a8922895e84ab8e505ab24206626e114bdf967a9e17474d09819e498bb181454d4db22d79ac505b45fef7b,CLEAR,DAYLIGHT,DRY,IMPROPER TURNING/NO SIGNAL,2.0,22.333333333333332,3.0,3.0
0081bb65e683f79ded30479ee94e6554d785e550e71421f4efc02619bdf6bce8fb2c86903b22b5320416fdbbdb29ee438265f244b20b67885cc2b8985e14d401,CLEAR,DAYLIGHT,DRY,"OPERATING VEHICLE IN ERRATIC, RECKLESS, CARELESS, NEGLIGENT OR AGGRESSIVE MANNER",2.0,34.0,3.0,3.0
0081bde80d081d74cea63583207d76a86bb8a9eadb3bb92403d204db88a36c46e558d4272dcea306f9c9a43c1d1529b772f3110d79fed518722fa878de709ac8,CLEAR,DAYLIGHT,DRY,FAILING TO REDUCE SPEED TO AVOID CRASH,2.0,31.333333333333332,3.0,3.0
0081d76d065fb9ad18cc0717eea32a929cb6fad1e7cd3bba37c46c29013ba87c2c91ae0fcc861a6d641c64ba69d41208df91e622b2290fda30326ebc57cfc05f,CLEAR,DAYLIGHT,DRY,FAILING TO YIELD RIGHT-OF-WAY,2.0,37.5,4.0,4.0
008212faef7ed8992cf6d56845e5a067406393bf1de33e8dd267aca40ec3690cf0a7006c6d808dbc2cd6d85ce5c7f3bda8f59387ed82e9155ba83a1a0e9dbdf0,RAIN,"DARKNESS, LIGHTED ROAD",WET,FOLLOWING TOO CLOSELY,2.0,39.0,2.0,2.0
0082224f3ad929f8627e6115c25afc6673ac4b549e6770849067ed3403af958928e0a0d526a1367668b09952b5300807b925eb9319faf97f272e484a2284b31f,CLEAR,DAYLIGHT,DRY,FAILING TO YIELD RIGHT-OF-WAY,2.0,24.0,3.0,3.0
008233430a4c42df273cd8854ec8a7bea80d8753b903300d37132049f5bb325b9b3036e3b6f15d72eefc044b0edaedb8ccca981915f076afa79281503dc52555,CLEAR,DUSK,DRY,FAILING TO REDUCE SPEED TO AVOID CRASH,2.0,30.5,3.0,3.0
0082536b2646b2a1f2331770df94935db3c0cc16811e6acf225e36aaa94c4dc385c4bf5d19e5441e3acc3b6d16d121ecb694994585ce5de678bfc71b32d27fbd,CLEAR,DAYLIGHT,WET,FAILING TO YIELD RIGHT-OF-WAY,2.0,51.0,2.0,2.0
008277efb46cbfc723eab8ef729ede988cbc255e5302cb2dc331c50d2525b6f1de8368004108e159fccd8144b226d059837d6fb488ab3f15dc37d94d19d5e53b,CLEAR,DAYLIGHT,UNKNOWN,FAILING TO YIELD RIGHT-OF-WAY,1.0,21.0,2.0,2.0
0082992340c05ebccbe114154b90ba11866bd4028e8183e65bff981be458d8cedf89e1e79b730083a7bd302b28bf71ca6f54cac43361af09606295f5c12457d5,CLEAR,"DARKNESS, LIGHTED ROAD",DRY,DISREGARDING TRAFFIC SIGNALS,1.0,51.0,2.0,2.0
00829eead295761992e6878e3e4a7fd7de2283aa6fae5eeeb933a0135760bfc010d9649e697f33340ffb666682150095d17455fb4ffc2ec7e5b3f2410c6f61df,RAIN,"DARKNESS, LIGHTED ROAD",WET,IMPROPER BACKING,2.0,31.0,1.0,1.0
0082ab2174e69aa072074127edf98beb4f9ceb7074cc077ed0015c027b1c73fed5f60e0377cef23702484ce1cdf75aab98ae61d6211c3e070080f96c16568e3a,CLEAR,DAYLIGHT,DRY,IMPROPER OVERTAKING/PASSING,2.0,37.5,1.0,1.0
0082b2bf71510de8969e51847c9f26b0c44a303db245023bfd610bc86109f0b3af4100824ff21e955454b8ae6ccd2025a725c31664bf2543e3f01913cd670928,CLEAR,DAYLIGHT,DRY,IMPROPER TURNING/NO SIGNAL,2.0,21.0,3.0,3.0
0082e237460b7a6d003825c793e6de01ac7fde078b66ac5920076f5f2a9a2bed3d053cbf2fc54ea824a27d1207928560b08c588714a95417f70a24667ab8aead,CLEAR,DAYLIGHT,DRY,FOLLOWING TOO CLOSELY,2.0,37.5,1.0,1.0
008335b9d0833ece0d3b381a0c622d178eccad9b6f2a3d833a82008e7fcd7e251547546f7ff12b84bb977fc840e242a618f79ced861ce81a8e40258bf103397a,CLEAR,DAYLIGHT,DRY,FAILING TO YIELD RIGHT-OF-WAY,1.0,39.0,2.0,2.0
008354ec3548bb266aea2d0e31d516cce05f2d972c914751762fa1174c41ec7398153683c35ddc0e065a93918fdb3e900ecc17fce4d56a4ac8909d3079970c8b,CLEAR,DAYLIGHT,DRY,FAILING TO REDUCE SPEED TO AVOID CRASH,2.0,27.5,2.0,2.0
00837fb2e7eb6ae2d1dbc5a6419d44daf5b4a3096b5bdf8c3f19f0d802f29f01d9ad05f17a24de2b44cdfc442fba648d8ec6bc683b5b9b09f3fde6318e835b1a,RAIN,DAYLIGHT,WET,FAILING TO YIELD RIGHT-OF-WAY,2.0,21.0,2.0,2.0
0083e5dc0da695a9b5d382af8c64dc36a780c73890bfda40d75db914be466a64d847d2c2b7b618f048bef009c893bdb377842b48f447a761a53d07605f640599,CLEAR,"DARKNESS, LIGHTED ROAD",DRY,UNDER THE INFLUENCE OF ALCOHOL/DRUGS (USE WHEN ARREST IS EFFECTED),2.0,48.5,2.0,2.0
0083f5d1ae9dca59b2f80f87b31fb1cdfb4c5bf81d79151987db631c1333f02f63b3106a06dfaaae66bc9040c3979cf91ccdb16b88218d3e4dbf187bbe64cd96,CLEAR,DAYLIGHT,DRY,FAILING TO YIELD RIGHT-OF-WAY,2.0,43.0,2.0,2.0
00842d4dd59a27d2d08efd3a6094ce9438e4d0eee2551fda5911dc63edb1ff42f3c0692a9f81b3ac7df176aea0620b728df70d8c7d0a484f0d9a2ec6d68863af,CLEAR,DAYLIGHT,DRY,DISREGARDING OTHER TRAFFIC SIGNS,2.0,37.5,5.0,5.0
008448bed72f6420f3c7e04d3a960335286ec37624cc956b29b417e59d3101990ba12cc3f7212013fb26bd84424ebfd1de626a411997f5356ace514e9b62e3fc,UNKNOWN,"DARKNESS, LIGHTED ROAD",UNKNOWN,DISREGARDING TRAFFIC SIGNALS,2.0,30.5,2.0,2.0
008486a3f4e0097dbe5dedfa310c3111069f2ab22384cd820d56cd6c14d0aa36dda6e5e639f78b73fb83135c0ba1f49b6a596c6b051f32a209fc113bef765333,CLEAR,DAYLIGHT,DRY,IMPROPER TURNING/NO SIGNAL,1.0,31.0,3.0,3.0
00849a6a5b8d540439d7e512d0d041e237915a5582c674a62c63ed2521265d3ff103faebfaa4301370b169c0435035c8503963e3a82b2470bbeb8bd747582471,CLEAR,"DARKNESS, LIGHTED ROAD",DRY,DISREGARDING TRAFFIC SIGNALS,2.0,46.0,2.0,2.0
0084c2252ae0ebdee15d5fea8cc695aa2ce7ebff54130581d70447f7922dee111aee576fe6f7c9beedc9a8b5abea447adef4428fa9ab45009a77379abc8a1842,CLOUDY/OVERCAST,DAYLIGHT,DRY,FAILING TO YIELD RIGHT-OF-WAY,2.0,69.5,2.0,2.0
0084e41344d665f7ff75442a24bef3ada249c9ace2c90ebd479681b06f5ce03659263449445d29a53b447af628e9553b6dc6f015fa45e7e77dcc6372715afe05,RAIN,DAYLIGHT,WET,FAILING TO YIELD RIGHT-OF-WAY,2.0,42.5,2.0,2.0
0084fd4d8d0c4d1b0f253cc08c27e786a1649a021bc93ae70369d44e651769a7fbb22779121109bd602af6fa1ff58d5aec5b63d773e87bac1f8791c7e068eedf,UNKNOWN,DAYLIGHT,UNKNOWN,FAILING TO YIELD RIGHT-OF-WAY,2.0,36.0,3.0,3.0
00850b03288ed826a918daa657579be2acfe3095a5e5bbef9275113add1ed4e1967e6bf01b50f793fe494eff1a62159f22c944e86082e96ba11f8a4a31e718f8,CLEAR,DAYLIGHT,DRY,IMPROPER OVERTAKING/PASSING,2.0,37.5,1.0,1.0