crash_record_id,weather_condition,lighting_condition,roadway_surface_cond,prim_contributory_cause,total_vehicles,avg_driver_age,total_people,total_injured
008510ab1ed014b12e169dc62ff0a595ee3d6fb7a110472064cea74808e5ed36f94ae1954f931443e4b98f284efc52cf51ace046a23140d7ede9f1d0056c2c71,CLEAR,DAYLIGHT,UNKNOWN,FAILING TO YIELD RIGHT-OF-WAY,2.0,56.5,2.0,2.0
00852bc9fc529a46cbb60e518be03d933081d1c23b4d25392604e540595e50a26cc063fa4b24d5c0d39235ba3c7e0ee18334519f8f6f2d826ed5cc1e0cfc7f78,CLEAR,DAYLIGHT,DRY,ROAD ENGINEERING/SURFACE/MARKING DEFECTS,1.0,32.0,1.0,1.0
00852e7317526cdc9a2a887f70408afdeddaa7ffde1d4e9269bd3ba614962a80f8772c38fac905232c81608a44e64821431128d9bbfb8b7484bc47d8dd72cfbf,CLOUDY/OVERCAST,"DARKNESS, LIGHTED ROAD",WET,IMPROPER TURNING/NO SIGNAL,2.0,57.5,2.0,2.0
008566b44685d1a37ad598705d47263d50442122a7f93c8b0053aa6e5e31fc5a6c3ba33aa39a665f4dbf9340ac4dd08dbf97747db7d3c55753a98de728e0a659,CLEAR,DAYLIGHT,DRY,FAILING TO REDUCE SPEED TO AVOID CRASH,2.0,34.0,2.0,2.0
0085a78fece1400bf43c7fe0f1b9acd6184c9a223eb9b5884d84b9912cd9d49fd454d29f519aacbcecc92d6df886bf491c00cf3be071c378d547b8eaeda2fff5,CLEAR,DAYLIGHT,DRY,IMPROPER OVERTAKING/PASSING,2.0,42.5,2.0,2.0
0085b1838c146bc08c53df9a68c0236a171b5ee524f4b0f12dfd44b5bf3149660f30742596c25b54ad493e6f212a50a81e69a6c6a20ea37150b228a762c0c71b,CLEAR,DAYLIGHT,DRY,DRIVING SKILLS/KNOWLEDGE/EXPERIENCE,2.0,39.5,2.0,2.0
0085c60a12616d6276b9432e147190b2b0c8ddbcca4cc63dac60e136657c8bb5719b63fc2b92dd7c92fce55111c2c6e6b36cb0f212837540bd585010b57aa84a,CLEAR,DAYLIGHT,DRY,FAILING TO REDUCE SPEED TO AVOID CRASH,2.0,57.0,2.0,2.0
00861d9d2c5758a24307eddb93b511015b0b45909551d1c9d1517ea8f810701d48f2fab5b3f125d7ebb0b12cb2e34a4cc2e7371765c462e779bba3a3347d3aeb,SNOW,DAWN,WET,FAILING TO YIELD RIGHT-OF-WAY,2.0,43.5,2.0,2.0
008641fecb3d5616ed36695c103060a7bbd3a79414e2f20e1c9a6438052a769e5ebad9bc561b3378757a09111c27c652fdaff984cb2ce2740bd7d356d4166a65,CLEAR,"DARKNESS, LIGHTED ROAD",DRY,FAILING TO YIELD RIGHT-OF-WAY,2.0,31.0,2.0,2.0
0086451111a127f25bab2d3cc1487aee2fb7dc12396b6511502526b977ee295a13cee05ef3f43710cbc659ac06fe8392e8c6c86da8989523aee8f700f3f6bd4a,CLEAR,DAYLIGHT,DRY,FAILING TO YIELD RIGHT-OF-WAY,2.0,31.0,2.0,2.0
008652e390776b759627499fd4840b39465869bc3a2aa2804951d3d164ae50f73f6a4da417df5c48755cf067747cf9232febc39cc1341c67d018bf632ab0491a,CLEAR,DAYLIGHT,WET,IMPROPER TURNING/NO SIGNAL,2.0,37.5,2.0,2.0
008686181937a2c0bdfe5d2de56655edf19890eb7226acea38d54879c4711639c8ac8bf62c600be71f3cfe2d3e4c5dfeabf06a18c4118603e589aa151ef8320d,CLEAR,"DARKNESS, LIGHTED ROAD",DRY,IMPROPER BACKING,2.0,31.0,4.0,4.0
008699ce4b9a86c15c4556486a15566cfd2e1e00101945c4d4cfd2175c2fbc041d96bb8bc74ffc50470def63f71f47058e1c16c64af607726e246afd49eff74b,CLEAR,DAWN,DRY,IMPROPER OVERTAKING/PASSING,2.0,20.0,5.0,5.0
00869ebb2d85f10ebfa3df25120552879d4c17125156a7b16b16f7ca82cb24d3c3a740a439a6f24e6a04b25756736de851990c61b0f65434e2060622bc6be0d4,CLEAR,DARKNESS,DRY,FOLLOWING TOO CLOSELY,3.0,44.666666666666664,3.0,3.0
0086a0dd6a0c8f5b40ddb1c992d4d4f74faecf580c393eeaaf2cdb5ae279386daeafeb9905068042eaf3843876a5abea2c79c0ddb5b74c8aa1c2e3640b8aeda2,RAIN,DAYLIGHT,WET,DISREGARDING TRAFFIC SIGNALS,2.0,14.8,10.0,10.0
0086a1b797f06e96ec7ef67dc2706c271da61edb0d49612b109b11a37b7911939259f5b4afcc9314cf43c156d16dcd0f70f86ec1cbdaf49c6b99b73202be3812,CLEAR,DAYLIGHT,DRY,FAILING TO YIELD RIGHT-OF-WAY,2.0,43.0,2.0,2.0
0086a3a3f48098d145d913aef06204d036919208304468386e2e286b26c138114577f8d11383c16a0b88d478b786748d9564ddedcf9e597e49b2718c82ad2428,CLEAR,DAYLIGHT,WET,WEATHER,2.0,29.0,1.0,1.0
0086be1b91f9de69cd5bdc2971f966b60386e1315714c8e40b4acfae0beed7b882ebd95f74db7addf0e618263624aeaed7c447187a97e4da29fe676dc269bb69,RAIN,DAYLIGHT,DRY,IMPROPER BACKING,2.0,37.5,1.0,1.0
0086e01adf8deb4706e4f2aa63ade2fce2fa35a0fe5a30e5304a74d198950f4d9f6d72c9a76bcaa668fd1eb233e7d26a6824dbe31f6b3976bfa2c583ac5dd384,CLEAR,"DARKNESS, LIGHTED ROAD",DRY,DRIVING SKILLS/KNOWLEDGE/EXPERIENCE,2.0,56.0,1.0,1.0
008729f1c9dae7ac23a9aa841b845bcb36d399c4afcd9463c2abdf631e755dbc7f58cbab2d5e9b2c2cbb5cbb37210759e83a81af3fbc92d6c14da9307b439a25,CLEAR,DAYLIGHT,WET,FAILING TO REDUCE SPEED TO AVOID CRASH,4.0,51.0,5.0,5.0
00872d16cf59237004abf885eabaa283e66945f997a5caa1bc251db16c39bc99873bde6e604caa62f8109877ef8bbc25738724134a3b2a8ae7a002dfa72980a6,CLEAR,DARKNESS,DRY,PHYSICAL CONDITION OF DRIVER,1.0,26.0,1.0,1.0
00876dc963fcf11dadf3a41363666e43805b029cd1e2282693758b07e9ca5a2ca3d3bd5e8fa44bf1e32ccb3f8bdd37a4cae985a4ebf8d7987573fb8d32b1234a,CLEAR,DAYLIGHT,DRY,IMPROPER OVERTAKING/PASSING,2.0,32.0,3.0,3.0
008773e8eaa7efb513f69bcfd06fce128dc63112596bab588c6789dbbd68686a05c997c97d7779f70e05388b12386f94f93221e3cda632e17292d89f1dd2a981,CLEAR,"DARKNESS, LIGHTED ROAD",DRY,IMPROPER OVERTAKING/PASSING,2.0,27.0,2.0,2.0
0087dedb061c51df8a808c25082a5ebe5c68e584696a098e996ed21d9f6acdee2bb41bb3e9ecf6deb632465c88071ddbef8efc937c303398900ce7222a319cd2,CLEAR,"DARKNESS, LIGHTED ROAD",DRY,DISTRACTION - FROM INSIDE VEHICLE,1.0,61.0,1.0,1.0
0087f97b0e8bc6c9bc0a9e76847eb8dcf550e1a7fa1792ab9a179070442f52aeb0a0589dd2bb4049ff21614075d79033675bc659aeec0eed326b31887666305e,CLEAR,DAYLIGHT,DRY,IMPROPER TURNING/NO SIGNAL,2.0,39.5,2.0,2.0
00881786fdbc4ccf28b414174828f42caf7439452b1bd502961c405f83e59b8d3471f0490c8dbd64756a0fa05e14097a757663c0446c3a30b8b46e0fed03754d,CLEAR,DAYLIGHT,DRY,FAILING TO YIELD RIGHT-OF-WAY,2.0,31.0,2.0,2.0
00881cf48a4e0346302cf1e6b83818a599fc6a086d38b9ffff207b7b9552725a6d7884ca756bddc50e57b9052c9f6217b00eacda56fe61f4a1d39a335ec52129,CLEAR,DAYLIGHT,DRY,FAILING TO YIELD RIGHT-OF-WAY,2.0,30.333333333333332,3.0,3.0
008853fa650e046f62b78a3f7f1dbf51bd40358b345450c06b1e4a59a181b81cb7531ce531f5d5b5051bbecd6dca4b9efd2d257ddd8f9c2988be4a2cea8e573d,UNKNOWN,DAYLIGHT,UNKNOWN,FAILING TO REDUCE SPEED TO AVOID CRASH,1.0,8.0,2.0,2.0
00889372f52bfefdb09d59d69175d3cbe55135cc6962343d375f60a4dc651103e72b67437711addff23e4fe7143b5f0aadf95269311f698ad79c2f15fd59a16f,CLEAR,DAYLIGHT,DRY,FAILING TO REDUCE SPEED TO AVOID CRASH,2.0,40.5,3.0,3.0
00889ece74625b375bea7c8eb3bf01a1d60e6fb7312c9beb738aa24d42322d072b1111a28f37a75db891339a548fe9d03e4bc47afaddb7fcf9c6a0f7fd7131be,CLEAR,DUSK,DRY,FOLLOWING TOO CLOSELY,2.0,45.0,2.0,2.0
0088ae59b576238bc6678677d455d6408a0d319329d6d2385d83e92296d9fcf025fd71c0109fd67f3fd169285fd3ed6cf307b302a1d87895f3c0904d5362e51d,RAIN,DARKNESS,WET,FAILING TO YIELD RIGHT-OF-WAY,1.0,44.5,2.0,2.0
0088c78e28484a11b35491beaf6c658b2d8cddd3003d2aa0d4980bb64bb0e439b957d85bd4931a0a2f794a7b7b54d280f96b9cfb50d31496e26a3df782797759,CLEAR,DAYLIGHT,DRY,IMPROPER TURNING/NO SIGNAL,2.0,35.2,5.0,5.0
0088feaaf2867c37a189d5682ed0c42b23b0613c75a7d067cc5ebb08389d2324091ba451003793ddf76cbfb3c107bba86f563a4073187a9f1fe1b2f1a0762530,CLEAR,"DARKNESS, LIGHTED ROAD",DRY,FOLLOWING TOO CLOSELY,2.0,29.0,2.0,2.0
00890db331aaab66207d962fa29a7e66f98c68e59af8b4d4896207805a11b4790a8786d89b5d778a9b55738d9e183205aa517169d0fe54798a7c139da29175d2,CLEAR,DAYLIGHT,WET,FAILING TO YIELD RIGHT-OF-WAY,2.0,41.666666666666664,3.0,3.0
00892789aea0b268bee0bbd51db692c970175e6d2d8d5f36bf6b31cbb029bd5c988ee8e57a90ed6a56ba9ecaf4fc74ee109da8b3169de0aff24b9e7fe1f0cf6b,CLEAR,DAYLIGHT,SNOW OR SLUSH,IMPROPER BACKING,2.0,24.5,2.0,2.0
0089a7a2efacf9314856770f7f81298d8dc01acbb9c4a574fd591635c5f92246bc7bd793305b1dcab12f80a3a3801236e464c52c563c21c09db29c754e57a4cf,CLEAR,DAYLIGHT,UNKNOWN,FOLLOWING TOO CLOSELY,2.0,52.0,2.0,2.0
0089cbca0330b4e19b6446c527dbd5c359c78de4066e740d3ab2134d32f83ef60f5a8197024317550605fe49f3cee36cfb18087f04ef26bf034b3b61dca55eef,SNOW,DAYLIGHT,SNOW OR SLUSH,FAILING TO YIELD RIGHT-OF-WAY,1.0,46.0,2.0,2.0
0089da07249a575a7379867a96ff08992e3be1f35ef10b192403485c43f76c56e684b0ee1a3eb9a14caf78fd4f8bc2277e6f859da6b66a59de05b96646684f29,CLEAR,DAYLIGHT,DRY,DRIVING SKILLS/KNOWLEDGE/EXPERIENCE,2.0,25.0,2.0,2.0
008a31753c1f754df6fd9021a09bd27710d9bb2d4572cced8de1f00327f6c41c621f6c4e3608f239108b336f05fbc8f542c422b480f8745a556e1429b1d7773a,CLEAR,DAYLIGHT,DRY,IMPROPER OVERTAKING/PASSING,2.0,28.0,2.0,2.0
008a3fbb11f27d3672b0e6007e0afb8676a65876fd232fb0fffa5c62c52ea047f4c93408b506da89718b19134fdc410f1798fe9fcd9d868cd9e18883bb9c0464,CLEAR,"DARKNESS, LIGHTED ROAD",DRY,PHYSICAL CONDITION OF DRIVER,1.0,19.0,1.0,1.0
008a6c0385a78769679d8e6242f7025e7b51706f49cf83ecc17747451e6ddbd40efce3c789d27ad22465e80e33cd9ef47cc8a8d1359b97fc348d3e954291b9f8,CLEAR,DAYLIGHT,WET,HAD BEEN DRINKING (USE WHEN ARREST IS NOT MADE),2.0,41.0,2.0,2.0
008a6f3c48f38751f2da0359cb8db749e30303018dbdde10b0673a02acf47ad5f1783afcbfa1cdd053a8a2e859bdfb08dec9b43294ea234057e60dcabace93aa,CLEAR,DAYLIGHT,DRY,IMPROPER LANE USAGE,2.0,42.0,1.0,1.0
008a92c8cb742fac01da5f5a4800770b676f43183a2821393973f27830041119e574c7ebdf5208563ae3b1b43be27dcd22c481ef18394d0a3c955530a1cadec3,CLEAR,DAYLIGHT,DRY,FOLLOWING TOO CLOSELY,2.0,21.5,2.0,2.0
008ab6ddcea87b6d3f7bbc4198c22793276b471948e742837e63e24b14975eab86cf8718cd7a3a958ad67c0a3f2303555a5301e8ef8b0f3ec2a4e790d7f3a187,CLEAR,DAYLIGHT,DRY,FOLLOWING TOO CLOSELY,2.0,29.0,2.0,2.0
008abd5fa7f9a102e0adda1fecda9bed37e9798b05b2b1780890c2c8fdddd3582d392711b27930137362394661d879823059cb60c8039c9415cc291d0edeb1ee,CLOUDY/OVERCAST,DAYLIGHT,DRY,FAILING TO REDUCE SPEED TO AVOID CRASH,2.0,53.0,2.0,2.0
008acadb030cc76463a5db299161740858bd6ea4d4a6778f49d4db6742e93e8f57641183de41f42ad7c8519e81bb4383aed354087ace960596a7408181291956,CLEAR,DAYLIGHT,DRY,FOLLOWING TOO CLOSELY,2.0,39.0,2.0,2.0
008adca2bd22978480a97c25a5aec5b96870fbf27ce83ec92af7b864cc3ea6421ff7ffe15efa4b0c78e5fe9d191c502f89906e6851d4c962099ea88aaaeba3d3,CLEAR,"DARKNESS, LIGHTED ROAD",DRY,FAILING TO YIELD RIGHT-OF-WAY,2.0,32.666666666666664,3.0,3.0
008af79d40b10c6f0f8c04a96c03d3c403f326a27acdc39ad28f5beb74a1fdb2fce8002785bf6bf667c335153975e73adf3094426e28252719b649a250f33d9a,CLEAR,DAYLIGHT,DRY,"OPERATING VEHICLE IN ERRATIC, RECKLESS, CARELESS, NEGLIGENT OR AGGRESSIVE MANNER",2.0,37.5,1.0,1.0
008b1f8bf4dec844590c7410598e6c767c8929b896d51cff1e7210cd203586c40725c20527a8025448a89b28be344c0170b79519ffe14c10761be196095340ba,CLEAR,DAYLIGHT,DRY,IMPROPER LANE USAGE,2.0,53.0,2.0,2.0
008b498fb38a5997ce1c3e713c4c3e5ea84f349fbc2425ce614a661ea381bdcf80d4cbe982a64b8d35390ea4fc991593262a9d08ce38fc8d911eb8194b6b59f5,CLEAR,"DARKNESS, LIGHTED ROAD",DRY,IMPROPER LANE USAGE,2.0,50.0,3.0,3.0
008bd694012e4ca0cb4788beede92dff27c34ba2d3a8d0d1593d78b51e29c9bc0a37ddb4792f3ef866e84347f1b78819a65824846851230d2df6cb3bb3cf7f1b,CLEAR,DAYLIGHT,DRY,IMPROPER LANE USAGE,2.0,29.75,4.0,4.0
008be074378d2413b25d75be301b1b1b0e602f2cf7d2b40944de910ac95aae9984215dcb046d1fbae3ae7ce3fff4fe03692afbe7a6de9425647cc93b840646af,CLEAR,DARKNESS,DRY,IMPROPER OVERTAKING/PASSING,2.0,30.0,2.0,2.0
008be140c99a4b8dfaebe796f4b2572e2af2cfed5e50194bd23acb32733735be07cf50600bf6406474f865e578102d8240736e58523507cfb6d901192d475c4b,SNOW,DAYLIGHT,SNOW OR SLUSH,FAILING TO YIELD RIGHT-OF-WAY,2.0,38.0,7.0,7.0
008c1a02a432bd063ef4ebb1ae1c2ccb75fc0c73dabe3d30e9c62ddb7553826a28c8c38c8bd8cf839eb731116692944efa2d1fe5ad5cc666de1090ad525bafab,CLEAR,"DARKNESS, LIGHTED ROAD",DRY,FOLLOWING TOO CLOSELY,2.0,50.5,2.0,2.0
008c1aff6274916cc692a962539d8d42cfb7f2a4655e161384954ab03ecc46db9c3ea45d2621403ba3fe8ad07e8fc17bbd24d722b8d4e92bfd3420a1dbe8b964,CLEAR,DAYLIGHT,DRY,EQUIPMENT - VEHICLE CONDITION,2.0,35.0,4.0,4.0
008c2d4add3508086e9d2f3c105a7c9e271896b9020c695c601544eba904566e447f1629bfd75715912705887fa49567f5ec044030851ce353b537570e527e2f,CLEAR,DAYLIGHT,DRY,FAILING TO YIELD RIGHT-OF-WAY,2.0,54.0,2.0,2.0
008c3a50a9e05fd7fc24cff756cf7dff9f33bc36e1f5b6110ebb2398991457e9c67caa26d706a9e7d6cb95fb79a388bf6d961012aff8807da29a08c84b6c4893,CLEAR,DAYLIGHT,DRY,DISREGARDING TRAFFIC SIGNALS,2.0,25.5,2.0,2.0
008c3e2ffd48df8589138447004b0a5cffc6443ef5856ce47d951a6a86b9d159beaa32b885686151cc311545ae10559fcb483693ee288848e1d9174aba116ba3,CLEAR,DAWN,DRY,FAILING TO YIELD RIGHT-OF-WAY,2.0,51.5,2.0,2.0
008c4c14790a635a209e768a063ab9cd802f5076aaf3287e44dd9d139f90a2e765c60e48b414bd61bb4ccd395369aa88bfcf7ab02ecd6927c11348fa135475ef,CLEAR,DAYLIGHT,DRY,FAILING TO REDUCE SPEED TO AVOID CRASH,2.0,24.0,2.0,2.0
008c696acd6cf2432edd89eda093e36457b39494a6dc28bca53b3f6244834c68d983950b6e5b3d411b0fe40c0b10965b1e5f0043ed58040d428e620d4865407a,CLEAR,DAYLIGHT,DRY,FOLLOWING TOO CLOSELY,2.0,37.5,3.0,3.0
008c87fb90f567c096ce9385cc5935d544d81af62b8cd5d4a4da7ab10c9d11e9b06fc4ea2e56453d5c350c86989e06c17835849637f9997cc3b3ed5876dc7598,CLEAR,DAYLIGHT,DRY,FAILING TO REDUCE SPEED TO AVOID CRASH,2.0,26.0,2.0,2.0
008c8f58e02976227f6316cbdc7432610731229350c75b1838c621ce549d4a73ed7386b4106d98f6b37dd8438887db3bff9d5f3cb2995f329df1c0adf2ae3978,CLEAR,DAYLIGHT,DRY,FOLLOWING TOO CLOSELY,2.0,41.0,2.0,2.0
008cb443e89ca3e0e2d47e47a1c88a70950cfcafe33ce8aee223ca6d7de2dca5ef03592908e046c62fc0ddb43148c6e02f02a0b583e3138cc06aa6017c0d7ce0,CLEAR,"DARKNESS, LIGHTED ROAD",DRY,DISREGARDING TRAFFIC SIGNALS,2.0,20.333333333333332,3.0,3.0
008cb7266e0e9d05a68fcbfc8b7989a9383ac49109cc439ae691bb64d337c63fd3209a885187e316fb6d50b8b59807d9f60cf0a84caef5f4ac63a3b614a2eaa0,UNKNOWN,DAYLIGHT,UNKNOWN,UNDER THE INFLUENCE OF ALCOHOL/DRUGS (USE WHEN ARREST IS EFFECTED),1.0,38.0,1.0,1.0
008cd990a40fe697818f77799e6cd407bf28f1926be046f488f1bd518fa1c2edf30dd6f8bfe599816d6856f6c0b1b905d06d9bb18eab6650bca634749563ec1c,CLEAR,DAYLIGHT,DRY,IMPROPER LANE USAGE,1.0,33.0,2.0,2.0
008d7314649ad9a4b21594eec923b1e7aa5b9446e2382d7034c27568ce14e3204542e2629dd798a2f278d2796ed1509b9aef8adc1699b7ba590b3672609df45d,CLEAR,DAYLIGHT,DRY,FAILING TO REDUCE SPEED TO AVOID CRASH,2.0,45.0,2.0,2.0
008d7fe9af3b604852212e637de947e0e2441ba288340a2c0da4ba581afb74159ff083f4d8de7f205824f0306db111d722bf598ba5e3b5a2c7eb44695669545b,CLEAR,DAYLIGHT,DRY,IMPROPER LANE USAGE,2.0,66.0,2.0,2.0
008d9ac86188d063802ceff4808d3c0da3e3ff2f0af239c426d6c272bea94bb9b332dcca548391394d8bd49ca969e73ad310d1c9bd7600da61d513450c51cd68,CLEAR,DAYLIGHT,DRY,DRIVING SKILLS/KNOWLEDGE/EXPERIENCE,2.0,38.5,2.0,2.0
008d9db4c41cc7d2dddf634be994eaed0facc45edf46235ff913fb3a32a02efceb4ef353e082179f82ff9a13b0632b8761e472610fc4dc0c0fd313e69730ee9e,RAIN,DAYLIGHT,WET,FOLLOWING TOO CLOSELY,2.0,37.5,2.0,2.0
008daf3bfa6855107d4779f5e4bcd0c46a8e91e567b212b35673c591778f9cda361d3c40d401dd1d86027f2a996bee9bf64dbd268b4b1474dbf8a51930616ef6,CLEAR,DAYLIGHT,DRY,IMPROPER BACKING,2.0,29.25,4.0,4.0
008db38c64e78a0f1785c659da83f0bc0f3eb71dba558e62884bf070cc4fba0e51711be5dae70eb66fd2251d6b4694c0f790a8e91eb31b994cfdb8d2111314b1,CLEAR,"DARKNESS, LIGHTED ROAD",DRY,FOLLOWING TOO CLOSELY,2.0,33.8,5.0,5.0
008dd9b09eebbed0aec1381dcb498953948cc6997ff1850c052100c588c50d1c366d6e0b23eb830b4e5cf09f849dcb3977b9bb6a15805d912d409443335876d9,RAIN,"DARKNESS, LIGHTED ROAD",WET,IMPROPER OVERTAKING/PASSING,2.0,45.0,2.0,2.0
008e340771009d7d5706012659839800b44af0b1d57d87b19b85f6d6b92890149e717198d753025d7c786c3f06b8ee6a566099ab05385453f721660ca31827c5,UNKNOWN,UNKNOWN,UNKNOWN,FAILING TO REDUCE SPEED TO AVOID CRASH,2.0,37.5,1.0,1.0
008eba7d97f6f2354e7ccd84a2deb0df1851b5899d4a8a6e41ead44e0a02c418a894681a746377ce60f0f7ce4a79db67c71afc84c0b1f32c35f3c501f925b8e4,CLEAR,DARKNESS,DRY,IMPROPER LANE USAGE,1.0,35.0,2.0,2.0
008ebb989a889b51df907325a6e0e57b8d00485d5d731126d6b7919239877cd4905dfc8cb0ee0c250c6eb589254cf7b600686b7438690db32f2d338f6a439bfc,CLEAR,DAYLIGHT,DRY,FAILING TO YIELD RIGHT-OF-WAY,2.0,53.5,2.0,2.0
008ec6ca404b46d3b6ba78b26fb32abc5a483ec5c5a553ecacf298d950b60546cddd0f11a75cbf4c7fbf50de405fc4d56c3c54ee32c9dc43d625af0aac574333,CLEAR,DAYLIGHT,DRY,FAILING TO YIELD RIGHT-OF-WAY,2.0,47.0,2.0,2.0
008ee3dc63c2a8a4cf0822b23d3af24af1a8d3e7c232446238dd4cdc078a0deb12a9da4c88c1e6246c5845142cf876eb1a6114717fa96d48e86402ee5f4fda98,CLEAR,DAYLIGHT,DRY,IMPROPER OVERTAKING/PASSING,2.0,46.0,2.0,2.0
008ef40f7382649de8109fe9c8ea4f5fe0e5f686a712fbaaba1843bd9d0be0d01769be9c592bc8e4d628f76895674d7bb2a529267fbec391bcf7ca7ed8dbe0e9,CLEAR,DAWN,DRY,IMPROPER BACKING,2.0,36.0,2.0,2.0
008f068b79d97a8e13fb149439f77fc54f8397136ee17c477c5f8752a726cab8672dd0ac58438b2499e0cd9c0a2101bf2607cf1bd6db5a3711ba0d595e543903,CLEAR,"DARKNESS, LIGHTED ROAD",DRY,FOLLOWING TOO CLOSELY,2.0,34.5,5.0,5.0
008f4e29ae9621a3a5243a8d35042f2c0ccf0b4e04541832bb679c60901be264f72788e080d573ae637f53294420d83d873d4d28acbdba260a60d70b15f8c379,CLEAR,"DARKNESS, LIGHTED ROAD",DRY,FOLLOWING TOO CLOSELY,2.0,51.0,1.0,1.0
008f7f0c2e971cf0eac002a499649fa391d541891ea32c3b9c41f815c7fa1a055049e44368ece5873d9dce3dc34428682030187f4e0ee8c120ecc4cca83b0f27,CLEAR,"DARKNESS, LIGHTED ROAD",DRY,IMPROPER OVERTAKING/PASSING,2.0,50.0,2.0,2.0
008fb4deaa3b53b3f6e4ea1ba0262b1c0bac7997d0a9605325dde8670f8e50dd212e06500c3dace210be8d7ca97aa08de26125dfae94915a738c78fb58c480aa,SNOW,DARKNESS,WET,FOLLOWING TOO CLOSELY,3.0,37.0,3.0,3.0
008fc6e5afedf2c841a3f5584215fcb439d55b164c20012d07b2233a73b207248e085f88a6a81204bb1ef089b0877b09f7eac56d629fe2b8db78424648c39857,CLOUDY/OVERCAST,"DARKNESS, LIGHTED ROAD",WET,IMPROPER TURNING/NO SIGNAL,2.0,39.5,2.0,2.0
008fcb3b9aef91e14a489998e63ec96d1430dd81e76dd7e6fb2b1ac3c8013b028b8fc162cc4ae5c4756b1e07e8e47fe49e2e5f8e254603158e700010aa34569f,RAIN,DAYLIGHT,WET,FOLLOWING TOO CLOSELY,2.0,38.5,2.0,2.0
008fea73f335bb126263360eee73f1dacb67a858feecfdce720ef5453cae5f175bc62063f40c3911c11089d3f0d59203b20dfbe0bd45bba5f1e3fd9bd76d14a4,CLEAR,DUSK,DRY,"EVASIVE ACTION DUE TO ANIMAL, OBJECT, NONMOTORIST",2.0,13.75,4.0,4.0
00901f137ecb863bbc2c4b8c036f33f82f8a0d21551bc82cdd39968821aed848a3a90f0f6b79bed417458b7cae957d8712e848a2da7b5321dc32a718df989797,CLEAR,DAYLIGHT,DRY,FAILING TO YIELD RIGHT-OF-WAY,2.0,54.0,2.0,2.0
009021e1c68972d935bb50fc6da8749e08de87452484af448be71fa96de7166499deac3e0fe6bc0c87125057f777512fe6d36c39784e151c754b4d40e6a909e1,UNKNOWN,DUSK,UNKNOWN,IMPROPER TURNING/NO SIGNAL,1.0,47.0,2.0,2.0
00902de894fcd38b276174878fed7b0b560dc7aab60354fe9f4c08df92afffb93fd6999de16003256af75829ef91017e5a77ad7ec78c84cadf88e6990cf79da6,CLEAR,"DARKNESS, LIGHTED ROAD",DRY,FAILING TO YIELD RIGHT-OF-WAY,2.0,28.5,3.0,3.0
009039d8570053061c98e54656db6f6e79aac090ce4848d9c3183e2065d373c5e3230b912cc8f39c13f9ab493af558c668b566e61bc7e392642d611977dc48f9,RAIN,"DARKNESS, LIGHTED ROAD",WET,WEATHER,2.0,39.0,6.0,6.0
00905eac35568f5f77cf30756215ac31ff5e30ef993104b7a7ab3371d56be121d905d12b5a4c819e93bb404d74eb987f27e0c6cd8b60a689bcd3d77bb7d28735,CLEAR,DAYLIGHT,DRY,FAILING TO YIELD RIGHT-OF-WAY,1.0,30.0,2.0,2.0
00907cee0ec4f62ed774a348ec4574002dc10a7e7189ea1ae4223726ddf0943c98991d7ecf4c7113f01416fe99a56fbb5b2bc3f06800fe57b70ccc21c372c1b4,CLEAR,DAYLIGHT,DRY,FAILING TO YIELD RIGHT-OF-WAY,2.0,40.5,2.0,2.0
00908c7bd859b65df0f71bca6550d4eb2681e77b5e70f69e9f2776bf57366d5ebd2a34bc27ca500f49fa5c4d3a6bc487a66485111ae7c00c59c23298215e6ae8,RAIN,DAYLIGHT,WET,FAILING TO YIELD RIGHT-OF-WAY,2.0,48.0,2.0,2.0
00908d78162683962a7406831aa29a0e060c967fe4429bdcf9759b8c255192102e777c0188273f8b09e596e4df0736358206b6167fc1e6cf85c833850534181b,CLEAR,DAYLIGHT,DRY,FAILING TO YIELD RIGHT-OF-WAY,2.0,33.0,2.0,2.0
0090f12768c3545f251250d42bea4c2b4a1f9857088f028942b882842dc8191d00503f6efe6b982871038608c788001488ac19f4cfcc5b917a0f2eeb9257a2b5,CLEAR,DAYLIGHT,DRY,DRIVING ON WRONG SIDE/WRONG WAY,2.0,25.0,2.0,2.0
0090f1f6070029d0473539daaec3508bca98b02fe5c18976af793d88cd353a609a67b8d1ca0bf8c9effb1dcb6374526bb966ce7d33b41fd1a903622ccf1c093e,CLEAR,"DARKNESS, LIGHTED ROAD",DRY,DISREGARDING TRAFFIC SIGNALS,2.0,25.0,3.0,3.0
0090fefe20c7a959588f0144c7249800c2d94f73378bfde187fc15ec43a2d03aadc98f46dd8762ae5bf65b3e7ae89714d3c43cb9d96a249ec0ea3bb477402461,CLEAR,DAYLIGHT,DRY,FAILING TO YIELD RIGHT-OF-WAY,2.0,42.0,2.0,2.0
0091056a9dd20480bba74d335d613c9341e0bdf7e2ccdb2e4d623ab044b8075ccd2d270743ead16b001361095be06e8166ac990e142ce69c33fc4603afeb9977,SNOW,DAYLIGHT,SNOW OR SLUSH,FAILING TO YIELD RIGHT-OF-WAY,2.0,26.0,2.0,2.0