crash_record_id,weather_condition,lighting_condition,roadway_surface_cond,prim_contributory_cause,total_vehicles,avg_driver_age,total_people,total_injured
00919162696c6e9cc72374b38d9cf423050a2396ba0f6eacdcf001d84084d8ccbdebd437926841e18b0356c1df1c914f64d9933e0f9458d9420481011f1289e2,CLEAR,DAYLIGHT,DRY,DRIVING SKILLS/KNOWLEDGE/EXPERIENCE,2.0,26.0,2.0,2.0
0091aebe9490dd90e3446a6a2acfbce878e673a5b283c0870af8f95e9af3f147b6dbef34a2c953a6d6ac71a0422e770aa01b857ad32bf97bbf9194fbab83939f,CLEAR,DAYLIGHT,DRY,FAILING TO YIELD RIGHT-OF-WAY,2.0,34.25,4.0,4.0
0091d423b6098a1611038aa1df1df1caa5a33e79f84e9d897896b59f617eb6c63355ce720444b5052891ea567b8de74e162639affa6ce94c7e6f5ee9230fa801,CLEAR,DAYLIGHT,DRY,IMPROPER BACKING,2.0,60.5,2.0,2.0
0092569be4fa92bf4060f8a2fa4d0a8538f6f9718e9e730b21aa8aa05aef77aacc8a49a47eb11230442b494b871e74b7d78dac852547e45b88dc294da179592b,CLEAR,DAYLIGHT,DRY,DRIVING ON WRONG SIDE/WRONG WAY,2.0,26.0,2.0,2.0
00926126798e13af12696f8397beeee1c2f811aefab8189dd2b46c1d285aecc7ca70bfff82f328f5999acd59e262a26132292db14f4ac4d0b1c54f9e919526cf,CLEAR,DAYLIGHT,DRY,"OPERATING VEHICLE IN ERRATIC, RECKLESS, CARELESS, NEGLIGENT OR AGGRESSIVE MANNER",2.0,35.0,2.0,2.0
009289dcdd6e0a6d3ea15a58d3d79d9c3e6ffd8429774fd7d6fbf01dda4afb743744b9552a14a7cde0f51169cd4d0bf905096da67aacec6b9f76526f05b3a2d8,CLEAR,DAYLIGHT,DRY,FOLLOWING TOO CLOSELY,2.0,29.0,3.0,3.0
00928d269736b3f325dfe359b1933c453e23e4207309eba63c3665319303a0f249e63a27f55df60efc490af8c35ddefd931299e77ad36582537a898511da9c09,CLEAR,DAYLIGHT,DRY,FAILING TO YIELD RIGHT-OF-WAY,2.0,37.5,1.0,1.0
009293363a1c8073ffea68693752483d2dc884c1d65fc94ce5c4dce74510a7f0356c4ebfd953861384647a0a1f4fb3527d62ee3923b5f69790ece99ade48cfa3,RAIN,DAYLIGHT,WET,IMPROPER BACKING,2.0,53.5,2.0,2.0
0092d1c3a9f305b8dcab620758f28d85eacefcaecf6cab3e93497b3516cf1c3df58b9c045c56b7963a19d01c6b544bfd09abed3d6430692829990b7c76acc3fb,CLEAR,DAYLIGHT,DRY,FOLLOWING TOO CLOSELY,2.0,56.0,2.0,2.0
0092dc0ba71a0c719215b19dc04eb9219b912080c068e97eca0aef3356cc2004e09c044bd10e8c0c7fea5b3daadd20b481cddcd827fa85ace924962d7df39744,CLEAR,DAYLIGHT,DRY,FOLLOWING TOO CLOSELY,2.0,19.857142857142858,7.0,7.0
00933132031cef46999a945cd296a8ffa463d09359df1fb014181a4030388d7cedcf5163e366f701a7502884d75fe098901cd77f05ac34bb76d8a75420575f0c,CLEAR,DAYLIGHT,DRY,FAILING TO YIELD RIGHT-OF-WAY,2.0,39.0,2.0,2.0
00933d447777557f9d7b60aef2986fb9c7fe4c353e4c11385719c86b9b1b46fbf546aa67c113d7e9b78b4a92a1e4f314997eec104051c370e16601fb7f6c912a,CLEAR,DARKNESS,WET,FAILING TO YIELD RIGHT-OF-WAY,2.0,37.5,4.0,4.0
00937666dab96cd1f0bac9bf35bb4e49eda6547f4eddbefca8b0ae3bf841ed5a077590c3d438717c2ebaff4972b9be7e92cde4afa121f61c60419c5bf4616851,CLEAR,DAYLIGHT,DRY,DISREGARDING TRAFFIC SIGNALS,2.0,37.5,2.0,2.0
0093affeb52b9c7fe80427d5451a35862b377b6a54fc2a31bfa15cd21620ff9469e50f8d5b76d846387212b19f1f073060dc6aa750c7657eb6165a696495c4da,CLEAR,DARKNESS,DRY,DISREGARDING OTHER TRAFFIC SIGNS,2.0,17.75,5.0,5.0
0093be621a13751d62b6b01357c2d8a9a51fd5c85c94be05db3cb705d8b7c8056f232b70a0c4179fe98f0d8562100d26c11c595d2d68a37d2cbbe869abe03910,CLEAR,DAYLIGHT,DRY,IMPROPER TURNING/NO SIGNAL,2.0,47.0,2.0,2.0
0093c03b292f8e5d5de32502266ca549f0a05d1f58f0dd95c5d094742c5a23ed08d89c62df73043dc7cef3116ee20261b515b538b1e462245ff15d688f4b6a0e,CLEAR,"DARKNESS, LIGHTED ROAD",WET,FAILING TO REDUCE SPEED TO AVOID CRASH,3.0,35.666666666666664,3.0,3.0
0093ceeb625376f1697dd479b2037ea93116be2c249c8d5e8e848034a174adf61a2005a36172b32ce8c103602666a237960ef78e453eb974ac25c201a4b3d3e2,CLEAR,"DARKNESS, LIGHTED ROAD",DRY,FOLLOWING TOO CLOSELY,3.0,25.0,2.0,2.0
00941ff232d8385e5f770308c686368a021e3d4455997b168e24ecf247f3643caa0fabe62ae298f2da8c516bb44bef071ccd69e3cd9132742835798cfd6268e4,CLEAR,DAYLIGHT,WET,IMPROPER TURNING/NO SIGNAL,2.0,49.0,2.0,2.0
00944fdfb169f7b18fa3645bfdd5a2cea2227aff6ba827026c8adf37f5caa875a4040015d294bceda2f92c4c120bfee538d7d2b7da782cc59a61e769c95300c7,RAIN,DAYLIGHT,WET,DISTRACTION - FROM INSIDE VEHICLE,1.0,65.0,1.0,1.0
0094aea28a786a14937ec50833201119db49221f767a732d129366d3e0e8bc287d9eea227516a366d94e0bb8619fdacd92e357c2da49480ab9e219906badef0c,CLEAR,DAYLIGHT,DRY,IMPROPER BACKING,2.0,62.5,2.0,2.0
0094c2444f3dbef09640505775dd865a868101187b30f0bc24a533c2209a36504fa64fa7ea4f766c2dce994c62c1eea52794a8055f5691f3ff8f6f475e66e30d,CLEAR,DAYLIGHT,DRY,IMPROPER OVERTAKING/PASSING,2.0,27.0,2.0,2.0
0094d308051bcdff51896835044eb05cae88c51a70f6666b087afba548c7eb2abd86a24e9c2d9747ebbd3be063cd676900418a34c6f8ed1c2ec75e1e8d995fc3,CLEAR,DAYLIGHT,DRY,DISREGARDING STOP SIGN,2.0,57.5,2.0,2.0
00950766042fd79304c82c174bd0868e8fe23a6213952c168cdf14721b3c4e04cb80115de143c0a30cfe6d454c8752d2d6ad8623b1b4cf442ad4717e140699e3,CLEAR,"DARKNESS, LIGHTED ROAD",DRY,IMPROPER BACKING,2.0,37.0,2.0,2.0
009511ef306cdc5a7feaf0c371709c6fcf3080aa4532f635b1cc2380b2fdba836edad50aa51cce8321fe2f13ed2bf6969ca4a95d9d8c86da35eeccfeca7cc1cf,CLEAR,DAYLIGHT,DRY,FAILING TO REDUCE SPEED TO AVOID CRASH,2.0,50.0,2.0,2.0
009519f0238b576ebe7c663bc88338de7c090c38e24ca3e4ff836afdfcf720d6a1ecb9a32040aeadd6934ce0aa4924ff0d9fac151934273257e9bbdde4737098,CLEAR,DAYLIGHT,DRY,FAILING TO YIELD RIGHT-OF-WAY,2.0,37.5,2.0,2.0
00952ce4e44326d56ca3d33436dfbc3a44d642f9d03d76ad104c8cdefb446e1c44973e2c2473ff867c8ac51746016ff2371bfa6da323639af4ee6c0a108a2ade,CLEAR,DAYLIGHT,DRY,FAILING TO YIELD RIGHT-OF-WAY,3.0,24.333333333333332,4.0,4.0
00953400293ca484733c38a17db654c1539a2610712fefd0b8308ce813b01ca3b9b023c9e9afa541894144cdd8885d8d122b04eb68d2d7926e2d48fad5b2f6dd,UNKNOWN,DAYLIGHT,UNKNOWN,IMPROPER BACKING,2.0,39.0,2.0,2.0
00953a6de775b388e5980ad6e1422065e4fb2a9fd2ade73fb272a057b9b2291c28ba9ab307f8611fe85050bf9e1c8384dbb73bd28ddc9bb9345356fd6dfd4107,CLEAR,DAYLIGHT,DRY,FAILING TO REDUCE SPEED TO AVOID CRASH,2.0,21.333333333333332,6.0,6.0
009549c4a6fc58ec3619c7c871ca179b7e9f53918b8bb45fd385fc49edbb0da06663760fea6dca2a0738aa22a46a5d3c35011480add203fcee397d31c18b1969,CLEAR,"DARKNESS, LIGHTED ROAD",DRY,FOLLOWING TOO CLOSELY,2.0,36.0,2.0,2.0
00955819861ae540e0b97b9d690d8cb2eab437017d768a3ec997eb3a59563d633e3a47179fc3b5f13bb2932d770f50b551ca6bc501b9d3fcd94d20e9b3f75d80,CLEAR,"DARKNESS, LIGHTED ROAD",DRY,IMPROPER OVERTAKING/PASSING,2.0,32.0,2.0,2.0
009558545e53ff9fa4c4b59db84ccc862c7d4afe555f305c1ca02717f7d4f9534fbe7c1e286d9914b281c3e0b3305c5b26f16bf0937d7695d7c940adc0a7dbfd,CLEAR,DAYLIGHT,DRY,IMPROPER LANE USAGE,2.0,34.0,3.0,3.0
009568e4dd7d3c776bd8c627446588147527347628b6c8a051cb1a247a1f44e1a96e77d7bd233857c6fdbb1b26e5c91eaab3e063baf2ce72ca099096541c4f12,CLEAR,DAYLIGHT,DRY,FAILING TO YIELD RIGHT-OF-WAY,1.0,26.5,2.0,2.0
009573d5560a99570b5fa6ab75a390d761c139ebea2dd462ab2d4ade6cd5b1ceec8e008dcfcc904095f9bb0963b12f4109ec2eed0a030900483537532e47db84,CLEAR,DAYLIGHT,DRY,DISREGARDING TRAFFIC SIGNALS,2.0,47.666666666666664,3.0,3.0
00959e9df8b2460a483d709d65abe1b54084ba02b2a1d1bfffa07d2352eb12b1c774878401d1488815748070f193d647c06422bd44889d81c809662079302bbf,SNOW,DAYLIGHT,SNOW OR SLUSH,WEATHER,3.0,42.0,1.0,1.0
0095cc24bcf9c6189c9dac091fe891bb2f96d1de58a546fb7e86b1d84b32dafdcef48504e244009a2be001f5e32957b4ceebd315a0f6023e1d37b401c3eb8a5f,CLOUDY/OVERCAST,DAYLIGHT,DRY,FOLLOWING TOO CLOSELY,2.0,28.0,2.0,2.0
0095d2863a7d64d4b55d0face14167bd3eb6f7b476db1179e2b0d6b489e722b481fc3f31c017acf5d664e247b9a67a9ec179d3e9299910bc5441c493fde00615,CLEAR,DAYLIGHT,DRY,IMPROPER TURNING/NO SIGNAL,2.0,16.0,4.0,4.0
0095e4840e1c9416512cad004c90f8f36460f6e0d2c25a6f28faae37f507b860a3163276b85ddfff6de6bfd9304b3d53e1901a5a33da2684c7e81df2775ce2da,CLEAR,DAYLIGHT,DRY,DISREGARDING OTHER TRAFFIC SIGNS,2.0,62.0,1.0,1.0
0095fef0c9ff5566f5a8fdb05571f9976abc7d552bd1be729b27a6177d7cda78a7bc199e1494bd74d6c720c6079fab8325dd0a76a08675431d43203e05206013,CLEAR,DUSK,DRY,DISREGARDING STOP SIGN,2.0,22.0,2.0,2.0
009623e5bffb8e905aae3f6d2ce4a664c7c9ea5ee11962fa16444b181398db91e0c8876315f1d5fdc6afe3f24880d8ca234eb95bf45bceb250419fe01dcee44b,CLEAR,DAYLIGHT,DRY,FAILING TO YIELD RIGHT-OF-WAY,2.0,49.5,2.0,2.0
0096453d7f27fc2f8c6b777b0b8e8903940d9e07cd6e535a4302e7d73f893e22f5edb3c0d0dc1782a035a01443962d130df6a397cdbe32f2d9b584a5cf0b4c06,CLEAR,DAYLIGHT,UNKNOWN,IMPROPER OVERTAKING/PASSING,2.0,57.5,2.0,2.0
009656d72e0127283611a6d21d55284d830b28ddeba6d7cec78889dbe407b73a55c5bc7d459a372dae2550417e98668aaf7c89cbd3409c1af14ac8fbbdb5ea2e,CLEAR,DAYLIGHT,DRY,IMPROPER OVERTAKING/PASSING,2.0,48.0,2.0,2.0
00968780e198710958379ee33511a21c94f6d1f443856bec400c39827c1d1ac35af68e23e9da07407c4129b94e6a373fe06830a98af80129bfa64c15f95da0cf,UNKNOWN,"DARKNESS, LIGHTED ROAD",UNKNOWN,DRIVING SKILLS/KNOWLEDGE/EXPERIENCE,2.0,77.0,1.0,1.0
0096ac6fad79d2d50a07e0c6d094a4d0d44b4a9b9e45f2008e044641968fe51bebac13d8c2d931f8def4581706068d543a740ea00b6429e79deac8905d92b26c,CLEAR,DAYLIGHT,DRY,DRIVING SKILLS/KNOWLEDGE/EXPERIENCE,3.0,45.333333333333336,3.0,3.0
0096acdd26749bab94079c8ff5ad91aa5340779b5797dd42d887289a83c7260f6b2c7e7de08fd20edc0bbbd157e020ec765ce95fc067ef491edf2bac83204faf,CLEAR,"DARKNESS, LIGHTED ROAD",DRY,UNDER THE INFLUENCE OF ALCOHOL/DRUGS (USE WHEN ARREST IS EFFECTED),2.0,45.5,2.0,2.0
0096c55f2af8eba71a64c268afd24dcf5a3083e19255c4c32132c88bc3ba7570e8c9255d875babe9c0af5881bfd311c1755d6871f40ccb2cddc4020de949359c,CLEAR,DUSK,DRY,"OPERATING VEHICLE IN ERRATIC, RECKLESS, CARELESS, NEGLIGENT OR AGGRESSIVE MANNER",3.0,37.5,4.0,4.0
0096d7484888d2a59c81690809c3969690433266fc3a64a951a3a622ac6858e71f48c7638321056285e481db6095d7eda63829ca8a1cdf58101eea120f4569d4,CLEAR,"DARKNESS, LIGHTED ROAD",DRY,UNDER THE INFLUENCE OF ALCOHOL/DRUGS (USE WHEN ARREST IS EFFECTED),2.0,60.0,1.0,1.0
009701fec48cf374ca82ba991c6c34b67d193fd72bdb78d3802ad7b7359d95a0ed702d357aa8c33c24b1b65cb2945251541a45b9f0bff80d90eda753b2c8fe10,CLEAR,DAYLIGHT,DRY,FOLLOWING TOO CLOSELY,2.0,41.0,2.0,2.0
009708c736cd9568658bec23e8156b1422a3fb8baaada30d88b4c9407b5c644cb521d957a6f83ed684f1cfcfbeb6876183cfbe9182a4564dd958f2fabe1c6ab2,CLEAR,DAYLIGHT,DRY,IMPROPER LANE USAGE,2.0,60.0,2.0,2.0
009716cf3ba324bdb876983a5e254191558839eb480cf460a07496970e4e0f8eecd89f78fde522f2fb1f090f5a37c5e0da2337bdbb99fde2a68d1cf9f2d1d2dd,CLEAR,DAYLIGHT,SNOW OR SLUSH,FAILING TO YIELD RIGHT-OF-WAY,2.0,41.5,2.0,2.0
00972c777e148f6ab557ba8f6dd8df84b8bfe1b8cc6f66192fa4da56cb6336e281aeda09e351b568a9445adfb6792b826211f7c6d4a12d50984c7bcb19962589,CLEAR,DAYLIGHT,DRY,IMPROPER LANE USAGE,2.0,31.666666666666668,3.0,3.0
009734923a33a3b57896c473e47c8ab6764bc78f1b2731b49d3c127f4babe1498a88e25ec629798f209ff9968df830ce69285da93da3c419db530def7edabda9,CLEAR,"DARKNESS, LIGHTED ROAD",DRY,UNDER THE INFLUENCE OF ALCOHOL/DRUGS (USE WHEN ARREST IS EFFECTED),1.0,42.5,2.0,2.0
0097600083f366bd0b5e1480fb24fb410ce0eed2a74657902e3b8e83b5875d708c379d8bf59883830a52d39a08f6cec996c0bb2e00eb939173a9c5f808b2b9cc,RAIN,DAYLIGHT,WET,IMPROPER BACKING,2.0,37.5,1.0,1.0
009760fa03a29c8744aaf19a4cfeda3f8ce73e6c19ea423b68ec31b36bbcf9e0bff15ca2c9faff859f36e87eb20a2f38e45dcfd4bf0101f75696aac4142e2df8,CLEAR,"DARKNESS, LIGHTED ROAD",DRY,IMPROPER BACKING,2.0,31.5,4.0,4.0
0097cce5f77c726f1403bc8840c1bb96a771645a9cf0247414fe345a94917d2a508abb617730ea8d9aa2b50b6044d273e4d9b3afe4e2b9e22a93d0a6e6214023,CLOUDY/OVERCAST,DAYLIGHT,WET,FOLLOWING TOO CLOSELY,3.0,58.0,3.0,3.0
0097f7caa1922df5232ba8794a6400294ff37418577a2b74850f646974c5e1c7c2056f54da434cbfeb7c8936adeab052949f0248ea9aaa0f9c9a7a39642f0cbe,CLEAR,DAYLIGHT,DRY,FOLLOWING TOO CLOSELY,2.0,64.0,2.0,2.0
0098535880eb6582be604849baba0c6dadbfa609f5b0ce31132540ce873c9b1729ea3bfa3d62dfe093aab5ca962402b64596efe6132acfc8cbdef3eed5a9e493,CLEAR,DAYLIGHT,DRY,IMPROPER BACKING,2.0,31.0,2.0,2.0
009854127148379fa18694034208f025879626fbfba815f3532cbcf24ea35cabf08b5efe49c9b4964a495f3e6aeccd50d8e62a7e59fa53284cb68ef7c718d75f,CLEAR,DAYLIGHT,DRY,IMPROPER LANE USAGE,2.0,37.5,1.0,1.0
00986c403d8af0246bcc91b90bcd1e5bfa65b67ea673c7741208b41fc2d8d62c4c40ade49105a0167c4575b27b1ea76110eacff8b77d6faeda5069e32b257d64,CLEAR,DAYLIGHT,DRY,"VISION OBSCURED (SIGNS, TREE LIMBS, BUILDINGS, ETC.)",1.0,39.5,2.0,2.0
0098b092ffe16868246b8677267d74a0d2822cf22f317b1aaeb967c5099d5313e6c6b3c0b9906f83e9edbe9e38161689551e232141e6b9173e9100abbd73ad6d,RAIN,DAYLIGHT,WET,DRIVING ON WRONG SIDE/WRONG WAY,1.0,43.5,2.0,2.0
0098b78936e75bade4efb63e480d371668a45b50cc52aa4f04958d8521e673fa2d9c1356ea667bebdd6cda30ae7be17df90f9323ec4eb3e9f4a68e5266dbaf44,RAIN,DAWN,WET,WEATHER,1.0,21.0,1.0,1.0
0098bcab2d9840cb868b39fab1a6d09d06daaa37ce010b89580d3d7940d2adf0d5856834d2feec86a39a9c7d7b1fdc109f12913d9129ed0efe4783a8993f56d8,CLEAR,"DARKNESS, LIGHTED ROAD",UNKNOWN,DISREGARDING TRAFFIC SIGNALS,4.0,40.0,8.0,8.0
0098c301cf3ba5f5b03aa03e7b0b2e718a1a08e5a9f61709413a0965c2d17f64677e0afd2627c3aaa695f8df269e4b66a63fb23f4f188cfbf3b5c8435224ad25,CLEAR,"DARKNESS, LIGHTED ROAD",DRY,ROAD ENGINEERING/SURFACE/MARKING DEFECTS,1.0,21.0,1.0,1.0
0098c3a46a71221366bdde5983c5e2b7155effb61bbbd1bd3bccc7225c1139e4466657d363039ef73a53b02d6063ec961a5cdbf71cea2372975c3a749a59d803,CLEAR,DAYLIGHT,DRY,"VISION OBSCURED (SIGNS, TREE LIMBS, BUILDINGS, ETC.)",1.0,49.0,2.0,2.0
0098e09c68518d637a5d33e475ee5c1c11c6778c34396d0b748710f834fb7dea7c119d1e9cc4d5de7a983484f0e4ab510e9b2ad5943f559599037703e5af26c7,CLEAR,DAYLIGHT,DRY,IMPROPER LANE USAGE,2.0,20.6,5.0,5.0
0098f6f348de52844ea988da36c37d83f374fa695f4a02b1748a22a667bf5de0e8a4eff17823381ff5d19c3904114eec07c4db4880366f1047c6f90b81fcaa72,CLEAR,DAYLIGHT,DRY,FAILING TO REDUCE SPEED TO AVOID CRASH,2.0,37.5,3.0,3.0
00990518ea5eaba15b8a8defedaf4273f35a8ab056133eed2a00ab601223ef9723e02ab34e0b134445fc9595fb86940749c007a696c6ed2326addeacca92e4f7,CLEAR,DAYLIGHT,DRY,IMPROPER OVERTAKING/PASSING,2.0,22.0,4.0,4.0
0099113dd94a2bfbb0ec58f6f47e68e46e7f589bf8cf362f0dd41997f0e3290cb61701c3b7d9038c056cc335e35d129f715cdaf9df7aed2cfc1da939794763de,CLEAR,DAYLIGHT,DRY,DISREGARDING TRAFFIC SIGNALS,2.0,39.5,2.0,2.0
0099335d26c987814a4f8e3d8e14946c7bb3b0853f75c10afaa74e1ad3016b578eb7ce343b50350d34e1b45df0ccc996787e589794e88bd7b473f8e8292d0737,CLEAR,DAYLIGHT,DRY,FAILING TO REDUCE SPEED TO AVOID CRASH,2.0,42.0,2.0,2.0
0099406c2ec42c7f12ddc9f026454c8b6d4f03cdb8e9d485c89e5e5d7996ff2852b8685b949ff1d611f5081994ead4ee6d778b8cc8156819b93eed1652115a4c,CLEAR,DAYLIGHT,WET,IMPROPER TURNING/NO SIGNAL,2.0,40.5,2.0,2.0
009958e6337a689d2d31818564fa3610bf77f491afe7ec53b2e4b32abbb8451812e2c740a4aab1c35f7ed9ffae80dd29748436478f839d139fd52b8f9bcd157c,CLEAR,DAYLIGHT,DRY,DISREGARDING TRAFFIC SIGNALS,3.0,49.25,4.0,4.0
009967953c169d78af16a35eb2151e8a2a54bd648edba221e00bd8dc8d96e5c5796ec5b2989dc6a948f8359311c3a4cb8900fa0f1283254894bfd06f7efdcbf6,CLEAR,DAYLIGHT,DRY,DISREGARDING OTHER TRAFFIC SIGNS,2.0,40.0,2.0,2.0
00997fc6859bfd165b68f39288323ea8ed8f57cbd4519c89aaa7b4230f6fa56a9a32d6e2e7ebed9be273b90491fae25914e34e7f1986ebfefd45d43a1ad70235,CLEAR,"DARKNESS, LIGHTED ROAD",DRY,FAILING TO YIELD RIGHT-OF-WAY,2.0,52.0,2.0,2.0
009988e66006865f885948b2de3b782cbf9e376cc46294af33e256603988145c92691451840939a8ce9a0559ffd628056bc75c17289bc1c3b879c4a8d93b21f9,CLEAR,DAYLIGHT,DRY,FAILING TO YIELD RIGHT-OF-WAY,2.0,44.5,3.0,3.0
009991b3e4ecca23769dc52bfb2dcc20afc9ed6e01bd098f6c34561a446e870d339f7f56127e023bda6b17eae1fd3c578c32858517ccc6e3df89de213ea032eb,RAIN,"DARKNESS, LIGHTED ROAD",WET,FAILING TO YIELD RIGHT-OF-WAY,2.0,25.666666666666668,3.0,3.0
0099ba334a3331b7258274082264a7757279130c9ba10e628e09bbab22e9474a56ff397e8047f1f3ebfc8d63be33764857ea1db6c88bf5b24e172bd6c1cb8269,CLEAR,DAYLIGHT,DRY,TURNING RIGHT ON RED,2.0,36.0,2.0,2.0
0099cadf15725ed89ac1207b7596fdf9c8d5300c998f3fef0cf2efde6b6e576a3f61009f8bf5032f0a5877effd21e9a9b8ab08ad87518b1c238bca8cdc077367,CLEAR,DAYLIGHT,DRY,IMPROPER BACKING,2.0,26.0,3.0,3.0
0099f8da46ab08d9aa40ce61c7d595a914407a589dc70355e91025b21f02fd8dce5d4bd74ac922e95f1de893a0dd659b7ea49f0d5cc8b2b6c6fc62cb7c5654bc,CLOUDY/OVERCAST,DAYLIGHT,DRY,FAILING TO REDUCE SPEED TO AVOID CRASH,2.0,72.0,2.0,2.0
0099fb71d7a2913d80a703a80fb661a8e9281dc251dfb0fa5929a20a47e0560e030ecf5067c7482dfb481fd18f28b37a2f096a890343bee9db2512ceccddaff6,CLEAR,DAYLIGHT,SNOW OR SLUSH,FOLLOWING TOO CLOSELY,2.0,36.0,2.0,2.0
0099fc9ba2e0136d7e14647dcff3e3d586719218854785a3c174753be20a6df9af12bf034a4b28df00f4da31b677e9ea24af965493062726457172b3364b2767,CLEAR,DUSK,DRY,FOLLOWING TOO CLOSELY,2.0,35.0,2.0,2.0
009a07d113fa2a44c39d649f558d7e20d8a2385d564aa677b07d4a402f18eac8fdd6963126ae46e85cb3140ea04855e63e0cd57d64ed4f4285f436598692ffaf,CLEAR,DAYLIGHT,DRY,IMPROPER TURNING/NO SIGNAL,2.0,50.0,2.0,2.0
009a130d7ca4cff63f4fb4318d9c8a6e9292f80e1108d06ff6f4450f6a5f05e5c420f725024d74400da1fa0451d2866fb1eb97a152745216e3762eb32322efc2,CLEAR,DAYLIGHT,DRY,FAILING TO YIELD RIGHT-OF-WAY,2.0,31.0,4.0,4.0
009acdc5a294759455a7a901fdf0fcd0fdcea4255344584350f38cdc2d653f19454d2e259449449e2a201080d0d0042dc2eaa19ad640bb0d78a81dd46bd8518f,UNKNOWN,DAYLIGHT,UNKNOWN,FAILING TO YIELD RIGHT-OF-WAY,2.0,31.0,2.0,2.0
009ad34095841b81d9ce6e7be84c5b6bc21b73eff5fea5d3eea74401e53f8e204ad9315e3a0c873d786a8162a300a586287dc32dd2f035f2e706da8bda66430e,CLEAR,DUSK,DRY,IMPROPER TURNING/NO SIGNAL,2.0,28.0,2.0,2.0
009ae5c2783947cbe9b252998d66c8b580d5f17f8dd9b37aaf636f85661b714a879810e332b8c40dd5bb51b8553a3fb58255feaa62c09d21300f67bb89ca68bc,CLEAR,"DARKNESS, LIGHTED ROAD",DRY,IMPROPER BACKING,2.0,37.5,1.0,1.0
009af5e6effaccd56613a426dc1dbf0f41d3f7a2e141a5e049afc7deb0fc6d648f6b052a155b9ce5f2ecb6d5fa3d7a847326d50f88f038e80afa5c7fb4547895,SNOW,DAYLIGHT,SNOW OR SLUSH,FOLLOWING TOO CLOSELY,2.0,25.8,5.0,5.0
009b16cd76efe696d6e2492b8526bd3ed40289674414284c4fd2a65174f93a51cffbf4d2133f9ca9c3b47a330676ff94d94c09f3c2227c0314ce78cbbd2120b1,CLEAR,DAYLIGHT,DRY,FAILING TO YIELD RIGHT-OF-WAY,1.0,66.0,2.0,2.0
009b2d197cddaa08d49be9d0e11adfce6f57b5108332c6f504d9621bdb8acf3815ab33d58c0312ea2d7c7238dc4f3516252df89efdbe5739cfa36b267f022bbd,CLEAR,DAYLIGHT,DRY,FAILING TO YIELD RIGHT-OF-WAY,2.0,19.0,3.0,3.0
009b3b14b6b44c1858c7af1d122aaf0f9240426eceed80b51a939b0c40441e738f331e9f274a0dfbc37a5533e46d82a72aaaed153c2b282a50aaf5bff43429de,CLEAR,DAYLIGHT,WET,FAILING TO YIELD RIGHT-OF-WAY,2.0,56.0,2.0,2.0
009b74ae6baf8da78677bbcb39e7d606d7afd513897f82bb2dc59d1d0be6279efcae666f7456334f4d689f8bfa4e3d8095ec6640676ea3100e71c4cf362d827c,CLEAR,"DARKNESS, LIGHTED ROAD",WET,EQUIPMENT - VEHICLE CONDITION,2.0,32.0,3.0,3.0
009ba9ada00f91443669e0f4989abc5b512c12732df0f616b3ce4dda6185144024666de6ed5407f3fae22e7f27bd6e11280a473b01561dc5f8a26694948629d0,RAIN,"DARKNESS, LIGHTED ROAD",WET,DRIVING SKILLS/KNOWLEDGE/EXPERIENCE,1.0,38.666666666666664,3.0,3.0
009bc112e859b15b10d0f6facd4994035c6f4cd9c4411e07b8158f24e70f1cd6ebe1c8dd71dcf536c482d82f01c623fd4b94c672cc0665d27c348b06e0d760c2,CLEAR,DAYLIGHT,DRY,IMPROPER LANE USAGE,2.0,40.0,3.0,3.0
009bd3f84bffd01cc38a5bbf8e1e01690f6e32f57dce55580251a814905d5a90f0db899999e38c7420cce07917afdda8267757c6ec0646457bcf4e3739258099,CLEAR,DAYLIGHT,DRY,FAILING TO REDUCE SPEED TO AVOID CRASH,2.0,33.5,2.0,2.0
009bfeae5a9aa8f07afcf450eb5db0601628e64f4621850b15e976ea3ea370577c4401f6512e2ab45ccf2b81483688378d3f77833fe8d47c8f6a3ec6e73c2692,RAIN,DARKNESS,WET,TURNING RIGHT ON RED,2.0,56.0,3.0,3.0
009c15f04c9938c3907bb60ed7e05ba1df848ed5adafc9bfd019a4bcaef40ff460168aab31b8488d4fe82e0f8f53b3bcf78a0f9ad2a4360f79e89e47b0f0bb90,CLEAR,DAYLIGHT,DRY,FOLLOWING TOO CLOSELY,2.0,50.5,3.0,3.0
009c42dfe6579e399c2c5ef18d93f5350de9f5fb50e282568de27d7c2c7017e5879cddda99055d73817c3f3d0d17e3f137fcfe72348aa8033ec747fec6a48099,CLEAR,DAYLIGHT,DRY,IMPROPER OVERTAKING/PASSING,2.0,46.0,2.0,2.0
009c46723b5be05064d08ba29127acce0e192743f750c655e8344f71514ecd9e5556a42e0f5687e4da04116b0557698eaf4aae1cccc7264b550f807fd6675de9,CLEAR,DAWN,DRY,IMPROPER OVERTAKING/PASSING,2.0,37.5,1.0,1.0
009caad18408ee8615b702e6e6ed6289a8c9b4ef9a1ffcbc7046e1331131a467a1090d68f37ee4b71681ff07423c2012df9653365ac799d0adddfa53b0656a76,CLEAR,DAYLIGHT,DRY,IMPROPER OVERTAKING/PASSING,2.0,26.5,3.0,3.0