crash_record_id,weather_condition,lighting_condition,roadway_surface_cond,prim_contributory_cause,total_vehicles,avg_driver_age,total_people,total_injured
009cafdfc6fda5dd4be5760215ae1b0ed5d838fbe74e072bd52545ba697399abfe0191a9284c0a19576afbf8dbf64704932df7a3e852bb07da1a18bb97c9ca7f,CLEAR,"DARKNESS, LIGHTED ROAD",DRY,IMPROPER OVERTAKING/PASSING,2.0,30.0,4.0,4.0
009cceedc04030af51da9b071987a6262dd3fbd242ff9a6ee270560b9bed69075cc52ac5ab877bfbb6567cb53d872687eebbf4689f9b0a428c28232c3bbe1b4f,CLEAR,DAWN,ICE,FAILING TO REDUCE SPEED TO AVOID CRASH,3.0,38.333333333333336,3.0,3.0
009d32d497bf22c48b57a10cb4c1836868a4d7909e01e67ba73e77098e42b82efbf1a57059ba84ab58eac6a0a45fae70282e16d0931ccc9c1fe03be7ecbe5464,CLEAR,DAYLIGHT,DRY,DRIVING ON WRONG SIDE/WRONG WAY,2.0,25.0,2.0,2.0
009d401c44bbfed2ffba07c300804050cd06090edaaf494a609c918166cf902031e9d81aa6a31a0091d04eaba1c0eeef0a6615cb0eaf19b76e55812dfd8965c2,CLEAR,DAYLIGHT,DRY,FAILING TO REDUCE SPEED TO AVOID CRASH,2.0,25.5,2.0,2.0
009d7ba7a944c9aa24c126706ceaecf34f30a4e0161a342f76c527f001d9406f180f343355ed09fe3f11adeac1d62f787f0fb6ea73e01f459d7cb98db87af46e,RAIN,DAYLIGHT,WET,FAILING TO YIELD RIGHT-OF-WAY,2.0,27.0,2.0,2.0
009daa9f131d17f43c32585fe83cf80579323bc563d741729a3e75d7a35b53063ddf30c6be8ad68bd4c3596010220ffa888c683bb639249135457bd3715d59c4,CLEAR,DAYLIGHT,DRY,IMPROPER BACKING,2.0,23.333333333333332,3.0,3.0
009dd74e47a7e791a476a25806cc163e9448d85cce258e4b1ab88aae9218a6dc8545c4c697aceddb0f4526c7b8d69a55cb7604e77c8dee5afa712d57163ebb74,UNKNOWN,UNKNOWN,UNKNOWN,FAILING TO YIELD RIGHT-OF-WAY,2.0,26.0,2.0,2.0
009e1bf72d505d98356c4d645f96509750c69dcdbc1ec980cc90d0ad9d2dca4f2e2db171efb66c60f3adc1f3c8045bf4bd1aa250d3927477eb2c43d61778fe86,CLEAR,DAYLIGHT,DRY,IMPROPER BACKING,2.0,52.25,4.0,4.0
009e475ea410955e1bcc3e8c1b5f0a0ecfde5f2b84cf79a8471a7c75dff5290d049bf70b0723896924f55bc3af01fbdbaba6277c3fde45e832115dfcac8e5287,CLEAR,DAYLIGHT,DRY,IMPROPER BACKING,2.0,37.5,1.0,1.0
009e554d2793f75c9f75eef840f552a59ab8fd8f3943f10b1a3322022d4003b8e3d3b35a9d2952ca07459af92feaf553bed54957f2f6d96ba22a24289bc43106,SNOW,DUSK,SNOW OR SLUSH,WEATHER,2.0,34.333333333333336,4.0,4.0
009e9e67203442370272e1a13d6ee51a4155dac65e583d1bdbee1fde686de7508c14ab5f205402f72644001276718917e02985561dc71b7d4bf945f09d7d47f5,CLEAR,DAYLIGHT,DRY,FAILING TO YIELD RIGHT-OF-WAY,2.0,23.0,3.0,3.0
009ec857362e30e49dc984ce0bfe6cb5de7be0523211b0cb69bb918ec21a15a6f432df1facb71f8259e061a63e4592cccff298377b3aaf7c30f9da96ef8792f0,CLEAR,DAYLIGHT,DRY,FAILING TO YIELD RIGHT-OF-WAY,2.0,17.5,6.0,6.0
009ed22b2b9115562129f16b90f71c3277dd85db3b86dfe2c88692e721c77b773071a09205b636b06e7f2a36969b124301886c8faaeee0046d736fbbc483a08f,SNOW,DAYLIGHT,WET,IMPROPER BACKING,2.0,41.0,1.0,1.0
009ee82d03fc1821acb61a7b97b0f0f5fe15b063ccd4e147bfb45af548c4d4a0150d9fbbbe14542a7e1eb3b6cf5972076bf20099d4e734ed5fbfc8368ad2ea1e,CLEAR,DAYLIGHT,DRY,IMPROPER OVERTAKING/PASSING,2.0,65.0,2.0,2.0
009efb7a7168d8537c28f9809ace6fbf6c92861bd87f2557266054c067e61c550b1542b504005355769daf6e930b3d0983f9ecf0fc51806cc5eb8c28a5fb743f,CLEAR,"DARKNESS, LIGHTED ROAD",DRY,IMPROPER OVERTAKING/PASSING,2.0,28.0,3.0,3.0
009f127c053e0c2695aa2591bc3eca1a20f51baabcdee70e45482a583c648d32d01ea0e6974f1fe4ed39b187f91bce4431fcc58c4194c4277f0cc85ec438f30f,CLEAR,DARKNESS,DRY,DISREGARDING STOP SIGN,2.0,52.0,2.0,2.0
009f13a21890a567901e825f68f4893191685c206aef921343681c439eb171eefca7097b7feb0ad609c3f730e1d9d9239bfaf657a3fd52b902e09e6d5be705b7,CLEAR,DAYLIGHT,DRY,FAILING TO YIELD RIGHT-OF-WAY,2.0,25.0,3.0,3.0
009f2ea559aba3fbe8d989584401ad6cf3d1d205c89f580cccaa87b824e8030c2619bcaea4beb4d1fd8e52dae4ba843c1d5dabcdb3178ed34db96efd532c5c16,UNKNOWN,UNKNOWN,UNKNOWN,DRIVING SKILLS/KNOWLEDGE/EXPERIENCE,2.0,41.0,2.0,2.0
009f54ac67f7620f8c23a8cb965054a84bfe486cd30659505d1e2e28eab3f0ebd9b3dd8e925e3d7d4d99c12f384daebcd8c6daa8ae9a11010602acfc7bf28b8d,CLEAR,"DARKNESS, LIGHTED ROAD",DRY,DISREGARDING OTHER TRAFFIC SIGNS,1.0,36.0,2.0,2.0
009f5da30368d81c3e520b6e0a42b52593fdb52f0f3fb85c3e70255e7e69e36c0cf8c8a553ac9e703c9e177ab6c4a0075046c59d8c99d8ab974b16a18dd8fb81,CLEAR,DAYLIGHT,DRY,FAILING TO YIELD RIGHT-OF-WAY,2.0,36.0,2.0,2.0
009fb141ebee7cccbadfcde40193867c3e31d60824356a9407afc9a609ddee003905dcc2a81686bd77e8d082e32ccda2b90a1e8eac26d1ac58f3a1642abde515,CLEAR,DAYLIGHT,DRY,FAILING TO YIELD RIGHT-OF-WAY,2.0,33.5,2.0,2.0
009fce0ef37c9a83963237e44e8945bf3dce610fb5a57313a73c955cfadd57bba1ebe548f16a2b19862c65745d9d38ec056a4028eb80c523a54ab92151dff8d4,CLEAR,"DARKNESS, LIGHTED ROAD",DRY,DISREGARDING TRAFFIC SIGNALS,2.0,52.333333333333336,3.0,3.0
009fd1f5b70389e833b90ab4c9663a9b0aa63303d6d745c75fa63077e2661f1cfb77098c8f43ce49c6a2a9a1be98a711d964959a03d789fef156bafbcec38df9,CLEAR,DAYLIGHT,SNOW OR SLUSH,IMPROPER LANE USAGE,2.0,24.0,2.0,2.0
009ffb10e1075d6789e566dff3a35500eb6e751fec9a41c38e46f16cd05499a082226388b609bb427bbc07e0d6c0cb1015cc21cab46216a62ac3dfd17bf76a26,CLEAR,DAYLIGHT,DRY,FAILING TO YIELD RIGHT-OF-WAY,2.0,29.0,5.0,5.0
00a01d191aa42466ed7e9fddf191e9d40c8ff5b9dc76e97a761f0faa121937a6841a64fd6f121879cf1b43f68d7c0a2c0cc6440e45a604acf19db2e86529821a,CLEAR,DARKNESS,DRY,DISREGARDING OTHER TRAFFIC SIGNS,2.0,57.0,2.0,2.0
00a0376c399dd7456734ec931b177973a0bb5cd7fbdfe0900b27c820f1485d0a62294f1f3b4dcfbcc01b905e81f265147db1400913443b5c9b52ed19e724cce0,CLEAR,DARKNESS,DRY,IMPROPER BACKING,2.0,33.0,2.0,2.0
00a03e0ac79689868ccfa11f6a061180064d5d041a89b569c984d347d79966dadd69553fe8fbad24e93fa8714d8ace8ff2b7424608a083a468a27872c0945ec2,CLEAR,DAYLIGHT,ICE,"EVASIVE ACTION DUE TO ANIMAL, OBJECT, NONMOTORIST",1.0,35.0,2.0,2.0
00a06d9bf293ef87873d9ce07631fbf247263cbb74786921809c4416dc3465b3c87564705bdd96d106ce1516d6537358bcca3455d9381d9ce9e3f31a0b3e4129,CLEAR,"DARKNESS, LIGHTED ROAD",DRY,"OPERATING VEHICLE IN ERRATIC, RECKLESS, CARELESS, NEGLIGENT OR AGGRESSIVE MANNER",2.0,37.0,3.0,3.0
00a07fbbfa424e7c6c58e58320aa634ae0868ed930fcba322151de191eeb76cd73b99ee72b9f6186d0e8c56a488176c3b59153bb4cf93054adb2b0161b3984dc,CLEAR,DAYLIGHT,DRY,DRIVING SKILLS/KNOWLEDGE/EXPERIENCE,2.0,52.0,3.0,3.0
00a0966453126bdb616387697900ee70791cef77b67c407c18a76d76c502b7996611a3d682c733476ecc468d5b7a6fc4fb1e2f4dbcbe419d191b771b0004d005,CLEAR,DAYLIGHT,WET,FOLLOWING TOO CLOSELY,2.0,28.5,2.0,2.0
00a0b4268f6ecc548fc4e8cd71420d7188c298c2ce15f6b949a4ac721d93b4328347317aa50088184a8654a64efacf6ebf358424e34343bff8b9e0f3f9267262,CLEAR,DARKNESS,DRY,FAILING TO YIELD RIGHT-OF-WAY,2.0,31.0,2.0,2.0
00a0c5c3d5e68b4508369d8fd0b161bd44d61774a2d8a1dc033a5199ac32abd14b57b3f7efd8a4ed42f7622bf200cf287e71f958c7a84a0e311f27625d6518b3,CLEAR,DAYLIGHT,DRY,IMPROPER LANE USAGE,1.0,29.0,3.0,3.0
00a0cad48f30284ed58ab90788af7f5e376b2c0a570e902b4a29ca74a6cdf296d6d066ceb37b35c62b2574dc017a49f6498aae4d5b0980c925e7a2cf9b51627b,CLEAR,DAWN,DRY,FOLLOWING TOO CLOSELY,2.0,27.0,2.0,2.0
00a10c9f0c587330a532d9af94a9a56907d5cbb5d93e1188819ecfe108aba523dc0cc6358ea4973a7f0d685b4308c0596628bcc2f12621dd1fce2439a28cea45,CLEAR,DAYLIGHT,DRY,FAILING TO YIELD RIGHT-OF-WAY,2.0,50.0,2.0,2.0
00a12ebef31fd886ee4707bf6480833b7f8b6f8fd441b13526e5885ff246acc00e33640e97b71c9db643e9780605315b90e931fa1fd77bfe1826a40306d762cd,CLEAR,"DARKNESS, LIGHTED ROAD",UNKNOWN,"OPERATING VEHICLE IN ERRATIC, RECKLESS, CARELESS, NEGLIGENT OR AGGRESSIVE MANNER",2.0,37.5,1.0,1.0
00a13e45da7a267e91c95377a8367b3bfefb6b21cfc1b15549755c42b29d1b248f0de0c2f816f1dc99213475133732388bcf53d329a4446ce7a81ca10331c8fc,CLEAR,DAYLIGHT,DRY,FOLLOWING TOO CLOSELY,2.0,54.5,2.0,2.0
00a1527558d208a96cd875a6819aa27499e08fd871d7cdc6c44dd3ee8dc921ba85054d529bda6a0f733bafb7171fae4d634170ddc6655d6441eff65bc4175b09,CLEAR,DAYLIGHT,DRY,FAILING TO YIELD RIGHT-OF-WAY,2.0,45.0,2.0,2.0
00a15e7519eac20bac810251d5805ef0c653d7fe542e0b2648e5e22c3ce47fa25dfd26101d534f606ca8790faa4d51ada56ab11cb0024c094ce297c588b45dbb,RAIN,DAYLIGHT,WET,EQUIPMENT - VEHICLE CONDITION,2.0,37.5,1.0,1.0
00a172b8188a922bf07339a488663e2f1a85eca676f4b290973ed9bcbe8ee834c1cddd605a0b7a0dd700ae06a86546e557b391fa1835d7c7efed4b4a0faba49e,CLEAR,"DARKNESS, LIGHTED ROAD",DRY,IMPROPER TURNING/NO SIGNAL,3.0,51.0,2.0,2.0
00a17b96c8daff6cdf4e95355c3cccbacc32af7a984b61e4af1c379e6e19d7b6faf2034c03e0884ab6a81c69e77c36abbf4419a2429fc2fa85963c8fcc7e58e9,CLEAR,DAYLIGHT,DRY,FAILING TO YIELD RIGHT-OF-WAY,2.0,52.5,4.0,4.0
00a1c9ef7de4a30207cd77e2a92e42a818a2f0b6224bd77ae2817a984350bacf7b66eb7443ec14e3fe201cd79f524f0dbddd4b01e2b1047e9220391161cf6db9,CLEAR,DUSK,DRY,IMPROPER TURNING/NO SIGNAL,2.0,37.0,2.0,2.0
00a1caf9ff0c42be09c4f7c736f3733348c5186c2fff07851001128bbe55dc55c99b823cfaf2db0590c26791a2e8580482a6283f50dd76b6908b3ffbe3539b65,CLEAR,DAYLIGHT,DRY,FAILING TO REDUCE SPEED TO AVOID CRASH,2.0,32.0,2.0,2.0
00a1d01033b67cd42b3ea9ebec1523595d7b3331fcba0b7e0fe5fa4f523488e8e99d9518d4ec792774f5bc45c9c26806b616e955685db23ea55a4d6a5b68f82d,CLEAR,DAYLIGHT,DRY,FOLLOWING TOO CLOSELY,2.0,36.666666666666664,3.0,3.0
00a1d159928c7a2ee4a95a55a904c03dd029012a36fa2ddb02c7967c1113d770b4b6a9d7fad719882bfffec89f917666bab303bb6d1297f3b4023a2a302d1ef7,CLEAR,DAYLIGHT,DRY,FAILING TO YIELD RIGHT-OF-WAY,2.0,46.5,2.0,2.0
00a1da944aabdea9d30744b0570714034c477b32699c40d12aca763e8807d8721466d4966eded5d61e2a25cb3a0db4b4584b56ce28aabef2b53e30d4484c4d47,RAIN,DAYLIGHT,WET,FAILING TO REDUCE SPEED TO AVOID CRASH,2.0,31.0,3.0,3.0
00a1dc4411d47af3098a14b29b231305e361baf0ac2d5d74fbcc4976feee6e69f1b520bee5a5da106651d08284cdd0ff6ac106ce96c822b78a01dff5dec3a464,FREEZING RAIN/DRIZZLE,DAYLIGHT,WET,DISREGARDING TRAFFIC SIGNALS,2.0,49.5,2.0,2.0
00a1ed08cd009fe516a2eac6d3188f053ca52265de9a7fe695eb8d4b72dd371926549a028ae4fe76136f0194e6237efd6b70aa92ff4200b6ddad9069beb7f707,CLEAR,DAYLIGHT,DRY,DISREGARDING TRAFFIC SIGNALS,2.0,50.333333333333336,3.0,3.0
00a25cf00d15e9d1b5fd59e763a8f64b901e47496e3a7a17641a353ddf31b3b14042efb7fd112cadbfd9f86e0c01aa5b3f0d599ed78c74871a74591064553d30,CLEAR,DAYLIGHT,DRY,DRIVING SKILLS/KNOWLEDGE/EXPERIENCE,2.0,28.0,2.0,2.0
00a2613c526902280a4a72119f448be939d4e597db3fcd3779ea0d17b00468d20ffab92f29c906e952ac32dbfe50bca42bc9cc84e3a78583743972c0a214de45,CLEAR,DAYLIGHT,DRY,FAILING TO YIELD RIGHT-OF-WAY,2.0,23.666666666666668,3.0,3.0
00a28148778bdb6ffe7bdfbc451b23b0f69b5b5eb546e94bd624d46441725b1bf67508c35bdcb19eb4014fea5f1fcb87d7eb6e4f9b45fdb0923a283c44c50715,CLEAR,DAYLIGHT,DRY,IMPROPER LANE USAGE,2.0,68.0,2.0,2.0
00a2a5db17805787dc8441d6a0f16e8993854bebcf8e959cc34fb7610cc38f1b3f4a0f95ead328c92817c9cc04b46fe00cf1af5ecf643c78959c835e83fc88c0,SNOW,DAYLIGHT,WET,FAILING TO YIELD RIGHT-OF-WAY,2.0,32.5,2.0,2.0
00a2e7c888880036a729c1bfd7713328063eb87765a05b54f9f3355385b5773713a6f4ca876fc61cce681f498910fa43352349445c40e4d77e208283fb1eee60,CLEAR,DUSK,DRY,OBSTRUCTED CROSSWALKS,2.0,39.333333333333336,3.0,3.0
00a3233063a02bcecd1a88bc54616f404740b29069da9fd2d4add4775ee87ef74459c3ae13c69f0e9556cfeaa773f26b429af50e91fe863a6c8785d332b825ef,CLEAR,"DARKNESS, LIGHTED ROAD",DRY,DISTRACTION - FROM OUTSIDE VEHICLE,3.0,66.0,1.0,1.0
00a32f5127a5271ff0546ced067a7d9b419bdf399025a01e3c131bccc26ae21e248d1417a40806b2b34ad181a045e90a6e90f8c3c9c5175309c01dcb8c18a305,CLEAR,DAYLIGHT,DRY,DRIVING SKILLS/KNOWLEDGE/EXPERIENCE,2.0,39.0,2.0,2.0
00a33ab3f2253679f0d93a78b5b4f6f6bfad6ca0d404617130e9dc54f593026ee02eb740348f7319f2bae5fef3ddc91ea6e7dd74b95ea2e571f6f3753d971992,CLEAR,"DARKNESS, LIGHTED ROAD",DRY,IMPROPER OVERTAKING/PASSING,2.0,30.0,2.0,2.0
00a372b6c3fe7c0fd9aa2dda40e3d93c2676b5b9d2cd000c379739f2885f7b16c421a08fe6bae19a5cf5de36f715334c3716ae3765fa2526c35577ad82812d21,CLEAR,"DARKNESS, LIGHTED ROAD",DRY,FAILING TO YIELD RIGHT-OF-WAY,2.0,31.0,2.0,2.0
00a384e7e281c4a877e3297ef531d8d88337672adc4b4286ed68ce1098f00b7c2591f4c59d6f41f7ba3109b9fb1bc22678bcfc747db65451ec729ea1412599ce,CLEAR,"DARKNESS, LIGHTED ROAD",DRY,FAILING TO YIELD RIGHT-OF-WAY,2.0,44.5,2.0,2.0
00a3a068ef1e122bc213d17c051f56799c327860c0d5fbabc0d8889e75b8829205456b93464fc39b963ad517b76a0c598d966d16eda4098b2bcfa97a08f07e71,CLEAR,DAYLIGHT,DRY,FOLLOWING TOO CLOSELY,2.0,41.0,2.0,2.0
00a3ba34c19b4843a8b06bbf6e10f75b3a9abc37236a325e2f2bd3967675c79b3acb726bab7f2c8a5d5df96c718c5ad62b2c509ae3940e1c285817255377a059,CLEAR,DAYLIGHT,DRY,FAILING TO YIELD RIGHT-OF-WAY,2.0,16.2,5.0,5.0
00a3bab9b0bea95517a05356dcd8b77c15013733a22e95b28d77b299767f6d071fbb08ae4626eccdca3db27c02686964762015dc08b68eed560941165f553d80,SNOW,DAYLIGHT,SNOW OR SLUSH,WEATHER,2.0,25.0,2.0,2.0
00a3de29cb9f1b226f39d1fdf0599f8222507189e9739dd8a03862247c4492d76233966fb2533a72abd08fce1c08dfcec4943b597a9dc8c34c23b88e303c446b,CLEAR,DAYLIGHT,UNKNOWN,IMPROPER LANE USAGE,2.0,25.0,8.0,8.0
00a3eeaf63a426953e90488521c125217481fe6ef673e7e43054ecc889923b20538e8cf85b361867e0a859dab422789df814364cda74103baea6c801438640d9,CLEAR,DAYLIGHT,DRY,FAILING TO YIELD RIGHT-OF-WAY,4.0,21.5,4.0,4.0
00a40cf579b9792888457089880cbc1f0e2349b0780288f48a9df10ba853f755ba504a63601a2a909b91a57cbce5deeb4c2250520aa4417d710621df8e131655,CLEAR,DAYLIGHT,DRY,FAILING TO REDUCE SPEED TO AVOID CRASH,2.0,23.5,2.0,2.0
00a44c3062a47136c281163b1c183605caa955e03ad13bf754bffc7cb4d3d1bba320d47c6c2f59ed12dbb7857512dd290225254e8bd68ea1c4fa721a3d1d7143,RAIN,DAYLIGHT,WET,DISREGARDING STOP SIGN,2.0,50.0,2.0,2.0
00a458782c2caa9cb91ec08d9c52722072d86143716fc1602daece330b4d09c3985e8fe2d344968ee6846bd575e2aa812286ff61a51af16d54e3f0141f6d868a,CLEAR,DAYLIGHT,DRY,FAILING TO YIELD RIGHT-OF-WAY,1.0,62.0,2.0,2.0
00a4a565fb9df2e0c7ee06fb01b8674f295e91d483c9d5525c55f719de40d21aa937924b652a8834be9e6f718e18c6f1243e1b69275b001148d14de2b607b32a,CLEAR,DAYLIGHT,DRY,FOLLOWING TOO CLOSELY,2.0,40.5,2.0,2.0
00a4b6a74945366260b257671244cc9be35887f1de2345093c675b35b69def52c0042eb0740d71d7f46474008c4704fdaf5ee973606bbae07f490592912b775e,CLEAR,"DARKNESS, LIGHTED ROAD",DRY,"OPERATING VEHICLE IN ERRATIC, RECKLESS, CARELESS, NEGLIGENT OR AGGRESSIVE MANNER",2.0,36.5,2.0,2.0
00a4e5ef6b996c9da7ca7a37ba02a93b6aa9142f28a75af06028cd4a4730c4edc138a345ac1c9051369a160f64eb602c34e0d144e699b218793564f9e11eaf66,CLEAR,DAYLIGHT,DRY,"OPERATING VEHICLE IN ERRATIC, RECKLESS, CARELESS, NEGLIGENT OR AGGRESSIVE MANNER",2.0,43.333333333333336,3.0,3.0
00a4eac3e1a1c5fed3eef8b48592d4a66a97baaa8c7a8f725963d5bfbeb5a8ac7f8a4ee9f57d54d248b08530fbdb8fcf5089d20b0e84a072cff6a2538b8aab99,CLEAR,DAWN,DRY,FAILING TO YIELD RIGHT-OF-WAY,2.0,51.0,2.0,2.0
00a51176b85053426ce1ca66a1dcb85eeb202c5805e47d0f9aff956249c7d48ce70dc1b3cf41c9ac20022d0e9d405b55901097d17f34a809651c406731ceb505,CLEAR,DAYLIGHT,DRY,FAILING TO YIELD RIGHT-OF-WAY,4.0,41.0,4.0,4.0
00a519ec7b26298c60ce81154a6259caef20d9a614f80df5c2c3c9e6806af833fc8dc4e9da55dfaa765a9472109c22c86338480a29cae0c0089502a38d50d0b9,CLEAR,DAYLIGHT,DRY,FAILING TO REDUCE SPEED TO AVOID CRASH,1.0,50.0,2.0,2.0
00a51ac6d717589abe677ed619acb2918a9c11991fac1ff44af47900e8c8442a3782dd32fd93f150583bfe18053758d80437fbbe31d82b093a5ccb42cabc7c9c,UNKNOWN,UNKNOWN,UNKNOWN,FAILING TO REDUCE SPEED TO AVOID CRASH,2.0,37.5,2.0,2.0
00a5249ba8cbcb0303de0a8068d2506f7c459afa983167e1cb50d3bd61eed69642b821daaa9827cf46a73abdf38ca3137f61d3666dcac3fc09567727b37355b2,CLEAR,DAYLIGHT,DRY,IMPROPER OVERTAKING/PASSING,2.0,24.0,2.0,2.0
00a537db6c6b427770481437d7a2269fa80618a3ffd38200521a9c3fe38e6ba406f9f3b5ff9650008dfc7fc064e5964a9b02b7785bd6642dfbbdde443d50bc65,CLEAR,DAYLIGHT,DRY,"VISION OBSCURED (SIGNS, TREE LIMBS, BUILDINGS, ETC.)",1.0,56.0,1.0,1.0
00a5778a17acc8d08fe4bdc6c33f1b5fc55e12aed5832655618b9d4ca074c002b923e80505b91fd81cc98eb84bd6af68473e0d09742a0092712c7a67f2e724f6,CLEAR,DAYLIGHT,DRY,DISREGARDING YIELD SIGN,1.0,25.5,2.0,2.0
00a5a5eb2d694e1fd776fbc218b5f5c4be210e0d77423d86c03774ef2d35974f0573e5c617e730d1ff5535fd44e441f4b21bcc1eaf7b4608a98b12570382a551,CLEAR,DAYLIGHT,DRY,IMPROPER LANE USAGE,2.0,51.5,2.0,2.0
00a5d4abed9b4cc65e9a7e72933a383ce6c89dd0eede26e6f7a6fa9da8a9c498ee4667d4d99927a72e7550dc35a851998260bd6a03d24195d565ed8efba4beb0,CLEAR,DAYLIGHT,DRY,FAILING TO REDUCE SPEED TO AVOID CRASH,2.0,44.5,2.0,2.0
00a6046ea1cc08f126e3902ac3a8d8d0f042aafb2e4deb81a50e440204f3dcbd5c9553c73c533316a001737772920c0068a1d55d4e18a731d3e96bafd376fe46,CLEAR,DAYLIGHT,UNKNOWN,IMPROPER BACKING,1.0,58.0,2.0,2.0
00a60b701b14e1b4a2e28f9739b98abc2d8b0e6553165109593be1da3f75b7e183b2bab70ec1a8dc8c20a019afa499ebfc4720b18df47c8762d708f4ac34c0b0,CLEAR,DAYLIGHT,DRY,IMPROPER TURNING/NO SIGNAL,2.0,62.0,2.0,2.0
00a6232456d3ff2328d345faebe5ef89d80c5e981f0b34183452c65a03202ce3703efdaa4a9ddd119a1cfe226b474728338b91fa2e9f3a4f369adbd16c813ffd,CLEAR,DAYLIGHT,DRY,IMPROPER OVERTAKING/PASSING,2.0,30.5,2.0,2.0
00a627632ae7d257c6d2d956ca97e952790a67daaaef47ad06550965e0493b10bbe31652d157ab5be03d156ca6f3d8cd05e227a2dd11c33568ca381c1f1f3dd3,SNOW,DAYLIGHT,SNOW OR SLUSH,FAILING TO REDUCE SPEED TO AVOID CRASH,2.0,45.0,2.0,2.0
00a63f1e06368cf22f81814c780fa587184bccd75191400a917b6c9f4bd6af625885c72bfe80e0f1acc5d9d479f121a3022f92578471fd66ef53047a0cd05b46,CLEAR,DUSK,DRY,FOLLOWING TOO CLOSELY,2.0,30.0,2.0,2.0
00a65082f4fd89a64258b76dc6fa6e131a536536e12adeb9683f8cc653e8ea5c7c27a66cf0f2c5c945753f96a15026c4c42097624ddaa5175bab0b4af4e35801,CLEAR,"DARKNESS, LIGHTED ROAD",WET,FAILING TO REDUCE SPEED TO AVOID CRASH,2.0,37.5,1.0,1.0
00a6518b770199ae36b87b75bd1b49614a6b7f595e8d969f6b4a6f34d45a5716c946abad4df0a05804779fb478c9fec7c0e674f4bf3c9fce6465ed4bb4bce9a2,CLEAR,DAYLIGHT,DRY,FOLLOWING TOO CLOSELY,2.0,29.0,2.0,2.0
00a671bf5890d73c43f36f70d600a0e258dfd1ad0a58db3ae787b91bf2c29f65127dacff25dbeb77c1540ebdd85a86f93a1d166aebd1ce72a351ed81bb445701,CLEAR,DAYLIGHT,DRY,FAILING TO YIELD RIGHT-OF-WAY,2.0,40.0,2.0,2.0
00a677e90f36005bc3b0a35fa5059dc89e351876b9c97d468fd55eef572e742857b44409b9626687e0f27264e34f934e4f2cae3c455cb712c7612328ee8e765e,CLEAR,"DARKNESS, LIGHTED ROAD",DRY,FOLLOWING TOO CLOSELY,2.0,26.0,2.0,2.0
00a67fd28629d40e0dad397e9e21f7afe8d7b72cad208ddaec6ed1158b6c6ff35eb5854a18eb1ac91b5bbcbba92221fc26e752fcda70e5ab0cdcd153954ee1f8,RAIN,DAYLIGHT,WET,WEATHER,2.0,43.5,2.0,2.0
00a69082d9fe05abc2fcba7d2521c4415fdb551232d06c2a4e593c613f80dd2fc16116a2772a1ec8f4d79177f70fb6c5c6783927810f1c22c779061d4e1225b3,CLEAR,DARKNESS,WET,IMPROPER TURNING/NO SIGNAL,2.0,32.0,2.0,2.0
00a69fd1f0080dba38ae36f00edff2144f1be035eb7401fd520ccefb91eacec5ffd003259447ee9f764fb6bb803b0c6925886bc3da2d34d4188adbf447a6320e,CLEAR,DAYLIGHT,DRY,IMPROPER LANE USAGE,2.0,25.0,2.0,2.0
00a6e4d8604959ef8450da91442716fda6cf234d6c61e540e753fe5b251d123b9282d70c0ff20df0ce946a1b637394c2c9d23b5706b05ea1fb07fc3fb98d9d74,CLEAR,DAYLIGHT,DRY,UNDER THE INFLUENCE OF ALCOHOL/DRUGS (USE WHEN ARREST IS EFFECTED),2.0,34.5,2.0,2.0
00a6e6fb483bfc7eb3c722ec934731b049ea78157b6e8aa6edb40616ea4e2bc779d21376e86e0c53b60b074d0116630c3f09e1a1998e61ebdd2aca4c1258cd8c,CLEAR,DAYLIGHT,DRY,FAILING TO YIELD RIGHT-OF-WAY,2.0,30.2,5.0,5.0
00a6f944448d177ddee6ac049bc37919854dc0548f31e40c668a3eab2e5d976eb654668f4ddcbc49a5c86d5d907c5622b3732f27bb18996a8e211db0356c0a9b,CLEAR,DAYLIGHT,DRY,FAILING TO YIELD RIGHT-OF-WAY,1.0,55.0,2.0,2.0
00a7288f8c1657bbf4dd67b1dd37aed4983dc4af4772417029243ec040d741133bf801cbd7ef8767e51600c74a941dcb4e70d21c4b68ac9a3a949dfc8790edd5,CLEAR,DAYLIGHT,DRY,FAILING TO YIELD RIGHT-OF-WAY,2.0,60.0,2.0,2.0
00a73a608700e39889be013509d59c79db06cee964fafb3b8fb069c77976d8c42bff07e31f28c8eafc316676613f6f6140fbf674017f0da9b8bfd787a17d679b,CLEAR,DAYLIGHT,DRY,FAILING TO YIELD RIGHT-OF-WAY,2.0,21.333333333333332,6.0,6.0
00a73baa5eb79c81268309e1c87eff842cea8088607f8cb4662b1a65550dc243b5cfcdd710e34875f0a308e805b1964e1652ae684680f18eab17dd7865ff8164,CLOUDY/OVERCAST,DAYLIGHT,WET,FOLLOWING TOO CLOSELY,2.0,46.5,2.0,2.0
00a745569ce3c233cdfd5ac21e50ffb2a53223017081c2053fc35a35e3957420e4d4500e8d58f700bfa020ddd306aefb23ea205811259eeffa2d7ee58d917f6b,RAIN,DAYLIGHT,WET,IMPROPER BACKING,2.0,37.5,1.0,1.0