crash_record_id,weather_condition,lighting_condition,roadway_surface_cond,prim_contributory_cause,total_vehicles,avg_driver_age,total_people,total_injured
00a7844d592c9a1dbb0f68b7153112fac288e3ea0a410ad26ae67ed9195851540bc6134c3fbd0ea2c656055e5a7dbdd37cb460fea8b2802e936bcbf2d9100d5e,CLEAR,DAYLIGHT,DRY,DISREGARDING STOP SIGN,2.0,61.0,2.0,2.0
00a7a7213230cbb0f466047c8e27d229673376622c8b28c5ad80b41ff397c097ebe12b9c6040b6cb82e0b0e9a193727d2c71883e088528f9bfc39d7caec4ee84,CLEAR,DAYLIGHT,DRY,FAILING TO REDUCE SPEED TO AVOID CRASH,2.0,46.0,2.0,2.0
00a7b7c9b58bbcc082631a3cbbaa0f0c5cc47097cf62584fd5163d56772dd597750d6a434d54ea1e7acc6a87ffc31953de1940873a44e20071b2acc719a77d02,CLEAR,DAYLIGHT,DRY,FAILING TO YIELD RIGHT-OF-WAY,2.0,11.5,2.0,2.0
00a7bd41a7135979cd0b8cde5418e3ba698220a6fd525537614544ab2dce9cbb9e48813d8dad7291ca291a3d41569d539e26d06dba9475ced1164522e1d8eba6,CLEAR,DAYLIGHT,DRY,IMPROPER LANE USAGE,2.0,58.0,2.0,2.0
00a7bd93fee10563e44635ce8e977378d4bb3eabfa0aea9374b181283d98214c7b366e1cf12066626344b89b2fd9f72d7155397955c2bbed1dbdabeec4430ab6,SNOW,DAYLIGHT,SNOW OR SLUSH,WEATHER,2.0,26.0,2.0,2.0
00a7be4c8d4729d21a90246a77dacfbeb539c10474da59117b2a9e36128a4bf9f26b8dfc85adff7c1d5329e3d9a6dea5a5987bd30112da01104f5a0a24877ae7,CLEAR,DAYLIGHT,SNOW OR SLUSH,ROAD ENGINEERING/SURFACE/MARKING DEFECTS,1.0,31.0,2.0,2.0
00a7bfe50067eed5dca6a1238211e9a7a8248e05cf254e7bac8fe2bbaaacd6cef928c9157486dc38c75c4d82be621ce742bcb0887fe7ecf00a690b2572f278e4,CLEAR,DAYLIGHT,DRY,IMPROPER OVERTAKING/PASSING,2.0,32.0,3.0,3.0
00a7c53430ddcf712ab0a13eb596f0b2fd5b35afa34d8e155705c89ead053d630b407fb2a95222bacaadf862ecc2b26e79566b96e309d38d295ccac9a6a9e9f2,CLEAR,DAYLIGHT,WET,FOLLOWING TOO CLOSELY,2.0,65.0,7.0,7.0
00a7d4030e1274ae41b1b5c228f01c925709417be97fdea9b5746fc29c2d9554dca16d026febf060f52c9e2d5d86f50b3aa63a9a0e28f47e9710933293007bca,CLEAR,DAYLIGHT,DRY,FAILING TO YIELD RIGHT-OF-WAY,2.0,49.0,2.0,2.0
00a7e0b05cd2d895ae41a0af4cc21fe87331977e3a20d3433102947b8e443d98756d372d76f803413206c5fa4a6fc52cedc9f4d7cf2eb668cf1a065a53de3c22,RAIN,DAYLIGHT,WET,FAILING TO YIELD RIGHT-OF-WAY,2.0,40.5,4.0,4.0
00a80fec0c4a2ee6aebc2b42c23ff4b389f39a62e5a9a96c0f144b2141f016184d5ea246c92cf65fd2f770a533bfa571e9487c2f0a3acf19e74afb8855769ced,RAIN,DAYLIGHT,WET,FAILING TO REDUCE SPEED TO AVOID CRASH,2.0,31.0,4.0,4.0
00a84bb527610450da68ecd6de3cf8355e1fae916f8d9c79749ebe9516841e6ba61ab2bb6cd7ecb597627e0dd35aed78e4af6e510a76cdcaf3d3e4fe34e023d2,CLEAR,"DARKNESS, LIGHTED ROAD",DRY,FOLLOWING TOO CLOSELY,2.0,33.0,2.0,2.0
00a87625875d1a6f449bed85c31b174547f99bcfae9d692bffef5a17e2d64c8cd2ff0ee422c0e3c369649f2ed294364a3caff4f60eebc51b37c3e7341b33ec78,CLEAR,DAYLIGHT,UNKNOWN,EQUIPMENT - VEHICLE CONDITION,2.0,30.5,2.0,2.0
00a88c6ee1e5e95c30ae00037b066ff5b67c0119d6fe7ca6e75a2e20aef800b67dabed7c37d2fcb467c7da7fbf6760f0fa3f00a681ee6dbb50a437e1890fe787,CLEAR,DAYLIGHT,DRY,FAILING TO YIELD RIGHT-OF-WAY,2.0,17.333333333333332,6.0,6.0
00a88f11f342babba5ccae35bffd21a49a3b8423c2446b32dd308d379eb0d4cca1cca8bb732c3739fbcf4895b1aa99aa6f8366772a561daf2e9b5699d21d82a8,CLEAR,DAWN,DRY,FAILING TO YIELD RIGHT-OF-WAY,1.0,21.5,2.0,2.0
00a8a9a6cda942ed9cf9f75ac141676c78f88c509a1717e669f5a6d07fe828df216424cf868c14660588ea92279eab7047db52355527ef59cbb0757b2451296e,CLEAR,DAYLIGHT,OTHER,"VISION OBSCURED (SIGNS, TREE LIMBS, BUILDINGS, ETC.)",1.0,39.0,1.0,1.0
00a8c84b708e50c7b088b738ed7ad242d9f594e4287399ec8742a16f4400f97e25626ccebb9c05e44f591c547038973ce839cdc5d2f6b94ac19eaef38c7596f4,CLEAR,DAYLIGHT,UNKNOWN,DISREGARDING TRAFFIC SIGNALS,2.0,29.0,2.0,2.0
00a8daa8e402ff99b707b2788612d5e001fa7823439ce379ad07eec2b2e4f6c772d3a336db9a5d76ef7f51773ca2f8f2d665c0122b47e4ad9d404a6e8f7abbe5,CLEAR,"DARKNESS, LIGHTED ROAD",DRY,FOLLOWING TOO CLOSELY,2.0,33.666666666666664,3.0,3.0
00a8e1a1512aea20fb54646fc6390aa63ba6ca539114df36f44ec0ea566f5132fad187dc0efa1d1dfdc135f430212cfdbb10bb909c9ce2c68fb7c44b01dc9176,CLEAR,DUSK,DRY,IMPROPER LANE USAGE,2.0,53.0,2.0,2.0
00a904537b41dea5be43b1224735b56e350561a5f4cc9e804d46ef98e4aa3a4a60f68d7c5a3a7e91c9edd72d033298e159995ee4c39100bcc6920374660aa92f,CLEAR,"DARKNESS, LIGHTED ROAD",DRY,DISREGARDING TRAFFIC SIGNALS,2.0,41.0,2.0,2.0
00a908ac4bd7207890173a6ac1994f83af83df24aba75f15ab345170a730e98d2f3a2dc7beba8c1dccfe08b567242eaf297719f25ac4a025d269b7907e4af670,CLEAR,DAYLIGHT,DRY,FOLLOWING TOO CLOSELY,2.0,33.0,2.0,2.0
00a96956bf08ed19392debd2ec972eede77273792d5ce443dfc6eaefc0248681a9f06076bdca9474ed1b27fc81e0f8a4b63da5bf2a71d1a8a2788238b1005d68,CLEAR,DAYLIGHT,DRY,FAILING TO YIELD RIGHT-OF-WAY,2.0,24.0,2.0,2.0
00a97c93e0e29bd53af0ea926ac9b93c90ac6e19af3f7f21b6dfb03265efddf63c4b64e5304dd54d450e6fdff259b99f1e894a48ae61cfd0b953eea0b6c9434e,CLEAR,DAYLIGHT,UNKNOWN,IMPROPER OVERTAKING/PASSING,2.0,42.0,2.0,2.0
00a98885e141aefa5c302d0dd9ecbf924d5fc5b29e3414836607d91ef2aac484e5a18c55b3884ad7ae395e8cfa696909928bfea298ccbba2fc32edc32a4ecde7,UNKNOWN,"DARKNESS, LIGHTED ROAD",UNKNOWN,CELL PHONE USE OTHER THAN TEXTING,2.0,31.5,2.0,2.0
00a9a3fede434e8c0f6267ccdb18d929e811d686ae7c803325f8ab548b0911d9da8e61432062f20ff0ce07d55a150599234924e13581919cbf3a499c14362a19,RAIN,DAYLIGHT,WET,"EVASIVE ACTION DUE TO ANIMAL, OBJECT, NONMOTORIST",2.0,33.5,2.0,2.0
00a9cc088e443471fa67c787198f802775fd3736abca93d7dcdf3b090ee0218915f2f8ed50a3e036801606c9a44478e864f3332e16077383a464b0df853acf13,CLEAR,DAYLIGHT,UNKNOWN,IMPROPER OVERTAKING/PASSING,2.0,30.0,2.0,2.0
00a9df5346cc3ff7dea09939e2febc64bf6bf0a09229a03b590814ad47abfff1e84cf3cbe3ab3025fe451aa2cd633c680205d895916089589c9082914081ae9a,CLEAR,DAYLIGHT,WET,IMPROPER OVERTAKING/PASSING,2.0,14.5,2.0,2.0
00a9e3ef088e6a89bf1e242f86d16bca4d86ad12a3ddbe0d038a5e08cc8fe05e3910aba32af8bec59f6b35a2c960112fc3c88debe86824d2ecb6c7f040342481,CLEAR,DAYLIGHT,DRY,FAILING TO YIELD RIGHT-OF-WAY,2.0,35.666666666666664,3.0,3.0
00a9ec0896ddd89c3712184dc949c5ebfcfb2d69e637f58663d09607de4b53cda2f609b8973409c935b6a10789c7a3ef63debe5031dd3d492a8cc155d78d7efc,CLEAR,DAYLIGHT,DRY,FOLLOWING TOO CLOSELY,2.0,28.0,2.0,2.0
00a9edd54df6311529e9a3df1a80d1e847da130afd428c2917c1ca547d3ee93a32ea8d2c91dfef21615dc2e30c08c99f0451f9d7fa052f0f012c3e669d36485f,CLEAR,DAYLIGHT,DRY,IMPROPER TURNING/NO SIGNAL,2.0,34.0,3.0,3.0
00aa1bd959de1bf0b036c857d680be1219cd64ec5a0ac5b5b0c8ec51e30e2cf22f2e10fc553d2defe43633ff10a180b3b0697f8d19b99b4f0c776b5b47046fe5,RAIN,DAYLIGHT,WET,IMPROPER OVERTAKING/PASSING,2.0,26.5,2.0,2.0
00aa496fc5a12fc3feeb610857cab1c2751d384ffbefbb04ee78ea66986eb58d8cc7eb1f5ebb9bcbfb22ca007626f7ddff1f25d7910b0904f18c01cce4cc3a56,CLEAR,"DARKNESS, LIGHTED ROAD",DRY,IMPROPER OVERTAKING/PASSING,1.0,46.5,2.0,2.0
00aa6be7aba279b1f9147a1a1c3854df49ea8aa4ad3497195381804827501cc22b136b7e07165c4ad9aaa447e89ee24fd68c4398ce8365bfb1806837c762b361,CLOUDY/OVERCAST,DAYLIGHT,DRY,FAILING TO YIELD RIGHT-OF-WAY,2.0,76.5,3.0,3.0
00aa76be5d154aec5cf205779c3629ef3448784458219c6fd62eacdf85679d922c419e4103ad7d4859ceb568e015f268d67501b80f56e548affe2f4ce4e21ed3,CLEAR,DAYLIGHT,DRY,IMPROPER OVERTAKING/PASSING,2.0,48.5,2.0,2.0
00aa77eddff440cd3e72f887c6e1b91b72cd26f646cdf937e47cdf7b5e3fd54d4c613e63b84948bd001831b914e1d3a21ee21278f45346b7b971f442a9312ece,CLEAR,DAYLIGHT,DRY,IMPROPER OVERTAKING/PASSING,2.0,44.5,2.0,2.0
00aa78021098d4034adf5ae2b56acd467d31fd5809c7e19ddc21bd08635d2cf007ac8ffa5d6f33ed430c42f9942497126af91a714263c95e43eb5f609d434005,CLOUDY/OVERCAST,DUSK,DRY,FAILING TO YIELD RIGHT-OF-WAY,2.0,50.5,2.0,2.0
00aa8ba39ecb713fcd5d4a83591864d003df13de35e1b2f3cbe941dffdba83f5aaa7038068b1d92f2cbf112e8d137cb377d1aa34a1f5b5a1fee1e49bda40206f,CLEAR,DAYLIGHT,DRY,EQUIPMENT - VEHICLE CONDITION,2.0,20.6,5.0,5.0
00aa961c718ec2164b03516b33196aca53a465bd06b8336aa5aa0c0631ee48485fcab1371b09089b6a744f9937b49f857aed515ced5044f335c3aee958de8f1b,CLEAR,DAYLIGHT,WET,FAILING TO YIELD RIGHT-OF-WAY,2.0,33.333333333333336,3.0,3.0
00aaaee11b67299c432cddad34dd9fbe0692f3d8ce4748b31a05ab71fa118ca9afec446fae41d02e2bad49fdd9a2ef2f443f4f8910c138d37ed89624fe128b43,CLEAR,DAYLIGHT,DRY,DISTRACTION - FROM INSIDE VEHICLE,2.0,44.0,1.0,1.0
00aacaa33dc7055c507f8b423dfb4c1e23e944ce273af735f56eefe5a0481192566a5161b1a268432447f79a6ccf344147c40bc346621e0c007679c55f8902c6,CLEAR,DAYLIGHT,DRY,IMPROPER OVERTAKING/PASSING,2.0,72.0,2.0,2.0
00ab065f333f727b7e34a4deb29f5484dce87e3a349557af24ff4221f790baaa33f53a812dff5250365fa94585284259044a902b466da64e2181bd4a9621e323,CLEAR,DAYLIGHT,DRY,FAILING TO REDUCE SPEED TO AVOID CRASH,2.0,33.0,1.0,1.0
00ab2de6ad1fb7f93ac6f9496a7e5b683a510b101dc346af0243d61d8b97321eb7244d16de695d9ac3b819cfc23b852ee03bf1862c4796b5861c81bd94dbb30d,CLEAR,"DARKNESS, LIGHTED ROAD",DRY,FAILING TO REDUCE SPEED TO AVOID CRASH,3.0,17.0,5.0,5.0
00ab4b335dafcac27cc1cfd1aeb088598cfcb622155ad54c097c738b7a990062dc0ac7ef433f4d77931f20d661395b01686601035e58d7cbba2e68ff229d7ce3,CLEAR,DAYLIGHT,DRY,EXCEEDING AUTHORIZED SPEED LIMIT,1.0,37.5,1.0,1.0
00ab859693060ad3424929237a7c84dbd1d9cb2166f3147f6f52a00e811d037afcba80c93318af1ef7a66caf9c376f846abe03776d7e2344ae808c2d300fa185,CLEAR,DAYLIGHT,DRY,PHYSICAL CONDITION OF DRIVER,2.0,37.5,1.0,1.0
00ab8ac8f36049a8ecb4867dfb778314a8c7a9dca7c7b65f01d254e3f5206568b17098f9ce742ae98b44fb45c0a5ad685e1b622c5ca2285bb9991e237a568937,CLEAR,DAYLIGHT,DRY,IMPROPER BACKING,2.0,44.0,2.0,2.0
00abaa0a5af912d0a0b495421d7d7c1648dbdc6b7be3669df3a7210e9deff8eaa21a04a36dfb57a2bcfa046e5bcc705296be44e30d25b52fac6332648da62065,CLEAR,DAYLIGHT,DRY,FOLLOWING TOO CLOSELY,2.0,42.0,2.0,2.0
00abc77af8b0b6b713da4eb9521d73469b414205054b3c1c8e0810b063ab51958831b56cd0f11f1ae21ee03c2538a4938b305be67c9d8b78ac19be82583ee688,CLEAR,DAYLIGHT,DRY,IMPROPER OVERTAKING/PASSING,2.0,31.0,3.0,3.0
00abf4c29ed4851cbbf96643cc33af55bf37df591efee487e8759e694db0ef789b3edb8315ea771e62c22807366180629ec5c53a4bb3e5328bbe08431e914437,CLEAR,DAYLIGHT,DRY,IMPROPER LANE USAGE,2.0,57.0,2.0,2.0
00ac0ff4cc7eb625c696ff2f70a3a156368239ab7b61275bbaa32f52bc3f16ef7ce27763356c8ba8da2d98b4bd36f48e4ab33664ee3d27d617158157371a13e6,CLEAR,DAYLIGHT,DRY,FOLLOWING TOO CLOSELY,2.0,23.5,2.0,2.0
00ac1d3e5877c6e034168edae36418a7aef51f9eda047e73054d7aad60a3c21f39eff40cc1f99cb155a24bfad798d1b4929f374f5ca63d36fe43161bd6ea293e,CLEAR,DUSK,DRY,IMPROPER LANE USAGE,2.0,29.0,2.0,2.0
00ac351cc4bdd36ee3981f13ea7a8bacbba51063b33ac44463e407d9722efb1a47d5bf031f4d08f2ebdf13e5f7f04023af778c96f9f533a9308fc8dc249dcc6b,CLEAR,DAYLIGHT,DRY,IMPROPER LANE USAGE,2.0,50.0,4.0,4.0
00ac61b248a248ebf7c1b929dcd187054b9ffe3d1b4bd87bfcf30ef5a5d51dd209a5dc0a3fabc13a3818156bf6876395f0281fc0ad7643548acb6772a0f343d4,CLEAR,"DARKNESS, LIGHTED ROAD",DRY,FAILING TO YIELD RIGHT-OF-WAY,2.0,32.0,2.0,2.0
00acb0303df9280c79e98467543d0347f324711d5a4dd3cf59ea4211a57199b9e8a13fe0fcd8fa4113bf02ca38bd5302470a5412644516fb3df4d6376e49b17f,RAIN,DARKNESS,WET,EQUIPMENT - VEHICLE CONDITION,5.0,19.0,1.0,1.0
00acb36390ce26c488c74fe17cac1fd39a168bcf02d2081c7a38c1c06a52c88f138fa0b8cc9358ef893264793bffe36a87f3e1e0bb7eeb6d201d75ae58a8e67e,SNOW,DAWN,WET,FOLLOWING TOO CLOSELY,2.0,51.5,2.0,2.0
00ace316d19368f418780606e2b4bdca8d3d3ae56523dc2df7296e210e1e40ff0b0bfebe7e325a709835390b592cc20e7cc8767bc123289d7513b0c8d3cd400c,CLEAR,"DARKNESS, LIGHTED ROAD",DRY,FAILING TO YIELD RIGHT-OF-WAY,2.0,15.0,4.0,4.0
00ad56d8a41de0eeaa34cf71597d52b30f3622fc6d15e2acba4764b2d8b286d5b5a7bf24c00a5840bc4e08e95823e3767fb2ccb917adbb5009cb2961b4143f99,RAIN,"DARKNESS, LIGHTED ROAD",WET,DISREGARDING STOP SIGN,1.0,45.0,2.0,2.0
00adaae587bd288874fb963cc38cebca8f9f1519f58c945a12623c09d4f9fc6660898a23145e84269e7b1b8827fbc1fa80c3cdb593d7e177eb4af53479855e46,CLEAR,DAYLIGHT,DRY,FAILING TO YIELD RIGHT-OF-WAY,2.0,43.5,2.0,2.0
00adabafdd70a8c9af7fbd4b39171552f06fb460e9f3540808db12672e7382275d2b76eac05eb2b02464563c7205d137fcca49f4171fa9e8b24b8c2c4a2e98bc,CLEAR,"DARKNESS, LIGHTED ROAD",DRY,FOLLOWING TOO CLOSELY,2.0,41.0,3.0,3.0
00adae6cf8b5069435ad87d2c2fdb0463a147fdb889a0835ea4a13d3e5299fd39435cd265293833702696fc61ed1b265ae3967de9d2d3ed8505b817a929bf064,CLEAR,DARKNESS,DRY,FAILING TO YIELD RIGHT-OF-WAY,2.0,22.0,4.0,4.0
00adba463546e39ad74e89e3819385194ed68a58c867ad3d2b381114d722b5533c54940e5923d5d20d4c529e27e3a770b8e8697b8233ffdfd4937162830346bd,CLEAR,"DARKNESS, LIGHTED ROAD",DRY,IMPROPER LANE USAGE,2.0,24.0,4.0,4.0
00adcc8373e4f242ef56b885a4aba7bd153cc8adb73f5c73f2b41e85585150e05385bc0da4ded78f70f83a8aabfdd1626eec35c200ba63656443bf5683ef001c,CLEAR,"DARKNESS, LIGHTED ROAD",DRY,"EVASIVE ACTION DUE TO ANIMAL, OBJECT, NONMOTORIST",3.0,37.0,2.0,2.0
00adcd305933025d2be8d80086187be7a2f6bc103fc53e4ba3ecef07ac6193319cae21034f3898fb5e7f42bec820cf64e6ffedde1679f9e09aab75a7da45fc11,CLEAR,"DARKNESS, LIGHTED ROAD",DRY,IMPROPER OVERTAKING/PASSING,2.0,34.0,2.0,2.0
00adfdbada1ea2614b4c9f9e733e5e727085f9eebc87e47ad4abe258c8a105481f8569bda2d5b58dbfa28be1601fd2ddb5eae8ff173cfbff29778d0513768b46,CLOUDY/OVERCAST,DAYLIGHT,DRY,DISREGARDING TRAFFIC SIGNALS,3.0,13.5,6.0,6.0
00ae0fdeac92694f6f334ffb801d0d3b695c482e98a324fb1b1fca1677ff0a163145dc32e9f1ceccb48424cdf86cf17938e4eb047d5f239e5031d25205b9c524,CLEAR,DAYLIGHT,DRY,FAILING TO YIELD RIGHT-OF-WAY,2.0,47.5,2.0,2.0
00ae13a4798ee3365c3816d5a93faf759dddeff837c0a77dbc72846a942ccdb7856cbd19065359d05d19472eb5fd64e065aaf9b151a2a418dfb8c2a6c688db28,CLEAR,DAYLIGHT,DRY,IMPROPER OVERTAKING/PASSING,2.0,21.0,1.0,1.0
00ae2453e2fa4239304aabbe8502082c2462f3943db97afb4772f26282916e3b5305f9cfd0fdb0bd8f7cf7bd3e7e20f25aba4c0857c776cb0ec2f3a861001106,SNOW,DAWN,SNOW OR SLUSH,IMPROPER OVERTAKING/PASSING,2.0,43.5,2.0,2.0
00ae3e94892109ea23b0a15c0fdeeeb699516a7c5ff665b56b7d562ad25f5ac3bd10eafcfa5af322a860e730f7f0264102a579813a506e85cbaa2dff297dc63c,CLEAR,"DARKNESS, LIGHTED ROAD",DRY,"OPERATING VEHICLE IN ERRATIC, RECKLESS, CARELESS, NEGLIGENT OR AGGRESSIVE MANNER",2.0,37.5,1.0,1.0
00ae4948fdd623c8b06de786a41c7a6cc67ab2f29e54dc30500d2a3cdf4860ba51b7ce24fe8cecbee7634b74d44098570d806ac8b5acaaf11d0cff27625cf79f,CLEAR,DUSK,DRY,FAILING TO YIELD RIGHT-OF-WAY,2.0,33.333333333333336,3.0,3.0
00ae9a9a375e3cf5263a73a1375f35f762599b38f4918a8840432288ba46bef08d7db7a88c79045fbe3c2fa4dc59bac0f564c093caf7d73b0ac2aaadd8c94154,CLEAR,"DARKNESS, LIGHTED ROAD",DRY,FAILING TO YIELD RIGHT-OF-WAY,2.0,23.0,2.0,2.0
00aeb3be1eff8a784937c06dede2bc66e96d36c0e7e5666f9dc3c8e84306404518193088e5821095efa654c1f71f7589919ec770fb834d761930dd2b80d681bb,CLEAR,DAYLIGHT,DRY,FAILING TO YIELD RIGHT-OF-WAY,1.0,18.0,2.0,2.0
00aebe38bae303c88327be3f67762799f2b76676390b83dcd836485b31396f3dacd08c7aad6a5891b5414d237cb47b2c0faf8912cd9fa1bdf04181bc28fc28e4,RAIN,"DARKNESS, LIGHTED ROAD",WET,WEATHER,2.0,72.0,1.0,1.0
00af14e816e08480112ad6ddeab36a9a0e704122a4dd34fa075c13abdeb38f01f1752744d547a99d0bc2f18b00d65ebe3e0dffed32f4cbf258d2dcdb6f59fcf9,CLOUDY/OVERCAST,"DARKNESS, LIGHTED ROAD",UNKNOWN,FOLLOWING TOO CLOSELY,2.0,27.333333333333332,3.0,3.0
00af2009dab102e69dcaa3e78437b3b7d839d710d6f5036a267ac56e5c46c7bf7ef8cc39bdbaebbe1378ed3617f041806645a1d2f02c2766dc7ebf9a037d07f9,CLEAR,"DARKNESS, LIGHTED ROAD",DRY,FAILING TO REDUCE SPEED TO AVOID CRASH,2.0,45.0,1.0,1.0
00af2763a42b4487142947a7f0724950fa3dfe238fa25a95285de1a88ba2f75e34a51559a1df0a0ed2f025919e407c2aa16542f2e42f7c892599b5e60b5667d2,CLOUDY/OVERCAST,UNKNOWN,UNKNOWN,IMPROPER BACKING,2.0,31.0,3.0,3.0
00af664efe348a4f281d1e496a2243d25bde8adbd862cbaa66b65241bd12ab752d1ee427bebfd57069f3ccffd204bf4c7b7c9a0959ced872216989c9f9c424bf,CLEAR,DUSK,DRY,DRIVING SKILLS/KNOWLEDGE/EXPERIENCE,2.0,37.5,1.0,1.0
00af8697aa50a043b429f27021e554f17190aaf2632fafd71f00472d3d4f46404d1de7c9bbbb4bf79b6e7a13a08acc853103bd4d4e47763bdf0514879a40fdce,CLEAR,DAYLIGHT,DRY,FOLLOWING TOO CLOSELY,2.0,31.0,2.0,2.0
00af8dffe90961f8a577b23861e3ea81aa84dae68008747eed28c4868bbac4cf1246e22f891a2d6aeba55eef9f8538de253875a46263f0e74e73bad2c2d025b1,CLEAR,DAYLIGHT,DRY,FAILING TO YIELD RIGHT-OF-WAY,2.0,47.0,4.0,4.0
00af9d2cfe14317811512d78cbb0378e0bc8e9e6bfe235aa503824f7f38217f401b1f0b979f06f5c8e1e112e91b9ef7d1c60df269a66f25d66674449eaa98ca3,CLEAR,DAYLIGHT,DRY,IMPROPER LANE USAGE,2.0,39.0,2.0,2.0
00afa77dde0a94f519b48262e2244dad6c618bd41d129f3b3e469176ee563ac406f88c319fd2b0334f227063a8c2aeb5e2a5c1ac126d47ce9c904cf386ee8c8a,CLEAR,DAYLIGHT,DRY,IMPROPER BACKING,2.0,37.5,1.0,1.0
00afd0a0a118635eafc169eb9b91c5876f0f662497bb79809f4def7d93e8ca7d430602b481b120a666c5e13bc9c837ba24c71e7901c892bffd8647781fd592da,CLEAR,"DARKNESS, LIGHTED ROAD",ICE,WEATHER,3.0,63.0,1.0,1.0
00afdd27308a0281790a70e68ed7ea926cec2bd632551de0a12cd4eed7c88e699f823eabcc70bcf3ed0288f9dce1a577ea304075da00d47a05005928962e6051,RAIN,DUSK,WET,WEATHER,3.0,26.0,3.0,3.0
00b008d29a17b09f4bb435298f96024e1c93695f5033c6d54a76c932c076d5e9f77fdb796217a5f5b8b41cac7a3d80a9c88a524f59ef1d23c07f56bb70a223fb,CLEAR,"DARKNESS, LIGHTED ROAD",DRY,FAILING TO YIELD RIGHT-OF-WAY,2.0,30.0,2.0,2.0
00b01c8971e27bbda05670d9c92d84c6fd6a0a6a0909287264e1464c715a893a63366cdae47b9b968ebf45c38d94288815fa540957045e571cd0e8d06da7dba4,CLEAR,DAYLIGHT,DRY,FAILING TO YIELD RIGHT-OF-WAY,2.0,29.0,2.0,2.0
00b026929f9ca7bf6e9d02c9efbe41fff134e2cafe26d26296b76e5d853cb54f0bd95cd5e38ba16620b3b3a7e17719d9f758a6dd586d58a9b33816653d8dfb96,CLEAR,DAYLIGHT,DRY,IMPROPER OVERTAKING/PASSING,2.0,35.0,3.0,3.0
00b036cbe0d3c92ba70809392236002fc9f2c7576b20adeb1ed2452590850d5a1aa56e696956e0a672241a29db13ed783f40ad3ac4f639d784725c3bc58eb8f0,CLEAR,DAYLIGHT,DRY,FAILING TO YIELD RIGHT-OF-WAY,2.0,54.0,3.0,3.0
00b053cb88cf0b36b0ef3e6ce34ee36cb0ed4c644385827f56a6fc770f18ea8ae20e10d67645ee0703ebac4c2e31b73f6498e53b1d49752548f69f8438a37420,CLEAR,DAYLIGHT,WET,FAILING TO REDUCE SPEED TO AVOID CRASH,1.0,33.0,1.0,1.0
00b081b721935333da0978d3c9a2545cd76a0ad3b206299aa3876a3f686441273e85578dbd49f98c3fa9f2e89dc7b0efdfbf61977ac795f4b784943540c9db3f,CLEAR,DAYLIGHT,DRY,FAILING TO YIELD RIGHT-OF-WAY,2.0,30.0,2.0,2.0
00b0a70fc9e08236564b08cd464906eb5c25c9402f3b4e5f8dbf3de9eeab72167f1ec949e64b95bd2ea445171227ca5e139d2d8ed43f54cd1849ff3bdde958cb,CLEAR,DAYLIGHT,DRY,FOLLOWING TOO CLOSELY,2.0,54.0,2.0,2.0
00b0a749502ce32ec27d568966a34853befe23922ac04fe20e8f04ebf1081efb123f39ffa3288c6830179fe54c0b28156258f0e963eacb69de4ce35c6b5e5b2b,CLEAR,DAYLIGHT,DRY,IMPROPER TURNING/NO SIGNAL,2.0,46.0,2.0,2.0
00b0b9c088e6c9ad65cfab8e055ad8b9fe7f463f52108439e7273b34fa52b17577de3209aec3703669980edfba32732663b99aa8e24a0ef95f1c07582f56d333,CLEAR,DAYLIGHT,DRY,IMPROPER TURNING/NO SIGNAL,1.0,22.0,2.0,2.0
00b0bb1f03313400864de9a942598a31f3b7dfdfb89bbd8cfc15b2a059156673d392a874803b7db668a6f497feb7af2046d6414e634b56148e778b0310883064,CLEAR,DAYLIGHT,UNKNOWN,DISREGARDING TRAFFIC SIGNALS,2.0,28.333333333333332,6.0,6.0
00b0db5c1609043908ccd9981039677df80af622860ca1990029d54188c8c82a9588eb71bdee1c2144a33b16f4f4c4fe20198dc3999bd03c07e65aa6e13d864d,CLEAR,DAYLIGHT,DRY,FAILING TO YIELD RIGHT-OF-WAY,2.0,37.0,2.0,2.0
00b0e810a3c2af6a4bb6482155fe2f29f68151856b403aa9670cfd3d4a8a4e71898b63700d4acecfeb55472e5b613755f0d6cd97b0e1a4a7fe0eecb9358ec389,RAIN,"DARKNESS, LIGHTED ROAD",WET,WEATHER,1.0,72.0,1.0,1.0
00b0f8c5646aa02b1ceb7736c148eeafda6fa1d839e635243a9690acbaab2fce17c48f99475a8dedcd5697fc3e8916f8d6245ba65a9c5472948423b2aa391a3f,CLEAR,DAYLIGHT,DRY,FOLLOWING TOO CLOSELY,2.0,47.0,7.0,7.0
00b123bc4bca668f036597640adb71bb1c75b41a5ee750ff44ba4759aeb08344c3d1082bdbdd059e764a26cceaa1ff6fecc33dbb124e7d581180fe5f53f5c56e,SLEET/HAIL,DAYLIGHT,ICE,WEATHER,2.0,40.5,3.0,3.0
00b12e1201c95c09ecbf75b186d4bd282200bb27eeb1db0d72a6ed14db7a31dc93d24d97b5970e82340d378fe4499a6b64794ddd0b514694cb3f4664a6dc37b8,CLEAR,DAYLIGHT,DRY,DRIVING SKILLS/KNOWLEDGE/EXPERIENCE,2.0,43.0,2.0,2.0
00b1394fc6c298ac45dede00ef0bbaae6bc9bfda1e41d7e628bc0f1500ee1a87728945f42665b01c06194bb3a451ff2fb629bd176ce7467cbba22bed1843ad09,CLEAR,DAYLIGHT,DRY,IMPROPER TURNING/NO SIGNAL,2.0,33.5,2.0,2.0
00b1437dbd4e79f6e4bf13855d1668a052e464aaed47cb180a1f244a67c561e13b92afe2eb3f456e1b4a2e8363f2c0aee8724d2c386af8a21065227f990aad67,CLEAR,"DARKNESS, LIGHTED ROAD",DRY,DISREGARDING STOP SIGN,2.0,28.5,2.0,2.0