crash_record_id,weather_condition,lighting_condition,roadway_surface_cond,prim_contributory_cause,total_vehicles,avg_driver_age,total_people,total_injured
00b1ae7a49eebfe031548de33a338e0a95220a406d7dd2ab1ff582b9d9f00ec361c4cedda0d9b55cbf1efb14479c95071c912c99560c6484dd6d4022e09fed8b,CLEAR,DAYLIGHT,DRY,DISTRACTION - FROM OUTSIDE VEHICLE,2.0,70.0,1.0,1.0
00b1c9e040d1ab589d35dff7234f2934bf5d799d051475ef86ff1763371d51edbed4318ee9a211e691af03fabe8ea4b211fb34afa49a79f6dc83499b247bc0ca,CLEAR,DAYLIGHT,DRY,IMPROPER LANE USAGE,2.0,41.5,2.0,2.0
00b1cdc28778cb38f57080c0b6babd0e63d9262404f09e9cb4f54ceb951fe21bcb568feacbe05e42978d38bca8667ff91c84810d0cb02e7ef6a63f4fcfbb315a,CLEAR,DAYLIGHT,SNOW OR SLUSH,IMPROPER OVERTAKING/PASSING,2.0,33.0,2.0,2.0
00b1da806e6b53aaca0516f49e4fdfad7283ec974a42d15a38e0994b00a949630f71e919e4a0b97dace6256c6187f4ebb9f808ab98bd7be31595b9050c07d0cc,SNOW,DAYLIGHT,SNOW OR SLUSH,IMPROPER TURNING/NO SIGNAL,2.0,56.5,3.0,3.0
00b20313b3291d7cff41883a1b24c323223d6e7beb1594e3a8e6c096702153e5dc3a157194d5817ea3a4d21357d5ff8b7ba81dcb4692e261d8dc2deedefcbacd,SNOW,DAYLIGHT,SNOW OR SLUSH,IMPROPER OVERTAKING/PASSING,2.0,33.0,3.0,3.0
00b24bd7ea6eca7e2d9ff61868f41743a8ebe1d48176f752b4908963829631d4f11a64e6300e2291b732a23539c6df0e91c76f3732e105e2bdee378107da22b8,SNOW,DAYLIGHT,SNOW OR SLUSH,EQUIPMENT - VEHICLE CONDITION,2.0,46.333333333333336,3.0,3.0
00b290cdd673b2a226f0b0e5ceaeebdd319393c8dcaaa798791e65c5b5bec2d9b59e8525a3fe58dbec05f558d247f6a44ef15a4ee6e8c94bdab85c397ea73264,CLEAR,"DARKNESS, LIGHTED ROAD",DRY,PHYSICAL CONDITION OF DRIVER,1.0,47.5,2.0,2.0
00b2a4da9fc2476752e43cc994c3f1b41c2782c2c8a5e476166294317887f3ad36fe04bee3fb26a6e0b0e41ea853948caf1d4efd70766e0bfd3555fda533d208,CLEAR,DAYLIGHT,DRY,FOLLOWING TOO CLOSELY,2.0,17.5,4.0,4.0
00b2cf9d1598ed83bfac57741caa9b6e88c51dc898938894760fc75dc88b85bbbfec886fd48571e899abacdf86b5fbc9c442fb8be8b3dbd225234e4ee8b5833f,CLOUDY/OVERCAST,DAYLIGHT,DRY,IMPROPER OVERTAKING/PASSING,2.0,23.5,2.0,2.0
00b2d18990f3507c588bfeb2b220d48687bab363d86d60dbe35215cdf8ceabefbb76b34a5106d3ceeb214efa7f22b32e5612a055ec4b697e49a18c42132731ee,CLOUDY/OVERCAST,DAYLIGHT,DRY,IMPROPER LANE USAGE,2.0,34.5,2.0,2.0
00b324afe8090864ddcd6549e0bca3c3a4187981d5c17a2c326e55ebff65f17f4d5dee798a466dd5e832438cb458d908770a983bd7917841b999b1146a0368cf,CLEAR,"DARKNESS, LIGHTED ROAD",DRY,IMPROPER LANE USAGE,2.0,42.0,2.0,2.0
00b32d9ac6eb9eaabdb203dc25309a799f4313a0d1525e8e91171ecb7b1abab4abd0a028e0b6d50a5888a02f9ad9fb27939cb0e417b729b7325e89e9e91c2716,RAIN,DAYLIGHT,WET,FAILING TO YIELD RIGHT-OF-WAY,2.0,31.0,3.0,3.0
00b33432c76f7f91352ad169c6b003af15c1bce1c8f3a81e1c48f90e01e33bb5bf8bab0d6b63da1275b29db36d159f709646728b083095452bd017a6ded643f8,CLEAR,DAYLIGHT,DRY,FOLLOWING TOO CLOSELY,2.0,37.0,2.0,2.0
00b336197b54248b134548f9b90a781e634dc822aab2065c3bf5ac179c8da9bc42a446890bb76967646ad468df2ebd2b312f4be747f41d73fcf1b2796f496403,CLEAR,"DARKNESS, LIGHTED ROAD",DRY,IMPROPER OVERTAKING/PASSING,2.0,36.666666666666664,3.0,3.0
00b35230f9c641b696c779472e4730e6cd2abaf41d9595d5443f71abcd6a874c01ec818ae2c4a907bba4f06279fc03a1a59f06e1876994fe5970ed9f25a1685d,CLEAR,DAYLIGHT,DRY,IMPROPER BACKING,2.0,33.0,2.0,2.0
00b398c4030744ac730a2fe8b1a987cd1d9b7dd9732afd89df509a7c75b6200f807ebe6b87f8489b611d36c70aef9b8e50f01514315e2a660a998822a4f5b5dc,RAIN,DAYLIGHT,WET,DISREGARDING STOP SIGN,2.0,18.0,2.0,2.0
00b3a57ea1d6f48031c2ae2dd50313a787e3a6e78e0991391ac7164b1c745aa0ef39bc1e1737aa606b6097c171076833b8dee32d25157842ef73cc4d4aef70dd,CLEAR,"DARKNESS, LIGHTED ROAD",DRY,EXCEEDING AUTHORIZED SPEED LIMIT,3.0,28.0,1.0,1.0
00b3a580cb9da37d277a76b4e80d330fa868f7c4ad411886293021861239c834066abdc6692c6a552fc44e3a8f9da8ad370a8450d09e25cda4ae5cee75269081,CLEAR,DAYLIGHT,DRY,FAILING TO YIELD RIGHT-OF-WAY,2.0,26.0,2.0,2.0
00b3b2a0d462751be43963e6a2792cf49c0337bd7e9356eb7b284ae7c717add40a87e3fe1810992b1ae62d24ff0bbfb2edc439f94a676d02bb59eacc4bcd9e74,CLEAR,"DARKNESS, LIGHTED ROAD",DRY,IMPROPER TURNING/NO SIGNAL,3.0,57.0,1.0,1.0
00b4180128734f82eb8d5c3de94a4f212b409b5e404ad448e805e5d40e8b60870705fdafe546027fd61bbe4ff9fb40701987f0ad910b0c0d72c831ebbfdf9bb0,CLEAR,DARKNESS,WET,FOLLOWING TOO CLOSELY,2.0,29.0,4.0,4.0
00b42c6d299f4d62fc7efd5d36de9525b483bfef00f76545fa500d588443fea119455782d987c39454bb5740e0936210934074ee8fb8caa225401ed09fa6699a,CLEAR,"DARKNESS, LIGHTED ROAD",DRY,IMPROPER TURNING/NO SIGNAL,2.0,57.0,2.0,2.0
00b4379feabf33b2b58fa6203bbbbc90446ac6e93ea4341c3bf695ea9fa89785746861c416881d82a86437d26cf87edae034b5d1ed76ed4eb1442badd64d2ee6,CLEAR,DARKNESS,DRY,DISREGARDING STOP SIGN,2.0,33.0,2.0,2.0
00b4457f9a30d558e27f157fab5658f27d905ac66d274ddfa84c73d7e8ad75272641f0a540acc2bf92e0b8090dcb89cf4df0390cace719545a5b278f74048b70,RAIN,DAYLIGHT,DRY,FOLLOWING TOO CLOSELY,2.0,35.0,2.0,2.0
00b464a5bc9bef378b62494f3111aeb9b3aaaa67d7e973c42f742623a82b52412a03997e716f187edd94efd4d9625c276ae9506a2ec44b6945d1a00dc7dcbfc6,CLEAR,DUSK,DRY,IMPROPER OVERTAKING/PASSING,2.0,27.6,5.0,5.0
00b478ef958ca286131986e295b92d63bc807c9a41e970c7e5d21e7538989e6988cdfe32886f0240294237e25ffcc2bc41f9c0e910a5a2531096866aa39fdba6,RAIN,DAYLIGHT,WET,WEATHER,2.0,56.5,2.0,2.0
00b47af386abc56a54f782b42c749026e1cd3005305e174fb739bf6c7740d344a6137ba3a258effb4451185a52586e6d41ac1ccf735b912e6cf36b5ac00d220e,CLEAR,DAYLIGHT,DRY,FAILING TO YIELD RIGHT-OF-WAY,2.0,20.5,5.0,5.0
00b4b2984a5867ce9fa59216ea2236e54ec34a926520058606a9487e361064f3d4f362896ec0f74e01240fa9b5af9f3d05bf53272fed07e8dc27d14c925fd561,CLOUDY/OVERCAST,DAYLIGHT,DRY,IMPROPER OVERTAKING/PASSING,2.0,58.0,2.0,2.0
00b4b3f07abfaa7a67c5d74ef127df37968eefd07e8eb95e2cccec279e28b6fcc7909f24fc5e811b76770d443832b0d6b4edd77cb4ba51c36ea3572aa081f611,UNKNOWN,UNKNOWN,UNKNOWN,IMPROPER OVERTAKING/PASSING,2.0,57.0,2.0,2.0
00b4c6d8a50007727694c02ceb34239b6a3c127c5d61f878a93e85c240b0ed639acfe72ed094f17fa971d7b3d208001939c96f59b270836b23c953f2fb6d6c53,CLEAR,DAWN,DRY,FOLLOWING TOO CLOSELY,2.0,56.0,2.0,2.0
00b4ebff02aab1f8918c8f3a8b52ebf6590ca3d579c3d719ffd93300f380b747c977e41172d4a38c823bc9869774688e94f9c725dbd927c3eb7504752a3ae343,CLEAR,DAYLIGHT,DRY,DRIVING SKILLS/KNOWLEDGE/EXPERIENCE,2.0,35.0,2.0,2.0
00b5075f57a13f0a17d79dc28834106fccad55b66a2227251cbd2966ab0e65da5914c8936f2b0dba7fc465cf980cd9c24f3925b5b148b134a09442a682c1755c,CLOUDY/OVERCAST,DAYLIGHT,DRY,FAILING TO YIELD RIGHT-OF-WAY,2.0,20.0,2.0,2.0
00b5128c9255525090340cd43eee22a3b74858e78f47ec8a9721b447654e9975069042f51b4128c108f5bafb8f244a0b0e3f8f98fa9df68ee0ffb135341a056b,RAIN,DAYLIGHT,WET,FAILING TO YIELD RIGHT-OF-WAY,2.0,32.0,1.0,1.0
00b520583d2eb1cca1c8987f8f86008067ba7963fe219c1c2b34042b5739c99f3e6625e8ce2c7cb4af1a657b72d213fbd979bcca59ef61a5934fc85918e3df2d,RAIN,DAYLIGHT,WET,IMPROPER BACKING,2.0,64.0,1.0,1.0
00b55a44c71be691689568c19dd91c1164858325b9f210e80f03d4e7e6147f1e0a616429f38a3c1af7b269d5f60db13bb45ca85ef398bd0d95c8d204b8c71e1c,CLEAR,DAYLIGHT,DRY,FAILING TO YIELD RIGHT-OF-WAY,2.0,25.5,2.0,2.0
00b584c66afc76b944d828155f0cd54298ad24e05a1ab03fb4be4ab05641bb512aedc053f274f7a122b7919eb07b1596f9845f1ddf33e5020917f0082f3110bd,CLOUDY/OVERCAST,DAYLIGHT,WET,FOLLOWING TOO CLOSELY,2.0,30.666666666666668,3.0,3.0
00b5a9e2135835a73c8a96ce46ddac19febc23d579d0dcdad3a5b755642dff8c97c5b82160ef3794aa08ab959c06c34b98f3fcaa9d292788491a6d783952e868,CLEAR,DAYLIGHT,DRY,IMPROPER TURNING/NO SIGNAL,2.0,30.5,2.0,2.0
00b5cf337dcfbec5b6bb69bd5367253604df0fde37a95d51adedc76514b9f7cb640ab95f0b5b7477d21c4ae11c6512299c134a9d00e1dcffe745a360499fef58,SLEET/HAIL,"DARKNESS, LIGHTED ROAD",ICE,FAILING TO REDUCE SPEED TO AVOID CRASH,2.0,24.0,1.0,1.0
00b5d410cce3639d69b44dfb2272223cd20c3696feb0eb78fa1775b80715c610a9b89c68ef5212587eb57eaa806764d753eba0936f8a6c16120fb1f8e2c5c3ef,CLEAR,DAYLIGHT,DRY,DRIVING ON WRONG SIDE/WRONG WAY,2.0,42.0,4.0,4.0
00b5e6a4d11849f69be2d795b7652604f0247f7a6c6abb4362fe3158d19a773ec59e4bd2cceaa5608f46d6d0f20911d7e112b6b15401718b6e682f6dac4470ea,CLEAR,UNKNOWN,DRY,FAILING TO REDUCE SPEED TO AVOID CRASH,2.0,49.0,1.0,1.0
00b5f4706f4a23f1fb305039dc3dc59b463ba8e565f77f8c68fe8e6e10d719ee3d7b2d72247614de7a9c1402f09cf1f4c9599e11cdafe86ac68b9438ebf878ec,CLEAR,DARKNESS,DRY,EQUIPMENT - VEHICLE CONDITION,2.0,20.5,2.0,2.0
00b5f4eeb2f07318b28c96d5eba1583c052798bd5a24314da3004c3c3ae9935e3fdb3c6dcfe8267fba6c0131b2ddc61cb98f1b47c424d7faeedb10e60dd7ea7b,CLEAR,DAYLIGHT,DRY,IMPROPER LANE USAGE,2.0,36.0,2.0,2.0
00b5f91c3e3e304b4c386148e096eb77bd07dbcba355b871c20417aed0dc2277e6408f25c9b05222136ede717cd6819a51afc2254e756e7cd28359ddde28b254,CLEAR,"DARKNESS, LIGHTED ROAD",DRY,FAILING TO REDUCE SPEED TO AVOID CRASH,2.0,43.0,2.0,2.0
00b5fb5b1034dc03d8c4da3d9469ada191feb5bde111e98c15baa48c6feecd03392d73f87bc631e870e6cffdfbc09f684ab9ad4c95a21739e5c25a74dd01956c,CLOUDY/OVERCAST,"DARKNESS, LIGHTED ROAD",DRY,"OPERATING VEHICLE IN ERRATIC, RECKLESS, CARELESS, NEGLIGENT OR AGGRESSIVE MANNER",2.0,29.0,4.0,4.0
00b60c3c923e28d4fb7080458cfdaf3dbe3c3580fe0d0ff90a95eada107d3aab9ec89a9fce11dcddf4e7013ec839e0b437cc4b9e15bc6c488f3cf5b0ff425683,CLEAR,DAYLIGHT,DRY,"VISION OBSCURED (SIGNS, TREE LIMBS, BUILDINGS, ETC.)",1.0,33.0,2.0,2.0
00b622fe07af1d691015fc88b24fd7f24ab2ff3fc0ef75dee601556fc84408bad1be9840f7f56704c0591ea1434d81fdc179894b80182e04eb2be05658776672,CLEAR,DAYLIGHT,WET,IMPROPER BACKING,2.0,31.0,3.0,3.0
00b630d3081965e819773fe7a1c970801bf81f2c7da918b115c331a5ecd17a1e253e6774e96a65b03f8c9b05702e03b425d716ecad14388a244974afdb08437b,UNKNOWN,UNKNOWN,DRY,DRIVING SKILLS/KNOWLEDGE/EXPERIENCE,2.0,33.5,3.0,3.0
00b635d9fe8933e7d8c8bab5fff19eb48263490a9dd312b69569f894839a69395d2e85285dc2ea06b191c7ff65d4e10a2147f0e8b5e342e315e89fb92bae2732,CLEAR,DAYLIGHT,DRY,IMPROPER LANE USAGE,2.0,42.5,2.0,2.0
00b636795fbde80ecbce5772bc28e7a7f6ccceff7bc01fe4aaab5b727718fecb724ebfa4bc878f77b3cb12200b1d0953c82c4e9da96ccaa5ede4348f776f318c,CLEAR,DAYLIGHT,DRY,FAILING TO YIELD RIGHT-OF-WAY,3.0,29.333333333333332,5.0,5.0
00b655b74e9b8eb23628150faf62c55c25731eed562c2b0f0fd09eb71ebb1b99fa964ad37a19a5e431f79e51450960fc24844b5d55ccf08381403ac0c7bf9f71,CLEAR,DAYLIGHT,DRY,DRIVING SKILLS/KNOWLEDGE/EXPERIENCE,2.0,37.5,2.0,2.0
00b65c746467a23b15402eb1403aa1c0d63439947451f339c9452ab2916471a7aac52276e51e302319da75b6ea893bbd7a48ce1de09b7a49990302c028d81e02,CLEAR,"DARKNESS, LIGHTED ROAD",DRY,FAILING TO REDUCE SPEED TO AVOID CRASH,1.0,41.0,1.0,1.0
00b68beb17096a0693a305f89deadf13225c690f5feda8bd6ac536378db06c005f9e944525f3d28406979800763896506f55d34a9ee11fd3459dcf9def2ad2af,CLEAR,DAYLIGHT,DRY,FOLLOWING TOO CLOSELY,2.0,55.0,2.0,2.0
00b699e4fca7ff12cc4839202c93c99ef5108a13c2bae58e62f8919fe5153f3c3393821caf3e26d3470e6185ae25c958bf8edd1170c9be2ab3d3f484037d14cc,CLEAR,"DARKNESS, LIGHTED ROAD",DRY,IMPROPER OVERTAKING/PASSING,2.0,37.5,1.0,1.0
00b6c2fe5cc6731a13ab89a7619fe20eeae058baf0f37d60ebb84e81f7c2487f220292274fac04f4aa4a4da7ce6677dc904cfce4732fe62404a8d01c67751d51,CLEAR,DAYLIGHT,DRY,DISREGARDING OTHER TRAFFIC SIGNS,3.0,28.0,4.0,4.0
00b6ccb40e1cae0a6b18bb6e5240fdb5b7d1e0fd2028c320edb2b8bf505c3cbb1a39440868a2bbd66b805e1feb45a32c9624fe2266286db6336857675b27a272,CLEAR,DAYLIGHT,DRY,"OPERATING VEHICLE IN ERRATIC, RECKLESS, CARELESS, NEGLIGENT OR AGGRESSIVE MANNER",2.0,32.666666666666664,5.0,5.0
00b6d1b9d56e89c4db6bc8a39269d671a311be8cb41813c13168bad2cde020eec13f69d5ae3c3065fa33047eead8115cd6740ffd598a8b9f1d962b1584a6c1dd,CLEAR,DARKNESS,DRY,EXCEEDING AUTHORIZED SPEED LIMIT,2.0,37.5,1.0,1.0
00b6d339c89af8c63b61e03804ea65ae59e0c31b34124b6c4f08f5e1921fdb21df9c8f253dcbbb3e1bade73e2dd28ea6535c55386e86ec140fcf10021724dd2d,CLEAR,DAYLIGHT,DRY,IMPROPER OVERTAKING/PASSING,2.0,37.5,1.0,1.0
00b72ac4e1526e5db67dc14cfb50c238f60616c029f1e71e030dda3557fcc58f1d330842d0bfc29d1417a7e858fb75c03a4ae3824e50b111549b66dc873ad06f,CLEAR,DAYLIGHT,DRY,FAILING TO REDUCE SPEED TO AVOID CRASH,2.0,23.5,2.0,2.0
00b755c7f5dfb2694c772347f7c9c6607cc3f56a38607536f14b31557251bf91f5ef5665a74cbe9fad013bd81a949876c3417964db4652bad3764f35d77c5255,CLEAR,DAYLIGHT,DRY,IMPROPER LANE USAGE,2.0,56.0,2.0,2.0
00b767f1a691890df00512e3b05663fc5016fff2ad1a3ffa0d79acc60035ddf33f95b4391c2b7f30d7b796f2700465c5306c755e8be6fc1df1c90cd46c2dfdec,CLEAR,"DARKNESS, LIGHTED ROAD",DRY,IMPROPER OVERTAKING/PASSING,2.0,26.0,3.0,3.0
00b778b530756729a8a88f7c272cc80e3d67a408171689c6720e39c79a6e6ffa8345361fb1ad04aeb1ee05cb67f84e567b28420fc469d946f86eab1039b875eb,CLEAR,DAYLIGHT,DRY,FOLLOWING TOO CLOSELY,2.0,32.0,2.0,2.0
00b7a4e1b4ec9acc282a6125c2b5e1392cbdb7aea76d4e624bb8748c5c13037e6721fcd765593fc7e661f96a46aae4310d49cc2e93ab8dc1e52463a71cebb8cf,CLEAR,DAYLIGHT,DRY,FOLLOWING TOO CLOSELY,2.0,52.0,2.0,2.0
00b7d0e10699994bbdc15b55af91737c7e20bafb93141a9c337169b7da48a1cf23dce22f266313f88eb7fbc6e0f1af411046292ec27a4fc6dc35b02afa8baea6,CLEAR,DAYLIGHT,DRY,FAILING TO REDUCE SPEED TO AVOID CRASH,2.0,23.5,4.0,4.0
00b7d651c03b3c4df2fa56549f48009d931f43059b761a5ee11ac315d6ae4e579cdd2ba1651680f1ccf431139ec699fc6473dcae9c36c7a71c5a9f42f72eb90c,CLEAR,DAYLIGHT,DRY,FAILING TO YIELD RIGHT-OF-WAY,1.0,53.0,2.0,2.0
00b7e5912a49352044083958fcdf6130f6d30ccb1e4b7dd03457fe0de89bf3e03f42bd8602d0390bebfe31784e36f10c61c84b99523fbffa5b175133a88c0410,CLEAR,DAYLIGHT,DRY,EQUIPMENT - VEHICLE CONDITION,1.0,22.0,1.0,1.0
00b7ea09cf1dc25c24d1244252def181c322e06b917ef7b60b3cc0aa226c1c83a71089f4d6d87854965fee057344b19d47a9870aaf0d4134f8355910f9750301,CLEAR,DAYLIGHT,DRY,DISREGARDING TRAFFIC SIGNALS,2.0,49.0,2.0,2.0
00b7fc8cdd9f9011f3df63a6e50acd58cb41110e147778d06c622e3b46e2af4afea6dadb314e1aa2096d35d611fa0a3d88bb43fc8d790dd158d803cc2eefa96c,CLEAR,DARKNESS,DRY,EXCEEDING AUTHORIZED SPEED LIMIT,2.0,37.0,2.0,2.0
00b8296fd8d9d99691a7e1fd653776c1ed0f80437b451463422dc5df3b05ed504abfc524c7ae555bdc0465da0efe0ef3d018ff47c956bd2dac23de436b406818,CLEAR,DAYLIGHT,DRY,FAILING TO REDUCE SPEED TO AVOID CRASH,3.0,30.5,4.0,4.0
00b83985bb300443d8b7a7b35cdb6cc7f87f232400ca0b6df13ac3db5a1c0d384f4a3618e742038c1c7472d9d9bf73efb890ee9c65e1f2b7e6f713c6edfa1c9a,CLEAR,DAWN,DRY,FOLLOWING TOO CLOSELY,2.0,49.5,2.0,2.0
00b84260331ff31946e3b09bc7804927fa184ac9fbd9d82f4dd544b0670ee253cca8a57c4ebc1eed2dfc6e5fa081e71e06859af6b3583dd6f07c5b5a59f73575,CLEAR,DAYLIGHT,DRY,FAILING TO YIELD RIGHT-OF-WAY,5.0,33.36363636363637,11.0,11.0
00b849119555aca233d43584d402300be646beaf77648e561b9b27d663fbd29fbe20e290f242bbfaa28cefaeb965e55fb1bd35644aff7ec77feeee888cb4d5ca,CLEAR,DAYLIGHT,DRY,FAILING TO YIELD RIGHT-OF-WAY,2.0,25.0,2.0,2.0
00b85cda4dca8495a337443db563b58413712de353b9ecd980022e19c3dcca72970afd97a8571e4b8e1e31d6809df1877f13b8ef54eaff2ec78cdc7098cfe1c1,CLEAR,DAYLIGHT,DRY,IMPROPER OVERTAKING/PASSING,2.0,30.0,3.0,3.0
00b87e90249ec58a2ffe301548cddc707854f4015a3c1838b6618e83378e384a675ef09ff422b211a48472f324416c903e9e5ceef8634444e4f85a821d9e84af,CLEAR,DAYLIGHT,WET,WEATHER,2.0,42.5,3.0,3.0
00b886fb99f23630818d92d78e07fa41527c7828b56d3427f5e3b3ea156605c5cc185384661a47d378a32f6fc573767745bfa1f07ffd921fef6b359f5819da95,CLEAR,"DARKNESS, LIGHTED ROAD",DRY,FOLLOWING TOO CLOSELY,2.0,32.0,2.0,2.0
00b888b845ad662170fd438f34cda36094e826cda93f8cb41651cd8f56a304a5b0c8c798cf2d59884649bcf7ebcf85fdb174bc309b8e3d7838b20da09febfb84,CLEAR,DARKNESS,DRY,"OPERATING VEHICLE IN ERRATIC, RECKLESS, CARELESS, NEGLIGENT OR AGGRESSIVE MANNER",1.0,32.0,1.0,1.0
00b88d19e871edac7393ecfa79275722b93d05f74eb2929979c7d0d1e1ebdb04730eb26dc2b14e474f1cee41a00eee265803b587791ed03ca3f385414aeb8339,CLEAR,"DARKNESS, LIGHTED ROAD",DRY,FAILING TO YIELD RIGHT-OF-WAY,2.0,30.0,2.0,2.0
00b89171e7fc06a5bcb701458418dda63b8fe80df3cb7eb7750e3b2289790669281f112900c7c485ed9cdacc064ad6dcef509ba51120130c24f702d0cc6d4690,RAIN,"DARKNESS, LIGHTED ROAD",WET,FAILING TO REDUCE SPEED TO AVOID CRASH,2.0,30.0,1.0,1.0
00b8a206b5058b141eb915c15b6303182cfd89bd3dad999542d2c298a443b6f872d2f3fbdcb6ecf3247b1cfad73e18a7469da258fabde5646301fb6557151fd6,CLEAR,DAYLIGHT,DRY,DISREGARDING TRAFFIC SIGNALS,2.0,31.5,2.0,2.0
00b8ad1ec6219e3c993a12e173298fd1193a134ce851c9983218bcb6ed9bbc2deedc2bb9a76741b01f15b39d8807662b67c6dc53ee6d3d06903d7e248d548c52,CLEAR,DAYLIGHT,DRY,FAILING TO YIELD RIGHT-OF-WAY,2.0,31.5,2.0,2.0
00b8c7b9feb6e698e6633f65cecee49a84a7b124a98f0e1fc85c67decbb04021a872e02d70888ae63daa7b7bf93c8d8cd44cd0ecba66b12c31a708c1a7ffab13,CLEAR,DAYLIGHT,WET,FAILING TO REDUCE SPEED TO AVOID CRASH,2.0,23.75,5.0,5.0
00b8d8a757b1fcb53d248e7b4a66f1f1d11ab717a945bbaaec2c7714edbce7ac91034b5626db5cee8cca8bd1c1731ab03391e51ebe15b5e257933a8db6338bed,CLEAR,DAYLIGHT,DRY,IMPROPER OVERTAKING/PASSING,2.0,29.0,2.0,2.0
00b8ffdf890a3bb2d2c78f58f2967e1e3ecc3f29641b085e897b7efff2e6d313802b611eec8f6cad0033a8e7493bf9f202e6daff6efcfd9efa66923edd49efb1,CLEAR,DUSK,DRY,IMPROPER BACKING,2.0,57.0,2.0,2.0
00b9018f26338d8bcc8e5a20bb358faa08e5bfd8396d8f54a6ea789b2406eae9fb0b0d2fe24700b247f3047699d17ff4f2d31aba3c9c86b18779c27fe3148e95,CLEAR,DAYLIGHT,DRY,FOLLOWING TOO CLOSELY,2.0,21.0,1.0,1.0
00b95b21859e8adda0da49d448f2143e0a6238f2611e1af8206407e52f0b0939b632c49d1c67d31ed68577467f7506080cfcb28cad5a80e5e2d13963af73c8ce,SNOW,"DARKNESS, LIGHTED ROAD",WET,DISREGARDING STOP SIGN,4.0,37.5,1.0,1.0
00b95ec39d1311944ee44a4b0139b5b2ecbdab1c4b2f77fd803af263d6e77cf7fdbd093e10283bcd52156f1a1869415c6d2b6d979bb3fb0cf741d0c7281f805e,CLEAR,DAYLIGHT,DRY,FAILING TO YIELD RIGHT-OF-WAY,2.0,40.5,2.0,2.0
00b96a141fa33c02f07a12a24158f5e456de82a07362c389a0b253c1c747f55b5a1d435539b0ca54c72145154b7899a3cefd6ae22d49266df677b15ab0283643,CLEAR,DARKNESS,DRY,"OPERATING VEHICLE IN ERRATIC, RECKLESS, CARELESS, NEGLIGENT OR AGGRESSIVE MANNER",2.0,46.5,2.0,2.0
00b96ec0e2e4dc5baf66ec6b61afcd6e07ae72a4413ba4d7e2a44628354f81984913e80fa0371e70b60b18aeb9260ab3a069e2f3e965be8d23ad10c1f12a4a1e,CLEAR,DAYLIGHT,DRY,IMPROPER OVERTAKING/PASSING,2.0,43.0,2.0,2.0
00b972cec84087bb146c5e01cbc1e81831dce4a7923c67950687d92d1804aecec9a3a234f11fdbfa8a0ae0cff9bf9495bbe30ff3fd1f107beb7e5105222438bc,CLEAR,DAYLIGHT,DRY,FAILING TO YIELD RIGHT-OF-WAY,1.0,34.5,2.0,2.0
00b995ca3b5e8a4a5bdf249ba1aa209b7d429913739a99ea51b80554ba2b99e0494382c6f614aca126784dc8bb1afe0b37f9cfbc7e93690d11e379e72619b911,CLEAR,DAYLIGHT,DRY,IMPROPER OVERTAKING/PASSING,2.0,24.0,4.0,4.0
00b9a614461d355f2b349c56c4350ea3eceeb0e6ca85367beedb27857a402e6b857237073eb92e17b8700b42eea0f8a5dc8a14a57b07e6cb689da62ea693f2c9,CLEAR,DAYLIGHT,DRY,DISREGARDING STOP SIGN,2.0,32.0,2.0,2.0
00b9c3fd5af4eb92d0e5e0afb360e39b51135eac3e64b1e47a994274c2954f9625353481edd298b631dc1984fe38ba4d64e6ed0d293b6cff3965e9d5cb68c8b0,CLEAR,"DARKNESS, LIGHTED ROAD",DRY,IMPROPER BACKING,2.0,27.333333333333332,3.0,3.0
00b9cc95f81b48c166a4520ad2961cdd20640f5c8e81cc5e5778279d795238690b72a2fdede64bb8dfe0f27c0b3beb74d7ac54fd55912b2e776db7291bb8fcdb,CLEAR,"DARKNESS, LIGHTED ROAD",DRY,DISREGARDING TRAFFIC SIGNALS,2.0,34.0,3.0,3.0
00b9da1a6565883932a9456d4d0420ee385b0565c8fdd07fe09e4d22cf9ef1686f2de064202f41ea1fb6f8aa88ecd12df6014ca2583acd6ee87129b2d88f210d,CLEAR,DAYLIGHT,DRY,FAILING TO YIELD RIGHT-OF-WAY,2.0,66.0,2.0,2.0
00b9f1cf82abbd4c91933b1794d6df31da3bb7ecc4b63a9d50e8559501c36a18333ab67503219cb46d5e2b443104d0559dcff91ee89e8e9085950322463c09ca,CLEAR,DAYLIGHT,DRY,FAILING TO YIELD RIGHT-OF-WAY,2.0,46.0,3.0,3.0
00b9f4677740eda8eec738fc62784207895b645a6bb9302144e7fa8a2fed85b69e6fcc86b61f8df5b829532a43b8a58a1f31c5e84d53f0163b2c713a9607addb,CLEAR,DAYLIGHT,OTHER,EQUIPMENT - VEHICLE CONDITION,3.0,51.0,1.0,1.0
00ba0cf69d7adddb371896d4d25706c0ead1ea7a830567c635a191884e8f6088b2b6f3c6ff028d5ee7c175493cc1566a14cead633a5f1e25db67c73fea170b46,CLEAR,DAYLIGHT,DRY,FOLLOWING TOO CLOSELY,2.0,34.0,2.0,2.0
00ba17e81050d70751360153effcd3a7bd0a699aa8924333fbc0e24eb4d2a1df26ee7406e0787c93828318c038f9bb1172ffc55a9bb36dbc5248567c54c5d4db,CLEAR,DAYLIGHT,DRY,FOLLOWING TOO CLOSELY,2.0,62.0,2.0,2.0