crash_record_id,weather_condition,lighting_condition,roadway_surface_cond,prim_contributory_cause,total_vehicles,avg_driver_age,total_people,total_injured
00ba32c068f2db6feab1aef3bae0c3bba2cbd076e04d43e6f1dad854042a0f8fceab82b579e7ce5eb23ba6e7c3c1ec2d44f0eed88fcda2917dfd25c85b26fb4c,CLEAR,DAYLIGHT,DRY,IMPROPER TURNING/NO SIGNAL,2.0,22.0,1.0,1.0
00ba60902e89a110116abf55441cb5dbed8f1ceede2cbb8e4a2bebee5c67a8496582bc8776d1b462334d7cfc2c7afdbe56f9d76f081c6b4ee4fa23851a1156b6,UNKNOWN,DAYLIGHT,UNKNOWN,PASSING STOPPED SCHOOL BUS,2.0,26.5,2.0,2.0
00ba6ba2c007add287ca3c52908c8a1a8d06a2c6371436b63fab1e65c6a54238a4f3afc7043b93d3fdfb5c8fc9a55685d1309812176af8193bc187f2ab80024b,CLEAR,"DARKNESS, LIGHTED ROAD",UNKNOWN,FAILING TO YIELD RIGHT-OF-WAY,2.0,40.0,2.0,2.0
00ba860def627fd21d07debb667bb223030ebb9a3db5590b08b1353abd8e5a404c3b848928634d637f9a6091431750a543c37000cec847873dec311f1587fb35,CLEAR,"DARKNESS, LIGHTED ROAD",DRY,"OPERATING VEHICLE IN ERRATIC, RECKLESS, CARELESS, NEGLIGENT OR AGGRESSIVE MANNER",1.0,37.5,1.0,1.0
00baa2e2e910a94ea12b50e1ce07f7f6ca90a8e08783db793e1e3cc522deac165189ca57a29fd8ad0707849e4f1d83c428a4081f3502b2587a35ba3783456b43,CLEAR,DAYLIGHT,DRY,IMPROPER LANE USAGE,2.0,70.0,1.0,1.0
00baadf3ac2ed985909c6fb55758ab8749f4bc0a286ed7096f5c7907cd63509c81a45dca95d8f989f7fe2b485af0a8d0467320618fa5adf80a5d805cf869424a,CLEAR,DAYLIGHT,DRY,FOLLOWING TOO CLOSELY,2.0,26.0,3.0,3.0
00bb09b694aa5bc776f7a9bdb9c0c96e408623add64098c972ab28ba38bf973f76d720c813cd097710def21e6340f63d710b9520a3e834d22ab4d3aed5ea745f,CLEAR,"DARKNESS, LIGHTED ROAD",DRY,DRIVING ON WRONG SIDE/WRONG WAY,2.0,28.333333333333332,3.0,3.0
00bb4da1a837cd2aebf34a6cc8f6c39027c70b036d0c7e91c7af16fa58ebf2649a64b69af1265c2f9618f22401d4a599992c97c713dd33ed3d0798a8db7578b0,CLEAR,DAYLIGHT,DRY,FAILING TO YIELD RIGHT-OF-WAY,2.0,45.5,2.0,2.0
00bb5c830ce59626fea33c86c3686d9e44bb16e4f135c6497d067bdfa08aed029abc625985eef7208226d692c9e2f0bf609e099437ab706c61258b6cef480072,CLEAR,DAYLIGHT,ICE,DRIVING SKILLS/KNOWLEDGE/EXPERIENCE,2.0,37.5,1.0,1.0
00bbdd42d499630cc1025fb0f2a51dfef66a22a48f58e5920e9725924a990fd91d81846d971986c23c440edcaba030f366406e67d6fa0486c1a522c67eaf6145,CLEAR,DAYLIGHT,DRY,"OPERATING VEHICLE IN ERRATIC, RECKLESS, CARELESS, NEGLIGENT OR AGGRESSIVE MANNER",2.0,42.0,2.0,2.0
00bbf09c4af48bfe4f3bed4dc848aa2224488ebd8741fdf1a4210cd8a90606a800546be96efd6b2f8131e81b2f551304ccba21b1f6d0d5b3017405848f28f994,CLEAR,DAYLIGHT,DRY,FAILING TO YIELD RIGHT-OF-WAY,2.0,23.0,2.0,2.0
00bc51b8c792c24f10fe5a1e82e403dc492e56595bdaf1ab4d84ffd4a2a8d36419ddf1703f737407e70015dd1b539ce4607d9a16d2d5b5bed055b0799f94b723,CLEAR,DAYLIGHT,DRY,IMPROPER OVERTAKING/PASSING,2.0,35.0,2.0,2.0
00bc59fdd4edeb95e9add849fc9f2a22d7918175ed389681dab10d2eaf84ae6f970394574dded71f9382dfd52d661697c8bcb3f8eefead8f769ce0d96060e7e3,CLEAR,"DARKNESS, LIGHTED ROAD",DRY,FOLLOWING TOO CLOSELY,2.0,52.0,2.0,2.0
00bc71a800e0f58bce1605791bf13c434401f7ba5c90ce9d6a73151756f25fa72fbe7fc51572b2c014e8037629f20eb528369ec8849888ec06fbb096d4d2ca84,RAIN,"DARKNESS, LIGHTED ROAD",WET,DRIVING SKILLS/KNOWLEDGE/EXPERIENCE,2.0,31.0,2.0,2.0
00bc8159abc3c0b0d627fa4d614caca44f88190217d191351294d2bcd51fdb29a46dfef72cb5823455e6a1deb1cfc201ecc4de6086d16552ea67e4a73b783aee,CLEAR,DAYLIGHT,DRY,FAILING TO YIELD RIGHT-OF-WAY,2.0,29.0,2.0,2.0
00bcc8d9a3bf39bf2bffdecd49ca8ef9a30d64b3164afd8d911d3df24224cf9d1b197b3edf318f8d0b99fecf3016f41999e97d4311a21a67cc9ccc169a62deb8,CLEAR,"DARKNESS, LIGHTED ROAD",SNOW OR SLUSH,DISTRACTION - FROM OUTSIDE VEHICLE,2.0,30.0,1.0,1.0
00bccda975dbda5ff3d848cb5003873526710187dcf6852aee45a335fcec3d8b2e39f1384630d8040ce47d72be943f01c332e2221bf8504de2c77cf6819fa076,CLEAR,DAYLIGHT,DRY,IMPROPER OVERTAKING/PASSING,2.0,36.333333333333336,4.0,4.0
00bce77960c2faa2a8782a8cac1d6e5715802d6c072a085ee4bcba8d5ec6dd08c7055c96b1027a7b94fddd0ae49db19fe588451c7584959c79405399259c0cdc,SNOW,DAYLIGHT,WET,FOLLOWING TOO CLOSELY,2.0,59.0,2.0,2.0
00bd1f8bb483c9a38a945fa4f76d9268c50c28faaec4c600d553747752b09b3976aa5b4b5ec0435b2086d1a6a5a08ae859be1ec9f58d29456d1f0d88d28683ea,CLEAR,DAYLIGHT,DRY,IMPROPER TURNING/NO SIGNAL,2.0,46.0,2.0,2.0
00bd3c86825e40ac456568bf56315ed22d413277f1a1f93800e67b6b892205f7711a92edbc2f61673c19beb6cd6d788de1f92afeedeb8de81d9dfcd1aed0da0b,CLEAR,DAYLIGHT,UNKNOWN,HAD BEEN DRINKING (USE WHEN ARREST IS NOT MADE),2.0,39.0,2.0,2.0
00bd697909464d50acc8f6a0818b3426fb63cf45bdd7b7fb3d260fabba4701dcb8ecb1346e1bca7504836d299419a1a20621a752c9b4a77f9ad2ca717b357e70,CLEAR,DAYLIGHT,DRY,IMPROPER BACKING,2.0,40.0,1.0,1.0
00bd699d110ba9b1994038555b28afe2f34f020a90ce6467e3f235150b6b91dc54e4a4404f710fb01624c5bb799f2de54606184e1dad32eace71e3b30970ec62,RAIN,DAWN,WET,FOLLOWING TOO CLOSELY,2.0,38.42857142857143,7.0,7.0
00bdb02d67af96e078de8c9f8c81e3a4994ede0b37c6c4b8c42b7ae06c1bb4073ffcb242e2c844383ac1eaaefe138de734f73a05216625a006b110535b0ee2be,CLEAR,DAYLIGHT,DRY,FAILING TO YIELD RIGHT-OF-WAY,2.0,47.5,2.0,2.0
00bdc67c0c0b1b3e863a595e882b7aac7610eb61f4e57ab3f1ed0775af1976078cf276c941a7cb102e83325ff1f7f1a45ff9b4980cff50f4b08bcbf867b246df,CLEAR,"DARKNESS, LIGHTED ROAD",DRY,IMPROPER OVERTAKING/PASSING,2.0,37.0,2.0,2.0
00bdc8bcc3f46de841b48976f1f0f443d3aafce599f93e5aeed5fc234c836690367f697288bd091f3a08761985ef757b529b93ff97a27e60ce26ab1166782961,CLEAR,DARKNESS,DRY,FAILING TO REDUCE SPEED TO AVOID CRASH,2.0,31.0,2.0,2.0
00bde32d2ede7c8a14adc3e6384ab4a771875a8b89f4a0e6815c067b00a5cef7bb005cba581c4405fb9d13891fdcc9394b7f1790f46151db23f3d7f43f5865c1,UNKNOWN,UNKNOWN,UNKNOWN,EXCEEDING AUTHORIZED SPEED LIMIT,2.0,37.5,1.0,1.0
00bdf663dee18fadd3d56678411e647348d1e7f4197597951c4576580051afc3f653585b0ea4ecb393f6ac48d9cbb4cba2f2d2ffe2334888c518ccc9a236ebff,UNKNOWN,UNKNOWN,UNKNOWN,FOLLOWING TOO CLOSELY,2.0,37.5,1.0,1.0
00be1ed4070e88be42fd908be7bb870891b7c6a1f19c0f72f698e25581be04e3a17301f7ef64f71a31145cba33c8c076d980ad302fc9c26b079a3ead3ea71ab3,RAIN,"DARKNESS, LIGHTED ROAD",WET,FAILING TO YIELD RIGHT-OF-WAY,3.0,31.875,8.0,8.0
00be3672548db4cc8099934ee44477077b287e2830476b546990bdb0a64c9378f5d5869b4733fbbc392b6b96a93cd91055420099556c59f00d908fb7bc467ab1,CLEAR,"DARKNESS, LIGHTED ROAD",DRY,DISREGARDING TRAFFIC SIGNALS,2.0,20.0,2.0,2.0
00be464637dbd4d6ba83e493c9e2a442e717847fd4ee6b664746ee29f9f91995c21bddc80ff64144db3f7f1f3bca3b342a40baa2b744b833d534f50b525d3b2d,CLEAR,DAYLIGHT,DRY,DISREGARDING TRAFFIC SIGNALS,2.0,46.0,2.0,2.0
00be6b7e5c7ddd1c3841051725d9b061e28c88394694e4e7ebabf1853b8b939be713e9625a6babb7df779093b7d069f85afb364a203fba6fa662501fb2f9e68a,UNKNOWN,DAYLIGHT,WET,FOLLOWING TOO CLOSELY,2.0,41.5,2.0,2.0
00be6f84414c162225733f6d38c1f90cb2b5d5f8e6460932d0d957a5bbbe0f89eba3892df46d2b142d9d5fc9a49963988391d6ff92c8676ceccc85a7eaa66c6d,CLEAR,"DARKNESS, LIGHTED ROAD",DRY,IMPROPER LANE USAGE,2.0,37.5,4.0,4.0
00bedf18b0fbe9c2d3d6a3efc5c0edc70acbc0861526efa6b9c8e509198740febbcf6066b602a16a311d91ad0f97ccecb3f6cac596f4c69f8d24cfbf6e841429,CLEAR,DAYLIGHT,DRY,"VISION OBSCURED (SIGNS, TREE LIMBS, BUILDINGS, ETC.)",2.0,38.5,4.0,4.0
00bf0727bcabab13e648f954229f8d67e04e6d15a753c53c71a9e4d407e9d41cfed8f7991be6e10391127c7adf911b5c0b882a79beedd82c6e285cd4dd385adb,CLEAR,DAYLIGHT,DRY,FAILING TO YIELD RIGHT-OF-WAY,2.0,28.5,4.0,4.0
00bf112622c9504c3767a990e51f33ddce002d5d3aad4e90aeceb2d98472efff126d3ef4d13a0f965c46b61173218f2d4c671967c2032f7bc8ccafad53edd87f,CLEAR,DAYLIGHT,DRY,IMPROPER OVERTAKING/PASSING,2.0,28.5,2.0,2.0
00bf17f37976df288c78c8f3ccc6029818354482437c573fcc44a4bd6a31142d1a0bfab8e6061a71aaf38206527af1502d4b4a15f7ef863488cbeb0e8c4a0d0c,CLEAR,DAWN,DRY,IMPROPER OVERTAKING/PASSING,2.0,69.5,2.0,2.0
00bf3cc0b3c24fef58f1d2ad7af27514da754c16593015c4a466459ef0faae6af73ca2c411b19421291990534322dac98bfbe986669c7885dfe55d0cd1743d50,UNKNOWN,DAYLIGHT,UNKNOWN,IMPROPER OVERTAKING/PASSING,2.0,58.0,2.0,2.0
00bf42a4a45cc0671ef0682840afe1b4b31bfa3af5a08c90c608562bf3e7eb23288f2e1092f4d039d71550b359b8c2170aaaf2846dbdd7d182806806a99eed2a,CLEAR,DAYLIGHT,DRY,IMPROPER OVERTAKING/PASSING,2.0,61.5,2.0,2.0
00bf69d7677dc237ed20281407b370cf0d02ddb76dbcf6b26b20842269ead6d70ff2881777e5d03a2616acc52d12768005ddf01b35b0ee33fc310658aae3d022,CLEAR,DAYLIGHT,DRY,FAILING TO YIELD RIGHT-OF-WAY,2.0,27.0,2.0,2.0
00bfa28f38df10a5315b25e67aa4706111722082277dab78f4115adb94bfb6103589db994c761281e50fa10915adb776a96703c00a597bbb5a378835e8a634c5,CLEAR,UNKNOWN,DRY,IMPROPER BACKING,2.0,50.0,1.0,1.0
00bfb3bdd4f41acfd03a956777ab570548694188c7b8d29b2a7febb3fd9a7f292fdf10ac359fde8e7202b9e31c88a0804712be2bb970f1e213dcb3594468bd7b,CLEAR,DAYLIGHT,DRY,FAILING TO YIELD RIGHT-OF-WAY,1.0,60.0,1.0,1.0
00bfce591f3341c22f74345ea12f4246dd30c36c171446a4bbd020671a91ab116756d4a3c33b73d9a4288d7d4258cb9ce2893ce7293db5055ab75a72a72d1397,CLEAR,DAYLIGHT,DRY,IMPROPER TURNING/NO SIGNAL,2.0,21.5,2.0,2.0
00bff05814fe02d18f0846ca8a0af69a87cd9798f125533f8040861e3bb4d00cfcac7dc55ae5bd00cd26f07bbf4944eb1ebbe15a27721ffbab9869453e663a2b,CLEAR,DAYLIGHT,WET,FOLLOWING TOO CLOSELY,2.0,31.0,2.0,2.0
00bff1f80f0a3d5cc0329db1f6b2209be739c0de62913bb98f7a04bb176be6290c19e4f0f31a9ebb9972c1c96714ea1abe5b1131316caecdee9a1909018b1c4a,CLEAR,DAYLIGHT,DRY,FAILING TO YIELD RIGHT-OF-WAY,2.0,33.666666666666664,3.0,3.0
00c00dfe4fac8cd0d3caf998e3f360b440724cb42c99b5e42001e00c34b2ff4cdb8178804ec261e864d88d7a45700c3ce483284b0294edc53a8315e9eee77996,CLEAR,"DARKNESS, LIGHTED ROAD",DRY,"VISION OBSCURED (SIGNS, TREE LIMBS, BUILDINGS, ETC.)",2.0,24.0,2.0,2.0
00c015f121763cacf68529a5f4a5aa5bd4533644e073f05a6ef032edeb04ad811298d1712dad3e494245071a392a5970c2830e7e558e23115011c76a837890b2,CLEAR,DAYLIGHT,DRY,FOLLOWING TOO CLOSELY,2.0,28.0,2.0,2.0
00c06686e5fb8cd11ba2fd014696110033efb6560409b9be3b2a0c3c9f2aacf6baf98a4a04cfb1dc8e11a4fdf4445acd06bfc9e68a5498cab64d22d20c6339e9,CLEAR,"DARKNESS, LIGHTED ROAD",DRY,FAILING TO YIELD RIGHT-OF-WAY,1.0,67.0,2.0,2.0
00c08f72b4fe10c27dcd2371875976c8a6c2b17152795cea5b3519216f64100ea4c2c163c0b1d15ff75a048d8ec37db9d73a243e1f1489d58883b79b4bb3f559,RAIN,DAYLIGHT,WET,FAILING TO REDUCE SPEED TO AVOID CRASH,2.0,27.666666666666668,3.0,3.0
00c0bdc244d8f01bcf7c8c02aa884e7c93b8f6c3530cedd5753d44bb3a009810f266059f600de02142f7a944d502058dee5b9f45f1fad19774f5790df4f3331e,CLEAR,DAYLIGHT,DRY,DISREGARDING TRAFFIC SIGNALS,2.0,22.0,2.0,2.0
00c0c45825a20097d2594c4b673047d62d551d04e733399084500b1d7f2ef49d224a2506597126e81841430a68e0c39e8ac2cb7debd876f72da09f53e5b84e08,CLOUDY/OVERCAST,DAYLIGHT,DRY,DRIVING SKILLS/KNOWLEDGE/EXPERIENCE,2.0,37.5,2.0,2.0
00c0d2ffbc86aa4c30e6c4f65dfe17857868c635171b3dc041cc75f6fdc1e3da93cae2ea718f32b4e74f625a7cf5ae34741743173029359fce4565ba0d0196a6,CLEAR,DAYLIGHT,DRY,PHYSICAL CONDITION OF DRIVER,2.0,65.0,2.0,2.0
00c0f8370da38b9417dc26c5ff69ec8e3cdf2486e50b29eaebe7b00c514fd3372c039967736185a40223143e66a469ec71b0164ae7bd7954c4bf2ae8fdce52a7,CLEAR,DAYLIGHT,DRY,IMPROPER LANE USAGE,2.0,40.0,2.0,2.0
00c0fbe8e754973b4002b85b7e65b02fc258a79314f3c6d021b684ba6e50532fecdb2c90b324cc0bc66f02b6be4c73fb6250808ea06efe768bf290ea1b1b2ddd,CLEAR,DAYLIGHT,DRY,IMPROPER OVERTAKING/PASSING,3.0,31.0,5.0,5.0
00c145993c6b13b7b7e3681e9cb1897d3a896ca4a7d7e2b3d91a110c65ad1027c454553d455a100afefdb5ead77a4bb7ab641be3e490b7daa0d87cfb89cdb9ab,SNOW,DAWN,SNOW OR SLUSH,FOLLOWING TOO CLOSELY,2.0,30.666666666666668,3.0,3.0
00c169bfe1534f0658e3a6cbe9ebefd2d017e12c764dbc92bee5db451bc9cc8188c3e02db0128ddc0d4a805d52bf2b7d9cb065ba4a8c2a0c24a4c33e36636586,CLEAR,DAYLIGHT,DRY,IMPROPER OVERTAKING/PASSING,2.0,45.0,2.0,2.0
00c17b7adfd1b5d07b3fb49f2b04d0ec7abf680305e38c63c17494e270a19c483e38d66254d8b2e9ef9241d1a9c8043fd72f26e5cc30762b97ead6f91820f117,CLEAR,DAYLIGHT,DRY,IMPROPER BACKING,2.0,27.5,2.0,2.0
00c1e5cb6f915d7b918d0ce46c3451e32f1f2fa53d98b8493725f3ebe9a90b968f0a6c92dafa8beda56c3cf4d3192b450437b3adb471bac5e2c8a9c43a827c46,CLEAR,DAYLIGHT,DRY,FAILING TO YIELD RIGHT-OF-WAY,2.0,43.5,2.0,2.0
00c1e72da32c90f57e0ce282fd2fa8c610bd0ec007154251672b146f62e44d941c478103d47c81b3264e9beb364a165e48de7a5a5f8039a6e23e57e11f9a1793,SNOW,"DARKNESS, LIGHTED ROAD",SNOW OR SLUSH,FAILING TO REDUCE SPEED TO AVOID CRASH,2.0,37.5,1.0,1.0
00c1ec2258287f339ca5f05ba6a9f3a3891dee4749b44fef32f71e9c839f968146d8fcbdbc237362f608b10d083a46d949873468dda38bec6a8b432cbe45f118,CLEAR,DAYLIGHT,DRY,IMPROPER BACKING,2.0,37.5,1.0,1.0
00c1f33490e02dbdafc32e4b8ca9e2dde41bd9959bbd49842b100c82fa443068f544474157dd95bb25b468a7ecc3b98406f797efc56770fbaa45e5ad373a89ad,CLEAR,DAYLIGHT,DRY,IMPROPER OVERTAKING/PASSING,2.0,52.0,3.0,3.0
00c2021638925419ca7b213add1f3a15b13a2ea959eb947f5c5983221d92009a26def9f73b101c22d1bcc2271564e2c02339e4ef94c325e657ad29c2f71564da,CLEAR,"DARKNESS, LIGHTED ROAD",DRY,IMPROPER OVERTAKING/PASSING,2.0,33.0,2.0,2.0
00c2079ed44417cad83f0969cc126161cd6aa69e3241ca67d1e5e098adfdeaab729ca8720bbeecd36b2bd02a4c167a9c52fc605abcf90199b5e238539533cf6b,CLEAR,DAYLIGHT,DRY,FOLLOWING TOO CLOSELY,2.0,43.5,2.0,2.0
00c20f5efaa6c741628b443c760a74103ed489031fbfb31fc896d74731f08846893e1d1fe28b0f60cf2ddf91c02d7cfb46a0dcfbe112ebe8bfa23a93ad7472c6,CLOUDY/OVERCAST,DARKNESS,DRY,DRIVING SKILLS/KNOWLEDGE/EXPERIENCE,2.0,65.0,1.0,1.0
00c2109b86fa0ebf86cf2f0e66b1a06e6fce9a8907ef71d3220e34d9b16cfcd6af10d09fc1368f4780545127d3b7f8a08525a9b0b5436cfc62fbfd89a4dc9097,CLEAR,DAYLIGHT,DRY,FAILING TO REDUCE SPEED TO AVOID CRASH,2.0,70.0,2.0,2.0
00c214190623828330ee296d299018583eb6a5a2e10699f97a358d25214af02b81a1f3037c29279ddc955ee17717b630830fb3b53ac5966b13ab777d69242abe,UNKNOWN,"DARKNESS, LIGHTED ROAD",UNKNOWN,IMPROPER BACKING,2.0,40.0,2.0,2.0
00c220e72b7a1a7aad24003e047fd197c04e8927b3dc6772861d2322da731b78ecc4fc04b6deaa445616bab3198dc25be991194a64cb543a9b6bc18c874f5312,CLEAR,DAYLIGHT,DRY,FAILING TO YIELD RIGHT-OF-WAY,2.0,27.5,3.0,3.0
00c272c872fff282547332d5002d3b2f85c3b0ca9ec4c078ff43dbf6fe96bef318c2d6338e3c47b8cc645cd75d484571af330418ea227e27eac96beb4f99fc8a,CLEAR,DAYLIGHT,WET,WEATHER,2.0,38.5,2.0,2.0
00c27cf6ca1d4274dd0177cb07b9028953398b56b11304dcc86e85e0c24bd95bcbffb7292cfdbc00c3458373685a5f19166efdcc4f3e99537f280ef2c6d176f9,CLEAR,DAYLIGHT,DRY,IMPROPER OVERTAKING/PASSING,2.0,27.0,3.0,3.0
00c280f76aea73e360bc95d7be46815ee862c8138efdef4200cffbf657ba237d37e24d72f327f1b646f7b388327adaa69d4a5dcd3ed13770a94141195679aed3,CLEAR,"DARKNESS, LIGHTED ROAD",DRY,FAILING TO REDUCE SPEED TO AVOID CRASH,2.0,50.0,3.0,3.0
00c291f92680525437a06ccea97edc2ce8ff8b58d717b3e4b0e73c2ea6baf53a3930bfedc30e907849917b2e87017ed66a3e9311d23ec66f2558772e2c3e51b5,CLEAR,DUSK,WET,FAILING TO YIELD RIGHT-OF-WAY,2.0,30.666666666666668,3.0,3.0
00c29c3f18ccec88f44febb23b4a3dbbfaee02fe06715ab80173a1c13a26891791985919dd0a25ef13ba6698f2d9455173ddcdbbca5c059c519c1234bdfeb8c4,CLEAR,DAYLIGHT,DRY,IMPROPER OVERTAKING/PASSING,2.0,31.333333333333332,4.0,4.0
00c2d86bbe090271203d8c221dc8a092016d5e06f0f6f7b5a1104263765df773dbbf1bc7d16702593694e050eb7e63dfbc6135dabd8ec17ecaf55a05cefd9a0d,CLEAR,DAYLIGHT,UNKNOWN,FOLLOWING TOO CLOSELY,2.0,41.0,2.0,2.0
00c31e770c5e9942714d38dcc3316583595d30c4805ab0c177b80fd4461f89c3f914cc6ba4d26d540f23bafa813c08dddd6b7f75fac184e522ab32fc178d379d,CLEAR,DAYLIGHT,DRY,DISREGARDING STOP SIGN,1.0,44.0,2.0,2.0
00c3223ec3043710228df6182687e9bd713452cfbe67917175a3f4d0fafec8b49d2ced85a77ea8d7beeb71af35d0b46f6d0021fa249b8a4926325649f989501f,CLEAR,DAYLIGHT,DRY,IMPROPER TURNING/NO SIGNAL,2.0,34.0,2.0,2.0
00c324aa27a1579792ccf91e1999644e08aa79f6fee009609b98f82f8a122084c34923a7a7c8395922daea42e9c4e5fd9b08bea905f8415567f96b72d68779b2,CLEAR,DAYLIGHT,WET,FAILING TO YIELD RIGHT-OF-WAY,2.0,45.0,2.0,2.0
00c329ecff7c62197b50cd5d6056c36ee37a2efd1c6a2d4e2fe54709159ac20656eee8f1fb39eca69901e281c12fca11a25fdf23b57c67e83bb4abb80f64ecd9,CLEAR,DAYLIGHT,DRY,IMPROPER LANE USAGE,2.0,43.0,2.0,2.0
00c3335ce10499a3f716b3f23d348126193a17fa6541f1b2a80186c98139b3d9aa030b1a6cc37696ac399f84c00d964786575e84b1f4c0f76599825eebacffec,CLEAR,"DARKNESS, LIGHTED ROAD",DRY,FOLLOWING TOO CLOSELY,2.0,26.0,2.0,2.0
00c349cb93265562d12d2f5f65ea06ad4d7f436806e2f9d32198ac0c4cd2fce1c84093d1aa275e94075e7dbb49fe0a227f1da42e0d4bd168ff2b659db68f1f84,CLEAR,DAYLIGHT,DRY,FAILING TO YIELD RIGHT-OF-WAY,2.0,46.5,2.0,2.0
00c3a6b51ce48dc5ceec4221a8ae3de6ce8ec0054395027df8093e598cd8131bc868f9382fe245b47d84f28858a132fcca79c55809f2e75703008edd86862afd,RAIN,"DARKNESS, LIGHTED ROAD",WET,FOLLOWING TOO CLOSELY,2.0,54.0,2.0,2.0
00c3dcbadf3288336ecda538f5094ef87dabec295084dbd863f4bf4dd17a22675d28b81cd9f259a8de6d538c4012df66d19abe32ecb0b93d33e579bcf18d96e3,CLEAR,DAYLIGHT,DRY,FOLLOWING TOO CLOSELY,2.0,36.5,2.0,2.0
00c3fd722b220aa2f866fafdfada1b94faf61bcedab299f78dbac2b3054e399bbe760a498fb528fad5e739323a5e5cc1f3e6f7cdd1adff1352a093faf2457546,CLEAR,DAYLIGHT,DRY,FOLLOWING TOO CLOSELY,2.0,28.0,2.0,2.0
00c3fddd46011216d7373eaa0020bc5356b437647feef595a4c227e5f0745f00aecb98123b87af7b31e5db255d0c46a63212e19962bddfb53e0d81f5e6365ce3,RAIN,DUSK,WET,WEATHER,2.0,42.0,2.0,2.0
00c40631f39f150d77cd0b7a1ad4bfc3d6616455977cc95e937713e6d3fdeb9e94b789f600550804bbcab6778b6a6f085979b6a9046e477d534a0da5205d10fc,CLEAR,DAWN,DRY,FAILING TO REDUCE SPEED TO AVOID CRASH,3.0,41.0,4.0,4.0
00c4074ffc19fc1edc97031f7ec871d8aab40760d43ea6f66fb862627c26eca113d8c697cbfc460ed393e025519f84a6ef2f514070335b50e3f4741051ff9861,CLEAR,DAYLIGHT,DRY,FOLLOWING TOO CLOSELY,2.0,40.5,2.0,2.0
00c40a01fff0c31f681b8a88b2398e9418c9d34d390f03da584997efedc6112e3e6d1af280122d035f893d0180c6f70aebd59eb0ea8fff8c151f22f6e658cc80,CLEAR,DUSK,DRY,IMPROPER LANE USAGE,2.0,28.333333333333332,3.0,3.0
00c444a8e8b8cfd54e68808671fcd34f8e30e46f090476f8fae1ce52597450c0766251efda0d04e1e2cc71c198858c266561267219f20679ebfc92b1f8e3ca61,CLEAR,DAYLIGHT,SNOW OR SLUSH,FAILING TO YIELD RIGHT-OF-WAY,2.0,24.5,2.0,2.0
00c45573df0a3377356d0bfb91b5625e08768b1d5ffd0cc3d49967356c79b286cc31f99ef7de16cd3d5d66ef1abc9ad0ae289a7cd209983f857f0a5190bea125,RAIN,DAYLIGHT,WET,DRIVING SKILLS/KNOWLEDGE/EXPERIENCE,2.0,27.0,2.0,2.0
00c462863b904ab8ae9a81511f8144c89647a03a91fca8a7c8f5e3923f403a2d8e6fe0bee1322f1df723047b6e6fee3d2dbff8dc7058127fddc696b1b642ab28,CLEAR,DAYLIGHT,UNKNOWN,EQUIPMENT - VEHICLE CONDITION,2.0,45.0,1.0,1.0
00c466dd43312ab7cb349018435049262de8b26e064c6d823a061a883250a746c34896ed70655f199889f79e377f38d10be01dde0b191256b78399db70983b1c,CLEAR,"DARKNESS, LIGHTED ROAD",DRY,IMPROPER OVERTAKING/PASSING,2.0,31.0,2.0,2.0
00c492064d12beb78dfcfd10dd4e55a560ce0bc5492e00a25591b0b3cc7bfc1033d09c866ba5ddd5057acb25ed0d7bd08463dea8fbee9d0be2c76bec777f4d44,CLEAR,DAYLIGHT,DRY,DRIVING SKILLS/KNOWLEDGE/EXPERIENCE,2.0,56.5,2.0,2.0
00c49d4cf97e02170c17e4b3affc86fb3735a2646d5b9ffa502a6fffc6b8685afbd53ec612fe953f26085980416fc3e3964ea6c86d9c0c3b4a07b98411ef737d,CLEAR,DAYLIGHT,DRY,FOLLOWING TOO CLOSELY,3.0,31.5,3.0,3.0
00c4b2fec309f7d50604e170477354109a8b6b469b764577b0c69e97efd557bf0c9a0437a8723b723ec5d386ec46a78d90456e65b2560cf0871e074519fa8911,CLEAR,DAYLIGHT,DRY,FOLLOWING TOO CLOSELY,2.0,43.166666666666664,6.0,6.0
00c4bcfae07f591492be5d8180e8bbc7de6cc1f9be60ad5cb25693ff82a7a5e9440299beb1c76855729fe81f10a589425ca12840ffc26f8f81638c9441287763,UNKNOWN,DARKNESS,UNKNOWN,FOLLOWING TOO CLOSELY,3.0,36.0,3.0,3.0
00c4ebe631764101d9318571c491d08ffdb89c7cf952990bcce03726d7489bf044cb57ba394917ee136782485ae76507983baf0f40bd069b460b4089250f3571,CLEAR,DAYLIGHT,DRY,FAILING TO YIELD RIGHT-OF-WAY,2.0,27.0,2.0,2.0
00c4ecb7dc17c21fed91c4927390316db3ae4054f18c53740392894ccafa8503f507e1ea4443ca8734df32b054bf035c75f02cb08e599649f23036fe0fc07e8e,CLEAR,DAYLIGHT,DRY,EQUIPMENT - VEHICLE CONDITION,3.0,36.0,1.0,1.0
00c4fdab6f08f9fb7a2969bed1c647699961ea55f875d701d67a9ba4f59d43a060eba90c4fe188e9ab4ebf35303a74b66a27423eeda656790ada129716192004,CLEAR,DAYLIGHT,DRY,IMPROPER TURNING/NO SIGNAL,2.0,37.333333333333336,3.0,3.0
00c50bd08a1aa9eb10cf7b55cc777259b87043dfb82bd38cdadbb68c359c3ece4385086d544b7ad76720cd1d2b8b32b585f1e414752278a38100fd2302e29f72,CLEAR,"DARKNESS, LIGHTED ROAD",WET,IMPROPER BACKING,2.0,62.0,7.0,7.0