crash_record_id,weather_condition,lighting_condition,roadway_surface_cond,prim_contributory_cause,total_vehicles,avg_driver_age,total_people,total_injured
00c527b00f9cf2058fff3f4a004d1b729b80c65201c60b81a891e95214b2a04ad308976013498a3c6ff050ea686ab2871822ea93efe4af32c8a25f782e6bfa2a,CLEAR,DAYLIGHT,DRY,FAILING TO YIELD RIGHT-OF-WAY,1.0,74.0,2.0,2.0
00c54a8eacff48662e26ff4a33e04f675b0c343b019026a33f046d5821ddbc4491389a34a4c9f135e2b402631af982584c3bd9e34b062da0d7aa76666ac70254,CLEAR,DAYLIGHT,DRY,FAILING TO YIELD RIGHT-OF-WAY,2.0,37.0,2.0,2.0
00c55f946716031871ff8988944bb06fe3be011db05586439224f9a2f506f2512e136c1af37c6ed8d99d6bf6da12b5155cd2115366d8c011be878a27b5995a89,CLEAR,DAYLIGHT,DRY,FAILING TO YIELD RIGHT-OF-WAY,2.0,53.5,2.0,2.0
00c55fd2fc2a26caccd900cfefe26604e8f59d79c425429acedc216516d278320305cf9c0d5507ac94e0fb48cccd97e03c64e6d476e2877c39d09b92489365f5,CLEAR,DAYLIGHT,DRY,FAILING TO YIELD RIGHT-OF-WAY,3.0,27.0,5.0,5.0
00c58e832da65c947a438890e18836b4f9bbb399120786704726954b3de8e943ca2856c483b5b1ade9d54db2c4099e9156ee0b40caf63bad5d0f5ef0deb0d934,CLEAR,DAYLIGHT,DRY,FOLLOWING TOO CLOSELY,2.0,33.5,2.0,2.0
00c590a6943e6b19815ce5024ec8abbf20ced37c963b23df75768c2da2059865274b4f89696b5ef701ce9abeb3e35ce95e0c129a86826a6ba487c872acf8989c,CLEAR,DUSK,UNKNOWN,EXCEEDING AUTHORIZED SPEED LIMIT,2.0,32.5,2.0,2.0
00c59465924959b9df97d9407a2a2bf6ab253cf3b67ee3fb5e88c8508d3d64127ee756a5a5330562a82bfcf71f8d967496289b901d9b78c56e7f86256cab1da6,CLEAR,DAYLIGHT,DRY,DRIVING SKILLS/KNOWLEDGE/EXPERIENCE,2.0,48.0,2.0,2.0
00c59c15cbd6cdb3ddc28ff2b6d03746ad9b695b2b88164279b124369415187f585d9bc6de9952d8f1180f4e2042e86476b0b36a1883c5d19d3dbb92a0d519c4,CLEAR,DAYLIGHT,DRY,FAILING TO YIELD RIGHT-OF-WAY,2.0,30.0,4.0,4.0
00c5ae31ba389cd39bb23774824591e6c10496efe2af3dcbda1f0ce72ee8c934dac0fd56f44993661322ea5b40debfcc623afe74d99e9901f74d8347dbd3e2ab,CLEAR,DAYLIGHT,DRY,"VISION OBSCURED (SIGNS, TREE LIMBS, BUILDINGS, ETC.)",2.0,49.5,2.0,2.0
00c5ba4bc5ae1037fd46ecdfb4b848de5e47340d0076a7655324a8416580a791badeef0c88e2e95ad12afcbf654e4d543fb8ba7a3bebb7a1f089322a11bf4bc1,CLEAR,DAYLIGHT,DRY,IMPROPER LANE USAGE,2.0,60.0,1.0,1.0
00c5d5cc22f56130e84dbec1fd46755a099b1e39978dce6de6cb79f09ff725ed314a1ad96835a67a2949d71cfbf68317fcb2ba9054fe3eb7f36c565f0f465afa,CLEAR,"DARKNESS, LIGHTED ROAD",DRY,FOLLOWING TOO CLOSELY,2.0,35.0,1.0,1.0
00c5d9cc1ba7a08bf5b6dc271e11e3aa8b49a00de957692184d61745b7b995235e081dcdd78c2256d95004071ada3433c978c85828eb22e28a844ed7ef613dea,CLEAR,DAYLIGHT,DRY,IMPROPER OVERTAKING/PASSING,2.0,44.0,3.0,3.0
00c5e51eb9ba2a0382f8071cf0b26b391618c308e37cd91ec35c99af50428d41fb5dc98ae809ef2c35f5aebace1df1f9f669270d18081afb4324dc5ff2da73a1,CLEAR,DAYLIGHT,DRY,DISTRACTION - FROM OUTSIDE VEHICLE,2.0,38.0,2.0,2.0
00c5f98814334ddc3c49600bd7789f2c049576fddc1f5a1ad17957a86b41a371fa2a8da13483ee0821a19b5cca1493b14e8eb5b441fb3178084712ae3f625173,CLEAR,DAYLIGHT,DRY,IMPROPER OVERTAKING/PASSING,2.0,61.5,2.0,2.0
00c63626b2a4122601db9a823e06a0cd3b5cb5d2dda05ce2a39de7f5d3da575cc20a36c73048de6c12c7f4f513e050e2c92f26fe2c2ead254184969d2d4417d1,CLEAR,"DARKNESS, LIGHTED ROAD",WET,IMPROPER OVERTAKING/PASSING,2.0,32.0,4.0,4.0
00c64e21adaf1c959176f71cfee508e49aa7a750d58813fe724c5b3f4e1cb2940a13cf96624f43d82a0e9a3fc305852023beed0dbda7b3756731d92d22f900e5,CLEAR,DAYLIGHT,DRY,FAILING TO YIELD RIGHT-OF-WAY,2.0,34.0,3.0,3.0
00c650ac59eeeb08a209b31103207b5f51314453b7ecad102dc1944e1a3e2cbd8d5035d724f3a65f2a2e5a18cf3b6b2d0ca147529ec025cf78e0a29e73d65936,CLEAR,DAYLIGHT,DRY,DISREGARDING TRAFFIC SIGNALS,3.0,36.0,3.0,3.0
00c6607c158c3722359de657b1f204911393f1aea1af7dbe07563c89f2941ddaf6ff5eb2809b134c0bdd9a9ec258c8836157528a6664c693cf478f25c92dd111,CLOUDY/OVERCAST,DARKNESS,DRY,IMPROPER LANE USAGE,2.0,33.0,1.0,1.0
00c6a00f2bb0bec75814f62643f5257269bc463e0ae0a8fbe6b22e8a2a70700b360591ef6809fd36d00be2f7c4510f3e5b259477aa202b1da05b5099931830cc,RAIN,"DARKNESS, LIGHTED ROAD",WET,PHYSICAL CONDITION OF DRIVER,1.0,19.0,1.0,1.0
00c6a4fc556eb3707536380a5b102f300cfe8a6fefaac2d17d79e975db0c294a53e8ca4646a71ca6212c22dfa0901629eaa7c4ef25e112e5ac421dac426c4621,CLEAR,DAYLIGHT,DRY,FOLLOWING TOO CLOSELY,2.0,61.5,3.0,3.0
00c6f33d8594a7264bb77ee6faa9fd8b97b01d3241701b12ed3cc2a12d9a4c347707a47710cb9994906e177b73c7a8e734d9ece37fae6fdd9793ee7d418d9975,UNKNOWN,DAYLIGHT,DRY,FOLLOWING TOO CLOSELY,2.0,46.0,2.0,2.0
00c772bb22ef1531603f128da73ec4b9e64f772db968973b7b06e2a9f71c71f0110f24047c86901cbafd93d80652bf11bcc97e0646446bdf2ae67ec356dbf96f,CLEAR,DAYLIGHT,DRY,FAILING TO YIELD RIGHT-OF-WAY,2.0,66.0,3.0,3.0
00c7d3132dc97d710ba6b4ced5a37d24d1fea05987e36c95a53a99b0e2d241018c2fdd8171a42674d1852b4d9241c968d37a3c32efed794b3478ab75744fe256,CLEAR,DAYLIGHT,DRY,FAILING TO YIELD RIGHT-OF-WAY,2.0,44.0,2.0,2.0
00c7d99e997e7f6dae49a6f7fb2977bc792cafa6f00a25f1292a162cc7f9e6162ad09f2ec47412cd8455ff37f04dcd50c179c0019ce12fa2a607ba6dca1ed7c6,CLEAR,DAYLIGHT,DRY,"OPERATING VEHICLE IN ERRATIC, RECKLESS, CARELESS, NEGLIGENT OR AGGRESSIVE MANNER",2.0,18.0,7.0,7.0
00c818ec9599d7aa261ff6023b8715230c51a6cbfaece8e93a65ea05703c45d01bb315f5f3da453153d4cbf2797a510e7fc8c73a044a3e5d7a4535468f1b6977,CLEAR,UNKNOWN,DRY,IMPROPER OVERTAKING/PASSING,2.0,41.0,4.0,4.0
00c83259acf339b0b4bc4a272e1099ab5d0f5dd48a89debf2595ca1976444a3f306c24524496679b9bcd378497044d5731b8c28dfd83ddafc0d6c179929a4610,CLEAR,"DARKNESS, LIGHTED ROAD",UNKNOWN,FAILING TO REDUCE SPEED TO AVOID CRASH,2.0,32.5,2.0,2.0
00c857a960e27ce0fcbeedf681be82ffcfc8c7064c59498013c4fb770129c3b608d57f146dd3a3763ac79e8e526e82a4cfeb99f76341041c237734576ef71c42,CLEAR,DAYLIGHT,DRY,ROAD CONSTRUCTION/MAINTENANCE,2.0,37.0,2.0,2.0
00c8584e71b0bdf9e46a8b69603cbf9c6933b7e37237f3c8a46f83df5e980913ccde3a82f447ddba18fa480abc62da2b3e413e2bb402efcf02cc5257a7fe6af4,CLEAR,DAYLIGHT,DRY,ROAD ENGINEERING/SURFACE/MARKING DEFECTS,1.0,57.0,1.0,1.0
00c86dc0aed3d355f4e960f2636f4aa3f47703ec276989de89207299698d0b109f067e1dcd54767d77522e01bc1c41df73f8df9bbd6963c9dd41b43bc1597295,RAIN,DARKNESS,WET,FAILING TO REDUCE SPEED TO AVOID CRASH,3.0,66.0,1.0,1.0
00c894be7c921ee6f163bca6e007af2d6ddeface08c81b62f904a7bc0ff4deb65dabddd73a55be46762c274c443655969fa1bc4c177cfca7cdd2b5965fa14882,CLEAR,DAYLIGHT,DRY,FOLLOWING TOO CLOSELY,2.0,82.0,2.0,2.0
00c8b49808720eff698222edc84d79b7f066214d8f980e2269e2802ec6134a2236fc495d6de9639eddf0887a692a3a1ede48d1bafea5564d2bef100548716a3e,CLEAR,DAYLIGHT,DRY,FAILING TO YIELD RIGHT-OF-WAY,2.0,47.0,2.0,2.0
00c9188e87860eb89fe98f87ae2f53678a467059ba01d970c7b2fc524523d03f6a8f0a12ba147023864cfb86a01c9484d2f782f87326227eead26d35b539a224,RAIN,DAYLIGHT,DRY,FAILING TO YIELD RIGHT-OF-WAY,2.0,38.0,3.0,3.0
00c91d640fd7cfe8362bf111c93c089628f9dbf49903fffe45451c4e9d10a1bdcbc35d42950c34e097afb0ab937ab92fe43dcc6c8bcff4de6c7a52174510f725,CLEAR,DAYLIGHT,DRY,FOLLOWING TOO CLOSELY,2.0,36.5,2.0,2.0
00c92a4ea927e7f265bcd7ef8a68c7ea94263ad8ae3e732bdb8108c2bf2c2507efd54711380061c2a99763909f28b30617902ad2e87e0e1262950205b617e451,CLEAR,DAYLIGHT,DRY,FOLLOWING TOO CLOSELY,2.0,46.5,2.0,2.0
00c92f4d80c1246bbe3f5e4a62323b8accdeba868833f2a02fe5f8bcdb6d5f4f50cfc1c0e68553b09475dd61d248e5ac1e71d1997ea12d6679efe9f2d24b9aa1,CLEAR,DAYLIGHT,DRY,FOLLOWING TOO CLOSELY,2.0,29.0,2.0,2.0
00c92f60dbf7c3dd2ded2a721d5a8cc7411a5956ec3ca2d0735b5c1778da567be7cd108738e974afa92d54104789313d0fd0d388055a0f0f4f5d79ea6d762381,CLEAR,DARKNESS,DRY,PHYSICAL CONDITION OF DRIVER,2.0,37.5,2.0,2.0
00c939aa4f16959af43d2c8c78db225d9641f20a97b4e7620dcd172e3b4e0239b0f29fd9cabd6da76f37ba255307444c7632706554de32241be5fec5e896def1,CLEAR,"DARKNESS, LIGHTED ROAD",DRY,PHYSICAL CONDITION OF DRIVER,1.0,29.5,2.0,2.0
00c93d71ce61095cc3d076c3937fb9f1ee2b0ad47a86122f938a0fc71dc4c6b9528b6be531e052584348371870d2bf00402ddf93b29c1701ef06401694af5dca,CLEAR,DAYLIGHT,DRY,FAILING TO YIELD RIGHT-OF-WAY,2.0,23.333333333333332,3.0,3.0
00c94b699569ba0e37c4899ce99fa0fd59f6f4240474bef212e9699f2f524088fdd8ac449dcd3a9c27558c67edf34f1078ac035abba7e245f625638ab6baa599,CLEAR,"DARKNESS, LIGHTED ROAD",DRY,FOLLOWING TOO CLOSELY,2.0,40.5,2.0,2.0
00c975880e7e5e3edc814a6d42d5aed7c9b27a3715840d7a7c828e7f7bbbd5b7127b8a427d6deaa113a1bd069db9095a6cf0e370518f7c4c13d4d20af702ff35,CLEAR,DAYLIGHT,DRY,FAILING TO REDUCE SPEED TO AVOID CRASH,2.0,42.0,2.0,2.0
00c99090868ca752435482546fae807af292645ee49d53fd804c23629c6c3d31ceae71a3abb48a91ea09677b89a3848e9fd82c83a3040d06a019ef2836bb3d6b,CLEAR,"DARKNESS, LIGHTED ROAD",DRY,FAILING TO YIELD RIGHT-OF-WAY,2.0,32.333333333333336,3.0,3.0
00c9915949d477fa3db6245b90a2d1acdec3dfa97671076d3611652de42abc2920d2e5527ff0f8b2a5f81da39057b78cd7d7bbd1795ade052c2018968f6fa648,CLEAR,"DARKNESS, LIGHTED ROAD",DRY,IMPROPER OVERTAKING/PASSING,2.0,33.0,4.0,4.0
00c997b78078a16a12a9a3fcbec656124bee75fffdd4fd45c510d3481eb45956524dfc477a851768bfb67539962fc0fe414848320c188f3b1d511edf35eb6c64,CLEAR,DARKNESS,DRY,FAILING TO YIELD RIGHT-OF-WAY,2.0,19.0,2.0,2.0
00c9a0d376b7d3a9aa5c34c9044252975891ff9479311f7f5d0f373cd5ab8cfdf452b5b4a2e1421a4772b7a645208bde126fd2fafb2e2da6ecbe906390f39f31,CLEAR,DAYLIGHT,DRY,FAILING TO REDUCE SPEED TO AVOID CRASH,3.0,37.0,3.0,3.0
00c9ccfaba551a1a2874ed40babeaee21c3f7d201215e72108c82fd8b2a1d3576359ce405da7ffa2073ce59cb0c209c7cd93861fdd30c86365cb09f06be8fb9c,CLEAR,"DARKNESS, LIGHTED ROAD",DRY,IMPROPER LANE USAGE,2.0,34.0,2.0,2.0
00c9d798be8784dcc91da8e7392de707040a40327fa5c8a0971f95d7e34e91424525953fd6d967224606d81e0b4b62c2cd603844ce06d2b07bedc77e5f742f8b,CLEAR,DAYLIGHT,DRY,IMPROPER LANE USAGE,2.0,54.0,2.0,2.0
00ca030be713ae94ed4b17e42f5c92c2999ea745999b049d151cc92179e5c1ebcadb281a9d9af2b765ad717b365e0f9bd8b9f4a6ebad3c5b4d9f3b9b67ceb028,CLEAR,"DARKNESS, LIGHTED ROAD",DRY,DRIVING ON WRONG SIDE/WRONG WAY,1.0,36.5,3.0,3.0
00ca0ba5151459894da433421220d018db8427de41a956905f9393a40df08d14949034d841ef7f61e254963200aaf1a0eda26d9c2ea9530868194577bf31e0ec,SNOW,DAYLIGHT,SNOW OR SLUSH,IMPROPER BACKING,2.0,19.0,2.0,2.0
00ca26a29a00e920fd2751fd4eadec7b8d5e681f9d7074b296bc87a60515df4e02d719d14ab91aa6f9112bfe4e05f90b2d9259d140ed17f54dbb87f12939bb8b,CLEAR,DAYLIGHT,DRY,FAILING TO REDUCE SPEED TO AVOID CRASH,6.0,42.0,2.0,2.0
00ca438423412151775d955a09f1b02011324514aed7ce689f0b4cb749e1292a07d4ec3bad54c12cc90fa123055abbba3feb67a3d7aa68259cc3f02afea606ba,CLEAR,DAYLIGHT,DRY,FOLLOWING TOO CLOSELY,2.0,67.0,3.0,3.0
00ca4baa2e432b1f4c3cda0248eeba6809e8a34ab8a2e2c5b6ea546fced4be55d965ee8f6a0e8984c3b63b5dc8cab2519b0bbe2b2fe00fa722bdb12541165f82,CLEAR,DAYLIGHT,DRY,FAILING TO YIELD RIGHT-OF-WAY,2.0,32.0,2.0,2.0
00ca55bf2a1fa76cd1ffdfe44d85358add2d00a528691f7132e4498b8c7fc7401fa3fd0c65a919ee841d98be6c8fbba5857f36b4798fc17247b0abf500834ce0,CLEAR,"DARKNESS, LIGHTED ROAD",DRY,FAILING TO YIELD RIGHT-OF-WAY,2.0,39.5,2.0,2.0
00ca603e3f82822f6c105520ffa3bb32ec371b45917b3b9858498edad31b201d526b4529da108f5cf816cf7055dca797ae86d15cca41e98cab17aa9cfe3def7b,SNOW,"DARKNESS, LIGHTED ROAD",SNOW OR SLUSH,FOLLOWING TOO CLOSELY,2.0,52.5,2.0,2.0
00ca6f22975ff804da69838c840d359b0511829538923b51a0df7abeb07954d1af08292533ebaf78c33a8f480f6006f38708106865cbfd2c8830ae3db709f7cf,CLEAR,"DARKNESS, LIGHTED ROAD",DRY,IMPROPER LANE USAGE,2.0,29.5,2.0,2.0
00ca7092b58bb642d4a730026e2c5aa2fa2c4a1f10670b23334ecc59a0e2265c8c89fbff42668ce794331337960a9abc3c102c6a57b5504d3add2dd753b3b9e1,CLEAR,DAYLIGHT,DRY,IMPROPER OVERTAKING/PASSING,2.0,29.333333333333332,3.0,3.0
00ca8b74bd2bd16464edfdbc311490c1e9d5bd46366755fd460ce990511e1c920f432e596d088192e13bfd24af5f5a92af812da8679615c8b357f51852099a0b,CLEAR,"DARKNESS, LIGHTED ROAD",DRY,IMPROPER OVERTAKING/PASSING,2.0,19.0,2.0,2.0
00caa132c86b39ea48b5a71b463254ba90663dc5f820680dfec978dc8d6a97a12d8007b495029904fcff5f8ea72c55ba84a0c5bcaaeaadeb54d5925c6bbe939f,CLEAR,"DARKNESS, LIGHTED ROAD",DRY,FAILING TO YIELD RIGHT-OF-WAY,3.0,52.0,2.0,2.0
00caa6d3949dfac8fa9d2583ea05595716346ca4a2e1a922f47516b7f5b1bd961ebceb729b608f9730dc3d5613fadc45ccd882318d3864a6b6c724e6cfca8eca,CLEAR,"DARKNESS, LIGHTED ROAD",DRY,FOLLOWING TOO CLOSELY,2.0,23.5,2.0,2.0
00cadd668c2a002537b884b8c14e999c7ea96db3bb69bb7a53459edf4d3d2bfbd7be3abb923b5326fe6e7200c2726665b0639190c3a7fe1d898e40426c8d0253,CLEAR,DAYLIGHT,WET,DRIVING SKILLS/KNOWLEDGE/EXPERIENCE,2.0,32.5,2.0,2.0
00cae46ebbebe7f8fa8f3097d06d1c9cbc5ff8eb19d72f5156b7b003fc1a530807ef22a78934a0c60ac610caf8659f1c86fa500cd0c15582c405a95f9870bfb8,FREEZING RAIN/DRIZZLE,"DARKNESS, LIGHTED ROAD",WET,FAILING TO YIELD RIGHT-OF-WAY,2.0,33.5,2.0,2.0
00cae96cefc15d2f290101ca94261e896c03d8fed08395172bbb1d2ffb49f015f9d2e99058ae0edbc9c8d53ae0e1e9216f7bfd2816937e50fab2b735ca606ecc,CLEAR,DAYLIGHT,DRY,FAILING TO REDUCE SPEED TO AVOID CRASH,2.0,46.0,2.0,2.0
00cafaf24ca60c6cbbf15d74a70f54d179f1c0ad016c5ddd97add0767b8db1c6f1c370e66e21010c670179fcc0247e2a1ea5d81e45dbee6b687dbd50e9552ecb,RAIN,DAYLIGHT,WET,FAILING TO YIELD RIGHT-OF-WAY,2.0,32.5,2.0,2.0
00cafb3c3143e00a7608900a51bc851209d5cdde5564e0f0605e99520a1ddf520f967b95a7bd9f07e96a2b68c2de33d5e00cc83f9a339974b4a2def1431baa61,CLEAR,DAYLIGHT,DRY,IMPROPER BACKING,2.0,44.0,2.0,2.0
00cb2385de08987c1f28bda0da7994998ccd5c6f40f2bdd3c93ba88002312ae595e0abf98bcaec667560481075e8bee0fa281f6842acf4b6b420a7f081f92303,CLEAR,DAYLIGHT,DRY,FOLLOWING TOO CLOSELY,3.0,34.666666666666664,3.0,3.0
00cb330a963d2bd93e7ddc17aeda32d9bd753086f3b2221d94b247f83095d2b8128fb804fe5aef22a7e657240bfe139e3aca76725bdf8145fe5340095711a21f,CLEAR,"DARKNESS, LIGHTED ROAD",DRY,DISTRACTION - FROM OUTSIDE VEHICLE,1.0,24.0,2.0,2.0
00cb3d4504c3ceebf2299650c101475d5c3bf5d3b6ffc1f5a7aee8f663cbd81968dac1a80c1043be42066a1f91b082cf3d7de9afe294002731b9ac1df0c655ca,RAIN,DAYLIGHT,ICE,WEATHER,2.0,37.5,1.0,1.0
00cb5cb93a70adf2858aee662297fd94d0c964ed07419d0ba78314a5ecfa9d8e906c6fb73e51ae74c9643d0aba069b7301a412cf0314277abc600d041546fb5e,SLEET/HAIL,DARKNESS,SNOW OR SLUSH,DRIVING SKILLS/KNOWLEDGE/EXPERIENCE,2.0,37.5,1.0,1.0
00cb5fe4e434c9688ee49c6a5356f07d1ddeeeb7f2faf6309f27f82338259f50accbc4aa5eedd018e062f72bd1a95ce52f5d418702a6e64383e1b1ce6febac9d,CLEAR,DAYLIGHT,DRY,IMPROPER OVERTAKING/PASSING,2.0,58.0,2.0,2.0
00cb7a945bf5d3e66829e72775b81ddd20533f6d7451b949615a98de0082e0b874b6461c20fba8df016fed56c23113d6807dd79e171af27a58b627c68ffab476,CLEAR,"DARKNESS, LIGHTED ROAD",DRY,EXCEEDING SAFE SPEED FOR CONDITIONS,2.0,37.5,1.0,1.0
00cb7fd0b3b5d672eceb58dca06c64b272ced79c6e6cadfc05952afbfe20f8789fa44d4e9a3e46eacf3e594be1451a244c6a72666456d7f9fb54e6df1926d97a,CLEAR,"DARKNESS, LIGHTED ROAD",DRY,ROAD ENGINEERING/SURFACE/MARKING DEFECTS,1.0,36.0,1.0,1.0
00cb80cf1350d4aa395e8bdd7e20cfa90fb18df8029ca9df6128fc88a04503a2886808233027a2eced33f889d1354027ffb2142cf9acf414c0a42fe79c5d7cf8,CLEAR,DAYLIGHT,DRY,IMPROPER OVERTAKING/PASSING,2.0,61.666666666666664,3.0,3.0
00cb95ae9cacdd3ce257fd8ab27e28ffc26e6c253f68283bbccb88e717df8e2d09cb9a171c743fefca692d626c227d1ba8fadbeaca8123b6dac3848193d25605,CLEAR,DAYLIGHT,DRY,FOLLOWING TOO CLOSELY,2.0,33.0,2.0,2.0
00cc23d648030570a24c9c3136c8515fdc76689e90af501a15182b3274056bf534d24419dd125893136a40bac20e60f9375a2580b8d2c629ed337ff7f85bfcdf,CLEAR,DAYLIGHT,DRY,IMPROPER OVERTAKING/PASSING,3.0,25.5,3.0,3.0
00cc5699cfaefc0bf0f7b5015555d7d415289aba0568939f33df9fcfb4ef68e72599490ad430d59119ce90b3628c534965b5a65f2fe2aa2733ce630f7b2836b3,CLEAR,DAYLIGHT,DRY,IMPROPER OVERTAKING/PASSING,2.0,28.0,2.0,2.0
00cc9a4ff3bd9c940b82470b4379c286c3830129bffd7e2340ea889ac2963b797281b87ebb1d9be5e17b888a8b777e38f92c7ecf34f70a98dac961837b7bbef4,CLEAR,DAYLIGHT,DRY,DISREGARDING STOP SIGN,2.0,41.0,2.0,2.0
00cca189a7e1d82f08fab919c36e7247c31d9da1dcdee34267258288745c9739da1199e5e4f901dc90770814be840b6136b8a3b2319205dbbabc9106f3f08db3,CLEAR,DAYLIGHT,DRY,CELL PHONE USE OTHER THAN TEXTING,2.0,43.0,2.0,2.0
00cccc2238f9c3c148ebc965eb5ac820dbd047c7a5a9ad21c4397863dad6b92ab4b01ffea33a1541e75b64faafdf0948f16120df4f76b20515db8cb3b745e541,UNKNOWN,DARKNESS,UNKNOWN,FAILING TO REDUCE SPEED TO AVOID CRASH,2.0,30.0,2.0,2.0
00ccddc07ee4edc8313124f3994843bd95c47f40c8a642955e42236871bfac884ec9d2f0af9cc8a163badc078f268cb59bbf57e2a97b213513f991ec45a7a9db,CLEAR,DAYLIGHT,DRY,FAILING TO YIELD RIGHT-OF-WAY,1.0,30.0,2.0,2.0
00cd127ad04eb6ec691f3face9dfbc6496afb361fb42764ca5ab22ef98dcc80b6bdf301b2a19a150d5a75a3ae7d14731cdf032cb924405bb782adf4d6c18f930,CLEAR,DAYLIGHT,DRY,IMPROPER OVERTAKING/PASSING,2.0,49.0,2.0,2.0
00cd17a14f4087e587637b557e3842f57b60fab43a01444345b43119175c14c63fc2ef255bf83fc490a8d41739df4664ef476932446f3fc7654c006ff776a708,CLOUDY/OVERCAST,"DARKNESS, LIGHTED ROAD",WET,"OPERATING VEHICLE IN ERRATIC, RECKLESS, CARELESS, NEGLIGENT OR AGGRESSIVE MANNER",2.0,19.5,2.0,2.0
00cd265fae2b91fcd5aa91049ef10a2432bed372427bb78e4d56ab824ec36b26f2c30bcd5cf094966ba3260b65deb2fb6882a73ca2312cd883571468d3327c99,CLEAR,DAYLIGHT,DRY,IMPROPER OVERTAKING/PASSING,2.0,37.0,2.0,2.0
00cd3c6541fd2283d1a410dc68e63c838ce88a31890b2d9b545aa8a66eef955120f6c2c43e01f4ca3eac4d54f5c77ac2fd04abdaa652eb97e8633aade4fc7c61,SNOW,DAYLIGHT,WET,DRIVING SKILLS/KNOWLEDGE/EXPERIENCE,1.0,26.0,1.0,1.0
00cd46c2027b206571f99d7baf71df6a29bf67285b71dcd08ab8e50440a8f070a9d32994e6cbeb7fac2f72f5d0d6905a5e1ff0166329f53970184e32a63bb446,CLEAR,DAYLIGHT,DRY,FOLLOWING TOO CLOSELY,2.0,30.0,2.0,2.0
00cd5864025ac2ef853d2bbe008d0509f18797714501f1abd5daba5b614d08c406ab48cb07428976660c1c080102bd6c99e120d5b9c8a07220c32edabdbdaaca,CLEAR,DAYLIGHT,DRY,FAILING TO YIELD RIGHT-OF-WAY,1.0,37.5,1.0,1.0
00cd89f17d724395f3c8886d963dd318140d0eaf5c7a4ce42aebcb786cd0238566d7bbf6ba2eb95806f99197d86a92a01dde8cad07bc7193cf1faeea8f391c09,CLEAR,DAYLIGHT,DRY,DRIVING SKILLS/KNOWLEDGE/EXPERIENCE,2.0,65.0,2.0,2.0
00cdbb965f5fc4ed9a5bd37789ee5691e9889dd9f2006101122c455ba414f6055791aafd748194df0d1baddd38a80c76a6798bcc76368b78c7bb515680df24c4,CLEAR,DAYLIGHT,DRY,FAILING TO YIELD RIGHT-OF-WAY,2.0,9.0,2.0,2.0
00ce1c6b3061e396743d5f60ba8c4e797c46c25e49fb4433b08636151855a6a37aa89666d9d3b52e7a258abade8aa6a6d0fe84ec541aae3bec54cf929c623930,RAIN,DAYLIGHT,WET,FAILING TO YIELD RIGHT-OF-WAY,2.0,33.0,2.0,2.0
00ce216162705bf8f3bd4c9a9cd5d98bdcd8a48531a1f4952c51985d94c40a3afa55067880edebf4ff22b27779c868626e476b8b844c8faa74d3c0d8b8e6fdd9,CLEAR,DARKNESS,DRY,FOLLOWING TOO CLOSELY,2.0,34.0,3.0,3.0
00ce4285f69581358d08aae7640c2063e758dfc553f1f2fb295194e8bb7e4f8889e61569eb13cf2d75332f25884e7597a0abf67a06cbd89c4831c3e99abee555,RAIN,"DARKNESS, LIGHTED ROAD",WET,FAILING TO YIELD RIGHT-OF-WAY,2.0,24.5,4.0,4.0
00ce498ff774c86fc6f835b343986fbc77b9afad333c872b3fd527cb2ac291bbdec8a2816e352e14bd31c0fcaddd9c708fe98700da0e85a0e7670c891d4d8aaf,CLOUDY/OVERCAST,DAWN,DRY,IMPROPER BACKING,2.0,38.0,2.0,2.0
00ce520d12fcd96c24fa217171506ff3b1cbed16cb2f6408dc302f12b3f826332c4d58735097f9c9942fd79d13da815e6a9df4ebd3e558136b1b9f1928e8bec5,CLOUDY/OVERCAST,DAYLIGHT,DRY,FAILING TO YIELD RIGHT-OF-WAY,2.0,31.0,2.0,2.0
00ce7e37c7d48d560d0c39aa3230303621402a35acd1fa4f0e4a124c101ea98f9a91a1bbe61e85e3d80f0c4bcdc303b893ee807be993c85ea8bd38ff62fefb14,CLEAR,DAYLIGHT,DRY,IMPROPER OVERTAKING/PASSING,2.0,46.0,2.0,2.0
00ce8db0d6a493eb0fc89f56f1809ef5b9b0f4b8f088c80c358f98281dfc5079118c3f818c818e2ee7ad1ba83ba60040fd8202680e9cc2052b4f811cbb130ce9,CLEAR,DAYLIGHT,DRY,ROAD ENGINEERING/SURFACE/MARKING DEFECTS,1.0,35.0,1.0,1.0
00ce9844a75f9655d6b52dbb549ac86eb29303a98ae39476b381081e6f9ffec41cc138144f66c955a014f6c4ba42ca3f0018e7145ca4e58d65589d9ab1e7b6bf,CLEAR,"DARKNESS, LIGHTED ROAD",DRY,DRIVING SKILLS/KNOWLEDGE/EXPERIENCE,3.0,23.0,1.0,1.0
00ceac2a4cd8dc7b03240cf2b7f6f382f46d8dca59cb6f75c39e10933562960758cf893f2afc1a8a1d0e7664f2a9a4c610746f009470090b6caf14d22a9dd99d,CLEAR,DAYLIGHT,DRY,FAILING TO YIELD RIGHT-OF-WAY,2.0,38.333333333333336,3.0,3.0
00cee31f81d5fd2a64ac7853e38c6ea1b1407622d4f3ea0d2d1129acf43479f58658ce87981c1ef6ddef51f8fd377158994615d7396fe349430ecd9d03cb519f,RAIN,"DARKNESS, LIGHTED ROAD",WET,FOLLOWING TOO CLOSELY,3.0,40.666666666666664,4.0,4.0