crash_record_id,weather_condition,lighting_condition,roadway_surface_cond,prim_contributory_cause,total_vehicles,avg_driver_age,total_people,total_injured
00ceeffb88049399beeda910b6696d67ee40e14398dc46e6a585f246ab5f42e22916b2617598bb8b2edd70f91a93fbfeee93d583e3a9143029f2025847001972,CLEAR,DAYLIGHT,WET,FOLLOWING TOO CLOSELY,2.0,58.5,2.0,2.0
00cef471c3874895c2b8a996e0e57ba3eed6ebc63029951673824d02afcaa5e1363c6076e4dae8e1b6208092532f521ca4e2ab9c6db97dd56063406f51296030,CLEAR,DAYLIGHT,DRY,PHYSICAL CONDITION OF DRIVER,2.0,50.5,2.0,2.0
00cf063663b9ea42e5970940b40dc5bd629cb694176f9e8e0b5e2f28362df1adfa574ff8fed6e838c1a3a52e707bc2b1778bfcf8e95cae11c049bc6942ce1f6d,CLEAR,"DARKNESS, LIGHTED ROAD",DRY,FAILING TO REDUCE SPEED TO AVOID CRASH,2.0,25.5,2.0,2.0
00cf2c97be69ca21f65a0909a3eac3e8fbc3f3616d8cd626b6f3ac028a453dbc93a308d8abd0f42a5d6eb99a77a8c1d7171f83288500248b80cc5438aea50270,CLEAR,DAYLIGHT,DRY,FOLLOWING TOO CLOSELY,2.0,58.0,2.0,2.0
00cf3154132cbf3c1ec3600dc1e2e283ec4db47f2089fd4055402a379ca4f01c8f98e8c6719fd2278d764d68dc2a8c949cf7324851258aa11b516b838d6cecd6,CLEAR,DARKNESS,DRY,FAILING TO REDUCE SPEED TO AVOID CRASH,1.0,26.0,2.0,2.0
00cf37cf24c1cec7a2354b52d4053931e5f676cab26f6be5c6eda0b506b1b3aa7b8a2b8720470641338c1a3265031ce218ff99f16fc5bfc0a8f526ff7269cad3,CLEAR,DAYLIGHT,DRY,IMPROPER TURNING/NO SIGNAL,2.0,55.0,2.0,2.0
00cf4945d1985c15e4a9c3c8234889631103900ca21bb5301cd950d966162577007256a90eaac42f062bfc9558892f5d74e861fc66b0b9f17a9f90fb5f4fced0,CLEAR,"DARKNESS, LIGHTED ROAD",DRY,EQUIPMENT - VEHICLE CONDITION,1.0,30.0,1.0,1.0
00cf4f8b7b0eea0ad5ca17b22042cd04d5024af42112cfff5370cc39eaa34b76f4ade32b495b158438126c3c048d08d2cb041c44b722c03349a43295bf501992,CLEAR,DAYLIGHT,DRY,DRIVING SKILLS/KNOWLEDGE/EXPERIENCE,2.0,26.0,2.0,2.0
00cf58f78d706d22695f06bd96efbf47992d0b5c399d3bd018f60db705a23db936e4d7a77a9cb7558ad0e5d29ba82088561784cdc88b3bdbdd9fafe77504d6f0,CLEAR,DAYLIGHT,DRY,FAILING TO YIELD RIGHT-OF-WAY,3.0,40.0,4.0,4.0
00cf80307d2b5ff39afbd58581979f40ea4c987ce530850d6145fe721df2c24a7adc6f4d022d632d373117119691aa1c873f73e3626870b06740e43051b19d0a,CLEAR,"DARKNESS, LIGHTED ROAD",DRY,DISREGARDING STOP SIGN,2.0,28.666666666666668,3.0,3.0
00cfab375ee0eee2472acbc67899b812d22cf2fb597583893ee7ba04597d401a2e40ab5e175e52ed845bb559a66b16967d029b410c7b2a91aa67736e84b28a0e,CLEAR,DAYLIGHT,UNKNOWN,FAILING TO YIELD RIGHT-OF-WAY,1.0,37.5,2.0,2.0
00cff4d197d573184ae38264cbadd222977e33d9f282f7919c2e4c50b1b16b21555d562367266e0c501119837b143e1f5ec765c994aa2722100f5a4c20e7f6d9,CLEAR,DAYLIGHT,DRY,FAILING TO YIELD RIGHT-OF-WAY,2.0,32.5,2.0,2.0
00d0653a22e1231767012d40abb0c575587d2be51b4a28a7f2b50bba7f05e556d95b01b97d6e22e0c609655ff6b0230d6d3b37485f3d36292f6ee3acd27d582b,CLEAR,"DARKNESS, LIGHTED ROAD",DRY,IMPROPER OVERTAKING/PASSING,2.0,27.0,2.0,2.0
00d0a05ade11a43288c3f872a9de562a7d11d2dd64d536037e1ee6c5ca172ddbdc49fdd208ee2d046df3b730940b31908fcbff1a869f80e2ea36b966c0d0080c,CLEAR,DAYLIGHT,DRY,IMPROPER BACKING,2.0,65.0,1.0,1.0
00d0b274d731bf84df0fabf491448644925ccb7fc624ffe0fea1c8d5a57726b6400c37dfc97d63f069a340d32ac5617962e592656e086932653f2fd4b40c784d,CLEAR,DAYLIGHT,DRY,FOLLOWING TOO CLOSELY,2.0,32.0,2.0,2.0
00d0e57743c5d1712bbc2ce99500ef607000799cc21606615d86dc4a97b48a42671639cd36dd975a91029ab4b025ee11ec1cf13d2b3e5571679b033a292aef63,CLEAR,DAYLIGHT,DRY,FAILING TO REDUCE SPEED TO AVOID CRASH,2.0,29.0,2.0,2.0
00d12314d2d6cd7ccdd845861d929b94da0425fe51113cac834caaaaf8cb1f7905f96540c14a99a802fcd22e16d17b1f0163ec69682465afa8ffd4bfe4c44036,CLEAR,DAYLIGHT,DRY,IMPROPER TURNING/NO SIGNAL,2.0,37.5,2.0,2.0
00d167a9805d6571525aca77c269fde24dbd5472cccb17f199c1e8456f309c53ce3c5bcbd492c7796c8f8c143a9ea35481a917c48ec8bba6d521f2e6bf267abf,CLEAR,DAYLIGHT,DRY,FAILING TO YIELD RIGHT-OF-WAY,2.0,33.5,4.0,4.0
00d1983dc1a97c615a39d67daf0d9fd63b4b525a94a856470cf489f6e94c7d968d1653e8dcfbfaddda816958c0707a536d6037f0bbda537119f5305609e68bc4,CLEAR,DAYLIGHT,DRY,DISREGARDING TRAFFIC SIGNALS,2.0,37.5,2.0,2.0
00d1bc44540e51c80076f7833a6ea1af468256c7f8cf56d94baf7d83bb4e976602d2080813922c2b5f9bc848b76c871b7613632b7028708d6ac9bd4e29ff3373,CLEAR,DAWN,DRY,DISREGARDING STOP SIGN,2.0,24.0,2.0,2.0
00d215219c4842a0106d0461f33850b1fae1adcaa3ce54140e1b2b2d6e8844c39c4cce5db7e62df0eb29fc1caddd6b25af245ef54e2b6c7a702f91746c0b8b6e,CLEAR,DAYLIGHT,WET,DRIVING SKILLS/KNOWLEDGE/EXPERIENCE,1.0,39.0,1.0,1.0
00d2a7a70aeeaaf9c332334d847e6aa0d7d53636d30ef5a71bf83587613ec22695e4f8070bde6f4d2ae4bf7d4499e89ce73b40974e50fc55ce09ca16e3c139fd,CLEAR,DAYLIGHT,DRY,DRIVING SKILLS/KNOWLEDGE/EXPERIENCE,2.0,23.0,1.0,1.0
00d2c4f45e46e0f92b2f4b9249ed6c12be98525502f1820a43ecb6826faacae7bbfa436dee0b7f8c219de7c9dc5ab52b5b01e1ec3c37982166627a9b2e854a3b,CLEAR,DAYLIGHT,DRY,"VISION OBSCURED (SIGNS, TREE LIMBS, BUILDINGS, ETC.)",1.0,52.0,2.0,2.0
00d2ededc5b5d42b8db99c8658d6538d43a3e3e4ad3da17cdbc5cf24a73c961149f4f2a2dd3fdb6c2a8e015de1d77de5c2dbf1f65caaddfe0e75028a469d232f,CLOUDY/OVERCAST,DAYLIGHT,DRY,IMPROPER LANE USAGE,2.0,47.0,2.0,2.0
00d30d4806a8ff614232e7e462e359776903db6774b55b2bcf85215cc4487e1e05696f901e6ee13235bc0663caf75547234f9bfc3f0a2c85b351d7e9f36d58ff,CLEAR,DAYLIGHT,DRY,IMPROPER OVERTAKING/PASSING,2.0,44.5,2.0,2.0
00d3216ec43ff54481e50cd99e2322539a74cca4b406ff0274db69efb40320e6057d0d2bb823d2efd77793fbf53654851c058fd0ac5cae65ac8fdde0495ec9e0,CLOUDY/OVERCAST,DAYLIGHT,"SAND, MUD, DIRT","OPERATING VEHICLE IN ERRATIC, RECKLESS, CARELESS, NEGLIGENT OR AGGRESSIVE MANNER",1.0,13.75,4.0,4.0
00d33a7e10322b3e60d8da73069aeeaef35ed1e62c6c4a9888e3e53313c20ac753f9bb5dd9c2ccb3f49a8b69949d626304e5c8b514d8fdc5b2560bffdb78ab37,CLEAR,DAYLIGHT,DRY,DISREGARDING OTHER TRAFFIC SIGNS,2.0,25.666666666666668,3.0,3.0
00d3472a9c6c1da0285f63231dff98f1b7f7abfed6233518f37fdd286fd8e4a5f343fd0381442efd6ccaa7745b265fbade184dadeec17e3f7cc00eb35ad116c0,FREEZING RAIN/DRIZZLE,DARKNESS,UNKNOWN,IMPROPER LANE USAGE,2.0,31.5,4.0,4.0
00d3ad739dcf0154371768356d657c3b4c0a337643418470b5f1d47270533d5ed5e125e7eab7aa8a7eeab532859bc7a0e1e70fd52a4bfecec1209720049ecc0c,CLEAR,DAYLIGHT,DRY,DRIVING ON WRONG SIDE/WRONG WAY,2.0,48.0,2.0,2.0
00d3c7e1a093c3d377efb036d8708695682d81ed2c2ed53c5b8427e374bc641f23651a352fe6fce5977e081e003df6b7d081a6e2ffb975ba2cae0134afae7100,CLEAR,"DARKNESS, LIGHTED ROAD",WET,DISTRACTION - FROM INSIDE VEHICLE,2.0,46.0,3.0,3.0
00d3e2f8b75e376c1c51989f09316e94d22bf39f858b3d26e31248670197c584ce8efa5939246dca5240103c9f09945f9e5e4f0670098999f3d07e092feda97d,RAIN,"DARKNESS, LIGHTED ROAD",WET,FAILING TO YIELD RIGHT-OF-WAY,2.0,30.666666666666668,4.0,4.0
00d3fed656e2c9e83189058b96810c0ca7045f3f92d9f37dfe9341adf53427122189678d86c7ad60860e3f5a0fc52bad1626cccbfb5638fac56d568344fbcf84,CLOUDY/OVERCAST,"DARKNESS, LIGHTED ROAD",WET,FAILING TO YIELD RIGHT-OF-WAY,2.0,23.0,2.0,2.0
00d40fd8d38e895e738168ad71270572425528a30faeaafd42ad5fa35575fe56a0958639ead663492230c940e97a2e283b34f05c56e133d4d218720b6afbffe6,CLEAR,DAYLIGHT,DRY,FAILING TO YIELD RIGHT-OF-WAY,2.0,34.0,2.0,2.0
00d4610e9303c428b7f591882157c1122102cf9c2d932695dddca2ac3fcc59f3d99207221862221103e71f79d049a783ce3362dc32e9d1c4087250c162af71bb,CLEAR,DAYLIGHT,DRY,FAILING TO YIELD RIGHT-OF-WAY,2.0,42.666666666666664,3.0,3.0
00d46b21d9c55bf061f4857f8f8079101b3984b34500e6e0ce2ff49e7ae9c11c119f468536cd917e9af3f4881cd8aeb63bde15bebbdd5d5df7793a463993c058,CLEAR,DAYLIGHT,WET,FAILING TO REDUCE SPEED TO AVOID CRASH,2.0,80.0,2.0,2.0
00d46c64475cad4bcf09f45a287dfc7d895c360b34281ede59d7f3de704f3cd7ed071895126e1fc2086caa99463a4e64fceaacfb88579250ca1d74895c058a64,CLEAR,"DARKNESS, LIGHTED ROAD",DRY,FOLLOWING TOO CLOSELY,2.0,44.5,2.0,2.0
00d47b1e77225c036f41f61938adb6a4658e5dd8a5f85f42507f636e6f0ceaf006f97462021f8698f34a16daaea8f3c0a1f82f980e3030bb588f210884674201,CLEAR,"DARKNESS, LIGHTED ROAD",DRY,FAILING TO YIELD RIGHT-OF-WAY,2.0,18.333333333333332,6.0,6.0
00d47dc78a8e47b9267238655785aec5c4d7bd9c1c24f3c518cc58bc2cb7bde754a5d7328965deab70837966cf15b5bbb1eb33a42002d672b7ee96fdbf2b5366,CLOUDY/OVERCAST,"DARKNESS, LIGHTED ROAD",DRY,DISTRACTION - FROM OUTSIDE VEHICLE,2.0,52.0,1.0,1.0
00d4a2328023cd6ba4ca53bc967871653a2cbe7ae4e915a092991d6944df1d90ef998092d5e4f999c71c45f6a95be14224e0a6ac9b9a2bdd0d0aba28dca9eb64,CLEAR,"DARKNESS, LIGHTED ROAD",DRY,DISREGARDING TRAFFIC SIGNALS,1.0,26.5,2.0,2.0
00d4a9d488ac4bc54d605f4718d09d1bb896a604612ac40eb34708eec6e3bdb95cf0de6e9ede0ac29fa55a066c2611b632d6845c418a39787c1c42b1f3d6fb29,CLEAR,DAYLIGHT,DRY,FAILING TO YIELD RIGHT-OF-WAY,2.0,60.0,3.0,3.0
00d4b053584b8bbb85ad8802e547050e15964d59df06749c4fe7cb9a7900d9a35460b903963e902c153ae9eabd10e1f04b2a375a1a7f2b2f0d354bca4cefa646,CLEAR,DAYLIGHT,DRY,DRIVING SKILLS/KNOWLEDGE/EXPERIENCE,2.0,68.0,3.0,3.0
00d4ba596ba943dc5e289dedf12777ae0d35d8fcf3c680ce4f80687efe2e19d420afab29fdda61e16cec5cf8a21afb4af1fd5551fdd638f1b1eb4bbc878bee07,CLEAR,DUSK,DRY,FAILING TO YIELD RIGHT-OF-WAY,2.0,37.5,3.0,3.0
00d4d2c0ec4c1e86f0e8a7445060cb815c11f4d72290ca007b2f5704b5e17a63848773fa3e205470ddb522e42396b880b7726e9c674daed25bc651ba02b0a043,CLEAR,DAYLIGHT,DRY,FAILING TO YIELD RIGHT-OF-WAY,2.0,55.0,2.0,2.0
00d4d61bddb1fc4df915db042e9b5c1668439fc2baf1a9145e966b02a85edca3ce775ef369cb5d5445e5529225508a824ad5b4f09c836fb8dac453d2babf9a09,CLEAR,DAWN,DRY,DRIVING SKILLS/KNOWLEDGE/EXPERIENCE,2.0,70.0,1.0,1.0
00d4dfdf09d459e7c4e7164ad92b964a0ca273e95f28c0b39e96e43cebf707e77e1810bef4f1efb1aaf4fef6d4a8dbdac2a68e8a243d4939faa87a4655189c13,UNKNOWN,"DARKNESS, LIGHTED ROAD",WET,FAILING TO REDUCE SPEED TO AVOID CRASH,2.0,21.5,3.0,3.0
00d4ecc4623a13258f743ec45c2109cd373710a8504fad83cba1b520d02d1f18f414a47e609859afe532708f5e83d2de1890ef638030a57bf3cb290e74eb3cda,UNKNOWN,UNKNOWN,UNKNOWN,FAILING TO YIELD RIGHT-OF-WAY,1.0,66.0,2.0,2.0
00d5009f50f1e084061a60fdcff66346d58edefcdcdf35514b2c444d99526b12ba730f99a944788b1c2475751f92268b59366fcc4a0694deba438022ee75865b,CLEAR,DAYLIGHT,WET,FAILING TO YIELD RIGHT-OF-WAY,1.0,40.0,2.0,2.0
00d50d251e12cb2e0eacbb0cc54ffa973a2c286c7396631e04b31ba7b955c4ebf32d9c05f5a5216dae5d2e8f35d6e6ede48d622d9b94f9bee9ec0fdc60461aa6,CLEAR,DARKNESS,DRY,DRIVING SKILLS/KNOWLEDGE/EXPERIENCE,3.0,37.5,1.0,1.0
00d52d80fb3472a59278029e5db95a913e6e29967125cbc079d7684b32610d69582cb36d0a5ecee3a79f2b4893155f2ca620d62c593922117f0b601cd52b1240,CLEAR,DAYLIGHT,DRY,IMPROPER OVERTAKING/PASSING,2.0,47.0,2.0,2.0
00d55c351aacca38bd0f4ae9c005047edf9ed522c6de46ec35bb53b0b4dc51a5c70bedc3e851d484e8f5bc6f687c336020b98df18c254fd899a4268503b615fd,CLEAR,DAYLIGHT,DRY,FOLLOWING TOO CLOSELY,2.0,32.5,2.0,2.0
00d590a5c02189ec806e1202857de865472fa4cdf7733c401f579dce62a0d38d81ccb18189c3fa2f935bae5eee6ea6311314e49c818411e54a71bde87f08a501,CLEAR,"DARKNESS, LIGHTED ROAD",DRY,UNDER THE INFLUENCE OF ALCOHOL/DRUGS (USE WHEN ARREST IS EFFECTED),4.0,59.0,1.0,1.0
00d5a85f6b3a69953205bcae90223bae637843e4a0a8ccd474641acc3b18bede19d2d69b80c0a5a0019d61f76c4eff10dc1f761e4622382cec195f8953a78479,CLOUDY/OVERCAST,"DARKNESS, LIGHTED ROAD",WET,IMPROPER LANE USAGE,2.0,24.5,2.0,2.0
00d5b5b2df5a18e493ad21d362e412e97b71413b708d68089e31e3e964f06298f7145716d7a40de5e33246e84ffddcd90b2104f93d45b729d67f369b38c6d1f5,CLEAR,DAYLIGHT,ICE,FAILING TO YIELD RIGHT-OF-WAY,2.0,35.0,2.0,2.0
00d5e674bbd3c684f67cc26773a55c33a17c97700b6cefaefbb39a546c72b8f77b311939295364229b99a45860c7afffc1466f1a916745c46abbfd0edc2ebbb0,CLEAR,"DARKNESS, LIGHTED ROAD",DRY,FOLLOWING TOO CLOSELY,2.0,17.5,2.0,2.0
00d5ed11965b39b4346bd47e36fefcf5cca4f704771cdd75f0fd23c6ff8540ac3fdceb5850166752f4c562ef4159180fc130b9f03750ade7960e82a6dd2abfa9,RAIN,DAYLIGHT,WET,FAILING TO YIELD RIGHT-OF-WAY,2.0,39.0,3.0,3.0
00d5f3c3590e84e43cf8ff207216757404edbc279992c7d678537a797ea03a3c820afa69532bc3a7b014f8ddae6ae8f11ae449a852b4e2310e10e7e586a3d54b,CLEAR,DAYLIGHT,DRY,FOLLOWING TOO CLOSELY,2.0,38.0,2.0,2.0
00d62350a3103857712792ba19f418ec2e6350288475c32a47942aa48d7454012ff97e97f58681fde7da32ba6a55008f68352f07feeb64ac04e2b8ffeb56b652,CLEAR,DAYLIGHT,DRY,FAILING TO YIELD RIGHT-OF-WAY,2.0,48.0,2.0,2.0
00d68014ece9fcc9af25344d0997cad86660bf3a5cbbf32d85bea380556605fe5f2ad7c41ee627168a4fa43fabeb8a3a131aa5f5ad57344ccab2daa72038701a,CLEAR,DAYLIGHT,DRY,FAILING TO YIELD RIGHT-OF-WAY,2.0,20.4,5.0,5.0
00d6b315ef2ade3cf8e12424fd66ac334e9a37a7adbf3616b57675ce88481652da8dc74c2f0c30f84e47cf3ef5785c7d56b7ca81101c616c33305b1578591b63,SNOW,DAYLIGHT,SNOW OR SLUSH,DISREGARDING TRAFFIC SIGNALS,2.0,41.0,4.0,4.0
00d6bb8e97246b0f88557e153ceb1af41ae734ed168ebfb6805cc1c5c4d1339dee46e213e5b54a0c61f82551b933991489ff44d60bb7c6a491d8549cb5804cdb,UNKNOWN,DUSK,UNKNOWN,DISREGARDING TRAFFIC SIGNALS,3.0,64.66666666666667,4.0,4.0
00d6c009767bea1f332c6ed9ded3e1fef109406e5295e61dff000c2c50a9acec037ead682c76bcc1c29723a6287dcf2e88cdcbd525b613e1dd5ad22ba5c4b65d,CLEAR,"DARKNESS, LIGHTED ROAD",DRY,DRIVING ON WRONG SIDE/WRONG WAY,2.0,48.5,2.0,2.0
00d72fb0c8e3f400272d1278619b687e6119d00bfc0bb56e9dac09528b4ec601def7fdd4355ec6ca5a87d33f9290786e6050729d9fd20332b4acdb8b0497ab17,CLEAR,DAYLIGHT,DRY,IMPROPER BACKING,2.0,41.0,2.0,2.0
00d775f2303bc410101253be762e13ea097e68ae671b7adbe6f35d019ce55237211b5396eaa0c23267fb544b518f18412656c28abc508d6a040914f32774b1cf,CLEAR,"DARKNESS, LIGHTED ROAD",DRY,FOLLOWING TOO CLOSELY,2.0,39.5,2.0,2.0
00d78ace4f81606ef3658f8a804b5821fa21300c2b333f818a610a309e70cc44198ed18a2193489eabc8208e979850ab04170bbc6089abcf105abc9fe7ee7aa8,CLEAR,DAYLIGHT,DRY,FAILING TO YIELD RIGHT-OF-WAY,2.0,27.666666666666668,3.0,3.0
00d78af1640a3b23a17a49cf4fd2951a1d16c871d4f2ed4566b97bfbfe36a6d900198a6a554142ae4e93eda692dbced078ae18e9cbcca42db8b132d6352b3df9,CLEAR,"DARKNESS, LIGHTED ROAD",DRY,FAILING TO YIELD RIGHT-OF-WAY,2.0,45.0,2.0,2.0
00d7a38bd3a2cad5eae7ca90a9ad21c435d7b849cfa0b8519413b76c0ef375a30aaef03e51d8b66f3eba0657f8842533d74d69aaac0debeab3c3f2e0c0eb73a8,CLEAR,DAYLIGHT,DRY,DRIVING SKILLS/KNOWLEDGE/EXPERIENCE,2.0,51.0,2.0,2.0
00d7ca85537d4d9bf8a0c35bcb0ed2d871e3967afc6006b3d82cb8b5e21cb1d2b487d3fbcf91f684c7a8056ea6fbdb11de023c74bf3d154652a5af7111c3bf7a,CLEAR,DAYLIGHT,DRY,"DISTRACTION - OTHER ELECTRONIC DEVICE (NAVIGATION DEVICE, DVD PLAYER, ETC.)",4.0,23.8,6.0,6.0
00d7d40265621493f84fc91b22a08c14ff867dfdd0b509c7e206b8805290c86930d7b4ff0cb70b676c7d712d749481d12f1f8d215789bdddc1db0a33f56d9931,SNOW,DARKNESS,SNOW OR SLUSH,PHYSICAL CONDITION OF DRIVER,2.0,20.5,2.0,2.0
00d80aea16a4fc7a2c7239bfeebf814b8de257327360b95992a6212715053e69ee285287b945896ad2b14d3cfa077d4d1bd2b679be37d7aa5393404dcb62a038,CLOUDY/OVERCAST,DAYLIGHT,DRY,IMPROPER OVERTAKING/PASSING,2.0,38.0,2.0,2.0
00d8255b7a2878d51a5ef447ebba650401b20fe3bfa84bc3d96b023b1dd1e25987a7d3af0ea5f46abb761f5931fc05b3a74aed2708055c04d03d7d7a66dd1db8,CLEAR,"DARKNESS, LIGHTED ROAD",DRY,UNDER THE INFLUENCE OF ALCOHOL/DRUGS (USE WHEN ARREST IS EFFECTED),2.0,28.0,1.0,1.0
00d8551fa262f6edcc0dd52f72fa34f653101b1d6d14474148c2a6fc867a33360e9d27b1643ccc1964c72b8c5ac7e50f4c3650d83af207efcd1bbf70b7949c4a,CLEAR,DAYLIGHT,DRY,DISREGARDING TRAFFIC SIGNALS,2.0,50.333333333333336,6.0,6.0
00d877137f02acec72cc7496dcb281bca2cf0248516631c28cee4801b610661f32896c67dc2775391ba7a9eacd9e64ff643c25a7cd292bebd51922ef50f2fdc2,CLEAR,DAYLIGHT,DRY,RELATED TO BUS STOP,2.0,34.0,1.0,1.0
00d891063d4e640a52f3553961704a266bf01039fac65e979c565fc94ce1eb1d5ae1c0a0b185f8905904bca5f5cd3d2270182c08a6a32285efca3e7146b3d71e,CLEAR,DAYLIGHT,DRY,FAILING TO YIELD RIGHT-OF-WAY,2.0,45.333333333333336,3.0,3.0
00d8af53c7d2540954118fd8c4786afd5f11c18e847d0768bc9105db61b08478733afefe4bc4064bddc9cd480e813b2659a854a38b1628e10d44fb1c9257a827,CLEAR,DAYLIGHT,DRY,IMPROPER LANE USAGE,2.0,61.5,2.0,2.0
00d8ec2f5d13d5a909d15cf061dba3eff9165324ea7f296031298b7bcf55e6efe8affe02e02b8ea0952b1bce68e2d21cf98d9afc8d518ec1ade160e881ea9fe8,CLEAR,DAYLIGHT,WET,FAILING TO REDUCE SPEED TO AVOID CRASH,2.0,31.0,1.0,1.0
00d90b4878bc3377eedd65c96221c1d9fc0d82685dc2c420c17d456c4c0e4e9236dde2a9cdbfb3e6768961335c339a3c21206cbd5fb98835d0f61b0c3683ba3e,CLEAR,DAYLIGHT,DRY,FOLLOWING TOO CLOSELY,2.0,36.5,2.0,2.0
00d93c60e094b253c0cccf04f66acd1a707a2031a852dc29218ad0448145f64171175c16a8bb8549faa8a4c6ae9e97321cb0debe9de74d0ddced8b403de6db56,CLEAR,DAYLIGHT,DRY,FOLLOWING TOO CLOSELY,2.0,51.5,2.0,2.0
00d99508cd3cecc731f04afe0bc647dc06b26092cc5ec3bc3d4f7743c569a323c0cfa76ded0457c46a4e79868fff41eca61cc2d48f18dcbbb04b2950a35e45dc,CLEAR,DAYLIGHT,DRY,IMPROPER LANE USAGE,2.0,57.5,2.0,2.0
00d9b2a56c6937a180a8396b2c11ef932be31fa90454c82f8965180584451d1afdff5922451cfda46fed182eeb4dc0dae6177b2980499cdce886675f32aa2ac0,CLEAR,DAYLIGHT,DRY,DRIVING SKILLS/KNOWLEDGE/EXPERIENCE,1.0,16.0,2.0,2.0
00d9b90cb0aefeaa9a9f5240648773d6f5923c85fb44e900c05128ebaade5500aa6be0b7e6a7f8ae08ce0988fcabfd5cfaec447c736b2be2c3a1bc60b9fbd959,CLEAR,"DARKNESS, LIGHTED ROAD",DRY,FAILING TO REDUCE SPEED TO AVOID CRASH,2.0,34.0,1.0,1.0
00d9f506c49224dc2145da6bd0823084540e0c95c199b45541f8c4e73b1edf161e680f79096b7a713f7484c7f50f3eded3e49465a01b3e290e9ac9bebc0ea832,CLEAR,DAYLIGHT,DRY,DRIVING SKILLS/KNOWLEDGE/EXPERIENCE,1.0,37.5,1.0,1.0
00da02cd62ecf1d6f91728e13a9059faa34e9a82587637a2ab4a63f9cd88e33c8ebcb8acd24570f8ee3ace93f19c3a8b4288645e6af67940f8f8481abd82bdde,CLEAR,DAYLIGHT,DRY,DISREGARDING OTHER TRAFFIC SIGNS,2.0,28.666666666666668,3.0,3.0
00da2531e01db33720e5fea10d8ca992267e74dc7318d229efbc8e2984b2958eb04778cea201827c16e5d76eced3f60f0dd08cb95222cef9b86c2c69c1edec23,SNOW,"DARKNESS, LIGHTED ROAD",WET,DISTRACTION - FROM OUTSIDE VEHICLE,4.0,22.0,1.0,1.0
00da70c8fb38dbff770d3560d5e11533151808c994ea227240972d21438aa6733c8b6d3c1b0cd9a2051dcd62ea0d2747f5f23499070c1b5a508b58aa433107d1,UNKNOWN,DAYLIGHT,UNKNOWN,FOLLOWING TOO CLOSELY,2.0,17.0,3.0,3.0
00da9dcb479e5e1dc170ea8267356372f1dc040743d5886ed72acb7885271f571b73e79a1d1f9b612489ad612478bd26cb34bede6892c885524c75441d68570e,CLEAR,DUSK,DRY,DRIVING SKILLS/KNOWLEDGE/EXPERIENCE,2.0,41.0,1.0,1.0
00dab9daac8a67ea85893f8fc952b3b6ab202c76db5dac7050e5ac04e1cc984fbebb60f5564823295689c371341761988166d3c77828909305c9f3dc386f30c2,CLEAR,DAYLIGHT,DRY,DRIVING SKILLS/KNOWLEDGE/EXPERIENCE,1.0,28.0,2.0,2.0
00dabd1190be9347f130b215b03cf0e6285bbdb09344c5cdcf559910931a0d42689252616c8e91600f71edf72ba9926d2cb732769fc027fcff59dc5ae59dbb3e,CLEAR,DAYLIGHT,DRY,FOLLOWING TOO CLOSELY,2.0,43.5,2.0,2.0
00dacb5159240141d30b947eeaea91d2e24d030ab73e5dc95ab03b969fae57569ce5fe34c30e61d0fdcd2068d6451ad14ed7dea4adf5146eb0f0ad4691dadcce,RAIN,DAYLIGHT,WET,DRIVING SKILLS/KNOWLEDGE/EXPERIENCE,3.0,35.5,4.0,4.0
00daf207cb6ecea2e6c54456e39ca07ebb1b040f0421de467a51c4f50860c41740eaca7b0c47d57b786844503b05337c2cc130b81cd310dca87d2fea04711246,CLOUDY/OVERCAST,"DARKNESS, LIGHTED ROAD",UNKNOWN,FOLLOWING TOO CLOSELY,2.0,53.0,2.0,2.0
00dafefeff51e5a106d9fe8f8a295d0dea5a41ab202cc97df2b7823aeb88b35b56b9170a119e2d80a4734c11ef92402a188d8ce95fb4e44aeb2dfe60eb227f24,CLEAR,"DARKNESS, LIGHTED ROAD",DRY,FOLLOWING TOO CLOSELY,2.0,32.5,2.0,2.0
00db057c59a0985c41da9174dbfc7b40b09cf699d00714fdc5df782554237abde0e7e52101c8570cef41770ce71a68bdc09b2306f59cba239954f78e4164978e,CLEAR,DAYLIGHT,DRY,IMPROPER OVERTAKING/PASSING,2.0,37.5,1.0,1.0
00db1bf8441b09f9d7d3cbbbf167f32e0abfb28c2e684a657ab7d9f5b8cf0cbe934bfdec70793dbaeaf6bdb4a8fe4664a1b376f2fa12764efba4edd4e5d2e2a2,RAIN,DAYLIGHT,WET,IMPROPER TURNING/NO SIGNAL,2.0,35.5,2.0,2.0
00db745caafe0a11cb38e02e5cb4cbd48a33bc409a671ba4180823e0f431af5ae7084cbde5d27933dbc776fb149ca75edc2f7ffc8cbca92c736b9c67466f1ea7,CLOUDY/OVERCAST,DAYLIGHT,DRY,IMPROPER OVERTAKING/PASSING,2.0,35.0,3.0,3.0
00db7d2ac289466faf66015454b6e13e0bd57c04165b878717447bb28f0002117ac553f1a57d4f7855067fcf08798b16c8a5014050cb63cd482e8698ca3fe8a5,CLEAR,DAYLIGHT,DRY,DRIVING SKILLS/KNOWLEDGE/EXPERIENCE,2.0,50.0,1.0,1.0
00db83a2501e1220cb6d238495a48794e17d61bd110f951e3919c674779dd8b9f146b4066bba952cf076b81ccbc54ce7761b2542d3c8288e61296af396e9fbf1,CLEAR,DAYLIGHT,DRY,FOLLOWING TOO CLOSELY,2.0,10.0,2.0,2.0