crash_record_id,weather_condition,lighting_condition,roadway_surface_cond,prim_contributory_cause,total_vehicles,avg_driver_age,total_people,total_injured
00dba52a44ff8309b4bc8a9bd2157a8a9627b2bcfff43e4516c5281a96d272aee58a74fed1ba13482f4cef3bf177051c13776bb3d08b09c58ef5f735ad853b72,CLEAR,DAYLIGHT,DRY,FAILING TO YIELD RIGHT-OF-WAY,2.0,50.5,2.0,2.0
00dbb9f862e5010db159f0f07ce1d44dc4cacc2ee1dd109d2c4c3df05554fc740344d74a98981954b7533ab30dd42101e41f3f75fd53301419e7f27e9c06a732,CLOUDY/OVERCAST,DAYLIGHT,UNKNOWN,IMPROPER OVERTAKING/PASSING,3.0,44.5,4.0,4.0
00dbc45e5217664c6101c81502106d2f0a18c96c64bcb7a0cf4b68b571744edd25eadf85698ad16d7d5dac733c21972f7b76a3426fc9491d85e95bee8d9bfd4a,CLOUDY/OVERCAST,DUSK,WET,FAILING TO YIELD RIGHT-OF-WAY,2.0,56.5,2.0,2.0
00dbd1fc5351693ab80906fd782bf1c506cdb46821e3ae04bbac972863a455dcc8d35c37d607ccdd1983c701b9af042ed6a3de1f70bd8cb805ae034fda9b2409,FOG/SMOKE/HAZE,DUSK,WET,IMPROPER OVERTAKING/PASSING,2.0,27.0,2.0,2.0
00dbd63509f38e72b187796ac90168da6d9ce07b9225ebd6d717ad9fcf5fbc43289b12543f3870c1c9fd7642391eab70ed048dba844fdf78ddfcd8b954f5fbe1,CLEAR,DAYLIGHT,DRY,FAILING TO REDUCE SPEED TO AVOID CRASH,2.0,57.5,2.0,2.0
00dbe39af62622be1c97a1c637ce23569530a562930852da2c81207210cf2728271be614c80dd9e7b1edd22916ee7ec86a04b75a712b1753937db8cbaa9b90c2,CLEAR,"DARKNESS, LIGHTED ROAD",DRY,EXCEEDING AUTHORIZED SPEED LIMIT,1.0,29.0,1.0,1.0
00dc1b3975d7faa1291b7e5de14943c114d75b5e7a25850f3561a4b7d3eeb8162e4df443e974cfe04a5f1760c9f72d9b17e9bfb82df1d2444b1f1dfa7d630d39,CLEAR,DAYLIGHT,DRY,FOLLOWING TOO CLOSELY,2.0,42.0,2.0,2.0
00dc20cc48af63b72e63069b861c66ec9e9bc33b92a84d2dfe1434b60943037d41c7ef4745251f899a85062b8492e3001c4143d8a3803a0f2ddc829cabbc3a73,CLEAR,DAYLIGHT,DRY,FOLLOWING TOO CLOSELY,2.0,34.5,2.0,2.0
00dc7319d7ad5ad402c10b9e13d1815b59af428ea6bb7b665cdcf25e8e32557f7356213b807d22dbbc2d0b56fbac73591c9c110c711cc8180e2277b31f2a89d3,CLEAR,DAYLIGHT,DRY,IMPROPER TURNING/NO SIGNAL,2.0,22.5,2.0,2.0
00dc77ab140b4646e6a2a1415a80a6f8b93655096db82bf86b9c09517704d6c74edd45c5c15414e3103b5af53cdf311a503f278397e838c410c1cb6c40247180,CLEAR,DAYLIGHT,WET,FAILING TO YIELD RIGHT-OF-WAY,2.0,47.0,3.0,3.0
00dcbdb249028027dc7c1422e85623a4e468683b41d7436a1fd2fc962498a157702995f48aa3d4fa790f97edce90d80357190a844cc9b8d92a6c5a1d30732766,RAIN,DAYLIGHT,WET,FAILING TO YIELD RIGHT-OF-WAY,2.0,27.666666666666668,3.0,3.0
00dcdcfd1632f9895eec243061c84d98edf0922312bf1fe39833bd31f54be013ebe65ce4a30c3c54a6b51d3ed168a18d751f06cdbc8e22f2297b7736d2b80598,CLEAR,DAYLIGHT,DRY,FOLLOWING TOO CLOSELY,2.0,26.5,4.0,4.0
00dd0aed973a2e2e21f5ada3ebe2f3f18a1caf2ffd4890b8a50b4d58a0f134bc5a12a419a0af3ab8687bce9bdc0eeaa47a2aaf9683f78fcaa9d8467f5cefc07c,CLEAR,DUSK,DRY,FOLLOWING TOO CLOSELY,2.0,43.333333333333336,3.0,3.0
00dd3ac21c7c49be8b80fba122b78d54a67dac7ec252325f34454bc9691902e5812f969d58294d8499c6b7f63f343dfc04ea30a6489866f4722768373c9a5dfc,CLEAR,DAYLIGHT,OTHER,DISREGARDING TRAFFIC SIGNALS,2.0,19.0,3.0,3.0
00dd5552754c5e9a5bee2c447ff976aa2e78ad0a84837da7f6c968271fbb442dda241b8b94c008783a28c056b3dcf2cb688ec4cbd81825c752e8d74fbc1220ac,CLEAR,DAYLIGHT,DRY,FOLLOWING TOO CLOSELY,2.0,30.5,3.0,3.0
00dd5c4961191b00a73b869dc8d550cee963513002e973b967edaf7ac42fcf9af99a6ba16578285a826a4fbb05e222e02f0282706d033cec601d282ae7edff21,CLEAR,DAYLIGHT,DRY,FAILING TO YIELD RIGHT-OF-WAY,2.0,23.0,2.0,2.0
00dd627974cde5a5fc172f75b383c04c98cc15fc306de03768eac5bddf984a2f8d755e31d5e98f1853984a6a37b83aab3736c0c6192211380130f1ae9b7b4fff,CLEAR,DAYLIGHT,DRY,FAILING TO YIELD RIGHT-OF-WAY,2.0,61.0,2.0,2.0
00dd693e8bda8101be4be9beedb8eb8a1e0319a0b1acc4e9ec3e4c23e14aa579eafab29f34cb04886a8782f25105a29cd9fcbdf4ffbd187306b90d0d566b2959,CLEAR,"DARKNESS, LIGHTED ROAD",DRY,IMPROPER OVERTAKING/PASSING,2.0,39.0,2.0,2.0
00dd8a180454b9f3eaafec61efabf4dd7d8ec613bc95603c364d644cc6d6686cdf4125a5c8daff53acea00244a0bd44d52907b43991c0555b998858f6c914427,CLEAR,DAYLIGHT,DRY,WEATHER,1.0,65.0,1.0,1.0
00ddca258f99487a2ccc61fd12466ffccf64020fd80e71f65ea199fb8697e457b012f4b41ea087f9b919f227201566b9a3eab9b715522dd302170389f0eb2031,CLOUDY/OVERCAST,DAYLIGHT,WET,FAILING TO YIELD RIGHT-OF-WAY,2.0,30.0,3.0,3.0
00ddd119094e3f7f963751f7f98a065b955feafe9d8467d36bdf5fb16033ecc5c6cd8c7e610789ff4b381197fa9f511ca71bcb41d1f6b5f60d391ac82946f3c2,RAIN,DAYLIGHT,WET,DISREGARDING TRAFFIC SIGNALS,2.0,29.0,3.0,3.0
00ddd789b0aa09202f414922f8bc07108b5f8f7b0377242a81140e477ea6170b132009bcd6e104b7743e32ccba62e25d45d24dd07129a62fd44a87e3a9aa2598,CLEAR,DAYLIGHT,DRY,IMPROPER LANE USAGE,2.0,47.0,2.0,2.0
00dddd78ca6f943412f39f30dd9f08917514c6a8e6186e93f352f24ab204093eea5dddd5cc4171d92ad2f973156daaab26441a9c079c04d9fd3bb925ec0f9773,CLEAR,DAYLIGHT,DRY,FOLLOWING TOO CLOSELY,2.0,39.0,2.0,2.0
00ddebb8a9b55a0c9bca71427102d5b5117c1d0237503934f7ba878cccb0eda7a8ea3861473f27fd51f7e482ba7d0ae7c82d221a0b533db76fc2c270169e931a,CLEAR,DAYLIGHT,DRY,IMPROPER TURNING/NO SIGNAL,2.0,28.0,2.0,2.0
00de09f4845d2c719d101fb8cec73d2b06e73679e91e0fe55f3573ee405a99c0f44138b374747ca7bd9aeb089d955d679a11d58a985bf822abdccc128616aad7,RAIN,"DARKNESS, LIGHTED ROAD",WET,FOLLOWING TOO CLOSELY,2.0,31.0,2.0,2.0
00de4a0e643c300c5399580f2aec1f103e52e0764d3493abd67d3750c55201d1041cfedbbbc6b56036030816cdbcf8df15c837ea013ceda585893f14984d7c3e,CLEAR,DARKNESS,DRY,DRIVING SKILLS/KNOWLEDGE/EXPERIENCE,2.0,30.0,2.0,2.0
00de4b9b92a6ee5282345a9aeb44c88abf2e955396bcce920a56442c4097e796d3de1c546672d71c60e65105bbcf820939590fa0b9571ddec09bbb2b8807c9a9,CLEAR,DAYLIGHT,DRY,FOLLOWING TOO CLOSELY,2.0,33.5,2.0,2.0
00de62a1a41abeb252df69c0d493529d2794214c156753ed5a83d57f9e852165e1fb052130016e5debe987b55560185694fdd22779808a5c9c84c2fb8ebff2e0,CLEAR,DAYLIGHT,DRY,DISTRACTION - FROM INSIDE VEHICLE,2.0,42.0,2.0,2.0
00de7801664fec29bb416ea2588ad114fc4eeb4a821cdc7fdc636c2dab23991088649c4dc87cf6896faa9a559d7353d4e3d552808a9bc009815d906fa2b167ae,RAIN,DAYLIGHT,WET,FOLLOWING TOO CLOSELY,3.0,43.75,7.0,7.0
00dea6808b8bb4817dad7a8ac6afdd30ef7d092ace263f6490aef35e10549d34b4764d50d53aa3f747106277c27a1f6117f1b00754b738539870b59551d4caa6,CLEAR,DAYLIGHT,DRY,FAILING TO REDUCE SPEED TO AVOID CRASH,2.0,37.5,1.0,1.0
00df097eece7369725642c481e5aa50d27f9cd3e3b74e97c57c116e4332e77212f4f780e7395de719e50393124263aded3a1341abd4f4448c5593e1a615a00e6,CLEAR,DAYLIGHT,DRY,FAILING TO YIELD RIGHT-OF-WAY,2.0,44.5,2.0,2.0
00df2880ab2e205a2f29a36d61e88202b67a7eb6435045a039588cea8c069951ec23bd55d00f5ad059917329a1f4e14b3d5ed693e4bdc7bedc0976103d9bff88,CLEAR,DAYLIGHT,DRY,IMPROPER LANE USAGE,2.0,62.5,2.0,2.0
00df300b767715acfb38aafd37116cfc769e7e229f2370504b58dd9c1827723f4a02a4fa52b0d34035859e4f4f3fddd3ca108c510bb97253bb05984736ddedcd,CLEAR,"DARKNESS, LIGHTED ROAD",DRY,DISREGARDING TRAFFIC SIGNALS,2.0,28.333333333333332,3.0,3.0
00df612c8c44256648a93df3d367c8cc316fa24f6d12cb1b65e590e91188cb5419929a773a09fc57b5bed71cbaf753dc95458f7b11b270fe06feb5c01b0102b7,CLEAR,"DARKNESS, LIGHTED ROAD",DRY,"OPERATING VEHICLE IN ERRATIC, RECKLESS, CARELESS, NEGLIGENT OR AGGRESSIVE MANNER",1.0,28.5,2.0,2.0
00df7ace34567bc60f7cf03ca69e7df0d69d8dfdf406854c590abf17cbd619409d9c3e6b0f6a5d2b84153b9b89bea78eee5d94f6d2e2bca85ab29fe1eaf9612a,CLEAR,DAYLIGHT,DRY,IMPROPER BACKING,2.0,49.5,4.0,4.0
00df804315d0f19e40a281edaa6c8d964b3c99e685e9a6cab82cd1846ea063b8c1c4f471237be7c4db9e405ac5458a903e2643ded9e7b7cad30b30bbac31f785,CLEAR,"DARKNESS, LIGHTED ROAD",DRY,IMPROPER TURNING/NO SIGNAL,2.0,45.0,2.0,2.0
00e02aaee0ce6b8f9af1acf7b5be8ec009702031a7bc84c51a703c86e472c497a28ee3250c3512e673e5c4d89c4b48bf02383a3ba9c3563a1feccce4f01a14db,CLEAR,"DARKNESS, LIGHTED ROAD",DRY,PHYSICAL CONDITION OF DRIVER,1.0,27.0,1.0,1.0
00e06bcebad16e61afaf15786520c9080176b1091b02e605cd13e072e5dcaf0d1df0623d6c43550be6bc601b42fa261f6a2550678d417265fa38283e2524c7b3,CLEAR,"DARKNESS, LIGHTED ROAD",DRY,PHYSICAL CONDITION OF DRIVER,1.0,22.0,1.0,1.0
00e089c06ff7840d7c82bca3d6f7e209a65ca9c1f4abf75a6fdef50ca91b40ade27bdf9cb5de8609e6395d23947becd8f057488df3bc0c616ea66614b0918eff,CLEAR,DAYLIGHT,DRY,IMPROPER LANE USAGE,2.0,28.5,2.0,2.0
00e08a43d962a6ba69305d7cc82554cb98f26c3432a990e4d9a8359d969ad3c19090952a44fafcf7f10d22933a6f12608062d9e6fe1947d140705adc10452311,CLEAR,DAYLIGHT,DRY,FOLLOWING TOO CLOSELY,2.0,61.0,2.0,2.0
00e0bf41e62457102a0079ca58e01ace988711cf05410e09f50d439bd2a59cf0c66ebbca5cba9500782c0a87c5ca1132844b5735db1f9f1ff3cb8cbde53ec9e0,CLEAR,DAYLIGHT,DRY,IMPROPER LANE USAGE,2.0,36.0,4.0,4.0
00e0c343c7dacb49c8e68b9b6421196549106de28bc77cf828c74b7fa0867245d7f8203eecec9432ff2f5e775e64e4b29cffa7a83cbd202bba38eb25390bc0e4,CLEAR,DAYLIGHT,SNOW OR SLUSH,"EVASIVE ACTION DUE TO ANIMAL, OBJECT, NONMOTORIST",2.0,60.0,1.0,1.0
00e0e388f50cbbb98aa0705b38d2a5002f05f05831af55df94b16c9b2c66b665dc3cac1665941f86afde1757b5c5fc25a2988f7b6e2fb768fad6d4731ee66927,CLEAR,DAYLIGHT,DRY,IMPROPER BACKING,2.0,29.0,2.0,2.0
00e0e77e5cddeb9b5adfd6b0d50244c100c2774e145e29e8338460082650800800107d6890199bfb3a09e982050cb2ce947ed713af2753f617f6d1fd86693c48,RAIN,DAYLIGHT,WET,FAILING TO REDUCE SPEED TO AVOID CRASH,2.0,27.5,2.0,2.0
00e0ec32919c2794f1b107cce576c2fa9a419515e8d0d0c6eb85326c8bc5340948ec3eb8111fca1c056e67888ed5801151d50db540bf611450af56a96a290a8d,CLEAR,"DARKNESS, LIGHTED ROAD",DRY,FOLLOWING TOO CLOSELY,2.0,63.0,1.0,1.0
00e0f98fd76c711a069b1dd48b7f2647d41c5270ab20c0c64827328a12930f412a74632155b73377b0678bce36f60ea6a89a99542ce20a2aef809463b60da8d3,CLEAR,"DARKNESS, LIGHTED ROAD",UNKNOWN,DISTRACTION - FROM OUTSIDE VEHICLE,2.0,37.5,2.0,2.0
00e10d976c6ffc8ad818cfd476c2f4cf637644e0628b80f8a1a4cbaa2dd62d7bdee8c864dd0147fe1e8b261b0c49f1542ee01ad743fa5ddfa7bc10d1befdf122,CLEAR,DAYLIGHT,DRY,DISREGARDING TRAFFIC SIGNALS,2.0,36.0,2.0,2.0
00e146769a9fa4ea09ec604cee3c6608fbfe312517e7907fd61626464b6a9e31c67cf71b3897adecba2cda19c20e6511c11c539f4283fccf06f1398a495d1a18,CLEAR,DAYLIGHT,DRY,IMPROPER TURNING/NO SIGNAL,2.0,39.0,2.0,2.0
00e1655aebeaa2dae60ddaee223e672c65092338327d7de1a21f1f7b4b80ce14213ffe694dcf2cce75cbbb349bc52e97fa63514a0e3e96defaf560f9d2d0b300,CLEAR,DAYLIGHT,DRY,FOLLOWING TOO CLOSELY,2.0,48.0,2.0,2.0
00e1975a0f3621733797082e9c7647871a79d67fc93fd4d3af7f0c6852a525c27da2193c5314b5ff542b6ae5eab167dce43cf12bac066610ededd12ed66bad9a,CLEAR,DAYLIGHT,DRY,FOLLOWING TOO CLOSELY,4.0,31.333333333333332,5.0,5.0
00e1c07c710e9f27c0631308a51953745868245421172f16c16eb62b35856605a077cc09b70226bb80ed6a71abc74b02b3c6e168085dca6484ca59829f7bdac2,CLEAR,"DARKNESS, LIGHTED ROAD",DRY,FOLLOWING TOO CLOSELY,2.0,50.0,2.0,2.0
00e1cececa378be4511be35e1d9b7a68b2a85d09fa3cdfe5b77c6db1256b00232d8d689fb0f31fdc97db9e62671ed19987e96c2108f2162233df112ee30d08ea,CLEAR,"DARKNESS, LIGHTED ROAD",DRY,FOLLOWING TOO CLOSELY,2.0,48.333333333333336,3.0,3.0
00e1ed898cbb3065249911c2b2e470b7fd15acb147507a24b035ef120d86b92520a40afa85a3ffde3390f5e9203ff5db71892cb71eda6a48346accd4a7ee69f6,CLEAR,DAYLIGHT,DRY,IMPROPER OVERTAKING/PASSING,2.0,40.0,2.0,2.0
00e20a26e53d0c6806fdb89244115fc27bdb3b368e1d03cee7841c88075e8d0f4f66fa998c858ee62aa95449792a6c8abf684faec9990d179203e9434c62a8f8,CLEAR,DAYLIGHT,DRY,FAILING TO REDUCE SPEED TO AVOID CRASH,2.0,42.0,2.0,2.0
00e22bfc1617f4b78562c18a39606bb73fed37636532c7b70690943c0f047ff2c978106c77cd2acb1180cd243ba6ff5d24ada788ebce682a11098bf515da871c,RAIN,DAYLIGHT,WET,IMPROPER OVERTAKING/PASSING,2.0,68.5,2.0,2.0
00e281775c0a341607cf8e14861f3d82de1d1e7c10025e01a13cec60414c90ef2aaac867c1ee4a87a63a0e8f78aa81b31fcfc1d3d8ce72f9d887e99d99e2fc6b,CLEAR,"DARKNESS, LIGHTED ROAD",DRY,IMPROPER OVERTAKING/PASSING,1.0,22.0,1.0,1.0
00e2839e0baf9ddc201d6dc46093c63778a1b83148ce98df82df06b898495ccdc9974aca21f016163c4d80599ef3c262ae75f56a49afd3497246bb92bdf42ca3,CLEAR,"DARKNESS, LIGHTED ROAD",DRY,FAILING TO YIELD RIGHT-OF-WAY,2.0,46.5,2.0,2.0
00e29cbf034a024f211a3c2a0b823f65e1929289e682293cd9adf3bb0cf6d6464882dd9be7b08a43624c6881bb3e04760b501e998cac4df6f4cb77d8cb6ca437,CLEAR,DAYLIGHT,DRY,IMPROPER OVERTAKING/PASSING,2.0,37.5,1.0,1.0
00e2a1775947b81a625890363f3d4e483417f88379ff8069448a80a652df1bd51adf0bae14c4147d2a5ddca5159d80f4d35ae70323ec55bbb62879c489922bc1,CLOUDY/OVERCAST,DAYLIGHT,WET,FAILING TO YIELD RIGHT-OF-WAY,3.0,31.25,4.0,4.0
00e2b949b64b19e665e9ce34c53c076630a7b08e8f7c6ea4552eaf8f2d0f8ecd7e98edc0a4152da194ae1ee08d549d1f05271bb296bdf0da896ff74c686a35eb,CLEAR,"DARKNESS, LIGHTED ROAD",DRY,FAILING TO REDUCE SPEED TO AVOID CRASH,2.0,69.0,2.0,2.0
00e30aad37d8b52dab929c1d4bf2f1975a7bd6b4de775b5413c66df030bc00800fcb69cdff709d601e17242e0e625b4ef77f061cd452933e4f1bc1b521502219,RAIN,DAYLIGHT,WET,FAILING TO YIELD RIGHT-OF-WAY,2.0,21.0,5.0,5.0
00e32e4bc868bac34578733bf4239e8355b790ba5c6e7bcd30b7dc25ed7574b6cf94eec0560181067ff937947f4848ffc6db6a89f9dec9f8664eb8e4a651cafa,CLOUDY/OVERCAST,DAYLIGHT,UNKNOWN,IMPROPER TURNING/NO SIGNAL,1.0,59.0,1.0,1.0
00e33cb8e3d345bcb84007ca0f822f40dcef9fe0d6d4aa118a57844af49f40a4ff3b37a916f7f3f89a0413d8e3af0372c234a66913b32903d60f087344c4ecfa,CLEAR,DAYLIGHT,DRY,DRIVING SKILLS/KNOWLEDGE/EXPERIENCE,2.0,26.0,1.0,1.0
00e35729ae173a6d198feddc534939a4201134b49e542ea833ef4c6da0126c48f1e970926b2e862a6e37f6b2620b61c3368b761e9d854104026e21db60c81901,CLEAR,DAYLIGHT,DRY,FAILING TO YIELD RIGHT-OF-WAY,2.0,0.0,4.0,4.0
00e35c0b4feafaf86f72c9abe0652cb26c797c7f56322783c8568bf450530894ce74cef2daea611b1dc0f6bfcfcf6efd8c0b54b9dc76e1191cc02e14737d60ac,CLEAR,DAYLIGHT,DRY,FOLLOWING TOO CLOSELY,2.0,42.5,2.0,2.0
00e3633abfeb90b65ba02c5dd8a6f5080c44096ee3234cd0bd7b785c88597407ce137d4dd0e3b0d91e68baaca730302661bcf4acf387002f94103e63ae661fce,RAIN,DARKNESS,WET,IMPROPER OVERTAKING/PASSING,2.0,36.666666666666664,3.0,3.0
00e36c93721c25764c7e488032907bd447ac4df681a6689baa5045c608c8228b806e1a850d0d28b17101ae4a3c34fed2c0061ae7795bacd9179123707dadde2e,CLEAR,DAYLIGHT,DRY,IMPROPER LANE USAGE,2.0,29.0,2.0,2.0
00e372889004f19d69dea51371d854569deee211be29743a6e932f040accdd49d4f82324c842ad250d9fa67ee323532b0d1fd2e7556fbbc1a2bc522f2c87682f,CLEAR,DARKNESS,DRY,EQUIPMENT - VEHICLE CONDITION,2.0,34.333333333333336,3.0,3.0
00e37476cb8cd31f6a108c209f892e094bd2426706c21aac229a45d6fc7b98526b666caf8a1db36dd15e4ca33bb74c768f6b9b546d199abcff86d01dd5269b3c,CLEAR,"DARKNESS, LIGHTED ROAD",WET,FOLLOWING TOO CLOSELY,2.0,23.0,2.0,2.0
00e37b94c61ed39dbf87cd67e84ae2f9a4daad00ffc2e7b3490465f96706f8468295d34ae0cf696da4704b9867c7b788d7c22606aff39433f463084215299463,CLEAR,DAYLIGHT,DRY,DISREGARDING STOP SIGN,3.0,47.333333333333336,3.0,3.0
00e381cf28d05f837bb63266a6ace337342172b6d66bb4076e072e9ac6e37252f092edf4c373d9ea24d88120538ff536f993df76dfff25e6d949c2566faacc87,CLEAR,"DARKNESS, LIGHTED ROAD",WET,IMPROPER OVERTAKING/PASSING,2.0,34.0,2.0,2.0
00e38782e767b87de2e6732829b83844bf4252339cb7e4356af397745a2b301e3afc23a18dbfde88b6df130474ffbe36db01e38ed431f907f73d500057631629,CLEAR,DAYLIGHT,DRY,IMPROPER LANE USAGE,2.0,69.0,2.0,2.0
00e38c105ee420ecf2b622a89fb7507a4c38aca50723781d330a20bb9b9e442585a4d43e1e08879458533c45dc931a82daf0208f2c785a4136609431afdad043,CLEAR,DAYLIGHT,DRY,FAILING TO REDUCE SPEED TO AVOID CRASH,2.0,22.6,7.0,7.0
00e393fde52249d6a1c69353a6930b9026debe3cca27f1e21de385ace1852fd5c909a57c6e877374aae76545e7aa56b0bd17db074995651f5aee8dda4dc91a38,CLOUDY/OVERCAST,"DARKNESS, LIGHTED ROAD",DRY,FOLLOWING TOO CLOSELY,2.0,50.0,2.0,2.0
00e3a1b8cd2d94ff68a25a82b8b8efbc89c42530cc93e4c6b53ea331ebe426b689a1ad2873c7d46fbab344d34815961aa17d6d8ee4077e86f3776b9ba75a9eaa,CLEAR,"DARKNESS, LIGHTED ROAD",DRY,IMPROPER BACKING,2.0,24.0,1.0,1.0
00e3b6d1717a8df4480d00b7ae6da029da1f5707f314bf8e53885fad536cf1cf342b58d07924274cdd5c25feb6c15cb6bc306ac6ddbb7beeb26279c1757848cb,CLEAR,DAYLIGHT,DRY,IMPROPER BACKING,2.0,26.0,1.0,1.0
00e3d8351c59fdef9c0a171924e4a1c60cec916bf7a946784f3232320c067db0bd4216f7e2f3e845b60f0ee4ac05405ad06611326d92db6ff94eba3e944e0529,SNOW,DAYLIGHT,SNOW OR SLUSH,WEATHER,2.0,48.5,3.0,3.0
00e3f4fb65e7edba197d601ebe9a4f13e66e91a332ade6854bcb48441f2aee3415d32728e97f10fce8047f7abd53b0a59c4377d191075186ea08b1296b89588e,CLEAR,DAYLIGHT,UNKNOWN,ANIMAL,1.0,56.0,2.0,2.0
00e40575f4833da28417a24f0e3f9fb39e75a35fd701efda854a75605164862ccaf1991f93fee25a6eb015f73413bb29045ec5ff8295610fe364663392eed071,RAIN,DAYLIGHT,WET,IMPROPER BACKING,1.0,37.0,1.0,1.0
00e40ffe0f41b2c2dd604cb420c9f74d4f8be82ca99ae0571438741aec43218bec07519b24b61ebe9218b7f77fbc55efe5fff16724865d1c72e3746569f3e5ce,CLEAR,DAYLIGHT,UNKNOWN,FOLLOWING TOO CLOSELY,2.0,43.5,2.0,2.0
00e415292102848c53a88719c7daf2cbe270f47d5e1781a225ef4c63614c1bd47d36a3de58659dc1cbb06da232ed49b329dcc06fe47cdf863d03f87152a6cfad,CLEAR,DAYLIGHT,DRY,FAILING TO YIELD RIGHT-OF-WAY,2.0,53.0,2.0,2.0
00e44fda9bf33f3107728a017254c48f7be696687e48af74e1484abebc0188d48b1cf7a72490abaf635f2a35a07315d02b1f61bcb6378c91f097d52228294df8,CLEAR,DAYLIGHT,DRY,DISREGARDING STOP SIGN,2.0,20.5,3.0,3.0
00e45410abff906306063d5314757ae3b76ed26df4de73cf1dd69c66ad4844bf133fff24aa7081ed064193464a34fe71912a56227f54d1a4cc78b2e281ec1e22,CLEAR,DAYLIGHT,DRY,FOLLOWING TOO CLOSELY,2.0,37.0,2.0,2.0
00e4659dd8a470a9421377eb80b12efaa513ea9ece5abc5a4bf8911a12105a63e4aead49b064f9c585bf1f6efafb0a5ceef7a4d2c7fb3395a2e1609344451ac4,RAIN,DAYLIGHT,WET,IMPROPER LANE USAGE,2.0,61.0,2.0,2.0
00e48307cca9bc611816fa5f34f6793cb2e819cf1d8f74e81df02afd1cd5880e012d5b27d51c462669401ba3f50ea498d1963e9dd5aab73c269d7468e2348bd3,CLEAR,DAYLIGHT,UNKNOWN,FOLLOWING TOO CLOSELY,2.0,42.0,2.0,2.0
00e4fe80caf105cbb0d9c7b3399299c6b38817493305df03525cf020182f9040ac2c8d69c42f9a87ae5ec68c05fbc9b459f95ce178600059f76d119db8fd6c05,CLEAR,DUSK,DRY,EXCEEDING SAFE SPEED FOR CONDITIONS,2.0,68.0,2.0,2.0
00e54e35aba9e5a37d746bcbf65bbbab5c6fb6246b8db1deaae00f85b920bae4e856fe846b014a98a3fdbdbda1ad594da80e9fed8b69440c8bb4048d33cb437c,CLEAR,"DARKNESS, LIGHTED ROAD",DRY,FAILING TO YIELD RIGHT-OF-WAY,2.0,45.5,2.0,2.0
00e5bcea3981ca720f9b4378d5afaef521000a3a28f504a3fe169b1007913bf778c2f8cac37f57e4cd90d50a5480ea9a5b715bbd552aa086ccaf4503312129ab,CLEAR,DAYLIGHT,DRY,FOLLOWING TOO CLOSELY,2.0,35.0,2.0,2.0
00e5d4cf00ad3f892ec2f78f9c735d0db979bd94925124eac02df8a296f9ac8eee9ef2dbf5b0e9d950e3c068b38731320cea612ef036e505380bb399bff6ad56,CLEAR,DAYLIGHT,DRY,IMPROPER OVERTAKING/PASSING,2.0,27.333333333333332,4.0,4.0
00e5de9094fda0618320f98dd85a946cd04e7de55b05867670a5606da5dd1d25ecc0f21298b92cc4b15b14b859a6b0637e7388b45ddba5d98b0eff85dd6b3070,CLEAR,"DARKNESS, LIGHTED ROAD",DRY,DRIVING SKILLS/KNOWLEDGE/EXPERIENCE,3.0,43.5,3.0,3.0
00e5e2be4f81feb06692164dfcb22169af6187000f1934a5e109f58a6dd20c29eda38f55f3b394cd18786a88b892f9866a0c00b7417b58d1cb1b867fc277c962,CLEAR,DAYLIGHT,DRY,FAILING TO YIELD RIGHT-OF-WAY,2.0,55.0,2.0,2.0
00e60a63b2655eaae2b41d3f3977f45fcccb7626cc919c33d4a85c5159e796897453c1d102093962a2d1e6a8636bf5b5d17296f9d0c83cc324ae495a28d29efc,CLEAR,DAYLIGHT,DRY,IMPROPER OVERTAKING/PASSING,2.0,65.5,2.0,2.0
00e63a196bc681b0901a3f75aff4148140822694cb9d0cfa77d0cfde339c899270777d2b79c636577e2c36cf7a624f3bb5414b329b8662d30f535fd438ebe85a,CLEAR,DAYLIGHT,DRY,FAILING TO YIELD RIGHT-OF-WAY,2.0,37.5,1.0,1.0
00e680ea2e2f54fc537c39c1a9f0bbec2beb3428252d58190ff2993543d44b3ec58867892c4d2a190e5c68d5fc446f2c21dfeae6584a2075c41a6c453e04f7aa,RAIN,DAYLIGHT,WET,FOLLOWING TOO CLOSELY,2.0,36.333333333333336,3.0,3.0
00e68ac3b82240b83d5fb6b48d5c34228b2fb25a4faff9d60570b024172b36f8799eb18eae2fc2bd1b408ef7dd3db27037d718fc185cd272fc0495cc53c2570b,UNKNOWN,UNKNOWN,UNKNOWN,FOLLOWING TOO CLOSELY,2.0,28.0,2.0,2.0
00e6a14bf0052d97e2a8f0e97a71ceac9609621690ac7c8925cc1610e8c73c9f84183e9d43fc6382440c0f03f54f74f2d5f56a017c134cade2a7427c259808e5,CLEAR,DAYLIGHT,OTHER,FOLLOWING TOO CLOSELY,2.0,45.0,2.0,2.0
00e6d079b14f073a9774afc2d66b99ad47f70aacb6ed86d0df4003a4707cbccc298eb03c18b0559584545f0ff6fc284b54f7fb6f614254dc55fd6b4384fee9ef,CLEAR,DAYLIGHT,DRY,FOLLOWING TOO CLOSELY,2.0,37.0,4.0,4.0
00e6ddbcc174017dce0dfdcd1dfd69e9751800ff30935b8b9ac6b182ff69e905f2ddd5e57090d939db93ff2ec0cc05ef10f90df96d1c86d51da646ae46a82e57,CLEAR,DAYLIGHT,DRY,DISTRACTION - FROM OUTSIDE VEHICLE,2.0,45.0,1.0,1.0