crash_record_id,weather_condition,lighting_condition,roadway_surface_cond,prim_contributory_cause,total_vehicles,avg_driver_age,total_people,total_injured
00e6de3b5365d60ebad9e13d586926435d96dbe186a78799b416bd5aa0afee96814fe861242b5ade0d634ff65d1df82c01bacb2111b592a4fd4546f23861cf4e,CLEAR,DAYLIGHT,DRY,FAILING TO YIELD RIGHT-OF-WAY,2.0,38.5,2.0,2.0
00e6ec8952d543b9beb10d27a4ce5732947252acb2c91cb5d2a7d290f1a7105dd36102439120b9fc21f61e04ea36ba09a3a1bc3c18a97bfebe0100e98dbb01d8,CLEAR,DAYLIGHT,DRY,FOLLOWING TOO CLOSELY,2.0,24.5,3.0,3.0
00e6fbaf3fc4cbdaa342df30f4d4bd58b48f5ce69f0eccac4aed72c72cac0cfbd8ee51007e991e54481a021459c1ac66b948e018c24bb2833ea1f7da35e675ba,CLOUDY/OVERCAST,"DARKNESS, LIGHTED ROAD",WET,FAILING TO REDUCE SPEED TO AVOID CRASH,2.0,24.0,2.0,2.0
00e76673486eee6dbd7928269dfbd648a8c9d874a454f5b2790001280063e2f51915dc29cb17f3816ab3b763f8c9e4abdc46532271f9be0a2dccb998dc3e614d,UNKNOWN,UNKNOWN,UNKNOWN,DRIVING SKILLS/KNOWLEDGE/EXPERIENCE,1.0,26.0,1.0,1.0
00e7709949100a3235ed2f5a67d9b8b0e40455914381627c6adf613b64d45d75f8c08b572aa403d6a29f6358c773a84c5e8b8f55c66ada1d99f73ae184111e4e,CLEAR,DAYLIGHT,DRY,IMPROPER BACKING,2.0,55.0,3.0,3.0
00e78a683b7f37bf8f0f3897a553e8e445e9e013e74e352c4d994fb60dab2c9bcbf864f9333fafeb357a5b3f528badca54ce04b36f8cced5b7cf6fa9aee3a60c,CLEAR,"DARKNESS, LIGHTED ROAD",DRY,DISREGARDING TRAFFIC SIGNALS,2.0,47.5,3.0,3.0
00e78bf0772c73b524cb2eb4bb7302b3504ba3466b21b2ca8110923dc921c5ba0bf8d8b8354b2900f799ef3d59b5353735fa4893c416d245109e46a9d191cbeb,CLEAR,DAYLIGHT,DRY,FAILING TO YIELD RIGHT-OF-WAY,2.0,42.5,2.0,2.0
00e7917ee49d180d88a2a803d7b11a981683db6c945c7629707c1149191e1c1501e79f2bf842236ddcace5c623b2baf41c57b3da4d216f670bc193ced7f41e06,CLEAR,"DARKNESS, LIGHTED ROAD",DRY,FOLLOWING TOO CLOSELY,2.0,29.5,2.0,2.0
00e7b7767cfa0d13a16632f80a1f2c42a463f3d179983df3c7809dba2bed6b997b71afe05a9a9a5abf9a03df690c8196bf32779ac15202dd1a9fa28451dedb61,CLEAR,"DARKNESS, LIGHTED ROAD",DRY,FOLLOWING TOO CLOSELY,2.0,26.0,3.0,3.0
00e7be44742c723de20f9b17206e2c90f7f8eedba56e7a6913b4c21b5ca5c4cc8760d63fb60ff2252fb4e65675e770631e636541c26c8b82030fc174811cdabd,CLEAR,DARKNESS,DRY,DISREGARDING OTHER TRAFFIC SIGNS,2.0,50.0,5.0,5.0
00e7e1e9821c72d3e66bdd75e51bedc2b0ffc7fdc9145f2f469f40b17c04c41b30e769b25d86e8e4f19f0eae260fee3c41ed981eea3c06e36a072e2e8f25b906,CLEAR,DAYLIGHT,DRY,FAILING TO REDUCE SPEED TO AVOID CRASH,2.0,53.5,2.0,2.0
00e7e8f1febdaa8e42be2cbdcbd4439527cd5cc0981180035051f87ff6956273a7abf7196386acca6ab21160d2eb3a55fd6760c28ad684d10c63952458ed5456,CLEAR,DAYLIGHT,DRY,FAILING TO YIELD RIGHT-OF-WAY,2.0,27.0,2.0,2.0
00e7f4a0619a79223da004e29d44e949d24df5dda508674efd40eb45af07c60dd5d2a02c79265c81ee7e9140bb72ee6904f93216dbca560ebf59fe1cfe59e4e7,CLOUDY/OVERCAST,DAYLIGHT,WET,IMPROPER LANE USAGE,2.0,47.0,2.0,2.0
00e82640580f3663ef59929e466c4623aa9ef77767a9b6f60b75fc7ffa6ec3012f0797bcd2141f5e51d5b33d669895194bcd04aa10eea5cbd56dad8b1a0e0353,CLEAR,DAYLIGHT,DRY,DRIVING ON WRONG SIDE/WRONG WAY,3.0,38.5,3.0,3.0
00e836112db260f81cec4593b620994234137d15c786d8299b2dd8c5f3e519f291852a531f53db5785dd0894aec49323bb9ae21cc7e3668fc9458f9750b836b1,CLEAR,DAYLIGHT,DRY,DRIVING ON WRONG SIDE/WRONG WAY,2.0,59.0,2.0,2.0
00e85bc3a345ba09da671b921dd8debb64490c94438ffa3d1024ebd02ac4202520127d4f70a8529afa6cc8bb82392036aa7af009101a91271dcef555e3040c1d,CLEAR,DAYLIGHT,DRY,FOLLOWING TOO CLOSELY,2.0,50.0,2.0,2.0
00e86ec932be104ff105add09448c42dbf873fcd30eac23048fbb008dfbb42e440dd3d684338d5f270f0d689983de8c2182f6530c69f47d44a75386e174a1ce4,CLEAR,"DARKNESS, LIGHTED ROAD",DRY,IMPROPER TURNING/NO SIGNAL,2.0,33.0,2.0,2.0
00e87f2fe018200ecc08f409f002408ac1b41c83390f77ebb8a0678c9edbf97c80fd59ae5715d987bc7cced19c22cdc652f8b400b925a52c5e1befc01848ba64,CLEAR,DAYLIGHT,DRY,FAILING TO REDUCE SPEED TO AVOID CRASH,2.0,22.5,2.0,2.0
00e8853aa18b465832be981a760579a762a01a5bbaf3257c5981c3a7eab37bc0268a313b36f5237aaed08a1bcbc1929a81f935acad7f24b827ee6efe866c051e,CLEAR,DAYLIGHT,DRY,DRIVING SKILLS/KNOWLEDGE/EXPERIENCE,2.0,36.0,4.0,4.0
00e8ac0ffe3e354fb5d15b9ac4b42fc5227e0b366077a9d2c9834a9bf7cde4413cd6c2cf91a70ce895519cc886710f24f96241f0fb82219901b444d8850d9483,CLEAR,DAYLIGHT,DRY,FOLLOWING TOO CLOSELY,2.0,23.0,2.0,2.0
00e8ee99d6b72f49efb9b2ebfce98b150282d2b79ccc03a95bcc25100050fc028abbc9a0ad501191a34bd8b5eeaa5db43bc8e12d7a367e987e1c193b7317e145,CLEAR,DAYLIGHT,DRY,IMPROPER OVERTAKING/PASSING,3.0,24.0,2.0,2.0
00e8f4c96e874f39fdb53644abe1c0a8f87497fd2f16242e44dc911ec423f7c0cdbebf6cb98dd268e5baade25367638834700ac68c769c24a4efa77fdeb21a00,CLEAR,DAYLIGHT,DRY,FAILING TO YIELD RIGHT-OF-WAY,2.0,33.666666666666664,3.0,3.0
00e901361899b10752b1efbfe4ac0347bff2289feb0d1b6c67d0562e62edddcca41bb382d278b8d19ce594c30d5ca48455f49cd956ebfc1dd2c6cc7d117bb374,CLEAR,"DARKNESS, LIGHTED ROAD",WET,DRIVING SKILLS/KNOWLEDGE/EXPERIENCE,1.0,25.0,1.0,1.0
00e90a883e7a38f795497ad62e5b3dff5f9bc1c8a64077254d9ec5857f381de0a6729461fdab2f2b74ef1e473bc7d401dc0c816a9248809519e31567948cc68d,CLEAR,DAYLIGHT,DRY,DISREGARDING TRAFFIC SIGNALS,2.0,22.5,4.0,4.0
00e90e32c6cf8bb9c533222b0a32b771a48e8d6ba5fefcb83c7988059561e908f6bb75d1336a552d8cce45e210ea47c6f4ec032f6545ef29401036aedf546d88,CLEAR,DUSK,DRY,FAILING TO YIELD RIGHT-OF-WAY,2.0,47.0,2.0,2.0
00e93310a117dc0228ee5e00affc77ab0bd3334e54db75bef4a732e0bc5e123fbb15dd7d8f24ebbfdb10c8c693776e63a145a69a85e955a91d97e54082449636,CLEAR,DAYLIGHT,DRY,FAILING TO YIELD RIGHT-OF-WAY,2.0,61.5,2.0,2.0
00e959115e67807fc0c88977f376674f94622d697c0ae78d0aad2ee0e8087ea9d8b35d161f5aaae67742f479c77fed2c9591a993949261e6341c2c3c772cf6d0,CLEAR,DAYLIGHT,DRY,IMPROPER OVERTAKING/PASSING,2.0,36.5,2.0,2.0
00e9aebb3313dcf485c8e58df2cda50fd6f03409cf70cc186c1f9dc62f0af7ac3d158f20910abdd5b4c67221760ffac92529ad599afed6b06e20d7d489f0c6c7,CLOUDY/OVERCAST,DAYLIGHT,DRY,FOLLOWING TOO CLOSELY,2.0,36.5,2.0,2.0
00e9ba2f0a65452e3cf0e6dff619cad63155857f04e5f614acbe7356613b1953fe3eb66ec0da9611ef59a54d5f50d35460b0450c229ad1ac4e54bc26da3dfd2e,UNKNOWN,DARKNESS,UNKNOWN,"DISTRACTION - OTHER ELECTRONIC DEVICE (NAVIGATION DEVICE, DVD PLAYER, ETC.)",2.0,27.0,7.0,7.0
00e9ee905c78ba41f34bb35c0781352dcd4fa4f3141cb68bb4e07a677ad03dc8a2c5e605b655366963dcf4694d6f070130adaba3d8749e0e19025e628ce6c878,CLEAR,DAYLIGHT,DRY,FAILING TO REDUCE SPEED TO AVOID CRASH,2.0,65.0,3.0,3.0
00ea22f1314f85de9b625a5f718e950f1808cb9207f82e5eed72d8236ef24afa232b901866dcc78536af1c36ac344f97cc569501849a72d7c7637c6365733c79,SNOW,"DARKNESS, LIGHTED ROAD",SNOW OR SLUSH,WEATHER,2.0,35.5,2.0,2.0
00ea2ddbf556fddee3a335047c5c16bf4827e6cf99285162544089950fa221e760bbe45063741ad0acf2f626383c579b70eb1697f8af484c31a5184bb814c620,CLEAR,"DARKNESS, LIGHTED ROAD",DRY,FOLLOWING TOO CLOSELY,2.0,34.5,2.0,2.0
00ea61142f1ec188bf3d0cc92182ce56d9b8c5e9691867f206fcfe988f4fade35b54c8a106977c37045a2aa404f106d78aa1cf5ab3a6dabb8ad4f6915c3b8004,CLEAR,DAYLIGHT,DRY,FAILING TO YIELD RIGHT-OF-WAY,2.0,41.0,2.0,2.0
00ea832162755ae505a2e0979744f87be9ea9ec575fde7861e9ac1f35482cff749a901ee062996ea1454ee3f24d4b6310b28633a3db0f0e1c12a7c6dd33f7ff5,CLEAR,DAYLIGHT,DRY,IMPROPER LANE USAGE,1.0,41.0,1.0,1.0
00ea8cd271bdc12ff6003671032387eae34f0f03dc6314d5d6b028fd61a8e91ad13f7ff519a62c0cdb42887444b841336c31d0a5f1a70844afd7da48efd734bb,CLEAR,DAYLIGHT,DRY,FOLLOWING TOO CLOSELY,2.0,44.5,2.0,2.0
00eab585697869391e6b59db9c2df03c449280d62366b4e2fa62f0fa79abee1596f7c2844b4357f592914670c8e437c82906a8c459509e20ef91134756a30373,CLEAR,DAYLIGHT,DRY,IMPROPER BACKING,2.0,31.666666666666668,6.0,6.0
00eab5cd38ba168f91d60fa181dc0faaba9d3686db25b8d0b1a03ba75f4f4f7dfc012ee5c4ce9432f954c9c977a5c98c2b50a52ee4ab7ce7d0201ffba67a8fe7,RAIN,DAYLIGHT,WET,FAILING TO REDUCE SPEED TO AVOID CRASH,2.0,58.0,2.0,2.0
00eabb0036a636fecd2715e7f0b63cb07ea0ea4369fcd72bc4e2f9c3dd950dd000bac8acf6c2f7c5d8cea8c69b4476463a620ce7a2a6a737c5f7a738d83f1606,CLEAR,DAYLIGHT,DRY,ROAD ENGINEERING/SURFACE/MARKING DEFECTS,1.0,31.0,2.0,1.0
00eadabd987c0624ad327d6097c4caf8f598b3ec559600213efbbe1c57617283ec3d95062a84dba8af3dc606e1ace5acc311a756896a2541eda62029b3978c5a,CLEAR,DAYLIGHT,DRY,FOLLOWING TOO CLOSELY,2.0,56.333333333333336,3.0,3.0
00eafcbbedc5e7273684765ad17508725005b5d73c65511edcfd4211f50b43be9061373372ff43a62b86e5eded3e17032a64c740dafbca6e1271376116d0373d,CLEAR,DAYLIGHT,DRY,FOLLOWING TOO CLOSELY,2.0,45.5,2.0,2.0
00eb1ae75113dc09554b4c5fdbeff430f7569b93bb7f548019780f0705e889c7a80d5e726019dd2e05d2f150e75e27310a1b124a6b386fa09f23c92d17b3f6b4,CLEAR,DAYLIGHT,DRY,IMPROPER BACKING,4.0,76.0,1.0,1.0
00eb341f9e0299414f8993b1eb9a65585602cf5e98662d7d8caa07df2b59fec47d4f0c04ca37ff1d195cf0a41286437e330e597f28addb081f447997163f7b08,CLEAR,DAYLIGHT,DRY,IMPROPER OVERTAKING/PASSING,2.0,47.0,2.0,2.0
00eb3efa25dbb8f98fbd4d2e064e41e7843bfa1d6de9157c804bbf089cdefe85971d28903de538b3eb193f99353119ef2c42361c2cc560837de649aa5adec01b,CLEAR,DAYLIGHT,DRY,IMPROPER LANE USAGE,2.0,23.75,4.0,4.0
00eb40b69efcb1802e72e9f9309240e8c455eea6ab506fa5019eec9bd48ebb7c6fc5061de2652e5568b4660568aa62462a0fb0aea75060378e80a0a257b91660,CLEAR,DARKNESS,DRY,FOLLOWING TOO CLOSELY,2.0,48.0,2.0,2.0
00eb5af0ab8fa05558e48fd688629a326aefa30a940e92f5b88656aa413fb9ff6ef110fe79d921a3edc6be1da36049b129491739efa1c4c02abd6fd8ed9f2318,CLEAR,DUSK,UNKNOWN,FAILING TO YIELD RIGHT-OF-WAY,2.0,22.5,2.0,2.0
00eb5b6eb43ad17e1308a04af3817c86a923b6f1eddee2ffec9d550a4b4929225051cd1b700b59d6578b5a29550ddf1401030fd6f177f6767476a57cc69c8f66,CLEAR,UNKNOWN,DRY,DISREGARDING STOP SIGN,2.0,26.0,3.0,3.0
00eb704f01300b96f1b0daf803a0d162b2b6d7bda05d47e0bff95f7cc30482c4ebf3692248a5f2272a0352349e745b971ef4896093b1508c1c520c2ee98dd34a,CLEAR,DAYLIGHT,DRY,FOLLOWING TOO CLOSELY,2.0,64.25,4.0,4.0
00eb897bed0d67e79fa451dd6026e63a5ab38a44af922e9aa1db61e55bb305ca8fe2878b52d58f43c6b84215e4233ff1d744fc64b77234c30899cd5c948588e1,UNKNOWN,UNKNOWN,UNKNOWN,IMPROPER OVERTAKING/PASSING,2.0,42.0,3.0,3.0
00eb9b7a9a6e063edc6ffda609caf4ef299faeb9fc5e6b56fafb8c8e5ba24a9984ea0211106fd200be25d979a0ff3b81d6d517581d88628145bd44370ec713d0,CLEAR,DAYLIGHT,UNKNOWN,IMPROPER TURNING/NO SIGNAL,2.0,37.5,1.0,1.0
00ebb1e29c678a8889356f293e72aaffaf8e8173391ca1477bcde98def39ba0494aa29d53238d3bef227be0aaccca62c1d46762d9c2e4ba9976d05e94860380f,UNKNOWN,DAYLIGHT,UNKNOWN,IMPROPER LANE USAGE,2.0,46.0,2.0,2.0
00ebb9633c16ff594cbb1ee46761f55decd8d714230b051599b0dc9779d815a68a0642d5b73fb644d70925c151da45adfcb61ad94e91cde542a005f83d165dcf,CLEAR,DAYLIGHT,DRY,IMPROPER BACKING,2.0,33.0,2.0,2.0
00ebe56643985cefc8c86303e41cb3c4607c49d38bd0370cb0e4695a941debaf4fa35f90fb80b2c51a45c9acc720892a10088d0222193234e1f78158cc9ad01f,CLEAR,DAYLIGHT,DRY,FOLLOWING TOO CLOSELY,2.0,53.0,2.0,2.0
00ebefa6ca7930c7a0196d3061ec568ecc759a14d8a395a2d1cd53fb326622e491acb4024193a38803f0a9bd3cf68f24da845fc4b2bb5aa8d5cb6892e3235362,CLEAR,DAYLIGHT,DRY,IMPROPER LANE USAGE,3.0,27.5,2.0,2.0
00ec04879542ef7653e1cc540bb83c5707f7dc839386aa94c980e34790bfa07376f8ce83fbbf6e5e69c1e451d7f3809b2901e714ec2d0d8ee770d9271d7927bc,CLEAR,"DARKNESS, LIGHTED ROAD",DRY,DISREGARDING TRAFFIC SIGNALS,2.0,0.0,2.0,2.0
00ec28e9a818c2f2f591eef5524c53941fb5a40bf11c19712d51aa27cf727dfa714018960c980488d4375e2ef165cac0d11b1109201bda3a98a3fa18d077610e,RAIN,"DARKNESS, LIGHTED ROAD",WET,FOLLOWING TOO CLOSELY,2.0,35.0,2.0,2.0
00ec3c9e9c09f901bb8866a6d40ec6c0fd899dc5fcb3032904dcf8754e3b2cebd73aaf10ebafd2c46868f7f4c50e66313a9bb3fe7ab576caaf9b44468d33adac,CLEAR,DAYLIGHT,DRY,FAILING TO REDUCE SPEED TO AVOID CRASH,2.0,42.0,2.0,2.0
00ec3e8f0a3e4a4a18bfed4760c84adcab3ea78568ec54b22b920c79d1912fbedba924435cbdf64b8d8f61397c4039d93df3190b17ed6de2fbe9e1e7615b9e3d,CLEAR,DAYLIGHT,DRY,FAILING TO YIELD RIGHT-OF-WAY,2.0,22.4,5.0,5.0
00ec427dd0efe6c867a8aa15e8846a17ddc3f5e532ca06972a883de843665ee54e37d4715ee0a3cda7e3a9f0bf96ab1e1e76a2d6450806fae5326429bc3eab88,CLEAR,DAYLIGHT,DRY,FAILING TO YIELD RIGHT-OF-WAY,2.0,30.0,2.0,2.0
00ec5485fb445d896dc8db447e327adc935d75e899961fe5683b95a85a85fe2561013d60b5619f39c1ce1c014c01a81282cf050103da83e32051ee0e1d529263,UNKNOWN,UNKNOWN,UNKNOWN,IMPROPER BACKING,2.0,59.0,2.0,2.0
00ec5a9389d98aa842cb0fc90693d8bcbf4abf24e299cc87b069698fae198e640d6147cb16775d798785683d127b12b614d4021bb798c0cb53a05b4186feadb6,CLEAR,"DARKNESS, LIGHTED ROAD",DRY,"OPERATING VEHICLE IN ERRATIC, RECKLESS, CARELESS, NEGLIGENT OR AGGRESSIVE MANNER",1.0,37.5,1.0,1.0
00ec826aa23105b65f26086e8bc19303cdc848f4ffafb3f1d30804b14d0d71d13a287ac4fc09a9074dda1eb46e0633475e2dfbf28544dcac001be7669427bcfb,SNOW,DAWN,WET,IMPROPER LANE USAGE,2.0,58.0,2.0,2.0
00ec924c9111209bf9eabeec30c1b2b61cefb98103e5d64bb9ae207c21694b78f8f0d33f59f0db1ac47324374c81652b1a75c0281be5bb844f8540f499c73516,RAIN,DAYLIGHT,WET,DRIVING SKILLS/KNOWLEDGE/EXPERIENCE,2.0,60.0,5.0,5.0
00ec9dceca3c309abcfeb276395a2a3785876783ec242b8dc4fb470cd2032c9e07233c455772548f705b7256af27cb621b426f2caf8c2d924dd2d87aacbe9601,CLEAR,DAYLIGHT,DRY,FAILING TO YIELD RIGHT-OF-WAY,2.0,41.333333333333336,3.0,3.0
00eca67c993104ca6a0a2edbb928022675c7efb8ea7f735abf93ca2697405430c574b8f0d9f55c5a6a9f27c83592aa14515b49eb1dbe7ab2cc29082eb3ef7705,CLEAR,DAYLIGHT,DRY,IMPROPER TURNING/NO SIGNAL,2.0,45.0,2.0,2.0
00ed0ac8877162bd5114c85265b0ff882b09e0f30133a93628f4d197d3523742743b7db1e8495f9ad0a23478c48496f308bb12e277ccb6e9510d8661ec9a3ce4,CLEAR,DAYLIGHT,DRY,IMPROPER BACKING,2.0,28.0,4.0,4.0
00ed1a6473d13293a9adab30c7b833232b907f273698513d17105ba620e1fc0278d8013ef6cfc996bd61291ce056be0f84856ef12468e75d78ac455188601ce0,UNKNOWN,DAYLIGHT,UNKNOWN,FOLLOWING TOO CLOSELY,2.0,44.0,2.0,2.0
00ed5a372ccd1fb7f9cd1104ba41f84463eceb69f96305a94465dbaacad252bc41d374f938a9a56485b49571c26e3d7c77de72e93fedfbb6698194a9e77b9d99,RAIN,DARKNESS,WET,FAILING TO YIELD RIGHT-OF-WAY,2.0,25.0,2.0,2.0
00ed8a8ec520f7afe670476a2adf5a9bd438ee62978f8528cbfa734374a7da9cb0e689c2f9eb52a1f374268264fa9b531c9c5ef79c40be3de73db21430ed4fa8,CLEAR,"DARKNESS, LIGHTED ROAD",DRY,IMPROPER LANE USAGE,2.0,37.5,1.0,1.0
00ed8cc1f8249b3f5ed7d83e9d105fe907e17211715403ea2d0920322098f5a56e5eb33a292586cbf37da7074f9f9a285c8a13b0c2951ac2be9ea2317c9f6965,CLEAR,DAYLIGHT,DRY,DRIVING SKILLS/KNOWLEDGE/EXPERIENCE,2.0,38.0,2.0,2.0
00edff210aeeeb4e0022bb91ddddf02a9890c014796cb1b2c31e89fc408cf6d5e6cc58a1b9dfe5adafd3e88f4e8d29cb568bbc41989e96bc83366df17bec5183,CLEAR,DAYLIGHT,DRY,FAILING TO YIELD RIGHT-OF-WAY,2.0,28.5,2.0,2.0
00ee847216c103883080f149d30aa30b0e126509c7b0c6c7c03f4895a5b3cd9ac7191b958ade80efcdf23a0dbc8cc8852c708d749f150d403b26b022b32f686e,CLEAR,DAYLIGHT,DRY,FAILING TO YIELD RIGHT-OF-WAY,2.0,79.0,2.0,2.0
00eef3399ec4ea0d752ffd6f9973d5f59492de08809f2fd6d6d657dbe755bd54ab3b18e86bb304a34abe7e6febb75792b8c4baed154a0d0f2357d0cbcb0851e4,RAIN,DAYLIGHT,WET,IMPROPER OVERTAKING/PASSING,2.0,20.5,4.0,4.0
00ef10a64570495b181682806b60635e3fe6c362445acbdd89d7bcc0a52bc96f16d5076308dfa1d09fbe4e4d96ed750219ea8803a8ef2ed081e31972ef97abc3,CLEAR,DAYLIGHT,UNKNOWN,IMPROPER LANE USAGE,2.0,42.0,2.0,2.0
00ef31829ea5c620dca214d47ea3af04fd87c2ea5021c9f3bedb7cb9d0192792b0520c7da17d0c4e1593a606f43a5a27a057ea20af662946578eeeba89de7f4a,CLEAR,DAYLIGHT,DRY,DRIVING SKILLS/KNOWLEDGE/EXPERIENCE,2.0,57.0,2.0,2.0
00ef36c982830781655f0f8a03975a81212ec312990f83dcaa3e5c47dabadf2f3126a6ce4ba67c5f19d2820d902b69932db40a99a58b8c193d71cbfa722678ad,CLEAR,DAYLIGHT,UNKNOWN,IMPROPER BACKING,2.0,37.5,1.0,1.0
00ef4f4968d85044123e7e3ffb6b2b29d61c0df1446585e75141fd5ca105e887f38e33d5ede0d0edab3707912fd9c1a806af56ef5498780e9a677b8952ef3767,CLOUDY/OVERCAST,DAYLIGHT,DRY,FAILING TO REDUCE SPEED TO AVOID CRASH,2.0,26.5,2.0,2.0
00ef607dfa4785def10ad7acc8f1b95c511cc7d1f7c635294dadc9b18e985264793742bfab2d631f8b97632e4566108c546c240e8c85661d88e4577a4b4c8a33,CLEAR,DAYLIGHT,DRY,FOLLOWING TOO CLOSELY,2.0,51.5,2.0,2.0
00efb7ffc9caaf608f45e20e39b2619ee83eed73877bc2e73445a5f14cc5194b39c806c4b6f69ca5672382b253e0557db4b169ca837345a1a1be2fb3636085e3,CLEAR,DAYLIGHT,UNKNOWN,FAILING TO YIELD RIGHT-OF-WAY,2.0,24.0,3.0,3.0
00efe177332ff1d1e79f4ed74d738c72b7b7525a450e31407a9804510358bf377a02a55f393856eeb5612614bd8b00bce5761d614275a16dddb3d322178889d5,CLEAR,DAYLIGHT,DRY,PHYSICAL CONDITION OF DRIVER,3.0,28.0,1.0,1.0
00efe6656322ee42440bbe91ae42a07cfc78cf78663833b62c84093d10107877c436ec0ea94ee89bbdf7f7b4ffd1be0ec6ecfa31b410d16eea4dc8514c9f2407,CLEAR,DAYLIGHT,DRY,IMPROPER BACKING,1.0,37.5,1.0,1.0
00f040aac503f34832c4efb7349b8bd817dfd316539bf5cac125f2e9b61ec7491f69690dceb4019817ea6b31f08943b216b3b4a671f4ede18d5ea67cd9415992,CLEAR,"DARKNESS, LIGHTED ROAD",DRY,FAILING TO YIELD RIGHT-OF-WAY,2.0,41.5,2.0,2.0
00f04c2db3bb11a4050f10f31442b1bd442db1b2894545dcffc245730738d3d97df14dcb4a90601e0ec04edf21967e7589b57d717f636b7f6bcdb753e00fe513,CLEAR,DUSK,DRY,IMPROPER OVERTAKING/PASSING,2.0,26.0,2.0,2.0
00f06280ed2bd22f2c606b9b1271d234454f718b432aef03bf636b0e367aaa110608c73ec56983da6448084ee8a12308287dc3e0843f52c47dec858f381c90ae,CLEAR,DAYLIGHT,DRY,FAILING TO REDUCE SPEED TO AVOID CRASH,2.0,34.5,2.0,2.0
00f06abfb8fec2b59146f87692099a931679c1139d34fb8cbbc576e5dba5c8a44b1122d749fca7dab6085f19b5798adb6fed6814b7332a118aa7cc24ab04501e,CLEAR,"DARKNESS, LIGHTED ROAD",DRY,"OPERATING VEHICLE IN ERRATIC, RECKLESS, CARELESS, NEGLIGENT OR AGGRESSIVE MANNER",2.0,21.6,8.0,8.0
00f0ae0c082da36a51cda69772be126241159a35f86e4b0dd5a503394e5d8d1ce65f5bca27ecd2045b039543d963e828f764e3c80d624f22be15b7065b51000a,CLEAR,"DARKNESS, LIGHTED ROAD",UNKNOWN,FAILING TO YIELD RIGHT-OF-WAY,2.0,37.5,2.0,2.0
00f0fa04f7caf850fe404573d2f5ef100fdc425124fee396d262bb178f4a467e32e8f2b7d792d7335616e67c1590b3205872cda98b80c21483bdc4252fc3556c,CLEAR,DAYLIGHT,DRY,FAILING TO REDUCE SPEED TO AVOID CRASH,2.0,41.5,2.0,2.0
00f10f5bcb0942d7e9fae659df45d50d9511cb75616e63ce842631eca4d6854a3dafb72cc369c1fffdcd56e94afc0bf64e4b9661ef836dcc33ef165fbfbf776d,CLEAR,DAYLIGHT,WET,IMPROPER BACKING,2.0,34.0,2.0,2.0
00f15436f811ac3b63415cfc3417347b51aacf4512017ad361d52bf0d94ed9b762d6c5ec40430646faf555f934109d0d7f785fc43b34b01fef7e0ffee9c87340,CLEAR,"DARKNESS, LIGHTED ROAD",DRY,FOLLOWING TOO CLOSELY,2.0,29.5,2.0,2.0
00f1573e8f8ce2499b6fe9b4fb687343c1594de41b4ab889bb861507a4e2d916abac965de1b3126e36f4903b128bbe9888787817abf07f749a6433d8cd4426a4,CLEAR,DAYLIGHT,DRY,FAILING TO YIELD RIGHT-OF-WAY,2.0,50.0,2.0,2.0
00f159c384c637274d8dae5e9b79e5caaebec4dbd69ba92840be7d5c888694335fc2e4815fc79034a1e9fdafafc174e02b35af932b0201d456acaf4754671dac,CLEAR,DAYLIGHT,DRY,FAILING TO YIELD RIGHT-OF-WAY,2.0,38.0,2.0,2.0
00f16038e5cbf400f60df58906c82724946004aab7994ed723f7cbf2fee7782422dbe11c37e7204ebe86be33e309d2ab1f69e536252b89f570fe33737b24200f,CLEAR,DAYLIGHT,DRY,FAILING TO YIELD RIGHT-OF-WAY,2.0,50.5,2.0,2.0
00f1717ad1964209aff267563a5675255a4afc86a9bc91d704c7d8f3fafbdec844bdc1398720c36d7a1a2b5f1b3547cef4210ac6b897e5d17b23b904ad13d3b1,CLEAR,DAYLIGHT,DRY,FAILING TO YIELD RIGHT-OF-WAY,2.0,31.0,2.0,2.0
00f193832be4d5fc1e7959abdd16780849574e760a820b6e8266597743a190c47de8192ef513e22287297755272c86fedaf6fc70af5e439fa46334d3585f14aa,CLEAR,DAYLIGHT,WET,IMPROPER OVERTAKING/PASSING,2.0,24.5,2.0,2.0
00f19418a52ae4d6fcbe3561ad2a397b8d4e42bffd5e1f543fbc489b7ed300e489ad50f87aceab17b79bb20241bed87c0f396bdc2032746fdfd7a3cdd3e50ad8,CLEAR,"DARKNESS, LIGHTED ROAD",DRY,FAILING TO YIELD RIGHT-OF-WAY,2.0,23.5,2.0,2.0
00f1946a5a23217fe4bbca82c5fe1f1a0e5b41680f8869f73fd22036c149166ddfbafe488ccda27cb02a1d00e7473342590d96b5ac104ced125222a745c584df,CLEAR,DAYLIGHT,ICE,WEATHER,2.0,37.5,2.0,2.0
00f1ae700b8a13250d342b24f38aea3a0137f98f312dbb0ba312f59aa27d304de6f6c136ba820c61b01f12946ed3e6043e929a308b15efaa5fec5d78be3cfe55,FOG/SMOKE/HAZE,DAYLIGHT,WET,DRIVING SKILLS/KNOWLEDGE/EXPERIENCE,2.0,20.0,1.0,1.0
00f1d11531997644dc1a94e4460d9b868c9e6b0432ff381e36842cf9afa678df16780a3a2072ea473f3faa46f3a2a4024c508da027abc6fef6cfb617df18ec16,CLEAR,DAYLIGHT,DRY,IMPROPER LANE USAGE,2.0,36.666666666666664,3.0,3.0