crash_record_id,weather_condition,lighting_condition,roadway_surface_cond,prim_contributory_cause,total_vehicles,avg_driver_age,total_people,total_injured
00f1fe18528983514524531a3b8d07e20a952ab60167466b4d0e35cba32299be1fcb302e8ebb04a0d7d13bcca906a99cc9e86d71b8cc4f0daf4944988cae12ce,CLEAR,"DARKNESS, LIGHTED ROAD",DRY,IMPROPER OVERTAKING/PASSING,2.0,24.0,2.0,2.0
00f212e3275e72657e98ebe0b4581d007b95fec5d0c4ffa0757fb7d848b4d5262393bf500aaf994a8c08defba1f79fff1b81236c837872cf28d5277f1bb77f77,CLEAR,DAYLIGHT,DRY,PHYSICAL CONDITION OF DRIVER,2.0,42.0,1.0,1.0
00f23e88951916f390c49cea433222ff2964d682e5a66b804c70aa86eeee8cfe76f04f11fd61b536cbf4d879294939f038a205318f04c9a34bdd5651f11b3b57,CLEAR,"DARKNESS, LIGHTED ROAD",DRY,FOLLOWING TOO CLOSELY,2.0,45.0,2.0,2.0
00f249c32bad469fdc964724f76e16d507391fb4ea9370eb539533852f788565e61291855ae6f90d23afbed8d76ab25959c09d13a6d9ab9628251218b3479102,UNKNOWN,UNKNOWN,UNKNOWN,WEATHER,2.0,44.0,2.0,2.0
00f255189ad56732cf9e5e954471311de203b0a8ff850d47e52cf892014bc60872c8bf57b1b1b8a71aabb77040ad55259114a7cec266b73980d7f09091945b59,CLEAR,DAYLIGHT,DRY,FAILING TO YIELD RIGHT-OF-WAY,1.0,52.5,2.0,2.0
00f25b8737ad4dca0f0ad4c6994e17623329aaa959ae28a81440c14ac9818433e34462db7aa50deb94ed4eadbb7ccab2347053ea0c6518c68f5f3b3398e1cfbf,CLEAR,DAYLIGHT,UNKNOWN,IMPROPER LANE USAGE,2.0,42.5,2.0,2.0
00f26d048d3b355d171a2ddaa84284b8e306eb2be9512f51dc82a9571dd0e9f26ebb8ae1deabee2e2515fbe2633e91bc8b7a6eb84b983c8b0b9d0b500e5a89a6,UNKNOWN,UNKNOWN,DRY,FAILING TO YIELD RIGHT-OF-WAY,2.0,37.5,1.0,1.0
00f27c638c3c9a34fd7e31c4e7ce946ad96411b53b7b8dea185c47cce47c7f0fab5fbcca115db36f1fbd23cd041ca70b253fae6db7889fbad927b8760201371d,CLEAR,DAYLIGHT,DRY,FAILING TO REDUCE SPEED TO AVOID CRASH,2.0,57.0,5.0,5.0
00f2bbdfe65e9c62076de2e8e77136d4e002ae947ba44f4bae0f6f1d5c157c4179573c26cf71bbef753b0103b4e10024bced234c9fb21cc68288de403cd3f73d,SNOW,"DARKNESS, LIGHTED ROAD",ICE,FOLLOWING TOO CLOSELY,2.0,55.5,2.0,2.0
00f2d3f5dc5fafe9895a4abb55efa1cfe58daaee34ca96c035f0fb38d0faa2a1cfc69f274c4a2d8dec23e9a2f3f84876898433a4305a982e3a9f041da80f6aa9,CLEAR,DAYLIGHT,DRY,IMPROPER OVERTAKING/PASSING,1.0,19.5,2.0,2.0
00f2d6a5ecfab7650d874050c9e1b2f290170d69294ed9e92a13061d2238b9c64f8d7dd60831da0461f24ccb2eea97d25270c2991646fed1d626f1cc270e46b4,CLOUDY/OVERCAST,DAYLIGHT,DRY,FAILING TO YIELD RIGHT-OF-WAY,2.0,47.5,2.0,2.0
00f2db643eb846afff002be54ac314dfc186814270383ab045ba1d19a1b980fb5d6f08b8725e05564aeca8ddb5d308d76f80f34199b921acd578cf3241567d4a,CLEAR,"DARKNESS, LIGHTED ROAD",DRY,"OPERATING VEHICLE IN ERRATIC, RECKLESS, CARELESS, NEGLIGENT OR AGGRESSIVE MANNER",3.0,37.5,1.0,1.0
00f30aa19b97e3fc051cc68a4bafe4b2fd48325d658dc82277906b1ca495bbed9fe9cb16aa243b668d1a8ecf71977a92bbe055a405230f7001028679b659aadc,CLEAR,DAYLIGHT,DRY,FAILING TO YIELD RIGHT-OF-WAY,2.0,32.0,3.0,3.0
00f3196532dd62a89175df5de3e8b412ede2bc9462ee4097e7a5f22f6bb0223508eb9fa3bc3416a728fb7985f6a803bbdfdf93bed9a661acac3fe7baf5651620,CLEAR,"DARKNESS, LIGHTED ROAD",DRY,EXCEEDING SAFE SPEED FOR CONDITIONS,2.0,47.5,2.0,2.0
00f336bdc8e0a2287aa6abb30fd16d69b6a0673f844f870bd89821e2327b2d6321332371e184a1481450486ba76bee643864cb9e81508532449bf631cdb3a316,CLEAR,DAYLIGHT,DRY,IMPROPER LANE USAGE,2.0,31.0,2.0,2.0
00f34146701d7f46f490e7e49600d962eeaf37edfd85e4251e200fb37f44c50b47336b4f59ce38eddd5e44f7d703e43fd7f89eeb23a784f119ef86b7efc699b2,CLEAR,DAYLIGHT,DRY,IMPROPER TURNING/NO SIGNAL,3.0,33.0,3.0,3.0
00f349d97cc470500c66a3eb5be1ea38931b64adb7b1fca14be7e5fb0de1af4145caf2200f54131ce0788caf8f7773f7a4a8633808491f03179b874ae3ea93ae,UNKNOWN,DAWN,UNKNOWN,DRIVING SKILLS/KNOWLEDGE/EXPERIENCE,2.0,79.0,2.0,2.0
00f38a5f25aebff7863cac4ac06d17d4f63d5dd3e6b3e4a91d4ef9160646e9ea21b7b5c9b2ce111920aa4c8a3ce674653a45021b2cd2e6e4e8a9d02852d4f3c2,CLEAR,DAYLIGHT,DRY,FOLLOWING TOO CLOSELY,2.0,33.75,4.0,4.0
00f38d20f82d38c534e4d9f20d31417cd0687cc6bf3eedcfe68ac61352224089658c61614e090c27add3d86c71a3db7a5addeece83d16f7ff660ad1db8540aae,CLEAR,DAYLIGHT,DRY,"OPERATING VEHICLE IN ERRATIC, RECKLESS, CARELESS, NEGLIGENT OR AGGRESSIVE MANNER",1.0,53.0,3.0,3.0
00f396b3cb1ff64962b5e12ebb63d896138103ce0e5414892784cc709337f94f954fd774ef500b2bf94c1a654731591fefef529cbfda51c673e929efaa615e85,CLEAR,"DARKNESS, LIGHTED ROAD",DRY,IMPROPER TURNING/NO SIGNAL,2.0,29.0,3.0,3.0
00f3ca1ad1747e305548ff610b9e01953fd06352518697446a18997d337cb1e04ab4313fe7013183dc43486e6a7b94cc2c2c343e7b5e49ad6bcddd36e7635541,RAIN,DAYLIGHT,DRY,IMPROPER BACKING,2.0,37.5,1.0,1.0
00f3d87d2a5f524de17b6443efb11b16c991bfc179edf43ff72d43c324a1676bb627200f0da9d7fa1ed6fb944bc14443041c008b1bce31b1f8283a0f512748a1,CLEAR,DAYLIGHT,DRY,DISREGARDING TRAFFIC SIGNALS,3.0,41.0,4.0,4.0
00f3dc6760d9b9b2cc64724085be8eb48b7932ec3b9aed90d054e7b792acc1e6f88bf646d27a221385f2d24a9ad86a7dd8cc8b7c10269df2420a2e859be8e54b,CLEAR,"DARKNESS, LIGHTED ROAD",DRY,UNDER THE INFLUENCE OF ALCOHOL/DRUGS (USE WHEN ARREST IS EFFECTED),1.0,65.0,1.0,1.0
00f3e2e7f6e04653e5e711fd8603755abbf5f1c92137769a131be20bae50e25a4816a22ba60e93011b034bb5182e75de280378baa55695a2d34cacc2c8f0e5ee,CLEAR,DAYLIGHT,WET,FAILING TO YIELD RIGHT-OF-WAY,2.0,27.5,3.0,3.0
00f3ef706b4dffdae52a2536239ee9a26a30aba41622e7f36a7656ab47309859141853aa1ff60a9247c8d022318e88ae09447a12bf862739a7be8c1c78038395,CLEAR,"DARKNESS, LIGHTED ROAD",DRY,IMPROPER BACKING,2.0,37.5,3.0,3.0
00f400c50cf3c2f501386908220065f6d2f2670947e5b8025071be7bcea945930a32fc9ad979c7cb435526a920b7def8df4abfc0a68d08789f364a4893782892,CLEAR,DAYLIGHT,DRY,IMPROPER LANE USAGE,2.0,51.0,3.0,3.0
00f41aa6928f1f3a3dd3474453973a4b2809c9dfe8887363ca2f3f08e176e0e14193ef2ac99f10ca3d0c5432b023ccc4fe2221ff5e921676c9da291748727725,CLEAR,DAYLIGHT,DRY,FOLLOWING TOO CLOSELY,3.0,38.5,3.0,3.0
00f43f5fe65c2969d4213592e424b634bc66b73c2e709a1707901689e93245473b91feed2741cf0099552fc165d265be50ab34b9d4ff3fc04dffc0118c723979,CLEAR,DAYLIGHT,DRY,FAILING TO REDUCE SPEED TO AVOID CRASH,2.0,21.25,4.0,4.0
00f4b25c0d0279a382430ab8e8fb25afca24f333996016d63e51044730acbee3c7aa18bb0d71446da59d427e038020f8d7778e3b202241849cacfd8cf7af871e,CLEAR,DAYLIGHT,DRY,IMPROPER TURNING/NO SIGNAL,2.0,21.8,5.0,5.0
00f4e9a4c7319121b38b3a2870b307da3733a7bc47f457f80772748fcd43472117ea5f6313c70363d61ea25861f555a05e104b7e82b94a9810ab70b6822ae61c,CLEAR,DAYLIGHT,DRY,DISREGARDING STOP SIGN,2.0,62.0,2.0,2.0
00f50827f2173f8a427b02a38b7bf796d6808d6417ba1fd11bc5f6f8e12baec2281c1d2210c46ed6fbf5dd3fb3aa59aa21a4ae229bc704b724b514aeab208d8f,CLEAR,DUSK,DRY,DISTRACTION - FROM INSIDE VEHICLE,2.0,26.5,5.0,5.0
00f518339fd25f8d75d3c2810592fd5d874530a83c2c24755a7f506fb44f054938128b468565c8af480c089d6ae47612e9f7ba70e1e4377a0b2d26f8087ea9c7,CLEAR,"DARKNESS, LIGHTED ROAD",SNOW OR SLUSH,WEATHER,3.0,48.0,2.0,2.0
00f5430f66a7a2fc0777c35abc9f5863700c45b8e500f25acb9a56beba2bb80fd41d11d1afde1f5f3a4104e8bdddba330104eabdfd8fbc9b8b737974935a71cc,UNKNOWN,DARKNESS,UNKNOWN,DISTRACTION - FROM INSIDE VEHICLE,2.0,37.0,1.0,1.0
00f5456e7140b7c32c3dd16b63f777e95108437cd87042164bb3f7ac64d323580e3b7f5ca8cc78a0f83b8a3e9f212029c53c2cfdf03b584be114b6fe44a243e7,CLEAR,DAYLIGHT,DRY,IMPROPER BACKING,2.0,31.5,2.0,2.0
00f5564fdc5f87b45c691aec15afed5611adddc8f5b177a81e80575b1869430f3f14d59715ca16bf99172bd9c12ab53d7455080f49bd9b7453a96013ebdafabf,CLEAR,"DARKNESS, LIGHTED ROAD",DRY,IMPROPER OVERTAKING/PASSING,2.0,40.5,3.0,3.0
00f5639b53c346b63600c2c98ea35751fd6145e26fc64432041628d9561d6e5b460cd9c9c57c1351c71a94953a786a275a26a97220b37e353fd61c5b48a682b2,CLEAR,DARKNESS,DRY,IMPROPER OVERTAKING/PASSING,2.0,45.0,2.0,2.0
00f573d0370191b02d316f772e1ded704ad6053cf5982061ac840957f2c675b469cb44572ee8640257a0fcd6ff4d4a57bcb1e656c69972167543eb1f4debae04,CLEAR,DAYLIGHT,DRY,IMPROPER TURNING/NO SIGNAL,2.0,61.0,1.0,1.0
00f579103acee6c2399a065e760e3dcb8c7809d5c32e1946e568f3eea7d3685cab2f1d2e277521f923810b94e1a96855502b0655d167c35b85079cda4c2c3b04,CLOUDY/OVERCAST,DAYLIGHT,DRY,FOLLOWING TOO CLOSELY,2.0,25.0,2.0,2.0
00f57b081e5e5659be375d0fffde12e3666db2895bd5f0973464064af9e2177f8744e65763b65cad6654f3614f592e72326ec4c0389e50a3aaad736e6f2960e7,CLEAR,DAYLIGHT,UNKNOWN,FAILING TO REDUCE SPEED TO AVOID CRASH,2.0,39.0,2.0,2.0
00f582dea3e7b8c04d2fc1a013250980bc0645669eac52dc69589f26c3a19aa0902ba2d53485c1b0aca9aad0401295cd12209a6c5cfd2c3c48aff94354cc6191,CLEAR,DAYLIGHT,DRY,FAILING TO REDUCE SPEED TO AVOID CRASH,1.0,37.5,1.0,1.0
00f58c4c8ab06cc0f2707231b52412e9d19d425295d61ce52a5ad182012531bf8946a1abaf027034df124cf1ab4c4eef3954f11e0d86c529a3738c0f423eb1a2,UNKNOWN,UNKNOWN,UNKNOWN,IMPROPER OVERTAKING/PASSING,1.0,43.0,2.0,2.0
00f58fbaf6772d0263907b67aba0bbdf9ee23c3a4ac7ba124f303c15820ac93c5184e812a299cc95b03cc5cee72a3eafe0228967ff8c65420e8cec4091373ef3,CLEAR,DAYLIGHT,DRY,FAILING TO YIELD RIGHT-OF-WAY,1.0,46.0,2.0,2.0
00f59a62c3ac96bdd417dc9be9c9199f65da48e023757534dc1a177d5b63da228c44000341252c53976d0813061e663f92d8968c2bb60e686e6c590bd69f318f,CLEAR,DAYLIGHT,DRY,FAILING TO YIELD RIGHT-OF-WAY,2.0,57.0,2.0,2.0
00f5a44d11f01f7343d08eeab6239f90f4d52cab9528aaa1b383b74602d0b55fc612e7a1b4e0b629563d97868fd11adb89851a75f2bfb7000bb272f8cc654763,FREEZING RAIN/DRIZZLE,DAYLIGHT,WET,IMPROPER BACKING,1.0,58.5,2.0,2.0
00f5a639b02e417aa7aa85663231519b4d0686d67b912c5923577f201e0ad74aa6f35eab53e9a4b4d2258d0136a6ed32967c10747b879e1cbe839b06dc7667b0,CLEAR,DAYLIGHT,DRY,FAILING TO YIELD RIGHT-OF-WAY,1.0,24.0,2.0,2.0
00f5b3f9f14bb01fc4ad90cb224ff88420ec2b6526810e667449e970d66764a3eca637458c757072643e9848d2dbf981c14542943a0d86ffcb84805f9f6fdc8e,CLEAR,DAYLIGHT,DRY,IMPROPER BACKING,2.0,40.5,5.0,5.0
00f5d96bc9e0ef4f0d884559c4b0bcbb8f886357ec0d8b6e59b157987d508bd3c7f578c702e11dc4dde14e70c8096e87a29db64fc10989be53bc22240ddc0fc4,UNKNOWN,DAYLIGHT,UNKNOWN,IMPROPER OVERTAKING/PASSING,2.0,45.0,2.0,2.0
00f62244c4d38fdf94e1610dd84ba9ee12a5a57346a14fd4a69031e57ada327bf7d58d3dd9b935f8256b500031583ff14b6c33e9a86d01b446ad28aa84ac3bcc,RAIN,"DARKNESS, LIGHTED ROAD",WET,FOLLOWING TOO CLOSELY,2.0,64.0,2.0,2.0
00f63eb944dcc55522de807c54dfdfa75f49984e90d171a89f7e89c77753156a052cab54c5a899c2e288c9c568f2a9cacd8864657fcfad45e58fbf0815686957,CLEAR,DAWN,DRY,FAILING TO YIELD RIGHT-OF-WAY,2.0,26.5,2.0,2.0
00f65cb4f53651359505af98329c221f003a7fe1ffe4143ef2c67a3db63868a2022c9e639b7abb07f52fab43a1fbea9ad23da2d42c8826ae591a96171c5e797e,CLEAR,DAYLIGHT,DRY,TEXTING,2.0,63.0,2.0,2.0
00f6b2ab7499e7bc8011834ede86be3950c582dd816ca7cb38dac397ea1404bff5ec8bbd2558b1381cb3b9dedeed9af0b7e28245e93514f5e2b424dbd1fc2025,CLEAR,DAYLIGHT,DRY,FAILING TO REDUCE SPEED TO AVOID CRASH,3.0,32.333333333333336,4.0,4.0
00f6b35095d66dca66f36b8f9b3952c1032b20865f1810e0578b6ddb02b010c174974f0b8c30262eabd0b5f6b0b2b662a5f9608d771ae825149b021b7e4721da,CLEAR,DAYLIGHT,ICE,"VISION OBSCURED (SIGNS, TREE LIMBS, BUILDINGS, ETC.)",3.0,55.333333333333336,3.0,3.0
00f6ba8450f93f07412e3e033e93235a8a3fa35a9e020b433ef9420ea2054f68cb0863be7e29587eea430947b9383623422abed574f914c3ba110b8474d08fac,CLEAR,DARKNESS,DRY,DRIVING SKILLS/KNOWLEDGE/EXPERIENCE,2.0,24.0,3.0,3.0
00f6c5de7a4eba19a8d5232a007e0112bf406bdc51c70f3f2dd4c0ed6ced5e1693e525e55937642c19363ae7bd8b4c96614f65172a7504f1645c078ff217da04,CLEAR,DAYLIGHT,DRY,DRIVING SKILLS/KNOWLEDGE/EXPERIENCE,2.0,46.0,2.0,2.0
00f6d3ad631b30e5d157df6f5df90b660c6e252649dee339f67d53bbee771733a279cf6101d36019e4e853d754aa157db24da2e8998ffa7de94cabee8d46f426,CLOUDY/OVERCAST,DAYLIGHT,DRY,DRIVING SKILLS/KNOWLEDGE/EXPERIENCE,2.0,37.5,1.0,1.0
00f6d5f6c0773f8ccdd2e3a741d511b2bf716605b88f0c634e772c846e9767dafe3e9ce057773e2f98045c15bbfc60b5901327432bfdf65b1c8f9a83074b2bc8,CLEAR,"DARKNESS, LIGHTED ROAD",DRY,FOLLOWING TOO CLOSELY,2.0,62.5,3.0,3.0
00f71fba8fd3ff0fa1ec25703e941a4c1bcb50a435a9f13b286743bb7d5ad33c3cc2430e4620047b60934292374573d1dc48b05a92a14ee3a5c5c441cfc98d1b,CLEAR,DAYLIGHT,DRY,FAILING TO YIELD RIGHT-OF-WAY,2.0,24.5,2.0,2.0
00f72db0d8ffad12d8e8e199e6b7a823c0cd2fa74a1c7ead0a0b59ce0750551aae63db9ef26b895d182a98b466ebe8194d18ad4ca37d41ffc527e000a230bbed,CLEAR,DAYLIGHT,DRY,FAILING TO YIELD RIGHT-OF-WAY,2.0,52.333333333333336,3.0,3.0
00f7480db380c555d87d18165b162f805bffbda916e64f4dd60cc663dc86a268fb3127dce0a0ff3c0ca581318d684b8dec0d59f984312ec4d8d20de0644ee659,CLEAR,"DARKNESS, LIGHTED ROAD",DRY,FAILING TO YIELD RIGHT-OF-WAY,2.0,37.5,1.0,1.0
00f760fb8e9cedcbe0b66d1f14a924f1a2c7d810519889ca7efc294ab87916613a59040d4c7ca474fdb89698dd9febc5442d4bb531853db332d80a1276cff8ef,CLEAR,DAYLIGHT,DRY,FOLLOWING TOO CLOSELY,2.0,37.5,1.0,1.0
00f762cfb027722937c8293787611ad652704e36cc1db52a48e0e535852b543b2833a2958b2d1cd9d6ea9530fc4cae1fb635bef8a11f7f4378c9e1e4ddd792ff,CLEAR,DAYLIGHT,DRY,IMPROPER TURNING/NO SIGNAL,2.0,27.666666666666668,4.0,4.0
00f768a81ec4874cd3816303597e6b90b332721a592c60c06a4c87b574ea9391d7d31a267c47300fb609ee38da1587721079fe5e97f7355dda7534fdea2495a0,RAIN,DAYLIGHT,WET,WEATHER,1.0,14.5,2.0,2.0
00f77fdd136eff236ea646acda1b058506e2be47da1eee60ede198b236afb5ae5abf853416f8f90d23b3ac28aa6ea278c2f11b05f3f4c8ccde58f4cb28e04946,CLEAR,DAYLIGHT,DRY,IMPROPER OVERTAKING/PASSING,2.0,38.0,2.0,2.0
00f7856487e74c8d7bda7a4b3bbbf7368d05eb46daa6f14a705af81c411d6e1d9740fb9a4a09d9a7e3434d11557a187f0e26cea15b73ec028f7938c872f4117a,CLEAR,"DARKNESS, LIGHTED ROAD",UNKNOWN,DRIVING SKILLS/KNOWLEDGE/EXPERIENCE,2.0,45.5,2.0,2.0
00f7896bf8ea245070bee2fec5c1f00e0c94779209010fc07415540240e88d8232d3630bbccb8355f15247eda6d1a02ffb04277dc735af771db804e62a647211,CLOUDY/OVERCAST,DUSK,WET,FAILING TO YIELD RIGHT-OF-WAY,2.0,19.0,3.0,3.0
00f7a0642524d750411a5648019bc29940ea13c7449b98345a81ee8c26ab5ed3a3f51cda822c9bad2a835983849402da1634804ff06051ad3a9d9666bbe16dfb,SNOW,"DARKNESS, LIGHTED ROAD",SNOW OR SLUSH,DRIVING ON WRONG SIDE/WRONG WAY,2.0,44.0,2.0,2.0
00f7b1516bc4a9159a44ed2366d5ff53da9b88ac86f5cacf550ca9b5d39d8c86a1d6b3d11909f266dd5040543a2e50930031cb0744aacd7c42b30b4ff1c554d1,CLEAR,"DARKNESS, LIGHTED ROAD",WET,IMPROPER LANE USAGE,2.0,37.5,1.0,1.0
00f7fa54299e28f9ecd0294931d63eaa2e7db6a8db3da6cb23392cf9b5d64c9e4b532f61f92b4b281d0cc0685b9591217d1599279234b2998e04ca5697189f41,CLEAR,DARKNESS,DRY,FOLLOWING TOO CLOSELY,2.0,21.0,2.0,2.0
00f7fe993eb5984b77edeb276ba9d43d7409efd252cfb055e799179e4e725a48c06a185963dedb0ba3d8a95cdf503bcf857384116d00030406de3268cbaa388f,RAIN,"DARKNESS, LIGHTED ROAD",WET,IMPROPER OVERTAKING/PASSING,2.0,54.0,2.0,2.0
00f80ae884c2a8a3d533c8c49c041bb971a7ec994be935b78c2902c2aa74be96d98d9786d997d60f9eed5c2490b5945a8508217d3e8f68d2907ad249496cd901,RAIN,DAYLIGHT,WET,FAILING TO YIELD RIGHT-OF-WAY,2.0,78.0,2.0,2.0
00f8215590a626415fcafeef72bf96f831070e771177da908d82aae707cff315b6cfe9aa898f963a65d38d3c4b86357661d934725132b3f9a6bae564d4c32589,CLEAR,DAYLIGHT,DRY,FAILING TO YIELD RIGHT-OF-WAY,2.0,12.5,2.0,2.0
00f823ea39add8816e536caba49477fd495e2894294cdc305342e7a9688f70230a05a76a2cba03d9a3bb9b67aeb4b2e5d8152a86d260c8c558bc393297b68041,CLEAR,DAYLIGHT,DRY,FOLLOWING TOO CLOSELY,2.0,24.0,2.0,2.0
00f82709fa613ea55f101f4caf2109481ee413219c3c24ec755888892f17d04fbacf73f9bb0dbb1d2f4363f205212958c347ef0c2b44518f56b8177f17e2b8ad,CLEAR,DAYLIGHT,DRY,"VISION OBSCURED (SIGNS, TREE LIMBS, BUILDINGS, ETC.)",2.0,31.0,1.0,1.0
00f86687fd70e2baefea899e9e6ee3a744fbdd5d4f302e327b3134398cd7dc13e09e9292591e06c561e6e19148ed7ccdb5bee5d37d1b98c316b2f24999468707,CLEAR,"DARKNESS, LIGHTED ROAD",DRY,DRIVING ON WRONG SIDE/WRONG WAY,2.0,37.5,1.0,1.0
00f872c3196f1cfd250aeba4e69042c83588ea47802675d62bec11f6f551264f9082770a85ebec1c0fe13d06a4bbad368b047e4a2793074b6435f705ddccaf53,RAIN,DAYLIGHT,WET,FOLLOWING TOO CLOSELY,2.0,49.5,2.0,2.0
00f8a714f5de4fd9e585fd0e87e23816d6d59862ba6ee2ecc419718a42255763204035abc3eb7d7839d115589fe84ad29404cb48db1dcaf53f5f7668bc80b79e,UNKNOWN,"DARKNESS, LIGHTED ROAD",UNKNOWN,IMPROPER TURNING/NO SIGNAL,2.0,45.5,2.0,2.0
00f93afc7dbef0405a98d35be3ef0424779b0d0e805a66576f63383cb588f1785f23579ffb1d432d8830b6a6bbc4017e4a2bc3b00de3ecb6510df29ac84ae3f2,CLEAR,DAYLIGHT,DRY,"EVASIVE ACTION DUE TO ANIMAL, OBJECT, NONMOTORIST",2.0,60.0,1.0,1.0
00f979c38ecaf505fb1f79d371cb47b118bdf18272f1c5ae681361e02520f2567349886e0eb3b0641090698d530d6df094ee58e2d1670ea2c858674bd8a14347,CLEAR,DAYLIGHT,DRY,DISREGARDING TRAFFIC SIGNALS,2.0,27.0,2.0,2.0
00f97b648339bfb08ee524752f87562e6d4f48c589b48a331bb83102e389a7239cd896dc116c4b06e080e8be482e640da21151a3a2d6c98122e9bb8acb4087ad,CLEAR,DARKNESS,DRY,FAILING TO YIELD RIGHT-OF-WAY,2.0,28.0,2.0,2.0
00f981de6ba2bc15533ef0268bd3879daf7f57af31908a7c537bf05b9bd821b223e78f3f353e1aaa3405262e65b569583f415cdb8f9b6239e841fff63b907224,CLEAR,"DARKNESS, LIGHTED ROAD",DRY,FAILING TO YIELD RIGHT-OF-WAY,1.0,22.0,3.0,3.0
00f99c9add037dff7167bcbf2d28cad11c72c80f4c63859bad900128be4c7be5089ab1f6990c726412cecbbca00b17d943b551e5f2d795c59ed795899a1b02c8,CLEAR,DUSK,DRY,FAILING TO YIELD RIGHT-OF-WAY,1.0,41.0,2.0,2.0
00f9a6c38843e6a429cbd4cffa9d4cb9fe6f5001e096d256fb9769d615cbfd270c24f60bbc63c6a55b8bf524288e30df6405bfa3b9685a59fc82428cdf8c83d2,CLOUDY/OVERCAST,DAYLIGHT,DRY,PHYSICAL CONDITION OF DRIVER,1.0,36.0,1.0,1.0
00f9a74aa068d69897988486e8d7086e4506c372a4d157ec000f285d109d2020d0dfedd2f2e1215d78804f51928734937efe3e2a5b7e044861cfcdd813742cf6,CLEAR,DAYLIGHT,ICE,FOLLOWING TOO CLOSELY,2.0,46.5,2.0,2.0
00f9f9aad6b0024a29ff00c8d3d6c958d1db90dba841823d6251f237cdc90bcead4ec6719552b6e32ea9c2ca5f319ec98c8d1fe22825b47f0a593df3192bc5e5,CLEAR,DAYLIGHT,DRY,FAILING TO YIELD RIGHT-OF-WAY,2.0,53.5,2.0,2.0
00fa77a1ff93be03f8f4b800ee0ef426507d5a38c3378e38eb27d52bf9e7e60c8deab52db191775703414e0eb96871002e0546c9c9b2221062a8c6cf05d60d91,CLEAR,DAYLIGHT,DRY,FAILING TO YIELD RIGHT-OF-WAY,2.0,29.5,2.0,2.0
00fab75c5f9277b07fc23cf280352f47f594ab1f859078873ab4916034457ec052fb0e751fcb70c7f11499a049dfc4e470bb3df926fcb9e3bb9bdaf46169b87c,CLEAR,DAYLIGHT,UNKNOWN,EQUIPMENT - VEHICLE CONDITION,2.0,30.0,1.0,1.0
00fb29f98f7f779bd55692691bc0221998fae6e0675d69a5563464ed44f9a2ab8dbab5bfbe87e976e3e240b8118e0e9abda2ec3b37504ad9c2232f563432db51,CLEAR,DAYLIGHT,DRY,FAILING TO YIELD RIGHT-OF-WAY,1.0,81.0,2.0,2.0
00fb3d2b98139766a2001bebeef66fadb511028727a15d421c7a4b552dad5f1071820085d350de320d9e4380bb054b2977fd92fa1195be9ede630eec544f81d3,CLEAR,DAYLIGHT,DRY,FOLLOWING TOO CLOSELY,2.0,20.25,5.0,5.0
00fb40e41ae133914168043d0682b8aeb1503e5b26f2fa1cb898fa184b5c0616902232804e580faaa3c42401625b03f03e1a473bd71d73b4b00cbdff36106d64,CLEAR,DAYLIGHT,UNKNOWN,IMPROPER OVERTAKING/PASSING,2.0,30.5,3.0,3.0
00fb43d299f44bf992ac1171cee0525489560e6a3c5f57f100aea48a00bc5859df479e92e02cfab7817e004b7920b37772fcd835b92699f9bf14ebd063db017d,CLEAR,DAYLIGHT,DRY,FAILING TO YIELD RIGHT-OF-WAY,2.0,45.5,2.0,2.0
00fb568be485d52a3a80fb10c896d7e2da89f20501c4a23b639611beaad18d4aedcb0ac8dda4111199bca04e139bc9dc57fc10aa4fe390277dd3df158c157097,RAIN,DAYLIGHT,WET,IMPROPER BACKING,2.0,20.0,4.0,4.0
00fb887137374078806aa2eab13b50e943a9818e5b62fbf6af73686991acc4a237fb0ac85b2d4243a2fe6eaaf3a93c0582f79cff68a9674404ea2ce86a1793d5,CLEAR,DARKNESS,DRY,FAILING TO YIELD RIGHT-OF-WAY,2.0,38.0,4.0,4.0
00fba18a56f2a85b88d8f1a6b26a04d8a8772eb75cb56e6a65fe78cb46a41d015513da3816c7ee8032aac193e70f9aa9c1204038a919787fda0263a5d3764930,CLEAR,"DARKNESS, LIGHTED ROAD",DRY,DISREGARDING TRAFFIC SIGNALS,2.0,29.75,4.0,4.0
00fbc13ce5ae5adf65f468f14d8c85ec117a4d576bf486d70097a987b65b3d70b640964901fddeef7dfef78c2782897ae2b5c794089c12f08258acbfdcf4c467,RAIN,"DARKNESS, LIGHTED ROAD",WET,DRIVING SKILLS/KNOWLEDGE/EXPERIENCE,2.0,37.5,2.0,2.0
00fbd1b4176ead9dbef0b77cb0771156ac0be7a7a918ff5cac07ef29a5fa3f1bc3b70ef7035817e642fb97b8842ce949fd472c7b08c6c08d91953d0ff349e6e6,CLEAR,DAYLIGHT,DRY,FOLLOWING TOO CLOSELY,2.0,56.0,2.0,2.0
00fbd7d86036ea27b4368e611f7a5962e175f35bc232c12cd247df4481d1d5fdd4a3ada934c7064620e2a9e4831b8b0691bf2024d77f2ddc26bbc79d719ac687,CLEAR,DAYLIGHT,DRY,FAILING TO REDUCE SPEED TO AVOID CRASH,3.0,40.25,4.0,4.0
00fbe1f8451da83c5c879d1e69179f2645268f2add3970ad912a89eeb6eb0b500dde6132cd8efd63f1a6af98d7eb36ea9528e71f629e34835f27bde919e02aeb,CLEAR,DAYLIGHT,DRY,FOLLOWING TOO CLOSELY,2.0,35.5,4.0,4.0