crash_record_id,weather_condition,lighting_condition,roadway_surface_cond,prim_contributory_cause,total_vehicles,avg_driver_age,total_people,total_injured
00fbf5d27763f6dee8f3969787a146a406a151bb0284d51aa7604f1709826e089e053fae647e96b995ef17fd457092b692409377ee3dc7bcea3f47998737041a,CLEAR,DAYLIGHT,DRY,DRIVING ON WRONG SIDE/WRONG WAY,2.0,34.0,2.0,2.0
00fc0a7ddc5730d05d5182aa99ffa3dabdc951dc184c085cc601a549dc11fc8290ad5d28afd98957bba3164778aa4844868b892e5a6f7813902777bebf850343,CLEAR,"DARKNESS, LIGHTED ROAD",DRY,IMPROPER LANE USAGE,2.0,37.5,2.0,2.0
00fc23ed0bda9919a3b4a6ced6ca7eb83095ac87c51a3c58a8397b799ac88461ed3e655fd6e41a79ae23d5714558b00cdead1e474f201f251fa2beea6532cda2,CLEAR,"DARKNESS, LIGHTED ROAD",DRY,DISREGARDING TRAFFIC SIGNALS,3.0,59.0,2.0,2.0
00fc24411169850ab1ed9308bba8f78ff0a21d8fcb2dbb2ea8ce54b69b133181e77c2109526bfb86b642bc362948cbb518212915576b76357b7cc05f71d0f26e,CLEAR,DAYLIGHT,DRY,FAILING TO YIELD RIGHT-OF-WAY,2.0,39.666666666666664,6.0,6.0
00fc49f813cbc106e8e4bf9b590c560bbde07ad61941e25b43a0167096b9738ba9519113a2db3dc9b6d7569fea9798102df04ddd6036c548177a49817e68d4d2,CLEAR,DAYLIGHT,DRY,FAILING TO YIELD RIGHT-OF-WAY,2.0,41.0,2.0,2.0
00fc552f4de4cd67d35269c851c03bdbb8ce63f241a7a9a839b9c47e33898b44edf95bb27040248ad82bd192d72c166bdbe2d5834c2a087bcc4339f40a4dbd81,CLEAR,DAYLIGHT,DRY,IMPROPER OVERTAKING/PASSING,2.0,29.5,2.0,2.0
00fc7c90919f9bc30a876521a5c2d75bffdc25121039ebf836706f3db04b5543182eba030c277c0f4cbc0da28e45fbde426765320a981c047ee67be63fa34841,CLEAR,DAYLIGHT,DRY,IMPROPER OVERTAKING/PASSING,2.0,36.0,2.0,2.0
00fc8218601e2adca2cfa759249df31653c13b358c86a6e646ee280fb7ca8a021316a681089b2f7448c6acdea75e71572be7f70e61c4b98f4abd9f82ba4e1ba2,CLEAR,DAYLIGHT,DRY,IMPROPER OVERTAKING/PASSING,2.0,33.0,2.0,2.0
00fcbab202b8caa4c2b03404a68427b8fc383c57c81626d9cda9886e8b24f3206c026a7bdb65bded26d3f220c0b7725209e1ca749b2933456988fb64180d8da0,CLEAR,DAYLIGHT,DRY,FAILING TO YIELD RIGHT-OF-WAY,2.0,21.666666666666668,3.0,3.0
00fcd0e707aa45c0a66f438c1a0f38a810e379def367783bc971dcb76b31b163ebe01c732c1236280fb430520978120aa307db712e1508b9d96c8dfdeabdff7f,CLEAR,DAYLIGHT,DRY,DISTRACTION - FROM OUTSIDE VEHICLE,2.0,41.0,2.0,2.0
00fcd29bc26902168fdf58e3fe1363365fc14777d9619f1542c7a284002115194344cc4be430abbd023bd22948a6d38804d2ce2f185edc804ef1d5b2b734094e,CLEAR,DAYLIGHT,DRY,IMPROPER BACKING,2.0,33.0,2.0,2.0
00fcecd6d8b670715c270a2329244ab868070b468deea7a4af6f495d6b2e1e3aa628951c7bce958680f86e1693e8b8614ee82c5f97f7576b9bf9eedebb92e508,CLEAR,DAYLIGHT,DRY,IMPROPER LANE USAGE,2.0,46.0,1.0,1.0
00fd6097bb4c1e49ce7021dead3e2bf026b0fbee3f4708fca999a77d4e5d68ce08998891461f413e78f49f930ef88028e9eb57e9b7b1ae19b8ef75a04fc12cfe,CLEAR,"DARKNESS, LIGHTED ROAD",DRY,"OPERATING VEHICLE IN ERRATIC, RECKLESS, CARELESS, NEGLIGENT OR AGGRESSIVE MANNER",2.0,33.0,4.0,4.0
00fd91a14d3399db05f0d94e0e68d4540c50b6a2c834b93ccc883f0751e0ccf047c64960cf941cbb7dfdc110243742b1de82809727cf0b27d05fd8907b743235,CLEAR,DAYLIGHT,DRY,IMPROPER BACKING,2.0,35.0,2.0,2.0
00fdac37dcfc555ab2869e069220334920d0fdf95e88956125dec9a42d6c43e8d2eca5dd7b5add631f479e4afef7fb19f40408b72672ee3784948509a5c48351,CLEAR,DAYLIGHT,DRY,IMPROPER OVERTAKING/PASSING,2.0,37.5,1.0,1.0
00fdf1b4b0a971b15b73427bf24bb8983ec6f96e9f4eee2ce05a155e05b7190884bb0dae90223961cb44e0644c9fb33fa02b7be544055a8e8c6b3c47144a67ec,UNKNOWN,DAYLIGHT,UNKNOWN,IMPROPER BACKING,2.0,37.5,1.0,1.0
00fdfb90b2daf98c0ac859976d04279c5e0a1c23df9a6aeea8b6d5eb140356c68790a9a551f5de4cdf4641802c56a953e01b0e4183e8470cd8699a0c1c64727c,CLEAR,"DARKNESS, LIGHTED ROAD",DRY,FAILING TO YIELD RIGHT-OF-WAY,2.0,33.0,2.0,2.0
00fe3942de61294c040c74dedf7ab0adde9db66562a769c05effb8743b3f8fc5a6c486156f10e1be19d52bb06fddae3f7d4f780d7a45b7520e8379f38102d938,CLEAR,DAYLIGHT,DRY,FAILING TO REDUCE SPEED TO AVOID CRASH,2.0,50.0,2.0,2.0
00fe8378841659162b719da02e08161d7ca3746ff0cefc831d519e621e57521963f0070907745d51c052101f80d5ff320d0607559b674388a1f7f4bc3a7984a8,CLEAR,DAYLIGHT,DRY,FAILING TO YIELD RIGHT-OF-WAY,2.0,71.0,2.0,2.0
00fe91ced83fba555addf92f0ce18d2908b7ded9064eeb07f9b69ae770f73d46b92f3084ca6e33059b944ad24a3057bea36316f53f93166cf10cf7428a4e7f89,RAIN,DARKNESS,WET,ROAD ENGINEERING/SURFACE/MARKING DEFECTS,1.0,50.0,1.0,1.0
00fed1acc9174b3288f0262e7b4d4e33fbc52f0843b837fc04cc35ca2085fd903ac9d05fd12b9141d22d484099fd64d7761e0ad49554b827c3843ca3f0850140,CLEAR,DARKNESS,UNKNOWN,IMPROPER LANE USAGE,2.0,21.0,2.0,2.0
00fee628ac3f3c1d7c013f430a9e4614c96d2bafdb9c38fdf63f3634967cfb88de363bcaf54dffb697a5cdb485871bb770f9c031321067050d505ec7f46b0a7b,CLEAR,DAYLIGHT,DRY,FAILING TO REDUCE SPEED TO AVOID CRASH,3.0,53.5,2.0,2.0
00ff162d1a3835741c3f87d2734086cc13b9067305cc218a88e1cf4133f6bbc4896bdeabb07aa90cae2ce0c22a507e1020f0111d81e497de93e17019b79c6bed,RAIN,DAYLIGHT,WET,DISTRACTION - FROM INSIDE VEHICLE,2.0,12.5,3.0,3.0
00ff16f3e43a31c5256fe5f25cef80884e7058f6a3a5524bae515429601a16281421c3e4ad1440b637e30e6ff86c2e8cf8b2523ee6642ebe4bfa747030ce4b31,RAIN,DARKNESS,WET,DRIVING SKILLS/KNOWLEDGE/EXPERIENCE,1.0,30.0,1.0,1.0
00ff3741cb141c2db25d85eec32c42cd63fe86b1243a23343e93be1db237a1c2aeb4f435ab0638666dc23313536133d207dc9348ebc29e9354f4679fa1731c37,CLEAR,"DARKNESS, LIGHTED ROAD",DRY,UNDER THE INFLUENCE OF ALCOHOL/DRUGS (USE WHEN ARREST IS EFFECTED),2.0,30.0,1.0,1.0
00ff3a89d131777c39d52c83ff01ef16e9922eef59afa4ff5d6f1100ed10ba7f5dac1bd1b79569e44cbdab1a0b335eba2e55b56bf5802415887a7510bb41d6df,CLEAR,DAYLIGHT,DRY,FAILING TO YIELD RIGHT-OF-WAY,2.0,19.5,6.0,6.0
00ff4ddf9f9c615b95d630afb705edaac7c09234a72cf3e67d7f3c0126ef34dd372284742353aa62ea08ee7adfbc19d5301ade882a9339f18f4d1dad27c875f9,SNOW,DAWN,SNOW OR SLUSH,IMPROPER BACKING,2.0,46.0,2.0,2.0
00ff6805215930501ac946cd07d083e7802fb9b898d733570cb4d9ecd28f0e6d10a5d4379493f29135344dde43a18cb81616abe74c62ad554263fa58e32c7599,CLEAR,DAYLIGHT,DRY,IMPROPER TURNING/NO SIGNAL,2.0,47.5,2.0,2.0
00ff6c69b16c1abe9561f452875cc811705f81f9ff0e06c71173ae95d9ee3aeaf6b8df28fdddce4d13840e88f599a5db8e1cd784932f5e10b7d4dd7460626963,CLEAR,DAYLIGHT,SNOW OR SLUSH,"VISION OBSCURED (SIGNS, TREE LIMBS, BUILDINGS, ETC.)",2.0,52.5,2.0,2.0
00ff8c41ab8ed858dc23fcb3b6fcb117906e8cbc3cf1c64b9533d539aca6568bb1ed6fd4de366a5415b931a58d4eb4bf78585de6e18b5c0ee8528a4957a741b8,CLEAR,DARKNESS,DRY,IMPROPER BACKING,2.0,41.0,2.0,2.0
00ff9c25b4bef7ae59a7457520bd4d34a3357807c841959833bf446df1c664512cd8b60b61ea024a3e7a7b58a606c6c4591fa7554a8a1d16ffe753bdbf487472,CLEAR,DAYLIGHT,DRY,PHYSICAL CONDITION OF DRIVER,2.0,37.5,1.0,1.0
00ffd2131d0c21375ceed4d3d0bbb6a6f2c2477ca10e44aa0196b2c9b47d32059f7f3242fe55f3671602dc4e06cf39fad3a5bb77cbea98391239a65feaf661ca,BLOWING SNOW,"DARKNESS, LIGHTED ROAD",WET,FOLLOWING TOO CLOSELY,2.0,8.5,3.0,3.0
00ffe012420f7d286335e19028892f23d11f4cfabd732ae300d4734f3e41fc937f7df9ba6941dbc6893f5a8641d22bab07f348f38d43f35b3fb2e3c1e88c2489,CLEAR,DAYLIGHT,DRY,DISREGARDING STOP SIGN,2.0,56.0,2.0,2.0
00ffefdbd916186de27673641fe9ecbc100e0d3435e146461bfbd8449ac7ee19951d67072c6f96763104e225076d5981e7407a9fde241d0d08c0e41abf9aca42,CLEAR,DAYLIGHT,DRY,FAILING TO YIELD RIGHT-OF-WAY,2.0,53.5,2.0,2.0
01004e2861dc14a32a3c8ef223d179bf0f67550a0722db6aa3ebcd23fbce939b9f9a0d364eb2425c8cfa9e160aa58b50f5a58acf69bbf0469c2bf6727b50b771,CLEAR,DAYLIGHT,DRY,FOLLOWING TOO CLOSELY,2.0,49.0,2.0,2.0
010054fcb01bf8c39a75371f01b63a44bf1fff5ad68682cbe850d1fc9ce4b0f56495055c024e43d73e25bc0ec450ddb61b3fed1f3ab0fb8e1dcd81e4095e833a,CLEAR,DAYLIGHT,DRY,IMPROPER OVERTAKING/PASSING,2.0,45.0,2.0,2.0
01005fbeb5ce5503b4de82dd65cc14095005334170d817ea56ccabace643f51639cf6c0c275ddda126a1c4ccda0d72ff143da096ae3687a752f1c3c25350eb20,CLEAR,DAYLIGHT,DRY,FAILING TO YIELD RIGHT-OF-WAY,2.0,39.0,2.0,2.0
0100696e921b595524c54ed49ecc4281a627292179af1e0d3fc991c20864f9695e1ca2d8a13b6b5c1d23ad18e3416d6490683a7d50216aeae9ee923973bf0c4c,CLEAR,DAYLIGHT,DRY,FAILING TO YIELD RIGHT-OF-WAY,2.0,0.0,2.0,2.0
010078c0bbcaec5a567a8ddbb0b7ca4928f233493b010089b10f48b21319b2c9c19fab229a6c290c19383481eb13d18c215c8a97e1d8c3ea698a75929d792584,CLEAR,DAYLIGHT,DRY,FAILING TO YIELD RIGHT-OF-WAY,2.0,50.0,2.0,2.0
0100a71204fae7b1419d29af265d2acfc4acdd02da752c99f5964648215cc6d940a5254a2131f2ee207ff3272a5356ce65be7e2cfa9eb1bce7fc3b7e745ed94a,SNOW,DAYLIGHT,WET,IMPROPER OVERTAKING/PASSING,2.0,30.5,2.0,2.0
0100b0a0c92cf9f275b6cfe602956558018b0710eeab7713cd9286fc696ff803e922acb42ac004a3a4c927baf6fcd62692a38f842c925ae9d6c038e764d5ecfa,CLEAR,DAYLIGHT,WET,"VISION OBSCURED (SIGNS, TREE LIMBS, BUILDINGS, ETC.)",1.0,65.0,1.0,1.0
0100c38d17f458dd48c919b49869c2a9928b32ac7ab403291d408314c64048a773908a9f29b83f05a1ff25481d17a12d77c8e65364221cc494a8d898b1856f8e,CLEAR,DARKNESS,DRY,"OPERATING VEHICLE IN ERRATIC, RECKLESS, CARELESS, NEGLIGENT OR AGGRESSIVE MANNER",2.0,37.5,1.0,1.0
0100eea6c01264f3d6ac1877c7f28045a32ed8e3bda283e23285a95dd29fb97e46365aa8d734a697d5a5d3bd08a9ce281e496544040d7bc5af4b7f500e57e127,CLEAR,DAYLIGHT,DRY,IMPROPER BACKING,2.0,61.0,2.0,2.0
0101308ab04f70c1628fe2d731269162f8e4fe06ad32ea1d07097253b782f3609cd629fdb73ffca5aa386a14d4d89de224006e42d000e3fede88763b47b8c4ce,CLOUDY/OVERCAST,DAYLIGHT,DRY,FOLLOWING TOO CLOSELY,2.0,50.5,2.0,2.0
01014278305832bca44ed8724ded9786edac12de93222286ae950e7aeaafed9da152b0a081e05b3304e4ad38c62cd7ad287f91ba98b07cde5792658fc5688cde,CLEAR,DAYLIGHT,UNKNOWN,DRIVING SKILLS/KNOWLEDGE/EXPERIENCE,2.0,28.333333333333332,3.0,3.0
010154bf3d3c34829d371f06292a8de2d5e5605a23d52b81689e17e674fae6285b66dd434711979de02729dff8c37a6f59a04c1caa427007e8bbecad2c7c1a94,CLEAR,DAYLIGHT,DRY,DRIVING SKILLS/KNOWLEDGE/EXPERIENCE,2.0,26.0,2.0,2.0
01016a1c4b08a7b26123cee3914f01c5b87750ced4b13a710ee2cb407e5ab53bc75c9cc1caa6c612db6496b5c76f1d542aa7b82ce4a08b7991aee1cb48f1cc5e,CLEAR,"DARKNESS, LIGHTED ROAD",DRY,FAILING TO YIELD RIGHT-OF-WAY,2.0,32.0,3.0,3.0
01016d579993b28748f905b26694cfed6050063eb04cce3664c7a15d68553876c01d486b5b806517a00e197445da3031e98a85b5a0cce3d114dc5d86229853b8,CLEAR,DAYLIGHT,DRY,IMPROPER OVERTAKING/PASSING,2.0,63.0,3.0,3.0
010179d783331c67690b9968eebfea191c568a1d1be0e4cfdeecdb469000f7df64e65fae773cd9ec8a32093ca7eded3a8462fb392700590f751af76330858067,CLEAR,DAYLIGHT,DRY,FOLLOWING TOO CLOSELY,2.0,57.0,2.0,2.0
010184ca03f851aa0c1051984e92206784ae906396121151bde78ca1e029d9698b98659859b14f3cff899d3586ba46b65a9ffa6576871e62d14e3e184db825e7,CLEAR,DAYLIGHT,DRY,FAILING TO YIELD RIGHT-OF-WAY,2.0,37.5,7.0,7.0
010197799d745348561e0f4977c5c931d3315bcaed051287c7bb08656593813e80acb9bdea55906e21669a6936b19b094a5b4ec943056f5ab6c270919a564fe3,CLEAR,DAYLIGHT,DRY,EQUIPMENT - VEHICLE CONDITION,2.0,40.5,2.0,2.0
0101bddacaa6cda31355cbbfe812b330c3c33732008dd0b436cda777448b01c8b37297cb8e8aebdd7a826213807c4966db7fee3aacf373623bb31be9b97a6b9c,CLEAR,DAYLIGHT,DRY,FAILING TO REDUCE SPEED TO AVOID CRASH,2.0,46.0,3.0,3.0
0101e679317972c67c285dac67e18dfe93e683ddc67eb5c0c872a0bfb1c250504b911174da921abcd47873775ecf3d88dbaab68a525460a1080fab9c44b8d24a,CLEAR,"DARKNESS, LIGHTED ROAD",DRY,FAILING TO YIELD RIGHT-OF-WAY,2.0,44.0,2.0,2.0
0101f75e0b5cdaa029c8fe60dbdd0275ba8baa52a888615bd5aa62459dca00ede1ebaf7753563c9b12b1d6e728be652c3f37a040610ee851908243bca1523d85,RAIN,DAYLIGHT,WET,DISREGARDING TRAFFIC SIGNALS,2.0,43.5,2.0,2.0
010218671a277f9c6bec633515aecc9f2ecb5108a021c05ef10a06a6f700f67b1635291560b8d540442ef20ebaaa6437a4838da41238ac5fc417ec890473be15,RAIN,DAYLIGHT,WET,EXCEEDING SAFE SPEED FOR CONDITIONS,4.0,28.333333333333332,3.0,3.0
0102290897e3fa91fc1eab5beaee74e436bb7890d54b7a76572928259e47e3e6c517a2a1421536915ee70dfd8ba5a3f8f3de06a299d48d1e6cb74a52f01ad46e,CLEAR,DAYLIGHT,DRY,FOLLOWING TOO CLOSELY,2.0,21.0,3.0,3.0
01022aed400419917008850ddd8989603336c33763ceb0a5947ce6a5b58dd0e2ede64811057566789cce1920b76da99987431b3ddc35ffda96155a290927caf3,RAIN,DAYLIGHT,WET,FOLLOWING TOO CLOSELY,2.0,26.0,2.0,2.0
01023f67a70c6b391ce8b75a089d28faeb01d59ff5c9cb948711270a93e14ff53da332a808c33e5fcd2270699e4fec34c43c915320f3422b899cf8dfef5108b4,CLEAR,DAYLIGHT,DRY,DISREGARDING TRAFFIC SIGNALS,2.0,26.0,2.0,2.0
01027a8dfb6ee51f50de0235ab10d3922886aeefb2d2c3dd0a1886fdbae498a6f5f4d79c58742a33d5708ca8c777c6e21ebf0988ebd12035cbc92d7f299fd7bd,CLEAR,DAYLIGHT,DRY,IMPROPER BACKING,2.0,38.0,2.0,2.0
010286f29f54b96dba5dcdb3a46a5f213b126aa5d4db076c436f2021ba1d1d9d5135562fc5fb234501dee9284fee116e999eb21e1fdee190eb556759821d1154,UNKNOWN,"DARKNESS, LIGHTED ROAD",SNOW OR SLUSH,FAILING TO YIELD RIGHT-OF-WAY,2.0,32.0,2.0,2.0
010290dc1fadd648d3de504d3b363347dce45b0451810507a71be2a54da5b30ac5dbcc49e21929adebba2367217de6ebfa73be347df6cca2d5b34a615eb90748,CLEAR,DAYLIGHT,DRY,IMPROPER TURNING/NO SIGNAL,2.0,52.0,2.0,2.0
0102bffcfc274d06a3782a362021846aa48a344366c1edac2d665caec5e6cdea293058cbd58cd1335f27efd172f3c0e4d6dd09f10605d708c5cc54cbdb10d99c,CLEAR,"DARKNESS, LIGHTED ROAD",DRY,IMPROPER TURNING/NO SIGNAL,2.0,33.0,5.0,5.0
0102c79e6a4a1f8ffed15df3273aa7b51a4d02d619af6e72fff9279f3d803e1328c2327bac9d90be5b50c157942e8dfe91886864dd4bdacd4a65f7b5762b4f0e,CLEAR,DAYLIGHT,DRY,DISREGARDING TRAFFIC SIGNALS,2.0,29.5,3.0,3.0
0102fe267221c5033cfffd33cb35a8d4385c6cc712877485873c0e0f21a8603432966fddff319e1ac520669d8034f61c1d5ad868acb7ddf13639bdb6d95b88d3,RAIN,"DARKNESS, LIGHTED ROAD",WET,WEATHER,2.0,27.0,1.0,1.0
010306d1c3f0f98a0dbb84ab4e78f8a63a972bd0aef929836d008f661f85b791e5af8282bb514b7138b98152b6a93fd8913dc3aaff0e5c1b1a426cefc55995a7,CLEAR,DAYLIGHT,DRY,DRIVING SKILLS/KNOWLEDGE/EXPERIENCE,2.0,42.0,2.0,2.0
01032055d5d14fab00cfe9069f392e0153e8fb983d7ff87f8e350b4b249ba880e15176823d4557c0579f7219153f28f604122a061f952c7ef41d5b3bf129c630,CLEAR,DAYLIGHT,DRY,FAILING TO YIELD RIGHT-OF-WAY,2.0,29.25,4.0,4.0
01032a8034a2c82220b13948f4a8170e0a5df875efb033c4ec492a2dd4aee3599464bd42f0455a746c4494eb1dab059c53ad663904f42e76f27fb1c1ea67bc70,CLEAR,DAYLIGHT,DRY,IMPROPER OVERTAKING/PASSING,2.0,37.0,2.0,2.0
01033db556aa8fb04cdabd0f09f48c5ef88157e858d0c2fe1f6f0f8ed5be9c2aa9a65191f5fecf3cfffa8209cfd287198c85e0390d50236317df98ba618bb741,CLEAR,"DARKNESS, LIGHTED ROAD",DRY,ROAD CONSTRUCTION/MAINTENANCE,2.0,67.5,2.0,2.0
01034d3dcc70ab3777ccbb2a6ba3a7068ae6065e2184691a55fb78cc9665044b6e17a9caa3ac6c11de7be62b0bba9ff20cc2cb6f6ff8aa6da6202270ca6f1b9a,CLEAR,DAYLIGHT,DRY,DISTRACTION - FROM INSIDE VEHICLE,2.0,47.0,2.0,2.0
0103bef933d2ffb0cc8000631c4194bf2c5494e23d5a9c4ee236e4bba172cdc22c0b9f507c248fedf7988e8c1aa4a7f8250e71c51aefc3e7d8486d545ca8cf4a,CLEAR,"DARKNESS, LIGHTED ROAD",DRY,IMPROPER BACKING,2.0,30.0,2.0,2.0
0103bf0ea5a12a1f78e6b7b8ef304eb30a129a8d4a10698913082daf0b268ebb05850653b76aba3a74869a071760575401f59d747a70613346ad5a28bd27847b,CLEAR,DAYLIGHT,DRY,IMPROPER OVERTAKING/PASSING,2.0,27.5,2.0,2.0
0103c3127a2388df8f7784fc45d37a9fcbbad4fd0913dd49af61d67298cba275744b643030e587a17b660d20afbdad4b3ff0b3d2cd047d7964aa289117323ee4,CLEAR,DARKNESS,DRY,FAILING TO YIELD RIGHT-OF-WAY,2.0,27.0,2.0,2.0
0103cbd8347ccabe3c9374495c322b4ab044f3cb5661ca1aa9895ff2283568261e266793ac3b995d3292a7fc65fae478a1968640c6698a0f41e1630c2bd85d57,CLEAR,DAYLIGHT,DRY,IMPROPER TURNING/NO SIGNAL,2.0,38.5,2.0,2.0
0103db7bf618a703bbf93fc977307c951fb4a0be4b69c70bf9e0dbc4c6006615cd3b43aa995ecc9e31f7097cd0446a678b257312a3450c23b22f32c70a0eda03,CLEAR,DARKNESS,DRY,UNDER THE INFLUENCE OF ALCOHOL/DRUGS (USE WHEN ARREST IS EFFECTED),2.0,31.5,4.0,4.0
01042267a585d8ba5d7166565577eab8f0ac8f8b467ab9e6e5b96101530150068bc76f517cc2fca012abbdbc270fe9f840915692d271ab0d1f5158f281ad8b0d,RAIN,DAYLIGHT,WET,WEATHER,2.0,20.25,4.0,4.0
0104635d2cf0a3cc2c7cfff5a32e80404db7dd50070bbe42470bd6b38dc09b8f5dd43e31fa7bd0df24956884d117f10668020e000373277636abfccb9c86c21d,CLEAR,"DARKNESS, LIGHTED ROAD",DRY,FAILING TO REDUCE SPEED TO AVOID CRASH,3.0,42.0,1.0,1.0
010468899a1f0c7c5b2d51be23d7aaab8f16e98e0e4c0ded2b479d13653b2e83bb7b508a2408188a4743c94ce01af4eea21f1047e43049c57a379971eff4b8f0,CLEAR,DAYLIGHT,DRY,FAILING TO YIELD RIGHT-OF-WAY,2.0,26.666666666666668,3.0,3.0
01049e35badbdf56461ac3957cea3d14c8251617b170ea531ecb47a2a896a7d1a91f6435414550a91cac326db2aa1668719ba6aed884e4bdbeb499f26feaadb0,CLEAR,"DARKNESS, LIGHTED ROAD",DRY,"OPERATING VEHICLE IN ERRATIC, RECKLESS, CARELESS, NEGLIGENT OR AGGRESSIVE MANNER",2.0,19.0,3.0,3.0
0104cb049bad26b5f28deb743334b212d79d8c7027ddf953ece0758ab1711b224e2408641ba183cb45a28c77dc7079f8a702f2f0016b575f38d2e8af4944afb2,CLEAR,DAYLIGHT,UNKNOWN,IMPROPER LANE USAGE,2.0,22.0,2.0,2.0
0104dd12208db13bc2e4c31d49ecb49cc8010ff88a400ec92466c6505fc135ea52fee1b8b2fbf7ce782e0143100af734da1a8bd996b376a40d5fb05a8f11126d,CLEAR,"DARKNESS, LIGHTED ROAD",DRY,EQUIPMENT - VEHICLE CONDITION,2.0,53.0,1.0,1.0
0104f75c2bf1cb81cb0cd53b4318a0d1d1b4c0bbb5d9d6dba41427d176d34ffb8a1e46db82a2726885e94aacca7692ce7c1c032e278a6bd13c33d6e4feac4d7f,CLEAR,DAYLIGHT,DRY,FOLLOWING TOO CLOSELY,2.0,47.5,2.0,2.0
010501931c77a01ed26d2aed630c5b90d97724ddf1b554b96d6000cae25a6f118abbafc781a9b5a0539945a347f62b810f2be80cfcf04bb269c04d12afc6cea2,UNKNOWN,UNKNOWN,UNKNOWN,DISTRACTION - FROM INSIDE VEHICLE,2.0,19.0,2.0,2.0
0105268aa44bdb6d93a568c7f810a9e3e658f888e0b58a7c0530aa14c97f6aa7c8edf85b0a6b5ccd88d3af17f198e4192b9f58e0b3edbe177fdcefa1f450979c,SNOW,DAYLIGHT,SNOW OR SLUSH,WEATHER,2.0,67.5,3.0,3.0
010570afd4708e80b8ddd3e282cc40118118cd3d07eac7a3d6bc904f910e4332ac5e281d8d8a2e69a1a3b3ea8a76fdb0d1750565ab3c85d2bd181781c732c70b,CLEAR,DAYLIGHT,DRY,FOLLOWING TOO CLOSELY,2.0,39.0,2.0,2.0
010575ff9581d617f78c6024b8677d665fd10d50d8d744630769c61367509adcdafea19cc0053c61509f0fc8e6c828e34e1e8fddb37fc0eb553b673c72287f99,CLEAR,DAYLIGHT,DRY,FOLLOWING TOO CLOSELY,2.0,30.0,2.0,2.0
0105a1699a18010b7c3541f93b5517be2eeb3bcf677a29d8b45346688407e98f27e2d8dc259032569591d329d16cf669ce20ebcf9e4a3e56f23a998aba457921,CLEAR,"DARKNESS, LIGHTED ROAD",DRY,FAILING TO YIELD RIGHT-OF-WAY,2.0,23.0,2.0,2.0
0105a8a2743f41bbcba2136b56154c94bdc8c73f0bfcafc0fa075d8bfaae5a59166aa9d772273df2502ad674705411ebd32994e04320aabc1485ce06f21d692a,CLEAR,DAYLIGHT,DRY,DISTRACTION - FROM INSIDE VEHICLE,2.0,37.333333333333336,3.0,3.0
010604e6e6401a08c285bc1bffb13aa0debd00ab97712ea5461bf212ba6ad3e57a128f7dc7bf0596f2439fa78fcb05204e758ddb1f8e0aaf823d09422e064995,CLEAR,"DARKNESS, LIGHTED ROAD",DRY,FAILING TO YIELD RIGHT-OF-WAY,2.0,26.0,2.0,2.0
01060b822a3f58f6b9197cec5755e43f01a82737290c7781d940a34c80c7a80a2edca8b8ef8474605f01e09196d20eb4ed7a31d3900f71c8c8b2b57f334e8ae2,RAIN,DAYLIGHT,WET,IMPROPER TURNING/NO SIGNAL,2.0,37.0,3.0,3.0
01065c207b9e494a1ce26caeb59406cec0e03f1c43c244600026b5a587d3212ce455386aadf321bf7eca6753d9a8c4012e5f2996dd889231d4a3c4073baebbe1,CLEAR,DAYLIGHT,DRY,IMPROPER LANE USAGE,2.0,30.5,2.0,2.0
01065fbcdcff1485bab4701dd04128c1deedbdd2fe451c3286b6e0205f18c4f105ce69238c62773c56cc0c668bffc059e2c90ede22c8b7858a654a21a1c348c6,CLEAR,"DARKNESS, LIGHTED ROAD",DRY,ROAD ENGINEERING/SURFACE/MARKING DEFECTS,1.0,36.333333333333336,3.0,3.0
0106730637a456b6cf12368b43b59fdb3509280be59a2c78a5ac66c2a0cb7b8331f749b19c95eab836ab2d59bac2788cfda702612f19796cd095e85743d2bce9,CLEAR,"DARKNESS, LIGHTED ROAD",DRY,DISREGARDING TRAFFIC SIGNALS,2.0,20.0,4.0,4.0
01068be77c5484a67369abaf65cb91113a77d0feed23edc08ce3b3a5d23f971c4a6096ae0acc540a0c0654c7ac3fc83956c6bcb842764517a9d2d3cbd8ab08ca,CLOUDY/OVERCAST,DAYLIGHT,WET,FAILING TO YIELD RIGHT-OF-WAY,2.0,48.666666666666664,3.0,3.0
0106aaaeb05ffb3efbbf9b910a3641927480f2ef9531ab5f94da744b4ca5c4e07f905a494a9b52481d613e8c362891282a939d71b5b4d1dde60549310af8e6ae,CLEAR,"DARKNESS, LIGHTED ROAD",WET,DRIVING ON WRONG SIDE/WRONG WAY,2.0,29.0,3.0,3.0
0106b5f7c85e1faac18f946509397ff2d9ad126f324acc878362d5e8b58d22369157915af6753e0fc4e0d3a2c5a055fe85480da2a68dbfcb20a4f4882178d6c4,CLEAR,DAYLIGHT,DRY,"OPERATING VEHICLE IN ERRATIC, RECKLESS, CARELESS, NEGLIGENT OR AGGRESSIVE MANNER",1.0,17.0,2.0,2.0
0106d6f15579a4c5fe3114c7e120b639e817c1c355605e4aa04697c38052334bc4d3f58438a9d071880e223ab3a66f0a215f884443ea3293e89a28d84ffa5a3f,CLEAR,DUSK,WET,IMPROPER LANE USAGE,2.0,31.0,3.0,3.0