crash_record_id,weather_condition,lighting_condition,roadway_surface_cond,prim_contributory_cause,total_vehicles,avg_driver_age,total_people,total_injured
0106fa52a24f01829403e044799ce120c75dd8cd8c276b55abc0b60f33539335bfb952e64f1f402ee4705a83b027ffe97aa37e2e6ec20b8a3902f8296508a74e,CLEAR,"DARKNESS, LIGHTED ROAD",DRY,FAILING TO YIELD RIGHT-OF-WAY,2.0,31.0,2.0,2.0
01070f09207a7fa78f2913e8978e641b504bb0c27d01e285e1fc3a8dfbfb6dc78adff5f6934449e764eb361e731d87daf618d314534fbdf25acaeb01f5c0125d,CLEAR,DAYLIGHT,DRY,DRIVING ON WRONG SIDE/WRONG WAY,2.0,35.0,2.0,2.0
0107194d6c5773404d396f1141b6c646c12ae323e6db886cef1fcbbfa84d3c8c0322e3d95b54aab5f83a9e53ae91f075d158a562c013efa76bb5cffd155ee269,CLEAR,DAYLIGHT,DRY,FOLLOWING TOO CLOSELY,2.0,37.4,5.0,5.0
01073761fd2295ec0052ca73db76c1a35663638fda4b78c9c0cfdeb1e0cb8827ab00cd2e8c9965fca3b1530774e0a1021c8a55485c9dfa7edc98433a7af399cc,CLEAR,"DARKNESS, LIGHTED ROAD",DRY,IMPROPER OVERTAKING/PASSING,2.0,36.0,2.0,2.0
010737e1a324ee13c245d725a26d2a76c22ba59e872a374ab043fcfe1075310c3ba9518301954738cc84735d06dd212e1300b6d6c45dd5662901a68aed26e3c4,CLEAR,"DARKNESS, LIGHTED ROAD",DRY,DISREGARDING TRAFFIC SIGNALS,2.0,55.0,7.0,7.0
010740c9c34ffdbfc5a7462c16750ec20b08234efe2b6066b9f6e3d84968e2a2083ca620d0cb99026b5855c18d726ace7f75e1303f66ca1eb8b846055fcfe41a,CLEAR,DAYLIGHT,DRY,DRIVING SKILLS/KNOWLEDGE/EXPERIENCE,1.0,22.0,1.0,1.0
0107690b61bbcff7b129644e0438631af0eccfdd70b3c6aa511ef481eb9e86ab706377ae150a293bc70f31f30809c6f7a75d5af6c58320e00f2d562598be8cfb,CLEAR,"DARKNESS, LIGHTED ROAD",DRY,FOLLOWING TOO CLOSELY,3.0,36.0,3.0,3.0
010778dcc47f0d1d6058cca37b9b93288bed2dada8ad9eb54bc8c3e3acb085bedf7ebb9d5485aef137530cb7b91124675478d792b28e62915d046bbbf8caa200,CLEAR,DAYLIGHT,DRY,IMPROPER OVERTAKING/PASSING,1.0,30.0,1.0,1.0
010789f750b2285503e845788758c390e929830a6ac303a503723b29133099fdcf77e6e1f8ba4f2867ed927d4e6b68c1ad65a9784335399a9acaacc86e5765e3,CLEAR,DAYLIGHT,DRY,IMPROPER BACKING,2.0,47.0,2.0,2.0
0107f080b4a67bf3e7472659652bc421cff9aee37ba83787a525d151e4f3ded3f1fae56bc09afb293310b3a297e6a7c740f975f76de2065db44ed3b794d67631,CLEAR,DAYLIGHT,DRY,IMPROPER LANE USAGE,2.0,44.5,2.0,2.0
0107fb22a0d40fe5fc2128506d67151d12aa42b3b3679eae4cf6bd2bb33ac6e29ad0f58c963dc3b50e481c94f8f86be36097252f3cc7867f58582649645d1d27,CLEAR,"DARKNESS, LIGHTED ROAD",DRY,IMPROPER LANE USAGE,2.0,71.0,2.0,2.0
010800f8790e78faa009f2cca0f9e7cf21ccf1b6e452b2cf0c1e0f8076f172cb41d736f39bba955de7ece6148ce8aa49366dbd7e7fe9befba5c58140a7803d80,CLEAR,"DARKNESS, LIGHTED ROAD",DRY,FOLLOWING TOO CLOSELY,2.0,26.0,2.0,2.0
01080e7f51f8ebbfaf1de1a7f7c3659aabd2b35fd7fe8cd167391917743f7f673f2938f70d4117a4f1f4ead5160aa5ce4b12d50e1e9c7f31e8fafd37d6370c2e,CLEAR,DAYLIGHT,DRY,FAILING TO YIELD RIGHT-OF-WAY,2.0,40.5,2.0,2.0
0108106826d5645c1681a5b554205c8c94f2afc0da46b61fe4cbe6f66833976b046961607a6d85bcbb0065c21e8ee23f6c931c6b7391dbc561c36e30bbabda3b,CLEAR,DAYLIGHT,DRY,IMPROPER BACKING,2.0,20.0,3.0,3.0
0108474a9c96d29177ff0375563b8113ce5f0b01cfbfe38a05cb53c56a35babc33f395252d146ff439054f3c98dd2a45be24cf9f119a27cbcbfc362097d2805c,CLEAR,DAYLIGHT,DRY,FOLLOWING TOO CLOSELY,2.0,25.0,3.0,3.0
01084b4c22807c75dbceeb32cd4114ccce4d50fb07c3b473718ac58d3b3d7ac31737f6ef0d82567fd91b0a34aaeb628d12957f64b000246989a0d01263fd1d04,CLEAR,"DARKNESS, LIGHTED ROAD",DRY,FAILING TO REDUCE SPEED TO AVOID CRASH,2.0,30.5,2.0,2.0
01084e035f11970ed9da0b95c3eb3a0123bac0e75ef78b8a0eaecd7c3d37404d5474a99416196a8e0e4c0cfb4282957537a2d573e084df4150cd97dae26acc96,CLEAR,DAYLIGHT,UNKNOWN,FAILING TO YIELD RIGHT-OF-WAY,2.0,25.0,2.0,2.0
010877c720f1a688f2244076a876eb029c576f5e67a6b5ddae98067eec0f1e423d7a772ccb887c461cf61e12cbad9d9aa9a20a59e03a3cc536c19df72537db7d,CLEAR,DARKNESS,DRY,UNDER THE INFLUENCE OF ALCOHOL/DRUGS (USE WHEN ARREST IS EFFECTED),1.0,31.0,1.0,1.0
01087d31b5442f1eebcb449902adf2cd0b10eac7a399aae0e2393307c048f6b591b9d73e28d62af185870a9037e1551090f2a88c2f53a703dc8f35b12d484e15,CLEAR,DUSK,DRY,FAILING TO YIELD RIGHT-OF-WAY,2.0,47.5,2.0,2.0
0108998ddcfe2d9c5f486b39b69be0c83f3c7907330f3e278456901c79d7711397900c8fd7648a996d298ee899a905eabd86d2607a465a38b219b179acdf8fcd,FREEZING RAIN/DRIZZLE,DAYLIGHT,WET,IMPROPER TURNING/NO SIGNAL,2.0,41.5,4.0,4.0
0108be44660b44ec5ddd20a0a737b1e844137bfb74dd8e788552662fb302fbadb5e6d6beb1354e41098ea7f0889f0e6ffb28b9f0c58a22106b38a58ff92ff54b,SNOW,DAYLIGHT,SNOW OR SLUSH,WEATHER,2.0,47.5,2.0,2.0
0108ce70459ea25296ab75f4a64478a558dfc79559045ce98bf4db83ac47fcac2d70923e61a728cbc37ebc011d0d89bb8c98c07fe2a62b04d19aa8a687244b2b,CLEAR,DAYLIGHT,DRY,FAILING TO YIELD RIGHT-OF-WAY,2.0,37.5,2.0,2.0
0108f1e4aeb593faa0774a78caf1db44f476011e57a13ab1aeb564828e055abecb01de075566d8524b6d842604c176a87a37c7635e2eeaf34ef3dbff444659e7,CLEAR,DAYLIGHT,DRY,IMPROPER TURNING/NO SIGNAL,1.0,49.0,1.0,1.0
0108fa711d34b65602c33eb8a6308e1f37e9fa23aa4d683066af616de9bb48d2f32fdf1c242d97b2c4cac6e9e0d3274bc44fbd2949ef824aeb9bed441915c8bb,CLEAR,"DARKNESS, LIGHTED ROAD",DRY,FAILING TO YIELD RIGHT-OF-WAY,2.0,32.2,5.0,5.0
0109358cf907757879a2b31e26ad81a33be79fe35ea790d5822ae3a8d5285dc2961d4c789aa85319fe6b65cd709df85a1a422e25cc1ad036eb2b665a3c7dc324,RAIN,DAYLIGHT,WET,WEATHER,2.0,37.0,1.0,1.0
01093b185cb9104abb9c491c457f662f7fd2ae98ddf0280557a186b90e442e8401d481d7bcd57e9c0a39b6f131fbb6d3ef03a502815a869d13d6d58f25702737,CLEAR,DAYLIGHT,DRY,FOLLOWING TOO CLOSELY,2.0,37.5,3.0,3.0
0109467dcc11c02396cf07b5ca30606e9e8aa3afe7b7d9f1406ce586882a66b14a6440c34b7f0e90f5200ecee4a100e192699dc33904d00ff78b9eec1f971265,SNOW,DAYLIGHT,SNOW OR SLUSH,IMPROPER BACKING,2.0,37.0,2.0,2.0
01097f5bd7eb0cf5f2170cd330f964849c333fe144a30feb03d65d00de7be06bb4f7fd79eea89c2aa3e8f8d8e3e7eb445d9ff65beeaec270153051fbd6aa7550,CLEAR,DAYLIGHT,DRY,IMPROPER BACKING,2.0,39.0,2.0,2.0
01099110ace1a4a6508aee5dfa1d2dd6cf8ba727e9d9d2805f24aa371c40e4bbc099cda75fe3ed92bbd3faabc2390369d35af4151c0a129e87405a684cfe9a56,CLEAR,"DARKNESS, LIGHTED ROAD",DRY,"OPERATING VEHICLE IN ERRATIC, RECKLESS, CARELESS, NEGLIGENT OR AGGRESSIVE MANNER",3.0,34.5,2.0,2.0
0109ad35505b593e09dbc80711bcc06e8ecbfbfdfdea922d381e3a6e36ce2cce381d494c57480ecca689c4473e6b48adc9a003318b34c0b5098533a376e951ac,CLEAR,DAYLIGHT,DRY,"VISION OBSCURED (SIGNS, TREE LIMBS, BUILDINGS, ETC.)",2.0,50.666666666666664,3.0,3.0
0109e8a1925110176f51f0885a23549b06fd5f9f3bd65ebb05747f710f675f26382baf9eda74b1d67dcfc19f3c96c759e2fd0483cbecf55cfbd100b35c2d4b79,CLEAR,DARKNESS,DRY,IMPROPER BACKING,2.0,24.5,3.0,3.0
0109f02536e9dc64d716619eac353951ec6ead6493c43db62cf6946f52cf78355ca4529b9883c93a101ac793ef3523e6dff3195bd6d44dd1fbcfa443e6870736,RAIN,DARKNESS,WET,UNDER THE INFLUENCE OF ALCOHOL/DRUGS (USE WHEN ARREST IS EFFECTED),1.0,27.0,1.0,1.0
0109f09cd7bc92ad9a93d0adb0a608cb58b1034ac968644ae973f59e10678258c7b2639cb046265b97805449ba844ee1c76ad37e4124357a3451318b29a56f7d,CLEAR,DAYLIGHT,DRY,FAILING TO YIELD RIGHT-OF-WAY,2.0,44.5,2.0,2.0
010a1e44a444fd3de37f30d8e7bcdcd9e41e1c81a6db15ededb762af21ce2b6f0a63a358d9c02bf0a133fc3d8dac07fb2236c587399dd181d8d910927fdc54a2,CLEAR,DAYLIGHT,DRY,FAILING TO YIELD RIGHT-OF-WAY,2.0,31.0,3.0,3.0
010a2c22ca6627c702cda0ff1f77281e6783c83618e70460c1522ff155900bf6bbd5fa4f3cb435f490c27d1a3577fd82cf280409a3051a56e7276dd7401aeed5,CLEAR,DAYLIGHT,DRY,FOLLOWING TOO CLOSELY,2.0,56.0,2.0,2.0
010a3f42d60f607e4486ec5368e0a4411748a417ddc3c259e8c123ebd9e6725c19d5f0df0089692bb7224ae3efe8252fe731141dfdfbcba9eb7af01b55a77dec,CLEAR,"DARKNESS, LIGHTED ROAD",DRY,DRIVING SKILLS/KNOWLEDGE/EXPERIENCE,2.0,37.5,2.0,2.0
010a539d456ef21144384a2bdf548b6a6a4c9ad3299391af81444dbb470f177dd91bdaf8ce2f525a1cb541a9880945eb692e1c7d2d9b9901e0f886fd705c8c66,CLEAR,DAYLIGHT,DRY,IMPROPER BACKING,2.0,34.0,2.0,2.0
010a54c524ae0306f4f4496861e981c9522a81cf0dbadd5aa725ea60b6dee93f4c1268adfab59b8b31278757c706ab51bb781ca9189273aba6cbf006fad1156c,CLEAR,DAYLIGHT,DRY,FAILING TO YIELD RIGHT-OF-WAY,2.0,37.5,4.0,4.0
010a60f8da00c8f0ebc8802596a700aedb8f31d76d78c1f69e7aaaa6088ab66c09bd0c9a53f96e856da961536aba415b105344af1e58c5ddbbdc3ef50b23c5cb,CLEAR,"DARKNESS, LIGHTED ROAD",DRY,"VISION OBSCURED (SIGNS, TREE LIMBS, BUILDINGS, ETC.)",2.0,32.5,3.0,3.0
010a6dea2ee740a128ae04a70173b4af1b0553240f9f0296b3d1d2a22f7c891c4d4828a949db24ebf0ed3ea0a6c0176f4ddaf2a6c72669d2af03134a39dc39b4,CLEAR,DUSK,DRY,FAILING TO YIELD RIGHT-OF-WAY,2.0,18.2,5.0,5.0
010a78965d6d68a060ad57c0615ed73767d35bf98f79285cabe38b96c78114c2b1dee3088f585768307542ee7e4c3ffcd6d770447fad4107eec951cac0ad12a9,CLEAR,DAYLIGHT,DRY,FAILING TO YIELD RIGHT-OF-WAY,2.0,58.0,2.0,2.0
010a811f49bc81fa9aeeee3e7c1c3e0c79ed764ba7283d5ebb69f3e769ba9f35177cb6e07b1c0fd8cdf257e068c7c7ae699b16c64c6e0aeec4c0cab1f7535780,CLEAR,DAYLIGHT,DRY,IMPROPER OVERTAKING/PASSING,2.0,41.0,2.0,2.0
010a88c5d261f148be2857493d641b1795ec0343d13ffec0c36fd9afd3e2e1bd5df381a77e076c2b7906307c2b4a3d02d7bb749619cf380eedb523cc3261236e,CLEAR,DAYLIGHT,WET,FAILING TO YIELD RIGHT-OF-WAY,3.0,30.5,2.0,2.0
010a98f5c8bf9cdd33fb6449d6620182694c50e2882523732a9a14ba67e86fd64ed96aef3cc26a131c71afb88e78eccdab7542c6f8d40e999902dce1e3dd337c,CLEAR,DAYLIGHT,DRY,FOLLOWING TOO CLOSELY,2.0,20.0,4.0,4.0
010aa53ee423eec94467e836094209833c48cc11f627aba5f794d953ee3490a2cd006df983e810ac3b6cfb9193c9bcdd6612ebdfbb94cad1fb90213c5ea4b824,CLEAR,DAYLIGHT,DRY,FAILING TO YIELD RIGHT-OF-WAY,2.0,37.0,2.0,2.0
010aa827b8499efe9628440ae9db9580675cd675a97a4e39e1a8e05159b08c52cd6479166a36a670021a0c9632a54b717da11f1c2325bfbe5252d222956b10d8,CLEAR,DAYLIGHT,DRY,DISREGARDING TRAFFIC SIGNALS,2.0,46.5,2.0,2.0
010aa8b0cb4a9910ba6ef55be59ef42da98c87e2b7715a34fec9d7e8abf765717a8a625a059e1f6048ca0f7084b96a8ccdc026f4116557240f101e5a75179f6f,RAIN,"DARKNESS, LIGHTED ROAD",WET,IMPROPER BACKING,2.0,33.0,2.0,2.0
010aec61bcfd7b8ec88ff65f1719a8c157fe6d2022fe286ad8a471f1cf0401fa7ff235444e259e5ea0b3f31a4f8a8e0dee1eb250816079945fa7f234f565fe74,CLEAR,DAYLIGHT,DRY,DISREGARDING TRAFFIC SIGNALS,1.0,13.75,4.0,4.0
010b089c3423361702a3f8721d6859b928b8a5bdfe5bc375df497d0771de19be3fe5214c9bde1f8f1d025ac37d016609f45f197b37dcd2fa4bf8a808f991d02f,CLEAR,DAYLIGHT,DRY,FOLLOWING TOO CLOSELY,2.0,55.0,2.0,2.0
010b34adeb11474ead4ed34cb63ef9169cf3a4303a4504d16ed4d53768cb8434767dab850912ec29dc13862bbbb2c504a1cae369eeffc3436df052964011cad9,CLEAR,DAYLIGHT,SNOW OR SLUSH,FAILING TO REDUCE SPEED TO AVOID CRASH,2.0,14.5,4.0,4.0
010b75c516ecee5f7e33a8323ea71980c7a7a45fe3119d61cf26ace18eada6fb47735ad9ba0ee18a923c107646f8e73ab49a8018cdb2218288e5ab6db1b5a23d,CLEAR,DAYLIGHT,DRY,FAILING TO YIELD RIGHT-OF-WAY,2.0,22.0,4.0,4.0
010ba6a938bb049441cb31fb25b471fffd993c81d43a46b2f38149a7c123fa24d74548f4c896866500fad555a5c86dfd78a8d7baa5acc97750063fc751e9ece2,CLEAR,DAYLIGHT,DRY,IMPROPER LANE USAGE,2.0,43.5,2.0,2.0
010bc9282d3c711592b109c3a3a2edf853271fe50e1f261edb765ccd800e6e725447dcc145835bd50bb69ae224cc1136191b7502970004daeeb949dc76130eac,CLEAR,DAYLIGHT,WET,FOLLOWING TOO CLOSELY,2.0,39.5,2.0,2.0
010bebdfa027b2da4e82a90a7b88fa3ed1e79585d9b0968fd228e05a6daa8ce07e4500353d09528960dbcd658229a10ac81eaac0138676231d11e1216fa361c6,FOG/SMOKE/HAZE,"DARKNESS, LIGHTED ROAD",WET,DRIVING SKILLS/KNOWLEDGE/EXPERIENCE,2.0,47.5,2.0,2.0
010bf36da20f5dc041bae5ade266798b1d25c5a5f2c90a0bbc1665bc94a909053012953fb8550954bfa91ea53d2839b1c0566b81e017b621f9720c0347ae3d70,CLEAR,"DARKNESS, LIGHTED ROAD",DRY,IMPROPER OVERTAKING/PASSING,2.0,78.0,2.0,2.0
010bfa425c2b7a0c86cf03f7fc621c2555a04f600f47498068e1018e6ff8ffedc9dbb108cbd27844b93410a6706b34414e6815e577e7d76fc1f95072c1c0b402,UNKNOWN,UNKNOWN,UNKNOWN,IMPROPER BACKING,2.0,44.0,2.0,2.0
010c0659eb6827066ddd2d784c3f7db74a2e998fd1a80c927d49e0e9549367b1e3b591ea94ed71d0c7e5fb753e48171fcab246c00dffe1e1fae61b833390d019,CLEAR,DAYLIGHT,DRY,FAILING TO YIELD RIGHT-OF-WAY,2.0,27.0,2.0,2.0
010c2d0eff06da462277d8b8dcd5603fef3f2c7561e485c3a6c10c80570a460b8edde17c462790ff8cb17b44ce6d2b703fb2fd98dc449b9aa222a0051b34d257,CLEAR,DAYLIGHT,DRY,IMPROPER LANE USAGE,2.0,41.5,2.0,2.0
010c3b40fa3bc89292adda8eb18de7adcd569edd6cd0ba2274c7edd07b63fe8e10371d22b8d804b5393cd1441cc88454c7281775756aafaf6467aba197398572,SNOW,DARKNESS,SNOW OR SLUSH,IMPROPER TURNING/NO SIGNAL,2.0,23.0,3.0,3.0
010c3cf4795d580072d2439082e75065545b9913f81af256ea5d91c44ef33c5aa62588ba2c1f1b8d0bdfb9ca56265db7b8d1a7ef6942ba6a91b310d9b6420435,CLEAR,DAYLIGHT,DRY,DISREGARDING TRAFFIC SIGNALS,3.0,32.333333333333336,3.0,3.0
010c3f54455ee91304a39b1b4962ee896176fafa001f182037e1eab40ebcc6e73f4be03c2a814bd55842d15c0e951e442b0c7dc8d434890a5d4080bf2ded003b,CLEAR,DAYLIGHT,DRY,IMPROPER OVERTAKING/PASSING,2.0,55.0,3.0,3.0
010c4907a4bbb9c3c726502e163436c72e0b045170718631c1d8e2b1caeb2d1d7790d525d99d7c5cd65189b4a4ee00842851239a07b955e0350fcb3cd3761fb1,CLEAR,DAYLIGHT,DRY,FOLLOWING TOO CLOSELY,2.0,27.0,2.0,2.0
010c7496e64dacb0d6ea471c83031931c17a568fe48651aceb5c4ec4df7fb7ec0e925b4a1029bbce19c4108b1b62abb67adb2382b2c2a825d4422ba22e58c180,CLEAR,"DARKNESS, LIGHTED ROAD",DRY,FAILING TO YIELD RIGHT-OF-WAY,2.0,30.0,2.0,2.0
010c7b1b87b5191190927c28635be021925a79b1eaf26fdaf43ad039eb23266c81488bb4d216c0d19ca21630f01b500d35946dc66fc10311ad61b457af646a58,CLEAR,DAYLIGHT,DRY,DRIVING SKILLS/KNOWLEDGE/EXPERIENCE,1.0,21.5,2.0,2.0
010c8466c18ac9c3e0894533c588be0835eb2d14867ba9eb8ce48c7a40c24d6857b9e3f55691e4b1504f17820e753191fe795fa561f6840ada75ae988a3aa22a,UNKNOWN,UNKNOWN,DRY,IMPROPER TURNING/NO SIGNAL,2.0,34.5,2.0,2.0
010c84889794f8808f4d6bd414089e7e34244b6a6db26b6f063ec13a30f519bfd3686405c34943f64bf388806db7d93da0a40dacd6b158f717ad58a538f7cbf5,CLEAR,DAYLIGHT,DRY,FOLLOWING TOO CLOSELY,2.0,62.0,2.0,2.0
010cc5f81a00d4dfe51f844711cfeeb95f75ea3bd461b35bff22130bb8488a9214420b9f0d449f155513c4213dc6db19976c9410350fda3d9db6b56d661cbb96,CLEAR,DAYLIGHT,DRY,IMPROPER LANE USAGE,2.0,35.0,2.0,2.0
010ced7dfcaf094bcc5ce328f462e96849d1366cd7da056a7f99486ee84bac2cad4913130e5bd34ab2368c6c3d6ae43089539da25ac58374c42cff89c52376b7,CLEAR,"DARKNESS, LIGHTED ROAD",DRY,DISREGARDING TRAFFIC SIGNALS,2.0,42.0,2.0,2.0
010cf423cc2895ae6cf16e6428dd55370ffa881c1c50e6c3877f9c3f558c15f1e885f2914a90baf425a3fee9611c1d52e001fc41a6b2134da8632463ade24976,CLEAR,DAYLIGHT,DRY,IMPROPER BACKING,2.0,48.0,2.0,2.0
010d6b18d34699eff816498b776cb3735562331d3a76c7c701aa84090795fa866080fcc3d3bc698a400f6f578bbd80742fa9ba50ca1c943b2c6a9e87a977f57f,SNOW,DAYLIGHT,SNOW OR SLUSH,WEATHER,2.0,33.0,1.0,1.0
010d7a6d94d031e43db2cd8af9e6412ef71e86604bcb243939b3359c8825c417abe458e8453881ad99d27acc5f6a4f8055f29504a63705f651a06cd7b15a9fde,CLEAR,DAYLIGHT,DRY,FOLLOWING TOO CLOSELY,2.0,28.0,2.0,2.0
010d8851c01954ff41ebdee56edecf47653ccc330f879614ebcf4f0c3ebf9d7ad18d8fd44e9bbd353d5834009abeb8c230e987c9b869a78d393697713055d362,CLEAR,"DARKNESS, LIGHTED ROAD",DRY,FAILING TO YIELD RIGHT-OF-WAY,2.0,41.0,12.0,12.0
010d8c9aa16f9534ef8950a2dfda31ed5f391226acd52200cf0338dd11585c36109ce10d6f4f675dc621b1038cac8edeab6f5a775a427c1bb9a3b3ee4b46c108,CLEAR,DAYLIGHT,DRY,FAILING TO REDUCE SPEED TO AVOID CRASH,2.0,63.5,2.0,2.0
010d9f5401c199fc625ca9f3ce3fe3f5517c22985aa5c51d6f56eee51f068b0934d31167ceada7a489b1172e248ca2b540abd53421813c1be878cce86e79fb05,CLEAR,DAYLIGHT,UNKNOWN,FOLLOWING TOO CLOSELY,1.0,26.0,2.0,2.0
010da016010630bc8c11fa9849a09ad5142f571c3bfa2cebfe42608e0e997ae7802234a3065f8f8968b07352880cdd2e5367a6e2b83709470b7977f9bc2b2430,CLEAR,DAYLIGHT,DRY,FOLLOWING TOO CLOSELY,2.0,48.5,2.0,2.0
010dd1e8c0ff7d5821f4bdffa494970f6d5b3c556544942c96e939d2a34c1432854f4f6c2aa559eaebcf31bc56eeefc75861f0fb527b620e32256e898188d61a,CLEAR,DAYLIGHT,DRY,IMPROPER LANE USAGE,2.0,55.0,2.0,2.0
010de65dfa51da23f8c2ceff150061fe4f06e7f276666030195a6b42b5baf71f89ca9266440c69f86d1f9506443627046d4b84382a5636cb15190f5f5fc2d96a,SNOW,DAYLIGHT,SNOW OR SLUSH,EXCEEDING SAFE SPEED FOR CONDITIONS,2.0,39.5,2.0,2.0
010de93f784042a5377abeb7cf86aa5757e564ef94b0c07404e8d5b932eb9c14ab6c6ab499a9f22bf37d14d086f4496013f91d6bfe7f94ab96f29c8549367570,CLEAR,DAYLIGHT,DRY,DISTRACTION - FROM INSIDE VEHICLE,2.0,63.0,2.0,2.0
010e4248ed366a16d29db85402686c5a5d5a9d5438a2da796d88d10cb5a9c818b0707956642ed7f78fb8acc551d0bfa77ced76413994c9c50cd64152a818deb4,CLEAR,"DARKNESS, LIGHTED ROAD",DRY,DISREGARDING STOP SIGN,2.0,24.0,4.0,4.0
010e58d00cd8c12c5ee1d6fc25f1f3acacf8005c998c4d5009e7cbbd25a6479fcea28910c8768b0a18b932b7492a21ac23dc589bc15d6988d9a63dc7ea07b43a,RAIN,DAYLIGHT,WET,FAILING TO YIELD RIGHT-OF-WAY,2.0,55.5,2.0,2.0
010e5cfc011c6cad16cae905db06b3060623701a15901229e0f15c285ccea6c50f3c32974b0d1489528e8074c05c9c12e904b8a5de1dd51fd0a682376d832212,CLEAR,DAYLIGHT,DRY,"OPERATING VEHICLE IN ERRATIC, RECKLESS, CARELESS, NEGLIGENT OR AGGRESSIVE MANNER",2.0,41.0,2.0,2.0
010ea937169f5d0de59cf50f8b808ef361770334df36eb71813dcdce87cf8011c0ad2d5680aa0be1f066aca3e80f6f73483cb2b9a0f4efb9e34cee6b241c4d49,CLEAR,DAYLIGHT,DRY,FOLLOWING TOO CLOSELY,3.0,27.0,10.0,10.0
010eac85f0c150894b5027097c0a1a035beede2893388749d98cbe25cd6b3c46f3b6745cd1f5ff807b03d713b83756fd57d25bb343e73c04f4faf68001f2108e,CLEAR,"DARKNESS, LIGHTED ROAD",DRY,"OPERATING VEHICLE IN ERRATIC, RECKLESS, CARELESS, NEGLIGENT OR AGGRESSIVE MANNER",2.0,37.5,1.0,1.0
010eda028339e78584937d1ba886a4e6a2d4b6b072eae57731d72f6d3cad66ca3eecf820f1f8bb66a0148bd1067124d0958045f3db950f7653c28b46540e9f86,CLEAR,"DARKNESS, LIGHTED ROAD",WET,FOLLOWING TOO CLOSELY,2.0,37.5,2.0,2.0
010ef0149c3afe8f62e70307679c04cdd15238278659ae1b6af0403b412780b35b0796dbd23d51121ca62d710c52217572149b9bb9723352b0fcf70ac24910f0,CLEAR,DAYLIGHT,DRY,DISREGARDING TRAFFIC SIGNALS,2.0,68.0,2.0,2.0
010f48d1d5aae4b2ceb006deb39f9c1b4874053f2d66f9bdad6557cb78f5dccbacb5da9235ce717260c679bb41e1c89aed107836bae0fd96da5d4ff64f2b0010,RAIN,"DARKNESS, LIGHTED ROAD",WET,"OPERATING VEHICLE IN ERRATIC, RECKLESS, CARELESS, NEGLIGENT OR AGGRESSIVE MANNER",6.0,40.0,1.0,1.0
010f7c3b44f9834b828b9ae4ef3aa2b3b5edff101729d527ee1e5beb44fd33f65b2233f3e955a1ec90a61d128bb1902fc4aaa705a78c10d9817140621cf9e492,SNOW,DAYLIGHT,WET,FOLLOWING TOO CLOSELY,2.0,64.0,2.0,2.0
010f94e53cfcf6b015ec05b781042a293b9966129e35a5d1bb75126426fc3760808cefbc4f3c7c53bafcbf688332bd0e14ce4f353fdd8e649a76a8ae47d346c8,RAIN,"DARKNESS, LIGHTED ROAD",WET,FAILING TO REDUCE SPEED TO AVOID CRASH,3.0,46.666666666666664,3.0,3.0
010f9b0d538534df910dfce5738d730f873744bb33423f6f9a9d2cbc0479414bda507e54e4c28c62c6f53897089a00135823d6e0f899f315198b8077d473595d,CLEAR,DAYLIGHT,SNOW OR SLUSH,FOLLOWING TOO CLOSELY,2.0,33.666666666666664,3.0,3.0
010f9dd5b82fb95a9eaa3dd4ea0934e98bae1dd6b115f87b09fc135cd005c76175268aeb0ae370fb8ff18b076d4da5f45883ec5d455134090364b3ba63b868a8,CLEAR,DAYLIGHT,DRY,FAILING TO YIELD RIGHT-OF-WAY,2.0,42.0,2.0,2.0
010fb5b07acfd7e75e07198f0ee922632ba34a70a8bc003b59b9c9d3f4c561828aa016c8943d9479b97ebadf2aad9000e9ef4e73d6b496743241ef369b43f5f4,CLEAR,"DARKNESS, LIGHTED ROAD",DRY,FAILING TO REDUCE SPEED TO AVOID CRASH,2.0,37.5,1.0,1.0
010fcd5e89af809311770319c0fd25e9deae1b809a984a0984d674b7a0cdfd21e6d209b37acce3bad725937bc028e637754867e2a3d9186efee88675338c2878,CLEAR,DAYLIGHT,DRY,FOLLOWING TOO CLOSELY,3.0,37.5,3.0,3.0
010fdcf01c60a61e18ea3f1683fdacea3e1ceec752a045d5c48a6902397f71d089dc014e45ef71b056b0f8ff718875dbcb54cc8888109ea1c276a34447362ec5,CLOUDY/OVERCAST,DAYLIGHT,DRY,FOLLOWING TOO CLOSELY,2.0,51.0,3.0,3.0
010fe63e09cc892f92e6139779054aff4da96428edd3390642a94fb31a5ca4172250443b7368d572ffc49c186ff674717d72a36d113d77e5ad878fa3336a7a12,CLEAR,DUSK,WET,FAILING TO REDUCE SPEED TO AVOID CRASH,1.0,22.0,2.0,2.0
011002a6fa5c4c243fd4cc040523dddfb81afbe089f34bf84e3c07f24e33f81d1de05628bba7303baccad3aeb632b40f093c056e7cf09a068f0ff5a5f01d8219,CLEAR,DAYLIGHT,DRY,FAILING TO YIELD RIGHT-OF-WAY,1.0,24.5,2.0,2.0
01100a765e4c0db38b4d5296091d60d6561f5609a4ba3ed6729e1289dd293b4de9962d4b0b5ae6ea6ed420b4e0360f92c9a2a406e8ce834af1316a7f303aea28,CLEAR,DAYLIGHT,DRY,IMPROPER OVERTAKING/PASSING,2.0,25.5,3.0,3.0