crash_record_id,weather_condition,lighting_condition,roadway_surface_cond,prim_contributory_cause,total_vehicles,avg_driver_age,total_people,total_injured
01102b4a2331dbfa781f3f31c124871d85d19245e94f1aaaa6f44b92431fcd0e024940101a421b75385b5f480b59363025df6ea270dd59a25c7a1b07e185d310,CLEAR,DAYLIGHT,UNKNOWN,IMPROPER OVERTAKING/PASSING,2.0,43.5,2.0,2.0
01103c891e08cd790fd7c355d5e3ee52b19fd617e5f70afb7e3ef1db924ece59c09f4657a3082abf7a270d2a3a69f20a2189e17bed4f151ff1b93ccf149b5b05,CLEAR,DAYLIGHT,DRY,DRIVING ON WRONG SIDE/WRONG WAY,2.0,25.0,4.0,4.0
01104b138885e9e703acb717dbecacc25bafbf051f2a81ec92c7290d6272df1b1515ceba78b9e8aa4e59324f278889b03adc4f835cdd6a48e6de53bd71ddb8ea,CLEAR,DAYLIGHT,DRY,FOLLOWING TOO CLOSELY,2.0,59.0,2.0,2.0
01104b797b0ba1f62c9cf496e29061e0691146d84d1a700774bcb51f5b8574affee36378c6df569b7e92517bf3225d867f498a8b5faca65cf3ffc4aee414dc03,CLEAR,DAWN,DRY,FOLLOWING TOO CLOSELY,2.0,37.5,1.0,1.0
01104d9138d3131668602c84ebb8d49cb85e1bfe914cd7634d3a0b04fe454777812da729b602b6fdd66404e7790a68331ce3a228d4e25886c72480cd00799fee,CLEAR,DAYLIGHT,DRY,IMPROPER OVERTAKING/PASSING,2.0,67.0,3.0,3.0
011066d2811094348ba3f8104493ae6b7e99dd03d5e945474251b354bf0387a2eda30ad6136090a29acdff933d5ef9c4604db80ee53ade1b61b8424aac958f7e,CLEAR,"DARKNESS, LIGHTED ROAD",DRY,UNDER THE INFLUENCE OF ALCOHOL/DRUGS (USE WHEN ARREST IS EFFECTED),1.0,33.666666666666664,3.0,3.0
01106a50bafba47e248f0f50c665e9aa04446e57969752ee3a93b48fd5e8e043c7b48a7290d88f81ee6f208119f0a54d8f484a6b593f558ef9d7b6ab232dda06,UNKNOWN,DARKNESS,DRY,FOLLOWING TOO CLOSELY,2.0,37.5,2.0,2.0
01106b9e74d84f8c626296989c43594763fd379bde3265801b82be9fae976024fe216269fcced4732dc42289c0217cbc978de169e51e5ba591f893e6da700086,CLEAR,DAYLIGHT,DRY,FAILING TO YIELD RIGHT-OF-WAY,2.0,30.0,2.0,2.0
01107103d8e50d3b4a38b024e6a84e96fc340dd76f12df44902c1c11983710050bb2c95f3b1075d560c4db5f2541520af23f7a5e5a7a43fc4f0ebbeb34a3c8d1,CLOUDY/OVERCAST,DAYLIGHT,DRY,EXCEEDING AUTHORIZED SPEED LIMIT,2.0,32.25,5.0,5.0
0110cbc1b6c002f39d5acf777729cd7848ca56ee2887cc7c72e4917f75dbd4cd23f6483ea6e678a1187791c7c4d7c8bcb4e54491c909f4f3532011c77d43838e,CLEAR,DAYLIGHT,UNKNOWN,IMPROPER BACKING,2.0,37.5,1.0,1.0
0110f50127a5363a5844e95fbab1165f5cecd9be2b4329c143cbdee595339d58d01c302c55221496409c16ce1fceb37441819f7d2510eaf41b9ae4b15667c98c,OTHER,DAYLIGHT,WET,DRIVING SKILLS/KNOWLEDGE/EXPERIENCE,2.0,44.5,2.0,2.0
0110f83dba8063a5ab3c1f2fa03eea1c3fa7afc7ea143872fbbbc5c961ce1e700db80b4744273f0f5e96861468abf20d0067f025790d6b7d6832da72a26aaadc,CLOUDY/OVERCAST,DAYLIGHT,DRY,"OPERATING VEHICLE IN ERRATIC, RECKLESS, CARELESS, NEGLIGENT OR AGGRESSIVE MANNER",2.0,57.5,2.0,2.0
0110fa7e9e9ba257726c8550aeb106ec79ff72b5fa39570ebf2aafe669357e2e5015dd37b87adbad75373045b2489b153b6d9aaf5b4d22e6b137ad7185ed8625,CLEAR,"DARKNESS, LIGHTED ROAD",DRY,UNDER THE INFLUENCE OF ALCOHOL/DRUGS (USE WHEN ARREST IS EFFECTED),2.0,48.666666666666664,3.0,3.0
0110fd55690e015deaf3bbe82b27a2b057b84cff262040954e64442750523a74300e208249ddfd34d1d672520740e67b077d8197c8a3bd76b56db2a7041cd5cf,CLEAR,DAYLIGHT,DRY,FAILING TO YIELD RIGHT-OF-WAY,2.0,33.0,2.0,2.0
0110ffbd5c0eb3ca72bd65a24dfcce3b5337e04b41936a26e29699786806992f89a901c63d4c3383ee2437af4bc4c4bf1262d562b333a3259e21a421931585fe,CLEAR,DAYLIGHT,DRY,IMPROPER OVERTAKING/PASSING,2.0,30.0,4.0,4.0
011100f50628c55c0904f3c4f5f7df3334354ddfadde16145e9c3eaa23c66a80bec360bf06b8d2307ef6470a1cb2968c86389e9687654f0b8764fa75e4cce024,CLEAR,DAYLIGHT,DRY,FAILING TO YIELD RIGHT-OF-WAY,3.0,22.0,2.0,2.0
011114a72dd20e72d84a8e487b6a125350ec99d2846cd9669c33e63c17fad6212135492627845540f32e26a915857d023654e7bd6f12a8615fde078d73cd7884,RAIN,DAYLIGHT,WET,IMPROPER OVERTAKING/PASSING,2.0,48.5,2.0,2.0
01113691d6a396a34247c604e7af73497dc560bc0080f6a71bf00eb2e8e30beeb8e10776098627bd624e5f14e121b01192a90d7d91f04826fa972657af476791,CLEAR,DAYLIGHT,DRY,FAILING TO YIELD RIGHT-OF-WAY,2.0,52.0,2.0,2.0
01114ff295e5e279a01f78422b84e2098253991abe5f8fe5653103a4376a06a23ddec409b6e1985dfb1a0dda3558cb95a5b70e381403378a6b2010c85bea964b,CLEAR,DAYLIGHT,DRY,FOLLOWING TOO CLOSELY,2.0,39.0,2.0,2.0
01115e514a9a6163be8027aaffa6fc157ee7530a7289cec1ea3e7b9db87429c1c6c3885e2f34041968318c2b13ad1d9c42ab8672862b1aceaf56052a87a0b8ea,CLEAR,DAYLIGHT,DRY,FAILING TO REDUCE SPEED TO AVOID CRASH,2.0,27.0,6.0,6.0
01119112451f6a18c331307b2780382566a9763ce8b6dc3bf2ad6ba427a8021f210d1c013adc65e93cbbf1549efe08154b83f353a40462bd14220ff617df52b9,CLEAR,DAYLIGHT,DRY,DISTRACTION - FROM INSIDE VEHICLE,2.0,82.0,1.0,1.0
011199035d5da7b53965b2d4c313b9cf5ca83c4373b0db6c6fb884d1b1e80568267613a77bc22b9decee05b5b813718bf63b192d8a165c8ffdb608f37d9ce06a,SNOW,DARKNESS,ICE,WEATHER,2.0,45.0,1.0,1.0
011241a8606c9ab2244b07b70f6179dbcc4dab4b4faa34118f6a53525c682eb1b5ab591ab8f5074ff235298f423fc4bcb32ccab555cd142e64526d772ab47dbe,CLEAR,DAYLIGHT,DRY,IMPROPER BACKING,2.0,37.5,1.0,1.0
011248f3f596052569134ab96b8f25744241436830d3fd398ce73fde43eace6efb2ad1530b4f81645c41970e8ea115b2931b134ccb40981cf4b083f964273ef7,CLOUDY/OVERCAST,DAYLIGHT,DRY,FAILING TO YIELD RIGHT-OF-WAY,2.0,32.333333333333336,3.0,3.0
011250aa90ec76de290f41e1b94f57df5233fa8483cb6fc4a899fe1d1b1f756e040fc2c997765e3686d879a8547c1f69c9fc267988fbd68e9d0543eb68c9fdd2,CLEAR,"DARKNESS, LIGHTED ROAD",DRY,FAILING TO YIELD RIGHT-OF-WAY,2.0,59.0,2.0,2.0
011258d5c85b9d4c262f0df82b11f4ec7a3a501d3e267a538f288d8d5ff6028fbe8f2080c076422a1df70ed001ac39a4fc1697b208af8d942487f35851297031,CLEAR,DAYLIGHT,DRY,FAILING TO YIELD RIGHT-OF-WAY,1.0,17.0,2.0,2.0
011281f7efdfb7977cc48a948cc5ad25f8c2875574ea709a76347805b167b184175b3e8ca40ff0e3100ca2ecdcbf58a2b7c8b1018aef0cc51ec94ad80003d146,CLEAR,DAYLIGHT,DRY,DRIVING SKILLS/KNOWLEDGE/EXPERIENCE,2.0,37.5,2.0,2.0
0112982d6fbe76ed05d2d92833cd984f8ed6ea3f6e7011a7a46a823431d5d33d51609e5fd52497752e43e3e7574f6bc8e9a9309a2abca2931abc11ce4145d7fe,CLEAR,DAYLIGHT,DRY,FAILING TO YIELD RIGHT-OF-WAY,1.0,30.5,2.0,2.0
0112ab4fcea1bf41f437f41b610a3e67b9eb32acd06651c7add948b9543f69b0589767238336f9398cd5ea0c6e001a2d1331a460080d886242949ebfc0f281c0,CLEAR,DAYLIGHT,DRY,FAILING TO REDUCE SPEED TO AVOID CRASH,2.0,37.0,2.0,2.0
0112ef24cc74a420f3360873023a9401b3893e68f5c4936d423401843110b3d532cd1b00d048368c4e653dbab17dc906930a8d4cf9cd8437f9bdc2aa44de5e7c,UNKNOWN,UNKNOWN,UNKNOWN,IMPROPER OVERTAKING/PASSING,2.0,34.5,2.0,2.0
0112ffd8cc531684690e5eda61af71c9ffeaba7e317292b88a7a5223cba0ce4af343fdd5e6386faa77dcedaa62afdff02de01d1677e587100cf6f8c89c256d47,CLEAR,"DARKNESS, LIGHTED ROAD",DRY,IMPROPER LANE USAGE,2.0,39.0,2.0,2.0
01131b7a0563e6377443306c2ae9515e7d1a4b78de4e5c9fee383ba8fbb50bdb38b978debc764079ccce5202e20dc1865fef886c1291d6e0ae69f1dfdfa3e3d1,CLEAR,"DARKNESS, LIGHTED ROAD",DRY,EQUIPMENT - VEHICLE CONDITION,2.0,37.5,2.0,2.0
01136d9ce2be81514a7f8ddc1d8a158c6256a2940a9e9df1094345d705ab902eb6ca5ac01b2902751e7703351b7d7fbbf063f87b5e99cb3684b624581fa81d02,RAIN,DARKNESS,WET,FAILING TO YIELD RIGHT-OF-WAY,2.0,58.0,2.0,2.0
01137b926267028644e9b969049d3e71f93fc2f6652853cb3eaa770dceb3e4ece0553c78c6e902e1a6cf323a749420852b222f8232b50be3f8ea82e08e22fef4,CLEAR,DAYLIGHT,DRY,EQUIPMENT - VEHICLE CONDITION,3.0,27.0,1.0,1.0
0113c2b29bbfcf1d7320faf8c15cb41e0b44838a85aca9dcb08642d8a93a5473eab4c5ff974b8f5f9a0f3da329723c21f40b5e1cce9a75a34772e5fb2050fdfc,RAIN,DUSK,WET,FOLLOWING TOO CLOSELY,2.0,24.5,2.0,2.0
0113e97326001b8f4758f4c7dedb39af008b3ce2f23d2931d329eb4f896e3123a6fcd38d28f5fad1ef5bda7749e8242057514a5398358f5d62aa4082775967ba,CLEAR,"DARKNESS, LIGHTED ROAD",DRY,DRIVING SKILLS/KNOWLEDGE/EXPERIENCE,2.0,42.5,2.0,2.0
0113ec9402025b4335d98a9c079d5c2366ab6d59a58d5b515d65502c379ebd818d10c40bf4a67de89115d8492f248b07ca2e1c32345e74d217901fdb1356a38f,RAIN,DARKNESS,WET,DRIVING ON WRONG SIDE/WRONG WAY,2.0,33.0,2.0,2.0
0113edd9df5b1bead0bc227486a662d1f8e35793d52dbd39cbe1e82a61dd8d5eb7075429f0c0f3e554ab94cfeb5438260cf56cae673c6116d9d7146d7b1dfe0a,CLEAR,DAYLIGHT,DRY,FOLLOWING TOO CLOSELY,2.0,29.5,2.0,2.0
0113fc14e575cd787688b6ca644cbd0088e63a84bc2663180c67a12b09b787310721df7a226f836ae659ae393744287b035956a0073d4ba2834be9969b76e9ba,CLEAR,DAYLIGHT,DRY,IMPROPER OVERTAKING/PASSING,3.0,29.0,1.0,1.0
01140139f64389bd4580a66b164eb4f3c7aaa367dcbabf999689e54ceac980c0bb0ee01677cc2887556445cf964d180a58606e794d9ab393860d45f04141a37d,CLEAR,DAYLIGHT,DRY,FOLLOWING TOO CLOSELY,3.0,48.5,3.0,3.0
01143698232a7610f3478c7ace4a37af390da23280941a0cb600b09fcdf79263c70b25a1372f44485c6174b2498fa720842d6ae648b3d493757467fb3431ce99,RAIN,DAYLIGHT,WET,"VISION OBSCURED (SIGNS, TREE LIMBS, BUILDINGS, ETC.)",2.0,30.5,4.0,4.0
0114472f84057afd7cf613d4ef625da84dfa6419de690fc277c63a8f9932b05116ab51dd5e77917d6720f29b802e73e710928c762164255b8a5523663b9a50ed,CLOUDY/OVERCAST,DAYLIGHT,WET,FAILING TO YIELD RIGHT-OF-WAY,2.0,47.0,3.0,3.0
011453d894c319499b02951c2845269cb8948b262781c0c5c14554e803bee5bd31ef1f6d45a98abfd2af7b3b7ec31deec98ffec7446e6ae35058919487c93f18,CLEAR,DUSK,DRY,DISREGARDING TRAFFIC SIGNALS,2.0,26.333333333333332,3.0,3.0
0114973870a17ff3850c8a764e5ebc84fc3f9c0ee26c179e9d27f45649e593f4daa1b078b7ab91d74e439965180dfad63fc2021aa84030341a217d07f0bdea53,CLEAR,DAYLIGHT,DRY,DRIVING SKILLS/KNOWLEDGE/EXPERIENCE,2.0,43.0,2.0,2.0
0114a13185bae6b4aec88b58d0ae82025af3e9b729aea06c4ec76732ccb72bc0915022c02408f82320df5ff78eb0da52c517d505a4070f2e23089664644b4c88,CLEAR,DAYLIGHT,DRY,DISREGARDING STOP SIGN,1.0,37.5,2.0,2.0
0114e21055ffbfa90a7e5f18381960f3a2421ffcf02af2dc47911b7a37e813ba4543a7867022e100c13368cb3f89e04589a92a771eb3b3eb72479871ccfad622,CLEAR,"DARKNESS, LIGHTED ROAD",WET,IMPROPER BACKING,2.0,37.5,1.0,1.0
01150c157d952ec064a0bb5a4c5bc4de230b4d58fea0e89d0dcc787c0de67f2062088c1b1e85a3a8069f7aed23942f2aaa9aa0ed29e4bf0442f695bcdfcc10f3,CLEAR,DAYLIGHT,DRY,FAILING TO YIELD RIGHT-OF-WAY,2.0,54.0,2.0,2.0
01150ee3b5223b76d6d8c311913dab1a7274dc29f96e48540f15ec2d3c22350a340de43a196438cab7f5da41a0744f09a6b5c597c104c4ce8bb491d5f99df5aa,RAIN,"DARKNESS, LIGHTED ROAD",WET,IMPROPER OVERTAKING/PASSING,1.0,31.0,1.0,1.0
011511dac1f7498b5497fcdfc8e4167943d7ea0e8ca07e6cf022f7900d666ab48041d8ee8652325fbd89282b9522e63e85bbb3b9e6389521b154a9d95ffd60d0,CLEAR,"DARKNESS, LIGHTED ROAD",DRY,IMPROPER TURNING/NO SIGNAL,2.0,33.5,2.0,2.0
011522cd1e7413b88b5cc2c1de1576efd4ebcafaad223a2aaaa6f8c7f2710ddd86f5fc9affbf16ed3d39119fadadd862da94fe667c250fc9b3edde75d25cf73f,CLEAR,"DARKNESS, LIGHTED ROAD",DRY,FAILING TO REDUCE SPEED TO AVOID CRASH,2.0,40.0,1.0,1.0
0115362850c23399817c6029b0fcd9e1a170e044f4671c38d596d2780cd14cbf57cd400611f2794d49a6c28855f081470b1e00112838c5f06b6b4973d768edba,CLEAR,DAYLIGHT,DRY,FAILING TO YIELD RIGHT-OF-WAY,1.0,68.5,2.0,2.0
011542c9e26d9bd012c52f25f289b453e141063cbc690d9673e60fa8c0a4b3c791c841564a76791b6b8b5586f6d1c8c3559409991aa922a3e8c6eb7a1fa37040,SNOW,"DARKNESS, LIGHTED ROAD",SNOW OR SLUSH,WEATHER,2.0,52.5,2.0,2.0
01154ca7d3f264486c951eccfdb86869c974d0b27589b59f8c287afceb8c2ee0f7b77fe9e3d7a27fadcb370dc98821504029e45312b862d287949d6cf8f9fc3b,CLEAR,DUSK,DRY,FOLLOWING TOO CLOSELY,2.0,70.0,3.0,3.0
01156e538f0016aadb6b0f1daa2d3ec0e885546fbb24c1420dd84f2ad7aaf171540665041bc8668b065b2bff1e3e1715ad4ee48cd7540fa6c93b4d70237f0376,CLEAR,"DARKNESS, LIGHTED ROAD",DRY,FOLLOWING TOO CLOSELY,2.0,37.5,1.0,1.0
0115b9007130b3cb99f8ce4a4d7fa5941a56fa26e9da524cc63ebbcccaf07ab04f7eb4812c9a2c1b9412020fe8fd8767dbd1fd947c80f528eb2ac3884b13a90f,RAIN,DAYLIGHT,WET,FAILING TO YIELD RIGHT-OF-WAY,2.0,30.5,2.0,2.0
01160b5a7216d61519f74dc3cbe3fe0d47520e3187852e74759a0daccfd62103e649cb469ace6243bd27b72e2fc54e703104aaef1295e5b3c9e258a8d3848cfd,CLEAR,DUSK,DRY,EQUIPMENT - VEHICLE CONDITION,2.0,24.5,2.0,2.0
011621dec8b96841318f5a545e906d9c1313250ba238aa3349024ee182db9b7cfcf4f6b2faa54a3c819551d7559da3e9cf624b047347a52b4695814fbe85bb0c,UNKNOWN,"DARKNESS, LIGHTED ROAD",UNKNOWN,IMPROPER LANE USAGE,2.0,12.75,7.0,7.0
011629bc32400a91e141ed96bcbe1263a681dfba40c15724cd642ee50208e0025c1aca3970c4d56bc4790335831a45902dc502fa1b41eb29af1c931373fc07f7,CLOUDY/OVERCAST,DAYLIGHT,WET,FOLLOWING TOO CLOSELY,2.0,52.0,3.0,3.0
0116392b6f7814acf78faeb9862e7a4842a98d604860027f2bd88fd1978b40cb75ac93f0dffe03b3813fcdd25aac1cabcf9bbee7efc8ea2240603ce87bc46a44,CLEAR,DAYLIGHT,DRY,DRIVING ON WRONG SIDE/WRONG WAY,2.0,16.0,3.0,3.0
01165c0dfd1acd98e6f6a62f3d9ebacdb6968ea5290fbd8cb15e111356ff329e8fbf68689edc424adb7981148a3e6687db9a4f94fc134f0c7714135fc9f26dd3,RAIN,DAYLIGHT,WET,FOLLOWING TOO CLOSELY,2.0,40.0,3.0,3.0
01167e4eabd3c6de325394372b4ae5e39f24bd3b146986cd9ce2fc71634f4e7a59c6c9a46752885f36ca74d3699cfc1ff2c004926fd8c641cbc4e6ae3261884f,CLEAR,DAYLIGHT,DRY,FAILING TO REDUCE SPEED TO AVOID CRASH,1.0,49.5,2.0,2.0
01169a9bfbf79409fc5200417840b540e2c172c81b37d538dabb863c4d1b23be42560e41102c65bbfd224ee8226619ce09b1e388235a7a5f18c428c2ffcd7f66,CLOUDY/OVERCAST,DAYLIGHT,WET,ROAD ENGINEERING/SURFACE/MARKING DEFECTS,1.0,40.0,1.0,1.0
01170f62c7049fca9e79ed2c5929bfcf735dfa702ae47b32efe3431e109797eff97e493bfd9357ed4e46a1ccc924a49bf69304a1682647f8be39a4f3fa2635cb,CLEAR,DAYLIGHT,DRY,FOLLOWING TOO CLOSELY,2.0,60.0,2.0,2.0
011742c688bc675a457027bd54190776045e213c4a2649fe34fcdf0fe3bd612c9a05f94276ada0f0cca440a2bca16ab9035d47130ddfc9e29b0891792131cc83,RAIN,"DARKNESS, LIGHTED ROAD",WET,FAILING TO REDUCE SPEED TO AVOID CRASH,2.0,20.666666666666668,4.0,4.0
01174eca9be4feac23b8a4dc724531073da6244b687b8ee23dc539f3b16b0fa4c160b3bf5693ee7ea830f5358d706898bdcfcec38c0de87ac1471a4073eb17da,CLEAR,DAYLIGHT,DRY,FAILING TO YIELD RIGHT-OF-WAY,2.0,26.0,2.0,2.0
011764c535082ea66a0fd95e36939dbacf0340cf695ebd80587b18a4e305bcc97c87dc8d57f125b5c46089699027e10eb500e21088f8ca0566ba14b187581014,CLOUDY/OVERCAST,DAYLIGHT,DRY,IMPROPER TURNING/NO SIGNAL,2.0,52.0,2.0,2.0
011766aa07f1defb0673814a68307a23ca2950afe6db912e5b5398055d99e54c6b36372b32046f5a6dc2006ce7b845a080c0093b608c7250d21233da8202d1ae,CLEAR,DAYLIGHT,DRY,DISREGARDING TRAFFIC SIGNALS,1.0,39.0,2.0,2.0
0117831203c7e4c449172d7468212e62d9bfea2ccea9ca7b24843388a8683dcc10fd90660e9379d4e83112e066e43887c2d78c62ce00aa438b1fdf51ca9f2e92,SNOW,DAYLIGHT,WET,IMPROPER OVERTAKING/PASSING,3.0,34.333333333333336,3.0,3.0
01179e19c44a6b34fdca618b357a34b42c489dea02b6a0ee1c08fba388bd57b2d5882d166e6705e089e3c5166935284084e12d1fb5f3306001d28222439abf5f,CLEAR,DAYLIGHT,DRY,DISTRACTION - FROM INSIDE VEHICLE,2.0,37.0,4.0,4.0
0117c198cc42c23360ce818467429d0a3b456e8bbafa77f57a7de2cf397cd2dd651a2dd66aac64bc114b55c1d1255049c02c3a382eb8aead0cabca97e0988c3f,CLEAR,DUSK,DRY,FAILING TO YIELD RIGHT-OF-WAY,2.0,31.5,2.0,2.0
0117c50d3b63d89b1f24b1e1b91db09a618a7a63f0d33a245815119309f9df23770a7f7f66d55134179d234eb21d3be0722f4da862861c8f97b8b03d9153a0b4,CLEAR,"DARKNESS, LIGHTED ROAD",DRY,FOLLOWING TOO CLOSELY,2.0,28.0,3.0,3.0
011829be8df17a6aaa4ae062b2749b747fb2e3d68de4842ae179e86e5fb6c4dd7274d3bbb4af58163460c61c6504c0882cb776823f075c2747a3afe33c76d613,CLEAR,DAYLIGHT,DRY,DISREGARDING STOP SIGN,3.0,47.333333333333336,3.0,3.0
01183b6b4a471e5d968f3fca65298753fd1a598687e07c693676c46bd9f65c8d54d7cb4d42c2cc1236b753444a300d20645138aa74335cc4303276257cf0ee7d,RAIN,DARKNESS,WET,IMPROPER TURNING/NO SIGNAL,2.0,48.0,2.0,2.0
01185d73190ba3f8c684ea99de5984f9b48c1ad2462774ac3b147b72e1529f194decd7e0f96c01dfb9a658b24bf0fd0a094bf4e4df5a066ba9616cd9f94cfab4,CLEAR,DAYLIGHT,DRY,IMPROPER LANE USAGE,2.0,34.5,2.0,2.0
01185eb4d8bc98c6505e54058dfaa56f07831ba07503cf54cc2362438036e3659860e6397f40fd61042f8b255bc4289877e986a8f6611278956b3a8d290c7a6e,CLEAR,DAYLIGHT,UNKNOWN,"OPERATING VEHICLE IN ERRATIC, RECKLESS, CARELESS, NEGLIGENT OR AGGRESSIVE MANNER",1.0,43.0,2.0,2.0
011860f9e1dc8d47f17e3ae58dd6b7fa2f20ed9b96ad1638401a7ee1e328f6ef5d5a72daac682979663eb4a3ff797a5d549f6a04777e6c95e6f48cec3773cc6a,CLEAR,"DARKNESS, LIGHTED ROAD",DRY,IMPROPER OVERTAKING/PASSING,2.0,49.0,2.0,2.0
011898826b159614999ecfede6be520f3443d9b87b5a0ab1ead20fbb50c7e45b04709e7016e800647ff19690063c0de2c05b7117a4d11df2847e83f1fe25fcac,CLEAR,DAYLIGHT,UNKNOWN,IMPROPER BACKING,2.0,35.0,2.0,2.0
011899b0a1aa4231088a4ecc13e70266d61ca6409370352f6253fb2267c4e72d3d2d3d6ffbcdf419966ac8886e070dd198a534ee1837e45184b64e6ed083b3bf,FREEZING RAIN/DRIZZLE,DARKNESS,WET,FOLLOWING TOO CLOSELY,2.0,29.5,2.0,2.0
0118ff34d5459c17bf5b9cd6d18b5df3d8698b7d6696d13fd3336caa0d79734ba9c51164f7639b043f06077d34d6db78808c362305e811e941721fd99d81b481,CLEAR,DAYLIGHT,DRY,EQUIPMENT - VEHICLE CONDITION,2.0,28.5,2.0,2.0
0119008fa1c6486d104f9f9a759fcf8030ff2bd2cc0338a9513634895376c440dadb3f4e418f9dc1efd9be016b0541ece3418c2ea66510331c628de23844c057,CLEAR,DAWN,DRY,EQUIPMENT - VEHICLE CONDITION,3.0,13.666666666666666,3.0,3.0
011929921e06f16cc85e5f829b9212f78c004b9b2a4e25fb91555f4d8586b757e0364ee3b301895f3dee4fab1d8716d99199274ff635fb31a3d070ee022aba14,CLEAR,DAYLIGHT,DRY,IMPROPER OVERTAKING/PASSING,2.0,37.0,2.0,2.0
0119331aa30a5011b4ec4263a0244dd83fff635c77055d3eaa7b04e7671d43f6615843140e47660cc9c991ac201d364bc0f7e9bf8f2e53e4ad526637fd257143,CLOUDY/OVERCAST,"DARKNESS, LIGHTED ROAD",DRY,IMPROPER TURNING/NO SIGNAL,5.0,26.0,3.0,3.0
01193b9317f51b5f0aa1d6c5f8c0385127c31e77ed9b165774ac7dbbac10625552d3e50bb6cf410c7395cbf75b5fd752eecfbee41f3ba30c6e1f7e8972b5cad6,CLEAR,DAYLIGHT,DRY,FOLLOWING TOO CLOSELY,2.0,44.5,5.0,5.0
011943dd9b31fc8998b18b0a41e71ae0afd5253046053f536fac0cd4641b3c023238033c2ecdc090a6c415d5b144496ffdf478d15913ac57ad467eba34fa2729,CLEAR,DUSK,DRY,FOLLOWING TOO CLOSELY,2.0,46.0,2.0,2.0
011943f8ab9b4d16906e3dd90307a50ad9d4e4a3bc0de2511131e2e5262e84f010da2399df6b3fade25a2d0ee46cf2662a6c46fe1e6f7042e42cead898d8fa98,CLEAR,DAYLIGHT,DRY,FOLLOWING TOO CLOSELY,2.0,26.0,2.0,2.0
011999c373b1e4ed50ec118d0d05385c821250793e266a3b2d944006c330dba94bc9b2059f9dc23e5513c31310f1f8ed20bb2b071814ea5de4e0a01cb304e9bd,CLEAR,DAYLIGHT,DRY,IMPROPER TURNING/NO SIGNAL,2.0,29.0,2.0,2.0
0119b2e63920d1bb52a14331c9c265667be6c5ce53f7d0ca28b607df0d902923c8a250f6825123d6e9767c80240943bbbc6d63adef91f7f1f6480560b4017bc4,CLEAR,DAYLIGHT,DRY,IMPROPER LANE USAGE,2.0,58.333333333333336,4.0,4.0
011a0b6bb4156cf6cc9aea99473a576e025e085c3195d18ac563e1b13172e3cb52b9548139a15b6fffd94765efe6a0f43010251caf8bd9bafbeacbeb4c9ee4eb,CLEAR,DAYLIGHT,DRY,DISTRACTION - FROM OUTSIDE VEHICLE,4.0,55.0,1.0,1.0
011a16856474e00e5681e305a202351b05d38484aa0c62875fd1500ae0a84e7868508ade7bb2fcee0d6afd1f931ff757393108072eabc35224b6b39b053ce262,SNOW,DAYLIGHT,SNOW OR SLUSH,EQUIPMENT - VEHICLE CONDITION,2.0,40.0,2.0,2.0
011a47eaa25ca62920d94987d5bb9542b171546b0a1700280da68c724972d09326d4409b26ffc9e0072bb4323a58225b5fc9cd4f7dc8b3f807e97cf84b368138,CLOUDY/OVERCAST,DAYLIGHT,DRY,DISTRACTION - FROM INSIDE VEHICLE,2.0,40.0,2.0,2.0
011a492d0d520f699d95bf75595b10d74b6a08c6eb142b1c1f90a962c2631ae1324b7b3b40e0acdca71d1da9ee2c8d4beb42b174feac77f2c3c106b2ad9d68ea,CLEAR,DAYLIGHT,DRY,IMPROPER TURNING/NO SIGNAL,2.0,30.0,3.0,3.0
011a6caac5a78718e6556935f2fe856043bed9d07ae65f25bce5350ec61cd521d90f4b906d40eac68755bdcd4f5c52322b6ecb3118336979d1077a626a82eb27,CLEAR,DAYLIGHT,DRY,FOLLOWING TOO CLOSELY,2.0,33.0,2.0,2.0
011a9a8a48a83721dcd2fa46590cf84a2ef95696bd761d85cca5dc88fc442db13c50d1f61c6cbb328c410caa6782f7278efe119ff5a09b5bdf341fe17827a571,CLEAR,DAYLIGHT,DRY,IMPROPER TURNING/NO SIGNAL,1.0,42.0,2.0,2.0
011a9b516f8197db27bf0010b3268ca7de8f48eaaff3ebca6cb3a807eeed29d35b724523780ca886b0e3f5706170725d88264935748b199368427ff419d3b930,CLEAR,DUSK,DRY,IMPROPER LANE USAGE,2.0,30.0,4.0,4.0
011aabc83d1eff36b87de180e45b51a476d5de993a134b81456c5bcb10a6a5c7c28cc18698742d7f336aab2fe61f6f1ddf3f3be6f7ff71752559d20754c8b6a9,SNOW,DARKNESS,SNOW OR SLUSH,WEATHER,2.0,61.5,2.0,2.0
011ab5a703b3d2feafdd3c280cad508d0768f935931ac8e4721cb5064101aabdb62991d2968ac784e4050b9cd6e618baa4bac870f709cb75208629d15d609894,CLEAR,DAYLIGHT,DRY,FOLLOWING TOO CLOSELY,2.0,52.5,2.0,2.0
011ac6bf65b11574fe8ec6ac611e4790ab8566c8f1c65d2e89dcdf051ca7547cd795b4db0acd889cce53bece0a7d0373bb569b90ca8dc7dfed5e0778e03c7cfa,CLEAR,DAYLIGHT,DRY,IMPROPER OVERTAKING/PASSING,2.0,51.5,2.0,2.0