crash_record_id,weather_condition,lighting_condition,roadway_surface_cond,prim_contributory_cause,total_vehicles,avg_driver_age,total_people,total_injured
011ae06dbf84b27e1577b35cb1363e68b059a980a09a47d6b66bc611728bc05b46ddb8ffc8fdcfdaf0e53daa374dbab2fdc9ffccd416f78d0c34bcc1a45bfb3f,RAIN,DAYLIGHT,WET,ROAD ENGINEERING/SURFACE/MARKING DEFECTS,1.0,14.666666666666666,3.0,3.0
011ae0c7498b1128b8f57f2dde5a8139de90936fbce08f8be7117a67ae43801935e9bf88a0e543b3e7c5b64884e6624054cf7ce1243cb98fbfa56d2b7adc3e00,CLEAR,DAYLIGHT,DRY,DRIVING SKILLS/KNOWLEDGE/EXPERIENCE,1.0,34.5,4.0,4.0
011af29e005914255c1a3d07aebdb15530aec4310ba46058854db5a898bd2e8fecc40e6375743e55b20f90ba21309eaa6eaf00c3f62e15b54b29a86f156b25d8,CLEAR,DAYLIGHT,DRY,FAILING TO REDUCE SPEED TO AVOID CRASH,2.0,23.0,2.0,2.0
011b1d9987ded65b3a9f51d88187c6e13876ebfe56448aa0f0bfc5904a83f8ae99be8bf2642275d0cd025f7c8473f7571bae1104a03cc9051f665e7e31467db2,CLEAR,DAYLIGHT,DRY,FOLLOWING TOO CLOSELY,2.0,54.5,2.0,2.0
011b34fcffc9bec2e8a1183db80e0dc8177b62272ff9013f3be77b895288aeef2861e9d9162f6548455fc69afb7a6cb9eae0845633218eead619f64f5476dea7,CLEAR,"DARKNESS, LIGHTED ROAD",DRY,FAILING TO YIELD RIGHT-OF-WAY,2.0,34.333333333333336,3.0,3.0
011b67cadc8c13a7a4f9c7358481952a49df3a0ce2101e27ee6d7712e7ec4a75849611c68842b088c86757ca404ecfc94d9dc655a7b0d4b83d09960ca074d7be,CLEAR,"DARKNESS, LIGHTED ROAD",DRY,IMPROPER OVERTAKING/PASSING,2.0,24.0,2.0,2.0
011bd1ce98005a247e763f838a39c9977e8c776b12b634a9c11990b7ff06219c310fd693a09fc65afe731df4a8026386b08c94465be7e69cce19c3be3d057f0a,CLEAR,DAWN,DRY,FAILING TO YIELD RIGHT-OF-WAY,2.0,33.0,5.0,5.0
011bda211b212c85e059df6a649dc41d9f83dbe952a885d0ca014f37d9f1ed1d1d55fba80cb023274e77081a50a6f1335a6938e2efc006e02241b04c96e71dcf,CLEAR,"DARKNESS, LIGHTED ROAD",WET,FAILING TO REDUCE SPEED TO AVOID CRASH,2.0,58.0,1.0,1.0
011bdc61e6b31831c7f6ef129eba776eb49368900d90c63a34a4c376453d153e7675b11b5885c318799b570cebe4f524acb55d1f1ebdcc03cd247bebd0f4f6a6,CLEAR,DAYLIGHT,DRY,FOLLOWING TOO CLOSELY,2.0,68.5,2.0,2.0
011bdefc62047d5a6bb971f16c48da6931c261345553af047632859716aaae40b86beba2c2569003fc5060975719f10851b83d52aa8f998de9b4382897115ed2,CLEAR,DAYLIGHT,DRY,IMPROPER OVERTAKING/PASSING,2.0,46.0,2.0,2.0
011c09478435aac9eff14fda424be89f3bfbba6588fd8be6821d82967babaf7a463e0a409152da66a713a0bef26e851cf69a151a175af7ad2cce5bc290640d7e,CLEAR,"DARKNESS, LIGHTED ROAD",DRY,IMPROPER TURNING/NO SIGNAL,2.0,44.5,3.0,3.0
011c22b63db28f0b1adce5d0c7b8f2f8cd08a4d6ab28b0efa9cf23dfbf5b20fc15da128745c72dee58d502c5ef2277691779cef21ee88ad6dfcb7bc007b0bf74,CLEAR,DAYLIGHT,WET,FAILING TO YIELD RIGHT-OF-WAY,2.0,63.0,2.0,2.0
011c39ecf6663cf3af5757bdb3f897df6389c34f49acc153e4891388e386e7cb9cd65d643243f15fdcf5a630c5697dea56d3bd166e841f5e0b950c36bb02ca16,UNKNOWN,UNKNOWN,UNKNOWN,FOLLOWING TOO CLOSELY,2.0,37.5,1.0,1.0
011c9a6669919dd30c35a747de7a5718024ae6d1fd9491cbbf32a1816a8f1d7604a410e33b9e4dc1fca3f206b896e578587df6c17ab6981b1473b597ba57a3d0,CLEAR,DAYLIGHT,DRY,IMPROPER BACKING,1.0,63.0,2.0,2.0
011cac1a93346461d315993020093e3a31af3fb71ac104f25512d6fe6c1cfd1bf264a8d6c2f21aebcda79d30e4d14d5b16a06b068f84791e691d4b4e138b3722,CLOUDY/OVERCAST,DAYLIGHT,DRY,FAILING TO YIELD RIGHT-OF-WAY,2.0,51.5,2.0,2.0
011cb0d59e075cdc7d23760d2a19ad39b4454ec84886f7ccd40edc59b19e05f3a4525fb57554ac910d9bd90868dbd6855163a8c7d19f3543ff64defe7d80d040,CLEAR,DAYLIGHT,DRY,FOLLOWING TOO CLOSELY,2.0,23.666666666666668,3.0,3.0
011cb40fcdfa0509b60eb50e04bb6ae12beb8d5ee00d3286ea66a49430cc0725cd889e5ed70a411d5334b8b169992c24748a671b94b6e2da0e2820952edca79f,SNOW,DAYLIGHT,WET,FAILING TO YIELD RIGHT-OF-WAY,2.0,59.0,2.0,2.0
011cc3b6edca5c7f2f8a68d3d519875bf53f471b68b0cb4402a70d44b5d26bf3ef0d440fc1589320e7893c1bd5f3288d75af241b01c29139f6f3fe32fab481d1,CLEAR,DAYLIGHT,DRY,DISREGARDING STOP SIGN,2.0,15.0,3.0,3.0
011cc51fbd8b17e3663d9d10ca54baa197628f17b02241cd3b9773614e88f8776f3f22f40eaa22ceaf937019d5a731cd249846a07b6bb8c4446efdb2b66b1759,CLOUDY/OVERCAST,DAYLIGHT,DRY,DRIVING SKILLS/KNOWLEDGE/EXPERIENCE,2.0,16.0,1.0,1.0
011ccc9c0689b568c4d2e5fc0dcae452c62e2a4a4360a509b96f5178aead81eeb0f25c17a4973c9799d631257ab65e6ee70bb63146d7469f91cb9647f441df93,CLEAR,"DARKNESS, LIGHTED ROAD",DRY,IMPROPER OVERTAKING/PASSING,3.0,27.666666666666668,6.0,6.0
011cd79f38b621613ca3f3cff4253785f960c791d6f6c126900b7ebb93ac4f68b4fc744b1d0ccc6cc8e9dbd86ec470e3967d59c5517e41d5ce9237cc9889cbe6,CLEAR,DAYLIGHT,DRY,FOLLOWING TOO CLOSELY,2.0,33.0,2.0,2.0
011d17e3eb063371d1769e6ea4dec8972c0a402bd71cdf69d98fbb49bd12baee7d52a81e360146169fc52b79318155cce292f52f61cdcd970b781f25e9232dbe,CLEAR,"DARKNESS, LIGHTED ROAD",UNKNOWN,DRIVING SKILLS/KNOWLEDGE/EXPERIENCE,2.0,34.0,2.0,2.0
011d56177206d2f2c9b5205ecccf23816e3d590b77855815623ae9df00502b693b5a02796b78af131f2c8787bbdf8e12668ba25e60d8c5d10c076d2fd84c795d,CLEAR,DAYLIGHT,DRY,FAILING TO YIELD RIGHT-OF-WAY,2.0,68.0,2.0,2.0
011d597ef0ed3ca6519a215ca1c7d7d9eb298626fa1f1fdad2aaecab1fdfeb15f695be3935cbeec78feeaf35030c92b6834c5e58109c5c15e7dd74abbf0bb972,CLEAR,DAYLIGHT,DRY,FAILING TO REDUCE SPEED TO AVOID CRASH,2.0,45.5,2.0,2.0
011d6666686faf6c9985ce8a24fd76b5a5fceab9f3771ac3d7363577b6e4d696ccc49fda357da9a5f7bdad034890badef79c9578c7b54731128ef57101616711,RAIN,DAYLIGHT,WET,FAILING TO YIELD RIGHT-OF-WAY,2.0,27.0,2.0,2.0
011d7ef586e7a3f16763e1e8e8ba83199de62855f40cef986d15112dec4b60c08a1d4575b3bda62832546ee6f071e3291a0f8aeaa3f348fbfffda6a7fe4ceafa,CLEAR,DAYLIGHT,DRY,FOLLOWING TOO CLOSELY,2.0,52.0,2.0,2.0
011db15fb11eb35b7a26d1732fdd0d09fc2e0acdfe816b9950db890726711896eb7d1d9d8e9980bbc1b0afdb14de4ecd373f0ad6534bb5a3ca937113b8dc344f,CLEAR,DAYLIGHT,DRY,IMPROPER BACKING,2.0,36.0,2.0,2.0
011db43fc37937f148f936cb8bb9a8503fc3163543cc9e79446faa618e2699b64b3064db209c1c91f4926d5effdcd8ff243ece816ffd9a440bf1512f7502b326,CLEAR,DAYLIGHT,DRY,IMPROPER BACKING,3.0,37.5,1.0,1.0
011dfb6c416a8b1166077d75f79e7b853348abf3624bf36e0cb31f7af53444033a6538e1bafef604a9f4d8bc085be381e8e5aa5f33b618e61b04cb39475e1e40,CLEAR,DAYLIGHT,DRY,FOLLOWING TOO CLOSELY,2.0,45.5,2.0,2.0
011e02fa701f8c8de3147b2cd1667fadc33cc1396c9a6cff709b72cc56e08cf04757580d69dd300a45aac010cc87c9c567d2a98fbb5e943bddcb66c9229d6276,CLEAR,"DARKNESS, LIGHTED ROAD",DRY,ROAD ENGINEERING/SURFACE/MARKING DEFECTS,1.0,19.0,1.0,1.0
011e2fdc56c26a74793f3e18f1f5313bd3e01a044c4e955d005a4f22e11e60ac0bff93253505a1fb587b11aea3678e6420b1b1842917a8848bdd55c4a1406164,CLEAR,DAYLIGHT,DRY,IMPROPER LANE USAGE,2.0,36.5,2.0,2.0
011e4b7daa6387ab3d5f1b12ab7f8fabd6a9438fa5d198725833dfa299e4c7a67cfaa9d601ed812573feba4fc993f0aed451dbdd313fd50ad6e427ace08f21d1,CLEAR,"DARKNESS, LIGHTED ROAD",DRY,FOLLOWING TOO CLOSELY,3.0,26.0,3.0,3.0
011e6fbf942ce7c2cfaa3bfd1ebb0830f99ae8b40f615db2b54af1d48440d0261242b8303e34a7dfe1bf904df82c3a6d417461c216b661311c4f5a402ba86a6d,CLEAR,DAYLIGHT,DRY,IMPROPER OVERTAKING/PASSING,2.0,31.0,3.0,3.0
011e73d42c8fc81d33ce4e8a5529b080468a5c7dadc8465da42b80724922a8d9df72a06457aafcee5000e5d764a279c33c400b83f9d61f911b9fc1239a5900eb,CLEAR,DAYLIGHT,DRY,IMPROPER BACKING,2.0,48.5,3.0,3.0
011ed36c346fe87870a54fe03b67b9bd7cf18d96f9732cd49e8699f5f2cd3dee5d981ff0612caa67ca83fb10e64c4d0e032c6d22edc1912ad8eff6f38b0f57a6,CLEAR,DAYLIGHT,UNKNOWN,DISTRACTION - FROM OUTSIDE VEHICLE,2.0,50.5,4.0,4.0
011edab17348581c1beaa5b32ec8eb6bcb1d36e07f0106ea86638daf72ea95c3b540f6d4e081a39fb92a520d0b9a0e801553414ab46e83d0e85a0cd5256adfda,CLEAR,DAYLIGHT,DRY,IMPROPER LANE USAGE,2.0,50.333333333333336,3.0,3.0
011edf7eb22772635811bbde4e22e335b55321fcbd1ca7b7b219f236a520ba67d4d568d97a31b95beecf0bb016d18b6bfa5b249c6b28604c84c1f58b3399b501,CLEAR,DAYLIGHT,UNKNOWN,FAILING TO YIELD RIGHT-OF-WAY,2.0,34.5,2.0,2.0
011ee8c47fb27bf861cb3d676b67fe42e32d96448ec9f0bf93b747494fd12c6c93574155e91a5411c77790c8f07db14194ac873501704351aa0c1be54678eb0d,CLEAR,"DARKNESS, LIGHTED ROAD",UNKNOWN,DRIVING SKILLS/KNOWLEDGE/EXPERIENCE,2.0,37.5,1.0,1.0
011f114953f486d9d634edf8e0c2d2db0510bcd8f5d44721409e00ecc551672b7533b7df1f5f2a6d67952aa2c4bd296532209bc718d5108d671c79c9800cc997,CLEAR,DAYLIGHT,DRY,IMPROPER OVERTAKING/PASSING,2.0,42.5,3.0,3.0
011f1f9e09a6dc1c04ad5dcfe32aa4859469306911c65fd29ecec67258cbac63ad2a23fb35d0644777a9579c0bff08bd7d3dd467c3b7424b4c2d447ec50e80ef,SNOW,DAYLIGHT,SNOW OR SLUSH,WEATHER,1.0,32.0,1.0,1.0
011f31c30485ce0251679aa21e68b2ff9b7c5b1b58d27e0687145d16321d1979eff400f13a72b500d8b587f9f45117a82a44bf0b41deceea14fcbd7b0b79a09a,CLEAR,DAYLIGHT,DRY,DISREGARDING TRAFFIC SIGNALS,2.0,39.0,2.0,2.0
011f76f439b6669a30fd5c4edadc143d73303180b38791704fb8f83b46c6532e287dc04b87d62aa90aa4323bb5bac4573ac61cfca834c2eda83f2c1023fce8cd,CLEAR,"DARKNESS, LIGHTED ROAD",SNOW OR SLUSH,IMPROPER OVERTAKING/PASSING,2.0,23.0,2.0,2.0
011f9dd8700bacf0e34d5f4c56cad6babdf44ce25694f611ec400deb8857ced3ac6048fa64ff7c7fac2c1ce1b52b00235df54689a0ef05ceeb62730c663608e1,CLEAR,"DARKNESS, LIGHTED ROAD",DRY,FOLLOWING TOO CLOSELY,2.0,44.5,2.0,2.0
011fdf829fc0e51a216cb4efc60cef41a023d591c12b1d66844aa7be2c14c30d6e7f708d4400af701be931af2b1fe22009cba013bbfb1d547988d7c9634b24b7,CLEAR,DAYLIGHT,DRY,FAILING TO YIELD RIGHT-OF-WAY,2.0,34.0,3.0,3.0
011fe5a78abd60ae42d2aa98ece2e1854aa077bcf03748f7650ec4824ca74d77ab49f9ca159d29fdf3e0726f1397722e67fb9f56ed9a83d5568c97fc58cb3cb2,CLEAR,DAYLIGHT,DRY,FAILING TO REDUCE SPEED TO AVOID CRASH,2.0,43.0,2.0,2.0
011ff74c289c3ae75723f9488074bf134b583c78aef8bdbc37357df739572dbcda23738c91a201c8938a6c5f0cd133ce1d46f87340afe2a7198d8ac5692a0b7f,CLEAR,DARKNESS,DRY,EQUIPMENT - VEHICLE CONDITION,1.0,19.0,3.0,3.0
01203c8655a2b847d20ef5d1bc7bcae101d7dce90b19508a3207413bc59453c05ae218d695f3d9144857f54ce6e39bd0eab4709e7e773768b59659a16a26a7fe,CLEAR,DAYLIGHT,DRY,FOLLOWING TOO CLOSELY,2.0,27.0,2.0,2.0
01203de442522457d99e70f440c3dbca08c0634c587e64208c79c24adfe54a9c021c78a933aee0f7f2c18b2ac2e0a9a06c8841472c5bcbe9c26f99f98049c9b7,CLEAR,DAYLIGHT,DRY,FAILING TO YIELD RIGHT-OF-WAY,2.0,38.0,4.0,4.0
01203f10d95b8cd63efd22fa2f659f50925be277548c19b36815b38addb1ec4876ff122d3bd584b8f70701d8d9a0c7fe5074e23b0f5b54e40e8a8e7537b95aaf,CLEAR,DAYLIGHT,DRY,FOLLOWING TOO CLOSELY,2.0,50.0,2.0,2.0
01208f703a21d2c280d86d9502eaa3e2adff32caef1f92f6712f6f0a4374daefd276b3f33b09053e5e2967375d16eca6974b0d5439066b19fc15ed614bcbfcd3,CLEAR,DAYLIGHT,DRY,DRIVING SKILLS/KNOWLEDGE/EXPERIENCE,2.0,55.0,3.0,3.0
012095e3f3457340159bc95e8ef3c11c7ab89eecfdf40294273e2fae63926ce563dcd47d4b7142628b7711a3898f31fd0d90bfdc6b6f2bd8c1af7fb1bcbc2181,CLEAR,"DARKNESS, LIGHTED ROAD",DRY,"EVASIVE ACTION DUE TO ANIMAL, OBJECT, NONMOTORIST",2.0,54.0,1.0,1.0
0120a7eb6655582d0e3799c006008be535a674218201cb7b08838b2169cbed5508328a9c0b3f4eac8c8f161151e046cc7821f5172bf088b9919174b3e0d11ce1,CLEAR,"DARKNESS, LIGHTED ROAD",WET,"OPERATING VEHICLE IN ERRATIC, RECKLESS, CARELESS, NEGLIGENT OR AGGRESSIVE MANNER",3.0,37.5,1.0,1.0
0120b8dbf57a551657bc84198612b26dc18b22e730ea4e7a5923f9afca6e53527c5844b71669b06506b8c333c3f9c48d436b16194a2a0d02fe2c98c15b1ebc08,CLEAR,DAYLIGHT,DRY,FAILING TO YIELD RIGHT-OF-WAY,1.0,50.5,2.0,2.0
0120bd25be9e7a82e23f9594783a1955873de0a68df491c09f99323f834322c09018a2ed89884028465b366dfd587e8ed000a1507d4cf3ba31e02910892e578f,CLEAR,DAYLIGHT,DRY,FOLLOWING TOO CLOSELY,2.0,35.0,2.0,2.0
01211ce8c38e133dd6a50dd1d9536a284333da1ff121616b672083f6c26a19f54a47e456d2cb1cd7fea8a3e4d9a0b3699679524b0504c7d023ab9a4233556a8e,CLEAR,DAYLIGHT,DRY,IMPROPER OVERTAKING/PASSING,2.0,41.0,1.0,1.0
01213bf0af163874d119c0c510d0e200dd195922e29216365e79ee8da3cd747ad13e31bf907e723088564097b29404d481b45ae4028df9beb0b5762fe804144d,UNKNOWN,DAYLIGHT,UNKNOWN,IMPROPER BACKING,2.0,27.0,2.0,2.0
0121558e754744689868794ae943ac8d4bb094c85e599afeabc41a70e38bbb550b655b238d08e58d3e4edf4958685a6d41c544b52df7daf048032b33bebe6724,CLEAR,"DARKNESS, LIGHTED ROAD",DRY,FOLLOWING TOO CLOSELY,2.0,39.5,2.0,2.0
01217243f145f44c1a7159e83b8a6c6f1835e4719d4e0ba53d5d55ae89b59b91a2a629594eaadec4431c8938df2855adf568078a17489c1f70cba362136886bc,CLEAR,DAYLIGHT,DRY,FAILING TO YIELD RIGHT-OF-WAY,2.0,37.5,2.0,2.0
0121900cf79a13ce04b13659051155b152451711ac5682ff2d9b26ef1ab2ff50fc88ce2aa8d508e0a2b6c9266de8cf8567a9338f8cb522820b6a3e6453c7fe08,CLEAR,DARKNESS,OTHER,IMPROPER BACKING,2.0,53.5,3.0,3.0
0121c267b9ae44dc224ee647a957678f018ca3a72787f8d8ca8250bdea9823be14aae6f421803497102e231375ed59a257ce7f1de420b93c652ffd78f819c82e,CLEAR,DARKNESS,DRY,DRIVING SKILLS/KNOWLEDGE/EXPERIENCE,2.0,35.0,2.0,2.0
0121fb0a0112881d78ed61294763f4a676a7d683361157b311400a24ef8b94121a2a42a2d1cc9fa63be8f4e24f8313cfe997e79ae6b05b186a009d69bff178db,CLEAR,DAYLIGHT,UNKNOWN,IMPROPER OVERTAKING/PASSING,2.0,24.0,2.0,2.0
012212a65b85179f0a3cee576cbe9d475e790152e0a20cb4720337fe1c73ce8512c22f32fc839bb819a4431dc659a23caf340091a955009767e87ec9bae93d3b,CLEAR,DAYLIGHT,DRY,FOLLOWING TOO CLOSELY,2.0,27.0,2.0,2.0
01222a37ececc1fbb5389907a9245c60a05dd450920b24037946ebe8ce3a9d1ed0502661764aa9ebdb6480a1a0320bb34b94cfc22d183d29f7d03da8b62ed334,CLEAR,DAYLIGHT,DRY,FOLLOWING TOO CLOSELY,2.0,49.0,2.0,2.0
012240d072697c5081fd6e48b730e5eb280755f04363e6bc3464128c58e07009148fc71216b3eb97e8b950ad55f6aa161d88e1c1446633f048e5524e4d21bb4e,CLEAR,DAYLIGHT,DRY,FOLLOWING TOO CLOSELY,2.0,32.5,2.0,2.0
0122676757ca8e9e9659806ab9bd844b7cb2566d96f4c50bcf9e9c39a7b67b0d6df7a4c522f998ad304d916908b17c9a1b243dead4df3d3606e96c736559964e,SNOW,DAYLIGHT,SNOW OR SLUSH,WEATHER,2.0,60.0,1.0,1.0
01226977678446269e2eef85d2e9e7f3e3270ebbc134ac738bd1406fb6a4649e225f0b6cc6f46deebc95b1f4f55be88f9bf79e938c13965e709904924fd04ac4,CLEAR,"DARKNESS, LIGHTED ROAD",WET,FAILING TO YIELD RIGHT-OF-WAY,2.0,33.5,2.0,2.0
01227e9e900875ca5d13cf452ec2912a3bd3cf598548e24d8f9db9eb9f6b05bd955a9a58ba9011bb64170d4f5ddb49db17f1bb3268463adb1dc962180f19b4ec,CLEAR,DAYLIGHT,DRY,FOLLOWING TOO CLOSELY,2.0,26.0,1.0,1.0
0122c1637e4ae5e944d35ddd9cc0e85c89c2b639e48b923cf8752151e9fc51d1bc15af1da7c50fea29d962bcf7b227f6d5c3fc0cfc9edcdf8ac132d598c82cc8,CLOUDY/OVERCAST,DAYLIGHT,DRY,FAILING TO REDUCE SPEED TO AVOID CRASH,2.0,35.5,2.0,2.0
0123642ab1ef94211b6fb63027a75eecfef46864f9974438feb7c7228bf388c7b1ef6125aa1ddfa69936c2dfeef69b06d6af0ab761152a9d404bbd5a2ceae065,CLEAR,DUSK,DRY,FAILING TO YIELD RIGHT-OF-WAY,2.0,52.0,4.0,4.0
01237745c9641c3a3b1e7e8c826dcb61513ec237fd9a8811eb77663ed1f49e3ede3859d29be3e16d2995c558674e4bd1fd0721d9afca3f394c2408c7a44c32af,CLEAR,DAYLIGHT,DRY,IMPROPER LANE USAGE,2.0,23.0,1.0,1.0
01238956a8b8f7a4d14fd48acd58305dea8aa35dfd636edc643c6837433ac70de5c91ea656d7314687e2c33102c09bba892160596baf1e7ce2d82eef6ca63748,CLEAR,DAYLIGHT,DRY,IMPROPER LANE USAGE,2.0,63.666666666666664,3.0,3.0
01238ff42cacea74a6995bff03d0bddb29a696a6443df25b6411edbf3c92e92d050084d0d1fc85051dc045ca38cd47ebab6096218e2328cf13f9017e6877d8f1,CLEAR,DAYLIGHT,DRY,FOLLOWING TOO CLOSELY,2.0,62.0,2.0,2.0
0123c3b99f83d0fb35febb0bf523404c9f027b7e467fc4dbcb349ef6f6b89ec519ba66531eec56f712f720a61a97543df0a3c0b15f1a9df3337b1e6fce9c5b2a,RAIN,"DARKNESS, LIGHTED ROAD",WET,FAILING TO YIELD RIGHT-OF-WAY,2.0,22.5,4.0,4.0
0123caa85b4a0ba80000c7d6d547bdfca2c47ea6d93c13710cf54cb10f118306bc7323fa1c47e91a6aaa7c22ff0fc8dec6b104763edf1527fd6be9ffe0395678,CLEAR,DAYLIGHT,DRY,IMPROPER BACKING,3.0,37.5,1.0,1.0
0123ecbde1a7e0b8f66f3572ec25dbd0d93ad2c6adc7fdfa824630e5b793b6b47671abc4dbe7c01fd75af18d5eed8b6e9291d992cf05144f258c55698c827edd,CLEAR,"DARKNESS, LIGHTED ROAD",DRY,EXCEEDING AUTHORIZED SPEED LIMIT,1.0,39.0,1.0,1.0
0123fd7efe7980910e846104354c317e985c7a69c3525d995f4508bd240fee4fde844bd2740a5f3f4df0e0334a799070d0beca2ed1a0c58b365d661a1f8acdc9,CLEAR,"DARKNESS, LIGHTED ROAD",DRY,FAILING TO REDUCE SPEED TO AVOID CRASH,2.0,29.0,2.0,2.0
012412c4ab015d6b33fd697bb7fbb8575b6c70c54db946938a2b2a1e4143aa7be0788c4e1982a96adaa5385ebf287189eb9942bb8d0afe4075cc87cc7ff631b5,RAIN,"DARKNESS, LIGHTED ROAD",WET,FOLLOWING TOO CLOSELY,2.0,35.0,2.0,2.0
01241b81297cdd0c0a6f043720876a34d90e240a791472566b865bf3808b04e9bd8ae687a0fb01a0602bee0b5e7c3e80d4313cab1c0a99898740b3b3a9083ba0,CLEAR,DAYLIGHT,DRY,IMPROPER OVERTAKING/PASSING,2.0,81.0,1.0,1.0
01243417dd369cea1450626a56371c372142ee8607d07066445ef35692620ab43dd9ebea407652709831c517df5350e279cdc84090c80130788aab229d0a5bb1,CLOUDY/OVERCAST,DAYLIGHT,DRY,FAILING TO YIELD RIGHT-OF-WAY,2.0,39.5,2.0,2.0
0124ade7f3ae1c1a58777e8a2f22274294a9b96abff8135895735486b45ed61e23402ff2ada0bade69879e9acc08498db6330405646b825ec369c0d728ed8b12,RAIN,"DARKNESS, LIGHTED ROAD",WET,FAILING TO YIELD RIGHT-OF-WAY,2.0,26.0,2.0,2.0
0124c876fa9fef9d1d0592e830ac22eeb81ad8271c026b35c79212817654afeddb93d203f136c56b580e0d74a87c7d6c5f0efd28e5820b75390c49f47f6b6298,CLEAR,DAYLIGHT,DRY,IMPROPER BACKING,2.0,24.0,2.0,2.0
0124d02c5dda9d83cbdad13cae3971857f010be8ea00097c436252fcc8ba694da2f4481102d88ee0b9bccd9b85daf8334c62e5fb728c89975ac07025105f3767,CLEAR,"DARKNESS, LIGHTED ROAD",DRY,FOLLOWING TOO CLOSELY,2.0,40.0,2.0,2.0
01250ac84c643e3711970bcd0cd563c72dacdb381fc728136b9de4827c6543d9256990da5ff4a2c1ea27b888dedfecc4541b4457a004f9baa22802321d44d0ae,CLEAR,DAYLIGHT,DRY,FAILING TO YIELD RIGHT-OF-WAY,2.0,27.0,2.0,2.0
012514946267ec3517323547ae7200013f5739f2442eeb3e82a12cacac368b2a92856cf0b44dd124d8928c0c87ae9d2634d31a6f6ca54f57212ce2791991390c,CLEAR,DAYLIGHT,DRY,IMPROPER LANE USAGE,3.0,37.666666666666664,4.0,4.0
0125193191ad8fefc169b039a1b6fc05e6a28ee513edb04f11732f49e19af3a50ad1666059df548f092ec5b2ea2e241ec059607128f087f9f2252520e90f3638,CLEAR,DAYLIGHT,DRY,IMPROPER BACKING,2.0,23.0,3.0,3.0
01253c6321d09ec428088269dad9f38dc8f4945cd8401a83b2bd4aa6f42d086ef9e2e5ee4233e3b5969af146267f2d10df54bb047e30e42a21e717ed1cb2c889,CLEAR,DAYLIGHT,UNKNOWN,FOLLOWING TOO CLOSELY,2.0,49.0,2.0,2.0
01256c4e9202142b60e8ec6aef9abe84cb90da5ebcbb6f682646f8d1cf1507f625a57480614e32c4b6edb3aaab29ee3150efae19839442839ec538174c2723b9,CLEAR,DAYLIGHT,DRY,DRIVING SKILLS/KNOWLEDGE/EXPERIENCE,2.0,35.5,2.0,2.0
012597592f25de7e47b3f413af5b504e21d604432955ad731613a17ef39f226d585d64d859cec981ee75b9a144d59a946ec6670b52566acf05f893593318a081,CLEAR,"DARKNESS, LIGHTED ROAD",DRY,FAILING TO REDUCE SPEED TO AVOID CRASH,2.0,37.5,1.0,1.0
0125aea22f8b6600d412bbb2d33b46dfe6be8a0c8bafae9f02000ed5844cb0df1125ec15951ecbb2c7afb2e71ca8736da15c8ff402a1da60e5458025b6005bb6,CLEAR,DAYLIGHT,DRY,DISREGARDING TRAFFIC SIGNALS,2.0,14.666666666666666,6.0,6.0
0125b2f0d1ab4a70f2602c8014220611963b0d369afbaf588c88c233f8bddbaea6f7860ad4bdad55253316caee69e7e43b8dcd7583eb7f8aa6949399a8198926,CLEAR,DAYLIGHT,DRY,FOLLOWING TOO CLOSELY,2.0,40.5,2.0,2.0
0125b457f85907afbd58ad31e8d668ef71ebc85274a027e70a554b63fba41bc8d7a05580503e3f335675bd44189c454ab2da67ab874e8e91433fe4832df6fee1,CLEAR,DAYLIGHT,DRY,IMPROPER OVERTAKING/PASSING,2.0,60.5,3.0,3.0
0125bc12d037225e6def8ed45375d6cefd14569be982beab639ae798cb1593fb5730f96c80c4cfb3cf8f22c6c52f56bfc4f0f4c65a89b1533897fd51dbe235d7,CLEAR,DAYLIGHT,DRY,FAILING TO YIELD RIGHT-OF-WAY,2.0,34.0,2.0,2.0
0125c031df4202e5f4de621323b0bd9197977f6425cbe8fd7120ea482807d646b77411c1954eb2865d3b4033a246b146fa3d984428b9c12187a07606605553b8,CLEAR,DAYLIGHT,DRY,EQUIPMENT - VEHICLE CONDITION,2.0,53.5,2.0,2.0
0125c6ae18eb9649673c4173f2b2a067c1688df4a2d6554c504f148817dda0d60ee6da2dc9bfd5faf1a177351bd584ebeee740fd6e6ed78c9b692202d481bf6a,CLEAR,"DARKNESS, LIGHTED ROAD",UNKNOWN,DRIVING SKILLS/KNOWLEDGE/EXPERIENCE,2.0,42.0,2.0,2.0
0125e27c05b02c73afc66d95efc39c80fdace1bd323fdc5ec53916da26d929a756712193ef9d651109d4c01cfc5bd6fc5808cd70cb647022ec0e6c622f97b49a,CLEAR,DAYLIGHT,DRY,FOLLOWING TOO CLOSELY,2.0,31.0,3.0,3.0
012618108e2df088485e86bc1cf9c1989719e6a19f84b0a76397e318a63074cbebd0772eacff8b6342887764c1b116d4b020d079ffa1f6adfd9b3746e043baaa,CLEAR,DAYLIGHT,DRY,IMPROPER TURNING/NO SIGNAL,2.0,41.5,2.0,2.0
01261aa54305a952de3dfe9b5965c4aef187abf64468179b04de4557aa297b04bd29f4696f07cf0bf21a9f26e80f0b740b96f82a1fbdba16c11e79fa3e1c797a,CLEAR,"DARKNESS, LIGHTED ROAD",DRY,DRIVING SKILLS/KNOWLEDGE/EXPERIENCE,2.0,45.0,2.0,2.0