crash_record_id,weather_condition,lighting_condition,roadway_surface_cond,prim_contributory_cause,total_vehicles,avg_driver_age,total_people,total_injured
01263a04bc66e183f2e1656323c114d22639ec46a41282e9f24d024f97e48987097f28ed4df772dd4c1fd2c31d8b48b17a18c58eb073620a6f53ce18acbf8354,CLEAR,DAYLIGHT,DRY,IMPROPER LANE USAGE,2.0,29.666666666666668,3.0,3.0
01265bff0dbfbafd58982a361a97b178610bf57b3ae8c792b54cb444ceffa9c0b463d3cda21ed4f628208e9777913724f6f2326a8d766f873f938705711bfe3f,CLEAR,DAYLIGHT,DRY,FAILING TO YIELD RIGHT-OF-WAY,2.0,22.5,2.0,2.0
01266b334b5bac284c9f81afb122844d1ed4f8d14bf56dcc0d7b009915177f3731bf86b5fdbb611a05164b07e40a32490a2b54ad133a2586283d2f97b025aead,CLEAR,DAYLIGHT,DRY,DISREGARDING TRAFFIC SIGNALS,2.0,21.0,2.0,2.0
0126926d87725748572b74ea57051b1311cef5f4bc16a428b5dbb7c3e39373fb575bcdbb7791eacde9ef2d27eacc539abab9f2901c20d067ac631321fcbca023,CLEAR,DAYLIGHT,DRY,EQUIPMENT - VEHICLE CONDITION,2.0,46.5,2.0,2.0
012694c545236a6a01425e54ed144569e06acb3f98df78f40c0896798e5113b57386049068597499e79b56f72a13e0c18c9ec5acfd47e2b4db7dea0b1f48f5ec,CLEAR,DUSK,DRY,FOLLOWING TOO CLOSELY,2.0,25.0,2.0,2.0
012696bca1650e49f92441b9af9b46bdd95c3f99a072c996422901fb6d9ca50ef50c5cd7e2ae951980bacc09dedea00396e046ac4ff3c518acc4994ba6e99255,CLEAR,DAYLIGHT,DRY,IMPROPER TURNING/NO SIGNAL,2.0,24.0,1.0,1.0
012697f710d44f52e05f3ab62fdbf7bd820d09e354cac87bb8123b7037ec6a013efdb87dd91b8285100537461b26dc0aaf7db96a1d38859bef517e370f72922c,RAIN,DAYLIGHT,WET,IMPROPER TURNING/NO SIGNAL,2.0,38.0,3.0,3.0
0126dd878b3a6eabc5ad0dcb53190de8e8718b3405d460232047e75c261ffb1cb2bfc9802941102a8e8b7fe53574bf76f537025785a5ccbaf0c9b98c6036be1e,CLEAR,"DARKNESS, LIGHTED ROAD",DRY,FAILING TO REDUCE SPEED TO AVOID CRASH,2.0,26.0,1.0,1.0
0126e2cbe46418b95bda559cfc6e5de7b062ec42890f11eb977eaee19caa9bf77046b065680a9d403427812a016e31f617d7b6722b0ef59cd573aff81cb1e02a,CLEAR,DAYLIGHT,DRY,IMPROPER OVERTAKING/PASSING,2.0,47.5,3.0,3.0
0126e5218d47ecd5275200f60d643b8889bc92e94c0dde480b55c2bede414a40a9743201c676cb9820abdf06b2ee8c5345321051072dc1ecb13e9a210c649a04,CLEAR,DAYLIGHT,DRY,IMPROPER BACKING,2.0,27.333333333333332,3.0,3.0
0126fb630124e768f495aee07296dbfa23c554c371e606ab5b4b7f3e98919977e8e7595e3fdaaabc61075dd7e14bd9ddefa60d89c4ac37a8fa538c6735a0501b,CLEAR,DAYLIGHT,DRY,IMPROPER LANE USAGE,2.0,62.0,2.0,2.0
012713bbc1b8ffeaec4de171ecff9c26ede8a513a59ac5a7950702428144f79c067fd069df15102093e6580a4b574ee6dd199d2767b0377c262d0cdfbf640b14,CLEAR,DARKNESS,DRY,DISREGARDING TRAFFIC SIGNALS,2.0,49.5,2.0,2.0
0127425193e8a5871ad2a708079cc19ba36e448a474933124f34e5e2d34be4aed8dbf8d22812f2d1c0e5503d77bb9cd34ec5ed4721701a01c1ee13191c064237,CLOUDY/OVERCAST,DAWN,DRY,IMPROPER LANE USAGE,2.0,38.0,2.0,2.0
01275d675d05ce2a7e74a78c322e01f9b8f12d3f4850f552a03b91fba0d642968aa18c78e5f07b690fbecfeb5ebb729fda3309a32c4727966687aabd55a9c0ab,CLEAR,"DARKNESS, LIGHTED ROAD",DRY,DISREGARDING TRAFFIC SIGNALS,2.0,40.0,5.0,5.0
0127b2bf0a49faadceb72475c4a7c0e970287e44528fddc32f1f9ad18c2e070e37c774445ed90d2f7682e583b7729da9a1a4ec3821825478d2f54761608d4194,RAIN,"DARKNESS, LIGHTED ROAD",WET,DISREGARDING TRAFFIC SIGNALS,2.0,41.0,2.0,2.0
0127c74d94c02cfd01a4f4792a566e67358c6810094e7775dc20a0f7a1e4ca62b7ea85a91eacff44d3e1d6bc3d92c4f13868ee6326c1e127fe1bb250d59fdadd,CLEAR,DAYLIGHT,DRY,IMPROPER LANE USAGE,2.0,57.0,2.0,2.0
0128133e7c2ac053f4d149d9fdc6cbd10a3b1d7711921cb97f54df47816c71032098e68477a60da72f51fdbfa8b3173a7be507074f957e6aca0f845b0a80d7d1,CLEAR,"DARKNESS, LIGHTED ROAD",DRY,PHYSICAL CONDITION OF DRIVER,2.0,44.0,1.0,1.0
01282aef3c29a2c79349ae023a41447cfed3713847c49a2bbafcc527db44a0767dd5bae6b99d5241ed8d75ed63a37ddfe10cfbc5def4e958f90c167cf12b037f,CLEAR,DAYLIGHT,DRY,FOLLOWING TOO CLOSELY,2.0,30.666666666666668,3.0,3.0
01283b822ad4822066db1ef62799d4ee179c7b793d3cc9b34e12fa9f0678b787d5a5eff74319b1f9cc540b6ffa0c3d92f826c659e9306cf26df6fcab161e1828,CLEAR,DAYLIGHT,DRY,DISREGARDING TRAFFIC SIGNALS,2.0,57.5,2.0,2.0
01287035a27ccec52c5005b3ff11a00e169136e03966b174175281e723f7ed8032c0c67dbbda2b2f18b9a0d644afda3d4a46d73a9be193ca919a6647e0b0c8cd,CLEAR,DUSK,DRY,IMPROPER OVERTAKING/PASSING,2.0,40.0,2.0,2.0
01288df576ef1619f6c994366254b876610bfe74dd9af06a6cb4e2489ba736da973a5cede0e694cbb0ab97552030a3fc8caf7956816208f2374ea35106ea60df,CLEAR,DAWN,DRY,DRIVING SKILLS/KNOWLEDGE/EXPERIENCE,2.0,47.0,2.0,2.0
0128d177fe22309d6511163e060cf021d0aba0f4ede9ebd4e1dffc884bb0322e94241f9bc782e648611ddda0ea2dd60b2b7e1ad16063b95ff813dbe34fd23000,CLEAR,"DARKNESS, LIGHTED ROAD",DRY,ROAD ENGINEERING/SURFACE/MARKING DEFECTS,1.0,28.0,1.0,1.0
0128eb904762c91cdcd4b65aaca663039271b0243a2e94d89ce21b5324338c9e2e17f169e7486f911f5abf44f8b818ec4cd3bd76fa0296d97872612b8b0705e8,CLEAR,"DARKNESS, LIGHTED ROAD",DRY,IMPROPER OVERTAKING/PASSING,2.0,57.0,3.0,3.0
01290a8e0ce6c6cbf3e534b86d5b522fba76f1026ecbc2cc991d726380e836549e8591f42dc02c5258201a30328d8e8554d98ae826c5b46b452bd52922d20790,CLEAR,"DARKNESS, LIGHTED ROAD",ICE,DRIVING SKILLS/KNOWLEDGE/EXPERIENCE,1.0,41.0,1.0,1.0
012918fd97707affa3f62b1a176af741745a56458a9eaf13c0b46e3d9caf05e26269dd3c743c52e583a91c8b79d8ed17922eb91f60e4a18697dbd709c76117f7,CLEAR,DAYLIGHT,DRY,DISTRACTION - FROM OUTSIDE VEHICLE,2.0,37.5,1.0,1.0
012928cd1f6a4cce1e88adfd3bcdbe62bfcb519296270ec00544f6640c7c1232f831ce4c2d215b2b3c7c2f98b793474c2edf880552b821f62dfcc336ffa70825,RAIN,DAWN,WET,FOLLOWING TOO CLOSELY,2.0,51.5,2.0,2.0
012935b81c79c60b1609af5ae405ff1906c973514a01c7795a5240894c1e425ad998f40a200bab17c29ae704e7a41e21dd9d2bdcbc483b4cf71a26b82ed0b3ce,CLEAR,"DARKNESS, LIGHTED ROAD",DRY,FAILING TO YIELD RIGHT-OF-WAY,2.0,22.666666666666668,3.0,3.0
012936e9168f9c4f254c1b55b69031686d296262baf6d19f9774173bfcfbb60817d056800f989932d83e72890c167d8694703acaa47bb76fcb8cb0ea707e6966,RAIN,"DARKNESS, LIGHTED ROAD",WET,"OPERATING VEHICLE IN ERRATIC, RECKLESS, CARELESS, NEGLIGENT OR AGGRESSIVE MANNER",2.0,37.5,1.0,1.0
01293b097524ddc3f765447f7314823594af8f8434d1453c6e81fcd5004925fd548c1129f6788e5e4ef2edc4d564c9e56577e907a234473b0009c8da73e5a9c8,CLEAR,DAYLIGHT,DRY,FAILING TO REDUCE SPEED TO AVOID CRASH,2.0,51.5,2.0,2.0
0129559f0a545b8265eb50564591920d6a273c2ef8ad0414cdbd660d39df9d84255fd8e4b98b9d0a3467f0915d4f14935249f93e9e13cc02b56c4289ef152484,CLEAR,DAYLIGHT,DRY,FOLLOWING TOO CLOSELY,2.0,36.0,3.0,3.0
0129622f1d8a94fad8ea66aa61eaee4d72ae2b5a886c3d3852d69d03409525d77c7f8e405b1ef9061de1d031b87c45191f7c75cf37c59d1dd9c9703e2a0a6c22,CLEAR,DAYLIGHT,DRY,IMPROPER TURNING/NO SIGNAL,4.0,47.0,2.0,2.0
012996880a621057149a0181f21549a249140a780df4bcc1064149545bdb71e4d6f9a3062b8c8114f9ef2f39ce6a05659553d87fa36810875b6fec727b2b5e48,CLEAR,DUSK,DRY,DRIVING SKILLS/KNOWLEDGE/EXPERIENCE,2.0,44.0,2.0,2.0
0129a6820165b85ad02d12152d606e6aed5ce8ab83c4d059f7be850139b1de945cd5e0b63d67de69563bb9b4bbb87c2241d022c80b3a66a21b6409c1b734aca8,CLEAR,"DARKNESS, LIGHTED ROAD",DRY,DISREGARDING TRAFFIC SIGNALS,2.0,29.0,3.0,3.0
0129e80db8b636062da31be42fd96eeca227cca0ebdf38b3aadc342bac7cd24cfc668031d95af1e33a475b85dcc80b06487b6a58221f02f0dd414920bb27648b,CLEAR,DAYLIGHT,DRY,FAILING TO YIELD RIGHT-OF-WAY,2.0,39.5,2.0,2.0
0129f38cb4a7020f61e950a0f5777966bfc22b6371b36fa7426c598ea768ace35ab79bcc42f8c5c5cc6e8a4f49e2a4aace2b759f0d97ca5ff086b6fc03c4563f,CLEAR,DUSK,UNKNOWN,FOLLOWING TOO CLOSELY,2.0,27.5,2.0,2.0
0129fd91debf61331205f1ed8ca06147f4449f6983f3824bdb062368b227b182c2eae3f94b6c21d80a0059e405eee61911c50d1a7d694b1b3c46b3d588b0b328,CLEAR,"DARKNESS, LIGHTED ROAD",DRY,FAILING TO YIELD RIGHT-OF-WAY,2.0,23.666666666666668,3.0,3.0
012a48ef690a8a96071d78ff92e4c09cc5452161475bebc8e219ef59494fb8fae3ce1fbf40315af3d527cc8a83c9820d000fb2f3306d3d42c8c4874f83564555,CLEAR,DAYLIGHT,DRY,DISREGARDING STOP SIGN,1.0,48.0,2.0,2.0
012a4babb816349493ac73968c3a2ef3f4a1a1c9ff2a30d846c109941e7d80088c7626bafbc266b5d57c76bd68afe0c9b0a789d6e887a15c4c23ad3fe2ab1dda,CLEAR,DAYLIGHT,DRY,FAILING TO YIELD RIGHT-OF-WAY,2.0,52.0,2.0,2.0
012a74c9693f19fc186a14d18c1f7b78abd60be4cbdc79e4eb3ffd55bfff2568ce86c99aed2d8a4c5fe7387c92daa24580f3f3ba3d5f12e5a0c03aa5456bdecf,CLEAR,DAYLIGHT,DRY,FOLLOWING TOO CLOSELY,2.0,59.5,2.0,2.0
012a8ccda0cdb1ecd44ddbbbde3cf0022971725524859cd1d2f3c8165e2013a9e180520de4446c72db862c2bb5acd920dfd51845e99f46949d2101e14112d368,CLEAR,"DARKNESS, LIGHTED ROAD",WET,WEATHER,1.0,37.0,1.0,1.0
012aa562ed59e447a0ef141962bf61274f503bc8a74fee47d4152b07280c06d20306872a12241ef55c3a6ad68414305b984f8ce75b38b11eb4c2844c2040cb74,CLEAR,DAYLIGHT,DRY,FAILING TO YIELD RIGHT-OF-WAY,2.0,33.0,2.0,2.0
012aeb34ba7410d15f0b9ae8ece346c2c086618514fac72ec6df81c144c8b533b47acb8d6807aa1173a45a22c254287ad9903b3f3f231c740a334aa6316aef3a,CLEAR,DAYLIGHT,DRY,FOLLOWING TOO CLOSELY,3.0,49.5,4.0,4.0
012af484fc9938bca2ea2b10cd28e5ec18b7e359769d0d93992b2cd02c6200d800e382f3c6538f0eb3923ff861562ded99cada285806faacba29de290a6fc9a9,CLEAR,"DARKNESS, LIGHTED ROAD",DRY,DISTRACTION - FROM INSIDE VEHICLE,1.0,30.0,2.0,2.0
012b49ee6d148aa41a6adb76f2d3577fe37310d075b7e7d945c9c005aa4157274cc0b2ab9110671d3c1943ffc2301d38d85b50bde18c82af65516ff42b841573,CLEAR,"DARKNESS, LIGHTED ROAD",DRY,DRIVING SKILLS/KNOWLEDGE/EXPERIENCE,2.0,37.0,1.0,1.0
012b6080b681aa5cb6c3152e45f618274af058c23076ccf76306e7edae6169f1fb30e37d3f85b9a803290916b94a1a07c80e6b22fecce3393c9a304889694153,CLEAR,DAYLIGHT,DRY,DRIVING SKILLS/KNOWLEDGE/EXPERIENCE,2.0,53.0,3.0,3.0
012b74a8e640f777409ed315c471c2f64a1dd2dc6bbba1ecc87564c7b45d4d7852883e360ae857ed0aa1a6ca07399eff8a1e197eeb212114fc3c54a1e260849d,RAIN,DAYLIGHT,WET,FAILING TO YIELD RIGHT-OF-WAY,2.0,50.0,2.0,2.0
012bb7d022076646c4b8df69897812b4b5c638afe8b2595fc835c49543a8a5aa71de2d3cf72729ed40e71dc7d75c9eed1b48635c7effbeef3078d534965d5fc3,RAIN,DAYLIGHT,WET,EQUIPMENT - VEHICLE CONDITION,1.0,66.0,1.0,1.0
012bba933a8efc52d68ac257e6c9a2e18f9dcb4822d273ecb40252d0937e759fdc3c0013edce9577970e5572966313d792795c6a7e44d7ccd34a5ac422a04334,CLEAR,"DARKNESS, LIGHTED ROAD",DRY,IMPROPER OVERTAKING/PASSING,2.0,46.0,3.0,3.0
012bd905e629809fe17b699767457d3db1070dcdd947afff7fb7405e3c5ae11f5f059dc1fbdaf62ad8abcc3d751db3ac5ddaa5e3d454489b934b6154370e6dba,BLOWING SNOW,DAYLIGHT,ICE,EQUIPMENT - VEHICLE CONDITION,2.0,35.5,2.0,2.0
012be355003e2b39227711d849b9910b7089ebaca286681bc0ea589d5dbb795f6ac0dfee225b209952db17d720f7a16659cffd77a39dbc52d21cbfeeb4e94768,CLEAR,DAYLIGHT,DRY,FAILING TO YIELD RIGHT-OF-WAY,2.0,44.0,2.0,2.0
012bed8ede0ccbbdfe467959905a438799f9d27acbfa22d98fe2c24c4d21e151a831d2e5b71ced8a67f12c0180a33e1a1f9eb2f47fc9a98aced383a2cc4710dc,CLEAR,DAYLIGHT,DRY,FOLLOWING TOO CLOSELY,2.0,55.5,2.0,2.0
012c1bb942061244e542f0e9313d0ae24d7b89ae7dc1e6ddccd9cd833451af1cd8eb379948cbba269a263b1e6e3f35633a7d8a542d6cb56ef9dc89fe83e6635a,CLEAR,DAYLIGHT,DRY,FAILING TO REDUCE SPEED TO AVOID CRASH,2.0,58.75,4.0,4.0
012c3bef7f58c1dfafd891472470bb8c895dd2320b7a3c5c2717aeec6f8842dcde98affbb60bd624c954bfb5e14a4fbb9e56930152c30ff4b90b1bb2bad73827,CLEAR,DAYLIGHT,DRY,DISREGARDING TRAFFIC SIGNALS,2.0,53.0,2.0,2.0
012c5bfce715efb2f2b387d6dd86f9c13e9dc1809fb52ac71501da6110fbd95848a4f380e1b553f8dc03c70f782e85adb155ab97cbeabef83ba76d390c21f535,CLEAR,DAYLIGHT,UNKNOWN,IMPROPER TURNING/NO SIGNAL,2.0,42.5,2.0,2.0
012c6c96e22b717a44733591b6907a7680222256c27f89b838f3d15e407cd63563d9097331041cd8e89261e3a66ad3b6b248c200cdae0b12e3da075b7e5c4d52,CLEAR,DAYLIGHT,DRY,"OPERATING VEHICLE IN ERRATIC, RECKLESS, CARELESS, NEGLIGENT OR AGGRESSIVE MANNER",2.0,18.0,2.0,2.0
012c789f353bf95bc1ec40f3fe9a1e02dc96519fedcf3590ab670377cdc1dd7cdf1e17153e05bef3a46193206c208bc82537a2a1995fa0b5c84fce9ed401ed09,CLOUDY/OVERCAST,DAYLIGHT,DRY,FAILING TO REDUCE SPEED TO AVOID CRASH,2.0,43.5,2.0,2.0
012c7a7500f520f23c0d4e423fd9b4379aebff4eb89b87028040f257306ef007b8580ba33974e83487e3d2ffa5e2b2fa59c66bca671259335c7bef123af7a386,RAIN,"DARKNESS, LIGHTED ROAD",WET,IMPROPER LANE USAGE,2.0,41.0,2.0,2.0
012c7c4f883d50721f2308b662ffde7997f9252edfffb1e9df2b99db99525ae5e973986e9f44cdba8acf28b995d30c72535c141c10f479c294f06d2b4375e93b,CLEAR,"DARKNESS, LIGHTED ROAD",DRY,IMPROPER LANE USAGE,2.0,49.0,2.0,2.0
012ccd8c54f086255bcbefb76ca81f051fbf215c93637b437d436de5bab9843ab3ee1aebb95427baa2fad5c430c6be2bcfd32a97f1b85e37c41d81d4a911582c,CLEAR,DAYLIGHT,DRY,IMPROPER LANE USAGE,2.0,42.5,2.0,2.0
012cd0fe3927ac43c79271b1decfbdca759ca6c6f6a52b334a642c6efc3ddb013fba849e09e087921d1bd752021b459cdd3126254e5c5a4699289ebefe249b18,CLEAR,"DARKNESS, LIGHTED ROAD",DRY,FAILING TO YIELD RIGHT-OF-WAY,2.0,61.0,2.0,2.0
012d1816d4106c53fecf3c7076147a09ae3d5bac5d4faa5cb3c20c6e5265cefa75dce405f8675ad85ed6e9b78a90de7f7133855ba3689f6e0e3cf702f1818563,CLEAR,DAYLIGHT,DRY,FAILING TO YIELD RIGHT-OF-WAY,2.0,57.5,2.0,2.0
012d4fe6b7228da7265b0593c57c45853dfd7dd9ec2916e93a86009c8adbaad4ccee38ed4e62b020ac825c3c4448b222e56392a8b0a95bf69b7082e8dfe492a5,UNKNOWN,DAYLIGHT,UNKNOWN,IMPROPER TURNING/NO SIGNAL,2.0,33.0,2.0,2.0
012d8a63ccf362651e5bc25cafbabad97ea7a08cfe827de2807a00c77ac0e383b1e062feea4883d6e9c4bb2a47e044bf7212fa93aa5aae6118565f6b25e42b3f,UNKNOWN,UNKNOWN,UNKNOWN,TEXTING,2.0,31.5,2.0,2.0
012d9d554c8f1e33e162b4436dcba3333b8f4f3eaf4dd6124bd18f9be1c15c9baf00d921b3c3da598e5f2f1e585bd309055f14b2e299371ad4e5ea802095b1bc,SNOW,DAYLIGHT,SNOW OR SLUSH,WEATHER,2.0,52.0,2.0,2.0
012dbd6858b1b1e4088d2f5e3cb934493544dd6512413fefb5abe3693a6d8dcd5e5f0cd5825aed2bd7a09875d0d781287a9763899303708f4900406c1b0870ef,CLEAR,DAYLIGHT,DRY,FAILING TO YIELD RIGHT-OF-WAY,1.0,36.0,2.0,2.0
012de27d4324fca2f9a985f617bde4c8d25a7e7cd7aa0cd82ce63e165e8ff6d170c7f81793c818a8ddcf35337ac3696889a010b93be0e2dfeb2f2090b9c41a95,SNOW,DAYLIGHT,UNKNOWN,IMPROPER BACKING,2.0,53.5,2.0,2.0
012df8169df80ed7cdfe8c6844e40205883dc02ed96909ef873e644b097c73b3b2c1c403bcd155451fc375bc04172deb5f9cb356637050046075fe2a95cfd167,RAIN,DAYLIGHT,WET,FOLLOWING TOO CLOSELY,2.0,30.0,2.0,2.0
012e20a6cd8a3698a0fcf63282f1aeeccaf31dcde4b36751bdf010c731b8c3b71bd32b81eac934b554278b3026dde14992e265ef1fbefcd81fb47d5e5d4e4769,RAIN,DARKNESS,WET,FOLLOWING TOO CLOSELY,2.0,60.0,2.0,2.0
012e25a566215a38cea9e4280c4e569ec82aeab1c149b08eec5a240e3f55fcac5247739fb134a62d693f5985991cac6b03ae7a7c319e5ab17cb98f7e65224945,UNKNOWN,UNKNOWN,UNKNOWN,FOLLOWING TOO CLOSELY,2.0,44.0,2.0,2.0
012e41ce9872d2b9507fb6a43c08306bb57c29f6c965c07ad3f8c54c4acc7c0709f3dea8c615c2229c16fa1f0ecff1007b0b9d75cc0ec15504b88075fae1a7a0,SNOW,DAYLIGHT,SNOW OR SLUSH,FAILING TO YIELD RIGHT-OF-WAY,2.0,56.5,3.0,3.0
012e458e0147e5d301c5511ab4463ffe711787b0174385535a14b31a51ab6f091d29d9d53883da1efaa35756914770c34b7d114ddff1d60d62aa228f9ca2a268,CLEAR,DUSK,DRY,IMPROPER TURNING/NO SIGNAL,2.0,65.0,2.0,2.0
012e5b3161b698bfc7ba206e5dfa31893abb2ef6380c468cb86fe9a0506f372af29ac66920a071ef4209f633e5bb50293753c5f35fd9106d7eef867634f9552f,CLEAR,"DARKNESS, LIGHTED ROAD",DRY,IMPROPER LANE USAGE,2.0,17.5,4.0,4.0
012e5cc02be96d4b24023acca8930f0f6014a76627a629f4644837ed75b6cb304aa4b18a3897fb8a78a3ce49cb5d1655034ada24cedc43277ee2058e77404908,CLEAR,DAYLIGHT,DRY,FAILING TO REDUCE SPEED TO AVOID CRASH,3.0,21.0,4.0,4.0
012e62c72ad1f177fb85e50c38cc5fa8663e76b283a1ea432cc22862f78220fb7393bf45f311b62e73badf7b1f5f6c3042f8717dd960f5149a9e0bb8c3303555,RAIN,"DARKNESS, LIGHTED ROAD",WET,FAILING TO YIELD RIGHT-OF-WAY,2.0,28.0,1.0,1.0
012e6e286533da13506a5638522162863e346e64aadec4e7e6881cfd876aeb66c245a5ad36bfab0b16213b0eddda4cc14f5434754c485730d645be6f2df4800d,CLEAR,DARKNESS,DRY,IMPROPER TURNING/NO SIGNAL,2.0,17.5,3.0,3.0
012e9bce44b8afdbf622419065b4e710f136127686c3875d107e7469827c48224284a11eaaf1aa2b8091252d86341b4562818a20b159d717e4dcb62108ec34b9,CLEAR,DAYLIGHT,DRY,FAILING TO REDUCE SPEED TO AVOID CRASH,2.0,73.5,3.0,3.0
012eaee03c25b604beee3abf69387302a027ae646d70355ed9cff8c0e4e8b239eee9a52c3e9b468dc52433d5279bc1e84ce13ea47d31c55993ef8cff11a3f139,RAIN,DAYLIGHT,WET,WEATHER,1.0,54.5,2.0,2.0
012ec97006e6907c8043ad155e52555b9813aa1cf9310e4af53aa07363f0fd4096a4d0be911c50096866db40d3dc3d020cee5f3c9210fcf5594b1154d4c98a86,CLEAR,DAYLIGHT,DRY,DRIVING SKILLS/KNOWLEDGE/EXPERIENCE,4.0,49.333333333333336,4.0,4.0
012f06886dffcbfe8a56c72c1b0b3b22103ce417ec34b15b548d5387ef46ca20ea6bd3451144c14b9e482c7fbe25ffa146802a8d3dd8987a1e08788d2288c289,SNOW,DAYLIGHT,SNOW OR SLUSH,FOLLOWING TOO CLOSELY,2.0,42.5,2.0,2.0
012f0e85941af3ed53e800bd3fb2dee18f91b068812fb5f931ad89a6edc52a1d63643e6b4fca93cd8ee5e7c16656750a69b308cb5a44849cbf03884625422e85,CLEAR,DAYLIGHT,DRY,IMPROPER OVERTAKING/PASSING,2.0,37.5,1.0,1.0
012f14c5a1fcab9025cf50fc8d2897310a0d107c883cf5739c03e2f32e6ff99d0103cb6f51563f41c2ab55cdcbf14cd375cff32daadc2e39459257d3cc814a93,CLEAR,DAYLIGHT,DRY,FAILING TO YIELD RIGHT-OF-WAY,2.0,42.0,2.0,2.0
012f9efd9bfbbd8e07178bf381343f1e22b638d25ca69de4c9a30505f17c8e9eb94a23c14358e51c7a74bca979f599d53dda9166560ff7b9faacf6ceb06f2772,CLEAR,DAYLIGHT,DRY,IMPROPER TURNING/NO SIGNAL,2.0,69.5,2.0,2.0
012fa3046d19eec4039cd2d497cd28849d6fb3ea9732e48544fdee1d47c10617c255b5ab0d46ad3e86dac507266be21d227e33b3f16b78ceb351ecf480e90fc0,CLEAR,DAYLIGHT,DRY,IMPROPER TURNING/NO SIGNAL,2.0,60.0,2.0,2.0
012fa6897130458ac2512bc139521a1429c89306d6c9d377cec13a407771296c67ec3a48d54984eb416cdefac83d65fcccebd447b8f5864a788dfea91dc99746,CLEAR,DAYLIGHT,DRY,FAILING TO YIELD RIGHT-OF-WAY,2.0,12.0,4.0,4.0
012fbe992a83a501f7379b0895356c8c4e4e896900cbcfe8b9e81278a1924a56542440abed3fa583178261f52d537a8728ee35ebbbc09c0ec88aa233d7ea0012,SNOW,DAYLIGHT,SNOW OR SLUSH,WEATHER,2.0,47.0,1.0,1.0
012fc431876471626fe4dc70f98841dc827a18d82c41072c973ccba00fc792082568b0b282e0a030b0d52b27a099d939e67499eca54366b5393259679788f8b1,CLEAR,DAYLIGHT,UNKNOWN,IMPROPER LANE USAGE,2.0,24.0,2.0,2.0
012fc8dbd6f1028ccd54e98a8c324a45ccf5a7fd9aaeee11dafae2dbb7ee9d38e5b255f9f2ad8405bc65168cc94ed58eaf61233faf173fc7aebb8f0e8e2a477a,CLEAR,DAYLIGHT,DRY,FOLLOWING TOO CLOSELY,2.0,27.5,2.0,2.0
012fe4aea485a655db4e5132e1cb8ff35b501031fd21f8dc3779960a7ab53e0f9a0159004f8ee400a63c5e99c5adec1332f7a47fd881d7781fc0177a0c47692a,RAIN,DARKNESS,WET,IMPROPER OVERTAKING/PASSING,2.0,34.0,2.0,2.0
013004d27acbd2917747cf4725171c6a2cb63f661eb8e6524c123535a24502e9f3683310ac1961f85f549fba6cd24d1b54cee06dcdc965e3c0a9fbc6abe5c5fe,CLEAR,DARKNESS,DRY,FAILING TO YIELD RIGHT-OF-WAY,2.0,31.0,2.0,2.0
01301303d477fedc46cbaa99060e25e7d8fa15a51f936e1bbe54610f47800bdc00d716accd9bc8165213659de040b748f9da1f3aa46fe9e836812de03113b674,CLEAR,DAYLIGHT,DRY,FOLLOWING TOO CLOSELY,3.0,36.333333333333336,3.0,3.0
01303a087c6c7dd7a99b08d2ca76031d0496d4b7d53751d179d2f9f9c595d31342d278b68168f4b339758a3c2c1617f7a63ba4a35492626e6a0339688f866c8c,CLEAR,DAYLIGHT,DRY,IMPROPER LANE USAGE,2.0,26.5,2.0,2.0
013076157116ac7d4af3d9ea5d86c58a9097136888f565d60d1f2f6f495649ab43270fa74b0b2a54e092d9acf75a62623d04ab41b6f0ed0e3fb4dcf57722a6f8,CLEAR,DARKNESS,SNOW OR SLUSH,FOLLOWING TOO CLOSELY,2.0,29.0,2.0,2.0
013079d3b4f713b0bc8af0ed7cf7e1d93aa60cc50f776dfcb842ba3ce1ea3de754953eb97b0963fdb97545ba20af1b6e090daeb52d50a10abe70506a81d1bb22,RAIN,"DARKNESS, LIGHTED ROAD",WET,FAILING TO REDUCE SPEED TO AVOID CRASH,3.0,39.2,6.0,6.0
013090ec9b447000f4a3549609d616faa1b4cfe60e89fdb66b4e3003f6fed8864b4d927deb92993e023b6cbd61b97f9dc9f101a3f0c969a14ffb81e69d319fd4,CLEAR,DARKNESS,DRY,FAILING TO YIELD RIGHT-OF-WAY,2.0,27.5,2.0,2.0
0130d3c6f798d7493706225ed2dd4b980b95e66e5dcd8bcf2ce27038ff122b9c061da49ad11ae632b0d7386938a04c1a1ba1c20f4cf2b205c77a3bd8bd783168,CLEAR,"DARKNESS, LIGHTED ROAD",DRY,IMPROPER OVERTAKING/PASSING,2.0,35.0,3.0,3.0
0130eca868605374cc65970e4b8113cdfe7d8d1bb410fe3a4203d50f3fb8d2957be9ac60491e8aa5a00391b965b64a11a21bfa3cf0ed1ffd5c9bada8268a5ccd,CLEAR,DAYLIGHT,DRY,IMPROPER LANE USAGE,2.0,43.0,2.0,2.0
01311225520cc3006962baf9d9ac2b05be4463ca13e206be283f8796ca1fe9e3bb2988d215ad3a9cd2dda058c1722bdb6a143a8cd2efc1ad729e0cb49d5b78c0,CLEAR,DAYLIGHT,WET,FAILING TO YIELD RIGHT-OF-WAY,2.0,25.5,2.0,2.0