crash_record_id,weather_condition,lighting_condition,roadway_surface_cond,prim_contributory_cause,total_vehicles,avg_driver_age,total_people,total_injured
01314239d30175f30763803b2033c8cccb78d1ebb5b7f0b913fdb1f9b8842d41775c6638af9ae601bec59526c4ee7a3de97cc9f04d4af50cc1f4409647a7c1a2,CLEAR,DAYLIGHT,DRY,FOLLOWING TOO CLOSELY,2.0,34.0,2.0,2.0
013149bb134428963092d4f851ec7b4a4fde0f3276f6210d6629d30c33c0bb26545a788fe372a956333816e51a7b56c3c6e9d306667a83055dad9df73af9a4c2,CLEAR,DAYLIGHT,DRY,FOLLOWING TOO CLOSELY,3.0,58.5,3.0,3.0
01317f4f6d3fa2dd1395f1aa3998bc7b7a521c814aa814b9fc5981ee9a418e17340d3ed9b4765a9570cdcda7e7bedb472ae174ed19178e101ebb1a284dd87413,CLEAR,DAYLIGHT,DRY,IMPROPER OVERTAKING/PASSING,2.0,29.0,2.0,2.0
01319282629693892f5cc98b2a716d1b90d3d2e2239f6f148c81f79c46cd14d5d73b406ecee353a1e521809d4277985ebbf0bf3e041cd4ccf2d5fea5e42b0beb,CLEAR,DAYLIGHT,DRY,PHYSICAL CONDITION OF DRIVER,2.0,51.0,2.0,2.0
013194f48cbf3c313a4ce3db3bc32a6db89d15b3aeb2c5f95b99f5f270b9ae140f324174040414c8a3a3ddbdf3c4b2c88d2fa1c17aa597ebe7cc80a36d2dc9f7,RAIN,DAYLIGHT,WET,IMPROPER OVERTAKING/PASSING,2.0,37.5,1.0,1.0
013197f81b4fb7aa24f52b9c726b9406e54354cae1dd971095223a6fcb06ce7b6cc7635fa8193bf9dbd4b2ec9869cf9a49a9ec1adfa7e88a3d781f3b291cb922,CLEAR,DAYLIGHT,DRY,FOLLOWING TOO CLOSELY,2.0,52.5,2.0,2.0
0131dc779606258439271c3e0335bd80094f4a1666ba2b73882b6ad7cec493b8d3ff93ef7843bf74af11656b2c676c951362681c51a87068802e9ccc69ed923d,CLEAR,DARKNESS,DRY,DISTRACTION - FROM INSIDE VEHICLE,2.0,25.0,5.0,5.0
0132161c352a2594310f0ad242d491bb9c5b2ddfab3d571d583526817a134221bc05f7aaa8f8c5f35dc9ee4c6ef9ce14be85174e9827abcd92958413e2db3380,CLEAR,DAYLIGHT,DRY,FAILING TO YIELD RIGHT-OF-WAY,3.0,40.333333333333336,3.0,3.0
0132193753dede4f3a62fff5d40ec754d80b419e948144836204b3d1390aeb94e49a3eb235f5b0272d899ebd0ff3cc88871902cf10d745a32d1f70c51c25ba01,CLEAR,DAYLIGHT,DRY,FAILING TO REDUCE SPEED TO AVOID CRASH,3.0,33.0,3.0,3.0
013250c01ecc2931c666c28a1165323898edfff3f33bdcc3841aa73bb0405383c7f0444707ba6c632bb7424ab895db34d43b9c1a56dacca3f9e9057b4b019a55,CLEAR,DAYLIGHT,DRY,FAILING TO YIELD RIGHT-OF-WAY,2.0,46.0,2.0,2.0
01325aaad99de69cc96d4794fcbb60b0eba01e518f850af6c9435f2e343298d65085a0c9c40bbbf49f0afb54716c5dd39fed99e42059bd128637ed4189e2279a,CLEAR,DAYLIGHT,DRY,FAILING TO YIELD RIGHT-OF-WAY,2.0,65.5,2.0,2.0
01328b2050bba4d49c7d8a1fc4fdfd8696e16be93dc7c4cf980737f054a371210dd17aaca42c90f5bc838e705e142060c18cbf15c150d8bdbc5cc494d8e30665,CLEAR,DAYLIGHT,DRY,"OPERATING VEHICLE IN ERRATIC, RECKLESS, CARELESS, NEGLIGENT OR AGGRESSIVE MANNER",2.0,37.5,1.0,1.0
0132b0376463502d1965e4a2c82587f24008b8644e4b9b1e958292e380b051875e107fa82ea87c23b962cd05a6cc68dab33d8e286c72c7f6f02f657b1d1d018c,CLEAR,DAYLIGHT,DRY,FAILING TO YIELD RIGHT-OF-WAY,2.0,43.0,2.0,2.0
0132b5f38f48e0d5b0124159289bac6ea03849a0b062739a2d39c5dfd51e5646f9ab98ab0556675dc711e7dbac12dbf456e410d005eb0d6941998ea417c9c2af,CLEAR,DAYLIGHT,DRY,IMPROPER LANE USAGE,3.0,37.666666666666664,4.0,4.0
0132c462ebfa391df1b44fbb94bb28375bc3c2c833a758361e3df2580d7ac52b4bd1eb5d0467aa3bb87c2e492ce262cc232aaa863036f1803a4aec3eb4508546,CLEAR,DAYLIGHT,DRY,FAILING TO YIELD RIGHT-OF-WAY,2.0,28.5,2.0,2.0
0132c7758408d90f392e6433ff20eab9c8feac1797d9e2dc28b4ee28daecdf571b428c961c035a0fd7f20daf16dc7f73ae73853f734d59dbd93a260246154b2b,SNOW,DAWN,SNOW OR SLUSH,EXCEEDING SAFE SPEED FOR CONDITIONS,3.0,43.25,4.0,4.0
0133065883903b5306695b6631f9c76669241187da6c9c0bb7c8820dd8d76901259476144fdb8e494effb64d7f1ed50ba7b59fd4a3f21933588a7fc9c310cb63,CLEAR,DAYLIGHT,DRY,IMPROPER OVERTAKING/PASSING,2.0,50.0,4.0,4.0
013308413f44020b97961f0443da47176780429293f2c8cdb34e524c04f1b92bdd1f374c966116c78fbb88320a4f9fcd03c2eca920eb98170baf920295058641,SNOW,DARKNESS,SNOW OR SLUSH,WEATHER,2.0,46.333333333333336,3.0,3.0
013321440cb7d319e5f7b578f81fb4185d95004c570c6737aff3134edb885a643318926981d3130bb34cd59ca294c788a553c4499773b21bb4120736e6dd4a1b,CLEAR,DAYLIGHT,DRY,FAILING TO YIELD RIGHT-OF-WAY,2.0,35.5,2.0,2.0
01333465de953d4b88af45de57a525871dfe9b3398360470dfbaaba4b1f4fcf823393f4205d78093cfe6e6bceaaf885e9e14a678f654105074c504820d106664,CLEAR,DAYLIGHT,DRY,IMPROPER OVERTAKING/PASSING,2.0,37.0,2.0,2.0
01334492a9474d0db0ed445c45e8e4dc6e0ade49c8ade3cd5c526d2c4cf03c6628000f619fc6c82e4ac109c2632f6cabef446f21eb59c43d76be63be3d439034,CLEAR,DAYLIGHT,DRY,PHYSICAL CONDITION OF DRIVER,2.0,72.0,2.0,2.0
013368c0ccae840f9dae22f6b944af813a805a5d7473dc1ade946e813acf5f2047c1a21ee79b7db4ef2559f90e32d6844127ed7e90bc596753bc97511eb6c8d5,CLEAR,DAYLIGHT,DRY,IMPROPER BACKING,2.0,78.5,3.0,3.0
01338699181f785cf9e9ecbe8189c18506708103c4e1e093ef0b25de348718e68b0ec47b4017555c45f9f3592e0b4039932183c21d1c302a6031aa606c03b6b0,CLEAR,DAYLIGHT,DRY,FAILING TO REDUCE SPEED TO AVOID CRASH,2.0,40.5,3.0,3.0
0133a48df5932674f6e34db718133df72eb7756c343f68a8c2bfbcd84b042883ce104c9d69ec760adadd7a9246840cabe0ade87370e49e49d7a5c4a16ab117f6,RAIN,"DARKNESS, LIGHTED ROAD",WET,FAILING TO YIELD RIGHT-OF-WAY,2.0,24.5,2.0,2.0
0133afb27e09d6b8d5b8e6265fb40d0a2ae90d23f2b1f2cc34e77a44cf9c5db5954530a8fd9968cead7ade3ec760c98abb99d914d1c9125b84520deefe6980db,CLEAR,DAYLIGHT,DRY,IMPROPER BACKING,2.0,27.0,2.0,2.0
0133bf4778d210b64f6e98a463e513c8d0d525151507f565ee1fe8563c28777d98daef1d7190dcef9606938b5fc7f8df774dce3428faeca316d906bcb6708c0e,CLOUDY/OVERCAST,DAYLIGHT,DRY,FOLLOWING TOO CLOSELY,2.0,44.0,2.0,2.0
0133d252d6bf76177d8e6a4efc47a96fd24740755209966292179e631b89f1cd2f986be541c804dcf1bacfaf1d3b071bfbc9aee1df0cfc855925d3796db81acf,CLEAR,DAYLIGHT,DRY,FOLLOWING TOO CLOSELY,2.0,28.0,2.0,2.0
0133e1b4e9b0276e6894d89b260e85a8219201a5bf1b099b31240b06eb9565a0a79c6530ca8a9649e9685f8a4ae5a456059c0bcf95c21487a6667c6662a7c6b7,CLEAR,DAYLIGHT,DRY,FOLLOWING TOO CLOSELY,2.0,49.5,2.0,2.0
0133f697a525a1394d260fe2a6d8b3f15856f392328bf11b26ef63177dfb314e13e47d3be6609f87bbbd28022f8d5082d243719529ac1cf29658d4cd8af3d2cf,CLEAR,DAYLIGHT,DRY,IMPROPER TURNING/NO SIGNAL,2.0,24.0,1.0,1.0
01341b60e58e7c4a5109fe00773c9289fddb513e1ef3a58f7e0511630560e086b5c2a491f4c504ebd15a75ec7d10e19ce95364f07336870b9c676a120d33e24e,CLEAR,DAYLIGHT,DRY,DISREGARDING TRAFFIC SIGNALS,2.0,40.0,8.0,8.0
013423eca2221b2af0a9df8b525eee0d0a62e44f494f4359fcf49e7c954ba93622856f149696f525e67f4d2cd64d95a4cc2506f03175c98d93f7d8cc6d97a1fc,CLEAR,DAYLIGHT,DRY,IMPROPER BACKING,2.0,56.0,1.0,1.0
01343fc1c7e193aa479e467b238eb6cd049027f119c1f90759024525841c04503b17b7f28fa32b4b76dbee649a50f8c22ec6f29ad6d35e198cef2d2f47edb063,CLEAR,"DARKNESS, LIGHTED ROAD",DRY,DISTRACTION - FROM OUTSIDE VEHICLE,3.0,23.0,1.0,1.0
01345cd0f594e09d2965711b5c314a99376a0c4af6533854e1853bbdfb6895ed4cfd535685c032680100397b481dd86c2923978c2083cfc43ec7b2bd626a329a,CLEAR,DAYLIGHT,DRY,FAILING TO REDUCE SPEED TO AVOID CRASH,2.0,26.0,2.0,2.0
01346f5a3a82b38c8f47a7e5e2a61dc1d8f99068ab890f43cce7fce3860cb5af3d2731c8fc84d931ac7caf447fed60c6f76d05620a6b13868e462b8aaeb40fae,CLEAR,DAYLIGHT,DRY,FOLLOWING TOO CLOSELY,2.0,33.666666666666664,3.0,3.0
01347855e69f3668b78a38fa428a09598a82c6a6896f8cb4c1b76b009e89a2f54f9e6f3b306497298f9317a234d2bd1f166198cade25e4167ab56b12a8723a04,CLEAR,"DARKNESS, LIGHTED ROAD",DRY,IMPROPER LANE USAGE,2.0,37.5,1.0,1.0
01348e035108ac4f79526764b2e78a17431d03cdeadc0b5e0a174c6ee8976714da17b638f864f990835ddc54c2d839cf6acb4c17762c80a8ec79902abd1bf9bd,CLEAR,DAYLIGHT,DRY,FAILING TO YIELD RIGHT-OF-WAY,2.0,24.75,4.0,4.0
0134e54d5b7efc21e9991ddbd6b3ef3c760824282160ba2ab9bd3d0b8a4fa51e7ca21ed294974e0e88f7b4a2461b61f1819b992b9ca4533252b946ca0666e098,CLEAR,DAYLIGHT,DRY,FAILING TO YIELD RIGHT-OF-WAY,1.0,49.0,2.0,2.0
0134ebca569dafac2617f2d3647441da279c42826853ec9fec38f034c79fda6961b8c524d4dafbf343eb381ac6a99ebf737899c585b2947459495c3d9593bc6d,CLEAR,DAYLIGHT,DRY,IMPROPER TURNING/NO SIGNAL,2.0,42.333333333333336,3.0,3.0
0134edeabbe8ffd3705b41653ee679c8239035f55e9a7d95d3a571b9aacfe3b5b6d70136e48e0523d73a0e362d318e9bcd4246322097dc527d85737e3628095b,CLEAR,DAYLIGHT,DRY,DRIVING SKILLS/KNOWLEDGE/EXPERIENCE,2.0,37.0,1.0,1.0
0134ef8edda43c5dc30f0bfcfcc514f134259bde094cee2b9451fa2c524f18b9a2d11bd3fe3dacadec30b76b85f5b62e47bd8148d2c69c5ed857fecf9c79c3d8,CLEAR,"DARKNESS, LIGHTED ROAD",DRY,FOLLOWING TOO CLOSELY,2.0,32.0,2.0,2.0
0134f2c0ba4fa142876130ba41012eb06b586caf0b599735f2d6e32c357a7bdc265b9b9820ed7bf9b8c7f9e9785db85c4cb7dfd4753239dd2e213a16b345ada2,CLEAR,DAYLIGHT,UNKNOWN,FAILING TO YIELD RIGHT-OF-WAY,2.0,48.0,2.0,2.0
013501086c9f257965033b8fd78093cd2866492fab0cd3f49daf3610166e279a4d7b8d83db078fa15ac45d32927eea357c04da304f6bfc17fe2960203919c51d,CLEAR,DAYLIGHT,DRY,IMPROPER LANE USAGE,2.0,19.0,2.0,2.0
01350a60ad5929ce9a236dda2a604bf00cc1712d7a2b373e70186d8adcfa012e746b9e940d7f97c71cea3e6afed6d195049bd64e9414e6c1fd6e64af92c06138,RAIN,DAWN,WET,IMPROPER OVERTAKING/PASSING,1.0,57.0,2.0,2.0
01352077b940559da346db76c1a483cd5c92f47edc1f8dd15abede797cd12a97c5de74b48173a6ee12acfacd44702abb4ccdedda155b175290e9dedb1da80356,CLEAR,"DARKNESS, LIGHTED ROAD",WET,IMPROPER TURNING/NO SIGNAL,2.0,38.0,2.0,2.0
013526a757cf3442b838a11e142637c5f4998cd29124ad9b73738e474f7aa40ec324863e3e5e786609da8922bf550ba069c9363881e677165bac9db1e483ef46,CLEAR,DAYLIGHT,DRY,IMPROPER TURNING/NO SIGNAL,2.0,49.666666666666664,3.0,3.0
01353db5151f08ff5def31dd8772385e4caedfb3836704400548a050130f7ac2b7bca239ab0b585e61be8664f69ec58812c8710ce0a395dbdb1b47547b8ab582,CLEAR,DAYLIGHT,DRY,DISTRACTION - FROM INSIDE VEHICLE,2.0,38.5,2.0,2.0
01359a056cf6769fe318324bf5083782ef4bd7e23f29c0e38bdcccf8317d7b4a88024b969022f20301f7ecbebf82a0bde8e767b69e3f4ea77f012c77eafbfeae,CLEAR,DAYLIGHT,DRY,FOLLOWING TOO CLOSELY,2.0,33.5,2.0,2.0
0135bc412fed88f50cff933e5bf08a3b9ddc8872b1c30b3fd36eefb955a3fe4efc2d80b376e90b731a57b6fc6ff0830323670eb650ee243d7b5ff5b5921a706f,CLEAR,DAYLIGHT,DRY,FOLLOWING TOO CLOSELY,2.0,46.5,2.0,2.0
01360bd85cf8feefd794100e96e70f3dcbba41383c0aad681fa4b361dcae7cb5bc8a72d51fc74da5261a7f4e8e23c625788c0c9e0d3c3f166ce6917f94ee4e92,CLEAR,"DARKNESS, LIGHTED ROAD",DRY,FAILING TO YIELD RIGHT-OF-WAY,2.0,56.0,2.0,2.0
0136265215a6600e9e6db05102319a32171f20ad3da362a752ee7e936a86f35f6491fdfae7cd1e726540de284a4a5bab4676df575eeeb6526c528c045a89676d,CLEAR,DARKNESS,DRY,FAILING TO YIELD RIGHT-OF-WAY,1.0,57.0,2.0,2.0
013697aaaffd26c2f673e36af884003d8384d6a1ea4ceeeeb4a93adc40b12c574a2cfe3c10aac275ed9528edf8f2a8465a7fd1ee7f487c903d3c799394b44c00,CLEAR,DARKNESS,DRY,DRIVING SKILLS/KNOWLEDGE/EXPERIENCE,3.0,44.0,2.0,2.0
0136a0c086f844924a222b55f3ed107aef161b6dd2b7e495d229c2d19bc53fb9366b55df17c12e20376c19a86654c4ed461bf81a8fbb30f18f5476485c1afc4a,UNKNOWN,"DARKNESS, LIGHTED ROAD",UNKNOWN,IMPROPER OVERTAKING/PASSING,2.0,37.5,1.0,1.0
0136c0ccf0c1a207591c96720ad58874b173c99289dfe9ca7680af394cd08c5efd747615f94751553e5d67c1449ed2e05a0a4777ab6ec87305c960f50edb4b61,CLEAR,DAYLIGHT,DRY,DRIVING SKILLS/KNOWLEDGE/EXPERIENCE,2.0,27.5,2.0,2.0
0136c210916990ef26616b3d03782b72d8c4b3d5c8564793f9e2a3045ce7f041c8ca8cbb78c1d26d9ec733c3260472242a9a9bb1d7ea6df69541051b25cee20f,CLEAR,"DARKNESS, LIGHTED ROAD",DRY,DISREGARDING STOP SIGN,2.0,23.0,3.0,3.0
0136c5f538245996eb3d664e2246546e8945794d7f33c7dd42fd52e1e2e2e1988ac0b4dfca0d80670a23fd7cec971c2e975e5296a1d6c9ee10bb3131e7f144b7,CLEAR,DAYLIGHT,DRY,FOLLOWING TOO CLOSELY,2.0,50.0,2.0,2.0
0136c68ee78cdf8c575d686307731991c4684fb19f015bcafc5e797a042928e4ed0fb6d690d4b8ef018441a0a75683be5d6a57b8c6519079120ab1b1171b9f72,CLEAR,"DARKNESS, LIGHTED ROAD",DRY,DISREGARDING STOP SIGN,3.0,27.5,3.0,3.0
0136da8112327566679aa82c22833f0fabe040a32bc643ee0f611895e10d14d50af85eb1ed817c60b6b83e7042d7000193007fb77be5d6b2c74af010314b9e9b,CLEAR,DAYLIGHT,DRY,"OPERATING VEHICLE IN ERRATIC, RECKLESS, CARELESS, NEGLIGENT OR AGGRESSIVE MANNER",2.0,31.333333333333332,3.0,3.0
0136e91c56c4db800e8abbcb44f223703ab4606835d7c1a3e2c6e40a97798c9c8bd0ae99ce294ebc5fa3512eade08b1bd3f3195cc4dcd6540303404272df385f,CLEAR,DAYLIGHT,DRY,IMPROPER BACKING,2.0,40.0,1.0,1.0
0137184d61c0c1263fb486d015a474e3723517796c0287e00fce5b0ec1cdb154e508de1e636027a44025941cdccec375a6bfdd00c3dface25b585da55d42260b,CLEAR,DAYLIGHT,DRY,FAILING TO YIELD RIGHT-OF-WAY,1.0,24.0,2.0,2.0
01371b274f3be982b24e1f280cf7b61d7a4047c80ba3b4a28081376666699b50b0ffae43e7b0770d49774b5030d0878c18cc84c74130d69fadae5751182db4d5,CLOUDY/OVERCAST,DAYLIGHT,DRY,IMPROPER TURNING/NO SIGNAL,2.0,44.5,3.0,3.0
0137396fe2bf2cdf890ad79322e185c9d53189beb3942fedffd5f4bbeb31f268ff6c914b7ca32bc9ae66ca7690601471cc3a13da203deaff46fed12ccdab2758,CLEAR,DAYLIGHT,DRY,DISREGARDING YIELD SIGN,2.0,37.5,2.0,2.0
01374c77e161d980c2aca227c967d0d9c1c698f76c9888adad30bd0c7368e97c5463cdbe721317ba75e7342e6988f6d96482ed0a2f4d15e18692e466ebd6a0f0,RAIN,DAWN,WET,FAILING TO YIELD RIGHT-OF-WAY,2.0,12.5,3.0,3.0
01378af454ff8053ab32102e1812ccb5545dd3d0583df5779be54ceb4d48ede470490200809f0cc55852997488706fd18c78be4cc54512083c5e0ce33f7e7c91,CLEAR,DAYLIGHT,DRY,"OPERATING VEHICLE IN ERRATIC, RECKLESS, CARELESS, NEGLIGENT OR AGGRESSIVE MANNER",3.0,25.0,2.0,2.0
01379052fab2ed60d3ec089e01be4a6312a22de36b1dfd66341f31cd1dcfacfdc5570e39948590bef3ac898f216f60d3a90481be184735a68924bbd03714c495,CLEAR,DAYLIGHT,DRY,FAILING TO YIELD RIGHT-OF-WAY,2.0,26.5,2.0,2.0
0137998e2d831e4a03ffcbd44957f8cab46f10ab304a1ecef874174b5b0108d7478f0503cc809b59c10670b308c89c4380d7e8eb81df4b63013c4ae58efcd284,CLEAR,DAYLIGHT,DRY,DRIVING SKILLS/KNOWLEDGE/EXPERIENCE,2.0,47.0,2.0,2.0
0137a5214f6e8a2e5be64e305c49afdb1e190b2f0b683effaf64f166856ae9cf1ef580715fdada7e85407f6551c2690d94405b90bf966e56bfd5f1d212236a10,CLEAR,DAYLIGHT,DRY,IMPROPER OVERTAKING/PASSING,2.0,35.0,2.0,2.0
0137c7bde6d01a9067461974cd4f94b48f59c62ed31e848aa4a90e6cabd2f6ed4b53e79083382cae1233bc987749022b109b5142bd292dca744b8d4462cc2875,CLEAR,DAYLIGHT,DRY,"OPERATING VEHICLE IN ERRATIC, RECKLESS, CARELESS, NEGLIGENT OR AGGRESSIVE MANNER",2.0,25.5,4.0,4.0
0137d2e474fcbc7f0ccfaad2255b4050badbbd87c34b8266db3ca005aa5816e00b0d47c0a50ec135566de3b502654d5f44df09dc8bffb4e4362c658027eec1a4,RAIN,"DARKNESS, LIGHTED ROAD",WET,FAILING TO YIELD RIGHT-OF-WAY,1.0,37.0,2.0,2.0
0137f8036bcc66ec672046f37bd65bc6f7ea5d5c1c99ed5389bba04a54a2abaa487306a7e2a30398dd63e214db523eedc410636fa8d47c5d723fc5e8dcbe9748,CLEAR,DAYLIGHT,DRY,FAILING TO REDUCE SPEED TO AVOID CRASH,2.0,24.75,4.0,4.0
01382b9589e7df1372c431b099baa8db8bbd39f972abd25937adb694553a54aae5c7efd41ae94c2740c0a1c1a89b30515b3c143bb7fdc83869a57410a9e7727a,CLOUDY/OVERCAST,"DARKNESS, LIGHTED ROAD",DRY,FAILING TO YIELD RIGHT-OF-WAY,2.0,18.5,4.0,4.0
01383545e63c3c2f813baf50090004ecddffff1eef3ec3151fb2db57331095f593556ef0f79e0b36b318d0f93573f274f897790d79269e7415bc92119ff5c3ac,CLOUDY/OVERCAST,DAYLIGHT,DRY,FAILING TO YIELD RIGHT-OF-WAY,2.0,51.0,2.0,2.0
0138557cd17e992509508a8f763eafb4cf89d5fe4f78b0727cff90d5941e10f57bb24dade81efdbdf3411df9c9f2a1fb6474730e515895cc2d78349722883990,CLEAR,DAYLIGHT,DRY,IMPROPER OVERTAKING/PASSING,2.0,55.0,2.0,2.0
01386d3b2fd04a0f8fd1fe1481aed0317b7807ae04d146e46fb08a4a06ea3c1c77f44dd6c344031d59f6533bb2dc6372ee0250a34fb298d3296c5e4ba7418bb5,CLEAR,DAYLIGHT,DRY,FOLLOWING TOO CLOSELY,2.0,36.5,2.0,2.0
0138822fd048d86cf53dcc5f9bedc749474f4ab32f828b6962d6e5ea71fd959f647ab361bdf4af890a579e9ad8aec12abd5f7de456447e193b9684a34ab9a057,UNKNOWN,UNKNOWN,UNKNOWN,FAILING TO YIELD RIGHT-OF-WAY,2.0,31.0,2.0,2.0
0138853c773b9d805903f38c3d897c6c72fad6af852853a072b93e54f79fd3a1c66271765e9e0b2bd718a2054a3c79436230f82748908ad8796edfa4340ce7af,CLOUDY/OVERCAST,DAYLIGHT,DRY,IMPROPER OVERTAKING/PASSING,2.0,20.0,4.0,4.0
013899b2848494303e8c4e0af90765052f0fafa02afdcb91556098814ef096a88169e047c9755e42ec3a0db4c38b237703a159c4a7769df6e288cd20a3884029,CLEAR,DAYLIGHT,DRY,DRIVING SKILLS/KNOWLEDGE/EXPERIENCE,3.0,52.5,2.0,2.0
01389efe009e87215572d3d03cca01e45b5e0306442b624bbd984760bc8cb89eb10ae8f9e8ea9a94ac0c7d187de19a2ec76fb2b19f8dd0f0dc12a89360804f59,CLEAR,DAYLIGHT,DRY,FOLLOWING TOO CLOSELY,2.0,65.0,2.0,2.0
0138fc9d6423a4ffb44e64df32d95b340c65b7f64f036fa34218b00f7fd8eacc1304195c8ed466c6ca17b4f20f2fc0cae28b832dd235e9c2832dca58e8755fd7,CLEAR,DAYLIGHT,DRY,DISREGARDING TRAFFIC SIGNALS,2.0,43.0,2.0,2.0
01390bf7ce141e367ad0f357d795e39932b9a0640816679a3d12b5ded63b032a169422b334c012b88bbe03d7cfb919c6e194fa4391ff11338ce83fc1dfc0926d,CLEAR,"DARKNESS, LIGHTED ROAD",DRY,DRIVING SKILLS/KNOWLEDGE/EXPERIENCE,2.0,44.0,1.0,1.0
01393fef4e1c87fec3bdc655f051669bcd2e44853750949cfef0a18e647e559ef0d40284b8193fc1a42f6b2ea192fb71265ceeaba4eec71fd4a8c847e20491ea,CLEAR,"DARKNESS, LIGHTED ROAD",DRY,FOLLOWING TOO CLOSELY,2.0,34.0,2.0,2.0
013942d08887abb3739f071dff72f85ed54462089fabc7b4511746ce56ea58505dc22df5a0d7a95201e787854f9fb121bfa887a96d191d4e509dc716906fac53,CLEAR,DAYLIGHT,SNOW OR SLUSH,FOLLOWING TOO CLOSELY,2.0,54.0,2.0,2.0
01394edfc7a6adba5af52a20f7ef80b12589c44eb1482b13c950ec0dc95055e6a5ff423dcf0e6b476bdc3088f66f126a64b4e82b6c7244776c9d36e6881c2256,CLEAR,DAYLIGHT,DRY,FAILING TO YIELD RIGHT-OF-WAY,2.0,43.0,2.0,2.0
01395a4f7a0369b7e9e3d6bf6dcb31bd7f555a621d957fa053543eda8d62f7804bfc25d3e881afb323335c0a94ad15ca56d96d5dada73226991c3c67dbab98c0,CLEAR,DAYLIGHT,DRY,DISREGARDING STOP SIGN,2.0,44.0,2.0,2.0
0139a6b71e60442479bfc0a5167c86594a12f4e9efe194f92bce3a2278ea530d40ba4d53325b079bf8c03d9e17773ffbba324711e0ddd888dbee7b043b5515a4,CLEAR,"DARKNESS, LIGHTED ROAD",DRY,FAILING TO YIELD RIGHT-OF-WAY,2.0,36.5,2.0,2.0
0139b4c5805211169bb2794826b44b725ad58e935139bbc12b209cd04888d2dfa1728413a550cc5fc5cf76ca7f5e4be530aa653854b7e68160b90d77f5f4c35c,CLEAR,"DARKNESS, LIGHTED ROAD",DRY,EQUIPMENT - VEHICLE CONDITION,3.0,32.0,1.0,1.0
0139be73a78dc4ddf2968fae07922886237a2ba11a5a40ca1072a28878ea1228f45b4648ed700a76cd8e09e14fe470dca93d8df6837f7a0c7a67460bd3ac9c52,CLEAR,DAYLIGHT,DRY,FOLLOWING TOO CLOSELY,2.0,37.5,2.0,2.0
0139c45b9705b29d069fe14add4174e0a848d52ca46ccb88396c652d8cc1e89d108398d31439ffde28559736513cb5a94b9d3c51ea496aa970b8938b052b4f65,CLEAR,DAYLIGHT,DRY,DISREGARDING STOP SIGN,2.0,37.5,2.0,2.0
0139d5ff542e97cab6c1c1ff9407eecf4736b3ecaab3ea9f292be84c339c173c3bac2e14284967980225c093e7be07822c83e2052c7f1bb77d4172ef1585759f,CLEAR,DAYLIGHT,WET,FAILING TO YIELD RIGHT-OF-WAY,2.0,27.5,2.0,2.0
0139d7cadf8f92b7b24a93ec30cada14bc741cc1f1a61c6b981bc7a2a284425cc40229c41b4bf427f8183bb2420b671925edbce165275d46c87364c168161477,CLEAR,DAYLIGHT,DRY,IMPROPER OVERTAKING/PASSING,2.0,41.0,2.0,2.0
0139fa49ec1a4df1a814d8309567596f3064085ecb9cbfa9b48e403da8d1bcc7a70b9df46161a2ce9c2854956b12526fa5c063b259f5ce4b2056f1ca585420a9,CLOUDY/OVERCAST,DAYLIGHT,DRY,FOLLOWING TOO CLOSELY,2.0,69.0,2.0,2.0
013a082595677f71bd02a4be092c44407d274e0718e52f845e14636c50da9fba177fbc68f897361559e30e4ebd5252b0a1cbf969bb3307701a396a4c76046dbf,CLEAR,DAYLIGHT,DRY,FAILING TO YIELD RIGHT-OF-WAY,2.0,41.5,2.0,2.0
013a23562f4649c718ea87bc2c65dc00c11db06ecc589797f93ad19c28fb2a64433a3299e38241bcb71144a25c2cfab8dd7c3f19ddb9d5b8c1cf0c75c81abd1b,SNOW,"DARKNESS, LIGHTED ROAD",SNOW OR SLUSH,WEATHER,1.0,29.0,1.0,1.0
013a24803531e936de6ac21cdebd4bc7cf6cee7466a69b7c8452400bb0b2da0bed4102b13e39df12d05b3dc81aecab33f690481f703ef026d2de3b4697df17c8,CLEAR,DAYLIGHT,DRY,IMPROPER OVERTAKING/PASSING,2.0,21.666666666666668,4.0,4.0
013a82e714927a72972f6783314f22bbc3a347705d3fc8688168500d6b1286f45620108ba8ee423f81e3bc479504085c1d24e470075043896317e82948e2caf6,RAIN,DAWN,WET,EXCEEDING AUTHORIZED SPEED LIMIT,2.0,30.0,2.0,2.0
013a8942895fbe88e4ec54f74c77f26bb7adf3b481d5049a86048e0dd4fb2d605763060a46e9a1ef3a6749442dd957abf431f0c63e576fb831c8abd08b466ec1,CLEAR,DAYLIGHT,DRY,FOLLOWING TOO CLOSELY,2.0,46.333333333333336,3.0,3.0
013ab74e6bb021617c8596d7eeb8125ee8227f358ce5fe97e212d763b76d7115b0a0fd8e0d3ef49c77591971376dda3059c3ce519bd86977262139dcc151ae2a,RAIN,DAYLIGHT,WET,FOLLOWING TOO CLOSELY,2.0,50.0,2.0,2.0
013ac10b85e28a38e8a9d59781c1386d7e5d56c321c79486f91e3dda727580ecc16ba8421311d9ee154e23987cd9c515f9c7dcaf31ebd0b5458fd45f60630bf3,CLEAR,DAYLIGHT,DRY,FAILING TO YIELD RIGHT-OF-WAY,2.0,44.5,3.0,3.0