crash_record_id,weather_condition,lighting_condition,roadway_surface_cond,prim_contributory_cause,total_vehicles,avg_driver_age,total_people,total_injured
013ac25ae96fa21946e5d40aa304eef0b055317b8692b1d9df60181249e8359192320830574eaafa13ae6147d98ac9e942cc36499e10568abadb828b06fff475,CLEAR,DAYLIGHT,DRY,FOLLOWING TOO CLOSELY,2.0,27.5,4.0,4.0
013b1321a43476a8e3f74059284922d0866a6940edc56f316776982d8316abd8773bff83c31681069125a579bde84454c2470c7ac02a45074a97aa7ace5bef09,CLEAR,DAYLIGHT,DRY,FAILING TO YIELD RIGHT-OF-WAY,1.0,38.0,1.0,1.0
013b1bcdfb6fbb59fb4c4496953bed4f75436442c24075fee6415a1940fd6342498c75fea8f62eefe98b7dbee7e2a89c55761ffc16b219825be4694fe9a20a65,CLEAR,"DARKNESS, LIGHTED ROAD",DRY,IMPROPER TURNING/NO SIGNAL,2.0,37.0,2.0,2.0
013bace356df6eb50bfca6089bfad3f3886e4e1ea8f5d3cb99ddbf32f35c3e1e6c3d856b54520e6cf1c4dfe0bf5de0034579ed81b57a197ecad00796a9b49c59,CLEAR,"DARKNESS, LIGHTED ROAD",DRY,PHYSICAL CONDITION OF DRIVER,2.0,37.0,1.0,1.0
013baffba2850d763c252ebc7e6234598a03ea528f2aaebe05fddb163cd2a2814e61faffdd686f0700ee4fe0c2671fcbfef3da0a4b53f2208afb665778c2c56d,CLEAR,DAYLIGHT,DRY,FAILING TO REDUCE SPEED TO AVOID CRASH,4.0,39.0,4.0,4.0
013c0123bb39d1d46ca98e9d6f2408dea83499e9ee2fbac4e88eacf3f6974a3ba1946eb8120f22675526e724d12ee6eb62cdcbd43af7bb273d5b6e96c10f0ebc,CLEAR,"DARKNESS, LIGHTED ROAD",DRY,IMPROPER OVERTAKING/PASSING,2.0,34.0,3.0,3.0
013c564acdc3e77d0bbbdcdaa44f0a0aaaf80ecf13cdd286de5d6c641058ddc1ffcf6e83c02695d3ac1e89f0cccb93b7d03e83bc5b3628b97d884e4fc3d12042,CLEAR,DUSK,DRY,FAILING TO YIELD RIGHT-OF-WAY,2.0,21.0,3.0,3.0
013c57dd6115c75880d01f6feca92b75b7ff0dfd5d932858e0f7fd025e6a39197b965c5742f0dec8654e2781c79ef44e0d60a0e3004140dfa8ee5200ffa66df4,UNKNOWN,DAYLIGHT,UNKNOWN,FOLLOWING TOO CLOSELY,2.0,25.0,5.0,5.0
013c57f28e793922ebf69410a6931c00984e1d41e93c44cea70f451c84fc5f9b16465971406b85459dc91946a85b7a209dc19896bbdd247b76863d69e9875369,CLEAR,DAYLIGHT,DRY,DISREGARDING STOP SIGN,2.0,77.0,2.0,2.0
013c63e79389da8c8af9b8961e45d597329a51e633c9392c2c867fff55e3c210eb766ffaac8e9bc4e965fdadd4ad963973098424a1b7b3198cb030226ed03d45,CLEAR,"DARKNESS, LIGHTED ROAD",DRY,DISTRACTION - FROM INSIDE VEHICLE,3.0,19.0,1.0,1.0
013c79ddc37e55219b95107315bb4fe4a5dae1cf77fe86ff1ee977e4a150adff2e6defe32ca1d0bdb69f98c1623aea2277c4083ca37cab25dfc9a077a3dd10b6,CLEAR,DAYLIGHT,DRY,FOLLOWING TOO CLOSELY,2.0,32.333333333333336,3.0,3.0
013ca48a2634330baceff335473c771df59b6ce4a9063b46d25a020794cedacb8564d046b9ba59ee5bf63fa900d4e338d437ba3f50adc18fa076ee106077e542,CLEAR,"DARKNESS, LIGHTED ROAD",UNKNOWN,PHYSICAL CONDITION OF DRIVER,1.0,28.0,1.0,1.0
013cbb3ab10d2d47e3761950195f69b4b7a15ea36d9e76466136397619ede19ed445e9b02f798d08b147e04be3f4bf0c9d87c871664a7bcb34e7d288d6362a97,CLEAR,DAYLIGHT,DRY,IMPROPER BACKING,2.0,77.5,4.0,4.0
013cd1975354c05fb80a82cc7920e5b68c4c0dc6d70701ade9bb45a79e0cae413d8671fd5e0eb9a0d14ada24961846b888d796655b649aa0b3fbae1613aa7ce9,CLEAR,"DARKNESS, LIGHTED ROAD",WET,FAILING TO REDUCE SPEED TO AVOID CRASH,2.0,30.0,2.0,2.0
013cd75e0e1fc991ff2cb8c27f512b9e5508354ed5088ba89fb547ab876b26e7bde61220f93bb00968b22b09b14e88f1a876fefeecd407fd587387b53f40b65b,CLEAR,DAYLIGHT,DRY,FAILING TO YIELD RIGHT-OF-WAY,3.0,42.333333333333336,3.0,3.0
013d089e3b39fc995f6afb45e8d93a29c9c9f156d9003ca124ee7cd19bff7aa2c892ce24c73a7939ccb90d09e67df3e07b4bbac5870e5b528d5d0f1317a8867e,CLEAR,DAYLIGHT,DRY,FAILING TO YIELD RIGHT-OF-WAY,2.0,28.5,2.0,2.0
013d11a47c9c3b8dae08706e130fd4504aaf6960a163b293403835da50f5c9e8cafb1dab6de6cd8610871b1b23b22517c460c6dbffa7c0fc2de01714b0c664f2,CLEAR,DAYLIGHT,DRY,"VISION OBSCURED (SIGNS, TREE LIMBS, BUILDINGS, ETC.)",2.0,59.5,2.0,2.0
013d39ed1f83d7bb19e19bc40030950ad5aef8fc66ee82d557956170b47d9959ea19438447275cf54585476e7892474fe7cdabdea3aa7ae9f97d7112de675877,CLEAR,DAYLIGHT,DRY,DRIVING SKILLS/KNOWLEDGE/EXPERIENCE,2.0,28.333333333333332,3.0,3.0
013d69ca474f419f5b371c04b5b43408cafc988d9bc44a2d79f5255bcafef1f501398032db288fb871edac9080a29a09a3be3362551546a074c19c7af53d7e77,CLEAR,DARKNESS,DRY,RELATED TO BUS STOP,2.0,37.0,1.0,1.0
013d7abc658755f0280243f113659f0c86248a8c2421350bb9ec1e5fe466010e7e550ce83228fbc7c6dc8b7322078af81460775c8d656a62b1c18ae65fd1fcd8,CLEAR,DAYLIGHT,DRY,IMPROPER BACKING,2.0,42.5,2.0,2.0
013d8570f7a1eca13a44c6f0b5b95a0ff2f774fb4bdb70b578af212e72c23224f1825ff794e57c5cdc1aee0e01af1d3c9b10a6e68daf1f9e4fb96989799d5ec9,CLEAR,DAYLIGHT,DRY,IMPROPER TURNING/NO SIGNAL,2.0,46.0,3.0,3.0
013d929e50fba4d20afe5583c2e8d5af1c68140a0bf2e82f4d8c40715194a96d588a397737fa331060c43c77671e9ed5835ee5f7a6a10446298ec73e35d0b1d6,CLEAR,DAYLIGHT,DRY,PHYSICAL CONDITION OF DRIVER,2.0,37.5,2.0,2.0
013d98fa2e155057b2fd3c0cd0cd8180a951880333456adf3d0e1a95e0539560362155391c56bd88d0bd39fefe0c3522548098d5a8d986746e357b7bf1fe6451,CLEAR,"DARKNESS, LIGHTED ROAD",DRY,ROAD ENGINEERING/SURFACE/MARKING DEFECTS,3.0,27.0,1.0,1.0
013df00d19a901d4db4dc4746fbd7764f5c5864fe148f683e5696908dbd8437f381ed93aea68d7c0cb65dc3c72ac8627d7f7fffcf0fde58a87fb98232212abbe,CLEAR,"DARKNESS, LIGHTED ROAD",DRY,FAILING TO REDUCE SPEED TO AVOID CRASH,5.0,23.0,5.0,5.0
013df42a72b37899f865036ef4469823a45a117816f74f9a9d7cd270d175b011f7f61e0a68b9d25d3c9dd22181abe10bfcea55af10850699eb08521d50460bf1,CLEAR,DAYLIGHT,DRY,FAILING TO YIELD RIGHT-OF-WAY,2.0,39.666666666666664,3.0,3.0
013e01c4f789d39cdacf9bee18c4649ec3264a57de2e579269be799a6953fb9542f5e4242e579192c518f2a277301e2c7b94481f49848286c77000d7e22d48f8,CLEAR,DAYLIGHT,DRY,FAILING TO YIELD RIGHT-OF-WAY,2.0,68.5,2.0,2.0
013e16cb064389231e783d407ec3fe874eddfd34667229beb79079a1f66321542f5b6dbcfe12e4a5cfefd0ef38352a218d9675f7993687843f682063d34531e7,CLEAR,"DARKNESS, LIGHTED ROAD",DRY,IMPROPER LANE USAGE,2.0,44.0,2.0,2.0
013e1a24003c3f85da613dc551b9d597ed7d0f5cf5cefcfa93168860c2c99a14cfa7f2d55a5e5c957893a92dd0125833a0a45ca055f09d5f8e8060eff1b8dc1a,CLEAR,DAYLIGHT,DRY,IMPROPER OVERTAKING/PASSING,2.0,37.5,3.0,3.0
013e31da82cd8ca8f12fc35128d780385da8ced86af71877d966fbb22af46cef3cd148ac5388df1f6c8fcdc53e7c5b5fa753e5a8111ab19be33b44029bb4cd2a,CLEAR,DAYLIGHT,DRY,FAILING TO YIELD RIGHT-OF-WAY,2.0,47.5,2.0,2.0
013e54adde6e2863ef671845ee749e09166d3c3f8ed40d2b0a1d067757526d7641e97797c7e99fa8b6b995ae34a88bd08ff838fb313dca8a470acc8975ed14ec,CLEAR,DAYLIGHT,DRY,IMPROPER LANE USAGE,2.0,24.0,2.0,2.0
013e5f87d371086c86639f682e27f2e71dba15f0013097616647d3cd8edfae4dd68d47ffbddf0ae713d3263518a7d3e69bdb94a31810fc8b3d43667b4f1b5862,CLEAR,DAYLIGHT,DRY,FOLLOWING TOO CLOSELY,2.0,26.5,2.0,2.0
013e93d8637c10c5ac60980ba99ee7e34b9cbe13b5de3da40a19094d1a4ec6e2749b7ddec4d465ca016460777dbb6d974152aa327f109affdcf6ec7c19176150,CLEAR,DAYLIGHT,DRY,DISREGARDING TRAFFIC SIGNALS,2.0,46.333333333333336,4.0,4.0
013e9ea9c834d9ea2947f65e0372958ba64bea4fd06c5ec54868c5150c6c3eba3da4135d9949fcd3c3cc5e3bbaff70372298193cd5fe79a93c0571bde61841d5,CLEAR,DAYLIGHT,DRY,IMPROPER TURNING/NO SIGNAL,2.0,51.0,3.0,3.0
013eba9b1b3905f2deb130ab44da079e29fa7b92f53ac331cc34824d09cde54be0e19fcfe8aad9181a36909ad59232e3f070ebcb4b51ea1a9e66afa9f4901aaf,CLEAR,UNKNOWN,DRY,FAILING TO REDUCE SPEED TO AVOID CRASH,2.0,37.5,1.0,1.0
013ec03c3472f9dcea65f715359c3f99e1429ccac927e1e60eeb60a50bafc722c9c4b7554ec913b5dd35aa72e660895521314c00ab6b55c0a6f0fcc40c9e9186,CLEAR,"DARKNESS, LIGHTED ROAD",DRY,IMPROPER LANE USAGE,2.0,55.0,1.0,1.0
013edd58f44ecb0d7b4af8ca1413f0fd8660aa8fdb29201703bc3fcc1993e72d0ed26487d0b3d5ee17131f95d7b53d7e8c79ac771d3e3e952e8a9f9cf7261c43,CLEAR,"DARKNESS, LIGHTED ROAD",DRY,FOLLOWING TOO CLOSELY,2.0,37.5,2.0,2.0
013f2d70f8d9439afb467b1a0443d9bcf1e14585b912fe2bb6383994cad558022c5492c6dc842debb7c431de832e55595d89e00358ff7dbcdd5b9caa4c83a727,CLOUDY/OVERCAST,DAYLIGHT,WET,IMPROPER TURNING/NO SIGNAL,2.0,14.666666666666666,3.0,3.0
013f4373a76249995b31824fcf05c8eef1531bc4efaa165a4b35ff2637d2aba83adb2688193bf07acba0fed10eb0923fa105ced6edef50bd833d3198f2e5c8ac,CLEAR,DARKNESS,DRY,IMPROPER TURNING/NO SIGNAL,2.0,32.0,2.0,2.0
013f5629addd537620d5b566f7427ecfa711d09dd1a24766d43d2c95e13074355f0eea582d0cbcd16ef07d95473fe9bd3760cf7b2dae58b49fc39d2cdc6fc083,CLEAR,DAYLIGHT,DRY,IMPROPER OVERTAKING/PASSING,3.0,37.5,2.0,2.0
013f5abf4db0d046752f721db7d6d8adf0f7d50adb3bb8c019060e454e36108fdff3ce3c295091bef685b753b57a7560b7bf50c5fb12fb51758a46e253c7a803,CLEAR,DARKNESS,OTHER,DRIVING SKILLS/KNOWLEDGE/EXPERIENCE,1.0,19.0,1.0,1.0
013f62a1d4ebbb2849e00aefbc59286d6e3bd48034b289e1089763f9324441ccc0c78bb1f405755929097a699c937383668d87fb1705bdc7ea342d82afaa7e7d,CLEAR,"DARKNESS, LIGHTED ROAD",DRY,IMPROPER OVERTAKING/PASSING,2.0,44.0,4.0,4.0
013f65338b0c8d91e292e9d244cc1f6680b5f81642d53972d4ea0c7047c75d8ce7c706e7d36d77a3999a7f51fd731ef1e47cc5e52e1e39f4e7085de262ff14a3,CLEAR,DAYLIGHT,DRY,FAILING TO YIELD RIGHT-OF-WAY,2.0,31.5,2.0,2.0
013f91045255da1451ae5f54a9b71cb9aa200c54bdb64dae58d2422621834055efbabffb3ed5cc88505496cb15a293cb443f26ff8d4ee74adeacfb0c7c1ce6e2,CLEAR,"DARKNESS, LIGHTED ROAD",DRY,DRIVING SKILLS/KNOWLEDGE/EXPERIENCE,2.0,34.0,2.0,2.0
013fb686d5154a489f3dbf3a91c8ec83f5494f386a16aa5e3853856eb86638162f9099570a1577286525a9e4dbcc9e44ecc229b59075a44970213ed4543f0da0,CLEAR,"DARKNESS, LIGHTED ROAD",DRY,FAILING TO REDUCE SPEED TO AVOID CRASH,2.0,21.0,2.0,2.0
013fb73ceb7a0e9bc6c4b8b77199445f44aaffa448d356bf172c775743a2152a33b3cffa4caef42e3e6173accf46ca92903c67d794ea4a7a4fda15367fc2077d,UNKNOWN,"DARKNESS, LIGHTED ROAD",DRY,IMPROPER LANE USAGE,2.0,37.5,1.0,1.0
013fbd0cc166738fc3ca54698a7943da24c17af9987c7c4825153a640131403dd9028823b9b94cd4ffbc6de248ff2c17f887ebea9a9f8b7c3a2130f130cbd3b2,CLEAR,DAYLIGHT,DRY,IMPROPER TURNING/NO SIGNAL,2.0,47.666666666666664,3.0,3.0
013fce29028f6dbc7a29ed1b28986b24479a0f98bb35ec731b258b4279e79e1c6feaba6092a975ad55c37bcf68c411b569ce56171065c0e0bb89cbcda1468ad1,CLEAR,DAYLIGHT,DRY,FAILING TO YIELD RIGHT-OF-WAY,2.0,31.0,4.0,4.0
013ff084cd4549d673af8098ea4a6ac3fb943647d75a6d640dac82d7f52718ed99b71b3455fe3f4565fca20ef40b0842ec5a3fc467065af240e7c2b0641d9b97,CLEAR,"DARKNESS, LIGHTED ROAD",DRY,FAILING TO REDUCE SPEED TO AVOID CRASH,2.0,63.0,2.0,2.0
013ffc7be2206612792f412f8f0553d3dd4122d966a5d7c457bdbc81ffcf433599560bcf0973383e07b9ee73dbe7d2ac7066aedb5bef28041335076e95121654,RAIN,"DARKNESS, LIGHTED ROAD",WET,"OPERATING VEHICLE IN ERRATIC, RECKLESS, CARELESS, NEGLIGENT OR AGGRESSIVE MANNER",2.0,37.5,1.0,1.0
014002039216f410d2b7bdc0875db427f7325090126021963888ae7d08ee6e8eaf4db3f8c86a5b8856af2add46710dcef2581e80e12bf288a7a652c92e1c93b7,RAIN,DAYLIGHT,WET,DISTRACTION - FROM INSIDE VEHICLE,2.0,25.5,2.0,2.0
014016cfde12d784bcf0bc726c48207cb13fbc6eaf0dbbfaa6cf5ceee26edb348db7471426e625f18dea63d743dc2c9a274a22bd3cf6b2552ee05aeaf4f1671f,CLEAR,DAYLIGHT,DRY,DRIVING SKILLS/KNOWLEDGE/EXPERIENCE,2.0,55.0,1.0,1.0
0140420add1a652b98caacced7a5de65d01e6bcf657f127bc41dfc6271fcfa9ec85c68b00260988ae5b54eeb52fe7756e22c87d172a55a638861ec326ad5c523,CLEAR,DAWN,DRY,IMPROPER OVERTAKING/PASSING,2.0,37.5,1.0,1.0
01405cfa5c10e3712cba1506a990aef745a8aed03acc217c42049686a1180db86e2e70aef1438072cd88b4c60e1ec1b5ba97673d4867e1fde51834f74e0b237e,CLEAR,DARKNESS,DRY,FAILING TO REDUCE SPEED TO AVOID CRASH,2.0,37.5,1.0,1.0
0140744969d98ce60d0d786664ebfed3d8a2f3bb79196b9ab59039f2f958526ad05f97ee7fb5122414fe4a1d11063432401255dde67d5d3303c0607d8d30946d,CLEAR,"DARKNESS, LIGHTED ROAD",DRY,IMPROPER TURNING/NO SIGNAL,2.0,27.0,2.0,2.0
0140c51540de2cf13d952557d014c10c9fa5bafe5b389b2e33618419034ba51f2a63fc9752f988a1d05ed2994b92bfc3d0554cc9ad67b25515c43287230de4ff,CLEAR,DAYLIGHT,DRY,FAILING TO YIELD RIGHT-OF-WAY,2.0,42.5,2.0,2.0
0140c7399a298017e52c624687696f34d8b4df6a232cf76332e1b1c48a5b9568138d21f836b1a9dce2b4d869fb33f625e0b6049af74989b04771cb853ad53732,CLEAR,"DARKNESS, LIGHTED ROAD",DRY,UNDER THE INFLUENCE OF ALCOHOL/DRUGS (USE WHEN ARREST IS EFFECTED),2.0,41.5,2.0,2.0
0140edf30605b4ff35216f37566620b76ccbabc65a578fa3cde1f8335e015f8d297986319092a1ef6ce8624133b0f5ace1e8a0cd7a6a14e232783931dd6751c5,CLOUDY/OVERCAST,DAYLIGHT,DRY,IMPROPER BACKING,2.0,29.0,1.0,1.0
01410267aeb7cf56aaca1ada92377e6695b2cee43b61288a04eca98c7528808fb2d4aa7b78b9cf00db84dd6098fc93fcf76ed7449f29386c6f9182cff4fbe273,CLEAR,DAYLIGHT,DRY,FOLLOWING TOO CLOSELY,2.0,65.0,2.0,2.0
0141085427aa3da5adea7c5d5b4cbd323bc9016229718a077a56afcc564849536e1df36701f30c21eb834f347e0e6177ad7550d5245fd7512122023f72ac56c7,CLEAR,DAYLIGHT,DRY,IMPROPER OVERTAKING/PASSING,2.0,71.0,10.0,10.0
01410cd05cf6f229fcc8881d62e2a212518ad0b03d5dbe1a7e158661b571a5a0d7c651fef03ae092b1c4a1082be97dffe24f406dfae6f6498f781b65895a035d,CLEAR,DAYLIGHT,DRY,PHYSICAL CONDITION OF DRIVER,2.0,36.4,5.0,5.0
014125dce94a80cf0d0abd5bb872ae7d0c6b3d904880b95e9978bbbf425bd17047f4ba64d187074db9a2adcf21080385d589725348e60ceeb090bbb8301658b8,CLEAR,"DARKNESS, LIGHTED ROAD",DRY,IMPROPER TURNING/NO SIGNAL,2.0,21.0,3.0,3.0
01413a8bca8a75d1015f2f82689bb81a5ad5b55553269888c0355ec43f78a8a4e0fff8b8663de21c8a181711bb5ae957fee0eba14dc4af432f891b6028910d25,CLEAR,DAYLIGHT,DRY,FOLLOWING TOO CLOSELY,2.0,30.5,2.0,2.0
014147fc224f1ef6955e1e8f2d0857be3d44db5156102161ac400a80996db946e6ac73477957bb899f0f899c5b446296ea858d9c01b6132040df5d58c9d828bb,CLEAR,DAYLIGHT,DRY,DISREGARDING TRAFFIC SIGNALS,2.0,52.333333333333336,6.0,6.0
01417cb8f778be9d3af36df5f397bec39997fc9106d9a763972d2e9cf50147e532f5fd1386a457ce89c8d05f1199079badb3aeef3d19d317ed14c1f664f4dbd0,CLEAR,DAYLIGHT,DRY,FOLLOWING TOO CLOSELY,2.0,24.0,2.0,2.0
0141b46ffe3bd80f28bb061dbfe4a461d4adffb6373b4b15098098e6315d6aa88a272a07e5d64dfbb78a7b7bee21358a4a1422c32a7d4d364b52102aead4dce6,CLEAR,DAYLIGHT,DRY,FAILING TO YIELD RIGHT-OF-WAY,2.0,48.0,3.0,3.0
0141c623f2308278a4812b8701464c0ac03837941f6cc2e03014436580c073cd1a221bb92e72686239c4e6f4c996acc5b0613e934218d31b2f5b6a9bac7cb232,CLEAR,DAYLIGHT,WET,FOLLOWING TOO CLOSELY,2.0,40.0,2.0,2.0
0141c9f0e5c24cc26b619011f88febab907288d0c6cab6e07d393e0552062e2522ee90f353b194a6a12668d5fd3773c93854fc40d71552db2132cbddd7788b3d,CLEAR,DAYLIGHT,UNKNOWN,DISREGARDING OTHER TRAFFIC SIGNS,2.0,33.0,2.0,2.0
0141d2894f4828480f4b886a8c930a4178d893d56870a2c13eb57e948675d30716e60418a98cf1622a0cb4c94e5e584c3616db3b7a12a9838b8966f454bc182e,CLEAR,DAYLIGHT,DRY,FAILING TO YIELD RIGHT-OF-WAY,2.0,22.0,3.0,3.0
0141eccbf03a64307a0de6a83be10c68094afa41f33167342b37d2c7020493655b7a23f531795f2ba5f199cfbf7b7f6bed822cbe056477c117c2480effedf3c2,CLOUDY/OVERCAST,DARKNESS,WET,IMPROPER BACKING,2.0,14.5,3.0,3.0
014267a5f35810a77fd5989468e207dd9b8b6537d26a1d70b985f40dd892a463d6b0f55721467ce52801847a1d686dce714a901d775e49e0694eb46e87ad60b4,CLEAR,"DARKNESS, LIGHTED ROAD",DRY,IMPROPER OVERTAKING/PASSING,2.0,33.75,4.0,4.0
0142e26ce139997556fd43ccf48144dcc4d8a12f6092211b8dbeda2bef849db2a16e9001e6f452eb8b2ab0caba853486938e77d36fc5b26f17ef1625f77153bc,CLEAR,DAYLIGHT,DRY,IMPROPER TURNING/NO SIGNAL,2.0,52.0,3.0,3.0
0142f4025dab37d2c301363d8167be31252e95408ebf95b78fde6eb5c2fa34c6559b66b57d16644fe14924c4d8f5924e9db0a6166bccb01176c9b34d6865e5e5,CLEAR,DAYLIGHT,DRY,IMPROPER TURNING/NO SIGNAL,2.0,30.0,2.0,2.0
0142f4b2da05d75df26f6102b0bcf9a0076ea08e9333ecb41a318ac4d951df5e20fc526802b527378994e6f8d37bb079706fa3187f2e7de5b5624448b190ae3b,CLEAR,DAYLIGHT,DRY,FOLLOWING TOO CLOSELY,2.0,37.5,2.0,2.0
0142faf4456c16dee0d1d266396cf0fb2c1b1a053d9770bb74bf86d60a494c18d080705dc81da4ed3a6d2ff2cf168afa40fe6d4408fad3e58b7ce8e2299983ce,CLEAR,DAYLIGHT,DRY,IMPROPER OVERTAKING/PASSING,2.0,36.0,2.0,2.0
014324cc477ff08d5fdbd5adf6ebf5794825735ae38dfd27936e5b234130cb695ea9826b51d3a61f95bff09facb8ea9b4c377c4f7484e5545a10f0e4a8958582,CLEAR,DAYLIGHT,ICE,WEATHER,1.0,35.0,1.0,1.0
0143400d0b5afb30882960550841304638f0cf9f0baf9e342400a7dd0228d33452084466af4c5c9af144139d4dd33459d5b9698f451dc78a0568e666825812bd,CLEAR,DAYLIGHT,DRY,FOLLOWING TOO CLOSELY,2.0,46.0,2.0,2.0
01435748cb63b2cc128b3bab4ced8adf644d675b23e518d101e38d99d5c01d2726a40b8bbb4b3b1cea37d1a13f226f13608bd1a40edb1f9b054f88b46ed5ef2f,CLEAR,DAYLIGHT,DRY,IMPROPER LANE USAGE,2.0,49.0,2.0,2.0
01435927821a34cb824d2438e8096681f8f2e343cc96443ca6de041f3be35470da4b0bab334ce56de7ceedbbd45751fd032ca4b85939de4e0807773151ff7f7b,CLEAR,"DARKNESS, LIGHTED ROAD",UNKNOWN,DRIVING ON WRONG SIDE/WRONG WAY,3.0,44.333333333333336,3.0,3.0
014360098b0529647335d30ef928b09d77fe632d11c566bb41431b409b4dddc49423e41888b614c827d3af0adaf66254ba536438189ada3706abd6909db03a0f,CLEAR,DAYLIGHT,DRY,FAILING TO REDUCE SPEED TO AVOID CRASH,2.0,41.5,2.0,2.0
014365796fc9ff94a868ac8a9de661a377dd58c8e08cea44fdbce1b770a0a53f9016d1d2766b209e386fb3d02c5ad12d42d4c5d9589f404615f5eba3db85bcb1,CLEAR,DAYLIGHT,DRY,IMPROPER LANE USAGE,2.0,39.0,2.0,2.0
0143830367443365ddd2a4e218bb18986e3a99c9e6b28ed70bae60cbc81fb48e9b09ffe1defc6d8af11fcbccc1d0bf6e4ae008147ffe06571ec50a0a7cde596f,CLEAR,DAYLIGHT,DRY,IMPROPER BACKING,2.0,37.5,1.0,1.0
014393c2e1a4bce9f0a3941240ac0c26508265c458292a1ae338b5f8e03de486b58087d8e5e1eb9440b8d54afd4281c1554092774bf550bcfe49cd08feaa038e,CLEAR,DAYLIGHT,DRY,FAILING TO YIELD RIGHT-OF-WAY,1.0,15.0,3.0,3.0
01439632ff4cdf14f169d70e182850ea6dec6c22929a6f5ac7f86c7fede9f4c3883cd7c46c2a73a03462343607f88a6b95793e64c584f887e5eacdbfdf846fe2,CLEAR,DAYLIGHT,DRY,FAILING TO REDUCE SPEED TO AVOID CRASH,1.0,47.0,2.0,2.0
0143ab7b1416966cb01d75d0b975677509dbf6b529717119e90b8ba0140d072ebea3d5c9625159853afea1a67bd937bd6e562f1b323108b13b024f480248c635,CLEAR,DAYLIGHT,DRY,IMPROPER BACKING,2.0,37.5,3.0,3.0
0143d479ca38cdf8adabd8561de2e5d9883e454847cb732d3f4967d29e982d308d7f85ed1f7802ccdacc8f0ff38a3bd383d1a5c938f02a2b208aba91b3b144f3,CLEAR,DUSK,DRY,IMPROPER BACKING,2.0,48.0,1.0,1.0
0143d9d4d35aa71245c925d51bea1381a711a59492e13d80dcae45c85c95c8230086323693a6484ba00a04bf30133453308c52a02d95e9cf47d792831d6144b7,RAIN,"DARKNESS, LIGHTED ROAD",WET,IMPROPER OVERTAKING/PASSING,4.0,42.0,2.0,2.0
0143f1e2180b2d0ead9e65073c7508bda5d240397cd6b7bd1499c38810fc0cc74740b4d78eee97ad5ffc03b260776274ba11d1fae3c0d4e4b6cd38ac32a9f6d8,RAIN,DAYLIGHT,WET,FOLLOWING TOO CLOSELY,2.0,46.5,2.0,2.0
0143fd433b9aae33b49565ae9d6b958533b83b583ab5f08594dadd94bb62408b6323a283d135b86204e616c5b819e89ffa01150d31a6511c32fe41f7bddd6555,CLEAR,DAYLIGHT,DRY,DRIVING SKILLS/KNOWLEDGE/EXPERIENCE,2.0,34.5,2.0,2.0
014416cc93a788e0ec94969570bee518dc4e767498e41eb27d4f18a3323a5278398c55f67c70215886fd5f3bfd65b1355964cd29c009e87b148a8b25679525ac,CLEAR,DAYLIGHT,DRY,FAILING TO YIELD RIGHT-OF-WAY,2.0,39.0,2.0,2.0
0144529437cd14759e6a6f2fed5f4517ce04320bd3d559c22e30178dca4f4e28ba5a86f3b8107524f7b55b480a16f2430e1ef7ed1284889c3580f6c0c3eab724,CLEAR,DAYLIGHT,DRY,FOLLOWING TOO CLOSELY,2.0,35.0,4.0,4.0
01447708fda7419d6730378a7dd97b381de97e0b9d69e36ef6134f10ef4c0eca0560b55a251eef46898f4723c2cfffe7c61941729efd74962df48694acdbb8ef,CLEAR,DAYLIGHT,DRY,"VISION OBSCURED (SIGNS, TREE LIMBS, BUILDINGS, ETC.)",2.0,30.5,2.0,2.0
01449bc7b6f30b38d508f272a617dca361975ffccdd996753fde28a116159850d32979f0da1d1e5d6f4bc082548f0878eb6652da4bb8979a0fb8d68cac1d2f13,UNKNOWN,DAYLIGHT,DRY,FAILING TO YIELD RIGHT-OF-WAY,2.0,48.0,2.0,2.0
0144c9aef575fac0d0feadb757c82007ee8d32d14995b6239951295b8522465871c9d258dcd3ea481282ebf1eb285c96361f12d8fc418cdab3a07ded1781545e,FOG/SMOKE/HAZE,DAYLIGHT,DRY,IMPROPER BACKING,2.0,30.0,1.0,1.0
01453f476b066839e53f32e45f293d3237d5c4e5f23ee6f839cdf08b3a51988269ad60a91f1989276a94ca13fed775e77e6c0d63d0796b1f27f4b60f6d5843fd,RAIN,"DARKNESS, LIGHTED ROAD",WET,FOLLOWING TOO CLOSELY,2.0,27.0,2.0,2.0
014544147c6a9ecf5777eca48888f972ce74d6f4bc3609e6cf1d570380dcbf81cb757897fa361bcd549b4fdb34dfe243cabf14d7b36b1288fe8aee59a3b09451,CLEAR,DAYLIGHT,DRY,ROAD CONSTRUCTION/MAINTENANCE,1.0,22.0,1.0,1.0
014555cf37d01e869a357a51b2d4306f502c07dea43927104bf55f632e3d4f08663402d10b43e804a8b020fc30cca3cf3393613c94c30ebb7468ceb2b6a7d59e,CLEAR,DAYLIGHT,DRY,FAILING TO YIELD RIGHT-OF-WAY,2.0,61.5,2.0,2.0
01456fde4fc959a0cfdfb2ec611c654e5bfda89dbd5c139145879217cdf3d9fe7492deba93d7810da23a59128347f4558506f5f19b06a0bb08e9e61909490e2c,CLEAR,DAYLIGHT,DRY,FOLLOWING TOO CLOSELY,3.0,27.0,4.0,4.0