crash_record_id,weather_condition,lighting_condition,roadway_surface_cond,prim_contributory_cause,total_vehicles,avg_driver_age,total_people,total_injured
014579da01efa5ede0a7005ad8e20eb4da8f2b9a0d2e496db90b9069f2399f321ad3ed19c81bd3abfa731faa4155f025f5be74ef676e3bbeade92b324221731b,CLEAR,"DARKNESS, LIGHTED ROAD",WET,FOLLOWING TOO CLOSELY,2.0,41.0,3.0,3.0
0145a5e3026918081a6c5c1aaa0a73eac8c72230d6926a459f13bdd0db46029fb82b3132dce5c4ea3f8a2ed464b8ceb245da601e39432cf68f8d108adca17e41,CLEAR,DAYLIGHT,DRY,IMPROPER TURNING/NO SIGNAL,2.0,28.0,3.0,3.0
0145ef3a747ddf28e9038da1540f5e7eab6599c74866294918b666546c09d41af2f8a1b26b19f813a2f9e5608a6f6590e01b897b6b922d6eb6072e6f6b46ea34,CLEAR,"DARKNESS, LIGHTED ROAD",DRY,IMPROPER OVERTAKING/PASSING,2.0,33.0,2.0,2.0
0145fcb68d9b8f63b2e331d5ab5747da8f00ad43f9e20387b32044d4360ab6bbb80adf9ebcc949de666a5d0de541a637c1d9c5dc760af5a63a261a415a820626,CLEAR,DARKNESS,DRY,IMPROPER BACKING,2.0,56.0,1.0,1.0
01460c930dcba837d975a81ff1a7aff1efc642361e4ac60b69b95a17844a3a37ffd0c09407ccce940c772168ce48b5a37eb0b599052616520d6ebcdbe28b4f1f,CLEAR,DAYLIGHT,DRY,IMPROPER OVERTAKING/PASSING,2.0,27.6,5.0,5.0
01462768975a90928a0353fec9310ae04483ab9905444c91541a5b1fb289d45d8319b7d5eb6288e66e41f979d9456809ab0d5a5fa6dbceda9eabb2804cf0e077,CLEAR,"DARKNESS, LIGHTED ROAD",DRY,FAILING TO YIELD RIGHT-OF-WAY,2.0,43.0,2.0,2.0
014653f1698348b1e3ae7adac4c2833d96d747c8197e7c96dce94c1a0490862d2412b6e11efe844450ae1c6a0ec2b1b1ec349d8cb4579bd32f5312179acceb69,SNOW,DARKNESS,ICE,ROAD ENGINEERING/SURFACE/MARKING DEFECTS,1.0,30.0,1.0,1.0
014672d9bc25c4f2381556351269e04d94998dc45fe755c56036f4100904593bdcea7cf844789d7efbdec66cc846d71f45bfe6744574b8d3811ae4c81893b2a5,CLEAR,DAYLIGHT,DRY,FAILING TO YIELD RIGHT-OF-WAY,2.0,34.0,2.0,2.0
0146e90d8e52eb23f2817e7c94ee24cb7454fbc2567f2b6fe9a3bdd0ec50a40413cf1b25be9424fa556101f29e8eb105a62625d761c4f925ccd0a6897356e00e,CLEAR,"DARKNESS, LIGHTED ROAD",DRY,EQUIPMENT - VEHICLE CONDITION,2.0,28.5,2.0,2.0
0146fcac167ad42eefe49b982d2b37465ac0eafa4e5981e84c0dd37a42416ec5188447dd97d751df25a4a5e82e54c9d2b146adbbefc086dfe1233c3beb2de369,CLEAR,DAYLIGHT,DRY,FAILING TO YIELD RIGHT-OF-WAY,2.0,60.5,2.0,2.0
014700aceb19033c613f4b4c49d05125937cda40b944a9fab84268ac809789d853d11b363aae12cdd56d2df1bfca897a6c096dc49cb1850a0c56e5a9fc919def,CLEAR,DAYLIGHT,DRY,FAILING TO YIELD RIGHT-OF-WAY,2.0,29.5,2.0,2.0
014718415c131278633068c5830f8d3106655b17c7e88fe95597817b0c15688d8e27f1ec5d9734513d17f8c5eed145ac0f018acaa84ee25b9a4b22f80839096b,RAIN,"DARKNESS, LIGHTED ROAD",WET,WEATHER,1.0,33.666666666666664,3.0,3.0
014755b02c029101343ad498cc5b227ec7eb3cc31a6d7cd8a4ca978cd1e665c03f9d362780a2df4fe55f1482dc48b3fcc7f8dc80916c838788a9924cec878776,CLEAR,DAYLIGHT,DRY,FAILING TO REDUCE SPEED TO AVOID CRASH,2.0,51.0,2.0,2.0
01475a2778f35e3524a91d3b4819005a441df0aee1da6f58f721206ce1ab11d0569f63293d6fd6c2be7599b5d16e23ad08f626c8f831c5e06145f3773d50d66f,CLEAR,DUSK,DRY,FAILING TO REDUCE SPEED TO AVOID CRASH,2.0,44.5,2.0,2.0
014799a63a6bc309a5d5448726a81b5a4be9bb38435765671924b2f4416c138595b4fe6593e9850fe8dc8afd57c33a38270262b1ebd8908cc96bbc62f3eadff0,CLEAR,DAYLIGHT,DRY,FOLLOWING TOO CLOSELY,3.0,29.666666666666668,3.0,3.0
01479c7a20161e7ab0d0c59f0750c895a4022a69c7e0feb715460ef93905fcc97d2de0b5240350ab9f31141d3670786a80824cc01a2419ca13901a016d625fc4,CLEAR,DAYLIGHT,DRY,FOLLOWING TOO CLOSELY,2.0,52.0,2.0,2.0
0147f9e19eadd207c47d0b50b404353137cfa9f5da6033a54f967aaece16ebaaae2f6fa1051bdf4c875bf48e268cc6de7fda70dac7b2f59471c5e59e6c35e622,CLEAR,DAYLIGHT,DRY,FAILING TO YIELD RIGHT-OF-WAY,2.0,41.5,2.0,2.0
0147fdb0c54b8ea118ef2671a25e7912e0a6bdb1aef2cc512a80c542692e43498df5da50b283b68bdb3d1ffa62e9edb6734fad93f83ad7ecde147d9a14d3a80f,CLEAR,DAYLIGHT,DRY,DRIVING SKILLS/KNOWLEDGE/EXPERIENCE,1.0,38.5,2.0,2.0
014807601590a4b91b81b9493bbd2f9605be4f443efe8dd8d9c678b6d2726d462714245245c74fcd3df06cdf1fdbf71ebf230bf31a9b52222410800171b86f9a,RAIN,DAYLIGHT,DRY,FAILING TO YIELD RIGHT-OF-WAY,2.0,31.5,2.0,2.0
014819aa1879ff943e70114529d7661a31ba5897bf2f35d2389dbbbea94d3a4b12b81a41b76a8b5b28d16c223e5d6fd155561a81a2be9f1964d17e1249eecd53,RAIN,DAYLIGHT,WET,FAILING TO REDUCE SPEED TO AVOID CRASH,2.0,41.0,2.0,2.0
01485a6663093e4389659c18d6a3808b11d9472a5ecdd2777fe335d88361db888886a4ca5ab8b8a9e6504be7aee1a8e053ffeeb1fd913216022edab52474e003,CLOUDY/OVERCAST,DAYLIGHT,WET,DISREGARDING TRAFFIC SIGNALS,2.0,28.25,4.0,4.0
01486cb7f8c5eb3148fc9b0f6e44cb5d300dca1b4f8c769b7e1a40b9f4de4b63c19ff1f5477e77da4b618f04229fe08ffe479aa9badbc3229be5d0940aaa1495,CLEAR,DAYLIGHT,UNKNOWN,FOLLOWING TOO CLOSELY,2.0,58.0,4.0,4.0
01488bf979ec31ff802b016e27c4297704df51132297c55f14e3dcf37898f8e79bae618231194d3b1abb8b21a33228eb4279d416562bffbf85201db61730f11e,CLEAR,DARKNESS,DRY,FAILING TO REDUCE SPEED TO AVOID CRASH,2.0,37.5,1.0,1.0
0148a80600828d0d88cc3f260cc5187fcbf4f278f8d80e8fb2fd6dfc319c40dc2d6b22a9535f710f1238a62e865380ca3fbea9a76dc0762c53226a3f71e4501b,CLEAR,DAYLIGHT,DRY,ROAD ENGINEERING/SURFACE/MARKING DEFECTS,3.0,34.666666666666664,3.0,3.0
0148c6b51b4c306d086d11b6ef57eedf0e72d4f0370319cfeda39073a6f12b043abfb628cf51456943271730936767e52994d56431c65d5d77976e19487c0c9a,CLEAR,DAYLIGHT,DRY,FOLLOWING TOO CLOSELY,2.0,35.0,2.0,2.0
0148cb08bb6db3dd73851330e1f1568a42035f896951b25ce88dac8db590120d2eec52c14ccac9625322ede73c7ef5057df11d08fd76f47da682192347b588ef,UNKNOWN,UNKNOWN,DRY,IMPROPER BACKING,2.0,37.5,1.0,1.0
0148ed0bbcec3db9f4173f697e99976371e4dcb1460ba5d17970a8bf652ea9dc2667c65a4c5354788b77a85ecc24151ee5e008c971a66a9ccc9fc8bf43fd12a3,CLEAR,DARKNESS,ICE,FAILING TO REDUCE SPEED TO AVOID CRASH,3.0,35.666666666666664,5.0,5.0
0148f1f9bb81449a930d57e1023d653f1fff0a7c7ae9f8d1e3c2f4c62bb517d3b506dd67b28ba2b7a945d5dcd995490eaa7f064c2fbdc7b9210038757765060a,RAIN,DAYLIGHT,WET,DRIVING SKILLS/KNOWLEDGE/EXPERIENCE,2.0,66.0,2.0,2.0
014916afa51bf6a63c4f2b8b76f5cab88038471e74d704d1e3be88935328b351254491b39ee88e021a689aa1192805f21ebb7a4d43b00dccf8a4b85d77ec08e3,RAIN,DAYLIGHT,WET,DRIVING SKILLS/KNOWLEDGE/EXPERIENCE,1.0,29.0,1.0,1.0
0149403f493e811411f9d6c64a50bdf16a8f96a7206f9d9b2e0607d2ab4f01f913d72d52fc8936b8ce803723af7206ab9313e056de13fa9b4167eb87a73b17c2,CLEAR,DAYLIGHT,DRY,FAILING TO YIELD RIGHT-OF-WAY,1.0,37.333333333333336,3.0,3.0
01496a99fff94155653983d7f6a0de7ac36958f2f9f3ec2f7fda08dc822f26fe2f5615af3af2b81b4475efabc136d079355ffc5e6235eafd1caf11c6179719f0,CLEAR,DUSK,DRY,FAILING TO YIELD RIGHT-OF-WAY,2.0,37.5,2.0,2.0
01497e357e28fe7ea8d354314a675065dfc1d2019785cfb25d87e6442035507a1827bb7a06f75a9df8fa947340502201a26762ac8e2ef74401f12ef78ceb683e,CLEAR,DAWN,DRY,FAILING TO YIELD RIGHT-OF-WAY,2.0,66.0,2.0,2.0
01498d05fd8f0e7571b41656c3813aab69f43bcf8d1bcc73aeef460251ab79d5adb87967d6e0052c608f0f68b8336b54ad37ddf7718b31770731c6dc92508062,CLEAR,DAYLIGHT,DRY,FOLLOWING TOO CLOSELY,2.0,42.0,4.0,4.0
0149cde5d2f9ea3d594f22d27e5d98df925e824ec6167f89a2cb704114d7168ce9cfba114decefe0d5b1cba82b1d6158909687ec88d3ccd8eea7b8a3fdca26a7,UNKNOWN,UNKNOWN,UNKNOWN,IMPROPER OVERTAKING/PASSING,2.0,40.0,2.0,2.0
014a19f36232a5924337b837dd3bf0721a1c7d125156ad473d86929792080a44f22767cbb922f4b9833c6ae3e316565f6c14e8c2125282b0810ac0e550a78e12,CLEAR,DAYLIGHT,DRY,FOLLOWING TOO CLOSELY,2.0,11.333333333333334,4.0,4.0
014a23e7c69e4a8d7b4091c4dacb1bd7cbc7b0d1f06c2fe0a4ac84fe357aedd201f17c1bcd78ac069d21f71d4bd74cc231f2257b01de31c6ff96fad28b818fc0,UNKNOWN,UNKNOWN,UNKNOWN,ANIMAL,1.0,53.0,1.0,1.0
014a533a21b7866adaba0cd87aceed369a3e87159b1850163122d779f8af62968d586f8a72bd1ced5995668f4ee14d4812681b64c35f80aead45862d60be41a0,CLEAR,DAYLIGHT,DRY,FAILING TO YIELD RIGHT-OF-WAY,2.0,26.666666666666668,3.0,3.0
014a57c3a4a13fabc86f99163f5f3b408aee05e61ede2cfedb9f78e9b13aa59895f9db7933a23cfe8533f9ad7530b9b127d6b0e13a184bf104d773b28116ff19,CLEAR,"DARKNESS, LIGHTED ROAD",DRY,FAILING TO YIELD RIGHT-OF-WAY,2.0,33.5,4.0,4.0
014a5899efc2aa4083c30bebc39b7fcb5d9596b975dce9ef19d2f754f9dbb8a56f2f703a0173121eebeb465454fa7dcb3599cedeca600474f11e638370079ecc,CLEAR,DAYLIGHT,DRY,TEXTING,2.0,39.0,2.0,2.0
014a664405d013c333443c5f404e6fe5fc3bb6684ba9be9504ec3248729e61146f7410bf1a149621c1be08669e0738a502e4ff266fed6d0e4aff125b643f0f29,CLOUDY/OVERCAST,DAYLIGHT,DRY,DISREGARDING TRAFFIC SIGNALS,2.0,57.0,2.0,2.0
014abe33bcba5d269845f667564024222f90f31d586199689d8d429834da92e4850ac7a1a09fa5b0676a1fe2cc8ad7d7ac4b3321aebdb6e19cfd8b350e5e8e02,CLEAR,DAYLIGHT,DRY,FAILING TO YIELD RIGHT-OF-WAY,2.0,27.666666666666668,3.0,3.0
014ac339bace7802831c8877428268de7fec6c3ecd0c0cb3f19b218bf463863ce4415a24ea4b660cb57c42dee89a93e3d656b40dad9dc250a04f9f088b47b9cd,CLEAR,DAYLIGHT,DRY,DISREGARDING ROAD MARKINGS,2.0,37.5,1.0,1.0
014acaf8330f4b49f3343007d799ce43871dbc96e34ef5bba1d7299fc806a67ae0fb9405c1733cb29a8c3da2634a4f7c2143c1e0b70dffea9e92d00804fccc94,CLEAR,DAYLIGHT,DRY,DRIVING SKILLS/KNOWLEDGE/EXPERIENCE,1.0,13.0,2.0,2.0
014add0bfa5c9ac204788f7afb30c3bfc527cd5af5a8c978d3af09f2e712ae78eee549bd4b8aa806bb48a7590dbaebd884b88d0622ecfcb638794f9d49627e77,CLEAR,"DARKNESS, LIGHTED ROAD",DRY,FOLLOWING TOO CLOSELY,3.0,51.5,3.0,3.0
014b0a3ea60e7f7656a26fa9c50c3da8b6a23ab6eb32b78c90b1bca791154e7d994dd741da689948564cf56e72fbaaa37b2a451e63cc9987fa6b02676387457b,CLEAR,DAYLIGHT,DRY,FOLLOWING TOO CLOSELY,2.0,55.333333333333336,3.0,3.0
014b1012eae4f83ed1c9488eff4463e19414780c8044b694946cb1c68f2d6e6848c7dc80fdf84dd3a5e08a0312f8e443e3f0ee5eb422bc2fad5bf9a420aefba4,CLEAR,"DARKNESS, LIGHTED ROAD",DRY,FOLLOWING TOO CLOSELY,2.0,29.5,2.0,2.0
014b1c300d0eec789cebe6f2c05e73a44ee2dfb2d3f08b2d1e3010cab24354f9b61937c265c32b8ac98928dbf32707e5c1d7d9b6d188e1490bbfe31d2fbdc7b5,CLEAR,DAYLIGHT,DRY,DISREGARDING OTHER TRAFFIC SIGNS,2.0,30.5,2.0,2.0
014b2ca90897a0925746ddda26187dfc7b8861c2ef7348ae53895012e8f561956cd6b4663fd95366edec2c1ce413043a21010047c72ac3e1267fef093c473527,CLEAR,"DARKNESS, LIGHTED ROAD",DRY,DISREGARDING STOP SIGN,2.0,55.0,2.0,2.0
014b2e3d9bea68b0f84d0995a871eaf55d083d13b64ed83d2b6c5fffe88713e576d03f28b8d0d8d801a81e322285492944ef1a136f0b7e7c9189be90f481c22f,CLEAR,"DARKNESS, LIGHTED ROAD",DRY,FOLLOWING TOO CLOSELY,2.0,13.666666666666666,6.0,6.0
014b363311d18f4287d9464fd000532d0e37d226366fff5905f70457c2008e51aaa1cf83b58863c5e9de2f35b7bd99351831db27cfe276b08155551e36bdcfd2,CLEAR,DAYLIGHT,DRY,DISTRACTION - FROM OUTSIDE VEHICLE,3.0,23.0,3.0,3.0
014b8c832461e9f6b3391778c82926d88196292265d5135feaf068e9b1d92978540b57baffa6b3714628471307647904e5a3b9c2dae138493a3333c1fd55d7ec,CLEAR,UNKNOWN,UNKNOWN,FOLLOWING TOO CLOSELY,2.0,42.0,2.0,2.0
014bbdf91e1e6dee07696978eb24ab395a34613e5e9e25d3b6d11c9f86f649390a54178660c7f904ded36756a3f3fe9db38ca492cb60e77ca1ea3f6ee5c688a2,CLEAR,DAYLIGHT,WET,FOLLOWING TOO CLOSELY,3.0,42.333333333333336,5.0,5.0
014bd376500341da2e8d2ccbb6fac86d769d40cc580995103d91a79ce79eeed85bbae5742d2b91cef302b91b5019022f0a80f5a3e257b19941022f739be7eeac,CLEAR,DAYLIGHT,WET,FAILING TO YIELD RIGHT-OF-WAY,3.0,33.0,4.0,4.0
014beecf6cef2c7beb062d253db7f56ba8c87510c5e45e20c9027e72358d2ff9a2c0b7a5bf16cad3c67fca597633316f689d499f23b32dbf268375069557f053,CLEAR,DAYLIGHT,SNOW OR SLUSH,FOLLOWING TOO CLOSELY,2.0,60.0,2.0,2.0
014c01fe917c6297a3d54bff0f6afbff62e97ac9dfe6e44191ad67458fd0025af30fe8c6db815775838d99e4158462dff4e6cebc3aa90b5c3340ad1b427b8f30,CLEAR,DAYLIGHT,WET,FOLLOWING TOO CLOSELY,2.0,30.0,2.0,2.0
014c1482464288987380a856530c6959dc7752bfec37fc66cf577ea57196ef4e51e480829a15d4a06e1b17dfbffbf8ab2313426b63b471ff63a4ea93fdc1179f,CLEAR,DAWN,DRY,FOLLOWING TOO CLOSELY,2.0,52.0,3.0,3.0
014c34245176f93b226fc85e7bb70d066ca181f9cfbaa0e1bc7db6b6b374cbcd74cd48778f903f4c7144dd32f9a55293f40379acece90a1c0ac1fd69e1de3f00,CLEAR,"DARKNESS, LIGHTED ROAD",DRY,IMPROPER TURNING/NO SIGNAL,2.0,23.5,2.0,2.0
014c4d5c79bb14cb80c7b53f7313c1a6af24a5e66fb9536510b4eb7525d4302d02b53209122ee7aecb9324d83c6f796345ccc529eb1ceae8ce6cbcdbf9840ad5,CLEAR,DAYLIGHT,DRY,FOLLOWING TOO CLOSELY,2.0,26.0,2.0,2.0
014c60e1f10ea82de49c16d04c9d637af053ee807c2c4e1ebb11f959085f117c49d73630512d7091b68adb6c8a7971ba8386ba489a49d6222e15827675f27197,RAIN,DAYLIGHT,WET,FAILING TO YIELD RIGHT-OF-WAY,2.0,40.0,2.0,2.0
014c63643ceb31cc49019b3bb4af6063020de91c79b781408e987df4d0e156d2dd7f439ff9150ba76c9e56115e1fdd95b3737fb1fff43e07250eb4f8271b5f85,CLEAR,DAYLIGHT,DRY,FAILING TO YIELD RIGHT-OF-WAY,1.0,33.0,2.0,2.0
014cbbd3436b377b1277afd77a8cc1d8f8cb9e5527da78618421cd62f83fa554c57b351035e0b187e9b347c8974c88cad1465fde8fd4f444f4253eafab72418a,CLEAR,DAYLIGHT,DRY,ROAD ENGINEERING/SURFACE/MARKING DEFECTS,1.0,38.0,1.0,1.0
014cd81e9364b8bf53438185ad60f1506ecc99517727e8e99b60b39117d8d3c4cd7f375a6dfabdf78a7e31e583ace80a2419e591d9269d09efac6a6ce5190d34,CLEAR,DAYLIGHT,DRY,DISREGARDING TRAFFIC SIGNALS,2.0,35.5,2.0,2.0
014cfdd348146870ceb281f7675c577cba4486a3caf404d4c7191bf78d60b318122b9763b628a3fb72fb0f215555897159c40c128101b75ec8c92302fbcc8691,CLEAR,DAYLIGHT,DRY,DISTRACTION - FROM OUTSIDE VEHICLE,2.0,35.5,2.0,2.0
014d12d19a75b6ab61fabfd00b251e54cd515497854d32eb95e1031609cf40d01dc3974a37ef70fcbd74b8db0a3117d66385564c95b7823a96032fb57badb875,CLEAR,DAYLIGHT,DRY,FOLLOWING TOO CLOSELY,2.0,67.0,2.0,2.0
014d1c97991954aed6bcec2972f168faeb5799a4e26ac2359fd2c6594ba107d53852ff88489cc5176a355ed53d3ca88bffa9da443807a11b00d99b56fc5d64a5,CLEAR,DAYLIGHT,DRY,FAILING TO YIELD RIGHT-OF-WAY,2.0,40.5,3.0,3.0
014d3fa99c5a78f220f6ed7d13ecf7de5b1cbbdd3c51ded27ef6b96e6fb7dd2559ae3a8115ee5d7694bb766d81f4dc21bb339abd9710e025ffe56e8864c9c4bc,CLEAR,"DARKNESS, LIGHTED ROAD",DRY,FOLLOWING TOO CLOSELY,2.0,37.5,2.0,2.0
014d63a0e1625a3558202fa558837b20c00eecc4113db495a81137f010087125416e9b16264d76bbe2ae2f2b13b87d5e32357ad934f8565b85a4db9b4358c4f2,CLEAR,DARKNESS,DRY,IMPROPER OVERTAKING/PASSING,2.0,55.0,2.0,2.0
014d67a9deceb21f6bb150389291708ad378fa1db3ab39b12ae94e1ac4bbd28b7b6a61c871ac91dc8cb0c89aaf3d9d99778301955a1e0ba3d5f529215732241f,CLEAR,DUSK,DRY,DRIVING SKILLS/KNOWLEDGE/EXPERIENCE,2.0,27.0,1.0,1.0
014d71c9f999137fcf3092d1bace709508ac4708c2242eb4d2edf6bf577cfe2ebaaf24fb7105c55bdc68f5e92616d425d24117142ec9be6dde4bb429d2ed8c5a,CLEAR,"DARKNESS, LIGHTED ROAD",DRY,FAILING TO REDUCE SPEED TO AVOID CRASH,2.0,27.0,3.0,3.0
014e2f2c1f6601a61e37f41a75e9de7ab2ebf7ec364b7a497be9cad0e00e0f1c61a0eff8e94bec953baa2e5d46663dc270261af89dc0e111ae8c043aeca32500,CLEAR,DAYLIGHT,DRY,FAILING TO YIELD RIGHT-OF-WAY,2.0,43.0,3.0,3.0
014e338ee91f2c0906fff8898b16625c5ded2af4f7883e5fd78f3b86af2e453c8c1c651be5a821880bbc13628ed398163e1b212ab07ef1416272717f8cfe1df5,CLEAR,DAYLIGHT,DRY,IMPROPER TURNING/NO SIGNAL,2.0,24.0,2.0,2.0
014e3fa02340e50c8e0dd486fb093262fd001b458ad0d17438ac495f8e00f3922fd85670cd622a700d24f0f79f5ed13608e7726e0356e487d036cceb1efd71bd,SNOW,"DARKNESS, LIGHTED ROAD",SNOW OR SLUSH,DRIVING ON WRONG SIDE/WRONG WAY,2.0,29.333333333333332,4.0,4.0
014e5daa98a0be09336aeccc554bddb7426ccbb74392d44d7c67555e2caf528c561cba30146085481edc80e6449541e69ca97775cb34fbc0172bb88471517fc2,CLEAR,DAYLIGHT,DRY,IMPROPER LANE USAGE,2.0,27.0,2.0,2.0
014ead1866c43fa8be920adc68ed1afea2f12ef49efebb6ab1796a63dcf23daa63512ec7ec0f298d7bd3d910dc6e933e47f5f8fa86e85fc2f7e5cf38596415d3,CLEAR,DAYLIGHT,DRY,"VISION OBSCURED (SIGNS, TREE LIMBS, BUILDINGS, ETC.)",2.0,39.0,2.0,2.0
014ed59312adb57e86f9cdcba5d8272577e9678b1cc02b2025e7a7cb60f6e4fc8606c51b7d750dfea82149d229a0867bb6a932c9c005b27011c4ab2da54a402e,CLEAR,"DARKNESS, LIGHTED ROAD",DRY,FAILING TO REDUCE SPEED TO AVOID CRASH,2.0,37.5,2.0,2.0
014ef3bffb3b5365de0869890db306655129fe070ab8b0510f1cccdfbf7bf36adb885bab632062ab47ecab726a5df077a037bbff92a86a580cc058abb4a2aa7b,CLEAR,DAYLIGHT,DRY,DRIVING ON WRONG SIDE/WRONG WAY,2.0,19.5,3.0,3.0
014f19e2c9f2122f639e186bb79a802aeb6d62e5196bc0868b6e97ac9a6edb60f83783ff42c5f43e654a4b2230de70414600506fc37f4f16e37ce9dce834ea24,CLEAR,DAYLIGHT,DRY,IMPROPER OVERTAKING/PASSING,2.0,34.0,3.0,3.0
014f6598161e717bcb80dd877d211d9be2dcb62f204761d14cfa516cab58ec858eb6fbc47144a446576caaa4fab6f6c607c8032f8058001478b42682ca01de9f,CLEAR,DAYLIGHT,DRY,DRIVING SKILLS/KNOWLEDGE/EXPERIENCE,1.0,44.0,2.0,2.0
014f7722b9ec62fb66893278b70697c85bc507cec127034ffcf20779bb3fce94ea87d54414d01a5b6fedd2c8bd46687132657bac013fd2e593576fcd84a4aff0,CLEAR,DAYLIGHT,DRY,IMPROPER BACKING,2.0,55.5,3.0,3.0
014f791a57fa682479fdd4896fcd367ba3da15ad20f723a4f4a565497f3cc047b2c661c61e4e8e7e528f1630687182311d1488d4ed5e81b903af07f7a5471da1,CLEAR,DAYLIGHT,DRY,DRIVING SKILLS/KNOWLEDGE/EXPERIENCE,2.0,37.5,2.0,2.0
014f9b7027e7b96e5332efe72c250d96a9d90e4c6a3ef4e4ab6796facce64d5b3f3ebd9ada717d0a3160ef34359541aa2125a700302255bed5a09e04868f9669,CLEAR,DAYLIGHT,DRY,DRIVING ON WRONG SIDE/WRONG WAY,2.0,61.0,2.0,2.0
014fcd8ddd9cdcf01c6b2920cb2afc3b20f3ba184e449f5113b1bbc5be3d48e50ebf9f95d63cecb73f35818a08461b6a663f0246b57a59bb0b4a947412533896,CLEAR,DAYLIGHT,DRY,IMPROPER LANE USAGE,2.0,35.0,2.0,2.0
015000fdeafe214929c9e358b2e26c5ded0f0e21f497e577c22cdcc0966df121d692966e42c3f6ad6c5345c8d95b87e4c868e0fae2ad0de9a3d872168e974006,CLEAR,DAYLIGHT,DRY,DRIVING SKILLS/KNOWLEDGE/EXPERIENCE,2.0,26.5,3.0,3.0
01500cf3de7ae5dd957a4f20eb220ff7ecb1f893cbad245b1d7de1b52ec1b2a53c5e1972eefaca8abd9681addb3a47aec71b6bfee29502dcdbe94a318a503b42,CLEAR,DAYLIGHT,DRY,DISREGARDING STOP SIGN,2.0,33.5,2.0,2.0
015056b3c3128ddf2980130b3211d1eca042ce3584bf6f770d3fc2d9b4a919a49d5caddc4fb80606fcd1b97779c55cce42ef85aa0ecf9951d15ee85c12d585af,CLEAR,DAYLIGHT,DRY,IMPROPER OVERTAKING/PASSING,2.0,56.0,2.0,2.0
0150610d30b3912e9248dd02d0472e2777107f2b056d5a9e4e37464a861c8945b10b9ef6191d81b960f4c01a1ed1ca0896060209a0a943d479381fd9c6f1dfc6,SNOW,DAYLIGHT,SNOW OR SLUSH,IMPROPER LANE USAGE,2.0,37.0,2.0,2.0
01508a2ccb645d08b9a0584da7b25ef62f881987cd474d0cd1c28aa5148febdb0fae9976de44fe9d681db805683ae7795f2c7e4d3ef5d4a61b0d64a78f3d5c6b,CLEAR,DAYLIGHT,DRY,"OPERATING VEHICLE IN ERRATIC, RECKLESS, CARELESS, NEGLIGENT OR AGGRESSIVE MANNER",2.0,43.0,2.0,2.0
01511b823460c76f9b9104ad0fe65133ad4f06ed6e7c4f6dc27927ff0e7df9a49692c6378199e5b64bd39a8fdacaf51531f8cb5d78a6605b6c509e28e5590a76,CLEAR,"DARKNESS, LIGHTED ROAD",DRY,DRIVING SKILLS/KNOWLEDGE/EXPERIENCE,2.0,32.0,2.0,2.0
0151241482352735093e5528454c27ae2462a69672a2a16d044af817d9a68f23d12ca987f81742e7ff379a20cf123864b4e19563fdf04aab8e4a567c3142deb2,CLEAR,DAYLIGHT,DRY,FAILING TO YIELD RIGHT-OF-WAY,4.0,46.5,4.0,4.0
01514114b3947325cb4eecb153012791491a62898c52cfd909912fa32f57d54227d2291cf3589849ce36b24ae2dabf6ec180e68ec9b748397cc57a4963b75b44,CLEAR,DAYLIGHT,DRY,UNDER THE INFLUENCE OF ALCOHOL/DRUGS (USE WHEN ARREST IS EFFECTED),6.0,27.0,2.0,2.0
01519bdd5ca19bd1cbbeb2058a3ed7d82c9cd7bf955cd4c020d93c9d2440787dc024bf62bb4ea1911e2dc2588fa52b7cbf90fd529df5668c0494fac945f39126,CLEAR,DAYLIGHT,DRY,FOLLOWING TOO CLOSELY,2.0,61.0,2.0,2.0
0151b2feffb2e4905ec263297d53e7cf02665be791925e3b6ccd1fed411fd3822ae56ae7442d3d5a3cd98cb85c6f027aa15c8c0cc70ad183cf216b7739b9a907,CLEAR,DAYLIGHT,DRY,FOLLOWING TOO CLOSELY,2.0,43.5,2.0,2.0
0152080bab772568d7cd10d154e46bc56d859f26175a61ca6ab1fad19e3326a83286c0396e6d6d7a59d0117047e0cdb0ffc4b24edf1798fa50bb34286c95d69d,UNKNOWN,"DARKNESS, LIGHTED ROAD",UNKNOWN,IMPROPER BACKING,2.0,28.0,5.0,5.0
0152165ffac65e2af9d9ccc781744b01e78e8104e0a376da94110167a1ffb65678de0462f4e410cc541a4dd1210dc500701e61bfbb61406e685cde63d88827c4,CLOUDY/OVERCAST,DAYLIGHT,UNKNOWN,IMPROPER BACKING,2.0,28.0,1.0,1.0
01521dc4814f2c6034b24e6cb5fae635f96e4897e9202538f8364fbd35119f1fb6d41d63f725684d1fa9eea47306869489bcda38ffd4e879953c60a5f5825002,RAIN,"DARKNESS, LIGHTED ROAD",WET,FAILING TO YIELD RIGHT-OF-WAY,1.0,38.0,2.0,2.0
01529f667e1d546a4a668f3e787e78d7790370e2f731e67580622928fcaa8b4cc0f4ad2acaa92ec85e30139d0e5908b127ef1d3ebbb2cce57d3709f47878541d,CLEAR,DAYLIGHT,DRY,DRIVING SKILLS/KNOWLEDGE/EXPERIENCE,2.0,29.0,2.0,2.0