crash_record_id,weather_condition,lighting_condition,roadway_surface_cond,prim_contributory_cause,total_vehicles,avg_driver_age,total_people,total_injured
0152a7d1574d8fb6c90b13b5b6aa7514ae97d799bd50f9fe7c8b21c8d7af172b6e92bb32fa80db9775b31764103df5d17b87eccb25a68907babcad917d769b4e,CLEAR,"DARKNESS, LIGHTED ROAD",DRY,FAILING TO YIELD RIGHT-OF-WAY,2.0,31.5,2.0,2.0
0152da259edd410db39c6809fad4020268ae1715d843c7d240facacf6255ae110da26764f3cdd974314d3608d79cde496f296281247088bb25f575861acb8104,CLEAR,DAYLIGHT,DRY,IMPROPER OVERTAKING/PASSING,2.0,41.0,2.0,2.0
015318f2c9658f59b78ee6e65f56d052eb4d1e557e54b977166c35c3ba32fccff9cffedd91884df3707e02b98e88c0c4b08faa38ac2afee9292ce5cf5061aa23,CLEAR,DAWN,DRY,IMPROPER LANE USAGE,2.0,28.0,2.0,2.0
01534af07ade9868b118cd3d4bd91f1a8310655a47e3362088d303ccbb45789e8f5c2c4668e4da2d81deb850876b1964d3775a64969179cab091d2d0ae765df4,CLEAR,DAYLIGHT,DRY,IMPROPER OVERTAKING/PASSING,2.0,24.0,2.0,2.0
015368064659c39e19f8f2440a3f5feb048344177447da571e2e0d0a20757ac0ff86a4df2e2e8b401c5f06cb602dfd8a28974453653c1f77901a0de2625f84a9,CLEAR,"DARKNESS, LIGHTED ROAD",DRY,IMPROPER TURNING/NO SIGNAL,2.0,42.5,2.0,2.0
01536ac21a799fef7a5a75f1ab186a9eda396c84cb5db1e88761f165d8faab66091652ccb19962d5bc6a2363af4684219c51749773b1e79b05dab6f1875d4b99,CLEAR,DAYLIGHT,DRY,FAILING TO YIELD RIGHT-OF-WAY,2.0,62.0,4.0,4.0
015371ff07f76414c7cb433c7847e73d02e6bae1501072d7a4cde8924de924419a74bf868c404b34a63647f6d3439eee6c7bbe8ce8c098c648dbcf25a75ec359,CLEAR,"DARKNESS, LIGHTED ROAD",DRY,DISTRACTION - FROM OUTSIDE VEHICLE,2.0,54.0,1.0,1.0
01538ecd3cd04ae2596d6148ee9f075c68974e6539dd2b2cba5c1c113fc47a8ecfb98a22c38b80236c06313f12db3e51fb4e9c39eb7327d4e3c18624e28b9762,CLEAR,DAYLIGHT,DRY,FAILING TO YIELD RIGHT-OF-WAY,2.0,47.5,2.0,2.0
0153dd8d6d4470e38cd59fd9d2d09a11e623c1761384e7d4030f3fbdf1f53e8f4ca789b69f2bd855f5216e124714988897c896a989e4bedf870cd4cb0132d676,CLEAR,DAYLIGHT,DRY,FAILING TO YIELD RIGHT-OF-WAY,2.0,55.0,2.0,2.0
0154027b8a115ca8b828649f9e2a5da428322a30d6ce1d25ccd0ff9b52533415141abca702c9ee2e391a6da3973a2620ed75ffd5e6cefe77c612b3cd0061ed38,CLEAR,DAYLIGHT,WET,EQUIPMENT - VEHICLE CONDITION,4.0,20.0,1.0,1.0
01540c71c8df18851bcd02f336963f52d64983d93684f2879c267d89ed49c5be40a522e72454274833d56266ddcf388bc861d5da6c64992f3188d3014afef5dc,UNKNOWN,UNKNOWN,UNKNOWN,IMPROPER TURNING/NO SIGNAL,2.0,40.5,2.0,2.0
01541a96fd111c79fcf89afe76450a505856eabb917db2ed108ae2ecba5bd374a7dfaead17bafad97a491c9e4828936f7fe7867fae5c96dd359138c3f626e8b4,CLEAR,"DARKNESS, LIGHTED ROAD",DRY,FOLLOWING TOO CLOSELY,2.0,43.0,2.0,2.0
0154325d2eee92f1a7dc4e63d50bcb544d1365e135285965898382693c3fb32f8b086a2bd6eb246098fc2ef30bf52d14cf7b0ffe0ad07a5bb394194142c6eaf3,CLEAR,DAYLIGHT,DRY,IMPROPER OVERTAKING/PASSING,2.0,22.0,2.0,2.0
01544a9caa114d84445f853a9defcf9c6fd8f9cc92631ffd0893c44a5e605b4400ad4f43f4db5f741ea2728b9d87274044720147a8c81a9cb92c772954cbd4af,CLEAR,"DARKNESS, LIGHTED ROAD",DRY,DISREGARDING TRAFFIC SIGNALS,2.0,35.0,2.0,2.0
0154661b3a7cf7ff77a330ff5328e9dab94952c818d73f5de38ccb0128ac4169bd3a55718680450f0878e06fa1a573d87be0423124ab9b8ed3eb436e18eec459,CLEAR,DAYLIGHT,DRY,IMPROPER BACKING,2.0,76.0,3.0,3.0
0154673f525f35171741cde249022dc03508805c081d64522873429ab86e9c35b04efba04f94fbc0b26663d47a25a7c8be4f92d4557de0d26e85315898f9cd39,CLEAR,DAYLIGHT,DRY,IMPROPER TURNING/NO SIGNAL,2.0,34.0,2.0,2.0
015467cd41081e8913d5cf16ff7258a57aff9f47e68f2cf4cfa32e4d672806bd41d0932443b26711348887034076a337eaaeb421794ff90d2e4cb2c3c3e2f52f,CLEAR,DAYLIGHT,DRY,FAILING TO YIELD RIGHT-OF-WAY,2.0,67.0,4.0,4.0
015480f1f35fe56738c1d48c30ac238eb7b96b39eb149d692a7cac6f86b99e8aaf09e72dcf921efeaad6447df865dea4cd2e4f5604a727ea16f18b83c9f77485,CLEAR,DAYLIGHT,DRY,IMPROPER OVERTAKING/PASSING,2.0,43.0,2.0,2.0
01548df29f67c2c2c961cd863af3885f85a5d4a313217f47058f825084f75abde05ce462a81032c0846bbd00429a925dc4761ba2e9d5f17df74b3a11fd8c7c39,CLEAR,DAYLIGHT,DRY,FOLLOWING TOO CLOSELY,2.0,40.75,4.0,4.0
015499685341856211073eb95432ef335d117d99a14a7406f912330013eaec04d973f48d3a52cfc1a127118543e413eb7296bca65f5e4d8554e02ca72b02f8ce,CLEAR,"DARKNESS, LIGHTED ROAD",DRY,FAILING TO REDUCE SPEED TO AVOID CRASH,3.0,41.666666666666664,5.0,5.0
0154e16aef7b79fb5a090efd3b72bf7940416a4921b4be0106611b8abf0e1c135b43516493af750bcaca0ea2b14170c469748ff52f5dfe8ade46692f7f4ddd88,CLOUDY/OVERCAST,DAYLIGHT,DRY,FOLLOWING TOO CLOSELY,2.0,37.5,2.0,2.0
0154ef44e09564beb45fd04ea9bb50996841fd6b3f2a404d64c019db7ff028c2b079866bca4ce6a3c268292f630b5be1aa92d7e746e9960ccd704c6def2d300b,CLEAR,DAYLIGHT,DRY,IMPROPER BACKING,2.0,49.666666666666664,4.0,4.0
0154fe644fe4c869280df53efb16941e0b73bd141e8ee3265ca3213437563ad1be4438397016743cbfee97fdc6dc53cd8ce195f161230285972dda5f040c57d8,CLOUDY/OVERCAST,DAYLIGHT,DRY,DRIVING SKILLS/KNOWLEDGE/EXPERIENCE,2.0,67.0,1.0,1.0
01551137535360d9d6d4cb4996dbfcb505036b30a1481ddd34cf43c5e88dd64701f6d1bde7e27fa76a0d3de2f7985fb8da91f03bf56d0353c7e2d24685f12373,CLEAR,DAYLIGHT,DRY,DRIVING SKILLS/KNOWLEDGE/EXPERIENCE,2.0,42.0,2.0,2.0
015528787a77cb89bd326f0df61e76ac4abcb989b824bdd31dcdef6428d27180c48d274a761f79227885d1e6f802ab6176ba278265361662307c2e52d6dacd1f,RAIN,"DARKNESS, LIGHTED ROAD",WET,IMPROPER LANE USAGE,2.0,49.5,2.0,2.0
01553384560701c7288624861bdf04ca09d1d7c9799e1dda12ea687aea8b5a783ee472bee4ffbadaf8e39d66aae7de34b46f6695d58b8deb199c31cb14e11006,UNKNOWN,UNKNOWN,UNKNOWN,IMPROPER BACKING,2.0,35.0,1.0,1.0
01554327db8d9d7d142b8d3a9208d8ff03cccd9e601093640f8f96454ede48ffa12e3d59a9014a1d9c9de37b02867a2aa9d4525c43f267a875c63e2fa370cb60,CLEAR,DARKNESS,DRY,IMPROPER TURNING/NO SIGNAL,2.0,39.0,2.0,2.0
01555e1a6c169484ec61b0617a9dec25a53ca7b18a37cdc5f4b5cdd6a504dbbaed7f6f7a6827b2dc7b621abd0c419ea9ee63f42b25952dfad2598cc64328af16,CLEAR,DAYLIGHT,DRY,FOLLOWING TOO CLOSELY,2.0,11.666666666666666,5.0,5.0
0155d5faad3dd9a9b01f9f2c02aa80da8365ba835fec08ca12d7c997df88f43da237165c4c947d832efa86d8adae34e497746dc0033fc374340a50a473c184ce,RAIN,"DARKNESS, LIGHTED ROAD",WET,DISREGARDING TRAFFIC SIGNALS,2.0,51.5,2.0,2.0
015609fe3524fc2bbe5d53242fc7a6f0781e21271bbda0ffc07c607c0b0c6461491759e496548ea6c977a142bbd645f46687db14e539cbfe0446edfc8537b5a6,CLEAR,DAYLIGHT,DRY,FAILING TO YIELD RIGHT-OF-WAY,2.0,37.5,2.0,2.0
01562d3d4bf54fd5aabc1149785432096954a9f8b7409c87c2e2e3f978af56d2a2b0651e0ec4620c6efccbfc2cd40a01cdbfab62113a3ecee24238207d8b1ad8,CLEAR,DUSK,ICE,FOLLOWING TOO CLOSELY,2.0,42.5,2.0,2.0
0156559d37227c2ca17bcc3f55aa848f1f29e84be15a0169610bc67fe67273c16cb97286394ea55dc79961555c729f1d257ca720ac71224ee6911407c15ec011,CLEAR,DARKNESS,DRY,DRIVING ON WRONG SIDE/WRONG WAY,2.0,38.5,2.0,2.0
01566f318cf92e9afc42904d96648bde1d15380c3e94cdc56c895cbe010bf39ea09de358e99af9a0e738326a2b7adfc7b971fb57cfd5271625775ffece928ac8,CLEAR,DAYLIGHT,DRY,IMPROPER OVERTAKING/PASSING,2.0,29.333333333333332,3.0,3.0
01568479157842e1a6a83e25d50ca4d408a6435c4199e28e990e942dea9760de52250c63eee028dee2e39e0eff43c8321483917233bd8e44cf842b59426ac83f,CLEAR,DAYLIGHT,DRY,FOLLOWING TOO CLOSELY,3.0,25.5,5.0,5.0
0156ade0be775f2226152a7442dbc1360175adde69726c6d0e6faa13126ccf44e66c13ee70f78de07726bfecc4fc926906b094d85e43141a4c2cb19db618b1ec,CLEAR,DAYLIGHT,DRY,IMPROPER OVERTAKING/PASSING,2.0,59.0,2.0,2.0
0157210b31ba39958915239b35248f83418e3281f4e355033314f5f7a1f5849ea11c9f199650d4436eb4cb98dfd643b03cd0708a51edff3647953bf2f549241e,CLOUDY/OVERCAST,DAYLIGHT,DRY,FAILING TO YIELD RIGHT-OF-WAY,2.0,55.0,2.0,2.0
0157551409fdc5c7764144b6d770bc7ffac29c36e6bee214566a530900a44acd3d4a19ab7ce7292dc807d5cca774e32c5cbd99650a932e8f7c4060378fd37443,CLEAR,"DARKNESS, LIGHTED ROAD",DRY,FAILING TO YIELD RIGHT-OF-WAY,2.0,58.0,2.0,2.0
01579dfa86889f7d9c83638bef0ac968679fe3e0f9efb5d094454d188a37fcdb06834eebf7084cc702771850980d7f53be7561573c252cdc2db8b286a86da9a8,CLEAR,DAYLIGHT,DRY,DRIVING ON WRONG SIDE/WRONG WAY,2.0,52.0,2.0,2.0
0157ab07cf1b911c81b0114e6f340a1a3600c5aa7fbe0f306239cbe0c0eba804d968e96f71f2f22d6a27952eeab1fc9ddd03596d82b0b8b8d84965ab3058c6de,CLEAR,DAYLIGHT,DRY,IMPROPER BACKING,2.0,38.0,3.0,3.0
0157ad79a9a1081331f35d951d9235b8496b47de1806adb923299f48e1ed5f4ed22fd023b3d997794f4fa94da243525ca486913eac4e48fc2c0505f2f9c60bd6,CLEAR,DAYLIGHT,DRY,FAILING TO YIELD RIGHT-OF-WAY,2.0,49.0,4.0,4.0
0157df64520e215ad943807a639b32b2ffc2da498238c489511177b52e1dfc488266258dc25f17111ae30dbb124fc3ba60b91820b5ad216223c084bb99a4a0d6,CLEAR,DAYLIGHT,DRY,IMPROPER OVERTAKING/PASSING,2.0,32.0,2.0,2.0
0157e068289e8931da7cd49dad826aa6e1522b080b7f75dfc845e6938ad053f091ac244f43df6802a58341554c2d1e70f3665c12181df91c10e011ab32dcae64,CLEAR,DAWN,UNKNOWN,IMPROPER OVERTAKING/PASSING,2.0,51.0,3.0,3.0
01580b3a172e734dcb77dc1ff179279c801961dd308e245cf05b2bbbf43c758b7649ac7bb66bb71ef49d34a2b352c2569d04eafef6242f8dea483007292b989f,CLEAR,"DARKNESS, LIGHTED ROAD",DRY,IMPROPER TURNING/NO SIGNAL,2.0,21.5,4.0,4.0
01581b2b551aa7e3b01d01d96403d39b2a59dea786459d390ca792f28cc9556929cf60ac6617fca1efef3bebfbe0d19c6cde942bf51b403a7275984ba5a8c436,CLEAR,DARKNESS,DRY,FAILING TO YIELD RIGHT-OF-WAY,2.0,29.833333333333332,6.0,6.0
01583c36aa9c3b5a3386677e95fd590fb5f9e5c44ff32294feca068821bfd03728415533fc78fbd1ec931ded14978c32373e13e20e5e408695c9209b13a254c5,SNOW,DAYLIGHT,SNOW OR SLUSH,FOLLOWING TOO CLOSELY,2.0,23.5,2.0,2.0
0158494f02fc69bdfcf1381bafd9866bbbcb7fd84dfae4ba3750dbfee5586dac271025a12a66b6aae8a1ba152636a98cf21d86e3f76bc2f184787d4905d9978a,CLOUDY/OVERCAST,DAYLIGHT,WET,FAILING TO YIELD RIGHT-OF-WAY,3.0,32.0,2.0,2.0
01584d95897dba421d3e35d8f3c43ba6085e27d32bf2b2ce234e384a1f0fc845a3945b5fb654f4c2ea90d904590aaf6cc001efcbe7e92e26f727abd5404da1fd,CLEAR,DAYLIGHT,DRY,IMPROPER TURNING/NO SIGNAL,3.0,44.666666666666664,3.0,3.0
0158a7353af35f64779bb1d82e5fe02061380b6c9f6d6c431e81a3e6b8e0cc7b74c0e19655566855626adb3aa5ef3e546659569eda2a500032841c2b6af5a798,CLEAR,DAYLIGHT,DRY,WEATHER,2.0,37.5,1.0,0.0
0158ad99d77302ed6117315134bf8c8868fee55e025ae70fda5c6490a3a1768eee1ea7e904d2c4e36da2b978d688cb3308cf2e6db95abf47db12d68ca551d34b,RAIN,DAYLIGHT,WET,FAILING TO YIELD RIGHT-OF-WAY,1.0,21.333333333333332,3.0,3.0
0158bb663a26d9d5ace668aae5ddc3246ff3e66bb2cb278a59fa4bb72b8f58dd5866ea71f95ecd01c413f56bc3d330fc312d916c06777aa51da35159ff7ee534,SNOW,DAWN,WET,WEATHER,2.0,55.5,2.0,2.0
0158d21be50e7e54d1c389f6bac76bf7e0efba1e85e8a05d884d00c691cfa91b60ae026fbcca434a3ca7b3f2559916c1a37885ee55dee9671467a43e0e976bb3,CLEAR,DAYLIGHT,DRY,"OPERATING VEHICLE IN ERRATIC, RECKLESS, CARELESS, NEGLIGENT OR AGGRESSIVE MANNER",3.0,29.0,2.0,2.0
015964bfafe3dbe73e1b29251156b0c2e6b68efceaff3fd14aa9567bf41a0306a697d680967baecd108c96b4fe4ae4530e13c460fc16b58d04550f58ed46027f,CLEAR,DARKNESS,DRY,DISREGARDING TRAFFIC SIGNALS,2.0,31.666666666666668,3.0,3.0
015984e5a036bb419aee18b5680bebdd61397f83434d78426dc235c3fbed6013eee5274b6b727a6be947b6048b1501629b3bbf5f665fe5264ae887b31c831946,CLEAR,DAYLIGHT,DRY,IMPROPER OVERTAKING/PASSING,2.0,28.0,2.0,2.0
0159c6321d932347641612b9830dea660ffc62ce6929b4e2f0134c7801e4629a305c6f8f052b178d2e7a631c0561a0106526304e8713646d4ed2e816aa2867c8,CLEAR,DAYLIGHT,DRY,FAILING TO REDUCE SPEED TO AVOID CRASH,2.0,62.0,3.0,3.0
0159fb18a4774ec6d564aaf110075ebb32ad90e231a38df7b64a1458a678a90b9df6ee8f17188f7f7ccab2ba1a733a3424d05f309de437fa8dcea0402fa57390,SNOW,DAYLIGHT,SNOW OR SLUSH,WEATHER,2.0,51.5,2.0,2.0
015a0c5bf388de04ea7ac513e7376333065590e0278772ee8ddd0be50f10936c531e050ba0734f012c0005cd0745f0d5370ca0a2b97406773cec6e57c3081add,CLEAR,DAYLIGHT,DRY,FOLLOWING TOO CLOSELY,2.0,34.0,2.0,2.0
015a1c9c411819ffdd8778afb61bee73b65bfe044ae30f352d5dd4c7b2c362e2edc02b7c58df868e186182d0f0c2bfb61ee45cdf22f4e18eb1665f44a92c6e24,CLEAR,DARKNESS,DRY,FAILING TO REDUCE SPEED TO AVOID CRASH,2.0,38.5,2.0,2.0
015a1e2bd329410a5721c4b0cd9545a91d86f8349359530149b4582ac4f82f7594c5fe0e2688136461ad238d80c5058e426fce27c7fd8068e5cabafb5d88f425,CLEAR,DAYLIGHT,DRY,FAILING TO YIELD RIGHT-OF-WAY,1.0,54.0,2.0,2.0
015a2066c957d64758262e944a3520974e11690d3fa22d38a108264553f3a444735f858ddf3e674e876bcb0bec054f73ef3e3d7997127821ec466615aed2c37f,SNOW,"DARKNESS, LIGHTED ROAD",WET,IMPROPER OVERTAKING/PASSING,2.0,44.0,3.0,3.0
015a30c510a8905c2fa4f503d98d7b2f2d66b897bb8127f6f224fa78af56adf3f3b0455131f3053fc7ca7b07ab8358a02ece1581fbc9582fd804e7dcec0187c0,CLEAR,DAYLIGHT,DRY,DRIVING SKILLS/KNOWLEDGE/EXPERIENCE,2.0,30.0,3.0,3.0
015a40a948fa35b52f1a79b135bf89a27d8d6b5f55591e640c1407562f69605882ee5f80f41f83992b5f70a59a3d394b00c86e228c579be57f0081c044e38f21,CLEAR,DAYLIGHT,DRY,IMPROPER BACKING,1.0,63.0,1.0,1.0
015a42ea2eaec336919eaefd985961fb2fe18c71e8dd8d711408fde1a85cb5e92b46528e782a80ea4d99e2bbdf102f9ca8a3855a10e470b2c460aec06d5350bd,CLEAR,DAYLIGHT,DRY,FAILING TO REDUCE SPEED TO AVOID CRASH,4.0,16.75,5.0,5.0
015a8bc4bb91b267213c74d6e7b7c59db541d3549954f15815eeb0b157471d94c453116590ebbda927fb93147313afa6c1ca6cd1d28be42330c0fb388b525240,CLEAR,DAYLIGHT,DRY,FAILING TO YIELD RIGHT-OF-WAY,2.0,40.5,2.0,2.0
015aadb67220fc397a3d9f63df8694f9d204e3498d2256b12043c7fc8dc92ec3d4d0964ae2bca2805c22af7c6813eae64f78598f929ba62dd60f06272003e113,CLEAR,DAYLIGHT,WET,FOLLOWING TOO CLOSELY,2.0,28.0,2.0,2.0
015ae49fafae9927900f5cf4c244b3af64dd4369f63813f36bdbc9fef4000ecc9b2f1d206689a4811d8a6b043eac3c7fb89b6af02126d25759b84838e8fb33f4,CLEAR,DAYLIGHT,DRY,IMPROPER TURNING/NO SIGNAL,1.0,49.0,3.0,3.0
015af10184a38f2857f4dda6b675c257e141f3556fa4dad5171add3fc0c59abb49d635679c5a77c0e363b592f6b099ccf2f93267ecccdb9ff976a07fc1e85a36,CLEAR,DAYLIGHT,DRY,ROAD ENGINEERING/SURFACE/MARKING DEFECTS,1.0,39.5,2.0,2.0
015af2f13b4c0720057e2c114cd5fae8de3181a4e593cab82f3d30c593fc78f50aab8e9136a93829af239f22a92fed5a055aa2954a8ad6b5862d74142e17c94e,RAIN,DAYLIGHT,WET,IMPROPER BACKING,1.0,37.5,1.0,1.0
015af6284ad7083f293b804c9d3fd2eb6d4dc374d6aebb5d12cf6c7ff906c25bfeaa5e069bdd2a8327bd81cb16b4e1d80f8b821123cd5c2d347149bb4e9db5f3,CLEAR,DAYLIGHT,DRY,FOLLOWING TOO CLOSELY,3.0,43.0,6.0,6.0
015af8c7103442db8e29b11c375a9f5ecfce68f4adb2c81e81466c6d64fa9951ab3e87f3f0ab68a38d32e9dc86602862bcc68b734e04e2fe64a483825edb078f,CLOUDY/OVERCAST,DAYLIGHT,DRY,IMPROPER OVERTAKING/PASSING,2.0,40.333333333333336,3.0,3.0
015b1231d6ff04fd5d629e321235a9d4332f63519abf9b2a802763e19f5b51b042ca2f91b2f73b6baca96c96ef49b1e593b21309783dcb57f0b4990a4e3b72a9,CLEAR,DAYLIGHT,DRY,FAILING TO YIELD RIGHT-OF-WAY,2.0,32.5,2.0,2.0
015b1e813d219ada9687922d45f0e9fb475d6640eec10b24d38bc5bea56cb5dc24a4e229224036a9a6203806da6339c56d5280e99ddf3cc42c215cde46736d6e,CLEAR,DAYLIGHT,WET,FAILING TO YIELD RIGHT-OF-WAY,2.0,30.5,3.0,3.0
015b44dcf92bf034411b44274fbe1787085130ad4cfe2205a2bc4ccd5798ba658f2f5e833b1fd737b44dc3cc0f6ddc39fa5516506b3a0821290a9001fe53f9f1,CLEAR,DUSK,DRY,FOLLOWING TOO CLOSELY,2.0,43.5,2.0,2.0
015b4a96c239feefa80bee055ac360b82ff6764ca0b6a85ac5afad3d3cc056095d5772452a2b5f8a0c8f766ea9591c4d783224edac074da972a030a72fb4b54b,CLEAR,"DARKNESS, LIGHTED ROAD",DRY,FOLLOWING TOO CLOSELY,2.0,38.0,2.0,2.0
015b4c0842dd171658eaaf5ffcb04bb1a7a2071c3dd4277c39b4f8e1f1cb8e92da3fcee3c3f794ef7c0d86fcc65ea180866508db4f20d7639dc30a444119bf57,CLEAR,DAYLIGHT,DRY,FAILING TO REDUCE SPEED TO AVOID CRASH,2.0,55.0,5.0,5.0
015b4f1fd5a23894f549df5d5cfdbad5c20dd100d5469f7c729445a74e6ca7b97f56fd71ebd8c59983a785a5dd812596e601b98557e049209ff349330f78c6c1,CLEAR,DAYLIGHT,DRY,IMPROPER OVERTAKING/PASSING,2.0,37.5,1.0,1.0
015b5d8cf8bf62164c943d2d8c87fc9b260b86e653c0b4682171d74cc5d1a350ea37ce29def9ec94bfd587e78e1399c939b26509cb1123a31b61464e20140c70,RAIN,DUSK,WET,DRIVING SKILLS/KNOWLEDGE/EXPERIENCE,2.0,42.5,2.0,2.0
015b951b99a9e6fc8793d344fe5e9316bdda1cd8ca2d17e0f63ad9435d5edcba2d50da70cb5e281a5978396d5dd3c473cd3735d10dcd74a0adf2297ebc9b277d,CLEAR,DAYLIGHT,DRY,FAILING TO YIELD RIGHT-OF-WAY,2.0,33.0,2.0,2.0
015bbeac163382012d52ea8ce1f1e2f1665c9470e1f0986779d8b38fe6c32ad3a7e25b7cc2b850486350f5bc1beaaf7e43bc19c702cf99415edd4e7445e35796,CLEAR,DAYLIGHT,DRY,FOLLOWING TOO CLOSELY,2.0,30.666666666666668,3.0,3.0
015bc2deb10b873d57b8113d92fe67e85c024fb1bbafe3b3dd055d0662f282eacd11267072a24997e0082c232b2d9c5da290146002bc5bee0af1d665f7261cdb,CLEAR,DAYLIGHT,DRY,IMPROPER LANE USAGE,2.0,33.0,2.0,2.0
015bc7f4462db77cde6ac5b4be1f25ec3e00883df97e54617d38a4c7016be200fa1f2cdb0dc741786a65a4cc5b187a3e246c899c5f06d96748588c4dc9e1819e,RAIN,"DARKNESS, LIGHTED ROAD",WET,IMPROPER TURNING/NO SIGNAL,2.0,37.666666666666664,3.0,3.0
015be0076415fb40a33d3b20e755ebb595c9fe6b317b596f341744d1aaa5c0281b6c626d606c8635a38fb608bb416cddd6a5e7232cf5c482716ca57a57b44cfb,CLEAR,DUSK,DRY,DISREGARDING ROAD MARKINGS,6.0,56.5,6.0,6.0
015beb8aaae8b9b7f849ce68a5131def84920127a70b8219fcbac660bd4ffaa00c9bf058307c592f2dc230757f4d44f31b15efdcba888bbdb5e96e65fd25bb1b,CLEAR,"DARKNESS, LIGHTED ROAD",DRY,FOLLOWING TOO CLOSELY,2.0,37.5,2.0,2.0
015bf0cd7d8b6e1ae1a81a008adc480b0aca22babb13d40b56d7d99c22b6f06b37b8463c27fecbf4a36cccef47b565c1950de96c82dd1ec2ad2ee413042704d5,CLEAR,DAYLIGHT,DRY,"DISTRACTION - OTHER ELECTRONIC DEVICE (NAVIGATION DEVICE, DVD PLAYER, ETC.)",2.0,33.5,2.0,2.0
015c41c1e2551cb00d387f17ad644e1c798358493061d7c84d2777f576b13a9271420d338a401a1ba771353e081dd234c2a6d44a13b39c5bd3e51ffe4e1f50bf,RAIN,DARKNESS,WET,FOLLOWING TOO CLOSELY,2.0,33.75,4.0,4.0
015c50a2ccd5beb4b713de0673cd9e692a010b49a5bb84b5846c4eb39e49ae2c39fb875bb190008450936afa6b6c91bcb2ddf24ac50899caa78dd3928779fd2e,CLEAR,DAYLIGHT,DRY,FAILING TO YIELD RIGHT-OF-WAY,2.0,31.5,2.0,2.0
015c5fca148c8e0a650d80f85be2128fd3edeaf3e95e45fa28e8ac075f7056c8dd30a4e23f35d212d0344b9061c5cff0305ada704647b75f2f21c9f05676d167,CLEAR,DAYLIGHT,DRY,FOLLOWING TOO CLOSELY,2.0,41.0,3.0,3.0
015c7e613ddd9773c77136e1ec1ed4c8c03a352acf4ca0642428b5cb39928655b8d53da053e74fd846da3fc895c33b7758be984c61d96ba16f0cde708aeeeff3,CLEAR,DAYLIGHT,DRY,IMPROPER OVERTAKING/PASSING,2.0,37.5,1.0,1.0
015c891c4ad89be6e95885c53b9a75513332d19aaa63c54705f01aa098dbd5a39f56290fa2303f2f4dedefe019e08cc71fe53d9b7a93fcf9fc54f17a41faaf96,CLEAR,"DARKNESS, LIGHTED ROAD",DRY,"OPERATING VEHICLE IN ERRATIC, RECKLESS, CARELESS, NEGLIGENT OR AGGRESSIVE MANNER",2.0,37.5,1.0,1.0
015c9c91d0edac7e52c99cf100077f51105bfa8fad2b90c4a6ea4a3a4012ed2e016ec6acdf3de648e516aea168d659368372781fdfa0d0d187fe0804e2e715f6,CLEAR,DAYLIGHT,DRY,IMPROPER BACKING,2.0,41.5,2.0,2.0
015cbc966ae20c9711bdae0819e19ddf2666669af03f6187536c0237fc810be6b009f94cadfd09a358be57700afb4c0c733367ff55e70cd5af48015d7273d701,CLEAR,DAYLIGHT,DRY,IMPROPER LANE USAGE,2.0,24.0,2.0,2.0
015cc80690c0dee7b7ba2e4ba186023cfbb1008b40ebb2e5c76f4eb92c2d57eefd15b3dd965d22c8201a2a593c97acd7c53d173cec2e319a04c1d787db8d8156,CLEAR,"DARKNESS, LIGHTED ROAD",DRY,FAILING TO REDUCE SPEED TO AVOID CRASH,2.0,57.0,2.0,2.0
015cc94199e683d2688edbde2e00309ac905f680c99e0c6bc82a5b785aebf58a89ccd0bf33690191e4611913290421a0bea92a0727b9e9454ab1fd5f95e62442,FREEZING RAIN/DRIZZLE,DAYLIGHT,SNOW OR SLUSH,FAILING TO YIELD RIGHT-OF-WAY,1.0,44.0,2.0,2.0
015ce801b90f992b3b407e33ec7ed9b8eef9d308571de338fc03674cff7dc08d17c26206246577fc00cd45e354d7164f6b2d28140ce7bf5b8a427635e4dee823,CLEAR,DAYLIGHT,UNKNOWN,FAILING TO YIELD RIGHT-OF-WAY,2.0,36.75,5.0,5.0
015cf4904ec95a7dbec6d266052264554d4a653883a81b079785c20f5605d1ba7bc4b6bee7e10de7ccb3f667bb4bade93bb5355e738cd9923a7501005e047133,FREEZING RAIN/DRIZZLE,DAWN,ICE,WEATHER,2.0,32.5,2.0,2.0
015cfd0d866ced37df5078b73634bf889339c096a180c003da33e2816908bc2b61573052ece76c43928b2c532947a4b7cf77a66e65dcd6ea3c15d0f39e11391b,SNOW,DAYLIGHT,WET,EXCEEDING SAFE SPEED FOR CONDITIONS,2.0,57.333333333333336,3.0,3.0
015d381acaafee8dfd69afac2c8aa809183d41a0ee947d58ffe4749df2b59e8c751d46e3b987af8076b5d28f63a9b134e8c0fcfd7051fa64ae48c2cfd0826a0b,CLEAR,"DARKNESS, LIGHTED ROAD",DRY,FAILING TO YIELD RIGHT-OF-WAY,1.0,22.5,2.0,2.0
015d4d2800391dad88b89fcceaed71b5447a129eea84e0ce9f744574f920ac5a44344478be87a035a5cbebe695bd84e48bc727ebe633de8e063433f2c03a91cc,FREEZING RAIN/DRIZZLE,"DARKNESS, LIGHTED ROAD",WET,IMPROPER TURNING/NO SIGNAL,2.0,25.666666666666668,3.0,3.0