crash_record_id,weather_condition,lighting_condition,roadway_surface_cond,prim_contributory_cause,total_vehicles,avg_driver_age,total_people,total_injured
015d60b03b38c4984e5d7d0016710a2eae2969568c94115704cf76f5ef91bef083c4984b91b356783411617b39b5102cf0526b5cf4bbd9c676129ab128254627,CLEAR,DAYLIGHT,DRY,DRIVING SKILLS/KNOWLEDGE/EXPERIENCE,2.0,46.0,2.0,2.0
015dc62666db5979f731d5f8d54bd831c1f538cecd4d4539b1f27b77d9edf2e19ba7df7a3cf1e2169efdbe6d1564a802136bc45db24e4ba882b998245083d314,UNKNOWN,DARKNESS,UNKNOWN,IMPROPER OVERTAKING/PASSING,2.0,35.5,2.0,2.0
015ddeef59f45c9e3e6827257356cb537577e0e666d99616aebd2a0bf5ad10e66488bbabeb42d4880b2e7d6a4090ad5029d47e0e3f44e5e7962de6648aaae51e,CLEAR,DAYLIGHT,DRY,FAILING TO REDUCE SPEED TO AVOID CRASH,2.0,37.5,1.0,1.0
015e29e07ed0e90b421329cfe78ae459043aa2d751245c3f9eaa3cbc03aed29a14a10b38dadd9d77d119e3fb9ebb8d041f2d80d704a2c3ee89623a0f23f6473e,RAIN,"DARKNESS, LIGHTED ROAD",WET,FAILING TO YIELD RIGHT-OF-WAY,2.0,36.666666666666664,3.0,3.0
015e3b2e0bcc1be13fab20645a1b08c386f1472b85802ef87123f422432c8f2f39d8430064e04bce1a1ff0d3bfe8a00d23bfd2b2d26e3c25e218fbaf2f83ea71,CLOUDY/OVERCAST,"DARKNESS, LIGHTED ROAD",DRY,DISREGARDING TRAFFIC SIGNALS,2.0,30.0,2.0,2.0
015e3c84a834bec9e4dde701f42ed5b59f2f08debc5d8d28d626cdf24cbc8e0076d4c1f87d6c353c45ffe903da92cc4958db2c07e8b5e729067f97bd6be3217c,CLEAR,DAYLIGHT,DRY,FOLLOWING TOO CLOSELY,2.0,47.0,2.0,2.0
015e65528690de62ef4bddcaca0c9b6ebdab44f3ed46a49834aa473d9e624403ff427c838a82a07a5bd63bd8f18e969511f6cf05d5b67d615ce4ff7bc1b47b14,CLEAR,DAYLIGHT,DRY,DRIVING SKILLS/KNOWLEDGE/EXPERIENCE,2.0,29.0,1.0,1.0
015e704ddfdecf1d2d4cb653cfc235a205f8d9268c8a97a977bcd7e489e1c7ab87b35cff3f25e49db2406b74cbc1d8ada4f4e0a61c1885db965ce39d32a3785b,CLEAR,"DARKNESS, LIGHTED ROAD",DRY,FAILING TO REDUCE SPEED TO AVOID CRASH,2.0,46.5,2.0,2.0
015e7675a6f3429d09d8745bf1fa5b8a8df1565a556cae0585c71150019f7a6c30c5bc38c42db7efdb1b1bf51e36c1c2e875e7446be6c67df11df2bc16a24d5e,CLEAR,"DARKNESS, LIGHTED ROAD",DRY,IMPROPER LANE USAGE,2.0,30.0,2.0,2.0
015ec38051d4c05d28aa83ed3a8387d17a0f387d67fec39d88e910a93247251948e41074006a71932ee464b97209c604bd48628409f59c01b1b203c1d9c90095,CLEAR,"DARKNESS, LIGHTED ROAD",DRY,DRIVING SKILLS/KNOWLEDGE/EXPERIENCE,2.0,32.0,3.0,3.0
015eeaa7c3f3db7ed97000342166a5fb0bb7f6eb8a5911565e51a22029f6d5b624a755ab7c93abbfac2e8561cbce879b17e7910f46f3ff712279a96b41c96988,SNOW,DAYLIGHT,SNOW OR SLUSH,WEATHER,2.0,28.666666666666668,3.0,3.0
015f2f935f4f45b79b7103d82bbe7b20f967aece3b366dc1fdba08698aadbf1e65c6c3b3af930ac002846c0f12a0b163977fc4734663b402b16276f79136a4b0,RAIN,DUSK,WET,FAILING TO YIELD RIGHT-OF-WAY,1.0,53.0,2.0,2.0
015f46ece8bce99daedc9c995e8c6fa2b6fd7eca5bf012000e04812ff628dd38bf710396080c175667a53f2dbe76f64bde8f2354288d5975548081a9b824e606,CLEAR,DAWN,DRY,IMPROPER TURNING/NO SIGNAL,2.0,42.0,2.0,2.0
015f50f5138878082d248159e68fd5d37461609bb216511fbb86888b8a1d3db0e63ead3c21c7c8cef9ea9c68a2846d9c70f6310e00db4ec5a41f00eefc71beb8,CLEAR,DAYLIGHT,DRY,IMPROPER BACKING,2.0,37.5,1.0,1.0
015f626c7159bb52e183c69d4ab3dd0a1dd9985a1c4872fa9ca678f37caa3b1556ae84c12c07594809a5c223069bef2bcff6a5837446f8e2f5a832a732f188f7,CLEAR,"DARKNESS, LIGHTED ROAD",DRY,DISTRACTION - FROM INSIDE VEHICLE,2.0,37.5,1.0,1.0
015f685fbfd7108596b3c17e08487683c14d92e60de04e671ddb06bd7871388e4681149c151ce492fae88ca62ace58db0739ebf13a38f216bc16e517d459f91d,CLEAR,DAYLIGHT,DRY,IMPROPER OVERTAKING/PASSING,2.0,43.0,1.0,1.0
015f99d9852391ac941e07faf3f95433fb4c00aa2cf3c1910a4c0d8c1d00a709bd9f1c57b0a1ded7d984c12bddd21e9bc0ec1d8eb10f5062d346d58dc91dad09,CLEAR,"DARKNESS, LIGHTED ROAD",DRY,DRIVING SKILLS/KNOWLEDGE/EXPERIENCE,2.0,32.2,5.0,5.0
015fad7d2b1697800ce206d3d55e736c61c13589363230ccfd0d54189155ce24e195ec75c11f5978fbc43eddd5eec0f9a54ccd2fe203328354c68e92e2fb6af4,CLEAR,DAYLIGHT,DRY,FAILING TO REDUCE SPEED TO AVOID CRASH,2.0,37.0,2.0,2.0
015fb6ed46fba981452535cc2caa4d58e3db2ed699c97d5ddae347b1811cded703a4e6c5058e9c48ebcc1f828faa6953f7771056c4474c715a5a72fcbb267f4f,RAIN,DARKNESS,WET,FOLLOWING TOO CLOSELY,2.0,46.333333333333336,3.0,3.0
015fc7029671ba5b48fcfb6cb6509b9b6abf6f2cda768035577cb125226fec301eb092da6fe742457d9dd0eb4f4d670641b487d3038bf4649160bff8fdff6cb6,CLEAR,"DARKNESS, LIGHTED ROAD",DRY,DRIVING ON WRONG SIDE/WRONG WAY,3.0,23.0,2.0,2.0
015fd39963b39b208dec896f43009b2e6ec852a6066256c869c17cd807aa2e4f0d2c4a34266b003d18b464737f23f61e65a830d8d53db2c31db831e87934c58d,CLEAR,DAYLIGHT,DRY,FAILING TO REDUCE SPEED TO AVOID CRASH,2.0,67.0,1.0,1.0
0160004559aeac50ddaea29505ec75eb8763203c7c0e610d4c80e6ec12cf435b2210786c10bda4363a92ed2029faacb5f0927c485b151d4ac9c8321db09ec09b,CLEAR,DAYLIGHT,DRY,FAILING TO YIELD RIGHT-OF-WAY,1.0,37.5,2.0,2.0
0160124421a5d1b60aef981beadf3ae80d5ec8bd9cda046fa49e444cad8151c16ad29ef3754aa1c8c4a23b006e183193cec535fc1a8f6ae6dd08cacb745fdc10,CLEAR,DAYLIGHT,DRY,IMPROPER BACKING,2.0,27.5,2.0,2.0
0160254e08196fda118f8bbcfb0c0fb062b214e5087ce50106fd4fc7ca5d109dd2715c6e1403442d69067cc6502bbd97c777eaff3b1eed231895eefe3abe3a3e,CLEAR,DAYLIGHT,UNKNOWN,IMPROPER LANE USAGE,2.0,25.0,3.0,3.0
01602f69695ff4ea93bd9d4151ca23a422639202323112d8dabb3dc8f2eb8fded488180b3e92a3b2c15781ce4833096443ef9209279f3145f32d6e67b11c031e,CLEAR,DAYLIGHT,DRY,IMPROPER BACKING,2.0,75.0,2.0,2.0
016067c22b80daeadd814568bc15446e8f04bb0ab0b02d9c9a960427cfd852d137423ea3b4d85593c630a4d15283d835395edc421303df4e0d2888d5bef66de7,CLEAR,DAYLIGHT,DRY,FAILING TO REDUCE SPEED TO AVOID CRASH,2.0,62.0,2.0,2.0
01606ff7d45c0801e472c62da7535615b4aeb9ceea6ba382af350ac0ba92105dc2bf5834db23fc79d7b3e11f9208415547ffadf6b825369795426546d4fe25ac,CLEAR,DAWN,DRY,FAILING TO YIELD RIGHT-OF-WAY,2.0,23.0,2.0,2.0
0160ad1ab2d2b83935dcdb4e9ecd0b643ce3cd8b7ad1ff1046ad16353f7dbae11cc1319027e844068a2adc3a79f53e1f60fcdad692451c191ddd7835eb48f187,RAIN,DAYLIGHT,WET,WEATHER,3.0,42.666666666666664,4.0,4.0
0160b30637730523ddc0b783efe25a96846f1c6a444bd1d4c956dc0d4311ad686a1e357bcf8d7e4b4665c6b7d385c9ae7b930f67798c14fd942edacfe6731aab,CLOUDY/OVERCAST,DAYLIGHT,DRY,IMPROPER BACKING,4.0,20.333333333333332,3.0,3.0
0160b62af8749416f06db0c96bd73da830c578001710baa7454359bfcd08e21b7cdcf62dacacd08ed81fc559a09f957039d82334f39e9d2e2aab2147262d7a47,CLEAR,"DARKNESS, LIGHTED ROAD",DRY,FAILING TO YIELD RIGHT-OF-WAY,1.0,67.0,2.0,2.0
0160c5aa4003aef60f330e8b8c5fcb55c84365fc624ea889b2eee176759dac8f1760838f94b188bf6467f72ef334640e9922b4e34a9e593ac015d0cab631be33,RAIN,DAYLIGHT,WET,WEATHER,2.0,29.5,2.0,2.0
0160da84b37221234b0cf42cddb0b0cffd49d779d388873a8f7a7d0264abced3d196a672f4d75d66f41eb4e4b3475e442960165059622884ee7b57899443c069,CLEAR,DARKNESS,DRY,IMPROPER OVERTAKING/PASSING,2.0,23.0,2.0,2.0
0160e17c58caf642402d0e3ef7f17cfc8f86aea55e33b10578d6654927138ac11ca8870c13f3db683f6f11303f8a56330199205058e2f27b3a115a4f9afa5c9a,CLEAR,DAYLIGHT,DRY,FAILING TO YIELD RIGHT-OF-WAY,4.0,27.666666666666668,6.0,6.0
01612c4b9ffeaf8446d36deadf6c408621cb9ef84bc3c7790103f3fa339ff28cbacc036be4ca1c9ea924e88bf0e485d1bd12b5b6c0b7feaffcf42580515068eb,CLEAR,DAYLIGHT,DRY,FAILING TO YIELD RIGHT-OF-WAY,2.0,37.5,2.0,2.0
01613e2e6384d154d643ef557601508b07f62a2c84d40ab0c766c8bece283db60ce311cee83bd78a4bce17cf58941b4d71b808d123fda2f5f732128062699bbf,CLEAR,DAYLIGHT,DRY,IMPROPER LANE USAGE,2.0,37.5,2.0,2.0
01616b570b6957404c0ff8776862d7d2953a974b878b2a56e0fa668af1dfd483cc254b5d0001c9028b3521c9d972f7c1255d1bab096286e4d81d93048c2e7ec3,BLOWING SNOW,DAYLIGHT,ICE,WEATHER,3.0,27.333333333333332,3.0,3.0
0161d9f6ace7b216f63c1ffe5f893c73a281b1d1c6a986f108d1afb582544d856df7d5e0df30505a62ee97e8d2d0cf038b362e26dce7bd8ec797ac3af994a886,RAIN,DAYLIGHT,WET,WEATHER,2.0,45.0,2.0,2.0
0161f4ce206753153de3cf741cf3efbe55ace8f4a98b7a318db0c2e9c911622d77b95a3f27b5fa4c1ea12063ee98c79b95d8145f892a8dd9c847f9c7ae2b3372,CLEAR,DAWN,DRY,OBSTRUCTED CROSSWALKS,2.0,31.0,4.0,4.0
01620d612306e6d9f31a53240a886a5ac6de413918b20c0f695d3566e3d6379ea265de774a80c42ba063e4a82d40f28b558588da716cccb0be4ba9d5105f0d5a,CLEAR,DAYLIGHT,DRY,IMPROPER TURNING/NO SIGNAL,2.0,67.0,2.0,2.0
016215a658c7832ada22cfae36d15c717b5ad1e7999a8040893b0fb278b2a4da39585ff2d6e08ac4b01897e221546877c27c331b048336a1603b9ac92497bf91,RAIN,DAYLIGHT,WET,IMPROPER LANE USAGE,2.0,24.0,2.0,2.0
016222caf8f75742bf5253326e59fb6585c92fc0ae76bcbd71fe711c78500497dbf642cc64638a8e2252d9984ffecdc9808660475eea87d3c428f53b0664eacb,CLEAR,DAWN,DRY,IMPROPER OVERTAKING/PASSING,2.0,37.5,1.0,1.0
016222d3d5787e3bbf0157f970a3183f436d6b612000317271f53800a7d2c9177732663ad7a99ef71470435a77ab87bea84ccab0b7dca9bb3591343402e7c29c,CLEAR,DARKNESS,DRY,IMPROPER TURNING/NO SIGNAL,2.0,34.0,2.0,2.0
01622efd8e1bee9cd790ec143e4b16a2bdd89fb5c47a359a8f312d61bf1605c072b55900640b39e7e925cf179be985bb9fcc60e618753b9f4ecb735781715166,CLEAR,"DARKNESS, LIGHTED ROAD",DRY,DRIVING ON WRONG SIDE/WRONG WAY,2.0,28.0,3.0,3.0
0162451469dd97ffa33632ce2d8895ed666dcf2bed1e9fb6cf8841c7580c9b33bd860b3792e706ac6909d60826c1df381baffdbe2e8ee5bcbe6761e3389789cb,CLEAR,DAYLIGHT,DRY,IMPROPER LANE USAGE,2.0,52.0,2.0,2.0
01624b547a33357ca1546b7221fe05b148d14cc5202b59c53f3152fe78c4ce84b85fb9d26e4dfaaf3202f7d03f06aefa1087883026a7a091236ee553686d4e2a,RAIN,DAYLIGHT,WET,FOLLOWING TOO CLOSELY,2.0,41.5,3.0,3.0
01624e14b60c5e717af394efe6af5168ea5f5652f6ee7c0fcfbdb15af8d2cdb3fddd603bae70f32b7c831c6ee229a9af2be4c08d295651b02a4398b6e5c90b97,CLEAR,DAYLIGHT,DRY,UNDER THE INFLUENCE OF ALCOHOL/DRUGS (USE WHEN ARREST IS EFFECTED),2.0,49.5,2.0,2.0
01625350e3f35346a4abaf97dff745a0738555bd924f91e37a9eab5e3e29f5fa6cf01e92b300c45fa71c962e3bf88623775f56020d39f72913b6f385639b7d98,SNOW,DAWN,SNOW OR SLUSH,WEATHER,2.0,42.0,2.0,2.0
01627319170801235cc02d2626dcbdcf2b09d256db52bdb002840eb8c437bed61a8a59c0e9eabf5337f602fbbe10184522e2940e7d02ff7544498c13a0d4bfa0,CLEAR,DAYLIGHT,DRY,DISREGARDING STOP SIGN,2.0,30.75,4.0,4.0
0162c8ae7bb8f2eadbfaa550e6415100643b8e8ff58f57a9cf0a0c970c05db520b74a0059d45a685871ecc404c7e0287b31df68600c177b30ab64f483913baf0,CLEAR,DAYLIGHT,DRY,FAILING TO YIELD RIGHT-OF-WAY,2.0,41.666666666666664,3.0,3.0
0162f1ed69e9dd7d4e107f99c83cf04f4f0217cbfa2d8225013d796e176df2db9b5407ea8be00d72c30e4ad31b27e1ad2ea46fb1edadb9c81a0e5a55f38b891c,CLEAR,"DARKNESS, LIGHTED ROAD",DRY,FOLLOWING TOO CLOSELY,2.0,26.5,2.0,2.0
0163009908e9bd3da54d0a84fde5410531584744569510179d9016e5725ed3dc032714f96c962ee4d717fde58a4d15e13104ebb7db91762c0e2a8d6fb261c703,CLEAR,DUSK,DRY,FAILING TO REDUCE SPEED TO AVOID CRASH,2.0,23.5,6.0,6.0
0163192df1fbd1f2fe7708fc2bf964454519941ac98fbfbcc298f47024ea9d901c8d7b299e7f751878b3e6c05c6f60251d21c481e909b92afda54825f00d02d8,CLOUDY/OVERCAST,DAYLIGHT,DRY,FAILING TO YIELD RIGHT-OF-WAY,2.0,36.5,2.0,2.0
016348577aa5381584b41a6d7f514ebc8b6270a5bad74e36dd076dde297767ddadf335fe95ca5ca2a4ece74410c2fb62860c25752d8264760662f58794e48f63,CLEAR,DAYLIGHT,DRY,"OPERATING VEHICLE IN ERRATIC, RECKLESS, CARELESS, NEGLIGENT OR AGGRESSIVE MANNER",2.0,41.5,2.0,2.0
01634b99c93b025a898f9bcc2a4538d2111024aedae9b784d0555f77f4e567140db4d55d876a89cea99974c9aee72952faa79ef5efcbb76310b06aad0addbcce,UNKNOWN,UNKNOWN,UNKNOWN,FAILING TO REDUCE SPEED TO AVOID CRASH,2.0,37.5,1.0,1.0
01635d1f06f5790800b567d697f21f97beabe034667ef0d64d926046d6c9b3d347ffd91f7d4000d25157ddcfb60c33f0bbfb4567fc6612b70a76bea4212ac9e8,SNOW,DAYLIGHT,WET,FAILING TO YIELD RIGHT-OF-WAY,2.0,26.8,5.0,5.0
01636c92136b77694cd2430ecd1c6a3ea4bfc4555125ac9d0e5afccc9e525dd2ee9f64b3ee59649e7421c18196f5d70135dd4ccd44579fe4b21631793339076a,CLEAR,DARKNESS,DRY,FAILING TO YIELD RIGHT-OF-WAY,2.0,69.0,2.0,2.0
01638a26a9e4804d24e7e6943cd1b0b877f6f7558ac0dd30e74da4923e38726bc291bfeca0238661ae79a12de2d36808e86c6ab83ad384f96539c0d42139b076,CLEAR,DAYLIGHT,UNKNOWN,FAILING TO YIELD RIGHT-OF-WAY,2.0,41.0,2.0,2.0
016391ac37857d98a01b1e73a567ac03b245552fe3f69f5352b2dd2c121a1065576a6a996264f8843bf63a5c1cdf608d85e5f18438ce445b7ed659305e823d35,CLEAR,DAYLIGHT,DRY,FOLLOWING TOO CLOSELY,2.0,31.0,2.0,2.0
0163d82455d018f613bc363e4d247d254c1fa2b49de0a018253b3fbbfbc576cc65fcf2683e90439d69c59f08d3d08f5b9de67a18919384dd3c972af83e811581,SNOW,DAYLIGHT,SNOW OR SLUSH,"VISION OBSCURED (SIGNS, TREE LIMBS, BUILDINGS, ETC.)",2.0,32.0,2.0,2.0
0163df99ad4eb206d1f20dcb028ae699011f51767034a2617fbd826d766785f9becff859807b7fa291019465420e1a7f251356d32cd55263432f8196e4343141,CLEAR,"DARKNESS, LIGHTED ROAD",DRY,IMPROPER OVERTAKING/PASSING,2.0,20.0,3.0,3.0
0163f26cd9133b76849b02a440cf18a0cad5cbffadf7920c6b9cb826086767b28b497e47c8bf5aa21ae8a44a9d6b108d99b08e5038cdfa15c5ad7b725be2b5a6,CLEAR,"DARKNESS, LIGHTED ROAD",DRY,DRIVING SKILLS/KNOWLEDGE/EXPERIENCE,1.0,23.0,1.0,1.0
0163f5d26997de08e692590fdec27c59be78295ab3fcb5b97cd49d72ae8357861a416e4102abd055ca6083825bebad0a558205bcf1df2be187a35daa2f460b3b,CLEAR,DAYLIGHT,DRY,FAILING TO YIELD RIGHT-OF-WAY,2.0,56.0,2.0,2.0
0163f6e291c47d9a7e91386b88931e23e5cc82b296e16e88a141614d4ab877bc4e703a833e0ad1ac85d9fcb8b30b2443e4f2e9d03e51d5da403a64f03e01e95d,RAIN,DAYLIGHT,DRY,FOLLOWING TOO CLOSELY,2.0,31.0,2.0,2.0
0163fd3d852569fad3265189e363018bf1a07976de463b940c8d1c88e880bf3a288814282d64719618d0d594e9c9ebceb77910bef197da725c0c59439c70e55e,CLEAR,"DARKNESS, LIGHTED ROAD",DRY,FOLLOWING TOO CLOSELY,2.0,30.0,4.0,4.0
0164002c80d44cce8909c02db2664b189e93778317d41dac9da57f65ca19bd90dce835437b0863ee1c2a875d94a52e4f8232e9f4693212d25f119f60ad6ec171,RAIN,DARKNESS,WET,FAILING TO YIELD RIGHT-OF-WAY,2.0,46.0,2.0,2.0
01641aae2fa4599bc5ee107cb8ff1f4e33c16234f1cbb99ad8c4953c7d9f0850fe5cb1ae88617f626ab04c4d54e2158dc1628cfcc9c804c78174d9dadb251a48,CLEAR,DARKNESS,DRY,"VISION OBSCURED (SIGNS, TREE LIMBS, BUILDINGS, ETC.)",1.0,37.5,2.0,2.0
01641e2ceb666279d18960f2573ef04a48952a1a661e3eeba25991d552e095bd0c92c4bc006595928c115d2688b94703242e4f9ec9671e00f88965acc7708c85,CLEAR,DAYLIGHT,DRY,"OPERATING VEHICLE IN ERRATIC, RECKLESS, CARELESS, NEGLIGENT OR AGGRESSIVE MANNER",2.0,26.0,3.0,3.0
01641e9b1afa72b58c76a06a196de38994f3c5bbdfa1f5d0c4b37ab4f1c7cb79476cb11a2ef9f8bde9863f9b37473db025ff074c3910fb93603ab905d4912703,CLEAR,DAYLIGHT,DRY,IMPROPER BACKING,2.0,30.5,2.0,2.0
016435199532b73bef63ce3fed5c706ee3981e2df665aac249de1f3b9b8f997170563c69e3ebcecc9af1c0781af33639dbc76b998bd6a6943f70c978724eb1c9,CLEAR,DAYLIGHT,DRY,FAILING TO REDUCE SPEED TO AVOID CRASH,2.0,63.25,4.0,4.0
0164417760f38859e0c59694e1e7573bdb3756077ca1ddf9cc9a04fd9d51e914be01815979b26fc0b62c4b32954246765bd229742920de8af165de105bdb5334,CLEAR,DAYLIGHT,UNKNOWN,FOLLOWING TOO CLOSELY,2.0,38.5,2.0,2.0
016466b6bc9b6034f5ed70d96e570bbcae54b61abfca7f67a4e37db766574ee211afbb4c8b22421a66cece681775306073c97b2b3e0ad8cdf561fbae274d77c8,CLEAR,DAYLIGHT,DRY,DISTRACTION - FROM INSIDE VEHICLE,2.0,31.0,2.0,2.0
0164886a3dcfde3e42b8e30738733806d73b7823be477b840d01563bf9c440b0e0f7b9cf0ebc264fdac979a5263d4c1cbfb1370d44f40e6a5e37c3172fc7f21d,CLEAR,DAYLIGHT,DRY,FAILING TO YIELD RIGHT-OF-WAY,2.0,70.5,2.0,2.0
01648b0cf0af1fa18aa64cc80634118e6a5dffb1bb833df12003fd528aec4234e86740f3dceb8c290b8f80c47eb031943e0e9f321a07ce420b7eb4ed03585f7a,CLEAR,DAYLIGHT,DRY,FAILING TO YIELD RIGHT-OF-WAY,2.0,46.5,2.0,2.0
01649d77a497d0713362cf5da00adab62c682c98991cfda8815a2654126f826d5bd77890da328145c63596ffc5b5c13110ed158a65741e0933629f47199739d4,CLEAR,DAYLIGHT,DRY,"OPERATING VEHICLE IN ERRATIC, RECKLESS, CARELESS, NEGLIGENT OR AGGRESSIVE MANNER",1.0,43.0,2.0,2.0
0164abe48d7d4449a475837d265f8d0d9b3eb277efff017cf8d9e5da5417359cbdaab1ca34efb45a99b5cd35dc773ec58240f09b5fd5e9c3c2ae60c2e01cf636,CLEAR,"DARKNESS, LIGHTED ROAD",DRY,FOLLOWING TOO CLOSELY,2.0,30.0,2.0,2.0
0164c887816630c86611b92532bbb2619b03b0b39ab292617dd068fd8a349fa4a908db53b5c884070856d8496d020c2f4c33f2d5ef179b43dc628e66a7e119e4,CLEAR,DAYLIGHT,DRY,FAILING TO YIELD RIGHT-OF-WAY,2.0,34.0,2.0,2.0
0164ce6ac0fef30ca91ef0a06d34836e6ffa89bef0f9aae2ec84de106632c2e304fdc54533853787702bac35c46d9a6f804eb9aa34d6412d17aa3762148f004c,CLEAR,"DARKNESS, LIGHTED ROAD",DRY,DISREGARDING TRAFFIC SIGNALS,2.0,33.333333333333336,3.0,3.0
0164fcbadd7a5312cb891c078db486b2e7660671f2a08afb61a44edd3cc888a29f5a93f6175efac0510420a82a138f1c84959335fabc2c80daad118e35f660be,CLOUDY/OVERCAST,DAYLIGHT,DRY,IMPROPER LANE USAGE,2.0,33.0,2.0,2.0
0165054a63e12f6783f488507f29469940109782021e3fa7eb01387a87fbdec162b636316a6bef2e41028ba86e15268124ac242e3544c58ff5b4223b7b207603,CLEAR,DUSK,DRY,DISREGARDING TRAFFIC SIGNALS,3.0,28.5,5.0,5.0
016518d1cc5bfdffd11491601546d4569b9b78b32c0a89b98691514f5b4f34368e55011e7d682295b1432b9d9b1b9a60ce7e2f6776ca8effa4b7d0bcc5ce16e7,CLEAR,DAYLIGHT,DRY,IMPROPER BACKING,2.0,37.5,1.0,1.0
01651c62cdb7939432cc57eef39a7853dd63c15cf8b66ae2397c1c717bd8127c75fb661651db6a8f8172e8fac8be8eb45c71bdf92946e34231dcb64e439ebdf8,CLEAR,DUSK,DRY,FAILING TO YIELD RIGHT-OF-WAY,2.0,19.0,3.0,3.0
016532d365d820510f62892e836d0862016b2316e0538727931d01e40728c8a1b53edd8c52dc2b1e67a692266051ade46aeeb4c7f9aac925e88bcd53d06e1f86,CLEAR,DAYLIGHT,DRY,IMPROPER LANE USAGE,2.0,53.0,3.0,3.0
01653405efc23fd08ba1232375edf0a6b701ebbaf417488aeab887f444adf90ea9f95b899e1f1d7e13b5b5bdff7b0873047495c0befddff5cb679ef6d0b13ddf,CLEAR,DAYLIGHT,DRY,IMPROPER BACKING,2.0,39.0,1.0,1.0
01653d73ca0974329b20f41db1f2fce4267e91bd95e66457f9a0c20762cf8800e6bfed89c35f5bd123b3d71066d156c8ca0fafd26576cd790c6efab9dc448868,CLEAR,DAYLIGHT,DRY,IMPROPER OVERTAKING/PASSING,3.0,0.0,2.0,2.0
01655158fa659914c1c9b60f085c3f79378818a975138dcc7be4b325b2072093f3f6aa4e90b33e5ae141466cea75a50071b5739615310e96b1b7af9267486e98,CLEAR,DAYLIGHT,DRY,FAILING TO YIELD RIGHT-OF-WAY,2.0,54.0,2.0,2.0
01655a5e55a3eaf588f346ea578f661c333189b7e73a84deeb0041450f0eb17c5bcfc0b08b2f0bcc0c9c5e249aafbe89112fe5585455300681c20d7eecb0da14,CLEAR,DAYLIGHT,DRY,IMPROPER TURNING/NO SIGNAL,2.0,44.0,2.0,2.0
016594e94e6c8c84309b1ff8d966322e7c8aebce87f4764ab11acf4251a0cf6b4daf793648260eefd0f567e818d8df2b96505de54853571ef498f27c15658ddb,CLEAR,DUSK,DRY,FAILING TO YIELD RIGHT-OF-WAY,2.0,28.5,6.0,6.0
0165a870f4fa77754b3f833f75805d1e9894f0cae3b94727c673dd0dc7d1c0e6a9567fdbadbda7118997deabec0ff118ca955be6a5592a0a162eb46cc743f14c,CLEAR,DAYLIGHT,DRY,FAILING TO REDUCE SPEED TO AVOID CRASH,1.0,17.5,2.0,2.0
0165b3aa5534da9be69c73d663791ff82cdbc0151f34cbd87c30a3c64f19a9ae7fb8715e0e31ffe5fa25d3cb7ea5cd996d61950de76dc9bc44691b46f605c54f,CLEAR,DAYLIGHT,DRY,FAILING TO YIELD RIGHT-OF-WAY,2.0,50.0,2.0,2.0
0165e853b85eb305cd33b4eb7c693b5e1ef4bb56d63f95287bec1c395d5d1a108a65584a40f2692f92f9dad6427c54bd43079c93de31f55b8f02f53323f99303,CLEAR,DAYLIGHT,DRY,DISTRACTION - FROM INSIDE VEHICLE,2.0,28.5,2.0,2.0
016636517dbf058740067cff77ac9adf5a663a1fae7f993ba214086b86d39352c55a67b0eb83102fce102ec972481e664adbec57f33e7b696f24cae1e841a7e9,CLEAR,DAYLIGHT,DRY,IMPROPER TURNING/NO SIGNAL,2.0,36.5,2.0,2.0
016643c655e983e540b0ca62a073d13c573c7eec5da1917c8976aa1973910f0aed7ffb1014e090fcbced6e53a43fa50a346a097ccbd26cbf797b68a8154eab19,CLEAR,"DARKNESS, LIGHTED ROAD",DRY,UNDER THE INFLUENCE OF ALCOHOL/DRUGS (USE WHEN ARREST IS EFFECTED),3.0,32.0,1.0,1.0
01668a132c879a6fb92591c8b16c644599d4d5b2a8bcee1b098c663c6203dc766b2d7d92634d0b08ac2c166ada5b2fb8186e595796f368e01a6c7ff02bf543a4,CLEAR,DAYLIGHT,DRY,EQUIPMENT - VEHICLE CONDITION,3.0,13.0,1.0,1.0
016697ff17cd53a615aed3e80917544437a524a0d2466f7812ac16752d9a2a681c6334cbca2576b9d19cd64ee67c38ea13756b06b94b9c28358464372e820766,RAIN,DAYLIGHT,WET,FOLLOWING TOO CLOSELY,2.0,47.5,2.0,2.0
0166b2ed41f1836797880cc97914aa153651265a1a8401a665d7dcce22a4f4346c2905a9d024f6a45fd684439fa7db1df758d4306d30f28d0f47c188c6edc8f0,CLEAR,DAYLIGHT,WET,FOLLOWING TOO CLOSELY,2.0,29.0,2.0,2.0
0166df950620af788d956fe5ca86c0874d01ecb5fb72e901de698f1812df0402db2968b21a1f4d32aaa7301785200f1599ada045ba814d5dcf6cfc2422bd4e8b,CLEAR,DAYLIGHT,DRY,FAILING TO YIELD RIGHT-OF-WAY,2.0,40.0,2.0,2.0
0166e4182fa55a2e20350fc6b7432131a04a2aebe04253fafd14a96f7550e08970cf05e8675a1b0eed392bac123e4a16b6880803a15af72789a5876e518a6fff,CLEAR,DAYLIGHT,DRY,DISREGARDING TRAFFIC SIGNALS,1.0,34.666666666666664,3.0,3.0