crash_record_id,weather_condition,lighting_condition,roadway_surface_cond,prim_contributory_cause,total_vehicles,avg_driver_age,total_people,total_injured
0167027e4fdaf70a274bb9fff5d6237249286ab575ef4223c8ccc32400a62513cfc84a77bc6fa153b9bbc97b4b4a5dbbc435b4c833152df897bfc343080b4f52,CLEAR,DAYLIGHT,DRY,DRIVING SKILLS/KNOWLEDGE/EXPERIENCE,2.0,25.0,2.0,2.0
0167371572e79ca79f612642754dcab3fe4c9a17c0ab00f141bc8db7f18b74fda47f03c3669452ef09731028447a658e8e4e26aa7c7c3ebddb0e1966c813bb75,CLEAR,DAYLIGHT,DRY,EQUIPMENT - VEHICLE CONDITION,2.0,32.5,2.0,2.0
016743eff1e21005d1f3a9ec5a93ed1cab2f88fcfb4e50849542be94d3324e5f31f9c3d6bdc3874d37d8777a8be1862b49746f72082f71b3b7a67631aa2cc331,CLEAR,"DARKNESS, LIGHTED ROAD",DRY,IMPROPER TURNING/NO SIGNAL,2.0,30.0,2.0,2.0
016749828703c6a362adee99cf42c2bef6a2c058cb8624adb5ac32e3a099c9e7b5fda9dd98f238ba5af1a1ae5178383e6500022f43b2d62e0a65f61169b5b2b3,CLEAR,DAYLIGHT,DRY,IMPROPER OVERTAKING/PASSING,2.0,65.0,1.0,1.0
0167662fe1b4a6d98be7f2478a2a89460ade4cd621449ea77afb048104271c09424a9fe39c3b114f29352776f9499f1b9c4b1f38dfe6d93bb20177ecee0a4aa8,CLEAR,DAYLIGHT,DRY,"OPERATING VEHICLE IN ERRATIC, RECKLESS, CARELESS, NEGLIGENT OR AGGRESSIVE MANNER",2.0,26.0,1.0,1.0
01676e4e290d49f50a4b30a061a90c9a4e3048587cf0dffaf8d643c67fcd7d61a10c4a5c8e300a03a81857e477c57e875b275fa99409d57c3f2d3262548bd307,CLEAR,DAYLIGHT,DRY,IMPROPER OVERTAKING/PASSING,2.0,31.0,3.0,3.0
0167709328885c1b4a730cbf633d8d8520a833374d2f945668eb017cd94aad029d24c926508ba20c44265e6a859d571471421f598ab35ea5b81efe6d3cfebe7c,CLEAR,DAYLIGHT,DRY,FAILING TO YIELD RIGHT-OF-WAY,3.0,49.0,3.0,3.0
0167773f07e156b22de5f843118b3d3eebd90dc950e0df15346fd6b71da6f29970a791a1e06ab3d577f99ed87a9f49e7174da337e67527c6c1bc7d9c911d312c,RAIN,DAYLIGHT,WET,FOLLOWING TOO CLOSELY,2.0,32.0,6.0,6.0
01678cd5c2587bb250487a7c0719d9e82e2a72c204461d1ffc51bdc3af29c87f32ad1fd91a10a34d9b507c791b4ea6ed2f3f9c2eb30a22ab2a4ba7495c554d8a,CLEAR,"DARKNESS, LIGHTED ROAD",DRY,DISREGARDING TRAFFIC SIGNALS,2.0,56.0,2.0,2.0
016799a99b80d69282692cd274a96ab28435f562f1906fbdb4536d46433c9e4dbb2306891562dba0f5910a4ded77752af374f24fb92107afd84f167ca14fa6d2,CLEAR,DAYLIGHT,DRY,FOLLOWING TOO CLOSELY,2.0,30.666666666666668,3.0,3.0
0167e521e2eabc3b463c69e61cfaecc0ed6918fdfce5a67c27cd194dbd4012e1ed31610fb09b10ab024dcae947db4868eaa945bc70e794b8be0266331e471f82,SNOW,"DARKNESS, LIGHTED ROAD",WET,FAILING TO YIELD RIGHT-OF-WAY,2.0,26.25,4.0,4.0
0167eacece156e94820f809bdbd5bdaf30ce8e3fc2dcae4f7275b79f312f8cd759cda18d1dc087377f27e2792673cf380a14c584440f3945fdb5f11a8df48791,SNOW,DAYLIGHT,SNOW OR SLUSH,IMPROPER BACKING,2.0,54.0,2.0,2.0
0168290120f1c52f2306ee8aab4f7887d72a2941bf5e140dfae81e6fccecd68ad6dddf1d195550240607e8fcc48ad9a53df6ca792a37f4c2ce8cc0cdde25e6d0,RAIN,"DARKNESS, LIGHTED ROAD",WET,FAILING TO REDUCE SPEED TO AVOID CRASH,2.0,37.0,3.0,3.0
01683a093aac978d0b333d91e3c53e9ca94c0662dbfc3d9c0c5049e586b8e0b0aeac225d2506a53bbb08732f62895fe4d3e7740f2b032b8dd224f1c35ec81bc1,SNOW,DAYLIGHT,SNOW OR SLUSH,FAILING TO YIELD RIGHT-OF-WAY,2.0,45.0,4.0,4.0
01683c0a1edf4c52652d93d4c244facef380151173a022df6cf55fd4a6011d4fdc0ba382d489e4304b2111bb9b0655fb236bcfd18657d5fe39a11ec671c158d6,SNOW,"DARKNESS, LIGHTED ROAD",SNOW OR SLUSH,WEATHER,2.0,30.666666666666668,3.0,3.0
016851691012db7acf9c00612e38be45f8bce42ec03a3d85df869cfeee4aeb9cd7ca9b5867d13a25c99cfd730a904fca128843ccbde1d914443cf0eb15fe57cb,CLEAR,"DARKNESS, LIGHTED ROAD",DRY,FAILING TO YIELD RIGHT-OF-WAY,2.0,46.0,2.0,2.0
016855a173a3e7dc63c7ae7667a5fb8898915e5d6ff7cc498f3901dc68049f86eb50c684a02e1c1644e3b8af851272d52606bdea55f6f58547e0f4c6a2e15099,CLEAR,DAYLIGHT,DRY,DRIVING SKILLS/KNOWLEDGE/EXPERIENCE,2.0,29.333333333333332,3.0,3.0
01686594d492f0dc35155decdef90e29d33221dcb1f71f9b84960208539d47373054f67b6c681037fea7216f0aa1c1466223a2b863a4eb9713a6cf5aeb719945,CLEAR,DAYLIGHT,DRY,IMPROPER LANE USAGE,2.0,54.0,2.0,2.0
0168d07982c0a0e88c208b1dbaeb177c247dc8a2a46a2917a4ecc35d5fa7989c59844e003e501a889d6b6a87f63594358f6b445389bb7983906cbb3b1e85e486,CLEAR,DAYLIGHT,DRY,IMPROPER OVERTAKING/PASSING,2.0,41.0,2.0,2.0
016901dcc27f655d8035c81187a20e983c3b32768fa575433603a3c75438d69f14506974ea0a30503f691b7a3c16df1f5519f19780aa5b09d0a771a64931adda,CLEAR,DAYLIGHT,DRY,FAILING TO YIELD RIGHT-OF-WAY,2.0,28.333333333333332,3.0,3.0
01691bdf129055f50f342a8535e5d6ba05f3c506735992c188f49cf8b648ff51ec3a068850ffb162c57e4e72acd946ae3551985a2fde2251d316490fb9715f3d,RAIN,"DARKNESS, LIGHTED ROAD",WET,IMPROPER LANE USAGE,2.0,42.0,2.0,2.0
01692ca3a12c0720dd4ab61d4a3a34ba2fcdf373d2297a69727f6e080f93fe0ec52da4d0d40cad694296a3a8a01f65b03d9e605ff290f98db71f03f897e12321,CLOUDY/OVERCAST,DAYLIGHT,UNKNOWN,IMPROPER BACKING,2.0,48.333333333333336,4.0,4.0
01693cd2683238022d39730e5788aa6357e3c80995514b623a8534dc09ee39d928ab5f6cfae0db0ffdbb364f761103e24266de51b6fe8177c1ccabb95af12e57,CLEAR,DAYLIGHT,DRY,FOLLOWING TOO CLOSELY,2.0,30.0,2.0,2.0
016959de18fd0b59ae1644bbab7e4b9c5c6913564364eace051c316d20852ff8627c9267452bd9112fe069da22f3e9bcb29c2332a27754152253b79edf8031a9,CLEAR,"DARKNESS, LIGHTED ROAD",DRY,UNDER THE INFLUENCE OF ALCOHOL/DRUGS (USE WHEN ARREST IS EFFECTED),2.0,65.0,1.0,1.0
01697b3dd60a6899a8d9b68602fa37406307ab3473ac9e2cff88cebd180b78dfe5ef86accdfb8dbf684fddfb586adca7b84e6a23436b6f1a14abffbfca4e5c3d,CLEAR,DAYLIGHT,DRY,FAILING TO REDUCE SPEED TO AVOID CRASH,2.0,38.0,2.0,2.0
016980b3ccb588870ee5cb9f4c67e5da17d2683d08fd01621ae895ab201f45e5a4ee132f5ffaee5895f5e789543ac9925d4d956852b278c7d980fcd719a929c4,CLEAR,DARKNESS,DRY,FOLLOWING TOO CLOSELY,2.0,17.0,2.0,2.0
016993b027dd4c5e6e44f1d4459d06a046ac073cd35683c98d7157074559e55a7649db4267b061ebb6df5cae1b3c65f5ad8ee35d64ba868cd309c09b1d97abed,CLEAR,DAYLIGHT,DRY,IMPROPER TURNING/NO SIGNAL,2.0,26.0,2.0,2.0
0169a93a9c54c54cc547ddd29f6a7261bb244b2cb1789384cf95559575fec1f2eaa525a149c1d788ecc5ea33ca537e68026decf8dc80ebece2fee7b367577a37,CLEAR,DAYLIGHT,DRY,FOLLOWING TOO CLOSELY,2.0,61.0,2.0,2.0
0169b6047af97bda7b4960270979dcb4bdae2f34033cc12121b2a03ddf0e5836e587374345a0168297ce2e8ffacd965c313b11977cf3e9f1fc7dd2ac1746d794,CLEAR,DAYLIGHT,DRY,FAILING TO YIELD RIGHT-OF-WAY,2.0,47.0,2.0,2.0
0169b96afc6064b033bbb29ead1209060ba6aed8c7ed238b6fb0335f953a915c14b40994a8ba61c24d6cb118194412783409c3df0d1f0d523e8c525c61bc34c0,CLEAR,DAYLIGHT,DRY,FAILING TO YIELD RIGHT-OF-WAY,1.0,28.0,2.0,2.0
0169caa94ec6967a12414135f77ea40bedc3c0b8b95dd9f23f5420999a75c0a63f3b2aa032378af8212bb1d1afb6e6d35b425954817b02527d00ef711f035e0e,RAIN,DAYLIGHT,WET,FOLLOWING TOO CLOSELY,2.0,58.5,2.0,2.0
0169d3e7c4ba3530bce638413f5a4fabc8c97200266063668b5b4bba0d551033fb1647436314216be71f911fc19a56788aa0b1cb903b893c0aab9863d5d34752,CLEAR,DAYLIGHT,DRY,FAILING TO YIELD RIGHT-OF-WAY,2.0,41.5,4.0,4.0
0169f37408fbbd73cb636b7b202a8bf1d62590ef40e060e79a9e7e8022be67af76c0d78cff50298286e89685acd027b092c4d4adac8f74958a95dc6d09bbcfbe,CLEAR,DAYLIGHT,DRY,FAILING TO YIELD RIGHT-OF-WAY,2.0,28.5,2.0,2.0
0169fe23aeb1f5d545a1092a97c7605b079a98989c3c87ff38f9885845af646ca8ff879794f5013f150f7282466b0d22b01efdf133db53621a9d407438a6f486,CLEAR,DAYLIGHT,DRY,FOLLOWING TOO CLOSELY,2.0,50.0,2.0,2.0
016a31f89e9252ab5e3f2d428416b7eae7fba81312699c28ff5378380c2a89f562d976b9d1415e87f395df30921b0c061f9cd17cc7097d391e2a8aee6e8532fa,CLEAR,DAYLIGHT,DRY,"OPERATING VEHICLE IN ERRATIC, RECKLESS, CARELESS, NEGLIGENT OR AGGRESSIVE MANNER",2.0,25.0,2.0,2.0
016a678d682b6d28dd2ded57a5055803e32fa31346ac3512b3bdb3c84b89e388762d9cf38d7bb4d7eb5f1e1fc5f43120ac110b25da8a454f63e3e593f1ec6303,CLEAR,"DARKNESS, LIGHTED ROAD",DRY,FAILING TO YIELD RIGHT-OF-WAY,2.0,28.0,2.0,2.0
016a85b61ee8acaa4138ed60289f470335954914b9bd1df7facf3660b0d32cad23e84df0cfced87e01855a061ac644065b68435b2e99a6b8a120db6500cd343f,CLEAR,DAYLIGHT,DRY,IMPROPER OVERTAKING/PASSING,2.0,47.5,2.0,2.0
016aab322918ca70260d8d41416f8d37df98e3632afeaa3ff88f290f81b2bd7ca9149d811b6dcaa97bf52a64b294c69de822102ef2cd106a75cfa45277b777d1,CLEAR,DUSK,UNKNOWN,FAILING TO REDUCE SPEED TO AVOID CRASH,2.0,30.0,2.0,2.0
016ab80e553ef0d737fb997362ffdeba54dc1d18c1a853e9d3ed613cd54ea11b9e4cd497c36a94d710d410ff15fa31462cfeb1d3e5ecde92ea5cb6a49f4382af,CLEAR,DAYLIGHT,DRY,FOLLOWING TOO CLOSELY,2.0,33.333333333333336,3.0,3.0
016ac4cbb22ed6b9e01396bbe79db4f1cd896062083c811ab56b77e2dcf397ceefe98018f9bf14af07629cc3b4efc820495c48c78f8e7626f26df1f64bb6902d,CLEAR,DAYLIGHT,DRY,IMPROPER OVERTAKING/PASSING,3.0,30.0,3.0,3.0
016adff891fac9cf8c00533dc3155e5ff989723091ce4787a6a3ea47116d046b8c784f085bf697ad20a8325a2692e67b9b609fab9ec792b70b0dec4ee837d7d3,SNOW,"DARKNESS, LIGHTED ROAD",SNOW OR SLUSH,FAILING TO YIELD RIGHT-OF-WAY,2.0,42.5,2.0,2.0
016b3883136d45f8ed93158f3b08e9b280a4d8cfa9771fbf19b3d015d8cc888e95e6a10f218aaca65cac0bfc581bc33804296bbd394b95dcfdf85e4f371010cb,CLEAR,DAYLIGHT,DRY,IMPROPER BACKING,2.0,32.0,2.0,2.0
016b391f0b28e0330f4009b9a11d46b063f422bdcab0e72678e901de81865a93df3ad3947d4b7aaacd8cb864f0c122cb240d56bf9c18118328c0423185f709b6,CLEAR,DAYLIGHT,DRY,FAILING TO YIELD RIGHT-OF-WAY,2.0,78.0,2.0,2.0
016b4b27a9bed767e84a4c314a76a26fbe12d1cd126b6fcebfbb7f0d14ba74669501c0b34e74c7e82673b77b4a4c49f2976220c7cd011f739962700ec3fcdf73,CLEAR,DAYLIGHT,DRY,IMPROPER LANE USAGE,2.0,26.0,2.0,2.0
016b4c9f4686463ad97b346079a76506359a0765a51cc25657d7507ffc3de42b5b06ab51d2663ea7817f0aabe268966a78cec0728d07c456f9c5415e1dfb650f,CLEAR,DAYLIGHT,DRY,FOLLOWING TOO CLOSELY,2.0,36.0,3.0,3.0
016b582e0fd69bd54e39faf49971eda6a81889f85e11e993c31200ec7e175acdd22246249312fe0b6aba6302bb19862f46052d366d95c3d68fca024b0ea7e918,RAIN,DAYLIGHT,WET,FOLLOWING TOO CLOSELY,3.0,37.5,3.0,3.0
016b61499754aa1b9cc08350716fd829b5ff1ce27aca916cbbf46caebdcb97913b164f94bde118ff8d2f276c65cc2211e0335f2af9a839b5f70dcb4f38060905,CLEAR,DAYLIGHT,DRY,DRIVING SKILLS/KNOWLEDGE/EXPERIENCE,2.0,36.0,3.0,3.0
016b772c1e92ef649b3f6caea356e96482e3b99c1098a99236428790b3f18f3573d5218db3248441f6d568281a2f84c62e1e675f0a603f7cb0c9225a5dfa06e4,RAIN,"DARKNESS, LIGHTED ROAD",WET,DISREGARDING OTHER TRAFFIC SIGNS,3.0,53.5,3.0,3.0
016b843abf94aa4bf9a92f241aa8804c5f234be726a632181d5297ac75c3489fabdb183d810a50464bbd4380fb5736c266b50c2e2d23e507517158e45ca34d91,SNOW,"DARKNESS, LIGHTED ROAD",SNOW OR SLUSH,WEATHER,1.0,29.0,1.0,1.0
016bba409766bcd24e2c6de11fbca60a88e2981c66a3cd79d98cacb9d031c7c91e3a9cbb3dc98aaf959ea2e2e46a1702c88f81ddd64ad2fb90148b6e6ee1b751,CLEAR,DAYLIGHT,DRY,DRIVING SKILLS/KNOWLEDGE/EXPERIENCE,2.0,37.5,2.0,2.0
016bd88e1264d01d43cdb692f4264d923374e57af7a799479d0b62955d64df93be6d9d9b23ea4660b0218867f4d4309504336b106246f3f49b7832bba449873d,CLEAR,DAYLIGHT,DRY,PHYSICAL CONDITION OF DRIVER,1.0,83.0,1.0,1.0
016be328c7a9321531c0df83f6a9407511ce80c2b879eb04f01d22c66cfe4bde8ce5c0ff0714d7b8c93f6c25dfcb2544cef0d1ed9603043c2ed5a9d65c4eb23d,CLEAR,DARKNESS,DRY,IMPROPER LANE USAGE,2.0,29.666666666666668,3.0,3.0
016be999ee3b213777b5776e6885d872e0e8cebcf7db4d3a817f72fff8ad6f0382dd71032d2067be81b51504b8746ee4fbe23ff06b44e984b4b9f297ae3862cc,CLEAR,DAYLIGHT,DRY,FAILING TO REDUCE SPEED TO AVOID CRASH,2.0,53.0,2.0,2.0
016c3d366d89dd9d00f7fbcd00b0b674bc2fabf0c20497e6e8928cadfb6787d2fb630cd91b470261c2b215bf8f207f731869941dea102d4df40788b312884591,RAIN,DAYLIGHT,WET,FAILING TO YIELD RIGHT-OF-WAY,2.0,55.0,4.0,4.0
016c4e206e183d58f56d97e482112f5bbac904b9a02d83fe901771bbd4c27c18375a4b4bb818521e29358728f13cbf2f348d3fc86bba46f39c081209b4cdaea5,CLEAR,"DARKNESS, LIGHTED ROAD",DRY,FAILING TO REDUCE SPEED TO AVOID CRASH,2.0,65.0,1.0,1.0
016c9b24f707b688bceb3a65260c8040eb5a5206e8194bb7ee3c9202fca039040ada8aadc70be0f25d83c40c079c64ffbc2e4a8a622447269c92f3bdb176a353,CLEAR,"DARKNESS, LIGHTED ROAD",DRY,IMPROPER LANE USAGE,2.0,27.0,2.0,2.0
016cb25d265ca128848e9ebb0fd441c351143b1c4e2163d34edc3a7cd8205adf2feea9a7c021945bda6bd20efe1aef5b61a951311fbdb2487967afb5175a765d,CLEAR,"DARKNESS, LIGHTED ROAD",DRY,FAILING TO YIELD RIGHT-OF-WAY,2.0,21.5,4.0,4.0
016cbfa0f96dd5fd10391a4dcd782c7554f1fa5ed7fa61bf44335ce58c7dd4df15d6397b5f20056d35e71880fe7ab389d769cd32cdac21ab65eaae18deec33f7,CLEAR,DAYLIGHT,DRY,FAILING TO YIELD RIGHT-OF-WAY,2.0,24.5,5.0,5.0
016cdb8249100671d668e506081107e5acbe3425b83d56fd1e5eb1fc2e812d9da3f08e8d996221ac0629744625a369aaeb0f3cedb93b9b1f265688eeff3ed3a1,CLEAR,DAYLIGHT,DRY,FAILING TO YIELD RIGHT-OF-WAY,1.0,32.5,2.0,2.0
016cf9bd9104f376a914b6934cb973a6afffeb42b09121d06dd5b41513ac3cc8067d242837f1622f6bf6be48a187dff5fe47e9331bdf368b4b3e18e30ec9e3ba,CLEAR,"DARKNESS, LIGHTED ROAD",DRY,FAILING TO REDUCE SPEED TO AVOID CRASH,2.0,36.0,2.0,2.0
016d03cfe3809e38d80e5dda62bff9e55fe131bb4c5cf358dc781fa79fa66f9356a1f9d3798e1fb0d626b6b22811857c58ce30e488ab69676bf145c303b4fb10,CLEAR,"DARKNESS, LIGHTED ROAD",DRY,FAILING TO YIELD RIGHT-OF-WAY,2.0,55.5,2.0,2.0
016d08474809d3e625342200da6c696c8fe3f91489c9b1c05f0d1f8b546bd71748f8ea636cbf337cd682ce12eeb1cfdedc3143e835425c96e9fa9ecbb3b2846d,FOG/SMOKE/HAZE,DAYLIGHT,DRY,FAILING TO YIELD RIGHT-OF-WAY,2.0,37.5,3.0,3.0
016d2f9239aa067369ff8e676149f0fedede56c948c9bf0174afc7d8d0dd690f6ee23c18cb32cd4be9e94806167bdb9794340ed7412ae35664dc5eaec2ff3c81,CLEAR,DAYLIGHT,DRY,IMPROPER BACKING,2.0,37.5,1.0,1.0
016d379cb4be0c15727a84b0005fec881a36c622c955562df7b87e43f88dc7e2bf200f516dfcfc1074b7147afdcf78e8000a5f6c914dc8ab06e1b263ab57cf1c,CLEAR,"DARKNESS, LIGHTED ROAD",WET,IMPROPER LANE USAGE,2.0,20.0,2.0,2.0
016d66262583c063399b03c335674927e1f8aeb83f8c6028ef7290ec12829aad1651dfba3532a4cc066a40b666f37cc8137f948a05006eb085f50f7970b5e6e5,CLEAR,DAYLIGHT,DRY,UNDER THE INFLUENCE OF ALCOHOL/DRUGS (USE WHEN ARREST IS EFFECTED),1.0,24.0,2.0,2.0
016d831827bb5636f882e496ac90df31e71c289ed8d30f25c1b42aa0c302b120af14ab11e8a3b71f0c7a207674f6f0bcf2a170663becf3411b1eed9e12f0b5a3,CLEAR,"DARKNESS, LIGHTED ROAD",DRY,IMPROPER OVERTAKING/PASSING,2.0,16.8,6.0,6.0
016da95058bc8588fbb2eb08b8ff80fd00c33b782d512ce05cf738198fa0bab991c54bf1ad6319ce5a886d075eee0ee18533da8c72369b1c341ad6f747749e18,RAIN,DUSK,WET,IMPROPER LANE USAGE,2.0,42.5,2.0,2.0
016df3c2404e6024f463bc14738f67af72344db5883803ba008ba5d19917f338acddef47214e3da6e94b4a2c346c811bbda3351bd1050994dd8dae75030f1924,CLOUDY/OVERCAST,DAYLIGHT,DRY,FAILING TO YIELD RIGHT-OF-WAY,2.0,36.0,2.0,2.0
016dfd0cc402f435b2a050ee036754c9aadb07c9bdbd7a2e7326314954359c3ba9bba35b2de9f1c0617de5b010cbd444419576e5bb0b2d8f7c289bec966f03ff,CLEAR,"DARKNESS, LIGHTED ROAD",DRY,FOLLOWING TOO CLOSELY,2.0,37.0,3.0,3.0
016e2569fc19f2df63f274b4a7901ed768a80c3f31764cb7e2ed0c36173f1a5c936313653117bd438b9526674426b55e900c9febe5be41e18fd419276efe9180,CLEAR,DUSK,DRY,FAILING TO REDUCE SPEED TO AVOID CRASH,1.0,28.0,3.0,3.0
016e31bd97f687774d43e5cee5d646158f1e0f1c4e41f6fa2f798f63c09ddbfc3b758dc72e3f28da32dd416ac345cbc955ce9625d2824c66a11a03ee285fbf80,CLOUDY/OVERCAST,DAYLIGHT,DRY,FAILING TO REDUCE SPEED TO AVOID CRASH,2.0,35.0,2.0,2.0
016e34bdd45f41de18b27eeca884a07ec0620b1cbbfeb7a4475f472cbb76d02403a77043f4fa10218c9b01d2bdc110d884ff86df8e21c38089165d706d085ea4,CLEAR,"DARKNESS, LIGHTED ROAD",WET,DRIVING ON WRONG SIDE/WRONG WAY,2.0,20.666666666666668,8.0,8.0
016eaf0b25d64bf0917f77ad2c7468196178eaea750a5fc2a729adde6fc6325f1f252a20dc46f6ed40746b961a7645cb2d3a0391777f2363214f9f54639ac611,CLEAR,DAYLIGHT,DRY,FAILING TO YIELD RIGHT-OF-WAY,2.0,28.0,2.0,2.0
016eb704caec8f99c9e0a1c6eba3f12b4484d8888f6df0c4fb0a763d4b5a59c2edd56c0c6f4b22b57bdd47ae709b2d41af7350dd16a5247ec4e11ef854369352,RAIN,DAYLIGHT,WET,DRIVING SKILLS/KNOWLEDGE/EXPERIENCE,2.0,52.5,2.0,2.0
016ec146b8a9e4ee89f6c1d8aa4d5d20944cd90bdf564e28c4137b74865f29091cc2b290b3b9bdd476b45b9865380898308d68ac4e65bf21dfbcbf1dc25c3e07,CLEAR,"DARKNESS, LIGHTED ROAD",DRY,IMPROPER BACKING,2.0,38.0,2.0,2.0
016ec2f870490393e3f545548da123e71dfe09a4f48d398c803df6ae865e8760cb706b0441bd6d9cdc3f655cdcca4e9fa0e66b2927c1448b3825245752c5ab87,CLEAR,DAYLIGHT,DRY,IMPROPER LANE USAGE,2.0,33.0,2.0,2.0
016edd151d586f05b64b6149db58a98fccf2fab158843de03b1d4804099c4da21accdcc8910e552a82c9c6a8ea89c257afed91669c695848396b655bb51f89d2,CLEAR,"DARKNESS, LIGHTED ROAD",DRY,DRIVING SKILLS/KNOWLEDGE/EXPERIENCE,1.0,62.0,1.0,1.0
016eef6ee7d857e53ce7223424dc4585e155f53142dd47e723f23a48e5e121d52e0563867dd7a24626097141f03d9f5cdcc92df44e0e956845daaad965de9d7c,CLEAR,"DARKNESS, LIGHTED ROAD",DRY,CELL PHONE USE OTHER THAN TEXTING,2.0,41.0,2.0,2.0
016ef94b47d0c5c135ad2f623bcbb8aba640a8f2cff76d039434729387cba0c1d063c1b5af18dde2eff422dd6b41f5ad55a8e8c8366aa5cbb5a5e6a5a378553e,CLEAR,DAYLIGHT,DRY,FAILING TO YIELD RIGHT-OF-WAY,3.0,22.333333333333332,3.0,3.0
016f0c08b42d333297d1c13ba4ec33ac4d1221ce6660a30f7a7aaf8b667dad414836a7af243ccd02bcf94d6d59a09e209ba9123a737f7f52280ecf374d665005,CLEAR,DAYLIGHT,UNKNOWN,IMPROPER LANE USAGE,2.0,40.5,4.0,4.0
016f1c186e88ffb2e826c1cb9e16ae6ea1b0bdf8cf41a8afd7da905e078908a2dabc4ebab9dff838f48cd05117e33012af30d18adb1850e893032eb3f6afb824,CLEAR,DAYLIGHT,DRY,DRIVING SKILLS/KNOWLEDGE/EXPERIENCE,2.0,31.0,3.0,3.0
016f344d6320d25beeb8e7679e15c01738ebc4619243093707687b6c4954a06d7bbfc9c812f1505a1f51f81d0c38156405302ac028731031a602701777d1e682,RAIN,DAYLIGHT,WET,FAILING TO YIELD RIGHT-OF-WAY,3.0,38.25,5.0,5.0
016f53cfd18a27109c33d4cd77cfb4248e79a545ce4d3ecf411071055b9226e5a091f764b9e2a66f8dabc3604a6c2e9a31447979b96c9828de10cf8e22b503f1,CLEAR,DAYLIGHT,DRY,FOLLOWING TOO CLOSELY,2.0,23.6,5.0,5.0
016f67ee75339eebe2bf27051bd86e2cd7f468a36cc728deb93d2f922301b4362bfa8f8a3f63854f5986aa8f746553730b49cdfdb89fb1fe732399fdb17ac2cc,CLEAR,DAYLIGHT,DRY,"EVASIVE ACTION DUE TO ANIMAL, OBJECT, NONMOTORIST",2.0,55.75,4.0,4.0
016f81c2f5bc98f96c0bfd59e604531c00a7d486754915a7f09b3ee1205af2e36ff18a7243bfb862deacff4770fe4acf66da6957da8c8baa1d1703b75a5cba39,CLEAR,DAYLIGHT,DRY,FOLLOWING TOO CLOSELY,2.0,40.0,3.0,3.0
016f841dc66e72671ac8f8bdae773b24c049e1256871dc0513d46c428794d55022b0db62813530122699f4493f92a930b3e23fbb06fd278dafd0becdbb0ceca9,CLEAR,DAYLIGHT,DRY,IMPROPER OVERTAKING/PASSING,2.0,37.0,2.0,2.0
016f9986aedf0fcadd4d5dbd0e906a6b4248d93ed978f399840e0ba6d80e827ddb0310966b2a0b3c1d112c91d9e4ec0268b988b855d67a3ff3c7f51c13ac5281,CLEAR,DAYLIGHT,DRY,IMPROPER TURNING/NO SIGNAL,2.0,28.0,2.0,2.0
016fe57e1c15adafd5ed2aa2f859363c8f691f7f540a79e4efce02c62b5067742907574228d8c14132d243a3923a7dfa069f8f46a047d67679db1c44eb5aac18,CLEAR,DAYLIGHT,DRY,DRIVING ON WRONG SIDE/WRONG WAY,1.0,55.0,2.0,2.0
016ff6129197f08eb68d11b0033e5315c85a66346f3c5c2fa899b97b7cd30f5f7c82b3cfd7a5d57ee8b96a4dba391e313fef7f0f60359a7b5e9d59e36a1d2b09,RAIN,DAWN,WET,DRIVING ON WRONG SIDE/WRONG WAY,2.0,45.0,2.0,2.0
01702a25e9eff43f68021e38cd6e5ef6f3d791728c416bcb0b5db4bb3691b6f38bd1660503f32c4698cf36eb68abc1542c4e8a4af2ddc35412afc33f24f01e14,RAIN,DAYLIGHT,WET,DRIVING SKILLS/KNOWLEDGE/EXPERIENCE,1.0,0.0,1.0,1.0
01704593cb55b00faa16861acb64d1dfe32a8cf53ed301720a6417f6712fb222fb7cb4535ff74d5125d156879af5ed70a8f5999cae3f454929f6cb21c5c870a5,CLEAR,DAYLIGHT,DRY,IMPROPER LANE USAGE,2.0,21.0,2.0,2.0
017050ef95585e5b8f6fe16e44140bb60aef03ffe4649d5dd7973ced663b5f92d6faddb82922a010f2aba36b76d849cd31a0d6315f900220ef9dedd4149be9e1,CLEAR,DAYLIGHT,DRY,IMPROPER OVERTAKING/PASSING,2.0,69.0,2.0,2.0
0170770495217aa9b234e5f73ba3625110348de8c48b151325dfd1ba9c3f0f0027d965cef84b1f73f0a92bc7d4ce3a6c983cbbdfdbdfe15781c2b96b6e6a7502,CLEAR,DAYLIGHT,DRY,FAILING TO YIELD RIGHT-OF-WAY,2.0,13.75,4.0,4.0
017084bc0ded60e69b18e39c74fde5d8dafecbe2e5eb3071e1d3a9f7777b0270dab4843bd4effc8eddf6c205a21d84d68d1b8f2204fe590096977116f64f388d,CLEAR,DAYLIGHT,DRY,FOLLOWING TOO CLOSELY,2.0,37.5,2.0,2.0
0170855b3513a89d237bd2d4d64e68172b78f74330234a98a6cb1e9fc9ebb6f747a177f4bb3e658048f3a96b6d26c15a0046f460555c052f89e46609f89a9207,CLOUDY/OVERCAST,DAYLIGHT,WET,IMPROPER BACKING,2.0,37.5,1.0,1.0
017086c4845397fd2048e4420e25d96ff25ff1ad85383f099645607c4b8a61e099bb8430fbf5917b4f5bd3940ec9048565f12e8cd7a0b150f795d922b66bdd60,RAIN,DAYLIGHT,WET,IMPROPER TURNING/NO SIGNAL,2.0,38.5,2.0,2.0