crash_record_id,weather_condition,lighting_condition,roadway_surface_cond,prim_contributory_cause,total_vehicles,avg_driver_age,total_people,total_injured
01709068b24f0893ef4ab19e2ca2d9b628c3f9e992542594f14924b82b56e2310eab87be83a93faf67b70a90c976827f95ddfd945321554c548b35bf50923d29,CLEAR,DAYLIGHT,DRY,DRIVING SKILLS/KNOWLEDGE/EXPERIENCE,2.0,37.5,1.0,1.0
017094170f454c9ddf270b65c9d29b15aaf60ad9e854e32a2558dfd386646043cdb361266c393982de895da17f2e1f149835abb28faa58a46ed0710e2bbc39c3,RAIN,DAYLIGHT,UNKNOWN,FAILING TO YIELD RIGHT-OF-WAY,2.0,48.0,2.0,2.0
0170a13fb9b07fad08fd12fce9592e6cca32af65d99f442adfc3d837de4231e76795f36207aa25502191d4873e64934bb556f44b10e8502ba39b1db7a4a5d563,CLEAR,"DARKNESS, LIGHTED ROAD",WET,FAILING TO REDUCE SPEED TO AVOID CRASH,2.0,59.0,2.0,2.0
0170b55620aca1145d805d1a8fe3c82f26e4a771b8033764f06da4eac8b3097e8926f762189d31d1a9b4b9defde6b541fc705852fec19e333250889da2ae43c0,UNKNOWN,DARKNESS,UNKNOWN,IMPROPER OVERTAKING/PASSING,2.0,26.0,2.0,2.0
0170c59588aca78d40e8b3aa907cfd36f5f041e397e40867967629ce6a66c83b44c99f2e7a8363ddb5a035e63ed655dc196484861d0477925eb605bf2deb4dc8,UNKNOWN,"DARKNESS, LIGHTED ROAD",WET,DISREGARDING TRAFFIC SIGNALS,2.0,54.5,2.0,2.0
0170e0133213239b2753a9578526769f0a63fa74431ac4d8ef8cbdcf110407db92efcd510ddf295165978377fc49db97e6933c83154d8a1207f4a634902c9a53,CLEAR,DAYLIGHT,DRY,IMPROPER TURNING/NO SIGNAL,3.0,27.6,5.0,5.0
0171220586b023f45de89f0210c6098bd1d72d3a81662eac9623ec7c9ec784105f6f1854bec7921668418c6b7637336b6698a9697c4f95394ed81ecc2bd497ed,RAIN,DAYLIGHT,WET,WEATHER,3.0,23.5,3.0,3.0
017132dcf7317ba283573293d4dd893130f234b64f06727bcdc9606e2623f8907daa01ab0bc191f57ee4f70d4caee01f16bcdeaa763dd086a6709d3dd9825f69,RAIN,DAYLIGHT,WET,FOLLOWING TOO CLOSELY,2.0,40.5,2.0,2.0
01714b08ce8cbded81fe37546195d38019f9c4b45c5d15532e5ff29d6e266c40a88a9c18c6e0a91181f98fed6bd5c3f635962c4241454d64d213bac31f9cf552,CLEAR,"DARKNESS, LIGHTED ROAD",DRY,DISREGARDING STOP SIGN,2.0,30.0,3.0,3.0
01714ba0faf770c5b390a0437a26218ca79b07cf0090b527165a940835f71634a6be56177a7a3f93295919b00a8f7882f55f8c60960c9d0bd5a8ce44ff95ef24,CLEAR,DAYLIGHT,DRY,FAILING TO REDUCE SPEED TO AVOID CRASH,3.0,28.0,4.0,4.0
0171652d6c552a7f38e0d315c85a2ceea1e436e5c5b4ae5ab6e07bce93d9da2ca8800824e3dca2f87c630c20aef090ff87bed2e52a33746457b6ce28620c6067,CLEAR,DAYLIGHT,DRY,IMPROPER OVERTAKING/PASSING,2.0,37.5,1.0,1.0
01716f020a314fb5e41190120d2eb403c55d9f21ccd08f9dfdf1f9450096dbe5dc825b4e4d96cfb9482060fa56d9c3b9bc4283a7b25f140af207614425fbe3c5,CLEAR,DAYLIGHT,DRY,FOLLOWING TOO CLOSELY,2.0,34.5,2.0,2.0
01717a0bfa243154910baa3e5d9f65752943555008262872ba690d22a04a5a40c5e2fb383455374bbb5c9e265bf87c1b7dd3045da7d360eff74c10da0aa4dc6b,CLEAR,DARKNESS,DRY,FOLLOWING TOO CLOSELY,2.0,27.0,3.0,3.0
01717cad8eb11630149187b083b1c0f32869ca3fa320a393b41fe28a35690d9166043270416bde0f33010640ae737d18f449467a2c9809692a73e16b86028fdd,CLEAR,DAYLIGHT,DRY,FOLLOWING TOO CLOSELY,2.0,70.0,3.0,3.0
017186e909762cf76e3c50033c911f6fd8ab121e91c77d8e59ed0369701c35fce34ad44779808740ace96feaeb4951478e341d45575839c674107bfafc1a522b,CLEAR,DAYLIGHT,DRY,IMPROPER TURNING/NO SIGNAL,2.0,31.0,2.0,2.0
01719129bd54be552e45a853ee08f9ca27b3b04476164ac1ca355f11ef0eb32a4c8a809952c0d2812f0fa72dff0aa569503200e392dabe5b185b572e30ffbbb6,CLEAR,DAYLIGHT,UNKNOWN,FOLLOWING TOO CLOSELY,2.0,46.5,3.0,3.0
0171976aa735df69a4518b3f8079405840904ba9f10a4383f03da0c5c5b0d22b35f41359a0051a1265286f476abff547b1c9b0e8528034fd049832c3af301a4e,CLEAR,"DARKNESS, LIGHTED ROAD",DRY,IMPROPER OVERTAKING/PASSING,2.0,65.5,2.0,2.0
0171a995a979e4962f3ce01e9996c7e6c079dbb319b37870fbac7186519a1fe8372cbecc3358cd9ad5c01d9531cdbeb3401ddb0d6e5e9283154ed7aa27641591,CLEAR,"DARKNESS, LIGHTED ROAD",DRY,DISTRACTION - FROM INSIDE VEHICLE,1.0,30.0,3.0,3.0
0171b78baff887dd5c7043ce7017f2ce2755d5db3dbcfc1dc823dad952ba27338366bd3e6d991da4a8aeff64122a0e1cd7527349aa14c7bff1bf43eda5dc550f,CLEAR,DAYLIGHT,DRY,DRIVING SKILLS/KNOWLEDGE/EXPERIENCE,1.0,14.5,2.0,2.0
0171d8fdb82ebe1af420a706add1c6da80d778db1868cb370cb16f0bf206aeabd92e44d4294c19ef193bef9699bd09ccc4f714064551d3c64b438b83c92aff5a,RAIN,DAYLIGHT,WET,FAILING TO YIELD RIGHT-OF-WAY,2.0,43.0,5.0,5.0
0171dc7c619361c9c7f1d9d56521a849b4d2ef31f9ed7b97cba2d309ebdeed06f8094fe16cf66e2f6e18a76efd60a84f27c6f7915d026b759667597aa6a7d93e,UNKNOWN,DAYLIGHT,UNKNOWN,DRIVING SKILLS/KNOWLEDGE/EXPERIENCE,2.0,21.0,2.0,2.0
01720291a6f0a7207653d31558bfa2caf65eb2097e1eb2121c92bcf721cf9275ca056440a0f8bc3335e957d5b6729d581be1c1425136b8b3fee9c26a8b6ed499,CLEAR,DAYLIGHT,DRY,IMPROPER BACKING,2.0,71.0,2.0,2.0
01723b672181264b86358965cfe1099983c7f34bc8485c4f5983e04a9ea17fdeff309c8e4db417a398fe4d627cf980aa24866838bf9597b13ed493efc2e123e6,SNOW,"DARKNESS, LIGHTED ROAD",SNOW OR SLUSH,WEATHER,1.0,31.0,1.0,1.0
017259668a93c7c176c933228a924e35ec16d489de74a8cdf610720978ba6658b8652878adbc436f07b2760ce68b99abd7f5c64e8bdd6ecd2e1b3cd341f3b2a5,SNOW,DAYLIGHT,WET,DISTRACTION - FROM INSIDE VEHICLE,2.0,48.0,3.0,3.0
017268b83e34f3871880f268fbe7d86889925aebad9d4a9614b0ca5d5a2e18b39a8adc1b0f7f88978aab442d2973e7ae2749c04494fb27529e5af657ac034068,CLEAR,DAYLIGHT,DRY,FAILING TO REDUCE SPEED TO AVOID CRASH,2.0,31.333333333333332,3.0,3.0
01728dede56d1eb5791aee83a6b517db2f9ed267ecf2e83812750fb911172d18593ddf1c418c63dc81d49cafb7de49f8f179d9467b5a908a934a9f4ab1694bc4,CLEAR,DAYLIGHT,DRY,FAILING TO YIELD RIGHT-OF-WAY,2.0,43.0,2.0,2.0
0172f0f4c88f05d428404dd5ded14bc694d9875cd676eb0ffa3589936eafe194591c6a1e560eec18884ed1718fe47c2cde0cf864fd6eed130a8c67a38117b739,CLEAR,DAYLIGHT,DRY,IMPROPER TURNING/NO SIGNAL,2.0,41.0,2.0,2.0
0172f8df39305bd2d6fe03f67ede53e0878025c637fedf6ad18af7b628630447b1dc43d6385e490a22a6210462961b0abe371c28c634a0fbcd22b18a2fb851eb,CLEAR,DARKNESS,DRY,IMPROPER TURNING/NO SIGNAL,2.0,42.0,3.0,3.0
017318df383c56240600e476757773cc48baf1dea809b6a98b9c69551a484cd847d65365b247262358260ed7b40cdd585c222341fb476a73d57493ce4a072b82,CLEAR,DAYLIGHT,DRY,IMPROPER LANE USAGE,2.0,53.5,2.0,2.0
017342c696863d7601b7296bee1167a85a020bb98cb4f46c7778348f134126e18581e58cb3f397123272237aca5536910afd07a97cde6f107d97df3f6dbc6bb6,CLEAR,DAYLIGHT,DRY,FOLLOWING TOO CLOSELY,2.0,34.0,3.0,3.0
01734c23d9376f18c4c6e5e5a242bee4957714207885122810cda873dad3c09477845148391466875868e90521a79100e2a8a4479d338e1fcbc2a9e43a59c398,CLEAR,DAYLIGHT,DRY,DISTRACTION - FROM INSIDE VEHICLE,2.0,46.0,2.0,2.0
01734e21eaad9ab6a6d8f47c0986c274e28b54c318038b475a742a63b50f8cd9ee05c3bd18b4ddc65c78fa3f54b2ce6d2733f5d5013bfbc24a83865b3bbfa5f4,CLEAR,DAYLIGHT,DRY,FAILING TO YIELD RIGHT-OF-WAY,2.0,37.5,2.0,2.0
017368c34e358a1dc1bc25bac443910af1fc796aa86d014902feb703a5b0a8681862edb5f19a0791b6194b127b939934cb42dcf25a947ba021b4e7f65e095660,CLEAR,DAYLIGHT,DRY,FOLLOWING TOO CLOSELY,2.0,37.5,2.0,2.0
017373ba41957dcc3deb35df1f6069b626081a29b4b028a33cd768c63a1f65ef2b26bb0157783b6dde73c5a7c53b0fb9f5d3f732dd7c2e359c09b0ce02412e42,CLEAR,DAYLIGHT,DRY,FAILING TO REDUCE SPEED TO AVOID CRASH,2.0,26.0,3.0,3.0
0173a2186d1b279864f3363a195df3f0b9cdbd0edb7827c7bbd607d1507f80174d6549c154da4665cfabaf918b2563f60f40aaca05ec3ffcc650af75f0cc0bdd,CLEAR,DAYLIGHT,DRY,FOLLOWING TOO CLOSELY,3.0,29.5,3.0,3.0
0173d8f9e4fd2c55b8b3d5b1b0c486e5624786765b557812a23659815d5e8bea4e604655dbb76940ba16074806854197785229acd938f7497c6e56604ad55215,CLEAR,DAYLIGHT,DRY,IMPROPER OVERTAKING/PASSING,2.0,51.0,2.0,2.0
0173f7353d5aabe849442d79ac755385b4183710a84f69346712ed328c1712b03f5909f9f0249775018feb91585f147818e877dab8dc7312072acf33be59a92f,CLEAR,DAYLIGHT,DRY,FOLLOWING TOO CLOSELY,2.0,25.666666666666668,4.0,4.0
0173fe5126d314ebb596749bcbe6b874fdd211c4860bf50e8b663257fdd311679ed749f73d236dabbcf0ce35ee610979a58f6077fc593b51ead8a0d5c075b9b9,UNKNOWN,"DARKNESS, LIGHTED ROAD",WET,DISREGARDING OTHER TRAFFIC SIGNS,2.0,46.0,2.0,2.0
01745274e619ab0519a62426f7f610b8faa57f2851a05ad4fff2029bda001c2e7484162e772fb8b69fe34f8f7b6aa2c56675de197fb83a561f486fb78e6c09b8,CLOUDY/OVERCAST,DARKNESS,DRY,IMPROPER TURNING/NO SIGNAL,2.0,35.5,2.0,2.0
01745febf927ed3b3120910b25f936bcaa2f43ae445e89997df4d13f0d72f7d2fe1d4ac3a55d9724f946208cb5e044bf6d22d0268bbf475a97d185bf82d05fea,CLEAR,DAYLIGHT,DRY,IMPROPER TURNING/NO SIGNAL,2.0,53.5,2.0,2.0
01747b33e2b5df03225211ee3954022f24eb244ce5ea646d4a6d31720d571c69e9d5bdd36495b37805524459791f654f993c3c78f2edd3b45e5f0fc294a48a5a,CLEAR,DAYLIGHT,DRY,IMPROPER OVERTAKING/PASSING,2.0,26.0,6.0,6.0
01749375d74dc1afbb9efd3a80eac82c11fe099fe3eb82276f44df45a19d9f9f7dd6fd2193865346e0f0d42f1cb8da1487694bd1af140e12018c420a95ad4048,CLEAR,DAYLIGHT,DRY,IMPROPER TURNING/NO SIGNAL,2.0,38.0,2.0,2.0
0174be0744401380650513a53c42a81bb89a237fbcad31994f1153cf455f0d17d6a9426c6c1b9d84db9466b64adcbb73a13ef5bb04f3622acd87cf2a27b23f72,CLEAR,"DARKNESS, LIGHTED ROAD",ICE,FOLLOWING TOO CLOSELY,2.0,37.0,2.0,2.0
0174cfa171c82f00c2aa2c739125c6ef94f7623d16027abf3d6395eb229e6eae61128d757fc1a85c68ae766621acbccae2afba241d5dcdf70dce6cc3ce9a2d7e,RAIN,DAYLIGHT,WET,IMPROPER BACKING,2.0,37.5,1.0,1.0
0174d34b2386bac3bac37353ad80e31449db529e16f083630a9b9983a926c398f4cf38f7288e735a07ccbbf8dbd7d0c44f6afefdf5fd526298ff18fd7eacec27,CLEAR,DAYLIGHT,DRY,FAILING TO REDUCE SPEED TO AVOID CRASH,2.0,40.666666666666664,3.0,3.0
0174e2e58e02d1c08708a548256ec4efa51d2d055c5b66e332cfb2b246b9320de52c4c588461bb22d5659a41c3aca215015f6f771703e4d0265d17f42ab4ab3b,CLEAR,DAYLIGHT,DRY,IMPROPER BACKING,2.0,37.5,2.0,2.0
0174e51cdb47297e9251ab3d357e229bf13e4096c55ee24fe87bda55a900ee60088aec1a452597ad5df01d6ab33d0650a8fe52ecdfa085a1e3411ae4c2a160b9,CLEAR,DAYLIGHT,DRY,FAILING TO YIELD RIGHT-OF-WAY,2.0,72.5,2.0,2.0
0174e6493061e25787c9b0e54c5de27150426e5803634fb64fc0a0717fcd0151579c90b7547a108d6450d24f1d06090a1b776201cef3de4dc7502d21ed2d2aac,CLEAR,"DARKNESS, LIGHTED ROAD",DRY,IMPROPER TURNING/NO SIGNAL,2.0,40.0,1.0,1.0
0174f0e7db4fe4e9f1cd102d66dd71ceaed6c75176b19330f536a8f0fdff33b3988e910b5377dd2f185d2352a1d142b14b71ed38b03ddbad6b3621f36acf89bc,CLEAR,DAYLIGHT,DRY,FAILING TO YIELD RIGHT-OF-WAY,2.0,22.0,2.0,2.0
0174fbcccf1c0b08b727ba934f9cbbda7eb9421c374a9ce88d9f2f4ca67e7d86e96353c98c8225ff8416990882743c2dbdf56a834e6c32bdde132520ccb6b68f,UNKNOWN,UNKNOWN,UNKNOWN,IMPROPER BACKING,2.0,25.333333333333332,3.0,3.0
017593fa6eed67f2ba995f85fb3c6bf64d68de32c38ccdce3c43fdf8e708ccdca3165956b2c63b260a5ec626f639c8dd8fd6fda9454dfa2019e3c05d005a53fe,CLEAR,DAYLIGHT,SNOW OR SLUSH,FOLLOWING TOO CLOSELY,2.0,35.0,2.0,2.0
0175a1521830584853771b968cb64f94b9587d73aa925cabd0188c339648cd68b4167b1b508a9603a1f8015bcd7ab34125cd3a224d4197ef2f4db9b1f2e1d958,CLEAR,DAYLIGHT,DRY,FOLLOWING TOO CLOSELY,2.0,34.5,2.0,2.0
0175c4ee60a720a33603201deb3b03defdd0da2d97543a4ffc16c0ca160fe768eb57f253cc38919d1fe867c569ce822527e7b8126be8162975e65d7c30af3129,CLEAR,DAYLIGHT,DRY,FAILING TO YIELD RIGHT-OF-WAY,2.0,31.0,4.0,4.0
0175cb2475892b64f812230a1292ad1d673493bbb1d89b349fed7a463ec1e274b57a47712c165217fa223d7311b4b91d529bfc16e7c75b9a33399725acf6f1b0,CLEAR,DAYLIGHT,DRY,EQUIPMENT - VEHICLE CONDITION,3.0,36.5,5.0,5.0
0175deb71fbcdc21787f82caf9d72fd063f56004e638d82d97494db5d4d7e874e706ca4fd7716e06d99ac03b3dac0519df1fc8c86593b18674b0b5d8a4d00c31,CLEAR,"DARKNESS, LIGHTED ROAD",WET,IMPROPER TURNING/NO SIGNAL,2.0,22.5,2.0,2.0
0175f71e33f81a3e986af61be0b4f260a8dfb4c190795389a446921a402c16a9a2bc077ef7ce7a0f30cfdc1f7ef80827b3c8f2b84e15a2df812434d70586a332,CLEAR,"DARKNESS, LIGHTED ROAD",DRY,DISREGARDING TRAFFIC SIGNALS,1.0,12.0,2.0,2.0
0175fec21ecf432f918e4ec99b92499710812a64fe8658fe573873f8e424f1c4fb774789b6f03075b3e0144893ed7ccd015d0b633f1f2f41939533ec8a7f9c33,CLEAR,"DARKNESS, LIGHTED ROAD",DRY,UNDER THE INFLUENCE OF ALCOHOL/DRUGS (USE WHEN ARREST IS EFFECTED),3.0,19.0,1.0,1.0
0176388ff2b40a18ef7664599af171ff30ff31f00727489a032c525aefa226720c2ea53e2e3ad43548e6ca6b72d8dc1a04c04ef34b931657dd0d996ac5c88bc7,RAIN,DAYLIGHT,WET,DISREGARDING STOP SIGN,3.0,44.0,3.0,3.0
0176633365b8c0daafd526da5a1eec54c3e697237ecc8537ffc3b8b9b2cc2ba7a47a88ad3e661ab1b37c4a0731bb6400432ff2dbff27713cabe646dbed792b71,CLOUDY/OVERCAST,"DARKNESS, LIGHTED ROAD",DRY,FOLLOWING TOO CLOSELY,2.0,29.5,2.0,2.0
01766848706aa433ca1b6de2215170fabc39be0d7afde11d284ba90ae6b549009311ab5db439a0eea164cb95e8476587790a92520960e882c559bc7c52800636,FOG/SMOKE/HAZE,"DARKNESS, LIGHTED ROAD",DRY,FAILING TO YIELD RIGHT-OF-WAY,2.0,34.0,3.0,3.0
01768f4221c8a860ee995735088cc9a62f15f4a74e2741834392070d304597e51f6bae24e4673bcff649b9a89aaef1f65bc53ec70a7c3092fe9121bc7bbb53b9,CLEAR,"DARKNESS, LIGHTED ROAD",DRY,IMPROPER TURNING/NO SIGNAL,2.0,44.0,2.0,2.0
01769b7279664cb2e6beeb7c4e8705471209e410388aa2258fbfa0519f999ceb0db84560e8edd064ea6052faf9ce5d9547c945231c0636df15285dec18af056d,CLEAR,DAYLIGHT,DRY,FAILING TO REDUCE SPEED TO AVOID CRASH,2.0,36.0,2.0,2.0
0176a43541e167117933b518a810cfd70c6f01d6788ba7387b840afd66a2ca0bb031075908ec722e0a7c655ea4f6357bff5b7e2c042b090f0afb42427277b313,CLEAR,DAYLIGHT,DRY,IMPROPER OVERTAKING/PASSING,2.0,29.0,3.0,3.0
0176ae3bf519cf87a1a5150044957babaab86b7263049f0ab8c18404323a74bcaaec294c2066a033fd87413d5caee12687dfcd0e8f33ba1df19ec42dd997a5b2,CLEAR,DAYLIGHT,DRY,"VISION OBSCURED (SIGNS, TREE LIMBS, BUILDINGS, ETC.)",2.0,36.666666666666664,3.0,3.0
0176cbfb4298c014a06c7262e89446485092a3b2181517f290aeb537ddc5640ea99b728d745ab3df1c818ee0cd468cc269c5362d94ae5aa5a7292c49df4660d0,CLEAR,DARKNESS,WET,IMPROPER BACKING,2.0,23.0,2.0,2.0
0176f602ed0262a3e8cf3418b55aca9463825b8854f57fe7dc25fb50d3f20faa9107278b80296f22668e09453e9e960ea571b0d5cc9959b097d56501a311c667,CLEAR,DAYLIGHT,DRY,IMPROPER LANE USAGE,2.0,37.5,1.0,1.0
0177047341e56852dc0e7d81e7ed338058ea0dae8c111a73550d6d0bbb4fa6b7d6234133c3060ecc5e7f1953ea4f91393e2bfd3108fd0c6a83d9f22bd72b51ab,CLEAR,DAYLIGHT,DRY,FAILING TO YIELD RIGHT-OF-WAY,2.0,47.0,2.0,2.0
0177071fda874850dc6808c73a9536d068649cd3903c48e69529f08491fce3931ac42ee80c1bddf848b3d9368c567ca1e4fb2b2945e6788883d462348216d0b7,CLEAR,"DARKNESS, LIGHTED ROAD",DRY,UNDER THE INFLUENCE OF ALCOHOL/DRUGS (USE WHEN ARREST IS EFFECTED),1.0,28.0,1.0,1.0
0177440fe4d4bce90fe8be78affc5b7320ac9582d4038717f7c6175adf0383af4ec8ed22b91e292ab31c71cac0ff27af1c089550a7666d5536e3e2a57188814f,SNOW,DAYLIGHT,ICE,WEATHER,2.0,41.0,2.0,2.0
0177855372f9ebdb4ef06828243cedf1528152266e95d4f909d18dcc8262ea3cc96de40d4c3e4d40806bfe9a0312ab75a3eecd4190818fd8ca9ad066c37d89bc,CLEAR,DAYLIGHT,DRY,IMPROPER BACKING,2.0,47.333333333333336,3.0,3.0
017786a58de03def32df8c13fc151fcab162056ef890ddf147afe69fe4af5ab696d4ef3213e6cef813faf602e0730ae97aca665ac3b459445b436f4461099045,CLEAR,DAYLIGHT,DRY,FAILING TO YIELD RIGHT-OF-WAY,2.0,49.0,2.0,2.0
0177c1b110ee88d4941ccdf81e3655a2b7e28de69d205b565db5bce88d5187c7eb2dc7707150f7448181593b036b35bb0491aea01af351e2917eb0174010f814,CLEAR,"DARKNESS, LIGHTED ROAD",DRY,FOLLOWING TOO CLOSELY,2.0,32.0,5.0,5.0
0177c9e7ab1a7841f45c506225f441b3964a7e730e4e1c7091c15ca82ea9726f7aa04beb746ca946b6b70552a0de230c69db76a2dcd769cb0ae146e9624026b5,CLEAR,DAYLIGHT,DRY,FOLLOWING TOO CLOSELY,2.0,23.0,2.0,2.0
0177d57666f0ecc58c36399b31a0614cdd39814525d13f3164b7088bca81d01ab0c9324be7fceeb38c4233c7727f2676ea123728969bedf3682385df138e3cb3,RAIN,"DARKNESS, LIGHTED ROAD",WET,FOLLOWING TOO CLOSELY,2.0,45.5,3.0,3.0
0177e82ca5ae8fb5c484ee3acb6ef32624d4176ececd234204745334fe91f4c46df52de1c694a219d785bb8e20c4f2ac4c36cf297bae2bf9255a7adb18d757e8,CLEAR,DAYLIGHT,DRY,FOLLOWING TOO CLOSELY,3.0,25.0,5.0,5.0
0177ea47d60cb87a19140fa454247d3b974c6061ce48d0e43e3312b53d8b95f4f6c9760a797f828e37266b33303115749c7227a37ecaa63ea03c2a0abb4e9e97,CLEAR,DAYLIGHT,DRY,FOLLOWING TOO CLOSELY,2.0,34.0,1.0,1.0
0177ef81b4ee5dd050adc2a9a3a0e760a5d8b84dacdf9d421e3bc7106473715f2699b0a8964257602abbcbaa440e7800149ddf0e4a0d1c75ba2089c600d7cfec,CLEAR,DAYLIGHT,UNKNOWN,IMPROPER TURNING/NO SIGNAL,2.0,41.0,2.0,2.0
01780516385bbc647a8b0d7a08f64b816e4e70b00d64fddf1b8b238ea241fc76703befe55e3015e8cd8a1f07b9e0687ad6b3886f2b1eb16bb1da897588e2e8ab,CLEAR,DAYLIGHT,DRY,DRIVING SKILLS/KNOWLEDGE/EXPERIENCE,1.0,87.0,2.0,2.0
017841b1bfea2653df95e9419cda4bedeca66f6874f69d2bc9581d869edeaf5ae311f1665bcc1e559953fe0b228bdb9f5007f0c4f523b1bb1c0ab7dbfd36415e,CLEAR,"DARKNESS, LIGHTED ROAD",DRY,FAILING TO REDUCE SPEED TO AVOID CRASH,3.0,27.5,6.0,6.0
01786fedc054e4ca78d6143b87ec7a568d4e27c91b4cfe109e8abe96fe09e049f325d239cd7a4d50898a4cf27b9e33b378b5b1f1830e0e06de5e359da3d022d3,RAIN,"DARKNESS, LIGHTED ROAD",WET,FOLLOWING TOO CLOSELY,3.0,34.5,3.0,3.0
017878c06d2d2211c382d4cad0c4d42b6c1e44fe6afbab16ecd9705d2302043ee101245318ed723605ec129a9119777c3bb4a2a01ed200c69dc8ade3b5017c24,CLEAR,DAYLIGHT,DRY,IMPROPER BACKING,2.0,26.0,1.0,1.0
0178bc6379bac0efdafe560bd0fbf45c8503f283e90dd664f32b260038d8165d70c99dd5ec3b0d77590cf12b53346c7062feaba1d9bb3de54efec29646fb4c17,CLEAR,DAYLIGHT,DRY,FAILING TO YIELD RIGHT-OF-WAY,2.0,29.0,2.0,2.0
0178db728d31617228b7600ea2204d28bffb187b7ddd72391b91fe05454fe2dc151b4b75c4dc453029ac24049e572deefd39dde9548a55283130b960504967d2,CLEAR,DAYLIGHT,DRY,DISREGARDING TRAFFIC SIGNALS,2.0,23.5,2.0,2.0
0178e43434feda7a35a1f0482b9d71c86e5459a2b77d539e6dd02bb4bb9ae9b5c2357dfbcee39a1c21572a9769b8e09ac69bcc4dea2e836266e4fce0b6cdb3f7,CLEAR,DAYLIGHT,DRY,FAILING TO YIELD RIGHT-OF-WAY,2.0,63.0,2.0,2.0
01791a4c85a86c67742593b0601081a3ae172c9d720b4f67898ca6c58632c3f9bbcb320edc340bb48471560b5d9f7d43a61e9642bd08061be6ae6c815c0bbb15,CLEAR,DAYLIGHT,UNKNOWN,FOLLOWING TOO CLOSELY,2.0,36.0,2.0,2.0
01791b01cd1a322d68c6a0e88f92356d21268b3fb22f38c7e73fc136649e1e24d5677e33f82002f71e07a332b5e6c4bbe58d9de6fed57c579818ec066199ef4d,CLEAR,DAYLIGHT,UNKNOWN,FOLLOWING TOO CLOSELY,2.0,28.5,2.0,2.0
0179545b58223ba01dff3663d9f69b3aa24a7e2c79f111992c9718d6998a045d71f273f9441fa0cff8fd2da6a5c1afb066f86bc4cdbe9c3e8a2b29979e3c708c,SNOW,DAYLIGHT,SNOW OR SLUSH,FAILING TO YIELD RIGHT-OF-WAY,3.0,45.0,2.0,2.0
0179a2d43cdf75e217314c660e5d4cf28a5677e4dd1600b7e811840d272e4a02ff95d301ceef5ebc00c3ed5acc2fd5fc5e1ddb3e3de2f1ea880199de27c52ecc,CLEAR,DAYLIGHT,WET,IMPROPER BACKING,2.0,37.5,2.0,2.0
0179c59f9b27a3ecd5355fae5ed77678a848766db9d731722a790a2e73ef85e54eb86ebdab7d094182acc0d41b7282771b9fadfdac3c575871b7911fd125308c,UNKNOWN,UNKNOWN,UNKNOWN,FAILING TO YIELD RIGHT-OF-WAY,2.0,29.0,2.0,2.0
017a222ef7262ec530618bcfe47d7e4c9049177273754ae774846b514bf2b3ffbf82bce977dcbbd08e5411c21bdfd75960f5e9590c75e81d7bbdd84bb20d58f0,UNKNOWN,"DARKNESS, LIGHTED ROAD",UNKNOWN,FOLLOWING TOO CLOSELY,2.0,34.0,2.0,2.0
017a306b83a3be257e2a92e06085603040219ada548d12372d7b588a87f1cbf502d6d71e4b7ea63746408151515f4feccd29bd3833d3615f0fb43160b87e00b9,OTHER,"DARKNESS, LIGHTED ROAD",DRY,FAILING TO REDUCE SPEED TO AVOID CRASH,2.0,31.0,4.0,4.0
017a4830ae92c090d1c05cd85aa58c939b48af5eca2e32f0eb05e2dc28d8d81e3167446df116bc84e10b7f5ccdcf631f77722db5d67bedd9bbb843b26b8f3a46,CLEAR,DAYLIGHT,DRY,EQUIPMENT - VEHICLE CONDITION,1.0,53.0,1.0,1.0
017a8d750363e52c38d43aed5560d2b852f1703650e7ef0a8acd598c9fe6a4dc379d4d1d188eb18aae3ce4efaffd157849f8d13a38d3346d476ef8cf7959842d,CLEAR,DAYLIGHT,DRY,IMPROPER BACKING,2.0,63.5,2.0,2.0
017aa6880e9a03d0fddb7a1f1b44ee9505defd1c43195ff8e26de35a5b26ecd9637b8f7cb5a9ee27af0ab18fb65eb5d2fae62b29d682afe312d634e965800598,CLEAR,DAYLIGHT,DRY,FAILING TO YIELD RIGHT-OF-WAY,2.0,74.0,2.0,2.0
017abef34da915e9899bf92458bba5fea0c8f02c6e041dc889a1c68cb4025017c058ba96480d40d584226b9d1082d0178812e8b9d064e4062e4e59167cea97b1,CLEAR,DAYLIGHT,WET,FOLLOWING TOO CLOSELY,2.0,44.0,2.0,2.0
017ad78ddd8c1ed375759ab8204d6021c87900a078c18314747500ad77dc39f5216d73b1659a63c492d90fef84b0922ff48a043984c100c9e676c474b6856256,CLEAR,"DARKNESS, LIGHTED ROAD",DRY,FAILING TO REDUCE SPEED TO AVOID CRASH,2.0,37.5,1.0,0.0
017addf550eb2fafbc052b66e293090900f7827c6ef9529ed7ae30d492614373d069c3d3b5c91bc09985914e379e54f8cd845b10f5a4d46a3865328f9392712a,CLEAR,DAYLIGHT,UNKNOWN,IMPROPER LANE USAGE,2.0,31.0,2.0,2.0
017afcea31d25e7bbce97590eb3ec540f91637325f925aa1a2ac86bf4f5a11fc94569df92b2891c57c37ef60651557e3be23323741ccf0f17bccf2d816884875,CLEAR,DAYLIGHT,DRY,IMPROPER BACKING,2.0,64.0,1.0,1.0