crash_record_id,weather_condition,lighting_condition,roadway_surface_cond,prim_contributory_cause,total_vehicles,avg_driver_age,total_people,total_injured
017b14f2533985877ee545558f5183d8939e7c4941e09335ef5434b304cbb04fac0fc2e0523d7054048c37ce34d37140bb0d5de504cab58cf55a4d8c9cf4b391,CLEAR,DAYLIGHT,DRY,FAILING TO YIELD RIGHT-OF-WAY,2.0,53.666666666666664,3.0,3.0
017b1895dda20c7569a562b518912d78fbd7683da9181e3fff934e1e8c6309d009ea37c82a6793695a200024cd94fe00ec3886a12f6eab5a89998108fa0b4648,CLEAR,DAYLIGHT,DRY,IMPROPER TURNING/NO SIGNAL,2.0,44.0,2.0,2.0
017b5436b315491f4dbc4dfb537a52cca466c5ecb620ece682545d55988497b1fa5433bcab751b4b27e833abcadc2ebfd25ffba8061b252188925511c2e94f14,SNOW,"DARKNESS, LIGHTED ROAD",SNOW OR SLUSH,FOLLOWING TOO CLOSELY,3.0,32.0,4.0,3.0
017b5d07d33091554eab96682fde9a68c43f272a93d7783a8b89b20fd8e6005aa34bf0efd9482a7f7293f262a911f0cf1a8d0a2d3cb5555682f6b62fa755e0da,UNKNOWN,DAYLIGHT,DRY,FOLLOWING TOO CLOSELY,2.0,72.0,2.0,2.0
017b62416bce9a49cca8b9e4189d03c6202457286c5012ae6903de1966e752f4158ceeffbcecc87f1ae28e810161789e0c63eb31d4fcfaac7586c98422441428,CLEAR,DAYLIGHT,DRY,FAILING TO YIELD RIGHT-OF-WAY,2.0,36.0,3.0,3.0
017b6ad035df341f229eb7ef820c7631f614f5697dad7916233504cf13ae219fe468a3fed768097b9e9b5bdb688a01213b40b398b222a7fbe6c867119fcfbe63,CLEAR,DAYLIGHT,DRY,IMPROPER OVERTAKING/PASSING,2.0,46.0,2.0,2.0
017b6c9659bae5ba6ba8defa346f2287ffb3d442872a274f9e82931d4cb5ab0c1e6f88e7a2306bfcce9f743ad30ea676760091ec64f35c9dd7eae8986ba6ecb4,CLEAR,DAYLIGHT,DRY,FAILING TO REDUCE SPEED TO AVOID CRASH,2.0,27.0,3.0,3.0
017b7c0a263aaecd18ad13928c1fc099c32311521f52c3eda080f20bee20225134db7dc4e33210343c1cd029a00a68a6489e67e8547a238d1afdf8efa1e3632b,CLEAR,DAYLIGHT,DRY,FAILING TO YIELD RIGHT-OF-WAY,2.0,26.5,2.0,2.0
017b81d6de34c09cdd6c9e29e09edac5feefaf23e086e9aee6a95f45ee7d53241b68b0779afce7ed57390d4199502cf61fbb6bd9c3aa31eb65a21c4fbfd5179a,CLEAR,DAYLIGHT,SNOW OR SLUSH,FAILING TO REDUCE SPEED TO AVOID CRASH,2.0,34.0,1.0,1.0
017b88338349127e616a4ed7f894f295b171d1eca28f5aab7e8c1fca52847802b285a656db0d937d823511b7cb26e0519a55b254f8e2decd18f34fea9cb02b6c,CLEAR,DAWN,DRY,FAILING TO YIELD RIGHT-OF-WAY,2.0,42.0,3.0,3.0
017b894ff2a9c299a8bdc818aba7a0e8ca823fab7a6fcdaa5fb20933dbd85f906982958607a84ef42dae5ec50b5eeaf7273c2251fa496945b5c6cfd4157c9f13,CLEAR,DAYLIGHT,DRY,DISREGARDING TRAFFIC SIGNALS,2.0,49.0,2.0,2.0
017bc45eee19552c07dada3ec85dda18fa2e60e0f5efbee22ac74abe46a7d3d38def8a8c4e7db1bf5aa02a259ded5516b7cc435239b10a1ec800900ac97d290f,CLEAR,"DARKNESS, LIGHTED ROAD",UNKNOWN,FAILING TO REDUCE SPEED TO AVOID CRASH,2.0,46.0,2.0,2.0
017be621c7dca4c8da984b34155d4d7daafe2faaef0f1d1d0462f6525ef341236becc0accbfa22007c8273505160d3ccaf3433d1d3bd5a712f595d6b3516d64c,CLEAR,DAYLIGHT,DRY,"OPERATING VEHICLE IN ERRATIC, RECKLESS, CARELESS, NEGLIGENT OR AGGRESSIVE MANNER",2.0,44.666666666666664,3.0,3.0
017bf5b046912ae1487f6007e1927b2375224bed8a2253df27d8d4024def573f26f67ae02e7ae334ce1f3a4d8f0bd507f9abe32a9741f4320432d0498082ef20,CLEAR,"DARKNESS, LIGHTED ROAD",DRY,IMPROPER OVERTAKING/PASSING,2.0,23.0,4.0,4.0
017c732e2e3074ffa21c08c428df2025d058631da27b022e09d65cb0821f73ae4dfae1b65a1beaae00af335a269033a4312431a594e4de498955c3d11e0bf938,RAIN,DAYLIGHT,WET,IMPROPER BACKING,2.0,58.0,4.0,4.0
017c8d528451177f3b9a3b55bfc6e54e0e008f1c7cb57dcb5c2584f51ecf6a259fc19a83dca4579e059a516ee07a745d3e7265ea83e54a661e1c473f6c3d1585,RAIN,DAYLIGHT,WET,EQUIPMENT - VEHICLE CONDITION,2.0,39.0,2.0,2.0
017c994739ef26a17f067f446e08407656cb52f50f5bc39c79e47a37378ee55d23c625c7a657f1246e2c8fcb803c7bcd3e0df9bc35e34db2fbb2f250cd458634,CLEAR,"DARKNESS, LIGHTED ROAD",DRY,FOLLOWING TOO CLOSELY,2.0,51.0,3.0,3.0
017cc42a36300e27ac09d8c9b6a7ea6d6f80415341551f58c0115cc1e9b43a07a922b1952ab6ac76e22794b95a549b45e071d7a003fb0e2c48a3adbddaac888b,CLEAR,DAYLIGHT,DRY,FAILING TO YIELD RIGHT-OF-WAY,2.0,44.0,2.0,2.0
017ccafd6530b12c495e492cdde3d599cf427a2465e2b4f2e8b0c814fb47e6d4df2879d70479bb87c5ed09a689565978a759f3be1476c1199d4bf3199e371fba,CLEAR,DAYLIGHT,DRY,IMPROPER TURNING/NO SIGNAL,2.0,35.5,4.0,4.0
017cf6a3e8df90d0b21243c0b1990eddbea929af6fe3fe5cc63206c5f9e2923783154e9ffdd4aed947ae1f77719078ea5aad6f07f28ab08f6cb54e4b644a3205,CLEAR,"DARKNESS, LIGHTED ROAD",DRY,IMPROPER LANE USAGE,2.0,45.0,3.0,3.0
017d28f07fad0d9ebb01c8de68cc1610ccb759cf91f94fd619516dacdccf9b5e6d1c59515cc6d20066f083cf49a8fb56916a27a82d8879983c884661861f495f,CLEAR,DAYLIGHT,DRY,FAILING TO YIELD RIGHT-OF-WAY,2.0,26.0,2.0,2.0
017d365cc4f697364c5b838cb582bc4ba80eaab887e678af5f7e8e2e848b86f38f90875c4c1d60f457ad3a8bcf1daf43017bf32fc37371536ae438ca70adcf74,CLEAR,DAYLIGHT,DRY,FAILING TO YIELD RIGHT-OF-WAY,2.0,23.5,2.0,2.0
017d56a5a1c18cf9ba828a35eb4292ee85ad30ab9a4e0e38c24f167a8b5edd3879d7eb09cfd09d7d56d871bcddf6fb14fc3be38fcb8883eced1b84e0277fac72,CLEAR,DAYLIGHT,DRY,FAILING TO YIELD RIGHT-OF-WAY,2.0,52.0,3.0,3.0
017d7547647cf989624ff6084b457cccfa6835a83dfe22459f2c5214f41bddba64a2c3cfa412173c476bcac92923dfd1497ccc7374bd07c7c91b40813cbc9f6e,CLEAR,"DARKNESS, LIGHTED ROAD",DRY,FOLLOWING TOO CLOSELY,2.0,35.5,2.0,2.0
017d7cbfcfb43e93ab8053da1a2aca0d8edd6b5d3645f0ef2dfbf6b9f37d8f2eba39c38102c163c69efd50b451006415be4ab03793b062e8400dd7af2d2d2d83,CLEAR,DAYLIGHT,DRY,DRIVING ON WRONG SIDE/WRONG WAY,2.0,46.0,2.0,2.0
017d7d144773a9416efcddbdea612241c5bf50dc2c757ea793ad0f2f0989253b30b21d602d409d572a76e41bfa4d9221870dc179936677383d386999fe87f5a5,CLEAR,DAYLIGHT,WET,FOLLOWING TOO CLOSELY,2.0,28.0,2.0,2.0
017d8c73432e20341d28b1cc034dece30b96aa4f8d249095e9e3ee1666a400244bda4f00baa2bd6f80b8d011204256ec26f2819cdd448026ee9568f518f10c4a,CLOUDY/OVERCAST,DAYLIGHT,DRY,IMPROPER OVERTAKING/PASSING,2.0,59.0,2.0,2.0
017d960c5fcbdc9c736f128ac6fcf9c82c77c71388c895ac781ea3ad9f9523aaae4146d74673b6fe3f3e363b876cda371d98910b9e51981f9ddbff13a0fadccf,CLEAR,DAYLIGHT,DRY,FAILING TO YIELD RIGHT-OF-WAY,2.0,27.2,5.0,5.0
017dc99d1222b4d2e2eac3522f76f23a79920be665c33a46611768a888dcbf45d10c90b9e8ab2ea09387fcefc9c1ed41f267ea1338e0e63a5d4c8347364626a6,CLEAR,DAYLIGHT,DRY,FOLLOWING TOO CLOSELY,2.0,57.0,2.0,2.0
017de1fc6665aae13fc16f70c9b308198f00a41b617276e63f41caa6967afb6c3212f30b50b3ed48133e00da576bfcb1040e1faf516ea223f472b490a7a066cd,CLEAR,DAYLIGHT,DRY,FAILING TO REDUCE SPEED TO AVOID CRASH,2.0,62.0,2.0,2.0
017de4ba9178487b642935ea0dd8070575a479f7eaebdcaf1d1523ddf9a81d96f905969d1ea6904df54a2a788daed38dbb112310be37993d1ee6faaafc647653,CLEAR,DAYLIGHT,DRY,IMPROPER OVERTAKING/PASSING,2.0,32.75,4.0,4.0
017dee620aef4cbb43140c3e9920e1c476d022e0bac90b2e6557ba4c7ddd8857bbe4e4c91bec3d19771dbdf3e4065789ae10314fe2a115dac765aec8dfe76692,CLEAR,DAYLIGHT,DRY,FOLLOWING TOO CLOSELY,2.0,31.0,3.0,3.0
017e3d2c6fbbe3f64347687ffdaf38f100ea3cf70c417b41df1ddcc855e334ee9f933fd0e71b3b71723daf0cfdd6392445a2930a4639a5770434faa9973da2b8,CLEAR,DAYLIGHT,DRY,IMPROPER OVERTAKING/PASSING,2.0,42.0,3.0,3.0
017e3e23bd552b98a982397c85dcb39ac1cb020330cfbeb10464fd13d777b10064c821fcd4816a4d4d643f8a8776ca758c266801958c3b8bbccd92edea620895,CLEAR,DAYLIGHT,DRY,DISTRACTION - FROM INSIDE VEHICLE,2.0,53.0,2.0,2.0
017e46ad2a6d9d4c52899faf10d8cfa1272a2150d57fe641aa407f6a7f11d2ddd8bad5b48bea9b058c4513717985f82874b593c554bdd2fde969494fc7737fac,RAIN,DAYLIGHT,WET,WEATHER,2.0,37.5,2.0,2.0
017e64ae20ffcde424ab0f0a19ff34575c47115a06b261e68dea1a4888ed17bbdcba714f8f24f2dbe2a7636cd41af04afa70f060e6d8002b7885654757e1c201,CLEAR,"DARKNESS, LIGHTED ROAD",DRY,PHYSICAL CONDITION OF DRIVER,2.0,23.5,2.0,2.0
017eab67cd8804a4d116133be51dd4e6dcf08101d21fb40b6ee195bb8cb096d80520bb010f04f3e67839d9ffa3f8fce2fe1a8bf035135c0758f8dbab67577bd7,CLEAR,DARKNESS,DRY,IMPROPER OVERTAKING/PASSING,2.0,48.0,2.0,2.0
017edc218a1b7451134379b9a1d3bbcce5398500325530e7cb2e6877224725bd80aff0671aff31f3d9595e1f606329e24ece94020ca0f74c8053351395c7c9bd,CLEAR,DAYLIGHT,DRY,DISREGARDING OTHER TRAFFIC SIGNS,1.0,21.0,2.0,2.0
017eea020be89dbafd07e961619a2252dcf16e0b3ff8130081cd2cad16845f8ca522bb6f53c14cb2969e0d011c808ee38d4abd3408db98c34a328db3783c4d78,CLEAR,DAYLIGHT,DRY,IMPROPER BACKING,2.0,37.5,2.0,2.0
017f0a67734433afd206216282a5cf5ad4aea99fc955cb0284317652db5410280397432bea47d01f56df223667dac65e45139f4044b69a701764ba4308c0ff1a,CLEAR,DAYLIGHT,DRY,PHYSICAL CONDITION OF DRIVER,2.0,38.0,1.0,1.0
017f11b0238c2561765193e340657fe4a9b5064061115c3b24595ac3e4c04ea7659649d71a614b8199285c9d14f198239cf240ce8d7e17f07728b8764fc876c5,CLEAR,DAYLIGHT,DRY,FAILING TO YIELD RIGHT-OF-WAY,2.0,27.5,2.0,2.0
017f25f9fd5856b83b597f5145735c65cb81fae5c66acecb752d8e30e3c52ad262faf7ba2504e3bc536f26d3227a4fceacbc17cabfdf1163a08f1ff4c535d319,CLEAR,DAYLIGHT,DRY,IMPROPER OVERTAKING/PASSING,2.0,37.666666666666664,3.0,3.0
017f395622fac04f7d14039bf43a49e4dfa4e9157faaf653e4a31ae6a4250e54f70f556e8355fbe7475aea40bd46193fade688d202473a72fb741acbfcd64796,CLEAR,"DARKNESS, LIGHTED ROAD",DRY,IMPROPER TURNING/NO SIGNAL,2.0,46.5,2.0,2.0
017f76dad4cc54c14fdee3f882be9abc5ce9ac85d0fc5bf77f164b350bfaa4f21d32408d0c23ef4d09fab12f8d246a675071d5a0cab95c32eb74f56a8e31c2e6,CLEAR,DAYLIGHT,UNKNOWN,FAILING TO YIELD RIGHT-OF-WAY,2.0,40.0,2.0,2.0
017f9935536cf4b33db23ad246745ec367fd4abad637d5bbb54fd41a7e631c3c08272fee945f82b2a3bdbebdebaf8a27a81fbd46c6acce48837cc8cfedd51206,CLEAR,DAYLIGHT,DRY,DRIVING SKILLS/KNOWLEDGE/EXPERIENCE,2.0,28.0,1.0,1.0
017fbefbb38f8fe36dd58224702e15da91dc73b8f37ca3cc077e86241ff7a502e64be775e1e1cc271d299e6d84515d64acd194e576d881d2e0e7faadc64eefcd,CLEAR,DAYLIGHT,DRY,FAILING TO YIELD RIGHT-OF-WAY,2.0,43.666666666666664,3.0,3.0
017fef64e93c4afafc43d85cfea9b5d4208ed5deb0cfcf39821025198fa4d37ab85f8db98fd535e6df6efc4494ef4c709ce0b3dcf2e8e023242d3cdcbe8a78c9,RAIN,DAYLIGHT,WET,FAILING TO YIELD RIGHT-OF-WAY,2.0,70.0,2.0,2.0
017fefb9732400b7c10c7ee2c46e78b91db4aea41f6ea0d747286444329ddb5ca01af259406c9f881df36222408e86bb118997747a99d7717060895a42fd2090,CLEAR,DAYLIGHT,DRY,IMPROPER BACKING,2.0,84.0,1.0,1.0
017ffa45314a3b5174365aba1467a25614cfa9ce7619b487f2e59cfc231c0e1399e18a3dd1925046aa44357400955e53af9ef651c5d5e1d8b438c93e85a92d90,RAIN,"DARKNESS, LIGHTED ROAD",WET,IMPROPER LANE USAGE,2.0,49.5,2.0,2.0
01804b6e1e42fb0cb95c28240911b3416fbccea28ff56816c938aa448944e1106607184bbee8d0c4eaf28296fc5518ab26a796ea47cac108ea238714ee9df0d1,CLEAR,DAYLIGHT,UNKNOWN,DRIVING SKILLS/KNOWLEDGE/EXPERIENCE,2.0,55.0,1.0,1.0
01806caf0b8af76cf749c3f46090042fa6b3c17a74930f878dfd74e9407c12528841294afa118d54aeaa1da4dc70204e4eda5eaac7254e6d3436bd937521bb76,CLEAR,DAYLIGHT,DRY,IMPROPER OVERTAKING/PASSING,2.0,30.0,2.0,2.0
0180aa9adc51abae42bae3ad446cf47b286babb6854be0e2f9dca9dd0508528a7f0232a2574200bb5c4235fa37508ae95e93dc979ad9baefc2bde57539de39df,CLEAR,DAYLIGHT,DRY,IMPROPER OVERTAKING/PASSING,2.0,45.0,2.0,2.0
0180d3b8d225b928f376a18e8b1655707e3517337e81fc524b4075d9c17da0c49c8e4a2c1db3fb9e77f5e3fc6392a7b52892d6067be254169051851544d0e799,CLEAR,DARKNESS,DRY,FAILING TO YIELD RIGHT-OF-WAY,2.0,69.5,2.0,2.0
0181095a369f25fe4a9824e975c6473f2d96cc867be7397ab4bd9b889d461194714e1618126a8e9d49d25dc14ba8c469988988ba0e3b096c226de253b8e5bbcd,CLEAR,DAYLIGHT,DRY,TURNING RIGHT ON RED,2.0,44.5,2.0,2.0
01811bf68db198230fa9a98ea8985976031772fc325bfe78d5cfe8e182bbe2384226f55ed154b447e9d9fef86771a59cf04cb34167ef296ed57ae596046f5dac,CLOUDY/OVERCAST,DAYLIGHT,UNKNOWN,IMPROPER BACKING,2.0,39.0,3.0,3.0
01813bc15ae2659c795f21ba9c078a49287b85b2285285fab19c2881803d20647cc13a666563298a5e53081e68ec09350baf0eeb50a959941394ace971db4042,SNOW,DAYLIGHT,SNOW OR SLUSH,"OPERATING VEHICLE IN ERRATIC, RECKLESS, CARELESS, NEGLIGENT OR AGGRESSIVE MANNER",2.0,76.0,2.0,2.0
01815eb1968e1017a849dc9f07c5b234015db5108b7a8981f722085e0e150c05fb31670ac1b2e28b83f60d221033d5c608611614534648c24f9ce5f5220f2488,CLEAR,DAYLIGHT,DRY,DISTRACTION - FROM OUTSIDE VEHICLE,1.0,44.0,2.0,2.0
01816c69f520ff09a112916a43755e2d750a307d124b82a7b3c540cf556c6eabecd2b39829e13911572131ae20bfad5bb3c0087bc4c9ab7d608cc76f665b2e2b,CLEAR,DAYLIGHT,DRY,FOLLOWING TOO CLOSELY,2.0,49.0,2.0,2.0
018174b0c93c64d9341a5d261b136e7198d986d76d86b39d8bc4d0142589c790dde87203be1fe6895321ca315b3827115b67c8d3a692a2a60f61ee56fa56b1b9,CLEAR,DAYLIGHT,DRY,DRIVING ON WRONG SIDE/WRONG WAY,1.0,36.5,2.0,2.0
01818783408ecab362595ac01e0b6eaeb78c424c2c6b68fdb6485d3dd8c16ba1d4f4795a807c2f1f388258e6f57f9c399ad1a523b8bb66bb982a6f97b340fedd,CLEAR,DAYLIGHT,DRY,FAILING TO YIELD RIGHT-OF-WAY,2.0,14.142857142857142,7.0,7.0
01818bc1fc1e37c18dd211ca2d2c6dfb6cf8c4cac84ca400796864bcadffff88b1daf428ed1635fec83121c98390855cac1adc634346171a487d33eac8607926,CLEAR,DAYLIGHT,DRY,IMPROPER OVERTAKING/PASSING,2.0,18.833333333333332,6.0,6.0
01818eaa2dea50860c3da6cae33e25510f15ee5b7908a4e9f6b1dbaab9bfe1d51c5ef401a0ff2f2d76beb46ae50141d64e087311ff4affe57ae2e96683a68f37,CLEAR,DARKNESS,DRY,FAILING TO YIELD RIGHT-OF-WAY,2.0,29.0,2.0,2.0
01819bfe6c5577e900886906e853296fffd7c9eca3b0012a336295dd74d75bf2f13cfd92a0612565eed7ada3ca0cbb5c0a50a2d549e1c490b8a0474a788c8a30,RAIN,DAYLIGHT,WET,IMPROPER BACKING,1.0,54.0,3.0,3.0
0181b40edda0b2067c0fc7e323a0a789508ba63914c25d82060be5d10dd935e94eb45070d6d11d70cb7fad6b7ffcfc8220bdb31b8cdb6738a50c637bef2ee41e,CLEAR,DAYLIGHT,DRY,DRIVING SKILLS/KNOWLEDGE/EXPERIENCE,2.0,17.0,1.0,1.0
0181b67ec84d971bf1fa9ef72a8343c3d0ceb966a4f6821ad49ea7448e8889c54972a5d6f91367ecfdd5a5e07718299648747caad152c3af385a61ff4c7c9b0b,SNOW,DAYLIGHT,SNOW OR SLUSH,WEATHER,2.0,44.0,1.0,1.0
0181ce89d826d7284bfdc59565c0c54b4c59bbe772a26975f5aafa4f0ef3eddfbb76815ea6eb6ccbb4184074e9e366f7f48a8ab8c116819bdfca3bd4a59bef9b,CLEAR,DAYLIGHT,DRY,FAILING TO YIELD RIGHT-OF-WAY,2.0,37.5,1.0,1.0
0181de41faf7d21ccf444a1467b6689d9b34a7fec385df6cf0b11ae4a712bdc0e183fc023c6be0728c5f972998c8191f5d8bc7f3a05db41c48097a70546ca759,CLEAR,"DARKNESS, LIGHTED ROAD",DRY,FOLLOWING TOO CLOSELY,2.0,51.0,3.0,3.0
0181e09d8684c22058b8fabc54231f160c6cee0838b68c349da46afa804c044fb8dffba029321aba3a8b4d89aa7e065254d3f52a5fd9d3ffc65436d128596f2e,CLEAR,DAYLIGHT,DRY,PHYSICAL CONDITION OF DRIVER,3.0,48.0,2.0,2.0
0181eb180f295d02283af6c70e1a1e3a7a1fb5f2d128b7b6b378930908b3913ed96719338491b344d5bbb272e36146736eda74e505d0aa4e26ec1c884bfd7045,CLEAR,DAYLIGHT,DRY,IMPROPER TURNING/NO SIGNAL,2.0,44.5,4.0,4.0
0181f079207daf374b18ce782a6dffa0eb6e28a3fa8e59c98a5cb38a8a4ab07327034ef3fe51beb0a5c7896021954b7816d6ed6572590fee4bcb03331e7e6330,CLEAR,"DARKNESS, LIGHTED ROAD",DRY,FAILING TO REDUCE SPEED TO AVOID CRASH,7.0,30.0,1.0,1.0
0182142bb22c04c79f4d0fa5aaaa0e0da4ba3ea58e98dc490e6b911e734019d81f7dee3f15108b220db7d84ffe9289577785ec484ac94f79c5f8d5d3ec7c5ea4,CLEAR,DAYLIGHT,DRY,IMPROPER TURNING/NO SIGNAL,4.0,24.0,3.0,3.0
018216b9c9c870b6daab4141adfb82732ef0c92aeb98512bc62111086b93f6192aff85b905c85b6134f2e3b30ba97a2dbace58858ee92cc8662bfd308812830b,RAIN,"DARKNESS, LIGHTED ROAD",WET,FAILING TO YIELD RIGHT-OF-WAY,2.0,49.0,3.0,3.0
01822bef4dbb4714e2e13f7761a5ea1e9c30d602fd3bcd6bc4a59327d414e18e40924a9b722b793fc3296e3358c217e7d6ff9e58f6c4ba582b1bf98f27fbb4c9,CLEAR,DARKNESS,DRY,FOLLOWING TOO CLOSELY,2.0,29.0,2.0,2.0
0182512d423930cc7774bc73c6c45048eb2376fea497de46c8971c2b7c97f3586e263cf48ac433e806af9e5d46e6757a710bbaf27932a655b120d018c70c2c5c,CLEAR,DAYLIGHT,DRY,DISREGARDING TRAFFIC SIGNALS,2.0,19.0,2.0,2.0
018252e2a8c90c85e9302ea94f85f4b9ff10154eac113ca9f9762ec1fd501f117413b6012187bebbcb8f1dd529440e0aa44071a7438f1a1b466165b20bfbce63,CLEAR,DAYLIGHT,DRY,FAILING TO YIELD RIGHT-OF-WAY,2.0,35.0,2.0,2.0
01825ebd340a5461e1c16c5c80bf13e89f1fe11828f9c9af395b0e15bd4459540807a7ecee201a98f7b2103b29e3dd7e5cda53590a8209ebfb8a729fff54cd84,RAIN,"DARKNESS, LIGHTED ROAD",WET,FAILING TO YIELD RIGHT-OF-WAY,2.0,42.0,2.0,2.0
0182dd752538cf48a4377aa4648671e8d80f6b219fbe9e95277afecabe5a148e7a02ef7ec1b1d08c07334903c1270e4ff126193a50497bf867aa850c89247426,CLEAR,DAYLIGHT,DRY,IMPROPER LANE USAGE,2.0,63.0,2.0,2.0
01832bcc36e92e662b2c51795c462e567eeb22aac570273cb18395aef7c382fc9621a47006549bb5aff7c4f28f6feab32e038f3274d72d37a0cd2ba31c23ce1d,CLEAR,DAYLIGHT,DRY,IMPROPER LANE USAGE,3.0,37.5,4.0,4.0
018360c51d80a80ad0b7f4954b8d95b750166777a0013187f478ea35ef4dfdcc0a9756ce75957647d6963d955ddb74afcfad23f707c2775ce91605e935a1133c,SNOW,"DARKNESS, LIGHTED ROAD",SNOW OR SLUSH,FOLLOWING TOO CLOSELY,2.0,37.5,1.0,1.0
0183775bee1af389f209aaf6a88df78b68b17532e072577d6853de0ed06fe992be64b593f59d44905ddc094d43759f64909eaadcefacc906b481bd534ee0dcf2,CLEAR,DAWN,DRY,FAILING TO YIELD RIGHT-OF-WAY,2.0,29.0,2.0,2.0
018391c8f3d2929fe1417d66b81941e9c72a4012791328a2e32a894bab052274c80ffc96703d98941df44d2a1243973969ff8685fe350cc16f1830247090b5aa,CLEAR,DAYLIGHT,UNKNOWN,IMPROPER TURNING/NO SIGNAL,2.0,47.0,2.0,2.0
0183c73014638d41539cf8216f3eca108f5cb06a6e8648590c8896bde6e0393897d7d1a8a0e8e71d16d7b2daad691489e90bb27a2cff1a1ea90a8714f9e7e367,RAIN,"DARKNESS, LIGHTED ROAD",WET,WEATHER,2.0,39.333333333333336,3.0,3.0
0183cc5a01bd7078e8f243453b5e4d8b6ebd4146d6161585643ffc363f3c0b9dc5aab07e007ba760df2b68aa0cefbf11d7cbd7002c7f4b981fd47d30b0a150d2,CLEAR,DAYLIGHT,DRY,FOLLOWING TOO CLOSELY,2.0,17.5,4.0,4.0
0183df42ce784869d2a2fe7666125f4cb4119d39e3d10a4476b475299265a223b3e4826aa1fbdb6c451bdc438d38d99dde2eca26e500daadab66655009a4845a,CLEAR,DAYLIGHT,DRY,EQUIPMENT - VEHICLE CONDITION,1.0,45.0,2.0,1.0
0183f126f38d430a0a4e14198ee3989b175c3d2d2325bdc132db8c376b9aa8c000796cd02f19f35381855ffc731b2db527b3ebf54182aaba67af870017292fb9,RAIN,DAYLIGHT,WET,FAILING TO YIELD RIGHT-OF-WAY,2.0,50.0,2.0,2.0
018410136965d93cfc61769adff4e40bbf231283b6a43db1e67d63dfd1607800545a4097d7cf2447d9901aeddf1512807df821135942591543783b4e587dc652,CLEAR,DAYLIGHT,DRY,IMPROPER BACKING,2.0,34.0,2.0,2.0
01841063afb215bfd083f40c140bd142991c853326cc7fa5811b6a18c5c68d0a2e3a64cd945d2f3647f367dd752d66b39bbef6374130c59f0d7b144c2b003d28,CLEAR,DAYLIGHT,DRY,DISTRACTION - FROM OUTSIDE VEHICLE,2.0,15.0,2.0,2.0
01846e10c9f1ee67615944bdf5f419aea2a949dcbaa2fd90b5f16d1c3eed737c58f33c54737f76073f7755f8ce721c8bd4aeb7d061d6dcfcb09fbf0504ee0ec0,CLEAR,DAYLIGHT,DRY,FOLLOWING TOO CLOSELY,2.0,41.0,3.0,3.0
01848ddeaa57d977dd14f479ffcab5a5f65c0b441e3be2decafb719600aab489645e63dd1a675bc4687f64ece0594248516fd6e5aad35db3588cf28dfb1e426a,CLEAR,DAYLIGHT,WET,FOLLOWING TOO CLOSELY,2.0,44.5,2.0,2.0
0184907c2f990c7cfd0cb9434b41e08d9713c095a29a0acf8cdae662fc55bece1e775b7114f04b80cb54fbc791ed32dc400a0539d3893cffb1f008d9557f26a2,CLOUDY/OVERCAST,DAYLIGHT,UNKNOWN,IMPROPER TURNING/NO SIGNAL,2.0,59.0,2.0,2.0
018494291cbe24a7048283a79ac220711c2f2adf22ee47bc0312af35907113275f447a722604463c1de3782b27197fd7073ae203c6a03b6f8ae345d0e516f0fb,CLEAR,"DARKNESS, LIGHTED ROAD",DRY,FAILING TO REDUCE SPEED TO AVOID CRASH,2.0,27.5,2.0,2.0
01849675095e7a9d0726b7275c5f07dbf0179a094b6e52360a774d8bb07903bdefc58238f01e13c203191a8f348ae35144f16d6d2c99cdc98e6079aaa28a648c,CLOUDY/OVERCAST,DAYLIGHT,WET,IMPROPER BACKING,2.0,52.0,1.0,1.0
018496f20664553db64e9d7a392895e106dd7987594a8f02cdd7ab1bf575fb320918eae804cd63c4dc7214216d13a333bc6be7a9b4bff9884b63f2a29e3f59b3,CLEAR,DAYLIGHT,DRY,FAILING TO REDUCE SPEED TO AVOID CRASH,2.0,30.5,2.0,2.0
0184babc614b32e807410ac49ab6d8a690b45354be2b4e07f218b360124a88a36b948aa6a001bf4f716031aa3dabfac684ac3c259c7310e018365b78656975e2,CLEAR,DAYLIGHT,DRY,DRIVING SKILLS/KNOWLEDGE/EXPERIENCE,2.0,27.0,1.0,1.0
0184d7cc7f9b6ffdc823c7e2a6f60aa7d89b1f3ccbe62d79aca9f97c75fae401c7921d3b88f80c94b2954c2398f3588ec00bf3b4ecafea4cf2c86a6820ae05d9,CLEAR,DAYLIGHT,DRY,"VISION OBSCURED (SIGNS, TREE LIMBS, BUILDINGS, ETC.)",2.0,27.0,1.0,1.0
0184ed0a7952fcfe9a67cf60cba2a7415dd9c90ea4e8de3eab6933f99a5c766b491f4626ab46d01f60edd911b016e06fc719c8ec71ed219d03768afda8280d2e,SNOW,DAYLIGHT,SNOW OR SLUSH,"VISION OBSCURED (SIGNS, TREE LIMBS, BUILDINGS, ETC.)",1.0,51.0,2.0,2.0
0184fd3d400497456fbcba35a70be68290ff8cb2d0cc8ba6b2b7badb2926b8b87e9b87596e87bb3b0a519394d004db3e5c1ce336ccfd3959b2f9e5c9438f2e63,CLEAR,DAYLIGHT,DRY,IMPROPER BACKING,3.0,22.0,1.0,1.0