crash_record_id,weather_condition,lighting_condition,roadway_surface_cond,prim_contributory_cause,total_vehicles,avg_driver_age,total_people,total_injured
018527b9b05f7919c94bb70144f14684744d3e7c938406d59475c6bc7ea3452f807bfcc6e3c49cb049648ff34c2111987979ec0446413cbadb3f7334ddbd4281,CLEAR,"DARKNESS, LIGHTED ROAD",WET,FAILING TO YIELD RIGHT-OF-WAY,2.0,38.666666666666664,3.0,3.0
01854c9436f99d5011c6b29e5251550cd48990e7b53012ec31d915f30c5d502aecd06d87584e646e9e516b05476c2bfa06a94a141d0653d81ebe2dbb78a108a1,CLEAR,DAYLIGHT,DRY,DISREGARDING STOP SIGN,2.0,23.25,4.0,4.0
018584d4591635fb9a31d4c943cbcb8d4c7ebc987fc9e900e66f8266b73121f526183a206496126a8475636ea9a225be203659fd48688e07013d1bfce9a7aa95,SNOW,DAYLIGHT,WET,IMPROPER OVERTAKING/PASSING,2.0,63.0,2.0,2.0
0185a0419a33db0ed785acab901457445fcdda7a2bfb47a394745101023c1afb23798ca364130f2d2291ea5e57c15c64a8bda87c11928b4c7697feb0ea424502,UNKNOWN,"DARKNESS, LIGHTED ROAD",UNKNOWN,FAILING TO REDUCE SPEED TO AVOID CRASH,2.0,40.5,2.0,2.0
0185f8829db0dc214cd86c9069e04d1c576c44591177d2249d340a981fcac9a2dfa27dd424d8a0a41f7d56b3824228d7237a52b026b1b0aa5b9fb45d0644b917,CLEAR,DAYLIGHT,DRY,IMPROPER LANE USAGE,2.0,37.5,1.0,1.0
01860c22fbc1ad28364eb8aaacef117798cce389b4ee73772f2dfda903afb72a48dd71828be6f365c4310c32088e943f5f4efde7f1b00abc9041ae192994b3dd,CLEAR,DAYLIGHT,DRY,FAILING TO YIELD RIGHT-OF-WAY,2.0,43.0,2.0,2.0
01862af7dec20acc8d54a39dbd01f9a50a028db616ecdf72fe9cb703af814d4910d663abe4b00c4a80d10c89ef73308802a0d54aa8d74f86c651df5d23a03aa6,CLEAR,"DARKNESS, LIGHTED ROAD",DRY,IMPROPER LANE USAGE,2.0,31.333333333333332,4.0,4.0
01864072fabd88e352e89318d89a00a1ad96699b64a9a7a0be21613b4e4bac874bb4d3ea77364aafc03dce87971f40214eac3719d038d511a692560c7378a253,CLOUDY/OVERCAST,DAYLIGHT,DRY,FAILING TO YIELD RIGHT-OF-WAY,2.0,35.5,4.0,4.0
018668a82a534de9488482cbb532039bd044c6e6cec9793eeb151d3128520012516a7ab2f41cbc2d776a154d7dd9d8157b9bbd8c787560686defecf792755d9e,CLEAR,DAYLIGHT,DRY,DISREGARDING TRAFFIC SIGNALS,1.0,66.5,2.0,2.0
01867b0e46766c107ffc95189e148727f3ded8263d7f34589c52db70b70b48cb0e4547f834538def855991136ae556486587e597bad5589053082a510bad0176,CLEAR,DARKNESS,DRY,FOLLOWING TOO CLOSELY,2.0,41.0,2.0,2.0
01868dbb92cab9977d0b06d4213b7ad7c92f3f0df0ef930ad73266e05eacd569bd314280a6af57c55fdcc503b7487c48c20e27a15b49c4fe8b659f802cb958af,CLEAR,"DARKNESS, LIGHTED ROAD",DRY,IMPROPER LANE USAGE,2.0,28.0,2.0,2.0
01869db8bc76ba24f0471e1748345725fac44088c8f884952f4f46b228f7b75b547e4e62bfb0df0f30cf80c5b2f23fd39d7911778d566a5bc24e6f9d0443e5a6,CLEAR,"DARKNESS, LIGHTED ROAD",DRY,DRIVING SKILLS/KNOWLEDGE/EXPERIENCE,2.0,37.0,1.0,1.0
0186d9eaa19e9313b5ac8026ec3b766a7bc12b91c9d63674a0b105461b1cc09efe3d4db5c56ca923112069b1f4d59f114055f666a3d484e18abaae51795560f4,RAIN,DAYLIGHT,WET,FAILING TO YIELD RIGHT-OF-WAY,2.0,34.0,2.0,2.0
018726c672c91cdd943daa3201c9aca98e3ac1b4f5efe73cc6af2cd834e21a517e303812c294b1e95b938707656700ca949e7e7c32e582bc6b64bcc655f676d0,CLEAR,DAYLIGHT,DRY,DRIVING SKILLS/KNOWLEDGE/EXPERIENCE,2.0,38.5,2.0,2.0
0187486ec24d9e8ff52ff1f45c9bccff21425d0534c465cfc6e6d1294abed31dd1f312fe866c256d9de391ffb6917e418fabbf9afd1c9bcdbfc3823759560f83,RAIN,DAYLIGHT,WET,FAILING TO YIELD RIGHT-OF-WAY,2.0,48.0,2.0,2.0
018766f643d63f062d449f6fe9bae94d474bc4aab106226bc72739a475e717724de75fc3a66109c0f08123fd7e63961253f07408b78d0e4a1226222115c02216,CLEAR,DAYLIGHT,DRY,IMPROPER BACKING,2.0,37.5,1.0,1.0
018771f61a5fa7f1b00db5dc46731608805b1072ac39016ce173b84bcf3e1c4deb1bfc15ca324d2161004f6c443fbfda4ed1653400d5e2cc969eb79c65b3f3b7,CLEAR,DAYLIGHT,DRY,FAILING TO REDUCE SPEED TO AVOID CRASH,2.0,32.0,2.0,2.0
01879d92284e318852f206748fa63091536633208202a4b3af2e7a696d13264621e0426b66fbca8fb362b6f612b139dd4da51c6f8aa6d31dc785f912838c8cee,CLEAR,DAYLIGHT,DRY,IMPROPER LANE USAGE,2.0,43.5,2.0,2.0
0187b05306030bfdc2c08036acf23bcb79488d96bfe7e6a8a0d994e0457b7e02026e98f34f2595834b1260c3c9a04d8d29c30cd91eb77e706d6a2eafcf9b320e,CLEAR,DAYLIGHT,DRY,DRIVING SKILLS/KNOWLEDGE/EXPERIENCE,2.0,51.5,2.0,2.0
0187d9b75dbb7ecff50eadfaffadf140e630714d1ddda2f0b8fabdb648e2ea02811cd00721838746e7b4884ed882b29de26cae80d8819d8956057505990b75bc,CLEAR,DAYLIGHT,DRY,FOLLOWING TOO CLOSELY,2.0,78.0,2.0,2.0
0187f767a0ae7e400789726d09574b7337e25174a40b83c48051c84a32cd9ce506355e059888d06fb6aa72a718985e21defeaf4f9385ea7fc1fe24bbf76e1888,CLEAR,DAYLIGHT,DRY,IMPROPER BACKING,2.0,43.0,2.0,2.0
0187febbce06e8c578cf9f7b149ae3f64f35deff5699daa6668b71f24177e32fd09420b590f1e25ff6556fc12e242e3a7e300aa776180656b0d4050ffad049db,CLEAR,DAYLIGHT,DRY,EQUIPMENT - VEHICLE CONDITION,2.0,42.0,2.0,2.0
01880670af0c8e189c67ae9d071c3526ce2185b0c436b5d225f60b62c99b6347916c7d6a9f53253c6a1eb0e4fe5e485fbeaf3a02dcaabe66f100273f3cc848a8,CLEAR,DAYLIGHT,DRY,FOLLOWING TOO CLOSELY,2.0,43.0,2.0,2.0
018839a148b6e65a6ab38178ab601dce87bdf3f877699af481deb8e31b374f99f8008a97a07dff00bdf1068474d6216c422a09f8c1ef13ebe8e92b0620ace519,UNKNOWN,UNKNOWN,UNKNOWN,FOLLOWING TOO CLOSELY,2.0,37.0,2.0,2.0
01886f436afb5460aa2cf7f6712b4e784814cbdbe5f26ffbb85c008d7bc683e7bd8b0ec47062ee624f61c2808dea7008108e0ca36cac26e521170f91d6132972,CLEAR,DAYLIGHT,DRY,DRIVING ON WRONG SIDE/WRONG WAY,3.0,64.0,1.0,1.0
01886ffdca1b973cae67bc7d64a94e1b0c4381951b17bfee390384843f6da2f96679e70aee24962f32b1cd1b1f3209fe4e84b0d442f7b149ea5331f06b960f3a,CLEAR,DAYLIGHT,DRY,IMPROPER LANE USAGE,2.0,49.0,2.0,2.0
0188869074d9f1e009ccd4c363b2df493f6e2299b4149a9fbdac4e28b59334e9fc77fb88df8f57d2d954d4ac5744303c38034c9fe69b38b6cf4d44e6a662ef39,SNOW,"DARKNESS, LIGHTED ROAD",SNOW OR SLUSH,FAILING TO YIELD RIGHT-OF-WAY,2.0,58.0,2.0,2.0
0188a7738a5d96e133e76ffd6e8edaf6a427375420aaf40ab6e3e7b3f338efcfacc18b90df76376d16002eb42464efec817e2e07c2e668fb5328e51095083df4,CLEAR,DAYLIGHT,DRY,IMPROPER OVERTAKING/PASSING,2.0,48.0,2.0,2.0
0188c17be14a2d854fba485c688e742ca556a3e5273422d69351a30dd1cf27cef619f09d1a8fe7d6392be451c66006ef536eb22ca34bcea3742620102d218b72,SNOW,DAYLIGHT,SNOW OR SLUSH,WEATHER,2.0,35.0,2.0,2.0
0188dc04f3e648cd06217eabd58185ad1d57893a1754b13fc11f8a1521a78646c20904238b6918f4e3422dbe36e8c0a5a58328d23ede20dcdc3da97c0281953f,CLEAR,DAYLIGHT,DRY,PHYSICAL CONDITION OF DRIVER,2.0,35.0,2.0,2.0
018936a78490177b396035b14610b327eb361ea8159601c7c822bfa58bb7ae74c6ad51b437582e659bfcd7f483dc3098ee003559d570dd23e5ee7864b21c34ed,CLOUDY/OVERCAST,DAYLIGHT,DRY,FAILING TO YIELD RIGHT-OF-WAY,1.0,21.5,2.0,2.0
01895494d4a722edaacb5b875be383cef74bde9b88ae5315bb862c017626195d3dca045188e03a6d976ca85da6b56dac483df6631398ce6ca872c78c68ce87e5,CLEAR,DARKNESS,DRY,FAILING TO YIELD RIGHT-OF-WAY,1.0,11.0,2.0,2.0
01898f0169d254912bd0a20a12ee9ae5ee1fb4243bb4b1c87844f01f324c56dcedb21776a4e75ab56de1be945a9d8ab209875b4068aad1dc62318c05d5635863,CLEAR,DAYLIGHT,DRY,DRIVING ON WRONG SIDE/WRONG WAY,2.0,34.0,2.0,2.0
01898ffa5d7087f3e59c21e869a9d9b9ea61e4fab96f310677ed41fb722eb460fd446885df635b4a67454935992630de4e0952bae44bfa089cfce8c7229a1cd1,CLEAR,DAYLIGHT,DRY,DRIVING SKILLS/KNOWLEDGE/EXPERIENCE,3.0,37.0,3.0,3.0
0189ae2699573bc717fbdce470e73daa67dcaff235a3a1f7682162c4ea8a9b888b1a8124da29a5010ec216df11fa3ceedd1ad7362fdb0547c63767b74a13c121,SLEET/HAIL,"DARKNESS, LIGHTED ROAD",WET,IMPROPER LANE USAGE,2.0,28.0,2.0,2.0
0189ae287c89956f93d5cf6c7b11b943af316373655eace1dc6bb55da0a8c03f714ba2ceefb063fa3dad3bd1d198440102a55dfc252ef546d799fc4ae0a163f0,CLEAR,DAYLIGHT,DRY,FOLLOWING TOO CLOSELY,2.0,47.5,3.0,3.0
0189b29bb8db3670a1e75bd1581f0638605fc22fe454f7cba08c029d960532363b21f53c40f7fe09bf619d62c02e6ea7e534fb29e1f9179d0f2c944a1eba7809,CLEAR,DAYLIGHT,DRY,FAILING TO REDUCE SPEED TO AVOID CRASH,2.0,43.5,2.0,2.0
0189c4f136d873301e42183a67c12e839abde650d807281d966fa3ebd2ea950af123c4d255b3a5e62fa48237bf6ff22cc9197cd7616d8ced539f7a28ac117023,RAIN,"DARKNESS, LIGHTED ROAD",WET,FAILING TO YIELD RIGHT-OF-WAY,3.0,35.25,4.0,4.0
0189c655ad7489f3e3bfe5866eeb153fe559d0a3628408ba86ba46d3dc3926c73fdfcb8f7c093f5e41ada350a6e1a829263c86d8db5796da952054dc2af554b6,CLEAR,DAYLIGHT,DRY,CELL PHONE USE OTHER THAN TEXTING,2.0,45.0,7.0,7.0
0189e5e0f77cf1d795d6f21bdded278d183b4c3e4f50ca279818c54f75ec5c8d740691fe4b00b8611655bb7dd8a08d3e929b4750a2d7e2337498b1c1cfc4c096,CLEAR,DAYLIGHT,DRY,FAILING TO YIELD RIGHT-OF-WAY,2.0,35.5,2.0,2.0
018a1f4fd4769035f499b3920b8417e479074dabab96e4ed8f0b01359b192e3455820de7d33161bf7833ded070fc016c2230ec5a85ef2dba16601acd1c828455,CLEAR,"DARKNESS, LIGHTED ROAD",DRY,FAILING TO YIELD RIGHT-OF-WAY,2.0,24.0,2.0,2.0
018a3c0e438b8184db64db0c7931abbfbe620c26ce9a8e99ad1e88e69f38041f32556121ea810b5edfab0e9e70c8cea68594b79325785d3d40026c36c79a4033,CLEAR,DAYLIGHT,DRY,IMPROPER OVERTAKING/PASSING,2.0,44.0,5.0,5.0
018a53b75813ff650f72dcf0948639d974bb16751ab37d180a62b7cf638079b1a6e7b66daae08cfe4e45d3c2534af49d19f1467eb567d80ceee8867e5791f05e,SNOW,DAYLIGHT,SNOW OR SLUSH,WEATHER,2.0,49.5,2.0,2.0
018ac6ad7fbf28b71c974308f2f0526d5a44c88b90bebb9a2f7b5f228ca79cc5ef04484933248a979d244344d8e72999afb187a0b383f11cd1c3a1e164e9ea48,CLEAR,"DARKNESS, LIGHTED ROAD",DRY,HAD BEEN DRINKING (USE WHEN ARREST IS NOT MADE),2.0,28.0,1.0,1.0
018adbb49fd568081f14233948784c79bbec8b89c925efb6c36b511fc63fa8477c3f690468826976805e5a3983c4b373da815c65d692a5f8cf79e2acf9190251,CLOUDY/OVERCAST,"DARKNESS, LIGHTED ROAD",UNKNOWN,FAILING TO YIELD RIGHT-OF-WAY,2.0,42.5,2.0,2.0
018ade60492df7e9ac6db4941c5ed80e6e2e6053499b2c3c9b08cd603db6d82fd8fc177d7f3d1d21a2ceb1be10db0ae3f5bbfecebf1536cd4b9515d60756e9c4,CLEAR,DAYLIGHT,DRY,IMPROPER BACKING,2.0,31.333333333333332,3.0,3.0
018aee075b33aa2aea3dcd3785734de803e3eb5e0797805858eff896d641e36572b5187dbfb181b14396bb2d0085b08b88eee7979672d8bf6facd97c8e623365,CLEAR,DAYLIGHT,DRY,FAILING TO YIELD RIGHT-OF-WAY,2.0,23.0,5.0,5.0
018b13ac844b3575f57af649720bfc4a05f726f982babc81e9c477e4f3eb1353e59219b5f26411220a3ad7447d51e481eb6a7f779ed81eebc35dd7c0566ac952,SNOW,DUSK,WET,FAILING TO YIELD RIGHT-OF-WAY,2.0,29.0,2.0,2.0
018b33c7132ad61eedab8736c6d7607d053faf00f33b7cdd5061c5fe6284126a5ef1b1ea4e8b623b8e8063e7dd58daefbf72a1dc8324b8d3c537cc218eaeb05c,CLEAR,DAYLIGHT,DRY,IMPROPER BACKING,1.0,54.0,1.0,1.0
018b34cd6e4df5f0a08eec96527b1d62b50b18dc1c9695f6a756c15a79a877c875118177ce8e96441a9115f4add45c2f7a2321e53c1a6333ba936d9e46f04a19,UNKNOWN,"DARKNESS, LIGHTED ROAD",UNKNOWN,IMPROPER TURNING/NO SIGNAL,2.0,41.4,6.0,6.0
018b7ab909e1d5d5d94b10ca0a253ba56406acc1905e98757a3d5c8cd2f5d2fc4dc6bf9e37ac526798231eee21cc36b9e3abc95ab4c4bcead5fb5b5dd6dacd4c,CLEAR,DAYLIGHT,DRY,IMPROPER BACKING,2.0,39.0,2.0,2.0
018b85f0442cefc9411aa513ac61b7f02d782f8d78ff3dd88e8cf94a3a6ff49a9e6ebb3d1a539b5c32fc27d0ae342bdef8497beab5c7eeafcab11a8311350d8a,RAIN,DAYLIGHT,WET,FOLLOWING TOO CLOSELY,2.0,37.5,3.0,3.0
018ba4c148e03712229b77527e27095bedd04bd1d9851fa83f2b94d739f9823fb22ea369f49d7ee5ad4b430e835a426c64f0813e3a05f635598fa57a4651f752,CLEAR,"DARKNESS, LIGHTED ROAD",DRY,DRIVING SKILLS/KNOWLEDGE/EXPERIENCE,2.0,34.0,2.0,2.0
018baa773c732649dd25b7d3876a7e5df8e2b431935efb1befd01e0d593e03f9223844b48418759fb1509841daa9a23469930714dc6aad3624b3b60a87886dda,RAIN,DAYLIGHT,WET,EXCEEDING SAFE SPEED FOR CONDITIONS,3.0,42.666666666666664,3.0,3.0
018c05d181e4f355fd49dc2908524173736cc68f61d97891c7b4a266beb2f5ce4a0b11960a1462c750e58b0be41258d89d28752aecbbd640d9e17b158991e179,CLEAR,DAYLIGHT,DRY,IMPROPER LANE USAGE,2.0,31.285714285714285,7.0,7.0
018c4afd28cc3c70d292cd09e411ca0e6f68c58e90bf011ed55b91b5fee87c85cbceac61a486a9a3c7196f957a9e92caa62af2b7871b136202e31ca65e978b31,CLEAR,"DARKNESS, LIGHTED ROAD",DRY,FAILING TO REDUCE SPEED TO AVOID CRASH,1.0,26.333333333333332,3.0,3.0
018c578a2fb6fa56b64d6a0aabd93d87a0b30c043dbf878cc503c58893e0ebd59cfd62b284484ca56d480f621f50643bff652db80f66f704e21b542811da391a,CLEAR,DAYLIGHT,DRY,DISREGARDING STOP SIGN,2.0,30.0,3.0,3.0
018cd0c745011b0dd5792616e96a2a50a4ba4c704094d858e4bb7841f6dc9588ea100a28b0a376b10ec33a4cacd83ef6148561309e8c7f14d92665e21939c914,CLOUDY/OVERCAST,DAYLIGHT,WET,IMPROPER TURNING/NO SIGNAL,2.0,37.0,2.0,2.0
018cf509decdefef4fb2fa3a1f7d5f755d0c7c2c8e73fd63c46465c0b1e03bc7d03e2db9e1f7b27738d77f7c8adbceaa2ad43e69b2c7052949166b4a73c16cf6,CLEAR,DAYLIGHT,DRY,FOLLOWING TOO CLOSELY,3.0,38.5,4.0,4.0
018d349f40c5ce36d0b6b09a555c2bbbcd2271190b15faac882d16034b0e5eba0565d06073a18f5006574e8c404aefac66a7e05814f1fad323b245b809a97f1d,CLEAR,"DARKNESS, LIGHTED ROAD",DRY,DISREGARDING STOP SIGN,2.0,23.0,2.0,2.0
018d3b80ebb9f98ded5640c74b00dcc6814ec329a7796cb963fcf110d2efcc3c3716c2fed6de22165e1e47584cd4ef5d832b532cba9e1eee334e89c0bae63f60,CLOUDY/OVERCAST,"DARKNESS, LIGHTED ROAD",DRY,IMPROPER OVERTAKING/PASSING,2.0,22.0,2.0,2.0
018d3f78ac466fef452a64d4bfdde78a05ed9dd5676a28a1466c0330646f7f5b7bdbee69d7dd568360176b3b89710bbc55db698a06d6e963680b8d28d9ee76ef,CLEAR,DAYLIGHT,DRY,FAILING TO YIELD RIGHT-OF-WAY,2.0,40.5,2.0,2.0
018d47adea4235a7b89f03f4d63dbf00a8bf4c89a8e627dadc578fcad2f7cc4477a3f71ae19f99702d2ff433b7c49ce94f6454211db826fcb5cdcb50b0991f7b,CLEAR,DAYLIGHT,DRY,DISREGARDING STOP SIGN,2.0,30.0,2.0,2.0
018d53c1572cd49749f6582f53a3278d1c615693248699946dab158b9efb8ca190e9ebd1a49e0299e5e03606bfdccd6fe3594c3c0da3d4642499d49bdd1ec307,CLEAR,"DARKNESS, LIGHTED ROAD",DRY,DRIVING SKILLS/KNOWLEDGE/EXPERIENCE,2.0,36.0,1.0,1.0
018d7797094d5e2e0395ffa01052e6e5fd64b0a909751f37d54e7ec260b72cb8325f3be355e4d278c63d0102c51d6d038b462fe653dfc54d28fa49d1773e9745,CLEAR,DAYLIGHT,DRY,DISREGARDING TRAFFIC SIGNALS,2.0,38.0,2.0,2.0
018d7e094963858979273ee0bf23180cfa977fe21f8265ec4ebd49903faa6088f34c59f4c815b7e75ffb908b24a972cd7b8fb059399433ea0258322e41bd8da6,CLEAR,"DARKNESS, LIGHTED ROAD",DRY,FAILING TO REDUCE SPEED TO AVOID CRASH,2.0,44.0,1.0,1.0
018dc8706b8893485190509401f748ccf17de22a8e8a7ac78cdee3456208e5fe6a6f444a9a8fbdad2fe1ebd85b6abc4fb386334961c8e89db6698c758ce839a8,RAIN,"DARKNESS, LIGHTED ROAD",WET,"OPERATING VEHICLE IN ERRATIC, RECKLESS, CARELESS, NEGLIGENT OR AGGRESSIVE MANNER",2.0,37.5,1.0,1.0
018dd1d304fbd50e5ecfec74b9ace02b49e8340f0763eb2a3757a0079fde2073f8f90755bdd0a364a48b7dc414620a13c3d5422f1565a26b5ab3d25e98d904fd,CLEAR,"DARKNESS, LIGHTED ROAD",DRY,DRIVING SKILLS/KNOWLEDGE/EXPERIENCE,1.0,25.0,2.0,2.0
018ded1c44902865e202fc6a78c03de02a11730fd13c319fc25c29d72638355b3978297b03ff7018e89c902988950b9361680f4bd45597111e09fa62886b2647,CLEAR,DAYLIGHT,DRY,IMPROPER OVERTAKING/PASSING,2.0,52.0,2.0,2.0
018df3e687ee30144195fbaeba5ad2922b552fc0b8ea95cb653e2fa22ca88a1cc86bb73e92efa921e495ad57d143aec6fd321fa1da2051b5efd52c13f3a2ad5c,FREEZING RAIN/DRIZZLE,"DARKNESS, LIGHTED ROAD",WET,WEATHER,1.0,22.5,4.0,4.0
018df98a97f3722cab29c0a6fdc8dc7ee2640ec22721aa264f33543466998bbea12f0e1add8d0e549048adcdcebf01a779a05d932db46057405f81dcf94dd6c5,CLEAR,"DARKNESS, LIGHTED ROAD",DRY,DISREGARDING TRAFFIC SIGNALS,3.0,41.666666666666664,4.0,4.0
018e08e21c0215c6b7735545668bff97030b7d875dc48b6e9294388588ce19dfe7dac143250d7c9682c2c2b9ecd57cfed9d8bc139a66bd34f4e6359d39da3433,RAIN,DAYLIGHT,WET,FOLLOWING TOO CLOSELY,2.0,32.5,2.0,2.0
018e0bb9de7bdef38b98a0c4add563bc8d432c48c3dea7914b75043d5356569b843805ca2b24e383e9d35b95d0085695f6b26950175a0e0f9b1879890b02d154,CLEAR,DAYLIGHT,DRY,DRIVING SKILLS/KNOWLEDGE/EXPERIENCE,2.0,46.0,2.0,2.0
018e3c8438a00f91745420f511e9e338ddec7df204b28eb99057a9c7c384305fc700993e09db3fb0ad3e575479ce4514873f9c1872d416f02ba540ab51585efe,CLEAR,DAYLIGHT,DRY,FOLLOWING TOO CLOSELY,3.0,43.666666666666664,3.0,3.0
018e773bdd0b348eaef505d4992672cb676b00a9616d4612a9998dde551b871a2f7759b0575073bfd8799c64cb784f53626ef04025be13791aec96ff9a44393c,CLOUDY/OVERCAST,DAYLIGHT,DRY,FAILING TO YIELD RIGHT-OF-WAY,2.0,50.0,2.0,2.0
018e8292869acfa5d610b70a8371e4c55d85bb3a9678a27c2e3f31c47c15190da49acfc944d231c0cf594727f149de8d3a531303fb90cff5e90e27225e88e713,CLEAR,DAYLIGHT,DRY,DRIVING SKILLS/KNOWLEDGE/EXPERIENCE,2.0,37.5,1.0,1.0
018e881d868b0db5a885391198767c9ad577319e38bddac63fdfaa6d4cc3fae1de94ad86f723a7793d21630bcc66962aef74849b2446c59e0535c31cdb803d79,CLEAR,DAYLIGHT,DRY,FAILING TO YIELD RIGHT-OF-WAY,2.0,53.5,2.0,2.0
018e8c28fa3cdfd3b6ac058a136b553e27fcb1f6bf15aaec42c0b2e30858f335a9a34b750f93fa55b9578c63a30f2068a73874cada1e43ea5284e8967f9bde11,CLEAR,DAYLIGHT,DRY,DRIVING SKILLS/KNOWLEDGE/EXPERIENCE,2.0,20.5,2.0,2.0
018ec1a39afc323d891a32e2862258fa8bea837c65aef6ff4d88ad22c07517610944e9fe2c6bb590ad3e6e8b0db6840fc173ccaf69cb24d63789f9bd0ccc74f3,CLEAR,DARKNESS,DRY,DRIVING SKILLS/KNOWLEDGE/EXPERIENCE,2.0,37.0,2.0,2.0
018ecd3ab55716b533feb515f6e7adfbfef2e12f30177f98c8e37678ae7d78e293ebd5bca653dc80d4493a6b17b38c2093cb2a0b2965d9c7bcff03787aec647c,RAIN,"DARKNESS, LIGHTED ROAD",WET,FAILING TO REDUCE SPEED TO AVOID CRASH,2.0,30.0,3.0,3.0
018ed6d41f33df1c9ae7f4c632c3d1966bd9c3a013766eb6d0c9a7fc47e1af3c268924a321749df7ef5c96936d4c6ba7eb39b089135a764b3ae8469a76b70991,CLOUDY/OVERCAST,DAYLIGHT,DRY,IMPROPER OVERTAKING/PASSING,2.0,34.0,2.0,2.0
018ee5b6be682ce9d9cbad0d1661382629b61f32a59d989ac292f23a721421092d177b88ffaddbc41de756e309221c516ac6d17752b283344a0b6ec77d0117d2,CLEAR,DAYLIGHT,DRY,FAILING TO REDUCE SPEED TO AVOID CRASH,2.0,26.0,3.0,3.0
018ee9e2843606515e3b49ffd9ed58a77d0b67c991b01dbbf5bafdbb246b652ce179e6163891a14e46824474b662ffdae3ce318fd234d7af317654698696bd0f,CLEAR,"DARKNESS, LIGHTED ROAD",DRY,FAILING TO REDUCE SPEED TO AVOID CRASH,2.0,22.0,2.0,2.0
018ef3a1e7a300617ca85c85140e043d503111d6b21e4104797a28e0a89ce6e090fb7e508e851b05dccb76c393b647cfe1d43311cb9b9b0427796fa73cb63d4e,CLEAR,"DARKNESS, LIGHTED ROAD",DRY,IMPROPER OVERTAKING/PASSING,2.0,64.0,3.0,3.0
018ef9f8b9e4b64c6efdff0818836671b613df4e9552020f135ffd217740a9acd946307c9d371af1c118dc1c34348c88317a0d41b58b07577c63635b3b5a5f39,CLEAR,"DARKNESS, LIGHTED ROAD",DRY,FAILING TO YIELD RIGHT-OF-WAY,2.0,26.5,2.0,2.0
018eff4bb1b771f682e1c39ebb4047ecc5a058020b81aacacd9e7ac8eeeb0c9984a1009976d69a08cb0442e4a9df956620d8075e7c80a9ca80c0f3283face983,CLEAR,DAYLIGHT,DRY,FAILING TO YIELD RIGHT-OF-WAY,2.0,35.5,2.0,2.0
018f0fd7af4ac34dfef1849727f63603dae739e0e7f6d8a85eae357b18a95ab9185259a733f70fb6c6873b9614487253d6535f714c37a45b30b2313ddff6308e,CLEAR,DAYLIGHT,DRY,FAILING TO YIELD RIGHT-OF-WAY,2.0,38.0,2.0,2.0
018f1fe4aaa3667ebce927ec976ec11e7fa503c8501d0fbe4cf6866ef62e4c3a33feefa8824963ee5d53ce93df72f432c05647419c3b4dd2d3ae06f3a22e9502,CLEAR,DARKNESS,DRY,"OPERATING VEHICLE IN ERRATIC, RECKLESS, CARELESS, NEGLIGENT OR AGGRESSIVE MANNER",2.0,37.5,1.0,1.0
018f2ce58ff4f907e04d2fb0df853de44892b19907b8d7dd4b29ae3cedca71829f86f99358d5bfc54d838baf7348c9df1e1c2c3c07ddab2292d5a2b6195e4a87,CLEAR,"DARKNESS, LIGHTED ROAD",DRY,FAILING TO REDUCE SPEED TO AVOID CRASH,2.0,29.5,2.0,2.0
018f2e91d7f75343781e51c70406994b5cd1278470e563542f3dc75eed733b6e4de19a76051327838f11319a3594586149ae682338841643dd2415968b5bea43,CLEAR,DAYLIGHT,DRY,FOLLOWING TOO CLOSELY,5.0,41.6,5.0,5.0
018f3043f40d7108d2b62d4eaafecb48e8c595f3d94cb4e0b05b55b3c1d9a20c249d113da6bc47e04f2b7c61fd64bb0dd968f69e3c9c48e99ffb514c099977d4,CLEAR,DAYLIGHT,DRY,DRIVING ON WRONG SIDE/WRONG WAY,4.0,39.0,2.0,1.0
018f3d7eb1689ae7ae8bf78e145879887ac2feb0b73a86dc9fc0939552f811ace6f8a766b089dd429c5b19c504e45bfba349ce2fdc375e5b0bbd48ffd6fb1be2,CLEAR,DAYLIGHT,DRY,FAILING TO YIELD RIGHT-OF-WAY,2.0,27.5,3.0,3.0
018f5a334f03b6b4ba109aded21c7ef319faac908bf3e75330d8cbf62fdb23a8675fb15c2b955f3841693ef655d3b758f3f5525aa821129864083ddee07a8318,UNKNOWN,DAYLIGHT,UNKNOWN,FOLLOWING TOO CLOSELY,2.0,45.0,2.0,2.0
018f7e21f9803a03b48bbf9b9e5ee2ee28776a410bd20b0ce35db243b78a03bbc6efcda206f2cf90a510f0a13aa4fc17730b828718b660170c60a430b5404e59,CLEAR,DAYLIGHT,DRY,IMPROPER TURNING/NO SIGNAL,2.0,37.5,1.0,1.0
018f89150297fdd2f70dba3e487867013c44e500b93544b14d0b01f55658a5b6fb1d6d11b783dbba1f9cd692c025e3572679e6eee3cf2d92c733bbc475c15b78,CLEAR,DAYLIGHT,DRY,FAILING TO YIELD RIGHT-OF-WAY,2.0,48.0,3.0,3.0
018fb6052e67e94fc90161f28b3d29567dd35410d3598da3c1a173c21c5dc060360df058289ce8d9929dd35d666e177077f2543f3bfebda6c2db0d1611234ae3,CLEAR,DAYLIGHT,DRY,DISREGARDING TRAFFIC SIGNALS,2.0,25.0,2.0,2.0