crash_record_id,weather_condition,lighting_condition,roadway_surface_cond,prim_contributory_cause,total_vehicles,avg_driver_age,total_people,total_injured
018fc63f3931d3ad7fb207d16e8bdb257d18e763bd666684600fcaf91cbcede1ca407ec82b70a07c21065bad469d476989ce1d15c7a1a851844b4cf8e459f500,CLEAR,DAYLIGHT,DRY,FAILING TO REDUCE SPEED TO AVOID CRASH,2.0,20.0,2.0,2.0
018fc865721939be48832edd87e1f69396b3270c21e8a9832bf3666d105073bf513f9ad9952f75065b4d103862c09a741f29a10d642fb29406e2884190f39cba,CLEAR,DAYLIGHT,DRY,FOLLOWING TOO CLOSELY,2.0,31.0,2.0,2.0
018fc971d65ff8e1f53c4a3d90afde38613d389bfa02e9150c629ccd3150b397fdfe7adf3f1ce01a431f18051f6e8b3a8780c14280e793b191796da50c99c15f,CLEAR,"DARKNESS, LIGHTED ROAD",DRY,FAILING TO YIELD RIGHT-OF-WAY,2.0,41.5,2.0,2.0
018ff36592d0b3644e1a2313f4a6cb339a85a75eb9331d9a5013efa10277ca9f26c0b73c6397d093c02813e81d57efec0d70181c1f6be07b6b22efb10c075774,CLEAR,DARKNESS,DRY,DRIVING SKILLS/KNOWLEDGE/EXPERIENCE,3.0,47.0,1.0,1.0
01901007facdca875666ab08b2fdf666319d197b4561e3a632e620a9925bc15af583fa1b0312cafcb1c0e76ca5a88545d9210a32a0b37516b6f33d5261edc560,CLEAR,DAYLIGHT,DRY,IMPROPER TURNING/NO SIGNAL,2.0,29.5,2.0,2.0
0190137489557ff19f89fe2977fa9948370c1bed04699f6474f118b14adbbaa3a714f3e969028aa77b3b2a34c7f51bef95364728c27995cb86e1b5510e99c423,CLEAR,"DARKNESS, LIGHTED ROAD",UNKNOWN,FAILING TO REDUCE SPEED TO AVOID CRASH,2.0,42.0,1.0,1.0
019015bfb3e3428d763c702d647a8f9b7213b4f606f6dd85df154138f91430ddec47212bf0caa591c266b013c647c1173695c8ced55d7c3441b91f7f846cbdde,CLEAR,DAYLIGHT,UNKNOWN,FAILING TO YIELD RIGHT-OF-WAY,2.0,24.0,2.0,2.0
019016ac94ed13ab2c08e302ada2107c1190206cd530b3867ab727fc0d261d43d6a6d88b8ce3c66ac97c0a1dc2735148ada46a7c37c67fd5f3bc2f1c6d9bc22b,CLEAR,"DARKNESS, LIGHTED ROAD",DRY,DRIVING ON WRONG SIDE/WRONG WAY,2.0,31.5,4.0,4.0
01902a2b16bf1836d8ea21ecfd2336f97bf2ef8b1c5c5457aa99c76c70fd9ed55c09334f0dc90b507c21e59aef6ee9dba07dab8864a3e509ccfbb7b46df353c7,SNOW,DAYLIGHT,SNOW OR SLUSH,FAILING TO REDUCE SPEED TO AVOID CRASH,2.0,48.5,2.0,2.0
01903015afcbc9295495c056c68ef7e2684378c795541f50c2449452e8c56dcf6996ae9dd00463073b7d7d1028570b55bb7337bf2778c9dd2e0f2b92e2275241,CLEAR,DAYLIGHT,DRY,IMPROPER LANE USAGE,2.0,24.0,2.0,2.0
019064fa489c21b998ae5ea807c487bcecf2cdac65af2c5034987c7b25e7df87e07a2e580e3253641a5db4ef3a7d95d30c966ca59068f3cd0c277b9a485982a4,UNKNOWN,DAYLIGHT,WET,IMPROPER TURNING/NO SIGNAL,2.0,57.0,2.0,2.0
0190a6b5919ca79c815c0884e9d3932f8ced8f97b013846c14350af8e211e56aea54ddb3ee2ca2c5468a453fe2ecef1fb9fdc5ec68fe1647074c465c373851a4,RAIN,DAYLIGHT,WET,FOLLOWING TOO CLOSELY,2.0,43.5,2.0,2.0
0190c27cbfb6a01e8b40952ac9018877a3d5902784d64c8cc682ba448f82a9ab9463d4212cda3da4f1e6791043d28ea62c7044e5ad6fe474220a37d81515d3df,RAIN,DARKNESS,WET,IMPROPER OVERTAKING/PASSING,3.0,29.0,1.0,1.0
01911ecb90824c16ce53821400e1bb9b79b4eda4fc1af10df9830328c83dc0028bf4df7de3b628d7ea68e72c7660d8dc08f9c387593b0e8d0bfb61a83e20b3ab,CLEAR,DAYLIGHT,DRY,PHYSICAL CONDITION OF DRIVER,3.0,72.0,3.0,3.0
019142f0adf35266a31e7446f43f1b4f71f80f367ba01a05f49d6f1caa066887694f4b59a0704dfb635ff0d13d79fd909de5788465b6509d84866cb6fc504618,CLEAR,DAYLIGHT,DRY,FAILING TO YIELD RIGHT-OF-WAY,2.0,48.5,2.0,2.0
01916f215792f95cbe4115fdca3b53e6e29e76c42c3f09187672b3476a1518580cf82487f7cd0ac4ebbaa6551118b1cbf68f586c76cf8a259c1cbf39fb8ae83e,CLEAR,DAYLIGHT,DRY,FOLLOWING TOO CLOSELY,2.0,31.5,2.0,2.0
019174a6ef914a5435365202cb6c821513c0380e25866624d9797370e48f67a08bad346b15d0f0e1547150b96cdd8970a6b60f294642b1d2ba68f20678c6cd2d,SNOW,"DARKNESS, LIGHTED ROAD",SNOW OR SLUSH,FOLLOWING TOO CLOSELY,2.0,16.0,2.0,2.0
01919bc67ba650b970536929c1ae13995fd99bba779f752d3c50a3adb91484ae04d6c8175133d911c97ea60a3bd7cf9f2862200978cde6ee84e7d9c2470e6bd4,CLEAR,DAYLIGHT,DRY,FAILING TO YIELD RIGHT-OF-WAY,1.0,57.0,2.0,2.0
0191f659d99e5696cb3b03559117dc68fb19fb7f152161ca49e6f6a88a506715f77939204854eb4e08e4ca5e5e0774404f24e0e1205c498350eecc75e4bafdba,SNOW,"DARKNESS, LIGHTED ROAD",SNOW OR SLUSH,DISREGARDING TRAFFIC SIGNALS,1.0,39.0,2.0,2.0
01923a0c542b5d63ed831d4a07f8525c928cfe80d287d7aa254bdf5610c7ba88e16806f3f0526749e0fc9d0515671924f63a450fae47fd404533784327eaf99c,CLEAR,"DARKNESS, LIGHTED ROAD",DRY,DISREGARDING OTHER TRAFFIC SIGNS,2.0,67.0,2.0,2.0
0192465aca796d2e05bb2bb4d55554a88306c3335bca2d1b5a89e3623c74021364825ad08f33baeceda982f4b3789d418dcd19fad53949fd5a80389126478029,CLEAR,DAYLIGHT,DRY,DISREGARDING TRAFFIC SIGNALS,2.0,67.0,3.0,3.0
01924ba4a5a40549ebfbdc5acf3e1da391127b6bfd13c0dcc04d7324d86128f483c05a9f3eee26a5b954c44023afd63acc83ce8de163fa276369a36959a9c00c,CLEAR,DAYLIGHT,DRY,FAILING TO REDUCE SPEED TO AVOID CRASH,2.0,25.0,1.0,1.0
01926c8baaa31ac0f87b15f1a7a4d04b647f8962ecb27018b67fd13315e7c5cc62677be826cd913e9070d7602fe0a0d084e6f1c0f24b05d1a8c5beaa0782c1c8,CLEAR,DAYLIGHT,DRY,FAILING TO YIELD RIGHT-OF-WAY,1.0,51.0,2.0,2.0
019270dc420d0178a3452952202ec0ccef1f90cf55444ab9674fe511a023bea96944b52b1956667915c4a537c08914477f34070213f410578b4c497a845bc1c8,CLEAR,"DARKNESS, LIGHTED ROAD",DRY,IMPROPER TURNING/NO SIGNAL,2.0,32.5,2.0,2.0
019298b6cd8bb69bedc70dd55021cd43dcb8ea2e0d44a6e6b3b2db6853465b397b429171b06f53e2732b400695f3b5b3f00730995f86dae65105cb9774cd9025,CLEAR,DAYLIGHT,DRY,FAILING TO YIELD RIGHT-OF-WAY,2.0,13.5,2.0,2.0
01929c2232383a60fea30867cdba6d2fbd3bdb01c6034a91d429f049fa35b452bfb571ef3df7254bcf3dc2b2d8e53640605d1cc27bc1ac863a2ca79a0f0f1fa1,CLEAR,DARKNESS,DRY,PHYSICAL CONDITION OF DRIVER,2.0,37.0,2.0,2.0
0192d6b0cadfe6c96ce9f6b21c2e1ee901b383153c735742c3fee7a436b029899adee0396e85b093501a3954da1e61c7da51e47ba88a604cfd6beb449e1db76a,CLEAR,DAYLIGHT,DRY,DRIVING SKILLS/KNOWLEDGE/EXPERIENCE,1.0,57.0,1.0,1.0
0192e403782c54ac298c5f7a6fff0e1172654ceaf82fec259ba5e57de65ecf835c6b211de2846b99a1a03b1ac89f3bd32e5c666e303ddbe3cf675ff374ea4264,CLEAR,DAYLIGHT,DRY,DISREGARDING STOP SIGN,2.0,37.5,2.0,2.0
019306ea891d0a84a6c89ae66b44e7af67039a39b868c03dd526bb7cfcec1124e85d197010feaab6d557aa8758193604d788a153c279b8fd462e1b7c13fff7e7,CLEAR,DAYLIGHT,DRY,FOLLOWING TOO CLOSELY,2.0,65.0,2.0,2.0
019319178f14b790ef793ee7825010a7c8c2f872bad3e22ecd52e346031f9540877972937c89f66a0b2fd3da86e6422a51c490d4534910ff8d11a42c0bcc90c7,CLEAR,DAYLIGHT,DRY,IMPROPER LANE USAGE,2.0,40.5,2.0,2.0
019332cab95caf14bcbadbf3903f99b7621cec8077992a053a2a415be837a02e462a3fea3b3a2c405944ba094378f2893a499031b5087e7f1345cb670a3daaae,CLEAR,DAYLIGHT,DRY,FOLLOWING TOO CLOSELY,2.0,40.0,2.0,2.0
01933deb7a57d5b794a7ae29e9f0f6378cd93cee61467b6e3418f0f3bc1bfc0e569eada46e8c80c548b4dcd7f00669d0086b73e2999ac3250e315a3e71a9ef11,RAIN,DAYLIGHT,WET,FAILING TO REDUCE SPEED TO AVOID CRASH,2.0,69.0,2.0,2.0
0193482a77cfc593f4a0ebe486c3566c5fa145bf844ab2302f4acd860c96de080cc58b1bcd8a1339f1c631e4567ea1bae7412297f591cbc5d2e2f693a6a98a5e,CLEAR,DAYLIGHT,DRY,FOLLOWING TOO CLOSELY,2.0,36.0,2.0,2.0
01935b71093cb1262463e7e290d1c461094d351c7fe90e00819ba75a50b8441f21f61fb8b9cb79799ca46986a7c88c73d3a0f5b607fa68910c3c4b65855d0a7f,CLEAR,DAYLIGHT,DRY,FOLLOWING TOO CLOSELY,2.0,27.5,2.0,2.0
019364f9afb9c9fd40fe0c18af68e242ec77cd7a8e46659badce12d39f5995495cb7e8414105908b85290d078234880ea68189723bcbb70bc5bd6bd4a31bd50a,CLEAR,"DARKNESS, LIGHTED ROAD",DRY,FOLLOWING TOO CLOSELY,2.0,51.0,8.0,8.0
0193849dab3c060fbc250dd28b9aeb5c56a8df701e33496c4c1b6fad5b52efbb959b0c5ab28127ad32bbdc502b27e2274eebf0419afca519c7a853ee23eff363,CLEAR,DAYLIGHT,UNKNOWN,IMPROPER LANE USAGE,2.0,30.333333333333332,3.0,3.0
019391d8d903c0796511e9a00a95b33814ef9b230935dec55d397d4b744bdc7b7be3732a38485b2857803d7a59e2adeaba4b85d7f849110be5e0bee1defd62c8,CLEAR,DAYLIGHT,WET,FOLLOWING TOO CLOSELY,2.0,37.0,1.0,1.0
0193a4b84a6d175e9255dc2d72de2893be5f31298307e72772ee62d2306ee2dc36640bb91b3b45f55e728954caa11296c2a2d84103bc0882f4ff87cfe9bc0aad,CLEAR,DAYLIGHT,DRY,FOLLOWING TOO CLOSELY,2.0,29.0,3.0,3.0
0193c5a78da2b729d3b847c100002ba7edda231b78dcb94c6729d224c010eecd7f6b48aec66c875a553fad3bfddb2f3c1192148b6b1232be3aa744c3b2a21e3c,CLEAR,DAYLIGHT,SNOW OR SLUSH,WEATHER,1.0,52.0,2.0,2.0
0193e5b1dc70e560aa238951f106ea6a67e3c438d1956e0dac3d94f87d47da59c5d73320c2b9a6f017c72db2bb7b6cc7d89a006a54f0f4d7cab123bc02b6ac94,CLEAR,"DARKNESS, LIGHTED ROAD",DRY,"VISION OBSCURED (SIGNS, TREE LIMBS, BUILDINGS, ETC.)",2.0,24.8,5.0,5.0
0194054ecd3d4beb04875fe69d7b9de0e05c7d5c8ad105adcb7e3236e48f103beb72dfdd8f6c1cfa159816cebf4aad3052eaad05385e15fcf0b0d41e049ca584,CLEAR,DAYLIGHT,DRY,FAILING TO YIELD RIGHT-OF-WAY,1.0,22.5,2.0,2.0
01943ca758de3dc61e6af5b4a9c1920068378136b765217389ea224838b4ceeef5668af0ed587a1ec5713d759de7940342d2382592052056ba4e2512e51cf32f,CLEAR,DAYLIGHT,DRY,DRIVING SKILLS/KNOWLEDGE/EXPERIENCE,2.0,37.5,2.0,2.0
01948ad412913b3db3c0fb419cd3503824fb50324705388652808fa5c02b14f18c7721ecde9a0472c65f1f756ed908a8c51da27e6a14af519c60dbca07fc86d0,CLEAR,DAYLIGHT,SNOW OR SLUSH,FOLLOWING TOO CLOSELY,2.0,42.0,2.0,2.0
0194a2a41cd7e37305f4cdfbc296a9fcc804e156440aac4c6842851e1e80d20a9a297e14575aaae41cdb6c791209feb421bc95f3880f31566c2917fd4ced072f,CLEAR,"DARKNESS, LIGHTED ROAD",DRY,IMPROPER BACKING,2.0,28.0,2.0,2.0
0194cc63426e295a667bf974c5baaca70d17c367e08191de91b7db91e5db045a5df1230d9a13240f9a9b66e9d622feca319f9e921f645fa0b709f3c13f4a30ce,CLEAR,DAYLIGHT,DRY,FAILING TO YIELD RIGHT-OF-WAY,2.0,57.0,2.0,2.0
0194db56a17498e9b2956396fbfcc72acc29510f86babffb34ca565a40e32c5bd65aa452753d3ab438595624375bb2a9f91dff2d6f76e0bc69c391e823e98002,SNOW,"DARKNESS, LIGHTED ROAD",SNOW OR SLUSH,FOLLOWING TOO CLOSELY,2.0,50.5,2.0,2.0
0194ea42e9eb47d71877da0c5858c6eb74ac1b2c0b34206b48118cb07fcf88e9cc8d1fcdebd2c1989b732a89e6acaa553619885e8721b603e6806df12763cf8b,CLEAR,DAYLIGHT,DRY,FAILING TO YIELD RIGHT-OF-WAY,2.0,45.666666666666664,3.0,3.0
0195482b2aeeca08766abdf51496a4dd88d706f0873e031aabbca31e97e3451794c3f5cca0561424b350102195d54f7579baa533550e56c85c368bafd44a6513,CLEAR,DAYLIGHT,DRY,FAILING TO YIELD RIGHT-OF-WAY,2.0,52.5,2.0,2.0
0195772d41d613457cc71573442ae64af46de5a8560afd16eb1192af356018455a448f3a2764228bb58c0df3e31279d091d335727bbbfde3ef0afa0a978ae4f3,UNKNOWN,UNKNOWN,DRY,DRIVING SKILLS/KNOWLEDGE/EXPERIENCE,2.0,37.5,1.0,1.0
0195a5dd6180ca282c0512e8c873ddc6a46a698e395abea84de203c62f4e96c00e628a61a7f5e36ff704787acca0a1ea85b6565848605d6eade9cb5d5b8fb021,CLEAR,"DARKNESS, LIGHTED ROAD",DRY,UNDER THE INFLUENCE OF ALCOHOL/DRUGS (USE WHEN ARREST IS EFFECTED),2.0,37.0,2.0,2.0
0195d3eee9350158420aa23ac6eb4436ef6e696cc6ad544137992221114a09ca6330c8394de862d1b1265950e87f9379f3f70d369b77022a836791477a20d323,CLEAR,DAYLIGHT,DRY,IMPROPER LANE USAGE,2.0,46.5,2.0,2.0
0195daef66107e005aa7584fe74af8ea9791a4629ee2748fc3904356d5ca2b6facb9237b7928caadd94c12d66444f4c06d331c86df956c69cc6bd6fe91fc5623,CLEAR,DUSK,DRY,FAILING TO YIELD RIGHT-OF-WAY,2.0,22.0,4.0,4.0
019686d77a8168054af5b142442f775929fc1d9e100b36936db7d0a0a80795d5af6900bf6d8f6e0cbfd81c432b90c9621d24a250c3d47ef412c179fd64b61df0,CLEAR,"DARKNESS, LIGHTED ROAD",DRY,FAILING TO YIELD RIGHT-OF-WAY,4.0,17.0,6.0,6.0
0196c23737fe3fd3a3d78b75dbf3137f4c6781f3c22ef6b04c3a0515eb0422bb89836f6a1f2f801e74358ce0f30639bb04bbd55cd9c9d2604235f4235692bc10,RAIN,DARKNESS,WET,IMPROPER TURNING/NO SIGNAL,2.0,32.0,4.0,4.0
019710c15636b521b05aac838ae01d63115531b90ae7e3a1870c698a1d6ca444ab279d0165fd12a204bc0e3c1160bb45956983990289bdb920b10b750a4fcfd6,CLEAR,"DARKNESS, LIGHTED ROAD",DRY,DISREGARDING TRAFFIC SIGNALS,2.0,39.75,4.0,4.0
019789e0da75959a98c3e74dfaee7d03b44dc9bb3b2724a2c066b1a93ab6cd3db1c5b49f5d5171a550c0071232978c12d6ca3eb64cb2c1e4392dba0273a0363a,CLEAR,DAYLIGHT,DRY,FAILING TO YIELD RIGHT-OF-WAY,2.0,43.0,2.0,2.0
019791fd3d49668b9f88a8da4247041edbe9256f6882cae3c08a219562d7d83b5b469bc8c13467053b64945bb9c164130381b2b1ff4d9935b2a2ede371e3ac6b,CLEAR,DAYLIGHT,DRY,IMPROPER OVERTAKING/PASSING,1.0,30.5,2.0,2.0
01979a2a0f60f45e021fa947d7d56ec4da2f3b447d59ed7dab66784b042a659ff1d1133703026de133a5562300ecba7816cb548053b908c366002f6a2f9c1f98,CLEAR,"DARKNESS, LIGHTED ROAD",DRY,IMPROPER OVERTAKING/PASSING,2.0,43.0,2.0,2.0
01979dd28fe1ac771dcaf95f1be74230c522325053093b3adb8b39d4fc360e588961aa174993936897b3745791c675e2e3cbf3a1132ef14680ad389561a185e8,CLEAR,DAYLIGHT,DRY,FAILING TO REDUCE SPEED TO AVOID CRASH,2.0,25.333333333333332,3.0,3.0
0197aead67b4066d2627ea29fb35d792d6ca8a9dd8e51b3f94eb42e919b9560e78c41300df68209766a1945d51b77f976a02c22198b804a4dc8692161d52dc75,CLEAR,DAYLIGHT,DRY,FAILING TO YIELD RIGHT-OF-WAY,2.0,40.666666666666664,3.0,3.0
01981249278dc342a2265909df8377f0b5a1fd54e9003d005c3f4e47526f69f2fa201b0f3d293bc18cee38f95403a393aaf5717dc3ecca2df58395741224465d,CLEAR,DAWN,DRY,IMPROPER BACKING,2.0,37.5,1.0,1.0
01981e992633b00fff721744973d6fb374bfdb85af94e32f445c8ef53de9884be2528cf6f9ef002bf278f6c293cae55d15a879dcc98feff1e1d14adee8f84767,CLEAR,"DARKNESS, LIGHTED ROAD",DRY,IMPROPER LANE USAGE,2.0,45.0,1.0,1.0
01986b17af35432b415033d736fa337c79fd3f92c50010abffff1f738683cf828a8f13cce7530f7744568019a1a288885ee377d9f31a2a82dcf3062afd8354f6,RAIN,DAYLIGHT,WET,DISREGARDING STOP SIGN,2.0,28.5,2.0,2.0
01986f85a6011a59592dc97bb44f73c051089231501b5657a41c2ec62feabfbbc4e9dd6f85220762f25ec8849ebe9dbc430ef7bc17f1cf5d1c641b661d6d76c8,CLEAR,DAWN,DRY,FAILING TO REDUCE SPEED TO AVOID CRASH,2.0,43.0,2.0,2.0
0198985c9183ce1389168f287d1a38c68046eb9f19dfe294b7f2ad65799d912286cd33557405d83c5d009e1041dd52c21e7941040ac757a26c090c8ecf2b8f3c,CLOUDY/OVERCAST,DAYLIGHT,DRY,"VISION OBSCURED (SIGNS, TREE LIMBS, BUILDINGS, ETC.)",2.0,29.0,2.0,2.0
019898d53f78cc0501370f9690e6c5bfb5d178ce4112c21aa1b6056893071e30cbd70c75630a101c940d5d19be9e3907e0e6ddbb3916d082ac3688f1ced510eb,CLEAR,DAYLIGHT,DRY,FOLLOWING TOO CLOSELY,2.0,65.0,2.0,2.0
0198a599716d9366709765c3fb2085336d5a117764f350322efe45d671c5627d63a5a587919ff37984ba1114126054ebc1817b9e6987f8d58fc04bb481aac413,CLEAR,DAYLIGHT,DRY,FAILING TO YIELD RIGHT-OF-WAY,2.0,23.5,2.0,2.0
0198df8107b5e4e456669522f4445b6ff6891205aae04632712951f28aed74d876ccd4efbba73819558bc88c16573a30d0e0c806069723e9440f6fb266bf25b7,CLEAR,DAYLIGHT,DRY,IMPROPER LANE USAGE,2.0,32.0,2.0,2.0
0198ec978d81f060a9b5766e2cf2df9e49bd6276683e2fabd099820b7e8229f063333d894dff131778b25b53057d5abfe0b0d571db387600ba6817f1efcccf49,RAIN,DARKNESS,WET,FOLLOWING TOO CLOSELY,3.0,20.0,3.0,3.0
01990d7ae236dedca36372737f837961463a61f19f5fb0df973f6aac2a585e3ed776b6715d1d1b320c07af885a19fbf80b5baa47483d4f3fd22ed53f5f966160,CLEAR,DAYLIGHT,DRY,IMPROPER BACKING,2.0,37.5,1.0,1.0
01991c75e5c8eb07b20d2fd36d8e1d6d842e38a987544b8211e26f7c95945956ab7bf14cecf10bfcac5f131f2eedaf273c86bf82b46966c56b05a50b59727e39,RAIN,DAYLIGHT,WET,FOLLOWING TOO CLOSELY,2.0,44.0,2.0,2.0
019929d7e3ec468e38d70ce0c830a7630ff1d32f603708393f5288288ad97963726eb4684dbd51a211bf51898b8dca061edecabca514a7609040f09ea0f8b5db,CLEAR,DAYLIGHT,DRY,FAILING TO YIELD RIGHT-OF-WAY,2.0,33.0,4.0,4.0
01993514b7381443d759055b8fa4c5e7e6c89ddbce149f9a64045382a1aa92069b274189ab3f00f06cfd8ff3071a10202c4a691b3c072a0ba732b5cd736ca73a,UNKNOWN,DAYLIGHT,UNKNOWN,FAILING TO YIELD RIGHT-OF-WAY,2.0,44.0,2.0,2.0
01995d08e0af2b8f1207560e80678ab4145931aad0904b9fc5a4f4f9cd4f70f4334c301ae78d46ea7892dbdab7e67f8f226a68c3da5ae8d8ce74d6f606372ffd,CLEAR,"DARKNESS, LIGHTED ROAD",DRY,IMPROPER LANE USAGE,2.0,24.0,1.0,1.0
019981bb5af051f00c695a6191a607c64310bf1043e06803423cbab01c779c2c4c607e9ea0bc108e6010c4679721b5fc34c6645dc4d3c1dd499cff23523215cc,CLOUDY/OVERCAST,DAYLIGHT,WET,FAILING TO YIELD RIGHT-OF-WAY,2.0,35.5,2.0,2.0
0199c93b904b875c7d17bf830b786b3f22ba3022ab79c82d464fbb4608ea20a090919f44ae7ccc8cbad9f87ad8d32d0f69a27e46a91795c3b40aed7242e5a563,CLEAR,DAYLIGHT,DRY,DISREGARDING TRAFFIC SIGNALS,2.0,47.8,5.0,5.0
019a11e0b31137437d85e18312c99b668d0cf1f89e0050fbdbaa32b6ba40a8b53d7974396da9c0758671587029b7a7978c792f8a65a7109fdbff7c6aa1ad138e,SNOW,"DARKNESS, LIGHTED ROAD",ICE,WEATHER,1.0,27.0,1.0,1.0
019a1cfee979c78c8189e3471fbc1bf42ab9e499cf6321704929e00c0c7a93f983fa5670e77163a6ee32376e1e35343592fee4ad6978efc3020f1c49cb82014d,RAIN,DAYLIGHT,WET,WEATHER,2.0,33.0,2.0,2.0
019a5b78132ec5ab056d53a95216df773459ff1cf771e8e08ef1067ed3f9df21c1fb0717e5c71ef0a5936a74a65baffcaf072b830bdf9b265197377604a35a56,CLEAR,DAYLIGHT,DRY,FOLLOWING TOO CLOSELY,2.0,33.0,3.0,3.0
019a71354e4b715ffd957920c8cf3f39dd9a1bd7e68af7c8cced9b35cf454a320fe9a05abddfe8869a1e2e68cfba30e0750a9677143c3d7e96a8ad4f785ec901,CLEAR,"DARKNESS, LIGHTED ROAD",ICE,FOLLOWING TOO CLOSELY,2.0,41.5,3.0,3.0
019a7d125a365d1ffcc176520fb327480c9f0991ff979a3bdda827a2c5dcd94ddf29be4b01491d224f4a3e9553a4f314a43217d85c288f1a16f1c07359155022,RAIN,DAYLIGHT,WET,FAILING TO YIELD RIGHT-OF-WAY,1.0,44.5,5.0,5.0
019a828aa918cff507e97cb2dcebac03f19512b7ec802b88e119ca504a8707a22a3196901a5f9ea688318b900aa0661b019adcd90b22c006008ca786f3be2855,CLEAR,DAYLIGHT,DRY,DRIVING SKILLS/KNOWLEDGE/EXPERIENCE,2.0,28.0,2.0,2.0
019ab3546bc80f8e3b381bbbc9151b58dfee94570e1300b87a0fe7e87aa3d4251607f8b100763294c520a10ffd640c20a9f73d1f6a0c8a87c0ce5c06e95d44be,CLEAR,DAYLIGHT,DRY,FAILING TO YIELD RIGHT-OF-WAY,2.0,50.5,2.0,2.0
019add9568c343693f58d06c3786e30c2bf8fa8427cd9f233f73ce34be8bb326f3a062a7b573b0fffd1b63b08ed28820137f8b91018bc7617c97cdcce37c925f,SNOW,DARKNESS,SNOW OR SLUSH,WEATHER,2.0,43.0,1.0,1.0
019b1de7a5fcbeba028e118989e56f27c70d6e87a416e94135a185f381c64e4778de2a415e1e5b159f53bc9222bf5c017372d49670730515ad1d5d5c7b7c1983,CLEAR,DAYLIGHT,DRY,FAILING TO YIELD RIGHT-OF-WAY,2.0,23.5,3.0,3.0
019b270d5c1ebbaa82fefeb9b568e69ecbf53bcab2241a9a81c209b27ae33052a9886ffac0a316034a519ade03dd77d3253fc010b40fc61c82f47b757eb4b735,CLEAR,DAYLIGHT,UNKNOWN,IMPROPER LANE USAGE,2.0,24.0,2.0,2.0
019b2f5a82128720bbb289841101f34ca6befb64515eb7842364006b2fed21f58e6dedb04bff5b27e2df5902b4c5856e6fa57ad0d5920535bda56a1cdc6f97c8,CLEAR,DAYLIGHT,DRY,FAILING TO YIELD RIGHT-OF-WAY,2.0,29.75,4.0,4.0
019b422bc9d9db33cf33706d378f7eeeea6929287299769248be3cd25f5eaf75ec00062955c712becd5e891e2f758fa6bf87eee60be9095bb31e7bb73e5797ee,CLEAR,"DARKNESS, LIGHTED ROAD",DRY,DISREGARDING ROAD MARKINGS,2.0,52.5,2.0,2.0
019b6d51a690a2e85fc2459f4db951086a2f1b9279c161a3ae3965f0648c26f3e2b72a16a3a6522f1ad86e44c9e3074726a4318ba7c62d539e7d95199fd1abcf,CLOUDY/OVERCAST,DAYLIGHT,DRY,FOLLOWING TOO CLOSELY,2.0,57.0,2.0,2.0
019b730b6203c10ccaee5f3cf48896706ee9020cef73ec5b736e35efeb1e8381baed970f94a328d7e01739918da957b94650327240bf69559802f8165fc9acfd,CLEAR,DAYLIGHT,DRY,FAILING TO REDUCE SPEED TO AVOID CRASH,3.0,11.5,2.0,2.0
019b88c98068d68b7966a3c369511d4a26cd5a828b52f1a5346ada6b0d182566d2172c6245ea296c451a0aa362cf38d042c8c4b8658a3e3de070ceb861cf37e5,CLEAR,DAYLIGHT,DRY,FAILING TO YIELD RIGHT-OF-WAY,2.0,34.75,4.0,4.0
019ba9f4bae0feb2ea552568f8612b5944315bc97072ffb73b191828606e9f76b029ae92238ca61e30a5382562986146d89d958184fcc4ff61b01df7f7162c9b,CLEAR,"DARKNESS, LIGHTED ROAD",DRY,EQUIPMENT - VEHICLE CONDITION,2.0,40.0,1.0,1.0
019bc1402b609f06aedbdeba0290de1a2d549c23a79e8f2978f633f7e7206546a2dd1a2bb2f4df5156c3d2ec875e34e9b3186e08c6bf0c881a4ee9b51b5ec94f,CLOUDY/OVERCAST,DAYLIGHT,WET,IMPROPER TURNING/NO SIGNAL,2.0,51.0,2.0,2.0
019bd930c3127f9161a113be2d862e574be337278545fc261e8b2241a81e5a74430308cc08c4fdd88e2f08562875c796752cc941f98133675da845e804701d87,CLEAR,DAYLIGHT,DRY,DISREGARDING TRAFFIC SIGNALS,2.0,17.0,7.0,7.0
019c02c34b2d55f9727e6adfd4e0181ddb9e48fde003874897c2f946002a5b82bdd59cd0502a0e8beeee85180636589adbcdb77611cb71872eb6012f5e86cf1c,CLEAR,DAYLIGHT,DRY,FAILING TO YIELD RIGHT-OF-WAY,2.0,58.0,2.0,2.0
019c23e8ddb82460610f2a7d046239b2c07be774a602645d336dd5ecf15d888923151e044c21f745fc3f79da44789d5656809d6ba3bad5fbda495c1f6cb820d9,CLEAR,DAYLIGHT,DRY,IMPROPER OVERTAKING/PASSING,2.0,37.5,1.0,1.0
019c6e83148673e64ee251c2616cb35f0470741dd524338004010b955b52af1b93aac32e23915a009c9607a98e7a9b35b6491b3e322fdfb3f0ac0239be46d74d,CLEAR,DAYLIGHT,DRY,IMPROPER OVERTAKING/PASSING,2.0,26.0,4.0,4.0