crash_record_id,weather_condition,lighting_condition,roadway_surface_cond,prim_contributory_cause,total_vehicles,avg_driver_age,total_people,total_injured
019c7607bd0d4af0f77b361acd7e9b6c39eafde3a03042531003d6c06d4eb856140e3cd62dc3f3af614c30a027ddc3e3f1b776a17dc78aaf44d6c135848d1ad8,CLEAR,"DARKNESS, LIGHTED ROAD",DRY,FOLLOWING TOO CLOSELY,2.0,29.0,2.0,2.0
019cd5f057fbdc272b602dd16131fca30b13787a01ee6f02e32ba22f38dff8b22972e7daf68b6d308e99c5deac3c327890ded99e0c19a7666260f88531363224,CLEAR,DAYLIGHT,DRY,IMPROPER BACKING,2.0,41.0,2.0,2.0
019cf65e4f5b3b4eef1f6630a9207b5ad730b536aa1920742d98d1c692862e21e450ba6204efaa240c39c919f3b78ab7139c960066bba70df3fe78a91f346f55,SNOW,"DARKNESS, LIGHTED ROAD",SNOW OR SLUSH,FOLLOWING TOO CLOSELY,2.0,57.0,2.0,2.0
019cf98c8dc414f4b34dd65c910131545383e630130afbe54805a093c701cbc88f72c23f5ca65e3c75d4c33b6f8383a878eb895cd623ae79dd3bbadc61307c06,CLEAR,DAYLIGHT,DRY,DRIVING SKILLS/KNOWLEDGE/EXPERIENCE,1.0,22.0,2.0,2.0
019d00b89db0da5b92e7f4a461b42308361fe1fe147a625c30fbabc44ce0c5973ef7d7c9934c0f5dd6671e03cd436e0b86eed2164fbd0aa58c660c6b8ea96f83,CLEAR,"DARKNESS, LIGHTED ROAD",DRY,IMPROPER OVERTAKING/PASSING,2.0,41.0,3.0,3.0
019d063581c7df880ec602181cd46bfced9c775658909817fed3bd49814ac699b88562afc82033aa2c7f3ce4015c78cf1015abcea0a2a14ca05dfd2047866da2,CLEAR,DAYLIGHT,DRY,DISREGARDING TRAFFIC SIGNALS,2.0,51.0,2.0,2.0
019d5eab3a090481a2edb1fa3f59f7d5464db725b08a6bc064dfd361daefb7284102b7dd20f10666292f5f5f98580b64f84573f43ea5f1b89ff552e1d5a12ef5,CLEAR,UNKNOWN,DRY,FAILING TO REDUCE SPEED TO AVOID CRASH,2.0,37.5,1.0,1.0
019d82b493c9ee82fbc25323e7ce5f710abd1ab096104b00399aab0b7ef36e00fe1b41112faa8bf30d8c5a5ee9e291595a1b6cea8a0628b540531478f0035d6f,CLEAR,DARKNESS,DRY,FAILING TO YIELD RIGHT-OF-WAY,2.0,20.5,5.0,5.0
019d84ab0f03ace0b07075b0a7d83ba867b7dadad30410c289e3cd0b57f08853586bcc0fcf3a32cccd6012284bade23c9d50a540ece58087fe74947fb2077e31,RAIN,DAYLIGHT,WET,FAILING TO YIELD RIGHT-OF-WAY,2.0,29.0,5.0,5.0
019d87dcf5f4a3a286fbdee1953ef1d7dff620b005937ed1f5a4950ce365a12ae91e7152c8e2d7e84258cc08257a79157b59e2027aad8284084890f9127550a8,SNOW,DAYLIGHT,SNOW OR SLUSH,WEATHER,2.0,42.0,2.0,2.0
019d8f07a6f0c75876261dbb6d14d361a1bbab24897f7703ad2d752029f501d634ec6ffdd33349fe1630870901b6a2eedd2da329ce331986585db631c8c96e86,CLEAR,DAYLIGHT,DRY,IMPROPER LANE USAGE,2.0,29.0,1.0,1.0
019d95a3df355e030cf9ed453aeaf3b8f5aaaa2d35b2a32caf80c7e5e009af0a2a04a9ebe075e21f13b06d0ebaa1be5ab33ad55d6bd3adc9ce20622778592e6c,CLEAR,"DARKNESS, LIGHTED ROAD",DRY,FOLLOWING TOO CLOSELY,2.0,37.5,2.0,2.0
019dad74efa7164371cbf28779e936b9d5794da60fe29af8f64b58904cec54834ef61345a5311b1ad9c4f7ef8635d3a53ebf7a4b56db4462960dc31c31592bde,CLEAR,DAYLIGHT,DRY,FAILING TO YIELD RIGHT-OF-WAY,2.0,47.0,2.0,2.0
019dbdb55c56a7089ee6322c50a23fb133a277e425e84579d536233e29914115d88bdf86cfc33286776d3b106c4a847b63f4b5db550214c19c4797a6aab44104,CLEAR,DAYLIGHT,WET,DISREGARDING OTHER TRAFFIC SIGNS,2.0,32.75,4.0,4.0
019de0a23fd82d05c396045f892a31a06e52a33fa52053b9538d291b23700764a30579f7cff11db5de8cd1bed571dadfdd86628a1f43aaf8ba95210737af8b09,CLEAR,"DARKNESS, LIGHTED ROAD",DRY,FAILING TO REDUCE SPEED TO AVOID CRASH,3.0,34.333333333333336,3.0,3.0
019de2bf49a43711e7687c0f34fe998f552841ec85e0c3da3c5be22908812b7140636e69bc02c54a936d338115d85ad93681f8ec6bb61b4af6dfe167ebb9bc0e,CLEAR,DAYLIGHT,DRY,WEATHER,2.0,32.75,4.0,4.0
019de323f35dd2732b58e0d29a2089167ff388bc7081083b14d558f0d7c64e8b13e84cd6ad525a4303f0ccc878d8a1c2b8df1e7dc29da009b50a63f19431e715,CLEAR,DAWN,DRY,FOLLOWING TOO CLOSELY,2.0,25.0,2.0,2.0
019df3df85920bda134890e29437a228d3581338832d4020e46e6dc5b9548aa341fa5429cfaf3bcf4ee6826e2f4a4aa76bb79b36a907661b7548db84d3eb2813,CLEAR,DAYLIGHT,DRY,FAILING TO YIELD RIGHT-OF-WAY,2.0,30.5,2.0,2.0
019e0139cf127cf2740a0bd73e6b5abbc4384fa39b2f1b04fc3576dc72c6fce2a13bb6cdfb8fd4ac7221b36f19e2f35d1fd8bcb597ba84184cf41e4262005187,CLEAR,DAYLIGHT,DRY,FAILING TO YIELD RIGHT-OF-WAY,2.0,19.8,5.0,5.0
019e0c85dd43e27aa8db85218daea0c4956ab5c148509e7553ef385cd328d101308048a38e1e17556856d9a4ad26f34ccd9925fe2ea5ed896941ac4cac6a615b,CLEAR,DAYLIGHT,DRY,FOLLOWING TOO CLOSELY,2.0,35.0,3.0,3.0
019e28c3451ee4515f69df0eb94617fff4014c8ac33edaed5c41145603a0975fe27bc4c2589257281ca7b5235311f8fdfe5b52a2e4d29b0a872962488549b74e,CLEAR,DAYLIGHT,DRY,FAILING TO REDUCE SPEED TO AVOID CRASH,3.0,29.0,3.0,3.0
019e3050b09ac652036a2f80c11d8f43e32fe888778ced0c70663d116eca8d4ffb149342a0bd796c33bb0bc7984f403bb7f67315a902ebb6bb53d6f067bf03dc,CLEAR,DAYLIGHT,DRY,FAILING TO YIELD RIGHT-OF-WAY,2.0,45.0,2.0,2.0
019e4537ccee3fe7f732106efe24e8b4293e55b0c586f890ba257ad42139b5c014eecd20aa3f7dbdc28fb3ebf9628fd5a6dea266e26bd839e42d362100764f3b,CLEAR,DAYLIGHT,DRY,IMPROPER LANE USAGE,2.0,41.0,3.0,3.0
019ea7c089899bbdfdf7acff6b3cc0710d8e773ef6a56bb97d9623d32ae2d097ac961f7f02c04c2f719e7d423f1db864df1979285fcf64f7a1b4bbfc2b4032c0,CLEAR,DAYLIGHT,DRY,IMPROPER LANE USAGE,2.0,31.0,2.0,2.0
019eac8a4e0bde0c38cf3fa6dfeb704ab3d321f67c63bee1b5783a43436d55dd6fa52793183fa15e7712f8ff4ae9a78444bd437271278cb3de941488b70157ed,CLOUDY/OVERCAST,DAYLIGHT,DRY,IMPROPER LANE USAGE,2.0,29.5,4.0,4.0
019ebf9f0bd477b03a14135b2bdb3cf3566095768e63a48d0465bda0f4cbf0723098a40a53ca51934c4c2ca21ce8df9471ab51d2ad1bd0aa9005724126554647,CLEAR,"DARKNESS, LIGHTED ROAD",WET,IMPROPER LANE USAGE,2.0,37.0,2.0,2.0
019ec180c763c6c5294dac62f970be2731bf994df5873d0a390213118c265cb196788cdc1541e988971ca5f8a39360052dcd433aff18674781580665f90888fd,CLEAR,DAYLIGHT,DRY,IMPROPER TURNING/NO SIGNAL,2.0,27.5,2.0,2.0
019ef0802eafca1ac7fd68ed98a6d56929da29860ff5bd01d180121f7e07dcc84dd3badae6696c0c83f3586cd455807848ba4ea7f2485848b4a7ece9109181e5,CLEAR,DAYLIGHT,DRY,IMPROPER OVERTAKING/PASSING,2.0,47.0,3.0,3.0
019f73df7bbaf04e41d02781c3bd25cc70a134b042e5bf69149688bf6360673edb8a0780c93e905e405467afb78fad12a374cc033ab0cf28c790ebda5c587a88,CLEAR,DAYLIGHT,DRY,IMPROPER BACKING,2.0,42.0,2.0,2.0
019f7ee768d911d30f50dabe5737f20dfffd9a90bd5095897c93135c68ee2ba1fd73cd49ee4124db27bc2c5f8cdbec08bda629d00fd5c2690c0368f105ee8d08,FREEZING RAIN/DRIZZLE,"DARKNESS, LIGHTED ROAD",SNOW OR SLUSH,IMPROPER BACKING,2.0,40.0,2.0,2.0
019f85b07e27666435dd34b78f390ce9f3c66899b4dde7be21006b3bdb7934851546ff7c54124978d1bbd6696c3254ac92a416733f32b8cb5852d267510ff064,CLEAR,DAYLIGHT,DRY,WEATHER,2.0,42.0,2.0,2.0
019fd8f381822b23aea189b710ba7e16f156465504c2fc7147ab90a2a8e62a65d0dcdaae4657d381fbbcdb6ecb2705e36ee5624caa2dd2c46044fb4e05922355,CLEAR,DAYLIGHT,DRY,FOLLOWING TOO CLOSELY,2.0,19.0,2.0,2.0
019fe9735a43c20569a2de0533b0b5a7f80838cadc7d11c175ab62bf711bd75499e9b02bc836a7efe69882d944b5849fc2e07a970c1513bec619e607d26a0ede,CLEAR,DAYLIGHT,DRY,IMPROPER BACKING,2.0,46.0,2.0,2.0
019ff8c7bd38beec82232ac3f1fbeae3561b5755e8a3148de35e4fd6d45f2462bcfd4e6607fda22961294a19ea9ff959b1b9a00ced5af4b4d56dc4d90e887694,CLEAR,DAYLIGHT,DRY,IMPROPER OVERTAKING/PASSING,2.0,26.0,2.0,2.0
01a0129972b2b149f63e794146e8f9f8d345c1c1e112c10c70ce56fcfc59c6c6512d9085f704864307c213924ad93ccb3012a86afcc7d7fafcb6838c15edeed7,CLOUDY/OVERCAST,DAYLIGHT,WET,DISREGARDING TRAFFIC SIGNALS,2.0,29.833333333333332,7.0,7.0
01a0404ade616075b9295f86f98469c7183899a551c8841c560d5ec447ca713ea9391c0fc2b213f402a778fb176cac7b6f4a237c31416dcb38ada754148729c2,CLEAR,DARKNESS,WET,FAILING TO REDUCE SPEED TO AVOID CRASH,2.0,23.0,2.0,2.0
01a042be55833d0b9fd64ed0841226679a3d0ba7f5cd9ac7d63fb6ccf81317245e865272ad0a2fb43f5123d8c00236a081ff89ecf5a435b9b2dd26d5ecc8b5c3,CLEAR,DAYLIGHT,DRY,IMPROPER TURNING/NO SIGNAL,2.0,55.5,2.0,2.0
01a06afb51b5c2bf09b7c694666dab6be4d2566aa1bfc1cb9d18a8263c5d8747b3b839f7fb1c38e12e5682d73066b35b8860f5c9989b3aa5149d8d112fa28950,RAIN,DUSK,WET,DISREGARDING TRAFFIC SIGNALS,3.0,38.0,4.0,4.0
01a095d9eff94b7ebc5bc5a08d6094ca837ed4e9b6e0a2cb9bc01a8df98d7be1d7552df17572f974f58f077cd5b481992938317ee8cb976b659c1d6cfe389754,CLEAR,DAYLIGHT,DRY,FOLLOWING TOO CLOSELY,2.0,36.0,2.0,2.0
01a0a6c6c761610f7aec87522b41bd1d083460348cc6414aacb71ea7248a3a1189a7145a5426fab23303d59f0eaaf65c78df981aaadbe1191982ebcf9fb6f81d,CLEAR,DAYLIGHT,UNKNOWN,FAILING TO YIELD RIGHT-OF-WAY,2.0,37.5,2.0,2.0
01a0ce00919d24f6ad179e15a0da6c789d54d369b325cfea157b7b8afb9a1461469d1d6ead1c1a862e7c17d0efabcd53991f0bd9880c9c97594de46bc71108e3,CLEAR,DAYLIGHT,DRY,IMPROPER BACKING,2.0,43.0,3.0,3.0
01a0d898bb1f4a179492093fddf5b31f7f30331e599a4ecdd960dcea64537772ce0528fd6dd4b2c34aca781f40206f5c0022ac34b0bc85b8966272ff0f85de77,CLEAR,DAYLIGHT,DRY,ROAD ENGINEERING/SURFACE/MARKING DEFECTS,2.0,49.0,2.0,2.0
01a0dab168a353ccab00efa4d3470ddd5f20b2b9222b36c56667c64ae15244b5f6660d90dc7aeee96b85c6fd85b5f845ff6faa600a8f98ed7ddef9b540a465b5,CLEAR,DAYLIGHT,DRY,FOLLOWING TOO CLOSELY,2.0,34.0,2.0,2.0
01a0e41ba79536854d2fe9ea5c82f2d7ac73e645fc96fdd503a693b34d561539b36ba320ec7d0e030c925b3b78996c20b9a468fdc0b0046bdc22817cbd561a8a,CLOUDY/OVERCAST,DAYLIGHT,DRY,IMPROPER OVERTAKING/PASSING,2.0,26.0,3.0,3.0
01a0eae0607779c3be1973eb677ddec527b155f5b18330c6b8d1d12224858bea8019eeb37b0d4c76864c010001dee0cd115eaaab1994024d756c6dd85e7c1532,UNKNOWN,"DARKNESS, LIGHTED ROAD",DRY,"OPERATING VEHICLE IN ERRATIC, RECKLESS, CARELESS, NEGLIGENT OR AGGRESSIVE MANNER",1.0,29.0,1.0,1.0
01a0fcd7b76a3a0b0798586be62e9134151f0f51a0a7d7dc9796c816f3a698351417cd01bd89cdb9c51773d9df818bb14daa18acf93afdd509ffd9bca2391316,CLEAR,"DARKNESS, LIGHTED ROAD",DRY,FOLLOWING TOO CLOSELY,2.0,45.0,2.0,2.0
01a0ff0c83f3254528739da8f6a70bde0c28c7ed91411dc3088ba772bc5705274f9210a24e69ae3d3852986b206fc1faf4a2f382b376cef5b365dccc842b939d,CLEAR,"DARKNESS, LIGHTED ROAD",DRY,FOLLOWING TOO CLOSELY,2.0,12.5,4.0,4.0
01a1039dae05c308f832429c042c840d0cbe910087ecca0658c1edf8b100bbdb0cd26e70d61867f1492a94a762204d3aec995e99da096bf4b51a4bf3f37cc0e7,CLEAR,DAYLIGHT,DRY,IMPROPER OVERTAKING/PASSING,2.0,48.0,2.0,2.0
01a10d234f9ef5527740bf000fb6015654231f9ef9c3700cc8490303541ddc59a5bf04a230556599d7f3ccee3a77e2aec22985f708635d960dc89b5b65f2d49a,CLEAR,DARKNESS,DRY,FAILING TO YIELD RIGHT-OF-WAY,1.0,23.0,2.0,2.0
01a12b51e53dcf9ab91a346bab99ec1b909f1d2a1f08b8c2a7bb951b1b96dd1cc9f7869707cd7c99efa5dc6ad90eecc370b60e00c8c14db8f98c5bd1199b8980,CLEAR,DAYLIGHT,DRY,FOLLOWING TOO CLOSELY,2.0,47.0,2.0,2.0
01a13e56e04b2bbed528b968e552c2f1aba1edf7200c0ad7ee0cb6913d6ef146c0c64c2079ef770a143c09a3657ef0fcdc25c019c9b173e59022e9925d046a75,CLEAR,DAYLIGHT,DRY,DISREGARDING STOP SIGN,2.0,29.5,2.0,2.0
01a13fcc38d2e3ddf7ec590bedca2a63ca41cf7bf6728722cd3d977750cdca9277b15e8bb7ce364dcf9d8a2d7bc84a8d915de885fedc61de1dd363be6159867f,CLEAR,DAYLIGHT,UNKNOWN,DISREGARDING TRAFFIC SIGNALS,3.0,30.5,4.0,4.0
01a13ffb8f00b929383a933890545bee9795bfcf74853b30946ac6e43e3031add9e7d681268d7aa1047b8f44d4416885972d7be74cca3ebc3f5a20f0562021f9,CLEAR,DAYLIGHT,DRY,RELATED TO BUS STOP,2.0,59.0,1.0,1.0
01a14357ee5469c94bddce1a0d61989aee424ef07317505709e1b7ee1d04df04ebea1a3ffdbf80056c512b2bafc38f25ce21f470ef75c2f157903ea0d7a4e589,CLEAR,DUSK,DRY,FAILING TO YIELD RIGHT-OF-WAY,2.0,48.0,3.0,3.0
01a14ffd6e28105cd1c2fc653cc023cc97281ff05e841845af56325ac800cc7b52d83f1df2040a5ec8cc94ca838aaf1a81d55e5f2bf31c713283a2b174f6ffd0,RAIN,DARKNESS,WET,WEATHER,2.0,61.0,2.0,2.0
01a159877391b9de3d3d786fd1af054aa1e5c1b11c8f6abdee02054f3711b488572b561115b7e9119f92bfc117e384f44d94cae02e2a6c3efc323ff45429f5fb,RAIN,"DARKNESS, LIGHTED ROAD",WET,WEATHER,2.0,24.0,2.0,2.0
01a161682b5407ea2e2d5ee63965f960e63f502eedd524ef29ca75de06f4eae01218a85669abfbda8242a8bfd012acc311cecf8fc300d0a82e3241347bf212ed,CLEAR,"DARKNESS, LIGHTED ROAD",UNKNOWN,DISREGARDING STOP SIGN,1.0,38.0,3.0,3.0
01a165f2dd2103b07be774557f667476bbbf652cd507d4ac97c27434f58e970ceff50cfa58b30e4aeb25ae9e6cc473e6ef2f4c7e326a306275fbff2ecb315116,CLEAR,DAYLIGHT,DRY,IMPROPER LANE USAGE,2.0,30.5,2.0,2.0
01a192538cf6ac64d640be950712c95e6c1d73e9c2dba5881a80b9bb14f6405db3b5b32e779a33c05734cc12f291504246970349c8d07f51b91be6afd9f1fbe1,CLEAR,"DARKNESS, LIGHTED ROAD",DRY,"EVASIVE ACTION DUE TO ANIMAL, OBJECT, NONMOTORIST",2.0,23.0,2.0,2.0
01a1bac4070555319e0e6b1810d6d042777c975539de67fbf41ab23c613a31458d81ab420f99f210ea3e946d192559e9b85191b2ab82382bff3eaedfc78bce37,CLEAR,DAYLIGHT,DRY,FOLLOWING TOO CLOSELY,2.0,51.0,2.0,2.0
01a1ce3e294621adc5c46a6f2785ca8e8b27e64dce278ac4b7bb3ddb3587fc2811ab50ee0d8efaee5105c721a312286d670e147a56507f2f7e86237576eff4a5,SNOW,DAYLIGHT,OTHER,FAILING TO YIELD RIGHT-OF-WAY,2.0,49.0,2.0,2.0
01a1f2336175775817b505f679f95ebd223a219972da7973a7df7cb793c4a6e249b8855c8c43260c2a0cada9519adf7c03f3ccbda1113ad58b18922e9917d83d,SNOW,DAYLIGHT,SNOW OR SLUSH,FAILING TO YIELD RIGHT-OF-WAY,2.0,50.0,2.0,2.0
01a1f88327f0c7bcb5c4e603bfb9e41a2f057caf09013ede1760903f6604bffd4cc7a141043f0e06492553cf08bb5aab2c48da1961eda87d6ae98406415ab199,CLEAR,"DARKNESS, LIGHTED ROAD",DRY,DISREGARDING TRAFFIC SIGNALS,2.0,41.5,2.0,2.0
01a1ffc024503cad369d977991962452defb3eba4c6acabf4e88eee875a5da11fe9a62363a0d601af8b4e179c5a044673b0e7211f999ad3fb96902326f94dc51,CLEAR,DAYLIGHT,DRY,IMPROPER OVERTAKING/PASSING,2.0,63.0,2.0,2.0
01a1ffc835b3b0927e4619c03a759b51ff0621c356b9815aaab1635552054b136f05528acd47547227a289acd7d588a449c26742e86993eb8e21f86f9e7ff91f,CLEAR,"DARKNESS, LIGHTED ROAD",DRY,DISREGARDING TRAFFIC SIGNALS,2.0,36.25,4.0,4.0
01a222e44eed866fb19e55530fa9cf091fe54939768869af33a018521822722b967e92584b0cd73bb2266fd522f59bee0081c91627284b1d20fbb4b5d720888c,CLEAR,DAYLIGHT,DRY,EQUIPMENT - VEHICLE CONDITION,2.0,37.5,1.0,1.0
01a22eac9a857e7e972db2bceafd450777bab440d44814a7d45a61fb562860d2836befbe36f246fdcd7b08e96691fd382b924ab4bcbbd9837c692f39aff1bf87,RAIN,DAYLIGHT,WET,EQUIPMENT - VEHICLE CONDITION,2.0,44.5,4.0,4.0
01a23a006b2f4903d41f679de4eb5fa911baf3aa6d7c401664bf4aea0a09d9bdcd543c5552c26b0414e00696de4dc3c74ff8eeaa30772c9ce7a6bf704d9fc221,CLEAR,DAYLIGHT,DRY,DRIVING SKILLS/KNOWLEDGE/EXPERIENCE,2.0,37.5,1.0,1.0
01a253ac7a319c6bdbd8cf63e39cad795b16bd4cc900d30c353c4e58348171ad0467a65831bb8e0605d90e5e9f2e1d3aad2cf3bf0d2fb9774eb65a3d2f2435bc,CLEAR,DAYLIGHT,DRY,FOLLOWING TOO CLOSELY,2.0,48.0,2.0,2.0
01a2bcbf20e6394d1fd57704a4f0ac6e83794d4a113e9a995a135a90b5bc9138357e2b250263651e3184a27ed9a5da38df7bf2da5ec339595486714cbd426395,CLEAR,"DARKNESS, LIGHTED ROAD",DRY,DRIVING ON WRONG SIDE/WRONG WAY,2.0,36.0,2.0,2.0
01a2f8931ec8a2cbb4c184d001dbcd4d7530200128649a75563e1dc1f5eba588b4a7875030d4d20bf813bd62e55720e8a4cf561abc7c28f566d92492153f4bfe,CLEAR,DAYLIGHT,DRY,DISTRACTION - FROM INSIDE VEHICLE,1.0,29.666666666666668,3.0,3.0
01a348ca10b1113a6688a9e0c5223058d1ec8d686223a28d245f397c1de3392cf59cd79d02df3edcb5371f5ebb6679c6a6887e14029ca65fe062d5e14e6b42b8,CLEAR,DAYLIGHT,UNKNOWN,FAILING TO YIELD RIGHT-OF-WAY,2.0,31.0,3.0,3.0
01a349a386c3df01f80e6cecfb6ddc7414724440bc576880fcc2312cd65d09d7dd7d1b8b9f123bc721091f8e2020344adac2d8b5e489792c64e680cc00c84faf,CLEAR,DAYLIGHT,DRY,FAILING TO REDUCE SPEED TO AVOID CRASH,2.0,38.5,2.0,2.0
01a358a613b8ef68456be1d89690d213a58951b821c769ca7652567c6a2a34646102c10fe3e131a75b6f0cf3d29e0abd7720ab5f749c8fd2c67c5f2276e2c0be,RAIN,DARKNESS,WET,FOLLOWING TOO CLOSELY,2.0,32.0,6.0,6.0
01a38ff07ee1a27bdcbf3193779e1e25bcc5749333647d4cfe4ac1ad47c90034ab61079d00486654f26268911aa0d9b4539f6c90b46caa7d5df3f30f7a9e8fc3,CLEAR,DAYLIGHT,DRY,FOLLOWING TOO CLOSELY,3.0,46.5,3.0,3.0
01a393484948ea3e0a35f57b426f1ac4c50b8c178709ee4b8da8387d6e789eb9dd105ca842eab7e5909a3364f14caea14e38a6b0bc74cac8eb09f5856fc5ef2e,CLEAR,DAYLIGHT,DRY,DISREGARDING STOP SIGN,2.0,71.0,3.0,3.0
01a3a4d528487c6289201fcfb7b803bb5447e1fb968da885d7d76eb2eed0b475a14f0d473c562b613bcc3e0bf1742d701668a9c17504e727e7f0c67bb9b7d4b7,CLOUDY/OVERCAST,DAYLIGHT,DRY,FOLLOWING TOO CLOSELY,2.0,37.5,2.0,2.0
01a3d636841bee153244557fc2bc3b96bd07689c70034b9c7bfa4459016d1ea422ceaebfbc2c4513fad69986119f9b71f79d889d1d2b19355ac51cecf2dc6d68,CLEAR,DAYLIGHT,DRY,IMPROPER LANE USAGE,2.0,41.0,1.0,1.0
01a3f41ca475b02d92e05d71b8855e622b55330de072bee15648a24fcef67b6076852602bb052042d4e44f3f93ee6c064d9ba0dcd84a8bf97a0d3b1f95811835,CLEAR,DAYLIGHT,DRY,IMPROPER OVERTAKING/PASSING,2.0,40.5,2.0,2.0
01a411de138da4bf25a2024d8a02e59981c1536df4278d0fd6842f040f2548f77b6ab27ff5f6e415422ba9c9cc57b5232a2ac95c9402c90f8b5848df10ce5376,CLEAR,DAYLIGHT,DRY,IMPROPER LANE USAGE,2.0,47.5,2.0,2.0
01a422caa5bd536153a88c71806173d933101c6f901afa9f0d4695e1ef35fa4baab2311f62f4bb85346138f7b41441cffe68ed16d254c4167bd10aa41e98efca,RAIN,DAYLIGHT,WET,FOLLOWING TOO CLOSELY,2.0,0.0,2.0,2.0
01a49e302561ae1d4f38c409546ad36d37a653290582531bf027f3944e53892f08aa6acc56b120cd5d7196c6f62e87fed0107dbcf2655fba34cb41d599e3acf9,CLEAR,DAYLIGHT,ICE,WEATHER,2.0,48.5,7.0,7.0
01a4b75cbd5ea29336a919d667a0b05557fd328abe0c9cc267a4c054271befb8dd06335f88b326db84ab49108160e0e2a8d1b37ca07ddb9bfd02c48bc7acc754,RAIN,DAYLIGHT,WET,FAILING TO YIELD RIGHT-OF-WAY,2.0,32.0,2.0,2.0
01a4bdfc3a5e7a5376986c87abccb1a274820447c747bc39b5ea8de20d0676dad7ad030637f137f331c38279b42f8a854784145d7805298b106aa06d58ee27f2,CLEAR,DAYLIGHT,DRY,FOLLOWING TOO CLOSELY,2.0,37.5,2.0,2.0
01a4ea8d8327fe99fd97daa06f19b1c8a14e35ec678d998d94f63363896297c2fd76a77f0666d7a92c30622f5477ea1507c461da4f96ec8a861f99dcbc34e180,CLEAR,DAYLIGHT,DRY,FAILING TO YIELD RIGHT-OF-WAY,2.0,29.0,2.0,2.0
01a4f414e53ef97bc9b5d6fc5ae117d0c1f8f8adf2bb4aa3f7b295b7b92530711f271987a45d4fa01b00b4c0eed2bc40bf5cb124857e3dca44cd1d50494c0f33,CLEAR,DAYLIGHT,DRY,FOLLOWING TOO CLOSELY,2.0,30.5,2.0,2.0
01a5015cf05bdb1e40a3dbee18d134f613fb36959a191eb6fc70a63c4c2ee57131729f7294752a5dcc4285a84d47b5d4184d93a3130eec66ec2e3ebf8af9a58f,CLEAR,DAYLIGHT,UNKNOWN,DRIVING SKILLS/KNOWLEDGE/EXPERIENCE,2.0,37.5,1.0,1.0
01a52a7e4dd717225d24048eaebec5b618de06a29da0e3e92389ea660e7d3032ff2cfe14a599a9ec1cdd07999ec6823c9168d1ba1b7621a3991f88333a635b51,RAIN,DAYLIGHT,WET,ROAD ENGINEERING/SURFACE/MARKING DEFECTS,1.0,51.0,1.0,1.0
01a53fbc984a6e68361a0dcb368d77c5b35cc89b56d5bc61c4eccfa780ca67ff7aaefc4f66306ecbae2caa1b239e4d5d812bbc8f05a6935895c3ec1cbe28ddc2,CLEAR,"DARKNESS, LIGHTED ROAD",WET,FAILING TO YIELD RIGHT-OF-WAY,1.0,35.0,2.0,2.0
01a5ab7b9b954add011bea1554f019b8181811f06261e91f2cfa59b8829af7910c8571d621ceeb538363f15e19e6bb91535cee0a1c6749723d95d19ba08b399d,CLEAR,DAYLIGHT,DRY,FAILING TO YIELD RIGHT-OF-WAY,2.0,23.428571428571427,7.0,7.0
01a5bb679be78dd99aaad6dc1772089d293c811c61eef93e85527a001981c4fe91fb286015815cd29782e01efaa91e9c1fd0c2464a7fdd612d984d40c56721e0,CLEAR,"DARKNESS, LIGHTED ROAD",DRY,IMPROPER BACKING,2.0,57.0,2.0,2.0
01a5db2903cac9ab39bc10e83fc08fcb70c915f457a153dbf86b47fa165adee9b795693636f4c4def80d7c0f95b0ca46b9144d306d7b555eb9defc030b94756b,CLEAR,"DARKNESS, LIGHTED ROAD",DRY,IMPROPER BACKING,2.0,31.0,2.0,2.0
01a5ea01b476b0ed888eff68182f3c4ac88dce95d5006aa6866891b9ebdca67ec3e5e31994c7823fc8dd8b1a0b3d24524c7e9c0a562d30f0b4e928693ba5e220,CLEAR,"DARKNESS, LIGHTED ROAD",WET,DRIVING SKILLS/KNOWLEDGE/EXPERIENCE,1.0,33.0,2.0,2.0
01a5ec7dd5c32334bf183974e8031528314f93de8c6667e4b63b5d1fde0d71083e09608a47441cd463f1a1d7fe3afb0d9677f2a249732267f2b0d5729a14c554,CLEAR,"DARKNESS, LIGHTED ROAD",DRY,IMPROPER OVERTAKING/PASSING,2.0,21.666666666666668,3.0,3.0
01a5ff10cb1c6cc75800828251548a4cafcb5655ba7edaac68e4b17a59c4cc463e07223325c80449e142047a039f8d942e1a34f82ec4b4162a90b75e73b8df76,RAIN,DAYLIGHT,WET,FOLLOWING TOO CLOSELY,2.0,64.0,2.0,2.0
01a6042aedfc5acd1110cfeac969621bbf5d8ce0ca63768d27f956a73c9f58e1fc3ad0e0f0f8ed24fa49117c8c33198633052e2f6405378acca1c55aaeb62214,RAIN,DAYLIGHT,WET,FOLLOWING TOO CLOSELY,2.0,51.0,2.0,2.0
01a693a5f5ee46dbb48305869d947484c46d8be43cba4bb4cae589d79a05c491b7c77681d88c15391d31995a0c1c3104b2d261f6e4206f20016131885ffa361d,CLEAR,DAYLIGHT,DRY,FOLLOWING TOO CLOSELY,2.0,31.0,3.0,3.0
01a699a41f4114f94acaf867c8fec32637650f9cda7a182ef244a9399daeaac6a5ae89342f1e1d38a5cc3b791bc1960204a0256f678376a645bd74014d56ff61,RAIN,DAYLIGHT,WET,DISREGARDING TRAFFIC SIGNALS,2.0,12.5,4.0,4.0
01a6ecfddecc00d13605e2e122c1a4136e4dd25ad23f798104c6f87c172f09aa73c0a13fcf2f46bb7fcce598cdaa1e56f76b700226e3b9e1feb1197691f3f764,UNKNOWN,UNKNOWN,UNKNOWN,FAILING TO YIELD RIGHT-OF-WAY,2.0,28.6,5.0,5.0