crash_record_id,weather_condition,lighting_condition,roadway_surface_cond,prim_contributory_cause,total_vehicles,avg_driver_age,total_people,total_injured
01a7200e3910265101e9f79c4ea3a8f0f1263d2833fe336c47aa85b0f489d50ad6e19a1d92c295548de21a2f11467bbe0cf7dc8983d86e450cfea04a604b649c,CLEAR,DAYLIGHT,DRY,FOLLOWING TOO CLOSELY,2.0,50.666666666666664,3.0,3.0
01a74d84191b5bdb7d74adb96ab625b43e6f8c13218c3e2352902426d7b6e8d117f0f2907b883216b07b3ec3d91d265e874c7742bae389afe829653d2a087ecd,CLEAR,DAYLIGHT,DRY,IMPROPER BACKING,2.0,29.5,3.0,3.0
01a75c5bce366e5fe3f730c3d0ab5ce01cb6339f9b5d3f3e9b8ab6d671f692c8f67347844a2510b59f7ea5acaad6561329b033fa3b85831acade2830fd30da35,CLEAR,DAYLIGHT,DRY,IMPROPER OVERTAKING/PASSING,2.0,31.0,2.0,2.0
01a7a1bfe5a47a1906be2cb330a7ca92dd8ae2f6f6fe523cd898835483f5ddb27b96101cf76d47a682d13b809d3e8b63254f135001eb50ecc285caec65055275,CLEAR,DAYLIGHT,DRY,FAILING TO YIELD RIGHT-OF-WAY,2.0,32.5,2.0,2.0
01a7c254671b7cbf773609fb596e0ba31aa01aff9a96502a545753f38e688acd1124c1f8c597db9876cffafed65ea449a9dacfaa4144836783c9197969e83f33,CLEAR,DAYLIGHT,DRY,"VISION OBSCURED (SIGNS, TREE LIMBS, BUILDINGS, ETC.)",1.0,34.0,2.0,2.0
01a7f966436199170c1f1a70b259ff58ebd85d06c146c6dd65bef7cc617f7837823b39ad5aa429b5e9f58629f65b0dffbb66c94e0d3d1109a2d58d9e312d400e,RAIN,"DARKNESS, LIGHTED ROAD",WET,FAILING TO REDUCE SPEED TO AVOID CRASH,4.0,70.0,2.0,2.0
01a80053ab858543bae6aa8a96dc4377a87d5e7ec22986d477ebaea828cf0bbd803399538cea057506dfc25d93fc7499850e7eae1d893c27473055ef8f7bcf37,RAIN,DAYLIGHT,WET,FOLLOWING TOO CLOSELY,2.0,46.5,2.0,2.0
01a803f5d193fec8586a57c9ce1f775d49d24e16d452f43efe51a0804cd0d0e4c460a06f6f435995f6554762ad8f0e203d83426fe4a6f76a2d2beeaf990d265c,CLEAR,DAYLIGHT,DRY,FOLLOWING TOO CLOSELY,2.0,29.8,5.0,5.0
01a84dbb4c41bfd499a5e3ec554c69a00e3e32c1b944bd82aa026d4885344d2a72ca240665e937b03a22c6f35214c8bf0088f7e030ccb6811aab5d63dea98642,SNOW,"DARKNESS, LIGHTED ROAD",SNOW OR SLUSH,PHYSICAL CONDITION OF DRIVER,1.0,41.0,1.0,1.0
01a859b4edb3baf86776337a2f1ed1251c6ac64f3fa06dd18809dd8c756ee3e464c2f008da1d7e43f24fa208747d8249df1856a0a88ef33877171dc3b1286bc0,CLEAR,DAYLIGHT,DRY,UNDER THE INFLUENCE OF ALCOHOL/DRUGS (USE WHEN ARREST IS EFFECTED),1.0,36.0,1.0,1.0
01a86109f9955d37ce56d5827e960f6b0bf3cd8e07de6ac8346929a85cf17bc938dba1bba9cafe6974dbb7da6e8d9e7095441cdfd4f341ae348983f390283f7d,CLEAR,DAYLIGHT,DRY,EQUIPMENT - VEHICLE CONDITION,3.0,43.0,2.0,2.0
01a88bd1fac1058a4997b1c20413a5e4a961ed50806a7ce2adaca86470deb6f84e1b76f34c248ec53d5249d1f6eef21f99373d50beb29a74f31861872f90d433,CLEAR,DAYLIGHT,DRY,FAILING TO REDUCE SPEED TO AVOID CRASH,2.0,35.0,2.0,2.0
01a8d792ff14411ea5a970371a72db864902ce9061dfc9931f35168dc354371fdbee8d56875f3b916178d9ac679066930eabb6f7bb27d88f0f771537245691de,CLEAR,DAYLIGHT,DRY,FAILING TO YIELD RIGHT-OF-WAY,2.0,31.5,3.0,3.0
01a904994212b30f0753f23067bf6de313b6149b2eb8a9b4176be155fd6f38b9d8fbfefd8b9b7ab6941cc98d8627e1d672c536b8c60e9d356e29266ddf3fb88d,CLEAR,DAYLIGHT,DRY,IMPROPER BACKING,2.0,54.0,1.0,1.0
01a9522fa9372b32f74c292b9aab07a3dc84b204175505d2077bea8671b3dbf8b7a12f86b11f98d38e196407db979777f0b4cd8fe837d8db3d88b94a7af0a418,CLEAR,DAYLIGHT,DRY,DISREGARDING TRAFFIC SIGNALS,2.0,33.5,2.0,2.0
01a96105a1d97c388f8d3f82fd74af1982f065ab37f64994efbe240386f73866ed97eb302e982af6708742359a276561d7b536077357559e9a2a6ccc59bc84da,CLEAR,DAYLIGHT,DRY,FAILING TO YIELD RIGHT-OF-WAY,2.0,40.5,2.0,2.0
01a97e0731d3dca652f98fa19792b784d67f366367e8d0df9eaf137d67eb61c99044339cec5b0068b1b62a8801511fb34c8a89f42b9701be37d155956df83d26,CLEAR,"DARKNESS, LIGHTED ROAD",DRY,FAILING TO YIELD RIGHT-OF-WAY,2.0,18.5,6.0,6.0
01a9ec4df6e00845dc35b2b90fe41042f318dc91514dd44d7628bc7d749554c9c84bfd273d7df5ed2cb1949d9fb5c3ca2eea9f8dfa90b2b82aec13b1bcf72890,CLEAR,DAYLIGHT,DRY,IMPROPER LANE USAGE,2.0,50.5,2.0,2.0
01a9f6c400207b76ae41bd62aaab78491bcc0a36e9b2711fb47307df11c97793ceee47a580e1313098b0d942be25388234c294445bb7ac31d8a414ad3a149900,CLEAR,DARKNESS,DRY,FAILING TO YIELD RIGHT-OF-WAY,2.0,21.0,2.0,2.0
01aa15ae4c383f01474d9cd70fe09b78df2fff286d7d5f9807eb5d7540be6ac3ac9e0140300003d4c785207b2965ae7a376dca3a48afd3380a953d216e705902,CLEAR,DAYLIGHT,DRY,IMPROPER OVERTAKING/PASSING,2.0,68.0,2.0,2.0
01aa3298b7e84b2851a36a844fd14354d2dd409df66fdf038b4f04f95f95d8a5490cdb610252fc7b271d2fada692d6a4f4f68ebaeda611073be005d92f12797d,CLEAR,"DARKNESS, LIGHTED ROAD",DRY,IMPROPER OVERTAKING/PASSING,2.0,37.5,2.0,2.0
01aa3fa3e1cbbb9161c5d445013000a2bad9f2e94e4c18de2fd7e588f99b14a6ff50436acc54fd67c3965bf8ee235bdc2b7e4242c329c6ba45461157e9ee9133,CLEAR,DAYLIGHT,WET,FAILING TO YIELD RIGHT-OF-WAY,2.0,59.5,2.0,2.0
01aa46f53fd05c92df857ba4065826337ac075425a0122f9d07d3341669bbb47c5189e8f291ea80c93484b4030a0793dba683c8fc1e2cb32bafb3206c45ec3b1,CLEAR,DAYLIGHT,DRY,DISREGARDING STOP SIGN,2.0,57.0,2.0,2.0
01aa4aa935265dcd4b53f0bd2264b74400bbe6f6634627be9e0b07e96589c35c9c1028f43ebf5e574b805e946f859e9a7e1823429a83ca3733ea31f61a769382,CLEAR,DAYLIGHT,DRY,DISTRACTION - FROM INSIDE VEHICLE,3.0,35.333333333333336,5.0,5.0
01aa60785218469bff5d04b405c0060c02107b6f995b9e84d188bc44986682cad64348a5780a2b383b56b45b54c1b0605396559959e3f1fa54a66db82222f070,CLEAR,DAYLIGHT,DRY,FAILING TO YIELD RIGHT-OF-WAY,2.0,31.5,2.0,2.0
01aa650819ace2590ee7c33fc71a4253c61567bd890824f1e58e3ac1229f961fef5f6723d63a11302796a3eec56aacb878e966b08e1188894027526a0c22b359,CLEAR,"DARKNESS, LIGHTED ROAD",DRY,DISREGARDING TRAFFIC SIGNALS,2.0,30.0,2.0,2.0
01aa7cfec3399d198983a1e648690464ef4f05218de9bbb54a923712c7227db6f99da7ec5c65022a46a502093911f5f6db4417e0ed433ece7ed6726b01fd638c,CLEAR,DAYLIGHT,DRY,FOLLOWING TOO CLOSELY,2.0,37.0,2.0,2.0
01aa8475dc787cc19be71b76460ed2579c32a219a7602f4913208d1a08b3b78560b755e1d4dbda00a83f5183283deccc380d42dc1b5ee02095a48f0302d14399,CLOUDY/OVERCAST,DAYLIGHT,DRY,DISREGARDING TRAFFIC SIGNALS,2.0,50.833333333333336,6.0,6.0
01aaa2aa457fc1356c6f67cd4efbc0c3765625ab16a5c75213c08f23931b3bbdef9cf8a0bdc4bb17cec6ffe3b8079ae159d9dea569b22145b0ab8f96dbd105f8,CLEAR,DARKNESS,DRY,FAILING TO REDUCE SPEED TO AVOID CRASH,2.0,36.0,2.0,2.0
01aaa759c6bbefd0f584226fbd88bdc549de3ed1e46255aa0b5e6dd42a0a320d3ed7e7c9318d192e028cb6c3de7cec6482422061f831f5fce6c58d102b8c30ec,CLOUDY/OVERCAST,DAYLIGHT,DRY,IMPROPER LANE USAGE,2.0,43.0,2.0,2.0
01aadcafad0e023023a9601e4da7b652e8e56f155daecb0bc02d7ffc32794570b6a6dc73a8a8ca7d0a9b5e0e42d7096eb80d9c9ef96a3f2409322db6dc59120e,CLEAR,"DARKNESS, LIGHTED ROAD",DRY,FAILING TO YIELD RIGHT-OF-WAY,3.0,30.5,2.0,2.0
01aaf2519761d3848fb466734a0833f285bee5482447fcf87ce7e6ccb843be7967e763e588280c78430f97039d805b5e030298020210be9d0b4ed7cbf8fcb656,CLEAR,DARKNESS,WET,IMPROPER TURNING/NO SIGNAL,2.0,33.5,2.0,2.0
01ab01242c1787e9e93f5621a024c351bd39d6065e8ab49f5d24c9b8e02c8f371ae5b5af6b88344608cc6767b5c2df7cc271aae025d2040457907ac910b344bc,CLEAR,DAYLIGHT,DRY,DISREGARDING TRAFFIC SIGNALS,2.0,29.0,3.0,3.0
01ab058c08260fa39d430721a6633f7e3c08b4edd5bb999ce0fa25314481ffe42763601a4003d343156ba7ae8165d44f5437c31a2a64298e41cf185a9c4be6da,CLEAR,DAYLIGHT,DRY,FOLLOWING TOO CLOSELY,2.0,30.0,2.0,2.0
01ab10ff40fcd1c684c1af5187ca668775431fcf635cbb501ed985732639b1d85410f25cc90b6490372a50104ffb09c86ee03ef7e1ab7fb283e69b25b4f8fb32,CLEAR,DAYLIGHT,UNKNOWN,IMPROPER TURNING/NO SIGNAL,2.0,26.5,3.0,3.0
01ab26957425e18f7b5d70c1824477a3459400cdc0f1f6e82761c3e72832720b44ee6df0a0f9f301a47fe218e7cc7c6c0b8d8df963b34fa479d1288295455c84,CLEAR,DAYLIGHT,DRY,FOLLOWING TOO CLOSELY,2.0,49.0,2.0,2.0
01ab2f5527d54ca712ad3a2913d1b8bced1d5b0332d1dc2e9d1726a028257748aeb0de71a79863e50ad0a775de23bcd20df8d477fb24a36f2c073469f638cffb,CLEAR,"DARKNESS, LIGHTED ROAD",DRY,FAILING TO YIELD RIGHT-OF-WAY,2.0,27.25,4.0,4.0
01ab6274ac74c4d60b3e909b645b367363bf3d20d552dc50a7b9f0a0c9ffb2d4c0cbf95d02350702f574ca728e1d88d05f7d1c7679ee16cdd0f96292dcc9ce48,CLEAR,DAYLIGHT,DRY,DRIVING ON WRONG SIDE/WRONG WAY,2.0,43.0,2.0,2.0
01ab8ab6b52d473a3b4e3ef453ef6eedb1880c4a7bb700b41d9140da56e84e2167c57c2e695b38ff48d4a15261972bf8258768883e45196359fc7a2fe38ba560,CLEAR,DAYLIGHT,DRY,FOLLOWING TOO CLOSELY,2.0,36.5,4.0,4.0
01ab9291dcb6313d823a54a3edd6ff84787dfa334732f8a10793ad84a46d9e404194b68319fea9f4493b9570bcfa14f25a6483ea78757dc5b50886ac6fedf38f,CLEAR,"DARKNESS, LIGHTED ROAD",DRY,FAILING TO YIELD RIGHT-OF-WAY,2.0,20.5,2.0,2.0
01ab953c509d59efadcbd5da7435bcf9a34eec39743e9dc3be25ce68677860093662a874b8877d8f78c237a4a4d1b860abb92b78f6579f6e04dd0d175f4da5f7,UNKNOWN,UNKNOWN,DRY,IMPROPER LANE USAGE,2.0,37.5,1.0,1.0
01ab9dc647ba662d26bdfb4fc09022bf8d0da1879db8f27f5576da0c7e1d4db66faedb3ae25860f454f4bd6180d0871d36a2a85a0b42ffae853e497000208e6c,SNOW,"DARKNESS, LIGHTED ROAD",SNOW OR SLUSH,FAILING TO REDUCE SPEED TO AVOID CRASH,6.0,52.0,1.0,1.0
01abb08bea84df790be45c319589b57e0926a3c0fc940ae0e71ad510e7a8ea0b799a4a69f5bd9dd3dadc6e7580e3fb45209658aad98a7be891de702e5afbd503,CLEAR,DAYLIGHT,DRY,IMPROPER OVERTAKING/PASSING,2.0,57.5,4.0,4.0
01ac0e5b23174221d40c9404b04d13fa5a110547b6d7a1f6c261008d78a2473b8a497634455656664d03fb53319b2e7a0e6025f0960aba9d7caeb6884184652c,CLEAR,DAYLIGHT,DRY,IMPROPER BACKING,2.0,37.5,2.0,2.0
01ac118126ff63c309b447c2a6db57741f2b8deb15dda788c1cb5cb4f3f5c3d5ca93df55bc46a9a6fc37e3dd881f41d76d0d606f79c976a18febeb11e2bf6d17,CLEAR,DAYLIGHT,DRY,IMPROPER LANE USAGE,2.0,10.0,2.0,2.0
01ac35f53012c45da37680e26c1c5943a9165cb2ab9ceb2a310723972c2f989f117c062dba14b40cf70fc01d4983719f4e6fd50d949d43c66153ca4b87259e08,CLEAR,DAYLIGHT,UNKNOWN,DRIVING SKILLS/KNOWLEDGE/EXPERIENCE,2.0,41.0,3.0,3.0
01ac4b9811b9025ed2acf82b964248601d12df7f3a3b0356f1deb3415d3194e6438cb13873c7b09a9babc4164d85a74d0e388d193b9f2b4154a96938a2ea856f,CLEAR,DUSK,DRY,IMPROPER TURNING/NO SIGNAL,1.0,55.5,2.0,2.0
01ac8abcc158f6037db4400534917af1e7261710cacc94e1629552d1b5b4da670ff7d8b0649559908c7dc69fc092de2284290d05c8c466571a0b770b69daecc9,CLEAR,"DARKNESS, LIGHTED ROAD",DRY,DISREGARDING TRAFFIC SIGNALS,2.0,47.0,2.0,2.0
01ac8c92beea6df34eb88e237307cb46ee92440c279da943c50c9191767473cadab9949182ab6c5189eb8650e091b4296f050253c4d370ead689211b0881523c,CLEAR,DAYLIGHT,DRY,FAILING TO YIELD RIGHT-OF-WAY,3.0,40.0,4.0,4.0
01ac925f7e0c65d53411b98b949e52fb77eecaa3e4863b35166ec4e92cfb14e6488d5335cd8b29f1fceaf44ceda7d2c4e19cd99a6217ff2b89455637a7361410,CLOUDY/OVERCAST,DAYLIGHT,WET,IMPROPER BACKING,2.0,44.0,2.0,2.0
01ac9adfcd62e3b1c286466f812e2926fd955106fafc6166e56adf6519e2ea3dbaaac43978f12d3b265e6815143e0ea338180a217dda930c36951f62a2e5b743,CLEAR,"DARKNESS, LIGHTED ROAD",DRY,DISTRACTION - FROM INSIDE VEHICLE,2.0,40.5,2.0,2.0
01ac9af5b7ae26984ba3edd73c3fe7f1487aee8b4c0026c000a71538c3df665123e608b773883cd849e96f447a467f4b8b8c24eb89542d6707d38451677b673c,CLEAR,DAYLIGHT,DRY,IMPROPER TURNING/NO SIGNAL,2.0,62.0,2.0,2.0
01acaed13f5a3feac02ddda8396eb0ad4f71bcbb3325dbb10cee4fce8460f3dab664942d869e3c00473f5b54294f2a5e80fa6ccda2e3eb9812dccbc95e64e239,CLEAR,DAYLIGHT,DRY,FAILING TO YIELD RIGHT-OF-WAY,1.0,49.0,2.0,2.0
01acccc618f35fabe328eef756268765adb5e66cb379b339d79eece7056df7f40ec8796176bd0a7241b0fdea2a27df5e4a97a384603a30d55f3cea3b28b02b1f,CLEAR,"DARKNESS, LIGHTED ROAD",DRY,"OPERATING VEHICLE IN ERRATIC, RECKLESS, CARELESS, NEGLIGENT OR AGGRESSIVE MANNER",1.0,35.5,2.0,2.0
01accef102f7bf179a7945c05fa44163ef7607480a53c471e86a655f5c1b37f70a46afdcec60dccd4b3809bd8418953d25528812ee29b2ed43eda1e97096a35c,CLEAR,"DARKNESS, LIGHTED ROAD",DRY,FAILING TO REDUCE SPEED TO AVOID CRASH,2.0,28.0,1.0,1.0
01acd70642f028e6fd6b2eaf2b1e96345bad93f16d0bd1c66b39a076443f1b976b6bd78773ce1ca43d95e36bb0b78adadc131a216eaf59e6f534e9edf786e8a2,CLEAR,DAYLIGHT,DRY,FAILING TO YIELD RIGHT-OF-WAY,4.0,52.0,3.0,3.0
01acd8988aba549eb2c2e6a917176038f22008036c3fcbb2c05895cf5a87ade760791b8e735f5a4ea39ffea0378cd6578fa8620f34c275c730960ddc401705a1,CLOUDY/OVERCAST,"DARKNESS, LIGHTED ROAD",WET,WEATHER,1.0,23.0,1.0,1.0
01acfe9cdc86b82bf8a718a6bc02c6500514cd984e00403d9f883d4a700c77996c8bb24e28de03e3dd237c2ebe7f2a8f310596cb5a964723920c9f84fe4afb88,CLEAR,DAYLIGHT,DRY,FOLLOWING TOO CLOSELY,2.0,20.0,2.0,2.0
01ad0d692de43b1e613d6d2eeeb5722cc87d5a97180f9c191bb1495dac357a05e6d12d6b35496e970719a42a047d0b83dc1369133c2c85f65f454c384b594c26,CLEAR,DAYLIGHT,DRY,IMPROPER LANE USAGE,2.0,37.5,2.0,2.0
01ad13ccbee653167defb7f52970070a595778d2f739bcc004ace390a214510ad336f76a28ee71382830064362080090dab3e79d4efc0c467c9b0116241838df,UNKNOWN,UNKNOWN,OTHER,IMPROPER TURNING/NO SIGNAL,2.0,33.5,2.0,2.0
01ad2d2f4f90ca788ef745216da99ea4bd6b3075b87503decb4d58e3d70cec311482a7e324facd1f2fee6238b55b52f0d95abe14e87ac6d02dbcebd13089c05c,CLEAR,DAYLIGHT,DRY,FAILING TO REDUCE SPEED TO AVOID CRASH,2.0,50.0,2.0,2.0
01ad4c0e4dfdaf9653774a893e9e01de81b567233e5a4c0c83d211629bea7b4fcb05538c529b620e7707d36b593e2314b7cd6bab7cac2ebb97827d252a59d891,UNKNOWN,"DARKNESS, LIGHTED ROAD",UNKNOWN,DISTRACTION - FROM INSIDE VEHICLE,2.0,45.0,1.0,1.0
01ad707a2665fbfb1cb6fdbfa28aef724446e0d5de4b96b2226e6600adf7327c75928bae47491f8549f08d3cc2ccee431bc76273f022755a160492f62a98db39,CLEAR,DARKNESS,DRY,FAILING TO YIELD RIGHT-OF-WAY,2.0,37.5,2.0,2.0
01add1b4c5b4cad2bf556ea0167d8c6a1a7e67c8cfde69463615d083398a683b3ec500b2e3851a83f4023c19424cb1cffbc52071f10d681d0d741110c9261620,CLOUDY/OVERCAST,DAYLIGHT,DRY,DRIVING SKILLS/KNOWLEDGE/EXPERIENCE,2.0,38.0,1.0,1.0
01add4db7466d312562436ba20f442f5927c7c847c0fa022bb3d6cdfb832e247dd29eece2644290a8d346fe168698dcd455e796cfe4cb79858a36b63b4949f55,CLEAR,DAYLIGHT,DRY,"VISION OBSCURED (SIGNS, TREE LIMBS, BUILDINGS, ETC.)",2.0,22.0,4.0,4.0
01add7e4188440e4f6ef4679d9bc2678b8fd499ea95b0e64f6de20e088c641ce1473de3971245cc7eab1a3413bab0e25717a60a8175f28f2166eb285ceab4465,CLEAR,DUSK,DRY,DISTRACTION - FROM INSIDE VEHICLE,2.0,52.0,1.0,1.0
01ae0eb163272a0c1a35e0a30cb760f18df46ed68bdbbbf953cd40222fffea2165e209e04b41823c24c06cf223339530cb06943a2e22305efc72a5aa1f503a0a,SNOW,"DARKNESS, LIGHTED ROAD",ICE,WEATHER,1.0,25.0,1.0,1.0
01ae339dac93cb54aadb61fc87a21aa71176bfef504e3bf76771ca8f0098c3129f29753fde1fbc5800e1b7fada0eaf02b2a459bf02cedc0862435a07bb2d1fca,CLEAR,DAYLIGHT,DRY,"OPERATING VEHICLE IN ERRATIC, RECKLESS, CARELESS, NEGLIGENT OR AGGRESSIVE MANNER",1.0,18.0,1.0,1.0
01ae4f182a21dd86c9d20627aa666f8cd3d2821396f07cef6d6ca7a3b863ef69c567ce53aecc696c58c4b5ca7fa5f052d3d107892f675c1a9665da4a9a678cca,CLEAR,DAYLIGHT,DRY,DRIVING SKILLS/KNOWLEDGE/EXPERIENCE,3.0,67.0,1.0,1.0
01ae5100d705a61057cf7e29654a6f7480cb5802f7ec019d7617bd952b6dc278181a2c788df7ac5998a4e2a812ea24aa7dfdc96e3f87500cb015046f6fbd1394,CLEAR,DAYLIGHT,DRY,IMPROPER OVERTAKING/PASSING,2.0,0.0,3.0,3.0
01ae7d0f15e417610974ab8b5d97b65b4fa693d8bc9021def314fcd277c2b17ed222e2e6ab639ab701c89f240439adedb39bdaa4b7d861171875b20f7a48170f,CLEAR,DAYLIGHT,DRY,FOLLOWING TOO CLOSELY,2.0,48.5,2.0,2.0
01ae8a6d25c131c157bf028cec28531885b1dc2dff9dcd245e0d7e1104ba42c2b26b1cd46473dd8a15fa8671fae668eafc52871418fd5e3106d4f4158ca2c719,CLEAR,"DARKNESS, LIGHTED ROAD",UNKNOWN,IMPROPER TURNING/NO SIGNAL,2.0,33.0,2.0,2.0
01aeba09dec97c4a11429faa9d0d4e70ba8009b28fcf1f270e1ace560704af1fba4461761a978df172c9675957c1dc3594dc643a68f4d4d28549b15fb6ea241a,RAIN,DAYLIGHT,WET,FAILING TO YIELD RIGHT-OF-WAY,2.0,25.5,2.0,2.0
01aebf3a60f062c79f2b14d37b0e2e20af16289900c11dccaece6d630f31824cd41db4ad0f04291a90a3060b3378f4401a4bde2a6f816a11ab1a2c92c36f57ce,CLEAR,DAYLIGHT,DRY,FAILING TO YIELD RIGHT-OF-WAY,2.0,37.5,1.0,1.0
01af261e96effe9aa98dc32b1788708741ed973bef347605868342ae5814609e47128bc2cd7d52a370a0fa4d0caa4d90bbafcdb1c131cdc2d4ff2ddef1bdc589,RAIN,DAYLIGHT,WET,DRIVING SKILLS/KNOWLEDGE/EXPERIENCE,2.0,66.5,2.0,2.0
01af2cb038d9be25918d1a396801d539544fa68bf64efd08426ae1eb12dbc75a9c1fe8ed14ab699796af7c953295a6334fab239ae314469932132d8d73aa628c,CLEAR,DAYLIGHT,UNKNOWN,IMPROPER OVERTAKING/PASSING,2.0,37.5,1.0,1.0
01af3df93e609c65d314f429b29e772381e0365a36b4bfbf492aa08f3f665f1e84a982b1b8ab34a611e9524470b4e94608ee74434989c2a77b9b9ebd3b078026,RAIN,DAYLIGHT,WET,EXCEEDING SAFE SPEED FOR CONDITIONS,1.0,15.5,4.0,4.0
01af5368120fcd455c4020adb6db2779bad09ec350dbf925cb5e94f856b63f88e69ca8778fbeccf18d348f7b55b85fc7658417a5d8017f6d5127835c67855a86,CLEAR,DAYLIGHT,DRY,IMPROPER OVERTAKING/PASSING,2.0,53.0,2.0,2.0
01af9351399c718aac4c91aaa7c62573de0420ccd352dae83cd1a37aa45cb525a3a72be5205858bebb35a49e5cbbf24512aa5f620c7fff247b444888393603e8,CLEAR,"DARKNESS, LIGHTED ROAD",DRY,DRIVING SKILLS/KNOWLEDGE/EXPERIENCE,2.0,37.5,1.0,1.0
01afaaf9823a9d13de7a90889eae96724346e2bb953abc26acaeaa99c606ab9cc492a9157e027e5f6b6f52b4336b654708d33b57f1f46ffd85d9d8c978f0b9bf,RAIN,DAYLIGHT,WET,FAILING TO YIELD RIGHT-OF-WAY,2.0,27.0,2.0,2.0
01afab06664cc9dc6ad42199e1690b5a9be2b7377852ef4b05e08c29a70befac6d32eccfd17f37e2ae6ea8145d5eaf51069e09980f205ee14129c454535f171f,CLEAR,DAYLIGHT,DRY,FAILING TO YIELD RIGHT-OF-WAY,2.0,70.5,2.0,2.0
01afb68118481d4d7d4069e8a594ab092f30ec86bc80c2e9445706a2ce9c50c94afd635bcf11df1371da9a4d37fcb92b7cbabb314f563d5ec3fb813627c99fa2,CLEAR,DARKNESS,DRY,FAILING TO REDUCE SPEED TO AVOID CRASH,2.0,21.5,2.0,2.0
01afd5edd0548d4ce351d64df8db01dab598ecb4f13380d10bbb745140cf9aae007c817191b35bebe2a47923e3f606e572bf2530cbbf59cbc8da3e646e33d044,CLOUDY/OVERCAST,DAYLIGHT,WET,FOLLOWING TOO CLOSELY,2.0,32.5,3.0,3.0
01afe08ca9335b077d98289e9d757df526ffb4e2a3ece712501bec6a09978fbd54eaff4180339c1c6fe62e14c1bd170e897bff9cbe1693e7e90b8234aecfc011,CLEAR,DAYLIGHT,DRY,FAILING TO YIELD RIGHT-OF-WAY,2.0,25.0,2.0,2.0
01b001488ecbfa45fbee3b5d419f3d694c454156dd64db18303e3324e0b66e30291eb347d543b9f302f857bbcc3db91eda83aae18b06a0ebcd9d13a90b8a0ab0,CLEAR,DAYLIGHT,UNKNOWN,DRIVING ON WRONG SIDE/WRONG WAY,2.0,37.5,1.0,1.0
01b020ec611d54fb26e50660ebb447223128bb4f7abd37ba46915a067c726e8ec64718bb8e62d8e38acde9e9ef4b05810174a7511c375066633c4b926992ce80,CLEAR,DAWN,DRY,FAILING TO REDUCE SPEED TO AVOID CRASH,2.0,30.0,2.0,2.0
01b031d99d8b8668ab8249920803f9d6cc36d9402d08dfbd86dde39730bcf3a2cb5a012298a2a9a8a5d84714b9359da72c36e3fb011bfec67e2255268291ad76,CLEAR,DAWN,DRY,DRIVING SKILLS/KNOWLEDGE/EXPERIENCE,2.0,49.5,2.0,2.0
01b0412906ca761e4e6c2c6fba14f22894aa37308b4ef03ad5f6320b9ffedbdc2a164e814acd81a90b06322e2306558c06778dbcd88a3f05e2ed300c98f9a531,CLEAR,DAYLIGHT,DRY,FAILING TO YIELD RIGHT-OF-WAY,1.0,32.0,2.0,2.0
01b04d45e2ed3eb86203573910957127304102743acac586058585402f4e75a32e131524c8c80e752600d6b6109221a52c44e0219a6fedc5b77704553e0bf210,CLEAR,DAYLIGHT,DRY,FOLLOWING TOO CLOSELY,2.0,19.666666666666668,3.0,3.0
01b056306a083128576ae0cfca3efc20ddbdd1cbdbbfea2994380d19babb42d3a16cf78be3a2228cf7392789ec3f96d8c6193df2dfcd34e2ff33ab686d09f3d0,CLEAR,DAYLIGHT,DRY,FAILING TO REDUCE SPEED TO AVOID CRASH,2.0,49.0,2.0,2.0
01b05d9f95679dd923fa032d59aa807adbb473b9e29d27cb725a1594b92f6e03b04e1dbf1be7c822d17a7c4590b807648beab360516aabcb913e037669781ef8,CLEAR,DAYLIGHT,DRY,FAILING TO YIELD RIGHT-OF-WAY,2.0,45.5,2.0,2.0
01b079835c282724493802ddaee3fac152190436f79adfc713d5ebf979e57440319b461cb0b4cbd8a5e5da07e2ca31652773da77a87037117a5cfdab30e8bf77,CLEAR,DAYLIGHT,DRY,FAILING TO YIELD RIGHT-OF-WAY,2.0,46.0,4.0,4.0
01b0c2665e61580d96f2e4f8b939b34b0027ca6a8f6189438fcb181c53ec29e6a0ff76e7b6deaec3b5a9e25589f57176c58d80872ef324266ff781c357e8e293,CLEAR,DAYLIGHT,DRY,IMPROPER OVERTAKING/PASSING,2.0,26.5,2.0,2.0
01b12efd43f972aa6b9efdeb4d02778b6e598d68c10b312ec7cc8d9aa7d6f851ab6aa1eec866536fc6de61f8890c114d8c03bd4db9cf71448ec68789f5b2bfc8,CLEAR,DAYLIGHT,DRY,IMPROPER TURNING/NO SIGNAL,2.0,30.0,2.0,2.0
01b16ed8dac91b346a0db3c084308e93d228578dfac384fc1e22dd62a3368faa64f9f68b54b9bed734c4f5ad4f20c0836c2035b809317f13cb29a65fbab875bf,CLEAR,DAYLIGHT,DRY,FOLLOWING TOO CLOSELY,2.0,62.5,2.0,2.0
01b182a61b34ded270fe8f58522f4f866ae1937be4979e83faa417e54eaeb76a6aee994a2d0dd7a1bf9ee6339205bee318087c61425a5acba7a1b0ddc3f7a66a,RAIN,DAYLIGHT,WET,FAILING TO YIELD RIGHT-OF-WAY,2.0,51.0,2.0,2.0