crash_record_id,weather_condition,lighting_condition,roadway_surface_cond,prim_contributory_cause,total_vehicles,avg_driver_age,total_people,total_injured
01b19c286041012718c73210a3a0cddc136c32498a753263d6a932d3adbda2dcc455320107a4ff90814918c4fba80b2e161d572eb60e4ce37b03bd62664e9ea6,CLEAR,DAYLIGHT,DRY,IMPROPER BACKING,2.0,43.0,2.0,2.0
01b19f6e083255c5654ca56f93fd082e03d1645302daea80973e9aea3027e5f6cc37adbdcd124bc4df58ee5c683288cd9ffb8c2c5f8c85a5befc627ef84bbe90,CLEAR,DAYLIGHT,DRY,FAILING TO REDUCE SPEED TO AVOID CRASH,2.0,41.0,2.0,2.0
01b1e30cd8cba15d55434ae2f15f1e6158552f5233ab77136500c41225ea80072fd8014d5ffbf61cddfd3ab8a7fda9ec6ec17f068fbacbe0437206c3bdbb1388,CLEAR,DAYLIGHT,DRY,IMPROPER TURNING/NO SIGNAL,2.0,50.666666666666664,3.0,3.0
01b2178610e64437133d825a56adfa713554ef9c29f60df2806828ed15f525347f732a2fe56f304e0048955f12de1a4a92e766d19e1af2cbdbd874ac8c6baf77,CLEAR,DAWN,WET,DRIVING ON WRONG SIDE/WRONG WAY,2.0,23.0,4.0,4.0
01b2359e571e4a823e6a119c4b2ba279e0e2457fe37f7606505e368b28fd92dfd3e22db89d6d09ba29babf4d69d329f669b490fba56bc7b6ec2bb1e972a5c3e2,CLEAR,DAYLIGHT,DRY,FOLLOWING TOO CLOSELY,3.0,44.666666666666664,3.0,3.0
01b25645bd619f1e7f125c3657aad69e940da3c078c5e25c2f0eec296fc39e5a2e22e7d4977f2d671a5b2afc79591901af79235256609d3a68cdcf39c3b504d4,CLEAR,DAYLIGHT,DRY,IMPROPER BACKING,3.0,34.5,5.0,5.0
01b2593f85a9e5f5ced9df8d3becb08242d2d1989177e98530f75d9bee2f695005c93cecb7f45459b76cdbc8c0e68e169ae98e2ba1a558a66443819b18b72b34,CLEAR,DAYLIGHT,DRY,IMPROPER OVERTAKING/PASSING,2.0,35.0,1.0,1.0
01b28c1df53f494517e40d8532c3374b7c0755936060366aba80257ef3a942a3a8ee9dc1b35641e547e77563a7badd65acfc1f8ebd4348823fc9c7078ef866fd,RAIN,"DARKNESS, LIGHTED ROAD",WET,FAILING TO YIELD RIGHT-OF-WAY,2.0,60.5,2.0,2.0
01b29e6c5afbc2e6c7f31ade297db187c861849d6edbfad1b3a548b916a9946d514aa60cc4c85353f41e8c320135a8376920fbcfc08bb16c0ddcc75fbd5f7c11,CLEAR,DAYLIGHT,DRY,FAILING TO YIELD RIGHT-OF-WAY,3.0,18.0,3.0,3.0
01b2e5ceba683bdaecfa0725f77d620c47b1c7affc0653ad27c7a8c9241ed7163f2ed99145f01a7372cef52f832adc61cdb0739a3ae0f8afa8ec37e8ae267c21,CLEAR,DAYLIGHT,DRY,FAILING TO REDUCE SPEED TO AVOID CRASH,2.0,62.0,1.0,1.0
01b325ee37883f1bbae3e24e599206437265db9e903a562ead8ceea80254c52f15b029f89e7636ff14a7ac4c0a8a212e45e952a0c4c2d0dc8523e62bdea0ac7b,CLOUDY/OVERCAST,DUSK,DRY,"OPERATING VEHICLE IN ERRATIC, RECKLESS, CARELESS, NEGLIGENT OR AGGRESSIVE MANNER",2.0,48.666666666666664,3.0,3.0
01b3762ea3e0ab545e41c42e279b2e9c4895b2c65fdc7259c6cd296f555e27139b86e644427dc32a9239b4c389cd849454c3a1de4305f8c1f0238249612ed59f,SLEET/HAIL,DAYLIGHT,WET,IMPROPER LANE USAGE,2.0,26.0,2.0,2.0
01b3ac7062cfe2b8d22dd2c06c324d919be76a4de94ac8f50dbf434dc6a7bfc2b1e0810657ed4b9aa01777bf04d5a28d5c0a0773491eeb7ae3450b12a96bf5ae,CLEAR,DAYLIGHT,DRY,DRIVING SKILLS/KNOWLEDGE/EXPERIENCE,2.0,37.5,1.0,1.0
01b3b148eadfdbf384d39b2e0838908af96cd15b70122a6eb8900b12fa236b3347ae4122ce285430be66bdc0eae4475863018f7d61743a0b3a56a3a6b8f03ac3,CLEAR,DAYLIGHT,WET,DRIVING SKILLS/KNOWLEDGE/EXPERIENCE,2.0,45.5,2.0,2.0
01b3dd339bd3cd89b8d5904738948c8028465621e1e1cdaf5cda3d02ce0c1a46a14c5075a0e6ea2f44712bf34fc162fc66e81c9f98b6cda0530b81d97b6e3e84,CLEAR,DAYLIGHT,DRY,FOLLOWING TOO CLOSELY,2.0,41.5,2.0,2.0
01b3ed12569fb6d20e44b2e9fe98cf066bc2de2510fa045247338c5d9b2bd1a80ff3e201e81d4ffc869a7fc6313c364444865b5e7a5e22e00af98f8790785f58,UNKNOWN,UNKNOWN,UNKNOWN,DISREGARDING TRAFFIC SIGNALS,3.0,31.5,3.0,3.0
01b4256f9f98399a0e26d7e4c1554d766c7e4995535992340bcc101a1aeea786254a44980f8ac7174d4090040b55e4627527dd29a9e276589a4d316ceee70ddf,CLEAR,DAYLIGHT,DRY,IMPROPER OVERTAKING/PASSING,2.0,37.5,2.0,2.0
01b426accb0522f5de6e880208b8b3d3f6a01db877a1b1ed71311c75f09aae5ee6e1879f15381975f997fc3735ad9395f0846ec0115bd1e17a44bab49f6ef62b,OTHER,DARKNESS,WET,FAILING TO YIELD RIGHT-OF-WAY,2.0,18.666666666666668,4.0,4.0
01b480152d47d809cca5bf20443465e9a76c6ae7a462097ad607c132f7aac5e5ca3a181e232d8f9d31d89a3ecfe2a5340c7e7f0282b6a00e411ef4af16d5b264,CLEAR,"DARKNESS, LIGHTED ROAD",DRY,FOLLOWING TOO CLOSELY,2.0,45.333333333333336,4.0,4.0
01b489c71003a27d84ae5abc7c7107d99490e92e53ed048075b9dba9047cfa17803e3b45a08ccb303f476aa8a5a71492147d4ffc599d5668b2a0352d98466b9c,SNOW,"DARKNESS, LIGHTED ROAD",SNOW OR SLUSH,FOLLOWING TOO CLOSELY,2.0,54.5,2.0,2.0
01b48d99e6b54e825b83a4860b4eba18215cfe088708523c5e0fb8728d60820e043d4c77cca44da5c91e4f8cc1c3883f0caf23fea28697938da2c7f3e5859628,CLEAR,DAYLIGHT,DRY,IMPROPER BACKING,2.0,53.0,1.0,1.0
01b49df3b12633435a763c17510c7f2534b85cce1a6630376b4764d777eb4765125400b59871224692b5f0c0f87ad2814992de69ae834ae6d55e656049297728,RAIN,DAYLIGHT,WET,IMPROPER BACKING,2.0,27.5,2.0,2.0
01b4f85ab9ee8ea0ad2114ee400c692b2e4539f3ff4fed4abd0c1bd7063f3b2355c6173ae4ecb3c2d4546a0bb0fcc16b2b144a23d5c7a33c8a5956cf21390a6b,CLEAR,"DARKNESS, LIGHTED ROAD",DRY,"VISION OBSCURED (SIGNS, TREE LIMBS, BUILDINGS, ETC.)",2.0,51.5,2.0,2.0
01b4f8dd9a72904253a7e23c8d7335fa92c7459d521ea97e958f0971cffeda79078c4ceb76d8e1afd8491a705e26bc5f69e18fcc72b6bbd5d56ffca65e0d275c,CLEAR,DAYLIGHT,DRY,IMPROPER OVERTAKING/PASSING,2.0,56.5,2.0,2.0
01b51e8eba7c6359fdaae0342025b44b5b7dd64b3721843d44341963d35953258dca11f93a0f0dd226cd742910e12caa49efb1651da968440de4abb3471d628f,CLEAR,DAYLIGHT,DRY,FAILING TO YIELD RIGHT-OF-WAY,2.0,60.0,2.0,2.0
01b5e5f127b5ee879c5ed051536c4f0cef8baa7c956889b162a1beb62638566f411687a4499f78abe73cec9d85d19ebdf4cdfff511852206dc29ce3e2150d7ee,CLEAR,DAYLIGHT,DRY,FAILING TO YIELD RIGHT-OF-WAY,2.0,39.0,2.0,2.0
01b603bd438b04cd42885a607a36a53746bf17a5745e2bf4b64ca21c484e543f5797c18e89ad45b773158f10bd8e8b08a2a356291bff5eff09467d10ac68308b,CLEAR,DAYLIGHT,DRY,FAILING TO REDUCE SPEED TO AVOID CRASH,2.0,30.0,3.0,3.0
01b638c5328a8d8a2fe565cecb779cca315ba93e6474480754e1841db65acf72a26ffb5772c293b123b83b0ac3b4d851c4f4cb5fa90629305e267e118d195818,CLEAR,DAWN,DRY,IMPROPER OVERTAKING/PASSING,2.0,29.5,4.0,4.0
01b64283f911d9eb3d255e202512c1c287add428426473a2d2fc3281f5e1c214385b44e42becf0a7f7581c0311d7aca37fdd18536dc2a894418435583c2eefc6,CLEAR,DAYLIGHT,DRY,FAILING TO REDUCE SPEED TO AVOID CRASH,2.0,34.0,1.0,1.0
01b65bbcceb6e54828a5072a3d775c8f7f2cf51992b51c6df4dc23ac4997d704709777495f6a754a2c75c190164ec9791011a182164194d5c9952353a3cc0ccf,RAIN,DARKNESS,WET,WEATHER,1.0,41.0,3.0,3.0
01b66fdd3bf4d63ce78efab4f511c1f637b133b73f1efefa243103a8323e07f1dff850d92a224ce6368d2fd8faded3eb027d1e9e1d867b5e617c37f290eb8e4f,CLEAR,DAYLIGHT,DRY,FAILING TO YIELD RIGHT-OF-WAY,2.0,40.142857142857146,7.0,7.0
01b68764a7547a1c7baae47214898488c8f386a3dcc34422976081550a2f11d1ca13562fe985e5e9d94f1765c4ccc913dd88b73e5ed672d6c6dc8335b5f95b0f,RAIN,DAYLIGHT,WET,IMPROPER TURNING/NO SIGNAL,2.0,37.0,2.0,2.0
01b6a79146e8a488684a05a202d8cbdda2a555cc7126598c8ff174103bcd4772cf68ec8c31cc7b99b34f894a4e2bafd6914016e2197234363b3cc16aaca77b5b,CLEAR,DAYLIGHT,DRY,FOLLOWING TOO CLOSELY,2.0,44.5,2.0,2.0
01b6a9078bd81684ba87a08ce0bd92475b5a262388006fe067925676f33a6b2ee1dd7f322ae839400ab8d50cd7e68aad882b333c2da71780a795e467649d9b00,CLEAR,DAYLIGHT,DRY,IMPROPER TURNING/NO SIGNAL,2.0,26.0,3.0,3.0
01b6cd848d4124b867df6b14de137a3880895f1fe9c4708b908b25621b3436e6641b0b77da7306bf96520236aead531561160858d28f77542ea2896035e923d9,CLEAR,DAYLIGHT,UNKNOWN,IMPROPER BACKING,2.0,53.0,2.0,2.0
01b70b6bf325a0b963ca8b212e3de4debf6c49711d288ff60e72a5ba4539be1d18049e95a5f5df4f22a8a240b321d0d550811fc0b25d3d13754ab8ef7777183f,CLEAR,"DARKNESS, LIGHTED ROAD",DRY,PHYSICAL CONDITION OF DRIVER,1.0,22.0,1.0,1.0
01b71af09a0d11f223de2e759cdadd243024b9c4e8e57b42b1f80534676fad69deae8397873203e319d8956dcafa51da8894eaf8c551766221c5b22f04a6146e,CLEAR,DAYLIGHT,DRY,IMPROPER BACKING,2.0,13.5,2.0,2.0
01b72180956ff91c3b7a45030a3e005a9aa18eef4a4c214d4ecf272957dbaf0ce6c6fe158f0adb90c79d7737132e9d73271a0a47830b9a5a6d339997d5453522,CLOUDY/OVERCAST,DAYLIGHT,DRY,FAILING TO REDUCE SPEED TO AVOID CRASH,2.0,25.0,1.0,1.0
01b72801ccbf683b1d693104df4704e971972a7cccf3700ded605ecdb9d16d53c766774438a82719278dbee6b59a6fe42ad5db2654c164fe1fbfadf91df58ea7,CLEAR,"DARKNESS, LIGHTED ROAD",DRY,FAILING TO YIELD RIGHT-OF-WAY,2.0,37.0,2.0,2.0
01b73121ebf525a8d122af63c7d236ceb2a83d6005f38a6cfc6b7590814bd433ab0a4a5a7e58ee841eac5835c8e385f97d0b2b54a7132d2f3789387ecfe01207,CLEAR,DAWN,DRY,IMPROPER BACKING,2.0,30.0,2.0,2.0
01b73998890fd85d44bf3f5052009f89174ab0611507f027966048f8f5afe6f297398b53c620f981450496e7e409e5394d78db8d71af1e7ca4bdd9ff3d9d8687,CLEAR,DAYLIGHT,DRY,IMPROPER BACKING,2.0,45.0,2.0,2.0
01b73b4a0395a64794db52755b12f85494f8cb67791bfc5e27fb0b042a2739f23ff3190a530fb734c2e62a29a88fde40606c749a86724b1c1921a47ba38a68a4,CLEAR,DAYLIGHT,DRY,IMPROPER OVERTAKING/PASSING,2.0,37.5,1.0,1.0
01b73c3713d8bba61196d7da46e12332f5e362f01d22335314b367fd11abe740cc96329a1da73d3027893ec6d4a9d3bfeafb49f45d71358168165d02f8f3d81e,CLEAR,DAYLIGHT,DRY,"VISION OBSCURED (SIGNS, TREE LIMBS, BUILDINGS, ETC.)",2.0,60.0,1.0,1.0
01b747df2c06fdb0ea7bd01d314b89746db6a21f8a06987e9000d14e9a9f6fdc49582e8f6ff0f162c8726b1f16354bf6ea0f10517f73e75d663d6f5c29351b05,CLEAR,DAYLIGHT,DRY,FAILING TO REDUCE SPEED TO AVOID CRASH,3.0,80.0,3.0,3.0
01b74f68c897dcd3c84cde47f7b73d3c638e2c17af1bd6fe394601db087bff74c2d3d09a4cab9891b4584b20e80d09ce4aa767f20cf64435bb33d749ca22c30a,CLOUDY/OVERCAST,DAYLIGHT,DRY,FAILING TO YIELD RIGHT-OF-WAY,2.0,54.5,2.0,2.0
01b750fa0a39ca49f4de0f143ded8d0ce635ff5470284340a752abf84919e2a4f0303bed6e81ac48d4526a0d9ac9491d4fba1b7602ffd192202998707025f81a,CLEAR,DAWN,DRY,ANIMAL,1.0,23.0,1.0,1.0
01b7560164c36ced9c75b60172a93294ef49d8ac15b067edba2599c9a9e933ccdcce291f733713a8b322db121500259c46a98a9104b2cd2cabe9cea372ecc17e,CLEAR,"DARKNESS, LIGHTED ROAD",DRY,DRIVING SKILLS/KNOWLEDGE/EXPERIENCE,1.0,53.0,1.0,1.0
01b759c4e17635fcb95c88adffe8a8f36f7fcf963b8e6d68e5bdfbfef54f040de6e492a5e671f738a3c0a3620fd6eea7ebce1b76faf52e11265090aeef69d1c1,CLEAR,DAYLIGHT,DRY,FAILING TO REDUCE SPEED TO AVOID CRASH,2.0,38.0,2.0,2.0
01b7af14d7afbb5e5e52e5aedf5515b9929dc1f322dc0a5523bbadbce9b94ce6a12448a7e57a894207de4c233a97cfa76fd9f3f5bfdcca94822ffe0de05f52fd,CLOUDY/OVERCAST,DAYLIGHT,WET,IMPROPER BACKING,1.0,51.0,1.0,1.0
01b7ccd682b7a1f993226b80d1eb4982276be40b15ae831ae0a07cd590664dfa3058a6d7e465739b93735cf103e13fdd54b7e5831734a22a7c2141c3fc80da7c,CLEAR,UNKNOWN,UNKNOWN,DISREGARDING STOP SIGN,2.0,45.5,3.0,3.0
01b7cd07f46a81a62bfc5f2cace0e16623d132e4eeca674c84034c4fcf206fdb53233f6e3d618f1da740393de45a66005cea1c8a55f0f8f1ecd1ea78321a8e40,CLEAR,DAYLIGHT,DRY,FOLLOWING TOO CLOSELY,2.0,37.5,1.0,1.0
01b7da14e311d4870da6381c6cd5c24d3936a8783c747e2c9285134be268d2976816fadf2ba8fc358f84b56ef4464ad2bd4947381a7f54e00fac75fd614d69df,CLEAR,"DARKNESS, LIGHTED ROAD",DRY,IMPROPER BACKING,2.0,44.0,2.0,2.0
01b7fc8f5b4be9d646978c0752eb9a2eba0b6787a0cdff0545e9b1c576c8a0a7da85d0a0717a6e98048e362e54b0758839a2a7593622c4d48c05a5335aa0b93b,RAIN,DAYLIGHT,WET,DISTRACTION - FROM OUTSIDE VEHICLE,2.0,54.0,4.0,4.0
01b80c3647382b86b8a11aa11a7beb06a15bb4f5b9d3826c15ec1affc5d3b262d69f4e9a334c46741fd7d5aa2b065ab73c6c08d75d323516b3dcedb74c4a89e2,RAIN,DAYLIGHT,WET,FOLLOWING TOO CLOSELY,2.0,27.5,2.0,2.0
01b82e358bbb22e846f93654e976c48ce8df44b2c847e45b2838ea2e68f75887fcf3293e98ba9c238415214112eae3831eeece7d49f3fdbd84e38a6727078131,CLEAR,DAYLIGHT,DRY,FAILING TO REDUCE SPEED TO AVOID CRASH,2.0,27.0,2.0,2.0
01b842fdd009ea43d51447ca820ca069fff972925472c54b9ccf254eb212a148685d53b37a423cb65e444c029aa94dac9574c9248b1aabaf840a81e2b7d0d518,CLEAR,"DARKNESS, LIGHTED ROAD",WET,FAILING TO YIELD RIGHT-OF-WAY,2.0,24.0,2.0,2.0
01b84e86835f3d24dd7fbff2f2b22880a37e0358d6db78f540e33a3657945f123d0a847d6d6195d641d2da162447e53377ab11741072c4ac293dfe57dda3f8ac,CLOUDY/OVERCAST,DAYLIGHT,WET,DISREGARDING TRAFFIC SIGNALS,2.0,42.0,3.0,3.0
01b852b45a90ffc7203aac87f0606551c4aa3df2ccca9d10d9ad4744ba707530ce145fc15bd9638604b1cb4bb5a56ec6a4028100ca778fb1f3bafff653202371,CLEAR,"DARKNESS, LIGHTED ROAD",DRY,IMPROPER LANE USAGE,2.0,37.0,2.0,2.0
01b8565930f6781454586bfa23a99ee1904183263808fdc6290d5ab183831c91fb70bdb80c9dc11c010f672d48c71f1f6e41e95f382f72b7a5870589aa813c43,RAIN,DAYLIGHT,WET,FAILING TO YIELD RIGHT-OF-WAY,2.0,26.0,2.0,2.0
01b8668fdf80ebc6441e15e50f4cfd47593a035a639483907357a5431e66322f49724c827615984303df41bff761310eac31afdfe7d16679fc98067d271a109f,UNKNOWN,UNKNOWN,UNKNOWN,FOLLOWING TOO CLOSELY,2.0,34.0,2.0,2.0
01b86ce57c8a4d8ed74837f60e5d59af4b34ca2f760ca1903b7395b0d82e950261a783758b8f00fe23d4667751e77536221f07c7d94393733961d242a8024d13,CLEAR,"DARKNESS, LIGHTED ROAD",DRY,DISREGARDING YIELD SIGN,2.0,25.0,1.0,1.0
01b8ad5e1c3f4f29bb216b17538b09a2f182d6c987f2193f4cb388a944ca8628f911ddfd4beed4fb273fd4fc12ba5cdd37a23ec8228d8fd5c1f1b3b2765854cd,CLEAR,DAYLIGHT,DRY,IMPROPER LANE USAGE,3.0,46.5,4.0,4.0
01b8b651314a22b11ce2105810d4e29794ba102c0a954b9a6f72cef0e8d64db536a5401c695064a1062bb7301f78d4a7ad00a8842604ab2d85fa3ae1d0860c56,CLEAR,"DARKNESS, LIGHTED ROAD",UNKNOWN,FOLLOWING TOO CLOSELY,3.0,50.333333333333336,3.0,3.0
01b8be3b6f55326f0d7a991d8de199c497c4eed15868fc0d639e7bf7ccd1fa0da9aadda55a004e27abe98fc431a235b54d64c33e66abbb7cad895d3b0206e970,CLEAR,DAYLIGHT,DRY,FOLLOWING TOO CLOSELY,2.0,40.5,2.0,2.0
01b8de50992114c0fee66099f15c8f2204fd94e8278848fb0accd12d04734501c2b975f2b4e0ab5da8f7893c9fb334c8a3d7b334407fde169b9a9310ffb907bd,CLEAR,DAYLIGHT,DRY,IMPROPER LANE USAGE,3.0,38.333333333333336,5.0,5.0
01b8edbb3cf1c2c6cef42a62087a0438fc2902b2868c0b9f98c2093b4423092b2c46fcd58391c34bd82db7fdeb8b5ea2184fc0d92fe5896f7fa76c619df5fd72,CLEAR,"DARKNESS, LIGHTED ROAD",DRY,DISREGARDING STOP SIGN,2.0,17.0,2.0,2.0
01b8f46903d5230f47ee91b7112825049ca46fcca806dc7d1868c06f606168a5508ca8087b5c427bd7867d8d460e0e439935629f277c5a118ed6a46811fbfcfc,CLEAR,"DARKNESS, LIGHTED ROAD",DRY,"OPERATING VEHICLE IN ERRATIC, RECKLESS, CARELESS, NEGLIGENT OR AGGRESSIVE MANNER",2.0,37.5,1.0,1.0
01b8ffd125cd2d426b6b299ff679238b5eeec63d9b4c8f32e397bf9a65ac0db022deb54419f0b6757803c96b6997caa8a0ed766b96856e72b34affa2ab2a5c64,CLEAR,DAYLIGHT,DRY,IMPROPER LANE USAGE,2.0,48.666666666666664,3.0,3.0
01b9114744a87c5c28ed070710a568238124da7c663f389941dc48101fac6381a1ce951e486e37c0dd0ef837a1ce390021f489782290b0bae2d2b22389289339,UNKNOWN,"DARKNESS, LIGHTED ROAD",WET,DISREGARDING STOP SIGN,2.0,25.0,2.0,2.0
01b918c153bd71af2f8889bd334cd2500f2a1d01adfaab28f4a132ea47380b7de72cfe920fa21c86eaa218a51c60485ba9a6eb1783f422b82c185369e4e7c64b,CLOUDY/OVERCAST,DAYLIGHT,DRY,DRIVING SKILLS/KNOWLEDGE/EXPERIENCE,1.0,68.0,1.0,1.0
01b93428707b9d96c6985fcac59db48becccf8abf7ef9d0d8807408b2a528836a535d5bd4e06a94db8165d9ff732adce57114e669a93df729b7e6ba49ce3b33d,CLEAR,DAYLIGHT,DRY,FOLLOWING TOO CLOSELY,2.0,30.5,2.0,2.0
01b937a8bab1da7a41731781e4952a1f2ed3d31c8f11c3b9d560ca6fb970198889c844f77c0328503ffa3409b1218ec9cdc7a046aa4684a641c36938270d3a96,CLEAR,"DARKNESS, LIGHTED ROAD",DRY,FAILING TO REDUCE SPEED TO AVOID CRASH,2.0,39.5,3.0,3.0
01b94d6c7c1612064b6cb8c449065d615dace42db4d0db64f008a2b4aa3be0db3013be6afb9f9c28c0fa2fc5f5769b46fa8cab7b8bd2d758c3c33551dadadfb7,CLEAR,DAYLIGHT,DRY,FAILING TO YIELD RIGHT-OF-WAY,2.0,0.0,2.0,2.0
01b95623d5aa140b61e8da7a1f27113c6f8276ed2a9150ff6c7a16e4998e064baf306afa75c7e1ccf4a969d58c83f691b435e092834ab3772fdcd452e93b4159,CLEAR,DAYLIGHT,UNKNOWN,FOLLOWING TOO CLOSELY,2.0,39.5,2.0,2.0
01b95d005f9890d9497dc1e8f8a42d334d83a4e44ef65e90be04a078a56af545c305625e27b2e99fed622db73d44216b1676434c758c0aa9515833e8ab79a3d2,CLEAR,DAYLIGHT,DRY,FAILING TO YIELD RIGHT-OF-WAY,2.0,28.5,2.0,2.0
01b967fe7f516ebd92508783dddd89b36adff1a8e802c778662583940da63b65bde647513be993c59f279a70cf0ca2e4d792ab5dc4cef86c3756bf1f3252bbca,CLEAR,DAYLIGHT,DRY,FAILING TO REDUCE SPEED TO AVOID CRASH,2.0,37.5,1.0,1.0
01b979941dcd69f90601ad1ed1fe2d978bacbf357278474dd34691af2846be132f62dd6616292b81ed53b9cb57f2def2af66bb946b07184859043556c067dce2,CLEAR,DAYLIGHT,DRY,IMPROPER OVERTAKING/PASSING,2.0,36.75,4.0,4.0
01b9815c657dfb48e9bee88a3ae4c7bfdf8b318590fec64f812f6d4349c1e0f1d04f75334a28ac55493d6f86a86581926814f9516b22a4caf08ec47ae6743a69,CLEAR,DAYLIGHT,DRY,FAILING TO YIELD RIGHT-OF-WAY,1.0,61.0,2.0,2.0
01b992ee7b21324765d039b859ee8aca38c4a043dd5fe79048eb38d77f9f6b1f7ee4d24aa7d344cbf995848a673fc953b6a0d34f13d9770b99ee08910f40997b,CLEAR,DAYLIGHT,DRY,FOLLOWING TOO CLOSELY,2.0,44.25,4.0,4.0
01b99fa5310654570c6bb5b5e67e696e6e71aba4496fabe8bd3f785de4ede39453c2e7675aa3cfdda2fab313bfc7cd96a2ccbf6c445c4d9208b59124886a7826,CLEAR,DAYLIGHT,DRY,IMPROPER OVERTAKING/PASSING,2.0,11.0,4.0,4.0
01b9e1aa86d13c3d3efe0b3a7b119010f1d2318ccf0daf1543d72e53d280dfe797a35480d9bbed4584d802340f820a23102cb864064291449be28306c2143081,CLEAR,DAYLIGHT,DRY,IMPROPER BACKING,2.0,37.5,1.0,1.0
01b9ee8d89dbe480c99a47519cb98c174a6c685a48a83ab1bbfb3c332b17129d9b6efca856018775b37a1222127bba197f970954fe162154691b408c67b461e6,CLEAR,DAYLIGHT,DRY,IMPROPER OVERTAKING/PASSING,2.0,44.5,3.0,3.0
01b9f05bbcb580c7a1d257327fe5f48d0aa6070b7d000c08c20e34bfb3b7d15cd8794ba84b8c8768a9e1f44e215b8a98a6e03575b30b30c66485a1473695509e,CLEAR,DAYLIGHT,DRY,FOLLOWING TOO CLOSELY,2.0,24.5,2.0,2.0
01ba09544808cf3d1a8cc25ed7e5d372eebb17968a352ce17d82d525d89073f8e0583953c8f437c5ca44225c664c90e2c3552611b4bcdd2b2054346e98c5ff47,RAIN,DAYLIGHT,WET,FAILING TO REDUCE SPEED TO AVOID CRASH,4.0,34.0,1.0,1.0
01ba1bd74d430967aba127e20875a58cc9a684d904fa098788896f47d6d93169df87670edbd3d0b548151e9473378bda4be86c5b527880ced598d4821b4e90de,CLEAR,DAYLIGHT,DRY,IMPROPER OVERTAKING/PASSING,2.0,37.5,2.0,2.0
01ba511dfa1596830523d6c1ff201bb78ec38871b2fd00336a2a988a1dc825083e1125346530c113203910f40eda53884de0df81057a47392bdbf2ea2a25f180,CLEAR,DAYLIGHT,DRY,"OPERATING VEHICLE IN ERRATIC, RECKLESS, CARELESS, NEGLIGENT OR AGGRESSIVE MANNER",2.0,37.5,1.0,1.0
01ba80adcc5abd3e129525f6109f25841e875884a44b93680b1d55ce487d023bdf45d078b5e07fc083408dd924905bb3f48d76f3c49bb449b345de6ba6fc309e,CLEAR,DAYLIGHT,DRY,DRIVING SKILLS/KNOWLEDGE/EXPERIENCE,2.0,35.0,2.0,2.0
01ba83cf023850c982edb70010c97d045ab5012abcf5a8deb165a92e501d1a121587273cdaf7630df837f4d745b987b92f0da423c8b9e5ab8a77084f36682d92,CLEAR,"DARKNESS, LIGHTED ROAD",DRY,FAILING TO REDUCE SPEED TO AVOID CRASH,3.0,32.75,4.0,4.0
01baf39c68015cd899918495096a3b76c02c973340dd007968cc179a54707346c3feca99f7b9e80e2829ca3cc496e9197c7da0e25f3f53d6966078835aa46dcb,CLEAR,DAYLIGHT,DRY,IMPROPER LANE USAGE,2.0,36.0,2.0,2.0
01bb1a321dbea8e0dfd65a78678df314283fe2af861e5580f4fd190f5df8e1053420d444887bcef10794e11dccb2bc93b529c670e2ec8a1914f1f73aa6289df1,CLEAR,DAYLIGHT,DRY,FOLLOWING TOO CLOSELY,2.0,64.0,2.0,2.0
01bb3cd2e3380ec48c1243337c1a98ea242b7a8643d21441012dc157ef15f86b17829c24ee06a1bd4197d7b747950396b9a46b01c1c8d4b49a2deae1578b5130,CLEAR,"DARKNESS, LIGHTED ROAD",DRY,IMPROPER TURNING/NO SIGNAL,2.0,33.5,3.0,3.0
01bb66c323b4b15917b971752d8661263850d27e839a4f45a731a3b59650de2add506d37ce399c041c6db4efd5d812e0c53dc315c6db42f1cf9dfbc17ed5c5d6,CLEAR,DAYLIGHT,DRY,FAILING TO YIELD RIGHT-OF-WAY,2.0,63.0,2.0,2.0
01bba267e94fd4d8c603afd6d83a504131faf41ade8583387add19e476a1d91fd38f78bcd6b99bfb66a2a7b2c9f4bac45b9b69f6492d5c6bf3c488bd29c5f071,CLEAR,DAYLIGHT,WET,DISREGARDING STOP SIGN,2.0,29.0,3.0,3.0
01bba61c24f590e4bf8e3593d641c0d9afe2d6091f1be65d6960a9ef6846217360a6f3013b49d725913548d5a7ccc4e9e7df0fc36def6e29476f7197825f481d,CLEAR,DAYLIGHT,DRY,FOLLOWING TOO CLOSELY,2.0,77.0,2.0,2.0
01bbaf975161ce47a450e5ceaa35becd5f36a5ad9588397e99eee02801c0059b8812d08b390ecc5274f561fb613d9e30dcc2433968de259e5b37689a81364ef4,CLEAR,DAYLIGHT,DRY,IMPROPER LANE USAGE,2.0,60.0,7.0,7.0
01bbbcec8276d24de6df3038358f36c33985c8b5db63fc1ca618a5139feb585b486cd882868e4d3f03f29d035863dc6d6f63d78e2c3d228ad071d15f0e0b038f,CLEAR,DAYLIGHT,DRY,IMPROPER BACKING,2.0,37.5,2.0,2.0
01bbe01f91b4461a3a0460dec7dac15f26d3568031ed192bf84fe839f6d80569faa9434a49208f487dde25fb34ed97758dcbcb97883278cc9dcdd5d86f4a0039,CLEAR,DAYLIGHT,DRY,FAILING TO YIELD RIGHT-OF-WAY,2.0,29.5,2.0,2.0