crash_record_id,weather_condition,lighting_condition,roadway_surface_cond,prim_contributory_cause,total_vehicles,avg_driver_age,total_people,total_injured
01bc42f844616d19c999bbe5dd60257f79b9dc88f914a86f83e85652624f94fddcf21892729c37faf2101d1a1b9a63f6a5c47d5eb2b8fc7146828281e6c4d36d,CLEAR,DAYLIGHT,DRY,DISREGARDING TRAFFIC SIGNALS,2.0,26.333333333333332,4.0,4.0
01bc60f874f161bec5754e6721b825b3e543f82b9dd8a86671de13584cf2c8f614b1c70099e1dc2751b5daa3d08889446a00862b9b8dcaf9b3ec93cff5ced3cb,CLEAR,DAYLIGHT,DRY,IMPROPER BACKING,2.0,55.5,2.0,2.0
01bc7447dade526f1fb947ff04a4904c37e7f35837daf1faacf152aea45a9f784fc0c7c8ed435b965a0b5536126079a596bd831e51e197006f71f183be5c50ce,RAIN,"DARKNESS, LIGHTED ROAD",WET,DRIVING SKILLS/KNOWLEDGE/EXPERIENCE,2.0,46.0,2.0,2.0
01bc94e989a2ec4d838673741483017f5f27377da723f6c4582ec747645c1c995af86bc2f0e6a4569249538f37067fbe213d4599ef57b80b81aa831e29e7309d,CLEAR,DAYLIGHT,DRY,DRIVING SKILLS/KNOWLEDGE/EXPERIENCE,2.0,37.5,1.0,1.0
01bcb1e81b1caceca2895afb03ca55a74f3e9d769ff968a3a48f50f35d8a07af29a325ff1a2a3c4b6d0d9d1852c5e68e788d1fe873163a5aadbcf21117ea4503,CLEAR,DAYLIGHT,WET,IMPROPER LANE USAGE,2.0,37.0,2.0,2.0
01bcb65fd31d906d26a30f578f45d12079e6d9616679b1a1a978abc37a30e5d2e30931265706462a531cca5c2f7f1b92c867cec980d0561e7185691027fe63c1,CLOUDY/OVERCAST,DAYLIGHT,DRY,DRIVING SKILLS/KNOWLEDGE/EXPERIENCE,2.0,33.5,2.0,2.0
01bcb70e3e140317af78c5e4ab1dec823eec4b0142f1d8602c9cf690ecdf27d1ad52ecf4e27365aa3a2cc8a5ffe14350d182e2f1de2d709775d8b567651a805e,SNOW,"DARKNESS, LIGHTED ROAD",SNOW OR SLUSH,WEATHER,2.0,55.0,2.0,2.0
01bcbfd362543fcb01da523ae93b9778141f7d3194a2625a06ee036134cff4455490d89f6685985d211c02d248051dd75b1d60fe7df2e35f095d07ecef7a57cf,CLEAR,DAYLIGHT,DRY,FAILING TO YIELD RIGHT-OF-WAY,2.0,30.5,2.0,2.0
01bcc541b382da08a9750837d4d323e6e503e433e6b76de3a696828133f07f12fe1ef86c748d1073ad459aa16300d6fdb1d9b21c261b3767b1560a0872f66549,CLEAR,DAYLIGHT,DRY,IMPROPER BACKING,2.0,53.5,2.0,2.0
01bcc7ed8b8c14e338ba44611b0de8969019ad638133a160cdef5d0219b21c63393539f818dee0387f9d5e83412b8a767c87da7b50e6401960584446695234e6,RAIN,DAYLIGHT,WET,FAILING TO YIELD RIGHT-OF-WAY,2.0,37.5,3.0,3.0
01bd3348df119fd86d310287e547ce97c1b6f217632b717e710a1c1d72254722a6ebea4a0ae337915965c3c3d8ccf88b0f5838928faae3bff6ae5b696e9032c0,CLEAR,DAYLIGHT,DRY,FOLLOWING TOO CLOSELY,2.0,56.0,2.0,2.0
01bd47e7418761f3f9cceafaea99ca64a1005aa37b4dd84e1848deecb945606ecfb330baad6973c35afe75147e24f4af53e168ab0553275c4469e42a5d0186d5,CLEAR,"DARKNESS, LIGHTED ROAD",DRY,DISREGARDING TRAFFIC SIGNALS,2.0,33.0,3.0,3.0
01bd6623011ebe560a05c803f5169be21d9e0fb8c060b60a2bb5e633b73e6d18d63a79d3ef1d73693690c25ad7e257e63f23f7278a98f3eb28d4966172024d39,CLEAR,DAYLIGHT,DRY,IMPROPER BACKING,2.0,41.0,2.0,2.0
01bdd4f606a5aa5fcf73cc154ffe16f2974d2946a810c22b824dbd1551b1b95daa33c06a16addf37e6bfaa3e2373432e3b05bc38e7ae40145789c50bbf83e1cb,CLEAR,DAYLIGHT,DRY,FOLLOWING TOO CLOSELY,2.0,37.5,2.0,2.0
01bddf4e37e4345e1bfca93f888009589b5ffe0651f0965e0cf7a2277b7a57ce60dffc1146f669da3c7fa1ca047bea38a026b681ba16edf06ac45bb7612bcba4,CLEAR,DAYLIGHT,DRY,IMPROPER TURNING/NO SIGNAL,2.0,51.0,3.0,3.0
01bdeeaec278ce0782a18b86e882d75fcea402b3fba72a510489ebe8ad8d6031d9bb2f2ce630075670ee8515b66312ff740b6204197f56c16952f429b6421c7a,CLEAR,DAYLIGHT,DRY,IMPROPER LANE USAGE,3.0,26.0,1.0,1.0
01bdf8f1f493c0e97293f63624739a5dcef49616f83132567492cdef5e4f6fc6c2ba2ac39d08640526f813c8cb51ef4b53af0359521ad8997f8de2d953a81952,CLEAR,DAYLIGHT,DRY,PHYSICAL CONDITION OF DRIVER,3.0,32.0,1.0,1.0
01be0f2c16e47b95ca92285f04b97df216acb1d299b03264a258ea8e887d4aa982d3f8d608b19e3b1c6dad86d443dae3d6029e1a20e40d2c7df014907806cdf2,CLEAR,DAYLIGHT,DRY,IMPROPER BACKING,2.0,48.5,2.0,2.0
01be395296c03463d0cda2a346eeeb6e5a56ae2163101a4a36aba016ee6179e4fe41e3da4395e8deda546dbccf2e92040f3e51becb71d3e2ea282bca6e143ae2,CLEAR,DAYLIGHT,DRY,IMPROPER TURNING/NO SIGNAL,2.0,43.0,2.0,2.0
01be3b613555af83b5cec249b8b938b46ea43505461715d43e91ace466cd83c8d515cfb159ecda4fd4bfb160c5624b68e1aa137b476e384248bd65487e082871,CLEAR,"DARKNESS, LIGHTED ROAD",DRY,IMPROPER BACKING,2.0,33.0,1.0,1.0
01be59cada97a76fca21099d3ce688bae2c19d52f91252d347e21f98a453c2b14b57def1f265afc7ad2921552865a45ea62078ec864d0e603e38fcacc6bc364a,RAIN,DAYLIGHT,WET,IMPROPER LANE USAGE,2.0,38.0,2.0,2.0
01be6eb066a630582e323ec98266465cbb644450d69581d3f1961be31771446712bb681e6cc247dfe0314efebe5145cc223291c2e62e7e9c7ac07a883f66c532,RAIN,DAYLIGHT,WET,"OPERATING VEHICLE IN ERRATIC, RECKLESS, CARELESS, NEGLIGENT OR AGGRESSIVE MANNER",1.0,52.0,2.0,2.0
01be75f2dceffcf44b6d254682d4ca5353ceee1fb1a94dd94927a0f42058456624a251dda781579f7fad8c44999cfd0fee5ae5cfb6156cb153a954605399841c,CLEAR,DAYLIGHT,DRY,IMPROPER OVERTAKING/PASSING,2.0,34.0,2.0,2.0
01be8bb1ff750231ab706d17d57220544512ff769ee56f1de86c5edc1801db234ce2232a69c2c41b7a7784fe9f1e515f09eafce3f36eca86b7bd528501c7760d,CLEAR,DAYLIGHT,DRY,FAILING TO YIELD RIGHT-OF-WAY,2.0,49.5,3.0,3.0
01bea11669fc120d622a753d7e29737faea9241ba89539479da13391203041548ba79ddf65897b46d46e05c6cb3db4e85d800f488e3c3e153ab4120739d4f39b,CLEAR,DARKNESS,DRY,FAILING TO YIELD RIGHT-OF-WAY,3.0,43.0,3.0,3.0
01beabbbbc426d776394826417475adb16eafd6a62d3a3a4029e9757d4947ccead5a038cf90d07ee423b9893efca8dac8ace5a81393a8e6e9744f2676dcd1420,CLEAR,DAYLIGHT,DRY,FOLLOWING TOO CLOSELY,2.0,54.0,2.0,2.0
01bebe9c11697f6b47c1a4cba56abb8e48547cc41dd82be721aeaf103cfae2f655cab4d5da0cf371496db8e4f71a46cdf57b3bf3b90edf20f0cf0d9300dd4f6e,CLEAR,DARKNESS,DRY,FOLLOWING TOO CLOSELY,2.0,31.0,2.0,2.0
01bebfc0233790acacf94549a466ced4cc3ad3070a4bb1d9752e6bfe68c83614b8bffa999293fbcf2b3943ea3e6c7c9939718925ad989f300931c2a732b3c7c7,CLEAR,DAYLIGHT,DRY,DRIVING SKILLS/KNOWLEDGE/EXPERIENCE,2.0,26.666666666666668,3.0,3.0
01bed1a4e6ba03999b9295eaaaa43e46924ce8ad6a8c3acd28fe3583f2506577619b51af6b36a9447dd2deb16f516fb9aa0c40b6b9e39c24be6e01929a07d0ee,CLEAR,"DARKNESS, LIGHTED ROAD",DRY,FAILING TO YIELD RIGHT-OF-WAY,2.0,30.0,3.0,3.0
01bee5ebbfe36dfb7e873312bb3cb732827e696cff37037211884b10e300a6992b580b8497c917cab7878f78c48ce4f364c06e3363bda0fc0dddf6a0403b0acb,CLEAR,DAYLIGHT,DRY,FAILING TO REDUCE SPEED TO AVOID CRASH,1.0,20.5,2.0,2.0
01bf19904c455497608b829fa07bbe01c7e323a350d7bccd0d7a3ecc77d986205404ca0d8d4a2c50250b615a5a658ec8ba9d7a5b1f86d2675cfd83a7803ddd9f,CLEAR,"DARKNESS, LIGHTED ROAD",DRY,IMPROPER OVERTAKING/PASSING,2.0,64.0,4.0,4.0
01bf1cafe155b5c57d02edcc78657e5024888486f3ca44be0bf8c190195d38f19977bcf6a3d5b6b111298087eb71b919e580495b266598902796418d96721ddc,CLEAR,DUSK,DRY,FOLLOWING TOO CLOSELY,2.0,27.0,2.0,2.0
01bf699ba9cb0e2b1105b6a711ca51bb279a6df4cacb4e52f2ec83e04743f4206d97145c515b0ca962142c5acdffdd4cd81a7134bb90ad4466e05b5d21081415,CLEAR,DAYLIGHT,UNKNOWN,IMPROPER OVERTAKING/PASSING,2.0,39.0,2.0,2.0
01bf8e7bac5c732b01ca7a9eac7504e7c1d2915c3a8e32de1a7e6c33f090635d29b24db656782646ecbe765c2b71a510711947ef2e7ed5032223d1c059fa39fd,CLEAR,DAYLIGHT,UNKNOWN,DRIVING ON WRONG SIDE/WRONG WAY,2.0,25.0,2.0,2.0
01bfa17953c683bff5ec1cee642212d5b018ffc62c9c4a9f86833688c8e7e8acdbe813140c140097d219ca9945deb8310a6916b71e9a9246ee84fafa3ac6cfec,CLEAR,DAYLIGHT,DRY,IMPROPER TURNING/NO SIGNAL,2.0,21.75,4.0,4.0
01bfafa40f58b16d0c343ff1ee6d777764024850d2fc45647cb820a8c0c8c867409616cda20b9e76778873327c934d1a22921312c3c23d70f15011f495fe99e1,RAIN,DAYLIGHT,WET,FAILING TO YIELD RIGHT-OF-WAY,2.0,38.0,2.0,2.0
01bfbc7d8e5a900bb1baaef9d62ee3ab0f5bb3d1237a10dc2b225d475ef7a5faf41ed9dce89ef045a9c5b84c7868ef6b84f32964919907bd95442bc92815fde1,CLEAR,DAYLIGHT,DRY,FAILING TO YIELD RIGHT-OF-WAY,2.0,27.5,2.0,2.0
01bfc6c2ca90c260b6f3a5e2e4ff3e1a95aff2cd694618fd172212fb00d2d9f3de3ba632b32289145674221275052184e7a129534249e498db6b9e5a89d06da8,CLEAR,DAYLIGHT,DRY,FOLLOWING TOO CLOSELY,2.0,55.0,2.0,2.0
01bfe0c3fdd3ee4947c571c970ea8b3432cd29b489f4d7a3893c4ad72793d1e50fcd9521903f8aa26a62868ebc494237ab2ccccbd875cc508a68bce1083a8d59,CLEAR,DAYLIGHT,DRY,PHYSICAL CONDITION OF DRIVER,1.0,50.0,1.0,1.0
01bffc2a68bc7a781ac1c732adeda105eb1d336e471dbc0ce03ca2373dfec525f2bb53a72919ad488be19c79c25ccf86dc44816f6b3875b1f2238e818733982b,CLEAR,DAYLIGHT,DRY,"EVASIVE ACTION DUE TO ANIMAL, OBJECT, NONMOTORIST",2.0,29.5,2.0,2.0
01c0158f751e19de44c5727d2d948234ea5e6647070948fff11a0338fd43f4ef14f3b4cf1cb151b18965f98318b438141da8a441226b8df02adc9d724f7b13ad,CLEAR,DAYLIGHT,DRY,IMPROPER LANE USAGE,2.0,48.0,2.0,2.0
01c0221c131cc4f0929bac6e591b9e7b4aade0921d2801e61be286db5633889b343ce2572b2370e5de05d57a5dfe2fa209f97a3b3aad7cc66aac7bb7a69b7102,CLEAR,DAYLIGHT,DRY,FAILING TO YIELD RIGHT-OF-WAY,2.0,62.5,4.0,4.0
01c0231bc4c19115899963844bd26aaf6212b981dea0e51d7f0bcd3c88a521ee47f99bd7e5fad09fe703c78f032b6edbc680c7b5c998aaaa4ea5246510a73982,SNOW,"DARKNESS, LIGHTED ROAD",SNOW OR SLUSH,FOLLOWING TOO CLOSELY,2.0,54.0,2.0,2.0
01c02d8a6b6c7db6061c864d2bae5f61974493b18a040e1049045bc99a7347b2d326bb54dea8e9eae2e44a4a38182fa4a8807f1181db5a1ff4f8211b90cdfa4a,CLEAR,DAYLIGHT,DRY,DISREGARDING TRAFFIC SIGNALS,2.0,32.0,3.0,3.0
01c051b2572dfa2e4ad101df68b6057a4795056c80acd37f856755d0b44e675c99509cf71ec1fecdfa5c8ca4cb8a1172279502adc08dd8fecd4003beb232e81d,CLEAR,"DARKNESS, LIGHTED ROAD",DRY,IMPROPER OVERTAKING/PASSING,2.0,42.6,5.0,5.0
01c071238372a498d27dc104c35904b8d632d8583fde0e8b78425e490f0933cc09ad4c1dab796dfcb07da2783cfff89d76b0cc5ff9cea650303ba007c8c1a196,RAIN,"DARKNESS, LIGHTED ROAD",WET,FAILING TO YIELD RIGHT-OF-WAY,2.0,28.5,4.0,4.0
01c0ac29e5db5a78f24c5adb46cb128326d7fd64ad0bb25d9f81b32166dc0072f5729d61517dd974b9e4adee7f894f2315a97ab5847e2bb4d10268f9127bd686,CLEAR,DAYLIGHT,DRY,IMPROPER BACKING,1.0,23.0,1.0,1.0
01c0b2865e2cd36dce207a9292e88a40689b4d7a60794d431b4c03e6e8205e4b3f3a7d3bf250f6a73a88aa3e44de67f76dee2e259980e4d7eb29eac4518ad9b7,CLEAR,DAYLIGHT,DRY,FAILING TO REDUCE SPEED TO AVOID CRASH,2.0,26.0,3.0,3.0
01c0d8e99b5cfceef0d30dea74c98fbbb3313d04750dea0a7822f36ff3a246b5b90eaeceaf9d83fe82556b42d1a25765ed0df965aaa2e19a51f500c168a54d5f,CLEAR,"DARKNESS, LIGHTED ROAD",DRY,FAILING TO YIELD RIGHT-OF-WAY,2.0,26.5,2.0,2.0
01c0ddb663ca23108168df3874faa377031d71e1a0722e014773b98f396cc55b0b9093dc06369004a56791a4593b0af779f87da92763f209ad24e31a4cb5afa6,RAIN,DAYLIGHT,WET,DISREGARDING STOP SIGN,3.0,32.25,4.0,4.0
01c11178408695ce40aadaad0a878461c55a07f8ce43d1ac2bcc3173cee5c32162b27e2a4f5c520f2901b9e29f246caefaedeb1d711e17e3e631c049eca152bf,CLEAR,DAYLIGHT,DRY,DISTRACTION - FROM OUTSIDE VEHICLE,1.0,34.0,2.0,2.0
01c1122395d2c22b4bb1dc887e630dff64fd097ea9c95a200d2da3eb3aceea6a439426d5e75da9c03a545856a771fbcf9f1b662e94062f4ca28dfb8b7738cf15,CLEAR,DAYLIGHT,DRY,IMPROPER BACKING,2.0,40.0,4.0,4.0
01c117c14fe690d1e1fbcfe4868ef1e631541e0dfc12ec396f6c8aa103f685481c91c4653a5b7fccf81f6fc187c5381c27589f3a7a18b56d241fa7f49046ae80,RAIN,DAYLIGHT,WET,DRIVING SKILLS/KNOWLEDGE/EXPERIENCE,2.0,34.0,1.0,1.0
01c12fc9440856fd4678db84e2ffa065ed49a9ef5ce622f38e27d974e3e739f09d91b365f0725b26071aabff6be9dcff25a1b7a2a7a36ccf0c7ca3e8519c325d,CLEAR,DAYLIGHT,DRY,FAILING TO YIELD RIGHT-OF-WAY,2.0,33.5,2.0,2.0
01c138165819f4a1f3387896815d922372fea0e56cb5fc29dd349665ce871c354507c81759a27ab7d83c57e676199e5885e0426020b6771d3e95c32042ffa91a,CLEAR,DAYLIGHT,DRY,DISREGARDING TRAFFIC SIGNALS,2.0,36.0,2.0,2.0
01c148d6e2b311a41ead9af9e56f65f444f4d02ad6b74ad787839dfc8152d34e4bc43d61b218e166c79bd6ad0fc07048fd98d333a97dfb3f78e6c14132f23223,CLEAR,DAYLIGHT,DRY,FOLLOWING TOO CLOSELY,2.0,53.5,2.0,2.0
01c1b4e3ec7cabebcffbf596608d2704e47340f79908a06e23ad7d90ce417d2e7b849318107eee99b655cca23e82f149cb879bed270bf144e2d9171d1379bfb1,CLEAR,DAYLIGHT,DRY,IMPROPER LANE USAGE,2.0,44.0,2.0,2.0
01c1bb4321e8ea45a75a194ec7e8dfad0a17d5617570447d91d7802f974f99a96edd7369ccb047c9665497268f01675805c07738e9ba468dc9ad9abc2bcb9700,SNOW,"DARKNESS, LIGHTED ROAD",SNOW OR SLUSH,WEATHER,2.0,42.5,2.0,2.0
01c200fd93d9303bc330617a430e5685eb70d91edb27d6cc96fe6b25fcbc5c17d635ee20b7e3fe1585d7ad24c875db3e0496ddad95e354044c72c28cb30b61f5,RAIN,DAYLIGHT,WET,DISREGARDING STOP SIGN,2.0,38.0,2.0,2.0
01c2349c3397ed4f014e987a4189c7ccb41b3543dcabafee94acc7be1678db38e4e34c8bf268900d4235b2b596b754fda448c242cd18d30ac5477be4a4871636,RAIN,"DARKNESS, LIGHTED ROAD",WET,WEATHER,3.0,26.0,1.0,1.0
01c2ea2a6b650d595865e2121b70a65b85c31a55bb31da0dcd6a2477c999f4d32f031e6af3a523db609e39d82f8666e4ab6a7a27d56fa5b22852e1524b4db8fa,CLEAR,DAYLIGHT,DRY,IMPROPER LANE USAGE,2.0,41.0,2.0,2.0
01c2f2371ec7cea1d9ce8f88a8883272b86d62409213bccb907e4be5e892767100691b03e82126d1137712517dfffbc5748e635acaf39d1b242af8902404ac2f,CLOUDY/OVERCAST,DAYLIGHT,DRY,FOLLOWING TOO CLOSELY,2.0,28.5,5.0,5.0
01c301f2f3a98962f4314d994e551ea4a7a7b17ed48b800f4f4eea3f43db6f33d3a486c4f6491e6a37bfbb37c5e544396e954f878ea26c04ec716ff77fef9faa,CLEAR,DAYLIGHT,DRY,DISREGARDING TRAFFIC SIGNALS,2.0,66.33333333333333,3.0,3.0
01c31639d38f1b4a089c93a85a57794826b3dc8363170d0d938ea5185024b98dcd476eedb3c64af28c83422cf02b3bf91b9d5b5ab23971099cd8730ee79a8acc,CLEAR,DAYLIGHT,DRY,FOLLOWING TOO CLOSELY,2.0,57.0,2.0,2.0
01c33343ee034e8ef8786a753ec795997268e8daf0ce2d1f4bdca30118a5d7a9a6c18598f3c2d03a3747ebb7e6fa96d5a37d96015ee2e0ba5663d3cedaaf3805,CLEAR,DAYLIGHT,DRY,PASSING STOPPED SCHOOL BUS,2.0,49.333333333333336,5.0,5.0
01c3433f57bf245c49cea0028685d6513347a36184e0338034e0ac67172be439d1fc741e83f36ff178cf9b9b38f86e4235f74374de356887ac04c3a792079985,CLEAR,DAYLIGHT,DRY,FAILING TO YIELD RIGHT-OF-WAY,2.0,45.0,2.0,2.0
01c37512e0b66694dfce03ad7036f5300afa31c856f52776744d979be7d55e57a452e67f6f8b3d669bb8806651e6ccb409035110d505ef1baa3184126373384c,CLEAR,DAYLIGHT,DRY,FAILING TO YIELD RIGHT-OF-WAY,2.0,23.0,3.0,3.0
01c3967d5b44a6a23486afe0b21737ba98c8054abee35b5a631edc170960e6d5f67f470941d19ccbb5ca06a7f7cce7d8f00189ed3c824b3816c76b836238f736,CLEAR,DAYLIGHT,DRY,FAILING TO REDUCE SPEED TO AVOID CRASH,3.0,20.0,1.0,1.0
01c398e29037b9c9a5aba5ec74221f0d968d0bdafdfc0b39c1727371f28daae3e4bcad9c26e6712e4e5384c45db4d02b8dd52bf86911c95e8c358f479e71902a,CLEAR,DUSK,DRY,FOLLOWING TOO CLOSELY,2.0,46.5,2.0,2.0
01c39b8efa51c4b46473738a6cb92244dd99cb74fee99d53b67feecb90c8ee324832b9509588520e3b6306393f980eebed5f07eff087428fe522dd5b01bc0004,CLEAR,DAYLIGHT,DRY,FAILING TO REDUCE SPEED TO AVOID CRASH,2.0,30.0,2.0,2.0
01c3b23f6c81dc91f44e048fbfce43d2a7bc0344b0260f7df1682e305203c405d7ac03289891b01bf6ba7cc6fe2610fea53f19bb89d1f2622e4aa7d7c369ad93,RAIN,DAYLIGHT,WET,FAILING TO YIELD RIGHT-OF-WAY,2.0,60.0,2.0,2.0
01c3b59ee14ae8e534341a73af747ecbd0366447f75678041f86a8d7a70a1861c90d39492d9eb0aea98880b6a79e65d8b7cdabb3e9d614a94c98f385f496a572,CLEAR,DARKNESS,WET,IMPROPER BACKING,2.0,57.0,1.0,1.0
01c3c60b20595fc2f72026875c8039f69fee8f68b32e0e3f9f27e9c5880c89541a78fc4605a2f0adb9bf1c2af32dd26ebcfa800da3b8da1571b106f1e5f9c265,CLEAR,DAYLIGHT,DRY,IMPROPER OVERTAKING/PASSING,2.0,26.75,4.0,4.0
01c3d5a9fa0fee6ccff765117c741c24a50b61e633d8dd4c10d30af56a3731faa2d61cad717a840bd9237e7b804824726dc4b8738e9dfa8be9cf819201ee9f9b,CLEAR,"DARKNESS, LIGHTED ROAD",DRY,IMPROPER BACKING,2.0,36.0,2.0,2.0
01c3e21c11f7f7cd8a35e2091a9e629a761f47fe6885c63f23fe6a783778094bad3c59484071de1bd9cb6a6d63fb5c9635a8a8ceb1bd3d345ef5ce313cc1256d,CLEAR,DAYLIGHT,DRY,FAILING TO REDUCE SPEED TO AVOID CRASH,2.0,39.0,2.0,2.0
01c42205089bc2b5b4cbb64c06a328874590d66ade1ad006889f3b50a683b98bd272201941159cde24e1ffd100b11a5db1a13edc6d64d3c56175a8f36ea6a13c,CLEAR,DAYLIGHT,DRY,DISTRACTION - FROM INSIDE VEHICLE,2.0,34.0,2.0,2.0
01c45bb58a159bf3e7eabcad075c8f39eae6b2696b61ecf10c5c44889332617be0c59f1c3275105c457b004ac076ea09e29990f0d49fa4a558ce9122cc7446ad,CLEAR,"DARKNESS, LIGHTED ROAD",UNKNOWN,IMPROPER BACKING,2.0,35.0,5.0,5.0
01c46888b4846a9952b28df127501713b2975ab6ffab76428905a6e30a98c2f7d27bbaed16773f1ff972e27d1fc05949f7806b17dc19b091b7ea2fa97ffff1a2,CLEAR,"DARKNESS, LIGHTED ROAD",DRY,IMPROPER BACKING,2.0,28.0,1.0,1.0
01c4a4a380c5f71e85938cb227386b212eadefc900b27f4ba61789173be048878bcde775be32a28701a724e6cd8dcd6226b988b4254ae7684c079ff662dd74fc,CLEAR,DAYLIGHT,DRY,EQUIPMENT - VEHICLE CONDITION,1.0,21.5,4.0,4.0
01c4c15c9612617d7327c15b5a057247417c0286d937925eddccea404c8452c22df6600b6bfccd03207485419d285c94f4dd3191ae401c34d3b6b53771d6cfbc,CLOUDY/OVERCAST,DAYLIGHT,DRY,IMPROPER TURNING/NO SIGNAL,2.0,35.0,2.0,2.0
01c4c8398149f5be6f12df339a91974358cd2aebaff237b8b7e9f32550fb5025d2dce834ae7d9606b9f22b1dcc4c70564b9b5a29e7305c1b1adc45943ebb2426,CLEAR,DAYLIGHT,DRY,FAILING TO YIELD RIGHT-OF-WAY,1.0,55.5,3.0,3.0
01c4cc9d3d045ba030d9a354058dacc5c7eb58ce2e0e2b0d3653db03bea7d87282d2c1d37ab70ad243711baf032bd1f8e2633f02ed63e6a31beba787b404271b,CLEAR,DAYLIGHT,DRY,FAILING TO YIELD RIGHT-OF-WAY,1.0,32.5,2.0,2.0
01c4edb9d9686610e8d5fab00d633f1218e33d80ac6a6f7c11e416e2bebb49dd75fc4fe76bd8a7f5ec36218bd2b8864c66191bcd235a6a1d8b01950ca643fefa,CLEAR,"DARKNESS, LIGHTED ROAD",DRY,IMPROPER TURNING/NO SIGNAL,2.0,61.5,2.0,2.0
01c4f62d8f9c2c46e423b3261b0097dd3b23428a233f1c43cdeca1f48c0c904730db2d5c0d852fedc19fb73fa41e105d29a4f968134acd4d17c94ef4df02c5eb,CLEAR,DAYLIGHT,DRY,IMPROPER LANE USAGE,2.0,38.0,2.0,2.0
01c503d5633657244bec10e1c0e52bc99f96f642494a199e63942f9f04c345b48659fc258c6a604607bf56bdc65565b8a8c94d80c64a9e8735fb38bfdcf6fee3,CLEAR,"DARKNESS, LIGHTED ROAD",DRY,UNDER THE INFLUENCE OF ALCOHOL/DRUGS (USE WHEN ARREST IS EFFECTED),2.0,60.0,1.0,1.0
01c5050065d0b96f571e3112ede34a242fdaa5745d23f8b2a7ed012bf04295b585748330f3a45af76cf172d1ef996227a86a0bb0105477b17d7240b2e6f3a9dd,CLEAR,DAYLIGHT,DRY,FAILING TO YIELD RIGHT-OF-WAY,2.0,28.5,2.0,2.0
01c526d351fa3f8306d2965f3fa69213f0bc840508809f01fd58860636386285d3b6040e03c6520784a83b5b67a2b5c77d216b2f3f6ad781afa4aa78e734116a,CLEAR,"DARKNESS, LIGHTED ROAD",DRY,DISTRACTION - FROM INSIDE VEHICLE,2.0,60.0,1.0,1.0
01c532cdb726913c9ccdca25e252f00046aa467a794baa5fe42486b657a760fc2e1e1f92fafa46b2d9a39207ed168e46935e0ffb7f8fbc82c22970b323e83c4f,CLEAR,DARKNESS,DRY,IMPROPER BACKING,2.0,42.0,1.0,1.0
01c5773eaf651c56502fb5f63f7f8354d52156a4c137bc5734dd017f912d25f4c23f9713e45ced3a1a568d2b625f271e599e3c2f92422b72d17fca12d09483d2,RAIN,"DARKNESS, LIGHTED ROAD",WET,DRIVING SKILLS/KNOWLEDGE/EXPERIENCE,2.0,67.0,2.0,2.0
01c59c6f5c3011e27bbe4fde283678487ff98dede08846aba31c27c424209b6dd8eac1a92e870b91fabdb0e9ec9df410de9f27d5051ff6d8492108cc7eff105c,CLEAR,DAYLIGHT,DRY,FAILING TO YIELD RIGHT-OF-WAY,2.0,48.0,2.0,2.0
01c5bd8464b11ba2d15eb58c206861f489d09858319fbcb3b591d36cb17675b37a3b5b30af76b9e125d861798e8bbad0b4abc1fa9dd5f150bcd02bef30b9b590,CLEAR,DAYLIGHT,DRY,FOLLOWING TOO CLOSELY,2.0,47.5,2.0,2.0
01c5ea8b4f7bf25168c93f2f29a878c524be9db5732deb926fabf424beedafdfa5253dd85b71e2f2152612d6c8050f676c557050c15fcb3fcf8956658e117ef6,CLEAR,DAYLIGHT,DRY,DISREGARDING TRAFFIC SIGNALS,3.0,36.0,4.0,4.0
01c63109a7444d948e10032ec1f1bf49c9175964b8bb6da0501d0a63db5554367efafc1b0c90daced9ecb4677004599690a76ac80ff6d6d7281947630057f1a6,CLEAR,DAYLIGHT,DRY,FAILING TO REDUCE SPEED TO AVOID CRASH,2.0,39.333333333333336,3.0,3.0
01c66ab8977e4df8f2c5921c920179ce75fcc82e66cad5245fd45dcf2fd4159c07bec28faadee02c3665360989022a6df1426b4dcf552fc0bcb243c8f49b4740,CLEAR,DAYLIGHT,DRY,FAILING TO YIELD RIGHT-OF-WAY,2.0,30.0,2.0,2.0
01c69764f8cc0ceb6d4bf17bde1561bc9e31f144b0d74527396128f951da45591fb401cb5e7e888cd35d7fc742b235df7b9da54f94be72034421fbcd31b02951,CLEAR,"DARKNESS, LIGHTED ROAD",DRY,DRIVING SKILLS/KNOWLEDGE/EXPERIENCE,1.0,19.0,1.0,1.0
01c6a5db0050084d86df56a1f275eb5a9d660d4500ee3391e16d8312c6264b8baf3a382f776385c3e82acef12ade217f3548e9022c82406ccb2ad0e8edbddf0e,CLEAR,DAYLIGHT,DRY,IMPROPER BACKING,2.0,37.5,2.0,2.0
01c6ac1b4f522107c638d8ebbaa385a8ef93fcfaccb8e9536b09159d663e91565182b54643722daf06952010f046853adc8245b12fff7181d146099a2e82b15c,RAIN,DAYLIGHT,WET,IMPROPER BACKING,2.0,17.5,5.0,5.0
01c6b1a6ddde59718e2cd2c96de647e65d4acb20bbbae7fc9832a1c1065baa890665e84bbab1d268b9b60b0a86ce607d79fbfbbd8c174c3684423cde6ab71b5a,CLEAR,DAYLIGHT,DRY,IMPROPER OVERTAKING/PASSING,2.0,27.666666666666668,3.0,3.0