crash_record_id,weather_condition,lighting_condition,roadway_surface_cond,prim_contributory_cause,total_vehicles,avg_driver_age,total_people,total_injured
01c6ceee65244309eef3d9b329ba2fb30606d68ef7c548269b34c3dfd3d6bcd21c64a6b16314501118a0eadfa123bb721f8ba774fce0a65880a89060ab534396,RAIN,"DARKNESS, LIGHTED ROAD",WET,FAILING TO REDUCE SPEED TO AVOID CRASH,2.0,17.0,2.0,2.0
01c6f862cb79ea27d04b709900bca5c2ca1c510c8578a934a956926654543dcb797e5703acb34be89969f16a2aa929d0ff27edd18ad50bd9ba1bcab63ff296a5,OTHER,"DARKNESS, LIGHTED ROAD",WET,EQUIPMENT - VEHICLE CONDITION,1.0,18.0,4.0,4.0
01c70d31a339da38dbece38b8d7ad574b343d9a76d87389b0b318b205608cdeec363ce7abb1d4d3319202cfd1896b44ef353730d18e88afef18919b56b431db7,CLEAR,DAYLIGHT,DRY,"OPERATING VEHICLE IN ERRATIC, RECKLESS, CARELESS, NEGLIGENT OR AGGRESSIVE MANNER",2.0,37.5,1.0,1.0
01c71b43304e6c2b84234e9b07bab1ffd4f080748f01bc5a6561901da2b37dc92fe4b22bd33f60195d130442dbbf260c1c581fabedfea4389cde7f62b5f041ba,CLEAR,"DARKNESS, LIGHTED ROAD",DRY,FOLLOWING TOO CLOSELY,2.0,51.0,2.0,2.0
01c740c2fe8c4f0d6f5087d39465822a661c34759793ea393b1cf2a4d942aac2b97e6b43a18562c799c3c7dd9f9b2a58568795358c30392aed3b86057dc1f33a,CLEAR,"DARKNESS, LIGHTED ROAD",DRY,DISREGARDING TRAFFIC SIGNALS,2.0,24.0,5.0,5.0
01c75ba9c16497e3d3fd425706710fb708c7df9796b11d3fb09c7b76b364f10c5a66ebe47ec646d85b146938d3a3b3f3aef868ac80c69c102bfb8fb167020db3,CLEAR,"DARKNESS, LIGHTED ROAD",DRY,IMPROPER OVERTAKING/PASSING,2.0,32.0,2.0,2.0
01c7917ca4a42face908e2c0948e893c79c2ccbd9a3f2b80106e8ccc32e7de2f59bd735dff1f42f20e2f1d2d4784047594e80f28860fdd939d9fc0acacab6839,CLEAR,DAYLIGHT,DRY,FOLLOWING TOO CLOSELY,2.0,43.0,2.0,2.0
01c79c98b597e7a910606380ed9215ed009f0bdcec852231ee0eb7235df2e54d78170221094a811caf31c98805bb074e961086d9246d9554defa612c7b818238,CLEAR,"DARKNESS, LIGHTED ROAD",UNKNOWN,DISREGARDING TRAFFIC SIGNALS,2.0,30.0,2.0,2.0
01c7b27c640324cdc9826d9e50a386a2c4375b8c329cc5dc3151b254eef2d7e39cb0b215d453125b547f48bb4538dc82f982a460228aa0cd060e72f934d38bab,RAIN,UNKNOWN,WET,FOLLOWING TOO CLOSELY,2.0,21.75,4.0,4.0
01c7bcdbb5dc2318b1f7f9979b8e79b197b7ef1b0166dada72a64090a24e7a2a3fe613d82aae9d2ffe4e3cd366bd853a2d7758380288b33a940185c37e6f4985,CLEAR,DAYLIGHT,DRY,PHYSICAL CONDITION OF DRIVER,4.0,32.0,1.0,1.0
01c7d179928d8c1ee82bbfe4035c8e57d9c104367935258157a23e736719870c3174604db399cce0189eecda8a4e03a3935b1222e6d0cc4bf32c61bbd0d05f2d,CLEAR,"DARKNESS, LIGHTED ROAD",DRY,IMPROPER OVERTAKING/PASSING,2.0,27.0,2.0,2.0
01c7db1461d8c99b21f886db813f3dde158205b47b21e46f3e78b440ed113de0c78758d2af468f3d27d977ea56874653dbb6f1b6b30c7331d79f7861cdc9236b,CLEAR,DAYLIGHT,DRY,DRIVING ON WRONG SIDE/WRONG WAY,2.0,35.0,2.0,2.0
01c7f54ec35c587b6cb3d18765d9ee35029e4e10fc63f31393d0bfe3b591f457ed6712f81a0d328a593863a5a825018c23775bbd19872fc9173fbf7e41bb4bfa,SNOW,DAYLIGHT,SNOW OR SLUSH,FOLLOWING TOO CLOSELY,2.0,31.5,2.0,2.0
01c81708f7821d52fa5518294739efc15ad9b4a69fc1c1d5fcb0acba87c95b9ee1f305889035603a7c949a62785789127902c28f5f43462d041a8393cc2ba456,UNKNOWN,DAYLIGHT,UNKNOWN,ROAD ENGINEERING/SURFACE/MARKING DEFECTS,1.0,41.0,1.0,1.0
01c81a52f01c1918eaf167d6de474ebae848053bb64e26ab9297cec753b812a934e1f7408507d3baaae9136d502e11e696fb9980f8483781f427c229ced99142,CLEAR,DAYLIGHT,DRY,FOLLOWING TOO CLOSELY,2.0,43.5,2.0,2.0
01c84c6cb889c4a80edfb14f508253072e091fade8a51769f441245bedec653ef81b39eb35c13eb4e5e7e7b3b8bc99d0fe69d72e7330a97d5c0874adee14e872,CLEAR,DAYLIGHT,DRY,DISREGARDING STOP SIGN,3.0,38.0,3.0,3.0
01c85cfa56df56f83eb8fb5bc09acb76c5937e51bbe6fd178043cbb03b6e4005dfdb8650dbcf2208d0c6b800c3680d24f127ae3ff10a7600917a4e370813efd9,RAIN,DAWN,WET,WEATHER,2.0,62.0,2.0,2.0
01c870af5fe693f3508c58f97505641a7a9196b74414817e97a4669750eefc22fa2bafd0296f18a1a3ae9f88e51d7868642aedd4814d65f4713389bdf57af73e,CLOUDY/OVERCAST,DAYLIGHT,DRY,EQUIPMENT - VEHICLE CONDITION,1.0,17.0,1.0,1.0
01c87ac4769d75f522d4efbee81073afe8f6f079fa98fa4f1a5c08097fc99d2639d103ff07514ccdbe385b3414753a42079b373cff271e2eec33a720ec3abaf0,CLEAR,DAYLIGHT,DRY,EQUIPMENT - VEHICLE CONDITION,2.0,36.0,1.0,1.0
01c8bc58cefb55b8bf64ac5679efff5048cd454ed150fe6a91c57d5f3c2e965aaf065697057c02f0889dcf5fc908d5a050983f19a4b8d7a9678b7f7cf3745dba,CLEAR,"DARKNESS, LIGHTED ROAD",DRY,EXCEEDING AUTHORIZED SPEED LIMIT,1.0,37.5,1.0,1.0
01c8c094a385a3da69c234f345efc7eead45f35a5024071975cd47e6c856702bf61c2f75378a4c9012341f020c8f011c731477385d5ca5191201c01b5755fb89,CLEAR,"DARKNESS, LIGHTED ROAD",DRY,FOLLOWING TOO CLOSELY,2.0,39.5,2.0,2.0
01c8d4934a214884c9ebfedf914600ad33311ba34a149f158df44fde29a70021ab1de672a3f93df8f352a41a1b377002a697504109c97891ddb88a1b0f0e1b81,SNOW,DAYLIGHT,SNOW OR SLUSH,WEATHER,1.0,46.0,1.0,1.0
01c8d5354f2c662b365d260775f39d1a55170535e967ddec5e125c5e352e005bb5439a87e429a1a695339b66a14ff27b60dc4c5d51d8e7ddd34522f5a1a43cc8,SNOW,DAYLIGHT,WET,IMPROPER OVERTAKING/PASSING,2.0,40.0,6.0,6.0
01c9007f9b1727321ad5872251ce27e1a4dfdf13b0e655c03cc0247a5724660af818de40cb8219e7e942e407cf258808d2c3381f070a85fff85abd3450a1f8be,SNOW,DARKNESS,WET,FAILING TO YIELD RIGHT-OF-WAY,2.0,25.5,2.0,2.0
01c906f180a922ad31758e084d95a9b89d3507d63d92a1834820a6cd1ff8d0583e5a3f0a904fb5874f8427b3c8b67dc182f3c67f43d809ca263590b64d64933e,CLEAR,DAYLIGHT,UNKNOWN,FOLLOWING TOO CLOSELY,1.0,25.0,1.0,1.0
01c9673382436c1617d52ed682a88267dff33bbac5b0a56d684da29756ade73f468e0dd4532c482ee59f7673b802677b0c7a7878ba87ca4244511068e1c74e1b,CLEAR,"DARKNESS, LIGHTED ROAD",DRY,FOLLOWING TOO CLOSELY,2.0,46.0,3.0,3.0
01c98667ca52fe47129dc29cedc837800d4d03ca57b6b8991b18a076885de42086ebc90285be0c64f312cd91328b593bfc3dfab632796b6f227181d0a1447172,CLEAR,DAYLIGHT,DRY,DRIVING SKILLS/KNOWLEDGE/EXPERIENCE,2.0,40.5,2.0,2.0
01c9e2e657a23458a3e06d41fda298e28dba8e1a18e2e64a15065e72fb69a0816f7fbe6d5859564eacc80f3518d1de89152456dba3ebc564b69c12f374d6f05c,CLEAR,DAYLIGHT,DRY,DISREGARDING STOP SIGN,2.0,42.0,2.0,2.0
01c9e599ce864093b48e6df063f58e0cfe959b267ce304a865de050de6e90b6328311bcd7c3992cc3841e2991d5e2aded9874015c23d6baabb615bbfe63c459e,CLEAR,DAYLIGHT,DRY,FAILING TO YIELD RIGHT-OF-WAY,1.0,37.5,1.0,1.0
01ca0ca84f10fbf7f90a5aa27970433383a0a87d55ad7028bbf77055e3a6887f0f5cd9b6ef9653762dc3997de072dda3464f00fa1e602775175b29e04c7fba91,CLEAR,DAYLIGHT,DRY,FAILING TO YIELD RIGHT-OF-WAY,2.0,37.0,2.0,2.0
01ca15352d7b3c110f2fe96202cf206c2b068ff164338fa86ff5a814151332c8b4f650392037d04db2a5b521a2fb3053007ee8dbdb3684d98f086081d74bb0f3,CLEAR,DAYLIGHT,DRY,IMPROPER BACKING,2.0,37.5,1.0,1.0
01ca3e289d41aafcbf384d3139c8bbf323ffc9548bbb0ddcab3b0a05b2b78ad223e270e21f49550cd97dbb7a8838e4a91bac726bbc2e47cd73c459060f8c9a7e,CLOUDY/OVERCAST,DAYLIGHT,DRY,DRIVING ON WRONG SIDE/WRONG WAY,2.0,55.5,3.0,3.0
01ca6bb19ae06e81ea4ba82b4cd67cc6018076c16226fdd8aa4600dcafadf8a1fda30d177f9861ac2f00f0a814f221c5203ec3c22e1be7ddb096179407a91db0,CLOUDY/OVERCAST,"DARKNESS, LIGHTED ROAD",DRY,FAILING TO YIELD RIGHT-OF-WAY,2.0,37.5,1.0,1.0
01ca7837b1fe2eb0ab46fbc7653bf04369bb9f3405dfd5625b455a2d6e3a6f44f130fe938f290b7ab947cff0e5f6f776cde2fe8e80c0bfb41b16554e7e9e810d,CLEAR,DAYLIGHT,DRY,IMPROPER LANE USAGE,2.0,32.5,2.0,2.0
01ca9354204b398b4edfb7a1888b462c3506f72ea37b3339a9e4dcf186af839e96746d386ccb06132c8b00e4d7b54c1d8fdcf7ab0a6ee12d074b0c7362be89f3,CLEAR,"DARKNESS, LIGHTED ROAD",DRY,FAILING TO YIELD RIGHT-OF-WAY,2.0,25.0,2.0,2.0
01caba3a955f34b2f82607f4fbad823636abb2a94046d5f23f44dc727f81a27cd439324d4d8a578c00a594d7688942fa78f5dc14b62de24ed786b94188265593,CLEAR,DAYLIGHT,DRY,IMPROPER OVERTAKING/PASSING,2.0,56.333333333333336,3.0,3.0
01cacd157331b77d6c722a114ce8379124122f241c37d74ab4457fb15a3e40a192819652528c9fa105bcb26296bf7764f68a626366cc59e104e1fdacff730bee,CLEAR,DAYLIGHT,UNKNOWN,DRIVING SKILLS/KNOWLEDGE/EXPERIENCE,2.0,21.5,2.0,2.0
01cb48598c0ce1f5acf5ec8c7e8333f252bbeadcfa4fdd6d4d6487e3fde5b08098faca488fcc7f21c95623ad1cdfe3f3620c7ca62f25fe8764cc429faee29f0a,CLEAR,"DARKNESS, LIGHTED ROAD",DRY,FAILING TO YIELD RIGHT-OF-WAY,2.0,31.0,2.0,2.0
01cb4bc039501653942146b02736c6802f0b994d6a6f749f60ac2912d25b79e7e8d545093a5e335801bdbcb064758e12f96d707a0e18abceedfa24cedb753977,CLEAR,"DARKNESS, LIGHTED ROAD",DRY,IMPROPER BACKING,2.0,22.0,2.0,2.0
01cb5f86a85a5a333c133ca514468bc82fac13d4f362bd22ba2bca14c3a374267709d2b0a47af08a137f69205fe2589306ecdd6615ed4d9078bc815b9533a258,CLEAR,DAYLIGHT,DRY,FOLLOWING TOO CLOSELY,3.0,30.0,3.0,3.0
01cb91de2f2ee5191528beb7119c45f6da86acc3c41475743efe4529d08c84afee166e56caeb5734fcf720f8384d94e08aea69fba2882c9b0e857e0c204efe84,CLEAR,DAYLIGHT,DRY,PHYSICAL CONDITION OF DRIVER,2.0,32.0,2.0,2.0
01cbaf72afe1a5892c9488ac66f7c4fd96225f7f6950e89d75198648d752f590c7e65f056b4e32933acb732d43f51f9d1c27826b3356f1b4e2901a0f877687e8,CLEAR,DAYLIGHT,DRY,DISREGARDING STOP SIGN,2.0,27.0,4.0,4.0
01cc025b38a170e150a4ca466914c3f2a6fc634301a1c10d650cc6548771121a75fe7ad59881abe50de768c99e5c2c77b524d26c4687cf606879d6ab863b5b9a,CLEAR,"DARKNESS, LIGHTED ROAD",DRY,IMPROPER BACKING,2.0,37.5,1.0,1.0
01cc9f82055e81de458a93160c3314306242745135fffd9c26367b6af2440bd2c4f5d177ef808d35ca149b4c36e41824715eb4f68b775d15e3dc3f74f2350303,CLEAR,DAYLIGHT,DRY,IMPROPER TURNING/NO SIGNAL,2.0,59.5,2.0,2.0
01ccceb776e37026bd697e39a0c20d3612f43d2a9c9839495bf7c302018f12fb567824de4e382534fb7ee74162f3f89724305ab2fdf90a4380adc55f7aa92cf2,RAIN,DAYLIGHT,WET,FAILING TO YIELD RIGHT-OF-WAY,2.0,53.0,2.0,2.0
01ccd9832f2a15e9540f4362f58bb4785afa7dbad96da56d25915910b196954ad814c50361999a669b30490f2a4cf2fa681c8a5bd31248052d70dc1a49d3fd44,CLEAR,DAYLIGHT,DRY,FAILING TO YIELD RIGHT-OF-WAY,2.0,52.5,2.0,2.0
01cce41f8a67ddc515eb231afb26ef52b4c111c3587b106dc2a7f7fe1a08cbafd54541b0dd6f7745da554c67005d1b3b9301dba70c9cf7020c374b077533937f,CLEAR,DAYLIGHT,DRY,FOLLOWING TOO CLOSELY,2.0,54.0,2.0,2.0
01ccecda849f8c64ed4609bfbefec8630e3cff3d9573dd6cd2b95167246890a175569b1869146cb6e6f1f277eb22d1103dd3b45223e51bb6d55eb5d502a4bf5b,CLEAR,DAYLIGHT,DRY,IMPROPER OVERTAKING/PASSING,2.0,36.5,2.0,2.0
01ccf22946289af1631067beba353230a05982cfb32c0907d4915ec7a0924021cb8ee5f22ea33edc69d8bfefc48203407f6a2cf2e06d4722f883c9351b1caba3,CLEAR,DAYLIGHT,DRY,IMPROPER OVERTAKING/PASSING,2.0,47.5,2.0,2.0
01cd158dbc213efb1cb3e2c82259fd813de575bd400d848a09dee1fdb23c392f9ec18ae1d8b95297bd37276dd0e19f95881793149bd014a285b6ea5dfa728155,SNOW,DAYLIGHT,WET,FAILING TO YIELD RIGHT-OF-WAY,2.0,37.5,3.0,3.0
01cd2a7163acc8fa82b990018f60167bdf722787e196dc9327ea679c4d7df6da52b0c05cab106e963dc5b6feb3e08fd08b7bcd73e610daa577d588dbd92e7b92,CLEAR,DAYLIGHT,DRY,IMPROPER TURNING/NO SIGNAL,2.0,59.0,4.0,4.0
01cd390be2bc300f8fe177243d1c898d1a1b20d5e358ea0148bdcfb14d73dbcb31f452b3b1f849588818d96979dfd81e68225c8cafb79e991670ca049bbf5564,CLEAR,"DARKNESS, LIGHTED ROAD",DRY,IMPROPER OVERTAKING/PASSING,2.0,37.5,1.0,1.0
01cd4369ae425ef9b5c9b85caf505120320a53ae58a36cfb179eaeca5039867ce2cc3625fc1b46ec9e55ad633f4d1389a2dfd3b3342c31ddc111df7d330681ed,CLEAR,DAYLIGHT,DRY,FOLLOWING TOO CLOSELY,2.0,46.0,2.0,2.0
01cd685a4779ac398ace1efcd0766b2521f26e60f650d5ec6a3b33cfa5db1470c1d6946a2ec35f2cebe0c06a22578805947b26f5ebfa4af15e8fbe20f2f642df,CLEAR,DAYLIGHT,DRY,IMPROPER TURNING/NO SIGNAL,2.0,25.0,3.0,3.0
01cd6dfeccae5e2c9b4f9529607e52d07d72b60a879dfba61b81c192985502c47937b36b1412f02d88247c055c6135704dc34750cda846be1144b32f105856d8,RAIN,"DARKNESS, LIGHTED ROAD",WET,UNDER THE INFLUENCE OF ALCOHOL/DRUGS (USE WHEN ARREST IS EFFECTED),3.0,58.0,1.0,1.0
01cdcfb404376805298ccf4f160feacc796e4f110163d2d97e773f2c7d41c429425783156b2ecf2fdc058ae086ae327c01608c6bf7c394f4eeb897933a88eb99,UNKNOWN,DAYLIGHT,WET,FAILING TO YIELD RIGHT-OF-WAY,2.0,47.0,2.0,2.0
01cdd0af8505d14141dfa7df9af279463a89312e1bae016d467f3778d59a88228b07255b4bb991ef9279b3e16c2e853e0f8b74cbbbc2167c79efc603becbb345,CLEAR,DAYLIGHT,DRY,FOLLOWING TOO CLOSELY,2.0,35.0,1.0,1.0
01cdd655b7bdf4980055e9269e3cdfd00a8c7daac47ce4d79e6f8bc5f6e2e2bde36dcca26b8309ca0fb5165356866e6101219a7267239d668fcfb8c43c3d38ac,CLEAR,DAYLIGHT,DRY,"OPERATING VEHICLE IN ERRATIC, RECKLESS, CARELESS, NEGLIGENT OR AGGRESSIVE MANNER",2.0,21.25,4.0,4.0
01cdeb2cac63a81465e17e4c47c6d0b285385f4db2491c5d25c4e86ee93e029becba02ff21f02fa3d52d1d9fe4e2991445b42ae2081fc1d2a5936e4764c8ba81,CLEAR,DAYLIGHT,DRY,FAILING TO YIELD RIGHT-OF-WAY,2.0,50.0,2.0,2.0
01ce0bc51d7a424c20608927b398c4ff71d7bea07fc445e071d1b5ae34a38ac126004970b248c276e3dfb80af32789f42c2fd19213fd8989fd9f446b68298a6f,CLEAR,"DARKNESS, LIGHTED ROAD",DRY,DISREGARDING TRAFFIC SIGNALS,2.0,39.0,3.0,3.0
01ce79eba50f49bb2e1bfa9f126bb1a6501d7fd2ad1272ad1269ed9562612192e43f4a8412f1e91ae8f9fdde9bc3ac52298350869f32d236a2de40e51e692ae4,CLOUDY/OVERCAST,DAYLIGHT,WET,FAILING TO YIELD RIGHT-OF-WAY,2.0,28.0,2.0,2.0
01ce80817cb92fad34402e90c9b66ebfc47007a33af72cfa0f5e84364d8271c61591d761959a5ce1e3ebbfd4b1f8d60aa6d7d7831f155543153c57dcb9aa81ac,CLEAR,DAYLIGHT,DRY,FAILING TO REDUCE SPEED TO AVOID CRASH,3.0,27.0,3.0,3.0
01ceaeb133c27adbea3066962db50da47498eeddba66dd80acbcc850651f06ec7b10fde696a094f9d775f6d96328a0c70f0c4c463958329fc359c0c5aa232d0f,CLEAR,DAYLIGHT,DRY,"OPERATING VEHICLE IN ERRATIC, RECKLESS, CARELESS, NEGLIGENT OR AGGRESSIVE MANNER",2.0,35.5,4.0,4.0
01cebaa63efb4588448ccd75de6816099f071a806be3dabb078cd41447ba554a749994ec2b792c6512b7c0272e0845a76b9666650f1ed9d99fddff843b846d57,CLEAR,DAYLIGHT,DRY,IMPROPER TURNING/NO SIGNAL,2.0,27.25,8.0,8.0
01ced43df16bba835b395acbb720b32ed515d4b394b9e7edebece5b6c8c8e90bf1d09fecc5404b3da65763a06d947f01ab51ba40972d63bf54395ed3d68dafa5,CLEAR,"DARKNESS, LIGHTED ROAD",DRY,DISTRACTION - FROM OUTSIDE VEHICLE,2.0,27.0,1.0,1.0
01cf04f2a9c5abe1134399c128227ba2b5a45449aae1679527e89babd721dfcc0611aa280beaefdd105082b74a46ba391f0f41cacb5e7e226871d5fd5cbac66e,CLEAR,DARKNESS,DRY,FAILING TO YIELD RIGHT-OF-WAY,2.0,32.0,4.0,4.0
01cf238e862ad49318f85ae3c5351fbf679ec7345e9e0cd8012cc7056e2f71831bbcddd1961f53e2826a51641f5424368e45f694beb72396ab8b4f9eb9a03320,RAIN,DAYLIGHT,WET,WEATHER,1.0,25.0,2.0,2.0
01cf4721fafccdbf37d820a3b274520836255bc2cd94e2e0aaca9a3721af4623110e5844f51387341a94483d64448cf2a700b8f1c7312d3803adf801b7eeb495,CLEAR,DAYLIGHT,DRY,FOLLOWING TOO CLOSELY,2.0,21.0,2.0,2.0
01cf85e727a0dda8cd7f1005a23a0e82c9beb4f37973709717c00a14d898ac04cdbfddd71bde4614d790791dae989c7467cf81fd9ecd269865fb2b8590e118ad,CLEAR,DAYLIGHT,DRY,IMPROPER BACKING,2.0,37.5,1.0,1.0
01cfa371518383dc0035ae4224e1e107b310f955307b95858f8a759726255afd98e03324f547766cf982b5929c747c19d6127323c4c8856e7029191abe386de1,CLEAR,"DARKNESS, LIGHTED ROAD",DRY,FAILING TO REDUCE SPEED TO AVOID CRASH,4.0,32.75,5.0,5.0
01cfa5e6c76d8ac66aa93de5d4c526006dfca161de422dc243eb2f14328ebab7d859a756a552ac65a3dd7887898618be409757f206bd87ee0b5d2c0f4348bf33,UNKNOWN,DAYLIGHT,UNKNOWN,FOLLOWING TOO CLOSELY,3.0,57.0,6.0,6.0
01cface920512de3dfbde5915a5afd5368602ce4f2e6c000b04115d8bf00211710caa37df3abb72e3e90addb9f2fa204c96581e7db35bf7ef5e332ab3c1792f4,CLEAR,DARKNESS,DRY,IMPROPER BACKING,2.0,37.5,1.0,1.0
01cfb2886d755a6b617054027bd9f4d278fc98132e0b1d825cf12a29d9ebc5fe59461b93aabfdfbee1d9ad04c636d819819fecc30f88cdde55b4cd9568731a0d,CLEAR,DAYLIGHT,DRY,IMPROPER OVERTAKING/PASSING,2.0,53.0,2.0,2.0
01cfb679498530ee66cfccad4c1c6d3d74056bf39f53631969bde879da9b3f9cdbea58c253f03e41881ff610608348c8b73a676a80de6042ad173aee363b2eeb,CLEAR,DAYLIGHT,DRY,DISREGARDING TRAFFIC SIGNALS,2.0,57.5,2.0,2.0
01cfcd8aa0fb0b76b9c941d1ee75b94cc0638595d7c70cb546efec202e24fc5cdde7dcbc389c611167fb9a8fe6f2b2e4d1ab6cfdb56b687427ddeeb71e58a7b8,CLEAR,DAYLIGHT,DRY,FOLLOWING TOO CLOSELY,2.0,37.5,2.0,2.0
01d06acd53e581715ccd5d62a8f61cb542cfda72aa110cd760607bf0f95a228ef85d5530c02c370b46c7ddc7a860fcea77bb068fa8a6374e92058bc7293299c8,CLEAR,DAYLIGHT,DRY,FOLLOWING TOO CLOSELY,2.0,26.0,2.0,2.0
01d082b7ab03ae84d86a9c0b16ffe8b679e65ef0ea8d7fe2cb66ee02129ad01e2b5e30955a93c3ca409ec7de14b57c78bebdf2bd4b7432b9b65d8f05ab4b2b5f,OTHER,UNKNOWN,UNKNOWN,FOLLOWING TOO CLOSELY,2.0,55.0,2.0,2.0
01d09aec9619604ddf0864d87e87217e52a81d9090b85fae898de87702145382ea6b57f6e18ecfe242bdb21133002afa69f16e5cc6648ef405c6799ef4192c25,CLEAR,DAYLIGHT,DRY,FAILING TO YIELD RIGHT-OF-WAY,2.0,40.5,2.0,2.0
01d0a3b1ff27ae8ca167f6af3383665d964aea7a450c0efeed172ede6e8c07f5f679f9670a43dbe298574c0d09da535c233a2b8993f03d6deb9dcba36ead8c73,SNOW,DAYLIGHT,SNOW OR SLUSH,FOLLOWING TOO CLOSELY,2.0,28.5,2.0,2.0
01d0a841fced5b47fb04fa8b5dfb0a3bcfe6a96a93109a74c8ac23992e76ec268651b639210cf26f3b9213a4401bb274ec0f4139dfd914b76f140436c9496c64,CLEAR,"DARKNESS, LIGHTED ROAD",SNOW OR SLUSH,WEATHER,1.0,19.0,1.0,1.0
01d0bce7903b02fa33240f6294bf22cea88f575386e1568bc771c9da2ee96ddc0710403a5e13d43af7225a12595d8a2df40321bd079444006ab7bd0eb6f0b96e,CLEAR,"DARKNESS, LIGHTED ROAD",DRY,"OPERATING VEHICLE IN ERRATIC, RECKLESS, CARELESS, NEGLIGENT OR AGGRESSIVE MANNER",1.0,37.5,1.0,1.0
01d0c7ad250245f81b8efc74bfc07f863897690c4891fc8c7a4fedf8651f508474ee831c20977578624ed4cd95b9a6c57bbc0966d4cd61bf1f0b4b9f65a36b80,CLOUDY/OVERCAST,DAYLIGHT,WET,FAILING TO YIELD RIGHT-OF-WAY,2.0,33.0,3.0,3.0
01d11d87cb3f2867110c69cadcf33c40c96ab9e02ed135c10ce0b7c4829b7b70ba80ad380b69d06b8e855cd9baa53cb2c7034bba86154876049ce32fb8f8ec01,CLEAR,DAYLIGHT,DRY,IMPROPER OVERTAKING/PASSING,2.0,30.0,2.0,2.0
01d14a24b36653d800b5380a1151d9e804b91591bda3236c8062284a78de024646352519096d376e0fda294bca59b87ef74c0aba57364b3b8460a8a14584549c,CLEAR,DAYLIGHT,DRY,FAILING TO REDUCE SPEED TO AVOID CRASH,2.0,47.0,3.0,3.0
01d14d4a81b347bbd7fadbbb2a1164f96d7d626cb1f6e776c9d8309b2154df374f86ebbce1d0fe432e12cfc55994590134ea2245a1b1d3add636335363afb8f6,CLEAR,DAYLIGHT,DRY,PHYSICAL CONDITION OF DRIVER,1.0,24.0,1.0,1.0
01d15334916e48c4b1da3076e3def6db1d5d1df7935fabc97f1f5e83c75a0b976f3f762c4194f2cfb467309d5e47596eefd6c7bbff240ca4cc838c3b2c8ccb3c,SNOW,DAYLIGHT,SNOW OR SLUSH,FAILING TO YIELD RIGHT-OF-WAY,2.0,44.5,2.0,2.0
01d19fa0c0eb1c3cea1955ef28eef88ae02ef169d68950cbea69c8dcfedde299d393021166d96461f640d9af248c97540a3012abff6c5b7a506b0b8f336b97ec,RAIN,"DARKNESS, LIGHTED ROAD",SNOW OR SLUSH,WEATHER,2.0,61.25,8.0,8.0
01d1db9a2b3cf8231039381a652fcb2c246c6648de3d6ea5192d947fea4ef99f46b4ecc6f20c59921da62a889654bddb0b0addfa0bcfaacf2f68295789cb1a2d,CLEAR,DAYLIGHT,DRY,IMPROPER OVERTAKING/PASSING,2.0,39.5,2.0,2.0
01d1e68707077714f5cbf6c83188321d80b078bd08334f3532e6ad61792415e195afaccb42e4dce11bc598de963e6e4038ca5332c88f3f6dc02dde6140e5ec19,CLEAR,DAYLIGHT,DRY,IMPROPER LANE USAGE,1.0,24.0,2.0,2.0
01d1e81ec33172f1ed4105f27d6eb3ceeccd10d891dff1529fe8158b7fd6f52a4be0a39385a85a61645d5dbfbbe7f1f626c749a7cef948a57fbabbc753e216a2,CLEAR,"DARKNESS, LIGHTED ROAD",DRY,IMPROPER LANE USAGE,2.0,38.0,1.0,1.0
01d21bb33bc78d6e069e5e931c22c5b8f73fe0074ceacc629456bf5dbb3a2697cc14d66604e1fec638523174480a70292d3c2ed1664a06e30037dac15817dd92,SLEET/HAIL,DAYLIGHT,WET,WEATHER,2.0,55.0,2.0,2.0
01d22b8631c439deda3fb8cd3e5c8d5023b840e0f18833414c2d7644d514a8d0b6dc7b9bc5aaa96b8d6af0e7bdd5733725604e414f352bd1acce2fd661760420,CLEAR,DAWN,DRY,FAILING TO YIELD RIGHT-OF-WAY,2.0,20.0,5.0,5.0
01d235e7dccc4682323fc7f97d69fa7fbe561ee8545889a70acac6a6cd94b158f255fc50b87a968c70496f1e0b3feb9f889b5d76c3e2a832da7c0bb303cd2fdd,CLEAR,DAYLIGHT,DRY,IMPROPER OVERTAKING/PASSING,2.0,37.5,1.0,1.0
01d23713e2c7d2bef4c3ae78c1ed290f96c8d968be3f1180cb198a35508fadd1279691756ef1fbe1652850bf312282d87ab68eb521128d5baa8ab12e6e4453db,CLEAR,DAYLIGHT,DRY,FOLLOWING TOO CLOSELY,3.0,30.0,3.0,3.0
01d24a8340bc0df5c7f59402a7fabe0ca817bb0110071b69123921dea2077c6a14109a8da1bff267bd3cc92680c6202f90b042135f1a7320ce9fccbc8b108961,CLEAR,"DARKNESS, LIGHTED ROAD",DRY,DRIVING SKILLS/KNOWLEDGE/EXPERIENCE,2.0,37.5,1.0,1.0
01d26cfd4ca8d9cb75a0dc497ea40fe2ab09f1c25fc845b078f8206ef44d46983389ae8bd969fe129e9131b24bb697368b447a3b9773973c1e3170e089cb7797,RAIN,"DARKNESS, LIGHTED ROAD",WET,FOLLOWING TOO CLOSELY,1.0,33.0,2.0,2.0
01d295113125fda321a9f19d83a1c1e8bf7f7bfe2b3514e5c7c3f958e6b0f385bd78e9afdab2ae2034e4e8412c399f736707e486c3f340fc76aac533614eb551,UNKNOWN,DAYLIGHT,UNKNOWN,FOLLOWING TOO CLOSELY,2.0,32.0,2.0,2.0