crash_record_id,weather_condition,lighting_condition,roadway_surface_cond,prim_contributory_cause,total_vehicles,avg_driver_age,total_people,total_injured
01d2cde77edf61f5d186506722d22a3e1bce2952222992bcf23609970d4d87ed044524bb54ab29ad52416f0b7e9969ec1ffce14d6b70fb402bcb3c8d0e9bd480,CLEAR,DAYLIGHT,DRY,FAILING TO YIELD RIGHT-OF-WAY,2.0,31.5,2.0,2.0
01d2d4147569df8ab767261aeceb8d2decf32c60c9101e3dde6e6008d99e8e747419e883ebccc9edd921fb59d78de611c9b28060c061a6ff417bfcf5fa9cc235,UNKNOWN,DAYLIGHT,UNKNOWN,FOLLOWING TOO CLOSELY,2.0,64.0,2.0,2.0
01d2f472eb040c57ede8e540856b25c3c2c5ccb61d7a211ddfe455111373be8e1ec30f5c4c6915effeb6dbd543e06e319ba66e5b4163b86dc98dcdd0c45d7651,CLEAR,DAYLIGHT,DRY,IMPROPER LANE USAGE,2.0,23.4,5.0,5.0
01d30d2305da74bd6e27833d9740d0a1b9f359e9de3df3f3a6b3a5d6db4adadfedce2c9f90794c48daa3358570353c7a3d8b0d2508cb89fdbf6760ef5bd87004,CLEAR,"DARKNESS, LIGHTED ROAD",DRY,IMPROPER BACKING,2.0,35.333333333333336,3.0,3.0
01d3567a933adb54e23ff9013fa338de50f53da470e7ba77e10cc3a10f78b932a215f8080be2d86006553e94ca81e08df7dcbe7432c2fdca7d1eb7a573ed4dc9,CLEAR,DAYLIGHT,DRY,FOLLOWING TOO CLOSELY,2.0,48.0,3.0,3.0
01d3741d05fb5f4cd77ca382b12aded22e33e79b3d517d5a5d30f63fd147d5a5447f1d0cb2926ee9586e20004549f7478f1d8dbfbed931eaaab2f0e68f001dd1,CLOUDY/OVERCAST,DAYLIGHT,SNOW OR SLUSH,"VISION OBSCURED (SIGNS, TREE LIMBS, BUILDINGS, ETC.)",2.0,51.0,2.0,2.0
01d385d478774ca2488913fc6592801f4151e082284e58bab40a5ac28da83d0dd3c1a5147724d4bfbc53ba45e43735d201bbb595a752a16398f8f898e211f401,CLEAR,"DARKNESS, LIGHTED ROAD",DRY,FOLLOWING TOO CLOSELY,3.0,27.0,4.0,4.0
01d389705803995ad4bf824681e6327f65f0d976f37461371a56fed0db48251925e975d267a6c5a45cdce21971d3bbb9fb53ae0d5fe68130f194dcee27748869,CLEAR,DAYLIGHT,DRY,DRIVING SKILLS/KNOWLEDGE/EXPERIENCE,2.0,27.0,2.0,2.0
01d3bdee6a84af80bf50e9fa78bbb78fc952cead98fcf44beb6c139b5e855fdfe7676f8047fbc4ab3513253c514cf0036e8dcbd4e14bb46f54047f699681e0c4,UNKNOWN,DAYLIGHT,UNKNOWN,IMPROPER OVERTAKING/PASSING,2.0,50.0,2.0,2.0
01d3c8bf9c625a58573d519f2730e1cf793702bbe853b9640c6d0559097c42d5db1a65a64acf95f54b325945d0b1c4a83ae776ae4c5fa0716bec8711e4ab965b,CLEAR,"DARKNESS, LIGHTED ROAD",DRY,IMPROPER TURNING/NO SIGNAL,2.0,37.5,2.0,2.0
01d3d8a49922309f241f1c1993a4d8e16c90ddbc55301f7daa9b8c163a8d17db6e60714c8086d69af445855ed01ca21de2f82eae56d46a772b79ec94dc7f15c5,CLEAR,DARKNESS,DRY,IMPROPER OVERTAKING/PASSING,2.0,35.5,2.0,2.0
01d3debf5d6164d627a054f006087768f90f8c71ae0da57ebe2df350b1e99188a0a6b02bb8a2539fbf2b9089682a7e38655dd4c7df7b9f2d70fc2c58a9941b4c,CLEAR,DAYLIGHT,DRY,FOLLOWING TOO CLOSELY,3.0,36.333333333333336,3.0,3.0
01d3e401ba712c71a6d3dab519083349c345f2e6d0eaab4c746e4a4e3daa1157c2e6c65056a24c0ec6d2726429b50f5f61e77d79e8166bff87b0e6de985b5bb1,CLEAR,"DARKNESS, LIGHTED ROAD",DRY,FAILING TO YIELD RIGHT-OF-WAY,2.0,26.75,4.0,4.0
01d3f7639a2b01e3fe6ea380c3c61a3c66801bd8823829f949a9bd306a4bbcf5201b5ce75d068de3f54176d2d1dc17f6b6cfdfaccb595258e53b4444d6cd5a31,CLEAR,DUSK,DRY,FOLLOWING TOO CLOSELY,3.0,19.428571428571427,8.0,8.0
01d44aee7a86feed783bfda9e2a9b19de049af2b3981abc8d5f6eccbced1a090189136983955dbd2a37262a1548c30a1bf32c0c1db6da8f57c5fd15d33db9985,CLEAR,"DARKNESS, LIGHTED ROAD",DRY,FAILING TO REDUCE SPEED TO AVOID CRASH,2.0,33.0,2.0,2.0
01d457f032e23d935a0b8f6b4c88221375180ffd4cd959492eea49079953f5168d9dd08cba3d0061a8611e8c1115d2d7b83f39578025012b5f286671e7bcf4ec,CLEAR,DAYLIGHT,DRY,FOLLOWING TOO CLOSELY,2.0,27.5,2.0,2.0
01d4717e7ddcabe13017b97940abea20214dec66b327b2aa97b8b0f8434ec784292678d2c7b7e00e414848942b267cb3e430df6b124aefd719f800a228ac9017,CLEAR,DAYLIGHT,WET,DRIVING ON WRONG SIDE/WRONG WAY,2.0,57.333333333333336,3.0,3.0
01d475da1e9dce18f913d6068e77178569dc647e5a5a576230b24296b8d712f3f247bc1eec5c6a976340f9f1e5d19f80325829a919fcc388243517648fd0dfca,CLEAR,DARKNESS,DRY,FOLLOWING TOO CLOSELY,2.0,44.0,2.0,2.0
01d47e307dc6f4c312289c30e3786cb2a2e624cb7d08502e2b514041bc2c2ed8d13267075f0f7a999d969e90c2faf884c636fb3f799f00d7f8402f8c7e34d385,RAIN,DAYLIGHT,WET,FAILING TO YIELD RIGHT-OF-WAY,2.0,25.0,2.0,2.0
01d48a92d13b649f00541a2b1506c2958fac8995a15896c384b0bc9191f02d41d935d3069fe574c5b42304b48a1d7d91825e9b2dad4df24be61236c71c0e40e9,CLEAR,DAYLIGHT,DRY,DISTRACTION - FROM INSIDE VEHICLE,2.0,34.0,1.0,1.0
01d497150564abfc5f66825870ddc7616795d65df07aaa2e1f7a74870de29f51d14f675de6e39289afa7041756439b34df50e231eb51547a74f86f5b4f47be81,SNOW,DAYLIGHT,WET,WEATHER,2.0,37.5,1.0,1.0
01d4c031c63f5c4d543085abc51466668159615b31fd9183fcffb28c94f6d04ed508c0334219661f917a1794328773ca820368bd771ad66106e35f2d1414af85,SNOW,DAYLIGHT,SNOW OR SLUSH,FAILING TO REDUCE SPEED TO AVOID CRASH,1.0,65.0,1.0,1.0
01d4d919f382bf3d675c31053b3068be7a2ec88cc752c6ded3d531536bc31eb60c350a1b2d34893de59ca173afba154085ed56244a6af0e7415341741a32c197,CLEAR,DAYLIGHT,DRY,FAILING TO YIELD RIGHT-OF-WAY,2.0,31.5,2.0,2.0
01d4e04e96a1cf5e2ba9fcf2bb1ec139e82247cd618dd06178b095443e4e1f0706804d108475f1e951cb61f34bd1bbb34e02a5fae2b71251fadea2596502652d,CLEAR,DAYLIGHT,DRY,ROAD CONSTRUCTION/MAINTENANCE,3.0,35.0,29.0,29.0
01d50bf0acdda95ddaa533e4bdadd5ccbda367db36c7fed2501e76494edd59aa13ceeed45a1b67033cf3d08d568b63d2ec1553851abf6e64a23da7351a2b1b2d,RAIN,"DARKNESS, LIGHTED ROAD",WET,FOLLOWING TOO CLOSELY,2.0,37.5,1.0,1.0
01d51e686d519d4ce78bcf149cc8e67ba19f009c7cc7f1edeea5ab219ea7f88db5b3f87c01cfe8ec367b65ce955d423c32702bf054fd2e87196dcc206df3b39e,CLOUDY/OVERCAST,"DARKNESS, LIGHTED ROAD",DRY,IMPROPER BACKING,2.0,37.5,1.0,1.0
01d561344aa8d8e0c9632461529227bd9414def78704fc41dc91657ea2828458eb0a2a046d545296cc6e59f29d34acb7fd7559008e2fe502613660fc37781455,RAIN,DAYLIGHT,WET,FOLLOWING TOO CLOSELY,2.0,30.0,2.0,2.0
01d59782b5990cf42e027758d1d28f79d861aec2a813b66b88aabd8bb1eb153a0613f7fe918ba065ebaae1e0f94f04d04de0169581b6218611465967186699c1,CLEAR,DAYLIGHT,DRY,FAILING TO YIELD RIGHT-OF-WAY,1.0,44.333333333333336,3.0,3.0
01d59e0994dd9c34e730dd81ce31427ad9fcb312a70bd055283d666cf2218a6a7534b132cd8d76ea9fb876d7bd3ca54969c2e9d2ecb2b5edb6bf74dac8dc907d,CLEAR,DAYLIGHT,DRY,FAILING TO YIELD RIGHT-OF-WAY,2.0,50.25,4.0,4.0
01d5b4d321b0c4f5e386303d40d1a39e06e6089693ded6791f2925fb01b316ed9f95fbc1aeb764de137fda3ba5f30a2f4f1c7b6d2a82ae9a435646a18e59bebd,CLEAR,DUSK,DRY,DISTRACTION - FROM OUTSIDE VEHICLE,2.0,21.0,1.0,1.0
01d5be0476d9084ec94ea468d5d50369b51102cba743e47a455a8d4353f1abdd2692b5e3190c509d258e0648f7ea57305c84e367e36ebb2f043a13d7bcac6130,CLEAR,DAYLIGHT,DRY,IMPROPER OVERTAKING/PASSING,2.0,63.0,2.0,2.0
01d5bef0597c1b9f5ee12b162e2826f7f52488350baccc696f8626aafe2eb0fc745322da2861325e42dbb5b118dc7f18f820d6f3b19ff4ecd8a7560f921ccb98,CLEAR,"DARKNESS, LIGHTED ROAD",UNKNOWN,IMPROPER TURNING/NO SIGNAL,2.0,30.0,2.0,2.0
01d5ebb55d355bab8c57d3c7c70f2a549782e189730e90be33d0637260a4d3e5c0370f80d5478db18b1072ef8a8263e31d38400179b47372f20ce9051fc8e058,UNKNOWN,UNKNOWN,UNKNOWN,FOLLOWING TOO CLOSELY,2.0,19.666666666666668,4.0,4.0
01d614d4851146794195c463d5062bd31dfe49598418ea75606af757daa470d9bd25577a8e96b2db097c11729f2e555fdc1aea0e3ab90b6e36f0784666f8bed4,RAIN,DAYLIGHT,WET,FAILING TO REDUCE SPEED TO AVOID CRASH,1.0,17.0,2.0,2.0
01d62cf8b6e9ab12ea5418fb8d4631243aa14862f5cce3672e7c99ccf0718d472bff881e61535146b4b1d9737d3a16215f620db3639c0651fe1c27986ee2db75,CLEAR,DAYLIGHT,DRY,"OPERATING VEHICLE IN ERRATIC, RECKLESS, CARELESS, NEGLIGENT OR AGGRESSIVE MANNER",2.0,37.0,2.0,2.0
01d64c022f05bc0c9a2db5b11fe8bf99aad96c9cdc85739cf4191e2714f39695c20f0a123e33dc7f1aadcbc2ab3835769e20c3ad925800cc3543bf654e4ebf1b,UNKNOWN,DAYLIGHT,UNKNOWN,FAILING TO YIELD RIGHT-OF-WAY,2.0,45.0,2.0,2.0
01d655da84d4c19d926abb7e4e74bc3e8d15f31292628e9beef311f65c1531641feb7d3fc67f50c211d0e1dcdd580e7839ed965374888be461091454e425eb64,CLEAR,"DARKNESS, LIGHTED ROAD",DRY,IMPROPER LANE USAGE,2.0,54.0,2.0,2.0
01d69cf425ba0c9afd7cc755cc3ae66210443158fe210e47b10d546ffaff302d7142ea4eb69eaa935923afa7cf6568b150a79db3ecf421c4da80b63aebfaea08,CLEAR,DAYLIGHT,DRY,DRIVING SKILLS/KNOWLEDGE/EXPERIENCE,3.0,46.0,4.0,4.0
01d6ae007da060848aa0274ee63f961145c1065e2898a414c6654587fc7cca6a9d5f7bb72b2821f28462c73a9ecc6b0b99cc90ccbd46f944a8ac2878b789d207,SNOW,DAYLIGHT,SNOW OR SLUSH,FOLLOWING TOO CLOSELY,2.0,21.5,6.0,6.0
01d6e5b301bbe0ab74daafd9c6215fcf33fcd8af252e09a457e287446d035aa537ab3ead881117ba9a019959cc7a30df7716f7bc7207eb6871ed3afb0cc1cbf5,CLEAR,DAYLIGHT,DRY,FOLLOWING TOO CLOSELY,2.0,33.333333333333336,3.0,3.0
01d6ec8589a704105abf78abde22214b61f23de72e0b6581ff210fc00a1e15ab8277d0a94915b65ea811d26467d6947da692f42ad69c0e9c537751dd8f0781f4,CLOUDY/OVERCAST,"DARKNESS, LIGHTED ROAD",DRY,FOLLOWING TOO CLOSELY,4.0,34.0,2.0,2.0
01d6f2defbfb3592dd2e129a15660e4aa8008bd27d208439a8c2f34f8fa891bfebe5336e22901ea230c21a0755caf6aa7e6d6063b4b93404b1f4fbbf9e39e385,CLEAR,"DARKNESS, LIGHTED ROAD",DRY,FAILING TO YIELD RIGHT-OF-WAY,4.0,19.0,2.0,2.0
01d6f7aed927df73ca7cfd5be77a8f0c1f681961a5e939a417fe340841479cf94874c69563881f2b1f3c454861abc2c79b3cbc249527d4205616df85d5cf8973,RAIN,"DARKNESS, LIGHTED ROAD",WET,"OPERATING VEHICLE IN ERRATIC, RECKLESS, CARELESS, NEGLIGENT OR AGGRESSIVE MANNER",5.0,15.5,2.0,2.0
01d7596786def47c8d63fd372d761fc20c448b57842efad614043393594ec9a96309ec8ae11e06c10c4c4e9fe1a3fdcf3050452af4b2adbcaebb6d09d97fa900,CLEAR,DAYLIGHT,DRY,DISREGARDING TRAFFIC SIGNALS,2.0,35.5,2.0,2.0
01d7602ef885c91f6306c30589c563ece1a14f1f9f0d52caeec7ce9febd632fa728a20b60f4c983b9c17397bd69376b71ce4d28369298c6c11c2bbe9d9882f9d,CLEAR,DAYLIGHT,DRY,IMPROPER OVERTAKING/PASSING,2.0,37.5,1.0,1.0
01d770350c9db585a93ed750be3b958712804bbe9f1816dec5dfeee23dc6c3761b76d031869d881a1577848cd57725c541b09f37cbd37a48bf5fc4999bbf41dd,CLEAR,DAYLIGHT,DRY,FOLLOWING TOO CLOSELY,2.0,68.0,1.0,1.0
01d7705008aa8b27717b342f710bcb5eefce4603d9cc1e86a152f665049dbac7d156b788bf8a2db2384407187ac6e7a50b16eeb86d01f256e5e2257ba5349cd6,CLEAR,DAWN,DRY,FAILING TO REDUCE SPEED TO AVOID CRASH,3.0,37.25,5.0,5.0
01d773fd1c628f9f2b88fbb6ddfedd0f37d2ba5e940e7c0e7fe2b7027c2b61320fc7cff252afabcce6f79c09267cd7d8720cbcbe0df951e3f611287eb7828c8d,CLEAR,DAYLIGHT,DRY,DRIVING SKILLS/KNOWLEDGE/EXPERIENCE,2.0,33.0,2.0,2.0
01d7bb50adc0b39a3346fd5df7bf2d70f4d2e8b43d87ce7145bfe1024734d56bee972e2cd21ab9d8a402e460d8e2dd44fb5c92996b92dab5932565bca5268535,CLEAR,DAYLIGHT,DRY,DISREGARDING ROAD MARKINGS,1.0,37.5,2.0,2.0
01d7f8e82cf9140208b76f97c3f5c03dec2863e4bcc3ba350583c61b0914df9a5a1271e2ad999eed05e9b40a32bb5187aec3be184571c3ef5314028d9dc07b7a,CLEAR,"DARKNESS, LIGHTED ROAD",DRY,DISREGARDING TRAFFIC SIGNALS,2.0,33.0,2.0,2.0
01d823ecc79b4c7daf62bcf704cb663113fdd66da7455340e4a714a8bd5fd4725d213ed6d1250f0320beb3545f89256dc9b1537befb787b9c190f2fdbe3427ea,UNKNOWN,UNKNOWN,UNKNOWN,FAILING TO YIELD RIGHT-OF-WAY,2.0,35.0,2.0,2.0
01d82aa1e562bf0fdb91097036603744ee022ffd6f9c41b5cf295faa72971721af272065cf243e3880ee13fd5f0017736ab10b84166bf3447c856933e1159a23,CLEAR,DAYLIGHT,DRY,IMPROPER OVERTAKING/PASSING,2.0,24.0,2.0,2.0
01d8300cb12aebdaa9485684a9faa96e605432a7e4415d40eab36f58e6ff4951c67fe4c19231e5e922ec319609e59b40ab7a8c2d94c9279a4689c460a0515e18,CLEAR,DAYLIGHT,DRY,FAILING TO YIELD RIGHT-OF-WAY,2.0,36.666666666666664,3.0,3.0
01d831590425571f52ba6ff4852097564847ad1c481da1965826be11d3f66bdad7f801a5a526fd25c143a05b81c64ba59f78aa16ef5015ffa51e98d0af3c110e,CLEAR,"DARKNESS, LIGHTED ROAD",DRY,IMPROPER OVERTAKING/PASSING,2.0,50.5,2.0,2.0
01d872e9599d1e237338cd19c11ccdd1d704276ecb1ad92fd038b47ee3851220ec0498a3f09582b2bbdeb02fe157e4f1a13b1130271365ddc39bc503d64c2027,RAIN,DAWN,WET,DRIVING ON WRONG SIDE/WRONG WAY,2.0,42.5,2.0,2.0
01d8980e1739101de855a074a26373f81620396f5e260ad6c6a6b200c75f66507d7d316fd9772d6a3e0a7791d0581e2e6d39ef81ed5714945c7925c3ff22cdd6,CLEAR,DAYLIGHT,DRY,FAILING TO YIELD RIGHT-OF-WAY,2.0,45.5,2.0,2.0
01d89c77e385d54d44d02e281ccb40689c265d65ab709f13b2ae55597f31ab9f7a69d75aa39766726ad84a6c946c3834537a7c688f3c6ceab2ba128dffc1f145,CLEAR,"DARKNESS, LIGHTED ROAD",DRY,FAILING TO REDUCE SPEED TO AVOID CRASH,2.0,40.0,2.0,2.0
01d8ea07dbd0188bd17960e9501113322d18c2f48e301bb44dfabb87522447c23a7f9dc0c8de3672b95e37d51c7a1b05e82fb0f86993cb96cd6e3446e52bfa75,CLEAR,DAYLIGHT,DRY,ROAD CONSTRUCTION/MAINTENANCE,2.0,34.0,2.0,2.0
01d906f34053ffb87bdd4e7f196497d2bdf10a1ca8ce28419445570115c64c989d97069403dcc01390ea2d2506ca7af5da4252b4e50377ab69e35cc8404256be,CLEAR,DARKNESS,DRY,FOLLOWING TOO CLOSELY,2.0,41.0,2.0,2.0
01d9324369ebdbee059b4fe3344c97cf074021a8935cc36e6b1fc5198add451f4e1444eb7998f0f5d87545a3d66e209232ee34d5a26093968587b0289e6c5873,CLEAR,DAYLIGHT,DRY,IMPROPER LANE USAGE,2.0,88.0,2.0,2.0
01d951363ff246bfe14ceb0c22b81d9e7f0eba19281e1a1d289a5ece51925563b3705b8c603163db879435a39bc4344b1198a61dd051d1a01d452c86f7101e29,CLEAR,DAYLIGHT,DRY,"OPERATING VEHICLE IN ERRATIC, RECKLESS, CARELESS, NEGLIGENT OR AGGRESSIVE MANNER",2.0,69.0,2.0,2.0
01d9731904b64bcaa653945a88706b9a4c7a38312ca6ba9a7f6d8ee4c9e3b6b491dc34d419f75d7fc380196127308d70425e1c2d457d0dc6a9f2d3e0e5e83272,CLEAR,"DARKNESS, LIGHTED ROAD",DRY,FAILING TO YIELD RIGHT-OF-WAY,2.0,37.666666666666664,6.0,6.0
01d980333a8bfa8d67640d04514b5194639b052e8c6774c1649dfa2e9ce74c8312361fc050fcb13180288f2e96dd661cf4cc571984174f48d8a5a8f546aef039,RAIN,"DARKNESS, LIGHTED ROAD",WET,IMPROPER BACKING,2.0,34.75,4.0,4.0
01d9aa4b79f27be6138a02ca5be69560b49d3552265ff60d1088e4a8be4607a8003a0aab3c6612f9dfe643db534cd185cd14b4e66eef6b3876c680c49be073b0,CLEAR,"DARKNESS, LIGHTED ROAD",DRY,FOLLOWING TOO CLOSELY,2.0,42.0,2.0,2.0
01da174771bdd0da71eaa5aa567df4e0d881f1599a3e6c266d74853862459ada818a6738b3c197527d5e7c703e5d3109e48dca21f7ae8477041e23a985ac0f5f,CLEAR,DAYLIGHT,UNKNOWN,EXCEEDING SAFE SPEED FOR CONDITIONS,2.0,46.5,2.0,2.0
01da49dc3c9b25d35deb3fcd411efae2960e66a163f6cca1baabb841af170cbe63bde25a67939755bd5bcaf87d185afc27a6fd14fb00705746b8bef0537c9be8,RAIN,DAWN,WET,FAILING TO YIELD RIGHT-OF-WAY,3.0,75.0,2.0,2.0
01da4e582d63c637fbb4506cabea991bc19bf58844bef1f9fe12322bce7f9e3c3fac18e54b759f546964d243201de0307ebe754ddee198051579ac12abea2241,CLEAR,DAYLIGHT,DRY,IMPROPER OVERTAKING/PASSING,2.0,49.0,2.0,2.0
01da610ea3eda4d93b5575f30f06b7f1e2a42f94f87b0a884a43753cfd45e335f40316a8c33dc8e32963928019127d40f9b02c0bdc158d2b5ffa2a5f2226f988,CLEAR,DAYLIGHT,DRY,FOLLOWING TOO CLOSELY,3.0,44.0,3.0,3.0
01dac1eab40bb4b1bb23a5fc71d537775f39b0855ca2fd629805f49f8816514b2467f6afc821fe24459ad2c00cb45a79d35437e5c9703d6683e406936daef69f,CLEAR,"DARKNESS, LIGHTED ROAD",WET,IMPROPER TURNING/NO SIGNAL,2.0,22.5,2.0,2.0
01dac7f7c883841f3eacd32ee74b6ab5b2a23a768ec86e3c22056769dbbfaed633ab63a2114f27ee0ce2ecdfa6bf7cfa65cf95cf5fa0af682274885eb364ea83,CLEAR,DAYLIGHT,DRY,IMPROPER OVERTAKING/PASSING,2.0,40.5,2.0,2.0
01dac9cd548cd83acb28695d35cfaefd83a70457df236b8fadcba9782ce9246b451ed3ed61f29cbb67096eef6dc4ba1f9ecb27c6da8bab180595e047f4c06fd1,CLEAR,DAYLIGHT,DRY,FAILING TO YIELD RIGHT-OF-WAY,2.0,23.4,5.0,5.0
01dae126b696f18e6d206e883f7e35f0fe6736995160458693779e7af5683976b4c7a0287fa01b43d2af69a405601f49b5f682d1176903d1cde7d87da1e0dd87,CLEAR,"DARKNESS, LIGHTED ROAD",DRY,UNDER THE INFLUENCE OF ALCOHOL/DRUGS (USE WHEN ARREST IS EFFECTED),1.0,23.0,1.0,1.0
01db1b3f867e3f8a8dab34dbd02728b68d81900193a4b2ab64f5099ef87d436d506fb2f2b8f2c6a31222e5374a2c2bebd22fc9a29b39ecd0557e03ac87daf00b,CLEAR,DAYLIGHT,DRY,IMPROPER BACKING,2.0,37.5,2.0,2.0
01db69d545cbf8a2f1200e2c69576838517739151ac2e71e42c61002595fab298c49e544cece8e6a0bec62890c0c5fb11a385764d91f2ec8d9371b1529c574be,BLOWING SNOW,DAYLIGHT,WET,IMPROPER LANE USAGE,2.0,44.0,2.0,2.0
01db79e8627ecbdff189804ee325a4a6a3bb65048a96c4ecc6dc3369aa2d2b78ac909114b1a62121df7312401280316c3ad6fce72c4225e317efdcbc8f6ac5a0,CLEAR,DAYLIGHT,DRY,FAILING TO REDUCE SPEED TO AVOID CRASH,4.0,40.5,4.0,4.0
01db881d14cf4d478eb47107d2b9bacce5def57a463c4ca51f63f28af6effd324768eb52b496861636f0c8447647a016f6e1bb16a015c8d1e2bcfbeeddd0ef69,CLOUDY/OVERCAST,DUSK,DRY,FAILING TO REDUCE SPEED TO AVOID CRASH,2.0,23.4,5.0,5.0
01dbb000ef9c345c4e383a0af4331aec2eb2f30ad60d6e6e9459b0c01cccacec34d4bb5f7214ae1bb41a7663b6ad4dd62fdb4fd5301ddf9a14ba213c20cc2e3e,RAIN,DUSK,WET,FAILING TO YIELD RIGHT-OF-WAY,2.0,35.0,3.0,3.0
01dbc211f088eac0ecde18ff09bbecf83996dbdf484ee283939d11ec34f3cd86a1802c8e26a738a84499dc66bf83ff1a690c4065747b2d618012b7d923964b03,RAIN,"DARKNESS, LIGHTED ROAD",WET,FOLLOWING TOO CLOSELY,2.0,42.0,2.0,2.0
01dbc3305c14d3402ee00498e20c90c11ecd7ed2cd2e477c4b8622adc2949237e67f0b572e562bfb3b35ac971723737820403a5836382e0d3f1a3de4204790d3,CLEAR,DAYLIGHT,DRY,FOLLOWING TOO CLOSELY,2.0,49.5,2.0,2.0
01dbce95ca3d66237afd3e6ec1fecc6b49143ca688138c6d93f827ba8a53e5a6f1dcd5499a5a8caf86753c341fb4ff38326e0556517936e1f97358d657980626,CLEAR,DAYLIGHT,DRY,DISTRACTION - FROM OUTSIDE VEHICLE,3.0,35.5,4.0,4.0
01dc3d412bd650a5acff25fcbe257999accb94e07c80e2ebd08b94105d12407cf84de232ff8e9b4b7b35e73759573f128d9549f6f96b2b9291caf2eafb1edc06,CLEAR,"DARKNESS, LIGHTED ROAD",DRY,"OPERATING VEHICLE IN ERRATIC, RECKLESS, CARELESS, NEGLIGENT OR AGGRESSIVE MANNER",2.0,18.0,1.0,1.0
01dca172258116f25f4441298e224b7bbce0a216119aa7a4e8b62ae10719e37ae83bd0fdf5965d5d76254c4f2a3c76e604a8fa79828f0db0359f3fcfd9182727,CLEAR,DAYLIGHT,DRY,FAILING TO YIELD RIGHT-OF-WAY,1.0,19.0,2.0,2.0
01dcaf1afd1a21774800300d68423f3e9482131b5a552880b57d9200a7f2f4d2df043525de25476971eb529d00841009243ba494c2424a1e7c38d5975808b6d3,CLEAR,DAYLIGHT,DRY,FAILING TO REDUCE SPEED TO AVOID CRASH,2.0,59.0,2.0,2.0
01dd20d90655dfa9752af1b74ed4a44a0d6b5cfecd65e9bc38ea89ca5e11accc49878169f852b9db227a82cffe9fe84adbc95de150d08a89a100ff4db66cc20b,RAIN,DAYLIGHT,WET,FOLLOWING TOO CLOSELY,2.0,37.5,2.0,2.0
01dd3b2cc8602d2318f7d24cc3c099281188eec29a846ff3371aa716edb9afc038a33c266defc92a1764c02d824112f83babcf53c35479c18a677b748c22377e,CLEAR,DAYLIGHT,DRY,IMPROPER BACKING,2.0,37.5,1.0,1.0
01dd4546376663c7677def1d3d0214f694690489f06eec90e3b24f9a2f348bac473b68cec40ce40c95fd09873604c930a93c8f415e12138007e6504fe30109e6,CLOUDY/OVERCAST,DAYLIGHT,DRY,FAILING TO REDUCE SPEED TO AVOID CRASH,2.0,41.0,4.0,4.0
01dd460b9c921fce36903c655f29773b177fcadb785a8c9116026f819dd0f22f0520167a58822403e995e7d8f66024080dd24ccd44722a12c5a6d1e9dbceb8d4,CLEAR,DAYLIGHT,DRY,FOLLOWING TOO CLOSELY,2.0,52.5,2.0,2.0
01dd471fcb3aef482b1128ca355fdfb9ef867454a93c84e85468c275d22e53d8423fa34578a26ac494cf824670db2dbd3da8e89e5c4f331d4a0549ed876a3c41,CLEAR,DAYLIGHT,DRY,FAILING TO REDUCE SPEED TO AVOID CRASH,2.0,53.5,2.0,2.0
01dd53e9ff0940e6d3917a449292e16f847a7cdf8610ad7db396d4706c0e6b96e335ec7289061223cb99c3d247c7317dc4f7d4f8612107cc75f293055e45113d,CLEAR,"DARKNESS, LIGHTED ROAD",UNKNOWN,DRIVING SKILLS/KNOWLEDGE/EXPERIENCE,2.0,49.0,1.0,1.0
01dd7117dcdec7ed6993890e12cca9fd37d82456e4e2a5c5d9abb4e2cdb4fa14957301c731432d08a11b844855a5de5e53c57b7688aff65904fc7ac237800766,CLEAR,DAYLIGHT,DRY,IMPROPER LANE USAGE,2.0,51.333333333333336,3.0,3.0
01dd7455991a5c8aaa0b7c81bf972873fa130cbf701eeedfc805e6a8bd55a6b7fd1ebb4a0bdbc56cb7ec83ab252d5bb21573439ffb4fe61b3b85a083897a3ccd,RAIN,DAYLIGHT,WET,FAILING TO REDUCE SPEED TO AVOID CRASH,2.0,24.333333333333332,3.0,3.0
01dd7ecb3b6fbe8edacf81b551759a30b674d9e3a3f68659913652e8bc7802d08a240fdc76d84d64bdc083e98181d148e5ffe3342118fc56e6840bc36bf277dd,CLEAR,DAYLIGHT,DRY,FAILING TO YIELD RIGHT-OF-WAY,2.0,32.0,2.0,2.0
01ddb7041b13355eb33d0a91683a39b4efae3df9e7de4344780837d79dad1333078a8f7f58cf2316812a99a98e72e392bd39064666bbe531b01d9f79d24042b6,CLEAR,DAYLIGHT,DRY,FAILING TO YIELD RIGHT-OF-WAY,2.0,53.5,2.0,2.0
01ddb939e0b3893f86e9ba97b994165e538ebb02965cceb249ada60acb22edfe7e2d4831cfd8293b80bbfab3fada34d59159ae289b038102e77f19df23971888,SNOW,DAYLIGHT,SNOW OR SLUSH,FAILING TO REDUCE SPEED TO AVOID CRASH,5.0,44.0,8.0,8.0
01ddd522eb074a6cbec117c10de0cae2cb78d2a6dd94b21f63ff902d5af09856b19aaf0d14ef8c4f179f9e0b73fd5b12e4418a596da4bf493415142e3e4e64c9,CLEAR,DAYLIGHT,DRY,FAILING TO YIELD RIGHT-OF-WAY,2.0,44.5,2.0,2.0