crash_record_id,weather_condition,lighting_condition,roadway_surface_cond,prim_contributory_cause,total_vehicles,avg_driver_age,total_people,total_injured
01dddcb907addf1cf6f56e916aa0db5c6c22fa8ee4aa6eb32852c68d95f2989f8c751a1acbff954b32b4f1cb487aaa0b2af2faae18b927bc3bb31c33875ff418,RAIN,DAYLIGHT,WET,DISTRACTION - FROM INSIDE VEHICLE,1.0,32.0,3.0,3.0
01dde9cdefc8f9980f530faf311d0f2a127d197b13fe5d5208cb68151ff71f821dc8f61773a968e329146379fb689875fc0636148626789da4030c1002ce86b2,CLEAR,DAYLIGHT,DRY,IMPROPER LANE USAGE,2.0,75.0,3.0,3.0
01de13cf06b381298b5b59933d37b3524097be6a9e71b8904f1fdacac261e10fce956983186572a2c3e1ced094f966cb9c2a2dd4a4eeab5ec3c0d8f2e3d530ba,CLOUDY/OVERCAST,DAYLIGHT,DRY,FOLLOWING TOO CLOSELY,2.0,43.5,2.0,2.0
01de496360f444fa388c8ed5363012228b453e2d22230e78aae8e6533835f1b7d7038d12f2ac4c1f09235b12be2f7698eb1abf065b248a725391fa4cd1e434a0,CLEAR,DAYLIGHT,DRY,"OPERATING VEHICLE IN ERRATIC, RECKLESS, CARELESS, NEGLIGENT OR AGGRESSIVE MANNER",2.0,27.0,1.0,1.0
01de4b440a89b439da49d37368cb960eecebf9d7583aa6897e09e3516823e9ea60aff4c80bfbcc92f8bea9d3dacb326c102d163a6704c06a160c72bed0f400cb,CLEAR,"DARKNESS, LIGHTED ROAD",DRY,IMPROPER BACKING,2.0,75.0,1.0,1.0
01de4cdee63e99002dcc952fcb3c18a08dc34ed50b097640520e09e29ea29a797d69f16f454ddd0317d100792b2b428ad469a6724f2fc9494b4cf1f73d8dbebe,CLEAR,DAYLIGHT,DRY,IMPROPER OVERTAKING/PASSING,2.0,37.5,1.0,1.0
01de89667de629ec8304f5129a899b24c9527ad66583f803c00334caeb2392f9b9026a447df2ff0ed39bd378662c078c141da85489831e2451485ae5d419adf6,CLEAR,DAYLIGHT,ICE,FAILING TO YIELD RIGHT-OF-WAY,2.0,49.5,2.0,2.0
01dea38e6662a664b5e6818bd3dc1ee86dc884068e6b44c41ad419038f59dbc44843783096586cbabd6cdd212ceac019e1c1f29c39cc963d6213892fb77abd64,CLEAR,"DARKNESS, LIGHTED ROAD",DRY,PHYSICAL CONDITION OF DRIVER,1.0,25.0,1.0,1.0
01df3c50b33852e205e3556ded35f65586ed558b9c2ca0dadabd029bf5bc6fbc503d9fdd99613cb326293a784fa3658a4f909b1b5c9b7844bad7ebfa0fcee828,RAIN,"DARKNESS, LIGHTED ROAD",WET,DISREGARDING STOP SIGN,2.0,30.0,2.0,2.0
01df63eace061adba3dcfee25f297c0b2a8f331f5e9b6568107d5a79bf550cd2bc81c357c6e5f229e6c5819b0e24fe2ebd8df395d7fb8860885b969a4d453ac6,CLEAR,DAYLIGHT,DRY,FAILING TO YIELD RIGHT-OF-WAY,2.0,38.0,2.0,2.0
01df6db30db2b4ade9db6447809bdffc3421af50aec25737251bf94d1893ccbeae69c24fd28106f79751b49ee0dfa9143b7be107d6bd602b1740a91af40e4176,CLEAR,DAYLIGHT,DRY,DISREGARDING TRAFFIC SIGNALS,3.0,17.75,6.0,6.0
01df7839311c9f38f64cea63c4118924f7180a25bcc16302d0d69182791cc0699bbe32342aeaee3645a491cb839f521a6496fee7fc246defa5f6d3cd913c804a,CLOUDY/OVERCAST,DAYLIGHT,DRY,FOLLOWING TOO CLOSELY,2.0,54.0,2.0,2.0
01dfcb83a90799c779742aef17825ed95e45b9e11f589e44fe797908cc4596f336f140b5e24a8158939941769d9c8eab631dcaeb8b480fd0430e3f1ee8e96d7d,OTHER,"DARKNESS, LIGHTED ROAD",DRY,IMPROPER LANE USAGE,2.0,37.5,4.0,4.0
01dfd5ecc231403417f579ba4e5b41e992fffa640487d84cf26c967b0d8316d95c8eb0d544a6b53f85354403d1a62de97fbf9bc17a572a16e545ce12c7f2c25c,RAIN,DAYLIGHT,WET,DRIVING SKILLS/KNOWLEDGE/EXPERIENCE,3.0,28.0,1.0,1.0
01dff22b5b25ef9a8edd9704d2131f7f03cb22e97056fe8e69cdb850fdce9a4b9d46857aeb644facb867a4f8bffb71844c64d455e6c72d525e8d650da9cf8ef7,SNOW,DAYLIGHT,SNOW OR SLUSH,IMPROPER LANE USAGE,2.0,26.666666666666668,3.0,3.0
01e00f0cbd46d89f71f8438db0eca40ac4b4009c9a7dbb99d669393a1050fb282c3926d8c3180f0803a987f7cd902814381d464a85704952a40ca5baad1d6cf7,CLEAR,DAYLIGHT,DRY,FOLLOWING TOO CLOSELY,2.0,37.5,2.0,2.0
01e0428015d39dbc358aa7d749183b23fee5f9ab9f0d5f702ad80c5a07aadc86702f34a23960e7721c4f8780c8a0ba162b726465fe3aa074442db2aae45298f6,CLEAR,DAYLIGHT,DRY,IMPROPER BACKING,1.0,40.0,2.0,2.0
01e04aedeb486569ea5f159eaa3006f0225428900a3a18e918c02db9ee9092b1ae772d9eab604510412bca7e399d066ab8ce3c1065db715a626b2f3f6c20b595,CLEAR,DAYLIGHT,DRY,IMPROPER LANE USAGE,2.0,38.0,2.0,2.0
01e04bc61051f2bde43882c674116e1b5c6772bcdd58df5b3dedac06524be2a34c6eac6a22773a6c7a865c7ea6eca3732a1819960bc4fcf4ce53025fc3930569,CLOUDY/OVERCAST,DAYLIGHT,DRY,FOLLOWING TOO CLOSELY,2.0,70.0,2.0,2.0
01e0847184c280d42fdf0fe6aa11c120468172038b6ce191e147857f992d3f35c4e65fa4a63450004d203bf74b6a6a59c984988afd9db2e13e575963d9c66ec0,CLEAR,DAYLIGHT,DRY,FAILING TO REDUCE SPEED TO AVOID CRASH,2.0,48.0,3.0,3.0
01e0ae51878c03b602df0dbde5ef766c4c0093e811436b158bfc6164099c13a340be369f692ec85180f539e037703542f6086e9b227e2d27ad66163bb58bed4b,CLEAR,"DARKNESS, LIGHTED ROAD",DRY,IMPROPER BACKING,2.0,24.0,1.0,1.0
01e0b358d4e9bf8a2b9703e87deeb49ab11f465325d17a9087473d8e5c1ca158706036436adace3616beb91c86a28c0c0df9b4d3d1d7bcb90a110f7327184230,CLEAR,DAYLIGHT,DRY,FAILING TO YIELD RIGHT-OF-WAY,2.0,33.5,2.0,2.0
01e0e68a9c0bf3e82c31b8c5691751096c16190626643264231be371d46cd11dae4be0d004d4ed43161001b125d222daaf316f81cf499792c39b5675c9368c57,UNKNOWN,UNKNOWN,UNKNOWN,FOLLOWING TOO CLOSELY,2.0,57.5,2.0,2.0
01e118b5f0310e2ea4d6cfe5c060cfd25c40bdf109403e0f350a9a1b5132bcc11242b8b189c969bc6cbf6134fb2f24acbd451715a46fe11f9253502fb8437221,CLEAR,DAYLIGHT,DRY,IMPROPER LANE USAGE,1.0,51.0,2.0,2.0
01e12218d00aba6cca1b52093c69cc7cd33581405b9284a4f4329974d0ba580d0f568673e505ad79c6cdcd44124c3cfdd83b4efdf237b7328843e21ffb5c637b,CLEAR,"DARKNESS, LIGHTED ROAD",DRY,DISREGARDING STOP SIGN,2.0,23.5,3.0,3.0
01e12e5d98a851593b079c9838614812399fb648c0c2e566f997cd87a67412608b455dbe615e0e91f7edf23a042bf7e7fe3a3ae4dbc59cfc5350b8d422e286c6,CLEAR,DAYLIGHT,DRY,DISREGARDING TRAFFIC SIGNALS,2.0,41.0,3.0,3.0
01e14adbb01f8c1ab6ac3061b21a5c0d30182ba3e1db8811d78162b8ce6f8ca47f2ca6db23f89f58fc1e0e04c0fa97fd840fbc85e1ea671b96f32cc8069ef327,CLEAR,DAYLIGHT,DRY,IMPROPER LANE USAGE,2.0,35.5,2.0,2.0
01e14e0bc09be285f608d7f0d1fd4018503ba35967fe24a535e1d0daedd996e7579df1cbd3d0a5ff491561f37ab2d4e2a27170a88402573f14b224c478eb9a81,CLEAR,DARKNESS,DRY,IMPROPER BACKING,2.0,37.5,2.0,2.0
01e17089c82d3663d050c5feda65c265dc84afd3a8c87c1219c79e83f938454571c42f31264eaa378002b75521811b95bbbf1314dcb1a0ee0e0fbc5118b8d71a,CLEAR,"DARKNESS, LIGHTED ROAD",DRY,IMPROPER LANE USAGE,1.0,29.0,1.0,1.0
01e170e0fccf8c4f69946f87bc128de714991b0ba43a450d8431e68f0e7691295c2f529a99117980d5b61a9f759f3ae34a3f58e0d4d301be5f31eeb215fbead0,CLEAR,DAYLIGHT,DRY,PHYSICAL CONDITION OF DRIVER,3.0,50.5,3.0,3.0
01e191f9a41d9ee3046ddb41a4c8947ef165582c5dc06dd43bfcd6adb51e4d84a9b02b36b0a9806aaa74bfe2e10b55eebd26d1e49384be08ccf26dc64f905dcc,UNKNOWN,UNKNOWN,UNKNOWN,ROAD CONSTRUCTION/MAINTENANCE,1.0,29.0,1.0,1.0
01e1adb6334a259799f13c8ac809b3ec8be1310b2b27152268e2b8cc7456f7feeceec797dd2d4963498c8b168439325996e22b0c38bc77e0e18863030d2149b2,CLEAR,DAWN,DRY,FAILING TO YIELD RIGHT-OF-WAY,4.0,47.5,2.0,2.0
01e1db477bc93b518b81d85cb70fc4b8c1bd1e13c877b015815a9bd8949c42b86eb98cb10926d9ece4b13858a631df512f0b2103f2d9ef3f743b9c543887c849,CLEAR,"DARKNESS, LIGHTED ROAD",DRY,"OPERATING VEHICLE IN ERRATIC, RECKLESS, CARELESS, NEGLIGENT OR AGGRESSIVE MANNER",2.0,27.0,1.0,1.0
01e1ebf13c7f8baed3506efd06750f215f745790d637063bfefb922e7a26a02e794d854a1199bf68227ae99845ccc35aeadf2181ba1930924050cfe3aac8ffea,CLEAR,DAYLIGHT,DRY,FAILING TO REDUCE SPEED TO AVOID CRASH,2.0,63.0,2.0,2.0
01e1f693fcb12dcfdfec0e1718f06c2d09b321d9eb68f705e930675a7f96d601f56fca37c623ba58fd47339a187af8492c46e9e2c2b48182ae372cb266d5f08f,CLEAR,DAYLIGHT,DRY,FAILING TO YIELD RIGHT-OF-WAY,2.0,29.0,2.0,2.0
01e1f888e72b18c6ec3de6cdf2da273b08e98eec314133842ff82eb34ad3a1e5ff7889f53c13fd85e881adb95c00e853d67410d6ea16660837cf64fb52d56d5d,CLEAR,DAYLIGHT,DRY,IMPROPER TURNING/NO SIGNAL,2.0,37.5,1.0,1.0
01e1fc753c3dd574d670dca9af95d37ac076cf0078835c253d08bcf2c9a624c54fdf6de97e8890b2b60925ffb291607292e817e3bed3e6b638d8fde41c7d7e93,CLOUDY/OVERCAST,DAYLIGHT,WET,DISREGARDING TRAFFIC SIGNALS,2.0,43.5,2.0,2.0
01e237b481294f3f0b23cb599296ec2f4050e5905543cf89ca16b14289510528ca68c809d55f6127dbb8361d35c50cffd170d9da1abeb6d7ac8e1cd447e39f3b,CLEAR,DAYLIGHT,DRY,IMPROPER OVERTAKING/PASSING,3.0,37.333333333333336,4.0,4.0
01e2670e98e40eb28a8202e3ecda1d09aa7b69a7b1908fe259a7fe0ab469662e236c421c8bda9c0144da4deba9ba3b78da1de1bac5b1c1cc59b4b5c9fe5c6fd5,CLEAR,DAYLIGHT,DRY,DRIVING SKILLS/KNOWLEDGE/EXPERIENCE,2.0,72.0,1.0,1.0
01e26e30f250cf2f5e8db562fec805802bf4e554d944c3edfd6e32b8347654dc5c8f730d2215863e6860db6f3411567e324a4d0f2444eab40e3df0fd0a218bad,CLEAR,DAYLIGHT,DRY,FAILING TO YIELD RIGHT-OF-WAY,2.0,29.5,2.0,2.0
01e275dc347a6cdc773c66a038519d510cf52884dde03160171cc589484ab8421ddab1f5e693157aca0672a9d615731901cc9666f9c851aee3c8e295712437d4,CLEAR,DAYLIGHT,DRY,FOLLOWING TOO CLOSELY,2.0,46.75,4.0,4.0
01e287c44c99897f186d1c663b0e6b7241821fdbfb9d7ecaff1942e102e9f1a90413dfb28285683a33e6ceff9eab4d6d6e061f3817316be6a2239a7f9a7092cc,CLEAR,DAYLIGHT,DRY,UNDER THE INFLUENCE OF ALCOHOL/DRUGS (USE WHEN ARREST IS EFFECTED),1.0,36.0,2.0,2.0
01e296167f0c9fc8e82f965459039f9057b047f6d58a3a34a8fdd6564013649d7bdd2f40cb7b78c6a339a1767d5475bb4e146c871103e410f2ddcda355a39ee9,CLEAR,DAYLIGHT,DRY,DISREGARDING TRAFFIC SIGNALS,2.0,43.0,2.0,2.0
01e2c09d96a41d6f7677dc89bf07a7830429414fdef50abb554694877f58b28d1d0abfbb1be08fb13c27e367da0580c34c75c4f172ec773caab66ab4e059d549,CLEAR,DAYLIGHT,DRY,FOLLOWING TOO CLOSELY,2.0,50.5,2.0,2.0
01e2f26e74696304fe5e20b4f93d8e418788c52bb4f1d1e15f787a485623d36b2e456614b8ddf9aa0c471229583cc3e34cdc2b6faec8eb72aaf16c89f865398a,CLEAR,"DARKNESS, LIGHTED ROAD",DRY,IMPROPER LANE USAGE,2.0,37.5,3.0,3.0
01e32ab9dcad481fb1496f0f5bb2e63d5cd668a637d4f965cff8ccaa709af196221fd0d319139bc1ea4e12665a7f6ea22e6c83246178aa323adaf9c8b9ff65e5,CLEAR,"DARKNESS, LIGHTED ROAD",DRY,PHYSICAL CONDITION OF DRIVER,3.0,32.0,2.0,2.0
01e349a1d0f86ed1a384c1fca099a86d9cb42ab00bfc8d0c81d6e53c5fc00d536e979db13c275f232d040949dbc8dfe9b03039f7c38dc55bc48910e2b18c36d6,CLEAR,"DARKNESS, LIGHTED ROAD",WET,DRIVING SKILLS/KNOWLEDGE/EXPERIENCE,2.0,46.0,1.0,1.0
01e366002d04f07e5f88f2475825ce7090b71370ba67ba648419640a35ea8c294e4c0bd06e79068de4e166fcf2e8259f7cc3a61aa70edf0606ff4889e256a25f,CLEAR,"DARKNESS, LIGHTED ROAD",DRY,FAILING TO YIELD RIGHT-OF-WAY,2.0,47.0,2.0,2.0
01e393ee31976fddca3284a896ad0300aa93cf900fde5daefac56d5230f3e2263c9f5c5c107c39b115d5029adf5d99419d955702ce0f3731122a74e1ed2e0b1e,CLEAR,DAYLIGHT,DRY,FAILING TO YIELD RIGHT-OF-WAY,2.0,20.5,3.0,3.0
01e40b78127321b53e47f96d4661f437f9e39ed5aa0064644679704caab0de5b8947d51b3eac4739eb8876c2aa494aa5979df89b057e8db762890dfbbe7e25dd,CLEAR,DAYLIGHT,DRY,EQUIPMENT - VEHICLE CONDITION,2.0,45.0,1.0,1.0
01e415dd18e066039ad8d7cafd99a5aa421670b33ec16a11a3b115fff1a8d641f61adb4d09e727cbc3a1766a561b2ca3e98ec98ed882aa757e68caea5fab05b9,CLEAR,"DARKNESS, LIGHTED ROAD",DRY,FAILING TO YIELD RIGHT-OF-WAY,2.0,35.5,2.0,2.0
01e4318bd7e236cff2d73464eea0eda191bc92a2b56dd75c74b94e9ef50051aec343c7e2aa08d7cf4692dd873d55a5df99053a081934f40168df4c6dcc9fd2a8,RAIN,"DARKNESS, LIGHTED ROAD",WET,DISREGARDING TRAFFIC SIGNALS,2.0,41.0,2.0,2.0
01e443edbcce71d4a39ad18b342569987c1674b791d4ceaac90bfcc88d4ff915a8c030e55b9b3f0b45c22c8e50e5327b4daac5f20ee382e9a10255ad0ab3c137,CLOUDY/OVERCAST,DAYLIGHT,DRY,FOLLOWING TOO CLOSELY,2.0,43.0,2.0,2.0
01e44f7f06f77e37144c0004302e6a146bb2051ab2ecbafe6659b92c8eed35119c213f3590575d7606beeeb34cc91a43d6d37d056b4c5a41eff4aea5452ec236,CLEAR,DAYLIGHT,DRY,FAILING TO YIELD RIGHT-OF-WAY,3.0,45.5,2.0,2.0
01e466920f3f39c6d77afcdbf5cbf1d1507a96482098fa1ac557f2511a6e720edf0e6befbb64dfe6b6ad21cf5b5857d9ad0d831625a12f45e5534e06c933739f,CLEAR,DAYLIGHT,DRY,FOLLOWING TOO CLOSELY,2.0,37.0,2.0,2.0
01e479147c73c777c392331c7d6bf6a04faddd5ac1457ca7c175c36fc0e8cfa38d12ffed246726f71535758a7ce26bbbd34d45b38f89b33cea86d1ccc195733d,CLEAR,DAYLIGHT,DRY,IMPROPER TURNING/NO SIGNAL,2.0,34.0,2.0,2.0
01e4bb23fc036b2d834d37d0334d640b4bfc0b0a940fea328d8be3c476edd6a4e859c3701ba273e0ced000734143bbf23fdd67ee74d3cf8635cbc0fe9fbb703d,CLEAR,DAYLIGHT,DRY,IMPROPER LANE USAGE,2.0,35.6,5.0,5.0
01e4d8b0349b68d8856adea8457fc9188556ce37b1786b1b1b1e0ba520e0e1daee69300f61b988d8193178a02e666d60baa7143b1ff2eb1732f7a955f36f4e05,CLEAR,"DARKNESS, LIGHTED ROAD",DRY,FAILING TO YIELD RIGHT-OF-WAY,2.0,59.5,2.0,2.0
01e50aa8b0304eb9c99bc8f20c12f2e054478edbf7d4fccd6f935fc431c4eaa7c539f5d627861325286ec09988a87bb01ffb70611a316d65d34035f6a86504e6,CLEAR,DUSK,UNKNOWN,IMPROPER BACKING,2.0,33.5,2.0,2.0
01e510595f05bb719761870c45bba6649c3a4fd8b730da8610bfb0381c324e3bafa0b7d5eecdd536e4fb34183d99b98f36f6b2095ce95d654a45aafcd2c1a7d7,CLEAR,DAYLIGHT,DRY,IMPROPER LANE USAGE,3.0,55.333333333333336,3.0,3.0
01e58377913c133692e862b56e29ec8fe34428bcd2c08c317d0e110a0297f2cbff64ac315b9fb5dfcab860a97c943e96e75147cc75d8c84441cad53520dd5622,CLEAR,DARKNESS,DRY,DISREGARDING TRAFFIC SIGNALS,1.0,35.0,2.0,2.0
01e5afb497ea0840097d6cd7b15c0660b39fb611186e64af7b71c9f040f33c83db90d1cb3bb6f9fddd80c1d02da20c4eefc1869da36fc2c5c4d59d302b79cb6c,CLOUDY/OVERCAST,DAYLIGHT,WET,FAILING TO YIELD RIGHT-OF-WAY,2.0,29.0,2.0,2.0
01e5b5f5375a2151ff1daae536386d194c833c20510c6e2a96b7c600124531ef468dc4e4a062ce2c3a75f1086db22050377a47f9ac18883a6c7447ab79d207ab,CLEAR,DAYLIGHT,DRY,IMPROPER OVERTAKING/PASSING,2.0,46.0,2.0,2.0
01e5dfb6a67a89e1059d623094b7b56a7db785a970549103d43ee54aad9bf41a9f80a46f73c2f48d34af18e8049b1a6692fa7c22b880966f688a897f33bfb03e,CLEAR,"DARKNESS, LIGHTED ROAD",UNKNOWN,IMPROPER TURNING/NO SIGNAL,2.0,61.0,2.0,2.0
01e5f4314f3d3f330746f81c03a311d8543324972ead666c896a69e8eb5b27ebbadad932f22248d00475b64dbca47d4f64bc393b587a1e998e44ce53b15802e4,CLEAR,"DARKNESS, LIGHTED ROAD",WET,FAILING TO REDUCE SPEED TO AVOID CRASH,2.0,25.0,4.0,4.0
01e60bfdf9ffa283a42d347f12683d723984b0ba60375ccf6cf1550b814f171be29364e1710d43c35740e7cb7e59a89ffc09b27451ed69b846c4415ce738cbdd,CLEAR,DAYLIGHT,DRY,IMPROPER LANE USAGE,2.0,27.0,2.0,2.0
01e61609bd2356a4a715b2eb991c6f7b7beffb13aa8a99fd6798ebe350e5ec115fea93d9efa205695e38ccabf0ca1f8bc49f0b1e7829a93d839116976e6148a3,CLEAR,"DARKNESS, LIGHTED ROAD",DRY,IMPROPER BACKING,1.0,48.0,1.0,1.0
01e6248efd31785f1cdb25f116b144d976e8af07c556165773b8bebef5abe1f6ce92cf5a2512ec8f8c6403765c65a29d027b42a07edc60cb4c3b007fe87dc744,CLEAR,DAYLIGHT,DRY,EQUIPMENT - VEHICLE CONDITION,2.0,60.0,1.0,1.0
01e686041329824cde09b4d79a63de98a9c33e72f57890f5004d495c88198cf7c7028b56774d7c6662bc88e72f29d7dfd665d331d1453e56b2a5bbf781522448,CLEAR,"DARKNESS, LIGHTED ROAD",DRY,FAILING TO YIELD RIGHT-OF-WAY,2.0,40.0,2.0,2.0
01e697542f26cea0637d736ccd50d402f14abf3270f100a00c6dc1e3643af057d2b5b0c9f24a2be4f8cecf1f661ded53903a4f5f207d6fb67bca799efdd1fdf8,CLEAR,DAYLIGHT,DRY,FAILING TO YIELD RIGHT-OF-WAY,2.0,43.5,2.0,2.0
01e6a4e8beebea6816023aeca669064f91aa39ec0fead9edaf599c94068dfb9949decfe404eb4ded3e5ad30c11e989b11811aae12f358c3a8e8b85d82eff0733,CLEAR,DAYLIGHT,DRY,FAILING TO YIELD RIGHT-OF-WAY,2.0,32.0,2.0,2.0
01e6bf22b77d43b82180ed45696329c8441ebd2ff09991d507fd0c57b8d88fd36b9548b8b1e61418378640472838c352e46054b9f3d4bb1358bddc4a84a87a51,RAIN,DAYLIGHT,DRY,DISREGARDING TRAFFIC SIGNALS,2.0,22.0,5.0,5.0
01e6d6a88f6d442afc0df80cfe78b3e1ee59d9a566bf353b69a4a122ccc091d747e9b3a5c381fff74e9f8596e02ed5bb9defe83926375a96cedad5c05912d8c0,CLOUDY/OVERCAST,DAYLIGHT,UNKNOWN,IMPROPER OVERTAKING/PASSING,2.0,22.0,1.0,1.0
01e6e589cfc759c3c3b099db9520f5a808aef4897a48b00f44251c34284984d5fba321c0413a91a43f9f3a39b07120996559712c294cf3fd339eabc106542c08,CLEAR,DAYLIGHT,DRY,FOLLOWING TOO CLOSELY,3.0,42.666666666666664,3.0,3.0
01e6f21ff19296caa68da6d4ce252e71050845c1ea4fcbaff2d2a41d757d06b63eb6d12d317a7153b4d18defe4411e1ce5a1fb4565cb91558fb0ddae652ac5ab,CLEAR,DAYLIGHT,DRY,IMPROPER BACKING,2.0,37.5,1.0,1.0
01e73735eefb6d3534b7497ad827e8da689ccce0cc6b12554a02ed14bcb9316576be4582334ea9a6819df9a097f1e78a268b65631ff2e1256430c0475e4561e9,RAIN,DAYLIGHT,WET,IMPROPER LANE USAGE,2.0,32.5,2.0,2.0
01e75acb1d3cec5fa3a6f8324f76ec6ece5fed352c7f65e62f32ae361d22ad6cbf1f86941b8ccf62553f18cdc585666e05dd24ff6ea4eff69160ddcbaeb3b073,RAIN,DAYLIGHT,WET,IMPROPER TURNING/NO SIGNAL,2.0,30.5,2.0,2.0
01e773e168030bb8b5044a5217a4dacb8ef20a5274394b3ce3cf6340c9521f450b1544b8571014216e12a4fac973ce0e0073a75aa20cd22ae7a8de6d181f729a,RAIN,DAYLIGHT,WET,FAILING TO REDUCE SPEED TO AVOID CRASH,2.0,34.0,2.0,2.0
01e78af605bf28925304b0754dd46344f956ac498c6b18a142a7aafc29f8753e0393a633937843e3a36180e9c1dfb903d3f4affa19e7309147903e79a3b1d3b2,CLEAR,DAYLIGHT,DRY,DRIVING SKILLS/KNOWLEDGE/EXPERIENCE,1.0,37.5,1.0,1.0
01e78ca3ff223b383bbb7dd5fed6917e273592453d83f367a7f3ba9329214c1672a5f29fe964c45855ebd9adc9d7d8f29a726b033e9d65a362db7aede3d9deb0,CLEAR,DAYLIGHT,DRY,DISREGARDING TRAFFIC SIGNALS,1.0,59.0,2.0,2.0
01e798ccc977a8cc5d3df327186a5c308b44b6a4fa3516f58e56ba834a8ba018bd35185aa88eb057884d4af2659748ef7c6f05b6df70f97efc451790455f9806,CLEAR,"DARKNESS, LIGHTED ROAD",DRY,FOLLOWING TOO CLOSELY,2.0,17.0,2.0,2.0
01e79992c4e19ef1b49c60c4b1f38736fd66fb5a9fda344cb451351015551083ba13fd410edb2c6414a872b90fc039089f59596f32b13b6975de2fb467f925f9,CLEAR,"DARKNESS, LIGHTED ROAD",DRY,DISREGARDING TRAFFIC SIGNALS,2.0,22.0,2.0,2.0
01e7a2358f5266911e99aac4d65a86cabb5a335fc51741369bd46bfe4ff94d0ab174e8563f6041d4de85d7418e2ea9c0807e5bd0444bd19730be7add9edd0f52,SNOW,DAYLIGHT,SNOW OR SLUSH,DRIVING SKILLS/KNOWLEDGE/EXPERIENCE,1.0,32.0,1.0,1.0
01e7b3c04cdf70d18e6ee9107bf3ca97f1375b6174fc91b066f361a39b6d2481b439493925d20ab18207b5df8e013fb5a8953eca2bd4764eb8c1b250eebaee02,RAIN,"DARKNESS, LIGHTED ROAD",WET,FAILING TO YIELD RIGHT-OF-WAY,1.0,16.666666666666668,3.0,3.0
01e7c7096fbf711dc11d2574b1036f6789af2b565d870872f7635e8518b02611930098c6b65464e6d850cbc20528fcfbbebde99fe3d3f3f47d7f2047dd0c4f4b,CLEAR,DAYLIGHT,DRY,FOLLOWING TOO CLOSELY,2.0,49.0,2.0,2.0
01e7db9be6b97c6b848bd111348f83a819fbe707c596276ca2d464786670f762ee2c2e08127e9588d10edae8a8882e97ef2a517b1c4722bd6c3a0758c7ac6ae7,CLEAR,"DARKNESS, LIGHTED ROAD",DRY,CELL PHONE USE OTHER THAN TEXTING,2.0,20.0,1.0,1.0
01e7f5526d85e4d08872c3730dd55ae930da46520ca4f9ce32acee24b4f8dcf17823192b9f1ac657c1b06654c211c5448fe70954fa45df9c2cf6aca837501430,CLEAR,DAYLIGHT,DRY,FOLLOWING TOO CLOSELY,3.0,35.75,5.0,5.0
01e81073f028242fbefc8facb85ee4ac02688d5d7b77bd02bd45740f3d4dca847e949e1b6d62f46f5401398d961f7f5c428760bf8cfcb6b5f7481e3a312d5695,CLOUDY/OVERCAST,"DARKNESS, LIGHTED ROAD",DRY,"VISION OBSCURED (SIGNS, TREE LIMBS, BUILDINGS, ETC.)",1.0,53.5,2.0,2.0
01e8308f44ea517f498f7d93db13dd62466922c8b66296682742a954c1c9e265608dc89a542a3e759d11192bf84558f71d0074ff06c0b060d0ddb6e06003f9f2,CLEAR,DAYLIGHT,DRY,IMPROPER TURNING/NO SIGNAL,2.0,47.5,2.0,2.0
01e831b46662dc6d866a3504909ed609b154861c20ea351c0661b8ad44d9b423e23c7f3d58c2eb9a2a693d28dcd74a81071782afdac6dc0df4eaa39cb5b44466,CLEAR,DAYLIGHT,DRY,IMPROPER BACKING,2.0,23.0,1.0,1.0
01e8552de592528a6fb6291f4e169d724e27ab43e5a6cb41bc80b60721fd4e02b3b53d584ea744686d34bb71259b6a898ad977840960a7194238ad42b1786fc4,CLEAR,DUSK,DRY,FOLLOWING TOO CLOSELY,2.0,41.666666666666664,3.0,3.0
01e8573c772f247bdcd5088d98304004982fffc4bddc14845518ba88e0434e90b25950ceb09f83304bf13d5e07c219ce2a8ee3581cf341342d09538ed17ee5b9,CLEAR,"DARKNESS, LIGHTED ROAD",DRY,DRIVING SKILLS/KNOWLEDGE/EXPERIENCE,2.0,20.333333333333332,3.0,3.0
01e872a561dd8dcc5e6c8b269e3437dff6cecedd048d8d6fd5242fe7b05c4751c4f04168c53d79bac6cac044232bd9b2f99c0054562ad96562eb7cf394928fd2,CLEAR,DAYLIGHT,WET,DISREGARDING STOP SIGN,2.0,25.0,2.0,2.0
01e886be360527460c6fec511c00d4e694afefa9fb3ded9f78a3049141335fa568bbc98fae1b97217ea344c33d3d1590e92f0c049b1819934db66b4a16e6588c,CLEAR,DAYLIGHT,WET,FAILING TO YIELD RIGHT-OF-WAY,2.0,35.0,3.0,3.0
01e897c0c28d08d4b32b81cbe8374ba539875b565d6cd8bc5baee1f90d176c57b3ba72d5d4b18f723bb0315b008a7e1062ba57439088ea11290f64113e8ff407,CLEAR,DAYLIGHT,DRY,"VISION OBSCURED (SIGNS, TREE LIMBS, BUILDINGS, ETC.)",2.0,55.0,5.0,5.0
01e89f671a8efa06c2c8c48ce7d8773e84ee166535464847109ba2a1b7661c43388429ce3191e6aa76fa44292a884d7ef84c57686c8ea25d9da6375ede9f659e,CLEAR,"DARKNESS, LIGHTED ROAD",DRY,IMPROPER TURNING/NO SIGNAL,2.0,28.333333333333332,3.0,3.0
01e8a4e26d766faf59a6a17040af6e1fba164b06ef9680c676ae88cc3421b75e62a8f051bb1701eb29399e8e3258f8ac67cbaa6184dcb6212ff4027cadd24cf2,CLEAR,DAYLIGHT,DRY,FOLLOWING TOO CLOSELY,2.0,37.5,1.0,1.0