crash_record_id,weather_condition,lighting_condition,roadway_surface_cond,prim_contributory_cause,total_vehicles,avg_driver_age,total_people,total_injured
01e8a892f948bd66ddf55179907c757896d187d90ca0868094c299ac78d8a96624f1cb560dab3e767e944ba1a355a698765bd2eeda7bb1f1bcf73bf8463bac47,CLEAR,DAYLIGHT,DRY,DRIVING SKILLS/KNOWLEDGE/EXPERIENCE,2.0,35.0,2.0,2.0
01e8b995da1ba79616581501b7118f8cc985b673235658b5125778717ccdd7c4e304033a4b7a735466a7aaa36f44344d628aff5a726e6a25b9de2d863488d8cc,UNKNOWN,UNKNOWN,UNKNOWN,IMPROPER BACKING,2.0,24.0,2.0,2.0
01e8c65cf58347ca418ac3739eca223918cb1973358a82117d8d7b1eebb5e61725ee42f5d92ca1f0ccbf265c0dda1ddbd9196704d487d78b6a6a78ee0305324e,CLEAR,DAYLIGHT,DRY,FOLLOWING TOO CLOSELY,3.0,46.5,3.0,3.0
01e8d922baae8278948382e8a3737fef4ca9ed69b8c81fa49809a1d64d1bc53be8ac2d41596d6f1e29139e54dad46ca5887f84acfd55d21dfd3c3b23dcdc67bf,CLEAR,DAYLIGHT,DRY,FOLLOWING TOO CLOSELY,2.0,68.0,2.0,2.0
01e90ed10c7b10c41a1188c70c5a635db0eac9b0bbf5ddd4a229c82dbfe7988ec37a07686d6f7673f76ac86fbc100c719a89749be5810f3b73d01fc58d3778e3,CLEAR,DAYLIGHT,DRY,DRIVING SKILLS/KNOWLEDGE/EXPERIENCE,2.0,37.5,1.0,1.0
01e920993391e24d9335afaa1915eb1594eae4b345bf9c1865e83e98689e210bedcd0040d8b96746045a7928b4e4d2e2c28515e724dbf39f56d527251b9658d8,CLEAR,DAYLIGHT,DRY,FAILING TO YIELD RIGHT-OF-WAY,2.0,58.0,3.0,3.0
01e923b3df77e2ae8a415e36ee7a4179ac3b0d929eefec1c230d6eb249fa69b81f0663d1c108968dd16cd8251a93b1cee391e8be2a454a3d8320eb9bb339a956,SNOW,"DARKNESS, LIGHTED ROAD",SNOW OR SLUSH,WEATHER,3.0,59.0,1.0,1.0
01e9632bc3046a9644ea6f8dcbf0b8758f5f05bdb40ab89a5a4a0c9c6436e6d5efd7a2c649977663e4302e356e035497a8c04ff40aef8f55034d50f1fcfd80a8,CLEAR,DARKNESS,DRY,FOLLOWING TOO CLOSELY,2.0,41.5,2.0,2.0
01e97498d3190e8cf54eb1fe083e080ee10e1feeb4618130f69f8f20b953ad7c3103d3e2bf95695ec4e47bede489039df3f9db5885b1402b440c33333c5db0fc,CLEAR,DARKNESS,DRY,FAILING TO YIELD RIGHT-OF-WAY,2.0,37.0,3.0,3.0
01e9d82772256ff835aa4eb7fe3b014f785bb94b73486f123f352fa1f1ea8a07e0238dfc62f0b2eb0f7621d2f76d11de237605c9065c016b04aaf89bd033f187,CLEAR,DAYLIGHT,DRY,IMPROPER OVERTAKING/PASSING,2.0,63.0,2.0,2.0
01ea02075da7cf3a440945e4aa1431765331c800453bc4219d24d283b9bea3a8de2c0ef496977da9b677ade99f1f2533c7a59fc0cec123e24e170430384403d7,CLEAR,"DARKNESS, LIGHTED ROAD",WET,"OPERATING VEHICLE IN ERRATIC, RECKLESS, CARELESS, NEGLIGENT OR AGGRESSIVE MANNER",2.0,37.5,2.0,2.0
01ea0d4c1c87bd32348dd522e711159de537248848865e3ede14bafc185c53d0e69c7a204cf6268ff99aac62f5216a24c6151f37a3712815f61478a7b9aa2a58,UNKNOWN,UNKNOWN,UNKNOWN,FOLLOWING TOO CLOSELY,2.0,28.0,2.0,2.0
01ea3cf09a2077716e0dab402559a16349d2a93e809a8ef2cc99d37d9e87e4ebf0e244bcaec085ff51f370ca965e100a74ba4c69abc30c55a0bd727665565de3,CLEAR,DAYLIGHT,DRY,FAILING TO REDUCE SPEED TO AVOID CRASH,2.0,41.0,5.0,5.0
01ea67afdb0122681184c1bac5c610738197e6a386f8ebf97e5fb5aa55b7edc8332aadc41f653c6a4209758ee70c33d556b11779fd6cb738cfa848245c5473b9,CLEAR,DAWN,DRY,IMPROPER TURNING/NO SIGNAL,2.0,26.25,4.0,4.0
01ea6c5d86f8fcb7fc53ebd1b0e41f5023c968240be7c154787226fec6e9b7e1bd9220831aaf4a815a8235962ff060932d1dc9618653522307cc514ad44b6a87,SNOW,DAYLIGHT,SNOW OR SLUSH,IMPROPER BACKING,2.0,32.0,1.0,1.0
01ea9434f4d2aa426275ee527732aa4be874e53d59a82a5e31d1cfc8b5742e488b168de986393db4cae6454cdc3bbc78c1f37c69a3693a2c211149a232212351,RAIN,DAYLIGHT,WET,FOLLOWING TOO CLOSELY,3.0,71.0,3.0,3.0
01ea9d48390e03a768e6184d6db0d84ebe7f8d689510e27b55c7f2681e1b4246bb31bac870757ea0623e67dba58443cc205a6121b34e702b81623ce3a048370f,CLEAR,DAYLIGHT,DRY,DRIVING SKILLS/KNOWLEDGE/EXPERIENCE,3.0,24.0,1.0,1.0
01eaa330b64510823147ba100e3659a653e81893e390bbba231ef5f49224fe30690e3702822a5a8f93206960ac789102359534dbd3a37878cbfadd1c9194d9ad,CLEAR,DAYLIGHT,DRY,FOLLOWING TOO CLOSELY,2.0,27.0,2.0,2.0
01eadf1ee3c63a568104ff3547d09b618e353f78f95f8fd343cd2fae671176c2b3fd4a1fa8ef659fa72fdff3afa31ccd3084a4fdedfe1a316611797515a646a1,CLEAR,DAYLIGHT,DRY,DISREGARDING OTHER TRAFFIC SIGNS,1.0,21.0,1.0,1.0
01eaf0538dad75c9211c78bd647e91be2fc1e8bfb04a6980d4eb3f14c477b0a02c27ace9aac1269cc54be72d62fd8104be2e42d551497ecf78349b7197761c26,CLEAR,DAYLIGHT,DRY,FAILING TO YIELD RIGHT-OF-WAY,2.0,24.5,3.0,3.0
01eb2a8660e17e2d096bd9ecae56f9a290d5e8a275238920f719d032422bc67e035c2c96fc6d74f001dbd2a0dcf532020750485693d0ead5b66dd73a6a66810d,UNKNOWN,UNKNOWN,SNOW OR SLUSH,WEATHER,2.0,37.5,1.0,1.0
01eb75485f6215d7b60bc219666c21564ac2ce46c578fbc63c3e89f1b680bd0695ba367b01c9e746a6b5722714384fdf7819d9dc2d387547623d88cc6812f915,CLEAR,DAYLIGHT,DRY,FAILING TO REDUCE SPEED TO AVOID CRASH,2.0,37.5,2.0,2.0
01eb803f94bde684ec0240f1bdf702a1cf8d10374e126a622c4c0ac903b71d393d1a1cf198d3942960f33d1d737f914a3e4ff4331cb8e68cafe0a78f85329bb4,CLEAR,"DARKNESS, LIGHTED ROAD",DRY,FOLLOWING TOO CLOSELY,2.0,22.0,2.0,2.0
01eb9006d896749ae2225235ff939c92b91de3ce48dbf67ab74b539af786c9e6e674f9aff42731615e131f55a1ebe17c67361064b3a91b9540a5bebabb855601,CLEAR,DAYLIGHT,DRY,IMPROPER TURNING/NO SIGNAL,2.0,39.0,2.0,2.0
01ebb821c30fd2c3cd11e0c671b83f6b818ecd62674208203491aacd26dcbcd1d2c96fd5de5f38338759b0d1dcdac992b868343d20bf4e92ce4e5739b91bdc71,RAIN,"DARKNESS, LIGHTED ROAD",WET,DISREGARDING TRAFFIC SIGNALS,2.0,26.5,3.0,3.0
01ebe7ad371afd8cbdcffb85b964486e8a593cbf82b0bb0fc648362f031c279ab46e18821c8358fb1ccf844d45f460878b34f23636a4a2a9fe50a0b74867e5a4,SNOW,"DARKNESS, LIGHTED ROAD",SNOW OR SLUSH,FAILING TO YIELD RIGHT-OF-WAY,2.0,21.5,8.0,8.0
01ec492d6e0ce059fb0a7c7405fd70145db24a290bbdaf8f836729c2c2464e6eb56c7b9f778ed6d5a1ccc6631a7bbac8a141e44fee4175991ff5a1697a94bd14,CLEAR,DARKNESS,DRY,IMPROPER OVERTAKING/PASSING,2.0,32.0,2.0,2.0
01ec5199a76d7969527f80109c293701d8357db86eddec2e40ae38958c217a212968c4ce753ca2d1bb12f8bd82573f9e02fe8fe6e1d380779d1c575169a2546c,RAIN,DAYLIGHT,UNKNOWN,FAILING TO YIELD RIGHT-OF-WAY,2.0,41.0,2.0,2.0
01ec823b1a7572d0ff008922fa94c99444d66b99a0115c702749b7aeb5156095af1acd44d0985647375e2b7c72b961c8bacafb72045b89f5dd148e85419cfa40,CLEAR,DAYLIGHT,DRY,FAILING TO YIELD RIGHT-OF-WAY,2.0,32.0,2.0,2.0
01ec83aa78d2926615dd7da1d73e4e81dea194b853ed98c0fd01b772859b19dce594ec78178ece8fa79b5b168ca5030169d9eb31edd3606a27b0da505979d723,CLEAR,"DARKNESS, LIGHTED ROAD",DRY,IMPROPER OVERTAKING/PASSING,2.0,32.0,2.0,2.0
01ec8d579fa92b995e16dd1f676ae89f120fe7c879efb2df8d7a8d475c6a252657336fe426809fc8696efc75b34e1d106da6ef7ddba16b6070fd972871389f57,CLEAR,DAYLIGHT,DRY,IMPROPER BACKING,2.0,22.0,4.0,4.0
01ec8e950dbc4304fb2a1402ddccc1f543d01f394c0566bbad1206e53799d651d341eb6e898a77e9209d1f74cee496e9ca84e4260462e777f82903041c5a6444,CLEAR,DAYLIGHT,DRY,FAILING TO REDUCE SPEED TO AVOID CRASH,1.0,48.0,2.0,2.0
01ec94c91735b1d5baff2be48f8211317207c488231c55c7c1da3c5c1ee6ed54bd8afbc62e8946e4ce487da7a62d6684894f00494f30c8a6fb4a265e852fc7be,CLEAR,"DARKNESS, LIGHTED ROAD",DRY,FAILING TO REDUCE SPEED TO AVOID CRASH,1.0,33.0,1.0,1.0
01ec9588e41072a94c5122db29a486532834650b8342fce89901286bad30bede95473b09b169832bd0d1c5ee9ef4277c2643a21deb42b4db2d65a6acba17d624,CLEAR,DAYLIGHT,DRY,FAILING TO YIELD RIGHT-OF-WAY,2.0,33.5,2.0,2.0
01ecc25b8c54e93cf9c1f51900fda386653422c25d5c80fdc1543674ae9091d65d752e462461dc77b5a7a03895d1b4b4e9d72a83c6fca16c7f4f16ff410fca14,UNKNOWN,UNKNOWN,UNKNOWN,FOLLOWING TOO CLOSELY,2.0,37.5,1.0,1.0
01ecc53bac50f18e1fec4292645bbcc1c18d3afd0195ae1ff1ff22f38bb5f001548ac422aa47e0fbc8736c4212122fef7a87552131da8353849621df511ae191,CLEAR,DAYLIGHT,DRY,FAILING TO REDUCE SPEED TO AVOID CRASH,2.0,41.5,3.0,3.0
01ecd0bdd28c48dd5cfb17ab1ede9a1820ede458583beec7e40b813815db69f0abbe246c2791dc6e105506e31ea7e21a2733d45a66adaa7970094f72cbd36e7f,CLEAR,DAYLIGHT,DRY,DISREGARDING STOP SIGN,2.0,32.5,6.0,6.0
01ece38501d493f8e2a610a1dd7ebc48383b33d8681e3fea55aa426238d25936a4cc772c923b3e402fa5582e7cc0107d178d51f65ef59a173bfedd4d6f32de87,CLEAR,"DARKNESS, LIGHTED ROAD",DRY,FAILING TO YIELD RIGHT-OF-WAY,2.0,27.5,2.0,2.0
01ece3f58b055b15e5faba25d24855fefa578db86141b383b4c989cac1e2e672fb8407a3ab8ee76606966d6f2983ce498598b485acefc169e86382e4a0f97e61,CLEAR,DAYLIGHT,DRY,IMPROPER OVERTAKING/PASSING,2.0,21.0,2.0,2.0
01ecf0a374a98d04843c5846a1045ff4a7b48705bd57ab67f550ea7165c0f27ca59a59b17a9f3c59e0414f81c769cc805dd22d0d646151aaf3f746cbe45eea1c,CLEAR,DAYLIGHT,DRY,FAILING TO REDUCE SPEED TO AVOID CRASH,2.0,29.666666666666668,3.0,3.0
01ed1469b35a5131ed61cc211e8ac0409adbe66baa86671e0f22bfa60cc0097646b1c1ba66e32a99045b8e8c9d725aa44d4d96eaa0caef2de7464f0d2318bd7b,CLEAR,"DARKNESS, LIGHTED ROAD",DRY,FAILING TO YIELD RIGHT-OF-WAY,2.0,33.0,3.0,3.0
01ed3306d7e0aea3c91aa563755684b3177166f9ae21302d64fa7df967367cfa065f839e1e24fac766685a68515e3e1683e60788bc54c3b9bf8f9dd34992e556,OTHER,DAYLIGHT,WET,WEATHER,2.0,34.0,2.0,2.0
01ed73610693b2c4bd0d56e6bfad6326bf761b3689ec5cf930f8014df23ec06d0700b9994aeb6dda5eade66e2a3026a0141dc64ad51969c8b15bd4b0fab7de47,CLEAR,DAYLIGHT,DRY,FOLLOWING TOO CLOSELY,2.0,34.5,3.0,3.0
01ede6943f26a91e660307e3a5ab5c04d8267e989b2457a87626bfe70348071341540a2ca0446a8609a76f0c75c80776e33de40651e7b5d6cef4251360c55d18,CLEAR,DAYLIGHT,DRY,FAILING TO REDUCE SPEED TO AVOID CRASH,1.0,39.0,3.0,3.0
01ee08cd3e1f4dcd51e92a99c47a45a8de2505fc3b42a7798c1003d4786a2878ca19be5b89598cc6bb9858d173fcf32076283643d8b2595e8398af51092ff698,CLEAR,DARKNESS,WET,FAILING TO YIELD RIGHT-OF-WAY,2.0,24.0,4.0,4.0
01ee24b5bd0c6d84c6b247fcd7c5840b3a2d5e0b2c601d7ec8de06692add5a0fc88776b92fe6aa59954ad210038ad0d4c815ff91cabdafda3ac1d1d51caafa56,CLEAR,"DARKNESS, LIGHTED ROAD",DRY,FAILING TO REDUCE SPEED TO AVOID CRASH,1.0,66.0,2.0,2.0
01ee6601d35d8fb2199f20a71b4915ff9739229449ed3a6e855e96413edb613a0996eded3260d322c63e8c2670564f1a1d0ca6ad92130a5583f0956a817471c4,CLEAR,DAYLIGHT,DRY,IMPROPER OVERTAKING/PASSING,2.0,36.0,2.0,2.0
01ee7a5d62d404345611f7529c64690829c86fb9b7d1f8a9c29cd5f1260fa0bcb09cb0e05ebf2463f001ba3a326ddc0dd78015f2c13ddb112abf33abaf12f90f,CLEAR,"DARKNESS, LIGHTED ROAD",DRY,IMPROPER BACKING,2.0,47.0,1.0,1.0
01eed05589aa31088a3069ddff1a5bb1b2e1e4b53a6b00d0b4084911c0d6e86e9e0d5fa18e23ed531662ba3f3355fa30a14935954e33e0cda58499abfb6eff8f,CLEAR,DAYLIGHT,DRY,IMPROPER TURNING/NO SIGNAL,2.0,18.125,8.0,8.0
01eee471c46f8c7eca274a96380fbb970905a18ecfe5ddb3a7ad89a50c4fc4eceab140db433a193815b2928a0e59ae99b6010008f32333021cdd758698f41657,CLEAR,DAYLIGHT,DRY,IMPROPER TURNING/NO SIGNAL,1.0,37.5,1.0,1.0
01eeee2d7e9793b09ba55142261cfe984db0bde8b91c190a3a8aced4d0e8bc38750d04a86cbc1f1a7a17c3372f105daed5ad97389aaed42c1a67828be4fe97ac,RAIN,DAYLIGHT,WET,IMPROPER OVERTAKING/PASSING,2.0,40.0,2.0,2.0
01ef0da46e678f3ff0dc8d8893d736ac757cc318825132109482bf721b3f4bac0eda07c582a67855704f2300ec8150bb7469363e66adee2622f2c741d5b37ad3,CLEAR,DAYLIGHT,DRY,FOLLOWING TOO CLOSELY,2.0,37.5,2.0,2.0
01ef2d1ef846282ee48bd11b564398e14138a53d3629de08faf4b3495c05a68e7c3c4143c0ca844a0069edebd06d11f25ca9bbcb7e3fb2bcf1acf1bf2ebaa474,CLEAR,DAYLIGHT,DRY,FOLLOWING TOO CLOSELY,2.0,40.5,2.0,2.0
01ef375e5f4ecf617d44b53696656be28981f02362841cbe4c4d29f68c92717f62bda57be6858fa8d113f625e5c9009fb95066c602dc5257538c367e4320e956,CLEAR,DAYLIGHT,DRY,FAILING TO YIELD RIGHT-OF-WAY,2.0,18.5,2.0,2.0
01ef4216fd7602a8a3aab0ac1372e8e65d4f41343987aadf0f1fb4a31f0d5c17b9005be898e3ce0c904d3cc4d8a68f9127235581aa71fbb61dc22acc9decd8e8,CLEAR,DARKNESS,UNKNOWN,FOLLOWING TOO CLOSELY,2.0,26.333333333333332,3.0,3.0
01ef624ce239d81484a67255cd7ced8fce756f732cd1c9894e79b60c90eb2db15dd66035c12ffb0a75090568117ac02167fc844d8c2302b64a5157992441a106,CLEAR,DAYLIGHT,DRY,FAILING TO YIELD RIGHT-OF-WAY,2.0,36.666666666666664,3.0,3.0
01ef6290452182f6a53c66f74e9a5cf30e1a337cbf82d46104a645457db117d959d742a945d4ef1bd079e06bf24987b2acac90c10f9e5cc5242975a3b2cd8f27,CLEAR,DAYLIGHT,DRY,IMPROPER BACKING,2.0,69.0,1.0,1.0
01efb405258d48a6cce3b0202de27a2ca0bdc568a7a72abd20a82561f73f70ea21705a16374f654f5e5a31382d504cface5c8f2ce495ca940f1c1b7f991a7030,CLEAR,DAYLIGHT,UNKNOWN,IMPROPER BACKING,2.0,53.0,3.0,3.0
01efd33352f11199675e6375cb036279389a1436af2bbd4dc940c116aeb9f8562e4a2c3bcdcc250d56c1d736e2931a197707f516ef2462ff59be27976ced6e6b,CLEAR,DAYLIGHT,DRY,IMPROPER LANE USAGE,2.0,35.5,2.0,2.0
01efdd0f5ff31612229d76fc1e4ff8e2d098dd99b48c0c1c0269166affd31786a78d818924095ba31e81fd9891b6f0ba0a8154d6d39f858f779771bbc08350a4,CLEAR,DAYLIGHT,DRY,FOLLOWING TOO CLOSELY,2.0,21.5,4.0,4.0
01efded8f91b8aaa6ec58ff04829f0e9440caeeca5a40b902d38b44365bc24404076491befc9007a40c2445c8eaed5e7539b3d83cdd29b691144e10e0380e375,CLEAR,DAYLIGHT,UNKNOWN,"VISION OBSCURED (SIGNS, TREE LIMBS, BUILDINGS, ETC.)",2.0,38.0,4.0,4.0
01f0353c193f0be4861ef9c6b132f004a955f13064a25e87c9da7ab76bd4633776a4c6359e22505518dcba516f99e5f6c4083c72e4ed0a165a5a5147b7d649ac,CLEAR,DARKNESS,DRY,FAILING TO YIELD RIGHT-OF-WAY,2.0,32.0,2.0,2.0
01f071ca87d8e83d14b9944b699d60acfbc0262d925964783091c8dc4e5a0fb52e7cb1f1f08676c762ab7efdfbdccdc0447cf7346d13787224bdab99b2c228e1,CLEAR,DAYLIGHT,DRY,FAILING TO YIELD RIGHT-OF-WAY,2.0,19.75,4.0,4.0
01f0957e4f4a151d5032394e21fdd62b30f9e7aab1f09da66d3f27eb9fbe3c6ab3d44353d5d75283ad754da7636752bcbf5527a81bc972d5ee37942b2ca34eb3,CLEAR,"DARKNESS, LIGHTED ROAD",DRY,IMPROPER LANE USAGE,3.0,57.0,2.0,2.0
01f0ab94e8a5bc12a8bcca1bf65bb1df5f2dd7228f4a802aa6c96d7ff91e4fc9911bbab211eaad7fc6c0b6755b1afc71c1322b0ac3bf4003e59622f7bbc41ca8,UNKNOWN,UNKNOWN,DRY,FOLLOWING TOO CLOSELY,2.0,46.5,2.0,2.0
01f0c16978564ebce3813f227735f47f2822ed06576b28f4c9b87f0f6b430ff496d10fb65a9fe6c9695f52e39e3ed7843353b755316d76bbf5531092a28bd40f,CLEAR,DAYLIGHT,DRY,FAILING TO YIELD RIGHT-OF-WAY,2.0,72.0,2.0,2.0
01f0c631bcb4f4aafc5104bef50df87e542cab2a62ecab715c5dbd19eeb000bc7a176b714c2ce96dcbab07bfbcba2ca6220305f68cfaed7c581229be7e001d04,CLEAR,DAYLIGHT,DRY,DRIVING SKILLS/KNOWLEDGE/EXPERIENCE,2.0,46.5,2.0,2.0
01f0cb75543bfaec0f2e977538c9d660e0bdaab6495e3115a5cfa47a8eaccd618b8e151e8f08e03a4111c34f16667406038bd0545593bc11007af8d186af3692,CLEAR,"DARKNESS, LIGHTED ROAD",DRY,DRIVING SKILLS/KNOWLEDGE/EXPERIENCE,2.0,26.5,2.0,2.0
01f0e9eaf269c0f2ff71c9e9b824641ce69bba1122389182fc418ebea988370d348975853e4f8f0fe8db96a27bda32c7d6935d8e09001c59389dfd3ccc467115,CLEAR,DAYLIGHT,DRY,DRIVING SKILLS/KNOWLEDGE/EXPERIENCE,2.0,17.0,2.0,2.0
01f116bca2c669d79aa0cec98a80ecdfcd8ed732326c2c3e6a8fbaceb6726147b06312548ca4f6c538dc71bfba06dde639dd65b3460963d318414ecf17daade8,CLEAR,DAYLIGHT,DRY,IMPROPER LANE USAGE,2.0,54.5,2.0,2.0
01f11740bb249627173af60b9e2932cbb058bc74e1e5839dda373ad074b3b3e95ee8c77d6b22436ff4e2524f608b86d930d0c5f16228044f077cfd7a39098396,CLEAR,"DARKNESS, LIGHTED ROAD",DRY,FOLLOWING TOO CLOSELY,4.0,33.666666666666664,4.0,4.0
01f123caf770b1b75657bc18ee1934ae319c21aad9a68accbdf42139b93df3468b8460cc88657fa38110e0411cde4c1a9e6b03eaf626fea29419b97a7623c3b1,RAIN,DARKNESS,WET,WEATHER,2.0,37.5,1.0,1.0
01f15392cfcb1a4d13c9e6b8b69b7d2c8e0c1d04e13bcbde2d4131dc817aceba0699a9909d474c995b4130427459adf60017b2fc646671dc59838a86bd3933a7,RAIN,DAYLIGHT,WET,WEATHER,2.0,37.5,2.0,2.0
01f19140135c69f6f4f1c7a261b2fbe37a23f4464bcb025c1a11e9f2ff880269b754ab60cd3f39b6634c43812b2e71087e5fa34d1e0f4229cb47884773e1d9fd,SNOW,"DARKNESS, LIGHTED ROAD",SNOW OR SLUSH,IMPROPER LANE USAGE,2.0,30.5,2.0,2.0
01f19159b91fead68bd749dc49509d84c4fde04f2d03a975bde741312dd3d8ce4cc3ff6e1502534afaa03d61b42eb1862aa5b97dd3ee354e92905ebba0604f8a,CLEAR,DAYLIGHT,DRY,FAILING TO REDUCE SPEED TO AVOID CRASH,2.0,37.0,2.0,2.0
01f1a68679e4b4d2d943e9b32c61400108bfced72846360bee95413e5a06f3a27cc24f4218788b378aebcabd0d567444ab56675cd130ddec13dd3b8eb1289ea7,CLEAR,"DARKNESS, LIGHTED ROAD",DRY,DISREGARDING TRAFFIC SIGNALS,2.0,29.666666666666668,3.0,3.0
01f1a7880714e38317e5984066b1fbc4f0b24e4c476df69dde4ed2184be8ae5a54e0fd043fbbd2c73b0777ca3209a56d983eccb52c124567d967797f9145541c,UNKNOWN,UNKNOWN,UNKNOWN,IMPROPER LANE USAGE,2.0,31.0,2.0,2.0
01f1c0afff6df64c4744f9b845c454ab43b5a8715dc3fd8ad201177c822b71d40bded649c6935733e1f3a085ae1ca7a208afc1727e9e77adc3c9eacae96ba3d1,UNKNOWN,DAYLIGHT,UNKNOWN,FOLLOWING TOO CLOSELY,2.0,38.5,2.0,2.0
01f201caf634e173173ddf2a9c1722beb3de995244ec42ab8abb87ee9c022fa3c377ecf9924b00ec0875edaed4e1bf8495f1f53d19bb2dfdd30d803caa69cc1d,CLEAR,"DARKNESS, LIGHTED ROAD",DRY,IMPROPER OVERTAKING/PASSING,2.0,28.666666666666668,3.0,3.0
01f2346871cad7cbef751642d36c8b371559075f327e95c869fd17ba4502db3260cf60de1f0c0f5943ea85825f5da39b1ad40f4fba69466a045e6b3789e1d946,CLEAR,DAYLIGHT,DRY,DRIVING SKILLS/KNOWLEDGE/EXPERIENCE,1.0,77.0,4.0,4.0
01f246dc958cc7f388ad55726846d0f37c5bf0ba48bd54b5ffd2678415d3f356f4bbb41d54381020d8203d63b27024f3036fb2da1e39f3896c28325777a41a41,CLEAR,DAYLIGHT,WET,FAILING TO YIELD RIGHT-OF-WAY,1.0,47.5,2.0,2.0
01f247facdc6f8ae84313e4555c01d8ffabb757e766b8ef8631b8c66b51b911d3431ebb6de5d37b558d911809a4c9814040d41f9378cf62409e866bd98472b5a,CLEAR,DAYLIGHT,DRY,IMPROPER OVERTAKING/PASSING,2.0,24.0,2.0,2.0
01f2647e0d4af77d919b7859ea81621a668c18a5e5228db598c84b17dd033d50819752cb11f229eba8675b3dd35a3d7ad591004646dd55914e42ece88feeb813,CLEAR,DAYLIGHT,DRY,FAILING TO YIELD RIGHT-OF-WAY,2.0,29.0,1.0,1.0
01f29f07d0e5062944a253b57fb660ef9e5adb3fbfab46943e9c10ac8c1985271188b0a30c71a359995fe2d305190003313843be93f07b284649b531e29fb3cc,CLEAR,DAYLIGHT,DRY,IMPROPER BACKING,1.0,55.0,2.0,2.0
01f2aa4f50127c0a1c21c2173fb80ec345cf514e4fc027c66a340379e2a2e80ae51d7aeaf1031ecae9f5d387aba355e669e42f7099d764b3c6a90f9d560351bb,CLEAR,DAYLIGHT,DRY,FAILING TO REDUCE SPEED TO AVOID CRASH,2.0,39.0,2.0,2.0
01f2b1a3221f12428ec2e87108b75daadb9d242969af795322fb94eb6772e363b2a014fd391007da87013418a0102106ee610e1c856967fdedf6423cdf203e93,CLEAR,DAYLIGHT,DRY,IMPROPER BACKING,2.0,46.5,2.0,2.0
01f2c38bcbc7d7c5c8ede9fda61e8c9b287590e431446b83d7f776c24b1ce39d20fb31305d2e5e6f0e69aee272ed89cb34ac4920bfc7717aec7affc5d01a356d,CLEAR,"DARKNESS, LIGHTED ROAD",DRY,FOLLOWING TOO CLOSELY,2.0,44.0,2.0,2.0
01f2e7dad72a31b23ae6fdc4da1cbe0037b19c15bcf14307fc746bde201e2ff246fce7265d0f6144d02abb951603b7acf687c9c8d5cd928cd774767123a78201,CLEAR,DAYLIGHT,DRY,FOLLOWING TOO CLOSELY,2.0,37.5,2.0,2.0
01f3099afab29033d3280a6841c7c5ad65522ad051a8a876ee11041307b3c59f0e1e428bb3604a6818f1bb09c57338f1ac16808eea97978ce650eefd11b72840,CLEAR,DAYLIGHT,DRY,FAILING TO YIELD RIGHT-OF-WAY,2.0,0.0,2.0,2.0
01f35c374bd4fd1c3b43ea24253798ce7e10cc59ce5ed96ad66d09b7efab5bec4609fc146cd2e08d97d360fb3da3361c7c87410542fe3dfec800bf8de7e4bf85,CLEAR,DAYLIGHT,DRY,IMPROPER LANE USAGE,2.0,35.0,2.0,2.0
01f35e16fc59ebbf9ea5d3df8a9faf40379db59429705f148d10204190e4bd29cd18ed2e13f86a1aafe918d2f0cf792ad72d9c710f96ad7bee821330c2c44469,CLEAR,DAYLIGHT,DRY,DRIVING SKILLS/KNOWLEDGE/EXPERIENCE,2.0,36.5,2.0,2.0
01f372e711bf92d0c683eaf3e428419b68f89690b03b093fd39085359aea1d672221da6bc08c365afcf9f2957b8d09ef8020ef6ed71701e6bd9f9c26baa14d16,CLEAR,"DARKNESS, LIGHTED ROAD",DRY,IMPROPER LANE USAGE,2.0,22.5,4.0,4.0
01f3730ca85ab5f699043648c3bee6c619d45a840e9ca70355cd6b113fdcef1cc91bcc8634598d1b643b5a424b5ac7248caa2187ead27b89f17aa722a290b134,CLEAR,DAYLIGHT,DRY,IMPROPER OVERTAKING/PASSING,2.0,49.0,1.0,1.0
01f385cfdb91ad7c65ad8c6e5b5745193334908145edd8946b407a8ce06b8452d9f8e72bb02e3e8483af82b8f13766045a9d1af8d501c92bb9929fc4c6554c11,RAIN,DAYLIGHT,WET,EQUIPMENT - VEHICLE CONDITION,2.0,18.0,1.0,1.0
01f38a00594128897e592e8d3ecff1cef0ec674e3562227b294196ff44c038e5d70da9ffbb555338d1e7bb60cd96eb9cdb08d5aa7f99ab00d4cc0c259df64f5e,CLEAR,"DARKNESS, LIGHTED ROAD",DRY,IMPROPER BACKING,2.0,28.0,2.0,2.0
01f3a087b1446f435a96051bd216f326e04fd29712445bbc9e4909b8d616eaf85ce77a9c382d12e54b13b5ca8028096129444a9e74672ce33baf9ba0e48add85,CLEAR,DAYLIGHT,DRY,IMPROPER TURNING/NO SIGNAL,2.0,44.333333333333336,3.0,3.0
01f3f156e11447f4cd33eceb784d9fec092752efba01b28fbdc42800ccd9b82c30893984fa594ab5a6fd6b8ef25e2ea3e065857dcdab09d95ce7728c76e2d791,CLEAR,DAYLIGHT,DRY,FAILING TO YIELD RIGHT-OF-WAY,2.0,37.5,2.0,2.0
01f3f9086068edb4b668a4bf321e234ee001d331ea73bfb5a9bbfa691bf8383ed802491f84723145c22e39cd9a1fbd3ffd729a2175ff859ce9da0e729054926f,CLEAR,"DARKNESS, LIGHTED ROAD",DRY,FAILING TO REDUCE SPEED TO AVOID CRASH,2.0,35.0,3.0,3.0