crash_record_id,weather_condition,lighting_condition,roadway_surface_cond,prim_contributory_cause,total_vehicles,avg_driver_age,total_people,total_injured
01f3fe79efa6c7c480cf24970fd04edd90f2066537016626a9c1bd740affa6548b35211ad790c089c25a9c298f8e01f10f76614c952d0f021af1002beec7c3be,CLEAR,DAYLIGHT,DRY,FAILING TO YIELD RIGHT-OF-WAY,2.0,52.0,2.0,2.0
01f42c292833025ac7ae917b3d13010e97174f159c7bd369c0868cba8623621e95340dd48e100743b52af8a1a26c352cf4729d18e3f6fde947d634d07adad258,CLEAR,"DARKNESS, LIGHTED ROAD",DRY,FAILING TO YIELD RIGHT-OF-WAY,2.0,30.333333333333332,4.0,4.0
01f44575f14dd56ccadea5a4ab8d444db95c830c65009547424777cffb9ec37394c6cb0387109db278ed91fc4382de34aad8cda1646b2c484134667312f23668,CLEAR,DAYLIGHT,DRY,IMPROPER LANE USAGE,2.0,50.0,4.0,4.0
01f4ff726b8c2317449b874247e47c9362ed1d5635059d5a74f4e2497595eb916dd1c0c8bf391e8189e6719ec553d0543086bbdbe8e177e14134a2ea7f9e4469,CLEAR,DAWN,DRY,DRIVING SKILLS/KNOWLEDGE/EXPERIENCE,2.0,62.0,1.0,1.0
01f51184c7e9a8515fe1e390986145c600f3df7ce42c321516792f2bd3da13554e9989df8708723f8cc7df45e13cecf4693d834a51dde9ba82525e39894ad9ad,CLEAR,"DARKNESS, LIGHTED ROAD",DRY,FAILING TO REDUCE SPEED TO AVOID CRASH,2.0,17.4,10.0,10.0
01f522e7705122d5c648eaabddfb688b2053fbec2836ea15bf2450e42eb7a887f2745817c38ad77596485b16e5e0e65833a37360b0854d4776f212f578329237,RAIN,"DARKNESS, LIGHTED ROAD",WET,WEATHER,2.0,37.5,1.0,1.0
01f546f19c1a9af44d1cfd4d426ecf7b031e9ce0f0ee84bb30fe3e28fbf1356b9fb6a4846e00f395b43839e989cdcea1f87c9db8290b28d12c509ad461641cd9,CLEAR,"DARKNESS, LIGHTED ROAD",DRY,FAILING TO REDUCE SPEED TO AVOID CRASH,3.0,41.5,3.0,3.0
01f54827bb722d595b86b346883c2bdcda83d7b46fac0e05231001051f8ff5b2097feb583b616a24cd883e2de880416cad4312e772b154eb1fb3cd6e6fe1ccc6,CLEAR,DAYLIGHT,DRY,FOLLOWING TOO CLOSELY,2.0,29.0,2.0,2.0
01f59be8f2d3470f9a05f072285b3ba584ffba60769c8b74092bb96eda8b22157eb83f1a5aee4f5bafdd9baa66a3fbc03d62a0cd7ad5a93cb4a30544150b31f3,CLEAR,DAYLIGHT,DRY,FOLLOWING TOO CLOSELY,2.0,55.0,2.0,2.0
01f5b1519b23da9796c0359ace631fdabfab7a3e6bab62626a449de892bcc9145cf6a4262ce98b384746b11243c5990ed1e0283630b723f15a397d008498d859,CLEAR,DAWN,DRY,FAILING TO YIELD RIGHT-OF-WAY,2.0,33.0,2.0,2.0
01f5dd575e078305931663f7e38579b9ac7744fc03afc0a2b83786ccce48784dfb73b2e0c0ff6b00e806e0e39d053d64f83881f70e6c6ff26bb5b304397d7ec8,CLEAR,DARKNESS,DRY,IMPROPER TURNING/NO SIGNAL,2.0,38.0,2.0,2.0
01f5edf9912cbe0d6440607cf21f018c68775c21349e25a9c7e2dfbb8ede8827bfadf6e186de285966ea3db9dda602d0865b1ec2eb41aad75d2922ec4f9ca266,CLEAR,"DARKNESS, LIGHTED ROAD",DRY,DISREGARDING TRAFFIC SIGNALS,2.0,23.0,2.0,2.0
01f5ee3b19b7884ff6f796db604d2cde56c13eff9d6214c49888d2c32192a40444081d6b16821bf1ef9c0a01b246b7e9844def8176db62be548ed0b7117bb198,CLEAR,"DARKNESS, LIGHTED ROAD",DRY,HAD BEEN DRINKING (USE WHEN ARREST IS NOT MADE),2.0,30.5,4.0,4.0
01f5f0a2c3d2fdf53b4d89f554143daa2f7a14b09e1c8a3dc010d958fdcd4ddfad92deac3818e2ab5e86c6c2fefafd0e4788fdee62cb4f2f3f5d787370e36929,SNOW,DAYLIGHT,SNOW OR SLUSH,FAILING TO YIELD RIGHT-OF-WAY,2.0,33.0,2.0,2.0
01f5f4cff841fb00c0f1ea49dc8b935dab46882d08a8057fab1f551e403a19922f8423b51ea7808dcf536bfc248e061b4aea6f94aa133430b7de086e78bd5967,CLEAR,"DARKNESS, LIGHTED ROAD",DRY,HAD BEEN DRINKING (USE WHEN ARREST IS NOT MADE),2.0,37.5,1.0,1.0
01f5fca849d6aab5133d67a6df065301a0ae6471aa0939d3c20bc1fbc7dce81001a9d32d18200cd6bcdc27fcedc23f6d4b191a3cd5720dddb659a5e7f6af5251,CLEAR,DARKNESS,DRY,IMPROPER OVERTAKING/PASSING,2.0,45.0,2.0,2.0
01f61a3ed77a3277471fee7a50b68d2eebb10ed10f9ff8f24e5c331a7fe51dea9e5196affcc1cb2ceafbde9e4f367f52797f1af8ff9c89dd2a01637ed9f29de4,CLEAR,DAYLIGHT,DRY,FOLLOWING TOO CLOSELY,2.0,67.0,2.0,2.0
01f61df6d4faf3198b55d67fdf98831aa55b34853f82bfd8ebfe0c17613bf05fbcf4f01f16702d0feff59a3750dbb5c65d9df0d22add0484d51c27cba09148df,CLEAR,DAYLIGHT,DRY,FAILING TO YIELD RIGHT-OF-WAY,1.0,38.333333333333336,3.0,3.0
01f65a78714a60a73fdd517c8b1ad23f22e8381048864257248078dc57d23c606a512a03d513e739b81a2b549da81df17ec882eba598557a461d4650b48bec9f,CLEAR,"DARKNESS, LIGHTED ROAD",DRY,FAILING TO YIELD RIGHT-OF-WAY,2.0,30.0,4.0,4.0
01f6665caca6d746b60116779d40252b9987f521a4007480189476fc43594fc7bdfc065b17b6bb9db5671a86555ec202a3b24a0531a05b4696b33c87c68ea32e,CLEAR,DAYLIGHT,DRY,FOLLOWING TOO CLOSELY,2.0,29.0,3.0,3.0
01f669eee3fd4ff6b577857e908adbd2e5e32f6a09246f7882cb505006fd22ff32cc427a9712595c2896da137aca62183618d125b1c9fd667a23984d0d38bd0b,RAIN,DAYLIGHT,SNOW OR SLUSH,DRIVING SKILLS/KNOWLEDGE/EXPERIENCE,2.0,22.8,5.0,5.0
01f68153a6413201e385c9a6e8873425df55cdd1c1cd1396a4fabe956d6a9d77e733e412baa17f03810a84396f415fce9265cd71807d73eef616c7353c8a9e9e,CLEAR,DAYLIGHT,DRY,IMPROPER OVERTAKING/PASSING,2.0,42.0,2.0,2.0
01f68c5d6eeb1219f7316f13afc87407bb2137fff156c12d1580153e2273083eff11ecc8dea548cc1cb5d94fbe116c438ac3085a4aed4ff82115406200eff9a0,CLEAR,DAYLIGHT,DRY,IMPROPER LANE USAGE,2.0,42.0,5.0,5.0
01f692f9fc18e26f98a4699bfc3071a28e84f665ff39e602da19dcb65c7f2dc087bdc866eb7a63cdfefeef87c968b24c0e9b974ffdbeeba57333c7abf2184264,CLEAR,DAYLIGHT,DRY,FAILING TO YIELD RIGHT-OF-WAY,2.0,41.5,2.0,2.0
01f6c358f56dd8b2a9a225081a9cda22b5d978f2e425c12d78c9f88801a8311375b18682f9d5a655b0ede05f1488ab8f3fbf8092ffbaa49b6df08dc07c0f784b,CLEAR,DAYLIGHT,DRY,FOLLOWING TOO CLOSELY,2.0,48.0,2.0,2.0
01f6e5aa9b06acbd16d5a2d8e16fc8a88089119c5fd6c0090c5f2c55011d84d7b89a1ff72904278dc4871115c0e7313eab46b5eec061718beef9714cbddda9a2,CLEAR,DAYLIGHT,DRY,"VISION OBSCURED (SIGNS, TREE LIMBS, BUILDINGS, ETC.)",3.0,37.5,3.0,3.0
01f6e8335a40f3e1344a81fdbc880230a74ca47574fabffcb8aa4618ef9792d83b36c4fe576d53e7b67650dca06ccb27aa08013378170e1329108eaa745040ee,CLEAR,DAYLIGHT,DRY,IMPROPER OVERTAKING/PASSING,2.0,55.0,4.0,4.0
01f711ef51d65b0b30a372c0b39695333fca0a669d837532ff8ff5ad20d5c7141b83a846bc45bcf1af245ddabd3c42baeae5530d99ff69eb843baae5c3e1b202,CLOUDY/OVERCAST,"DARKNESS, LIGHTED ROAD",DRY,PHYSICAL CONDITION OF DRIVER,3.0,28.0,1.0,1.0
01f77e0a12d8fdae437f5c8d5867af8b2bc36c1b8b50e3c56510b391e731a4ac80a8e3c0c98e8ebc495442631059a0de82c7c87268d442634c31b74dbb5dc252,CLEAR,"DARKNESS, LIGHTED ROAD",DRY,DISREGARDING TRAFFIC SIGNALS,2.0,24.5,4.0,4.0
01f7a7d6a8e93ac59a3f15f72fdbe09fcc852c282dc13677ef4d85d8d98a198a3b27e21516d45c8564ce909b7e8227ee64810137fd2c43b5caac719c5daf46e1,CLEAR,DAYLIGHT,DRY,FAILING TO REDUCE SPEED TO AVOID CRASH,2.0,55.0,1.0,1.0
01f7bf8719fd2a3c2114f3de6904d2479df081ca19885ab5885cce9790bf1e8c8d76d420ef02a2e5844e47c9b7b42187549ec058f5f2672f124382fb6f8609ff,CLEAR,DAYLIGHT,DRY,FOLLOWING TOO CLOSELY,2.0,50.5,2.0,2.0
01f7c5fe6f9442d598b27b2d24eb3765ec3b63fa9f465b05fcd5430364cecf6d3f748c8248b91c8baf971ecc2eea0422e7e37ebd1935d71899c3a12816eed076,RAIN,"DARKNESS, LIGHTED ROAD",WET,"OPERATING VEHICLE IN ERRATIC, RECKLESS, CARELESS, NEGLIGENT OR AGGRESSIVE MANNER",2.0,37.5,1.0,1.0
01f7dd85e64c251aa396bb8deb941fa4ef65314a4f8e846869619c687635435588025a125bfdbb7afb00da92d173f43215e4a55199dbba262790f7ff8b3b1675,CLEAR,DAYLIGHT,DRY,"OPERATING VEHICLE IN ERRATIC, RECKLESS, CARELESS, NEGLIGENT OR AGGRESSIVE MANNER",2.0,16.0,2.0,2.0
01f7ecfdc3b7b1d62686d782111ea98466e8b46bb384fb916b6864b199065c8aaa1eba683ce5aa8579204e2ee38ddfe9ab06bc7035ac796999bfbff3ba0f06aa,CLEAR,DAYLIGHT,DRY,DISREGARDING OTHER TRAFFIC SIGNS,2.0,60.0,2.0,2.0
01f7f3b3e362d099c177ef0cfd595e9a260ab179e03578579cc25e6d7550f0ab9da9db1c679e67f64e8c49fc772a9e83f863450ba9d8bf1c1dbe79fac5a16e8a,UNKNOWN,"DARKNESS, LIGHTED ROAD",UNKNOWN,FOLLOWING TOO CLOSELY,2.0,59.0,2.0,2.0
01f83d405869d9af46447d33d202e075e36b1a17031b0e446e5c5c60e8068f713457989a6999a62ab85fa8b69c2ecf9e46981413dd259c6d7b92903dc5bf8baf,CLEAR,DAYLIGHT,DRY,FAILING TO REDUCE SPEED TO AVOID CRASH,2.0,38.5,2.0,2.0
01f84f6de7c160fdddce83e05a856dc6ce31ffdc85514afd571d5a23aae6f73264c40889fdf865631fe24ced0156f2ccb03aabccec97eb7cfc1107e352c66b40,SNOW,"DARKNESS, LIGHTED ROAD",SNOW OR SLUSH,FOLLOWING TOO CLOSELY,2.0,52.0,2.0,2.0
01f853ed821059c1dc5727f2cac9b4a99cd6537e5242ee9cd7abc57a015040b6e9c7be4d9f01abc56d05e75e368103eb315c9a067d36fb8bee6d47a33c16df42,CLEAR,"DARKNESS, LIGHTED ROAD",DRY,FOLLOWING TOO CLOSELY,2.0,44.0,2.0,2.0
01f87758854527bc645f18ba5a6da3ae33c0f1482f4dc5a0c551e3082770f2b9edfb1c63ef8fd826e7b79e901020c7dcff7625b30b64f1fed3fa476113b40048,CLEAR,DAYLIGHT,DRY,IMPROPER OVERTAKING/PASSING,2.0,55.0,2.0,2.0
01f887eaf66eb44e48cd147226cda76f537f3de9cccbea751f197c5c9b4eee05d111daac0f27f37e6c46042f5a0a7af99124643f7b98461a9c10e8532ed8ebf7,CLEAR,DARKNESS,DRY,"OPERATING VEHICLE IN ERRATIC, RECKLESS, CARELESS, NEGLIGENT OR AGGRESSIVE MANNER",1.0,26.0,3.0,3.0
01f88fa2cbedb0393feaf7e65e061a221d3d29d20897f9432c78063bf7e42e96ae5e838d0eb54ae1cdb7f09a324c50725227bc374b0fb94d8211d6605581ff0e,CLEAR,"DARKNESS, LIGHTED ROAD",DRY,FAILING TO REDUCE SPEED TO AVOID CRASH,2.0,43.0,2.0,2.0
01f8adb37bb3e91eea390bb102b6999cf4119d2d060e6b256c364722f7d469aa14a4b888a706d2b6bb68a151e9b86ed38374ac5809c8af62a70d3bf6ccb86214,CLOUDY/OVERCAST,"DARKNESS, LIGHTED ROAD",DRY,"OPERATING VEHICLE IN ERRATIC, RECKLESS, CARELESS, NEGLIGENT OR AGGRESSIVE MANNER",2.0,25.0,2.0,2.0
01f90d741e792143251b3243a800b32228cca7fcfa687bc77bda070c95665761f0df425a88bfb4b333f6f49aab8a4c60590b19dc0d8d5306b9cf0b0895a29411,CLEAR,DAYLIGHT,DRY,FOLLOWING TOO CLOSELY,2.0,39.0,4.0,4.0
01f921b0351fd478061323db4a1cc8e9f81434e59aa945db67cb7e1b7eaa23070a8a2bcfcf29df815b37a25efb71e38219f6b9ce75d739c09b1c8245ecb94626,CLEAR,DAYLIGHT,DRY,ROAD ENGINEERING/SURFACE/MARKING DEFECTS,1.0,30.0,1.0,1.0
01f94978e014a2490c98377810fd4915cccf2a10a604cea1d6ee052baa0f6043e703551c766c4cb78f06b1b026c5e86774d3d8dff20ae51473582534b90a133d,CLEAR,DAYLIGHT,UNKNOWN,FOLLOWING TOO CLOSELY,2.0,47.0,2.0,2.0
01f96bf806803fff3afcb7fdef663f071c5d600c0fa70f2a3be3f79bf0fc334fb09fe5e938a6a7bd3d3d5a33a25a1e6eef87086a6df12ee7ad2f8031d142a0ce,CLEAR,DUSK,DRY,DISREGARDING TRAFFIC SIGNALS,2.0,68.0,2.0,2.0
01f989da36b2d7e4d2cd7c4bd1305805d07a2c58194371c4050e9fb00ec498d5e024d980c75e3dd08e174622ca6bde80204f8ccf1a23307a667210735870c686,UNKNOWN,DAYLIGHT,DRY,"OPERATING VEHICLE IN ERRATIC, RECKLESS, CARELESS, NEGLIGENT OR AGGRESSIVE MANNER",2.0,37.5,1.0,1.0
01f992e87eb4ed52009addccb28a048d1f0449c81028bc9b476557a2fc8576f3487cfa7cbfe7069167272ca400054a01f429a1c33822c5eaf2b27f2d92791fa4,CLEAR,DAYLIGHT,DRY,IMPROPER BACKING,2.0,60.5,3.0,3.0
01f9a1bf4b2245f2aacd981bd717473e3049ba41f0682da2add544227db12f4417a7d1e63bb461a9cfb42f8b5f7edc137c38f526d18516ee0c32eff52225fd00,CLEAR,DAYLIGHT,DRY,FAILING TO REDUCE SPEED TO AVOID CRASH,2.0,37.5,1.0,1.0
01f9b425bbcc9982e714d099f523c0c133531730990f75fd5946d1fa15d4d1bd9293a78e3a5e1dcaa6c1cb21e835d9e6a8b6a62504edd54071b023b0f82de52e,CLEAR,DUSK,DRY,FAILING TO YIELD RIGHT-OF-WAY,2.0,29.6,5.0,5.0
01f9c6ed2df58eee9b5e87cdaa0c4fbbc85007410b36e62f8db3795c0c382684743f36aa8a80903781d46364d0926e5dcb2499f7209df573bdde03610af3e9fb,SNOW,DAYLIGHT,SNOW OR SLUSH,WEATHER,2.0,19.0,1.0,1.0
01f9f9fe10a7b488a04b06a791747fd26d7a780a26038e1bdc9434cd7447cd3643b1e31f8efc5b54f42c908b42a4320dbec9003b1e8c52ad639941600cff864b,CLEAR,DAYLIGHT,DRY,FOLLOWING TOO CLOSELY,2.0,32.0,2.0,2.0
01f9fb73c47c06483992cab8ab312e79ac0e37f99fc3f0746150e4d285c0423eb52bf65f9dc434ccbadab02e2e1b61f8e533519337a284ef50ca63acf2116f03,RAIN,DAYLIGHT,WET,FAILING TO YIELD RIGHT-OF-WAY,2.0,29.0,2.0,2.0
01fa2d1e75a1e856294f130052532c46351d722945fc71910aaadb6d1e494e142678f04a169000151f0e3abf097ef1f964cbb2ece1ada595196c13e3a62e520b,CLEAR,"DARKNESS, LIGHTED ROAD",UNKNOWN,FAILING TO YIELD RIGHT-OF-WAY,2.0,37.5,2.0,2.0
01fa7405bd4ac8ace1df1a08f951fc88d9434f4c5d5870255f21b96695145ef7f708928eefd9033af3160326623193579208fd073ef585dbd403aeee5ba3d6b5,CLEAR,DAYLIGHT,DRY,DRIVING SKILLS/KNOWLEDGE/EXPERIENCE,2.0,37.5,2.0,2.0
01fa8ffff5ab7553ef147543c9c6586385a4cf6ee855aa97ac038824ebcc714ded6c2ded2d54866108242677291de7fa32a5a1699e48c711ff3cf95b2d2c84d7,CLEAR,DAYLIGHT,DRY,PHYSICAL CONDITION OF DRIVER,2.0,40.0,3.0,3.0
01fab7e586a791805572cba5a223f19138064c95782177adc4ea5db272316eb9e795aba3ef1e55e8d292fca332679c87fa3cbdd9f318c33bc5a7ee785ab79674,CLEAR,DAYLIGHT,DRY,FOLLOWING TOO CLOSELY,3.0,37.0,3.0,3.0
01fae337e5ac084c32436e29dc23c4043ebd3a4ef079d078d4b120378ef38d7251b859c21b1a9b41c36da381f1d6f10539de1a575078fd4e6c8d7573399077c7,FOG/SMOKE/HAZE,DAYLIGHT,DRY,IMPROPER BACKING,2.0,22.666666666666668,5.0,5.0
01fb036fe8f1d5152a9d2417bc39c17412d94ad2c95bf55746039c9d89bfd7ca934b2feabe2b95c1aaf51c8d9bdb7b9ddd01c61ea5a0d03009c80a1acba450c7,CLEAR,DAYLIGHT,DRY,IMPROPER TURNING/NO SIGNAL,2.0,31.5,2.0,2.0
01fb097f13d6928fc43002703a75f6adc3d43945f027233025a522c0441f086b45f81af1f958fae7f656eb0c27bd48cb38384efe866970dc470505929b319312,CLEAR,DAYLIGHT,DRY,IMPROPER OVERTAKING/PASSING,2.0,54.0,3.0,3.0
01fb34c32f2351b122148e339893f4b8aa636f37415f1394824f2e876e8df0399bf411b80df7dc4e703020592c2486d7f7aa7f473231d215cb700eb0965a62cf,CLEAR,DAYLIGHT,DRY,DISREGARDING STOP SIGN,2.0,31.0,2.0,2.0
01fb9903e68bf9af2a03fad9988cc5d54b108155b3c25a52d31df36be77554027b4d6cd1795ba8b82c0b762ee10cf4fd744c9c9eae002fcae351d12550a221c7,CLEAR,DAYLIGHT,WET,DRIVING SKILLS/KNOWLEDGE/EXPERIENCE,2.0,28.666666666666668,3.0,3.0
01fbc58e11f4eba98b3aabefcc26c9a8247ee52844059ad9b8fdd612ed6776191b4a09e14e08e13c34341af4be84f80e1631ba84b661aa7201394474493f0eca,CLEAR,DAYLIGHT,DRY,IMPROPER BACKING,2.0,37.5,1.0,1.0
01fbc89ab438e201827b5d492ee9afa8d4df4ac9560c009fb928eed59fdfdf1c6b64c5e52922e44ec969d2af87ed3c8d204ff430b54847dd4eb339d483d24d4f,CLEAR,DUSK,DRY,FAILING TO REDUCE SPEED TO AVOID CRASH,3.0,35.5,3.0,3.0
01fbc92ea695197e6babd6996062a6a7858c5eb1d1628bc1b59595e5f6d94d22355dd7e334b127a6527ee13d22a529ae66d18330464032f27d1eb8e25fbc1281,CLEAR,"DARKNESS, LIGHTED ROAD",DRY,FAILING TO YIELD RIGHT-OF-WAY,2.0,37.5,2.0,2.0
01fbd02616af737357d2857401e8f03c325fa9147df56f4f5d19ca5a683b7fedd3ed9fa02fe1b5f97869f6e23274e64b6584e09e1cbf9f4399077cf5338503fb,CLEAR,DAYLIGHT,DRY,IMPROPER TURNING/NO SIGNAL,2.0,44.5,2.0,2.0
01fbfee544c9d3c7d982bb896da0beed44efb60dc44a16a495211f6af978e544286a2fa8395452ab9e111fe4cdf4f31c70c509942013995d2cecce9c72addb21,CLEAR,DAYLIGHT,DRY,IMPROPER LANE USAGE,2.0,49.5,2.0,2.0
01fc046905c97d5b6281fdef72948deddbf0495ae7ebdb8c5a92919ed53a4901520e0a23227fd1abe0a4ac3aa9485bf41fef2399ba97456d0355162454037685,CLEAR,DAYLIGHT,DRY,FOLLOWING TOO CLOSELY,2.0,28.0,2.0,2.0
01fc1e62391b930cfc3caee60d104fba100510a10be882774a2cc9a7d509a157f110711fce97606d10693e13a1c39ca10a1cfdba579fae450ec874c0c978d7ab,CLEAR,DAYLIGHT,DRY,FAILING TO YIELD RIGHT-OF-WAY,2.0,56.0,2.0,2.0
01fc493c89adeebee575514cbabf6dfeb3d35d0a7dbd508c50923a96f2edc7e69e1a2ead9dd4ae8455cd2db83732476604d75b9691fb02bf90c09b55511e9bfd,CLEAR,DAYLIGHT,DRY,FAILING TO YIELD RIGHT-OF-WAY,2.0,38.0,3.0,3.0
01fc5f2a9657da8969b3f0c3eaab0b20da2a81ecac5023790c9445be13f54c869bbbb433bab3f6251a6fb01e8fc2233f836d608030e63b49d93e9e3dcaa1d362,CLEAR,DAYLIGHT,DRY,FAILING TO YIELD RIGHT-OF-WAY,2.0,42.0,3.0,3.0
01fc6855452bc9e51fcadfc94d49690bcffdc06bc4785c245004b91ef7595de575cc3b4ef4bc5dc63438443b12fa22ddbc0e4291736459222d40a8dfeadadbac,RAIN,DAYLIGHT,WET,DISREGARDING TRAFFIC SIGNALS,3.0,26.0,3.0,3.0
01fc6f2d64f46c40c373e1437a6a63b086442b3d4002158d616566695d88e4ce71537d12a43f01fb15908dabef69f187a04d621312068e246daf649804a3749e,CLEAR,DAYLIGHT,DRY,FOLLOWING TOO CLOSELY,2.0,33.0,2.0,2.0
01fc8b66ca4eb9bc64fae5e8e9280d5896534f1e8ca06c4e736c2134e3bd23e2f9aa154ba9fd17f1e9a00e1562cc839ce55fec7c31e1aed403fdd46a41e11fdc,CLEAR,DAYLIGHT,DRY,FOLLOWING TOO CLOSELY,2.0,49.5,2.0,2.0
01fcab1280b56b449dcd0d4f74018b9d4fefa28010f6a9d59d63ee19e100d97a7287cff5740415727fc73350b9b0a2310d3bf6c8d90d49f15ae2bae406cbad25,CLEAR,"DARKNESS, LIGHTED ROAD",DRY,IMPROPER TURNING/NO SIGNAL,5.0,28.6,5.0,5.0
01fcdcc8756cdf2889244d427ab7b614a1716a1f6696ed49d3af8d2ab74d2ff67b23bfef329b40892cb639e6bcd0bfefc823a08c657e6fb22c1517def0040be9,CLOUDY/OVERCAST,DAWN,DRY,FAILING TO YIELD RIGHT-OF-WAY,1.0,41.0,2.0,2.0
01fd0091eba197a4df1ce0113dc2635978f82d54b79c6e0ca196c1d5c5504e1a405e3b141be42a99d00d644552598533f990ac46adb876d9b9df549ac2cc9fd3,CLEAR,DUSK,DRY,FOLLOWING TOO CLOSELY,2.0,41.0,3.0,3.0
01fd0535cadf1259a4a11d848a22fdecb486e712712ed92957f706dc96ad7bb774f3f254fcbf1a484b52be04217716c46126c36ef70883816d8a1ba97e9b8f85,CLOUDY/OVERCAST,DAYLIGHT,DRY,DRIVING SKILLS/KNOWLEDGE/EXPERIENCE,2.0,58.0,1.0,1.0
01fd2cd1f5e35e1c10ffa1d9e91cb0e8d89086d4256800d2bccd60043fe895fe3425904b95ed4818075b52e7075e141f8f98d32eb6d81b99f39a493e1011f879,CLEAR,DAYLIGHT,DRY,IMPROPER BACKING,1.0,57.0,1.0,1.0
01fd469b44a88c10c9529b0e6a557a4e7a2d08d2d87be07c8a1779ac55673b4264e85e91403a9407dc235b768f2af3cc816b4478b2ff65495a785589009583fc,RAIN,DAYLIGHT,WET,IMPROPER OVERTAKING/PASSING,2.0,39.666666666666664,3.0,3.0
01fd583fc152f5d6c6549ca5a1a4c73fb79a478b36d3c1996dcde901eebf90bee56f197b05a5ad209c13bab68c4acc9f5de194dd67593d30df7e44dba7370156,CLEAR,DAYLIGHT,DRY,FOLLOWING TOO CLOSELY,2.0,50.5,2.0,2.0
01fd9b71d75159a7c8107bdf157cce8c54056d6248fbfd55a4b06d7f45e216e052834f679d94117ab8194b87b7fcbf8bf9860dcb3bf82bb56d8c98df567d8ce0,CLEAR,"DARKNESS, LIGHTED ROAD",WET,IMPROPER LANE USAGE,2.0,36.0,4.0,4.0
01fd9d45d9e1bfe7e2aa7e3add47a0141dbf0279f0447d10d50d36882cf78792fa4589cb1f50cf851a44129c76cdcd19310c3c2a02540aa9ba7d2f67b62e2579,SNOW,"DARKNESS, LIGHTED ROAD",SNOW OR SLUSH,DRIVING ON WRONG SIDE/WRONG WAY,2.0,49.0,2.0,2.0
01fdaa5c50a6429ea21b1103e8ec2dd87ed36c3655bf3b8bc5ce0e2b0936fff97d82cce974d908674c818e6f1295a08297ee8b52d37c1ad38fc6f0159bc78204,CLEAR,DAYLIGHT,DRY,FAILING TO YIELD RIGHT-OF-WAY,2.0,32.0,3.0,3.0
01fdb45a5d884773adc89930f4ed84960df3d4072897e6b020ea0d1a47eb0072223f825db0922454aff7dd126ac731d5e6a7787819bd6f2ea6e62156ae4948f1,CLEAR,DAYLIGHT,DRY,DRIVING SKILLS/KNOWLEDGE/EXPERIENCE,2.0,32.5,2.0,2.0
01fdc6b78c3b37fa947f8b350021433cd13e16a3130f3fbb0ff87dc039f13c6ceb3aa0fd271740c62a073831d9f3487548db3462c1645c8a5b4c44027f1cdd6b,CLEAR,DAYLIGHT,UNKNOWN,FOLLOWING TOO CLOSELY,2.0,22.333333333333332,3.0,3.0
01fe01f7f2ee523ade458f8e2051f901ba1fddcbbb88a5e9b9ca9fe5213d5a3bb0eb632661dd7675a05518cd40caa52f9b5d355f0cdc4713b95805cbb5766d7b,CLEAR,DARKNESS,DRY,FOLLOWING TOO CLOSELY,2.0,25.0,2.0,2.0
01fe04ce351a901d106e83d5911a68a2a0d574ff459dccfaedebdc8f80ac04d0fe62e148b394acdb3d705b051b7fa77461c274baefd7ab3d99e80e7be472f3be,CLEAR,DAYLIGHT,DRY,FAILING TO REDUCE SPEED TO AVOID CRASH,3.0,41.0,5.0,5.0
01fe093560a2fe624111fa540d0f923a7aa46bd27280e1a5eaabfd4af3c764b99b8b466aef4e3c780de27a0c6ae255a8fd4c55fe254a5b47e2a51ee80afe3de6,CLEAR,DAYLIGHT,DRY,ANIMAL,1.0,45.0,1.0,1.0
01fe1a236f8a56025a78a2e47da919746060086904882b75e6c061c75d0a07065b398ae3de84b5e08f2bcbc15b5d9a777d3e2f4e46f20aac4654fb21ad0a1248,CLEAR,DAYLIGHT,WET,IMPROPER OVERTAKING/PASSING,2.0,27.333333333333332,3.0,3.0
01fe8ebf9dcb8eb8702647f831dbfc93133dd845912a5f10cbaba048b5e6b8f77b104de51c74d1a863770a8f2af93c3ecb26fd25547389b65dfffe0760256d8d,CLEAR,DAYLIGHT,DRY,FOLLOWING TOO CLOSELY,2.0,24.5,3.0,3.0
01febd7f344e14457cee19a358c9671748c2eac64ea949e9d462c1f41cc1388541eee82dff32931abd069293bd0e8435e41ab4dbfbc2b360edcda3abcb06c8f7,CLEAR,DAYLIGHT,DRY,FAILING TO YIELD RIGHT-OF-WAY,2.0,37.5,2.0,2.0
01fedfcc0e9c3f33d0a0460acf82115fcdc12ac55661618d69ab867bc8bf55f0de8461491b3b16ae2128ef4d3e89be96ff506a32b38473269b2d19e02e3ae4db,CLEAR,"DARKNESS, LIGHTED ROAD",WET,FOLLOWING TOO CLOSELY,2.0,23.0,2.0,2.0
01feec28d94116e3b762af70e185237cfdb75860b13b47a6528538782f688aded0fa40cdc5a1be269ad72aa50f07fedd37ea9702130c2d887321ac5ba8e2498c,CLEAR,DAYLIGHT,DRY,FAILING TO YIELD RIGHT-OF-WAY,2.0,41.0,2.0,2.0
01fef0d9523313facbdd09d5eaeddd1c6d45d2cc382051207580d30ae1ba65bfdc3e319679adfa1df837dd9fcf27ddbc5c13139efe2b78ac503b456bd72e563e,CLEAR,"DARKNESS, LIGHTED ROAD",DRY,IMPROPER TURNING/NO SIGNAL,2.0,26.5,2.0,2.0