crash_record_id,weather_condition,lighting_condition,roadway_surface_cond,prim_contributory_cause,total_vehicles,avg_driver_age,total_people,total_injured
01fefe17f3b501895b3c2ad45ed1d567b4e8bfdd3bac17e866f01cee95c003e659aa8aad1a2b90be19cb90a1038e6b710b7a5f6b94282112a83ccdbc2ce95313,CLEAR,DAYLIGHT,DRY,EXCEEDING SAFE SPEED FOR CONDITIONS,2.0,37.5,2.0,2.0
01ff08215ac2b160f219fba08ebc80d23cdf46d334eecc9f2947433cc7fb110d2b2a5a99bc1709641ba8aa6fff321819cd056bdd7849f6cfd36591787c1b03e3,RAIN,"DARKNESS, LIGHTED ROAD",WET,IMPROPER LANE USAGE,3.0,34.0,3.0,3.0
01ff1620ec7a209fd72ac91cc6e58cfad4493de5c061462046fda52f9467beca5628ddd23f111d9d65c99dd102fc57b80ecd8976b0597ad9ea4ec8819cba3741,CLEAR,DAYLIGHT,DRY,EQUIPMENT - VEHICLE CONDITION,1.0,53.0,1.0,1.0
01ff2f80a27ef8b6c765310abeff5511977dd9d5cf3bdfbd1dbe7b9c183ab7e7f311f0ce6f1069424b5625d8c72d04eb2eccf1c2ea70299a06db344c87dd0f4d,CLEAR,"DARKNESS, LIGHTED ROAD",DRY,DRIVING SKILLS/KNOWLEDGE/EXPERIENCE,1.0,21.0,1.0,1.0
01ff31ab05e97654f24c8a77315f7ccb09021828dd649deb86267d69622dd992439e70b25c777dce5dd6b74b4040c30f2b2f1d36c9c1f92d3339c295e0fbfd77,CLEAR,DAYLIGHT,DRY,DISTRACTION - FROM OUTSIDE VEHICLE,2.0,58.5,2.0,2.0
01ff5cf253302e7c70adf5572c4fff64d5ec65b7e57a480ec5edcd47ad15f9db65af6c8e3d4b93cf7270ed0eab2157b10c36db20fd7f256fcfd1a716412a2270,CLEAR,DAYLIGHT,DRY,IMPROPER OVERTAKING/PASSING,2.0,48.0,2.0,2.0
01ff7c81fa0f0d3ced7a246e73eb7745cc0190d38d0ab61e2eeaf1efcb11239c8e5e91cdc2668b2095b87c7ef7b4c61279d59d54d38c578ca7ecf3fdf5fd8e3e,CLEAR,DARKNESS,DRY,IMPROPER TURNING/NO SIGNAL,2.0,44.5,4.0,4.0
01ffd68ed1bfe002043f1eba3853ec785f4f46bc005483f0a5a9c0f669300ca6cd87e3ce35e152565fc13cba535d316bf67b8cd7ba4871cf1d20d5519b798716,CLEAR,DAYLIGHT,DRY,IMPROPER LANE USAGE,2.0,46.666666666666664,3.0,3.0
01ffeaeb2fe2db82c634b83d964ee660b18b7230396295926930e2e82571c9d74abfa3f67e4dfffe1731ba0a51ed363358b9d0bcb6baaf14360e89d752090e03,CLEAR,DAYLIGHT,DRY,FAILING TO YIELD RIGHT-OF-WAY,2.0,24.0,2.0,2.0
01ffed8c63dbcb5c936181840f9c23cebd4d1d842d46b7c4922b4721d16c9611aaf633c36e200b13366fadb4063046a2b17d2fb6e48891aa7a178346cc5c3000,CLEAR,DAYLIGHT,DRY,FAILING TO REDUCE SPEED TO AVOID CRASH,1.0,37.5,1.0,1.0
01fff6717deb95760a30d5dedbf05041982fa0341e91af7f316399acd2e460a6d4162166b1ce1c9f83649c6a65abfb26f58d9eed8e246dc663df7bbe2bba6501,CLEAR,DAYLIGHT,DRY,FOLLOWING TOO CLOSELY,2.0,45.0,2.0,2.0
01ffff58647cb2d7bbc09de709e7139f121e7e7750863f7a6902c86347074dcfb45fe084e93a39a206a0b6f4def83810f6487b12010a5fd791b1f29468be837f,CLEAR,DAYLIGHT,DRY,FAILING TO REDUCE SPEED TO AVOID CRASH,2.0,0.0,2.0,2.0
0200280b9dd0e6b55da9f48955cdca1ea22256a7ed74190865a6e807993c1983ecf4e3bcce19d3610e418cebe9f60f575bebad754faa230577d969df48e93943,RAIN,DAYLIGHT,WET,IMPROPER LANE USAGE,2.0,44.0,2.0,2.0
02003a951d39000fe8bba25eecdeb0bbbb3144d8cb4b65a5ee1aa4784552a4c85be9d99d0548cd9b91e38fb8c58903f427b077255a74b46aa1f7357c1cf54316,CLEAR,DAYLIGHT,DRY,FOLLOWING TOO CLOSELY,2.0,43.0,2.0,2.0
0200479a4f17de4935f69186ed36b6185a1a5598b4b1a22f469e43f21824c273086686a9706c42889e8310752a5b6b38788762ece1e607e099009168ff1f4835,CLEAR,DAYLIGHT,DRY,ANIMAL,1.0,37.5,1.0,1.0
0200572317d569e8cb6becb37f24a5c50d7d62cef3ed743674d7e6e97e68d6d0472540bdd7dcdec10ba1e356b076b3b0b9cabf2bca9a8b14de2544645ab72d64,CLEAR,DAYLIGHT,DRY,FAILING TO REDUCE SPEED TO AVOID CRASH,2.0,46.0,2.0,2.0
0200738727923cd506b68870a171911f3edce7477c2041ef57785a02632aeebeda37f3e29294c4f7e615e9f13efde69c929358146b3c76f47ece4382234254f2,CLEAR,DAYLIGHT,DRY,IMPROPER OVERTAKING/PASSING,2.0,28.0,4.0,4.0
02007a3f3c5b219df90ae9ee9a6fe8d7d05a62ee1a228ea08b3ff2ce42c22ff286e05bf7d488fe3f248961faff155d41b56fdddf77186e7b53408bdd6ec0e3cf,CLEAR,DAYLIGHT,DRY,FAILING TO YIELD RIGHT-OF-WAY,3.0,60.333333333333336,3.0,3.0
02008fd65aac76acd01844e166b6aeadd08792994a4be4104605942308bc78538372811bd73bea73ea6bf666604a8db17bb0bfab8404925ea670ce16e5a5ff23,CLEAR,DAYLIGHT,DRY,FAILING TO YIELD RIGHT-OF-WAY,2.0,37.333333333333336,3.0,3.0
0200a1aafb9a29b728cd13313e9c7cd7768bf4b9288803f9a765ba9f3e5a285af5db0043dd5b3c213d8c7a4c7023edb507bbf70ce18189f7d7f209e8664b9d75,RAIN,DAYLIGHT,WET,IMPROPER BACKING,2.0,46.0,2.0,2.0
0200cf5031240b0ca683377fbbe8f04388fdd0ecc2afdd837d5a3944ac581ab16f7850e0f6d191e685b040059115315243c26c6e9384f89058023b84d9d8e065,CLEAR,"DARKNESS, LIGHTED ROAD",DRY,FAILING TO YIELD RIGHT-OF-WAY,2.0,31.0,2.0,2.0
0200d82e64604ce63a16f6a8336a8ab7c24a222f8943691af0be6c3f7a3b221ef2723d1895b15fe55c76267275825aee076b874558822d5b574c2042f2d9a91d,RAIN,DAYLIGHT,WET,FAILING TO YIELD RIGHT-OF-WAY,2.0,33.75,4.0,4.0
0200ecdfff7415d8123dfe1a1a80004d1e940b72c492b2f649ad9388f286a71f5c554ea7aa15a92799484dc656d6efe0891222c54f2ee901f75d738d6aaba5e4,RAIN,"DARKNESS, LIGHTED ROAD",WET,WEATHER,3.0,24.0,1.0,1.0
02012462f69bfacc969eac98c75d0a5aba19859a44b186e8f07dd16dc33a75e8bc77ca5e481546d2441cc91f0fb01d14d47e0223efb87f0cb53bc4eb7d0a7aa6,CLEAR,DAYLIGHT,WET,FAILING TO YIELD RIGHT-OF-WAY,2.0,47.5,3.0,3.0
02012ad8c4831fb1c65245e0958e6d5c100bb6a0187a9e10b0413cd05653744f975819cd4d04d0e2621a8f2200609c53d4c83026f984cf34634dd334fa21bbd9,CLEAR,DAYLIGHT,DRY,DRIVING SKILLS/KNOWLEDGE/EXPERIENCE,2.0,12.0,4.0,4.0
02012d7df2d9e33847afa4e052f3f54905a57441047a089fdae7f422a71a81992010982de1eefd838c7bc3209cb962d2d5c84b6a468eaeb9c8f114075e4f8f13,CLOUDY/OVERCAST,DAYLIGHT,WET,IMPROPER TURNING/NO SIGNAL,2.0,57.25,4.0,4.0
02013e806c2c4080f684a92077bcbf454544e39eee913af61bf48554cdd1d31c1605783a9d3d34423481495c328fcc41fd2528998c8da8ddf112a4158cf0ea0f,CLOUDY/OVERCAST,DAWN,DRY,IMPROPER BACKING,2.0,37.5,1.0,1.0
02018924973bd4e310af18dbd0155bbd3e961c59bc6ab72369df0a8c5de1c9d43339d6d46282c5e868ec1125d93ad1308162c759e3d29b37127d85eab064963d,CLEAR,DAYLIGHT,DRY,IMPROPER LANE USAGE,2.0,47.0,2.0,2.0
0201907b008db683b1826afcc81c770a130fa3c581f2b8b99c2f2fad8f8ed7726989071626a58db1cf43ea82d34ffdc9e67ef1ab0c8e8d7666ca1f1ddb4db4b2,CLEAR,DARKNESS,DRY,FAILING TO REDUCE SPEED TO AVOID CRASH,2.0,37.5,1.0,1.0
0201a328fa87af57083f8e3f2053bf65fada3cca96cb808f9a72ec56eddc1d93c9e986ca359080c701bc4e910b2f1049a06c29c467c51f260c99b29485b0a003,CLEAR,DAYLIGHT,DRY,FAILING TO YIELD RIGHT-OF-WAY,2.0,55.0,2.0,2.0
0201a46925d7e4feebc6147e1f44a7b0c352f594cc0fb586815272d9fcce885ddd6826dfb0df828a724517ae18d67e7cc53f7581adbd14c7d0c06d83dd696a56,CLOUDY/OVERCAST,DAYLIGHT,UNKNOWN,FAILING TO YIELD RIGHT-OF-WAY,2.0,70.66666666666667,4.0,4.0
0201c83cb6f70f23689497a0a9b0d7a09d16a77a9978fdb2389aae2eb492d21ca7848e09d028faac8c93b58022ffa8076fb13d1105f1473c669e4e92afc5026a,CLEAR,DAYLIGHT,DRY,FAILING TO YIELD RIGHT-OF-WAY,2.0,30.0,3.0,3.0
0202582e60e7eca35da9353e4fceb79892229132a2bb5d6e0a12200b3722bc488b9c71a5f4c448cb8a70f5771b64cb421d47c16f1b866bea724929defecfb21c,CLEAR,DAYLIGHT,DRY,FAILING TO YIELD RIGHT-OF-WAY,2.0,35.75,4.0,4.0
02025dee803beb661029284e75a7038daf148af4d8ce8e8bbef2989e6f5bc4fdd0b1ad1d4339c5c604ebc049775d78a230d9f6cf9a88b7264cc5e11948571a17,CLEAR,DAYLIGHT,DRY,DISREGARDING TRAFFIC SIGNALS,2.0,48.0,2.0,2.0
020273ca22a1e3742c2c14169bfa194f323d54caa1698c5827b89f9dc7f2031be2a013f96d11e798402ade901e2ab3367bd06688da8e597f382f63f9797e0dfe,CLEAR,DAYLIGHT,DRY,IMPROPER OVERTAKING/PASSING,2.0,76.0,1.0,1.0
02028d7403d8b2da730b5792c65aed80b9b23fb6ae2402146914647ed817708e191c6334fea841033af811276aa33eb89df791bd2c5953a72ef553c806c48c87,CLEAR,DAYLIGHT,DRY,IMPROPER OVERTAKING/PASSING,2.0,72.0,2.0,2.0
02028dd54ba76ef4f29d4db9dfd787b962a40a76260d50d64f27c0f04e213c9d7b3a78e73f5b4dfa337bf7bb270ff9e72767fb7818023125093a7f7d77d7540d,CLEAR,DARKNESS,WET,FAILING TO REDUCE SPEED TO AVOID CRASH,3.0,32.0,1.0,1.0
0202bc73bcb0055dd00b34d263d22e45e6dfe9f14eb09237dc831df7e0fc8d54dbb75f3f2ab4e40ecb690719a0fda10608dc067c40b3968375ea983631c14d82,CLEAR,DAYLIGHT,DRY,IMPROPER BACKING,2.0,37.5,1.0,1.0
0202d259b8676c319d91d9bb9dcdb2d8c1f74f551c329636ae80460b3cad9c03188ab6102969ef309c1e81978f9bde046d4bd1f5ec84e84d4f5827925b7fa8c6,OTHER,"DARKNESS, LIGHTED ROAD",WET,DISREGARDING STOP SIGN,3.0,31.0,2.0,2.0
0202d60d92f3c48d1da835f4c1fe0ef59d401b6061fc2fde79d9f78f17f59f00aa8029745eaecf63bbeacb25a62a9f22727e83a040b4008f5aeb08dc8d5f99b2,CLEAR,DAYLIGHT,DRY,IMPROPER BACKING,2.0,31.0,2.0,2.0
0202eba2e7ea9ccf217c45ed86fe002184e668b5f46843582b98cd9c0e37eb6c52c30ee147974f359401fec98c5c4852950c4afe446ecddaf50a26317e4b871e,CLEAR,DAYLIGHT,DRY,FAILING TO YIELD RIGHT-OF-WAY,2.0,48.0,2.0,2.0
020325a02c365ed7a3a8fc00ce702eff80ea815f0d58b93c29bc9da6243dc182d71a4838639134f8d12881cb1b7910b05f4c1af17293e7933717ed70cddff4b5,CLEAR,DAYLIGHT,DRY,IMPROPER OVERTAKING/PASSING,2.0,36.5,2.0,2.0
02032e84385e9d76b913cdb98e375d4ef296151ad01cd2ca93fbd5a5f0176fd7a665719ee040e3853d995c31a561119c791615d71d77f097af592f63e3d296f4,CLEAR,DAYLIGHT,DRY,DRIVING SKILLS/KNOWLEDGE/EXPERIENCE,2.0,48.5,2.0,2.0
020352249725087c7b1ed1bf87f66bcb0e6abe0326d2a57d86129f8e1a9135d48b648fe43ab0ff9b5a170fc9caeb7bdbd470ed4ac69ecea46f2b89277442cf90,CLEAR,DARKNESS,DRY,DISREGARDING TRAFFIC SIGNALS,2.0,31.0,2.0,2.0
020361a0fd7ec9f7474b51d6dde1d1808e9238c2278f7610cb1a564171b655182e6490e0ac943236a9f120cffd11b889adb185b766db0d8f9802998fbd3254c9,CLEAR,DAYLIGHT,DRY,FAILING TO YIELD RIGHT-OF-WAY,2.0,52.0,2.0,2.0
0203ce173a4c6a4423e1cbac598e94d34b6521d5471f59fc603e0a3f2f38875b600dae2edee85aa639a2a12af8b958bd3317ec0f2f6e2c4a6bbc94a17da23f56,SNOW,DAYLIGHT,SNOW OR SLUSH,FOLLOWING TOO CLOSELY,2.0,40.0,2.0,2.0
0203d48f4e7d9b720fc3b3a2191ab3a8da12207b62dbc9cd6747af66cdd28b6d30ad420bdb2f2f0ba329a5e8dfaf47054b062bb740fc4b4a31784bcb37efeee2,CLEAR,"DARKNESS, LIGHTED ROAD",DRY,FAILING TO REDUCE SPEED TO AVOID CRASH,2.0,21.0,7.0,6.0
0203df9c30686571aff2a48778ff72fb0dd85f30615e1cf6b07503aa6258755caf7c7ffc7b553bdc435763c8cc6e2aa9a3547445d6a7299428d3fa8f373d26ce,CLEAR,DAYLIGHT,DRY,FOLLOWING TOO CLOSELY,2.0,40.5,2.0,2.0
0203ea6741b00af871a276f3eba1af635a50dfbf9fc0b2a8c963a5cef313c1a47bbee1ca8fd41de40030c74b8161ffbe2316019482ac15db1d3a07328fd33916,CLEAR,DAYLIGHT,DRY,DISTRACTION - FROM OUTSIDE VEHICLE,2.0,31.0,5.0,5.0
0203f279435360b1a0f5010f6cf8260ef9cb9442c4d01d3a142a5bcf5f807889bf8e7d1f427070f3f56a1031f50514dd0fce1c2c881eb41399cf28f2d8745ef0,CLEAR,DAYLIGHT,ICE,WEATHER,1.0,45.0,2.0,2.0
02040b1515a15c7fa575effee9fec126d28fa790483290e1defad87307e536a90f3425faf5d668c7aaaa6e643dd5e52f13e9fcef582f0e76fe774a727507d8ed,CLEAR,DAYLIGHT,DRY,EQUIPMENT - VEHICLE CONDITION,2.0,53.0,2.0,2.0
02047f9341464f42a073c67da9127eae496ecd7e3556be8a14f9f28372795d4a3ae6e650019d9a353ca472414788c0207d59e7e90bc99bfc13c4a27162edccfb,RAIN,"DARKNESS, LIGHTED ROAD",WET,IMPROPER BACKING,2.0,34.5,2.0,2.0
020494becd27454822b1f25d946f7efd18054850c857579848ad57a17994bd6defa3fbb2a42d3597a7f73201ff2e744825112a3e254e1bb8d6fded565b465c42,RAIN,DAYLIGHT,WET,FOLLOWING TOO CLOSELY,2.0,63.0,3.0,3.0
02049b6c2fb7c695cfacee76429bcd728bcf4e25f11cc17ddeb7178524935010827c41e400d860169bc8cd5f1b0bd85dd10e4b4f020c1b81654efd88e02018f1,RAIN,DARKNESS,WET,IMPROPER LANE USAGE,2.0,37.5,1.0,1.0
0204b3f350f4e1408318407361ed85fb0a8c43d0222a0bce47fab71e5688632238abc0732c0882af5cc17b55be376d377f2341e2bf9577efa8ae72845ed05909,CLEAR,DAYLIGHT,DRY,FOLLOWING TOO CLOSELY,2.0,18.0,5.0,5.0
0204b76dd4eed9e55a5f88a43ed58086e612ff4431110168ea011b6c45923de5c3fc5c86000d1631bb5bd61435be2097574ccd425d955fd81387419052e7d8df,CLEAR,"DARKNESS, LIGHTED ROAD",WET,FAILING TO YIELD RIGHT-OF-WAY,2.0,44.5,2.0,2.0
0204cd9f808691446e0dcc5345b6bc6fc17cc64229dd6e49b2ab4ef1e3672ec08c136af26c5a1a153c5ec39e09fd4a076d5a1dc29dcd3b709ac7ba8ebf65d6e8,RAIN,UNKNOWN,WET,FOLLOWING TOO CLOSELY,3.0,24.666666666666668,4.0,4.0
0204d6d62133b78fcd9328bfebaf2d0cfdb1d52d923ce809a361b653051b00759b61740888dc8850d7817475ebaeb3e59c230d53354f2c08cec8e768e42d464b,RAIN,"DARKNESS, LIGHTED ROAD",WET,FAILING TO YIELD RIGHT-OF-WAY,1.0,23.333333333333332,3.0,3.0
0204e3f23e5d73a267fbaff40bf49070a4c8c36cca2b2851b05a6b6c4da207d1c926b55f5cb790a05a4756686ddb799ad874f29a43aa8726f16861cbcb9a05af,CLEAR,DAYLIGHT,DRY,FAILING TO YIELD RIGHT-OF-WAY,2.0,22.75,4.0,4.0
0204eda0599d32d18bbe6f5487422c2a32172db588a6d78b2966c27b3dc653cceb2f165d076012aa096044ab968d1ce7577d155aef50492f3843c857ca8a1f2f,RAIN,DAYLIGHT,WET,"OPERATING VEHICLE IN ERRATIC, RECKLESS, CARELESS, NEGLIGENT OR AGGRESSIVE MANNER",3.0,32.0,1.0,1.0
02050f69f584bd2cd625c506e6d24c5d1552dfea100008eb1cd23f1692ed1a3057ffdb22b79ccd5d5d90d97f4a2d9342de89e38bc0f65db534eac2a2d0984062,CLEAR,"DARKNESS, LIGHTED ROAD",DRY,FAILING TO REDUCE SPEED TO AVOID CRASH,4.0,37.5,1.0,1.0
020511024ef3c3aefcf63ecd1a3097c2603609516fc38fe3c2de487edcb50edd1e2a5c7165e3eb210d363cb08f77c26510064e163859ac3983175a5c113767a5,CLEAR,"DARKNESS, LIGHTED ROAD",DRY,IMPROPER LANE USAGE,2.0,37.5,1.0,1.0
0205161029b10955870d7d647a5920e7aef89b377a86111e54b0146c77397d4eb8ca998c6f2e7a1b34499ca28c1acd92fb7077abc06bb67aa2858b152c49f38b,CLEAR,DAYLIGHT,DRY,IMPROPER LANE USAGE,2.0,50.0,2.0,2.0
0205210b55661ee0ed7fb95dde0ae07d383240b44646b4045de8e3f8503e95e61ee1641cba49a86f729447d00952984dd768dda969669aff4796f8aeb5ab3601,CLEAR,DAYLIGHT,DRY,IMPROPER TURNING/NO SIGNAL,2.0,35.0,3.0,3.0
020551e57133f320b7fa0015234a120608224a0c5b6758de192a4353ffa55ef4d1d27e8baa744f9d3fd115a184c96531ee9a492dc0ecac3a7c64a1c379731638,CLEAR,DAYLIGHT,DRY,FAILING TO YIELD RIGHT-OF-WAY,2.0,26.0,2.0,2.0
020553a82a3d68ed3bbe323e5f4e146bfd0219e73f47e79928c6ca164a19ff3356f2ea8d3b74de1e47998931decb982a936f8185b2f297d6d5b188a32150b58c,UNKNOWN,UNKNOWN,UNKNOWN,DISREGARDING OTHER TRAFFIC SIGNS,2.0,55.0,3.0,3.0
020570e4e7671c5b71b26ed6c7a0415c39faa85981e2b813bdf04e9101ad280d094acacca0a4b1e499dd2d62c4adca7442338db50f2a6ba0cd57e02a9380fe2c,CLEAR,"DARKNESS, LIGHTED ROAD",DRY,IMPROPER TURNING/NO SIGNAL,2.0,25.666666666666668,3.0,3.0
020572efe64dc16390189d09cbf8d6b5cd08853542fd6082e177e0007314135dec6c383276c9ce277a3837af953a10b8e0aeccfb56aff223e76fabef2cd91743,CLEAR,DAYLIGHT,DRY,FOLLOWING TOO CLOSELY,2.0,37.5,2.0,2.0
0205927f754c73c74ee7e798709e7d08af373688f56e9ee3ab489780c1cb57969db5c05c147834d23454a5db2c500aa7c97e50b529a9854f631b17afc15df34a,CLEAR,DAYLIGHT,DRY,DRIVING SKILLS/KNOWLEDGE/EXPERIENCE,2.0,35.5,2.0,2.0
0205abc100a119675826c87131c395713e32f09171e967280d13fbc8651e0efa264e5131baade3d60990056b7f1b71118224256cb761f521cd9d9173e0ed5fed,CLEAR,DAYLIGHT,DRY,DRIVING SKILLS/KNOWLEDGE/EXPERIENCE,2.0,45.5,2.0,2.0
0205ff291ea4f71eb238eeccc9043169f33614b1ebf83e281a467fc05ee8871e5129ff15b19547f3cad1016a5f1ffb51f94a843ad90c9f1b06b40c9c9de71a40,CLEAR,DARKNESS,DRY,FAILING TO YIELD RIGHT-OF-WAY,2.0,30.5,3.0,3.0
02060d3e0fded7725195003ccdd57603fb09e69532bec559350b9a19c8f0b232c6415741f13eefdd66460cdbcc9146ca851101e06b854610902283d2419181ec,CLEAR,DAYLIGHT,DRY,FAILING TO YIELD RIGHT-OF-WAY,2.0,47.0,2.0,2.0
020610325b64b4444e8dbb61f92428956e69e017c7b862c596c57f6d6e75b27f16aa441241bf60a5be36a67754f58018a759ae507a01cdaf15330da0f490b93b,CLEAR,DAYLIGHT,DRY,IMPROPER BACKING,2.0,59.0,2.0,2.0
02062dc2bba923a5bafd5e4f671c62a41bdb338282a3b937c75f3acd6c4877269a6b5e2d6776de8c0463896a6d1cfb13012384dbd6ee69dc0487e45da86bf0ba,CLEAR,"DARKNESS, LIGHTED ROAD",WET,IMPROPER OVERTAKING/PASSING,2.0,39.0,2.0,2.0
02064acf403c9192987f3bb177ab1518bc834ac5a73f22d49a48723c0e6a30693fb6dc3ff1f5b80e8119aaf910bd49f71ab5ca9840277bd634cec621dcaea63a,CLEAR,DAYLIGHT,DRY,FAILING TO YIELD RIGHT-OF-WAY,2.0,70.5,2.0,2.0
02068ec5a7f2e7812da8be486c083c6d59200cd525752d0423ff3e6f15405f6933e8f2372bbbe8cae41aed3c74ec6dca4ba0d5f726354257287843f2fe90357f,CLEAR,DAYLIGHT,DRY,FAILING TO YIELD RIGHT-OF-WAY,2.0,42.0,2.0,2.0
020712363e0a47c3ae765d58e442400fd8a6105c3462517d8fec5367b8312423c4b87fd1e06e0d35adba4adaf558e1421b4cfab2e8afc365e91b4e1cc730f260,CLEAR,DAYLIGHT,DRY,IMPROPER BACKING,2.0,43.5,2.0,2.0
02071f6be8a0483924f2e2ceb30c60c116db281f5a633a033472737d325c7a9bbfc8ef5d0cfb81688a1def371307d8ee2b0a60e60454b8ccb5614c14d6230a7d,CLEAR,"DARKNESS, LIGHTED ROAD",DRY,FAILING TO YIELD RIGHT-OF-WAY,2.0,41.333333333333336,3.0,3.0
02072093876cc1f74b7b5f6bae239fcacf2d39892e85562652e1b8aac42b2718969a79303b94a9f94396c6d4af5c5870726dff9a8650155ef33a7c3b7fdda028,CLEAR,DAWN,DRY,FOLLOWING TOO CLOSELY,2.0,37.5,1.0,1.0
0207289a0716a0a5c5e14ec1faa02a31f8aa5c3c2993bb3cf2fb6dccc27dbf3c15e5f847667c5f1eada2ef036a334f07878b7fd18f1a17d77a691a7c4c714c4d,CLEAR,DAYLIGHT,DRY,PHYSICAL CONDITION OF DRIVER,3.0,33.0,3.0,3.0
0207333e6aa1d26e0e3d5d21c7c51a2b073eb776d16aa89af327d2d8959a1b33cf1a097494ecbfc33dbc0c149b78befcb1ad1a5bbf26f623e33677c2d49d5d8f,CLEAR,DAYLIGHT,UNKNOWN,FOLLOWING TOO CLOSELY,2.0,48.0,2.0,2.0
02074392c75374816f0d127d15cda97f966cbf25a1a0468b60a279fece94aec86ce6b96e64e9e63f4cdef3e051e85a6e7d17d54d8d5cfeb0e6bd507e7d3d7497,CLEAR,UNKNOWN,DRY,FOLLOWING TOO CLOSELY,2.0,43.0,2.0,2.0
02074546e0529d3ecc9f3b326296fc9f60c6862c53265d0d55738567f7977c6c05d6dc5120800147c4f20497541c9c4844395c0578eaeb09d275268714d34aff,CLEAR,DAYLIGHT,DRY,FAILING TO YIELD RIGHT-OF-WAY,2.0,41.0,2.0,2.0
0207683cbe8691bbb5c286aed1c91e80896527f7d060bac5b57605dcb8f90f0a3acc3f0ff9a166b4dc824a81240ca1d0db449fa3edf8c6ffa750915dcd6da329,CLEAR,DARKNESS,DRY,IMPROPER LANE USAGE,2.0,30.0,2.0,2.0
020791d8a79d6cc8f31ce799dfca46aaababdf79b9b9abbed2c424e213ba18b4494d71e55562547887b13670f2461c8aac5758e4fbfa55371faaaf64a099bc0b,RAIN,DARKNESS,WET,WEATHER,2.0,49.0,2.0,2.0
0207a3ccb4612e91162997756b8497fa04fe89cede7a6196d54fac4ef5042388027fa0e735312f4cda220fe65e70668f729e8baa2717bf043077c00cc9abf905,CLEAR,DAYLIGHT,DRY,IMPROPER LANE USAGE,4.0,21.0,1.0,1.0
0207b82713cf6ed95381c1428179083b3c788e2b8e62c2840625e193ca0bb22993ce17230d820aa98d1be73c457ebe53b10a14f048538a3c5798228eb3524767,CLEAR,"DARKNESS, LIGHTED ROAD",DRY,IMPROPER OVERTAKING/PASSING,2.0,11.333333333333334,4.0,4.0
0207dee4c616d0710d5b1aa1eb8e317b22a138f342d558999988a67fd779abdf045bb1730c6d2529825c20a066de45d247ff921f97d9e079ff688f0656c17e15,CLEAR,"DARKNESS, LIGHTED ROAD",DRY,DISREGARDING OTHER TRAFFIC SIGNS,2.0,49.5,2.0,2.0
0207eee8568f526da373746dd3664db634d3258b5a0adbcd1d9c4d2f0f5ab9b9cfa204210dd8d17b7a10d6203dcb87903a7af43737e49565618bd88a98ba5787,CLEAR,DAYLIGHT,DRY,FAILING TO YIELD RIGHT-OF-WAY,1.0,32.5,2.0,2.0
02081ad71e3d1c3ab7706adb208ca4c1c8284818e97ca209ce7615677d3bec6ec628e3642fbe4db4a65780bfaf100090b78e388dc689aaf9b7b9e37b1bb18f12,CLEAR,DAYLIGHT,WET,DISREGARDING TRAFFIC SIGNALS,2.0,48.0,2.0,2.0
02084dff7ccfce03902ffb271595cf156681c143c37770f2afd0679809ce228c269342be1612803ff2f8cbd53f5495ba38df1675e5897b34b46ea5bb11660b4a,CLEAR,DAYLIGHT,DRY,FAILING TO YIELD RIGHT-OF-WAY,2.0,30.0,1.0,1.0
020859befabaf7e2140878f2aa2f10bc38cddaaf35c6e41b2b1c5fe8860af29690548d396935c1949c949637ac9dab235e3967d09cecc888d5ebc25402599f72,CLEAR,DAYLIGHT,DRY,IMPROPER OVERTAKING/PASSING,2.0,30.0,2.0,2.0
020862d0f3c268da9249ed00b05f9d1a3df4e79674a8c819ec2f6c7147d081493247773e357b7e64d9560431496eab471ddc3b53ef5df5296ce1cf33cb746f63,CLEAR,DAYLIGHT,DRY,FAILING TO YIELD RIGHT-OF-WAY,2.0,31.5,2.0,2.0
0208a9ea49a54ce1cf1b9bc82a36c788cfa2dbd4483d538588c94b964c94a0d85f6012e1efbec3993a5696ff7a36ebfbaf42144059adc02acb3468a5215b09c6,CLEAR,DAYLIGHT,DRY,FAILING TO YIELD RIGHT-OF-WAY,2.0,56.4,5.0,5.0
0208b5d44f02db383166ff9d3289245e91f041524434085f310a7c14069ec45b4215118ca78016ffbfe27fb080c5a0f00c735eb0f7cf137b94d68ab439f1f041,CLEAR,"DARKNESS, LIGHTED ROAD",DRY,DISREGARDING TRAFFIC SIGNALS,2.0,52.0,3.0,3.0
0208b79acb98242ee842faa0af075061f1a9b8735282186ab675c1b21b855b9272de655ed0bc18b605bc55a35598fe420a075cf1e3006ffef015cc4db3e3ee50,CLEAR,DAYLIGHT,DRY,IMPROPER TURNING/NO SIGNAL,2.0,38.5,2.0,2.0
0208c70f7411214f2188c79b890cd14476c7406b78d57a28a10cf6e2eceb95e638ec03702397510e835b56eb26314eb257a9032fcdbff062b40fa2e0a2e4145d,CLOUDY/OVERCAST,"DARKNESS, LIGHTED ROAD",DRY,FAILING TO REDUCE SPEED TO AVOID CRASH,2.0,57.0,2.0,2.0
0208e91d670bb3e7f1f39dbc9a649e4cc58523c9763785969ef3d8a3a025e7df99e272ab457889cd42f711574de8bf47e8dd6ae9a7963fe669c0ab8a0ced3ecb,RAIN,"DARKNESS, LIGHTED ROAD",WET,WEATHER,2.0,26.5,2.0,2.0