crash_record_id,weather_condition,lighting_condition,roadway_surface_cond,prim_contributory_cause,total_vehicles,avg_driver_age,total_people,total_injured
0208ef7eb2dc904e460bc0709ce897ba1a826e6a61cb89f75e7e9457d69213dbf996f66e985b41ee26a62183efab77e652e744c84e1e237cb8f2df7fbbc3606f,RAIN,DAYLIGHT,WET,FAILING TO REDUCE SPEED TO AVOID CRASH,2.0,46.666666666666664,4.0,4.0
0209447c95e93a56ade37b4be21e877319074345a74546d5e15eba543164e45958303da5d47cdd64b4478da5dcd19760f9cc54dc56eaaeabb4f3b2e45d40dab1,CLEAR,DAYLIGHT,DRY,FOLLOWING TOO CLOSELY,2.0,44.5,3.0,3.0
0209966ffd0047f3eb43913a775a3b5f4c1514e1f958fb182ff74afe79ef046b15fd61271a99f5175fe16f36ad785d6d0d1cc28de21649ba2aa79c2b5566b9f3,RAIN,"DARKNESS, LIGHTED ROAD",WET,IMPROPER LANE USAGE,3.0,44.666666666666664,3.0,3.0
02099b14fa12fda66e484600a9e51aa962a3c4ea57799d73ff9d97a688f837a27f49638c5082c5f76e4611c9b8ce4afba4165733306838a366140ea060bd8b79,SNOW,DAYLIGHT,SNOW OR SLUSH,FAILING TO YIELD RIGHT-OF-WAY,2.0,58.0,2.0,2.0
02099bb30499235468a95e714c0a7b82a9ab8cec3247df54bcde6fc73e6a4af5c2a47fdf081f7c8927e5f7cd8bf290366972b2ced5240f384e09d7a4753fdf0f,CLEAR,DAYLIGHT,DRY,DRIVING SKILLS/KNOWLEDGE/EXPERIENCE,2.0,37.5,1.0,1.0
0209e21f298984f7375742b7ef27c9880b485f41123a12b5a8eb14f01171abbbc05974399b985e05a352f801869cae0f41587f39a51994338fb82aeba853eece,CLEAR,DAYLIGHT,DRY,IMPROPER OVERTAKING/PASSING,2.0,39.0,2.0,2.0
0209e57ff5d960e9a568560372140c9c23a16f425ed175aa700114b953a6aa84dc0bf4b34d752d4fda2774ab8c5306020b121198bdea5f84633646bf50ba2f17,CLOUDY/OVERCAST,DAYLIGHT,DRY,IMPROPER LANE USAGE,2.0,37.5,2.0,2.0
0209e5ffcf907113c372043119d668a977c639f66eda3dc805209db4d8a0e4b38501ce7503b44a36a48d3fa7886f599eb6e56593b053e2fd9a7c05c691bbf97b,CLEAR,DAYLIGHT,DRY,IMPROPER BACKING,2.0,51.0,1.0,1.0
0209f8b2de77cab7190eee1d395a96a39003891ef5897e2dd4bd974f9f77e2108d8d94b18eadc1041249f6309208cd5d7dceedf4061aa8677607fe8ec8a0b72c,CLEAR,DAYLIGHT,DRY,IMPROPER OVERTAKING/PASSING,2.0,36.5,2.0,2.0
020a2edf96d55341ac0ba48128c0a8531a4f64bbf3ce80eac0d3b9f4ed01295f19713cf5a7e61896fe04e678b88da7527fd19bf9db07ed1f1a1e3e034d44b5b3,CLEAR,DAYLIGHT,DRY,IMPROPER OVERTAKING/PASSING,2.0,24.0,2.0,2.0
020a37616374a3c158173974c11711750fccddf3e0a524faf2f74fdd43a86c8fd12990a523f7c638f7c61a4f8e436ca5fb538e0a1aea82424b47b7830610ab70,CLEAR,DAYLIGHT,DRY,FAILING TO REDUCE SPEED TO AVOID CRASH,2.0,60.0,2.0,2.0
020a6e57929e06f3a5cb876555aa4d1c456e3f54df6bad700316e1e72c6e97c9f2be06ce5dfbd36c87caa098149d66272cab3d87284595cc72a8b2cfe1b02321,CLEAR,DAYLIGHT,DRY,FAILING TO YIELD RIGHT-OF-WAY,2.0,31.0,3.0,3.0
020a77edf56784ef1b5d18cf6128df11813c9e5cad2b3dd4326dd667333fe5ccc72c828cee9f8aeac7526bffadfd3b86f2b5e26558713b3b6b01bc4b248b6231,CLEAR,DAYLIGHT,DRY,"VISION OBSCURED (SIGNS, TREE LIMBS, BUILDINGS, ETC.)",1.0,38.0,2.0,2.0
020a93259acda19ce5b7ee18f680a987daefb9aa64321cb574bdb18f1b2b1790f3a75d61f594e794888ed765be18e03dd9fee9679568256fe422fc513ca4e7b4,CLEAR,DAWN,DRY,FAILING TO YIELD RIGHT-OF-WAY,2.0,76.0,2.0,2.0
020b0bcc99063d9b3f2a0635650d89d0850ae7556030bf69d30ae7c199b4ba75d514aeb8690a22d394be0ef6ca1b3bb33cb1393f33c5f2f86daf62fed5275a36,CLEAR,DAYLIGHT,DRY,IMPROPER TURNING/NO SIGNAL,2.0,32.0,2.0,2.0
020b0f334d2b7005a383b2fbef95ffac5dc9c72d04fc6607889091cd882eb1df325bb05c72497a2dbd55a64b00715330bf164784f871711331d39dc922c2ffe1,CLEAR,"DARKNESS, LIGHTED ROAD",DRY,IMPROPER TURNING/NO SIGNAL,2.0,36.5,4.0,4.0
020b3527ef3d820823102b519eb44b61d4f36ab7ec26e84856c272569c6de8ac9785984a28c5e2f477dd436f40ec6a763af500283e9ddbc66610dcf598c3d4b3,CLEAR,DAYLIGHT,DRY,FAILING TO YIELD RIGHT-OF-WAY,3.0,30.0,2.0,2.0
020b3559719a591acc9a1e560f73d76f65e65f42c19a64fb7ee1756db50940004ec74a9b91b1f41b7e666fe07ce20c070a99f85bc300669729980b6fd9903099,CLEAR,"DARKNESS, LIGHTED ROAD",DRY,DISTRACTION - FROM INSIDE VEHICLE,1.0,33.0,2.0,2.0
020b425a160fc04eb64ab69d9471a5cb2d2c2209723d7efac04df835fccd9f47472d9824a18f73dc59f0416c096ed4b7221a51e192b81b9dbb48ef61d3503f94,UNKNOWN,"DARKNESS, LIGHTED ROAD",UNKNOWN,FAILING TO YIELD RIGHT-OF-WAY,2.0,30.0,2.0,2.0
020b60b7a98b334ccb098a8417c72e9fcb9d88e26c1f37b8131a051be016d525e7ea982406fcd6d9f4e9a07286752e014874358a727454a120b860cb75c06cc6,CLEAR,"DARKNESS, LIGHTED ROAD",DRY,FOLLOWING TOO CLOSELY,3.0,36.333333333333336,3.0,3.0
020b7c63c2f81f932ad927a7d2837a6b16450a6ff3a321f5e04807a11f7adf3848c08a89885eb9e37d6c80f61778143567be5d90139934235805f5daa2c5fa8c,CLEAR,DAYLIGHT,DRY,FOLLOWING TOO CLOSELY,2.0,37.5,1.0,1.0
020ba9a3f68bafb6471ae621f1be981164d14db72f1b4ced9f15c3635c3cd4af49f00b5dec5a55ce9fcc758bd89ad165c5746f60e3b167650e79db162006dba4,CLEAR,DAYLIGHT,DRY,IMPROPER OVERTAKING/PASSING,2.0,37.5,1.0,1.0
020baa03e79ced134022094f3ea0afb048c0f069057aa6c75d1c4c5cf5998bdbe59e78c290cd5d1a4ac784174071a95a1ff524f69b5223879c0c0df3da339569,CLEAR,DAYLIGHT,DRY,FOLLOWING TOO CLOSELY,2.0,54.5,2.0,2.0
020bad536a5968db3344d1292e2c68b25218d7cd6e2ff47d0debbceb6c7b48ad6139430ba659c58e0d90a27bb1a04c077cf6e1d869fc97c9d992524255ced455,RAIN,"DARKNESS, LIGHTED ROAD",WET,IMPROPER LANE USAGE,2.0,39.0,2.0,2.0
020bc9f2effd0770de09782d687e07fc94adec3f445e529bb09be8bf4881cb192a571bea7cb55e7c06d4b99fa2812e331a87635a5139d0b6e5492bd1c2bedc50,CLEAR,DAYLIGHT,DRY,FOLLOWING TOO CLOSELY,2.0,30.5,2.0,2.0
020bcc51c74296e699df4828807e18a58eef245aabe380cdd1ecafd98cb0c19f2f3ce7972b63802f4318ea68f5d7d217dcbc1caaedd41ee6d1d05e44553d4d6d,CLEAR,"DARKNESS, LIGHTED ROAD",DRY,EXCEEDING SAFE SPEED FOR CONDITIONS,1.0,37.5,1.0,1.0
020bd209fc7e8d07a48078263edac53f989dca0916115aa11d0d61119560a33d1fa5d18b06479fd4ed13a7d1d905d1564b02fc2591b473f93be8106614cc511d,CLEAR,DARKNESS,DRY,FAILING TO YIELD RIGHT-OF-WAY,1.0,44.0,2.0,2.0
020c409ff7ebc17635ba67fc89b2b483cd62d6a8b015fee97e249b664db631d5a6d5711506bd20643ad8bb7d37d5b3aeeb2d1c49a6767fa826eac9b37e7c0c27,CLEAR,DAYLIGHT,DRY,FOLLOWING TOO CLOSELY,2.0,30.0,2.0,2.0
020c43486a1f8c2d624e3e948e78fafee79c154b7454165554cc74ef3a79665c7611fa3e7167e5c683692ba2cb2418688cce4f991c6bcfdfc054afa467f43474,CLEAR,DAYLIGHT,DRY,IMPROPER TURNING/NO SIGNAL,2.0,51.5,4.0,4.0
020c8f6a174839c37e79910290ee0936acebb4bfcd6056fba69ddaefdf8d040093008a003fb6210b00df8d7218782c0dbe71b63e4ecfe580bff38c632a5b6bdc,CLEAR,DARKNESS,UNKNOWN,FAILING TO REDUCE SPEED TO AVOID CRASH,2.0,29.0,3.0,3.0
020cf88c9351bec8a99f0a521a3f1d970395dc41d96b6546c91b9d2efc72c0c2f6c79eedc7bbf772ff61a5b0add581f88afc0819969d9e5a6ab88b765a2ddea0,CLEAR,DAYLIGHT,DRY,DISREGARDING ROAD MARKINGS,2.0,34.5,2.0,2.0
020d24fed3a29cdc07c65b70ab30925179fa016d7ff451728519fa768570fd3974fc55ee39feb4e74719189f4850bd924412cd790ab7151d4e9780cffdbd58bb,CLEAR,DAYLIGHT,DRY,FOLLOWING TOO CLOSELY,2.0,26.5,5.0,5.0
020d262c1e2f8e8101591267710c0176cb72142a0bd29fe9ae8a3da78f13cfa931d9084d109544ea3b746d149a83154e20f31d7b3f7b59a43990862c3ad32232,CLEAR,DAYLIGHT,DRY,IMPROPER OVERTAKING/PASSING,3.0,20.0,2.0,2.0
020d299b8de4fc265278c2f8a164ae1a997e09eac2d7e351e2ddac40807af5c44a28484bc47e548343f5c7bc8eb234c52b5d39d1fb823ae8f7c07d6698f97a12,UNKNOWN,UNKNOWN,UNKNOWN,IMPROPER LANE USAGE,2.0,49.5,2.0,2.0
020d64fa6b5cf356bad74e17a6c4c58e88a7e87932de1e102191c2e2223178957f77815daa6ccef12a88d93bb829101706668767439287f6c503fd6ac8927525,CLEAR,DAYLIGHT,DRY,FOLLOWING TOO CLOSELY,2.0,47.0,2.0,2.0
020d9cf8926f7c77d6c8824ec671e20a6fdc25c2ff0d8828daaabc7017f75060cb00d05f6d00adbbb65188dcba399def1026064a759836d27c9f6121848db669,CLEAR,DAYLIGHT,DRY,IMPROPER LANE USAGE,2.0,37.5,3.0,3.0
020d9d839734b23d68e09733f211428ea2e7aac32a3952037bc9c83759554542c12ee1a0e92ac5fde32d182f3e82798f6bcd42eb7d6c6e986baf61849015a438,CLEAR,"DARKNESS, LIGHTED ROAD",DRY,DRIVING SKILLS/KNOWLEDGE/EXPERIENCE,3.0,31.0,1.0,1.0
020dd4933a4d0f7a7c944cd3d9bc80821053e2d599bc775fbd6b5def61ba48ed68e1f937ed6c511c48d0d2f5c3ead28c7fd60856ecc695ef4d0d007b2df09f90,CLEAR,DAYLIGHT,DRY,FAILING TO YIELD RIGHT-OF-WAY,1.0,28.0,2.0,2.0
020de245c5823c4c4763bb89fe005ad404277daffbd1e4751bfc21406c15d050992de23fbea04c28eb8f5c898f6a230f2f990508d592e661a6dd5bf966a57860,RAIN,DAYLIGHT,WET,DRIVING SKILLS/KNOWLEDGE/EXPERIENCE,2.0,38.5,2.0,2.0
020dea916081c6676c54977359752446e8cd16011ff546c972ac2b4bcc96fa50cacbbbb1bcad7f18baecce2b07bfbc5bc127e59e92aff85a717114c160813207,CLEAR,DAYLIGHT,DRY,FAILING TO YIELD RIGHT-OF-WAY,2.0,43.0,3.0,3.0
020e286e9816e0340d179e64ab96a92da67f085576220549d6cf01a7b64b935bee2db5d5668f26cd37a2834adc5e468dca3e59a4a4299c65b49a73ae0808eb97,CLEAR,DAYLIGHT,DRY,FOLLOWING TOO CLOSELY,2.0,35.5,2.0,2.0
020e57af2809a99e7f9eec1fea8e2b51879cb38bf58561133c27324c4f9c2d4ab8f90a567a56069f268745c00ef69f59a2bbd393a69d3bd1c83cb9347e1532bb,SNOW,DAYLIGHT,WET,FAILING TO REDUCE SPEED TO AVOID CRASH,2.0,26.0,4.0,4.0
020e5a174ccd8896d498dd8d4a22285372ace45716b9ed77b34a044edd866d5da79e08c407fa11b17d7c1f6a3bbae35eaa30c00118f46f9a2bfc398e3d790b6e,UNKNOWN,"DARKNESS, LIGHTED ROAD",UNKNOWN,FAILING TO REDUCE SPEED TO AVOID CRASH,2.0,22.5,3.0,3.0
020e5dd70cebca67a11dc6330453212d2ddba0c573a3dd46866cf0cc0abe4dac6105486394d7e3a3322267ef60ca1b82e6969b052caa92c058189ac0bade9cf1,CLEAR,DAYLIGHT,WET,FAILING TO YIELD RIGHT-OF-WAY,2.0,30.5,2.0,2.0
020e66225f7ffec4145f28ecbb65cca31678fa37ea34750e02f0be48740ca2f92ced05e127249fc2d8912945435a3a5a9b22c620661115388b6e37df8327e756,RAIN,"DARKNESS, LIGHTED ROAD",WET,IMPROPER TURNING/NO SIGNAL,2.0,33.0,2.0,2.0
020e72e8833cc415687570e76204cf4b611f012cab3f47ae2965703a131849f075ed26e913eed8c30d8364ba9c28d7a46d503f9241dac7e7cd9b1059592bc68a,RAIN,DAYLIGHT,WET,FOLLOWING TOO CLOSELY,2.0,25.0,2.0,2.0
020e7da39de7765f4b530a8ad5f49b1a055266395a190769b6be1c700abe659c1eace85f93352cec3bdbad6ee9a659f3a274baaf647028be7c214be2484bb38e,CLOUDY/OVERCAST,DAYLIGHT,DRY,IMPROPER TURNING/NO SIGNAL,2.0,44.5,2.0,2.0
020e86d68d955560dceb99c84c986a390ca5d16c25a297eb88dd85fe21080c1f0943eedf6dd8f59fd1bceddbfe5c63356a964c41d251608aa06c56051b39aa93,CLEAR,DAYLIGHT,DRY,FAILING TO YIELD RIGHT-OF-WAY,2.0,45.5,2.0,2.0
020e967b19c5195762aa25723975390ff4150676cb81145c916b6e5932b67139d499b2e6eb0c83f206744dc6c650c26c187f2110e7d2e4e2c4d1d022a1c18179,CLEAR,DAYLIGHT,DRY,FAILING TO YIELD RIGHT-OF-WAY,1.0,55.0,2.0,2.0
020eab44f0e776a6249cd1358f6d70f4c0b5a0edc9093af89c16e47a403d55fff5e0e262071d4eae4c670df696f22199a207f9fb917609b9e9b1aaa6f243aa53,CLEAR,DAYLIGHT,DRY,FOLLOWING TOO CLOSELY,2.0,47.5,3.0,3.0
020ebabd9102eae796f302224bba9c54f04e365f88761776c512d8d3e6f1531e8a6d7ef8a9e701b622ba038b2c2b77a16466fce459e32d1d4007e0a532446a3b,CLEAR,DAYLIGHT,DRY,DISTRACTION - FROM INSIDE VEHICLE,3.0,27.0,1.0,1.0
020ebd7030cd252dfaf306f0de181fdc9ec4dcff8f5608f6bd813ec585d4eddb8fa6d4b60b834504fd28f69f0a942d5c7c67149ead389e3349e0e7b584dc926a,CLEAR,DAYLIGHT,DRY,FOLLOWING TOO CLOSELY,2.0,38.5,2.0,2.0
020ec60d1ca1a139099029fd2a7cfd2e3a2010f46dcaa05531f73ffdec8a4f855f7f59359cdc93a723e7a4f8d5d048c8f95503990d8bcc32cb187797d9980570,CLEAR,DAYLIGHT,DRY,FAILING TO YIELD RIGHT-OF-WAY,2.0,21.5,3.0,3.0
020ece18113343658ac61f66a87e384d071940ad4387d3bfe82da2baf011cb73906da5329a8fdebbb64ea28b399b03ad6888511e2be50528fb2bcf0e5a681ae3,CLEAR,DAYLIGHT,DRY,EQUIPMENT - VEHICLE CONDITION,2.0,53.5,3.0,3.0
020ed86b645bc87763776ddf14ec4a30b3409c6848f71209d74a0f421d9fb9e08ad62de32cc9b3e823f38228ee7428c3665163892774edc1c6336e33e30e728b,CLEAR,DAYLIGHT,DRY,DISREGARDING TRAFFIC SIGNALS,2.0,30.0,4.0,4.0
020ee2a411d05826d2d6681973f988ee5937bf83b7b70fd1ac044a2449d32075a921517c74523dbbc8def1b85a613a6a83f642bdb3d2e53547ac87ff268eb8e2,CLEAR,DAYLIGHT,DRY,IMPROPER OVERTAKING/PASSING,2.0,47.0,2.0,2.0
020eed28c212f516d21903be310c5d57cb78bdf184bc1984648d94fadb6d5c9f50da29724afaf1144585f7d9bde61857337f3087b50fa99b42463f03a16e99e7,CLEAR,DAYLIGHT,DRY,ROAD CONSTRUCTION/MAINTENANCE,2.0,58.0,3.0,3.0
020f112b26d3114bf3d8fc873a93415dcf15d864a9625e634db3d84829fe33d1a02b6f604c5aff0d810e6073cc426675124c83ce09aec4416e2300e7b43e5972,CLEAR,DAYLIGHT,DRY,IMPROPER BACKING,2.0,71.0,2.0,2.0
020f18132ddfa5d3e84ce40ac6e12ae482ed8d6381f258cf72736979f9e2f3686e924aecb5cdc10e10d0d29d7005bbde402f81906727352c3669372f8b58606c,CLEAR,DAYLIGHT,DRY,IMPROPER OVERTAKING/PASSING,2.0,37.5,2.0,2.0
020f22aec3536ccd0bd502ba15bf449a113fb6d9a15dd183404ebcd696615018abaec249e60f6913c4d1964b650475e29425da78f6b5368d6b4ca187ccaa8895,CLEAR,DAYLIGHT,DRY,FAILING TO YIELD RIGHT-OF-WAY,1.0,16.0,4.0,4.0
020f26cf623badf5412520c86ec242ebcd1d12a703f3e78d10f359c21cee2e3d5864446e1289d90680de2234cd36e15e53ab0e33b5d8a5db1b0b4ccd81ff9760,CLEAR,DAYLIGHT,DRY,IMPROPER OVERTAKING/PASSING,2.0,53.0,1.0,1.0
020f4b1a65c6ce49b4111e94e1f7e6b409825a61fb300cbd6fad867ab2cea4f2ba53eb67f9a8f802e5430519edd7ae22a9265c188a14d632be133352b67461ba,CLEAR,"DARKNESS, LIGHTED ROAD",DRY,FAILING TO YIELD RIGHT-OF-WAY,2.0,22.0,2.0,2.0
020f5d53bd068146e3b390210ed8062dbdd1cbf6fce2b0a6f99c56a7cebcdbf992943a35f8fc95512da5cf44a09b98c907deb36685b2836a5350ad17b08c1f6a,RAIN,"DARKNESS, LIGHTED ROAD",WET,WEATHER,2.0,33.333333333333336,3.0,3.0
020f5d774e6cb53d37e61f336a13a9c3d2b40969a4f9a4f17c5e00a8b3e65817c21fc68a2ace57698e88f2ac0c27fd8ff25a27d3bac4290fd02ee7648ce26f62,CLEAR,DAYLIGHT,SNOW OR SLUSH,IMPROPER BACKING,2.0,26.0,2.0,2.0
020f7b0784a9b661fa23c4a6a89bbe5b71418dcf2d2f864587a2800aa09b20518090a7387e498f814681b5e2ddfb553329f2f06bc32d5ccc60a50f11837b4a95,CLEAR,"DARKNESS, LIGHTED ROAD",DRY,FAILING TO REDUCE SPEED TO AVOID CRASH,2.0,39.666666666666664,3.0,3.0
020fa6439199657a3c0e57438d5f18614999482f365ac1295cd9f492e3b7272a32c93fa672ed24b407ff9b870eba152e3d0d6c2877abe20b549398622c81c105,CLEAR,DAYLIGHT,DRY,DISREGARDING TRAFFIC SIGNALS,2.0,22.0,2.0,2.0
020fe36c3767a93351b36ebcbdb6f1473a794c725dd93de8e63987251cda7eccbc948d1b4a79cbda884f34a7415d7915d3e3b88d945470f23b310067c202d818,CLEAR,DAWN,DRY,FAILING TO YIELD RIGHT-OF-WAY,2.0,54.333333333333336,4.0,4.0
021002e446073bbd9780318bf1af4bdfa28ed5a5f85c0a94ce190e86f0dc7126867ef2adc5a34155b65d53eef4ef1dcd29ee9fff25bc76826898a7b24a45aa39,CLEAR,DARKNESS,DRY,DISREGARDING TRAFFIC SIGNALS,2.0,29.0,3.0,3.0
021039729920599fd8fe4b1b6d9502933ecfe6a440667836586643e5ad6007871862bcfd9f5605fd59a2303a1350224e398370dbf88d2182c9bbb2122b055471,CLEAR,DARKNESS,DRY,IMPROPER LANE USAGE,2.0,68.0,2.0,2.0
02105304e68fb92faa408c4a9f245e61647219e173a42a23664c072b76088ae6dd30e0006f2f2f43e1313e99e7fb865535b04dae3925f620decc0c0da3024407,CLEAR,"DARKNESS, LIGHTED ROAD",DRY,IMPROPER TURNING/NO SIGNAL,2.0,32.0,2.0,2.0
0210c72e53704738eeb5a694848eb14ac2640d172a7a6da371811736cde658afa29d065cdcc19c9da95a2b94b5628d3f6e48fff64224b2514af824023af77f3d,CLEAR,DAYLIGHT,DRY,IMPROPER BACKING,2.0,39.333333333333336,5.0,5.0
0210d2ed445e585789d32a9cb1b12eb4a8e009b8abdf3ba628a93cb004e40ee744c5676891edd8c709924a150266ca1d840b2470a9ee598015b088a4a21a511d,CLEAR,DAYLIGHT,DRY,IMPROPER OVERTAKING/PASSING,2.0,37.5,3.0,3.0
0210ddb66893d095b6d9d4eb384cb5bbf49e2ab8b7bb05dd5d5a99a79d682fbbd34e2617dddec13c51f688a437bbce14c212682eafc901e065f24b18d110695d,CLEAR,DAYLIGHT,DRY,IMPROPER BACKING,2.0,83.0,1.0,1.0
0210f0007ac86fc1af2ca945fd72ae8a84567b82d2c5b7fed295b33d0af5ec0a7642fd43c37ff60c9b293d51f916cd0efac23adcea1b40c6ef70e12f2eb283b1,CLEAR,"DARKNESS, LIGHTED ROAD",DRY,IMPROPER LANE USAGE,2.0,48.0,2.0,2.0
0210f109cd4b5e9d38fd85d0cffda1d101eabde717e01663d65d92f9d38e9b5a48384d4265f63e01b0c240457d731a49ba12e111d6ff041ade6de22de250b101,CLEAR,DAYLIGHT,DRY,IMPROPER OVERTAKING/PASSING,2.0,32.333333333333336,5.0,5.0
02110d1d437f932e2a1f1ac7fd76fb5139dd1ff3a254db661d321c3de3be7ffc2f303487d7076717a20567d4279805737bac1bfa7a23f1a55f1d68ba72ef3398,CLEAR,"DARKNESS, LIGHTED ROAD",DRY,FOLLOWING TOO CLOSELY,2.0,49.0,2.0,2.0
021123edce3d325d2b1f831eb46ce8356a6e5cd6badf18bc7678c2a4067acfe151044d1c1c47b549f0fadf4c4f17077e421fa368c281ba66dcf2b5b9ecd11ed1,CLEAR,DUSK,DRY,FAILING TO YIELD RIGHT-OF-WAY,1.0,22.5,2.0,2.0
021125a00b75f8de8aeaeeb7005b5e9ac96d57586134a1306e5ecb183f0c1365fc6c5c957269c40594c3c29b75f16a9c2490d199730cdc02da9f5e4cee3c3b70,CLEAR,DAYLIGHT,DRY,IMPROPER BACKING,2.0,39.0,2.0,2.0
021132176e483de5504d418416f9b6704aa80a02414613b3d282bea2391e76437802316e0aaed2a5d987c59cdc09082a1f40b8d6bf9a23b13745b31c27b5d578,CLEAR,DAYLIGHT,DRY,EQUIPMENT - VEHICLE CONDITION,5.0,54.0,1.0,1.0
0211384c13bc16b76d2d5725e63c95d45006e3c460551a240bf3c9b3acc804e0631ccceeff9f0cfe576e26b0d69b731997c04cb49216e29d4bf98ceebaf322c5,CLEAR,DAYLIGHT,DRY,FAILING TO YIELD RIGHT-OF-WAY,2.0,34.333333333333336,3.0,3.0
021178913bfca35d71ca724ee8992c81b21db85e4aac552442b7b66f9c182231e46bced66d79f87891d2e4b9174c7683ce205dcc92b94cddf48e948358ba77bc,CLEAR,DAYLIGHT,DRY,DISREGARDING TRAFFIC SIGNALS,3.0,38.0,6.0,6.0
02117f709b0ead0113ff27729a42d41558ce112d94217d4a4bd96a8461cf0340ed8b2aa4c951904ddb1900abf62ba01a6034f73900304b5967271f22e43ad2cc,CLEAR,"DARKNESS, LIGHTED ROAD",DRY,IMPROPER LANE USAGE,2.0,41.0,3.0,3.0
0211893f216aa481613c2491a044e686453049b5a257d0328d7b2d1bd247462defebd4638d472354536d396d33c8811ad40995fe43bc011f342e6ee4871a1e1d,CLEAR,DAYLIGHT,DRY,FAILING TO REDUCE SPEED TO AVOID CRASH,2.0,32.0,2.0,2.0
0211aa81cb84b2b9f9f13ff8f3c94e6d08d5b662c4a6868ac630f2849c66e54f791dbe8c87c62657706d089c5004174d9dc8784e9ded49202e2e7acef1458e0f,CLEAR,DAYLIGHT,DRY,FAILING TO YIELD RIGHT-OF-WAY,2.0,56.0,2.0,2.0
0211b9f81d8710af313ff03b35c88398c44ce25d287e64a086122d76f87b36ab55b96dfec1c15b249f5f70f6beff6e66b0de3f68bf8013d810a721f19880f895,CLEAR,DAYLIGHT,DRY,FAILING TO YIELD RIGHT-OF-WAY,2.0,60.0,2.0,2.0
0211d61f3c27a683f13bbb51e9b673bb02642ff2ced6c076a4c350fd3a138eebb673a355ab19479363086868fb3df79318fb089abb6fa8737d0fd55a33f8e863,CLEAR,DAYLIGHT,DRY,FAILING TO REDUCE SPEED TO AVOID CRASH,3.0,29.333333333333332,3.0,3.0
0211d769780e56a8d0b345acc271b1c2a15a4feb1e67e6044f1a1d48e66a6a25caab65ee325883bb0bc45db28138c68356c2f4929c9379b7dcad112ef4358d9b,CLEAR,DAYLIGHT,DRY,FOLLOWING TOO CLOSELY,2.0,22.0,2.0,2.0
0211f6e8540ae3077c2965158f432da7fb6109302b103acbb5b101fc41934c6dcabe559fcb486415a5d6518b6aec19f993c876233c7bb0ec585094f42eabaea9,CLEAR,DAYLIGHT,DRY,DRIVING SKILLS/KNOWLEDGE/EXPERIENCE,2.0,58.0,2.0,2.0
0211fe3c6676c7a6a76267c8afb48edfe89c413b784c8439de9c0baabce5020a2acbb15cc19c1a15e403bf84991b22d300ff527b92057e79a56247e9151340cf,RAIN,"DARKNESS, LIGHTED ROAD",WET,IMPROPER TURNING/NO SIGNAL,2.0,36.5,2.0,2.0
021205d8494fd45aa24dae4c664a6a09b4d69bdd542393b381a16179c76dcd6ca805aec1ede96261ff01cb1462610976f03f8bb9d27c9bfe2c95a2dd0a50af42,CLEAR,"DARKNESS, LIGHTED ROAD",DRY,DISREGARDING TRAFFIC SIGNALS,3.0,28.0,3.0,3.0
0212060d615d0185ff77a3a1e45bc62bf91f7f0b7f50030aefd5e1b8849e8ef0e0076843df320ec32fe552ff2a6ded1c1e7e893d30536c48bae0d698a24258cc,CLEAR,DAYLIGHT,DRY,FAILING TO YIELD RIGHT-OF-WAY,2.0,54.5,2.0,2.0
02120e03e82c4639c07805eddcf3f99eb8388a7fcf99cd3fbb2205251622404934bea250f7994177f46fd68f93ee4b8059d5f2892fb31d9664ba5a626bd7cb06,CLEAR,DAYLIGHT,DRY,IMPROPER OVERTAKING/PASSING,2.0,30.5,4.0,4.0
021210d995bc2914cf4a144fcbfaa6b0fee1e56f572661a67b087bc9d53a32298e069ed66f96493c68b6567cd0628a87d2e8c12a66d4de56e50eeaefd2dfdb1c,CLEAR,"DARKNESS, LIGHTED ROAD",DRY,FOLLOWING TOO CLOSELY,2.0,48.5,2.0,2.0
021212f5edfa33f813d30afb8efaa87620c9af5b7aae4c9cf1f10390d62089f58a24093d1dfc5dc144bd7586aca1ddb4ee69259ee56f9cbed822af472f30d684,CLEAR,DAYLIGHT,DRY,IMPROPER BACKING,2.0,37.5,2.0,2.0
021234114b6bc54f9c433ca2ed85074a6e03c1e0f2c828614f958d460e1e257eaeb713eb776e57724e080d62153b112dd6796d979c673f53427ff6ce4d25183d,CLOUDY/OVERCAST,DAYLIGHT,DRY,FOLLOWING TOO CLOSELY,2.0,27.2,5.0,5.0
02123d75fb810dbfe32ee7f23fca642effd3c1929b07ba971bbb699ddafe7c186aedbaaa57ec898d18ec8e6f37f5c62e4794b6b5b81d4ba4e60ade1c0f93688a,SNOW,"DARKNESS, LIGHTED ROAD",SNOW OR SLUSH,IMPROPER OVERTAKING/PASSING,2.0,17.5,4.0,4.0
02124b7ee575d227c56132bd673fd55b9aed62d23a3041d27b969d000f969678551bb90b820045009694760d870924f3633f04ce90f986c87b5b9c0175ff69a5,CLEAR,DAYLIGHT,DRY,FOLLOWING TOO CLOSELY,2.0,52.0,4.0,4.0
02124d915b5b18ae0980078429b9742a8f57be367665756ba1f4d59a6c0fc213614aa50b0dfdbe80714302ef850c4e9cefcd81e53f1966b746a5ab86ceadb87b,CLEAR,DAYLIGHT,DRY,IMPROPER OVERTAKING/PASSING,2.0,29.0,2.0,2.0