crash_record_id,weather_condition,lighting_condition,roadway_surface_cond,prim_contributory_cause,total_vehicles,avg_driver_age,total_people,total_injured
02126ad13091730c09ab47c9782135f97f03fe02df88c3298c34f1422c25c81d6e3927198274231f033d6b2a6a375928399f1762f4404417f89c4ba537ac8c9e,CLEAR,DAYLIGHT,DRY,FAILING TO YIELD RIGHT-OF-WAY,1.0,28.0,2.0,2.0
02127bae344ab1d339e5d133b985858c55782ca8780adbd2ae67ff42dc1bbf89f865dc7cf81a85eb685a5ebd2fadf5f0cdc53402d6f1f884f68c1dedd4ccde8f,CLEAR,DAYLIGHT,DRY,DISREGARDING TRAFFIC SIGNALS,2.0,39.0,2.0,2.0
02127d25422589636e067747ec44933c145f0e628cd91295373d6b73cc15c9a96a71f1904bf3d5499df0033d218db5eea34cf3db512ad3e7af658ab0e893af9d,CLEAR,DAYLIGHT,DRY,FAILING TO YIELD RIGHT-OF-WAY,2.0,29.333333333333332,3.0,3.0
0212815bc0e981ef66766504e7cae8326a6319325c46b74410fa9cbcd4d96a2af78003f1b80d24630bda737e121552a12eda314db29e4ee47723d328d3e4813a,CLEAR,DAYLIGHT,DRY,FAILING TO YIELD RIGHT-OF-WAY,2.0,25.5,2.0,2.0
0212abb4d3e737a42c6199e2709e9aa398f219ff690efb29371c148811128d51eb0f4c9b049e8de9cbc4042abc6ca0ed9d3dc0addef838bc90dd7a223b8a7a74,CLEAR,DAYLIGHT,DRY,FAILING TO YIELD RIGHT-OF-WAY,2.0,37.5,7.0,7.0
0212b301b8f7e8333a55cb6c82f147261f44cfb705271c17c9cc04fce82c6e76c4607ed3b949b2374b335ad8a10a87cf498440c46093775e94ad634e862c7260,CLEAR,DAYLIGHT,WET,WEATHER,2.0,36.0,1.0,1.0
0212bc0b806b00165058ec86f962165d8eab450c8cbef60e7a1540dd57a2f198df59365e5f76f7f062d9021fb8184ecafdb824a4c9053f74da65775331a83014,RAIN,DAYLIGHT,WET,FAILING TO YIELD RIGHT-OF-WAY,2.0,49.0,3.0,3.0
0212c662129615da470443f61506fab830f3b4b8db8b322b10d256cad7797288a3cf3dc7009ec31de727f6d2c10a25b65a61cd97ca71d5efbcec6708eaa04c6e,RAIN,DAYLIGHT,WET,DRIVING ON WRONG SIDE/WRONG WAY,2.0,27.5,2.0,2.0
0212f0ff1e2fe45a776d7a2cef2f69bacc90acb33c1824a6e54e3b85ab7873c3c12cacb2d9a062175f65e24d42e402cf9eba3c7d03cb7ec470985bb96cbb0123,CLOUDY/OVERCAST,DAYLIGHT,DRY,DISREGARDING TRAFFIC SIGNALS,2.0,43.5,2.0,2.0
02130cb4bda3137d303db6b82fe747a82f6910c352a75f30b6f8e7c595fc6c31bac1c15db5cfd74a2e01d5bd440c6e1995c8b0a207f2d3940f6e83e9b07dd915,CLEAR,UNKNOWN,DRY,DRIVING ON WRONG SIDE/WRONG WAY,2.0,39.0,2.0,2.0
02130f28324809555f31b60f0de7d898f3ff4eedaa8b87bb344840709ce561016208ffea0bf3955160bd1726960ce7e6d7e22178f3b4e97544142fb6fc035995,CLEAR,DAYLIGHT,DRY,EQUIPMENT - VEHICLE CONDITION,2.0,59.0,1.0,1.0
02131376e047ade869645721e10126e4dc04168051d889c4686bb7c201fa09d71eda589a4094cd177f742720793dfd8a8141d9fffeab070813b19a3ac23384c5,CLEAR,DAYLIGHT,DRY,FAILING TO YIELD RIGHT-OF-WAY,2.0,24.0,2.0,2.0
02134fb6fec9b5feaa15428f27b10dfddb903eecc562965d75a2e5f7e47ac450db16aba8e0bcd5b565279bcd77870882747e320170572a484f98c110342e3e4d,CLEAR,DAYLIGHT,DRY,IMPROPER OVERTAKING/PASSING,2.0,30.5,2.0,2.0
0213635e09a094df3636c0c80065403bc14c63bed94dc6bc034499832b1b498df984f23609ad954c88dcb0d88ac53d32be11754730f514fbcb89883898c4c50b,CLEAR,DAYLIGHT,DRY,RELATED TO BUS STOP,2.0,80.0,1.0,1.0
02136ab40bf593703c77a452dc955ce1193d60f61943cf523a73e0764cf7f8e74e40329506d14d63757434b6ae25c195447d08826cfb1e261e880a9c717b64fe,CLEAR,"DARKNESS, LIGHTED ROAD",DRY,FAILING TO YIELD RIGHT-OF-WAY,1.0,45.0,3.0,3.0
02138d4d4381018862b2a1818967076bae809b3088b24f59d36d73d5b2e9bd0f0249611da07fdbbe6973168ec0de4955d34bb612ac38154e305646ccc4339ec7,CLEAR,DAYLIGHT,DRY,FAILING TO YIELD RIGHT-OF-WAY,2.0,42.0,2.0,2.0
0213a953fce4b88ffa09ec6ef81062404b7b979237357296f3c413961ec45b4613ae09a0c7993ac302a0c63011bdc8833d540cc7926fcc03210457f5731d5667,CLEAR,DAYLIGHT,DRY,FOLLOWING TOO CLOSELY,2.0,28.0,2.0,2.0
0213dba03caa9f2b7aff882933ec1f1213b4622ab1830d82442aebfc60dc1db9d0bcad5dea37c823f42f70bb3bba5d0e82d9c5438ad8f397d937dbe18cc3621a,CLEAR,DAYLIGHT,DRY,FOLLOWING TOO CLOSELY,2.0,35.0,2.0,2.0
0213dd97f99d7ced53258cae33b159dd719fcc60f220735cc2eb885ef9950d6bfdee3bb926955f7d6271b54dab3ee1c6699b76e774558fd7cfb2dae17e4dc142,CLEAR,DAYLIGHT,DRY,FAILING TO YIELD RIGHT-OF-WAY,2.0,74.0,2.0,2.0
02142533e90c0031da54bcf8a0751c79c2b893505a201a88ea277d049c2230d5e216637eb6f0f711b8f398605894a973eb1b4038a2caab5957046569deabbd4e,CLEAR,DAYLIGHT,DRY,IMPROPER OVERTAKING/PASSING,2.0,37.5,1.0,1.0
02142d227ef8bc9ff7ae7f746a1f3ef385851f7a5546bdc61a51dcd5b2e175c70ac5db2640d8d1ae0db120ea1e40487ee73b82be5777798ed63f9b771f80afec,CLEAR,DARKNESS,DRY,FAILING TO YIELD RIGHT-OF-WAY,2.0,52.0,2.0,2.0
02144eeb87e931a14c6cb619d306a0dd6e365ed01cf4d3526fcc22079c15bdfa6788bf46041efc1ee3d1313ca5b9e63173baf8581c06bb850e8cb420fae4096e,RAIN,DAYLIGHT,WET,IMPROPER TURNING/NO SIGNAL,2.0,22.0,2.0,2.0
0214570a8c9362b739619dee6c2c50c2e0153157f1c32934c1464af1dec96401915c4f97f79e42e63b7f3d22d62c0f0603a380cf3b90c54d80beda00c86014d5,CLEAR,DAYLIGHT,DRY,FOLLOWING TOO CLOSELY,2.0,32.0,2.0,2.0
021458aa6aaed0c7811ff9c7ebbe56e8dd7e3b63e15f49f7cb171d06d583f358728b2026294aaf9b25efca05fa5e82f80e9e87de296ba5c2627adca073c366c8,CLEAR,DAYLIGHT,DRY,IMPROPER TURNING/NO SIGNAL,2.0,48.0,2.0,2.0
02146489972b37a3b477cb695d122ec592b56802a17f513469404b349e18975df44bbe372118c2559c6e70114ae3e5888bfe41fc06b67b70fd454dcd3d277955,CLEAR,DAYLIGHT,DRY,FAILING TO REDUCE SPEED TO AVOID CRASH,2.0,44.0,2.0,2.0
02148ad7f0e07914da5928c37c18b0a5e6940baca6beaf14fcaa5df5cd655b67c5cf07a0d785e59c4219acff61d9646701290fbccdce1e74cd5eeed217cf7ab5,CLEAR,DARKNESS,DRY,FOLLOWING TOO CLOSELY,2.0,30.0,2.0,2.0
02149c56b7b358ac84070079c6d898bac0b82204c8f881dcf3ed5dc4d7a277dee64d5e006056589b558019fa0ececdd9606d4e7fdfce1e333d38495c1db9c0f1,CLEAR,DAYLIGHT,DRY,FAILING TO YIELD RIGHT-OF-WAY,2.0,26.5,2.0,2.0
02149fb5e8deba26f22611326da8183d88a9ced0d888fc8275b16ec6e4981072c2572c05a56f7f7e26af1ee393d0e5e8ab8d386816e9984b67aee64f09d8261f,SNOW,DAYLIGHT,SNOW OR SLUSH,WEATHER,1.0,65.0,1.0,1.0
0214ad02810e52c2ed3251ac8bde73ec72bd483d60dcbbe73c77734de8877f2dec8d4dc0d0bdb752dffa8c409a65d504494dbc00788221ae996fb65fb2da8f8b,CLEAR,DAWN,DRY,FAILING TO REDUCE SPEED TO AVOID CRASH,2.0,46.0,2.0,2.0
0214ba33c25abe8c4fcebc9e8eeea31df2ac6028b7265835e94a2a3096740d5b2b0d32d176d58ff1e38f70bbcce51a81b93fc419adb36d95c4e95e07bc5e8aa4,CLEAR,DUSK,DRY,PHYSICAL CONDITION OF DRIVER,2.0,83.0,1.0,1.0
0214d6ec1f88419bd5b6feb381f42b5042495712ea8f61e5b5ba584bd354963d6a595962344ad3bb19cae3298569fe4d079d5cbd7fca6ecaf1b6b4eaef1d7d37,CLEAR,DAYLIGHT,DRY,DRIVING SKILLS/KNOWLEDGE/EXPERIENCE,1.0,48.0,1.0,1.0
0214f181e4a360a672920c4b90d238d4161bb0c5db5a8d66d8d759764d5a62a2b12af011b2d646857f56dc1a2bc6c0ba21b40ad9a42009dbc5aa66701cd007cd,CLEAR,DAYLIGHT,DRY,IMPROPER TURNING/NO SIGNAL,2.0,42.0,1.0,1.0
0214ff5671d602a4c58f03304b26e2ab4464c8394e2561fbfdd179c16a4b76a5bbca249e036090c00b075857405ab10dbaf70fffe8292150c854dc3a1e40a723,UNKNOWN,UNKNOWN,UNKNOWN,IMPROPER LANE USAGE,2.0,41.0,2.0,2.0
021503970f2e4b4d7583a18d5ecd9bda19f5ccf0fec5a8552ab49f384fc0f82936bf2ca79ccaedc20c60071f4fecdea6c5978755d28e358aa503063a05abfb9a,CLEAR,DAYLIGHT,DRY,FAILING TO YIELD RIGHT-OF-WAY,2.0,57.0,2.0,2.0
021527b062abaf76bdbce9e40bf89953a6abef5d2b1386ab6b482d6f0efcddceb9bd842837d4a372a49406fa4cf54c2fbfd6371dc8ed16957c1589654ce29f87,SNOW,"DARKNESS, LIGHTED ROAD",SNOW OR SLUSH,FAILING TO REDUCE SPEED TO AVOID CRASH,2.0,45.0,1.0,1.0
0215653a583d9362de2f329ca1d5be3777bd1b5300ea51c7b52d1ee81e26c2260b75ee1013f52d93423867274fd9d9455dcceaabfe58d1b4d7652f67438e8511,CLEAR,DAYLIGHT,DRY,DISTRACTION - FROM OUTSIDE VEHICLE,2.0,34.0,2.0,2.0
02156bbd79b4fbaac7d7f907b2f3ed4d3aa018eccb95a312dc1aa9c6ac6110b5ef77509ee882ef12bac2231a6496cb5548f7498128c91894afce3970fa9b8543,CLEAR,DAYLIGHT,DRY,FAILING TO YIELD RIGHT-OF-WAY,2.0,44.5,2.0,2.0
02157c68b1bcb54b086174c71b12aed82e61ea578cecd4e3bb21de0e3d9de82fe62394e8b58b7b5cc78cce11259c8937ab4392875a430cd8f5c8d497db0db429,CLEAR,DAYLIGHT,DRY,IMPROPER LANE USAGE,2.0,37.5,1.0,1.0
0215951b69d70b0367280562c48bb45f22e824323abbbc51694de67dc7349b9fe3739b44659d5b3cc34ea98b74213bd3995bbffc52cc011c8de60b9101eba27d,CLOUDY/OVERCAST,DAYLIGHT,WET,IMPROPER LANE USAGE,2.0,21.0,2.0,2.0
0215be00fdabb8cd32e1a1985215bd8d17e4ce563c8b242feeff5ebf6b554bb48b8a99993169f55119c4f1b3f06323c8abd980d96bff8a89c6f426808341e75b,CLEAR,DAYLIGHT,DRY,IMPROPER TURNING/NO SIGNAL,2.0,22.0,3.0,3.0
0215f378c90568ca1caf0a7f643cc143c972f5efbf588ac0a4877c0a418c18faaaafb5fee977a089f649b188cb1338adce4fd55ef4242a6fce135ebe096468e8,CLEAR,"DARKNESS, LIGHTED ROAD",DRY,FAILING TO YIELD RIGHT-OF-WAY,2.0,31.5,2.0,2.0
021602d182347d291870c0aab2cc0ea3d9729f93282da1e350228425895fa8a7cdec2f7a9ce79a66f52ecd3ee9880a0726f71526219ed1f3eb30095766fa7318,CLEAR,"DARKNESS, LIGHTED ROAD",DRY,FAILING TO REDUCE SPEED TO AVOID CRASH,2.0,31.0,2.0,2.0
0216205639d250820f644f8de069a3c0fb14c6f39680f78809d7f27c8b0070bab2883516a12fabaa6a794d8686176804194282ab884efe14971c76f3ded32c4a,CLEAR,DAYLIGHT,DRY,DISTRACTION - FROM OUTSIDE VEHICLE,2.0,67.0,1.0,1.0
021651a17e355c28466b26cef8851a5060a55aeb96cfdb088623aa374fa098ff9c039ea5a45c16bc7adff53a203d376119e40028888b7e6eef89de9cfa4660a1,CLEAR,DAYLIGHT,DRY,IMPROPER BACKING,2.0,28.333333333333332,4.0,4.0
0216526266848e73febdcb4f9e0a36b86b0dcccb573221be22dba9035b76d6d2f371da9c6b304a81cc3632d077955e410439269084a12639ff9fbcfeac6edbd2,CLEAR,DUSK,DRY,IMPROPER LANE USAGE,2.0,0.5,3.0,3.0
02168e929b5cc28cc12d9311e96c39dc82345304c7ff0c0e8aa5b647967717f44b350d53c5dbfa4e64f5303683c75c209e6af610c69f8a8fe1f5c40c26e18234,CLOUDY/OVERCAST,DAYLIGHT,DRY,DISREGARDING ROAD MARKINGS,2.0,15.5,4.0,4.0
0216988c5e6864199c14978e28468d758544f558f0720b8b0f47c54bfff3bc4e4b95b61d11349121a59dc73d5ac8d6d12929eacf0773463c269a44f638316fc6,RAIN,DAYLIGHT,WET,FAILING TO REDUCE SPEED TO AVOID CRASH,2.0,37.5,1.0,1.0
02169beda28282e9750c68311fdf7e1440748fe7b838f6ef862b2e7c8177803660890f003ca9b915dcc2759befff2df9cc86e2f1fea4e9c9ac1362288121f3dc,CLEAR,DAYLIGHT,DRY,FOLLOWING TOO CLOSELY,2.0,27.0,2.0,2.0
0216b23aab493e6e08476ab7d4e4f1d90e15d8dba0fd5376192727096b073cf4bd608856ccd2481fb8eb135b3d4c3b42d2b534e05640e63f5ff6682501444b11,CLEAR,DAYLIGHT,DRY,FOLLOWING TOO CLOSELY,2.0,50.0,2.0,2.0
0216dd94459b581dcf513cda7487bd588a3394476af8c41a40a0d5efae5208ef42aab37677187ac706ecb8f24b78a189827f47dc880186a32de26cf13584cf35,CLEAR,DAYLIGHT,DRY,IMPROPER BACKING,2.0,37.5,2.0,2.0
0216de21b78bb87571f81a45ef01dce74410777fd0a7a7d3ebebeb161d7467a5570f505494ef5656750ec945d4f79ed83c4bb112ce3b0a5f0ee4f0fc71bbf46f,CLEAR,DAYLIGHT,DRY,FAILING TO REDUCE SPEED TO AVOID CRASH,2.0,29.5,4.0,4.0
02170cada43c3553e681008bfe349bc945a17d8816ec926428b73de9853c2afc83c2673e28f246b353e19ba79d02c1b48fa0b14c8f95adab758c6f4d05434a25,CLEAR,DAYLIGHT,DRY,FOLLOWING TOO CLOSELY,2.0,43.5,2.0,2.0
02171d7f8db1e36c48c0d57ba6a478415c2ad7cd4f70c6aca5a344c7016911d01b892fcb4405496e0c6ab41c1dfa2ed7ba1baebfa4884efabb70aa604f63d746,CLEAR,"DARKNESS, LIGHTED ROAD",DRY,DISREGARDING TRAFFIC SIGNALS,2.0,41.5,2.0,2.0
02173477f1150646a6e67dd4f8ebd833cbba49b953fa7b0a101c0acb10e2c7c3a6caaa747d29fa545e8182bbed854343c9df6096d9bc33929f31407f2e6b553a,CLEAR,"DARKNESS, LIGHTED ROAD",DRY,UNDER THE INFLUENCE OF ALCOHOL/DRUGS (USE WHEN ARREST IS EFFECTED),1.0,32.0,1.0,1.0
021738ab447d17a2e1084069441305392685bcf15dadd8adb56f7f78b35cda2fb1e47a5e4c72fd8cb1bec09656dbe9506c4707200a68cd37e3659248758d6cd9,CLEAR,DAYLIGHT,DRY,FAILING TO YIELD RIGHT-OF-WAY,2.0,61.0,2.0,2.0
0217893eff1615f3982256f254615d1daf44fc41efdcd6da929a4d2d5dcbbd8d01521430dc2fffcae61ffb113daa817a5c72fad5347d0c8da3ae07c74d712c42,RAIN,DAYLIGHT,WET,FOLLOWING TOO CLOSELY,2.0,28.0,2.0,2.0
02179ad1718553679b29f787b3eca48c3116e6319fa3c08d99337bcee686e7542bf6e00c88f94d8df989aa70337deb3bc24cad19fed5f1e8b00ca57cfa1fd9d3,CLEAR,DAYLIGHT,DRY,IMPROPER OVERTAKING/PASSING,2.0,61.333333333333336,3.0,3.0
02179efe0dac1dd4bcc856ccd46b892128aff428c06427d5defd07c76ce781971ef1396fb13fa1d32e263e87a4a414f0e311f421e04e5a10e8b7a80bef06bc4f,CLEAR,DAYLIGHT,DRY,FOLLOWING TOO CLOSELY,2.0,55.5,2.0,2.0
0217a2cb4acbc0b375ac85a66b13c8ff1bc5ac54381543895a72f7adb0a47a50fdda48a130170f7e609efeda4225c3619c0d2fbabf5837f3ba9cf41ea617b78b,CLEAR,DAYLIGHT,DRY,FAILING TO YIELD RIGHT-OF-WAY,2.0,41.0,2.0,2.0
0217a88da67ddba53c4e47dad3454ce416e37265c55b509487efabc2b5ae12cf32cdbaa74660c4d69355eb14c42fca3fee4145615dbed628a045b912a451bfcc,CLEAR,DAYLIGHT,UNKNOWN,IMPROPER OVERTAKING/PASSING,2.0,37.5,1.0,1.0
0217d3bdb47ad779fc340b263aa9eed0b2d5856487562aeec2cf421dc51e6a47eb17e790d60ec59c2b37c5c0be18a7e3366e960ed2fb147f001f87bc57449c6a,CLEAR,"DARKNESS, LIGHTED ROAD",DRY,"OPERATING VEHICLE IN ERRATIC, RECKLESS, CARELESS, NEGLIGENT OR AGGRESSIVE MANNER",2.0,36.0,2.0,2.0
0217d8d80fbfadd97d89e2ceb054cd43f501fc9e377119fecad8caf43a44cf2bd7d53b7302c4961635756fb1b1126cadbbeab07dd778bd29193e3c63400c8fd2,RAIN,DAYLIGHT,WET,FOLLOWING TOO CLOSELY,2.0,42.0,5.0,5.0
0217f7350b40a784139c869796702d6b32aa3433c14572b19236fa2332c39676c925cf2382e95c3f19f5688f7d23cbcaaad2ad9da3c12ce077d962493ebef134,CLEAR,DAYLIGHT,DRY,IMPROPER OVERTAKING/PASSING,2.0,66.5,2.0,2.0
0218174d91d81715f248641c505a34a8fae81873897128f5a92f7211b53d13d563ce51314541bebd4a945a6e41b66fee732ffb4f548557271e99a8e7ad9f44fe,CLEAR,"DARKNESS, LIGHTED ROAD",DRY,TURNING RIGHT ON RED,2.0,55.5,3.0,3.0
02181fe80c61bc869ec6de61573be035a71e42c377266a24983d765fc71e81aac42e2924ecbe03d8ca9376057e13451457f3d910244ab863f334cb9178fa726e,RAIN,"DARKNESS, LIGHTED ROAD",WET,FAILING TO REDUCE SPEED TO AVOID CRASH,2.0,26.0,3.0,3.0
021839ab4fd650514f244087afff47dd20acfef25d2ef78d3b23b2920c4c1f9debc37f39cc10b73c6b23444ff710e7a0c1905e97b3a8f708eabc2be7ed1b6ad8,RAIN,DAYLIGHT,WET,FAILING TO YIELD RIGHT-OF-WAY,3.0,36.333333333333336,4.0,4.0
0218487d5c493ba9aebe58fd11bd0748c5b31dc2cb2150178bb48cd421e92f751c67ce1f53021b87d717201c771676d3f1aea43113a80b135e12744257b43ca0,CLEAR,DAYLIGHT,DRY,FAILING TO YIELD RIGHT-OF-WAY,1.0,64.0,2.0,2.0
02184d9a1b7b07c6d3421671c4b1267d33f8747be08f9a743011d7c5ce9a88c7efdb5fb0f68f22c6899efe05c8a7273498eb2435a28457f446357dfccf5ac88e,UNKNOWN,UNKNOWN,UNKNOWN,DRIVING SKILLS/KNOWLEDGE/EXPERIENCE,2.0,37.5,1.0,1.0
021855775fb9e3cf9d69407cb393ae3671c6b3c818d166f03915e21702ebaf56a2403f43ad3b93ab68a3fbb5315d1fdc354d45cb4b1c4e45aba0ad8b7e18121e,CLEAR,DAYLIGHT,DRY,FOLLOWING TOO CLOSELY,2.0,67.0,2.0,2.0
021859baa8157cc46db2014f6ba8da3d2635e6f01872f59622db3a058118c426c08327267a38a5b24090b9eed3c5c7533eba54c434c978d6082b22662299e15e,CLEAR,DUSK,DRY,DRIVING SKILLS/KNOWLEDGE/EXPERIENCE,2.0,72.0,2.0,2.0
0218708d7b30b0027244826ab61d90c9577fdc7275f0e2d3c83ca3b48bea4a87d7623678107b2c4f3569f29c91a8a69ce08cd7d08b8d4972cc09bc70f07c5197,CLEAR,DUSK,DRY,FOLLOWING TOO CLOSELY,2.0,38.0,2.0,2.0
02188a875140bfbc0387378757a2542a9a968f6697fcd53955b0c18afa7f3970e4f3eeeccf4d1c6318626af5f2f5d546f2ec9966abd35336583900df373ddb7d,SNOW,"DARKNESS, LIGHTED ROAD",SNOW OR SLUSH,FOLLOWING TOO CLOSELY,2.0,32.0,2.0,2.0
0218d267f7b1b003649a504de43a1040a535acb8beb7e9691d59776d7c7a62fc8f5c3b6ae593b6e782507551edfbca2388296a7d0fbe2db9944390c67854fa71,CLEAR,DAYLIGHT,DRY,IMPROPER OVERTAKING/PASSING,2.0,55.0,2.0,2.0
0218d2b5b6367a84db6d944befceb50182de747b9307eeca962e6fe28e9d848b61ffbdf382c8fdd1c2724149f46c76d8e9e9c65eff3fe1c05c23a58c8adacc5e,CLEAR,DUSK,WET,FOLLOWING TOO CLOSELY,2.0,53.0,2.0,2.0
0218d35fbcd92a0c17affcc096b1d39762308a1f3b038bf7ee5ca208566c138de47238a34cc8e8113178e0edb3b1b042b13ac1c48a0ebe8a579b6403197d37c8,CLEAR,DAWN,DRY,FAILING TO REDUCE SPEED TO AVOID CRASH,3.0,37.5,1.0,1.0
0218fd0bb36867907a4f9331ae76c4b5f7110cae89e2213a91a28360f70060a7b68a6ca63991441b294c4eb1cde75e8debb4c366e0bddce709f1122fde67f076,CLEAR,DAYLIGHT,DRY,"VISION OBSCURED (SIGNS, TREE LIMBS, BUILDINGS, ETC.)",2.0,61.0,3.0,3.0
02190edfb18745da3b9e9c80087f480a0d2571dde175beee553a7e57133cfe4c4cbe861f1acdfea70d9f60fcfad6b07834c429530a40d8d7f628f2a834475870,CLEAR,"DARKNESS, LIGHTED ROAD",DRY,FAILING TO YIELD RIGHT-OF-WAY,2.0,21.0,3.0,3.0
02193a64cc5f8e995af16b25b5a92c6427c56d35f26777ca2ee2d901c5fedc17f289ebba4fcca1e887711b4a27362337ef8a8a5a97046b437de19de1c83d2c86,CLEAR,DAYLIGHT,DRY,FOLLOWING TOO CLOSELY,2.0,68.0,2.0,2.0
02193df536c2e9c7f61c3e9a8ed55e82e9a5432db667bfcc3a28712b4d41bb85a2082b49e9df9a4ef769e60d1ba52af4a1d513b3bbf8ae068c7b34f9bae2b29b,CLEAR,"DARKNESS, LIGHTED ROAD",DRY,UNDER THE INFLUENCE OF ALCOHOL/DRUGS (USE WHEN ARREST IS EFFECTED),2.0,22.0,6.0,6.0
021942fb4eae835541a7e4c9882516f4db621b14cba2508142ced9bc3ec78fb1a5b230daf423679671c82c5c4e90f793e55760ea6fce9c5870bb978e254f9fbd,CLEAR,DAYLIGHT,DRY,IMPROPER BACKING,2.0,37.5,1.0,1.0
0219449769648264d14a42c2439a7abd72ab72520feea1814998a559600be40f963a9da37459030f0891c128c5cf42d9aef5984459a1cc8ff8c73f6f728146be,CLEAR,"DARKNESS, LIGHTED ROAD",DRY,FAILING TO REDUCE SPEED TO AVOID CRASH,2.0,29.0,3.0,3.0
02194fb32535cf9f4bdfe434252a2724edc022fa57192061024466b128151507498d89fdbc22e9031042970415ba22e845a1438ce9d40f3ee895522b5f8442bc,CLEAR,DAYLIGHT,DRY,DRIVING SKILLS/KNOWLEDGE/EXPERIENCE,1.0,20.0,2.0,2.0
02196cc16ec2b377aa75f50368f86c866d291627d52e8f0f3489e29ca179ef42664e18b19bd75f47dffbfbb4ab54c87560e869efde58e729a8b4f066ca5c7966,CLEAR,DAYLIGHT,DRY,DRIVING SKILLS/KNOWLEDGE/EXPERIENCE,1.0,31.0,1.0,1.0
02197e5b3f71c6411ca64c869fec23e5b5001818bd04f3e47c0d40ce7764dfd4a9a3274b82aa7d8909ca182897bf2f6f6161c42efb6b6e83fe90531960b17690,CLEAR,DAYLIGHT,DRY,FAILING TO YIELD RIGHT-OF-WAY,1.0,31.0,1.0,1.0
021990fd6ea7d40a2afd95dcdc35144c5ac776f2079a7bad766175e240069a421abdbc324cf3157f8fd08caff57b7817c295bd08c50b256d7cebf3a8d434eeca,CLEAR,DAYLIGHT,UNKNOWN,DISREGARDING STOP SIGN,2.0,37.5,1.0,1.0
021991e617fc83d7be6e11c269e0f7777c6812a66068917d1cb0cd245534628475888d9bf7651cd3e3f04464fa286eec5e16355cf119b54fdad3d847568b8c57,CLEAR,DAYLIGHT,WET,"OPERATING VEHICLE IN ERRATIC, RECKLESS, CARELESS, NEGLIGENT OR AGGRESSIVE MANNER",2.0,31.0,3.0,3.0
02199988ff9e77b760b19a213db2f176e03c1bfc271a92333f8f9d080acd7f388624381a0f0a7ca446dc731f1f2d339104e59fcfcef775c3b7a1962560e67b53,CLEAR,DAYLIGHT,DRY,FAILING TO YIELD RIGHT-OF-WAY,2.0,47.5,2.0,2.0
0219a8d67bcec3ad86da51c0c974e61223f6d61f27371f174465cf134abfc5a90de4c4ebe13d2cc7efeb9b6a7e322b19d93272e2068557b0e56e4309c8714d60,UNKNOWN,"DARKNESS, LIGHTED ROAD",UNKNOWN,FOLLOWING TOO CLOSELY,2.0,24.5,3.0,3.0
0219acfb06c5df3c6b2a9f502c5cbe865ce2995a4efd9318a6690b74cba57aada4621fb9ae1300e139730d1209b7726fd375bc8e5adb63416739fa87ec6bea2d,CLEAR,"DARKNESS, LIGHTED ROAD",DRY,"OPERATING VEHICLE IN ERRATIC, RECKLESS, CARELESS, NEGLIGENT OR AGGRESSIVE MANNER",2.0,33.5,4.0,4.0
0219b5e22683b7fa8bc61e0c937187fa492db1515a0e66a3ec7667c7aa857c53f4e1345919ece0102fcd649928951e92cfe729650d9d529c7543a432b4154d1d,CLEAR,DAYLIGHT,DRY,FAILING TO REDUCE SPEED TO AVOID CRASH,2.0,52.0,2.0,2.0
0219b9c81312b2483b6689da3111b77f746dd29029e0156f4f8a72951e390767d1f33ece66f9a4344123ec0ba362081afab723e7617573fd9f3e1326254b1eca,CLEAR,DAYLIGHT,DRY,DRIVING SKILLS/KNOWLEDGE/EXPERIENCE,2.0,37.5,1.0,1.0
0219e0c67e344c2d8829410dc35fc568358655ea9f133291fa66fc9eb8e6bd9f452e981b8edc7babe662fd500292764a37438df3c162ec3de4f3ea8312770f5b,CLEAR,DAYLIGHT,DRY,IMPROPER OVERTAKING/PASSING,2.0,42.0,3.0,3.0
0219fb3195a159056d6b7d25273f6da009f8eaf21349c89835c883e2e09031feb06f199d4d5d3b2cc278ad4d66fec51130fb9ab41621b8723e5fbefa9994c41d,CLEAR,DAYLIGHT,DRY,DISREGARDING STOP SIGN,2.0,38.0,2.0,2.0
021a08be833e17964931851b0aaca45da8f5a523666d3c142b9828a6337f5449f830d48bb1bc139bd08ab7cef98f1352c16596d368b7fde1395c04ae02ef13b8,CLEAR,DAYLIGHT,DRY,IMPROPER TURNING/NO SIGNAL,2.0,60.0,2.0,2.0
021a24f5e7d86a6bb03ed3ab7ef2891ebe3ce6059ad623afcb7156ded1d3ef23be13c81392692a32da4b3da4a45a8187820dbcd7ee260ff4e2c89d6376a01022,CLEAR,DAYLIGHT,DRY,IMPROPER OVERTAKING/PASSING,2.0,57.0,2.0,2.0
021a2719dc408878c872bade35810e7a5d72cfd35ace25565b9d8110adcba7a85b015effe8e3f914a9ba11072ba0bf88a19f0b4be23c462cd36c4747f64dc2fd,CLEAR,DAYLIGHT,DRY,IMPROPER LANE USAGE,2.0,44.5,2.0,2.0
021a2dfa058eefb5148497895baed416a453ee2bc6684ec1805f43edb1484f6cf3048f2ffb9f1ce231280e8eed5165774755cadc94745b34aae7f44c583268cf,CLEAR,DAYLIGHT,UNKNOWN,IMPROPER BACKING,1.0,37.5,1.0,1.0