crash_record_id,weather_condition,lighting_condition,roadway_surface_cond,prim_contributory_cause,total_vehicles,avg_driver_age,total_people,total_injured
021a3215e2d66c820da8b3d358bf76411d93e730a5fce4169e9fe88770becb38ce3a339a1914607722ad63ef0a0f17131b676374288338905542bffbe1b10701,CLEAR,DAYLIGHT,SNOW OR SLUSH,FAILING TO YIELD RIGHT-OF-WAY,2.0,25.5,2.0,2.0
021a4b19631e6895c01b5581c6436b77414a33ec6250039249416de8356f4963dbbf05059d13db483486aeba949abe1a586d73fadd21d8714550f821cd6beaae,CLEAR,"DARKNESS, LIGHTED ROAD",DRY,"EVASIVE ACTION DUE TO ANIMAL, OBJECT, NONMOTORIST",1.0,58.0,1.0,1.0
021adc613a95cb8540a6b5a96a899aabe4a867bc3d225d6893f659771c6e29df4dfc8846ec6eec756bc4fa59f576fa3e23f2878cc0b61665a2b2d37ddc4153a5,FOG/SMOKE/HAZE,"DARKNESS, LIGHTED ROAD",DRY,FOLLOWING TOO CLOSELY,2.0,22.0,4.0,4.0
021aedc91471fc66ebb6600889244176e39e5109a187929778a20843012054f27c5f198f4f5c6c59023a939154370f89d8e8b46e1e9cc1de14f41b2de08c0d65,CLEAR,DAYLIGHT,DRY,FAILING TO YIELD RIGHT-OF-WAY,2.0,43.0,3.0,3.0
021af47ba60ab767150077845a3086dc140bb4c583f98b335a013e6c980b86fcb0732145b2ff20cc5b6fd24f22c8d76a48cb592ce4d0f950727b0136fd9da1af,RAIN,DAYLIGHT,WET,FAILING TO YIELD RIGHT-OF-WAY,1.0,26.5,2.0,2.0
021b119d0554ea2b547d3fc6f97e9cb2f91d5c13d3760cbf96c5d34b2092d2e814c12c4c296d9da64a1b730c72cdbafd08e9ba37c4937ab1efc0d9918d387a97,RAIN,"DARKNESS, LIGHTED ROAD",WET,IMPROPER TURNING/NO SIGNAL,2.0,32.5,4.0,4.0
021b19ca5cabbc716148d807331cfb06b7bbee585f7bf07155286fd74e8b24a76fa688ac4d03a5cb4e9ab711f7afc4d4cec7ae7b3bcc5e0a7819003a3caab943,CLEAR,DAYLIGHT,DRY,FAILING TO YIELD RIGHT-OF-WAY,2.0,41.5,2.0,2.0
021b7780f3cae78dcb25c3e2c44b60f506a62781b35403782909aa03d024b023ed3ddda6eb3b51ae776c8381bad11486372f1d0b6b5d07776edc2f8abd761fd1,RAIN,DAYLIGHT,WET,FAILING TO REDUCE SPEED TO AVOID CRASH,2.0,47.0,2.0,2.0
021b7f87a5ac3debd500dc925728b5bb57961a5f90ac241ddb6fa80d710fd9c820780c38df37099362db62f6c08cc2e3163b8b1809b2920f355973584123aee8,CLEAR,DAYLIGHT,DRY,IMPROPER TURNING/NO SIGNAL,2.0,33.5,2.0,2.0
021b8434a83bd7534d3716e1c07acfb8d8faae2ed7e715757f46b42b8c76c01f7b8b0343b5386b34cb7fcdb7684b90d416330889a062c856fa556be7c6ac6857,RAIN,DAYLIGHT,WET,FAILING TO YIELD RIGHT-OF-WAY,2.0,48.0,4.0,4.0
021b84392813d454b7dd074e3089eea376dc8584911b6fed56c2e7187a8cd629e09cae69e2cbd3112f214b91893ee3704fbe561f4f16599bb44dac625bd1fa33,CLEAR,DAYLIGHT,DRY,DRIVING SKILLS/KNOWLEDGE/EXPERIENCE,3.0,35.333333333333336,3.0,3.0
021ba76a48a8340eb28086c9b0ec26749121873488577dfff54f8a56e817ec4072c51a2efc78dacd74774a9fb9c7df65d5871f557675d7101ed8e0895d74528c,CLEAR,DAYLIGHT,DRY,IMPROPER OVERTAKING/PASSING,2.0,18.0,1.0,1.0
021bc0c00316eec83bee680a75186e3f47a2f9c6733620400605fd17c683eb3fb4ab80b6eca0c9096453bf433529008e4c381700e70f5a6085bb1e4487927524,CLEAR,"DARKNESS, LIGHTED ROAD",DRY,CELL PHONE USE OTHER THAN TEXTING,2.0,28.0,1.0,1.0
021bdd67c65d4cb1bb34e7d38c2ada6b85a7e0dcd0ed154e1f49a1ae3c5bdb49026f1222afc318e7bf8181db319272d5a6d76ad9bd03087dc9c7be0800d83fd5,RAIN,DAYLIGHT,WET,IMPROPER LANE USAGE,2.0,59.5,2.0,2.0
021bfde92ef6192ceaffc3f71c3478b145fa3da4862337477665fa0ee6207812c6c9812b8a40cabfba3e847d5c6ef8293409b8caf4432bc4a2b0e7b119bd1a78,CLEAR,DAYLIGHT,WET,FOLLOWING TOO CLOSELY,2.0,33.0,3.0,3.0
021c087b364f1ff21ac46c0299bca9483f074bd500783513accad8681223c7e9e6c9f7a99c429716357c8e6026962238a1ba638ba18dd1dbb8fac8c6ff32c728,CLEAR,"DARKNESS, LIGHTED ROAD",DRY,FAILING TO REDUCE SPEED TO AVOID CRASH,2.0,47.5,2.0,2.0
021c0df32db8d266d67189db82320aa3a41fa22b8b8796a1c93c5c8018e6614d21eda0273ca21b5e226dec589c1a7dbd87fa07abdecf8d9ca2b8d71aaa4e6340,CLEAR,DAYLIGHT,DRY,FAILING TO YIELD RIGHT-OF-WAY,1.0,47.5,2.0,2.0
021c132416d15cf5155fd6209847d0b459a554d47f680615c22143ed896152b7b8dcd1f4931b61d3d7500534ed6095a4ecb30d880bb7bd5e1bfe74c343e71557,CLEAR,DUSK,WET,UNDER THE INFLUENCE OF ALCOHOL/DRUGS (USE WHEN ARREST IS EFFECTED),2.0,58.0,2.0,2.0
021c2090dcbbbe726c5cebb245e7204b9461327e45188a3ebf97d2ab7dc763af26901d240995102482b6e509cf6ce46de62d32f59900dbb731ab112bde2d10b7,CLEAR,DAYLIGHT,DRY,FOLLOWING TOO CLOSELY,2.0,39.0,2.0,2.0
021c246420a1684a165c4d3e288970a324cf4b6808de5a6954ab0e54fe0914a4c391458a8a503a3584cd92673f6904fb4f3513b390eb3621d75cb959883fb984,SNOW,DAYLIGHT,SNOW OR SLUSH,WEATHER,2.0,55.0,2.0,2.0
021cc0b1a90f5c4bcbe2258470e8f6f6d10d4319f8c4c543efafca9a5ee5feadb33fa87e6892fd5ae221e071b58298e1528269fd13e43e44febb859f8314b5cd,CLEAR,DARKNESS,DRY,IMPROPER TURNING/NO SIGNAL,2.0,29.0,2.0,2.0
021cc656bcf668ac61e130f84ccd63191718ddd9477dfe1e2505118d2c9d88e90c552ca9d4b8d428775177125e8ce08f13362e43b79cc3a56f98b0cae94ba570,UNKNOWN,DAYLIGHT,UNKNOWN,IMPROPER OVERTAKING/PASSING,2.0,43.5,2.0,2.0
021d1187e433d8f61934e43043e1f31b79892610e61d6f950360ee7826545e96a8f83a6576090c72c26b8e28d4af2860d998a06037116050e70d126391c9cc9d,UNKNOWN,UNKNOWN,UNKNOWN,DRIVING SKILLS/KNOWLEDGE/EXPERIENCE,2.0,32.0,2.0,2.0
021d3cbc0ccd2383e31956a285b8fe61c4a1fe82c945d6f7bdfe954bce8a1f72f91e86fbc7338953102d5826791caad999dd0cda595ac561d5fb30617c820721,RAIN,DARKNESS,WET,FOLLOWING TOO CLOSELY,2.0,18.0,2.0,2.0
021d49102b2d7f827845c4ed90403854669db947e6330a93d9015f47f937c6920425bfe590024f82dd64335c3ff46bd5db2b1acb4c58c5590437967e2d36540a,SNOW,DAYLIGHT,SNOW OR SLUSH,EQUIPMENT - VEHICLE CONDITION,1.0,21.0,1.0,1.0
021d4abdf662d26a7a3683a352efb07230b8cb9eecbdf5488adf1060b9201a676ff2cac2f41051e69d17440cff3756c1d857691d559d4adc3338f22d14e978be,RAIN,DAYLIGHT,WET,FAILING TO YIELD RIGHT-OF-WAY,2.0,26.5,2.0,2.0
021d86dd94f06a68d0459517a4edf9cde11716e90877dd96882a018d8944a8e2d1ff4518e1bf6b8f01e024906d269bb732474beefb2e6868a624f7a280ea2a22,CLEAR,DAYLIGHT,DRY,FAILING TO YIELD RIGHT-OF-WAY,2.0,65.0,2.0,2.0
021d8850657d8dad04d98de3ec0d3611d63a6ba2eb4a6d8671e96ad3821b275193f11b9f0d152f7d0fae978517412728690d9a607c8c361df2fbbcee3f8af4c2,RAIN,DAYLIGHT,DRY,FOLLOWING TOO CLOSELY,2.0,36.5,2.0,2.0
021dab00333873e183d299f2be46684d4a394561f2610d0dac8bd4f7f28e377fa7d02ea037acedb301ad7e565ae50a766e207cad5e0acc6fb1564c80acf787b6,SNOW,DAYLIGHT,ICE,WEATHER,2.0,48.0,2.0,2.0
021dc5320f46ab19b225df0beb0e0183f034e25cd0e6b6bc49d1091957368a102ff47faff65025ffdf030d453e263d1542c68fe5aa82f6d668d6ea303f48ec58,CLEAR,DAYLIGHT,DRY,IMPROPER OVERTAKING/PASSING,2.0,31.0,2.0,2.0
021dc9cfe54897a2ce339afbd080f247a511dae1b8580e985702a4c0244e3f776d7a08e050f327a6a2cf8b0d9beac500625313f5a9abeb10f313d8addde4cee8,CLEAR,DAYLIGHT,DRY,DRIVING SKILLS/KNOWLEDGE/EXPERIENCE,5.0,17.0,1.0,1.0
021de51eb396e9fc17e33c4f82666a0a7e734a95e347a4eaa258abf0043e41112bb93c40455b555add1f31d624957a33450c049154e8f051f421a8003f401af7,CLEAR,DARKNESS,DRY,FAILING TO YIELD RIGHT-OF-WAY,2.0,27.0,3.0,3.0
021e27a7fbe60b28be8824dff78f42ee7b9931b25bc55c77df9da5ac0b3cc9f1355a1fe23a4299a6e123d4d9c6ba90f53c874431375f362dc54cb9fd8b3cd3cd,CLEAR,DAYLIGHT,DRY,IMPROPER OVERTAKING/PASSING,2.0,59.0,2.0,2.0
021e755eb452facf9b690f44c8e33912a4a622ccf9d4ba8cc489eb8a446673f7bab8367af22ced53d06365b1eabf5a2b80d0f2ca0617435382cd9130ec575c9e,RAIN,"DARKNESS, LIGHTED ROAD",WET,IMPROPER TURNING/NO SIGNAL,2.0,43.5,2.0,2.0
021e75ff74847335810bc854bd7cef8a03f86a6f17d0990967602bc4ef2e9a7c9a2e3b6c578c82c9ff829206a94e8716e0eb70018366e73a21faa160e114f754,RAIN,"DARKNESS, LIGHTED ROAD",WET,DRIVING SKILLS/KNOWLEDGE/EXPERIENCE,2.0,23.666666666666668,3.0,3.0
021e8a9654ce2ed46069a24db85873e3451b73f5d28bc7262b4846e9a9aa86fa8646803e3119ab5a588dd8b938bd7e7164adf8a661893bd17138c270f4e39207,CLEAR,DAYLIGHT,DRY,EXCEEDING SAFE SPEED FOR CONDITIONS,2.0,25.0,2.0,2.0
021e9f670f64303d70e26a68e5249e7beb9c4344555874becab9a9207b51fe372a35122115441404cb33802c3b379a351895b7f00e3968631372dd5ef0401a62,UNKNOWN,"DARKNESS, LIGHTED ROAD",DRY,FAILING TO REDUCE SPEED TO AVOID CRASH,2.0,22.0,2.0,2.0
021eadc5c30eb4162ce4590c75aa620146664c1b82d750631b985496f20f2f77d733c18799dd1c18322da5756cde56919dddfb2fe5ac25d3c6b03350672ed603,UNKNOWN,"DARKNESS, LIGHTED ROAD",DRY,WEATHER,1.0,37.5,1.0,0.0
021edf8e0d79c6467d58ec4254adb376c94a0f87c84c813d71b0a75217261c4e33d3f5f29333dbbd43a7f0e0f8e940970ca4466da977381004013752d4624447,CLEAR,DUSK,DRY,FAILING TO YIELD RIGHT-OF-WAY,1.0,18.0,3.0,3.0
021f0aa53ccec8c7bf7b34446fe2d97e367ce564a04c520625d99a7472b08b448c073ddf8754b112d730b84456c0b254144b6310dd44409cc2fadead3740dfae,CLEAR,DAYLIGHT,DRY,DRIVING SKILLS/KNOWLEDGE/EXPERIENCE,2.0,28.333333333333332,8.0,8.0
021f15d60f567c5a93c11323532921859ddb350a9e69f1dec59c5da200081024b1fe7318d6443314bf55234195748d70e4e21f7488bdb304677ea9cde1117b06,CLEAR,DAYLIGHT,DRY,FAILING TO REDUCE SPEED TO AVOID CRASH,3.0,22.0,6.0,6.0
021f3322037599bad6d847f7e135dc210bbd0c4e50e8fd556becebdb8618268bf39499513879c491db035ec35d762367473088bf808eb2ad8b884cfe092c5fd8,CLEAR,DAYLIGHT,DRY,IMPROPER TURNING/NO SIGNAL,2.0,55.0,2.0,2.0
021f6b02129255ab2db56b2021b18220b373dc63c4ad28b15c4f2249fbb3d2dc0ca3b7b60e4fda29a699762e17c2d1d6b0938f60a1a043671ff966937d9b6998,SNOW,DAYLIGHT,SNOW OR SLUSH,WEATHER,2.0,36.5,2.0,2.0
021f770e5aae89f4239eaea2960f192f084a720a93b456086cb58bf115a82094ffac7554a40c413985ca639d535221c6ec42c2aa84a54239439507d6def0f514,CLEAR,"DARKNESS, LIGHTED ROAD",DRY,UNDER THE INFLUENCE OF ALCOHOL/DRUGS (USE WHEN ARREST IS EFFECTED),1.0,40.5,2.0,2.0
021f786f7cf52ad92ae0fa6cc89c0d0006a24eccbfe26381fc1306cba7ac58552ef352bfbf6fb619ba8c9013a259e1da74eb9ee746b95f804c70e6a9bca3f69b,CLOUDY/OVERCAST,DAYLIGHT,WET,IMPROPER TURNING/NO SIGNAL,2.0,38.5,2.0,2.0
021f83a5d74f42f8bc6eac298794b2181dd14910f3632984612aed2eeeb8f4f5fd5308e5a27bc9a66a1b8a67ce01406d76bd550ac50d17674ea475b7e3c47ac3,CLEAR,"DARKNESS, LIGHTED ROAD",DRY,FOLLOWING TOO CLOSELY,2.0,30.5,2.0,2.0
021fa42332eeb11a77fdad4c4f04a129ab5323e251e2e78ff29c51c4342e484e39dcff9e42967900f62ab27c5321f53a148ad3b0fc8f0c8d35338b85711f713b,CLEAR,DAYLIGHT,DRY,DISREGARDING TRAFFIC SIGNALS,2.0,72.0,2.0,2.0
021faa8965dfbef24ebff53a0c6730858d4d463e481749eb2e3b36fe26ad6ba97a2623fd970fd8aee747c30a820a698e023a0fb0a70a8911a67be52aeace804d,CLEAR,DAYLIGHT,DRY,FOLLOWING TOO CLOSELY,2.0,37.5,1.0,1.0
021fb05c5e930f728060dfef81788b08d9c7e8c9ce8af03fff56d09de89ae373605a48a903c55d0bfa2d2ae080d36271b3902156ed280416872e0397df1156cf,CLEAR,DAYLIGHT,DRY,IMPROPER OVERTAKING/PASSING,2.0,66.0,2.0,2.0
021fe636cfa78f663272bf0f9161212fd10b5d01d0822a96b9fdb65bb81cccb81e26c890390d46c3b46ccdab6ad6d79094ebc073c1993a43f76e7834520da221,SNOW,"DARKNESS, LIGHTED ROAD",SNOW OR SLUSH,PHYSICAL CONDITION OF DRIVER,2.0,47.5,2.0,2.0
021fe78c2b6e71af8b57dd6186db613a0efa46a4efcdd1e8b18425ad77ceeba33982f7574affb0dc953b46c89a1f83230d2e13530b8cfb9037928468ad54da4b,RAIN,DAYLIGHT,WET,FOLLOWING TOO CLOSELY,2.0,39.5,2.0,2.0
021ff9a28bb373cba7b6a58539fa2b50c3f05d6988953976c389ee2ac8afa38ddd04e0d97db831050d2ed131afba09ae2af08902977a83e391fd9d2548974ce3,CLEAR,DAYLIGHT,DRY,ROAD ENGINEERING/SURFACE/MARKING DEFECTS,1.0,45.0,1.0,1.0
021fffcd699cb2019e2ca667448fd2769d41397b92c197c6e79aea8af5370b82731d2cbb1497200c5f935d3a67696faca17db702dbf106ba8bb538e23592e478,CLEAR,"DARKNESS, LIGHTED ROAD",DRY,FAILING TO REDUCE SPEED TO AVOID CRASH,2.0,27.5,2.0,2.0
0220050f0337a1f91510e9117c79bca32a44ffe8a31698f7457201f50596ac5fe7eeee128be2984f2c8d575c1bb83b3bc795db7bbabf4acbaf05ac9d3a29f9f3,CLEAR,DAYLIGHT,DRY,IMPROPER BACKING,2.0,47.0,2.0,2.0
02200f5a120d613de5448a5b2e93569952e95105fbf95679eadfde9b05ca5b188c0b3723fcc3877eacc31f47ba9b4aa7d7426a0914bf8cb4c7b933c5129a9d9a,CLEAR,"DARKNESS, LIGHTED ROAD",DRY,DISTRACTION - FROM INSIDE VEHICLE,3.0,20.0,1.0,1.0
022027b1c7f24045ff7d9485c55f1d8b6562e83f2991c9d9e5119892afb6215c68b343f40893c2fc8f90c98aa3888f29fcc35f68d37930c6a3efd8d94a46b2cd,CLEAR,"DARKNESS, LIGHTED ROAD",DRY,"EVASIVE ACTION DUE TO ANIMAL, OBJECT, NONMOTORIST",3.0,28.0,1.0,1.0
0220280d08818574effb303c83163cd3b730107ce323ff584184d6273d858e9d2d9ecc44e01feae4df27b3ee172fb7193ff2406f81b4b75ca0325cd2e4c8365f,CLOUDY/OVERCAST,DAYLIGHT,DRY,IMPROPER LANE USAGE,2.0,72.0,2.0,2.0
0220af9ab3969f2d49f9cd4d1fbd0f50f1ee1279d827eef2c0f4d81a3995d63cf2c7dd3a4d0c8966f850223aaa13b7e8f584d22af8ab4d2697256b47a4a7c3e7,CLEAR,DAYLIGHT,DRY,FAILING TO REDUCE SPEED TO AVOID CRASH,2.0,37.5,1.0,1.0
0220ede6dda06194b51f8bac175e4ab50314da35862b1839a273f9c3e0d24454c01e21f826b5e5e4b1de27277a767743f1a01bbfe641e90f074720f890062c06,CLEAR,DAYLIGHT,DRY,FAILING TO YIELD RIGHT-OF-WAY,2.0,23.0,2.0,2.0
022147ca038ed7c789c3ddfc89ded1033061875665f2e3259f0f36141529202706ec7f896f128dd2101cfb93ef2802ba712afa84bd73183e577acf8976a0a60b,CLEAR,DAYLIGHT,DRY,FAILING TO YIELD RIGHT-OF-WAY,1.0,44.5,2.0,2.0
02214f26677c52ea9cce338ac7a0d0fb13ce33968fee8f5c7d10247b52d4c344285af14f707bf53a866925e2e605d05592ef04bb8633b69047f0ee165b01da85,CLEAR,DAYLIGHT,DRY,FAILING TO YIELD RIGHT-OF-WAY,2.0,53.0,2.0,2.0
02216b09c5a56e6e7c19d814074332ea9581e2915ee735148ce6ca3a6fdb823bf1e9577940aa11f36a2b85c186eaee04c217135bf5416d1c0653dbeec3016a85,CLEAR,DAYLIGHT,DRY,IMPROPER BACKING,2.0,27.0,2.0,2.0
022176dd99c4e28a125aa721db29904f4a813f947afeb31402cd86cf0ae28e4a8c57ecbc8782f11f114d2f6654c679f5e5ac94e3d3056ef03c20fc9cb27e2cbd,CLEAR,"DARKNESS, LIGHTED ROAD",DRY,IMPROPER TURNING/NO SIGNAL,2.0,20.0,2.0,2.0
0221906a42ff2f7ecc62e72be02262f35bf91a701db91ad2b1662e88164da757f1d990d2d81e178be1feafbb082544dd5ab425a2be82e5bbe3e957a0b43c67e5,CLEAR,DAYLIGHT,DRY,IMPROPER OVERTAKING/PASSING,2.0,53.0,2.0,2.0
02219105b3c5eb01cec9edd68d54c04745cb16c412a0c723684b16e4cc2b69643219d890673c6e3f5ac9217bb9a29eeb50ce5352a08bd63031843efefbf24329,CLEAR,DAYLIGHT,DRY,FOLLOWING TOO CLOSELY,2.0,61.0,2.0,2.0
0221a021a8f9e2974419fde5aa70a99e300af76e233d0759caac5378a0030db4e834813661aec269bb6507610560fc1ad916f2560f0b9d3889d9acec7da30564,CLEAR,DAYLIGHT,WET,FAILING TO YIELD RIGHT-OF-WAY,2.0,36.5,2.0,2.0
0221c9b731534f92143db2f2b0b03a5e657bd5179250a27be673d9c41758c77ab4910b42b821794e57be73d9c5466f2fc044e24717cd1f843779662ed5bef9d1,CLEAR,"DARKNESS, LIGHTED ROAD",DRY,IMPROPER OVERTAKING/PASSING,2.0,29.0,3.0,3.0
0221dead801eeb0e2b4156b6200914801d7dfada2452ca08d0f9770562f7a2ae887737a3448eb813501bac261242e3b329a2246d22b95a937451eb823d07feb7,CLEAR,DAYLIGHT,DRY,FAILING TO YIELD RIGHT-OF-WAY,2.0,35.0,3.0,3.0
0221e82e5b92ecb0ad4b88fdb0ddae70acaa994bcaec1a2e253d74d90541e9b976f9bb4b408019ca7ae30a10ea8306458356400cfcf2c4ffffe469f68c46097d,CLEAR,DAYLIGHT,DRY,FOLLOWING TOO CLOSELY,2.0,36.0,2.0,2.0
0221eb07935d9e5efb82681a9467af4704e550b5fd8fcd01e17684c9a289070d52148b24c4b75e9f228ae0178ef145f5648699b749bda3c2ac836f713e661370,CLEAR,"DARKNESS, LIGHTED ROAD",WET,FAILING TO REDUCE SPEED TO AVOID CRASH,2.0,39.5,4.0,4.0
022235f0261dc91fbf6d5045ef2cc9fc4a39bf01b02a19b1e11b9e8e8e806869a0582ba761b1768449e6cd311c3ed735388e602c5501ae7988d92969f1b53a44,RAIN,DAYLIGHT,WET,"OPERATING VEHICLE IN ERRATIC, RECKLESS, CARELESS, NEGLIGENT OR AGGRESSIVE MANNER",2.0,38.0,1.0,1.0
02227597e259487817c264b8ce6ed262b0b800f859e82702d615ca51d545c386f214c5259e546b28a38856de13b594ea25f61af72ad72bd1a98754473e5b93de,UNKNOWN,UNKNOWN,UNKNOWN,FOLLOWING TOO CLOSELY,2.0,59.0,2.0,2.0
02228f0839a35e9384eb47fbb19986ddd877a45dc8a6a2142c1857435e2a3b17c9db8e86054a54c9c5d185c4c18c78108980b975187e0ac8b411c3ee5cfb814c,CLEAR,DAWN,DRY,DRIVING ON WRONG SIDE/WRONG WAY,2.0,66.0,2.0,2.0
0222f15592f458e9e789c6855789ee6de9f2a56a9430e868367cfd872675bcf6c136823af8090fad1a62d86d3772f1fa55d0916663d6ba2028a57fe768dfb9da,SNOW,DAYLIGHT,UNKNOWN,FAILING TO REDUCE SPEED TO AVOID CRASH,2.0,90.0,2.0,2.0
022304394969f2ba9ac9f28d4fc061e0b416b1f6bafabc7d765bebc66fc4ef9b4ce0a3a519d5a52fd8c962c892baa75f49b75eccc1aa2cc72f6db084a176b6f8,CLEAR,DAYLIGHT,DRY,DISTRACTION - FROM INSIDE VEHICLE,2.0,53.0,1.0,1.0
02231215faa0295ce11022d469e31742bfacd846f09b9f2080897e46c7c234db7d0522d03c0089f7d88f5d396251c40fb2cef8fa68c447823b5b5af6175f380a,RAIN,"DARKNESS, LIGHTED ROAD",WET,FAILING TO YIELD RIGHT-OF-WAY,2.0,22.5,2.0,2.0
0223b0327c8764788e7a6850cd910cdac1546ab2082a514ea0ab538526eb20352ff1eba53d60bfdd4e040ed669b5bc68ac990f438aa99161ac14294ffb7bb300,CLOUDY/OVERCAST,DAYLIGHT,DRY,FAILING TO YIELD RIGHT-OF-WAY,2.0,48.25,7.0,7.0
0223b4e03d3fc5d91df42f8997cc620097e84479b120ccf62f83b544e94ec4d6dd0a71ca43e63201b1e456e54cba6be85b8f204cc13ef3282d8f4458e68beecc,CLEAR,DARKNESS,DRY,FOLLOWING TOO CLOSELY,2.0,56.0,2.0,2.0
0223b9f1bd0e0a6be83f4ba639e347236fd9c0031d201f8c790dc63982b2effd2cbfa36feccd26f7cba8e8ce171e93509fb1e72e55e2a5a70a85cbf6a644f7a9,CLEAR,DAYLIGHT,DRY,FAILING TO YIELD RIGHT-OF-WAY,2.0,32.333333333333336,3.0,3.0
0223bad746bdcfddd022c696f4a66e2f5a02817e393f24ebd7cd7d337eb5b17082b8b09a526aecc20f436a0f194ad0f412c96e4ef30fcc8bd6f13fbbd8ce4538,CLEAR,DAYLIGHT,DRY,FOLLOWING TOO CLOSELY,2.0,31.0,2.0,2.0
0223bf12b97eb6d5e14385d3e4aa1b25340509199bff2f7b7e0bdd1010ccdae30c9a66617c3d2536324141fd737f2da2234a30c135976b653064d20c81aa463e,CLEAR,"DARKNESS, LIGHTED ROAD",DRY,IMPROPER OVERTAKING/PASSING,2.0,17.0,6.0,6.0
0223f9d3ad450e74f85404acda8003d37a91abc5db8dd72d62ad1e8b90f697866fe773273d9b2282b02285d6b70c28996e767dd8f0a01c149cfbc9b63cddfa1a,UNKNOWN,"DARKNESS, LIGHTED ROAD",UNKNOWN,FOLLOWING TOO CLOSELY,2.0,40.0,3.0,3.0
022404f1b1472ead3f397eb4edcd8941a84fc1d6a5630131235c51379d3ce7a436df0d1d1562458a8f819a327201b47064ed7503a035f49106cac076fb755b30,CLEAR,DAYLIGHT,DRY,FAILING TO YIELD RIGHT-OF-WAY,2.0,75.0,5.0,5.0
022411fcf2f57d6a4eb298367b4bcbdeefe3c811b51b270b9b1e22c37d251c2c1be156031ea736b612c504b34851540c6c67cea7b5769761967be9c2b4ec5f78,CLEAR,DAYLIGHT,DRY,FAILING TO YIELD RIGHT-OF-WAY,2.0,29.666666666666668,6.0,6.0
02242960806b2b3228848f96d278cf7fbaca43828ec0b1b6e60b2b50bae390ce886b894c095d333fec8d285385ed8503f53c8063555cec701f927633c09ac554,CLEAR,"DARKNESS, LIGHTED ROAD",DRY,IMPROPER BACKING,2.0,34.0,2.0,2.0
02243e50d1fd18d878259d3999c0782db5e1f9afc111ec212dca347cf5198351cd9e0e50d999eaa76092c7e9951a878ff35c53638b15f066a5b4b7bb8e3dca13,CLEAR,DARKNESS,DRY,PHYSICAL CONDITION OF DRIVER,1.0,32.0,1.0,1.0
02243f658a2edbcbcd4f5950daea9f74afb3efa966d37647002285b27aa78d5d44fdb2f8ac5b51405065ea4c293f10aa755d0215ff9c9244fd9cd456ea6837d0,CLEAR,DAYLIGHT,DRY,"OPERATING VEHICLE IN ERRATIC, RECKLESS, CARELESS, NEGLIGENT OR AGGRESSIVE MANNER",2.0,46.0,2.0,2.0
02246fcf63ee6b4b70ec5dcbd7fcb186a470c8ce87eb53fbfe1a7ad23b2bfd2c69e1e524718330ec2187edbb262b75208ed90262cf077b8f2dd8d11484a4d57f,CLEAR,DAYLIGHT,DRY,IMPROPER TURNING/NO SIGNAL,2.0,57.0,2.0,2.0
02247b887d591a9a861ca2afa57ecad125aac437dea51bf38071b329c2176326b9065202b1826af8d5571f52ea7e35db78b349a44d0e9dc7b9e129117b9e1df6,FOG/SMOKE/HAZE,DAYLIGHT,WET,FOLLOWING TOO CLOSELY,2.0,29.0,2.0,2.0
02249ddf9822166178972c63dd44a6eb786cec5708cdc0055184f1f906efc8873e6032f025482afd13648cfcd0fe1bc8f3c4e0759b4bfe3fccb992d6aeb29c0e,CLEAR,DAYLIGHT,DRY,IMPROPER TURNING/NO SIGNAL,2.0,36.0,3.0,3.0
0224c5ab0d44531cd37e91f7f7f1913135f64e621a915697516810ce3981ca2b6084967b24c637917f7a04af47d7f36646d5651437a6bb96fb73eeaa9338217f,CLEAR,DAYLIGHT,DRY,FAILING TO REDUCE SPEED TO AVOID CRASH,2.0,47.0,1.0,1.0
0224d97e6e201600d5f04ec25645e3f19c8e2b7d4bf979f5293322ebfffd491defacc8fda8cd7223793fe8c5fde49f69ffa2a6a4691669740d8c2944067478e7,CLEAR,DAYLIGHT,DRY,DISREGARDING STOP SIGN,2.0,30.333333333333332,3.0,3.0
022501fcaf9fad7075f85103dfdf8a259d11bf2edfaa15c6c837a02d489e11f54403c60fbc80eff81398074386e41ecfb93c585c886d7f63a1fb3a3c1e89876b,CLEAR,DAYLIGHT,DRY,FOLLOWING TOO CLOSELY,2.0,71.0,2.0,2.0
02250526f444759ee092abff4d4d612a825703303589c036748013280ff8bc05910634c322bc8808ed25e1ac0968a2c9a32af5cf095d25c226c71b183c9ade32,CLEAR,"DARKNESS, LIGHTED ROAD",DRY,"DISTRACTION - OTHER ELECTRONIC DEVICE (NAVIGATION DEVICE, DVD PLAYER, ETC.)",1.0,42.0,1.0,1.0
0225250c90e71f7a6d452804f72e3f1d41826cef71bd27c4566e57e8e8899c7f1c16279f875784bc3232ed7079a701c2e7224ba6d4286920934fe55ae2b1f5ba,CLEAR,DAYLIGHT,DRY,PHYSICAL CONDITION OF DRIVER,3.0,37.333333333333336,4.0,4.0