crash_record_id,weather_condition,lighting_condition,roadway_surface_cond,prim_contributory_cause,total_vehicles,avg_driver_age,total_people,total_injured
02252c0c9c2c9f48e986ec8981a53aaaf75bed4da94b1b2bdce3a4db007f98ac80a659c07660c12ee774fe4c320358433ef66000ef9eb89b232c25c475bb7a03,CLEAR,"DARKNESS, LIGHTED ROAD",DRY,FAILING TO YIELD RIGHT-OF-WAY,2.0,48.5,2.0,2.0
022540a696a20b4e234fa483bf8c85ba9f774b2c9a0a31f971e8f09faa34d08e5630523b569e7919a91099f346a61bdef4cb9c8519e64883c77d3786725b4071,CLEAR,DAYLIGHT,WET,FOLLOWING TOO CLOSELY,2.0,28.0,3.0,3.0
022553eadcc9f0622ec0b4085d0cf99a9519b59e2456388956e197faa7ba67becce3f3f08e7586c7afd400f9f0d06f012ad884090d99676dc03addc01a1d232e,CLEAR,"DARKNESS, LIGHTED ROAD",DRY,FOLLOWING TOO CLOSELY,3.0,27.0,3.0,3.0
022561604945eeff57c02e31f25e786fe6dfab30d0086b14ed20512d07e68819c822a5d55c15399d7cd7fee590db49178def7ca747d79b443be45a380b48a05c,CLEAR,DAYLIGHT,DRY,FOLLOWING TOO CLOSELY,2.0,25.333333333333332,3.0,3.0
0225795cf3ac2bd6fab8e4776d3d4c6688ef34bab551a91548c1f74b620acd13ee2598950f8b3859b8db15a2693b36192c294af949f013ecf53a05ee4b98d06d,CLEAR,DAYLIGHT,DRY,FOLLOWING TOO CLOSELY,3.0,34.5,5.0,5.0
02257a6a05b967affe5c5fe0c5e9fcd6b163d46f7ae595a893638c203a200c7a86eb82a571316b799335df8a40e5e47e7a1783c34c710050ecd249786bc624ce,SNOW,"DARKNESS, LIGHTED ROAD",SNOW OR SLUSH,FAILING TO REDUCE SPEED TO AVOID CRASH,2.0,23.2,5.0,5.0
02258a251f6f986f23bb3c83823ded1e5dc03c6db01bb8cad72245d3e96b728189116b41594e74cf116cf8230a2d30c92aab352b98a9471701aac1066e043e93,CLEAR,DAYLIGHT,DRY,IMPROPER BACKING,2.0,64.0,1.0,1.0
0225b6a24d048dfff74d3f5105834d6f32b4d2979ec4dd19d8f5c9e8d2d9ce25c43829d344ecc675db75fd72b2b8f4c5054738e0040aa7ce990d2bf2a3e196b2,CLEAR,DAYLIGHT,DRY,ROAD ENGINEERING/SURFACE/MARKING DEFECTS,1.0,27.0,1.0,1.0
0225c142abf8e2e5cceb0ad7cbaef0ec797e657ac26d4f6f96614e0708fddabc7aec7780e193ce91eeae1133698240cebbc251ad077dc318a7cc30e0fe261eef,CLEAR,DAYLIGHT,DRY,IMPROPER LANE USAGE,2.0,32.0,2.0,2.0
0225cf9441f77a0c0ab1c643e53ff7a3d3b0995ee094c0af6b7866638e16f6214318de3c7ceb9c719f7261232c8e5c28748af3b5f7821ab7c9624af4ca88787a,UNKNOWN,DAYLIGHT,UNKNOWN,IMPROPER LANE USAGE,2.0,64.0,2.0,2.0
0226008a450fdbdf59034acf392c0d9c25432c9e888d8685be128a6027e0dbf6746ee27f722bea1a808f1c2069dbf23b32091a41d687a875a1686e75c1542c2d,CLEAR,"DARKNESS, LIGHTED ROAD",DRY,IMPROPER OVERTAKING/PASSING,2.0,34.0,2.0,2.0
0226109a032b5dab87157475d05fea71fb50f9bb0de444208d2e6acc96db4863cb3a3ea083135671bd067a5c1e5113a3f4eea4b526543d4e29dee8dca2db88ee,CLEAR,DAYLIGHT,DRY,FAILING TO YIELD RIGHT-OF-WAY,2.0,33.0,2.0,2.0
02261c8c72965f8c848a3866bdd088acc0f05f9fec252f80cdf3899e5f636285392a4b2b7c91870801b3cfb5b05e6f11cb220721e61dfaf0f6dbb4481d7e7076,CLEAR,DAYLIGHT,DRY,DRIVING SKILLS/KNOWLEDGE/EXPERIENCE,3.0,31.333333333333332,3.0,3.0
02261fb2b8e757f30a1d0ec3f3c2b06a7190b476c02d01ffb844e7b66f102cf83954ca14429b682f398c77f134ca71820e3b621ab273b913a3046bf03e8c8997,CLEAR,DUSK,SNOW OR SLUSH,FAILING TO YIELD RIGHT-OF-WAY,2.0,33.0,2.0,2.0
02261fc6b3daf62d8747f1c3f0d9b091a1e9e10ac317822d0f57cd140cf8ab2026a95516c2c658cbc1439d97b02c3981f3682b565b8e5c38cc9b6afd39188276,CLEAR,DAYLIGHT,DRY,DRIVING SKILLS/KNOWLEDGE/EXPERIENCE,2.0,20.0,4.0,4.0
02263f64fdfc8f9dce1aa4ebc31ad015fdc7bfef790e1ce54a8ec285c7807f0612f8ae8e09b6efd73415cf902a645fd3472fc5cef3039040d7f39955fe42aa6a,CLEAR,DAYLIGHT,DRY,IMPROPER TURNING/NO SIGNAL,2.0,38.0,2.0,2.0
022693a65240902c7e59d0dd57eeeb9e86fcb8f49aded53ca1198ce83cbd2e8e386bac077a4bf19ab6b3d6524176024e9218e696cb63356ee5af1404d007110f,UNKNOWN,DAYLIGHT,UNKNOWN,IMPROPER BACKING,2.0,28.666666666666668,3.0,3.0
0226b08fc76b53e58158be3598ce58bdf532d04c73907c02ee9296d4883e9c126f45ebbc488c61fda2ce7216f306b0dc649ceab4eb8c5045eb3ac258b64a2ba7,CLEAR,DAYLIGHT,DRY,FAILING TO REDUCE SPEED TO AVOID CRASH,1.0,21.333333333333332,3.0,3.0
0226caf2e7e480900887d89ac668e0800fbaff8797cbc75659023598eb4f12cf3859c9629743e516ac475e4567fa51d781b83994b469313c34835e67a3f6daef,CLEAR,DAYLIGHT,DRY,DRIVING SKILLS/KNOWLEDGE/EXPERIENCE,2.0,50.0,2.0,2.0
0226de71dd711101f8aeb0f5771b3b696ef8226d651064f30a36a30c88485664f01f30be72ed34855ecaa7374a0c4c468a4fc2fd54422c56f60f621e82f545e2,CLEAR,"DARKNESS, LIGHTED ROAD",DRY,IMPROPER BACKING,2.0,51.0,1.0,1.0
0226edf00ab3ca6731b7e99670cb287a5a6f8ce95476aa8615b18501fe86ce5882fafc81f84db0e3d45c24572c3ed948859c3691d6f4126cb041379189d6d213,CLEAR,DAYLIGHT,DRY,DISREGARDING STOP SIGN,2.0,50.5,2.0,2.0
02270cbfd75ee117ed14832cd456063fd683fa97cb686a7810f103e8ec87d5b4df95a977682ab17d0868bcb5924325660c4b68e6e8510a65f719e797c4452753,CLOUDY/OVERCAST,DAYLIGHT,DRY,DRIVING SKILLS/KNOWLEDGE/EXPERIENCE,2.0,33.0,2.0,2.0
0227561db15103802e9dd10e3386c75162c4d0b6a7985a6724cc614b5232fa7982be5e0a9f83307b9b170915159dbef1031173055ee4788e2bf515a5e8e97ecb,CLEAR,DAYLIGHT,DRY,FAILING TO YIELD RIGHT-OF-WAY,2.0,44.5,2.0,2.0
02279b07408e894b602fa19509b4a9a9e1302d1897f1b735eafef548ba29cf106d8dc40f9c663567fffa579945e2d47c0b7bae536f1d24ca4b40b1723e258261,CLEAR,"DARKNESS, LIGHTED ROAD",DRY,"OPERATING VEHICLE IN ERRATIC, RECKLESS, CARELESS, NEGLIGENT OR AGGRESSIVE MANNER",2.0,37.5,3.0,3.0
0227aa5ee19c9fd78a6dd9617a9efbedfe8c5bd2850d5aa1e274c6c66fa1f7bf73745371be87badfab4bb1d7695807784c57a8c5417b6322d8c7acffe5148344,CLEAR,DAYLIGHT,DRY,IMPROPER OVERTAKING/PASSING,2.0,43.0,4.0,4.0
0227aacdff5c6188c76b1cbd5486ee94f00e694235489a2d779977905a2e77b5af6c9f0ad7221f2e52a74f5e8436f70707ae7e46a688ee37dc3c3c83337bd9e7,CLEAR,"DARKNESS, LIGHTED ROAD",DRY,UNDER THE INFLUENCE OF ALCOHOL/DRUGS (USE WHEN ARREST IS EFFECTED),1.0,33.0,1.0,1.0
0227aefd9fb2239fddb20ad17aac2d2d9057e0aff4ece611b1ccc19bd522c1983c00b8732717de306771076b3457e7abcda60c500200c32645ab18dffc50da09,SNOW,DAYLIGHT,SNOW OR SLUSH,IMPROPER OVERTAKING/PASSING,2.0,38.0,2.0,2.0
0227d7e5c37ef82500601d8985c982ed5f23a563386b1acf94044e38ba5ce532a3a8457adb4651a7621c9be664f520115099e358ba1d3663b6985cdf3b39d484,CLEAR,DAYLIGHT,DRY,IMPROPER BACKING,2.0,27.5,2.0,2.0
0227e856c204c5428cf5ea213716e63344d35f8bbf6658ff4ffdedbc0d88ed5bb2664b5d68ee57dfbc55caafeabb0b2cb4ef6c4e7b34cb43fe5659a5b82fe6cc,UNKNOWN,DUSK,UNKNOWN,FOLLOWING TOO CLOSELY,2.0,35.0,2.0,2.0
0227ef9d5460c75a6a19b12fe30d2720b8e4876b06ea231263d7b9fbc323046d1fcdeadd1f9a0c078bc8c555a7bdf56e7bb452122bb0835ad4c5a61ce424a05e,CLEAR,DAYLIGHT,DRY,IMPROPER OVERTAKING/PASSING,2.0,39.0,2.0,2.0
0227f916e74320965e023eec33e26ae7ab2002fc9ab5a74ed3e8715cd8f60e64caa5b568399cc341a80ec3343ef0e6e2da7d5f9793bb234e1099e74c3fb6a72f,CLEAR,DAYLIGHT,DRY,IMPROPER BACKING,2.0,57.5,2.0,2.0
02283f2fd6ef7bc13ac378e480987bf0e7eacbe054fc7ad3f0e11306a5755f9deca69429ac5e7189123b5e34c2b78633fb3ebb2fdb2a7759dd36037314614692,CLEAR,DAYLIGHT,ICE,WEATHER,1.0,26.0,1.0,1.0
02286e9b851a9216a455e9672c06e009a292ef7e6338fedf17780aa83eb808e30bb8d32849096f6340529444d27593c799c99d6e1c0d10dcec9a226f57cf6c76,CLEAR,DAYLIGHT,DRY,IMPROPER TURNING/NO SIGNAL,2.0,31.5,2.0,2.0
0228b5c7ec54d9340f08df3fe1425d1aaec36991d2ff15d830117a94bba0ca71ef52a4ca1f848707c2374ba908ce4bf4e9d83cae9714333f09dc948902c88643,CLEAR,DAWN,DRY,FOLLOWING TOO CLOSELY,2.0,31.5,2.0,2.0
0228bf4c1cde26a24662ac9175db4d3679f6cc0453870d956c0cc59d05da8f2fdb80b9cf29c6849e7eb3ef5f582a16c3f46f9951ce2c2ceb058b23ae8f6ec7d7,CLEAR,DAYLIGHT,DRY,FAILING TO YIELD RIGHT-OF-WAY,2.0,40.5,2.0,2.0
0228d41cb1c1127f6e5aa1801e58e549b77baa75d7b743a170b6f2c91defb217cad271828e16828ec3706f19edccca1af1643ca7b8e7d83f16e56424e6179720,CLEAR,"DARKNESS, LIGHTED ROAD",DRY,IMPROPER BACKING,1.0,27.0,2.0,2.0
0228dadf08b7b950821198a74a8f3f6ef4c171a81d2467bf45ec57d161601627e5734168318d92a580c0153db3120cc9b3e37bbd32d07c87ffbe0e6eb22ec991,CLEAR,DAYLIGHT,ICE,FOLLOWING TOO CLOSELY,3.0,33.333333333333336,6.0,6.0
0228fa3998341232d8269a76dc15c698d98d0f5b7555bf6328e8acb52c7f7ed2533f9f575bb1bd1d936578a07f757124e1c449fd00883498f1023c39c1a0f314,RAIN,"DARKNESS, LIGHTED ROAD",WET,ROAD CONSTRUCTION/MAINTENANCE,1.0,60.0,1.0,1.0
02290dc7be23c3ec3f6007685dd237bf7b03d4cb4c06eed0a43cf42d3315ee957b4cd1eb3cbe067daec3c6e2992722dc05dd6a27555fc74b6d6c9868f7120de1,CLEAR,DAYLIGHT,DRY,FAILING TO REDUCE SPEED TO AVOID CRASH,1.0,22.5,4.0,4.0
0229468c551ba8fd3af372a891e563365de9c5fcca22827f70ca2e79eef7eff9fb65e357a5eaf86e5ee1513cc1a2ecd19c3d2482aa081be484c3cad741ef6a0b,UNKNOWN,UNKNOWN,UNKNOWN,IMPROPER OVERTAKING/PASSING,2.0,37.5,1.0,1.0
022967c2d14b1ec2780efb1a8ddc0093541ee04992d6965fdf42627a4fee30760d8b35bb058955b1cc120e1336ab0b24791c71393130bd42cd2f4285e99a9775,CLEAR,"DARKNESS, LIGHTED ROAD",DRY,FAILING TO YIELD RIGHT-OF-WAY,2.0,37.0,2.0,2.0
0229924166fc8422f8452bee48bf420bc4b3d376988404bd26dc7f3e4a38fd957bd8793a83d4cf62d950c45bf95bfed2117f668bb1dc06921d828d587633f21c,CLEAR,"DARKNESS, LIGHTED ROAD",DRY,IMPROPER BACKING,2.0,22.0,2.0,2.0
0229c3e1c49a21eb3ea9611c9bbd1fe32f10d23f70de81e08545d285d8f318aee60e074290dd5b00d9e8f3b23f20256d31df47f0816aa51c62a1df5386a9fc41,CLEAR,DAYLIGHT,DRY,FAILING TO YIELD RIGHT-OF-WAY,2.0,46.0,2.0,2.0
0229dccf1b1c6423fdcc81af0e63800c5ebd3270cb99c1f96eb4f6feba0b37c56f200a5bc5cb10116f86d153b156b66a60c83b1dc5b40940e7f9f7ba79345e4b,CLEAR,DUSK,DRY,"OPERATING VEHICLE IN ERRATIC, RECKLESS, CARELESS, NEGLIGENT OR AGGRESSIVE MANNER",2.0,37.5,2.0,2.0
022a03e1a9591cf51d3512d8f97055b3df9455564c1f6b9fc9d177f620147d69b3eeb2917d02c61f3622b076ed05dc99d5f758dd6c38260841b9d326fe6a6107,RAIN,DAYLIGHT,WET,"EVASIVE ACTION DUE TO ANIMAL, OBJECT, NONMOTORIST",2.0,21.5,2.0,2.0
022a6916b08f480b8712a5db1258de306550511eebf50979108bcdb4261b647ca1127e357e1cb356d2bca6baa54564d05c53188831ecb4248ff9261917537c02,RAIN,DAYLIGHT,WET,FOLLOWING TOO CLOSELY,2.0,38.0,3.0,3.0
022a694f794834b884baf24233c55cd5723653ac56968c5b5b50e5a906bf0a946b73dca64a2e344373dbba3744a24dfb8f5a7657424cca88f5d77b806875001a,CLEAR,"DARKNESS, LIGHTED ROAD",WET,DRIVING ON WRONG SIDE/WRONG WAY,2.0,31.0,2.0,2.0
022a878157fd4e0c14a28c1e3ddf369b0752519849addd0f623c606f658e4c3cdd71d6a25f6817fae5e94ff2c2b88c80a2cbda9f976bec8d4b85053ba6a7c47a,CLEAR,"DARKNESS, LIGHTED ROAD",DRY,DISTRACTION - FROM OUTSIDE VEHICLE,2.0,20.0,2.0,2.0
022a908476b87efb890435f8bcda32d9d96ce06abeab9f617ac46163f574b1707f9d37803c58949861d4c7ecb8e5a96f1d4473cb13273f26924ddf6c25d3ad97,CLEAR,DUSK,DRY,FAILING TO YIELD RIGHT-OF-WAY,1.0,26.5,2.0,2.0
022ace9354443e39bdda5159e7b542f5961f551b0c2588f17f21e9afa783c5faa231a8bda997d697381b3b8cde36f4f72dbde09766f9ba427ec3d8ec721cf6df,CLEAR,DAYLIGHT,DRY,EXCEEDING AUTHORIZED SPEED LIMIT,2.0,41.5,2.0,2.0
022aced30a35837c5da39c0fd66c1b8a3ecc65d40c5758c0e4d50188b2d3b480955f6fd9e672fda476eb9c98f2305bd15110609571e6537c26803078f8efe740,CLEAR,"DARKNESS, LIGHTED ROAD",DRY,IMPROPER LANE USAGE,2.0,21.0,3.0,3.0
022b05450fc0ba9573967b75e62ca71ca0fd0793239956d587de4c64cf327d95352c1281d753b0001f82160dd043218f297713dd02c9aa501203fac10c47ffc5,CLEAR,DAYLIGHT,DRY,DISREGARDING TRAFFIC SIGNALS,2.0,37.0,3.0,3.0
022b26dd78904dfdb9ef883f6b6b8c0261ff3fd5fd65b279672c83bc1a070659f5fd8bbe88383cc2afb1f9cd5c8007afa62dc62b77526d54362528d1ae6919c5,CLEAR,DAYLIGHT,DRY,IMPROPER BACKING,2.0,37.5,2.0,2.0
022b3699155b0c3101ef7c3938d8ef595468236bcc6178627a1dacc923975ce960e764f271150203f23d32b19eb1dd1ebe5ac54cb38f36a36dac9c5dd459ec93,CLEAR,DAWN,DRY,IMPROPER LANE USAGE,2.0,39.666666666666664,3.0,3.0
022b522fca913dd2aff584253a0a1ff47ecdac398ac89dba996bc060491527f05ad1235b7663b1628472a1b1c9ff87fbafa618ee6ac41448d26ed23d12ef52c9,RAIN,DAYLIGHT,WET,FAILING TO YIELD RIGHT-OF-WAY,2.0,31.5,2.0,2.0
022b63622c4a11cf582007359ddd6e7fb947bca0e1dc20d24ec8b26670d5d4cc6138240292dc2308265d3533408769e2e2525f1967393ef44a5bd84b69c2d36d,RAIN,"DARKNESS, LIGHTED ROAD",WET,FOLLOWING TOO CLOSELY,2.0,51.5,2.0,2.0
022b64f986dee7635acef6d60c67072db337613711ba9b5092b1cfb647cd12d891e44a986cf80af41b096abddfa5838f05cbdfc04d4c5a333e4669fbdb8de866,CLEAR,DAYLIGHT,DRY,FOLLOWING TOO CLOSELY,2.0,51.0,2.0,2.0
022b68b8992a0e710404b1113167f8e5531d3b537a4304b2e2e6b7cc923753f535127f8af2117e964a702f51b9faaa234d2be3fe8e1dd0ce03a7bda9b99184ae,CLEAR,DAYLIGHT,DRY,FAILING TO YIELD RIGHT-OF-WAY,2.0,30.0,3.0,3.0
022b7335d676d14556c70e552f7e544ed87c0e7f89ec6bfc80e0c92d023d6991c915b4a886b5e48523e36be78fd326c9b049b85d07c078d48d0354b7d3fc12bb,CLEAR,DAYLIGHT,DRY,IMPROPER LANE USAGE,2.0,46.0,1.0,1.0
022b8d6806aa31a03282e0f08b266f6845e61c40a852470aaa1f9ad92e3ebf51535f9131305d36fd7dc22bf2566b85982ca2b0eebdf321bdadca819af06a10f8,RAIN,DAYLIGHT,WET,WEATHER,2.0,50.0,2.0,2.0
022b9f0873c5edf99c6d16c4be0423e6feb0cc2d1e7efcd406e00ec81f7f91c88c7c5cd90ac9ef0187ba164ba0991d47ca06ad966d91b7d28f6cdb6ad4d76a6b,CLEAR,DAYLIGHT,DRY,FAILING TO REDUCE SPEED TO AVOID CRASH,2.0,21.0,2.0,2.0
022babe9803515be1b1bea680d41070f5e850163ec93227c048028e34d7afc2f04bc94b0d88cea74ce27841e2d9277c4c2384e6e84d9ab69783de9fd685dc7d7,CLEAR,DAYLIGHT,DRY,IMPROPER TURNING/NO SIGNAL,2.0,37.5,3.0,3.0
022bf1200c0d8f8c32fea81ce18df2a205ba31751e86a29291f7457f07307845ef1e52f566150d90909d092796066edb58358f32ae4e264b2f662766a0fcf9a6,CLEAR,"DARKNESS, LIGHTED ROAD",SNOW OR SLUSH,FAILING TO YIELD RIGHT-OF-WAY,2.0,34.5,2.0,2.0
022bf3cf57d2b2ad678e02ec51016ef4558a446aef6635aa63907b3a80c76306be37b9ac92c1583e0a71f733d7b5ae6ff6447ef753bb621638253588422a99a5,CLEAR,DAYLIGHT,DRY,FOLLOWING TOO CLOSELY,2.0,48.5,2.0,2.0
022c06fda25d0d0e604205e0b2038e0117e63e5bd35b196496ffe22a0618859221d7c70ec053a8d0611957c5c1e6a1c78ab2c99b769a3b24d8fa9c5c9e3489fc,RAIN,DUSK,WET,IMPROPER TURNING/NO SIGNAL,2.0,41.5,2.0,2.0
022c29791ccf031ce6b0c770e42bb991cc29cb29e094444aeb9ee0ae9744efc9bf3a408b10b8ebf34320f93545459e1f206e40e74783d9d4de015111a0ab6c48,CLEAR,DAYLIGHT,DRY,IMPROPER OVERTAKING/PASSING,2.0,18.0,2.0,2.0
022c3f2f7d4037472960751d19dfa2cf374033d609b947495b50fb82667765644f5bb178b2504a79d66e288cc26eec1f6d1cf9adacb7b46c0852ebe7ce43704d,CLEAR,DAYLIGHT,DRY,FOLLOWING TOO CLOSELY,2.0,49.0,2.0,2.0
022c70e163e7b5f252800d6681ef9f25abbaacbed8db1d6e225390f1e1cc33b353864e30833cd15c3e9eb4d6b195e0396741c8cfc5d0191f484283c6a752e056,CLEAR,DAYLIGHT,DRY,FAILING TO YIELD RIGHT-OF-WAY,2.0,43.0,2.0,2.0
022c792a61cb11f1f6894535fb1fc1ceaf05023bfc052b32a2a99733f0ba69cd472f4c6e1353f9896b8eb1012ff75814e007c9f81a0b21a08e828074538f876d,UNKNOWN,UNKNOWN,UNKNOWN,IMPROPER OVERTAKING/PASSING,2.0,59.0,4.0,4.0
022cb959189672ca909fd73c48fb8d6a902af68d8105b773a96750c105a90d73e7aac613e2c7c8badeaa63d1357d3bbe1b1004feda93856e2c05bf0cf9d6498c,CLEAR,DAYLIGHT,DRY,FAILING TO YIELD RIGHT-OF-WAY,2.0,52.0,2.0,2.0
022d09336858baabe84abc6f1a6ca2a1ac166d0ba06e758b2f60667e9660fa2d89afe154cf76c36c4d907881c3569b4731529c1fbbaaa6d5817819004ff1e806,RAIN,DAYLIGHT,WET,"VISION OBSCURED (SIGNS, TREE LIMBS, BUILDINGS, ETC.)",2.0,48.0,2.0,2.0
022d123c0203b0b987ed511fad2fe8e1b5a4c7d665ed59a424792436e0a7eb443a0d7fb5ab9715c30058e4afb4c6eb55a35dbee82894375d742e5b6a26139581,CLEAR,DAYLIGHT,ICE,WEATHER,2.0,26.0,4.0,4.0
022d3693d032cfc5f737b3796e83d7cf84a34095d0ac4522cf1f8400b683c25c12586446d7befb3772c0a1d865a00f4fd37972f5243434a7c34f249cd35b030b,CLEAR,"DARKNESS, LIGHTED ROAD",DRY,FOLLOWING TOO CLOSELY,2.0,43.5,2.0,2.0
022d4747821445992f6283ffcced832c4432632ac41dff3688eb10cff575789714bd11f1f8da6db9968214aa160ee9df90336cb1b69d3b83f62b4f51b7ef0a20,CLEAR,DAYLIGHT,DRY,FAILING TO YIELD RIGHT-OF-WAY,2.0,31.0,2.0,2.0
022d51cb5ecc98f891409b547b0382ac6b4e5874dfac9e101b59aa68b24a56481ae816008d9789de73f0501fd24e062e121d9e3d9fc7cb97ce7fb6e8467a70d0,CLEAR,DAYLIGHT,UNKNOWN,FOLLOWING TOO CLOSELY,2.0,46.0,2.0,2.0
022d5e22f487c8dc2b1d3699501b6b2d21d739fe41b2845b93d696e74005a07ec2c90e34095602637db86eaad2e2f0871d258eaad520e66fcb2621a1d01694df,CLEAR,DARKNESS,WET,FAILING TO YIELD RIGHT-OF-WAY,2.0,40.5,2.0,2.0
022d6e1ab8bba19f9108f0cbb335093cb9e8d3cbe435f6f10feb2a5f6659ebdadabb75ff4b7b4dcbb340052beea27d6de416aee360196cd8cf071ce20eb2e873,CLEAR,DAYLIGHT,DRY,FAILING TO YIELD RIGHT-OF-WAY,2.0,43.0,3.0,3.0
022db6b0fe123e538d067537d7e60ef5cae48512572f321889456c64456837a6bde6e65e7a1934518479e2294107c2a16894a15b43d8f5e0880a88de98c5f717,CLEAR,DAYLIGHT,DRY,IMPROPER BACKING,2.0,12.5,5.0,5.0
022db7123bd6a3401aadde2f4439d28894d9f483113357a3e77e750e8f219986cec28ed8079c5c55ddca42524bc24c0238ac881e92375e6c2ef665c433f0ba73,CLEAR,"DARKNESS, LIGHTED ROAD",DRY,DRIVING ON WRONG SIDE/WRONG WAY,2.0,43.0,2.0,2.0
022e00aaa80db07a8bf3bba50adb46583318f0c1e31d47ba6f703c4574d771b9ff770988e39046146e372b3767172248caee98cc5b12073c17533024fca73b27,CLEAR,DAYLIGHT,DRY,FOLLOWING TOO CLOSELY,2.0,23.0,2.0,2.0
022e0ce6212571411d42743c10301412c6d1eb571fe1fb47c6570bdfd04d3ce8ca4fa64745e9e4c796d041f27d52d5e81d95fca6e9d080c80ebd603dcb8b6966,CLEAR,DAYLIGHT,DRY,IMPROPER OVERTAKING/PASSING,2.0,37.0,2.0,2.0
022e1c8660c4f7cd8283bb6b8f6e9629c4e3fa4506bdb0b8b3fd8d0017bf236817c6dd2c3e2f4cb775b9af6503534ee55010ccd66a1e22e6f0e2ca82843d76b2,SNOW,DAYLIGHT,SNOW OR SLUSH,ROAD ENGINEERING/SURFACE/MARKING DEFECTS,2.0,54.0,1.0,1.0
022e39b488370b4d769db45773d90db1d8e7c8f619c39d9c562d938c96788d66f9acc924efa447297ab3fb2859a4f966fee473ccc6cc484f16b49d635bbb23c3,CLEAR,DAYLIGHT,UNKNOWN,FOLLOWING TOO CLOSELY,2.0,44.0,3.0,3.0
022e7f2fe78098ef0b2bf216a7dd8899faf9a632876b2c2abf378d13e2cb7b76e89d809455b43f88b24d2ac1ebaf0725828ce39dce6889b4ec3b17584e6fd205,UNKNOWN,DARKNESS,WET,EQUIPMENT - VEHICLE CONDITION,1.0,48.0,1.0,1.0
022ea1802df107f57d6853b74efe32e6c94b6629db9a69cf283a878afb1bc3b2882fe9ebf29eee81a154160f33d02f080821b852a53a99d5f77eabb4adab53bf,CLEAR,DAYLIGHT,DRY,IMPROPER OVERTAKING/PASSING,2.0,29.0,2.0,2.0
022ea1dc45f60025d56c54f55a79b9bc43b0190696eeacc698622f3f9a408789c02f670f06e5526d43a2c570d8b6b89a033265bc4be8e20aecd3ce8361aa25f8,CLEAR,DAYLIGHT,DRY,FAILING TO YIELD RIGHT-OF-WAY,2.0,29.5,2.0,2.0
022eb4464f3b7a2e9858ea72a4e46c1dc6589136a41bc981d984c49dfdd914f62a91a3cdf25a5db0375fd485b4ac30b1d6960e2d4151c0a5a2fc8102b07d54b1,CLEAR,DAYLIGHT,DRY,FOLLOWING TOO CLOSELY,2.0,31.0,3.0,3.0
022ecb38c5a447f16465e4c8f7bd5e89df9856e4324b6a2a98f009aa3858427797fbcdb8945a929775ac41d6b955ed24c29bd73052467cb498e01ee09b0e7d35,CLEAR,"DARKNESS, LIGHTED ROAD",DRY,IMPROPER LANE USAGE,1.0,41.5,2.0,2.0
022edab836b8e8a98a41bdef9cf92ffbbaf0622290fb1db06926ed7165a3936fcbc6c62812e14e566a37a93e2f4a3f0f9890a716557bc152fad5d222a122097b,CLEAR,"DARKNESS, LIGHTED ROAD",DRY,FOLLOWING TOO CLOSELY,2.0,21.5,2.0,2.0
022edeb45c17cf4281731c338d2be619b3de8aa7cf9dd112f76df16f38e154646a94bfdff9c07a880eaae8d0835b9fdc47acfd20673e54477be0792f2ca493de,CLEAR,"DARKNESS, LIGHTED ROAD",DRY,IMPROPER TURNING/NO SIGNAL,2.0,41.0,2.0,2.0
022efc0632b4a4d26e9bd8656af9ecc68b458f4d3da23b5bd43ccad50604ad9c6193462854f045f5c01a422ed72ecdbfe949345c99e62ccb5b7fb20e0325dc79,CLEAR,DAYLIGHT,DRY,IMPROPER OVERTAKING/PASSING,2.0,23.5,3.0,3.0
022f0a9ab10773e112c023cab411e6333e39aa04d0ab7d9824946e2ac8d4d0eb88b22292c95989441fe4d8aa75aa4202228a6843ed0f3efe9a749fb9c2c21a7b,CLEAR,DAYLIGHT,DRY,IMPROPER TURNING/NO SIGNAL,2.0,34.0,4.0,4.0
022f19c216a98299f4e090846848cac39fda3cc812ffd032c1f805cbf320374f725a1fbe4f6566c033e12e6f7c0a400129a21dbf83aa91b91e11aed82579f542,CLEAR,DAYLIGHT,DRY,IMPROPER BACKING,2.0,30.0,7.0,7.0
022f7736ccdd763996cd37e6c1d3d097d8dd76de3010c1e8884e4898b284402887a0e4f2974311dc1a935465185cf706a2a8a1ec6328ab142427cc58ab507061,CLEAR,DAYLIGHT,WET,FAILING TO YIELD RIGHT-OF-WAY,2.0,50.5,2.0,2.0
022f947e96ff9a699850d8b92093f0567f0df137f4327daab4a0c4febf61c1e989364b03796ea63ec03b60e840e7daf42cf7224ee3276930c9983372f4faf390,RAIN,DAYLIGHT,WET,IMPROPER TURNING/NO SIGNAL,2.0,37.5,1.0,1.0
022fa312e07e9105bb0b22bf2986abbbda7c6ea4e692a0b02bb64f3905bb0bbff648c92046aa7403525a923b5d5e4577467255828f8b7783d7e9b142f211cbfa,CLEAR,DAYLIGHT,DRY,FAILING TO YIELD RIGHT-OF-WAY,2.0,44.5,2.0,2.0
022fdf6ffc346d2c6016828154ec87e516738cab25abd028b226a3a048068c7dcf1327d68a591d909548c8336628be3efeca82787549fc89a18ce0e5a4077223,CLEAR,"DARKNESS, LIGHTED ROAD",DRY,ROAD CONSTRUCTION/MAINTENANCE,1.0,29.0,1.0,1.0
022fe2f110d466d825dd28217510c3e93c06a5feb5e4b4dbdb363ac42f49e60dce89a5292289a9198bff8ffd160444337fcb73ee05ebe75c4cb240ac3a270506,CLEAR,"DARKNESS, LIGHTED ROAD",UNKNOWN,IMPROPER TURNING/NO SIGNAL,2.0,26.5,2.0,2.0