crash_record_id,weather_condition,lighting_condition,roadway_surface_cond,prim_contributory_cause,total_vehicles,avg_driver_age,total_people,total_injured
023014738b918e278a80f56cc1e0572ad382ed00e881f82ee8460f6137f9392b9f6646eeb5726d2f08fc6323ecb51443f892eecbe36dca1d3baf7c48e98402a5,CLEAR,DAYLIGHT,DRY,IMPROPER OVERTAKING/PASSING,2.0,19.0,2.0,2.0
0230204704e22f20c9162e69cbe13ed415ef21d61659ee1f9c55913868a139ccefcc128b8d3ad0e2e305aa424b2d208affee0ce45d00b4a5a3e9bd4acbefb3fe,CLEAR,DAYLIGHT,DRY,DISTRACTION - FROM OUTSIDE VEHICLE,2.0,45.0,2.0,2.0
0230364a003552c918314c27620bdb05c834af866bd8db2cd08f39cc6143f723c607a1c92f58bd867a27d2184eb4d77f3023cb4f22666ea1443629837191ceae,CLEAR,DAYLIGHT,DRY,FOLLOWING TOO CLOSELY,2.0,69.33333333333333,4.0,4.0
02304b5876311b16772eebc43825f9622786a92cd0c5891b7f0f439a951ead013b17c8fc79a1c0db0ecb82a4ce7e4cd04007f15c6f5b781f0a525cec1c688878,CLEAR,DAYLIGHT,DRY,FAILING TO YIELD RIGHT-OF-WAY,2.0,25.25,4.0,4.0
02304c409cd1521e760e0efa2567b414b5a7f964dbc61346745efed1e8aa487816b7309e63ab0cb0123767fd96bf7e005435644b1d868a40aa3bbbf8dbf163f2,CLEAR,DAYLIGHT,DRY,FOLLOWING TOO CLOSELY,2.0,55.0,3.0,3.0
02305fd131b2924ef7b5cf142359be95bba87ed3424855cbb00e87d77065630c80130738985c72340b46810f3fb1f09bfb1781c806eee65bf1215872e5967d19,CLEAR,"DARKNESS, LIGHTED ROAD",DRY,"OPERATING VEHICLE IN ERRATIC, RECKLESS, CARELESS, NEGLIGENT OR AGGRESSIVE MANNER",2.0,49.0,2.0,2.0
0230921bdc7ce517ffcdf40ac0105247d9b7b403d8a8e711fe9e7643e1cf78e084ad287dda84d42450ab8f0c5b1e9264d2c338e30c96e3fa94ae7fd5ad7e76ba,CLEAR,DAYLIGHT,DRY,FOLLOWING TOO CLOSELY,2.0,33.0,2.0,2.0
02309eb6a8bdd30842f6468d2665be03f897dd4fc76bdcf50788cb90e0cf56d8e9d0d1f084fd9550e78232c4fc349f5b6e286debfa525c8bfd031c59c123ec38,RAIN,DUSK,WET,IMPROPER TURNING/NO SIGNAL,2.0,56.0,4.0,4.0
0230a3e509c834eea23e97b368012fd1c205d31c20717d9c836961709c143414f96abf36eb0f442d32ce78d8a7d14182027fd8cdfe6b1bedefacdc0445b39e2c,CLEAR,DAYLIGHT,DRY,DRIVING SKILLS/KNOWLEDGE/EXPERIENCE,1.0,63.0,1.0,1.0
0230d82cb24eeb81041160b77ae84be563e8ac6532559ba1564cc729307b9abc95857003b890e3e0f696b5cfd3513830dc4207deef2c07e8594a559a788b9682,CLEAR,"DARKNESS, LIGHTED ROAD",DRY,FAILING TO REDUCE SPEED TO AVOID CRASH,4.0,19.0,1.0,1.0
0230e7dfbbda9755b3ae2f0330445d9ae42239729042d17160326ca578a5be2862b57c6e8f3ac31b2808ebccf86f77367c39f1f422b3fe32249c1adcbf52d9ef,CLEAR,DAYLIGHT,DRY,IMPROPER TURNING/NO SIGNAL,4.0,45.0,4.0,4.0
0230feb381f5d7e56a55f192d06088e55fb543f42385566edf68d36cba50af597586f8b91052838e151ede6a787c2594669619b116461443b30b1b0cf42023c9,RAIN,"DARKNESS, LIGHTED ROAD",WET,IMPROPER TURNING/NO SIGNAL,2.0,38.0,3.0,3.0
02310d5ab0dd511be51fd3ebdaf576251726f732a6646294cc22e7b6063b69af2c041e2c2f63df27ecf05535ffe66ce63654d3b02b57eba36d8e2bd4eab390dc,CLEAR,DAYLIGHT,DRY,DRIVING SKILLS/KNOWLEDGE/EXPERIENCE,2.0,34.0,2.0,2.0
0231243a3bd2981263384463e306c6a023ce5b7a35da484dd94e4921a13fabb0f5cbe08639c2f15feb04d8e55bd1e998ab940ac7ef130be4c76ddb291a89f949,SNOW,"DARKNESS, LIGHTED ROAD",WET,FOLLOWING TOO CLOSELY,2.0,37.5,2.0,2.0
02314055ecf84616b743b7313d85c52ebba93f553d8033fd0d94f0e4803f5dca0ea22ddb24861262e18f0e453884b6dc134cb8ba0af7170daf285658eb0f382b,RAIN,"DARKNESS, LIGHTED ROAD",WET,FAILING TO REDUCE SPEED TO AVOID CRASH,2.0,30.0,2.0,2.0
0231ba5da7289504c3717a10553fb93847eceb60276ad7d0a9964202b3eb75d639dfa1b1d1bf3febd0d1ba051737afd41f9b0c469ef27a32a2d437888d453d9e,CLEAR,DAYLIGHT,DRY,FOLLOWING TOO CLOSELY,2.0,36.5,2.0,2.0
0231d778c414108190e38591d6d25d64921876646a357971a82c324a2520170e047bcfb7aaf94aa82e218d363ec9386451b72239450b95bd9e1d5ded302285bf,RAIN,DAYLIGHT,WET,IMPROPER BACKING,2.0,75.0,2.0,2.0
0231e5bd71b98151c41673331454a00ad58a6627d78ab9b0a482b81edd5f2ae6106fbecaf2ea9632895670e2bd7b112d1ca8e41f6c461f8d72dbee01c2df3e1e,CLEAR,DAYLIGHT,DRY,FOLLOWING TOO CLOSELY,2.0,46.0,2.0,2.0
0231f04166ac3f1a75e287317f165a89216d3a11e7e75857fa711c2d99c93359e84c12c37ae3c6beb467373efcc915921667d37896d82cca4f8c80c086d03a94,RAIN,"DARKNESS, LIGHTED ROAD",WET,DISTRACTION - FROM OUTSIDE VEHICLE,2.0,38.5,3.0,3.0
02320cd168e4e6e6a1217d1c8d8746e2e6b2cb0786f7bde05585a1372a0e795ae17606556b7fbfeab65fc3333f84d2293b4ac31f03326eeb95b62cce408aab0f,CLEAR,DAYLIGHT,DRY,IMPROPER OVERTAKING/PASSING,2.0,21.2,5.0,5.0
0232125bd48a98fda1c7273c4cb4c39ce8b5e0c4d10bdf5c087238d7a7ad9d6d6ed131b4bd0b27b4b369cbd1753f2c3d671c3714dd00cb37c98aec62d6af9a72,RAIN,"DARKNESS, LIGHTED ROAD",WET,PHYSICAL CONDITION OF DRIVER,2.0,48.0,2.0,2.0
023233c9923ed5f061999eb00b938db8b9dcc1af48c908bb0c375aedff391b46c4b806e9ac1219cf853ac617e4450bb5682ad9c70dfb825bab1e527b516c7e89,CLEAR,DAYLIGHT,DRY,FOLLOWING TOO CLOSELY,2.0,42.0,2.0,2.0
02324411295fc222af1a5afb7af45b605212cb1caf6bf238d7a8582950ec1b658c7d105ae50e488fb206281d5b9e88ec19c2c8ff8415fba09f7f069a2ca5a0df,RAIN,"DARKNESS, LIGHTED ROAD",WET,FAILING TO YIELD RIGHT-OF-WAY,2.0,49.5,2.0,2.0
02324670c5db7dd64273f38a59bfa84e7855a20f94262ab00dfece6294c6e50a9b905bac96ab726aa714d8eea5f606d77456aa94c3c8aaaa68a3e9c90f523acf,UNKNOWN,DAYLIGHT,UNKNOWN,"OPERATING VEHICLE IN ERRATIC, RECKLESS, CARELESS, NEGLIGENT OR AGGRESSIVE MANNER",2.0,30.0,2.0,2.0
023261c4e515a9b5c32c4450f5038a699015e3c19794455a5bde55c1a1ca2e58d3324a0571c5f61b250fb145e42273ab70662c5cd6a57297dcd731a0c6835adb,CLEAR,DAYLIGHT,DRY,FAILING TO YIELD RIGHT-OF-WAY,2.0,30.0,3.0,3.0
0232669296c4283c5b420305dc9946e34f8c9b1f63f611cd510daaf1228e5547867c81b41e7d779defcb52d18acaffa7b358ac00c61ca7fb52fba6936abecc97,CLEAR,DAYLIGHT,DRY,DISREGARDING TRAFFIC SIGNALS,2.0,42.5,3.0,3.0
02327dd2786bf24748aeaef503073a3fff9f6f8e48a27dfe241084b2786efc6a0753f1db10bee67d1ec798f2f43b6f3d5d94af6db4e87de4755426c0debdc6c2,RAIN,DAYLIGHT,WET,WEATHER,2.0,29.0,3.0,3.0
0232b3c71ce49a69559d919bd4f66761c8aecad4435f0482f0a4a38e3fa639bf785c769ba8b54ad8376984bb56a800accab636b09e641703dff2f3b1b79b97bd,CLEAR,DAYLIGHT,DRY,FOLLOWING TOO CLOSELY,3.0,32.4,5.0,5.0
0232eabe6cef1e8a14ef0637addee8f06bd5fc6cff60691d3bef91c5a308ce946afbc27ff684c455022815d9b7a47fd5dbe2b24f51365b11429b2217d7eeba2b,CLEAR,DAYLIGHT,DRY,PHYSICAL CONDITION OF DRIVER,1.0,27.0,1.0,1.0
0232f18f9a89492c621c94c55033488944f3d717f6e6f903e7ec5dc12a0793ae55a7c0e35e2b0d9a6a9a85f48e9e8dfab6f1e9f5c2b069dab8f38f5456638113,CLEAR,DAYLIGHT,DRY,DISREGARDING STOP SIGN,2.0,41.0,2.0,2.0
0232fc4a93c7315802a6229bac5f7b4b993c39854dfadf0e28c75aaa902b4f7ae42799df26525dd33f30e5b69cd645d68ee1158b2d1e0ccc1ae95d0de003211e,CLEAR,"DARKNESS, LIGHTED ROAD",DRY,FAILING TO YIELD RIGHT-OF-WAY,2.0,28.0,2.0,2.0
02330f210a0701930a89b0292c464d44fe7eb0f644bdeddf1b3a7bbce1136dd9f072afe1bf6c038902c6dd09c61fe243cf3fd57587e0e852513b8ec20104ee49,CLEAR,DAYLIGHT,DRY,DRIVING SKILLS/KNOWLEDGE/EXPERIENCE,2.0,16.0,1.0,1.0
0233143f16c8b0d6f9a012e4e7558a2cc71fd94a4bd96e517b9fd6ca512a22580de8dc4a76413dbe1af5cf5c31c8bb41174a2f0abbc98f8b4e3f79a31b30c433,CLEAR,DAYLIGHT,DRY,FOLLOWING TOO CLOSELY,2.0,37.5,1.0,1.0
0233191a3579c29c331a9cf69a78f5a5c3060ec6adbef53e8fb8619e5d7501e25c7e62d89532093325af185c494181f165c2b59a423d9d7d5195eb69c162bf23,UNKNOWN,DAYLIGHT,UNKNOWN,FOLLOWING TOO CLOSELY,2.0,64.0,2.0,2.0
023375bbed441805081eb2b70cbf7c32be029a9f0b7a4909495aaede78b824e8c2e98d51d459dd28b4c6685121da38733e293803b39a7e933572b7303ddc3b8e,CLEAR,DAYLIGHT,DRY,IMPROPER LANE USAGE,2.0,52.0,2.0,2.0
02337b7f7649947f9eb2f8823adc4adbfc13050cbe5b0e470b8cd22328f1975ead245556fb2edfefea40cbfb01b7cbd89e401a7160357b7cc1200cf96f0c5e7b,CLEAR,DAYLIGHT,DRY,FAILING TO YIELD RIGHT-OF-WAY,2.0,37.5,2.0,2.0
023384642fe5c1b239e3d04fc61e395ba6eee62d67545ad6ece0631704d1df9924fd385ffe295b74300e1ee6505de5ef96de08c2b6b8478ae40472bf142d9c63,CLEAR,"DARKNESS, LIGHTED ROAD",WET,IMPROPER TURNING/NO SIGNAL,2.0,52.5,2.0,2.0
02338a4617dae004f026d87ca3ee97896cee3090231a8dd4cfe232c77075658e46117916df849fa5c08c9f77f9f00804415fad369453cf80d6a37015511d8198,CLEAR,DAYLIGHT,DRY,FAILING TO YIELD RIGHT-OF-WAY,2.0,44.0,2.0,2.0
0233cc25b27979fa636ed2c1a82f7d7a5948fca176d63e0e5c1ac05ef27ea9191369c6fe1d14c9984b6e82b1c97d6ff4f4f7567a1ebe87a966d0e40c1a597cf1,CLEAR,DAYLIGHT,DRY,IMPROPER LANE USAGE,2.0,40.0,2.0,2.0
0233ef11faf3c00e5a0f8d53ede1c69a3b6598ad03685bb2eba0b74054d0faedd108b7df6a0e856bc3eb674ebb05e02b8b0af7d4a7045489bbbb79c87765ff48,CLEAR,DARKNESS,DRY,IMPROPER OVERTAKING/PASSING,3.0,28.0,3.0,3.0
0233f19b5f524699a5fd4242bb52d2c203ec65487bfe08d1cc1849977dda16fe136acf514f89d99b0bdb03cb3c8282e7be008c66aeb6693f90b832ed02807f9b,CLEAR,DAYLIGHT,DRY,FAILING TO YIELD RIGHT-OF-WAY,2.0,53.0,2.0,2.0
02340f0eec821c49e42ad2eeaebb964302c68f2cc857ea0b31059a0e5a0355e1372a6e4d56f1c79db38d025286d921936319527fc15abf5778c290d7734bc4af,CLEAR,DAYLIGHT,DRY,IMPROPER BACKING,2.0,25.0,2.0,2.0
02341ce046572593c0fb11bf19d1717ebd7b810c977885e49c26b877599953f8161455fba4f6aa2202adaf79434aafca5a5fb8f58283a87e29fb84481a5f1ba7,CLEAR,"DARKNESS, LIGHTED ROAD",SNOW OR SLUSH,WEATHER,2.0,59.0,2.0,2.0
02342244f9ff8d54f5360eb34880523889af41e67742f0748fc7ff9ac6ef1f0f784bcf8b292b08c7a4d33617b4a507ef008caad66da2de294c82bf7d75f39bdc,CLEAR,DAYLIGHT,DRY,FAILING TO YIELD RIGHT-OF-WAY,2.0,22.75,5.0,5.0
02343cd3574ff4fe6f298e49a9fe6a40da2899e73b4cc293496e921c7295f37fe6b53a83e8244f222a854989f591b30b5a88ab3431543c514895434c4f06183d,CLEAR,DAYLIGHT,DRY,IMPROPER OVERTAKING/PASSING,2.0,63.0,2.0,2.0
023457289a676b7d63fdf78fd7f472511aa46f146febdfe7cab6d84cc69aed74c6d9aba3ff9946af53290ee8f46a186137fa47fad0ecdc535bc190ffc42faf83,RAIN,DAYLIGHT,WET,DISTRACTION - FROM INSIDE VEHICLE,2.0,43.0,2.0,2.0
0234a6bd2f7da34b2abd8e8301c847e03f4c35f48e3bef24be070504fe7cce8fa47fcd02a844269fadf7f38ea1289f29bb6ae6c9acaae893d55c208511524495,SNOW,"DARKNESS, LIGHTED ROAD",WET,DISREGARDING STOP SIGN,2.0,28.0,4.0,4.0
0234ab7831a7a98b0811c4a8ddae43269909b41d058ac580105a71f6e201bea3e71bc92a2335dc0595153e7feb730777a6d8d1d375611054815e683df199062a,CLEAR,DAYLIGHT,DRY,IMPROPER BACKING,2.0,50.0,2.0,2.0
0234d191cf845269b1247370d96e48c05e5ca927e179dfadf08941bcfdf11651b5079517f6ed04aee80858e0aa44920da3e319adce3233ed03180fa70b2ec28a,CLOUDY/OVERCAST,DAWN,WET,DISREGARDING TRAFFIC SIGNALS,2.0,48.333333333333336,3.0,3.0
0234e67f39aa1aa8c57facce114ff8254015cfcaa9d9defde82b4d4616208e896ebc810bcfe89e0260110cd93723db09602fcfbd02ae5b3fbb4ffdbf7809adf3,CLEAR,DAYLIGHT,DRY,"EVASIVE ACTION DUE TO ANIMAL, OBJECT, NONMOTORIST",3.0,37.5,1.0,0.0
0234ed26d8c1114dc2c9dccd55c4aa3d6506bb742bb93dcb7ef044a4b4d666b0b51d7dda1dd01e85b69475e41440205548ca0bfe2b821fdd99bbeafc2528ef40,UNKNOWN,DAYLIGHT,UNKNOWN,IMPROPER TURNING/NO SIGNAL,2.0,69.0,2.0,2.0
0234f9800b555c0ea09be8d2f85aa03d5ef886fd25f88046c6e9f6a1b1bcf8fba8ebadde68a1bfff9b2247dac5b0857ed2fad658a66e7194062af0a64d4c40d6,CLEAR,DAYLIGHT,DRY,FAILING TO REDUCE SPEED TO AVOID CRASH,3.0,59.666666666666664,3.0,3.0
02355b89274fffd156d38df5bccfce6dadfae89eb3dcbcb607a3db0e48946cf054d32897cb054205f3e57bc5993d02737adff5c81aba92bed40f7580b69f9755,SNOW,"DARKNESS, LIGHTED ROAD",SNOW OR SLUSH,WEATHER,2.0,29.5,2.0,2.0
023580b6987d51b75841b60e8ab67d05b20499045512ca8b81c3d4ad724c31b2791190ffdaa175b226f92ff82a132eda5d74889ea69cd2b78ce01cb36c816555,CLEAR,DAYLIGHT,DRY,DISREGARDING TRAFFIC SIGNALS,2.0,37.333333333333336,3.0,3.0
02358bdda7ab985e2580779b51eb5e27814894b77c3192de44e63363946e3ab17b0bdbc0595e16966d15bbd6e88b4719d2d755b004c95ee0eb676e3e8c9c12a5,CLEAR,DAYLIGHT,DRY,FOLLOWING TOO CLOSELY,2.0,26.0,2.0,2.0
0235a6b9ebe83d7899d2d86a226394b8f5d636c475322e87aae3187a16875b1ae49b2da4fc94449b03bb6aad6cecc5cd1fbca1f4a8a5197614b88b1cbee73c87,CLEAR,"DARKNESS, LIGHTED ROAD",DRY,IMPROPER LANE USAGE,2.0,34.0,2.0,2.0
0235ade0f00ee1deb67b58d33e1db98024b0e2118983ac22f4bb8d71f51b152813e78404791e81acf6e33136f4e05b25f76210b22c2aa6bc86e20d9bd82ac49c,RAIN,DAYLIGHT,WET,FAILING TO REDUCE SPEED TO AVOID CRASH,2.0,35.0,1.0,1.0
0235adf3901d233b8ce40b63903c84409d654402498fd10e90479115f04c1fcbd6166a7f818e8ec30d9d1da61d33accc2a5f47c46d520c13a8ce5a44bd95dd73,CLEAR,DUSK,DRY,IMPROPER LANE USAGE,2.0,57.5,2.0,2.0
0235dee7a281f25a63f75222fa717cf072e333e5df60f70b474aff74344e20ac66025b7db5b00aee7028bd8b3304a7eeeb21b9f9c85ce7bccbe5cc1edcedfb2f,SNOW,DAYLIGHT,WET,DRIVING SKILLS/KNOWLEDGE/EXPERIENCE,2.0,59.0,1.0,1.0
0235e26de56f23f68c84d9097180561cac107442cb14d3dab3ce7dca9ccf4a68b980f7ec13ea3067ec47b9705263ba01ff0918ca37bc3bf4da48805eb9e197d7,CLEAR,DAYLIGHT,DRY,IMPROPER OVERTAKING/PASSING,2.0,34.5,2.0,2.0
0235f4b4460f50115c7f6cb0d2bedeea7ce92b9b0f594301c68796ed9f588b036a5a373d90c24d5e8f2dd83f5c9ff477d78599bc02e81625ce5550bda4c885bc,CLEAR,"DARKNESS, LIGHTED ROAD",DRY,DISREGARDING TRAFFIC SIGNALS,2.0,34.5,2.0,2.0
0235f5ba064d8300033f55e942fd32b9b6e350ffdc968627eb674796759ae682a452e4fca13041052b2d1478bd5d77e00e535ce45aafd3c5e766bfb982710e5f,CLEAR,DAYLIGHT,DRY,IMPROPER OVERTAKING/PASSING,2.0,43.5,2.0,2.0
023601a810b1bfc4aec5e9abec0556f491b27e4e47d69ec45c19742b7614f0bca916cdb4c7b502917095a8c27a55c525e1feb2e61a9d24b8c7f30651e4161334,RAIN,DAYLIGHT,WET,DRIVING SKILLS/KNOWLEDGE/EXPERIENCE,1.0,30.0,1.0,1.0
023624863140fe8eb9c24d0aeab66381d4793983c91c064aa6e89dfb186219bf39004068347d06d010176d4f93c12e78572d6072f2a710a2e656e480371c300d,CLEAR,DAYLIGHT,DRY,FAILING TO YIELD RIGHT-OF-WAY,1.0,41.0,2.0,2.0
02364b3d40112c526de8f4f70f82aa4792dbda745e098ca3b41d1ed8ce04fc16ed225a58341d2fa60ac2bd5d983b2b7732c1fc92d75cace64984ebb683ce28ba,CLOUDY/OVERCAST,DAWN,DRY,FAILING TO YIELD RIGHT-OF-WAY,2.0,51.0,2.0,2.0
02365b3f574a5f0a996ed7d48ce56fd39f527c0aec6a8258c564b489ad85ea25deecb6c2963363c1623912aba8d5fc1df7bf4710ba5fbe8bf807cc69eec69445,RAIN,DAYLIGHT,WET,FAILING TO YIELD RIGHT-OF-WAY,2.0,30.333333333333332,3.0,3.0
0236955c34e13f9a596fe4480f089ccda5f9873efecdb7a326794e918d96ecdefef73ad1158ae9c3bb9d2b8f0f865b468723698e6edbf5ca2cb266490cbea003,SNOW,DAYLIGHT,WET,IMPROPER TURNING/NO SIGNAL,2.0,37.5,1.0,1.0
0236ba8cdedf213f8c07ab649ce3ff9c47c278c98141266cacfc4c1a864f6e2179db88001ddd6463e553d664a256b697c8ecac13e643ef76c10cee4da2f33116,CLEAR,DAYLIGHT,DRY,DISREGARDING TRAFFIC SIGNALS,3.0,36.666666666666664,3.0,3.0
0236bf7c5b004ae3a284159181de352af8c6d03422c4c5ec4f66ac61672e773e33793831cb6191e82d46c08363af853645cf599ae8cdd4180826496429f959ca,RAIN,"DARKNESS, LIGHTED ROAD",WET,IMPROPER OVERTAKING/PASSING,2.0,59.0,2.0,2.0
0236c0722f0ff166ec3adadaa400a0b97bed8f7346dc965d401eb5c16d50596aa5ee1753b133ad0d44b166a850c107a8060d4532dedb25179e56e0ea56e51cc1,UNKNOWN,UNKNOWN,UNKNOWN,IMPROPER LANE USAGE,2.0,37.5,1.0,1.0
0236f1b09ba6bcb9ffa726a4f6671b34d3de11392e6b87c4c3a14e573e94f0f2275c232f814041ce631042e179ba2fcc8addaf674519859ee5ecc94d2967a209,SNOW,DAYLIGHT,SNOW OR SLUSH,FOLLOWING TOO CLOSELY,2.0,37.0,2.0,2.0
023718cb45a510579f1319be268d226d90c98acade8b55b11591e363bb5a04ec7c4bdf42401f665949a60a30369a7c4f57b688a85beec91866191711219c5f4a,CLEAR,"DARKNESS, LIGHTED ROAD",DRY,IMPROPER OVERTAKING/PASSING,2.0,37.5,1.0,1.0
0237307223e5f892aafd21fdc02e915f13f26d744c35c749779b2a3e4c1b3c9475124a906f059eb5f7a43c4d8637f4f272d90527d5d8bf9c7c0f537a7dc8f8cc,CLEAR,"DARKNESS, LIGHTED ROAD",DRY,FAILING TO REDUCE SPEED TO AVOID CRASH,2.0,48.0,3.0,3.0
02373a4e5bd44321e1cad6c6e40d8ae9709f5b0be4c2b869d15e0d22dcb51a874d6305d3a690b373a89d9a3d764dca1eaf2d975fed4f55769eb80aa28cbf1d90,CLEAR,DAYLIGHT,DRY,FOLLOWING TOO CLOSELY,2.0,37.0,2.0,2.0
02374319845afe2ae4b672784d5e8dbfcb7e9daeb242610de253b2af3c8d01fd96a87586d32a9f4e87f7f64c7bd40afc91615fdeb5ba54659247496cd02bcb2e,CLEAR,DAYLIGHT,DRY,IMPROPER BACKING,2.0,37.5,1.0,1.0
0237801ed9facdc430ec2e177c045ba4fbcc2e4248a2cadb20b456757d54b8f5f4231594e19a0f231f37afbf8916768e91c1a1fe71344f16c0b95210a794e27c,CLEAR,DAYLIGHT,DRY,IMPROPER LANE USAGE,2.0,55.0,3.0,3.0
0237848050b6705b57ac9cee3cfd328f34cf027498c7e5b4c83e963f544624d80b9d5512be0ec43daf6bd01ca1da2e4e3e8028c8408052fe2a05f8285a03f815,CLEAR,"DARKNESS, LIGHTED ROAD",DRY,FAILING TO YIELD RIGHT-OF-WAY,1.0,37.0,2.0,2.0
023793ef8a345ca13d1baf48531a1600f862fbca6d4fddd49930529cdc6989ad41c0ded64b0fd16624534c6bab9f4cb712a5e45de1f47c54d20e79b92bf829ab,CLEAR,DAYLIGHT,DRY,FOLLOWING TOO CLOSELY,2.0,57.5,2.0,2.0
023795d87e3e0931a2ee6629ae91dcfcf810a5a8d9ca78f6be15ea125e370fe0360e6d56fcd37c4db8f22235d6f8b581afe169be6c35a5d1075be0590ce7daee,RAIN,DAYLIGHT,WET,FAILING TO YIELD RIGHT-OF-WAY,2.0,38.0,3.0,3.0
0237b25f31829e6e8de1a21530d2f01de33c02abd73dcae24169fdca7db61b8943b470fc0abb56e4a526c23640d8943988cae35c7bf662d9098fe660afcb5a59,SNOW,DAYLIGHT,SNOW OR SLUSH,FOLLOWING TOO CLOSELY,2.0,32.5,2.0,2.0
0237d036dd9901cc9e866909a9d69ec053ee74e38cb2fde1d25a643978ba9ee7a099bfe29267bc67c729935bdd0fd4091f20e4e77f65cdd414459a33b35ff6ea,CLEAR,DAYLIGHT,DRY,DRIVING SKILLS/KNOWLEDGE/EXPERIENCE,2.0,28.0,2.0,2.0
0237d9a6c84982b4f80c79c1361bc10b763e9482e40d61e665b49598125b880e01df4dc1ccadf08ce856f553eb024a279e786c0954aacf0fc588241b34186ee8,CLEAR,"DARKNESS, LIGHTED ROAD",DRY,DISREGARDING YIELD SIGN,1.0,52.0,1.0,1.0
0237db1804163c14c2e3807e4a25ba060f4090bbcb5e130b3dd283e8524c4439f152e31b7b96bf9c4048ed00e132954c1a897b274b17a567a9a695ca8a2bed45,SNOW,DAYLIGHT,SNOW OR SLUSH,DRIVING ON WRONG SIDE/WRONG WAY,2.0,23.0,2.0,2.0
0237ef922e1295635676debd641056d46dd156b5fe09e40e33d3a84f3116bb6421d1dad144197485b2022acdc2d7534a7d2e9624ba53a26039e9c05a658ccbd9,CLEAR,DAYLIGHT,WET,FAILING TO YIELD RIGHT-OF-WAY,2.0,23.5,2.0,2.0
02382b0b28581d339c0d2eb5be78076964c433e74a05dbf53fe54790229cff0f153f9b667b5139f957aac528db5a3fac7aefe37d7963320fe2536968477f66f7,CLEAR,DAYLIGHT,DRY,FAILING TO YIELD RIGHT-OF-WAY,2.0,29.0,3.0,3.0
0238511509837520c26c6aa3486efa1e7b4beecb078dccd4186f59472ecc2a02cc716a14538f15f28652672dd28d8255f3585eba838b1744e57ebe3de237ef26,CLEAR,DAYLIGHT,DRY,FAILING TO YIELD RIGHT-OF-WAY,2.0,30.333333333333332,4.0,4.0
0238a6d575c9e0579b2e0cde54e6b56f21b7bc6b6054c0bbba75938c6200254cc1bae891d9a54e206f7895734658dece4da73441098b9c009918d072ee59ff11,CLEAR,DAYLIGHT,DRY,FAILING TO YIELD RIGHT-OF-WAY,2.0,24.5,3.0,3.0
0238aace3379573219598d61d896462f7cf8bcc1316489bfefdee4a6747062ba642837ba618c48d224f5fa3cab5dabc0e95f614ea001efbf1a376c75543db854,CLEAR,DAYLIGHT,DRY,FOLLOWING TOO CLOSELY,2.0,37.5,2.0,2.0
0238f9c543739a366ffc965dbfaadb1b157aec6d63d73fd00d517ac934098facb313aa9aa5c3fbbb081e9effccb6af7de1239bb0935a84f04fd50c1164d01906,CLEAR,DAYLIGHT,DRY,FOLLOWING TOO CLOSELY,2.0,40.0,4.0,4.0
02390eaa54ebcf9ffce6bcaf8c75ac742f15f894e08122e841451b04ca609badc36056728f7dd3ad5c68a10870973b1242f98373a26a50599373d90401449496,CLEAR,DAYLIGHT,DRY,FAILING TO REDUCE SPEED TO AVOID CRASH,2.0,48.5,3.0,3.0
023929ce5a2763e1607172313ca8ff5531306d73d3d950ccdfcd2d4fe583745cbdb0fa42df5d1e4d04fe476d20cdaa3eb07fba0d9066b9962830d5c31b3640e9,CLEAR,DAYLIGHT,UNKNOWN,IMPROPER LANE USAGE,2.0,24.0,2.0,2.0
02398de192019cbd6ea14c8a0282414b41f8ec45b4859c8a7628caa142b40071b740ab7999f120feadca40dfcda0dd8bde7b8a6ce7ae2cb425277decca3c12b7,CLEAR,DAYLIGHT,DRY,DRIVING SKILLS/KNOWLEDGE/EXPERIENCE,1.0,54.0,1.0,1.0
0239a85de253d2075c7ae2fc0d30de56bb5f838245ba4d84339817e440d62278cbe19e7eeb0a8c88e7dd4989e0095c42098d6ca85830f5ba7ef6d094ea016fda,CLEAR,DAYLIGHT,DRY,IMPROPER OVERTAKING/PASSING,2.0,62.0,2.0,2.0
0239b5b69e0114afa455593615b52a026b8bd650225c59aa526fd94f9274e4e325ef17e905b704a8b84ef792446a561668bf3043f1badb893f8950f6718df2c7,CLEAR,DAYLIGHT,DRY,IMPROPER BACKING,2.0,36.0,3.0,3.0
0239d85b0d5f6fe52bddfc49ee21747c3c037ac97717cfbea8afead375559a375f25e889416e6c1b770dd3d97ee79ff565c78da992b434f9868749ac1d15b4fa,CLOUDY/OVERCAST,DAYLIGHT,DRY,"OPERATING VEHICLE IN ERRATIC, RECKLESS, CARELESS, NEGLIGENT OR AGGRESSIVE MANNER",1.0,22.0,2.0,2.0
0239ddc68424623fcf0ca154e91db430587113012448503558aed759f0ae8fc7f185c34b9bea28da9b8d3a88a1d775052bea2c60db3680fe4f9a837de9924454,CLOUDY/OVERCAST,DAYLIGHT,WET,DISREGARDING STOP SIGN,2.0,51.0,2.0,2.0
0239ee3ab1b1c18b88415dbb31845769c97e13fa08d02c00dc220edd8498fa6da0be96da03a571dc29a7c323a31309382ea8279626aa2931aa03e8351a3991db,CLEAR,DAYLIGHT,DRY,DISREGARDING TRAFFIC SIGNALS,2.0,54.5,2.0,2.0