crash_record_id,weather_condition,lighting_condition,roadway_surface_cond,prim_contributory_cause,total_vehicles,avg_driver_age,total_people,total_injured
0239f4d50596a1dc7152799ecca3a50dc9fa485382c92a0429cddf408d2c5dba12dd85bc7eb69a8c57137ea6e04ca4a5bbef202007250974c2488755ab6bb676,CLEAR,DAYLIGHT,DRY,FOLLOWING TOO CLOSELY,2.0,64.0,2.0,2.0
023a2b7f7496445b9d7fa82c79e2224134d352bf494c866689251fe61beacfba9c4096db20bf7485d68d796237272d2cc875575f943af2b545dc5d08ca852c30,CLOUDY/OVERCAST,DAYLIGHT,UNKNOWN,IMPROPER LANE USAGE,2.0,19.0,2.0,2.0
023a3c764117d7e32376c7dce61295148694d7f67141f401a533ca5b0eefb694eac01654e668caa8753896b576f63d6f9368d0ff196c91a0814c89e245e87876,CLEAR,DAYLIGHT,DRY,FAILING TO YIELD RIGHT-OF-WAY,2.0,59.0,2.0,2.0
023a50d0c288e9499d984e124efe4d654393590eddeff389141bed011b8bfb36664783782f782107d0fe1ee9cc2114877a35eef9e1756abb3da19fbbfcaa78ff,CLEAR,"DARKNESS, LIGHTED ROAD",DRY,DISREGARDING STOP SIGN,2.0,40.666666666666664,3.0,3.0
023a801657fd96c3fe12049d6a598721e99ebf5356cbf06f64a420e99b4fea8d746946aec15adc5b2597b93ccdb4307ed579fc5ac11f61205cd8fcd37d32f04d,CLEAR,UNKNOWN,UNKNOWN,FAILING TO REDUCE SPEED TO AVOID CRASH,2.0,62.0,1.0,1.0
023a9bf8293de722279e30cca8e26d9ff36b0052622b638a25f68a96570485c01ffe00d487058fc83ebe8ee58ad2c14dd15e01f57242ebb3dabae5d4171c71d5,UNKNOWN,UNKNOWN,UNKNOWN,FOLLOWING TOO CLOSELY,2.0,51.0,4.0,4.0
023aa6b4b6a7ad2c29365c3287cd7d9e3b5e40346633fe22134cd20bd89e0e20da12b5818819c83f52e72139f228de0d5bfc15013cc526741232a29c5a6a1c18,CLEAR,DAYLIGHT,DRY,DRIVING SKILLS/KNOWLEDGE/EXPERIENCE,3.0,73.0,1.0,1.0
023adacd1881fbf9501de67b00a91d0eccff20b9b3c369c7fa4245510bcc6bb9396965f20aa0dc2d35ff4dccc2160d4d32b0fdde0e47801c857305771444c047,CLEAR,DARKNESS,DRY,FAILING TO YIELD RIGHT-OF-WAY,2.0,36.5,3.0,3.0
023ae41ebc552692df3a2231e6c90aca63856fa0a426ced7e1fd30995c5435eeff0c12bb336c491573ccca7af7ba0362adc663544fa377b043d656a05d4d4a16,RAIN,DAYLIGHT,WET,FOLLOWING TOO CLOSELY,2.0,44.5,2.0,2.0
023b0f5d81697dd26ba49cfabd0f8bc26437439a55c3ecb23e34885ba6a0d4e227a2c8adc2c6637e1eb85bc4700554a7f19d94b13f3196739d73ac8b3429d85c,CLEAR,DAYLIGHT,DRY,IMPROPER TURNING/NO SIGNAL,2.0,38.0,2.0,2.0
023b1449865e71fcc77adc8bd00e5255782a76d8f74efc5f552624d464f5a2fc3f0f411428e9beb9579a8044722c22e0bef7f5e5c8683d04156df264c65f86cc,CLEAR,DAYLIGHT,DRY,"OPERATING VEHICLE IN ERRATIC, RECKLESS, CARELESS, NEGLIGENT OR AGGRESSIVE MANNER",2.0,30.333333333333332,3.0,3.0
023b1d819fc73f87f3ce28f13da7dfe35bf78dbd8f1d863fd00a37e131cfc1d0dda23672ff9ee65473760f1df8169393f57f9b8591b466d7e014151dbbe8fc68,CLEAR,DAYLIGHT,DRY,IMPROPER OVERTAKING/PASSING,2.0,32.0,1.0,1.0
023b6ab5fb0e5635b79e0652bb08adc2231aea4addd9b6f8b4d4d01b72000cbf4f5c33f676191012111a77d4072507e225bd98a499b532b660851699cb1ef2d1,CLEAR,DAYLIGHT,DRY,ROAD ENGINEERING/SURFACE/MARKING DEFECTS,1.0,0.0,1.0,1.0
023b6ee18758a89b8da20020588012f22b1da3754defc061bc8b3ecaa747bb2d75d821728a87dffb628408199606838867f5db87eaa47caeb3c0f56eed15335f,CLEAR,DAYLIGHT,DRY,WEATHER,2.0,57.0,1.0,1.0
023b6efea24b833ed76d6b05dd9424a9538d6bbdd84341dbb84d2cbe11e9dbf9d306543a391dacd4c0d177fd9ac3fb42dd157864329be88938fb798bdcddc281,CLEAR,DAYLIGHT,DRY,TURNING RIGHT ON RED,2.0,63.5,2.0,2.0
023b80f70cdfcab98b3c47484ef82c29319f62b50c16b586b973ba4c305021f793d518915c1dea45aa32949b27eb9cbf6a630fd8662b255db07779174b194087,CLEAR,DARKNESS,DRY,DISREGARDING STOP SIGN,2.0,38.0,4.0,4.0
023b88936c960b4513a72f8dcdd7bb41a5462b87cd2366425bd11e59e71c4b9057e5fb28c6e0d86389dcc756ea3e75ccb5bbe50c8d58d76d463992fff89edbc1,CLEAR,DAYLIGHT,DRY,FAILING TO YIELD RIGHT-OF-WAY,2.0,29.333333333333332,3.0,3.0
023baff68dd195eeb18858291e1afaa90837db0ee2d9ddc713f2f582afa58533f49a56cdf01538a09944710ac03bc2ae620519eb0b840154844b733a8c02be7d,CLOUDY/OVERCAST,DAYLIGHT,WET,DRIVING ON WRONG SIDE/WRONG WAY,2.0,22.0,1.0,1.0
023bc6e01213158dab1eec699642709923b24719f021a7673ec4aa2b43c2a759a9c01d574ba2be1bd8a577ea2f508362c75c664101a7b6626aaf03f70d916a8c,CLEAR,DAYLIGHT,DRY,FOLLOWING TOO CLOSELY,2.0,41.5,2.0,2.0
023c078d7212e2c81b58d4e45ad7e65a4f2b603a0f53ffc29c5cec7e0801a5043a31bab1b7b5d32e62ea157e553cd33f4272a0d9ad8f1881c246ba5e38cd5ec2,RAIN,DUSK,WET,FAILING TO YIELD RIGHT-OF-WAY,2.0,36.0,2.0,2.0
023c0df3da1463e3b91482faff87d7e1788612c2b5fdcffca627b00776ffeb84629f8864283fcc4c317b41c6cedfaec28bafdfaaf63e30c5cf9eeace26c99cda,RAIN,"DARKNESS, LIGHTED ROAD",WET,FAILING TO YIELD RIGHT-OF-WAY,2.0,26.0,2.0,2.0
023c166dc0e16dce9fece061d7392e74f723ef13386f03d13e15cecc6f4c655ccb0ac23ddf0f47f283888a1f7fba652518348e8be3d836f6bf0088721eb3a7f1,CLEAR,DAYLIGHT,DRY,IMPROPER OVERTAKING/PASSING,3.0,50.5,2.0,2.0
023c1b7a094838ac7d729c72e9c3a9121c62ece59d91e826db3f9b395158a06a47f23597a6a9d92f002b865b1adc77b2b208720a5c77d5b3e7808c86259ab476,CLEAR,DAYLIGHT,DRY,"EVASIVE ACTION DUE TO ANIMAL, OBJECT, NONMOTORIST",1.0,38.0,1.0,1.0
023c32b305b9b0859242d8ab9c70266d2ad9d60789acc42f380ac4bafe07a8f3ddd9267898cfb54d3e5dd68b3dc13e94f9fdd681c82a7ad53f2c03fff5ac040b,CLEAR,DAYLIGHT,DRY,IMPROPER BACKING,2.0,29.0,1.0,1.0
023c35b0d43e28ed2e6c7b42c4f0c52def7c531e0ad755a60cfbd0fe5fc57e4c20feed41710b6f274cd79657297615bd56e2782c026e5518d5696d043d37aaf1,CLEAR,DAYLIGHT,DRY,FAILING TO YIELD RIGHT-OF-WAY,2.0,26.0,2.0,2.0
023ca0877547825a2794b0d6ef69b3917e194e7996f716b4f303fe8b22968a18d1e259fe0ac35e2e2dbf6c8167055e7d5c4bf785c3105a94e65113d7d5a61fdf,RAIN,DAYLIGHT,WET,DISTRACTION - FROM OUTSIDE VEHICLE,1.0,27.0,1.0,1.0
023cab8c58778dc6e34f50ef4fdbe721a000a58c874a8820dbc65ede2cf475f9a6228230f40d2428d9fee79950fee33e1e17b168d33dce494ed5c550c5920ceb,CLEAR,"DARKNESS, LIGHTED ROAD",DRY,"OPERATING VEHICLE IN ERRATIC, RECKLESS, CARELESS, NEGLIGENT OR AGGRESSIVE MANNER",2.0,28.5,3.0,3.0
023cf0e0ef4bfa051c8acc4e1e93ce8f70ad9f670d1ab9e93e48f65a440d3ee8aae324bee617f831494688dbcb7509f86a1eae9a106e8c21902188c41be17ca5,CLEAR,"DARKNESS, LIGHTED ROAD",SNOW OR SLUSH,WEATHER,1.0,25.0,2.0,2.0
023cf92091a694de9fda941377b101e16903ae21d823e4f6704729a0069891d2e8d856c82071bd6f04be9b5d9d224d1531d0e1cb97548f699dcd9a1cd9301f20,CLEAR,"DARKNESS, LIGHTED ROAD",DRY,DISTRACTION - FROM INSIDE VEHICLE,2.0,31.6,5.0,5.0
023d388d227104ba07f0845f383ee676fae4a73cd54ed38f75609f23e4cdadc3746512e75980d2891f6c9df2a713dd73568c902a496e2cc9aaf59535c90146a7,CLEAR,DAYLIGHT,DRY,DISTRACTION - FROM INSIDE VEHICLE,2.0,39.5,2.0,2.0
023d48d82c397a3d194edc7c04735453ab56caac50d3e61a29d8b1a8c269c9b1b8e4735f3f1a8cba309489457723550e1388bda887dba739b386ca912875a143,SNOW,DAYLIGHT,SNOW OR SLUSH,FOLLOWING TOO CLOSELY,2.0,32.5,2.0,2.0
023d6889445c98910e404c8a6fccd07f0aa4851e7173a30c3ac5807995443d7e0e6ee0083e68601b0c7f15b91513db11ea36c2da329be159fc858a5d7af5d9ab,CLEAR,DAYLIGHT,DRY,FOLLOWING TOO CLOSELY,2.0,38.5,2.0,2.0
023d71694802e45cddb3829e9656f8d488ca4689d0865a5be4092afe3917ab8985312c342000cd236233f4bb4ccfd70ae8aa60baec1c7265d568e62af35cd813,CLEAR,DAYLIGHT,DRY,IMPROPER OVERTAKING/PASSING,2.0,38.5,2.0,2.0
023da44a6239016ed4f5d83d378be22438b876b30d6d346036eaf7d315f2df96357da6de0e88d3f39f3e1deecdbe4ddde293985929c4b644a016f8095d5b0850,CLEAR,DAYLIGHT,DRY,FOLLOWING TOO CLOSELY,2.0,34.0,2.0,2.0
023dad8c3753ee147edfc2e2105c062242ac04ff648590d05d21fd55e7e60a53752dfc45ef97f501b201880885e7ea5bc68a12cc30396a777e0b2ca148c0a72d,CLEAR,DAYLIGHT,DRY,FOLLOWING TOO CLOSELY,2.0,33.5,2.0,2.0
023db801e8f5014dc1a3b4468bb6e477d46ec8c647a2347f1afe532dfea0c6843f4f896a6317975d0defc6d36a22f00709f3b70ff79caa4dc373cc6658f38a44,CLEAR,DAYLIGHT,DRY,DRIVING SKILLS/KNOWLEDGE/EXPERIENCE,2.0,38.0,1.0,1.0
023db9c99d1f4f292ae9572a7e405b60e917a85f5a1349b5b89a77edd61ffa41c187c2ef5ee926c0f42ed70aeb6bd4e079cba7b90e53a54b4c04827e01b5f92e,CLEAR,DAYLIGHT,UNKNOWN,FOLLOWING TOO CLOSELY,2.0,27.8,5.0,5.0
023dbb5570df2ca9079ecb0cc0ea8f3b8f8dd80f910b904893b4509f637da18530138d78caf1ab9d8e6b780bf066ac5ae60976f4174d8d9b153bf7eba9a47b0f,UNKNOWN,"DARKNESS, LIGHTED ROAD",UNKNOWN,DRIVING ON WRONG SIDE/WRONG WAY,2.0,37.5,1.0,1.0
023dc24d87bdeca3a514caa7eab3c43e3b96d03b651ba87e8f3ccc6efff02eae820c09cdfb05f11562d333d6d6e74bb47802bb5d04537f5b0bf4e1a840664270,CLEAR,DAYLIGHT,DRY,DRIVING SKILLS/KNOWLEDGE/EXPERIENCE,3.0,28.0,3.0,3.0
023dc4ea981af90b307d156470f2284334fdbc28a61fa00facc7dfb4e203ca955552fe633ab454023467bf1386daa2f1a858110eb219dfcba9c4f83c0e05d6a6,SNOW,DAYLIGHT,ICE,FAILING TO YIELD RIGHT-OF-WAY,2.0,37.5,3.0,3.0
023dc8f1b877f439e87a9289d14170474a3fcec12a014862bd27bbcd04b5384f1576419dad40fc7d96d699af900860d8e3e1366eee5e480585757d9dfe356d08,CLEAR,"DARKNESS, LIGHTED ROAD",DRY,IMPROPER BACKING,2.0,30.0,2.0,2.0
023de56a82f1c60e0ab44cb9e4218de599cde95bdccda19911d0a5164f0e7aaecf0e4894f079dea3e9984a276f4d06ebd79520c84ed62e6e663820fb445ec4f1,FREEZING RAIN/DRIZZLE,"DARKNESS, LIGHTED ROAD",WET,IMPROPER OVERTAKING/PASSING,2.0,46.5,2.0,2.0
023e37aefbb1d2e94ae590759ec318e9e3f3de0b6a6420175c8f6a9ee2776372d397e264f7ba3058d8867de8cf2bd2b768a033ff6e971ae0b2194a001c8d6ed8,RAIN,DAYLIGHT,WET,FAILING TO YIELD RIGHT-OF-WAY,2.0,21.25,4.0,4.0
023e447ede00c7010976f49fb8ce81ed67a12f15dfcb3a9c67eed0cbe07c6e5ce316e640fa002589c6a1e7fb20bddb0194dce65ab1af486e892a165d5bc952f2,CLEAR,DAYLIGHT,DRY,IMPROPER LANE USAGE,2.0,44.5,2.0,2.0
023e5557fb37827db878eb2ed590345d3c67b6dab1ba542fb1f50a02c2030c723a0df2b411318c7d0b5d0c83e058578621bfe0cafa17e2060c78aff580800825,CLEAR,DAYLIGHT,DRY,"VISION OBSCURED (SIGNS, TREE LIMBS, BUILDINGS, ETC.)",2.0,27.6,5.0,5.0
023e7816869f1024a257277ed23e995c666c4ab2827a146515c8365bd89bb8037b9f6c9738f92920652c29aa74cdfa08d7cd24c604b8c424b9974bf38e7e5970,CLEAR,DAYLIGHT,DRY,IMPROPER BACKING,2.0,51.0,2.0,2.0
023e7ad3dcb9eb3fbecbd503397fdf1be18b943b4e46500c7a0494beba3b8cef06bf73d00d7e099c8e808f9d6a4c40c7b7ca6798833d0958a72ef63787106044,CLEAR,DAYLIGHT,DRY,IMPROPER LANE USAGE,2.0,42.666666666666664,3.0,3.0
023e87bf6bc0dc4e3c428bc890affe01df741a7b4715258ef8d4e9f5648c7cc5489b6fed6ff1d7b80cc80d73d7576dd23ff5a82dfcd9155ff81f5283eecdef96,CLEAR,DAWN,DRY,FAILING TO YIELD RIGHT-OF-WAY,2.0,31.0,3.0,3.0
023e8976b0d1b56b32035ace30b8f6a692977f1442008e798c6678e36c99118c98da05c89621f84a2ccf22415f2411d911a877ae9b565396027f3a4ac124f5f6,CLEAR,DAYLIGHT,DRY,IMPROPER OVERTAKING/PASSING,2.0,23.0,2.0,2.0
023eb1eb0d182c06d2c6b60f54f2c05b67a78662a371734b66610d592a15b5eda41d1d4550c70666731a11c5aafee20a1f1bcdb3ddea52689138f2f60cc1e2dc,CLEAR,DAYLIGHT,DRY,DISREGARDING STOP SIGN,2.0,26.5,2.0,2.0
023eb4f26410ec17beebb3d11f3d259df4a24583a746563daff6d6cd2d0a1b7c36cf5e99aea43b2c6615f2436c267463bb02d71689516323a3b0d31460ed32c9,RAIN,DAYLIGHT,WET,IMPROPER BACKING,2.0,36.0,2.0,2.0
023eb7dc2d0354055675429fc641a286dd481be09d05b5edf5dcef082332b2a05e87a299223f6652bda33dd5806c5225b1587577e486898bfc051121fcf891e6,CLEAR,DAYLIGHT,DRY,FAILING TO YIELD RIGHT-OF-WAY,2.0,45.5,3.0,3.0
023ecefe726e4a936cc14b4c1181371ea192ded76f3cfe7bf75c3afd4c015b87738b3fd0a164b3635d1787464bcdcaca9d78ab5540cc43c769a4d82344897082,CLEAR,DAYLIGHT,DRY,FAILING TO YIELD RIGHT-OF-WAY,2.0,82.0,2.0,2.0
023ee1cb8abda52e1c14ec290bb62eb69c3cc48c5fea09f813934f8b2511a49b5c588a006e8837428e211ccf67c09fb4ecfa124832693c41b91a76265aeebca0,CLEAR,"DARKNESS, LIGHTED ROAD",WET,DISREGARDING OTHER TRAFFIC SIGNS,1.0,56.0,1.0,1.0
023f0930f150b70564482f4b1432d8ab930c1752bee2242ceaff061e59afa56f062a9507cd573240cc327d356609c62285d599d2a0076074498688f681f03dba,CLEAR,DAYLIGHT,DRY,IMPROPER TURNING/NO SIGNAL,2.0,49.5,2.0,2.0
023f1519a497a42ee9341777ad746c64c269114e860065a57ab41bf6f771877f07ee6ad80ae9c5660dc7694fe78e3ead5abf6626cf131ad994db20c8d18fb5e1,CLEAR,DAYLIGHT,DRY,IMPROPER LANE USAGE,2.0,39.0,5.0,5.0
023f3a7f2f5508c0ad0f2bce5a84a36be356b4de44a3b26cc7c448e82318c79ea5af3ece06716eaa42bd23fa4d84cccb441683535a43389ee382127816526a7c,RAIN,"DARKNESS, LIGHTED ROAD",WET,FAILING TO REDUCE SPEED TO AVOID CRASH,2.0,43.0,2.0,2.0
023f3ef90d79d73fe338f50748e41fe13d7252750a4f5211c3a4ba829c24095d85e22122a9f32b9cbbb33b31c3a144596b9f77e8afd27c80b7a26827f74dfbcb,CLEAR,DAYLIGHT,DRY,DISTRACTION - FROM INSIDE VEHICLE,2.0,60.5,2.0,2.0
023f42d7396321e11d824e3f2a70cbdbe71aafa980f57ff73b724a7ad38e8d2cc24297141c88a68999389b53cbd307c1862fba230cb94ab80e296f7b12282d78,CLEAR,"DARKNESS, LIGHTED ROAD",DRY,IMPROPER OVERTAKING/PASSING,2.0,28.0,2.0,2.0
023f4496b6cdbf10a82730128300f2cd7df7676b3e3592e3261f84775a75468d7125bed2177ac45df07db58e445025b69bf39f02315f97c41d9eed9ad66a2d3e,RAIN,DUSK,WET,FOLLOWING TOO CLOSELY,2.0,28.0,3.0,3.0
023f61f9e7fbfbecf7b6cf52f0c9b2639a3cfe37798af1392f3608135f96ba2ddd39e243b285a6130147a8b449c5a5470653934f94115fa28de064be60f46743,CLEAR,DAYLIGHT,DRY,IMPROPER BACKING,1.0,51.0,1.0,1.0
023f6d337e6ac08801940a3050718d5b2a9bb2ca9c7749d0dbebbd3a8f25ab6b84a7e4c71c65c59f41012ae657da7fee3c3b73e3af221589c2beb2723129c8f1,CLEAR,DAYLIGHT,DRY,FAILING TO REDUCE SPEED TO AVOID CRASH,2.0,39.0,2.0,2.0
023f7de8d0f7e90dc072b7b88b62502f306469597481dabc2469aecc67a1026d485ba885476a3ea258a0df3cf6543b77b69cdbfabca44ab64b0fc64c00c808ef,RAIN,"DARKNESS, LIGHTED ROAD",WET,FAILING TO YIELD RIGHT-OF-WAY,12.0,35.25,16.0,16.0
023fa07a271d6e41ade6fc3f793b8504ce8f98d91ea94a7f4a473909b1da7a1271b13042e1ada9e60d85441fb9ccdac744d79c9105ca9a4dd4119f352f77d310,CLEAR,"DARKNESS, LIGHTED ROAD",DRY,FOLLOWING TOO CLOSELY,2.0,33.5,2.0,2.0
023fbf920eaf3c50d8e810ec6cccf9f4ec54095968975dbfd8f1a01d382e7014f539681cbc2dadd8e2a754640af34264b97a3435ba41860cfdea73c71740b9b4,CLEAR,DAYLIGHT,DRY,FAILING TO REDUCE SPEED TO AVOID CRASH,2.0,31.5,2.0,2.0
023fc89de8718391cf360a59eb0825ce088c4fa1897c3061eaeeed2a337a714c5c7e10818cc248ab9a7a4badb5583e3b67ae1b9040ee50b3273c4dc7c6cbfc34,CLEAR,DAYLIGHT,DRY,FAILING TO YIELD RIGHT-OF-WAY,2.0,47.5,2.0,2.0
023fd379b0ef32298499a64a4d177c2e575ff79695673480816d15baff8ed07e18238067d94c47dd71cc8534cadc8de36aab321111f7eb46aef2ce15747d1029,RAIN,DAYLIGHT,WET,IMPROPER TURNING/NO SIGNAL,2.0,30.0,2.0,2.0
023ffdbb9a34b47ebd55825c80f6f6e1bb00332043d9a9d31451d23cef846c6156c703aa3dc213dc7047436ba3e5bdab64001ba39b9f3ac42899ab7acd012e1d,SNOW,DAYLIGHT,SNOW OR SLUSH,DRIVING SKILLS/KNOWLEDGE/EXPERIENCE,1.0,30.0,1.0,1.0
02400ba2222d53a5deb4ec1466065b289db49fce9c44d7d0c18e6caef29e4ae85e36e998647f413870cb7f450ffe84d79de9b6597bfe334ffa0fd75f6bff512c,CLEAR,DAYLIGHT,DRY,FOLLOWING TOO CLOSELY,3.0,31.0,3.0,3.0
02402f06b8d56f8f3f72882092e11f16ea3329c172885ac917f70c043ca73b5d334915fc510b726f175386532178ef92164a216881576163e912cd0eb1c428ae,CLEAR,DAYLIGHT,DRY,IMPROPER LANE USAGE,2.0,34.5,2.0,2.0
024041a8859e6a25dae8ffe60c12f6ed217eaae634c50228d4c16eac1f45d98f5b365cc9402606448b10b0790d1ea9efda7d37aa04adacfac5f3ec1dc1a96828,CLEAR,DAYLIGHT,DRY,IMPROPER LANE USAGE,2.0,60.0,1.0,1.0
024062c459ae48b603d0a3ad90ebf3b36b632bec41726ea3bc46852ceedfb8d813f33ff3e78b688eea84213c47eb734273f0b6f6024b7c42dd662383c296bc97,CLEAR,DAYLIGHT,DRY,FOLLOWING TOO CLOSELY,2.0,45.0,2.0,2.0
02407617a7e2f6ab5c89cc10a7cb2ad5fca3b4eaa2c3e2520dfe73303d2d4bc7239d09233bb066933f7a3eca4900f1a67264825299670b33a6cd0056e2f18670,CLEAR,DAYLIGHT,DRY,DRIVING SKILLS/KNOWLEDGE/EXPERIENCE,2.0,37.5,1.0,1.0
024080489069c2ac9e39eaa8b02896038ad7eaa53b85e9c13236c19bd68dbdff8f6fffbe9fd098638f1c3c4ced673eef15789658e045f1e19cdfdeeb95ae97ed,CLEAR,DAYLIGHT,DRY,DRIVING SKILLS/KNOWLEDGE/EXPERIENCE,1.0,28.0,1.0,1.0
0240e404b53ebc9075aa6bc379a5c59e411958b85742a1b1732affa2024a8926b15ed7bccda8d3d7d0c84971f18a342f62e872ba471398e4f39602db8d86866c,CLEAR,DAWN,DRY,DISREGARDING TRAFFIC SIGNALS,2.0,47.5,2.0,2.0
0240f794685655e334d5dec6fb3a74e87b275ec1bd63a217118af63d148990a0d8923ecf16f3aa3dae92a621bcc39e68e396dafe35b35c7f275ca23a31da6c9d,CLEAR,"DARKNESS, LIGHTED ROAD",DRY,EQUIPMENT - VEHICLE CONDITION,2.0,21.0,2.0,2.0
02410c2bcf8d100a5b1b6480541cf00795d8ab7780aca0f43816e2f3f1739198b812119f534766238e0c26e080f6761a87ce46a1ff614af6606746d170ed93c5,CLEAR,"DARKNESS, LIGHTED ROAD",DRY,IMPROPER OVERTAKING/PASSING,2.0,46.5,2.0,2.0
024167a1a26c74d5df24af194bdadbdee121dd44d6341f864cc6d516c22ab6d00315c43b97c0431f3600316358c4a5eeedd0c7b4b71df9b9d09db68a8b659c89,CLEAR,"DARKNESS, LIGHTED ROAD",DRY,DRIVING SKILLS/KNOWLEDGE/EXPERIENCE,1.0,53.5,2.0,2.0
024174a904368ab1ae9c8ba13694957e21592e50725eb2154f07063b64f8a3bf2043112a8c5d86555fc902ea616ae9296621dbea74204167c816f482a8e4219c,RAIN,DAYLIGHT,WET,FOLLOWING TOO CLOSELY,2.0,63.5,2.0,2.0
024180667fe963ae6bf50e58bda10344bb12d847efe6b07bf86582b82d844e218f4737749175c0614a754e4612e7e92820e3db402ecb72d16a0f3788d3864f18,CLEAR,"DARKNESS, LIGHTED ROAD",DRY,FAILING TO YIELD RIGHT-OF-WAY,2.0,22.5,2.0,2.0
024180cec0f9d1ea1a0f5f6b3fe18345b42f4cf019af7ec224b0fd37031f0a06a0ff491c2d294a8a17145cf512c7f96a33b80e57ca51c4f5b9d6143b6c2d438d,CLEAR,DAYLIGHT,DRY,IMPROPER OVERTAKING/PASSING,2.0,36.0,2.0,2.0
0241b60b75b74bbf9938e02b342be407af9434da620fb30cdd053fa40474fe698710f39812152eb63847876732050b88ec63f9c3c52f44a2bf74a0ea6b0a92ec,RAIN,"DARKNESS, LIGHTED ROAD",WET,WEATHER,2.0,24.333333333333332,3.0,3.0
0241e768a0fdccd2808da583b1864fc92b3908a1aba0b92d8ff81eedde723aa9411e3c17f9371cb6ffa936d01d6a049c982a322da55139043d727195bd39c9e5,RAIN,DAYLIGHT,WET,FAILING TO YIELD RIGHT-OF-WAY,2.0,25.0,3.0,3.0
02420252e7b626e40a8c714d6891a6aca7b3ae7b41bcf502c9bc980e2aa209d5fae5c36565ef0d1638a3658e89d4b8458300d2d986338b6c7b57a174132ee938,CLOUDY/OVERCAST,"DARKNESS, LIGHTED ROAD",DRY,IMPROPER TURNING/NO SIGNAL,2.0,18.666666666666668,6.0,6.0
024207c16e409c6612df1796bd24edf0a0b7e4ce68d84934fa44b07217928845e8458bd5bc2e8e39940b3bca90183c59173bfe5c67181abe57851a294b12ae7d,RAIN,DAYLIGHT,UNKNOWN,FOLLOWING TOO CLOSELY,2.0,36.0,5.0,5.0
024217871721b5b292328be83b514616e9fdddaa169649f6d279904050d3ed331066795f79532e9ea301aecf397cf28ae7ffc40f44d1bf8a1cb15d0bc5f29277,RAIN,DAYLIGHT,WET,FAILING TO YIELD RIGHT-OF-WAY,2.0,35.5,2.0,2.0
02421e4aa406df657a116edd46d029e35029945f5919eeed76e7c83cf03ca4801fd42df91a46198d6e223f62f579f20e409b91164bd1bd999e953061537d292c,CLEAR,"DARKNESS, LIGHTED ROAD",DRY,FAILING TO YIELD RIGHT-OF-WAY,2.0,35.5,2.0,2.0
024226e64433d9e8582c1ebc28b255cfaf91799139f4c22183047069c11fa460bc7f81887718441035129b66f3bed57007531a54f7fb5aaa790b8517de1965f5,CLEAR,DAYLIGHT,DRY,FOLLOWING TOO CLOSELY,2.0,52.5,2.0,2.0
024241efbf8fb02072216ba6da14b0cf6a11386729062d09ca752d1952f827ff1b2d9d0629685c2d1be6ac1c66d85006dbc2853ba98ffd0f7bb0648909405850,SNOW,DAYLIGHT,SNOW OR SLUSH,WEATHER,2.0,65.5,2.0,2.0
02425d8c9704b072726c33d1ded987f5e68b2ceb9e490fd8930ff00d0987122e5a21373e71805ed680a599496f89895d8b2b18cf16fdbaaddeece0d155946f5b,CLEAR,DARKNESS,DRY,FOLLOWING TOO CLOSELY,2.0,49.5,2.0,2.0
0242665d2e3e29fe154b321be4301c6a992caf73b18a1b5b6e17fa8d3d5bcc69c251ba65307950fc6c0967b8d2e71ba3e48e88a0ec91fa96fe8241c95d6a8f9d,CLEAR,DAYLIGHT,DRY,"OPERATING VEHICLE IN ERRATIC, RECKLESS, CARELESS, NEGLIGENT OR AGGRESSIVE MANNER",1.0,35.0,3.0,3.0
02426879518f9de8c1e3a6deb0c5c1355c008fe82573ff4aebda3acd399d274693b6e278e05172974042beb9f23bd74133c3f5d12310a1e6f066070e6a7a749c,CLEAR,DAYLIGHT,DRY,FOLLOWING TOO CLOSELY,2.0,33.0,2.0,2.0
02426ad28c0aaea06f7d3781874fbb49a53395cd64af7854cf88e636566e17c9e6592105d6df8cd7cc2a9c1194071c3638620773bc4406e77bf981de2ea9aa3a,SNOW,"DARKNESS, LIGHTED ROAD",DRY,ROAD ENGINEERING/SURFACE/MARKING DEFECTS,2.0,31.0,2.0,2.0
0242a71a941b0529d0ab9c9e9284bb2094aa99cb4ac2355f773e0f98755df015ab6500b3e9f8b189eaed987a06a7da1f6d62dbd64e6be520565463bfd65bb794,CLOUDY/OVERCAST,DAYLIGHT,WET,IMPROPER OVERTAKING/PASSING,2.0,36.5,5.0,5.0
0242d73fc42a3813ebbcda220068cefbdb2dd3e8482caeab0e07aba68826e61ccb951bd4a22e886370bcbf9588e66de627b2fd370f864195f21b9b6e69371f77,RAIN,DAYLIGHT,WET,IMPROPER TURNING/NO SIGNAL,2.0,40.5,2.0,2.0
0242e26178295e28b01ed11486cbcb4e56b7e5543bcec9b133602c26245aed0b510148925e27b1af4d3f29c08cea2f15cf4fced6dcbd031c3a7feaa4f8b70aea,CLEAR,DAYLIGHT,DRY,IMPROPER LANE USAGE,2.0,23.666666666666668,3.0,3.0
0242e37c6b1fef5a9b77e1f334ad998277f435df6ff7c2af86fdae83eaee94b1ad8c8a487480043dadd53ed89d647d48f70c142d71ee0725911fe1121fbb9b28,CLEAR,DAYLIGHT,DRY,FAILING TO YIELD RIGHT-OF-WAY,2.0,23.0,2.0,2.0