crash_record_id,weather_condition,lighting_condition,roadway_surface_cond,prim_contributory_cause,total_vehicles,avg_driver_age,total_people,total_injured
024301ed117b105360a4cf10cb5fe415f0150df98726a500b446222dca7045b7893c8804a28f43423b5966ae6d1379db6492121a8f5b9daf1aa360a652158690,CLEAR,DAYLIGHT,DRY,DRIVING SKILLS/KNOWLEDGE/EXPERIENCE,2.0,37.5,5.0,5.0
024317475cf129613def82ea924ba6ab176d04c5ae103fcf98deb23ff22ed6989d8e7f91833d3e854e781a50ec1b5d4f40dc4ba9ce91ac6ab781e398469320e9,CLEAR,DAYLIGHT,DRY,DISREGARDING TRAFFIC SIGNALS,2.0,44.0,2.0,2.0
0243719e69c190b4535fe0bd65584bb2c472dc32e24a4de3d8a5d78f21f1052ad3c0aeeece26f3ec5a02bd8be0231f159358a5bd50479c2af706c83332a1901b,CLEAR,DAYLIGHT,DRY,FOLLOWING TOO CLOSELY,2.0,66.0,2.0,2.0
02437c6e5befbb78e25b41353323629cbb91047b8ff52b07535d34eb5ac788d8f700c808d35ada8183939bd6effe643ee30e66d1b23f7c91cabaadd62cab3ac0,CLEAR,"DARKNESS, LIGHTED ROAD",DRY,"OPERATING VEHICLE IN ERRATIC, RECKLESS, CARELESS, NEGLIGENT OR AGGRESSIVE MANNER",2.0,37.5,1.0,1.0
02438859ce3ef6b07f7acf33884fba159595f0e79abc0c5be2bc48f1c2819f1b03989e056eedf744fdf505a6d50f9f654744daea6dbaccab0c86b5886f590aaa,RAIN,DAYLIGHT,WET,IMPROPER TURNING/NO SIGNAL,2.0,37.0,2.0,2.0
02438f08fd06b9bcf9044ad83e7156c8a5de63e6cd957187f441608406bdf97eedaf738f4979874441dc6aae4029a311b0cae994b492617c1b5353d673324cd3,CLEAR,DAYLIGHT,DRY,FOLLOWING TOO CLOSELY,2.0,35.0,3.0,3.0
0243aad6490adeef551fa226def81fb1ba09bfbe5db9953825897dd49b9718224b2ac765d9aa2fdf4805fddeb8facda5bda2fcbafcf8122f25d6966c432b8a00,CLEAR,DAYLIGHT,DRY,FOLLOWING TOO CLOSELY,2.0,37.5,3.0,3.0
0243d7c1af0e4dace336062bd812d22f70fedfbe7a528910e780bb4f35d61f22f3b0be5f54d37cc993cb16420c3eae6c291c5bfd65c1174cc9e7cdacde85d99f,CLEAR,DAYLIGHT,DRY,EQUIPMENT - VEHICLE CONDITION,2.0,22.0,1.0,1.0
0243df7b936df44db5cb5d02596f7d420def7028d1e1d854266234ccc80d5cfe8787a8fcf82b5ce676fb628b2926cdf5eca92ea66a5a8008333d1b9c48c575b2,CLEAR,DAYLIGHT,DRY,FOLLOWING TOO CLOSELY,2.0,31.0,2.0,2.0
0243e7db6622c9c72a765d21e42ab1ac11b069a607ebe69f2554dab6ea6791ca4d7a0f3e4539b49bfe31527cfd0970c798694347acd7740f1d74240ab2e8fc34,RAIN,DAYLIGHT,WET,DISTRACTION - FROM OUTSIDE VEHICLE,2.0,50.5,2.0,2.0
0244094f1ec448917db96dde8b344a3537ffbf427130f878bcb663e7ac61d4067f6e05e5965b0c7bf71e9d476a69e426bd7dc2986009b45b9d9c5eaefca96cc4,CLEAR,DAYLIGHT,DRY,IMPROPER LANE USAGE,1.0,38.0,2.0,2.0
02443c12e4d55634e9694aabb65b8f79c6fbf76f711f268f187a4041386077f3b450e4428a23c2c0b6180f203c0000d5b0727c751b78dd9b2e4685e3297ddde8,UNKNOWN,UNKNOWN,UNKNOWN,IMPROPER BACKING,2.0,64.5,2.0,2.0
024499ec5b4da9b2e1e01580b08781bca68d3b12cf30ae9d698bfa3c0a59a8e0fc035c64b94b9e6a879585d23ad77f8b5294dbdd4eaf1541e35341093660d249,CLEAR,DUSK,DRY,IMPROPER BACKING,2.0,60.0,1.0,1.0
0244e2ca3afcd75d63987dc2ad69a4f8e3714b99170398df93aa6dc3d423b276142e89ef35c15b8c420fd1ba0b85301e580dcf4e624879afe648e694126d11ac,CLEAR,"DARKNESS, LIGHTED ROAD",DRY,IMPROPER OVERTAKING/PASSING,2.0,33.0,2.0,2.0
0244fbcef7bd1f4991549a81522f5b0dd37cbee7212ecfa12bf5afa6968606ab7975ad1ad8993ca7c6b4133904d2058bb34e8df4449fc835a77c6cd14f2d14e4,CLEAR,DAYLIGHT,DRY,FOLLOWING TOO CLOSELY,2.0,37.5,2.0,2.0
02450a0171bb3a732a31ff4f26258b31bc1ff4be4ac807714beb2fd7cc1250959e7c51cd205b58b5914b40eb4d9a26a1ecb443d43b02c6ea8c03c3e76a08b549,CLEAR,DAYLIGHT,DRY,FOLLOWING TOO CLOSELY,2.0,45.5,2.0,2.0
02450f4c0d136788184da0f420de501b6bd3105f4899d5343006c5fd59eeed61bb473ce597260229a174134ea3003c968bbc46a51307ff61b2ca76101dca87f0,CLEAR,DAYLIGHT,DRY,IMPROPER OVERTAKING/PASSING,2.0,48.5,2.0,2.0
024528d978408aaf5e4237a4f0d261db2cf5976b0e3925a56a8eff1458213ca3e56c6c6cb8baafe18115a10617e16adba9e794b55121fd471b8053b9a07c4630,CLEAR,DAYLIGHT,DRY,FAILING TO YIELD RIGHT-OF-WAY,2.0,37.0,2.0,2.0
02452e3041c54125f5878cba608eb00d0c963b1e335e23b1faaade1f956a5621723435cc53f974e32e49eac27aeb52e4fe5fe9af2706d5267d63742f9b6186c0,CLEAR,DAYLIGHT,DRY,DISTRACTION - FROM INSIDE VEHICLE,2.0,52.5,3.0,3.0
02454a2b3ac5cbc5df60b35da36f500fd99ba08ac243c260488aee6e92a44cf2e55eca6b6998a1e6376e0b6e73d143de849ecff9e6fd22b5438d72fff6406365,CLEAR,DAYLIGHT,UNKNOWN,FAILING TO YIELD RIGHT-OF-WAY,3.0,38.0,3.0,3.0
0245a9d989361138be84dcc89010fdd34f96ca356e9310787211ea4ff72c298f3dcc4c9fbb2a8204d1365d3780cf820c802e9c5920fe4e1e8889b770f2b2f894,CLEAR,DAYLIGHT,DRY,FAILING TO YIELD RIGHT-OF-WAY,2.0,44.5,2.0,2.0
0245c57d1d65fbe6415e2b7303596c8f6805b31e90a3969f156076907c7a58c874a0e1a284380c1cdbc3e5f0018a2a81f8c453b86c7238b0be563cf9b8611eec,CLEAR,DAYLIGHT,DRY,DRIVING ON WRONG SIDE/WRONG WAY,2.0,33.5,2.0,2.0
024601330d7d89ea33cf83e0c2505eb00bc26274f52592060afcd4da81c7fa3f5df9fee4d399223c7bb373027f4036936e9dd5d4ce1fa948fe0edf9c9469621d,CLEAR,DAYLIGHT,DRY,FAILING TO REDUCE SPEED TO AVOID CRASH,2.0,55.0,2.0,2.0
02460331ab6b51fdc48cf90ad962dcf443baa239f38af7d7e0c555137fc0d2e6c96f7c80df45937ccb2a806ab66d1cd354f636ae7a156a3aefb61fdc8bfb1ce8,CLEAR,DAYLIGHT,DRY,DRIVING SKILLS/KNOWLEDGE/EXPERIENCE,2.0,37.5,1.0,1.0
0246265f6ab71486f5a23dcb4686072fe82abc8f5a298a0fef366ae21abeeee21156a293d1480c33b25027afb40d986b132a590efaa7d36ad5de50bb3cc9d782,CLEAR,DAYLIGHT,DRY,IMPROPER BACKING,2.0,28.25,4.0,4.0
024636f3716d8f2a0837e75cb35526a6d1c717cce63b988ceb0f831381ce8ef9d46b9ad3ce8a9ee4d69d78fa30dd63620b44c6f0148c0ed68e33568c0c165322,CLEAR,DAYLIGHT,DRY,FOLLOWING TOO CLOSELY,2.0,48.5,2.0,2.0
02463b5e19ef8c506f2e6ceb3c93e19946e0277d54f662bb359a1c1481c37a2f2352b21c350aeb4cfd8023103b7892a533fec58979d9b7eb2844f5085a41f2ae,CLEAR,"DARKNESS, LIGHTED ROAD",DRY,DRIVING SKILLS/KNOWLEDGE/EXPERIENCE,1.0,17.666666666666668,3.0,3.0
02465476575899ae48513bb0de5500603c882df037a10ab52f4ae00bef5630932054816cdfe3ddb25770c6642846c154d2200bbe090466c88a3269f801a24898,CLEAR,DAYLIGHT,DRY,FAILING TO YIELD RIGHT-OF-WAY,2.0,26.666666666666668,3.0,3.0
024659f775cba28fe0740d4c48ddcd8dbb6530528a8cfe7b07da1c0176864d7aeab878e478e81affddedb07baf5e593a97ecb833e6f28a1b863908f83f4318e2,CLEAR,"DARKNESS, LIGHTED ROAD",DRY,DISREGARDING TRAFFIC SIGNALS,2.0,24.5,2.0,2.0
0246727855c0279ba3bbddc7f9fa4d6dc57ef55f02654d75dc74cdfbed0b79c3040a89a4f9bfdb1f7707ca21a43626b555de18f12bd6225027e68f60770b49cb,UNKNOWN,UNKNOWN,UNKNOWN,EXCEEDING AUTHORIZED SPEED LIMIT,2.0,67.0,2.0,2.0
0246b1781fdfb50c8639395c2081ca8996e2cbad7aff5eecd8d9f60c71712f17856391b2398fecb8aacc42d2fd8dcdabb0fb181a56c4f554e464527ed8bffdc8,CLEAR,DARKNESS,DRY,FAILING TO REDUCE SPEED TO AVOID CRASH,1.0,33.0,1.0,1.0
0246b64e2d209df667e508e4cb2f5bc34f9cd7682f8735b227e6c20b34913d4f10cd4f71a522ecbb216003d48642fc2d5960c0099d118498eff088aaa6346495,CLEAR,DAWN,DRY,FOLLOWING TOO CLOSELY,2.0,47.0,2.0,2.0
0246df20d4323c173097dfa08e7cd96c7e1c8c387ba8219691c4fa88510726e49c647699c6fd82dd5cb5a53bf0837537f25356e314ced8b88cd5ff221bb442ec,CLOUDY/OVERCAST,DAYLIGHT,UNKNOWN,FOLLOWING TOO CLOSELY,2.0,44.5,2.0,2.0
0247029d32b1666b60b0da417e45103a9413b7c430877fe8a1e7fc3018d580ad585b6b7704a33798ac7a75958a3892235fba37341f35a5f2f6898cd028d8565b,CLEAR,"DARKNESS, LIGHTED ROAD",DRY,FAILING TO YIELD RIGHT-OF-WAY,2.0,28.0,2.0,2.0
0247e48ce413a0050b5591bb3bae87dddbdb25e6eda886a5df82cfd9cdb0a248f092c9bb001bda49fb34b0efddcd5d536509c18d08c648ba5dce5b9148af2af8,CLEAR,"DARKNESS, LIGHTED ROAD",DRY,IMPROPER OVERTAKING/PASSING,2.0,45.0,2.0,2.0
0247ef3b492bbb16b9225dffb9f580c169b1d63e2479614c6c984456f1e7adca8485c27f75786a9d89ca8fba3b2cd0b358f23ebfe6e2b7291a96f6e2be73ac9c,UNKNOWN,DAYLIGHT,UNKNOWN,IMPROPER LANE USAGE,2.0,37.5,1.0,1.0
024800dcfec4685a1a5fd6afb059064124b3d32bcb829012eed46997e2b19cd1bef04ae5752065ff74ebdc5e1974137b7baf824a155cbd14594be9eb0c7f2638,CLEAR,DAWN,DRY,FAILING TO REDUCE SPEED TO AVOID CRASH,1.0,43.0,1.0,1.0
0248209cbed29dbf0f7d5e7d03c1f29ada624cc8802543fe71ba1f9761af819916769d15f8de29b650c1e5b55cce33a381f7aaa51423eeef2c335e9d93eb90dc,CLEAR,DAWN,DRY,FAILING TO YIELD RIGHT-OF-WAY,2.0,43.666666666666664,3.0,3.0
024887266a3286739557b0d5a4a9b4e6e9ad5f143c496cd0dbb64ea19eb31a34209a06d637eced09ff66becf5f0872ccce83fe528b63afea40d52dfbcaecef73,CLEAR,UNKNOWN,DRY,"OPERATING VEHICLE IN ERRATIC, RECKLESS, CARELESS, NEGLIGENT OR AGGRESSIVE MANNER",2.0,37.5,1.0,1.0
024896955bb49f061d2a764749d7c7ef61d7c17fa1a2441c4171fc9e085fbe12b17549ec87844d6e7b9fc8901269f4d5534113c49da4e63a9ba39ec226210b1a,CLEAR,DAYLIGHT,DRY,FAILING TO YIELD RIGHT-OF-WAY,2.0,31.285714285714285,8.0,8.0
02489762573a1cc77d01a508f9291e48c33bb0338e5ea42109070490d14e61c5181142e1a712d65dc9841e8fe461e296edd50a87247afc6deb4e35fe3383e415,CLEAR,DAYLIGHT,DRY,FAILING TO YIELD RIGHT-OF-WAY,2.0,53.0,2.0,2.0
0248c8c55153bc2b33e181b337173005b3be52a2a35b331d25121cf11318be50aeea237317e5627aaa504967bcd75110e2f85eeefc205cfb5e4d831ea8c4dfd6,CLEAR,DAYLIGHT,DRY,FAILING TO YIELD RIGHT-OF-WAY,2.0,34.0,3.0,3.0
0248cbddd4e4cbba463eb6be955494ca6dbc7f71f5679eab42cb582c8df14f010bda84a824157307033a23e64598716f63af2c9ee317aebadcbc4858c34091d1,CLEAR,DAYLIGHT,DRY,FOLLOWING TOO CLOSELY,2.0,53.0,2.0,2.0
024903caf2b82404b2fd0790738da21e035d87962ff37d8934c068bdcbb9c782095aa72ca11596135eada82cc4546ff9118decac027a3bb3a5c4939c3e307287,CLEAR,"DARKNESS, LIGHTED ROAD",DRY,IMPROPER LANE USAGE,2.0,37.5,1.0,1.0
02492bd4cf8d7951d4d511fc56ef6c45f60a85acd6230f813f680683a640601c1216f3ac3093d0933b237b9cfe0b0784d8b4e0e10388426518fa0221edf71de9,SLEET/HAIL,DARKNESS,WET,EQUIPMENT - VEHICLE CONDITION,2.0,53.5,2.0,2.0
024981dd534a52ba614f8eb418f0a84a3447c93ab5bc4b6c52e9a8c0539a943aee0387ab0d9082b88e4d9b6d4405feca872b3c65a42a3043c75c80d178e9610b,CLEAR,"DARKNESS, LIGHTED ROAD",DRY,FOLLOWING TOO CLOSELY,2.0,55.0,2.0,2.0
024999813246af9ac4d0bac7ec7015faf49a588e29ab7cf782600195650fc08a7d66ef0472cfd57bbfcbc6bad761f51d67dfbefbe85a1261058e620eecbb267d,CLEAR,DUSK,DRY,FAILING TO YIELD RIGHT-OF-WAY,1.0,26.0,2.0,2.0
0249c372ade617d0feced3236552efa65b6fe491955c87b281d17a37cdac96487edd550a563c052f4ccf3cb949b280f3d91da86828abf75a16485340ee1d96b2,CLEAR,DAYLIGHT,DRY,DISREGARDING TRAFFIC SIGNALS,2.0,27.0,2.0,2.0
0249e34d664f177ddab5a228010581dbe323a9b77f64466d41a1b074e71795e47c7f7a849b8008ab65613ddfe67829a03ab349833310c2491ff9405a675216c9,CLEAR,"DARKNESS, LIGHTED ROAD",DRY,DISREGARDING STOP SIGN,2.0,33.0,5.0,5.0
024a1e5571ddfa958a392b036db80cf71c455cfd4e277821cb9ed26ba4f5c553789116c7d71cc8affd3a9c60a4227f92e5cc1ed508ace5fe9ef703ca73edc709,CLEAR,DAYLIGHT,DRY,FAILING TO YIELD RIGHT-OF-WAY,2.0,64.0,2.0,2.0
024a32f7215281ca67540ac69ea49ed03daeec5381a9673fe15d8d846fb6dad35ad8f8b391a7a21885f1a04b6872710ff612acfe62ca335cd0f36d67affb2922,CLEAR,DAYLIGHT,DRY,FAILING TO REDUCE SPEED TO AVOID CRASH,2.0,37.5,1.0,1.0
024a4ee63f0503bb69e71aa697938269e454007a403cc20d339e458ae9542c885ab4ec6bc3dc325f908c6be7f201910e98bcbf015309dcad6272c6b749f88d1b,CLEAR,"DARKNESS, LIGHTED ROAD",DRY,DISREGARDING ROAD MARKINGS,2.0,51.0,2.0,2.0
024aa7c9f2eeade67e1773754de923359f3830eab9cdaad52bed49c5b0641695303831cca7c0ada2bd7a6f909baaeb86b063899db916d7291d31126027559399,CLEAR,"DARKNESS, LIGHTED ROAD",DRY,FAILING TO YIELD RIGHT-OF-WAY,2.0,22.333333333333332,3.0,3.0
024aae442dbd48ea7bc9464d7dc5c67657ec59d4a48f0ce5179999253c871d7ef59fbafea36b55bea12deae66a7ace7f0734137702e5bb170f7671f526ccc470,CLEAR,DAYLIGHT,DRY,IMPROPER BACKING,2.0,37.5,1.0,1.0
024abb778f678b4d47cec6acfd4d523e6a09763d7760dbb245329280ecd2153dc4898e03ca4bfe21a789a8ad247ffc1994855a26873ec761edacb08af8e8084b,CLEAR,"DARKNESS, LIGHTED ROAD",DRY,DISREGARDING TRAFFIC SIGNALS,2.0,51.5,2.0,2.0
024ad6c17c78329de0879a73f3221199875c7372bb8cdd5841b582a04744fc29c2ee45a353f93cae29c811a336b66355fc74fba74cff42ce29ffbe15d5d831eb,CLEAR,DAYLIGHT,DRY,FAILING TO YIELD RIGHT-OF-WAY,2.0,31.0,2.0,2.0
024adccac1ab9ea2bbf5a7c26ee0a9bc4ae8edb8551081a5052415820c8bf4d1af815dd45566b20ef235d545454e28fe3521d2b6b745f7eff814526c693c767f,CLEAR,DAYLIGHT,DRY,IMPROPER TURNING/NO SIGNAL,2.0,17.5,4.0,4.0
024af1c71f5b42c62042d9b8525c7ce1023408751a139305e12fe4b00365b14134a9892ebbbabc3463a19165743b321f6d672e7fac0a0a63929790f1c312abba,CLEAR,DARKNESS,DRY,"OPERATING VEHICLE IN ERRATIC, RECKLESS, CARELESS, NEGLIGENT OR AGGRESSIVE MANNER",3.0,37.5,1.0,1.0
024af22721e89c393e857c26ca04e33bf1219375a1a55e8aaa01a289dce59fdeb54ae6b97ddeafec7f2faad9c483c76446a793968faec9f2f9128147b4b94af0,SNOW,"DARKNESS, LIGHTED ROAD",SNOW OR SLUSH,WEATHER,1.0,37.5,1.0,1.0
024b15d0b4b8ab137378b068ad32279edfc985d6a24ff16ca7282aa9d38d209f7cbd7a5712bf7867ee9e318d57caba604a106b4542a255b42b60bfb5f9065a8a,CLEAR,"DARKNESS, LIGHTED ROAD",DRY,IMPROPER BACKING,2.0,27.0,1.0,1.0
024b1aa46b2f9e843dc0f122830398b40baa00fc60a9cf1f0a9bf147221026468de5a220b90b59448da99a32f7da31cd592398ce56291e698abd3918fac46f10,CLEAR,DARKNESS,DRY,IMPROPER TURNING/NO SIGNAL,2.0,19.333333333333332,3.0,3.0
024b252ed90e8afc578ffdff18341461b00237feb4d2c3993d02bf1ddc975c1b39d879cf438c9c764198c6f1dc3672c582a2f914965118aef0d4ab9f3a2f0bbe,CLEAR,DAYLIGHT,DRY,FAILING TO YIELD RIGHT-OF-WAY,2.0,36.5,2.0,2.0
024b4b6c7b28d3a37baeb865f11c7f12d10050af6883efbedc08952f9c1d0a641298d33a9f0720e08e79641d01401a5a1c57214c39e4ae25d40ed203d16b9b61,CLEAR,DAYLIGHT,DRY,FOLLOWING TOO CLOSELY,2.0,65.0,1.0,1.0
024b6fbd09f8159e2a6ce740f40e7811f2dad23fa10eb129144695a648fcd4b16235e1020220169142aa9768e5ec43996c97a5ac101a30408a0d2373fef4b62b,CLEAR,DAYLIGHT,DRY,FAILING TO YIELD RIGHT-OF-WAY,2.0,22.5,2.0,2.0
024b8e32f6a913e9eaeedab6bfdf3b93446af40f1123d202449c70b036d2226228c09ee04a49b7323b237d4fd249c56d6f2ceffa8a2aa4e67e17a8536a7864e0,CLOUDY/OVERCAST,DAYLIGHT,WET,FOLLOWING TOO CLOSELY,3.0,39.0,3.0,3.0
024bb75994ab65b485288f74a26cf2b13f3bddb63592e1949e2bd651df0090dad9599acbdb1a562f3eaa3f26295d2f58f769b3cf7ef15d89c78b2200a20ef1d1,CLEAR,DAYLIGHT,DRY,DISREGARDING TRAFFIC SIGNALS,2.0,35.5,4.0,4.0
024bb8d01d9a8bf3a6268800972656ee5ae0b42e1d5c7bbf958f6f53044bfb46dff0718b9b49fd96fddb4a7c54000af94e4e0215eee89365bb59a5d3586134b0,CLEAR,DAYLIGHT,UNKNOWN,FOLLOWING TOO CLOSELY,2.0,55.0,2.0,2.0
024bb8d8a68d335abd220f1092dccfc73593a936b2428260609cf3d78d12286348b2487ffd1e6ea446d131f5a3a1b442327de9be4f3b133921b9cfde51b152b0,CLOUDY/OVERCAST,DAYLIGHT,WET,"EVASIVE ACTION DUE TO ANIMAL, OBJECT, NONMOTORIST",2.0,57.0,1.0,1.0
024be4a2dbbae1eef249ee4195053a5f0e326693961991bb1657a2e8be9f6a73519ac5a97714553d88e67dfa07fe282205f82fe72cee6caf83544e89b7c973f9,CLEAR,DAYLIGHT,DRY,FAILING TO YIELD RIGHT-OF-WAY,2.0,41.0,2.0,2.0
024bfdcd29f1c6cf82f77f50dc15b0039add0fafa0af3242eadbcff0998afb2b15910df6c5abccb7f7686810dc652b11c57fdcebec09c1b2183b6235cd3b7eb9,CLEAR,DAYLIGHT,DRY,"OPERATING VEHICLE IN ERRATIC, RECKLESS, CARELESS, NEGLIGENT OR AGGRESSIVE MANNER",2.0,23.0,2.0,2.0
024bfee42552aa35b0fae6e9848aa302be3b85a814e31577fa6acfb1e82edb802eb7e222c0add1694c33d6a57af41217c0f917685305e19d26d49a5c8e93fbc2,CLEAR,DAYLIGHT,DRY,DRIVING SKILLS/KNOWLEDGE/EXPERIENCE,2.0,37.5,1.0,1.0
024c681fdf3da460005248ad45194a36341b0913609500d23ec610f326c7c6652436a8c3c16474abfd600f2ff2cb83f37ba69cc1d41f49012cf085543c611d62,CLEAR,DAYLIGHT,DRY,IMPROPER BACKING,2.0,37.5,3.0,3.0
024c7c92c036e4c77904e291a3ffa30f1d90fb3262d22aaa8ee09d3b562811ee1f0655c6a23b68599c19ca5e54973c26f65847a095e9a2d62a80a081f7db8ba0,RAIN,"DARKNESS, LIGHTED ROAD",WET,DRIVING SKILLS/KNOWLEDGE/EXPERIENCE,2.0,54.0,1.0,1.0
024c90f0df169e57906644d012028d21e348acb42b817756167eab416234082ec4c975b97033476df3edaac366675f8c827bed834999f6990e9910c43bda5e8b,CLEAR,DAYLIGHT,DRY,FAILING TO YIELD RIGHT-OF-WAY,2.0,53.25,4.0,4.0
024ca68e873ae9ff0da5175baa4ae2453899ed965556763924139a7826e0bffc1a67b81fb50dd47e6b32a9bf62c42f8fb979a4dcb6e07759d48228bcc059efbf,CLEAR,DAYLIGHT,DRY,FAILING TO YIELD RIGHT-OF-WAY,2.0,41.5,2.0,2.0
024cb9faeaba3151d55b86f4438431569e8ce93c738b564e488d15a7aea90bca6317019be2a54e24a90a4d6c714af04e503b91b3983de8acf7d955e9a9cc67ad,CLEAR,"DARKNESS, LIGHTED ROAD",DRY,FOLLOWING TOO CLOSELY,2.0,44.0,2.0,2.0
024cf2fd782c1da4897ed0db1182788760408ee92b6cf610fa364733822c141ec6c74d4b8481f8310060436e4652249c889b0b72f9ebda591f8d3699a8172f25,CLEAR,DAYLIGHT,DRY,FAILING TO YIELD RIGHT-OF-WAY,2.0,74.0,2.0,2.0
024d05c4e4978b3d83e1900db40dea70e672bb743aa04176b3540c9c004049cfc08b89cc39271159f9eb5f6dbc20cef51128b0c2ad0d91b420a36e56afff85a8,SNOW,DAWN,WET,"OPERATING VEHICLE IN ERRATIC, RECKLESS, CARELESS, NEGLIGENT OR AGGRESSIVE MANNER",1.0,51.0,2.0,2.0
024d0ee31734b6e3b0b87b725d10f948aed2535ff74e72a58eee033b51e8e096860e1e3ac429e737e4bb747a56f0a3537ac1985aa1ecccebd675099633ef2621,CLEAR,DAYLIGHT,DRY,FAILING TO YIELD RIGHT-OF-WAY,2.0,40.5,2.0,2.0
024d2aa90585ace168043a1a19ba069a7a6ec1ce805c2d96e2a88ae9d91e5f8f2371a43cf6a8b844d7685a9b3301b8776fd5b44568ea0b095853649c7698b266,UNKNOWN,"DARKNESS, LIGHTED ROAD",UNKNOWN,FAILING TO YIELD RIGHT-OF-WAY,2.0,37.0,2.0,2.0
024d44230635c930de9291d71053b32f540cff8adca5b2a9790b0487d989522a90abc17de7500a755510a117200f963abc84b9ecd558eaaf81708d87eb1a8942,CLEAR,DARKNESS,DRY,FAILING TO YIELD RIGHT-OF-WAY,1.0,45.0,2.0,2.0
024d7c4f6c78527cc9b9b772ab12ac80a1cd0b6540edfcd158aeb34723cabccf4927cb768d52d84987f24fbc4d734fd0465fd63b6e7d68a8c37ea4c6962a8cad,CLEAR,"DARKNESS, LIGHTED ROAD",DRY,FAILING TO YIELD RIGHT-OF-WAY,2.0,17.5,3.0,3.0
024d7db8788efed9627835996d60f70e26f30295fd1e0b545475537a8d374b5a590670508ef067a07a84a7290612298aed7044f18b9ade47c41eb0b5c50ab456,CLOUDY/OVERCAST,DAYLIGHT,DRY,FOLLOWING TOO CLOSELY,2.0,51.5,2.0,2.0
024da33f5a05abb26826573225f73577b50c6e92e297d95164e426222c52d3928c02fe1b4b4540e1a53c89f7439bde24b2632d19e7ccbd0b1da89860fa1b83e1,CLEAR,DARKNESS,DRY,EQUIPMENT - VEHICLE CONDITION,3.0,24.2,5.0,5.0
024db48c943e762219ec3fb0518853764908062bf89ffa94ae6f91d4561a664500786cc7fc8a1ce20f560e4e042f0dbd0db82c62071b3daeb0bddfae07e58074,CLEAR,DARKNESS,DRY,"DISTRACTION - OTHER ELECTRONIC DEVICE (NAVIGATION DEVICE, DVD PLAYER, ETC.)",3.0,32.333333333333336,3.0,3.0
024dbe25d7c6f71afd12a3cbfcad3a731408b5e3973215c8db7369b6d4392a362b26e7045a1f4d7429ce2b6ce94542442ecc508f27719b4fc94deadb10cb3b42,RAIN,DAWN,WET,FAILING TO YIELD RIGHT-OF-WAY,2.0,40.5,2.0,2.0
024ddacc2bbdbe5b461db71549b26f233ab0ac232859458b98d38003120a9e4bd9805d89209fa9d17ba4656f284a037093aba558116c9f7193f99a6f314c8f0d,CLEAR,DAYLIGHT,DRY,DISREGARDING TRAFFIC SIGNALS,1.0,43.0,2.0,2.0
024de82efad715b67703f7806e12e54af5021a1743cd0fe3d49f08b3d4dbedc5a8f9b48b3b93ca7cb73a0d60868e4a89c1ca552941b35751224870dcf09c6e26,CLEAR,"DARKNESS, LIGHTED ROAD",DRY,FOLLOWING TOO CLOSELY,2.0,57.666666666666664,3.0,3.0
024deacfc3ddf8d96a9843e0cc90d93e76038f10fbf775546577ca06397de2412b188793fa1caa8edd7eb07d08288d6c8bcca7b76017938ae1e7e6382666b239,CLEAR,DAYLIGHT,DRY,IMPROPER OVERTAKING/PASSING,2.0,49.0,2.0,2.0
024df9836577f8526b4f26553b64d58ec424c64833380e74059e4a52bd2d6ed8a5ac39f8128a5a2f604eb402f2da8f7f3e406498891660abf5f8e8275bc6a10f,CLEAR,"DARKNESS, LIGHTED ROAD",DRY,IMPROPER LANE USAGE,2.0,37.5,1.0,1.0
024e115fce14f4b2f83a809b766b5a986cf5e9da10d2f07d49d45d0ef38b86d524d91270424b2c18929ca0c4281cc5be1f8d79c360ea69eda00a2ab41359d675,CLEAR,DAYLIGHT,DRY,FOLLOWING TOO CLOSELY,2.0,41.0,2.0,2.0
024e2703e4bdaa451eecbfb5f368e59009eb3a748dbe7a20798b61e4bea033099413994e9c38557b2373afc88ba1ece2b1934c65679872f4b6e55ed084db41c0,CLEAR,DARKNESS,DRY,FAILING TO YIELD RIGHT-OF-WAY,2.0,31.333333333333332,5.0,5.0
024e5429bd819c7cd925067b5e98982d21ad886ef1a7dacc59842042a3a480476eb07e1965c45f77d3faeea568272bab0bfdab9acc560b972ca41634b0f38abd,CLEAR,"DARKNESS, LIGHTED ROAD",DRY,FAILING TO REDUCE SPEED TO AVOID CRASH,1.0,26.0,1.0,1.0
024e5476d8f892cab5e1ca5570aae7ade1480325cef0a8f5002f560cee96f86f4e9169340d46704b379f6692ea769cab46a77dab7692df7bade7bc5af7bdcf93,CLEAR,DAYLIGHT,DRY,FAILING TO YIELD RIGHT-OF-WAY,2.0,33.0,2.0,2.0
024e68d0b1d77eb62b4b9c08bf55725e240cce6d195ad1a0ffa8ca21348274f391faed38d0a579bc15526edb72b299e7c846bd323791fffd8b4ac588e90b0b15,CLEAR,DAWN,DRY,FOLLOWING TOO CLOSELY,2.0,30.666666666666668,3.0,3.0