crash_record_id,weather_condition,lighting_condition,roadway_surface_cond,prim_contributory_cause,total_vehicles,avg_driver_age,total_people,total_injured
024e6e0bce800285d1a9708dc44dcb232588eae7a40e20aea284065887ca7cc24b1d97729635e7939af57dd2511d9a2598593fb9a0c64aac05784c642706a538,CLEAR,"DARKNESS, LIGHTED ROAD",DRY,FAILING TO REDUCE SPEED TO AVOID CRASH,3.0,42.5,3.0,3.0
024e8cb3149da3015101da1817f3d25bf3df1cd69460e85fb6e0ad68494526b382b65661c53db3e56ee593c2188a1a4ef0984d85033dcbc65a30389f7b8f9e4c,SNOW,DAYLIGHT,SNOW OR SLUSH,IMPROPER OVERTAKING/PASSING,2.0,37.5,1.0,1.0
024e94fef9036968a420dd0a48baf68a30a3f6935a20a43a5347731aeb89b2d75678ba0d562b3d60c37b2f34e74073b4531ee9aa7a42ad88bd9fb403012aec12,CLEAR,DAYLIGHT,DRY,FOLLOWING TOO CLOSELY,2.0,51.0,2.0,2.0
024eaa82adcd2b24653507859c8b70ffedb29e66b31a6d84bd1a03b547aafd3f09bc3cf0d2454489a65cc4e83d8ac5a177f3d730357b57819e9b388f3cd1346c,CLEAR,"DARKNESS, LIGHTED ROAD",DRY,IMPROPER OVERTAKING/PASSING,2.0,32.0,2.0,2.0
024f34d674ae19281effb40fc56084d4e41520194b78533feb02f45517e34e19529215208bf36f1827c6830b6f43eb3d7e8319b9778276bfca656126eb9b6f11,CLEAR,DAYLIGHT,DRY,"OPERATING VEHICLE IN ERRATIC, RECKLESS, CARELESS, NEGLIGENT OR AGGRESSIVE MANNER",2.0,30.0,3.0,3.0
024f4bece03c0e45dcbeb2bde50eae81007841500037afad9451da63dd709e718166a5337e549557fe87889af813bc6ab9bc87a18da051cd501b386a47d6bdca,CLEAR,DAYLIGHT,DRY,FOLLOWING TOO CLOSELY,2.0,47.0,2.0,2.0
024f56a1c1e545aabf8e6afb128d89d655ec2b96c7c41c6f19b43cc3f2a25233d27a1e92dfe21bb0f5ab8db02e549ef01fc31d44f98d91ef9f22b5134a01e60a,CLEAR,DAYLIGHT,DRY,"VISION OBSCURED (SIGNS, TREE LIMBS, BUILDINGS, ETC.)",1.0,42.5,2.0,2.0
024f574329738f1ccd6573cc7f0240de3fb0001df8a179e96c3db87179aca22f6330468349e3c9a0e8c533d0709b35aca406b7f57f9edee7445be78dffb6fb42,SNOW,DAYLIGHT,SNOW OR SLUSH,EXCEEDING SAFE SPEED FOR CONDITIONS,2.0,25.5,2.0,2.0
024f643458f6b3d882237fe8460376163c0444f392171aa076153a2570b001fa88f29fa77c4502e5e7fc0e044d6284146008e6020f360078f72d6877e0db4087,CLEAR,DARKNESS,DRY,"OPERATING VEHICLE IN ERRATIC, RECKLESS, CARELESS, NEGLIGENT OR AGGRESSIVE MANNER",2.0,32.5,2.0,2.0
024facec6cb63268ffffb96c7193b15276771ec6cc5b6a7449b6219427b60fdb8b03040e9f9982640e11378d8dee7c5bc5973f1371bb6d968be94c0717b304ba,CLEAR,"DARKNESS, LIGHTED ROAD",DRY,IMPROPER LANE USAGE,2.0,28.0,2.0,2.0
024fb8fffb4a9ab4cd57416b6d847a9a4ea8848cb9790c8c9100472df982ac05b3a96b3856db23c8b45023e0c1f9168614b2c4e242effd7b5433c5231626dac3,CLEAR,DAYLIGHT,DRY,FAILING TO YIELD RIGHT-OF-WAY,2.0,59.5,2.0,2.0
024fb9e91167a7bd197150e5fdb5bc4add082836d3a7b5c5e204ae535145e9aee603ab8737be1fbe4d811e5329dc3a0b195c3d546e43d8365aea6777b16cb43a,CLEAR,DAYLIGHT,DRY,DRIVING ON WRONG SIDE/WRONG WAY,2.0,22.0,7.0,7.0
024fbea1452380f5358ea0763e17cf7b20c4f56f5d6b37fa8774efc71ca76328bbaa56439db93dcc7daeba07479d8e8120a15bb3e8e7b88de71f5b91f47ad3cc,CLEAR,"DARKNESS, LIGHTED ROAD",DRY,FAILING TO REDUCE SPEED TO AVOID CRASH,2.0,23.0,2.0,2.0
024fbee1de9afa4907cef9a65a354b73ef49df4e469705842ed819d1ef66e4bfb1952b329c1f25e1b59b895036b13db9c4c7789dabef2e0e36763cc2bff8f245,CLEAR,DAYLIGHT,DRY,FAILING TO YIELD RIGHT-OF-WAY,2.0,44.0,2.0,2.0
024fda40a87c0513c7971b53a2c2757906f920be3f71b8c0904f771f69df7f0a724cd205b054a98bb700e51d94f497a6e8b67672e922114f1ef7ae3e33dff9b9,CLEAR,DAYLIGHT,DRY,FAILING TO YIELD RIGHT-OF-WAY,2.0,19.0,2.0,2.0
024fe2f3ed0e4776441062148c0eef6a6a8c8d20359706d8dfc31d4598a2784bf301a25ec95a4858ef7a05454c8c27b8ed5c16a9d8b96bddf1225508fbc81212,CLEAR,DAYLIGHT,DRY,DRIVING SKILLS/KNOWLEDGE/EXPERIENCE,2.0,82.5,2.0,2.0
025011f09c0a9b2a79e81deba1ae34f14cff284b95fca9432bdb927a521febbb1e1cf4abd9a5e9a1f2f2d226b7a1d20bcb68ec708ebbee6c4d84ef24fa756e15,CLEAR,DAYLIGHT,DRY,FOLLOWING TOO CLOSELY,2.0,39.5,2.0,2.0
02508372695b38483f16f96385f7cc439ef4f4f59a1386efb106e2908510b7df7b2e8257e554717b98dbe7aba606a2fdcad0eaed68ca224ad9a92fb56252f142,CLEAR,"DARKNESS, LIGHTED ROAD",DRY,DISREGARDING TRAFFIC SIGNALS,2.0,32.666666666666664,4.0,4.0
0250ac05677dd265a55bc332c528adcdd682078b7516e1566eb2dc2353c2c5e99a79922f013455c28c14bc0a4503a6e24b45b4104593f0986eeb57cdb73632b4,CLEAR,"DARKNESS, LIGHTED ROAD",DRY,CELL PHONE USE OTHER THAN TEXTING,3.0,43.0,1.0,1.0
0250fd745d93a227e1ce0634ec8e4e5eb7db589352533e994dbf0fda252f32c265244b328283951a95274291ddff8e9419121876504cca09ffd184f3f53d74bb,CLEAR,"DARKNESS, LIGHTED ROAD",DRY,DISREGARDING TRAFFIC SIGNALS,3.0,34.333333333333336,4.0,4.0
025154c55d7fb7f0fc3bf6e37bf8466dcce7fe570fd07ff7273c67117c191d550c2960fadc86cbcab90f699e3ba08c9af1cfe084263ea08c7c3289262f84a38c,CLEAR,DAYLIGHT,WET,FOLLOWING TOO CLOSELY,2.0,33.5,2.0,2.0
0251614cf9c6142fd9a07da22217ef551562ebd2bcd196e0345f8fae90e241f5f213586441f63dc8c1e9534c0375689d9d32c174e28c79c550e7661d21d96e25,CLEAR,"DARKNESS, LIGHTED ROAD",DRY,UNDER THE INFLUENCE OF ALCOHOL/DRUGS (USE WHEN ARREST IS EFFECTED),4.0,27.0,1.0,1.0
0251b45b26e8a6a50e496e5cc31e4eb6a4c5ef64e4e08c9ba66a8606ffd5e6f32bf6484f477b0b1fd2978ed78cda7891578ee59a80f2b35fc16dda2037bd90ef,CLEAR,DAYLIGHT,DRY,FAILING TO YIELD RIGHT-OF-WAY,2.0,35.5,2.0,2.0
0251b47505d041207c3bf750d32b884500eebb44cbb318bebfc55c6994ca0af29e3f0be3fc37a5f879548d88e0e92683fdc3bbe201ddd9a6230472ed00091a72,SNOW,"DARKNESS, LIGHTED ROAD",WET,FAILING TO REDUCE SPEED TO AVOID CRASH,2.0,57.0,2.0,2.0
0251f4e544fd5b4e51b142d408fdd3d3a4b2ef501b11e585813edf6d5b9a65208798c075b8cac0afaf34859a259890b09b866a4b8be6bf96a1ad60e3bef8e34f,UNKNOWN,"DARKNESS, LIGHTED ROAD",UNKNOWN,"VISION OBSCURED (SIGNS, TREE LIMBS, BUILDINGS, ETC.)",2.0,25.0,2.0,2.0
025215121f4664355865f03edafa6287101fc42821375285d4b3beca3adffa96dff3713e6ff6955f3c81d33669dca0dc5b713e8782657984b3f1b12df7407f61,CLEAR,DAYLIGHT,DRY,IMPROPER BACKING,2.0,45.0,2.0,2.0
0252319288bd547a2fba99e62e61f0dd25e45e71022a0b83ee6a726284d3ebfdaaa71f21b29e26a52ef93d947598893b340f00185f40020f788af5f4160f73ed,CLEAR,DAYLIGHT,DRY,FOLLOWING TOO CLOSELY,2.0,31.5,2.0,2.0
025260781b469a1e657fd2c55e58b32d3d12db4c838bfa92d0c02a482064bc2b474d92d32be88355171ff794bd72c5a3744befa3131150dbdc91c9e22dc8650b,CLEAR,DAYLIGHT,DRY,IMPROPER BACKING,2.0,61.0,1.0,1.0
025294309779a232a23e7266a8c78fa241e53dbfc467f4a253681a804645cb26d9505eacec1e9deeeb7520951b25902aa83b4c6d2cf5862d15120de71b54ce74,CLEAR,DAYLIGHT,DRY,DISREGARDING STOP SIGN,2.0,58.666666666666664,4.0,4.0
0252d0acbb1aa8a22c32164859f690afc0d4247857fee5ed6aef47494a48b615566abe8c202f4e9cb9a918a6dd7bd5e2d7e4e671ea93f4d21bd7e82ad2b84510,CLEAR,DAYLIGHT,WET,FOLLOWING TOO CLOSELY,2.0,46.0,2.0,2.0
0252d6606db9cfdcc4c89e0f3c4c73d8e5898b79b12e19abe7be1882bc402ce379f091dffc6813d1bd13b593539d0d62ba6267949446ef3e4954e21e5c923450,RAIN,"DARKNESS, LIGHTED ROAD",WET,FAILING TO YIELD RIGHT-OF-WAY,1.0,55.0,2.0,2.0
0252f7eb6f8db0366a8d2e4cb6339c01bb5d0dcc33bd7cf8b8fc83187fb412207a98fd29d415a2e2e1635e0608c330801c31ea8d68c04f22b9d0a8f3369f5d70,CLEAR,"DARKNESS, LIGHTED ROAD",DRY,FAILING TO REDUCE SPEED TO AVOID CRASH,3.0,26.5,2.0,2.0
02532db73cf9d66c32cef858db5f1655adfefdebe4084f6aff2e2b58afb219d0abfd360d6a3f7fcf406eace5a2f4a9bbad9153dda13cdd5e9b82d2cc960fd708,CLEAR,DAYLIGHT,DRY,DISREGARDING TRAFFIC SIGNALS,3.0,45.0,3.0,3.0
02534f1b34b96ad53da5ce9d8eb86dc28833162391b920cc4e46feccf1568fc008d0f4ea52bcc8827574cf8012836d980efcd88bb7bef7ed0ddd3b8be653fc51,CLEAR,"DARKNESS, LIGHTED ROAD",DRY,DISREGARDING TRAFFIC SIGNALS,2.0,37.0,2.0,2.0
0253596363d5d25524ffe70569f83b858537ada9c261a13fab7f1c2dd968087ed0c485b2629691212f7d419d21b506f1c63dd718d9473b679ed21e2e3109fd72,RAIN,DAWN,WET,FAILING TO YIELD RIGHT-OF-WAY,1.0,21.5,2.0,2.0
02539a9c7a5770f923599a466e63b52f0252c37729e277a11c61d5038f2438c449d06da7a8a1c063084154c74403c333f220cb9225fa71f6d535e54d6bedd7e1,CLEAR,DAYLIGHT,DRY,IMPROPER LANE USAGE,1.0,29.5,2.0,2.0
0253a77f1205bb8b090b95f0d7a218e517968d02991fab9ef4fd3abd949452240bbd6a0348fd3e5b86dcf7c61ad341c60d4a6830806c7237e58327fa60d7ce41,OTHER,DARKNESS,DRY,EQUIPMENT - VEHICLE CONDITION,1.0,58.0,1.0,1.0
0253affa2d85593c873e67e99b4729867793173aad5c755948eed7e61d4b444a1ff3b34458718a79756e45ab0087f4731f47e4266018938ef4b93186f07e43a8,CLEAR,DARKNESS,DRY,FAILING TO REDUCE SPEED TO AVOID CRASH,2.0,28.0,3.0,3.0
0253bf6d9ac42cb94418ba084f511960062e2fd870775acea38070a74b0cde541070fd65a1fa3823bfa0d61aa6595b50148c4643fa94f4e451eebb773d42ef57,SNOW,DARKNESS,UNKNOWN,FAILING TO YIELD RIGHT-OF-WAY,2.0,37.5,1.0,1.0
0253d483d67c2420761138b067a188a66e6db33e8cf66714ca59ed75bbe1a84ba6cd674c3fab52a1d568f530b3431ee3b65c9a0c109b31d05f771dd1a8f4a44f,CLEAR,DAYLIGHT,DRY,DISREGARDING TRAFFIC SIGNALS,2.0,51.75,4.0,4.0
0253ea227dab7cf82744e38871dbdf86c1917efee9997405def1b4a91fb71d3b56c15b3a923a939c8b6452648b6bfa03c50a8e91d72b5a7c40a2e49537ed7bf5,CLEAR,DUSK,DRY,FAILING TO YIELD RIGHT-OF-WAY,1.0,31.0,2.0,2.0
0253fd19f58d29ccce53bcfa5ac0e0e972be1a9cabf409adc35bd78d2dbdd6b6778176bb526b95f39b2802ccf5ad75bbfd286e00c7aceda493389c4ee7c197bd,CLEAR,DAYLIGHT,DRY,FAILING TO YIELD RIGHT-OF-WAY,2.0,50.333333333333336,3.0,3.0
02542442af92a77d2343952c9a4702a95504ebe3d72d154e76a616ac0a65693cffd945b5f999cbe0a67b827a53911b4d80f060d5156b3485b25a133f6df329c4,CLEAR,DAYLIGHT,DRY,IMPROPER BACKING,2.0,26.0,1.0,1.0
0254261078a6a21c468b250ce0f775a31fba61f65e2f2fc38c74f47fefe20227386984419e5909d463110cef0ed6f7b58afd74db0429ef77acdb2262c9618b5a,CLEAR,DAYLIGHT,DRY,IMPROPER LANE USAGE,2.0,37.5,1.0,1.0
025443e154ca8be5293a01b72ea9b7e3884506a09ac2de6e9355ae25d5137012f333c01c3088269eedb30feec30a2d1fffc616dbdb393472d307175f94ce523e,CLEAR,DAYLIGHT,DRY,FOLLOWING TOO CLOSELY,2.0,61.0,2.0,2.0
025446a7b086a918a397a4d5c6d0f6e1be5bf3419effd5ea704fb49a9ab8f4e72e8f0da74845f14adb63d0ffd3b9d7d8efc8a1c59cb20ddd6fe8f7d800300e5a,CLEAR,"DARKNESS, LIGHTED ROAD",DRY,FAILING TO REDUCE SPEED TO AVOID CRASH,2.0,23.5,2.0,2.0
025462f35a9f5c8f84caa0836041a4227c630db7119ef148d368bc1d450bdd889caef40d86b4b4751739a3c77b228aaecfad13ea85c6ba14cef655a17e562d96,CLEAR,DAYLIGHT,DRY,OBSTRUCTED CROSSWALKS,1.0,47.333333333333336,3.0,3.0
02546b911269f536a3fe4f0c781368d237f554ccf4eb2d0dd17188e4bca7279d368658d9d322623f832d2fd20c80cd9e95f5db88058230367eb152b1fa7428aa,CLEAR,DAYLIGHT,DRY,IMPROPER TURNING/NO SIGNAL,2.0,18.0,5.0,5.0
0254958e79d266161ba159d3123164eb6f3713a4e49eee7eaccb32d01c8d9210b410ec54db83a93943fa5451b0da300c4295e57d5b8d82e63fa4be15c25f5a28,CLEAR,DAYLIGHT,DRY,FAILING TO REDUCE SPEED TO AVOID CRASH,2.0,26.5,2.0,2.0
0254a3a9c1d31f7b054ac712bce50621bb3a4190733d109e134fd363d25a8eebba8285340ecf31fefe40245da7ac1e58aa7b67475d8676c48af527e1e4cffb5e,CLEAR,"DARKNESS, LIGHTED ROAD",DRY,IMPROPER OVERTAKING/PASSING,2.0,33.0,1.0,1.0
0254aa6d221153a2180ba06256123dca45587941ad6861582d1fd6aff9b0f91ff506e487c61b85cb8381f03c91fe5d3a9d5186efbc851a7541753ad7cf7d620d,CLEAR,DAYLIGHT,DRY,FAILING TO YIELD RIGHT-OF-WAY,2.0,57.4,5.0,5.0
0254b6b290c1544947c45d7b1f3257f0c13d9604d948dd3c6c453294ea3e933f3d253e8fb533394d783a10deaddaea87f9b4f586de4b69b2fe29556c1cdfaba8,CLEAR,DAYLIGHT,DRY,FAILING TO YIELD RIGHT-OF-WAY,2.0,39.0,2.0,2.0
0254c39f1f0ea6b77fe74330591dead632887043e3472f9722815c18d5159ed0b46e3c35d85a2d6288815cc259a64f0c3a40dc6e861ccd3722337e20ae548ed4,CLEAR,DAYLIGHT,DRY,IMPROPER OVERTAKING/PASSING,2.0,38.5,2.0,2.0
0254fe09bb43629d8e34944b73370f3f6115d8f6edca4f1f05420c5da0427724ba19da245333bd76c43b21f94c84c5ab2762a897d542a49f29b3f6b32e37bea1,CLEAR,DAYLIGHT,DRY,DRIVING ON WRONG SIDE/WRONG WAY,2.0,37.5,1.0,1.0
02550efe4080d143820d0cb2b1c629f0a1bc16eb22c08fa5c44d94e9f59aaeab59eefcc187803070023fa68fea073bbb299f75c957b4aa450bdf69bb52bcdf03,CLEAR,DAYLIGHT,DRY,FOLLOWING TOO CLOSELY,2.0,30.5,2.0,2.0
02555aec0d1bee17170fbe099ad73e8de2981b19796e0400514ba86b07daf5d2cbe35cbfd59f5cc295c3e54f05cd4883abdacf73030ae69b4181c8669a868c12,CLEAR,DAYLIGHT,DRY,"VISION OBSCURED (SIGNS, TREE LIMBS, BUILDINGS, ETC.)",2.0,78.0,1.0,1.0
02557090e6c8d28e27ad676d4c11a53572b39cd2686e2ef6eac1609db365da014bffba7bec8c02e98281ba151066a02e1dfe60a85f7dd03812174e2f8d937358,RAIN,DAYLIGHT,WET,IMPROPER TURNING/NO SIGNAL,1.0,22.0,2.0,2.0
02558ea9b4ee71d039fa5d8f1cc477e1c68aadf485a5d9d595c7aad9ca349a1ade10eb082b80eac5fdca344dc0d017cb834bbfce059f891ec0333a282bc8fbab,CLEAR,DUSK,DRY,DRIVING SKILLS/KNOWLEDGE/EXPERIENCE,2.0,11.5,4.0,4.0
0255a01ee688a8417671cc1c307add11456894a35e850da52a3b75cc4e074a0ae3192a9808f7b7f81a05670d64df667c361893adee58f9d69665741079c79727,CLEAR,DAYLIGHT,DRY,FAILING TO YIELD RIGHT-OF-WAY,2.0,34.0,2.0,2.0
0255b9e4d7bf59969fcb5e1712247d0e04e0e5d6ae0adb0b701f00abfe90e77206a529c3e27b221ee4f95bcc248879130f72a4a3986de481956f1178fcb22ab6,CLEAR,DAYLIGHT,DRY,IMPROPER LANE USAGE,2.0,46.5,2.0,2.0
0255cf636af9042925d808d553c7604359f4df4d37033f529878bfbdb4db5708d12e4abf58952f202e88eb3b4f73793e5ef3ba604d8dc4b938960e174de9ddef,CLEAR,"DARKNESS, LIGHTED ROAD",DRY,FOLLOWING TOO CLOSELY,2.0,39.5,3.0,3.0
0255de1454d6010d7e65d218add81aba75113f34a4f4c9efb5d7414c88b8780eca55fbb571e3ece3574c1dd93599313f6a749b9cee73a718f8bfa7a3a3c666b9,CLEAR,DAYLIGHT,DRY,UNDER THE INFLUENCE OF ALCOHOL/DRUGS (USE WHEN ARREST IS EFFECTED),2.0,35.0,4.0,4.0
0255e0e8304a002a95b755e5d896945cea2d10e2648b0954c287a58580c8fb0f798b4eba4c1c0dd7925752cefde3ce99050f8d16ce24c5cf8b4fee0bc36b562a,CLEAR,DAYLIGHT,DRY,FOLLOWING TOO CLOSELY,2.0,37.5,1.0,1.0
0255ee661a1cb9465616734816b5c5750b3bb9d464979713110895e360123d4f5111ab1ebe929e84bed0af1b38f35b07b556a5bd3da01f0301d3bcc6ebe8d101,CLEAR,"DARKNESS, LIGHTED ROAD",DRY,FAILING TO REDUCE SPEED TO AVOID CRASH,1.0,46.0,3.0,3.0
0256072c131cf57958ecbabd31f8b750cf4ba9b963f3432a752234170d2f1183c4924ff5e2363a4773be42ad7c59a53e6346258afbdc0806cc333d142a6c5743,CLEAR,DAYLIGHT,DRY,IMPROPER BACKING,2.0,21.0,1.0,1.0
025628c6b2957096404c9178bc76310dbd6382e8865021779d83b51c0c1150184126cf31dd283fb6eb15d3ad5fb7f00db4d6543cca80384bd044954cf5ea7d6e,CLEAR,DAYLIGHT,DRY,FAILING TO YIELD RIGHT-OF-WAY,2.0,55.0,5.0,5.0
02566894bddd5fd14fadfd043367974d55d1b45ab4c17a0cdbecd6cc3b31f734316b34cdbb7f705e1915c45c02f5a2049db10cbf098c1eac0be485f4789318e8,CLEAR,DARKNESS,WET,IMPROPER OVERTAKING/PASSING,2.0,36.5,4.0,4.0
02566b793eec4af66a9fb8146be8579e586e9945b11ad39ba4887de07158711e3025eb29dca1b1fcc4790f5ccb057b74a5074f10cbff5e5acbaafac75357372c,CLEAR,"DARKNESS, LIGHTED ROAD",DRY,FAILING TO YIELD RIGHT-OF-WAY,2.0,32.5,2.0,2.0
02566e6a4c10280d60b0d6cb0b83f0ae3c657bc54fa5b7cd28c896738fac3aa8a010c1d518c3313b4f9c2d9b8353496a27a4438ea8ad49e269615de57eb22242,CLEAR,DAYLIGHT,WET,DISREGARDING STOP SIGN,2.0,30.666666666666668,3.0,3.0
02568d7f02dbe5ac78bfa0c1e19a35f862691f3f200cbc398363d51199bcbcade8b18c49f8b704a7ca911e4efafacb07ac2482a440cfba6d1f75c46890d6b3be,CLEAR,DAYLIGHT,DRY,DISREGARDING TRAFFIC SIGNALS,2.0,22.5,2.0,2.0
0256989fed7b42376960f2c869676014927f421f8dd673991ecbc70e94f7c873b96a355d4c3b22d4a0026c091427e364623fd30212b6421ed6035818cf08bc3b,CLEAR,"DARKNESS, LIGHTED ROAD",DRY,FAILING TO YIELD RIGHT-OF-WAY,2.0,60.0,3.0,3.0
0256b393938794f775127e800bc921983a01da5c83c37b5a5f4f249b179c629919e17ac6ac2c2fd87d2dd69ee30465f1d2fab3917a93059019846de5e565cd42,CLEAR,DAYLIGHT,DRY,FOLLOWING TOO CLOSELY,2.0,71.0,2.0,2.0
0256c7299638daea3b1bf41009e9f09d405040b740eece2651a5bb5c95ea81717d1ae44aab22e7d45c4b4ad6a29b033409e99e19af4354f312fec315af1d272c,CLEAR,"DARKNESS, LIGHTED ROAD",DRY,IMPROPER BACKING,2.0,40.0,3.0,3.0
0257076c94742825bb6da7ea6be8cd273e2bef6d87b0f08d0b26ccd9ffb9f4413e8b6e2d2e5c9c526556f71ea5bdc07e88f3a3f0e497174962b69cb87a973560,CLEAR,"DARKNESS, LIGHTED ROAD",DRY,DISREGARDING TRAFFIC SIGNALS,2.0,30.0,2.0,2.0
0257272ab96ce7d8efb5ff78da93b5415d0fa722ffc2daf505b2acd3bab3192e86878ee1a6398130c79d02f41eec553ca98cca4732d9b2f2b33c8338142b2e5a,CLEAR,DAYLIGHT,DRY,"VISION OBSCURED (SIGNS, TREE LIMBS, BUILDINGS, ETC.)",2.0,29.666666666666668,3.0,3.0
025746c31efec51099db092d56c5d4b3ec144711f5c3031fb408d4b78f1a1b8275f2f96c002ac3c5aa70fd4c73dc116257fb9e15a729a3f158e3223ea75793fc,CLEAR,DAYLIGHT,DRY,FOLLOWING TOO CLOSELY,2.0,21.666666666666668,3.0,3.0
0257868023bd13b21cab0af9b9bc74171a1be342a60ae7ee9bdeee9ad6a1af0e8216e76e595fef491ba53915691097df3390f3262ce1532bbfb09311a78547b9,SNOW,DAYLIGHT,DRY,IMPROPER BACKING,2.0,33.0,1.0,1.0
0257aba89143281c33ae63879675d012fc94440cfea89ef750a3d691f7be1c9dd7f5ba33486cc552cf377d7454ee6c38ef6c7a1e93cdf4b61ebda26f86c37dd6,CLEAR,DAYLIGHT,DRY,ROAD ENGINEERING/SURFACE/MARKING DEFECTS,1.0,65.0,1.0,1.0
0257b8cf8515917fbfd911783162f45d661132587c03ed66f74f19c0636b1168992ff7d26402f1efc84f63c6f8f6a4cd10deb4070480dae47c7a5bdcbd0ed7b8,CLEAR,DAYLIGHT,DRY,FAILING TO YIELD RIGHT-OF-WAY,2.0,33.0,2.0,2.0
0257fb7efce4f95acb1095e97e383337b23d97ca612f328230fe3359863110fe9f41702a901f5fabb8efb40319a11155c0e77fd7517cd6ae23490a3174a3bcb8,CLEAR,DAYLIGHT,WET,DISTRACTION - FROM OUTSIDE VEHICLE,2.0,26.5,2.0,2.0
025809c33f71b0eed06f41d7e6ed0064414646663d98bdc4ec4e53fc05885b77778060b57cbf2fefa5b450c43d49e9a52bec6bce91363a682d549916b8596f6f,CLEAR,DAYLIGHT,DRY,FAILING TO REDUCE SPEED TO AVOID CRASH,2.0,30.0,3.0,3.0
02583c93aae067f38127968c9966bc63477606f6647b787f4ebf1f23cd2c328cf3e02587052a35581f517caa70211e004419609e0140ce901c5a7e7092777b85,CLEAR,DAYLIGHT,DRY,DRIVING SKILLS/KNOWLEDGE/EXPERIENCE,2.0,35.5,2.0,2.0
02587e9ac9d52c40aad5fc09efb9529d8949f018ca22d03e6ff7fe929763dc504602341606df53a1fb08cb43f7fdb74d7e21421ec8e6ec0c3f1f624aabd96b18,CLEAR,DAYLIGHT,DRY,DRIVING SKILLS/KNOWLEDGE/EXPERIENCE,3.0,54.0,3.0,3.0
0258a7cfcaca40fcd62322277a687e61bc2f6bc59d3e90ed0e9eecd7dbc3ffd52e96106e027f8e8d25ede19228c38dc004b8bc84d35d31fe99043d2517b4e8d6,CLEAR,"DARKNESS, LIGHTED ROAD",DRY,IMPROPER TURNING/NO SIGNAL,2.0,33.0,2.0,2.0
0258e92967e0ede4cce75bd2cf998acefb4c3cc97516111de2f9c085ad489b2cd82889c053b02edeb985dc227baf561eb3df592c6365dc2c94741926e91a7c97,CLEAR,"DARKNESS, LIGHTED ROAD",DRY,HAD BEEN DRINKING (USE WHEN ARREST IS NOT MADE),2.0,41.5,2.0,2.0
0258f8f690a60f9219f2b8b1ed98b3897cd8651ba30d7c3dd6d2a6e5cac07d56cdeed09f5f833f292563753d2030ff6d5ae79e399857555cdb901575c47755ca,CLEAR,DAYLIGHT,DRY,FAILING TO YIELD RIGHT-OF-WAY,2.0,43.0,2.0,2.0
0259086dd0a2092ad4676365bd6d27367837adf7af00b67e5b465621b8dc27fb8003f5f11a1b12ffba40630935e4030a477542d97a2bc1eb7b698d92dee6c3bb,CLEAR,DAYLIGHT,DRY,FAILING TO REDUCE SPEED TO AVOID CRASH,2.0,46.0,2.0,2.0
02593a0011e547c8ca2a584d4f91dbc53d895787c139c882476c7cb5e96e6c37719bbe07951d938f8a7191aa2e530926cfc9e36f2159a256748e031d4b5664bb,CLEAR,"DARKNESS, LIGHTED ROAD",DRY,DRIVING ON WRONG SIDE/WRONG WAY,2.0,22.75,4.0,4.0
02593e425aac51cf730a5f856b7aa0084f31de69cb192832df1a6b295c8bae3ebb9586f09b2017628824fb48dd1670c2fbe0df272c9445eb244cf562c2abec45,CLEAR,DAYLIGHT,DRY,FAILING TO YIELD RIGHT-OF-WAY,2.0,25.5,2.0,2.0
0259519a1500310a5c1128c8702d8a3a6e8bf6f9fce61af6839943c320efa7ae5bb78da61bbb0e00ab18276d0b79a24adef717ef92999007358bad5c3908d62e,CLEAR,DAYLIGHT,DRY,DISREGARDING TRAFFIC SIGNALS,2.0,64.0,2.0,2.0
0259539954b4349e7ccc272bf87983a3775c68d28b9eac011c3b20f870aefb171a6af1b5fb988af1e730793df7ed6c31a39933d1cc1eec525dfb9e874931af0f,CLEAR,DAYLIGHT,DRY,IMPROPER TURNING/NO SIGNAL,2.0,39.0,2.0,2.0
02595738fdda294dca2bd996bf2cebe287b66e87088e8d05e3c8f6f82b86d22a1ca0b8c20ac4f5e69ff622ff988ce071bf93b1deec78f2dcc8150659ec7e1339,CLEAR,"DARKNESS, LIGHTED ROAD",DRY,DISREGARDING TRAFFIC SIGNALS,2.0,26.666666666666668,3.0,3.0
0259636018f809d9ddedda218bfc8e43e9439f7f2e06907b3fc3e13a678d4c2d633ee6158093dfa4eaf0d952dacd3d5bd79ebd69d16d638a9d789b8863d014c7,CLEAR,DAYLIGHT,DRY,FAILING TO YIELD RIGHT-OF-WAY,3.0,52.0,2.0,2.0
025966696dc9cefbc305da61eddb062ec61789eb642bbf8874faac71b7e208d0b5773314ea04708b5fbaa75a2bba2901ed00bccfb5f06cdb8b7c6159cb25e181,CLOUDY/OVERCAST,DAYLIGHT,DRY,IMPROPER BACKING,2.0,44.5,2.0,2.0
025972fcc62477a44a7218ffaa3fc6d478162e639c618420fe19fdb4f11d7f70a5e49ab03f02abd79193e5079c9487de4e72b720075463b00248bea6886a1f41,CLEAR,DAYLIGHT,DRY,IMPROPER LANE USAGE,2.0,28.5,2.0,2.0
025985be5c49bf15e5d33617284faa30f043a8787ff843c107a676adb6e4a193cee6cdd7bb458c598a8ed910359ac93ab241367a72a61d6fc770c4d08d7f8dd4,CLEAR,"DARKNESS, LIGHTED ROAD",DRY,HAD BEEN DRINKING (USE WHEN ARREST IS NOT MADE),1.0,40.0,1.0,1.0