crash_record_id,weather_condition,lighting_condition,roadway_surface_cond,prim_contributory_cause,total_vehicles,avg_driver_age,total_people,total_injured
02598b1eae77bb86d603c51fb72136b59286b7d3d663a0a09080923bf18224a9d39ed18e6a6faee91e49790c0241601b5bf13656b802ea589bbc4fc597a41ea4,CLEAR,"DARKNESS, LIGHTED ROAD",DRY,FAILING TO REDUCE SPEED TO AVOID CRASH,3.0,21.0,2.0,2.0
02598f86f8203af0304643597c92ccd86be1de04a752f677f4fc3d3f57cbfda02a56b95def56d9f7949ceed31657aaca838a2e32d1bd9127c0d69effe4437a1e,CLEAR,DAYLIGHT,DRY,IMPROPER OVERTAKING/PASSING,2.0,42.0,2.0,2.0
02599e50d92297cfcf38d3ce452ad6febbccbc0a9645a9b299789f8c3c7a687d164ee969b828d968d11b79841e6f3752c7b91c7119b96522ba07424e4b2a6306,CLEAR,DAYLIGHT,DRY,IMPROPER LANE USAGE,2.0,49.0,2.0,2.0
0259b13c538ae9d5ae0898231b13d8d21b3045c5d15dabc0ef2d237ada14a7909303532a5856ae392cdb63ff7089e3d3b22c0d82869d020185efb0384f40280d,RAIN,DARKNESS,WET,DISREGARDING STOP SIGN,2.0,33.0,3.0,3.0
0259b5eb3fcfce2060e6146e297b1ee7b6aea2853745e2441797841153011dc76e9bb36aa27282a19c7eff1c7ebc934ae714b9b49c8a7642f265278ca995aa8e,CLEAR,"DARKNESS, LIGHTED ROAD",DRY,IMPROPER BACKING,2.0,37.5,1.0,1.0
0259ce19da428339406ac94ab7b42964e3bf7df29693e72ffd2b48ebaad18f17ff63cb48b4dbab7761e5dde5a2b9c64cdc7eba677593ab088c1b5d73a389997b,CLEAR,DAYLIGHT,DRY,FAILING TO YIELD RIGHT-OF-WAY,4.0,51.0,1.0,1.0
025a20d22028d1397a371f07d0fa71689c389f0e37814d6f37208c8293f444a63b774ac89ab386f801ac3b811295655dfff06a8b13f3a02193f387b553d51bd5,CLEAR,"DARKNESS, LIGHTED ROAD",DRY,IMPROPER LANE USAGE,2.0,40.0,2.0,2.0
025a69bde20ea90387e9338b96898dee03407001ca6485f0e8b32d4763237ce2b88752d867c12410620308f76ce89064a4f8403b0786d05b819cc9f5be2f58cc,CLEAR,DUSK,DRY,DISREGARDING TRAFFIC SIGNALS,2.0,38.0,3.0,3.0
025a8dd4855065dd69258895f84eb9a8370e62a4ed5e61d64ef6e975c7010dd50a8082e4065839cb7b748710ffae1cbd6fb557f2755fc1352cf4e497f2738e83,CLEAR,"DARKNESS, LIGHTED ROAD",DRY,FAILING TO YIELD RIGHT-OF-WAY,2.0,25.0,3.0,3.0
025a8f807af8bea7fcdd2f1d35ad75b20da67989e03377c925a0720d2aea00dfa22ea3fffbecc04fb5f9483105375f32ab342936add4e1760fc7ffed97cbbcfc,CLEAR,DAYLIGHT,DRY,IMPROPER LANE USAGE,2.0,38.5,3.0,3.0
025a93168dd7750bb56f5440003498cd2a991bc09d1b28dfc30d4c95195b518071a69851f4a4669efc4ab89a21216e435191b847fd4d53fccc1f6db7f9bd090d,CLEAR,"DARKNESS, LIGHTED ROAD",DRY,IMPROPER BACKING,2.0,37.5,2.0,2.0
025aa633aa9f6b92f7fbf98cf100f09915cc6012396fc4336e86d4d99803d725d9d9342331dd99161c1994dc0ea35fa170f91588fe43df2adc7add25da5e6f7e,CLEAR,DAYLIGHT,DRY,FOLLOWING TOO CLOSELY,2.0,43.0,2.0,2.0
025b28384a444490033975db1f469a188ee39e3ef7d06caba3067eb457dadb3f38f26614bda916cd112fcbf8d4940335ab8b97d8782c9fff65c3a4429ef78cf3,CLEAR,DAYLIGHT,DRY,FOLLOWING TOO CLOSELY,2.0,20.5,4.0,4.0
025b2cfbd9c7e9e9f3a3611b6e4f7da2dc0ff5eb5fb5a51b8638fed57ba4aa0d1934dd2aac6f6bdb0ad202c5d304a478452f2e134ee37b3830b399c2823662e1,CLEAR,DAYLIGHT,UNKNOWN,DRIVING SKILLS/KNOWLEDGE/EXPERIENCE,2.0,36.0,2.0,2.0
025b3b8253a5f5a7eb4a7808a8a495e585ba62944c271262025457200e3471c739d616243a02459dec5c6754dc7d66c0add78dd13409aa7d30650521e4b756ab,CLEAR,DAYLIGHT,UNKNOWN,IMPROPER TURNING/NO SIGNAL,2.0,0.0,2.0,2.0
025b3f2170d5b4810a6db180126b190fcd0bb8ee52dbcee4349d472884a6ac478626660adf6048df5798bb546ab8f15c6bdd77c6ce555dd49a66ca4ff1e085b0,CLEAR,DAYLIGHT,SNOW OR SLUSH,IMPROPER TURNING/NO SIGNAL,3.0,37.5,2.0,2.0
025b425c8604b45af962f5326ef09e598feb0a048c249b30d9af4fc78ee77f1333c677bbdbecec96c039efe45bf3f7c60192fb4c4d1dda72253711651b5ae727,UNKNOWN,DARKNESS,UNKNOWN,DRIVING ON WRONG SIDE/WRONG WAY,2.0,53.0,2.0,2.0
025b4676cbbdf12bd8681805a827ab348d86acaabd3f0f01a273f112a3eae5173a769ff486856dfa501e869b11bb2621e8b7e2f75ad8f6d49d338c21c3a6fa6b,CLOUDY/OVERCAST,DAYLIGHT,DRY,FAILING TO YIELD RIGHT-OF-WAY,2.0,34.0,3.0,3.0
025b46c29da0eb5dc0822cb2bb512725b83a52dac7fffaa2d76bac27afd71178f4ae1d21025f09b1f9b9419e59765f9b4f47ae2d1f26cc2ec01a0a5c198c6998,CLEAR,DAYLIGHT,DRY,FAILING TO YIELD RIGHT-OF-WAY,2.0,36.0,2.0,2.0
025b83ad0b75560ec50e8cd56425b221e410f5b8247ebb6ae31bdd3f8c2ce2cd04e3ba76a14054ebba378d9f49cccaf8353939efbe5165bcaec08a266588a011,RAIN,DAYLIGHT,WET,FOLLOWING TOO CLOSELY,2.0,40.0,2.0,2.0
025b9ed63c57bcabc87900b0033fb90071a2cd53cd7c54c3c4b98b319228e455d519d9e11994241470fb2e4165697a287c9ed9309e7349918a3a45be96b887d8,CLEAR,DAYLIGHT,UNKNOWN,FOLLOWING TOO CLOSELY,2.0,33.0,2.0,2.0
025baa9042e7c4104e3e456051727ea40b803015604fd1328c7a2c131d4e53b0fd96963fa64ee2ddd2d3abdcd72e27e75ada0e243528165609b7fcf953727898,CLEAR,DAYLIGHT,DRY,FAILING TO YIELD RIGHT-OF-WAY,2.0,37.5,1.0,1.0
025baad90ec0a175b8a3e3a3b318e1e30c079457870d12d58867acae7db04835ecc2df97ba1226ec2b6057931f0c27e565647a87f4c7bcb4f7381e46c03b82fd,RAIN,"DARKNESS, LIGHTED ROAD",WET,DISREGARDING TRAFFIC SIGNALS,2.0,41.0,2.0,2.0
025bd46d15f35c7a3c6852d554a116078df9e4012b4ecd0f93a8f9a6a0f911ea76fc7590561ea8ba1c2e8bd77282ea68be60aae0ff2302dd476191e688f8325e,CLEAR,DAYLIGHT,DRY,IMPROPER LANE USAGE,2.0,41.5,2.0,2.0
025c1cbad4122e0e3e77948d310bcdd1967e764552dd7bc8e519be91d5955becef3a3b1c997475ae0cc5aedd714a964a45651fec22442cdbaadc99ef44bc56bd,CLEAR,DAYLIGHT,DRY,FOLLOWING TOO CLOSELY,2.0,29.5,2.0,2.0
025c1d38e460495bec0fdb776617ee5b9ba34303f2c3be4937a4543e34edb19a5eb9704372714efaf61ec8704dd6c2a44264d79592afcd8dbfe47880cbe2db77,CLEAR,DAYLIGHT,DRY,FAILING TO YIELD RIGHT-OF-WAY,2.0,47.5,2.0,2.0
025c4857762b1f3e2231e5aa2783ec2fe1d5aab6347e62f4f762e776afaa677e39889fb699e3110f9471d985aec6b859d2c49c4b3774e84f2dc9e383d0d52140,CLEAR,DAYLIGHT,DRY,FAILING TO REDUCE SPEED TO AVOID CRASH,2.0,45.0,3.0,3.0
025c5934080dde1b523a3c94b0dcd316951a9560dd7103e56f2e200e81afc6b8b185a50d08ab6ec7e36ad440712a9c94504b877c1cb60bb5fe5adcfc73634d99,CLEAR,"DARKNESS, LIGHTED ROAD",DRY,UNDER THE INFLUENCE OF ALCOHOL/DRUGS (USE WHEN ARREST IS EFFECTED),1.0,44.0,1.0,1.0
025c92195262391e39af55512d96b51d7a1eb2e9a4a8d907829b7fab09b220efd1af14c7a8e946b5097bd270696b624391fc84187e1f6c0e63a1deb4ccfaf054,RAIN,"DARKNESS, LIGHTED ROAD",WET,IMPROPER LANE USAGE,2.0,37.5,2.0,2.0
025ca36e2b7f2bedf5487981d9677613c2141efe5bddd3b8b99ae415d53ba5680d4a389252f60234adf0b1c320cd8287a1bd408441fbe8cd0a6bd3a1c9a60455,UNKNOWN,UNKNOWN,UNKNOWN,FOLLOWING TOO CLOSELY,2.0,50.5,2.0,2.0
025cb24134782a6a1d76104af82b8d23fcb5ac203798fc35a72293e25943fd25cf7daebb7069e7a0aa784b6961dd6abd0df87cbb745c9fc4bb08a5dbc45e30fa,CLEAR,DAYLIGHT,DRY,FOLLOWING TOO CLOSELY,2.0,40.0,2.0,2.0
025cc11b7acbbf7581e17bd47970b72d47fbbb9665fbbe50a5b4abbf91c9d0b26fa151ef09d8eab31112d6fe75f6de5e6d7cdaceb59915d500c4ecd877050158,SNOW,DAYLIGHT,SNOW OR SLUSH,FAILING TO YIELD RIGHT-OF-WAY,1.0,29.0,2.0,2.0
025ce54cbe5f9ed2bfa1d8fa1e7942f6f981cf23d75880a707e0018392a9ca6010266f2a28be695c762acf262159325819cd39cf0d4fd0a10e07c8764cf5d930,CLEAR,DAYLIGHT,UNKNOWN,IMPROPER TURNING/NO SIGNAL,2.0,64.0,3.0,3.0
025cf398deda4751b35458b7a69c93f0ddbef6a232bb6627a27ac55e65330cbe722b500b5b1c92e593de27607a9f5857dd1d319b955cb667e1dbbe8dfb258924,CLOUDY/OVERCAST,DAYLIGHT,WET,DRIVING SKILLS/KNOWLEDGE/EXPERIENCE,1.0,55.0,1.0,1.0
025cfacb6fe1087756a6e652cb67b29a8477be87b52bf05aec41ea9e8a88a00d97f0e739a75a887036c7c10f0fa15031b34290caee67bb037ba9eae52851e918,CLEAR,DUSK,DRY,FAILING TO YIELD RIGHT-OF-WAY,2.0,37.5,2.0,2.0
025d0c9fb2c9799444dfc6c32144b72fee3c5d1654084562ff7d7dc1ebbe5d3613128c06708277a8690ba4f452e53d82b2377a4dd67d41170d75412b1cfd9f44,CLEAR,DAYLIGHT,DRY,IMPROPER OVERTAKING/PASSING,2.0,64.0,2.0,2.0
025d2ff8f7f5b232f7afeed723a23fa87cacf187d336d263e5cc4005f1afc61b827bbba02d5368479a6a02e0bcca95d7d38f7c61f4f4585585145d0991365930,RAIN,DAYLIGHT,WET,FOLLOWING TOO CLOSELY,2.0,49.5,2.0,2.0
025d5944298abb40653a369d11110eab9c954ddd0810776088f4254968a5f1c39d7bb34b3dda7bc7406866bf572095380bad37270b293eaf269e7c61da9ce846,CLEAR,DAYLIGHT,DRY,FOLLOWING TOO CLOSELY,2.0,34.5,2.0,2.0
025d708b0c172f73b6dc9ede4d9edb3863810907be7eb3a8a8f66a9104e308ccb56e8d2a6b296a917dc053a885a11e3b62e15eca0b9b7e5e003606875825ae88,CLEAR,DAYLIGHT,DRY,FAILING TO YIELD RIGHT-OF-WAY,2.0,25.5,2.0,2.0
025d7bd90f6d58ff0b6eaa81d499dd7d53c0e13058c9b6454f4b485ecb1df8581da98b36d67565bb647996e9a1ace6f7bbb32e40d9557772e5b1f2d63f875c00,CLEAR,DAYLIGHT,DRY,IMPROPER OVERTAKING/PASSING,2.0,42.0,2.0,2.0
025d89bff6643d57b0aaf408df17e2a2c2eacebc55973a8521a83c068fbadde2c98f7287e60208091b6c5188a50348bee5f79da271bddd0e786c9ad41ca1a1dc,CLEAR,DAYLIGHT,SNOW OR SLUSH,FAILING TO REDUCE SPEED TO AVOID CRASH,2.0,40.0,4.0,4.0
025d8f13c18b46e0181a9f3ad396b2e7d343623166eaf0fed26576fdc98e802c61cd902dc968beb256d18dac8820ae8d4d857d91cc2ee52a39cfc371d6e8c4fd,CLEAR,DAYLIGHT,DRY,FAILING TO YIELD RIGHT-OF-WAY,2.0,63.5,6.0,6.0
025da120979007f17e5dcd0a6a1df0966b6b3cbb4a3fde51d0b1ca87e5d6e7a61fc4609d725ac7bab00239f68984e7648acf475a859cc3ec96a2e5e440978e6a,CLEAR,"DARKNESS, LIGHTED ROAD",DRY,FAILING TO YIELD RIGHT-OF-WAY,2.0,50.5,2.0,2.0
025da2fa81f993def3a42437c169744a9e99fd9b5242c6bedef0558341ffffb38a0ba785fa9d32e138c7fc6e187261fb6e16bbed0dfe12ce46639ce79e8f5dc0,CLEAR,DAYLIGHT,DRY,FOLLOWING TOO CLOSELY,2.0,53.0,3.0,3.0
025da5e358339e4c793453e6788701ea99ae7eaacc515ddaab1ab1149352a42366b19f878fff287d230e0ff957396a3cd8d662165d255e01bfa1b5e1e80691e8,CLEAR,DAYLIGHT,DRY,IMPROPER TURNING/NO SIGNAL,2.0,31.0,2.0,2.0
025ddadb710b244ff453bf36cb27cfdc75b42915365cd17e5f67ad89cefb2db1fa1b891131a324511856d8f61eaa7341764a294316d3ade8fe03ee1384a3c084,CLEAR,"DARKNESS, LIGHTED ROAD",DRY,DRIVING SKILLS/KNOWLEDGE/EXPERIENCE,2.0,41.0,2.0,2.0
025e3e618637302fcdff7407634979f7d7f1ad2b75a0e94df053563eca750a6f4a204e8fde60f778756370d49bf950b891aa7d03230a809764e688d29c42af20,CLEAR,DAYLIGHT,DRY,FOLLOWING TOO CLOSELY,2.0,52.5,3.0,3.0
025e510332d65b3628b4889d40fc0632f3284d38810a72d27b908f7a7d40c899167398ae1732fe783bbddcbe0b767ddfda4e9970dff01fec66d5879805bc5e96,CLEAR,DAYLIGHT,DRY,FAILING TO YIELD RIGHT-OF-WAY,2.0,41.0,2.0,2.0
025e5fd3a64e2dbc6fc14cb7be1a0855c5c8098bdff0031d2ccba790ab7e73e92fa524aaba2952566f2e7627c826a92f93b7253dbb0655cc575287004c520e02,CLEAR,DAYLIGHT,DRY,FOLLOWING TOO CLOSELY,2.0,41.0,5.0,5.0
025e6211a5db511fad2cd30a22612422e3778f18436a275daef23e5aa202e33e3aa1e43355c86439ff54b813fa68ec6d0ea25512de8b6591043127559864957c,UNKNOWN,UNKNOWN,UNKNOWN,FAILING TO REDUCE SPEED TO AVOID CRASH,2.0,28.0,2.0,2.0
025e8f757bfc55c6ce6398556fc5068e1e7594ba02b686a9ea141cffc36b3a5595eb48e3ba862f79cadde87cfe6fcd39cd1e30a31aef409c70eb7d071f110ccc,CLEAR,DARKNESS,UNKNOWN,IMPROPER OVERTAKING/PASSING,1.0,63.0,1.0,1.0
025ebe87f3a9efb29e8b51841597bbcb83554e5c5e774732968acba7d6352b3c5740962e87c09fe7aa3d397b65008be724889e87b6fee4f575354aa69677a9d1,RAIN,DAYLIGHT,WET,FAILING TO YIELD RIGHT-OF-WAY,3.0,20.0,2.0,2.0
025f08383cc05e1a3ccd6dace327bb3ba5e9440dcc884a6c79ada8445cbe545f4d67c787f4e6dde9e02b1bf898b9df2bdaac730f76a85218f3b93ddb199055e9,CLEAR,"DARKNESS, LIGHTED ROAD",DRY,IMPROPER OVERTAKING/PASSING,2.0,19.8,6.0,6.0
025f176ddfa700dbd53451f18fc9c41cdef11c8297df8f4ddc63904a3cdb7a3d3669836a13db5c7e64d4e6f234db4d0d835493861e1179e334185889f301460a,CLEAR,DAYLIGHT,DRY,DISREGARDING STOP SIGN,1.0,27.0,2.0,2.0
025f49563073f0bf98b6b029faa1c05e86ec6e10abc97134363ba8a941c4db1a0f13c569cfadd48f7a73a644d38c384e71c6babcc856e45f604093a3f1efdfd6,CLEAR,DAYLIGHT,DRY,IMPROPER TURNING/NO SIGNAL,2.0,35.0,2.0,2.0
025f589d4e6856292a1b02f35d7ea5f0b2c3eca16897e5eeb5ad2fd58d5351595b0bc2bc4adac9d0afdef98577e4575a4f2103f86931c87be6e2d536d1800c3d,CLEAR,DAYLIGHT,DRY,DISREGARDING STOP SIGN,2.0,41.0,2.0,2.0
025f7f6ac34df78356f39e9fe1c5fbad29a428de4f51829d32f907348b4c12cc68c7f0e6c454ab49e52ee07e22e98c7ec43ebf2d83490612018ab246a05a5b96,CLEAR,DAYLIGHT,DRY,FAILING TO YIELD RIGHT-OF-WAY,2.0,37.5,1.0,1.0
025f8e6cb897ae2e17499a7fba346c99ae5a23177cdea2b11c6de3da34a2779f69a7406318f7c244500de88b9577e0554cc2dd341b2b3632f85098af9f320ef4,CLOUDY/OVERCAST,DAYLIGHT,DRY,FAILING TO YIELD RIGHT-OF-WAY,2.0,40.0,2.0,2.0
025f956b726d1a52e300cf376f6c85f97275db7fba6010e07731362a57bf2bdb9acd57886222c05cb2f0b2cfb34f72020822f0557b5530f3e7d9f720c1e431da,CLEAR,DAYLIGHT,DRY,"VISION OBSCURED (SIGNS, TREE LIMBS, BUILDINGS, ETC.)",1.0,48.0,1.0,1.0
025f9a7c3c9bed816d1693a71c0f9b2981ead9c1a394bd02afa6973bbcab82e56643e404284b2dfec5fef58aa84656b10729f7d8468580476fb6285b57a023ff,CLEAR,DAYLIGHT,DRY,"OPERATING VEHICLE IN ERRATIC, RECKLESS, CARELESS, NEGLIGENT OR AGGRESSIVE MANNER",2.0,57.0,2.0,2.0
025fb5181066ca0da84e468c3f48048622387b44011a8daa9be2aacb7400ce6cab173cfbd408c26b3a627a09076bbb6f2b86f1f441b2c85a75ebb6e0170c72c0,CLEAR,DAYLIGHT,DRY,FOLLOWING TOO CLOSELY,2.0,38.5,2.0,2.0
025fc6acf87aecfb4cabb06f78edf483394f3f419014ca51669eb8a86ab41ea34f5d93026d8429624abadb48d6f3cb11e1e13f13add2e49ab1c944b3275ffd5b,CLEAR,DAYLIGHT,DRY,DISREGARDING OTHER TRAFFIC SIGNS,4.0,45.5,2.0,2.0
026079b1bf10890da394592789147e25d16470f4a8ae9fc8d0c8f64aca70213734121ca2da524b414fb6aaf425142143544f88f09e8005461d3d3039b0f61952,SNOW,"DARKNESS, LIGHTED ROAD",SNOW OR SLUSH,IMPROPER LANE USAGE,2.0,23.666666666666668,3.0,3.0
02609492e7582a1467773d6759d6db758c90233f9f2e1ab4e2593f5a066ecaf6bd32b7089ce5aea2af04ab55b91310d05c8f6703ca5babb4929ef7a1b3c46057,CLEAR,DAYLIGHT,DRY,FOLLOWING TOO CLOSELY,2.0,31.0,2.0,2.0
0260aea099feff362b39e2b37d044eae16f4c89aff8390f6116231aa89ccd54a2f0c5700d50fe71c8b74a77e40e6017c7dae03ca2be17dba1abc6cdaea2ec091,CLEAR,DAYLIGHT,UNKNOWN,FOLLOWING TOO CLOSELY,2.0,39.5,2.0,2.0
0260e3b0c5b9a711ebb2f5db454433e1b8bb530156ae46719db575dd9e4efe2c9886a6ecfb6c73562dec1d0c417382aa5bbd88a5b8f94e8b355d96561aa454ce,CLEAR,DAYLIGHT,DRY,DRIVING ON WRONG SIDE/WRONG WAY,2.0,28.0,2.0,2.0
0260f718a774f02c59f6e945af35ae11223725829703643ac6f4ad06a192c157d4f77b1eb101d8841f98f4cfb225f939b7086bafa4e26658483f490e5a2a6d07,CLEAR,DAYLIGHT,DRY,IMPROPER TURNING/NO SIGNAL,2.0,29.0,1.0,1.0
0261025da712d7727a483389057ba76e285804b25d875813d99700109769f1688aa290ffd1867ddec222be091265c2939091b87ecade2c612202389751689bad,RAIN,DAYLIGHT,WET,FAILING TO YIELD RIGHT-OF-WAY,2.0,25.666666666666668,3.0,3.0
026107d15d8c8b0741648706e931ccc0d0e9c7df6a359aca4ec4b55a7a9f8944a964dd66c16c34d6d31fd3c2fe985d30da270a4f9a1e8579bb73bda78ec90195,CLEAR,DAYLIGHT,DRY,DRIVING SKILLS/KNOWLEDGE/EXPERIENCE,1.0,56.0,2.0,2.0
026115e53828878925f5dd9908fd260df04171e21f7d5d65ab73e85f8d514ca13d7662812cf1ffcfc64d1d1d1a8fef6b2a15e41e3c2bfda27878b7077bdbeb60,CLEAR,DAYLIGHT,DRY,IMPROPER OVERTAKING/PASSING,2.0,36.0,2.0,2.0
02613bc0049c413d89c495f0d28b8bad004d4e09afd70df2caa647185beb1ce5444437b6ccaba8192c7de7a26891ac81df3a309b0d14ae7abc47a29de70fd5fa,CLOUDY/OVERCAST,DAYLIGHT,DRY,FAILING TO YIELD RIGHT-OF-WAY,2.0,42.5,2.0,2.0
026170969ebdc5604bf3bf0b1b9616e42cc5250a4da2123beaadab15ccbbd6be1081ae1ac8ee6dbd7e17894af27ffe28318c53ea5d4f8157d3df69381a607814,CLEAR,DAYLIGHT,UNKNOWN,IMPROPER OVERTAKING/PASSING,2.0,61.0,2.0,2.0
02617185d0e9340b9658af1422e9721d0551a9a53f909ff3b95850e4fec8eb8b20ef2205f761d942c5f9b21752d6ae326d6bb3c6e01f10b891a1d5c584cdbde8,CLEAR,DAYLIGHT,DRY,FAILING TO YIELD RIGHT-OF-WAY,2.0,25.0,2.0,2.0
026198d75d5996c4cf347f681f780a54ffc603f887bb2f272e0f9625fd4f676079ccb22c6770045fe4218347e0d2b8253e31edd6ea71a54aaf7f7488940c79ae,CLEAR,"DARKNESS, LIGHTED ROAD",DRY,UNDER THE INFLUENCE OF ALCOHOL/DRUGS (USE WHEN ARREST IS EFFECTED),2.0,21.666666666666668,3.0,3.0
02619ad5c226a4d7417483d93111370fca7c3ebcec5aa9d5ea5b629cf737183a1fac1ed891eab76610cb6ec03c310e45e496e8dddde992faabae17415f2e9c51,CLEAR,DAYLIGHT,DRY,IMPROPER OVERTAKING/PASSING,2.0,35.0,2.0,2.0
0261acf55a08fa5f9fac95918636e024b08ac289df393253a169b035364bcd2efdb02702782ccf680965d5055d82f5332574eba23d8d947f09640818185f7b25,CLEAR,"DARKNESS, LIGHTED ROAD",DRY,EQUIPMENT - VEHICLE CONDITION,2.0,21.0,1.0,1.0
0261c1a47ffa00257c0a798d9410f3df5c828e7ea76059756a6815fdd2898efcb66eab8110039b0268545c658eee6e233e74f1f72e433c2571597d71f1728dc9,CLEAR,DAYLIGHT,DRY,IMPROPER LANE USAGE,2.0,53.0,3.0,3.0
0261cd5dbb126f98c9116cb6de178dcf7604d5358cb13b47065930602c101a7429ce297e5756dd7d8afccdea699bfc42692871aa734456df54849d39c933e030,CLEAR,"DARKNESS, LIGHTED ROAD",DRY,DRIVING SKILLS/KNOWLEDGE/EXPERIENCE,2.0,26.0,2.0,2.0
0261dbdac4af62bbd2400088b63b030116f335926d4ee5487a8f54be13083bc72b132889a5f911c1ae09e137d31229d3d6c1c5c1a7ba32bb06477210547400f3,CLEAR,DAYLIGHT,DRY,IMPROPER LANE USAGE,3.0,59.666666666666664,3.0,3.0
0261ee0a9cfa405aa42adc5d89132a338869a93d737ee009a04dc2b51980f75973778c83a2f68ced5fb9553de546bf9f5129488ab97189f3e22b97558ef3052c,CLEAR,DAYLIGHT,DRY,FAILING TO REDUCE SPEED TO AVOID CRASH,2.0,23.5,2.0,2.0
026212a4eb8f14e5cd7218d278008ba428c3ff0f011e53be820024ae386aac4e6d91e26236f4f753d0029fde2ddccb5427956246d19503ebcc059753760dd67d,CLEAR,DAYLIGHT,DRY,IMPROPER TURNING/NO SIGNAL,2.0,86.0,2.0,2.0
02622241015fc963fde7c0ec08cecd0df794f4d66e73815af16957b208b7fa6053bb901099ab92bd91b4cdb2fd9719f70394f9c214b862209ec09b175740a6bc,CLEAR,"DARKNESS, LIGHTED ROAD",DRY,DISREGARDING TRAFFIC SIGNALS,2.0,26.0,2.0,2.0
026231e3572963b46f8b3d62e9a5a58f9ed3c7c97cf987f36853675b3d39f16a3815dac8b6ccdabfd92bc9897fcb81ca50b39cbdb4fb82da6bf7fd2c42279230,CLEAR,DAYLIGHT,UNKNOWN,FOLLOWING TOO CLOSELY,2.0,33.0,2.0,2.0
0262368238d1f40064388c19966cf0aa31f77356ddc8e86a4839d7519807f76bcf418e009289e9b8cf90bfea1e9044dcfb5aa77a020c55d96565738eb1c3a8d1,CLEAR,DARKNESS,DRY,FAILING TO REDUCE SPEED TO AVOID CRASH,2.0,53.0,2.0,2.0
026236f11ee7d5929f5b1987aa713bf69e46c5f53131f61a80209c542589528ef733f6df723715dbee08811baa509a3f10a4596e8d2f8135d37916fa6f5cfd33,RAIN,DAYLIGHT,WET,EQUIPMENT - VEHICLE CONDITION,3.0,33.0,2.0,2.0
02623ef9d202fecc3137d18e6d04761c3203768c9bee39cd1800a71e116e82a57406829d959d0a802f7de934927bd3ed296f1f13410e5de575b8af09fad985fc,CLEAR,DAYLIGHT,DRY,FOLLOWING TOO CLOSELY,8.0,48.0,3.0,3.0
026250743ed57e727ba18c10ed9f5712e6d7d2bd50b606a45c2f61ff0de0ac4c838e43b1ac1fe08d6c11259038c856507c0e8e41e6cc7518f867e6ee30460421,CLEAR,DAYLIGHT,DRY,IMPROPER BACKING,2.0,23.0,2.0,2.0
02628472d33ae4aed9db754f878fdd2047a3995ed64b19360758fdcda5723d7ffad40706b80079125bc7d91f5d6be85eaa45274d8556c3f0df0292c7a4ce4793,CLOUDY/OVERCAST,DAYLIGHT,DRY,FAILING TO YIELD RIGHT-OF-WAY,1.0,63.0,2.0,2.0
0262bb1e98e373be4839789a35a18cbccf6d1b81ee71f01c56657d8625c0c1f9cfdf552af58ec86d70c1ce0cfb164e7ad4198f68d2dc97005b44da8b19bb29ed,CLEAR,DUSK,DRY,FAILING TO YIELD RIGHT-OF-WAY,2.0,27.333333333333332,3.0,3.0
0262be8a6d4daade6515dbe0199a44ba1c6597012ed130665af1490c1dd8e451541cf0cbe42935e133548bcba9ea7e7a460956b59d1db27c38f53d0b64e9b689,CLEAR,DAYLIGHT,DRY,IMPROPER OVERTAKING/PASSING,2.0,34.5,2.0,2.0
0262c1b9f1fc64b96fa5e474a2a1130e2775171da80ca264d3b363ddb9364f12aa328c9c07c86e0bdf562f07981269e0febad89a89fa92b2056f80a4d984e32c,CLEAR,"DARKNESS, LIGHTED ROAD",DRY,DISREGARDING STOP SIGN,2.0,26.0,4.0,4.0
0262ff6b1b07392442965354ebecd2a331a24d94a8d3ac5a15a8aabe58be86b8a456ffb638d0adcd727b18840307cfcb867690aa71d3277609cb6ddb8d285b87,CLEAR,DAYLIGHT,DRY,FAILING TO REDUCE SPEED TO AVOID CRASH,2.0,39.5,2.0,2.0
02630dc84e87c36dc25f0f0175bbeabccd91404f734cacc5da88e243a004328dc5fef68924f32e49e9f12660ac1b20d057c5c7f3df62944952ba5567d656b528,CLEAR,DAYLIGHT,DRY,IMPROPER TURNING/NO SIGNAL,2.0,41.6,5.0,5.0
02632e62e4a14b6cfe4788c4c583a85d6cd79ffbdf6aa4a8754312b8c344219035cffab6048575c0a7bc8a31049195419769908fdc343514eb2fec8ba58c1019,CLEAR,DARKNESS,SNOW OR SLUSH,"OPERATING VEHICLE IN ERRATIC, RECKLESS, CARELESS, NEGLIGENT OR AGGRESSIVE MANNER",2.0,37.5,2.0,2.0
02634b9cdfcfe89c2d7033111bf0c39c69c324ab2d18b4cb179fa93bd7e92911391cd3bf8fa5a51f86ec1dbd263c479fc30793ec9e5142a2b53856c430d3f1b0,CLEAR,"DARKNESS, LIGHTED ROAD",DRY,UNDER THE INFLUENCE OF ALCOHOL/DRUGS (USE WHEN ARREST IS EFFECTED),2.0,37.0,2.0,2.0
02635812aa7ab8ffe2c76bfbfc49c56bf050d8a32f4dd9a0e8b104322d36279047db144520572766bbc68c1751c473c1b17983bec1f507f3767d33229ae628ef,CLEAR,DAYLIGHT,DRY,FAILING TO YIELD RIGHT-OF-WAY,2.0,30.0,2.0,2.0