crash_record_id,weather_condition,lighting_condition,roadway_surface_cond,prim_contributory_cause,total_vehicles,avg_driver_age,total_people,total_injured
0263697cc111fbb8721dc12ff7af8df3202a47fa6b8c2fc2b16709e7fb518ea58f8beec09e37d23b2cce8d7920af7552575955d27d7b0f6979d53f207bfc957d,CLEAR,DAYLIGHT,DRY,ROAD CONSTRUCTION/MAINTENANCE,2.0,38.0,2.0,2.0
02638ef7ecea3e141cf92f5bb183371ac097bf7b2e2b0543e7106d4bc76dc72e1a74328146fff1dafa58bb28b9d0577f2371183290c1b5828d88afdb0863ea1c,CLEAR,"DARKNESS, LIGHTED ROAD",DRY,DISREGARDING TRAFFIC SIGNALS,2.0,35.5,2.0,2.0
02639505c768e619cbb1214b7c77080972d1f0683aac11676f5325e34998da0c99fc5985c3723412a1737d6dd23d9123f2656815bb2f4dd20e3a5511507aed33,CLEAR,DAYLIGHT,DRY,FOLLOWING TOO CLOSELY,2.0,37.5,2.0,2.0
0263c2d0b1a63dcf783ef0661c844f9673034ff469ef5fea0124b4085da79e9cca107b0f7f972bc30d5bb306a75b89d73f73628ff4660d26c82447eb3a8d31d2,CLEAR,DAYLIGHT,DRY,FOLLOWING TOO CLOSELY,2.0,35.5,2.0,2.0
0263de635207d4c4c5c279ee953f92efad64bfa9a7d3d743cdee65b3211775a65e627ba4addb8ad9ea4ea3742bdaee5ebc33acc64fe6a8d822eadfebc5ed84c6,CLEAR,DUSK,DRY,DISTRACTION - FROM OUTSIDE VEHICLE,1.0,57.666666666666664,3.0,3.0
02641cd5d2f2e1823615e3cbe10456c4ec4b2e1902e84cc579ce1698602b374d0ee3ad4bf3fab901710d0a010acb50075d5712a6aa890e71217ecd919261611e,RAIN,DAYLIGHT,WET,FOLLOWING TOO CLOSELY,2.0,61.0,2.0,2.0
026422b08dc41b70a304799a8de72b592c600f24567ed19a476023d73edb1acdf11eb7b27bfdde0ea8cb287b9f593a2e31190fcb6a37bc9c0df09c5e366689f9,CLEAR,DAYLIGHT,DRY,IMPROPER TURNING/NO SIGNAL,2.0,33.0,2.0,2.0
02642533fd4bf8b5d05359ac5ca8051d0e3ea9a9574008b4ca0dca4fe3431d45438e19d348802c4554190dc843f81f9ce7389ea30a304ed204726f8b9439615d,SNOW,DAYLIGHT,SNOW OR SLUSH,FAILING TO YIELD RIGHT-OF-WAY,2.0,27.5,2.0,2.0
0264259f18a3c1b48be7f8b16ac9bd3ed40503dec71702fe5e2de6c31a87c25e5aa63407369325fe68c1de3a512a03fecc4b47807f7f2954ebe903b5b9c5a57a,CLEAR,DAYLIGHT,DRY,IMPROPER BACKING,2.0,29.0,1.0,1.0
026430b9887db99646d0194b8555936f8a56e7413af9edc31462abf0aa5bfec519475dc1df930d211df3735c236557091626f0f1053718aa3589e8535c3e2e49,CLEAR,DAYLIGHT,DRY,IMPROPER LANE USAGE,2.0,62.0,2.0,2.0
02643c0f5b95aafaac48fcc8e5c3071d38009949a7339ad848fd4919930de638c20b164a737f0ac0b8197f4acc5e47537d7c966adbdc02071cc52c11476392b1,CLEAR,"DARKNESS, LIGHTED ROAD",DRY,"OPERATING VEHICLE IN ERRATIC, RECKLESS, CARELESS, NEGLIGENT OR AGGRESSIVE MANNER",3.0,20.5,2.0,2.0
026461f8ca779eaaa5fa23ed7e06552a92bbc5edbc0f3a89fb6027f2d3cad70a0c33313cdce58af931e4cbab909397ff95f43dc24cd10cdedd4dec707171ad09,CLEAR,DAYLIGHT,DRY,DISREGARDING ROAD MARKINGS,3.0,24.0,3.0,3.0
02647211cdc42ab3471b7ab7d50140244b0d2fcb33048dd8999e72e49519e42a605092fd511335d1379064575c6e50e8f5de2015ea7b0ace08ca2190418d634e,CLEAR,DAYLIGHT,DRY,IMPROPER OVERTAKING/PASSING,2.0,51.5,2.0,2.0
0264747d6c29ea77bcd51f62a110fa42c72c1928c996bb16ab3eb8b813544f5cfae11a40357a9f22436ec82ce5473955c45f901764a35d85221862d81ffa2c08,SNOW,DAYLIGHT,SNOW OR SLUSH,IMPROPER LANE USAGE,2.0,39.5,2.0,2.0
02649b6632c441cb2f6ec332fafd3f68745e8a9dd8161354bd547781ab2985eb6c799e51f8d0b554d49d2b5eb25c4e6f496ea38a60c5af7378efc75bf8bb4091,CLEAR,"DARKNESS, LIGHTED ROAD",DRY,FAILING TO REDUCE SPEED TO AVOID CRASH,2.0,28.0,2.0,2.0
0264baed889ccaf787e39bf33f1293397f83e506b6835387cb5142f50a7f87865dee52d278f9079e5d2772c648bac5b38b9e365af5fff8059f2c9b56afa02e3a,CLOUDY/OVERCAST,DAYLIGHT,WET,UNDER THE INFLUENCE OF ALCOHOL/DRUGS (USE WHEN ARREST IS EFFECTED),2.0,44.0,1.0,1.0
0264e6ef86c765909eed6788dab58a419171694c74fb95c5c81d27653f2b88abed339a63989b3acc8c7595de47868837057e2a26a5eca7d7c76807bec53567b1,CLEAR,"DARKNESS, LIGHTED ROAD",DRY,DISREGARDING TRAFFIC SIGNALS,3.0,49.0,2.0,2.0
02650da551c6754235098fc435bd4b1647e69965bb7f0971b214d116334f509449b1287435effb15ca01da563740737fddc3fb8fb01b19b2ee2841d1a42eb695,CLEAR,DAYLIGHT,DRY,FAILING TO YIELD RIGHT-OF-WAY,2.0,65.5,2.0,2.0
02653f81fae8e0846ce0437d50826a7d8349db2db36e952f0c259357a41296ea1d54690bc61eedff045e5e487c9a79248f08dc682b0069ccdb9a8a171a8c33cf,CLEAR,"DARKNESS, LIGHTED ROAD",DRY,PHYSICAL CONDITION OF DRIVER,2.0,47.5,2.0,2.0
026566188eab0192d3411b485cc9530363ad842e92dceb25e71541f6623bd362423b5e729b35684c42dc5df92120a94a949b16c3826b48c48550fd8641b42348,CLEAR,"DARKNESS, LIGHTED ROAD",WET,IMPROPER OVERTAKING/PASSING,2.0,27.25,4.0,4.0
02656aa2dbe06b1d667f149180589afbf4c6539361b2b089a5ec8013a43ff2815f49d640b83e57a008927f89e70e51b8b051e14b2df6e5ba23d6a47325be090e,CLEAR,DAYLIGHT,DRY,FOLLOWING TOO CLOSELY,2.0,27.0,2.0,2.0
02658300e91a8f934184290ecd1583f82ce4c80dedb29a527c975587cc137585c97d6d2854501f3434ba8d9594cdb47027a36c9a69bd285d721b1334e6676f32,CLEAR,DAYLIGHT,DRY,FAILING TO YIELD RIGHT-OF-WAY,2.0,49.0,3.0,3.0
0265922e5eb5f76b97b53008479d0aa21c0936ea807b4bf3817d3c2a4eed451138aca89542ce50b03fdc83fd10ba6de6888ec199bbd9e3df90c64faa0a1e89fe,CLEAR,DAYLIGHT,DRY,IMPROPER TURNING/NO SIGNAL,2.0,47.5,2.0,2.0
0265c63ce9fde112fa72f07e5b363ae1bbf9d4e03cd1273e1d87c2edff35f8d1cab438465258dcfbeeaa646fcfe039d16f52deb3c1dab77f2050bd61b32ba1c8,SNOW,DAYLIGHT,SNOW OR SLUSH,FAILING TO YIELD RIGHT-OF-WAY,2.0,39.0,2.0,2.0
0265c73a5854bbda8c3a97f9855c52cbb9e19c50dccc5d6f02fbe6d7289ff2f20c74c62cb1aa5b7e5bd1375ba277c4dea97a4a3debbb754ecf439d123b85041e,CLEAR,DAYLIGHT,DRY,IMPROPER LANE USAGE,2.0,30.5,3.0,3.0
0265c74f6af3167c2572c5226cdde42a677228a19b04fa4a0b8c1b3b7fe8ff534842e1e94420831db84a2c06d1687ca2ad90bb342c4039ef3c565e75690bf2f7,CLEAR,DAYLIGHT,DRY,FAILING TO YIELD RIGHT-OF-WAY,2.0,52.5,2.0,2.0
0265ca7b5055b666634c16af22ec9ead1789513438feb7522623e03837cbf5f30ed781d17caa374888051c85e478af7dfbf489bfe77aff5f2ede8057ad69b3b7,CLEAR,"DARKNESS, LIGHTED ROAD",DRY,DISREGARDING TRAFFIC SIGNALS,2.0,36.0,2.0,2.0
0265d13315ae51de4c5a162025f84145d5725437d9ee3b767d1c6323fb303c627724dfe708a9b02188ecd82487b9cb3624b8875aa0f8d705804bdda4fcc09a4b,CLEAR,DAYLIGHT,DRY,FAILING TO REDUCE SPEED TO AVOID CRASH,2.0,44.0,2.0,2.0
0265fa72b26962eff0ff8cbfc3d94395e97123e2ac39c92344e83b119ad9d7abce86dee4bd16682745fe6f0f4dd54b28af1ee04d979d685f4b434d630d45ccc5,CLEAR,DAYLIGHT,DRY,FOLLOWING TOO CLOSELY,2.0,29.0,2.0,2.0
026625f47a94c7590464254f2e0b1ad626224a2c243bd62f95a084193920222da94126b3d3c8708b3e9d9529976e038b75573a16ef2aa635edf3d7d0a1ffb613,CLEAR,DUSK,DRY,DRIVING SKILLS/KNOWLEDGE/EXPERIENCE,2.0,35.5,2.0,2.0
026628d678ae9a391acb87ee8e5515dee3597fcc5991e45d8c26f82d1786c9af38dc8d6e0c15a1dd2e00e43ea24a912565d4286213f300d83238a71ac2d77859,CLEAR,DAYLIGHT,DRY,FOLLOWING TOO CLOSELY,2.0,27.0,2.0,2.0
0266884270de31f2ce97fbb22bc6a51f03d9509e117905bd82c61956c7b5eeec3f4cee8ef82b3755e9eabf6121bb08372705146d7828c1eeb9bca88bf2f20dde,CLEAR,"DARKNESS, LIGHTED ROAD",DRY,IMPROPER LANE USAGE,2.0,29.0,2.0,2.0
02668f1c2182938d8ab3ad3d6e29935fe9c4ecd645a0b847c1bfd64c3eed0ea22665107865e28072a073ff0927043368081317748afde2b429b9bf3514834b06,CLEAR,DAYLIGHT,DRY,DISREGARDING STOP SIGN,3.0,19.0,1.0,1.0
0266a096b31019cf4da16d89f016a42beb2cf9bf25928a31b06fd38cea12ed59df28f5914e2b34c47547a645fa3dbbe5422e98669acb21082fdf9154c1045bf2,CLEAR,DAYLIGHT,DRY,IMPROPER OVERTAKING/PASSING,2.0,28.0,1.0,1.0
0266e84d05ca87f1cc979814513275bb9fb1ce011049bbc9e3f6d61e96170cee6a4744d2505d95200510fa8bc5dc2c2e6e290f44b867feabf557b9094f153612,CLEAR,DAYLIGHT,DRY,"OPERATING VEHICLE IN ERRATIC, RECKLESS, CARELESS, NEGLIGENT OR AGGRESSIVE MANNER",2.0,32.0,1.0,1.0
0267026b3dab22742b159558bda473d894223a8ba054f1dd3b80c18d8ae3880284b6529a2f1f362e9ea7db55ae5716545f1a2ce5d194fa552be775e6e01fd0b9,RAIN,DUSK,WET,WEATHER,2.0,43.5,2.0,2.0
0267129b7c655d359a7df44e2c69fe55fe5916b4c3d87b7f0ff8c48ee22174c32fbd481eaeee1d03783b0607845bc2195b79a0d33fb2ba94a17d13652f01db6d,RAIN,"DARKNESS, LIGHTED ROAD",WET,FAILING TO YIELD RIGHT-OF-WAY,2.0,34.5,2.0,2.0
02671b7d36a9d189d607778816fec23bbb2e5ac3cd3039a4cc351a1f839fcc8dc9ff54c43fd87d247c05507f431e8b2d4436bc3417f561a00431094dbd8f60fe,UNKNOWN,UNKNOWN,UNKNOWN,FAILING TO YIELD RIGHT-OF-WAY,2.0,40.0,2.0,2.0
02671ccaa8ccfdf73164d2027eca93bca4b983c77aa5f9454c1ed91fcf0c8005f41de446663f05e61c217568e05ff834cd136237f0736fb8ec6b588d47e3aad7,CLEAR,"DARKNESS, LIGHTED ROAD",DRY,IMPROPER OVERTAKING/PASSING,2.0,43.5,2.0,2.0
02676f62afb714479911059742833b80013c062c37baf43c128ea63a279a72bd23210118b8825ddf8bf399c725a828407420fb8e179f99d045484c9804ace842,UNKNOWN,UNKNOWN,UNKNOWN,DRIVING SKILLS/KNOWLEDGE/EXPERIENCE,2.0,37.5,1.0,1.0
0267724bed751559b9a8e03715064630b3257d536c6d64a6c520d66565321f635ef367da179ed89516afa4b82027a58e1750af1364380fd964edf260994a5564,CLEAR,"DARKNESS, LIGHTED ROAD",DRY,IMPROPER LANE USAGE,3.0,28.0,3.0,3.0
026783a6ff083c7e703cb787a10e3b7d4c0c2742afc70ee8e3697349174e4bed81492a507aeb5b63d28883c1d4f5133cde3f30b165429cba9ad77d5a40fbaa18,CLEAR,"DARKNESS, LIGHTED ROAD",DRY,IMPROPER LANE USAGE,2.0,22.0,2.0,2.0
0267b001f35b96d17e9e0de1afe40c15c80623a22c90c66d192992ebd069fc6aefadf7e62908102f6587a387e39dcc66b2aa3670dc62f513a10ed238625713ef,SNOW,"DARKNESS, LIGHTED ROAD",WET,WEATHER,2.0,29.666666666666668,3.0,3.0
0267b299d3db4cd64fe1c682f2033c5e0f65867104cdb86c1c8e655e42c317193a6d4622e83f0a31ef25eae9573c19930a3f015ad802826232f2da7df6cc8ac2,CLEAR,DAYLIGHT,DRY,FAILING TO REDUCE SPEED TO AVOID CRASH,2.0,43.75,4.0,4.0
0267f43dcb10a451f5f712d9fba9681b4b819b656124fb8aced2852fdf46a20c5f817ae8a35ffe12f82488ec6089f9c0f610cdcd252fc87f14163b25b8eea8fa,CLEAR,DAYLIGHT,DRY,IMPROPER OVERTAKING/PASSING,3.0,39.666666666666664,3.0,3.0
0267ff9d90e34f2fc1ce73f1af2f9600e2753f92c855e967bb4942b506b5571778d398503f9429f76b7f0f558d74bb9c1311c7d0e297c4426f0fbc6233fecd1d,CLEAR,DAYLIGHT,DRY,FOLLOWING TOO CLOSELY,2.0,36.5,3.0,3.0
026804384a39b3723ca679b894226f5ce6b2453b848a89400c63ceba7cef2bb012030a2f37c8b673dc505c67d7190e281355c14933e42f690b498bb1511f3e2f,CLEAR,"DARKNESS, LIGHTED ROAD",DRY,DRIVING SKILLS/KNOWLEDGE/EXPERIENCE,1.0,21.0,1.0,1.0
026809d7526c37e19d0ea0b5b27f03f840766390d0a2bbbfe69c474f6a8d7fe8fd9d0fd26a973a1fff578d9b2d52577dea98abc4f822092d4c10b72bd0773246,SNOW,DARKNESS,SNOW OR SLUSH,IMPROPER LANE USAGE,2.0,60.0,2.0,2.0
02680b4ad6e3f4526678ce8b4eadaf0ff785d4ad495324d00faffaf77a28613c83be004cf9bbcde5cc5892367d0fa0abc2cea6ce9f4c4efc2587c36b65b3b30d,CLEAR,DAYLIGHT,DRY,IMPROPER LANE USAGE,2.0,23.0,4.0,4.0
0268116f065ae0906d1ff5d59b3fd51e871df5c4435e514dc7c00d3a8cab4eeafe4394dff55b7557cb8ee814c35b6cae1f88746d31d372eeca618899bfe9adff,CLEAR,DAYLIGHT,DRY,FOLLOWING TOO CLOSELY,2.0,43.5,2.0,2.0
02681fb9558838f02b63266f7f15617e815576cfb261fcb45cc009686a23c239a447589ee65f981510d595ad06aa554c6b12fab55057f6f94a20c71a7f4b9b29,RAIN,"DARKNESS, LIGHTED ROAD",WET,DRIVING SKILLS/KNOWLEDGE/EXPERIENCE,2.0,31.5,2.0,2.0
026841fda74931399b28586cecc0d0fc1d2fd553820a293ac27627f9ccc2a4515839beeadeb98e9ad85836e49bdfad872868534f51cfc8c7c75442cec8447154,CLEAR,DAYLIGHT,DRY,FAILING TO YIELD RIGHT-OF-WAY,2.0,88.0,2.0,2.0
02688eacb384ae02a08920c8174759dc03a259af9b33fc5da4375d5f8b87fe39f98770e55ace8c5ee12b452b2070903765931a0d82548d0d22cf6f72ad7b68f2,CLEAR,DAYLIGHT,DRY,FAILING TO YIELD RIGHT-OF-WAY,2.0,55.0,3.0,3.0
0268a3212b3d0bae4b3a913f5f7e4911980134fdb7796a9b0f0a9d041f63a738888330caa2ed8b4c97345ee95aa4f1a4539ba734f0689e33da0fa55b05d5e9e9,CLEAR,"DARKNESS, LIGHTED ROAD",DRY,DRIVING SKILLS/KNOWLEDGE/EXPERIENCE,2.0,37.5,1.0,1.0
026903158c4c2832dd460b74374f52960b75284f2d207f368efba4d9104a328c143f59639be30280bde927e5e2ef076724740b9b55631a62fcd6694da42a5b27,CLEAR,DAYLIGHT,DRY,FOLLOWING TOO CLOSELY,2.0,35.5,2.0,2.0
02691f32dedc616b569f1ee2c23f6e483de252193e3f29af5e8f75f08916607799039d739ebda51d7a6c8d08b8eb1e53e23ad7b24bdc04b9e01f539673995b5b,RAIN,DUSK,WET,PHYSICAL CONDITION OF DRIVER,3.0,27.0,1.0,1.0
02694b96917e3d539e8ee2668223c13d09aac81c6928f9ba7f26e0da34492d45008a15e196c89b456feda46f0cd7f3713ac09d0ea321284f0673badbd8aac5f1,CLEAR,DAYLIGHT,DRY,IMPROPER TURNING/NO SIGNAL,2.0,36.0,3.0,3.0
02696dcabcea8f986b4c11e7800da92c3b3fbe5197decd1b2e0019b5fea8f691225c1f5337c6673f910f09150c090e730349d795c2a1501ed2524758b97f0f54,CLEAR,DAYLIGHT,DRY,IMPROPER BACKING,2.0,76.0,1.0,1.0
02697ab853964d96ed9a2b0d30cce30c08a38ce099a322be235e5fd19d539d889d66a3bc10711de3bdd874fe7c46e05209c11be80ea3fb23e0afe0a4d07d5227,CLEAR,DAYLIGHT,DRY,DISTRACTION - FROM OUTSIDE VEHICLE,1.0,19.0,1.0,1.0
02698b5e46836f2da9a7adee30349007893724b586d8fed74fae268b0a93641aed5b50effd1864a8780c45b8d4ad7310d34042840c36289c1c039be1acf84987,CLEAR,"DARKNESS, LIGHTED ROAD",DRY,FOLLOWING TOO CLOSELY,2.0,22.0,3.0,3.0
0269e8342be2394fc7456c46641aa1a6d196bcb0ba0b0a3107202e96078abf9e58512a3fd7080312aa1d66c3afd2c6e697d44ee68dc1865a890b555a65c0ec5f,CLEAR,"DARKNESS, LIGHTED ROAD",DRY,DISTRACTION - FROM OUTSIDE VEHICLE,2.0,49.0,1.0,1.0
0269f76248bd83a8331726ecfc315fcce6f9d3c5b7bda8db68150126fc110a53faea0750fd4dcacea00532bdccfa870245ada3da5f7d5d011ca8ae8a0f07b62b,CLOUDY/OVERCAST,DAYLIGHT,WET,FOLLOWING TOO CLOSELY,2.0,34.0,3.0,3.0
026a2790a5e9e06fcf5ec6883d5f1a18d7509c13ee01102c40fdff9a6eac548dbfa4644815aeb5e7894c9cf218166cfa061d1cc032c3c26c298c4259dc3dedb5,CLEAR,DAYLIGHT,DRY,"OPERATING VEHICLE IN ERRATIC, RECKLESS, CARELESS, NEGLIGENT OR AGGRESSIVE MANNER",2.0,37.5,1.0,1.0
026a6d5a7cfde6df0827a036b2ac9d3cee200c3e1236917e275ef6e6f69e98db4a1f0ab7af250aee4c4fb5ff8cc80b40716c8788a1bbc6104827ea3a7db99b05,CLOUDY/OVERCAST,DAYLIGHT,WET,FAILING TO YIELD RIGHT-OF-WAY,2.0,42.5,2.0,2.0
026a78f6401168ad8e62c66ff442bd0c6792391b816953c5a4755f8cd4a3f52e202a962120a57c1568b9b5eb0290f1d9feaa68ff38cc6ba183d01c4838fcd44d,RAIN,DAYLIGHT,WET,FAILING TO REDUCE SPEED TO AVOID CRASH,2.0,37.0,2.0,2.0
026a7ed39a471590adf91f8647c49dea10bc4f39b2bc0283d318417a97f0f17b21097801823b65f9cea070ef2cf0efc494ba796672fffbdcb59960bda8d51d63,CLEAR,DAYLIGHT,DRY,FAILING TO YIELD RIGHT-OF-WAY,2.0,29.5,2.0,2.0
026a8207097baaf482ee910cf854f5a43dc9a3d064381556dd9dd309e0ae00f2079723ebc0f87e679594ee6088e213ed31f78ae2d3f9c7051864ff483433d886,CLEAR,"DARKNESS, LIGHTED ROAD",DRY,EQUIPMENT - VEHICLE CONDITION,5.0,21.0,1.0,1.0
026ab388b104de84070b57c09b49c83d233aaefd3314017314f6fed714c41e65963ca90ceda3161560043007e3bf82bae9d255f190b1f4b81d1ef08569c1dc64,CLEAR,"DARKNESS, LIGHTED ROAD",DRY,DRIVING ON WRONG SIDE/WRONG WAY,2.0,36.333333333333336,3.0,3.0
026ac3968ada25d3991c81d72ca1b1f1b9838a83a3ab699b980f412556ddc3715b5c84f4d587c121c393678eab9c1b6f8b3f2ba300a232035d7a9f7492118216,CLEAR,DAYLIGHT,DRY,FOLLOWING TOO CLOSELY,3.0,37.0,3.0,3.0
026ad32eefdd53446d7d6ca6f314804a953bbe5927b92be5d2f7ca89e7c44069d1d1d48fac3b1dbbb28a9cf4daff6eed94f3fe4042403dba510ac1fa4a949ba0,RAIN,"DARKNESS, LIGHTED ROAD",WET,UNDER THE INFLUENCE OF ALCOHOL/DRUGS (USE WHEN ARREST IS EFFECTED),2.0,50.0,1.0,1.0
026b062f2abf941ea4942a7a8951cf1833cede90f5bfa43860e9e785778b4f1e1cfd9ae9bae860e7aaae569b2e7be08ae9d51fbd1f61a5fcbe89f4d9e1c58ddc,RAIN,DAYLIGHT,WET,FAILING TO YIELD RIGHT-OF-WAY,2.0,33.0,3.0,3.0
026b5e6e3ac9f527cbef2acb3cee496b9ff58d2974c318c4bf689f98c0dbb54f01b9632540963bba93344a1759c1770f8dd25619e94ad38bbe6d955d27f7cc50,FREEZING RAIN/DRIZZLE,DAYLIGHT,WET,IMPROPER OVERTAKING/PASSING,2.0,50.0,2.0,2.0
026b65e12cad9657985f1d1cf0f14e99abdeb4238eaffc5a40615c1b775607f839a66b66626b00242b40baba84e57fccc16d0445472086146f15d27568519fb6,CLEAR,UNKNOWN,DRY,FAILING TO REDUCE SPEED TO AVOID CRASH,2.0,43.0,3.0,3.0
026b79c78ffb2e796d4aedd43ca2c944ead0aa8a1c0ebdec0160ef90f1e17827d69d17caecd5908bc603dd4cc5b691a4d3e3b2862885efb7130df6eef7632e19,CLEAR,DUSK,DRY,IMPROPER OVERTAKING/PASSING,2.0,51.0,2.0,2.0
026b899ba87570e1ee3b8da4e23e1ba175894c238b39a88cb4fd3210cd2d05b995d19b451c46c28619149e7643ae1d45c664ea446c56dd67c29eed1423f759fa,CLEAR,DAYLIGHT,DRY,FAILING TO YIELD RIGHT-OF-WAY,2.0,18.5,5.0,5.0
026bafaf591ac13f3c640f802ee04e4565e206b55d573bc90c4124a0017ef3a9e7bfba9daf9040f54297481bd7c1a60a5e2a2052bbb2f8600e0fd4df2316f7d1,CLEAR,DAYLIGHT,DRY,UNDER THE INFLUENCE OF ALCOHOL/DRUGS (USE WHEN ARREST IS EFFECTED),2.0,43.0,3.0,3.0
026bcd946e29a433d5caaa1d4d80d98f30dd759a0ce145b24931763b3e373f2c152b4c830dcd4edd33a8b6a7e7cabb8b80b35ac1539393e83f040c0501ecc25a,SNOW,DAYLIGHT,WET,IMPROPER LANE USAGE,2.0,39.0,2.0,2.0
026bdb4a8d57043d1da7bae9302f95ece8be698142a8f10ddf32b027d39f71b4930f6bd5a2b63571aa373d05d762e37c0aeb798b1acb5d0a5abcbe9998cd036d,CLEAR,DAYLIGHT,DRY,IMPROPER TURNING/NO SIGNAL,2.0,44.5,5.0,5.0
026bf453ed03b5048ce63f1fe7cb76e85ecb614a8e9f063bb4bac8adfebfaa03b0dc2b0b2b3596bba5e487bfad5d1f98fab671901d79f5e1e36d358faef7f785,CLEAR,"DARKNESS, LIGHTED ROAD",DRY,DISREGARDING TRAFFIC SIGNALS,2.0,30.0,3.0,3.0
026c31c958f38a56a6f9c3e51b7a36890cf37a1077d8a4d399ea856d7f1e57fe937829fc8c791ffa5ec0fb0b7bc4d2eef8b2c36a5b22552b86355b3551b768cd,CLEAR,DARKNESS,DRY,IMPROPER BACKING,2.0,33.0,2.0,2.0
026c9a111e3e367e4b4a59c989c0c384e133da959fd0e21c586b74c1d13f80446e2116d37eed9338339e7535c1e9e15ed337bba0912bbc87e26b0514d8cbe635,CLEAR,DAYLIGHT,WET,PHYSICAL CONDITION OF DRIVER,2.0,28.5,4.0,4.0
026cba8cacc269b559b4cf4b958e1d43392b2703801223f7287a2ccdf5927c084525e5c4b1732359578ab946a91a59bce29eff018834a0ee3bababa10a8201e6,CLEAR,DAYLIGHT,DRY,FAILING TO REDUCE SPEED TO AVOID CRASH,2.0,25.0,3.0,3.0
026cc2c6be8affe6bce88e0cc52dab647d9764f9f80ffb7c78c01fa6db42cb75aba5fa0cb832d188a75753d1b946a6a10eb87b7c67b299003e0887b97f447dfc,CLEAR,DAYLIGHT,DRY,FOLLOWING TOO CLOSELY,2.0,59.5,3.0,3.0
026cdcd05b1d4fe7a998361ebd4f7525a4ca69144ef65c7d0d7e3296843e9dfccc0d9fe4a4b7ff5206fb7660e83fe45efff2e2f8c25143c0df5c261dc2259c63,RAIN,DARKNESS,WET,FOLLOWING TOO CLOSELY,2.0,60.0,2.0,2.0
026cf03276ff7125a910e5120a9b1ec0ed827a6903caa85bf2b8a085f8badbd2e59cb2b30f7e04ea09a4507bb20723140181ec25fac1290d06abb0aa2e4aedfc,CLEAR,DARKNESS,DRY,DRIVING SKILLS/KNOWLEDGE/EXPERIENCE,2.0,37.5,1.0,1.0
026d0ff035356a0c65e9b72edb924e5642c2e3c6c77ff7d0245dd1875064fd3d0657a172c6ff2ca8b84056bcd9a95e09908b9a5432da99aeb13ccb990113c691,CLEAR,DAYLIGHT,DRY,FAILING TO REDUCE SPEED TO AVOID CRASH,3.0,30.666666666666668,3.0,3.0
026d3034b255dba1019a66dd508f585b69d4322e5f6345bf1e8f3a98439d705b6b79d777b50bbba777ec00c7b567e4ad36f12c2ef55d37933b561efa9ddb4517,CLEAR,"DARKNESS, LIGHTED ROAD",DRY,DRIVING SKILLS/KNOWLEDGE/EXPERIENCE,1.0,28.333333333333332,3.0,3.0
026d97be705e130dc7358fbaaba058bfb3bc4bf90191c370a350dfe64e8dc351f0874a8a6d60062f95ae67ec0fb959360adc948faa2dde7ed69c04a856e41d07,CLEAR,DAWN,WET,IMPROPER BACKING,2.0,37.5,1.0,1.0
026da610af18434f9dee48ea0fb5531573751d05499e17e7bd6492ff774d41ee0d4eb2428b92822695ef552fb80c1d115f6afe5a5c3345ec898e2c797b19a86f,CLEAR,DAYLIGHT,DRY,FOLLOWING TOO CLOSELY,2.0,38.333333333333336,3.0,3.0
026ddfc1e4f55a4693b2af7e4a90333c5b380991f513002f05c0a61855f57f1f78e1ee0e826c799cd2d12052c288966ebfda8efb7251597784e83d18a693bb2c,SNOW,"DARKNESS, LIGHTED ROAD",SNOW OR SLUSH,WEATHER,2.0,38.5,2.0,2.0
026dfd363d5542a727d13bf1a2de3d2833fd77d3fe5e5af0ac63ae79418247206255a83f7225b335655a074664896f7d5a29d975c3bdb81e749bda1895a2b6da,CLEAR,DUSK,DRY,DRIVING ON WRONG SIDE/WRONG WAY,2.0,46.0,2.0,2.0
026e0e748d6397b1f6b244f016fe48e8201e32f5ffce22bb4c7bc53d8fe52f79f2ad563c0a917da84692c653786c2d8e017efba698b2fea88f741cb55e8a6add,CLEAR,DAYLIGHT,DRY,FOLLOWING TOO CLOSELY,3.0,49.666666666666664,3.0,3.0
026e4b8acd5846af5ad4f3b458c963f8ef8179ec45e6b2c3d077fc861b62b62581dc7578e00d14fa85695fdb389ccb419f44bd15b889ea6ffac056cfdabd1ace,CLOUDY/OVERCAST,DAYLIGHT,WET,DRIVING SKILLS/KNOWLEDGE/EXPERIENCE,1.0,64.0,3.0,3.0
026e542c7901de55353be27d63b02e5a597120fd08f565b1fb3414fab542b666c65f519b446a270cfbca95f1bd4dc100bb1a73c47dc14a8d66fdf02884faba8c,CLEAR,"DARKNESS, LIGHTED ROAD",WET,FOLLOWING TOO CLOSELY,2.0,32.0,2.0,2.0
026e6fe17b79a742204c9d0c799ba91413db398ea67376b426bff91c7637b0afcea7ae9182556fc40aeb4a13c2485f7a1491111cc592da2f6ca833d7a1b394f8,CLEAR,DAYLIGHT,DRY,DRIVING ON WRONG SIDE/WRONG WAY,2.0,43.0,1.0,1.0
026e9bd592604392e5547085eb2fbfa0f6572a0198b5daaac43b4143d5583e2a574778f29479e8ed92d1c5b69043ac60b393ee8a7d4d6fc68f4a5930f259f847,CLEAR,"DARKNESS, LIGHTED ROAD",DRY,FAILING TO YIELD RIGHT-OF-WAY,2.0,41.0,2.0,2.0