crash_record_id,weather_condition,lighting_condition,roadway_surface_cond,prim_contributory_cause,total_vehicles,avg_driver_age,total_people,total_injured
026ea67ffca95005b064f2b290f8283e9f7553156ccd4dafbddbb566cc03fbe55dc1c2ba1fd5224ccccedecbe3362df83c9982e8ea3a6f2ec8a83bc124d344d8,CLEAR,"DARKNESS, LIGHTED ROAD",WET,DISREGARDING STOP SIGN,2.0,37.5,5.0,5.0
026ee2b75120229f3c670c2f195d3d81dc9df1a1fb3e35ee12e13d9de4433d12a7c6dc985f9fd0446ec69a6dac4fcdac3f874eab0bf233c227860935c150a36c,CLEAR,DAWN,DRY,FOLLOWING TOO CLOSELY,3.0,40.5,3.0,3.0
026eee179c4619e5dc34de39ec42f89e3468e1cc756b108a7296084252780f373a441ce3032753b8798db47d29523b2d45fd91d26251b613aa1cb5abe22192af,RAIN,"DARKNESS, LIGHTED ROAD",WET,DISTRACTION - FROM OUTSIDE VEHICLE,1.0,34.0,2.0,2.0
026f080386c4407cf00df4a76c76977b2d591e6f11d94e4f388e33d4d3a751e19e0f36203fe4d8f654abb0a7ea07fb36f3291fcce41a81dccde74b7242604362,CLEAR,DAYLIGHT,DRY,FOLLOWING TOO CLOSELY,2.0,26.666666666666668,3.0,3.0
026f0b6fb5c61fee643582af2f6ec6e052f64f63f32622b54c06a8d32fe0a80dd041cbfd9419821a069b8391fe324c77e43504b8492b3ecdeadebb53a5a54da5,UNKNOWN,DARKNESS,UNKNOWN,FOLLOWING TOO CLOSELY,2.0,27.5,2.0,2.0
026f732ce9f00a44866078e96f9db842cd9e84f6be5df3e62c08fb9f1298d5d1d01b02612ed0899b2694decb1a7b8eafc10392a63ea1d8e44dcb42b4b263ae4f,SNOW,DUSK,SNOW OR SLUSH,DISREGARDING STOP SIGN,2.0,27.5,2.0,2.0
026f8139abde4dee4531c30bcd4ca06fbe7374cd4481571b04f69e4f919178d1127c69bb24b3b9e25ba223b3f3805e22f063f1a7f55ddf4b4717f2d1b3455d71,CLEAR,DAYLIGHT,DRY,EQUIPMENT - VEHICLE CONDITION,2.0,68.0,1.0,1.0
026f8fdf6cfdda927ab7beaca2fbabc14aea80616126864d22f12d48ff2ffbaa855f6a2f7a328964bef3f9adc352ad9a471904a47304f21640117b5237ec3de5,CLEAR,DAYLIGHT,DRY,FAILING TO YIELD RIGHT-OF-WAY,2.0,20.5,2.0,2.0
026fb9c46c898798a51472438f94c324202646b173ad7c025baa6e3327511fec35b8277cd4f299bc8e48a872306e5cd1794d0f822b34f4aea05c5f410e6729dd,SNOW,DAYLIGHT,SNOW OR SLUSH,WEATHER,2.0,30.0,2.0,2.0
026fc13e8d6082d0876129651011d61a59fb040280ab932e20058469454a59c134deac5a4071d55d62126e1944830a9d2a8a587a4af836a55f0424b39c2eb322,CLEAR,"DARKNESS, LIGHTED ROAD",DRY,"OPERATING VEHICLE IN ERRATIC, RECKLESS, CARELESS, NEGLIGENT OR AGGRESSIVE MANNER",2.0,37.0,2.0,2.0
026fd0aa5ff92b0b3c8e18f1932f3c4b1e47298811ceeddc8dcedd8169f7f4ec70a3aadac9aa1104dcc3ec9696774ab95ea39dfb3f9c8858716498f24470b095,CLEAR,DAYLIGHT,DRY,FAILING TO REDUCE SPEED TO AVOID CRASH,2.0,31.5,2.0,2.0
026fd82305611c797763d987d2d261c1a4a454771da3a10beea163342542d9e4b04c3bbf94004ae7a27040da0553a27cc3dba8a57d6280ef28f4dee788022194,CLEAR,DAYLIGHT,DRY,FAILING TO YIELD RIGHT-OF-WAY,2.0,33.0,2.0,2.0
026ff5bc78cff1772bbe96c66d5195d22d8ac4a45870dfe1df5936108c6834fc5bae742e9aa92b7dda3983cd9b148dec9d042c0496d5c78c82ee0b6284ecf752,CLEAR,DAYLIGHT,DRY,IMPROPER TURNING/NO SIGNAL,2.0,32.0,2.0,2.0
02700fb8befa7b68f4121821dca0c6fb2d29e8d5cfd99766709c64734fcb9f5a2117ff6f1c34608bbdbf3d63be25521b8f44266a0c8fe4d94b348ee11c9ab8c9,CLEAR,DAYLIGHT,DRY,DRIVING SKILLS/KNOWLEDGE/EXPERIENCE,2.0,43.0,2.0,2.0
027034145b5c83badb90485cfc946356f32118a50d651167ee722c2d4c48cd6e5ec15dcff72b6145c60aa0f0985d489c471c2a614829b1d60a8c2ef70d4a2c93,CLEAR,"DARKNESS, LIGHTED ROAD",DRY,IMPROPER OVERTAKING/PASSING,2.0,58.333333333333336,3.0,3.0
0270437270b402a5a6b73ec53515cfac2c25ec23f62dfa55de102801c864fd8e558bf8953a8fe2621f1e60fde8e2a6ac36ec3642420d10fb05fa99ca859f805c,UNKNOWN,UNKNOWN,UNKNOWN,DRIVING SKILLS/KNOWLEDGE/EXPERIENCE,2.0,71.0,2.0,2.0
02706c40815d2a83f36ba6564c56ae4c3cf75dcd504cff983c5d74a1c11fa27c643cb45c9a4562d546d5e873d581677bd5fd0ed5917ead511b990b4d908a3905,SNOW,"DARKNESS, LIGHTED ROAD",WET,FAILING TO YIELD RIGHT-OF-WAY,2.0,37.333333333333336,3.0,3.0
0270780397aa3bbe0e0172a1e09b6214d87f156c25599dc2d85a8d6459787cec88049ea0ad96b34281a09764d8d293c161638cd4694f2939d603b9f017d93671,CLEAR,"DARKNESS, LIGHTED ROAD",DRY,PHYSICAL CONDITION OF DRIVER,1.0,28.0,1.0,1.0
0270a4f349a9ddcfb32ffe39a1d50d900934c7d696a94200ae075fd940d9cf777195b0c8a2e0ac2919608017c704accba7b47a3a67309b9de5dd20fba8c28929,CLEAR,DAYLIGHT,DRY,IMPROPER TURNING/NO SIGNAL,2.0,28.0,3.0,3.0
0270aeb0bd9e15d0c892d047820e85491718349fd41a6a489d4914bd2bb08c3c033db3fb180ff2a46cacec1976a2d8e9cab0fa3f016ffbdc24bad03e9f7d5593,CLEAR,DAYLIGHT,DRY,FAILING TO REDUCE SPEED TO AVOID CRASH,2.0,37.5,2.0,2.0
02712667a501e4d875da794af9eb6015ea09d300c384660f7ee3b46a8e93d938496eef960e57f890304f4c41f3744c29343dde984279f4893e8fedc721746dd4,CLOUDY/OVERCAST,DAYLIGHT,DRY,FOLLOWING TOO CLOSELY,2.0,34.5,2.0,2.0
027135c7937edae41cbf85accc5f4411d81e01fcac3070b07e64fa69b8b06fd17ce1310af2f8f114bf2fa4f0097d621093f3fd3c63a31bc6245ba908588a202f,CLEAR,"DARKNESS, LIGHTED ROAD",DRY,FOLLOWING TOO CLOSELY,2.0,16.0,5.0,5.0
02713b3ffe1e0e59218588f9220042897a3964d9c0004eb19bafab843beaff5671a95f675bc7ccb8633b4f8faf2faa10a8f7a039d8b89c7011c2c88632875bae,RAIN,DARKNESS,WET,IMPROPER OVERTAKING/PASSING,2.0,45.0,2.0,2.0
027140b88e8aed66bc5daf8198922d9652455c3ced3463a6e138965083bd34c1680272c09c1a0419621cbcd3532fcfb9576ddf8ddf0eaf79daf0671b7c264353,CLEAR,DAYLIGHT,DRY,IMPROPER LANE USAGE,2.0,30.0,2.0,2.0
027151bd5dd2badf98e829b928c783559b1e0adb285023b4666c0c3f027851cf35d1356dd35ae31c2d301cec07d384b018a694e277031a9766d557b2fb195084,CLEAR,DAYLIGHT,DRY,IMPROPER LANE USAGE,2.0,30.0,3.0,3.0
02715ffb549350d2daacfb85bcaf408b2824a4223a7b8a8176f073542dfd2bca9883cfb7abea33e86a1ba0fc2ad671401a82c240cde7c400b1c3755508c668cd,CLEAR,DAYLIGHT,DRY,DISREGARDING TRAFFIC SIGNALS,2.0,35.666666666666664,3.0,3.0
02717a455cb800cf5418f6b89290c6d566e83ddb6458243bfb3d43f1552e131b5495ebcf3906c8a55f335d6a88c051fe87b11abfb3d8fa43ad7c1759226457fe,CLEAR,DAYLIGHT,DRY,IMPROPER BACKING,2.0,27.0,1.0,1.0
0271f3c21d7133ee6a3bc481914f639a6e5744086435db412ccd3bdb1ae463d99560a14dcc683ad7cd4e144d5eea770177a7df3fa2308b33b5bcd1733f679115,CLEAR,DAYLIGHT,SNOW OR SLUSH,IMPROPER BACKING,3.0,34.0,2.0,2.0
0271f64b8e50a8755f81909f8c855acd9663883d406a10a31d8fbb39bf2403e9a8b4f1f2e71f9c4b0abfbc65061b93d90080bed6394c0ecc1b5cdd743edd2a24,CLEAR,DAYLIGHT,SNOW OR SLUSH,DISREGARDING STOP SIGN,1.0,53.0,2.0,2.0
027200dc91fc777f0c4909b61c27b04fc5401f69154f24ca7a8c8738f89f08b01b4a020fd408f9a88e7299473707b45a27b8051c07377559eeb95ab341567260,CLEAR,"DARKNESS, LIGHTED ROAD",DRY,FOLLOWING TOO CLOSELY,2.0,38.0,2.0,2.0
0272b96fa7b6201155279a5bf2e40575ecdaa0fef6abac3081c341a51336a35685a643c0184a0a55d83c33f70792eb41e6089e241d8618d1d3a40d583a22f6c5,CLEAR,"DARKNESS, LIGHTED ROAD",DRY,FAILING TO YIELD RIGHT-OF-WAY,2.0,44.5,2.0,2.0
0272e9bc25d15f95d4777f9e99fa03adf945ba45115db7fc201295437988d4f6fe81f42ab8adfff7ed4a2bdae0b51f9618c65427f95e989e653983d1dc7256a5,RAIN,DAYLIGHT,WET,FAILING TO YIELD RIGHT-OF-WAY,2.0,37.0,2.0,2.0
0272e9d51369023f69a2888b3cfb90ad4fc87725d881e24a592560b716f466b6b0018178e5db8f9a950179ccba80cbb185ec1b49f05053eaf73f49894905acd2,CLEAR,DAYLIGHT,DRY,IMPROPER OVERTAKING/PASSING,2.0,52.5,2.0,2.0
02731fdc1b7aa986c5ae6d5249477406eed70ac280bf755201a51118509e1d1227419be6b576ce5ae6bb316a14081387a99572a3696ac414585b4ca686643999,CLEAR,DAYLIGHT,DRY,IMPROPER BACKING,2.0,61.0,1.0,1.0
02732536570de7ce3fe5c0011a435493e717129735e2674bcd43e53bdb370705a3ad1bbd45e1ec3715213a800f391e8ad8eb0cde9e0f76ed878aecb350ac45bb,CLEAR,DARKNESS,DRY,IMPROPER TURNING/NO SIGNAL,2.0,31.666666666666668,3.0,3.0
0273420b35766734c6846fb17763c9db0b78ed6d0e18986cbe153260b4781ca927cc02e3e979dc7f4e69dbf820fa917d42b3c4daa33806eb707f36c11edc9e63,CLEAR,DAYLIGHT,DRY,FAILING TO YIELD RIGHT-OF-WAY,2.0,37.0,2.0,2.0
027369640d1f58a72c31454210d1988d8d8ee8828bbddbed7a212e5d5f5c1c8b48643ff87bf81678ae5aec94dfa6c67e106ce6436431115de6c4da18a361bfd0,CLEAR,DAYLIGHT,DRY,IMPROPER TURNING/NO SIGNAL,2.0,29.0,2.0,2.0
0273830ddc14103ace3ee6abf90e6df2db299f806abac644ce639b66c41b0475b3ebe7f76438f6ce12463dfb55ab78a0aa9fe067da5bb55362c8d7a0ec3fd901,CLEAR,DAYLIGHT,DRY,FOLLOWING TOO CLOSELY,2.0,39.5,2.0,2.0
02739140cde1429d5e4ef2217208b64bf267641a932448ad32c222f5ac347ea08b2aa1ea1a058ee562da99d015c7d3477950da5befa5b0df5132a041e519a231,CLEAR,DAYLIGHT,DRY,FAILING TO YIELD RIGHT-OF-WAY,2.0,38.5,2.0,2.0
02739483b7406333c581e64c5f7a976d10411e7b13ec46728dd3c6e990f3ed6a78d48bb7bbf2686c0e19a9cf46b46fb3187b9dea5d7d277efacf9adfbbed32ec,CLEAR,DAYLIGHT,DRY,IMPROPER OVERTAKING/PASSING,2.0,27.0,2.0,2.0
02739aaa1ffc720d3054e6beefc356eaee94c6198f636082168c62b188218d12fae5a1176535b7cfc7b587a2c797779cd3ecdf60ff664d476eb08e4ac2c27273,CLEAR,DAYLIGHT,DRY,DRIVING SKILLS/KNOWLEDGE/EXPERIENCE,2.0,37.0,2.0,2.0
02739b85e1d1cdeaa2672b796f1e679285503091879d0ed21121458329007010408c748add8ae7fd3359f434b83cfe3a692f976a7dea77c501ca4cd658db2d93,CLEAR,DAYLIGHT,DRY,IMPROPER BACKING,2.0,21.0,2.0,2.0
0273e55c4df52e123784ca5a40dd8e66f10013d2054f60fb706187f2dd431fdb9ef3d5f2773563cc20448496ae97ab11eda201b580234af3ca1c9be2d2b2b864,CLEAR,DAYLIGHT,DRY,FOLLOWING TOO CLOSELY,2.0,49.5,2.0,2.0
027442dd8662e03f081bf0498bc9e5d41455c0b92baf046981a5575e55e18d7a11d741f02c4acd097916cf4c145016c165c4762a55ac2ca6724a61dc6b45c653,RAIN,"DARKNESS, LIGHTED ROAD",WET,ROAD ENGINEERING/SURFACE/MARKING DEFECTS,1.0,37.0,1.0,1.0
02747694593972c1c8e8096c22764c948e474176079d02db8a1659c897598dce172f5358334549880f53f45f2523fbc94d816902355e43164f5b78ca76ec0f4b,CLEAR,DAYLIGHT,DRY,IMPROPER LANE USAGE,1.0,39.0,1.0,1.0
0274807fdb5ab0801b7e8e8444a1977f62123d2c698e29addf56a0bfbd5ba0d50831ddcb8ec8717a911d7dcc154ade7b9feb7686424bcef735a1cf8f388874bf,CLEAR,DAYLIGHT,DRY,DISREGARDING TRAFFIC SIGNALS,2.0,26.0,2.0,2.0
027481d2b5eb19a390a2c36180ce8dd05fb7e4eeab330f2b2685016ad2edd4fb42c87798fa16886bad98899c1516289176d5302669cd1fcc94ee9147e8dc3a6e,CLEAR,"DARKNESS, LIGHTED ROAD",DRY,"OPERATING VEHICLE IN ERRATIC, RECKLESS, CARELESS, NEGLIGENT OR AGGRESSIVE MANNER",3.0,37.5,1.0,1.0
02748c22bae53b230027f076b4daa2fa93417f243bba8b0d7c250f37b3644229069bd4bece618aeffc573d3531290d6754586aeb4e486ad895dc35f32904e560,CLEAR,DAYLIGHT,DRY,DISTRACTION - FROM INSIDE VEHICLE,2.0,40.333333333333336,3.0,3.0
02748f9ec55b6bdbb76ca6c4d73042e10b7a64b856fb312b2be24702d574c3f5781758d9b224fdd6cb1f5d36af3a7760d0ea28781a2bf444a5e0507cb2e1190c,SNOW,DAYLIGHT,SNOW OR SLUSH,IMPROPER BACKING,2.0,53.5,2.0,2.0
027491cc2f9cedbf843b02009eeb5ed3f668fd687a3a056921f480697d427c0aeb656ebb6e2dcf0257d429029fc3637191c3a3635ddae1e592025c14e4319283,CLEAR,DAYLIGHT,DRY,ROAD ENGINEERING/SURFACE/MARKING DEFECTS,1.0,73.0,1.0,1.0
0274f10c8718528be565bdab4d09f09f19cd2e48444eb955a928e8f2932f97daf65c90833ea14e4673a6e559281b36564a8d15de185a6535041935170b0c58d2,SNOW,DAYLIGHT,WET,IMPROPER LANE USAGE,2.0,22.5,3.0,3.0
027502b7c596977436ee40ddf186c386c8283f08b7598a62762cd96f389d8355a0551628ac3ad99ba706f9fdc2374f199ad1d12c7f2abc3254d4cc79288be14b,CLEAR,DAYLIGHT,DRY,FOLLOWING TOO CLOSELY,2.0,63.666666666666664,4.0,4.0
0275349a51a9ed65d7881b698853b58a224d57ea88945028e1042476f3d05f2bcc05f78c822aa003f0afcf5f2f4a1edc2a326f6d054432646dbee8bd18cf74ae,CLEAR,DAYLIGHT,DRY,FOLLOWING TOO CLOSELY,2.0,28.0,2.0,2.0
02754b386c540d267feaafeafbf438e0f367dad2b23482c36221dfaba5a8f2580179bb18c1539a811e30beb2762f446ab49616df67dc8960bbaf65eb0f5072f4,CLEAR,DAYLIGHT,DRY,IMPROPER BACKING,2.0,48.5,2.0,2.0
027559be360198308e1848aae9edd3744decf78b392bc88589d5731f074cfa376b498ac842d285d17ea237132a661c88c3638f5e14ddf06fbf0c31ac653d7989,CLEAR,DAYLIGHT,DRY,IMPROPER TURNING/NO SIGNAL,2.0,37.5,2.0,2.0
0275657461b317d34858049bc2c205e126322fce04632c8c56473a4f1af12f56b10374e58143a629c3e80357c403c084059225eb5e40ff14cdd0873cc208b758,CLEAR,DAYLIGHT,DRY,FOLLOWING TOO CLOSELY,2.0,19.0,2.0,2.0
0275994bd841b485af2e828fdff5d6e721f0adc5a34a215eed156fae048b73a0fd660c2577b66a09496c788e7112914425b40acebff9d60a7f0f6cf8e7df03bb,CLEAR,DAYLIGHT,DRY,FAILING TO YIELD RIGHT-OF-WAY,2.0,47.0,2.0,2.0
0275cadda11fb9825a25d4891beb034e545647d7f74da2f550ed62bfb28bd70c79ac641ae8a443e6e129657e706ddf2a670e62bb54dfeb0064eeee6076e9e4b9,CLOUDY/OVERCAST,DAWN,WET,FAILING TO YIELD RIGHT-OF-WAY,2.0,55.0,2.0,2.0
0275d71dfd209012c4857de388c4c4cc21457bb19671bf5e7184bb911225f7ae43f2f9a5a47ffb5f7dafb13a3e9ecfd51ff14f7a0c84c3dd78d8e7ee74a47e95,CLEAR,"DARKNESS, LIGHTED ROAD",DRY,FOLLOWING TOO CLOSELY,2.0,38.333333333333336,3.0,3.0
0275e6eddd98df4a19b8c21ac2df474ca4647a7f3aa1b7d63c3310dac8bf3f32b4daaeb0226b513fa5f0b94811745e5dbdc19ee0c66a24b9f02943209fca4651,CLEAR,DUSK,WET,DISREGARDING TRAFFIC SIGNALS,2.0,22.5,2.0,2.0
0275f0d22602892d767e93d6ec895a1ae068e6fc4255a5e64d3df7ce9f0ebf9f1032818278329c5628c9d2a109eb551c150bfe31f4be52e23e755a2afcbd2fa5,RAIN,"DARKNESS, LIGHTED ROAD",WET,FOLLOWING TOO CLOSELY,2.0,42.5,2.0,2.0
0275fafca89904412a65e15ec5d1c36d8de5480c11151a5218542301bd4e62ba50972dcfa4866c09145bf444994f7331c4d40b471aa26f7c9daad0cade445163,CLEAR,"DARKNESS, LIGHTED ROAD",DRY,FOLLOWING TOO CLOSELY,2.0,37.5,3.0,3.0
02760a9c51f92c1627cbefd3b828b371756b6a7b5d1fd5671fef1daa09aba9cde234fa9f05a5ac848a612e5a808d34e7614f4bf692b62d0972113059e50262f7,CLEAR,DAYLIGHT,DRY,FAILING TO YIELD RIGHT-OF-WAY,2.0,46.0,2.0,2.0
02760d884a6ea9304fa1fb1acbff42f2cf92a1a2c1f4b05d14a65f678ff88fe18aa29d5fe9d9801e2e824a1c74a4df8260472a3bc898db1861ceaada852a67df,UNKNOWN,UNKNOWN,UNKNOWN,IMPROPER LANE USAGE,2.0,17.0,3.0,3.0
0276131291e14e47fb11987913292d435cac12c0fe7854a68463ffd6bc9e1c940a026930a40d26d70682f3e54aa4506f2feb1a9dc2e10fbcb10636eb603f18dc,CLEAR,"DARKNESS, LIGHTED ROAD",DRY,DRIVING ON WRONG SIDE/WRONG WAY,2.0,33.0,2.0,2.0
02761b7ff81b7e21d18dddc2168391976d7c9d2274aa94a314c9c0f0ce333783f10d6b5e25d2202cb15e4c8c7e6c6cfc6161c49cde7fb42a7c181ba7d3397be5,CLEAR,DAYLIGHT,DRY,FOLLOWING TOO CLOSELY,2.0,53.0,2.0,2.0
02765605e768567413866da334df4c60d50ab2b76c38e2fad300ec5b5a0bed738350e86406ffaf6a7164752ba2797e1dc1b787f0b7aa1e63dd2cd3cdf74129a6,SNOW,UNKNOWN,SNOW OR SLUSH,FAILING TO REDUCE SPEED TO AVOID CRASH,2.0,45.0,2.0,2.0
02765893c8cda1495c8f20d1f9229f7d5b7b29b862e89b12767fcdae299b2a19d314f5039675b30298634dea1266c3b49c7b1a59550c36f238cc1be09838eeef,CLEAR,DAYLIGHT,DRY,FOLLOWING TOO CLOSELY,2.0,38.5,2.0,2.0
027662ba698400ff3b7036b1661c24e9aff510e6c28c71847b28d97b5b526bbae7af2873257166344c4b3c55f7c92375fb716d8eb1a942a48609bd3ea8229deb,SNOW,DAYLIGHT,SNOW OR SLUSH,WEATHER,2.0,45.0,2.0,2.0
02767965fdfa068a24d12b6d1d871e8ec9cd225beb970590d69ccc7ed6fde014074b1c6cbfe6ed18019099cc5740a724aa8bb1658cb2526c101c00986fe25114,CLEAR,DAYLIGHT,DRY,FOLLOWING TOO CLOSELY,2.0,26.0,4.0,4.0
0276822127dae47415295d3e748e4dae68548b52a6a402c0e52d215bd2276723ff4328a79960f5f9c2acbd67ee78effc20898b33a28a03f9889f561d1fabdef0,CLEAR,DAYLIGHT,DRY,FOLLOWING TOO CLOSELY,2.0,20.0,4.0,4.0
027693a0ad7d1471c75e7d2a256c7b13a7723561a102b44571f0a6e8cecfee47d21177bf0f9052211df0e0faa94f38e9e3b91aa0c9188e3299a6326d0b3b4aae,CLEAR,"DARKNESS, LIGHTED ROAD",DRY,IMPROPER BACKING,2.0,30.0,1.0,1.0
0276a76b127ced5b9015552c45240c26df6f3333c9e143c72439637dc3982ba81a40a0e23ef875186a7614b8b6ced393b53a8e93696850a89019bcefe5d17d09,CLEAR,DAYLIGHT,UNKNOWN,DISREGARDING STOP SIGN,1.0,43.0,2.0,2.0
0276ce2a3fdac0953ef3736b03928a9bdf213137286e661cc2032d4ae44dc34437e9927c498a3dad9592e717fc5e323820879f165997c1267876b5a10191476b,CLEAR,"DARKNESS, LIGHTED ROAD",DRY,FOLLOWING TOO CLOSELY,3.0,47.5,3.0,3.0
0276d197f897bf83d101c54b8ad79a47aa9ac60c442287693a9051cd37e91eadfa58308d7537eb0e1a96c7dd1d2cde82890644fdb1a7b3c83d5fac56fdf75ba5,CLEAR,DAYLIGHT,UNKNOWN,FAILING TO YIELD RIGHT-OF-WAY,2.0,49.0,2.0,2.0
0276d533f5a1fcb9ae5b432a2ea611ae9e1007a15895de52606df0b0a2d92f72d5bc80635c30605348070b84124b418207290c8948a12f3f2c92f4d09c27c661,CLEAR,"DARKNESS, LIGHTED ROAD",DRY,IMPROPER TURNING/NO SIGNAL,2.0,31.0,3.0,3.0
02772fc1a433289e745eb1d6cf1e0d4e4ec5a05869572f990edf010732a4043197bb71043dafba01ec18309e330a4ec4e5539177e97f0ccfa7a382d90f130fb2,SEVERE CROSS WIND GATE,DAYLIGHT,DRY,FAILING TO YIELD RIGHT-OF-WAY,2.0,38.5,2.0,2.0
027751f3422724d3084c2f38a24d5f691acd3dfa71299333dc158d18bfe81fe31f1e4952c2ee19af0b83e1eddbd02a3327ecb1ee005291c91256f1933bd1de99,CLEAR,DAYLIGHT,DRY,FAILING TO YIELD RIGHT-OF-WAY,2.0,27.0,2.0,2.0
02775768a66da734c0eb9cc3d4085de03c0086a2454af480d6fad5ffca608db0fd225815528be804144862d4cc06c74649fd4fefd351600275fbea1cfb41e6b8,CLEAR,DAYLIGHT,DRY,PASSING STOPPED SCHOOL BUS,2.0,52.5,4.0,4.0
02775cf5fff6d151ae966e83f9f15ac909aa84c9c8eda1099fb4ef507588da5855cf67a387819860580c9f7b24db37a66c7f8d4e7985db1546457c75b0f6e699,CLEAR,DAYLIGHT,DRY,"OPERATING VEHICLE IN ERRATIC, RECKLESS, CARELESS, NEGLIGENT OR AGGRESSIVE MANNER",4.0,39.25,5.0,5.0
027785ac7f7b3a5f9c2f300f5e1d70d8ff2c90a15018c43e9842ca6525d88629bb62755066729b3c947ac5d4277e75f213966d3f96ea87bfb5c33a7f208e1bc7,CLEAR,DAYLIGHT,DRY,IMPROPER OVERTAKING/PASSING,2.0,67.0,2.0,2.0
0277a7088d966e6e5ab6d0c2215ef85e29028d368734588cf47c6f71c3d744891606684fc9b13ffada61dd06ef4707ccc9c1194a9be7cd77e61e10e2269f9ebf,RAIN,DARKNESS,WET,FAILING TO YIELD RIGHT-OF-WAY,1.0,22.5,3.0,3.0
0277e384c5c5e0e7a949c513e47491d901c0cbe5cddbd0d458dcb9f54d0740302362094e42739de058e4d8bb1a8bbf32d6bcd72978f4023a16f28c02a38e12e6,SNOW,"DARKNESS, LIGHTED ROAD",SNOW OR SLUSH,IMPROPER BACKING,2.0,52.0,1.0,1.0
0277ea4e1073ca948856d29c6a71619573a6ae8109ea3938deb4224beb3c94f4cae7b41931b97bbc01d2e2650a428c1b2a953cbd11f6e9ea1c5c506e9532377a,RAIN,DAYLIGHT,WET,FAILING TO REDUCE SPEED TO AVOID CRASH,2.0,42.0,2.0,2.0
0277ea89c0e332323a1824a2c22254151636e24ea12b40ed7a006a09715a833245b03e9bdf6608d0936cc8cbc18bd2d444b8512fcadfddbf60d43bb2331662d0,CLEAR,DAYLIGHT,DRY,DISREGARDING STOP SIGN,2.0,38.333333333333336,3.0,3.0
0278215d26a4b7c994fbae2df95ce14b310295c47406f567373128a4b19fd5b44fd350aa61d2c6a75252cecfa7741726aa761f69fb13350cc0de13cefeae6f71,CLEAR,DAYLIGHT,DRY,FAILING TO YIELD RIGHT-OF-WAY,2.0,30.5,2.0,2.0
027839b9be46cc7dc5c826abe1d53967dc0f31641feb9d9e85be3c69c179560ca812d1d0fcfcc5a534bbec9471bfbc35059bd8a7161464658ad4e5ecb68b82c5,CLEAR,DAYLIGHT,DRY,FOLLOWING TOO CLOSELY,2.0,24.666666666666668,4.0,4.0
02784c807ebf3f786dedbb89e977c7ccc0e5bc86cb7a96eb2b55cf2948ad33d661df38a35a937a8003614175a895f6c2b850f3dc13223b70ce617a0a899e9de7,CLEAR,"DARKNESS, LIGHTED ROAD",WET,FOLLOWING TOO CLOSELY,2.0,42.0,2.0,2.0
027850105b4a5b9e248399091c095c6f316359f89fc4bcef95a9f7dfe85c9ff940eb4477da060ec28e5587c4a9e5292c25ec648911acfa9172ffccba6d7f9ee3,CLEAR,"DARKNESS, LIGHTED ROAD",DRY,"OPERATING VEHICLE IN ERRATIC, RECKLESS, CARELESS, NEGLIGENT OR AGGRESSIVE MANNER",2.0,44.0,2.0,2.0
02785fce6f16bedd38302cd9e41bea2eb2d5b2af736e8edeff142a7ae68aac0cf3a80ba9b9ce68bf4b413671d71eff55b1c2c2d4f604767251b93e288e5afee6,UNKNOWN,"DARKNESS, LIGHTED ROAD",DRY,PHYSICAL CONDITION OF DRIVER,2.0,20.0,2.0,2.0
02788e40c83034cb8ab45cd48313f8e3c2a0226a828155738996e1b8198b87e5d2fbdca85a50faf68c845986d646ca290e34a36ce4f72f35ec8f449e6ef30b8a,CLEAR,DAYLIGHT,DRY,IMPROPER TURNING/NO SIGNAL,2.0,76.0,2.0,2.0
0278a9c8432cfe9914982a2aaf896e2b676530d74fcf25dc6220bb3534c96bbebebad4b5c7eaa65385b574423bbbef8352930f941ee6201c778aa01bacd4e2a5,CLEAR,DAYLIGHT,DRY,FAILING TO REDUCE SPEED TO AVOID CRASH,2.0,44.0,3.0,3.0
0278c223cca95649d58c01eb9e256e684d07f713c0514d88f4aad425d7222ac74c6821e6da08fe3db3748626314e19db5065fdd6850afc4dd88356d15ab823e9,CLEAR,"DARKNESS, LIGHTED ROAD",DRY,ROAD ENGINEERING/SURFACE/MARKING DEFECTS,1.0,45.0,1.0,1.0
0278c997bd375679b91bd1e6f19150bd9e8df699b3553c0c7f05150d7e4cb7d14ad18ebe7be1ac9a03e7314b02f42e8b64ebb42cf6c539acc2eb44b05225a9fa,CLEAR,"DARKNESS, LIGHTED ROAD",DRY,"OPERATING VEHICLE IN ERRATIC, RECKLESS, CARELESS, NEGLIGENT OR AGGRESSIVE MANNER",1.0,37.5,1.0,1.0
0278d2fb554ab276655d49919b12d4bfc45478e5c3f4af0ecde837b47329e8eb4a0dcba07058d38ae27a34027890eb533fb72c2b6e8ccbad453d94cc36d3d2cf,CLEAR,DAYLIGHT,DRY,FOLLOWING TOO CLOSELY,2.0,44.0,2.0,2.0
0278d5f380c53507717ff5b5f1759ddbbd6cc800d6479f2fe5c1482b64885fb9f330cde503d0a3c4f6b30eb310eaa8727a7ea8daa1a7217712dd59cc76b97ee7,CLEAR,"DARKNESS, LIGHTED ROAD",WET,FAILING TO YIELD RIGHT-OF-WAY,1.0,27.0,2.0,2.0