crash_record_id,weather_condition,lighting_condition,roadway_surface_cond,prim_contributory_cause,total_vehicles,avg_driver_age,total_people,total_injured
0278e3877f51fcbd95e89e0ba095693dfbdbb82e0f7a57ca3137d0f71a4ab269e34a6724f2a4df97ac34998ec319745cf434090085d61f27e14af8bd74bc6dfa,CLEAR,DAYLIGHT,DRY,FAILING TO REDUCE SPEED TO AVOID CRASH,2.0,61.0,2.0,2.0
02792319d2dce6c0f3165d1ea23de137ba20ac67c77048ecf7d6592ee6d5d14485e3858af0e81ab1b2fa717011158b608fd106e5403ee06cae5a6864621241cb,CLEAR,DAYLIGHT,DRY,DRIVING SKILLS/KNOWLEDGE/EXPERIENCE,2.0,30.5,2.0,2.0
0279281550ddcc62f0a936c55e7f4ba29f5198f50bc48b22f67133ed4b25ec678b678150131a4b6643d664f9914a7b1935d11761d1d67bbcdfed3578e24bdf54,RAIN,"DARKNESS, LIGHTED ROAD",WET,IMPROPER OVERTAKING/PASSING,3.0,39.0,1.0,1.0
0279367b3796f4f84596912f2256281386e7acc2c3b001df4a8f5f18f0d5c88555d60e0bf30266ed31feea8e656f2a9a983830f3f02a4d422317ef8b289b63e9,RAIN,DAYLIGHT,WET,FAILING TO YIELD RIGHT-OF-WAY,1.0,18.0,2.0,2.0
0279382b8a2350c22dafdbbe6ca407934ebb62d005f6b5667848a0b497300a45187b878dc262fac849d9a9229d4b7f3d7092a2ca630c17d855d74ad6563124dd,CLEAR,DAYLIGHT,DRY,FOLLOWING TOO CLOSELY,2.0,35.0,2.0,2.0
02793e6d3b52620a21011e9f6f60ff36c0d5558bbc50f80051c6319c577532aae625bf2471762d09e0e8bdf61184872e9c04e201c2c540c09dec66fedab753de,RAIN,DAYLIGHT,WET,FOLLOWING TOO CLOSELY,2.0,28.0,2.0,2.0
02795ce4768a0a2052b0ff36c80e027e42b98b442f059b1e9364884b7b89341ca84329d69a55c7372007983a04253cf5d6e6f0fdb7019b8c0e90af678c5609c8,CLEAR,DAYLIGHT,DRY,FAILING TO YIELD RIGHT-OF-WAY,2.0,37.5,2.0,2.0
027984c6499e389033b024adfe3fe1bdcb095202069ff52a713bd836b079bd7fcf598582b8448ea8fe5fc1fbcfbdefaee02dd1f3aae24e4d5ab129c3952d9a87,CLEAR,"DARKNESS, LIGHTED ROAD",DRY,IMPROPER TURNING/NO SIGNAL,2.0,47.0,2.0,2.0
027988dd40e75e35c22e78b30511aeec91dd4926391c590d8593a304c252d0cf63ba3582271c3f5f0c2edddec04ae9cc627a19485d8eab9be8aa95468c87aa54,CLEAR,"DARKNESS, LIGHTED ROAD",DRY,IMPROPER LANE USAGE,2.0,34.0,1.0,1.0
027998ce259eb59c8604a539ef030e0a04532067c61cb338b14d045541b82f0c69a61d05963a7933a5619c5b41b6986821df729e479cde926ca2b611d07182f4,CLEAR,DAYLIGHT,DRY,FAILING TO YIELD RIGHT-OF-WAY,1.0,19.5,2.0,2.0
0279b65427fdb6e8cd35de1b1c67421dfd137af8d7195d35e0baf2b6091b029067e32961753b045ee74292d54d9e81557db635f82c7954bbb7c3e9f1a89890d3,CLEAR,DAYLIGHT,DRY,IMPROPER TURNING/NO SIGNAL,2.0,33.0,4.0,4.0
0279de0b6e8d43c4989c4f4f41eeec3a8d9ea0a99318bdf664360d77d4a5fc0f0838bf012a586bbf26baa6120f82f83bd7f8d6c145650caaacaf35886a0db03c,CLEAR,DAYLIGHT,DRY,FAILING TO YIELD RIGHT-OF-WAY,2.0,25.333333333333332,3.0,3.0
0279f9e953c54dda845ac0fcf87b9ea92e6ba08bbec53f40c772dc83b59ecbd2dc80f43cda4fd7e78340cab1dc073d566ea3bef26e6cd2d867d031e346000f11,CLEAR,DAYLIGHT,DRY,FAILING TO YIELD RIGHT-OF-WAY,2.0,44.0,4.0,4.0
0279fbe3446f210d54e58f8d0c01066527571649def39f13e9973f1ac67cdc92483ad7f3af14e0c72bca7fe18033085a209fc33e60fba71c044e3bb3b65187ee,CLEAR,"DARKNESS, LIGHTED ROAD",UNKNOWN,DISTRACTION - FROM INSIDE VEHICLE,3.0,22.5,4.0,4.0
027a0322faf9fc21da8e7005a1cf8ef461f034d07de1e5d2d8eddb9460d92d1592e07bd7380577516fc9d4eada15f64145d94f0d5a4008425ee1075305744a9c,CLEAR,"DARKNESS, LIGHTED ROAD",DRY,DRIVING SKILLS/KNOWLEDGE/EXPERIENCE,1.0,39.0,1.0,1.0
027a0b604116313b19aace22a549a9236e63f235de75298af81a3d7c60472ebfca417b35c14887c2ec34926e9450ba7bc7ddb305278f67dc49defce64675ef70,CLEAR,"DARKNESS, LIGHTED ROAD",DRY,FAILING TO REDUCE SPEED TO AVOID CRASH,6.0,29.5,2.0,2.0
027a41942dc67bddfa95e86395dbf4adf42d87f218214946c579d912642fc3f6aefb32472da787e08ad4c53451058cd59915588122b3197dbc74d10f12834deb,CLEAR,DAYLIGHT,DRY,FAILING TO YIELD RIGHT-OF-WAY,3.0,27.333333333333332,3.0,3.0
027a6111b970dc61ad8cb5bd2aac259fd50cb31fb9d584e22ed0212e58425e18c42a48d0c9ff8db24ef593e2041702674c37c640dbbb7b95e4ac292e468eb963,CLEAR,DAYLIGHT,DRY,DRIVING SKILLS/KNOWLEDGE/EXPERIENCE,2.0,37.0,2.0,2.0
027a95f662b31dc8563c18115a06692ef71714a4308b662d77d716784350f8e0922acb60fdb20ea35c1f69525fee8db9fa1be272a9b3983475cd71ae048582b4,CLEAR,DAYLIGHT,DRY,FOLLOWING TOO CLOSELY,2.0,44.0,2.0,2.0
027a9afc105f118d7ce0f718eab5c3b2e8f4d28ef445bb64270122881f3fd5b26cca6b988a66cf8af3d3fbe7168fe766366b20e246ee5580ffd49b8ed57e06f6,CLEAR,DAYLIGHT,DRY,IMPROPER LANE USAGE,2.0,37.0,2.0,2.0
027ab95d7fe83ad873f4f0d25f384e9785b015b6ab4d8ec3d96bd73a927500fb3b4cb8865b942b0ba41834024f9522bc65d36149e3a163574890246b2e44c36e,CLEAR,"DARKNESS, LIGHTED ROAD",DRY,FAILING TO YIELD RIGHT-OF-WAY,2.0,30.666666666666668,5.0,5.0
027ac12b25dd2bcb359f7d3ed8534b3e7d9982e77f1dfe073fe0878c7746c3c702e96a260265853076d199027b9326647979abf656d1eb13ed98d024bce896c6,CLEAR,DAYLIGHT,DRY,FAILING TO YIELD RIGHT-OF-WAY,2.0,39.0,1.0,1.0
027b0b4c21460d3441fd83929abb9673c6fc0c7d5756753e2e5ce89a39c6f07339443c29066246d583d0f2ec5d6c427e010229e240813616aee55cd8a01c5108,UNKNOWN,DAYLIGHT,UNKNOWN,IMPROPER OVERTAKING/PASSING,2.0,32.0,2.0,2.0
027b15952d9a3008ad2f41593f4007619f3833936d39fc92aaf75da26030530fe9a253b9fd21d4baff3876d1c0fa37d2108ed04b99d0625bbb3a5deb0b38f4df,CLEAR,"DARKNESS, LIGHTED ROAD",DRY,FAILING TO YIELD RIGHT-OF-WAY,2.0,37.0,2.0,2.0
027b36ca83db674a279d3ed3c567329133de916f2a30b7c6d37bee02450ae6cbc919b6ac3131735376cadfdc1c187fd1c6d715a7955b7077005cc6a776a6cdd6,SNOW,"DARKNESS, LIGHTED ROAD",SNOW OR SLUSH,WEATHER,1.0,39.0,2.0,2.0
027b4d718307f1c0741bedb67c0d9af50b38c7f1fb3a224bacaa2f8bca8fe38f3561eb53e424c3216c28a0fa50de4e4154548f41a3321a5a9c64490fe365c4eb,CLEAR,"DARKNESS, LIGHTED ROAD",DRY,FAILING TO YIELD RIGHT-OF-WAY,2.0,19.0,2.0,2.0
027b4fc2772cbc163c99a81fc67807fdd1d0a233022e4d76999bb542367ab8c273008bad9d93960c35b9cf5cf76133acd9e7f39fa7691ed25e8465ad49c1d7ef,CLEAR,DAYLIGHT,DRY,"OPERATING VEHICLE IN ERRATIC, RECKLESS, CARELESS, NEGLIGENT OR AGGRESSIVE MANNER",2.0,50.0,2.0,2.0
027b587ccdabe72a4bcd1c0bf0e810afc619859e0073533d12c06fb200b3e14a310205d7d04b8a8c07956876d3c7cddac7b3f6858b9bafba708f6bbca4cd69fb,CLEAR,DAYLIGHT,DRY,FAILING TO REDUCE SPEED TO AVOID CRASH,2.0,55.0,2.0,2.0
027bad68fd3cc039ac61941aacdc11d153d16faee2b5b7fea066b276304bb91235ff8b9d3b7618446930720eaa9c54075f479da3150d442f36bdbfe4420763f4,CLEAR,"DARKNESS, LIGHTED ROAD",DRY,FAILING TO REDUCE SPEED TO AVOID CRASH,1.0,44.0,2.0,2.0
027bb461099cf92bbf21c4d1229fb84a3d0964a508ddd567c673ea8cfbe296bc7b98f7191274f7d791ca75b37c494a1852a8e866186a9479899e3fbeb281c759,CLEAR,DARKNESS,DRY,IMPROPER OVERTAKING/PASSING,2.0,44.0,2.0,2.0
027bede40abb40e08d9445b8d94edaedab7aed6c60214432db855897e00560e2f2fde6441731c43b3d776ad2616cc8af91fe43e081c9d63c49987b3a7ae65e42,CLEAR,"DARKNESS, LIGHTED ROAD",DRY,FOLLOWING TOO CLOSELY,3.0,41.0,3.0,3.0
027bf475e823428e8eff007780211a543e7f31d2415b7c2ad98a4291b5c1d51d2febf263a66e48311f446b45fa933e9d4e670788df74b5e0e66fd0f7691d28c5,CLEAR,"DARKNESS, LIGHTED ROAD",DRY,DRIVING SKILLS/KNOWLEDGE/EXPERIENCE,2.0,34.5,4.0,4.0
027c2da5f54bf50da2e83182c4079d548eb5fa6681182fefcbba6bdf954c0d16349e35e061015d3358d4043763b5a629815f4625386f7b21f0a9f1265d6b5492,CLEAR,DAYLIGHT,DRY,FOLLOWING TOO CLOSELY,2.0,48.0,6.0,6.0
027c3ff692a6fc9697872f9643d1e2a06b74c71ee2405322dbf7d9b79eebc1c096e4ed23e016d741adb1eeb6a20e237e1bd0beaffbe93cdc385e7895d1879f4a,CLEAR,DAYLIGHT,DRY,FOLLOWING TOO CLOSELY,2.0,47.0,2.0,2.0
027c4749b3f7cf0c6afea15b0c1ebd9d35ce07513d1fb5270b903727691f4d613deab721cab873dc6fd1db0860171490c5ca20b180b550b0996b1ff3d86b976c,CLEAR,DAYLIGHT,DRY,IMPROPER OVERTAKING/PASSING,2.0,34.0,2.0,2.0
027c61962107b5266f477d52f0df9e9936cb23563e1d966d8bb24d2a5c715d99664afad38990ed46ba10a7bd1452c6b6f508c63954b60344fb947e9a26f98828,CLEAR,DAYLIGHT,DRY,FAILING TO YIELD RIGHT-OF-WAY,2.0,42.0,2.0,2.0
027c6b3558d2a38d57c0063963e498dcc152b97ef209ffe1f0c1fa5c9cee9fa18faf83b2c9af97e0317d604e627ce9c810daf5fc69a892de15d13eeb9ad89221,CLOUDY/OVERCAST,"DARKNESS, LIGHTED ROAD",WET,FAILING TO YIELD RIGHT-OF-WAY,2.0,28.0,2.0,2.0
027c6c07a947fa0c50dda6aac7896bc8a92b98397dd3a755e12519327582ac12022b295f9e1e7416eba1069332b9ac2051c385cfa28dfc00802f2bebac0253a7,CLEAR,DAYLIGHT,DRY,FAILING TO YIELD RIGHT-OF-WAY,2.0,34.333333333333336,3.0,3.0
027cc4b1fb0640432676259f71fd7ec6c7fc5b302e676e46577a3284279777d91886bc6f22a456206dc0e894f718acc5b3e825257065eea34f1ad1698834c279,RAIN,DAYLIGHT,WET,WEATHER,3.0,45.333333333333336,4.0,4.0
027d1fd0cf58e5702dbc2546f60f9e9ff033333abdd63eadd1f23197178470f5819729b02365171fbb81692b3308ce3605abe01173c7e1a84a006798ed70f60d,CLEAR,DAYLIGHT,DRY,IMPROPER LANE USAGE,2.0,33.0,1.0,1.0
027d2a18486755e2f278306ade4c17794f2fa04648576e2825034e7493ff871b3c6713e60cc1d19fa65798d770c5988de87c2aea035cab45d962646c853d6edd,CLEAR,"DARKNESS, LIGHTED ROAD",DRY,DISREGARDING STOP SIGN,2.0,37.5,2.0,2.0
027d510daf6abd29ef30f2ef292e199aa227e459b40bb6ca7358c7457ffdfa39fcd14e04e9c4c2b0900a5a7b0b0db792d0e41e713ad1d933ff925dc3fa37ed21,CLEAR,DAYLIGHT,DRY,FAILING TO YIELD RIGHT-OF-WAY,1.0,58.5,2.0,2.0
027d6868a91b22d0d72775fb394a66e9197b54322fdfd3f13cdb009528a202c41c4551b32e88a824940274301098128ea03267159dd1c8fd9462fb01ed088a47,CLEAR,DUSK,DRY,FAILING TO YIELD RIGHT-OF-WAY,2.0,25.0,4.0,4.0
027dbd12134a24e38f8f98df528b47440bc3bf47ba791f12232932b012ece818969a6e6c5ff65a1de34b7cd45c74c55c40661a2b408c6d24e11e4fc8a8d74c7f,CLEAR,DAYLIGHT,DRY,DRIVING SKILLS/KNOWLEDGE/EXPERIENCE,2.0,37.5,1.0,1.0
027dccc7b2b1403ceccf564a2bcb6b286a22c3b4791171a1c5e4195d95a769a477ff2c132296e44eb5a110add6c118b9818172d05a3ebda4a8a859da69a1e974,CLEAR,"DARKNESS, LIGHTED ROAD",DRY,IMPROPER LANE USAGE,2.0,40.0,2.0,2.0
027ddd88ade8cb91d01c9841def57042107236e3dc364dee30272f20eaa9029fac4a934a19194817af9fa943a1594bfe8537ec9eb1db0e7c571a8bae4d7438c1,CLEAR,DAYLIGHT,DRY,FOLLOWING TOO CLOSELY,2.0,38.0,2.0,2.0
027dee148f2ead4bc56880625412362d1f51f6cdb34c9f315758d1bf2f46a212da1f4baa3e36887badf24f188ab884923d14ada74cd5056eb5b1079684802902,CLEAR,DAYLIGHT,DRY,UNDER THE INFLUENCE OF ALCOHOL/DRUGS (USE WHEN ARREST IS EFFECTED),2.0,61.0,2.0,2.0
027df8c227826580d40908f0549d728f74048871d00fe4c777ee327d8ac0f13096a43807efdcad51f46694bd0e0f7db5eef53076e334ff4eb5819d3750b3265c,CLEAR,"DARKNESS, LIGHTED ROAD",DRY,DRIVING SKILLS/KNOWLEDGE/EXPERIENCE,2.0,28.0,1.0,1.0
027e00a6fe14161263568614d9d413c088093b8478813e7ac5fb0fe4945f71982730c8c519b3a838004fd0bdf87c6aede6ae4e6d7f10817600da9fcdcf662299,CLOUDY/OVERCAST,DAYLIGHT,WET,IMPROPER OVERTAKING/PASSING,1.0,26.5,2.0,2.0
027e0a85b924cae5b3e06953f29e7272740adc3caefe55aa2b006940a30b21faaed12a8f4a092fba6f178e34d536c72093d7af5ed77733acd6eabdd265990aa6,CLEAR,DARKNESS,DRY,DRIVING SKILLS/KNOWLEDGE/EXPERIENCE,1.0,28.5,2.0,2.0
027e0d1da9a93e4e7ded818e0db0a6fef6dcde125fc033221b20ab964bc23d552a5907bf03a76342478797017650074b4ffec998ce7ce408832775820c7ea0bd,CLEAR,DAYLIGHT,DRY,DISREGARDING TRAFFIC SIGNALS,2.0,59.0,2.0,2.0
027e0e083da35daef9b34c442969ffb68a92a08a6433db4594db43cd964df400f36e9fd715fd49380de3781717f6b8d613dc443ec98cf97ff42970d62351452f,CLEAR,DAYLIGHT,DRY,IMPROPER BACKING,2.0,51.0,1.0,1.0
027e23e46d4b2aaf194a11a7151914e94bc2ac0f0e662dcc54a9f0a4d002f4ad98b16c1ee9b4b945c028832236207355c7e3e6d6aa5415823e56dcb89336996c,CLEAR,DAYLIGHT,DRY,IMPROPER LANE USAGE,2.0,41.5,2.0,2.0
027e255b4beff363d80d8b276583fa8cf2652a71ad1adb1bd8b899fff35f48cd2408a2248cbae22c83eb9e665213174fb3fc8acd9b2e3a0ff19b983ebfc169b6,CLEAR,DAYLIGHT,DRY,IMPROPER BACKING,3.0,37.5,1.0,1.0
027e3927c43139f3b32c063d65b935d0141c298b2b497969acc7c3b713333f605948031ba28ea14309b86d3b7df528802b824a987ff3826f3022b595e84f388b,CLEAR,DAYLIGHT,DRY,IMPROPER LANE USAGE,2.0,27.2,5.0,5.0
027e3f3b64040785f920e9777bf700b9bcafe3024a8e627fdd268cbdcc4b2368fab77009e5878ecde8dfe2fecf8e43a0b388043d490a38cded8064241106e5b3,CLEAR,DAYLIGHT,DRY,IMPROPER OVERTAKING/PASSING,2.0,57.5,2.0,2.0
027e507a6d3b7947022d0da157784ba604b848948a92022862bf2c4ed27f251388b17695a0c0367c1021d1e474139c1dc31cf086df25b5243a72cacf0c3d0fed,UNKNOWN,DARKNESS,DRY,IMPROPER BACKING,2.0,37.5,1.0,1.0
027e5fdb131d3a59ffbea1ee49d96e9a00e9ab6c02b59004017f30f7b0088614f21e36b61f72b05c256df62a3c493f3ab23ed4de85934db4c8f62f69b039c8e3,CLEAR,DAYLIGHT,SNOW OR SLUSH,WEATHER,1.0,55.0,1.0,1.0
027e61618effe6a3527f420343fdc647a8b2da9726024c5c014af7cbefc0fb89be68a929ca2eeed51cef8a6e1c772c7a42aaf2b948a1cb6ccc23b874c5c1b38e,CLEAR,DUSK,DRY,EQUIPMENT - VEHICLE CONDITION,5.0,59.0,1.0,1.0
027e68347c39b98b02f14a71807a4c7ca20447d1b65b8d72d888a5f85f29d1ded02dcd27f950a60b8b0cc001a740306a99f2ddef56bf1d2e0826b5435aa53305,CLEAR,DAYLIGHT,DRY,IMPROPER LANE USAGE,2.0,49.0,1.0,1.0
027e83a3fba24e7bda907246a44a663bb989617b4490dcee8dfa823d3b25a23aa927c6346525e0db310de394f85dc54edf96df4d69ac2f96a9715c6a9732469a,CLEAR,DAYLIGHT,DRY,FOLLOWING TOO CLOSELY,2.0,37.5,1.0,1.0
027e98dacab159427fa975ef98beb0e581a941c4837b9e7604c5f5bd5435302afc2fbb6e84a7885363c6ed81605a250955899c7291f769767d5598c00224a04b,CLEAR,DAYLIGHT,DRY,DISREGARDING OTHER TRAFFIC SIGNS,1.0,64.0,2.0,2.0
027e9f5b77d7a34aaa2b108766a333ab7e49aa21a6efa9167a5ef2a09cd126bffd9418d4c65e855ba374d90879bd39a2ed31f39667c3f7e9085faa5b3f1d226d,UNKNOWN,UNKNOWN,UNKNOWN,IMPROPER LANE USAGE,2.0,37.5,1.0,1.0
027ea5e2eb5b9d2eaf143deb60095c7797b6f4ee2fbad177651186b7a75300ad157304ad7a3d768030919f61e3b1fa4e2421a34d1597fced3d85a68383eb8e25,CLEAR,DAYLIGHT,DRY,IMPROPER BACKING,2.0,43.0,1.0,1.0
027eb217cd02d103092991609af093058dfff89a39b9638c99e8ea29b8b03bac3c5e779aa3cc371a5dd972502a606d39b4bd7b535f8edaec33dd0f2d8e6c52bd,CLEAR,DARKNESS,DRY,IMPROPER BACKING,2.0,37.5,1.0,1.0
027f8845f4d03eb80ced5c138fd2d929ba28b6da3d7c92a7b88f0779936bda2dab43e330e6d63707473e279fb7970347f69d5cf48bf08b9e01018fea2e3b18d8,RAIN,DAYLIGHT,WET,DISREGARDING TRAFFIC SIGNALS,2.0,50.5,2.0,2.0
027f9502b7886be0105bafa82b5e33c302b3e971512369b76b9bde05ece189df27c3e01521932791be7274b1ad52a002395fe7efcaffe4b724236cf8f43f0641,RAIN,DAYLIGHT,WET,FOLLOWING TOO CLOSELY,2.0,32.0,2.0,2.0
027f991d20129540dd12865a2a22985a1e679974b61cb7da3849cbff8a460025da5e195c837a69269a3735a32d5a518f1837207ec1df8c837842c579976539c0,CLEAR,DAYLIGHT,DRY,FAILING TO YIELD RIGHT-OF-WAY,2.0,46.0,2.0,2.0
027fa0044cb0ca97a1188cdb12334a9055579047eba0356aff07a5592f5897ae3d3536ff2b03e148e1b3bb7b19f63660ee5d7c087c2ee069056069becc4be9f5,CLEAR,DAYLIGHT,DRY,DRIVING SKILLS/KNOWLEDGE/EXPERIENCE,2.0,19.0,1.0,1.0
027fc8a458e8171522bd3791e92df5de9f4eb38604514c9d88a39933d5ec05f8d0f1220d2c76deb1a75602cbc0b925dbe090049c8d34c041cfb4b8fc584cc730,CLEAR,DAYLIGHT,DRY,FAILING TO YIELD RIGHT-OF-WAY,2.0,53.0,3.0,3.0
027ffe9c4304ad5aba0af99ca1615a22ed60c9f46e0e3abca034bd979dc6a50e8ae952abedf0d6746cf4865edb6a2fcfa731ab5a1ff4aa530eb1605fd0441607,SNOW,DAYLIGHT,SNOW OR SLUSH,WEATHER,2.0,24.0,1.0,1.0
02801d35557be4b5ad608497070619e7f13e2e3b9420ccd0743874f6f49ce7c3a8f76d18c38cecff7cacb78c6124c3672a082235e5d8a6409ca35618aa51bdce,CLEAR,DAYLIGHT,DRY,IMPROPER OVERTAKING/PASSING,3.0,38.0,4.0,4.0
02804f34c69fa36975e418b484567b4bbbacfd6afea02bcc5713bfd68970f3644998a0a23eb146942fb54b0b40ebbd660321186f704ae0d171d09dbe2a2e3c2b,CLEAR,DAYLIGHT,DRY,IMPROPER LANE USAGE,2.0,42.0,6.0,6.0
0280be939db7a2b7d9a41e856d04e89862a18c0ad355d6d7c717a9f0fce03702b941ad872c038a1f6fb4c4036d99db22124025adadf6a0895e87b0d23834a748,CLEAR,DAYLIGHT,DRY,IMPROPER LANE USAGE,2.0,41.5,2.0,2.0
0280d6a8f8d0e654463f41943c297f099d1fdf7004b057f1f36d1d99b5a6b65072b95553e49ef76dea4c5d75df6c1943641b6b044f4dc5421941f541664d34c3,CLEAR,DAYLIGHT,DRY,FOLLOWING TOO CLOSELY,2.0,37.5,2.0,2.0
0280e2fa2c36aa57bf375be22cdba0b766a229cce2caeee95abd1ec0f54e71358b22731b854c6679e9a77312cd49c080c6532460bb1611039be2c98ad53b7d09,CLEAR,DAYLIGHT,DRY,FAILING TO REDUCE SPEED TO AVOID CRASH,2.0,40.5,2.0,2.0
0280e86d128f359c41fb7e452f5c91b790dbce9d0dc9a0bf6e8ed3656b1e64407a7bbc674632504a94e64b7a71acacb69473ff27b4383038069240d372edafd4,CLEAR,DAYLIGHT,DRY,IMPROPER OVERTAKING/PASSING,2.0,60.0,1.0,1.0
0281204da4ae54dc0003c7f0dd7f2560dd56f3a0d9f938f0bebdd41d75085b225ee6037620e5cfce07e567d9640908c2937d016b9d386819437c64a80f8efae1,CLEAR,DAYLIGHT,DRY,FAILING TO REDUCE SPEED TO AVOID CRASH,2.0,33.5,2.0,2.0
02814fa55810a14cc37ada759e904828cab54d54a7a700ca10e42c1feb5b772b7725c51f53aed42a23585ceca4a3a7557fb177f73881ee3dccf372b6676904bd,CLEAR,DARKNESS,DRY,IMPROPER BACKING,2.0,37.5,1.0,1.0
02817dbae92fc6f4417202b519d2b257e54f9c636d6fb33d68934a381ecde8d323ef96987ff2d25ef5304037167952d87926d7313edff3ba83d9f806de87c901,CLEAR,DAYLIGHT,DRY,FAILING TO YIELD RIGHT-OF-WAY,2.0,24.0,2.0,2.0
028226a9d9bee1757adb9852c885d969ed3610846fcef37fc8d83606f019c462a515dffe7988049d05432ec8c83c5dd9b17b31aa1086c273bc27c7ef4feb01a2,CLEAR,DAYLIGHT,DRY,FAILING TO YIELD RIGHT-OF-WAY,2.0,33.5,2.0,2.0
0282879cf5bf8411e6fcb307fb07c4a5b9b40f96b58c07961912d6ef4b510e1961d15c7e984c6d92114c812b327fe37faf565f97c3e4396fe2aba0e6e6567aa8,CLEAR,DAYLIGHT,DRY,EQUIPMENT - VEHICLE CONDITION,2.0,30.0,2.0,2.0
0282ad066c4433bfbc89587d824eab4f39bd07c8e2e4b4c7b4b68a15717145f80053fc446b2357ccf91ad76e2527af0d54d1fc702d609f77adc120df6b7ad72f,CLEAR,DAYLIGHT,DRY,FOLLOWING TOO CLOSELY,3.0,24.25,7.0,7.0
0282c05b637c7a8a12d1d6daebbe011b9df543af33fde2bb04a961973bbc019be8065dd0584486f0a27a91be2cd2238bc8fe0842aaee58151e0a9f82b517588f,CLEAR,"DARKNESS, LIGHTED ROAD",DRY,IMPROPER OVERTAKING/PASSING,1.0,22.0,2.0,2.0
0282c2a1545ea6007add302906faa9868955ebcd80302d8a50f9caaad204a3e912f397e83390f815ccfa2ac70c5ead81ba4a08ec79639ed7ce88d7453dc31773,CLEAR,DAYLIGHT,DRY,IMPROPER OVERTAKING/PASSING,2.0,37.5,2.0,2.0
0282ed26923604c9e28b515ce081b3d4b64e2cd9704a61ab445f516b1fc01244b300aeec4e398aa6affc44bb97da015d57a95fbc307fe13fdb04fdddb7bdc1b0,FOG/SMOKE/HAZE,DAYLIGHT,DRY,DISTRACTION - FROM INSIDE VEHICLE,2.0,45.0,4.0,4.0
028379c0d77fc3a67e2638d4ac6517ce272772b0037d2c5ae4897cbd3b1ace1b4a4c30c7e0b1aa4d4f54bc4533fb2cb314ac7bec58cb20fffa4136e8d8005c8a,CLEAR,DAYLIGHT,DRY,FAILING TO YIELD RIGHT-OF-WAY,2.0,43.0,2.0,2.0
02837aa0bf7100f26e2963b0597250379f21991444bb0b8923ef206c84167d1c6716fa6d929722992e4cece0b989be713c8dbb37e45b763b4f60cab737f274cd,CLEAR,DAYLIGHT,DRY,FAILING TO YIELD RIGHT-OF-WAY,2.0,37.666666666666664,3.0,3.0
02839d32ddc8b24c366b046f3d63bf0d7f47ea801281effd44c0121cf613db8b795f36299ba6e9b14a758fe0410518b59e3a23fe794b1354264a6e235ea069f5,CLEAR,DAYLIGHT,DRY,UNDER THE INFLUENCE OF ALCOHOL/DRUGS (USE WHEN ARREST IS EFFECTED),2.0,36.0,2.0,2.0
02839efa2aec2a2d3294d22209c2f2f70523baba1e0a0f45cf33c6530df19829b940d0e2f387cfbc69371218c1dd32a5267933012ac75259aeac9f70a4a2a101,CLEAR,DAYLIGHT,DRY,FAILING TO YIELD RIGHT-OF-WAY,1.0,44.5,2.0,2.0
0283b0e0af6808cfe6a8f9e7938c15501e287d44e55ee82381d4af94d23fbaf8333b994126bbd421da8584c89137f54874871e654eb980a6cb9a8a837ee374c4,CLEAR,DAYLIGHT,DRY,IMPROPER BACKING,2.0,39.5,2.0,2.0
0283c42f697ab63ccd0203a81377ea7586c82a62e6d92025d95ffaf2634ad4bf1a45660aad454f0adf3dbeed54f1ee01a3c18ab6a9ea28f25ee531f25c98ccb0,CLEAR,DAYLIGHT,DRY,FAILING TO YIELD RIGHT-OF-WAY,1.0,34.0,2.0,2.0
0283d005eb52773fe4c7749f9e8af2ac89f0f604d6d951ec1ff086281a7d9cfabe96be6860988aa837a5fab2822bdb8baaf160c522510ebffb9283950165bcf7,CLEAR,"DARKNESS, LIGHTED ROAD",DRY,IMPROPER LANE USAGE,2.0,21.5,4.0,4.0
0283ff4e0d5b63977c99173a968260f4cf8c4d5ecf4f74d00996165e00c1e8cb73dc893b29d3bb49daa39c4c8636033dcc4a4ce57667f3492cb869d8d7ff91e7,CLEAR,"DARKNESS, LIGHTED ROAD",DRY,FAILING TO YIELD RIGHT-OF-WAY,2.0,39.5,2.0,2.0
02845ca3736155c2233a8f72e35de1a77090dabeef4db2db54799881ce2bcb7b863d93e3f0a8248af2ec4980adb32838e4ee9685fc226882e557a3938fe7c510,CLEAR,DAYLIGHT,DRY,IMPROPER BACKING,2.0,25.0,2.0,2.0
028461571ced9a0fd94c0de90586ef30969b902d5696df7b417d007decd981583fb603fc173cdd83be176dd7e43e7694dd45111c265b677a29e15897d0ea1ff1,CLEAR,DAYLIGHT,DRY,DRIVING ON WRONG SIDE/WRONG WAY,2.0,44.0,2.0,2.0
02847aac15877f9f906a1e46fd7c554c206a698b2bb96d1056fdde4f5b8ccc35516d1b506b4504ba929fcf50f6a70bd9469e17893d88eea909603f61feae553a,RAIN,DAYLIGHT,WET,FOLLOWING TOO CLOSELY,2.0,38.5,2.0,2.0
0284957489a43fb50148618300dc31a763ac753fa21f0f8ee05e98eb7ec027a050d63c66b9755848236e3402b52d7cca94af4a45901dbaf55a81bef600c6ba46,RAIN,DAYLIGHT,WET,"OPERATING VEHICLE IN ERRATIC, RECKLESS, CARELESS, NEGLIGENT OR AGGRESSIVE MANNER",2.0,37.5,1.0,1.0