crash_record_id,weather_condition,lighting_condition,roadway_surface_cond,prim_contributory_cause,total_vehicles,avg_driver_age,total_people,total_injured
02849e79381136080c0da269353b31ed5b15e418f1feefa484c3e88e86a5f61f7feb0111005e0a3588ba78c9ce78b8652cc073c3fc6a6a508aa56322fb8e8591,CLEAR,DAYLIGHT,DRY,IMPROPER TURNING/NO SIGNAL,2.0,24.5,3.0,3.0
0284e0b0d78a61ae8e18ef118425f1ef38747f629277730595effc6ced49677b95055f05d73c29a6896587463d5ae456581f6ccf401b02cba6d4f712edc6449f,CLEAR,DAYLIGHT,DRY,DISREGARDING STOP SIGN,2.0,35.0,2.0,2.0
02851d35648ce41b5813e3f760829b8d45ef2048a45259e28eee8ffa5e97bb3894a65ed93224d9d591a65138374727163d5a7fcb3baa676b1f5593d24fa03513,RAIN,DAWN,WET,FAILING TO YIELD RIGHT-OF-WAY,1.0,35.0,2.0,2.0
028524033f35fe410a2e7be6eaa7a5c07da22ac5460b25fcfc03137727e5eeec97b98ea7765a72d55b56aa71fc098a3f7f0bfef3af32ff7d9e4bb711ea745d08,CLEAR,DAYLIGHT,DRY,FOLLOWING TOO CLOSELY,2.0,31.5,4.0,4.0
02852f2b62439ff556fb65aa6c27f905a30e799f9c54f7eafe2e6cd9dd6cff5eb8d6f084822e851d0e45163b04341c9c225cf9adb94a65ca38b3763171a6763c,RAIN,DAYLIGHT,WET,DRIVING SKILLS/KNOWLEDGE/EXPERIENCE,2.0,49.5,2.0,2.0
02852fddd19ff97deeda65b36f7958c15c8b7f234ed54a4cfdea9094cd5e9b8c7466934a781c8af6d126d2d861f7e14360cbf1cf17fb01dcd703fbbee4feda71,CLEAR,DAYLIGHT,SNOW OR SLUSH,FOLLOWING TOO CLOSELY,2.0,64.0,2.0,2.0
02856376aedad7fe6ec9c8522a48acbb1126fedfe37eb7190a744415a5cc981e63b6636c9c6fb3ce029c6c50f589b590dce1d5ab4fcb430f829d2d28f0057e6f,CLEAR,DAYLIGHT,DRY,FAILING TO REDUCE SPEED TO AVOID CRASH,2.0,37.5,2.0,2.0
02858d02e108b958e84542eb67351f50e4fb4878d2b9dfc895b1eb5b1f60f3a3f61e7a01e302c8c04b538a104969d6cf10a5383628c49f533a8d97eb49da2afd,CLEAR,"DARKNESS, LIGHTED ROAD",DRY,FOLLOWING TOO CLOSELY,2.0,30.0,3.0,3.0
028630371fb738045930207266b18f4d5dfd4f9843ee05e38c95a86e8b97d530f7b74173da910a61142e95b92f9cb7473eff8d64255ae3d5cd21007f2f2113e0,CLEAR,DAYLIGHT,DRY,IMPROPER LANE USAGE,2.0,50.0,4.0,4.0
0286358168581b802a5d6745d57d4a45bbbc6b281c8adfb564b67d7b101809bb3611e3034a5ae091aca0dfbc7618af7403230253ebb7be215db7ca873e1d4ab0,CLEAR,DAYLIGHT,DRY,FOLLOWING TOO CLOSELY,2.0,21.0,2.0,2.0
028638064227b773fc3426ddaf7609c2d2315de717cf49219769756436f2dee8000566ffb80d7479f633675e90cce3a567366dd304b80663315695b232f0a03f,CLEAR,DAYLIGHT,DRY,IMPROPER OVERTAKING/PASSING,2.0,43.0,2.0,2.0
02868d45cfb430a265e4c0d7632245348c2f1f837d7cdae2ecec8a6fa4af4acc36b93be53548182e5a3bd9514573108dbba7860608adf9eccac10ee266fecb14,CLEAR,DAYLIGHT,DRY,DISREGARDING STOP SIGN,2.0,85.0,2.0,2.0
02869176817d1226a3afa4479fafb4683a2bd505386be7f203f7f84ce1d3bc9f640d6afbde23a87a36e05fb731eb627d685a398208306e71ddd3d59a05b1ad72,CLEAR,DAYLIGHT,DRY,IMPROPER TURNING/NO SIGNAL,2.0,59.0,2.0,2.0
0286c57d1f1206668b08a54ab2db85f6bc435557d26f14325656c67aee164507158f82ce3d33543095d24634171ed93f2d7be1da2144a87150438498b545f372,CLEAR,"DARKNESS, LIGHTED ROAD",DRY,IMPROPER BACKING,2.0,46.5,2.0,2.0
0286d8d2f5f29e501cf8d4773b0116e4d68d974474592c4d0e9848aae2ae1d707ef9d0f4323535dafc480f6e5773912e3d8e9eaa3fcc32c6ac8836e227169ea8,CLEAR,DAYLIGHT,DRY,IMPROPER BACKING,2.0,48.0,2.0,2.0
02871d4b1b832f88657cfec639eb6d442117b8af7412f050d646f47fe0e7080868ed164f0acfa8cb7cb56bda221aa7f282f5ca2a6a9d4144d0bce2c93b39c295,CLEAR,DAYLIGHT,DRY,IMPROPER LANE USAGE,2.0,44.0,2.0,2.0
02871de43f4a80a57285e5992bf47052b8f5f061000cabe77d07829f827c5e8edf08a5428692d4fc785dd4e809c8df263ca1c57201beb451aa92173d4338016b,CLEAR,DAYLIGHT,DRY,FAILING TO REDUCE SPEED TO AVOID CRASH,3.0,34.5,3.0,3.0
028729641d4168775686740c422c2b082eac7dcb0dfb4f19f89bdcf2f99c6f1c08a71d316ec8991e70be4977814d3269f3bfddbbf7b100a68eab11a93e8e32ec,CLEAR,DAYLIGHT,DRY,FAILING TO YIELD RIGHT-OF-WAY,2.0,34.0,3.0,3.0
028752031c06fe56e213d82a5335abb8e154be36058816b2c95003fd4856b52c8c6517fa4ad6b34381eb50a72e79477c0824d05c40345ef7f2de9c63a84965e6,CLEAR,DAYLIGHT,DRY,FAILING TO YIELD RIGHT-OF-WAY,2.0,45.333333333333336,5.0,5.0
028787ef2a41c88da7b6a58dfaf5e1fc4a21b0a91a1c2fdabf1305f7a74d2998b1443d70272da0e9237d20825a6bd05913a75c352765948092518545c72ec4ac,CLEAR,DAYLIGHT,DRY,FAILING TO YIELD RIGHT-OF-WAY,2.0,58.0,2.0,2.0
028789d39c7f205ee81dd3b495265192f22bb70f44a1beee8c98bf70243d1d81308cfde24a16ece23f94c6f12d39bd388141a2e970e4576a961d60e5d5f56b78,CLEAR,DAYLIGHT,DRY,FAILING TO YIELD RIGHT-OF-WAY,2.0,25.5,3.0,3.0
0287b62a3a5c00c059bd30fc2f45baeafc92156828895f3eacbc01b53b3ce17cdb6c748c979f05dd184cd8ce76502f06faa84e9567f3fa41f80fa8221ef56db1,SNOW,"DARKNESS, LIGHTED ROAD",SNOW OR SLUSH,IMPROPER OVERTAKING/PASSING,2.0,49.0,1.0,1.0
0287b7e85755c6db67b9bb6b3e8a9d47156953e20c622bac7a96358baa9277c97243023427a5f32719cb0e764e11d1c649ca1d5fba66ea1c99b5ea92ba708e17,CLEAR,DUSK,DRY,FOLLOWING TOO CLOSELY,2.0,43.0,2.0,2.0
0287c622d6a3d8486ec366a36751d16a8ef8f648ad655ccd7a6dfcb828766c049239e57c32d280d91b495a6756685d4a9982e755eae289bed62619c8dd89a715,CLOUDY/OVERCAST,DAYLIGHT,WET,FAILING TO YIELD RIGHT-OF-WAY,2.0,26.5,2.0,2.0
0287ddc20ff8290275473ed00dd84b909c54cb0bc7249f2f822023503740f25d1d8c17c55232921b16a4c484dfc1cd774f1db98086130e5e05d64bf96cc689a5,CLEAR,DUSK,UNKNOWN,FAILING TO YIELD RIGHT-OF-WAY,2.0,48.0,2.0,2.0
0287fac33ef7913aec2c8aafcdf601ba9657585ebc30b730adde7ed04304001da2bd286b487382ab36c9c5e83e8685a3f4c672b967c3cc269f7d4747eaf040d8,CLEAR,DAYLIGHT,DRY,FOLLOWING TOO CLOSELY,2.0,54.5,2.0,2.0
028830d7652d94f40e61893b73d9338f6edca10135fe0467bba9ff2ba9cb5ce0beefc00a2b8a160dd2edd44ec2b5a9ceedf1ab1e8e2762a3fe0b5e1796acfed6,CLEAR,DAYLIGHT,WET,DISREGARDING TRAFFIC SIGNALS,2.0,33.0,4.0,4.0
028851fbf614807f52b3d2ad83f409f1820245f7849be9642fc0c7b4a1c290e4e4b09d164b2a435c22e2af95b559e16c6d17d5f7be219471d51ae97176102837,CLEAR,"DARKNESS, LIGHTED ROAD",DRY,FOLLOWING TOO CLOSELY,2.0,28.0,2.0,2.0
0288612b3c5cebf237bda50f8b8fb167d40644d94b2367f9f5afab1c3d0ee7cebc4b05807d933024ffad1569950ec8d0dc6869d6e4c9dfcd3a81c339f4340b2b,CLEAR,DAYLIGHT,DRY,IMPROPER LANE USAGE,2.0,44.0,2.0,2.0
02886d7f94bb32f08ffbb179d5fe125bd1dfb9cef575289febbf070dfe061cf9a5a9ef9ba31271881195a0081c6f01508275f4c4733427a18727bb48f1b52afe,SNOW,DARKNESS,SNOW OR SLUSH,IMPROPER TURNING/NO SIGNAL,2.0,29.0,3.0,3.0
0288e8817c67896320ac47018eb07dbe284c093088656a3bbe5496428358eb1b99e36f09fb234fb9771602689295298f0037e0901542117265388ddb30c276c4,CLEAR,"DARKNESS, LIGHTED ROAD",DRY,IMPROPER TURNING/NO SIGNAL,2.0,44.666666666666664,3.0,3.0
0288f39d33b0dcc5b21e79f52f16d51931df42c92102e4ee8bff3619649e0dfa93ac35b8427e6abb79eedbca80929a03a72817e6cab0d2d162cc5dc421803b34,CLEAR,DAYLIGHT,WET,FAILING TO YIELD RIGHT-OF-WAY,2.0,26.333333333333332,3.0,3.0
02893c69c06c499e22b0dd907a307218fcb0be5667b7736ac1b43b69c0ad7bb168cdcc1b14a5bc3f1c82c38bebbad33da3fe7399b6732aa31940f859e72bb832,CLEAR,DAYLIGHT,DRY,FAILING TO YIELD RIGHT-OF-WAY,2.0,19.0,1.0,1.0
02896120fb2ddf8a41ac60f01209617983618cdb4490a246fb361a3a152dd911d659970ca3c067c113ace29a6d6846283b84d0a72396250c3f418d96e27bf55b,CLEAR,DAYLIGHT,DRY,FAILING TO REDUCE SPEED TO AVOID CRASH,2.0,39.0,2.0,2.0
028964f63083e8a1e5ea58bb120def2f96e8d6bb26ea827b45add0a5284d33dde0973e198aaee8cdae098a28ee19b3e2c3598ef6a47c3d01af172b19f7dd41ba,CLEAR,DAYLIGHT,DRY,IMPROPER LANE USAGE,2.0,37.5,1.0,1.0
028968f4d7d9d9e8ab20061953b4d58229d6959b82c4295842d209d101f09b1fe4abe1d11c4e29e7c55b9b09c30773c3d85e7da658b829ba2a2ca253dcc74bc6,RAIN,DAYLIGHT,WET,FAILING TO YIELD RIGHT-OF-WAY,2.0,55.0,2.0,2.0
028971f73aa206c8728f5d7079bef11d322242394c102ab490581bf48bb4f62a77f586ed1c77a9b7e294e4d06866cf5bfe3565336aa3357378b4f06336e265f2,CLEAR,"DARKNESS, LIGHTED ROAD",DRY,FOLLOWING TOO CLOSELY,2.0,33.0,2.0,2.0
028982d8aa4f5471e955bbf1e7a46250f49cc63b89031ba5d133085b4009aa382b6b1e1880e2c7d9d268bad613c7bb44ef5b5b2f3368400323243cfca95e946e,CLEAR,"DARKNESS, LIGHTED ROAD",DRY,DISREGARDING YIELD SIGN,2.0,26.5,2.0,2.0
0289976cbb57a94ed72cc5c96d01ffc7669e9e4a48d16ae6359c7f4e2074ee211199c6986ee530882582982701e1f6418e494426eb3ed9306acbd3ad6aea60e1,RAIN,DUSK,WET,"EVASIVE ACTION DUE TO ANIMAL, OBJECT, NONMOTORIST",2.0,45.0,2.0,2.0
0289c78607157f70199d09432d60a6c4c3aebaaad60de0d105fff13f486bf54a240b1dbc1107fed70d30cd30e898ef74b0b86cb8fcfba240eff42a162d9f8277,CLEAR,"DARKNESS, LIGHTED ROAD",DRY,FAILING TO YIELD RIGHT-OF-WAY,2.0,47.0,2.0,2.0
0289edaf92f773c496b3489ce0574e85b5ae875cc6927d37a9669716f79eb741183b0e6056540c8986da2cfd6a0e210fd86230e405829ab75d3bcac6a67c5cb8,CLEAR,DAYLIGHT,DRY,IMPROPER LANE USAGE,2.0,18.0,3.0,3.0
0289f35168934325c71e30aa27dce14827559e9da448d97ce8739989628731ad446380f8121767ba7cbad61cafa6c55f1953d1ecb21fae6417dd6a3de9302fb4,CLEAR,"DARKNESS, LIGHTED ROAD",DRY,FOLLOWING TOO CLOSELY,2.0,47.0,4.0,4.0
0289f8743a388c7b362afa741b5b24bd204ffe4bea384d8b5b152d9774ed4cd953e87a8f2adf9c23dbb39c1437fb5fb137c64a2e3451461552eaea3c2d5d8f23,CLEAR,DAYLIGHT,DRY,FOLLOWING TOO CLOSELY,2.0,48.0,4.0,4.0
028a0e90dbe0a0dee735444d7b6a82a71cace960e58e24d6c305e67ac3af8d0b03371eff7f6e2b62192e8ac9b8a89e32f944f0717d7604428c7227144137c971,CLEAR,DAYLIGHT,DRY,IMPROPER TURNING/NO SIGNAL,2.0,52.0,2.0,2.0
028a1a4bffdc6357a2f9e5998b25d3105c98768d1cc3ec14dfd72e5786f230db63babc7d4efdcf68abbe6beee73fd8f0bf8a504f21b7b2dc8619fef715f56e44,CLEAR,DAYLIGHT,DRY,UNDER THE INFLUENCE OF ALCOHOL/DRUGS (USE WHEN ARREST IS EFFECTED),2.0,41.0,1.0,1.0
028a20fee4e9cf893d8c1b3897709f20d94f466c26c124968358b3743fb39ce9c10327fab90876c75efdf9084e6a1864582713980204219378e1081775d0e23c,CLEAR,DUSK,DRY,ROAD ENGINEERING/SURFACE/MARKING DEFECTS,1.0,66.0,1.0,1.0
028a315032365a414288ff0e8747d869b911a1045b94c060e21a67b2e7b6b5ae553f7b0af135f015f64fe7ad9fe144abbe348a1c783652ea499be43802467a11,RAIN,DAYLIGHT,WET,FAILING TO YIELD RIGHT-OF-WAY,1.0,20.0,2.0,2.0
028a59ea799f84e843eaa3b53c8a4e94a27731be91d92417376e72e1104cf2d8209c3bb856330ded781bcbbf86c6bf8694f415c1e08cc65b4579bf383600912d,CLEAR,"DARKNESS, LIGHTED ROAD",DRY,IMPROPER BACKING,2.0,35.0,2.0,2.0
028a6b53ee41017c2c168aeaf83804ee76e4ebc565b9cdece0fcf8eabe92891cc0f9cc0f8864a99a9ac59aab185e65324ccd57a98a52bc4f5568e09321646078,CLEAR,DAYLIGHT,ICE,FAILING TO REDUCE SPEED TO AVOID CRASH,2.0,37.5,1.0,1.0
028aad551e511aa08f757c681bec0b76c755a8eb3bc86406b4b424fdad999d0b6fa03797da08f63c4527d674f22169c4e0a2b7e7b27f897a8eddb4d4815e6d8f,CLEAR,DAYLIGHT,DRY,FAILING TO YIELD RIGHT-OF-WAY,2.0,55.5,2.0,2.0
028ad038033b725f1efef9cbc6e60968f714dd2340aab6b4b6924caed2c4556e858b2715ad4137a7fa5e1d86f10b33f1f96fe3dae71f4a7cda7a8c7330b1a975,CLEAR,DAYLIGHT,DRY,FOLLOWING TOO CLOSELY,2.0,64.0,2.0,2.0
028affdc621e1e2713e34ae3496e50a952c1ba61ac1c922583d2144ff6afad5ea221ce1d2fa42ac3a560a7b4874310134a5857a0ef12bccce318833d24d86e04,CLEAR,DAYLIGHT,DRY,IMPROPER LANE USAGE,2.0,50.5,2.0,2.0
028b026cdbf0d641ae9b30578dc3674b6d34cd214434fee672e03d0d97f152266cb05b747d2ede47a659358ac21d301b7e44a67552e649d0f3f9ed3a3ef14ba8,CLEAR,DAYLIGHT,DRY,DISTRACTION - FROM INSIDE VEHICLE,2.0,46.5,4.0,4.0
028b04d922e599910f046f98f4bc360235593df6dc27baba8024967b97ca793b6b12f997e589149ee0e27e5513589460a31aec5b3a16adc67c15579c2100e688,CLEAR,"DARKNESS, LIGHTED ROAD",DRY,IMPROPER OVERTAKING/PASSING,2.0,39.0,2.0,2.0
028b05f217863563fd73d2fa329fc031e1a0409482dd468f3985ac818bdb223ade59e0b9d62a5e3a2fcca15ea80968fe9ceb4c9a5ea21a1c8e4140b3b5d9f7a3,CLOUDY/OVERCAST,DAYLIGHT,DRY,IMPROPER TURNING/NO SIGNAL,2.0,57.0,2.0,2.0
028b08466a616fd393afc0eb08853268ef9ad978eea157f22744a6386bb43abb386f14f47832e24cb172586660c063527858f78616674398e55e6616cf39be50,CLEAR,"DARKNESS, LIGHTED ROAD",DRY,ROAD ENGINEERING/SURFACE/MARKING DEFECTS,1.0,37.5,1.0,1.0
028b08d7f5ff66c5a2aac5c74c80e9275d8be0bb09315f9ccd81ec9f94d0ffc82cca4f95d630ca5aed99287560cd934e6917b3260436e0e270672d61a3670ff5,CLEAR,DAYLIGHT,DRY,IMPROPER TURNING/NO SIGNAL,2.0,34.0,4.0,4.0
028b1f02b0d143a8483e6cbbb33e4088086228cde8ffaa4e3fc130c8e5ceb4ed63a6c4cc8181c91370b09cd49dbed68c7857f49f1cbd32191bb2f9485e18e5c2,CLEAR,DAYLIGHT,DRY,FOLLOWING TOO CLOSELY,2.0,42.5,2.0,2.0
028b25aa19159d0d9659700eda537131cb5418abebcb5c547dbef16e152a91ed674aed7d0820bc0d7900bb32f12ff25da4f4c9e9f63cbb35d6e9d01b01f88aaa,CLOUDY/OVERCAST,DAYLIGHT,WET,FAILING TO YIELD RIGHT-OF-WAY,2.0,63.0,3.0,3.0
028b3576503966b2454ba4f1fd11bcc3c4700afaa5fe1cee000f81340397f8077f9e509b78d5d581b3dceb3ba8866d11403d509a091bda03406e81e41ce327a5,FOG/SMOKE/HAZE,DAYLIGHT,WET,WEATHER,1.0,47.0,1.0,1.0
028b3fe1b67570b890097fd05e3782af0494a0b68753c80b59523e2502310dbe8a7b888467ee097f1bcb08a06c1a01107a1faeecd69dc22e5ca66772195c9a11,CLEAR,"DARKNESS, LIGHTED ROAD",DRY,FAILING TO YIELD RIGHT-OF-WAY,2.0,41.333333333333336,3.0,3.0
028ba87cc6f9c2028044b672a85d1e1203c1377f3cad77344a282720e9c26d977c5ef0cba66285ec203a566d435026c91991d25cadb88adc06fde0d598e18314,CLEAR,"DARKNESS, LIGHTED ROAD",DRY,FAILING TO YIELD RIGHT-OF-WAY,2.0,50.0,3.0,3.0
028bb774cfee6055350cae2db9d52c0024b289598d2d9f3005fd404d463e96e1ccddcdd7fcf99e2f889a9433b5532fc7deb8028ef8c2ee1e0531d1610eaa8e86,CLEAR,DAYLIGHT,DRY,FOLLOWING TOO CLOSELY,2.0,30.0,3.0,3.0
028bb7e84a0c0bc225d7de3a9370e141d511d54764bc4e5b8ad83ed73d37075de767fd027300ec3b04fab437c96a6451699df95b333fd68866bd8018a1a9cba3,RAIN,"DARKNESS, LIGHTED ROAD",WET,IMPROPER OVERTAKING/PASSING,2.0,47.0,2.0,2.0
028bba091bdcbd84708daf0a8709c298fc94d26d6b5b3fc460fb89b88d8db728552ad9ca24d793ba62d4b146fea6841667bae2e9ad4277c6ff18d19d5bb9b28a,CLEAR,DARKNESS,DRY,FAILING TO YIELD RIGHT-OF-WAY,2.0,20.0,2.0,2.0
028bbd06e40807f3578101d85e3e1946aba5bedd89b09d9bba7a606f5e985957a2a2fcf2e4d29513f2be8d0c5f49c6d9cea0e926d0c7f5315ddc940424626a45,CLEAR,DAWN,DRY,UNDER THE INFLUENCE OF ALCOHOL/DRUGS (USE WHEN ARREST IS EFFECTED),2.0,36.75,4.0,4.0
028bcbd96f5bdfce580cd8115d62f8c0632e06b6f9e33928b1425b0ccf2b44bbe78a3c62112a363b17efc4e876cd66eab0b2f2a061e3dc47776466c2327b2b82,CLEAR,DAYLIGHT,DRY,FOLLOWING TOO CLOSELY,3.0,33.625,8.0,8.0
028bf389eb41756a9256754ef66a0be56d992876dae210447676a0636ba0d320a51b0e4b083acb713410cb276dc31649196bd014fcf5ca79406acae510bfc000,CLEAR,DARKNESS,DRY,DISREGARDING TRAFFIC SIGNALS,3.0,34.5,4.0,4.0
028c26afcddb5aef533a71f5a36be5b9b472dfbf3e80cc13c11697e13a159697e9b9d615e9af4a7a80ab43f6a0eef5462d0793b17a19c91ac9d84dbdcb5af585,CLEAR,DAYLIGHT,UNKNOWN,IMPROPER LANE USAGE,2.0,24.0,2.0,2.0
028c35b09d52a60fcf5429802e9758fcc76f2a93b2ea9aba27f85037664ce682a14606b9f7762c216ca84055c0ccc3c23aa268a9df466b4fce70e9e61963f48f,SNOW,DAYLIGHT,WET,FAILING TO YIELD RIGHT-OF-WAY,2.0,25.0,2.0,2.0
028c45510ad50a7c41b9fd3c432430db91e8a56ac60ba0771e3cd153b09b1e9f95c066b99d32d7fa6156e0803e085e521492a93a8a21e43535748bef9c967ec2,CLEAR,DAYLIGHT,DRY,FAILING TO YIELD RIGHT-OF-WAY,2.0,28.5,2.0,2.0
028c459eb327639bcc1509191a4634c4f379cc18cdfa8121f3266dfa0a945e603c424292979e98c3b8abce69e1152da58dda5abf51c86960aa682b99e6553938,SNOW,"DARKNESS, LIGHTED ROAD",WET,IMPROPER OVERTAKING/PASSING,2.0,46.0,1.0,1.0
028c904d4b6f14f480e107cb9fee32459968d1cfb7722cf174d1692297191304971a59b9cd988acc40302944bf5fb55c740cb2bbe354d29ad451de1d10d0261f,CLEAR,"DARKNESS, LIGHTED ROAD",DRY,DISREGARDING TRAFFIC SIGNALS,2.0,24.0,2.0,2.0
028c9b11f17933618c798b310f6a01fcb54f8ce16a300acf6088654138cb4be37964253e9ae5f9a35ac3f9ad4c53c6f4d6734e473033583c1589b9858ee4ffb8,CLEAR,"DARKNESS, LIGHTED ROAD",DRY,DISREGARDING STOP SIGN,2.0,42.75,4.0,4.0
028cd6ce875b5762ccb22eedf2f0d63d19af2547fa0119c217da8baace5fdb76906fd681aafc2a11b8f9a78a301d6c4c4f00dfff31c4811a22f2c4809ed37600,CLEAR,DAYLIGHT,DRY,FAILING TO REDUCE SPEED TO AVOID CRASH,2.0,44.5,2.0,2.0
028d040bf8af3f97c83e1db0f76eb4398e97a531d45daacabe015316e8797e69ecc1b031d202838fa099a78a617a0100a6c45926675f5776561a5386849d5781,CLEAR,DAYLIGHT,DRY,FOLLOWING TOO CLOSELY,2.0,49.0,2.0,2.0
028d70d43227301b8d747115920054bee35a8e06c4c0a5e98e387575b3345f1f011ddacef5339fb6c2ce6111e5062e6cf65879ad3eadbf531fc1fd223ccf1d20,UNKNOWN,UNKNOWN,OTHER,EQUIPMENT - VEHICLE CONDITION,2.0,18.0,2.0,2.0
028da5c8b1c9f7d29dd70a08ad4632e7db37dd06ab1f794f8339f9ff5ff87983e7d430df3d8a6c39718a4788c3df7928a91c36b94a5de7e7fea237ba15ebeb05,CLEAR,DAYLIGHT,SNOW OR SLUSH,FAILING TO YIELD RIGHT-OF-WAY,1.0,23.0,2.0,2.0
028dbda61338b534b6c68a4a4a909e76bb508ac6eee239f5ba118f132a83c93018f73c8287138995fff04d23ec2c6804ead6d45c19758a8b35f4aedfc12ceb50,CLEAR,DAYLIGHT,DRY,FAILING TO YIELD RIGHT-OF-WAY,2.0,30.5,2.0,2.0
028dd024ba4ba2ecb2f7fbbfd6e1bddbe6c0cb69315ae10c4ed82c303624316817ee10ffa839334d49321853e1a0270cc4b9d3cead0529ac2c891d3dc15445c9,CLEAR,DARKNESS,DRY,EXCEEDING AUTHORIZED SPEED LIMIT,2.0,25.0,2.0,2.0
028df26856752a776b9305f7bddc2cb5e27242866ebc566f3a1182813e2283a8bcd076c3479a4683b17d16378f1371bdefe48b0a91b3ee9c0d768593999e1d46,RAIN,DAYLIGHT,WET,FAILING TO YIELD RIGHT-OF-WAY,2.0,26.0,2.0,2.0
028e0888e4b6b081af7119644ca5a84b09b28772b430ad475f132ceb6f9ea6d9c87e36b80d15503bb149700a40438157fe7d55771c2400eaf160020ce51eb0c5,UNKNOWN,UNKNOWN,UNKNOWN,IMPROPER BACKING,2.0,74.0,1.0,1.0
028e08e38aeae8ec59bf954935eacfe6193bbbd1dfd4bfd5ddb36d0c4d85ed400f37fa0408d86b0a26164b70b69d1be3e0fd888aba97f889fefa4fdc65f4382e,CLEAR,DAYLIGHT,DRY,"OPERATING VEHICLE IN ERRATIC, RECKLESS, CARELESS, NEGLIGENT OR AGGRESSIVE MANNER",2.0,25.0,2.0,2.0
028e4fb1a51131b4318bed3442507810725d4219baa3e7ac4324c2f6a13f71ec6b3e791cc89a6530c6db01c48d4674995170f63123f9a6b70e2e11f0a7549103,CLEAR,DAYLIGHT,DRY,FAILING TO YIELD RIGHT-OF-WAY,2.0,30.5,2.0,2.0
028e751d7ea8de89f03e96a66e696b46fb773bf2b1758e4da0122e0dce6f188871b28918ec3a53371a69bd397582dc4fb674ffaa42cf4093b33dffe7657e6723,UNKNOWN,UNKNOWN,UNKNOWN,DISREGARDING STOP SIGN,2.0,40.0,2.0,2.0
028e77ed7a0d10c505edf7406257b7db6f9e478220da9f9a2f51e717b1eadd82805a0324b70d0fdd4c359a732a9eb81dedf90ba20ca3aa34e35d09e74e1f5500,CLEAR,DAYLIGHT,DRY,FAILING TO REDUCE SPEED TO AVOID CRASH,3.0,22.5,3.0,3.0
028e7a955f5a3df5589a9a233a9563abc7072dc5998ec037eef7cb71b58e753dbe60be2a7b09816d8bf1c5b942ba4514e089faf1bfeebc0980302a094e86f9b3,CLEAR,DAYLIGHT,SNOW OR SLUSH,FAILING TO YIELD RIGHT-OF-WAY,2.0,40.0,3.0,3.0
028e7fec20d09b1240e3ecbb9e4376928eedddfd9a3af12199919d056ef8c5986076fd5bc5dc922f27569ed918cb8fa7e57a4325f45004a9c9f864ff56a4df95,RAIN,"DARKNESS, LIGHTED ROAD",WET,WEATHER,1.0,48.0,1.0,1.0
028e920c5f1f62c9346e0f96969abf9f5076790a7a4e68c10029d938b385ae63472b4e11bccda9f4887f2ccf9aa35266ad6fee2b2612a3e9b5841fb6fb51c630,CLEAR,DAYLIGHT,DRY,FAILING TO YIELD RIGHT-OF-WAY,2.0,41.0,2.0,2.0
028e99f189d756fe81ed2d10e9810f31d1b6cf925e1387c5a62de843f6de76e567565c3de8efdbea311749ef240639e589cbbfaa2047af9f71d962a0ca4b02c1,CLEAR,DAYLIGHT,DRY,DRIVING SKILLS/KNOWLEDGE/EXPERIENCE,2.0,37.5,1.0,1.0
028ead78f47bb70934ccd4b4be290ba4af42b8b60c5ccad92c581a05969f0b5d01109418a930793a4e45ad0d5894b252de2606a2a94f01c5497978884ab5d6a6,CLEAR,DAYLIGHT,DRY,FAILING TO YIELD RIGHT-OF-WAY,2.0,68.0,2.0,2.0
028ebab19800511788a41e87ff6473225240489a433d3f52a7c05371affe55097ee907949c84b58cfb79e96f1b315f4ae2de5effbe84e8390facb926ada3b927,CLOUDY/OVERCAST,DAYLIGHT,DRY,FOLLOWING TOO CLOSELY,2.0,26.333333333333332,4.0,4.0
028ec07e5029302304352979c4f3e80214d9a73f0b1b0f1dbe9afa549efe20d52b6de219e02dd27457a6365077578f71e42c565db8e4da1544c1b8a82714e49a,CLEAR,DAYLIGHT,DRY,DISREGARDING TRAFFIC SIGNALS,2.0,83.0,2.0,2.0
028ed473d241f44a0ab25f2b60de8292c908d85670d1fcfb55faf3759def45c6d85afe8f59a8388a8d32f9a24a546f995052b8758c1d1100f174f994d1141563,CLEAR,DARKNESS,DRY,ROAD CONSTRUCTION/MAINTENANCE,1.0,53.0,1.0,1.0
028eea312f66ac2562bb039445451f787947bdedbad78988a373992518c7a67e53d611af2f4a263b2bda8a5be62e86024d70b70bead409398c2eaeba4ded15cb,CLEAR,DAYLIGHT,DRY,FAILING TO REDUCE SPEED TO AVOID CRASH,4.0,39.333333333333336,5.0,5.0
028ef35de99c89529d69168e967bf6ab2fd7bb42d043cd9fc8eff852e58db37cdaed68e9a80458d6758711226541dfc3cc482630bba38fe6acc3ae21cc92abc4,CLEAR,"DARKNESS, LIGHTED ROAD",DRY,PHYSICAL CONDITION OF DRIVER,2.0,47.5,2.0,2.0