crash_record_id,weather_condition,lighting_condition,roadway_surface_cond,prim_contributory_cause,total_vehicles,avg_driver_age,total_people,total_injured
028efb3ebf19a79492cd4202f620ef898c17b9a56f75dd75ff8c46b4ba13ba9c7faa4d421416c6ec0b2a2b04e7cdb871fbf0794ea18d12805334a781e3f5f5ff,CLEAR,"DARKNESS, LIGHTED ROAD",DRY,DISREGARDING OTHER TRAFFIC SIGNS,3.0,35.0,3.0,3.0
028f0dd434b829c33fdc0e9fc2ed72999708dd0e6ca2bb43294cfdb4cf1807327893de18e08290e8063257e6bb54bf32acb1442084ce0dd93a8fa9713c1ac4a4,CLEAR,DARKNESS,DRY,DRIVING SKILLS/KNOWLEDGE/EXPERIENCE,2.0,37.5,2.0,2.0
028f17d55f415a318aa318602770dad7900e1637a4886d67606f365c4759f7da331161128d7cb4757a54e443979743e25eb40a25f3e99f3cc2d8617900a1a607,CLEAR,DAYLIGHT,DRY,FAILING TO REDUCE SPEED TO AVOID CRASH,2.0,69.0,1.0,1.0
028f2187178f358a106fee7cbed9b1c875615225139e84fb73908c8fcc47ab67731dbae85d9f316ec6206c775b4442941f3f1d4f629dc69c87799c4f70f5ba2a,RAIN,DUSK,WET,FAILING TO YIELD RIGHT-OF-WAY,2.0,58.0,2.0,2.0
028f5dc74a2a6a65d6dba8925cd8d66fe7048caeb8ff557ed64e9cf6fa5a34331031161ef7703857e14d7364527dc4b66827e6b3a37a44501dfdef2c76bfe6ea,CLEAR,DAYLIGHT,DRY,FAILING TO YIELD RIGHT-OF-WAY,1.0,46.5,2.0,2.0
028f793aaf363a3e891424a4eb091057694b196678c12bd3bcda69fcca5c44d705e56c95bd6d649ee76b259378254b8a9ac094a09780a20cf010889a4d7c9099,CLEAR,DAYLIGHT,DRY,FOLLOWING TOO CLOSELY,2.0,23.0,2.0,2.0
028fc5f69259720c276c27c00c0643711b49a9bc2f8f3c8c0abd44ddd02b931bd67ec37de93fdf8c2c204f3af8e9b5a1366a8c4d6b67effa8e2ef061fa6adf39,RAIN,"DARKNESS, LIGHTED ROAD",DRY,FAILING TO YIELD RIGHT-OF-WAY,2.0,34.0,2.0,2.0
028fd0602deff5bc0ad8bb276c88bd67cc3af580091c7cd16ea7c7ef96b73552e42633256541356c370d5badcdee44a82b668ec48880116e006e16a360a94ca7,CLEAR,"DARKNESS, LIGHTED ROAD",DRY,IMPROPER BACKING,2.0,37.5,2.0,2.0
028fda13ef7e7ffebc8cf03c465eac629c4c44c4a8beaeaee7963b0aefcc7d6fda2a6e69a3b97747cf5fa193ae8b4fb6cda4b499278a5d80444242bb2eb20d28,CLOUDY/OVERCAST,"DARKNESS, LIGHTED ROAD",WET,DISREGARDING TRAFFIC SIGNALS,2.0,25.0,4.0,4.0
028fea8d5f5927e55a206070fc508ef6898fd96e193f2493ed01fe013db038d8a4e0cff007fe31235ade9ded8f6df0dd7e6974bf079739f98996acf8479cfc35,CLEAR,"DARKNESS, LIGHTED ROAD",DRY,FAILING TO REDUCE SPEED TO AVOID CRASH,2.0,41.0,2.0,2.0
02900c65c7983d1f6b51a2b28f3cf3fb431c437393dc0ea0bc92aa6143479cd1b76aceb70d52b63b5d658b83f98cf7462444cf0b727f2d3c839d413344151e8c,CLEAR,DAYLIGHT,DRY,IMPROPER BACKING,2.0,59.0,2.0,2.0
02901e102f472cb3c938b5ff9f434463d6ac008febf006f101d9dd5df9dc88fa19b3791b80113f6eab9b6a0655d590665795126eb5928aed2ee29ab244824025,RAIN,DAYLIGHT,WET,FOLLOWING TOO CLOSELY,2.0,35.0,2.0,2.0
02902f44843d257ba4d93dde056ecc2ed9c033bd2cb0aa23846387e19da225f87efe6cea325b2ff0894ff50958705b9623f45531c3deddb09be2f1dcf356e944,CLEAR,DAYLIGHT,DRY,IMPROPER TURNING/NO SIGNAL,2.0,65.0,2.0,2.0
029033e2dc13005f0c9f50464355e91efbed621069abd08acafb4bb8e3a0afafc7964233538731c04be0d1e707cc5c23ab7cb62f4ca9672635db058a6a2355f6,CLEAR,DUSK,DRY,FAILING TO YIELD RIGHT-OF-WAY,2.0,36.666666666666664,3.0,3.0
02906f3f85108fb0cae0f8ba43e148d21dc3c2b2231036ff638f55d815054f7537423d8974430bff9af51de0401a4c534fe3f140ee4cb7581eccb58882acd4f1,CLEAR,DAYLIGHT,DRY,FOLLOWING TOO CLOSELY,2.0,39.0,2.0,2.0
029077b271603981194c059fb8ffab6a835a7541c3641d455842c696b569e256d995527660bdcad4b822c03326dce25bd396db2b502c6f99d2d2c64b3521c4b1,CLEAR,"DARKNESS, LIGHTED ROAD",DRY,DISREGARDING TRAFFIC SIGNALS,2.0,30.0,3.0,3.0
02908d3d5596fc8734001cec9e0cee81753fe25d59a932c403654cafe4a396c7ff5c474983bf3db462dc95c84f2ede5f1cd849e12cf5a2ec4c040453201fb9b4,RAIN,"DARKNESS, LIGHTED ROAD",WET,FOLLOWING TOO CLOSELY,2.0,36.25,4.0,4.0
02909c6f5b4136e7a8e1aa49dfacfdaff9d95add0022e5881a4098ffb87262f77581bca410520232d958aa948f54064405c4e244a0d6b3ada091d5862793b4a1,SNOW,DARKNESS,ICE,WEATHER,2.0,22.0,2.0,2.0
0290a6ed89ea00c2b518cc120f156631891a026ca425926d4a3a5b1c3399d1507ec2dfc38ab6a2244a40271816c9954eb3d931cc1839b3daeb0a2a8dfb30f249,RAIN,DAYLIGHT,WET,FAILING TO YIELD RIGHT-OF-WAY,1.0,44.0,2.0,2.0
0290e31f2a7035699f24cae20443670aa05357ea159a3a722e264c2ad43275dee18a577bed7b806208054777a30c23f161dced0804280cafb5979cea769bda4a,CLEAR,DARKNESS,DRY,FAILING TO YIELD RIGHT-OF-WAY,2.0,32.0,2.0,2.0
0290e557c7ba1972bdc62f31671254dc0d2f4294bf1e3e706f780495da71662dc191f18f7f13c171120e1518b5d496396478a2f7eb21d9abd288f6ccdffd209e,CLEAR,DAYLIGHT,DRY,IMPROPER TURNING/NO SIGNAL,1.0,49.0,1.0,1.0
0290e9511ae76cfa3c50df0035ec74f381ca3b43402e1ddbe35b06306de1a827868c56bfc8c932563f5470349952c208ac92bd7fc63c5ea963f2874811cc57d6,CLEAR,"DARKNESS, LIGHTED ROAD",DRY,DISREGARDING TRAFFIC SIGNALS,2.0,21.0,5.0,5.0
0290f2cc21e4fb8cf347d94e73112300b35e7f3e677eb315ec7842cd8fae21647099a12233c48c126cf21d3348bf1836bfd25803231e61d07dbe504c5570a94d,CLEAR,DARKNESS,DRY,IMPROPER BACKING,2.0,32.0,2.0,2.0
0291035bb300793d7bc4fe8fb6876ae53645e0d0232d25adaf1202bc44e87d63002527d3cefa874d1294f4527e9fd927fb908d5b98c0c1591fb52502ee749fad,CLEAR,DAYLIGHT,DRY,FOLLOWING TOO CLOSELY,2.0,42.0,2.0,2.0
029120a8ae3492f9dab980a2d54045324cdbbae7c883636498a8a4716d9e10ff4ec0348cfc853746f29b18b5b25225bcaa164cf33c6bd435ce1f67aebb2f92b4,CLEAR,DAYLIGHT,DRY,FAILING TO YIELD RIGHT-OF-WAY,2.0,32.0,3.0,3.0
0291365a2eaa92e8d7c2972173ce67e0b970e65f48825bc9d992b0221bd6b910d6c5566bfaa4f16078c26ac1ac070abb0f8c3bdec7a1be9bc0c6d8790fd3bedb,CLEAR,"DARKNESS, LIGHTED ROAD",DRY,ANIMAL,2.0,35.0,1.0,1.0
02915ba064ef5c9569b6fcb8252d7ac0e217cf39914a8ab19b53ee9f4eac17e7e034502aa3deff27ff2b0c4415fab99d4097e74343d367ff03541647b394f84a,RAIN,"DARKNESS, LIGHTED ROAD",WET,FAILING TO YIELD RIGHT-OF-WAY,1.0,28.5,2.0,2.0
02916ebf86c5f8d88e0eb3c371054c37d3fd4e29f36441c8c80a53218061babd646f3556eb9312f1ff6378963635e128a40703c172e15ed5da10167df9d07dd9,CLEAR,DAYLIGHT,DRY,FOLLOWING TOO CLOSELY,2.0,45.5,2.0,2.0
029181cea7ede0f60780f12994aaf05f7b0d6ab98b36d896e3a78f987433e243de72b88651fc32d32cec30fe1005c608525972adbf8a2f28702ea5a6904238d3,CLEAR,DAYLIGHT,UNKNOWN,FOLLOWING TOO CLOSELY,2.0,50.0,2.0,2.0
0291870d93d024c0e3ff6d5254c8ce26e02adb36f6e9b350e9daaaae0f0b553f0a9667603c57af7a4dc6137d076a475c17e04b007f2c2616c7e6405817a6fc22,CLEAR,DAYLIGHT,DRY,DRIVING SKILLS/KNOWLEDGE/EXPERIENCE,2.0,34.5,2.0,2.0
0291967c7249747e737a0b3bbabe6c5a0a0540c6bc13e4423aa5e65f7db630d51f79c971eaee5a8c2d5f5694780e8b0160135a4770cb12969f6102a490022184,CLEAR,DAWN,DRY,IMPROPER TURNING/NO SIGNAL,2.0,40.0,2.0,2.0
02919e6239252852a57e4e2fd9729acee5796121b88ca3f348b03ab920c3b162b11c00e935c62209274f55f11544e61500d259a030ed5e2d0f3b1ae1be92e766,CLEAR,DAYLIGHT,DRY,IMPROPER OVERTAKING/PASSING,2.0,51.0,2.0,2.0
0291a4079c694a1e0f602595a4b46172e433d8c5caf0a7740841d97cb8a9e352e92055945d43665a166c68478aed029adead17c94cd76cca5a63f16d76058f05,CLEAR,DAYLIGHT,DRY,WEATHER,1.0,41.0,2.0,2.0
0291fea1bdb0c6ac36d0da718029396540d130eb08e841b4cc599788531e66813775a38d25e2778f8571beb870bb9b6d8befdd5ff82344856e32a67df2de4dcc,CLEAR,DAYLIGHT,DRY,DRIVING SKILLS/KNOWLEDGE/EXPERIENCE,2.0,51.0,2.0,2.0
02920767f1258c5c6e0c9a0f8e01d6777d3c171abe11a5d13786a3005c2cff0b1971877af140f4ae686315d37c0a83361df71b9078e952440f8d3bf33912c14f,UNKNOWN,DAYLIGHT,UNKNOWN,FOLLOWING TOO CLOSELY,2.0,28.5,2.0,2.0
02923ab74bbd2792dbf46be18f0c6cae0b15cb6d676172fdfc825518deba1aa6b556abb291e06009c89793660108a481880085b1de815fabea37238fdf59132e,CLEAR,DAYLIGHT,DRY,DISREGARDING OTHER TRAFFIC SIGNS,1.0,65.0,1.0,1.0
02923e6e5516fad78a12689796fedb63573582756e321cc1ae5f260d8883e4057075ca156b63555708e07c48393791a15c53b5ae5b71ec5c908e2de9af734f34,RAIN,DAYLIGHT,UNKNOWN,FAILING TO YIELD RIGHT-OF-WAY,2.0,31.5,2.0,2.0
029245ad30ed33adcf6873af007d58ade3a7fcd21ef990f2688c9b9d97a6d46123d9a0af24ab876e8001313ebedca6d4c5847da7fde77b3c378683de6c103b1f,CLEAR,"DARKNESS, LIGHTED ROAD",DRY,FAILING TO YIELD RIGHT-OF-WAY,2.0,40.0,2.0,2.0
02925dae4b5d64bcbbeee7ad3c7a4e5fc29495c799e69f8ac460da29e8aaab3d9e39e125e9444ae3500d324a04c86bc45b19f801acaee1b3f26ce4438e28f557,RAIN,DAYLIGHT,WET,DISREGARDING ROAD MARKINGS,2.0,44.0,2.0,2.0
0292a0dd647e8e7bba226e4cc8be24d3f2d50339b2014c3a58d21e92f445368d27416a97a2c2344d7f7b6c123d3e7de1eb952fdb032738b47ae968cca11a5528,CLEAR,DARKNESS,DRY,DRIVING SKILLS/KNOWLEDGE/EXPERIENCE,1.0,37.5,1.0,1.0
0292bf667e98ebd12c4bda506f23845944a8626dbdcdd58d22c49e1aeb2aeb01b637285c3c9a8321caccb47a9bd2e8e37749f2399491d76d2a4984844dc37535,CLEAR,DAYLIGHT,DRY,FOLLOWING TOO CLOSELY,2.0,64.0,2.0,2.0
0292c49a0b8cb6c07aa2041972c34ca2bd7957c145d825a67cc56c3572324cb788d475ba2c46db374e78e8f9262b41de405a9dccf8a4194c1a90c45c2fbb5e43,CLEAR,DUSK,DRY,DISREGARDING STOP SIGN,2.0,39.0,3.0,3.0
0292e72c999268f7b674fb899161b5d839f457a9a26cb4d12aac7fbbfd918bfd985d308f90f1b27267448cb13e6f5e51c02202e47e44fedb61703addbe975f68,CLEAR,DUSK,DRY,DRIVING SKILLS/KNOWLEDGE/EXPERIENCE,2.0,26.5,2.0,2.0
0292e971c1ddf628506727a89e59531f2c96d950b3ec7740de92b128dafa9fe2b74df76ba24c769eddc2ddf85a92d03e6f6eee7a900f888067c094c3317e99a4,CLEAR,DAYLIGHT,DRY,DRIVING SKILLS/KNOWLEDGE/EXPERIENCE,2.0,55.0,4.0,4.0
02932c64f0fb2b8a169eb1ffdebb4b5a815d873ac60650cf0993ca7dfbc770bfd00644621056ed1fc9dea87ecbb91674eda818205621f8bcfcc5935ce8188277,CLEAR,DAYLIGHT,DRY,DRIVING SKILLS/KNOWLEDGE/EXPERIENCE,2.0,25.0,2.0,2.0
029332d9d341333c78cb434c509dab1d74af5e5e3c82a2320c97a7ee73830bf780c88dc31bcdb852482fd254b21f9044042ae6f25a3a447334e3d74006fab1fa,CLEAR,DAYLIGHT,DRY,FOLLOWING TOO CLOSELY,2.0,40.0,2.0,2.0
029343c21066ad653ebf80e743b40b387cef8c12af114733513d4cabf809ee7d072b273a70760b58fa384bb6b8caa5008449a872649a23e8d40d8ff47cd4b7c3,CLEAR,DAYLIGHT,DRY,FAILING TO YIELD RIGHT-OF-WAY,2.0,42.5,2.0,2.0
029359d7c7c74f5e3033a4ad3b5aac68f9677cb76016906aa5059e536c1472b492b84051930bff9f5b3d49e3bba24ae576188b7ee41aa83a0ae5d93fb2a92787,CLEAR,DAYLIGHT,DRY,IMPROPER BACKING,2.0,21.25,5.0,5.0
029386b71a3e2bd5fce1291648682d3ce2e1a38ac4128c8bbeacc248c21316e8ec3d076c1b3125914973e87da57afee99dee31c6c676be911d54312fc87f0e25,RAIN,DAYLIGHT,WET,FAILING TO YIELD RIGHT-OF-WAY,2.0,25.0,2.0,2.0
029392422c5a4c3ad74799bb11414c03a9377da67fe43480cdedf3b98168595c7b40608d1684a9a7dad31f250ee71e706472b5a0c9e75aaf12df64079745ca1e,CLEAR,DAYLIGHT,DRY,DRIVING SKILLS/KNOWLEDGE/EXPERIENCE,3.0,45.0,2.0,2.0
0293bfbbe3585d3732696872c4c8c21e6f1fbbc4d6ebaa92ad94af78a3d5d14cc449000378420d288073ec5399a205592f439f731d0052251cd575896487f7eb,CLEAR,DAYLIGHT,UNKNOWN,FAILING TO YIELD RIGHT-OF-WAY,2.0,33.5,2.0,2.0
0293cd51285f36557e258ae194586d85b4528b9ff894b4f60e1c53c01981b879535a34ccf6cbba3efda23ffcf0b9b67c7d0aef1cb8b5bcdf7de2755ee25a5cdc,SNOW,DAYLIGHT,SNOW OR SLUSH,WEATHER,2.0,32.5,2.0,2.0
0293d8b39100e62d8ced85964182d16ed5af0075ebf7f70724eb725774a3470d6dbf7d7d84ce370e2a09349f750adb881643aa29f18967664417f4bc65316697,CLEAR,DARKNESS,DRY,PHYSICAL CONDITION OF DRIVER,2.0,76.0,1.0,1.0
0293f1f49a176d65ac0832a2af880ea21a1b6c095ee57d5c27e5f0282e9efb16c384da8cf878a6b69bdd692b71a1559ba1d8de26090798c7190acf6c042f4949,CLEAR,DAYLIGHT,SNOW OR SLUSH,FOLLOWING TOO CLOSELY,2.0,21.0,2.0,2.0
029418ed2fc47272682315537e65260773ee8f0ff7fe53bc1e74682ed964624977aa3526ff9d6792b33e512fc1cc003111be753985b92112261d445d61574521,CLEAR,DAYLIGHT,DRY,FAILING TO YIELD RIGHT-OF-WAY,2.0,37.5,1.0,1.0
02944db737e6086ce6067ebd2380849749dd4c3f219f4ff36b600110f1be94d507888c6a02f7b0bca7bee628f7bb1619bf2aea733c371ac1a4831f0f22d2dbda,RAIN,DAYLIGHT,WET,FAILING TO YIELD RIGHT-OF-WAY,2.0,41.5,2.0,2.0
02946742412952a12af1607b340168a6044664b44bc1f629061c6c06eb016a42461d3e1a727d3f971e15cb38603a6378db2dedccab82bf33ed009ea3bee16612,CLEAR,"DARKNESS, LIGHTED ROAD",DRY,FOLLOWING TOO CLOSELY,2.0,27.0,4.0,4.0
0294e24868bcea8c2a0490eaf083a116e6dbe106adc40118661d9ee88cfec99879f123296421f00852bdcc4577234b9c7880e2d3868c68d4c8d08e2e6a5ad8c4,CLEAR,"DARKNESS, LIGHTED ROAD",DRY,IMPROPER BACKING,2.0,28.0,5.0,5.0
0294ece727dddb20f14d2f936968d24404c97c84879b31f9268fb6cbfb76acd6c3e8fccd3408eaad9d13f1f741486c1ed0dcc88339765357ec856e90aca3219c,CLEAR,DARKNESS,DRY,FAILING TO YIELD RIGHT-OF-WAY,2.0,47.0,2.0,2.0
029502657bc524e91356f535608c3a3e508ec94434e5a3cc0ddc77b8674392e1948ad089e2767012b45279076669135fd4b9aa7f9388916e3aeebf3e78c889e8,CLEAR,DAYLIGHT,DRY,FAILING TO YIELD RIGHT-OF-WAY,2.0,30.0,2.0,2.0
0295039aed1ea098259ea05be650a13bfe21d07ac93059586c0f26f4e4d6504d8bed2853b3100cbff13f036c025b4236a67ac14a89205558ea0e72316d325f26,CLOUDY/OVERCAST,"DARKNESS, LIGHTED ROAD",SNOW OR SLUSH,EXCEEDING SAFE SPEED FOR CONDITIONS,2.0,19.5,3.0,3.0
0295056b426c6801bea24d2602e4db80315bf550bb07c3a1f3b3d0f0958423a88177b99af90e200f1e54dd35dcc29de664ca0bca8223577ef3e83cffbc66ade3,CLEAR,DARKNESS,DRY,FAILING TO YIELD RIGHT-OF-WAY,2.0,28.0,2.0,2.0
0295880bf26ffc5fc51d8be42c2c92ea92f2fa201acc36122b5de6227e5a08ed9799bfbdd063e837883a32e70e603e07191e9cc84c15a6fce8fd4c1e30cd2aa7,CLOUDY/OVERCAST,DAYLIGHT,DRY,DRIVING SKILLS/KNOWLEDGE/EXPERIENCE,2.0,24.0,2.0,2.0
0295a823321739d154ede89d57bbbfdb1cf0262cd72bcb6d9f9993bfacaafd07ce76455603dde4fbc7e354e11746bd023c1b438c5dba90a809ee8231df1751f8,CLEAR,DAYLIGHT,DRY,FAILING TO YIELD RIGHT-OF-WAY,2.0,19.0,2.0,2.0
0295acf1656cbf5228f87da8b87c5ad1f7debde7e2a931a340fb229cb739713cf820c9d1258047eba567fa6879a8bd06b262ee857bb5e6733f2cbc415858c1b9,RAIN,DAYLIGHT,WET,FAILING TO REDUCE SPEED TO AVOID CRASH,3.0,35.0,4.0,4.0
0295b23f624b6cd42d9e5abff32668f3ea1ecd736f385677c9542f32ce244fe138ddb626aca549442883482228ae1611a6dbd52966c2cab3e1fbe92ed79782ea,CLEAR,DAYLIGHT,DRY,IMPROPER OVERTAKING/PASSING,2.0,37.5,1.0,1.0
0295e55553f2c87709810f491e49dc42ff507faab5f3bdd52e2f3f98bc3818740a6ec37d898e841decc4223f161df4dd7519b99699e3425609b553e3533de699,CLEAR,"DARKNESS, LIGHTED ROAD",DRY,EQUIPMENT - VEHICLE CONDITION,3.0,53.5,2.0,2.0
0295e8c32550bdfbfe6731252bfe99e40d7991b9f81d96c022fa0bf04859ca6f353d86683abf89e2b5a3849bfd57e4259fc655e01e4bdf0f353cca4ed761be90,CLOUDY/OVERCAST,DAYLIGHT,UNKNOWN,IMPROPER TURNING/NO SIGNAL,2.0,42.5,2.0,2.0
02961be6108b8c30ec3574297c72d0582c3b2514129add6c680432f739784385f00f3991f0db970ed0dab0a8812b1906e46c10fac81b9b0984f18473fd162c8b,CLEAR,"DARKNESS, LIGHTED ROAD",DRY,IMPROPER TURNING/NO SIGNAL,2.0,32.0,2.0,2.0
02962746c35a019afa2f274e225f1c2f23e1270cfa13830b95cdb2912bef4ccdac8cbaa3224b8fdcfb8a6ed5f1d2157bbff368b322e1b11648cbf32dd1cb4f8c,CLEAR,DAYLIGHT,DRY,FAILING TO YIELD RIGHT-OF-WAY,2.0,41.0,2.0,2.0
02963917cbb3c914d928efbc2500139935a2366c87cdb4a54d4c76be7c7ab2f12221df0cd91cff5bb2a96e019a3c27d93bd73876eca9ac6aed62547307214f4f,CLEAR,DAYLIGHT,DRY,FOLLOWING TOO CLOSELY,2.0,21.666666666666668,3.0,3.0
029656dbfa2b8dcc77f7e90bf160cf4cc0db56cffc66ebda6800f40b22a67a899875ce3f88abf513aaf37e64f91ee68dc7dc4c4909e8cb4580d436e63df61649,CLOUDY/OVERCAST,DAYLIGHT,DRY,"OPERATING VEHICLE IN ERRATIC, RECKLESS, CARELESS, NEGLIGENT OR AGGRESSIVE MANNER",2.0,26.0,2.0,2.0
0296aa8ff16e33b2a86360b8972d7275d4fa50f28252067a832bffe1f7bd0745e83e30ef5f910e1cdcb5613f45e434646dfd8950bd04f440c1321ec33d3cd0eb,CLEAR,DARKNESS,DRY,FOLLOWING TOO CLOSELY,2.0,25.0,2.0,2.0
0296ba78f88494cc07052f34ab17edaef192c9aaa8bac98bd5d165271f11212052a76a92ab8df039b7fd485f269144502352b3ca79547f11ec22f9a18a90ea4e,CLEAR,DAYLIGHT,DRY,FOLLOWING TOO CLOSELY,2.0,37.5,1.0,1.0
0296d76b3c996cef7a56b5bdd943bfef0ea444c00af274f72f76129b2086f37320fab7df39ce8e3a5479386915dd8ac47853262af3e927f86f97b9aee80266ca,CLEAR,"DARKNESS, LIGHTED ROAD",DRY,IMPROPER LANE USAGE,1.0,43.0,2.0,2.0
0297722f492c8117b19382805960410635d5b7a06df157f67cb4fd38106f0adc00ab7a53e876e3dc1a77563cd1b1a6ba2547f6acb907d65c5e7ead80f894f126,CLEAR,DAYLIGHT,DRY,FAILING TO REDUCE SPEED TO AVOID CRASH,1.0,39.0,3.0,3.0
02977664cafe399b7fea5437f4af71f6869d628512d75cb36a3c9d2914b42b64f91385144854680f7c961fa2a98ea314f92b2d5f048f5595e0723a9c714ddac6,SNOW,DAYLIGHT,WET,FAILING TO YIELD RIGHT-OF-WAY,2.0,29.0,2.0,2.0
02977749767764ccbbbafe3edb0fc2f5d41934b351f488fb07630cf4d366ffc03d0630a4d1877f4e29c36a1b09826127be7a66b557e6334fb0616bab654c9486,CLEAR,DAYLIGHT,DRY,FAILING TO YIELD RIGHT-OF-WAY,2.0,19.0,6.0,6.0
02977a2385600194f690dcbf920fba21219ad6ae811ae4e6d3c584acb16b26293d50adbcdc0c5a68ad368fdc84030062c4af3b37b26aac37bac6d46083350f8f,CLEAR,DAYLIGHT,DRY,FAILING TO YIELD RIGHT-OF-WAY,2.0,49.0,2.0,2.0
02977bbc4b209ec1c3be7aef2f9e334c2cb39784c610ea830f5b8cff2d6937ee30a04289eb7306edd5eca46761129371ea23ebb77a536c9c1941cacbcb821726,CLEAR,DAYLIGHT,DRY,IMPROPER LANE USAGE,2.0,18.0,2.0,2.0
02978fc79276c850ef9c081f75dd2a56ab908c7397247d8540d6e1378c91ec605d808dadf600af889cbe69ce13d4839c88f0a062571ba04ce709b24784327ab2,SNOW,"DARKNESS, LIGHTED ROAD",SNOW OR SLUSH,FOLLOWING TOO CLOSELY,2.0,46.5,2.0,2.0
0297ac63cab59c659c07f43027c56aed33978b0c994d521ed21c35ba9bc4cdaa9cea33e05bcbc602aa44ee9b565a3928e1dad8f6050e1dfd9249c5e9833bba5d,CLEAR,DAYLIGHT,DRY,FAILING TO YIELD RIGHT-OF-WAY,2.0,29.0,2.0,2.0
0297bcfbd39b0db910326c6e3e0d8f007a3b94fb8c0694760ea5165dd5b1f5c1e3194e52a5b6f80f17fbe7b7460fe668c96ab9d7b7ec36ff3e2e8926576a3caf,CLEAR,DAYLIGHT,DRY,FAILING TO YIELD RIGHT-OF-WAY,2.0,37.0,2.0,2.0
0297c048fc05cb498337691d654561abe275f314557e1a87fb63ce25b059596847da969827a97a848fa5a9922e3d1ed076df96a6ddb2c330629419c7a713e6dc,CLEAR,DAYLIGHT,WET,FOLLOWING TOO CLOSELY,2.0,27.75,8.0,8.0
029810803d6fbba86e08b21b5860b2d6e2e84b8f543dbc7da083c507a1b41d97258d6f0d85c7df8ef98387dd7e2173fb365e019c7db320f7bce8e82d67de5960,CLEAR,DUSK,DRY,FAILING TO YIELD RIGHT-OF-WAY,2.0,37.5,3.0,3.0
02981c910fdfd72cacb23f0adf6c0e9e3f6e32e676a696f99e3ce6d5d88a3c8f8af4980788add4e72d7a74e1d98e403060d313d71eb3fa10d75f2bb38f6502b5,CLEAR,DAYLIGHT,DRY,DRIVING SKILLS/KNOWLEDGE/EXPERIENCE,2.0,40.5,3.0,3.0
02987254f51b56efd946cc68301ea4923729a7bc3410e0934533ee11206e3d5b199cd82e93f21ee691ce67a964405c273bc446691d5f5d7364412b6ed89f78a3,CLEAR,DAYLIGHT,DRY,FOLLOWING TOO CLOSELY,2.0,34.5,4.0,4.0
029879782d9fdd3c02eadd5130f357b10bfb9be73ee18b576166898df416bb969367f3f3cf3b4b1a25ab437c7eefee29429388be3f5f0d0f848d08b44d55095c,CLEAR,DAYLIGHT,DRY,FOLLOWING TOO CLOSELY,3.0,47.5,4.0,4.0
0298b98ae2c970aec262d7ab660718d7b4bb2598a8ea503679a3ec3f21dd90b6bacfa9be22e9e307c98ff6d7ce1effde97de5043a2cd890d75fdd8dd99da03d2,RAIN,DARKNESS,WET,WEATHER,1.0,58.0,1.0,1.0
0298c838537edcbd1af6dd04e32ea10fa1d5be14ce66a2967dd02261c5e5656ad8b1e0c5a242f64956bab8870f5127ffd2d036d0949d9840bea83af09a25a5db,RAIN,"DARKNESS, LIGHTED ROAD",WET,CELL PHONE USE OTHER THAN TEXTING,3.0,11.666666666666666,3.0,3.0
0299390318a8a86d58a03499e63c6c4f712ef3f1b4e27b4093c2bbd141da35e44e275ad7ccd18ee38a5e11cebd475cbec9d98144d2ede2605110ac917c0ee577,CLEAR,DAWN,DRY,IMPROPER TURNING/NO SIGNAL,2.0,27.0,2.0,2.0
029939f0f0b6a58a109f403ec3ac94eae876197aad158a627b243375f08b7473e2ec7e72bc0c7c308072b4a59e8d3dbfcd3d5d37aff5b3cbe69d545b4f5f7146,CLEAR,DAYLIGHT,DRY,DRIVING SKILLS/KNOWLEDGE/EXPERIENCE,2.0,37.5,1.0,1.0
02993b102302810a3098b3ecce02c8edc479f27f0624ac28d46c75ee4daacaa05febe004d624e7cd61ad6ad16bbe8a2a576f2375fbbf398bc87396261ca8d755,CLEAR,DAYLIGHT,SNOW OR SLUSH,WEATHER,2.0,58.0,2.0,2.0
02993e6732a1d98af306ad5523c5571a061517e88a38ebeaa71380e7ad07416b0df9a7cc72ef27a7fe5dc7738cd0054c5618926ca8b36c31bac6320a0f58d589,CLEAR,DARKNESS,DRY,DISREGARDING STOP SIGN,2.0,34.0,2.0,2.0
0299458fac52d1dc26214f8ae9667cf030b0a75833e03c0ecb51914f766ddbf716758b5cd64dd80f3dd33dca2c4a6ca6c7dd756c06c5965010dc347d3e9b6901,CLEAR,DAYLIGHT,DRY,DISREGARDING TRAFFIC SIGNALS,2.0,21.0,2.0,2.0
0299487bc443e83941411868189d2a3a35964b9f1ef8b9c2ba3ff9f049f97467c1e54888e4d84843146803855a75557ba35750e4714af42bc1bba83feace461b,CLEAR,"DARKNESS, LIGHTED ROAD",DRY,"OPERATING VEHICLE IN ERRATIC, RECKLESS, CARELESS, NEGLIGENT OR AGGRESSIVE MANNER",3.0,34.333333333333336,4.0,4.0
02996d17e4262cb0873a94ae79686c00382ef3e67bce7275aef50b8dd377865738fb12951a22318ec03036131b2cd00ee1ba2ee06db109d731be29506f34f538,CLEAR,"DARKNESS, LIGHTED ROAD",DRY,IMPROPER LANE USAGE,1.0,46.5,2.0,2.0
0299786532e559556b910fb0a05d01c47a8a8e68c00452b0411dbc1e35874011dcba88a1981adf1fb761acdecf92e652295ddcb4ffaf1b0c03cd2e6773f918b2,CLEAR,"DARKNESS, LIGHTED ROAD",DRY,DISTRACTION - FROM INSIDE VEHICLE,2.0,36.0,2.0,2.0