crash_record_id,weather_condition,lighting_condition,roadway_surface_cond,prim_contributory_cause,total_vehicles,avg_driver_age,total_people,total_injured
02997f0f7e5ccf55c7cf4996d79e5ad69a78f6db42946043688b05c554bf5a6ed4ae61125faafdc143b74060cb1f04b3f1d69ee6c73a207f388c03e6780c76e2,CLEAR,"DARKNESS, LIGHTED ROAD",DRY,FAILING TO YIELD RIGHT-OF-WAY,2.0,42.0,2.0,2.0
0299810db60110463ca82bb53049f41af574ab823ed9855d285da02f83eaa77779e3ebcbb1690bd1763d26fcc4141e00472558cf47bbc844dbf74f052aefd5cd,CLEAR,DAYLIGHT,DRY,IMPROPER TURNING/NO SIGNAL,2.0,18.0,5.0,5.0
02998d1e390c74524aa0dbbdefb9b869b5985bb7aaaa4b9b08b40139e36b9e2912a6e38763b9c604a0ce31d5d6f4edda7518c3ad74ab081de0679d9857bbdbf6,CLEAR,DAYLIGHT,DRY,DRIVING SKILLS/KNOWLEDGE/EXPERIENCE,1.0,45.0,1.0,1.0
0299915482e4155eb0f9a428b441ceee09dc8bbb18b4f135a03e01516ec773906c21f920d33c661129898f10d8793b55a303b600b101f21c400813c612a1444f,CLEAR,DAYLIGHT,DRY,FAILING TO YIELD RIGHT-OF-WAY,2.0,44.0,2.0,2.0
0299a34d25e2c46700de06e0d70e23d2eb83ef2e237202130d960c79679c96ff9ddea4b1b4ba4477b6e9b90526441398096e9aca90e18473bba25c0f4762b92f,CLEAR,DAYLIGHT,DRY,DISREGARDING STOP SIGN,2.0,42.5,2.0,2.0
0299a601ba81ad8f533e8847b646cbd5df0cba10d8940e89de9417f8c8d0020c056c65eaf5f2f2c0595d8770a0ae6c93dd5dc663cd6b5c46c8ed2b84dfc7128f,RAIN,DAYLIGHT,WET,IMPROPER BACKING,2.0,64.0,1.0,1.0
0299d6e3d501fb434c1c4053fff8a8273ffb3f08fc04d446682d28eb1da500813fca071fcc838ba370fced3a6316fa77bbd3fabf0b03fd0ac50aafe62ad3c287,CLEAR,DAYLIGHT,DRY,IMPROPER LANE USAGE,2.0,43.5,2.0,2.0
0299daad466c0e5dec0da1e34a13ded0f9ff95c061d70783d3cbad5ef4627a4ce4ebb7ce899606a230d7872f22273f0bfdf1fe0f348646b8e09c875706672c8f,CLEAR,"DARKNESS, LIGHTED ROAD",DRY,IMPROPER OVERTAKING/PASSING,2.0,35.0,1.0,1.0
0299fc4d28609517fc0f2c4b2e27a35ee8fb8de12d3b9f97aa9cf9cfa7cb3cde76f2320e7b5e55341ea1195aa66002a049aa245771946f12093e8fb7c76d331b,CLEAR,DAYLIGHT,DRY,DISTRACTION - FROM INSIDE VEHICLE,2.0,42.0,4.0,4.0
0299fe0f74ef533943bcb91c0a36ad5c58b2a8eae90b1ed4518f801a0ec79fe9c68dd0ef49e70b62891c35a19a38fb0b07851f04c6ae54327123fbbc4612858a,CLEAR,DUSK,WET,FAILING TO YIELD RIGHT-OF-WAY,3.0,30.0,4.0,4.0
029a6ca4dc4840b1998ae9d810d60d9caa29bd8a23f5e521d838f014171fcdd1a2d873fd6a99e77f2ce92d75907a3065d817f3f4ad0e29a58e364ae8075ab157,RAIN,DAYLIGHT,ICE,FOLLOWING TOO CLOSELY,2.0,26.0,4.0,4.0
029a7b5a28465b581426cedd80fa2daa044e2a395dbd677dd10203a7ff41ee9df99c004e0fc8fd737d75dfb02b08b04d65f96bda15c315a8180d9af50873bdb6,CLEAR,DAYLIGHT,DRY,IMPROPER LANE USAGE,2.0,35.0,1.0,1.0
029a807fed0e5e8ec6e90fa034f7581f95b1e419436ddddfddfe8d76b3b9a0ea5022f5711a105de20a935b9713bc75cea688602984c11ac1ce0c20ede2e76840,SNOW,DARKNESS,ICE,WEATHER,2.0,54.0,1.0,1.0
029a92eec3c3be05eed195aa64d6a8b0f296be8bf17e5069e0069cb8326d168fbc9e254f09546da9a54644d00b1fb5438f9b88ab05710a6add9d871e531f19cd,CLEAR,DAYLIGHT,DRY,FOLLOWING TOO CLOSELY,2.0,37.0,3.0,3.0
029a98d72ee36b80979021da187217363fd5d1bcdc01520db1d6b1eaf9f0d79238562a0bf3c63df0a64aeaa9b3ade618dd648f5918d025204fb9e8ebb6e5e3b3,CLEAR,DAYLIGHT,DRY,FOLLOWING TOO CLOSELY,2.0,39.0,2.0,2.0
029a9e1d70620fbc4b821ccaa59db746fd41287c5cb55e9fc6e25316a3581e656ca79231c13c4c7060d58ec1fcd5b4dc5eb30592c6d4f6ad93284518af0ed86a,CLOUDY/OVERCAST,DAYLIGHT,DRY,IMPROPER OVERTAKING/PASSING,2.0,28.0,2.0,2.0
029ad84e5031e0d416d7c7a73be96aa01fb43501dd154ef20b264b66667e9e6efc74b8cacb968ad99c834c524ad74f1ccd990ebf3ab4a7d03770046e151b1c74,CLEAR,"DARKNESS, LIGHTED ROAD",DRY,FOLLOWING TOO CLOSELY,2.0,38.0,2.0,2.0
029ad8e7a2d129313002ea712edf45a5348295561ace84d31bcfc0ea7bf5a84358022f6013f675485aab0472a290550ed0248cbb27db0efe44f036fe8909358c,CLOUDY/OVERCAST,DAYLIGHT,DRY,FAILING TO YIELD RIGHT-OF-WAY,2.0,28.5,2.0,2.0
029afd052273a78f9d528c5d8a9a61432e3e78a18d18153ebd174c8906391bd472597a46d60b172e5772c527f0a63ac7f58b162e21552a1035b11db8a0de6498,CLEAR,DAYLIGHT,DRY,IMPROPER BACKING,2.0,61.0,2.0,2.0
029b059f0dbda55b915510a15d670eae3f9364469507505d88f25b1599a79a98fdb0f90a702e71e302b0b25ba2b07c94c9096f2faba4820a0d3f627b1cffb536,CLEAR,DAYLIGHT,DRY,DISREGARDING TRAFFIC SIGNALS,1.0,47.333333333333336,3.0,3.0
029b2ce4d4ae842190fa0f04ea96a92715ad10aa235cf41c2eae5b46df3cdac84ecea4cdd770d4a1d22fa48ba541aa3167f61e47c54afda069f7fe8c242bd9ad,CLEAR,DARKNESS,DRY,"VISION OBSCURED (SIGNS, TREE LIMBS, BUILDINGS, ETC.)",1.0,33.0,2.0,2.0
029b406db83273d1011fbe865938c1bf172dea417807a4296f43381eef0c953ae8046a0bfe053e2a061d0c8aaf670ba44244f2f5ef999bf6751a17686ec3cbbd,CLEAR,DAYLIGHT,DRY,IMPROPER BACKING,2.0,36.0,1.0,1.0
029b5e427e1300fde0b2020eae3b45ec432623889913ff9babfe517732013df0ce6cb68742a4fd762f82b36afee901246f350f8f225df6afbbd62eda2fb535e3,CLEAR,DAYLIGHT,DRY,IMPROPER LANE USAGE,2.0,27.666666666666668,3.0,3.0
029b7c6d7e0c6b0eac392f60d5f04eec1f362b1b2442df802d652bd09d5b2e1cfe8b7cf3de6d6bc81d2fae80cf8815d6023409a6ffb365952529f0099d025a0d,RAIN,"DARKNESS, LIGHTED ROAD",WET,DRIVING SKILLS/KNOWLEDGE/EXPERIENCE,1.0,31.0,1.0,1.0
029b7d3b7acd018b90ac9f1db944a207293faf09cd384e2497768a3db917fbb486b5161b89aa75d85669be7f2a0e04aac3d8d9adedf18fa9fda45e0411364ac2,CLEAR,DAYLIGHT,DRY,FAILING TO YIELD RIGHT-OF-WAY,2.0,41.0,2.0,2.0
029b811dcb5092fdc1f2bc956632700c87aa162e4d9c12ba1f4a7ecb59e403db81f4027fdde85e5c1bb4e78d2e0271b97702a6bbcec44226d188dc5bdeb2613a,CLEAR,DAYLIGHT,DRY,DISTRACTION - FROM INSIDE VEHICLE,2.0,40.5,2.0,2.0
029b9fb09bc70c47822f9b1b24b789d70acabaa31e7dcb649823b60315bdc4f95e96ec1f6aa371e9d6009b829287f195b1440388b95f2e4c0ebce55d75616efe,RAIN,DAYLIGHT,WET,FOLLOWING TOO CLOSELY,2.0,26.5,2.0,2.0
029ba205b61f055fbde5652a52f92ee59751bc39804e28aa5a6a5e4874842baf6e1b3e801acf52c9c7071eca1cdec1deaf43f741d01b536132817e727bc07c64,CLEAR,DAYLIGHT,DRY,"OPERATING VEHICLE IN ERRATIC, RECKLESS, CARELESS, NEGLIGENT OR AGGRESSIVE MANNER",2.0,17.0,2.0,2.0
029bcfd0ec46fbd375075bdb571a611128c554bb6c9d19c0357156d914b69de028f55a98f24324ac5b6071291a5f1e23a5fdbe792dc060c9d4a1d5d595bc751f,CLEAR,DAYLIGHT,DRY,FAILING TO REDUCE SPEED TO AVOID CRASH,1.0,25.666666666666668,3.0,3.0
029bd3597ffc7c8c41f95401cad2a546df97b035528c71fd0729730c5c36a62cf222137b785ec12c20c9c3b6e2f398ade93d887a281d32dde4e3b7d871679d2e,CLEAR,DAYLIGHT,DRY,"VISION OBSCURED (SIGNS, TREE LIMBS, BUILDINGS, ETC.)",2.0,41.5,2.0,2.0
029bd83d1dbf043f9e9d892c03ee6fd87af04bd7293704c87cadf90cd96f06cb22d01c2834e60d25ba3d63216d324eb213306e274d46e75a0d17e34df6c66d59,CLEAR,"DARKNESS, LIGHTED ROAD",DRY,FAILING TO YIELD RIGHT-OF-WAY,2.0,28.0,3.0,3.0
029c414ea7f41c8947ea4eebb888282654c34b28383960fb8930c1560a891826e8f68b8cd6b0360baca4814dc8a0e9cfe69e0d8db7d5d1dda333e07ca3626a53,CLEAR,DAYLIGHT,DRY,FOLLOWING TOO CLOSELY,2.0,39.5,2.0,2.0
029cd0850792769905ef8a7f5cd13415fa31a46a2478edeebec5d5fe404093d4cd2ea9db5490ce7363019e2e0adb1995d369576b35c094ff8b326bdf48cf6fba,CLEAR,DAWN,DRY,DRIVING SKILLS/KNOWLEDGE/EXPERIENCE,2.0,27.0,2.0,2.0
029cd4ed2fdc007381a333837e5d435269fca57e6cfd61243e5b37855bae8a415c527d14a205a6f9c2c608ec435801ea6c681e1ad05ed63a7ec8ee1475d640ac,RAIN,"DARKNESS, LIGHTED ROAD",WET,FOLLOWING TOO CLOSELY,2.0,32.0,2.0,2.0
029cdaa0f1abd057c985253c2837fa5b944097e7490ac48a50e469d799c4f869219ab482b2eec8522274ceb75db45f289288bcaa275ef1a66c72bcaa748cdcce,CLEAR,DAYLIGHT,SNOW OR SLUSH,IMPROPER TURNING/NO SIGNAL,2.0,59.0,2.0,2.0
029cf955d0fbe1d4d0d1bee291c4b4e127bca89eee818bfc677839ba8df84405ef2394230705ab8872e2b38dad4882311ec36cd63e4ee32f9136dbc058e6c1c4,CLEAR,DAYLIGHT,DRY,DRIVING SKILLS/KNOWLEDGE/EXPERIENCE,2.0,23.25,4.0,4.0
029d018dcbbb4040fb3a1b32ebb26f71c8f8082878d15e863e45962e90c3eaa214b4589de917b89f42809f4b57d7ba90b48af4c81a4df22f8f262e544a79032c,SNOW,DAYLIGHT,WET,EQUIPMENT - VEHICLE CONDITION,1.0,29.0,1.0,1.0
029d2b12ea4ce48330231374f253135e19c17c2d092c9950dd108379919fa8444f3bc9a578e5ca60d0b61b2ca1ed2a42c8006fd0d16ef7d9d816ad10d7841ab9,CLEAR,"DARKNESS, LIGHTED ROAD",DRY,IMPROPER OVERTAKING/PASSING,2.0,36.0,3.0,3.0
029d3ea28ca82970ca0a8f7383734ef017c9682bf442de127240c9381c72fe7d846aae61ab0cf095c15894a3941257a5384c52087488a615eea3308255d9d29b,CLEAR,"DARKNESS, LIGHTED ROAD",DRY,DISREGARDING STOP SIGN,2.0,62.0,2.0,2.0
029d44652c0729bc53dd5001b3e6e9191f00487c4f83fda7411019bba7f0039dccfe53e877dbc7233bff9fb48ac665ecea5aa287201a89665fb16fe7f51ce4e1,CLEAR,DAYLIGHT,DRY,FOLLOWING TOO CLOSELY,2.0,40.0,2.0,2.0
029d4b90bd4f53ec2d30b4518d985d8f7a398f9de524ff618c8055d099571ce569cbc4cc08dfdd155ca02c3b396a1b5b9d3797a534c1ef53d9e2163851498c36,CLEAR,DAYLIGHT,DRY,DRIVING SKILLS/KNOWLEDGE/EXPERIENCE,2.0,62.5,3.0,3.0
029d5e9c84464d88f9f47bd4889aa000bced9d90813374a8aaf442cf3e71e3f0ab31cd8a7df96a6ecd8b7f27cb41cfedc8f3427e39c8c05652356194aed8b318,CLEAR,DAYLIGHT,DRY,FAILING TO YIELD RIGHT-OF-WAY,2.0,44.0,2.0,2.0
029d7d717d3a78e6ecffddf690161229c0b00c45656122e83e89f60dfe90636296deb5d520301ddae16c6b011d77a8f9cfbc509c8b0ec340025c16e4f325519f,CLEAR,DAYLIGHT,DRY,FAILING TO YIELD RIGHT-OF-WAY,2.0,25.5,2.0,2.0
029da8dbbdbe52a047e5af7a3043118681f7d63d2dfa59db0fc9401ff7fba4f013bd1d15fc1de7023b016dea1e7593363d092ee6c72d2467d76b85e9add2bdf7,SNOW,DAYLIGHT,WET,FAILING TO REDUCE SPEED TO AVOID CRASH,2.0,39.0,2.0,2.0
029ddfaea9d881e256e37415cb69cf16298fa0e8a3315e51f44270d16da89065a282b354b62a4a4a901f13dc7bcc130550190a9c7876cf00fbcb619743ef07e5,RAIN,DAYLIGHT,WET,WEATHER,2.0,37.0,2.0,2.0
029e0a65a48fbb644e86439727d5d60edecf094ebeed30091fa79e4f7e51cd2b1462fd11e0d3664b682e79e7fbc0b489254e66afe4e96b89931e3922cc221733,RAIN,"DARKNESS, LIGHTED ROAD",WET,FOLLOWING TOO CLOSELY,2.0,23.0,2.0,2.0
029e1f3cd0a32af423793d355d37a3c851bda9752811c1ad19dae4098ad6336873f11c65b1145d2ae88e058a32653e6fb7083a40cd55958845195a7c10f72515,CLEAR,DAYLIGHT,DRY,FAILING TO YIELD RIGHT-OF-WAY,1.0,0.0,2.0,2.0
029e335d8d880f0a4cee772567d708f1e4839945a30196a59cb3c01164d807ae8ab52db66f5656e91a1fa87f0c93534c449bfcfb2585ce5b70248c1551413be3,CLEAR,DAYLIGHT,DRY,IMPROPER BACKING,2.0,20.0,2.0,2.0
029e3f77b9436729b2a79ac304ad3ddc16752975a0ac30ba101d9b0c2f4a232c1cde0cedf522bb48d6057852bd953c0671199f188c15a6e7e5fd5b28ba6241e5,CLEAR,DAYLIGHT,DRY,FOLLOWING TOO CLOSELY,2.0,21.0,2.0,2.0
029e4d2bbbe3946f897686f9dc0c89f1d06c871b87339b66c3098a7588229b5bcb27e6bf2cecc88ce716d75250d043cb4d090674c97ff6317ae348fc9fb88e63,CLOUDY/OVERCAST,DAYLIGHT,WET,FAILING TO YIELD RIGHT-OF-WAY,2.0,49.666666666666664,3.0,3.0
029e64e44a534f07ec536247d6cd72eec5751ceb065b1b392c4c7e50af29b8a860344d80272e065de2f83431029f24abe33a9366c09901d44e7f8b6cc0a3b7a8,CLEAR,DAYLIGHT,DRY,IMPROPER TURNING/NO SIGNAL,2.0,32.25,5.0,5.0
029ecbc9a2bcdef18e3d9fceff0562507ec0e35edcfbaf53b3913c8ea6f9812f38fa41debd6e9fe64fe030ae0fdd9e779a385398069587fc4656c16c684e7bee,CLEAR,DAYLIGHT,DRY,FAILING TO YIELD RIGHT-OF-WAY,2.0,28.0,2.0,2.0
029eee24660791097405a0f7ab33c5d6d11af77714fba8f4d8f3f4353278ffa02d573b281cadd5bc282583190c88f3ca39a57f8afd78d643f750b9f2ac3273ae,CLEAR,DAYLIGHT,DRY,FOLLOWING TOO CLOSELY,2.0,31.5,2.0,2.0
029f02e637af7a1135b30907ed9e1322d91f17c9a2c7d3eff741529132f31b1a23b401a9e461deea53e9d44a5710fdff934088d2a3ac066da0c52a5549b38690,CLEAR,DAYLIGHT,DRY,FAILING TO REDUCE SPEED TO AVOID CRASH,2.0,53.0,2.0,2.0
029f10731b1f4f3702be314017b4e22fe80afb214405c25980edb25f8a93bc7a342018236c3c7e785835e107dffc44730677348686b20f581bee6cf0474be255,CLEAR,DARKNESS,DRY,FOLLOWING TOO CLOSELY,2.0,20.0,2.0,2.0
029f19e9a87276a31ea1304aaf6ce545495880679b75f68c9e880d837b1bfeae383a2610c1828211dd45538de3e02a5de30a278ff64eb2cbe116c8e2a04c0956,CLEAR,"DARKNESS, LIGHTED ROAD",DRY,DRIVING SKILLS/KNOWLEDGE/EXPERIENCE,2.0,36.5,2.0,2.0
029f38eec2b3eb64bdea965a44a545a94a8c6f1e1adc297d5067ede20a4ded112dcd3880a4add06a84becbaa3969e033d30e40eba3abd06ff93557ee236f474f,CLEAR,DAYLIGHT,DRY,DRIVING SKILLS/KNOWLEDGE/EXPERIENCE,2.0,63.0,2.0,2.0
029f3b7dd0bf6051795c0b03c935cb32f1196b03d4af9a533eb6dc665cb0ec9061349bb332e49e844891299c6c0ee8541be21f515abdbc23a3905963927ec62d,CLEAR,DAYLIGHT,DRY,FAILING TO YIELD RIGHT-OF-WAY,1.0,42.5,2.0,2.0
029f6ed2a82af9e300503ca572b2dec1ff3eaf6da4e4489423ea9e1c9ebddaab61f719c5eea9cb4d193765c62f829c59561f940e56776ed95310a2750e7742d3,CLEAR,DAYLIGHT,DRY,FAILING TO YIELD RIGHT-OF-WAY,2.0,60.5,2.0,2.0
029f9136e1d34e9ffe8ac4b349c94caa18c852a871d680c6692edc27299c999ac6e93f51d3751ed67df658676cc75fc903760e8f9247c0b9dc0c7f20bd882ce4,CLEAR,DAYLIGHT,DRY,FOLLOWING TOO CLOSELY,2.0,42.0,2.0,2.0
029fa1361e8f2c9c456ad36fdf0cfdcbd9fc5ab2ad56d1f23626a3eea498bd83e0d9f13ca51e4ccd1d1e843ba00e3af42747ce7297ec3ba6c96df69e8bd0d759,CLEAR,"DARKNESS, LIGHTED ROAD",DRY,FOLLOWING TOO CLOSELY,2.0,25.333333333333332,3.0,3.0
02a01703e758b54870722210405b537514c7c4d280b06b039e123455e3cae8281f4fd2ceb5333607a962ab789dda4a36c7d71cf21ef1c3f8bbc80789af0d82de,CLEAR,DARKNESS,DRY,IMPROPER OVERTAKING/PASSING,2.0,33.5,2.0,2.0
02a025afd7a5eff79fd0bee6a045de8919d85bdf58a907691d453a6121973af9cfc44e79c8788114b7a913533d4517fa642b210681071630b5d3cfb5b6cbc73d,CLEAR,DAYLIGHT,DRY,IMPROPER LANE USAGE,2.0,37.5,1.0,1.0
02a02a01e1098e132d9ebb6d672bcf1a020df81f1aa3f926c752a9593194923f714be4f4a81f58ba583ec7fff8de02216c5f1508b0dd88fa1d3aa67817b61044,CLEAR,DUSK,DRY,IMPROPER OVERTAKING/PASSING,2.0,28.0,2.0,2.0
02a055ed4f3279d579fe196273a1e209fe9b2b579516fe56f401834599989366d6fda0b3a0a07eaa87b3148df0b50ec3f743978b2e83e67430d1454800406fb2,CLEAR,"DARKNESS, LIGHTED ROAD",DRY,FAILING TO REDUCE SPEED TO AVOID CRASH,3.0,35.0,1.0,1.0
02a0561d6af5c7bb87b9828d825a3383889fbd7682133c7a1190e8a08253d7fdee14addfbc7a9c1238ca5ce1f5d479253c5aac66faf2a245849dd01623033e9f,CLEAR,DAYLIGHT,UNKNOWN,FAILING TO YIELD RIGHT-OF-WAY,2.0,54.5,2.0,2.0
02a0a492bfc6051c7e09f96bb191dc0553de32d975df255d406243ee29837cc595f85724c3dcae6ca19f3afc10f510b889780c424274ef2b0cf46e9dbb548d69,CLEAR,DAYLIGHT,UNKNOWN,IMPROPER TURNING/NO SIGNAL,2.0,38.5,2.0,2.0
02a0b5db47674386f72f94281c6aebe7cfde89628b880acaa99d3233a7b452641391875e3bbb8c186746c74e8bc2ed8e3be8110a0896a29f288c5bf47a3795d7,CLEAR,DAYLIGHT,DRY,IMPROPER LANE USAGE,2.0,37.5,2.0,2.0
02a0c8e1d87a89283fdff89a073a17f2eeb274e7526629de959443e2721d246cd0bf6baf224cb740e6bb01d53bea136903422077722e0a5df79f51bdb68f5993,CLEAR,DARKNESS,DRY,FAILING TO YIELD RIGHT-OF-WAY,2.0,66.0,2.0,2.0
02a0dd544d1297592177375506c9659e6b2bdd8d0830edb871affddfa450981874151d431e0c2acfdd054af80dde689c6c7275d5618d3d39836c1e8335f60009,CLEAR,DAYLIGHT,DRY,IMPROPER BACKING,2.0,37.5,1.0,1.0
02a0df607b8d5558ab10793ddfde9bd96111c6c6c4217815ea8cb1c64e4e1ce9428e13fea061df3435dd1065178e59660e68fe254b7fb12ccaa24597e9d6640c,CLEAR,DARKNESS,DRY,IMPROPER BACKING,2.0,37.5,1.0,1.0
02a0e82a36368ba7d84ec7be1914107dd0a5e3f36b449d6c7cea74478013793e2588e21c7d3262a8847997c4a62ff78ab9ff874e2ac44c5e78b8ce1cb720d299,RAIN,"DARKNESS, LIGHTED ROAD",WET,WEATHER,1.0,81.0,1.0,1.0
02a0f9d89b92cc1b076e1e92e5058eeab53a40f67a8b2587dc0c6c126c5ea71409e760d9c8eda6b594245b55f01f4a2acb0e40c39a44cb2b02f984c880c7bbe7,CLEAR,DAYLIGHT,DRY,FOLLOWING TOO CLOSELY,2.0,26.0,2.0,2.0
02a1112650eebaa4df9f2cdf4f286d7f6c935298019b7343b870f4658f518764af357f2bfccdf5417e2b68698d69feaed8c08be36ecdb83c4ec54c8f9c10de06,SNOW,DAYLIGHT,SNOW OR SLUSH,IMPROPER LANE USAGE,2.0,28.5,2.0,2.0
02a11958e35359b16e66cc1009fc1bfed10f2889e719c05d93ea015e090b1d3fe39f21ca1fd1dce4f9ea9f907c722ee5a266b6720b570abf6ef8fa4ce730294e,RAIN,DAYLIGHT,WET,IMPROPER OVERTAKING/PASSING,2.0,44.5,2.0,2.0
02a1244a02f11035a77ef5538d9cb05e1443416f41f13f5cf63b3d38833e8fa13b51a48b5b23a8714ba3dd8acdbdb5079bfd7cb328014873e8a56d17bd53aaca,SNOW,DUSK,SNOW OR SLUSH,"OPERATING VEHICLE IN ERRATIC, RECKLESS, CARELESS, NEGLIGENT OR AGGRESSIVE MANNER",11.0,37.0,2.0,2.0
02a1395d4654294d61e6abb5217ef38e19799f0d1af0f6d7b4b6e42191b43946e2605521fcd3415b9472ecfb09ef3c4ead6754f2c1b9c617ed7ddb0c53ef79e5,CLEAR,DAYLIGHT,DRY,DISTRACTION - FROM INSIDE VEHICLE,2.0,36.0,2.0,2.0
02a16b129324e821fbf5e96a697b99717a6f236b8f7e32227997cb41154bd81269f3b1166fe8ff24396be206a2f41276bb57c6031d2c4dd86f7b055906277de6,SNOW,"DARKNESS, LIGHTED ROAD",ICE,IMPROPER BACKING,1.0,44.0,1.0,1.0
02a17a04c2bf41f88d92899fb1e269cae76affabb7190ca02c528599a5fc61992210b9485d429e1b33df209f364628e66325f5c202c54f87993b280902df16cb,CLEAR,DAYLIGHT,DRY,IMPROPER TURNING/NO SIGNAL,2.0,32.666666666666664,3.0,3.0
02a19b5569239ac8c12238c33c18be864cf62ea93af0994e8039150a0d7e7f7cb99dec6292bdd1277adad78064bf3906383e820a2629f8a9736b6f2be0f32892,CLEAR,DARKNESS,DRY,IMPROPER TURNING/NO SIGNAL,2.0,22.0,2.0,2.0
02a1b77d941cb1d72a4c8634719c026e7933a17cef0cfebf0b8e0959fb29756437f45c958f8b33571ee7ca132200c43b1965a254d85b54b67f7eb2a730838ac1,CLEAR,DAYLIGHT,DRY,RELATED TO BUS STOP,2.0,47.0,1.0,1.0
02a1e818278ed9d4e2c3301969f4897cd859d4008055c717627be142e72c414f2a96881a220d25abd19d63ed4cf714e0d1d686c19b08c2d0d15fa8e56a1da77e,CLEAR,DAYLIGHT,DRY,DRIVING ON WRONG SIDE/WRONG WAY,2.0,16.0,1.0,1.0
02a1ff2ff0e6cf5089289355816136e6522fa95bd2afc08dac9076038fd3b9e8ee45fdb029260b6be42c51f8d87a6581647267be41b62d814684ed761ec96470,CLEAR,DAYLIGHT,DRY,DISREGARDING STOP SIGN,2.0,21.0,2.0,2.0
02a214f5182c7eb0c24beed5c389fe337a164fd2e17d45a6b46e23a701eb779934d925a54964eea84f08f1a14f41042a7de0d481f9fb463d568f2e2e9e67c66f,CLEAR,DAYLIGHT,DRY,IMPROPER LANE USAGE,4.0,39.333333333333336,6.0,6.0
02a21bf09ae9283c81b7338510a9acbc70eeea02b59cb94933c20d7d85cb0e6b2ec53202235f72d8ce1451cc656ce02da5d3ed056f02b8eb71e97e892f057c2f,SNOW,DUSK,SNOW OR SLUSH,WEATHER,2.0,62.0,2.0,2.0
02a228c109bb06f2c52290db8dec772b537c7fd97ec7a39d0a593c07f3ce996bebafab2464f5f61f9df00527c8492fa143477215c37e9e1cea3ebbf660e2720c,CLEAR,DAYLIGHT,DRY,IMPROPER OVERTAKING/PASSING,2.0,33.0,2.0,2.0
02a2373d7305baf16a87b866ddc9974b1e15a44d5de59228c9b703a5d890c6d5679c05cb601dc3f4ef3e75e222f7a4a20848eddd4bc25c6f4168474a1a00a5f5,CLEAR,DAYLIGHT,DRY,IMPROPER TURNING/NO SIGNAL,1.0,43.0,2.0,2.0
02a2d5241908cd24d780b650ed74f0b15d0a9bc1f8ab3a6d8dd48aa1a838a36ef9d256734d8023354175988d20b17acf8ff30e44a01c150bc3b3adbf9b541f5d,CLEAR,DAYLIGHT,DRY,FAILING TO YIELD RIGHT-OF-WAY,2.0,40.666666666666664,3.0,3.0
02a2e26f5efde824b1feda7b2e9f3f53c5ad49558b1c224d18f223d13914417108d555ed3ef04a2e4b719b6ff1cef47386552ffda7eede0ee4c21e411b9a97a8,CLEAR,DAYLIGHT,DRY,IMPROPER LANE USAGE,2.0,19.0,3.0,3.0
02a2eb773f2d7d55dd1233483029645f6d29516b0a1877f68a7c0b274aa040ff583ae804d4279bc0666ca35b9ced75d93694fbd57036a415b44d2bd69990cb87,CLEAR,"DARKNESS, LIGHTED ROAD",DRY,FOLLOWING TOO CLOSELY,2.0,53.5,2.0,2.0
02a34c0b2184791030107b695db28aaec5fbe7004220ba1d50d32aa058e2d110e7b9a5a45663ace92a865ff1daeea91a82d243f0cf6285c4f51c77588ef01548,RAIN,"DARKNESS, LIGHTED ROAD",WET,FAILING TO REDUCE SPEED TO AVOID CRASH,1.0,37.5,1.0,1.0
02a36e7bf096809d793afc35dda74c4ceea131fe8ea240bbf88bcf68a9b62a00924be4869821b41fd40a38360c861fcdf90035a358adf4e45d75b1e11f6e2a53,CLEAR,DAYLIGHT,DRY,IMPROPER TURNING/NO SIGNAL,2.0,40.0,2.0,2.0
02a3787edfb56afa6318378bcf7c193595b919743c0a6e4706d891bfa6ffe9b7af55a1fc9e2123e48c8ae7b1f450dd763f0009ec1c9795a6adc6a5368ce8aa2c,CLEAR,DAYLIGHT,DRY,EQUIPMENT - VEHICLE CONDITION,4.0,31.0,4.0,4.0
02a3922eb0a37de5d43d1223fc38d86c4ca52b3ec9e51b6aa832a3866fdd6c899256b55a8d7bf5571c5e1634828e8717fc47bccd46df53da943e99977c0855f7,SNOW,DAYLIGHT,SNOW OR SLUSH,WEATHER,2.0,42.0,3.0,3.0
02a396339d68fac71e14df0ef6e9c88c6b12add877a89f1496c8d84428c0b09cd85962e68e70b8690abe9dc7f7b68e489bf10314a365d3d0bfbb36e8321f96f6,CLEAR,DAYLIGHT,DRY,FOLLOWING TOO CLOSELY,2.0,39.0,2.0,2.0
02a3a482a15cdd9259fb62595d2b5fd6cb148f0718b0a0e96c7e19832e2a73db74749d502c38256568ca95c7580502b82cd21e8ea1fc7dc9a0a956c1a2d47f1a,CLOUDY/OVERCAST,DAYLIGHT,WET,FAILING TO YIELD RIGHT-OF-WAY,2.0,40.5,2.0,2.0
02a3d0f148d05db3e19cf95c485ccfa46afef09c51a499402970afac47dc7931828b344601c44d4af35169cc2c9fad0a45296d9933d7dbf4dced48eaaba84e81,CLEAR,"DARKNESS, LIGHTED ROAD",DRY,FAILING TO REDUCE SPEED TO AVOID CRASH,2.0,34.0,2.0,2.0
02a40f6d110551c0f08d17ad1221948e7e19f89381a1467a305035780893b81f7fb51595bc33aa7ce289d92bdb34e34d7d204ee206f91c4ffcae2e19c903a1fb,CLEAR,DAYLIGHT,DRY,IMPROPER OVERTAKING/PASSING,2.0,23.666666666666668,3.0,3.0