crash_record_id,weather_condition,lighting_condition,roadway_surface_cond,prim_contributory_cause,total_vehicles,avg_driver_age,total_people,total_injured
02a421b9f826a3be2232ad67b0b82ccf0279e7d16d61c93462acdc4f5ba0d3215051e90ae8405e40abac46107fae8a390cb2b4faba983a443129583642f230e0,CLEAR,"DARKNESS, LIGHTED ROAD",DRY,FAILING TO REDUCE SPEED TO AVOID CRASH,3.0,60.0,1.0,1.0
02a435bdd7c6c106f2f75ca67aba49d31854dc40966312b1cba3e04f813a77cbf0e2abade2835139d7d83bb0136b5e28f8045913af085dd1ee16f6635004ced7,CLEAR,DAYLIGHT,DRY,DISREGARDING ROAD MARKINGS,1.0,50.5,2.0,2.0
02a4501b9b1dc36f634a1e8bb4b3e185d8037c0fdff96279f9bfcfdbd863280ca587974b0ceb5ed71b5f3c891f9b6a6d4eecb1e309a22ebcd67d28d3738d21dd,CLEAR,"DARKNESS, LIGHTED ROAD",DRY,IMPROPER OVERTAKING/PASSING,1.0,27.5,2.0,2.0
02a451544456e4aa1eb5e6869d915c3a892671410695c483228afe4d7fbe5449b73647d95bde5866bab982fd63d4e9336bc6b86908f41e33fcf0b0cbaf167522,CLEAR,DAYLIGHT,DRY,FOLLOWING TOO CLOSELY,2.0,21.5,5.0,5.0
02a47276ab56b66ba58fe7c33da0d330c1cb3aab7f9494cd3c0d8cb7b660b32b2ef312b027ffea5a73415804c9790c665fea895dccd4d45b53f2e34aa31e6205,CLEAR,DAYLIGHT,DRY,"VISION OBSCURED (SIGNS, TREE LIMBS, BUILDINGS, ETC.)",1.0,42.5,2.0,2.0
02a47c99d010952220cb70672129bb8e11906352c618c946e998e4f5af182116cd92540698a1485485a73d628c67abf89107cad12dc3e0e7ab98e30b957efa4d,SNOW,DUSK,SNOW OR SLUSH,DRIVING SKILLS/KNOWLEDGE/EXPERIENCE,2.0,43.0,2.0,2.0
02a48d7886caca30b805956fc9de9581a7a387b1180c8c9c7adcd7354857c0b1aaf410eabb122693f9b1b564b8443d41d8165447ed75cfe20166c82bd6b405fe,CLEAR,DAYLIGHT,DRY,IMPROPER TURNING/NO SIGNAL,2.0,25.0,5.0,5.0
02a49dbf5bc4ec1fed6d43ef20855f726e04a09a764fd4393ba6f3be51031994c4133f5ce0da5cea046017f8daf66412800ec5350b854f4b5ee141041ec38387,CLEAR,DAYLIGHT,DRY,FOLLOWING TOO CLOSELY,3.0,41.5,3.0,3.0
02a4d25379676ec6186b7282d941cda83523348476ec14b85de455677c721acb4d17d0c8dcb331a84d6448ae0269fa576b22f6868c2f7b32fbc805cf08ab2f00,CLEAR,DAYLIGHT,DRY,FOLLOWING TOO CLOSELY,2.0,37.5,2.0,2.0
02a519f744170ca9dd3918e0fddcc8edf135ac515329fb70478a1e9ce1b5035bcff23cd955489c1d21934c2c6dd786dffbaf24e54f54b19fa18f213058dd480d,CLEAR,DAYLIGHT,DRY,FOLLOWING TOO CLOSELY,2.0,38.5,3.0,3.0
02a51bb2bbf681b9755ac8f30ed70e28119883c930c5f7d99f5e5ab41bb3166f89c5f88a43856cce32ed211b5994fe71eabe5069a1d2e66046f773cd0caecb36,RAIN,DAYLIGHT,WET,FAILING TO YIELD RIGHT-OF-WAY,2.0,38.0,3.0,3.0
02a52b3397a135d6e0660210ab3036dfe4228af1340b5b482206033b694a88767b2aacca7474b749b0d937f9fae6bb00873aa6f5023699718987a14b0c7a7115,CLEAR,"DARKNESS, LIGHTED ROAD",DRY,IMPROPER OVERTAKING/PASSING,2.0,44.5,2.0,2.0
02a52eefbfc0ce06af9eb1304c695f2fa4f93f4f84ed32a70e7c061f7f61d04ca1df6de7a30aeee57795a2972bceaf0bb0b0a0ca7d803ee964376539c53b29c4,CLEAR,"DARKNESS, LIGHTED ROAD",DRY,DRIVING SKILLS/KNOWLEDGE/EXPERIENCE,2.0,24.0,1.0,1.0
02a577824b30bf8759ff3a54d76d003aefee5118bcf7f174280ce47f1e29f0974f60f53c0d82f7c3ff4b5104a67d540721d5a5373a5346b5f260f860efac975c,CLEAR,DAYLIGHT,DRY,FOLLOWING TOO CLOSELY,2.0,30.0,3.0,3.0
02a5836f6ccb270a165abbf9fe390b62b605cd047047c76b72653ea1db3bfeaba821006e866f64b1733270c0d20068ceca15566880e492a91b18fc73419ca5b5,CLEAR,DARKNESS,DRY,UNDER THE INFLUENCE OF ALCOHOL/DRUGS (USE WHEN ARREST IS EFFECTED),3.0,31.0,6.0,6.0
02a5aa3e35e0d8cace19d20fe1169bdd2f44ad8ce4b0cdd599fd94587c31448805e5508855164c80a004a9fca8c6aae4f6e4b7b947f8e3984001f7fb399227e5,CLEAR,DAYLIGHT,DRY,DRIVING SKILLS/KNOWLEDGE/EXPERIENCE,1.0,32.0,1.0,1.0
02a5d7b6e14dcfa96e1834e5585ddc93199aa8e3fbeca7f2ce2d7f6ea0ed6fec0f34f9cdeecbfc0f92c00a150e9ffb3a0d8469d992973542a76b6b7c4a2647b1,CLEAR,"DARKNESS, LIGHTED ROAD",DRY,IMPROPER OVERTAKING/PASSING,2.0,39.0,2.0,2.0
02a5d91998c908bb84f4bc4aeb87845ce1baefcb40b213d69e615684b84bd520123ad513c403d7e910edc6a00488019e861a1f4b35b628313c61a406491c0b1e,CLEAR,"DARKNESS, LIGHTED ROAD",DRY,DRIVING SKILLS/KNOWLEDGE/EXPERIENCE,1.0,0.0,1.0,1.0
02a603c9eb2968b8d2d99a015b954919a8462acb117f10316f8ae44c5a5e4e8949851709af92f706a1eaaacdda9e2d0da10e8b7ac8d40c447a37309946d86ce8,FREEZING RAIN/DRIZZLE,DAYLIGHT,SNOW OR SLUSH,DISREGARDING STOP SIGN,2.0,27.0,2.0,2.0
02a61f423cbe6ffd464ce34f92bc6e503f06583a4b72fce465843dc7743b10af9c6e898745e303f60fe77ec47cf99559b1639792e5af1d1ae67c6a5780b7d577,CLEAR,"DARKNESS, LIGHTED ROAD",WET,DRIVING SKILLS/KNOWLEDGE/EXPERIENCE,2.0,37.5,2.0,2.0
02a63921e1f259696fafdd0531123f73677e0e56b7d09a4fbede4b90d8cc8e8dd14315a6740d927dffa609b0299ea8b61d319d9c749dd65f41d4f713d793616d,CLEAR,DAYLIGHT,DRY,IMPROPER LANE USAGE,2.0,37.5,1.0,1.0
02a63bebf6d9a041e7e9c4da8076fe81b4b75e575bbded1b4d5f696b22d584e926218c9e29577a335bfc3811e65eaabc7827efd22846e7aa4999f605c55b4753,CLEAR,DAYLIGHT,DRY,DRIVING SKILLS/KNOWLEDGE/EXPERIENCE,2.0,71.0,1.0,1.0
02a6485d9d3a27198036878b37c7af012a813fa0d936235bb5ab039a5156391b2a8867b67fffd64ea57ce4a804ae8ae83600a825c5bf94959fe2ac4afd6928af,CLEAR,DAYLIGHT,DRY,DRIVING SKILLS/KNOWLEDGE/EXPERIENCE,2.0,34.5,2.0,2.0
02a6593054fde9c493e8b52ed6491d47c0b091fb2aae0327169721272136960087e8c1679f5c24536aa2fa86c880497efe536d57803cec69c7eba02267a13e58,SNOW,DAYLIGHT,WET,FOLLOWING TOO CLOSELY,2.0,41.0,2.0,2.0
02a6838e21af39219dedd9bfddaed346b965a9580d7b4d48d668b6e97d33760ac2c9b5059366fc5050bc108c10519f86aa5ec9ee5476e59c81b4105524afc6c1,CLEAR,DAYLIGHT,DRY,FAILING TO YIELD RIGHT-OF-WAY,2.0,39.5,3.0,3.0
02a6e09b76061b5410192ce5d463498417e3c900c09642951b677f0180f92fa1d0d686f73f0d0acdccd93e63c238826830db73ced8c2a8fe219ec2f898278095,CLEAR,"DARKNESS, LIGHTED ROAD",DRY,IMPROPER BACKING,3.0,37.5,1.0,1.0
02a6e7faeb963bad4584c3baa78d3738ffbbf1a87bad5bcd05b082daecf43d8e5fe48a2d7557136e45cb49f508f1e97be7f1f0d659770aa96b3de4fe2bd985fb,RAIN,DUSK,DRY,DISTRACTION - FROM INSIDE VEHICLE,2.0,32.0,4.0,4.0
02a6ebd75cc7153ab8785d340c096f4585c1f9958813e7802130564fb23ae8c28709a80c23403986ca796adb35c2976dcc850fac10c08eed1ee97893168888a4,CLEAR,DAYLIGHT,DRY,FAILING TO YIELD RIGHT-OF-WAY,2.0,35.5,2.0,2.0
02a70bfe563cd8ef7bc2229846e687e0e224be944904feeeee2258e3f5d51f62387b26c62f78fa5d2f7a5a96d314d99fa5128b591cd7a37a9cb275db9ff7cc92,CLOUDY/OVERCAST,DAYLIGHT,DRY,FAILING TO YIELD RIGHT-OF-WAY,2.0,28.5,2.0,2.0
02a7619bbaf21ac72210b2d93ec4d2423fc040d54fe5557fd0d2345c99b99a63013b8ff604fcb778b92490b518bc3134ad6b9fcab1c82f3e2f674cd84f3b91b6,CLEAR,DAYLIGHT,DRY,IMPROPER TURNING/NO SIGNAL,2.0,34.0,3.0,3.0
02a772126bda019f7ddc57b1e9dde6d0b8b54dce4bea1d153af0507d2beaf7b6a5b33252ec4bb8f6cd5d7f0449a4e367148eca5bbf5d5f8193a16ad8881b4648,CLEAR,DAYLIGHT,DRY,FAILING TO YIELD RIGHT-OF-WAY,2.0,48.0,2.0,2.0
02a7d06e1d4127257b77ee6ee9578986f7185dca2b62e4696532355f3879576202b27e7a3fd11c904164248f09c31faa97ca9072f3e223f9a86a656e9305dcc5,CLEAR,DAYLIGHT,DRY,IMPROPER LANE USAGE,2.0,38.0,2.0,2.0
02a8655d2e523230bd6099be34fc0fc432dde2a057ff906f00d78b11eccdc13abccfb8aa76903f02774fffbda56b130986facbc5e6cc21113069bbf236aed5c7,CLEAR,"DARKNESS, LIGHTED ROAD",DRY,DRIVING SKILLS/KNOWLEDGE/EXPERIENCE,2.0,37.5,1.0,1.0
02a8888bcb61e469e710c985183704d7ea62f2a19cd7ce42d21588d226ee0d55e841bf98175f74bafae8c90a233882c3c4efd71d9a7de082ada1330a7b9002ad,CLEAR,DAYLIGHT,DRY,FAILING TO REDUCE SPEED TO AVOID CRASH,0.0,36.666666666666664,3.0,3.0
02a892caa8e8d3dad3ab4593feb143d967ef907fdb23636519dea8502912f685b8d03b8678015090aa75255c591f7568f4fb8f1f805c99d9a26a03eab58dce6e,CLEAR,DAYLIGHT,DRY,IMPROPER OVERTAKING/PASSING,2.0,40.333333333333336,3.0,3.0
02a8a4e888dafca022cb4bbdf0db6b81de8520882af7c348ee349e807e75354df8a0204367e6e902f4e2d92d983009ace9e13a14db19e1c39b0ec3b06fd33da2,CLEAR,DAYLIGHT,UNKNOWN,IMPROPER OVERTAKING/PASSING,2.0,50.0,3.0,3.0
02a8a571910f53658bb267c8d519285ab7ad57ecc049daac2143629bda69ec31059f6b1215ec61b55609053bce01c3171ea38516aae35a6ac0b42ad1d9218066,CLEAR,DARKNESS,DRY,DISREGARDING TRAFFIC SIGNALS,2.0,31.5,2.0,2.0
02a8b15f701fbc573a329822b1a9bf10ed3ebbbab09054c9d02e3d8ba97cb2f0cc6456b222a31dbd2afacdc3809d93d5436fbb3544a5c31a701abe3697fec26b,CLEAR,"DARKNESS, LIGHTED ROAD",DRY,IMPROPER BACKING,2.0,20.0,2.0,2.0
02a8bce35404eba5d38cbc252d8a12558a450fb964c81e217ed9098968196014297594a97e0df0fe2d5b296c01cef980178cf5f5575f83243e1775e6388cca4f,CLEAR,DAYLIGHT,DRY,"VISION OBSCURED (SIGNS, TREE LIMBS, BUILDINGS, ETC.)",1.0,34.0,2.0,2.0
02a8e7bb1c6b8dea2d6fc38ea9600a15a509312dda36e3f3b223d67a341d3482c964217883aa10200da2df3584bf7f75a33eba9b3ee6ea191e90fb904ff766d6,CLEAR,DAYLIGHT,DRY,IMPROPER OVERTAKING/PASSING,2.0,28.0,2.0,2.0
02a925d7cb9e6226d80b44f04d1a928bb625eee7d343a8d03bce46b1ee77e5476fb0cb8f9789a58b3a966b9ca8eb0a40cc9d035990d1e9c990d077c843ce1ebe,CLEAR,DAYLIGHT,DRY,FOLLOWING TOO CLOSELY,3.0,39.5,3.0,3.0
02a92b45b3fb55bd1c9abbd51ab580c6728cd557b20f8cd37ce17c897356a03bf3f2f85d24b9250ff0d107cc4b984c81c518b9e39cf408851884c6a8b2405b81,CLEAR,DAYLIGHT,DRY,FAILING TO YIELD RIGHT-OF-WAY,2.0,60.0,2.0,2.0
02a965fe859012920a086709caba49dd5ed8f99703ff1c73c7a96fc7a48c86cf0e0e11dd9ebbb448a4968bb19eca5e727d85bfaea11e71f8652ac14f659019bf,UNKNOWN,UNKNOWN,UNKNOWN,FOLLOWING TOO CLOSELY,2.0,37.5,1.0,1.0
02a967aa0ff5ac32276cb9974f4c5a7ef2c287589e7285b86d715864108b780f1416fbc0b0dc179e73f7a82c43ddb02a6882f855a8279bfb3e065dcfb03df824,CLEAR,DAWN,DRY,FAILING TO YIELD RIGHT-OF-WAY,2.0,51.0,2.0,2.0
02a9b3a98f5325a474030f1df9132ec687fe3a0ba20c87996eac6ab46a1f781e517c3100c13a9c0ae6afd543703c74625efa2fc18ffd4ed2ef45c0fdf0f7ead0,CLEAR,"DARKNESS, LIGHTED ROAD",DRY,FAILING TO YIELD RIGHT-OF-WAY,2.0,56.0,3.0,3.0
02a9c23ff8a559542aa46e87baac5599a5a4d31b2f8a34e55060ae44530f200596b830b0d3a4c44156b2888eae2a4ec54edf9f9569eb9d81657edb1264e333c5,RAIN,DAYLIGHT,WET,FAILING TO REDUCE SPEED TO AVOID CRASH,1.0,39.0,1.0,1.0
02a9cc5ecbeebd6470e766428547657f5b7c4c1e7e09a9c9a313b5a7c7a250f014092b9a057b04bf1c73277c0013f835e922eaef5de2cbfd911592a58c62f85e,CLEAR,DAYLIGHT,DRY,IMPROPER BACKING,2.0,62.5,2.0,2.0
02a9e3673e53f6d5d1d4d86bdd3b790ef638d30a9fa57bae8fe2294956831620e2525e2eacfc85eb5edf9a7d0d40846393762231cfa2cbcb2dae000b57a0b47f,CLEAR,"DARKNESS, LIGHTED ROAD",DRY,IMPROPER LANE USAGE,2.0,36.0,2.0,2.0
02aa2686a5d32aef0514b981b3d66044dfbcf8f9992fced9e429fbd4ff226b2f4039b3d6ae7fb3192012b3ee45b79c45c2b6054e35ac8d4dc253b4c20acd5162,SNOW,DAYLIGHT,WET,DRIVING SKILLS/KNOWLEDGE/EXPERIENCE,2.0,34.0,2.0,2.0
02aa56caee93032896e0ddfa323f8e9ca63f547b88d41c257c3c9e9e0fdd3875003a1c31ae5cdb56ee56b896ef7b768c9f13d31295d2d67b45571a04bee7bf56,CLEAR,DAYLIGHT,DRY,IMPROPER OVERTAKING/PASSING,2.0,30.5,2.0,2.0
02aa5bac0b34910663e01099f2780fca0ec1ec37402ada2d962c38316137e1bff1132f8a5472a3258c26a239a44b02baa6c7f281aeaac2cf2e84f82378130354,CLEAR,"DARKNESS, LIGHTED ROAD",DRY,DISREGARDING TRAFFIC SIGNALS,2.0,44.5,2.0,2.0
02aa721cb057567b9fc5c570b65344141fb3a5ce961402dbe18e6a71b170cdf1eb42bd9741da25b09864b7b623f5dce6e3e6ba8b592ca89ab955eefc88251103,CLEAR,DAYLIGHT,DRY,FOLLOWING TOO CLOSELY,2.0,68.0,2.0,2.0
02aa86647cf09a5fe38eade86357679f832accd97829646ead1c53128a259b7a4b36d03cf080359012247e1786924de94a89c1837d280c279f969d4b23410d94,CLEAR,"DARKNESS, LIGHTED ROAD",UNKNOWN,FAILING TO REDUCE SPEED TO AVOID CRASH,3.0,53.666666666666664,3.0,3.0
02aa905d11ebfe7dba5d363a2c0c0c0b189751504cbd8cfb9a606c10169bb1a381edf890125901623368b5b85aaf9240bfea804cb2b508d484205a21a5eb5f1e,CLEAR,DAYLIGHT,DRY,FAILING TO YIELD RIGHT-OF-WAY,2.0,36.0,5.0,5.0
02aa9308738f4a7dc9bdfc0daba10c4d88ca38e7b9d3e8d833f56537511ee621c99ad8ba4c29bfa5df92709dffe0d4e8b85987954e07309f0fda0ebaff60307d,CLEAR,DAYLIGHT,DRY,FAILING TO YIELD RIGHT-OF-WAY,2.0,41.5,2.0,2.0
02aad0afdb4e39ecd6199e63c30a4a0e5d79d8df8c041fd86517ca63ee9459b5c008926248d5384521c3ccf2505f23b2bb547c4ecef453c03109f6e271c752a4,CLEAR,DAYLIGHT,DRY,IMPROPER BACKING,2.0,37.5,1.0,1.0
02aadccacdd4436d7a7abde1e07e6d7e801ea8aa52daecfaf3165e4644451fdda467c47f48245d2afa966fb9f17ea26b3a9049a0a80273e30dcec9a65aaab555,CLEAR,DAYLIGHT,DRY,IMPROPER BACKING,2.0,17.0,1.0,1.0
02aae6b81621f686f1731aea9ddbfa9ce77b9b86222b1c392adeb4f980e64badde2dbba35553156b543bedff85d71a40f20efe6577acd272d88faac0cbbba122,CLEAR,"DARKNESS, LIGHTED ROAD",DRY,IMPROPER BACKING,2.0,41.0,2.0,2.0
02ab284fc88d92cc2b97a81a3915ae896cd23d890615bf29a9bd51ef27ffc065d1716e6d59e91d2dcaa03ea1f3ee996ccaceda37871ac5d3b60acde2f547160f,UNKNOWN,UNKNOWN,UNKNOWN,FAILING TO YIELD RIGHT-OF-WAY,2.0,26.0,5.0,5.0
02ab44a54c1317c95e6065ff4826b7d30fdb6de15c4e3623629ddefd26e8c7efd36ba07437198307cb141e9c9270b3b332767a4f57e72962e4b096a1aedfb127,CLEAR,"DARKNESS, LIGHTED ROAD",DRY,DISREGARDING STOP SIGN,3.0,38.5,2.0,2.0
02ab528016ea13dba7b0986f573cf83361b63c281718a7b0924c24c52c6ceb2e1aeb392e7e61f0d9c24a24e364320977f5d8aef6a7ca7c60f2a379643c714229,CLEAR,DAYLIGHT,DRY,FOLLOWING TOO CLOSELY,2.0,36.0,2.0,2.0
02ab6df29e96bce841d6b5eb78315d8eb44e1d7dcf0afc08fc78c9cba720ce5f623ff7f56fcf5791c5fc16c26a6625c8327e2f90a158b62cc028c310422c6eef,SNOW,"DARKNESS, LIGHTED ROAD",SNOW OR SLUSH,WEATHER,1.0,27.0,2.0,2.0
02ab83c08635573c7297bb319de494fe704901f989251118b89c45d25d5bf7f76f4b8d4ae000fbbcbde762e0a0e954ab53a6d93a8f4e01c59f8fb6fa75d7f1ac,CLEAR,DAYLIGHT,DRY,FOLLOWING TOO CLOSELY,2.0,9.0,3.0,3.0
02ab920d2982490519032d55cb81fc2d8fb7159cb6cab2061f25908b077b80a38b61a57bc9af6690db4e18a736e94342c72f3b8d6c7742b15ead87446b329138,RAIN,DAYLIGHT,WET,FAILING TO YIELD RIGHT-OF-WAY,2.0,49.666666666666664,3.0,3.0
02ab99c8c9f0ea2b794ed345cc23798abad87e65bdf3f26feea1cd05c927df91cb0b0eaa709d107191be3e4e391c1adc946f82bdba8c07f13420f4424f44597f,UNKNOWN,DAYLIGHT,UNKNOWN,FOLLOWING TOO CLOSELY,2.0,60.0,2.0,2.0
02aba1feceb2ca3b889d8dd0a22bcb90c65205325d42bd6cfa28b96edd54b933684a7bb4152281a476177f1f5b3ebee3144b2d9f370469e7dfedb23de609fd76,CLEAR,DAYLIGHT,DRY,FOLLOWING TOO CLOSELY,4.0,37.5,2.0,2.0
02abbdb0ff2d4deefc642535a0b819d440b4418d43394d9bc8aa1d07cdded69d5331161feb05c232003ae369aa82e13d5c512ff12ad6a83f405d9675f3964316,CLEAR,DAYLIGHT,DRY,IMPROPER LANE USAGE,2.0,36.5,2.0,2.0
02abd6a009add59f10296b61f429b1da9610e314dc791850c0ee1ab325e00a538ff85e74bf1da7bbb048fd2bd51146e5685fca3dd7e3ccf42bdbf17c63230425,CLEAR,"DARKNESS, LIGHTED ROAD",DRY,UNDER THE INFLUENCE OF ALCOHOL/DRUGS (USE WHEN ARREST IS EFFECTED),1.0,0.0,1.0,1.0
02abf41b0292e18be339c56f111673382e4ca11cebfc613336ea61ed0f8341db5a52024abbeeef6d04f5fae8575773d1a3d7ab1699b5e34a0ba329fe81295083,UNKNOWN,DAYLIGHT,DRY,FOLLOWING TOO CLOSELY,2.0,30.0,2.0,2.0
02abfa484ff6654c8ef5d0b77bda1ecc63f4a8c297dfb42ea50d122f8b749e704e1ce4d7dbfa86f1e6818b654f74a139036455ac689c7114a5a7f875a4482b3b,CLEAR,DAYLIGHT,DRY,IMPROPER OVERTAKING/PASSING,2.0,64.5,2.0,2.0
02ac34cfb58f04a0e58dbd22184b286a324b728a9c521c0114ff0177846f52d13ba11f1312b978a29070051e1baa06a2b0b188e2ff51abb33193052163b0ee84,RAIN,DAYLIGHT,WET,IMPROPER TURNING/NO SIGNAL,2.0,55.5,2.0,2.0
02ac5f48e9830d6cf1a1e8b939441b667be32d7423d0e56486bcec0c2b3f6fe5c4a1dba9c4973735a2942d40e86a84d243253f3682fba7f5ec457319030ac928,CLEAR,DARKNESS,ICE,WEATHER,2.0,55.5,2.0,2.0
02ac668c5e01340815899eae04b7f295cc122e2bf3a075033db72353f1ecb989d6859b3a5f165ac16999f2f2780242b9525b8d2a0bcc3ecbf04b824ebc4551d3,CLEAR,DAYLIGHT,DRY,FOLLOWING TOO CLOSELY,2.0,45.0,3.0,3.0
02ac81c11c992040b823d5b341d4b35cfdef72939fbf7956e20bc18dafc0ee07169ff67ace5253ee514fd61afed98c40c89a8dc492487fcde7f60b2f1bf74beb,UNKNOWN,UNKNOWN,DRY,IMPROPER TURNING/NO SIGNAL,2.0,42.5,2.0,2.0
02ac98184ae9870976988e2b8b7d80a3b4464c12aeaecf7f0dd6b0f9d2bf8518e4caa821febac08b1596060a2c7b7a712a490f1b9fdcfd1e8266bfd581382b3e,CLEAR,"DARKNESS, LIGHTED ROAD",DRY,FAILING TO REDUCE SPEED TO AVOID CRASH,2.0,38.5,3.0,3.0
02ac9c64160eca917fad3ffdd1a8f944c32160fc10b5962340c3e70e46ee9dc08d11688a1f39fc01e0f2f0d2affba751cba6e3020b9877ba3c4a8ff51c5ce94a,CLEAR,DAYLIGHT,DRY,IMPROPER BACKING,2.0,30.0,2.0,2.0
02acd5ae28dedd4471ae538b0b096a5146d3e0896d37ff797ce1427b6c5fdf87d5e4fdca3cfd05290fe5643b0d57764f0799258467f3cc7cb139aa2356b306f0,CLEAR,DAYLIGHT,DRY,FOLLOWING TOO CLOSELY,2.0,48.25,4.0,4.0
02aceee20c65a17938d18c8821583f3624f1152f0ac687682c60a6e4c51e0478a30f346b18babe34e67f145c33ca4a350462856f7fc2feaea64ba74f326d3617,CLEAR,"DARKNESS, LIGHTED ROAD",DRY,FOLLOWING TOO CLOSELY,2.0,50.0,2.0,2.0
02acfc7a687575c4ed9d0dff5b1ffc758093baa44dea7d539cf41e6c1e8ec1e0724f08f0a466ae04633abb01e2ffdb1d0597c7657ab1033c99cba0ad9b2c1f85,RAIN,DAYLIGHT,WET,WEATHER,2.0,49.0,2.0,2.0
02ad15376acea0fd716a1117667ec288b15747e9d023203b2a77f22018751ca9f31fe43520b9b8417294a3cbc854586039637d319cac11c557e58c22ce9cb1f4,CLEAR,DAYLIGHT,UNKNOWN,DISTRACTION - FROM INSIDE VEHICLE,3.0,24.0,6.0,6.0
02ad358635e59f9963dd319b37112e0180c8dfb0f302bdbf9f8b112ce2c2e9d92e11e932dfbf92d369d9cd35942e566a55bb0118059655f81a5cee4d79aa8f60,CLEAR,DARKNESS,DRY,FAILING TO REDUCE SPEED TO AVOID CRASH,3.0,48.5,3.0,3.0
02ad3d760ee46aa27d8b76f8bd763c746d722a0ae4d475e340f341ca9f75b9d636730804e3c3f93feebb36b8ef94f3e985c5e53f1c04f9ce6d8a8e00b96493e7,CLEAR,DAYLIGHT,DRY,PHYSICAL CONDITION OF DRIVER,2.0,38.0,2.0,2.0
02ad8063600e1042d5a9aa37c0690696639cbc38cfcb902963497bb2f0c3388851c135cfe5d0e7dfce6e0ece9224678b72a8748e55c85fd2710b721df1712215,UNKNOWN,UNKNOWN,UNKNOWN,"EVASIVE ACTION DUE TO ANIMAL, OBJECT, NONMOTORIST",2.0,41.0,1.0,1.0
02ad830935f1a35b82388a28612296b3eafc514bb02c760441346e2d2ab6670333e9252309e21fbd46765063d7666ae2540f783260ffc26b93f29fd585a1e36b,CLEAR,"DARKNESS, LIGHTED ROAD",WET,WEATHER,1.0,47.0,1.0,1.0
02ad846fd34f9614284cb2d976fd7c8777981908cb91e40596359b523f43f1d03e0ac60dd3bd846011c89f44c0c4a4d8f4366ba7dce140159f0ab18f68d7c2fe,CLEAR,"DARKNESS, LIGHTED ROAD",DRY,FAILING TO YIELD RIGHT-OF-WAY,1.0,61.0,2.0,2.0
02ad9895c683cc6decd74f54b017ed455c5ccc9643bef57b9e4105320bd4ed4d07e8bf9cec34aadcea37dd22cb9f45da30eec7c2b10db2a08b5141f0f9d3a9b8,CLEAR,DAYLIGHT,UNKNOWN,FAILING TO REDUCE SPEED TO AVOID CRASH,2.0,75.0,1.0,1.0
02ada5a64d470b610039374e4dd471898553862e2e346465f02518988a16ce2f43fca131c82026cea9dfe2fe9cd43a685889cfe564e4002d4c98d3a3bff8f865,CLEAR,DAYLIGHT,DRY,FAILING TO REDUCE SPEED TO AVOID CRASH,2.0,52.0,1.0,1.0
02ada6febf285f20b0edf5736ff8cdda284d250de6c907ce733e49a04bf8a4fc24d661cb2558bdb90c855654f9ac894b4f15db59603b8fdd1011b7194158d74e,CLEAR,DAYLIGHT,DRY,IMPROPER OVERTAKING/PASSING,2.0,55.0,2.0,2.0
02adb25d9b70cf4e8ee4c36f742cf31a81184a9fbcc63cf4a9eb20bb7635801978855da5c7adc3d0c4bc94a78c94c856272eee03cd006ad6219530a3d76c5f63,CLEAR,DAYLIGHT,DRY,IMPROPER OVERTAKING/PASSING,2.0,39.5,2.0,2.0
02add17b5e9b2ca9d16adbdd39b00b278144d651a0d5d34e145e189c3d8dfc61f5c68759c8ed8c7be77b16755f594b0225bfd4413b985f561b21d708ee4ea749,CLEAR,DARKNESS,ICE,FAILING TO REDUCE SPEED TO AVOID CRASH,2.0,20.0,2.0,2.0
02add705c01d3d2403b42bc0957aa85a8df99e98d3934952ee8f864b816c6d72aa0ada42794066ec5fd859ade55794de3ff3022c6da2d5356254270ed0ca2bee,CLEAR,DAYLIGHT,DRY,FOLLOWING TOO CLOSELY,2.0,47.0,2.0,2.0
02add9c38ca976e18f2d4bc38544da38df07176bbd099062b840cea214e9b93a5709c792b820e219c9b07a270e352b2941fff00c7fecdb3898c0fca9acb13fda,CLEAR,DAYLIGHT,DRY,"VISION OBSCURED (SIGNS, TREE LIMBS, BUILDINGS, ETC.)",2.0,19.0,3.0,3.0
02ae0958f85de4f09bb015eb8c8963b41a15c7eca62008fbdd30690017d8a7fab5ad7bbed5886af7dd76886b38ebfda328d542b7d43a3a7c6ded1db59098b7bd,CLEAR,DAYLIGHT,DRY,DRIVING SKILLS/KNOWLEDGE/EXPERIENCE,2.0,68.0,2.0,2.0
02ae12f9fb6566a0cf0ea79760ff7caaecfa79d0554130ec7405185a255087a0f1d0ca20b6396de09a20d4f7843a47a3f742c7e5365d334563ec093cb000260d,CLEAR,"DARKNESS, LIGHTED ROAD",DRY,DISREGARDING TRAFFIC SIGNALS,2.0,27.0,4.0,4.0
02ae3af3fa552135d61a62b2719a4a777ecb8458f270cae6dba14be22bb034c436c2480542cb26f2cad2673b87a646097984be213f0a62b07ea58db53087115f,RAIN,DAYLIGHT,WET,WEATHER,1.0,31.0,1.0,1.0
02ae67b18d4464e36700cdbfcac6f477a1457f29b28f5e86702007c7f26bb1695bd7d21c413605bdfb80fb3f514e75103fc3a066175a98ab476f1bdee8bcdb6b,CLEAR,DAWN,DRY,FAILING TO YIELD RIGHT-OF-WAY,2.0,37.5,1.0,1.0
02ae8e5b29adacfbcbe177607adae7a855b5de1ccf418493a5f1083aa72f61ee4e0f7b59b912856ea4dbf6a6f36a5b7be57276d27008f92cb65e277b73238aab,CLEAR,"DARKNESS, LIGHTED ROAD",DRY,PHYSICAL CONDITION OF DRIVER,1.0,35.0,1.0,1.0