crash_record_id,weather_condition,lighting_condition,roadway_surface_cond,prim_contributory_cause,total_vehicles,avg_driver_age,total_people,total_injured
02aec3a2cc6e5f4ca07b4d06f7bcfe88611397467e3fa5bb7db8971e6c07a763da151a800e17a74d19fdb03aaa165d5466445aa9df0604a162e9715f6f19f02e,CLEAR,DAYLIGHT,DRY,IMPROPER TURNING/NO SIGNAL,2.0,30.5,4.0,4.0
02aefe20eed689c5d4afedd5584ab4c55b111d17428a2dd14b7235381a982525101aee893bbe9e136d000b260432723c77c588b3b281b3d0ec80b164f53d316f,CLEAR,DAYLIGHT,DRY,ROAD CONSTRUCTION/MAINTENANCE,2.0,74.0,2.0,2.0
02af3878579d52d8e167270217e307b3d8ff743d1d9bdc138f12d12b69816651179e094a566b564b176920502bfb09f9c83621d19655b0db89d7d54e94e5cbfb,UNKNOWN,UNKNOWN,UNKNOWN,IMPROPER BACKING,2.0,51.0,2.0,2.0
02af3f7e508fb1d4d3f609a5aa91611f6564af82e47ec3654bcfdb471fc591b357186e16d8eac882f29182a2a79b3ab067bacdfac293010c8aad52b50cf3d112,UNKNOWN,DAYLIGHT,UNKNOWN,"OPERATING VEHICLE IN ERRATIC, RECKLESS, CARELESS, NEGLIGENT OR AGGRESSIVE MANNER",1.0,44.0,2.0,2.0
02af67b741dd9c116fd00ce0dc5571c3d9620c51b103df77df2e956e1e2609e7712282bf95a1a95d2a004faa63da49280dc576dc8dfdcac16ed4e4f987b40059,CLEAR,DAYLIGHT,DRY,FAILING TO YIELD RIGHT-OF-WAY,2.0,39.0,2.0,2.0
02af7156e2df7a7d5e7af8c46e7cf44384b600ca25c524d61913c3741673f82dbbefb9d8705e939b30d5601a9ae6d449a1efa9d72d04306eab4fff8e5a56e6c5,CLEAR,DAYLIGHT,DRY,FOLLOWING TOO CLOSELY,3.0,48.75,4.0,4.0
02af717026e43ce620afe84841eb41fd713da54a3714ac2771b653a0a37910dbb27fa7d8abfa2a03d18421d606b3558d4af8f04669f629f1ead2821246dd79be,CLEAR,DAYLIGHT,DRY,FOLLOWING TOO CLOSELY,3.0,30.5,4.0,4.0
02af86b6661518a2e77af4a63fd17893bf6488e1153fc507651db9581bcaa241f55a9c7a76cbc6e82ba03e65ac7b86ee6ec424c51d296072b5170684a514e34d,CLEAR,DAYLIGHT,DRY,FOLLOWING TOO CLOSELY,2.0,36.5,4.0,4.0
02af947fdda64a2ae675ec1d2e9098c0866c109a936c8788e79e0ea2164897556118a38c98b6771b526c2861289c9d33860b8beb55e4679abf7e10d263a022a1,CLEAR,DAYLIGHT,DRY,DISREGARDING TRAFFIC SIGNALS,1.0,65.0,2.0,2.0
02afa49a0142d11b29cdd20cde2bc71f2167464185cbb5750e62ed449d41fb12e822b274614c7033c70138dfd68103928199982a4f11f2dca1730a6a75268e40,CLEAR,DAYLIGHT,DRY,DISTRACTION - FROM INSIDE VEHICLE,2.0,55.0,2.0,2.0
02afadade8da4cde0f202e82e7bd1a5d9a919b17dab51befb7c2c84be3db26d462dc939d80ca3c3cabd9e72c3b853d0f75fc538cb335d5050e9648d70e6bdfdf,CLEAR,DAYLIGHT,DRY,IMPROPER TURNING/NO SIGNAL,2.0,40.0,2.0,2.0
02afb5c5ed926e118d7141910a429e692bdf838bc90c2b8805d826a342c498ed8a8b0f81346bda44bf444c3ea925531a8f88962992b811ba0d033791944d8e4d,CLEAR,DAYLIGHT,DRY,FAILING TO REDUCE SPEED TO AVOID CRASH,2.0,63.5,2.0,2.0
02afb8576fd8cbb48ff05779215754a4aa45fc4b20d06e3d3c4fe154631c9fc9de758ee78709371fe4a68224cd6382ee473d5ca483fd63cd46b67acc27f38010,CLEAR,DAYLIGHT,DRY,EQUIPMENT - VEHICLE CONDITION,2.0,57.0,2.0,2.0
02afca31025b6f3cc8dffdbd6a3a699064fe021878e1998cec82390d860816882034300be6aed80aa62c6d01d438fed96b33f67d9e852b8f08402b0cd8ad09de,CLEAR,"DARKNESS, LIGHTED ROAD",DRY,IMPROPER LANE USAGE,2.0,37.5,6.0,6.0
02aff071b57e987a505c428963a1febdccd4a374e7813b60e6434e425216960537ed30a07b45f2c952b6a124051e5e01bf81d06228e8ad16043c9cadb13d2a1b,FREEZING RAIN/DRIZZLE,DAYLIGHT,WET,FOLLOWING TOO CLOSELY,2.0,43.5,2.0,2.0
02b00fa9abe010e49ac872e34a9ddaeb958357d08896322077c7802a775b8c4235ac62deeea8765b677c046a55a4b05e5327cadacd3bab2cee2734fd51afdd7f,CLOUDY/OVERCAST,DAYLIGHT,DRY,FAILING TO REDUCE SPEED TO AVOID CRASH,2.0,28.5,2.0,2.0
02b015209e8e6d5b0bd2588387f82a7076ddcd30e68f75937193126e84124d0a3ab8d73f359bfc2489738664057afb176942e3d6eeaf92c55b32e0ce2ccabed5,CLEAR,DAYLIGHT,DRY,IMPROPER LANE USAGE,2.0,49.0,2.0,2.0
02b090158486e13492f36ab1da1c5aa18d7040592a75c00b9d96a0c7b1f18edf94dcc91764b94132a9bd5d32efcbae21bd5efe47f64e327810b30052382c9734,CLEAR,DAYLIGHT,DRY,PHYSICAL CONDITION OF DRIVER,2.0,46.0,3.0,3.0
02b0af708899c04b85b054e038fd520f78fc7309f2db7f044cc971740fb4ffca16a9eabdc54f03c9786752311a4a12da77fe84cb1e78f2f69bdde02e8a14b6cf,CLEAR,DAYLIGHT,DRY,FAILING TO YIELD RIGHT-OF-WAY,1.0,43.0,2.0,2.0
02b0f425693698b88eb079117cfdf0b71463dad4ad6d631da885ef106123d34fe0d944d1252036d8cecd70eea770215730ac04c6fbbd270fcbd7182d201f99d1,CLEAR,DAYLIGHT,DRY,FOLLOWING TOO CLOSELY,2.0,30.666666666666668,3.0,3.0
02b125bee9b78c274f093ebe5c5a9f2e6bc46841521a36f49c506e6967e09194f66eca44e96360e1b421d8fd7b01216b3f6ca11c12500f0b128ca4f754ec7f09,CLEAR,DAYLIGHT,SNOW OR SLUSH,IMPROPER BACKING,2.0,49.0,2.0,2.0
02b1528d152d25879682ed9419451aff2c11a5e27dbb6bfdfe3df59ee3b412b7e6fed9effdc9f5466267db30aac82bbe8bd30e927d7b7c9599ffef908ff86f6a,RAIN,DAYLIGHT,WET,WEATHER,1.0,31.0,1.0,1.0
02b1576254247295e86ebdd480e0b080b0e64822808c479f99ad4434c58ee9d9f2396a2e1779b3e4601f53c0c1ade9f33cc213ab7845472eeaef30607e06b678,CLEAR,DAYLIGHT,DRY,FOLLOWING TOO CLOSELY,3.0,41.0,3.0,3.0
02b1725bd625111d254513fc0fc5feefb00e581d9b88f0cc53dbe4aceb8d7334ee945ce549032d8bd42c0598f1aa24635ab32bbe615daef9330e1f1093b3fd3f,CLEAR,DAYLIGHT,DRY,FAILING TO REDUCE SPEED TO AVOID CRASH,2.0,63.0,3.0,3.0
02b182ecfb1931ef40c06dc54402c21c504c534dbc85b97baafe9a2368a3557be8f02440004b1e62f15d1bbde9dd60e23ed60ad24d02baa2042ef8abc35ed619,CLEAR,"DARKNESS, LIGHTED ROAD",WET,"DISTRACTION - OTHER ELECTRONIC DEVICE (NAVIGATION DEVICE, DVD PLAYER, ETC.)",2.0,20.75,4.0,4.0
02b1ce341faa72e99f02160c62fffd5c57b0cc781b492c6108a3be4efe8d40fc5b445669a1380d0b2b48c19ff73a40d5fa28eb83492bfebc59ce6bb66f7dde74,CLEAR,DAYLIGHT,DRY,IMPROPER TURNING/NO SIGNAL,2.0,24.0,2.0,2.0
02b1fc01ee61f831f4ae24bcb221a2c72872cd45a2369895b77ca37f2cfd5d4b6b60669dbab4863bab7190d21a195885948336c53a14b69ccf737ac608a325b3,OTHER,"DARKNESS, LIGHTED ROAD",WET,IMPROPER OVERTAKING/PASSING,2.0,31.5,2.0,2.0
02b210bfaa99e98045edb91dc134d133fddff7156a01cc9dc2c7c3382c7fe746d294b214fb36afb968f322a7e6fabcd1a38088c8ef92e470d1bdcd7fc17a317a,CLEAR,DARKNESS,DRY,FAILING TO YIELD RIGHT-OF-WAY,2.0,54.5,2.0,2.0
02b218f0fbd441e02ff6ab87aea295ce4bfe369597c274bc16130edc6f2027ea79ac2657e4a3546dc3f0a5a18e3120f0e81b09a2d7e4fb27bf1d5cee017c8d88,CLEAR,DAYLIGHT,DRY,IMPROPER TURNING/NO SIGNAL,2.0,16.0,5.0,5.0
02b22066bcfbb195e39695f8b6ce57850b95e32d8a96b28898f2db84e52c71a215c59aef0483f56518c99da5f283938c9b623eb19286f41b2adcab734301a1fd,CLEAR,DAYLIGHT,DRY,DISREGARDING STOP SIGN,2.0,28.0,4.0,4.0
02b2371a8a6fe35046ce3dc512c9be72fa70fe290b33d984d26c2093f9bace3ece96a61878ba2c356667d5dba992eec0c63b73934cb8271f493fadc1b19aa4ee,CLEAR,DAYLIGHT,DRY,IMPROPER BACKING,2.0,24.0,2.0,2.0
02b254159f6d7c01b9706e18f2940656d79978142f5edefd154662d202e848da006380968f1dc1a7bf17d0b762f5805f002c72ff0b4b81578d6f13fa46cbc716,CLEAR,DAYLIGHT,DRY,IMPROPER OVERTAKING/PASSING,2.0,51.5,2.0,2.0
02b2a795013cef39764a747953cced43a3b7db4159dc0ba09227b42956be7afdc5ccd2a1905e8b73d6ae8d4a5e1ea1e819a0a147c2622a83b9aa02142f15f0a0,CLEAR,DAYLIGHT,DRY,FAILING TO YIELD RIGHT-OF-WAY,4.0,39.0,6.0,6.0
02b2ca12c9b8702eb0a31619ff12860901a5e02bf584d17292bedbc09feda9261bde4a747d70f59750aa388b3a974d1dcf76770e204961655e623442e7ee013b,CLEAR,DAYLIGHT,DRY,DRIVING ON WRONG SIDE/WRONG WAY,3.0,36.666666666666664,4.0,4.0
02b2d632310a625cd07e23544407b901add89a8ca72e963174bb2507ced56d7cbefe84c4b887157aabf47ca9078e29e65d5523356e2fd43ae933c6e189a6725f,CLEAR,DAYLIGHT,DRY,IMPROPER TURNING/NO SIGNAL,2.0,25.0,3.0,3.0
02b335cb8ba45dc4e0e39348ef7e5f099a4edf125f99492d9a53590e0a91c8d19359f670acb1827385058c823c1c8836c03fca0cb649f1d3dc8d3673c24372ee,CLEAR,DUSK,DRY,IMPROPER LANE USAGE,2.0,22.0,2.0,2.0
02b35792110092971b30e9981b6f30dc78712d47c18667a0ef91a57883657ed3b519c690d6e5bb7d12ba0207293a200d2d119ea64127a05927d24505d5920674,CLOUDY/OVERCAST,DAYLIGHT,DRY,IMPROPER OVERTAKING/PASSING,2.0,27.5,2.0,2.0
02b357bd83101751c15033723890aa97bf16afa40c2748435c7337ab97ba56ccc2a11876141277abece2c6faa51202c3684e3f1f42f08eca36fb3f45bdf22fad,CLEAR,"DARKNESS, LIGHTED ROAD",WET,"OPERATING VEHICLE IN ERRATIC, RECKLESS, CARELESS, NEGLIGENT OR AGGRESSIVE MANNER",1.0,37.5,1.0,1.0
02b3784c66daf3314bb473c3d5f08e9d9f1eb2ab1dd70d703ad0adedbc837c505aaf871e6e4a1a547fa37acf357758bb279314493714483e0282028640c4f98c,CLEAR,DAYLIGHT,SNOW OR SLUSH,IMPROPER BACKING,2.0,37.5,1.0,1.0
02b4517604d19269dae73442b6f5ae0fbd04081b23ef32cc60532aa85149360616cf844a982b8ce7c1f26c7d2cab1740a03caf7a51a8b7b096fc5c7a85a372d8,CLEAR,DAYLIGHT,DRY,EXCEEDING AUTHORIZED SPEED LIMIT,2.0,0.0,2.0,2.0
02b4539a830f18efcb41a24bf8353ce2673c9574a009914b6b55595c7353169aa35adfd92e21b8225ab96ee56b3236ab7709d7f3f6f462e584cbad36d4414eb9,CLEAR,DAYLIGHT,UNKNOWN,DRIVING SKILLS/KNOWLEDGE/EXPERIENCE,1.0,37.5,1.0,1.0
02b45a9f616edaafc5aa208f54394d5d74e84cc4b91b15414e557a3566a8973dab6c359839aa2168969532bab8f54283cd9195176d7a4fdb005af7b5eeb34e6c,CLEAR,"DARKNESS, LIGHTED ROAD",UNKNOWN,FAILING TO YIELD RIGHT-OF-WAY,3.0,30.22222222222222,9.0,9.0
02b4650a419c734af8988c7fd734e2713d2fed7fc2b3a536d102af11992e0995ed535600263dafc54dcaf8b133ba096e4a975655b5822a4bd06d1b1ab2f66455,UNKNOWN,UNKNOWN,UNKNOWN,DRIVING SKILLS/KNOWLEDGE/EXPERIENCE,1.0,37.5,1.0,1.0
02b476d2893e327ab46cd785faec477e1d2db21dbf4a44a961fb493364f179fe5b373f038a564014ce3e42ab2e63bc2098d75108edce77cf411ff93d523c6952,CLEAR,"DARKNESS, LIGHTED ROAD",DRY,FAILING TO YIELD RIGHT-OF-WAY,3.0,31.6,5.0,5.0
02b48d6e25741e24aecbe3ea95abeca6a0834128c99ac8da466c179fcc177fc91b814858226181f0310aedfb48d377fb3f6deb5347a4a5faafbcca8b223c54a7,CLEAR,DAYLIGHT,UNKNOWN,FOLLOWING TOO CLOSELY,2.0,26.5,2.0,2.0
02b48f8b7e4cb1bc04ac67a45db4507138c0f27a8e4c7a8fe56a5e712aad7292ca1676ecaf04aee93345d8658ca934f953181dbf7bde6959ddde562c398f7600,CLEAR,DAYLIGHT,DRY,FAILING TO REDUCE SPEED TO AVOID CRASH,2.0,37.5,1.0,1.0
02b49116d00b34ad449bfed08d7fbdc20a2baf6173254f2145ac56fe9937d629bbdcfb601163e262f972d83739cb32aa0f414a69725647aa5960e29c096e71ea,CLEAR,"DARKNESS, LIGHTED ROAD",WET,DISREGARDING TRAFFIC SIGNALS,3.0,44.666666666666664,4.0,4.0
02b49dce6552d9ab3feee09922164429ec7612fde917225e4ad464a469e30777be2db3916aa9038448003d35afcb1e96d1f6603f0f0e6c4aab1b1f5b79cf72a2,CLEAR,DAYLIGHT,DRY,FAILING TO YIELD RIGHT-OF-WAY,2.0,37.5,2.0,2.0
02b4b9abffabccda00ebd14dd33509b021a8a9ace5561be4bbc83a88424600c5ef7d81560423ccb8c38f6f02a7e443a422673e6c6b11c25413b36d384c7c6e48,CLEAR,DAYLIGHT,DRY,ROAD ENGINEERING/SURFACE/MARKING DEFECTS,1.0,37.5,1.0,1.0
02b4c554d5277bcb31e35dc1e9f2eacfbc0b5e867cdf94fa6f67a4b845d7394ff88700103b77de32aacbcb51ba986bafda9c798b458bd966e8d96d4a61e3fb67,CLEAR,DAYLIGHT,DRY,FOLLOWING TOO CLOSELY,2.0,23.75,5.0,5.0
02b4c9746da3f130794f0f8ae79d94827659cdbf25856eeca8d22c94d4ee8ab3e24c01e2d803712818ff1bbe1744bd01f941398126effc24069432ba3cfe7f4c,CLEAR,DAYLIGHT,DRY,FOLLOWING TOO CLOSELY,2.0,32.0,2.0,2.0
02b4ce581e64fc6b9f0c84c7db20b16b1f6ae924f48911c444d33601ddf3d8a7a078c48d9a2c3e323632a8ca9fc38cd1c64c024e32b126c48211569782acd825,CLEAR,DAYLIGHT,DRY,"OPERATING VEHICLE IN ERRATIC, RECKLESS, CARELESS, NEGLIGENT OR AGGRESSIVE MANNER",2.0,37.0,2.0,2.0
02b4d985be4a72985cc286a7679e8a83d6f40aa5ab9660f94999c0de3159208242bd35cb6b9abfe06394f23777c87985e9fce3cde4d62934b7dec1af5d729718,CLEAR,"DARKNESS, LIGHTED ROAD",DRY,DISREGARDING STOP SIGN,3.0,53.0,1.0,1.0
02b4fb68fea47d460d68d0d2351900d400f512d6bb044ad5a844db3c24734ee2071253841b878f25efe28159dc90562423e841cea6c9ea43b5388733957caa61,CLEAR,DARKNESS,DRY,DRIVING ON WRONG SIDE/WRONG WAY,2.0,37.5,3.0,2.0
02b51ce50e51536f4241f24074f707bd1e8eb1469f8f64c8277de0e848dbff89c32b00a147cb24081478a95205066df93b1ffec865ea56f548265271af7eb64e,CLEAR,DARKNESS,DRY,DISTRACTION - FROM INSIDE VEHICLE,2.0,44.0,2.0,2.0
02b534c6f05cf832fe11303a4de5aad7952947a60fb50cde4ab7286fe78a4c420ac59bd9698752e903507dac51f405a2ee63474084a8e5db22af033b3fefb4a6,CLEAR,"DARKNESS, LIGHTED ROAD",DRY,FAILING TO REDUCE SPEED TO AVOID CRASH,3.0,18.0,1.0,1.0
02b55e546e2b2ca52d6365eb1dc7fb9a196c57041acdb358ab0a3656992b931563b4486134060bc19df2c21e7f38a27cc51f690d1ad0d150b035504dae070eeb,RAIN,"DARKNESS, LIGHTED ROAD",WET,DISREGARDING ROAD MARKINGS,1.0,25.0,4.0,4.0
02b55f1b6411e4a5ba279e3272c03dfa9f6ac84170daf9e16eb164f75316bb3469710ada10c22143eef6c2af525522340747dde404070c887ff23e482f9b3db9,CLEAR,DAYLIGHT,DRY,FAILING TO YIELD RIGHT-OF-WAY,2.0,41.0,3.0,3.0
02b562fc920366e72dac808f18d930224e246c1ae4c03211031f254e15d012eb8b8e6562cf1b1b8f7fca2c2b0a96a1625e856f63e28f1f06d90920d6a7c16a9f,CLEAR,DAYLIGHT,DRY,FOLLOWING TOO CLOSELY,2.0,64.0,2.0,2.0
02b57940a59501fac1fe0b6d43547bc0fcf83c9a066717fc890c33a41192b60064056bfd76254be2bb29b8495190d5dd161e2d20550655192922e8ddeba8a38e,RAIN,DAYLIGHT,WET,FOLLOWING TOO CLOSELY,2.0,33.333333333333336,3.0,3.0
02b597fdc9408047b2dd31251812af6e1da4e811077e2ad17af1c3240718ae08e704cc1eeffb5ec28d19626abc42d1018f19c9d8ee2415533994450d76fb88cb,CLEAR,DAYLIGHT,DRY,DRIVING ON WRONG SIDE/WRONG WAY,3.0,45.333333333333336,3.0,3.0
02b5b6c2849a1316594dc7f5d7c3b00da48ae5f69ddd85a7a8920571fecc5227eb685699734d4863e63ec326e4f02f471548df872639d53b9ebe8ffbde4d56f3,CLEAR,DAYLIGHT,DRY,IMPROPER TURNING/NO SIGNAL,2.0,30.0,3.0,3.0
02b5ba95a2f04e30044fb29e64079b4b00667b4e6974f1c2539bfccc631a632ac27f284d0a4811fde8d9ab33a2df7e1f942162d78e436838f4a774d2668269a1,SNOW,"DARKNESS, LIGHTED ROAD",SNOW OR SLUSH,EXCEEDING SAFE SPEED FOR CONDITIONS,1.0,37.5,1.0,1.0
02b5cac16ce3d4831551a5d937adc152d4c7c8c33aa75396d6d7f740d08c01f88c962122744e8af3f6c8d018501c9028b0dbd60e844929d2f96c474232374b03,CLEAR,DAYLIGHT,DRY,DISREGARDING STOP SIGN,4.0,32.5,2.0,2.0
02b5f2f1cb91de527ef162f217362611a8b4634ca73372b9ba055a4711d5573b366d9a69f877cd2c79997fdebee4bc580b8bee4581e1fc6f29d07e06a003719d,RAIN,DAYLIGHT,WET,FOLLOWING TOO CLOSELY,2.0,39.5,2.0,2.0
02b5f9582608605ba2ef630c61639cc6a46b2a78ca246e952fc145780d83948a5d73f87cc1c08ebd852545459d77bc3461494f12999650c2480d138c8c2c9efa,RAIN,DAYLIGHT,WET,FAILING TO REDUCE SPEED TO AVOID CRASH,2.0,40.0,3.0,3.0
02b623c83e05e583ef079fde51155bbdb3240617e77853e6121fe62e48bd5e035940a577935586d03a904799f08a02751ae4bd9d9f210340673ad2beec88d65d,CLEAR,"DARKNESS, LIGHTED ROAD",UNKNOWN,FAILING TO YIELD RIGHT-OF-WAY,2.0,37.5,4.0,4.0
02b62689f51abca03fd3e575bd8794930a79684db63c44dca7be869caa465d8a01d8b9caef977fdbc8be884b879fb982d14fcd9c4ce88a4adffe09651c440205,UNKNOWN,UNKNOWN,UNKNOWN,DRIVING SKILLS/KNOWLEDGE/EXPERIENCE,2.0,31.75,4.0,4.0
02b64f3aa839ad55772e083193315e04534f26bc111b6e7e3648543f461525e0e2abf38124448d7268dc71fc590c248f8d5ccf4b3ef73aac881339e1b26a15e2,CLEAR,DAYLIGHT,DRY,FAILING TO YIELD RIGHT-OF-WAY,2.0,64.0,2.0,2.0
02b675a5789fe4f9863b631dccd761b234b7798c95c341900205010b615f060827273c74c7b3c555e212a82ac7e387f362db3424b2931df4c0b9a79443c73473,CLOUDY/OVERCAST,DAYLIGHT,DRY,"OPERATING VEHICLE IN ERRATIC, RECKLESS, CARELESS, NEGLIGENT OR AGGRESSIVE MANNER",2.0,41.0,2.0,2.0
02b6770a27a0fa74d99176ac2effb31cffa278585bbeed8fa16ff97fcffa252723bbbb09e5525ebcacd7b9c92bbe008c79164ba4bd028557bdc1ae184a4bed78,RAIN,DAWN,WET,WEATHER,1.0,21.0,1.0,1.0
02b6839862d45e39595e87811c7c7c3cf9d41873e5360fc950432e4d70fae41eacdd3dcf06f48c22cbfdc07877d7828ba5da380ced51fcb1789d8fe4c717fdc8,CLEAR,DAYLIGHT,DRY,DISTRACTION - FROM INSIDE VEHICLE,2.0,46.0,3.0,3.0
02b690338599e0c06a4784677743956f78382247c0aa2b049712ec190ccac9074fa0d61a6e6193897abca9fc19977ac9901e516242b4c472a8a01f0cde5189db,CLEAR,DAYLIGHT,DRY,IMPROPER TURNING/NO SIGNAL,2.0,37.0,2.0,2.0
02b6a8830f0b1b6e5a18d602cb8c908d72666865e6e6aa91d92a6ebe066324026b2d0efd8227f7e71d42834a3ab131bc4b51bba3d206b94b7d332949696c92d5,CLEAR,DAYLIGHT,DRY,IMPROPER OVERTAKING/PASSING,2.0,47.333333333333336,3.0,3.0
02b6a9f3922d8970ececdd305f277bd06f9219982f1f2bf14fc17fb4a4aefb910b7480af78c6c5573779c65964d2f533cd992b9ef5875954b18e82e5bcaf148e,CLEAR,DAYLIGHT,DRY,EQUIPMENT - VEHICLE CONDITION,3.0,41.0,3.0,3.0
02b6c5a35ebd640b35005b6caa6367870da90ff81109a9fddb6316d897f0ff7341a92c51755cc1bac6f782aacfa7984e6e191e35045e2f6cefeaae0cc35ae6f0,CLEAR,DAYLIGHT,DRY,FOLLOWING TOO CLOSELY,2.0,63.0,2.0,2.0
02b6ce089a05f5143ffb4687f3fcfb1b7d102f5c4aec44f7616b74ba2c61c9728a8c6c1bf7c9a5c63cea639d1cb245e3280d212b980f55c824ad426082d063e1,CLEAR,DAYLIGHT,DRY,FAILING TO REDUCE SPEED TO AVOID CRASH,2.0,37.5,1.0,1.0
02b6f1586a833e68d42981380600b2083637199bf50cf20f61ca87bb0de3a4f125c751a94b1832339ff74c45c0bb482ceb562855ee70be3708dfe58dff1114e2,CLOUDY/OVERCAST,DAYLIGHT,DRY,DISREGARDING STOP SIGN,2.0,26.0,2.0,2.0
02b708968f0661f27096394dc09496e8f1861e15f11e5ffd928bc803c82af45edff285be63ac8aec20b484e230e8ef80d2d2794bde5a04f842f3464baefa4ce6,CLEAR,DAYLIGHT,DRY,FOLLOWING TOO CLOSELY,2.0,56.0,2.0,2.0
02b7106dd39b7d41ae0259811c32b068db388dde8ad67abfd4e4b204a9b482cd88e111e7449c102a3b5907d9cf21e7b967b05cdc7a532dff8cca51b7d68f0e04,CLOUDY/OVERCAST,DAYLIGHT,DRY,DRIVING SKILLS/KNOWLEDGE/EXPERIENCE,2.0,77.0,1.0,1.0
02b71297e2238140c3541a1a699f9a1939f5f479ceca1f179ffd4fed94a0d2e71cb3665f06fec24dd21e09e15d01202ff98e20fca01b8be135967eede95128ec,RAIN,DAWN,WET,"VISION OBSCURED (SIGNS, TREE LIMBS, BUILDINGS, ETC.)",2.0,26.5,2.0,2.0
02b7143db13551316b3dc21a3c28d89ea48d88b19fccda78d9d4c77ec230a1777f6b377a7df7752d398e6479b428a5971871bf9ec8c2783462e899291e872400,CLEAR,"DARKNESS, LIGHTED ROAD",DRY,FAILING TO REDUCE SPEED TO AVOID CRASH,2.0,22.333333333333332,5.0,5.0
02b7269288ab7edd479e854afed2e06ccb03ef05284e724a7afb2b59b21db46e28ea75ce44cc16407c97574abf2ee428b3bcd8cdd9a34b90873f2aef6ace6641,CLEAR,"DARKNESS, LIGHTED ROAD",DRY,IMPROPER LANE USAGE,2.0,23.5,3.0,3.0
02b73f82550e1cbea9b3cfb0b4245593d35150048fd93cbc3eac26a78aa2887c26ab3b77c9e6a8ff590c688c74da8a6b6c0a9ec26c7af6b1a2ee0ba42ba70b32,CLEAR,DAYLIGHT,DRY,IMPROPER TURNING/NO SIGNAL,2.0,45.0,2.0,2.0
02b77309b2d645feca8a42db9e864e646369c08d4677336cd9b89b5db6cb31d31d9d006908e85e75bff71e2e63777763354bffa3ceacf3b53b4f3925b6202858,CLOUDY/OVERCAST,"DARKNESS, LIGHTED ROAD",DRY,"EVASIVE ACTION DUE TO ANIMAL, OBJECT, NONMOTORIST",2.0,37.5,1.0,1.0
02b7a24181603c177ec38cd0e1439fe9e80f23200d91da46c0917da8b49e086171cd124095ba6140056969689369ae0c8c2d373457887df0393b7cd887922d70,CLEAR,"DARKNESS, LIGHTED ROAD",DRY,DISREGARDING TRAFFIC SIGNALS,2.0,33.333333333333336,4.0,4.0
02b7ae0b292a09ffbb5d871df0a678e7ff0a8a0cc4dd98e65ede284d04748911da4db72c85123311d8d3fd3c215d78f2a19c1127fd7abfd505d558deb66f0ae7,CLEAR,DAYLIGHT,DRY,IMPROPER TURNING/NO SIGNAL,2.0,65.0,2.0,2.0
02b7c42d3bbffd50a17f659812c02e38f23251737a5315b9b886d8c5af3001f7949be22f1aafdd15df555eae055efb6eef17885a01eee89e1689ad5344f797d9,CLEAR,DAYLIGHT,DRY,IMPROPER LANE USAGE,2.0,32.0,2.0,2.0
02b7c75188484baedad3bc6d433bda4775a0f5174a0f6a087e06d96907e46dc774a8402c00f2e70b8fe67982482c598643caffac524b9098784566316f0e536a,RAIN,DAYLIGHT,WET,FOLLOWING TOO CLOSELY,2.0,30.5,2.0,2.0
02b7d067ebe40efa1703c5d4c0dfe44fe2ce53ddea6f2a6f6b5557180890ea349bf8b93115910e090ef058684ec26658f7045ebe482053cb4168fa9dd3471a3a,CLEAR,DAYLIGHT,DRY,FAILING TO YIELD RIGHT-OF-WAY,2.0,34.333333333333336,3.0,3.0
02b8546fa817454764cc60085e4ca851b607cfbf99e5364046b50a0c0532b86464daca1f98d958e25e25c7b9dda71667f3a9b77e1be75c7fe7393d9c42985a51,CLEAR,"DARKNESS, LIGHTED ROAD",DRY,IMPROPER LANE USAGE,2.0,25.5,2.0,2.0
02b88c574eaf3632b4f139bcc13103b57e8fde4c07255829bdbb2641dcc81e141a510bda32046a43f245f54c75c26502a9246a8d31d01fd2b40167b76c43d10a,CLEAR,DAYLIGHT,DRY,FAILING TO YIELD RIGHT-OF-WAY,2.0,66.0,2.0,2.0
02b8b04e46fe69e599e1f0d309ec0f1253d10cd064a90f8aa9651137b50c47c6f2b9a1e637144048ef433d8f893ce1d35d6d85da027725dd9db95cdbb3fd786a,CLEAR,DAYLIGHT,DRY,DRIVING SKILLS/KNOWLEDGE/EXPERIENCE,2.0,51.0,2.0,2.0
02b8b1a974c63bb7c440db5f4e5c1ac1514d756fdda471e26c3545f0b706266d164201aa2dd94e73de852156aa6b7a9e9a4db95e399a4c5bafeb21fe78ee9064,CLEAR,"DARKNESS, LIGHTED ROAD",DRY,FAILING TO REDUCE SPEED TO AVOID CRASH,2.0,38.5,2.0,2.0
02b8df750e1d156e53bb081b6cbd12c8b29f6f25dfbe42b7c73d69d1c834f50cba320a335dfcefaa9c32b1b135a709f6a2dd1d15153f986d132065080d4e383c,CLEAR,DAYLIGHT,DRY,IMPROPER LANE USAGE,2.0,40.0,2.0,2.0
02b8ebb71ebf6e9ea7a96003bd23fda3252b33fbf0382006f36f99b2be9f41a6f4b00638195bebb6b15d0dc88fad6eb5324659e40701918e8f6f50d948f87f00,CLEAR,DAYLIGHT,DRY,FAILING TO YIELD RIGHT-OF-WAY,2.0,48.5,2.0,2.0