crash_record_id,weather_condition,lighting_condition,roadway_surface_cond,prim_contributory_cause,total_vehicles,avg_driver_age,total_people,total_injured
02b8eef120dfed45c7cc37ceb6e32f10143c2fefb5b1d0ec9252389bf9aec110f89bf3d7bd64129eaf8a30b81b5839d2462a04dbaadec976cd31ac992dbb255e,CLEAR,DAYLIGHT,UNKNOWN,DISREGARDING STOP SIGN,2.0,48.0,2.0,2.0
02b8fca045cb3195afee7dd0274acb1839eda835fbd967b66ca96d252d726bb3317f418dea8810b4a9a1f8d8b4964267d124730f806b6c30bfe383b8c9890dfe,CLEAR,DAYLIGHT,DRY,DRIVING SKILLS/KNOWLEDGE/EXPERIENCE,2.0,53.5,3.0,3.0
02b8fda6217e90ec612f595d832a36a746f366ab2730d56927b66e1549c674856bd71a31374b4e841708e51f2960a90377538bd8b2892f307dd56cae21506887,CLEAR,DAYLIGHT,DRY,UNDER THE INFLUENCE OF ALCOHOL/DRUGS (USE WHEN ARREST IS EFFECTED),3.0,27.0,1.0,1.0
02b906e27e6cf59be8fa618f3fbb10fc2071de157a6928ca1fda4a18f0eaf2b95cb8e56b14a9213e7a6130860ae5adde8924a3e804d7dccb1bcd34a4c54f507e,CLEAR,DAYLIGHT,DRY,FAILING TO YIELD RIGHT-OF-WAY,2.0,37.5,2.0,2.0
02b9136cb7f94b301a585af37af235f5ceea884d83fb61b95e98d7c718c927751dbd85b0c8324d605cb51144be1d9c3152c1d4ccd38e3658f8e7eb4b93dde998,CLEAR,DARKNESS,DRY,IMPROPER LANE USAGE,2.0,49.5,2.0,2.0
02b95991b7ded8531488453554bc604868cf5a8ee36633f8edff990e81bb44f7d06f931d247bfeb996f6c4e5e7a697cc3dcfb8670c803b4834203d15dbf7ae8d,CLEAR,DAYLIGHT,DRY,FAILING TO REDUCE SPEED TO AVOID CRASH,2.0,44.5,2.0,2.0
02b98e6cef9201810a81459aaaa598b1fb17ff6f5ef93392dda35f6dda1d5bc5d89ee92c7a9b0e0eb6c39a42a8183e62185f0ef2715f23afed41e30349c3913f,CLEAR,"DARKNESS, LIGHTED ROAD",DRY,FOLLOWING TOO CLOSELY,3.0,35.0,3.0,3.0
02b9bc39ab0e3bd5f6d1d09cef98f5cfa716046ab6b64517e232a98cac9efc0748e412d1bac981e7f4199a5d98ff4adc9f4e0b5e4d8432fa69b19d295ecb7380,CLEAR,DAYLIGHT,DRY,IMPROPER TURNING/NO SIGNAL,2.0,38.5,2.0,2.0
02b9d0d26cd8e5a1d8b0e2cec0a33c770ccda6869331896d6f00f11daa829a138146db35a19d5badbe8e512aa1523ab5ec9d2162ccd106fb815d0a229c605f48,FOG/SMOKE/HAZE,"DARKNESS, LIGHTED ROAD",WET,DISTRACTION - FROM INSIDE VEHICLE,2.0,20.0,5.0,5.0
02ba029a41e36f55857707f8102e1b558e6b4340461371a47d471a1a73d96b583d3d17c8a088871e6378c8b3a392ffc4d44df6ef8b62b43fc14790edacd9b22a,SNOW,DAYLIGHT,WET,FOLLOWING TOO CLOSELY,2.0,30.75,5.0,5.0
02ba1b91e311696189aacb9df56ea5b3ca547ed9b7be3f799e9d6f4e59bb30719f2f678c9638f35e26892ced32a6da2a2b5090c82bdda0034036d571e98727d4,RAIN,DAYLIGHT,WET,FAILING TO REDUCE SPEED TO AVOID CRASH,2.0,32.0,2.0,2.0
02ba206c8f5f134de5b87525529974b6c3e58d25a4ce6672527403e9ac56d67745c577b57e6036971ef40a533d5d429a2b9f25d738d144ddaeafa411c9ba93f3,CLEAR,"DARKNESS, LIGHTED ROAD",DRY,DRIVING ON WRONG SIDE/WRONG WAY,2.0,22.0,1.0,1.0
02ba338f7684d60f26fe555da1d4eed118611abae69ac8a43dd2005df996d0ad71399dca388d7f09f45d35b4905a1f3bb8c7b3d6f97a9b550beb62cbbbfcfb22,CLEAR,DAYLIGHT,DRY,DISREGARDING TRAFFIC SIGNALS,2.0,26.75,4.0,4.0
02ba4822113d7c456718954c42c03b3a74f90e8e3e5ae19404b488655505c13d38be98307358fc73dab50a14d361764496ceb0aa9c56c1283abcfedfe9452c7d,CLEAR,"DARKNESS, LIGHTED ROAD",DRY,FAILING TO REDUCE SPEED TO AVOID CRASH,2.0,39.0,2.0,2.0
02ba56a643e9d7041fefd0b8616d0be768cc865f98b15e5f19c7a6da383785f09ca2efde340ad43a991397e30bd28a0ff6692357a320bc67643a86e206c7e198,CLEAR,DAYLIGHT,DRY,FAILING TO YIELD RIGHT-OF-WAY,2.0,25.0,2.0,2.0
02ba6d8c71a8f604694fd959649cf0f956055c395df2299b69ebc64fa4af77d1341104228c5fe2187898cf0c2520f3021483f1571315b85c004618e60da7988c,CLEAR,DAYLIGHT,DRY,IMPROPER BACKING,2.0,27.0,2.0,2.0
02bae1c175701119f37b4ed490eda36ed2affdc99baa72970e7f5a9d5033ded76ff06c2fadf8260eae3db1a44401de1e5aa09a95919553f704e2e3c4c647f164,CLEAR,"DARKNESS, LIGHTED ROAD",DRY,FOLLOWING TOO CLOSELY,2.0,64.0,2.0,2.0
02baeae834f12bc6bad6b29da34422a1518c66cbbfec0e46dbc59e791b08489acd0207b9a0d6f15c691598b95ddab9bfd3893609d1b0f974ed6a1d60ee081ba8,CLEAR,DAYLIGHT,DRY,FOLLOWING TOO CLOSELY,2.0,37.5,1.0,1.0
02baf72d120a7066955c94d08db7f1f4d1da1febe80891482e83e25c82e571899fac2fe12fba7d4271e74ae892468a1a5509735f55fec5de82c2962752c1b3fc,CLEAR,DARKNESS,DRY,IMPROPER OVERTAKING/PASSING,2.0,41.0,2.0,2.0
02baf7937779e0f9ea19a2fbe592a340599b321dec7c7979407e6130ec1934b3ae947f55938471b84822062275b851675858e54b7647e846a0d5223eda8b7fbf,RAIN,DUSK,WET,FAILING TO YIELD RIGHT-OF-WAY,2.0,26.5,2.0,2.0
02bb25fbb50b72f22ea969974a9f45f50be8251ea81836aee215ca9c8dd1f2186cee6d1d606a78106ae39e7cc2bae03aa17e617916842f5849344d6678123977,CLEAR,DAYLIGHT,DRY,IMPROPER OVERTAKING/PASSING,2.0,33.0,4.0,4.0
02bb2977327e7eb15e102d0debf9343792279bbd098cc877e2d0738c4ea43fc408c318d5446cd2e91360818cb544788f66ee47bad35971ad620254160e994402,CLOUDY/OVERCAST,"DARKNESS, LIGHTED ROAD",WET,IMPROPER OVERTAKING/PASSING,2.0,37.5,1.0,1.0
02bb479282db521c0e2710e83c332acb11cce52a134be112ef4fb66574686ca16d6a0d9d8098978548ff153eb7c5e2ecd81b1d54932751742f38d18675c05ebc,CLEAR,DAYLIGHT,DRY,FAILING TO REDUCE SPEED TO AVOID CRASH,3.0,46.0,4.0,4.0
02bb69ec7f4b041f929ed9ce3d20c19e9839ec1d1ad1cc3166a907f928492255c0f03fc42790e58a710989cbc871dca32d42c89d6857c03acd4ec0820df00d58,CLEAR,"DARKNESS, LIGHTED ROAD",DRY,FOLLOWING TOO CLOSELY,2.0,36.5,3.0,3.0
02bb79723d5debd8e8a21eaff9bff282a43150210e954d9752503ffb50b725056944207ca6bf77b460b6301cb5f757f39a32e408361496cc9c3fe6ce8b95e250,CLEAR,DAYLIGHT,DRY,DISREGARDING TRAFFIC SIGNALS,2.0,23.333333333333332,3.0,3.0
02bb9165bdb4dd7a9440960793dc0c6b66414d6c5a129c9a0d973c24c08c26f99622eb62d8ad2296e85057a19d4a45851a4857cdd57911766a89bcb2c8169210,RAIN,"DARKNESS, LIGHTED ROAD",WET,FAILING TO REDUCE SPEED TO AVOID CRASH,3.0,30.333333333333332,3.0,3.0
02bba34103d2b2ab23172848208125c9fa85cfd672daff5eebc6131835f05c47ff14a508561bcf2be50f1c23a5ce10e78ba40e44de843d71fe9150e4aa9b83c6,RAIN,DAYLIGHT,UNKNOWN,IMPROPER OVERTAKING/PASSING,2.0,32.0,3.0,3.0
02bba58b0fc5cfb15e69f1d5f7129bc0ca71a36cdcaf7922e91361f26622310cd79a595d40eac00147c4b2aa96df8e3a19094eeab9f1e0694c8db1e4da7edd89,CLEAR,DAYLIGHT,DRY,FAILING TO YIELD RIGHT-OF-WAY,2.0,42.5,2.0,2.0
02bbc2c7ab5ccf2773f7432a5e1b9680447fd9f1606083000d6735997dafc34196a70d69b576ea445531da1be37b650b4161f27558b75c823754707b62ba0ef5,CLEAR,"DARKNESS, LIGHTED ROAD",DRY,IMPROPER TURNING/NO SIGNAL,2.0,27.0,5.0,5.0
02bc03b990cee33b54a992b5574c12b89ad084485f18e25302587908e02e7d1e8c63a026f5b6eb85d80034f3df5a9a0635f667b67d555a74519cb1a3d29783d5,CLEAR,DAYLIGHT,DRY,IMPROPER TURNING/NO SIGNAL,2.0,28.333333333333332,3.0,3.0
02bc3ca292cf582776d49bad5711d99697f92b3dd511e5ed4bd13cebc5ff3e6949ecfb8a930c45e099d66a1f50498e6ef12558572cc41f5274f587c3a1cae9bc,CLEAR,DAYLIGHT,DRY,DISREGARDING TRAFFIC SIGNALS,2.0,22.0,7.0,7.0
02bc42e77f0e3d1f2a10be16b0f9059f62a743643cdcb4433e730e41d1c7e2a95c30d8ececb0bc76db1d84f8e20c2eb8e3aeb91d86bde2f4813273e45a0a319e,CLEAR,DAYLIGHT,DRY,IMPROPER LANE USAGE,2.0,23.0,2.0,2.0
02bc4c8a0519a2fc4c6ac9cd01578c10ff8213d6d957b4e54c5284b0a9d31bc85a09e24375b9f2b760789f0fdc9af95d1841f036c1ac59456b62adb48832ff52,CLEAR,"DARKNESS, LIGHTED ROAD",DRY,DISREGARDING TRAFFIC SIGNALS,2.0,33.0,2.0,2.0
02bc509e016069454aa6f0f38e714d0fbd00865acbf67fef555a66daefe4f80231c135da6bfdccb48e425bcb3bb256a9aa24e728e3ddde3fba7c01251bbe3d14,CLEAR,"DARKNESS, LIGHTED ROAD",ICE,WEATHER,3.0,19.5,2.0,2.0
02bc66b1dea25d690b1444af4cadf1b3b56aa05392cfb87e9b8c31cf36f1a481b46e5199532dda8de0f441f6072ffda21dd4c7b173a8834f6e765f1ebec0c8d1,CLEAR,DAYLIGHT,DRY,FOLLOWING TOO CLOSELY,2.0,34.0,2.0,2.0
02bc6b97b140381d301cdf23bb51b36222e5a302c14e22529844e62017f2a213ed00f6ec4059b3a76658b28abe01882c679cdc51a828fba5980eb10c868e62c6,CLEAR,DAYLIGHT,DRY,FOLLOWING TOO CLOSELY,2.0,0.0,2.0,2.0
02bc70d559c26523eb34fae31bac67e80fc418d5e97743e3b87b00f8783d0b51e6424e6a3a3018d2479e19754f9f617c3912034feb94f0f11272836b6fbee08b,CLEAR,"DARKNESS, LIGHTED ROAD",DRY,DISREGARDING STOP SIGN,2.0,65.0,2.0,2.0
02bc9449fbdcac53f47a7d9fa26ff9ad25352172134bca07472eca8b968f23813442a2e679dafc22203190e3211ea2e407b760ad6cc4a62dbedfe5e0227de336,RAIN,DAYLIGHT,WET,IMPROPER OVERTAKING/PASSING,2.0,31.0,3.0,3.0
02bca7f09a7fce3036947dbf558ee3d5eaa42a0dfb3b7034d16fb83b16afdb66fde022d54130d45cd9ac89e97ff904ac5fe2bcd3cad2de988d9a6baac482a6cd,RAIN,DAYLIGHT,WET,FAILING TO REDUCE SPEED TO AVOID CRASH,2.0,37.5,1.0,1.0
02bce354541fa5b33d6b1f55b8b909d4215c84add48298235a88d04a2079c17899e075017e6ad97bef66772c968d7b025f4263979822d7f7e4c5dc2b9111773d,CLEAR,DAYLIGHT,DRY,IMPROPER BACKING,2.0,28.5,2.0,2.0
02bcf70afb5c24cd56f549cd8e95b56a75f3f83c434cf6a3d5b1dd83cb693a08d9730e42c593fee39314fb32600bc28e0f70e3e9a4f568fedfd10dd46f186ff3,CLEAR,"DARKNESS, LIGHTED ROAD",DRY,FAILING TO REDUCE SPEED TO AVOID CRASH,2.0,47.0,2.0,2.0
02bd058b8d82dff570889565065c5c8ebdaf15b8011708f8e35b740bd5813dae5e9635eb9f5d98e5da1765e71fbc60c165d6bd1855c61e79bc19ebf5ff175bb5,CLEAR,"DARKNESS, LIGHTED ROAD",DRY,IMPROPER BACKING,2.0,71.0,3.0,3.0
02bd13fe7ddf60b1afd10d6c1e4749370150a38fde5ff81be57b0a3812009974ee0cbdc38241c2423ababcde15d82232e6c18616d7aa75a4770b76f3916bc156,RAIN,DAYLIGHT,WET,TURNING RIGHT ON RED,2.0,29.75,5.0,5.0
02bd4b930e43ecb7ad45e6c2eecc671cd7c5b1afea5bddee1c8e317ca324cc110d653184c47be1221df26722dcdcdf6087e3d633d61e23c8adabb6a5d2b1759d,CLOUDY/OVERCAST,DAYLIGHT,DRY,IMPROPER OVERTAKING/PASSING,2.0,31.5,2.0,2.0
02bd5dab64ad7f180936a4320229df7a738caf6c7084cd6feb0a60bdcac7f2a6defa22530758518b88ff809821b458996887dde59d75499649f15f1934f579c9,RAIN,DAYLIGHT,WET,FAILING TO YIELD RIGHT-OF-WAY,1.0,45.0,2.0,2.0
02bd9ae7a9194e5d869c348e3781494528719b6a4507973b0dc78fd665a008bc7d31dd68b26abb16f8940caf8d43756da9b1eaee78f85affb3805b74fb1cb5f3,CLEAR,DAYLIGHT,DRY,DISTRACTION - FROM OUTSIDE VEHICLE,2.0,37.0,3.0,3.0
02bda67c1b106f14eb4c5adcd2fafec777897bad5b638c718c3055cd7d86911322d328b7508d31b27b5b67aa1f61298c6a21263257a40c8a0bc1ca6acf7c3b39,CLEAR,DAYLIGHT,DRY,FOLLOWING TOO CLOSELY,2.0,24.0,2.0,2.0
02bdaafa107458a1d50b7ad45f38e9b684e6b24e52b005c55372ecfb4f64adedc5f1d282631ad6153e2d5328478cb5f95d9bdcc24c6747d16dabc33ce1f78feb,CLEAR,"DARKNESS, LIGHTED ROAD",DRY,"VISION OBSCURED (SIGNS, TREE LIMBS, BUILDINGS, ETC.)",1.0,49.0,2.0,2.0
02be08c367cfddb85e6c2cc6c97dc6c0a4ee9322ca781a226d804e32367c79ae66c33d9a6eea4cd47b17ec957fb533459251871635e59da1b22bcb5b4dbd7740,CLEAR,DAYLIGHT,DRY,FOLLOWING TOO CLOSELY,2.0,49.0,2.0,2.0
02be1985a27b55ae5aa32c06508cc5bb495947190bc58dd157a03ac2d69647cf81c4bdc073422da0c52141a02cdb152aad1457c2396bb9abdea3b41f21258138,SNOW,UNKNOWN,ICE,FOLLOWING TOO CLOSELY,2.0,50.5,5.0,5.0
02be21beffcba5f09210c758f15d8b0eff4ceed95689c2f2469a4d78a6f40ab978b8e49e32632221a66bf39a8566c6fcddb90b12e4d484feabfd75ecf2916c5c,CLEAR,DAYLIGHT,DRY,FOLLOWING TOO CLOSELY,2.0,39.0,2.0,2.0
02be4a5857fc9fdc195d806c6f9b9021f18189ac001996db7ba84545fd21e77c190e34438e591c06ec967d18e6b7b038b44837e494ff3033886e18a0b1b3b9f2,CLEAR,DUSK,DRY,IMPROPER OVERTAKING/PASSING,2.0,40.0,2.0,2.0
02be50e7ada28aaaccc9723e731267cc1ae7d91b372b13c0cd3f3c40e3e1ab32557bccdd1751f9052a55ad19d6e47238a251fd78429d2394ef5bca824e86d352,CLEAR,DAYLIGHT,DRY,IMPROPER BACKING,2.0,33.5,3.0,3.0
02be76295288ff813ca1bb0dea086e44f2dec6f03cadab80562c3f53858d05c909d968f90d6403b18e487866c8991a4032b28eae39a7fcd10b2aa78e8d15b7a6,CLOUDY/OVERCAST,DAYLIGHT,WET,IMPROPER TURNING/NO SIGNAL,2.0,54.0,2.0,2.0
02be8aa67ff85f8e03736d6c1b817775afaab1853c627c56714caecf7d59196827233613d89b85b967dabcc48c2e006aa78b04c991b5e4dbbff50a477dd4d63a,CLEAR,DAYLIGHT,DRY,FOLLOWING TOO CLOSELY,2.0,31.333333333333332,3.0,3.0
02be91ba5a7d976debbe50de013a961bab1a312b15986bad8591c26581b55dd3606e59cbde1aac6fc4aee91372a9347b9ac1969b2b670c06b65f39c443239fc5,CLEAR,DAYLIGHT,DRY,IMPROPER OVERTAKING/PASSING,2.0,24.0,2.0,2.0
02be9ab7dfea20d39592f99265cb3fce3df1090c43bdb8fa23c04330b08c684ae5b9a641d29b7bdf04ba7547c5c888f2d6bdc08b17e64b3aa3c28f4b6f4c42cc,CLEAR,DAYLIGHT,DRY,IMPROPER TURNING/NO SIGNAL,2.0,46.5,2.0,2.0
02be9b5950f86c16ab188799bfc0781216536668536194d673c80fd36026a7862a4ce1b24cfbb9fff88509c36ab7651d863eada73232870ba42e4729799576f2,RAIN,"DARKNESS, LIGHTED ROAD",WET,FOLLOWING TOO CLOSELY,3.0,38.0,3.0,3.0
02bea4ca910a627fac1d7d17bb2ee8a43b29c9671c1858a7044bab1714661a5cfa96f48f3d6185b9af5ad65e552f92074e704413d1cc71a80f8cb0a9599894a2,RAIN,DAYLIGHT,WET,WEATHER,2.0,56.0,2.0,2.0
02bee466fbab5ff9111750e1d2a342507efc999e553feaaa2475785d0ff4d80c5bcd161ed8abace60d564b514ed8d77f4c1d45a3a808ab28b709da4584e5ff13,CLOUDY/OVERCAST,DAYLIGHT,DRY,IMPROPER OVERTAKING/PASSING,2.0,42.0,2.0,2.0
02beeed11a571695bb18a0af3384c4307c4fcb9ca62091d81d4b8eac80a2bbf03a2ecbf14f24987d30db02367ace5f06352fd09d2bbcfd2d2e8a0f5488313c1e,CLEAR,DAYLIGHT,DRY,FAILING TO YIELD RIGHT-OF-WAY,2.0,26.0,4.0,4.0
02befaa8dc6e16623c0863c5dc8fc41a8e08ee6e8863e565802593c22b1e094625d79d969c42e2f15ea66d61b0dea6df0213dfb11dc9a87a8309bea7502a3a38,CLEAR,DAYLIGHT,DRY,IMPROPER OVERTAKING/PASSING,2.0,27.0,2.0,2.0
02befb2584c37b7a2db8c1081a3697d7f807034774ced251ea5afebb6b600e550cd74fe86ddba58edf7e764a7ee21e4f60c4467d31fc9986fd8ca92834d5591d,RAIN,"DARKNESS, LIGHTED ROAD",WET,WEATHER,1.0,37.5,1.0,1.0
02bf17c0c023fecb34cfeb14bba8aadee51df625d5405eedad4d50244f04a7971f0b05364087f8ba31773356d26f4b2283462fca19ee45b6d29ec6745242b732,CLEAR,DAYLIGHT,DRY,FAILING TO YIELD RIGHT-OF-WAY,1.0,25.5,2.0,2.0
02bf25890d0fd03ed7674fcee9f023c18b3aef17c2c6007be8894361cadc7442638764087e1e532d2303de1731e6b65964af95526dd54c86a2e0d98d2c27c442,CLEAR,DAYLIGHT,DRY,DISTRACTION - FROM INSIDE VEHICLE,2.0,41.5,2.0,2.0
02bf2b969fcb2fc466a8d982dfd1a6efc63bcfeef45afaeedfb4a14224ec1cbfe04d2154a20ec14235060957a0d6cc2a16e08a9904e5458afee945b7d2af9097,RAIN,DAYLIGHT,WET,FAILING TO YIELD RIGHT-OF-WAY,2.0,20.5,4.0,4.0
02bf78d3f89b52f451c499905c32df5623762c648f7b39e5120fd2328d86b98732d4d18d223782e8a852cd1f65436f5d0f42e57495804c965290642d6c9dc096,CLEAR,DUSK,DRY,IMPROPER LANE USAGE,2.0,67.0,3.0,3.0
02bf99e1704c1ee0c88f52b1508bee9b00ecf6d3e96e048fd0da2674e417fd9a5e24853a48965b0c4a61265542fa4d636496e08955e1964c2d2d43ea09279475,CLEAR,"DARKNESS, LIGHTED ROAD",DRY,IMPROPER BACKING,2.0,33.0,3.0,3.0
02bfa038f7b3a73c2114cc0bf9834eb9c89765fdc149fa56eaf36dd9fff07690710964deffb3ae361a24e24d86ad1076def601ec67293b5c4e4129557be2acb4,CLOUDY/OVERCAST,DAYLIGHT,DRY,IMPROPER TURNING/NO SIGNAL,2.0,40.0,3.0,3.0
02bfd6c4c8444a0d7586a7898ab31ac9b92f73cffbf43d7e6bff32fa67d80f24e5b7b4ca913f65ed5445a85f7877c5d353361c4a504f678ad66c5b7c1143aaca,CLEAR,DAYLIGHT,DRY,FOLLOWING TOO CLOSELY,2.0,34.0,2.0,2.0
02bfe855735e92f6763cd389cc70787d81576b122c0a080db578c4dad9131d441b7a1e23d3a551f8261ea13c5f6752b532d10d46caf3f6f4946848ab6b5dcb02,CLEAR,"DARKNESS, LIGHTED ROAD",DRY,DISREGARDING STOP SIGN,2.0,42.0,3.0,3.0
02c00136c8989d0d6a8e682b3a26937b7b8ab8161c8b33ffc39f77a205cbc9778c1a5a45126c824bf0696f72da778c8fbc50af0f05054e82c3298ca4b093a87b,CLEAR,DAYLIGHT,DRY,FAILING TO YIELD RIGHT-OF-WAY,2.0,30.5,3.0,3.0
02c00645391185f28238964ced36906e12801c824376a0c90746115805a53d034d703d1f7d33f0917ec2c3def33ec5ab0d8e93e6e6d1f31f48ce5cdec2ef4176,CLEAR,"DARKNESS, LIGHTED ROAD",DRY,IMPROPER BACKING,2.0,71.0,1.0,1.0
02c01c8c3aa212d3778f0c716cc78c4cc85c295bb743b353634c07d534744b38ee6f616c4bb51a98e5dc634415d57167e588f5330117c53009a02d01c5e27392,CLEAR,DAYLIGHT,UNKNOWN,FAILING TO YIELD RIGHT-OF-WAY,2.0,34.5,5.0,5.0
02c020c8eaf6f4d95cdef5675bfd3fbdc57eb87ac9c08d6611c1933c16c88d48d0fc31225d3e53bd7c731627dc443f734aba278e7a1306125dab2f5e1a60af1b,CLEAR,"DARKNESS, LIGHTED ROAD",DRY,IMPROPER LANE USAGE,2.0,35.0,2.0,2.0
02c0351ba82c60a8365c1773c2303b8dcb1788a089b9c6ce7edeb742d22f41c5d2637ef26e9244abac16f982333361fdacd24fae0f67f7921b7afe7bb38b642c,CLEAR,DAYLIGHT,DRY,FAILING TO YIELD RIGHT-OF-WAY,2.0,53.5,2.0,2.0
02c0b3009b9c6699fc8c565de24512274dd2f5ccd1698b3f15c4f098206e9d7282a86d161dfc8a42474c602a21201ef034b7700b343526a5f7cf93fb7da9b617,CLEAR,DAYLIGHT,DRY,IMPROPER BACKING,2.0,37.5,1.0,1.0
02c0e29c2b73390a686d48abd5be2204db0a088ddecec7e224c537b59a7529f4d03127d96a2030918e6e81f362a96e0fe7a37b6c14359e36f4712750e2c5ddd3,CLEAR,DAYLIGHT,DRY,"OPERATING VEHICLE IN ERRATIC, RECKLESS, CARELESS, NEGLIGENT OR AGGRESSIVE MANNER",2.0,37.5,2.0,2.0
02c141a309012f03ae2dbf2b0fa94aa02bc29caf7bdf57dda2cb206e6e2335e10eaf2590518aedc5f5290b2b0aa51b564d7cac4fe9e1f3fe66e024fffa2f9741,CLEAR,DAYLIGHT,DRY,DRIVING SKILLS/KNOWLEDGE/EXPERIENCE,2.0,59.0,2.0,2.0
02c170a888d209953bd2b290080091c2aa2e22d5d741493e4306fbce24937fe2e2a3ebb134a09a9e89f35f13951fd0929542654509e9df1df9bf057926d829ad,CLEAR,"DARKNESS, LIGHTED ROAD",WET,FAILING TO YIELD RIGHT-OF-WAY,4.0,30.5,4.0,4.0
02c1a5f195ab89a5c1dcf9f4724791cf45b93457a8ef38f50c8e660b101d11b233ac079bba60a59e6a885ceab8c3c5c101c4d2d46b197199d7e69c5654ddf855,CLEAR,DAYLIGHT,DRY,FAILING TO YIELD RIGHT-OF-WAY,2.0,36.0,2.0,2.0
02c1da33fc8c964d57f1862f0227ef87471e415e2476777d425e5dc87dbcdc25ecf7a228918615dfd59a92acfed8c3a065057daa2d00bf73ab13b609a6ff34b9,CLEAR,DAYLIGHT,DRY,FOLLOWING TOO CLOSELY,2.0,48.5,2.0,2.0
02c213dea3b23e7ca15503ad36088b646d32a04133e103b6bdeb70cea6d993889be48bbf3f4cb5acfa131488c822382b067df528288df01c34e6a6cce8db0c46,CLEAR,DAYLIGHT,DRY,IMPROPER LANE USAGE,2.0,31.0,5.0,5.0
02c221c8bc39583562a459cf7815708749c74340782af7cab447bfa585abd682284639e1dbddff3e1b4780c62f642f9b2b0e2adc536bb35750bb5bd95eb5fe51,CLEAR,"DARKNESS, LIGHTED ROAD",DRY,DISREGARDING TRAFFIC SIGNALS,2.0,20.0,2.0,2.0
02c24df036e2962e775680a2b9944615330d98daf1fa148e982d15ab15db4933e9924b7002d3d7b3ab095a2fc07c6eb2e0f52e3ac045e735caba74ddb0485146,CLEAR,DAYLIGHT,DRY,FOLLOWING TOO CLOSELY,2.0,31.5,2.0,2.0
02c24e373d4d61bd5a55bde45811de838edc7a20ff12ad798aa8918b5641f40f1199296e7c9e56eab391975a50a9967574c5813ee611b8d9c4537696ff853f87,CLEAR,DAYLIGHT,DRY,DRIVING SKILLS/KNOWLEDGE/EXPERIENCE,2.0,46.0,2.0,2.0
02c25b77c8dd11ac69dbe4e8577d7cc1aab729a4f2ca152f8d36b51d240bf74bf4e5ee20f875e37bce191f2782e9a7cfc1edf7216e6c00e75cc3d508080e489e,CLEAR,DAYLIGHT,DRY,FAILING TO REDUCE SPEED TO AVOID CRASH,2.0,37.5,1.0,1.0
02c28b396137b6d9f15c26a78e672dd825f5a934254b5e38cebddc38b3f37f3d178cb45ca0908943abf61fe69278bede9b9ced99f5299cf292e713af467a16b5,CLEAR,DAYLIGHT,DRY,FAILING TO REDUCE SPEED TO AVOID CRASH,2.0,61.0,2.0,2.0
02c2ac25914ba5a5e11e92cb3b747a0f35eaa75189637dc1d2034df06f6b144bd5bc40eb1853e4dd769e6d999203717a5a2b1d8a5f5f2d5844056b4f9a77b0e4,CLEAR,DAYLIGHT,DRY,FAILING TO YIELD RIGHT-OF-WAY,2.0,38.0,2.0,2.0
02c2b839eca1d5c38a7367a4dad5d7db9f192e31db4916c984b65f7465f6f9561b7b51f8f3e9d35757ddb38ddcdf16156cd599d4d540a616eaa4c1206ef2e5bb,CLEAR,DAYLIGHT,DRY,FAILING TO REDUCE SPEED TO AVOID CRASH,2.0,32.5,2.0,2.0
02c2ec0e777f3e7620155839eb1e7cd2dced367d1198edb3af4ff6205927290ba2edb20680b3ae26f5af20f121b9015823742cdc1bf62ed6ed64c30e9c587c47,CLEAR,DAYLIGHT,DRY,FAILING TO YIELD RIGHT-OF-WAY,2.0,31.0,2.0,2.0
02c2fd7d3aca0222564984fd5b8fd6d7250c87e08bfe027425a079e057d7e60c44b1bc32542cdb97c118d3ff1846db763c01014cf276b83280cc8c158d3a28af,CLEAR,DAYLIGHT,UNKNOWN,IMPROPER OVERTAKING/PASSING,2.0,44.5,4.0,4.0
02c33a0c4b7d29f9c6aa030f323170d0a062e35a118d7ba7a9a1f242b6822e2d50a0d10cf907575504357ee921b1b823b98a7755827b8d0276be5623e4348fe5,CLEAR,"DARKNESS, LIGHTED ROAD",DRY,FOLLOWING TOO CLOSELY,2.0,28.0,2.0,2.0
02c37f9a585275388502031666f10b22f68923f932d2a543c07ed16d7e3bff20a434c0e9aebdabd062fcbba5e36bafef6653a067ca13b15aa9e4a4ec84b13952,CLEAR,DAYLIGHT,DRY,ROAD ENGINEERING/SURFACE/MARKING DEFECTS,1.0,37.5,1.0,1.0
02c38aaee38ee356a188086c69da8fc288590e68b0a5aad73c599a5271437b9bf40f8160bac547a6fe8b666989dc28d5ba88b78137dea6659987beac646c5e87,CLEAR,DAYLIGHT,DRY,DRIVING SKILLS/KNOWLEDGE/EXPERIENCE,2.0,43.666666666666664,3.0,3.0
02c3bca929f4f82e09779dda07e8f15d91b72ec0269f10e067214cf1da5bcfad6de549350e9e88b6b1e6772d64016a5adfd05dbbf302300d1bc800e85faec474,CLEAR,DAYLIGHT,DRY,IMPROPER BACKING,2.0,37.5,1.0,1.0
02c3ce989a8ecc35e93cc9ffb33de2dc2b36d7c9e09a631a1a3244717492daf15713f3736ab3fee261dcc4f7e8fd6a586a451b9c6623cd1404476af17dd57232,CLEAR,DAYLIGHT,WET,FAILING TO YIELD RIGHT-OF-WAY,2.0,54.0,3.0,3.0