crash_record_id,weather_condition,lighting_condition,roadway_surface_cond,prim_contributory_cause,total_vehicles,avg_driver_age,total_people,total_injured
02c3e85ee19a079cb87b6fe56a54b54c18f92effb055837dccb4fe35b273441efc5cfe497f4e0f5983b335154c238ad0adafc96b94db8674d0ce4758b4960b78,CLEAR,DAYLIGHT,DRY,DISREGARDING TRAFFIC SIGNALS,2.0,55.333333333333336,3.0,3.0
02c3f71c2782db6075b6ad3ca7a1142029ac51d704e1dafee98d9bfede1fe20a79481c2a46eedb6928cabea85b9bd44183153f52818438e393683aad934a170d,CLOUDY/OVERCAST,DAYLIGHT,DRY,IMPROPER BACKING,2.0,37.5,1.0,1.0
02c3fdb360c10b372748f542d44d48e9bb29fe3c4effb898bf80d7c51df8a4fe98dd9d599facf15719cc3ba03f58ff9a03cb7aa1659d391d57940157b7a7f359,CLEAR,DAYLIGHT,DRY,FAILING TO REDUCE SPEED TO AVOID CRASH,2.0,38.5,2.0,2.0
02c444ab414632f9360af0caecac36f60b6876686a6ac040228dae5221f9efa0cb9ca9b5a1b946653fe70bfdb01839d8652f9897cd4fc6da07ff2e3e77da245e,CLEAR,DAYLIGHT,DRY,FAILING TO YIELD RIGHT-OF-WAY,2.0,22.0,2.0,2.0
02c448ef04ac30675170dd6278f5203eec01d97c8c6231d7100e5b926df8cfbbb2d3bbb6aa14fd0b83e905d799d37b7108c1e25a06dc9d4e8fff23c0c9acb5d4,CLEAR,DAYLIGHT,DRY,EQUIPMENT - VEHICLE CONDITION,2.0,79.0,1.0,1.0
02c45e695a779132540dc3fe2d600f09a326df5c15ea8d16349e28b421a2e1a0be2238c2cb86183ee2ed53a4cbdaf1323e5edb5f57fb2e946676af3830fa1674,CLEAR,DAYLIGHT,DRY,PHYSICAL CONDITION OF DRIVER,2.0,25.0,1.0,1.0
02c46e260dd950e12870bb8c9078cd76164d71b1bc3c5e1652758ad6bdb6e659415656386b66ebcc70d2ec57f62350f4bd5cad335b0038ccbd5df8d272fd0bc6,CLEAR,"DARKNESS, LIGHTED ROAD",DRY,"OPERATING VEHICLE IN ERRATIC, RECKLESS, CARELESS, NEGLIGENT OR AGGRESSIVE MANNER",2.0,60.0,2.0,2.0
02c4863dfaab0db7c6511537ceaa9a1679f6c2a309a9c828cb34f6ca3461e898d8b4acd5915f493b066b4c2b77c3a49a0a72cc81583ff9cdd3266d20fcffa506,CLEAR,DAYLIGHT,DRY,PHYSICAL CONDITION OF DRIVER,2.0,16.25,4.0,4.0
02c497946167ca3a8cc4ce118291dd09f985755e552d4d5859b0dac81283ddd2a9c2e2744ad23c8a30d0f146f5625bab188f223671d6d5a10ccf55387db52449,CLEAR,DAYLIGHT,DRY,FAILING TO YIELD RIGHT-OF-WAY,2.0,27.5,2.0,2.0
02c4d895ccbd92991d6e081d553f6013c5cd10c31fd2453f5c417dbca0e97c852ce306e16cfc4c727bdc7c62fad66e66a6bb6aa90d2811378ce373c898e23ac1,CLEAR,"DARKNESS, LIGHTED ROAD",DRY,IMPROPER BACKING,2.0,37.0,2.0,2.0
02c4dc503430a42fddcd4d81f721819c923b86045bed8aeb946862fa2b4b01404dd8552bc565d73f3a10d9f33812d9d4ac02f54ad40a5a524746b3b18e7a1f9b,RAIN,"DARKNESS, LIGHTED ROAD",WET,FOLLOWING TOO CLOSELY,2.0,39.5,2.0,2.0
02c4e0888b4200ac84267f4fe18b2b4e01e1f741bfb45da9ef28d5a0c3e12d2867898f4817ef951884cf8bf076f44cca831be63cf97593c81e6bdc288eaf670f,CLEAR,DAYLIGHT,DRY,"OPERATING VEHICLE IN ERRATIC, RECKLESS, CARELESS, NEGLIGENT OR AGGRESSIVE MANNER",1.0,37.5,4.0,4.0
02c50a898a731a5d5f8a989d632a1df36448fd77e2f5703e171223caa16d7235b1bba9a7dc977043335872279c0c8ca09f8cebfaef23c519f4cd2fddbcff4edf,CLEAR,"DARKNESS, LIGHTED ROAD",DRY,IMPROPER TURNING/NO SIGNAL,2.0,33.0,2.0,2.0
02c511aaf153c67a33f711039d6fff1f4acbab568a994d4d130bef1485f9522d0250667f9633639f28d1d8ae0a02fe95487bbf4b1303a5589cf8765ad63c9431,CLEAR,DAYLIGHT,DRY,FOLLOWING TOO CLOSELY,2.0,67.33333333333333,3.0,3.0
02c56c76c4fc2a96e98c77b51ac2958f9209008db74f563a7704f1da104753451efc2d98edd52052b33fc228bb7d36f0fe5462d428086b7f40f3d6d1b64cf688,CLEAR,DAYLIGHT,DRY,IMPROPER OVERTAKING/PASSING,2.0,43.0,2.0,2.0
02c58a02cc22b824bb063ab1b35d411a4d7dfd747e4987a7eb74354d3640d98d5aa755ebb90cb346a0abcf02a110ec271f31d7d6d9e76118a88e8ab541ba60dc,CLEAR,DAYLIGHT,UNKNOWN,DISREGARDING ROAD MARKINGS,2.0,37.5,1.0,1.0
02c58cec7502b49c47b1a21ff27a7bc1a2ec07cf62246bd26cd9c64f04f0ef1e1eaaa1c97b57b4188ff123091cf70bed981e08dd0895e059fd88d02ecc26b5a2,CLEAR,"DARKNESS, LIGHTED ROAD",DRY,DISREGARDING TRAFFIC SIGNALS,3.0,35.666666666666664,4.0,4.0
02c596092d398ecfe902a9ae50e50ed3e0c912a006404b87b6be6942475d60724dab3de84c0d5afc154e9d0b7fec8979ae7cb30e54c62a8e1745ecfdd51bb586,CLEAR,DAYLIGHT,DRY,IMPROPER OVERTAKING/PASSING,2.0,79.0,2.0,2.0
02c5e352c88f175addc2985780e57c206b6df00d1b343d22bc4299ac5e1682082509e55e3049b6fbb39e871fad6288e6018ff55fdbed43c5d0ee2ed3ff65c9c1,CLEAR,DAYLIGHT,SNOW OR SLUSH,FAILING TO YIELD RIGHT-OF-WAY,2.0,27.0,2.0,2.0
02c61362b725fc344423be1ea91c7242cd8a2e7f18d48b563d54eb7d9b9758d8e2797e2e346c82c827abe8ee7e7e933c69987d0000a0c83ab1bee999a72d80e7,CLEAR,DAYLIGHT,DRY,"VISION OBSCURED (SIGNS, TREE LIMBS, BUILDINGS, ETC.)",2.0,49.5,2.0,2.0
02c62963e80fe4e426d9dee622be8e6312132edb927682256c714c5e1230f6c472ff73748e1d65bcae314e03961ee706d6f3c62fe4dc45d6f9d9dec56c2b4a3f,CLEAR,DAYLIGHT,DRY,IMPROPER LANE USAGE,2.0,22.75,4.0,4.0
02c63aedb916da7db1fa2155384b18af9f747f0a4c718d291682b3a3693f91c5cb458c9ab2a70aea390331bba2bc2e859ff8b76fe8145b0f167da1395d1258b4,CLOUDY/OVERCAST,"DARKNESS, LIGHTED ROAD",DRY,FAILING TO YIELD RIGHT-OF-WAY,2.0,41.0,2.0,2.0
02c6726919e567559010048852e9af356a6f7dcbf60c62da8e2acbfa7451b7f1d487e027359425c290e3f19614455d68fea1b4834bba5058d7203fe5ac2a590e,CLEAR,DAYLIGHT,DRY,FAILING TO YIELD RIGHT-OF-WAY,2.0,29.0,2.0,2.0
02c6859640e520ba97d50bb12f79082d19703950c992df8c84ffd88640f436d78d8ce8f9377521fe182fb3f35b96c00a89bc1bef0cad956346a9bb09aeeb6811,CLEAR,DAYLIGHT,DRY,FOLLOWING TOO CLOSELY,2.0,33.0,2.0,2.0
02c69a8e453ead9fc07094b9c3b5be976f9d248ff543db7e6836d4b4487fd473a12a4e5b839471f202cf3746dc63ca0c40a28ff97e1532b813e6ebfeb76e4ffd,CLEAR,DAYLIGHT,DRY,IMPROPER OVERTAKING/PASSING,2.0,61.0,2.0,2.0
02c6a769e22ee7abb895ac67ee89c5c295896a8ad03754bd4e9da0e001d0b2b699915f9467b7ef1adef4f3e50c645c4106beb19ec190bc29e5c2c55356c2fc72,CLEAR,DAYLIGHT,DRY,FAILING TO YIELD RIGHT-OF-WAY,2.0,24.0,2.0,2.0
02c6adb5d347cd65b94da9613069b9d570fbcf071bea024468cd6d095308ba168c3e730e9c30552157ee2f96eeec3c4e9045a52744d5ad35a12db925898aab49,CLOUDY/OVERCAST,DAYLIGHT,DRY,IMPROPER OVERTAKING/PASSING,2.0,50.333333333333336,3.0,3.0
02c6dcfcdacbbcf4500e5d7616d0e8c4ef757f8ed6ed6cea42ca9255f098d984fb0cc60885d1bda553b3df2846b6bae8e4fb76f3cbd43db64d7fce0d94486765,CLEAR,DAYLIGHT,DRY,FAILING TO REDUCE SPEED TO AVOID CRASH,2.0,37.333333333333336,3.0,3.0
02c710bcca01cddc98f87ecb1136085166addc349f7d352fb528f3c324541345b47d26bb32596784c5f0df73316804f52acb8f43df9ad6ebe998aadcaf608c15,OTHER,"DARKNESS, LIGHTED ROAD",DRY,FOLLOWING TOO CLOSELY,2.0,26.333333333333332,3.0,3.0
02c74172806dbbdbc985d126248b0fc41f1037ef2d767eb45df4478f6e42b9f97e57c8eb90d12fb476642f5243eacc8199a27f4d4ef996ddc43f543ce4e25ac5,CLEAR,DAYLIGHT,DRY,IMPROPER LANE USAGE,2.0,37.5,1.0,1.0
02c75330574a48857045eceb12ec8cd986bdcbbad7ce22eb62de4251b616c14b7b670264a3b29fd98d7f1dd41883341a488293981e9752bfc2cf5e25d7909f18,CLEAR,DAYLIGHT,DRY,FAILING TO YIELD RIGHT-OF-WAY,1.0,25.0,2.0,2.0
02c754b5a8f5335f280431f4783a5af1981ff0b08af550b92c7a79c6a4d342d54fca856afc748223f613bd18d765b6176fe265a7377df0e8eaa9564daef14be7,RAIN,DUSK,WET,DRIVING SKILLS/KNOWLEDGE/EXPERIENCE,2.0,30.5,2.0,2.0
02c79ac68a169c2a4381cffee2e413d3c27245419d9829a86d03ec336822bd2d6f14692b6dd220b0c644e58992e57dc57c0d6d7b9d93480b4fd0200a762804b8,CLEAR,DAYLIGHT,DRY,FOLLOWING TOO CLOSELY,2.0,26.0,4.0,4.0
02c7a58b5018859a9d44a64f4a0cf4ff5f087208df2efb3976cdf613e244dde7cf8df8c465ea8dd07742ebf8b683a613fbb7ec7ca966f5dae3d93da19674dbb3,CLEAR,"DARKNESS, LIGHTED ROAD",DRY,IMPROPER TURNING/NO SIGNAL,2.0,37.5,2.0,2.0
02c86efb71c7caba190b01242764349ae675284db21700f7a3d1f2d000f2660a77974797a04356b42c1a9bfaf53ee0edf4cf745489922558ebd26565e68b6a1d,OTHER,"DARKNESS, LIGHTED ROAD",WET,EQUIPMENT - VEHICLE CONDITION,2.0,58.0,1.0,1.0
02c87a5c06c936bb7a4bb7ff02aeb18b2e92a5041232efb01fcc8184f277e85ab063500a109812f2e85de211d83cdfc49af257cf9e41b808720c6ebc916fdc75,CLEAR,DAYLIGHT,DRY,TURNING RIGHT ON RED,2.0,71.0,2.0,2.0
02c8869224dcd449e3711cf71cb0ec38ab2e1a2e307c9dce180521e18f5d72991e76fe0756c429c387a80938637a66bf2bf68c07f81ccd53699ed82b79dde1ba,SLEET/HAIL,DAYLIGHT,WET,IMPROPER TURNING/NO SIGNAL,2.0,65.5,2.0,2.0
02c8a87874603ff8e637573224a4fdc0357ea1808169349d2e81584ea3d555751339fa0c4181c3c28d9373d547466ddd8d8a676872e2ad605310c28d0761f0bc,RAIN,DARKNESS,WET,IMPROPER LANE USAGE,2.0,37.5,1.0,1.0
02c8a8ffeac496b0f0ca521eb3234393d25dcdcf1894690fb6f47cf0efb1533ab91f0832f1a28024aef7882b4fba25df5f65a1ebfdb53484b16fa0fe552e9560,CLEAR,DAYLIGHT,DRY,FAILING TO YIELD RIGHT-OF-WAY,1.0,33.0,2.0,2.0
02c8b8ed2aff0b9889a45c866783e2bc55dcabe8f8b91897b6d8d22cd88af93a3322d1de6d07c2e157ffb99359d3ebf4435e55f6daad04d9996328e90d713875,CLEAR,DAYLIGHT,DRY,FAILING TO YIELD RIGHT-OF-WAY,2.0,35.0,3.0,3.0
02c8d73b4d3ccae038681c6f7c6892327b108a8163821b36562ce6d865f1884b099c06168a6260ad195e190c4566bfea8feddeb36f06beb86291990f060f70ee,CLOUDY/OVERCAST,DAYLIGHT,DRY,FOLLOWING TOO CLOSELY,2.0,35.0,2.0,2.0
02c8eabd9839f7e85b5816dcec646a0326c2d7368595969c451491ddb0e0ca4cf83da59249975cda2ffed556c96d760c448a386bdc939ce044b63e232cb9ce91,SNOW,DUSK,SNOW OR SLUSH,FOLLOWING TOO CLOSELY,2.0,62.0,2.0,2.0
02c8f0f7670dc4ccd97785639349855a3875e790534f03bfcbc3a9425dbba3150f468e5771f17b10c9ad6e6dc22efdf04a24d0172ec140749588c5cae872742b,CLEAR,DAYLIGHT,DRY,IMPROPER OVERTAKING/PASSING,2.0,31.0,2.0,2.0
02c8fff0d11fe1049b4b4717996716447be672d226e99a273f96275fad6d446471940be99bb4cf975b417b06e15321a433306bf4d2322c823b24cd53af0c4160,CLEAR,DARKNESS,WET,FAILING TO YIELD RIGHT-OF-WAY,2.0,37.0,2.0,2.0
02c9002ed4db7992c6240ce3b07ad6ed41998899df2a4daf0c3a7470121518f67247cb920781476c0c9ebee171a3fac2fe227eccb64f12bf72f350224625e7a8,RAIN,"DARKNESS, LIGHTED ROAD",WET,FAILING TO REDUCE SPEED TO AVOID CRASH,2.0,51.0,3.0,3.0
02c91c9645b49ea2eaa72feb0a0c53d0e38107e471b42f15cd6f2336f2bd15c780d065e45e918001547245157e3a2f0b5fa62a06d5085029256f7c7cef2193f1,CLEAR,DAYLIGHT,DRY,FOLLOWING TOO CLOSELY,2.0,37.0,2.0,2.0
02c939f38d2bb3b6799e4e06b66c9199c09459433adf773fe3b1d3c227bea3801be186e02e0ba5ba567132323d80cedffc250fba4537a61082d5ca79a664a274,CLEAR,DARKNESS,DRY,FAILING TO YIELD RIGHT-OF-WAY,2.0,22.5,3.0,3.0
02c93d07107ff046373b20d6efd4ab3c9b56af437404d09b1d9a09e074b3d0ad2495e1719312ddd4952c2725eb4a197f570e14abf93441775c1300cd97c8b905,CLOUDY/OVERCAST,DAYLIGHT,DRY,DISREGARDING STOP SIGN,2.0,54.0,2.0,2.0
02c9405def1e00e527f327f08766ef9b4e6f956983f0867a707e8a361c0e14578705f446ccd64f93568c761033b822fe485dd096c9cb68a35ae1f8c702d9abd6,CLEAR,DAYLIGHT,DRY,FAILING TO YIELD RIGHT-OF-WAY,2.0,67.0,3.0,3.0
02c964009d4c34e7699bdbad47eaac92ca5c69b8ed9a21ab81b3f621eec57d8641085d125019a7eaa4266194e1819eaae46927aeb661862ee54f973aeac06f33,CLEAR,DAYLIGHT,DRY,"OPERATING VEHICLE IN ERRATIC, RECKLESS, CARELESS, NEGLIGENT OR AGGRESSIVE MANNER",5.0,31.0,1.0,1.0
02c98df5b395fbce4809f08a97c533bc05609aa02e08b02e213db98d3664918aa5fd978c6ae5adcfa9617162e3dfd98b3bf6ff498ab2e628226b7905f11e0717,CLEAR,DARKNESS,DRY,IMPROPER LANE USAGE,2.0,32.0,2.0,2.0
02c98e09621604818f99add914ce03b7344aa9bc778ff4a137b13eba2390b602b895105de4d5ea10b5e32c901a25fc5a508e3380531c9999965b5c1a587b8909,RAIN,"DARKNESS, LIGHTED ROAD",WET,IMPROPER OVERTAKING/PASSING,2.0,42.5,2.0,2.0
02c994f54aca443871bda03ddf3d15202bd2eae946ef005bf8684c8fdec9b4a65fad51aedeb54472d5e4a8b02c7f805e481937f9cd758e17b7b4652f9c7a7ab7,CLEAR,"DARKNESS, LIGHTED ROAD",DRY,FAILING TO YIELD RIGHT-OF-WAY,4.0,45.0,4.0,4.0
02c9a4addc561056a15561f8c5331afd9807e31f7c473e299a2f43a973774bb5b714d0721999d77e7dcbdee19f4f903da83d72e20234d9c9787b1792bc94d311,CLEAR,DUSK,DRY,FOLLOWING TOO CLOSELY,2.0,40.0,2.0,2.0
02c9e3273431340634acdbe5c35c3b0db3d412bf05148199d914fc1edada9d1456208e6a687b3cb1ca4abb8b10704c27ad9ccbe1734eec187022c2e13e986a9b,CLEAR,DUSK,DRY,IMPROPER BACKING,2.0,44.5,3.0,3.0
02c9e52c328072a90de69f3dbc0f0a72f1582866eca07a922d799902b6c4aed486aa580f6576ee3289f9c93320cc23e7faf74c86f60a2bc4387b940da562afb6,CLEAR,DAYLIGHT,DRY,DRIVING SKILLS/KNOWLEDGE/EXPERIENCE,3.0,39.0,3.0,3.0
02c9f815271d5a139256fc0ef7b67750cab540331435a736e3f3ab8ca12c6ff57ab991a357abfe6fcdf84b1dad7c3dd604a756d49012235c2f2eb81dfd6e14cf,CLEAR,DAYLIGHT,DRY,FOLLOWING TOO CLOSELY,2.0,35.5,2.0,2.0
02ca3dad32febdb0518328745193f57ac7417fe10a8e68bf7813773c6dc05d513aa2210a8c6bd561f22d2db28accc62b3beec4136cadddda5797220f4fd9a937,CLEAR,DAYLIGHT,DRY,FOLLOWING TOO CLOSELY,2.0,28.0,2.0,2.0
02ca5e9debe5713136fc9b0b1398c7e9ae588bb0d4b10d5d85d4ad13bae19fb4a3b052ee2fd104b67eb86a5e3e5b0e6943f1e330201fedc9b23567ffabdae8c8,CLEAR,DAYLIGHT,DRY,DISREGARDING OTHER TRAFFIC SIGNS,2.0,26.0,3.0,3.0
02ca603f7bb687e0f6d675a83cd9d2b4d0e28bfb980a7d7b5fde0da998aa0685ab753a73ec6b1e042699bc7d97ee99401cf8b55b3c6358d24addf019fc5b1314,CLEAR,DARKNESS,DRY,DRIVING SKILLS/KNOWLEDGE/EXPERIENCE,2.0,37.5,1.0,1.0
02caa018d9a847580e26045f93c361b613efdbab12fd804aeeb57c3abb468b4effb1531767a2ad4f4c1a53594b70ee00cacac24d71b1d5215a7e861d7524645b,CLEAR,DAYLIGHT,DRY,FOLLOWING TOO CLOSELY,3.0,51.666666666666664,3.0,3.0
02cab617c509efb0d277b0fd9140cba0bb3c2d808c9ff876697b300f07d041defc5706b7d6633ebe4bf83db30793cffe6b5a7d1d8528f2764c5d2b43e615bb23,RAIN,DAYLIGHT,WET,FOLLOWING TOO CLOSELY,2.0,42.5,2.0,2.0
02cac29d2ca07121270727d7539168f1c68b0712b738481cd8b93f2bd78fb34007d6f6d52988b10f95debd5f72db69444e9fd238c1b6d355d2cfa4708e8f3ebc,CLEAR,"DARKNESS, LIGHTED ROAD",DRY,IMPROPER TURNING/NO SIGNAL,2.0,38.0,2.0,2.0
02cad0527e2e4f60962380039aca6e3197cbd286d721952c7aa5ddb5df30d8dcab2388377e9e7605e56299d36123c641feec2ec8c88c2a4e5cec735c8672ad54,SNOW,"DARKNESS, LIGHTED ROAD",SNOW OR SLUSH,FOLLOWING TOO CLOSELY,2.0,22.0,2.0,2.0
02cae0a486e246e6e9a5db89290f34b0061edff1608d0fefe044a5e526467ed5bae9e1f0f7bdb8d7894e9f2954a1ace725424b7157276411d97d6666671d06cd,RAIN,DUSK,WET,FOLLOWING TOO CLOSELY,2.0,41.0,2.0,2.0
02cae53e1266057d39e59e2c62625fbbc6f2cf31c8813c8bd2e0f7bb55a6ce196a81b53920583e1e4114164800a10938d65affa81c672b0d450dd834a2b22bb8,CLEAR,DAYLIGHT,DRY,FAILING TO YIELD RIGHT-OF-WAY,2.0,49.0,3.0,3.0
02cae6103d024eda40777d51734c37e88f7a6b9c166f973d9fc5c79a835c00f626c0d28f75efe64cee251650ef4245e669b4e768cad1a9bf4682dd995176a2d6,CLEAR,DAYLIGHT,DRY,FAILING TO REDUCE SPEED TO AVOID CRASH,2.0,57.0,2.0,2.0
02cb273940d767083a6bdae669b1dbe329b3e725bb2e29c240e41a1d215d7ce654031d1478578f2922297782c133fd4fe4717b3494073eab5a1ca75cd9431faa,CLEAR,DAYLIGHT,DRY,FAILING TO YIELD RIGHT-OF-WAY,2.0,68.0,2.0,2.0
02cb3fef45817fb89607e48e4b4a1dedb15bbf9c7e7382987b914aca30908a66153b179af70dac64ccdd3e24c10c74fe1a7e918ae47604fd04394a469a77c789,RAIN,DAYLIGHT,WET,IMPROPER BACKING,2.0,37.5,1.0,1.0
02cb9cf0d34f78b9fa64490a385bdb4a3e153482b6c5883e4775dcd3b322e0f8bc16fe168334c6eb784301c00af460e2380144579212cd1430c1b17f860fbec4,CLEAR,DAYLIGHT,DRY,FOLLOWING TOO CLOSELY,2.0,60.0,2.0,2.0
02cbe46e5316ae7b76c5699cd20dfc5aa821e2cd6d2bf27caafe1613f5e443977f3ada9680d760122b4d4b05166b3226217ef878f87ba6fd9577b8f2ce1673f1,CLEAR,"DARKNESS, LIGHTED ROAD",DRY,ANIMAL,1.0,37.5,1.0,1.0
02cbefe4031becdfd02924bad7df1170a774d33bbb0f2401b16fe5e7c7418a812253b962532ec975800b95ba380b86cdf000598b6e6550a7aa097ab025470d96,CLEAR,DAYLIGHT,DRY,PHYSICAL CONDITION OF DRIVER,2.0,47.0,1.0,1.0
02cbf953c02e2df594fbfa3332b289528c0124e2eb2be4655dd448ab381619600f84bc65bbef855f18a3b8070057505794f4a3c9d8e963291e113a030e44a43a,CLEAR,DAYLIGHT,DRY,FAILING TO YIELD RIGHT-OF-WAY,3.0,59.333333333333336,3.0,3.0
02cc18f737f776f6a5887698b91878cd3a783b6670f54af58846095c296f8f0f0c9a877eec1a60268c88a9f1b42d4f00d3438239c2ea068c1be0f5c44830d116,CLEAR,"DARKNESS, LIGHTED ROAD",DRY,IMPROPER OVERTAKING/PASSING,2.0,37.5,1.0,1.0
02cc325f78fa46565e8dc81dd3a093092d56ceb39380e35305d8a1f7f92fec70f28356e58eacc616faf8b91904bbb2a8383f4490db359e93f7e8c6edb925d64a,RAIN,DAYLIGHT,WET,FAILING TO REDUCE SPEED TO AVOID CRASH,2.0,37.5,2.0,2.0
02cc328c0843580ea76db9189f2cf793a6024fca4eb10a92a7754d50df150ecf052ad58f92322135f88b49c2477b7576b3ccae141324bf43dbd6b060717c00a7,CLEAR,DAYLIGHT,DRY,FOLLOWING TOO CLOSELY,2.0,37.0,2.0,2.0
02cc38123e0f7c1f349b8cbc99a9cdb56030a15ccb4f410f866f55154ac719f0224214900a6b4e7614eda2645643a951944f2959ce03dea6cce7cf03ccc55bab,CLEAR,DAYLIGHT,DRY,FAILING TO YIELD RIGHT-OF-WAY,2.0,44.5,2.0,2.0
02cc5e3d128c09afc010d436109a4282d179f74570ee72d202fb91fad081efd7caab250012c37b44112c5367835b57f53b21852b087fab707b68f997420b1d35,CLEAR,DUSK,DRY,UNDER THE INFLUENCE OF ALCOHOL/DRUGS (USE WHEN ARREST IS EFFECTED),4.0,21.0,1.0,1.0
02cc83304c1d837315b73721231a7e8f0a42df58d90d93f977a6e7a65f83ac05f0653cb658b959801f0b0d0d75dff506cac5c51c9fd2e66ec13317de64834f18,CLEAR,DAYLIGHT,DRY,FAILING TO YIELD RIGHT-OF-WAY,2.0,17.0,2.0,2.0
02cc8f00e73794cb0d39738c1e5fef38483f51f8326dbf08eac7939144310c31a3d1092f10115be268a77c6e5b0628acf85b7d8511428f5f6d00ddb08dd9c496,CLEAR,DAYLIGHT,UNKNOWN,DRIVING SKILLS/KNOWLEDGE/EXPERIENCE,1.0,27.5,2.0,2.0
02cc983e4ab245f6b3f3bc5ceecd3b2e47d6487d99f5613158a916d50a580dffef5ddd9623a3248954f026bfb0dd3d0f7119445c34962ef78b6f45d6077d56f0,CLEAR,DAYLIGHT,DRY,IMPROPER TURNING/NO SIGNAL,2.0,44.5,4.0,4.0
02cca386e041a18031fec28c95548bfdb83f7248b72da10cfe829ed753eeac2736b8c7c1c4fc66d292f6aada5ae957a3bec71997e7eb0cee2071effb78132443,CLEAR,DAYLIGHT,DRY,IMPROPER LANE USAGE,3.0,59.0,2.0,2.0
02ccae317b9e2e30a79f5c63a79f1884056076e15131239c31c424b1bed92653b9cbfbab63a5dd5de9d17f7be42e08861f6e14d70563f67580fd5adadd04d9fd,CLEAR,DAYLIGHT,DRY,IMPROPER TURNING/NO SIGNAL,2.0,33.0,2.0,2.0
02ccc1168edc837c29a7294f1483aae49c30978fc68702559213bdf9208a257c0c0b22011717698930cb1d7a444cb6a8040795fb70ae68fe7dd1b6da23ef515b,CLOUDY/OVERCAST,DAYLIGHT,DRY,IMPROPER OVERTAKING/PASSING,2.0,26.875,8.0,8.0
02ccc42961c012c8f089b2e8ad51d79837f2a66db420893f5e90ae0cd5bbecd388bd7890571fd7f705a1ef983bf100c270a6ba94c88706db25002172ece662b7,CLEAR,DAYLIGHT,DRY,IMPROPER LANE USAGE,2.0,30.0,2.0,2.0
02ccca113c879c73960a84efcc63234b0dc75caa194ee1c0d967b19208e516db792b44b1a75b03d40ffe6fbea3de5aa088e92e7afe519d520357fe6692b9e2c2,CLEAR,DAYLIGHT,DRY,FAILING TO YIELD RIGHT-OF-WAY,2.0,41.0,2.0,2.0
02ccd26d3bb2588bf9ef994852721a1272904b24aeb2e8c6b6388dc6463b285af623975f2d8815543eb8486f58424fa49e91c5f6ca87ad9207fb02aeb0850f1a,CLEAR,DAYLIGHT,DRY,FAILING TO YIELD RIGHT-OF-WAY,2.0,23.0,2.0,2.0
02ccfd68bd2585200147383f98d1a385b5b03b5b7891b919cb9452b7ce0fb9485d0f94c6a6025a221bcbc73e9dd8f7709d9042cdd93e0c2d8d2bbbd3ad2374e6,CLEAR,DAYLIGHT,DRY,FAILING TO YIELD RIGHT-OF-WAY,2.0,34.5,2.0,2.0
02cd1dfed459ff195c7e412ebb60a9d9d411a8ac8137178003794d4d4eb3d312437adf0693469390ee22a16764fedfda14d9deb52a245c526fc4bd6185000107,CLEAR,DAYLIGHT,DRY,IMPROPER OVERTAKING/PASSING,2.0,34.0,2.0,2.0
02cd2cdce1cf2522c74a5145f9a805a493c6f05a63b81f22fbcebc0f79dd01c5497d202c73a95a5b6e062f59a02cee9bfe6b18e6258fa4edeef9d014fad6cc45,UNKNOWN,UNKNOWN,UNKNOWN,FOLLOWING TOO CLOSELY,2.0,46.0,2.0,2.0
02cd4a318025c77fd0df51496e26173007530f54b32b87485b583ccc451849ddc937900dfa6ff9bb99afc7f0522877967650d8860dd79028d881c732c2fde013,CLEAR,"DARKNESS, LIGHTED ROAD",SNOW OR SLUSH,FAILING TO REDUCE SPEED TO AVOID CRASH,2.0,37.5,2.0,2.0
02cd4e1bc3c6c16b7e5887aa41975bc87ade03baa4fca154982b7c98e068af5d94bdc2a704990ed33166de502a41be24caafee4550e632a8a8d57ef40d15b804,CLEAR,DAYLIGHT,DRY,IMPROPER LANE USAGE,2.0,44.0,3.0,3.0
02cd57da1b03942f763d62f0fcb90a41faa8428cc3a23f56214a2ce95db200af4d190650ce7cbf225ab57c4fa9be321937dc2b4d9e624086ab8215f2bfacbdcf,CLEAR,"DARKNESS, LIGHTED ROAD",DRY,FAILING TO REDUCE SPEED TO AVOID CRASH,2.0,24.0,3.0,3.0
02cd6f798d00c3f627fba1fd5655362a13cb97919fe5fb0853e6b6f5368041a5bdaa1d7afe86ecc0f2a42a5a3b21e425070b927775c502160c37ffac5f420bd4,CLEAR,DAYLIGHT,DRY,IMPROPER LANE USAGE,2.0,45.5,2.0,2.0
02cd7a900e69dc22459d604b60b36be92b8e9ddb88a8a68c170ad569bdcb326b692a3c7d207084168dc2cbcc773350a9be0cb2118a91775912458b58d502eb3c,CLOUDY/OVERCAST,"DARKNESS, LIGHTED ROAD",WET,IMPROPER OVERTAKING/PASSING,3.0,39.666666666666664,3.0,3.0
02cdb0c1d90bb6bf7658ff3d327a456dad685b1af65bd63bb08ace9819cf4a84335f9f754469361bd7fc705cf66a9c2baa8a0a77bb53ded65fed97045823f34d,CLEAR,DAYLIGHT,DRY,FAILING TO YIELD RIGHT-OF-WAY,2.0,47.0,2.0,2.0