crash_record_id,weather_condition,lighting_condition,roadway_surface_cond,prim_contributory_cause,total_vehicles,avg_driver_age,total_people,total_injured
02cdc670100794196ff01281df4a53a8e1f48b1b204d0e26c4ec385eed6a6843bad7fe3737f65b1d6fb679b17aa72362e801a20315f52a5d2ff9098c33075c94,CLEAR,DAYLIGHT,DRY,FOLLOWING TOO CLOSELY,2.0,38.25,4.0,4.0
02cdc9829f1f55fde2bd637dfcd0ce8316ec37134173b949087d8dd36901d093e8cb15866ce72cc8ff110f6ef66d68daf63be4ea88eb3fe7b08594d6902155a1,CLEAR,DAYLIGHT,DRY,DISREGARDING STOP SIGN,2.0,48.5,2.0,2.0
02cdda9f55268d3f8db77273cb326599ce6afbd5c894c9048787b6aec2cbfd03a2c6159a416f311718593146264bfe9dab4a65f2120a992bcc62f1dbe830c41c,CLEAR,DAYLIGHT,DRY,IMPROPER OVERTAKING/PASSING,2.0,53.0,2.0,2.0
02ce15ddfb3176f7fe68993040d4ea64a96e4adf8a944084d73081d39b8e6bf1cd187acab7514296567a289fb006cebe92384bcc3e4a849ba17c90ed894e6162,CLEAR,DAYLIGHT,DRY,DRIVING SKILLS/KNOWLEDGE/EXPERIENCE,2.0,54.0,2.0,2.0
02ce4b92fedf5f2b88c8cdcf12d9f0313865110124d2104c7203ec91200b78121391ee72edac65a75248efdb9ebfc116b738118d9cce9519a96798f41a0e20d3,CLEAR,DAYLIGHT,DRY,FAILING TO REDUCE SPEED TO AVOID CRASH,2.0,36.0,2.0,2.0
02ce63c75a8072ee3f5f08a3acf1e9c7c1b9651e75a4e8eb2b64155338fb5f9796021c1047af2f179bed87bbacba2b9d672ae9c1f641dbbbd75a9698305b5e77,CLEAR,DAYLIGHT,DRY,FAILING TO YIELD RIGHT-OF-WAY,2.0,19.4,5.0,5.0
02ce6718785194c4c31f15efc09dd74e2dd4c20cd9c8079c7aa23e6968e6007cbc0c7e143813ce5d2141ffc12fd0cf9b4956fab8e5e9cd4157a72fbc2add1e83,CLEAR,DAYLIGHT,DRY,IMPROPER OVERTAKING/PASSING,2.0,56.0,2.0,2.0
02ce7ad12cd5ed40b28074a56bfb5ea87101fd02a628b5e04bebf68b843e40e2b504476ce57007cb8646cc760d29aef531de272a12d600e3c139823bb252b309,SNOW,DAYLIGHT,SNOW OR SLUSH,IMPROPER TURNING/NO SIGNAL,2.0,47.5,4.0,4.0
02ce7c8a7c6ae62595970413c2c15e5df70f760317c268221afbda2c18fc9e059e1c37678087ecf3ec47d2698bc2fb8119f26705938aa73e7bb0f96a330950ae,CLEAR,DAYLIGHT,DRY,IMPROPER OVERTAKING/PASSING,2.0,50.0,2.0,2.0
02ce8fb6829f0e7d8f9e7159de835a5c997b7ec19017c0966e9297b2edf12517e9448b35a47496db5e973224ab4264e40873168a218bb84555aac80c85b9c692,CLEAR,DAYLIGHT,DRY,UNDER THE INFLUENCE OF ALCOHOL/DRUGS (USE WHEN ARREST IS EFFECTED),2.0,36.75,4.0,4.0
02cea53e293cda16635c85d25b4278dada503bf23777aaab3d70e6f65aabebc4fad4dde054a8d506cd9af89f7a92154b3b962277e326f5ba3da13338845884a8,CLEAR,DUSK,DRY,DRIVING SKILLS/KNOWLEDGE/EXPERIENCE,3.0,83.0,1.0,1.0
02cea9f793c6ca37845fbccea64ce1cc704ad69d004b006a1b1e68e6f731dbf2c8e5e820275d3197eb80f6da51b6915f504f8b9526d622545eb289a8cf27f5f7,SNOW,"DARKNESS, LIGHTED ROAD",SNOW OR SLUSH,WEATHER,2.0,29.0,1.0,1.0
02cef1a4ed5f728db5fae1f3f22b48d5d99076f653980e36fca03fa603836e961d92378f720356dbea81597f9f2f67d08013332ca71408e09084d14c06d88fef,CLEAR,DAYLIGHT,DRY,FAILING TO REDUCE SPEED TO AVOID CRASH,3.0,29.0,4.0,4.0
02cf11b9427f33bb30e5459f5f5ad77080addcaf148ad099e5d25ea6a2ac0a1a8e013f34af5ea56851caafaf233bb863d1f4af92dac699c3a89c2d58b0352027,CLEAR,DAYLIGHT,DRY,FAILING TO YIELD RIGHT-OF-WAY,3.0,48.0,3.0,3.0
02cfaa1b6456a6b5e9a477af02cf0ca10e43e0ce29da8b5cd43b2b86d8cfde161dd7d91ed736392f67c5df12e795f541862d413af0e054c46c134c85fbd95823,SNOW,DARKNESS,SNOW OR SLUSH,WEATHER,2.0,24.0,2.0,2.0
02cfb38746802131cc78c60c015f2498ef7dc9ec0012e45e6a0ced9afacbfb03bfea4a11bb63dfd79fcdee1322f05b7ce1b2b6cf5e1a80adb71c06b40bb5a9e3,CLEAR,"DARKNESS, LIGHTED ROAD",WET,FAILING TO YIELD RIGHT-OF-WAY,2.0,23.0,3.0,3.0
02cfbdc020f8f824b1f788d526b5ac967d3d54338f400ad16b09f078638c0d57c5f6c73ed43ba2ffcbb08ca19a159d11cd60f647530b2803c9ddfa7eb5de3f98,CLEAR,DAYLIGHT,DRY,FOLLOWING TOO CLOSELY,3.0,33.0,6.0,6.0
02cfe5d627faa8ed145d323256b429d690817b3cd2d377d93537b20adddab9a732f8e19ae04168a26a6b51ce53fafbb0eb020bb31a8cfa44c88a21a5f5a193d0,CLEAR,DAYLIGHT,DRY,FAILING TO YIELD RIGHT-OF-WAY,2.0,32.5,4.0,4.0
02d00e893eca9efed6f1cbb1d24a76013461be15219d074f266a65f250bdf9e4184c0c7fffd7e7fb94b68aa03c6086ed183c03b5286e78509727f384d720a26a,CLEAR,DAYLIGHT,DRY,DISREGARDING STOP SIGN,2.0,35.5,2.0,2.0
02d045e9212746f46fa07db37efcb5f1f567c0b7b7da8f201c0156d5f81af4669daeb662fa5f0f46e34dd024b03ea9668d37cc65f5d34f4d1365af5cc664dedc,CLEAR,"DARKNESS, LIGHTED ROAD",DRY,DRIVING SKILLS/KNOWLEDGE/EXPERIENCE,2.0,37.5,1.0,1.0
02d062684e64dd059c5468b79ca2b68c007123b5ed6d4b6ae12fb0d46d89243b2c4c56a11713305928247ef10583ed5dc67351128cd5cc6a1322b45cde4731c9,CLEAR,DARKNESS,DRY,DISREGARDING TRAFFIC SIGNALS,2.0,23.0,3.0,3.0
02d07f269c163cb72e231b8b38aec54b7cb8780df8f1515c3b00872e289c806e2d0d613fcb4d6b44840167e122ac1a9b55867b4c17ffda9354578e1cccb477be,CLEAR,DAYLIGHT,DRY,FAILING TO YIELD RIGHT-OF-WAY,2.0,38.5,6.0,6.0
02d0b24a41103e529d288960017e6aa8c6e3698dd9d405b7738264f4f89dea6ff1edafeef75e470f7796cbbca951046f2293ac27fb77412eb90575aeb859165e,UNKNOWN,UNKNOWN,UNKNOWN,FAILING TO REDUCE SPEED TO AVOID CRASH,2.0,37.5,1.0,1.0
02d0bd1ef94708806ab620f9447bdcdf35fb737d247a192ef3ff9f010704a0c0471402598b7c0c0956101f239250137ef4995bb92303089cd31fdd61c7ae91a7,UNKNOWN,UNKNOWN,UNKNOWN,FOLLOWING TOO CLOSELY,2.0,54.0,2.0,2.0
02d0d97a244dbfe39b087c6df3ce3b03b04de38bc1ece79e38f93f39b42776c9a70f17ea87813bcc764102cac3bb72009996908f92eff9253d25adffa01e03cb,CLEAR,"DARKNESS, LIGHTED ROAD",DRY,IMPROPER OVERTAKING/PASSING,2.0,25.0,2.0,2.0
02d0fe8465a0ae54f2dc6afcb0c1ff16605812539009d2a8c4c1f92a7f724de4c632899c661e09c8bf2610ba1849c6effcf011094bb2d401e5c60dacca0a79af,CLEAR,DAYLIGHT,DRY,FAILING TO REDUCE SPEED TO AVOID CRASH,2.0,33.0,2.0,2.0
02d10e927487b292eee56d477e8f874d6d2ece841a4d19e770a6265932802662904e3563ac2f48a531401c9a0a0133bae97236f5b5820a501f553a548bdf6a0d,CLEAR,DAYLIGHT,UNKNOWN,DISTRACTION - FROM OUTSIDE VEHICLE,2.0,41.5,2.0,2.0
02d11b9eae1398dca104b6dfedde12a85ac1930e2b17aeedbd23406094cfecb009d7a15b1fa40c636c500055ec7a5277f3cff10c57045bc9969a488c4a53aa94,CLEAR,DAYLIGHT,DRY,IMPROPER OVERTAKING/PASSING,2.0,29.0,3.0,3.0
02d11f82596e09bc107f1ca52fb7d7b9aeef2bbfe6f02f21de81f4858a79385815c674a22a592c08cae12e0aca8f5741f010fdd4af1b84a85885c6ea8012cef4,RAIN,"DARKNESS, LIGHTED ROAD",WET,FAILING TO YIELD RIGHT-OF-WAY,2.0,40.666666666666664,4.0,4.0
02d13b84c60264f30e0f93883dd645b12c999c07f5ba05ec64a1f7ea7f5e4d26b44b6576eb2cfa3b63fe12b0a6d35676341aaaa0cbe918c08b48ca912ca7433a,CLEAR,DAYLIGHT,WET,"OPERATING VEHICLE IN ERRATIC, RECKLESS, CARELESS, NEGLIGENT OR AGGRESSIVE MANNER",2.0,37.5,1.0,1.0
02d13e2dc40e515d3b991913d6a3d3e6a78967fb14d343f033804ddb8444d9d4076fdf64131c38265781090b2f4fa3a344fb2cf22a026a1eea2e20776eea2bcd,CLEAR,DARKNESS,DRY,FAILING TO YIELD RIGHT-OF-WAY,2.0,25.666666666666668,3.0,3.0
02d16cf43e6d03ddebda9bd033d8a7bc02569f7c44197b221a774b23b729c32f33b725141f29f7c5e3a239f6c957eae16f3932cce1bb0c64e0ab5edb8863ff81,UNKNOWN,DAYLIGHT,UNKNOWN,FAILING TO REDUCE SPEED TO AVOID CRASH,2.0,42.0,2.0,2.0
02d23b65fad4420b5b0a9f48c022e4e7bb969c5e7abe1dc362a6539a16949d31ffefa2d27a41f1cc0c933264ac31fc5f5accd9d2cd680e1f7f09b7d334201775,RAIN,DAYLIGHT,WET,FAILING TO YIELD RIGHT-OF-WAY,2.0,31.333333333333332,3.0,3.0
02d2501fe5191ca89988ade968a9d31f146d5b1fac9b7465040c7606d9eccdfa85a138495df655adf1719904c4352f3a59c4af6a14b002c73249c498f3ba8d94,CLEAR,"DARKNESS, LIGHTED ROAD",DRY,IMPROPER OVERTAKING/PASSING,2.0,38.0,2.0,2.0
02d26587e1a94e2d1163475674f0367fd90c2bf6668d6f3ddb47983a814c80469193883f188be270849647cad55c80f48cdfbf50b3dac6f4de13d40f99cad49c,CLEAR,"DARKNESS, LIGHTED ROAD",DRY,FAILING TO REDUCE SPEED TO AVOID CRASH,2.0,37.5,1.0,1.0
02d2ba2a6f06d5c8d814d8e0488b12194da9a2ca73974d2f08114d7c246c6d6aaf7ae12e7abc1014522543ea954241e38ae8fc4c64a4661122d778e2c11a3a5e,CLEAR,"DARKNESS, LIGHTED ROAD",DRY,TURNING RIGHT ON RED,2.0,56.0,5.0,5.0
02d2bb629b294919bb90190fe468cc6cfbeb6125a0ee2f0d5950b2be1c4dbbe6b216529c60b8c85108d7cad62ef4f123a8895213e01b4ddd1994025e4c4154ec,CLEAR,"DARKNESS, LIGHTED ROAD",DRY,UNDER THE INFLUENCE OF ALCOHOL/DRUGS (USE WHEN ARREST IS EFFECTED),2.0,40.666666666666664,3.0,3.0
02d2bb7f473711fbdb946afee224275cf59f09f337330e7a5a0308eaa1464a3dc722b8a743db1ed56f350b11515c3ac1c93a1596b25203121d015ec84fc65244,SNOW,"DARKNESS, LIGHTED ROAD",SNOW OR SLUSH,FOLLOWING TOO CLOSELY,2.0,46.0,2.0,2.0
02d34f0351898c3740e6d26519f44b76221e3f2d3064506b1df7e5f7980e090069d12a6ed91d4a7392e541fae01cb2485b93c313ba3fd0437346cfd280fe6ae7,CLEAR,DAYLIGHT,DRY,IMPROPER OVERTAKING/PASSING,2.0,52.0,2.0,2.0
02d37425de173fc0a81d176c177ebae40308f751c2bca452e49486343dab7cbbc12feda48244befbd1eeffdacc52c5ae1c96226ffe2bc2b99264fb2470c1f1d7,CLEAR,"DARKNESS, LIGHTED ROAD",DRY,FOLLOWING TOO CLOSELY,2.0,36.0,2.0,2.0
02d37640392d2581f094cb5e5f2469bddff16e646c04d6157081df88a9fc5d460b4eda56a4c35f89103704f6d0eb2e7fe562e28e4084d15b48df3d89464bd797,CLEAR,DAYLIGHT,DRY,"OPERATING VEHICLE IN ERRATIC, RECKLESS, CARELESS, NEGLIGENT OR AGGRESSIVE MANNER",2.0,37.5,1.0,0.0
02d382c913ed875bc0603ec75be4bfcbc2daf6462dc2b67e37bb0051dec9bc65be91ea4ebe6efcb6ae4e7fb0ce49f321aee1beeda16782a899520b7a9a22f4fb,CLEAR,DARKNESS,UNKNOWN,ROAD CONSTRUCTION/MAINTENANCE,1.0,50.0,2.0,2.0
02d38329e1793fe76fb2b21cc5c11e5286d18e1ec473112dafa1d2f416d1581584cc47c2877a4546b9fc9f60aad7dec11560dbe7dd8adf6c03159bd479028219,CLEAR,DARKNESS,DRY,FOLLOWING TOO CLOSELY,2.0,40.5,2.0,2.0
02d390aa20af67f0ed0a20f439f4e875933e56f0e5c156fb2873a56c067fc10b5811251f7005b68831e42d3c4a26290b08da664cc919256a1bd2497979d7e697,CLEAR,DAYLIGHT,DRY,FOLLOWING TOO CLOSELY,2.0,48.0,2.0,2.0
02d3f6c638b15f20d83231f32058e9c6c2cf275498f0b0fcfa518d701ea2fbc85f258e42e0717e9aec69bf3fff0ff622fcb0c8a86e829098cc1667d3e1e9c342,CLEAR,DAYLIGHT,DRY,DRIVING SKILLS/KNOWLEDGE/EXPERIENCE,2.0,33.5,2.0,2.0
02d3ff360f490ce193609c37612f5aec99e34e1dec6b66871faac35ae2cef2b7bf79a9bee4945a2cb65faf839d9fe0b494547db0e9541390494cb1c60f93e76c,CLEAR,DAYLIGHT,DRY,FAILING TO REDUCE SPEED TO AVOID CRASH,2.0,30.5,2.0,2.0
02d41f4ccbf791558624fc5ec0c3c9f329ce8d765c03dd3137a80bc9d71b452b8e92f09e8df0826492db52cfda1bf1e7e09246d7bab9b4f1c56a65efa02cb4a1,CLOUDY/OVERCAST,DAYLIGHT,DRY,"OPERATING VEHICLE IN ERRATIC, RECKLESS, CARELESS, NEGLIGENT OR AGGRESSIVE MANNER",2.0,33.5,3.0,3.0
02d43679d9df67fed0fde6b0a926ed33c993c41f303bfe02ac99cbc50669420222f983abfde069e006bcdcdee97303be68bd2cd0c5c3b95e92cfa535f1d4bb3d,SNOW,"DARKNESS, LIGHTED ROAD",SNOW OR SLUSH,FOLLOWING TOO CLOSELY,2.0,49.5,2.0,2.0
02d44ea6f31af25917c92c85594e8a72ce31a254d4176a68d1b594bcc766fdf0cbc8479991c3685135924bbd373ba3a9061bbc995e844eabf9864729e029f764,CLEAR,DAYLIGHT,DRY,DRIVING SKILLS/KNOWLEDGE/EXPERIENCE,2.0,25.25,4.0,4.0
02d45ca8f44ab28d5492012ae1968ea745eaced8fb6831efd90e80b92776419fbefa75886ddf01815664ac6d356d5effbf6f4ee3c1e9f9e870969d8b3e8cd4f3,CLEAR,DAYLIGHT,DRY,FAILING TO YIELD RIGHT-OF-WAY,2.0,35.5,3.0,3.0
02d490ae4933c7f6b5cdb700679ae2aaa64626acaa1c50fa76e534cf6d50d6f6c724480cde60f58c712219f4b8227c9e660f74973ffd26ae694071c0e8e7f8bf,CLEAR,"DARKNESS, LIGHTED ROAD",DRY,"OPERATING VEHICLE IN ERRATIC, RECKLESS, CARELESS, NEGLIGENT OR AGGRESSIVE MANNER",2.0,37.5,1.0,1.0
02d4b26140b340cece7419fce15ea27b315a517dfa6dcb97d470a5428f9b0e67f05b6ff4f9b10c6fe473108ed69d4d1dadbb865803be654d5ad7bd4ae70c950e,SNOW,DAYLIGHT,SNOW OR SLUSH,IMPROPER TURNING/NO SIGNAL,2.0,32.5,4.0,4.0
02d514d5753dd85c696fbcf61b8ef3b6ee38ef34cd326047e2c3564a3dd4d3d77a5cb60441889b05126a84b7cdb432d55ae9cd6a67cded43efbd333db7de0d9f,CLEAR,DAYLIGHT,DRY,IMPROPER OVERTAKING/PASSING,3.0,35.5,3.0,3.0
02d58383183654c175b4dd7c8f79b670bd4f06493d3a0cc5caaece6b03cdaf5bd2139acd3964f1e0998fa5c0de274fd8529bf22b307b7592ce5bffb9ac5f7ca7,CLEAR,DAYLIGHT,DRY,FAILING TO YIELD RIGHT-OF-WAY,2.0,37.5,2.0,2.0
02d599755849359d2010c29bc03a7d4f5d8f2572b50e4e1b3d09c78da5e0bcc8f4c084a6c24896d45d59b49130e76aaefeda34e07f4290bfb61cfa0434c624ad,CLEAR,DAYLIGHT,DRY,FAILING TO REDUCE SPEED TO AVOID CRASH,2.0,33.5,2.0,2.0
02d5b0ee62bbe88a90bc5e163ca601bbe1697b0b247127d9d5a47741eca0a6d809cb49d4672bcb8c73a6a424b1bb3a0c27d06f5dbbf3da3a2e6f4aff76d5552d,CLEAR,DAYLIGHT,WET,DRIVING SKILLS/KNOWLEDGE/EXPERIENCE,2.0,27.0,3.0,3.0
02d5cc985c736111d988264778bfd663b7250dbee62599539649b7fda6cbb0a86bf8d6bcabc44a61b44e8302ac3d7ec1b49b15bd1711e19260a653c8567f5e60,CLEAR,DAYLIGHT,DRY,ROAD ENGINEERING/SURFACE/MARKING DEFECTS,1.0,52.0,1.0,1.0
02d5ea703009a440e3cff035d5730f95ddd2be9e10a9b12e7c4a73296a360dcd1023ed8029ec3a82cbea78943dd4a0fcaace8cabffbf91c897bdaa18ffdbd76b,CLEAR,"DARKNESS, LIGHTED ROAD",WET,IMPROPER TURNING/NO SIGNAL,2.0,39.0,2.0,2.0
02d615cc16953c50242c4539b34f23d8ae872ce2a5b08c7e28634b483d1173cdb0f9855b37c9e29c7f0b863af3b7188e9415e72ad0b28aa4df04b58b99b212f3,RAIN,"DARKNESS, LIGHTED ROAD",WET,FAILING TO YIELD RIGHT-OF-WAY,2.0,24.8,5.0,5.0
02d61d3fc0ff6ceaa4494d394c431f8cb6bd4ccea8a339dc3c0cac9eb4be8922bc00acd9cfac00084e541aafae7d8b43dc31a353a47287e77bbe00b09416fdeb,CLEAR,DAYLIGHT,DRY,IMPROPER LANE USAGE,2.0,37.5,2.0,2.0
02d62d954d13ee936e85eccb5dfd56c996eabbec595527b180276c29678004296a1d8e7dccf6f429785933fed64f5c777062b3c8bfd4fc1e5b4a73e592a358a4,UNKNOWN,UNKNOWN,WET,FAILING TO REDUCE SPEED TO AVOID CRASH,1.0,37.5,1.0,1.0
02d6450506a2fff522db44e0865c7a8a47ce51abcaa465306b19eb3e9c0e4fa89417c8668a45fea9298490ec85d2daaf249b38e2f46e48e606b9b200cf6f9718,CLEAR,DAYLIGHT,DRY,IMPROPER LANE USAGE,2.0,34.0,2.0,2.0
02d648a704fe4bd62c32f544046c7eb8b4e8b2d5a80b9f45b0890cea16e26ad2cc8dca626fb32c2fbd9a67dd28ccf25d62194a62829f38aead05e240ef050a7c,CLEAR,"DARKNESS, LIGHTED ROAD",DRY,FAILING TO YIELD RIGHT-OF-WAY,2.0,38.5,2.0,2.0
02d64cffbf6f04d0c44afcef4b10a4552ecbedf4a4ef87af11039be9677572d45606f6a09661421cb8264f50045fa6b04a9c72ca2729319a692740a5989ea3b1,CLEAR,"DARKNESS, LIGHTED ROAD",DRY,FOLLOWING TOO CLOSELY,3.0,35.75,4.0,4.0
02d67afd04d7f4817ed8ff0de808a9c519e3e831f013c1058a9b4db3fe2ddf55335e0c92c291b74ce0d3c79fdb966b38f8a120a994dc7d4433c481ab1390bf22,OTHER,"DARKNESS, LIGHTED ROAD",DRY,ROAD CONSTRUCTION/MAINTENANCE,1.0,59.0,1.0,1.0
02d6a3ee3ffbd0ad4c94d10acc7bf079c8db8fa855a29fcddfe180aad71ed1dba068526ac275856d31716dbcd879b56ab96ce967f453a05d13a0197e3e72d05f,CLEAR,"DARKNESS, LIGHTED ROAD",DRY,FAILING TO YIELD RIGHT-OF-WAY,2.0,19.0,2.0,2.0
02d6a4696164e267dbb3b21fd9ca0f8dc72f64139c57134e4ed12dd28bded8d3040d7ce93450b1fa0b01f05faba5cd7409c63f81cf0f6c4a73288be5448a0597,CLEAR,DAYLIGHT,DRY,FAILING TO YIELD RIGHT-OF-WAY,1.0,19.25,5.0,5.0
02d6c282433995c8c4013545cdd530ec4ec9a70093d9dce1888bbf273fd22133094d228ac7c9c2fec2a43acac335090598f89e67acb6a467db7e33eecaf9d354,CLEAR,DARKNESS,WET,FAILING TO YIELD RIGHT-OF-WAY,2.0,31.0,2.0,2.0
02d6c2ad03d9b9fe71a863a08adfac83f98570d65020f5a454f85b7943eafb2092736470c63e4e6ddc966ea3d899a189ddd1aad315bd7496329459b565868320,CLEAR,DAYLIGHT,DRY,FAILING TO YIELD RIGHT-OF-WAY,2.0,42.5,2.0,2.0
02d6ea6156d96f82379158020a3dfe2efda26d4745d9b19f614643395107617aa71701ce8a6b23590a7a56dcc76a4b14561c869d1c1ad4540b8a979fcfab2ca7,CLEAR,DAYLIGHT,DRY,FAILING TO YIELD RIGHT-OF-WAY,2.0,27.0,2.0,2.0
02d70509c8f20aa7936fc6a727891629c91bf4118c6cf6ea8e46a5b39b28b6e1b0e2730357462702967487e383c884db6791840dce56a29f36aa121b08203ea4,CLEAR,DAYLIGHT,DRY,FOLLOWING TOO CLOSELY,3.0,44.25,4.0,4.0
02d726adda26e0b36c050ebe3bea6a3b237c392720a64e085cbcff732e2a3445cce8dec3bae7f3d1a37840fe4af59677405e1affeee61f9ee3f6db62ffe288b4,CLEAR,"DARKNESS, LIGHTED ROAD",DRY,IMPROPER TURNING/NO SIGNAL,2.0,44.0,2.0,2.0
02d749c56001723282ebfb80ec3ad939127651b0a8b290e4c43506dd3dd70dcd8792227e9b2a8c1e0a4dd433818d144c04ecf2b2ec9eb6e776596afe070699ff,CLEAR,DAYLIGHT,DRY,IMPROPER OVERTAKING/PASSING,2.0,64.0,2.0,2.0
02d74cfa638bffb3d4a6e56187b56e578b11a79246d45c9d8447404d262e26752f85d57caac595e1d1360505e8a60ad60b7fc50f7a1d41063cacd86d35216416,CLEAR,DAYLIGHT,DRY,IMPROPER BACKING,2.0,52.0,2.0,2.0
02d76d8cb0dc7c943f88cdcbf703f117be21e7a937fbc27c5ca615f37ede0c15609261fd068fa976d05ffcfc3cce8aef2c739a1212552a2af9856bb3da5a3d16,CLEAR,DAYLIGHT,DRY,IMPROPER BACKING,2.0,44.0,5.0,5.0
02d7724f414d4cf9767d3927292780bdcb5ba5dad48f01fdc502144c8cb6169f17590dd633dc99d5b23a9acda9c83c381ca83a8d55a9421d4f59f8b393cd6a00,CLEAR,DAYLIGHT,DRY,FAILING TO YIELD RIGHT-OF-WAY,2.0,22.5,6.0,6.0
02d783ccb15843e366a43d321394102be2438118d88c5993ee994bffefc9d1654468b006657e37abd48ab52a107cbe3abcf7f432b7da003716260a7d2745d21c,CLEAR,DARKNESS,UNKNOWN,EQUIPMENT - VEHICLE CONDITION,2.0,38.0,2.0,2.0
02d7bd9acf5c8abb39e31f0911f54a5c0bda18a41693037e8f9c9b9b09441b5210010da9e7f0d73d3a69a5e267472c8b5f7e905535277c617cae294263c3b9e1,CLEAR,DAYLIGHT,DRY,IMPROPER TURNING/NO SIGNAL,2.0,32.0,4.0,4.0
02d7be52690ecf2389a43dd385f4b87946e431d18de2ba221bae07985f37a02a39b9cd314807f8d57080a5ff966b33634c4f53d993bfaafe429415e670d93d8e,CLEAR,DAYLIGHT,DRY,FAILING TO YIELD RIGHT-OF-WAY,2.0,36.0,2.0,2.0
02d7c3506796e3c4b056392fa49c2c8b2943604393103711e7783bd3af3ac3e7be9451c52dc61b224effceb2734da057b1fa1f7bd50929f21d6797c86aa3fb61,CLEAR,DAYLIGHT,DRY,FOLLOWING TOO CLOSELY,2.0,56.5,2.0,2.0
02d7f092d60200a0195cd6788da7135a791b7ee87bc237cfe4431a0c12c64a19436f6afa196a82ce7406c558c6bde1befc5ae213271012198043d75baa980b7d,CLEAR,"DARKNESS, LIGHTED ROAD",DRY,FAILING TO REDUCE SPEED TO AVOID CRASH,3.0,32.333333333333336,3.0,3.0
02d7f5cd89a1c344426ff195e0d67013f294fde927a5bdf0c17ebcb5deca9d5269bf42467ba23274f5ba344a09c23144a199cc8b735dd9854ff1fee0b01fe2cc,CLEAR,DAYLIGHT,DRY,IMPROPER BACKING,2.0,71.0,2.0,2.0
02d80361cdbb7aa0bb586ba229375bd2475b9403fe93ab51d88a02c8c8ee2ae14af2d594536d4f4f18b3ab7dc0962e428f4ec396046c5cb95e7b6c1b1afaa78f,CLEAR,DAYLIGHT,WET,IMPROPER LANE USAGE,2.0,62.0,3.0,3.0
02d80666170f03a513340b44bebe2622187b97385cd478d6b65194e1759f89cc4878f3e4baee8c9e03116a70135d6a939f123d30ffac55da9d5afc93444f7c89,CLEAR,"DARKNESS, LIGHTED ROAD",DRY,IMPROPER TURNING/NO SIGNAL,2.0,44.333333333333336,3.0,3.0
02d8382c9a90ea822c345d305bd53abb41ce5ef24ad48460ffd4fd7075d520e33a0079c3c0bdd2783777d9907675a54d00d7e36b1c4393357e10ab0f3ca8b1f0,CLEAR,DAYLIGHT,DRY,IMPROPER TURNING/NO SIGNAL,2.0,43.0,2.0,2.0
02d84811acffa912ed2d63e3063aed0e0ff610d8d0451b835cb1a4e14188b7a9f27b96d2244a07cacd49aa690ea47cf85001f46b886d2b29a77fbea0d2fab32d,CLEAR,"DARKNESS, LIGHTED ROAD",DRY,FAILING TO YIELD RIGHT-OF-WAY,2.0,49.8,5.0,5.0
02d891eabee71e1b3808948efece82ae3b5ea9e2c6eb5ca3b45c32fd7dc76be881ba17ffba3781e8324ee072d3f495590f23b6503b09beaf1d35c27034419559,CLEAR,DAYLIGHT,WET,IMPROPER BACKING,2.0,35.5,2.0,2.0
02d89392c9959deff218f29e79d0da48458aaffc873782fcd3756dec23ec8797d8a491fad59a1c5a7da5573193e5c2264383dc6e59c6ccdb5c5eba796657de68,CLEAR,DAYLIGHT,DRY,FAILING TO YIELD RIGHT-OF-WAY,1.0,37.0,2.0,2.0
02d8acea533ae3237c917453c45556dd2c52b9c2c9c33365d75c115f1553137697bc253c841cced070c6ca0961fc54e2b0c79da2b074eb62599df79f9c0b07c7,CLEAR,DAYLIGHT,DRY,IMPROPER OVERTAKING/PASSING,2.0,42.5,3.0,3.0
02d8b06842f0cd926eb2306b5d67738bcc55a7ba9e34f158d90fca38145147370dea354522a413a06eca4fdf15742ae66ee3d0ac1195bb854f69f711f01713db,CLEAR,"DARKNESS, LIGHTED ROAD",DRY,FAILING TO REDUCE SPEED TO AVOID CRASH,2.0,49.0,3.0,3.0
02d8c4a935f81f47442a5a978bffd6b06282f84907b7f36704542dbdd930f218e942f843dfb3c1ddf0dd3a082d255719a6c93e48b361db0c3f4dffbabc785b4f,CLEAR,"DARKNESS, LIGHTED ROAD",DRY,FAILING TO YIELD RIGHT-OF-WAY,2.0,17.5,2.0,2.0
02d8d80c08a72c13c70cab31e6749c63caa9fcc183d7de263f2ead32611a246b9f5dedb9e1e08ae0ca73ed34b770d84f310099550435dd7defbc486514983bb6,CLEAR,"DARKNESS, LIGHTED ROAD",OTHER,DISREGARDING TRAFFIC SIGNALS,2.0,35.333333333333336,3.0,3.0
02d8e16fa3850ea380feee13ef904b5eb7062d1e8dbe3602e731e11d7d7486e567f7d3470427d00ca9b960642fa965d6098f89ec66718a333932dac064323fa7,CLEAR,"DARKNESS, LIGHTED ROAD",DRY,"OPERATING VEHICLE IN ERRATIC, RECKLESS, CARELESS, NEGLIGENT OR AGGRESSIVE MANNER",1.0,37.5,3.0,3.0
02d94e9a4167e457e42c751e5a9b0bd0554dbb7beedab204131737b2db0552a540f0fed8297017d4f7b31a1691335b4a79441b60aecc9623094a93e9f80714b7,CLEAR,"DARKNESS, LIGHTED ROAD",DRY,FOLLOWING TOO CLOSELY,2.0,44.5,2.0,2.0
02d95dd38cc049e3cf02b59c232df8154d1fae40b66ac67729fa8bdac56e813254d6033ece46e7fd5275cc78f2dcc3d7ee0b6c48d7ca4a61632ae32621a764ed,CLEAR,DAYLIGHT,DRY,IMPROPER BACKING,2.0,37.5,1.0,1.0