crash_record_id,weather_condition,lighting_condition,roadway_surface_cond,prim_contributory_cause,total_vehicles,avg_driver_age,total_people,total_injured
02d963f0a2429e38ed4cdc990a40b8ebb0ef20b55d550c96adead9c2661e5d27d851b9923858ea400727d77bab44b1fb2a6063b13ade1a2387af2fbdfa7ada5c,CLEAR,DAYLIGHT,DRY,FAILING TO YIELD RIGHT-OF-WAY,4.0,34.0,4.0,4.0
02d99905c461e826de9356c375d650af827ac3a43de1b40bcf565b0d7e617bc2ee5c6ba8f92e48d5857fc276e9e6f7ace4ea0df6c95af2945fa97a700e3adc9b,CLEAR,DAYLIGHT,DRY,FAILING TO REDUCE SPEED TO AVOID CRASH,2.0,28.0,2.0,2.0
02d9a11b255e7de203cec34c069ce85324eb54de262663c952dd3c504ea789d66adaa0636e430f43683311c3adacd3ca1be8fe698527c82c9cc8aa657b8e9ed3,SNOW,DAYLIGHT,WET,WEATHER,2.0,37.5,2.0,2.0
02d9bb160ab8316a22747852935d12f76167a8a92e303866d6d9c66260e0d0e7493c465347e0098fe935d8c9d4ba3d5c99334bf75a8d3606786a6d74f2a5b5a8,CLEAR,DAYLIGHT,DRY,FOLLOWING TOO CLOSELY,2.0,29.5,2.0,2.0
02d9be4252d2cb6797c0b9750b4f6a80b11977548808df888356a70e48a48f016ea85778f974691694f79f013b62bf5ee6a94a434b75a3f2e97130b27b966fdd,CLEAR,DAYLIGHT,DRY,IMPROPER LANE USAGE,2.0,64.0,3.0,3.0
02d9c9b3787bfcbe218ead6ab4f6b2280e4c158601c44019a745dbad833dc10e48f453f99c94cc70acf03e077f21a12e773b29eb105bfcdf19f630e911adb1f0,CLEAR,"DARKNESS, LIGHTED ROAD",DRY,FAILING TO REDUCE SPEED TO AVOID CRASH,4.0,37.0,3.0,3.0
02da157d72c0c97483c9da08b1fc908487ee65b63e3071b7590d7fefb32b147aa87e35bb8f9eab4b900c6fcfadd1545cd4d67d817a13efb8af271d8b36670106,CLOUDY/OVERCAST,DAYLIGHT,UNKNOWN,FAILING TO YIELD RIGHT-OF-WAY,2.0,20.0,3.0,3.0
02da1df55e2d7d6b07dcad2b9ce27587e94b66117b19b344265e8c8093e581ec0139b14204cdfe5713264961fe0b7aea979c3ed648fc7911e9f4485d77873913,CLEAR,DAYLIGHT,DRY,FOLLOWING TOO CLOSELY,2.0,31.0,3.0,3.0
02da66c52bcc002490855a5d4f01a93b782e70386edaedcc074c7c1ffddcb6f75d4f3266b2b569e7809e511c0bf1c75a4d580e5de88224899924eae2e5a8a1c7,CLOUDY/OVERCAST,DAYLIGHT,DRY,FOLLOWING TOO CLOSELY,2.0,44.0,3.0,3.0
02da786fb71d05c144d3aee40d3b823b309a3fea629c6646559cae97ab134d168c095307f1c3b928f3af2c8084340c928c87b4a87424306e59a231505a833593,CLEAR,DAYLIGHT,DRY,FAILING TO YIELD RIGHT-OF-WAY,2.0,53.0,2.0,2.0
02da8c7444cdf48b194d45e7ad245fb3fc50df3d9830237da6adbd6308e1e6c2e4c90ded51bf9e59d86b31fc7568dbd1d03bb2c33b3eb3c9b7cb824fe5e3849f,CLEAR,DAYLIGHT,DRY,FAILING TO REDUCE SPEED TO AVOID CRASH,2.0,44.0,2.0,2.0
02da94c9a6be23d59f8baf7893bf9d5668862561af1d64dd03ad6c285f56e0caf4187a74f6bf238aed5200e40b37826f0456fcf608562fc4d26a20a0f79e4a04,CLEAR,DAYLIGHT,DRY,IMPROPER BACKING,2.0,25.5,2.0,2.0
02daaba252660a4750676db7017c5cd60e9a6f23ed6780d05f72b668afe6b80e2bc8a6d6dbafdac9bbf2d1c1fdfaf1a35355aba3682a264f9a5e90a80952c21e,CLEAR,"DARKNESS, LIGHTED ROAD",UNKNOWN,FAILING TO REDUCE SPEED TO AVOID CRASH,2.0,27.0,2.0,2.0
02dac1a28430b0e4a2dfec8f9f195e596620c93870b3703eae06f6f0436d1b38b0d4b07b570e3681f661c8c53922ec1e1900f4965b154bf27bd6b43479985dbc,CLEAR,DAYLIGHT,UNKNOWN,"OPERATING VEHICLE IN ERRATIC, RECKLESS, CARELESS, NEGLIGENT OR AGGRESSIVE MANNER",2.0,32.0,4.0,4.0
02dadd79f3ebed16de46cbfb109cdd7c92231a95ceea00a31e218fd6511be39e99115416c750f7f155412c4403da7fd6d54470d447e4af83f837aa8a81d7660f,CLEAR,"DARKNESS, LIGHTED ROAD",DRY,DRIVING ON WRONG SIDE/WRONG WAY,3.0,37.5,1.0,1.0
02dae3be4faf149e94f766662a302fccf500a868596fbf5b16fab89cb6d5b5a76f8aa42c00330017374e07a5b0070e1f3c7b73c120d1a0223ade2234cd94d6ed,CLEAR,DARKNESS,DRY,IMPROPER OVERTAKING/PASSING,2.0,37.5,2.0,2.0
02db01e7f3a2fa4d127ada8e41c56ab63f917725c5878c1c2c4040f13ccdba880773aaf1be31b0410d2fcfe71dc2beac49cc8c74fde2513c4fd17b4b969796c8,CLEAR,"DARKNESS, LIGHTED ROAD",DRY,DISREGARDING STOP SIGN,1.0,49.0,3.0,3.0
02db25265ff046a9699f4b574c17e8573ace5b6b584ea46501361da0bd828fbebeb970c71a66f062a8e907d14dd2a4911a822d6fd430d678d70ba1d898ef5378,CLEAR,"DARKNESS, LIGHTED ROAD",DRY,IMPROPER LANE USAGE,2.0,39.0,3.0,3.0
02db8220c9236a91692ba1d2e1ebc815680ff1becd94a0651be0eef06d83411e1dedbfa936c39db2f9b85aa8a3b1b757a2bc3c9dd6f206711b404bbd173dacbc,CLEAR,DAYLIGHT,DRY,FAILING TO REDUCE SPEED TO AVOID CRASH,2.0,29.0,5.0,5.0
02db828ee8b631fe83adeea6557741112ec73a3577aff5a94cb7d87ebf989cca4f81fc983461d0d434c0549203006373ae5cf5682e6065be4f935d5eb9bc9c65,CLEAR,DAYLIGHT,DRY,FAILING TO REDUCE SPEED TO AVOID CRASH,2.0,33.0,2.0,2.0
02db9917dd6da67f94ea3452ae0875ab30bf03dc5534b8c5b9bf8fabb8ec7b6663732f01b2ba4c937176a86d22961548f5f560d9b701b7db0bcea0ca210da4a1,CLEAR,"DARKNESS, LIGHTED ROAD",DRY,DRIVING SKILLS/KNOWLEDGE/EXPERIENCE,2.0,66.5,3.0,3.0
02dbd972995e1b9dcff51f8690599592842ce166036e96908a4655ea5566b13564562d83dea8e301958e3b1ac370eac6be0e39596121d9873723b993c3961fd5,CLEAR,DAYLIGHT,DRY,FOLLOWING TOO CLOSELY,2.0,49.0,2.0,2.0
02dbda922df143d65c04114dd5dbd651289a5d73472971f3a6c4bfd44c267d2b01577c953950ef1066044938c13a34c489d1749d6bf5698851f929bc3fc5fe89,UNKNOWN,UNKNOWN,UNKNOWN,IMPROPER OVERTAKING/PASSING,2.0,56.0,2.0,2.0
02dc0193c220702b9d7ee713b268b07a15756b06a48b3b3a810403b7a35ed2200484e9d7b4559c4bd1cd956c944dfc88e408a947a1bd4bc937f8f9a4c3fa806b,CLEAR,"DARKNESS, LIGHTED ROAD",DRY,IMPROPER BACKING,2.0,49.0,1.0,1.0
02dc0f0c2e59df101aa5c12473725803d11fdb48a2c4ebe9b5d010dabacf8d7aa7e77dd0fa5ce9f8ff2e9009660ccaab38acbc75e28d305b2a859f7cfb02d4d2,CLEAR,DAYLIGHT,DRY,FAILING TO YIELD RIGHT-OF-WAY,2.0,24.5,2.0,2.0
02dc2f11cb08657b3583f26a73dff59565fc3deecaff40bcc6be88e0d87da90305537e4774a14defe97dab69d0d7e2e7d43d3518054988a23e39900e2e6657fa,CLEAR,DARKNESS,DRY,IMPROPER OVERTAKING/PASSING,2.0,26.5,2.0,2.0
02dc4f8f2d87056b67f3da9ac8f637ff3c6f171158b747f2004b9629cce717c246a3d206c9ba2a759f0aa321f6271494961e0bab5b2f632d66a894e342f2ecaf,CLEAR,DAYLIGHT,DRY,DRIVING SKILLS/KNOWLEDGE/EXPERIENCE,2.0,41.0,1.0,1.0
02dc588a8b90260668cac9a6f5991bdf2e6a2eda58706eeed3d5fa1035eb520cab85d637ced693f5b340c96b822e506e86e11ad83a9e9810fcd52a0d2e0a3529,SNOW,DAYLIGHT,ICE,WEATHER,2.0,44.0,2.0,2.0
02dc6ccaa1775d164ed22cefa078bfe7b8cc50a5a7311cbeea9768a43bdc874ddd2ada3b94a5513d6667cefff557f657fd68e23f367f5fac02fa3366db76258e,CLEAR,DAYLIGHT,DRY,FOLLOWING TOO CLOSELY,2.0,31.0,3.0,3.0
02dc975511453d4b6f5a49945b2b682ca943771b19d4f8c505f3ce13d26a97afa68e4739c410984da833f84cadc4d69b42077902823f7144f168200322fedc34,CLEAR,DAYLIGHT,DRY,IMPROPER LANE USAGE,2.0,28.5,2.0,2.0
02dc9a68e72da081d4a16d34129e761b1c83944b5e27bfeff0c6f5204b28a28ad0f1d58dbbe4a7095bbc0d54888a28c612515901e0e4c726783431344b2e0b49,RAIN,DAYLIGHT,DRY,FAILING TO YIELD RIGHT-OF-WAY,2.0,29.5,2.0,2.0
02dcd98ec0b54e8c34f08f5670fa6ff8d97f155b314da700d5c63ddde924340bf4c0bbfa0420b9bbf938f705878f5727a40d041ccde1db6ba609f150d8a0eec1,CLEAR,DAYLIGHT,UNKNOWN,FAILING TO YIELD RIGHT-OF-WAY,2.0,78.0,2.0,2.0
02dce27f42b1a49b1c6843b45d18522b94a94bf40fbb16a5fba6e811ca1cbc25fe6006a7c9d123608c9c637cd60d4bfd60040319a98b44bc02645ddba9130a41,CLEAR,DAYLIGHT,DRY,FOLLOWING TOO CLOSELY,2.0,41.5,2.0,2.0
02dd2335132a7964ec08cfe9b14f79b1f6d60fe6fb6c742f5ae454c52542618cf229496bb4eedac3c38226b1553726616ea1b4b47a6e11dca103f0bc5ad4026e,CLEAR,DAYLIGHT,DRY,IMPROPER BACKING,2.0,21.0,3.0,3.0
02dd288618ab23e12d16eacb9939f7775479f159632bd1e21610dfc6466786ffc17c2364a3888d2777bf07aa8b05820c07afaf9fc88ba24d9d6ef2057c345f07,CLEAR,DAYLIGHT,DRY,"VISION OBSCURED (SIGNS, TREE LIMBS, BUILDINGS, ETC.)",2.0,38.0,2.0,2.0
02dd39975a9fa23a66180a9af561c45418ff3a487da6cff3465f1ef8211dd0490f4ecadc349a034f67bf6588663e3a05a24260cc0fe9febd0a1a972654c2bbbb,SNOW,"DARKNESS, LIGHTED ROAD",SNOW OR SLUSH,FAILING TO YIELD RIGHT-OF-WAY,3.0,47.0,3.0,3.0
02dd44de6bf50c02f44ba0cbbd055645d16b7e3d2815260b389470dc2eebcc6e0c500e817ba1b1711ff0d1aae19210acb0c03021349bb6e7c20c7b75e3fa87e4,CLEAR,DAYLIGHT,DRY,DRIVING SKILLS/KNOWLEDGE/EXPERIENCE,2.0,56.0,2.0,2.0
02dd8edcac42f5b7eac76b88662a014e96387d8ae8b4cac004947c6f3c3068a9ebf4d20b49cf560de7af197605029e44e42de2273ac288c900b010e139b2a2d2,CLEAR,DAYLIGHT,DRY,IMPROPER LANE USAGE,1.0,46.0,2.0,2.0
02dd918f53dacd1d88564abe4b1dfbf2de68b732f64f689ada58766e0e0beb285579e7f6ef8ff501fb1a868b49004d4fbc8439d117223c3ba35e1bf2c48fbdde,CLEAR,DAYLIGHT,DRY,IMPROPER OVERTAKING/PASSING,2.0,29.0,2.0,2.0
02ddb2eb34c7b1cba260c943b75157fcae60ed6f74e99404ada179d74ee86c67e2ecd7a5bd4b99931916a47fea90579f15c6e2c89087978363b2035e2703a91c,SNOW,DAYLIGHT,SNOW OR SLUSH,WEATHER,2.0,35.0,3.0,3.0
02ddb38ae97c24379a603e72a5800b5c00e738d9c64c050b8087fc309b366212b206fb2bca686729adf9c8953c70acce9062ada233441104c20a66c60e99aa2e,CLEAR,DAYLIGHT,DRY,IMPROPER OVERTAKING/PASSING,2.0,40.0,2.0,2.0
02ddb73558f45b3b5c70261dd7860a7685a1ee2d1024d6ffb30fff4e173b70623d79efa3d91cc06e407dc44ea65fa016d98b562c1063b47b47a55f33aead5d9f,CLEAR,DAYLIGHT,DRY,FOLLOWING TOO CLOSELY,2.0,37.5,2.0,2.0
02ddf79d269adcbaf0c35aa8089c95c09ef2b9192768ce089e04cc8b3f101f3b06b74221646c556096e44e2baaca2d7b6aa1af0e88bf18b50aadaa775aec1d53,CLEAR,DAYLIGHT,DRY,DRIVING SKILLS/KNOWLEDGE/EXPERIENCE,2.0,49.0,2.0,2.0
02de1b335a128e4ba98e3a7ad641437aa3b60592a0ce3e5e74f5e7c9f6219be85eb6d98c0150b93a67ddbc94d1910eaf8a48e88aeb161b1b83f5e879ee49388b,RAIN,DAYLIGHT,WET,WEATHER,2.0,24.0,2.0,2.0
02de2c4386dc743f1bcf30dd08ae8cabfd53684fde99388c4554e9f12b71736cf35b7d2ff331d417a8e2ca023a789e939f4634168d69ed9c1d8fd9ee0e046ae4,RAIN,"DARKNESS, LIGHTED ROAD",WET,FOLLOWING TOO CLOSELY,3.0,37.5,3.0,3.0
02de38bb07682387b8b59fbb5bb836e3538afd0acf1fc1862593c9996b9a274e7fd0f1a9701a8dad0af7ef6bf96333d8c6a1a7b1355bd40d82befb4715d1ccf1,CLEAR,"DARKNESS, LIGHTED ROAD",DRY,FAILING TO REDUCE SPEED TO AVOID CRASH,2.0,37.5,1.0,1.0
02de43e5b2f5b155f2ee549d60abeb04f6037db62d9db3a81994f293ee199693f631da4836461ba3f74ae0d0d64f3a78ffc0f621cc3799feac4af2e0e1ccaa47,CLEAR,DAWN,UNKNOWN,FOLLOWING TOO CLOSELY,2.0,29.0,2.0,2.0
02de58f2c0e6d5e3b805b465e3716c37a61e40efcb86ef287c665b9755b3d6a9aef3040b5ef50d638660c6a0b65537c0611a6bf6604f3fb29b76aa44e3ad2fd8,CLEAR,DAYLIGHT,DRY,IMPROPER OVERTAKING/PASSING,2.0,37.5,2.0,2.0
02de873acb139b6fd2e29f5a129af2a9cb32b31b4c93967bce2804890ecc854ebc892836d943c732429cb7086d95af13e9269b550790fb65e71e8f076bbeea1b,CLEAR,DAYLIGHT,DRY,IMPROPER LANE USAGE,2.0,37.5,1.0,1.0
02dea1e91c9a5a4b53afa3b40591d34070c2f452f3ce31eef81383cff75601e362d306429c09d5347c0c0807fc0e9aa0805a6a5d2198015e0309aa7babab2e93,CLEAR,DAYLIGHT,DRY,DRIVING SKILLS/KNOWLEDGE/EXPERIENCE,2.0,29.0,3.0,3.0
02df2f5644cccca1cd6d9eefb6cfb7315ee49e542b0653a151e07b6dff73ab07bf5076cb9c0e0aa8dbcecd1f43681414df57b1f6461d76aa9ce66848b7d028b4,CLEAR,DAYLIGHT,DRY,DISREGARDING TRAFFIC SIGNALS,2.0,53.5,2.0,2.0
02df4a35cbf6e98f9eb22efad8eb920a02017491c75f5341b1379bb7102e5a2d1f8952d8e5bcbddd32e58932cbab1be33c4f6d455be90805f74e5edd7280adcb,CLEAR,DUSK,DRY,FAILING TO YIELD RIGHT-OF-WAY,2.0,26.0,2.0,2.0
02df9662060427082dc3e54b630608547c4725306d9d4193ce8179c228af34644164856d5d52b7b7672bc94ffc375aa8b56e2288f6c90e09cbe77ad27b424e31,CLEAR,DAYLIGHT,DRY,PHYSICAL CONDITION OF DRIVER,3.0,20.0,1.0,1.0
02df9f2d0dee215912581b2411f9b8534f4b5b5fc6576a84f8e0a4922c746e54094679818d2abceb806186c70d16ba62448a55c3bffea9e90a63d6947fae020b,CLEAR,DAWN,DRY,DISREGARDING OTHER TRAFFIC SIGNS,4.0,36.75,4.0,4.0
02dfd89124b97a61de4e30c08ac5ee2de45b992ba6fc313627eecd4037eb43f54e1a407249d7c9dbe1acef32793677c18f57fd96452467d38bd115c43ac9c09f,CLEAR,DAYLIGHT,DRY,FAILING TO YIELD RIGHT-OF-WAY,2.0,37.5,2.0,2.0
02e01c5b8b0f29d03ae3c5dcd5a9908ab70071604aa9b95907b1f5ebcc72d07dbed259ddb0c02b99c98799093bf0089c040ddfe6c98c548881f5d7aa7b92d98d,CLOUDY/OVERCAST,DAYLIGHT,WET,FAILING TO REDUCE SPEED TO AVOID CRASH,2.0,30.0,2.0,2.0
02e03fc2afd09c58145a1df1081c5fa33475e5f76e0ebac89b085ca027bd5e2aa3701e3097844674d850ff63c06b3ab7ed094c420099210aea8becc435ac3ceb,RAIN,"DARKNESS, LIGHTED ROAD",WET,FAILING TO YIELD RIGHT-OF-WAY,4.0,29.0,2.0,2.0
02e059ccea5c7d92766f3e529323f707be6cc317419b800c5690624728c1936a7c5fd69f24cd0839bd3b5c3550b7f133d93ac62a667a4022775a808ffe07af7d,CLEAR,DAYLIGHT,DRY,FOLLOWING TOO CLOSELY,3.0,48.0,3.0,3.0
02e06b8c4b0e106b00dc0143b595568eb6e523f4bb67726ae39ebe156f9a7f79a9feb5c206c8769147a23ab8b6adc2e263dac7c055d2fe2ee4112fced5b083c6,RAIN,DAWN,WET,EXCEEDING SAFE SPEED FOR CONDITIONS,2.0,45.0,2.0,2.0
02e07234ac92dde530de15862d6eb9fc0c6e82b853056386f447cee4b036923c496bf56026dc5f88a0929d0af5fb8d788ff96b77dfd897abd6f47e3ff4365a82,CLEAR,DAYLIGHT,DRY,DRIVING SKILLS/KNOWLEDGE/EXPERIENCE,1.0,29.0,1.0,1.0
02e08395fda8a9af2dac2d0a95cf0381eb4db175c7f8438192201e7a11d31b53abf935cca49f9ad30601554453da1e501b0923a680a5d6f3330e40db28c2904a,CLEAR,DAYLIGHT,DRY,FOLLOWING TOO CLOSELY,2.0,47.0,2.0,2.0
02e09df0b914c348642642fa49dac2e832597350525f1b6515faaa1263c2fdc86e8a268140b2effd492530a0bbcd958150f4e8506b4db1819748e1e0caaaf327,CLEAR,DAYLIGHT,DRY,IMPROPER TURNING/NO SIGNAL,2.0,70.0,2.0,2.0
02e0a537b2f8fba8cab577b9b9e59506fd11b53bb179ae0e5a790cc19126d7b2a24808e2700897419e7d6309b4398c0be35c317b444a0b1037c93f83066e972d,CLEAR,DAYLIGHT,DRY,DISREGARDING TRAFFIC SIGNALS,2.0,33.0,2.0,2.0
02e0ae36f8f316990324f08701fb171a9d038670217e2b880a2d41809d813f557fc52cf920282ebdc383e4745a3856d60c8e529812ecc294dfe51a98e7360643,CLEAR,"DARKNESS, LIGHTED ROAD",DRY,IMPROPER TURNING/NO SIGNAL,2.0,50.5,2.0,2.0
02e0af8b91eadaaddae7d5a4480df6f7269e5eac823b7d2f4ac67cc2a9fa727901c23b84dbfe0686b7ca717679b4eb239ae4148fa75935b8bdbd47e84883138b,CLEAR,DAYLIGHT,DRY,ROAD CONSTRUCTION/MAINTENANCE,2.0,50.333333333333336,3.0,3.0
02e0b1a4f16e685fbd68dc7ed4d0fa559ecd7a93f1c9a5d3d24d268b2106ff2c232c035db71c5ad3ca6a22ab6b4d6718ee064f0ae38b30634e61b538b669f77c,CLEAR,DAYLIGHT,DRY,FOLLOWING TOO CLOSELY,2.0,34.0,2.0,2.0
02e0c9f113bd90e3faf381522019798e9dca62e2b7031cbbcdf49d5c3b2fd5d8c8ed51a9e4bca4f08da4afb96600b44255481eea9443973630132f91f9f80161,RAIN,DARKNESS,WET,IMPROPER OVERTAKING/PASSING,2.0,30.0,2.0,2.0
02e0d0dfba92097e1cc9db76282f8ce9ab96d85aa1421c028cc5f8c6952746cace73b4f0ca9be59de73416bd40530648289a831c330a76f1360156204228e06e,CLEAR,DAYLIGHT,DRY,FAILING TO YIELD RIGHT-OF-WAY,2.0,27.0,3.0,3.0
02e0ef5bdfe924a969a784e5aa9f22b772c0e1c6c0b83ac2a1095cdb7d66571a06d72e838aff558b923ddfc2d9bdf6fca8c49be8533da644d060e2dcd86d3193,CLEAR,DAYLIGHT,DRY,FAILING TO YIELD RIGHT-OF-WAY,2.0,57.0,2.0,2.0
02e1080f04528645f5be90df0b7cae84bb102a3590075201c2beae4cded6a40fe91d3f68e2b5be4cbed28838915334f7b4d44950355b25ccc0eb52bcbb921c1e,CLEAR,"DARKNESS, LIGHTED ROAD",DRY,FAILING TO YIELD RIGHT-OF-WAY,2.0,14.0,4.0,4.0
02e1159fbe26984974a197aad224fc3c97b8af604aab98799d615df554b825128d93d94f6056d4892483094f63b9da293962f1b5fd9bf9df4e48a07b647f43ec,CLEAR,DAYLIGHT,DRY,IMPROPER BACKING,2.0,26.5,2.0,2.0
02e12bc3710cb1e5dc4262a71ab0f27db35403f35dc9ef26b45668b416e7f3aedecc828f16179d25fcd90959720bc3387e79439f9ededb4d9e21787395fcdf86,CLEAR,"DARKNESS, LIGHTED ROAD",DRY,IMPROPER LANE USAGE,3.0,37.5,1.0,1.0
02e135977d9ab7feaae02265c1746dc10875dae1ceafa9b0e0f0e3639f83a71bd2f2e56ef8fd732c35d1be4a2bed6e75ae98e838a984588df08e63b8e81fc507,SNOW,DAYLIGHT,SNOW OR SLUSH,DISREGARDING TRAFFIC SIGNALS,2.0,43.5,2.0,2.0
02e142add7d888e7c3c49cb3826a9fbfe569c477e11bc7af8f91149fbb7bce6cda638d60c6d466d442c5a9a40a3e996d6f652d844e5bdd9503a86787d385edb3,CLEAR,DAYLIGHT,DRY,IMPROPER TURNING/NO SIGNAL,1.0,16.0,2.0,2.0
02e1906f1fd8b6a6655c71b3fa2197e92590b97ec23ad53a6901e74f719fd7806c9ce59f6c3bcb5ccd3cd0ff8f8b6ad3513b012bcd140b897f4781c63184c7d9,CLEAR,DUSK,DRY,DRIVING SKILLS/KNOWLEDGE/EXPERIENCE,2.0,56.0,2.0,2.0
02e198089db4bea59d909a739a3f416b28e5d79a499f7330cd58d564d5033621205d39b0e1570c279e1adde0feeb30fbf1681cb165e9c569b487d262a738c01e,SNOW,DAYLIGHT,SNOW OR SLUSH,IMPROPER LANE USAGE,2.0,38.0,2.0,2.0
02e1a294d26d428f4a1eddb34be6bc0f22279a70cad6aac582f7f1d648104656d0c9d126c9fb055c0f1af74c24e9969eb43af667501ea8becd84f231904789d9,CLEAR,"DARKNESS, LIGHTED ROAD",DRY,DISREGARDING STOP SIGN,2.0,35.666666666666664,3.0,3.0
02e1b43b3a4402ea3c8fb864256b4942626376cc94bb59656f6517c9eb214cedf2e46d4238339be58fc15d6b9d0fcd4db029e5a4b38a5a65a2213ab1cfd2e882,RAIN,DAYLIGHT,WET,FOLLOWING TOO CLOSELY,2.0,37.5,2.0,2.0
02e1c2a30490a58ba2f8725df82a95fff6a23da9fe8d41b5afbdd831a268cf9630098bfc1183b8871e73b2cc7a83d629d8142cae6a4fa6cc5fdbff5a150d3fa8,CLEAR,DAYLIGHT,DRY,DRIVING SKILLS/KNOWLEDGE/EXPERIENCE,1.0,69.0,3.0,3.0
02e1f081b3bed72ec3a21edba52d3b0f2ddaae9cc325bc55ed5e72ea97e0f8898d9d4b79c1a141a384ad7fbc4b6f2eeb78f6f162f4e0d826f30336d6443e0810,CLEAR,DAYLIGHT,DRY,FAILING TO REDUCE SPEED TO AVOID CRASH,2.0,53.666666666666664,3.0,3.0
02e24a80b13b3bcd2bf6d30ebb050b3779aa5b0b9271abb32c3096e59da42366e1c3a7d01c54e0e2aad7f7e120556280055077c36335222012f19f5ef8e26a41,CLEAR,DAYLIGHT,DRY,IMPROPER OVERTAKING/PASSING,2.0,34.5,3.0,3.0
02e278d2d3e98ad76f8cdd6430a73d3aee01b76e6ee1e2865396de2c6c3482d9aeb0974e839137995055eb6d29d2ab9f600ac6187d47721e16f9d7981462745d,CLEAR,DAYLIGHT,DRY,FOLLOWING TOO CLOSELY,2.0,34.0,2.0,2.0
02e2930678d4c8161c80e44a3df18fb5186e2f57bb5adacdc18b186af4ff95e4817f486591a4e014274be4b7422db90c294a3cfa608481668df1b91d128479d8,CLEAR,DAYLIGHT,DRY,FAILING TO YIELD RIGHT-OF-WAY,2.0,35.5,2.0,2.0
02e2c784ebd6f0507a583c1dc18eeecdc7995bfb6fb0033ddc4b941cd65c704e41d811375b120508b522c956dab09d6a0b41c1a77ca8ca58cf528a23eef6bca7,UNKNOWN,DAYLIGHT,WET,FOLLOWING TOO CLOSELY,2.0,67.0,3.0,3.0
02e2e375c1d3dd93514b4df798fea8469ab84e7b22773105c43a59dd80ae8f83a448482da3a3a451653bf6720021cc8368a8e590f4ec49eaa30fb2b13b84884b,SNOW,"DARKNESS, LIGHTED ROAD",WET,IMPROPER BACKING,2.0,50.5,2.0,2.0
02e2eb8a88221cff0f022165eeb88ff881a4a760e43877387d2bffcce187e9253cc79122184b17dcc131a08ffe56d1e4f58278cb269e92f369307d77cdb60ebc,CLEAR,DARKNESS,DRY,FAILING TO YIELD RIGHT-OF-WAY,2.0,41.5,7.0,7.0
02e2ed3606a50dda185f5e97c57a45552087d6fbea1c4b5f3777e0503da72279211f0518aabbeca2cd8e8ee1aca6cae3f88a0531cb62bb39ac156ca3d55e0931,RAIN,DAYLIGHT,WET,FAILING TO YIELD RIGHT-OF-WAY,2.0,40.0,2.0,2.0
02e2f1ee9f88918bb37051071091c177ab06133f7c02908c8c775b55c4ac7780679eac464233b26a0f3493e5b1c8aa5f84c77d3e351504466ab5f711a398a2a8,CLEAR,DAYLIGHT,DRY,FAILING TO YIELD RIGHT-OF-WAY,1.0,50.5,2.0,2.0
02e3420811bcd7b3c4712360162387d3d114d16f193ee858970691fea4faabaceef6d71887f9fd816c57e5950b0bc1acfbff5b8b90cacdfc375ab625b365abdc,CLEAR,DAYLIGHT,DRY,IMPROPER OVERTAKING/PASSING,2.0,56.0,2.0,2.0
02e34822c8121d5c9e3386110e2a6b3f63337fe59bdbf87c5cc40539151a7c870a3215da0f4426a889dfc1ca1ac8d55a403adfd5e6f09744a086f14841e2a6ca,RAIN,DAYLIGHT,WET,DISREGARDING STOP SIGN,2.0,32.5,4.0,4.0
02e35cbbdca2c03b0dbc223161d41f595665616067e61fcf0dd91159bf3d52369e3f182e68313247f397d32ddd32c6664f367d07fbeaae40f3adea59f5e339c7,CLEAR,DAYLIGHT,UNKNOWN,DISREGARDING TRAFFIC SIGNALS,1.0,17.0,2.0,2.0
02e36b068f7e21983a70f5db2313a43f6380b5dbee942d7aadd3c657e7f1850b8f83de968d26b70704dfdefb37464dc54bcfd52a96371d6bbef4fbd22e6f76ab,CLEAR,DAYLIGHT,DRY,DRIVING SKILLS/KNOWLEDGE/EXPERIENCE,2.0,65.0,2.0,2.0
02e36e70b55887f208cb71fd98c2982af9d9703792d94ae6969591bc5df7787a9b8a57e46fb423723b33be9fb1974e0323132b2aab38b1993a3850bead678c89,CLEAR,DAYLIGHT,DRY,FOLLOWING TOO CLOSELY,2.0,33.0,2.0,2.0
02e3a575ffb0023458384f8c7e24c5f71540532a95bab44b10673609528220bb1bd59e97705c864361ca44d486cb817b1a3ec3245c2caae5b36a1b8a74d63f1f,CLEAR,DUSK,WET,FAILING TO YIELD RIGHT-OF-WAY,2.0,44.5,2.0,2.0
02e3b180da50094de7bf6fb5b34a1c591ef9388cbcf7e8e19e24d6b3853793b6bfde99972e661540a666ef5a5a0326af1d6f19b695b073aa83bfe9a4af52f136,CLEAR,"DARKNESS, LIGHTED ROAD",DRY,DRIVING SKILLS/KNOWLEDGE/EXPERIENCE,1.0,38.0,1.0,1.0
02e3c4affaf360a79dde92049b6ad8b942917f8034ce5cc0fa283fd4f6846c482ef8fad62e8c251e707fd4df52e6f8b5636b10cd634330528c0987498066d9d9,CLEAR,DAYLIGHT,DRY,FAILING TO YIELD RIGHT-OF-WAY,2.0,50.5,3.0,3.0
02e3c64b7f66a7f30d64ed0880e41bae511a66e99fa434093aa4a6684dcc3383c264ae2916e5a65efb28908e7d5148b0c1ebd2755f6089bb7c6b43d4aebe4598,CLEAR,DAYLIGHT,DRY,FAILING TO YIELD RIGHT-OF-WAY,2.0,32.0,2.0,2.0
02e3cbd5bd5b00eeee1d7932724b5fc8062414018ae94b272b849a4986078c438564fb21d1b132cce42057c370095cec1c87df5a45ce599aaf0ce136f5bfe28e,CLEAR,DAYLIGHT,DRY,FOLLOWING TOO CLOSELY,2.0,28.0,2.0,2.0