crash_record_id,weather_condition,lighting_condition,roadway_surface_cond,prim_contributory_cause,total_vehicles,avg_driver_age,total_people,total_injured
02e3cc8eaa45d9f7517f6beaee9ebf1b76ae863100d7d49806733c7b1a557889bfd6c9788a6feac3571e2d7e523de951dfd2dd371bf48c5ed252c64f7bd40c0b,CLEAR,DAWN,DRY,FAILING TO REDUCE SPEED TO AVOID CRASH,2.0,44.5,2.0,2.0
02e3d89b5adfc792d153bc0f667b65e0cf907f04584b3a11f7c5e7b645ef50e363c74b82e2a1e64e9aea3295c89f772596b1702d9e55858d75ea2d2375c55359,CLEAR,"DARKNESS, LIGHTED ROAD",DRY,FAILING TO REDUCE SPEED TO AVOID CRASH,2.0,26.333333333333332,3.0,3.0
02e3ea58829bc46d1c677c5ce974a0cc02956cd3080c0f34b22b89a62a65fc7361251675b0fde14ad4fa0fbce5c08475651d25a82edfedb37d4cd5e20a5057a7,CLEAR,DAYLIGHT,DRY,FOLLOWING TOO CLOSELY,2.0,30.0,2.0,2.0
02e4221fd8b8d0ae94f6c8619ec18fada163c2f83516f1de0d79eca1c2f9fb1f8fe69d6597800494a921ec39190326697bca309da607cfbf0ee1bc20b3845d5b,CLEAR,"DARKNESS, LIGHTED ROAD",DRY,FAILING TO YIELD RIGHT-OF-WAY,2.0,38.0,2.0,2.0
02e42f24d59f49a2f634f53219a9b73fd16e1f7f86f8f387398414e7f03e7d0f5ff1a68a7030a7ede9ec22074decbcbb7b6abfd451e6f6c7e9d0fb0a9042bf81,CLEAR,DARKNESS,DRY,IMPROPER TURNING/NO SIGNAL,2.0,35.0,4.0,4.0
02e42f29cb2cf443f18dae78885ae433230b1048b4c74183180b4a19251d8dce506c58ce05ea902f9a1826e0a525cca8358cd7e8f42ac5c143beb1d4560c5620,CLEAR,DAYLIGHT,DRY,FAILING TO YIELD RIGHT-OF-WAY,2.0,19.0,3.0,3.0
02e42faa690c31483520a39c9a574525f83e9e23b108052f32a5c2bb26bd41abe3c8ee652323b7646ddc0ff9d6dfc5a2e571e2b2555a9ab1b8e252cdcb9d26cd,CLEAR,DAYLIGHT,DRY,FAILING TO YIELD RIGHT-OF-WAY,2.0,40.5,4.0,4.0
02e45bee39fb4b837cc5c555b5709f223badd23992f194646dd141ca30fb09800bcb1723722de31a8e5c018264bea3e1b234960acf8b1a39faabd00b8fd53e92,CLOUDY/OVERCAST,DAYLIGHT,DRY,"OPERATING VEHICLE IN ERRATIC, RECKLESS, CARELESS, NEGLIGENT OR AGGRESSIVE MANNER",2.0,39.0,2.0,2.0
02e469553a77f9de1b0f53078f7a8ad4c30b26bf795bf6a9e729fee31cfd6d101394183431f7b248fafde5e02feb5c5477e19eebc21099c1791b35d3d1e812b0,CLEAR,DARKNESS,WET,DISREGARDING TRAFFIC SIGNALS,2.0,55.0,3.0,3.0
02e476a781ac011f1799a712600a1043cd878efadb69ed33a5665cdb80b44909808087c5bbdc05df2129bc6e21df45f0d0c2ff6d46bb133e852d0d1a15bbe252,RAIN,DAYLIGHT,WET,IMPROPER BACKING,2.0,39.5,5.0,5.0
02e488d3aa07631e45b9f1fae19dbbc889fc38c67dd9b97d80a23878ee704550ecc7763b3c634182fcf067828f62d018d89859ee021a916c768b362299c71a0d,RAIN,DAYLIGHT,WET,FAILING TO YIELD RIGHT-OF-WAY,2.0,29.5,2.0,2.0
02e4a9f139c74a28268929f5ebf0bce524d8c71e2ef7ca839dd6b094d17e51da783627884e8d13a455f458ace5a7342c6691bd7639eba6b1ad3d17fb067c36b4,RAIN,DAWN,WET,IMPROPER LANE USAGE,2.0,35.0,2.0,2.0
02e4bd958485180c0dbb2984bb2d7600462bc73b30cf08ee8c3a33e15e227bba03bc6df2d7090b6872a5b197395327b460107ccfc5cc48c4201376a587002278,UNKNOWN,UNKNOWN,UNKNOWN,IMPROPER LANE USAGE,4.0,37.5,1.0,1.0
02e4ccbb63c41b1872a40285c478ef57f36cd1945b6e7bab3b5374cc02c6df2648b294fbb65f9dfd65d215a81d56db7284c27cc661d0e99369877c6a6ddfba99,CLEAR,"DARKNESS, LIGHTED ROAD",DRY,IMPROPER OVERTAKING/PASSING,2.0,41.5,2.0,2.0
02e4dd1b0ef13590512cc1c11f9eaf4a236b32a75da3f5102b3a9b20c1b3b86384ae82d07b3c6879527a86c2a962db70d8ed6669c30cc17845fc80147ba9ee80,CLEAR,DAYLIGHT,UNKNOWN,FAILING TO YIELD RIGHT-OF-WAY,2.0,25.0,2.0,2.0
02e4f5341b69b97d1cb70048e78ace12c8c669c26ae699854b9b8d91641a9739d783bc8fcba3bd5543764aba93b701fc0acf287c878c47094b45f49ecd90bee0,CLEAR,"DARKNESS, LIGHTED ROAD",DRY,IMPROPER TURNING/NO SIGNAL,2.0,37.5,3.0,3.0
02e5077f4cff524e8d6e247dbac90fa58346d96593ede0527af1ffb3734427760ec5de585272df9ccabc3b949a61610ebf2fe0d95beccf08a715c8a04ee83571,CLEAR,"DARKNESS, LIGHTED ROAD",DRY,FAILING TO REDUCE SPEED TO AVOID CRASH,2.0,37.5,2.0,2.0
02e5276ecff7306cb905ee5ffc54a846f59278238472fe31a56b5f8acc719cd27653976b3197acb160b2d764ce47ba39e04c0f85460af0c644bba7b76e33758f,CLEAR,"DARKNESS, LIGHTED ROAD",DRY,FAILING TO YIELD RIGHT-OF-WAY,2.0,21.5,2.0,2.0
02e53b270685759b9d672399aed44109daf8235cbeac3180b135f089995f16b95f7d7b12e943aba172657777ae5218c0e1a7483458ff884fce04b94a9f2dff35,CLEAR,DAYLIGHT,ICE,WEATHER,3.0,48.333333333333336,3.0,3.0
02e564de2557bced66e9f30c796bf4e284f390187056551fd28df83999f14b50ad5c43fa63366cbab8a797b67f2f7063fc652fb04cbbf05349f6e472ae7a58d7,RAIN,"DARKNESS, LIGHTED ROAD",WET,IMPROPER LANE USAGE,2.0,45.333333333333336,3.0,3.0
02e5abbb3ee5efcf60ad9f215e5743b4be0fd9c5bd32ecf07ffb25036f4a94c5cdea24627e2dc6b4b4e0f7e4e2de7c4feaf317f8b88ed624d4bd4f295161992d,CLEAR,DAYLIGHT,DRY,DRIVING SKILLS/KNOWLEDGE/EXPERIENCE,2.0,32.5,2.0,2.0
02e5f0a9d3a6976ba4530bf0727612cf739e001ab05a7b7ca80d3387a02ada6e6aadf1ff9a18b31d07f3392a0b9b54eb4dd563099ed75a908b57de2a6a06f82f,CLEAR,DAYLIGHT,DRY,IMPROPER LANE USAGE,2.0,32.5,3.0,3.0
02e5ff06e046f6688ae73471eb030bd9c2235ce0b2cdb2e85cc07c86d53caf6e59801285a1bf4ac5d3ff5747ff034d0ab11280da254d25ffed229ccaa344e384,CLEAR,"DARKNESS, LIGHTED ROAD",DRY,FAILING TO YIELD RIGHT-OF-WAY,2.0,37.0,2.0,2.0
02e63b3bb17e4e94763e3f164c28b6e72e77e62ce976248fbce4d80265e546f9388c7d8a9dfbcaa606d5357bec4b1fd0b1d18b200f10e0d20cb327971d05cd67,CLEAR,DAYLIGHT,DRY,FAILING TO REDUCE SPEED TO AVOID CRASH,2.0,32.5,2.0,2.0
02e67cf270949f4fda09731c127ddeaa7605a6c3761e39a46d58ad95c5c7ac13a5a64b2a095e537b3f6adb49667e8673be3c4c7b7ab4202207389285001aa46f,CLEAR,"DARKNESS, LIGHTED ROAD",WET,DRIVING SKILLS/KNOWLEDGE/EXPERIENCE,3.0,41.0,1.0,1.0
02e6a6f47f7eaeecdbf8cac07098cbef95206b43011c1cacb969a09ac4fb1c565d2dac104f99691e6554531e12ac09689b1cae1913d7655c547a4b6d92465a36,CLEAR,DAYLIGHT,WET,FOLLOWING TOO CLOSELY,2.0,48.5,2.0,2.0
02e6af1eb5f874cb9d34d15dc5b7f0f5e77ae967b713a0d5389eb2c7e04bef3de84b230ca62ee518f866fbca0f3114696f7131172e8350db8bb063fa28ba0a83,SNOW,DAYLIGHT,SNOW OR SLUSH,WEATHER,1.0,32.5,2.0,2.0
02e6cab56332bf25f27129a03b427fc3389b760a0698b3f271bfc94d85cd0e5b88e736778f90b09b0be38347e5fe99422bc6b45d3d768bebab9fa21f7c9a3166,CLEAR,DAYLIGHT,DRY,FAILING TO YIELD RIGHT-OF-WAY,1.0,26.0,2.0,2.0
02e6dd2f5863cb134a4f0ba1ccfdeafbf0a8852ee4bbe41d8920b87b9d8f682f7eb19968626711faa1fe05de9a66a4480f7d27a6c1373d5644c96fe82eca640e,CLEAR,DAYLIGHT,DRY,IMPROPER TURNING/NO SIGNAL,2.0,76.0,2.0,2.0
02e70508663095a7b46f68f3cf97b1884864d8be7ab01fde89ea33bc91de2acf319ebf6f5ddae58d627edb3a7f3b2d1f399bf4f6204f96083b01c9638ebf5bee,CLEAR,DAYLIGHT,DRY,FAILING TO YIELD RIGHT-OF-WAY,2.0,65.0,2.0,2.0
02e720f5a81bac38245676ec075dd775e22b43720e589143b56fe833a406f64b49f0f258b44397dd4730c91b01b421e887724a9484f508f9f6ebde7ce7774f65,CLEAR,DAYLIGHT,DRY,FOLLOWING TOO CLOSELY,1.0,69.0,2.0,2.0
02e72fde8469e9ba0fd30455e8a73a3a3c2a0855a0f15d80cb654ff0b4284a376ab633a401be05e347d5514db1fd6481fdb60c0133f307d5b25c924faa07f338,CLEAR,"DARKNESS, LIGHTED ROAD",UNKNOWN,FOLLOWING TOO CLOSELY,3.0,43.333333333333336,3.0,3.0
02e73201af8a7b6a1640c9ea5fd5d9b9a12b72deb75bc313edc9793c4b26ee3ea2e23123e82d64bfcb3ff3bfb023209de02a4a5e158db3256bd93a5eb5ef677d,CLEAR,"DARKNESS, LIGHTED ROAD",DRY,FAILING TO REDUCE SPEED TO AVOID CRASH,2.0,29.0,3.0,3.0
02e788cadf4b0a58ca09890c5a6650420b476b139c97ae4cb3d5e1257287bf9632f90cc7a39cd03197b56fe67fa40c4ff50e146de0af189744ca57bcac5c1191,RAIN,"DARKNESS, LIGHTED ROAD",WET,FAILING TO REDUCE SPEED TO AVOID CRASH,1.0,34.0,1.0,1.0
02e78ae6e8ff4270e88c3fb76ced9dbd3c1946ba8c116f49e76eb834502ad3a9f62499d53bee53c33806f438c3dbdb7d8e6b7451524ba4e113768b637943fade,CLEAR,DAYLIGHT,DRY,FAILING TO YIELD RIGHT-OF-WAY,2.0,44.5,2.0,2.0
02e7a18ee5d533a9a616df3e1d5f6088bc2cbd29dfcd5cd63583cf5e35f681160e7fc0790746d132758fad4bf12bbb69cc56683e16843106bed67944677ef9a5,FREEZING RAIN/DRIZZLE,"DARKNESS, LIGHTED ROAD",WET,IMPROPER TURNING/NO SIGNAL,2.0,17.8,5.0,5.0
02e7b3b293e083de6101f14040f2d34c7a3ad6c0772374c0bf2188175c88677f31728fe1b6ed1b5c45a29791aff853a2140de6e440c8514208fc5718d40f6705,CLEAR,DAYLIGHT,DRY,IMPROPER TURNING/NO SIGNAL,2.0,45.0,2.0,2.0
02e7ba245c36565ea1c696dbe4c07e8ac100af5c8e81408b0c782fc5088527e588de00717be8e105a321bedb562c90c09b2114b65bbce739f6dc9449fc48ae4a,CLEAR,DAYLIGHT,DRY,FAILING TO YIELD RIGHT-OF-WAY,2.0,58.0,4.0,4.0
02e7d3e827b283e70cc10f5d6f9071154efa76ccebc70e0904873147062812873d5a29b8fde420681a6a617f023cd504b09195371c1fac6317f5ce6b905e876e,CLEAR,DAYLIGHT,DRY,IMPROPER OVERTAKING/PASSING,2.0,32.333333333333336,3.0,3.0
02e7eeecfd16fdceaa4d6b5d3db3c3a232692221c1b1567fada49072898ee68e25623f5038f523bad5c189dbbf67e1f5d08c87f747cb4cf5e9d70d1d71d36264,CLEAR,"DARKNESS, LIGHTED ROAD",DRY,IMPROPER OVERTAKING/PASSING,2.0,37.0,3.0,3.0
02e7f03ea38a0b9a950b88c25166fd139599d30f56fe86ee5d08188d9b49522d087bcae0289ad84eb2d296e3f150bb2d4e4b66eb6fa07811eb31a288d1d266e4,CLEAR,"DARKNESS, LIGHTED ROAD",DRY,IMPROPER LANE USAGE,2.0,31.0,2.0,2.0
02e7fc6b34a7b4e7e7badf66934a1308572ea612a47bd84943f911a0f142846f275cb6b1640ea66400b5e00a57cb60d0384a5ff072d066acc61d240dd0881094,CLEAR,DAYLIGHT,DRY,IMPROPER OVERTAKING/PASSING,2.0,60.0,2.0,2.0
02e7fe559c08c0e00db1e3d223aad48798d4c806df25e333cdd9fceb4a883a320b4232070f6fc8fce6b5100f56e23501a87b0023493addcf253b711eb8bdacc4,CLEAR,DAYLIGHT,DRY,DISREGARDING STOP SIGN,2.0,27.0,3.0,3.0
02e80887f5eda1b2f3c220f4a64a8713b00270e7b74c1a9b556c8d8b2c808283bebfd8830d1e0c58c6dfa0564487a1f54bc0ec0d61c2315b5e772a45635d6631,CLEAR,DAYLIGHT,DRY,IMPROPER OVERTAKING/PASSING,2.0,41.0,2.0,2.0
02e808be0690af057d32e8ad6d2acc6636070c61e85c44dab9e0f5a8c349e2c7535e19e2859fe105c2fbe1b16c988457a8b851f0ec62022e508fcd9dfbf54038,CLEAR,DAYLIGHT,DRY,FOLLOWING TOO CLOSELY,2.0,49.0,4.0,4.0
02e8532cd9746961dd6ffe5fdfe0d221bf3fe78198e49e98d41094d2597b8da37dd942c653b801aea5ffef4f5e932b2c45b31b640742f6a20207e88a15ddc5a4,CLEAR,"DARKNESS, LIGHTED ROAD",DRY,FAILING TO YIELD RIGHT-OF-WAY,1.0,31.0,2.0,2.0
02e87aa3424975144d1447c33d00dc1e11bec24981330d13d17eabbba26f343b9e04a1e6d3f5eb4c08c365fdd345276e7b342963ad35f9589417cfaaa1b7827f,CLEAR,DAYLIGHT,DRY,FAILING TO REDUCE SPEED TO AVOID CRASH,2.0,40.0,2.0,2.0
02e88138fbd44873ab03a00533d5bf903b4699270468f6f3ce29a3654d84dead6739653870a7d216da38f4e6f6ade5073884d4041f09b0b2079c0ed533006abb,RAIN,DARKNESS,WET,DRIVING SKILLS/KNOWLEDGE/EXPERIENCE,2.0,29.0,1.0,1.0
02e88aa321b94a4b3854dc237aa6e45c58a863da717156f1671ad8c432ed1acf659401d1dc328fbdceb80a77389e70e4a1c0c4686cd234bd6648a032ff4f2a90,CLEAR,DARKNESS,DRY,EQUIPMENT - VEHICLE CONDITION,3.0,23.0,1.0,1.0
02e8a02ce602e9e483ab6c83934f28be8e4be7e015b06b070f0402381119583355832cd3c100b525d77469dfff0b05fa16a7814908ce372f152b00aae560e708,CLEAR,"DARKNESS, LIGHTED ROAD",DRY,PHYSICAL CONDITION OF DRIVER,2.0,62.0,1.0,1.0
02e8cbcb3d4c3750298d12f79f2e4cd363459c2d4483f914a808836d3c5b27ee77d092b2c91d283923d0a6a1c73eea5b2e1c15e76dcb68d2efc6a47e8df09a37,CLEAR,DAYLIGHT,DRY,DRIVING SKILLS/KNOWLEDGE/EXPERIENCE,2.0,20.333333333333332,4.0,4.0
02e914df6e89f74e97c35ef2e1834da7a78d81d358028f64b8c214c4ad11e3b5b58c36afed5d87818d7b1206623da1b3ec8a0ee84caa6314be83cde210bdd9cf,CLEAR,"DARKNESS, LIGHTED ROAD",DRY,FAILING TO REDUCE SPEED TO AVOID CRASH,3.0,48.333333333333336,3.0,3.0
02e91b40f54628b9b6afb1874193bdf7e73720b8f39318943290d355a751e00fc8f6f1da30cd1b55460b822f5b1a812db983bd99ec8575fa30fb3fefef5870f8,CLEAR,"DARKNESS, LIGHTED ROAD",DRY,IMPROPER OVERTAKING/PASSING,2.0,50.0,2.0,2.0
02e929d56306a233680b5325496731744546a28d214e2b2514dd960e6adb754e57ca97bb8990a2e86e1b41a5415aff3989e41954cd8549afa2a262992ba55c4a,CLOUDY/OVERCAST,DAWN,DRY,"VISION OBSCURED (SIGNS, TREE LIMBS, BUILDINGS, ETC.)",2.0,64.5,2.0,2.0
02e92b95caa2c930b1e4ad972b994b33108b55dac141372f7e32c7b6ba447cbc1b020464b83e341eae45ae7ec1deb7f7bb63e6ed51ba71e0e2f0fc79af580ab6,CLEAR,DAYLIGHT,DRY,IMPROPER TURNING/NO SIGNAL,2.0,29.0,2.0,2.0
02e94d542488c56a6ff75e253a4b8ea3273466dc2234ef0e6ebbad5d106b4237792675710055a37caa5c76bb0d005538afd3da7d3c19ce2c79175be9ef4446dd,CLEAR,DAYLIGHT,DRY,DRIVING ON WRONG SIDE/WRONG WAY,2.0,51.0,2.0,2.0
02e96918bfb25c387f99ac2c28fec62faccd44a9a2b2f95ad17e30a2ff22d3941ddbc16d25a81706bb2303afcb91a7cf95161ec17b2af8024c914f2523927430,CLEAR,DAYLIGHT,DRY,FOLLOWING TOO CLOSELY,2.0,39.333333333333336,3.0,3.0
02e97028d2802ddd127bfcdb4aad3b7bb23fd5ec44f1e41db73dd45b0fb0a1e542a1bb258dcde67d812446a1203ad1d3fc542cfad8d878d827ef4d5355dc14ca,CLEAR,DAYLIGHT,DRY,"VISION OBSCURED (SIGNS, TREE LIMBS, BUILDINGS, ETC.)",2.0,45.5,2.0,2.0
02e973eaeecf56d8a76d8c9536e10c0b74b9cd0b856c47d2e1aff96368692aa56873e775b1ae9ff1d03c67e505106fcdc647bea9e8aeb5ce684b9be834715bed,CLEAR,DAYLIGHT,DRY,FAILING TO YIELD RIGHT-OF-WAY,2.0,45.0,2.0,2.0
02e99ad2e1457e5ce2d8dd776c729b60b8f0f0f5489af721bbe91501e2ff79ad8be6cce327a37552d9fe09b79f9b0e1d21f59b508059a1ac904ce3b5fabcfdf4,SNOW,"DARKNESS, LIGHTED ROAD",SNOW OR SLUSH,WEATHER,2.0,37.5,1.0,1.0
02e9a4a4623d5582c4038bf3c4a2baec506279f4b17acd4cf0fcce1d530dba80cd3abe89e022def1096a3f7d6283cd6e877040d1eb8e75507466fb52f1f3b5fc,CLEAR,"DARKNESS, LIGHTED ROAD",DRY,FAILING TO REDUCE SPEED TO AVOID CRASH,2.0,20.0,2.0,2.0
02e9c841ec6a1b15d2781cb6891ea19b38602e113cdd3bdc8761547b14a20ae803a62db15f572dda1aa44b29022a38a2a0b958c4caadc1119657d1f7938b970c,CLEAR,DAYLIGHT,DRY,FAILING TO REDUCE SPEED TO AVOID CRASH,2.0,27.666666666666668,3.0,3.0
02e9d011be7cada3b536d65a0103df7d7a8e4ebe191ed6e2ec7d145e4f2e258d18cde7eb0a9043972ad2097048b5066c3e32577120889695cf37e476102e51fd,CLEAR,"DARKNESS, LIGHTED ROAD",DRY,IMPROPER LANE USAGE,2.0,40.0,2.0,2.0
02e9f211998dfca0d27e885d00463204a54a999e881384c5cab46ba7768d87cebe148c6cd768f677bcd057b56c011b411e43b0e1752e0df1e435e06ec5da6a7b,CLEAR,DAYLIGHT,DRY,IMPROPER OVERTAKING/PASSING,2.0,33.333333333333336,3.0,3.0
02ea0d5f8673f6e3f7489f3ae3a4e2cca79f612c3b6204faedf402ecb2f52d25926c450f8979dd053fac191b5ec1ba4eeccd7f632682b3748f380c000cb2d250,UNKNOWN,UNKNOWN,UNKNOWN,FAILING TO YIELD RIGHT-OF-WAY,2.0,49.5,2.0,2.0
02ea263e5fdc126c13df3ca2f8731357f0ce541bac665cbfcc1e6f4a61b5c9dfb61f082f279cf46935d93317ccdbdf14b0817007e326e1a784088c8c3f80739a,UNKNOWN,UNKNOWN,DRY,DRIVING SKILLS/KNOWLEDGE/EXPERIENCE,1.0,58.0,1.0,1.0
02ea28460a5e46e662b728f4532b531a3e1e48a2b5eba2a1302a7b68ea70aa3701106cc8bffbee8868d21a3f65c1358566a9445af3f572c3449bbd275a09b6c0,CLEAR,"DARKNESS, LIGHTED ROAD",DRY,DRIVING SKILLS/KNOWLEDGE/EXPERIENCE,1.0,26.5,2.0,2.0
02ea6803364f0f5d14843048c1a9496b563a18b6ee73f9d65dd79d378fe66e51548dd4aaa7325490038aa224bd82fc3c02ee2d9bf6f4cc636a692fd041d283c4,CLEAR,DAYLIGHT,DRY,FAILING TO REDUCE SPEED TO AVOID CRASH,2.0,50.0,1.0,1.0
02ea8375ed8949bef0705336ac4ea291b99d4b800a78387f361ef2ba79c9a8f8d1fdde1eff5c02762be49885e6346bce0738063f9677921391ba91a5b86ebb39,CLEAR,DARKNESS,DRY,DISREGARDING TRAFFIC SIGNALS,2.0,25.0,2.0,2.0
02eab3ab51eafcc61857d392c048bf18e17b1d57cf02fcdec2926c7124643a72a906533a0b1ce79af5fd744cb39144d9f61022c224ef66acdbff65326412e8e4,CLEAR,DAYLIGHT,DRY,DISTRACTION - FROM OUTSIDE VEHICLE,2.0,41.666666666666664,3.0,3.0
02eacc3c685a2826b7b76e10333338bc40285bea3c942916ab0b97abdcdad7d0490ecbf5660f1f4a46b05b22260df2ff673f9d12f9bd14865494dcb2e9221b7c,CLEAR,DAYLIGHT,DRY,DRIVING SKILLS/KNOWLEDGE/EXPERIENCE,2.0,52.0,2.0,2.0
02ead3b42776719c7f55770bdab3d204763019b33965f934c69c9005046b89130d7e3cf632ed7572f981a6bd479d0a2ac8e34774929886a0399744b1d75d96e1,CLEAR,DAYLIGHT,DRY,IMPROPER LANE USAGE,2.0,30.666666666666668,3.0,3.0
02eb0a89d50b66ecd275a6798fc3c1364debc0a5565b40ccca17712bf29dfd753e517b81fab5ca96a1f28cf328ba747ac8ee2b9282972b4a58a26e827172cea1,CLEAR,DAYLIGHT,DRY,"OPERATING VEHICLE IN ERRATIC, RECKLESS, CARELESS, NEGLIGENT OR AGGRESSIVE MANNER",2.0,37.5,1.0,1.0
02eb220d1b0fd8f39d70a23d531b56f695675f50114f3bb8dfeea62068f6cd5cdaaca7c6aeea9b671d71001af4a1bb5e9df55d0f4a17d3c07203a8c7023eb57a,CLEAR,DAYLIGHT,DRY,DISREGARDING TRAFFIC SIGNALS,2.0,60.333333333333336,4.0,4.0
02eb22884e93370366c9108fd06119be4d7e47695ea24d72cdb4115eaba04757fa95c5dd32b15308fc858cf6592f1a9af66e6f98d9182194edf6b7fb3c799045,CLEAR,"DARKNESS, LIGHTED ROAD",DRY,IMPROPER BACKING,2.0,37.5,1.0,1.0
02eb22e6ae5a9d80f8808c60e2c485c939899ea0b51e6cc94fdfd0bf2c6292fb11ba00a161ce76b990286d724a9f514a6745808df3a8bbf74a7abdd748171c71,RAIN,DAYLIGHT,WET,WEATHER,3.0,22.0,1.0,1.0
02eb24143a5bdf54306187f0a3a9059d46aeac570ecc1c3a631a7fc20aa6dc6f6c54a3be567bd8a55119926f986703669ca7711b48e4caec86e9499f15b0a15d,CLEAR,DAYLIGHT,DRY,DISREGARDING STOP SIGN,1.0,38.666666666666664,3.0,3.0
02eb80afb8992bb1747681da3d30fb849215949d1a9c6609b74cedbae2ed233df306fcba8bda1e024325c9bf38fccf991a2be47a75913b7db208e67216e31cb5,CLEAR,"DARKNESS, LIGHTED ROAD",DRY,IMPROPER OVERTAKING/PASSING,5.0,51.0,2.0,2.0
02eb8ddc6da5e6f98cd095d6166d231aa9537c8f092becb3b458490905dc95044c196e1454e478175abac77965948c2ba4a7692bce7518932b577b1cd9e61970,RAIN,DAYLIGHT,WET,IMPROPER BACKING,2.0,42.0,4.0,4.0
02eb99181ff60afbff8221d8c1efacd68827065e1da12a95c26ae0732357902c4f845a28cfc26108d701ca5937d4c354cc1fb3448b1dba645f2b93c38d7789bb,CLEAR,DAYLIGHT,DRY,IMPROPER LANE USAGE,2.0,46.0,2.0,2.0
02eb9e7bee84d433f6ff0933a1273bb95afb4c0f6ea540c4ba8828501d6cc35f926b7f009c0c2b93a9847f8f97a05b326087abbb21cb015ea733caebb1116e3f,CLEAR,DAYLIGHT,DRY,IMPROPER OVERTAKING/PASSING,2.0,35.0,2.0,2.0
02ebd0de269f40d87f5d3cc7b57817b13bbf9573d8a95bf4d5bb48bcff07c6fefe379ff794645329ca8ad8f3f9ee600da96da568a269c6b062b2b6d20357b817,CLEAR,DAYLIGHT,DRY,FOLLOWING TOO CLOSELY,2.0,28.5,2.0,2.0
02ebf3e75217caa1eac918f4f164a567f6ef92a7b21b4fc556333694581bcb8dc049670b693eb8c2fe7645eb69e3bbd213cb8cd3a22c8edf69190e1e73c97b37,CLEAR,DAYLIGHT,DRY,IMPROPER TURNING/NO SIGNAL,2.0,37.5,2.0,2.0
02ec4bb1c758bf89aa1056164a5eb5303aea7d64e045c8fa2f5c54e228abb7f9f903ce712c19c8f1fea4d2568f5909baace15b843b8c971428edfef3d0f3ea60,RAIN,"DARKNESS, LIGHTED ROAD",WET,WEATHER,2.0,37.5,1.0,1.0
02ec4c6e4fa0afa09e3140db8890188d4fa148a8cd439eb2d79a294c6e8f912b0d5cfa303d6ec7f9496119f43843fc2eb7ed8c40b25d8eb41f7edbd0e53b0b3d,UNKNOWN,DAWN,UNKNOWN,IMPROPER OVERTAKING/PASSING,2.0,29.0,2.0,2.0
02ec5119c87e774ba572c5698e66e3856f954e2c3014cc80379ad9f0c183832ec4f43f194803bb5e88a72d042f5371e7e0d20e9476f0145ee450251f39e80dbc,RAIN,DAWN,SNOW OR SLUSH,IMPROPER OVERTAKING/PASSING,2.0,67.0,2.0,2.0
02ec58cb5dbb758cfee793f3503050899112a4526fa2de017093d8e35f6296b79fc37be492d94831b466d29963c1584ca0e8b8d7c42035709ed76da92e6f93c9,CLEAR,DAYLIGHT,DRY,FAILING TO YIELD RIGHT-OF-WAY,2.0,18.0,2.0,2.0
02ec5baf81e3acd3f7dc0064edbf0dcc786e34ae82aa513ded6a3046a0e246938a14ec1298573cf46564e4cb99fa54c52f547eba15cffb463302df5dd3810302,CLEAR,"DARKNESS, LIGHTED ROAD",DRY,DISREGARDING TRAFFIC SIGNALS,2.0,35.5,3.0,3.0
02ec6a16beff053af340819a602ef12f0cc77ada74f40f05304323e329b6e3a7047803b2ca5a42fabd935ed3fa4989af415a356c8486fa9ce780b48c8d38ce9b,CLEAR,"DARKNESS, LIGHTED ROAD",DRY,FAILING TO YIELD RIGHT-OF-WAY,2.0,82.0,2.0,2.0
02ec801fd29885d2bb83414fd9ec4ad2b0e83ec5710e19357ed9efc32dc56ad9047724ca97b39f0d114f80f553c34eb752dceffe94b7a0ee3b6dfa1b322e5345,CLEAR,DAYLIGHT,DRY,IMPROPER LANE USAGE,2.0,32.666666666666664,3.0,3.0
02ec825cc178131ac04a010a7b30b06adc27d84a7b3a9f4018ea6e7099cd2e76cf10ec32d332f8890340a457d01c33b8276002159088becfafba4b37fca56de6,SNOW,DAYLIGHT,SNOW OR SLUSH,EQUIPMENT - VEHICLE CONDITION,2.0,38.5,3.0,3.0
02ed094cad9c674607a70c2350b3ce889a3f5039d07b126d0758c44651d64fe6b926d9512e250055b7890c36e96efdc97b317ea1f751ce8efc612eb13aa1823e,CLEAR,DAYLIGHT,DRY,IMPROPER LANE USAGE,2.0,40.0,3.0,3.0
02ed0bf9a8688fc86f21ea4577b5bfb1398f7eb10baa2b798a26364c6b66c7cb4dd52792d52744a7b17c07480be17878729eaceebdcb4f1b57a87fc372c9fa85,CLEAR,"DARKNESS, LIGHTED ROAD",DRY,IMPROPER OVERTAKING/PASSING,2.0,27.5,2.0,2.0
02ed1504026c87f4f65fe92ca77948fe8060fe0933d83bd761c4dd080c494a5bc32e005a665dd0c5f05e1645188c4656e464ed325a1cfb14ef78d58f888c8600,CLEAR,"DARKNESS, LIGHTED ROAD",DRY,UNDER THE INFLUENCE OF ALCOHOL/DRUGS (USE WHEN ARREST IS EFFECTED),2.0,28.0,2.0,2.0
02ed61064ade5d65ff064d96770190cacbc2f98f23921543a78571063e2230b308abd10bfdc3bdbfee18c644a01db2647c311491db1349480e189fd82ba02500,CLEAR,DAYLIGHT,DRY,FAILING TO YIELD RIGHT-OF-WAY,2.0,53.0,2.0,2.0
02ed87f5d14cc1c59e1c19efe827b77488a9d53c6cfe3354cc40edf9587935cf2825fddb9775b343457bf6e82029f01fb33ca019eb32e67d4ed2d5a886c08565,CLEAR,DAYLIGHT,UNKNOWN,FAILING TO REDUCE SPEED TO AVOID CRASH,2.0,28.5,2.0,2.0