crash_record_id,weather_condition,lighting_condition,roadway_surface_cond,prim_contributory_cause,total_vehicles,avg_driver_age,total_people,total_injured
02edb14b22be390c0a02d9098e0f5b2ffac4cedbf88726cd01ee950cc891badb1b3b11d5bd70e1f62a1b47b2e93f7d4d402a325cd83319b39b34d9caa84bde4e,CLEAR,DAYLIGHT,DRY,FOLLOWING TOO CLOSELY,2.0,46.666666666666664,3.0,3.0
02edc56eba440e02e89d51fc3d6e89f2c3b93cc08d4694cab310bc555305b62e52e8074a4c0176417dbdf8ef5f6ee43f9f9899428515733466d287041a37df3a,CLEAR,DAYLIGHT,DRY,DRIVING SKILLS/KNOWLEDGE/EXPERIENCE,2.0,37.0,2.0,2.0
02edd93d422ea1e9a62d20095e8f1fb9b5b0ccc13e6b0c04e4c9b2f27ab870c3046708b8dd02eb38501ddca222a52ea8a998917b8a4ec61c6a18cf97e2c1e1d8,CLEAR,DAYLIGHT,DRY,IMPROPER LANE USAGE,2.0,37.5,3.0,3.0
02ede6ad79132cef2d1d7b980c9a5ce89e57252bca895b131f381fed254de6787eb4b249bb46335e8f748a37dea67e6b83f5831f213e0ba9ba489b6cb2584f38,UNKNOWN,UNKNOWN,UNKNOWN,IMPROPER TURNING/NO SIGNAL,2.0,51.0,2.0,2.0
02edfda396a12e0826bf422dd22e5044ec56679e02203109d8a1c6208f0a6f6846ec1cb4112b1d6fd0fcb354a7994debae01be38e1c89f32a4996a8fdde80f73,CLEAR,DAYLIGHT,DRY,FOLLOWING TOO CLOSELY,2.0,44.5,2.0,2.0
02ee07e4518cdcf417b5869b89466e1d0b532cd7432bb4df0288ac621440e41968bef0407b7ca0af52020d787cb58903de23738a48a2f867514f02f58ea50060,CLEAR,DAYLIGHT,DRY,"DISTRACTION - OTHER ELECTRONIC DEVICE (NAVIGATION DEVICE, DVD PLAYER, ETC.)",2.0,38.0,3.0,3.0
02ee1c28ba4bfd7cb165156e8318fdaf740de452e96b0290721369c0d3e51851960ff98c918154b0790b906598c1099d28b42392f3949f3b3010b64dcc491b67,CLEAR,DAYLIGHT,DRY,DISREGARDING TRAFFIC SIGNALS,2.0,66.0,2.0,2.0
02ee480e24336b7f48e5bc83442bec5f9283cf55746368220b8c9141762e4115837edacf94d56f3b08211f4912426a797168a7d870d7a83306170259a70edac0,RAIN,DAYLIGHT,WET,"OPERATING VEHICLE IN ERRATIC, RECKLESS, CARELESS, NEGLIGENT OR AGGRESSIVE MANNER",6.0,44.0,7.0,7.0
02ee8d00cc2db2207bbef89e75638bb62d1b1390d559b47a3c0898ad286979f9af42a9c0e495aa8298f5f6f33f8f5a5bef95db9cf0927c529aa7757d224d3806,CLEAR,DAYLIGHT,DRY,"EVASIVE ACTION DUE TO ANIMAL, OBJECT, NONMOTORIST",2.0,42.0,2.0,2.0
02ee9adf6e9d57262543e784ae1dd362b6c2f710b8ba5515550041c9430a0b803dc73606438bb18f5fe57b1319823a112973ffdb2a48de8a2aa28dcedd138ba1,CLOUDY/OVERCAST,DAYLIGHT,ICE,WEATHER,1.0,0.0,3.0,3.0
02eeca535e86cb130902417d0a91b31ab7fa1935dac382d5e01c79eee618b1249332788d890e41179eac9047b7122e6b4608d2c32018047786617ff85ff9bd37,CLOUDY/OVERCAST,DAYLIGHT,WET,FOLLOWING TOO CLOSELY,2.0,65.0,3.0,3.0
02eed601c46db0f41b58391c5a334dca782dbf21f1a484563db52a49933584583759856630049db7de7cad2431ea04eae0f6154644a1c6c336095e6de896fde5,CLEAR,"DARKNESS, LIGHTED ROAD",DRY,IMPROPER OVERTAKING/PASSING,2.0,53.5,2.0,2.0
02eed7fa6f75f945d9b27465ffd81a0fb5912b90cab522d86ff06c3bd261e566b0c12c8296851eb91da88c5b616bf513c4db936cbd58623ca04067014d148b0e,CLEAR,DAYLIGHT,DRY,FAILING TO YIELD RIGHT-OF-WAY,2.0,30.0,2.0,2.0
02eef7bbca860d6003e6a37dcaa2754fe318a16c646cf02dd3cfbac3b991bd0059341ba340b9818eed8feeaabc9854b71eee20ace62dfc14e4a9ce4b02b2d416,CLEAR,"DARKNESS, LIGHTED ROAD",DRY,IMPROPER BACKING,2.0,18.0,1.0,1.0
02eef7c967f7765f44c9dbd0efd22a3a36230670e1511800a4213d85d40333dc2dc40081ec37323a3d004f3f454bac3fb889256cab17c0bd2a4b7c8218e14d9c,CLEAR,DAYLIGHT,DRY,DRIVING SKILLS/KNOWLEDGE/EXPERIENCE,2.0,37.0,2.0,2.0
02ef0c9743bc5af57e37c27b96652cdce0563d8f0072442cc20c1d133ceeeaabee50e6a426d3f721c03fd3600c50020de2d6f0b3ed2df739216f8c5a9cc92cbd,CLEAR,DAYLIGHT,DRY,IMPROPER BACKING,2.0,37.5,1.0,1.0
02ef191bc5f62d1c1d82c0b9de3cf58a631b84d5a5a0598584b8dd438648629588ef49823fc9c7704d401523e4f858f4a8f0bb41e9fd8c5f8815a126955b2b70,CLEAR,DAYLIGHT,DRY,"EVASIVE ACTION DUE TO ANIMAL, OBJECT, NONMOTORIST",1.0,32.0,2.0,2.0
02ef301b6ada074fb7304308f074734b43e96f15ae9bc0f43c21b9016d09c9bd1690b514da082e7160fee0368cfee4da07f53c459b908b9587cb9acb5863d479,CLEAR,DAYLIGHT,DRY,FAILING TO YIELD RIGHT-OF-WAY,2.0,39.5,2.0,2.0
02ef4db43df9f2c684cdd680669045b8c0bee3c11ec3024e2a548f819dfc18369b24a19988a12ada13dd5bf9c5872313c2466c88c1f1e8da4d05822263dae22c,CLEAR,DAYLIGHT,DRY,FAILING TO YIELD RIGHT-OF-WAY,2.0,55.0,2.0,2.0
02ef6042e941f7d8dc54206e799b83ad6621a8836a9e002e503670b90632c09c555574c3921565cd90bf242222980e2aade2f93d72030d155e4f99f8ea38dc63,CLEAR,DAYLIGHT,DRY,IMPROPER LANE USAGE,2.0,36.0,3.0,3.0
02ef67de03fa003bd31a95051806f6c1840c006bb1c9f7aadad9cbb5e518c78071d29e38f1df072079a6f1dedef05cbfc83bb934c1969fe72bb591376f69c2e8,CLEAR,"DARKNESS, LIGHTED ROAD",DRY,FAILING TO YIELD RIGHT-OF-WAY,2.0,23.333333333333332,3.0,3.0
02ef80e58eb371884f0e657e0193cdd3bb00ee90e302ad87fa2ba56b00fbd766bee2e39c3f845de2d6ce7d21982825255cc2dbd1fadb640fee76b3f9be15e31f,CLEAR,DAYLIGHT,DRY,IMPROPER OVERTAKING/PASSING,2.0,38.5,2.0,2.0
02ef86443b4a655f6859678c7a2e085d5684545320ed23dbe98b0ede559fea04e22ea75e76235a144954e4748e3d616e80906a9641c4b9730bcb2229886db165,UNKNOWN,UNKNOWN,UNKNOWN,FAILING TO YIELD RIGHT-OF-WAY,2.0,35.0,2.0,2.0
02efa159393da45c55359ab50f832999ebfda73379e8049d2aa7d2a6cf1eee20c34b43a3b477989bc514839714ece1374def7a8fcc3082a6310470c9bc8c1437,CLEAR,"DARKNESS, LIGHTED ROAD",DRY,EQUIPMENT - VEHICLE CONDITION,2.0,36.0,1.0,1.0
02efa8337d80d251f66f37936c0dc840c29c8ee672bcb76531e97f0d6c462c85a1064bc8919479552776574c3fb29fbffe748cd1d22474ccd1573db21fd1221a,CLEAR,DAYLIGHT,DRY,FOLLOWING TOO CLOSELY,2.0,37.0,2.0,2.0
02efb211d81a2e130009f4fa01c273af68f6fb3833c2c59358126c49f1b634904456335fee7754940c3db4aa61203f026898a543e285686688f9dfa936d2e617,CLEAR,DAYLIGHT,DRY,FAILING TO YIELD RIGHT-OF-WAY,1.0,44.0,2.0,2.0
02eff1808c94b33b068cad3654910ca46045cdaa06986393ab983fd3789cd14a8187dbf9132332fba5d705ba60039f46ca267eb8c2598d82492d45111be17c4a,CLEAR,DAYLIGHT,DRY,IMPROPER OVERTAKING/PASSING,2.0,32.0,2.0,2.0
02eff7dcb69a70b0e7155510cced31a74cf020976430774eef58e6e77d849d0153b56b09fdfd0970a599c734c4e616db32c7ffd4caf273e6774957a9616e68ad,CLEAR,DAYLIGHT,DRY,DRIVING SKILLS/KNOWLEDGE/EXPERIENCE,2.0,28.0,1.0,1.0
02f004313704f0a81acc674562b9c9f4c48418d96e1d41ac1d720fbcc740fca6a44f3b43158639feb8ef6568a5a9c0e2eea571496cc9818bc78c17a759d137c7,CLEAR,"DARKNESS, LIGHTED ROAD",DRY,IMPROPER BACKING,2.0,33.0,2.0,2.0
02f02b9d625121fd83bc055c285567590615226a180f18376d816f686e1e9f3f68a53338b2b93ea59447150a7ae8b86063659ee0c3624ed167188b48ce78c7e2,CLEAR,"DARKNESS, LIGHTED ROAD",DRY,FOLLOWING TOO CLOSELY,2.0,64.0,3.0,3.0
02f03380f675df4bd7483f7ceba149d95e37bddcb91f34ed7a15a5b3d9c128fa65dfdf3c86d51a71da49d21117eaa6b2f575111d94d8c39278d1a4b1a4e613b2,CLEAR,"DARKNESS, LIGHTED ROAD",DRY,IMPROPER BACKING,2.0,40.0,2.0,2.0
02f03663156bdf6b3f050e37a42a70a6c5e19d0f4b8d8411c3aacf09aaba7c723e140bed90db369d2ed48f6071aa27dbb3066b986e64f8c0af061532378536c4,RAIN,DAYLIGHT,WET,WEATHER,2.0,31.666666666666668,3.0,3.0
02f03972578d6b6c511d6e721e0e2aaa05f37ee507eed28f64664f28d7dedcf480b5c7d3b2fba4a2a3b01d9c878e0f6886df4bb482803968a40537d7d9a09cec,CLEAR,"DARKNESS, LIGHTED ROAD",DRY,DRIVING SKILLS/KNOWLEDGE/EXPERIENCE,2.0,31.0,2.0,2.0
02f03b5c5fda553822e5290fb6ca3137bec08d071f14c69939c246e7313883556fd0566704e5d398be149fad6b4438ddefe3f39f18059e39e8a37e2752697c1b,CLEAR,DAYLIGHT,DRY,FAILING TO YIELD RIGHT-OF-WAY,2.0,38.5,2.0,2.0
02f05917de2f994bd76e3e5ce7b7852626f351b54204a37c9c3512b823f3bc4bf7013204dae29e921ea3e4257969c2147d331092c657be57b1ce73fbd95a3a39,CLEAR,"DARKNESS, LIGHTED ROAD",DRY,IMPROPER OVERTAKING/PASSING,2.0,32.0,2.0,2.0
02f0876d521419c190947326e774734ce2c5bb9cbedac8112312596cc664c8cb09606710b7a5a8572980b8958cac6673c5733804d4d9c6508116f763b7cdd628,CLEAR,DAYLIGHT,DRY,FAILING TO YIELD RIGHT-OF-WAY,1.0,23.0,2.0,2.0
02f0b44d47bdd3c9473ab25ec447941c7af1cb586a668c59096d5ed4e24c3de9459e5978b3a3528c9acfa427f32f6df7945dc17a1d6ca0803fa9b6b1131bb835,RAIN,"DARKNESS, LIGHTED ROAD",WET,WEATHER,2.0,70.0,2.0,2.0
02f0cbf9b5f471a122fac3d08ce3f4071571eed0cff9ca57840005a078c6723da32a7c74fdf1e41cf54da3b9e8c5405b9d05eff47d41dd789197804f3ea79f10,CLEAR,DAYLIGHT,DRY,FAILING TO YIELD RIGHT-OF-WAY,2.0,31.5,2.0,2.0
02f0dccfd2cce681daa5fbd6583cca42ba4095af7dc6ea989632d904aa3c79a5bf3a0e20491f2dc93465a13c568c2604142eb394b948c2115d3d2e771be039ec,CLEAR,"DARKNESS, LIGHTED ROAD",DRY,"OPERATING VEHICLE IN ERRATIC, RECKLESS, CARELESS, NEGLIGENT OR AGGRESSIVE MANNER",3.0,37.5,3.0,3.0
02f0fc77448278be85915332cf34d0652346ca4a87109b46850cf7febafa4f3a0d47012048496e31292011985065fd993244f95b78f617aee569f28819a6d2bf,CLEAR,DAYLIGHT,DRY,DISTRACTION - FROM INSIDE VEHICLE,2.0,37.0,2.0,2.0
02f0ff85cdba1e7ec92f7e4afcb1ee14aad9a30d2c1c08f306f33f471b0c984b3806a8115285c11a5f4635925baa2e8e1abab595d2794eb48f1b714777dc01f0,CLEAR,"DARKNESS, LIGHTED ROAD",DRY,IMPROPER TURNING/NO SIGNAL,2.0,28.0,5.0,5.0
02f103ea12f84c0c13513a616e33d83d46af49ae86f52fe4ad12a1e51e10d4e68688d9ebb57687c7e496df5b8fd9c6be042b047f0fd4d7f9914e8b02048a51bc,CLEAR,"DARKNESS, LIGHTED ROAD",DRY,IMPROPER BACKING,2.0,37.5,1.0,1.0
02f1243fcb580137fdc452b23b0faa076716e87a0e10dc95357e551c39b6eda67d38504e6ee976c379528277a547644d02992f6a909de597d8976a8328046d6e,CLEAR,"DARKNESS, LIGHTED ROAD",DRY,PHYSICAL CONDITION OF DRIVER,2.0,62.0,1.0,1.0
02f17632994af946111207ffae5dc058c12a922046d90a92bfab7dcddf6f5cd95033be068537702b30fe87c62f32384edaf6398fedb431a5b38d347bc499bc87,CLEAR,DAYLIGHT,DRY,IMPROPER LANE USAGE,2.0,56.0,2.0,2.0
02f1cc3e59aade152cc47f78e006aac7859273f0570d79c59dd1e96a2e67179789edfa83dd81297c47dee665702ae95926717960497f06038a626bf34e78a973,CLOUDY/OVERCAST,DAYLIGHT,DRY,DRIVING SKILLS/KNOWLEDGE/EXPERIENCE,2.0,47.0,3.0,3.0
02f1cc5e2360b0e74a1a55ea12c2f3c383c36f6b745f55871d9a2a661213a2bedc6a2731f78d6011a262dc94174733ba7958386c38fc30c649b7308e747265d2,CLEAR,DAYLIGHT,DRY,IMPROPER OVERTAKING/PASSING,2.0,52.0,2.0,2.0
02f1d17240f6654fce4b8f2f0045717e8f7a612daf043bb76c3c07da7509390a86fe897759461df756fd373392132222927691f42ae73ca9018ed00609d440e9,CLEAR,DARKNESS,WET,FAILING TO REDUCE SPEED TO AVOID CRASH,1.0,20.666666666666668,3.0,3.0
02f1d603851477d6f39bd8f2ce71c52ecf9988a604fb4618dab00f04a3e1d41dee64802af283115b909977788323f40a59bfb3a72093db0376594d0d7902e3cc,CLEAR,DAYLIGHT,DRY,IMPROPER LANE USAGE,2.0,33.0,2.0,2.0
02f20e279b6da50dd283d0ce3e205b54f2a305060692ac0336c13564959d370db53019abac48af53ad1605d21ed8116ad5a23a8878ce5eb54f09d34570c78952,CLEAR,DAYLIGHT,DRY,FAILING TO YIELD RIGHT-OF-WAY,2.0,0.0,2.0,2.0
02f213fcd86f7444b4f7be7130c57ecfa09fa5e42dbc830c2a6049e5ec5c1878ca0a9a3ba70f574396b4a9c158beed9e798ea6537dde8323f2f7b34f65e4520d,RAIN,DAYLIGHT,WET,FOLLOWING TOO CLOSELY,2.0,23.25,4.0,4.0
02f216b3a450db4a1b47a99a2dd60501f8244ffaae967c653c7024991955fe44ecb33a63c61861505046cf3b23258dc2300b128b754b5db3df0ceed20fc492d5,OTHER,DAYLIGHT,DRY,DISREGARDING TRAFFIC SIGNALS,2.0,29.333333333333332,6.0,6.0
02f21e7d3d845f70900016c241dccc22d07225e205b848cbda4a693b0d7327c1860a42a68833a78a9a5ab48e08df1b6884d5abf8f4ba4d55423be61cb6817f88,CLEAR,DAYLIGHT,DRY,IMPROPER LANE USAGE,2.0,30.5,3.0,3.0
02f2301a6f6b9ca797a505d294ea882140bac6ae9ac0d9da2e3036dc70c32e74cbf63acf3ce615d8357a0ab88254bb51e6216884ccff21b001d3c9ee3fad90e5,CLEAR,DAYLIGHT,DRY,FOLLOWING TOO CLOSELY,2.0,33.25,4.0,4.0
02f286346895c8d69a926a7eb8d033b07d0d6b3a4b925cdf529bfbe418fd0d64d92e5fd62d5c41cde233d7a2c8c4ffd864ee9e19aea7957f363b3f4a7cab4c1e,CLEAR,DAYLIGHT,DRY,"OPERATING VEHICLE IN ERRATIC, RECKLESS, CARELESS, NEGLIGENT OR AGGRESSIVE MANNER",2.0,47.0,2.0,2.0
02f288fde90339c94bbb122370aa7e9c378d7026db9b45f02f1d786a4682a800764ce154ad8adb61b3c97186c11707c9606b0d7ae2a24eecd5e639fbe4d2c178,CLEAR,DAYLIGHT,DRY,IMPROPER BACKING,2.0,46.0,2.0,2.0
02f2982a0602ebeb9f8088761d65dc734c9a13aba42a5719ce48123892417f7019d0d9fb888c06a91639b2abaa01c9e3d3686d164f24ca64a2a2b1a8e93a1678,CLEAR,"DARKNESS, LIGHTED ROAD",DRY,DISREGARDING TRAFFIC SIGNALS,2.0,52.0,3.0,3.0
02f2a205c66772a8f2876a4026e810ed24f6c2f7a1a48e7e07947ab0f39a0ccbfe5ca223365217b1a80bab43a62af51ccdd77e3d74886849bd98a3e86a74d2e7,SNOW,DARKNESS,SNOW OR SLUSH,DISREGARDING OTHER TRAFFIC SIGNS,2.0,20.0,3.0,3.0
02f2c9e5744789e962db3bdc5d12968cd3b92e08ed5678cf1ce3d9d3dd3e06ae6e8fba4c49bf0ae833d41f352fe008ad12a12f454db9548bc2d8dbf2671b455e,CLEAR,DUSK,DRY,FOLLOWING TOO CLOSELY,2.0,32.0,5.0,5.0
02f2db004a533b4a2d4aa2760756b9d62a9e6b79241b5335c49f0ee23ac2614edff5bed5f1c5eabf4e83cfab2bdccc90cc871ade9d1cf558920cbc36ca14ed75,CLEAR,DAYLIGHT,DRY,FAILING TO YIELD RIGHT-OF-WAY,2.0,56.0,2.0,2.0
02f2e6672f7898905eb5558776bc793fc3803f2219e5d7255d6efdec72fcb024c7b7b017013d7e7e269696096d9d813d1177c2892337fccf4cedd5321c96adb5,RAIN,DAYLIGHT,WET,IMPROPER OVERTAKING/PASSING,2.0,49.0,2.0,2.0
02f333aa9fc74d111baca42bf5c556cabaec27471ee970f01727c0382c3d30ddf0ca4656b4af7593e826b05c2f818274e616de935881c2796de30055f5136b6f,CLEAR,DAYLIGHT,DRY,FAILING TO REDUCE SPEED TO AVOID CRASH,2.0,37.5,5.0,5.0
02f33c5ddfcd15f71e958d82c5ce6f856f069e2a7e9269ddcc18227f511816c4c660de5905d5500fa63daf84308974bc62d171314ac70daa12cb7f95e5369341,CLEAR,DAYLIGHT,DRY,FAILING TO YIELD RIGHT-OF-WAY,2.0,26.0,2.0,2.0
02f341ff4e8ddb31ce9d938e0793dc3ea5cfb54d4eeb3bf942079d914c2122a5e502f95c3961f149e0ed5f9efc8ff74413f432e4756facf29c95fbe67dded946,CLEAR,DAYLIGHT,DRY,IMPROPER OVERTAKING/PASSING,2.0,27.0,2.0,2.0
02f378220edcae3838213bc0306601ae1511826f2d5a4c23bfa5a08e5c37c68f48309fac22b7bce31724e9616d16f02a05a7b80c6d32b7036615d01496d8b112,CLEAR,DAYLIGHT,DRY,IMPROPER TURNING/NO SIGNAL,2.0,26.0,3.0,3.0
02f37f4b11b22b9f36c6e199ccb4918fe9f8567670998533dcf9e79f272b40e90e4df1bbf3ce2863c93ba93db49f6a18257f3bcbc8f23ebb560f8fce74b022c8,RAIN,DAYLIGHT,WET,FOLLOWING TOO CLOSELY,2.0,52.5,2.0,2.0
02f3e1c9b769d8d3c465bf42ecc8a03d7164ae9184291d1cd0301c81f1055e19b12c6cbd8b2443190ce5a2a6441d5ab47d6dbb057bb3d0102544e29fb80657c3,CLEAR,DAYLIGHT,DRY,IMPROPER OVERTAKING/PASSING,2.0,69.0,1.0,1.0
02f4009de544f0dade15b38d0755abcaf2757d4b79ecf21c2e601133055ebc0b9eb081bfaf3549aeabfcbe6c0cfb2282a61316511bd792a1c6907447e09c23c7,CLEAR,"DARKNESS, LIGHTED ROAD",DRY,DISREGARDING TRAFFIC SIGNALS,2.0,37.5,2.0,2.0
02f411d36008d019e8e46cd96d264a9d4d908417ddd6ca14e0d25c31adc673716ffa561bd27fd5b3ff4528039b9ca7bd7e362febc27598fbd280f8c4f0015ca8,UNKNOWN,UNKNOWN,OTHER,IMPROPER LANE USAGE,2.0,79.0,2.0,2.0
02f4182850a0ba26a25d5e06d614db9150b5a7950b8fdbf1f3ce04be168c46df7b70131536f27aec77b23493a0e8a4fde292c2546cbb0404325fce2f565c97dc,CLEAR,"DARKNESS, LIGHTED ROAD",DRY,"EVASIVE ACTION DUE TO ANIMAL, OBJECT, NONMOTORIST",2.0,28.0,1.0,1.0
02f438b557c4b20ad9e7f0cef69711b93486cbf1512e187bbb07df8f03ae34adbde4b3c35bda14836d4eaa8c55cff390cdd3629bc013ff08e6485ec12b017c5a,CLEAR,DAYLIGHT,DRY,DRIVING SKILLS/KNOWLEDGE/EXPERIENCE,2.0,33.5,2.0,2.0
02f44aca3ff93f9b4351b9d937b52585baaa2ca2c46c3b1ed867108385644fb9981e80b41950326d80d665b871bab1cec37596777c6eb4ffaf8d4f576f6180bb,CLEAR,DAYLIGHT,DRY,FAILING TO YIELD RIGHT-OF-WAY,2.0,52.0,2.0,2.0
02f4505470c350601938cb6b17219a2fd69d733cb156684b02ad4fd95c417c2730775d26875ff42d8937a8e0c7457582dd2756555c4dcee55702d94b7eeb73ce,CLEAR,DAYLIGHT,DRY,DRIVING SKILLS/KNOWLEDGE/EXPERIENCE,2.0,49.0,2.0,2.0
02f4549294c81c8d10d7fcc7a7e1b3675c8960bece482c560fac01bb6113f1b60b7e94539eea00e5112bcdbcbc2de972018518cad4114b8a114f071f8e494975,CLEAR,"DARKNESS, LIGHTED ROAD",WET,UNDER THE INFLUENCE OF ALCOHOL/DRUGS (USE WHEN ARREST IS EFFECTED),2.0,26.0,3.0,3.0
02f497d8cff67c2c5fd011233063c148a68b9194e5b54269eb0f904e0ee42f7711d4739f323c999cff86af32c3865fe770901555d2db7edd3e26ab196ca422ff,CLEAR,DARKNESS,DRY,FOLLOWING TOO CLOSELY,2.0,50.5,2.0,2.0
02f4bc96c830a62225505371a801c5eef5a6d6f13b9365f2fa4a2fbf609d362d171dee1ff0f5fd77453ec2e439f84b9a34c6ccd6aa9b4e59a88c3ce871fa1d5f,CLEAR,DAYLIGHT,DRY,IMPROPER BACKING,2.0,21.0,2.0,2.0
02f5362df1dcaacc2e3755813a3f0536e081e28efbbd63968f463a4f97dc24e8c644f2f7f27f36c3d5d427cf111ce70c54a89aa098a1ede8755e853c2fd963ec,CLEAR,"DARKNESS, LIGHTED ROAD",DRY,IMPROPER OVERTAKING/PASSING,2.0,31.0,2.0,2.0
02f54ce86dbc8a8c9cde35ee31c73abe83a737dc07741f24c4330799e167ccad7ad50dadc29fb58f9a08b8010818fd246d62c7a2587cb3edf4782ba6a07c4d0f,CLEAR,DARKNESS,DRY,PHYSICAL CONDITION OF DRIVER,2.0,77.0,1.0,1.0
02f5614d507409ec74a3839c462f9911cc15e4c8cd51c300559895eb0128ef0ec74f33fe9749a98a60dc6983e416cb8d7da8bce951a71d3db2f6e11bbe28e7ad,SNOW,"DARKNESS, LIGHTED ROAD",SNOW OR SLUSH,FAILING TO REDUCE SPEED TO AVOID CRASH,2.0,32.666666666666664,3.0,3.0
02f56483f82187111a9b45e8670abb0c5fc85ed148587e6c66f10174b1b6cf052f97fc61b7d6e9c0dc110f68a5d4d16fbf9dcdf07b9fbecea70ef9bb36766662,CLEAR,DAYLIGHT,DRY,FAILING TO YIELD RIGHT-OF-WAY,2.0,30.0,3.0,3.0
02f5b66a88c12f02d96d58ac3c5ae6b5e81bdbc0bd41275cd5c68f72c06620ba4c54a59873fe4ed6154ea53ce5b0d040c8d88bc1cc115d361981b56de4b1a934,CLEAR,DAYLIGHT,DRY,IMPROPER OVERTAKING/PASSING,2.0,39.0,3.0,3.0
02f5e8a5ec9847c051ea58bfbc134a786ce77093245731160dbf75f63a014cace8160c90890ea64e084c32744e951dff198ee4c38bf3d1dea5833ab074aa676b,CLEAR,"DARKNESS, LIGHTED ROAD",DRY,"DISTRACTION - OTHER ELECTRONIC DEVICE (NAVIGATION DEVICE, DVD PLAYER, ETC.)",2.0,37.5,3.0,3.0
02f5f580e22ecc66f4c641693c0393564880f82ae0492de66a7c1b5673bc645abb099a1f9df3e1b9d36b85cbc1c89bbc7de7541af9edbe3c4b3d425d94f7b2af,CLEAR,DAYLIGHT,OTHER,DISTRACTION - FROM OUTSIDE VEHICLE,3.0,43.0,3.0,3.0
02f6520cd27bfec087d666cb248e3172a78c1fd232d3049658ef97a7b3b695360682608c00b6d65c6ae86b51f768419f41b7568961d79c0166e4cc2f9f255ccc,CLEAR,DAYLIGHT,DRY,FOLLOWING TOO CLOSELY,2.0,28.0,4.0,4.0
02f666d7d8d12d2dfc93f5d96cb0703ffb6322a8d7c136fd9e547aecc819c9e7cc21ea24d90a3b3335d5290fb20fd19eeaf56abbcca62f1e8aae9f5ae8283948,CLEAR,DAYLIGHT,DRY,FAILING TO REDUCE SPEED TO AVOID CRASH,1.0,4.0,1.0,1.0
02f6959645674ca130a6166211cdaa46233574c24e9d22620bf2541a9c030bc574ea267b5a000290b7d17604584e834d6776e9b49d1e9a98bb55768eb3e61c40,CLEAR,DAYLIGHT,DRY,DISREGARDING TRAFFIC SIGNALS,1.0,40.5,2.0,2.0
02f698e98383cf43de23fbd73d2ded099a13aa2ebcdec0eb6332455f8133b9f6354baa772f91747fdb8c00a41c77e1e2dc42c1983ca13bbc2732a7e461d3b8a5,CLEAR,DAWN,DRY,DRIVING SKILLS/KNOWLEDGE/EXPERIENCE,2.0,22.0,2.0,2.0
02f6a3916bc2a4577df54e9a2045e1681a890233399e9d7cc349fbe1ba4f0f3a8bfebd5abe860737cd7b2bd0668854d133bee1237755251d1172d8179200ffb7,CLEAR,"DARKNESS, LIGHTED ROAD",DRY,FAILING TO REDUCE SPEED TO AVOID CRASH,2.0,45.0,2.0,2.0
02f6c649644002315e565d83d8e5d36c70c4d4d476a3420e33fdd703143364ee5aceace78ecee5e09cdd880483c0ba86d925ddeafb904582ba79270595c794ed,CLEAR,"DARKNESS, LIGHTED ROAD",DRY,FOLLOWING TOO CLOSELY,2.0,35.0,2.0,2.0
02f6c6e928d4de01d9da36450da609e18bb2325444afd9af2fbf5b06a8d69b7b2db66196a7aad923e2a38a3212cda55683e8537e92b91654ac64a6f18d2f73b6,CLEAR,DARKNESS,DRY,ROAD ENGINEERING/SURFACE/MARKING DEFECTS,1.0,52.0,1.0,1.0
02f7264242bac911551dfdebe52b9e8a611fa42b77d8282a571beba432c7335b93507ef72d038e7286e7a4221e2450eec1b6e5f78d88053cacdc78dfaa62fd04,CLEAR,DAYLIGHT,DRY,FOLLOWING TOO CLOSELY,2.0,46.0,3.0,3.0
02f73338e825b728e7e63dbd78acb8a78d9938a323587928b671f9a030ae9282e6bf85f4192975594ac2d04b1f08f5ecc4e0a926c8dbd00bffa4c58cd0dfb178,CLEAR,DAYLIGHT,DRY,FOLLOWING TOO CLOSELY,2.0,39.5,2.0,2.0
02f75c53c5f7a905cb33f1edec30f5dd657349c733fb1d9de8a0431bcc0427099802f822e1c45c4a672e135780845906fea0dedc1c08316da79101f9407af24c,CLEAR,DUSK,DRY,FAILING TO REDUCE SPEED TO AVOID CRASH,2.0,22.0,1.0,1.0
02f75f39980e5ddca9d10e830ab07a4ae84b322e0e7ca775d9d79a597012184b82061884b7ea4059bb287e49029b498149399028efb56686c05f9b06b93e71e0,CLEAR,DAYLIGHT,DRY,IMPROPER OVERTAKING/PASSING,2.0,35.0,2.0,2.0
02f77a97431f59bc48938fa9e3d9597fc13e82f7f536de2f130530a67fa6a3f81aa34763be18a13f04b829c05972b071338f65ada8d0ad50c16245edaf5ff017,CLEAR,DAYLIGHT,DRY,IMPROPER BACKING,2.0,34.0,2.0,2.0
02f78a910dc7794f8272586eb8b8530a3c7cf10ca16e55b7fad7939780b8e81bc2b6b5dc7fc07d15e3fbc5489e3af5d11aa9decb655697fce0fccd6ac5e6bd03,CLEAR,"DARKNESS, LIGHTED ROAD",DRY,FAILING TO YIELD RIGHT-OF-WAY,2.0,24.5,2.0,2.0