crash_record_id,weather_condition,lighting_condition,roadway_surface_cond,prim_contributory_cause,total_vehicles,avg_driver_age,total_people,total_injured
02f790d5ba3ada46289581b371d140c5980200af4c4a8dd27302fd01fe47190a9a32f1832ba5e6aa234dbc1c895b8b2076651b55b4a795f45067a5f97db93fed,CLEAR,DAYLIGHT,DRY,DISREGARDING TRAFFIC SIGNALS,2.0,54.0,2.0,2.0
02f7c81464cc1739e45716a025195a035a65121ee671dae23984c5bf1aaa6a44d9e19e6c2e458f89edabcf032258187cc99db6b9c533bc76f4c074c810856e3c,UNKNOWN,UNKNOWN,UNKNOWN,DISREGARDING TRAFFIC SIGNALS,2.0,32.5,2.0,2.0
02f7d3849c9804aa71925bd0ea953d202b735b6214392e691eed9612daa397b1e9d76432e69a7c84399cb32ed990b09e14dfe4d6fc5144fabe40d74c66955c0d,RAIN,DAYLIGHT,WET,IMPROPER BACKING,2.0,32.0,2.0,2.0
02f7e433e0dec348389436f660989a2e41eede6ae5e4bcb0713ec03c28707309f1029096c1d5b513f37f1b28c5227e19fabc78a9ef42b290f09a153ec9c93efb,CLEAR,DAYLIGHT,DRY,FOLLOWING TOO CLOSELY,2.0,48.5,2.0,2.0
02f7e4f3c11e521b1e46f80b0732634418ca3d2adae3e769274f95bef10bdcf767b29e9a5457e6c00fc13c8dfb25d3fbb45041afbf1dda3ca7d46300f2a4207a,CLOUDY/OVERCAST,DAYLIGHT,UNKNOWN,FAILING TO YIELD RIGHT-OF-WAY,2.0,42.0,2.0,2.0
02f7fa6b208c876025f547aae2c2a68573686d3589990a72e7fa19fc2f0f6b5ee8baba61b9e6ae48e9325c7954bf0c37a900ea736c79b598e75c2d2d2812a034,CLEAR,DAYLIGHT,DRY,ROAD CONSTRUCTION/MAINTENANCE,3.0,41.333333333333336,3.0,3.0
02f839bd4c3b34670cc4a0cbdf6e8a3969cdc39091b65e3a0a9080a0960f3c816878b2c584f05b5f151edc4cc0686afa0c459105b6f83019bc9d735427aa915d,RAIN,DARKNESS,WET,WEATHER,2.0,32.0,1.0,1.0
02f8526cdf7b208232455b0df9bbef048de857069674ec87d164cdd256a1d0749a97d7d0ddf61981e62d834e01902e3005f2a5f034ff78be356a28c360258c6c,RAIN,DAYLIGHT,WET,"VISION OBSCURED (SIGNS, TREE LIMBS, BUILDINGS, ETC.)",2.0,38.0,2.0,2.0
02f8712681d100ee408f8635e316e8645f2fc954b0622d51a5826b8525076eee067792a81367c1096c897ae434909a75170eb8a5a3dea2c6a76e5a034a4dbfa0,CLEAR,DAYLIGHT,DRY,IMPROPER TURNING/NO SIGNAL,2.0,25.666666666666668,3.0,3.0
02f8b0535ced890e8360dd3972bb6588e25c03926088fdebff8fc7500701a9986da22ee8868b96d476c410e2e4feba448832ca31ae8b6dfd99124bf2d890eace,CLEAR,DAYLIGHT,DRY,FAILING TO YIELD RIGHT-OF-WAY,2.0,46.5,2.0,2.0
02f8bb3fdf32f0f4e699e69da99bdd4cf73e92997007c8c68023ebe806574a2d334ecc07a000428f19d0100e9ef64b6f9afe2b80d4270f4ac62293381711c189,CLEAR,DAYLIGHT,UNKNOWN,IMPROPER OVERTAKING/PASSING,2.0,32.0,1.0,1.0
02f8bc04e1a3c874f1499729d4c2ca5ba93ca667b152b5db87435578e76160345102771fd021f0323045f94a05d091577b5ef8d4cf6d1ec65f3b83796dccd204,CLEAR,"DARKNESS, LIGHTED ROAD",DRY,FAILING TO YIELD RIGHT-OF-WAY,2.0,29.0,2.0,2.0
02f8cda230ad1224d3b21553d7ad16352bb570902814a5df3659064b1328710f6d744d137533202fd3414bab6b208cc832cf5a08c13300d843525bea74256dc0,CLEAR,DAYLIGHT,DRY,IMPROPER TURNING/NO SIGNAL,2.0,33.25,4.0,4.0
02f9346694fd312bb0345a98af59381d55a909ad093cd2eb2e5d68baae4862e050e31be169cdd1027ee1fb12d2855e03fcc05321db1f9390a75899d135414eee,CLEAR,"DARKNESS, LIGHTED ROAD",DRY,FOLLOWING TOO CLOSELY,2.0,37.5,1.0,1.0
02f95989caca495d405d021e6d06a46eab7e94e8a3358ea80bcd8c97558603ff981781c5d68c2cfed6f2fe0938c905688b079bc224ffec4050f24c601af5f4fb,RAIN,DAYLIGHT,WET,WEATHER,2.0,40.0,3.0,3.0
02f99f421d4c34b320be37f146a8c55ef019b0d9c64fb68bd36bde822837c6b739b0d0f869c8b487fa5a9296bbcc0b29670aca7b0d68c3b3f3104744ab3044ac,CLEAR,DAYLIGHT,DRY,FAILING TO YIELD RIGHT-OF-WAY,2.0,41.0,2.0,2.0
02f9a1ebacd3bc40ce182cd4a1622fb5a3aeef0c83d9e8ab967fb46039bbf9c8fba9641d581ea163446f813758c1030b5169b9e0dfab66444989bcc21e55109f,CLEAR,DAYLIGHT,DRY,"VISION OBSCURED (SIGNS, TREE LIMBS, BUILDINGS, ETC.)",2.0,67.0,2.0,2.0
02f9a36ddf6253bf118414a794590ec10a17048c62629906756e8a542a1d4a1289eb1ea821766f2d1c21376f33d5fae2d98dc35d9fb1a43a5601fe8b1d3ee9b8,CLOUDY/OVERCAST,DAYLIGHT,WET,IMPROPER OVERTAKING/PASSING,2.0,31.5,2.0,2.0
02f9a69b4880bcc69f899bcfd89028b9eef851fcc532967334ba1ff663c494eede587ea7cde8f5bf01336db0a36c11c878e4f8fc8a36d2f76cff6bce5f8515b7,CLEAR,DAYLIGHT,DRY,DISREGARDING TRAFFIC SIGNALS,2.0,54.0,2.0,2.0
02f9b3353adf72d9a065623da5985624ca4945bf50a98d02a9a0b0d252733812d436a35feb5b3dc2e8430189adef1a48b8ba644a2ee4ff284e2e2a08bd33a309,CLEAR,DAYLIGHT,DRY,IMPROPER TURNING/NO SIGNAL,2.0,36.0,2.0,2.0
02f9be0c8e5a95b1eca8e93cb5a2896c3728495a0fd0964565e74a0f9b9e02f7b80baf1f9ed08ab378d0e7f108d433e16f1235b1c34a59814a915b04c8ae40f3,CLOUDY/OVERCAST,DAYLIGHT,DRY,"VISION OBSCURED (SIGNS, TREE LIMBS, BUILDINGS, ETC.)",2.0,54.0,1.0,1.0
02f9ce1cc8104e4cd42f0c4af667dd6de5480a8634e856eedf7eaee4e4637a420ecd16c10e1708a2a9486373e89fff6e9541fce9cb5c8fda0a910242cf1a1ee6,CLEAR,DAYLIGHT,UNKNOWN,IMPROPER BACKING,2.0,55.0,1.0,1.0
02f9eaff4fed408d3b375cf641fe4630697438f7be653e9a2e3c1946ba92a21a633ec1c1c1f8c4a48341259e86d7c29de5fe699d9bd6b0dadcf0ad7b478e702e,SNOW,DAWN,SNOW OR SLUSH,WEATHER,2.0,37.5,3.0,3.0
02f9f465b8ea45d7c4d3bb51821efb598d3e3529d053aff8cc8e6e2f0c8c80fa34b2260a766e8efa3d274ee5d43f9b6d293a313862ab31e44fdfaacda79c18f3,CLEAR,DAYLIGHT,DRY,IMPROPER BACKING,2.0,44.5,2.0,2.0
02f9fa6d7fb503ddfb1e50b97e0230b50a9f288a6824527765cbcc60f31057c7da199839a6343aaf396f706a10705b649a7c39b8ac2f352fdf5da410750bfa79,CLEAR,DAYLIGHT,WET,FAILING TO YIELD RIGHT-OF-WAY,2.0,46.5,2.0,2.0
02f9fad27c45f1e586212d1f224b195b57a04274051b4d3d4d96ad074077c6660dc77e25163a3e31154188c970aa1c385b1c9a6a32e0521f900fc4ae8c7ddcfa,CLEAR,DAYLIGHT,DRY,"OPERATING VEHICLE IN ERRATIC, RECKLESS, CARELESS, NEGLIGENT OR AGGRESSIVE MANNER",1.0,76.0,2.0,2.0
02fa0ba860d6485c826bcd52f0d8fe96bd84f3d514c792a282a6b7f6b1732c738a88e9729df96638a42f6f6f6981cad855dbca377979e3929e571b4ea21c70d8,CLEAR,DAYLIGHT,DRY,IMPROPER OVERTAKING/PASSING,2.0,25.0,2.0,2.0
02fa177608f3b8fbfdb21f6faff8bb6105215e4a5fc96c0293791ba540e35c2a7bcc3d14114cff88755e37b80b8f6d34186147f0ef6522bc9e3e762c22163b3f,UNKNOWN,DAYLIGHT,WET,FOLLOWING TOO CLOSELY,2.0,30.5,2.0,2.0
02fa400ab2444da388cd146698e13c64cb044fd80e696a16fff864be8ae4bdd26bf57a7b0799416acb909b84a52fba56576ad0ee096b1fcbb22aeeb08f00bc1d,CLEAR,"DARKNESS, LIGHTED ROAD",DRY,FOLLOWING TOO CLOSELY,2.0,34.0,2.0,2.0
02fa46e85891f817c01a9e17d40f1a9dcd93997ef2ac0706571f6a628369d210e15b4d494fe98296d5b9cd1d61fd52625e758b4911b7380cc09f67084b72b62b,CLEAR,DAYLIGHT,DRY,FAILING TO REDUCE SPEED TO AVOID CRASH,4.0,34.333333333333336,4.0,4.0
02fa5b4aac835d115016a62bf9e3656af5f908930f103864399104b74b7e0b2a41a82b801068bdb8f95cfec7b9db26ceb1c6d20aa0b0d88edc3307a02a15a695,CLEAR,DAYLIGHT,DRY,DISTRACTION - FROM INSIDE VEHICLE,2.0,20.333333333333332,3.0,3.0
02fa83242700bfb32b6eb27dde6010786644425662c2589bed2c3314feef03961d85c25937f86a95592484424807756996b5bf862b7f1068080df5e4d6caf205,CLEAR,DARKNESS,DRY,FAILING TO REDUCE SPEED TO AVOID CRASH,2.0,27.5,2.0,2.0
02fa8849d0b5e5018c0413af317bc2aabbd587dd9be3f94711b470bfc8c5df5120ab3123eb3841209f1966c19d6d3bd75c1a5abb65a11691b68c2ec8eaa79486,CLOUDY/OVERCAST,DAYLIGHT,DRY,DISTRACTION - FROM INSIDE VEHICLE,2.0,43.5,2.0,2.0
02fa9490e4fcef7056db9ec83caceda14619764e5b3e8853917a6cabb190783914d027f1fc446d78961398d6fda21634e3fdb3aa6d1bf86040de67bef30d28e7,CLEAR,DAYLIGHT,DRY,FAILING TO YIELD RIGHT-OF-WAY,2.0,48.5,2.0,2.0
02faa64c32c989915b231f869325dc990a34318ba7f9edf4b88c525cd5326919fbcd7c0a806f34d3087cb46f85c18db31097239b51fc8719bda638015402b8eb,CLOUDY/OVERCAST,DAYLIGHT,UNKNOWN,"OPERATING VEHICLE IN ERRATIC, RECKLESS, CARELESS, NEGLIGENT OR AGGRESSIVE MANNER",1.0,24.0,2.0,2.0
02faaf4e7ab42014e78c6adb3c8aba69608f305617c09deee92da27662667e59c6b3c8a67a98b604ef43c2e026a0ee5cbea96630d3c338786b704dc06a540e86,CLEAR,DAYLIGHT,DRY,"OPERATING VEHICLE IN ERRATIC, RECKLESS, CARELESS, NEGLIGENT OR AGGRESSIVE MANNER",2.0,25.0,6.0,6.0
02fad5693ed487958ac7e2a8f3adb8122644efe9a158f50f298789e2d451066f9a1fb523dd7d495e928efa6437d255b588463c827963231b3c30c3e076127c3a,CLOUDY/OVERCAST,DAYLIGHT,WET,FAILING TO YIELD RIGHT-OF-WAY,1.0,40.5,2.0,2.0
02fb18d8b1cc3ca4f7ef2f11a18c90f052765a2b9ef963f0af34f89849f31f48e075079342a5a24fc0640eaf4342d2d4787bed9f7d7386314fa6d88f3078366b,CLEAR,DAYLIGHT,DRY,DRIVING ON WRONG SIDE/WRONG WAY,2.0,37.5,2.0,2.0
02fb205d9af3f0eafed0f16bb8e77bcea70192d3e1a717f98d4181be334742b247cac95f57c031419f63da65aba927105d2b8ccab03b59ee8864460b661debea,CLEAR,"DARKNESS, LIGHTED ROAD",DRY,FAILING TO YIELD RIGHT-OF-WAY,2.0,30.0,2.0,2.0
02fb41adcda08f23c223e81be0f2b432de79806371994eba8c842319e77942f2445304a74341bd27866f6703cfb8ff24a7473f0dd07f9c7626e6dd9f3ca6a2b6,CLEAR,"DARKNESS, LIGHTED ROAD",DRY,IMPROPER TURNING/NO SIGNAL,2.0,24.5,4.0,4.0
02fb5393db25a2a82fac29c46c087a5969938544689dd3b30c1af906727085fd3fe2e6d5cb1d8a243ba37a34ca14967f1314858438509fa1225f2307b9244924,CLEAR,DAYLIGHT,DRY,FAILING TO YIELD RIGHT-OF-WAY,2.0,65.0,1.0,1.0
02fb65b7ce83adef0b435284ab72940b11b91d815f064ea149d63be585c88664b604bf61d97e6fc379e822af5f596fcd36ff332be8b2c4e24e2c8d2e1d16728c,CLEAR,DAYLIGHT,DRY,DRIVING SKILLS/KNOWLEDGE/EXPERIENCE,2.0,33.5,3.0,3.0
02fb8c423fe949640d77c3aed72d3a94a4b4270309e30aa2effbaccc1122f79faa6d3fa342f3ece96f4a1091c93f21878f7460a6a03b6e413094cee35ed40b70,CLEAR,DAYLIGHT,DRY,FOLLOWING TOO CLOSELY,2.0,37.0,2.0,2.0
02fba13f2f66b62e80532f91c4277dcf3664011dd4ff98e871ceec3f9d58b1402b8ff5eb62271d40ae74eca5c2b1f77db4871160872c632b9cf34335097cbee6,CLEAR,DAYLIGHT,DRY,FAILING TO YIELD RIGHT-OF-WAY,2.0,68.0,2.0,2.0
02fbbcf285c12a22a47cd89651e14d221a4c2140ff038af7cc36fb5e7e35592d47bebd47162432d27a761249a2adba00cdf562ca7759e63c1efdc69786a55c40,CLEAR,DAYLIGHT,WET,FAILING TO YIELD RIGHT-OF-WAY,3.0,47.5,4.0,4.0
02fbd37ae6605895d26f663f3854e4bd1ca492bb1c9ad76ccd0fafa24dd2ffe5bf2ebd908b637f3c54d3ee0116b11260bbc25ccd51d7c9bdb309824e3db315ec,CLEAR,DAYLIGHT,DRY,FOLLOWING TOO CLOSELY,2.0,30.5,2.0,2.0
02fbf774de779fb69294f1c5b8dab38b30bf52294ddb93f050164f9121fb6b9317faa385717e872e86ec37f43f51f861c6150577b04d78968b26b67ba75eae5f,CLEAR,DAYLIGHT,DRY,FAILING TO YIELD RIGHT-OF-WAY,2.0,31.0,2.0,2.0
02fc3c1878cd20875de77beb107093ff07245d4b139f26bcde04e36569fc880d3cd700436ff03be25e8c0d8eb037b25d4d4450dc77093a9ccdc34b166a0bd226,CLEAR,DAYLIGHT,DRY,FAILING TO YIELD RIGHT-OF-WAY,2.0,25.0,3.0,3.0
02fc5f67df4bf7fe826da2158e4e8daf06baa89a293c7037345744c0afd74e3293926662eaccd572be11ceaa15066f80b7ae3bf6e4b756693b211ace0a478f22,RAIN,DAYLIGHT,WET,FOLLOWING TOO CLOSELY,2.0,31.5,2.0,2.0
02fcb38fcd98f74133920bacf33705b27975c57536ff5566e84462cf005ef6f14e7527251b958b70106f6fb761c3d34204e8d68fe51c21ebb9dc1a59c493cff8,CLEAR,DAYLIGHT,DRY,"EVASIVE ACTION DUE TO ANIMAL, OBJECT, NONMOTORIST",1.0,37.5,1.0,1.0
02fccff7f329d708d787c0f1f66c4bd01cdec7b1972702372de54e3fbecbed9b2668269b8ee45778c35a823a62cca0b6af5aab998dc57c7f0bded560ea9ed77c,CLEAR,DAYLIGHT,DRY,FAILING TO YIELD RIGHT-OF-WAY,1.0,62.0,2.0,2.0
02fd0d8809e7adf02d0eabc1d0e40986e183c5f844205fcd4b6daa7f5df83c2ad4f979e6c1d0d414057dd5d50b2271cec1ee671e11126c3cc24323ce7cb93f65,CLEAR,DAYLIGHT,SNOW OR SLUSH,FAILING TO YIELD RIGHT-OF-WAY,2.0,19.666666666666668,3.0,3.0
02fd6c238d87ca8ad8c8f7f36cba688081c95f317bb1e21ab80bd217582b81ce714c2d4c6e600504bc0f3740230c38ed6b306c3a2eac58abd8b012ae18e35fc2,CLEAR,DAYLIGHT,DRY,IMPROPER TURNING/NO SIGNAL,2.0,50.5,3.0,3.0
02fd8c368e8c889385310284f151e59d28b2802378af806b6e748223d9f8ff289b05fe24671633eaa3c280a6a66e6e60961764fee6426426d034d369cb54949c,CLEAR,DAYLIGHT,DRY,FOLLOWING TOO CLOSELY,2.0,34.0,2.0,2.0
02fd90454675009a1396b7907cbd004115bf280e45333bc017995f60793f4c4afd5f3fca033ce65a15fd0e50a9e6f00bba4af4c78c283da2dbb4fd92079eb433,CLEAR,DAYLIGHT,DRY,DISREGARDING TRAFFIC SIGNALS,2.0,50.833333333333336,9.0,9.0
02fd9160a84f93f84cc3757d2d3907d5897d3be9dfc4cb13ed941971f3262fd4ef929ad51edd25c096910d5d5b5543d556f7b2dc822816eba92d15b4a2bf0693,CLEAR,"DARKNESS, LIGHTED ROAD",DRY,"OPERATING VEHICLE IN ERRATIC, RECKLESS, CARELESS, NEGLIGENT OR AGGRESSIVE MANNER",3.0,38.333333333333336,4.0,4.0
02fd96ca424a8f0382def3d54cc163ac7a70ed6873016bacaa4f23d56efba57a03b6b05411d3e2eacd328d4fff2bf22a8378b5034e54a707b93897fc60502e3a,RAIN,DARKNESS,WET,IMPROPER BACKING,1.0,35.0,2.0,2.0
02fdc4859df6fece99c7593be37cd51bd0ae9c42663fd464a1f144789a58943ba5bc14898c6bd5cae9fc23147dbba36f0cca010ca05cef4617564ba406be350c,CLEAR,"DARKNESS, LIGHTED ROAD",DRY,FAILING TO YIELD RIGHT-OF-WAY,2.0,31.0,4.0,4.0
02fdc54a996279f9376c75ff76a5fc4bd283c84f5c842f2a6429bc21cc8c66605309562a3588c8c33051a39236bf9897829ec10a3e14f238a6f48d868db119a5,CLEAR,DAYLIGHT,WET,FAILING TO YIELD RIGHT-OF-WAY,2.0,26.4,5.0,5.0
02fdd31e69d35b821c98de71c3f1c8808666375a884cf3a3d258361fd47e3e40a19c759d3c3c3d885f6ce09acb78a0667e75e511313e01f29b44e07f10b31566,CLEAR,DAYLIGHT,UNKNOWN,IMPROPER BACKING,2.0,37.0,1.0,1.0
02fdeca95e5d5d1cb1ba951d9d0b4c37e475f5be864453c11a71a6d16f490e009ba282e9d8c35e4bf60b5d02acaf53b0b47b404fb1923ede28850c97c4c1df64,SNOW,DAYLIGHT,SNOW OR SLUSH,WEATHER,2.0,28.0,2.0,2.0
02fdfa7b67d8f24816c4669f051fb4ead628b1a9d92bbfcbbe93fccb6893c7ed247cd307978982f94c8bda84c3e50facc9e0771c3d27378e62f8f1f169cf320c,RAIN,DARKNESS,WET,EXCEEDING SAFE SPEED FOR CONDITIONS,2.0,49.0,2.0,2.0
02fe0cb4c87ee0223995c93594424b16af9111bfb3f5cb748d0619d69976b4885752855004d314c73f20c970db698ed58a6c077f030248056b25dbada5233025,RAIN,DAYLIGHT,WET,DISREGARDING OTHER TRAFFIC SIGNS,1.0,69.0,1.0,1.0
02fe0fe74888f0bbb78309174bdf84961d0cb5c7ede3e4287a22182790a5caf0b8dbe2aa3f0f23b52fef2f8e59bef07f506462d618377a78c235774c2a414e90,CLEAR,DAYLIGHT,DRY,"VISION OBSCURED (SIGNS, TREE LIMBS, BUILDINGS, ETC.)",1.0,57.0,1.0,1.0
02fe176d6976bba42257eb9b3b69d498771f6a255f816973d8e4735bfd3a259dbed6828401b3723ce9395cfc3ca22d166cb5cc908d2fd79d51878ed65234f8bc,CLEAR,"DARKNESS, LIGHTED ROAD",DRY,DISTRACTION - FROM INSIDE VEHICLE,2.0,32.666666666666664,3.0,3.0
02fe3a2b497bafb53b387f0e1fb5a08867ce58890e3d057cec33ca322348bd2074f9820efd8eb35f4ea7f9875b832f900f5be177f1f4d6b1adaf9435d2f85537,CLEAR,DAYLIGHT,DRY,FOLLOWING TOO CLOSELY,2.0,49.0,2.0,2.0
02fe561dabdac80f40567a42e73d2c0bbf23ee55fac1f68009c60a5794ba20a9e1bfd666a4b08b82fe500969c3474b82366345935c499ed0c0b7f1d2c748952b,CLEAR,DARKNESS,DRY,IMPROPER LANE USAGE,2.0,31.333333333333332,3.0,3.0
02fe59e16e8db629e5385fde8aff729b6cd013cc7e1cc73c80d613ae0e19ccd46d5bcda33f20069271aa37b45fb8cc44122eeb4ba5b86223a805818fc32a4c12,CLOUDY/OVERCAST,DAYLIGHT,DRY,FAILING TO REDUCE SPEED TO AVOID CRASH,2.0,24.5,2.0,2.0
02fe5b1a5a98c82b9f6ab3bf97b841ed2175f0d3bfecb3a62ee69f908d79a3d072994d00730c8c117e147ecafe67d1d440e293a19b9b7e684b72882a655e8b40,SNOW,DAYLIGHT,SNOW OR SLUSH,WEATHER,2.0,48.0,2.0,2.0
02fe6e5c950a7856b4ae95fc38307eadac722fafd7afbcd2a86df5e1fcf3447baa4e51cbae7c083f1837b8bb0751e337391dee22b377b01b7dddf0e54ca32ec6,CLEAR,DAYLIGHT,DRY,DISREGARDING TRAFFIC SIGNALS,2.0,47.0,2.0,2.0
02fe88f37107ea1d4748a760efd5ec69e8389abfc07f3eaa2b87c10a46433642365bb40e42aa0c7bf8ef404ca63922d5b0b64f7e67594a9723f160f227a0732b,CLEAR,"DARKNESS, LIGHTED ROAD",DRY,FAILING TO YIELD RIGHT-OF-WAY,2.0,47.0,2.0,2.0
02fed2ff5d7b91b2797c585329a12cc571f6b85296ebfa473e2b58d521472dc048958302354fe5ff527acabdbd43cf56e58e50cd5f2170f6503979faf06b4a24,CLEAR,DAYLIGHT,DRY,IMPROPER LANE USAGE,2.0,37.5,1.0,1.0
02ff3e9d131aef70e276c7279e9e06e2e8d1bbd0c154c65311f2f2dada2ee27c4659336d05a24aa31c85fcd5f43fa28456d78ef0ad6ad5d60e58189f454805fd,CLEAR,DAYLIGHT,DRY,FAILING TO YIELD RIGHT-OF-WAY,2.0,41.5,2.0,2.0
02ff9891cbe8afcdd152dcdbbfac0e67e1dfe2a15297f7544afb8666c1442d4ce3165349675f6164ce4fa87cb89563e5b4874d1d3aa2b30d85d4ac05ec7d4c46,CLEAR,DAYLIGHT,DRY,FOLLOWING TOO CLOSELY,2.0,63.0,2.0,2.0
02ffb78409a246a4497399f5fa1c9f3853ed03de8b2bcdd7f288173a9917e918e37ceb430105bad76c331f346068fd5799d1cac5387ce1c290f6d85be4d68d12,RAIN,"DARKNESS, LIGHTED ROAD",WET,IMPROPER OVERTAKING/PASSING,2.0,54.5,3.0,3.0
02ffb8c1cbd589b7adb031e1c092b679d365c274d4d6b92e3099ec74c47e5333ad0066dfa008c642dc5b9e98e812e9ffb9f008786eac37be235d70f497d8f8cb,SNOW,DAYLIGHT,WET,FAILING TO YIELD RIGHT-OF-WAY,2.0,49.0,2.0,2.0
02ffebd78fd0e3253a33db7f71b2c8e8520d25e7866427801fc7a7842700ca50e590831d0947e0d5aada13028345a44224baa22a481a1930a5ef2140178aadec,CLEAR,DARKNESS,DRY,FOLLOWING TOO CLOSELY,2.0,29.0,2.0,2.0
0300263daeb0778ff47099f79a18ec37b6ca6b77297eff9fbf1d8d6c5a32927b6776e54af2f59e3d79aee1dc3ff46e977fdcba6e791ceebc83bdb4823f092aad,CLEAR,DAYLIGHT,DRY,FAILING TO YIELD RIGHT-OF-WAY,2.0,41.5,2.0,2.0
03003d2c9161fd972a1f3916605cff37870eb3e806e89bb02b466a0cc98b5991629ef837c87958d193c91d0091db8f9840dae444dc41bd52ef85c572edc1f80e,SNOW,DAYLIGHT,SNOW OR SLUSH,IMPROPER BACKING,2.0,37.5,1.0,1.0
03006d251ce77ddfa0a1b7c3de6ccc78c6ed9037e230f16d3e9adb8453c045f6fd07af7854294d582c1b68159219d050b13689e1f749ab231f06d81f3e53d15a,CLEAR,DAYLIGHT,DRY,IMPROPER LANE USAGE,2.0,29.0,1.0,1.0
03008eac61b7ddf0f6925e733ba80adbd749513ebcbf9eaf879c27dd04dfc0a470b18dad39feb54ffa3c18ca0697cd504a64e1f60361d42a31c326df30f25483,CLEAR,DAYLIGHT,DRY,IMPROPER OVERTAKING/PASSING,2.0,43.0,2.0,2.0
030109f84858e8c0ef17d15099b736fb670358f5bd2dca047c6171a84b83816ab24b42436b42954b0dc520952780d6fae5381495ce530d14a07d4c1d2157de37,CLEAR,DAYLIGHT,DRY,IMPROPER TURNING/NO SIGNAL,2.0,41.5,2.0,2.0
0301832ff306aa6c431187377f6e7495d0c5382738dc20b5ff2f63ceb193130022e28e326fe1d03fa78949bb3627001b4f1346c41f60645ef243ecd9b329b5f0,CLOUDY/OVERCAST,DAYLIGHT,DRY,FOLLOWING TOO CLOSELY,2.0,30.75,4.0,4.0
0301a5cf53fcd918e60bff94f91ac4a15075d3e5248faaa29d980ea626916076ae725da703f3f0d8a1b66359a6ac01cefd5f0121dbc626afe89b5f1056ba738b,CLEAR,DAYLIGHT,DRY,FOLLOWING TOO CLOSELY,2.0,22.0,2.0,2.0
0301c2e5a8a20db465dca76ea2984567f50a190b4543afd28bf72fa02f13c54e34d4296d686d9c514029ad338581c5c075d27beb2df1fc4247def2bfb27706f9,CLEAR,DAYLIGHT,DRY,FOLLOWING TOO CLOSELY,2.0,59.0,2.0,2.0
0302069aa34680d51b8f2b93cfc05c9320e9c378bec5e8cc16521f1fb1d3ae7f5ec56a54fb01b41b0fb35eb9efb9bbdb79c5c05a6f8d8d45c4225cba630109ac,CLEAR,"DARKNESS, LIGHTED ROAD",DRY,IMPROPER BACKING,2.0,52.6,5.0,5.0
0302175f1663604e4b965d211b12ca6a66d740ace3039834b99fc75c59c467781ddb8e02cff7d571519009b728a7fa0feccb44f9146e47edc650b22148b72756,CLEAR,DAYLIGHT,DRY,DISREGARDING TRAFFIC SIGNALS,2.0,36.0,2.0,2.0
03024e9f6bd9eb87d2bf481c6586606dd8d4fa1281b56f7c32cd6f8d46cddc2e83365c8ee25de799aad96880d9ba3f836730ba6d9c30a5703b34edd4b7568cc1,RAIN,DAYLIGHT,WET,TURNING RIGHT ON RED,2.0,39.0,5.0,5.0
03027d6a68702691c695365d638726c18335e84d2f8545c26afa634d282f4f1bbec6f15a63c7b4fed840976d2154275b1ca15f6b1aa0290f0cc87acfdb6f2401,CLEAR,"DARKNESS, LIGHTED ROAD",DRY,DISREGARDING ROAD MARKINGS,1.0,28.0,1.0,1.0
0302957d0c1f69cf4e4d93b1c083cad83211c94c6477553a634c8b48ee3c87281aeadcd6288a09035cefde29d5da8cf6cbe9e2fedfd2748654f2e9dfe43edb83,CLEAR,DAYLIGHT,DRY,IMPROPER OVERTAKING/PASSING,2.0,47.0,3.0,3.0
03029be4ce52a909c84a584ceb4a0ba0534727c878b2c314d323dfbf5b18a5eacab8fb67c8a9aa8c3d24cfa2c780834875238bc0a6c65aabb885314ce9585334,CLEAR,DAYLIGHT,DRY,FAILING TO YIELD RIGHT-OF-WAY,2.0,43.666666666666664,3.0,3.0
0302a3e03377eacbc45e25873dbe023918badf435eb6e7b495669102d47004e9e55caa1df903402cf5092db25584a5ff47ccbe8ac7bebcb9eb7168cf044b54a4,CLEAR,"DARKNESS, LIGHTED ROAD",DRY,IMPROPER TURNING/NO SIGNAL,2.0,24.333333333333332,3.0,3.0
0302c58dce13994978a08cceb149a610abdf7328d72c662dbd76720b37d3482cda72f91d89b80deef797f0d184b3250ee8b9e8b444a470c25f7a8bcaaa64517c,RAIN,DAWN,WET,FAILING TO REDUCE SPEED TO AVOID CRASH,1.0,20.0,1.0,1.0
0302e126c272c5c948f80bb6c37b4eb7b41c594a6f8c34c35051352f940d89d3f08e16c1d16c13c4b00a2be52d362466250d9e67742db9844571029dbdf1638e,CLEAR,DAWN,DRY,IMPROPER LANE USAGE,2.0,47.0,2.0,2.0
03030892348535667bbb2e3a1533a4361674d72279f1f8d8c366c2bf6f5b954cf2ec72dfe9294eb794136957eaddc001269eb60cdb3f0fd27ff9077ebb7a687c,CLEAR,DAYLIGHT,DRY,FOLLOWING TOO CLOSELY,2.0,44.5,2.0,2.0
03031278c693345270b78345d3c1f7f30103dd0ffd8aadf6bb19cbb719bac40e2897e9e44f05b9f4b21b1fcf5e82908e832660c4cffcb5a2c2c50bdc2a66d1e9,CLEAR,DAYLIGHT,DRY,IMPROPER LANE USAGE,2.0,50.0,2.0,2.0
0303356eab48a7d69053a3e6c79cf84c6f5069145cba9639b87df3a074f31c3285ba06a30359c96427078c3766089d753ec9855b7753da5d1ba1c9c129b5deb1,CLEAR,DAYLIGHT,DRY,FAILING TO REDUCE SPEED TO AVOID CRASH,2.0,28.0,5.0,5.0