crash_record_id,weather_condition,lighting_condition,roadway_surface_cond,prim_contributory_cause,total_vehicles,avg_driver_age,total_people,total_injured
03034bfd2bfe0a76ac6f8e02dc4c935f18a47a36d178334029547c5803eef8d81abe68e49d4605b75c755ebcc67159b6b779d1dba1eb99c541dbae76b35ab1c9,CLEAR,DAYLIGHT,DRY,FAILING TO YIELD RIGHT-OF-WAY,2.0,59.0,2.0,2.0
0303e3021cb4a3f70066dc12ef830d24b8d542c554c63b1079120e388733927adb0ed1ffc2845f197ae8ecfeb5f862ea2b857ffd0a555144f5c95f690274b0b3,CLEAR,DAYLIGHT,DRY,FOLLOWING TOO CLOSELY,2.0,45.0,2.0,2.0
0303f0d43b3033b1f3043e4e60c1a2ded6b08268404f9273e3f2331645ed022bf3f89908430f12d1db2e73724dfad7092358c61149332e194acd5260479975b4,CLEAR,DAYLIGHT,DRY,IMPROPER LANE USAGE,2.0,39.5,2.0,2.0
0304141c45737208ad8c104c81570c3c4081211fcfac44b6e6b461072a22b1b7414bb59c54b49ab0e42c949f43527f8cb1ee439f3b920f75d782b0b06f88fbb9,CLEAR,"DARKNESS, LIGHTED ROAD",DRY,IMPROPER TURNING/NO SIGNAL,2.0,38.0,2.0,2.0
03041eb1f03875c1c24977cb193ec66a5bc748f72095c2773e37f54579aa4522512bfbae56daa58d90fa2e06a8d9eb633b418c944e69bf27fcb5ae2e59139151,CLEAR,DAYLIGHT,DRY,IMPROPER OVERTAKING/PASSING,2.0,40.0,2.0,2.0
03044d5ba6581de7b6cbb52622719fa3bc4d8848f4a73eb0420b2ad52cac3d726f51d1fb786e0963366b65c1b53cfaddaf0dc1b11d0746efc31cf380210f3875,CLEAR,DAYLIGHT,DRY,"VISION OBSCURED (SIGNS, TREE LIMBS, BUILDINGS, ETC.)",2.0,28.333333333333332,3.0,3.0
03045b670a8e10722ffd142ce0d28a05564a9c2dd5b3c8436162426cd3c2a6a09c9a686801bcc8034823f694d7354aaf155c026039b15d8b64dea0a1aa355fb2,CLEAR,DAYLIGHT,DRY,FOLLOWING TOO CLOSELY,2.0,25.0,2.0,2.0
030470968019f245131f00d13c10d149f671e5d637c8b904c765e73f7634676a80c57ac7ca9582689290cc801af14972609d7d8144d6e9d927f5e8b2f1e9f362,CLEAR,DAYLIGHT,DRY,IMPROPER LANE USAGE,2.0,28.0,2.0,2.0
0304a2a4cf0937e6afbdd4a0cc4f7ea4afd29a5c658e281eba623fac15d2b080abc70f31130219d2618960cf3e829b8d98f9942be76c92740a8e2bbbc4ce9611,CLEAR,DUSK,DRY,FAILING TO YIELD RIGHT-OF-WAY,2.0,37.5,2.0,2.0
0304a762778c2d84545dff9179f8a9ea122baf45618f7fbe94c9a3f40efcbd80d0eca840ce76aaa1f20f758fc8a9935db14ad99ad13c2baaa5dde63fe310e4f1,CLEAR,DARKNESS,DRY,IMPROPER OVERTAKING/PASSING,2.0,33.0,2.0,2.0
0304bd636fe0cfdb0d31f8a3727315907f494d4a4baa3729e6101c2d4c94ed0ea4142f0cf5816c9ca8aaef4711487954a87dd56a9b59bc50580290b2207522f7,CLEAR,DAYLIGHT,DRY,FAILING TO REDUCE SPEED TO AVOID CRASH,2.0,51.0,2.0,2.0
0304e24981e593d3258ae64fd2afd11a7f4d7f962d8e67992e3501de680bca0e5c262d87f0d362e76a33e0cbe939b90a2f2f1e1cd6cde728cb9706c511d713ff,CLEAR,DUSK,DRY,IMPROPER LANE USAGE,2.0,37.5,2.0,2.0
0304e8a6e789a08573b228c23c3be68efe52a958d57389a5d6d6b24cb1f6ce164a2833fca89a4e925bebfca1e869edfbd43887271225b4beacf93ce1fb81ea5a,RAIN,DAYLIGHT,WET,WEATHER,2.0,25.0,2.0,2.0
030512c0357acd683d3c5677b06bae5621d26429ee1b77283419daad6d3aad1da09a9dc98597b3bc5b9849defd46d6d975c24863a72f4b79766364c2a73e9ba4,CLEAR,"DARKNESS, LIGHTED ROAD",WET,IMPROPER BACKING,1.0,37.5,2.0,2.0
03051a36fdc8abc8d633f5dae31202b251a70b8fc57649c4fb56210ed7e89cc73af182dc76ec4f0496cbef25fe1285d834ed04618f39aa8d17472ab6bd741cf5,CLEAR,DAYLIGHT,DRY,IMPROPER TURNING/NO SIGNAL,2.0,60.0,1.0,1.0
030533b083b1606e8b76f6bc7accb1ef7dd0ad3694eb6b8b172c4c1269208c981825813b330b229905b3cec38af939a7ee1f72d0c8541648c464c29a715a216a,CLEAR,"DARKNESS, LIGHTED ROAD",DRY,IMPROPER OVERTAKING/PASSING,2.0,24.0,2.0,2.0
03053a13c5ce5a6380e12cade0e031e5baa97b8e037a9bea116706c4c46ccf167ca74ab4228a7cfd08ff139cf2fbc3f5f306bcb0b7bd5e5e68115f16c1720f9d,RAIN,DAYLIGHT,WET,FAILING TO REDUCE SPEED TO AVOID CRASH,2.0,27.333333333333332,3.0,3.0
030540ae58f083ba9599b2b27aca0dc914b28fff6af7cf1f7f486800010e70c397943412a326d3e46d61cfc503a4823fc0972d19e4fb5c9ae440f91a63ba80eb,CLEAR,"DARKNESS, LIGHTED ROAD",DRY,IMPROPER LANE USAGE,3.0,40.0,1.0,1.0
03054240de696e2b252e08c7003215c17ca8d2e3ac8cce3d6d7dc5a6543af0690aa2bc730f8314eb3ca980a452841959804bd95b92ae285d6e261f0e08c4695f,CLEAR,DAYLIGHT,DRY,FOLLOWING TOO CLOSELY,2.0,34.5,2.0,2.0
03057cda5b76e4bfe0ea7b4803c10b1ac6049732c5405ecfdf4aa97b13e172d5071d986a59dba37637f941c9085db2d89a721cc6f3846803b240a30540b54c70,CLEAR,DARKNESS,DRY,DISTRACTION - FROM INSIDE VEHICLE,2.0,48.0,2.0,2.0
030584e6442e46ec4db0234cab68682016c0db63b2c7ce35f715e0304c9e6a992e8ceee0c055390300c39081c4660e2fc4d613d3a9c05e094abb489aa1e716f8,CLEAR,DARKNESS,WET,"OPERATING VEHICLE IN ERRATIC, RECKLESS, CARELESS, NEGLIGENT OR AGGRESSIVE MANNER",1.0,28.0,1.0,1.0
0305c9aecdd2de4b2e98f198b465bddec4f4942923f2bfaa0fb0b23e4e8a67b388bf60106447867b2c0101c2de14ce6e4349329bb4d36d8f5681cff43af564b1,CLEAR,DAYLIGHT,DRY,FOLLOWING TOO CLOSELY,2.0,36.0,2.0,2.0
0305cacf19de199d4e6152d61271f2fe4f9e907a85c2a167771e758ceb4682c2624c2ea475957d113bccb0b64a8e860db461224b71ca34fa41592976f1b21982,CLEAR,DAYLIGHT,DRY,DISTRACTION - FROM OUTSIDE VEHICLE,2.0,22.0,3.0,3.0
030628147cb240d2f46116f2078ecb49ffde8a3d63b5e6f9edf68cd56f86ed110aadc0d88b947a2519353744e78aebadee324c04a32ad344c0624fd70ea99574,CLEAR,DAYLIGHT,DRY,FOLLOWING TOO CLOSELY,2.0,36.0,2.0,2.0
030634a5303182d51375df7e218262fbcf72ff512e7b4cd7c6a821142d12ced04405894db13b841e1ea224773ef49395d7c1e48935446e264a1b055360846c33,CLEAR,DAYLIGHT,DRY,FOLLOWING TOO CLOSELY,2.0,35.0,2.0,2.0
030661b97a891c71c876f0bb2524ff8094ba54e8068624db0698b2ba15d19c5b19f2b518ce0eac3336506e5ede4e2fd56078c4a1d2285b1c110348718b5bdf86,CLEAR,"DARKNESS, LIGHTED ROAD",DRY,ROAD ENGINEERING/SURFACE/MARKING DEFECTS,1.0,40.0,1.0,1.0
03066e84287c8af266623fffb83cd508160392e4750cae36da0867a24f13d8b39a8601be5b0ccd59e2eafbf1df6b42acf8d49db4a38c995220f140392150784a,RAIN,DAYLIGHT,WET,IMPROPER OVERTAKING/PASSING,2.0,59.0,2.0,2.0
03068737f14600090d0fdafdedddc3bb4c721b5ad4aa327da4e79fe776d29a49887895a1e79432b5c2f7ae0f3f9314171dbc02245ef7fc488d2d88298c8bc1e4,CLEAR,DAYLIGHT,DRY,FAILING TO REDUCE SPEED TO AVOID CRASH,2.0,37.5,3.0,3.0
0306adc432215c6f8c2b5829757566b2c796a785e915d58a9ce5a99e8b2a466efef7b573409f35d3228025f1d67ba3c69fc9f5a63d7d642caf706ac07e5688e0,CLEAR,DAYLIGHT,DRY,FAILING TO REDUCE SPEED TO AVOID CRASH,2.0,31.5,3.0,3.0
0306be392d51d10ebf1bbc187da7231272d3c651b850032af13d6c447ac95885f9fd9a19de904deac8d76702e86a85b96fb6203c8d8faf3f488c71cea5e85875,CLEAR,DAYLIGHT,DRY,FOLLOWING TOO CLOSELY,2.0,49.5,2.0,2.0
0306d9cf47d42edfca22fb11380ebfda22989c3c2da024bc1373d33c5a7801802c77b094b373d455b4148594afb0bd2a89fbcb8431c1160321a49805f3cb0247,CLEAR,DAYLIGHT,DRY,IMPROPER BACKING,2.0,5.0,3.0,3.0
0306e94de464ee0d7029ead1be9a2d5042e77e7bb5472097c3db871c879deebb674e7d7d1ddd393cddb3085ba9bbc1ac185e4020fddd802507a17b8a8c5ddc8b,CLEAR,"DARKNESS, LIGHTED ROAD",DRY,IMPROPER BACKING,2.0,37.5,1.0,1.0
0306ed2352f802dde32012331f7f0455fdba921217447c437feb1e49d3a276dfae85a787581cac84c7e504dca76076741d84647300f3056b8866c287a3630a8e,RAIN,"DARKNESS, LIGHTED ROAD",WET,EXCEEDING SAFE SPEED FOR CONDITIONS,2.0,52.5,2.0,2.0
030717273c28ff1e99b2ff0c939b6f1690e7383a9d681d32665f773044f394c2610de35d86b568dc74bbf87276f6361fba0a1feee1064d6dd045607823a81d26,CLEAR,DAYLIGHT,DRY,FOLLOWING TOO CLOSELY,2.0,47.0,2.0,2.0
030740dcd98f1afb6de07c29e5ab0b7aa23214698f566452f8061bf4c8c287f2bb920167f1b2b0380b72e3815277c0a69c6ebea540a19431695dfb82860d72ad,CLEAR,DAYLIGHT,DRY,IMPROPER OVERTAKING/PASSING,2.0,37.5,1.0,1.0
030760a2e9ee87fef910f70811a71c85c01f0c657dbaae7c9b6ec6e05eb12e2e9ae75fcb079cb49611b228dd91d281e7665b39d7d707b2ce9e7f54afe345a163,CLEAR,DAYLIGHT,DRY,FOLLOWING TOO CLOSELY,2.0,33.0,2.0,2.0
03078b9464a43124691b0037273b50e4eba0eaca901d220b83ca4c3632ba55168d4f747bf9df6fd16349c8b5a945e54911ec02cd426c3e7ee9be6e514c3afc25,CLEAR,DAWN,DRY,DRIVING SKILLS/KNOWLEDGE/EXPERIENCE,2.0,48.5,2.0,2.0
03078f062e9482ca7d6ab3d2b8a5a242990ec3fad13bdd4e8648371f8e291d54b08beaca0fd22f9d206433603d7c2b3023e8ea5da9276bdc3b82c48507491e25,CLEAR,DAYLIGHT,DRY,IMPROPER OVERTAKING/PASSING,2.0,45.0,1.0,1.0
03079709431afb7516b2adf43b1408b9475b6f1b84a68c7eb516f9a4ae97f538531fa8b9c016643190e0262d60eee291a931d5de125c285c6927067852d9bb64,CLEAR,DAYLIGHT,DRY,FAILING TO YIELD RIGHT-OF-WAY,2.0,21.0,2.0,2.0
0307a0d7adf843e1142a995619783ff7c976aecbab89bc444bb092902b7552fbcae888991bc2cb37095ddf38a476cff8ffc94804f19dfb9ed8c2068339dc9bd5,CLEAR,DAYLIGHT,DRY,IMPROPER TURNING/NO SIGNAL,2.0,26.5,2.0,2.0
0307c29a87dd123215ba1ebd055893b67ad41f699655c162d29c80e17d2ae07a6947e9bf47190dffe24d0cbb455e5620b73f6895f97c1c1bb7ac519f8ce287e5,CLEAR,DARKNESS,DRY,IMPROPER TURNING/NO SIGNAL,2.0,31.5,2.0,2.0
0307cd2ad3d02830b2cb921462d5ce2c72f75b326290199c3a89ac47d4a53c196344edb79df18c5ff624395020e88ea733d5bd24857ad2896eeb3284f82764d2,CLEAR,DAYLIGHT,DRY,FAILING TO REDUCE SPEED TO AVOID CRASH,2.0,36.0,2.0,2.0
03082cf94c59b8b4e5521efc99a2b4388cbb8f68a569ced4271423c0675ae208345b9b9ce4d4c33adf571eaab8b7bd4f994f999311a898eae82eb92c6b414bbc,CLEAR,DAYLIGHT,UNKNOWN,FOLLOWING TOO CLOSELY,2.0,46.5,2.0,2.0
03086a2147337c63486d0f21775f2a6418c13387fe1a140016ae1e39840e6f6f0781569bb10a805fba494c2c76f92693706873d54cb1efd3d83859e14bb18138,CLEAR,"DARKNESS, LIGHTED ROAD",DRY,DISREGARDING ROAD MARKINGS,1.0,44.5,2.0,2.0
03087e95c9a3201b7ffe656bb34eb4af12c4ffc84b67e8b5aab49cfb20828c384f44c29297d82d82257b5b8d74969306b21ffff8a5a0815125176a867765a737,RAIN,DAYLIGHT,WET,FOLLOWING TOO CLOSELY,2.0,71.0,2.0,2.0
0308857ea6863b178ed7a096030c8c38580f8dcf5fd781396c584a70e0c128c97b507ff2dd420cde529459ef867d922f4bb7609ac06d580f8f31c1b3474882ae,CLEAR,DAYLIGHT,DRY,EQUIPMENT - VEHICLE CONDITION,1.0,37.0,1.0,1.0
030889342bdad83163f2b3d2f1a81ff6b8abd8b04d15ba1b2e209560acfb699340ffa433eddb5d958349bb255694e8c7f644cde981f73edd3a9a4463e54c81a5,CLEAR,DAYLIGHT,DRY,IMPROPER LANE USAGE,2.0,30.0,4.0,4.0
03089e6276935b6842409d09616c70b142d736daa35f80d3da6f6e72a8fdfbb8793590b2d4d8d67b6f9558ed003f4314fbbe25012f4b42c1c8e670d143fc5e09,RAIN,DAYLIGHT,WET,FOLLOWING TOO CLOSELY,3.0,63.666666666666664,3.0,3.0
03089fd7b2091f0399d81e120cd722301ae72b45d290a41ce3a6d483c734a511224c08037f823091841d24693b170bb56656f7a191d368d5651ed44bd159a817,CLEAR,DAYLIGHT,DRY,DRIVING SKILLS/KNOWLEDGE/EXPERIENCE,2.0,37.5,2.0,2.0
0308ad52488a500faa325759985682a5461ac74de25532a6182b71102556091d2ed9416ab96e3c4d5f60a89f35f7d4e3b3103b5c772e62d9439072d1d0964228,CLEAR,DAYLIGHT,DRY,FOLLOWING TOO CLOSELY,2.0,36.0,2.0,2.0
0308c33961999a9d711013315645a7fe9df74c9a19c1e31fa8072cc1454e26eeec4628099edc3bb2a63410174a56054b7a9ce107743f319c2ed0724792d938aa,CLOUDY/OVERCAST,DUSK,DRY,FAILING TO REDUCE SPEED TO AVOID CRASH,2.0,22.333333333333332,3.0,3.0
0308c379e9c12c934341de287f1e33973e3ba639e9e30dc4103a112b5e518b4dc3ca41393ee54a7b308ccc1cb25c8cb5a31317e8f3bccf20c5f75fedc07ac821,CLEAR,DAYLIGHT,DRY,IMPROPER OVERTAKING/PASSING,2.0,51.0,1.0,1.0
0308fc5b35892ccd17bab84c217774b2fd11c5eff7c457829df4716425f2d1ffef6b4e5dbb31c62539bfd40789cb73333048c16975ca154fc1256960df8972c6,RAIN,DAYLIGHT,WET,FAILING TO YIELD RIGHT-OF-WAY,2.0,41.0,2.0,2.0
030915a58e70ff8cc2cbfe87e89568ab1c740528659a8b78e79f94da6b83a38c47b37e962a7aff6f0547bd1bef28e2222756e0cdf699751ebddafacaac08a00f,CLOUDY/OVERCAST,DAYLIGHT,DRY,DISTRACTION - FROM INSIDE VEHICLE,2.0,36.5,2.0,2.0
03096117efb328645bc75c454bd9f0b793efa33c06b3201303410ca342e694ee8a678c04e24b86378263f21016b90cae3ba4b38bcb439b873a5e66d8b82ae175,CLEAR,DAYLIGHT,DRY,FOLLOWING TOO CLOSELY,2.0,25.0,2.0,2.0
03098a0d002563f4c640327380b9f2f2a3d3033bfa95d385a10dfdf8d664017b80c927c85f63ef51c6a6fbf124c056cabd6331791896ef429266a884c9cd0bb6,CLEAR,DAYLIGHT,DRY,FOLLOWING TOO CLOSELY,2.0,29.666666666666668,3.0,3.0
03099bb29b04e2c287ea732a7de13094c3891f5dbe308d4bf3b98485f856449dbcdce0e06463b9c7161d82521707e8a867baca0b064be5a27a1c865fac30394b,CLEAR,DAYLIGHT,DRY,IMPROPER LANE USAGE,2.0,47.0,2.0,2.0
0309acf857a9d405837c00b75df4cf0d90cde2d502a4a7557d6ec737d75269308b84ef35f092e8c4f2797fd9f968d35e8103b14314b93d48916785afaa6012cf,CLEAR,DAYLIGHT,DRY,DRIVING SKILLS/KNOWLEDGE/EXPERIENCE,2.0,32.0,2.0,2.0
0309b8f51f6fa8c4570347032a7cb7a9d968de8891308223de329a479be558a79fd92f2b2576abc08e402915863218b8d124ddccc075b9592252408fd0641bd1,CLEAR,"DARKNESS, LIGHTED ROAD",DRY,DRIVING SKILLS/KNOWLEDGE/EXPERIENCE,2.0,45.0,2.0,2.0
0309dcd6f2a254a786a4824fb950ffa1a64b99da26c3a2b64274a9cd99890db30dde12b09becd53ef739f4b47975862dd98031289a3e5c3ee2930e0eb4ce5576,CLEAR,DAYLIGHT,DRY,FOLLOWING TOO CLOSELY,2.0,42.0,2.0,2.0
0309e72494c43fc73d32af6f536cd75b496c5f379b659ea299e772f2123161b591c05c734b80b9398a6069012c98279a783ec7330bca4a10b71e5f55db2d5941,CLEAR,DAYLIGHT,DRY,FOLLOWING TOO CLOSELY,2.0,38.0,3.0,3.0
0309ed4491b9446345847aa6775f9f492cc955ec63a28471bb664fbd91cf9713743d78528c146b631725f0cd3e6d610bd24851a2ca7fea89e6a66fe2168a7ce6,CLEAR,DAYLIGHT,UNKNOWN,FOLLOWING TOO CLOSELY,2.0,26.0,4.0,4.0
0309fcdd5762b33cc066cfd83632586178f65f0180be905dd836ba17f4818998943a8179550f70b1c9be1dd18ce2a887914a375359e965a87585397a24a6181e,CLEAR,DAYLIGHT,DRY,FAILING TO REDUCE SPEED TO AVOID CRASH,3.0,56.5,3.0,3.0
030a037056e44f1696f20303f39bd00eef7f222964483dc0738728de33354f043d302d3e8f4c1fe2cb8bae9109155e43492c959ebadf5695f6a0a6fbf05ae5bf,CLEAR,DAYLIGHT,DRY,FAILING TO YIELD RIGHT-OF-WAY,1.0,37.0,2.0,2.0
030a11e0c746bb8b00c43cb79ff1fefdb07e9383abba9130ff816985210308b30cb43d28728720909bdb0e44d468b6f0474de9873dad3296ce70b71f11519c3f,CLEAR,"DARKNESS, LIGHTED ROAD",UNKNOWN,IMPROPER BACKING,2.0,51.5,3.0,3.0
030a35d9b4d8ab5706b3dcb88809ba22d2e7948275e8d67c3e1f5785b65f365986e772e42c1ad73022ef9dc0a58dc8c3d9b3794b8d8fa1bbd4556b9e9cae58e8,"BLOWING SAND, SOIL, DIRT",DAYLIGHT,DRY,FAILING TO YIELD RIGHT-OF-WAY,2.0,34.5,2.0,2.0
030a9f73a2d24a609abe87f26f56e98f717a06a0438d034541edf66d2d5f70ccd76c33ddee2cd8f15787a1eadafaf121898be45b437b113551941a3e32e42bb4,CLEAR,DAYLIGHT,DRY,IMPROPER OVERTAKING/PASSING,2.0,26.0,2.0,2.0
030aa0cb0c5c0e5147eb821f5f623440073fbbe6af63fecd4ad4e6f0032637f2f6c84e5d1485d1683c2f606904cfe5ed4e567430054304fc485865dd6c143b4f,CLEAR,DAYLIGHT,DRY,FAILING TO REDUCE SPEED TO AVOID CRASH,2.0,36.5,2.0,2.0
030aa344b8b7791885cbeddfe6a35e9465a581954caa8d7facd67a62757d42d46d18cf5a0ac2772cb1463b05678c2e2218951026c46658a1c512713580f80f46,CLEAR,DUSK,DRY,DISREGARDING TRAFFIC SIGNALS,3.0,30.333333333333332,4.0,4.0
030aa45697a388d6641c631bab2cbc9c05bc3b3af610bf14fda1d1ebf4238750d96a8c2756c5dcff3e78f59de4cde8f704c88efc2674e5b7fa89208c4f1d47b2,CLEAR,DARKNESS,DRY,IMPROPER BACKING,2.0,37.5,1.0,1.0
030aa8d2c9d130c94203245b20881adfc76b00e40b43d08cfe9add3262ba332ad81dc837e69d2c884881a94c71b6d68f9fe2d9685606bf8b6057f7f9b637b5ad,SNOW,"DARKNESS, LIGHTED ROAD",SNOW OR SLUSH,WEATHER,1.0,29.0,1.0,1.0
030ac8f79db4c8b1023af86924717b6c9469340febcb6c10664bb4c1ed0326e61766897d796793dc5486c579a2bbf2b6693e676a90adf4145a56605c9eabb81a,CLEAR,DAYLIGHT,DRY,IMPROPER OVERTAKING/PASSING,2.0,29.666666666666668,3.0,3.0
030ae05b242dafa52d9cedad3030432a6a8d2bfda2bec0535dcd8cc5a64cd51709539a2a19cc47011898c5cec74e22a03dab6b2d3effa621e3cc77bfb8c68567,CLEAR,DAYLIGHT,DRY,FOLLOWING TOO CLOSELY,2.0,46.5,2.0,2.0
030ae6f43b6d9cb01efaf795d0a7f4c6a693ff2946c046114ace815ce795a1f325c1c97a2935b8d5975ba491c6eb87598807e3d17bba7f382da6e6fcaa04bef7,CLEAR,DAYLIGHT,DRY,FOLLOWING TOO CLOSELY,2.0,69.0,2.0,2.0
030af62f7ee4ac890135837f41c62b4c18fb03bd963f0463269bc95d18dbbb28f0efa92eb76f74fc9a5600bb8252dcfb78d914f0d35424e5d6ec30f38c95b2e3,RAIN,DAYLIGHT,WET,FOLLOWING TOO CLOSELY,2.0,30.5,2.0,2.0
030b5889f7ce1f83916a9896e6366fb8a323debef38b1b3591df6ca5e546c29d43b2f3d86e620e652ba8ce7c267ef639cc4b4d67387c5a9a48d49d680b9316d7,CLEAR,"DARKNESS, LIGHTED ROAD",DRY,FOLLOWING TOO CLOSELY,2.0,36.333333333333336,3.0,3.0
030b62f5420cd4c4f9c31f443e06e65e62b9e5c41ab0497e26a1653cfc1da5378c7f8bcdf2de93011240ddf9518239fa15f848b94ae8067d8263ae07d3d68940,RAIN,DAYLIGHT,WET,FAILING TO YIELD RIGHT-OF-WAY,1.0,49.0,2.0,2.0
030b8bb862c7a333d855f53b1304a3fd24482278944dc8edea10e2f8d89e2b05addd0fba994754fa214d4f65043b01c3f6522fbb49f1bba1a2ec7f75e27411da,CLOUDY/OVERCAST,DAYLIGHT,UNKNOWN,FAILING TO YIELD RIGHT-OF-WAY,2.0,32.0,2.0,2.0
030b9d30f5974ecbdf0fff5929547533026cf00a1238e8cf73f67b816d447bbec83fa6828ba6255623648a6d7e1330e7ee2950f519421ea31cfbf8c85f13abc1,CLEAR,DAYLIGHT,DRY,FOLLOWING TOO CLOSELY,2.0,64.0,2.0,2.0
030ba218a8c9faa2c8034458e7e10cd90be9b9967793c86b93e52d9ac61665027865c6b921a032e38a8de1495b44b3a2aa1a9ed983e49ff0953bae2a440094c5,CLEAR,DAYLIGHT,DRY,IMPROPER TURNING/NO SIGNAL,2.0,44.0,2.0,2.0
030bb28bb3d538de9c5e678649cc220b3e3b422ab592e117ff1646754e0915afc95abdd5d8e2fe45d1bb97af35c4b61a4bcdd75b1db6604a3d766aae0b6f8f8a,CLEAR,"DARKNESS, LIGHTED ROAD",DRY,FAILING TO YIELD RIGHT-OF-WAY,2.0,44.5,3.0,3.0
030bb6775a7eeefd3e0d8e89a6336213d83ddd31d01396396f04051cdd18c0afe06145c5b563df77fa91ba0d75875030d85ff956308196024516bf3f2838eb6c,RAIN,"DARKNESS, LIGHTED ROAD",WET,FOLLOWING TOO CLOSELY,3.0,37.0,4.0,4.0
030bbdc577420e8d30ca51dcca767ea9fd06ea20cc1a9b8999029105e0a4f91c1907b17547707e00ca08606cb330c34863de73e493601d735e2953c3ddc32842,CLEAR,DAYLIGHT,DRY,FOLLOWING TOO CLOSELY,2.0,44.0,5.0,5.0
030bc252388bc76ebde0fac9eb9715046ae5d05dd8cb8a3600ef74925a64756f47863cb9f915a89b66d6bdc32c1c801799595fde5a98889f4251bb35701642a6,CLEAR,"DARKNESS, LIGHTED ROAD",DRY,FAILING TO YIELD RIGHT-OF-WAY,2.0,18.142857142857142,7.0,7.0
030bcf796ccaa28465986e99a3994cb3069f21c5dfa53c0972979ebc249167d7167f24c778be44b6fd0f4c93c7ae63e5ccf2be7236816c2184211787cce1025f,CLEAR,DAYLIGHT,WET,FAILING TO YIELD RIGHT-OF-WAY,2.0,37.5,3.0,3.0
030bd334b0ad80eab9a2d3ee5ca4621d8d3b9eb25d16dad0f0a9339498331ee0dd7cae7c5dd898fd4c36dab6253787175db09db379f284dd59ccbe32f4aa5cd1,CLEAR,DAYLIGHT,DRY,IMPROPER BACKING,2.0,33.0,2.0,2.0
030bf3de7580b7de93d7522a8109ab7b6d09d8a02e3c1f51940f9e1114b11d9393837ce05219ca9964f2addb0a678df272bb0b765d5c729d3c056c3cb3f6af29,CLEAR,"DARKNESS, LIGHTED ROAD",DRY,FOLLOWING TOO CLOSELY,2.0,20.0,2.0,2.0
030c08aed20b5f5a5f76af1c19522737928b0c521a2e8a9be5a08e703aa9b4e0cb39f55fe72b05a1dd53e74f14586b6d5ca6447d666f83375f5bfae2d33ff5e3,CLEAR,DAYLIGHT,DRY,FAILING TO YIELD RIGHT-OF-WAY,2.0,54.0,2.0,2.0
030c0f50e6fb099eb74a49d21d805bb32cd77c4eab966736faaba442cc3f0d9191eb69615c74b845679099b6adea7917dd974981fbb35fc74422235a071bdb67,CLOUDY/OVERCAST,DAYLIGHT,DRY,FAILING TO REDUCE SPEED TO AVOID CRASH,3.0,29.0,5.0,5.0
030c1ff85f49deb0ac7c5a091faa7d68c273c481f9c6cadd06138b594a65f211b1a5e9319f8ba94adef45d1c48f23104f71a01a277e5803cbb1b59397c2442f5,CLEAR,DAYLIGHT,DRY,FOLLOWING TOO CLOSELY,2.0,32.0,3.0,3.0
030c34bc95340ad5451774f0f0bc6203918714272eeb0ec629244a45c44b04c52638a5efb59486da7725d932d9c987c68b20e3c6a3d15ffaa6daf42e28108629,CLEAR,DAYLIGHT,WET,"VISION OBSCURED (SIGNS, TREE LIMBS, BUILDINGS, ETC.)",2.0,45.0,2.0,2.0
030c3f8ac70b95b24663d2c95a86dea0dfb2ab3b69d7e022071f8bad29a70ba7effab8690d29ee90a09e8a694a2d71ae742e5beef8acd88c6bc9b1a638595244,CLEAR,DAYLIGHT,DRY,FOLLOWING TOO CLOSELY,2.0,28.0,2.0,2.0
030c8aa8beac7d2da5471b845b7cdd999bc1fcc0e9376208165dea7ff6a1f5b319cda6b80eb6bd6c2fd746641d5362186183be7725487b1f91549a256be0cc12,CLEAR,DAYLIGHT,DRY,FAILING TO REDUCE SPEED TO AVOID CRASH,2.0,37.5,1.0,1.0
030cc4e868551a0f58ad07b323054eebcdaceee1c0c1365d8df50151c4fec17f89c2cc018ab7326c8fbdce25a502f2689e63a69670bed1676dac62c8b7c14396,RAIN,DAYLIGHT,WET,ROAD CONSTRUCTION/MAINTENANCE,2.0,28.5,4.0,4.0
030d114c747323019745cf1e6d9a54a41808a87011e75bfa28f6368b598994b476c5d9db85828c7ccc0e524f696932acce0f45d9d2f683a7ed8c3d936f6e636d,RAIN,DAYLIGHT,WET,DISREGARDING TRAFFIC SIGNALS,2.0,50.0,2.0,2.0
030d4669af689b7afe58d187276f6b45726c765f6ede49bd1f0968afbabb21725562b532247e983168856a0c377d4b5be9b17a0c809c49b3762b5dfcbeb4f92f,CLEAR,DAYLIGHT,DRY,FOLLOWING TOO CLOSELY,2.0,48.0,2.0,2.0
030d5788e6aff8d4c048dd920309e1ae42437f7aced74cc9d38cfdf8119d93f95df806c28dd03abade513557e19f531c7acfea9ab77b506b8146cec097c3870e,CLEAR,"DARKNESS, LIGHTED ROAD",SNOW OR SLUSH,DISREGARDING TRAFFIC SIGNALS,2.0,56.0,2.0,2.0
030d6daeb67a771b056062236dd8672a3e803225bf70accc7f6176b73827f561002db45c795ac2a507301e515af27c1d6c23d6df934cc467e33e9ff5170afcc0,CLEAR,DAYLIGHT,DRY,FAILING TO YIELD RIGHT-OF-WAY,2.0,23.75,5.0,5.0