crash_record_id,weather_condition,lighting_condition,roadway_surface_cond,prim_contributory_cause,total_vehicles,avg_driver_age,total_people,total_injured
030d709cab032fb1bfc8318aa94b45eca147d1e1f3a4365aa94b45770aa89f87d4fbd6d24aa7bfdccb0091aabf19c96452fd1706c0d5b9f91b7973df8101d2e4,CLEAR,DAYLIGHT,DRY,IMPROPER TURNING/NO SIGNAL,2.0,52.0,2.0,2.0
030d89765698f710e4ad1e0929034922927d8d7a7aaf77908c2a266847f07521c9feed92106ecbcba4dfb8aaa112059ccc9522e34029f15c2e2091f2c1815aaf,RAIN,DAYLIGHT,WET,EXCEEDING SAFE SPEED FOR CONDITIONS,2.0,54.0,2.0,2.0
030d93b6b32b0bc76a87a41d0a2d3dbf555c5578876deee29742de2e38180ab7e544e8fe07b47a3010d0368c8e680d04ceb9fa21cef476d0a0cb87385b9e8d58,CLEAR,"DARKNESS, LIGHTED ROAD",DRY,FAILING TO YIELD RIGHT-OF-WAY,2.0,22.5,3.0,3.0
030dcde8422c334d9aa29a15f29be58d5c0aec8a7e892a64b5d02663b50d12de4d7d372fadca01020e6b420a86e5210cf44c12769339d5dace932f9148dfb10d,CLEAR,DAYLIGHT,DRY,EXCEEDING AUTHORIZED SPEED LIMIT,2.0,75.0,3.0,3.0
030dd45e9d4fa6b36b2f00d71c10d9b82fdf22cafacbe38e0a11050d325a2c553091d9249e4e34a82823d56b860c2137eed92be2abe94d6c33d93ea4975c301b,CLEAR,DAYLIGHT,DRY,FAILING TO YIELD RIGHT-OF-WAY,2.0,40.0,2.0,2.0
030de407063e6746276c079e74a94e74af9193d6f54d15c96a414c583e1e9304fd9cecbf2d30e9ea1f3a1e5c6d63f0ac992b733c602ce217385b78675475b901,CLEAR,DAYLIGHT,DRY,DISREGARDING TRAFFIC SIGNALS,2.0,55.0,2.0,2.0
030dfb5b725d1e52357dc7506e595798ba08aa85fb9ec1690a1a89dd0c39ba60acb0f983c6f294fbacdc18494215701a19b7a79efbe8d22dc40e7ab030da9bae,CLEAR,DAYLIGHT,DRY,IMPROPER BACKING,2.0,37.5,1.0,1.0
030e096f08cad46719c99bf5c490e47b653ecc1657e30693e21bb38785030560485c68159eabfcd11a85ac3619516c6d62b850d1b196f4c634cc313fb1a63c05,CLEAR,DAYLIGHT,DRY,IMPROPER BACKING,2.0,43.5,2.0,2.0
030e2413d3a4d3924ae76ba54dab967edd4671dacad87026afe346e51973fed457712020d5b4bfef5624e5f2318924e3dfc42ab31bd9242750c55504dae9d39c,CLEAR,"DARKNESS, LIGHTED ROAD",DRY,DRIVING ON WRONG SIDE/WRONG WAY,2.0,36.666666666666664,4.0,4.0
030e26326d33181d76a38208636b5c4b088177eaf48f0de5c1b3d05e535d339cf05826e54d2d619f97a204201b8fe35c945b1d762fd43bc6e31f653d054674f1,CLEAR,DAYLIGHT,DRY,FAILING TO YIELD RIGHT-OF-WAY,2.0,57.0,3.0,3.0
030e44347793946cb55b5ddcecba8843dfdd3924a779b6308aff687c2525b64dd44a6ce036e515188e004d2e112e567d9ed1dfe816ac0e1429ce2a7fa718231c,CLEAR,DAYLIGHT,DRY,IMPROPER OVERTAKING/PASSING,2.0,25.0,2.0,2.0
030e630904e2f036d63b5e97489927cf5017c950bd305c5e387088e8ea053ee46baa237bc32e1e6ccd38aa8063d764cc14297f53d3af2086633427c26b38be2f,CLOUDY/OVERCAST,DARKNESS,ICE,IMPROPER OVERTAKING/PASSING,2.0,69.0,2.0,2.0
030e919d020d49ad2e0f5ed7a1aa6f7aeb8278e360fa6ae34fc728f9c584258e6ee7b9dbc9e08d16293d3521006b5396cfd899079468f1c101ca0be8e8da070b,CLEAR,DAYLIGHT,DRY,IMPROPER BACKING,2.0,37.5,2.0,2.0
030ec2b8d820dcfe5c3ae76716d9ceacd76dac4540908b492e9360f6930bf904a2424125a5a36675d9e5624cc17cb3df8fc3546a22f91851f2109aeb83fded50,CLEAR,DAYLIGHT,DRY,FAILING TO YIELD RIGHT-OF-WAY,1.0,24.0,2.0,2.0
030f188aee16961537c775d5468a949382b5055a4631bafaf2d2122a0ab5b53622860b2e1af5a55e3e27da0bce25bce9ea9671aadd23087d93021559266ca655,CLEAR,DAYLIGHT,DRY,FAILING TO YIELD RIGHT-OF-WAY,1.0,49.0,2.0,2.0
030f51ced858d85f09a69770f563cc74f8d3469eb3164bcb270e7dc96bfb3cec56d7bf0af9eed958a5fe0405c506c985bf4ecd445b010693f3507d12150bbb2b,CLEAR,DAYLIGHT,DRY,IMPROPER LANE USAGE,2.0,49.0,2.0,2.0
030f6991a4f68682d122f60dd8530ced35c806ea6ff9cfb2d8f6345ba88a9a8e9ba9688e683b7a0e8d7af6f58c2303afa2d03cd14ef78c5a1ba9e910867fd22e,CLEAR,"DARKNESS, LIGHTED ROAD",DRY,IMPROPER BACKING,2.0,47.0,3.0,3.0
030fe5a90c939caedcb08441dabb622df30cf00bc7340fa990bcbde91fad781882bb5c9e05fdf8b50d89d8c9e2a14503398f08520346d3c5c416050503debdd1,CLEAR,DUSK,DRY,DISTRACTION - FROM INSIDE VEHICLE,2.0,33.75,4.0,4.0
0310086effb1ce341f02fe86bb7a8669ccbb9cb66eb664e91acff8c007c040036718d5ac4074cc8fc29846efd7a744049fb2796050857339c466df56cfebcaed,CLEAR,DAYLIGHT,DRY,FAILING TO YIELD RIGHT-OF-WAY,2.0,32.0,2.0,2.0
0310125cc8c27c6c1079c64ccc3b23a0c99ef31a69a7fc9bba3b57401d0f10f7e5e8de295269386fecc0ec483f0673b0535c03dc1121466e69bc343b5109f736,CLEAR,DAYLIGHT,DRY,FOLLOWING TOO CLOSELY,2.0,39.5,2.0,2.0
031032b12b6ffa1ef29275cc018cd97d1489d03b06879f045dff36ea5197ed959c9efdfb26f0b4994ec01c1bce0a42fd5b93b95a81dd0fd5321b28b5282e6056,CLEAR,DAYLIGHT,DRY,"OPERATING VEHICLE IN ERRATIC, RECKLESS, CARELESS, NEGLIGENT OR AGGRESSIVE MANNER",2.0,37.5,1.0,1.0
031049283da20b6a7b7b5f3d43fe5607b84a721d50f3af162d19294e8e978bd4e10b863b54a67e8d5019f85abc78aa3f08cdc13be5f12a9ed93b2f5cf40d5371,SNOW,"DARKNESS, LIGHTED ROAD",SNOW OR SLUSH,WEATHER,2.0,27.333333333333332,3.0,3.0
03105b108da79a86a426f3e85642bf8a0c5c5662d58fe3c1daf3489e689927ec2efa1734a683dde3f4031744207c22ca6712c996897b96b49455566d32106fa3,CLEAR,DAYLIGHT,DRY,IMPROPER TURNING/NO SIGNAL,2.0,46.5,2.0,2.0
03106ffba1e93f20ca1c5c2975cbb85e765ad3b836623b7c2bc724773ddf15c2903b0a8d3b53305f067907b2a1f17604de7b601d092743e7b1151ed157ee15b3,CLEAR,DAYLIGHT,DRY,FAILING TO YIELD RIGHT-OF-WAY,2.0,35.0,3.0,3.0
031087231207b098247466cffd777ae3a1fd1402202fa1631f5ecc6c5600aa6e4a65f47276ac78ccd4ef41f4ecfb4f2e9563c029f3a73fae76ac746d168d3a15,CLEAR,DAYLIGHT,DRY,FAILING TO REDUCE SPEED TO AVOID CRASH,2.0,43.0,2.0,2.0
0310b1e7a4d950208a78169f74543349044c00271c01ff56145b3d2836ddfc785a4683a8b63afc884f70339e81c1718d1a116b53e3641c2379c38e75ede99ae6,CLEAR,DAYLIGHT,DRY,DRIVING SKILLS/KNOWLEDGE/EXPERIENCE,2.0,51.0,1.0,1.0
0310b5831c98bb994e852112e63364d91320600523583e7b887a4ff8c0278b6a57a1df50c0a8f8157f2fe87e565199ba68bbdf39ff369312ba20d6b4ffb5a5c1,CLEAR,DAYLIGHT,DRY,IMPROPER BACKING,2.0,46.5,6.0,6.0
0310c0fcf5885477b89d2e8ec69011bce797610faa50c9e2e4004d46a79c29a2b09c045ee1636f41300d1fcb656f73f77200baa6eb9b8deb5d39f81773ae059c,CLEAR,DAYLIGHT,DRY,"VISION OBSCURED (SIGNS, TREE LIMBS, BUILDINGS, ETC.)",2.0,27.5,2.0,2.0
0310deabcfc65e2bcccb896d945f1b9334e852324384ee0186e491e0351af16311eeacf64806616016a0ca1225eb80945a31fa67f80fee0b010cc980388f4f1d,CLEAR,DAYLIGHT,DRY,IMPROPER OVERTAKING/PASSING,2.0,35.666666666666664,3.0,3.0
0310f1c04d37f97a1648e69b8baef17fe45221ec7b1772641b78edffa9beed5a6e710a08fbba25c706bd50080c00ca1df70883c96081a2c130b21420bd5a7ae6,CLEAR,DAYLIGHT,DRY,IMPROPER OVERTAKING/PASSING,1.0,61.0,2.0,2.0
031131a1f5e3aba6c077d435b148c83669ae0f1159c30ef1d4ed2b89e102a11666c83639cf29be10e41066ccf923317948873098bc74d1efb4f8af1de1f58394,CLEAR,DAYLIGHT,DRY,FAILING TO YIELD RIGHT-OF-WAY,2.0,63.5,2.0,2.0
0311330c83da68c30e270695b3601b66e6fcec6e1aa6243672c83a7622ad88022eee2b2f0eb7d86da87890fd949dfee2c791a3e42c72e5307030e390d22775ea,CLEAR,DAYLIGHT,DRY,FOLLOWING TOO CLOSELY,2.0,58.0,2.0,2.0
031136bc48b57303705219ba78f2a3cd8360399ec3fa37898cb0b685323a14a746612f75c666cc63ceb0ceeb73c25181edbdd2b9bbb2378bfaf0b93cf1d2be09,CLEAR,DAYLIGHT,DRY,DRIVING SKILLS/KNOWLEDGE/EXPERIENCE,4.0,33.75,4.0,4.0
031141e7d262a873cf808488ac17f03d617171e9453cf80274eb83175cf189979d1ffc3c3918b02de68c43cde290f83e352867e2435518680c348dd8b30948e6,CLEAR,DAYLIGHT,DRY,DISTRACTION - FROM INSIDE VEHICLE,2.0,29.0,1.0,1.0
031148bffd4c137e6ca627c04ed4c3a218a3501c55cc9d2f477225bde9f7e57e2d2c3f6e0e42287025d0b3bab3556c191d9b7eff2aeaab9a5faa1559b705349c,CLEAR,DAYLIGHT,DRY,IMPROPER BACKING,2.0,37.5,2.0,2.0
0311b301dc3f6b0724e465e989f3b4041007fc099ac13640444ba80ec4136046f782835512d8a0332aa4a17164d3a97645bbdb126b6878ade45ebdb2d32a1e77,CLEAR,"DARKNESS, LIGHTED ROAD",DRY,FOLLOWING TOO CLOSELY,2.0,50.5,3.0,3.0
0311b6255dc5c86a1aec86a460f0bb2203d0cd6624128bc296fd1d2847c585f952a1fad822e6faa204fd20f9992ad142b3715515c7befe34a2c29275d0961c19,RAIN,DAYLIGHT,WET,DISREGARDING TRAFFIC SIGNALS,2.0,23.0,2.0,2.0
0311b9c3168e2e71705132c36c2190aff8f32661ad3a2e780a8216cf785b74685e36821a27880ba0b289e6231c61731ecb8886b2acaaa0a5db5472844a329639,CLEAR,DAYLIGHT,UNKNOWN,FOLLOWING TOO CLOSELY,2.0,41.0,4.0,4.0
0311fa65f1635c3dc06dbf0aed86412622ead1e551c963e3f79edeb6b1a7a3b32d9148a041b8e5e1c3e7d8151277c49a691eddd4631b20400542a9d6bb86c8e9,CLEAR,DAYLIGHT,DRY,FAILING TO YIELD RIGHT-OF-WAY,2.0,35.0,2.0,2.0
03120156ec636b81635d38bf803730625c58d58c6fb272eed2b2cceff7cd13a3ad1a7d7c88ada8e7b487e490328274b8f9261a4c5e2d3130a6b3146b6f9e81e9,CLEAR,DAYLIGHT,DRY,IMPROPER TURNING/NO SIGNAL,2.0,40.0,2.0,2.0
031245b722ac954f13f057b8b04a9d874170f8ba63945d2dfab8c75cb03d8903eb962ac401e55c6a977cf0f3cdb31f5929f2f8224ef85a33662af2d01ef61ddc,RAIN,DAYLIGHT,WET,FOLLOWING TOO CLOSELY,2.0,26.5,2.0,2.0
03125a5c5fe5133008f5bfe2ccc9715e84a905a8dc4717476c5da7a4c394ae8d931f40677692391f48f4dc37fe478e949bdea9e2d66b1aa974d693a468429337,CLEAR,"DARKNESS, LIGHTED ROAD",DRY,UNDER THE INFLUENCE OF ALCOHOL/DRUGS (USE WHEN ARREST IS EFFECTED),1.0,50.0,1.0,1.0
0312600c72fc19d889abbf0673bdd50795986ddc74fb4feb86d9cd129fce3783fb0e2fc0f65c7ce961587796dcd6681ed27bef9b5b18ec4477c56b1221ec53ec,CLEAR,DAYLIGHT,DRY,DISTRACTION - FROM INSIDE VEHICLE,2.0,42.0,4.0,4.0
03126b06bf445b1d93116ca6c236ae330a6918284023cb2e771a5d17bd223277a917408fa65f3490649ec58add4639db84bac4544d36df4b45802956b6811ad6,CLEAR,DAYLIGHT,DRY,FAILING TO YIELD RIGHT-OF-WAY,2.0,35.5,2.0,2.0
03127ab3aac5bf960c40f54e41817adb565336a61487e479fb32ae7060147658bdef5130b14c412d249b3f43e41d694ef5b04ee8c29b0b3a06d12b177366f926,RAIN,"DARKNESS, LIGHTED ROAD",WET,FOLLOWING TOO CLOSELY,2.0,22.5,2.0,2.0
031296f3fbd186855d37912f9ec56a609a5a7d4f379126650eda10b18b5f1b43713f37cc0b5d03c74f721e602e5541818ed8a224da67923469e404f3e698d5d6,CLEAR,"DARKNESS, LIGHTED ROAD",DRY,"OPERATING VEHICLE IN ERRATIC, RECKLESS, CARELESS, NEGLIGENT OR AGGRESSIVE MANNER",2.0,39.0,4.0,4.0
0312b0dd8d3bbcdaf2d5bd5b9a8b56320ecba059b634a92bd156548f2d65e79f11a9bc6e9034a74784188714c6711bb8259be4c80e64bc71e614073dd4e6329e,CLEAR,"DARKNESS, LIGHTED ROAD",DRY,"OPERATING VEHICLE IN ERRATIC, RECKLESS, CARELESS, NEGLIGENT OR AGGRESSIVE MANNER",2.0,25.0,2.0,2.0
0312bb4bafb73427e758f23c5c4919edbdd20e51c771c7dff6a28d8f3bf00a42a0a6e56671cf7cb5eb04596b7b4de337bb33125e0d94c04bb1de55997d890a3a,CLEAR,"DARKNESS, LIGHTED ROAD",DRY,FAILING TO YIELD RIGHT-OF-WAY,2.0,27.0,3.0,3.0
0312ea07e3f4cf1d87f08d7461884ed2e57cd35cb8d545c41c52f71c7c40fb2a2f4714bfd08dd11f7f1624ff43b11e2023629089cf71fa90272b75de3c370709,CLEAR,"DARKNESS, LIGHTED ROAD",DRY,IMPROPER LANE USAGE,2.0,27.0,2.0,2.0
0312eefa9b00ad4c3dc5eec3c6b07907f7a0d04bb908227183afee7b366f155c8c114a2b2f0ddd6270330ae8897484d6c7ba955b1797f1573b661362b0547c3b,CLEAR,DAYLIGHT,DRY,IMPROPER LANE USAGE,2.0,27.333333333333332,4.0,4.0
0312f3f86af2ffcedee0cd3b76d50b581a017120374b1ca1528052a1a4f41cfe99ddcee3b44f0bee67a6d180130cee2611e6e09861d405c31635a742b705764f,CLEAR,DAYLIGHT,DRY,DRIVING SKILLS/KNOWLEDGE/EXPERIENCE,2.0,30.5,2.0,2.0
03130071bbdb8c73b7d857ec0294f77b6294f87dc06022104b3cb16b84b8fb5caf23839d8b5f58419727a9253ad630c883c3ddcd5990c592c5cdc40211b691cb,CLEAR,DAYLIGHT,ICE,WEATHER,2.0,31.333333333333332,6.0,6.0
03132afafbf12b9c86a511079897bbe6890231bf2ec11e52afc577e9be2a62027b95068146982d35e142e76265fa769669d21aea0555b157b84683ac4fd5d9da,CLEAR,DAYLIGHT,WET,IMPROPER OVERTAKING/PASSING,3.0,40.0,2.0,2.0
03133742583df9748d158626122ed9c715eabbbc82bf0dbe49bcacb2ba4212f42b16a9ea2a9169858ba5dab6df3c03e4259079f21f2319adcfae2d098d04527f,CLEAR,DAYLIGHT,DRY,FOLLOWING TOO CLOSELY,2.0,48.0,2.0,2.0
03134d62b5a7a2224e849b32b9e2d8d6f5401d3e40e242ec82e8928b848d69239454f3529eb29d2a6c7ca785f6549e40442ee0a0e0312aba5e1025925f48de87,CLEAR,DAYLIGHT,DRY,FAILING TO YIELD RIGHT-OF-WAY,2.0,46.0,2.0,2.0
03136c1c559a88617043743dfce02b6fe638a391e26c4aaf64c279f8347dd4dcf6e3050431ead70c5f68a014d85a6cd528626e410f13cb725254346f8eb330df,CLEAR,DAYLIGHT,DRY,FAILING TO YIELD RIGHT-OF-WAY,2.0,39.5,2.0,2.0
031384ce611881d2ed41e66d53ea6cab90765619753cc359f9010c2a4e7c00212e07171cb77ebda9d1db7f80bfcef93014870f4424ba753de5d5d67008d6bce8,CLEAR,DAYLIGHT,DRY,DRIVING SKILLS/KNOWLEDGE/EXPERIENCE,2.0,26.5,2.0,2.0
03138caa7e307b6d02a4d2788a8da2866f5a2d9316bd512f4494518fe70d5acfedafd658ca5da43d2df6db36401bcd91bd3f6216a606b9f9e2ef657ef33b869d,CLEAR,DAYLIGHT,DRY,IMPROPER LANE USAGE,2.0,37.5,3.0,3.0
0313927493c8158ea6851394b96694046cfdbe48cef399e739bcf0800283938759fecb2354e0b1d873cd6d8e5930ae54527359e2a79ac0c6c4b35152b203c597,CLEAR,"DARKNESS, LIGHTED ROAD",SNOW OR SLUSH,FAILING TO YIELD RIGHT-OF-WAY,1.0,47.0,2.0,2.0
031396b9d14b493ebcbb0d05b24f0bc5f54408bfb510c323b0a7b4355bda5ff78e1310aaf1199ae92620ea80a02dcab5aa54abb0a57aa196cfe52b7a22f34216,CLEAR,DAYLIGHT,DRY,IMPROPER LANE USAGE,2.0,35.5,4.0,4.0
0313a58c8bdf5f1d72efdca8657bbfa1a9c4ce1e8277d2e5e409cc890ae544337f0bc53bc69269148d7af64d37fb0a5f29c64266132a12c622d6f77ac90abec1,CLEAR,DAYLIGHT,DRY,FAILING TO REDUCE SPEED TO AVOID CRASH,2.0,37.5,1.0,1.0
0313b1780e5d9b704e1c2fbc31d4eb1a045fecfa5c6270e8a60f798a51b8265ffa88a29a569f18b135e83dd1849429a6b8368dc04da0d53466e44ab46c237a49,CLEAR,DAYLIGHT,DRY,IMPROPER BACKING,2.0,39.0,3.0,3.0
0313d9b6114562a0f2438d90174bc6fa7e35f8a63aff4daca3cf9ca00c8b6919e41d0798a0a97bd2a6923bbec313a9a5cf081b5cfdc7e7d7c651090a67dbd6ce,RAIN,DUSK,WET,DISREGARDING TRAFFIC SIGNALS,2.0,24.0,2.0,2.0
031449c7124f1daf266f73b6be23071dd8c3bbd425db4fc5ff62e073dc74fef89ad09554e83b475bd21634f342eb3363436c87b474c547e4f24d58cb998a988a,UNKNOWN,"DARKNESS, LIGHTED ROAD",UNKNOWN,DISREGARDING TRAFFIC SIGNALS,2.0,25.0,2.0,2.0
03147d94a70c3347cc8b13c37c32e6fc80306c57e3f75d85c6dcd22a0006b22f3b90979a8dc8e501294bb4737fc750402fcc431c9c36911598922aaac48c13d3,CLEAR,DAYLIGHT,DRY,DISREGARDING STOP SIGN,3.0,43.0,2.0,2.0
0314c9465e0ee27f63ca1f05e5f27ae5b3f23734505d5cea38d358dde815b9c9111a0601b6d2387c6c0d40643ba3fe4aef3bd9f56d455f153342ac5b47de027d,CLEAR,"DARKNESS, LIGHTED ROAD",DRY,FAILING TO YIELD RIGHT-OF-WAY,2.0,27.5,2.0,2.0
0314cac07e7e04ee9ffe28182a90c34a6607303d4670b3d433a378891da05185ea70c78b6bbb3e0c719ed1deb392f9cba889ebe29d8d11423ecb65980624de51,CLEAR,DAYLIGHT,DRY,IMPROPER OVERTAKING/PASSING,2.0,26.5,2.0,2.0
0314e46e5816285e94f92ac9cd8586593dd0613f87c6f82e45a2f4b7f57a06bed243037757b483751f740b70f4e7d13901289cf7e476f16f7f77ea9aa2f7785f,CLEAR,DAYLIGHT,DRY,DISTRACTION - FROM INSIDE VEHICLE,1.0,52.0,1.0,1.0
03151c820878e36c8d17ebdcc1f9e652ad9f5570cab74795ac62462d805a6a49f5a1fae3ce5f8c670c59558a1b62749880a2e4984593d25325c32f84bd826063,CLEAR,"DARKNESS, LIGHTED ROAD",DRY,DRIVING SKILLS/KNOWLEDGE/EXPERIENCE,2.0,47.0,2.0,2.0
03153062cfa84259335798d4a56484ac81f176e9c3dff4a20cd04b13b1d87845800558d547a55158699fd23cd625310405525960d2c0b015d5077ee9edf61283,CLEAR,DAYLIGHT,DRY,FOLLOWING TOO CLOSELY,3.0,58.0,3.0,3.0
03154241635c14bac95e7660d412827dae7b6ac481a10b43f4ba434290a65f70a7971c419061037ade0efde6f2cad60441be1e2b20196e5d9470825812cb5b47,CLEAR,DAYLIGHT,DRY,IMPROPER TURNING/NO SIGNAL,2.0,57.0,2.0,2.0
03156d95e259b09663bcff48eb6e24f8efd66008f3ff0ba7cd24bc8294be5e83be9582dd85f11677a7d37ebde8a609b176cdf9a749d8075ddf441aeb78fe44ce,CLEAR,DAYLIGHT,DRY,CELL PHONE USE OTHER THAN TEXTING,2.0,26.75,4.0,4.0
031588f6a6639162aa99a351ecc8b014077e04b36d01d16f5d25e9ff036cfe7b5ac66ce3ebbde89e77f7c4ce8a5b956c2751ae8fd2cf0dc8d0d4265fcb68dcb6,CLEAR,DAYLIGHT,DRY,IMPROPER BACKING,2.0,37.5,3.0,3.0
03159980390dd39e4e1e130b12b94d0deb31db221516edfe13fdc4256bcbd527d9acdbbe87d9996678ebf6674b23aa648144dc890907b68b48ac05d4f138f675,CLEAR,"DARKNESS, LIGHTED ROAD",DRY,DISREGARDING TRAFFIC SIGNALS,3.0,49.333333333333336,4.0,4.0
0315aee1c081f0dc44025c5b40012d8a636e1ee67ec5f5eee04cc775606681cd795c55e3302b52ba2053c1b0af28cda1d2bf539bfae5532f1343c67ed7fc93fb,SNOW,DAYLIGHT,SNOW OR SLUSH,FOLLOWING TOO CLOSELY,2.0,46.0,2.0,2.0
03160eb18aa17d5e5bbe12821f7a0595e0001aab2b90f6f6047e0c755c10fad6feac4645b2e41ce660a37e2bd79b0ab9a23c8ad3839e82c889d06bc0d9b07860,CLEAR,DAYLIGHT,DRY,IMPROPER TURNING/NO SIGNAL,2.0,28.5,2.0,2.0
0316264dae243d32eeda9b4a154d4e73d43a0c315e852ccbf46500d4a44df4caa29d78a4248bb18e9b9f65f924388dd8e984ce5b7d6ceb0ff89e3e43509dc449,CLEAR,DAYLIGHT,DRY,FAILING TO YIELD RIGHT-OF-WAY,2.0,24.75,4.0,4.0
0316617ee94a32c2d81b144018329eaf267422c90e9ce35de8a71da7f85d8b15738f3b724c5ad301b0e56d2b329e17379cc25b2055965c5084fc18c3f2eeaab2,CLEAR,DAYLIGHT,DRY,FOLLOWING TOO CLOSELY,2.0,36.0,2.0,2.0
03166e50c5fc26361fea57469eb165fcc49d0719ddc26fd47176832416239a8ddaa6eee788860b059c844c93297f0e605587efb4245cb73f0b86c49dab425e71,CLEAR,DAYLIGHT,DRY,DISREGARDING TRAFFIC SIGNALS,4.0,19.25,8.0,8.0
03169b7b18f585cb13ae7b61569b044dae48e29bb40d4ee9613242f73371fc844f5579bcb618f4246dc09b46f28bf0d23d81321ba22a35d02a6432e2870672b2,RAIN,DAYLIGHT,WET,FAILING TO REDUCE SPEED TO AVOID CRASH,3.0,36.5,2.0,2.0
0316b8cc57259fd1a695a5135634d090de413841995831c829e94893c27ba8f7a1158775e5ff0aa5be2b6e803f941dd9c2aeeb7facae559a51e2faeaaebec168,CLEAR,DAYLIGHT,DRY,DISTRACTION - FROM OUTSIDE VEHICLE,2.0,45.0,3.0,3.0
0316bef0f97086a5aaf462ebb4e4ff38af825b66654654ed80c3c1d80f6aee11d7ade85845b31295d53296cbcc98808b38301668df0d20d01a0cdf74437bb7e0,CLEAR,"DARKNESS, LIGHTED ROAD",DRY,FOLLOWING TOO CLOSELY,2.0,49.5,2.0,2.0
0316caafe08dbd47aac7fb6c10c824a5ebc86a571f097ddd7a7473d6e88352cd068fdf9f79da0de6ac9eb4a2b28dfc9b86d8bd979b1a92c920ce711f33fc6322,CLEAR,DAYLIGHT,DRY,IMPROPER BACKING,2.0,37.5,1.0,1.0
0316fcd915f71d4342d5408013fd14112d18077e2e6fe1da5f75168e3b617ab1a0d8bed5be3f4b07920b4da9f888617ba3b6d8f174cf8e43f1180453d93b099f,CLEAR,DAYLIGHT,DRY,FAILING TO YIELD RIGHT-OF-WAY,2.0,24.0,5.0,5.0
03172692a5880d71c8ee1ae160012185e48a7fedf6ffd85b3ab7ac445334a1797f440a2968fc69d4bd71cbbc672b3ee8ac6d7d75e3cf2274bc7e44034f119d08,CLOUDY/OVERCAST,DAYLIGHT,UNKNOWN,FOLLOWING TOO CLOSELY,2.0,39.0,2.0,2.0
031735289bcb09c9b5a8f01fce6dc0b0b14d769b35b6b7943e499662adb035d64331bef22ff8c6356534a3d2c664a0cf68d5e9030c1adbde67f4df8b14ee4183,CLEAR,"DARKNESS, LIGHTED ROAD",DRY,IMPROPER BACKING,2.0,39.0,4.0,4.0
03179013f58641c4c1d66235353930e336a02f416d6d96ef44af91bb702936869100717adaf37d6bdbf4ddbd35c9b51dcadf6ec5dcbbde2083f194bf6fe75dc9,CLEAR,DAYLIGHT,DRY,DRIVING SKILLS/KNOWLEDGE/EXPERIENCE,1.0,21.0,2.0,2.0
0317c34e11ca82bd2c72db690ce7f12c42f1872858ed6bee37d42a2c93e60f5795caa757c0b9562c6645c9a5b630c633619a230631ecb7827732274308e1ec74,CLEAR,DAYLIGHT,DRY,FOLLOWING TOO CLOSELY,3.0,43.0,3.0,3.0
0317df9757deb5dc3cd881d965da3a79b3675bee250eb052adbd7232344899be3ca27f6c6c67eb08b5e1445d34b2c574306a221fc7f31852c6ba772bff2f8c47,CLEAR,DAYLIGHT,DRY,DISTRACTION - FROM OUTSIDE VEHICLE,2.0,54.5,2.0,2.0
031821e4331e271a03d758f4a1920bbed518ff5b06f692769e4a771bf062ff82b4f430d89f33ad4c6ac3b93e6fa33aba66b6d294e80cd42bc0a894a655cbad62,CLEAR,"DARKNESS, LIGHTED ROAD",DRY,FAILING TO REDUCE SPEED TO AVOID CRASH,2.0,45.25,4.0,4.0
03186bc496ddcff44841f214768b43e527f56a8dd3f62cbd2ca9edc7ca6335a2406f1e16d323dd94eedbf4b6f4dc7618e2046582ed5af6729522070229ba5810,RAIN,"DARKNESS, LIGHTED ROAD",WET,FAILING TO YIELD RIGHT-OF-WAY,2.0,20.5,3.0,3.0
03187f1320601bd99ac1eafbac67a7b70c9d561640d4f40fb2cf3694a852a8185f36aeba2b41eeb0e3b516c964772c8fa769c195810d74512c3d16fd53a5295a,CLEAR,DAYLIGHT,DRY,IMPROPER TURNING/NO SIGNAL,1.0,60.0,2.0,2.0
03188442661ad823a21a08ffda4346d1e68cc6eee0c7f0e9f4de3fb65bf94d27ba8a9e107f0088e7b0074716fa9c43a1bb87426fb6e0e10d76d93a570be70477,CLEAR,DAYLIGHT,DRY,FAILING TO YIELD RIGHT-OF-WAY,2.0,47.0,2.0,2.0
031887f2e489b6654d64f991ad45b5885026c1275c0b9e7122b83a8f85709f4c16af4aa5d4ae2857dcf4cc06a952d3032b469d97bec858f695f102f19b20d968,CLEAR,DAYLIGHT,DRY,FAILING TO REDUCE SPEED TO AVOID CRASH,4.0,30.0,4.0,4.0
03188f9d22e1163e56b9142d056a98b1491075e031909f73e62ea2f3b7f920bab3eff823958d6902c5de4b1aa07f844057ea2178f06ed7c199874f18d4ce1507,CLEAR,DAYLIGHT,DRY,DISTRACTION - FROM OUTSIDE VEHICLE,2.0,34.0,3.0,3.0
031890cde834a35d4fe12dee06d38711c18310c729c1e130cb8276c3d2f866858717eaf8c6c42cf30890adbe852c433401333723fc09987405fbc4025b9f5410,CLEAR,DAYLIGHT,DRY,IMPROPER LANE USAGE,2.0,24.75,4.0,4.0