crash_record_id,weather_condition,lighting_condition,roadway_surface_cond,prim_contributory_cause,total_vehicles,avg_driver_age,total_people,total_injured
03189be196b5e54b8df656340c7a3168e0b36d51cffde0cf1306c92a1b3b1a635888c9a877119d6494cffb5ccece8b83ac0050468ee1d2abf9ef7856386e6e25,CLEAR,DAYLIGHT,DRY,IMPROPER BACKING,2.0,46.5,2.0,2.0
0318b8bab98f0f80aec4e2b5bc3359e04706765fb86ca3b4a8ae9853e0b0d7d5149c0e34444904902719f70ebd9742fb57c8a361775488079352de1c04a09faa,CLOUDY/OVERCAST,"DARKNESS, LIGHTED ROAD",UNKNOWN,FAILING TO YIELD RIGHT-OF-WAY,2.0,17.0,2.0,2.0
0318c82492f5e642dec15ba13f57a86aa63f248550e5ff0a8cbd7f2f2e87328f4d468ab1c39e4877adbbf5169d0e7c32af81551a44926b7725f44db952091c80,CLEAR,DAYLIGHT,DRY,IMPROPER TURNING/NO SIGNAL,2.0,68.0,2.0,2.0
0318de9aee85f9802c740def6936f3c52feabc99757c21c93d5fd947dbf46a3fc4f9b791f11063db1986a2efaab3327bf185db97599493ad812c269c9a784efe,CLEAR,DAYLIGHT,DRY,FOLLOWING TOO CLOSELY,2.0,14.571428571428571,8.0,8.0
0318f3413e5d356655b6818eb7518605bc2d33a9118bea23f6993fd498851b2e4332bb9db427eed8eec8ff92fc804369824be6a649eb88af976fa18cea6bb7b2,RAIN,DAYLIGHT,WET,FOLLOWING TOO CLOSELY,2.0,44.5,4.0,4.0
031904a6785183e8bea0d0db1151e62fcbe517595a7fe1a0c05519238b686cf88afda1111647d76ff3f21f3601f2f7ab1ac42bb05f7101921272538007cc01cb,CLEAR,DAYLIGHT,DRY,"OPERATING VEHICLE IN ERRATIC, RECKLESS, CARELESS, NEGLIGENT OR AGGRESSIVE MANNER",2.0,17.0,4.0,4.0
03190d794b3a097a7ca269190a465a612587d0d9d4cd2cbe807cab6e0ab28b528367bd5c6efcc6a54e2e503afacf0c5fe79da278d9d4cf77125fb150da8b4452,CLEAR,DAYLIGHT,DRY,FAILING TO YIELD RIGHT-OF-WAY,2.0,61.0,2.0,2.0
03192e5a74ac84d1d204b55f28ced8a1f8747a538d0d62bfabff5df906adc8e6ffd0f78864b972d5d9241f786012ee786f4f6e3228347ec67df3e70af0f6fbb3,CLEAR,DAYLIGHT,DRY,FOLLOWING TOO CLOSELY,1.0,55.0,1.0,1.0
03193c99d6a40973292c6b2922a22495461c6bb73b63172b226f0d495562927981d741dc68a6e18a282f9dcb3303ad9b484a101fae3c9fc72c0576a378d51f4f,CLEAR,DAYLIGHT,DRY,FOLLOWING TOO CLOSELY,2.0,59.0,2.0,2.0
03194d637cb73f044218ed523b3ce40516801d75261f27b2e2f8ad88fc79a806adedaf947b8ff5d78ed85efc823dbf764fd474cba72c79a490e6bf9dcd333ccf,CLEAR,DAYLIGHT,DRY,IMPROPER OVERTAKING/PASSING,2.0,31.0,2.0,2.0
03194ee3530c8ea3fc056bae31ccd5bc96f674e62ae0a7fd99a32de91c1cbe25945223510e0a9ecaaebc63a0288d560a1c3807afb9f77d31fa04934d4250f963,RAIN,DAYLIGHT,WET,WEATHER,2.0,32.0,2.0,2.0
0319622d8a5b5a631e0765b68a84b2cf9901a28d2a3659f6d9dd84a611aff45012973fe70fffca9cf4472abe4b3f1bfa946acb8bf74ecdd4454ba5611f37cba4,CLEAR,DAYLIGHT,DRY,IMPROPER BACKING,2.0,45.5,2.0,2.0
031993bd4d2b2d0ef6988c567f58893477bebc686578bd8003c968a9b731b88c1918574b9552e5876020f527a4358d2250d0a3112c111455faf34fada3066b9a,CLEAR,"DARKNESS, LIGHTED ROAD",DRY,FOLLOWING TOO CLOSELY,2.0,52.0,3.0,3.0
0319cf97d5352ae8b69155f1a29e655ac0be334e022e4190af5f7aafb2f6fd528ad2e012a2e0a24fc3d84a3871d6eccb6440f8846e0ab64015c7a5111144948d,CLEAR,DARKNESS,DRY,UNDER THE INFLUENCE OF ALCOHOL/DRUGS (USE WHEN ARREST IS EFFECTED),10.0,54.0,1.0,1.0
0319dfc39795fbc4f7b505cd50b470659a81e397e3afb905f5d87f61df17ed16e4a8c6fbca187cda6f0ef499c1e4bb3d19921f6289161c1cf568787de5ec9892,RAIN,DARKNESS,WET,DISTRACTION - FROM INSIDE VEHICLE,2.0,40.333333333333336,3.0,3.0
0319e87324581347ffac34f4cdfe96dff3017aa0fc33a7b969d67e6dc91f67eef2542b9e89092e5044eb7c996abc6d65f1044c6207e3ecb4751ba9a7e626ade2,CLEAR,DAYLIGHT,DRY,DRIVING SKILLS/KNOWLEDGE/EXPERIENCE,2.0,27.5,2.0,2.0
0319f585f2032f46794a8ad255efec99f34b80586ad46dbf8b15dca41829d20592965efcba04cd96fa53aba0019423482b0c005b12fd40825be465ced3d7018b,CLEAR,DAYLIGHT,DRY,DISREGARDING OTHER TRAFFIC SIGNS,2.0,36.5,2.0,2.0
031a03505c69a887e0ea593af92dbd66fc8b0aa2d00fbb0137fafd90163db1eeb9d8471151fc04ec8a013cc3f8f27afc9358f2f34d516849e1d9c1ff018a4892,CLEAR,DAYLIGHT,DRY,IMPROPER LANE USAGE,2.0,43.0,2.0,2.0
031a13d870f2b64796660e8fdb5f6ea2f41e602d5acf631b27ffe4c903e547ba88e2cac07a03a7b4033f402ae6acea859124be7a27c4b1d2842141b605752f02,CLEAR,DAYLIGHT,DRY,FAILING TO YIELD RIGHT-OF-WAY,2.0,41.0,2.0,2.0
031a5e978e718ba513250cae09f48f7d2af9aa007802ac64706f17bf6004e02cdac520415940218b386d29b105158ca730ab900fd5f4d08f3fcfa02359d00c35,CLEAR,DARKNESS,DRY,FOLLOWING TOO CLOSELY,2.0,41.0,2.0,2.0
031a861b7004423afa02ff320469977ffc787239e17a8d78d26e35400d77926c782463f536a2a159c9a373f76556cfba81544072afed6801155ec987c706268b,CLEAR,DAYLIGHT,DRY,FOLLOWING TOO CLOSELY,2.0,47.333333333333336,3.0,3.0
031a8c226193d3c0c5a2948eeb2fe0c729256f40373e4d8c0073b4a87eccdefa41811402b2f0c006b0f9c10aabd4985da79ef23c198d00a65ecc494402ae3d5d,CLEAR,DAYLIGHT,DRY,PHYSICAL CONDITION OF DRIVER,3.0,64.0,1.0,1.0
031a8cc0023a13cedbe3ee2bc86864aaeadba92314ea7773701ab142bc56cecedbd55db2ee2747c7e2d66a4c2a6952a1930c7caa292e251aecd2b797782fca6c,CLEAR,"DARKNESS, LIGHTED ROAD",WET,IMPROPER LANE USAGE,2.0,29.0,2.0,2.0
031aa2a5b0db0e725920d0c85c14a54b5d3dcc26551999468862299e7fffd6a9b5bd89ef247ce3f4ffb3f3018bd460cf93a3d935eed1ed77ce6925adf2e7b329,RAIN,DUSK,WET,IMPROPER BACKING,2.0,37.5,1.0,1.0
031b01c0d0863ab1a4dee6e8c95a18fea73d1ee65e556ebc5dcb52587012350a41a19381c9e2fce2e3e24a25120df82a6f5888fd08b05b3347c9b25cc303703e,CLEAR,DAYLIGHT,DRY,DISREGARDING STOP SIGN,3.0,24.0,2.0,2.0
031b4919d07c3782b86c1e4b29db05cbb404818e87c4d39e3132c21bf8a4d2cbe0f7498721f696960861114f55d9c224ad933803fae27ca19c66f6b420040dd1,CLEAR,DARKNESS,DRY,IMPROPER BACKING,2.0,46.0,2.0,2.0
031b4bcb49f0fd671c98778d9e8b4f794c2a40d2af81749724926d93326a6d5d0b975038771c3016382621862c689fb7ad00e8094ba8d5a0480f659df1ecde2a,CLEAR,"DARKNESS, LIGHTED ROAD",DRY,FOLLOWING TOO CLOSELY,2.0,43.0,2.0,2.0
031b5b90c9be003b15cf8eea0c93869af65b3746fa58e56a3702c68e3d94acf7e851489cebfe2973b0bb6f29113cc333e20c19fda3e49748013a2c20e988bb24,CLEAR,DAYLIGHT,DRY,FAILING TO YIELD RIGHT-OF-WAY,2.0,33.5,2.0,2.0
031b7cd3c8e526dfe18f22f6ac815190191e4c51308dbd097e81d53021b745d4a3ca29889c0c50c8d4ad7aeedc7ab83f7e604d3d8787529fecf19eff76514945,CLEAR,DAYLIGHT,DRY,FAILING TO YIELD RIGHT-OF-WAY,2.0,66.5,2.0,2.0
031b8129a6477d3f20d048b5974e701759ad0ed51954fefc09beaf5300a8eb025a9408a74f37426b4316ffaceb00fa38173fd849b6bb2bea8aaede95ef2ef98f,CLEAR,DAYLIGHT,WET,"OPERATING VEHICLE IN ERRATIC, RECKLESS, CARELESS, NEGLIGENT OR AGGRESSIVE MANNER",2.0,76.0,2.0,2.0
031bad976eebc834a6187efe788dbab4edfe380bc4a790a6fceff3dfd0bb440cb224ee13efc3e5e4cf6ea262381cdad808cfefb52fb03533f6b52171b80e27aa,CLEAR,DAYLIGHT,DRY,IMPROPER LANE USAGE,2.0,77.0,2.0,2.0
031bc1742ccf2c7126825dc2b08d3862b1cf98919f53628d87fd3d88f9ce2bcb7ae63e356b1110c5abe7303dbf3291cb942d5fda48336da9f1944347b6ebda7c,CLEAR,DAYLIGHT,DRY,FAILING TO YIELD RIGHT-OF-WAY,2.0,45.5,2.0,2.0
031bd37f70a61a10842e88b71f6fa6f8323dcedf03df2303357e646613462c984705158264ec5f32a0591f168ef971d0ea8e2c1e5ca27b9596cc1be887951228,CLEAR,DARKNESS,DRY,IMPROPER BACKING,2.0,37.5,2.0,2.0
031bd822d0eca96536d90c02bdef347ae43cb081c2abf30e3f12b1443dcb4b257f9a193f7e5fbfe45efc0637dce6cfe5fc7d3ac736a0aca24c213379b83e0509,CLEAR,DAYLIGHT,DRY,FOLLOWING TOO CLOSELY,2.0,35.0,2.0,2.0
031c054d9a31325c9344360e925cb5d65614bf0d1c33041fd5aa6ac1c694e5a3a253162a05f063aff4d4a66b41bd454fbb989e56c7f09f17edcdfb29026d2131,CLEAR,"DARKNESS, LIGHTED ROAD",SNOW OR SLUSH,FAILING TO YIELD RIGHT-OF-WAY,2.0,30.0,2.0,2.0
031c650eb8ac4646d921d11e5fcc6a98cdb4c9aa09d3e7ab8efaa927f52ff449618fe3d4cf4496aaf3dc7edf253b78333fee4177202523b4edefd3d2912e7d48,CLEAR,DAYLIGHT,DRY,FAILING TO REDUCE SPEED TO AVOID CRASH,2.0,34.0,2.0,2.0
031c803985ee2cd79235554e2fdf3ad0798a1112ad4a4c87b2247d4225826724f8588503cf05fc010a43393a52707e7732f040d1d38f452ff92a921b4d4585ef,CLEAR,"DARKNESS, LIGHTED ROAD",DRY,DRIVING ON WRONG SIDE/WRONG WAY,2.0,40.0,2.0,2.0
031c8cf12e9934c0fc221d9f6fdfebce2f717a28b572c66a06ddf5939f4d8c4c26c5c136c4c56b35aff4f563055d4992f3b65bd83087598c647c845117f18967,CLEAR,DAYLIGHT,DRY,IMPROPER BACKING,2.0,44.0,1.0,1.0
031c8f9564a827809dfaa7851dce38671570dad656498ce212d3d42600558a8a6ebcb7d02d1bceeaa3db9ca645955d3f5ee7daf2037023a4ec9afe8c2005d6d1,CLEAR,DAYLIGHT,UNKNOWN,FOLLOWING TOO CLOSELY,2.0,66.75,4.0,4.0
031cecd9d248e5880541d3777b68432bdf14cbc50b5ce8ba1f8789abc22a0d541a6ee348f990702c0a3b5d0e30b67c6637a4c9e9193c370c6234fa38f6b99c37,RAIN,DARKNESS,WET,IMPROPER BACKING,2.0,37.5,1.0,1.0
031cfb53c34ca9d17bd33a2d62c899d643b2a14da064f751f82ca7523e674db79ef14359e65ebb5285fe0fea2155b27fd9998189711777d6c5e13f7828bfd58a,CLEAR,DAYLIGHT,DRY,FAILING TO REDUCE SPEED TO AVOID CRASH,2.0,49.0,2.0,2.0
031d1f3af3a14fd0f4d265c0f682ee009f6b8f11b2e8c567b659d5afe5472ab6bc6ae2314301da5284ce53a4a609cb912e5b80a9ac0719cb80470a8d503b39cc,CLEAR,DAYLIGHT,DRY,DRIVING SKILLS/KNOWLEDGE/EXPERIENCE,2.0,31.5,2.0,2.0
031d464a5069fab31b72c950088a4fedc2fd4acaf1bda1eec91fdbd88bd6118be6e0497dff6c15bc7940a1f6047ec8c918ff3e88908acf2f783f3538c0bcc43e,CLEAR,DAYLIGHT,SNOW OR SLUSH,FAILING TO REDUCE SPEED TO AVOID CRASH,2.0,23.0,2.0,2.0
031d4a4a9f31925fddda88f69ab90aa30a77346b1359a87b55b0f8f6e4f79ea7fa0f7f5d9af07dbca76c0baf94227a9eba225f1b77b21686e93d0558be811c38,CLEAR,DAYLIGHT,DRY,IMPROPER OVERTAKING/PASSING,2.0,42.0,2.0,2.0
031d84d4e408701e894039775771ec6344c0af2629a483028a0c5d04d889d0bb29fc3a13cc8905f31ad8d0034bc15000352a194f864b60433d258a75b9281e0e,SNOW,DAYLIGHT,SNOW OR SLUSH,WEATHER,2.0,25.166666666666668,6.0,6.0
031d8a6d52cfd339ce11b3e4c843d1380655fbb66c50ca17933e400ea9694b009f1a7f4a3751a4005b562f6b21ed0be94b4c81616a02c5de2a0ca11c24c979f4,CLEAR,DAYLIGHT,DRY,FAILING TO YIELD RIGHT-OF-WAY,2.0,26.75,4.0,4.0
031d964a0b82d097d5921f841b18bd912ca17ab99afa5c7705fde106f009664d695e2efc40c280d84dbfea6f9352dfe25b1e2259c98d1b5235edcbf17c2d8370,CLEAR,DAYLIGHT,DRY,FAILING TO REDUCE SPEED TO AVOID CRASH,2.0,17.0,1.0,1.0
031dba0131be98caf8c464ef752c360f1f3f4accf9c841aa3ffee6067b7c2595c722c23f1a638ca8606972d45a42ef483b6e5dd605ca689fa404279e67a6bc97,CLEAR,DAYLIGHT,DRY,FOLLOWING TOO CLOSELY,2.0,24.0,2.0,2.0
031dc2109fc16024a7e9b7174ea6d68f10aac88d1e03c81e850861c2fb8589f1b89f2cc97faa57e0a8014bae402cef52196fbd0c2966ba589f970ed4ea6ba094,CLEAR,DAYLIGHT,DRY,FAILING TO YIELD RIGHT-OF-WAY,1.0,37.0,2.0,2.0
031dd14a4041f9b35cda100694ac53e77ab7b2cdb1708a610f847029affc9d98c42bc159fb5b4ba61b980d279a27903ebead264264b12a00f6cbeca79cadcf9e,CLEAR,DAYLIGHT,DRY,IMPROPER BACKING,2.0,37.5,2.0,2.0
031ddcb4ce8f955a73e880adb62014eef6c93ba0e4a6bfb6e5350b8122b273502cc44d6ebc3b9f2a7856ca00805ecbd070e19536b4e2a6640692c4cd5c8ec13a,CLEAR,"DARKNESS, LIGHTED ROAD",DRY,FAILING TO REDUCE SPEED TO AVOID CRASH,2.0,32.5,2.0,2.0
031e12d49be7e95df294ee627e778646807e83c8963373eb71dd0535a9f363ad471bbe1ae79c965bd2819e6b89e38204c61a762029dea24e3c0c5a9006dea4c8,CLEAR,DAYLIGHT,DRY,FAILING TO YIELD RIGHT-OF-WAY,1.0,59.0,2.0,2.0
031e1c99a254e6e803ac4950aba363b6c0e717fa6d4e9435a6d13e13f9864cf42a71ce8947a99c4a2d8840edb8dfcdc5f5f0d17a88301ccd53154846a9ededfd,CLEAR,DAYLIGHT,DRY,FAILING TO YIELD RIGHT-OF-WAY,2.0,40.0,2.0,2.0
031e23d12275e164f05ecc625a6f70257bd41a11dce78d97fdc2644375158e75836d75f740a00ca46a4fa5b8c017d15c77397cd16b5be9660ca7532e7754b700,CLEAR,DUSK,DRY,DISREGARDING TRAFFIC SIGNALS,2.0,29.25,4.0,4.0
031e518adf4d9b84a1b796ae1e7dcc8d58ed23e6600bec97a804e90c5f0ef506f48b2b61bba1c3325a671dea79735efc455096fc01671107faa5b9c381f505a8,CLEAR,DAYLIGHT,DRY,"VISION OBSCURED (SIGNS, TREE LIMBS, BUILDINGS, ETC.)",2.0,42.0,2.0,2.0
031e55f91f96abbd3cb6f827744f596209fd526f085030802b5a542555bdde8bc8c80824254ace3773b10a402031b336321452ed65f00f4687c9b102209546a9,CLOUDY/OVERCAST,DAYLIGHT,UNKNOWN,IMPROPER TURNING/NO SIGNAL,2.0,48.0,4.0,4.0
031e57bc81486cdd7b14ffea6ee72631ae735f7bdd9161b6bc35d8df0edcc6cca00fb76a16f30aeeb214c6b1d957717cf05343229e14394d5fe56c64d2228e26,CLEAR,"DARKNESS, LIGHTED ROAD",DRY,DRIVING ON WRONG SIDE/WRONG WAY,2.0,47.0,2.0,2.0
031e5ce9d8e8ec9193f9d2e2e35ed68ee9318840ee8d4d5c152303d01170f0ff24e9524ad5f4c1d6a253d221026968a11a85d5d9324d4f6de5b9c1e32a2611d0,RAIN,"DARKNESS, LIGHTED ROAD",WET,FAILING TO YIELD RIGHT-OF-WAY,2.0,37.5,2.0,2.0
031e6c088eb6c5323f807b87462e3075aa9c695c6d0682e720ea334e2146ca6297a77f058043fa81e518636c27279f858170175f37f2925d1e42b1b03cf849a1,CLEAR,"DARKNESS, LIGHTED ROAD",DRY,IMPROPER TURNING/NO SIGNAL,2.0,21.0,4.0,4.0
031e7e55a336a4058c074aa3526b5402a1ec5fdad58ab4ae8048f7702ba6ac0b631308830e06c9e3d4e1e05d2f82af428bf86156f0d224025f89e8cefe719470,CLEAR,DAYLIGHT,DRY,ROAD CONSTRUCTION/MAINTENANCE,2.0,46.0,1.0,1.0
031e826497ddf00ac453cc02cc84ae468cf02c8d7c67cd035f759f8544fdc115e854c68d7c86c71871572b33b67e5286755751579aa890f620d70d6055246cea,CLEAR,DAYLIGHT,UNKNOWN,FOLLOWING TOO CLOSELY,2.0,44.0,2.0,2.0
031e964cd6db58ad9931ed955733bae8c4c743cb227a5943a81bd64fafb52b4cf5a9ed7a4f7ebd5001a1bce6d871707b1eb958b8f73818f35bdf60784800d6b2,CLEAR,DAWN,DRY,IMPROPER OVERTAKING/PASSING,3.0,47.0,3.0,3.0
031ea30e55b815ba4802f2ff677af79ee1fb94607094024fc73b852cbff2f8511d8db3c19bfe45ac45e036cf1d5432d4df699716f862fb7fec74d26c58aa19a2,CLEAR,DAYLIGHT,DRY,IMPROPER BACKING,1.0,50.0,2.0,2.0
031ef4512aa56a31dea5b95f6b799ebeb485ee121dc4250b5d75b5e7a89467fa6a41ec813fe0344b1842bb3f67db616b29d3384743f40169f7edee655055b91c,CLOUDY/OVERCAST,"DARKNESS, LIGHTED ROAD",DRY,DRIVING ON WRONG SIDE/WRONG WAY,3.0,37.5,2.0,2.0
031ef76b1ac95663d9c01cceef9744c83c640759dd819b8e564e971d4716495101d7eafc750862ab0cab4c2d2607843ee0ce58b0e58aeeee38dfde752e86e023,CLEAR,DAWN,DRY,FOLLOWING TOO CLOSELY,3.0,36.0,3.0,3.0
031f03e7e3fa3ccabf5dd4f04ddd9252ba253463cc8f4959d872f1f151552cf4c44540401eea01891eba90c2dd98cce31f0669b80d7fc4745214a3bb3d0e5cc1,RAIN,DAYLIGHT,WET,FOLLOWING TOO CLOSELY,2.0,39.5,2.0,2.0
031f07c6c2ad0ab5f57adcc7af2c60a963fd6f9073f9921f1b2fc088715f985a47174c1fdb40fb01d0eb0430fc5862537870657d4babbd1196576b1bf5861430,CLEAR,DAYLIGHT,DRY,PHYSICAL CONDITION OF DRIVER,2.0,37.5,1.0,1.0
031f118db0555ed92efb229d0fe6dd50eec55613818dbea9c544dab4683d6c9a3b37f9fe5e93ab306de878bd858874b11799a7d6afa9e493d10d1cff1d9a87e5,CLEAR,"DARKNESS, LIGHTED ROAD",DRY,DISREGARDING TRAFFIC SIGNALS,2.0,22.0,2.0,2.0
031f32c664a518c30c43b2ba02746cb720707ff9727a688e097e019d5e75c6dae9a90f37460de4085fad90fd721c890fbab5efd70916401c37d5a96e5da2c4d6,CLEAR,DAYLIGHT,DRY,FAILING TO REDUCE SPEED TO AVOID CRASH,2.0,33.5,2.0,2.0
031f3b8a416c04a6a445163f56d53b5558f87f05e4364cb265db393780007ea68ef1614445b9658812d31173225b288728ff3e81a70fce55942603ace9374f49,CLEAR,DAYLIGHT,DRY,DRIVING SKILLS/KNOWLEDGE/EXPERIENCE,2.0,37.5,1.0,1.0
031f8c76c98ea0eb167d199192a1d147d6e2b2072d6c8d676d64580971a093bdf8b84701817ddec7d464303d4ef986fae073120642ef771382dfe30f6881466f,CLEAR,"DARKNESS, LIGHTED ROAD",DRY,UNDER THE INFLUENCE OF ALCOHOL/DRUGS (USE WHEN ARREST IS EFFECTED),1.0,39.0,2.0,2.0
031f92076bd22ee93764b56277862c83974955bad3159d33b42d92e59d20611ce8b808c58feac103b501a1337079cc3404396661b5d8a140fb51db7d3ea1754f,CLEAR,"DARKNESS, LIGHTED ROAD",DRY,PHYSICAL CONDITION OF DRIVER,1.0,35.0,1.0,1.0
031fa86ec889619212375af5d81ce3532450884d8fdccd2683ebedf244ddc69a8b959148438fa8ec0bd82b3f6360354348e87bd64dc086942e1c6068d072a96f,CLEAR,DARKNESS,DRY,DISREGARDING TRAFFIC SIGNALS,2.0,61.0,2.0,2.0
031fbf37e03f415d1bce717972c8ee4e7310c1367169661b5af0e18640092304366e3b6c8e036de805a2075245c3616c3c26cd3bae45708abdba885d5b59e417,CLEAR,DAYLIGHT,SNOW OR SLUSH,"OPERATING VEHICLE IN ERRATIC, RECKLESS, CARELESS, NEGLIGENT OR AGGRESSIVE MANNER",3.0,54.0,1.0,1.0
031fc18975c8f1b91ddeb53123cc36e70f7e21b4bb4d19d55ef03612be2a39b4ebbf6eefacba9888b8dd5e9ea609817d585f207719dd6835ba4a2ab241b8e701,CLEAR,"DARKNESS, LIGHTED ROAD",DRY,FAILING TO REDUCE SPEED TO AVOID CRASH,2.0,27.0,2.0,2.0
031fdb752d2baf6f1430b117671afb67b34ed8fbd7d3be07755d62d73edda91962644bfcab81766045699a98282968878d4539697fd2e2f4639d459c05172a82,SNOW,DAYLIGHT,WET,FOLLOWING TOO CLOSELY,2.0,37.5,2.0,2.0
0320171c35133500d01da81ab076e93382b2603d3968194d2618a6b681278968ec8967dadf0a7d6040c11cd5d7b8c6fb62ff821ab8b840354562e827c701900a,CLEAR,"DARKNESS, LIGHTED ROAD",DRY,FAILING TO YIELD RIGHT-OF-WAY,2.0,25.5,2.0,2.0
032019dce319f0902862eac7c84463fdecb1b7001b92d0a3439f3420077c4603daeb4b9784c8ae896a9ae8f4e423ec9a378166c78d4f1a60c0016c86689f37f6,UNKNOWN,DAYLIGHT,UNKNOWN,IMPROPER BACKING,2.0,36.0,2.0,2.0
03202855f8f0073e5e742533dac6bcb9e84fff8a76ad548e0f91d07caf0849143e93038f2f08e1a5324dc6b36f4276d021a62bd18210d29e0fb78be7767cfe3d,CLEAR,DAYLIGHT,SNOW OR SLUSH,IMPROPER TURNING/NO SIGNAL,2.0,30.0,1.0,1.0
032034aa411860782f367a9251292f7edb7bca28163ab78cfd1b4e9872e422147561d60c1cf5b60092ac2bad36c5ad3a31fbf0b5e302cae084270a3da622edb9,CLEAR,DAYLIGHT,DRY,IMPROPER LANE USAGE,2.0,24.0,3.0,3.0
03204df22743eb4559749b8e3966c471a544228aa0fe9cd2256a3c5fcc6f6a70cfda3ca0aeadebfcc464464b3b8e837f3eb1ac2ff8f762447836b1b41fc4ab5b,CLEAR,DAYLIGHT,DRY,FAILING TO YIELD RIGHT-OF-WAY,1.0,36.5,2.0,2.0
03207f3b02c57f5695d0db78d03a30f35de37487442f7ff136fe1fc76dd459f4be2a560d8f9e961d04f72d4f3f8175168497a2b33131a5c00194be280a8546db,CLEAR,"DARKNESS, LIGHTED ROAD",DRY,IMPROPER LANE USAGE,2.0,48.0,3.0,3.0
0320d33fcbe4fedd1e2a5f7e32191a038de55a4f0a42ebf238ab75b3f2b82b99628d0e650e503914797fe67caa61c7e89bee5fd59c8a1696bc54b92b14cbc494,CLEAR,DAYLIGHT,DRY,IMPROPER OVERTAKING/PASSING,2.0,24.5,2.0,2.0
0320db500bbb6783928c98b19eefdbb704f8e5bfeeb307134ee49df9367360b55a6cee2564a1f11621e248474dc8e0d1097906829a99c748a1ce2dbc445eb5f6,CLEAR,"DARKNESS, LIGHTED ROAD",DRY,FAILING TO YIELD RIGHT-OF-WAY,2.0,25.5,2.0,2.0
03210e64c06f600550522ae12064e95e3c41339c1cb31946dce5cb890897d40b3bda0ac3dd1fc60dd6f854fa55862599a2325c7992747f7cebb97b15019aa8c5,CLEAR,"DARKNESS, LIGHTED ROAD",DRY,DISREGARDING YIELD SIGN,2.0,67.0,3.0,3.0
03210fadd1d30fada402aafe2bc8560ad4fd76a968e7f3ae86fa74f789f71c6e89f7855ba308d8c6f578423e2a02562e63a3eb4da6c238002ea82d7aecc4b9fb,CLEAR,DAYLIGHT,DRY,DRIVING SKILLS/KNOWLEDGE/EXPERIENCE,3.0,55.0,3.0,3.0
0321135eb66e27887afa6e7d07665ee9628916ffacb4d7a9dbba1c2a3c347c3338d2ddbd9111093bb0700bc663095be5e42ec74e1723b422450e0cd439e5e48c,CLEAR,DAYLIGHT,DRY,FAILING TO YIELD RIGHT-OF-WAY,2.0,38.0,2.0,2.0
03211ecadca55bf4d5ac0995df82ed4df5db3948e29f3c19bb07d040f6d901901cd736f8007d0aa3edb645c8d8dfc6dafca0bd86032e2bfdf9aab4a6bacb5248,CLEAR,DAYLIGHT,DRY,FAILING TO YIELD RIGHT-OF-WAY,2.0,45.0,2.0,2.0
032144a4e8da510a17906be7b44d883806da7fe55338101cb5828962c1a8b5618f5d2e20ee710c0ff35f36d0aa041666b0196aa34eac1ce636ee9b9692d523f4,CLEAR,DAYLIGHT,DRY,IMPROPER TURNING/NO SIGNAL,2.0,45.0,1.0,1.0
03217ba68aba8919f751caa0f2247557a4677505e09cfed0b6d75fe58fbb2f8518ed427dd15b16f0b1832bdccbc2429883ce311b2491d77374fddb0ab19aa4af,UNKNOWN,UNKNOWN,UNKNOWN,IMPROPER BACKING,2.0,37.5,1.0,1.0
032191aec5b2320125a3cb30467febf467bed5f7ec9ceab54a929177c6ed1562a78e3c9296387143b05ccad8ce79ab1ab33dce360b4f9d552116c5efd9431e20,CLEAR,DAYLIGHT,DRY,IMPROPER BACKING,2.0,37.5,2.0,2.0
03219e05244b687ca54f778543196456d5ab883ffa48de4fca41170b98f2a618b895b4405aec4d32e170f3d79ad0c9daead20bbfc9995bed00d866a7f3c3e63a,CLEAR,DAYLIGHT,DRY,EQUIPMENT - VEHICLE CONDITION,2.0,60.0,1.0,1.0
03221a3b22178e61e2564ee3fc17d5b89fdbaa104caf659e84b98a6c9bee5802076776c409ce441028e4562a23db8daba76a43b0aa1c40e1c684e84ffc3b5e00,CLEAR,DAYLIGHT,DRY,FOLLOWING TOO CLOSELY,3.0,47.0,5.0,5.0
0322bdf131baa13c5d5f639c3f0b741db38365195cbbf9f23213771cc7e4221564fff1e7162c7074df2e9da1407beca1f2c1a26d376e91642baa78b857a27015,CLEAR,DAYLIGHT,DRY,IMPROPER OVERTAKING/PASSING,2.0,53.0,2.0,2.0
032301b632a80ff6551b518edc132a67b6ea9b3f2f86ec7404cde100637efec173eee325f51bb0c7e423f9adf51bf9cc11f1317a83e62b040abaf56dbfcfcb53,CLEAR,DAYLIGHT,DRY,FAILING TO YIELD RIGHT-OF-WAY,2.0,24.0,2.0,2.0
032311054b30e4090d97d4efb8d4783b556c363ff8309f748999d76b397c1cc0110e96378ace91086be86c216d1fca60d0db199301d4caff87e40c7a661da743,RAIN,"DARKNESS, LIGHTED ROAD",WET,WEATHER,2.0,20.0,2.0,2.0
03231295adb7df4c73655ec3e374015abf36add7c6f9eda71f8fb6ba385050262bf7a64312bf78e5b5760169c6e0704e9b5f73247523ca565a564364d0dff5d0,SNOW,DAYLIGHT,WET,FAILING TO YIELD RIGHT-OF-WAY,2.0,53.5,2.0,2.0
03234e85362017981794fbe6b86d91091e7a8436128dc08b89e5d21b0f3ef0f622db309e00dcfcc84baedcf53d1a9d62d0c61b41c6a6e67bc06538c0f8cd1b80,CLEAR,DAYLIGHT,DRY,FAILING TO YIELD RIGHT-OF-WAY,2.0,50.5,2.0,2.0