crash_record_id,weather_condition,lighting_condition,roadway_surface_cond,prim_contributory_cause,total_vehicles,avg_driver_age,total_people,total_injured
03235cbe8414698b98524b949ce76cf1a7b7e8c17387727683e454e977aaa96fde6d76505d5e8dd166f89a7c8263f271c79a9cb3296fcdbac8aeb12132114e0d,CLEAR,DAYLIGHT,DRY,IMPROPER OVERTAKING/PASSING,2.0,27.0,2.0,2.0
0323cec1dc3a19d980732d02ce12095dd757ff99d13a43f8e3ae1402281b2e391836deef7e010c6a4111b356e696520f594a215571fdd22b2c76717f7970ebca,SNOW,"DARKNESS, LIGHTED ROAD",SNOW OR SLUSH,WEATHER,1.0,31.0,1.0,1.0
0323cf2402d3033e1296b3fa2dd8c17e2c0402a8b421bc6796a6dc56bd5df43d6909ed7a5a22d797c099fea71eab79da4cab4d8b2540832a4482a5e3d19a4f36,CLEAR,"DARKNESS, LIGHTED ROAD",DRY,FOLLOWING TOO CLOSELY,2.0,37.0,2.0,2.0
0323e68118230c5006fe9e4bcd4cd8416362dfcaa49271e57567bf6051cee88c197ca5f5ccd68b26724fcfa05bb637c13096fa3e5b10345bb7e7c1d8de71c6c3,CLEAR,DAYLIGHT,DRY,FAILING TO REDUCE SPEED TO AVOID CRASH,2.0,39.5,4.0,4.0
0323f19552fdafb788b4138de5839c5339c0e9937df62f924fd9b5f9fdf47e05c16e7940edbe1ffdf7a0ecd571dd1cc1202c9a7392d06122a66ecaac84ecac61,CLEAR,DAYLIGHT,DRY,IMPROPER BACKING,2.0,90.0,2.0,2.0
03241c97ab96e529bfa9071a66b0f44badf48144571561cecd264a7d430b25ae4004f6a03a50f4f8248d0b0a9f33ddf8cb60b7b5a6a4348bb3864e8f2a5ac5bb,CLEAR,DAYLIGHT,DRY,FAILING TO REDUCE SPEED TO AVOID CRASH,2.0,73.0,3.0,3.0
03242f9b4dc3a1bcf757a21fc38e01f1eb06637aa80e3ae10baeb4fe79a9b93d588d0def0341399a4ba91451e15021d9074cba95bae0513758712e125bf8f9b7,CLEAR,"DARKNESS, LIGHTED ROAD",DRY,FAILING TO YIELD RIGHT-OF-WAY,2.0,56.5,3.0,3.0
0324396afa5e2049f646862d591182550b02650d1bf2e82217ee276d9243e868e9c10aeebc6f11d13bd35f8abf02a66f3c3fa904f7f87b0ab91ccc5f81c463de,CLEAR,"DARKNESS, LIGHTED ROAD",DRY,FAILING TO YIELD RIGHT-OF-WAY,2.0,33.0,2.0,2.0
03244997d76242558dc6f33bd539ef262d15df536a8a2304c3b088f7d27c6d04b7ec4fb5401fc8fba9c4d390bc13c472d1c6b614dd19d9cb3c3f3f99ea9feb30,CLEAR,DAYLIGHT,DRY,IMPROPER BACKING,1.0,49.0,1.0,1.0
032454541bdbd62970fb596c841ed79665cb28f8b835fc26e4943d1e8c284aa655fac48247304ab78779e32bd823534a12cd9b03c55d5571ddf3819f0779c772,CLEAR,DAYLIGHT,DRY,IMPROPER OVERTAKING/PASSING,2.0,42.5,2.0,2.0
03245c1541aa638c495b29568dbaca9e72aa086973aed75f4dd4ee3eb4c4993fa508e83a16663ed1d6d6b0e030052cb4b0e3d8d1a0ad490a3e563aad5940c7a8,CLEAR,DAYLIGHT,WET,IMPROPER BACKING,2.0,23.5,2.0,2.0
0324749d5c636a7586cd6bcb33f34d2d12256608b29180d6a3e7fc8689a0de72a5b287bb632131f5d05840482bdee474743841724bd5f04c2fd88851e520366b,RAIN,DAWN,WET,DISTRACTION - FROM OUTSIDE VEHICLE,1.0,24.0,1.0,1.0
0324a15c8bae7e974c07f6ca4abe9e31ab1ef1b8d10f3b9182606f73db238f066ec9a56e32f3d966cafad9b8290f7bd18831749bfe0e120feb22bb4ffdcabef0,CLOUDY/OVERCAST,DAYLIGHT,DRY,IMPROPER OVERTAKING/PASSING,2.0,48.5,2.0,2.0
0324c2bf9d71b7a1bcca09c427517ff53020414c4299be9448bbb1747feb76756545e0b57d0f4b3c757e1dee0aba1aa81718c1dd0ce8d26e12809ea6f94349b9,CLEAR,"DARKNESS, LIGHTED ROAD",DRY,DISTRACTION - FROM INSIDE VEHICLE,2.0,38.0,5.0,5.0
0324e0c3d804b03ea8b4ce76317f74fe824ace44f397524794773bd074359be7b712a65446c68e1293c6504949c6734cc1ea3aa05d98a9c938b2784993b90238,CLEAR,DAYLIGHT,DRY,IMPROPER LANE USAGE,2.0,53.5,2.0,2.0
0324fe725542aa8ed0cee0a771e46f82d3a78ced6676b54d9c928bfebe5815af9feabf979a16f44ea27b94dda6cb7e80ec108da6dfc8f80429301c25c4f008c2,CLEAR,DAYLIGHT,DRY,DISTRACTION - FROM INSIDE VEHICLE,2.0,64.0,2.0,2.0
0324ff41b40dd05be7ea4acf4f88ef57ada62105c1cf764db5cbcc807fbc898a176b048ed86d0f2b8a695350b523cc365b150fce1dec34ba1a586380c038cec2,CLEAR,"DARKNESS, LIGHTED ROAD",DRY,IMPROPER LANE USAGE,2.0,25.0,2.0,2.0
03251dd78810911746f44f0d7749ca6e0c4632a54d4342deff5bcc7a89644e93f0f00cf0a1ad4371c55cb2bcf6d8a1b80bd8d4d5d00f2a54f1207aee573e0554,SNOW,"DARKNESS, LIGHTED ROAD",WET,WEATHER,2.0,37.5,1.0,1.0
03253ff4ad7ff35a4d05d4f8ef8b9355aacb7137502540c573d62bac36377fad5bc8d2363753e1d0f0d7ecdd7f243c95273380b2fddf8946bdb19492dd8cb412,CLEAR,DAYLIGHT,DRY,IMPROPER LANE USAGE,2.0,30.0,2.0,2.0
0325534850be82da7e611a44f4fab1c63be405df82c2aa025efccffd71ad117287c77fa6acdf785e6c7ca019d5b4cbe07086bb0935fb91f435a7a10db070b176,CLEAR,DAYLIGHT,DRY,FAILING TO YIELD RIGHT-OF-WAY,2.0,31.0,2.0,2.0
0325b6b5761b9f77da07f622fe0cc3e9f9a9a6a937b6867931a6e6bd5440288c1ded12c71b550e641f767338258e75cf47f33153e464e6a92b410bd5f0caa1a6,CLEAR,DAYLIGHT,DRY,DRIVING ON WRONG SIDE/WRONG WAY,2.0,30.333333333333332,3.0,3.0
0325d7dcf2bd70e4ed9ad6b8fcda5c98bfcd33a74443052011e0570408c7ce97328d074bcbe31641b2d1df3497628789f6dbc39a1e415f1c750f1a32114e2a93,RAIN,DARKNESS,WET,DISREGARDING TRAFFIC SIGNALS,2.0,19.75,4.0,4.0
0326563165971061b9602f16aee8e72103a399e8f74eb55c5505d3e0396df068207c292dccdcc444a4aeb93d5bd80b10f0b56cc5db1ee08b0885cb83389868bd,CLEAR,DAYLIGHT,DRY,FAILING TO REDUCE SPEED TO AVOID CRASH,2.0,47.0,3.0,3.0
032664bc6bcf8f1719a70619e8b59e281ce1efdd1ffa231da559f5f6a590465f455c022083f1001f76c40c9d8873c8f4ff24d1366d0a5ccd2f8b39c6eed02bfe,CLEAR,DAYLIGHT,DRY,DRIVING SKILLS/KNOWLEDGE/EXPERIENCE,2.0,60.0,2.0,2.0
032667d8fb0c3d87d513ab63d0715fc70998fb41ba69814c859ac2d1abb7a073cdc4402bbc92ffa4479aefff4c368560fc0f0739680399cf04f8369a7c9347e2,CLEAR,DAYLIGHT,DRY,FAILING TO YIELD RIGHT-OF-WAY,2.0,41.0,3.0,3.0
0326a3a8173b0ef542ee232f4c5b9395e70af9671862bc8968beb03e74cb4c7d033df1d2c63fbd5de226a210ee03d6da6a2517016b514adae31dc8c23bbcf32d,CLEAR,DAYLIGHT,DRY,"OPERATING VEHICLE IN ERRATIC, RECKLESS, CARELESS, NEGLIGENT OR AGGRESSIVE MANNER",3.0,37.5,3.0,3.0
0326c5f9e14fee91b0ca4815b81acd292dac18fd6129de946605f820c62a92588a5e07707ad1f105cda5928ca5083385dd02b7e112c09cf5445bd2697e00c010,CLEAR,"DARKNESS, LIGHTED ROAD",DRY,IMPROPER TURNING/NO SIGNAL,1.0,35.0,1.0,1.0
032751b69bb2f474ac6e31d28375033e49e4530ac0f1225dc36702e0ef05632f8ab86ca2217ad1c1d0d5e6dc46eeb892995f039da0de5c6d5631f25989db6572,SNOW,DAYLIGHT,SNOW OR SLUSH,ROAD CONSTRUCTION/MAINTENANCE,2.0,49.0,1.0,1.0
032766ea99f39602c7f2364220943493a11741e6497761899ece61c3d71851b4907f99613e27b5d07e6079c163a13713c367292a0c9205a4b57ad62092ad9190,CLEAR,DAYLIGHT,DRY,FAILING TO YIELD RIGHT-OF-WAY,2.0,49.5,6.0,6.0
0327973b7e62ba2e904f00572f48c38075e8f02539fb209633b233f56579d8db4fb0238772710b0d5ff2eb4bb764586809cd106074e37137243eb73a884acf2a,RAIN,DAYLIGHT,WET,IMPROPER TURNING/NO SIGNAL,2.0,46.5,2.0,2.0
0327cae8520c021bcb116e8156398d270b57810f71ca77dfd52f41da92c736c7f5ced293d7eb4456a8b5b1b569879bf4ed0493f5df65965104828fa6619bbac4,RAIN,DAYLIGHT,WET,FAILING TO YIELD RIGHT-OF-WAY,2.0,22.666666666666668,3.0,3.0
0328304ed6f41b7c478a2dab23969f94927598aa84ecefcc35d826e2ba13491029b3a5a903423e3daa16a88b0b36ef2f96e0ac02a0c7947ff5f93f54d8d0c01b,CLEAR,DAYLIGHT,DRY,FAILING TO YIELD RIGHT-OF-WAY,2.0,35.0,3.0,3.0
03283102dd52cd196b53325da957927f83fbf0e7688bcb1d243dce0a56ac8389faf9e13416ec0e72f3e5108edbf08a408356ce825c7da04badc484ea11ed2838,SNOW,DAYLIGHT,SNOW OR SLUSH,FOLLOWING TOO CLOSELY,2.0,39.0,2.0,2.0
032837d9e56df2937c37e3583b280630c85a19a01c2cb06665df4fec9883bde52ef20ac4516e8f092ae3e87d228c1d98246dbf47608dbc5edac0ea56e7196338,CLEAR,"DARKNESS, LIGHTED ROAD",DRY,IMPROPER TURNING/NO SIGNAL,2.0,36.0,2.0,2.0
032842665e8dbc9b610c4702c8f3df13240d3f19cb12506cf8605828488933d27d726a0fc7d62cc3b8efaed0a15a0b8ef1459b3470b4ef373f90b2e29d2e8995,CLEAR,DAYLIGHT,DRY,IMPROPER OVERTAKING/PASSING,2.0,37.5,1.0,1.0
032855606857fe36a172728fc2a75435e9864dd42851147c79ec35a935939a2fe4eeb1c3a9cd840715fcb1ebbacd2931ea714dccaf613bd4bbf6db8545766383,CLEAR,DAYLIGHT,DRY,IMPROPER TURNING/NO SIGNAL,2.0,26.0,3.0,3.0
032860dd238398b91ee71a44489e70f979f1fe908d3ce6a1445ecab33b7c04b5b0c65d922f0fb7396895d06eb20e16ed771233cc92566b1bf5626e5890e37c4e,SNOW,"DARKNESS, LIGHTED ROAD",SNOW OR SLUSH,FAILING TO YIELD RIGHT-OF-WAY,2.0,39.5,2.0,2.0
03286ce78a73532fa0ed40e06a33e40480d7e7260e0cc894ed370ccfabbf67bdf1cc2759315462a593ad4de338b8742819310f819c5d38a35dcd13591e4e0978,CLEAR,DAYLIGHT,DRY,IMPROPER LANE USAGE,2.0,24.0,1.0,1.0
03293533defd6445d695fe30d397d6476fb8f6815eb4c67157714d9caab9bbf9ba9b76e685285ac26309eccebbbe7df3396fdb116a1b80ed274f11bc669717d8,CLEAR,DAYLIGHT,DRY,FAILING TO YIELD RIGHT-OF-WAY,2.0,68.0,2.0,2.0
032937c68452cf00db8c5145a7b6c3b867f0f5ff134ceaf5507dda8267dab08d7cebbe50a919d90ca23ab5d216dede0d5427a9c46ca80daee9553e2a7762c532,CLEAR,"DARKNESS, LIGHTED ROAD",DRY,"OPERATING VEHICLE IN ERRATIC, RECKLESS, CARELESS, NEGLIGENT OR AGGRESSIVE MANNER",4.0,28.0,13.0,13.0
03296b4506b7df98237125785756598b4874eb0df0d9fb71bf9a5847dce569ab88594896102ed0027ee06da50e830083e2b4d4cec5e8a3d5912a9c660e72ac1d,CLEAR,DAYLIGHT,DRY,DRIVING SKILLS/KNOWLEDGE/EXPERIENCE,2.0,37.5,1.0,1.0
03296f681af980868a5bbcbedadc537365f287007f31bbab780b82dc8f17f28b20a66e19c7d0919c27734ebd36778a4c7cd8fae53b7af445afc48cb688be1eea,CLEAR,DAYLIGHT,DRY,IMPROPER TURNING/NO SIGNAL,2.0,37.5,1.0,1.0
03297b595673272092f6a6525cbef5f2697ae120084ab13bad5a904a90769f233445aafead21485515417fe8807dce197226662cbda5c221b17fe29465571edc,CLEAR,DAYLIGHT,DRY,IMPROPER TURNING/NO SIGNAL,2.0,28.5,2.0,2.0
0329a8572fd31e12dd663893a5783fd34dd8a6818af3e4925571884b34db6af81e6b49edae075f7fb3868fb60548b12ff999b3d32a9ac61ab14c1a5a7603fbf6,CLEAR,"DARKNESS, LIGHTED ROAD",DRY,DISREGARDING OTHER TRAFFIC SIGNS,2.0,25.0,2.0,2.0
0329a882ba5e693115b2c552d4296ea56457fe8a2b994c194fdafffeca625b592cd8ef644ce31fe96ad7bd7a501bd4ae6a332ea9a114946f36f67da5d36150d0,CLEAR,DAYLIGHT,DRY,IMPROPER TURNING/NO SIGNAL,2.0,20.142857142857142,7.0,7.0
0329b78143f0d38be4fa4daf5b3ad81dfc91d890d67e9523d4c042ffc7804b0028041b112240229a648b9e802f06f7c20ffd14a320896e61b9cb114a2b56d262,CLEAR,DAYLIGHT,DRY,FOLLOWING TOO CLOSELY,2.0,58.0,2.0,2.0
0329c0ef5c4c4cc1f1f5577385733f6bcdf3f0d81d5881ae6fe2745bd25bd02fba97c3aa97253aaf73b75de39c231fa7c26382de3fb314f6ad0d05417d1f4860,CLEAR,DAYLIGHT,DRY,IMPROPER BACKING,2.0,31.0,1.0,1.0
0329c5ed3b6a3b61bd2b0e0cbccd14ace5e735be3cd396556de906023c05db5e00d51e2a7433106e9cdf7fa6e773e721f9d8736a77a61b6511edaec7b3f40ccd,CLEAR,DAYLIGHT,DRY,IMPROPER TURNING/NO SIGNAL,2.0,48.0,2.0,2.0
0329cdbe74b8d110797362f6fa2d28c4d56cbc05fd80892671a8031d3d2f7dba87c31c83539f45c0f392918a5757357b0c70157733e609dff78e8caccff16c20,CLEAR,"DARKNESS, LIGHTED ROAD",DRY,DRIVING SKILLS/KNOWLEDGE/EXPERIENCE,3.0,40.0,2.0,2.0
0329e6f5de04b2391942ce48af2e1bd5ba3901f8b4580ce28627c4bb1c6d97aaf441a07ed1d11bb9082fa976c1f4907e28514bb486bb07ff910a42e85a0b3660,CLEAR,DAYLIGHT,DRY,FAILING TO YIELD RIGHT-OF-WAY,2.0,47.0,2.0,2.0
0329e706261a861906cd0f121cadfd76fafbfa50fc75a625a5e32b08fe3c6e8feb21ed1aa5258d12e3fec1f02cefc670e712da67f07167710e0a016227f4d5ba,CLEAR,DAYLIGHT,DRY,FAILING TO YIELD RIGHT-OF-WAY,2.0,42.0,3.0,3.0
0329e72374054b6ec852d3b351cd714c43e70c337eea59163708003aecb5cc05ad7dfe46f3af20bc5f38d628e9607962275649f35c18740b47b62beee2fd034c,CLEAR,"DARKNESS, LIGHTED ROAD",DRY,FAILING TO YIELD RIGHT-OF-WAY,2.0,66.0,4.0,4.0
0329ed2ccbfe0b6e8852d8b68869b843abb7f626b4ff8b6822b34ad5f1a3ef16e967fe9e45627e8e369c0bd1c76ae19a5dddeba094f6d2e359354e2e71d589d9,CLEAR,"DARKNESS, LIGHTED ROAD",DRY,FAILING TO YIELD RIGHT-OF-WAY,2.0,26.0,2.0,2.0
0329f524377d450148d08840e5969cc5d4cfbcea875b057dde8ebee67f077e014acc531b455a6c272b9de2843a7791ca267a4954cc822305017b7b21b5ee5543,CLEAR,DAYLIGHT,DRY,IMPROPER TURNING/NO SIGNAL,2.0,30.0,2.0,2.0
032a0d20313e1eef9faf665eb36c899f989d2637252e1b142a4efe715149be3d8a0baa911b562dfe4609711c76ff3c262345bdd9d1556bcbee9827fe2db5d925,CLEAR,"DARKNESS, LIGHTED ROAD",DRY,DISTRACTION - FROM OUTSIDE VEHICLE,2.0,46.0,3.0,3.0
032a0ed240dc38be20c700709f2caa1e6b24246ea0a4d9a410da344a60534b9b9575f967151d5cf6f8ee267322923350bea2d1058160b905ab59a9a44dc20b13,CLEAR,DAYLIGHT,DRY,EQUIPMENT - VEHICLE CONDITION,1.0,27.0,1.0,1.0
032a11457039c2bb732aba26a8d308f7194e3586874c8f136d78f675db5581b54616c170f17259488bb0be5c715888e7911123907084703b57d98a911f39acfe,CLEAR,DAYLIGHT,DRY,FOLLOWING TOO CLOSELY,2.0,64.0,2.0,2.0
032a22b35050074ce6d41653e75c8cedd1bc8c16333b64291d33f30dc9a5d97e1680efda25877c83cd3c3ff8ac90ac7d4874934b9702a4d73d42a59f03d155b6,CLEAR,DAYLIGHT,DRY,IMPROPER LANE USAGE,2.0,40.0,2.0,2.0
032a29713bd371487b7407d16f763f50607a38be27c0c95b91365cf4c0d359d2e5b62e861acf1ce8e8be1e7d120284df24e41350c401dccce43880e2bc409c89,RAIN,DAYLIGHT,WET,IMPROPER OVERTAKING/PASSING,2.0,52.5,2.0,2.0
032a4a036c4cbbad1d3bdf746eb7baa6f11ac6bd82503d184554fb0eeb1bedf7b2f918c748b6dbcd71895361712891519635c2916a65f10c8aeb1ef8a5e5b52f,CLEAR,DAYLIGHT,UNKNOWN,FAILING TO YIELD RIGHT-OF-WAY,2.0,41.0,2.0,2.0
032a5a69ace27397afc50b9817f4789f66aabf691f22f384b248d9fa991b70cd3bec9918cf24b07c0a6ae609eb866d3e7513bd5244fb64220493b8d40db7950d,CLEAR,DAYLIGHT,DRY,FAILING TO YIELD RIGHT-OF-WAY,2.0,34.666666666666664,3.0,3.0
032a5eac18f88d1c011c0406546cc29aee3f8593cad5432dff597cb6813e2b824c6756e5391a150f4f7f0d9419a05ee47f22b4bf037e1d807c035597ab2a2404,CLEAR,DAYLIGHT,DRY,FAILING TO YIELD RIGHT-OF-WAY,2.0,56.0,2.0,2.0
032a827ddc67527677131bfacc254fe5221ca23b2fc4012695cac18e4026540fadbba8e7fa5c70d39170e89f7bffad9cbd2490598f25c839d02591d724e31af3,CLEAR,DAYLIGHT,DRY,DISREGARDING STOP SIGN,2.0,42.0,2.0,2.0
032ab0a8390fdba923c5907e385283fe385de7af264e5a853ece207daaca76d0f8231c0503951b00b67022b24e0a23ee988597ce8d0e7bb491309efa823209d2,UNKNOWN,UNKNOWN,UNKNOWN,IMPROPER LANE USAGE,2.0,57.0,2.0,2.0
032acfa0873eb4e497bbd44fc0846cbb18625d8958c7364f92e4304d9802a8608f67a4066a012ca2a618e73b6e199ed857b34f50f6aeffc96ad6e9df31036eaf,UNKNOWN,"DARKNESS, LIGHTED ROAD",UNKNOWN,FAILING TO YIELD RIGHT-OF-WAY,2.0,30.5,2.0,2.0
032ae044b747faa479b4a5cea70efd3ee2ffab5aaa8a3e0fd3fea744154541767117e28a0a2cfcc4b5c71d75c60231f5663175b366ee59a0f9d25800262b4fdf,CLEAR,"DARKNESS, LIGHTED ROAD",DRY,FOLLOWING TOO CLOSELY,2.0,37.5,1.0,1.0
032b0cf6ca2d5ad2d66e6b2e8bb3492e2d1b37b5478478d3b58341e7c6727944d7a9dcdb24b97655a6748b0719f0b4750b1b985d56c5a1ccfab9779ddfc3c1ba,CLEAR,DAYLIGHT,DRY,FOLLOWING TOO CLOSELY,2.0,47.0,2.0,2.0
032b0ea3b1da1a49255561bc8535700dc846e6c56a6b90459617b8b2cdba7f27d5b77bbe2ca79cb6f9a8524530a698ac4fe6671d37e685c4cd08b8b82fdc6162,CLEAR,DAYLIGHT,DRY,IMPROPER BACKING,1.0,39.0,2.0,1.0
032b307fd3870d9b2a141e4e171b11c6243701e496abc281eeff8325812cc4ea78b8ef7821e925dbeaff29e4ab93f918bdb5366fc5bad3841da5ee95ecc40857,SNOW,DAYLIGHT,WET,FAILING TO YIELD RIGHT-OF-WAY,2.0,28.5,2.0,2.0
032b45d77e27b9eaca6b1fb7dae63f2f108fa05fa259008bd26cce3b1b7634a7eafb583e57d61b345900ffb14705ea6a6e5d08a65aeb8a93b490d5e5cee35fc2,CLEAR,DAYLIGHT,DRY,IMPROPER TURNING/NO SIGNAL,2.0,46.0,2.0,2.0
032b5ac287a85e19c89c42521a6a5011680746d7f8e0816af381a29a6923fb9876ecdb2097d6f7936ce1ee2cbb8d81a7131655383009c0e42c654e2f40c22f47,CLEAR,DAYLIGHT,DRY,IMPROPER OVERTAKING/PASSING,2.0,31.0,2.0,2.0
032b6bd020720018dc4d2689bef5099a968cc7ce7d0b69c4e51c9997ba8cbfd949bcc6a8425947413eba4066cacd162292ae4f0c38f736f89b5ffab4f9c6d5d5,CLEAR,DAYLIGHT,DRY,IMPROPER BACKING,2.0,63.5,2.0,2.0
032b915d7ad06e22038b093ee87124c567ef4e63b656b45033146e9aeb71bd014f8cf0d7edc0b71981420066dbd3520c83fe47bfd204bec8cc06e905b5730cb0,CLEAR,"DARKNESS, LIGHTED ROAD",DRY,IMPROPER TURNING/NO SIGNAL,2.0,31.0,2.0,2.0
032b9e03b93ac52197485aebfd8a37ee84b6a41825799130db46d3cde9fb846666d30354be2d0d78fa6766f272989751f14f6774e983996dd7e7d9b01358b108,CLOUDY/OVERCAST,DAYLIGHT,DRY,DRIVING SKILLS/KNOWLEDGE/EXPERIENCE,1.0,34.0,1.0,1.0
032beca139b89db9217f8cf0c58d32bba3ba74a8adea2cd59a3dd2e57eb6764c1c1a0f77816b7ed55b407d618f77e00e1c2d0815e0ce7b65b973bbd3d6bc6b80,CLEAR,DARKNESS,DRY,FAILING TO YIELD RIGHT-OF-WAY,1.0,59.0,2.0,2.0
032c0101345f2fca43ede17bcdd08f2fbddcafbc09fe26525d37971ae4ffb51ccf119b7a6a23bd89ee8fc613a3cfd418fa617122a43c2f448e702c58d94a1e83,CLEAR,DAYLIGHT,DRY,IMPROPER OVERTAKING/PASSING,2.0,46.0,2.0,2.0
032c01ca4e105183baebb81dce60d2c8230325c5eeb1d5b8d41eb23e73508a98433b835b3069c71c3223932103a42b2caf0cb169b6d013bdae2e28a1656f49e8,CLEAR,"DARKNESS, LIGHTED ROAD",DRY,FAILING TO YIELD RIGHT-OF-WAY,2.0,0.0,4.0,4.0
032c0d19689ce09145736b4009c791510475c53362d1da1d1418adfce659f81a4e0d1f721d5b15163d5fb565bab0f0b1827d1a8b9daf22544e4a56332a2b6328,CLEAR,DAYLIGHT,DRY,FOLLOWING TOO CLOSELY,2.0,35.5,2.0,2.0
032c1c7742765a3a99106b143078a63cffe7c32b8f7dad7c3874536cb4acac2402f04d74c6ccdae74afc2f566cac0c4d08e972468f6def40fe72dff1086489d2,CLEAR,"DARKNESS, LIGHTED ROAD",DRY,FOLLOWING TOO CLOSELY,2.0,32.0,2.0,2.0
032c37548defbe3fc2d2bd09cc5172fefe415ec2e7f5203601aa1ff54313f179776b6b8d959d4dbe4f9ae53158471151d7b78b4bec50162833a3b010ea75451b,CLEAR,DAYLIGHT,DRY,FAILING TO REDUCE SPEED TO AVOID CRASH,2.0,33.0,2.0,2.0
032c5120d828ccc77fedb1e62007b06c6e707df26b2f08f104c661fd1581edce6378ce51f894d802f1693bb6e51e050278edbf5442f169d83128eb2d89a3c0fb,CLEAR,DARKNESS,DRY,FOLLOWING TOO CLOSELY,2.0,56.666666666666664,3.0,3.0
032c570e25c77960dd78b58c901152f0221410fbe439ef1387c5a8ac328c6f0839428e5e0cde2c6660d669cb96163290dcfa14b0e3a9f2c632e93b9c799bec61,CLEAR,DAYLIGHT,DRY,FAILING TO YIELD RIGHT-OF-WAY,2.0,37.5,2.0,2.0
032c6cb178752b9514189851754ca7ce9f04861a91c7b8b40c4de2b665b1a9e7c8a25f87fa4322976d6997fcfa23461125ea8755d9a5101eb745928d4826a720,CLEAR,DAYLIGHT,DRY,IMPROPER OVERTAKING/PASSING,2.0,29.0,2.0,2.0
032c891dda49454650e3695c42dc8a8f7662899156e2e0c0b0027e299e200ad498ccfeabb53311e61fb11115b147230126c88bba20e685dbb2a2abf6f86d66be,CLEAR,"DARKNESS, LIGHTED ROAD",DRY,DISREGARDING TRAFFIC SIGNALS,2.0,41.0,4.0,4.0
032c923d5f919c5b57ed38da79afa0898de01b30c4947d3c03ade5cab796f028159341114a4364e106b15d27e60bb2265852c83aa591b93056c93ff642440c85,CLEAR,DAWN,DRY,DISREGARDING TRAFFIC SIGNALS,2.0,62.0,2.0,2.0
032c92d181656dfdec3c3613d7b0bd3dd298a4e3da94e7594d4ee6ed37934d9271bcc168774d5b3a51ccdd6cf246c710f200db42cfe243ba5925ed1dc7775cd8,CLEAR,DAYLIGHT,DRY,DRIVING SKILLS/KNOWLEDGE/EXPERIENCE,2.0,21.333333333333332,3.0,3.0
032c98c21a9db69b81abd52cb9784a024af8fb99afffa8074c13f4ba5baa0dd5e5ab3e0ea79766ae71a865c97e497b5a84f6b64b0f55e21a9f124c3ffd7c2d6c,CLEAR,DAYLIGHT,DRY,"OPERATING VEHICLE IN ERRATIC, RECKLESS, CARELESS, NEGLIGENT OR AGGRESSIVE MANNER",2.0,65.33333333333333,3.0,3.0
032ca7e09951de4385eec78a50a5f9f33b217838578b29b39a8415b95a96aa567d1923425716833966c154a3cc5ce28d4390a6c1bd5144ad466d0dc3ba6db03e,SNOW,"DARKNESS, LIGHTED ROAD",SNOW OR SLUSH,IMPROPER OVERTAKING/PASSING,3.0,37.5,1.0,1.0
032cac7a32d973b08c4128dddf23f6f42a9363bce6280969fc81c38ecf7cc26ba6c494a0e5b196b08e6cb921a0c539a4e2b9905aca54c24185ac343ebb990f10,UNKNOWN,DARKNESS,DRY,FAILING TO REDUCE SPEED TO AVOID CRASH,3.0,37.5,1.0,1.0
032cedbd2b1d298f22ead3046d62d9fad4f8fb6a8f11d239e757a8001f55adf92f48abaa92c07f3782dbc91d18289b4cfca2a82af157c70863fe71a981b4edf6,CLEAR,"DARKNESS, LIGHTED ROAD",DRY,IMPROPER BACKING,2.0,37.5,1.0,1.0
032cee20e5952e5ede3506c19b867d158a0944d3966fa90b28d7f3252367aa34046ddab8de49e7f2e0096112df5292f592117beaf70b5d7c56f2cb9f74b56dd3,CLEAR,DUSK,DRY,IMPROPER TURNING/NO SIGNAL,2.0,59.0,2.0,2.0
032ceecba0f2e30824b488ac297d2702c87af18c0850f3a7d8bac16be821f8b8620b169dc7e8d8e57ba1cd2f1efbba0bcdc4540174bd383edc80bdd706b19955,CLEAR,DAYLIGHT,DRY,IMPROPER TURNING/NO SIGNAL,2.0,41.0,2.0,2.0
032d18d3de55dab419b8bb276b39c4c38a8f350f92debe2d115932ac1bb96f8fe43c97fb42e0adfa0ee67267cd08d1feaaaa945046ddf3c9840c46aee9d42f77,CLEAR,DAYLIGHT,DRY,FAILING TO YIELD RIGHT-OF-WAY,2.0,25.0,2.0,2.0
032d2bf00cc0a61f75f723bfd393d709ffd81dc38ae0906825fa7c7e414bedf3a42c0e7dc23440be967d82d851c7e1ddb2f62ed5019d35addd7e92cb4fa0e3ef,CLEAR,DAYLIGHT,DRY,FAILING TO YIELD RIGHT-OF-WAY,2.0,24.5,2.0,2.0
032d3b9c073a673c49999da482a4e793fe4d7aa5715f906e010a53cdd86f9cf6a0338d4d0b9a442f6aed3b11f14f2a0b75222c2b6a852a695ef1e49ff4583cbd,CLEAR,DAYLIGHT,DRY,FAILING TO REDUCE SPEED TO AVOID CRASH,2.0,41.0,3.0,3.0
032d3bdfacbe8df492c3823af9cd79d29859a79477d9386c0e74217d6de6acf8e0b74c6c52baa7f82ca96663ad488bb505afee213328aec63d053f0a6c79c678,CLEAR,DAYLIGHT,DRY,DRIVING SKILLS/KNOWLEDGE/EXPERIENCE,2.0,58.0,1.0,1.0