crash_record_id,weather_condition,lighting_condition,roadway_surface_cond,prim_contributory_cause,total_vehicles,avg_driver_age,total_people,total_injured
032d40f7d48033844d97f14fa516f004f8ca3f1748e22a43d9c07bbf575ba05ceafb8b10bc6ea9d6d2a3086ecd14d85b48af3ce5d88c3fef7ae5dc8a9c3a461c,CLEAR,"DARKNESS, LIGHTED ROAD",DRY,"OPERATING VEHICLE IN ERRATIC, RECKLESS, CARELESS, NEGLIGENT OR AGGRESSIVE MANNER",2.0,15.0,1.0,1.0
032d539db5f46e54bcd05e23d456a17429644012e5625155f3cd11041ea78e0050dc813f997a312f6bdbe8c4d942d78b3f39753158aa468f9046e62ca84ccab7,CLEAR,DAWN,DRY,"OPERATING VEHICLE IN ERRATIC, RECKLESS, CARELESS, NEGLIGENT OR AGGRESSIVE MANNER",2.0,37.5,1.0,1.0
032d79939e833f5a624443d73a347604dc1cc7cda9cbcf622c8a4bf3f9753acceeb0ed68d6f06b244179bfd08860c8ea08edc82dcca6d347733c2474a5e69490,RAIN,DARKNESS,UNKNOWN,IMPROPER BACKING,2.0,24.0,2.0,2.0
032d9aeb5ed931a6d5142d2eb5a4f1a995a909e32abd456772e1e7e02f7f70e78c8d02e5b2cb417d747896e83d52d74c67a1fcede4f0dd49621014a1f7f91bcc,CLEAR,"DARKNESS, LIGHTED ROAD",DRY,IMPROPER TURNING/NO SIGNAL,1.0,57.5,2.0,2.0
032da9e36dea33541092a6c6415cda4b191d7b66717f2ad92f966c1c548caa98a33f5c21b696c84bf65325dd9020dd622406d1cb1270ab6cd6a85b6cdf22bcf9,CLEAR,DAYLIGHT,DRY,IMPROPER LANE USAGE,2.0,37.5,1.0,1.0
032dae884963026f32a13750840849952cd60d2467c8ea33029847c7b93e6d13f9c66d9026c1ded68a7df9e198885bbc9f62587ad2bdac001fff800b2dfe34bd,CLEAR,DARKNESS,DRY,IMPROPER BACKING,2.0,37.5,2.0,2.0
032dbc1dc47613a2df88cf662024a90183a40c61f43db886d098bef4a3ba507194dce29150d504309972f44aabe190143cedb27e7c42d9f8f913df8e0e1752ee,UNKNOWN,UNKNOWN,UNKNOWN,"OPERATING VEHICLE IN ERRATIC, RECKLESS, CARELESS, NEGLIGENT OR AGGRESSIVE MANNER",2.0,37.5,1.0,1.0
032dc43c5c8c4d07afc074508b4d2849034495b9e12803ce54d0c1d08828eabc625d118538b76b96a7a8149d0dd7c6fd470e0f4732ecd373d66e040ef95ccd03,CLEAR,DAYLIGHT,DRY,DRIVING SKILLS/KNOWLEDGE/EXPERIENCE,1.0,85.0,1.0,1.0
032e488a078c8c7b9c4b77c2a9e070e4d01a11dc7c6de2fad452d49f0366b451fc5fac16837fb59eb10f8cfd2f47e84c31ce87943d45f8ab32b54b721b52dc48,CLEAR,DAYLIGHT,DRY,"OPERATING VEHICLE IN ERRATIC, RECKLESS, CARELESS, NEGLIGENT OR AGGRESSIVE MANNER",2.0,52.0,2.0,2.0
032e561cdd8125fdd7a026384564f80810b99302262acf0e3fc0089ab9ae41e614c652f1068b2aebf54f7eb3557dec535838486cc5b1a4ae920e499f72048579,SNOW,DAYLIGHT,SNOW OR SLUSH,FOLLOWING TOO CLOSELY,2.0,33.333333333333336,3.0,3.0
032e83f5e56908ae19db0024dc8fe40ed6ebd97beab50654df34feb79fb189a30eb9d3c5fbfa1c4bc8fdefb7c00797df8fe10858a04147e995ffef1ca616cf82,CLEAR,"DARKNESS, LIGHTED ROAD",DRY,IMPROPER BACKING,2.0,48.0,1.0,1.0
032e9e50588121414c298bf287022cc56000572a2191c7991f3d19feece77d1838f6b323d5156210a7dfb46f1f85fe280a6f555842d8bbf62d428e497e6921b8,CLEAR,DAYLIGHT,DRY,FAILING TO YIELD RIGHT-OF-WAY,2.0,52.5,2.0,2.0
032ea4a1315260070224624c03b487f742a911ab847b44bf1b79419bbbff4b2815ccf939b099f8327042740a134bc7ec34e528f6e7e2a29634af6d42023715be,CLEAR,DUSK,DRY,FAILING TO YIELD RIGHT-OF-WAY,2.0,25.0,4.0,4.0
032eae0833f16632fe469e746d9ded303628de4445502dc74f76d988a5dfa4e8e206a5c950bc59cf7c053396774754e931568797c7c968e7cb21dab21c07317f,CLEAR,DAYLIGHT,DRY,FAILING TO REDUCE SPEED TO AVOID CRASH,2.0,50.5,2.0,2.0
032ec0eb88ede66f841339a6a2e6199d1cfc8a28396050cb3a71bcd440e1e12a22080772b0dacad58c56b6cc85ffff6dad7d080c6783056d81832300642b26d2,CLEAR,DAYLIGHT,DRY,FAILING TO YIELD RIGHT-OF-WAY,2.0,53.0,2.0,2.0
032ec11e3666a116dc975da97f988084b38a8a9d8b93a0dd13551a3228675f5f8f68195f9044287b8efffdf0a047df344940f6ee2ff50ba048e0fa0213c09bd8,CLEAR,DAYLIGHT,DRY,IMPROPER TURNING/NO SIGNAL,2.0,45.4,6.0,6.0
032ec2d56ba0f303366b4067b7a7e48151e359ecf4451ccfb3182700713de77dca344ff5af4e73c23f5c8b2881975eeff07b4bdc13f35a7164aea5df6a73e6de,CLEAR,DAYLIGHT,DRY,FAILING TO YIELD RIGHT-OF-WAY,2.0,33.0,2.0,2.0
032eda8d27f4903fe269bf8f2fc2a432bcb05e0126091a52c2148ec22e47c5c75d1b88befb93d71ccec90a19a897a7cde67729ea00b426d2b03c096eac6caacf,CLEAR,DAYLIGHT,DRY,DRIVING SKILLS/KNOWLEDGE/EXPERIENCE,2.0,37.5,2.0,2.0
032ef3a19789807e36b15e368922e1cb7e78c3581286cfe9fd8406b531c9acf1b9379abfc4d4168150f8a9f11654298d83f782c9fcff509b1cc4ec534ec818c9,CLEAR,DAYLIGHT,DRY,FAILING TO REDUCE SPEED TO AVOID CRASH,2.0,27.0,4.0,4.0
032f01c88b65a55b92ea6bd2f529c653f13040f14fa3a8f53832707f371d2a0ecfc8133d4c488a939fa1b1b1535a431fdedfb1ec68095c6144534706759ef5c2,UNKNOWN,DAYLIGHT,UNKNOWN,IMPROPER OVERTAKING/PASSING,2.0,37.5,1.0,1.0
032f312ac578606d6715e20d2957daf46636f702a5466baf2a84c29b1cdcf25ce8d4f1da84047a2c0553fdc4fb821425bbead96d921aacde4c8400ee5c51096e,RAIN,DAYLIGHT,DRY,IMPROPER OVERTAKING/PASSING,2.0,64.0,2.0,2.0
032f61caf0b6656ecf2087c6a3b4574c92d6d429fb46df907d15f292f2ac43e478357135af85fd67f8aff27c689c8018c66ac4ad4fe14aa823eb66566923e199,CLEAR,DAYLIGHT,DRY,IMPROPER LANE USAGE,2.0,46.0,2.0,2.0
032f7822833096bc2f8d643557634dab40902916cbaea02ca9727e08ae2cee382f042598053c8d869d424292db0fc2be3464fc150a389f552e84c36e4aa2bc33,CLEAR,DAWN,DRY,FAILING TO YIELD RIGHT-OF-WAY,2.0,31.0,3.0,3.0
032f99fc08efd8e688cec1cd71970830657bac4f70ec5695ea0873f194e153ee730c9eae07d8f7acfcf21c1a03889db275991d52bbedbc8ab8375e905148900c,CLEAR,DAYLIGHT,DRY,FOLLOWING TOO CLOSELY,2.0,43.5,3.0,3.0
032ff92516cb0e689a791897fb647a2df657d03506b0d073c1a45f813f5881f85ed1665d99b0fde220e330067b951a87b6619ea812846388637f693795815433,CLEAR,DAYLIGHT,DRY,FOLLOWING TOO CLOSELY,2.0,62.5,2.0,2.0
03307998bc68bce35712979597194d660f9d0002154296e1a68385a3c7297a9708fcf10a85cfa9dab4f80ecc87795ef462fc1c61bc6b857adbb0bbc8abe33046,CLOUDY/OVERCAST,DAYLIGHT,DRY,IMPROPER TURNING/NO SIGNAL,2.0,34.0,2.0,2.0
03307c6d8edf9e16737cdec207ddb231e82bcce610c793d5480ea84fd8e922fb5a6e199d63882a1466d96297325bbccde647790766a98cc29050f1fbe22b2abe,CLEAR,DAYLIGHT,DRY,FOLLOWING TOO CLOSELY,2.0,37.0,2.0,2.0
03309349c71ad07972e0683aa7d61c096160ae43f534090afb74a13131d59c57bf285ea06e4c2f6e4ea2c8fd355a2af0199605efcd81efda209a44790742073a,CLEAR,DAYLIGHT,DRY,DISREGARDING TRAFFIC SIGNALS,2.0,62.0,2.0,2.0
0330c20ee7d6ebbff82297d6faf7b23962a1f008166e1b67d5d0a9a2a6b9c5f2b1e1b3a9250ff5620be4aa15c8473d97c486a09022dafa762a1c81c566a2a086,CLEAR,DAYLIGHT,DRY,DRIVING SKILLS/KNOWLEDGE/EXPERIENCE,2.0,44.5,2.0,2.0
0330e16ce34220cf5dd69c624861f219b081e4d2860b848735e7d1e0ce18ab5f04adfb63d164aa3f2bba475a29dbaafc8675ccfbe874127f6c4cd815caad89a2,CLEAR,"DARKNESS, LIGHTED ROAD",DRY,DRIVING SKILLS/KNOWLEDGE/EXPERIENCE,2.0,32.0,1.0,1.0
0330e2fb11f21071c78ad0a1ef6b4c0c592b0cedf1b8286bf8aa0aaf7bee96ef232105c1a66870e1d7193b6fb6b5e555a725ee23dbdb9258739b9f49a60b486d,CLEAR,DAYLIGHT,DRY,IMPROPER OVERTAKING/PASSING,2.0,53.0,3.0,3.0
033133792d37c9c081af817ad28cb55e564d5d81a4d8fb0906666bea9f8c4d6699e6c733f771fef30cce475a6cae093826dcf9d6ec5c37467d71c4cd204467c4,CLEAR,DAYLIGHT,DRY,FAILING TO YIELD RIGHT-OF-WAY,2.0,38.0,3.0,3.0
033154f7946c782cf79d898a9881a9eca4b0a54e3f05500e88e7a4a4740bacf6f239ddc3b4b1875bd0c9584bf8c1d7f2b2f63f7e4cce40f855d98490f363a5d7,CLEAR,DAYLIGHT,DRY,"OPERATING VEHICLE IN ERRATIC, RECKLESS, CARELESS, NEGLIGENT OR AGGRESSIVE MANNER",1.0,37.5,1.0,1.0
03315b238d1120938de8f72de10ab5d65727e96508f457e56671d18c4e552c7e8e28686850804baf3ee6909bd80b265446dbae45d0f5e5e0c9126e94507fa982,CLEAR,DAYLIGHT,DRY,DRIVING SKILLS/KNOWLEDGE/EXPERIENCE,2.0,31.5,4.0,4.0
03316f86f262a0f1c2b55cf14d8f45dfd371fdd37b461befe14e8a717bafe37084cfdfad6e27fabea48d3f319dd27526579ad701f11574ff4c73dc1e905f8bb0,CLEAR,DARKNESS,DRY,DRIVING SKILLS/KNOWLEDGE/EXPERIENCE,2.0,40.0,1.0,1.0
0331797dfa5cb7177dfa9b726440b676b666dc1bf85af970e9186843c865b02e2d0b0371e14e5a1c6f6d708e9297c1c2515d03a99fc2dbb67b5074476e01fc5a,CLEAR,DAYLIGHT,DRY,IMPROPER OVERTAKING/PASSING,2.0,26.0,3.0,3.0
033196639fbc27060a184b7598a14ad82c6d676b81c98dda9a3e7ee3bbaf9bd143fc54b071c9f82de83d72fd7067e5714722cdcf7460ec931cf6308221106f0c,CLOUDY/OVERCAST,DAYLIGHT,DRY,FAILING TO REDUCE SPEED TO AVOID CRASH,1.0,66.5,2.0,2.0
033198e63f6e5ef1a564a49451576cd5535c7b84876be65661a9d258d99d03138a588e7e74e944e159b895a479ae52341be369ffa441a47d11b9f54b37f5f667,CLOUDY/OVERCAST,DAYLIGHT,DRY,FAILING TO YIELD RIGHT-OF-WAY,2.0,62.0,2.0,2.0
0331d805cd6606f640f81ea9565814e8d26cf2023cc096036e86d52e56cdca899f89f344e18f6d362b8e4e2a4d921560b34b371d8e7f767248ea08a8cba21272,CLOUDY/OVERCAST,DAYLIGHT,DRY,FOLLOWING TOO CLOSELY,3.0,30.5,3.0,3.0
0331e6bb0c1b519d5c3261d2beb694d7c578d84a070bca802d27014510300c581eddd4bb8b62f6a107b9c42bcd4eae7c0df24a4ce2214efc501937b6fd5fa393,CLEAR,DAYLIGHT,DRY,IMPROPER TURNING/NO SIGNAL,2.0,35.0,2.0,2.0
033209c0459fbd25aa43734354aba5bf9d572734cbad968e1940767ed5a58a64fd4a89f23920e3712b73d180eaa9a22853bbc9fe6c6b1a54ce5031e4275c11fd,CLEAR,DAYLIGHT,DRY,IMPROPER OVERTAKING/PASSING,2.0,29.333333333333332,3.0,3.0
03323aa679fbf7cd9aec6cb1b08956f5ab6f1628854218ca14331ac3559127589ee76693a8cc9a7b2374e87fdcb0b2992238bfcc087ac7515680b094bde34721,CLEAR,"DARKNESS, LIGHTED ROAD",DRY,IMPROPER OVERTAKING/PASSING,2.0,48.0,2.0,2.0
033257fc1b36e58e73a32e521a559937f8c15abd17851311a32bf8d6d893e301a5ec244c17e985d20e34998c7f3aac9a3fc4ccf6f81d581fabfbab52f1eb31d3,CLEAR,DAYLIGHT,DRY,IMPROPER TURNING/NO SIGNAL,2.0,36.0,2.0,2.0
033274e3b24450c7d99b8f4add11b67edc9682f1484c5e9fa9a5246cf8984fc2e4dd212f607b9e0ca3594e74ba778da90fe8ccf1e56ebf18bdbdd3e05e5f4002,FOG/SMOKE/HAZE,"DARKNESS, LIGHTED ROAD",WET,"VISION OBSCURED (SIGNS, TREE LIMBS, BUILDINGS, ETC.)",1.0,30.0,2.0,2.0
03327c2f5b0c4eea421b736fc723e2615536320aab586f19eccbc30fb8846e7bedada2df698ae10dd8f7cf8a0e5dcb55de63373534497f6d7b30d9c90915d87f,CLEAR,DAYLIGHT,DRY,FAILING TO REDUCE SPEED TO AVOID CRASH,2.0,55.333333333333336,3.0,3.0
033286105b317d5af3e71bec31624427e2ab073702b4cef80717017f35299bbb229886056231a12c91b84e165cbdb5a7c579e930708ccc686614043bdadff092,CLEAR,"DARKNESS, LIGHTED ROAD",DRY,FAILING TO YIELD RIGHT-OF-WAY,2.0,28.5,2.0,2.0
0332b27053c5b2816460f2da38099b7026882d8e253d230e02aaf5fa930f31da4e5cf62be145ebd40e63a4f214e38b5e07cdc613a5dc0342dbe0a7049c22439d,CLEAR,DAYLIGHT,DRY,IMPROPER OVERTAKING/PASSING,2.0,59.5,2.0,2.0
0332b78ebe7c59fa1ba7ecdb41eb0f610b8542c74f3bd5cf430a432505ef768f06f94f5ae40f5c051a8900bf3bd419b1d2281e78730ced8b224097233ee91617,CLEAR,DAYLIGHT,DRY,IMPROPER OVERTAKING/PASSING,1.0,49.0,1.0,1.0
0332cbbf2823ed4784e330fa2d2339a1baddd571f53dea53a6942a0a182a962a4b8ddcc5366ad6d124210c7a2e798a66f2321e8b51a558190118dcda53773c8f,CLEAR,DAYLIGHT,DRY,FAILING TO YIELD RIGHT-OF-WAY,2.0,53.5,2.0,2.0
0332e86ce834144f3e90d41337df10869b81f449c2493e3f6441b9049676c443e407bb2cbb97d70317ff5f68ca0f09bcf4793ea2657757d6cfd260420ae8641f,CLEAR,DAYLIGHT,DRY,TURNING RIGHT ON RED,3.0,32.333333333333336,3.0,3.0
03331c7fcb1394a1b19e226b9623764f74a7fa73677a298c7277df3eed08d3026cc2c054eac59d82e37e68606ea64cf4a7561fcbb1819ea94cee794a93a52e16,CLEAR,DARKNESS,SNOW OR SLUSH,"OPERATING VEHICLE IN ERRATIC, RECKLESS, CARELESS, NEGLIGENT OR AGGRESSIVE MANNER",2.0,37.5,1.0,1.0
03333a03815d1c6269571fb714dab4b96ffec14c43fb4f3377b109a0e8e85821556cd49e385db5e6d7741de7c7b98777964125bc25ab356a416b29eb6513beb4,CLEAR,DAYLIGHT,DRY,DISREGARDING TRAFFIC SIGNALS,2.0,27.0,2.0,2.0
03335eefc0c8601a0cdffa485112abb32035246e5aeb9ab81aff2cba248d18b8f42cacef4e8079b3518ab1342f585ee6b5b4da726160d729096eaaca82f9b93f,CLEAR,DAYLIGHT,DRY,IMPROPER OVERTAKING/PASSING,2.0,39.0,2.0,2.0
0333782b8cf978919762aab6248b0add40dc14d986de9b6e780390122a9010a9fd4a416049f28c33030d939d2bdb263d34ee1a1024e3c55176af82528904808c,CLEAR,DAYLIGHT,DRY,IMPROPER BACKING,2.0,64.0,2.0,2.0
0333cdd3a0ee8dd9d4264e147c98f080bcda31893d0deeeb5625cc570189ac70fd55bd76133f64881aa9a071433c2a5ff15872d04d68920a9aeedfb8812d3a67,CLEAR,DAYLIGHT,DRY,IMPROPER LANE USAGE,2.0,37.5,1.0,1.0
0333d814c13f85312c7d9793799ac314da0b216080ae6002e62b5e2e0eeddf74845ceeb4f92b604914bf9eac803bd8e3800da8f8b00addaf8c9c4b4ed86a261c,CLEAR,DAYLIGHT,DRY,IMPROPER LANE USAGE,2.0,42.5,2.0,2.0
0333f498efaa1e2ec78e228ae935c7628526028a4d2f9c0fa91c6d55727fe50f3366f514b5b3e5728fa48f13291ae0e4ee8524cc3049d9fea3500108aa6fd4e0,CLEAR,"DARKNESS, LIGHTED ROAD",DRY,IMPROPER TURNING/NO SIGNAL,2.0,18.0,2.0,2.0
033407e3e9bda693e23333a07c941839179ab39d92a4d48033f8bf4594703745a46a72a529de3c26a33edcfcdc237a09935a0a5196e21a2a161485d4eda95c30,CLEAR,DAYLIGHT,DRY,FOLLOWING TOO CLOSELY,2.0,54.5,2.0,2.0
033453037b12c73ba33b875225f29a9f3b032bd81fe0225184a88f2409b0634648af82aa43611fe1c0bfac3de9c599188acd203dd640b404f53138a7bf9f11b7,CLEAR,DAYLIGHT,DRY,IMPROPER OVERTAKING/PASSING,2.0,34.0,2.0,2.0
03345843b815a640298ab70c83283031f0bf5b1fced969832bf3185d2586abe376bdff5361f34f4a834fed4ea0929b584c33683588b99040f4fd32498e403956,CLEAR,DAYLIGHT,DRY,IMPROPER OVERTAKING/PASSING,2.0,55.5,2.0,2.0
03346d98796da870cbf93df01d33c2641d0de3a679d0eeafd6dd0def1f1c9e795d46e4621ad11b750f5c04d1fd13cd6f654c7edeeeab36c07881fff8f96711ea,SNOW,DAYLIGHT,SNOW OR SLUSH,IMPROPER OVERTAKING/PASSING,2.0,37.5,2.0,2.0
0334768c8c47284e5349608a4471935605af21facf8a989e844d80b4d6281c19d42f499387ff558a4a068d6e30546c743572fce1a22fea9dcf6a89b04f13acdf,CLEAR,DAYLIGHT,DRY,FAILING TO YIELD RIGHT-OF-WAY,1.0,36.0,2.0,2.0
0334802486aca413e40b1f82ec631e1ec8f644815d6db1befa0c32c9e37c7e0e0b584c097aca0ead1fb5dc891ca05a3521b6fce326fec189b1a3d9d40e3b4fa7,CLEAR,DAYLIGHT,DRY,FAILING TO YIELD RIGHT-OF-WAY,2.0,57.0,2.0,2.0
03349c51f63463b84653d2743ccb02af02c13d89e2f62dac5b238f593122358e80de9296ac562e2caaa6dc8f90b3fa9fad722708d9d750760844dd4707b41ef7,CLOUDY/OVERCAST,DAYLIGHT,WET,FAILING TO YIELD RIGHT-OF-WAY,2.0,30.0,2.0,2.0
0334c7f701ea40ba9812091a9ff387caf8cc5bbc7296ce7b141afd5ff64a2e0c4ee0b4693247db3b9eb45874e9310cbe40739b1bf111c9d5e44161bb434806fd,CLEAR,DAYLIGHT,DRY,FAILING TO YIELD RIGHT-OF-WAY,1.0,44.0,3.0,3.0
033502160fda76550d875fd11a9192f3d7a84ec894fa58359fd4037903b9bebd00aa16ab1bfd24b6198a1ebb09691333e2c2fc08bc8a99aa712cdb2c30dbb595,CLEAR,DAYLIGHT,DRY,IMPROPER BACKING,2.0,36.0,2.0,2.0
03350fe4919bb97c51ba2121d51a4fdec0346934e75d39db0631f7e6e3407b3667d6cadba91d9b1ca6b3e55be893d0c6bd7775d42ba9dd6cca8049c2542cf687,CLEAR,"DARKNESS, LIGHTED ROAD",WET,FAILING TO REDUCE SPEED TO AVOID CRASH,2.0,32.0,3.0,3.0
03351ca57ea3b788517979fd0bb4c1a8eee874f27c97d607ad1a6192be752605485611799c18d01d225d8346d90a65c6537592d8efab7a3e7f2deb516492a783,CLEAR,DAYLIGHT,DRY,FAILING TO YIELD RIGHT-OF-WAY,1.0,21.5,4.0,4.0
03354fed2dd8449bb51e775208407f553bafcf7126cd5668287416c2958c3d7f606fa9eeef61173ba79a9afcee11fac95d4a7328fb5f982ef680194420ff34b4,CLEAR,DAYLIGHT,DRY,UNDER THE INFLUENCE OF ALCOHOL/DRUGS (USE WHEN ARREST IS EFFECTED),7.0,64.0,1.0,1.0
033590ccc92629128319025b9447922ba05b1912942810f1e19eb095092540499fe18448b6e13ec900a28c62555c6d52fc3f900b3f9081792ff589edd5c009c5,RAIN,DAYLIGHT,WET,IMPROPER BACKING,2.0,61.0,2.0,2.0
0335a1502afcec889170b03e80530f13e304169370398a603bdf595b87a3fe5b466c0d449b65d8a8925570bf74caf8ebabcd9ce91465d7e650eb0ccb9c2ef839,CLEAR,"DARKNESS, LIGHTED ROAD",DRY,FAILING TO REDUCE SPEED TO AVOID CRASH,2.0,51.5,2.0,2.0
0335a6b5ceb7eab0ce0096dd7cbfa6f616d084559667aae35aa4ac7f3d547fe433f418dbf0fc33ebbb6022329e1bc2c99817a4be5593ec2ccaa1eea72a0c937d,CLEAR,DAYLIGHT,DRY,DISTRACTION - FROM OUTSIDE VEHICLE,2.0,20.75,4.0,4.0
0335a740c06e4a4ea564ef21a85dfe9b8e962534811067dad77be619d88506d49e1d39b6b65a33481ae826e124045655efb16f2270366c1fa5904ca5422ebe4b,CLEAR,DAYLIGHT,DRY,FAILING TO YIELD RIGHT-OF-WAY,2.0,47.0,3.0,3.0
0335a8193b97cb84f1816e4a3e934eab7c6dcbe40781158213e5111808130c157fb8d280f9781fb3dafed9c9bd51369f0f17a697d8c614cf5a9faa4cab5e2ca3,CLEAR,"DARKNESS, LIGHTED ROAD",DRY,DISREGARDING TRAFFIC SIGNALS,2.0,43.5,2.0,2.0
0335a937cc7386313ee474da505e44dd45542f47a161064e748e9cd764003495baeb6b7b57c291bc9e60d4d1f58a8734a9af2ebdd870284f5cc4e3cc12c24709,SNOW,"DARKNESS, LIGHTED ROAD",WET,FAILING TO YIELD RIGHT-OF-WAY,1.0,23.0,2.0,2.0
0335b046e03fe7e589c9ecd91c6277747e5d80d233de5fcf31b6f4383dc3e586d74a2ab477a5e5661390f111b35b4e33b19a4872aefcd7e69a65393488598908,CLOUDY/OVERCAST,DAYLIGHT,DRY,"VISION OBSCURED (SIGNS, TREE LIMBS, BUILDINGS, ETC.)",2.0,23.5,2.0,2.0
0335d191d0134f2d632fd7be31b85e7e8b5fa264be68e2ec2cde532f0580bc66d9beda046e6da2b062a1f2aa4a70457b9c3eaa528ebbdacfa20f7fc3446a702e,CLEAR,DAYLIGHT,DRY,IMPROPER OVERTAKING/PASSING,2.0,43.5,3.0,3.0
0335d283e20d2ab4e483150e32df39754e03ed7adb45cff969de747871c43ccb2f167a64c307453ed4dee7517ad3177d2e39cb1f3ea8f21f940a6be57c09b306,CLEAR,DAYLIGHT,DRY,IMPROPER LANE USAGE,1.0,57.5,2.0,2.0
0335e90fd6f5f3d1d54bf4113afa1fe5c283b140bfaf6b0321374b597e0370d5fc82a572f409a37927cc0ffc9b448c7ccdce055aefb9d3fc76923cecd463b98b,CLEAR,DAYLIGHT,DRY,IMPROPER LANE USAGE,2.0,35.0,2.0,2.0
03360001a982e9eef40f20f29bee9ee163c74705e9d27ded6805b18c467cc7e4e8392502138c8f7683030f788e1c2b52c5ef93e0c74cbb980b4770fbdfdabded,CLEAR,DAYLIGHT,DRY,FAILING TO YIELD RIGHT-OF-WAY,2.0,35.0,2.0,2.0
0336104f0fa0f6664b29f51c4b9c3cda556aae0f8ec11314db361d94bb6b9b46471289bd244428ab6e0edefb4596b80815319f7ebe81320120bd8f3061501f94,CLEAR,"DARKNESS, LIGHTED ROAD",DRY,FOLLOWING TOO CLOSELY,2.0,38.5,3.0,3.0
033642edabe88e190e48001070c229a9e78c938d5bc5edd5ad6c017d8631a4a39439e2db3e390ccde5a3aeebf942d668036c483adb1446e631e6f9846a332e3c,CLEAR,DAYLIGHT,DRY,FAILING TO YIELD RIGHT-OF-WAY,1.0,26.0,2.0,2.0
033663434d17f93c6e624add713a3bbf2d03769bbac272d3754b6483acc165c6162c7417293acd411d1bcf99dd5ed3f78cf9075cd001db4f8cede0b07a21985a,CLEAR,DAYLIGHT,DRY,IMPROPER BACKING,2.0,50.0,1.0,1.0
033663c0cdab0191e226526412cbcdb39aa0740fec559ab432c07bbe1a2d29ae46d796c200bd1c6fb38d7cccb52394fe9a2fc3340e3c87e48fae05f41b48014a,CLEAR,DAYLIGHT,DRY,FAILING TO YIELD RIGHT-OF-WAY,1.0,37.5,2.0,2.0
033698e408efa7fe260efb89aa3a6f7f9b2b97ccb88b75f20824c155b80479c78fbe172c8e5c4bb8588d712bf2a5f9e094ffd18df7eb50421758421311ab9f81,CLEAR,"DARKNESS, LIGHTED ROAD",DRY,IMPROPER TURNING/NO SIGNAL,2.0,16.0,6.0,6.0
0336bd60b19d537912262092d14839073f419b4d76f154fac248a89e792b0ac0ffc176849c7b6764dd8d994f951b198ff6f8938d2b19192b0363f7c5ea90abc6,CLEAR,"DARKNESS, LIGHTED ROAD",DRY,DISREGARDING TRAFFIC SIGNALS,2.0,56.5,2.0,2.0
0336db7df7c5d88c2a37f9a2cd55044f395034b0d3910bf1b9473d8a6037acca4a8760aa4268a3a92a2372522b45524c09eabb890a3ffc76cd2112fd1fe35586,CLEAR,DARKNESS,DRY,DRIVING ON WRONG SIDE/WRONG WAY,2.0,27.4,5.0,5.0
0336fa3208a1a48edfb193905ffa33fdcabde19150acd197eaf932aa48c60bd02e7c84b51f0b30ae374866b6c2dc5c83da6ab56b3b665d8ef864ca79a01e4e62,CLEAR,DAYLIGHT,DRY,FAILING TO REDUCE SPEED TO AVOID CRASH,2.0,39.0,2.0,2.0
03370e30dd9f40c6429e6b1dba439f792b8361cbde683af3a035d860fceaba69be7e4423bce86bfe59423325961a70c8f76c4bcf582a70338a27000772128655,CLEAR,DAYLIGHT,DRY,UNDER THE INFLUENCE OF ALCOHOL/DRUGS (USE WHEN ARREST IS EFFECTED),2.0,57.0,2.0,2.0
0337161af5113ad629dd3153206e70b61221bbe206674c81e59bc89bc7de4bc2e84269bf01ac05580d4faac396a8aa219553c2ad76b5bf76854ff16c96d7d793,SNOW,DAYLIGHT,SNOW OR SLUSH,WEATHER,2.0,26.0,1.0,1.0
0337226a56eebf0eab4f289de443aebecb87fc9ae7c1ac9ab31d0e58db66598098b3514ba8097dbe200112cf7ba536891b3361cef1a361880548e94cae593ec5,CLEAR,DAYLIGHT,DRY,FAILING TO YIELD RIGHT-OF-WAY,2.0,35.0,2.0,2.0
033727d9b854789b282675334dba1c90f3c002766a1a6507e3bedc8923f697ec515e5926a71423e1b2c986a05027f71cb5893170bf8928b255c8328aa9f95a55,CLOUDY/OVERCAST,DAYLIGHT,WET,IMPROPER LANE USAGE,2.0,42.5,2.0,2.0
033748a42a811d874f797aa92c366f2ebed11fecfa5082864286230ac60a29979cb4f5b4d2dc04d295d6553a9f6a17195c98757a00168cbde26f43546fb419b7,CLEAR,DAYLIGHT,DRY,FOLLOWING TOO CLOSELY,2.0,45.0,4.0,4.0
03374ce34d6bb6633e381e6e0d9611d5c747999908e1fe8db30b57b8927bb8c8685a0b546514b70564f59e182aa0112dea2ee22c9253e602dc9a212bae1746a0,CLOUDY/OVERCAST,DAYLIGHT,WET,FAILING TO YIELD RIGHT-OF-WAY,2.0,29.0,2.0,2.0
03375adfc2e6e24e362a8a0670222fe8e62f9c452a93b0960903e2c0e6b1a0a88eca929514c766f650947544c20a8d696abafbcf19bcdd85385f7664a7bcbf2a,CLOUDY/OVERCAST,DAYLIGHT,DRY,IMPROPER LANE USAGE,2.0,69.0,2.0,2.0
033769b6222e6d30145d87c23dc83a34c8d4f285bd18fe284f9dfd656a28683c5955d09551d5e055fc4d130ba518b46df4380df58372e7e44e4992f8bb245446,CLEAR,DAYLIGHT,DRY,FOLLOWING TOO CLOSELY,2.0,40.0,2.0,2.0