crash_record_id,weather_condition,lighting_condition,roadway_surface_cond,prim_contributory_cause,total_vehicles,avg_driver_age,total_people,total_injured
033773326c573f40ff0b48c0f3802fdf887cd69ae4cd9617fa514cd3992f5eac7dd24203f3a74d0ba1d1fae347020f3e392fb23ffd5a8e74868183adcbd2c17b,RAIN,DAYLIGHT,WET,FAILING TO YIELD RIGHT-OF-WAY,2.0,31.5,4.0,4.0
0337c7785a11425a53585fe2297f65c903f9a7555fef89abdef9b817667f34be96ae3d2ba48ac62e49c31931536df7c56f4598af9b96a647569100659e3ac63b,CLEAR,"DARKNESS, LIGHTED ROAD",DRY,DRIVING SKILLS/KNOWLEDGE/EXPERIENCE,2.0,37.5,1.0,1.0
0337e229bd5dfb606577fd40a358fc0013b4f61b68639080d6ec3edcdda45b837a801379ccec19ae80b73e75a267b8d601cbc10c25296f7c72b1c6754a898e3d,UNKNOWN,DAYLIGHT,UNKNOWN,FAILING TO YIELD RIGHT-OF-WAY,2.0,68.0,2.0,2.0
0337ffff355ce8eac9d083c163490b198c2f676dd5f303abd46ec23f6fed1438a52c1b6c99e702747725aa20d7184ef148a5003b6d43f7ecdca0a83fbd6be800,CLEAR,"DARKNESS, LIGHTED ROAD",DRY,FAILING TO YIELD RIGHT-OF-WAY,2.0,58.0,3.0,3.0
03381bd402fd5b655660afb4ae520484b6149bc934db2d87d5cb3f2748ef731eea8d52f225dbc4b0d54186b4bfbe2cb71cb582f8b73b314c509ca99dfe2e5926,CLEAR,"DARKNESS, LIGHTED ROAD",DRY,DRIVING SKILLS/KNOWLEDGE/EXPERIENCE,3.0,29.0,1.0,1.0
03381d2023b43767ca6c08520a0dda2510bc29aed50491152b7413dafeb69fe73332093e1f57e71dbfb8142a2182216c989f0f015d12dae556ffd2919562be39,CLEAR,"DARKNESS, LIGHTED ROAD",WET,FOLLOWING TOO CLOSELY,2.0,45.0,2.0,2.0
03388fe128e8b02cf727075a5b89f0d383fe516798cbbe13624750eb3e05a9ca206f6e38f2b81efa9bdf6118944533a3c712b96faee6737dab6d0ff58ddded48,RAIN,DAYLIGHT,WET,IMPROPER LANE USAGE,2.0,59.0,2.0,2.0
033921ad595194c77ad9e85eba75babacf9943d4c665093a5e159ce78a42647a4a841f04fc9e0b685a130af7d423a544b738e394c6688d7e59a48041d9dacb00,CLEAR,DAYLIGHT,DRY,FAILING TO YIELD RIGHT-OF-WAY,2.0,61.0,2.0,2.0
03394f82f31296c5b4fbecd70a3ffa1d4600746ff7b5f27fcab350bd067d10d4b0a3c539352c70512bab347ef73cfbd010d81f7b2824022e8694da16df1319aa,CLEAR,DAYLIGHT,DRY,FOLLOWING TOO CLOSELY,2.0,40.0,2.0,2.0
033964bde1852f9eff7027b89a136a788403e6dd75e76927add548ceb8b0f13a73d49f46b50e15adac04503e1e101636fabcdc77bcfbc8f4acde8a3b4b2836eb,CLEAR,"DARKNESS, LIGHTED ROAD",DRY,EQUIPMENT - VEHICLE CONDITION,2.0,34.0,1.0,1.0
03396977af414cdaab3ae8c0786188e8674e8c6f54c22f02240814dc4424b2140f1506a8afdf88de9ad66cfb507014d25035ee39081488287745ffe4b3fc72a7,CLEAR,DAYLIGHT,DRY,FOLLOWING TOO CLOSELY,2.0,48.0,2.0,2.0
03397be12ee4a711ca4d6459b6842e12df7ca387f0bc7802910002dc0012603bf22c1722ae55126b4da879d07b194451686c948ca8da371c01c9401708c66894,CLEAR,DAYLIGHT,DRY,FAILING TO YIELD RIGHT-OF-WAY,2.0,29.0,2.0,2.0
03399fd60ce8ad5f4c1862a32faa9544e39445287613e015a6088caa26c56aa2c1c185611b368ac88d7d7c3cf4333bfc55797344e4ac545ce5476e8c922120ec,CLEAR,DAYLIGHT,DRY,FAILING TO YIELD RIGHT-OF-WAY,2.0,16.0,2.0,2.0
0339b11fd13e04f5a78cb67f1d58c18f21871b9d5800a1e5455621e40ad1aa089f4d245eefc3ec1e099006d4ca018597365e7f81db070d7fc4e355a2649c2705,CLEAR,DAYLIGHT,DRY,IMPROPER TURNING/NO SIGNAL,2.0,32.0,2.0,2.0
0339e7f92df6bb006170878b784ef32203e28b62b7b5777f163ebb3a6c433139213e1c4c77e4a887be61a834914848840c4ef8d172ae2669f2c72cf3834766f9,CLEAR,DAYLIGHT,DRY,FAILING TO YIELD RIGHT-OF-WAY,2.0,32.0,2.0,2.0
0339effa85226e7f30e7daa7090b4a0d4603991a6ecdc873861381b91b4f3038b3353d9ad3b479d4f085da7e75a0919627db66462aaf1b644145e4f55676e679,CLEAR,"DARKNESS, LIGHTED ROAD",DRY,DRIVING ON WRONG SIDE/WRONG WAY,2.0,40.5,2.0,2.0
033a52e327c107d46fd68c0f8ae5363ed60773a48083f1999481614cd4ef5f7c36def8bead3ff37de0d7ed0cf5fa16c8200a1cbef49c169f88de0f222e8fab28,CLEAR,DAYLIGHT,DRY,FOLLOWING TOO CLOSELY,2.0,37.5,3.0,3.0
033a532b261cbc422f8695b0c032130593f9bd4d42c1b1070bbbbe60b3d7ac9c7c47a75d46e60dfa991802ae01f6fd27613a42a501fbcac185172c56fb342681,CLOUDY/OVERCAST,DAYLIGHT,SNOW OR SLUSH,IMPROPER OVERTAKING/PASSING,2.0,29.0,2.0,2.0
033a7eb4eee6df3ca311c090079f3a122963a77c94af50e1c07f32b3615bd39c38a167e00d023cfa23a24ecbd066862aa852f477959087957558c4d3dff13973,CLEAR,DAYLIGHT,DRY,FOLLOWING TOO CLOSELY,2.0,62.0,3.0,3.0
033abd96f0aa53f6e74f39c73f12ea21a3d542b2a9ecc2701b87fbf2d6a4e20d825cde4336d352dcd1e251b0cf7d780adf1d0cf39b0a86b8a65b8b05445465b4,CLEAR,"DARKNESS, LIGHTED ROAD",DRY,FAILING TO REDUCE SPEED TO AVOID CRASH,2.0,37.5,1.0,1.0
033abe1ca0816c0fbdfdc8d090cd9b13ebc3b0465ce7aaad25cdd4dc5b3586b4f700ce9e3fa2b8700bd2165c446cae9fab5f3d1dbd317529915b82a4f0db76a0,CLEAR,DAYLIGHT,DRY,IMPROPER OVERTAKING/PASSING,2.0,53.0,2.0,2.0
033af31d08d53b56610cd505c486810b26101f0b5a81d7cbbddf580b742352f88bdc8ed56fa45d93ac8ca96e544edc06dc458c35950301bdda95a3ff010b00df,UNKNOWN,UNKNOWN,UNKNOWN,FAILING TO YIELD RIGHT-OF-WAY,2.0,28.0,3.0,3.0
033b42a17092aee2c199f53d6aafbaa129cd62b7f8b91b7d10bc9511a80f0c29df4f2e33f35bc2ceee6aef02f6625208d481a3c423a4a902de5177a89b3a333b,CLEAR,DAYLIGHT,DRY,FAILING TO YIELD RIGHT-OF-WAY,2.0,44.25,4.0,4.0
033b4844f7bd7d82c598e2983c4275731f0096fa383ad8db87277faa752bff2b4f15d68e8c90ae26c55173555af899587546b1c3858a675bcb6c94190cb49bc6,CLEAR,DAYLIGHT,UNKNOWN,IMPROPER BACKING,2.0,37.5,1.0,1.0
033b504bae1cef97b744e3a116c279535b41a2575600ec6070723220faa93166ed6b2430e08e1fd4b85b009ea018b147b966888414d84c64d01edfb34e8ae969,CLEAR,DAYLIGHT,UNKNOWN,IMPROPER OVERTAKING/PASSING,2.0,54.0,2.0,2.0
033b70c3143602d2a7a9a413c6dc68d825b393bbbfba9f792cac79fed49343dad71f6b7a0826045904669c9511e7fc8ca947a8b9a0916434fbd134cb98d1fe50,CLEAR,DUSK,DRY,FAILING TO YIELD RIGHT-OF-WAY,2.0,33.0,3.0,3.0
033b84f19d1083c942185d22169232771bc57c5ffbb4149bf67515bcd945fbd8c7677227bf0885802f6a3a36316f2d3ee90ca53de12b96f435aabfb3965707bd,CLEAR,"DARKNESS, LIGHTED ROAD",DRY,FOLLOWING TOO CLOSELY,2.0,33.0,2.0,2.0
033b905a783d6f49856dae1da5d74542f1971f233e6d2cdc2fcaac20159a793dc978328d118d51f1d0c7fc1590a85ec0585a6a12f2770b2e2b08259d0a6db290,RAIN,DAYLIGHT,WET,FOLLOWING TOO CLOSELY,3.0,29.8,5.0,5.0
033bab35a9b012a322e6229011f6fccc2d930f73ec7cb10fc1374aff0f95a807c2fe4eea60e30635d4233fdbb688bd585b9a81f264d9b5f707f226e1b0791974,CLEAR,DAYLIGHT,WET,FOLLOWING TOO CLOSELY,2.0,47.0,2.0,2.0
033bc62f5a252c19e16a404153b4dc421175d24b2e07157d240f3c1f609574c8602990846d6bb223f036c024f7f222ef0693148421ca808596a66a9014f0aa53,CLEAR,"DARKNESS, LIGHTED ROAD",DRY,FAILING TO YIELD RIGHT-OF-WAY,6.0,20.0,3.0,3.0
033bddbb907f030ee5602c98862b39644fd9d6dc07b119537ba14888e5bbebd0df8d5e2c00371c3b16a94b618359a7203141be2f77c431707b6d40365156fcfe,CLEAR,DAYLIGHT,DRY,IMPROPER BACKING,2.0,35.0,1.0,1.0
033bf1345f7396e9976474d31c0bcdb63b9a58db32a8da3224802f2420784561d444a0c13849559f7b4bc8728a0babee9a14a82c2e788484866b529128095aba,CLEAR,"DARKNESS, LIGHTED ROAD",UNKNOWN,IMPROPER LANE USAGE,2.0,37.5,1.0,1.0
033c088141ea6793b4fbae85a417ae80ae3ba707b40fce2d0f663764698bcfd7288d7dc5bc803b270f0b470609b2eb4c749880cd66463fe933d30830ca5211a0,CLEAR,DAYLIGHT,DRY,FOLLOWING TOO CLOSELY,2.0,37.5,1.0,1.0
033c28618e8139cf683f9bc7667e8b14d9e50b89b284e37966ecc79ba681c57668fec2099affb52421bdef65087e5cd1d1f37d2af37c632620dfade7269e86fb,CLEAR,DAYLIGHT,DRY,DRIVING SKILLS/KNOWLEDGE/EXPERIENCE,2.0,37.5,2.0,2.0
033c36bd06ff3633b8c8650582de5539d1c378ee7906020fe3fac9ce45b6d735c6606417fb651ae7c37c684966326ea24b0fcfee1d5569d5ae7e36f68cdfaf0e,CLEAR,DAYLIGHT,DRY,FAILING TO YIELD RIGHT-OF-WAY,2.0,44.0,5.0,5.0
033c74be24f0d847b7d4680a0f689aac4723d3465cd889e8728a126efef9eed75e0cc4fb60c1da391f31edf450533f557f92392f26d5ae1428757fdabd98ecf6,CLEAR,DAYLIGHT,DRY,FAILING TO REDUCE SPEED TO AVOID CRASH,3.0,42.0,3.0,3.0
033caec90ff28146f2b2aeee7d9c601ac665384a92e9f0d7475ae7004aeecffcba58c160c34364f3258ab6163f8b55cb523827ca01c289cb40de0dfafba956c3,CLEAR,DAYLIGHT,DRY,IMPROPER TURNING/NO SIGNAL,2.0,34.5,2.0,2.0
033cf0d0146688790e88fb56ad9cca3dc4bb51b70148bc27d43f3fce7a2c8b06d83ed8defb174d4c1db780dc1cf8fc7dbe1edc357b44ce9bad46db3eba377b30,UNKNOWN,DAYLIGHT,UNKNOWN,FAILING TO YIELD RIGHT-OF-WAY,2.0,49.0,2.0,2.0
033cf842063c4f905d540de931b881b93209d6cfc8089607d82da39aad1c05a46b1ed4d6a53ccd3610cf7a2d1221d3e3225d03c7927c70490de0da882ecfe75d,CLEAR,DAYLIGHT,DRY,IMPROPER OVERTAKING/PASSING,2.0,24.0,2.0,2.0
033d1553f73d94633bb723137e6d67ab758d0562e6ce59f1a2f6db2744d77cc3761823bf28abbd19e171728198bcc4a79eda711b3562f5b9e3d365fd8c8cbd01,CLEAR,DAYLIGHT,DRY,FOLLOWING TOO CLOSELY,2.0,57.0,3.0,3.0
033d549cc5eea63f8a24bbf9e7115175db07429a508ef6d894685d2d1e379b816a795510d737fd8049b206f9681c6a2e04deabdc10aba5d2e2186cdef4603770,CLEAR,DAYLIGHT,ICE,FOLLOWING TOO CLOSELY,2.0,18.0,2.0,2.0
033d6ccb529acd5761d434d81f7bb18e8e9df85e61751b83db65eb6cd92b3cafeb9ccb7859fc0d87e033d54e39bbbac15a04514404760a1a66b75c161fdcc5a5,CLEAR,DAYLIGHT,DRY,IMPROPER TURNING/NO SIGNAL,2.0,19.5,3.0,3.0
033dafb35a77fbde05489c2c02da0b364295555ac662acdc8a3e05d2161cfcdd5ea83a623c56cd4f4eda73634e9fb2abb7551426d63d144079e6a8e9e599e1da,CLEAR,DAYLIGHT,DRY,IMPROPER OVERTAKING/PASSING,2.0,37.5,1.0,1.0
033dc6248997d03010214b3c5a38b7f5ed4ed9f0be5a02a6408698b95000d12e86d60580096f60586c5c5ab39904a27a761d2b7e4ce5a08085cddbc981055b28,OTHER,"DARKNESS, LIGHTED ROAD",WET,IMPROPER OVERTAKING/PASSING,2.0,22.0,3.0,3.0
033ddfaad6c42e713711cd127054e86a659dc6a2896b78d88288f9e02bdea26ad26068a37ec03c682c04033245ba6d256fdf24431d8c7addacc74d543b88ba09,CLEAR,DAWN,DRY,DISREGARDING TRAFFIC SIGNALS,1.0,47.5,2.0,2.0
033e20a5c63b415c8be5708802028a4c7dffafb0b59cd6e2cc27fbdc51cb36543f38ece4f572d288dee25878d5463129e3f4bb744c32866e77759067c3b950e8,CLOUDY/OVERCAST,DAYLIGHT,DRY,DISTRACTION - FROM INSIDE VEHICLE,2.0,79.0,3.0,3.0
033e2faa843841e8c3f7fe46f588776a51fe077d19f505ece9382429733cef59e2ecfc171874aa809f1b69d3072283d17d57b5bbfb20a40533d5636d803fb202,CLEAR,DAYLIGHT,DRY,FOLLOWING TOO CLOSELY,2.0,23.0,2.0,2.0
033e45f5271e9f28cb9ea2387d1749370d24e6d66ffd4629cc97eaf4bff3a3cffdd27941448b502901c07451ebf35224e8fe0e276a431b9fdd606d80e46ef6b0,CLEAR,DAYLIGHT,DRY,FAILING TO YIELD RIGHT-OF-WAY,2.0,54.333333333333336,3.0,3.0
033e5160042e6552d9b2593a24146182bccade893406d7a16968fe2bb2e3950308d7f42c61bd6c21599b56fc73c5845741802fe7a670cf03275f577abf2210a6,CLEAR,DAYLIGHT,DRY,IMPROPER BACKING,2.0,30.5,2.0,2.0
033eb0120f86496fc920495d92117c9ec5f7e2d53bb34027745c8329e52f467cf8e865c82cb0368933873e3e3ba1dc2d207f364105adc4bff12ee67fe11d35a5,CLEAR,DAYLIGHT,DRY,FAILING TO YIELD RIGHT-OF-WAY,2.0,34.5,2.0,2.0
033eee0a8689ff217c14eda625bdda08b274c3664d459a5f657c62d66833099a5679f6d124c6648eb9eea796a28b5ab1c1eb33b08f85d59511abf7f7e421783b,OTHER,"DARKNESS, LIGHTED ROAD",ICE,WEATHER,2.0,46.0,1.0,1.0
033efd64b50772fb33044976a5ae088aa879a732c51dbf6c5ae411f7237ac440c60e9ad9021ffbbf3141bb281193ecb2c014d0b49fe5a8025a326e324a07aa30,SNOW,"DARKNESS, LIGHTED ROAD",SNOW OR SLUSH,WEATHER,2.0,37.5,1.0,1.0
033f2b778d066394ccc040684a1aff5173fd03138471b5da91ef40e22b110b950f5a0bb055500d68b0b196422b74b31b502c2b08f9e7b63385482a99b0a4bf95,CLEAR,DAYLIGHT,DRY,IMPROPER LANE USAGE,2.0,23.75,4.0,4.0
033f2f01a9b97e0ffdec094a7e3821d9a61caa530fd14fea9fff6fa6a23579791cf883b87c9ecabf2c56cc61a6a2f29975de3cadeff78b1f3a1c4209846c3982,CLEAR,DAYLIGHT,DRY,IMPROPER OVERTAKING/PASSING,3.0,43.75,4.0,4.0
033f43acc06613eff588d8836e38de27ed712b7b650e90534e6507ad7e367170bcaeb33c9c9c834fa93ebcad9f5139ab52da9a47145dabccd6ae508a1b37b2f8,CLEAR,DAYLIGHT,DRY,IMPROPER OVERTAKING/PASSING,2.0,59.0,2.0,2.0
033f4c2c629444580f7a40ab2768aaaa94e2c0b8627dd848e5bc374ffb692e41d75532b3826a26896739f055debdbf33d7eff4c80bd33e6f6443e1a004834a0b,RAIN,DAYLIGHT,WET,FAILING TO REDUCE SPEED TO AVOID CRASH,2.0,29.5,2.0,2.0
033f83800426e46cfdb3b4887dd3bdcd6b896a694f83afafc0335cfe6b4a7113103439f62ec87eccd7b9c8b24d5c1d6f6d631864f2ce9e0c865b7aeac2671b03,CLOUDY/OVERCAST,DAYLIGHT,DRY,FOLLOWING TOO CLOSELY,2.0,38.0,2.0,2.0
033f83830de0b65e010efa5e14a78fcc7c33dadde6f898650bb03f45ddf9f88851a9e425f4a809c93d89ff6f7326727a6385a823af28484b1c02371e14394632,CLEAR,DAYLIGHT,DRY,FOLLOWING TOO CLOSELY,2.0,50.0,2.0,2.0
033fa9ef516a47ddc656cbdd2a5843b6698f56be49a93e936e88064468df7500ab27bab0b382928a869a5bc710899fa4fcfcd1cc5dde70ad8d6481c15bafefcb,CLEAR,"DARKNESS, LIGHTED ROAD",DRY,FAILING TO REDUCE SPEED TO AVOID CRASH,4.0,35.714285714285715,7.0,7.0
033fc89155fb9f9576350d58d210889321529cf2ceaa2104baa3150cc33bc9d8e2a991c23df8fe1e14eb28e0d698301fc147e46b21605110cce95eaf3eae6740,CLEAR,"DARKNESS, LIGHTED ROAD",DRY,PHYSICAL CONDITION OF DRIVER,2.0,34.0,2.0,2.0
033fd9b1bd17ef28d30a8184694d12e6ada7b65215c7f81ea062e85f1110fc1f8741baec6d107a1eb1118b5561532380c0e904585ec7d47c7becd6bc1074739d,RAIN,DAYLIGHT,WET,FOLLOWING TOO CLOSELY,2.0,45.5,2.0,2.0
03400efcb9fc2a5b616169d2816786668a512a8a52b4547cb3ec54de79e9d713b6faa00ba922e7e96c6d55b07cfa96fa0827054f3dd1b4df8086a4c0d2e05969,CLEAR,DAYLIGHT,DRY,IMPROPER OVERTAKING/PASSING,2.0,31.0,3.0,3.0
034024fd25d2dd7e7830822b651bd07d2533fa1030a1ff4b7e01eafc1421f4b9da2d03a687b7c6bdaef2c0bd176b3ec27641929a3e1c2b3c2c2b08d661a6d0af,CLEAR,DAYLIGHT,DRY,DISREGARDING STOP SIGN,2.0,37.5,1.0,1.0
03402e4c5fdd8eeb4c69f4e5008600b0887f7a9dd912f0a6582e72b07dde3e7f99fca040a3fb8a99ea584f42ffeda7996065cfe29ace0438ae95309128f1090f,CLEAR,DAYLIGHT,DRY,FAILING TO YIELD RIGHT-OF-WAY,2.0,18.0,3.0,3.0
034030c49adcf84941f9a44bdfd3c932562477d1f088af779e5009212704fb0487d256a0bdeb07a682c20ba0dc9405bee9b23914c5af8469f5a0a2c91847048f,CLEAR,"DARKNESS, LIGHTED ROAD",DRY,DISTRACTION - FROM INSIDE VEHICLE,2.0,27.0,1.0,1.0
03405d0f62b6fba9f941d39dacc44d7afa184ee44db9af86f04db15b3b8705850c376ecdce6dc0b1a7f5aa773b157683b6fda77841f9f104b82b513e7b9e572d,UNKNOWN,UNKNOWN,UNKNOWN,FAILING TO YIELD RIGHT-OF-WAY,2.0,31.0,2.0,2.0
0340774656fc0accc5d51caeef4ce322250eacc9256cfcf86f46d3780df459895a0e4208fa158b7d88d054512adeb62dee430624665e19633cc2a428bfb2ba69,CLEAR,DARKNESS,DRY,FAILING TO REDUCE SPEED TO AVOID CRASH,2.0,37.5,1.0,1.0
034083f2328b4b7bed5b46063bfe535f2a46316383683fb42db8e4a58a729e56ccc665ba34632c09d0d0e9872d02b961e3bdeda092543dda79a9379179e49b1a,CLEAR,"DARKNESS, LIGHTED ROAD",DRY,HAD BEEN DRINKING (USE WHEN ARREST IS NOT MADE),5.0,35.0,1.0,1.0
034090627a6cf125f2335c24f6899bf1f2a03ecb9da31102217e2bc397cf437a37ce5692b1159eec6771ad40dc39e0fb11bab64876593056c2ef6a755ad8427a,CLEAR,DAYLIGHT,DRY,FOLLOWING TOO CLOSELY,2.0,46.0,2.0,2.0
03409f810a8fcf97cec901876fa97ac296aedb0b82314dd564ed3aa036d23d85b87f9e369e62a571606563b4a39b04e6794f5841e74314cf63443c1eee8184f4,RAIN,DAYLIGHT,WET,FAILING TO YIELD RIGHT-OF-WAY,2.0,45.5,2.0,2.0
0340ad65bf8c72f3135c45ba5d4dcc2721ffe838f86498ba1d1b1e2d6e9cd95774bf8d6d37a92f49e6a26db042f0bf6543026b484e3836aeefd00d68ddfb419d,CLEAR,DAYLIGHT,DRY,FOLLOWING TOO CLOSELY,2.0,25.25,4.0,4.0
0340b970ca9bb482b571b527e1f9ca90cbf866397ac20a7f4a495a2354317800d2f7bc0711f8be0affaa620221f4901e09c67cf8b530a52b85abd3c8a13f7399,RAIN,DAYLIGHT,WET,FAILING TO YIELD RIGHT-OF-WAY,2.0,50.0,3.0,3.0
0340f0c4fe0ab5d14a2e7a52b53ecb2e84442ade166a18b6c0e2f20ca8621a4bf4648d1fe72e5223fcd602005cec9679a4a5de524cc254e0b733b7b41f12145f,CLOUDY/OVERCAST,DUSK,DRY,IMPROPER TURNING/NO SIGNAL,4.0,25.25,4.0,4.0
0340f39c3ce8829b7c71d4d1b61fad72cee040c3d216c06e58c2dcd4074ca75f41c94e891a1e732540153fd25df53dcb5c4b41b98819a2485e527cb5d5ff56d9,CLEAR,"DARKNESS, LIGHTED ROAD",DRY,FAILING TO YIELD RIGHT-OF-WAY,2.0,58.0,2.0,2.0
034144075d568b73e068dd9b4122f4983fbfde8629e52fd1fb7aa3127a0f2df8243ed5db9f67e0e9c3b7399e539c694fbfe9c1889bf46ed8cbc94269b4470bae,CLEAR,DAYLIGHT,DRY,IMPROPER LANE USAGE,2.0,19.5,2.0,2.0
03416ebc5ecce38f8ac4922444b0ede96d8153b36d1f028c7a510dd14b47ba70e978c089d8bb1208d6def4227be44139db206bcf2fae83537accc6bea4b674a2,CLOUDY/OVERCAST,DAYLIGHT,WET,FAILING TO YIELD RIGHT-OF-WAY,4.0,37.0,3.0,3.0
0341b0b7451e2c918df6e98f40252c10479080eba0adacd8b081993fbdea861390985c69fc4656f6ea4c4a183fc9a81b602e802c2741ad0ec3f5bcfcc64aa54b,CLEAR,DAYLIGHT,DRY,DISTRACTION - FROM INSIDE VEHICLE,2.0,42.5,3.0,3.0
0341b8181f6fcc387de10c7ab71669f4ac21a4668ad87975a87fbf79c934f731a93cf75b01f6fa60ece07426683750ae4edbd224bbf0da6a3a00913cddfe8387,CLEAR,DAYLIGHT,DRY,IMPROPER BACKING,2.0,34.0,2.0,2.0
0341cf1778318251d40380aabe32d4f72bce43e7d3e128ba87e981595bbeac6a0eaef19748f78d3af7ba966eed7c09dc8bd8580ef09af7c2352c9463db8fbd35,CLEAR,"DARKNESS, LIGHTED ROAD",DRY,FOLLOWING TOO CLOSELY,2.0,34.5,2.0,2.0
03421a995cb12c60b381f1cab8af6a8ebf9148ce95512bc32c4157654711c0adaa64d45c459b06054df6e453e1f30757f52610cb169cdd0ec3123dd6e19d45f2,RAIN,DAYLIGHT,WET,FAILING TO REDUCE SPEED TO AVOID CRASH,3.0,31.333333333333332,4.0,4.0
03421ae6164f880b5839bb9bd94ca42799a593ae8d88a701b03378f21c44ec6019f2469074d08f1af06de8532c1784489e866a237ab7a6a2b2bdd0848340ff1c,CLEAR,DAYLIGHT,DRY,FAILING TO YIELD RIGHT-OF-WAY,1.0,37.5,2.0,2.0
03421d34865c05b06c04fbff023b77d817557ec52798f9f6d0a91fcdf4de09179efb5ff09184fa9f0fe9556300a30295192fa213f561933117384a25a14b2cfb,CLEAR,"DARKNESS, LIGHTED ROAD",DRY,FAILING TO YIELD RIGHT-OF-WAY,2.0,50.666666666666664,3.0,3.0
034246c74f7974806364f9d921e70b41112399b5e9a88a267b1e2b679abbcf05dd9f643cbc7385452d2a2bc86847b459edf457ee70435d933480fc2928b290bc,CLEAR,DAYLIGHT,DRY,FAILING TO YIELD RIGHT-OF-WAY,2.0,40.5,2.0,2.0
03427a7d7bba93f3f7a71dda97b40559ebffcdd3ee42e0b90a9156d1c3bcd1a6a0bc473387e81454bc7f5d2934ba5b3e00ba358d7213eaf2454bcb71b7d16168,CLEAR,DAYLIGHT,DRY,EQUIPMENT - VEHICLE CONDITION,2.0,31.2,5.0,5.0
034281735ad658bce338c2ecd4b3af2226b79307246a96326daea54e7bf4dc5a9acf1df9bf34efa33f7fe91bae4d97b101991830409263fa8ce019e51a63c7fa,CLEAR,DUSK,DRY,CELL PHONE USE OTHER THAN TEXTING,2.0,24.0,2.0,2.0
03429187cf157668372662d47ac3b3ef0794cd6f5c5ac56c452a6f6d5b0bfc5eae993996b0e757cc8993fbfd5a1a64d5f2b63c39e1fb8e7c7f15668a7d89d25e,CLEAR,"DARKNESS, LIGHTED ROAD",WET,DISREGARDING TRAFFIC SIGNALS,2.0,30.25,4.0,4.0
0342bdddc1c2a748cc76789ef0c6bbb3dfd306716d7a478459f90c1f73071d1c86679d163e35f1a3044f68f531c31653766ea85200f059124db8f80c9148339a,UNKNOWN,DAYLIGHT,UNKNOWN,IMPROPER LANE USAGE,2.0,33.0,2.0,2.0
0342de0111ea017e48c800fa956b591850f74743e60290cf91f02d8bdef709714c9bd62948ec9ec84263e576401411fc7217d8b9bf4f1881e26608ef9d05e846,CLEAR,DAYLIGHT,DRY,DISREGARDING STOP SIGN,2.0,25.0,2.0,2.0
0342ea9c92028fac2951c3f5d5f039c407b4d5abc8505c44cd67b067df63c8c5195e4586a10866f0208d46f1e32dc136cd5b060916f71755066c36464655e8be,CLEAR,DAYLIGHT,DRY,IMPROPER TURNING/NO SIGNAL,2.0,21.0,2.0,2.0
0342eae8e52ce3b7224bcc00d9a27a2470ca7f4fb11febc18bc9ad5880502320e5f3713920294c6bc3c9e119a881a94e409e55dc5379225ec98289fc7d5e3418,RAIN,DARKNESS,WET,WEATHER,2.0,35.0,3.0,3.0
0342fed1d1e1f0920fa39713b80996dc728383c86fa6883d8adc56e7d0df78babeb794dc3d99df119ce13644a2abc34286c52efcde49a919a5287dcd6f6a4b00,CLEAR,DAYLIGHT,DRY,IMPROPER TURNING/NO SIGNAL,2.0,28.0,2.0,2.0
0343316ccfeff976c31424f03f9f9c1f37eebee9dc3900cc2e65d59e228a6f4f7d70e84793c3b965dd7a0c54a9303cad5c909cfc691be60ddb2356cc885fc438,CLEAR,DAYLIGHT,DRY,FOLLOWING TOO CLOSELY,2.0,48.5,2.0,2.0
03434edb8103dd3ab1591c1e1559490f3c4fe6e6985d10e5901a7efc812863bece5ff22ef7e66ab38cf21538754e38614c1357fc29f7c4fa13784469e3841565,CLEAR,DAYLIGHT,DRY,EQUIPMENT - VEHICLE CONDITION,3.0,54.0,1.0,1.0
0343650626429189eae5317c6f2ba517af347949b645c38715ed5c2dbc38b411010333a5f01e1cdaf567246b69ee6e6637ef2ccd1624c3c9635c2f205004f1f8,CLEAR,DARKNESS,WET,FOLLOWING TOO CLOSELY,2.0,26.5,2.0,2.0
03439f8525f1059c6db1064167de8b8d82100565e4533639af473ff932623cbdcd43528603b31ba4b817a106ff563afdf31c368f3c22d5615aa92b77312901e2,CLEAR,DAYLIGHT,UNKNOWN,HAD BEEN DRINKING (USE WHEN ARREST IS NOT MADE),2.0,23.0,2.0,2.0
034406c3027ac90981d288dcfee7596d0f59fec11399d7bebd5ef087878f75a390b5418b7358b0e2de099d6a092bc352ff9c96906ce2b6ed2850b476ef015f5b,SNOW,UNKNOWN,SNOW OR SLUSH,IMPROPER BACKING,2.0,37.5,1.0,1.0
03440ac6da853bf71ec3e080190ef5a1aaa428e96d6b1af286de762a7285a6e491d4be35030e8725ebcbcdd37fae72da50630a222689031bdbb57a3ad41afa0b,CLEAR,DAYLIGHT,DRY,IMPROPER TURNING/NO SIGNAL,2.0,25.0,2.0,2.0
034431ca03a0d6849b6522efb93aa09c3aad40cefd61f058b2f83c3c15b2675e2983de1842d246651eb571585106d6525a5f0917c3360291696bbdb5bacb10f5,CLEAR,DAWN,DRY,DISTRACTION - FROM INSIDE VEHICLE,2.0,27.0,2.0,2.0