crash_record_id,weather_condition,lighting_condition,roadway_surface_cond,prim_contributory_cause,total_vehicles,avg_driver_age,total_people,total_injured
034436e46d12828794b7c68f816c0959fc16b5958d88ee6a2e499afa34a9a67d8b5f9d50e3e96b3454bfaeec66ba323a4c567f46ea10ae3a6016abdbe73c4111,CLEAR,DAYLIGHT,DRY,FAILING TO YIELD RIGHT-OF-WAY,3.0,38.0,3.0,3.0
034453199bb59981c775d34d39e76e235deaa75d439bce6b73a2c44e6fb05489d034811ba6233a5f3a3fa98b343b92a731e220e08f2d4003f490b4b4fb688397,CLEAR,DAYLIGHT,DRY,IMPROPER BACKING,2.0,29.0,3.0,3.0
0344dbe5ac4b433c3f25df8959a251dbf62e6621d6094db692ac78f44a430e48b9f2fd105fee513d56e70d0b77d6a00d2ce814a88b4ea30179ed3456074d16ab,CLEAR,DAYLIGHT,DRY,IMPROPER LANE USAGE,2.0,48.5,2.0,2.0
0344dedb7d71d72af2a727df061f995839beb561a46f5caad0d027c201a82ed10452d75040282e997e7f7ecadd9252206a12e9e73eebb83d9975b5dbd063e4ed,CLEAR,DAYLIGHT,DRY,DRIVING SKILLS/KNOWLEDGE/EXPERIENCE,2.0,37.5,2.0,2.0
0344f220a6363cfb570d69d87dbe431fd8e45e5e2997d36dc15a122b4abdb471a694b6014b96547f5dfca43dde3a08790a6503f4113d70427f78bd1a766d99df,CLEAR,DAYLIGHT,DRY,DISREGARDING TRAFFIC SIGNALS,2.0,44.0,4.0,4.0
034532ad600d767c35249a1cdf948dbf2c9f7ed4d7007061fbbc5b0d288840397275a93f17d29552891da3711232277f5668d08e2a53f01e93e58b96392de4aa,CLEAR,DAYLIGHT,DRY,FAILING TO YIELD RIGHT-OF-WAY,2.0,45.0,2.0,2.0
034543bdedbf31758e9cc84cd8b0a305459d3e0c30d9d8028d7dcdcef1bf05b535d36ba18299992a77e1469692286c2c1256178c01ad8f29881761677a198524,SNOW,DAYLIGHT,SNOW OR SLUSH,WEATHER,2.0,34.666666666666664,4.0,4.0
0345588b1eb57c4cb3cc1521a76d08d5e0662ce88801e720381772c0717a86184f0f544d5da9ec8cb31396467b50e92cdc0c36fb550e4a89747df61e2024cbb5,UNKNOWN,DAYLIGHT,UNKNOWN,IMPROPER BACKING,2.0,84.0,2.0,2.0
034564c30b0934509b20d22cc0891ee59226a354d04443ffbec76b7afd07a54d2bf07282330166a2e46271dc3140fc673ca5fc79c674bd51f9fe187808844c3d,UNKNOWN,UNKNOWN,UNKNOWN,DRIVING SKILLS/KNOWLEDGE/EXPERIENCE,2.0,22.0,2.0,2.0
0345677d5280dd722198f9efac4ccb8e847ec6bd63d2a01f88007b0e4309a311b12411608a78ece0e09f4b5700ad02e713ce6f30d3279a7c2e5176c4408dd8b0,CLEAR,DAYLIGHT,DRY,DRIVING SKILLS/KNOWLEDGE/EXPERIENCE,2.0,29.5,3.0,3.0
03457246dc02982f79d58242b25b430019751127395319f838d4d5574121eed6f9560a152200ca6faa61672a206c57ba3fc0974e22096ebce718222aa1cc2381,CLEAR,DAYLIGHT,DRY,IMPROPER TURNING/NO SIGNAL,2.0,37.5,3.0,3.0
03457a62858d3c6683f076d3b5e38aa9220a2487134d572f68fc9fe98149a58d60f635ae93e319577c4ea045acc0cac3fa0161eccf02915179a151265f50dd1a,RAIN,DAYLIGHT,WET,FAILING TO YIELD RIGHT-OF-WAY,1.0,56.5,2.0,2.0
03459686ee3b95a8ac7143a8bde0430e17bf615c80fd5b7968b0bb3716afcad6b040bc0697327410007d8325eea72e5fbfdb8ed84bfee2e77cc1403601cfa6a9,CLEAR,DAYLIGHT,DRY,FAILING TO REDUCE SPEED TO AVOID CRASH,2.0,40.0,2.0,2.0
0345b085eaf61ea75a545d2b4062b401688430e0eb54bdaea7649d0baf6670413938c4850cb1f321fe7dd9bbdb3beffe30a75a593e3f6be821dc03957906063e,CLEAR,DAYLIGHT,DRY,DRIVING SKILLS/KNOWLEDGE/EXPERIENCE,2.0,69.0,2.0,2.0
0345b97f6b7270880a55b7d1b0448135db39ae46a775b05d47c525d023185d41c542e24c2cf572b968b56ebae2cff9b833f0470a231a169212d2d7cec1de0a06,CLEAR,DAYLIGHT,DRY,FAILING TO YIELD RIGHT-OF-WAY,2.0,37.0,2.0,2.0
0345cda8e0deef1c633721a61f3202fc7cc9f972654e3488aceaf95e82faff9a134d73fc837bd35056b6b885803cfb0f6a073730c5e1a867d723e73f036cf4ca,UNKNOWN,DAYLIGHT,UNKNOWN,IMPROPER BACKING,2.0,33.0,2.0,2.0
0345efbd8eb749fc5f7111cf8c36a7d1365cfa78ae344e722763ed00555492319cc2d9451993574397993bc557f108bf1f09a8202c86d4992dc1bc90c4f170b7,CLEAR,DAYLIGHT,DRY,FAILING TO YIELD RIGHT-OF-WAY,2.0,48.0,3.0,3.0
0345efcb593c1d20161c31492c2cd041d47c1ec3613ddbdba426ad32daad9ec55775ceef4373aaddaf56c5685b10a96a1480172075222a0e8c40cf322cc16c36,CLEAR,DAYLIGHT,DRY,FAILING TO REDUCE SPEED TO AVOID CRASH,2.0,53.0,2.0,2.0
0345f745da00ddc4f42b6640529045861033643110030337c5eb00e08fc7a6364cda2d177a32033f293b880830bc787fd3d392b86ea6ffeb9e810930851efdb1,CLEAR,DAYLIGHT,DRY,FOLLOWING TOO CLOSELY,2.0,37.5,2.0,2.0
0345fa4f1b24ce15fd3394017c998b974d7f2988b3687a0f6b01cd71708a020bd6dab23d23a8c3537371447c24f81ab2a5cd1de545315e5e1b8bf1d7c0932f4e,CLEAR,"DARKNESS, LIGHTED ROAD",DRY,"EVASIVE ACTION DUE TO ANIMAL, OBJECT, NONMOTORIST",2.0,32.5,2.0,2.0
03461e0181bcf2bd5f35d439893049bcc4680b40166e8adca901a10731a182bf0577d373d2102f006ac0b181370c59541830569bd29d2b1b59b99206842c9972,CLEAR,DAYLIGHT,DRY,FAILING TO YIELD RIGHT-OF-WAY,2.0,67.0,2.0,2.0
034688cd3f480e66ff9b387a9cb836081d3b0d077c6fdd555964e50482009cddf3d152245ae0cb8a56077fb2a475761695c940fe8a78026d6b4f6b28c9904684,FREEZING RAIN/DRIZZLE,DARKNESS,ICE,WEATHER,2.0,39.0,1.0,1.0
03468fcaa80a23899d631619386e74c51a02b15eba0617553985006cf5c365b22d45f496c0575ddc84a78ed952e67f1546d58e076ce91338cb8c7b5206cb72f7,CLEAR,"DARKNESS, LIGHTED ROAD",DRY,IMPROPER LANE USAGE,3.0,37.5,1.0,1.0
0346afd9351c059588e59e4e8d56602388eae5b1c62118eeb939df2d7decae537509b754c62eeb17a9d0915d04f2038a3e5358f3c8ee438246fbcaa778a65e97,CLEAR,DAYLIGHT,DRY,FOLLOWING TOO CLOSELY,2.0,32.5,4.0,4.0
0346fff4ef50fc40a9371822d32efb3a7437edae9f5f9a1e1bfd472f398773a5e2b20f34f5cf98e8aa04ff427f9110f501b352986cbdd57ad5dffbb563b693da,RAIN,DAYLIGHT,WET,FOLLOWING TOO CLOSELY,3.0,37.0,3.0,3.0
0347072fb1f6a465e1fcd1ff044b8cb460740e6e874469f3df7051d13058c66f9eb97e1579c019083fad4757896166deda06a1f0279da6775c34b9030774ba65,CLEAR,"DARKNESS, LIGHTED ROAD",DRY,IMPROPER TURNING/NO SIGNAL,2.0,28.0,4.0,4.0
03470df028bc1e7fe9bf5e6112b4891d7722ddd694988bb5b89bd33249b53869e3a608bfb6c43e06c1ad3323c9c9713b53dd4bdf9ab0ab199825c34a36121fbd,RAIN,"DARKNESS, LIGHTED ROAD",WET,FAILING TO REDUCE SPEED TO AVOID CRASH,4.0,19.0,2.0,2.0
034717555e855ccf76ac834dce21bce6a143f8bf26194f3f8560f7622e5537dbe52a835ae054350040ca27d16e7938732f05368857ca3a68df293212cbb3cf2e,CLOUDY/OVERCAST,DAYLIGHT,DRY,FAILING TO YIELD RIGHT-OF-WAY,2.0,55.5,2.0,2.0
03473fbabc2261641dff1c577f00e207b5cb21118316d3c8f60e8ea8fcb0b56e71b059c779d4341c41ffebf0323168b506565034ec9451ad4b8143a0e0f088f9,CLEAR,DAYLIGHT,DRY,"VISION OBSCURED (SIGNS, TREE LIMBS, BUILDINGS, ETC.)",2.0,55.333333333333336,3.0,3.0
03474d8c5e583672a56be7520ede679539e03ac9ddc890c594b9e895d51cfa2d8dfd6fb6cbb57afcb2621597d52b12dec249d5567a49abed5072e34c0d443b9b,SNOW,DAYLIGHT,SNOW OR SLUSH,FOLLOWING TOO CLOSELY,3.0,20.0,4.0,4.0
0347672dcd9d57ffa8a32ba223b6103e03ed6082e32e96b05630fce2f17b1db63aed229d3d901ef6f2e40d8a469a5c22f358b59dd30da5a183c93322cf69f348,CLEAR,"DARKNESS, LIGHTED ROAD",DRY,"EVASIVE ACTION DUE TO ANIMAL, OBJECT, NONMOTORIST",5.0,37.5,1.0,1.0
034781aa397796a9d8c067978e3b65d4f6ab65322e1e9829cae5776fe1ac60610740814e69403bbb40b59bdd5a43cd43bdf867903f067b64c99e0233ca49767b,CLEAR,DUSK,DRY,ROAD ENGINEERING/SURFACE/MARKING DEFECTS,1.0,32.0,1.0,1.0
034789b04cbd85258b2a5a1b5504b84439625f9c8ac8dc011fc44b4460ef4e872d0a97ff2f53bd2a197cf1660b5047445ace51705c774fc4e2daa61f20e44472,CLEAR,"DARKNESS, LIGHTED ROAD",DRY,IMPROPER TURNING/NO SIGNAL,2.0,47.0,2.0,2.0
0347914611e6356259361b789eef9fe3f3f51a7235286e6ae5fa9935209ee30df5ef27d4d4a7cab59801bb7a281d194015b74934c0917076fa5a478496fac081,CLEAR,DAYLIGHT,DRY,IMPROPER BACKING,2.0,36.5,2.0,2.0
0347ae97b1d7927d64ffd60e7c596ffe019043c69ba66bbad06a99c845d7024502ed915c055714dd702f9eb2263b3f0fe4711bc4fa4bbcdf4b4b00da6bb1f9b7,SNOW,DAYLIGHT,SNOW OR SLUSH,FOLLOWING TOO CLOSELY,2.0,54.5,2.0,2.0
0347c1f9d7e9ac49f2e9680cdb777c3d5d043f52e1dcec5b1e04bae88296c8da87d909e48d1218c770821227a1fc818bc6a427fd32d54c6857d5a7ff0c7c21c6,CLOUDY/OVERCAST,DAYLIGHT,WET,IMPROPER OVERTAKING/PASSING,2.0,33.0,2.0,2.0
0347ce3099e28a7d675b719d01a3f87e8368f4288267c2e0921853f43c8c61fdca2262a5178fc87d428e7517e15d7a76dbde6507e60a6bfdd2d35b38299d5782,RAIN,DARKNESS,WET,IMPROPER OVERTAKING/PASSING,4.0,37.5,1.0,1.0
0347d64d5e26ee8a260bdea1e562bced9e9cfb08df75ffbdb5d151d3e8526f8d25b3e4be88f2fb13c9ba0f26c1321cb6b6f7440a64d2298690de8d3db2bcac19,CLEAR,DAYLIGHT,DRY,FAILING TO YIELD RIGHT-OF-WAY,2.0,52.0,2.0,2.0
034806bfe6ba06c104cba39dd624fc7804e09e4a34993b36a09c9b1e3d112aaa04fb6a6129e9537741e59f0484ec82dcb49a17f2b93d8edb0ecf7c6d42b46d61,RAIN,DAYLIGHT,WET,FAILING TO YIELD RIGHT-OF-WAY,2.0,39.333333333333336,7.0,7.0
03481c563fdefc01fb01d9475f9be326c0b421d88551ff9e520b48a506c7f58811ca9c23f92a60e94ac326c36e4eaeb1e8622e7992a53f71526e06b18eeb823d,CLEAR,DAYLIGHT,DRY,FAILING TO YIELD RIGHT-OF-WAY,2.0,26.0,3.0,3.0
034828c981894cf514c2f46df1375cf9ac9aade31af7fd8dcbaf8ff5d9c3b2b9b849a1f8e51b1d7b53803e06393a93e6e93c0b8259d0c31afb00439631f05515,CLEAR,DUSK,DRY,IMPROPER OVERTAKING/PASSING,2.0,26.0,3.0,3.0
03484b7b433492bad10a1eb26c76797e26eba92da5d139e117d58a14942e82c5a010c63841b94f02865d6ac462d99555b768bf610ff5b3805cf7f3a16e76208e,SNOW,"DARKNESS, LIGHTED ROAD",WET,FAILING TO REDUCE SPEED TO AVOID CRASH,2.0,53.666666666666664,3.0,3.0
03486a59c0ffc8473078dd4758941ee768bfa4e0e09191aafcba07b619eb719ace5d6d601473fc24e84438a10ae84af82c87258073af510233566334d45fca5a,RAIN,DAYLIGHT,WET,DRIVING ON WRONG SIDE/WRONG WAY,2.0,36.5,2.0,2.0
03486a90cc8b4cab9a611656427aacb552ea1f4aed942e7928b3c439846aa12ab86df0922ec0478f042771e7f79b812a772609938b649e400f5c2402be35cd2a,CLEAR,"DARKNESS, LIGHTED ROAD","SAND, MUD, DIRT",DRIVING SKILLS/KNOWLEDGE/EXPERIENCE,1.0,21.0,1.0,1.0
0348b0d1eac10672a741fdf9b04154c5647c619586abedbb78e02a94d970a271a6f4a69b918512151a92c32d20953bdeb7edf98a0af54482fc852dbffe765694,CLEAR,"DARKNESS, LIGHTED ROAD",DRY,DRIVING ON WRONG SIDE/WRONG WAY,2.0,22.5,3.0,3.0
0348e8f64b5ce16d1b36b101de90f35e0747d773867ca7f1fcc8fca6feefa653e2a7aa9868c2ec9e8c31e2768b2c065a72895ef5fc2175dccbf527dd9998bfe2,CLEAR,DAYLIGHT,DRY,IMPROPER BACKING,2.0,45.0,2.0,2.0
03492476e4b266fb7da253c59cbfcdd072a1733b9e7ced7276e6203e4c95990e1c4e19bd144c57ccbb268ac1d0a3c6a9145b2c33b947a2d21ed2f5ffa7c8bc85,FREEZING RAIN/DRIZZLE,"DARKNESS, LIGHTED ROAD",SNOW OR SLUSH,DISREGARDING TRAFFIC SIGNALS,2.0,41.0,2.0,2.0
034936ca76b1eb42593b77e7fde070fcc4478958a217f3f977e809e2a25cdcbec029ace41ebdf73d6f5d7b6814a596c52331f4559abf5c275699a6baa32ce46b,CLEAR,DAYLIGHT,DRY,FOLLOWING TOO CLOSELY,2.0,35.0,2.0,2.0
03493bb17452c90ec54ab0b61151815bd3a09252a8bf2be0c1244366dc618c3d4f1ead135d7fa5355e30e05fe6c6403bb6010a1af168ac970472c20606749e74,CLEAR,DAYLIGHT,DRY,FAILING TO REDUCE SPEED TO AVOID CRASH,2.0,46.0,2.0,2.0
034953beb58701199b8390f2ef45984dac051abb3e9a80b5a9ea033aaa21276dec9429c6b36e4f5c51f086ed1b8d03b2f949a9fbee814fee29de274ed1aa36ce,CLEAR,DAYLIGHT,DRY,FOLLOWING TOO CLOSELY,2.0,34.0,2.0,2.0
034954dfe4b2c8e8e0186e1c87956f160b6b2051a7a276900f6edeed4916cf389054646fa150c7b13915f0933b42232726551b1743f01b32814990b454bbbc33,SNOW,DUSK,SNOW OR SLUSH,IMPROPER TURNING/NO SIGNAL,2.0,38.5,2.0,2.0
03495f2fd2f644fcd1229681a98a0cd702263360c2bb769ce6f5791b3c104dcd16483d80520577e4be5cc31fcddbaee3e12e323ba85c71f082ba2990effdff43,CLEAR,DAYLIGHT,DRY,FOLLOWING TOO CLOSELY,2.0,51.5,3.0,3.0
034972397402d977c0713f42372c26e2c46f91d2fa3fa2fbccc4ef0e3257e517fea5bcde3285b48ed66a2e21fd2b370b16c55e66c0040608d871e1607ec4cbed,CLEAR,DAYLIGHT,DRY,FOLLOWING TOO CLOSELY,2.0,56.0,2.0,2.0
0349aa2967f15070fa94e6c480c11a5fbdaf36786bb2c6816ee204a48fcbfb20d4e6db1fb8534592acf6291d694f236f6081b9389970f2c773c5ae78d11e17ee,CLEAR,DAYLIGHT,DRY,"OPERATING VEHICLE IN ERRATIC, RECKLESS, CARELESS, NEGLIGENT OR AGGRESSIVE MANNER",3.0,28.5,4.0,4.0
0349cf6f114202d11a50c95ff9c1fce7ea48ddb8fb045941497e90aae86efecb7c74291d8cbbed7878e804ba54ec34f5be14d6ff5fcf90b5475784f38ba3b48c,RAIN,DAYLIGHT,WET,DISREGARDING TRAFFIC SIGNALS,2.0,18.0,3.0,3.0
0349dbe022ad1bcb56429f371f7ec6c146668d050f248be6427ca804245bb8dec1c8ae774612dd59e9fce350fec9572c8e9937be5aca9ae338b771111e573599,CLEAR,DAYLIGHT,DRY,FAILING TO YIELD RIGHT-OF-WAY,2.0,38.0,3.0,3.0
0349e3531c59e197e7e12062b924c2183754083d48673dd3e792b05aacd08d3b02a05d9fd90197683f54402c13d305a088b35b6ba428b51cb0879a402161a231,CLEAR,DAYLIGHT,DRY,FAILING TO REDUCE SPEED TO AVOID CRASH,2.0,37.5,1.0,1.0
0349e974f942523d7dc6088df2e45fbdac0193932835703c10774faa79dfd936d2da02ed456f0fe948ccfb12176338289f9566624201ba5affd38b759748aa1c,CLEAR,"DARKNESS, LIGHTED ROAD",DRY,FAILING TO YIELD RIGHT-OF-WAY,2.0,25.5,2.0,2.0
034a0e860d6e435647922ddde888c26365e1c094671b03b305ec4ec2a2daa7b53a3905bbfb6c7b3ce13d535afa86a8243d6da1896684c935a7a048b3ef689f3f,CLEAR,DARKNESS,DRY,FOLLOWING TOO CLOSELY,2.0,35.0,3.0,3.0
034a16fb4c795a9842755abd48391266511ff5177cd4cd593689f6800f63a2ff486434a81b4d84b3ed0e0d92f4c54387beab9ffd730984dabdc9375f7c5c4084,CLEAR,DAYLIGHT,DRY,FAILING TO YIELD RIGHT-OF-WAY,2.0,22.0,1.0,1.0
034a184db73f7dbb1a287106d8eb355cee150547da57fc46163f79696ea902c008125e05c5724a3a828c3079b8589d54d18f4d3358a3799c1d4121e5dcb4b68a,CLEAR,DAYLIGHT,DRY,IMPROPER LANE USAGE,2.0,37.5,1.0,1.0
034a2ca27b5f2b935a17feba7a1adbb086d7f146f11b3cb691b44ed6fe9df4e7a4affa08ed412a1b82b5e66f67404bf03b24bc2819d2af34e3606d6edfe394de,CLEAR,"DARKNESS, LIGHTED ROAD",DRY,FOLLOWING TOO CLOSELY,2.0,44.0,2.0,2.0
034a328c5fe3f583444d61169271a0e5a0451cd36a8a929f72da7c7ec468218e75633c8d06a4a01956046e04c62b7ddcb5b4c69c78bece7f2fa42394a3cdc9ae,CLEAR,DAWN,DRY,IMPROPER OVERTAKING/PASSING,2.0,28.0,4.0,4.0
034a365fa492d9ad623d99f0b9c936a4cdb7819f578dd267669a74f5bb7df526a8c224f65589b1b2095c1f160d5c2b2cc42a3faf4c6062a3c5ee069c2ae1bed7,CLEAR,DARKNESS,DRY,FOLLOWING TOO CLOSELY,2.0,21.0,2.0,2.0
034a510cf49a2740a677600bea5c2ceb6217fdd3e9b37ba336a82684c65476fc91b8db2528fc47b150c7f9ff6647201336c5e03f4600a0a92c18446062022e0f,CLEAR,DAYLIGHT,DRY,IMPROPER BACKING,2.0,48.0,2.0,2.0
034a64bb3b187da133a209f302349c5fb0afff93a69558447359cbff23521bd8ed02f0bf4ef9a1817923f18d15ae4ed56206d2f175fbf1a8d7cfdab2c8d7fd1d,CLEAR,DAYLIGHT,DRY,IMPROPER OVERTAKING/PASSING,2.0,37.5,1.0,1.0
034aa1838c6e0a5ea6c12f392b1f2232e3c2b743b1449f52c8a0240e3af70ce48ced0cf408427678d76828df7f41114c07d6e05dba119f59587220141503f75f,CLEAR,DAYLIGHT,DRY,IMPROPER TURNING/NO SIGNAL,2.0,37.5,1.0,1.0
034aa65dec4f598cb897762e72d0bced3ea00ed73d0b93d446ba09df7f1b81b171f98deae278950ef4a70f295078c420c3d647012aba9260f5fc36fbfac32e9c,CLEAR,DUSK,DRY,EQUIPMENT - VEHICLE CONDITION,2.0,29.5,2.0,2.0
034aa6c35573db9937052c81d76c11a6329b619bdaa293ceaa35661fa4be6ca62633feb1eea9092b4ad56d6b2fcd8ee8090ef0fe113c3ec5d58c4219148f9365,CLEAR,DAYLIGHT,DRY,IMPROPER OVERTAKING/PASSING,2.0,23.0,2.0,2.0
034aa9dc118f49d241455257cdafe8463b4c976d068b1dee81858cacd10d897adbbef9b9734f0958025e10295e3174de3a59561d064968ec904847fa5cad5c68,CLOUDY/OVERCAST,DAYLIGHT,DRY,IMPROPER TURNING/NO SIGNAL,3.0,24.0,4.0,4.0
034ae1427b54f8cc734bb7b9635cbe17e34991b89db201d62a4edd4f62c0f2107df6298cd6cd0692946e6f7181fd7de80e1e2d2d0c739e6164f229967fbd0159,CLEAR,DAYLIGHT,DRY,IMPROPER OVERTAKING/PASSING,2.0,26.5,2.0,2.0
034aea0fd429cb9a379d9b89550a02e32c8358485276888d1ed84a5b01237543301322c95da44e79344ef50efd53f805bbc8e156577c4f16110c7eee6c55b45f,CLEAR,DAYLIGHT,DRY,FAILING TO REDUCE SPEED TO AVOID CRASH,2.0,41.0,2.0,2.0
034af7e665d921ddc9f35a4aeff52fdf21c311147dba50844c6070ff51fb153847e9f75e2da05416d7a6e66a1108f1208d94813642628d4b81b70e438fb3d28c,RAIN,DAYLIGHT,WET,FAILING TO YIELD RIGHT-OF-WAY,2.0,42.0,2.0,2.0
034b190504b5188aeb5590b037a571e4d528f43c843f6812598812b552979e79e071fcf9d798e4bd97946583646adc8dda72ed2b6a72c3f05be9f32fb82d6878,CLEAR,DAYLIGHT,DRY,IMPROPER BACKING,2.0,44.5,2.0,2.0
034b5aa25f4e7f0da1ad9d29e49de0624f4512f0d9af412b04aad10473715b7c608265fc46cf174100a8142d43cb71c6b7a20b3e7a29af1b747b577f021d99a8,CLEAR,DAYLIGHT,DRY,FAILING TO YIELD RIGHT-OF-WAY,2.0,37.5,2.0,2.0
034b97f7c87dc6bed915ab3c830cbd65e767a19a5dc9e3c95bb68872796fd4f6892a5b3d6e064d1893e324742f203f6e209f6e317870b68499971bde2f329e81,CLEAR,DAYLIGHT,DRY,IMPROPER OVERTAKING/PASSING,2.0,68.0,2.0,2.0
034bbf0fb379f442f49592f6c867c9c04516653015399f07df8cf717ec1d042a33993aa8fcc9cc04acc24bf83741e635be328f55d334ec440eba0cb51cd67268,RAIN,DAYLIGHT,WET,FOLLOWING TOO CLOSELY,2.0,37.0,4.0,4.0
034bd246da35cda87e9225901c0809d7223865abfe71cf8595d0d20f6851ae6e55d998c5305f7c1eb394a47f93123c279b5035206d4a7c865ddb20d3320bfe07,CLEAR,DAYLIGHT,DRY,IMPROPER BACKING,2.0,34.0,1.0,1.0
034bd6050ab4687f7aa61587d592b07de1c5c2058f09c07a64cfa5c9858182197c6060c6107c675a505e56353af53db60b58f5ba7397c5efa2cd23cee422113d,CLEAR,"DARKNESS, LIGHTED ROAD",DRY,FAILING TO REDUCE SPEED TO AVOID CRASH,2.0,34.0,2.0,2.0
034be2c449150c4b2be96815e9b705524ec419642e04d142fd5b63c783a0bce6a1ab07725ce1f1127dfe7919c093d54022204d4f5b8ccdc7856410045f471ba8,CLEAR,DUSK,DRY,FAILING TO REDUCE SPEED TO AVOID CRASH,2.0,44.0,2.0,2.0
034becdcc5d36aadeaa09684bdf092e79e5b5263c97d4e0964e54844293b879de334e53041423faec3265b3d60cd97df0ffadd1d279725996774b5f0ba843570,CLEAR,DAYLIGHT,DRY,FAILING TO YIELD RIGHT-OF-WAY,2.0,33.0,3.0,3.0
034bf0c283d26d1206b2d7412b3e4a58e05b1a9029f4815014cc5a2893727b208f9b1ee11955e6f649f21fbac83c6d5a5c66ac4b1a50b6d97742c73a15f20cf0,RAIN,DUSK,WET,FAILING TO YIELD RIGHT-OF-WAY,2.0,28.0,3.0,3.0
034bfc6d2449d5eaf28146171e370c5bc0152a561625c882900380d2975f840579ca0ae0409878b94562ee30c4c0fb4b908ca2d1af83cddb0774bc696b8b0966,CLEAR,"DARKNESS, LIGHTED ROAD",DRY,DRIVING SKILLS/KNOWLEDGE/EXPERIENCE,2.0,21.0,3.0,3.0
034c01361adf993441cff935a0788db41cfb73e25384afaa94be0d83b7cd188140f4205f1d9f4c7ebdb1df2a3e5538266accbc12f783357043dca6f0cf9a8548,CLEAR,DAYLIGHT,DRY,IMPROPER LANE USAGE,2.0,31.5,2.0,2.0
034c13e9ddc397b37f41acbbad7c35091ed4dadbaeb002c951a5191705b5744d2670bb0a5361b1a4c743195cd7474005588e2fd0e12fd84d571cac921b9a6b1c,CLEAR,DAYLIGHT,DRY,IMPROPER BACKING,2.0,37.5,1.0,1.0
034c43304b3f11060a2c7949aa210f66c9d1c61422345ed9ecf79b8d03e825c3246a1ccc67213ee649aa6c10791967a96b5d4f0ed92aaba62269803d2a6420a5,RAIN,"DARKNESS, LIGHTED ROAD",WET,IMPROPER OVERTAKING/PASSING,2.0,29.0,2.0,2.0
034c7e401ecd1f9a03828a63bb5edec81cd657556f5b8f4a2625c187278a8b78f2fb703bef7b32d7cd77a26168b2f5c26e7a4d4d81d06fa8848cde0f572adfcc,UNKNOWN,DARKNESS,UNKNOWN,FAILING TO YIELD RIGHT-OF-WAY,2.0,21.0,3.0,3.0
034c8dcae458cd63066cad585e5d307c219b5910c93818bd2769f5e58987d7961cad30bfcf7624ad5195178691567be592a20d5dd537c2b7c52e5002c476f2c1,RAIN,DAYLIGHT,WET,FAILING TO YIELD RIGHT-OF-WAY,2.0,32.0,2.0,2.0
034cad71694d0f2b7b11afd7036bbf76ac0b5499b7ad6875a3a039f72895b86fd07eef1e3c1b571ef287e33ff186e492fae40a60e32c25f5d76e105387e0b7c3,CLEAR,DAYLIGHT,DRY,"VISION OBSCURED (SIGNS, TREE LIMBS, BUILDINGS, ETC.)",1.0,34.5,2.0,2.0
034ce7ddb7fafa6723649f5503a3b72fe5c8eed4fc2317dae41b340362eb06723ce08328f3d33d5a21d00b5b9900c7a99b86e370506bcbb9075ec7f137c50760,CLEAR,DAYLIGHT,DRY,IMPROPER TURNING/NO SIGNAL,2.0,28.5,2.0,2.0
034cffc1900673fae12cae6b64737acf1ef2adafd32bb5a1a610f82ac2b25b29def11e042e46d840c910a5a882c8bdc22615dc66bada2be312ffdfd8c1e26252,CLEAR,"DARKNESS, LIGHTED ROAD",DRY,EQUIPMENT - VEHICLE CONDITION,2.0,41.666666666666664,3.0,3.0
034d38ecee5aefe5a32aca2e875a6fa853f6b7a1ef59d2b9abc03423c062e38706ffba55c543c4a1422eb424ad427be68d54b7b2358a0e5ef975648a2ac7a706,CLEAR,DUSK,DRY,DRIVING SKILLS/KNOWLEDGE/EXPERIENCE,2.0,66.5,2.0,2.0
034d4fb854fb1c6a485dbcc3b969af04ea001c9c6317ca96727ca32b0ace2804cb7cadbc11ee333837a2c4339e1f0c8d6d1074cd345d3a49c0756030d68dd8f6,SNOW,DARKNESS,SNOW OR SLUSH,PHYSICAL CONDITION OF DRIVER,2.0,28.0,1.0,1.0
034d754777e034f4055e0192b32e5b2663685072695ff8160984071ead409b42452b52673530003096e467c92ab0e89327471084e93119546dd1927d15b5f733,CLEAR,DAYLIGHT,DRY,FAILING TO YIELD RIGHT-OF-WAY,2.0,18.0,2.0,2.0
034d77a9d10c7e1b459d5d930f030d84adab5791114c446f77d617883f7714d56010ef2ef3a742cfab7d66bad835c32821ba0dab718989b7c49210ce89516e06,CLEAR,DAYLIGHT,DRY,FOLLOWING TOO CLOSELY,2.0,34.0,2.0,2.0
034d812d0224b24ce821eda6289ea5fb239577af8a2ff8d25b2fccb4aae20cc83eb3c42361482564f3dcd103b48d710e989afc6798e714bec8d4122b752e367f,RAIN,DAYLIGHT,WET,FOLLOWING TOO CLOSELY,3.0,53.5,3.0,3.0
034dfafcf4ca03a818a1e68793c006f24533022284b430112457bd38ef519dda9173b6ff95722528c03cc76ae89b096885bad6c5e006a5837b515f4cb5ef8145,CLEAR,DAYLIGHT,DRY,IMPROPER TURNING/NO SIGNAL,2.0,48.0,3.0,3.0