crash_record_id,weather_condition,lighting_condition,roadway_surface_cond,prim_contributory_cause,total_vehicles,avg_driver_age,total_people,total_injured
034e063009b6fd397372982c3c244fc93a2ecedc53ecab9105ca3abd39c961f9e10fd17a1b5049cd55c4ca20126341f2b7ae0e3ebf64fc5ae495417a362baa15,CLEAR,DAYLIGHT,DRY,FAILING TO YIELD RIGHT-OF-WAY,2.0,43.5,2.0,2.0
034e0d905604f0f421f5b61d5a30e2721424c229d0e46264053c9ec6d1c0d869b2d7a0b01bfa83a4705bd69670d911309022c82e3786185aff0a3d2b62ebc2b2,CLEAR,DAYLIGHT,DRY,IMPROPER LANE USAGE,2.0,21.0,3.0,3.0
034e3f66afb31d1f2f055e29cd6eae1ae52b942de1ff81ac9c108654736875026c12eed8a5e0e2c3453aab5704c23bac33330aecbfaceadf4b3f347727aa2b4a,CLEAR,DAYLIGHT,UNKNOWN,IMPROPER OVERTAKING/PASSING,2.0,46.0,3.0,3.0
034e4665bc8862094926d0580ae8007142924c5d4235603642eb67aa5be5c14695f34387b16e411ad0b425ae82fbcd888b5ea3ea90f0e08ded580d8ba01b34d2,CLEAR,DARKNESS,DRY,ANIMAL,2.0,37.5,2.0,2.0
034e5aa10acf096889a2022fe74871c4d60c426a0c03ca829a59436e6dcd51d1a55317deae520e760bd056f93b1435dab3d9afbe719ad5d73640c598ddf3915e,CLEAR,DAYLIGHT,DRY,"OPERATING VEHICLE IN ERRATIC, RECKLESS, CARELESS, NEGLIGENT OR AGGRESSIVE MANNER",4.0,19.0,2.0,2.0
034e6fcfced2f07fd687f037fcbff21df675325ab302542eaaba684157d833d463daaa222b26c01ce4950933efda829e429e4834a08076269c71b98e45adba65,CLEAR,DAYLIGHT,DRY,IMPROPER BACKING,2.0,27.0,1.0,1.0
034e7ac3c2b24a05a8d3052d5b5ba5cc5fd5c9c7795b77443ae6bb5e073108a64e8bae8226cb6096897315267cfb692b15b842b61c04a831c505c81da2bb4755,CLEAR,DAYLIGHT,DRY,DISREGARDING TRAFFIC SIGNALS,2.0,42.5,4.0,4.0
034eabbcb9e2ffaf4fc88de89e1d60f1dd6bb8ba70301ba23c48b01e70422f76079749dde19260ace958db58c493477b4888814ca2d9ae32454aa5acc4caf49f,CLEAR,DAYLIGHT,DRY,DRIVING SKILLS/KNOWLEDGE/EXPERIENCE,2.0,46.0,2.0,2.0
034ed24cdc3ac1f4b4735f86537dcc98a2eef8eacf955b352fef814780f4f61a780fb6fd921d6cbc07180067056c177d87e057f23761d1184ac18070e7e170e8,CLEAR,"DARKNESS, LIGHTED ROAD",SNOW OR SLUSH,DRIVING SKILLS/KNOWLEDGE/EXPERIENCE,2.0,43.0,4.0,4.0
034f01b4c04ef2de5aaad1202eaac8f7d7dabe51946460db005db3d5e47daec9822b4262cb0327afe027bce0d36b898680d78b7f5306cb7b9d20710449e97b5e,CLEAR,DAYLIGHT,DRY,FAILING TO YIELD RIGHT-OF-WAY,3.0,56.0,4.0,4.0
034f16f5bba3ddd5e58f0f220cbfd670343e2e3937d7c6ca9b175e35e39b43194faa5e49d3274e13a4ceb7b5513858a86f1d485f655c277637232dbeb95efd63,CLEAR,DARKNESS,DRY,FAILING TO YIELD RIGHT-OF-WAY,2.0,51.0,2.0,2.0
034f330edc7af10df5cdc5ba661cadf446812f622fc24e6f8ce0d62ac3898d992fb6888175a9f2f2df92832c31f3d82b6e4845f95567e4794f0f86929b0cbe32,CLEAR,"DARKNESS, LIGHTED ROAD",DRY,IMPROPER OVERTAKING/PASSING,2.0,63.0,2.0,2.0
034f671e306367d3cb1cf25d444d2654ee9bef8135c00909a608bf100af7cc8b742432c184b342d8a2968f13ceed2ea0d53f77bbd2dfc537aebbe0f134ec0665,CLEAR,DAYLIGHT,DRY,FAILING TO REDUCE SPEED TO AVOID CRASH,5.0,37.5,1.0,1.0
034f729875524cf17cb385839c68fb6445a517bb199c1ae56764af517ba7f62217fd2b5b4f40d10310e51e085ff34a11e71a071e7dcd052b8ee6bfac7d61d747,CLEAR,DARKNESS,DRY,DISREGARDING TRAFFIC SIGNALS,2.0,25.666666666666668,4.0,4.0
034fb17fa404297e2ac5b34fe30b065abe80e07a62795e6d9bebd007f1b7bc98e693e94d8bed952ebfd839f468b086cd005efb394be23f67a29dfd2f1ca8a80f,CLEAR,DUSK,DRY,"EVASIVE ACTION DUE TO ANIMAL, OBJECT, NONMOTORIST",2.0,23.0,2.0,2.0
034fd0c4a58e844485dee28c771074c56dc5f53bda3e97c5f039dd81d55add561bcfce564af8149d29e86a24707932493a6e2ab9f88116a40db04f33f916889a,CLEAR,DAYLIGHT,DRY,FAILING TO YIELD RIGHT-OF-WAY,2.0,37.0,4.0,4.0
034fd95ae760a556066a19f2e23a5a0332362097c26b59c3ef000eaf0997df07af184e8fab4a0eab31246c4da4451bea693692e53d5e26bb49620c3f4f1fbd80,CLEAR,"DARKNESS, LIGHTED ROAD",DRY,IMPROPER OVERTAKING/PASSING,3.0,27.333333333333332,3.0,3.0
0350008d2561f7bac7d46f163f45782941fb9d14465e7d024c55a7f08d17085d94bb4c75cdee565b0a346f6a5c3d1197eec78ed5c108b2ac6a8f0dc4e3d6176c,CLEAR,DAYLIGHT,DRY,IMPROPER TURNING/NO SIGNAL,2.0,33.0,5.0,5.0
03504c12d502870fe4d95cfef1fcfaa1b9058d6418ecb666d677560fc1f71c58e819a2fc8b117ec9ef183aaccc08305585f2973225b83ed7e2ea63a0e64a9393,CLEAR,DAYLIGHT,DRY,"OPERATING VEHICLE IN ERRATIC, RECKLESS, CARELESS, NEGLIGENT OR AGGRESSIVE MANNER",2.0,19.0,1.0,1.0
0350558e94cb5ac0454e1ac77b8f02ceb7fe4788f8977bbc0a733920bb56c8bee3763f55a46c66dfa9e14e9e2351cb294f6c7ab00f6c975ac1b2760bec71f704,CLEAR,DAYLIGHT,DRY,FAILING TO YIELD RIGHT-OF-WAY,2.0,29.0,2.0,2.0
035071377dbda4e83ac6673fa4578d0a37f426b42c092ac207946192e572265cc9160758ff9a1fe36b2b13fa7d4374a467bd1d0aec7cca283d4604dabbde1e5a,RAIN,DAYLIGHT,WET,IMPROPER LANE USAGE,2.0,20.0,1.0,1.0
035086251505cacd67c5fdee4e2c38d405c59f0fe541cedd1fcd4c4efacbbbe402b56c38c887be7fc789660cc5a83f19b183e87825dcf312d8316b7609a08d52,CLEAR,DAYLIGHT,DRY,FAILING TO YIELD RIGHT-OF-WAY,2.0,51.0,2.0,2.0
0350f2d79669e3cbb586e4b21e98ce21565811ba39b6f0034df4e2914ca7664ec89894c107c9d3392c430c8331ab5d376fed627c06d6e4b74aba7bb79f1e5e1e,CLEAR,"DARKNESS, LIGHTED ROAD",DRY,DRIVING SKILLS/KNOWLEDGE/EXPERIENCE,2.0,47.0,2.0,2.0
03510c76437240a56cc62cd05010b8917effba9338fd0adf6b05318d5550dcf546c9aadf82b8e2d93d9cb682ff78ab567b20364b6c2251e90937c7e7184fbdd0,CLEAR,"DARKNESS, LIGHTED ROAD",DRY,DISREGARDING TRAFFIC SIGNALS,2.0,31.0,3.0,3.0
0351345e754f4dae7cb1521d73e60d7a7702021b9b8c03f1c13b7eb1bd616ff8d999686441e909cada63ddc9f941dd1898730eb8da83d3bf8e6d1f36d1eaf98f,CLEAR,DAYLIGHT,DRY,IMPROPER BACKING,2.0,59.0,2.0,2.0
03513ff2f6c149e5ce1bf481e1ccaadd2a0cffc37844a2fe15669914be151d210fe1308c8369d120f0dc1698f449f604de27d9f1c96d75131889c143fb298dc0,CLEAR,DAYLIGHT,DRY,DISREGARDING TRAFFIC SIGNALS,2.0,62.0,2.0,2.0
035149a4a01352e5ba496a8f1789015994adfb5c8af39b8579ed5c89f17c934ff1f83e732b2aa4060cf59c9ba5cd035ab10ebf4ab743a0d00307526a0c9262db,SNOW,DAYLIGHT,SNOW OR SLUSH,WEATHER,2.0,41.0,3.0,3.0
03515584b1eb553ce3522fee40fcf5bbd5bf7e6785eacea2b46742a29a4532681715f278d66f957d5c5b04ed8be63bf417318c4387080d8244aabe24199b2b3e,CLEAR,DAYLIGHT,DRY,DISREGARDING STOP SIGN,3.0,47.666666666666664,3.0,3.0
0351808b1ba2dbc621f7561d45656d722c89fd77c8f1d2c7b3fa2b3011fb4bc598b373095fce515b3fed7a633de503c7127f7cde87046473cca683a1c9b584c9,CLEAR,DAYLIGHT,DRY,DISTRACTION - FROM INSIDE VEHICLE,2.0,53.75,6.0,6.0
0351f2e879ab4188f7a625d1287f69512a3b44694931ec9478c0fb4773ef6a3665f0628f79a09d38f940cc0a6f3dd17056932d689d6df7aa017db8e85b4c9147,CLEAR,DUSK,DRY,IMPROPER TURNING/NO SIGNAL,2.0,59.0,3.0,3.0
0351fe3b82c21ede9ff6aa342992d351e78104b9e58a43eaf86c752258c4271776d29fb7a952f9b806d1da86edd44ad0e8d22c02a09f84a62f0758a143c64f5d,SNOW,"DARKNESS, LIGHTED ROAD",SNOW OR SLUSH,FAILING TO REDUCE SPEED TO AVOID CRASH,2.0,34.0,2.0,2.0
0352009931e3350ca2ace4ff0bad79c7a146374a58b8b948f007cb05807ccd374b9a0758bb7c69b263ae43fae3671a1bb9854f25aa2c6398fc3da22db768c763,CLEAR,DAYLIGHT,DRY,IMPROPER BACKING,2.0,37.5,4.0,4.0
03520eb9341553c795a660339a3386d4448790943b2d91426fa3ef53fbe3c4d3100b52c91ba189280c9c298605f631a1e68522116e42faa5cb99cf731a9ec4c8,CLEAR,DAYLIGHT,WET,WEATHER,2.0,44.0,2.0,2.0
035226b200381e1fcbb9ee9f934bcf06929a72dd45299e727da89d72a5f4b878d121abb4475e4ba78cde1a7e0f3af0af89f4a5ded45984ca46dea2d58fda5768,CLEAR,DAYLIGHT,DRY,FAILING TO YIELD RIGHT-OF-WAY,2.0,72.0,2.0,2.0
03524ffcd90ba237d0596f47f994e18d31e0990e7b588dda9afaa42a186ee60b12b148b33dfc2d61d364d32b02f03d99d41c90e9548f3a7c1dedd2d8b495f83a,CLOUDY/OVERCAST,DAYLIGHT,DRY,IMPROPER LANE USAGE,2.0,68.0,2.0,2.0
03525f677111a9b1bb2c1aa2f20f14f9b230e0e182d3b52dfa86d41433e4a8024d50d86a292010fab44a3b454e933dc20f42bd02d97936dd6ae8664735f309de,RAIN,DAYLIGHT,WET,WEATHER,1.0,58.0,1.0,1.0
03527475129e0e77621e3533d574ea31d53c35d179a1d5f745e37cb98c530e06dc25d302de0f2f77e90d21567b610d287c70f74e9a9272627ac5fb8a073b1122,CLOUDY/OVERCAST,"DARKNESS, LIGHTED ROAD",DRY,DRIVING SKILLS/KNOWLEDGE/EXPERIENCE,2.0,37.5,2.0,2.0
035290dc2a3cfe886553a9ac40fd2961cac1dc6de6b3fcb104ca736430efcbfaacf68de476164232f01a4d5d7d61461a95dbaba0ccff500b1c0503690d369a3d,CLEAR,DAYLIGHT,DRY,IMPROPER TURNING/NO SIGNAL,2.0,42.5,2.0,2.0
0352d93c801a48053c0780bc6e38767eb72b21545414dccf020b9f8fdd93f4056ac8177242755357c64a3a975ead26ab93142193cfa5c27cef3865ca6ce772af,CLEAR,"DARKNESS, LIGHTED ROAD",DRY,"VISION OBSCURED (SIGNS, TREE LIMBS, BUILDINGS, ETC.)",2.0,37.0,1.0,1.0
0352f36b279c3512523576560c2f580e7752651f2f92468da6b48e6cf57be9f36ea823c2fecc67a3a8e8a50253bb77d270155dc516ed12ee01e7bc890393f584,CLEAR,DAYLIGHT,DRY,IMPROPER OVERTAKING/PASSING,2.0,32.25,4.0,4.0
035302e83d15e04f51407edf2b3da97887e52530d2b96d2f757dab8e54f3882febfa1aa9454533dc1721ee78b7e1b33fc204042a883827c52568a120c9962bf8,CLEAR,DAYLIGHT,DRY,IMPROPER OVERTAKING/PASSING,2.0,35.0,2.0,2.0
0353129b34e5e66aed5523346f8a137f0ed7f80be20212c4e50294fc4aec18a76a0620bd7828075c451019b4fd4b9709b957910ee15731e9ab95a59c7aaddddf,CLEAR,DAYLIGHT,DRY,IMPROPER BACKING,2.0,51.0,2.0,2.0
03531497ef89f2b7f9be20d1e46621923a5b84404dd8390ea8f2faffe48ef5bceb3f4caaf121e153314de81504039830bbd3bebb26d68edc8f8a7f9078d45a4c,CLEAR,DAYLIGHT,DRY,DISREGARDING TRAFFIC SIGNALS,2.0,42.333333333333336,3.0,3.0
035329a4d10f24dff1cedc7b82440283c0a7d30c68e8e94575f9f1f6835d55296ef946ae3ddbcc57f462b88930e187aed5a57a44e37d405f3c1d75e13d9c1b5c,CLEAR,DARKNESS,DRY,FAILING TO REDUCE SPEED TO AVOID CRASH,2.0,34.0,3.0,3.0
0353584a1ed82b52b5ace2ee8f6558b9cdaf7715e2e1e6286acc3743dc622fad5d67c4d1c03f98131e140b4fd27853e76f094ad175a6a5ff534ea2a98e8a20bd,CLEAR,DAYLIGHT,DRY,FOLLOWING TOO CLOSELY,2.0,45.0,2.0,2.0
03536c331e0f9952f2031e5d365864981568137210fd5088fb8e37fefc3ec4e43c5082569dc81800db69bf63eb78585ddad562182dcbc402fb46bf0819249724,CLEAR,"DARKNESS, LIGHTED ROAD",DRY,"OPERATING VEHICLE IN ERRATIC, RECKLESS, CARELESS, NEGLIGENT OR AGGRESSIVE MANNER",2.0,50.0,3.0,3.0
035370aacd32b3f06c704723fa92e8d62f329cc6cf590795bf1f5d69d007688cf7c979adb480b12b0f4e5db11150d787606ba1c567bb93d184ea28cba0ea4bfe,CLEAR,DAYLIGHT,DRY,FAILING TO REDUCE SPEED TO AVOID CRASH,3.0,55.5,4.0,4.0
03537b258c9f8a6da1312651798f07fdd8d7c94da2dc17314487d11f8e6f262218667907f0d646c7706b063417e757d940be6f5e5c28dfade901bd2b9bc1e746,CLEAR,DUSK,DRY,DISREGARDING TRAFFIC SIGNALS,3.0,40.333333333333336,3.0,3.0
0353a382eda8f1f1bdbd10f14fda9dbc2b2825a5429e8c0dfbb85eacf3fe53d0c47ec767e5f2b7432e6e1212c01ddb9a87a4210e519d5701489aceab804fc3c6,CLEAR,"DARKNESS, LIGHTED ROAD",DRY,FAILING TO YIELD RIGHT-OF-WAY,2.0,41.0,3.0,3.0
0353f68a58f92df0678795cf66b43e24d19eb76eef46a47e50d9bba6285e3af87f1591128e2b85f5f4cf5919c38b93171792f15d10a1c385396fdb191f321d4f,RAIN,DAYLIGHT,WET,FOLLOWING TOO CLOSELY,3.0,31.333333333333332,3.0,3.0
0354090346c63b23da062c9aa3267c12522e7d90a177321efdc1bada39e028ed7b73ac5da80f5e78feb6666bdbf02daa1bdf254e0036a82fd9e22a42a517f33a,OTHER,DARKNESS,WET,FAILING TO YIELD RIGHT-OF-WAY,2.0,47.0,2.0,2.0
0354166215dd5ea94e3a225ddb5ce14b12c07dc91fe6256b47645d2e5758921609840faa40b88e6b5c12530b8ad8c16ece98cf378ac9fa56361ae0234521f991,RAIN,DAYLIGHT,WET,UNDER THE INFLUENCE OF ALCOHOL/DRUGS (USE WHEN ARREST IS EFFECTED),2.0,34.0,1.0,1.0
03542c23dfcb10335cacedb5ca75b624cd1d37fd6b28fd4aa8ed53c61da57650da89aca40ccfadf6b1eb244c82d58b4186bc3c914f22e7db959f1b9f83fe71b3,CLEAR,DAYLIGHT,DRY,IMPROPER LANE USAGE,2.0,55.0,2.0,2.0
0354454f4d6adcd153f5b6aa95cb979c6133fcd3acc107d8ca3e6048a26c41e851e9bb1ed2669c888999a56338ad82eb21ec3679a29e86f7fb24c06a79509fa0,CLEAR,DAYLIGHT,DRY,DISREGARDING STOP SIGN,2.0,21.5,3.0,3.0
03545e2522487325519515450166a0f55a7e5213d4692e68e33c522a992f0c290d967e62f09dd8374e35aac081472e3d9be8ba9895f2ea998247a30a44b9dc07,CLEAR,DAYLIGHT,DRY,IMPROPER LANE USAGE,2.0,37.0,1.0,1.0
03548ad775736a57f5bcf9970b9ce7b84d20c817add480d13aa1c538597721263bc6a0a2b890d3b44545ab2696b9d9e2afc7f392a8bdb96e9c480046a23285f4,CLEAR,DAYLIGHT,DRY,IMPROPER TURNING/NO SIGNAL,2.0,16.5,6.0,6.0
03549daae40dfbc482ae05ca7f393141db4385d09125e67a61ec07c780c2e4a14e7a1904773b53ec93d2736fee62ce3b797e7c52492803878719942abc8dc01d,CLEAR,"DARKNESS, LIGHTED ROAD",DRY,DRIVING SKILLS/KNOWLEDGE/EXPERIENCE,2.0,43.5,3.0,3.0
0354a423060308a123b3fe26f1752bc54ce5b5669fe1c29afac663841c4c16ddf73283ddf5a14f1f7883ad1a4b443911522a013fcf1cfe9ee215b1d8a80bd29c,CLEAR,DAYLIGHT,DRY,FOLLOWING TOO CLOSELY,2.0,58.5,2.0,2.0
0354de3e418dbe8e184243bace12e4e1e5151922a705979e056d054453a9bc0a3d4dcec1d9c3e6947490a817ea9692a14992285762df64859ea8363f026fa1ab,CLEAR,"DARKNESS, LIGHTED ROAD",DRY,FOLLOWING TOO CLOSELY,2.0,47.0,2.0,2.0
0354f47eac35e492f2833574c76c768e424a79e3e11ec6075022bfa54b0fd9b051e1bd908a7feaaf52f07c630ff7e208febc102fa6c798e1dd0cb067bc50b669,CLEAR,DAYLIGHT,WET,FAILING TO YIELD RIGHT-OF-WAY,2.0,28.75,4.0,4.0
03553af38e2360e9b556a31b1a58001a5eb7eeab4a1c914dd728425f925a647d2c24bbf44eb4612711953310dfe624c2c45e8175f0111c2a67c5fb21664b68a2,CLEAR,"DARKNESS, LIGHTED ROAD",DRY,IMPROPER OVERTAKING/PASSING,2.0,53.0,2.0,2.0
03555880615d066e04336a2abe7c14d3a0c2074a735bc0794f7a3ed96d961bdaa90451f126a78e1cf9ddad30f2ddcdce1f197645ceced920f23db19f8d7f5f3d,CLEAR,DAYLIGHT,ICE,WEATHER,2.0,35.0,1.0,1.0
03558a4afe3b05bd3dc30466e1e97853e15ebdba70fe76cb94362e6c15f8a3fda088491e57803030444b29d0b4066cfcdc2d11ffceb064e0f8c5e3740892b851,CLEAR,"DARKNESS, LIGHTED ROAD",DRY,FOLLOWING TOO CLOSELY,2.0,32.0,2.0,2.0
03558bd2814f138780db5c95b362d11409281952cf02d2e39e2ad0a4df3fc30c851e6de0182e987ddac5d0623645449030da6e760682005e3a423ba138df9df5,CLEAR,DAYLIGHT,DRY,FOLLOWING TOO CLOSELY,2.0,69.5,3.0,3.0
03559c34859e5c0e66dba3b11c21398b361f540396b9e28c6b1d02daa0362d09394dc367e20f466b5421d08c1af45aa44586fbf3c607316957d67a8607e113c3,CLEAR,DAYLIGHT,DRY,FAILING TO YIELD RIGHT-OF-WAY,2.0,55.0,2.0,2.0
03559cba0dae45aa715919ec46f67d79a81615691dce51d036777fb033ee864d00205fa2d5bf2745c56779bcbbfcc88a4dee76d15e752de7d3576403221185a2,CLEAR,DAYLIGHT,DRY,IMPROPER OVERTAKING/PASSING,2.0,37.0,3.0,3.0
0355c7c54a2f5c50ef42cb2da215888193ee110948670886c16731271b819acc6292c7616d60cbd9677f4c43a4da2ad108f6601ec86f4eb6ab026a071613bbe2,CLEAR,DAYLIGHT,DRY,IMPROPER OVERTAKING/PASSING,2.0,25.5,2.0,2.0
0355e026d1cfb9451a86297a0701602ba39d443262e3cf7c4b8f31f70ccd82bc132cf552eaeb20d02da7adf1f14f4a6e1e9eb6aa2f1b7b35c656ddd1350fec34,CLEAR,"DARKNESS, LIGHTED ROAD",DRY,FAILING TO YIELD RIGHT-OF-WAY,2.0,20.333333333333332,3.0,3.0
03562bd188731c95cec1575fbcc2529519b9c7080740176b6d55a3eca42bacc674715c07d6542c2e5939a628bfad895e0b1363c638895fdb2dc76e5ec2b98b22,CLEAR,"DARKNESS, LIGHTED ROAD",DRY,FAILING TO YIELD RIGHT-OF-WAY,2.0,22.0,2.0,2.0
0356499ed1b83bcd97b92b5ce27af6fbb34b2cadbb7e9b7db39cd80215d53ba3ebfdb7b375adc197600f35bbb90ab098969d786a23596f512f2c23d0acc8fed5,RAIN,DAYLIGHT,WET,DRIVING SKILLS/KNOWLEDGE/EXPERIENCE,2.0,37.5,2.0,2.0
03566840d3e57294d7f5273ca7df1e32cb5e01f1fb5bc308710d155b95516dd65110c203f00ba995b1d2be74d82e4457ea00e95787f0a4d35c084750653766c6,CLEAR,"DARKNESS, LIGHTED ROAD",DRY,FAILING TO YIELD RIGHT-OF-WAY,2.0,39.0,2.0,2.0
03567ea9fb29d554459fa99ea568a1135d1c5430b540b9bf0b1a70406e66903be1344c8ecb00fd4a2302e0572daea1da1ecfb59da854e07b4b2facd71e524059,CLEAR,"DARKNESS, LIGHTED ROAD",WET,IMPROPER OVERTAKING/PASSING,2.0,59.5,2.0,2.0
0356be8c39d62fc3aa8e004b866d868866237f1f6b838974c09edcb63538bf5c9656e9057f7c56e5329db935257ff7b6b0a1889b57ab658d554a8811c6376c66,RAIN,DAYLIGHT,WET,WEATHER,1.0,19.0,1.0,1.0
0356d33899b1fb32598475ba63f02827f90eacfccd051271e72b46f6ff5654136fad4d74d7deb00a8110855ec5419b990ae2afcd94022021bd2c507b0d0ef4e7,CLEAR,DAYLIGHT,DRY,FAILING TO YIELD RIGHT-OF-WAY,2.0,21.5,4.0,4.0
0356debc84f655481e01b097133affd75e5beead178bb8829999da400bbbcd8c42afd628e96929538a9c66fcb3ca16ecca9399452857d6aab799d402ea79adb5,CLEAR,DAYLIGHT,DRY,IMPROPER LANE USAGE,2.0,31.0,3.0,3.0
0356e1fd2b3f33035466b6016dc68ea79f5c22612dee66b56dbec69e1399d0398f073ad6b9304f28aa995e6999c008ebfc55010a7d4bd9b1acf9202fcf2275af,CLEAR,DAYLIGHT,DRY,IMPROPER LANE USAGE,2.0,37.5,3.0,3.0
03570d6f11f801ee07a2563c9f8f52134c875243f927b22216c86ccef7704d473acd11ade5efcc095b37e91554afbeb22fa86c0e5631f6b380d9825cb887cbfd,CLEAR,DAYLIGHT,DRY,"OPERATING VEHICLE IN ERRATIC, RECKLESS, CARELESS, NEGLIGENT OR AGGRESSIVE MANNER",2.0,37.5,1.0,1.0
0357126ea8790d5a2aa2733aae02572d1505b7fdfc1f219c2297cbc21d15307dbd50e14a756f18c86b82a443a806e9fe9e255cbf5a2aa43bef7ab86802814841,CLEAR,"DARKNESS, LIGHTED ROAD",DRY,FAILING TO YIELD RIGHT-OF-WAY,1.0,30.0,2.0,2.0
03572c8d5b573aec3007ffc9f4e443a5e99a2ff95ebee4870ef05d278095101286027c114821056b2b057f15abdba136e3e989b0e9943f7307fba617232ea39b,CLEAR,DAYLIGHT,DRY,FAILING TO YIELD RIGHT-OF-WAY,2.0,24.4,5.0,5.0
03572f66a0d0477584459cb783e8973a49da7903d7deb89a6c05192f662257fde8d22fd5f5bc294c8fd7fbd96884bac80262af3339739a656e315c4d30677d4d,RAIN,UNKNOWN,DRY,FOLLOWING TOO CLOSELY,2.0,45.0,4.0,4.0
0357593cf848dbb81df924b2bd11b45094ecb0e9c3c0baab3644e7cfba32d84f66a9160eb2893b03b5e44feda98ce08b056b46bb6026d95e5c8f53ce8d55d727,CLEAR,DARKNESS,DRY,IMPROPER TURNING/NO SIGNAL,2.0,29.5,2.0,2.0
03577f62cd089ae0a1f3c2bffdfff6c5e304a91dda45f33443b0f4d77773649e904d662db582116606074d9c7423e2bac9d292b0d9913141cc7499cbb6a8dc70,RAIN,"DARKNESS, LIGHTED ROAD",WET,WEATHER,2.0,25.0,2.0,2.0
0357806decdd0b198c5ea10cd439d679f64f0cccb1ebc1af95ae03bceded689e2f091aa4896c9ca2b9c070f4f2d2ecea1e6b54efeb4440f5613bb476e2fc860f,CLEAR,DAYLIGHT,DRY,FAILING TO REDUCE SPEED TO AVOID CRASH,1.0,47.0,1.0,1.0
0357d521259c44e329908bbc03c8651d42db7abe1ccb2a923567caaad8de599daa70a6c5a0f2d12101d3f4bff3e523384ecee7589a00075bef4cf2ff780fb191,CLEAR,DAYLIGHT,DRY,FAILING TO YIELD RIGHT-OF-WAY,2.0,43.0,2.0,2.0
0357f913570e1a61becc9fa0d45bda05a0702cf8169128f567e19f33539658748376fb0b31ef6858d4177952561c7be25d97b15c1b5c5de04c0d796af0b5a72a,CLEAR,DAYLIGHT,UNKNOWN,FAILING TO YIELD RIGHT-OF-WAY,2.0,26.0,2.0,2.0
0357ffe8a6ad7d4fe7f11a7088fd5161500fbef7467b6031cb6a9b8f4f1201b22bca7e29e895a2155d1c59bce658134a1981eaabb9f2440ff97c4f1eb76f3cc0,CLEAR,DAYLIGHT,DRY,IMPROPER OVERTAKING/PASSING,2.0,57.0,2.0,2.0
03580f0d106c3fd41ba4bd4a641ea6407491f1beae91adad743ae42af89cb3ed9a0c580b839e04a96bdf4d02e8250203853956ddd98f8316445c5e891e79c0c4,CLEAR,DARKNESS,DRY,DISREGARDING STOP SIGN,2.0,54.0,2.0,2.0
035810a3a7549637f29edbbbf2c5984c95c04ff2a60e59e92481424016381cd44f85a4129e5526b0312b0c8706404377b4b7131bfc1f9f2a9619c08e8ba4fc2e,CLEAR,DAYLIGHT,DRY,DRIVING SKILLS/KNOWLEDGE/EXPERIENCE,1.0,37.5,1.0,1.0
03581405f714715cef4a1e7d52da98144584f7a8fc6c0068069d6ed0d6e012d020b47fb5dc13d4b40d6b59c6d9574174074eef9d92d816bffd88d80ecf91fe59,CLEAR,"DARKNESS, LIGHTED ROAD",DRY,IMPROPER LANE USAGE,2.0,29.5,2.0,2.0
035834607cc696c5f63653a66f73bd3d975f1789fb85b9d273a35602a5be0979ab00f6d4572a54c08baed1162ff06946d45402e95dbd216240bc7f553b9ec821,CLEAR,"DARKNESS, LIGHTED ROAD",DRY,UNDER THE INFLUENCE OF ALCOHOL/DRUGS (USE WHEN ARREST IS EFFECTED),6.0,53.0,7.0,7.0
03583466fd26dfe87e421de4b19691c78eb9c798ea69a10f406a3b4fa30a867c06cf75dba77641a3e987f0cc1f26a131a4bffd49366ccac137c8634ce9873b88,FOG/SMOKE/HAZE,DAYLIGHT,WET,IMPROPER BACKING,2.0,35.5,3.0,3.0
03584570e4bd59e00d6591c15477d682062b090f43bc59333b510a374e2ea97a917889b341fd1cd40b005f1ab9739d9b1abbff60e3b370e768d5f94d79f88c68,CLEAR,"DARKNESS, LIGHTED ROAD",DRY,IMPROPER LANE USAGE,2.0,37.5,1.0,1.0
03585573d3428bf766d80cc4037557bf221b70adbd6beb34e023c2dbc6a9c0402f97de7c5797892d8cb6cf449a77a6805c042cf51a5446378def722e8b904459,RAIN,DAYLIGHT,WET,DRIVING SKILLS/KNOWLEDGE/EXPERIENCE,2.0,45.0,3.0,3.0
0358658e8009850199d3c2c90f1b7905f70e47822b48032311cc05205b522bf13afe3dd4582cc970df79111ffef4d2344ccb1bbebff75aee72f6d7399c751804,CLEAR,DAYLIGHT,DRY,PHYSICAL CONDITION OF DRIVER,2.0,63.0,2.0,2.0
03586ce9696f24bb912b21ca08d366d0f2416aff4a6ace6ef28f3ef6c6f00b6ff0bc7b124dbf210d6bc3945b64959b796b46858b876851e08176ed7b0196fab1,CLEAR,DUSK,DRY,IMPROPER TURNING/NO SIGNAL,2.0,34.666666666666664,3.0,3.0
035870afe200d546763b7069d9ea391736477d83c1f775e8f4dbd7268595b77236e07fecf9ff8091f624fcb8a43ccb9d3c38c41ffcadde540d2d380790886096,CLEAR,"DARKNESS, LIGHTED ROAD",DRY,FAILING TO YIELD RIGHT-OF-WAY,5.0,18.5,3.0,3.0