crash_record_id,weather_condition,lighting_condition,roadway_surface_cond,prim_contributory_cause,total_vehicles,avg_driver_age,total_people,total_injured
03589c5590a53e52a4a825e0869f32f1f5c16c2dc70b50b4ca780811fd9c7e6d6e60c9c7f93230da24980af287c34b5decdeed3d3e8d7b8c7496ff5c3db9b981,CLEAR,DAYLIGHT,DRY,FOLLOWING TOO CLOSELY,2.0,36.5,2.0,2.0
0358a76b327bc459ebae0e3a5f6c89169a9825b8b961697524f3532c0d7c3a572aefc7d8612851b0fa2fef6b45978e7bfed0ec6219051ddd94a4321c3ae41178,CLEAR,DAYLIGHT,DRY,FAILING TO YIELD RIGHT-OF-WAY,2.0,33.0,2.0,2.0
0358c2e205f559fedd74fced00a9224fdf3e53a4233b15ead5e2bb840f20d8ad938bb045ee06b99edd7c57012ea6f6844d22ec85861023d6673e1362121d5f0c,CLEAR,DAYLIGHT,DRY,IMPROPER TURNING/NO SIGNAL,2.0,53.0,2.0,2.0
0358db5aa8d87f7d971f2461f3347e3ce4dfa6224436a8950695da5c8da56a60243a25f597a10af68a871814f28de78e815755f41f043c64d71334318868675a,UNKNOWN,UNKNOWN,UNKNOWN,DRIVING SKILLS/KNOWLEDGE/EXPERIENCE,2.0,66.0,2.0,2.0
035900daaa437bf1921a5ca1c0ba5b8fa310c9a35ac60e25b99058a9b568e2b1b0c2e2337b22997cd86bf8383d4d840198a8d0ecfa33781d10d1ae773c0f85ac,CLEAR,"DARKNESS, LIGHTED ROAD",DRY,FOLLOWING TOO CLOSELY,2.0,22.333333333333332,4.0,4.0
03590b78e638cd704d86f68a6cf585e50cfa072676503b7ad403a4a9374ae13a0d01d89de4e1aa5413b016675cd39037700e57c1ab94d7439d0d3f60e9281f7f,CLEAR,DAYLIGHT,DRY,FOLLOWING TOO CLOSELY,2.0,38.0,2.0,2.0
03591dc5a732bbeef91b3f671331be1b43fbd5ab39e05367b152a3b5e67d975942d1c5002153592898c3d5d95bda1dd4881b10d2f173dd8849011a7e7d881bc9,CLEAR,DAYLIGHT,DRY,EQUIPMENT - VEHICLE CONDITION,3.0,38.666666666666664,6.0,6.0
035922f7655285b38112753dec97c5f848560a21e9efce53ccdc5cac6a4dcc9b6f413cc1b1fc24bc9f58797df278a07fdddb14a9df82da1918ada41e15d3f502,CLEAR,"DARKNESS, LIGHTED ROAD",DRY,DRIVING SKILLS/KNOWLEDGE/EXPERIENCE,2.0,24.0,1.0,1.0
03592add5a26a4e4840c3c38510696e718190c78b74b58450667dd26f9470838d7b8cfa11a0fff167872f0a041dd62952f9a350478ed5cb866ed6123de3d54d0,CLEAR,DAYLIGHT,DRY,IMPROPER OVERTAKING/PASSING,2.0,51.0,3.0,3.0
03593c2256c556b199fb75a7520dc937362c8725d39c84bffe484e9839c1c079b30743697da780185a6ebba55f8e1c51698c6c9494bb2818c6814dced5e8afb7,CLEAR,DAYLIGHT,DRY,FOLLOWING TOO CLOSELY,2.0,20.0,3.0,3.0
0359451111bc3c70ccf539d54609c1d5516edd7ff6bf3105b3a854d4bbf9c3502353c8c26ea2756cd261be6b352c81c579f8e6278566a8df2707a0ade3578c32,CLEAR,"DARKNESS, LIGHTED ROAD",DRY,IMPROPER TURNING/NO SIGNAL,2.0,29.0,2.0,2.0
035973010076c9a3b756ee3d0acd931bd9c648813be1aa09583c647d0de3bce899af88d6cd73a100d25fbf04bc6b054da7705eb1e031822890c1f5b278fcd8ff,CLEAR,DAYLIGHT,DRY,FAILING TO YIELD RIGHT-OF-WAY,1.0,60.0,2.0,2.0
03599f8221e18bede84d3910b588bdce5ecf4c337367465c9086e511fff8445fc22f6d97981ecb99a640244535a1645aa878a4b83c710240d9c70c4e36c86fe7,CLEAR,DAYLIGHT,DRY,FAILING TO REDUCE SPEED TO AVOID CRASH,2.0,35.5,2.0,2.0
0359ad226e217eb62d57a37b9c3d05f0174d36654894d4993258bc5ab41e8a0e08c3beee7a8e9a2a4a776801b3063fd1f03c8090ffb86e1424c49831705a73e0,CLEAR,DAYLIGHT,SNOW OR SLUSH,DRIVING SKILLS/KNOWLEDGE/EXPERIENCE,2.0,48.5,2.0,2.0
0359e32ff5537f85dc013005ff4e6046e2277d66002aa0328130c8e551052e61f6358cd0dd3f8478721da4b485e631ecd8a93e1742725d8e208a29873579ae9a,CLEAR,DAYLIGHT,DRY,DRIVING SKILLS/KNOWLEDGE/EXPERIENCE,2.0,53.0,2.0,2.0
035a11348d9b7aceb6a4bfe87eeb30b1c561155f9bce6e8ea1e12068aaf32536226736535f5765e86d853244b87daf82efb5fd2666b814d8dd8aea813fbe5edd,CLEAR,DAYLIGHT,DRY,IMPROPER OVERTAKING/PASSING,2.0,37.5,2.0,2.0
035a547167b8bda5c8460327c83f60c1d5d3f4fc33125c6df98798b97892abec02178c30380afac6c59b63b8bac01765f1a3a00c1255148e70a08c830cf1f379,RAIN,DAYLIGHT,WET,FOLLOWING TOO CLOSELY,3.0,40.5,5.0,5.0
035aa16955a86146c61d2789262773ca5c698aa6543d0175d73c3d0af9f8299235da19e443e7c326834f30de8cefa19ac23472a0ff9cc2ae364544592e62a409,CLOUDY/OVERCAST,DAYLIGHT,DRY,IMPROPER LANE USAGE,2.0,30.2,5.0,5.0
035ab06b269290417796cd4ecbda1b6e30517313bf5ed8c4003677f9c40df93f48c1516beea8637f98a58ef1e7a7f0a5388020978d9188c61feb9ef7cef8f058,CLEAR,"DARKNESS, LIGHTED ROAD",DRY,DISREGARDING TRAFFIC SIGNALS,2.0,27.5,2.0,2.0
035ac72c669696f3bfa3df530b48952b676f2cb5663e5cfd8ecb119a5dd773515e1af2424d44dd88916138202bb0ed5ca6239f73a12973fa1bd1813339538252,CLEAR,DAYLIGHT,DRY,PHYSICAL CONDITION OF DRIVER,2.0,37.5,1.0,1.0
035ae7f173b6a4c66abc1ead5baba5afdc44f81a6abdc7dac28acfbbbfa8baa5c95ea66aa085333098799546b666861cce030f02a2e95eb9ee5a5401fcfe3d77,CLEAR,DUSK,DRY,FAILING TO YIELD RIGHT-OF-WAY,3.0,21.0,2.0,2.0
035b2623f26bb5f107d9ae34e3272d3b7bc520a19aef9f4d91bda5d3024c562e59e5f91f7a55e72ddf7b37c805568c7007de8eee7031e9b573a6ef666c69c5dd,CLEAR,"DARKNESS, LIGHTED ROAD",DRY,IMPROPER OVERTAKING/PASSING,2.0,33.5,2.0,2.0
035b30904c653fce408a5e62e7617b17efbc6712e2c4f3a45177c16f3a0b928c558bcde5e34e35b43e489e91272e20562f88d31371352b2b82f864ad68d2b35f,CLEAR,"DARKNESS, LIGHTED ROAD",DRY,FAILING TO YIELD RIGHT-OF-WAY,2.0,52.666666666666664,3.0,3.0
035b6768b1deeb3734f871dc12432ad8263620a9a716cdce9ab24eae65c2941323e9e51ae1e781d44dc216723139e910a7118933180a689a827c6295bbd94032,CLEAR,"DARKNESS, LIGHTED ROAD",DRY,PHYSICAL CONDITION OF DRIVER,4.0,39.0,2.0,2.0
035b92e0a7613e976612d4c6a0574786869e45214016b09f891a66c2c15cc9745b60a732f79b0a77cd2ede41fa4375372e0ee42762275a70add3e11c3977689a,CLEAR,"DARKNESS, LIGHTED ROAD",UNKNOWN,IMPROPER OVERTAKING/PASSING,2.0,52.0,2.0,2.0
035bd485f4a666cbe4ca0b1e7d358f840e9f063164f3c671a57ae33720ddb453f8b10137ed95c5adc45a16ce63f996d849d7b2e2bd75f268e8392ed9f002a953,CLEAR,DAYLIGHT,DRY,DRIVING SKILLS/KNOWLEDGE/EXPERIENCE,2.0,37.5,2.0,2.0
035bfa44d409a8826e840155a3cae46c6fe6e51b3a65953ad7317f467de65ddaba71485628fad8b21b1b4504c6f88993b42086446aaadd3675d8332f90b1a90e,CLEAR,DUSK,DRY,FAILING TO REDUCE SPEED TO AVOID CRASH,1.0,47.5,2.0,2.0
035c2f1e1709b1f35f7c92c51d1095710b6a5b91101b35a003cfa2c778c0ac9621a9723215deed98dbe863186fff9e7613c99b48a90d4a8a4a8f188740ac6e42,CLEAR,DAYLIGHT,DRY,FOLLOWING TOO CLOSELY,2.0,55.0,2.0,2.0
035c37d15f91a01a80de1af3634bd9eace1449ed767fe08266c7afbd6c360a9f7db5e6806f211c34267c5af0aa036e1546f305394f745ded2a24000f0125365c,CLEAR,DAYLIGHT,DRY,FOLLOWING TOO CLOSELY,2.0,37.5,2.0,2.0
035c83b3780f9aff6fa1a28f61fd777901cafea8823ef81eeb1bf8212484191d9b5142bd67f17e7b78915425ceac244b524921c282f7acc945509fb51cc53083,CLEAR,DAYLIGHT,DRY,IMPROPER LANE USAGE,2.0,37.5,1.0,1.0
035caea1c18550020240535084dd11be98256a0e87359125c3a86243af174b2d036f9a7bbcf9f94887b0f0bc36e25d0b50a1b6558ecdc9b5ab545cb22bd4bc67,CLEAR,"DARKNESS, LIGHTED ROAD",DRY,DRIVING SKILLS/KNOWLEDGE/EXPERIENCE,2.0,37.5,2.0,2.0
035cb22e23c6344eeb778339b374df066fe4322954e8b0496390e1c2c2e47bf7af9cc2ff7f3448fce41b32d97a89549d73f2c3e5a6d28092899a261aac2cb480,CLEAR,"DARKNESS, LIGHTED ROAD",UNKNOWN,FOLLOWING TOO CLOSELY,2.0,22.5,2.0,2.0
035cbfd6ed8ceaa174f617f7386b45b56dc161a9723c131a4be000ed61c45f18f9a0965334854249fc22ec714786912a0ed0c93c8382eabcf0826dbe6b3311ec,CLEAR,DAYLIGHT,DRY,IMPROPER OVERTAKING/PASSING,2.0,56.0,2.0,2.0
035ceb55f6436c76f687f1839082e143e216eacdb280ed5f3fc69e170230e39cf382df9527e74a9ac96bbb23bf9b2b1459e09d972b98b7258e33f57ab889907a,CLEAR,DAYLIGHT,DRY,"EVASIVE ACTION DUE TO ANIMAL, OBJECT, NONMOTORIST",2.0,54.0,2.0,2.0
035cfc3be7aa9c132195cfa4e44a731e6993ad34823da59a509caa72f53df0f336b60b65ac6dfa08dde491288f0b820c23d755103405f1b35cc86428e3f0cd3f,CLEAR,"DARKNESS, LIGHTED ROAD",DRY,FAILING TO REDUCE SPEED TO AVOID CRASH,1.0,20.0,4.0,4.0
035d543cc43475108d556aa212d4a861ce6db01aa1eb7c4903dd3fae4854bc7f550e474c87d7ba7ed6acebbe5ba07eabf5359389e90f1d6110ea103232e61474,SNOW,DAYLIGHT,WET,FOLLOWING TOO CLOSELY,3.0,35.333333333333336,3.0,3.0
035d59a09ea7369038090e14d99f82330242a4ee7ef437c27ca41f0038cba6fd0f355aa64b06a6dd371bd123279f68ca36f0ea087658a731cc8f342fba05b25e,CLEAR,"DARKNESS, LIGHTED ROAD",DRY,IMPROPER OVERTAKING/PASSING,2.0,56.5,2.0,2.0
035d64c9a86c604ca43984fc02bf410820e9437657f51e19a431e6a14a012309d7a75d5056d65cc129af72f2a47408e56bd1594a65b2b2c9ae75fc1737b4b858,CLEAR,"DARKNESS, LIGHTED ROAD",DRY,FAILING TO YIELD RIGHT-OF-WAY,2.0,46.0,3.0,3.0
035d6d7b890c10e96d89f0e4e2abf53fa5986e7dc972ef3143cd92588a1da0bf3bad32e5729601a026b9d926f02587fdcbfa5e50acd469c7cdebf7b7927aed89,CLEAR,DARKNESS,DRY,FOLLOWING TOO CLOSELY,2.0,28.5,2.0,2.0
035d968fe762c43304edf5575c28a112d7e8b2642aa95a7f8913ada3829888a422cd07d5c5dab8dc1933f0497f3709596d5ab58678164edef3762f44220f1b05,CLEAR,DAYLIGHT,DRY,FOLLOWING TOO CLOSELY,2.0,37.5,2.0,2.0
035d994ed65a7a9223691441c1772e7e4f98bebd59e3bd30f86eaf5feb07119b11217f3deffea33b87c827d0b5182d22c3362192fa1e35be9f08dbc960053bb3,SLEET/HAIL,"DARKNESS, LIGHTED ROAD",ICE,WEATHER,1.0,35.0,2.0,2.0
035df84459e7ab2644b5ef5181132eafe2030cebd149c7923ff0d7a1fbfa9355ee0820dbb72c0cf88d776a9321e88cfd1cb78fd67e5e68e5f83af3a5c6804e06,CLEAR,DAYLIGHT,DRY,IMPROPER LANE USAGE,2.0,41.5,2.0,2.0
035dfda0e68a6c4f7948165e5e10750e7d856f8fa4605c2e9f2df666b62c7d51d1ed7a09c488f51799c55efd37236eb37a11226caa756af5d29bdba2709a1faf,CLEAR,DAYLIGHT,DRY,FOLLOWING TOO CLOSELY,2.0,45.0,4.0,4.0
035e049fecdb961a772746c361255467a173709afe38c07f31dc0cd47db71b8bb996447f83cb2bce249b33a337d131503e03c28ae7ae933dcb05234aa4f20e13,CLEAR,DAYLIGHT,DRY,EQUIPMENT - VEHICLE CONDITION,2.0,42.5,2.0,2.0
035e23dbf8e58bc0f303acf5b00f8287f51e1a961a5acb07f2499f702630d4b93f6f459d80e516c1fa9140641acaa934b3ebcb6b1accc29a57f3a262f2174a3a,CLEAR,DAWN,DRY,FAILING TO YIELD RIGHT-OF-WAY,2.0,24.5,2.0,2.0
035e3c5fcf3c672cf7934b4a382fdd0e8af2c43c80b813caab043ad377a09304c612c034455fb0a7b86c80e95b3a295c91dcce4794aa7cbdddf7565d98ee7c43,CLEAR,"DARKNESS, LIGHTED ROAD",DRY,FAILING TO YIELD RIGHT-OF-WAY,2.0,37.0,3.0,3.0
035e545d9adf98857d0f061777725e9682ac190704a2397f11360c9b1cdc16fdfc72e60c03fc75f5f6afcff06f49d5975df3e7935646688510d6dcccf30b3d98,CLEAR,DAYLIGHT,DRY,FAILING TO REDUCE SPEED TO AVOID CRASH,3.0,69.0,3.0,3.0
035e608d86c22b9079931f08d72abeb791411a1d1230922efff713196390bcdac7cce2e255f9879ee743a046b746f06ca64ddc7fac7dd0f92215181a935f90dd,RAIN,DARKNESS,WET,UNDER THE INFLUENCE OF ALCOHOL/DRUGS (USE WHEN ARREST IS EFFECTED),1.0,40.0,1.0,1.0
035e7052078befad94c7b16da17822b40efb6583cecd706e51286cc7a70b6f084a770e7f397b0c7f6f56996d0ae0c9c485d8290115c0f3da8f169bc29677842b,CLEAR,DARKNESS,DRY,IMPROPER LANE USAGE,1.0,51.0,2.0,2.0
035eaae1825ef56b10a28c93cac284f71e80a833067380b2b06e666013f581928ed1dfb5d4a0cf135e68c118c6b1606445295f12000bf05a1a8d6e6f9dbabc97,CLEAR,DAYLIGHT,DRY,IMPROPER OVERTAKING/PASSING,2.0,15.5,4.0,4.0
035ec98b1faf860b5d2dac45669a1ae84bb364aadb65ce8d87282f2eac4e0a8eb4d0ab6b63c0c0c8b0c7f0787f7b5a3ad1579bb063ecf0bf15fcd78548762a52,CLEAR,DARKNESS,DRY,FOLLOWING TOO CLOSELY,2.0,0.0,2.0,2.0
035ed8f215e2e8fb24226f4ee64f797ea389ca744d169f8229bc27624198d43cf78ec468bd66fc439f8cf639cd77e2e20954f6250a8b69a39b7f5bdcecbfac0b,CLEAR,DARKNESS,DRY,FOLLOWING TOO CLOSELY,2.0,46.5,3.0,3.0
035eff931b58654b84d0ff126bfb29da4a759ca15ee86b09638b1372195ae65651d041e970db1579e834b86a18f6501f3ae808a46de71bc3333e95538634497b,CLEAR,DAYLIGHT,DRY,FAILING TO YIELD RIGHT-OF-WAY,2.0,37.0,2.0,2.0
035f1bd6e1fba15a9111b5f65e21a7b5b906ca84f41796c1803b6dfde9b68ba3726b9d1cd8cee9446f2864de053a35fdfcca6627636d5ea77389a60511d1273b,CLEAR,DAYLIGHT,DRY,FAILING TO YIELD RIGHT-OF-WAY,2.0,57.5,2.0,2.0
035f21c45f4dcb28457ed99721be95d7849d804c6284df93e048dd1b5a97be9b140dbc016626f01e486eaa5b251f551403ae1b1f93c50cda760944ca24aad28f,CLEAR,DAYLIGHT,DRY,FAILING TO YIELD RIGHT-OF-WAY,2.0,25.5,3.0,3.0
035f3137d9291ee4bb40b725fd0e2e0379d0be1ed89fb82f52c645bf703426963859623d5fc60da2b4e54f8825960398946d21dd0b53d09958dadb90c7558228,CLEAR,DAWN,DRY,IMPROPER TURNING/NO SIGNAL,2.0,33.0,2.0,2.0
035f3dd2883dc1cc26a5b0c55dc550bfd0e3d5aec77e97118f0e2f005c88f4cb1a8289c15e7858317af2c07c3ff741b72cba0934962d9a379f063a95b0f2440b,CLOUDY/OVERCAST,DAYLIGHT,DRY,DISTRACTION - FROM OUTSIDE VEHICLE,2.0,40.333333333333336,3.0,3.0
035f6a0c77c4671b280aaf0c6a6e22ff3c212955ddf616935567a617763dde367e20f0a16ea1f281649fd837b8b236641b4f21cdf31eec20d7cf644980bc3753,SNOW,DARKNESS,SNOW OR SLUSH,DISREGARDING TRAFFIC SIGNALS,2.0,16.0,3.0,3.0
035faa8cd7d858ef39d0bb3ef9cd4b4b417a33b37a675d95526c4eb7d91f894d590c18d5d351f26107ec28fc880e271d58e4409194a29fd88806f28aadd24b31,CLEAR,DAYLIGHT,DRY,FAILING TO REDUCE SPEED TO AVOID CRASH,2.0,64.0,3.0,3.0
035fb91a786f8d70f7e1b00ad44a4da10a63d3705e9ea075a46a46bc48631d10b06c8ad9520bb7ad736fb19fa0fa44ef84572ffefdf8d242bc1040d5822e8713,SNOW,"DARKNESS, LIGHTED ROAD",WET,IMPROPER TURNING/NO SIGNAL,2.0,46.5,2.0,2.0
035fbb1e9523c1e6bbf216da1bd6b0b71a4c606a193416afd1c6c7ff4cf77aa79fb1fad5ebadd3521df110e60dd1dfb9e98ffc0307f4d91ec07fa730accdb109,CLEAR,DAYLIGHT,DRY,FOLLOWING TOO CLOSELY,2.0,27.0,2.0,2.0
035ff68c73561f33ff94ebfa25db435095107d242372770ca4f19dce13bb1222ce5714afed098014af2084e17cfdfb3fdf5841e029a9f55820261fe0dd5b0b8d,CLEAR,DAYLIGHT,DRY,FOLLOWING TOO CLOSELY,3.0,30.333333333333332,3.0,3.0
03601b9ba64e49b9a50e550fe34d11076897f6d37a31a1c85e2686f82466e4ce75c9832b9572fc9cb9f6f963292395222d8b06394dd560c9fe94bfc7174d4618,CLEAR,"DARKNESS, LIGHTED ROAD",DRY,CELL PHONE USE OTHER THAN TEXTING,2.0,19.75,4.0,4.0
03605cf2f66f4dddb776dad78e89ae4871ed65fd6b2b9f9199e7146018d32416a0a5fa47dc96697e4a1e14700ec1e83456d9428a6d0b1792e76b13186e0ce587,CLEAR,DAYLIGHT,DRY,EQUIPMENT - VEHICLE CONDITION,3.0,46.0,1.0,1.0
03606c1401bd7b3b94e92f93aded337ff41850ab0e6d15ef308f302e7f2280d4f622dfc584868fe0c989e4c409f7d3685584b7d8b3a8876021f12ead6c886496,SNOW,DAYLIGHT,SNOW OR SLUSH,IMPROPER BACKING,2.0,51.0,2.0,2.0
03608a228aa1a0ae880d237e88803e3027582e49f945074d6204e08e4fa2b55f9ed13ae1952c31d078e164c427f5ebf9513a26abef5d32b81e6729f1d9b85086,SNOW,DAYLIGHT,WET,IMPROPER TURNING/NO SIGNAL,2.0,62.0,1.0,1.0
0360a4dff13b5bbe710fceccff2aba057a0d86c9eb643e2f224bc8a1121a126935deab53fc77a9b89a613e0b967653f0866780c2d39d517b959e47205bd0db7f,CLEAR,DAWN,DRY,FAILING TO REDUCE SPEED TO AVOID CRASH,2.0,46.0,2.0,2.0
0360e448dcdcdf38b16a564c547f9338ccefbe6a06979c93eea0e50211c9827cbb62d6b8404904d157398cc56eddabecb5f35dee542bbf832ab51b99695d27e4,CLEAR,DAYLIGHT,DRY,IMPROPER OVERTAKING/PASSING,2.0,65.0,2.0,2.0
0360e5b5c2a4275197f02b816b0a60ab3a30d6cbffa312ad92a48153d426c4d60132850aa5944d415aad3eb1c99ac83b8348ad56497109bea98adc2d55f76fe7,UNKNOWN,UNKNOWN,UNKNOWN,"DISTRACTION - OTHER ELECTRONIC DEVICE (NAVIGATION DEVICE, DVD PLAYER, ETC.)",3.0,28.25,4.0,4.0
03610f434ea26e206cf6777468ddfaa63f498a68a6d5535cb5ad705b9946031a4e8e39052dc76467d35319ee91b6b6728b7346765cfb50f870b6b2121625a474,CLEAR,DAYLIGHT,DRY,IMPROPER LANE USAGE,2.0,37.5,2.0,2.0
036111155de154efab91994b5128e6d2ca3f770a5dec11e39859a874001287b6d3dcbba8ecec8b51f89dfc5b036f0a59b516bf171b99477e9fe4b7d94c41efc9,CLEAR,"DARKNESS, LIGHTED ROAD",DRY,IMPROPER OVERTAKING/PASSING,2.0,31.5,2.0,2.0
03612868c6bf5e657646198ddef8be14c4e025fcaed1640cab7cb095fa7361a6f4263486622865f0bdc7626462a8ea28b9d91229c5f43aa1cf9191ed275b872e,CLEAR,"DARKNESS, LIGHTED ROAD",DRY,DISREGARDING TRAFFIC SIGNALS,2.0,21.0,6.0,6.0
03613070aa33c60f2ad0719896f33e8f692728a016d019383b6fda86ac22d25b7a33490287df11ad66dbdadc8038fb1fbd8326884971a5351566242338436ef0,RAIN,"DARKNESS, LIGHTED ROAD",WET,DRIVING SKILLS/KNOWLEDGE/EXPERIENCE,5.0,20.0,1.0,1.0
03613cc1806fd75dfff7dc3b788ce68dc302d83f0aad56e17e1cc758fdc1bd0585914dbab49cd756d76a1e83c7e4e2eb1fdb93518b9937afbb29629f8056591d,CLEAR,"DARKNESS, LIGHTED ROAD",WET,DRIVING SKILLS/KNOWLEDGE/EXPERIENCE,2.0,37.5,1.0,1.0
03613eb9a6e9b9bae4583c6f35d4be61691a578c3f78e5203335d727f720b4260678405350e5406633adaef387e61c867db2e7febde7b2d3f65bc6cf5174f430,CLEAR,DAYLIGHT,DRY,IMPROPER OVERTAKING/PASSING,2.0,47.5,2.0,2.0
03614b4fad70cdc228cdab2f4a595bd071d6ae31863087682a03fca14f152d98627072d14387f9e4bc3c60579162ee7a8ed78882324068e985f96e6563b9d0d8,CLEAR,"DARKNESS, LIGHTED ROAD",DRY,FAILING TO YIELD RIGHT-OF-WAY,2.0,34.0,2.0,2.0
0361540f252f7fe52432e9439c2a21afe4a0173598851bddc8fd3b828830c9aa0535fda646da3d1b42233c7e3cf84bf0c4ae41154281c8f8e4a5d390d3e27e36,CLEAR,DAYLIGHT,DRY,IMPROPER OVERTAKING/PASSING,2.0,61.0,2.0,2.0
036172a8dfb07e6317701e4e382ff891a79b6056f33c86acc9e2052daaa27351a668b4a52cc2e00f29168d4dbb20f9357696621b49e891f3f224d3b420f63646,UNKNOWN,"DARKNESS, LIGHTED ROAD",UNKNOWN,FAILING TO REDUCE SPEED TO AVOID CRASH,2.0,62.333333333333336,3.0,3.0
0361bf9c9cf02f10da227e41f301806f74dfba306297f5f40b437ec44388bd5eb4e8a578ba099384fd367f126be621a08123427c49197ac0c4a85d0a0e396ed4,CLEAR,DAYLIGHT,DRY,FOLLOWING TOO CLOSELY,2.0,37.5,2.0,2.0
0361dedcbe63edae56485029fcba1f424b51d8cab971032862fb985c4f155bbde838b1986eb03ad840a77072fe9c618c6f95f45a3882b4e311655272afb49f5a,CLEAR,DAYLIGHT,DRY,FAILING TO YIELD RIGHT-OF-WAY,2.0,36.5,2.0,2.0
0361feb5a5ef2e824270ba475f512126ebe9a609e9f75ed6d763029ab39533dd698545ceb9bbc0e8a5c196e1616ebff3439ee3d42613bad4c5c2b10fa9350bba,CLEAR,DUSK,DRY,IMPROPER BACKING,2.0,76.0,1.0,1.0
03622b1452fd95d50e19a543516a4361af1d61bcbf3c5c6dbcb159422cb7f7d4b96523248895d64cbfbe7e6bcc1b39be7c0177f360558d80ad640b621e97009a,CLEAR,DAYLIGHT,DRY,DISREGARDING STOP SIGN,2.0,56.0,3.0,3.0
03623423cde4d78769df72a8ce909b1b8cef3a7a24e1225cb590ec7d4a81ef0fe6e18801599f8b867ff33b878c0d8df29963aa222d1b4437ffec81b0a289bf19,CLEAR,DAYLIGHT,DRY,IMPROPER LANE USAGE,2.0,48.0,2.0,2.0
03625e4df6a3cb0f2788c6440d96f7deb379ad047dec2b53d0bd3dc741da80cf304cefde8f7c865f4c4ed4a1f109265f6a3b7e58526e4d1463204a1b92b931d1,CLEAR,DAYLIGHT,DRY,IMPROPER OVERTAKING/PASSING,2.0,37.5,2.0,2.0
03629660f8a90cd2d8824e52785583bbf5f029b3a34b5f8f6a4800799b17adaaaca0c9ba1d5621020f2709ed23b332dffbf463b056580a6b8e327d68965aeefa,CLEAR,DAYLIGHT,DRY,FAILING TO YIELD RIGHT-OF-WAY,1.0,20.0,3.0,3.0
0362d10cc033683fad8281aab717805c04613ad62ea54e483372bb37d7bd83187a2f9eae5cdf66c2499367b0ffff11848113ec4b1c9e84fff9f6d16096bbc801,CLEAR,DAYLIGHT,DRY,IMPROPER BACKING,2.0,33.0,2.0,2.0
0362e10f77dac93b0e37005a2c6d5bca9cdd1c7e27cd2ca296bfced25b5e9a8a40577c0eded610e089370ae9a169552c4165c02cf37ce3a522e07afc2a12cd6c,CLEAR,DAYLIGHT,DRY,FOLLOWING TOO CLOSELY,2.0,44.5,2.0,2.0
0363016e64d2bc3b20b9579193256cd15871164958af9cdd3636283392af8728b70bee50ebf730632989417cc602474df1df689b4cb65b90f6201b6e5fff4925,CLEAR,"DARKNESS, LIGHTED ROAD",DRY,UNDER THE INFLUENCE OF ALCOHOL/DRUGS (USE WHEN ARREST IS EFFECTED),2.0,47.0,1.0,1.0
0363149589016bae9ee862d34d75d5fc6130631c400532a49ccac68b054d5ba7c57d054745f73fa7084c9780f272a8bc89e26eea399c5a867727ce45350372da,CLEAR,DAYLIGHT,DRY,IMPROPER OVERTAKING/PASSING,2.0,37.5,2.0,2.0
03631609db1f0db8276a86b7d61e1b55cab32e4a3fc61724119da6c187ce1b61cc4bd5ba0befe7f2d8ab08fea00eca5031e935b7c556d9d8a9fc5312a5e76a64,CLEAR,"DARKNESS, LIGHTED ROAD",DRY,DRIVING SKILLS/KNOWLEDGE/EXPERIENCE,2.0,35.0,1.0,1.0
036317f46817ab25f251be0a6fd51776b0ba4aad1668fa262e58a615af5fd2cfc843799da6f414d31e448eef16f9b240f88b160d8b3544e637aae3a9b8c321a9,CLEAR,"DARKNESS, LIGHTED ROAD",DRY,ROAD ENGINEERING/SURFACE/MARKING DEFECTS,1.0,37.5,1.0,1.0
03631955aab01820d8a4b467b9cddf36e7c6dbe4de9856ad1a2377d5314a2f9fc9b83cc13bfb6b704db9e2aa16de082ada69cc82395eff2eaaa1e87dec8e18df,CLEAR,"DARKNESS, LIGHTED ROAD",DRY,FAILING TO YIELD RIGHT-OF-WAY,2.0,25.5,2.0,2.0
036328745c021a7d29c5b9c01b68c81998485339d5d075c900abd986ebebd250adfd5ad8260eab0ead1851471f2a949a0cfac719aed981b6c0c01d039bc20153,CLOUDY/OVERCAST,DAYLIGHT,WET,IMPROPER LANE USAGE,2.0,53.0,3.0,3.0
036329e055d2fd8f544f45434a7b77161f34c6c0c9bde3f2e1e49e032825c5eb5f473aa774a1cf1ddf611bbe95acf1f7a226a1d38ac3b3f45bb76bafb01feab7,CLEAR,"DARKNESS, LIGHTED ROAD",DRY,DRIVING ON WRONG SIDE/WRONG WAY,2.0,19.0,2.0,2.0
0363561e78d97a40bdb23c12c827b92e093660e201599184b9c9566b3cf4d5a661d0cff927f5f51d2d06136d70b3ee41c818f82b3180ac0ec70ca5c06a2a4aaa,CLEAR,DAYLIGHT,DRY,FOLLOWING TOO CLOSELY,2.0,37.0,2.0,2.0
0363715f47520a3d5aa8047d0c76183afb9ad4d91bfe14c8ef95a3dfed8268bb513dbfad364ca12f5e769e900b49a3a27c60c5a49758c87d504ebca24c5b0902,CLEAR,"DARKNESS, LIGHTED ROAD",DRY,"OPERATING VEHICLE IN ERRATIC, RECKLESS, CARELESS, NEGLIGENT OR AGGRESSIVE MANNER",2.0,37.5,1.0,1.0