crash_record_id,weather_condition,lighting_condition,roadway_surface_cond,prim_contributory_cause,total_vehicles,avg_driver_age,total_people,total_injured
03638af46c401466857cc6f4038eb6c992ede57917393fb4383c2af117055321f6bb25bf8ef799f06fadace775391a30b652b4323d00e3739148a9805896669e,CLEAR,DAYLIGHT,DRY,FAILING TO REDUCE SPEED TO AVOID CRASH,2.0,68.5,2.0,2.0
03638b6d740742c9387f868fd2a05cfd23bdb32782a35821c41e36a718d373b45ae39850ad476d9b234a7b60e80047db17c2ba232968e2b346715089226a0d5b,CLEAR,DAYLIGHT,DRY,FAILING TO YIELD RIGHT-OF-WAY,2.0,43.333333333333336,3.0,3.0
03638ef16e1c454a0167351d2ba8820e877496808c9f818e613724b60a1092777c543a432c4072fc522f906fd08cc4b203c2ca3fc6d74e20cdc4df99bb5ccc65,CLEAR,"DARKNESS, LIGHTED ROAD",DRY,IMPROPER BACKING,2.0,38.0,2.0,2.0
036397ab0130bf776307e7b734dd85531192acc7030432b3771c20cc0bddf883cf11a0037ebce4445b33402b788d467209ec25f5cc1f37351d3ffaadacd76f07,SNOW,"DARKNESS, LIGHTED ROAD",SNOW OR SLUSH,FOLLOWING TOO CLOSELY,2.0,28.5,2.0,2.0
0363af97ce1fe2d7d85fd4add7dd8d333819690ee56f526eae43e596c8fbbb662f98ae2219d43aa817ed9abae617d9473345f1b2c4cd6b93b8877497f4354c98,CLEAR,DAYLIGHT,DRY,IMPROPER OVERTAKING/PASSING,2.0,28.0,2.0,2.0
0363e2e0d15b95acb753da02540c3596db2ccd5c67e15adb6049e48acccec468f2c1d4138dfa3ca5aa5dcaccf72d1b3ae2234097a6599d68d3c63701692f591f,RAIN,DAYLIGHT,WET,FOLLOWING TOO CLOSELY,2.0,52.0,2.0,2.0
0363edcf66d08b16d3d3903a4bc7cac118e82e0fb868985a236875da631e57992a81679860b1d606dec892427e0fbb2fad9ac40fe0db1ba7b55981381f3a2a30,CLEAR,DAYLIGHT,DRY,FAILING TO YIELD RIGHT-OF-WAY,2.0,62.0,2.0,2.0
03640e0f45f82323d2068c95f44f46a38ddf74653f54758ca900f395df340b267bee669673447a12ccaa966bced0b6497335c64d5a13d8f6ad211c98498e803c,CLEAR,DAYLIGHT,DRY,IMPROPER OVERTAKING/PASSING,2.0,30.5,2.0,2.0
0364389302829279ae40244b2b293ec4e93def04654435bf36cbabf7b1cb79ef484a63d8dd6300d509ad348af3e72a8f12faf84ce8cde17930c6f3a0bcff1749,CLEAR,DAYLIGHT,DRY,FAILING TO REDUCE SPEED TO AVOID CRASH,2.0,21.333333333333332,3.0,3.0
03643ac769808ea1b4b62e156d4b25c9d52b61b4ea59d5b9e0a9ad8baac580f29ce13fd375894d05459e5e930ee911689d3d47e44f064f3c7ab87729781b961d,CLEAR,DAYLIGHT,DRY,FAILING TO YIELD RIGHT-OF-WAY,2.0,26.0,4.0,4.0
0364658e4fdd1ca463c8f278d3d264d891b4f85b86b0caadbd47fe45e18aaf5c90403dfcb9bc8b6be2bfc494ca9e300fd39ccd40ee9aa9f064fa1fc3b6eeb1ec,RAIN,DAYLIGHT,WET,WEATHER,2.0,40.0,2.0,2.0
036492ccdcf693938eee1227ad8f7ea90a1f8df4bb8afd64263a0b6f98a2f704ce532f7c2dd925d931c393d201daf3cc0a09f8658a5448ef94ba597912445f86,CLEAR,"DARKNESS, LIGHTED ROAD",DRY,IMPROPER OVERTAKING/PASSING,2.0,37.5,2.0,2.0
0364adedc4466ce07e72ddd576de61df3bd9dde8d7acc979c0dfa5da1ff3a821f3035eba1b6b52121a25fee10f400d4a379c2c2e978b5f102db57d368c2bdca7,CLEAR,DAYLIGHT,DRY,FOLLOWING TOO CLOSELY,2.0,21.333333333333332,4.0,4.0
0364b343f3d89f457daf50f8894ba89bc7f09a487e94f1dd06ed311a0739e2e1b681d655281755a2027407203912f045c057fb1e76a230c76e1adbb3627b7872,CLEAR,DAYLIGHT,DRY,IMPROPER BACKING,2.0,37.5,1.0,1.0
0364bd9245ae9ba0227d7d1602d94b22c7613eef47caaabb9c7f47f8bfffc7257d1b881c31c092253107d8a48340835ae910a1e7c783ba9980430ab2e76b8148,CLEAR,DAYLIGHT,DRY,FOLLOWING TOO CLOSELY,2.0,32.666666666666664,5.0,5.0
0364c42899f9ed2b17388b8d9f34f5b7f61b5770091f16cdd781872d36c7890fcb11f82308c2aa562053c02dae24a677f39a4363df7d29b857cf81bcf0d78c4d,CLEAR,UNKNOWN,DRY,ROAD ENGINEERING/SURFACE/MARKING DEFECTS,1.0,55.0,1.0,1.0
0364ce926d63e00db760012387fb98cb9373e394f51383ca1bee1435e36a746967e3636ffff2066028ac344ec9fe0ff5f46aa46ba0589f1eee517b5406a97218,CLEAR,DAYLIGHT,DRY,FOLLOWING TOO CLOSELY,3.0,56.0,3.0,3.0
0364e7f71add17843dd2446cfd6fcfdc364340c9bea90c076feae259aa0fa91fe596a2c938db7523b3debe351e40328f894fc6b3046c0e92755a5fca049630aa,CLOUDY/OVERCAST,DAYLIGHT,DRY,IMPROPER TURNING/NO SIGNAL,2.0,57.0,1.0,1.0
03656e855f56e2eaf7ca07ba3d43c05af8e53f45a56795216a44772c4e4e5f52f2e7774173acf755779972a7d41d780f5a2a270960ce4dadf65705dea40d10b8,CLEAR,DUSK,DRY,IMPROPER OVERTAKING/PASSING,2.0,24.0,3.0,3.0
0365a0cc1a8cedf09166f1d83bf2717fc0012b90b4bb4e0dea8cc794990bbd2b28aec0082b55cbeb1d0438ace8dee5df056329600ac0ba4dd10dac91797e9d3d,CLEAR,DAYLIGHT,DRY,FOLLOWING TOO CLOSELY,2.0,29.0,2.0,2.0
0365d237812faf1037a7510892a28aba786a42b6defbb8bd4bb5f460a4a992a1ffff18cc2e19c32c00445d756ff66ade4f8cff24a43c2017df42c07bcae21471,CLEAR,DAYLIGHT,DRY,DISREGARDING STOP SIGN,2.0,23.0,2.0,2.0
0365ee0c50cef723f61b9f2fa2b7d9f73042fa38f9dac931e5772f722d2c70c54143fd39bf713be5c98ac651692c0c57f2920700653ccf92d9bd515bfc5f540a,CLEAR,DAYLIGHT,DRY,IMPROPER OVERTAKING/PASSING,2.0,29.0,2.0,2.0
0365f22baa6a297c5d447b5411a4ef9d229b66c72188f6f0f4ef7b8bc1f2470b7c01a11a126260d49f420cbf3a537fe09b40bc7d9c65f2f585919ad8dc250d60,CLEAR,"DARKNESS, LIGHTED ROAD",DRY,FOLLOWING TOO CLOSELY,2.0,47.0,2.0,2.0
0365ff38e840c7acdc45795b9de71c3bb60b52eef383e65f11edff5284e93e40c61c1ea9f76f8eccbb974347b99b31039e9ee01dc737c1780e9d8be2ccbe4d53,CLEAR,"DARKNESS, LIGHTED ROAD",DRY,FAILING TO REDUCE SPEED TO AVOID CRASH,2.0,22.8,6.0,6.0
036619f32d25467e1bbb4a15614819becc56739b55aa0851e87a4df220baed9d4462994da453a9090ef74a1dd0e031b362ea7e3ce73e4b1b9649dceca600a269,UNKNOWN,UNKNOWN,UNKNOWN,DRIVING SKILLS/KNOWLEDGE/EXPERIENCE,2.0,37.5,1.0,1.0
036639fbd752e2489b3e6b92e6f3f815c476bd009f063d9f727a316710b6eed557582470fa32e3a1dc8cfcd87e7942458b73efdcc2eb17344e419acd9045ab3f,UNKNOWN,DAYLIGHT,UNKNOWN,FAILING TO YIELD RIGHT-OF-WAY,2.0,59.5,2.0,2.0
03663e88395d26e5e1d15e87a256e6158ee5d632bcdf82d7bceda1693c5a364f7e1d2acc739aae65ca7b5460bc6d48450aa8d7f1b3d5b202e837399648c729a6,CLEAR,DAYLIGHT,DRY,DRIVING SKILLS/KNOWLEDGE/EXPERIENCE,1.0,64.0,2.0,2.0
036673ed847ffad39b06c906f37c99c588a7310d723e28cdfe879f8f1dffd16b9163bff9d186a94576ffe0b80fb6b2aa3f1f869101adb9da0ae5258ce1856297,CLEAR,DAYLIGHT,DRY,FOLLOWING TOO CLOSELY,2.0,37.5,2.0,2.0
03668cd0644613a2b1534ad843a96eaee11c48578eacdecd05513dd9e8b115a3c0ed824375bd82a7cbce27a9715e5cef7ea686f2ff3cfe98ec2cca99fbbbbc01,CLEAR,DUSK,DRY,EQUIPMENT - VEHICLE CONDITION,3.0,42.0,2.0,2.0
03669228b7c04ff909f92d4a0a926819338c74c831de62842009ee998d590928d8958f2bb535d4060eca343f97dccef95083eb0cb51dcd0c01a4cdec9d79e61f,CLEAR,DAYLIGHT,DRY,IMPROPER TURNING/NO SIGNAL,2.0,55.5,2.0,2.0
0366f19d4865aa12a3e338aac9b9258c47bdc8b44877240aeeae83473e10d0d88f86aad6daac02ad5ff32ad37db238aaa87f0f1a4d51c8441ae782b9068034e8,CLEAR,DAYLIGHT,DRY,IMPROPER TURNING/NO SIGNAL,2.0,51.0,2.0,2.0
0366f3233632ea3bfae96cc40838e6d0a3d34f76304ec89ca538b8f60d89891f06ed292e5888862ecea4b8b4825d16060db486f34a2ac423bbece9c6cdaf179f,RAIN,DAYLIGHT,WET,"EVASIVE ACTION DUE TO ANIMAL, OBJECT, NONMOTORIST",2.0,28.0,2.0,2.0
0366f7911dc3b5a2a6c2cbcda223fd0589f085aa770690cb29e2629e2760deecb59efc58dd453e15b5af9fa756d4caa6597ba669aee2e73fd855ef694d6660d5,CLEAR,DAYLIGHT,DRY,IMPROPER OVERTAKING/PASSING,2.0,55.5,2.0,2.0
0366fdbd0e9643b2bbf8bf670b9893232b659eeb6604bce1932e0bbe8cdcfb771aeea8d648b2c162d0670329fad6b29a74a85e9d47614b46139258ed94e18eb5,CLEAR,DAYLIGHT,DRY,FOLLOWING TOO CLOSELY,2.0,37.5,2.0,2.0
036703a7b51c5b1e8ef0728a94ba2b872de5b2107f3d43588bb6eb3508b606424fa28aeb1e8ff23abf9505f249b1c381838e4a1ade4a0e7c238f8a7ec86911ee,CLEAR,DAYLIGHT,DRY,IMPROPER TURNING/NO SIGNAL,2.0,15.571428571428571,8.0,8.0
03673a7dff31169f89d340e7a7e8fd754d8227d5dd2ce381bbec5fe55e15ce6a45b27fcc6b30b534bbaad91b98994a11934f7a844ebd63d5728f5efce6f2c849,CLEAR,"DARKNESS, LIGHTED ROAD",WET,WEATHER,1.0,60.0,1.0,1.0
0367432eeb2e1179780f475a8b1e32815f08f6ac21b28b4c9a2350ef1d08ccaad33c74cdfbbee16e1b7ade4629e49ab552d712abd159b705fbddf7018c44f052,CLEAR,"DARKNESS, LIGHTED ROAD",DRY,FAILING TO YIELD RIGHT-OF-WAY,2.0,33.0,2.0,2.0
036744f775e3cfe85cbcb45ae794db5851d2e03ef0dfd05adefb56df3a3724068edf8c2028cb1f8ef0b323e319687ecdb9864a50585901e612162a9dd62b4b06,SNOW,DAYLIGHT,WET,EXCEEDING SAFE SPEED FOR CONDITIONS,2.0,26.5,2.0,2.0
0367587f701039b08b21e251dedac2883c58e27720f749a726d9fa00bd7e31e77fad5ab23768af948bdc8256e36d9c6a0eccdd636ef7199344925cf4045e2276,CLEAR,DAYLIGHT,DRY,IMPROPER TURNING/NO SIGNAL,2.0,67.0,3.0,3.0
03677bd51c7542c285207e6e91053f468fbc3f2d28f64d86e8827324fdc2b92b6b844317451aef19e2238d73d7524ac050829bb6a9255484260e04bceeb59ab9,CLEAR,DAYLIGHT,DRY,FAILING TO YIELD RIGHT-OF-WAY,2.0,24.0,2.0,2.0
0367a5036f2055c7bea9b01ad826808ba3c3020c9684297cb44b7e1487fc4f4b43f44e6a0bc9ee06bf16e0112b4a8d4b63075185cbe489934daa97d79fe4ebb3,CLOUDY/OVERCAST,DAYLIGHT,DRY,EXCEEDING AUTHORIZED SPEED LIMIT,1.0,21.0,2.0,2.0
0367a9b99f7f840525d5f0965e5fb10cf9f70ab63cd5beb36a9865d2bdaac03ff24a89f5a575aaa5e53d21c1a572a9024792fa29b1d23fb5cc147ea344bda231,CLEAR,"DARKNESS, LIGHTED ROAD",DRY,DISREGARDING TRAFFIC SIGNALS,2.0,30.0,2.0,2.0
0367ae6dcaac8c8147b5628fbf13dcd229e05cb24a1215dbefe9578ba5bb53dbd8a781573258150d8f444658995cee5e04a6c87156fd08349d4b39defc826f6f,CLEAR,DARKNESS,DRY,IMPROPER OVERTAKING/PASSING,2.0,32.0,2.0,2.0
0367f1fbe4421c91b538d2836ebe673a7acb3216c08b4281163f1d5272d92717f2225217d7824bf16050f3fe5d3f79d26338848abc0c50b868a89b903c56aead,CLEAR,DAYLIGHT,DRY,DRIVING SKILLS/KNOWLEDGE/EXPERIENCE,2.0,33.5,2.0,2.0
03680eea5b8ade6bfc5519fbfa28b43a32c21ce0b129bcc852941c195b1c2a9b10254a2fd04d44053034e88a9c0819b8236a27fdfc3cade438d72df7cabcad19,CLEAR,DAYLIGHT,DRY,IMPROPER BACKING,2.0,44.0,2.0,2.0
03681635dd8d2dec4d378131f9f4c96faa7abcaf4c62effc720e0df458ffeeb28c4b8b87c0d82b519184fc98cf5a72bb4a755733565949e3f4a08ae0c1669ac7,SNOW,DAYLIGHT,SNOW OR SLUSH,IMPROPER BACKING,2.0,50.0,2.0,2.0
036820d48126cb7f0757806be6f13221284ad78e7252e0191da9d185ceca1d31c11b797fc4c1709839143726052e5664b036782f26a36fb6bffc8a8b79f9d5cd,CLEAR,"DARKNESS, LIGHTED ROAD",DRY,IMPROPER OVERTAKING/PASSING,1.0,20.0,2.0,2.0
036833891c7e826825ec2efb5eb60faff61407f3e7afd269f322d08fbf097118f9fdd24e5c7c16769d01165a1c970b8e44d93c10af98438deb86a440f531d7d0,FOG/SMOKE/HAZE,DAYLIGHT,DRY,FAILING TO REDUCE SPEED TO AVOID CRASH,2.0,58.0,2.0,2.0
036839f9b36a7b3d64be237a4ec61a2fc30d307d2bdfd1cc0eb5db2ea0a4f148a6883ae86b1ac7355e024579af33d1126ceee2b10efabfd929d8980c4fa61b71,CLEAR,DAYLIGHT,DRY,FAILING TO YIELD RIGHT-OF-WAY,2.0,43.0,1.0,1.0
0368525337875efb318d5ab6583a571fdf307c4e86bf90ac71df483f3eb305e32ecbced494e4ec7c54dbe9c52fac2af06188e1ce2c34f3644dc5cd8b8b22039f,SLEET/HAIL,DAYLIGHT,WET,IMPROPER LANE USAGE,2.0,43.5,2.0,2.0
036852d8c1efde697723f920c85b2624d892b9b6566056016c1bdf0cf61d3d3fb272d94490c89f46ab89c6b6a323f5f5627449522d45566e1de568908bbfb1ff,CLEAR,DAYLIGHT,DRY,IMPROPER BACKING,2.0,34.0,5.0,5.0
03687f7d73d063e9a3448e2b851c2e2e1fabd8370c1e6b121df37d43321247f59b07655bf22eb8bbda9165e24ce1ec078f457d32fdd9e32c79f9c50475f9a586,CLEAR,DAYLIGHT,DRY,FAILING TO YIELD RIGHT-OF-WAY,2.0,36.0,2.0,2.0
0368d97579d8d0cd266bbaf225c4149ae84839298772b3d0cc064fe92286e0e344aa1778c9084b6d2cdc816a247de633d887c1b08af12ec822d0cd2ff4ebe874,CLEAR,DARKNESS,DRY,DISTRACTION - FROM INSIDE VEHICLE,4.0,37.5,2.0,2.0
0368f677a1414590ae063b637817d6e0d8148055b012c846047312307cd8294f1b940714ca32810f309d88390476d3dbaf838a8c370a8675a7ab265c66acf89c,CLEAR,DAYLIGHT,DRY,FOLLOWING TOO CLOSELY,2.0,26.0,3.0,3.0
03691aa5b462568f749a72b1003c99228568c74cb6ff8fa96e2c2b5ae0be38965b87993eeee401948f5ce637e70a73cc106c4d2bdf9139ffc3c224f12e29118f,CLEAR,DAYLIGHT,DRY,DISREGARDING STOP SIGN,2.0,47.0,2.0,2.0
03691f6942a1dcbf9369e886ccba923f76b3e923632420082129d44d2571eb4ae70d2f1ab9d008bccf9d9c7f3209ee07940d04ad67199ca10c554e84d7e11b06,SLEET/HAIL,"DARKNESS, LIGHTED ROAD",SNOW OR SLUSH,IMPROPER TURNING/NO SIGNAL,2.0,33.0,2.0,2.0
0369378756c36e5cf3e326082c410ed564f44eed3b2bdd7c4569fd5434c10c5cd8c9eff26cee6ac80f9323612c8b05635d411d6811c8d58f51a32905a84b1a8f,RAIN,DUSK,WET,FAILING TO YIELD RIGHT-OF-WAY,1.0,22.0,5.0,5.0
036941c62c8455bbb2fff922fb47711e1f73ab8eddd4808ca5cd985775b8124a657ef48ef1184e241ef3b1563043b7c28fa2bc931e1fd3d421fe5d720e690116,CLEAR,"DARKNESS, LIGHTED ROAD",DRY,PHYSICAL CONDITION OF DRIVER,2.0,38.0,4.0,4.0
03696eb07db4abcd37747a5a57500632df673d0bde7886bf1fca28deed39612cd33e62169fd0cacdc570c92fb53c09112ff29fc63952fda695f224ec381332e9,CLEAR,DAYLIGHT,DRY,FOLLOWING TOO CLOSELY,2.0,40.0,2.0,2.0
03699db8b686c813fd6b44d4b98f975c26524f39d4311f20e5d2f3b78bf18cad5da6900e6a5399963248db90e7771de36be731680ba49bc1cd6f9b9d1cada17e,CLEAR,DAYLIGHT,DRY,IMPROPER LANE USAGE,2.0,29.0,2.0,2.0
0369a4035a09e59af6cdb2890fcaeee2496694ce0624a149607d8037c4dc72b6746bbab9d147925a7748a5aac12ad6a8b171a802d701d75b4672db7a61db1682,CLEAR,DAYLIGHT,DRY,IMPROPER LANE USAGE,2.0,37.5,1.0,1.0
0369a703add7dd5919326331d4d55f1ab1e354d16876a75b001be03fe429c81090517843367d5d6de296b99c3a80cf1191d2c4977ab1bd4f1bb1a9c527edac1a,CLEAR,DAYLIGHT,DRY,IMPROPER TURNING/NO SIGNAL,2.0,20.5,2.0,2.0
0369c27633b1e127ef61b15490ae6f2a27c8f47fbd8280f210956e8bcef5210a5aa7f408ed9caa69e6a40add607f22ed5281f37224919af0f61b3e421d24d853,FOG/SMOKE/HAZE,DAYLIGHT,DRY,FAILING TO YIELD RIGHT-OF-WAY,2.0,58.5,2.0,2.0
0369c82358b671c3733ec255b1bd684f7cbe42b73e4ce8456a858a548811cd075981f7974737e043297a928d29d4cd00a54a2f5161e1aa14a50b54fb17e2acc6,RAIN,DAYLIGHT,WET,DISREGARDING TRAFFIC SIGNALS,2.0,30.0,4.0,4.0
036a216666461afcadf8dcde22e0ea9f52451f325bd78f3f8e437002bfa3e6eb2cb582448579899966fc00d0a8bbb8fec3c6cca115642a7edf367d94b8faf31b,CLEAR,DAYLIGHT,DRY,IMPROPER OVERTAKING/PASSING,2.0,24.5,2.0,2.0
036a289ee5e57902cc9213eb845aafaf7a4a670491d61f1b03a54491c318a29d084b6aa0369d2a733073f0679d020f22d2fd9699ce8cf4c1146152f44d9db4ba,CLEAR,DAYLIGHT,DRY,IMPROPER LANE USAGE,2.0,42.0,1.0,1.0
036a2d3de9e199ebc9a196520f6bb62c5e6d48760b2b573d2efcaa36e826baf3799807be840695bdfcbdae9045dbacb15c448640f0931b7d3089707e630121f9,CLEAR,DAYLIGHT,DRY,FOLLOWING TOO CLOSELY,2.0,41.5,2.0,2.0
036a5a0a55e76f4230954bb543377e4c13456f388ada341bc35ee0ba3d3b574baa352fd5f6292c44ebc7de59d2433db297b65c8699db0dfb776b1d5f3f51eb94,CLEAR,"DARKNESS, LIGHTED ROAD",DRY,IMPROPER OVERTAKING/PASSING,2.0,37.5,2.0,2.0
036a60c87c211fba8689ffa3f50679bc166f8022ae74f50471a16552a6ae06e7bc7a99f4dc02c0dab05fa6d68c225b32c87da024d83a9ff83f7b9d209510f60e,CLEAR,DAYLIGHT,DRY,FAILING TO REDUCE SPEED TO AVOID CRASH,3.0,37.333333333333336,3.0,3.0
036ac4d988d1810633bc3a110ae11ce708dd56ad1e9587c486bad0c6b3fab0ff19fba8103f86748ff135c5f5986c2acfb54456bf64876cd1e8d5a1e7d7184ac8,RAIN,DAYLIGHT,WET,WEATHER,2.0,27.0,3.0,3.0
036b0025b9fe603bc9f192b8e69a0885921cac1a906ce4a0058489bb23c5cc4b82665d3705b9c9baefff30b8e655b20854872f8c38bcb78eb210c06dc13a53cd,CLEAR,DAYLIGHT,DRY,FAILING TO REDUCE SPEED TO AVOID CRASH,2.0,25.0,2.0,2.0
036b156043c6cac136b638e9a08a5040d636720fcb2518e6d9f4a523effc6d7e5bfef6e53171a8f1d5f1d92bd9edf8e387fd356231b3dd4c6c3f2c9cac757cb3,CLEAR,DAYLIGHT,DRY,DISREGARDING STOP SIGN,1.0,45.0,2.0,2.0
036b1d70ab3322a0d8c1b56a7d8ee301eebbbfd97904f2b26413e30d44cb927ad8781f1eda9bdef7652924b21ce7356d948d5b0d13b9d37f7c5ad0e43e937cbf,CLEAR,"DARKNESS, LIGHTED ROAD",DRY,FOLLOWING TOO CLOSELY,2.0,18.0,2.0,2.0
036b24e7c051f5c9d8203262dc765a0d5d2e61b156c5c318b67bada46afc6fbe3985620f762401b6f7cf0575f81efbf9e3dc655a685c45dbbf322e21ee32d469,CLEAR,DAWN,DRY,DRIVING ON WRONG SIDE/WRONG WAY,2.0,10.333333333333334,5.0,5.0
036b47d99c7df016ffbc5ab67b4d7ec2f5a508b1b4e340b02e136ede33b20c069512ec834520b3f2a7c73f1d1d281ae8f332c7c399e5d351945079291815aab8,CLEAR,"DARKNESS, LIGHTED ROAD",DRY,FAILING TO YIELD RIGHT-OF-WAY,2.0,35.5,2.0,2.0
036b5388cffe008a5128a31094193ef87057c19770abecae0a6cb2dff30331f37005e2e409a4ff4083628a82a657c3b48e2e1736309b2f424ef0056dc7937d39,CLEAR,DAYLIGHT,DRY,FAILING TO YIELD RIGHT-OF-WAY,2.0,46.5,2.0,2.0
036b63f1f3ecf0c96a63b46b1a6ebb7f2e28ac81b029031efaf0330b3cbfc6a9dde6380444bd0c1af97febeb2b492dac1174aa6c1cefc86e623b50bcec4fcc3e,CLEAR,UNKNOWN,DRY,IMPROPER BACKING,1.0,31.0,1.0,1.0
036b807544af42555db39e3c0dbaa605a34fe98fa8d5251b564756e468eafd73296241fb3e2ca2e182b277bcdacf239aa418793c294a53d125cb1efd9adbda68,CLEAR,DAYLIGHT,DRY,IMPROPER LANE USAGE,2.0,43.0,2.0,2.0
036b8139c5b1be81871a9b685c2016d43154ed45057eb2ce8939193f4d59f9d227b01fde0ab6330359f7c6fd250dce236a527f33d0284be376a5363dff3406d4,CLEAR,"DARKNESS, LIGHTED ROAD",WET,DISREGARDING TRAFFIC SIGNALS,2.0,27.0,2.0,2.0
036ba833a09a1c5cef09c6ef6db64b76063f59dfcae1caac19fc6c6c137d0e4829222a816bcf6d55f4721b2557aad531521365cc74de1826ce1d4093063fc0ab,CLEAR,DAYLIGHT,DRY,FAILING TO YIELD RIGHT-OF-WAY,2.0,25.0,2.0,2.0
036baaf8627fc6ef7b4cdba573f5ba6dbd5a4aba4d1f61a40fe3cad6bcda9016c26f74536271a79ff0bae5531e507bbddf4ef228c8a6346af780ef9729942c50,CLEAR,"DARKNESS, LIGHTED ROAD",DRY,DISTRACTION - FROM INSIDE VEHICLE,2.0,39.0,1.0,1.0
036bb5de67646c2d43a7243caab87fe283973c931255da0ae854d82b9395e15c85ea8bd85c63ef92e27b8328d948c1521a9af223bce65d9ec162265af118a1c8,CLEAR,"DARKNESS, LIGHTED ROAD",DRY,IMPROPER LANE USAGE,2.0,57.0,2.0,2.0
036bc0ee346f9b6b0b85ce886e06c780c0058c6856f1ed98f21f570bffb2ed037efcf3aef0ab8ad9840634e79e943e35ca93cf91f90bbb68589865abcd6b6cde,RAIN,DAYLIGHT,WET,FAILING TO REDUCE SPEED TO AVOID CRASH,2.0,36.666666666666664,3.0,3.0
036c032a0cf0fa4fe8befa097fe0dabeabcceddc4f3b9f2f6ac211db9508ca8ddcad7bb8a2980062b5cd393a5c22b828676b9926000ede5b3accee02c8b2e958,CLEAR,"DARKNESS, LIGHTED ROAD",DRY,IMPROPER OVERTAKING/PASSING,2.0,30.333333333333332,3.0,3.0
036c050ab4defa2a462abf5a571715beb11b5eefaf4fa52e1d082223fa46089e4eda644b56307dc18a81acb545bd590a0108c2573ad789a5df2a8f298024eb6b,CLEAR,DAYLIGHT,DRY,FAILING TO REDUCE SPEED TO AVOID CRASH,2.0,30.5,2.0,2.0
036c084b2960495f6fbbb8a9896b28a674025c51f961b183713922464545a092cbea0ef64ff63916f3777bbb298c04921f72f69fc7e9143dbdc07c5912b0d4d2,CLEAR,DAYLIGHT,DRY,IMPROPER OVERTAKING/PASSING,2.0,53.0,2.0,2.0
036c1e19e8cb8ffef2bb06c034d23247380fcec1308897f6949f89cb10a4961c82d7e1a1c7bdcdf0232a63dc8cde9d0bc6dbe96c6fde43214f2283f463b8ec10,RAIN,"DARKNESS, LIGHTED ROAD",WET,FAILING TO YIELD RIGHT-OF-WAY,1.0,38.0,2.0,2.0
036c43b32a7899d2b57ad9ff1c03426c51fddfa712c563881d49626b195a734f8cee372b4e51473b302a13cb421b86441f895d322f13aa01f396a724b55c88ed,CLEAR,DAYLIGHT,DRY,FOLLOWING TOO CLOSELY,2.0,39.5,3.0,3.0
036c4c58bfcf3b1254596927bc047b59342f099d327f974bd2be1469942392c47187383d66efc292a29b669377eb7c86536c6edb47c390d0cf45619c53bb3c27,RAIN,DAYLIGHT,WET,FAILING TO YIELD RIGHT-OF-WAY,2.0,24.0,2.0,2.0
036c6dc7519f4d451dd64ad7d279338a340023b618f90e9aa2f813f493924b805e0e3392930fd02634434862f9e9589aaf7517244168c1d7d12cb606db218f5a,CLEAR,DAYLIGHT,DRY,FOLLOWING TOO CLOSELY,2.0,24.5,2.0,2.0
036c8d65735e75421c41c515d8c9faa1785467035b2043487b69deb9df08b5c27e060e8046cfb08f667d040d9ebf336c825ef0ea2dd4fde454e4238dcfdd59ff,CLEAR,DAYLIGHT,DRY,DISREGARDING ROAD MARKINGS,1.0,48.0,1.0,1.0
036c9deaa79be15532fe6c9846272c1275b50d3fb8eadf599650c83e53b992ce1d1adbc2271066ef29021b4c74e88e5e462d7c7712bafbd984ce6bac32914070,CLEAR,"DARKNESS, LIGHTED ROAD",DRY,DISREGARDING TRAFFIC SIGNALS,2.0,25.0,3.0,3.0
036cb9a2901a086a692926d1d02e83ba788ff58754b3b78974a312a39e34f553465f91c378dbfa37f17abd8bc142260b713c3ca48e0fac0956d85079f7253155,CLEAR,DARKNESS,DRY,FOLLOWING TOO CLOSELY,2.0,53.0,2.0,2.0
036cdcfd5f752aed5ae48a333cddc1dc2f32863a1e079c06e8fb2c4593fee9edaa133c9405f8ecb75b29de5f55fe18ac4500c685d34641bb9c8f1e8735346687,CLEAR,DAYLIGHT,DRY,DISREGARDING TRAFFIC SIGNALS,2.0,27.0,2.0,2.0
036d18801fab905d1b7b1647ee7d9c2d0c1a5244050d84b607e729515da223882e03e3975fda1819d52f1085489c7b7e81a57f2e4359dae1d642a8e3e3f09b4f,CLEAR,DAYLIGHT,WET,FAILING TO YIELD RIGHT-OF-WAY,2.0,37.0,2.0,2.0
036d43df770a41bd8d9d78e7635eff577f0f0024baf183e5ee951bf574131ee509943b75376b0f2bc1e0a0bdc5fb658d66f97f959910defe88204c88041935a1,CLOUDY/OVERCAST,DAYLIGHT,DRY,FOLLOWING TOO CLOSELY,2.0,39.5,3.0,3.0
036d5e5f6b588da72143a99c3805bd199269f5f4de97cf4ab9972c3e14990fe526004ff09a8987ecf3256aea24ad8454fcf57a723b9d8aa45106e305d8822810,UNKNOWN,"DARKNESS, LIGHTED ROAD",UNKNOWN,IMPROPER BACKING,2.0,37.0,2.0,2.0
036d614794eda452de8b09559421b322fcd914968c88e9496d0a8c7fa5b4c43fb5baa1fac54f81a82eddde05497b3d0466e4771314d2260d307cdc31627fc7cb,CLOUDY/OVERCAST,DAYLIGHT,WET,FAILING TO REDUCE SPEED TO AVOID CRASH,3.0,27.0,2.0,2.0