crash_record_id,weather_condition,lighting_condition,roadway_surface_cond,prim_contributory_cause,total_vehicles,avg_driver_age,total_people,total_injured
036d6a5f37432ef8ff6b1d392dc7d8141a3a593ae86636cf8a12e00e197d98977948dc010a289a0a81fcfdfcd2c085eb04dacd42d1992fd4d915a785f73b4e74,CLEAR,DAYLIGHT,DRY,IMPROPER BACKING,2.0,29.0,2.0,2.0
036db93b1c11b83a81ec678ef56c8707dc5245644d2e5b842b0404137a53e26d93744319a8a5452f336417454f37e6ee21219ffbdececbfabeda83178b6fc608,RAIN,DARKNESS,WET,FAILING TO REDUCE SPEED TO AVOID CRASH,3.0,60.0,1.0,1.0
036dbb839126d14f5a5ff5a2c63a3414948a42de602d73c870782994962ac0e0ebaa2e1a39ab1af3d949007d67328cbb6998c699f560a8302a7f3ae7cbd9a450,CLEAR,DAYLIGHT,DRY,IMPROPER LANE USAGE,2.0,33.0,1.0,1.0
036dbe8b8e1685afc1f7b3cd09f22af752a505777325ff09d6a8fe745872f48bf1e1478d7c23bf47ee0103529f3aa720249816f39197c267f5de99e9454c3a2e,CLOUDY/OVERCAST,DAYLIGHT,DRY,IMPROPER TURNING/NO SIGNAL,2.0,44.5,2.0,2.0
036dddbc0e6c7f0d3c42f046970aabfa509b24a1ecc2e4a724f2f050295ff6b30da81bf1a5197ab4962c5a94a8259cc761bf04ee925b5a85cae21678732fad16,CLEAR,DAYLIGHT,DRY,IMPROPER OVERTAKING/PASSING,2.0,24.0,3.0,3.0
036dea8248f306eba76881525d643ad0069b34ce63366431ea0ee773ad5f95c9765505880cbe3b54f56496a772eb0aa614e010e1b724629ee331811d18ed3044,RAIN,DAYLIGHT,WET,FOLLOWING TOO CLOSELY,2.0,30.0,2.0,2.0
036df9dc583cf07b7b426cc02e0b6d445e19eecfac8cdffd4e5c5aa560482d59d4d340da7d36acb76f3cbb29279817a6f1d0f5ece907d72bb168343621173e45,CLEAR,DAYLIGHT,DRY,IMPROPER OVERTAKING/PASSING,2.0,31.333333333333332,3.0,3.0
036dfa7f3a8f427a44c8b4532aa14efb8bbc3859aecef032fa65a6a4383601ca36af74b17ba01137d3db98fb5c440cd1eccf93e4bdc775245700af0bf5bfac8b,SNOW,DAYLIGHT,SNOW OR SLUSH,FAILING TO REDUCE SPEED TO AVOID CRASH,2.0,30.333333333333332,3.0,3.0
036e008eb8c4cd4962ceacc1ab0f1fda75c2bbf37d913ed163ffb3b60b31630ae3d3ce2769e0fbeeeb53b8274e9cb574a407ad39827a540bcf200711397789b9,CLOUDY/OVERCAST,DUSK,WET,FAILING TO YIELD RIGHT-OF-WAY,1.0,34.0,2.0,2.0
036e223c5983e5a8b63830bfbf08648c8f17598608f22d7d6d8fd9c7028c6c564f42f0051151669963ea17909ec182a243015498ccc5254993b82f611d5b5749,CLEAR,DAYLIGHT,DRY,IMPROPER BACKING,2.0,36.0,2.0,2.0
036e35d4db19dc64c275652314dc7f528cd46416b91856399fb58a42f3ce2898364de763004ba5aa3ea6b59983978489d5a4affce3d4ebdbeb773cecffc3a597,CLEAR,DAYLIGHT,DRY,DISREGARDING TRAFFIC SIGNALS,2.0,27.0,3.0,3.0
036e60eff62e361482d75b7ea4e0f879ab6056484c03ed0043aa529aff05ee292649b4838f143e852e3dc7194ca13e9771a2df20b1e1c5c5da2cb3fe8c2f2a27,CLEAR,DAYLIGHT,DRY,DRIVING ON WRONG SIDE/WRONG WAY,2.0,53.0,1.0,1.0
036e8bbc59a82aa9a143109a92549c1ac39b350902a2e82353ef3d854e9c489a5e212684787ad7ae557af1357547121e6b4603a4a258bebbc57e55c72e2039cd,CLEAR,DAYLIGHT,DRY,IMPROPER OVERTAKING/PASSING,2.0,37.5,1.0,1.0
036ebe03d1b9c801f8e8c10c1df79a0f63d0fc3c6a1dcef36ce61b02f7d2fdb18d8717df61b467e96526026aba0fee5f4c2db8974f223c6aaf383a06001ff986,RAIN,DAYLIGHT,ICE,WEATHER,2.0,33.0,2.0,2.0
036ed68403441cb435c54abf061e796f7a37cc68ca2b543aa687f58aa34a4930c5d7713108b0ad48fa1d1da750e81bfbeeeb4410a6b208ffca3026dc66afb000,CLEAR,"DARKNESS, LIGHTED ROAD",DRY,FOLLOWING TOO CLOSELY,2.0,22.0,2.0,2.0
036f0416c3bfdf6a373ae9c9fecce5ec39c0677ee3ed51f7fdb1a1e95e81d8cd7f717d003dd3dd76c332c0e579f021ccc8dddd5b5efa8006f983eb7b7931a1d1,CLEAR,DAYLIGHT,DRY,IMPROPER LANE USAGE,2.0,51.5,2.0,2.0
036f0459d832f8bf65dbb16f5a72ec6b2626f4a2c0c075d4cf6f8f2b1df086c93c070f4adecdd40be0e92eab047b2b2e3ce506562003c780b2910a4d22df0e8e,CLEAR,DAYLIGHT,DRY,IMPROPER OVERTAKING/PASSING,2.0,38.5,2.0,2.0
036f1153f5d8fcb63af75f2420f93bbeee4610491be5b9162a7372d21541ab49ad23b183a4721ff03a82f6e217082e9aa64c86c588f610695ff7721bd0c3cb94,CLEAR,DAYLIGHT,DRY,FAILING TO YIELD RIGHT-OF-WAY,2.0,43.5,4.0,4.0
036f31766cf61938231614658998ac3f9bf84a8c58cb2386b7d2d01e4fd0197d50d4a8a53d79d1342ff159d024e07598a1d43738315d75c8c100bf0f1af4970d,CLEAR,DAYLIGHT,DRY,DRIVING SKILLS/KNOWLEDGE/EXPERIENCE,1.0,28.0,2.0,2.0
036f3355e63fda720c817cf51881f8cffccec0d91c20dc0c7992a9ffdb9430d5efa68544e4d0063a170774f18ef5f86fb4c1bdaf50d89039f1e9fe8ab401e17b,CLEAR,DAYLIGHT,DRY,DRIVING SKILLS/KNOWLEDGE/EXPERIENCE,2.0,37.5,2.0,2.0
036f4974a28cebf43bddcbdb8c93343d25b976ca8c9334074b4520e0e17d5d019e20598de093773b521a8593988f7006496cbe2f5cde1f4e5e58dc3938551a52,CLEAR,DAYLIGHT,DRY,FAILING TO YIELD RIGHT-OF-WAY,2.0,37.5,1.0,1.0
036f6f67bb5f4d7cf97e99a7bab7c6a6f357d1dca1169050cffee44a0e53e9431c83e5906e664fbdb8ce40e57747ea51be9654194b770deb4799b680f255ab8d,CLOUDY/OVERCAST,DAYLIGHT,DRY,DISTRACTION - FROM OUTSIDE VEHICLE,3.0,47.333333333333336,3.0,3.0
036f708be2b9df4926c88ea248835015fe4943fb741b4c8179340e1b3b9d9941e2a3cc17abf19e5e2ed2a9566af2faae978ca1f592b13c63f245dd98c023ab48,CLEAR,DAYLIGHT,DRY,FAILING TO YIELD RIGHT-OF-WAY,2.0,68.0,2.0,2.0
036f7ea8530c7fb22600702b17c979d550d1932d6723395b86a6c1ba00c8e02a31ce417ca725c069169bef14e3878723304483af3b97084f486a10a28e4212de,CLEAR,DAYLIGHT,DRY,FOLLOWING TOO CLOSELY,2.0,32.0,2.0,2.0
036fa43e39f52e3d55b5efa92b423b92530518da3698ce2e6c3a87e68542e2da92d75d573ff5b98c4402dda4f092c238ce4ce47170206142175d44d5c2d4645c,CLEAR,"DARKNESS, LIGHTED ROAD",DRY,DISREGARDING TRAFFIC SIGNALS,2.0,40.5,2.0,2.0
036fcc00a862eb10977154d1693bcca1d94ea08ea2ca77fa5dbe3fbd71ceb00f036106a93813dd8adedd2e2dcf8a6a4763d2ed4a183de4995b426652f151fed3,CLEAR,"DARKNESS, LIGHTED ROAD",DRY,"OPERATING VEHICLE IN ERRATIC, RECKLESS, CARELESS, NEGLIGENT OR AGGRESSIVE MANNER",2.0,37.5,1.0,1.0
036fcc22aac230cc1679f3281b4b69a47a0e1fe874cce7a18bde8e24f3a0310578b15e90450d58d7f012c34db78a51d86bccb0ae3d3f16d6982295b11ac06b09,CLEAR,"DARKNESS, LIGHTED ROAD",DRY,FAILING TO YIELD RIGHT-OF-WAY,2.0,63.0,2.0,2.0
036ff03eed97f412f8aa102471a3a030bfc3f2a1d197e065df5eae701374269e2f32cee81fa8e5e389efdbb03d31ccd6456f912f660ecfdb1ed31d982d6e27fa,CLEAR,DAYLIGHT,DRY,FAILING TO YIELD RIGHT-OF-WAY,1.0,64.5,2.0,2.0
036ff4b45a6e23e1f12216100db325b9fd98fe8c72c6eeee73b810ab94b16c869d3595234751ad35bda9ff0aaaf87550e6d3d9e949b874ad6cac82b3f234f307,CLEAR,DAYLIGHT,DRY,FAILING TO YIELD RIGHT-OF-WAY,2.0,34.666666666666664,3.0,3.0
037015e1f46e7c0925ff9340ff7867a440277e9b3694e5a8a6413d46d0127141d1795f8d19b8263928d53edcc26efeac7046d6b1d291f4c5fc9f44140651a7a7,RAIN,DAYLIGHT,WET,FAILING TO YIELD RIGHT-OF-WAY,2.0,50.0,2.0,2.0
03701b8015debe16a8db55b44b7a6a08b091e60f03f40b56ab04c00438063b103dfe02aae6b94a584cf19bc5930314fca38c81d44f43bb7ba0d143dee633e34e,CLEAR,"DARKNESS, LIGHTED ROAD",UNKNOWN,FOLLOWING TOO CLOSELY,2.0,20.0,2.0,2.0
037053782ec32543be471f7201d19c3436519f58f633806f3773b67fadb60dd911105b665ff2921f98e175fdcc0a3d7ab80668cda24263369debd8038210b7f3,CLEAR,DAYLIGHT,DRY,IMPROPER OVERTAKING/PASSING,2.0,42.0,3.0,3.0
0370a63bc751321a6d99240598ee2c668208fc56d44ab7a4ae32f3625e72ca6428c8b72e6e3562657d2fa4ca1e02765bb4fc265a0ec7d1491136dfdb23fc9572,CLEAR,DAYLIGHT,DRY,PHYSICAL CONDITION OF DRIVER,1.0,60.0,1.0,1.0
0370cbceb6d757e28542e76ebc035efbdae1b63ceeab6d4a149c178af6d1f2e56907f612f0412a0e4a43bd4ecefb9eb77325c52266cce8e3c80f7cf0e8a26d0b,CLEAR,"DARKNESS, LIGHTED ROAD",DRY,EXCEEDING SAFE SPEED FOR CONDITIONS,2.0,46.0,2.0,2.0
0370d7f1073652f981ee9418f526a1130210c327007dcd70578a7ebe50eaef24c8228ee092c39ad1b3215efbb5e4a1716c7034b39f8565ad86ac859b9d5d6067,CLEAR,"DARKNESS, LIGHTED ROAD",DRY,IMPROPER OVERTAKING/PASSING,3.0,19.0,8.0,8.0
0370e5324785bce44028c6b489a869771ee1436b977a8d399d64092421f43e9ef757d4dbef0f7f2f3ae04c76d9e3e47942672a407c698a273eba89ca97c874db,CLEAR,DAYLIGHT,DRY,DRIVING SKILLS/KNOWLEDGE/EXPERIENCE,2.0,59.0,1.0,1.0
0370f78174df7a80e55f1951886715258f47aef5cb27136aab729be32133ff34e302be8950d5e841d4e634146b94160510c66564041dc26d091cc9325dca003d,CLEAR,DAYLIGHT,DRY,DRIVING SKILLS/KNOWLEDGE/EXPERIENCE,1.0,32.0,1.0,1.0
03711ccda4829ecd2a49aabfbb0f976a5e75b717bd4714519d5ca9d8d4854009f9efd77860a3f2304125fefbc6b790877dcdb4efcca9edb40e9349fba1d6df96,RAIN,DARKNESS,WET,FAILING TO YIELD RIGHT-OF-WAY,2.0,34.333333333333336,3.0,3.0
037130b310a9684a8e8848accd125d3f5cb99d1fbd0d564709b0494d19fb3f3b9efd325893c80dc66e6f16a4d51927db62c3ad334afcd5cfc3c605c3b86676e6,CLEAR,DAYLIGHT,DRY,IMPROPER LANE USAGE,2.0,47.5,2.0,2.0
037133e77ae00acc967bce9c7f7bc23d2735ad8f9ba0724fe2f876a03a0b43bb29b013c9ae4b7547bf2819b55a35cf558bdba2cbd13aaaddc21f53aa55db30f5,CLEAR,DAYLIGHT,DRY,FAILING TO YIELD RIGHT-OF-WAY,2.0,31.5,2.0,2.0
037155cd15cc18a7336eee5b08e65e9657e18954a6e83fcaf9cc8d8d605417df1bb7f272d6345c64afb7b2bffa16ce9dcb2b49edaf8abed384b15f988a13bc63,CLEAR,DAYLIGHT,DRY,EQUIPMENT - VEHICLE CONDITION,2.0,53.0,1.0,1.0
037159cfc174506d83326da922be895e31f36125cad76f6bc7d914022b2a91d405cc8d08c92fd026af60bbdba6efb2818eeef6fe6983333ebbf2c4fb2866d07d,SNOW,DAYLIGHT,SNOW OR SLUSH,WEATHER,2.0,35.0,2.0,2.0
0371900e314da0ccd6697bc3633faa1a1c4af64738b1465e9e9a1e4f2292e2803d5b3cfb3c313266ba7cb4f8623bb0d2a5b2b8c721e7f6e22bae47cb4523da61,CLEAR,DAYLIGHT,DRY,IMPROPER OVERTAKING/PASSING,2.0,67.0,1.0,1.0
0371bc8090522dcbebb363421594972da53b53a14c7350d444e69c21a9a2189678863d68339147ec3be0c3fc2853a5f3b548ed73248212ac0059a2210e30ada4,CLEAR,DAYLIGHT,DRY,EQUIPMENT - VEHICLE CONDITION,4.0,55.0,1.0,1.0
0371cd7205276cbe777b911b4476c543e29a40b171b1eb7fa3d281ab0a5e2a7e4ab7c55a4973972c1841910e068354aff06ae041b38fd41f38e7cbbbe4428510,CLEAR,DAYLIGHT,DRY,IMPROPER TURNING/NO SIGNAL,2.0,23.5,2.0,2.0
037203a536e13188cd72073cc1d6340cf22379f47d8d15dc35a869d5d9fed6bc98135b78525221e278447f3876bda57e81d2bbea82e66cbaa022c8eb9469b89e,CLEAR,"DARKNESS, LIGHTED ROAD",WET,FOLLOWING TOO CLOSELY,2.0,35.5,2.0,2.0
03720d10d4dc2b6852759d2a8f0d40e67e78f9d2f04badc96f1882304dfc960d288bbcc740ca40c09cc9b8869e7ed2637c72ca003021065549d380bfe914a785,CLEAR,"DARKNESS, LIGHTED ROAD",DRY,FAILING TO REDUCE SPEED TO AVOID CRASH,2.0,22.333333333333332,3.0,3.0
037218da845a21ed9d9b228bdeab33088753f612036b82b0e8a8908e59d5d0c730471ef42d7f2a76aa2f0e221dff1f53301abcf82048996104b42ed797166423,CLEAR,DAYLIGHT,DRY,FAILING TO YIELD RIGHT-OF-WAY,2.0,50.0,2.0,2.0
037230cbdd686574489491ce3e571b928ef8b82ad1a349da5ed78f93820c4ae921188d37b6f7a56444419687496f46613fc3040e5f7f36d64d519f76525a9c63,CLEAR,DARKNESS,DRY,DRIVING SKILLS/KNOWLEDGE/EXPERIENCE,3.0,37.5,1.0,1.0
0372375107e27d3642ce80bce8bb72dcace624ed81030a93820c7f5c3a363bbb3582bc053f7a27d37385f229a3dbc97adc7f4131ea794acee2fcc5a79e6cbf07,CLEAR,DAYLIGHT,DRY,FOLLOWING TOO CLOSELY,2.0,49.0,2.0,2.0
037252245b80edbb2e5c6eebbf7b0fa8704bc21862b6543e3b644e28b2735e3344f8d7c7e5b9741981912fc3e05baa87a9a9e6c006fc9d11b63372f500f0fb99,CLEAR,DAYLIGHT,DRY,DISTRACTION - FROM OUTSIDE VEHICLE,1.0,21.0,2.0,2.0
03727fccee1d734b85b969b8f5759f997ad069c2d24c5a1d4868cffecbc4e36dff2c146a516e35fdd7998b826389a764bb83a1f5d3c0d66c69b25653b07c97d7,CLEAR,DAYLIGHT,UNKNOWN,DRIVING SKILLS/KNOWLEDGE/EXPERIENCE,1.0,35.5,2.0,2.0
03735813738516e1dc82b44aab16cf35451e2d7071981ca2a3ae92768e351d7825c2bceeeb333e8a952b39c9f79cb996bfd49b8b222e4dc4c09fedee20b14483,CLEAR,DAYLIGHT,DRY,DRIVING SKILLS/KNOWLEDGE/EXPERIENCE,2.0,23.0,1.0,1.0
0373585d10c24855a1438872de396cd1fe9a000df2eff9150722196a86afa66cc873f94338cb851d4f83740b1ca9c76153b0942456c552f4ab64b8a0c2508214,CLEAR,DAYLIGHT,SNOW OR SLUSH,"OPERATING VEHICLE IN ERRATIC, RECKLESS, CARELESS, NEGLIGENT OR AGGRESSIVE MANNER",2.0,28.0,1.0,1.0
03735ca6df1f8a3fd61d916c9d5e73cdd8ce6ad1697680f28cf73e73a73c2187b62572dfa18dbfa7083bbeb1e5e5e87edacfc77051e370348c7087263de06824,SNOW,DAYLIGHT,WET,WEATHER,2.0,56.0,4.0,4.0
03735d04c6fd9ee407c1c51b337fadee8bb6f6e9a7e035d69d53fa2026e72226fa32d84f14630ccc73fdaf947c31867d0f369ec9370e6f76a234b1da9ae2c8dc,RAIN,DAWN,WET,FAILING TO YIELD RIGHT-OF-WAY,1.0,18.0,3.0,3.0
03735f7cf71db6234e85fbd9be815a3b70913a33a82c023e37fa0e105ff9039ff9b7ff7a8482d5c86f2c91fa1273e06afc75f9633332cfe3134c2a976c4498b5,CLEAR,DAYLIGHT,UNKNOWN,FAILING TO YIELD RIGHT-OF-WAY,2.0,29.0,2.0,2.0
037363e838b0982b2f910fd650e571ce018cf05b37b6c41067fbd01d9f0c5fd1e58303295ddbf6bf263f73834785b2eb73f309681b56481363547bfdfa38a069,CLEAR,DAYLIGHT,DRY,FAILING TO YIELD RIGHT-OF-WAY,3.0,18.0,2.0,2.0
0373660c07aa20137e72afc44e9ed732989c96d57afeb71f567af26291a682cfb89dcd16a7d87d706d58794ac2517fa4e0f03eedfda436ade8482a43871de4f1,CLEAR,DAYLIGHT,DRY,DRIVING SKILLS/KNOWLEDGE/EXPERIENCE,2.0,29.0,2.0,2.0
037366f881c603d49f34d3951d4cf6491d131b27e0f08860ab9dea0fc3ed89a0767bae247edb2cf3968371527703b537a22b627a46cc477dfc7c4c1046917b45,RAIN,"DARKNESS, LIGHTED ROAD",WET,FAILING TO YIELD RIGHT-OF-WAY,1.0,41.5,2.0,2.0
03736cf1fa08b313fb337a7b6ecd5296b457a8cd892b9d89997e138f1c78d00dfe25c494d121144f6ba07c1d19c51088795980fdcc855f32fdde9f6077be71ba,CLEAR,"DARKNESS, LIGHTED ROAD",DRY,FAILING TO REDUCE SPEED TO AVOID CRASH,2.0,29.25,4.0,4.0
0373953689ef7afbcba006ff53c4f5c552a43378b4abb9f1882d6e422b0410171656b5824de13fdd3323cb67e2306ff1b4cc74fab3934ef5b967f23b5d4121ab,CLEAR,DAYLIGHT,DRY,DRIVING SKILLS/KNOWLEDGE/EXPERIENCE,2.0,40.0,2.0,2.0
0373b917ab5fa31c6703421069f8c0f0c4726b42ba14b3d36c7f6dc840cd7d533ff6d33873f23635921ad61d7b9957f9cafdf5c0a84df70f77ee15920bd60905,CLEAR,DAYLIGHT,DRY,IMPROPER OVERTAKING/PASSING,2.0,25.0,2.0,2.0
0373ea412f4980db4921e019ed29bcc526cd8f0361fc800aa648566d3f687699c5c8c78864cda26c2596b1f3d5ff57810620a6a194da912dd6022c5725a6ea03,CLEAR,DAYLIGHT,DRY,DISREGARDING STOP SIGN,2.0,51.0,2.0,2.0
0373f1c00c4e585f4a4c5a81283318389377e512192f67271d1f5123fb23d2bcf961569f808535df64ce43efa4d05db54d31b4e2b724c930b408f5044fa97bff,CLEAR,DAYLIGHT,DRY,IMPROPER BACKING,2.0,18.25,4.0,4.0
0373f49a965678547c5ed2e30aca5aa3c56f7ad026aaf955d175d4aea4e0e0e2dfc4d4d5fa57bbb88ffcb203b30d24f7eaaf7ae9bd6d18e160159986d9f824b5,CLEAR,"DARKNESS, LIGHTED ROAD",DRY,DISTRACTION - FROM INSIDE VEHICLE,3.0,26.0,1.0,1.0
037420f22db72dff44c742c8a0163a00e646e6466e0cf047b6eeb9f3f201a8eec2f2331c55f1242cb379febca11eea07a075dd5201a5ce45024911069f6d9ded,CLEAR,DUSK,DRY,FAILING TO REDUCE SPEED TO AVOID CRASH,2.0,47.5,2.0,2.0
03747b5bdd780ac2680bf2429114585b57e63a45a1744d3ef36f691620d3f9014b0198f7f3b06c71238e7de70253d248f39ce6431615d681ccab941dc4f244d3,SNOW,DAYLIGHT,SNOW OR SLUSH,WEATHER,2.0,34.5,2.0,2.0
0374825c514125eeea68eb3dcdcd0daaadd967f1c5aea058d58a7927ea36ce682a472aee109edda704d66176c6262b5963747492e67db96e265b28572fabcaec,UNKNOWN,"DARKNESS, LIGHTED ROAD",UNKNOWN,FAILING TO YIELD RIGHT-OF-WAY,2.0,48.5,2.0,2.0
037487c6768727b4a2ee3c041c90aae113f6ad6d81b5e5a6b9d9fafe39427c9d51394defb25ae42912f912be8e622da1db83fab320c280dc63a0547160321704,CLEAR,DAYLIGHT,UNKNOWN,DRIVING SKILLS/KNOWLEDGE/EXPERIENCE,2.0,28.0,1.0,1.0
0374cb59488397fa4a8aacacd6ff86eb5eeeb1c27294f6e90ae0d90ce85cb6494e4ae805688523ea961e8ebd53fbd134a2329fe7debff18cef9292e587e656f3,CLEAR,"DARKNESS, LIGHTED ROAD",DRY,IMPROPER TURNING/NO SIGNAL,2.0,31.5,2.0,2.0
03752da81e8f8c5765af35b8fe202b10f8079b81320fae96aff323947e29fc042ee6be9f8e7d7e4d9f07be447a7cf3635bc99396314c843f0d2f9b924e35152a,CLEAR,DAYLIGHT,DRY,FOLLOWING TOO CLOSELY,2.0,27.5,4.0,4.0
037530312023c7571da877c0589470b55ec05bdbee2fc8942ec16794473e21c221ea191d90c0cc11c955c3f7e2309207e065c9266bdf9aef4b1f37b012791cc4,CLEAR,"DARKNESS, LIGHTED ROAD",DRY,PHYSICAL CONDITION OF DRIVER,2.0,39.5,2.0,2.0
03755faac85d556559e444c52b9ac29616ff74b4111fcf05b531c9593899a64b8685e8d0bebc2d6b0c91439747dcef08fc0bb032acf4b7d37fba96ddf96be5ae,CLEAR,DAYLIGHT,DRY,FAILING TO YIELD RIGHT-OF-WAY,1.0,26.0,2.0,2.0
037560a0de8d41526a6cce5319c09ec18aa20c6a6eaedbb4fdd3608be2e0c0eec91ea8f43700ad5703f36a6345de033c9336a714e09fbd771c09524d47163f5a,CLEAR,DAYLIGHT,DRY,IMPROPER BACKING,2.0,37.5,1.0,1.0
037562fd8891fc01203a528b82446eee8c24c77febeff2b5303eff791fdc64ba2010faadcd1f417f489fc96f4298dd32b59740c11da0414af775dbb3838c2fb6,CLEAR,DAYLIGHT,DRY,FAILING TO REDUCE SPEED TO AVOID CRASH,2.0,43.0,2.0,2.0
0375819798d50d0a0665590cf6b67e67453c6bb53c694da49060c3adfe80c3410c84303789ef49abc21387abcd06d1b10cadb83f953265c6a5f9ba451e6a98be,UNKNOWN,"DARKNESS, LIGHTED ROAD",DRY,IMPROPER OVERTAKING/PASSING,2.0,27.0,2.0,2.0
03758341bf4d72ebb1249c59d7e0e5bbb473964519bcd93c6b747426392838c1304a566a4de1979cd79dbffce7d01cdab3f8ad564d6c3b273b960d293b5d7b83,CLEAR,DAYLIGHT,DRY,FAILING TO YIELD RIGHT-OF-WAY,2.0,70.0,2.0,2.0
03758c0d5796f06d0923a92bca5ee6bcf70e2edafc65197ed9c5f9f56c3c5f72d67d721d9f022c205d4d64861dbfb698e47474e70c3a0960d6fbe34e8b3933fc,CLEAR,DUSK,DRY,FAILING TO YIELD RIGHT-OF-WAY,2.0,27.0,2.0,2.0
037591fa32245cb26d63bdc1d5eb3f973c97962c825b943813b819fe5459986bebe68e668b8541bf19c3e08bb635470fd2c52142b07348cc1f045fd78c9259a6,CLOUDY/OVERCAST,DAYLIGHT,DRY,DRIVING SKILLS/KNOWLEDGE/EXPERIENCE,2.0,26.0,2.0,2.0
0375a7eb4fa7fee068e17d1d9512fd16013d09cec86f04dbd34858e9fe1d614d6c73d4ef65e3c6e9f67818eadced4d09cb9da81780065df2c0214ad856f7f99d,RAIN,"DARKNESS, LIGHTED ROAD",WET,DISREGARDING OTHER TRAFFIC SIGNS,2.0,20.166666666666668,6.0,6.0
0375bb0cce1600cd77982eb87cc8cfac79efe15f325c8ccca23ff561081416e40608ac54393bd586f119a6956b2a765bcdababba9209ea9d858f491c4fb4550f,UNKNOWN,UNKNOWN,UNKNOWN,WEATHER,2.0,37.5,1.0,1.0
03760e158cea894eb3ac6f3edaae0b05384cccba6df8c9959cafd5f63d6d62c2ee10c22f1e52247572b206bb2e6dd63fcb2b2e2eb5023a3196ce56bf7f69ab20,CLOUDY/OVERCAST,DAYLIGHT,UNKNOWN,DRIVING SKILLS/KNOWLEDGE/EXPERIENCE,2.0,41.0,1.0,1.0
03765c7b2c9d8cca2f7c710242ad998ae971715346c6ebbd383ae5339eddbe44fb407854ae158a039ca311a236d945949b525ad191a8ffbb11748b7fba2cff34,CLEAR,DAYLIGHT,DRY,DISTRACTION - FROM OUTSIDE VEHICLE,2.0,36.333333333333336,3.0,3.0
0376675bf7d84660c496711e87af2fd178c796bd9781df4327dcfad60891662c68d6bb4bcf328c04ddd382ff31743e47a526150709aba1796e2ae0e3b6755e49,CLEAR,"DARKNESS, LIGHTED ROAD",DRY,CELL PHONE USE OTHER THAN TEXTING,2.0,41.0,2.0,2.0
03768173c8eaeb9267a50f85579d44d70f76df6112008b6c1d991e0faa74a7efe00b9d5cb29eb1433b55a86bcb784ffbdf6751c55bd22af32d0a1cd1a19fe239,CLEAR,"DARKNESS, LIGHTED ROAD",DRY,FOLLOWING TOO CLOSELY,2.0,35.0,2.0,2.0
03768fb6c5893644fdefdf31f93188ffe7f53a87782463d367cd19713d5f5451cdebea70152f742c00322d1fd3c2c89c16e4a717a75e0b416fe4e15d98f3288c,SNOW,DAYLIGHT,SNOW OR SLUSH,WEATHER,1.0,30.0,1.0,1.0
037695a1bc19d35a5d3d17c8930fa56ea9b39ab0e2fb07b7eb7cb779c2420e0a127135461ff340b99b3d14a43a52b33d8339addc513953fc92af653a0b472fd1,CLEAR,"DARKNESS, LIGHTED ROAD",DRY,FAILING TO YIELD RIGHT-OF-WAY,2.0,15.4,5.0,5.0
0376b1ab1b252c3a45b891e8ed0990369aba8a385550eef078217b30d420462ee6262c071dd43ad30a5f4a8a208b50e85a2a76c8ec820e04db274c238d1ff714,CLEAR,DAYLIGHT,DRY,FOLLOWING TOO CLOSELY,2.0,56.666666666666664,3.0,3.0
0376b875f123bef13eb3f7813743751eefcdb74e580f62b11452aeb85bd3b588f852f88bf51a79fa21d07693949d6e04d7d7f6ce6ff71d02c36c51bf07777c36,CLEAR,DAYLIGHT,ICE,DISTRACTION - FROM INSIDE VEHICLE,3.0,31.5,2.0,2.0
0376ec5e9aee5ebc0acb00b9d9b7d364e5c6e10b4827a163e59d4e9b6647f9f3badaf4218f95d0e11e05257827cb94fb71a89d49a217b0fdf4cd78d14c862eb6,SNOW,"DARKNESS, LIGHTED ROAD",WET,PASSING STOPPED SCHOOL BUS,2.0,37.5,1.0,1.0
0376f49b2c3d9ad855a9cf7bd67f01156d7e6db61464cd264e27ede3b35505a3181d0dec6d71d7cc50dd83230ec6dc0a054df37cea3caa0d8ccd7c0dc4bdfb7a,CLEAR,DAYLIGHT,DRY,FOLLOWING TOO CLOSELY,2.0,45.0,2.0,2.0
037702559f003d0ff603a8c58e72d23d584429261458de9062d529a1e3c847d265bea7e235f45693b244ef4c1b71eb47ac7ab18cacd5c2d7ac465902cd8abffe,CLEAR,"DARKNESS, LIGHTED ROAD",DRY,FAILING TO YIELD RIGHT-OF-WAY,2.0,23.0,3.0,3.0
03771e95fc6454b55eae23238285c8580ac56c1d22829fe964e4662f763a2b30e12ecfbbc8425a70dbf6690bdb7cbecb50e7f61d63dd0f3704742c3bb77b64e6,CLEAR,DAYLIGHT,DRY,IMPROPER OVERTAKING/PASSING,2.0,19.0,2.0,2.0
037731dfeb5e6e0971586783eceeb21982327b4909070bc96bcdaabd831b6c8de31702385a992c970bfb1806e0b02c26e415c8173fe13ae11ee2c87f31c93745,CLOUDY/OVERCAST,DAYLIGHT,DRY,IMPROPER BACKING,2.0,29.0,1.0,1.0
03773365daf635cbf754420e63f770311caeab3dc3216c6720959476cd61133ff6a6fee06273c31a38b8028c309ab97e709d8873f5a32dfd41c80ce48aff09c1,CLEAR,DAYLIGHT,DRY,EQUIPMENT - VEHICLE CONDITION,2.0,19.0,3.0,3.0