crash_record_id,weather_condition,lighting_condition,roadway_surface_cond,prim_contributory_cause,total_vehicles,avg_driver_age,total_people,total_injured
0377620e0d45d208e5b3269fbec2df0fedf3ff3f5cd6626e06607b4f37630a2542745e7cef8f5e4941611e78836756360aef03933d9f165edfc30560413562d6,SNOW,DARKNESS,SNOW OR SLUSH,FOLLOWING TOO CLOSELY,2.0,36.0,2.0,2.0
037798a8371fdcc78604a6cfbbec836cbe2db8327b599a849516ecf6e46d92fd234670c589b5cbdcacf18f3de306ac862f960c922dbd49143ec3937714a398f3,CLEAR,DAYLIGHT,DRY,IMPROPER OVERTAKING/PASSING,2.0,43.0,2.0,2.0
03779e7226e0d8c770f1bc18b924f90c6e854c91f3e75342fb0d7d76dc804d1db026a3b810dc572b3e943cd11f8816902f365915918f14de5eaeb795ec75c97d,CLEAR,DAYLIGHT,DRY,IMPROPER OVERTAKING/PASSING,2.0,47.0,2.0,2.0
0377b1268c80c4830ac1b5fa0b036e8a491383d8104ba78d73683f7cd90bff363e7068ac0cfc54996166f42dc597284de9ac7746210f9df8ad832984036ec985,CLEAR,DAYLIGHT,DRY,DISREGARDING TRAFFIC SIGNALS,2.0,29.75,4.0,4.0
03780cab8eaaf1380c41245c78bd58680685f8ce41146d57ed660100c78df242bbd58d0426bfe352c6c70e1a3192bd204008317ee3ffe511d35bab10e99e5855,CLEAR,"DARKNESS, LIGHTED ROAD",DRY,FAILING TO YIELD RIGHT-OF-WAY,2.0,37.5,2.0,2.0
037893ad6591039ff38fc6d50694e367bdfe34675744db77a6c2011a66a48059281a4c14bf1a9f748fa66133c2adebac331b613f374f91b523aef6d6981dfa48,CLEAR,DAYLIGHT,DRY,FOLLOWING TOO CLOSELY,2.0,32.75,7.0,7.0
03789470ca72c0716cbd1ffbd87a12706dd58ac7fc4da098ce91d7e6598b2aa4ddcc253a00adace154492ca33c11d612512a6bfb64bb6248e2c7d44204db4a69,CLEAR,DAYLIGHT,DRY,IMPROPER BACKING,2.0,42.5,2.0,2.0
0378c09101695f761a61958adf744900943d477430e486e06a0596c4363a845a6c57f8c1d472606849356d45f5a793f9959a27470e56e9d94d92008d9c1a2e02,RAIN,DAYLIGHT,WET,IMPROPER BACKING,2.0,41.5,2.0,2.0
0378d9cad6daecd56ebfa29cbeb94191b7aeab91226e71bda97c5d7d6e6cdfe546947e7e35b05ba9606bbbb1cf6a7da6b527c8d6fb16f51431ac0e1450aed2a8,CLEAR,DAYLIGHT,DRY,IMPROPER OVERTAKING/PASSING,2.0,57.5,2.0,2.0
0378e43c03e69d04b9207fcc862421c72e56236a6958133a55315d6f7ca4b5ff073902836bd1d88e5f72d57838d03073e692bf1a7d18c2db6f9dd83f31e06a27,CLEAR,DAYLIGHT,DRY,ROAD CONSTRUCTION/MAINTENANCE,2.0,42.5,2.0,2.0
0379114253d4e04f4b150a536c6d3d83e4117fc5c76871281afa619ed4dd025a8c03c9051e4ad807f222f41fcc4a046f61cb4a13aa210969ebae7d6094bb9198,CLEAR,DAYLIGHT,DRY,FAILING TO YIELD RIGHT-OF-WAY,2.0,46.5,2.0,2.0
037915a8c21ad802c6521a64af00c623306eb65dacf526eb3da4b8c6bf246737f5925cc07397e72436bd925ce6bf5829f766bd4a5871bd7eb6098c1390a59b74,CLEAR,DAYLIGHT,DRY,"VISION OBSCURED (SIGNS, TREE LIMBS, BUILDINGS, ETC.)",2.0,15.25,4.0,4.0
0379369169a69c267e503255fc7ba58ea7b7c37776e14e499566afd9e99bd49bd92c5775e943f42fa19016830d2da6fd3aa21dc3a5d4f05f1e0399fbb85af4f3,UNKNOWN,UNKNOWN,UNKNOWN,IMPROPER LANE USAGE,2.0,37.5,1.0,1.0
03793c73128d867335362c00ed73fac85c629a8f4888a8820c446138f60a211c9e6de694f3de110694c4cbb9aef11cb596b0ce76a3c720f3947060a6b7ddfbdb,CLEAR,"DARKNESS, LIGHTED ROAD",DRY,FAILING TO YIELD RIGHT-OF-WAY,2.0,37.5,2.0,2.0
037973a8be2f7bc097effe20ee9f0b4350787820761b54ee9d1e71c41cdba54a0cd95f10344053e4fd5ee1cc921b91a6c85f15b6fb1d39efe8090c70c150c48b,CLEAR,"DARKNESS, LIGHTED ROAD",DRY,DRIVING SKILLS/KNOWLEDGE/EXPERIENCE,2.0,53.0,2.0,2.0
03797b26ecb4527657cf7f465bef266984e7ec197475645301022d8b6e6b8fb81c20320441b079124af6064bcee5c80d5f5fb971d54de4ab5e8b37cd408f3fd2,CLEAR,"DARKNESS, LIGHTED ROAD",UNKNOWN,FAILING TO YIELD RIGHT-OF-WAY,2.0,43.0,2.0,2.0
037987102caad28f032f7139e97f80b8f8929a667db48c285fea81eb8283ec9c410e132dc3a2afff3ba7db440302cd12b608e80eda2fba4fc1157d4551aadbd0,RAIN,"DARKNESS, LIGHTED ROAD",WET,DISREGARDING TRAFFIC SIGNALS,2.0,24.333333333333332,3.0,3.0
03799dd095224936bbdeb800a603e4f8f1e0c8adb8013637497b45dd67ff648b2a624e98e1820baf9e8df283d5e4e9223b685516e04a81634b98bba8dc9fc875,CLEAR,DAYLIGHT,DRY,IMPROPER OVERTAKING/PASSING,2.0,29.0,2.0,2.0
0379a8ea61d966ba47ea168e04ef44028cb82f70233b17e916bc6fb7f3760ecfab08946536808b4735534b5711d9ae44e63f0387df152108f757320eeb6923df,RAIN,DAYLIGHT,WET,FAILING TO YIELD RIGHT-OF-WAY,2.0,32.5,2.0,2.0
0379bc1d104c7b6849fc12c524789b729a188d4326bbfb59bf6085b364475989172aa06e6d067b1025479729ffe327fee0962c63f6595a127b9da65535a7ca53,CLEAR,DAYLIGHT,DRY,IMPROPER TURNING/NO SIGNAL,2.0,36.0,2.0,2.0
0379cb58c2d5179181493a70d9546be61035c9e108e81cb4221bab9270d512441ed402ffeb2012c43d70b60ddee97a8a05a1302cf8a5ef2589bf9f006d5ac481,CLEAR,DAYLIGHT,DRY,FAILING TO REDUCE SPEED TO AVOID CRASH,2.0,48.75,4.0,4.0
0379f022d79850efbcafeac95cfaf5608a437825e2718e741297505943c96a86944d8a089c135f4d2ee1bc10e72698559e7f615f6b4ac45c6f63dadde96781e9,CLEAR,DAYLIGHT,DRY,IMPROPER BACKING,2.0,32.0,1.0,1.0
037a1f102e4893738f990c698917c11514b5ee4d4417d483c3bec92e15836960c73040c1e71471788f5d56753af142cd8174fe5085f2f3ba137ec43eb22e54e5,CLEAR,DAYLIGHT,DRY,FAILING TO YIELD RIGHT-OF-WAY,2.0,37.5,2.0,2.0
037a256e39d543a5d616d6aa5aab19e9708974582f55531e29617d203110a2d0110fff513860fa8e71b2d7ce30a3ae326c425a5d3b9f1f85824082a40e8be74b,CLEAR,DAYLIGHT,DRY,DISREGARDING TRAFFIC SIGNALS,2.0,54.5,4.0,4.0
037a2c2ab523dd4667e30f37aa84470a02351423de4ea3bf107a63e5e165a9f5b6deb1dc59dd661022777ad053fcf450c7bb35edb233d1575e0c15b5c4e245bb,OTHER,"DARKNESS, LIGHTED ROAD",OTHER,EQUIPMENT - VEHICLE CONDITION,4.0,53.0,3.0,3.0
037a34e1deb25a382a357f0eb421d02149b09df90ed779ff914aff870d12691b303ac278b950c0ae770d2533ea1f4f038e136c8c85ae1835a115205fa23410e7,CLEAR,DARKNESS,DRY,FAILING TO REDUCE SPEED TO AVOID CRASH,2.0,50.5,3.0,3.0
037a97e6461122e807bb9650be3592a1b28153caef2054d11151940f17591c3b6ffba466b06b49ed56c91ddb30bc22910451adcd2366944a8c10d2d6b6b0a643,CLEAR,DAYLIGHT,DRY,FAILING TO REDUCE SPEED TO AVOID CRASH,2.0,26.0,2.0,2.0
037aa216060db21dadce7cf4164703f796ce20f12c56e83b01aba42c2b5968a4d104c5cb068ad46b9e47a145208ae8fe4673a3849feeeb83db4705270ec2b031,CLEAR,DAYLIGHT,DRY,DRIVING SKILLS/KNOWLEDGE/EXPERIENCE,2.0,61.5,2.0,2.0
037ab5a68b81fc9dd08f7b9db8651dea3a3a2dba674008d1df348afccbfc3dadf947b3f72a2d430dd86dda9a9c097e4bcbff5511e7f3e73bfbb2889fedc9c1d7,CLEAR,DAYLIGHT,DRY,FOLLOWING TOO CLOSELY,2.0,27.0,2.0,2.0
037ab5c7d28580fd9e3ba1e6470221584378d03e1276eaa0ddfc7475df7595ac6ec0b9a50ec897ad84dd0f0ccc20c22975091cf9014c508983bf5a9b7b84b621,SNOW,DAYLIGHT,SNOW OR SLUSH,FOLLOWING TOO CLOSELY,2.0,53.0,2.0,2.0
037ab634d8b9b192c3dd2a578082b3365230f799e410ad157e4b4a9b988119d5ac80abd84a8c94201afb1028011cd75913de07f63940f87af7dfee4f86b4f6d8,CLEAR,DAYLIGHT,DRY,FAILING TO YIELD RIGHT-OF-WAY,2.0,34.0,4.0,4.0
037ab8ca80b542094f3614cd03182e7ef2a1271677a3e379d34821dbab95fe7c02819950ebca1aa6654fc5e70471c6ce83c01a9b78f221588990cd0280f2acc7,CLEAR,DAYLIGHT,DRY,FOLLOWING TOO CLOSELY,2.0,30.0,2.0,2.0
037ad2335d0683a5969cd8d07682b7fb245a30d2b78a17e382f5a16adc51ff09db50bfee177b198d44a57c5f6ce6750ddacd61594fa48e017b1ad9fc46a55f6e,CLOUDY/OVERCAST,DAYLIGHT,DRY,IMPROPER OVERTAKING/PASSING,2.0,59.5,2.0,2.0
037af04867fcf950480ffe7db5d8a6b3dc59b130377ae872141d19a14e2a7019404b2ceb38bd95f1a90c28e59b9093d8a95468247b6e14e58b132b8e6b65743f,CLEAR,DAYLIGHT,DRY,DRIVING SKILLS/KNOWLEDGE/EXPERIENCE,2.0,37.5,1.0,1.0
037b2aed0afce0ea4912b902d52f5c021bd8286354c235486136d639c5839c1873d354545429f6068e2e78c9d99d7ba9a8ab6cf7178491aa046aef5a6aa07f71,CLEAR,DAYLIGHT,DRY,IMPROPER BACKING,2.0,49.0,1.0,1.0
037b6df60770624fd8a3c9787a5d7d023518b69ea4a14b76c1047356bd260b3e650c9a5b77f7e86b1b4986adb09fdd3560e09e087795d00278bf0335ad5f3ffb,CLEAR,DAYLIGHT,DRY,FOLLOWING TOO CLOSELY,2.0,37.5,2.0,2.0
037b8052ee37c62a8aa622da52b55861896e184b77f00958cd5ccfa0fef2e542971e7a67c1f8b5fef90db908c03a81c9ce1696d0a1368ea258e223bfe436d67d,CLEAR,DAYLIGHT,DRY,IMPROPER OVERTAKING/PASSING,2.0,36.0,2.0,2.0
037b9fc6def734e95bff81d91c97f1911351c2a43782144770c142fad69c42bf18caa6b95914423c99d66c382422aa7dc1ff4f12432945058144195e3f33546d,CLEAR,DAYLIGHT,DRY,IMPROPER TURNING/NO SIGNAL,2.0,22.0,2.0,2.0
037baedb9dab36ef1437ec73fe14b2e6d54faa08603f15ddeaebae6d7d44fbe3c50e92e0d22300e794da5f176c223c7765f6324f903517d7800b69925b662213,CLEAR,UNKNOWN,UNKNOWN,IMPROPER BACKING,2.0,29.0,2.0,2.0
037bc40c93181fc7b63441ed46e51a5cf095b6ea190a7434b28eef49d5831bf2bc46025ba9eea0c0cdb81585ac3767487ddfbbbc7b9578c1ad1a92e4acf856aa,UNKNOWN,"DARKNESS, LIGHTED ROAD",UNKNOWN,IMPROPER OVERTAKING/PASSING,2.0,33.0,2.0,2.0
037bed239dc15bb04693dc09fd18cbc4777e3d2f10a43949ac5c09c52e48a9ee48e35ed284dfa4b60319fe25866ab680919b104c501c2cddd7655bae673bcf2e,CLEAR,"DARKNESS, LIGHTED ROAD",DRY,FOLLOWING TOO CLOSELY,2.0,51.0,3.0,3.0
037c013f53078a6d9159a7f3787d31a5fc4da604daf8d885f5a3b81beb5f4f95a30ecc28bdd5cc16fe7ff9a579e8509733d9ae7de4cc03d5bdd64c387ed709b8,CLEAR,"DARKNESS, LIGHTED ROAD",DRY,DRIVING SKILLS/KNOWLEDGE/EXPERIENCE,2.0,60.5,2.0,2.0
037c0497be9dc3abfe3d3e84e521c8165dd1f9466899421381730ff5a14ee867c5775537aad0890cf4496ca2084b295ca34234624328167ec6123cf5ae5c848e,CLOUDY/OVERCAST,DAYLIGHT,WET,IMPROPER OVERTAKING/PASSING,2.0,33.5,3.0,3.0
037ca42dbd9bc771375bcfaacb59cd956295e671a42a461eaab5a71a1a28d5d3ef9124a21a4df09d9b9830af07265cdf3e0d8eea4f36d3a50fa26e5c14423c3f,SNOW,"DARKNESS, LIGHTED ROAD",SNOW OR SLUSH,IMPROPER BACKING,2.0,29.0,1.0,1.0
037cc1d4288b7c49fbc1995c82431fd51cf21d3aca1302e427f54d31bd23967f3293532b8639f1436d4357ce2be017ff3c75aba1b30f6a3d64c3f8233d2be790,CLEAR,"DARKNESS, LIGHTED ROAD",DRY,FAILING TO YIELD RIGHT-OF-WAY,2.0,59.0,2.0,2.0
037d17253444495a7146d4586a8d46abd86bf4d6ae251566878d67971de5ad960ca24f504e47556f246a1f59c0e70c90d78ffa0d61a12be337b6c53edb9311ac,CLEAR,DAYLIGHT,DRY,DISTRACTION - FROM INSIDE VEHICLE,2.0,52.5,2.0,2.0
037d5ce9690f9b38cc62e2d132cb8f822a43dd8ed2f33fc59f08f4c1d1a7ae8b5145471676da7d9a268417aa7e057decc849bb9203d70f870a02bd98e53a77ea,CLEAR,DAYLIGHT,DRY,IMPROPER OVERTAKING/PASSING,2.0,68.0,2.0,2.0
037d64c04f84fab496c268d7b1572592aefaa2be17d0db07c92280a35f9a69b8f4089644312ee4b1092fa3766b4770bd5d9f61f4453dcd3bf45e123cc6e63c43,RAIN,DAYLIGHT,WET,WEATHER,2.0,69.0,2.0,2.0
037d7d0d29a6d1d6452fbd9641eab1d05c05e883ec3ca9be9ac2957f3790b41a7bf393ffa914d169d13aeab03b6413c6cfded97aa9902cb279184fd00f874df6,CLEAR,"DARKNESS, LIGHTED ROAD",DRY,IMPROPER BACKING,2.0,37.5,1.0,1.0
037dd06d6c3f02fe7d7d99966e4c42cda6c7bd26ee33d939bb3f9a82768403940ef1fe1fcb37483c2290c43a50c3eec287aada9bd1f054cbe3fcda03877e0071,CLEAR,DUSK,WET,IMPROPER BACKING,2.0,44.5,2.0,2.0
037dd0cc13b26581314464017ff091737c745b3268961dfd063ea965d2bd296ac8e4e38a85b5b002315a1172dedbaba29a6f44ad8078a6588abd06a5adc0c242,CLEAR,DUSK,SNOW OR SLUSH,"OPERATING VEHICLE IN ERRATIC, RECKLESS, CARELESS, NEGLIGENT OR AGGRESSIVE MANNER",1.0,36.0,1.0,1.0
037dd9f0de50dbc2f1b9049a21f559504937142dd0fec78792847b2d20ec4fbabcdd1740c24f6115b0e6c6fe06938624485f54c1e6a98638fa82cae88913bf70,CLEAR,DARKNESS,DRY,FOLLOWING TOO CLOSELY,2.0,35.333333333333336,3.0,3.0
037de6fb379df37d217950869cb8dc6672a6a39a537b1c65d7d1bbe58358b3477f5dd6262c35f30996af07223e4dedff7efc702d2f3b2dfc7a0c1d6da7457d17,CLEAR,DAYLIGHT,DRY,FAILING TO YIELD RIGHT-OF-WAY,2.0,23.333333333333332,3.0,3.0
037e0220ce15d408e3f4b64d32b8d41efe5f2a8878366681488e7d9ad4747cc71adb57905d1d4ae67f99d444cd8a5d2e8c312add6f48b62e2beb51d286b341db,CLEAR,"DARKNESS, LIGHTED ROAD",DRY,DISREGARDING STOP SIGN,2.0,43.666666666666664,3.0,3.0
037e37fdb0a29d5f0fcd3ec30d16ea1dba745abca20109d707fd3594318b858b85d2041cb7c76b3ef651de64760b737b4ae774d1f21ae77a5d02651c4d0e4bb4,CLEAR,"DARKNESS, LIGHTED ROAD",DRY,DRIVING SKILLS/KNOWLEDGE/EXPERIENCE,2.0,20.0,2.0,2.0
037e3f53d8b87b932e91f08a53a08c8d1aef82af7a92e23b7fe733c9a8f6bb82801f70bd518283fc5c31746e885f15f2f2bc29422326590f1fa5a129962ecb71,CLEAR,DAYLIGHT,DRY,FAILING TO REDUCE SPEED TO AVOID CRASH,3.0,34.333333333333336,3.0,3.0
037e69da5e8e49c66e60c728f112b84dc6104ff90d4231944687fabcf78ebfe08319530e58a9999f81b61cd43b6a807f985365afb84f619f58edfac42cfb84bd,SNOW,DUSK,SNOW OR SLUSH,FOLLOWING TOO CLOSELY,2.0,45.0,2.0,2.0
037eacde6f90b3ce8485ebdf2e549ac4946e194189dac409a0311e5f24ff3e3fabd7d340993ca9d2a90c91411ca3adcbc885593ba97895cb69746962a2ff64f7,CLEAR,DAYLIGHT,DRY,IMPROPER OVERTAKING/PASSING,2.0,52.0,2.0,2.0
037eaf202db135a430c8f45eac3f7061d92fede574291b722e2b50ed94a3ad16fec046c1d6a76bca70b909f178fb12246216bd8d81f8df52feb17e59977e5415,CLEAR,DAYLIGHT,DRY,FAILING TO REDUCE SPEED TO AVOID CRASH,2.0,40.0,2.0,2.0
037f139fbbfbe26609811495f78c9d7a632adbf268058543427105f955b796251029163f961316424e581938261b6a2fef2a8279167c16057e7aff7decccfc29,CLEAR,DAYLIGHT,UNKNOWN,FAILING TO YIELD RIGHT-OF-WAY,2.0,32.666666666666664,3.0,3.0
037f1f91562a16fbc957ed8f215da8c3e2640c99ff0dc3a97a336ada90fbbb588c35e7264ff7b1f56ab17e4f69ba03af83f2c38c4f1eda873f0001a3bcf8da0b,CLEAR,DAYLIGHT,DRY,FAILING TO YIELD RIGHT-OF-WAY,2.0,14.5,6.0,6.0
037f6077150eb62638005e49a74e1eaa75418ac66c086da9a42a19992027d925b3558e78d101b1fef0590af412509a1ffbbadca46582692522d2a525d6f94319,CLEAR,DAYLIGHT,DRY,IMPROPER BACKING,2.0,32.5,2.0,2.0
037f6c7984f8f1b91a8f650381b1c97ea34a09fdf67169bb4a8c18fd3930fd7854c6b9117b95539769cf66f815993fce285597b17dc3d490978947c9860aecb5,CLEAR,DAYLIGHT,DRY,FOLLOWING TOO CLOSELY,2.0,31.0,2.0,2.0
037f9a755f38bac19f8922f0cd2e2dfa5528861d551dfae26319d09df135edd141ab787132ad3cc596ba34e5d527e64b3f8407150da0e01b9c58b240b6496346,CLEAR,DUSK,DRY,FAILING TO YIELD RIGHT-OF-WAY,1.0,29.0,2.0,2.0
037fa28997879c22e4e849d43cdf049b067b07890916b0dcc45b2ae1600e39979abc6bf8543269c0d732ac238311562ded1a32aa2310e6212e6bcb31df4d732d,CLEAR,DAYLIGHT,DRY,IMPROPER OVERTAKING/PASSING,2.0,37.5,2.0,2.0
037fa4c2ff8a4c112a2bacedfcffde2d4ab306a63c129892228dd1e3e63852a70843554393021b54c022daff042d30cdaa277b0f1781b00f8a800943d814171d,CLEAR,DAYLIGHT,DRY,FOLLOWING TOO CLOSELY,2.0,27.666666666666668,3.0,3.0
037fab8c606d8f52506c61dda5925c43657090e7b604773f534d3b65f4ce42d88cd03c1158eaef9a6cdfc93e9c6681403059ca98ae93ad269bbae1257dbc27d7,CLEAR,DAYLIGHT,ICE,FOLLOWING TOO CLOSELY,2.0,26.5,3.0,3.0
037fb29d5d799c21df9a967e312080caf724cc355ca7147bc1f029157234997551864d99e1056da16c6b051d4028beb880ffe78c8d5fff9d7e58d479ce14207a,CLEAR,DUSK,DRY,DRIVING ON WRONG SIDE/WRONG WAY,2.0,37.5,1.0,1.0
037fec3cdc9a7105bb0bd928691ce6474cb1d35e9041cc81450d9b31c5f3301866f6d1c05719ff56537284df74182a1ac84d9281d44002e65d2241f27a5dc66e,CLEAR,DAYLIGHT,DRY,FAILING TO YIELD RIGHT-OF-WAY,2.0,39.0,2.0,2.0
03801c681c2d595abbda178413c863e3e042169f0a8c424c18619984a1895d7e4c12945386ff42780912fec758aa4380cd66e60bc414d2ea92317911aa656c0b,CLEAR,DAYLIGHT,DRY,IMPROPER TURNING/NO SIGNAL,2.0,51.0,1.0,1.0
03802ff36cb2a78c0784243f24071555652a10003453b18944d822250c9af08eff59067efcc415b436b8d3073da345a8210d303c433274146c434706f93e4145,CLEAR,DAYLIGHT,DRY,FAILING TO YIELD RIGHT-OF-WAY,2.0,48.5,2.0,2.0
03809cf1b8d845c4fcf0c189dbe5dc5834a85e3292355a6440076f38e3093ef16e981202b6213a56e70d670b1c211b50d99de36b197a94d778c5b7a77119d325,RAIN,DAYLIGHT,DRY,FOLLOWING TOO CLOSELY,3.0,62.5,3.0,3.0
0380ae8ed1ae7421e4a3bf5c556f84db49e2126ddb01acaff9dc6f9a55fc4273c5c71ed46410c4ad75c23408491f7db82d7bdd46723191c887d8d3eb83866748,CLEAR,"DARKNESS, LIGHTED ROAD",DRY,DISREGARDING STOP SIGN,2.0,28.0,3.0,3.0
0380c00c8e2d459361863605507358958622b87173522f4aea8824c9e8dc483c03b2b3651305bd062211bcca9a30dd6390d21d903aaa6ee82047dcc9ff692c1d,CLEAR,"DARKNESS, LIGHTED ROAD",DRY,FAILING TO YIELD RIGHT-OF-WAY,2.0,48.0,2.0,2.0
03810cdf3ff44c6d652f1d27e8d4293677fa6bf8ec026c8ac774e2973a0a3dfdfb8c26a2f17a3fb01a8dc75019db2522942aa3165e80b9984b92afcd948fd97b,RAIN,"DARKNESS, LIGHTED ROAD",WET,"VISION OBSCURED (SIGNS, TREE LIMBS, BUILDINGS, ETC.)",2.0,38.0,2.0,2.0
03810d8eda1063e7acda00318654c74b609ebceb455921afba2ff6370efac004517d071ee125046c608cdec48dd5f8e80d9f5a1052adaeed83f047e18a863b45,CLEAR,DAYLIGHT,DRY,FAILING TO YIELD RIGHT-OF-WAY,2.0,41.5,2.0,2.0
03811f0f77a0a783137aacd8ecfc3d383bad073d4c94a9e84e96729c72ee079ef06df693cdf6ae2780266f7474d4d0a626b1ef2e7b27940a40c3cd6fe837da47,CLEAR,DAYLIGHT,DRY,IMPROPER LANE USAGE,2.0,37.5,2.0,2.0
03812e01a44da360a7f6bf2c4fdbcd5cd30e0840efdcbc27ac267a1c8affb14c661e5e26b1da3da8155405134537b2711bc3eb1e62605030013ee8831447eb59,CLEAR,DAYLIGHT,DRY,FAILING TO YIELD RIGHT-OF-WAY,2.0,46.0,2.0,2.0
038136136faad81debbe2dde4779507220ab6a73bf7197618ad7d2ea9f72a5a311486d2b5e73d0a2051d09a07f7e73a3f42db8b5473d7f92ce5c03163249120d,CLEAR,DAYLIGHT,DRY,FAILING TO YIELD RIGHT-OF-WAY,2.0,33.0,3.0,3.0
0381470ade46fff803e78a3f83f844e5496b18abb0c5c4f5e78a9f8f065357edbe06132c504d537f90535ffbcac7e26d9e3fe2e21e6ac236de019e07782e9240,CLEAR,"DARKNESS, LIGHTED ROAD",DRY,FAILING TO REDUCE SPEED TO AVOID CRASH,2.0,46.0,2.0,2.0
03816c5929e8336e2092cd2e64737a0f335f8832c3d6b314af98fb180d025160c9475d2d0616f92778b706db5e88442330179e9fec8c407e4c89885279983be6,RAIN,DAYLIGHT,WET,"OPERATING VEHICLE IN ERRATIC, RECKLESS, CARELESS, NEGLIGENT OR AGGRESSIVE MANNER",2.0,30.0,1.0,1.0
03818258607bc6541ecea73fe01b328375cbeb997be39971a6aaa4258c5206b23ec8d6c379d53ea1a0c3f73e34d5571da61c6fc2c9925a05eb00b26c34d1cf11,CLEAR,DAYLIGHT,DRY,DRIVING SKILLS/KNOWLEDGE/EXPERIENCE,3.0,26.0,1.0,1.0
038183a575f709c8bc497bfad1e121a1f7f252a156da68045eef8f89d85ecd71c1f5820dee70e028c469ab7b538a54973b6a0764ff032f4d3322c23b1a653503,RAIN,DAYLIGHT,WET,DISREGARDING TRAFFIC SIGNALS,5.0,28.0,9.0,9.0
03819cc2e18bb9d3b7c506c01254071ab0cb0cc070462593bbf9a2d331239c67325bb7fe1005ca26cd8603efd0fd3845d472719d1ef87dd03861ecd461601e16,CLEAR,"DARKNESS, LIGHTED ROAD",DRY,IMPROPER OVERTAKING/PASSING,2.0,72.0,1.0,1.0
0381d5461322889f603b7a6bf8872da00c32b67c85ca942987c67fc9ee33f30c1ce0d7d548d9914c15844e3305cbcb4e4b366de44e3c2bf95416078f62d3f03c,CLEAR,DAYLIGHT,DRY,IMPROPER TURNING/NO SIGNAL,2.0,39.0,2.0,2.0
0381e2a49130c4fe83ac7be5466ba1c12b0c9f0c6a07f2146cbc4a61eb337fd1fbd3aac0e88f7bf51b0386d54f60e2a249802f621082cfe86ac608264b68e6c0,CLEAR,DAYLIGHT,DRY,FOLLOWING TOO CLOSELY,2.0,50.0,2.0,2.0
0381f28bce15f62666af0b745853d0979eac47a098a89b0746287a4ae5e7ad246249a489f1d7fbb3c2df92dd562b828359e98394415a4a29d0b47081b627329a,CLEAR,DAYLIGHT,DRY,FOLLOWING TOO CLOSELY,2.0,58.5,2.0,2.0
03821ada7b5684c35b39c8d18957e4874940de0e86ce7233aaa5ffaa8ed4cc1408957b7eb43dd475f318ba6eeb897630fc546f52f641af85e338dabcc5043550,UNKNOWN,DAYLIGHT,UNKNOWN,FAILING TO REDUCE SPEED TO AVOID CRASH,1.0,23.0,2.0,2.0
03823c09682f35bbae4c79897713bef619d650205df65491763c883a5ad83797f50e4f60fee2e3ba11eb78d589daeedaa8c93be523ae1ee5567f5501e4aade62,CLEAR,DAYLIGHT,DRY,DISREGARDING TRAFFIC SIGNALS,2.0,47.0,2.0,2.0
03825cfbddf890cdcc204350bace478c6de97aaaf902ecc5a120d8251fb7b4f8e92f0da56f5e76738dfd003e2fe67b3602c75722e402a72ee049d28eae5118af,SNOW,"DARKNESS, LIGHTED ROAD",SNOW OR SLUSH,FAILING TO YIELD RIGHT-OF-WAY,2.0,45.0,2.0,2.0
038263e789937ea76eb9bb1f3a0dc8444a5823cde062015de152612d0700468e499ff9c70a28ad65b95d664c8081db6d622c1bd7e4070c8208c9d46af20f841d,CLEAR,DAYLIGHT,DRY,DISREGARDING TRAFFIC SIGNALS,2.0,35.0,2.0,2.0
0382785a2309ce4609f4dbd5eb4b7c3c5c46367dc6cf6118b180c5e39459a789c652dcd7bebe171eece7cef180f47f5f86857471cee13533d3576830f81e132c,CLEAR,DAYLIGHT,DRY,DISREGARDING TRAFFIC SIGNALS,2.0,39.5,2.0,2.0
03827d3ee7db314e8d071eaa56032d3b93e0426d7d121082c3d79f12feab9764f8e841a36434967c45534006f3e9d9756dbd0f93f1a886b2400e37861bc8f11c,CLEAR,DAYLIGHT,DRY,DISREGARDING TRAFFIC SIGNALS,3.0,74.0,3.0,3.0
038291c898b76746974381ddf5af576b113757070f6e4c22f4b5a755a6a979d70c4e124631915199aa15ac84e054149613a65ae5b4f38b60410450a7ef215600,CLEAR,"DARKNESS, LIGHTED ROAD",DRY,DISREGARDING TRAFFIC SIGNALS,2.0,49.5,3.0,3.0
0382e38c306b8c25dc4672ace809923e9b07d23053e147ce94cf794e0ee53a33d330065e6a2d18a13ac0a3eba96f71d2a589cc175a1f2ced73c3a8b17e892ddc,CLEAR,DAYLIGHT,DRY,DISREGARDING TRAFFIC SIGNALS,2.0,25.25,4.0,4.0
0382e6c37d11fa568eacb52c50d1327fff79fa461114e085f9a053fd424a497bfecca1565d8ba23fb07f67508faa3d1e274bbbac2284533118d4941b292399f2,CLEAR,DAYLIGHT,DRY,FAILING TO YIELD RIGHT-OF-WAY,1.0,32.5,2.0,2.0
0382f51c9b1219e4f6e4fa2f22d0dd5acb333080d2ea4d6e60dc53345a9dba7094d57b6fa82949a53502107155c815dbfc4a0476196b148f2ed9c8b2b719e77c,CLEAR,DAYLIGHT,DRY,IMPROPER OVERTAKING/PASSING,2.0,61.0,2.0,2.0