crash_record_id,weather_condition,lighting_condition,roadway_surface_cond,prim_contributory_cause,total_vehicles,avg_driver_age,total_people,total_injured
038313fca939e675218571b8c358caceb579e0ccb73b5e6883ca5669fe63bac9804ed5d1bda71e183c885ace95797acddcf5a67bfddaee40feeef040aee93aed,CLEAR,"DARKNESS, LIGHTED ROAD",DRY,IMPROPER LANE USAGE,2.0,20.6,5.0,5.0
0383256ea487bfa4f841779c15e4765dc6e6d840684976f93a636267870a926ebe7c65592b731d9d4c9087051c246e0f1247c503d63ac2cf54baf4f7e32fe61c,CLEAR,"DARKNESS, LIGHTED ROAD",DRY,IMPROPER OVERTAKING/PASSING,2.0,27.5,2.0,2.0
03835d1713149d6c74405ecb3fcc4f0c1e2890d250e21631743c1444dfd5be7d50e860b29bd6a11442039107f799913544ef5c04c3c9df2ed3c488818b699431,CLEAR,DAYLIGHT,UNKNOWN,FAILING TO YIELD RIGHT-OF-WAY,2.0,35.5,2.0,2.0
038376027631ea8c23b0164b74fc67c1e6294388a69dd38d4c91401a4430fc53ce86afa654118d291b95bebdcfe10b6022506b310f73f1de4ed9bbc50be69007,SNOW,DAYLIGHT,SNOW OR SLUSH,"OPERATING VEHICLE IN ERRATIC, RECKLESS, CARELESS, NEGLIGENT OR AGGRESSIVE MANNER",2.0,31.5,2.0,2.0
0383ba885ffde145cb8ade4a59127beda077a7a2fde046f89137bd6fe4a690fd15b43e8e15efc75d7479300414f543e02230ade60faa741167713b838ac2e6a7,CLEAR,DAYLIGHT,DRY,FAILING TO YIELD RIGHT-OF-WAY,2.0,39.0,2.0,2.0
0383bb55ceee0132f6e4671b976d18e8380b5b335ea5311e0fa1cf3295f3452f3d2bf4900f093da72d3f60c015e979978dcaf60320e33f63a2d2a0344ba0b5a5,CLEAR,DAYLIGHT,DRY,FOLLOWING TOO CLOSELY,1.0,53.5,2.0,2.0
0383bc1c93d01cd5cb726fd43df7e77ff7c0f3aface1cc37960ca4188cda28e42e845943771bd80c37e9aff0a184e1ef0a5e1a4ca761a839df82d86fb0c0fe9f,CLEAR,DAYLIGHT,DRY,IMPROPER OVERTAKING/PASSING,2.0,39.0,2.0,2.0
0383da227881aec0bee3ec1d626736bc6a26f30bd2602ab3ed823bc1718774f36a970073b0217f185ad1fb23051359c12a4913a38792dfcbb8cddda88f94dffb,CLEAR,DAYLIGHT,DRY,FAILING TO YIELD RIGHT-OF-WAY,2.0,37.5,2.0,2.0
0383dde0144456567704b31cdfa305f0c9df2c56751132debda0c551030eefc7ff1d373a13e0132872ffe466793d0411e858634e060b0127c6241ac81775131c,CLEAR,DAYLIGHT,DRY,DRIVING SKILLS/KNOWLEDGE/EXPERIENCE,2.0,58.0,1.0,1.0
0383e90a921ee287633e03840fd4674f168a1dbb20b2b991f8b3c50f8e75c94d800cf83a5f73951595e6f857db7469584d6c645789d974c94ac51a08b7cc7e1d,CLEAR,"DARKNESS, LIGHTED ROAD",DRY,IMPROPER LANE USAGE,1.0,43.0,2.0,2.0
03840d699020b4888beeba5ce7d6feaef186e82de3586024a3d08e1cfaa2bc56b44852eebdba093958e5e51dc6b55eb32eb34a3d74f53fec0d32484c7ef4f3d3,CLEAR,DAYLIGHT,DRY,IMPROPER TURNING/NO SIGNAL,2.0,26.75,4.0,4.0
0384177660e706d74a9dc638904ac43050916c4dd9ee6bb669037f0a33176ca92cfdfde0834b226f52a3d9b67e64887ac3423199b381e974e5870d537ad35a37,CLEAR,DAYLIGHT,DRY,IMPROPER BACKING,2.0,67.0,2.0,2.0
03843de50a293f49e4b1d377696ad087423e93ecdbee4027554f003050553364dc3294950298d11acf07659a1d216600ff3eb95f5877aa3b9465f010b136bef8,CLEAR,"DARKNESS, LIGHTED ROAD",DRY,"OPERATING VEHICLE IN ERRATIC, RECKLESS, CARELESS, NEGLIGENT OR AGGRESSIVE MANNER",3.0,47.0,3.0,3.0
038441bdd8f4d68f91ebc49a652ed3d8195864066e0e1016ec1a51cda8263b181b93d273fbbcef67c34138d7070e0660ad830f792ecdde7146dfeff2338d9c2f,RAIN,"DARKNESS, LIGHTED ROAD",WET,WEATHER,1.0,36.0,1.0,1.0
03846075b62bf595629faf61c3a0471f406482f8154e78cb7665f799e1c9425d7737be292e6d58f12786dee331d0be3d1ab33ae76a90abcc3c59e243e5674a95,CLEAR,DAYLIGHT,DRY,FAILING TO YIELD RIGHT-OF-WAY,1.0,27.0,2.0,2.0
038471b35edf3ddb40bb6e86d2e27de84500532bb61e2b7beb19edc315e680bc13119612dc8acb3976375cf7a8927f402a88938960db8dd8a2bd0552512dc9bc,CLEAR,DAYLIGHT,DRY,IMPROPER OVERTAKING/PASSING,2.0,33.0,2.0,2.0
0384748f5bcd5ea1eb023313f186e91bffe38829fbdb9fa009b07be9dcc6792f5f28c9542fbbb4f80819a89f56049ab277d3da46cc6425440e2bcd315caddea2,CLEAR,DAYLIGHT,DRY,IMPROPER TURNING/NO SIGNAL,2.0,42.75,4.0,4.0
03849654d18cb8033300367814a8ebf4706858b156438068ec911a3c2a23a4dc80d506c345198145cd58c47d44f6333065a02c86cda15fdcc30a6870ed422037,CLEAR,DAYLIGHT,DRY,FAILING TO YIELD RIGHT-OF-WAY,1.0,48.0,2.0,2.0
0384a76ad208d2d9aa4dd8044ae7758b28a6fc9b757c04553a1ad996a7ef6ca3bdc2e48bbe2c7045055c0a1131dc658174dfbd779ade69379b9ebdd53f0f8301,CLEAR,DARKNESS,DRY,FAILING TO REDUCE SPEED TO AVOID CRASH,2.0,18.25,6.0,6.0
0384af533b6a1a383cc42fdf29e57b7931904b7dfa0784fd370a93c95351f12d616979ad37be2d4455b7846112c3b072edb5d3fd4223ced84f335dd3db4d303f,CLEAR,"DARKNESS, LIGHTED ROAD",DRY,DISREGARDING STOP SIGN,2.0,23.0,4.0,4.0
0384b3b79c9684e0fe108e2fba90a220e0b59677dd27a0255d6e012210810d1efdc10e661c158fc95081278ce346164ffeb1bb011e070ae038612d0c8af1dcd7,CLOUDY/OVERCAST,"DARKNESS, LIGHTED ROAD",UNKNOWN,FOLLOWING TOO CLOSELY,2.0,41.5,2.0,2.0
0384cb29d4bed19b4c1de2482b57962e9fd19a85625cd12b5001786d06cb7ca87b010e1b6b5ffeb8630544ad82bb17ce6cfedfbb6f29dc20109f6be43e97f2d9,CLEAR,DUSK,DRY,IMPROPER TURNING/NO SIGNAL,2.0,26.333333333333332,3.0,3.0
0384cc621c08e4051aa8d551a4d465a8aa98a937195abf1bf24092e281c49b78a1ecb4b2449a32e1495b155e5b78825e9f440af0769e51aaa121959a3d24d014,CLEAR,DAYLIGHT,DRY,FAILING TO REDUCE SPEED TO AVOID CRASH,2.0,34.0,2.0,2.0
0385395c049ac17902feaaae3bf78f5f55701ea2099f5be48f24a8c4ea6558b7b1ca27b6db593a0cc205f36ae3b66974a3c675aefe5a6c1e30fb69b712f9a53a,CLEAR,DAYLIGHT,DRY,IMPROPER BACKING,2.0,37.5,1.0,1.0
03855bf3252a30195eec72f801e052a650ce6055c31dd3dcd74da6f32a580475dbe3639fb01feb387236622a2b847bc6d7f008cf54fc5a6d3cf26841315b6c4c,CLEAR,DAYLIGHT,DRY,"VISION OBSCURED (SIGNS, TREE LIMBS, BUILDINGS, ETC.)",2.0,32.5,2.0,2.0
03857f985c3969a742757f1369df142a424c192d5297410ffc069376cbaeac441a1cb1e17d5505f92a532ad0e476b04f888ef304f111058662842b352736195a,RAIN,DAYLIGHT,WET,FOLLOWING TOO CLOSELY,3.0,44.0,3.0,3.0
038583a5908f3b0c880a4453028167e14ef2ccb0d50a831b189c65b54719fb4197485f4bb7eb0097bdcf651ef6cf973d38fa954789ac02a2a72a3f05d80d69aa,CLEAR,DAYLIGHT,SNOW OR SLUSH,FAILING TO YIELD RIGHT-OF-WAY,2.0,50.5,2.0,2.0
03860700cdfce63cd7e835428500d9d0f38166addf9daec243b59472b3b9f483bb97cbd5218961a1d372cffa8c2af74ea1bf30a56e5c33552ce6092a6c84aea2,CLEAR,DAYLIGHT,DRY,IMPROPER LANE USAGE,2.0,20.0,2.0,2.0
038641e06d18a376bfd8231e8a5f8bb15e0a458c3979bb976952ef996afdd4b6be9e743bfbd150f3569b333a40555758a3a07f9ea17a988fc31e7878b7493a4f,CLEAR,DAYLIGHT,DRY,DISREGARDING OTHER TRAFFIC SIGNS,2.0,71.5,4.0,4.0
038655108fe15eae5db006923435883d58896c13649f334c0c981ba7ce9e5ddbc7d013a10357d9b4cc479afb1ce9bbe9fa87f788b0c3187ba80683c120620c9b,CLEAR,DAYLIGHT,DRY,IMPROPER BACKING,2.0,51.0,3.0,3.0
03866117fbbdca267e2e80cb4dbf30a12043f0ec77272b42d42e4588ad24909246f0ac1c7f1b212c249149f534fef09f7eabd55ef88fdf953f4094cfa1a4a038,CLEAR,DARKNESS,DRY,FAILING TO YIELD RIGHT-OF-WAY,2.0,16.0,1.0,1.0
0386e5da2a4e9e41540ab567a30efc9604baf528c6192b684086c607f1455243ca12db1abdf5a79a8cee781d3fe5abd4d146005e045e96f125e3363d61d26b91,CLEAR,DAYLIGHT,DRY,FAILING TO YIELD RIGHT-OF-WAY,2.0,44.0,2.0,2.0
0386e784aefd2a5fac29a8783e1d504f41085351d9a68143c84a1f46df8de8f728abfcc55e3448aeb836a67320778bbbc034e506ef4cf307f93db12bdd300be9,CLEAR,DARKNESS,DRY,IMPROPER BACKING,2.0,24.0,1.0,1.0
0386ef145c229cc3cb409c51d647b6496ab660104f16c76ba5e3cd00160b32049435ef28e6cc7ec401e0ab5e1aa9226deb1830757f3bb106eab544d01e68de65,CLEAR,DAYLIGHT,DRY,FAILING TO YIELD RIGHT-OF-WAY,4.0,60.0,6.0,6.0
0386f4f4c4a025544a856082db9c0d1254209346a197b127a0c7978eba0a35e182ce4c7934a64252e87c0f928cf11e79034d7e72ab0a94125a1c81047b649124,CLEAR,DUSK,DRY,DRIVING SKILLS/KNOWLEDGE/EXPERIENCE,2.0,19.333333333333332,3.0,3.0
03870dd2e2ed1cba260471ddf39e4d170980ee2525d9027b24e01d374798c1107ec38dddd4cc36ccd7b99b4bbf63af01e316060e7cb0edbe08300b58f14ad1f1,CLEAR,DAYLIGHT,DRY,FOLLOWING TOO CLOSELY,2.0,36.0,2.0,2.0
0387126dd50e9f27657ca8875891eb0adda7fe64a765f02c5adb32a30a2cd5ab6a6b434ebd88da72873d45eeb7f7cd819ea8b5827eb03995db21515e96c08292,CLEAR,"DARKNESS, LIGHTED ROAD",DRY,FOLLOWING TOO CLOSELY,2.0,62.0,2.0,2.0
03871813ca6a070fb9cdde8c7fcd30d0e17b5c116e4d0dec42c8878634f85defa4a51b6ba2887743a4e82a539b109738dfcf862996f744ec2bbceb19111563e0,CLEAR,DAYLIGHT,DRY,"OPERATING VEHICLE IN ERRATIC, RECKLESS, CARELESS, NEGLIGENT OR AGGRESSIVE MANNER",2.0,31.0,4.0,4.0
03874e3810144d5347012e3fa85efe089896f85720a90a12ce9130e3edc56b920af636ebc40a4c0efefc622bce23516f89486636a067756e81aab371d7e38ab5,CLEAR,DAYLIGHT,DRY,DRIVING SKILLS/KNOWLEDGE/EXPERIENCE,2.0,37.5,1.0,1.0
038784e87a9afdd72bc9230ab01811cfb85ddc85029224201435a874c21017db1366f80529a2582d6b930c7df82b921c10c3cf2ad8fffc022beebbb523789da3,CLEAR,"DARKNESS, LIGHTED ROAD",DRY,IMPROPER LANE USAGE,2.0,54.0,2.0,2.0
0387a9a00081407cbfa9496e63f4fb15ea2b813dc8a37ddf40876e59d046a9779e95481cf1b46f9e7e3b83dbe69a41ae18d124c8d2ac10516118c79ed4cb7d50,CLEAR,"DARKNESS, LIGHTED ROAD",DRY,DISREGARDING STOP SIGN,2.0,29.5,2.0,2.0
0387d87814384b3165b42e07a664a5de54d2c2c78245fc43bc7a75a5974d07d170388c7c80295b0e83ddd935721704c1187d98f47c71d5b7becc0704c601233c,CLEAR,DAYLIGHT,DRY,FOLLOWING TOO CLOSELY,2.0,33.5,3.0,3.0
0387e0bd07625003350318b0c26cb1b597f2791a379c8cbfc232ec92f96713fd193ce3e7c32a09f08e9034a4fe3f2bce59da592c0eb87825c50a49385069cf6b,RAIN,"DARKNESS, LIGHTED ROAD",WET,FAILING TO REDUCE SPEED TO AVOID CRASH,2.0,50.0,2.0,2.0
0387eb57a9cea41d0852b69af4737dff9089d30f4487a7b535921445337eef9dba6edf5544f25aa56e1727d93f17a41d7dae943feff5dde0262a9074a2f8e9a4,CLEAR,DAYLIGHT,DRY,FOLLOWING TOO CLOSELY,2.0,44.0,2.0,2.0
0387ec2478a10be3917449862de4ccafbeaa88ce09567473e66057b6fc4dfbd35cc0efd2b46a5551b57b68a675ff2aafd3d94b80d028b1399da020db28c0db85,CLEAR,DAYLIGHT,WET,FAILING TO YIELD RIGHT-OF-WAY,2.0,28.333333333333332,3.0,3.0
0388135376a6e3010256ea2d0c3983d95b6a15e6d8303c19bf24fa7bf90e8ac059f5f18a943ad70fd61ab36112a778a1131899ede0dc56da902fd00737f380f5,CLOUDY/OVERCAST,DAWN,WET,FAILING TO YIELD RIGHT-OF-WAY,2.0,29.0,2.0,2.0
03882ac8021432a4da44a8fbaedd7312f65a042ad766ea724c5e821fe7a42b47ebea042b57acafd242148b8277de6ec2f8d53a13a103e33bde5cfedb99c534ae,CLEAR,DAYLIGHT,DRY,IMPROPER OVERTAKING/PASSING,2.0,34.5,3.0,3.0
0388568058a89b26ec7f5968f547317eb52b031f88f94c0872d567c16aa93bf6e41baedc27a9d459cd964f2616b8fa014b24a40c4b5ce87a79ef2c72bc968c12,CLEAR,"DARKNESS, LIGHTED ROAD",DRY,"OPERATING VEHICLE IN ERRATIC, RECKLESS, CARELESS, NEGLIGENT OR AGGRESSIVE MANNER",3.0,37.5,2.0,2.0
03885ca2dabf06e21cd5de46d83da634d15fe9ef59d0ca641f44f6a199847788d59449cb9fad6e2a722f3489bd8c5cee5569caaa37de781df4889f40591d8488,CLEAR,DAYLIGHT,UNKNOWN,DISREGARDING TRAFFIC SIGNALS,2.0,30.666666666666668,3.0,3.0
038874f5a1b58b505f64355831b52d59ea1db0685e2d49a4d093dc496e3caf70232e3b33f38b9ba98854bc28a89b9e10e000a692e187826bcf11003e69c27531,CLEAR,"DARKNESS, LIGHTED ROAD",DRY,FAILING TO REDUCE SPEED TO AVOID CRASH,2.0,42.0,2.0,2.0
03888b4b79c9237685cb68018813243cd6a1ec780aa4f8b8ab0f7073ba6ecfae84dc2b7c9671e1f9134015abba6edeeee087cca66111f47b3cf8dcf97fafa15a,CLEAR,DAYLIGHT,DRY,FAILING TO REDUCE SPEED TO AVOID CRASH,2.0,35.0,2.0,2.0
0388a4dc77bf79dc722d16009f666805a298397a2465165b760f1ae89c31b83474a4ce893ff03f1f531e8303d0fe8cffb1f9d419b8cfa3047e92d9b2d0ca182a,CLEAR,DAYLIGHT,DRY,FOLLOWING TOO CLOSELY,2.0,37.0,2.0,2.0
0388a8bc3bda7add86b5e25e2999588178bdfb5de2951f6059ffaa7a51193fb8a2f0c57f0b51e6bcc4e73cc8370e3020b7855d8971f8a94086bb4d118a4ef9b9,CLEAR,DAYLIGHT,DRY,IMPROPER OVERTAKING/PASSING,2.0,48.5,2.0,2.0
0388c59c360d17cb20e5f41d7d44e0249583f116266455eedf0aec8f3f9b7798043ce984f5ea1caf293b361affa6d6940e833c9e4eb461184cfe8d0e983753d9,CLEAR,"DARKNESS, LIGHTED ROAD",DRY,FOLLOWING TOO CLOSELY,2.0,27.333333333333332,4.0,4.0
0388d8245e5702c2d126459beaf9de9bb8730f63dbf3904177280100b388a7fe97bbb993d41c1264b902271f1ac0e5a90ce045bbd67419e4a71f2a8c815b1d9f,CLEAR,DAYLIGHT,DRY,FOLLOWING TOO CLOSELY,2.0,38.5,3.0,3.0
0389118da74e15c817b7ea5337c22efd687e21b2093e0a4ba1a467dd4a0b602a480f35675c12169b8a2f6cc8a2ea676cc98fded57411662029b79a273772b10b,CLEAR,"DARKNESS, LIGHTED ROAD",DRY,FAILING TO YIELD RIGHT-OF-WAY,2.0,20.0,3.0,3.0
038912673179275fa515429ee2876875123d7a1f66064df4c067b4b5cd481489eaafd8437cb34965b9e908c7db4792747b5bdb2c1c35cb6096a241c0d4ed4349,CLEAR,DAYLIGHT,DRY,DRIVING SKILLS/KNOWLEDGE/EXPERIENCE,2.0,40.666666666666664,3.0,3.0
038950467771e102bc473e2c6a907e40552daac9755840047ad6869685a07751c499e49295af9ff4ee9134aa102830ce8502cc74300c87022895ff575a0ce766,CLEAR,DAYLIGHT,DRY,FOLLOWING TOO CLOSELY,2.0,46.0,2.0,2.0
03895882c2f191828f9266a82f50f7fe1ffa1969320b73b9832cc99fcee0c80358d664940b65d5874d71a9ace8ae205775344e9f6a08df4062277b94cf2ee4f0,CLEAR,DAYLIGHT,DRY,EQUIPMENT - VEHICLE CONDITION,2.0,50.333333333333336,3.0,3.0
03895d4e4ea11271c17b276817cab4b0b6d83c0aabd58c6343dfdccbb17fefd72625a90e5ea7742616a2d5f381cdc4685e5a21a52eac269a46c33fc741115b1d,CLEAR,DAYLIGHT,DRY,FAILING TO YIELD RIGHT-OF-WAY,2.0,22.666666666666668,3.0,3.0
03896e7f01b137c4bf66c6ec3dbced74069946bfb96ee450e966a272bed3ac9dfd3552fc5579f27cb203192d273dec6eb677e39cd12f44a45cc70141e60091f7,CLEAR,DAYLIGHT,WET,FOLLOWING TOO CLOSELY,2.0,24.0,2.0,2.0
03897416f5fcf36ecc3f590556c3ce24b9fd2864a4afc328fc7cc07b807285469993c0b04097216552f43e052ab9bb3037868603731cb1cc73a781f78d0ad58d,CLEAR,DAYLIGHT,DRY,IMPROPER LANE USAGE,2.0,43.0,2.0,2.0
03897fb7d233b43105def3d5f332dddf7095d873d32e38f0405ab3d50e5dd806901810935bcebf22efff951f1f05df42a2e97d199b0b0704594533748670247a,CLEAR,DAYLIGHT,DRY,"OPERATING VEHICLE IN ERRATIC, RECKLESS, CARELESS, NEGLIGENT OR AGGRESSIVE MANNER",2.0,48.5,3.0,3.0
03899f19b1b5455f00eae4c4c2eaf1253ec7c751735b294b34b03292d29a3eadafd6c003b3dda340a52c54fc79368629816d26bca5ea2dbc77d38b6989df88e7,CLEAR,DAYLIGHT,DRY,EQUIPMENT - VEHICLE CONDITION,2.0,37.5,1.0,1.0
0389a45e9fa783d2f0f13b2655ccc8f006b9bb6f907c6ee1e56f994e165a806a64c4651531c65f7929799098ccc871ce1b613bc9e1ef3dbf684d861f5451a989,CLEAR,DAYLIGHT,WET,DISREGARDING TRAFFIC SIGNALS,2.0,21.0,2.0,2.0
0389ebf4ba4e2d14a64779d2e33173fdc35f102bf11ff0ba6fd12af23ec11bd4d465500f16edd3f5484603924dff0ca24732754e0cd0ac58670aebe01a0b14f5,CLEAR,DAYLIGHT,WET,IMPROPER TURNING/NO SIGNAL,2.0,58.0,2.0,2.0
0389f8089c49724803050d9ec36ceb96837993f48bddf69f9dfc7e189c1c5edce2810db7f7a5545cb8322ee726f4f73daf526e69bf4f993d6795c3f53d19fbd1,CLEAR,"DARKNESS, LIGHTED ROAD",DRY,PHYSICAL CONDITION OF DRIVER,2.0,52.0,1.0,1.0
038a0af89c66a1a248999cdca5a5447777302e0666c2dee1826a832da9cbf2ff42d3a13ba346b5d817e37000fb66d6d697b6274401254ac16ef1fe8f8d2306d1,CLEAR,DAYLIGHT,DRY,FAILING TO YIELD RIGHT-OF-WAY,2.0,56.0,3.0,3.0
038a255d1eeccd39983d4dc0dce9632f86c64ba32726b762f213758cc7e33f9894c5e9c232147527d019a15b523b4bbf0e5a258bc42f7e9ec54a3191d3f39d55,CLEAR,"DARKNESS, LIGHTED ROAD",DRY,FAILING TO YIELD RIGHT-OF-WAY,2.0,53.5,2.0,2.0
038a3e410f696e8b79097ec27db524c901a4bcf7120fecfafa6d3c461b847ac1794d3e774e975fe3f590a0ec3b654d89b69ecfb5af4b26b72aa77b4d2c2655b8,CLEAR,DAYLIGHT,DRY,DISTRACTION - FROM INSIDE VEHICLE,2.0,39.0,1.0,1.0
038a70035b4536fc3885c806be7461fceefd4410c54a6a777dc42d5b8573a776460247a215c95c8b2988b952154030f960e70346733791b2a4e9246ee12dbc56,CLEAR,DAYLIGHT,DRY,FAILING TO YIELD RIGHT-OF-WAY,2.0,31.0,2.0,2.0
038a7a244db00c81f5f2b853bcdd627d9e73ae5172712d72bafe04c186592f524d69f3bc6dd660c10d73ac5eb8e2b0e7bc9cfa89976fc4f151933e3bbdcaff34,CLEAR,DAYLIGHT,DRY,FAILING TO YIELD RIGHT-OF-WAY,2.0,31.5,2.0,2.0
038a87f5526399a70ca19f2b99441ce3304fb87c6eec40641925bbbb4a6133b7b874fdfbef90592dc21e2aa3ac68638708ec6cf0388452cfdb996a6dbae54d51,CLEAR,DAWN,WET,DRIVING ON WRONG SIDE/WRONG WAY,2.0,37.0,3.0,3.0
038a9b240f02dfa0726b886fb596fbbf5953411783ce66e61b5095be4930134f55114c4b9e56e90cd854c4c126dfe998c893f89e79aa7c67f8560d6d9f268c2d,SNOW,DAYLIGHT,SNOW OR SLUSH,FAILING TO YIELD RIGHT-OF-WAY,2.0,33.5,2.0,2.0
038ae367959cdf1ecaa48dd9e168c331526c3b57116b1ad68fec2956013d2c0fc7a076fdce64e669d0e23bbdecbd2c3c19519b5e451c06353ea00b6d4dbfd8b6,FOG/SMOKE/HAZE,"DARKNESS, LIGHTED ROAD",DRY,EXCEEDING SAFE SPEED FOR CONDITIONS,2.0,27.75,5.0,5.0
038aeec66e2e9af1eafdf7ef033d01f26ec329e99e536ca2ee8b9a76388f2b39696a350f69e774157663ded8122d4a3792ee7a268ded684d232546e18cc22bec,CLEAR,DAYLIGHT,DRY,FAILING TO YIELD RIGHT-OF-WAY,2.0,39.5,2.0,2.0
038aef8c4904ab5aa7a2e9ab2cd7b13a076a06a91b3ec6f6c0d6f52850bbf98c88a7777a6d10d6c647636a11a53e0451692b5769b4ca1a045f0d14ea31f08ffa,CLEAR,"DARKNESS, LIGHTED ROAD",DRY,DISTRACTION - FROM OUTSIDE VEHICLE,1.0,34.0,1.0,1.0
038af225f8a6224dfcd9b7783a555d52b894901a522cbf0db7100d5523a68b8b58e0def1b9905fe5aee095a195df644220678706dfbdf1e72434c3a03c83ef54,CLEAR,DAYLIGHT,DRY,FOLLOWING TOO CLOSELY,2.0,82.0,2.0,2.0
038b1c3be6a4d21a9213832cc5526b0e7bc6495e62b36ba62cf5a85928dd409ffb7c4e2b6f52162b387daa88a69cadc8fecc65f0021a8dfe01cf3b31cc304f62,FREEZING RAIN/DRIZZLE,DAYLIGHT,WET,IMPROPER BACKING,2.0,31.0,4.0,4.0
038b1d78a0706539617fe2a2f0604eb0182d0d54e9bc7f574d2575155c24b9ad4f71c239fd217a3d415d5c445f8141165aab25241dd62681638040175a036c2d,CLEAR,DAYLIGHT,DRY,FOLLOWING TOO CLOSELY,2.0,28.0,4.0,4.0
038b3fab36c8b5b6a9236ab902d4bc60b36275c95d813a9ddcc85fc3967b4483500fc55ec4c14ddd25611dd3937eaee57c7a07d9885e0608b35d70dd5aaf67e2,CLEAR,DAYLIGHT,UNKNOWN,DRIVING SKILLS/KNOWLEDGE/EXPERIENCE,2.0,48.5,2.0,2.0
038b414ed7066f03a438605b1c8de6312de9a59f5f92e478424b151309c55cb4732438e681f7f8819576d224e398cd3cb8707d604f140f8d67a744d789ecb23c,RAIN,DAYLIGHT,WET,FAILING TO YIELD RIGHT-OF-WAY,2.0,55.5,2.0,2.0
038b549074dd9d4b082483f0e159c83f98c731b9f4c4d7cce57d260e4a4d7b75aba24682e17bbbec52efd717b90019c5fa68f5210504dbc7602ccf5c78d55469,CLEAR,DAYLIGHT,DRY,IMPROPER BACKING,2.0,55.0,1.0,1.0
038b8c64a8a162d589112b9e5121dae311a3cc809068819c060413a0c75de51a73b4d9ec717ee38a257d98a3accb91a0a40f816cd0a748a3bfc3db4fa2ce1148,CLEAR,"DARKNESS, LIGHTED ROAD",DRY,FAILING TO YIELD RIGHT-OF-WAY,2.0,31.5,2.0,2.0
038b8e1be8276c9d1289aeb2cbdfcffc29a1b69791275264063b84c1e5746689876ea52a29e988a10869a4762037dfaa43204e1f5e516edff8415ba431b702d7,CLEAR,"DARKNESS, LIGHTED ROAD",DRY,"OPERATING VEHICLE IN ERRATIC, RECKLESS, CARELESS, NEGLIGENT OR AGGRESSIVE MANNER",3.0,37.5,2.0,2.0
038b91aa3449c09b5932268af055e1af353765f1e59444d7bfe2db41140369d46d0e9fde90628125f4be47604e07645a6298f7d1ee3da6f0b5083538df25685b,CLEAR,"DARKNESS, LIGHTED ROAD",DRY,IMPROPER OVERTAKING/PASSING,2.0,43.0,2.0,2.0
038b9d50110f56bd1067308bdcf73f63d800739e3f0d665bf151d17a272447c9f39ed50c86ce51208ad245159a51e8b0975ee4798f9692663c97ea274edd3ebf,CLEAR,"DARKNESS, LIGHTED ROAD",DRY,DRIVING SKILLS/KNOWLEDGE/EXPERIENCE,2.0,24.0,2.0,2.0
038bc01d465f5538423c5441697f3a89b52ede579ad8d543529f424c662983ed7cd192a010d735b984911a434cb770346fa0eb68df2fd307019750a87e2251dc,CLEAR,DAYLIGHT,DRY,FAILING TO YIELD RIGHT-OF-WAY,1.0,49.0,2.0,2.0
038bd980c1d1ec1cd13e940c1ac5b099a4b8665cf84e03632a705849376a0a864b17d9521f4e3548841e9a2d0b32663ed54219cb652febe598cfa77e0baac0a1,CLEAR,DAYLIGHT,DRY,IMPROPER BACKING,2.0,33.0,2.0,2.0
038bddc3668cbabaccfc43b19258e13f08b4a8d1b899b9dc0a124a6e5a7c47412d5a907782bc28dcfc56d51a06f6397effa88f3a4a041eddd4079409d8993d6b,CLEAR,DAYLIGHT,DRY,"VISION OBSCURED (SIGNS, TREE LIMBS, BUILDINGS, ETC.)",2.0,54.0,2.0,2.0
038bed0ba099b75003b1fd1c947fea88f77e195210b0c1121f2bcaa2e8fe4ce9205036c9e4f2275aa608fea34d68a006d510763e699ccad4dea023cc15630d29,RAIN,DUSK,WET,FOLLOWING TOO CLOSELY,2.0,25.0,2.0,2.0
038bf077d62a97929887a8c1bf3ecdcaa2f7dd0c3489723c0aeac86c5a3118d8c5affe159bded582c0b7a9b51f7b9f0f72315f5b5e70d4d3aecb421dd20a1a3f,CLEAR,DAYLIGHT,DRY,IMPROPER TURNING/NO SIGNAL,2.0,49.0,2.0,2.0
038bf37c6d2432bb2ba26814e1951b5254bf2ad0873bd68cd7db317174157e20930561e345d9d037d8cc74c13d3bad3dbda493006535efc48188bed94a188010,CLEAR,DAYLIGHT,DRY,IMPROPER TURNING/NO SIGNAL,2.0,51.0,2.0,2.0
038c22c9aec2d89d03ed5a13aa1b3d81da7ca41d2196ae9bdb57d896b4215718421158808cb51d04bdb33a7ed2939b059af9e4474a345eb48fa6b2c87edbcf54,CLEAR,DAYLIGHT,DRY,FOLLOWING TOO CLOSELY,2.0,61.25,5.0,5.0
038c2631ef7cc793e79e79903d019fc7795420a6109c6c66e2c4a7ae2ee9b3c4843107c749d6c150cdbe950fea974724e6337f8eee2f538cb8cec91332492337,CLEAR,DAYLIGHT,DRY,IMPROPER TURNING/NO SIGNAL,2.0,43.0,2.0,2.0