crash_record_id,weather_condition,lighting_condition,roadway_surface_cond,prim_contributory_cause,total_vehicles,avg_driver_age,total_people,total_injured
038c32165b34de384967a540b54bee023b9bcd3e5f181a704e81534f618bcd40f2c531e9ff910e1e2bb88438ec8d61ebcc21f6195820ec0ad8d70db5521b6e96,CLEAR,DAYLIGHT,DRY,IMPROPER BACKING,1.0,29.0,1.0,1.0
038c5ff3ba35294c9a3d7b2ed98796c61f3f59ec0a0dafa06cb362d05b500e35fda277f3bf8378ba545c3a81bd6f920a2ec6a26f7acada53bd0f593f524beddf,CLEAR,DAYLIGHT,DRY,FOLLOWING TOO CLOSELY,3.0,37.5,2.0,2.0
038c8c91c84c3bd61a0c2382c6dea69f05353689f52f0909a0ac9999f174b646082a0737cb3c8b79a2be0cdd327996b4eb87bb871506f2f7cd0d2dfe0808cb82,CLEAR,DAYLIGHT,DRY,DISREGARDING STOP SIGN,2.0,51.0,2.0,2.0
038ca2bb4700f0a52675f5dc111ee84bac80df3d9ce31565d8d64a625c1061a453d6ffeabc6323ebe7bbf2fae08ac6dffd2744d3936045d6440325808eb3de25,CLEAR,DAYLIGHT,DRY,IMPROPER LANE USAGE,2.0,28.0,2.0,2.0
038cb90eff1c3bf613e02e7ec9c8479b88d5576fd43aa93dd4116637a18d5f44247c24f4bf855d6cd27d850dc7049d6dcdfec997abe5a6dff856bbaca93d8bb6,CLEAR,DAYLIGHT,DRY,FAILING TO YIELD RIGHT-OF-WAY,2.0,30.5,2.0,2.0
038ce03663ac74bc3ea825bdcdd18bb6b9ef8f92a6ca984a3bdfb8f755728f8603ecfcc623117256f357d8f34135c9545b7d6bc43ca4632a08e8ed9643fd510e,CLEAR,"DARKNESS, LIGHTED ROAD",DRY,IMPROPER OVERTAKING/PASSING,2.0,44.0,2.0,2.0
038cfde18bca45bb65c317b4517e43782b56007fef41872a0a4cb6ba9f16fced6d432721c779b9d618cfc6801105c4d18e7e8babd7dd5e5f38dcf45f48d991da,RAIN,"DARKNESS, LIGHTED ROAD",DRY,FAILING TO YIELD RIGHT-OF-WAY,2.0,15.333333333333334,6.0,6.0
038d6b18b199649063d61c63a81f82fae7a38d3bb8dd77289e78ee8837f631d35053fbf64257cda8c0d8c9d4a9a89d7f07fd76d3d91a1542fe5fce09630aef48,CLEAR,"DARKNESS, LIGHTED ROAD",DRY,FAILING TO REDUCE SPEED TO AVOID CRASH,1.0,23.0,1.0,1.0
038d973325e0f67c96b99559d431a62c4bcdeacffc7543acf9295ba460b19a387fc57befc735c7cd9a075197cca0562a140a19caf5a3477a9df2b252f0d69d0a,CLEAR,DAYLIGHT,UNKNOWN,DRIVING SKILLS/KNOWLEDGE/EXPERIENCE,2.0,31.0,2.0,2.0
038d9933ccb06b8cd5afa3c275663ca3adcfb3fcb0e2befa3a11e620ff1019d90e5766a039058496050ae013abdfd32a17aaf8284d7b64b0b968c260dde42969,CLEAR,"DARKNESS, LIGHTED ROAD",DRY,FAILING TO YIELD RIGHT-OF-WAY,2.0,39.0,2.0,2.0
038d9941f01e0c0309a5be16d55e131cb18c1d7dcf95bf5db15228ad9a388b021743291b318bf0ac0092e63fe03a5aff4c3eefd749389c6d08f4bb2df3606d7a,CLEAR,DAYLIGHT,DRY,IMPROPER BACKING,1.0,37.5,1.0,1.0
038dafe12b66d66f3faa82dd75d05955061e2604f35a215e150fd32cdd2d3b965de692e3820f8e65d6e286745c807ee34ce3b9e755f739da20e43b9826828d21,CLEAR,DAYLIGHT,DRY,IMPROPER TURNING/NO SIGNAL,2.0,36.5,3.0,3.0
038db86d0288bd3a61869ed730e91ab530a630de611c9132da369d0797a6e1d391888317601104bc08bc696bc7a641844e1e43509a5f242a59af56592b358e25,CLEAR,DAYLIGHT,DRY,IMPROPER TURNING/NO SIGNAL,2.0,28.0,3.0,3.0
038dd1e89ab77d3c7517d2732aae0d99622fb502cee8b98a79b2531ee12dea63bd165c9e40f1b79489c4ff797e591bab824b11d946d0111e05a5caa860b7e4ac,CLEAR,DAYLIGHT,DRY,ROAD CONSTRUCTION/MAINTENANCE,2.0,49.0,2.0,2.0
038e354fd0cca28e11a1f0551e7dd47d3c55e3882e592a9360bf7217c6f046299fe1c2e241b14c9d726646bb7faa70e1f48fd2b83cdc1fdb9ad4d1cd2289a126,CLEAR,DAYLIGHT,DRY,FOLLOWING TOO CLOSELY,2.0,20.0,3.0,3.0
038e37a30fbbfc045b10eb48d9eb2d60c921cd0ced22333822900141190783f40579de9f7beb9b28a2a9a6adfb07f2e3aa909d9f9fd631613fe56600172ebd80,CLEAR,DAYLIGHT,DRY,IMPROPER OVERTAKING/PASSING,2.0,65.0,2.0,2.0
038ed6f010410b96d040d80800d87f4cd2af2a335e4950f1faf170350072c9ea2fa4a16255c40933e99739aea12101dabf020780e3a01b64bf1c9be40f2df1b8,CLEAR,"DARKNESS, LIGHTED ROAD",DRY,FOLLOWING TOO CLOSELY,2.0,45.0,2.0,2.0
038f1d5498af9fcb5dc47b4fb72bdb1761c3e50ecaf3c295d8da4ca21055a98a3b1789fdf75bb458523511390f8a82b1c21c7cc3b14a9ee84a072faae7fc4d17,CLEAR,DAYLIGHT,DRY,"VISION OBSCURED (SIGNS, TREE LIMBS, BUILDINGS, ETC.)",2.0,2.0,2.0,2.0
038f3a286e85377451800df10cd985a5223d217ff5295ba4dd22ae8a6d79320a549ab4cdf8c3e93bf6f47e9ee3bee333429874c478436f53e71f2842ade51a74,CLEAR,DAYLIGHT,DRY,"VISION OBSCURED (SIGNS, TREE LIMBS, BUILDINGS, ETC.)",2.0,31.5,3.0,3.0
038f4b9712a77121637116d2299090aa4d1b4fa2426f2445d1b0a7f1ca896b64ae0b69f98001bd78273a9c0172e862af54a91443c67caafcbe8798721716e474,CLEAR,DAYLIGHT,DRY,FOLLOWING TOO CLOSELY,2.0,37.5,2.0,2.0
038f6c04a3eac509960a3d2681640b53f53399efa9745ceec38d609bb76bf79e64ed4a23f0fd5eb30024049c978ee2d0ce47ae0701432de0c9963ef093160dce,CLEAR,DAYLIGHT,WET,FOLLOWING TOO CLOSELY,2.0,60.0,2.0,2.0
038f6fbbd350b5f42076e1a9be84dc88f9af57532c3dbd03a12c8d8926c336ffeabc9e1f28bd8cf3d81fd72b27f7d3717cd976716a642669c8fff3b869c9ba2d,CLEAR,DAYLIGHT,DRY,IMPROPER LANE USAGE,2.0,26.666666666666668,3.0,3.0
038f7bab40341b00d828d4440308f247049dda76a784da98cbb3f11f8d25a971ca01637bb0107d379b4c9eed2a13d68cdafaf162b05f699dde572817ee9b7c32,CLEAR,UNKNOWN,DRY,IMPROPER BACKING,2.0,37.5,1.0,1.0
038f820905ddc50e5d6ab3b54744feee41c507e8ef996abac7736adffe28e24323065374f60a862c686c9e6cf0bf55a7bf5dad2d4f871b8dd2ae9122f3aa54c9,RAIN,"DARKNESS, LIGHTED ROAD",WET,FAILING TO YIELD RIGHT-OF-WAY,2.0,47.0,2.0,2.0
038f94cf3506b67deb3da408269edcdbc2b51611ee40083d355c7ab57496f59daaf51324f2e93d56424877a6bdacbf6f26bbe38ee54f28b623f44cd9aed23229,CLEAR,DAYLIGHT,UNKNOWN,FOLLOWING TOO CLOSELY,2.0,24.0,4.0,4.0
038f98f04c1c485346c4e7b90c8c56a315200716abb7cf1efb5db8d8c71c872fa571317571b319ae542980ce56c0e9f227ce4233f65cd26ee35166e1459f8e67,RAIN,"DARKNESS, LIGHTED ROAD",WET,FOLLOWING TOO CLOSELY,2.0,20.5,2.0,2.0
038fa0d8a496ea8d892d743d6bd912e8e8be761b54adcb9791b9708d1857898fb92860dab2b37344781d4e9605c4a9a1c93fa288976dff8bda4787b2710e3a07,SNOW,DAYLIGHT,SNOW OR SLUSH,WEATHER,2.0,36.0,2.0,2.0
038fa3c048d7af9b7c309a60669f988f25c8ba49749f0d55bbc2ec03cb0565f5e4748e0178e21ac1a1b4e91409ed6d41d1a5ce26213bdef0eb807c8edea0e955,CLEAR,DAYLIGHT,DRY,FOLLOWING TOO CLOSELY,3.0,59.5,3.0,3.0
038fb2cde245b7e30dc70fe78de680f1d1a81c124547f46ffd656e9f9337b4ff5f25e0549a3d3e4ba295b53ba5140cf2b56a5858340f8fd896462813dadb9293,CLEAR,DAYLIGHT,DRY,IMPROPER OVERTAKING/PASSING,2.0,40.0,2.0,2.0
038fb81e811ab14f331a2a02cda1997ba6114db00ae4481e0cff0afc69bd84dfc4f84cafec687c6644d07342241632f3088ac464ddc21b197cb8fc490a492322,SNOW,DAYLIGHT,WET,FOLLOWING TOO CLOSELY,2.0,56.0,3.0,3.0
038ff54d2271f6b71561baea6f4928f3e399a8f2f75bf65dc0ff654d9b012e0ee82f63b9683d35e17a3429e7c29e16a53c04e5fab3c3e81b3de51328a1d6ab93,RAIN,DAYLIGHT,WET,FAILING TO REDUCE SPEED TO AVOID CRASH,5.0,50.0,2.0,2.0
039066674cb67ae01c1ec6d496d56767cc6161cfbd9377be28aabb2c20f5f3ab2fcbc64a90463da83dae0e5dfe0ddd9349304fe24bb5749d2b9b7298fb07971b,CLEAR,"DARKNESS, LIGHTED ROAD",DRY,FAILING TO YIELD RIGHT-OF-WAY,2.0,46.5,2.0,2.0
0390697ad4ea6f83af0440b4674aa2d4f9a686579aded82d6282134bcf57fc1849b0b7910ed8777f8e494535f794db90dac818151df977f57b498abacd3b0d93,SNOW,"DARKNESS, LIGHTED ROAD",SNOW OR SLUSH,PHYSICAL CONDITION OF DRIVER,2.0,37.0,2.0,2.0
039077422b2e7bb4267a2a6f102857083098eea0055d16c94dd1b0185021f3521792d2422efe8b6e76188a9a24b2e6b9f37a1f660c171d32dc3a080c1b2667e3,CLEAR,DAYLIGHT,DRY,FOLLOWING TOO CLOSELY,2.0,35.5,2.0,2.0
03907d5687f6ffba721d8eaea48995e1deff625d9f3a9a6aa910528c0f446746f359a0941282bd71b4cc83c2f03f4faf9055250f9a172b9b11c13fd7ea504b8c,CLEAR,DAYLIGHT,DRY,FAILING TO REDUCE SPEED TO AVOID CRASH,2.0,37.5,2.0,2.0
03907f3727a8d3ec0f1537c2f5aefcf4e349fd92712e8eb5acd585c4916ed3fb54039aafe08f19a86480fff61fea4829a0eba10068f8e32e360475599e43ae80,CLEAR,"DARKNESS, LIGHTED ROAD",DRY,PHYSICAL CONDITION OF DRIVER,2.0,25.0,1.0,1.0
0390ac3eff1a9c673fcedb8d94d55d18164531fdfc4657e295ece19ce46a3984110f95516150d420f121094989a9e7c30167e7adc0e0fa5c8ac6e0087156cd6c,CLEAR,DAYLIGHT,DRY,IMPROPER OVERTAKING/PASSING,2.0,65.0,1.0,1.0
039105a19f335b009baa806566049fbb3db84d39168c88403ce24da4a56721e0755965800c361519c8c073c3b1efa7a28040e19b22ddcdb09f45585775723b08,CLEAR,DAYLIGHT,UNKNOWN,FAILING TO REDUCE SPEED TO AVOID CRASH,2.0,46.5,2.0,2.0
03911f7bd56eff765a20f0d823026463348bfea1464278bf902f3a3f71b3081f78ea66395bcf317e831b63f38d4fa6a1cd54ec62c7f7296960acfd62ebaf7572,CLOUDY/OVERCAST,DARKNESS,DRY,FOLLOWING TOO CLOSELY,2.0,62.0,2.0,2.0
039133f3a86355965228d79bb35baaa6edeec881892108dc638fcbd4e81106ddb59e5dd06f4dc6cf7fe948e5911ead764f7cc3653921b3018c1dce528a815a52,CLEAR,DAYLIGHT,DRY,FAILING TO YIELD RIGHT-OF-WAY,2.0,59.0,2.0,2.0
039134d59ead43be3bd0cb6168310e880b3c6b7e335b3cfdcc280d2203f9dcd2ecfb8ce7c7af92c507b20db985dbe91fa6a778cb909b3c356c319496069b0a86,RAIN,DARKNESS,WET,DISTRACTION - FROM OUTSIDE VEHICLE,1.0,44.0,1.0,1.0
039172dc75cd08ab6dd0476d4f077aa814974e4c662f4971e833ac8a51519d6a4cc561b2f94ca2b8d09b8bfd2a77595bd3cde1efa725235a39c1a8120feade5f,CLEAR,DAYLIGHT,DRY,IMPROPER LANE USAGE,2.0,76.0,5.0,5.0
03918cc451de10b5b3f1b6d087081c9e8b96ac40f594f47e4534302108c8e193b9a93dc918c59182fe8010610dbbff0ea55656681ae5bf9d6e8433daf3b36d41,CLEAR,DAYLIGHT,DRY,FOLLOWING TOO CLOSELY,2.0,59.0,2.0,2.0
0391a0284bdf2e3a2b62be587da049b2de63e27c1ce5cc424680ab2bafedeb0724c37460df5acef6375cf05a23eadbb6ec025eb646554ce90d3d6858218e1ac9,CLEAR,DAYLIGHT,DRY,ROAD CONSTRUCTION/MAINTENANCE,1.0,38.0,1.0,1.0
0391a94b7d06c68f6f8f912bbf188d3e12967c5c4776477aafc77903f5e013c53e85a97bfdb03673837abffa3a3b8e5bf0015ec30bbc9aba71d090c0e5a35dd0,CLEAR,DAYLIGHT,DRY,FAILING TO YIELD RIGHT-OF-WAY,2.0,45.5,2.0,2.0
0391b58c9ba6d4c3fd90dd27a5689be05c0fae215377230e029b2900689b80be41bfa6c41a27e717a4378fddf004cfcc9eddd37f6a9e7d067aa43a8042194bc8,CLEAR,"DARKNESS, LIGHTED ROAD",DRY,DRIVING ON WRONG SIDE/WRONG WAY,2.0,43.5,2.0,2.0
0391bfcf0b027a98736169086d9f04dc51fa13a28f5b07b8c0867dd57bcd1c6a7a701a6b79a9e89aad3b4333a95e5fe0d44805d976d59de523c542986429cfa1,CLEAR,DAYLIGHT,DRY,IMPROPER LANE USAGE,2.0,54.333333333333336,3.0,3.0
0391cb6d25d9e6f935be9cd61c2275b971d63ed531e9270c6cdf65c0c2c35ce66bc0db2869216a1f36ce7270186ea1fbcd1349aecf3350a20ba76d10b99ee6d0,CLEAR,DAYLIGHT,UNKNOWN,FAILING TO REDUCE SPEED TO AVOID CRASH,2.0,66.5,2.0,2.0
0391cf371cd21887f23346ffadd124b52f43e337f039e53d376fd75dad01463685cce4c06f65fa92b0dc0825f5dbbffeebf61982f236413fbbe163e55871c9e8,CLOUDY/OVERCAST,DUSK,DRY,IMPROPER OVERTAKING/PASSING,2.0,30.0,2.0,2.0
0391e3bc9d6738f9fb10068b065650fbb584b830349de13daab9986ee4c55908a5764097f6d2ad3801b178ee47bfddc5b471fbd3166e6809a443c700a252ec24,CLEAR,DAYLIGHT,DRY,IMPROPER TURNING/NO SIGNAL,2.0,40.666666666666664,3.0,3.0
0391e77b950038c054c034904a25f82acf66161fe8d072f6f362342fbb1551689e7a65565f75061547939d58f7450538cda085cfa33a845bf519295895d29c4f,CLEAR,DAYLIGHT,DRY,FOLLOWING TOO CLOSELY,2.0,29.0,2.0,2.0
0391fbe30938eaeda89cb582f472ecfa73ddc614cca344c447f74c9c8a6438353a3342f7c118977d1f41d91daeabb580c65c49e598fe3803438e9afdea83c944,CLOUDY/OVERCAST,DAYLIGHT,SNOW OR SLUSH,FAILING TO YIELD RIGHT-OF-WAY,2.0,40.0,2.0,2.0
039200cfa3579a071cadc77165f45f4b44f6e55226e712c38e86abd25692952908acf47b956972c0cc94d764292f962134c6f85c218effc897876fcf7ea33528,CLEAR,"DARKNESS, LIGHTED ROAD",SNOW OR SLUSH,IMPROPER BACKING,2.0,42.0,2.0,2.0
03920f34ac75492d766531745ec53f84317116603c5b8ec75f737bb098a22df91a5009ff8b9afe5282b8fdde3d62887f044a7ed79daa9b6b606a03f1eee009db,CLEAR,DAYLIGHT,DRY,FAILING TO YIELD RIGHT-OF-WAY,2.0,45.0,2.0,2.0
03922e2a8902dd298d018e5d288343b65e0837a2705c09c76d92086406156dd15a5fdae86634c2d7952c21b03353bc93d0daaf1111af0766350b0f8fc3286642,CLEAR,DAYLIGHT,DRY,FAILING TO YIELD RIGHT-OF-WAY,2.0,62.5,2.0,2.0
03925a90a0c4b850c207cd40cae50cbdb1493ead1af4fc5582ecbb7f4f9e98f16cd88bae56843bb1235c87faae040c141e824e60a17be3f7871eda14c3881c7e,CLEAR,DAYLIGHT,DRY,FAILING TO YIELD RIGHT-OF-WAY,2.0,33.0,2.0,2.0
0392c20f74a45773fe750de044d75a7096480bd80abfdd145b396ced2044984b18e6f019be5bb63f4d458c40e46d99d8098963582d53d7dfe356c63722d38cf2,CLEAR,"DARKNESS, LIGHTED ROAD",DRY,FAILING TO REDUCE SPEED TO AVOID CRASH,2.0,52.0,2.0,2.0
0392cdafeb4b66fed99561443c9ede1b7d7177ca8aec1f5cfb8c5fbf991f719d3576c8306c97a6d51befae0b06b0455f6299e045758fafc23a76af819668288d,CLEAR,"DARKNESS, LIGHTED ROAD",DRY,IMPROPER TURNING/NO SIGNAL,2.0,46.5,3.0,3.0
0392db5a5eb4ac96b2d888132bb0dcc7b1b4986f5804ab4e9199c5c97b585d07b4ae68b0ce684a88e347f0ffd24b510ac0b3244e7466e04ea1c511b26673a541,RAIN,DUSK,WET,FAILING TO REDUCE SPEED TO AVOID CRASH,1.0,41.0,2.0,2.0
039303a25158c4cb86fc347b0bb9e4cc5e90d4b825e5f35481a92a0f5a35a31780ffb21ffab25b19f68eaca965a2ac840d7f6cc9f035233d14c81d61db0d3400,SNOW,"DARKNESS, LIGHTED ROAD",WET,IMPROPER TURNING/NO SIGNAL,2.0,26.0,2.0,2.0
03930a9b011a6b4b46023c114893b078044d263c76f1ad76506c748c4edd0fdf0b9d525e8c116d3d6886e7f56bd20d4dc5c8c09cbbb73e05dc30ca743950ad5f,CLEAR,DAWN,OTHER,FAILING TO YIELD RIGHT-OF-WAY,2.0,42.5,2.0,2.0
03933f8d2989d886f058bc22f4cfc1babef3e9a426051dbaef79be58b9657f88fdaefa54c5b06aeb14e4cde8fcfa324095c3eb9b3ff3d73804597cc0952e61f8,CLEAR,DAYLIGHT,DRY,DRIVING SKILLS/KNOWLEDGE/EXPERIENCE,2.0,80.0,1.0,1.0
03935089277e8596c6793b13b81bd5fc7346227dd4871d38cf1403a4816b3f1caea2370bfab61a21f3c76eb82eedf4fa7f66516307148d763a2cc54d9651fa40,SNOW,DAYLIGHT,WET,FOLLOWING TOO CLOSELY,2.0,37.0,4.0,4.0
03938a318416264cf0baa55849e2f6bf77fc46981aa150497b57362f231c0ab701b3adb4ca362026f8a5bcf512caa9ffcabce911ee170afc09a18dcd833b0d80,CLEAR,DAYLIGHT,DRY,DISTRACTION - FROM INSIDE VEHICLE,6.0,66.0,9.0,9.0
039399e5bf86c8dcb3bb4bb6e3a051f5a96d504e6c03c9c38fbf69394bdae415cea15b05fcf4bd8ea9fd889c8fcad1c13a1ae8bec7458d9e098a4d65c772ea4f,CLEAR,DAYLIGHT,DRY,PHYSICAL CONDITION OF DRIVER,2.0,73.0,1.0,1.0
0393ab6fea14a43f2cd1ac62e3895708bb48aa63a43de08c9605a76cc1760f3b31900785ffde70f0f55f446a9f272ca455fe14cc5e46ff0656ec69430ea28aa1,CLEAR,DARKNESS,DRY,FOLLOWING TOO CLOSELY,2.0,32.333333333333336,8.0,8.0
0393f0d05a3deedf7efca43b0aaca12a8bf12670c4b4591094bacbd8a637b52b386ccf1975abe6796ff2bef2a27d75664f90ebf3f57c52d9ae433953d4d2ecfe,RAIN,DAYLIGHT,WET,FAILING TO YIELD RIGHT-OF-WAY,2.0,48.0,3.0,3.0
0393f491ec7d2dab900d24351937a082d8915ee4e527e3ef8997daead79ab58f14fc2f5d48d298582d0dc2afce56afd593ba8d46bfe876f3d0cb50953cc8da17,CLEAR,DAYLIGHT,DRY,IMPROPER OVERTAKING/PASSING,2.0,33.0,2.0,2.0
03940756477c4e1f01790236cb04f05e4bef882a80b8ebcd21a4c490ca6a038229af75649e6da72ead161680acda7feb4173ea28d57238aabdec07c30b9b4d5c,CLEAR,"DARKNESS, LIGHTED ROAD",DRY,DISREGARDING STOP SIGN,2.0,41.0,2.0,2.0
03941e71c049b4b1113de262a945a5ade0f71d2e024ac1275933201a8d00fab6e9ed63fc59c061ecdd147a55ca38d6140d9c81d000631802e45cdb7fad97f98e,CLEAR,DAYLIGHT,DRY,IMPROPER TURNING/NO SIGNAL,2.0,41.0,4.0,4.0
0394365a92a9de16e77e04f39f195ba3a2c4f96cc9bc19d3c7b6b91e80874697f179a8877548e024b92f2ff1a3d2f0c4f47ac19c5857b5f452097650af505f93,CLEAR,DAYLIGHT,DRY,FAILING TO REDUCE SPEED TO AVOID CRASH,2.0,57.0,1.0,1.0
0394433abf410847bb83b7c066ad0d0f340a10b9c7ec6039ef3b062a3de55e77483c1474986ddb5369770140e3c9ee734ff8f042ef5aeceb5b55076ad0d3fec7,CLEAR,DARKNESS,DRY,IMPROPER OVERTAKING/PASSING,1.0,17.0,1.0,1.0
03946d0dd01f5de94d3493e7d0dc2a7b3cc6830e0d007705bdaecbe6cfed99c2f8a0f965fa429482b50334f094aa15b41aacec945ea995c29ab63d0c8b1c7e3c,CLEAR,"DARKNESS, LIGHTED ROAD",DRY,PHYSICAL CONDITION OF DRIVER,1.0,35.0,3.0,3.0
039470f40e4f2e7f66e9751c2db33d1aca8e8a424dedaccbe40f9e103785880befab58965594075ed758bb12b1046b244f8d9ebb284fc33a6eb0cefac886fd4d,CLEAR,DAYLIGHT,DRY,FOLLOWING TOO CLOSELY,2.0,56.666666666666664,3.0,3.0
0394846213f426dbc2677af74801b6a68c608f883ba13819a61632b474b06747591740b592164bba0bf4ee484102e96a328bb20b243ca3d6f5b3275f6730873f,CLOUDY/OVERCAST,DAYLIGHT,DRY,IMPROPER TURNING/NO SIGNAL,2.0,40.0,2.0,2.0
03948f9439f5db149b8cbec8b318b72daff9034d4cc5ef9278b4c11089094b6f16d84793e14cee3811fc63088e93045939fc479cb96806d90d123c933a186d1c,CLEAR,DUSK,DRY,DISTRACTION - FROM INSIDE VEHICLE,2.0,37.0,3.0,3.0
0394d238e493b5ede777074b987a5596257e181594b8d04a26e010fe03a943fa3e500e25945ddd79129376bb6cf059c18c75ec3e47fb5d9cd5f0bd46ac01ad6e,CLEAR,DAYLIGHT,DRY,FOLLOWING TOO CLOSELY,2.0,32.0,2.0,2.0
0394d276905441e8a47c904881fdf10b9f97ba4a9abad20a71eaa83d4c810acd8c378e1654c55476c3b18d18fbe9a6d0d1f4d6e26a44c3721cf813ad79fad5b8,CLEAR,DAYLIGHT,DRY,DISREGARDING TRAFFIC SIGNALS,2.0,13.0,6.0,6.0
0394e334253d0c66d167152baa8c08fc9b9e75b0ef87768cdd098d7d47dc2dcaeed4961c807136d9c80c554fdf008df5e5e03f397c0e0df4931c1086ad7df082,CLEAR,DAYLIGHT,DRY,FAILING TO YIELD RIGHT-OF-WAY,2.0,69.33333333333333,3.0,3.0
0394f8f801061f402e681bfa045245fe8726aaf581815174d75235d7fe22139db572c87356ed4856037b8e78bb8a7d390e6f465f9fb10b513b6fd8efd42f28f4,CLEAR,"DARKNESS, LIGHTED ROAD",DRY,"OPERATING VEHICLE IN ERRATIC, RECKLESS, CARELESS, NEGLIGENT OR AGGRESSIVE MANNER",2.0,37.5,3.0,3.0
0394fe7b423ff5da555dd461844a841597cc93e173ba9739a2b2517895f17940b12f30a6fd1f7cbd701a8800d804819212d2bd310010b18cedb199bc3eab8044,CLEAR,DAYLIGHT,DRY,IMPROPER OVERTAKING/PASSING,3.0,20.0,4.0,4.0
03955139e7443fd3f62609e2acd061c717c89f2209f381f689e6ee0ad93db9f526223a609593422b1c684ac206ffb096f8fa17ce5106efb9eb9a1e9c294427d1,CLEAR,DAYLIGHT,WET,FAILING TO YIELD RIGHT-OF-WAY,1.0,56.0,2.0,2.0
03955379814386b4e049f8343739f03bda73db4e85aee9efc4904deb3a67bac8fdd13afd5b19f42d2ae48645fa0fe55b2e4f10557f65d68636280b3408d27df6,CLEAR,"DARKNESS, LIGHTED ROAD",DRY,FAILING TO YIELD RIGHT-OF-WAY,2.0,25.0,2.0,2.0
0395559f4b1ef041d1fc39a060aeeb3234bcb335fc0ebe0bbf12151c2a6f7df9f0742a332334df8dfbcfe1899e67699af026dd618365d5dc25ac41f212db6b57,CLEAR,DAYLIGHT,DRY,FOLLOWING TOO CLOSELY,2.0,37.5,1.0,1.0
03957f429deaeea23525d8fcecf18559bee0f2e1488997860cee545a5da94485293629dfc6d9ff94cc7a042b085baa4c68ecfee0f09454fbe1e8749fa9b639dc,CLEAR,DAYLIGHT,DRY,DRIVING SKILLS/KNOWLEDGE/EXPERIENCE,2.0,49.0,1.0,1.0
03958d2b75c9fbeba13d282168a2711f83403b921edb9ad18ad00d990772752059bce9d1d4d68a918167436a56771ef0a3ebfd4b13c090dc48d0fcbb21faa6c0,CLEAR,DAYLIGHT,DRY,DISREGARDING TRAFFIC SIGNALS,2.0,18.0,6.0,6.0
03958d9281db93f2348592fe20d78645ce6c9d8775078ec96b060d05446ce560a6827b44596176c877320cf0f8f2d322e50a550272e41bfe7b4f795b03968655,CLEAR,"DARKNESS, LIGHTED ROAD",DRY,FAILING TO REDUCE SPEED TO AVOID CRASH,2.0,25.0,6.0,6.0
039598b9b51653b08e9e330a61880eeb5d87b199d1139569e6ba41aaa10ae8580769b5d468b13fba3a97363fa05fc023ab64b889e558d8684dd61454abc148b1,CLEAR,DAYLIGHT,DRY,"EVASIVE ACTION DUE TO ANIMAL, OBJECT, NONMOTORIST",2.0,37.5,1.0,1.0
03959e89822fe80d6af2625525ed98b71f1c846637df146be759ccb95bb01586fb3426b3cc015debdf6086e932548c208cae0f047316bba8e623c275c5c915b1,RAIN,DUSK,WET,IMPROPER LANE USAGE,2.0,42.0,3.0,3.0
03959fff5740d21ccad243061dddbad457b54e083933649626454fae815d0c074197d11aecc1b81dfa4028bc51be6422b057d371bf1e0928d0b634a240921729,CLEAR,DAYLIGHT,DRY,IMPROPER TURNING/NO SIGNAL,2.0,23.5,2.0,2.0
0395a2f537ab92fa98f1f896449a9c36c41d218b799fc407089bdadb2fd0a4427bc7579cf498cab301501329b5fa9e13ab64aa07e45dfe1a0808e2c75e931a8c,OTHER,DUSK,WET,FOLLOWING TOO CLOSELY,2.0,31.5,2.0,2.0
0395bbf417f9004d57462810c5110bebb8f77c52d5d5cfc6b786b4c6c848c5d934f0e47ffff89fd6a3da2e245d3fafb43202798d1787c1e3e3085c3a70ba0a5d,CLEAR,"DARKNESS, LIGHTED ROAD",DRY,IMPROPER BACKING,2.0,23.0,4.0,4.0
0395c331f37f4e8f62b19e9c19a67f4a260b99443519d2703f440d6435ebb5e453be7f2873e3b6bfcdb2c70fd7c94d85cc177071f551205c2f95872c03e032b4,CLEAR,DAYLIGHT,DRY,FAILING TO YIELD RIGHT-OF-WAY,3.0,0.0,2.0,2.0
0395c49abdb0e747dd27f2c0a2f66ce464db6338fd6b48e47a62a18bf88daa85f7b5143218606abc1f2301a966b640bc3376b960b33b87919e05f749592bce7b,CLEAR,DAYLIGHT,DRY,EXCEEDING AUTHORIZED SPEED LIMIT,2.0,42.0,3.0,3.0
0395da4f290f1dcbb6dce0d4a837d5adc04334f759c8da0b24549d0608199e83f240444a2c5a1a062c109873dcdc35611675c34fdb1d25cf6041614d38533164,CLEAR,DAYLIGHT,DRY,FOLLOWING TOO CLOSELY,2.0,25.75,4.0,4.0
0395f9cf26c4b5db878ef3a46e610ed06920d909bb92863748ecbfa7dd2cc404a1fd2362f5fecc8ff06bf6ca809da67948b74aecacfcb8ec0a8377bcede0becc,CLEAR,"DARKNESS, LIGHTED ROAD",DRY,IMPROPER TURNING/NO SIGNAL,2.0,27.0,4.0,4.0
03961e54730def9f59b2cfb3f5ffda8e89a6954c758307110838830ed038823abc9d5788f7c4f06ef653a6c1384ca1fb00f5addfed11c3881d336f6a86460342,FREEZING RAIN/DRIZZLE,"DARKNESS, LIGHTED ROAD",ICE,WEATHER,3.0,28.0,3.0,3.0