crash_record_id,weather_condition,lighting_condition,roadway_surface_cond,prim_contributory_cause,total_vehicles,avg_driver_age,total_people,total_injured
0396494d7163564dfbb661d7f68b54a77bc8c8d8cfdb14d7fc9b2c93b1b67a8ca112bcf851c2e02ace2e24a86a77f2135768147ea67dacfa768291909752bb58,RAIN,DUSK,WET,WEATHER,2.0,47.0,2.0,2.0
039682ecc177daf65ca6182d610b2841ed755bba26c5fa177b8cddfbd3c07108798ae2f11e7e1548ac3b1ed98a5340716b43cb550af21ca2d41c15559c66d661,CLEAR,DAYLIGHT,DRY,IMPROPER LANE USAGE,2.0,25.0,2.0,2.0
0396a6f71a9e63a291724149bb6f4c35e759d49c0b53c33ded68debe579aad8b5a6ac731d8a510be8654868326b86d9c5ba034919c8ebe760420f423c22369d3,UNKNOWN,UNKNOWN,UNKNOWN,IMPROPER OVERTAKING/PASSING,2.0,27.0,2.0,2.0
0396e3167551f4c76b41cd078d567fe7913f69f12faa0653d781d15f71429b4f9d320c58db3983e372f12ab0718db895f63dde2311b3a10b0d8281193a5e27d9,CLEAR,"DARKNESS, LIGHTED ROAD",DRY,FAILING TO YIELD RIGHT-OF-WAY,2.0,44.0,2.0,2.0
0396eacd26b0d707b0a63a381a08544ce65f583d367938a64fe1c93fc2724cb9e98e7fa122365922fade24692ae138ac970a50024367741e8ec1078a9a1bdae7,CLEAR,DAYLIGHT,DRY,FOLLOWING TOO CLOSELY,2.0,42.0,2.0,2.0
03970cb240f80be6805467179a6a8cb22541019772e24190db707f758444e9072014810415aade6c5afbc2d74cb1d31d1ace9ebf22ae2933902663360d44fd3e,CLEAR,DUSK,DRY,DRIVING SKILLS/KNOWLEDGE/EXPERIENCE,1.0,58.0,1.0,1.0
0397527b3caaa9a12522472fbb02877bde3641504f6eab501c09843a7c49d9b00203aea166eaba69aa568a1d024ec7713a6ff9409cd89c127b670ba4853d48b5,RAIN,"DARKNESS, LIGHTED ROAD",WET,FAILING TO REDUCE SPEED TO AVOID CRASH,1.0,27.0,1.0,1.0
039776469f4d837ac116bc2a4e3d744dfdcc996fe750fd0ffbb7f4fc4fde85e74d7a828dfdbe35a04d53f74c29b5768986d0c2fa42f857bf11190f8b7be51001,CLEAR,"DARKNESS, LIGHTED ROAD",DRY,DRIVING SKILLS/KNOWLEDGE/EXPERIENCE,2.0,40.0,2.0,2.0
039780fd828a8212d43be5f1b9305f4cbc4d0f6c0f0fdc57cf261cc01bfac408045551eb82ab1286e38e92452f6657d2cd1eab16f343dc69bc550ce912c9e755,CLEAR,DAYLIGHT,DRY,FOLLOWING TOO CLOSELY,2.0,53.0,2.0,2.0
0397916be92b94df6eb8e04ef2a9c8e95fa4c83e20fce38a4d3ccbe784e0b73ed34ecbc44211f70e5f9677db175fd779d4605d512bad5f79a1f197bef45ad4a8,CLEAR,DAYLIGHT,DRY,FAILING TO REDUCE SPEED TO AVOID CRASH,2.0,48.0,2.0,2.0
03979710a85be322c87898e9f328728e74c89b8a94258921dafadc5c4803bf1ea522273895de5590e68d4322aa3cec4db072c37ee791a4e1cb3f67a968147764,CLEAR,DAYLIGHT,DRY,FAILING TO YIELD RIGHT-OF-WAY,2.0,50.5,3.0,3.0
03979b9746ae58f4d8392c05086c27fa75667ed3463430db15a0e7dedf3c63e5c7212818b439358110fbd2b30a8a17a5e50e9b3af58a9a90aeb04b19fbfc6510,CLEAR,DAYLIGHT,DRY,FOLLOWING TOO CLOSELY,2.0,20.0,2.0,2.0
03979fabc351694cd4e867b741add250bad0c741124ad682c8e041cebe7f8bea42f4e0642117dc57a72044e491ca96210861038cfaa186815f1bd5431d7da1fd,CLEAR,DAYLIGHT,DRY,FOLLOWING TOO CLOSELY,2.0,35.5,4.0,4.0
0397c2f5346fff7d75d8c15806adf9d668a2cbcfc694c391b0d7e5a9462d8448abb50a907c5e8ebe46409ef501126a99969c838d8b89b10c67cc2a93bffe1d98,CLEAR,"DARKNESS, LIGHTED ROAD",DRY,FAILING TO REDUCE SPEED TO AVOID CRASH,1.0,39.0,1.0,1.0
0397d51586ec27e1a979ad72ba50b81c734f2ce550683ddea6dddb93f27911dffec06f1ba0787962867fe04fdcfd5500c4e8fcb8e99f9a1d6cfb9504502e96ca,CLEAR,"DARKNESS, LIGHTED ROAD",DRY,FOLLOWING TOO CLOSELY,3.0,37.5,5.0,5.0
0397f68c2920fb31e8d021fc8ec2073ec36eaac9701813b48c67b8723f967efd6bba7ed6608255410af60e727056332dae84b16ea3df13cb5647b736313e11f6,CLEAR,DARKNESS,DRY,FAILING TO YIELD RIGHT-OF-WAY,1.0,39.5,2.0,2.0
03982cb81176fb89730e3ed53ab365248620c5323f8104485e975d402e884a8bf9388a5e7d90ee558438a71a7a378a9079d1dd4d88877090267ec5dbb0d72331,CLEAR,"DARKNESS, LIGHTED ROAD",DRY,DRIVING SKILLS/KNOWLEDGE/EXPERIENCE,2.0,37.5,1.0,1.0
0398301e11a8b5f3d9a29a4dc86bccd432c43bb443d697afd9855493db4ece0a4301f13478927442ede40a6908f771872cd7e277ac4d17fac246b6b5f11588ee,CLEAR,DAYLIGHT,DRY,FAILING TO YIELD RIGHT-OF-WAY,2.0,68.0,2.0,2.0
03984446cccfd5df1b31811a3ef560cd891eaa3ce5f9fd2e8dd646ae494c40f47f4a8c02edb931bdf0167b57292f7439ee882a0bdc6fe488b5489e3964cb0016,CLEAR,"DARKNESS, LIGHTED ROAD",DRY,IMPROPER BACKING,2.0,60.0,1.0,1.0
039846fed7f739ec869004eee9fb853b38d61f171bb8e9f0a517211949027b376f5fcb1dc4d8c76cc8805f2023bc2cb2d29a986c6dc817c6e293a95bbe187c09,RAIN,"DARKNESS, LIGHTED ROAD",WET,WEATHER,2.0,43.0,4.0,4.0
039849b6f6df2c6ef63a8943cebf7e114b3da75bbcc6379b338ee300978643f7e64fb435181a2044d2141e1a755f1650f32b99019e06758b0604f66802edff19,OTHER,"DARKNESS, LIGHTED ROAD",OTHER,IMPROPER OVERTAKING/PASSING,2.0,30.0,2.0,2.0
039855d7bde26aa44f99538e3be3d7c0adbc6fbb1aea125beac19ed2a94115afb963f08948516d2db51b771d241e17f5186bf2b402c66b007346f272dbec8711,CLEAR,DAYLIGHT,DRY,"VISION OBSCURED (SIGNS, TREE LIMBS, BUILDINGS, ETC.)",2.0,29.5,2.0,2.0
03986f7384f6ea499c5c9b5dcb397e4f5a3fbe7efe671876d1967d9b199e5149145f087ec15217aca9f7787d261f762bb31b3c9a46a6ce19c44e70c8e15515bb,CLEAR,DAYLIGHT,DRY,FOLLOWING TOO CLOSELY,2.0,23.5,2.0,2.0
0398a2cf97c4acaadf6bd767cc83297897d30506b343360cd59d22f7dd1477f63e26b9202f700925e7e29c779ce39a186f32e71abc1e550dd5de5feea0d58d80,SNOW,DAYLIGHT,UNKNOWN,IMPROPER BACKING,2.0,55.5,2.0,2.0
0398af786e9e73731fcd9ed8ffef0202f4819e7649c45816dc6681f39f5db2022f3425a0f2e5c69ddb2f30623f05b254dd2413f8cf4f55a173d1ce30a241f11e,CLEAR,"DARKNESS, LIGHTED ROAD",DRY,FAILING TO REDUCE SPEED TO AVOID CRASH,3.0,39.5,3.0,3.0
0398b175c3295f7e8723028a72400c912a6d1c2baf4f307eb8f68f8fdfe0496f9024486251ef73c21059754a1c42f3d8ea1ef854384ef4c6bec9b49a3aa9d44c,RAIN,"DARKNESS, LIGHTED ROAD",WET,IMPROPER TURNING/NO SIGNAL,2.0,30.0,5.0,5.0
0398eda6b68ebfa5752aa0129212708b958d7848c7439cfe912fdb05cc58ca3ec8b0c0e7d9c12b00c37f3308b5e947122a944bbd4a8a982163c469704c68c34d,CLEAR,DARKNESS,DRY,IMPROPER TURNING/NO SIGNAL,2.0,65.0,2.0,2.0
0398f82f6c16391a3f3c35d4d5350ab607a79d437ac5bbb1949f8c67f13ea36bdb4927c6a5a0ccdb9f89df5f77cfa9984268dd7a84ebf1ad22ba4e2baa2da64c,CLEAR,"DARKNESS, LIGHTED ROAD",DRY,FOLLOWING TOO CLOSELY,2.0,40.0,2.0,2.0
03994fbae884a756c7cd3e467cb1c35d3aa06a253b6fe0899be1ce7c95a2992a756c6a759b3ebb44820020fce1db4d06e27286444214d69233c77ab3f0c0b1c0,CLEAR,DAYLIGHT,DRY,FAILING TO YIELD RIGHT-OF-WAY,2.0,32.0,2.0,2.0
03996cb0b8de3e566e2fd7e242ef943db2d3140a9eaf60793df4c289d271ed3018ef5b31597edd56b2edd430b549a95ab4863c21df9fc9c2be6ffdf41b0df3f5,CLEAR,DAYLIGHT,DRY,IMPROPER BACKING,2.0,37.5,1.0,1.0
0399821bae7e7e79a407003cb45b0a42508a1fde9ed7306f8aad063e32eb2c61c70de2785d3fe82a659e28bff1ba5bf53b3b18f3be7117617b8612cdffcd9321,CLEAR,"DARKNESS, LIGHTED ROAD",DRY,DRIVING ON WRONG SIDE/WRONG WAY,2.0,37.5,3.0,3.0
0399d75ff9951baa7e5785093e0fa2b7762d2f9963dbaf50eed1e9137fba06d74e037ddaba8245da053cf7679a8072e63cfc739251348288fbc553feb7277fdc,CLEAR,DAYLIGHT,DRY,DISTRACTION - FROM INSIDE VEHICLE,2.0,39.5,3.0,3.0
0399ef857d322f81c68db9448fba89e733a9534a5e128d76cf30d74512d307d23d9947039fe9d702570f5f74adf21290e89b812b220f0421e67921790cb4772c,CLEAR,DAYLIGHT,DRY,IMPROPER TURNING/NO SIGNAL,2.0,50.0,2.0,2.0
0399fd3ff562421a6cf6f6f0300254c4ca2c15309bceb48a67a75031205bfa765186888a44123813e2600272e2accdc659eeacd026c797c79c752fa6aee8278c,CLEAR,DAYLIGHT,DRY,FAILING TO YIELD RIGHT-OF-WAY,2.0,36.5,2.0,2.0
039a2d8f0ad404b771ae12f007b71bc39111dd891e02cb1a6fd46e33752ffed08dc97ed38c6fcc398a41698fb983b9953542200ee8ed5863a8d1b6addb7c14b9,CLEAR,DAYLIGHT,DRY,IMPROPER TURNING/NO SIGNAL,2.0,35.5,2.0,2.0
039a482483bfadc2c81e29ed04beafd3a47f0ff813a7ddc7c96ca3a44dd01079453f388c91f5187076120551336d3d7f6c4930f52c4e0961e1973d5dd099796d,CLEAR,DAYLIGHT,DRY,FAILING TO YIELD RIGHT-OF-WAY,2.0,63.5,3.0,3.0
039a5252827635277d54837a9fbc020a579ec9195b1d4832e6a2e388c11a3b86ea1e9d40accaa29afd8570fe2ef156bc91119b8d5c9cc96fd0c4066715ef28bd,SNOW,DAYLIGHT,SNOW OR SLUSH,WEATHER,2.0,67.5,2.0,2.0
039a68e35f976a60b9acd4b0a88271c491b5228559e2bd031e103e7592399b7df8a707856976c6445aba962c740ba744ce6b7b03020fc6ea530b913c065ff3b2,RAIN,DAYLIGHT,WET,FAILING TO YIELD RIGHT-OF-WAY,2.0,29.0,2.0,2.0
039a7a0becc8c6f6316e89ef516b6b0e915390a0b1619eff1f065066030b8631b02da527b284c52d8cf11a35c4f236943f2a856d690ec43ab9f2829ea2f85458,CLEAR,DAYLIGHT,WET,IMPROPER LANE USAGE,2.0,49.0,2.0,2.0
039a9c4ebed79ff246d6272e25183d1aed240353dfa2f1db07cbde5ba49c5f99edd038dba5b024171ff58612dcc7e57bc1e46b4d830b43337bf77133b90d2fa1,CLEAR,DAYLIGHT,DRY,FAILING TO YIELD RIGHT-OF-WAY,2.0,25.5,2.0,2.0
039ab0b55110f3ec4d1273c56e28e24ae7c7f5ffb34ff12ea66ba450e8c85ba53fe96f1bd2d7b905e1442f9da630b80b4092bd9786e39deec5a303ca2f928b39,CLEAR,"DARKNESS, LIGHTED ROAD",DRY,FAILING TO YIELD RIGHT-OF-WAY,1.0,33.5,2.0,2.0
039ab5b51af8aa02adbb1335bed45cc126405216776cd35ba5ca936aaea8b289930bcfac3bf944adfe7ac8d7cd3a87ec94ceef55e87ddaa6cfd8e148cb05ccbe,SNOW,"DARKNESS, LIGHTED ROAD",WET,IMPROPER BACKING,1.0,38.0,2.0,2.0
039abe2e1f49412e8b9c02d238f85ebeaeb9dcad7cc7f9f55a8a6cf2d39085faff6240540b44457049295d494a5130ca99b8e87734c776cb686c555b76d7a0a9,CLEAR,"DARKNESS, LIGHTED ROAD",DRY,FAILING TO YIELD RIGHT-OF-WAY,2.0,33.5,4.0,4.0
039abe84f04dc82faf9221c103ae97115a5a184ff7e7c7e10ab7edfc604ea70f5db1508b86adad2ece0f9e3b6c7b1020f48b42319985b706121565a777c8af13,CLEAR,DAYLIGHT,DRY,IMPROPER TURNING/NO SIGNAL,2.0,60.0,1.0,1.0
039ae1e45fe19bca0dd68771c8deda3a1c2b2001a61fc755a3cd7c22e3493f4ab253c936b23c27b31f383e5f4ad54cd227501eae3e5b68a5a144276eb847e89f,SNOW,"DARKNESS, LIGHTED ROAD",SNOW OR SLUSH,WEATHER,2.0,46.333333333333336,3.0,3.0
039af38f8ebedf40c2bacaba89b6beecae54797eb6fac5d9a3f86781b87a3c46884ae953bc84b97f832c9f198f54de2e19ca3914e64e0c2ba68c5e2f915e36e6,CLEAR,"DARKNESS, LIGHTED ROAD",DRY,FAILING TO YIELD RIGHT-OF-WAY,2.0,34.5,2.0,2.0
039b30f2464f819f624434fb99391546111daaeb7670825a416a26d9cde3dda0153880dc28a34a58cc14090af610febc91b32a4ab50a2b6697ad6d0f4d7614cd,CLEAR,"DARKNESS, LIGHTED ROAD",DRY,FOLLOWING TOO CLOSELY,2.0,23.0,3.0,3.0
039b3d741a2e9a639e3851f3be666fd7e88b92d3c7a3420ba351e43724540658e0e5f5b161aec2d8fe1d7473a9fd2a44473f003704c302d966cfdd1a81ddedb4,CLEAR,DAYLIGHT,DRY,FOLLOWING TOO CLOSELY,2.0,38.5,2.0,2.0
039b53add7c55e66ea9ac7b9b200b9b6d1c2c1a7aaf08c51e5ec10a844da59e55fb85192537b12622301d2da0630577cfa9928d9b8603b6ffcfc39b7632ee36f,CLEAR,DAYLIGHT,DRY,IMPROPER BACKING,2.0,67.5,2.0,2.0
039b5a8102b0d3e12d5a572ab2d990d14d6ceb5c45089c53499787f2994cce996f0bf95ade04866c655558730ac900998d89b6c3047ba7ce1a9b92dbd493bafb,CLEAR,DAYLIGHT,DRY,"VISION OBSCURED (SIGNS, TREE LIMBS, BUILDINGS, ETC.)",2.0,63.0,1.0,1.0
039b5b84290f6d2822fffa41783fb0be73d736f366cd9e3b04f26d048988b8057e2911aadf455d49aced64495f6e25656d070750808e08915abe3949b23424f8,CLEAR,DAYLIGHT,DRY,IMPROPER TURNING/NO SIGNAL,2.0,49.5,2.0,2.0
039b671a6f0b4f22fc3bc88371f1aa40442c2507c566a13fa1aa689d4d54d620137b012ac27f762f60cefc60ce5c5935e05f40da02acbdc9c1a42549cacfd5f3,CLEAR,DAYLIGHT,DRY,IMPROPER BACKING,2.0,37.5,1.0,1.0
039b80b7e7dcc37e0398b655a056f965236a4a5010f11608a19ab396e702334572fa8e4b15a71caa16551561764ec9a14fa662f67d1a78eda071988695447550,CLEAR,"DARKNESS, LIGHTED ROAD",DRY,FOLLOWING TOO CLOSELY,2.0,23.0,5.0,5.0
039b860a8dbbd21fef4f1edb52e5f0e15076e0b978feabcd2aea78b2c9249b18c73c8f6a451ae367dbf4979d3d4fae6371e55b2d87df30eff9d03b35ee14ec2e,RAIN,DAWN,WET,DRIVING ON WRONG SIDE/WRONG WAY,1.0,28.5,2.0,2.0
039b99b905de58759376d488eadcee533f90c8d6c8b02358d838e31e5da6a8d74abe1810692b34ecb32db8435dbc9df196bfc07e27bfe50899ceb1bc6cebf5eb,CLEAR,DAYLIGHT,WET,FOLLOWING TOO CLOSELY,2.0,25.0,2.0,2.0
039ba54180bbfecfa025204e704cb181ac97e200d4148c6911bcc80877c0c4aafbaa09f0343609dd026f7a05c18292d1d355faacae4f5d18115d919a92fd6ff3,CLEAR,"DARKNESS, LIGHTED ROAD",DRY,FOLLOWING TOO CLOSELY,2.0,33.5,2.0,2.0
039c2aa2d1843a7ea5ea11000437093c21f0699ee1c0ac53b4709ed7a46d4bc7a6df7db627fbc7e2017beb1f6bf1ac165cd990c53fe558af169e9ee78f1a8332,CLEAR,"DARKNESS, LIGHTED ROAD",DRY,FAILING TO YIELD RIGHT-OF-WAY,1.0,15.0,2.0,2.0
039c3dae8f26fa6c033e93d20e4895dd3fb99965771843245046fa2d90c96c396d979bf59df8006c1f5a6f9f3a19c6474798bb437617bf97c0cdd7513f0a93ae,CLEAR,DAYLIGHT,DRY,DRIVING SKILLS/KNOWLEDGE/EXPERIENCE,2.0,54.5,2.0,2.0
039c7da61499af7603ca759402a48def5bfbe459a4c769e430dfde0e65657bb2523825c00048801f3e720a47162b554d468f784735fdd75b74e4ba4154a3491a,CLEAR,"DARKNESS, LIGHTED ROAD",DRY,FAILING TO YIELD RIGHT-OF-WAY,1.0,20.5,2.0,2.0
039c7ee0c422c46205c9d4441adcf0b5a58587c838de556920f68fc809226f3817b5e0e036d759f8b18744301f176d7860a41cb1d18ba0834a86b7bcb9a37f00,CLEAR,DAYLIGHT,DRY,FOLLOWING TOO CLOSELY,2.0,56.5,2.0,2.0
039c8a5aa417ae36623de37d1ac1d729b8816db12de5890c7fb4d5433da356c8403311aded547f0ccfa74da67fd3dd7a28a5c0f356dd51adc2fdec3cae4a7458,CLEAR,DAYLIGHT,DRY,FAILING TO YIELD RIGHT-OF-WAY,2.0,62.333333333333336,3.0,3.0
039cc234fd71dce1bad36d5329c55ffb4746eec336a6e493ba8bd645907db486f17bf9563a2d8dc960205f43a61de57c1fa911872b151651dfa29c0f4e757fbe,CLEAR,DAYLIGHT,DRY,IMPROPER BACKING,2.0,63.5,2.0,2.0
039cccc14da024ea93b624b75a7869e02f6fc00bb349748f8bacc91c8642573ad020641eee20b1256dc375935b2d93f631d5ce973fbfbfc49c9dd04e00ae9dbd,UNKNOWN,UNKNOWN,DRY,FAILING TO YIELD RIGHT-OF-WAY,2.0,48.0,2.0,2.0
039d1cb0ce290b477786eec27556f85f1a97f8322949c292e7484c69177d33733ddf25f12c0ab0fb50cfe88be183638de84d3d7cea12955884b4a9bb6b4414a4,CLEAR,DAYLIGHT,DRY,FAILING TO YIELD RIGHT-OF-WAY,2.0,37.5,2.0,2.0
039d4ef37df5c97149724b52a4507f68abc95182361cd1599af88e41f5639a4ca2b4f80dd843b2a5aa5bd560e988e784dd3ae3030224c7698f2ddd1f0541fa0c,CLEAR,"DARKNESS, LIGHTED ROAD",DRY,IMPROPER BACKING,2.0,29.0,2.0,2.0
039d555ceaaadc3357fe25180445f376f29f90301a19bf500dc05fe532dbbab5940b1113df2e63263d9acfe595bfe46b016841440eb03ad5c76eada4f30642d6,UNKNOWN,UNKNOWN,UNKNOWN,FAILING TO YIELD RIGHT-OF-WAY,2.0,63.0,2.0,2.0
039d58049b450b3ce34b98cb21671454198e743f6f1bbb1e941176f93ca6044e2dd80eb4e05db70a8045e551855e9edc5433b0b68bf3a5af91e2382891f32495,RAIN,DAYLIGHT,WET,DISREGARDING TRAFFIC SIGNALS,2.0,25.0,3.0,3.0
039d6e34e49e70bbd5865eab899b5b3d523d391f2bb4b2c143881926f47ad4b6469dadfe95ae827d445a028e46725b55cfe4d562775a5461d6fafdf4e9b756dc,CLEAR,DUSK,DRY,FOLLOWING TOO CLOSELY,2.0,52.0,2.0,2.0
039d793fa3e7daa266680c2ef44b2b5c4a3afae8cc9cda260248b368cf44de3c246ff16bf42bbc925b3fd7eb66834de62386dd463442da486955b12e675cb4d7,CLEAR,DAYLIGHT,DRY,FAILING TO YIELD RIGHT-OF-WAY,4.0,19.0,2.0,2.0
039d8e82838cb125cb5631038fd7ac77cb21ec70eebcac2515aed859d4b06e692140c49803249c1a17733977a6878d854d42069a0696628f4b9639bd97ec11bf,CLOUDY/OVERCAST,DAYLIGHT,DRY,IMPROPER OVERTAKING/PASSING,2.0,60.0,2.0,2.0
039d9973bd2a2105448130763ceecf53d5f40f3c86f255d0eeaa6d087ea741303677e284884e60028a18648f28daef0270b2d7a8abe62554abf44b7f38eceabc,CLEAR,DAYLIGHT,DRY,FAILING TO YIELD RIGHT-OF-WAY,2.0,29.0,6.0,6.0
039dc187d9a5d426119340a457991f5c67b6c720a7aaf6ae79e32309778486d063b8720c99e9968ffd560f7c9b2c7468ad19e371f6c85a9746d02bdc8729f34b,CLEAR,DAYLIGHT,DRY,FAILING TO YIELD RIGHT-OF-WAY,2.0,28.0,2.0,2.0
039e1798571fad36bd864446ff407b2f63b43442ef416219a6848b957e6a31b5bd005fd8f2bd70bb2cb7d13cabe08d7a303fd04e9d79ac9a43b268a2263829b9,CLEAR,DAYLIGHT,DRY,IMPROPER LANE USAGE,2.0,58.5,2.0,2.0
039e24ecca79fee0a2f0a9f0ac1edb54a9171d45bc755c170a7eefda01a3556c2aed1a954beaa948fa90053d041adc8e1d278e6be6000d493da308045bbc4d84,CLEAR,DAYLIGHT,DRY,DISREGARDING TRAFFIC SIGNALS,2.0,26.5,2.0,2.0
039e478d77b9236febf81cc5c737604668bde5743d0f23a2076d2e1c92d76499fd5dc2d01519df10d9a490b855695321baee1a7b73ba3568d8121a19ee1529cc,CLEAR,DAYLIGHT,DRY,EQUIPMENT - VEHICLE CONDITION,2.0,64.0,1.0,1.0
039e9cae41c4bc4bf913a4d7b1589ac575a9be333ee0898bbc2b725a5300de983427de7df34bd7e9f2a5ef3aaab69f813aeb8f20bbfdd22158a7e9f59323b143,RAIN,DAYLIGHT,WET,WEATHER,1.0,41.0,1.0,1.0
039eef45906c455bfdae087ec3e4369b4bdac2d23acd7b2f484ba64bdc9605352abbfe8d2c5ac1468ce1687bdc281e7491690ebee4d9cf962b37315c2d9e7ea3,CLEAR,DAYLIGHT,DRY,IMPROPER BACKING,2.0,17.5,4.0,4.0
039f1ee62aef17ac593b1cb7097b3fdfb39d270e6609eb47c5f47955b47fc866d50bf3501dc86989f5f9c364df9bd2a16e474e35de94fadc1521d8cedb39991b,CLEAR,"DARKNESS, LIGHTED ROAD",DRY,IMPROPER OVERTAKING/PASSING,2.0,23.5,2.0,2.0
039f42f0786f63f03a10a8724adf2af5f16d2ff3b043d837dab415df1e652355e09615864faf2ee7a445086a4c3d29e6373b0b82ef34f8df612502669291bc95,CLEAR,DAYLIGHT,DRY,IMPROPER OVERTAKING/PASSING,2.0,38.0,2.0,2.0
039f686900efb7f790af0c827e7e870e298d3427f07c74431e5eaaf4c61148c1e84906a2446ee2e25211c8daabe63c406a3463d67bf7d9d913fcec79ee8c777a,CLEAR,DAYLIGHT,DRY,IMPROPER OVERTAKING/PASSING,2.0,52.0,2.0,2.0
039f756316201204dad1e471b531f2970030c3a4b7f9d8e4c8078c73a0928d42e365c9c71f401b58cbc29f3e57c03c949137bd4d135c77666302a62170212a60,CLEAR,DAYLIGHT,DRY,IMPROPER TURNING/NO SIGNAL,2.0,25.0,2.0,2.0
039f81e6ec32d34e012e2064ff76ba158f87566aa68a776de7a3a455e2d23e2d20bdc1f6f5e6413d7ceae161df4b2e674f368f9723b35b54ec3e3c7680076cf5,CLEAR,DAYLIGHT,DRY,IMPROPER TURNING/NO SIGNAL,2.0,25.5,2.0,2.0
039f86c4d9fcbfd0d8a450ea41258e5499cbd938bb480b9283df65efe7696c565def566d62e135151dfbefb3bc847673a90cccb7a2b5729b36d93b934ce9cd78,CLEAR,"DARKNESS, LIGHTED ROAD",DRY,IMPROPER OVERTAKING/PASSING,2.0,43.0,1.0,1.0
039fb598897dc772cf0e7a443127aced7262b36ab2bb21735489d1f88122a975bd9cc00af304ef73761c0c1e49a81b1c6899ab6c22bdea94b746dd0fe39b50dd,CLOUDY/OVERCAST,DAYLIGHT,DRY,"OPERATING VEHICLE IN ERRATIC, RECKLESS, CARELESS, NEGLIGENT OR AGGRESSIVE MANNER",2.0,22.0,3.0,3.0
039fd89b31ed7a7b4554f443f5c01e189a21df7c44b9e3123e48a27105df54bea4e25e968e040b662eafb0bc415cfd8fa5be4d83b02c30f7d758219d3c30fa9d,CLEAR,"DARKNESS, LIGHTED ROAD",DRY,FOLLOWING TOO CLOSELY,2.0,42.0,2.0,2.0
039fe8aacef90b0735a07c98595543d88130d71494f6868668482f3279e7b26a3008700d2c2117bbdc043c2fa87591786a9e0153a94355eb06a5f5f6cd1be597,CLEAR,"DARKNESS, LIGHTED ROAD",DRY,DISREGARDING TRAFFIC SIGNALS,2.0,34.75,5.0,5.0
039fe8e91f71cd0757998edc9b030e7032ac174f43bc17cc6bf5a340dc82d55cc455c0ea49f45ca88c7066f5c0dd053daea6f1e08abab6598cb60d5f7f75bf5b,CLEAR,DAYLIGHT,UNKNOWN,IMPROPER LANE USAGE,2.0,43.0,3.0,3.0
039febd6be15629f1d21cef9bca0f6d0ced9685d1e28f6b8ca813d10daa2fc881894044571da6a057d229e8578bad5fbdab0c583b479ba95f168b3fb0eabbe43,CLEAR,DAYLIGHT,DRY,FOLLOWING TOO CLOSELY,2.0,43.0,2.0,2.0
039feeeaa1fd6c20f2e04d9864ce754a854cc5766a3e2f1d094d90dfb98967b959cb4aaaf17ad451028407da34f43cdff9f640a12771015ea2bcba7d8f291df6,CLEAR,"DARKNESS, LIGHTED ROAD",DRY,FAILING TO YIELD RIGHT-OF-WAY,2.0,28.0,3.0,3.0
03a00337d356f7e78b0a2b44633c325ab91bdf500dc1d2c87361c4d9fdbf632c9dfe1c6f3098a96d7af851eaeb887c39e7fcbb18f51ca1d0cf8b8e7a94ed9a51,CLEAR,DAYLIGHT,DRY,ROAD ENGINEERING/SURFACE/MARKING DEFECTS,1.0,48.0,1.0,1.0
03a00fbbcd62bb86160e77e61b1b1bb493fc9d1ba5330a322a6d0ce46a8475a3edbd1435e3523eb5fddb835163b246399eaa9d7a356ceff27c9f58fc37c074d7,CLEAR,"DARKNESS, LIGHTED ROAD",DRY,EQUIPMENT - VEHICLE CONDITION,1.0,26.0,1.0,1.0
03a02956028a13bb916ff09b39e6fffaadb7c95de59fea17c5739f369030e71c1c61f9c3f3e669206bef5531001df288a44d6a10cd779a78075950e144c4ef5b,CLEAR,DAYLIGHT,DRY,FAILING TO YIELD RIGHT-OF-WAY,2.0,36.0,4.0,4.0
03a05a4f3046b302c4ed03aa5ecae8aad3211e40b4db562f02332c38f0f23d2c895f6f72649ed5ac389c832f4688bf8c7424ecf1fe97c1ca8b5469432878acc8,RAIN,"DARKNESS, LIGHTED ROAD",WET,IMPROPER TURNING/NO SIGNAL,1.0,24.0,1.0,1.0
03a05adf9888e2e18dc60d02bc59fe2c799ac330ee264ba866e6ddc5714873b60193afd357a47bc59cc8e452241f62a0fd7279c681600bf87521eb06790b4731,SNOW,DARKNESS,WET,WEATHER,2.0,29.5,2.0,2.0
03a05b78ee5306d8bb4d95de7dc7da196d21b841ffb9460fa06863907f28f7c125819d0a65e72af995d7a8c592dd135910b1b543c9fcee3883a9e517660753e7,CLEAR,DAYLIGHT,DRY,FAILING TO YIELD RIGHT-OF-WAY,2.0,37.5,2.0,2.0
03a08c6643c1e21d019b2d2e30881c91bf355a2fa9642509f4b922a942d9abda0165f023c38c0eb99a1d0785f6b6dd00e056eac776bce225b8c1de509f3a945c,CLEAR,DAYLIGHT,DRY,FAILING TO YIELD RIGHT-OF-WAY,2.0,65.0,2.0,2.0
03a0a6e451cb535e057d413b0d993c55577c4b68aceea2b189007ac80e6eca2b3b9fde0640f9627240e0ee4b248591274c36323aad397146dfb0572f6e52cbda,CLEAR,DAYLIGHT,DRY,DISREGARDING STOP SIGN,2.0,21.0,2.0,2.0
03a0cfd74c37c36632efab972be0a3738d143337f1da865580372d378717b735dfc0c701be209658dacded5d96965fdeca67faa2b344b4f49b4bdbe194d22b9e,CLEAR,"DARKNESS, LIGHTED ROAD",DRY,FAILING TO REDUCE SPEED TO AVOID CRASH,2.0,34.0,2.0,2.0