crash_record_id,weather_condition,lighting_condition,roadway_surface_cond,prim_contributory_cause,total_vehicles,avg_driver_age,total_people,total_injured
03a0eba14773f5c2bb6e5fd0aa29ceadf98b423df0deff002788709316c9e449ce3a774e6f31dcc8eab1df76c48f63f993f446ea1ecc6370bac26de025d04608,CLEAR,DAYLIGHT,DRY,FAILING TO YIELD RIGHT-OF-WAY,4.0,34.5,4.0,4.0
03a0f308f48a4fc447f1a70c1fc251b764fc60179b08097c924b53f4125b3f1ff9667675afbfcf9f86cee7b40eb5d3e59665d3a177510f220c93c95e934b6df0,CLEAR,DAYLIGHT,SNOW OR SLUSH,FAILING TO YIELD RIGHT-OF-WAY,2.0,20.0,2.0,2.0
03a10083ccb2dd0f008089bafb48127200627c7d9e4df1b412e27f4a14701603b014404f02bb7e27dcfd6417e404edf5f0758b84f25e402e2ff695fb1dab279e,CLEAR,DAYLIGHT,DRY,IMPROPER OVERTAKING/PASSING,2.0,39.0,2.0,2.0
03a119f3bac2dbd0eaf5eba7e6b301446f310341aea630030552e27d2ac77a2773d273b46e006bd0a868a03ae4c3e605428bff16ff6e6d641ecd38eaee92131a,CLEAR,DAYLIGHT,DRY,FAILING TO YIELD RIGHT-OF-WAY,1.0,39.0,2.0,2.0
03a14e971b613d8ae247354ab50f332b201d29a9b93f08354341991d58502c9eb9f1f4d39c81360bb064fc65691878fc62797e7bbc1efe23a337f2cea5f19bda,CLEAR,"DARKNESS, LIGHTED ROAD",DRY,FAILING TO REDUCE SPEED TO AVOID CRASH,2.0,30.333333333333332,3.0,3.0
03a1555dbba451e0f780f39e56015a427a2f0c38f8c28445beff058edd0843ed2c0bdbb5fbacb4010749efcc50e6e168f238944662baf27937425da06ec04a4c,CLEAR,DAYLIGHT,DRY,DRIVING ON WRONG SIDE/WRONG WAY,3.0,37.0,2.0,2.0
03a19ffd060a14410353a0edb62e049881bce1f81382e8fbff0ba305c28a8e14658a88de20cae66f8327589a119acd92a0d53ce4d99bb56d614e574cbba9402f,CLEAR,"DARKNESS, LIGHTED ROAD",DRY,CELL PHONE USE OTHER THAN TEXTING,3.0,26.0,1.0,1.0
03a1afea3bb3d5e51a928876aad3c0dee6a291ec5403121a5765d2450b1679d6d15dde86097fcb84faa121eeef5a131616bf436352dc72526b907aa6ac9d74f8,CLEAR,"DARKNESS, LIGHTED ROAD",DRY,FAILING TO YIELD RIGHT-OF-WAY,2.0,57.333333333333336,3.0,3.0
03a1c9c2082fd93cdf391fdb7e2aa603ac72e61913c08e2ebff2a3dc5d30a9883f54cbe91c62d33bc96c53074ad75f2757f3876809b1c49b9c72d66f1284f2b4,RAIN,DAYLIGHT,WET,WEATHER,2.0,50.0,2.0,2.0
03a1de8357fe938e07522071837b4c1cafa9b2955f101401c45285d95ff71b3719397376f0664022b863486b8f56445e605ff64971f50f763c03b1115fda2686,CLOUDY/OVERCAST,DAYLIGHT,DRY,IMPROPER LANE USAGE,2.0,28.0,2.0,2.0
03a1e81e6b66d408eada08a782b24986bab39fe96aa2586d3fb1b7799513aabd6836a9d810e6bf38ed2ead64e55614d851b4152abbd10330a1841df2774124ac,CLEAR,DAWN,DRY,DISREGARDING TRAFFIC SIGNALS,2.0,39.5,4.0,4.0
03a1fbd5d3c26223306a7a2fd7bbf77c95f524d2821937baadf9f24325152df49d48aa7326221850541caba8efcfdc0e3080afcbf41955a65e4cc4d88436c98d,SNOW,"DARKNESS, LIGHTED ROAD",SNOW OR SLUSH,FOLLOWING TOO CLOSELY,2.0,31.0,2.0,2.0
03a21a8f706f5b74cf62c3f4a511c3d606e32c12f3bb9115173fcf03dacd496cace2622d87807c3646edcfe67263899aaf85b5ec30f08cadb204254cbb14bfcb,CLEAR,"DARKNESS, LIGHTED ROAD",DRY,IMPROPER OVERTAKING/PASSING,1.0,64.0,1.0,1.0
03a24826f48cb31866c050eb8f7f1a2b86aa9416a612a8f372eb715234ea498e01e9cd65b52ddaada778e27d2753454e6922264f84878766761b02410491d0c6,CLEAR,DAYLIGHT,DRY,FAILING TO YIELD RIGHT-OF-WAY,3.0,26.5,2.0,2.0
03a2611e9c3682bd69ca31dd31694a67c4b8dec5a8ace8e13882e80a1485190c3a5ac0d9fde1bc91be7f221ff8f8774b47d0a4b5487b5c65b56c6211ddea2785,RAIN,"DARKNESS, LIGHTED ROAD",WET,DRIVING SKILLS/KNOWLEDGE/EXPERIENCE,2.0,39.0,2.0,2.0
03a2651fe13f2f9ab534dab2c29b81acd7a7131dd07b42f5e600e2f58b57ff86efc8444f9b188eef80bd1c43da4db9877327bf6eeef5011e6ae4baab0c8dadf7,CLEAR,DAYLIGHT,DRY,IMPROPER LANE USAGE,2.0,42.0,2.0,2.0
03a27aea1b4bfa6d64bbf7fdc2dd327fcade6f9a4635f389997f6cd8c79b43e5a78f5cebf1885d4ce99f2e074a50c8c665e48fbcb0747647c4a38102b9a58dc9,CLEAR,DAYLIGHT,DRY,DISTRACTION - FROM OUTSIDE VEHICLE,1.0,39.5,2.0,2.0
03a27ea59c98e9062dc65a42712a4efaa1601d987703c9a366c2d906be5a63750103a87723666e80232ee952ca7b368754d2b9e0773a1c59ce375b48be826ad5,CLEAR,DAYLIGHT,DRY,IMPROPER TURNING/NO SIGNAL,2.0,28.0,2.0,2.0
03a2aa9275b4c4036c89348403d0e24d5964aa4c809c40073e75eb66f7f77105afb5d7fcf2cd26a7b24ab478c79d83e5819dd3395736375176233515b15f1f69,RAIN,"DARKNESS, LIGHTED ROAD",WET,FAILING TO YIELD RIGHT-OF-WAY,2.0,21.5,3.0,3.0
03a2fab78252761ebbb0c59b82c68baecdf8fd479703830418e256a72d431e00519e60a9c1c53397d8cc6a33cb227a80ad3aaf06ac3549173a667fd14c7ae22a,CLEAR,"DARKNESS, LIGHTED ROAD",DRY,FOLLOWING TOO CLOSELY,2.0,42.0,2.0,2.0
03a32a3bd95b39823190ba325c6068b5030a5c9b8ca070cccc91272f00e05438eed8d62017219e72e17f3e774d284d721658ccbc9f326c86c6a788a3ecae4567,CLEAR,DAYLIGHT,DRY,FAILING TO YIELD RIGHT-OF-WAY,2.0,63.5,2.0,2.0
03a3390c9e4b1e262285c90155db183af0f91eafa7c4d3d2e2b5174d9f962180e6d51cb2ce14e405694ce1076b0a52088b6eaae798a8dafa90f4bbd9a83493d4,CLEAR,DAYLIGHT,DRY,FAILING TO YIELD RIGHT-OF-WAY,2.0,35.0,3.0,3.0
03a340dad95209a9df54ffc7cdff488555f8e485c8cb5dc325047bf921a9e58b780cc9a2072710add80f366e31fb0cac2569eb81a21dacf6261ea35246db8d31,CLEAR,DAYLIGHT,DRY,DISTRACTION - FROM INSIDE VEHICLE,2.0,45.333333333333336,3.0,3.0
03a34699b3e863e72052cd234101c5b2a2a21902eb656a914c669e191132ebd52985cda021504fba5caa9d878ab3b9e8f30c2486d314c7eae920138ec80b62b5,CLEAR,DAWN,DRY,IMPROPER TURNING/NO SIGNAL,2.0,35.5,4.0,4.0
03a354144071d8494e5bb0b69f128611b84be2a6958a6480846c7fd7bd7dc525349b53ac86d6a392fd8a75763fd42f90371f9de95bdcef9209f70fb31c41309b,CLEAR,"DARKNESS, LIGHTED ROAD",WET,IMPROPER OVERTAKING/PASSING,2.0,33.5,4.0,4.0
03a35714d903ad59023d8689293e5eeb59f7dfdfc9cc97edaff6e2ebaee0e2eca3b07842d8380848f345da11ff1d260f11e179024ae13de6a8ddc0537d480a7c,CLEAR,DAYLIGHT,DRY,FAILING TO YIELD RIGHT-OF-WAY,2.0,13.0,4.0,4.0
03a363d358dd7ea1b68dff6abb0846386c59058b7ef7db47f4e5638042ac1b0fbb330674e39eabebaf9745cd17be335eb646d29f448f1e7cc748ab1b20df6866,CLEAR,"DARKNESS, LIGHTED ROAD",DRY,FAILING TO YIELD RIGHT-OF-WAY,2.0,33.0,4.0,4.0
03a385235a4d2da0cb9f5b9dc3291f4d899cd46cd9c827359109329a353e1ceed46acf36b4cb205c6d5ec05a2e92fa81a25cf887eef354e2c53562cf9f2ac28f,CLEAR,DAYLIGHT,DRY,FAILING TO YIELD RIGHT-OF-WAY,2.0,35.0,2.0,2.0
03a39939915401a4cfdb0a87aa5eca3e588e66484512abffb3d14886da967324b5c897b5d10efd0448850d7578b3fbe131c40827a513d5f2ee8e685b3ed86c6b,CLEAR,DAYLIGHT,DRY,DISREGARDING STOP SIGN,2.0,0.0,2.0,2.0
03a3cdeebf70e9a7891df7bc539ee395995a043472c907f6e17495b8573f751a79cc99df625c8025388a61eb38e3629837b0d2e59b1a2363b011455569ffa921,CLEAR,DAYLIGHT,DRY,FAILING TO REDUCE SPEED TO AVOID CRASH,2.0,39.666666666666664,3.0,3.0
03a3e161ed7e9b948d8fcdaeb3984514621004afbb221f49351192008c59bfbade9d5e31be1eb834873a5572b2a1977454ab45a58ab58680b770e78a0d6b5ece,CLOUDY/OVERCAST,DAYLIGHT,DRY,EQUIPMENT - VEHICLE CONDITION,3.0,20.0,1.0,1.0
03a3f92479226c2d2d966e526fea10e386eee965eabc7b5449eddd0971e5a911d5bb22e290899f2942f9e46c7b9f543d0299d4a195896039d107e0521381a4d8,CLEAR,DAYLIGHT,DRY,IMPROPER OVERTAKING/PASSING,2.0,37.5,1.0,1.0
03a420d587f4a856534d72329a8f41be2ddf749040e416014a4e21fd9a3ba93522e254b78a8bbe800d9eee9350f7afd5169898093707b4515505c8749ad2f80f,OTHER,DAYLIGHT,DRY,IMPROPER OVERTAKING/PASSING,2.0,54.0,2.0,2.0
03a469740ec200652dbf7fbf4954a9f5dbb8f9fca4eb5f362ba51a981481d9177983abe9b82db59e19a0dec2538ac93ff020c9dc77a9454465bcb1b15281d0eb,CLEAR,DAYLIGHT,DRY,FOLLOWING TOO CLOSELY,2.0,81.0,2.0,2.0
03a486b319ed51889f82a01061fbd95421aad5810841ad35dcbb24b584bc100a308f9ee4e8b202d040e7284e4744c77174054fb9eea435e1bde0db3955eb7f12,CLEAR,DAYLIGHT,DRY,FOLLOWING TOO CLOSELY,2.0,50.0,2.0,2.0
03a4c9bb6c33100abd77584dcf17ffab8e1bb8409bf38728d30673f4f5ff49939680a749b4c886001ceaa62e2cf98dc316c0fdcca61bffdefaef60e15b66104b,CLEAR,DUSK,DRY,DRIVING SKILLS/KNOWLEDGE/EXPERIENCE,2.0,46.0,2.0,2.0
03a4f237f09b7362521ada1465745672d9709bff0663f4e16fb960876e5a8988e54b1b4196f6e547f71f0108edbbe4cc50d1aff5f9abd3aebbce8f4038bc5d97,CLEAR,DAYLIGHT,DRY,IMPROPER OVERTAKING/PASSING,3.0,29.25,4.0,4.0
03a55d616802019ab6f5bf9cb28bf19ea234f95223225213efd475973f0f70ba8aaf2e5fa14c4a64dd28401d0fd577ca955dcac25879e95a58d3bd6bd1cf85f7,CLEAR,DAYLIGHT,DRY,IMPROPER BACKING,1.0,37.5,1.0,1.0
03a56517a7ee7f2d5f951a0beeded26567fb6282757dc4ea4499600a7ec9308b67b15d92f68ca7faf24292fda90260dc8b67bdf444be5b47efd157500fa48765,CLEAR,DAYLIGHT,DRY,FAILING TO YIELD RIGHT-OF-WAY,2.0,21.5,4.0,4.0
03a570af80645e12915b5f97ea88f91d912ccb1513ee84ff6237cbfbcc209643e946d340dc1364c2ee2763cc0869420b48e206cb79d79b734a476204ca2f9bce,UNKNOWN,UNKNOWN,UNKNOWN,IMPROPER LANE USAGE,2.0,27.0,2.0,2.0
03a57b77ef8f18133f8e8806f5a839f05d500eda7e1f2b8a23b61902b90f8403f16b1e80683bc361687ff52b652e2332ab80462ecd49c6cd5c1b02b1ec1429f2,CLEAR,DAYLIGHT,DRY,FOLLOWING TOO CLOSELY,2.0,22.5,2.0,2.0
03a588bf1da5ed03ed069097945b6ce4fa8cd984d8ea47949d7a174be680a8e8a63ea484305aebe3aa608edfa7b86e07dc25a0bdc5d1d121c6e2dd375fad1464,CLEAR,DAYLIGHT,DRY,IMPROPER BACKING,2.0,56.0,2.0,2.0
03a59646507068ded9a5e2ec7c4fd3c5209587c40d60442de777a1ecb038476f1b6e5e48f6f953fd6f0a9f78c140668ecd897f67e37e7772d8290b722a8f6423,CLEAR,DAYLIGHT,UNKNOWN,DRIVING SKILLS/KNOWLEDGE/EXPERIENCE,2.0,56.0,2.0,2.0
03a5b822ca94d9ab66a75eccd0f599a525b3747339b45a9de027da9a5190c30210ead30d2facd3dfeaf091dbd50c262641e9dfc06ab4ae727c10107697751c48,CLEAR,"DARKNESS, LIGHTED ROAD",DRY,FOLLOWING TOO CLOSELY,2.0,26.0,2.0,2.0
03a5bde5402711a9cfe2434cf0dc358b460cf6ca5d3c4ae1fab378901847a1c5988a13f7d1bf33d2c3032b31c8ef0e8fd161b47831abc8852a93c3f2fbe85809,CLEAR,DAYLIGHT,DRY,FOLLOWING TOO CLOSELY,3.0,40.0,3.0,3.0
03a5de05b3fda38aa01256cc470e855a0b313502d134166bb27983e5030cc5f0ea9ad474734798722fa77413e4a3f296efeafbce5fbe9a0a99a99599e8370b1c,CLEAR,DAYLIGHT,DRY,DISREGARDING STOP SIGN,3.0,32.5,2.0,2.0
03a606308ca861198f178ea11311902d666b89606880e5855db858455dfc3ed350c7098edb1c73c4493a18122845dd8e6f7aa22344844a16cd03cc0f6f851573,CLEAR,DAYLIGHT,DRY,FAILING TO YIELD RIGHT-OF-WAY,1.0,25.0,2.0,2.0
03a6a758e213bb09488be2ba156bb5e03a9f5379edcf9b06b0bb1337bb4bade9a41535810dcb097de62db6f819b6a680be68de044b47b2f3590a49069dc8081e,CLEAR,DAYLIGHT,DRY,DISTRACTION - FROM OUTSIDE VEHICLE,2.0,62.0,2.0,2.0
03a6e012d2a67afec3976267d1cf0c9342ba81d2fa525a7f33dfd6e43320a9acded1132caea5352d670b6befc26c3900e4aa78636f6644c6ae549574139396b4,CLEAR,DAYLIGHT,DRY,DRIVING SKILLS/KNOWLEDGE/EXPERIENCE,2.0,37.5,2.0,2.0
03a6eac1dc830d941cb341990db9ebb642b7f3bd9442890215058f9ab58a02494e4fb85e183c22dcd919ab49fd4815476ff02ea6dd0fa2ffd0012f5708dc7385,CLEAR,DUSK,DRY,DISREGARDING OTHER TRAFFIC SIGNS,2.0,64.0,3.0,3.0
03a7075e049077225e90bf02ac5eb8fc2d7b94945a16336940957cc6bd8923726605373202286d23ab28b035b30317b1d0cfbd796f4ab860d2b6c3e002c434ea,CLEAR,DAYLIGHT,DRY,FOLLOWING TOO CLOSELY,2.0,48.0,3.0,3.0
03a70b67a7c55c4f908b817e9d120b8d9664f7213a973348102f4f7cd87180d2ec99ade713ce58ba7c898908be31e3657e7f3d04e477094c85360ba4c2e6bdbe,CLEAR,DAYLIGHT,DRY,DISREGARDING STOP SIGN,3.0,35.0,3.0,3.0
03a70d01b2ed44fab32024ed834a8324ff007c66d5078aac1711a7560228372e20193346e9eb9a1edc3137b786074e2187a3c67522f13e792731d99043693bf2,CLEAR,DUSK,DRY,IMPROPER BACKING,3.0,37.5,1.0,1.0
03a714e6f415c43e7be03b86cfb62857ef3d4f69a97af246810805dac57ab0fd3aa9cb49ba246ef808fb64693a5db9924ef84ef84d86fd15b182d775cb0b07f3,CLEAR,DAYLIGHT,DRY,FOLLOWING TOO CLOSELY,2.0,28.0,2.0,2.0
03a74be92013a43095a1404fa637917fa1777d139d4841fd57370d3ebb4c46f4d32ff2844c496ba4a36c335f89c2b264649ef97158bcea12d65a1a2148a4b161,UNKNOWN,DAYLIGHT,UNKNOWN,DRIVING SKILLS/KNOWLEDGE/EXPERIENCE,2.0,37.5,1.0,1.0
03a776e43549db38f6d4e251bf52acdffdd67b10f86e2afa558fff12556ee27eabef16ae23ca7f3b011582c8b5dfd0f2ab84af843709a2e9c301269bd333039d,CLEAR,DAYLIGHT,DRY,IMPROPER LANE USAGE,2.0,30.5,3.0,3.0
03a77c05238b589d53890b8e71289b3ca786ef9a60936f745a2cdd399105cb637f94e2091cbbf430c9afbdb1dfb31cef3ae04451863d15ca4eb5a7bf579d6574,CLEAR,DAYLIGHT,WET,FAILING TO YIELD RIGHT-OF-WAY,2.0,55.5,2.0,2.0
03a78aa0897653755b8e91f07f24721ae1df824f087176c6a28c563dc60351d9cf5a04ce47378ca457b2e217bbed7937ec23f3a3f6a7a1dfa7f6fd642775d41c,CLEAR,DAYLIGHT,DRY,FAILING TO YIELD RIGHT-OF-WAY,2.0,27.0,3.0,3.0
03a7c0ff6ac5ae1ae99172bbd6c8157b949c859c0ae0c8b003336fb66d307a47fb5f414ff60ddaa43fbd7eb0d1c46b510fa252982f1faec7865e65cba1f2a5a6,CLEAR,DAYLIGHT,DRY,FAILING TO YIELD RIGHT-OF-WAY,2.0,64.5,2.0,2.0
03a7d285044e9610357b0598df2042f20e7727b26fb3f5de8e138ac13a9de65cf453ebf2e0ee6ff782bb65d54aef28932d0a87576e527cdafa0604e08ede43bf,CLEAR,"DARKNESS, LIGHTED ROAD",DRY,DISREGARDING YIELD SIGN,1.0,37.5,1.0,1.0
03a7db27278829508457a8ac3721fd0fbd54c52f540c649b842d7a9aa6527075397c1b95a87e15ae1bec9b7178af8ef129a9eeef4efbfeb5b72bf3db440be64b,CLEAR,DAYLIGHT,DRY,IMPROPER TURNING/NO SIGNAL,2.0,35.666666666666664,3.0,3.0
03a7e6d3855a70cdab7ca3cc911e1bfdd501c0b12f9f14228336a7b564a5ba0f8dbc5d29dcd39c1d465100433a4003be31f970aff41495b50fc3a2207fcb9a6c,CLOUDY/OVERCAST,"DARKNESS, LIGHTED ROAD",DRY,DISTRACTION - FROM INSIDE VEHICLE,2.0,23.0,1.0,1.0
03a808fd33e3ef04969fdb06b36d276f3cece7c0da0b1475058405f039b0446de4f1dc81a57d93de56d1f8d64945f4b3a90f62039555a03ee78f8e1df3955cdd,CLEAR,"DARKNESS, LIGHTED ROAD",DRY,IMPROPER OVERTAKING/PASSING,2.0,31.5,2.0,2.0
03a810f110f2822f3530a6dac783511a0634d9776a46e656b7dfa7533de9049e559f0508825506b7f3dea97d009ba9bb03fc0637b13588376eb0a71317ad3f14,CLEAR,"DARKNESS, LIGHTED ROAD",DRY,UNDER THE INFLUENCE OF ALCOHOL/DRUGS (USE WHEN ARREST IS EFFECTED),1.0,21.0,1.0,1.0
03a836d601c534f8e643bd0d624304006f7d1ab45669f5d05fc92e08dc747bd1f71200706f647b032dff116c180242d5170facec31d2699fb14b822e91820fa8,CLEAR,DAYLIGHT,DRY,FAILING TO YIELD RIGHT-OF-WAY,1.0,43.5,2.0,2.0
03a8a711410ca765b0771f2e2e1358993158c0449d15a82bea0226513e9bc4b71c7f8ab039ae24105c5f2e34cc4185f6922289022ceec47be829f1f42e232454,CLEAR,"DARKNESS, LIGHTED ROAD",DRY,DISREGARDING STOP SIGN,2.0,25.0,2.0,2.0
03a8a8e3ee29fc4e198aff898f14ab4c9d9334995efd4c31371300ed50eeac747c796736e3724720aef7f5c21e38ce81042488e3f665ed51475a47217d7d8227,CLEAR,DAYLIGHT,DRY,FAILING TO REDUCE SPEED TO AVOID CRASH,2.0,39.0,1.0,1.0
03a8aaa6b450691ba3f26a55dc9f88bb2997eaf86e16f19f0ddab3b57ad85beb29608cc5a46b799b5e2fa2230a4594bfa000b7d6173cec01ad1df1a7c54f4c05,CLEAR,DAYLIGHT,DRY,"VISION OBSCURED (SIGNS, TREE LIMBS, BUILDINGS, ETC.)",1.0,51.0,1.0,1.0
03a8bcd1576266a0daeaf52138ec099bdfbf99890e1a127dbfe596cb50cb7fbdbf535010a5a6e94018e7758d615074eba54de8969a8bb197a95d64c12727d0da,CLEAR,DAYLIGHT,DRY,FAILING TO YIELD RIGHT-OF-WAY,2.0,37.5,2.0,2.0
03a8c2fbe49916ea262240dd651f245c632c8be7c22a764faad0a5e1061d733f7b85211b8089be9bb143bba945c0f752e499bae7c9d2300b36eed6c8abf9cd7e,CLEAR,DAYLIGHT,DRY,IMPROPER TURNING/NO SIGNAL,2.0,37.5,2.0,2.0
03a8fcafff2d2121544bffaa8c1ea38948577d6f6aad17cc16beea4f9ead9f9c7c4410dff0187a53a5ce5a882bb305fb41f35c37deefe9c01f3988a34147444f,CLEAR,DAYLIGHT,DRY,IMPROPER OVERTAKING/PASSING,2.0,53.5,2.0,2.0
03a91da265fa3c0e0d90f19168f5f2be41677624471db1737accd4db304b07b71107bb612b74346f1e97a0982d559b68c35d351fb8e77f0825030e3ce6b099ad,CLEAR,DAYLIGHT,DRY,FOLLOWING TOO CLOSELY,2.0,59.0,2.0,2.0
03a94694b5484f31b878cca25dbd6aa23326b3e455b7fd6cc0b1df77f195902c3f59cc1db852548892ba67dc2afd98de7536c363fe4fba5db3729d04e4d18e23,CLEAR,"DARKNESS, LIGHTED ROAD",DRY,DRIVING SKILLS/KNOWLEDGE/EXPERIENCE,2.0,22.0,1.0,1.0
03a965fd34b5025ffc219ed7c92f34f591631bb33dc0d0d437612c5d61ebd6d91c2a75b565d302e9aacbbed5b6877f8b4aaa39be5928b74c65022568688885a3,CLEAR,DAYLIGHT,DRY,FOLLOWING TOO CLOSELY,2.0,52.0,2.0,2.0
03a96f6e2fcfd57ac92c82a1c4760632ea9976502d490c1aeef290d0b36f593acbaf9864071a7e112dad733c01a97c20e8bca41feb3eb5562fb417697f2db923,RAIN,DAYLIGHT,DRY,FOLLOWING TOO CLOSELY,2.0,43.0,3.0,3.0
03a9c26cb52c47e7041a3bfed3d7f1a7234a7727b713b4efdf630b085b6f9b64dd960e672044c33fd57268341e324e075543a8b21524a0337c19116de7919d57,SNOW,DAYLIGHT,ICE,WEATHER,2.0,35.5,2.0,2.0
03a9db9be380a6b1beefc90790e493288c16b32023e73555667f385347fef839bbefeaf902f0c62d2ba64ed292c53755641a1a7c7711181fec662b1bb505ad4b,CLEAR,"DARKNESS, LIGHTED ROAD",DRY,DISREGARDING TRAFFIC SIGNALS,1.0,37.333333333333336,3.0,3.0
03aa1b0fe1548c880a92069e72ef7ef47e30d40318133bae1469a4b586c621af0041a1481f33debc9257931e0782a1769dccfa17cb856109e185a254f9ace39d,CLEAR,DAYLIGHT,UNKNOWN,IMPROPER TURNING/NO SIGNAL,2.0,30.0,2.0,2.0
03aa1caf810cdf033bd9e537c355813f990449895c041ec27a169bd4c1ffa809eb0de7f970823ce707a7e4e6d6c2470076b51758b79d6248758108b783cc4fb9,RAIN,"DARKNESS, LIGHTED ROAD",WET,FOLLOWING TOO CLOSELY,2.0,59.5,2.0,2.0
03aa38899bf85e267283f2043d5f570f9a3a3223eab4612fbd57ed05ebebf4da2fe0afedc6c0478ab1cd9f9c9bcc9b8948d72d8ac9d73a2c96cbb98b757fae94,CLEAR,DAYLIGHT,DRY,"VISION OBSCURED (SIGNS, TREE LIMBS, BUILDINGS, ETC.)",2.0,22.0,1.0,1.0
03aa3b5a7e514127c7db6b30acb3d6ea4a7a05d01791c6731b38096434a5f6fc9b6cf202559f624820c65d8dae002fbbf270a2ecf9a58e54a7610b2f6a671991,CLOUDY/OVERCAST,"DARKNESS, LIGHTED ROAD",WET,UNDER THE INFLUENCE OF ALCOHOL/DRUGS (USE WHEN ARREST IS EFFECTED),1.0,44.0,1.0,1.0
03aa89b57324c4e8bacb92667793962a26fd2a9d5d5cd0a091a0d412caad3d542eb248a145b5262453dd708761399d1cf109cea13786b06beedf5781cce5a64b,CLEAR,DAYLIGHT,DRY,FAILING TO YIELD RIGHT-OF-WAY,2.0,45.0,4.0,4.0
03aaaa73518866f9f691a37420fad93254f46fd1f402b0aebba5192f53870afdc82b3eeba50aa3eb4a84661ece9b55867fb8a0bc8fcde1022711f3fbbd3b45b1,CLEAR,"DARKNESS, LIGHTED ROAD",DRY,PHYSICAL CONDITION OF DRIVER,2.0,33.0,3.0,3.0
03ab0b666d420391da78af53003ff32b0f8a492a81e9bcdfdf268b2dbc36c06a156cb7e13276ffe42793121c5321003b86f5080a58e52f38c71d249c4fdeb610,RAIN,DAWN,WET,WEATHER,3.0,51.0,3.0,3.0
03ab3fc60bf3759d45e03fbd62c5f3ff6c70e7dd817745c0f8c41bbae1ec48ac7068f5c9ea925f837e0c4b605cc5f9168636d95d6472d6e6377aa307b26a2d43,RAIN,DAYLIGHT,WET,FAILING TO YIELD RIGHT-OF-WAY,2.0,43.0,2.0,2.0
03ab61f457f5d1bcd33fdf55ffb832fbcbdbd6bd503853801751cac79f181cddf7e5626ea15acfb80c26bfafc36a315efc372465549a18a57811f19338bfdad5,CLEAR,DAYLIGHT,DRY,FOLLOWING TOO CLOSELY,2.0,21.0,2.0,2.0
03ab7950ed4d3218b087fb66b9db38ed3d41a14de73e6ad8d5953c2f67589b607774899e371aff6f97a6914c7a50a945d3c7bd17795a9cb4ed3cb8e5067024fe,CLEAR,DAYLIGHT,DRY,FOLLOWING TOO CLOSELY,2.0,37.5,1.0,1.0
03ab9e1073418bb5674d2449529e2f7ab3e19b2c3a90ccd5777b9a08aa05c829d23b7fbffa9a79d4b2bed7a7da305b3e4705f8e7d96b5e39db9d383d6ff7b5cb,CLEAR,DAYLIGHT,DRY,FAILING TO YIELD RIGHT-OF-WAY,2.0,38.0,2.0,2.0
03abaac2f46f2b2670a04d429eb99635707f338d5b6dc2d04cf7323d6b945f336d791f088c9fcea2ae38866338b2f54e499d2cc194802cd5b8b5747e4dc17ecc,CLEAR,DAYLIGHT,DRY,DRIVING SKILLS/KNOWLEDGE/EXPERIENCE,2.0,24.0,1.0,1.0
03ababd3df27720b48c67cdf9bde1c7a365d6785b558cbd218303d7b646ddaecc10e1cbcc2bfa272c62679b97024ac9dbb56318e4643505c3633d1ad75ff524b,RAIN,DAYLIGHT,WET,FAILING TO REDUCE SPEED TO AVOID CRASH,2.0,46.5,6.0,6.0
03abdc45b1f3b455fb550ff689eb2ca5ffc4ca7f227b5f1713f7879e972e60d6bb2a57175b900582efd56590998f92a36aed8943434c6c556b0f525145fac92e,UNKNOWN,DAYLIGHT,UNKNOWN,IMPROPER LANE USAGE,2.0,37.5,1.0,1.0
03abdd5cb14fee1fd5a73c5f22f65d8908a64390368d63468131079ab1e4917eadbf0aa1ba68ae8558937f47d757e6bbd7e5b53eefdc8264a100be1a1c2f4fe4,CLEAR,DAYLIGHT,DRY,FOLLOWING TOO CLOSELY,2.0,34.0,2.0,2.0
03abdde1f3bb36a1da46355bf66d5690fc3285e5d38fb598e4986c3d5d2a6a2b52ec484b15aaddb8a016a426b039608cb2d34835e9718aa4cfcbf0dbe4a83496,CLEAR,DAYLIGHT,DRY,FAILING TO REDUCE SPEED TO AVOID CRASH,2.0,42.5,2.0,2.0
03abe4fda707b4da71c703b2ae737aa3dee0993d7b030fc353d805297be5f361e90dd8330e2c1fa8c186eaaa6d76ee5b6f6960dab508f5174982ad4a9ebd97c3,CLEAR,DAWN,DRY,FAILING TO REDUCE SPEED TO AVOID CRASH,2.0,28.5,2.0,2.0
03abf260926fff9843dd2cb85d1559f63d4649522e9729337b74de954b9356e3fedf84a2d5293ff1d6199bf4400edac8438e07f15afb34f127781f7f910de994,CLEAR,DAYLIGHT,DRY,DRIVING SKILLS/KNOWLEDGE/EXPERIENCE,3.0,26.333333333333332,3.0,3.0
03abf3c0c09db257a23fb39d894c0238bf98793772ceda5ef8fe328e053d74977663413e044f9795f3c10e8af90f3876ace83a7b8e7a957ec47c81b26e8a2693,CLEAR,DAYLIGHT,DRY,IMPROPER LANE USAGE,2.0,48.0,2.0,2.0
03abfa446f2f9714b7cfa93989c71352ee9fd07287da09954314b453417a672f6468a46ca8a8f42b073a32bc94e37ca995804cc5b571f05d777bbdb687ecb321,CLEAR,DAYLIGHT,DRY,IMPROPER LANE USAGE,2.0,40.0,2.0,2.0