crash_record_id,weather_condition,lighting_condition,roadway_surface_cond,prim_contributory_cause,total_vehicles,avg_driver_age,total_people,total_injured
03ac15d46ddb79527e406fbda877f0e90df750476d23260547b14d7ea5d3c227c193194d72c4dfd86a907255a624529e7c590a8ce052b0782fb78bae2dcf3161,CLEAR,DAWN,DRY,FAILING TO REDUCE SPEED TO AVOID CRASH,2.0,57.0,3.0,3.0
03ac17128af7771950b034f47a127fa2ea2aa0d3c0181fc608117b4053b7d2eb2054c9c9c7258f91ea97fb48bd5620df87c196ecc20520fbbf3d22ac2d78141a,CLEAR,"DARKNESS, LIGHTED ROAD",ICE,IMPROPER BACKING,2.0,37.5,1.0,1.0
03ac27167494e7c67756964b38bd2102d317b3123645f0742957113ebcc204eae6677c2782d359bb513deeddfdf130b66f430d52ef8eed34ad4ee2a2592d588f,CLEAR,"DARKNESS, LIGHTED ROAD",DRY,IMPROPER TURNING/NO SIGNAL,1.0,28.0,2.0,2.0
03ac51e4991d7b466fd05f3e2564c1ac1e98ecd13c47008d85c993c67905b0bf028902d83e5d226b45a3605d9af3d3aa5637bb9662d526da42b4b0832fc02dcf,CLEAR,DAYLIGHT,DRY,FOLLOWING TOO CLOSELY,2.0,42.0,2.0,2.0
03ac7de29c37713bc52855443d5bfc2c5793dac37f3773386caf95929967f99f2a99929b3dbab800375d45680779b9dffd18c7710a5598ba604ab07f4a7873b0,CLEAR,DAYLIGHT,DRY,FAILING TO REDUCE SPEED TO AVOID CRASH,2.0,41.5,2.0,2.0
03ac97ec2abc067872a35b7fdfc814b45ef2d1d54c6168eaff0197d1db56ae410efd14905ad1e94f43c3b27a61b214612287109785147069bc6cc7123c4a4a13,CLEAR,DAYLIGHT,DRY,IMPROPER BACKING,2.0,42.0,2.0,2.0
03aca118da382e5afc625d8290e0018b8a8d6b010457fcf64e7aea9976333e3efd30e207bc4b47e566ac3cb2bcd05c5a00c6e6a0e8d174f471feeeca0dab3cdd,SNOW,"DARKNESS, LIGHTED ROAD",SNOW OR SLUSH,FOLLOWING TOO CLOSELY,2.0,40.0,2.0,2.0
03acbb3b3b6fb6879d4e1fb1f0e5f5fa31905496b50cb6ec4aa4c6c22906c2372914e65dd30dbcd9c8a0c1a25e0c217f3e776a37c76c7e69643ccc4442c86a90,CLEAR,"DARKNESS, LIGHTED ROAD",DRY,IMPROPER OVERTAKING/PASSING,2.0,40.0,3.0,3.0
03acc75771acf52a6c47ec973ce508a7ee18533cf0381eac45d5729bac3298224e8f5f28f35905026ae76c6f352345afa76e3efbfe2f63069202d08c36e55713,RAIN,DUSK,WET,FAILING TO YIELD RIGHT-OF-WAY,2.0,47.5,2.0,2.0
03acd246683b72778f5acedee6e6b14b3f46eb00a5b107a40c67264cf024597fe948c3a3ef704cfb22f58fdd5adb58e69b28f43cbbdc96c83d246520ef2eba29,CLEAR,DAYLIGHT,DRY,IMPROPER OVERTAKING/PASSING,2.0,26.5,2.0,2.0
03ace4865f2b8178e2832a5e06b61cc43e7872de61fca96109f280693f52ce30b22429905a121dd7f72a51c85f5f6f81b3b8ecd19ff94c74f82e80bd15fda08e,RAIN,DAWN,WET,FAILING TO REDUCE SPEED TO AVOID CRASH,1.0,33.0,2.0,2.0
03aceabb4136c969d0f6f18a0997c630cd298208343096de95c122d60ce51c344115188b841a4a1d36a97504f624c2d55acaf546d1ed63cd285a637cbb135b39,CLEAR,DAYLIGHT,DRY,DISTRACTION - FROM INSIDE VEHICLE,3.0,33.0,3.0,3.0
03acee687c6eddbdd5caef041e85dd61f356d2b2c6b391dbe7024e29503dbed48d324ad65870d508512c42220b436adca778daa794ffe673820436c4352c2359,SNOW,DAYLIGHT,SNOW OR SLUSH,IMPROPER OVERTAKING/PASSING,2.0,27.0,1.0,1.0
03acf232b27f603d8bfaaf1462c1fbe67cb9fa8e7524bda984c2215bbad05fe443e28f9dd312f9d43e697d1db0aac37e57ccda916e4cc55a3d8bac9c48baad94,CLEAR,DAYLIGHT,DRY,FAILING TO YIELD RIGHT-OF-WAY,2.0,24.0,4.0,4.0
03acfebdfccae8251f0fba06c700f068e4f174b2e77486ecc25fa911d51c844607a84ddb71ed264bef793681e724726698ac5d1e2dea37c6f7b1d17dc5e627a8,CLEAR,DAYLIGHT,DRY,DRIVING SKILLS/KNOWLEDGE/EXPERIENCE,2.0,37.5,1.0,1.0
03ad4534eff6ae158a753835f0a3fd8e53781e45fd564c5f8d6a229ef2cde6ef697c9684edc214337088de5121a978551b07f964b7eeda73d2fec4198bbc7662,CLOUDY/OVERCAST,"DARKNESS, LIGHTED ROAD",DRY,IMPROPER TURNING/NO SIGNAL,2.0,56.0,4.0,4.0
03ad4be39bf3a0f22c6e893cfe7b4793c55b3144744819ae747d29487218a1b33754e2e91c850026a664e094ea6c6495d6640031c4145fc10c9eb88c1be2ce47,CLEAR,DAYLIGHT,DRY,IMPROPER OVERTAKING/PASSING,2.0,34.0,2.0,2.0
03ad4df68c27257ebacd26e0b322fdcf4e37cd523a8d8708ffd38c3088a08237ae789532b07edbc590e512652495cd4aa2e08605a57925140b587e98425f7912,CLEAR,DAYLIGHT,DRY,FOLLOWING TOO CLOSELY,2.0,30.75,4.0,4.0
03ad4fe5d92318a80f2230cfe5e414d0d334449c2e5c5cbfd0139b63a17047c8579fb62b007c52954b008f5d07d2689531c9db7f961bb858b77880db7d9b6a74,CLEAR,"DARKNESS, LIGHTED ROAD",DRY,IMPROPER LANE USAGE,2.0,50.0,2.0,2.0
03ad52f5760a96a0ac91c8767247ab6d4b6447ccc772a2b2238658a28c8bb8860c89ddb9e3fe3e20c01c4452bd2c1d5d0de15c52d2067e6e6aa5926ac31fe41d,CLEAR,DARKNESS,DRY,FAILING TO REDUCE SPEED TO AVOID CRASH,2.0,22.0,5.0,5.0
03ad7fe3c3c93d360ce187d04a0a71c3a2b455260fb489edd6c574674fd484f72b8d731a5ee326dabaf06dd3fe4955d0fbf154f085b4ea566e326249f9bbae4b,CLEAR,"DARKNESS, LIGHTED ROAD",DRY,IMPROPER LANE USAGE,2.0,33.0,5.0,5.0
03ad99b37ec1d0e4ce79352f2bbf5c3146773fd7e156e82a6a975dc9471779ff36ac81a630d3fdf2951f102e04002e884169508f4dfa7fdfad438af44f673835,CLEAR,DAYLIGHT,DRY,FOLLOWING TOO CLOSELY,2.0,37.5,2.0,2.0
03ad9d49866bab990598ce283319ffa3cfd756bf0c34d0884406e31b929eb283f7b80f003fa511dc1c8d4a961ddf654d517aaa5759904ab88d44c31d360bbd1c,CLEAR,"DARKNESS, LIGHTED ROAD",DRY,IMPROPER OVERTAKING/PASSING,2.0,71.0,1.0,1.0
03ada1daa997914d033d0209ba8faf56b904e284e5ee9834f04b0919ced30969e7c8d0103cf35214abefd487362fd7f84c56c2de9db7b8b16ee836566ce22716,CLEAR,DAYLIGHT,DRY,IMPROPER LANE USAGE,2.0,26.333333333333332,4.0,4.0
03adc21d38c4e6810f66d56b5662526763a02b9e3ac73ef2f18f7713abf87dde40bbf6d03ee9d5875b3c3807a3864fd6248e2bf0dfd7a2aa036d3c6e99eaddad,CLEAR,DAYLIGHT,UNKNOWN,DRIVING SKILLS/KNOWLEDGE/EXPERIENCE,2.0,29.0,2.0,2.0
03adc3d1f949b17467e4c04e7e3e8152bb82158b650eb942dba04446a940786f2cb21b88508264993d2ff84b8d855de21352c40a380308e545cd4379e37ebd55,UNKNOWN,DAYLIGHT,UNKNOWN,IMPROPER OVERTAKING/PASSING,2.0,37.5,2.0,2.0
03ade6e8cb3d1bb8eecff5c59f9246adee4948ffb40e40ac2d69b62559f0963d34160ac1f42b9ffe27bbdebd6a6f4bcff522dc3efcdee18f59b4bd8c7ff6ac6d,CLEAR,DAYLIGHT,DRY,IMPROPER TURNING/NO SIGNAL,2.0,25.333333333333332,3.0,3.0
03adef129e75a59f0cbab9e7b5704948a20749f2cb306e145c1370a29cc7e1b5759055a77f068bd549af21805be8f73ad574dd99a9963f34cf78e2ea8abf73e6,RAIN,"DARKNESS, LIGHTED ROAD",WET,IMPROPER OVERTAKING/PASSING,2.0,24.0,2.0,2.0
03ae25c298e342d06a2891e22e9f1df1908df3aa0c3d75ec6c05837be4492fdcb169cbb07033d43df61d2799c21e799e32b90d5dce0fbd64f541780c45592c53,CLEAR,"DARKNESS, LIGHTED ROAD",WET,PHYSICAL CONDITION OF DRIVER,2.0,50.888888888888886,9.0,9.0
03aeebabea6c7b590d51df550deafa9f8a8c7d8c7a59030037ae1debad166416b0d5b35c219a73d2df617043ce7c5e065ab2fd18cd822a82b518e081f73c8594,CLEAR,"DARKNESS, LIGHTED ROAD",DRY,IMPROPER TURNING/NO SIGNAL,2.0,75.0,2.0,2.0
03af0dc208be87d874ad5dabdce5699c9d66a6ee0bf02301a85b11b125ce5786754daf2e8913405e9b2eff183a9ab428c185f47afcc94c84e0f865d4502a21e9,CLEAR,DAYLIGHT,WET,DRIVING SKILLS/KNOWLEDGE/EXPERIENCE,2.0,37.5,1.0,1.0
03af23e99d8aee49e13c48a5a49cb8d5d919511e0444d05128ecbb1cb98a3be652242231e39335bbc92448a029817cf4293cc0f07b2551d7b88415f9244308df,CLEAR,DAYLIGHT,DRY,IMPROPER OVERTAKING/PASSING,2.0,19.0,2.0,2.0
03af522d7f7148a63ffa222c0d1d230298da4d46e0f4547fcfdc45b77b3fb3ee8c2553530309492ec045538e7b2ad362117560e21c3e0be882278bf4d939c590,SNOW,DAYLIGHT,SNOW OR SLUSH,FAILING TO REDUCE SPEED TO AVOID CRASH,2.0,33.0,2.0,2.0
03af5715076212383195fb1f1f381a35ac7ddabb869d96e919cd1a7c1683ee65b0192a5c6b02d767ae04fbe4f0f70c77f4fe85dfce5ae84043c53cf661bc4882,CLEAR,DAYLIGHT,DRY,DRIVING SKILLS/KNOWLEDGE/EXPERIENCE,2.0,27.333333333333332,6.0,6.0
03af8a3e3168f6f483305a5eb94d8289087e68a6b1857df02416d05c251663e7fc03be63a244734ba9b1cdc106d9c47d2c43899ec0f3e16759fd2aeb3942c0fa,CLOUDY/OVERCAST,DAYLIGHT,WET,FAILING TO REDUCE SPEED TO AVOID CRASH,2.0,47.5,2.0,2.0
03afa6ab6ea1f79e81fe68a8e167092f514908d9f3bb4fade3d3c86ea1f6041ef532843e7919ea77b0afa00205c46314ea4bebce999d2f070256d94c14959361,CLEAR,"DARKNESS, LIGHTED ROAD",DRY,FAILING TO REDUCE SPEED TO AVOID CRASH,2.0,58.5,2.0,2.0
03afd2b0c5e9f2753ff028c58d42c69700293af4078076b42cefaeb88b5a79cf3f566060ccd46c0354a5882815fec8f02711abf8023452ae728e05e10801cd4a,RAIN,"DARKNESS, LIGHTED ROAD",WET,DISREGARDING STOP SIGN,1.0,20.0,1.0,1.0
03afd930e2ce17101f30a9b6ed5b20957c334ce3c1c7ad31fd380e4462b8cae87731cbc8faa52ce8fa4b22150a7be4c11e5c3d0c39c2d39c605615e671c2a8bc,RAIN,DAYLIGHT,WET,FOLLOWING TOO CLOSELY,2.0,28.5,2.0,2.0
03b002067d58b0705f4ccfd866686835a39895f07c586330b3da1d08af61395c8ddf5ba2cc0f8c556f134eadd8c0a8973aa084b184e1187e1b056ff291d71eee,CLEAR,DAYLIGHT,DRY,IMPROPER TURNING/NO SIGNAL,2.0,47.0,2.0,2.0
03b03a54b57f4a314d051e0fb5f5c4940e2356f8054cc9f02fa1d18ac33a757a60f3ea76ac1df586494d5087499e5502e49f395e53ce9881cdbc520a6ab3f74f,CLEAR,DAYLIGHT,DRY,IMPROPER TURNING/NO SIGNAL,2.0,29.5,2.0,2.0
03b064593e532e34327282a30ab7b082c6848653cb78d2aa8973cc14397d1eb4bf19c6d3c8e403f7fc276be47fbf319993167b4f86c91578075dcfc72d23b104,CLEAR,DAYLIGHT,DRY,DISREGARDING TRAFFIC SIGNALS,2.0,30.0,3.0,3.0
03b0653fa6105d2368ee77897c93c407756865ed2ca4cd5bc37685c649c6dec613872a6cf40f190586946d76c5123811ed4336b72fee08e29ca8bb0dcb39f73d,RAIN,"DARKNESS, LIGHTED ROAD",WET,UNDER THE INFLUENCE OF ALCOHOL/DRUGS (USE WHEN ARREST IS EFFECTED),1.0,24.0,3.0,3.0
03b0692e61a876c0a185729b7a25ef178684edd5b32a70c86ecf2d94d3a3cb44ff99b3e0bc037fdf464546f373ed35d0a091dcc5860bca3a1bd0fe5cc535869a,CLEAR,DAYLIGHT,UNKNOWN,FOLLOWING TOO CLOSELY,2.0,21.666666666666668,3.0,3.0
03b06ff0e57f1d38bd05745e11a05f51ab7f4fe3ff5e7e59b16ee42134e30a6bb335181de95ea89b0eacb1adb34d2744b3ae1023a7c8a50bcac7956f77cd03de,CLEAR,DAYLIGHT,DRY,TURNING RIGHT ON RED,1.0,37.5,2.0,2.0
03b08eff583780d200492c77f21bd053fd709dc636de047abde5d4de1c4485992b933ad3b7d9948cbbb8578db138a0756e78a98d23cda0996ca35cf14e5509bc,CLEAR,DAYLIGHT,DRY,FOLLOWING TOO CLOSELY,2.0,35.5,2.0,2.0
03b098605faf298eefba035f06e12a6e0d76febba9efc85f218fdd2605d6c2c534e814741496ca3df5ec42b48472921ba4047560608d825f13de878e2f490cee,CLOUDY/OVERCAST,DAYLIGHT,DRY,IMPROPER OVERTAKING/PASSING,2.0,39.0,5.0,5.0
03b0b142e18b62fddfcebe38cad928fafe94e9bed3fe38e0edd6224582e4147ffd6a9412965fc310302e3beef8a32a20a92a8013f6901d7f7885fd08301fb60d,CLEAR,DUSK,DRY,FOLLOWING TOO CLOSELY,2.0,38.5,2.0,2.0
03b0f9962fdb5ce0d61532c419c52a8be961c32adf3a573425d08f12aa9390ee7aa1bd516b2bc3cbead61e6a45b05605f64f863ee39346137e2aa2ce4f343c88,CLEAR,DAYLIGHT,DRY,FAILING TO YIELD RIGHT-OF-WAY,2.0,26.5,2.0,2.0
03b11889efd6d833a0b902837f300f085bed8fbff810ef69b20644edf5ddca5e58dc96e9294e472cf8c8a5b370dae0244ce3c24aa37fbceae59727039180f834,CLEAR,DAYLIGHT,WET,ROAD ENGINEERING/SURFACE/MARKING DEFECTS,2.0,60.666666666666664,3.0,3.0
03b126075f9b61cb055f943aa88bdfd55f4f4c057f4fde0cca71ed08bfb9873ed404a63ad5c5511ea8e29e48c453aabb2b6085731b020fe5969f258eb28f7cf8,CLEAR,DAYLIGHT,DRY,IMPROPER LANE USAGE,3.0,35.5,3.0,3.0
03b19b2de17766d37e5fe29267c5cd706451da2fb358ce63340ff07244fd654d1c34e11b97541826ba7f05336029cfe56af06ada79701202fb10b843902ad583,CLEAR,DAYLIGHT,UNKNOWN,IMPROPER TURNING/NO SIGNAL,2.0,43.333333333333336,3.0,3.0
03b19e6c6bdb8ab6bd187e72678d7c72fa7bf4dca250b6e3d083d09d63fd9a75049194c755d97038bc5948e2b1964eab19c65d8b49e6f2b361d7fabdf0ba2f06,CLEAR,DAYLIGHT,DRY,FAILING TO REDUCE SPEED TO AVOID CRASH,2.0,49.5,2.0,2.0
03b1b30a119460a93ab99fef4cd2e93918d8a6f8fb3a22e14a96d7c636ebfcd38d9e81bcddbb073795d823e78e1cbba443595d65697df08d478bf6af3e994a08,CLEAR,DAWN,DRY,FAILING TO YIELD RIGHT-OF-WAY,2.0,50.0,2.0,2.0
03b1b3737a2a8d3588a83655656d55777a67024b9adc49edcb56871970817ded21d8f30ee09cee94f9bc1189f50ecc8b912cd40989bcc46999f61ee37608e4e0,UNKNOWN,"DARKNESS, LIGHTED ROAD",UNKNOWN,DRIVING SKILLS/KNOWLEDGE/EXPERIENCE,2.0,37.5,1.0,1.0
03b1b48f05d9a6b865db0b7ab2e3da8ffc0e28a55c06866e2fa73df59bf9fbbd094417fdd9f342ae6d50e79f70d0c23cf4d66a8ddb659fd670eea60296b9a62a,CLEAR,DARKNESS,DRY,IMPROPER OVERTAKING/PASSING,2.0,56.0,2.0,2.0
03b1b4df87e3f8b15a7c96fbdfa4e6a7e86f7aad1c7c7662a57a68c8e67db33fa941550fba1df4e1440424a01861518746df55dbccd2d0dee3017d4ba6b045ee,CLEAR,DAYLIGHT,DRY,IMPROPER BACKING,2.0,36.0,2.0,2.0
03b1e76e83327dc94c652c56d947b6ef6cd1dc26dd064c043cb02f49b516f8cb3897acb415792efcd182d901b97b724d9c3b35aff9a0d3ebb11ea83232d5f2b2,CLEAR,DUSK,DRY,FAILING TO REDUCE SPEED TO AVOID CRASH,2.0,32.666666666666664,4.0,4.0
03b1e7ea630cc948c60a412524467befeceed44037a8e4338cc8f998f16fd8c4e9b843e0060c2c4c9153fca0ca95ccc315430aa12f2b797a675bda92381cb980,CLEAR,DAYLIGHT,DRY,IMPROPER LANE USAGE,2.0,40.0,2.0,2.0
03b2274abb20e6676be6500e59052dd0371d250cf2955ce6abc9a2ada7e7614f3f56efe0cc4062a85f695e52f35388fbd9a0a3068bbe7f9b0f213d033d85dcac,CLEAR,DAYLIGHT,DRY,IMPROPER OVERTAKING/PASSING,2.0,68.0,1.0,1.0
03b22af129b26f26230d7fb440c89620169f236c9a6ef3d792ca2d84ba140e0f5abc04d6868c3c5ecb52dd781ecdbbfdb773f85561cae4e72e5942e7c5a1a09d,CLEAR,DAYLIGHT,DRY,IMPROPER OVERTAKING/PASSING,2.0,41.0,3.0,3.0
03b237201a9f580cb84b3e8a44b762f8d873d53973b1261a24e2b0e26fcbd3441e17e259215c8a0c93bbd5d745bdbd8ea4f83f284c4dc8197b05d098d29dfbae,CLEAR,DAYLIGHT,DRY,FOLLOWING TOO CLOSELY,2.0,41.5,2.0,2.0
03b27170d6a55d0276df3503e00f773ad2ecfbfafbc8cb3e1e7e925dfaedac0cd103d2268f00def12f5ef84038695cb97f7c1572b5bd6e58bfc43b639c9ce04e,CLOUDY/OVERCAST,"DARKNESS, LIGHTED ROAD",DRY,IMPROPER LANE USAGE,3.0,30.0,2.0,2.0
03b2865cbbcbd32cf7b3dfcbbf3f4fc6cffe39b7c4b507c4a482b5b612174f6e0415630d15a0ba4a41252575446da29e8ba9947203857095ac8ace53dd8c6277,CLEAR,DAYLIGHT,DRY,FAILING TO YIELD RIGHT-OF-WAY,2.0,25.333333333333332,3.0,3.0
03b2a17f4b541eee1e5fba9f0b37232963e0d65db31b9685c81867b7856d629259509a4ae55f330a58d368b006ffdff2dff1d7cc5f55854ec4ede4f579ea9c55,CLEAR,DAYLIGHT,DRY,FAILING TO YIELD RIGHT-OF-WAY,2.0,48.5,2.0,2.0
03b2d5dc315958866b767c9ae7db0a875b0c0c742af46fd3388ead223a0d408c2a63c3b262b9574c8a50a0eec858dd8c565cdd0fe57d56ddbdbcca77a9736a5e,CLEAR,DAYLIGHT,DRY,IMPROPER OVERTAKING/PASSING,2.0,27.0,3.0,3.0
03b2d9069dbf5456b11908c13d26e17a665c9d9e7cb4f4b9c5b31dd88ac09efc8aa40712ff9045e6de50734de41ecf30c901615f68c6099a08b477b42b4f43a6,CLEAR,DAYLIGHT,WET,FAILING TO YIELD RIGHT-OF-WAY,3.0,31.666666666666668,3.0,3.0
03b2d9ff87b81d0aaf42fab8cd4b4c766922015fb14b9b1267f695a8daf649a8243a570cdfbfc86ddb6e3cbe43b18afce3c8e79b28ec301902415661fd6532ee,UNKNOWN,"DARKNESS, LIGHTED ROAD",UNKNOWN,DISTRACTION - FROM INSIDE VEHICLE,2.0,78.0,2.0,2.0
03b2e50a955282d83e5abd4d71ffcfad1f3db43d4d0004f39cc515fe31ccd9e8cd5163a6346321dc5e025ec6c6344cf3ef85da800a7b610e4c4307d139e96384,CLEAR,DAYLIGHT,DRY,IMPROPER OVERTAKING/PASSING,2.0,47.5,2.0,2.0
03b308c2d10264f0a339ad5ab3309ac1e709b9e6a5f54400b5a598d1895cd2ebb7aa0794bfe42a937894eb1458a17dbb95ca5adb17b4a9b04038da0441625deb,CLEAR,DAYLIGHT,DRY,IMPROPER BACKING,2.0,57.5,2.0,2.0
03b320a405939c1d7bc80d066e0059ea2d813a3310a73cd8b48fdefdb0aaad45921b5649350c35e5be485f415874b92d58b4e7a90fa0e44ffa6dd2c5a3438cf4,CLEAR,DAYLIGHT,DRY,FAILING TO YIELD RIGHT-OF-WAY,2.0,28.666666666666668,3.0,3.0
03b322c645d67bb08e6fee2589c093e1198e6cbe4ea04f5e516049ad611da3574f6bc0a1f273d2ab656fd2abd59f9c1287d06dbe26e3c0ca7f77379a7cedf2e3,CLEAR,"DARKNESS, LIGHTED ROAD",DRY,TURNING RIGHT ON RED,2.0,41.0,4.0,4.0
03b3505b664c0b04eb33ccb64022d772a2dd3b769160cd2c483b450a538cbeab090160c97e5d1f6133554339af1851fd5726ff40109e153e314084902e531ab2,SNOW,"DARKNESS, LIGHTED ROAD",WET,FAILING TO YIELD RIGHT-OF-WAY,1.0,47.5,2.0,2.0
03b360df7878695998d1c3c564920223970ed9742468333d15c8977d895f918790437c95c45c46358eb3cab9bb7c0a18dcac4994a404855ff55f116c6e3372e4,CLEAR,DAYLIGHT,DRY,IMPROPER OVERTAKING/PASSING,2.0,25.0,2.0,2.0
03b399ba9d0bf82e1a3f757d57f619ad76e198b4339e5c856255a7e74686e88729a221adff5dee205d8b7102673b50134b7b65bb5cd3935734bfabf7282786a4,CLEAR,"DARKNESS, LIGHTED ROAD",DRY,FAILING TO REDUCE SPEED TO AVOID CRASH,3.0,24.0,3.0,3.0
03b3a0f869ab22181485278b4d7dc482c3cfdfa00ac55135dec5eca4e9379338ca9b289b0099a9b5d2c77066e36830be5c1c8e230b5ed184a3634db0041f1306,RAIN,"DARKNESS, LIGHTED ROAD",WET,FAILING TO YIELD RIGHT-OF-WAY,2.0,26.333333333333332,3.0,3.0
03b3cc1448da0d296b8fc3683be731f3877feb4b2b190de95cb790b3774d6691e3f9a6d0a452569362c8ca180d09a4babf436f4ad7508b93444e1c581b22306e,CLEAR,DAYLIGHT,DRY,FOLLOWING TOO CLOSELY,2.0,35.5,2.0,2.0
03b3dea48e6df54dc0d98f88bd4f9bd10c1ec0cf1e3ec67316411b513ebbc061224c52d5bb696cb4558b8a2df3bc892b7c672c8e7098e4c5217d46b65d6f9063,RAIN,DAWN,DRY,DRIVING SKILLS/KNOWLEDGE/EXPERIENCE,1.0,37.0,1.0,1.0
03b407240149e814ee4adc22dde1e98b66f3396ccad417993f0f22e3b0d8688eec010c8e041503805550263b7a020b7ca7a6835c8a183dbbcd89d3beec8dd60d,CLEAR,DAYLIGHT,DRY,FAILING TO YIELD RIGHT-OF-WAY,1.0,31.5,2.0,2.0
03b450ec3d6c594e4b38742960d9e82fd0d54ceec2d355aaa1965ab21a247be284a60b7fd7ad9cdc98ef47b7aeaaeb70114efa1e6fbe715bae2ba77709b5d6df,CLEAR,DAYLIGHT,DRY,IMPROPER OVERTAKING/PASSING,2.0,35.0,2.0,2.0
03b458087f3f202fd810ab62d26bc4441de92e4c803b4a25872a690a450ebc5b720ff75e42dd54c472838e467e3505031c24b546f318965f7ed100a59ec6d4f2,CLEAR,DUSK,DRY,FAILING TO YIELD RIGHT-OF-WAY,3.0,39.333333333333336,3.0,3.0
03b45ee594c95148cbaf9bd50ce0855de5328a4053cce0ef8dc10e010ee1a6edca68a086f1ffa55cd9a51d4d0ca0d0be52d722e8e2f376200497c029f64abf78,CLEAR,DAYLIGHT,DRY,IMPROPER OVERTAKING/PASSING,2.0,38.0,2.0,2.0
03b49d5d9d1b86ae36a00718616e7adda796dee42b201e8abe927d1202643a53fc16af34d994e7905ee1ab6a04cafcf2dbe2a058a6d48c7f7cb7f60dfacc9137,CLEAR,"DARKNESS, LIGHTED ROAD",DRY,IMPROPER BACKING,2.0,37.5,3.0,3.0
03b4c70575b336ac03535c021630d4540f9c767b7f007b460fd06fd138481b7d6fbba87ce70051aeb695913924e38fa9e302386b1c6e7e9ad306bebfad30ecad,CLEAR,DAWN,DRY,IMPROPER BACKING,2.0,37.5,1.0,1.0
03b509ac17d2d07ff92c8622b259d97a14b23df9a4070e44adf6d7c18ea939d550361565dc643769681aef4601863c8273ffd8745503831026c4716e38028e04,CLOUDY/OVERCAST,UNKNOWN,UNKNOWN,FOLLOWING TOO CLOSELY,2.0,36.5,4.0,4.0
03b5261857edbcf7414c2b4d84d85dc2c24c5e76b3ac6db90b907ee1005e5cce5b1e70c3268db0101d83ca12518766a7fc34c1827ebe375d8f4de84fe3c11536,CLEAR,DUSK,DRY,FOLLOWING TOO CLOSELY,2.0,31.0,2.0,2.0
03b52af9d8f7bdf949aa4f6678d4de98afef97f2ed0200ab5c653d1e885c32f4115e68c3e08cade84156481e4f8d727d3adf76d42c326c67857c78f893f22e3f,CLEAR,"DARKNESS, LIGHTED ROAD",UNKNOWN,FAILING TO REDUCE SPEED TO AVOID CRASH,2.0,28.0,2.0,2.0
03b57ab498de690115135ce7f64d145948b05f160f237628a8399715e175921eec1d789b3283f9f8b35150ff95808d94e3f45ad8270aad57574f1e39f70e77e7,CLEAR,"DARKNESS, LIGHTED ROAD",DRY,FOLLOWING TOO CLOSELY,2.0,33.0,2.0,2.0
03b5d3fd2fbb2442dcb99edb8981ce9cd3ba82ee00a68d1c2f406b53c44118284d84847230fa17dbd5861b788e9713dc8888101bb5c2061e3e00b6655300b87f,CLEAR,DAYLIGHT,DRY,FAILING TO YIELD RIGHT-OF-WAY,2.0,57.5,2.0,2.0
03b61ea108529fc0421fedf61fe6a4d3044a5e3a40bff4830f4ad965b9f244873780e7df42d69f1c314aae5298f6c12931fb0eeab068632be844d11d5e278a4d,CLEAR,DAYLIGHT,DRY,DRIVING SKILLS/KNOWLEDGE/EXPERIENCE,2.0,37.5,1.0,1.0
03b6433c000748512f6b91162c2a36e6e4845a9f0d880c0bd3fcd237ca2358b5679ae729298f9da4bb3a03b8f2212f505eeb8f555c2f03929184eaeb1424821e,CLEAR,DAYLIGHT,DRY,"VISION OBSCURED (SIGNS, TREE LIMBS, BUILDINGS, ETC.)",2.0,31.0,4.0,4.0
03b6597db6ea285f261062fb3384c59bb7733d36f815e9f777c159b21cff0c9539f73326c9891c8de0da28a5c27bfc3673c4faf5058de7a606fcfdbbab48c5d7,CLEAR,DAYLIGHT,DRY,IMPROPER TURNING/NO SIGNAL,2.0,37.0,2.0,2.0
03b6870438b2095247783ec306b4730082202638b2a84ccd2e96602f58dfcb7f96f2c0390ccdef4f0bd52689f22f54f75f22d3c5de987e919fe760f8c68ae91d,CLEAR,DAYLIGHT,DRY,IMPROPER TURNING/NO SIGNAL,2.0,52.0,2.0,2.0
03b6bf5b7a072046e0e7abe9cdaa3db98e19617093aa9bff49189a4b1d5d51e81cf8ad74deaf7bea14209972dde11c177b0675e9d11010872e67aae83b5cc9c0,CLEAR,"DARKNESS, LIGHTED ROAD",DRY,FAILING TO REDUCE SPEED TO AVOID CRASH,1.0,0.0,2.0,2.0
03b6eed6eee205e54e80e8a248908856bd00060eb404baa2c39537f67e013baa881693ada9d4aa1f04b7ab7c1bc5f0964f6bba671cabc06464e32736e2d957e5,CLEAR,"DARKNESS, LIGHTED ROAD",DRY,IMPROPER OVERTAKING/PASSING,2.0,19.5,3.0,3.0
03b6fc10691b372412cee0e8aaae6532215aa0f3fe8ef60afb66abcab026b91ada00680032277d0f106f6cb39bfdadeded2167ef6de6614272e9ee0188d0fc26,RAIN,DAYLIGHT,WET,DRIVING SKILLS/KNOWLEDGE/EXPERIENCE,2.0,25.0,2.0,2.0
03b7046a3a90697f5c08188608e8f8d5ac6bbf1b34f452156d747f4c58fbd8b72bb1e5055c4912fd943d95e9a931c9eaa1fd50f42dbb9d639915ed1ed201f3e1,CLEAR,DAYLIGHT,DRY,FOLLOWING TOO CLOSELY,2.0,37.5,3.0,3.0