crash_record_id,weather_condition,lighting_condition,roadway_surface_cond,prim_contributory_cause,total_vehicles,avg_driver_age,total_people,total_injured
03b7086fbd137b802df9021771c2e78b36446beb1ddee0828a40f09145e30c0f35a63a80f469f4bdb1597acb1e4b1945fbce407fb7752d280d16eec5268b5305,CLEAR,DAYLIGHT,DRY,FAILING TO YIELD RIGHT-OF-WAY,1.0,38.5,2.0,2.0
03b70bef91cb7ae44aae7369abcee0ff1c3e2bee37a9f28ab9c59cccc47fcab443e65a997509f3cad563e1ef5ead31b5513e2eb05701ccf5147e4f9a5d087b7f,CLEAR,DAYLIGHT,DRY,DRIVING SKILLS/KNOWLEDGE/EXPERIENCE,2.0,68.5,2.0,2.0
03b72781f38f57fbe68987d204103046a19ce4870ebf3c31414e3b6ee262e8637164db208f91452731460e3f05d5f2e66ac19f6ab9ace65d894ed49b9f6ee2ce,CLEAR,DAYLIGHT,DRY,IMPROPER TURNING/NO SIGNAL,2.0,31.5,3.0,3.0
03b7303baa6028f8de38faa2aef242f733db0dff52f9e432d12832fd1cdec93a11baa88e47069185f199beb72c3bcf209795c747162726bb21fad2fa30ecb89d,CLEAR,DAYLIGHT,DRY,DRIVING SKILLS/KNOWLEDGE/EXPERIENCE,2.0,70.0,1.0,1.0
03b746952e3b67cc4da112ecd4989631a3bb597846d70238886f5cb470e78ad71a52bf89f6b5b32bdc1d0f2dfbcb678bf7ab8c8da150b655aad1117105488e4a,CLEAR,DAYLIGHT,DRY,IMPROPER TURNING/NO SIGNAL,2.0,29.5,2.0,2.0
03b77e17f48024db3243517414ba36c30124df1ba959a21f78a42949ab6cdee4ee67c33fc7831852012c8816d3d3f3b04fbcd45d6936dd2b1096e48ce803fd70,CLEAR,DAYLIGHT,DRY,FOLLOWING TOO CLOSELY,2.0,27.0,2.0,2.0
03b78d84363fa4df224683607d45bf46c28f017e8e953e40e035de7bd0e2aa4d93450faa97a67f1dc66b6e2ed59922dca5cca6abd6e49355f9ff2ae8f63f0c2b,CLEAR,DAYLIGHT,DRY,IMPROPER BACKING,2.0,47.5,2.0,2.0
03b8c2d8aa608197591b187a70f8ae4f6ae466191e90162d64ee4a2dff19c7a5013854c5aba2347b4b37ccf634356ba9826365a36b3c665747bd1c4b1f4a76c0,RAIN,"DARKNESS, LIGHTED ROAD",WET,FOLLOWING TOO CLOSELY,2.0,52.0,2.0,2.0
03b8cd31bc4a6aa00f3a69089b932e87ce1ef4bc5d450c82137df4ba812597880199ce00f5f8583b6e75625d96f2f80e58f6243463bae743ac7440a34668cbaa,CLEAR,DAYLIGHT,DRY,FAILING TO REDUCE SPEED TO AVOID CRASH,1.0,31.0,1.0,1.0
03b8f905e7c3e1fb01eacf4ba23d471f287142758384b6a8ceafc93cae8ef6c982ac28c93853ad34305c579d95dedc0f5215532951cef6259d94eca6b2d4fb03,CLEAR,DAYLIGHT,DRY,FAILING TO YIELD RIGHT-OF-WAY,2.0,49.0,3.0,3.0
03b90112cc9d1930b2f9bfb77d4398d4d1d1d09c53380086f7876a3cb1a5541cd02b49837d06346e355b72720ce00e2b0f1ea1884c553d4dda19875a27a72d38,CLEAR,DAYLIGHT,DRY,FAILING TO REDUCE SPEED TO AVOID CRASH,2.0,50.0,2.0,2.0
03b909bea694044b20e34061dc1bf7f25b892d34c8da796256b410d0345ef3aa683b4df969bbeb562eaee63d881e5d9abab0692c3260f60541999840c652af66,CLEAR,"DARKNESS, LIGHTED ROAD",DRY,FAILING TO YIELD RIGHT-OF-WAY,1.0,62.0,2.0,2.0
03b9226172f819a453478733607a1bb7c5e49bc4bcb7aec463ead5d28c4c8041d33b0d869fca79583130844a3aa74543b2c33720ce0087589864231b7698ce70,SNOW,"DARKNESS, LIGHTED ROAD",SNOW OR SLUSH,WEATHER,1.0,29.0,2.0,2.0
03b932be263a64264b60d14dc5adbf0b31c25fbad56da7481a5871e21b19305771cd0ea420533f81abf2075f68d43f51834bf6c9ab6c05a1f909ed43eb62f69b,CLEAR,"DARKNESS, LIGHTED ROAD",DRY,DISTRACTION - FROM INSIDE VEHICLE,1.0,19.0,1.0,1.0
03b965ef3a5cf9297ddd4524c8671e729320bd98166ebcd10b5b0a8f4f04d4d7dc916a7485c4501fbe4b41816ea3d33d05c6cdbc8534fcf297d09ff3bf549410,CLEAR,"DARKNESS, LIGHTED ROAD",DRY,IMPROPER OVERTAKING/PASSING,2.0,26.5,2.0,2.0
03b98e99c000c405fb94015f5f30b17c9ef0a8a085a2d389e29d74f43274b0cf8379336aaec96ee3f11c89b39404014054d2129a0d3e58330381eda3804bd966,CLEAR,DAYLIGHT,DRY,FAILING TO YIELD RIGHT-OF-WAY,2.0,98.0,3.0,3.0
03b9a012367bf52b61e3718db80edab004ac0d35f5685f05d3caf0924a9113df145e273a0c3e7186eb836f07861dfa5f64b06d97f4ce977fd5ef163ece37f27a,CLEAR,"DARKNESS, LIGHTED ROAD",DRY,"VISION OBSCURED (SIGNS, TREE LIMBS, BUILDINGS, ETC.)",2.0,32.5,2.0,2.0
03b9efa0817b251f468c4d43c0aeec42b98567b616fdec6cc9e2aea70b87252fad4fa17557fe2ad5fd0c0d41706d85e3ec8953a6c3e833deb10494ea9f2cf615,CLOUDY/OVERCAST,DAYLIGHT,DRY,FAILING TO REDUCE SPEED TO AVOID CRASH,2.0,30.5,4.0,4.0
03ba50cd48e3ae248e76617e620bed6938378a1a1767cf11f3bd0997fa29ad60c03f3ea942015d5db0a72bdbbb81cef9643fc454bb8c527411c06e311d5b94b9,CLEAR,DAYLIGHT,SNOW OR SLUSH,DRIVING SKILLS/KNOWLEDGE/EXPERIENCE,2.0,27.0,3.0,3.0
03ba58af5ef0091930dd633a34382ec83ed2a6a7ba92ab04f97b00f4f9b9ee4f80e6643b650d9409d0c663c3aa422b086fa2254b7163eaf334f04f94d40fbfcf,RAIN,DAYLIGHT,WET,FAILING TO YIELD RIGHT-OF-WAY,2.0,60.333333333333336,3.0,3.0
03ba6a223408c0a611e0cdeb47759f68116f56149d30fb502098f4e803f2220e374fbc0fe2eebfc6ba09bdce15c12eb9df17a899489f1ca6c1c544b0bafe92cc,RAIN,"DARKNESS, LIGHTED ROAD",WET,IMPROPER TURNING/NO SIGNAL,2.0,35.0,2.0,2.0
03ba8392250d0925106b4ce2df60a24f2f3886653bc4f428603a7b8b8d2413cbf5011eddabdf9ad29249d21486aea16ae8d2d64a89c62004dfd64f144870376c,CLEAR,DAYLIGHT,DRY,IMPROPER LANE USAGE,2.0,34.5,3.0,3.0
03ba9276cdfe90ebc337d9d16dfa81f423b4d09b3797845f2483579dea444ab4cf248aefbe81a0d3077faa084f181831f1da367f28e104f62b36094bed7e9937,CLEAR,DAYLIGHT,DRY,DISREGARDING ROAD MARKINGS,2.0,33.0,2.0,2.0
03ba96715216d3d8a1f136fc7341e687fca03a0066d5079b870fc0d84623a00224f3c10cc6f60c52bcb7be9a2c47c11b98614069d85e68206c33a3ed590053b6,CLEAR,DAYLIGHT,DRY,IMPROPER OVERTAKING/PASSING,2.0,41.0,2.0,2.0
03bacec0f74e36e6f993ea37832427673392dac6bedd38ddea5b3b43f597237a9362f7c3ead07cbfb39ea40da5a47173bcde304e89df5541a75290b7ecc217bd,CLEAR,"DARKNESS, LIGHTED ROAD",DRY,IMPROPER TURNING/NO SIGNAL,2.0,33.333333333333336,3.0,3.0
03bae04b4849064d03c520eccd5bdbf9c31293b9149e7d1f77afc99d860d54a9ef8204a9a57a0ea4cb62517320bfcf69174126e3fed82fa68f1af76bde992773,CLEAR,DAYLIGHT,DRY,FAILING TO YIELD RIGHT-OF-WAY,2.0,45.5,2.0,2.0
03baf0a9351e458609cd5374c2e4ea4637db627962f2bc9afaa8faafa01f69f017ce1fe659b3e520be9f356a0465e8d51e16680167e62dd6cbb3f611f0b30ce0,CLEAR,DAYLIGHT,DRY,IMPROPER OVERTAKING/PASSING,2.0,28.0,3.0,3.0
03bb0eef19b4b5c205bcaa018490a7d6bfba08cd4034d597dff901ba752f71d17c3c39641055c518b6cf0753e17f5903bfcd83da113267f8405363c0d99181f5,CLEAR,DAYLIGHT,DRY,FOLLOWING TOO CLOSELY,2.0,34.0,2.0,2.0
03bb1932eef43f791d3754b3b67a8c2a268f7032ffd4dd05fdd6183526dabcd20f9ec69e1a5cee48140231a187fa4f7382b643a3e1a63431aa81e8a30106c662,CLEAR,"DARKNESS, LIGHTED ROAD",DRY,DRIVING SKILLS/KNOWLEDGE/EXPERIENCE,3.0,39.666666666666664,3.0,3.0
03bb1cc73227989f412cb0ee8afb2512de159f720c2dadb4b7d7e77cd7a645c16450849fa95eed55643e5efd43355afa98dca1fd101695e353d501c3cfee79d1,SNOW,"DARKNESS, LIGHTED ROAD",SNOW OR SLUSH,WEATHER,2.0,54.0,1.0,1.0
03bb2edde19d148a317fbbc5fbad60529606888dd908b8782a070ec6c9c7f8d7ccca10e05752016a3b318cf9c2a52a606eac945258d6885c3a66abae500bcfd2,CLEAR,"DARKNESS, LIGHTED ROAD",DRY,IMPROPER LANE USAGE,2.0,37.5,1.0,1.0
03bb3d5c9b600c694c448354f28665883359c38614f50f87e85888ed3fd839619a6c969509693f89d69b14bab56ed6a32aae3e9c5277312d55393c9828a5ac7f,CLEAR,DAYLIGHT,DRY,DISREGARDING ROAD MARKINGS,2.0,32.0,2.0,2.0
03bb415621fb00569038c9b25706dc9bb110178ee793c4025ad0bf6a02837d9914502c5572eb1d18fc24578ca67151711be256c53677b4748678ead8489f724c,RAIN,DAYLIGHT,WET,DISREGARDING STOP SIGN,2.0,38.0,2.0,2.0
03bb7ee07ef79f816ebc36e4eb01add9ebf1c71660103a8066c71cf242aa5555218bae0a7279d2690d387fc2f09c99ecc3fa341e68893e8572d44799157ff181,CLEAR,DAYLIGHT,DRY,FAILING TO YIELD RIGHT-OF-WAY,1.0,58.0,2.0,2.0
03bb7f6d07b95cd7e6255a6b85e8bdcf203ae5ebb098e93cedf1bd61832ad3a431f77534a9873b82b55266cf5bf1418451baa8f3634781c548b999ceb1fbc55e,CLEAR,DAYLIGHT,DRY,IMPROPER BACKING,2.0,67.0,2.0,2.0
03bb8749359923008ac899b473467d51c7a85736a632cb74e2e14fd43b7601e289e6a1120898cfbccfe4a659524053c94ad18c563030529f727ddad75b8e0f91,CLEAR,DAYLIGHT,DRY,FAILING TO YIELD RIGHT-OF-WAY,2.0,25.0,2.0,2.0
03bba5bf5967ed0aba9b197af4c3b4db9f05fc4842709aec92e03b5878fd7a72ce88a6907a40b7433eadded6ed8455d4915bf8c12f061c8cdd788fee8428ca41,CLEAR,DAYLIGHT,DRY,FOLLOWING TOO CLOSELY,3.0,40.0,4.0,3.0
03bbdbc99c90b8789ecfdf820c7db5d90853f1e4e5cd4a73daaeb6bc0fc291bdbb2283bfeb95fb4919ba76a62794a52e6aedd9544537da0f488cafd80b2cdf3d,CLEAR,DAYLIGHT,DRY,FAILING TO YIELD RIGHT-OF-WAY,1.0,57.0,1.0,1.0
03bbdd6b2c66fd9b2b3310bab97b6d335a7e4b5272722d4c6f83035487b1b4ee28bd92c6190d6c3d67805d44a0e22d7872af28fe0931401fe435e8860d183355,CLEAR,"DARKNESS, LIGHTED ROAD",DRY,FOLLOWING TOO CLOSELY,2.0,29.0,3.0,3.0
03bbe4b94aed080e7071543110dec66a517db4413f74c3e00c4516c7ea2f5e628b3527904332b9a9898718de14e5391e70767ed751cad886630ddae8849377e5,CLEAR,DAYLIGHT,DRY,FAILING TO REDUCE SPEED TO AVOID CRASH,3.0,47.0,5.0,5.0
03bbecedfaca3c4be3e75cbf2df7cfd04b1b576e4195184c744608d995e46dfcf04d796233ecc2bcd6bd697b8ee76a18f21900ec85572272e2e0ce50bd6017d3,CLEAR,DAYLIGHT,DRY,IMPROPER LANE USAGE,2.0,43.5,2.0,2.0
03bc2653570a157f99718c6b249d98d3eeb815da039d662495e9866cf3f2471021fe338da2f218e594fe0bf9a899dbfae35eb76392bab4574868cd2f011e4d26,UNKNOWN,DAYLIGHT,UNKNOWN,DRIVING SKILLS/KNOWLEDGE/EXPERIENCE,2.0,53.0,2.0,2.0
03bc53a447224e21c8880b99b60dabae4c24dc0a718f5298eaaa64a5172a8346b6ad3c0df5dc62ff4414cc5356d3820c30dd438fd14101cbced9a05260f5de9c,SNOW,"DARKNESS, LIGHTED ROAD",SNOW OR SLUSH,DRIVING SKILLS/KNOWLEDGE/EXPERIENCE,2.0,23.0,4.0,4.0
03bc6bcb15ec7b1c5e8dd05bef13f8ddfa51401d573e89c9d6de08a550fa076cd5f58619b5801f9e42dc573e7aeac3048f86daf333c1978b8df5f85436ae484a,CLEAR,DAYLIGHT,DRY,DISREGARDING TRAFFIC SIGNALS,2.0,49.5,2.0,2.0
03bc83ed483daf56c8f520a3c9ad1a7739db9e0679269f947626458c52fd8297018e1c9850f33524b41baf652817d5aa97277af6ecd9317c86b5f612c4608bf1,CLEAR,DAYLIGHT,DRY,IMPROPER LANE USAGE,2.0,23.333333333333332,3.0,3.0
03bc91819a31b6cf04d851cd655a86799180b570991c465ac22ecf6c1655598ec9664bd60f48153d88db238bcb85d8d0c2ff792fa9c22e35eb44064d74eb3b44,CLEAR,DAYLIGHT,WET,FOLLOWING TOO CLOSELY,3.0,35.0,4.0,4.0
03bc9368b5e403f540664a3df2beb57c2980a30ba93a7589c0070b1b3e0ece28a52918ad358051e9302ff66cf8ff2c3467311b001d47a8e29549e4db9b3c308e,CLEAR,"DARKNESS, LIGHTED ROAD",DRY,IMPROPER TURNING/NO SIGNAL,2.0,56.0,2.0,2.0
03bcce747e45c2d06ea2dff8495d44a133b3b5fc1660dde3f43c22cb7874aba6c80b996d4e3efb825059f079d9587966df947c9add0f41b36d9386b6f4912335,CLEAR,DAYLIGHT,DRY,FOLLOWING TOO CLOSELY,2.0,62.5,2.0,2.0
03bcd5e9760f91711d38ff2c65ec69cedee8a51c9aca06f37484809ac617f78a0714fc2d5b4cebe581956183871f37e44b06c622d6c0cae22f264bed02924408,CLEAR,DARKNESS,DRY,DISREGARDING TRAFFIC SIGNALS,3.0,47.5,4.0,4.0
03bd04344e7041ca024f54410a0a087c44f4d353c70de3ff10d0b074f29a542b37f4896020f86017a6a055d09c43490ae3181b83d119b1d5d0573818c6347026,RAIN,DAWN,WET,FAILING TO REDUCE SPEED TO AVOID CRASH,2.0,23.6,5.0,5.0
03bd30c73d4b1ceecebaa4039566de1eb9d46789d49336d11986a56d9cf53248ebc6a5f24bcb31e9d66bc13c2397e50a0a0a186792a1dfdab121357e2befdff9,CLEAR,DAYLIGHT,DRY,FAILING TO YIELD RIGHT-OF-WAY,2.0,38.0,2.0,2.0
03bd345d650ea2ec89c0af24b6fcccf0b1413f2ccd83568498f1078ffe2aae6d5d147aaef4edacf87c6b60caa047a4eea9d2675d8ebf03da2cfb5795c15199d9,SNOW,DAYLIGHT,WET,EXCEEDING SAFE SPEED FOR CONDITIONS,2.0,36.0,2.0,2.0
03bd52bad40c7df0ab1d9a7cacd7f77ffd00348d19a3d5fd31ac5a7c7188618a6525df54408fd07d72eb42d7bea54e58dc83be63e3902593a834b3e44aca6ffa,SNOW,DAYLIGHT,SNOW OR SLUSH,WEATHER,1.0,45.0,1.0,1.0
03bd88a5b9373495e78a7f8c694fc16ffdc26a36ccf6ac6d3f07a4ae7c8b313ef64691fbfac0b1566fbf8fbeaa89c8c71b9d79539396e208acbab0443a39982a,CLEAR,DAYLIGHT,DRY,FAILING TO REDUCE SPEED TO AVOID CRASH,2.0,28.333333333333332,3.0,3.0
03bd9f3928ac9eea483fd82e3bbaeb0359f26ade7adaae50cc4e8c946d3ddcd9633469d34c9cafb9ddbd5806016442e919c5acbca06ccadc4b7a5bebb9d6370d,CLEAR,DAYLIGHT,DRY,DISREGARDING TRAFFIC SIGNALS,2.0,27.5,3.0,3.0
03bdb96eb59f17928f24dffc5c3165385672145f4ac1fb778d87a6ec6a6d1b48a961d85e0ee9f4b61bc896248e3ca6da904835c2e8cabe2718bed7fd2f0ebe23,CLEAR,DAYLIGHT,DRY,FAILING TO REDUCE SPEED TO AVOID CRASH,3.0,23.4,5.0,5.0
03bdc417288e501bcf8e279244aa66fc49e15708674b31d7debec1d80c2ddade5e7fd7f53ea04a46147f292dcdc4a04aa24555c688922d1e7572d2cef1f89ad9,CLEAR,DAYLIGHT,DRY,IMPROPER LANE USAGE,2.0,62.0,2.0,2.0
03bdd66d21d343c6d4c9e7feeb72be1ca733eda47839978b0a58cb4b84df652f61eeee1b009424e02071e947eb6e3a446c185f7eae12832f1aec27d3ce656f45,CLEAR,DAYLIGHT,DRY,FAILING TO YIELD RIGHT-OF-WAY,2.0,60.0,2.0,2.0
03bdf53c7fa8b5984bf81d7024a74bfaed02457e09b9abeb5b9c806706200a3d8a8f30442f618a0bdbc96686b83d9586911462c64f2a801f54268cee185bdb5f,CLEAR,DAYLIGHT,DRY,DRIVING SKILLS/KNOWLEDGE/EXPERIENCE,2.0,37.5,2.0,2.0
03bdfe026126542731ae8973ed3114e26deafd7982b58113f83d6d5d5717da2163f082171d2b86b4c885f23ceab1375665563fe19399e91711b46cd75d27922a,CLOUDY/OVERCAST,DAYLIGHT,WET,DRIVING SKILLS/KNOWLEDGE/EXPERIENCE,1.0,59.5,2.0,2.0
03be00adb00be00bf7b81a2023937113dc6782c38cccefc097d1d457ff4ea7faf07018cccc6f0c3901225ee1190dabc632a0c57b151d9f4962dab5af8d1c835a,CLEAR,DAYLIGHT,UNKNOWN,DRIVING SKILLS/KNOWLEDGE/EXPERIENCE,2.0,34.5,2.0,2.0
03be0c4d605a442dfba537c3f2f800e0f1dc8741fb3eee5c63cea12cd60f57e2366d08fa5f12ad2b62938b67c08365975c87432c31fb3d7447e915349b227e1c,CLEAR,"DARKNESS, LIGHTED ROAD",DRY,FAILING TO REDUCE SPEED TO AVOID CRASH,2.0,38.5,2.0,2.0
03be65a8b302cf4a7b73faddb0ea0369820370e7c18c702cbc8a686b69e5c5774d39d765d90fc765d887c5641c5954399f7687ff16df155dc0304e92eda2a8e1,CLEAR,"DARKNESS, LIGHTED ROAD",WET,FAILING TO YIELD RIGHT-OF-WAY,2.0,26.0,2.0,2.0
03bea3a01ec70eaade76b7adf6c8f47fd54ed86c281b9176b1bb250a99c21b23ad210b656134ad1f2c9b2413665186f9212c892b66d9c12a7467aa5809da7efc,CLEAR,DAYLIGHT,WET,DISTRACTION - FROM INSIDE VEHICLE,2.0,50.333333333333336,3.0,3.0
03bea615396cbe56dc86c59dbb7bf2e524d873a10d03b816be566ced46890a5ca814294ef9e5a939d3d3e5abf032a4710aec2b2fd56b01e035c5703ddf640897,CLEAR,DAYLIGHT,DRY,FOLLOWING TOO CLOSELY,2.0,71.0,2.0,2.0
03beba2451ca437d05d04c0a135ff52a202cdc37f13c2fd52eea96ee8e072ee12b270257dc8f9dbf1ba1c9bb7bce19433e24a46429fad50b3b587471c95f00e1,CLEAR,DAYLIGHT,DRY,FAILING TO YIELD RIGHT-OF-WAY,2.0,54.0,3.0,3.0
03bed84a969250b96894ac4a1472c771bbaa02771532ccc6cffd522a533aabbfe5ade838afb89538fe758c70fbfa65e477d761567ae64d85faade7cc26db5874,CLEAR,"DARKNESS, LIGHTED ROAD",DRY,FOLLOWING TOO CLOSELY,2.0,34.0,2.0,2.0
03bf0f0352934f9cd642bdbff53e77efec26a2c72877f50d70a0f46241c7d67198df4ed984bc231795ca5d609ada4d0b8159df720a52d08a6fa99e03859485f0,CLEAR,DAYLIGHT,DRY,FAILING TO YIELD RIGHT-OF-WAY,2.0,29.0,3.0,3.0
03bf2819611dbb954fffdfbde71264b057ea8e6a10cfed4553d73ca169b2fc926804e898709963e3e6caf8c964fb4196be12e4a2e17e0802f700bcb8dfb27c4f,CLEAR,DAYLIGHT,DRY,FAILING TO REDUCE SPEED TO AVOID CRASH,3.0,24.5,8.0,8.0
03bf40dd4cf7e7a2950d4ba5205f5ef0e5b2e21c0505ae6b12e4f2892f719eec3facf87ecf65b9c02497a6edc21cd9156bb2d32890a344d472a50e72842c5f04,CLEAR,DAYLIGHT,DRY,FAILING TO REDUCE SPEED TO AVOID CRASH,1.0,30.0,2.0,2.0
03bf473af2da68dc288caf1108323d58ab223fd45fc79b522a17bc0a8dd5a010982e2e69f28d68876cfe9a218bab5b512e39aa74c35c1ae08229361cbc51a6a5,CLEAR,"DARKNESS, LIGHTED ROAD",DRY,FOLLOWING TOO CLOSELY,2.0,43.0,3.0,3.0
03bf523850361055efd9bafb2ff3317b1e2ed5741c84d9a30b6ba5367a58918441b1c5eb0fb03bc4a99ce0838afbbf3306ffdd9679f8cc0a8b36a8d227f4df67,CLEAR,DAYLIGHT,DRY,FAILING TO YIELD RIGHT-OF-WAY,2.0,37.5,3.0,3.0
03bf58f9470bac8641a22beeeaa3830df00e061ddb670a9e59c46fbfca6c0a0695f86557619f8318d8491a5da6d3dedf493ff486c2c36ec5405f503f6d847efc,CLEAR,"DARKNESS, LIGHTED ROAD",DRY,DISREGARDING TRAFFIC SIGNALS,2.0,26.0,2.0,2.0
03bf6d2355d61d7518e60f288babc85e99da5bd0fc34d6a96389b706f9e3275b423701193604bc23341ea0ed2c5fb3a5fa5aae4c3f73467de6a7c5c482667e7a,CLEAR,DAYLIGHT,DRY,FAILING TO YIELD RIGHT-OF-WAY,2.0,33.0,2.0,2.0
03bf7189556a6710e2ca306aad0a0578e54e98604478b553991535b884fcb4242d2ec6747fd6128929174b60bb5074e062a5f80adf09e88503cd983cd3e55976,CLEAR,DAYLIGHT,DRY,FAILING TO YIELD RIGHT-OF-WAY,2.0,32.0,2.0,2.0
03bfadfba82a80b41f01f862c69cdce9ff6e2fce4420c22a2efcf3a1ff623d4b4bcecf9c1688abb977c9a48c2bf2e15157aa7a2094a9582cc81f7e9bc5db7a5c,CLEAR,DAYLIGHT,DRY,FAILING TO REDUCE SPEED TO AVOID CRASH,2.0,35.0,3.0,3.0
03bfb026024158c02c31322ae44d63e04d4521dc98e785222c189271bde763f325a3b2a8d544f65301da7defdf6714d7556f7482905492c18ef26873cd97140e,CLEAR,DAYLIGHT,DRY,IMPROPER OVERTAKING/PASSING,2.0,29.0,1.0,1.0
03bfb11a94497ecdb4efe86e4cec0581b56fda3c9d0e77aa493660ed0d8851f1db121d3394fce520b88784348835cd1f90a9a8d01c025be8539b626b85e21f01,CLEAR,DAYLIGHT,DRY,FOLLOWING TOO CLOSELY,2.0,49.5,2.0,2.0
03bfbc30ad5e21e4d49f61d6a08576fccb84117f8ca87416bfc686db54036f90108b5343cd26b2cfb78cb6a1309cde0cfe0d64c099c7bfb5b40f39019871a128,CLEAR,DAYLIGHT,DRY,FAILING TO YIELD RIGHT-OF-WAY,2.0,45.0,2.0,2.0
03bfe567dc60088eaa17f377c8b6a5ea50d8c3f0a0c3f994b4053cd5d6ecf5ec84824aec3b209980b17fdbbdb17de91e349495bdc08e8431aaacb5b51560f6df,UNKNOWN,UNKNOWN,UNKNOWN,IMPROPER OVERTAKING/PASSING,2.0,33.0,3.0,3.0
03bffdb01eecec83a88242179a4be3e4ee4b580b0cfb1d060b5ae3f29b85c9da833fea2d61c4d587925f14f70257c63f9ebfc3d98fdaa2924067e46be0fd265b,CLEAR,"DARKNESS, LIGHTED ROAD",DRY,IMPROPER LANE USAGE,2.0,38.5,2.0,2.0
03c0015a09bab3a1b1559f64993c5ec163a9e4f88a3ef42bf25effdb6f68e239be4426297f21c0a4b038d630ef198858645814a88911c5c994f892b469cac7b9,RAIN,"DARKNESS, LIGHTED ROAD",WET,DRIVING SKILLS/KNOWLEDGE/EXPERIENCE,1.0,17.0,2.0,2.0
03c052bc9ff8988f7c70987e966254f324b25e7548336b24d14dddb53e69f785e2b28711b5ae7ed393d903d97251f767719eed61357f82eb9b14b4c9447517f8,RAIN,DAYLIGHT,WET,WEATHER,2.0,61.5,8.0,8.0
03c065543d102fbdaa21f33512e4c8520d729f1ff17285bd898586e5286d5860611f9dcb6f59fd72839dffa738901f4afcd888b981bfbc404638dc44671a3f3a,CLEAR,DAYLIGHT,DRY,IMPROPER BACKING,2.0,26.5,4.0,4.0
03c0672029da3e0828e105da432e211d8596e33fb22ba16604e7be36e3e4cffa8849cba6abd3d00363aacbb917305173aa746ce93c960627e66484639e71395a,CLEAR,DARKNESS,DRY,IMPROPER LANE USAGE,1.0,34.0,2.0,2.0
03c0911db0f74d732fe89efb667aaf106c5d9a6584d2d709fbd761899c1dc6ebb6bae529b99aaa5833908c879e1420f83dae011b1429f5a7ab5517483a9832e6,CLOUDY/OVERCAST,DAYLIGHT,DRY,IMPROPER TURNING/NO SIGNAL,2.0,45.5,3.0,3.0
03c0a031fc61b4d4b4797dabd8f9879d7ce6bc2b21ed60f8a7088cdd0bb9b1513b7b91e2bf33860449f466258c2c8d17b11b8b0611805d4013bd06592afa6878,CLEAR,DAYLIGHT,DRY,FAILING TO YIELD RIGHT-OF-WAY,2.0,65.0,2.0,2.0
03c0afe29065e02c3ace27bf2e4dc97822a823466eab6824c3fa280101f46970568df89e7dd3302c62e86137a61a3cb04e8da35fb292653c583a129aeab363aa,CLEAR,"DARKNESS, LIGHTED ROAD",DRY,DRIVING SKILLS/KNOWLEDGE/EXPERIENCE,2.0,49.0,1.0,1.0
03c0bba03b90770d5c6b0c1dde3618d1d47d6f0a105066bb21187e42aa281149415f0c30a0f4440a76f5e4748cd60b59cf6958a3e8fdc430740976ccf115250c,CLEAR,DAYLIGHT,DRY,FAILING TO YIELD RIGHT-OF-WAY,2.0,34.0,3.0,3.0
03c13dc5ca5892bef49add4f461b04b262c5368f9b6b33f7c43a3b3f8fca3f3b46fa1f3591d9ba38eecb8fcb9f29bd3a9b28b4a9c05a1c439d48f2dc7e87d16c,CLEAR,DAYLIGHT,DRY,IMPROPER TURNING/NO SIGNAL,2.0,43.0,2.0,2.0
03c15ab4c762314e5752c34bab0285e76307aa01c0043e5949a6ccca1627ec9e0e6a9ad9fd5e4017793e764d706ce375d855eb31c2fd8556b36b430a8a908298,CLOUDY/OVERCAST,DAYLIGHT,WET,IMPROPER BACKING,2.0,37.5,1.0,1.0
03c1777ec1ca97cd16aa7aa13e2b381581ff3bdd77d3de826ca748024513b1ad2767b1981bf77f22c545e8b8d0138f596a5e13aa292b3c59f6408448e480b0e4,SNOW,DAYLIGHT,SNOW OR SLUSH,WEATHER,2.0,44.0,2.0,2.0
03c18bdf77ef9059290843ecd00b8e6c6cf95496cd0af7b14781d5d4569067ca23e9109086ca8c3c89a8e6bdff0ef35a0db39576f8ca42b2094d1e0952d8b880,CLEAR,DAYLIGHT,DRY,FAILING TO REDUCE SPEED TO AVOID CRASH,1.0,35.0,2.0,2.0
03c1ee3545a2d574a0c625514f929f2dd611861d8e992e173475b5192c18d507e593bc9ba0e7ef54d75da9285bafdda09fa7997e469e974937ad4d7e21a1ce12,CLEAR,DAYLIGHT,DRY,FAILING TO YIELD RIGHT-OF-WAY,2.0,50.5,3.0,3.0
03c1f7364bbd84fb78ccfea6dc8198b94c75fc7eb12d7078539cc45dac7b8119e47058f49b73d4ab7b63ce163c0da9adb54a2ddb36ca5485ecdc22124118dd86,CLEAR,DAYLIGHT,DRY,IMPROPER BACKING,2.0,37.5,1.0,1.0
03c1fdaf068f7a5852bce0e2da1bcc90b2bc7e08e0f5146f11bbf3b22c7ca5b4d6ca243418795943132de65e1519132778c6b4f8e0dcc3b55db192b2a50e9d07,CLEAR,DAYLIGHT,DRY,IMPROPER BACKING,2.0,37.5,2.0,2.0
03c2161bed5c0c40120f287c5d0c16ea2477a6ab8714cd634b5833474c68a420a6b101335ae86f66879c884ed684e4f87fa8ba88ba8fa6fc68b848ec82184073,CLEAR,DAYLIGHT,DRY,IMPROPER OVERTAKING/PASSING,2.0,34.5,2.0,2.0