crash_record_id,weather_condition,lighting_condition,roadway_surface_cond,prim_contributory_cause,total_vehicles,avg_driver_age,total_people,total_injured
03c2401c045447aeab934f19da7e8e22470b0b49c55fa514df786ffc05b119e138f3de3ed3cc568e8da8895a1a22c421196062757059a315e8773dd65282de84,RAIN,"DARKNESS, LIGHTED ROAD",WET,EXCEEDING AUTHORIZED SPEED LIMIT,6.0,37.5,1.0,1.0
03c24a6ba02942a66b50f38b7d8708ea69bdcf3bef5b8e0af1d79486cefcd3920bedf2f858659c63636ede800b093adfa432e54508200f1d96192adfa12ab81b,CLEAR,DAYLIGHT,DRY,"OPERATING VEHICLE IN ERRATIC, RECKLESS, CARELESS, NEGLIGENT OR AGGRESSIVE MANNER",2.0,37.5,2.0,2.0
03c25172fa513d7089577c218f8c9297713250589610af9cfbbe7b5ff379b7d26f43de596e71663d1c71b27660319e96286accd72767f2fdf8b53f0c25de4fc4,CLEAR,DAYLIGHT,UNKNOWN,IMPROPER OVERTAKING/PASSING,2.0,34.0,2.0,2.0
03c28bc3ff9dc10ed119c00852b1ec83cd1b47942ed37b5d84435916d06591767b1225e19f081e5ccfd81bfd5a043989b6cc3f82d4ef9e11017196da402ff4c6,CLEAR,"DARKNESS, LIGHTED ROAD",DRY,FOLLOWING TOO CLOSELY,2.0,39.0,2.0,2.0
03c29ddff0cd2c1c4bd15e31a296903d4281ca3eace4923003050a057b2345fe971d42f4b9b87877899d4b4ff3d18243775ff3f72665f2c9824fd4edf7e57bf2,SNOW,DAYLIGHT,SNOW OR SLUSH,EXCEEDING SAFE SPEED FOR CONDITIONS,3.0,68.5,3.0,3.0
03c2c26edf25d921c91b44e047c7aad312a7d1f56ef49ffdc5a0483db149a77e7053a5f342df6f274347ca50dcfd88d9fcb09dfa15376624e802121cf33e87cc,CLEAR,DAYLIGHT,DRY,FOLLOWING TOO CLOSELY,2.0,24.5,4.0,4.0
03c2c7ff233060db7b7364a06bebf5496edb75902610cfa047d0c1af4e2442edd9491099d10299f07e38c8bcc3068583d78cbd977149208b5f709f11c906bc02,CLEAR,"DARKNESS, LIGHTED ROAD",DRY,DRIVING SKILLS/KNOWLEDGE/EXPERIENCE,3.0,23.333333333333332,4.0,4.0
03c2d0049063cd7d727c4f5f247eb81ac75a57faf2aac8c2b9f1ff98f5a5b33aff320ece70a1407965ee60409f4006e966f0cc9c00645297ff23caad7d9099fb,CLEAR,DAYLIGHT,DRY,IMPROPER TURNING/NO SIGNAL,2.0,38.0,2.0,2.0
03c2f76aebd34428828fc85c499e45d7986f25577f5c011edb83db8d911be3fb47c86fbd67960bd09e0a0b3249221ec0832161bf9a2cc4251005737932a77bfb,CLEAR,DAYLIGHT,DRY,FAILING TO YIELD RIGHT-OF-WAY,2.0,44.5,2.0,2.0
03c331b51b55c70ce978f0919fb3e2b86cf758169e4576019ab3fd33e9129d9e1d7ba67cb241263251fbedda86361eeb1a028be32d1b022c30f8c409ac40829d,CLEAR,DAYLIGHT,DRY,FOLLOWING TOO CLOSELY,2.0,41.0,2.0,2.0
03c33d83402bb2b4e9d5c82c492624d6f1557b06e533b18c292019933452b070b5f0e4413c0b4c3ddc790c8599f915a72b740aafe1da2a7091de44f10f2b2b59,RAIN,DAWN,WET,IMPROPER TURNING/NO SIGNAL,2.0,39.0,3.0,3.0
03c34792f626c1ae0854d617b0c32c1f537f3da4ce5ddce3f08ec64fc028a86921650e8dbf26c9810cc7599ca8aa236f9ac4b222f09ee879331efb55018f2a85,CLEAR,"DARKNESS, LIGHTED ROAD",DRY,FAILING TO YIELD RIGHT-OF-WAY,1.0,26.5,2.0,2.0
03c355a8b1fb55c6f7e6b3d6585a85e796e0aabcbbfd375f76919cb29a1519f2d2186c08949233293307dd732d46ce3addf6d01d2aa3b1d9c72b0990822df368,CLEAR,"DARKNESS, LIGHTED ROAD",DRY,FAILING TO YIELD RIGHT-OF-WAY,2.0,42.0,2.0,2.0
03c35679b0e693b06ae091ee0a3d94c7d22d40e382e1a461b3243c7d427d3f465d642d80d2e82571d51b669917d0909c7796adf2d4c459a8f7d5857978b414c5,RAIN,DAYLIGHT,WET,"VISION OBSCURED (SIGNS, TREE LIMBS, BUILDINGS, ETC.)",2.0,55.5,2.0,2.0
03c3847e83ea07915a5dbe3287191959fbdc8021465e79c1ff49279ef63edea5d1ac624f5cc76ee1b08b829950365ab7ab85ccb7fabe83fea10df265a6c38378,CLEAR,DAYLIGHT,DRY,FAILING TO YIELD RIGHT-OF-WAY,1.0,54.5,2.0,2.0
03c3a6427d1886ef2898d8f664d48932b15a9c786c92c919db2e68294353450992ad7eb52dadb568b6d9035766f71655c770e81de38d83ab771738cbcd35dd2b,CLEAR,DAYLIGHT,DRY,FAILING TO YIELD RIGHT-OF-WAY,2.0,57.5,2.0,2.0
03c3be92f119fe49fa3ed2213348f233b64e5221eec4235b7c44680159f62982962dbad2349722a63380d7a5dc8b5ac7ecd8b598f7b36ede6d29520111c74702,CLEAR,DAYLIGHT,DRY,DRIVING SKILLS/KNOWLEDGE/EXPERIENCE,2.0,39.0,2.0,2.0
03c3bf06a997f114b0ff5db62b2b90024e70fefea8d6dd268361095228171e4ef4f1548dc5f3220759b0f5332e03239599dfab5cbc0eebf7d42b3e85bbcc0ce1,CLEAR,UNKNOWN,DRY,IMPROPER OVERTAKING/PASSING,2.0,51.0,2.0,2.0
03c3e81ecf17b6f4eb1ffbbe7b87293c087ca6cebb565aa0a059e0901d3348c5150253bfa1290f77e1cd7a5eb55f1b701b1d20a281a46f4e2a0c9a527cfc7ca4,CLEAR,DAYLIGHT,DRY,FAILING TO REDUCE SPEED TO AVOID CRASH,2.0,29.25,4.0,4.0
03c3fee868836040e4dbe2eaca58eae52b1d557abdf874910ccdf38c341c3ea797af9ba1929fec34143444de9ce7571d3f9b2ca33edfc3846c932a91fd5745de,CLEAR,"DARKNESS, LIGHTED ROAD",DRY,FAILING TO YIELD RIGHT-OF-WAY,2.0,39.0,3.0,3.0
03c45e83536b979017e8b29446db735f1b6c91a49cc548c536f1e21ca0f4d0232172e0934716eb9251a5e283f80b01dc3575987423523cbba5c5d10e32d8b772,UNKNOWN,UNKNOWN,UNKNOWN,FAILING TO YIELD RIGHT-OF-WAY,2.0,23.0,2.0,2.0
03c488cec0735bc7afe83552ecd6143865062889ef102e22e3cecc6fe7668eb83c283065ad6d905ab4e3adddbd974abd9240614cd3d96173b6bfecaf117352f1,CLEAR,DAYLIGHT,SNOW OR SLUSH,FOLLOWING TOO CLOSELY,2.0,29.333333333333332,3.0,3.0
03c4bca738ca1286381bcae5933aa32df4ec13653a7106d2958411c310af315b198087f355888a8c043faeff582aca56f8a617b178f7a4177f71fbb6c69478b7,CLEAR,DAWN,DRY,DISREGARDING TRAFFIC SIGNALS,2.0,51.5,2.0,2.0
03c4c94205a0f50d93b55a1447081e0d0d9436da134d4ee133533a0b58e07fc6940204377d67a18f02eb5b904de9ce0d1e3cbfe626ce98f01e7dfe1e649b4dc1,CLEAR,DAYLIGHT,DRY,IMPROPER TURNING/NO SIGNAL,2.0,51.0,2.0,2.0
03c4d0992171637469ccbcfb24f5796fdebd238cc78064fc21b4cc683733df6fa4037b9253f428cc15cc91636b52ae2f8eaf989daa7d63e18308ed72f1691b19,CLEAR,DAYLIGHT,DRY,IMPROPER OVERTAKING/PASSING,2.0,49.5,2.0,2.0
03c4f6c66afa773d30e2b2764bde784bb2a92af0f17bb768fdb9e72c9a49cf56df9101094e9cdba4648869b73c000d538974d248c08aa54fa82c7e0579f24078,CLEAR,DAYLIGHT,DRY,FAILING TO YIELD RIGHT-OF-WAY,2.0,55.5,2.0,2.0
03c4fcbf770182dd7dd256733fabea7cfb985aac638f8cf2e83ca0532315b7793896210f1aa749900f8f34f36746f1e48771f0abab84c672d5473fada109871f,CLEAR,"DARKNESS, LIGHTED ROAD",DRY,FAILING TO YIELD RIGHT-OF-WAY,2.0,29.5,2.0,2.0
03c51badebe71da6a7da9dfc38b2a18253481cb3300cfe093469a6c175b09b66779f52f6c6b1a8063a5da93d3a021e22f0d82cee91e7893a20394f65954ce452,CLEAR,DAYLIGHT,DRY,FOLLOWING TOO CLOSELY,2.0,34.0,2.0,2.0
03c529c430bd5fe39ef9e63cd1744497ab6aab85b3b9042dae8fd26dcde5b85d2e979cb9eca9ab60ca9930e9cbcc25c1beafceb5791922bf8e4cb2abcdc3243a,CLEAR,"DARKNESS, LIGHTED ROAD",DRY,"VISION OBSCURED (SIGNS, TREE LIMBS, BUILDINGS, ETC.)",2.0,37.0,2.0,2.0
03c536cd5839a4f3667646ec893dd7d96c535222356fa6129a4eeb6ca89a97ddb66141aeabab6321608fd1fc6f6c5de5cd47ddb4cb9408f146b5987edac4c28e,CLEAR,DAYLIGHT,DRY,FAILING TO YIELD RIGHT-OF-WAY,1.0,74.0,2.0,2.0
03c54212a79958f38419b52b8c6e7c83b66d3084a25b9e6c38646a48d8692268bd19bfe3b74fe85655a9c31bb6403e880a0a30cafc00c4a7ca861bbc02159118,CLEAR,DAYLIGHT,DRY,ROAD ENGINEERING/SURFACE/MARKING DEFECTS,1.0,41.0,1.0,1.0
03c54a4e938622f8de442a458975a1f055f402ffa1cfc50909251a844156d0a559a6feb30982fdd67d01739cd13db56fe37ac6b48cae62698d9b0c4015cf74f3,CLEAR,DAYLIGHT,DRY,DRIVING ON WRONG SIDE/WRONG WAY,1.0,63.5,2.0,2.0
03c55f9c526b8f85b312b8769f92ff4a78a611cfa7e9a83a6258ce010662eb8410bdf40db550b6b6b4316e4c6cdf05e842aea43c9f75850a70014af175fd3d34,CLEAR,"DARKNESS, LIGHTED ROAD",DRY,FAILING TO REDUCE SPEED TO AVOID CRASH,2.0,37.5,1.0,1.0
03c567d0cebeac504b5267572573f20e32cd3b121682a4ae50f68e3ddbc528c9bcc645b9b46b6dbc49249fd17e33e966fcfbb6113ce54c332eee131a6083cdea,CLEAR,DAYLIGHT,DRY,FAILING TO YIELD RIGHT-OF-WAY,2.0,65.0,2.0,2.0
03c57954ffccff3a5740cc3687903003db291a18ae87a6d58b1bb9902adf56e4a70df0e9e5adc777853dfb7ef359aad17fd5d8337772ed56b9265dc990e5c168,CLEAR,DAYLIGHT,DRY,FAILING TO REDUCE SPEED TO AVOID CRASH,2.0,75.0,1.0,1.0
03c58099ecc8b4d582bb2cdb6f4f559aedda4b90eaf5f9a49d27b8afb08828313e5c3ef13d6ba5d7e612f2622d114002df80e5a9e57aa513c849fb58de67134f,CLEAR,DAYLIGHT,DRY,"OPERATING VEHICLE IN ERRATIC, RECKLESS, CARELESS, NEGLIGENT OR AGGRESSIVE MANNER",2.0,33.0,2.0,2.0
03c5d777001fd9401c8cff2432c2475ebd472d2cdc7527f64fc335f48f6fe8f340a742e00ab42d7e2c1bbc65ed8202e86d6dac5e078386aa32667ac7f2c6acc6,CLEAR,"DARKNESS, LIGHTED ROAD",DRY,CELL PHONE USE OTHER THAN TEXTING,3.0,33.0,1.0,1.0
03c5e1d80de930cc8a33dea7b273b000e73de53c9d0f8f5ea781094336821fa4e58dd9ec072a8fd5e86caa08db13f54a16a98f071dd21fbc41416035c80d2d9e,CLEAR,DAYLIGHT,DRY,DISREGARDING YIELD SIGN,1.0,30.5,2.0,2.0
03c5e4d7f2020bfb8c9f572713fe5b687081da01d4d16e863b149632b0699dec47766549c8d3613cfda84365d4d9115d96b62f8d336b4f346c2d7bab54b1e227,CLEAR,DAYLIGHT,DRY,IMPROPER OVERTAKING/PASSING,2.0,50.333333333333336,3.0,3.0
03c5fe9f21d274877d19a715b77b3429ea51d0d602f2337848fc9f798ad2bf08a67d19372e300a22bbae3b9337185c2c8c2e9cb54f94feb988dfbce955568107,CLEAR,DAYLIGHT,DRY,FOLLOWING TOO CLOSELY,2.0,40.0,2.0,2.0
03c610d191f9f57a92cede49e35e1864886c6bef0a582b3bb4f6d5575ccd029bcf475efa9374bea11e55b15f4bea2530defa6250f3ed78f2f7296a7123e8e24e,OTHER,DAYLIGHT,ICE,WEATHER,2.0,51.0,2.0,2.0
03c626027065d970e596ec09853fa3be17c1a9f98aea979bbec23c77cd7480a025d3a748069870fb5675d6a630884c731494e28bb7857959912a6df2224b70f8,CLEAR,DAYLIGHT,DRY,FOLLOWING TOO CLOSELY,2.0,53.5,2.0,2.0
03c630165e6b200b4586839928ba5db3defa7f3affe2badd48a8f2ab8068a663b9b5462580d9db6d999237689b130c218e1b6f4167bbc1a493348dd36f16970e,CLEAR,"DARKNESS, LIGHTED ROAD",DRY,FOLLOWING TOO CLOSELY,2.0,31.0,2.0,2.0
03c635d0ad96ceb2884d65c7b9d6620efa9ac9117736a0f7934a26377d8cd3f4d1d8bcbcfa756c42b7f694635f87837a630ba6771166c5bef28823129ccca874,RAIN,"DARKNESS, LIGHTED ROAD",WET,"DISTRACTION - OTHER ELECTRONIC DEVICE (NAVIGATION DEVICE, DVD PLAYER, ETC.)",2.0,52.0,3.0,3.0
03c68cfa9f6806b80687f53ac71869dd432ae12cb31b04c850085bc6c1573537bc6252e6053448d7de119414cc2e102fde8f4de7e21f4fd7bee4c964f53e86c4,CLEAR,DAYLIGHT,DRY,FOLLOWING TOO CLOSELY,2.0,36.0,2.0,2.0
03c72004f35cc5db65d73c8d58affc337d9b4f9f4bb64e5bec4a5492772b6e9e339307c7fefbe5e3d47aaa0de7244efa97ba0ba829ea3b0e06a36695053b906f,CLEAR,DARKNESS,DRY,DISREGARDING TRAFFIC SIGNALS,2.0,39.0,2.0,2.0
03c73022e943efb23f5c2ff8b4164895001b17748e6bab937aefbb840f253a596363fa85e852180819ad7ab7b190ea50250cd784bf95d588fdeaa3a9a23a51ad,CLEAR,DARKNESS,DRY,EQUIPMENT - VEHICLE CONDITION,4.0,30.333333333333332,7.0,7.0
03c730b14ec294361542b231e7dc61855a0d2f8d9cecc9acd61105b6d2961025d202117fdf4ffc4605d6b32b51f9fde2b6c69163fc7f891b4119be95de4223d3,CLEAR,"DARKNESS, LIGHTED ROAD",DRY,FOLLOWING TOO CLOSELY,2.0,15.5,3.0,3.0
03c73e1d518b5edd7c45831b9c5f6bff7a846bece6a7fbe6c0d0d12ad4786700e09740f13a6515483ed80149102fb0cb3b88c18e6ba685c59eb7c9d8dcb7fac1,CLEAR,DAYLIGHT,DRY,"OPERATING VEHICLE IN ERRATIC, RECKLESS, CARELESS, NEGLIGENT OR AGGRESSIVE MANNER",2.0,26.0,1.0,1.0
03c79ac690fe6a4379a98b67c26bdc89155bc9ab5b00ed0001df24fa84ae7440b9e61c1c32aec3ece2126774fdbed5ae9c9d2e1804fcb88d40dac58f275cc12b,CLEAR,DAYLIGHT,DRY,IMPROPER OVERTAKING/PASSING,2.0,46.5,2.0,2.0
03c7ca3753b17051214d21db824c417de161e0fcf87f4edb0c04311b34307e74960a134a140f16e67cedd75ee48fbcea17d963078e0a7761348c9fcb70463e79,CLEAR,DAYLIGHT,WET,IMPROPER BACKING,2.0,70.0,1.0,1.0
03c7cf91aea6c3456f5a769a99438d5df073f47a267cbb509cc7e538a879b0e297a92b2d54360c015b25c1933b07536092aaba2209d148ef05a3a20c18f39361,CLEAR,DAYLIGHT,DRY,FOLLOWING TOO CLOSELY,3.0,49.666666666666664,3.0,3.0
03c8079bbee40ddd9f2b8f80612164d23dcc92e6690e89a66d7b40a9f072d24c99fc34b3e7cf695caf83932a541614edf4b010ba49e015e300e5f25fb34f9d23,CLEAR,DAYLIGHT,DRY,FAILING TO YIELD RIGHT-OF-WAY,2.0,23.5,2.0,2.0
03c8083aede21b586ad53ed609b111db8cda35ac240ef63729737661006c9f214f598f74be7a1620d9bf725a3a8cd2f0c5dd4188dd0d4c002a653803ec052928,CLEAR,"DARKNESS, LIGHTED ROAD",DRY,FOLLOWING TOO CLOSELY,2.0,0.0,2.0,2.0
03c835e1e88a8e5cfa78ed388cfb708627ce39a7ba80755176b278c6a64402d2df8aff8297087bf4a820ad023d4d37788fb79ff90b7504b112159608546dcd7b,CLEAR,DAYLIGHT,DRY,IMPROPER OVERTAKING/PASSING,2.0,41.0,2.0,2.0
03c83c1d9471aa6ae7605e504d18e4fbfa0575a5d955f3c064b0343d1c7c95c62bfcec2e54b0eb59fd608a607e54f8370e12733ab077e648d3eb47117efc5e97,CLEAR,DAYLIGHT,DRY,IMPROPER BACKING,2.0,47.5,2.0,2.0
03c842502a51d836aa824007374db097bc1664e823989ed5b500f8ed7057dd440226dcdc9aa43cefd507b6617e368ec193ff41edcdeeee6477f1a58be934dce2,CLEAR,DAYLIGHT,DRY,DISREGARDING TRAFFIC SIGNALS,2.0,42.0,2.0,2.0
03c845c8e91f58e5d8f546db25e1cdd26ca8a7f68bca06b22e36528b9820859acda89fe5b2aadbc62d91ec60d753d1274308fb9384b9ee2a5d71cf1ed4570f79,CLEAR,DARKNESS,DRY,FAILING TO YIELD RIGHT-OF-WAY,2.0,27.5,2.0,2.0
03c8629518105dc23a5109a0e536248a0b8696f0fc1afe561d328facb1451ebaa19b8e09b70448c4b54ad2a1db2684b55bd429975f714b7e42c4dff9d9c289c5,CLOUDY/OVERCAST,DAYLIGHT,DRY,DISREGARDING STOP SIGN,2.0,52.0,2.0,2.0
03c892c2fb2c1a0efdb0cb2a2175988c9964f09eb167aa893dd04ca44117bcb243792788e2f2c85cb3b14cc97d48433a10376c9f89e49f3ea97ac8d1ef98d6fe,OTHER,DAYLIGHT,DRY,FAILING TO YIELD RIGHT-OF-WAY,2.0,40.0,2.0,2.0
03c8d10eb87ba92fa5504492f0c535d78f2fe3ccf78e7fb004064ac480693ce82addb96c7bd52bce1672600e0328ae0a8475633a2ef5a2dc09b9fab23ba73e70,CLEAR,DARKNESS,DRY,EQUIPMENT - VEHICLE CONDITION,1.0,66.0,1.0,1.0
03c8d673071e1ae8f94b4d5ddf38e0820391725225daf16e2dfc250602b289452a9433f4dcfae3fba1311b2d0f8f884516ca5d971f7169026064a60d2841cc44,RAIN,"DARKNESS, LIGHTED ROAD",WET,DISTRACTION - FROM OUTSIDE VEHICLE,1.0,54.0,1.0,1.0
03c8f3846c0ec7bb815ae699dcb1a1910b021899cd030ee8925b3555db260898fc475af242fdc1592c3f5728fd2b2c6dcc23604ad96dc4219b99d0c1f45ef4d9,CLEAR,DAYLIGHT,DRY,ROAD ENGINEERING/SURFACE/MARKING DEFECTS,1.0,28.0,1.0,1.0
03c905732907e4fd6b3be3373907ce0e7ecf158ee72becb05f6b965df72d42713a232a6e11ce04fd88fa9d0e3296bdecf7de151e2c1520ee303540bd31c38003,CLEAR,DAYLIGHT,DRY,IMPROPER OVERTAKING/PASSING,2.0,37.5,1.0,1.0
03c916ea0c42a4ebb536a2644d0e45d1bb2ebaff408a1f1f0d9d635ad94bc9f33f0ae44a4541aba299e24cb862d3e17f93d3993abcf0ca1417c7715585ebfb78,CLEAR,"DARKNESS, LIGHTED ROAD",DRY,DISTRACTION - FROM INSIDE VEHICLE,2.0,22.75,4.0,4.0
03c9249e2189d046fc590f491e14b23e12b876bc0219a476f699452f6508f0837ed8013bb0a2ef71df2c80339b1e720cb70feb0d0cd677c0015c86f9b55d0245,RAIN,"DARKNESS, LIGHTED ROAD",WET,ANIMAL,3.0,34.0,1.0,1.0
03c9287018f32920829d6eb4e4dce0271d64c3d9923f8d011d3509ca2d2a2743dcb69600c502022e56ebb7c2705ece865c6d36fc52d1b8f0a8ed6cafbe03e778,CLEAR,"DARKNESS, LIGHTED ROAD",DRY,FOLLOWING TOO CLOSELY,2.0,29.0,2.0,2.0
03c93c1daeda8efb62863fea61100526114247c68543964a22a472d5945c3db54377aa2d1c8ad37119b50d1027f13dad2e84e67ded7ba9610e9495ebca67197e,CLEAR,DUSK,DRY,FOLLOWING TOO CLOSELY,2.0,26.5,2.0,2.0
03c94c0b5739c140e7935067a5d0558eeb3f209c1a769df3d7d8eaaf65a4c8476c310bdf1a42961fbf9d2ff3220e4e6e67a5b56ea5637db71e1b2db5186b8368,CLOUDY/OVERCAST,DAYLIGHT,DRY,DISREGARDING TRAFFIC SIGNALS,2.0,24.666666666666668,3.0,3.0
03c94d5b1be5f813a4648973b04b601f8d1c21d4a522f43d1126ebd884c2caed07215f6e51148ca5af86eb4dd92b24cd63d8a8981b1688e4d8aa107db9a3d8ad,UNKNOWN,UNKNOWN,DRY,IMPROPER LANE USAGE,2.0,37.5,1.0,1.0
03c996068d27ed4754dc99bf94c3a577799f9260a11185b41326a0bf190d7fb3a2e4cbbdc8449a4f0f6e286656ba1de5edbccc443fce40a5088f1e7541ecf9be,CLEAR,DAYLIGHT,WET,DISREGARDING TRAFFIC SIGNALS,2.0,30.5,4.0,4.0
03c9e22996fcd7b2e736f7e029c19c688b8e3d6bbf3118581588287b016f55dfdfd9e5bac6a87396f02a2027831bff92122edf919083239608334fb8ba6be474,CLEAR,DARKNESS,DRY,DRIVING SKILLS/KNOWLEDGE/EXPERIENCE,1.0,76.0,1.0,1.0
03c9eecbbec05ce1ce01a513abfe1a529b1a2f5de215ebd27588e035a77d343147f7e3bc4630d77b62aaf87e8e59f28900ba54b6a2ce670dac447745eb3a91aa,CLEAR,DAYLIGHT,DRY,IMPROPER LANE USAGE,2.0,31.0,2.0,2.0
03c9f15b7ff7e4787bb6137dbbf8b6ee9ab1ca3af0b80e16c66db58e17e0d0f77db43aa2d151526cf83503d876564ddc7ab58d7b9847ba6193e30ab3047645d6,CLEAR,DAYLIGHT,WET,FAILING TO YIELD RIGHT-OF-WAY,2.0,34.333333333333336,3.0,3.0
03ca378a342620ed6e571e9914730d11e5e8141012f5add4633be2fa16a8be23b5e9a31aa474c61cfa088b36c57627088c726eea593d24883b35b9dd46a31b26,CLEAR,DAYLIGHT,DRY,IMPROPER OVERTAKING/PASSING,2.0,54.0,2.0,2.0
03ca5d1c72fefeee2e95f36bbfa2ce06d85ae215a3bda950a42c0d063853cf30d1d0b41efe66113e7b9bcff40f4f81d1da5d13115a72953fc4598e74ca09ec3a,CLEAR,DAYLIGHT,DRY,IMPROPER BACKING,2.0,37.5,1.0,1.0
03caa60928d4b0666f110ec5c98f73e9109cb5e5e2c1d748f7d0a070a78a8640264433cd518f75090ef34290b1aff7d05051703944e7ebd5e9f7f2f3fd09226b,CLEAR,DAYLIGHT,UNKNOWN,IMPROPER OVERTAKING/PASSING,3.0,47.5,3.0,3.0
03cab92705f7bee1c93b745e2a6f09d0d5aa4e140d8810c7be4b981a5e64f2b96fe83db67cc5dc6e7cabef17c619cee19b2f3dbc457fb301e80186cb4c088b6b,CLEAR,DAYLIGHT,DRY,IMPROPER LANE USAGE,2.0,23.5,2.0,2.0
03cac71b002a520616f8279ad7e509e26eee175b474af9c18cb76589eee9af9a2408afa9a00235f793d0ae4a1c996b6f312955522269349b3502c38089b79f55,CLEAR,DAYLIGHT,DRY,IMPROPER OVERTAKING/PASSING,2.0,54.0,2.0,2.0
03cada23733fafef0013323bea6f6568abf6db468e7f78a91c11d321a0553fdf06b05804ef645393723aba219fc9367db85fb504a68cc4822130aa1ddcc9e582,CLEAR,DAYLIGHT,DRY,FAILING TO YIELD RIGHT-OF-WAY,2.0,36.5,2.0,2.0
03caea725758b99780afe06670da8f3abd3b052077264284e8f988f8d56752f2bdc6d3e1cfc1e8c384b32a9d8c0329fd6bb3210e444080e5840654ff93b161ae,CLEAR,DAYLIGHT,DRY,FAILING TO REDUCE SPEED TO AVOID CRASH,2.0,71.0,3.0,3.0
03caf7e64f298618e1156c131f748b76fac678deb952f508dd4e4dd1b99a54444f351a7faa01d69fc353afaa97a038961b2d95941c37d6bda576aa22e2990da6,CLEAR,DAYLIGHT,DRY,IMPROPER BACKING,2.0,48.75,4.0,4.0
03cb01f6628929b86f02a2cc3bd7f98591f8b77a943d720d44678554155ec21e0206b25e3c1abaf4372fec6b8fea33ce8a56132de7da08d1dab00ad564750e8f,CLEAR,DAYLIGHT,DRY,IMPROPER OVERTAKING/PASSING,2.0,21.0,4.0,4.0
03cb1c4bda9f5b412e49e0f5b2a299e0bfb558b4ae7f42f2a27ec146f75af089ba71acfe0c2afe5fbc8d2cc0ef72a8b76a3b4fc359fb2810a9391e9d43796f92,CLEAR,"DARKNESS, LIGHTED ROAD",DRY,FOLLOWING TOO CLOSELY,2.0,37.5,2.0,2.0
03cb215509bc274e461ddccb07b77dc6fcfd82a77def53a9decf33aa67a2d40f95e3c7e59456f70e60b4485e80035755a4e66a60e419f307f8eaa9b987cc37aa,CLEAR,DAYLIGHT,DRY,"OPERATING VEHICLE IN ERRATIC, RECKLESS, CARELESS, NEGLIGENT OR AGGRESSIVE MANNER",2.0,20.0,2.0,2.0
03cb4949fb45a5fa801893e1e9afb073444a6733f35bc050d44b00a6699653dfd224a30875b114ea90a7118ce6e411b8e8ade5c527d4705f850cbfbda47c5538,SLEET/HAIL,DAYLIGHT,SNOW OR SLUSH,WEATHER,2.0,61.5,2.0,2.0
03cb697ebca5fb435f0a98e4c362c18b39574bb93ecb2f4ffab1697c454a428e43041dff4319359a0ec762937304aa4465ece027d954dc344f3930eb44f2f4ca,RAIN,DAYLIGHT,WET,FAILING TO YIELD RIGHT-OF-WAY,2.0,55.0,2.0,2.0
03cb6d0d37b0185a4677c007bc93f2fa8a8104d271705bc463a5bb337ba4522aa667649b6fb749e53a5b014ed8564a144d2abd96f433e5f9a1f009e9721fc93e,CLOUDY/OVERCAST,DAYLIGHT,DRY,DISREGARDING TRAFFIC SIGNALS,2.0,35.5,2.0,2.0
03cb8617c8b943deb066955f33b2299514bbbdaa867c989bc861093db3fd1967a1d5bed2aecc58afb520fef1910682a3e4b46cb92b519735ba9f24b2b7c5fa93,CLEAR,DAYLIGHT,DRY,FAILING TO REDUCE SPEED TO AVOID CRASH,2.0,37.5,2.0,2.0
03cb963ffe7f53f98078dcf70b929f200662e28b5d7d6f20cc1d461e514929d6fae85a0e722df232495ad2d1685576828728d2a8b4ec0ed1674742d7b02ec2ee,CLEAR,DAYLIGHT,DRY,IMPROPER TURNING/NO SIGNAL,2.0,19.5,2.0,2.0
03cba4e15b2309eaf34cecdcb16bed589b89680fe4036f133e3f84d53bf77063dbdb7c7f5cd3b99b6df10c0cfe96897c7d37109d5bcd3284a9c9ad5ed22ca188,CLEAR,DAYLIGHT,DRY,FAILING TO YIELD RIGHT-OF-WAY,2.0,33.5,2.0,2.0
03cbfbb49a0686e6a3651acc69a9024d3d908ce55c78b8f8f5963e13430dbe56432e3b3d202f16696ecec15308e7aa5411ae70898d4faecfb36da5eadb3df780,CLEAR,DAYLIGHT,DRY,FOLLOWING TOO CLOSELY,3.0,43.666666666666664,3.0,3.0
03cc034ae1f44e390a81d2b3196046cc3a240b8a7eb2cd1d74c364168ba59f9e44b235f841e5e9fbbb63de6688e6f8dcf5f25ed5b91235f7a78e2bbcf81c4344,CLEAR,DAYLIGHT,DRY,"OPERATING VEHICLE IN ERRATIC, RECKLESS, CARELESS, NEGLIGENT OR AGGRESSIVE MANNER",2.0,37.5,1.0,1.0
03cc27413583a259e1be12050d4f031394556736858cf1a2937bc29435fa2bb900a88cda3aedb9458b9aed50ead15b5cf96f4a55054e02a4c240d88c0d541242,SEVERE CROSS WIND GATE,DAYLIGHT,WET,FAILING TO REDUCE SPEED TO AVOID CRASH,2.0,40.0,2.0,2.0
03cc327bf0b82ce35b8d4f5eb0cf87a4805ce05c461558bd711fcc69eda57140ccb621cbd461fc69a222e0ef8f395bb3a31a2c43e1f13a9ebbec8bf177cf5c1f,CLEAR,DAYLIGHT,DRY,FAILING TO YIELD RIGHT-OF-WAY,2.0,31.4,5.0,5.0
03cc3b08328954f535c620a9c25148c19324f228712c37c1ea2c50c0c1e1522c374910a0e3b63609f023ede60096a4915487ba796672c096858ebb8e5cf71e78,CLEAR,DAYLIGHT,DRY,FOLLOWING TOO CLOSELY,3.0,40.0,3.0,3.0