crash_record_id,weather_condition,lighting_condition,roadway_surface_cond,prim_contributory_cause,total_vehicles,avg_driver_age,total_people,total_injured
03cc441dba36c8768d9f2acb8a543fd21e30e10355d3c63fc15f2249fc595980cabd1d26dc8fbda41adf261967863447c5c7edf8f80b719c96047ce40a834508,RAIN,DAYLIGHT,DRY,FAILING TO YIELD RIGHT-OF-WAY,2.0,22.5,2.0,2.0
03cc69ad5c5bb1c6f780e59867f5afcc3296ae015b0ba76a0c56512296ea8a277c8fb6b1f30f39ba8770fb0348da432aa65bf6cefe723afec52380d50c9dffd7,CLEAR,DAYLIGHT,DRY,FAILING TO YIELD RIGHT-OF-WAY,2.0,29.0,2.0,2.0
03cd3b057a72cf6f5b23a82a9fa8c68b4c5ada67517add74053a3e90790c214c8bf0842f6046bb009c3e9bae0c0604f07ea681f99863c07533709f23f3c1151a,CLEAR,"DARKNESS, LIGHTED ROAD",DRY,DRIVING SKILLS/KNOWLEDGE/EXPERIENCE,1.0,29.0,1.0,1.0
03cd41ca7465115678bdd4372b9fb6c5c7ba206d96cd144e26288491f8682e30aa9e42e1c19b22e652000c2d431ebb6c557c0047f4e1f4617131905083cdd21b,CLEAR,DAYLIGHT,DRY,DRIVING SKILLS/KNOWLEDGE/EXPERIENCE,1.0,26.0,3.0,3.0
03cd5649b08e1067cdfcfd661497dafe32ccfffd0eef43b7effdff6487783ce985d47c5ffb06d89e7487bae975ddc219ac59a6b3a1869a513c78a6c711704ba5,CLEAR,DUSK,DRY,DISTRACTION - FROM OUTSIDE VEHICLE,2.0,15.5,2.0,2.0
03cd690fa6ff79c9a75fe25e2b2c5752d746f08de1ef3368407dee02cf468c83d4567744c75cf07f40744b603c5b2fa9949f3277f62cd84df8ed25a2cbd8f1b2,CLEAR,DAYLIGHT,DRY,FOLLOWING TOO CLOSELY,2.0,0.0,2.0,2.0
03cd8d9658f4cb263e49fab3e26546413ddab55b4c29ca01ef1b2dcd7e4e2ac53a478f07ad89089cf00670b9be4944586465128eccac81b4692b20b8f762949d,SNOW,"DARKNESS, LIGHTED ROAD",SNOW OR SLUSH,WEATHER,2.0,34.0,2.0,2.0
03cd8dd9bc6993f469e81a2f6fa380e999619ce628fc233f1f3810b38224289296929205263ee7c3e77d97d3003b2e79d31f4a9da583e030ab51d2dd22144cb2,CLEAR,"DARKNESS, LIGHTED ROAD",DRY,FAILING TO YIELD RIGHT-OF-WAY,2.0,44.0,2.0,2.0
03cdc553372b28130c361c704907793a60de49004a45ec58de2d05dd9e89aa52f9d7519df3f31b7ad72361245e5b7d4009451eff49e2aec104d02ae78c782cfa,CLEAR,DAYLIGHT,DRY,IMPROPER LANE USAGE,2.0,34.0,2.0,2.0
03cdf39df42e00ab25f0965851a2c62835ff5e0ca80d3d5a722956a45e97f6bd5d2be1938152943f005ea0182a93952308a48652b779612aa575a53b276fc7da,CLEAR,DAYLIGHT,DRY,IMPROPER BACKING,2.0,30.0,2.0,2.0
03cec37b6a0757b8ba8a63a8a762fd0762eef7d01cb308b8983bcedf33ab240c67df482f9690cf165fdbb6cae248bc626de56889c53e5d56cfffe983f5a8075d,CLOUDY/OVERCAST,DAYLIGHT,DRY,IMPROPER TURNING/NO SIGNAL,2.0,37.5,2.0,2.0
03ced5911df19955f470bf0011b00b56f9a79e9aded9a34a7310a6e7db3f16ed194934cafc25be0dcf8051181a8e901898f046618c262ebe8aa11b69d7c407eb,CLEAR,DAWN,DRY,DISREGARDING TRAFFIC SIGNALS,2.0,32.666666666666664,3.0,3.0
03ceef98203bfb407fd0f22f81c80157274ce424327d61e20b02d47c6f0b73d4244b50c38af8bf7944c48573a4a4d840bd071c253fcab6fdb9e2aceb9cf71a94,CLEAR,DAYLIGHT,DRY,FAILING TO YIELD RIGHT-OF-WAY,2.0,66.0,2.0,2.0
03cefbad99887d3074d49db0201e0d14866810df3bd7107117c106a748571ebeb5dc9a8aa19bdc2cdef53183474cc76980e032e3b6f049f422788439f7be5eed,CLEAR,"DARKNESS, LIGHTED ROAD",DRY,FAILING TO YIELD RIGHT-OF-WAY,2.0,19.0,2.0,2.0
03cf016eac3b3b5fceb9f991eb69dc29b8bb638cf734b0acdf66a9cad3448d0ef9dfd89a2fbdf56191d0eb07887ae9e70b45cc15418c958450d641dc7a876142,CLEAR,DAYLIGHT,DRY,IMPROPER OVERTAKING/PASSING,2.0,32.25,4.0,4.0
03cf55ea7e26eedbc4368b803d599d2c5fce7b063377a16eb49b0698201f765b4e214b8a2a3948613882222898c0b68422aa8cdbce3c3a2e11cd0b0d07ea5f0d,CLOUDY/OVERCAST,DAYLIGHT,UNKNOWN,IMPROPER TURNING/NO SIGNAL,2.0,35.0,2.0,2.0
03cf71f88bd26ff6a149c06670ad7f150ffb361608a23d69374dad2142a8f073346fb47520a9dec0d479b1cc10e26822bcb06010ab12b871b9a87c18169d2036,CLEAR,DAYLIGHT,DRY,IMPROPER OVERTAKING/PASSING,2.0,37.0,2.0,2.0
03cf7a911d2a6d3951ddffe00e1f6023bee2eb463f29a0949a8ab62e1122c0d5ea1049278f776c6d5652d73d064f31df076e1a479c9529484c8905cf0d035609,CLEAR,DAYLIGHT,DRY,IMPROPER TURNING/NO SIGNAL,2.0,57.5,3.0,3.0
03cf96f286cf3492467b8be774aa4c3aeccfad11f8e214b38d6510782adae9118e13706615297fc3ac5e6dd507f08a0015b89a33fb3b136ee89ce3abfea491a8,CLEAR,DAYLIGHT,DRY,IMPROPER OVERTAKING/PASSING,2.0,66.0,3.0,3.0
03cfb23b9dba44f7339e581b66b8af2ea3e81bae66230eff685d6b006972c4e3bd2bf905ab9aca7c9dba26774d288479eb71cad61c54cd56ce0abb92215c7c0d,RAIN,DAWN,WET,WEATHER,2.0,40.0,2.0,2.0
03cfb576ac879e4c253819412505dff06b2fcad7ec5b8756c4ebc3f5f0c963fb394f8c4af761ebcee7ad7cd3daa39154a3fe3d31076c027006bc77b78564b06d,CLEAR,DAYLIGHT,DRY,FOLLOWING TOO CLOSELY,2.0,65.0,2.0,2.0
03cfc3a8e17dae5cd3738f597de61f4ec72604ab4da46fdcdf2ddeb8e21f851695d4bfe98d8ad6dd76226ac7779ecf67a9867975be4e9799b088701b92267b72,CLEAR,DAYLIGHT,DRY,FAILING TO YIELD RIGHT-OF-WAY,2.0,36.666666666666664,4.0,4.0
03cfc4eceb332df8dbdab1bea83cb21a6d21d89e707af6eae463756d79720a1d52072c6d4a5eb00136880e69b203ce1a249e99dc1fda673db76c8a6af5714d33,CLEAR,DAYLIGHT,DRY,IMPROPER OVERTAKING/PASSING,2.0,21.0,4.0,4.0
03cfcd34dd7d9ba7e4a3607e9c212ebaca1720d1bdb67b0d8a49c88bd871f7c99332f4f381b97686450c1e167c0b216ee13d5af9bb097cc18913bf72fb195e7e,SNOW,"DARKNESS, LIGHTED ROAD",SNOW OR SLUSH,FOLLOWING TOO CLOSELY,2.0,57.0,2.0,2.0
03cfec48c616075b23bbc274cc03fd671162e44e97a01b77c26add6a879a6d80d3281bbdc6131c88955b2bc86ce31daf8c63de39d435414373bb7f996d2eeebf,CLEAR,DAYLIGHT,DRY,IMPROPER LANE USAGE,2.0,35.6,5.0,5.0
03d01e2d7ddb28232019115d76863e502b13cdd780113ea235614553200b5f102f009ec3c6fde99b43b58ae68c7b8ac0716e6d66935daea4fad955b9a1cc9aee,CLOUDY/OVERCAST,"DARKNESS, LIGHTED ROAD",DRY,FOLLOWING TOO CLOSELY,2.0,37.5,1.0,1.0
03d042f087a664fbb0babe4a77214c117940366c6311f70fe158854afa972f64edeef472b045c38c52285e30550b289aa94527910a29dc0a3863fcdf7cb60162,CLEAR,DAYLIGHT,DRY,IMPROPER BACKING,2.0,37.5,1.0,1.0
03d070f3534fbb84182c140696af0b40d49b1a0048c0040e5ddad76db7fc47fe34cdb7aa7aa95eec17260616e709fb1719e53a639563d731c9e68b56da689a5c,CLEAR,DAYLIGHT,DRY,EQUIPMENT - VEHICLE CONDITION,1.0,70.0,1.0,1.0
03d07c1b873db61f82ca9e4f6f60507112fd3462a8905b4b87db68d3a130a3215dc04d693ed993ec85f3e6a7c868a3f6ed5647676b17ffe583f1975eae90b95b,CLEAR,DAYLIGHT,DRY,IMPROPER OVERTAKING/PASSING,2.0,58.0,1.0,1.0
03d07df7afaebfafaf2462b5c3f157ee54796330e21e7fc5a628cd80e47c69849f4407240ede6453b4f39f09fa3a6dc5f234529297e1d1d855447b90c67a5f2e,CLEAR,DARKNESS,WET,FAILING TO YIELD RIGHT-OF-WAY,2.0,67.0,2.0,2.0
03d080676a8de54899ce76365d7136ac523a27a92f86b580117e8c6120c3299826b611f40f01c5d02e4cde9e47956e0992fef2ee7b6f3a2ec2c65abba9716fb6,CLEAR,DAYLIGHT,DRY,FAILING TO YIELD RIGHT-OF-WAY,2.0,23.0,4.0,4.0
03d08400db1530e2fcef57b1effb563b6abd88384184b34e2570a98527be6f1215a12bb1ae007f07607879de99ec98c596662500a25e9e48fbbebab6f8312b2d,CLEAR,DAYLIGHT,DRY,IMPROPER LANE USAGE,2.0,53.0,2.0,2.0
03d0874e35320dbcbe09573e82b80f10d8f55c6e853dbf4c5a80207c433c4dd9a73ba2c7e4723c56932eb9160c50e99983d1cb9e6382d8a1ada94f7650233fbc,CLEAR,DAYLIGHT,DRY,FAILING TO YIELD RIGHT-OF-WAY,2.0,48.25,4.0,4.0
03d09532b69db13439b195f8b85b52378de8b53558601d513f406ec0dde9d465dcbad5d66097500f6a7a2a34137a31ca5b62bf49c596f664afe5d300a4a69c62,CLEAR,DAYLIGHT,DRY,IMPROPER LANE USAGE,2.0,30.0,3.0,3.0
03d0b1b55363123e3ebba763c81ab0cca84d29679a5f34f22cdbed1d987b0b7407a460c67179c08ccdc8fa18e7faa50b8e7c0b4dcc589138bf6f6e8a00bfca4d,CLEAR,"DARKNESS, LIGHTED ROAD",DRY,IMPROPER OVERTAKING/PASSING,3.0,28.333333333333332,4.0,4.0
03d0c744e760aec97d04c400a6377fcbbaece4865b80186f56047ec68ca416352c797ef1a8a0f2812d1d4889dc7416ddf2e6f1832e82a72c8f3112d512de34b5,CLEAR,"DARKNESS, LIGHTED ROAD",DRY,IMPROPER TURNING/NO SIGNAL,2.0,46.0,2.0,2.0
03d0e7473e57c3ddb556af5bb32e1696da54f450cc83b0f167968a788ff7f44eab25fc356114f29624c4cede8aa737e3d01c8e2d18933a1ea0865e2fbb0562f5,CLEAR,"DARKNESS, LIGHTED ROAD",DRY,UNDER THE INFLUENCE OF ALCOHOL/DRUGS (USE WHEN ARREST IS EFFECTED),3.0,27.0,2.0,2.0
03d11099a7c4801d9c442c647aacadd31c81da22638a50f9f7cf79045a2471dc026db5f7f97cd415f3489e84f7d77c00a2b941f0d8105a801f303eec160ec64c,CLEAR,"DARKNESS, LIGHTED ROAD",DRY,FAILING TO YIELD RIGHT-OF-WAY,2.0,43.0,3.0,3.0
03d11509d3558addf3f371fd752a5c3cf6941a21faabf7cb2fea3606aea626967f23bb0cbeedb93f6fac3ddeb7cf4084b9bdf7acbf8668b750037290b5afaf19,CLEAR,DAYLIGHT,DRY,FOLLOWING TOO CLOSELY,2.0,46.0,3.0,3.0
03d160063f2cf21995f18d218c8ff7c87cf8e4a413ec0fdb110f768d838260cee875e084f3e15a40e4a677206ba465fe0e45c0899251153ec50cc8870feda898,CLEAR,"DARKNESS, LIGHTED ROAD",DRY,DISTRACTION - FROM OUTSIDE VEHICLE,2.0,37.5,2.0,2.0
03d1611e6813c91fbb79b106328e8e766174812790eb60e4bf88feb3e70093a8991775243792218077c6f8be86c9e9941d19e92bf86072bd67d64597256b06b0,CLEAR,"DARKNESS, LIGHTED ROAD",DRY,UNDER THE INFLUENCE OF ALCOHOL/DRUGS (USE WHEN ARREST IS EFFECTED),2.0,43.0,1.0,1.0
03d1622c09f059df488d4d520e8d1ec4e3b87698c2fc505d2d6b9d35c25ff57c745b0bda87b88ff2966016bce6f234e543af0959b25ac6627fd03ba1f792d2ea,CLEAR,"DARKNESS, LIGHTED ROAD",WET,EXCEEDING SAFE SPEED FOR CONDITIONS,1.0,38.5,2.0,2.0
03d1754d3c087c32795131be8381497a9c0d50c627ba5d713d1dc294ccb7c94003976e9978300f06909fddf8002d563422f61945d1962d16153d6ec816e4926e,CLEAR,DAYLIGHT,DRY,FAILING TO YIELD RIGHT-OF-WAY,2.0,50.0,2.0,2.0
03d190c7e90b56dad3b6f0756fbe569fe3665940672b8c51d9909d75ce8a39bd01e90b92d6b10132439a91c9afd35c75d5f44e39e7feb7b676063da6c30ad97f,CLEAR,DUSK,DRY,FOLLOWING TOO CLOSELY,2.0,27.0,2.0,2.0
03d19b14c88bd945c95002ee0d28aeb5fed2a4da6f2ff5e49cb3995dd8e5fe6a205e8075489b9e995d159241cc9d9e4658ac18769423a956109e6c38258bbd3c,CLEAR,"DARKNESS, LIGHTED ROAD",DRY,DRIVING SKILLS/KNOWLEDGE/EXPERIENCE,2.0,52.5,2.0,2.0
03d19df8700d63f1638085a4babb586ed4f28de1761c050c3cdf8f35f8b9830acffe2c37dd67670533a909c21500f7ed526c2fdaf3f2d05090c594bb0de1084c,CLEAR,DAYLIGHT,DRY,FAILING TO YIELD RIGHT-OF-WAY,2.0,28.0,3.0,3.0
03d1d0286c16b8b827727e4df175c8eca230b2b720ff6ccce52e413a86f95fccf532cec621de1689242e6bf4d0422748c7da3f1c2aa5dbf5814465af9dad7d09,CLEAR,DAYLIGHT,DRY,FOLLOWING TOO CLOSELY,2.0,56.5,3.0,3.0
03d20210db0ecca19d8a9beabb4dce2e9f44cf45f199cdea285938581f958ea8e4ad4b0940ead54edb455e79e0c4247844ee227d25586025f623cd7211a769c3,CLEAR,DARKNESS,DRY,FOLLOWING TOO CLOSELY,2.0,64.5,3.0,3.0
03d2515ae6e523d276b537c2991f78f122fc7e036373e223fe4ff2fbf0f63ca58665ec75e064f20a8a51f4949c69898c85b92d634fb850398b2e2e531f6534f6,CLEAR,"DARKNESS, LIGHTED ROAD",DRY,IMPROPER LANE USAGE,2.0,37.5,1.0,1.0
03d2527efcb252482e4a75ddf941961ae5b1e10eab2c3a03776e43bfae1d2872b0f94906b26272ed5b3b76e2256c10083f6f79ee8eb0f61f7d073e158449c200,CLEAR,DAYLIGHT,DRY,RELATED TO BUS STOP,2.0,28.0,2.0,2.0
03d26ae99f1e2ea5070bfc37e05ab6509e05e5e33444981c5450d904d7edb82bc4309e9df01cffae4d363351359c36e2f0837e51c4a8a5c01f308bd0e809c920,UNKNOWN,DAYLIGHT,UNKNOWN,IMPROPER TURNING/NO SIGNAL,2.0,38.0,2.0,2.0
03d281d3b396a877c6b987216fa1ac3ba8e9e6b2a843d73a0bbb08aa3632b322713e0725e5a7f9c0d8a9f68e421332b7a5d63fc32722d82ef9905f8b0bda84df,CLEAR,DAYLIGHT,DRY,FAILING TO YIELD RIGHT-OF-WAY,3.0,28.333333333333332,4.0,4.0
03d2c65b593eb1a1fd698ebd59129d87edcb12059239984c8978055a06d49c39b5d8730c3b31c4649011a011b173175facf873d91a83a1c566dd1e067292ae82,CLOUDY/OVERCAST,DAYLIGHT,DRY,FAILING TO YIELD RIGHT-OF-WAY,2.0,17.0,2.0,2.0
03d2cfbf1bb44e0bc7d6d621be5d68d1e2d4ea23ed96d4089e115cbd251c67641ab6be21df11384ae7fe8f38cba5f16e3bfdf3d1a982349a2ca3709b67e05ad7,CLEAR,"DARKNESS, LIGHTED ROAD",DRY,FAILING TO YIELD RIGHT-OF-WAY,2.0,29.0,3.0,3.0
03d2d168e5ef1da05d40042a450be3d130d8cae687a3abf6ec186111c1d93a345c6f38bec56b36a4a713aefbc315294252026aa54bdb0f78f48698e4c53f8179,CLEAR,DAYLIGHT,DRY,FOLLOWING TOO CLOSELY,2.0,31.666666666666668,4.0,4.0
03d30fdef8ecce6c51dd4ebea08c7394a0e6637246247ae803dbf8ffbbb21ff6c2b2235df75b5dfd776ece0b11d80a8346152290725381d85bb5006c965aa514,CLEAR,"DARKNESS, LIGHTED ROAD",DRY,DISREGARDING TRAFFIC SIGNALS,2.0,48.0,3.0,3.0
03d31b226e42882d5d1ee7471565201298fddbf4e91402d67a2a59b28d4af403c1a74c0cbb4c73117d3d0148de0228dfdaf2accaa75872a095be04cc57322899,CLEAR,"DARKNESS, LIGHTED ROAD",DRY,FAILING TO YIELD RIGHT-OF-WAY,2.0,60.0,2.0,2.0
03d366de01d185a3da6ea08064c5454618185230a2ca2b8037bffd1ad513d0fb3d50e7bfacfdc64dce530490e55c2929b8ea780f08cba618aaf7f0eba6907bed,RAIN,DARKNESS,UNKNOWN,"OPERATING VEHICLE IN ERRATIC, RECKLESS, CARELESS, NEGLIGENT OR AGGRESSIVE MANNER",1.0,37.5,1.0,1.0
03d3679ef44bb8aa0f2060cb0376f3eeb1d9dbb21973222125f2cb361125d472aefabb94cc9baa198af261961134d62be5c5017504616eb19def04b9de3607d8,RAIN,DAYLIGHT,WET,FAILING TO YIELD RIGHT-OF-WAY,1.0,24.0,2.0,2.0
03d36b895ef566905f495b946dcdf5481eed6d345617a463afea2e443d5d4b95dbb1de191741e20508fed7bcf42d48d1f45ad7c44747bb0a77498360b2406873,CLEAR,DAYLIGHT,DRY,IMPROPER LANE USAGE,2.0,23.5,2.0,2.0
03d39b71b1412ff5c122aa3f82aacf7d592485e228ae3291fcb84b159678dd94ceef6cdc64677a1574fca06742021bd027c3fbee4344cf3955fa42589c4e1c62,CLEAR,"DARKNESS, LIGHTED ROAD",DRY,FAILING TO YIELD RIGHT-OF-WAY,2.0,41.0,3.0,3.0
03d39c3818ebf9e1875d6f095b8576e2b1c925758b193014b0c15514a0e69e3063cf3a32dd7b5a8ff6c1fef95b1689001f8a6258386e8d01bc5fad2d4ec22609,CLEAR,DAYLIGHT,DRY,FOLLOWING TOO CLOSELY,2.0,44.0,2.0,2.0
03d39c9ab4d94029891e018b4dd720329847404d389f575311701777bc421a8f157008b8a819c1bb4f8877a48011b5f945b002ff1630d71791acbb11a7f53492,CLEAR,DAYLIGHT,DRY,IMPROPER BACKING,2.0,26.5,2.0,2.0
03d3f5d2e46d6ef2371ed746f9fd92982d52eeff12387f156534517c5a483b5b8a5b0c4dd40ecb5105572e39d4ee0ff64279ac8237f980d07361007f78eef3cd,CLEAR,DAYLIGHT,DRY,IMPROPER BACKING,2.0,52.5,3.0,3.0
03d3faf9ad7ceda6b4949fe6a6dc6cb69d08677d750035d7aec02ef483e5f0b592b5c918f3b83dc2df422fb007ce038593a1ec79b25a017193d923c8bfe2dd9a,CLEAR,"DARKNESS, LIGHTED ROAD",DRY,IMPROPER OVERTAKING/PASSING,2.0,19.0,2.0,2.0
03d4075e54dc53562e4143495e4b57f0024d22589a6cfec845b23c0eeb4ec49c4f86f94780bcb453f7bb0052494678e63d867a7108aa71f0c360d934c490fa18,CLEAR,DAYLIGHT,DRY,DRIVING SKILLS/KNOWLEDGE/EXPERIENCE,1.0,25.0,2.0,2.0
03d40a1c7b11b43e185f5e0ff558a6f76ad05520da10f59a8cc0b29809a5ea28ab3c486019a5098bf9ceb0345fef00eb21f418c8ecb45ec11b77706994b4458e,CLEAR,DAYLIGHT,DRY,IMPROPER BACKING,2.0,43.0,2.0,2.0
03d4371532aa4ab837c4a74ee8862cc64ad1e1f8ff6cbc0b584afe23639de548f4847ea6665c3a152b35176bf9c2294028d78603bc6516182326a93d6efeb6c6,CLEAR,DUSK,DRY,FAILING TO YIELD RIGHT-OF-WAY,2.0,63.0,2.0,2.0
03d46b7bdfed7c8fb41e06e5e89d5a239c53d19d72f59a4700d6de35a57a8fb8587f63b39653f6791bba2dc83ff3d03bcc4ef742a1a7aeb470ff56d64aaf5c9a,CLEAR,DAYLIGHT,DRY,FOLLOWING TOO CLOSELY,2.0,14.5,3.0,3.0
03d4a1b758215aebee8bc631449d9649461f15eee4a79fbe421c6e97972c6579109a0289d2ca27b3a39972be47fa9816f92b9dcc5d7a2a9e0a6e15d1172666be,CLEAR,"DARKNESS, LIGHTED ROAD",DRY,IMPROPER BACKING,2.0,23.0,2.0,2.0
03d4b0c22b37fcc03e13fd77ff1cd101f8d7818694e5c90a6f7d6c7635a9941f3b07e0342efdc3c5e05204d2b3b5f3cc25c206709b8c3ee83c4ed03f194ebc82,CLEAR,DAYLIGHT,DRY,IMPROPER LANE USAGE,2.0,19.333333333333332,8.0,8.0
03d4e5b12a867539ff701883ba985d6dec01de837cdc29e686f06e44d7d7f5047c7bfd55b92de6cb20e2ea7b0096b9bc843494103c3829cf49343b29d8545f1d,CLEAR,"DARKNESS, LIGHTED ROAD",DRY,DRIVING SKILLS/KNOWLEDGE/EXPERIENCE,2.0,37.5,1.0,1.0
03d4fc000ef72a0dc6377f410568ac56e26f2085eb5f2de6974ea2326acb106c63073dd5703e82dd241f55fed537cd6f634a3c46a284e33d288d51fdf0587448,CLEAR,DAYLIGHT,DRY,FAILING TO YIELD RIGHT-OF-WAY,2.0,20.75,4.0,4.0
03d4ff35299c7d5a95caf602b52f84ba760829092d6780b2063a08a4e444ff045b9d5bebf1269613f2d115d77af98d692a4a7c25b41246ce5352a6e90dd17ce7,CLEAR,DAYLIGHT,DRY,FAILING TO YIELD RIGHT-OF-WAY,2.0,40.666666666666664,3.0,3.0
03d54753addb74e94fb0dbbadbbe7db05c424b862c1dcd4ed8f37682b5860133170ec34b0e61bc066e65a9686af82eea7a5d6e0278f93a04fb0db66c985168eb,CLEAR,DAYLIGHT,DRY,DRIVING SKILLS/KNOWLEDGE/EXPERIENCE,2.0,33.0,2.0,2.0
03d55978e7b01e6f09523d044dd7c8feefe089215d94aa06e50d7ccbf93b21974acae9e8e50cb1fbe9208424f1ab174df530737a786264d17f4e9b0821c0ffc5,RAIN,DUSK,WET,IMPROPER TURNING/NO SIGNAL,2.0,26.5,2.0,2.0
03d5608021d7d046afd56c9fe8bbc32654a7a27c2b60948f2cd62e74ba5290c9d42bf3113d39967398b01d627d70f617bcded74c68fc3c2c384c2dd44bb6f131,RAIN,"DARKNESS, LIGHTED ROAD",WET,FOLLOWING TOO CLOSELY,2.0,38.0,2.0,2.0
03d56acf0c00e1a0e48b01d9e4c60c98b61595653263e25ed5c82d2a57ec3a9dc7cc284241c3adbcc492b0632fc48c2101012ab5af6ca0d51779a4cfe07eae8f,UNKNOWN,UNKNOWN,UNKNOWN,"OPERATING VEHICLE IN ERRATIC, RECKLESS, CARELESS, NEGLIGENT OR AGGRESSIVE MANNER",1.0,17.0,3.0,3.0
03d5735324c74d370dc0259e4480ef328a5b3375d405d23c07c27d08f23cc6aa72efc289b0b77cb4024e6072a2f2cf76dd5ca506a7e209cebb0fdb7094f678e7,RAIN,DARKNESS,WET,IMPROPER TURNING/NO SIGNAL,2.0,45.5,2.0,2.0
03d58ae8060b5d67a41ca6a68094aef043a0340c37e20e3bfb63c791b727b227a64c885fa9c04db06df8836042812e5e74ca8e158ace764120f850b0c28a769f,CLEAR,DAYLIGHT,DRY,IMPROPER BACKING,2.0,37.5,1.0,1.0
03d59f36d7a6733010e93e9f637c860d3affdc1ad810d1f86812e7a85a3033875d61a3299547b089fc363c35eaf578cdc6ef94d1a3cc36952e4051b52500b942,CLEAR,"DARKNESS, LIGHTED ROAD",DRY,IMPROPER LANE USAGE,2.0,27.0,4.0,4.0
03d5a0c2b2b9344044286b9377af9c23c7835b1e3c9247e5cbe5af947e2b93d5a6abcfe45704e45368d6bb7e4927140d6e13e73f2a02e3be13a74764176c8cc4,CLEAR,DAYLIGHT,DRY,FAILING TO YIELD RIGHT-OF-WAY,2.0,37.5,2.0,2.0
03d5c12f483155cacec8d266a7ad6872c87dbb7e07af5dc44b55747315f16b032f86cf355f9924cdc58c30bbcf05bd6fd2fd5d8aca43cb1065adcbe88c5669c4,CLOUDY/OVERCAST,DAYLIGHT,WET,FAILING TO REDUCE SPEED TO AVOID CRASH,2.0,42.666666666666664,3.0,3.0
03d5ddd7157398954f6623ba57fc365945a1ec8fe07c07d09eb2eaefe01ed15bc519dea61a385bd0ee16139ed70396d9d6046a183728fefbc86b52cf7143f168,CLOUDY/OVERCAST,"DARKNESS, LIGHTED ROAD",DRY,FAILING TO YIELD RIGHT-OF-WAY,2.0,48.0,3.0,3.0
03d5e97446fcff7040f08b0beb27f7060852af431693e5f95d3a3772bb3b2b6f522875b853d851e9492a8e2426c70069d25ca69e20fb31d8258e23caa883c870,CLEAR,DAYLIGHT,DRY,FAILING TO YIELD RIGHT-OF-WAY,1.0,38.0,2.0,2.0
03d63d8d35f27efeb3cf9675e376710a71a99be5cacab46aa8710927be8856880efe06ef8763a9d9b130d45aa338bf2dd2c96e838749fbadf99b4b9f122d1cfc,CLEAR,DAYLIGHT,DRY,IMPROPER BACKING,2.0,17.0,2.0,2.0
03d666d9158cd59b9ac5a95e719fbdff50ea1e5c45a984048be0b9aa11dc299cf2e2e8360e34951daf4c9058fc775083c668b73debc4ffe4aefed4f3ea9c8452,CLEAR,"DARKNESS, LIGHTED ROAD",DRY,FOLLOWING TOO CLOSELY,2.0,40.0,2.0,2.0
03d6834a3a45504528b069733f58fdacbe8fbb803b2ac62957d86ca423ff82d89ae28586f0e9ca89ee84f1001402efd1dea2df62f36d6ad79d34cb2232cd3c37,CLEAR,DAYLIGHT,DRY,FOLLOWING TOO CLOSELY,3.0,58.0,2.0,2.0
03d6897ee914447d6d85e1319e231797b785c0c62651fa85fa6143e383ca0e35cec24c01f48672b7e0e2bc5bdd06f531e8e887cb502fd917f506874d71f528d2,CLEAR,DAYLIGHT,DRY,DISREGARDING TRAFFIC SIGNALS,2.0,47.5,2.0,2.0
03d68daa51a37f688e5154d262ee758db7033aac09dce62d9280150511a792478b37f904e68fda40fd9004bd57152c4ebed24b4784d4ead30eceddf94e219105,CLEAR,DAYLIGHT,DRY,FOLLOWING TOO CLOSELY,2.0,56.0,2.0,2.0
03d68fdf419748c99e6bcba40a76cccc3ed4123e97a277691e739a4f12d9668b1ac171471b226f46f8a7385ff426b2c377acba3f661b9def751afa4f6356e46e,CLEAR,DAYLIGHT,DRY,FAILING TO YIELD RIGHT-OF-WAY,2.0,30.0,2.0,2.0
03d69b3ad820077edea0b7f88d044cc88ac452e9d9654f682c2a732b8f04076e942e1b21feeb18453e64cc8a76e2b09cef43e94fa0592520e1afbb183cd471b9,CLEAR,DAYLIGHT,DRY,DISREGARDING STOP SIGN,2.0,46.0,2.0,2.0
03d71f732fa55f863c5fe172e04875975556436d692955fa3f688b9d2aa307f56fde349283de48248fefd357d314c2eab412e6b0b510984f962a06df39918142,CLEAR,DUSK,DRY,IMPROPER TURNING/NO SIGNAL,2.0,31.0,3.0,3.0
03d74ce05bc5ab30f9adc820d6a5b46a9e2baf10688405a69d5158b0f071ca7ea897c5c06a69e4dd4584a433a43334849d1b3f699abc9566778382827d5f40f7,UNKNOWN,UNKNOWN,DRY,FAILING TO REDUCE SPEED TO AVOID CRASH,2.0,76.0,2.0,2.0
03d754dd28f448650bd3205c8027df4992988a3160dda257b9cfdd9b2af02d95d70a55df988f97dfce85ca2c77bb6193b49cc232348076b21f98df13c77400ad,CLEAR,"DARKNESS, LIGHTED ROAD",DRY,"OPERATING VEHICLE IN ERRATIC, RECKLESS, CARELESS, NEGLIGENT OR AGGRESSIVE MANNER",2.0,34.0,3.0,3.0
03d75d1241cdd7ca496fda06f473685787f446f516a5c80362daad2b6e3d7a2001f13f661a6f061818b4ed97af3906e0fdc2dfaf64c6abc3224acf911631a651,CLEAR,"DARKNESS, LIGHTED ROAD",WET,IMPROPER LANE USAGE,2.0,45.0,2.0,2.0