crash_record_id,weather_condition,lighting_condition,roadway_surface_cond,prim_contributory_cause,total_vehicles,avg_driver_age,total_people,total_injured
03d7a5f171ccc43100a20ae2b7666e5aa1f41d743ff7a114bb58d9daedadcd396366a6ba7a2b9d5fb56fd1954dcfd82d0e055ce9ed7f831c16d942204837b015,CLEAR,"DARKNESS, LIGHTED ROAD",ICE,WEATHER,1.0,37.5,1.0,1.0
03d7c2cf1675eeea080e7caead76e47d9866871bfa3126f05f0e0e674416d68c92b21efaa3d8a94930657a4dc2217078fc8924cd22a251dd5c2753017f9d4161,CLEAR,DAYLIGHT,DRY,DISREGARDING STOP SIGN,2.0,37.0,4.0,4.0
03d7eaad4b34fcad0c7949b7567ad0ad9294c2f00cecfe4870850b250ab652b912c2851b3bae703ebba090497c3403efcc7ffb558e43598b6e9afe0f95b95cbf,CLEAR,"DARKNESS, LIGHTED ROAD",DRY,FAILING TO YIELD RIGHT-OF-WAY,2.0,26.5,3.0,3.0
03d84437f1091b74c452b577822c8f53673844610a25af68c4985ae7abe6f89bdaa4d4c379f120c7bbca70f673ccc6f5ac7f278598bc07e6cd74ea805b361389,CLEAR,DAYLIGHT,DRY,FAILING TO YIELD RIGHT-OF-WAY,2.0,30.5,3.0,3.0
03d885e9d28fabe33e81c7b1d49a5a8f3463fa9e8fa47e5aaa2acbf202bdd86d5ed3a9d3aeff22f1558b8d340168a83ee47d57ae29ab743ba9df9a0ecd3d1180,CLEAR,DAYLIGHT,DRY,IMPROPER BACKING,2.0,37.5,1.0,1.0
03d8ae4f6379919e772cd8f7384ae11335602c62e9bc4737c8e12e1c1d21b28906fcff415555c341264aba5c7ab146ba34a7e4f2d7c067b23b70ceda00211a15,CLEAR,DAYLIGHT,DRY,IMPROPER LANE USAGE,2.0,58.0,3.0,3.0
03d8bab8af34a47818b6c2abf5c4db060bd755791411858ba97c5620d9a47439a34d8d4cca7ae3918eae7f443e08334a160f34bea865980a91198d9fbcdd54ef,CLEAR,DAYLIGHT,DRY,IMPROPER LANE USAGE,2.0,19.666666666666668,3.0,3.0
03d8dc49a814cb57cf933b0114e0aeb5883f241ad8f6bd7d411893147f92919693bed0fae3c7b5f6fd6f66d8e29b0d679d060fe744b83612e6d2daf68f226afe,CLOUDY/OVERCAST,DAYLIGHT,DRY,DRIVING SKILLS/KNOWLEDGE/EXPERIENCE,2.0,11.5,2.0,2.0
03d8f20f9c005ba440846bf0db1eee6ebadb6d9fdcabead89279e364fb2b3818ba5a8bfedbda053cab1d3d3c9058e356b8bb7577847fee93ddd35be9799f4ccf,CLEAR,DAYLIGHT,DRY,FAILING TO YIELD RIGHT-OF-WAY,2.0,38.0,3.0,3.0
03d9233087ac0b226eced4cc33ceb0f54052b93aa8983f851b886d7a4e1750a4a6aa686da33b80afc815bd1d8951cad8da7db9492c2ea3a231303876a90ee191,CLEAR,DAYLIGHT,DRY,FAILING TO YIELD RIGHT-OF-WAY,2.0,25.0,2.0,2.0
03d953cc1e485586f143994dc1135383ae83b829edf6335bfda3d70806eefba0b4a747b3b6071164fa33156316a025b3ee1b932404a54033ad0d104d8bf6ce49,FREEZING RAIN/DRIZZLE,DAYLIGHT,SNOW OR SLUSH,FOLLOWING TOO CLOSELY,2.0,40.0,2.0,2.0
03d96fa1c2706dcdacfda1b303f457a9c520c2276a13917df5257cabd102879c8d28b00c847c4f7c0431a93d80bd0cbd45945c9ae2d56037462cb1035ca01037,CLOUDY/OVERCAST,DAYLIGHT,WET,FOLLOWING TOO CLOSELY,3.0,20.6,6.0,6.0
03d9e8d6ffa5fa2bfe14a4522d8fb56ee7cb4d2ff6acac0cabb8aa3d0d6c77fe2d91123dd2a3b30c250d4cb31c9e232af80e7968ea9bfad48b40a615aaa11afa,CLEAR,DAYLIGHT,UNKNOWN,IMPROPER LANE USAGE,2.0,26.0,2.0,2.0
03da17dabc85c486cf3d69f9f99cd5f2958a3b32acfb35ecbf360f6f37d4acd8b87f62cb640e7101870aa54e663876c88bac070c38d5b1ae7ee134cc32b35e13,CLEAR,"DARKNESS, LIGHTED ROAD",DRY,IMPROPER LANE USAGE,2.0,40.0,2.0,2.0
03da449f9c241d2e8fb54d58558bc06f4c0b3a2f4c74235692ad1282e75a2c0ae38d1c8139446164decc0266c057fc42114582e7baa26625c561bb29989872cd,CLOUDY/OVERCAST,DAYLIGHT,WET,IMPROPER LANE USAGE,2.0,37.5,2.0,2.0
03da5febb917d41f24de1acfba90dc4fb4447bc2479872d8b68735811e707531480c7e8157f840c31e52db1c247ea49d0245657cfdc055d4a0d039ef004661fe,CLEAR,DAYLIGHT,DRY,FOLLOWING TOO CLOSELY,2.0,29.0,2.0,2.0
03da767670407e7a508b757874404cdf05b96f24257f90f4263e612bdaa6c8393ba5e9f1517879eaf603806fef54385bb660ac6ccba4144cddacd9db7ededbe1,CLEAR,DAWN,DRY,IMPROPER OVERTAKING/PASSING,2.0,28.0,1.0,1.0
03da7a761650b3df355c3ccfa13e976935a57c3bb6ce16fee1c9b67b8d03eeea44d28f6e305c8d155d13ed61ca1c31bb9a46c93d71750d39679ffcfb2bb90cca,CLEAR,DAYLIGHT,DRY,IMPROPER LANE USAGE,2.0,42.0,2.0,2.0
03da8e938f687f1a9d881743a0b582c16c1d8df6db425b61d6814d8779a7bbad219b0bba594d800d8b2a2515bd0d181fc8d09e8a49c3b1a5b89b5d0eaac877d9,CLEAR,DUSK,DRY,FAILING TO YIELD RIGHT-OF-WAY,2.0,45.0,3.0,3.0
03daa765ebdd8663294ec7ce797cd00c63c5bda8d1e697b515745d0e988a3ccc33c4a530012071612120e442b42df43847a8116bbf3c9f9f6c975a750e2db218,CLEAR,DAYLIGHT,DRY,DRIVING SKILLS/KNOWLEDGE/EXPERIENCE,2.0,37.5,1.0,1.0
03dab2401bfe1a3ebd7db4fa5828ec17c153a1294bf4e30993c3976fa40a0979bde6ca15c7a376626b23cd144aec9f0120189be5f22328669b810381d6a18d48,CLEAR,DUSK,DRY,IMPROPER OVERTAKING/PASSING,2.0,36.5,3.0,3.0
03dac359791c606ba7ad54344f8bfc3244e8ef9a89e75eb8b105e37df36186c9785f32a29ee826bf464833405b12e2a2156f708c6614c266b3c362f4203fd7ea,CLEAR,DUSK,UNKNOWN,FAILING TO YIELD RIGHT-OF-WAY,2.0,26.0,2.0,2.0
03dac4912d565148c86e3de5490812d5b8ad1f53f8b7ea2e77aaf4451eaf57d9fb7592ba60b754c06b0ec6758c8e312aff07f133f4addf32679e0867e548e2d8,CLEAR,DAYLIGHT,DRY,FAILING TO YIELD RIGHT-OF-WAY,2.0,53.5,2.0,2.0
03dac9d549188b05f1e9f8fd6bde68ab4c1d683486dbcaa49355e19259aa75d13875795e10f3c90c938cfdd4c9ff3da65de1899b6825efcac41450173ac3b52d,CLEAR,DAYLIGHT,DRY,IMPROPER TURNING/NO SIGNAL,2.0,20.0,2.0,2.0
03dacacc47683676348861d55fdd29cf6a7036426162eb96e4cf71134c8d1825908bcbf2f3d9521cdb0f0ad307f61e8887901b5b63a207f880a54fc616fd9306,CLEAR,DAWN,DRY,FAILING TO YIELD RIGHT-OF-WAY,1.0,33.0,2.0,2.0
03dae56d1f3eeb51f2b32a5c790b28797a06fdc6df93d4664ca2c56b0a3da6ecf90de55b349cecc9ff915c8118acf077dc6f1408836550eda97f61e028b85582,CLEAR,DAYLIGHT,DRY,IMPROPER OVERTAKING/PASSING,2.0,37.5,1.0,1.0
03db0c2c683723573b0513e20ebacacd648f79bb366300ef8f25648bf2cede927d3fd1f8753f7196acfc9db8ec6d58b90ea044d4830aec001031c1eb2cc1478e,CLEAR,"DARKNESS, LIGHTED ROAD",DRY,FAILING TO YIELD RIGHT-OF-WAY,2.0,57.5,2.0,2.0
03db43eeaa9baaa019fcc86fca9490cf5e0917266916c6fa3bb7ff794c0b271d5a1cdecaaf28c9cb0d5aeea11c8a88c1f34e4c11cea494fb14b047a436351380,CLEAR,DAYLIGHT,DRY,DISTRACTION - FROM INSIDE VEHICLE,2.0,50.0,2.0,2.0
03db8a7c62c337b760457abfabbef304b9a5f1a01076119509495428eccbc4e19723b6c46a5321c36268f8998d757f1477253a85b5ffc41529791ae94da5d66e,CLEAR,DAYLIGHT,DRY,IMPROPER LANE USAGE,2.0,42.0,2.0,2.0
03db8a93cdd63db11f87b08797a8ddf2610eefdf9b2483b38e8418959c64b4ae86ee2c541dc56117e4589b39cd5526c710fd731dc0e182c5c8a5a5848fe64ab0,CLEAR,"DARKNESS, LIGHTED ROAD",DRY,FOLLOWING TOO CLOSELY,2.0,38.0,2.0,2.0
03dbc76d428eeb09361b3a92fa6953e88aed8bc86be50c7fdb20424070a7fd99067d6acb8f858d7d05cce6b56e74bbbf998b2f21cece5cecccdf487bc3834d72,CLEAR,DAYLIGHT,DRY,IMPROPER BACKING,3.0,41.5,3.0,3.0
03dbd95c1f5a56cbf1273c99d017c3cd08b9cf417b3260466ff8ac901fa4d740fb42073ed18ab1ea241253eeb0e812d380235679efe0a3897e14999a47a1ed6d,CLEAR,"DARKNESS, LIGHTED ROAD",DRY,DISTRACTION - FROM OUTSIDE VEHICLE,1.0,52.0,1.0,1.0
03dbde7bbc3e05a38932b499200f8fb980964ba681d07f56135df4451234d22d55e32809700de99e7d8c085b876c1fef93fe204631a4526f56e4cde4e9299738,CLEAR,DAYLIGHT,DRY,IMPROPER OVERTAKING/PASSING,2.0,53.0,1.0,1.0
03dc13fd54906136998bb991964234fd41555401b72a230ec317d29ea32097f202a926fea262eac1d66391f41a370fab7abd2a682123c4503f1f6ceba83fb7a4,RAIN,DAYLIGHT,WET,"VISION OBSCURED (SIGNS, TREE LIMBS, BUILDINGS, ETC.)",2.0,14.5,2.0,2.0
03dc659124ec4354d4a24e0559f6326d3fb30ad4b3fb26aef9d71ddc1ad4fc751d436342542b9351686d6f8f6a13b406f11d2318bead3f180eb2d97fd2e24f83,CLEAR,"DARKNESS, LIGHTED ROAD",DRY,IMPROPER OVERTAKING/PASSING,2.0,22.5,2.0,2.0
03dc74179accd652467a47e35712b5d179b539592a1ed79d864d61e933d2e2121259f08708838bfae3518179e5dd49c1d778aa1a9297fa3250b6dc4602cc8fff,UNKNOWN,"DARKNESS, LIGHTED ROAD",UNKNOWN,FAILING TO YIELD RIGHT-OF-WAY,2.0,25.0,3.0,3.0
03dc95e204f0e6ed34a968a18cc8985c9588941378c02ed72e6c51b29ab0992bd170ed52f961a827463bdaaf4885f2a1ba88547d84badbdc86dd5b8d8c37dc27,CLEAR,DAYLIGHT,DRY,IMPROPER BACKING,2.0,48.5,2.0,2.0
03dca3b0dd7e2be2b5626aaf0c2463d5ed50ce1d6a9505c8b338163c4184291fc979e95133fdc82996550acf83224e4da0ff56d94ac32017e04008a2c6730250,CLEAR,DAYLIGHT,DRY,DRIVING SKILLS/KNOWLEDGE/EXPERIENCE,2.0,65.0,2.0,2.0
03dcae4eab31fe205f4a0819341cd85851b4adadb4342800322ff1b106fef0c325da1eb1141e746607b858162678b0e7686e6a583fd19581e6016923d7dc726f,CLEAR,"DARKNESS, LIGHTED ROAD",WET,FAILING TO REDUCE SPEED TO AVOID CRASH,2.0,33.5,2.0,2.0
03dcd1c4e0744c10732dbc536114a010d88392c44e47fa764811732a249952d61a910cd11d196d66c57411339ecf84a53d9baf19b1971d126cfe88195f6f189b,CLEAR,"DARKNESS, LIGHTED ROAD",DRY,FOLLOWING TOO CLOSELY,2.0,34.5,3.0,3.0
03dcd973886f7f82d67f22bf6544193305371c31b05847d1b026d0b350a7dbd11fc222a4986be152da3d906b110963b63886316119c71967f1cc316db4dfb0d1,CLEAR,DAYLIGHT,DRY,IMPROPER BACKING,2.0,56.666666666666664,3.0,3.0
03dd2b0e12f129dae2eb2aa49c5caa1410880fa8bcfb6f36b70e550ebbf8a71790d18c7b0de3c71fd78a15e63951a351c9ee877180e6249292b3ce4909b84a75,OTHER,DAYLIGHT,SNOW OR SLUSH,"OPERATING VEHICLE IN ERRATIC, RECKLESS, CARELESS, NEGLIGENT OR AGGRESSIVE MANNER",1.0,37.5,1.0,1.0
03dd312fe342ab3ca5c5882a0a6578c6deacdcac385cb93c929e3f45169046292f9f8d1ac3bf53637bad8b080611ea5fcd6cdc704cc0ed019b45b9231c5cb2d0,CLEAR,DAYLIGHT,DRY,FAILING TO YIELD RIGHT-OF-WAY,3.0,69.25,4.0,4.0
03dd35cbefa9ef99e100d64f3b4bb244548b1b886b5a8fc8d78669c3ffc2f2310ed5b8619680de3525cc29fe021de4b1b1b417bacbd0ec1c91429bda65a8da8a,CLEAR,DUSK,DRY,"OPERATING VEHICLE IN ERRATIC, RECKLESS, CARELESS, NEGLIGENT OR AGGRESSIVE MANNER",1.0,63.0,2.0,2.0
03dd40e6f493f8f0a5f9b3f4a1fdfe3a737d37a2a88559e732fd5775eb06898ddba12eb97657b0ef102822339670c9ae899697d4d1277e19036b23fdd7d9881f,CLEAR,DAYLIGHT,DRY,DISREGARDING TRAFFIC SIGNALS,2.0,45.0,2.0,2.0
03dd5e9980d980e7c02f54d9a36360043ace006eb2c478392179c5f9b480aca6e9a11064ad7365aec62e53a2004406ca9e14331e0df504b2506d540cf17265f8,CLEAR,DARKNESS,DRY,IMPROPER OVERTAKING/PASSING,2.0,46.0,3.0,3.0
03dd78d508af49c68c0c0612743363f215264c095af02c87dffeadad91c032f82815d09b2b98ec31615ea0c180987f226b8d275727e66aaffdbb98a6c66ea798,CLEAR,DAYLIGHT,UNKNOWN,IMPROPER LANE USAGE,2.0,43.0,2.0,2.0
03dd965fe85270023bcc77daec326c8f9bfed45fdf1f35c55a8ce2cb49a2533313695473010ffb70558326a5fc08a4ea3e43b566939eb7574baf2e26a2027b74,CLOUDY/OVERCAST,DAYLIGHT,WET,DRIVING SKILLS/KNOWLEDGE/EXPERIENCE,5.0,77.0,1.0,1.0
03ddd6628c0f9bce4014bd403c57ffc649a7155e51d478cc492f17c0f25d24353c8613db5b63e0b58a9aca3d590a78a4706c6425e95bdb4b0dbdb7dcd9e76b88,CLEAR,DAYLIGHT,UNKNOWN,FOLLOWING TOO CLOSELY,2.0,26.25,4.0,4.0
03de0a41f85471e768008e25f7c1a87d51f5ff5dce03728dabf7f8dcd49b8aaa3a8b024f0f30569a778f570ecfa919cb4267e8250f562efb0a9f17f3d5dc73c8,CLEAR,DAYLIGHT,DRY,IMPROPER OVERTAKING/PASSING,2.0,60.0,2.0,2.0
03de0a50f258f46831eb10cf06f43ee6c33c515aa82632bf9427c9e0e227d756bbb132065657d66189fccefe86d435f8c1f09b469c897ac4a8755844ec26cb8e,CLEAR,"DARKNESS, LIGHTED ROAD",WET,FAILING TO YIELD RIGHT-OF-WAY,2.0,32.0,2.0,2.0
03de7d1e8f9a6a0ac924c59d5318bc36ba2707eada1636d4debf6475d1590d02517e2d4334f4c9acb9856badc1e2d24284c61696f67e4dda56e867a1e7772cef,UNKNOWN,DAYLIGHT,UNKNOWN,FOLLOWING TOO CLOSELY,2.0,27.5,3.0,3.0
03dea8b64a9e31d221be34b88cdd48576c114076162e6544399b90599b23f3b4a0c2f3866186675b113c92c38a4125f83ffd8caf7dd01b4ae9115277f7cb3805,CLEAR,DAYLIGHT,DRY,FOLLOWING TOO CLOSELY,2.0,40.0,2.0,2.0
03deadfa25996f5b781edeb1ef65a6d237f4882a13f3d5bc5abef01810f1a53ea7dd65dc200420c0dc08639dfcfae52be63ed8bb75a1326e42a05cd7e2ac57a8,CLEAR,DAYLIGHT,DRY,FAILING TO YIELD RIGHT-OF-WAY,2.0,39.5,3.0,3.0
03decf411eea98628c397b18b74769998869e1d5c82f545feb5c151dc28416fb9cc1f47d1748630d106defd8421cd2ca004529f2312c780a8027752c9ba12f56,CLEAR,DAYLIGHT,DRY,FAILING TO YIELD RIGHT-OF-WAY,2.0,19.0,2.0,2.0
03ded8bfb9bc7b76ff796ec3d8679c42f27a7db4aff09c690935500bbe96001f40678dc0c9afb8c597612e5c39a0b74261a0a8b84ead7db559953c0ea571c36c,CLEAR,DAYLIGHT,DRY,"OPERATING VEHICLE IN ERRATIC, RECKLESS, CARELESS, NEGLIGENT OR AGGRESSIVE MANNER",2.0,32.666666666666664,3.0,3.0
03dedbbba249951503916676bb42be20472924d2cd54f7ef8e81ba3f9753baf38380ddf8121b8e26b7f74e585ad6021473539dcee038fc80b870ef236ee4760d,CLEAR,"DARKNESS, LIGHTED ROAD",DRY,FAILING TO YIELD RIGHT-OF-WAY,1.0,33.0,2.0,2.0
03df0f1c525e686cb91b48639c2eeeba0f1f97140333786fc54dd8368f3dd242124c2a1b4185c6e5187f10c0653a0872bcc91cc9d21d3a02c5e84401642b41d9,CLEAR,"DARKNESS, LIGHTED ROAD",DRY,IMPROPER OVERTAKING/PASSING,2.0,47.5,2.0,2.0
03dfbc6367c8815a5df64729ece8ab8ecef99bebfa99fc71b81036ab20623b32717710f93b821b662f090ea626f340870890521ac7053873312b71bf51beac3d,CLEAR,"DARKNESS, LIGHTED ROAD",DRY,DISTRACTION - FROM OUTSIDE VEHICLE,1.0,14.2,5.0,5.0
03dfcd0a82eeaa6242a3e171fab2842b9ebb4108a7728ac65e93ae7a2de2923576533fea34e2f4b7c530533c39fed0546839a41f6be004d4335319cff9612ebb,CLEAR,DAYLIGHT,WET,FAILING TO YIELD RIGHT-OF-WAY,1.0,29.5,2.0,2.0
03dfcdd03c3b06f6916d87b7687a4b689b3228b56162201ac8bd5c9039d3f1db69308cf5cd8ec7449c47995ee7c94332ca3984ea945aa678d8982748f8449f8f,SNOW,"DARKNESS, LIGHTED ROAD",SNOW OR SLUSH,IMPROPER OVERTAKING/PASSING,3.0,32.333333333333336,4.0,4.0
03dfd3cdcab0abe6e5233b108b66089e52694cc376756c16bcb35ba76af78519b0e5cc7e96f2c7056be1e3e65bdadb622cd1b23c18b01927a97da0707dd58605,CLEAR,"DARKNESS, LIGHTED ROAD",DRY,IMPROPER BACKING,2.0,32.0,1.0,1.0
03dfe17e03b1c966120e400de8a389e02a28fdb6d8f68a77cf856eb40ab0d6e9eaf9b41a50325e516baf836ae7e9b34186854f7b4c9d657a84b8ff14f43082b9,CLEAR,DAYLIGHT,DRY,FAILING TO YIELD RIGHT-OF-WAY,2.0,30.5,2.0,2.0
03dfea8d9ff8c4987237cc55069a9314cfc90541b6f6a420354a848a43cd7249f30aa4b90a6ec34003d86129bfae6b8fad65da10d9818c6b91959f814440bf5e,CLEAR,"DARKNESS, LIGHTED ROAD",DRY,FOLLOWING TOO CLOSELY,2.0,39.0,2.0,2.0
03e0138734b5ef89292a141dcfaecd498af15a94f3d64ca8a4582b4668cdb16a6486f27ac77a7e9ae171da4596c18c5e9c82f1e603e13afbad9120b5b64a668f,CLEAR,DAYLIGHT,DRY,FAILING TO YIELD RIGHT-OF-WAY,2.0,28.5,2.0,2.0
03e0516944046067930aa6d292d7da463656b996ef294be44f8445e542c4ddab3d21f0cb5d2c0dadf0b7ba8c0a56f1c30060530d002f3a2e9f9083c53e217c24,CLEAR,DAYLIGHT,DRY,FAILING TO YIELD RIGHT-OF-WAY,2.0,36.0,2.0,2.0
03e068a278581259a6cb7242d68f21988539babb7b7c2da64a06b390423cc220ccec85495f5b1b1aadb5aff920bec1def36bd448cd98ef4f3b6b56e5123d5508,CLEAR,DAYLIGHT,DRY,FAILING TO REDUCE SPEED TO AVOID CRASH,3.0,19.0,3.0,3.0
03e0796156c7c291bdd3e794a95545111ebadfd5e1bd59486a38134823d169083ddabf0d59684bc86fd05cc0721a3498c7641295db16d99de4a77cc3ff288301,CLEAR,DAYLIGHT,DRY,DRIVING SKILLS/KNOWLEDGE/EXPERIENCE,2.0,37.5,1.0,1.0
03e08c235f71650e650f5fc49777e534bf37e3af4d60a3658a0b6c327a0b5b7aa5df5a5c0e2df6a28e45090369f6cf72b6f99d47aa08104dff282e289fdf8f94,CLEAR,DAYLIGHT,DRY,FAILING TO YIELD RIGHT-OF-WAY,2.0,32.0,2.0,2.0
03e0b19d896642035d2f33be7d7bd7c757bef50dcb4b9e00d1c7e3af90f3a11c921e216833f4cd3fb125ed18cfa7268f1a8628b97685801a2eb236ee2887b786,CLEAR,DAYLIGHT,DRY,IMPROPER OVERTAKING/PASSING,2.0,32.0,2.0,2.0
03e0ef64cf0633098de4dff7aa7d75a2f11e4443c0579e7ae7b3b3b512aedc17d149419369636473873e68dd93d4e1fa1f40511891c62a070e086085030e42e2,UNKNOWN,DAYLIGHT,UNKNOWN,DRIVING SKILLS/KNOWLEDGE/EXPERIENCE,2.0,21.0,1.0,1.0
03e10d952f82a672f8daf80f32f16037695b3a2ad2f441c9afdf78efa6d05ce8e18f11a0414f8b428e0872455da4017a0bbffaaaae362c1f80652aff9c4de0b8,CLEAR,DARKNESS,DRY,IMPROPER TURNING/NO SIGNAL,2.0,32.0,2.0,2.0
03e141cea1e48aca49e93ac62878e649246af5a121e96802ca1485d502878ec9a594e95bff3596345804d3a122c732fc937848cd1078dc58180ab337bbc0375a,CLEAR,DAYLIGHT,DRY,IMPROPER OVERTAKING/PASSING,2.0,51.0,2.0,2.0
03e141fba0967597a839617598c3003e74d270c53d84c1f73edad8c9047bc6485dcbf8e467a8ce98454c0f276e116ff5e54b1ce58e5e09523d15366f0f4757f1,CLEAR,DAYLIGHT,DRY,FAILING TO REDUCE SPEED TO AVOID CRASH,2.0,31.5,2.0,2.0
03e191ae152080bc089e602a7555dbb2596e2a5d5b0be1df403fba8c88bc23752edfd0184f2061f70c244ab73ec7bad2ac23c51225d1fd87326d733d7c41439f,CLEAR,DAYLIGHT,DRY,"OPERATING VEHICLE IN ERRATIC, RECKLESS, CARELESS, NEGLIGENT OR AGGRESSIVE MANNER",2.0,39.0,2.0,2.0
03e1bc1652e29bc7b1c4b5535eb87397cef66b07da47f9ddaffb55238793eb30f51c836a75ea340f9df1ce3d06865583ef746a9b93608eb63ea2e9c9d8247127,CLEAR,DAYLIGHT,DRY,IMPROPER OVERTAKING/PASSING,2.0,38.0,2.0,2.0
03e1c3a76556f5fcb4c01ba7e8514f2afd3d57e991d076baf295bcd3e58ca9f72e6898a8fa9ee47274cff42576017c6eef1f34baae22b134cd56fc01c3a3e178,CLEAR,DAYLIGHT,DRY,FAILING TO REDUCE SPEED TO AVOID CRASH,2.0,45.5,2.0,2.0
03e1d9a919e1fcabbff89e10947e4b13251a292d040fbcf0bcee10b2d92a040c2aa3a31aa921caeeed85f46e4319c2c960e62eb941ce075cb090fca5b90507c1,CLEAR,"DARKNESS, LIGHTED ROAD",DRY,DISREGARDING TRAFFIC SIGNALS,2.0,32.0,2.0,2.0
03e20f26e37cbcb162764eeb8b2c22d55777e5d9d0f7ebb8f31f961987659b3f1438ad7fa584be7e4105b782826195b9d682d90b644b49f48dc503025812e6ab,CLEAR,"DARKNESS, LIGHTED ROAD",DRY,FAILING TO REDUCE SPEED TO AVOID CRASH,1.0,65.0,2.0,2.0
03e24a5b6bc7f3976701153f88a34aaf903ce0e41e8fed1042b85f6b0af080747d93ee4dde0d799339f44a3f5aed0139004863018789165d6f8c3be92786b8d6,RAIN,"DARKNESS, LIGHTED ROAD",WET,FOLLOWING TOO CLOSELY,2.0,28.0,2.0,2.0
03e251003e1608e4d4af6621dad0403ab57c34fe8ea4815185b2d5fe0f37caabe955d0ec91fc4c82d78b02d13396eca93d441bad931696ec13ffa150d8ac8004,CLEAR,DAYLIGHT,DRY,FAILING TO YIELD RIGHT-OF-WAY,2.0,67.0,2.0,2.0
03e26fd6d2ef7c42e29abfaafcde35c1c6df659e4205966098df1218ce3953bcdc8aaf7c6cc0d72009f7779094c0a64df1da6ef7c80ecde8272a27cd1eca2ac9,RAIN,DAYLIGHT,WET,FAILING TO YIELD RIGHT-OF-WAY,2.0,27.5,3.0,3.0
03e2e3dd91ee7b26b3189133ceaa07cd95b22288abab0e1e5231105a0098a0139b8e7ecf2fde6dbb195afea6ff89fe19259db1d23ae7b36b6693d6cff926de1b,CLEAR,DAYLIGHT,DRY,DISREGARDING STOP SIGN,2.0,49.0,2.0,2.0
03e2f4fb297b476594c555d6758ac450825d2b76f5340729bddd230f73567efb7e7128122f3528fba2df55316385e6a861d421f684ffccd812f6c1af65b01091,CLEAR,DAYLIGHT,DRY,DISTRACTION - FROM INSIDE VEHICLE,2.0,44.0,3.0,3.0
03e2f52676c5b96649582f108bb99393cc779dbcdfd5e0171f3d68389a8d481e3da340a3f1c19e4cb9e25068914bb323cddf477812321d79b72b2d6a17e65eb1,SNOW,"DARKNESS, LIGHTED ROAD",SNOW OR SLUSH,WEATHER,1.0,26.0,1.0,1.0
03e3386f79c7817921bb4776347e1db64e83453712b6eb07e2f6e1d552235c433aafdec7d830f3e8927c99f2f6a5930adc92c9c675baa9153701b72fa0f84c2d,CLEAR,DAYLIGHT,DRY,"OPERATING VEHICLE IN ERRATIC, RECKLESS, CARELESS, NEGLIGENT OR AGGRESSIVE MANNER",2.0,40.0,2.0,2.0
03e33b02c908f6b322ae000a52a2d3536cd6618123ed37b04399f68e0a607b90f06a39f3d2eeeba4cb69ec489ba2550b32bc4be1a0fcb4b7ea59b21a3e9a08a7,RAIN,DAYLIGHT,WET,TURNING RIGHT ON RED,2.0,56.5,2.0,2.0
03e34862c73232e9c76f20bb4da0a0983de8c3e4413536a34ec8ace43a22127804f9e8065bb91c93976d492ebda2a4c5dc82a928bfe8d77a6f9708ed4d035477,CLEAR,DARKNESS,DRY,FAILING TO REDUCE SPEED TO AVOID CRASH,2.0,41.0,1.0,1.0
03e3632615d5561a8a1571047bf77f694a35b5d959ad8d2ca0c0f69657dbedc7ce0e114a79358b3f66b6fbc933383e199fdfeb64bc5c8251dcec6da470e26568,CLEAR,DAYLIGHT,UNKNOWN,IMPROPER TURNING/NO SIGNAL,2.0,37.5,1.0,1.0
03e3740ee7e2abb552a1edcedbc0eb3f352abe6f6522cb103ab783d7144081a2ecbf68cc930f063f3316d5e1736de2bb37462039cce14ac50b69b4f46a4fa48a,CLEAR,"DARKNESS, LIGHTED ROAD",DRY,IMPROPER OVERTAKING/PASSING,2.0,46.0,2.0,2.0
03e3922da85e0123e2719225767d05389e432979c78affb46d24bbcca1d0a5578d422aa32cab83e6639550c587663a4f8613c1cce43187786fce4e0742fe35f9,CLEAR,DARKNESS,DRY,PHYSICAL CONDITION OF DRIVER,2.0,39.666666666666664,3.0,3.0
03e39d9f7f82ac2cf06ad5ed533526cb1c14021a2d7f57376545be2e53e5147af0a895ad968b1339206e73825ee03cc2c861e302922d5a0e8dc4ae5a9b569b5b,CLEAR,DAYLIGHT,DRY,FOLLOWING TOO CLOSELY,2.0,47.0,2.0,2.0
03e3a41d77072c51813fc1f1f12d9c9c0740d5fc085932cb48376c53c6cc8afaf3c1661f11b0557bfc0bf977dfb234adbd5b763141f2c317c128bec04c9fa184,CLEAR,DAYLIGHT,DRY,FAILING TO YIELD RIGHT-OF-WAY,2.0,50.0,2.0,2.0
03e3b0b83f0b5c2688b573b7d82b8804f1f942d9c23c90668ad26e5fe2bf29ee2c2d60834b995814786372307156f4d6c0de5cbafcd2b5e4f47244e3983e697c,CLEAR,DAYLIGHT,DRY,FOLLOWING TOO CLOSELY,2.0,32.5,3.0,3.0
03e3b6caad71b78ed9ae325648effa9512bfb2517aed3054e396c283dcfe869598b1a63db575c612fa4205c9b49f515c756cef13d72dcdcc3ef12993874c407a,FREEZING RAIN/DRIZZLE,DAYLIGHT,UNKNOWN,FOLLOWING TOO CLOSELY,2.0,20.0,2.0,2.0
03e3bf74ff6d1258740ded8a0a8a3029cc75292820336cf84bda681d6a877f601706f0367de0e76d0b62cc9aabf1ee2e8dd8a9eff9c261cf68acc256ff73e053,CLEAR,DAYLIGHT,DRY,IMPROPER TURNING/NO SIGNAL,2.0,41.0,2.0,2.0