crash_record_id,weather_condition,lighting_condition,roadway_surface_cond,prim_contributory_cause,total_vehicles,avg_driver_age,total_people,total_injured
03e3cc9fc45812ec1ef2830a4f7cbfa64c0760ff674ad238f28e3f3b5c1aca5f50a179034bf8f56a286a4b29cee090b5ce840b35fe61472ffeeb3f6d077ff461,CLEAR,DAYLIGHT,DRY,DRIVING ON WRONG SIDE/WRONG WAY,2.0,38.0,5.0,5.0
03e3d51b62b2cbacedf70b9b324c03792bdc39769aeba50ff1298e873a66486b4f42bc940b75c778b5bab69ed40ddd5416da373ab89a6d1c532fd2d26295db40,CLEAR,DAYLIGHT,DRY,IMPROPER LANE USAGE,2.0,29.5,2.0,2.0
03e3d89467a776642f731ac66e7d61cc53d1d0c61db1f7028c82f63ff0cb185b61108b837c2afc75bb843c6d4484003111cd7ed1cb55948db93f2c3cb09b3f76,CLEAR,DAYLIGHT,DRY,FAILING TO REDUCE SPEED TO AVOID CRASH,2.0,26.0,2.0,2.0
03e41fa43d746fb65c8ec86d47834cb9923a048b7b48402a41d11b67fd9de2db52805f5481e1f3dc92d0f44ca8a4523b03ae1c7e2725014c6d90c4cf633b6d46,CLEAR,"DARKNESS, LIGHTED ROAD",UNKNOWN,FOLLOWING TOO CLOSELY,2.0,34.333333333333336,4.0,4.0
03e4cbdc6773c449c8e5bf877d241afb0b820e2bea1dabd9efc91e65bab7f7735289e7ef93d2be2737ceb96f96c6e44b63378986ed0d73f28425da4b72a26cfa,CLEAR,"DARKNESS, LIGHTED ROAD",WET,FOLLOWING TOO CLOSELY,2.0,25.333333333333332,3.0,3.0
03e4cdc9fb653e10c0cad1bf2598a9d12896cc42c138df7f5e7f1b19c1caf9f4c76a5ecc5cecb5501b933b9646426130600d4ddd2f66848ab6f58d6cdc1d4e22,CLEAR,DAYLIGHT,DRY,FAILING TO YIELD RIGHT-OF-WAY,2.0,48.0,2.0,2.0
03e5038b58c2bbfc9f22a1d7464bd90259268f82f97bfabf78a3fee9f512445efb80d268ff3d3038f3fb194f0d7d732935c14114e6a27245e848ea45068b628e,CLEAR,DAYLIGHT,DRY,"OPERATING VEHICLE IN ERRATIC, RECKLESS, CARELESS, NEGLIGENT OR AGGRESSIVE MANNER",3.0,37.5,1.0,1.0
03e539d6e47001b3c5447ef2939821011c8ef701f9e965ae69b22156013d97a84c2a39232605831dae85fde9e7fa7a43934100a78714c1ee6ba88b375287a6d0,CLEAR,DAYLIGHT,DRY,IMPROPER TURNING/NO SIGNAL,2.0,36.5,2.0,2.0
03e5623a15f077e5dd35aa209e55dd8325f83a5f1eadc5b8c57c331cc7fe814395e12c633f83f780279559196c7e85aac91023ff5bac34ceb1a63bb0b252426b,CLEAR,"DARKNESS, LIGHTED ROAD",DRY,FOLLOWING TOO CLOSELY,2.0,27.5,2.0,2.0
03e571de4f114f6e969afbb3acf2ed1a3739779dbb5ffcd158399af514994fafe7d93f79d06d574752819db350d47beae8b9089f25b90e7bb24600464c28ad02,CLEAR,DAYLIGHT,DRY,FAILING TO REDUCE SPEED TO AVOID CRASH,2.0,28.0,3.0,3.0
03e5784a0b71f0054cd8a5ea14e311b8cff08a17bd54449c09ad4dd35eabe2695aa68279b76605a75df4469680f463396858e024755303608847740cb236b4c1,CLEAR,DAYLIGHT,DRY,DISREGARDING TRAFFIC SIGNALS,2.0,53.5,2.0,2.0
03e5bb3197d397bdd1cfada32e931ccacd31f7aa4d19321a407d0cb51267265521825408043fed534e2ed626c15f2ef276b6335fdd892df910fe3b9be897a076,CLEAR,DUSK,DRY,FAILING TO REDUCE SPEED TO AVOID CRASH,3.0,36.0,2.0,2.0
03e5e1f0d39a970dab2e6dcf6d246b2a720d6ab1b25bd6ac7af56f11a6e23331f433756a061a01d43b5c8f2c6c00a88d5ee5ae197edd78112b9dbfe78531237c,CLEAR,DAYLIGHT,DRY,DRIVING SKILLS/KNOWLEDGE/EXPERIENCE,2.0,85.0,1.0,1.0
03e5f84cfee7eb3baea70df26b2a8970bae732f7a7658cc65c3d16f34f0703c906ff0c0de86cddf15b494062c77b2b9ae0435d96b0c1c643c688fb98d3eb7aa8,CLEAR,DAYLIGHT,DRY,DISTRACTION - FROM INSIDE VEHICLE,2.0,37.5,1.0,1.0
03e6011c7f3f210f25dca51fe113375871b9a4b88f47560499570c72eb52f7802d1100dd253bf6f3801dbca267906bcbc9ceafcb8ca14056b541a44bebf6ef93,UNKNOWN,UNKNOWN,UNKNOWN,DRIVING SKILLS/KNOWLEDGE/EXPERIENCE,2.0,37.5,1.0,1.0
03e623150f1d853558a6310effaf33555d17e4580bb1d5297cbce8ec4a8f33d3b8eb758dcfcb8a777518622294350c8174d6809395652afbd26b22f0456bde27,CLOUDY/OVERCAST,DARKNESS,DRY,IMPROPER BACKING,2.0,38.0,1.0,1.0
03e6293a196bb986da96998025fabcfa9bbd5ef6e5b6a6d98388a2ac6035154c5bc108d01d1415f823b4ec280e630d53b21bcfb51d38e772e633290a97bea43a,CLEAR,DAYLIGHT,DRY,EQUIPMENT - VEHICLE CONDITION,2.0,30.5,2.0,2.0
03e62ab9d5ab405b2edb4e9f90e981972b024f511c3160366a3cdab1c3b1ff78af23183e54f865821282fac2e69807d76e929065f53f91006334c595fdb1197f,CLEAR,DAYLIGHT,DRY,"VISION OBSCURED (SIGNS, TREE LIMBS, BUILDINGS, ETC.)",1.0,33.5,2.0,2.0
03e662add9b04e003fa598dddc055c6070b5d47028674d76cb1b0cad5090f32bed351aff7a5906d7ecce0a99360504bdec8422cc69edf134c5d45273053201cd,CLEAR,DAYLIGHT,DRY,IMPROPER TURNING/NO SIGNAL,2.0,48.666666666666664,3.0,3.0
03e6c3bd69f37381b58027ceda52cd8fd8f8479624e0945c191b46a8f96ef1153eecc0b1e5276f520db92304ba6d113b2e29c84a0aaf6a5efc5152ac3caabbef,CLEAR,DAYLIGHT,DRY,DISREGARDING TRAFFIC SIGNALS,2.0,69.75,4.0,4.0
03e7009daf57deba5edb82795adb395520a1d0dca8d74d966af7cfdaabf7c7003765b7f90fef28f1351d80864954aa95fecc764d48d726cdba0bf8873639f68b,CLEAR,"DARKNESS, LIGHTED ROAD",DRY,FAILING TO YIELD RIGHT-OF-WAY,2.0,48.5,3.0,3.0
03e70dae7542aa8fc678fa71c2708a80375511ef9f3af934a77cd8ee2c1b34aad41e7c03c3aa50f9157e0a8751a8ebbea2a36aa9a42db44fd4ed5fb6aef519f1,CLEAR,DAYLIGHT,WET,FOLLOWING TOO CLOSELY,3.0,25.0,3.0,3.0
03e7435c0a985edf9b28e5117b79521b519c2e5e6b60495615e0fa92c25e60ebb3a3381147674c8761a01510a031a872d29e1af3765a8d45d0fca3223dc2e402,CLEAR,DUSK,DRY,FOLLOWING TOO CLOSELY,3.0,27.333333333333332,4.0,4.0
03e74435dd1e8e44536c9d6ca44cf328f4d7ccf628bc17c3cff2cbceecc923d1d83ea66696126b03e0b229ba0ad9dd4f28618b0f76d2dbfaf82748103a130ad1,RAIN,DARKNESS,WET,FAILING TO YIELD RIGHT-OF-WAY,2.0,40.5,2.0,2.0
03e750b4ae5163be8e7b50c863a5abaef90846fee4293c8612d06167e90dffa11ebe473414d34c082670590f1e1328e0f1c2e8cfeec4ffc8cfef462c822f4eb1,CLEAR,DAYLIGHT,DRY,DISREGARDING TRAFFIC SIGNALS,2.0,52.5,2.0,2.0
03e752ca174a925490f4ccfd09511ad861b5f5fee9f4ad8be0c5e14aa50ccf0184789610280241bef49f7b065b28930c101b385efe4460beff6490ecd3a65371,CLEAR,"DARKNESS, LIGHTED ROAD",DRY,IMPROPER TURNING/NO SIGNAL,2.0,26.0,2.0,2.0
03e775733f805cdfb804bade9954ac1e41c62e3aadec281a7203b6d9af5be03d33303cf9928c82cd546f9a37aed1c24d35476f8df3518f2f0ad8b80d45933ef9,SNOW,DAYLIGHT,SNOW OR SLUSH,WEATHER,2.0,58.0,2.0,2.0
03e776cf615d559ce55e6af505c1d563de451bfb47c1c56dd9f0e7eaf050a59ecdbd864b20ab1ce10863c12db112a2a497f15e1feeeabef13a64af4e8faf6856,CLEAR,DAYLIGHT,DRY,FAILING TO YIELD RIGHT-OF-WAY,2.0,54.5,2.0,2.0
03e7b252463e5abde82d1836d260eaf23d395732f812b0c947e2ee70a110630e6e275436500660c4078f1de1b35286d1748abd0fd5ce0edac0cec10a29937a89,UNKNOWN,UNKNOWN,UNKNOWN,FAILING TO YIELD RIGHT-OF-WAY,2.0,49.0,2.0,2.0
03e7ef59e5b568487e78cbb073dcfd2fdab465f10b260418b62e77f1fb1804576b6bece7fd4842eed92e7a107907ac3ebafc01b733bfe1ffa787979ec7f786e8,RAIN,DARKNESS,WET,FOLLOWING TOO CLOSELY,2.0,46.0,3.0,3.0
03e8133c46115a13f98a32c9e0425fc8cfb987186c94354a64aee824c72f55f9712726712315163853a96ae5ae985a79c7b8f7c6c3b8dee0239e9745230bd928,CLEAR,DAYLIGHT,DRY,ROAD CONSTRUCTION/MAINTENANCE,2.0,26.5,2.0,2.0
03e83ef7578df1104e6f0035615d4112241ca5062fb129d2bfbe639330902f2434a169b705420dac5343bce03ba531ca685432da22efd1d539f97f4210bfc23a,CLEAR,DAYLIGHT,DRY,DISREGARDING STOP SIGN,2.0,46.5,2.0,2.0
03e8410daa58eeec4ea43befe2131e586c65096ba02ee0eb22abd29ac6ab32ffc8f7adbbbd13d388c2548eee7b7833d83e3cb9444e2db47829da6e56b2224d2f,CLEAR,"DARKNESS, LIGHTED ROAD",DRY,FAILING TO REDUCE SPEED TO AVOID CRASH,2.0,21.0,2.0,2.0
03e8a0fad8a58ae534535e30b5963273335e04080467f02f6aa18c82d4f910332993b5600efbdcf1b0f63c633d6bb0355253aff92013330d7386dc8b2618fa24,RAIN,"DARKNESS, LIGHTED ROAD",WET,FAILING TO REDUCE SPEED TO AVOID CRASH,2.0,40.0,2.0,2.0
03e8a190b5f3f2cdba7ae471155d032693582641e7d81dd7fa019d253ed6eb9cbebf3caa8341039babe082ec072ba768e5873581c61be849a03737ddc4919154,CLEAR,DAYLIGHT,DRY,DRIVING SKILLS/KNOWLEDGE/EXPERIENCE,2.0,37.5,2.0,2.0
03e8f4c362a63d5bf898200c6f14aaeadd68f6924dad2d176f7f02d16cbd0457e44b72e6b7d546db1e6978fa8739f814d25142bd3cc2f338be31a1aa19393576,CLEAR,DAYLIGHT,DRY,IMPROPER OVERTAKING/PASSING,2.0,40.0,2.0,2.0
03e8f82321b1418b9fda5cb70e185cb41bc8bd19db306df55bca32ce6c452ecfd6aea95bc5658a76f57b4ffbca67d5e49fc801ea475b047c1b43cd72fe74266c,CLEAR,DAYLIGHT,DRY,IMPROPER LANE USAGE,2.0,31.0,3.0,3.0
03e91376753af5584cfaa52ac7caafc698233344b17662f941d7413b1f2d37adcc13132441cd234b2aab7c1b5fabb15a0890b65d2ef90aba211abb324e83807c,CLEAR,DAYLIGHT,DRY,FOLLOWING TOO CLOSELY,2.0,48.0,2.0,2.0
03e930b1894547d388d8a4adb62fced95f3d1c5f5aded1e6ab3a648cd5c0276ff9e5c17e1b74da94170303ed00fdc1debac03f06cc413a241cf3c2d0569d1287,CLEAR,DAYLIGHT,ICE,DRIVING ON WRONG SIDE/WRONG WAY,2.0,49.0,2.0,2.0
03e94c1d98c86450c821c046342d295adbb5f520871939ae827939a052c6ef42555a13d238edcd136b1b59d5c2cb52513cc5e30aa86a5a8d7b1f2fd757b46960,CLEAR,"DARKNESS, LIGHTED ROAD",DRY,DRIVING SKILLS/KNOWLEDGE/EXPERIENCE,2.0,34.0,2.0,2.0
03e95cf79856cd8749c72ad56bfa38d967b33577ee04383d914096cd2055d17fa34b1a72c66a0e8ffeee5d949dfd7f5e82abad218886901ea76fb305114409a7,CLEAR,DAYLIGHT,DRY,DISTRACTION - FROM INSIDE VEHICLE,2.0,61.0,3.0,3.0
03e96c396ea9ef2a1181b9b81b35ecd86bac03dbdab5162828ae6595a6268e30faea4ef90f14ffd564803fc48f87565770251e7790dd49822752d3727eae50a3,CLEAR,DAYLIGHT,DRY,IMPROPER BACKING,2.0,54.5,2.0,2.0
03e9b035693b7e57ea7f47506087057a23d847f4582dec071054bb9af5a1eecf7305353659b2bd606b7711c7b9125a734aa2e21dd36d9aefbd746548a3f7918a,CLEAR,DAYLIGHT,DRY,IMPROPER LANE USAGE,2.0,54.0,3.0,3.0
03e9b66aa90dfdb8c19e3b244b3a596c4426f09bc8118295aac089864b009c877c35fec5038d978cbf275dd34e3cb2547a76e3d84ce8d571f2e2c6ae0b9f66e2,OTHER,"DARKNESS, LIGHTED ROAD",ICE,FAILING TO REDUCE SPEED TO AVOID CRASH,2.0,25.5,3.0,3.0
03e9c61403a840e7c921ddabd52f03b9ff9bfb1a333e00b17dc049c067aa664d061dbc9c628002fb5063b049c9d87bda03d8521baab0b960ccb7bedeccb58827,CLEAR,DAYLIGHT,DRY,IMPROPER BACKING,2.0,28.0,2.0,2.0
03e9d7f8a009088fa13f82c4b5ebdc07e46b567e69e09d06080b14c9122d2eb7650735e821e06bcb909d1664bc2fd4c326587e4c900087118f0971118937d529,RAIN,DAYLIGHT,WET,WEATHER,2.0,30.0,2.0,2.0
03e9dabce521cfa722ff8b97fd5c12e5b14302024e9cb0f665826ccbf5af48e179c5c6fe75fa78b103e5e424950a7782dfe8df49cd6c8390b93ba08e6dcd0ec1,CLEAR,DAYLIGHT,DRY,IMPROPER LANE USAGE,2.0,37.5,1.0,1.0
03e9db167747370cdca71fa312ea5aee7b87193dbb2be0b72873d9d6634e180f00d689193ff4c5dffd25babb1fb90590317f964a1637ace320ac731685e3a6d7,RAIN,DAYLIGHT,WET,IMPROPER LANE USAGE,2.0,51.0,2.0,2.0
03ea09bed89f5169efa04d63ebb8465abf043469b0c1e71e848246ac9adcf746e0af32b0b05b885ba9c99248e9b7009b13f35cd0b6ea397b3d2226cb3fe1bb63,CLEAR,DAYLIGHT,DRY,IMPROPER TURNING/NO SIGNAL,2.0,36.5,2.0,2.0
03ea0ba7df01df1db191b136321c017082c4a2a7fac3a877413ba79ce67188ce01f63eba7d098cdec445922584f5469461bae98075594e8df16f3fcd26bfc675,CLEAR,"DARKNESS, LIGHTED ROAD",DRY,"VISION OBSCURED (SIGNS, TREE LIMBS, BUILDINGS, ETC.)",2.0,35.5,2.0,2.0
03ea382a18f2a7f27bd610be43e0795f843ca2bb324a660bc8cb10f5320add0366f29e66ac1311b0cd3a26f3eb69f3c1d8a477dc367dd5ad8b3debf71a6e2a30,SNOW,DAYLIGHT,SNOW OR SLUSH,WEATHER,2.0,24.0,2.0,2.0
03ea3c363c27a7c28dea15f430090e540b0fcab4bc19786add8187a7e6a7ba4b1caab3e5b6474597ad22a8d7120c1f09f42780e783defe15021eda00e2a2b5af,RAIN,DAWN,WET,IMPROPER OVERTAKING/PASSING,2.0,42.0,2.0,2.0
03ea794ebd64585e99dabc3462db4fdc3109897a4b17d29731837403253c248bafccad4142ed9ce1db97a083fe0f27767fb77089f7e60f5d7701c03b413a2efd,CLEAR,"DARKNESS, LIGHTED ROAD",DRY,FOLLOWING TOO CLOSELY,2.0,84.0,3.0,3.0
03ea92ebb5f9ccd9866b256ddad19ce3991d87c22dbb73c2a2b6eeb5a07edbad46819dd653fe5b8d108939e392f71f0498fefd7b1a8f9d489bcab601f644a2b8,CLEAR,DAYLIGHT,DRY,FAILING TO REDUCE SPEED TO AVOID CRASH,2.0,53.5,2.0,2.0
03eaa7fc6a41c3ecbd6bf460b50915ca21e1e8de9bb30fa96c2e5a33cf54167273ac4e4d4a390f092a9f940678b33e76a551c9f002f4936793043debe7e7a3cd,CLEAR,DAYLIGHT,DRY,IMPROPER OVERTAKING/PASSING,2.0,22.0,4.0,4.0
03eaac04a447821a77f4349817b5ce25e9b78ab56e5e958d36e1abce5bb0f0178318279ead7663fc145c01e15e7f08efc401c8e6ee3d268069c757529cfaa758,CLEAR,DAYLIGHT,ICE,DRIVING SKILLS/KNOWLEDGE/EXPERIENCE,1.0,92.0,1.0,1.0
03ead09aed8ef3070e1cf63a55c93905c7ffe2e68f618d94e081016924b645b0efd1fd61bfc84c6786c365cc142cf15a6499898c2ae7c86fd6f8441b91a3d9a2,UNKNOWN,UNKNOWN,UNKNOWN,DRIVING SKILLS/KNOWLEDGE/EXPERIENCE,2.0,59.0,2.0,2.0
03ead69b995c22108a77e1eb8ee1be738a2b929c1a2dc7503c160e02210623f92021442c002dcc5ca3f4b0f7ba8c3426f49fd4c01d27826fedf8da1b8b306011,RAIN,DAYLIGHT,WET,FAILING TO YIELD RIGHT-OF-WAY,2.0,54.0,2.0,2.0
03eadde195675135b7b9dda606ee19bb0431926c897f1f0dcf83ec6fd5efea1e730ccedeeebf94d07f3275ca561057e4a033edba654671b2081aa84a69a0a908,CLEAR,DAYLIGHT,SNOW OR SLUSH,DISREGARDING STOP SIGN,1.0,46.0,2.0,2.0
03eb243ccdc654dab7ede6eb52b8cab6f5dc29c1da90a8589dd99fed045a78f925ede8e6189e5cb99efc5d13878065ffb52606f9ceb1c987d9e63786ec58eca0,CLEAR,DAYLIGHT,DRY,DRIVING SKILLS/KNOWLEDGE/EXPERIENCE,2.0,24.5,3.0,3.0
03eb27ac0fbb3c436c5700e55a6be81d84a71baa71d91e8eccd638e8600cd87943ca13befb8f422ee9c3a76a9a746e5ef47b582644e5630ddcfc544291b6cd61,CLEAR,DAYLIGHT,DRY,FOLLOWING TOO CLOSELY,2.0,55.0,2.0,2.0
03ebb68c228b79ba3659285409214d7af91f8a5a2bfd2680737a454f4219b808b8924592ec3ab192c295abcaa0553de6ac4c578ab43308d45d625a37191a7472,CLEAR,DAYLIGHT,DRY,FAILING TO YIELD RIGHT-OF-WAY,1.0,24.25,4.0,4.0
03ebbd1f1e20d357a4dab4c6bfa7d0537662e01064e93520b3d2e159e38cacfe9cc9bd6967412b79c1074377e3f2d678acacf50937969fc22bd366f61c3d5f7b,CLEAR,DAYLIGHT,DRY,DISTRACTION - FROM INSIDE VEHICLE,2.0,53.0,2.0,2.0
03ebcbc0d5ae8c2c95356e317361280515d0e5c616d84efc62bfd6a7724f2fb84f5a0d5d4f9edb90902ba6cf31ffb48bdac0c40c7ff7a5142530901d6d200dd2,CLEAR,"DARKNESS, LIGHTED ROAD",DRY,FAILING TO REDUCE SPEED TO AVOID CRASH,3.0,26.5,3.0,3.0
03ebd04834bbd0ddaea5fb39445af0ae79782aeb7785199e106b403cc0f7762339eea59ff15c38b697ce7ce399fcdc4311b5e268ff5bebef40eb80de0955df76,CLEAR,"DARKNESS, LIGHTED ROAD",DRY,FAILING TO REDUCE SPEED TO AVOID CRASH,2.0,50.0,2.0,2.0
03ebd2bacc81c3b0f1bee04996378f9dbc9d3e3a1a7754008d1fab4d1df8699385c6901f69d940c7486e477e4e2d5cc695eafab0b64bc384310a534562f0ac7a,CLEAR,"DARKNESS, LIGHTED ROAD",DRY,FAILING TO YIELD RIGHT-OF-WAY,2.0,25.0,4.0,4.0
03ebe59af11e66b4c5e28678e9b95867f6184c2bbb655bb6348d2aaa6f1494c1c24fcffdc96b132560f8a9971a976139717b02a432851161a8224974177e1e5c,UNKNOWN,UNKNOWN,DRY,IMPROPER OVERTAKING/PASSING,2.0,37.5,1.0,1.0
03ebeb466b90b4e5a209b13c4f1650783729425027bacf27e6eb851765c901b8c679f5e2402d57eb3b3388399b345618ed6a168d3d4d1e70d9fe93c7b9e4e191,CLEAR,DAYLIGHT,DRY,FAILING TO YIELD RIGHT-OF-WAY,2.0,67.5,2.0,2.0
03ec1688080b2866a3e4e4283973b9d096020789b5975a20d3cb1235844bc948b21a40c993601028eb55a03680d3e5f30e46a959f5a2f93b8664e0cfe87c2c5c,CLEAR,"DARKNESS, LIGHTED ROAD",DRY,FAILING TO REDUCE SPEED TO AVOID CRASH,2.0,37.5,2.0,2.0
03ec274210cfeaa43825ba29996b6718db6cea9f2b6cdc806498a173e93bdcacba1739e00049c870d39eb6089914f1e882d6ed38c645610ba5c8595e58dd0ff9,CLEAR,DAYLIGHT,DRY,IMPROPER BACKING,2.0,28.0,2.0,2.0
03ec5266fda6c2f7bd794f70e50ed3c48f24a797581b6221677c50bee53e8fb1058498a3e0867114fce8a36ed9377c4f43f1dd1e43650642de5be69537a0f132,CLEAR,DAYLIGHT,DRY,IMPROPER LANE USAGE,2.0,36.0,4.0,4.0
03ec590ec95440c0afabd539b062c8e268c630779ef59937f883fbf61f7b4f30097a85d60e405d20956140072b4ddf3f74717ff5b084f7f32c29dd30eb991e57,RAIN,DAYLIGHT,WET,FAILING TO REDUCE SPEED TO AVOID CRASH,2.0,38.0,2.0,2.0
03ec5f4478c2482110ec78e3f0e181f8b5e829ea00ffa635c1254019f18f9b23fef41073dab39bbaba8abc2ead520ea75e3fae645acba18d3ddeec175854e5f1,CLEAR,"DARKNESS, LIGHTED ROAD",DRY,IMPROPER OVERTAKING/PASSING,2.0,35.0,2.0,2.0
03ec81f38e8d966e459a2a662c3917b41ea805101ad8a6bea7c2b93f293a5648c4b4a458052148ab6ac2fef7e7a7863662eb7f49150609687187374957ae2cf2,CLEAR,DUSK,DRY,FAILING TO REDUCE SPEED TO AVOID CRASH,4.0,65.0,1.0,1.0
03eca3b92856a9f31438e9fe1709748479f66d86847393bbc1c193d5d0dbccce01301bc16ad41af7116fc7304ce24f6f80783a7c2294943757e10093d0d8ae6d,SNOW,"DARKNESS, LIGHTED ROAD",WET,DRIVING SKILLS/KNOWLEDGE/EXPERIENCE,1.0,62.5,2.0,2.0
03ecb3a3a1c07821cfadc24fbc398a54bc83b104503d9b0ab9db08c4d0c26ca21d00d52a7ffa15d958db1534538f365d3c6567ba4c558347f44cb18d95ff522d,CLEAR,DAYLIGHT,DRY,FAILING TO YIELD RIGHT-OF-WAY,2.0,81.0,2.0,2.0
03ecc2c3f53623631f5a3584853ead8623b9e40434d7eec9d9d238e7da133c2837dd3f9e540d302676f5ac8d10d973a636e5cf0fe32b42cc5c4f75ca4c2b520b,UNKNOWN,UNKNOWN,UNKNOWN,FAILING TO REDUCE SPEED TO AVOID CRASH,2.0,57.5,2.0,2.0
03ed09b9501aa422fa3e58cfe3b25127250d14ef9e1e87e76018e4d3980e3012aee12e93835cebbd3c7f3e9e60e92f4d88e02877d4cd8e2711ee0ed4ac724581,CLEAR,"DARKNESS, LIGHTED ROAD",DRY,FAILING TO YIELD RIGHT-OF-WAY,2.0,44.5,2.0,2.0
03ed1cb46162fe53be701ff2853ff44daf84b43d3585981d9112b6ba26f5b1ed10405765cc37b37c05f46ecf6d070871067ebb925e9b903dcff9de50a70d140c,RAIN,DAYLIGHT,WET,FAILING TO REDUCE SPEED TO AVOID CRASH,2.0,55.5,2.0,2.0
03ed2e1887b72ad88635971bd2c472eef72fc0e89ce84454d4afe12247ab63e80d82f45f05f3287dddbc8125044f060ff464f4ba36c10a1e22f681c61e16e84c,CLEAR,DAYLIGHT,DRY,IMPROPER LANE USAGE,3.0,32.0,3.0,3.0
03ed6de9e396d1ba76428ecd3ca0392bf2ea8dd47b37c612ab9c5e32d1700ccfa13ab0d473368868b9d993589b489e86d4be8622efa6e0070986915b3d7d416b,CLEAR,DAYLIGHT,DRY,IMPROPER OVERTAKING/PASSING,2.0,39.5,2.0,2.0
03ed74adbc83ddff0964e8c0ad0cd55a30d172f4ff071864af8e80a741d310742c86326641ddc457b06b52fc8d4c03b298209ce9112a87a9bb58b49c94ba03b5,CLEAR,DAYLIGHT,UNKNOWN,FOLLOWING TOO CLOSELY,2.0,33.5,2.0,2.0
03ed8fe8a88524eca709ae390093ccd65c7d9f254c08bf11fd104d36a8b9f56c2e935771b280f41dbf64803b0fbf7ad406ff2eada16baf73469d8051f0f9955f,CLEAR,DAYLIGHT,DRY,FAILING TO YIELD RIGHT-OF-WAY,2.0,40.0,2.0,2.0
03edb57afc63cccd80dc9c592a742c9731b9ecadc870e6e2cdd2a246ab54f11ba8c0c6c2efbffe2d6757403a807f3c352eb9b51538ce29c04f7ac2dc368e9756,CLEAR,DAYLIGHT,DRY,IMPROPER BACKING,2.0,26.0,2.0,2.0
03edce893b2e7a03a8871de1dba3f995f41d5c836f4a4c5ae760386d00d92fb4cc07aa48046ab5c4c985fa4e565f64f268aa85602bc9a1209d663288fe1039fd,CLEAR,DAYLIGHT,WET,FAILING TO YIELD RIGHT-OF-WAY,2.0,46.0,2.0,2.0
03eddd338520bdc450568fd5f69045553be520a11ce6e09b98058c880acbe1a23afc5f48fe1400398f31fa8c8a55eef052503e36366cf4025c774f1df0d0ad5e,RAIN,DAYLIGHT,WET,DRIVING SKILLS/KNOWLEDGE/EXPERIENCE,2.0,37.5,1.0,1.0
03ede040987d4b968f349d4ca1e7977388e7f7644d3ef5617e81940be0f1119c5ac53bf86bb62df39ac33bbfce5cff981cd527f8fac3b2bc115334141b3f6429,CLEAR,DAYLIGHT,DRY,IMPROPER TURNING/NO SIGNAL,2.0,25.0,2.0,2.0
03ee18e5647d213811ba940969b29c2e2b4bd72a56ddb6d8acdc53d7bfbcda2095897b8aafd19c3ce2aede905af30f3db22230919a5aef7dfe7dcf4819d73e66,CLEAR,DAYLIGHT,DRY,DRIVING SKILLS/KNOWLEDGE/EXPERIENCE,1.0,53.0,1.0,1.0
03ee1b728a78af967617c6530b153ceb5dbccb99951cd1d865782a805192d24f7b574c410380ae48bccfcbcd5f87afdc9479d402b9343493da723275e26182fc,CLEAR,DAYLIGHT,DRY,FAILING TO YIELD RIGHT-OF-WAY,2.0,21.0,3.0,3.0
03ee20e781e217105340068855a20cd1a8fed3aaf7af70e7274f22d376c9df0071049e0f58d32e86be5107635d863492cff2856ea262e688b30e37ed71d99230,CLOUDY/OVERCAST,DAYLIGHT,DRY,FAILING TO REDUCE SPEED TO AVOID CRASH,2.0,33.0,2.0,2.0
03ee2a708a93e99bcc1245405b405d00db547d1cf4bed2c7b4ac04ea65367af934d5e9f86d4c6bb392ec188ed24a9ba205ce2fe83302b62cda353cacdf29089f,SNOW,DAYLIGHT,SNOW OR SLUSH,WEATHER,2.0,58.5,2.0,2.0
03ee3e9a5743195772c67684df50e0400cb170bb2213b1f01da2e84139a0fb9c256e0490e9c7f0596c914168654fd40345822f0ea071d15eeff3d788963d614e,CLEAR,DAYLIGHT,DRY,FAILING TO YIELD RIGHT-OF-WAY,2.0,28.5,2.0,2.0
03ee45c9fc28b1e3a893fefefea826fa19428db62ba6acfbe44cb04b96b24087facc7bda7f6bd00185e5b2beaa133a8fbb30d1678adf5915067841a2dd2f0ba3,CLEAR,DAYLIGHT,DRY,DRIVING SKILLS/KNOWLEDGE/EXPERIENCE,2.0,61.0,2.0,2.0
03ee77bc025a8e363a188a95491a918bc42f482c6613f89cfa6ead0ec3479653be90357b60097aab28c099036b06c62dfc070e36b45fb31e323ed5c44c14843e,CLEAR,DAYLIGHT,DRY,FAILING TO YIELD RIGHT-OF-WAY,2.0,18.666666666666668,4.0,4.0
03ee90e726fd673ee5b17e0215a54732eeabb8d1049bae535ad8ee0bfa074ee383fc3892d59e849bf91c9af4c0c816480d7d94deedcc4cd4e31579123e47dfa3,CLEAR,DAYLIGHT,UNKNOWN,IMPROPER OVERTAKING/PASSING,2.0,18.5,5.0,5.0
03eebc60769afbf3667d5db433918ff540b29be971275cdd9ca2636b5ac95adbd55a0fd93e41377b32abf9970e156b9ad6f4faa3fe92cd24412971a891957eb0,CLEAR,"DARKNESS, LIGHTED ROAD",DRY,FOLLOWING TOO CLOSELY,2.0,63.5,2.0,2.0
03eec34bdeccd722305736b4ddd7006a8ff36c90d5a9e1e69d93c486a45a7e460fbe495cde1d724eb3756d4801cecd2042cddbaae8d3b6dd6ed410b4f4438b09,CLOUDY/OVERCAST,DAYLIGHT,UNKNOWN,FOLLOWING TOO CLOSELY,2.0,58.5,2.0,2.0