crash_record_id,weather_condition,lighting_condition,roadway_surface_cond,prim_contributory_cause,total_vehicles,avg_driver_age,total_people,total_injured
03eecd3eec9eec2903f730b135149f5958ea842baed6525d9a8b8cc1c63f09b2ae6278d0049b7297f48fecb9940614697c1cbfc61dac0501abad1756745fabda,CLEAR,DAYLIGHT,DRY,FAILING TO REDUCE SPEED TO AVOID CRASH,2.0,69.0,2.0,2.0
03eed0a1a41c010415e23c03a92d9bc85edf7a74ae07db2a89fb22999110c3bb674f96ec743133ed02b13467dcd4873ab1f99f7840f6ba0465fbdf30a2adbbdc,CLEAR,DAYLIGHT,DRY,FOLLOWING TOO CLOSELY,2.0,51.0,2.0,2.0
03eed55902d9df2357c9c72c185997eae0bdab065c2ed7e789ab6da4d9e11a18d03deb04eda23e4e324135220b878306316046b44901a80eaf5d3ff316961c9b,CLEAR,DAYLIGHT,DRY,FAILING TO YIELD RIGHT-OF-WAY,2.0,59.0,2.0,2.0
03ef178327d69a5670f132ca591a5f3c004a9a6c89cc44bd0b08df21da8adfe84a3aec120635d80cc9381f033d59d3cceb160da61df1a3e3b18a838eb0f22562,CLEAR,"DARKNESS, LIGHTED ROAD",DRY,FOLLOWING TOO CLOSELY,2.0,46.0,2.0,2.0
03ef8c0beabcb5e11963b4fd5a5b5b4b8f921640be6bc7f7cbcb55694570a5f6fd832d76dfaec2b98b0833025aa4af6681660c8478e7c398bae3ef18aa6e5b88,CLEAR,DAYLIGHT,DRY,"EVASIVE ACTION DUE TO ANIMAL, OBJECT, NONMOTORIST",2.0,43.5,2.0,2.0
03ef92107302ab74d1ee4d3881c080f04a245324bc409c6016ab2b03ebc3d31dd862aabcf676593a3ac53bb789d91768f884e88de1e7d185821a65e399470c3b,CLEAR,DAYLIGHT,DRY,IMPROPER OVERTAKING/PASSING,2.0,43.0,2.0,2.0
03efa7bca298638f0f7f01571cf8f8c602a54a0dcce2b04d9e036979ee2b6b0a128b2ef382a8316bebbc1ace4e77bc6c97179af8477399890c649d6c060462e1,CLEAR,DAYLIGHT,DRY,IMPROPER BACKING,2.0,37.5,2.0,2.0
03efd97355b2b27fd37d79859ffec0368a801009783b30f4b12cdbadb6f926d24177ae38f1fba34ea3c16f328f7c2a179e87c4962c193583cbb60b3e535d9098,CLEAR,DAYLIGHT,DRY,FAILING TO YIELD RIGHT-OF-WAY,2.0,24.0,2.0,2.0
03efdc467bafce25493d4b7b0b94c070e3e79c9444508b8cff63e030c3a4243f1bf05a2f23e845685a5fefd8bd6b5f860e85db58cee65099afab67824d0a5f4e,CLEAR,"DARKNESS, LIGHTED ROAD",DRY,IMPROPER LANE USAGE,2.0,44.0,2.0,2.0
03f006b92de1272c176158595526ea89d72bac6722eec7fe9d05c0f0afcedd7683f194ddeffb919ac98d1a063761892f882d6d263a2858b42fa875db43d95c30,CLEAR,"DARKNESS, LIGHTED ROAD",DRY,DISREGARDING OTHER TRAFFIC SIGNS,2.0,56.0,2.0,2.0
03f00f7237cf1f6a88939025f69fc6592e4d35b819150446ee5f8ff9fe6595ed72116d7ed87fb0055b2392368dc7f85bdd53ef4e1a7181169802e632688e8e64,CLEAR,DAYLIGHT,DRY,DISTRACTION - FROM OUTSIDE VEHICLE,2.0,75.0,2.0,2.0
03f0752dd8748b999951d87645c790363582e05b3b36f7b2fd6dec4f686a28cb150781509b94a343a80c31b0692f329e6fd0e929a4efcdf8b24aedccf540b351,CLEAR,DAYLIGHT,DRY,FAILING TO REDUCE SPEED TO AVOID CRASH,2.0,29.0,2.0,2.0
03f07948eff29f141fcb41695102ab5a5f900d11f26bf97de60d40f7209c5c03d9b64c9d084e444b4f1bd5e1838ec0a9b19fc52c3f1ce7761e9f84bdd0d38aa2,CLEAR,"DARKNESS, LIGHTED ROAD",DRY,DISREGARDING STOP SIGN,4.0,38.5,3.0,3.0
03f08be69e1e2272262511b1c600b40f0fb8c4c00a1bc332635ffe440a1797281e37656e7791e53ed525130cfb0f2722ee04406039d4835e8884271e4ee20013,CLEAR,DAYLIGHT,DRY,FAILING TO REDUCE SPEED TO AVOID CRASH,2.0,37.5,1.0,1.0
03f0d77db78f7aa6d9c29b51515a8ae5cb4c29c324fc6b8f12ad58528eb07c293784ee85ab8783d9b2f18a6bdcd71034d886d291415b29a8d35da44cce2dd269,RAIN,"DARKNESS, LIGHTED ROAD",WET,"OPERATING VEHICLE IN ERRATIC, RECKLESS, CARELESS, NEGLIGENT OR AGGRESSIVE MANNER",2.0,26.0,2.0,2.0
03f0d8f8130d4e60c8a7756ea5df651d758f8cdc9b66977c236dcd3b0686c063cf7c05fc971f9e1bc3482890199242dc00f8579219502e9a86c3641d91e7dc3d,CLEAR,"DARKNESS, LIGHTED ROAD",DRY,IMPROPER LANE USAGE,2.0,38.5,2.0,2.0
03f0e03005c2f8531c9a706721a016c347894c2dda31487a3d88f04e67a0bbb50c3e5b9f97ec242963a49b3788616748cedef988c62d9a7f3accebb5b717a5bd,CLEAR,DAYLIGHT,DRY,FAILING TO YIELD RIGHT-OF-WAY,2.0,26.5,2.0,2.0
03f122b105ae4f3d7aa0a0a987ff204893a5f54e35ed34e4a6c1afa22fcddf245eed12a0679bb4020fc865786c763bf5c0dc58b2f2710e92df18f9c449c59c52,CLEAR,DAYLIGHT,UNKNOWN,DRIVING ON WRONG SIDE/WRONG WAY,2.0,24.0,2.0,2.0
03f1375d96aa03fb8c1689f882c28c2f1f6e9b6af728c8a9427c0b649e97cad108454a693fc024d521d1056364752dc81f99ba722ce3c5963b078d6d46ba7f23,RAIN,"DARKNESS, LIGHTED ROAD",WET,IMPROPER LANE USAGE,2.0,28.0,2.0,2.0
03f15668cb49af1eb743fc0abd10bbe452eaa6516bcece9853c077c8a99e13566ea54ac656292d77276a6e92d10e53463483d9874988cdcf34222ca77c7d759d,CLEAR,DARKNESS,DRY,IMPROPER OVERTAKING/PASSING,2.0,47.0,4.0,4.0
03f18c9e6e2530cdd73172e99a59c5aaf57d934ef7144f355dcebee16ee7073e0e7a9a6bd86c1e7a9c8699d677ae05225ed95bc8730ee39e93b4c1f831011620,CLOUDY/OVERCAST,DAYLIGHT,DRY,DISREGARDING STOP SIGN,2.0,31.5,2.0,2.0
03f1943de48242dbaaa7ef3e9db253c8d5ae15afeaae5ebddb669965dbab671a020c45c198e7e3132d63725daba1c82ddddaaad68dc24d0c4c991591267bed2c,RAIN,DAYLIGHT,WET,FAILING TO YIELD RIGHT-OF-WAY,2.0,70.0,2.0,2.0
03f1a30d99d160deef6ccdfbd74df6bc3e66eff3ef15d8716556813f44541459422c2eeaf589baa1308a3f623164f31f2817405366f267b1315d378ec6894542,CLEAR,DAYLIGHT,DRY,"OPERATING VEHICLE IN ERRATIC, RECKLESS, CARELESS, NEGLIGENT OR AGGRESSIVE MANNER",2.0,41.0,2.0,2.0
03f1b8280c6da992bfd4acb9fce2b003268525572ddfdf01a4b8f4674587102fe50d5e1a3d0862ce8b420bb6b95086121aea62d5f677f04024e0fc74ff73b6ca,CLEAR,DAYLIGHT,DRY,FAILING TO REDUCE SPEED TO AVOID CRASH,2.0,37.5,1.0,1.0
03f1c989268b42367e7e19aa939d13f257fcdf8e71f9198b724396f3ae4e9abf5903f6b0b1ba97161cfb6f8c699a5c77ec4a6abeffd69c81eff184c6bd9d2786,CLEAR,DAYLIGHT,DRY,IMPROPER TURNING/NO SIGNAL,2.0,43.0,2.0,2.0
03f1d3f69372c0af1fa2d18caa0a498150f3e9f44e252bdabf29036d85a12c68cb5ab2d835846c6c0a4f1debbe8daff0b80e1759ad07978d375f7769a4cd67db,CLEAR,"DARKNESS, LIGHTED ROAD",DRY,IMPROPER TURNING/NO SIGNAL,2.0,25.0,2.0,2.0
03f1eb1f4ab2047d1d57049c2a519508a207d9c1fb988daa81689132a9f1e5768c57ba7d228b30ec62472ca8a67970aea6a658ae8707c6c85f49bb31f59a7381,CLEAR,DAYLIGHT,DRY,FOLLOWING TOO CLOSELY,2.0,62.0,2.0,2.0
03f1f5ff04703c4f3b68a1e7eac6f5247086d9dca90f5fd0e1302e866b7becdd0d6db7ed0612ba41801ae509d4438eb051b2f9959e418624c1ca029883c2f6f6,CLEAR,DAYLIGHT,DRY,FOLLOWING TOO CLOSELY,2.0,46.5,3.0,3.0
03f20393dc02e80f8b7d5838cf78ff717ef8785d2f35d212b6bad12e3d8d09ecac76f6706ada8f1c6638241412f5cbbe0b349d06030f8ad5ccfa0d668a3409f2,CLEAR,DAWN,DRY,IMPROPER TURNING/NO SIGNAL,2.0,38.0,2.0,2.0
03f20607ce1d045545a3b02cbf593d8890efbc378e80da8cc34a7e59e8a46a3409b84b180e2decec2477723861b72771a7473f38f857358d46c10344a5eab934,CLEAR,DAYLIGHT,DRY,FOLLOWING TOO CLOSELY,2.0,17.0,2.0,2.0
03f238f83d6072549fbb67cfaaa43cc98c9ec0c496706147dda62c0a875e0141ebc39e31f322063ce8bda1b30754fc2365422d6e11e1622b1bb1ab1fa74fdeb0,RAIN,DARKNESS,WET,EQUIPMENT - VEHICLE CONDITION,2.0,43.5,4.0,4.0
03f2445ab5ed17459169af56830eb6f7b6e499f1f07cec98cb868a00b1c5dcb6e43f8d2ede3e26ea48bac11460586a4b3a618c67bacd0b3e086d644daefab922,CLEAR,DAYLIGHT,DRY,EQUIPMENT - VEHICLE CONDITION,3.0,26.0,1.0,1.0
03f26b41d804a21ff8396e4c71edf198b0c3e38a3e75ae8c4d31fdbc91754dab2cd8cb73db98c0cd6f181a6eea29913ac2cf17970d8034b526ce6a340c7736bc,CLEAR,DAYLIGHT,DRY,IMPROPER OVERTAKING/PASSING,2.0,44.0,4.0,4.0
03f2a5e16286ea165c80601293cbf6bb019914a93c081cc3247b035d457fbbed4e4f4fe9237e4349c5a0e124773fe52cae72ddfd8b8e027af50e7114bd556812,CLOUDY/OVERCAST,DAYLIGHT,DRY,FAILING TO YIELD RIGHT-OF-WAY,2.0,27.0,3.0,3.0
03f2b45b4e9cbeb4b38f4d2a35b4833a8ed2a0f2ef93415870fa166813a9fd9373cd4f029c9b1ea41bebab327e9502d820ca687f7df6878d05e229d95bdabeed,CLEAR,DAYLIGHT,DRY,IMPROPER LANE USAGE,2.0,42.0,2.0,2.0
03f2cc6200ed5ecc1145f144a5d31bd3877e1d28de38282e4dc9f4256bec466932a81c2586fc40e2eaeff73f353350d61808b6ff5271bde8adfc3ae9f03732b7,CLEAR,"DARKNESS, LIGHTED ROAD",DRY,FAILING TO YIELD RIGHT-OF-WAY,2.0,32.0,2.0,2.0
03f2fc249f0258d9b6037d2ab78cd0b4b52f98e43c673278f7f027f097f3e043488c2ca86e3250774011a6ca1c0e7db666bafbecb23e2e32b3f4d7facaf44afe,CLEAR,"DARKNESS, LIGHTED ROAD",WET,DRIVING SKILLS/KNOWLEDGE/EXPERIENCE,1.0,35.0,2.0,2.0
03f30a3e50f2214391a1de40de064f59f78f7ef5f08642f210d7c7faecfac1bf887c9613033f8b95f7111a42b649198e795d8330a9ce2993295973d7034cb9f2,CLEAR,DAYLIGHT,DRY,FAILING TO YIELD RIGHT-OF-WAY,2.0,39.5,2.0,2.0
03f33690637a01d96e377f74b079be8542b6992b9451dbd1d3e8b67cba1da99898296df3c1e544aea1359376cb9de0bb2a972a0e0ce3f79b64c8d9e3fbbe48a8,RAIN,DAYLIGHT,WET,IMPROPER OVERTAKING/PASSING,2.0,37.0,2.0,2.0
03f336c9f679c1cb1e2e387b1b778f518dfea37053a167d94992b647fe0634332e20c5660fa1221d45716efe62c67ac087fcb1b058811bb5b232d2e490a61886,CLEAR,DAYLIGHT,DRY,FAILING TO YIELD RIGHT-OF-WAY,2.0,28.0,2.0,2.0
03f36c7ff4fed3f7a6bea8cd80bc7650e5fe2a8228a681acb484ebff293a74269f56ef463650720bed7709d154c6dd1435bf9665de4b1db75c74496ebd0638fa,CLEAR,DAYLIGHT,DRY,DISREGARDING TRAFFIC SIGNALS,2.0,65.0,4.0,4.0
03f39df15906970185c9ee5d0025e510beebd87ed841069363774c4ae0c08eeca59edc7f0c376cdc87d5d6365419d9b0efc3861dd49f3ca97403cc2882f0209e,CLEAR,DAYLIGHT,DRY,FAILING TO REDUCE SPEED TO AVOID CRASH,2.0,48.5,2.0,2.0
03f3c356d10d0d15e64e1c6b1efc0f3d9021ddf1d27622806cafd45ea50c3d7c9b3a26b83d46a2c9d1208938553101642c3bb2f64a5a238542169a02561c9a2b,CLEAR,DAYLIGHT,UNKNOWN,IMPROPER LANE USAGE,2.0,36.0,2.0,2.0
03f3c55af57d89ad2f103bdb498d8909523ca10d390913eba212b4ac12b0db4dbfee338e821d45a7918f5c1a42ab5b52e1f0f8c6067cd3644dd2d5377ae537b6,CLEAR,"DARKNESS, LIGHTED ROAD",DRY,FAILING TO REDUCE SPEED TO AVOID CRASH,2.0,56.0,2.0,2.0
03f3d83e0361d7169ab9b717bfe923388ae3a25bd629c64cae00f44fa39b5e4a63b40ddbbcca925660ced6775b759a19222ac81a5338059a52e629d4ff055b44,CLEAR,DAYLIGHT,DRY,IMPROPER LANE USAGE,1.0,41.0,1.0,1.0
03f3da7f0e39c9a2b6cc1503bb7c4b103e50216694e38ae18537bcd709313126c56948af36e456208ecba3311d54981e776d3800cb6d12da0089828405c8fda9,CLEAR,DAYLIGHT,UNKNOWN,ROAD ENGINEERING/SURFACE/MARKING DEFECTS,1.0,22.0,1.0,1.0
03f40e97d7ffd0ffd8445646c6be9c9e3162eb7b8412abeab8aacdbe724aa111efa0af46d50fc337d99c1959a6eaf0ffac9040393677847ac238185f18dce926,CLOUDY/OVERCAST,DAYLIGHT,WET,DISTRACTION - FROM INSIDE VEHICLE,3.0,33.333333333333336,3.0,3.0
03f467ca3f775c41c4e46538b171231ab2792a858b96d92841437bc750732213e7eb12c20062980f138bd699052b20d99605a1224833eb9abec389b4e2383e0d,CLEAR,DAYLIGHT,DRY,FOLLOWING TOO CLOSELY,2.0,28.0,2.0,2.0
03f471998fa618394f0de849104f20bd18e64008d20d06bd389ee3c96b1abd2f70b2ce69604e399038ff62f6dd7a1441323079b75c8f1244081b6e157c9e9777,RAIN,"DARKNESS, LIGHTED ROAD",WET,WEATHER,1.0,32.0,1.0,1.0
03f479622038ca0b2a048c0ceb2a7faa7de6f9015e4b7912f8aa3834317bacab3edab598b1a62303790667f2aa7e9f1733dba35aaecc0d30a4030a56112d81d9,CLEAR,DAYLIGHT,DRY,IMPROPER BACKING,2.0,55.5,2.0,2.0
03f4b913551197a6c0633b003661651ffd47b5c2d9ba29acc48cbc6b99c2ef3d522547cdaf69ca7ed4c5995e5f07a4c2d69ade83a4be949ad5fa98a6717ecb23,CLEAR,DAYLIGHT,DRY,IMPROPER LANE USAGE,2.0,75.0,2.0,2.0
03f4c46c642ed590c4d24ccb20a1bb84788eae1b6c7a2480322d443e8665154b7b50cfa1c86fdde3fc9369669e67c6bbd7900a828850a1188745b66e86b638ac,CLEAR,DAYLIGHT,DRY,FOLLOWING TOO CLOSELY,2.0,33.0,2.0,2.0
03f4cb77b74559e290c16fe0f0d00fe85127cbb32886a3609eb6634227b1be67484ae1db5b7daa6e1bd88e32d6b5244956c974f036b3c743a2c67a540b73c75f,RAIN,DAYLIGHT,WET,DISREGARDING TRAFFIC SIGNALS,2.0,61.0,2.0,2.0
03f4ef1241adfb095bc8858f4ceb316f1324757cf90e22c94b407431484f212b0c2747c5c3f1db681364a37520faef100db4a3ac42fc704242787391b8dee782,CLEAR,DAYLIGHT,DRY,IMPROPER BACKING,2.0,37.5,1.0,1.0
03f5021755bed40d9a635c7c5f72bf14aee7f03f502dd8c985769b848233339afd0a97f08ee2d47a34afbf277d70daedc39e2d30050bbe980797d78baae7a99b,CLEAR,DAYLIGHT,DRY,IMPROPER BACKING,2.0,37.5,1.0,1.0
03f5346ca1449f70deb3411caa46cc2d6423b1abb9c1c73293fed8f63b0e4289977590ae57f8dff6eed2c577a04c390c0b0cd9493cddf1da4964697be8465930,CLEAR,DAYLIGHT,DRY,FOLLOWING TOO CLOSELY,2.0,22.0,3.0,3.0
03f53b60778bec7729c53dd945d685b61ddb1b6ebe8457974ee4362e469e9cedb3d7e152b80feb61795e37ee0ae9b9d5e236ec0128974c66f5f48cdb1fcf8ca8,CLEAR,DAYLIGHT,DRY,FOLLOWING TOO CLOSELY,2.0,68.0,2.0,2.0
03f55f047518d6de128cc33b11fc9a016b30081c0a77250621cc80cdc55eb6a4895b2b07df6cbd9e8f8a7fab73ca1bc4974fb9e46a47dc8a8ccd013ef185de82,SNOW,DAYLIGHT,SNOW OR SLUSH,FOLLOWING TOO CLOSELY,2.0,19.0,3.0,3.0
03f58b63102a900cba4941252a2defc90f29b998d6cb6cd151a083625369773dab7b1fc6113e82c7cea33e59f692ef2c0a537a57f540f7db4a665ad5a66d9800,RAIN,DAYLIGHT,WET,FAILING TO YIELD RIGHT-OF-WAY,2.0,41.5,3.0,3.0
03f5ac98d7b182d72ed97977fdf2f10e0b4dba7f4bc129c4a010112498726e52a050b3caa05274fe84ce25d9af7aabbb7271249e1c6a7fe8f43ce9f62a1b503a,CLEAR,DAYLIGHT,DRY,IMPROPER OVERTAKING/PASSING,2.0,16.5,2.0,2.0
03f5c14b64cb3f11ca04c25893a1c5568b7d3c2a327a20821d56373bf3a64e65c81396ca10c0824679f3a023a3763fd4e0e16250b6c975414222322adeaba84d,CLOUDY/OVERCAST,DAYLIGHT,UNKNOWN,DRIVING SKILLS/KNOWLEDGE/EXPERIENCE,2.0,37.5,1.0,1.0
03f5ca80f871fdfd09dca1cc43243b8405911204b49dc312eca8d21dac913f656e93a40fd9d3ee4e44982dbfd034cc145ce51396624b37e56f4f0bb625e8c9a0,CLEAR,"DARKNESS, LIGHTED ROAD",DRY,IMPROPER OVERTAKING/PASSING,2.0,50.0,2.0,2.0
03f5efdf97aca17fd4d5ba7eaa3c43d29d0a4b2fb789a111f9e49901bf2e056bffa87c6546a9d7292a3a557872cd1263fecfa9aa13e0a317718e1919ec54fc31,CLEAR,"DARKNESS, LIGHTED ROAD",DRY,FOLLOWING TOO CLOSELY,2.0,49.0,3.0,3.0
03f5ffaa516bcc147cf76e7894982933c29374b6062dadc8cde09f028a45c947204f4ffa2dfb1df7707d0922c85713779e7a298b3d1fc4043eb405cb7e8508a9,CLEAR,DAYLIGHT,DRY,FAILING TO REDUCE SPEED TO AVOID CRASH,2.0,36.0,2.0,2.0
03f6017faa152f91540a840e482eca4f63fde67b9584025149c6dd3241bb085e50bea28ac4300eb0a00a23636d7073f509cb1b6a337dc0b609b26b3f3e20d3ad,CLEAR,DARKNESS,DRY,FAILING TO YIELD RIGHT-OF-WAY,2.0,48.0,3.0,3.0
03f620942d001c02e0ca1095be9bbb53ba34ca1b0878a704fc1d4fac5f950442ea6a542fa89362d6031943f13df94a06c2a7621b189781c0c28aa216585f64cc,CLEAR,DAYLIGHT,DRY,IMPROPER TURNING/NO SIGNAL,2.0,36.0,2.0,2.0
03f642aee2ee35179df51e4a9fcc69c99c5be348350eeea0c243fe5430b6dc52705f33eb2290c5645441b85001ccbb45aea0f65b88776048f6226977702bc0d3,CLEAR,"DARKNESS, LIGHTED ROAD",DRY,FAILING TO YIELD RIGHT-OF-WAY,2.0,25.75,4.0,4.0
03f6503a70e432dddc6863838ac4e0dde0b03fd8f5c3730e38ace1b727a5a41bfe9e58332cd4773c46e4483f41c5e0ccc234954913e2bae3f593a2f38a97a514,CLEAR,DAYLIGHT,DRY,FAILING TO YIELD RIGHT-OF-WAY,2.0,24.0,4.0,4.0
03f669057b1ee9db04d46a7f3aebcce3bea1803a9972fa1196215d98be26b22914803eb63a5e5e23ee6079b54ceee9ff073223e1abadc66110d4886934a673a4,CLEAR,DAYLIGHT,DRY,IMPROPER LANE USAGE,2.0,35.5,3.0,3.0
03f67a73ba747f131a330bcc92f4c6b1b6ab078dbf24fae769eadc709d0c6249bcc66fe816b7e504149fc246492d6f5f678f962b241f5bb86c80956ae4a99625,BLOWING SNOW,"DARKNESS, LIGHTED ROAD",SNOW OR SLUSH,WEATHER,4.0,29.333333333333332,4.0,4.0
03f68194ae4e89367dbb1adff9e38ccf7e54fd072250eccea5ddc56e9b2ecd755dc9545b5dfd062bb2743b08ae302961f796608780c0ab984178921cd621c4c6,CLEAR,DAYLIGHT,DRY,IMPROPER OVERTAKING/PASSING,2.0,61.5,2.0,2.0
03f6a7c532f6ff4662cb4ed0f745fa62ef676e74ed3bbd5d0efb0b6341d2b8641915ed82d2ff43a7c228615b52a32f700fd1bb4cd811eac46e2ecc0485d03bf7,CLEAR,"DARKNESS, LIGHTED ROAD",UNKNOWN,FAILING TO REDUCE SPEED TO AVOID CRASH,2.0,39.0,2.0,2.0
03f6acea8fcf1de3f811404f8ea2613eb50439d4f27a9b6ca2fd7258bd4772470cfd4bc17655439d4179e758a53ab21367d0d79d1c6503f77bf9ef497f220191,CLEAR,DAYLIGHT,DRY,IMPROPER OVERTAKING/PASSING,2.0,62.0,2.0,2.0
03f6d7b835afe17bfeb26da88ff4ebea2fe032eae1066e99e6d193428346b51c78d1cfb158d8cd35699c7015624b5fe4a5d2d17940247e5a328325b87a7defeb,UNKNOWN,UNKNOWN,UNKNOWN,FAILING TO YIELD RIGHT-OF-WAY,2.0,21.5,3.0,3.0
03f6e4a905fb0a048211a1ec34b4bebbc6d297a540d37f09373431df3cc3a9147e07e6a10e050ea7344ddfcfbf48d2a048bc9b739c1d3bbb6a54727842f1f8ab,CLEAR,DAYLIGHT,DRY,"VISION OBSCURED (SIGNS, TREE LIMBS, BUILDINGS, ETC.)",2.0,29.0,3.0,3.0
03f6ef23533ed5fc79150def9300d9f2296a736190bb07aad0bc07a3e34ad16b6b1bc6307e7c9ddb8d086fd3667c3d266e243d238d61c1667795256771a1c7fc,CLEAR,DAYLIGHT,DRY,FOLLOWING TOO CLOSELY,2.0,54.0,2.0,2.0
03f71661dfdf1a32b1b690a4171eb1050e1fddff4272d619efbdaf9d94cf8f4a4f22f9e0094273f4f4772a402c60fdb21a38be602ecb527ea7c405564c7fd54f,CLEAR,"DARKNESS, LIGHTED ROAD",DRY,IMPROPER OVERTAKING/PASSING,2.0,32.5,2.0,2.0
03f7265bf8af1200db92887c107e0c671fa01c9dfbdfd29b14d3d5693619e77eaeb0d5187cdd6f38860b1d267972de70be85775da77a1d48ed5d9ba20686087f,CLEAR,DARKNESS,DRY,DRIVING SKILLS/KNOWLEDGE/EXPERIENCE,2.0,36.333333333333336,3.0,3.0
03f75daa41e3c995c27d6194398eeb4ea4468edae10b8462350ba941cafc81f763084d6526244eb70b181daefffe03c0fc3f89c910ca18f594c328a820a3d316,CLEAR,DAYLIGHT,DRY,DRIVING SKILLS/KNOWLEDGE/EXPERIENCE,2.0,37.5,3.0,3.0
03f7784d7db29efa882905b9b22b26d86017b35a398913d84949dd8b56a1164dc36bcfba54b5adc8231a9dd372158f15f522134337b71684caeb81eadf46493b,CLEAR,DAYLIGHT,DRY,FAILING TO REDUCE SPEED TO AVOID CRASH,2.0,25.0,4.0,4.0
03f77f49eee527b6c2acdf77c35dd36c9de4b37b8dbfaacc51b4c7bf77c704de6fa35753711ed1987dc8c38a17f15d4200f2a7c1a0238eadd47fde3fdc3e4e55,CLEAR,DAYLIGHT,DRY,FOLLOWING TOO CLOSELY,2.0,28.0,2.0,2.0
03f79c7e5a1ede3c7fd98c367a5896d9c8bb1ba065f57f84f06f00bdfe17f7aff75391094c7dbe39d1203f285cbe430fd9de4a5d105f73cc488efd8f43426e23,CLEAR,DAYLIGHT,WET,IMPROPER BACKING,2.0,40.0,2.0,2.0
03f7a923ffb70fd5049848b8f2e7672366218c417e810b9c99aa213864be45eee36560ca6c05ef516c27ccbf65ec5961f952bfd51d426785eefc955b29de136c,CLEAR,DAYLIGHT,DRY,FOLLOWING TOO CLOSELY,2.0,39.0,2.0,2.0
03f7cc298fb6f9b79c4abf92616253014253e1d60598c86a6235a8fdebca50b642c5044681b963336b58c9f2e1b47c792293253aae75c91502cf38cc904c3a38,CLEAR,DAYLIGHT,DRY,FAILING TO YIELD RIGHT-OF-WAY,2.0,43.0,2.0,2.0
03f7fd68ec55731085519ae623ef68d4506c1ad42b2316171c97a2e35043d9f1846a01b5d342f3e3598d12c1d761594b68c9a3eafc579578526920145faa3c47,CLEAR,"DARKNESS, LIGHTED ROAD",DRY,FAILING TO YIELD RIGHT-OF-WAY,2.0,36.0,3.0,3.0
03f822e3b8b7bd92bc5b1181ccd8b7db519bdc986f1246df6ca2b933605bd94851f5d1883a1d6923c98472248dd6902a5dc14be2518320cb34e42bf2052f0d2d,RAIN,DAYLIGHT,WET,DRIVING SKILLS/KNOWLEDGE/EXPERIENCE,2.0,69.5,3.0,3.0
03f82b0817905129638d68582a47507e0c8a58aee3eaf1ace8851441919644eb2f56f2db6d974bbf2c77703b089218f9f626d8869702819879dd2c7481a0333b,CLEAR,DAYLIGHT,DRY,IMPROPER OVERTAKING/PASSING,2.0,63.0,1.0,1.0
03f831c32a17ef709db6748946fafd2e42581ed8e25ad2d1d1b53c07c594061c4ed23e405c6a80548d8f3b9893d1ebe05ad5ce3cd54b27fbbad5085dcfc59b1a,CLEAR,DAYLIGHT,DRY,IMPROPER BACKING,2.0,42.5,2.0,2.0
03f8403725ce8d7c2bb494aef8c6dc349d34c089d032b4c407219b58bebcfc06a3a8e78cd32f6323851e6e1c768fad73409acd4e08d1e0557b5d10ff929d141d,CLEAR,"DARKNESS, LIGHTED ROAD",DRY,FAILING TO YIELD RIGHT-OF-WAY,2.0,37.666666666666664,3.0,3.0
03f8476a0a1636231736d453b49f77243d91411564051c227dce0cd91dcaf988376a4662fd8b5d2792b58e6195f12a8b56163385609ad69dc13cfa9c90b441e0,RAIN,DAYLIGHT,DRY,IMPROPER OVERTAKING/PASSING,2.0,37.5,2.0,2.0
03f8509ba6ca8fdac57eea7938a9d7024ddca74d26ad2de16e2a4a45e2c8732752b67ee324bc44a79ed6d309105ebd701661df9562b87cfef1114fc839aad1cd,CLOUDY/OVERCAST,DAYLIGHT,WET,DISREGARDING STOP SIGN,2.0,47.5,2.0,2.0
03f8750b9a61967b109f0f9416d7f00770253b53f0edd491d4ce6031f5f3986eea13b869b580f3dc2ba3f13f6e48afa2f8d561637ffd5b130682e8acb7a8b7a1,CLEAR,DAYLIGHT,DRY,FAILING TO YIELD RIGHT-OF-WAY,2.0,50.5,3.0,3.0
03f87a1c92678c2d19e0cf1649931be300daceed33f044b33b375390907bf75acdf341db257ef8f6457a390f3fea45a4ddfc0e9150460c8d37be7db595b02c11,CLEAR,"DARKNESS, LIGHTED ROAD",DRY,TEXTING,3.0,35.25,4.0,4.0
03f8ac41199a436eaf2b3a8abf9cc82046f0b5163fdde2b50857a83f62131a3a9ca5d65471770116bd211824a656aa984de0cde7982607aa4ad0489df7ccbdc0,CLEAR,DAYLIGHT,DRY,FAILING TO REDUCE SPEED TO AVOID CRASH,2.0,56.0,2.0,2.0
03f8bd26e34642ea0f29c70ee1c04137a0176828abfa739812ecb59653b4ab3a042b545cb89009b6f26a44a5a48409c92b2e706e8da793723e65574cf517789a,RAIN,"DARKNESS, LIGHTED ROAD",WET,FOLLOWING TOO CLOSELY,2.0,37.5,3.0,3.0
03f91c0c3d02be4b97af10c661640d4a4a8fa04593cf885d0534a342a36a65722bcd8182e748ed6e1bb6fa1e5413ae71ea9b6168f8caa0678eca9b5d7418d2bb,CLEAR,"DARKNESS, LIGHTED ROAD",DRY,DRIVING SKILLS/KNOWLEDGE/EXPERIENCE,2.0,35.0,2.0,2.0
03f927a7cf003694bcf758168481fd0468e3377c07b3e2927ae6e83d6fa97dfb0e8acf6fe69c49b026fdea28d6c39c5e03a615f9dead60f77e576b49cd1cc039,CLEAR,DAWN,DRY,DISREGARDING OTHER TRAFFIC SIGNS,3.0,40.0,2.0,2.0