crash_record_id,weather_condition,lighting_condition,roadway_surface_cond,prim_contributory_cause,total_vehicles,avg_driver_age,total_people,total_injured
03f950b1dbe2177e773fca438b58da82ccfde31f9af2656a727c1f32f9df9ccbd3bbbbf0be056bdf02d66c5b5896e03aed03de90a6b596606e9f1d2234daabe5,CLEAR,DAYLIGHT,DRY,DRIVING SKILLS/KNOWLEDGE/EXPERIENCE,2.0,44.0,1.0,1.0
03f951fc971082b5c377dd0387bd495532d2777afde168ef673f610a9b68a3495fa001556322b0a327a020af55722f47df9bd4ad8e83076b1b99c6809a62eff1,CLEAR,DAYLIGHT,DRY,DRIVING SKILLS/KNOWLEDGE/EXPERIENCE,2.0,40.0,3.0,3.0
03f9a57b40f2fd77e33731f47b3d60048c878d838673af752843f6b8a05fa2c41d49f9d966fc53dbd9971948a6e42e2ce1ab34738bff878fa5f8cbb558eec97d,CLEAR,"DARKNESS, LIGHTED ROAD",DRY,DISREGARDING TRAFFIC SIGNALS,2.0,22.0,4.0,4.0
03f9cc91d2558759362019bd03b2b365240fbcf40195389cb3abc6f80f9e84efd51f2928ca6c67a52cc16b52d24e00b6fe916d98cd9007bba1206b3e166e930b,CLEAR,DAYLIGHT,DRY,"VISION OBSCURED (SIGNS, TREE LIMBS, BUILDINGS, ETC.)",2.0,43.0,2.0,2.0
03f9d9ae4c120e88efeec549ad19534aa0bf727964526203daf6b44af123c37569398f845074b47922e3705f680772fd7674b7ccc40fc1d3cfc8efd4f5cfc962,CLEAR,DAWN,DRY,IMPROPER BACKING,2.0,37.5,1.0,1.0
03f9fabf1642b4c1679bdaeee3d781188950d1ea71043f733c04aa608c692502e5f556c084d83a244153a38e04fddfdb7684a04a34f2abbd5e7006f57a960635,UNKNOWN,UNKNOWN,UNKNOWN,FAILING TO REDUCE SPEED TO AVOID CRASH,2.0,37.5,1.0,1.0
03fa0a30f17ed2803b9482a9ec857ca2eb9e203096beb993764ae2ca3480adeaf1dba1286d6c04d080960057781e5754df340adef9b0b0430015855add5bc0bd,CLEAR,DAYLIGHT,DRY,IMPROPER LANE USAGE,2.0,45.5,2.0,2.0
03fa16fa06b6ff6d037e8bbd321aa5c7b0384d20aabda0a9aa97b2f3da7601a2821116ffa5dec5e8a537a727e9e125de6ac3628293e2d0caf0fa91d47e2e1e69,CLEAR,"DARKNESS, LIGHTED ROAD",DRY,FAILING TO REDUCE SPEED TO AVOID CRASH,2.0,29.5,6.0,6.0
03fa395c12e83de76adfdb57940123c7487a79ff72f8258c7aff05506723ddac809a7f808b9627b2684f584c0ca86454944e3b4e18abaa09e9bce941bc56b661,CLEAR,DAYLIGHT,DRY,FOLLOWING TOO CLOSELY,2.0,23.5,3.0,3.0
03fa5512b939ce540d06f8127dacbc904088eeaf9ada0ed6a4eb7da8e9fea156faaef4e2e026523e3e12fe3833e2430b90ae1ec8f8e16939e86a05c58deb42ba,CLEAR,DAYLIGHT,DRY,FOLLOWING TOO CLOSELY,3.0,31.0,4.0,4.0
03fa595644d73220a2f1b0d9c577edde7ad88ad247558bc2e63a76333290147f27e2356c792f5fec2785c1003180b1da1cf20ca8aa8495ac8c95e03a7fca6a4a,CLEAR,"DARKNESS, LIGHTED ROAD",DRY,FOLLOWING TOO CLOSELY,2.0,37.5,2.0,2.0
03fa63dee325b0384d19203419a2883e554fe356b1f6433fdd974cc3521566f75707b9bed24845d764159984c44028ca24b477c57953383670e2b362a2831551,SNOW,DAYLIGHT,WET,IMPROPER LANE USAGE,2.0,46.0,3.0,3.0
03fa6a0704f0caab24e2d865f1dc9bd7ef11543bd5ea030ef43a0cf1cabcc6f118ce72d0bbe326a815c3325f213b2d55311a434d61c94c32473a1b5b1f44ede5,CLEAR,DAYLIGHT,UNKNOWN,IMPROPER OVERTAKING/PASSING,1.0,36.0,2.0,2.0
03fa9cd7fbf7d12a47fa9ed43321535c7f5085ea134301359cc69755ea81fad340813a5041bac8e6b1d37ca9c338acb3f07217a7b8574bea24f6e718f49af910,CLEAR,"DARKNESS, LIGHTED ROAD",DRY,IMPROPER BACKING,2.0,44.0,3.0,3.0
03fab9c14edd3cce4b1a8b3331334db70088861f2ded22f129c29906cbfe3f957e726d833e3205c260bd70ba13ebb882e5e2335b94cfb9c7d68560dee3b05ab2,CLEAR,DAYLIGHT,DRY,FAILING TO YIELD RIGHT-OF-WAY,1.0,20.0,3.0,3.0
03fac5f0d37972363543d6bbd45de3b774e1dfcf40a3bafa1d77cb1688e7a4e3365ff392f076709a07981afabcb68f1d8bdba779f0f512321429de980269ff5e,RAIN,"DARKNESS, LIGHTED ROAD",WET,IMPROPER BACKING,2.0,38.0,3.0,3.0
03fb173490dc28934739ee07d7eb887cff1f4832e2a6244605f9d097d9e26b069fad561c9141daf041c6e8ff1beb8af9f549431b767a14cbf65802471a6e2f1a,RAIN,"DARKNESS, LIGHTED ROAD",WET,FAILING TO REDUCE SPEED TO AVOID CRASH,3.0,35.333333333333336,7.0,7.0
03fb1b9b250f91a00ab086712d2c73efa2c494e0a60c88bc22ba608ce586143d2bf9ad5b4913a91dae871e964f37519558fb5c28599e572df055689f2f07af58,RAIN,DAYLIGHT,WET,FAILING TO YIELD RIGHT-OF-WAY,3.0,60.333333333333336,3.0,3.0
03fb2126b652976c74c870147231307b93756c6761746b077c89973479aa5de5dfc710de7d01ae7178cec46acd7a9a322a7d02c23e73b6bfb3f3d7a389bb507e,CLEAR,"DARKNESS, LIGHTED ROAD",DRY,IMPROPER TURNING/NO SIGNAL,2.0,36.0,2.0,2.0
03fb2b1f692cfb546829b5c4f43402fd89efa73a1aacdb226af48aa40f41898c0510d326247c466c33b22236bb8c7c00f6ec0f79a47e08b64e2f16c877c93278,CLEAR,"DARKNESS, LIGHTED ROAD",DRY,DISREGARDING TRAFFIC SIGNALS,2.0,30.0,2.0,2.0
03fb46b186aa41b766d48b7a522941dd4569f30f37e2e0d2b156a4afdd5a6a369c772b6ef31c2588fedf8f106be48ed0ba92c61079f1135f5786ee72c0e7a1cb,CLEAR,DAYLIGHT,DRY,DISREGARDING TRAFFIC SIGNALS,2.0,39.666666666666664,4.0,4.0
03fb47ed571f666b193768c0b15dbf62e42dc4f4c9608c3cd2a1c7309e3213c9d8bf06fbd7eea2ddd2f68d861c32e891a1e65efdfd697e44c2dfadea05b038a4,CLEAR,DAYLIGHT,DRY,FAILING TO YIELD RIGHT-OF-WAY,2.0,41.5,2.0,2.0
03fb4a3e6bb3205ed1fced8a3357bb7efb16f9d809b14e60e3ce1c2bfa319c28ca7b4890eab8a296ed6a1f690a254b46e408d5764376910ac5cbbcee3e93b62f,CLEAR,"DARKNESS, LIGHTED ROAD",DRY,IMPROPER BACKING,2.0,29.0,2.0,2.0
03fb72348f832f88ad8ba3e0bf27c502c0e928896a0054e611e0e81755b8fc7ec8a9843ffbc6347e522a073389d2dd208955782118834a380f468478267cf180,CLEAR,DAYLIGHT,DRY,"OPERATING VEHICLE IN ERRATIC, RECKLESS, CARELESS, NEGLIGENT OR AGGRESSIVE MANNER",2.0,26.0,1.0,1.0
03fb7e5fe9367b23ef2becab47280a404dbfe4b00d7d5a47517ae9f40e992d3533dbb33368a8128f17443f87b5ebbde1c047f4a5313443826a7342a355ea67ff,CLEAR,DAYLIGHT,DRY,IMPROPER OVERTAKING/PASSING,2.0,31.0,3.0,3.0
03fb9736478901bc128f28aaa413b447c4629c69000d6c569532d0fd7778ad7dcc90284c0fc8d62bbc0ad28a85beed1597df2031b4510af6b847955e4a863903,CLEAR,DAYLIGHT,SNOW OR SLUSH,FOLLOWING TOO CLOSELY,2.0,30.333333333333332,3.0,3.0
03fbc00dc92e626b93c7bba8601da7b02f3d1e1d5526ababa15d3e0d59bf1b1ad31dd6667ff3c6ef21638fff0ab0c1746d80e82b1cbac893c6892a6d39a4275d,SNOW,"DARKNESS, LIGHTED ROAD",WET,DRIVING SKILLS/KNOWLEDGE/EXPERIENCE,2.0,30.0,2.0,2.0
03fbc0ce2747c3fd231708c4df03ace6b7fb7b924600ded0b991142de0e7c0ee4704132d42743234de814aca48b4eef93c99feb3244cad783552dea366f35dd0,CLEAR,DAYLIGHT,DRY,DISTRACTION - FROM INSIDE VEHICLE,2.0,25.666666666666668,3.0,3.0
03fc08f17df086c1b21e175c9a7b84647642893d18e38b32e8c5c6c62b6e3c5e7ce237ddba699123b397fc3ce97fec264a9742952ce8a6663f517f17b37d5e34,CLEAR,DAYLIGHT,DRY,IMPROPER OVERTAKING/PASSING,2.0,23.0,2.0,2.0
03fc76192a175a15a70a28d1fe16544b26b62690b029fa55962a716fbfd19a04438a092a75e8d300e982e12b51ae61ea86414228ef48ed04eeb59a5e8eea5162,CLEAR,DAYLIGHT,UNKNOWN,DISREGARDING OTHER TRAFFIC SIGNS,2.0,47.0,5.0,5.0
03fc9928ed6efb5eca9355661a2b45600e21004d2a9c8bcf11261b1af83d41a6c915e827e2e2b0dc531c456a647a802032b4aa93b7a29db054b44d08b84ae8b7,CLEAR,DAYLIGHT,DRY,IMPROPER OVERTAKING/PASSING,2.0,30.333333333333332,3.0,3.0
03fcb18fa202a3c4ff82fd9942138e51aa4b6e780c6c0a1c346139965cf92549f751baebbc55664382a9d46f76917a7dee0342b3e973a49c3f676972643813dd,CLEAR,DAYLIGHT,DRY,FAILING TO YIELD RIGHT-OF-WAY,2.0,42.5,2.0,2.0
03fcb654d1ec381461f4f19db74c2249f65f9c726a9b2ba68611706174ff479a0ff120f02c21ad940526ee34bd1bd58b32f21fea789b42a553b23d831ee6e5da,SNOW,DUSK,SNOW OR SLUSH,FAILING TO YIELD RIGHT-OF-WAY,2.0,70.66666666666667,3.0,3.0
03fcc6e9c92c7e8d68660cda1faa2bfa62a327edeed83be9f19efaaa9454da187f54f34748f1f941f1c0aca6b7ecbc5959e97c6743456056588f611c2256d153,CLEAR,"DARKNESS, LIGHTED ROAD",DRY,FAILING TO REDUCE SPEED TO AVOID CRASH,1.0,37.5,1.0,1.0
03fcec9059b45289956c6bd40fb7ce0f4ed78a8c242002444088a03c3546c394e1f4220d7098bf3c97cdfd987beb464034fe933879a847bff6b7da054aa9d08b,CLEAR,DAYLIGHT,DRY,FOLLOWING TOO CLOSELY,2.0,19.666666666666668,3.0,3.0
03fcf9eb772dd1a6fc893773a5197087580a614b9d77a1e2d3eb046173a5ab04d1ad98e702b64b0c5ef3f8ae002d424cae508c7ac820b06b04dbf97f1dbddf74,RAIN,"DARKNESS, LIGHTED ROAD",WET,FOLLOWING TOO CLOSELY,2.0,49.0,3.0,3.0
03fd1e9e9ef8a949a0a575a8e880b7ec54224c34e725ffeae8fb0497b12edd62e1319f7d5e6deb93d1d3b30c2c4a7bdb482eb696868ae97ffe516aa352cba2e7,CLEAR,DAYLIGHT,DRY,IMPROPER BACKING,2.0,0.0,2.0,2.0
03fd33a3198dd84f294f312820c9584db7ea6db6be2a46bccccace99a6c42ded00b958245f879b92d6f0013b13381a3ddcd9562f7e41995e5852b24c478d0377,CLEAR,"DARKNESS, LIGHTED ROAD",DRY,FAILING TO YIELD RIGHT-OF-WAY,2.0,29.333333333333332,3.0,3.0
03fd5f8f468b3bb2acb753963e4070e65d5abdce0eaab70b3a204752ee27fc5a1dc4f50f6e99a332e739979292f784a8b854fc3c118d930d715840ffdedc359a,CLEAR,"DARKNESS, LIGHTED ROAD",DRY,DISREGARDING STOP SIGN,2.0,27.5,2.0,2.0
03fdc81a2f31c9de8b6869d0120d5b921c139fc40f4aad63621aa839288cb34a1220e93c33c383f648e6cb180be014598f4e323dfe77a03b13648de996f0122e,CLEAR,DAYLIGHT,DRY,IMPROPER OVERTAKING/PASSING,2.0,39.0,2.0,2.0
03fdd5dbd7a666d07b2fb41079d0fa4148f19310dbebb4b670de2935684af1c70b6ea117503e5d1fab5b52d647c91da6892f50da9156c0eb020e18e663594e77,CLEAR,DAYLIGHT,DRY,FAILING TO YIELD RIGHT-OF-WAY,2.0,24.0,5.0,5.0
03fdda1b4faf27eea4dc985934a16080d8ca803b3216e2651b90a02ff18ede518f4e9a43ca7e69d5b0b0b019db2ab00eebe775c3c729a1fa057a0a63272fc038,CLEAR,DAYLIGHT,UNKNOWN,IMPROPER BACKING,2.0,33.0,2.0,2.0
03fe1986d6e54ce68b87de91c3e1a898f6687778efd127f79bb53bdb1a7c6e2b7ba37138c1ce6d7cc721e2d6deff45d207a452b0bea5644864554c93c9904aea,CLOUDY/OVERCAST,DAYLIGHT,DRY,FAILING TO YIELD RIGHT-OF-WAY,4.0,62.0,4.0,4.0
03fe4ffcdf643da518f717d9571dc4ec8ccb5ca0ec6b50a3e75c28cdb027aa86bfa873b80312cafa35e0067719d7b294ad406928b5f64e46ef966e3fe72a2214,CLEAR,DAYLIGHT,DRY,IMPROPER OVERTAKING/PASSING,2.0,17.0,3.0,3.0
03fe54212c57d01c57d4766dfc2bf66794cb1f1a170765a14f0af98635e5dedd8cc6329c2136ad47bccfc39042b2b25c019e98c5429f7d7b157fcc5ab6af07c7,CLEAR,"DARKNESS, LIGHTED ROAD",DRY,FOLLOWING TOO CLOSELY,2.0,29.5,2.0,2.0
03fe58df297466e0217d72f4506341db3be85bf202308b239343a1c23200d7cc2d883b61625efb95945e91970587fb2e01f4349dbc854765f71c452e7a4dd1ab,CLEAR,"DARKNESS, LIGHTED ROAD",DRY,IMPROPER TURNING/NO SIGNAL,2.0,26.0,2.0,2.0
03fe6fb2a6fa5f54111eff711f14e7d7bc3b4a890b05c2cc7758d5a03156cf32bcc5d8bd1b1757c80f0e6a775a4628f4c90ee0e79da5c2d18dffe6a858fa621a,CLEAR,DAYLIGHT,DRY,FAILING TO YIELD RIGHT-OF-WAY,2.0,37.5,2.0,2.0
03fe81e1d3644499e567c59f94dbec3eea47b0426b278b16b2e02e4bfe936e6f2c0817314c4d8b6c70a7aa64720ec61291c96f8211c234a772361b480cbaab54,CLEAR,DAYLIGHT,DRY,FAILING TO YIELD RIGHT-OF-WAY,2.0,54.0,2.0,2.0
03febab02af64ce3ef53a78314be6088090adeaebcd039d2cfe032ae5ae04ea95b1f11ceb436f4ebc692b9b26c0b137c7c2953901946db85157c1b27659c89e3,CLEAR,DAYLIGHT,WET,FAILING TO YIELD RIGHT-OF-WAY,2.0,63.0,2.0,2.0
03feca06cb418ee780cfc415e9c6e398649ffac430fb3aabcdec327bd0e41fdbf8286dd7555ec71c679a7ec5192c69cd021907c2c4af5a0121dd60d1c51d493d,RAIN,"DARKNESS, LIGHTED ROAD",WET,IMPROPER TURNING/NO SIGNAL,2.0,23.0,2.0,2.0
03fefe1877278225055598b4b2430d886126e8a72e4ada23b7e98ba1b5818e02de7f1cedc34d67da46b2168a597a55a8fad4013b25826a5612381355fb1c7b75,CLEAR,DAYLIGHT,DRY,FAILING TO REDUCE SPEED TO AVOID CRASH,3.0,26.0,7.0,7.0
03ff4793c9b04460b08382ed70f1b1fda2509a112a8cc7027ee372482fc973a47e18d0f6e6688a792e62cb0ef9ad9047374ef53ab30721e906be8121b70e1cb5,CLEAR,DAYLIGHT,DRY,IMPROPER LANE USAGE,2.0,48.0,2.0,2.0
03ff85ced4c462d716a05cf61a6d04aea7a5a6638d48921e51401cf98b8e7958686433d529e1e212cf29dd3a4745c59f619074331a93853add39804703a89e28,CLEAR,DARKNESS,SNOW OR SLUSH,FAILING TO YIELD RIGHT-OF-WAY,2.0,56.5,2.0,2.0
03ff8f5cad28cde620a965941267c0152c1a0c84e443d5767301472cc3997b352340619f46d9efae47b74d18dff7552c09c2eb41d092abb42413a8b402b05925,RAIN,"DARKNESS, LIGHTED ROAD",WET,FAILING TO YIELD RIGHT-OF-WAY,2.0,29.5,2.0,2.0
03ffa02672562a553c2066cb89c0002ba396816c0748a1d92f37afbeae91dcc43c0e01b1ad1be022b7faa53430b1514f79da610899038eb84cd04def8c1469f7,RAIN,DAYLIGHT,WET,FAILING TO YIELD RIGHT-OF-WAY,2.0,58.666666666666664,3.0,3.0
03ffabd07a8c33f2d8e2793f0a0a4f51c977467b4d7fb463b06f05dde4efa5f37a1d811d4638c95ea6e58c2a6d27c624818081674566b65494a8591cbcde6254,CLEAR,DAYLIGHT,DRY,FAILING TO YIELD RIGHT-OF-WAY,2.0,56.0,2.0,2.0
03ffaee4322c5f16b6645206368238b2bc042a714e76b780991c1747a011be225cb7e7646f98f91ed6629b6c7a9ef1a2d5e2504bb55d8f557e41b0cce45e4ee3,CLEAR,"DARKNESS, LIGHTED ROAD",DRY,IMPROPER TURNING/NO SIGNAL,2.0,37.5,3.0,3.0
03ffb1ca6991bc6b378678266733fb3981fcbc9c134b715a2b78659010213517f34d16513efd361cfd13361d94afb1a7b08eb20f2226b873ade2d4baada8a049,CLEAR,DAYLIGHT,WET,FAILING TO YIELD RIGHT-OF-WAY,2.0,74.0,2.0,2.0
03ffcb077a895f16c064680719e7d536fa393f10b3cfb80214a7617a0defb6160e94edcf447e6fee175d037f977abd7a1206a7a15fdde2a875abf9efee3876b1,CLEAR,DARKNESS,DRY,DISREGARDING TRAFFIC SIGNALS,2.0,29.2,5.0,5.0
03fff30662b059b98f36093c6c517acbdce7274c8a04b4bc25de9617c95735785a57a9798fa990bfef74a4361a9a42a25742f67c133df7be02b3356cd742b3a5,CLEAR,DAYLIGHT,UNKNOWN,IMPROPER BACKING,2.0,29.0,4.0,4.0
03fff91061bd1c35d372d334f6ecebf6554bbe0d975412146e8b95f5399d5cfb38a889ffdf9d0f4d65813fe2745e390d708afc7bdaf01067817c677ec61a8afd,CLEAR,DAYLIGHT,DRY,IMPROPER TURNING/NO SIGNAL,2.0,57.0,2.0,2.0
040003f4735c4263c3c450915400ec746b061b42187c7dd17bf9f2cd99483400e95f4e6b54c1d3c5cbbe89c233954e84d04bbf448290d8a0fb06f477ccee1d44,CLEAR,"DARKNESS, LIGHTED ROAD",DRY,IMPROPER BACKING,2.0,37.5,1.0,1.0
04000bd012f3da53b2f1e3cdc170a7d07dc02f23808ff60863f9315d8f16c56bec09b2a958e4311ecced3eb635b330fb19c59f32e1b3e73142b723cf3f691f43,CLEAR,DAYLIGHT,DRY,IMPROPER LANE USAGE,2.0,50.0,2.0,2.0
040035d6b26e88e5165484d0e65110d62404e73e04a8aeb51d63cd8b1c032530ae622014a1aeb5a7b6b9326b591bb35ccbf6d6b631b74e416e2108e84d5c3765,CLEAR,DUSK,DRY,FAILING TO YIELD RIGHT-OF-WAY,2.0,30.333333333333332,3.0,3.0
0400a2ea3f7ea797368c91fa147914ab0ba19af4aad0f2eceb9943f6f3bb929ef6a833e1a69a84316e91825f3ff4f87f8a0dc69fbe5d0a93c978c923b8d89f1f,CLEAR,DAYLIGHT,DRY,FAILING TO REDUCE SPEED TO AVOID CRASH,3.0,38.0,3.0,3.0
0400a3320f63ab9bf40a46ad8b34c505c1aecc6fed1bb8428bdccf4b1451616ff547e98640dbb5aa47e46a360572d19e62c05573874ea8f3214dcd15a75a3e5f,CLEAR,"DARKNESS, LIGHTED ROAD",DRY,FAILING TO REDUCE SPEED TO AVOID CRASH,2.0,37.5,1.0,1.0
0400bbdc3f93ab2c7fbf3e065d5ab0b4c2b384af99c0d73f2caee786927a9af9c1e85e8e7dc7ec8a8f756e5dff31762be15775af5223d7f9b6d1e163c632b5f8,CLEAR,DAYLIGHT,DRY,IMPROPER LANE USAGE,2.0,64.0,2.0,2.0
0400c01349732069a364b78e0d25065d41b8561084d83327edc79ce1de7606e50f135a67679be7b9dfe6e6d3374fb51440e0606649598e3be6220f03c6e0f2e9,CLEAR,"DARKNESS, LIGHTED ROAD",DRY,FOLLOWING TOO CLOSELY,2.0,27.0,2.0,2.0
0400c972a26d31aa3a01a5c47a3e910a1fe1cee03379b6bd02f00b0f19ea00473d6734d6e2ecc99aaae69d70cfe65f3e7b32ae38ce1fdaff56c2b917ec744c6e,CLEAR,DAYLIGHT,DRY,IMPROPER BACKING,2.0,34.0,4.0,4.0
0400cb7ac2d51de81e92c8a026f3af6c8c614df280103d85ab2e35776e5813123acab383d3aa5f595714f988ae6a618b819e8302fd391b4274c03df3ad79ec3a,CLEAR,DAYLIGHT,DRY,FAILING TO YIELD RIGHT-OF-WAY,1.0,28.0,3.0,3.0
040124c760888697fa04b2cea552d476dcd63e525f7038c7566c54eae8c7448f846ec996e9a0842c8e0751479f78723d02e4cbe939b6f74de7ea36091e17b610,CLEAR,DAYLIGHT,WET,IMPROPER LANE USAGE,2.0,32.0,3.0,3.0
04017137080134ea8f855c24c4d09bd8afc1aabdb9e673546229b1a42021e8b4a8fe77864304b088ebe947d9d6e488b09a2165ee46815146098ca03ed8cc36c9,CLEAR,DAYLIGHT,UNKNOWN,FOLLOWING TOO CLOSELY,2.0,30.5,2.0,2.0
040198e098f752dd12f9e5d562eed88e688a876de04a876a6d78e0e06217fbd5386e9476a33102bf453a868df6d7feb5085a57dbb5e50288df4b5e03a46ff406,UNKNOWN,UNKNOWN,UNKNOWN,IMPROPER TURNING/NO SIGNAL,3.0,44.0,2.0,2.0
0401b9463976bba19227619e679ccbaca1e20303574b1400b705fc4a9ff48714da86b949a2844d37aeb0996db296ace830ffa20cf3b286e86f658f260f55421c,CLEAR,DAYLIGHT,DRY,FOLLOWING TOO CLOSELY,2.0,37.5,3.0,3.0
04021f41e626f23ef3316ad57c87b2f646519fcd38008ccfcfeb3ad9afd7a5b116e907c14f4ea20c556f98270a5c41aa37a4275f02afbb65db3ed8c6f11eec8d,SNOW,DARKNESS,SNOW OR SLUSH,ROAD ENGINEERING/SURFACE/MARKING DEFECTS,1.0,30.0,1.0,1.0
040242f9056b17389ebf4707be3cdcbd55bef50ceacfe28f527895edc343eac4852b8044670ac8c49b85188bcda753fec891da7260e53bb47016c8b3b9a4ee1d,CLEAR,DAYLIGHT,DRY,RELATED TO BUS STOP,2.0,37.5,1.0,1.0
04027c57098a1b0a27c03168826c3c5188d3d4505f9da4c404acaf11d96956dca6842f4a66e0ddb8bd4b74d165a12309d41ddd402b894b8128c93d8d5c56f001,SNOW,DAYLIGHT,SNOW OR SLUSH,FOLLOWING TOO CLOSELY,3.0,37.333333333333336,3.0,3.0
0402a60a96a7c08a43eca3cc90b281c92e1904b5b9d9168c2202c58219cb3e92ba194c52c24c9346c325ceaa48d474bb488dd98c0521cd1a57e32fb9d905d8b0,CLEAR,"DARKNESS, LIGHTED ROAD",DRY,IMPROPER OVERTAKING/PASSING,2.0,23.0,3.0,3.0
0402b1faae8e648cb86ec5320d68de05f69b5997d44f03c9d1e64297ae9f926a049a80be0100e683f69a5493bd26535996f0bd467ab3524f82bd29ce7818bb65,CLEAR,DAYLIGHT,DRY,IMPROPER OVERTAKING/PASSING,2.0,37.5,2.0,2.0
0402bb35e18caa8d4a350bd76f3974c22d91bde650c75033bc44f20301166f54872713bf8523f568c6fccdb692056b3868d5e7f6364c73cf7adcaad406174d0c,CLEAR,DAYLIGHT,DRY,DRIVING SKILLS/KNOWLEDGE/EXPERIENCE,2.0,51.0,1.0,1.0
0402c91f8280e2867a6beb8dc0a77169fffd94e6831e78ae6e1cc8d5e1bf5f7bdeeafb82c666343284400819310b6f06bbf8037fa94d94ce7f6cb1169b9a8504,CLEAR,"DARKNESS, LIGHTED ROAD",DRY,FOLLOWING TOO CLOSELY,2.0,21.0,2.0,2.0
0402d0bc8435252ca2b06beeb5ad23b6cf4decdc871ba3d5505c1e045acd96878d792780d6b3f3e9589760993e49f3b6b01c7089a9d376d6582a021f596ca664,RAIN,DAYLIGHT,WET,WEATHER,1.0,19.0,1.0,1.0
0402e0a5c8d84275a68068bfa2129fbfb7790c54c17c8c54bb8f8dfe134003e5ce999a07c011fd637cea3dd5d9dfbdbc8cfd29a26f804769b649cd9604c12ffe,CLEAR,DAYLIGHT,DRY,IMPROPER LANE USAGE,2.0,42.0,2.0,2.0
0402fce1e3209338bb5bc8f1a14c736e6c0ea64ea3ab0d0a58dd654f67d57cbaa3c2f43f9fd522908474d4700d49f571cc91c7a5756a82d30bac7e2dd5e1efe1,CLEAR,DAYLIGHT,DRY,FOLLOWING TOO CLOSELY,2.0,37.5,6.0,6.0
0402fcf4b30eb05eb6bbfa6ae727c7d3435ea9cf931c146501d155b5d216f879406f6f4f8dd8d6a9130ddef188c194f74a64a65e4e3ffe4e04a45b79bf709dce,CLEAR,DAYLIGHT,DRY,FAILING TO YIELD RIGHT-OF-WAY,2.0,58.0,4.0,4.0
0402fd3268afba225755e8dd25d7fc149e621438731091dc46e1785cd6a362ece7e985b114f533a2ace146ee7aa8e11dc2c651113eab5f25be21dc8bda5d4d59,CLEAR,DAYLIGHT,DRY,DRIVING SKILLS/KNOWLEDGE/EXPERIENCE,2.0,33.5,2.0,2.0
04030336dfd6dee89baf720cd2602bbc88141ab9d4a25def0a1692aea4e24d429deb045d40fc2b7208f8cf75feb64e7c8f614d6104bad3bd71547ebdb3cdcd97,CLEAR,"DARKNESS, LIGHTED ROAD",DRY,FAILING TO YIELD RIGHT-OF-WAY,2.0,20.25,4.0,4.0
04030876f3b1052d45d272704449e9485496d2de75ad7da68b684883e5871fc775f7ee7a85d5f2e7802eea2e04e5573d67d9c539dc11d57e0d7644e2ec9007c3,CLEAR,DAYLIGHT,DRY,EQUIPMENT - VEHICLE CONDITION,1.0,59.0,1.0,1.0
04030d3da266600b1bea98d9ac410086c40f2aeae36daef70cd61718490a636253178fe9e328a5273557acc48f96052905f046bbb0a3c960b89862c82c33258c,CLEAR,DAYLIGHT,DRY,FOLLOWING TOO CLOSELY,2.0,54.0,2.0,2.0
04032641c16a2d0b176e314830d4a7c08aa7943e5ff93065e93f2909fff2537a51acade16e3f5c0ba3fee98d36c2bcd598b250a803b74d38986e2f7bc99ba53f,CLEAR,"DARKNESS, LIGHTED ROAD",DRY,IMPROPER TURNING/NO SIGNAL,3.0,37.0,3.0,3.0
0403682742c02a2ed3fcd71f474021a27b112351f91dc5511e0b7a8aa8ea44d67417163d85ea4edf0ef2ebf3f7247b82c1824bacf8f0d3bed540886710fa29a0,CLEAR,DAYLIGHT,DRY,FOLLOWING TOO CLOSELY,2.0,43.0,2.0,2.0
04039b039858eccb7b48e5a1d0a4241978a972b1cf4e03c7f1a03991fa70ffb1d26f62e081c9ff7d9388ed3b4c62751e70674c4213a94561b7e08370452ad8ae,CLEAR,DARKNESS,DRY,DRIVING ON WRONG SIDE/WRONG WAY,2.0,43.0,2.0,2.0
0403a0043718884265c2c3320d867cde0fe3cc74c8a89e532587d520baaab2858262508861f363904a6ebb6d0f2f54a2da639319f3317028c832f7938576a574,UNKNOWN,DAYLIGHT,UNKNOWN,FAILING TO YIELD RIGHT-OF-WAY,2.0,53.0,2.0,2.0
0403e03e7fc4cdcf79765e569563a21e8d857b5fa499d36ee789e0c5c6518111dfb083365e2ae1eafd7a875accfcba6cc9289a5ffe0df77f75d0611e719d4885,CLEAR,DAYLIGHT,DRY,CELL PHONE USE OTHER THAN TEXTING,2.0,50.0,2.0,2.0
0403e78f1dad8833819644decd8c389663a13d56fa2ca561ef03f51dcc218e3f312d52751328d7ffe51219b64703f0236adfde89fd298811353722aecbf814db,CLEAR,DAYLIGHT,DRY,FOLLOWING TOO CLOSELY,2.0,31.0,2.0,2.0
040411d7f4dd4ceaeccc82b80a6d4da7f8932c487f7f37f8b2f66470de34974c160c3ae33f5d9330eff7fa9418a213a9438dfd863b14864541c7bd0a92e8745e,SNOW,DAYLIGHT,SNOW OR SLUSH,FAILING TO YIELD RIGHT-OF-WAY,2.0,30.0,2.0,2.0
04045fb3de1ee1fd516e52a7606b3efb984e165125d3b9d749fe5d0eba0c30d71f52d320158cfb3e37b9483b0d50c59954704ef0cd5f96efb416479a1a08f24f,CLEAR,DAYLIGHT,DRY,DISREGARDING STOP SIGN,2.0,23.0,4.0,4.0