crash_record_id,weather_condition,lighting_condition,roadway_surface_cond,prim_contributory_cause,total_vehicles,avg_driver_age,total_people,total_injured
040460ea368c7d6dcd4d7c837333769da4f5aa0b1ca6e9e914bb0bbdfc5748f2f2317567e9e8b9843fd64c1fa2a70a717b2d677f774973e204095c23cc5a8b17,CLEAR,DAYLIGHT,DRY,FOLLOWING TOO CLOSELY,2.0,46.5,2.0,2.0
0404647df50344401af19d9b2c8b4b3982bacac422b76424ac6b9801ea0e6f237a065a76793eea03417cef24457b5dfa7a9e0044be845742f4ca2864896d7e88,CLEAR,DAYLIGHT,DRY,"VISION OBSCURED (SIGNS, TREE LIMBS, BUILDINGS, ETC.)",2.0,35.666666666666664,3.0,3.0
040472f1ba38f683e8a75d75f56588f84239a234240b550d5c5ff904b80cd8508d78942b7795601306f2eb38940d0bfbcd75806fb8c843fd2df155d21df7df96,CLEAR,DAYLIGHT,DRY,IMPROPER OVERTAKING/PASSING,2.0,61.666666666666664,3.0,3.0
04047f6c39f82e47187a16fc77b0cd36f43cc9d7191479fa07767ea8bb6de1d8703891a1ea079b7e901bd1f8a5839c1c591b829f1245f6db1a87ca419ca3906e,CLEAR,DAYLIGHT,DRY,IMPROPER OVERTAKING/PASSING,1.0,27.0,3.0,3.0
040497488d5e2e3f8089110eadb67ffafbfcf7a4d87e8fb556833a2f8184c4c4566a23e6ed01e76e8485eebf013d9f07b7314be04f7e8b4f9e114665a7a8e307,CLEAR,"DARKNESS, LIGHTED ROAD",DRY,PHYSICAL CONDITION OF DRIVER,1.0,28.333333333333332,3.0,3.0
0404e5f14b09da8be9d711290e202dd364a96038432fb7e1bf739569cbd2ce0550e23bee3b6fb1b23e5d8c86486d9d75decf8db8dddb100b22ba1e2ef126d199,UNKNOWN,DARKNESS,UNKNOWN,FOLLOWING TOO CLOSELY,2.0,40.0,2.0,2.0
0404ee36708678cf624ceebdc81da6b8e4c516e432e6e780c4f73664834f0d324e5c8ed50527bed390bc7180e214c0523c7867237f6451dd92adb0a7e5cf4ef4,RAIN,"DARKNESS, LIGHTED ROAD",WET,FAILING TO YIELD RIGHT-OF-WAY,2.0,58.0,2.0,2.0
040506311dd7b523c9ba23e17394a9d1f4566131a8424f9f530dd3c6bd3d8aee43650f3deda7d0758b7668cf34d6271a4511e81481d79fba8b809da1b93e29c0,CLEAR,"DARKNESS, LIGHTED ROAD",DRY,DISTRACTION - FROM INSIDE VEHICLE,1.0,37.5,1.0,1.0
04051185de419b0aedd6cb3d27d4f7df8772ec89cc288d5fc587a44910a9925208a88d25c1b45a6eb0fea075d3f7bd49ca1bdf9b12901e1016aeacdeb7b399dc,CLEAR,DAYLIGHT,DRY,IMPROPER OVERTAKING/PASSING,2.0,41.0,2.0,2.0
04052e26d592279bba1589c636561c646f2096316c6068177779d300f253564a6ead6f9d28e507c106fc0ddef749637cbb433363fca718a8d2ba114f3c3a1af9,SNOW,"DARKNESS, LIGHTED ROAD",SNOW OR SLUSH,WEATHER,2.0,46.5,2.0,2.0
04052e42da60c953ccc6a90daa6f1eccaf09117bebebe28faba70df2016d64695de5c53f3315f1fc88f7034ea5e6d28e8fa664a28dc78a3dbd1121cb4a1b82a5,CLEAR,DARKNESS,DRY,FAILING TO YIELD RIGHT-OF-WAY,2.0,40.5,3.0,3.0
0405535587f906d6074d1b2d8c67ada491cd793405a55baeb754bf4c1a59b94bb35814ff59fc9211553d34c1836d51a2a01715ac4a576a751158b921d43dc093,CLEAR,"DARKNESS, LIGHTED ROAD",DRY,IMPROPER BACKING,2.0,39.0,4.0,4.0
0405b3cc1ac0b4ebe9d7010d5ce3d49f459a98b345040d2d3d4718e4d3ad7503a72e65522ccb898cadf38f1489a5ed303927df007c3be5170691d510dab55b12,CLEAR,"DARKNESS, LIGHTED ROAD",DRY,FAILING TO YIELD RIGHT-OF-WAY,2.0,35.333333333333336,3.0,3.0
0405c944e164c6c396303faac549f0f850e9b17b5537e400e67551b40d59fdf50056102ad38af210ab98e281a7c5ec764e9fcec476d942dfa4c4496585002a86,RAIN,DUSK,WET,WEATHER,2.0,31.333333333333332,4.0,4.0
0405c987243296ea3f54dedce46723f3e1fcb335e038c6c645679df555a52a4218dc9512bd2ac13413b6c65748cf942f2a3e2631fa33a96df1da3460045a21d0,CLEAR,DAYLIGHT,DRY,FOLLOWING TOO CLOSELY,2.0,45.5,2.0,2.0
0405dd574fb3d636878bfa58497c1b49127ca81d4d1cb45368677bab4632422552672773ea4730640aaefc1eefb63033d3d85411c698f5f7004b3538c968db70,CLEAR,DAYLIGHT,DRY,FAILING TO YIELD RIGHT-OF-WAY,2.0,21.8,5.0,5.0
0405eb6235ff55efd87c4ce151aa9b1a2758c0216124cae8511f8dd5fe8950a62524d86808693b22ce0ecd6e7f989c6590b7f3f6eb3d344fa0d6131fb53fe711,CLEAR,DAYLIGHT,DRY,FAILING TO YIELD RIGHT-OF-WAY,2.0,20.6,5.0,5.0
0405fb51873a16f3fae2eb1fdd4c4813aafd5d2d1bc934e93acd3b44a6afcf315bb2838b06844fd366e2af475e3b058bf3508ade528680672c4caefcf46dfec0,CLEAR,DAYLIGHT,DRY,FAILING TO YIELD RIGHT-OF-WAY,2.0,75.0,2.0,2.0
0405fcc35dd57b24e9e93ab9fabe0e5a20cfd34fc869967e942c0cb88eaa3ea10e23de0f613a8dc258ad9ff6389dd814125a2add9019559c0b86d9d39579f3fe,FREEZING RAIN/DRIZZLE,DARKNESS,ICE,WEATHER,2.0,49.0,1.0,1.0
04062506f27bc8caa91fa4732667173baecf26e84f441016396a705a2e75d0cb707073ca63d5b2efc3523da6ee57031650b0dee633973dba0e74515d91e786ee,CLEAR,"DARKNESS, LIGHTED ROAD",DRY,FOLLOWING TOO CLOSELY,2.0,27.25,5.0,5.0
0406474037139c6ef6215a63996809d73e097620e18c7913e8eb4204b2bbd7dc6675065778041355f48975a61600f5b763152224af9d2ff1246a4e5ff8592773,CLEAR,DAYLIGHT,DRY,"OPERATING VEHICLE IN ERRATIC, RECKLESS, CARELESS, NEGLIGENT OR AGGRESSIVE MANNER",4.0,41.0,2.0,2.0
0406562f1d8296ff04250f958abe11796d34f5b82d4209db910cc60de236553c8df028d0a6f3924322b384c5185935e2de494b9a2b90e2f9f4eb667fc1e2f4a0,CLEAR,"DARKNESS, LIGHTED ROAD",UNKNOWN,DISREGARDING STOP SIGN,2.0,28.666666666666668,4.0,4.0
04068c563a80002d615d739345ef0f7c821f26d6422fe6b789651cf947e2ef0c9c92ece226fe02ac1c2e52e6008d170a7cca6eb324528bb2a27f1ab813d302ae,CLEAR,DAYLIGHT,DRY,DISREGARDING STOP SIGN,2.0,23.0,2.0,2.0
04069d50f8269529b0faf9453045f1ad3b78a5a52cde475e0a6e9308374fd3dfa5e2288343c7087db801b04a9191eb93412babaec22ed6fc5a2e12f778b102d5,CLEAR,"DARKNESS, LIGHTED ROAD",DRY,FOLLOWING TOO CLOSELY,2.0,29.0,2.0,2.0
0406a474a1ed84e72dbdb04689ae43c8bc65e51522cdacf8fb58f7b9cfd46b4338778681fe7e109d56673b1a3419d2f72de36140fdaf04c28781417b68d43fac,CLEAR,"DARKNESS, LIGHTED ROAD",WET,IMPROPER TURNING/NO SIGNAL,2.0,24.75,4.0,4.0
0406b6ca43babe47f02e20339672781e2756e79f7436bbf61541a345c38e5d24bc7fa94581e8bb9fc29f0247bbb17de5d0bceda0e1feec019711879c3a72639c,CLEAR,DAYLIGHT,DRY,IMPROPER BACKING,1.0,25.0,1.0,1.0
0406bd9e21a430b14689a45681e1421cef859e3b17a915e01320558374f7296c147170cc6c805c07dec9f47d6dceab76057dcc9f4da0456d27c5df946e8f6418,CLEAR,DAYLIGHT,DRY,IMPROPER BACKING,2.0,36.0,2.0,2.0
0406dd9e37a898f70a1385affe80445ac94af9e5d648f76e3cbb35f58e49535783d8469da404e46567a18d73bd71114ac86d41e9e87afaf5d2fc827ccae4e633,CLEAR,DAYLIGHT,DRY,FAILING TO YIELD RIGHT-OF-WAY,2.0,50.0,3.0,3.0
0406f1a1bef6f4d142d683754057d44d941ea85f1e8f56eac8f53b2dd124bee8c0c893ba1995ee92649a07b676f750123edf294a2f90418c38b27084d62492f9,CLEAR,DAYLIGHT,DRY,DISREGARDING STOP SIGN,2.0,23.5,3.0,3.0
04070a3d8d854589ebd250c9dc408eb539d9f75c9b13de9cb24779a05554a0e80d93ca4129bf9980f4276e419ec79d17d8ee274de6ceb8ad66725443e783a2d3,RAIN,DAYLIGHT,WET,FOLLOWING TOO CLOSELY,2.0,47.0,2.0,2.0
040759701e2c8e2b22edee42cae1a8c905f125a5662323a009d83c711b8e9436cbc2c9d8babd7bc7b0e9118a8a493e56d1609052387e414dfaee0dbab68aefd0,CLOUDY/OVERCAST,DAYLIGHT,WET,FAILING TO YIELD RIGHT-OF-WAY,2.0,37.0,3.0,3.0
0407603685d80f3b6c017410294d7c571bce27b6a5108bccab0865ca7fa6ad7015826cb8cbdf40ae09bfe82b38567d39b11c6588f0f170afaff1b0f6b6d7e3a4,CLEAR,DAYLIGHT,DRY,DRIVING SKILLS/KNOWLEDGE/EXPERIENCE,2.0,31.0,1.0,1.0
0407741926b999e5f9d2767c82226776a0deb2eeeaca04a53b82978076ae7e8939f3837e94c668daefcfd5667830df8e51412cc51d15a5fafd98c1d11b2d9bda,CLEAR,DAYLIGHT,DRY,FAILING TO YIELD RIGHT-OF-WAY,2.0,36.0,2.0,2.0
0407b9f16f05393ded532d48e94c2c7401bd8d0ab9569af0573bf3b31a2044c0438a90f38014a4a8838b0bfdc6883087cf84334f2fc56b284839bf65bee00fcc,RAIN,DAYLIGHT,WET,DISREGARDING TRAFFIC SIGNALS,1.0,0.0,1.0,1.0
0407d00e4bf1dc87242601ad358ca937faa1b90320e5519e7064b45aad78224bd228b2bb17fb17342799e02a4aa8e1df4f3cf25116bd925fd44dd91d22b1415e,CLEAR,DAYLIGHT,DRY,FAILING TO YIELD RIGHT-OF-WAY,2.0,57.0,2.0,2.0
0407d48a53a22952ce7028aa6fc8d974e768aa14575bb20b0c4bdebfd7fb99da65e0ddd2409d8dfb4abea8dfdcd538453e664518673e43991c32ba52f2cd8881,CLEAR,DAYLIGHT,DRY,FAILING TO REDUCE SPEED TO AVOID CRASH,2.0,30.0,2.0,2.0
04081a3b7ca0039084a2724e13fde0117f86ab7cd4af9ede5a030100e959fb1b2520683de14720b1b726a06a5191154908684e857f8a14e56f4ec78067540c0b,CLEAR,"DARKNESS, LIGHTED ROAD",DRY,FAILING TO REDUCE SPEED TO AVOID CRASH,2.0,30.0,3.0,3.0
040844b43f704f1460321d0b6639d1cd7b3fa35fb14a3e65a51d3e4aa767de9027dc1afd12a43c1879e6f459182e45efbfb5358d0e7b57fd03825ce755ec47ef,CLEAR,"DARKNESS, LIGHTED ROAD",DRY,DISREGARDING TRAFFIC SIGNALS,2.0,37.5,3.0,3.0
04087242c8e22569e2da7e43aacd7d500b52d4372278901776ee341bf62a3b0832596c80b6f92c42e8bb7f4d0cbf14f1c8b2376dabed929ac7ab940bbf6131b9,CLEAR,DAYLIGHT,DRY,FOLLOWING TOO CLOSELY,2.0,30.5,3.0,3.0
0408b2eb71c7682b90c8c12a8eea4d251e385c21fab8e5d7ca07e4fd40d42acf9fa051b90fea6cc9cd95b224718282b7db11b85dd8298708a309a0b12d27075a,CLEAR,DAYLIGHT,DRY,DISREGARDING TRAFFIC SIGNALS,2.0,19.333333333333332,4.0,4.0
0408baf5e077cda7b04ab1db627c4f55fa6f40d3ac7657658ca633ed28526267899b752143df80eab1ba3de3fa28ae28452f5b19af46b88e482c337da8d1582e,CLEAR,DAYLIGHT,DRY,FAILING TO YIELD RIGHT-OF-WAY,2.0,34.0,2.0,2.0
0408ce62eedadfd9d0d0b56359c1f2b4370482f9e50439b5790b74f5606775c8dd0970e0436fe206a0838d6ae45ec1136d9a1312975e5ac4d92121ce9e4ce682,OTHER,DAYLIGHT,ICE,FOLLOWING TOO CLOSELY,2.0,24.0,2.0,2.0
0408f04a6f4c76a092d52b3e0e54900c40856abe4d4115a56c3eb32d36d6cd2b8804c0c0575760b91ddcb215409df37cacd03360df4de47e82dd14e4577bff06,CLEAR,DAYLIGHT,DRY,FOLLOWING TOO CLOSELY,2.0,56.0,2.0,2.0
04090990eefbc0a98f57e08700dcd8ba7615697332f7ee817c2430473c40df8acb9202130bd0973cd19f6395b022618dcce49f89ccdbaae944e0f4eb435b0586,CLEAR,DAYLIGHT,DRY,"OPERATING VEHICLE IN ERRATIC, RECKLESS, CARELESS, NEGLIGENT OR AGGRESSIVE MANNER",2.0,37.5,1.0,1.0
04090ff1a39c31877f946b092d66670235ca1f7f801f7802cf58390ef2f6a7f67f909330a9ee0437d765a1e2c7fc9a76c0ded87f2ea07b4bacb515db3e3779b4,UNKNOWN,DAYLIGHT,UNKNOWN,IMPROPER TURNING/NO SIGNAL,2.0,60.0,2.0,2.0
04091a344ccdcd4be14d7dd6c651dd6792694375b09fca619a5d9c3e124f760d61c3189048d85061b8edd9acb06246335848e230d1e6d1ca732ecfe27ed231dc,CLEAR,DAWN,DRY,EXCEEDING AUTHORIZED SPEED LIMIT,2.0,52.0,2.0,2.0
04091de1db17d224ecb843c70813f3a524d5df84bc0789b0101c915e76d281f6e85c49afac338667eed7e08feaa04a370f7fe44510948596bbe198dd4ded7716,CLEAR,"DARKNESS, LIGHTED ROAD",DRY,"OPERATING VEHICLE IN ERRATIC, RECKLESS, CARELESS, NEGLIGENT OR AGGRESSIVE MANNER",2.0,37.5,2.0,2.0
04095f7263d799ce186e5ffddd524a5727e902346f0e8121835f41b3ab3fde1c6fe52a61e6a16ceb7f1c5ab0fe3201c9d1452feb81874fab47626bac1584cd0f,CLEAR,DAYLIGHT,DRY,IMPROPER OVERTAKING/PASSING,2.0,27.0,2.0,2.0
0409bc23ae9578a1a43c58aa11e955eba1a1ff7cc8aebb3f22f1d5452325c9dc4dad1f0a6d72ce392159653732a422b2ea698d7923b7fc6183c5c31bf90c1681,SNOW,DAYLIGHT,SNOW OR SLUSH,FAILING TO REDUCE SPEED TO AVOID CRASH,2.0,23.0,2.0,2.0
0409c8f0c8992a8a1d1715be95f60ff49b56f4940a505653d244dcc6f4a5740a5415e77a2d9d35e5da4442db4158b65228670714d3f98b1d9205dd03f33b3bd4,UNKNOWN,DAYLIGHT,UNKNOWN,FOLLOWING TOO CLOSELY,2.0,59.0,2.0,2.0
0409cd3fd726051e019bc811f05d9c177bbd02a89b00025994e3c34643597adc5bbac3a0d4900fcde3bbed04a2dc3ef04a6097a6a46cd512c83c5d2ece4eb5c9,CLEAR,DAYLIGHT,DRY,FAILING TO YIELD RIGHT-OF-WAY,2.0,48.0,4.0,4.0
0409fd1dca4bbccfd772a935f913e290d85171f0de30eb66cdf08963aa45659dc9810ff5ca343c31c3808ed7e8a94a8f600edff5ec030f292554b8dc46fcd500,CLEAR,"DARKNESS, LIGHTED ROAD",DRY,IMPROPER TURNING/NO SIGNAL,2.0,30.0,2.0,2.0
040a2e356d6f8024a3632d43a093ff1f1d99875882f20718254477c61c375063fe558d933d279fea19692b437502e8f4a247c8fcff65e17a888de50eb5395dbd,CLEAR,DAYLIGHT,DRY,IMPROPER OVERTAKING/PASSING,2.0,54.5,2.0,2.0
040a6d391b1229d55fc0f42b242b15a454ae0f7bb1bf2f6aef556d773a0ee1a31470f29376499950a201fb2b79f3d0332c33cc44bdf77d96952cd08dfd7a81a9,CLEAR,"DARKNESS, LIGHTED ROAD",DRY,ROAD ENGINEERING/SURFACE/MARKING DEFECTS,1.0,29.0,1.0,1.0
040a8bab28d8713ca8bf73640e01c45ef90908a28e1c20476e04c1b028e644feb52526bee7b5c732b3b2c63c7f9adc677991d0f134e6b4a60a78ae8c57a26394,CLOUDY/OVERCAST,DAYLIGHT,WET,IMPROPER OVERTAKING/PASSING,2.0,55.5,2.0,2.0
040ab3c84d682ecdce019a0389ef0999f0c77f84ac540ce41e47088edc3be1fdda06b97e65143b4be1f5e78174411e2bb3abea16a6278859c186876678dcdf3f,CLOUDY/OVERCAST,DAYLIGHT,DRY,FAILING TO YIELD RIGHT-OF-WAY,2.0,43.0,2.0,2.0
040abd0fc24bb561cce8f34e575490bb17b3b3ec8e7553b3c207a0059a7bec1632615e0bbd3d274f988a804976e8a1c97e0274c83a6e9da6a6db799b6106fd99,CLEAR,DAYLIGHT,DRY,FAILING TO YIELD RIGHT-OF-WAY,2.0,25.333333333333332,3.0,3.0
040accd546c81702a58b29c0027cc2adc9a6ddb207f284c7900bafbd69bc4b55d934db7509ee4d2d6784d25df4bfcfbe5e6606a3c6aba83ef2c56ac09d76f410,CLEAR,DARKNESS,DRY,IMPROPER OVERTAKING/PASSING,2.0,35.0,2.0,2.0
040ad373ffe0d3983fd3e6a29e8a454434b429a54a24784b5802fce286b4dc51018c5f471675dbb7bfe3273742c48d1d3d908d668bdd4b9ce4394f9ea0a93aa2,CLEAR,DAYLIGHT,DRY,FOLLOWING TOO CLOSELY,2.0,37.0,2.0,2.0
040ae76d6c9ee4c300bbf39571787dcd11724a67254f8066119716d9b5f4c108c27c21de1ed6f04ab3addf1e8b1d66ec9cf4d6464c5df4179beaf6f6b72a2e50,CLEAR,DAYLIGHT,DRY,FOLLOWING TOO CLOSELY,2.0,35.666666666666664,4.0,4.0
040b2584a64394b15f6e310208ee8188177562e23095c5085830e9f5f024a6c63f133b5ba55ce31adf62809c1aec273a812d7e28a5a9fe55788598248dbd2522,CLEAR,DAYLIGHT,DRY,IMPROPER OVERTAKING/PASSING,3.0,15.0,3.0,3.0
040b2a1a0c2c8245fa7f755364578adb36e2cb99cb9624c1b2f1f603296e71c4bbece8a27af33906843a78a5e259eb6cf72a3c7c5466698234a3245a8fe9e285,CLEAR,DAYLIGHT,DRY,DRIVING ON WRONG SIDE/WRONG WAY,2.0,42.0,1.0,1.0
040b2f3580bec88a01382832115c3958304922352037777c7f216a697537aca4a58d027c48c5ed41cb5c3ed75587864d1ebd4eceb04054d7f0d696d44de4e6f3,CLEAR,DAYLIGHT,DRY,FAILING TO YIELD RIGHT-OF-WAY,3.0,41.0,3.0,3.0
040b3ee8372f4c2d4e7f62ba567421f579f246cbc65e64b37451873525cb76be01375940a08f4febb50404f02701bf12cce5ecb529085e44cfcaa626065c2dcd,SNOW,DAYLIGHT,WET,FOLLOWING TOO CLOSELY,2.0,45.5,2.0,2.0
040b3fb5419141d57660844e3c67fdef4a11fc721a1a5916ee7b385d51c5d3b23b51b34eb9028d276737d860d5432d2a0382bef8f77fcb7f061a40d1a3dd56b8,SNOW,DAYLIGHT,SNOW OR SLUSH,FAILING TO YIELD RIGHT-OF-WAY,2.0,44.666666666666664,3.0,3.0
040b55163ec7df4c7f9aa3712a9ade1eebc46cb4b3652931988dfe85068897c7dc06a531a2242e6cd62f5fa711a11c87a25f4507fbd81eced19bd7c9d9c4b995,SNOW,DARKNESS,WET,FAILING TO YIELD RIGHT-OF-WAY,2.0,29.0,2.0,2.0
040b6f4928f145c3eb1a1dac38303d41b361cf8d71289d8dc9ec7986bab05e02bc39f1fecc29dc41bd5d781d6a9fd76e845c1ed0041628182efcc37675399d19,CLEAR,DAYLIGHT,DRY,FOLLOWING TOO CLOSELY,2.0,59.0,3.0,3.0
040baffd0c37b4dca0316f7b16a94c747d59d88768a8f08d4148d90ca6dc7cec075d1ca76a23e3c75d70e89d290cb42e214c286bc3eb72c91205ef557c123448,CLEAR,DAYLIGHT,DRY,IMPROPER BACKING,2.0,71.5,2.0,2.0
040bc455ab51047678f1142575045ee9bf739c9559f5b762d6c2ccdaebda7c57b18ed1f1c6bcf909095d5fe8b8109403302e040d4fc575ff65d30fdf654c430f,CLEAR,DUSK,DRY,FOLLOWING TOO CLOSELY,2.0,32.0,2.0,2.0
040beeeb2fe276739b4785f6a02d87366ab603b636dd07ec661744ad69a8ac601217de9b11d1332c35187aa6fb816fdfc174bec821a7bb17f3e7ec35967de26d,CLEAR,DAYLIGHT,DRY,IMPROPER TURNING/NO SIGNAL,2.0,27.5,2.0,2.0
040c1a2e81306f00743282a858aa0b5110cf6568243290845abcdf57dffdc57bc39275d6d4a9a7dd502ef7d8469d21bc39f02d7a682fb635b2a896214b3bb2da,CLEAR,DAYLIGHT,DRY,EQUIPMENT - VEHICLE CONDITION,2.0,37.5,1.0,0.0
040c1faec48b41fbf30389ab161f1d1113bf4eb26dae690e7c87496bd86320fee32d33327283f5f4f8450484f96e8dd6de394f26e0a04c77ace2b182447146f4,SNOW,"DARKNESS, LIGHTED ROAD",SNOW OR SLUSH,DISREGARDING TRAFFIC SIGNALS,4.0,22.5,3.0,3.0
040c2c340e8f6525cf78b7ebaaf728dd03e1ba8c5ae3583936686238cba9446921ba45c52156d64087c822732a241fec5a071c6414cb2b0974bc4816e55cb6d4,RAIN,DAYLIGHT,WET,FAILING TO YIELD RIGHT-OF-WAY,2.0,27.0,2.0,2.0
040c3ca56f5a4229803af3a4df37a202e1032ed9cb981ce28fc0e995e543cbd9cbac80f84997a1a270d920b7539f96eabfcb9d0635aa0f0b1d9f72e8cd5ec247,CLEAR,DAYLIGHT,DRY,IMPROPER BACKING,2.0,63.0,1.0,1.0
040c41db020f60673304560eca5c764a0cf0e50bc8e43a444230d05bc8af5cf2739c18a00715a9732ae690eddf6574676aafb25d61701e0d0acf714f01c32c07,SNOW,DARKNESS,SNOW OR SLUSH,WEATHER,2.0,28.0,1.0,1.0
040c463fb5274620c1f920f186f93443aced99aafd9f3a54bc779f6a840a0e4957dcad501089fd15e73caaa63b55bee27b28c50a020181b50dfdc5dc68474593,CLEAR,"DARKNESS, LIGHTED ROAD",DRY,IMPROPER OVERTAKING/PASSING,2.0,26.0,1.0,1.0
040c5903cd77a171c63f4a8359eb2d688dab377efdbfa270bce737e28134fcbdcd8c053af73902851c1a89442fef23190df061f2b925e193867c03d737537f2f,CLEAR,DAYLIGHT,DRY,DISTRACTION - FROM OUTSIDE VEHICLE,2.0,40.5,2.0,2.0
040c5ff2028e5506a271e444f63ba2e05eb85779f896202f20a619498c9266d086af41f9e0ffdfb4da913059be2501253ca6a3944358fc8d370cf892f48929f7,UNKNOWN,UNKNOWN,UNKNOWN,DRIVING SKILLS/KNOWLEDGE/EXPERIENCE,2.0,45.0,1.0,1.0
040c6bfd313909561c96ee48a6c3722663ea864c95a8b73f26710841c123a32e31e4bbfb8b1c81b44e54384a523aa49761ff7fe14b0011f711502558b64d5b0c,CLEAR,DAYLIGHT,DRY,FOLLOWING TOO CLOSELY,2.0,51.5,2.0,2.0
040c8d00dd0df554679e487ad1eb2eb9e2b4d094443cb2067eb047319d39799ed747a0ba20291d8c3ddcae574c4a94001eca0c0610912a6253339bdfc4f04041,CLEAR,DAYLIGHT,DRY,FOLLOWING TOO CLOSELY,2.0,43.0,2.0,2.0
040ca3df36311db5e2df5fb3902b0ed7f5fa7de8c274c96b2e8e83df15db67f619175abf2908a8adc7e99b297e7156e0c38f3d7e49338d4b3bbf9b25c8871ba9,CLEAR,DAYLIGHT,DRY,"OPERATING VEHICLE IN ERRATIC, RECKLESS, CARELESS, NEGLIGENT OR AGGRESSIVE MANNER",1.0,39.0,2.0,2.0
040cb30fdb920c8fea0ae3d49b663808efe357703169a7dc29f0a29089d2eb03012a918e909f493d86eca64a1c62ac03fa25ffe3e5ce709ef2259cbbf6baaec7,CLEAR,DAYLIGHT,WET,DRIVING SKILLS/KNOWLEDGE/EXPERIENCE,2.0,47.0,5.0,5.0
040cc49cacf35f1cf218498017f192444051effcb917318331054aaeee35756699676fa2f7ee36ffb4760901ea56411c857f9b52677e0a2b98202289f2fa78c3,CLEAR,DAYLIGHT,DRY,DRIVING SKILLS/KNOWLEDGE/EXPERIENCE,2.0,42.0,1.0,1.0
040cc4ff9d6950811b59f19e0bdce59d1c0777ec4bdd016b4d356c14206055ae6e6b1de4c981329fb05ea0845ffdac3fef725a6e0f5fd2228e849ea87c478b1f,RAIN,"DARKNESS, LIGHTED ROAD",WET,FAILING TO REDUCE SPEED TO AVOID CRASH,2.0,25.8,5.0,5.0
040cc858093ae023961e91dab292f8d62dce1809fec60fba439f5e397a1cf144b8174ed0cb7ab83f17e6d7d99a7ccd25aba6ddb6268ffe795df110ad3eec8654,RAIN,DAYLIGHT,WET,WEATHER,1.0,31.0,2.0,2.0
040ce3c69a577af89b8430ee335a87589326a83e8921a5abacb5e7f76d505741959974313f2765238cf91577608291fcb13ee7865413cb62b26862e16c4d5840,RAIN,"DARKNESS, LIGHTED ROAD",WET,FAILING TO REDUCE SPEED TO AVOID CRASH,3.0,37.5,1.0,1.0
040d291ac5a959db3bcfaa709d27dca3706ec1a758da545f4b5e97ccff0ecdb088e50bbedf5d58249563876648c021fab4fef23f0ab8435a84c441a5f872a014,CLEAR,DAYLIGHT,DRY,FAILING TO YIELD RIGHT-OF-WAY,2.0,20.0,3.0,3.0
040d2a58a1e7e799cb4db49a4b7d78ea003068bd90550397fb74b29edf4e16233e4d20201b6e7cef1abe7bb492aee2d26f319b558976cc7b1ced530ddc6a9b2a,CLEAR,DAYLIGHT,DRY,IMPROPER BACKING,2.0,56.0,1.0,1.0
040d2dfd49a1b80b735cb12723a3db3cfd27380c83570f9a73945771cf3a2b1db8105dc35f80590afab06358e5a1d4b19966c5f446d81cd37035bfbc51432435,CLEAR,"DARKNESS, LIGHTED ROAD",DRY,FOLLOWING TOO CLOSELY,2.0,32.5,2.0,2.0
040d3ee5c52db439d4ea81bdb903884bbb02d85b910677c86cee667f1dfcaac7ea9704949a316d535c49e4e038dff97cde16ddcc5870fb6278a0f4929618d1ea,CLEAR,DAYLIGHT,DRY,FAILING TO YIELD RIGHT-OF-WAY,2.0,21.0,3.0,3.0
040d46064c479adc5cde1da1fce63d87073d3b98b954bfe85812a5854d99bf54a878a528555e08aab83ac52de0de9820ebb13bcabd4ab3720a73ea7cec30bd98,CLEAR,DUSK,DRY,PHYSICAL CONDITION OF DRIVER,2.0,62.0,1.0,1.0
040d46d307b44cf8ad08723719359419e8c9dd5ec537c7d2d57c59a3e3fe805427c8ffedd716c51a2a9d541a60d80f327c0a0456c54a486726348748daa7545d,CLEAR,"DARKNESS, LIGHTED ROAD",DRY,IMPROPER LANE USAGE,2.0,25.0,2.0,2.0
040d701512b5ce33fcf8fbcf14d6e03315144f0f7212bda7373c73bb54cbb58d124ee421bb531cc3b7a874a5cb19fe5dbf2b0b4aa484f8af6dee30e7b2e94242,SNOW,DAWN,SNOW OR SLUSH,FAILING TO YIELD RIGHT-OF-WAY,2.0,36.75,4.0,4.0
040d7378acdb7ddb71a8d2b21f1e793816567e823080a5301f306c97c394e334fe08055c9e0d7d2d608dd1be367e330a4d7e18cba0bdd9a5780253c4ee888790,CLEAR,"DARKNESS, LIGHTED ROAD",WET,FOLLOWING TOO CLOSELY,2.0,30.0,2.0,2.0
040da344493a4b0325971a4ea86fc24cf8166501a96a6fa2506e3f5901a508b442a9e6f237b6df5372d3b0245e38365266b3102d078066edd55108a0f9feb74c,CLEAR,DAYLIGHT,DRY,FAILING TO YIELD RIGHT-OF-WAY,2.0,48.0,2.0,2.0
040db28903e13475589b56367b5da7bd5b7de83ad1f7e6b6103f8a2f2f1670532e83324264390b0249a6b516d0e6ca2ea5bf9fb45f7a7a43282ef060ddc156cb,CLEAR,DAYLIGHT,DRY,IMPROPER BACKING,2.0,68.5,3.0,3.0