crash_record_id,weather_condition,lighting_condition,roadway_surface_cond,prim_contributory_cause,total_vehicles,avg_driver_age,total_people,total_injured
040dc0693f9e6644530baca9ca1d1361f1c268778cb6ef62794a4795d9197ac773735b1a92878d33af1ab023fa77b97b6f61d124d8b744435e3a372e583200ff,CLEAR,DAYLIGHT,DRY,FOLLOWING TOO CLOSELY,2.0,41.0,4.0,4.0
040dc403f9bc0281164885f051eca4e8b88020cefb159d1b4dd0da048a449d0ce0fdedc4590f6c790f53b612ebd58bdbcdf8b3d497488b0de308871a7b6d9d5b,CLEAR,DAYLIGHT,DRY,IMPROPER BACKING,2.0,18.0,1.0,1.0
040dc6aa37e5de10321097e4b23f479db1008d174d2950dc70fea9dc7de6231209e4d623c4c0fd8a671aa641681ba63e92bf126ff30383100e39214aaace293d,CLEAR,DAYLIGHT,DRY,IMPROPER OVERTAKING/PASSING,2.0,47.0,2.0,2.0
040dd9ed0e100ab072142be352bc7e462904aee61b36083d1613eacf4bc4236cf8385620577e2ccf6aa36df03ab7bdfe0c9855d9d58425635da99d31313ff797,UNKNOWN,"DARKNESS, LIGHTED ROAD",UNKNOWN,IMPROPER BACKING,2.0,28.0,2.0,2.0
040dfcd7e3bb0344213541a96b04d41af810ff04458a7af21c249699a415623d70ed858ee43fa58c9c59f7845544fcfce1f42c55ec2f52fc45261eb5117efe69,CLEAR,DAYLIGHT,DRY,FAILING TO REDUCE SPEED TO AVOID CRASH,2.0,50.0,2.0,2.0
040dfd309abd879deca1546ff6655bb3b59c527adcdf31bfe54bf04d62c7c635788e49ab38c0a724a0b293d2a59c3069c494c7887f31f2e2c76ff4abe4c6ca90,RAIN,DAYLIGHT,WET,FOLLOWING TOO CLOSELY,2.0,64.0,2.0,2.0
040e13905643ee752fd4a459e2a8c40314c439ca6df072e67ea1c924d7c8fe3218f803b29606f6922abf11d8a3fa9d46cdd73e272232a52abf8a6a70068db427,CLEAR,"DARKNESS, LIGHTED ROAD",DRY,DRIVING ON WRONG SIDE/WRONG WAY,3.0,34.0,1.0,1.0
040e28cbbfd0ba4893a6677ae5387bf34a7d29fb7c933dd2a1fc8d41d41eb08a2d99395b4a729dd356ac726ce0a82241375c2f6aa317bf37e46c2ecf0dd3d6f3,CLOUDY/OVERCAST,DAYLIGHT,DRY,"DISTRACTION - OTHER ELECTRONIC DEVICE (NAVIGATION DEVICE, DVD PLAYER, ETC.)",2.0,37.0,3.0,3.0
040e73ecdd09fe0e4cdc60de590ed6276ae2676c8b8e51cdfb916905effd122555be411190f4586cf6a0df32eeb06a14c18f35af3efdcb2ff0b2b85e5626dec1,CLEAR,"DARKNESS, LIGHTED ROAD",DRY,FAILING TO REDUCE SPEED TO AVOID CRASH,1.0,37.5,1.0,1.0
040e8b92cf9631a78e2f84dfe2e62ce2b51e2d2e9c09f91ca715c523aea051496c2bec72158e20b881a9158df2daec72dd5af34d2e0b90f84b7c060e39c2fe72,CLEAR,DAYLIGHT,DRY,FOLLOWING TOO CLOSELY,2.0,35.0,2.0,2.0
040e8ff03eeef25c83db856facbbdb0d606e1dbd68da175959b040b2de6826cff2d3eaff88d4a879a5e2eb2091b169fcfa61080bffe05f21b247c285dd0ef00f,CLEAR,DAYLIGHT,DRY,FAILING TO YIELD RIGHT-OF-WAY,2.0,28.333333333333332,3.0,3.0
040ea1a4390f7e88178967ac2adb8e613bddf3a48aa0990895af54ee966b585dfa772cda750b2a53726ee4bb36bd80d8c19e8e186f04db35f6a1d600677a6c20,CLEAR,DAYLIGHT,DRY,FAILING TO YIELD RIGHT-OF-WAY,2.0,25.0,2.0,2.0
040f0850b35e50d06e1e857f507662fa56dc3b72ac179ab96179cc29c2385d4ae188d36a2708241236d0ba0b0802d1ad2326771271b13d4548b29d749d385de0,CLEAR,DAYLIGHT,DRY,FAILING TO YIELD RIGHT-OF-WAY,2.0,41.5,2.0,2.0
040f2526616102c08223ea398d68367c335805dd354513ac9a08135f908f943a67a402b774940ed3853bccc864cfeca92bfa3c20ed7548cf1d91e31f49170ca2,CLEAR,"DARKNESS, LIGHTED ROAD",DRY,IMPROPER OVERTAKING/PASSING,2.0,30.0,2.0,2.0
040f5d5852ec8e180d06ab9c7592a27dfb78d269e320b82769345ba3a6495aad7114de08916cd676aeb22b9910cb8db819eb8b5dc45591b22943a35d27346d22,RAIN,DAYLIGHT,WET,IMPROPER BACKING,2.0,31.0,1.0,1.0
040f80b702eca3d0a3d4f25aaa66d2815e401f6e65a93d4be619af144924ed12d68e1da24e0a28dc83a09bbfe7d3d36f4859868833e833e10ba64341f3e00bf0,CLEAR,DAYLIGHT,UNKNOWN,IMPROPER BACKING,2.0,43.5,2.0,2.0
040f898dfec7672aaa7c7a55e2dad231ba412d6d3a15350c49282c3deb0baa2e34be66d7af66c8c98d64a9a2c3f0e164ac752c81579669686e1e02cbd14e22d8,RAIN,"DARKNESS, LIGHTED ROAD",WET,IMPROPER BACKING,2.0,37.5,1.0,1.0
040ffaacd0b35d1b7ca301abab291869050ef0b24ee4b8d07a6cb9a0179a3f89194c0c99f91a9441156fdf1a966f867de8bd96161d7507f0c617456fc41e6645,CLEAR,DAYLIGHT,DRY,IMPROPER LANE USAGE,2.0,38.5,2.0,2.0
0410091c82a8fa8a660c9e934bb813890d43f499378be4c13635f06964fc4881612580f1e963d97e86d698f5cb0c2272129f06f87544611c9ab61764c30a1dcd,RAIN,DAYLIGHT,WET,WEATHER,2.0,40.0,2.0,2.0
04101ceee3a11c64a0a358b2396ced83f5562e84995704ce7abaeba0d9226ad6d56066ad762a0b7120ba8e1ca886a7c62d3308e8ff2197f06ece99c6a3896a5f,CLEAR,DAYLIGHT,DRY,IMPROPER BACKING,2.0,52.0,1.0,1.0
0410379ebe80f6d1cf2449fbbf9c412936766ac593535e14802b534b4dd9432633f4bf5df3785329992820c7b69da3aedf37f2d6c63a95b687a8437350c60a88,CLEAR,"DARKNESS, LIGHTED ROAD",DRY,FAILING TO YIELD RIGHT-OF-WAY,2.0,38.0,2.0,2.0
0410f314c5cbeb2a1fe7535cb104aafa8861bd186d3f3580f4db384043fd00aec6d568de953dda405b893074a947302ea865b63084f1f0ea2390b19d5325d3c2,CLEAR,DAYLIGHT,UNKNOWN,DISTRACTION - FROM OUTSIDE VEHICLE,2.0,37.0,2.0,2.0
041113924f9f67742663a06057c9822fe2d9804ea8a892b6a4c5a31de10937ffd085352db45ee142c2b821d2c432926494ec15fcfed3bb6e2b7390b62ad4152c,CLEAR,"DARKNESS, LIGHTED ROAD",DRY,IMPROPER OVERTAKING/PASSING,2.0,0.0,3.0,3.0
041146547fb93b618537868bfe90a1b6348daa333b8247535bd95f253f7998fe0f99ed676c36efee117f6cdb3892af84d28168cb775e551f9d425890f62c05fe,CLEAR,DAYLIGHT,DRY,"VISION OBSCURED (SIGNS, TREE LIMBS, BUILDINGS, ETC.)",2.0,38.5,2.0,2.0
04115a886a85789329275475d1f937c0a1dc881609b86e365eaddbda022b6298047031346234f1afabe0b07a1bf55d6a38261874a7098a95f1d7f0bff710b011,CLEAR,DAYLIGHT,DRY,FAILING TO YIELD RIGHT-OF-WAY,1.0,37.5,2.0,2.0
04116f4ae54371e4a16124dd312fcf6d9edf821ce6882e92c91a2ce213ff0c327f5b9cec2bf99248830ab979ddfc886d2d00e3efef0a391daa475e8e34520302,CLEAR,DAYLIGHT,DRY,FOLLOWING TOO CLOSELY,2.0,49.5,2.0,2.0
04117e7e22e67a3a9718fbf1d7e8664d89c5222f8fa39352966af5b819af3d1ac0667f2cb507acc1da037e7afc940d820897794cc4a8444440a1b1b7464f7eb8,CLEAR,DAYLIGHT,DRY,FOLLOWING TOO CLOSELY,2.0,50.333333333333336,3.0,3.0
0411961aa4ad0377c9e152c3521ba3f7a74931094ca994a06c9ca673199de4251089619d99f3dddfa18e25da846c0c3a0c79bd1394a443ce68148a6b08c89b15,CLEAR,DAYLIGHT,DRY,IMPROPER BACKING,2.0,28.5,5.0,5.0
0411972774906a21a6ee9dd2294ba87a5a24724a357a506795d1f6821fc3338b0e8010de30b4d17c81e3f6f9cf41391b3027c0d850f04d0342629f63466573d5,CLEAR,DARKNESS,DRY,FAILING TO YIELD RIGHT-OF-WAY,2.0,25.0,2.0,2.0
0411bacba588089730787192da3105e90c6aabf9eac589a37566365dad5782aa4e19b9b57c8a3e217da6f9fc5faa9c4e208208aeeefe6c8a95cfd79e68cd08f8,CLEAR,"DARKNESS, LIGHTED ROAD",DRY,IMPROPER OVERTAKING/PASSING,2.0,24.5,2.0,2.0
0411d280428e8e2b63996875b68a1ac98778bd83a1fa9c9f05f0d47bf87356bbefa671e5ffa8ce2dc8549bbff13de11db835f0316bb008c8678e9034988515ef,CLEAR,DAYLIGHT,DRY,FOLLOWING TOO CLOSELY,2.0,55.5,2.0,2.0
0411e0e16916759f23f93b788d95e496da9ab7db9b52324b39141eb44bbcc3e7ad865ae0b27b8b120c17c982afafc55444787972a81fad9334c36490ab401834,CLEAR,DAYLIGHT,DRY,IMPROPER OVERTAKING/PASSING,2.0,50.0,3.0,3.0
0412019852166c0255859b9fc3a08f184fbe23ef5ad8f1df006cf36abb30339b213b3becd0b3575cff8362b492a0c60743f5157ee421095d2ab3769bb9346781,CLEAR,DAYLIGHT,DRY,FOLLOWING TOO CLOSELY,2.0,34.0,2.0,2.0
041221a98e9a030a698475f1a4aa1f9ee5f96a3bb16d0fd0167717d15a7155cc3168f327d7042967a2ba44dcf14c66aa98b77dce4efea1c23002065f55114f33,CLEAR,DAYLIGHT,DRY,DRIVING SKILLS/KNOWLEDGE/EXPERIENCE,2.0,21.0,2.0,2.0
04122315c58d15d2f51d4030d3b305b2bf1f1e05818d5b6de77991416e1f73323af22fc4fa23f346882f37f1f8e1e26033947fbd717e1ba53833cf956ebbab87,CLEAR,DAYLIGHT,DRY,DRIVING SKILLS/KNOWLEDGE/EXPERIENCE,2.0,46.5,2.0,2.0
04122bab6cd7aa2a2c47ada00a4fde00eec41eb75d00322540eb49243c22e9d96326004dfc7d9d96551302c63d941ff11c6676bda77521328edb45b20ccaaad1,SNOW,"DARKNESS, LIGHTED ROAD",SNOW OR SLUSH,"OPERATING VEHICLE IN ERRATIC, RECKLESS, CARELESS, NEGLIGENT OR AGGRESSIVE MANNER",2.0,37.5,1.0,1.0
04123aba3cc6d1db65b3d5e752e1b74c52b8b42aa085a7c8595b3d86f52ed2f439d4e7caf61c4357481253a98811cd4aa307f603443c2199fe2169cf4aa7ab4f,CLEAR,"DARKNESS, LIGHTED ROAD",DRY,DISREGARDING TRAFFIC SIGNALS,2.0,27.0,2.0,2.0
0412a8721ebe05decd91321f6f4323dbe3c6417f70d81b29e5b670dff8cc6210464401bcc97f7103dd3dfc12e2ed6338b2238e69773b4b91ab7164ceb1ba295e,SNOW,DAYLIGHT,SNOW OR SLUSH,FOLLOWING TOO CLOSELY,2.0,40.5,2.0,2.0
0412d6b6f3b0a1175192e485a19d5c0e2fdcc3217dadec45a62105f44b037c352579dce955e6127cab12499d24e86c97bca53d41d4cdd74ee4b0f1f7fdeba053,CLEAR,DAYLIGHT,DRY,IMPROPER BACKING,2.0,34.0,2.0,2.0
0412da07a4574eeb7e71765f47a8a178c7539be4a02d0e1bf5bd19ef3f55cd866afee0c54176dc374dfe52b8a3471d55088a6e82739481f71beaac1759268ec1,CLEAR,DAYLIGHT,DRY,DRIVING ON WRONG SIDE/WRONG WAY,2.0,37.5,1.0,1.0
0412f0b88af79c43c70e1071f6c5116fc49067d41bff80df0ce88531f8ec7dccbbc0323b3815a4486102e09b1ee8dc3144692e90f7fc5b900b931a626d4535de,CLEAR,DAYLIGHT,DRY,FAILING TO YIELD RIGHT-OF-WAY,2.0,27.25,4.0,4.0
04130b7969af62b92751bec705972955e73aa80e7dbd04579b5f00391d6cb641c4ced879a3efdcdd9527f8f05f50df07842017cab2865348e3779095ebdda470,CLOUDY/OVERCAST,DAYLIGHT,DRY,IMPROPER TURNING/NO SIGNAL,2.0,50.0,2.0,2.0
04130d60002c20c538ea262b626b17293fb3e2b9719acbd07ee8082a41ca10e98a960c305f8990b5a8b99060b1542a260e79365700e8f4cc96370191c5ed8fa8,CLEAR,"DARKNESS, LIGHTED ROAD",DRY,FAILING TO YIELD RIGHT-OF-WAY,2.0,58.0,2.0,2.0
04131183615748cc57dd4928a0a3af462f0186b4670687a1cd1ed31e1b7eb72cb8fe729bc6a04e39a70c1f060766c1716f5122d9a46846726b4e38450b4d4fed,CLEAR,"DARKNESS, LIGHTED ROAD",DRY,IMPROPER TURNING/NO SIGNAL,2.0,40.0,2.0,2.0
04133f26e66b669fdb028e16561f02ef320f5df25ab44e26ffad8a6dde5e0a7f4daaeda7a656580d5660037ef1eab6930e73ce3281da887fee839a675e889f4b,CLEAR,DAYLIGHT,DRY,IMPROPER LANE USAGE,2.0,24.0,2.0,2.0
0413448919ceba26f06dcdd00e3c8f02f87e04065a31325505f7324eaffd2d5ae3bd53c9b376224576b12976107cbe9a087812c152d5eb4c7ede812501477b05,CLEAR,DAYLIGHT,DRY,DISREGARDING TRAFFIC SIGNALS,2.0,40.0,2.0,2.0
04137abf85aa1cd5bcf6f4677a6234a9bbd49409dbecbbc474e692a97fff6accfa66f73a5086541a6f160b1a65062da28dfa5e0a267e6cbcdce047df03369a20,CLEAR,DAYLIGHT,DRY,DRIVING SKILLS/KNOWLEDGE/EXPERIENCE,2.0,26.0,1.0,1.0
041381f2158cc40e17c659866656afcc0ae6424f17efa3ee74da324087a0326ed41774d46c0bf592463a5dd6dd5a52d41d52e4d88593c3b16b34862f1730689c,CLEAR,DAYLIGHT,DRY,DISREGARDING TRAFFIC SIGNALS,2.0,55.0,2.0,2.0
0413a3bee7538dbfd1f25e9654c886ba1418f93236dcb7b17a709edf887ac382c59bfa3c5ed784fed4048b7d95f9b1d491e81c72456dedad379c471594891ae6,CLEAR,DAYLIGHT,DRY,FAILING TO YIELD RIGHT-OF-WAY,2.0,57.0,3.0,3.0
0413acc31bcdf6d6339fe51a6ab0244a1e668f5d645c122dcc8eea2c1ff08abeae0c6915578637a5ad43a563b1bdc1430b37e4eeb77d0ddaae41bc77b64b82d1,RAIN,DAYLIGHT,WET,FOLLOWING TOO CLOSELY,2.0,60.0,3.0,3.0
0413ae7886778992c6815272b0af3029ed7a9a31d577d257f74a1673409436316ab9251a4814da68180ff3eebc64d22d097e772db6d74b7af1dca517e5d66236,CLEAR,DUSK,DRY,TEXTING,2.0,37.5,2.0,2.0
0413aece26be11598f21e5dfdefeef11d7fc952816ddc554ff113d444fc83f79c2ea98356409433ec53fc2079d37bf370d40113acb4de93d4d302ccc8b6e0d9c,RAIN,DAYLIGHT,WET,FOLLOWING TOO CLOSELY,2.0,33.0,2.0,2.0
0413df55f092d61a1e83834a6a0c110bd17861ba77264b2f1504ef8b8f5888aed567531eb7ed404faad2539721bccb2259d73a28e97b3c25a8634dec0c47f6a9,CLEAR,"DARKNESS, LIGHTED ROAD",DRY,UNDER THE INFLUENCE OF ALCOHOL/DRUGS (USE WHEN ARREST IS EFFECTED),2.0,41.0,2.0,2.0
04140f53df5abb30d223c17184cdbaaced679cb50f61c728b7fb6f920a6a0746c9badbb2c5e2a966f6e328e90528abd501c8599060a0e10e574be96b196c68cf,CLEAR,DAYLIGHT,DRY,FAILING TO YIELD RIGHT-OF-WAY,2.0,25.5,2.0,2.0
04143dd71d514d2ee8fb179a02a6535974c874736641935affc4b92f321abcbb03cff4ea2423852cdfc56650ccdf6287a1b1122bf1fa02f63a2cf9c03dfd975a,RAIN,"DARKNESS, LIGHTED ROAD",WET,WEATHER,1.0,37.0,2.0,2.0
0414895d9b58ccd014cdfb8bfbc00453fb54a2584c30918acdc9017c6155042c4034bba4f0ce672fcc20e0019388c5ace68e3e248a9fc0f7502e52f319c8ff0b,CLEAR,"DARKNESS, LIGHTED ROAD",DRY,UNDER THE INFLUENCE OF ALCOHOL/DRUGS (USE WHEN ARREST IS EFFECTED),2.0,38.5,2.0,2.0
04149f7f8f03d418508f5201fa7323cc6ef874d4dc81edfa88de7c49d3689df7a3b239c2cb8348a7b9703f6be9ac2f514f9098ad784fb5a2c2cb4e087ee6a848,CLEAR,DAYLIGHT,DRY,FOLLOWING TOO CLOSELY,2.0,17.0,2.0,2.0
0414a1e051d9dc74b0a65ca8ab0a13bdb4a7498425976434449a06bdc00615e6408f8e61c403431f6e47dbe6b9ba5da26a62c3f3295dea04dbb978011bde3843,CLEAR,DAYLIGHT,DRY,DISREGARDING ROAD MARKINGS,3.0,42.0,2.0,2.0
0414a91ba0ab679f7785f77bd120ee0e0604527710439d08972afd6ce7a363a624fda3a3eaf341f9511d686c5a6c3ee4c93f4282fb583402c58de549e7bce74e,CLEAR,DAYLIGHT,UNKNOWN,IMPROPER LANE USAGE,2.0,21.0,2.0,2.0
0414b5d85624bc3b0a507e42f423312ab7ea5b755d8935164c99b1375087cd5cd423b096a6e5ac81192ee78585cbb2d25a4273e5fa714122089bb7b4c794c001,CLEAR,DAYLIGHT,DRY,FAILING TO YIELD RIGHT-OF-WAY,2.0,44.5,2.0,2.0
04152f27b66665c1a2cbb3cff3d66defc9726d6fef0ebaf68e350437bce1502a30dfe9e483f1a3c50e1e37902eae173718b21f522afbaa1abd110d04adaa82a6,CLEAR,DAYLIGHT,DRY,FOLLOWING TOO CLOSELY,2.0,40.0,2.0,2.0
0415504a6a79dddf2f018c2cd69416dbfda6c347ff87f863d3d296af3af467a6d0f2b3ba934bce57420ec2cc1e581becdb8d546887ee94581e62700e924ed1d0,CLEAR,DAYLIGHT,UNKNOWN,IMPROPER OVERTAKING/PASSING,2.0,28.0,1.0,1.0
0415969e3701d9c5dca2c81b9293109bf1cd35e2c1908332d11fba54ce13d4f86bfe5d0314b53182ec6ec987d3a33ad91576e4f0b9d26361a1ecfdb4b7c82d39,CLEAR,DAYLIGHT,WET,FOLLOWING TOO CLOSELY,2.0,28.5,2.0,2.0
0415dc8ecbea247475d4b059f6921ceec69dc9af172309a13d5ccade557a57525e1f996d0ca231b5d81554a6cde33cff7b20c0f4f3b7e5042bb17511819a8979,CLEAR,"DARKNESS, LIGHTED ROAD",DRY,IMPROPER TURNING/NO SIGNAL,2.0,36.5,3.0,3.0
0415dcd056cbd0cda895a825e17d44c698c8837030e51f288de29e822fb01b431c9dda6e0eefef27790de6b1a9ed8e3d1ccd0f7808b3585a88f5a706e95fa41f,CLEAR,DAYLIGHT,DRY,FOLLOWING TOO CLOSELY,2.0,41.5,2.0,2.0
0415dcf0185b9b33fa1d734b9fdabc1617c6115f72e80de6476b5a48e5421569fece16e6646490f6ab540118f11d41697fefee314ac69fce5eea28405321240c,CLEAR,DAYLIGHT,DRY,FAILING TO YIELD RIGHT-OF-WAY,2.0,52.5,2.0,2.0
0415f45ce6ec05c8ebddb531ae4b4babdf6a73dd731dab8afd768ba560483f612c463412e5333f37f6d00a9286bbe0bdfe817ced75d902919bbf6f8aaf24727b,CLEAR,DAYLIGHT,DRY,FAILING TO YIELD RIGHT-OF-WAY,3.0,50.5,2.0,2.0
0416546d3d9596f98d5f0f4bac406c6815238d1a40e643a98ee0b568a9480a0040f9cb6b549a418f5b52eb2145974687db040f8bb2ca135dd72a3c6ced0b8237,CLEAR,DAYLIGHT,DRY,DISREGARDING TRAFFIC SIGNALS,2.0,39.0,2.0,2.0
0416e841e1c1580ca69706058e9d55c91552add38b66e0f2279178780da1f7fb12bad2730291bd98cc13e3e091088f4abfafdc998fa3a1c3f96d78a3d9bcb707,RAIN,"DARKNESS, LIGHTED ROAD",WET,IMPROPER TURNING/NO SIGNAL,2.0,46.0,2.0,2.0
0416e9a31f5345e8ec2b5f98c9e618eaea05b272334035acf096c2c5fa0362668953a1100513408f3fd8b4ce42a06972fa2cca007ee93bf69a981d90a0b6ae42,CLEAR,DARKNESS,UNKNOWN,IMPROPER OVERTAKING/PASSING,1.0,27.0,2.0,2.0
0417200ee229d3402fb9f4a06372d3c099bdc1bf301e8ba26eceae6e62c9a7f7906dff2c674e2ad63eff2a6476aaa8025cfbf8908287b0cda96348278399e749,CLEAR,DUSK,DRY,IMPROPER OVERTAKING/PASSING,2.0,37.5,1.0,1.0
041736cb29f754151df03cf84ec0583efd025607e15d4843ac1383c1756d619450db2362eb6f61ad54159dd7d1bd436b7cf7307d1d8f8694636b3b95a21600b5,CLEAR,DAYLIGHT,UNKNOWN,IMPROPER OVERTAKING/PASSING,2.0,42.0,2.0,2.0
041757915056e44d2d25b3e47d60394c925d12532f8b8f0f621fb68be4040ae8ceb996e064253781755cda1c9d2b03c0b98dd120b5b0ea807832689959de05df,CLOUDY/OVERCAST,DAYLIGHT,UNKNOWN,FAILING TO YIELD RIGHT-OF-WAY,2.0,21.0,2.0,2.0
0417605df5df4eb6fcfd66ccf09f874055dff71e50d70a878840587f7c04866fcf7945e0a827a2990646a5e8b7570f21bbe43691d2c41aafa0e01a53537f77c0,CLEAR,"DARKNESS, LIGHTED ROAD",DRY,IMPROPER OVERTAKING/PASSING,2.0,49.0,2.0,2.0
0417647bbdc633f31b4fb3bc29b3d8e66c6427ecaadb236237825a92421cee059c1b78c442e836322b6a870861c8b828b69757a4c071f578eb7e4eabf59e042f,UNKNOWN,UNKNOWN,UNKNOWN,DISREGARDING ROAD MARKINGS,1.0,26.0,3.0,3.0
04176d32edb080bb4e6b16c0f1286159fa3bc23585ff09ae45f30f33aebd9ad7bfb75479e5352ae4753c334ee19d2ac1bab180cdd022b298c66169388117a483,CLEAR,DAYLIGHT,DRY,IMPROPER OVERTAKING/PASSING,2.0,63.0,2.0,2.0
0417700ce16589d633edbc12736bfda979d00486950dc84f0a19ea2a8572cda5b5df53006fa6d2560b690d41114568da6d57dc194e3c83859fc1b620c7d80be9,CLEAR,DAYLIGHT,DRY,IMPROPER TURNING/NO SIGNAL,2.0,33.5,2.0,2.0
04177c9c326915a0744e03da41afec932c28567efb3d99ab3064530ab037b444e5dda93d8f0e687807142a7ec48e6518a4e10795c0fac85064bbe2a4a2214268,CLEAR,DAYLIGHT,DRY,IMPROPER BACKING,2.0,62.0,2.0,2.0
0417903277c2747d8f4a92cabffc3b0584c3d21d3b5f564b04fb77c531090f70361a425866c5727ad8e7f8bf4136733f6a604c65195e4c1ffb8c7cbc2e19070e,CLEAR,DAYLIGHT,DRY,FAILING TO YIELD RIGHT-OF-WAY,2.0,31.0,2.0,2.0
041795f8d1edaed4c7ba22819c1373923343490e5cb1c143360538faf0701fcff3b1c5769c232431182f6a59ac70c92790c154020784f06ac77cd7b969cd0861,CLEAR,DAYLIGHT,DRY,"VISION OBSCURED (SIGNS, TREE LIMBS, BUILDINGS, ETC.)",1.0,32.5,2.0,2.0
04179b4a346727168a742f1e48c0c48274bf51abc117b60e89694c126fe993befc48bcd453f626bac157751710fd71761b827ea1d7bdaa8b465fbb8023842c7e,CLEAR,"DARKNESS, LIGHTED ROAD",DRY,IMPROPER TURNING/NO SIGNAL,3.0,42.666666666666664,3.0,3.0
041808bcc1b9716177d3c0fbaa5259eb3a19f1b29a12e466ded852a69b1464883e42a27d426a773335519378f04384622506992a542590b633823f63aab27f43,CLEAR,DAYLIGHT,DRY,FOLLOWING TOO CLOSELY,2.0,30.0,3.0,3.0
04182ebdb415ed37af1feb108a6a8b0436864bf9643d3d3da2b60465fc0e9b7e9e5dbf1bc6581c083f9084678cf386997efa6cfea96fb843405b0c353feb27b0,CLEAR,"DARKNESS, LIGHTED ROAD",DRY,DISTRACTION - FROM OUTSIDE VEHICLE,2.0,41.0,1.0,1.0
041834abadbdba03c7a7795ebac1d930ca495a1e8a23b5e631adfde38e0567d7e23395c0b25b906d09b3fd19fa8d23cd3b8907b783e7c000315a1c862b22fe99,CLEAR,DAYLIGHT,DRY,ROAD ENGINEERING/SURFACE/MARKING DEFECTS,1.0,21.0,1.0,1.0
04183c07cbb07523d26b0d19098288fa4092023d3777f9e204ee7f18da577d4fcbadfc4fa0e67b9fe4c73dfd994f331f1f25454bbfcd316f2b314eba53881da2,CLEAR,DAYLIGHT,DRY,IMPROPER OVERTAKING/PASSING,2.0,46.5,2.0,2.0
04185b5636899f55d7dc3b26ac187b0e49d7623c4bd052add573ba2f6bb940f206693b80bbb273d359ab8e7fcf28c855f3aaa2e2ba19b2ef6f80d2269d22a349,CLEAR,DAYLIGHT,DRY,FAILING TO YIELD RIGHT-OF-WAY,2.0,62.0,2.0,2.0
04185b840b2a34233330cd7d3a565afbada41d76482993dfc793643c29c99545e11b427d1bf5c5b644e0ca49f3659d57bbd10bf537fee02187c0e21c1a71dd05,CLEAR,DAYLIGHT,DRY,DISREGARDING TRAFFIC SIGNALS,2.0,28.0,2.0,2.0
0418694d0e98c4ad2742b2126c8e0585398e3c18a2f9c9746a39af522286ae3ef7074907f44b0e9db7b090630000d17215e8f1299fc6620f2f3e974f85411f1e,CLEAR,DAYLIGHT,DRY,FAILING TO YIELD RIGHT-OF-WAY,2.0,37.333333333333336,3.0,3.0
0418708e9a39e1baf78005930124db7aafbb548bab87c474893350ea70a87817af258a05952c01bb194eab4c980e6aaa083c69d20eec7a55085fd768165519d9,CLEAR,"DARKNESS, LIGHTED ROAD",DRY,IMPROPER OVERTAKING/PASSING,2.0,31.0,2.0,2.0
041874b3bb18b955b500f2d8f5311d18eb5750747ad8eddd24b8e2c5a13920d5e6a8c4263b020170aa61fcf15930d28e78014f14dd9c4a5de194e4201fb75083,CLEAR,DAYLIGHT,SNOW OR SLUSH,DISREGARDING TRAFFIC SIGNALS,2.0,50.5,2.0,2.0
04189bb2ca4c06b649d7ef029a7c08348d87f3755f97723e0e5c87d77b8f957d56cb0b1ebb81978b53dd3ed3ed1d882378249f11c4591cc704e17d0c48551ef3,CLEAR,"DARKNESS, LIGHTED ROAD",DRY,EXCEEDING AUTHORIZED SPEED LIMIT,1.0,37.5,2.0,2.0
0418b1086e9b2320ebcdceb5a019d724ac4708a6b5592ccfbb341749f1dbcbd088d7c3f9e2142be6d2eb4c0b7e893f1565f958b6d28ef27db589b66b7cf22048,CLEAR,DAYLIGHT,DRY,IMPROPER BACKING,3.0,26.0,1.0,1.0
04190d7762d7b11d41869a0bcb24f8e8409354ad006859d32e671f864b84381be4614ce488433f187e5befcdd2147c0ae5b0a6873ba597e09ac99a10197a03c6,CLEAR,"DARKNESS, LIGHTED ROAD",DRY,IMPROPER OVERTAKING/PASSING,2.0,37.5,1.0,1.0
04191d5a660dbc96ccc907f7656bb27516a971b13873f14d8ff9cf396be961ed3d0885244d44a2fc6c513c6f1ef6e0568b713cdaec1e676f652ffecc35f4ebae,CLEAR,DAYLIGHT,DRY,FOLLOWING TOO CLOSELY,3.0,35.0,4.0,4.0
041931f7f811efe664d4df81e7ff8144a69d06e45c439c1203ee5322996939c92fc92e3401e8d34137b9d0bf8f0f73c9e0195e9e560aa9e369970c446188c36c,CLEAR,"DARKNESS, LIGHTED ROAD",DRY,FAILING TO YIELD RIGHT-OF-WAY,2.0,37.5,2.0,2.0
0419b16a3d2daa360ebcd8fb58d6296deba8e054905958ce4c8a94a6faa87f8c30787ff17813d2177842494ba04f86b3c600eb5a77a16aec6c9d786ce55c8e8a,RAIN,"DARKNESS, LIGHTED ROAD",WET,IMPROPER OVERTAKING/PASSING,2.0,35.5,2.0,2.0
0419cbcadd403057b738ad468ceadec4d492f2c333e740e6d33700255be1c2bb6c31711f2a18bf4f0b2a9ca9a9cb9c6305127dc10aa8a3055239815ce4d410c4,CLEAR,"DARKNESS, LIGHTED ROAD",DRY,IMPROPER BACKING,1.0,21.0,1.0,1.0