crash_record_id,weather_condition,lighting_condition,roadway_surface_cond,prim_contributory_cause,total_vehicles,avg_driver_age,total_people,total_injured
0419ff7051ebaa2c83141b8cdeda552b0ad5f0d1ead1e9894c849f4a3985dac4770f470254021f67541fd9c21a0120d6a293d7c2de8ba7c9c9c3e0de32aa8fc2,CLEAR,DUSK,DRY,IMPROPER BACKING,2.0,46.0,2.0,2.0
041a344c73531f57b11227b2a07bf2ec5dcc3d7cab3bf75cb150e3c319eb7080edfc0691571bf0712c33decdf33dadf8619f8f4fcf4550cecbd653aca14122e5,RAIN,"DARKNESS, LIGHTED ROAD",WET,ROAD ENGINEERING/SURFACE/MARKING DEFECTS,1.0,29.0,2.0,2.0
041a65ba0a715b613a857924da6a56d4cb6cf05b34c04eb0741581f39af5bc712911f01a032e22ebf994055cb89d2d60a468c01a9beef4151be7f43536daf548,CLEAR,UNKNOWN,DRY,FAILING TO YIELD RIGHT-OF-WAY,2.0,17.0,2.0,2.0
041b06da440d9f2cb2b8d2fb849dba2d0b8cb3085b4b377c5f860a57132309844ef02afa16b8220664e3a13370e9901e7b7509e2130bd4f8e70f9402c686cfd8,CLEAR,DAYLIGHT,DRY,FOLLOWING TOO CLOSELY,2.0,44.5,2.0,2.0
041b114016709cde7113918df345f1933859cfc6e5d549d64b2fe194ec897d179f8ad15db92889c13d1b0ff59af1137882190a5496cd6980f3fe638b6484c544,CLEAR,"DARKNESS, LIGHTED ROAD",WET,WEATHER,2.0,35.333333333333336,3.0,3.0
041b263cf0b0f9fd652a0270769ed6bd27f94767890118dd1dcb1f5c1216f48939475e71fb0af3de967fa72bd8000dbcf0692d597175366923082c0bb944cbd6,CLEAR,DAYLIGHT,DRY,DRIVING SKILLS/KNOWLEDGE/EXPERIENCE,2.0,73.0,1.0,1.0
041b2d478168456a046e601f59100a1e0e63c356bcff3d101b17de948361506c96d6e397c768e23600aba7b62796d19ac3cdfa934788dd5d2aa94eb626ca6145,CLEAR,"DARKNESS, LIGHTED ROAD",DRY,DISTRACTION - FROM OUTSIDE VEHICLE,2.0,30.333333333333332,3.0,3.0
041b37d34da61868084171311ada7947d37f46083013bc67ed2cc037ccbdc7a3ca95b24a6b7c0611ecf144adeaddd3a799ed7d449d0472b56392feae6bee3e9c,CLEAR,"DARKNESS, LIGHTED ROAD",WET,FAILING TO YIELD RIGHT-OF-WAY,3.0,42.5,2.0,2.0
041b6d373020160d2d0fc499b32d467d79df3c536f1735cceb23e9db5986f52bf07e32de951549410177f750747ba0110c6598daf4e38069b9bbb973043ea6d0,CLEAR,DAYLIGHT,DRY,FOLLOWING TOO CLOSELY,2.0,27.5,3.0,3.0
041ba69fb1ecdba1ee4fde42bb30ec635d0cfeea3d42fb986f195f97f273b74a1ba646bb53e6e535b68b8d9dec27d3e1443e2ba987dd1de929e47eb0653464df,CLEAR,DAYLIGHT,DRY,FAILING TO REDUCE SPEED TO AVOID CRASH,2.0,36.333333333333336,3.0,3.0
041bc37f511b2fb4fd0b40c0b1920c2164be87cae301cd238eb8014ca499b21e171d6814fb743effcaa7ea017f0e9239ec1ca2769b448c1d9653a36800eb5238,CLEAR,DAYLIGHT,DRY,FOLLOWING TOO CLOSELY,2.0,38.0,3.0,3.0
041bc419740649418c84026f6faf8a8d67c413074aae1059458feab5451f03a1590ebcf13fdc3023701d41e638d623b6d8493f72cf6047dbb712baa420f6998d,CLEAR,"DARKNESS, LIGHTED ROAD",DRY,IMPROPER OVERTAKING/PASSING,2.0,33.666666666666664,3.0,3.0
041bd5fc13d1600b49ccbb13c9fc36fc0a2be833ea5aed9eb810c83589d9b196217086f9771a4d50a832de8ce7024c646c8bab5216a11517aae6377f689999f8,CLEAR,"DARKNESS, LIGHTED ROAD",SNOW OR SLUSH,FAILING TO YIELD RIGHT-OF-WAY,2.0,34.5,2.0,2.0
041bd78daf0fcf3a09b9c036d3d8d2267bb5974234b5889b3b1a409454ddadb759e5ce080cf84b2dc24810a2251c3f899a96e62f9a636112610dca7e1b28249d,RAIN,DAYLIGHT,WET,WEATHER,2.0,12.0,1.0,1.0
041bdde4f423e3609c103d46b8aed255292a3d125635b3fb11bed2be496846751a5472fad839cc350892b725b3451eec06d4d8166788b11b826b7048de82ad44,CLEAR,"DARKNESS, LIGHTED ROAD",DRY,IMPROPER TURNING/NO SIGNAL,2.0,62.0,2.0,2.0
041c004a0ebbd00af12d8abbbbb7984a6d5d99bfa240fbee3fbf9680acf49afbd8c8200bb2e5d20a6a18749bd3492d3a2dd689148d3b5dc32d1ef5a23a5bb55e,RAIN,DAYLIGHT,ICE,WEATHER,2.0,63.0,2.0,2.0
041c0ce5c1e648268625159bc8257b1894589a346f7783ba08136f7f70e4da2d4eb025b79ef83c7467b19861308ae6d6d2099e8c95b9ee64b63677423af0232e,CLEAR,DAYLIGHT,DRY,FAILING TO REDUCE SPEED TO AVOID CRASH,5.0,37.5,1.0,1.0
041c5b126a0456edb204cf38520e6184d46c02638c468ad217a7966061f1e258d2cc7af4ff2aee2915652b9085da666c1b2573d8a5dbdfd752c60dca9bcaec13,CLEAR,DAYLIGHT,DRY,FOLLOWING TOO CLOSELY,2.0,29.666666666666668,3.0,3.0
041c5d91eb60a43c9ff407e7db76217231f7931b11cbf908584839e62d58e1e8a470b918948b9762dd756726ef3aa55bf465dbc1e7090a7ba94187796afb17b8,CLEAR,DARKNESS,ICE,FAILING TO YIELD RIGHT-OF-WAY,3.0,38.142857142857146,7.0,7.0
041c609944abe79f387998559cd8bd5f6c63ad255feef399bad316c3cebc3f9602e9ea25cef8fbac264ee43d2b0e3278985fb0699b5ca8976e81261ca430945b,CLEAR,DAYLIGHT,DRY,DISREGARDING STOP SIGN,2.0,39.5,2.0,2.0
041c66b4408ee7bde845111bf7d14551677436b77b34fa001de7682a356a563f81649b3ba83c57879fab913df9f25f3f17476424b573dfa50d687831362bd3e7,CLEAR,DAYLIGHT,DRY,IMPROPER BACKING,2.0,57.5,2.0,2.0
041ca76f05ab7f3cf2d4310d97e33762c6e06c9b7e144bed7f9cd63080dfde08fd53f464de5e995b391c921d7f64648da81ccb248cc71cd221296e92c74867ed,CLEAR,"DARKNESS, LIGHTED ROAD",DRY,IMPROPER LANE USAGE,1.0,30.0,1.0,1.0
041cbf67d267a142ff3e35c329201137cf0a06ecde7d4ff7ea7b7b65166af73bb7b9fbd6500fecec47aab59a5eb6684ea3300f775d74622761fd498400835996,CLEAR,DAYLIGHT,DRY,FOLLOWING TOO CLOSELY,2.0,45.5,4.0,4.0
041d030c2a24a180216a244a0ba425a6770bd5fb7ad4acf2ce54980842d5d02c98777cbed756808cf86f31206fd7b64bacbceb56ec655d77d1c0a4631f64abc5,CLEAR,DAYLIGHT,DRY,"VISION OBSCURED (SIGNS, TREE LIMBS, BUILDINGS, ETC.)",2.0,23.0,2.0,2.0
041d09de48f7c751407de391727dd0849a02a02661225d9220fb708b95e485e2da491313a499a036a223d327a7eba6ebd790c28b0928d21e762b3ee89a84cd5f,CLEAR,"DARKNESS, LIGHTED ROAD",DRY,FAILING TO REDUCE SPEED TO AVOID CRASH,2.0,67.0,3.0,3.0
041d141909526b638b15955118e487f65dbab76298afd2fcdb1857a8c551563769c1cde098ba5718e5a8c8edbc5b7575e89dc72dd89c2f34512b477c5f8f26e9,CLEAR,DAYLIGHT,DRY,"OPERATING VEHICLE IN ERRATIC, RECKLESS, CARELESS, NEGLIGENT OR AGGRESSIVE MANNER",2.0,41.0,3.0,3.0
041d2dd7abb0f159f6c53fc0035770528335b7c56fcb0d82c77f5929f5c9b1b207ea4b74baa09d359243e9ad89bdd03c89c6f85cb4e933abd1ac6bcf04c460a8,CLEAR,DAYLIGHT,DRY,IMPROPER OVERTAKING/PASSING,2.0,20.0,2.0,2.0
041d7421a70fd99701a6bc6a53ed7ad8da09657b74c3ff623b24c4fd1c56facdf02d2637c1f0a48383e2d3789db6c159706022da861ed0e8d022ba303bb27f08,CLEAR,DAYLIGHT,DRY,FAILING TO YIELD RIGHT-OF-WAY,2.0,32.0,2.0,2.0
041d8eaa84f984b9868ae716d1c3a96a7e76832168d38a3a3f410524abe94274cb0da450102708dffbd303f93705c1542f16e28db80541bb4747fdebdcd928a9,CLEAR,DAYLIGHT,DRY,IMPROPER TURNING/NO SIGNAL,3.0,30.666666666666668,3.0,3.0
041d990fd64986128191e5619afe69ce13c60a39b4e879b70d1cca3f765597ba74b43d5f5b3c7b5f7a8dca9585bbd0bdfef2138e8493c9c7d12934272d5ecf19,CLEAR,"DARKNESS, LIGHTED ROAD",DRY,DRIVING SKILLS/KNOWLEDGE/EXPERIENCE,3.0,24.0,3.0,3.0
041dc4cccc57223c14908d150c51253583cb12a8834e47b80010ce5eede404113d3aa478e527517ac5c67f0fd7bd52f08441df3afaabd49d701ba27dc3db82ec,CLEAR,DAYLIGHT,DRY,UNDER THE INFLUENCE OF ALCOHOL/DRUGS (USE WHEN ARREST IS EFFECTED),2.0,27.75,4.0,4.0
041e2b2431c5560962d36c120ccce15ab790c30feb098bc803ae610e89486715dd27f21168781b53c74b499a51af5c50edcb36f335c43483e3d5ae65af8ff238,CLOUDY/OVERCAST,DAYLIGHT,DRY,"VISION OBSCURED (SIGNS, TREE LIMBS, BUILDINGS, ETC.)",2.0,53.5,2.0,2.0
041e320556d68104b2faa242947dfd2b3f139ba3bea70609e2e5483c2950664259cdf4a07cf97e331eb3f22e8eed38f5b7d4873398ec2b53da88a8a5f7ddbb24,CLEAR,"DARKNESS, LIGHTED ROAD",DRY,FAILING TO YIELD RIGHT-OF-WAY,2.0,49.0,2.0,2.0
041e62ae07c67e76edc20f9ac0f2f7a15d21686c04407bb55f0a33c45ca42d9825c11a93503fc499c1be1e0c0b37da84c04111a60f98ec5ba6c96ff9f50494b3,CLEAR,DAYLIGHT,DRY,IMPROPER LANE USAGE,2.0,27.5,2.0,2.0
041e75d1e0516f67eba37d89cbcc13e3ea1122c3aa94a57d1a9c88bc91e3ac1fb708a2fcfb0b6eab8f3cb2b15cd72e4be9060c59b1b6ef45cf3371cb510d3d09,CLEAR,"DARKNESS, LIGHTED ROAD",DRY,ANIMAL,1.0,28.0,1.0,1.0
041e7d9d444f8bd54415bd8d9d5e6507d8104d2c1b58790223ba6ceb24fa7fb93b09110e81ee348728a356e4315a4f8a958b244400ed6c62a829771507a7cd7f,CLEAR,DAYLIGHT,DRY,IMPROPER TURNING/NO SIGNAL,2.0,39.333333333333336,3.0,3.0
041e832e8c3a9cdf9a69bbd27fc9cdfa26ccf2f10c8db5bc0395631c1f4c9631e8dbebbff6dc81222819b5ec7a645f7aa549a91d4786d9a734e85eec09e82430,CLEAR,DAYLIGHT,DRY,IMPROPER BACKING,2.0,53.5,2.0,2.0
041ec0f5cd133d01842f1b2295a4047b833963966950a8a83c8595e8ff75810726f9c1d0b852d3b841b545a66afd2b507796f756259b1bf8bd014197275bc32c,CLEAR,"DARKNESS, LIGHTED ROAD",UNKNOWN,DISREGARDING TRAFFIC SIGNALS,3.0,26.0,4.0,4.0
041f019e62324bbe65e54de205ac5f9f81efe32ccfa0f94e14109b030a5de67840de14263d52b52c156fac52ed622260d94859b968842a5fe1fcb7b437eef89d,CLEAR,DAYLIGHT,DRY,FAILING TO YIELD RIGHT-OF-WAY,2.0,35.0,3.0,3.0
041f033c4bca0a1df51df3c6f4ff96e40a186609c880394d8bebc47b316ce119d5ffe9e8f8d491f2b4183529537610f21692e4b17d6c9913f2ca11b94a19d375,CLEAR,DAYLIGHT,DRY,IMPROPER LANE USAGE,2.0,47.0,2.0,2.0
041f1dfd333136d37f1151ef18be353c91c6586378c88c0a824bbd2acebb8a0cd771769291d2f90601f9e4fd7c7fe4fd0a8fe3e456c435e5f63f1640b6a85677,CLEAR,DARKNESS,DRY,IMPROPER LANE USAGE,2.0,38.5,2.0,2.0
041f2b25ba09605a9a1ddc8a52aeea997ff369dae4e247c4f6bb610a01a534da754354efb0f1beb331d60cc97d5508f146514969f361dafb67b3307751f42481,CLEAR,DAYLIGHT,DRY,"OPERATING VEHICLE IN ERRATIC, RECKLESS, CARELESS, NEGLIGENT OR AGGRESSIVE MANNER",1.0,25.666666666666668,3.0,3.0
041f38ce0feeb42c35e619ae12d61f8cb397a76426829c1776e78f52b19b4b515232e75d246cfa0d21df789fc811aca2f5e0ccb19d421cefbcaf60d8a5d65eda,RAIN,DUSK,WET,DISREGARDING STOP SIGN,2.0,41.333333333333336,3.0,3.0
041f49fa1dd41b41aa9eed727744d4b37badd097e01ddb00973b5e5bb9df4b59656683c58134d1bead1651d3c3060ac4a7d32e3659c8ff6a91add0568c469f45,CLEAR,DAYLIGHT,DRY,IMPROPER BACKING,2.0,37.5,1.0,1.0
041f535b6363e631495a5fac4dee4b8d2db7c377f873772d7c1304015062ee45f025a3c70e548a6c6262e8c78391133a6d51ba2b35019d3cb69b8f031c375967,CLEAR,DAYLIGHT,DRY,FOLLOWING TOO CLOSELY,2.0,42.5,2.0,2.0
041f779395c9c397196e508c3f3b5142ff2e0cb99c0a8b9a86c9a282994843cc569c5a55448eb2af9617f3414e4b7abbce4dcbd3378684b15e97505729039838,CLEAR,DAYLIGHT,DRY,DRIVING SKILLS/KNOWLEDGE/EXPERIENCE,2.0,37.0,2.0,2.0
041f7e003b6b4ab1f5849edc24b23cb71b268c44b39ac7057b359b2d1796a33d94ef941eb49a248c56734261c5478cf67035cdbaf133ac69fd42319f60310e0f,CLEAR,DAYLIGHT,DRY,FOLLOWING TOO CLOSELY,2.0,40.5,3.0,3.0
041f8c007d711cb45686154aed9485fd56c5c22cd8cf3e0899d2f9703e3f76df6d88923844338ddc94d20cbfc66ae3d97e762da1c0d60f0ecab3816144fdca83,SNOW,DAYLIGHT,ICE,FAILING TO YIELD RIGHT-OF-WAY,2.0,42.0,2.0,2.0
041f96a4a4ee0e06bf37323960ee175e49efa58e3243a3b98da808fade2d9253a5d2881e8c200528358aef4c9d5b1c46559c599d235aa6d3a93c3b50dda12665,CLEAR,DAYLIGHT,DRY,FAILING TO YIELD RIGHT-OF-WAY,2.0,59.0,2.0,2.0
041f99dbb08cd608545f80320a20ac27be830e170efb40fba8f6e61949d94c60d0a1a7bb0fdc567b83d7e3a8ff6abb4dc185d21276721f68a98084424bc29e71,CLEAR,DAYLIGHT,UNKNOWN,IMPROPER BACKING,2.0,69.0,2.0,2.0
041fcd6f3481fde7b3dfd9bf5cac00fd4a656b21601a31f08ccb96da2f757147143961fb2d1b7b26707b12406d8382c1124ebf40ee3803cb1f03b8c258ae8aa8,CLEAR,DAYLIGHT,DRY,IMPROPER TURNING/NO SIGNAL,2.0,29.0,2.0,2.0
041fdb68a0999e3cc730edb69160f47ae9f1ef66005e86118a4cf49a0c59821ecd9803544448283f782f093daa7ea1ab8ec466981959c9a4be5b8b6e290323bb,CLEAR,DAYLIGHT,DRY,"OPERATING VEHICLE IN ERRATIC, RECKLESS, CARELESS, NEGLIGENT OR AGGRESSIVE MANNER",1.0,17.0,3.0,3.0
041fdf9653b3cc93110ff88940d0c53464fbaa42ab2e750f281d7ca6bbb3057036e17bb0985d772f07b1f4fc23c4b1f597e43227cf1d078c2a01b67ea711010e,BLOWING SNOW,DAYLIGHT,SNOW OR SLUSH,WEATHER,2.0,31.0,3.0,3.0
042010cd6cd3242387051c6f56aba35c791693617848daa4689f1cedc9b51d78b9bcbe5bb4b88a83885b90c0d7d9466e4781a43b26a03bb0e91b305459de281b,CLEAR,"DARKNESS, LIGHTED ROAD",DRY,UNDER THE INFLUENCE OF ALCOHOL/DRUGS (USE WHEN ARREST IS EFFECTED),2.0,20.0,1.0,1.0
042015d4474fb08ddf3ce138cfc6e2b66a40b21cc70f2f195336fce9994dce106bd4f59167d39c92d84745fc3fd35864885339777397f311b7130f1744d097bd,CLEAR,DAYLIGHT,DRY,IMPROPER OVERTAKING/PASSING,2.0,39.0,4.0,4.0
042033c0613e4962fd48c0ba1880419b5c7f4ac9de428e4ed07964dc096bf4f763ec58ad3553348e71d3a7b8013933a191b9cd610531e8fcc44c48dff4f98928,CLEAR,DAYLIGHT,UNKNOWN,FAILING TO YIELD RIGHT-OF-WAY,2.0,34.5,3.0,3.0
0420398ed44c54180dc1c6a36131b0b64be67c1377511f74bb71f3bb9a3304868f1f3cd77d4a425681cd3a6977f318569eaeed6699092b0213903134030d0fb4,CLEAR,DAYLIGHT,DRY,IMPROPER BACKING,2.0,44.0,2.0,2.0
04203ddc214ac9be34a8f6b71955f97ccff1e9651818dbbf7811fd2c05cede79b59ae285b110d54f6500b0a3bcdd16a0eb52e27cc5c50d93d33ba1a8b4bb4306,CLEAR,DAYLIGHT,DRY,FAILING TO YIELD RIGHT-OF-WAY,2.0,26.5,2.0,2.0
0420675b738b56e1dc289376c44a45b74210b6c162b9c0468252dcde97c4e1658d63dec7a27083336bf56981a7e4b226d1515f711e3e28e09233726d3e165f7d,CLEAR,DAYLIGHT,DRY,IMPROPER BACKING,2.0,31.5,2.0,2.0
04207feaf9ef2bb554c84440d2ec66c983be228d09f11aa2be002e73126ef3a0ed0e2f38a2b11d6fbf7db51073b296e8c1c9851b0e893b9276b72c69f6a320a8,CLEAR,DAYLIGHT,DRY,FAILING TO REDUCE SPEED TO AVOID CRASH,2.0,0.0,1.0,1.0
0420bc0311500796bd2bdbfd650164fe4e00ccccc778bf6caf0746c0d6be94fe35ce3ce70a136605537a57b81ca24dc3c6f5f704010a189799df4d4676bb6f38,CLEAR,DAYLIGHT,DRY,IMPROPER LANE USAGE,2.0,31.666666666666668,3.0,3.0
0420cf6c9a477403a023cc6f07cb856a7708f109d6b262571d4243ca78705780877cc2e5cd1bf259c5cced25d8ec0588a63bd3d796180d78ccb5e450f5e0afdc,CLEAR,DAYLIGHT,DRY,FAILING TO YIELD RIGHT-OF-WAY,2.0,48.0,2.0,2.0
04210b553b70289bd61e87b249496b28a9c1fe0fd60a226566e3027bebb6f142e0a9d139de3e26623fb2ac3aa4e001d79bd40497776ce8e01873a36288a671b5,RAIN,"DARKNESS, LIGHTED ROAD",DRY,CELL PHONE USE OTHER THAN TEXTING,3.0,22.0,1.0,1.0
04211f3be3b4da054b6729d0f8934ac5a1471bdd2af9910ff5841c07c641aaeedca2313d54af62ebe2ab84731b0583b46a756d1d0e5d3b49341c1d702ded2a86,CLOUDY/OVERCAST,DAYLIGHT,DRY,FAILING TO REDUCE SPEED TO AVOID CRASH,2.0,45.0,2.0,2.0
0421312df37b7525304ab33588773869256752be261da9206572d4dcd2b9a9178b3fd143cf04a2d243e6756ed8c31e53bf7a4b42a2d9c53d857dd98ec615cfa6,CLEAR,DAYLIGHT,DRY,DRIVING SKILLS/KNOWLEDGE/EXPERIENCE,2.0,34.0,2.0,2.0
04213b0fac4bfd39e132c2648e2ba2b79883395ddc635bbc54e8aee211dce0feb549856bb99bb68610db778d49c4c70045a3957edffe57643b2d98fdf2026875,UNKNOWN,DAYLIGHT,UNKNOWN,"EVASIVE ACTION DUE TO ANIMAL, OBJECT, NONMOTORIST",2.0,35.5,3.0,3.0
0421651963ab82af1a8bcb4823353887a3bbbbd5439670d4d7778315ae6725a3e5ceb1778546f8a0caeb7a2d7c73e72543a750e99677a0e87b299550854dc1e0,UNKNOWN,UNKNOWN,UNKNOWN,DISREGARDING TRAFFIC SIGNALS,2.0,29.5,3.0,3.0
04217728bcbfbba16aeff80ebfdb16a2785f59d2ec0bb56bba7c032f68e0a3e129ab79ad9d0058539459b40486d09a4e76c6dd7f7cf9f0b284ad46793fb7c11d,CLEAR,DAYLIGHT,DRY,FAILING TO YIELD RIGHT-OF-WAY,2.0,27.0,2.0,2.0
042188d17f39dda52743fb2a38f8d56025436d9e787cce3ef784712f164ba6d9b1ab30936d2ea833844f05b162d8b0411fb481816b1e5d1155996d9bec25de38,CLEAR,DAYLIGHT,DRY,IMPROPER BACKING,2.0,23.0,2.0,2.0
0421a806759e8e1f0e854587f9eea9acd6f80e9830ca1daa2fb7daf48982db1083d67895bfd02bc451557d3fca3d07af912a61349ff55e9867a0b7663f9cd10c,CLEAR,"DARKNESS, LIGHTED ROAD",DRY,FAILING TO REDUCE SPEED TO AVOID CRASH,2.0,37.0,1.0,1.0
0421b44f37e26ff4cd11d47260084af84bda2fee578312006b0b5e374e50f1344f91169131e3459c2ea38dc0697c3b1912a7b098e1eb86683a058f1e45fa9132,CLEAR,"DARKNESS, LIGHTED ROAD",DRY,UNDER THE INFLUENCE OF ALCOHOL/DRUGS (USE WHEN ARREST IS EFFECTED),2.0,29.5,5.0,5.0
0421cc34baaecadaab6a93b09a31af586d95f9de1316e793c32de400c706a22e627455fad6fd2ce7be668d92b69d26e9f7de706e88e43225f7db7bca3fd42276,CLEAR,DAYLIGHT,DRY,FOLLOWING TOO CLOSELY,2.0,47.0,4.0,4.0
0421df2986baf0e43d3a5e8e2eb65ee3011b14977f81e944272325a378adb3d907e41d92a0f0776a5050f5a2660cd57b9ba4ee8fb7242095d99871eaa8476913,CLEAR,DAYLIGHT,DRY,IMPROPER BACKING,2.0,29.0,2.0,2.0
0421e11f4c9d4d5a4b34301c03292ce1080ad7a0728ed12f8e38842dd640948a3edd9579bd3bdc754590805c186b7123b5d31ae222157b104c36cd4f2101d0e4,CLEAR,DAYLIGHT,DRY,FAILING TO YIELD RIGHT-OF-WAY,1.0,72.0,2.0,2.0
0421e8f99a20e2b4a75a3b445f0b1efab206881155c14a499889a97a79c5ec5f11eee7a282dc1286cb9b6fbce9d481fcb928559b7afb934c59140ae98738968e,CLEAR,DAYLIGHT,DRY,DISTRACTION - FROM INSIDE VEHICLE,2.0,43.0,4.0,4.0
042209b938b987b62f51a6f7926456b575e1ab7198454ccc97e8c3eb6ea5d0bc066897a4764b680b012d350dba3ccfa44bac0b08d89551a44bbe70cd01540b1b,SLEET/HAIL,DAYLIGHT,ICE,WEATHER,2.0,33.5,2.0,2.0
0422258b3fcbec99765613466aaaab713c89de076ffb4fd4bf24bd95a403632557770ce619f37fb575f520027318baee86f6233691bcb9711c126330a711fa20,CLEAR,DAYLIGHT,DRY,FOLLOWING TOO CLOSELY,2.0,42.0,4.0,4.0
04225615fdafa25bd41dde2d871c9c5346fd1c81cf60868b0bf81000a4731c3417bafe6360dae7c472f1493370b7bbabc6391d6e4a48f26a8a6f4ade03c5f780,CLEAR,DAYLIGHT,DRY,FOLLOWING TOO CLOSELY,2.0,22.5,3.0,3.0
04225b49e640a246b12cb3e1a9c7efb2974be6cf67d9dad76f55c70724458ed1623a1aff2a2a89aee4fc5def269f496089d7268428621e92dbea13ab1dfac3d0,CLEAR,DAYLIGHT,DRY,FAILING TO YIELD RIGHT-OF-WAY,2.0,39.5,2.0,2.0
04225d53f733b9cb6c42a3ff1c05b88c5b0e03a17ec274ed01a0887f45e857c991b4f921ff51981e85ed19df232bd24d46559fa499710696b6fdf046d1129d73,RAIN,DUSK,WET,FOLLOWING TOO CLOSELY,2.0,52.78260869565217,23.0,23.0
04226d20b1ec006b9957e3c4228d7ee81b7e3348096d477699162a3ec9f6f1f725d677bc8bf7e5f51f04784435cdb0def472254b3990836733cd5f0cc4799cce,CLEAR,DAYLIGHT,DRY,FAILING TO YIELD RIGHT-OF-WAY,2.0,63.0,3.0,3.0
0422889567565e30f6bbdda967467ea1537fc906c8e625ffd7a6c266426ffb512d983e4764bdd8fb1af3cce3e97b14e1d4a985c6d1cf95aec72f736808da94ab,CLEAR,DAYLIGHT,DRY,FAILING TO REDUCE SPEED TO AVOID CRASH,2.0,44.0,2.0,2.0
04228ecfade3df848b5b5d74d838bcc308c17a7869a823d97cb9878a31f8c06413e9b1b5abbef93eced7e0580265cd5f2ece716b6f2ce32b09b593bf13232370,CLEAR,DAYLIGHT,DRY,IMPROPER LANE USAGE,2.0,41.0,2.0,2.0
0422ca23eee92e833f4495e8a465249a88793eacae02a17967ad7f0e94f3d836f3415e7496abcc70abbd2081824acf0d8cb44706f0dde14e5dc8a4871f2e37df,CLEAR,DAYLIGHT,DRY,FAILING TO REDUCE SPEED TO AVOID CRASH,2.0,32.0,2.0,2.0
0422cb30c4c402c882469af9ed83bf8941ebf02253294ba84b0f024789a2097eae05ed50a44faaa0994f259f1fd86a35a56848e825d7399dfd1bcb3af454d850,CLEAR,DAYLIGHT,DRY,IMPROPER LANE USAGE,2.0,41.5,2.0,2.0
0422e31717b2c9f894374cc35eab85f6611785766b27a5f9d3d7562458ff419b4802e02b796e6f22bca08c3c4682b73ddaed67086acf36f4cd1cf5069204624e,RAIN,DAYLIGHT,WET,DRIVING SKILLS/KNOWLEDGE/EXPERIENCE,2.0,37.5,3.0,3.0
04231d445ce12db79816ce5fe46ea33456a28fd03bb40c41ba4fbebc833dd3ac5564daaef4ccc51d51268ce17e844bc7f07c38781706156938f9e5e72c6ad579,SNOW,DAYLIGHT,SNOW OR SLUSH,WEATHER,2.0,37.5,1.0,1.0
042342be301666db4cbc089e3474d2ec86dfa560ace810e6281578a5f1aaed9210acaf932050229031c254b9fd1d423861248ebe8a98651bda7a97cb318303f6,CLEAR,DAYLIGHT,DRY,IMPROPER OVERTAKING/PASSING,2.0,34.0,2.0,2.0
042364fcaadb9f0562ffb4348050b2bdc3a08cc9ae2c031779c650402574bcc64ef47fabb8606e68be1bf008014f9e0283b613656c58553feabbcb6abda045c6,CLEAR,DAYLIGHT,DRY,FOLLOWING TOO CLOSELY,2.0,26.0,2.0,2.0
0423651e9a3c2c193ce01a799cb1b9e5da590db5f3970298913200a0d4cabe4d2940adf476dac448abff0e7f0d7666ba53b919f6b6ea7ac0da556ce54868077b,CLEAR,DAYLIGHT,UNKNOWN,IMPROPER OVERTAKING/PASSING,2.0,26.0,2.0,2.0
042374f4eac07e9675cf17af98eb1b782434e5b6ef88e55fcdf1f19162f96f2ebfc05e2bc23054433bb4cf1e9c9914520900a237b75eaa2a91cc73397a739084,CLEAR,"DARKNESS, LIGHTED ROAD",DRY,IMPROPER OVERTAKING/PASSING,2.0,32.5,2.0,2.0
0423d38c68410e6bff6bf012220f5153de390fb55671c4904471c7781ba5343854659b6ce9506385344db6324ff311dd72267795297c9cb49cf898708e781167,RAIN,"DARKNESS, LIGHTED ROAD",WET,FAILING TO YIELD RIGHT-OF-WAY,2.0,26.833333333333332,6.0,6.0
0423d57cf19840585d1003858070bea7b7c8682a432e5ca1c79f330fea0ecd4ee90e9a2e035843c5947c54aba17ec69f64d3fcf1d3c2249fe55ac54c6660a2ab,CLEAR,"DARKNESS, LIGHTED ROAD",DRY,IMPROPER LANE USAGE,2.0,46.5,3.0,3.0
0423ec367dbdbc1c05d6740fd7fb2faeca3e4e9a97c43eaa525905d353ee43d02787ae36aafdaca49069074826c16c88543eee0e2b4e8b5b224cfbe6e78254c9,CLEAR,DAYLIGHT,DRY,FAILING TO REDUCE SPEED TO AVOID CRASH,2.0,41.0,2.0,2.0
0423ffb357aeef1c26ca8090d3266a05e8e0e831e4a21c0ff773d17d7884c4e701331055925febe4b19d5d1d73dbf4870c45b33fcf0a104e20a3c7a68964f0e8,CLEAR,"DARKNESS, LIGHTED ROAD",DRY,IMPROPER LANE USAGE,2.0,33.333333333333336,3.0,3.0
04240a73c5294827334fba211c4bec25db8220c6313afdcff1c89455a16a49e49aa76bee42dcd79aceb12728a9ea3dba9077bc45795125a4ef92af62a878316a,FREEZING RAIN/DRIZZLE,DAYLIGHT,ICE,WEATHER,2.0,37.5,2.0,2.0