crash_record_id,weather_condition,lighting_condition,roadway_surface_cond,prim_contributory_cause,total_vehicles,avg_driver_age,total_people,total_injured
0424669c9dd024d801ce27eecb80f524d5bddf2f45d8643b6417f2a661c8c37bfe32d0560f7d61c1335fbf4e904f6500e56951c0330714c56bec4e3f8eb127a4,CLEAR,DAYLIGHT,DRY,FAILING TO YIELD RIGHT-OF-WAY,2.0,42.0,2.0,2.0
04247b6eaa685e4e0d089ae8956d58d6ad7f7db1ca66287c03e1ab4f25aa396bb517476f506df15eea0946b1c5d2e7d872c2cbc1427d57ee1742a325b08fc9d2,CLOUDY/OVERCAST,DAYLIGHT,DRY,"VISION OBSCURED (SIGNS, TREE LIMBS, BUILDINGS, ETC.)",1.0,40.5,2.0,2.0
0424a5863f7b744395e620ee37dea5ca558a47b5edf688c518cb29d0d0152eb2cf539259e7d101cd1ad98ef7e22d3c4a0a00a76da60b4de8a31266d376ac0272,CLEAR,"DARKNESS, LIGHTED ROAD",DRY,FAILING TO YIELD RIGHT-OF-WAY,2.0,49.5,2.0,2.0
0424a9d7ace928c48a0f6c00a41ed1378f5e1002fd17ed273cdb59b32d257bf43e1527635c713f417c15fdd25ac66c595c975646429fbaabec545163b6347a37,CLEAR,DAYLIGHT,DRY,DRIVING SKILLS/KNOWLEDGE/EXPERIENCE,2.0,21.0,1.0,1.0
0424c2a23f7c41a6b43b30212387d2d5c67f98f68ad37b8ffd65955d6d860c613727d9aeffe09ccebb436ada5e2d738b8dc1dc2fc895483b3f2b1970b72ee1c1,RAIN,DARKNESS,WET,FAILING TO REDUCE SPEED TO AVOID CRASH,2.0,20.0,2.0,2.0
0424cbbba7fad1707939d0eaa5cea87efe150aee0a6cc4bc5d32559bb95bc93f4e37f108102e968d15bdee47a2d5487aff40a4e74217fb30608a73c04225188c,UNKNOWN,UNKNOWN,DRY,IMPROPER OVERTAKING/PASSING,2.0,67.0,2.0,2.0
0424ccec27b47b86c24bc7611e856ba829b9e51c166803103a5a4751e39f2d7a1775f68fb03a726c12c6d66e76fc5e2719684d49c5da3d646ec1493fb041be09,RAIN,DAYLIGHT,WET,FOLLOWING TOO CLOSELY,2.0,36.0,2.0,2.0
042509444c641c509f67b65d351e59c2823c28c2db2ed247f94ca72d456717f9b9c0d74da468aeac64f14b16ebc0012f12910218b4fa9b1dadb707a7df6e90af,CLEAR,"DARKNESS, LIGHTED ROAD",DRY,"OPERATING VEHICLE IN ERRATIC, RECKLESS, CARELESS, NEGLIGENT OR AGGRESSIVE MANNER",1.0,37.5,1.0,1.0
04250ed5e14e94b7172f3dae3be92ef14cf429d5c74cff0747e47ad90ccf8c87e90f94e9a4a93a9dfae92cc64cac964deab9715dc00baeb04701fad235acf0ab,CLEAR,DAYLIGHT,DRY,DISREGARDING TRAFFIC SIGNALS,2.0,44.0,2.0,2.0
04253f6c7408ec18059d60f0a184c378fde764861d5474106700f54804d139c79f0cfb4d68fee5b8a5b0d8d4c88027873858440fc189eabbd997922aa941a636,RAIN,DAYLIGHT,WET,FAILING TO YIELD RIGHT-OF-WAY,2.0,34.5,2.0,2.0
04254d96eb34886471d16e7665887c8d1079926075f6b4e98e3c0ca8ba08e57f17414a63567e715cb34c8092bfda878f410729ec7d504a368c94758adf59f225,CLEAR,DAWN,DRY,"OPERATING VEHICLE IN ERRATIC, RECKLESS, CARELESS, NEGLIGENT OR AGGRESSIVE MANNER",2.0,46.0,2.0,2.0
04256e7035a5feb4fe270e0ea1e2545cb59d89fad418a2ea6cc05307d53ea738a80dbd3a3d6e8c9f36ef406fd5572b7edc3dee0f1d47ade17586ee30c5d1b45b,CLEAR,DUSK,DRY,DISTRACTION - FROM INSIDE VEHICLE,2.0,38.5,6.0,6.0
042584944a1cfa8f2b5a4395b47ad2aa2310402791ee8a8be9e2d9ba7978c37b05e4379ecd959776140f84369a682aae2f72afbe65fe69b5c93dc84fb585b1ef,CLEAR,DARKNESS,DRY,IMPROPER LANE USAGE,5.0,37.5,1.0,1.0
0425a99a3288bc6d47d7fab331eb5662ca984bcb24b0d0449e460143e872a91e09f5fec9bca32722d127a6ab77d7459d57a5c0a3f7493bbb6fb3df67ace748b6,CLEAR,"DARKNESS, LIGHTED ROAD",DRY,FOLLOWING TOO CLOSELY,2.0,41.6,5.0,5.0
0425b4e15c997e9db39d5a5eb3446467863c4aaaba95db49a8054d1a8e0c6c19289f4327190e7f20e9bbbcd2f1e8c65ee59de4ae1110c68076dc88e4beb4cdad,CLEAR,DAYLIGHT,UNKNOWN,"VISION OBSCURED (SIGNS, TREE LIMBS, BUILDINGS, ETC.)",1.0,35.0,2.0,2.0
0425c6d292b1e1f008163f2005e4d1fed1ec8cff56f99ae3fae82cf80d9fe46266d4958dd665b820f5caf113c32ad08875656b54e65b185d374600916c4e12da,CLEAR,DAYLIGHT,DRY,FAILING TO YIELD RIGHT-OF-WAY,2.0,37.5,1.0,1.0
042634bb2faefa611667d30c0e00fff3665b6ec132e591433d61aa6da6c3e847890d60989618e3212d634a03c078e870fc490fe91a44f40e84cd96489a270759,CLEAR,DARKNESS,DRY,FOLLOWING TOO CLOSELY,2.0,25.0,1.0,1.0
042646398c831e6bbafad411549bda925b6e34c141c5dd157cf02c5e14a6efa6767f374d44d6dd95bff101609e8744cb1dd1a0ca90934ebbdcda73acddcd3b85,CLEAR,"DARKNESS, LIGHTED ROAD",DRY,FAILING TO YIELD RIGHT-OF-WAY,2.0,30.5,2.0,2.0
04264d754678aa62fb52d0ef8a86182bfce17df3685f053a301697bae1362721c56e2389bd0cb5093a2787046b58a72cdb6c951652fa9f349e66d7eccf18ddf9,CLEAR,DAYLIGHT,DRY,FOLLOWING TOO CLOSELY,2.0,35.5,2.0,2.0
0426564ec36f2f4656bed5dfd4a3d86e37a97bdc8d466b9d9896472e059a50e3c71f60f73dda981a23af20e9d2a61fe1d5f46f9d57de7d3a274820ea4c30d54b,RAIN,DAYLIGHT,WET,DISREGARDING TRAFFIC SIGNALS,2.0,38.5,6.0,6.0
042673443bf8a69bae1227543dce139cd6b5a5268f67d199b0dbd659ae5251fc8f0e81c7fbffe22006c61ffa28d1ea114bbc7ac24e18f4fff09217ade4dd289c,CLEAR,DAYLIGHT,DRY,FAILING TO YIELD RIGHT-OF-WAY,2.0,40.5,2.0,2.0
042689adb62ccbee0f411aeb9c96a577a705ddff60009e435e61ca5bd97d7a233a39641783db1ddf26941506d4760188a1881d4e318ad24b0aeea261104dfb88,UNKNOWN,DAYLIGHT,UNKNOWN,DRIVING SKILLS/KNOWLEDGE/EXPERIENCE,2.0,61.0,2.0,2.0
042695c8c1c5d4615e3f089516c0a775f3c28ff582670c7df6ed96a3b159c6f56657b10a267263b918de899d55676c344969036f67752b7f8b8ac30494cfb9ba,RAIN,DAYLIGHT,WET,DRIVING SKILLS/KNOWLEDGE/EXPERIENCE,2.0,51.5,2.0,2.0
04269bdfa73be883576f494f61a4c8afad2eae3bbd7db53728a7793b4a2829805091b1f885b6bc6600bc0254952113f51effb1e84dbe3cc37d78626c0e9f9e41,SNOW,DARKNESS,SNOW OR SLUSH,DISREGARDING STOP SIGN,2.0,40.0,2.0,2.0
0426b249401b40dfe9217f04285ee239c5917b5b8130d7fb9449a57ce1895ead7b90358ad4ca85737cb247df991dd4f3f6620b0c50e8194630fc74f68edf74d5,CLEAR,DAYLIGHT,DRY,FAILING TO YIELD RIGHT-OF-WAY,2.0,52.0,2.0,2.0
0426ceb7141709d2c2135ae9ba35239b60e76bd8fe6f730350b2a6fa5b461b4e0f993c200e52ff5233e41667be1971d60eec30e62212a01dd7f098a7eb0cfe24,CLEAR,DAYLIGHT,DRY,IMPROPER OVERTAKING/PASSING,2.0,44.0,3.0,3.0
04274903e616a84c0e33a078986ddd1031b4dcc50aed4039fc993413edc9e2b570dd102fbdbe4b1fb7d213e3078afb6216261026242b14606e3c5778bf2be550,CLEAR,"DARKNESS, LIGHTED ROAD",DRY,IMPROPER LANE USAGE,2.0,51.0,2.0,2.0
04276e25a84e3587d12515fbd715cbfe7b80b70fc027df0f8c08ec41f62daa1b97c0dc651e2ff04061843c6a5698b4f1927462b435c8a9d786df85e3540bcc7d,CLEAR,DAYLIGHT,DRY,FOLLOWING TOO CLOSELY,2.0,28.5,2.0,2.0
042782f47bff00cbf51115438e93ec9cc5a01ac3274b66d0130ccaf3f9a526cecf922291f638b4e7c1f3e2afb748c04a101eabd1b703820254452c0fbe0f8428,CLEAR,DAYLIGHT,DRY,IMPROPER OVERTAKING/PASSING,2.0,43.5,2.0,2.0
0427860e3643b896e1a9b1f563ffdaad520cb69c7424668032fd6a5466bcc1639a9a88f0ab2dfba043e390b722a5057b9d83e43b3b0bff8c9efa3b03ef7f4df9,CLEAR,"DARKNESS, LIGHTED ROAD",DRY,FAILING TO REDUCE SPEED TO AVOID CRASH,2.0,53.0,2.0,2.0
0427b5f557969c8fe339cd5358ce2db479f84902ae022235a496c793d794a3d51f45b9847fcfee80b596ce0d78cbb50e8961e8ae1ecff435abc282a3c8d45913,UNKNOWN,"DARKNESS, LIGHTED ROAD",UNKNOWN,IMPROPER BACKING,2.0,37.5,1.0,1.0
0427e8a32b1a1ad038e73a7991700e3d32b70df9bd647cd365dbae3d91a5f08ca76de455ac762030f5e449fde987556f75dfa81fb8572fc584e3accf8a17980d,CLEAR,DAYLIGHT,DRY,FAILING TO REDUCE SPEED TO AVOID CRASH,2.0,52.0,2.0,2.0
04282b699c961d700ccae32b0ace3b536ffd57c369ae2a2119be0fc13359404ea4be25171482bc0abdde0267c6634813012367cb30beb1ded6f38056840b5a6a,CLEAR,DAYLIGHT,DRY,FAILING TO YIELD RIGHT-OF-WAY,2.0,38.5,2.0,2.0
04283c922b9f072a9b7dcf6527e22df694bfeaa06686fc702a8f724a53639b1146964fcba5e9faed76b843b5ab1a9b40879707718da20af6b8da70cabd6e8387,RAIN,DAYLIGHT,WET,DRIVING SKILLS/KNOWLEDGE/EXPERIENCE,2.0,36.5,2.0,2.0
04285fff54ac4893894cc0eb0571c463db34690403139645ae94245702f673d98d8f51971a008588f51d9f285ec2c9e9f1266f5e271b91cbd813a4871638848e,CLEAR,DAYLIGHT,DRY,FAILING TO YIELD RIGHT-OF-WAY,1.0,23.0,2.0,2.0
0428712208afae2d02a7b6d26542f9d537a1de20f23000d5a7425332ec09dd032ba8c950b5aa450db800be392e35c68233029414ae4f0ee538ad66c41fbd1fbe,CLEAR,DAYLIGHT,DRY,FOLLOWING TOO CLOSELY,2.0,42.5,2.0,2.0
042898b4a9e3a84988714d03588b2ba68828e375f185419e4ddf9b572a27dbaa6797f352ed097f47b069d09de75df245076c487335ea432f8705f210c7a2a73d,CLEAR,DAYLIGHT,DRY,FOLLOWING TOO CLOSELY,2.0,66.0,2.0,2.0
0428b894b2bf149398d30f3af3eaff7b4bf320b330d5fb3a4862220b780960d610a887a53509642d78a6e4d67613aeb9b9e8dfacafbe0af6218955cdf85978b6,CLEAR,DAYLIGHT,DRY,FAILING TO YIELD RIGHT-OF-WAY,2.0,19.2,5.0,5.0
0428d1e922e29fc6b88743d3e7594ed949e7441eaa42d7fb099a3e83740beade84bc4dd716adaab18e9b585c1ece1cdcaf980c0504f8cd5280e22d7e886cde65,CLEAR,DARKNESS,DRY,IMPROPER OVERTAKING/PASSING,2.0,45.0,3.0,3.0
0428dd2f416c05f8303c98b0d643464bc53f9242124c3500c2ce901d4b3eb0d6ed8b8a2ca47d83e7a9a61f8cc3ff5a3c78241aecabb483e7cf06b108c008eb94,CLEAR,DAYLIGHT,DRY,FOLLOWING TOO CLOSELY,2.0,26.5,2.0,2.0
0429042f1ae557cbc40eb5abe3a9a1c4a7a672ae2250bdf41ac7820fef3b1fb9f1c6794a860e24f7403cd990e94c72de31d02db6ae5dd10c208650d7245a2d75,SNOW,DAWN,SNOW OR SLUSH,PHYSICAL CONDITION OF DRIVER,2.0,46.5,2.0,2.0
04291465ff4f966627611ac38f3bac032fc69f6f0db3ac7b0e5eb0f6eec7e6a7cb642b0ef4e17c285d97fe7bd125e7922a075e34567d67576b49846333e0e908,CLEAR,DAYLIGHT,DRY,DISREGARDING OTHER TRAFFIC SIGNS,1.0,59.0,1.0,1.0
04291a14df2a61539c33a94cfc65e8137f0b1e006a7d0bd9ba09c52624937f0bd6b48ee898c0d128ac8cdf0ce8d7d09275708cb768dae74f83a19294503c3e46,CLEAR,DARKNESS,DRY,IMPROPER OVERTAKING/PASSING,2.0,25.0,2.0,2.0
042926701a592f747beb23d420750f4d6471f178074c13e18e58f0b86956f0d937f5c8b32249b651e83576308e414335b738948acbf51ba264f010f592113223,CLEAR,DARKNESS,DRY,IMPROPER OVERTAKING/PASSING,2.0,37.5,1.0,1.0
0429318463e671cc0374cf99fd1639fb1427ee3f2a25dca78dacb7d2b3d48a8cdc64bb7755916fabefc71b62177662f421a11631f1523b77019c221605cdf13d,CLEAR,DAYLIGHT,DRY,FAILING TO YIELD RIGHT-OF-WAY,2.0,42.5,2.0,2.0
042941e78a3f3ca63007c829054eaa14be670aeb4e9c8b0155d8a3ae2bc02acb7f7e8682b911d6c47d454d7a6d7d8d8bf17898d738983649e6bd41a9ee9dffa6,UNKNOWN,UNKNOWN,UNKNOWN,FOLLOWING TOO CLOSELY,2.0,73.0,2.0,2.0
042945af03092ceb73a248258fc4abed51ce7f26afdeb08a3a395b92a5f885c45bbaea632bc2b993369eb26d213350fa86342c7e03d096d28f07a33e4ed67e0c,CLEAR,"DARKNESS, LIGHTED ROAD",DRY,FAILING TO YIELD RIGHT-OF-WAY,2.0,63.0,2.0,2.0
04294a9136f1ddc5a451eaad5452c30886698c0bc224cd05922c914ebe28ccded17cf31d0c7bc5d9eab65a155eed6d417e7ce7eb0d12273b8e039d27ca22c456,CLEAR,DAYLIGHT,UNKNOWN,"VISION OBSCURED (SIGNS, TREE LIMBS, BUILDINGS, ETC.)",1.0,48.5,2.0,2.0
04295f0aff6b562af94e9b6b4e326262325ef4ba64466deb8b1c73d8f674d495eca02054f1ac1f58ca557c9325109f49c98e8a018b9007cce894920919e53d0f,CLEAR,DAYLIGHT,DRY,"OPERATING VEHICLE IN ERRATIC, RECKLESS, CARELESS, NEGLIGENT OR AGGRESSIVE MANNER",2.0,65.0,2.0,2.0
04297a92d38cd92113f6e285bfb23b85b0195218710e601722bc9617e8e951afd1f66db995761d64bca4e4772d6b4250b9e0b1753cfaee6b79600e7a395b94a5,CLEAR,DAYLIGHT,DRY,FOLLOWING TOO CLOSELY,2.0,37.5,5.0,5.0
0429c5e85a35dab9e0cbe1bc388cb446a0571ec87f0a06b7783e4713a8a2e45d3a319d3bc8338937de5f03929a1e8fc6210798f1e26d1e4776088d15d287bb05,CLEAR,DARKNESS,DRY,FAILING TO YIELD RIGHT-OF-WAY,2.0,46.0,2.0,2.0
0429e3bd401971573a3ba91128c21d96fb847f5144709f997e1e687d4584ebc155dfb5cd6ee1b61abf89f79ddce05d83605deb7b0e33d94c03adc2910748d6c8,SNOW,DAYLIGHT,SNOW OR SLUSH,WEATHER,3.0,29.0,2.0,2.0
0429f843323c35d4bbfed2203ed73da4eb46eccad0eabfab2148df47b69225b1a44aef3a1146ef5f14d83a4d9507f7dda55400a94337b5aa639c8a3ed9f6fae6,CLEAR,"DARKNESS, LIGHTED ROAD",DRY,FAILING TO REDUCE SPEED TO AVOID CRASH,2.0,26.0,1.0,1.0
0429f88aa995238c35feb8d1097f25f0bdad3f4eafdb08b67c6215d75047f273155d4f74f924eb6245428c74fba671ac868ff58e9f1d41317db83c8f652223eb,CLOUDY/OVERCAST,DAYLIGHT,DRY,IMPROPER TURNING/NO SIGNAL,2.0,72.0,2.0,2.0
042a7262337856dd5cc045b516af76bf49387ac4c6ff8cc9ff10f358f1e330d699f267301b40654c02fd2d2c727377f8a9931b53cc5d2b7af1b4220368c79b7d,CLOUDY/OVERCAST,DAYLIGHT,DRY,FAILING TO YIELD RIGHT-OF-WAY,2.0,25.5,3.0,3.0
042a878efa6b767d7d7c65b9a1c5d02dc2664d1b7fd0f62ac941f81189cb566cb022a14b6f0a7ca00d9450570cb25c341b6161e108ed661d419cf3ef63fddefd,CLEAR,"DARKNESS, LIGHTED ROAD",DRY,DRIVING SKILLS/KNOWLEDGE/EXPERIENCE,1.0,24.0,2.0,2.0
042aa955be3dc7a48c16c3210ac8c063e3de669cb15d99c5291658ca5a316da171c661a01ca70bd98885f7cc03c758c1f50c10ac093e40cd43565654755f7ed2,CLEAR,DAYLIGHT,DRY,FOLLOWING TOO CLOSELY,2.0,48.0,2.0,2.0
042ab62fb4024ffdea69d890ba3ba2aa28729b8ecd19ae0f54e2b66f8fe0b427d93cb839249fe7a16b846f15d902727361ecf6a2ad13fe6cbe1a820520385cfd,CLEAR,DAYLIGHT,WET,DISTRACTION - FROM INSIDE VEHICLE,2.0,33.5,2.0,2.0
042ad6c6211350d6f01abf96a09556ed0afeaa2145ef15b7ee263eaed358e2add73150ee328b487ec394620358aea8febb03868af11562a964a8e381d2e453aa,CLEAR,DAYLIGHT,UNKNOWN,FOLLOWING TOO CLOSELY,2.0,48.0,2.0,2.0
042b1d4641b54ce6ae1a9d1e6576718eefb9c4a3f72ca6227ab6e293cf54c7c12d329f639c57462bc96c5623a0701c1a7efd01c7aa0505ec6fc2ab0e0602f523,CLEAR,"DARKNESS, LIGHTED ROAD",WET,IMPROPER OVERTAKING/PASSING,2.0,44.75,4.0,4.0
042b20a217cddf2c0a70c4d36ef7aa44844dd4030d214999ad50b32700f8ad3ef701ad27098cdad5b4fa0732cd30576bcc340df131aaa2d46490dae466150b50,CLEAR,"DARKNESS, LIGHTED ROAD",DRY,FAILING TO REDUCE SPEED TO AVOID CRASH,2.0,37.5,1.0,1.0
042b20b817e8c60c282d5ffb1b0f85b1837f5f9258a762088b51f8b34779aa4d6654f7e520257ccc5d40360baacb65ac98882099274cc803f66cac7bb9fdba23,CLEAR,DUSK,DRY,FOLLOWING TOO CLOSELY,2.0,34.0,2.0,2.0
042b2750b3563f7b55015c054a59760456ffbbe304cb43b005b4e02771dd7660fc8dd16ef795781a525085185a6787d3a0e0cc680c2d57f80ddce698c4db2b01,CLEAR,DAYLIGHT,DRY,FAILING TO REDUCE SPEED TO AVOID CRASH,3.0,59.666666666666664,3.0,3.0
042b3ae5c1dfac849d15e6a5772f06880269a9e3c870498ddf645712e213d484aaf88c85dd46c44ea0cdeba931d5f59a24ec2d25393339391ba6931fbcb67b58,CLEAR,DAYLIGHT,DRY,FAILING TO YIELD RIGHT-OF-WAY,2.0,20.0,2.0,2.0
042b69d84fbdd4ba9f6e7515218df65fe514ca3f048d3fb633f8397b655de244b3bf81cf9930943e34c8c4b6edf91aa4450d5deb5556bcfc06fb9e5dc3891f17,CLEAR,"DARKNESS, LIGHTED ROAD",DRY,IMPROPER OVERTAKING/PASSING,2.0,66.0,5.0,5.0
042b8fa7d8dbc8c70f92cb262d5884d210ebeddb81a8fdec20c6c437a37be23bd8ff37fc1496b031d6b5251aaba6ff2ff371394819906d2ad668eea637763b10,CLEAR,DAYLIGHT,DRY,DISREGARDING OTHER TRAFFIC SIGNS,2.0,22.0,4.0,4.0
042b964fd90d2f8b6fcc77982412c7f162a614e11de52c1a4cfbcf82d199c214c1cd9e79911f60e9d21505d30730083660085e9a1cbffab2ed9c6ff6b76e07c5,CLEAR,DAYLIGHT,DRY,ROAD CONSTRUCTION/MAINTENANCE,1.0,61.0,1.0,1.0
042bbc6a04e5440902fb0f212d17e81328a8b7d2153942930c1def515ec49bd516c300233b366ca52de0030190f9d5d2ff8101df2a867abdf4fe23e5f7542a39,CLEAR,DAYLIGHT,DRY,FAILING TO YIELD RIGHT-OF-WAY,2.0,24.0,2.0,2.0
042c4cf2d58f3626a46a3ea539f4561510407ab759d4dc29093bd09cf42632661169202ca508e44da45669f15cdb319b73f70b16a15d222588da3bbf98454d8d,CLEAR,DAYLIGHT,DRY,"DISTRACTION - OTHER ELECTRONIC DEVICE (NAVIGATION DEVICE, DVD PLAYER, ETC.)",3.0,28.0,1.0,1.0
042c5045d7d728145efe0bc173e2ed06d1b8ed96c0061d0380cba45d0ef18559ab1cf9c634c6efbc579c68b59d87371b204a9252ba867e46f1e71212dfdd4677,CLEAR,"DARKNESS, LIGHTED ROAD",DRY,UNDER THE INFLUENCE OF ALCOHOL/DRUGS (USE WHEN ARREST IS EFFECTED),1.0,45.0,1.0,1.0
042ca72fb30a93ea7d418c5c4f49d0d43e1b9aa43e0402cce9551139de1c0989cdff1ff115be8592fc9fece46e588ecb13c4985b9dfbabb1f9ac47ff381fc786,CLEAR,DARKNESS,DRY,UNDER THE INFLUENCE OF ALCOHOL/DRUGS (USE WHEN ARREST IS EFFECTED),1.0,33.0,1.0,1.0
042caaf45afb7c2f09e5cb77367325e518d1c23561158cfd0b71d972d0dd23012ac6046c9daef1c012ccb60a131d2dffab315fd7db33d5f3bd426872a9775ceb,CLEAR,"DARKNESS, LIGHTED ROAD",DRY,IMPROPER LANE USAGE,2.0,40.0,2.0,2.0
042cab2cd4458910513de4314695c419eb1c05d0c5a0983ce1034743ab57a535540ceb76b350d2d36a6c06e45cd963487fc0f9ed64a0e8c336f680429328f845,CLEAR,DAYLIGHT,DRY,FAILING TO YIELD RIGHT-OF-WAY,2.0,47.5,3.0,3.0
042cbb788d71e576bb46ab295ffc7510e461af72ac1ebc1c1650d1af60d16ee6032e3c9c37533bc5ed6abad4b5aedff4bd17c8f6db9185ae551273033d4fc633,CLEAR,DAYLIGHT,DRY,FOLLOWING TOO CLOSELY,2.0,61.0,3.0,3.0
042cfd895b3809f5b24bd629eb90b8c3aa8669975b6f86c8eaf212894a063bf43923103a1889af87781c995984ad306b881d8886c32485cf11993c6b42f7ad34,SNOW,DAYLIGHT,WET,FOLLOWING TOO CLOSELY,2.0,35.5,2.0,2.0
042d1c20715956d4e0821a0308f45a0daba71caaa44dc6c1e5d1e6fcb5e335c7d9edc613f4661552dfeb403193fbe77a12f57adc36cf3aee9bf80ba12810ef64,CLEAR,DAYLIGHT,DRY,FOLLOWING TOO CLOSELY,3.0,31.0,4.0,4.0
042d20072e23fff1469248333eae62941d61b845dc6f7a26f0b9e7ec144fc1386db320ae290a21a7deb5c6b4674dfc3ba9c18038d5b55c328931a5f0f7edbf1b,CLOUDY/OVERCAST,DAYLIGHT,WET,DISREGARDING STOP SIGN,2.0,46.0,2.0,2.0
042d34e31439ea9475ffcc433185e09f91996baf4e54d8efdac3f49a9b8c8060c53926a7531108d622a7108ca6da9913bebcc6ebef60684f93b2ff4d3ff1985a,CLEAR,DAYLIGHT,DRY,DISREGARDING STOP SIGN,4.0,25.8,6.0,6.0
042d4da91690df75572d50d52f53b97eda86e8edd228f10b55b41d7d0892fd9145b9cc207d4543d3ffdf7ff83583d80f667fea1c7bcf9d1c86b69af66cf7b54c,CLEAR,"DARKNESS, LIGHTED ROAD",DRY,FAILING TO REDUCE SPEED TO AVOID CRASH,2.0,38.0,4.0,4.0
042d5d8c52561e528715a1547df1e836f70779c67d56c221cfbfa25eaf43b8b75d2d8e6b84b28bf8c87e8a72cf799a83bb1c3829e28ccd4622ebcad8f143076d,SNOW,DAYLIGHT,SNOW OR SLUSH,FAILING TO YIELD RIGHT-OF-WAY,2.0,21.5,2.0,2.0
042d9bed5013303042944cf290f9a0dd3210cbda46d9a05bbb65a48bd012f1f6eafd9ede11847fbe4026343e8e73e38eb3fcbc7d1a0e5e2f9d7e5aac36865490,CLOUDY/OVERCAST,DAYLIGHT,DRY,IMPROPER LANE USAGE,2.0,39.5,3.0,3.0
042db2e945531cebd79d74471fad2ce419f3840aaa65b68a1791d9aa038e5dd3b27642808dd2f83274ec7f8e25e6bed303ca42cfb030c8d14e2e3b4e6f77e7e3,CLEAR,DAYLIGHT,DRY,IMPROPER BACKING,2.0,27.0,1.0,1.0
042db833909672e7f447f703d3b39cf6458bd62eba2fdc65c25ec5399d01e4ecf4d89d3d7621e1a60b3823ff7dd91929095d96b155e23cbab26a6d429aae0e1a,CLEAR,"DARKNESS, LIGHTED ROAD",DRY,FOLLOWING TOO CLOSELY,2.0,37.0,1.0,1.0
042dbee2beddf4e7d342f22ca4c0db6f6422d62d45d749fc7148c92d243f6382ff1c9e3bd31d693eeab67b3f8ad78068c2df9fe05e9c4c4462b2802e5b2b557f,CLOUDY/OVERCAST,DAYLIGHT,DRY,IMPROPER BACKING,2.0,39.333333333333336,3.0,3.0
042dddd8d5bbca71ae2893f213ade27898fe37c3fe4fe698e188a065586ef4533ba2cc32635aaa02bcba42940aa8fd338cd5afed8a660e52433119951b56e6bc,CLEAR,"DARKNESS, LIGHTED ROAD",DRY,FOLLOWING TOO CLOSELY,2.0,36.0,1.0,1.0
042dec21aff55d25475c154a48ce6b0bb37a56d71ebaa322bb6c2bb2272dd81a38c293656dc9f873c5c13086dd962135ddf395d95cd28d03f14d13f6c4ee5d70,CLEAR,DAYLIGHT,DRY,FAILING TO REDUCE SPEED TO AVOID CRASH,2.0,40.0,2.0,2.0
042e0e87eb3ab719e387ea14e997a8bb73ecf2f78b54cbc79e103972232a8d526b48bf975b4bd2b5fc6ed8b3090812346bea6ae8c492080c009f460e38c88a14,CLEAR,DAYLIGHT,DRY,DISTRACTION - FROM INSIDE VEHICLE,1.0,38.75,4.0,4.0
042e12452f9bb915aae4e570dc1f576882280d53c02fbd8484770f19aacc8426ca6f4c9c4c2fd0654fd3d24f41741d1314d9c0495ca7653e38d7e71eb204ea79,CLEAR,"DARKNESS, LIGHTED ROAD",DRY,FAILING TO YIELD RIGHT-OF-WAY,1.0,63.0,2.0,2.0
042e1429511e02694f985da3b7a1540fa742a9ce50fcb85c9fc1b5d475ad55c48e38b4ab7873c6cd8623fd6dee2816df842e0362ebc384c1dc3ba2a11091936f,CLEAR,DAYLIGHT,DRY,FOLLOWING TOO CLOSELY,2.0,21.0,2.0,2.0
042e3e47cfcc028d084af85785924abd9f4a83898573c359b6f06f1f0b0a7c948841b3f4762f152338bce0a838b22d4af773723648a02c9486dd4bd3111ec340,FREEZING RAIN/DRIZZLE,DUSK,ICE,WEATHER,1.0,68.0,1.0,1.0
042e4a3fb6bf722312011b02aa5e3e081274858999664878e64021776965ba64a3dfc2ef330e206783e79c9151e19691d8b1f41e14611ac9aab120250769d78d,CLEAR,DAYLIGHT,DRY,FOLLOWING TOO CLOSELY,2.0,39.0,2.0,2.0
042e640074bda67e884367b5e68342a6f6a8725009cd9bb3aab88390cf3f4278d33d07fb6bdf51b3fd132ed8cb30b18810d66791d7df5e2798400f26c02edc1c,CLOUDY/OVERCAST,DAYLIGHT,WET,DISREGARDING STOP SIGN,2.0,29.5,2.0,2.0
042e65623c5ef2bed7e7f369f7e46d543436ad7b48626783a8063532044a3330a35210de04717d7bd99ffa4c758f8c8ab5b28236881cdb80b7f1b2d1c6f0c91f,CLEAR,"DARKNESS, LIGHTED ROAD",DRY,IMPROPER OVERTAKING/PASSING,2.0,33.666666666666664,3.0,3.0
042e6845ae9b07267c73de001b513d76a37e28b6e74cd585960367ad836f00903a12ef4340ead11db8654f9550c3ecefd5e2cd0afa158d68fcd2209f11dd9415,CLEAR,DAYLIGHT,DRY,DISREGARDING TRAFFIC SIGNALS,1.0,30.5,2.0,2.0
042e7968c2a55370ae18f5498e870840ee0efb4b28304aac516996f785bc8fb14af00a6efac8a99b37dd9236260d30bb31606e12977949b8daa17c8fa76cc848,CLEAR,DAYLIGHT,DRY,FOLLOWING TOO CLOSELY,2.0,42.0,2.0,2.0
042e874145df0140e09aa91822b519a955b8b098e6135c33d932d1e387343e9d7c0bb633d28573322fe3e61fd6065fb49f3c668423a6e385e6206b589a74d964,CLEAR,DAYLIGHT,DRY,IMPROPER BACKING,1.0,53.0,1.0,1.0