crash_record_id,weather_condition,lighting_condition,roadway_surface_cond,prim_contributory_cause,total_vehicles,avg_driver_age,total_people,total_injured
042e886853da67a3abeacb0c32b82a39181c8e493a45e3a48335de96cb1d9841f3a2f79b8f2260e6da941eab7128d887d0084f9040f1e6662998223a0294a18a,CLEAR,DAYLIGHT,DRY,PHYSICAL CONDITION OF DRIVER,2.0,45.0,2.0,2.0
042e8e4c283a2edf8d1afae1539c262510f8f855235c01f56f17a1c0d17e00dd75f4fce537e3ec663531266517bc176226e0677511203f278bc5fc7d518270de,CLEAR,DAYLIGHT,DRY,DISTRACTION - FROM INSIDE VEHICLE,2.0,23.0,1.0,1.0
042e9891648881d5831b123dab8d43ad9f8949d6a73ffaa1d31f39f538846a4e89088fa2438d221904d9b62f1fd743f359884e6afb304419c3f9838f3c62ad24,RAIN,DAYLIGHT,WET,IMPROPER TURNING/NO SIGNAL,2.0,45.0,2.0,2.0
042ea0fa250035116c637ecc5f967ff43ac1fa9e94b67f547e1046a200fcf95bea5102a8d4a856ed73b3c1d019ffe4638fefaf6a2978419c4effba6d03dcccff,CLEAR,DAYLIGHT,DRY,DISTRACTION - FROM INSIDE VEHICLE,3.0,28.0,1.0,1.0
042eb320f407e39c3b156299db745c6dc630a9eb2fa85551a974666b51c6195da0bb47055c6e2615cbf3b1f580a427e103e3e08cbfd7ac9902213d6894027352,CLEAR,DAYLIGHT,DRY,FAILING TO REDUCE SPEED TO AVOID CRASH,3.0,35.75,4.0,4.0
042eb956369781139e6c8fc214d1d740027f6271a17b9bb17a5c82e8bc281b401f854b73e36fe52f7f5545853295eff0b44a5823ae66a20ce705f83ffa69c656,RAIN,"DARKNESS, LIGHTED ROAD",WET,IMPROPER BACKING,2.0,35.0,3.0,3.0
042f1273b53c137bdc6ed0f64386191060eab82af708961ad62dae1db478d21ac1f550566f891b3a1dfb121cadd23d372acc0a8e95082fce656027b786597cfd,FREEZING RAIN/DRIZZLE,DAYLIGHT,WET,FAILING TO REDUCE SPEED TO AVOID CRASH,2.0,51.0,2.0,2.0
042f1c8c8f7635f555acbc92110d498eeff92da4129ba12a7317296ab511c8feb704a28284cd9053321d3e730f7a8a8aaf88f9e90cfc75d84cbd2c5b51923330,CLEAR,DAYLIGHT,WET,FOLLOWING TOO CLOSELY,2.0,26.0,3.0,3.0
042f1f0d53482dc8959aa195bbb4eec81c2eb9af16ba0f895dff851bf18cc941610d89b1af9cdc223d84f746411b574f0fc67d5b5cd0c7c03a0ac372d66d3ada,CLEAR,"DARKNESS, LIGHTED ROAD",DRY,IMPROPER OVERTAKING/PASSING,2.0,37.5,1.0,1.0
042f4079a04be3d71a19ec27ca30efb4af3f8aa4288b1603c8f5ba22c39898adc0c4c4ed88db68301832db773595628d8fa8122b30b23a6043b1795208c35e98,UNKNOWN,DAYLIGHT,UNKNOWN,FAILING TO REDUCE SPEED TO AVOID CRASH,2.0,21.5,2.0,2.0
042f74299d05cabe9278e428a6a522bd3e6842a4b4e494df903b3614b23fe586b37d951240f3768a25f57f8cef7c3624fa57c97eda3966329d8171393150d68d,CLEAR,DAYLIGHT,DRY,FAILING TO YIELD RIGHT-OF-WAY,2.0,30.5,2.0,2.0
042f928ac49f2219f923b34b4626d97684718ff05635f490292f4955bc66dc9cef79f1eb9182690e1525de42bc9f65d3975410dcb226593fdc4d0e4ea38adfb4,CLEAR,DAYLIGHT,DRY,FAILING TO YIELD RIGHT-OF-WAY,2.0,21.5,2.0,2.0
042f9e8eaa9b66b7d21d396b4ff45576cc020dcdc5bc332ab1e374f9ad444c16ac2f20137d4ed36d61d3a7f98c16ab4b12bb72812a4485317ddb7977b6c5b049,CLEAR,DAYLIGHT,DRY,IMPROPER LANE USAGE,2.0,51.0,4.0,4.0
042fa42ffa123e32e80c7898496b9fb3afccaf269912b7fdd01d969bdb086a3dd388d22c803dceecc6dc2cba87a6b1f957b52f3294eadffbb5c1c860afbdc4e6,CLOUDY/OVERCAST,DAYLIGHT,DRY,DRIVING ON WRONG SIDE/WRONG WAY,2.0,59.0,2.0,2.0
042fad30152c6c96897831c08de8d382fa3371bf8b08e339a035ccbf8818004134148beb81b6e92a7901da519d82b428cb59e8963f04e6191ce3849686143e1e,CLEAR,"DARKNESS, LIGHTED ROAD",DRY,DISREGARDING TRAFFIC SIGNALS,2.0,30.0,2.0,2.0
042fd5fbff1e86b08a0f3556041c31c2b47694923723d9215e50cbf3f6bd8ebc652d5b91240ada29fcd5ba24b90e8eba4b4908a19d0fe5d798e866c670ede8d9,CLEAR,DAYLIGHT,WET,DRIVING SKILLS/KNOWLEDGE/EXPERIENCE,4.0,61.0,1.0,1.0
042ffeaa4466d74bae6052bc200cf2385c61009f8da8872b93e6fa107e3607359b99374957248b6e93183f232f9e1b36339c286c197863a2be2becf9f79a6121,CLEAR,DAYLIGHT,DRY,PHYSICAL CONDITION OF DRIVER,2.0,23.0,1.0,1.0
0430063e03eb1b8f21c3162a1305d6871afa5570c92ae395007b1bd4abac9b0d09634f96f1dbdf01886f20fe14a05b22374e18f2d3591bcffbfde047752ed81b,CLEAR,DAYLIGHT,DRY,IMPROPER OVERTAKING/PASSING,2.0,26.0,1.0,1.0
043023c4608fee87fd43e8f446fbb765a143ee759383abe346e78984711c71b1b08ec8c22b07e84f64dd08a44a745b017e967da85433e1f5a75b2274a7728e08,CLEAR,DAYLIGHT,DRY,FOLLOWING TOO CLOSELY,2.0,40.5,2.0,2.0
0430268076f727d9202bcc4bcb5b62b292da9f9749bc0532a9e93e41bdfa7eac7cf6f5e7883c150c27c8a59ce0c28ebfee8e2212722421027841be71742b2689,CLEAR,DAYLIGHT,DRY,DRIVING SKILLS/KNOWLEDGE/EXPERIENCE,1.0,35.0,1.0,1.0
04303836f3119383a5b8ed291dc385b1dd706cc67fe3a4cfa7f2b2f457956739ff68feece275d10cc3dd16ce981617ef4fd257f6c0fc2187e7acaba83db54356,CLEAR,DAYLIGHT,DRY,FOLLOWING TOO CLOSELY,2.0,51.5,3.0,3.0
04303a21c12bc09137319a94bc45e90fbcc59c15312391afb57b95c5adbcb42a790062d7a9eaecd214741295d8117eeb80611cd78909550bc89e6ff5301c6107,CLEAR,DAYLIGHT,DRY,IMPROPER OVERTAKING/PASSING,2.0,37.5,2.0,2.0
0430428f2ea547033eb6dd34b79084ffbf930001e571d414224685935d466f3effcaf9a21a1535862f63b89fd9a5b050e791af0500a304c33e352fb298fa11f5,CLEAR,"DARKNESS, LIGHTED ROAD",DRY,EQUIPMENT - VEHICLE CONDITION,2.0,35.5,2.0,2.0
04308ae576454f7f460eaebad2517049b93b812a742d6636e1962c65611a44d8fc6b3a30c377a1c9e386010cd6e0b17bf92fc658f770f4582b12e8193436a37e,CLEAR,"DARKNESS, LIGHTED ROAD",DRY,DRIVING SKILLS/KNOWLEDGE/EXPERIENCE,1.0,23.0,2.0,2.0
0430a0882b468f6959067d86cc85226ce15f713fdd4723e7b2637bf4a5d42c85ed13c513664ae8d8e4f37236fcc50fe0a944ab55b257322bc53851c72d32ee16,CLEAR,DAYLIGHT,DRY,FOLLOWING TOO CLOSELY,2.0,45.75,4.0,4.0
0430a6b30e5ef77c35b7b24b6d2f805155075ec06d69bff9675d75180b4d5408ec3eae19a14ce1f0ae809e6559c92a48ceab6584ade2153bb2a794a94b8fccb1,CLEAR,DAYLIGHT,DRY,"OPERATING VEHICLE IN ERRATIC, RECKLESS, CARELESS, NEGLIGENT OR AGGRESSIVE MANNER",5.0,19.0,1.0,1.0
0430ce4461387520b69a44191b46ef8f24cad43387ad6a8720c2129afd4f13b25a9dc8033648cc58746fcf8233e12f723a048329a387dbb111ccd0ef34bf2165,CLEAR,"DARKNESS, LIGHTED ROAD",DRY,DRIVING SKILLS/KNOWLEDGE/EXPERIENCE,1.0,20.0,2.0,2.0
0430cfadccde4dcdc494bbc59156b368e2801c90806fc4b9364066b49fb3e5603dd5103922fddcfdbfdc9812c16de891454ce751372ed4fb6da180c8994ef9e4,SNOW,"DARKNESS, LIGHTED ROAD",SNOW OR SLUSH,WEATHER,3.0,36.0,4.0,4.0
04310b0cdd4a4e2fd77397b8323b37ffe26608de1ba7ee01d9653c78997654c9d92559727aaedc4ae76d03cc0ce9a1059f52996602cc616c2f1f8a772dc96baa,CLEAR,DAYLIGHT,DRY,FAILING TO YIELD RIGHT-OF-WAY,2.0,36.0,2.0,2.0
0431335aa88a2ceaf9100f6018001fc43e47231fdcc00d6685b13a6c052f9cc2c1b1d2659b557fb8c6050bf56d0f0dde0266f44a45754ad10c1d1d2d9dfb545a,SNOW,DAYLIGHT,SNOW OR SLUSH,DISREGARDING TRAFFIC SIGNALS,2.0,69.5,2.0,2.0
04314b92b008a476bcd79e40ab458cb2c76ac333cceb59dd1ae7294d931bdc20bb28e9126c31116a14072773ad59ae7859ab931ff839d90d0144e28e9b1c1049,CLEAR,DAYLIGHT,DRY,IMPROPER LANE USAGE,2.0,43.0,2.0,2.0
043156867c5c06997f24f355904c5b4099f52842f1faf2ffd2e9593c0a7ce22801fdcfc40e6810954a4a11640794282caf7802613a2e3bea60963891721c39df,CLEAR,"DARKNESS, LIGHTED ROAD",DRY,DRIVING ON WRONG SIDE/WRONG WAY,3.0,37.5,1.0,1.0
04315f532791bc27e2e429208a9cea0531822054800bf4fed623bea16e2ce931501adbccc5358ee502a45c1b9904b419a28694f59852a25f6ebfde4321c5399d,CLEAR,DAYLIGHT,DRY,IMPROPER BACKING,2.0,51.333333333333336,3.0,3.0
043166994624790ecaa89abb31ac018f7ea1bfb63e223c64e2212c849b5605f9fd45aed50442a9691f9004365a6b61fa02a8310935ac69d13b8325a9ccb383ec,CLEAR,DAYLIGHT,DRY,FOLLOWING TOO CLOSELY,2.0,37.5,1.0,1.0
0431a94feb8f2e90d7686b7e367afba4375b8eed39514190af0a4eff33b8ae880fefcd7d91b756b814f5f84770ad886522c2462cbce07cafff326153964a29c0,CLEAR,DAYLIGHT,DRY,FAILING TO YIELD RIGHT-OF-WAY,2.0,26.0,2.0,2.0
0431b9427943f341d13ec31e99518b2b7f69eb2947b7a10ce62caf4102d4b39ba5ebfcd2e911bc7b18a7dcb1e7b0debfe21d97b1d9d839ce8fcd8283333c9c5f,UNKNOWN,UNKNOWN,UNKNOWN,FAILING TO YIELD RIGHT-OF-WAY,2.0,42.5,2.0,2.0
0431bdce3d40cdaa04afe78cf992ed89699871c798ccc935345c132c6c7cea56eff31dc1bb1a1f7f6c9a8e2eddaef016f19ca5a9928e0564da9053e76c73ce8c,CLEAR,DAYLIGHT,DRY,FAILING TO YIELD RIGHT-OF-WAY,2.0,58.0,2.0,2.0
0432005fa810cf25226c13d4f44353a9808ab60790f4750fc6bd46b6e151a62454f8d8d700517d9cc8057021bd7542e02ff105ff5341dd37c10fb0fb19906955,CLEAR,DAYLIGHT,DRY,IMPROPER OVERTAKING/PASSING,2.0,10.5,3.0,3.0
04320ef5c8857ce5d8020f6c7a4f56775ae2b3559164fad739bc4712b0d7773668ccdd3ef46cf0f0901455755d04b6eb0c3250a90aa1fb558dfe11e52e17e705,CLEAR,DARKNESS,DRY,FOLLOWING TOO CLOSELY,2.0,60.0,2.0,2.0
043212a3a464be14694c6fae0075d26e460188394189528149975fdc33f7ab3b5b84598d1070f823b5fff7f0d36fed1a4a5cb049b5e4e646fafc8d5691996dd9,CLOUDY/OVERCAST,DAYLIGHT,UNKNOWN,IMPROPER TURNING/NO SIGNAL,3.0,37.333333333333336,3.0,3.0
043225bfa52354bdb9d54f4255eaf88a65247254cc296b508bef013f1fb64affaeef711ccedbcac2880df3bcad4571ec956ed7d46bad719b4e0eb1bf81b3d9ef,SNOW,DAYLIGHT,ICE,WEATHER,2.0,34.0,1.0,1.0
04324732d5e9be6aaf44b2d964e12473c345490ab454d2c53be24fa75a5483b35930120e3db61378a385e1e99043fd0ce9a459bea39f041a76b17756c782b0ed,CLEAR,DAYLIGHT,DRY,FOLLOWING TOO CLOSELY,3.0,42.0,3.0,3.0
04326bb4fe4f2d91ebd46b12fd66c39642c159b7726173482f3105c75b76aeec323e3674d5107d64410ae640f0403cb20b5ef417a77ae1e95d97d8ec520b270c,CLEAR,"DARKNESS, LIGHTED ROAD",WET,EXCEEDING SAFE SPEED FOR CONDITIONS,2.0,47.0,2.0,2.0
04327a92836e977fc30b60da21df2b618bd929c3d40dcd4bb8efcb725d9cd97460ac68dd0c40a1d688ee8591a7b14e7c150bab48aa9b74af2c5c751fc4745c94,CLEAR,DAWN,DRY,FOLLOWING TOO CLOSELY,2.0,51.5,2.0,2.0
04327bd2856affe7b9dac4d59947377d53349660bbdf62394c5ae301056fbd6d901cbb69e35894fa47f7d08d1c8fac430e60799a7f8ccb38c430eda333d2f056,UNKNOWN,UNKNOWN,UNKNOWN,FOLLOWING TOO CLOSELY,2.0,46.0,2.0,2.0
0432d48ba61fe2d98b96e78932c10d525b89603024fcb654bfa6aaf467834fdfdca1197bdb2ad4c669411f2dc10b6b5a412604dc2ff95df4f1fe0d2561922d13,SNOW,DAYLIGHT,SNOW OR SLUSH,WEATHER,2.0,37.5,1.0,1.0
0432f3c3732c3349a0d2cae9252be2be769ca6e530be7b9c909dfc57f1389ec208290f2127db1eaaed2f9deecdfc0c2581117e5b467815fbbea1110fcaab4dd4,CLEAR,"DARKNESS, LIGHTED ROAD",DRY,FAILING TO YIELD RIGHT-OF-WAY,2.0,37.5,2.0,2.0
0433241563bc2c8005bc8982493f8d90058f3e9e03348a939765537116385eb34122fce2d9ee9c2864b349b43c5971fba0d42db43e931b26cb699615a64a952c,OTHER,"DARKNESS, LIGHTED ROAD",WET,FOLLOWING TOO CLOSELY,2.0,37.5,2.0,2.0
0433486c307fafa52b95c0bd03e30299b733b26e9334862cade5dc3041847c2e0d8f505902656741826b5bd927ed169f41a14ca4f285f0c3547e001b44fd4f5e,CLEAR,DAYLIGHT,ICE,WEATHER,2.0,37.5,1.0,1.0
0433a342f7f19fe306290775538f9802a2e408489e87481895572e6cbf5f42d2cb02628ffeb9da2cac786e0be1c5a516e9628c664b0ec131e94f2800e7035f8c,CLEAR,DAYLIGHT,DRY,IMPROPER TURNING/NO SIGNAL,2.0,58.0,2.0,1.0
0433d968b505b8d6ffa9c94919478eb07cc7f309676bbc4336e6cf55cbf57e97bde91bc685a3c508147476e119e754a8f8e23bf1868ba64c9be98a8fbfc2a4ea,SNOW,DAYLIGHT,ICE,WEATHER,1.0,43.0,1.0,1.0
0433ebdaa98e46d14d06c8edb2cd5e2f415c718524ce362580713198b74777696fc8207de676e452efc8d5c6c429100615f25d88d2c5e471f3902ae9b69340a8,CLEAR,DAYLIGHT,DRY,IMPROPER OVERTAKING/PASSING,2.0,19.8,5.0,5.0
0434657e2b8a8b5e13519f8318d0977a8314c06313fc15b6667844432d4fa3975519d516758974f8f2dbec85b9473c6ea500a87a7afdbcddabd3db1d7de88a5f,CLEAR,"DARKNESS, LIGHTED ROAD",DRY,IMPROPER BACKING,2.0,56.5,2.0,2.0
04346caac03865f944c3aaffb89da91786e610a8ca23ed888700481a6aede3bb05aeaeb25b1db2e126fdbf588c0443b9440cb758cdd9e3b8caa9994bf5dc5f12,CLEAR,DAYLIGHT,DRY,DISREGARDING TRAFFIC SIGNALS,2.0,58.0,2.0,2.0
0434995aa61026f1c62087839bd796c1cab88ef036c0c0cd2c7603fe0893eed318d26fd2220c424249211904df5b4c6da86c16d0e695192d94db017eb608239e,CLEAR,DAYLIGHT,DRY,FOLLOWING TOO CLOSELY,2.0,31.0,2.0,2.0
0434ac11365f306eee73d454a61fb3e2b38c0e5ed46db0441513bf0c44b5789b423f3101eb6a9b08301f17401f77324d4f02d77133b7608f712cbba0f2415234,CLEAR,DAYLIGHT,DRY,FAILING TO YIELD RIGHT-OF-WAY,2.0,40.0,2.0,2.0
043504c7ea2656452c15c508a6524ded2d419019c6d959bcdb43550793598757f64ab3bed4bd60e72a60485a2ec0ee8cd409e2e9d2be5c8fb833e0dad8c56d96,CLEAR,DAYLIGHT,DRY,IMPROPER OVERTAKING/PASSING,3.0,41.0,3.0,3.0
04354fd65bbd171a226eb8378c2452dea4fe92d3d1ae8e8e278b4301f4bb012ef5e197c4b8fceb23598717e26be8de4af6dff8869923f96837de408bc629522c,CLEAR,DAYLIGHT,DRY,DISREGARDING STOP SIGN,2.0,44.5,2.0,2.0
04359bca0519ab09f57b3af7828db70b9b0a751c354aa36147c2b5c6d8fd00a0e26d9553974fc4965c54d6e9947dc7e87b7517c0a192cf4eb9a444a796aaba02,CLEAR,DAYLIGHT,DRY,IMPROPER LANE USAGE,1.0,34.0,1.0,1.0
04359ff603db37050b36555159ca8b8f167d97e395e758eefc9a9abfcc6081f64c75084bd49654499a02b01693e8fac258ecd31431401b4a9ce19f88f7ec3075,SNOW,DAYLIGHT,SNOW OR SLUSH,FAILING TO YIELD RIGHT-OF-WAY,2.0,22.25,4.0,4.0
0435d2cd0b49c442173ee72e4ca3c58541ff3a0619b8d5c85d730d8530c8a51247f18dea6094fb2406c23c532310bf73901f2ebe7dae2e4a6b5aee5c87ef1ae9,CLEAR,DAYLIGHT,DRY,IMPROPER TURNING/NO SIGNAL,2.0,56.0,2.0,2.0
0435da72e37ad2796f5debf19aee59b0ec46ccd59c695a86380a6d2d49d9b3f1bf953721d6ccc811a16b41ead73b6253786a029085244b18d549d6a7f1d09891,CLEAR,DAYLIGHT,DRY,IMPROPER LANE USAGE,2.0,37.5,1.0,1.0
0436274ae2769df4a009be9fa71b2181428877a7b3b4468746f6ebfefbb74404af6870dd099d266da8a82a2ef6b341165b58fa5460a3f343c181791330282e9f,CLOUDY/OVERCAST,DAYLIGHT,DRY,FOLLOWING TOO CLOSELY,2.0,50.5,2.0,2.0
043628a9e1b202581ea42da38293f2a6bf52f641cdeb86bc85df47245fa1bdb02c445c75e96b64860d037b3dd71f6cea8b4d516298adf7646bb2b9c4a020bacf,CLEAR,DAYLIGHT,DRY,FAILING TO YIELD RIGHT-OF-WAY,3.0,41.333333333333336,3.0,3.0
04362ee49670ffa9c58d8d528479d932b3d3ea45f10fcae4ae0f612c19e6139be2cf822d8a7b9eba2c5c7ed886cdb636258b7143fe09d20615292b72605ae7f6,CLEAR,DAYLIGHT,DRY,"OPERATING VEHICLE IN ERRATIC, RECKLESS, CARELESS, NEGLIGENT OR AGGRESSIVE MANNER",2.0,60.0,1.0,1.0
0436499c0bc1546150d17a7f16eae48c869cdb236bdc7d38f38c649af963c4176bc5943113b65be5ff1fa7eb0262af8534e96036992f448aeefe7879d55acaa9,CLEAR,DAYLIGHT,DRY,FAILING TO YIELD RIGHT-OF-WAY,2.0,55.0,3.0,3.0
04365667b08d6e501da5af20a154d68c37b62a67af9026ee528dcfdd034e11ccac7c4882576c978d152c91fd3da4b52982e0e4edaa065692ef36efdfb4f824ef,UNKNOWN,UNKNOWN,UNKNOWN,FAILING TO REDUCE SPEED TO AVOID CRASH,2.0,37.5,1.0,1.0
04365c4bdf1820705d0d6495939310e2b257c6e438633b2fafaf7a676fd790c256120edaba5bab2952aa6a9ce62b5711d835aa9506dbab1b285c2c0fb222d639,CLEAR,DAYLIGHT,DRY,FAILING TO YIELD RIGHT-OF-WAY,2.0,20.5,2.0,2.0
043669d09f0449c7488b7cf44563893cd09539b7136fbd84d192db96a782ab27854f5aa913c90564988148fc0972b74f947a74003aecaeeabcc27e979b7cfc9c,CLEAR,DAYLIGHT,DRY,FAILING TO YIELD RIGHT-OF-WAY,2.0,37.5,2.0,2.0
04369b150fcd45f7657a9f91e150226c4be492fc8c36d846cdc69f2cdee0d95267c5f3db99556cd011fa883bf21a7ee81e96fac683e4631c373fe681bd95192e,RAIN,DUSK,WET,FAILING TO YIELD RIGHT-OF-WAY,2.0,42.0,3.0,3.0
0436c7548c28b37f7ef5b4e71e4f85b3f3ae5509c17ce8e03d39931cf5400820abbb414b8f3773f365c61fe7c98b2c4d8f295c89c46fc666070f422eea086add,CLEAR,DUSK,DRY,IMPROPER LANE USAGE,2.0,39.5,2.0,2.0
04371f1aff83d9a0b933d4f26d3671fd803242ad5728cd5dbfb18899dd3a8783ae31783f736f341d04441ffac9ea828831fa971742ed82858e58d14b8390fe24,CLEAR,"DARKNESS, LIGHTED ROAD",DRY,DRIVING ON WRONG SIDE/WRONG WAY,5.0,21.0,2.0,2.0
04371f93824835e35d91942cc9b319770ea11d007bd698d9972dbfc5eb391b89ebd4ec28f9b653a68c6422aa9210dc8bf45dec5bed2467c436d88929c66b38e7,CLEAR,DAYLIGHT,DRY,DISREGARDING OTHER TRAFFIC SIGNS,3.0,40.333333333333336,3.0,3.0
043737bac3e37a16c16ccd9c6eda86acb8efa592bb7d384d28174e145bdcab3a753365742fe59eaed94780a3c6069d796af7f35ab1934d68bef16001b97d80e5,CLEAR,DAYLIGHT,DRY,FAILING TO YIELD RIGHT-OF-WAY,2.0,31.0,2.0,2.0
0437972103b205550059808aee62332c1d7e699f2fab741d73102c206ff7545e2a8ce31ad6fa2e087affdeb22d27ee34562e0c4eb70d69a5f868dbcba2bb0c01,CLEAR,DAYLIGHT,DRY,IMPROPER OVERTAKING/PASSING,2.0,29.0,2.0,2.0
04379953ebfbe4893faab4021d8c98af7c84b2461f6102a90a28a9e87ac31ba8b21d4d17bcdb0c5911e084ad0f5fc072228425019402936042366caf54448923,CLEAR,DAYLIGHT,DRY,IMPROPER OVERTAKING/PASSING,2.0,39.0,2.0,2.0
04379efff1a35040ec7b5c61be2db96846437aadab18e26f9067d769720d2bff60b5281441cf96616d0cf827b0afbe604ca98d0cff23825c85791f8610f56994,CLEAR,DAYLIGHT,DRY,FOLLOWING TOO CLOSELY,2.0,34.0,2.0,2.0
0437b71c462ef0f5430780653c4a3f010e88d85d7ac2107c9dbdccc68c563ed3c674fce0646c4d21463bc4cc92c7e2109486e23969f3e70cf5c8283dc107661d,RAIN,DAYLIGHT,WET,DRIVING SKILLS/KNOWLEDGE/EXPERIENCE,2.0,49.0,2.0,2.0
0437eecb863f21fe96cb6bae0b28435505e619339688a14f8373d9ec77c47c92a8592a44971a63f875911eb3f675bb5403f5ea6c255dc6b24061e9d0d3c09a18,CLEAR,DAYLIGHT,DRY,FAILING TO YIELD RIGHT-OF-WAY,2.0,27.5,2.0,2.0
043804fa6b56e83bee093213f3ae9c385a10f1bc4ebe8d05676220978c6c0f9ff62694cc88a7823e3621a46e62908a6f7079c4bc6f61ac9238ad6da00f4b7c04,CLEAR,DUSK,DRY,FAILING TO YIELD RIGHT-OF-WAY,2.0,21.0,4.0,4.0
04380ac5d131f805f5ed9476d44c04fca7c18458eda143d469927bdaa365ab386d9a97fdc237d8b8d306b47ecf7051fe7f9314c1d2d19f1a2cf8f0c2770f63e5,CLEAR,DAYLIGHT,WET,FOLLOWING TOO CLOSELY,2.0,39.0,3.0,3.0
043825b8a0cfdd9b3ed762c172cc4ea8c48c0b07e15e264f8671a8ed53d3029accdd86452790f02dc1bdb32daaa5273b6ce8d3f4c4ecbc559b48506af30132d2,CLEAR,DAYLIGHT,DRY,ROAD ENGINEERING/SURFACE/MARKING DEFECTS,1.0,55.0,1.0,1.0
043872f5be622bec105930cfdc984dfee47d3a086c35fe9f73bf7f26c046578eecf280ef6144610bd7fde7e69b2a7735936d2accceb7a122df3306626a685cf1,CLEAR,DAYLIGHT,DRY,IMPROPER LANE USAGE,2.0,18.0,2.0,2.0
0438865ce26e0128f6a1fb351b581ff6b6a50f45ea59acd85c96f0d9ae0f208657c47f1308ae586935c0e099a4ef2257e2ab19d4ea4e0fc0d2e7d748e599ecfe,RAIN,DAYLIGHT,WET,WEATHER,2.0,42.5,2.0,2.0
0438986cdd575e366af0d9ba649baf93a16b1f802a0dcfac39b029badeb32e86d740802eedba62066b2d959e25a3b7d7533c4268680fb3932f0d15817bad6538,RAIN,DAYLIGHT,WET,FAILING TO YIELD RIGHT-OF-WAY,6.0,59.5,8.0,8.0
0438a35777d16f21a01f4f30bdf68a1f96523469e26d835549c7924c4d5c7ea7b1e388f86e8f73bdc2a4d13ef7b12d4dc3d85f0d26e515b3862f0c80361cee4c,CLEAR,DAYLIGHT,DRY,IMPROPER LANE USAGE,2.0,32.0,2.0,2.0
0438a6018c23e121e567645f8a397b7c8b43317766072986ba880f4c4207cff7771f3a746d1130aca6ac4fed080ef58642785804d240dd6222c24f42d12ca8cd,CLEAR,DAYLIGHT,DRY,DISREGARDING STOP SIGN,2.0,39.5,2.0,2.0
0438ceada0b8919d884e26eb2e55576248b90964a1ba2479d5c1d86491f845b97373e222d4703e24abdb850742ecfb9bea7ed3c8e9a3afed6503eefa8a537c7f,CLEAR,"DARKNESS, LIGHTED ROAD",DRY,FAILING TO YIELD RIGHT-OF-WAY,2.0,37.5,3.0,3.0
0438d31c20b6516ccef72ac11ba953506da16f8943c6f2a28f14cc08ecb2e0b83dd5d0ff3bc94f1ee30a912e1b4dd2d84a9226d25af2b5eeb0e4c2abcb702782,CLEAR,"DARKNESS, LIGHTED ROAD",DRY,FOLLOWING TOO CLOSELY,2.0,37.0,2.0,2.0
0438dc054306274a8c6bba9a8f364b72c47ae379c3dbc59cf25b106fb08f63071ea739bc5f9ce3bd307c4fdd7b05dad8995d82996f11c7d21062d836262ba965,CLEAR,DAYLIGHT,DRY,FOLLOWING TOO CLOSELY,2.0,30.5,2.0,2.0
0438fefb674a667c21d92f8d0467baeff772f79c2f012d65876cc79c6c90c1ca763480a89ed66fb9731f58062258e8d57bbee9a66c8e6734ab7b5d4d62585a66,CLEAR,DAYLIGHT,DRY,FAILING TO REDUCE SPEED TO AVOID CRASH,2.0,28.0,2.0,2.0
043900622ecf95d6a57d14515485bf20559908bd6ad51af4ff394fe88342b5d71e1165925da44b3d3596a727c814561d7bc6d2afe54cab219fd09a267e81a35f,RAIN,DAYLIGHT,WET,FOLLOWING TOO CLOSELY,2.0,55.0,2.0,2.0
043907a5dc2ba955bb62a22c68922dabf06b98fdce3ec1440f73fb3aebb57e25d619c5da99e67065dcbce834c3846cbd15388f7a47a501c8d5f02a814badefe8,CLEAR,DAYLIGHT,DRY,FAILING TO REDUCE SPEED TO AVOID CRASH,2.0,23.0,1.0,1.0
04390fc9fb94b830b18a5947382fff64c8291899c084a85bea76543aabe699f533afd5873d548da1e804d809b03a199532d574aef7c692656a2b69596612b212,CLEAR,DAYLIGHT,DRY,IMPROPER TURNING/NO SIGNAL,2.0,65.5,2.0,2.0
043934124134d00bd2d7cfce6959e22e9da00120b44f036aa0316f8de64e4095bc5cbc97b3a5bf96420a2783a0d80c7562b7a46ef9f1645a57bf35cc152e3079,CLEAR,"DARKNESS, LIGHTED ROAD",DRY,DISREGARDING TRAFFIC SIGNALS,1.0,24.0,2.0,2.0
04393bfe17e330eec79e0fd7ed85f92f84fa89a5d7a136dbd441590cb0cfd650c360e1f6ab81c3fe17f65e2caac07719ff0f07b2506cc9132f0419c24de3d717,CLEAR,DAYLIGHT,DRY,FAILING TO YIELD RIGHT-OF-WAY,2.0,28.0,2.0,2.0
0439982e3827be3c5ddd4f38991e7815e9ffcbbf0dfca9529af4bc1a96faedb304410c5e3720deeca378811758e43996635d1429d1bdc38d57e6c824192f8f25,CLEAR,DAYLIGHT,DRY,IMPROPER BACKING,2.0,37.5,1.0,1.0
0439c19ac70559426bc7a9382c8d63a495e8d83e5b788ec0b2057fca08636c2818bd80a332a74c3c70135faaa4fe22edb8397aee7107f795ef9a6e1729177695,CLEAR,DAYLIGHT,DRY,IMPROPER LANE USAGE,2.0,55.5,2.0,2.0