crash_record_id,weather_condition,lighting_condition,roadway_surface_cond,prim_contributory_cause,total_vehicles,avg_driver_age,total_people,total_injured
0439e49e9ff5aba1d0466c95c7a44bc2156236d5f5ba3732811b401b2fa8e95033f8d26d7e82b8d9efd002c49c9417fbacb7a9ec21a5d331cea0a62edb89a2e7,CLEAR,DAYLIGHT,DRY,IMPROPER OVERTAKING/PASSING,2.0,31.0,2.0,2.0
0439f49f20130d6ab37b8e13989f9b8e9ed6e8e5fd8a112218df934b45f87df45ed8e25304d050199d5f12ec0df28dcd7cfd03ab1636fdefcaaf560b5173d5a2,UNKNOWN,"DARKNESS, LIGHTED ROAD",UNKNOWN,FAILING TO YIELD RIGHT-OF-WAY,2.0,61.0,2.0,2.0
0439fd3e160e001e72cb218819c1b8ab0717714b4e0d3f5ad7cbb7ce87c111ef05bf26eece628ae08901fbb80bce0d50062a1bf27763ecba71917d8381a6e14f,RAIN,DAYLIGHT,WET,IMPROPER BACKING,2.0,49.0,2.0,2.0
043a54b0ca2d72fc985ffe7818f902bb6867e21c650e2f22b432770d0e4131e040bfda95f5a2d8a1e1c636fa9d2498e9d4b2d0eebf347bf13f7a3c87551f7b07,CLOUDY/OVERCAST,DAYLIGHT,WET,FOLLOWING TOO CLOSELY,2.0,12.0,4.0,4.0
043a550704b7081e65f2a70065695be2b7e7fb871d06c07ffec24a0ba3d42a8bef3544dc2262ebe53ee837e72354d62b378bfeacf6f4d51b3e84d9b110124a2d,CLEAR,DUSK,DRY,FAILING TO YIELD RIGHT-OF-WAY,2.0,67.0,2.0,2.0
043a7a48d46e7c04425ef44422848e2dc7e9a935968915715298be8328e37cfc08589b236050d0cc13023f74ca8025bd0742f9c77262c31f7ba67cf8ed2cffb2,RAIN,"DARKNESS, LIGHTED ROAD",WET,DISTRACTION - FROM OUTSIDE VEHICLE,2.0,27.0,1.0,1.0
043ac93ca4f6e2b27ebe1b930035bdddafc70378b1b70d194e060bcdcc9cdbd693a6c5e3a1f9ae2df2dbf555526d5bff52482b53ccbe58b45100d15f83fcbc1a,RAIN,"DARKNESS, LIGHTED ROAD",WET,FAILING TO YIELD RIGHT-OF-WAY,2.0,35.0,3.0,3.0
043ae7b6114521a33886f8bbeaa09cea7f01ec49c6dd2d40c330922abb4a9323e3fb5d0fc1e01185cd9254965ead98fcd9124bfae916439f5d8ad60022748a62,CLEAR,DAYLIGHT,DRY,IMPROPER LANE USAGE,2.0,24.0,2.0,2.0
043b4553b1541b2dfc9812a01c8adffb5d23648ea7ff060b8c239b0b7d23263cc65a5335177232f29ed23fafc76ae71431fc70eb69a3b591c17bd85e79c71412,UNKNOWN,DUSK,UNKNOWN,"EVASIVE ACTION DUE TO ANIMAL, OBJECT, NONMOTORIST",2.0,38.0,3.0,3.0
043b80faa713cdb0aa14adcf9b9e6ac3f83c8de16b2d5f553dbe047688d208df35d047695d13efeeac7100e2a39174b462d3d593a39fdfe1c442f482f8ab65ac,CLEAR,DAYLIGHT,DRY,FAILING TO YIELD RIGHT-OF-WAY,2.0,39.333333333333336,3.0,3.0
043b8968ce877a6cce7df8a13b3017421c62254cf1f7a8aedf1b16aa4212f90a576e2b38bed0d0412e94b2577891f14aab1b0574762cfbb1c7e5505dc0010071,CLEAR,DUSK,UNKNOWN,FAILING TO YIELD RIGHT-OF-WAY,2.0,47.5,2.0,2.0
043b8e7318660b6e263fc639ee093e70f7981bbffeed5a3963f7b2e11f442ebe9b0d33c2dbc59f5baddc1f7a610a181397bf69c139613ac37184efd415fed23f,CLEAR,DAYLIGHT,DRY,FAILING TO YIELD RIGHT-OF-WAY,2.0,63.0,2.0,2.0
043b914ce6a702b1c1e28b3631683c113a2e30af5e0bb2bdbb15ba37c0f7aa4e8f8bd439ee850953a0dab6bddc21fea4098524e50fab1477269f48a352bb347f,CLEAR,DAYLIGHT,DRY,FAILING TO YIELD RIGHT-OF-WAY,2.0,58.0,2.0,2.0
043ba0a62d0451bd9f454d81aafe2ed4ad0ec0a6739fa5597b198eadf353fc87c6e6e593409ba51b92e178c27440079fbbe564927bce9653716f4f3c2995b155,CLEAR,DAYLIGHT,DRY,IMPROPER BACKING,2.0,24.0,1.0,1.0
043bef68d4a2a1df8b5a6fb2df70dd381e002d2dfd6a2ec9acdec7728d44cdb587b0f13ebc87cd0cb8ee461038a6ba104031cf95be0605b8a9f8e8ffa275ee97,CLEAR,"DARKNESS, LIGHTED ROAD",DRY,FAILING TO YIELD RIGHT-OF-WAY,4.0,33.5,2.0,2.0
043bff5b7043e16bab3b892829f597ef88c4ceecfc6e547c0f74ae587ff1b7dff148e7cd954700255180e92b9f7feb25a9aa834b96ae5cbe78fb9775c7dabcb0,CLEAR,DAYLIGHT,DRY,DISREGARDING TRAFFIC SIGNALS,2.0,32.5,4.0,4.0
043c2f2b4f718b24a2f1cb8a25d6db9598369bd0320646a6398cde4a68628d1e005beaa8ccd13b89677c2868caceb3053b4a7566333a08aa27eaa4f551fadf24,CLEAR,DAYLIGHT,DRY,FAILING TO YIELD RIGHT-OF-WAY,2.0,20.666666666666668,3.0,3.0
043c41adf0a87f9e74b703df64f487f2a080932be88423576d20d048d044fd1d4c413d41be4f9cd66f61c177dd0ec7687c891b3d1a59c48cd2d6c9377d9eaeff,CLEAR,DAYLIGHT,DRY,IMPROPER OVERTAKING/PASSING,2.0,42.5,2.0,2.0
043c59d48f616e77ceab4e230ccd484cfbc2edd30cd4bd72f3003195f300438b14ddd53643ca8ce33312c71dee0fc03d96d5cbdae78b9f59da2b1ba38a60821d,CLEAR,DAYLIGHT,DRY,DISTRACTION - FROM OUTSIDE VEHICLE,2.0,43.0,1.0,1.0
043c5a21b737db8e31d4957d6b9cbd1c102e4dcab338b7329d7613c2eed9698ada708b53aa8127e1db7c67293e6690128eedf3ab45c90192a824c998cce0b260,CLEAR,"DARKNESS, LIGHTED ROAD",DRY,IMPROPER LANE USAGE,2.0,52.0,2.0,2.0
043c88b34a8a3d5639f8103f7512faf0ab2706eef6fa899c363aff09821964ea0cd9edd1afdd75dae4f3441f47bb953465e9688057e2565ef9c6b5adf305adee,CLEAR,DAYLIGHT,DRY,IMPROPER TURNING/NO SIGNAL,2.0,30.0,2.0,2.0
043caa0cb274e66b33d50ed06c6c1df8d07565de99d97cc0e72c63267aa03fec7a49875731860464abbcb34f4353d513b11a2c4627fbcafe94b752771e86c2ff,CLEAR,DAYLIGHT,DRY,FOLLOWING TOO CLOSELY,2.0,59.0,2.0,2.0
043cba2b62f540b6409e8ff7683de9019a68e6d5035e14875555b9728ccef63aaf8527b1ca79345b547228bb771b0715c24b0fc51ca36ef96bbecfcb84b6feb9,CLEAR,DAYLIGHT,DRY,FAILING TO YIELD RIGHT-OF-WAY,2.0,24.0,3.0,3.0
043cc946d9c6c1846a47121ab430b763238d99679f4a1eb4c42747441f02da7e53476a475247eb9becd74a1b87fd630590941316170bb7014c5bfa56080ecb5a,CLEAR,DAYLIGHT,DRY,DRIVING SKILLS/KNOWLEDGE/EXPERIENCE,1.0,33.0,1.0,1.0
043ccb3d76ef4e825d86eec9908b17f17af9bd17bace877f0260eb7b066bd110cba0c6ede1a3dfbfefe3f965c9f05d28ba54a7e70ba9aae31ab64215b9d092f6,CLEAR,"DARKNESS, LIGHTED ROAD",DRY,FAILING TO YIELD RIGHT-OF-WAY,2.0,38.0,2.0,2.0
043cd32fcf77e16a409a2ca8098513714ca969a3bfcace016ad624c49e89384279b5bf61d5ed0c19909a9e284f37aa32a5565211cc56a7888a3ef28f899f3a57,CLEAR,DAYLIGHT,DRY,IMPROPER TURNING/NO SIGNAL,2.0,38.0,4.0,4.0
043cdae651fa04c96e40007187036fe5d8d198791bd076e2ffd6720042133d7db7e7a533369d2ad3d9ee901f289ff38d1ccdddb83a9a7f627906dafc9f7893ab,CLOUDY/OVERCAST,DAYLIGHT,DRY,FAILING TO REDUCE SPEED TO AVOID CRASH,2.0,66.0,1.0,1.0
043cdd7924de3b4c54ad0235e5d8b7b3b2dd38cf44c3844bea4eae58b63b16fce0ae614aa3cac8ecc4a6309325b884896017febc56face8316df2ea962cb21fe,CLEAR,"DARKNESS, LIGHTED ROAD",DRY,IMPROPER OVERTAKING/PASSING,2.0,28.5,5.0,5.0
043cf1ba668929c384f5be444a0a7d47568ce28bef9236ac7069494c80b882fd1f30cd87f95a9907f16bbcd51f29977a983d4db6dfb4e9bc8dfd62500778574b,RAIN,"DARKNESS, LIGHTED ROAD",WET,DRIVING SKILLS/KNOWLEDGE/EXPERIENCE,2.0,29.0,1.0,1.0
043d02dc5775c930984950058b319cd0b3a4e783b33614f3253cb7487dbcb539db4ed33b3445772c9308cd11bf125a81879072692b0cf65b47ac2c7ee788d3da,CLEAR,DAYLIGHT,DRY,IMPROPER TURNING/NO SIGNAL,2.0,37.333333333333336,5.0,5.0
043d08155bfa161cb048b142cb6cd3dd117f92a485d7105777287dd8bd716b2d5a16921ba9742cfdc01d268076be678dfc84ef3e9ff4d2558dd01f53b0f49ec8,CLEAR,DAYLIGHT,DRY,FOLLOWING TOO CLOSELY,2.0,33.5,2.0,2.0
043d2c773769bee0c80f73204e2448d46dce594ca72ae954029ad4841b8784a907d6712a72d403dce42d9bd686ce008ed4f98ac0d2c6dcf0814c1240f009f226,CLEAR,"DARKNESS, LIGHTED ROAD",DRY,IMPROPER TURNING/NO SIGNAL,2.0,29.0,2.0,2.0
043d5814e8394f301b6b27a55ad2cd74879e9fe0d9bb616fdd8ca443db25ceaf7d443963946fdf1ea57808c5d36090e2c2a4877c6e236a3360c0e340cef53b1a,CLOUDY/OVERCAST,DARKNESS,WET,DRIVING SKILLS/KNOWLEDGE/EXPERIENCE,1.0,63.0,1.0,1.0
043d62154566d5ef3e8deedf78202f5aa54124e73127545b27cf4f2d3781164839d2dce5ac993c0cbcbe0604d98b925ae877b6c1a3d382a4eceabc03792da26c,UNKNOWN,"DARKNESS, LIGHTED ROAD",UNKNOWN,FAILING TO REDUCE SPEED TO AVOID CRASH,2.0,46.0,2.0,2.0
043d6e2b6ee2c4f3cfbaa93a647c07ae21dda8ae0059a5b4ecdf28bd4b715c554a8b482fdeed285720594da20167b74d487d27fe3dd29ad1426cb28c6a4ac8ac,CLEAR,"DARKNESS, LIGHTED ROAD",DRY,IMPROPER TURNING/NO SIGNAL,2.0,20.8,5.0,5.0
043d7dfb5fd76037f9c7b4e6f62dbd4e9c91145b69c2a793c45a8c82abb8c9e20e6ed6111c15c13ebdb5d2d82e539a339f37ceb7c74947d0a8f36f2022be7344,CLEAR,"DARKNESS, LIGHTED ROAD",DRY,FOLLOWING TOO CLOSELY,3.0,40.0,3.0,3.0
043d7f44686cc05dbe370c2a0e78f484735259b489596c2df2dfb54509ec255136e701032b153712b22908aa4977fbc877724afbf45d921b15055a205a2c86d5,CLEAR,DAYLIGHT,DRY,DISREGARDING STOP SIGN,2.0,22.5,2.0,2.0
043dd06ccd34a1dfe6b265101d0aecb37ab07b48f730153b35a764b1eec65d92d0636a595500b38e3ad1efd6a390b7a180b2559cf6c32cd14e378cbf75620b6f,RAIN,DARKNESS,WET,FOLLOWING TOO CLOSELY,2.0,51.0,2.0,2.0
043de4a652efe597a143ce4f7a92a148503785cd86183a3fff8b7e57887ffae8bc35b5662813e7ecd7cfa5a9083a2c5885b6cd0b2c2191185bb7df83c3703c2d,SNOW,DAYLIGHT,WET,FAILING TO REDUCE SPEED TO AVOID CRASH,2.0,48.5,2.0,2.0
043e1971f7fe711725f243164f50dd2f27e52b8f9f5ecb8c96eb7829b961f485067ec31692e86c6b5024f692b8f34ed0e846fd391bfb57178744c5cef617635e,CLEAR,DAYLIGHT,DRY,FOLLOWING TOO CLOSELY,2.0,34.666666666666664,3.0,3.0
043e43d9bf35fbe1f03b784358a9041d7f7b37dd375c4d75ff1ceb6bc5b54d642975b4709aa1136f417f8e4aaf0a26e14bb4d4c6703c8c1cfb7a97ef2d8007bb,CLEAR,DAYLIGHT,DRY,IMPROPER TURNING/NO SIGNAL,2.0,38.0,1.0,1.0
043e5eaa6158ef4062f3461aaea115d47bfa94cdaa6c6762c9ab37813158574b47e13c9406a0c204f017e84f43758962486a563010422fae4fb0b6f91e0dd3ff,CLEAR,DAYLIGHT,DRY,FAILING TO YIELD RIGHT-OF-WAY,2.0,32.25,4.0,4.0
043e90c61839518a006c914065948e038dc4ff74b8c1a1e2c7f0fd39f085e2eb0bc600e87db2a72d957f0e3776abfb9a09bacdd79d0b81c14a73d26535450764,CLEAR,DAYLIGHT,DRY,IMPROPER BACKING,2.0,41.0,2.0,2.0
043efc2528be6aebb818f3f81ae79badf8ea9daa1a53c9e6d1db440ceadab8d302cfef1433e6c2c23b8daab7fd5f2007ed6ad49fe6ee0448c55c41cf41c69588,FOG/SMOKE/HAZE,DARKNESS,DRY,WEATHER,2.0,42.5,2.0,2.0
043f003b59d60bced88e01dd93b91565880f12f7e0b8b76907a49efa27d2a42ca1769ba24acbb9db95ef08278f529e7b947cdfe601e4624eaf7d6e8d2005c46e,RAIN,DAYLIGHT,WET,DISREGARDING TRAFFIC SIGNALS,2.0,30.0,3.0,3.0
043f02e9922531b441b407380f5f7a7dcb2bb5b32fafabe562cb049e84b32cb09601e5daabdb77d5e7d1206f09c01e972dabb17dc86e7186d386fcc41329b7c5,CLEAR,UNKNOWN,UNKNOWN,DISREGARDING TRAFFIC SIGNALS,2.0,26.0,2.0,2.0
043f08f28b863f3c0e0f74c0ae1186442a36088080d369f3305c44f9aba0d3f7f78b911579de7ed167c9e624572bc622f296df66b3561813226cbe7fd5cfe061,CLEAR,DAYLIGHT,DRY,WEATHER,2.0,44.5,3.0,3.0
043f22a91afbeb26b7fc67cf59448602e7452f00c3f18c9ee6fa95ea6b3c20a62b073a8ce7e3441910ae61ef5241add8bf3cd045ffdac13824c1270cc952d83d,CLEAR,"DARKNESS, LIGHTED ROAD",DRY,IMPROPER BACKING,2.0,31.5,2.0,2.0
043f2dc8a53aadfd5cfe959909bd7ec5871405ca9246f8b0507a70be11ce95dbb80e8df3b8e51ebcb0885fe338393ab27b7b078e660051f49cd7fb41b07d6e5d,CLEAR,DAYLIGHT,DRY,FOLLOWING TOO CLOSELY,2.0,26.0,2.0,2.0
043f45bb00c3e482846dcf1f178ed5eb0eec9e12f3f601016e7449d80937509a49929195e283a5b9eee797d5610d898d8f294d894a7ac0bedf6d50cc22e68abb,CLEAR,DAYLIGHT,DRY,FAILING TO YIELD RIGHT-OF-WAY,2.0,25.0,2.0,2.0
043f5971f92adeb662478d87aa0bbc7b9bc5014b81531d14ad521da43975ec5be0e12948661fb2ad23dbc1724a9ad9d79f32e00b365cfc1c21c8dbb97d5ea284,CLEAR,"DARKNESS, LIGHTED ROAD",DRY,DRIVING SKILLS/KNOWLEDGE/EXPERIENCE,2.0,29.0,1.0,1.0
043f79c72f40afacb530702ffb8ddbe96d449041fe0c187df46a1083ea69e19fbc5913f2d4f06101a8a7865207d71b5664754ed45e065b1c728463643d3db6e1,CLEAR,DAYLIGHT,DRY,IMPROPER OVERTAKING/PASSING,1.0,31.5,2.0,2.0
043f9693acc1c273873a3de69552988c7f590f150c8bf066f91f49cbfbc2f1c2bcaffbc28cb6e1755ed1aaf6170604b1bca54d11769b584f1ae4d779e29b0058,CLOUDY/OVERCAST,DAYLIGHT,SNOW OR SLUSH,DRIVING SKILLS/KNOWLEDGE/EXPERIENCE,2.0,41.666666666666664,3.0,3.0
043fa03b1ab3f9524a0a0fd2569ac8acbf3b3cc3c02542216a2987db719c6648ca3f1f78201558ee422254b7466c341bb1363c46b712cbe075342a1521ce97bf,CLEAR,DAYLIGHT,DRY,FAILING TO YIELD RIGHT-OF-WAY,2.0,28.0,2.0,2.0
043fbc044688eeef03451dea542923e4c37f50b39a832dd32d5110ccd9df63db984db1d0644fc1050502c6f60aed1b28cde3bea5ea683ccdc0343da751b5e1e5,CLEAR,DAYLIGHT,DRY,DRIVING SKILLS/KNOWLEDGE/EXPERIENCE,2.0,67.0,2.0,2.0
043fd2f70ac9f08707c0bee7d3418ceb13c7521d52a10095945a36682595e980737c9345718e7087d4d847bf93695780ae8288a33f43be56e9b46a6b90a4e41c,CLEAR,"DARKNESS, LIGHTED ROAD",DRY,FAILING TO YIELD RIGHT-OF-WAY,1.0,30.5,2.0,2.0
043ff4a088fd498776f665fbf4479dea8b99bd6eadd31c0b35ce7cfdd4938b750278d3d3439aa8bd1b18ce01f303050e5eb1da62d4b9cde0ec5bea95feff5c4b,CLEAR,DAYLIGHT,DRY,DRIVING SKILLS/KNOWLEDGE/EXPERIENCE,2.0,54.666666666666664,3.0,3.0
04401160ba26d2f58f6ff3ba4a82fd09f6c08aa32f4e184d6bd82f19780017eba3a926f2d05fe85cc9e6ee695cee2e1e5a0850f1e8f3ce1c390b6e83a064cec1,CLEAR,DAYLIGHT,DRY,IMPROPER BACKING,2.0,64.0,1.0,1.0
044029fc84c50dbd6396c0f63996cb95862b2ca7d5592bfb51497f3b44cbd511d65261686cc9748fae4fce49a725ed8eb3a7dcbe56a29933163a534ac9e0d56d,CLEAR,DAYLIGHT,DRY,FAILING TO YIELD RIGHT-OF-WAY,2.0,40.5,3.0,3.0
0440872c96ef7c20ac62a1478e6647827f7433988b2fa8b8ebd3be59b1585d795515ef76e2168717f474178bb32bb862f4931260674ccca0d9529abc9c29c190,CLEAR,DAYLIGHT,DRY,DRIVING SKILLS/KNOWLEDGE/EXPERIENCE,2.0,60.0,2.0,2.0
0440a538ad5f06b4068c62055f76f5b210a8223e1856fa30d309167ef7f82614791e41b19fce8a3a6bca98bb1dcaf34d865c134218a729733c6890bc07a08ed5,CLEAR,DAYLIGHT,DRY,FOLLOWING TOO CLOSELY,2.0,52.666666666666664,3.0,3.0
0440a7e1096d67f0ca0b942479a95569379c038f42bfa82656de2bfc86981c897a7947a0fa25c7ee649306ef09000abb32abf767eb05ecace415e58911551de0,CLEAR,DAYLIGHT,DRY,FAILING TO YIELD RIGHT-OF-WAY,2.0,40.0,2.0,2.0
0440b926d966e9048ad939d73a2cf3cdcea53ce9f1eb0268dc095f5aafb9cffdb617a2cddf6aadce17726f0eba3f941e4a90a7990cc265f5469f3c0ddc819706,CLEAR,"DARKNESS, LIGHTED ROAD",DRY,IMPROPER OVERTAKING/PASSING,1.0,37.5,2.0,2.0
0440c86a1fb10363f61fb167ac0206f9dcf72540e8fb3029c76b82e768f98eb7cfc069eda1ffbe81aa4ed2f1001181581cf312fc778ceb168dd61aa45dc85a53,CLEAR,DAYLIGHT,UNKNOWN,"OPERATING VEHICLE IN ERRATIC, RECKLESS, CARELESS, NEGLIGENT OR AGGRESSIVE MANNER",2.0,37.5,1.0,1.0
0440d14594293cc6276db7b7a15cae2f0574292369fd0b1a55c6a1040ecd79eabf3a32c475c175ac657d01ea856526d4cd03019205054317eff781cc4e05bcc8,CLEAR,DAYLIGHT,DRY,DISTRACTION - FROM INSIDE VEHICLE,2.0,27.0,2.0,2.0
0440d4582ee93095a5a1f29c858a3886041a0c5990565b325a00a605daa8180b63faf06e1f07871179f60f3b7ea3ac5ec6e050ed873cfd15e18efa85bf6e2bce,CLEAR,DAYLIGHT,DRY,TURNING RIGHT ON RED,2.0,22.0,2.0,2.0
0440f0e95e594621a87ffff0089e1924debe82d263cbc8c712d2554eb2c773be66aef5e6e5e768b0ae306818c534808c5d82ca1826fb995a758a6c81ad797653,SNOW,DARKNESS,SNOW OR SLUSH,FOLLOWING TOO CLOSELY,2.0,30.5,4.0,4.0
0440f747ab21b68c0c9fadf6592dcd95ccda40e3d764ad59c616264c4f420c444ddc6527315000dd57c97d110560cbce79f087212e58d6f8650aaecf854282fb,UNKNOWN,"DARKNESS, LIGHTED ROAD",UNKNOWN,FAILING TO REDUCE SPEED TO AVOID CRASH,2.0,59.5,2.0,2.0
0440fad41fc2cf97221a290eb44adcb7dbe34d477ed60164b8b1ce0b938c4e4cb4fdce9098c0823752ba45058d11473676a8e2b49dd9ac63b0ea5ad1642254ec,CLEAR,DAYLIGHT,DRY,IMPROPER LANE USAGE,1.0,47.0,2.0,2.0
044101efeb6237c3901cc8e360d22d841023aec77896482697886eedfae93054cc3eca40e79bdcca67c5aac011db5a589ebe43024b6bf606933c1a0bd7901b4a,CLEAR,"DARKNESS, LIGHTED ROAD",DRY,DISREGARDING TRAFFIC SIGNALS,1.0,49.5,2.0,2.0
0441030191f69464af2ac4f4055f7ca28c8a8aa8075865d4d8270f6c02372731cf330f425e72c1886ee12eac0337841c57195a5c38fdb34e96335e9065ef8411,CLEAR,"DARKNESS, LIGHTED ROAD",DRY,IMPROPER OVERTAKING/PASSING,2.0,56.0,5.0,5.0
04412db3be7631097f2c1d01ad5ca1dbbb13f1a5a03b94a0599329a8ea527072df38f33e141d5cf008cfaf1cba3d02966ccb0c6dfcc17679a61bfae8fe4700bd,CLEAR,DUSK,DRY,FAILING TO YIELD RIGHT-OF-WAY,2.0,51.0,2.0,2.0
0441495023482f2fd999ba0db801152bf4c9a9b03409214ffef66d67a896fc46684019b6dbc9a10b3761b31d96969b6a250ea71751344eb537f84e7eb5944bf1,CLEAR,DAYLIGHT,DRY,IMPROPER OVERTAKING/PASSING,2.0,51.0,2.0,2.0
04417f54cbefbf9602c1a5a042d6f0c2e4e6a8c8c28483bc2b6472c2a7823b0d7c6021c49b6ab2f6f3b98ed99a86030e930fc549709d9fd5ac9920dee7ca2dab,CLEAR,"DARKNESS, LIGHTED ROAD",DRY,FOLLOWING TOO CLOSELY,2.0,35.5,2.0,2.0
04419f165a37ba6a45bd2cbfdf142dd9eda5fa38584c1376daa7b63d1670ea4a151c3a02dd4ef8491aecfdea17167e2ca9542c8fd371f3f3dfc703790b69ec4b,CLEAR,DAYLIGHT,DRY,IMPROPER BACKING,2.0,39.0,2.0,2.0
0441a54ffd26736255792882ad722480a368f0b9d2d7d00cc70ca3c12d007fa7e0f423c50bb33f11876cbaa1805bad27543fae69f7afe68379064b1197bce177,CLEAR,DAYLIGHT,DRY,FOLLOWING TOO CLOSELY,2.0,22.75,4.0,4.0
0441d2a0f60842ff7dee1c1146ed2830cd867d08e290d16a48fd3969be615ed3bf77f987054831475af30e759ba1df7c7269c49b4d1b86e459c934b4f4552898,RAIN,DAYLIGHT,WET,FAILING TO YIELD RIGHT-OF-WAY,2.0,59.0,5.0,5.0
0441d87062900cb0a200b987eb3a26b4ec7851940c8a4d715798a4cb4577c4c85eba9d29fa0783a45fd4b72de754a1f2d7a1435bac192ef59173240d188b87a9,CLEAR,DAYLIGHT,DRY,FAILING TO YIELD RIGHT-OF-WAY,2.0,26.0,2.0,2.0
0441dc6148138730e795ad9a4a3c309a78b643e778f15bb4bffc0a2edc75e1619ddd99a2c52362b05b93c5efeab525daa4af099a4b0ca287c8a60da36212d2a7,CLEAR,"DARKNESS, LIGHTED ROAD",DRY,DISREGARDING TRAFFIC SIGNALS,2.0,29.0,3.0,3.0
04422cbadc34f74f365b17c9195b6e1290220a30c6ba7baaa8c8a80c289eb66fa430f24a1e112500d04a2c27053bba41baa51f990dbcfeacb3adc97380b0724f,CLEAR,DAYLIGHT,DRY,IMPROPER TURNING/NO SIGNAL,2.0,35.0,2.0,2.0
04422f4d8b251d6e856537747a0353020eebe37591b2486370f56fe51b5c268156499dade4b31c05a032628b069ee052ce11d053e01e8809042344f1246feaaf,CLEAR,DAYLIGHT,DRY,DISTRACTION - FROM OUTSIDE VEHICLE,2.0,60.0,2.0,2.0
04425d26dfba2f10ca06b3d070909126272cccf0231ec7ac97a755307fc2ad0d1f77023f9200cbf3725fba0526f9b973263396ec2e05a38c8ecfe900db0bc4e9,RAIN,DAYLIGHT,WET,FAILING TO REDUCE SPEED TO AVOID CRASH,2.0,22.0,2.0,2.0
04428a99f44a16309d923cdf32285ce9e3e8a8bf44286075f40ff856385b23d53de977354936568b27c29a4ae73b27364f2768e023c1c9b85b7c5b5d18cc8fa5,RAIN,DAYLIGHT,WET,DRIVING SKILLS/KNOWLEDGE/EXPERIENCE,2.0,37.5,2.0,2.0
0442a988fc0bc175f5ca6cb42b2fe152576cc7a2d84ef35c91a491c2d8d913638cfb9c7d66ceb359392def8160bc227408ab843c0e3d46456062c5038ea98824,CLEAR,"DARKNESS, LIGHTED ROAD",DRY,IMPROPER OVERTAKING/PASSING,2.0,41.0,2.0,2.0
0442c459c5b660baaba9b054fd281d11f5233327ac10c103de890baa97023f3a00be21b9754a1999724e696a4a1dba9b428e4a3fa4b863038ab865717ba58793,CLEAR,DAYLIGHT,DRY,FAILING TO REDUCE SPEED TO AVOID CRASH,2.0,33.5,2.0,2.0
0442e728679c5bed820993531297fca49a813d76e3b5ea8d1c2eca4d1738c5e1eac4e86acc34f8f601d3e9794ed6ae3f7f2f3e359ea48bbb676011c8baab8860,CLOUDY/OVERCAST,DAYLIGHT,DRY,FOLLOWING TOO CLOSELY,2.0,46.0,2.0,2.0
0442ee1391a8336cf33516e6d4fcd8da5f9801605385086c9f2d1332a4e733192de46ecdd5b82b0a7d5336475e73c0042fe427d50b8994e8128506d8cd04e91f,CLEAR,"DARKNESS, LIGHTED ROAD",DRY,FOLLOWING TOO CLOSELY,2.0,45.333333333333336,3.0,3.0
0442f035511840c8dcc0f9b9983b5aa1af71f26971262c87da8ca4aab8b1b13f560958f18de92bcdbd9f51e0691ceab918d5d3ce7ec340cb28890629fc829214,CLEAR,DAYLIGHT,DRY,IMPROPER LANE USAGE,2.0,49.4,5.0,5.0
044360fe48b14301c4885af1479dd35ffabca25ad5e6ff1f46995481008dc0b50a4c98359b8b9e2bcb771cdf6c4c12545bae63657fa926eff52daa0549d7c874,CLEAR,DAYLIGHT,DRY,FOLLOWING TOO CLOSELY,2.0,27.5,2.0,2.0
044378697a7e60eb88ee35690834762b23fa5dbf1f954be09d5795eaeaf81f9211ab006cefb65dab70ada9e527915d04295b472ea02d3eda265987c8af1fb049,CLEAR,DUSK,DRY,DISREGARDING ROAD MARKINGS,1.0,13.5,2.0,2.0
044398e72d96d95b94c206f3f280b927f13f98cc809b12e36275726c3d4e958cdde74944b0080a80304838a8219a9ee2c67a549312fb716a256a06ded94b165b,CLEAR,"DARKNESS, LIGHTED ROAD",DRY,DRIVING SKILLS/KNOWLEDGE/EXPERIENCE,2.0,40.5,2.0,2.0
0443993f40006d9502883fcc389207005ee0312d53b468c7bc2fcade86387976bec82dd0ba29c8716e817c2f7ca510884bc169fc3056b48d02739f70bf670c50,RAIN,DAYLIGHT,WET,ROAD CONSTRUCTION/MAINTENANCE,2.0,46.0,2.0,2.0
0443a2aa6dc90a120d4cdebdf8451fbfef9f4a112d12e38870db042f6c6d335878ab5d9c088e33890fa56f640a7fc2003427c4c4de330d453357c7a1a0d0a23d,CLEAR,DAYLIGHT,DRY,IMPROPER TURNING/NO SIGNAL,2.0,25.5,2.0,2.0
0443a6f0119fdf044bda34887eb59296b26aea67b221e668626180845cf7f78241477d1a2e58a6bee0603f94616d9276d318b86e270807f00dcec6de6003532a,CLEAR,DAYLIGHT,DRY,IMPROPER TURNING/NO SIGNAL,2.0,37.5,1.0,1.0
0443cfd4054195165ca9388de3bc30684858e89cc2e91842aaf0908cdf11feb5978d3a79d53c7f0d26f4254d02e82343ef0ab84c9d686368ed3474ffccbc4e0f,UNKNOWN,UNKNOWN,UNKNOWN,IMPROPER OVERTAKING/PASSING,2.0,37.5,1.0,1.0
0443f825bc8db24142ace955ec8580795a936702123154195da63ee26f2948bb3f28250a5ca4542a533139a6c85e647e4c6309072ed4bcd514780c6cb65289ea,CLEAR,DAYLIGHT,DRY,IMPROPER BACKING,2.0,64.5,3.0,3.0
044422f8b493005f7f8930694df5498d9e32b18f1c9d292ac3fe72cd8cac44dfd82dc116d6babb35490b85b398704b1f5a5a82f8e5046ef241e8df550a7feaa6,CLEAR,DAYLIGHT,DRY,FAILING TO YIELD RIGHT-OF-WAY,2.0,45.5,2.0,2.0