crash_record_id,weather_condition,lighting_condition,roadway_surface_cond,prim_contributory_cause,total_vehicles,avg_driver_age,total_people,total_injured
044425ce67f2d64e70c3542664794798a13985069f5673145a484667391908476570d55b54303672c0f650fc06f5fe4eb429349bc8a479e636900c7c032ca20e,CLEAR,DUSK,DRY,FAILING TO YIELD RIGHT-OF-WAY,2.0,17.75,4.0,4.0
04445686848c7d4d9303664de9fb4d4a5b6cf76bf8777a558af9107c42b498c31bd34e7b4e3bcc52770d75858569702a9e2e246aaf30b19153611bd5fb4b3535,CLEAR,DAYLIGHT,DRY,DRIVING SKILLS/KNOWLEDGE/EXPERIENCE,1.0,40.0,1.0,1.0
044456d0057a81891f36953e83df2eef753b57a84cfa9f40bd09fac312f98cc2e3e9173ff78cef7cadecf40c1a57024dfbc0094158ed246d07a6e05d0c14c6db,CLEAR,DAYLIGHT,DRY,DRIVING SKILLS/KNOWLEDGE/EXPERIENCE,2.0,29.0,2.0,2.0
0444946d0992f821b44fd04dbcd4515994ae1ec2dbc52bbf40001d7fa3e36ab39e0217a1b8f927e1f261abe60c588115c17e7cc4055f5423489a35100a6a4032,CLEAR,DAYLIGHT,DRY,FAILING TO YIELD RIGHT-OF-WAY,2.0,44.0,2.0,2.0
0444d3da8545ab64e10981441d53afcc0fcae67ab23e390c9bcf42cb30948e22cb6b9fee71a9d7c2b9c0da72a25d989eeb9a028dd0cc5da68766be16706b8932,CLEAR,DAYLIGHT,DRY,FOLLOWING TOO CLOSELY,2.0,23.0,3.0,3.0
0444d4f3c1610d90f86baaeb60e04e8f79252a8ee45758a308c4e1e187912f602151b5023bfa9498669f8a1f6870faab793a02a576af7bc5bb71059b40469f4d,CLEAR,DAYLIGHT,DRY,DRIVING SKILLS/KNOWLEDGE/EXPERIENCE,2.0,49.0,5.0,5.0
0444e963f0d45e517438d4e1cf8d2f27bcb607f36a790be64f2df60e419516801a932e325ea3b8fc3534c93fe26075a620aa24d8649d11992525f57984e28f16,UNKNOWN,"DARKNESS, LIGHTED ROAD",UNKNOWN,IMPROPER OVERTAKING/PASSING,2.0,26.0,2.0,2.0
044537dcf19005a28e235aa03d41c29d9e785df41b0d4ae6f7d661bc6a82681f1813f1e0784e6f3404510f4762d8c1c7a097c38e2f0dc32671818fdb5f4642ef,CLEAR,"DARKNESS, LIGHTED ROAD",DRY,DRIVING SKILLS/KNOWLEDGE/EXPERIENCE,2.0,48.0,2.0,2.0
04456decc465e36a7c572b162c6474940688db5536ccfbbffb7b49fc8f9e3951b662b9c45d8d736d2c2d3ed351b59054c7857346bc73b3ae9ec70995f063fc92,CLEAR,DAYLIGHT,DRY,IMPROPER BACKING,2.0,29.666666666666668,3.0,3.0
044588f00bc635e80e804db82902b3b701216afda2e5e1e948730909a0fef73de4db90814d6698aeabfcc13a3978422fdb003112645028bc3975ddfc822b7094,CLEAR,DARKNESS,DRY,IMPROPER OVERTAKING/PASSING,2.0,42.0,2.0,2.0
0445b51aebbcfd7da39f94016dce4297b3f2a01e18ca0859382dbfbd1dae92d890ec734d6c06b8f71d2010992db867203f164057b409912e370d1a9a32738540,CLEAR,"DARKNESS, LIGHTED ROAD",DRY,IMPROPER OVERTAKING/PASSING,4.0,20.0,2.0,2.0
0445db3f7b8aea70b6338b29291ad3f0bddb06ee52ffc3b515f206e03bb58e29698a5f0142076b84e5248e75a863812ab4823a4671fac921e528a0224422b3b3,CLEAR,DAYLIGHT,DRY,IMPROPER LANE USAGE,2.0,36.333333333333336,3.0,3.0
044617995158a22acb9a48a77029aa39ecd9a5128224e60ade630db088b4d8800837c5264fc24a62573b5685aa773babd917e1dfefc9e3ee02c54e7b44816e49,CLEAR,"DARKNESS, LIGHTED ROAD",DRY,FAILING TO YIELD RIGHT-OF-WAY,2.0,65.0,3.0,3.0
044633dab966951e6a95c153da02f8a3d27a69f54cc3cba5a723d582c094456813c0accaa52784ef16079746d437385b56b532ee9f15a0e498956eed337d06ea,CLEAR,DAYLIGHT,DRY,FOLLOWING TOO CLOSELY,2.0,36.0,2.0,2.0
04464e7612f2151219916e5f056e28e3a027b80a9b8de6a25709e9ee197d12f4d4366120e71faf32eec07397d281fc53d0d92b114f02da37b7463a1f3e939c16,CLEAR,DAYLIGHT,DRY,FAILING TO YIELD RIGHT-OF-WAY,2.0,72.0,2.0,2.0
04465e97dbbfa4ca4dbdd0d1aae93059dc4a8abe6a6e82e8095847827dd6aa80de4e7f043ddb76857cc3064d48160cdbe01ed26de87ff1645885db31ed2b346a,CLEAR,DAYLIGHT,DRY,IMPROPER OVERTAKING/PASSING,2.0,66.0,1.0,1.0
044680a27b67a7c04e428c9b04ed8688ccce88d5a3601b7d916a6b4d759f49296d32e432113bc18a5408ce7eab4dfd6c8b91af5d9919d1acc14d1155699f6515,CLEAR,DAYLIGHT,WET,"OPERATING VEHICLE IN ERRATIC, RECKLESS, CARELESS, NEGLIGENT OR AGGRESSIVE MANNER",2.0,30.0,2.0,2.0
0446818c693b5e50293c1674cd115ceff86f9c4108deaafbf4727e9da18e98a53be49d2b6ae33db38f4a82f99dd2250bdc773bb8cdf8dac66eeb53a4d7b11546,CLEAR,DAYLIGHT,DRY,FOLLOWING TOO CLOSELY,2.0,50.0,2.0,2.0
0446cb16f8c6dfa49224d95f05df675f6c4a33dd91621618e75966a2c65792c1d6003ffb4e6eab71aa59c8b60688d6a9b52e600ce630ba0bc3c18082007338c2,CLEAR,DAYLIGHT,DRY,IMPROPER LANE USAGE,2.0,36.5,2.0,2.0
0446cc1d82fd0a467ada3c311a20d797097343d8059f7fbd1d8ac5ca072586d8d32f4f7cc178dc4ef67a49fdde2ce6e4253a5846dcbab1e6331da4e70558c775,CLEAR,"DARKNESS, LIGHTED ROAD",DRY,DRIVING ON WRONG SIDE/WRONG WAY,2.0,40.0,2.0,2.0
0446d70823ed792ad9a6b2d32dd696972011608e5779b1aae8e9ef4be43c3a94b923d05bc67951497f3fae5d13f298f731153fe949bc8dfcb23b843b654ec97d,RAIN,DAYLIGHT,WET,FAILING TO YIELD RIGHT-OF-WAY,2.0,36.0,4.0,4.0
0446e124dbb85cd3463b5025de05e5fb8923ddd88bd1da29b146a84687c8e2414b7a8e0699019ade8af64f683d9fae6b498f8e595a90f410ab170a154a654b07,CLEAR,DAYLIGHT,WET,IMPROPER BACKING,2.0,35.0,2.0,2.0
044700b4ca7bcf1caaf2a47b7b27d2b713e2ad002c7916e4170c884c5dfd925032bf54c58615c236c32d44463a028b3146888711f3cf5f0326917e6092e34d6f,SNOW,DARKNESS,WET,IMPROPER BACKING,2.0,26.666666666666668,3.0,3.0
04470c152dc5c924446d9509bbc3761c9d51a75e6584cf2ca46812de6e4c00022f6d6d98290362416a41bd70b77215dcde34aece9d38ba55e786507c7edf6652,CLEAR,DAYLIGHT,DRY,IMPROPER LANE USAGE,2.0,25.0,2.0,2.0
04470e8ff8e020463fdf154cf7f9651139ce9d2b9d967fe1953880431a580491e080a77c6908753bd5af0243a4b3b29c796801cedb522dd5fc7de4b093ee1624,CLEAR,DAYLIGHT,DRY,FAILING TO YIELD RIGHT-OF-WAY,2.0,57.0,2.0,2.0
0447178f179f780f818b6883a9765be2292b8b1a7609d321a77b7df8521a9075ec51c10dcf921571e062eee880c6c46620945f959a7e55420229e1e3b2112785,CLOUDY/OVERCAST,DAYLIGHT,WET,IMPROPER LANE USAGE,2.0,40.0,2.0,2.0
0447184ed4b70f2303729d6f45e94c2c1fcf4226e35dd099e0bd7c3dfda4f8aa95a58e5aeef657c47e057b147a198f25ae5afb4607391c1c3bd834589e4b70be,CLEAR,DAYLIGHT,DRY,IMPROPER TURNING/NO SIGNAL,3.0,29.666666666666668,4.0,4.0
044724f796c8412263cd0583e7164fa06e4697c528a3e87bcba5db7fd50a2136404ebee8a50150c3acdc7a933560ad3f2b60ee8faca9dda81ff806ad5c0cd092,CLEAR,"DARKNESS, LIGHTED ROAD",WET,UNDER THE INFLUENCE OF ALCOHOL/DRUGS (USE WHEN ARREST IS EFFECTED),2.0,28.0,2.0,2.0
04472b68857b7e0efe0d50f97591a054a82bc0221c036e15c48b3ba80322cc9aeb1cdd5234aa5922b8a8bc972869f10b24b36b1c70e68021a86bc6de303f3fb1,CLEAR,DAYLIGHT,DRY,FAILING TO YIELD RIGHT-OF-WAY,2.0,50.5,2.0,2.0
04472e5bd943cc30794a16ddb2907ea576f87a1f441d1c8068a75dd66af816b9da785fa6839c07d2ada72b29ae4d2b09d6bb2c27332674674a71b9c1869a2da7,CLOUDY/OVERCAST,DAYLIGHT,DRY,"VISION OBSCURED (SIGNS, TREE LIMBS, BUILDINGS, ETC.)",2.0,32.0,3.0,3.0
04473dc898d6577a772eca0386b63935ceae8fefe4df6b71840ff765951227e7e95e2989f657c8d08273041815aaa033aaf41ab281f26772e2c86963d3fd6f53,CLEAR,DARKNESS,DRY,WEATHER,1.0,27.0,1.0,1.0
044753b9d9bd8e2c42a7bd1ca0517c5b8ee7eff7b668049c24b6df5b95f679ba226d42b02834a40e7946c116430f0bb60d40e50d0586da7a640fdf1964554d31,CLEAR,DAYLIGHT,DRY,FAILING TO YIELD RIGHT-OF-WAY,2.0,27.0,2.0,2.0
044778fbe16a25af4d2bcdc8cbc7bd8c25241cb7ce37e1a9868dce56d99c800868b6a2826e30ede894fa609176921570ba6e9f2ffcb41145f91035cf8e59ad3b,CLEAR,"DARKNESS, LIGHTED ROAD",DRY,FAILING TO YIELD RIGHT-OF-WAY,2.0,39.0,2.0,2.0
04479852399e7a5d6e7aa74c76289b216c1e7207bff106d2f703d2f158905260d44d83781a560059bfdf5324b3f4968746c900d6132a21f968a0263a4bb26ab0,UNKNOWN,DAYLIGHT,UNKNOWN,FOLLOWING TOO CLOSELY,2.0,81.0,2.0,2.0
0447daf79767ef57b1517b52023cc2f93c7e631d6cd56aa857b51cce26b138c6ecda1696c859b552afc34136a607567cebabf048a3fec41bcc21895185e6c052,CLEAR,DAYLIGHT,DRY,IMPROPER OVERTAKING/PASSING,2.0,54.0,2.0,2.0
0447dd6d2eeb760c2f8aee4f3c0a35482578e66dd35c069518f9c23427cffe43075f8a8c1c8e32b9ebf3a3e13b4acfa3490405c95615578d837659c3a10f5732,CLEAR,DAYLIGHT,DRY,FAILING TO REDUCE SPEED TO AVOID CRASH,2.0,41.0,2.0,2.0
0447f69132616745c2bda9e436a96777ab3249c659d7c748cc5ce96adb30a4e4ecccab4137fc9020efbd55787d32afc061f4a97ddd0a5866c7ff2e95e3c722ae,CLEAR,"DARKNESS, LIGHTED ROAD",DRY,FAILING TO YIELD RIGHT-OF-WAY,2.0,30.0,2.0,2.0
04487a0ce416ee959c2f04752eb8fb8cb644e3d5444d3bc2ee3f30ea1a85eda883a31541016d54f368175346101e88274897508035094137c41996ed99757500,CLEAR,"DARKNESS, LIGHTED ROAD",DRY,FAILING TO YIELD RIGHT-OF-WAY,2.0,54.0,3.0,3.0
0448829242ee26504c2437139b9c7632024f2f3ef40035ff3be6fd363719b5f7723e9978c55db9835a57004e093233c10cc48c426676b0f241b5f25cba6d8bac,CLEAR,DAYLIGHT,DRY,FOLLOWING TOO CLOSELY,2.0,48.5,2.0,2.0
044892135579b9062f99cb671ba451ed7979fe6b2d11e36e92e0dc0505b6700410961f3c94b9799de197e7d79d650c77d0323717197919ae71d38b55306057b6,CLEAR,"DARKNESS, LIGHTED ROAD",DRY,DISREGARDING STOP SIGN,2.0,50.0,2.0,2.0
0448e751256dd0cd448d2ecb77c71b9d605cd04cfa8ae6d8f537b6ea9f68691b54c1834aac2e814c86d81d7dfa29e6b0a2e86b4100d78ac8d35ddfc92806091c,CLEAR,DAYLIGHT,DRY,FOLLOWING TOO CLOSELY,2.0,45.0,2.0,2.0
0448ed23f8b7edd9da8581266e7d0695ef23fee0bf5b4c6e6ffc88fd809bf16a75280445177b5d094f508f51171bf2313c99355eb6dae5e7f4fe8abe7d740ae8,CLEAR,DAYLIGHT,DRY,IMPROPER TURNING/NO SIGNAL,2.0,57.5,2.0,2.0
04491a40047165640aa9cf0ce6b36557b9d5ee0480d1ded90482cc6afe7bc8dab96003dfc56ff56308bc5e2d165f57897e71d67f528faf58b7a4b2ec2ab37bb8,CLEAR,"DARKNESS, LIGHTED ROAD",DRY,IMPROPER LANE USAGE,3.0,33.0,1.0,1.0
04493a35cf82fa347ac787d5f8b981289378aec6f0a20f0e2f7cdf9e19d15ce51f712565227d7b0a1c8aa29eb12b40d54a992ad731e4d9175e30d574af9ec8a4,CLEAR,DAYLIGHT,DRY,DISTRACTION - FROM INSIDE VEHICLE,1.0,36.0,2.0,2.0
04493efe08742b90b8771bc603685267ee42bfd8a51c607c1890bd3c203df25571b95df7e6bab39a6708489d3adfc6dab8b18ac05e89aeee49d16e5f743331ad,CLEAR,DARKNESS,DRY,FAILING TO YIELD RIGHT-OF-WAY,2.0,58.5,2.0,2.0
044949e96826481dcc4240d4820b225b918fe5f3ce5f3e7e3d8f50398afefba19c6f65363c8728eb7246dd63ceb5bfb6b4e46002b147b28341b2c746c1609042,CLEAR,DAYLIGHT,DRY,IMPROPER OVERTAKING/PASSING,2.0,50.666666666666664,3.0,3.0
044956207c29ce26d5c8162e8b24171bfda5471cc118cc5c4af023cad4b8cea3b3bb2b224ed7e0780d34c18ea5e9f6e4bdc9b75c70fa142f49accbcb5e9e5d49,CLEAR,DAYLIGHT,DRY,FOLLOWING TOO CLOSELY,2.0,61.0,2.0,2.0
044995d2cc94e609614c74dd2d125ef2331c9f3d75cb216195d62ffde16a1c446e894abf81338423ffe66ad035739db7f71481f937e77b15685a6a5409b845aa,CLEAR,"DARKNESS, LIGHTED ROAD",DRY,DISTRACTION - FROM OUTSIDE VEHICLE,3.0,42.666666666666664,3.0,3.0
04499fae98a0b30c4b721fd13aa0c8ae7fd4213546257f61ebfdc9ebeacff0ab6c2d8efe178135a38bb17dd5a9bc3cc78417bbb2792f5a0ee2a31f1ba7f81d18,CLEAR,DAYLIGHT,DRY,IMPROPER OVERTAKING/PASSING,2.0,51.5,2.0,2.0
0449a545c1d0fe03ac6b1c078996338a487f52962270b24202ef6c7aec70ac0ed7f853271ffd5034b3e6a7afbe6e54e8a091433ba7310e4d12da8861abb17bd4,RAIN,"DARKNESS, LIGHTED ROAD",WET,FOLLOWING TOO CLOSELY,2.0,17.0,2.0,2.0
0449a6d768ff6c4391fd7cc5bb5ef5106bba7799e31a930db18d760f8b3d924404e8732cf404e13a82beaf469204e047938eed0de44d7da78a6e9b4a063aa15f,CLEAR,"DARKNESS, LIGHTED ROAD",DRY,DISREGARDING STOP SIGN,1.0,23.666666666666668,3.0,3.0
0449c963d1411029076b02adecad9ae9109b38ba39a47d1ddfdf1394bbcb239d46b45af0ad031283e8f5a3c717101b890555640b65ce710840ded853f5da54e9,CLEAR,DAYLIGHT,DRY,"OPERATING VEHICLE IN ERRATIC, RECKLESS, CARELESS, NEGLIGENT OR AGGRESSIVE MANNER",1.0,31.0,2.0,2.0
0449d55d75d3d6fdb5ef0f5e29fd4d1260b7c09ffbe9a934780556da4a3efbb596618338964bb569eefc1d99e7cd17c0e3e686646471a3f2a9b1068fdf060292,CLEAR,DAYLIGHT,DRY,IMPROPER BACKING,2.0,25.666666666666668,3.0,3.0
0449e5e41ee99d8d1142fe2f227e9eb7e8637e8d822e70e9015eeeb079fb6dc5ba18c5e3f01328e07328427c1fdc39d5af56081480e4124cab92476a98b7c17b,CLEAR,DAYLIGHT,DRY,FOLLOWING TOO CLOSELY,2.0,53.0,2.0,2.0
044a016135e8439b65bcc18e200fcd9f7629529d6298d920a41f4aac6c1810b38aef7667fab3f83108810971e71e30b9879b33a0661ef2a0f34836bd1b70d8ea,CLEAR,DAYLIGHT,DRY,FOLLOWING TOO CLOSELY,2.0,37.0,2.0,2.0
044a138d77bf9b85411361f8c1f161cb0200078d141692c036090913f97e4cfbe9d9e7a3fc86ce5857973c72521cbb4a4adc152471ba4128cbf5dbea1b1ea238,CLEAR,"DARKNESS, LIGHTED ROAD",SNOW OR SLUSH,IMPROPER BACKING,2.0,31.5,2.0,2.0
044a1aed083f2469d30eb5b0d6bbf68cd6411ae0451c9a1d4380fe12105af8f2d44a363796a23312cbe117b78070bed47e86efe990139fe99d5d34c75aa674ec,CLEAR,DAYLIGHT,DRY,FAILING TO YIELD RIGHT-OF-WAY,2.0,44.333333333333336,3.0,3.0
044a28004ea05d9af6d457ac96b7dc99889d907f31e5c0daa3d31569aef06a07a1566bf2d9a91afac3e0389bada9c039e0c521524c09ea201a4d0913677d6687,CLEAR,DAYLIGHT,ICE,FAILING TO YIELD RIGHT-OF-WAY,2.0,23.0,3.0,3.0
044a541568e6993f1794a3736e70b3cc2e0bc6e10242e7b7a4f47adad66ecbd91a4be9f015b2edbfcc8fddffd832a0b65c0b4f5b5499576112c0c7bf1d4732f8,CLEAR,DAYLIGHT,DRY,FAILING TO YIELD RIGHT-OF-WAY,2.0,17.5,2.0,2.0
044a6070382649a73bd9365f41e4f30c7d54735b03b2844f0848623129ed979a9ffb6e1bc714386782fc07c6f41cdf43037a5996e90de3897bc419736b435aa1,CLEAR,DARKNESS,DRY,DISTRACTION - FROM INSIDE VEHICLE,3.0,34.333333333333336,3.0,3.0
044a7d8772a057a952a299d73839db24ab1f26fef317f6ac75600f98549c2e421d0d2fda7b1893f50b02f4850fec738768999556e3d2fb9aa3813b3c61fdf273,CLEAR,DUSK,DRY,IMPROPER LANE USAGE,2.0,35.0,2.0,2.0
044a89ad7efef7cd5077d0937ad2b7e064659986b2ab81b69241808de61860412d7945c6aeabf170e8ef0f0ba6aeeb9e94de215e04ca7727169a5dc91cbd7c04,CLEAR,DAYLIGHT,DRY,FOLLOWING TOO CLOSELY,2.0,33.0,2.0,2.0
044a8a6be395af9f36aa0d320b53c97794b135f887279e0c99a0a6c877ffbc7de9eba5876669096fda14c37b168311b6ee79e60bcf2dfc5fa017fc88a7adedc9,CLEAR,DAYLIGHT,DRY,FAILING TO REDUCE SPEED TO AVOID CRASH,3.0,34.0,3.0,3.0
044a959cae7e4137f0621a5cf3692a1ed97e8db74f8ca44d3f91bee88a5e438268cefbf9786b1e35c28dbafa6005497992c4353cc71a1bbebf3f3146d1e6e714,CLEAR,DAYLIGHT,DRY,IMPROPER BACKING,2.0,37.5,2.0,2.0
044a9aaa663358eafa61de4939c1146de8889485155c4b4daa562bb1fb0891b61d6becad4c6837a242f77c0e3dd279c848fc08b4fb73418a44d35f3939443c14,CLEAR,DAYLIGHT,DRY,IMPROPER TURNING/NO SIGNAL,2.0,42.0,3.0,3.0
044abcd12a16c7ae26745b552f2a6a2ee9d3de9bc49cf1b993a6e0ff0db5a21a6c4f09102867dd69fc74f095262ae0a37dcce96dde168a23524fc17c3d2240d2,CLEAR,DAYLIGHT,DRY,IMPROPER LANE USAGE,2.0,42.0,2.0,2.0
044ad32ca63f2a7009fa0611d1a2247989e67d8564b63b1aef8f968cc7b3a935ffcb876e199981fdda3fabc988b9b17156f7a439fb240b01ced9d9790b1f3932,CLEAR,DARKNESS,DRY,IMPROPER LANE USAGE,2.0,41.0,2.0,2.0
044ad491310396449f30e13597143992683dc99de4e78ba35a717201b49c2b94b70f8cdbdd2b97ced96d056ff7dac97ff930c73ed845c4fb48f2a9efb6dd1800,CLOUDY/OVERCAST,"DARKNESS, LIGHTED ROAD",SNOW OR SLUSH,IMPROPER LANE USAGE,2.0,51.5,2.0,2.0
044af8817fe5982ec5687f1f38527104167415a12b5b45dc5682b4a8ff5195791c01719c740387d03d4f1c7a30f872d3b7fc337b680353937c1bed64d4942239,RAIN,"DARKNESS, LIGHTED ROAD",WET,WEATHER,1.0,31.0,1.0,1.0
044b05d9a673418b365731b8467219be834b1f35afb8a3a471027af433cb134246b6088cf2e28e4e0409702d6deed1f8013594f48bae636be410defb61bd5c79,CLEAR,"DARKNESS, LIGHTED ROAD",DRY,IMPROPER OVERTAKING/PASSING,2.0,45.0,2.0,2.0
044b2f498fa54e6be6b328a3c554b65da31cf58b799fbde5ecdb9d5bf18a4c4da2b2f34da3da15398a1ccb00149d01f7d99bce8cdd4265580ef781c8df970a2e,CLEAR,DAYLIGHT,DRY,IMPROPER OVERTAKING/PASSING,2.0,46.333333333333336,4.0,4.0
044b3ed772fecd98f68bac6194522d51891de7c996c6b88305dd4a7a4082ab389b4165b33b8c3e1b3cc9baae4cde8972f4bf098461e9a220e4f30df9be5e8651,CLEAR,DAYLIGHT,DRY,FOLLOWING TOO CLOSELY,2.0,34.0,2.0,2.0
044b423703a2cd6d8c9cc02b752034f6c778a5844ae03fa744e8d18cc44dabcde207f8f1cc93cc4ed9052869645430b518db0864481a19428593bcad4e83717a,CLEAR,DAYLIGHT,DRY,FAILING TO REDUCE SPEED TO AVOID CRASH,2.0,29.333333333333332,3.0,3.0
044b5ed8e67747587b84ff84ce323bed5013111ec7e67617825e9b04a1eed484f736a112997e8b0dc53f61961e7c0bd4fbed8aecbfe686a024637a035d52d5b3,CLOUDY/OVERCAST,DAYLIGHT,WET,IMPROPER LANE USAGE,2.0,78.5,3.0,3.0
044b77df91c589f9ca28a5799b8e46841d86d36023a84d53f0d1753aee77cb865906537ff894b53bc5996ec91d32d28a40c48fff6503428c32886190e4f99afa,CLEAR,DAYLIGHT,DRY,FOLLOWING TOO CLOSELY,2.0,45.0,3.0,3.0
044bae0e67a1e1ed34fd386da9a6e2278b2679da9be237149f08504575f3ef031a67caf016f7b2b1c3612c7183633e87fc5f247bb7728f75fcabec25de66774e,CLEAR,DAYLIGHT,DRY,FAILING TO YIELD RIGHT-OF-WAY,2.0,23.166666666666668,6.0,6.0
044bd8f6aba929afc21a928e14c7e5c57d17805550d33a458a5246ff46e203f0b46b95b8c69f0556bf08208c0b59ac0c8800f0c3f518dd45aad30782d62a9de5,CLEAR,"DARKNESS, LIGHTED ROAD",DRY,IMPROPER OVERTAKING/PASSING,3.0,23.333333333333332,4.0,4.0
044be48d016482ecaba460ecfefb72f0dcca1ccec713fad08fa6cfdf501a7b49676aff87359aea8ea95aaa30b71a577e062fb272cb55d77f73e0f54c99044b60,CLEAR,DAYLIGHT,DRY,IMPROPER LANE USAGE,2.0,33.0,3.0,3.0
044bed2d9f514ad99ceae35b1713b25f87cc1343480f1d85df833cebec5f32173ca067b6adcc6c21c3d1fb9a5bc6dc7b88461f955ce77beaa7e948ff458f63d8,CLEAR,DAYLIGHT,DRY,IMPROPER TURNING/NO SIGNAL,2.0,51.5,2.0,2.0
044c0a5e42a584ef174593f52a8def83b6bce73f9e18c6f6fa44c55931c6501e3213e2537740784e30c461c0b9a036411d3f0e01daf6fa07204702f930f0a607,CLEAR,DARKNESS,DRY,FOLLOWING TOO CLOSELY,2.0,43.0,2.0,2.0
044c16aafe498415cfd4713568cd9affdddbd7b6540b791e313b5c21fb6e6615b5a4ee6616139b2ef2c3053f60d79341fa7bab5d2e59eb9fa159a0f00696fa43,CLEAR,DAYLIGHT,DRY,IMPROPER LANE USAGE,2.0,41.666666666666664,3.0,3.0
044c22b320bb9604142ab409722fe1d6c5e6c8515b2d7b0cf3357b2ac7818ca0d27034c7e307499fd38eaee5dbc8cf81e2742558f8e6d5005a172f8fc68473e2,CLOUDY/OVERCAST,DAYLIGHT,DRY,DRIVING SKILLS/KNOWLEDGE/EXPERIENCE,2.0,47.0,1.0,1.0
044c2a930a7ba465865590186183a3ab30aba5c086d66464fb60d6ede99911d311c1ff78706bd04abe782f97462c1d3bedc935cbf95f0e62b58a980a7562bd75,CLEAR,DAYLIGHT,DRY,FOLLOWING TOO CLOSELY,2.0,35.5,2.0,2.0
044c43d2c3cf831efa94a6b7f5bc1cca1f05531b74567a139fe738daec413ab5c84c964ed11d3fc86eb2cd39fba17f5b7af2d96328420b8dce2adff16cb28af1,CLEAR,"DARKNESS, LIGHTED ROAD",DRY,FAILING TO REDUCE SPEED TO AVOID CRASH,3.0,31.333333333333332,3.0,3.0
044c51ce23dc8f3a4697d79cd1bc6ae9be17e426e4de756090ecb9b9d5db6184c7bac3b4cca1b025bdf981150315f47d5df84bbffb28a807143a9489220f9c9b,CLEAR,DAYLIGHT,DRY,FAILING TO YIELD RIGHT-OF-WAY,1.0,28.5,4.0,4.0
044c946ef3281e1242f55b3b434c7190d94318053fa48e89921fb770efd36abe6e445e684dbedbd1dc7b65cf2a5c0dcbabbee09634aa8b212d619b8fb2c99633,CLEAR,DAYLIGHT,DRY,FOLLOWING TOO CLOSELY,2.0,45.5,2.0,2.0
044ca1259c4968491da1e7d773a8c80befc758e6801b1875cf6edca43d5706bec62185cef95bf2c3fd1490612af0841ac1f15f36df81f417b2a3663925d01d4e,CLEAR,DAYLIGHT,DRY,IMPROPER LANE USAGE,1.0,28.0,1.0,1.0
044cb1059dd5101c1975e17ffd8d3c914bfb9f990f42aeb6009af96ad3d1c127e003fb778c3572a4b656d15abc9fef867c8c1ce4dbd1ee581e4c20a2985d1650,CLEAR,DAYLIGHT,DRY,FAILING TO YIELD RIGHT-OF-WAY,2.0,68.0,2.0,2.0
044cb1dea9f125459bf867284f5e93a276205267c45b875ad6c08a93bae62675f5c113f5733eca191484efb86cdc48ef9a780c7e605575b5c7665a86f7dc7455,CLEAR,DAWN,SNOW OR SLUSH,IMPROPER BACKING,2.0,38.0,2.0,2.0
044cc03d796000f8f2e3837e8bdea3ffcc60ab19ce9272e9322a2cc73bb8b29b219bca80b2f301b5d06e7e09eb9ce849dc39e8b10c9d7bfe4e461800cf939495,CLEAR,"DARKNESS, LIGHTED ROAD",DRY,IMPROPER BACKING,2.0,21.0,2.0,2.0
044cf5ca9109ea0bcb8ab391088af3108f3e16d3dad24aa8314da7e1b97dc4a15fedb69076ba0c9f1cd4c76756fddb950ab1e92b8a0a0af955b9fb5aa870197d,CLEAR,DARKNESS,DRY,EQUIPMENT - VEHICLE CONDITION,3.0,20.0,1.0,1.0
044cfaf691cad93cf825735ab5ecf107f3c6ceaae12ce4358e48bf038edd5d1496b8f7ef0496af53bbe9754d853ec87b3a16e37e843023325ed049cc8ad273af,CLEAR,DAYLIGHT,DRY,FAILING TO YIELD RIGHT-OF-WAY,2.0,22.5,2.0,2.0
044d3421950d0d8e719a805bba4508c2855ec25da227325f7be87d38c77e6bf7813bb9cf5e6fac0b63a58b04f1a67d43bfa68654e0f57c3c7b493be4f14d67e0,CLEAR,"DARKNESS, LIGHTED ROAD",DRY,FAILING TO YIELD RIGHT-OF-WAY,2.0,40.75,4.0,4.0
044d41b2b2da4cb3fb4dc58b067ff1ae762e90f7bbee1dc7057d20408b3d1c076c6292b9d5690fd58cec5243b1ce1e156ba2e61d4aa719da68234cd5b794488b,CLEAR,DAYLIGHT,DRY,FOLLOWING TOO CLOSELY,2.0,26.0,2.0,2.0
044d72bb684c17cb05ff0bce1ca5861779b1540dedf9b5221959f2a4bbc48a168d3287913e2ada77d78a8b9e766de86fa8cc5270c3246054f5fcb2c5b868bec1,CLEAR,DAYLIGHT,DRY,DRIVING SKILLS/KNOWLEDGE/EXPERIENCE,2.0,30.0,2.0,2.0
044d7524ef2b5b6ef843020c7e7ed2527ac2c71c557b4e50aeb1e75473673445dbe6c7823990e35b4a2304bbab358486bb87202623bc80176e0e90fa6f160a72,CLEAR,"DARKNESS, LIGHTED ROAD",WET,EQUIPMENT - VEHICLE CONDITION,1.0,0.0,1.0,1.0
044d786e3da52b73804af4a854793636d25830bbe6303acfccec0594bb19b5f8eb9c5a74483ead63a2298e1b64578fabe31bdf7582f1458ed21050e336584370,CLEAR,DAYLIGHT,DRY,FOLLOWING TOO CLOSELY,2.0,44.5,2.0,2.0