crash_record_id,weather_condition,lighting_condition,roadway_surface_cond,prim_contributory_cause,total_vehicles,avg_driver_age,total_people,total_injured
044da11e85ef4aab205a866d2887cbaff7c484d224c18086def6573221b2bc436a6c3521acc8a82cf81a9b7c3f5a9a10847f40c53aa6a14302c9fe08ecf107c4,CLEAR,DAYLIGHT,DRY,FAILING TO YIELD RIGHT-OF-WAY,2.0,34.0,2.0,2.0
044dc65be6869f4631cac838fc9b290db10526f89897deaf70ee4967316873651f5dd50033ea67a280e35c598d7f6c00868a5602b99c42469b8f6be9f4eec147,CLEAR,"DARKNESS, LIGHTED ROAD",DRY,UNDER THE INFLUENCE OF ALCOHOL/DRUGS (USE WHEN ARREST IS EFFECTED),3.0,28.5,2.0,2.0
044dd75cdaf3f6b652103427c47da609afbb40c26164f6d66817b8fd6ce3c135ac46916a17fed0f588ed6d519bf5a7793948083bb7d8ac98b4655f002088c45b,CLEAR,"DARKNESS, LIGHTED ROAD",DRY,EXCEEDING AUTHORIZED SPEED LIMIT,2.0,56.0,2.0,2.0
044decc8ad35d423378b0c9d954c68871c1353a9cdbd660716dea5177a313370a79e34784baba67c61a62d25602d7e7b029704ebd61fb013946d835e537193ee,CLEAR,"DARKNESS, LIGHTED ROAD",DRY,EQUIPMENT - VEHICLE CONDITION,2.0,37.333333333333336,3.0,3.0
044e00db3bb2efab0cc42373cbab56f3a350acbb91847fe08fb68e6f83654b2436d4bc03bbb217bcd139e8782d67c0715efb3b11a7e505a60b0f5d38c5cfc64c,CLEAR,DAYLIGHT,DRY,FOLLOWING TOO CLOSELY,2.0,36.0,2.0,2.0
044e0ffb83e7e05f17f8796e0d8418179b443e69afdd593b0c0b361480be84b12af3a14ab07bc7dac0f0bd6a58a5270f494ad7516cf6ca3cd19fefeca7a15da3,SNOW,DUSK,SNOW OR SLUSH,FAILING TO REDUCE SPEED TO AVOID CRASH,2.0,68.0,1.0,1.0
044e1e1867670762886d1021440aceef129185acb899731b224755144a115608d495405e9604729ae923dcce5cb0c28f00bd4b9bce5a843e2f15f86283e299bf,CLEAR,DAYLIGHT,DRY,DRIVING ON WRONG SIDE/WRONG WAY,2.0,49.5,2.0,2.0
044e24778caa105df9da2b96200473ee3182e982603bdcdbe3453687cc21804500b20cc87ed00ba9007884d3f93833f0a8daece6a5ce3306d3b7b47af6a977fb,CLOUDY/OVERCAST,DAYLIGHT,UNKNOWN,DRIVING SKILLS/KNOWLEDGE/EXPERIENCE,2.0,21.0,2.0,2.0
044e3397c6f418f27e3ca24cc7a4f9d6e614b35dfab5a2dd9800a3f7b6b6ace74a69408796a578fb86c0d6ff769e4e12ced778642bda76253441ef9b6d108eb1,CLEAR,DAYLIGHT,DRY,ROAD ENGINEERING/SURFACE/MARKING DEFECTS,1.0,81.0,1.0,1.0
044e37e95eba228bccd1fce05d502c405c149cb94f3f44f24487daaeee022eb1300865002b0607f00f303aee05c0a04f6feecb6fd22a2b34f8542fce9232cf22,CLEAR,"DARKNESS, LIGHTED ROAD",DRY,FOLLOWING TOO CLOSELY,2.0,37.5,3.0,3.0
044e3fc011a478ec335b091a2fca4fa55c2f03352bc1c8adbe4a47cc0afb6d5e74084502c65debc3684234ece6ee8ba252b524ef786259b822ce7becc00d38c5,RAIN,DAYLIGHT,WET,DRIVING SKILLS/KNOWLEDGE/EXPERIENCE,1.0,24.0,5.0,5.0
044e5e36c2dc7ce64a35cd785f3bc060f3268829d661eaae80f1b04c0599eae23eff3d8081e0009f202b19494a525c02f1df94bdcc1b2b593f282afaa7911d3e,CLEAR,DUSK,DRY,"VISION OBSCURED (SIGNS, TREE LIMBS, BUILDINGS, ETC.)",2.0,23.0,2.0,2.0
044e5f5467a54317b659efda4cdfb9410e1a2965b1d7d74999d25a155d7e95eba3b7ff1c39a487ee0ee419eeea7039ddced6c95ae7b632436275a4b628f72cba,CLEAR,DAYLIGHT,DRY,IMPROPER OVERTAKING/PASSING,1.0,29.0,2.0,2.0
044e898098caa5bf3a2ec8e32d82bbd57aa231796ed6224d7bc1fcdbaa23efe78216c123fb41be6fb4a580eb77b981e2cc7e116ca791edf6401b0bc2aca6467d,CLEAR,"DARKNESS, LIGHTED ROAD",DRY,FOLLOWING TOO CLOSELY,2.0,41.0,2.0,2.0
044ea5c015bf6011bd9446345f53459da72326ce2976d5bdfb64044c7637e489d6d9deaaa4f274152008e48bead2ea061f217ed19d921e9237bbf35e3a6b5285,CLEAR,"DARKNESS, LIGHTED ROAD",DRY,DRIVING SKILLS/KNOWLEDGE/EXPERIENCE,2.0,19.0,1.0,1.0
044eb5987b58ad83188f28f5623f4c20dc69857c2e7f8fc97b19129660dd562fd9d44a9768bc06b603bfe90199c0675dd7c2b5807f5721a5c33811e6a5e6d6cd,CLEAR,DAYLIGHT,DRY,FOLLOWING TOO CLOSELY,2.0,45.5,2.0,2.0
044eb675eb8e35becab89a1f350a4e2dc7e6a5e73795e4c0304577ba867f74dc680e1d6a8d3ab595e87c902a609348eddac2b1034dc61f2d1f3397fa3a6fecab,CLEAR,DAYLIGHT,DRY,IMPROPER OVERTAKING/PASSING,3.0,40.0,2.0,2.0
044ed9dca0ac78309fce89eb78cdc6da811c0f09011ca6372c6f2e4392b996ab7a01f6a58b4aebc522694e699f032023e08a544ad69be32482fe3ec132c545ef,RAIN,"DARKNESS, LIGHTED ROAD",WET,IMPROPER TURNING/NO SIGNAL,2.0,36.0,2.0,2.0
044efab8403d9a757bcd6a7c8dbcdfeb47c8b704db6638dcf40438a7c49c2c71a67da0da7a239f14b10fcfe1950d891daed432b0f8895e01950c25ca0f79145b,CLEAR,DARKNESS,DRY,FAILING TO YIELD RIGHT-OF-WAY,2.0,41.0,2.0,2.0
044f0ee214e1865de9d639ecbfc7708b8fd5292cfad50a6b6896fbfc5cb65c0fcb0541cd1ec2104c46e9a8c3ec7347987d621b17502d427ee60d361b9ac21110,RAIN,DAYLIGHT,WET,FAILING TO YIELD RIGHT-OF-WAY,2.0,39.0,2.0,2.0
044f220482949fd4164df7619d1213ff02c542d2e2ac73061d6b18a3fd460d2026ffb3ca46ded29a3ad382cb237539c74a3d04c0000f836004f8bb3b92aabe36,CLEAR,DAYLIGHT,DRY,IMPROPER OVERTAKING/PASSING,2.0,51.0,2.0,2.0
044f22177238146c5b6e71d39953fc54dc854f5f81abd730364f497b6d0af9f6a00007cefb4fdc5d484a1718c30d00a5a6c7f190a3d340b8049d7f070575e5dc,CLEAR,"DARKNESS, LIGHTED ROAD",DRY,"OPERATING VEHICLE IN ERRATIC, RECKLESS, CARELESS, NEGLIGENT OR AGGRESSIVE MANNER",2.0,37.5,1.0,1.0
044f29c70f44416ded742cdd080c11b18be1ebce0d61695bb0e82e85f06a4ca39f60798ba1673e0c06a5dc17d3077afcda503ed0fadcc7750efec89e63ea1259,CLEAR,"DARKNESS, LIGHTED ROAD",DRY,IMPROPER TURNING/NO SIGNAL,2.0,30.5,2.0,2.0
044f2ec050542f15d8b847f92755e043c7bc46b0f1524178903df73c6cbb30b6ab225e1e45b5377f962fe95aa762764ee826c4ffd52f3dc04639134abf38a1f3,CLEAR,DAYLIGHT,DRY,DISREGARDING STOP SIGN,2.0,23.0,4.0,4.0
044f47e98c9dbe56483e9bf1be4e05b68b200b36e3c41d04c5eeb0a319a04e3025100efe49ce8f0cea968807db643e7f620519e0ab05a1252e0450f01d5b4e1e,CLEAR,DAYLIGHT,DRY,IMPROPER OVERTAKING/PASSING,2.0,37.5,1.0,1.0
044f6668d24c5515f9445be389f972dd92a9d7d2634d9dd113c8a1a3fd47efd47b464599336c2084685fb2a68da623bbe19d375f92a22ad6582da53c4d6de024,CLEAR,DAYLIGHT,DRY,FAILING TO YIELD RIGHT-OF-WAY,2.0,33.5,2.0,2.0
044fb17fc6bf78b5e68597fde1f74d4c389bb75fa1dae14c34231422cc9de5dd6c737f5e12e7e98f4f980693665a54250360fbefa8336c9648fe66b07deb76e9,CLEAR,DAYLIGHT,DRY,FAILING TO YIELD RIGHT-OF-WAY,1.0,73.5,2.0,2.0
044fbf28fb19ebb27c6c490df15285db54bd386b3acd4429422553a29b278278cf35b0b08745284253a9aa584987b7b818051cf8e32a8fd5e8b5de1410a754b2,CLEAR,DAYLIGHT,DRY,DRIVING ON WRONG SIDE/WRONG WAY,2.0,57.5,2.0,2.0
044ff071c7579ec3022f1378e69dc3e3adb9ef16de074b844f18dd901b0aefb32eb5e6407090b7890921e122e82d39fb6cc2fd96ee8b890bec60fa6f504e8f26,CLEAR,DAYLIGHT,DRY,IMPROPER OVERTAKING/PASSING,2.0,37.5,1.0,1.0
04503884e31dbdb776ef472e90098e03a3fc761b5d18fe6b482cdc051c0c59c31aa8d7a63fbf81a7024d3804acfe43ad3a69ad0a89af79bf185a03f4cf823fc6,CLEAR,"DARKNESS, LIGHTED ROAD",DRY,IMPROPER LANE USAGE,2.0,43.666666666666664,3.0,3.0
04505550339110d7703c2d434fc56055f0d9946b24dcab7b9c4a7566fd21bf90ea6a76d72792d8a0bb8928b4ad35b607c7970d7fba5a0e897e7cf831bf45e076,CLEAR,DAYLIGHT,DRY,DISTRACTION - FROM INSIDE VEHICLE,2.0,65.0,1.0,1.0
045065399b499d032f768faa43ad8828792b6ccc6a7a31dadb57730b3954cb4eb6e0c12130cac0d52e8f14f7799c0c43740d7b82cec70b0adc9a30d75f663d09,CLEAR,DAYLIGHT,DRY,FAILING TO REDUCE SPEED TO AVOID CRASH,1.0,37.5,1.0,1.0
0450772dcf806134efd6ac55cd0b6eca18f663f3712d94f9e94d9905a2f4276ef67b63f0034eebd0c685e3e925613d43fcb6849882fdcd539305cecd23099801,CLEAR,DAYLIGHT,DRY,IMPROPER OVERTAKING/PASSING,2.0,37.5,1.0,1.0
0450aaf34faf4d3fd0cc8b23956963a85f08ee48dd7e997e62eef1ea50d3baefb5b858ec3322e49792c8e230864c134b493f6167f84914def96aa86feda93858,CLEAR,DUSK,DRY,DISREGARDING TRAFFIC SIGNALS,1.0,20.0,2.0,2.0
0450b0da8e238605e70a80a96400bf01095e11fee80610dc24f1c4027fba28dfa73a345b817d741c99e26014952db71fa15c72428c588a2c93ccd5e6d5c8b298,CLEAR,DAYLIGHT,DRY,IMPROPER LANE USAGE,2.0,30.0,2.0,2.0
0450ce1334b25cf9e136cf1a609ba038589877ab59eb5ac6aa8f83efbc7408e4bb54582583bbc3a0f16f63bdfa89e1c406e6fbb83ca81f4aad9605411cdd7f80,CLEAR,DAYLIGHT,DRY,FAILING TO YIELD RIGHT-OF-WAY,2.0,67.5,2.0,2.0
0450e24697330f04034fe886d5607d0192993453e10eee294260dcaab1d4b198bd8530d56326dfa52e3855f4e04a34af31f9a5cc0c4c54d0acd87314fd234ab3,SNOW,DAYLIGHT,SNOW OR SLUSH,DRIVING SKILLS/KNOWLEDGE/EXPERIENCE,2.0,34.0,9.0,9.0
0450f290b7c2b1d010e988b62c232d06b0e3eb787b790e2b6c2b79137af3f9a1902e8b8296a7ecd4ca5ca14ef8bfe2d7930e5bfbe3edb0781c22145be9dfbd15,CLEAR,"DARKNESS, LIGHTED ROAD",DRY,DISTRACTION - FROM INSIDE VEHICLE,3.0,52.0,1.0,1.0
04511fd71328033aaaf710857f68372a1c1b85571cf432334e8e004462f2b3e775768b7bb5775fb1fa775aeaba1cb354315ec86dd8359fcdd4427109c3243321,RAIN,"DARKNESS, LIGHTED ROAD",WET,FAILING TO REDUCE SPEED TO AVOID CRASH,2.0,22.714285714285715,8.0,8.0
04513a0efcfb7ab3bd29b43dc62b47a8c28acbd2422468d655e70aad1e19899c27276db49abce33162ebcaeb363e7646e6989d26bc5d9905148fba8f5deccc68,CLOUDY/OVERCAST,DAYLIGHT,DRY,FOLLOWING TOO CLOSELY,2.0,32.5,2.0,2.0
0451486ad8de0bf3e261704cd6b70a2731b2684c29353f25ad4901fed21a8cc2ac6025266629df884f300b6854093bc26e3a0d269daa7ff9754e0a19ee6b9014,RAIN,DUSK,WET,FAILING TO YIELD RIGHT-OF-WAY,2.0,41.0,2.0,2.0
045167cce3a051c7ef3850d31b3a3b599fb5da5bfe98b4785790df388e7cbfc74d65fce86a8e1a0fd63410093d96de3db9588db3778e47b0198f79db4e827466,CLEAR,DAYLIGHT,DRY,DRIVING SKILLS/KNOWLEDGE/EXPERIENCE,2.0,50.0,1.0,1.0
04516aa8cd23422b6304f327fe48e224736966b835cf8a796e6dd8fa493b572ca27e8632c4c1128bdee6d0d0240130d99e7f273f25bcd5225343d82b8b2db455,CLEAR,DAYLIGHT,DRY,FAILING TO YIELD RIGHT-OF-WAY,2.0,45.0,2.0,2.0
045189599246c5cae71d6f81b91472955a30713a7beedd387e93a1736b88308adb85e5a3624d87ab24a3e289fa065427aa27d8d0672ed4fc83e33d8e6bccd61b,CLEAR,DAYLIGHT,DRY,FAILING TO REDUCE SPEED TO AVOID CRASH,4.0,37.5,1.0,1.0
045195dad117af550fcff0e2124ac1548c7440655880c4f87f6fe28949c086dcc50ed4945d80fb89269ed7e558dcbe824f3b9954c3eb8fb70af0c5c4873f1506,CLEAR,DAYLIGHT,DRY,FOLLOWING TOO CLOSELY,2.0,28.5,2.0,2.0
0451f5e3d5eebdfa96982ecaa92026165fd4170f8f96aebb146958bd12a51b3ee9c506a323e7cf5237328e950262659474c71b06ab7235494d8ddbf4fe2d6a4e,CLEAR,DAYLIGHT,DRY,DISREGARDING ROAD MARKINGS,3.0,35.666666666666664,3.0,3.0
04523e7a107d5ebbf8ed84b74b614e4953f602ff7aa07f9051e2fb6118e545b1ec3bdffcad4499b31d4e9d35c6e99b38ee8c64181dd9cb409e051361ede7d9fc,CLOUDY/OVERCAST,DAYLIGHT,DRY,FAILING TO REDUCE SPEED TO AVOID CRASH,2.0,37.5,1.0,1.0
04526bdad912cd4adf8572ca592ce05f0c4ee71afa5b0114f19b732ae9614250e6399a47614ecca41e4a7e4bab574fc4d3c66a447dcc60c6f6964590df13ac44,CLEAR,"DARKNESS, LIGHTED ROAD",DRY,IMPROPER TURNING/NO SIGNAL,2.0,45.0,2.0,2.0
045279b13f9e5ca684b9750f3cd51bfb59737ed567ac71eb1b61614d682ce4cde3fe43654cb45ace08ebfeb2465bfefe72dac79540a21e51ab69507cfd5baa57,CLEAR,DAYLIGHT,DRY,FAILING TO YIELD RIGHT-OF-WAY,2.0,78.0,2.0,2.0
04527ef6d1caebec5eb412fde8f8e8de4bfdb1f1d31ad4087588abf6f0f24384bf700fdf687db47e47c3dc456c4fe6236b1f66ddb5d74bc70c91630d2df422ea,CLEAR,DAYLIGHT,DRY,FAILING TO REDUCE SPEED TO AVOID CRASH,2.0,44.0,2.0,2.0
045284faf385ab19b3750ec3b8000078a31180511e610ffc0e6809488c3f2dac13dc8d857a6bc8a96436c500a026762cdd43a47e535d7399e4b069e6878b41ba,CLEAR,"DARKNESS, LIGHTED ROAD",DRY,PHYSICAL CONDITION OF DRIVER,3.0,22.0,1.0,1.0
0452977a985ca3b216ac7118af9e23d04d88604819c22a89ae458de41518e81ce5547d775609ed757cdfd0e1f8fe943e7ad2b0fb8154fb34be3e38380ef14428,SNOW,"DARKNESS, LIGHTED ROAD",SNOW OR SLUSH,"OPERATING VEHICLE IN ERRATIC, RECKLESS, CARELESS, NEGLIGENT OR AGGRESSIVE MANNER",1.0,26.0,1.0,1.0
0452bb030fd4544dbfc503a1cc471f11ffff6a28f353b196125eda8a0ad6ce26e44a42020842c9c5deea231d12d8575ce464ad87758a3ce4ae965ec152ee370b,CLEAR,DAYLIGHT,DRY,FAILING TO YIELD RIGHT-OF-WAY,2.0,69.0,2.0,2.0
0452bd30fdea7cffc503781ce1471a7580712530bc032d7eaba607885c2d785ee9310146c0aadabcaf1e306105cfa6147ebec3a8b4f9e7f9807189312584f186,RAIN,DAYLIGHT,WET,FOLLOWING TOO CLOSELY,2.0,31.0,2.0,2.0
0452eb7d0f7f3a61f8399c7b536e8cedfaa3f7d1cf200e1c96026a91af9a47c672f7f6fe0ffbf619fd24b73da655c47b205e1bad7493d83c29c15ab2d02cd95f,CLEAR,"DARKNESS, LIGHTED ROAD",DRY,"OPERATING VEHICLE IN ERRATIC, RECKLESS, CARELESS, NEGLIGENT OR AGGRESSIVE MANNER",1.0,39.0,1.0,1.0
0452f4f8677c6459fb3c9b379d82ffb888bd29cb6ed91dcad2a566e89e04167a6201a10e59ac9171a99fda41a81a6d746c7a2671d53ee7a0631c14fc98099091,CLEAR,DAYLIGHT,DRY,FOLLOWING TOO CLOSELY,3.0,24.5,4.0,4.0
0452fa5492cc2158ebfb17c6c57f2310df6ea5e450d800f0a24d061d12bd901e6b8eb1237ff505472c62c2d55225d7b045007a9e4ba81f04b04b9b69966ab891,CLEAR,DAYLIGHT,DRY,FAILING TO YIELD RIGHT-OF-WAY,3.0,37.5,2.0,2.0
04530a5f94a1778397ba53c0d50f55eb7c6a061d26722f134d469eb32e02f040c4b3788391ba48f9b69c3e5cc46907d762889c7aef3dec9a84a6f4131566411c,CLEAR,"DARKNESS, LIGHTED ROAD",DRY,FAILING TO REDUCE SPEED TO AVOID CRASH,1.0,37.5,1.0,1.0
0453349da2fb7febb1124af62a17c6a432acd24f752012c5e9d401f5c93f0261748d7e926962da255dc6ea27d78db99a7824355307f014f4f91a9594bcec1e28,SNOW,"DARKNESS, LIGHTED ROAD",SNOW OR SLUSH,WEATHER,2.0,28.5,2.0,2.0
04533cdcc035f6c4248dacf6dd22e41371ac14e82326cbf92f77eb2f4c29772209336823ac5f02869b7a2fc670f25cde11c1be2dbddd0aedfb4fe51dc4b89e3c,CLEAR,DAYLIGHT,DRY,FAILING TO YIELD RIGHT-OF-WAY,2.0,48.0,2.0,2.0
04533ddd4b60ea0dc619386266cf98ec21cc524104a06141e8f54fd186b81ad318f4f99eef1e45d21df3b97db3a7dcb303b170a4a88b6489c0b6847329b6ca7a,CLEAR,DARKNESS,DRY,FOLLOWING TOO CLOSELY,2.0,30.5,2.0,2.0
0453485bc3c507d09c14164a432077c52b8f514f7146d9a82c8bdffac4acedc2cadaf0f18efbf857c9fdf19e29dd8119344b38b2e85d05a76cf3e724df62cc2b,CLEAR,"DARKNESS, LIGHTED ROAD",DRY,FAILING TO REDUCE SPEED TO AVOID CRASH,1.0,34.5,2.0,2.0
04536e273d0469a7c132b8ef08d27213f2b8395d50d10241d8140ca76a4de8d14999272d8a7b0aa234e0c910e7705af29dbd153335e2eb6e730855048fd9824f,CLEAR,DAYLIGHT,WET,FOLLOWING TOO CLOSELY,2.0,45.0,3.0,3.0
0453a5ab94f701a7e9acd26ca78ea8022c60c0eb89996df768623b0b9879e567441de58d22f6a3658c06fcfb57f95a14c08111ba6bb188fc1584af0cb375dce7,CLEAR,DAYLIGHT,DRY,"VISION OBSCURED (SIGNS, TREE LIMBS, BUILDINGS, ETC.)",2.0,51.5,2.0,2.0
0453af5162f15a971323fadaadac675c6e5c77679c1cb48da10e816f8ff7cabc1a682d449226ee6c7fc06a48817625c23d2cac5a6b857f3effcf23513360801d,CLEAR,DAYLIGHT,DRY,FAILING TO YIELD RIGHT-OF-WAY,2.0,51.0,3.0,3.0
045405ede82f94398a96015d777f35d05ad482cc7766a6dc0b86de1712b08aa1da143a87df6dc90c4e53d9befef657f58eb634f76f5a19017194b80f99e65372,CLOUDY/OVERCAST,DAYLIGHT,UNKNOWN,IMPROPER OVERTAKING/PASSING,2.0,60.0,2.0,2.0
045413fa7fa1d81ab97c9d89e87f330c2729899a8ea662e6185568a740260eace5aa9a0a9b0312723dfcd6a5b8bc17e505cded6323f85953d58b06e703c76af5,RAIN,DAYLIGHT,WET,FAILING TO YIELD RIGHT-OF-WAY,2.0,37.5,2.0,2.0
0454445176c49ccc654055c35bbdb1499a823aa82858bf848b2e75f443cdb3aacf484c390358876e34c83eacf24be658247274a3c6ab5b01c9d628d122c07e86,CLEAR,DUSK,UNKNOWN,FAILING TO YIELD RIGHT-OF-WAY,2.0,64.0,3.0,3.0
04546141972e22c4ee4fef294d43ec3de0c55aec4067dc1c09231c92da94286e0754771cf8318be24968c81d2f98e2441339a45cca50ec139a0ae441ec887669,CLEAR,DARKNESS,DRY,FAILING TO YIELD RIGHT-OF-WAY,1.0,54.0,2.0,2.0
0454acf8c5ddc3d7d47fb56b12b21c1d15d5ec4fb03afe3a74c403c2883b9667e12c00f7d52625b4faf5ca196aee7196b6f1eac46ac9cd990af88eff3809a9d5,CLEAR,"DARKNESS, LIGHTED ROAD",DRY,FAILING TO YIELD RIGHT-OF-WAY,4.0,60.5,6.0,5.0
0454e3fcad6db9af964e1d8ff79fd0912dde37be0f4c613ab9ad9c0f14b0b48aaf6c2a3472665df81a44f1e69c7c5ad0bd189f93dd5e9d5f5b4fa648e6a51bda,CLEAR,DAYLIGHT,DRY,IMPROPER OVERTAKING/PASSING,2.0,39.5,3.0,3.0
0454f5e9dee73991fea45da28bb9aee4b67f7d1a019d25de4d0bd94186c23602c575fd43c2b032c81eec9510c52e7dd95bf941f91083761dd6a639d62db7fba5,CLEAR,DAYLIGHT,DRY,DRIVING ON WRONG SIDE/WRONG WAY,2.0,39.0,2.0,2.0
0455039685adca449b94ffd27197e28d0629bac479b7382526f76870747c93daf0923f58fee9872a182c961aa324411f198d8e45fe7396c04bb263bf5aac98ab,CLEAR,DAYLIGHT,DRY,DISREGARDING TRAFFIC SIGNALS,2.0,37.0,2.0,2.0
045506fede8e663f9edf7af6435f12f57fb0bf477ef40651e17da72078cbc146def3b05a07c8b4c0b6829a11ec381aa09785848431ee2c7809a200c23e81537a,CLEAR,"DARKNESS, LIGHTED ROAD",DRY,IMPROPER TURNING/NO SIGNAL,2.0,26.0,2.0,2.0
04551bf2fa6f59fe87a470537b2e4c7667ab210157d7170ce0ccfcaea344b2faa34af4bbc797abf1f595493f5a6e1c864bf817d42e77ff4013859e24b7477af5,CLEAR,DAYLIGHT,DRY,FAILING TO YIELD RIGHT-OF-WAY,2.0,29.0,2.0,2.0
045582d45dc219ad35b735fb27833436c2d6cf90716154bfd8c4d1f14ebcb039f85ae4d6f299b485bbba7881ef649b585b25b65cbd4964bfce13b9b62b64560d,CLEAR,DAYLIGHT,SNOW OR SLUSH,IMPROPER BACKING,2.0,23.0,2.0,2.0
04558e126e7a96db024addb0849c16728b3c587fdfc59090a89e8dab2f227da379129cca077ddc5627e11ce491ad02e81230d5264ec929c9dc646623889058d8,CLEAR,DAYLIGHT,DRY,DISREGARDING TRAFFIC SIGNALS,2.0,20.5,5.0,5.0
0455937e0f742c909a82ccfd49a26eb2313a49f11fd82fffb6365c5abecc00f1cb5ecd6f950470ac7784e273fab6c107ea8fe2be0143352616da7d13a0270a63,CLEAR,"DARKNESS, LIGHTED ROAD",DRY,FOLLOWING TOO CLOSELY,2.0,36.5,4.0,4.0
04559f533531616c0a65c125ea149522e7929711284554bf64cc479947f269e76bee174c8c9fa87bf03302006170a080d725aecd6fe1d77adb57624928cdc197,UNKNOWN,"DARKNESS, LIGHTED ROAD",UNKNOWN,FAILING TO REDUCE SPEED TO AVOID CRASH,2.0,43.0,2.0,2.0
0455b7291c13dee8bb1d49be95bad4f4a71caaf1278d1c425e01e1297175bfaee3f35ff25a62cbf83248381656297830819c0c20e0a8bf60e901770d3707270f,CLEAR,DAYLIGHT,DRY,FAILING TO YIELD RIGHT-OF-WAY,2.0,41.0,2.0,2.0
0455e28e13650cba7e9a304cef11f6b829a13c300081579de1f3b841f6c24a23b073116a29155fa077339399c1f3862dc34e26bc954494ae1f7659a6af4db4c6,CLEAR,DAYLIGHT,WET,FAILING TO YIELD RIGHT-OF-WAY,1.0,40.0,2.0,2.0
0455e55c229380227dcbb81228ecb6fea35d036ca46b6b389e4fab5432c0435b935903aa5bf800b60555c1541b5df89cc92c85188b4fa40bb82b88e20d467467,CLEAR,DARKNESS,DRY,IMPROPER TURNING/NO SIGNAL,2.0,26.5,2.0,2.0
0455f3ebae68dff8598cf3030751ea9c718cf2e6a82215cf2f39bd5e6a1cf5108df1386ad6a16c34f52c38e18529e496bfa066d654dad040bf65325a9a28d9a1,CLEAR,"DARKNESS, LIGHTED ROAD",DRY,"OPERATING VEHICLE IN ERRATIC, RECKLESS, CARELESS, NEGLIGENT OR AGGRESSIVE MANNER",1.0,27.0,1.0,1.0
0456021a2f3dcd79277d6e420edfd069d02ac1faba13d9ada42b098ec4455139ce07346c7b04d62ec721550895bcab697e8373787a48e19c2932f88fffd2b2d8,CLEAR,DAYLIGHT,DRY,FAILING TO YIELD RIGHT-OF-WAY,2.0,41.666666666666664,3.0,3.0
04562355e9c7244d85d5829081997f5692f915e9055dbb49286822319bd8b4357dbcedefa19a2d4207f9e8f216b593ee33a7782d2aa7c5bcb0d706c3ed04a429,CLEAR,DARKNESS,DRY,FAILING TO REDUCE SPEED TO AVOID CRASH,2.0,33.0,3.0,3.0
04562774c8b3b58b5359e93cad5598d39709de0717dad9f1efd4e21e6cd61d63803ec4775700b5c20e51aab0f977f60daf48acb7f2475434c331d0bc984f610f,CLEAR,DAYLIGHT,DRY,IMPROPER LANE USAGE,2.0,32.0,2.0,2.0
04562876cf2814d76d5dc4e3bcae1d3f7ace7a3ca32327af4733bd621b4dd5dab8873e96e1d06133db5ac72713948c2668d38b1d5a50ba20796d899ffbc1b33f,CLEAR,DAYLIGHT,DRY,IMPROPER LANE USAGE,3.0,39.666666666666664,3.0,3.0
04563a07bb7ee88d006b74d8ee79a8847aa1c9afab26a993d456f98d3083115a9f34978688a069d7cf8b7f62946687e56da1cf7771a9f710ae2d9f5373c2c9ba,CLEAR,"DARKNESS, LIGHTED ROAD",DRY,PHYSICAL CONDITION OF DRIVER,1.0,91.0,1.0,1.0
0456434087efe6e554533c9c639f6b3a4bad5eb9d3771d6752ae74314800833bd9a5959d5103572c9f2fff6774cd57a0b8c8412b675da64d2864b82cfe1ec80f,CLEAR,DAYLIGHT,DRY,FOLLOWING TOO CLOSELY,2.0,52.0,2.0,2.0
0456a1e6aae1253c870eb9b4dcfe84c79e430818d9a88efb811283bd6f65dfdd03c57572ef3ce083e3b52a2a3a2159213334f68eb4a66154fd2b102f6dcac86e,CLEAR,DAYLIGHT,SNOW OR SLUSH,DRIVING SKILLS/KNOWLEDGE/EXPERIENCE,2.0,37.5,1.0,1.0
0456a9d8febc1d90739b26caf54c42f8f91650455b76cedd9a3925d5f0b023c016efa8afcc93e7c218de8ff6584b5ffae067ca0a0d64519dc0deab7ce3f65978,CLOUDY/OVERCAST,DAYLIGHT,WET,IMPROPER BACKING,2.0,41.5,2.0,2.0
0456de334992a220fb5cea1937f803bbaa8a332965e8ebf5d12b1a1f14b5431f8664b62a5ab8b97c7ac634cbb1fcc634508d3e6e0ff7b02f2c53415de25b8115,CLEAR,DAYLIGHT,DRY,FOLLOWING TOO CLOSELY,2.0,19.0,1.0,1.0
0456e39087fcb59b9b1fee686cec0cb5570606f3db5bd6b3af8e25983a7edbcd6c0c57091f37157831a56548dae6102e8b7bbed7ce94e91ed5c5ec7ceab0797b,CLEAR,DAYLIGHT,WET,CELL PHONE USE OTHER THAN TEXTING,2.0,47.0,2.0,2.0
04573a6539e6b9520bc7dcfc63fb9beb2d5a423af1e02e578da3c709ab1fb16800cfa7088ec23333569e9eb98f11d9d9c5564788dbdc721ca1f251ea756be321,CLEAR,DAYLIGHT,WET,FOLLOWING TOO CLOSELY,2.0,19.0,3.0,3.0
0457a4cf4e8c8817ec23e2c7d6d317665ca166a07ca5187da5d78c440f8965906b53439cd6bf848fffc79d807c02b712e170d971940fe94eb1412e7698858945,CLEAR,DAYLIGHT,DRY,DRIVING SKILLS/KNOWLEDGE/EXPERIENCE,1.0,37.5,1.0,1.0