crash_record_id,weather_condition,lighting_condition,roadway_surface_cond,prim_contributory_cause,total_vehicles,avg_driver_age,total_people,total_injured
0457abcf5171ab5d0fef5c5ac8215a83a0b6d04ea857bb7e35beda3e897ea859d624e9be661f36048cbe39bed6aa8308233e864aeb36309b7b13c1c896575b4c,CLEAR,DAYLIGHT,DRY,DRIVING ON WRONG SIDE/WRONG WAY,2.0,53.0,2.0,2.0
0457b866d9256173e9852cac48d903ae5e6d62c0e5922feb1a2289c7cf842af277da64c21300460c00cb12def4665e37df562d8a5428b5e77ac316ade9d25bd6,CLEAR,"DARKNESS, LIGHTED ROAD",DRY,IMPROPER BACKING,2.0,29.0,1.0,1.0
045803f6022cb3e11b6cde4ec3a4792085bd60349c2a426061aa0d55f09128908a861e2b9b96c1d78d29e8537ebf750ec7465011d6f816c9f1bbb17a3c7363a9,CLEAR,DAYLIGHT,DRY,IMPROPER LANE USAGE,2.0,40.5,2.0,2.0
04582fae073f69281b8f62b708a492a435e48405f8db94c0d3a30a6213030a42340f06b5018794451aa0bcefe0361f384d7fd242387a26693029f033d5f56df2,CLEAR,DAYLIGHT,DRY,FAILING TO YIELD RIGHT-OF-WAY,2.0,37.0,2.0,2.0
04584e80d31fca52601339983256aae7382e510ec7a81f8482d69b5adff20fd36ad89a8d1c109897c963cc84277ea834ae1a070394838aaf4bf272ebb0c04b25,CLEAR,DARKNESS,ICE,WEATHER,2.0,37.5,1.0,1.0
04585484b503b9301e4bbf8e42b6f74eb04ba7f54e2cb74ea90f17787e9defcc21afb62fef927b2fc14dbcf548d1dd5ecc65f911e8b46f9408c507c24504ccba,SNOW,DAYLIGHT,SNOW OR SLUSH,IMPROPER BACKING,2.0,4.0,2.0,2.0
04585c31a5ccf9d491d6175cf4fee8fc661b50ceafd4acca02e97cc694d8679b84966b346a71fb1119a92853d06278575eeda138614043e4da1abecfc64b0e48,CLEAR,DAYLIGHT,DRY,IMPROPER LANE USAGE,2.0,62.0,3.0,3.0
0458607def15becec57d33656784f82d7b1d02fb6e76c5211a3aa281a44ad6d92d76182351ce42f58960100064ebe85b8c4ec9696961c4e5838a0c24a31f31c0,CLEAR,"DARKNESS, LIGHTED ROAD",DRY,FOLLOWING TOO CLOSELY,2.0,22.0,1.0,1.0
045872daeba76c101106fa8e766b684fd468c3c6795ae053006bd11ff6fa436472422ecefb6877eca9eb4e5bb317d52024fb65c98d5ccbb02602f7158f48e55b,CLEAR,DAYLIGHT,DRY,IMPROPER OVERTAKING/PASSING,2.0,28.0,2.0,2.0
0458987770408a8e97c176979e2af4febca49503b08ea8b1a799e633bcbf2a3b9b0fb6fa31cb7f8a7c8b055f6ddd54f411ac66602d68df5ad76320a4bb36ac80,CLEAR,DAYLIGHT,DRY,DISREGARDING STOP SIGN,2.0,39.0,2.0,2.0
0458a0d7d9dd6ac233841857a493b4eddd6bd1481f3a46600c13c1327244f1af1ec5d513c97edc4f7e1a648e08dbc9e63f9e2ba02ddcb874f482b4e621208347,CLEAR,DAYLIGHT,DRY,FAILING TO YIELD RIGHT-OF-WAY,2.0,58.0,2.0,2.0
0458a1a493ca3df0617ad4e707d368bcdb1f6b9608803ee33ff153f16604a14b95185cbf0032348cae00e0f92bd9df5bc776df7b50c5d3f13030897ea1652953,CLEAR,"DARKNESS, LIGHTED ROAD",DRY,PHYSICAL CONDITION OF DRIVER,2.0,21.5,2.0,2.0
0458aeea284de00c1e6b37b97111d90f8cc1b4b7f87f12bcf566d94eff7d8989b7fd63ff805bcf1246a58b03112b06831954e83e8a6b285603b095481206674b,CLEAR,DAYLIGHT,DRY,IMPROPER TURNING/NO SIGNAL,2.0,69.0,2.0,2.0
0458b5552fcd4fe28fbc0c025fc51c728c7848577d6de862dba28f99b3c7eaee2e853b3e8de2d628e7a338658e078e02e55f751e8a9320f3dcb50e7e33e21eee,CLOUDY/OVERCAST,DAWN,WET,IMPROPER TURNING/NO SIGNAL,2.0,33.0,4.0,4.0
0458c24550a20bdd68f533491a427f988a90737027b15231e5cef8dd94d7b899389d415548a18ab2fea4b9bf5058f785f330eb3fc229582d5c3a853ce38cb9f5,CLEAR,DAYLIGHT,DRY,"VISION OBSCURED (SIGNS, TREE LIMBS, BUILDINGS, ETC.)",1.0,28.0,2.0,2.0
0458da52448a2f7a61bd0c689a9cfe64739ad5b373fa7022c0546d425fc6bb42671d9f069ea77f6a6829a154f373b555f58acb6145cc8830c3ca8600ba82cb08,CLEAR,DAYLIGHT,DRY,DRIVING SKILLS/KNOWLEDGE/EXPERIENCE,2.0,52.0,2.0,2.0
0459573cea7d5404eb7f4a727e2c7a83c309d3ffde7bd9fa238eb58b087e732941db0158190bb1bb8dbc6e2cb56e24caa0ecb6c59ec315365741453953d475be,CLEAR,DAYLIGHT,DRY,FOLLOWING TOO CLOSELY,2.0,25.25,4.0,4.0
04596d1dd0d4c1a038964b9f95af92ff5eb6b47a01b4fbfe96c6d061623b3accd3006bc08e3dad0d753877a78d63f2e6fc7b6aba03a55b8e3cb377b58b3af9e2,CLEAR,"DARKNESS, LIGHTED ROAD",DRY,FAILING TO YIELD RIGHT-OF-WAY,2.0,26.5,2.0,2.0
0459793001a9eb3c0743aedf28a9842c5f09aa24553364605f6efdfeb526dbe8b99f0059407e767f4b12b4d7e52a116ad668f2538eed58427d942da98ed566b7,CLEAR,DAYLIGHT,DRY,IMPROPER BACKING,2.0,38.0,1.0,1.0
04598fb95039f078890670e796bcd84607f209effec279b9d9756bac4f0afcb7b37db3e37f42f3aa97b5037830332de4d263eb855dcb8c534156c940e687f5a8,CLEAR,DAYLIGHT,DRY,PHYSICAL CONDITION OF DRIVER,2.0,37.5,2.0,2.0
04599bd8bbdaff2f2489106de11d4c24757e84b2734db28395e4fdcf3450b047a4e237ec7afe81ee33b5a663e1e0e04177a910fe2a0487f8b07ae66b653784fb,CLEAR,DUSK,DRY,IMPROPER OVERTAKING/PASSING,2.0,35.5,4.0,4.0
0459a22a56e64e07dd3cbc6dc39b9c2aed78115e3b6d0ace03ad625038012036564ba0dc8bd260763476ac5fb9de68f8b65d1f6995ee56fba9d336d699a52b8b,FOG/SMOKE/HAZE,DAYLIGHT,WET,WEATHER,1.0,25.0,1.0,1.0
0459ce0ae99996306d0ecb536caeb8ebb6ac910bd7916bcd91051129db4bf61d3ffd185a26f1df1bc7d8ac61c4cd0304a8cf08081441c874e834c54d8b00e872,CLOUDY/OVERCAST,DAYLIGHT,DRY,DISREGARDING TRAFFIC SIGNALS,2.0,44.0,3.0,3.0
0459d142561cb8629337a90efc6afba6f66fffd697c47e29d792752d4ee23b3e09fbb1fc8b0c518c776f67f40ecbff54e1cece1da9a30fb05f75f829f43c593f,CLEAR,DAYLIGHT,DRY,FAILING TO YIELD RIGHT-OF-WAY,2.0,35.42857142857143,7.0,7.0
0459dd070c1f1b0926b1e3328c0d78d017ded369abdeb28ab9a7570e9666bff82424d5454b8e127a27413a86e4c5dc582f5485b52a627ee0e7f8557eb93d89a2,CLEAR,DAYLIGHT,DRY,FAILING TO YIELD RIGHT-OF-WAY,2.0,71.0,2.0,2.0
045a03f6c65b69fb25278798b3cd923a872d9b21aba1723e86045e5a049f78852af967dde76919ba352c2216d68e1700befa4089e2e3fd98dcd79685bd67be8d,CLEAR,DAYLIGHT,DRY,FOLLOWING TOO CLOSELY,2.0,36.0,2.0,2.0
045a8e34b5067c4ef8ce76b081a46ed37a435a6d6692c5abf72a80a065bc4d5b897a356b822cb942a6061a8e6d96847142b228953a3b51dea9f7b27c0e07b2f3,SNOW,"DARKNESS, LIGHTED ROAD",SNOW OR SLUSH,TURNING RIGHT ON RED,2.0,22.666666666666668,4.0,4.0
045a945731f880d39685963160d1bc613484b058efcec8fff92b82668223e469baf87cfd1cd0cb8ac13249ffcdaba13bd1d27fcd07f3e4b1af5ab2e3e9a76249,CLEAR,DAYLIGHT,DRY,IMPROPER BACKING,2.0,48.0,2.0,2.0
045aadb36061d050fd30c176c49c43665f9133fadd03518013bf37b1a07798bd58a95e7a64dc1cd403c739f8d94363e027c941c289b76a36e22a559a1578f9a8,CLEAR,DUSK,DRY,IMPROPER LANE USAGE,2.0,37.5,1.0,1.0
045abdc855a416b0c3a12cd1bb48f73a4588363f0344c1a1da4131f82f897d534cbc863646fa879310654584477cec86128cad086b754a9af9b4c9887ed39cba,RAIN,"DARKNESS, LIGHTED ROAD",WET,DISREGARDING ROAD MARKINGS,3.0,22.5,3.0,3.0
045abefa3967ecffe27fea7d2d6cbf32031c89beac0e7adf8379d9c2094c14971994df11caf72e9f5026d05a7876fdee452f73bea533d9f52d5bf0debf7cac86,CLEAR,DAYLIGHT,DRY,IMPROPER OVERTAKING/PASSING,3.0,33.666666666666664,3.0,3.0
045ac0174de1b209bd42cc24de6e1c006c3f4e4222bc01ed54aafdaa54651c6b78de24b5c769621b4dd3d2c42d14b618781c29cc98669cc532bbc306d5659f9e,CLEAR,DAYLIGHT,DRY,FAILING TO YIELD RIGHT-OF-WAY,2.0,62.0,3.0,3.0
045b184dcdb809eb89de695818ddd10948896e33a9dfeabc7af32d7c737c22d7076c8fcd5742d500ba4a39417c80219b82b7811fcdcbe75770471821952de71d,CLEAR,DAYLIGHT,DRY,IMPROPER BACKING,2.0,22.0,3.0,3.0
045b3c4597e97145928d537bbfa253c4a46b3cfc15f123da1524528a9383cb7dde76a93f42082e163fb52e180175feddd559136272a716ef6041376179e41e4f,CLOUDY/OVERCAST,DAYLIGHT,WET,"OPERATING VEHICLE IN ERRATIC, RECKLESS, CARELESS, NEGLIGENT OR AGGRESSIVE MANNER",2.0,37.5,1.0,1.0
045b8f3223d65a40bfd219ba73d76e94eed0f4480e51b27fefe262dc24dd8bc3c8fe7dedf5921bf3face6aec2a613c64619b06e8e2d457591451638fa0148256,CLEAR,"DARKNESS, LIGHTED ROAD",DRY,EQUIPMENT - VEHICLE CONDITION,2.0,25.0,1.0,1.0
045bc749779540276bffec9996c3c26806e49dca5a6690f5aff95a4b53ba16a365e0848a8ee8b0f97b307aa47f4ad78786188397c66f9d65087969e29cf03f7d,SNOW,DAYLIGHT,WET,FAILING TO YIELD RIGHT-OF-WAY,2.0,37.5,2.0,2.0
045bf94fac4ae0426c04ca734358f557514c03be1435ba83093da8ad79c16de794104395fd50cb47236c8ba9da68ba572e03e098db871d146a0ce61ff0cd0b57,FOG/SMOKE/HAZE,DAYLIGHT,DRY,FOLLOWING TOO CLOSELY,2.0,17.5,5.0,5.0
045c22f2185776592e574aadc50a736021d70dada2b3c6d88106c9b9b3eae5c9ffab1437837941cf99627d7b114a8a102d3ef4d857b03edd11e079f7ebc4cc66,SNOW,DAYLIGHT,WET,FAILING TO YIELD RIGHT-OF-WAY,2.0,43.5,4.0,4.0
045c3de84ef33f88f1d477c5f14e39a7eeeb209d5153ba18f7b664c12616e8e0afb257e4eb8b729c9808ddfec0134b713eb7cb844fce0266d179981060a9a671,UNKNOWN,UNKNOWN,UNKNOWN,FAILING TO YIELD RIGHT-OF-WAY,2.0,23.0,2.0,2.0
045c6ee651bd20ffc9d3bb794dde678c1f5fe9dfd1add5dcd6c42f44a9da70e6d655d1b0fc1a551580ef68b8edb5033f7db2cbf139bf060a027f0cbb50fdb349,RAIN,DAYLIGHT,WET,WEATHER,2.0,27.666666666666668,3.0,3.0
045c733d2e3cb70ae2cdf608b080b4a01d599d37fa5b5771972f317d956238559e288af5460d6f3bd937fb7dcde6fe856fe7dbfdb2ba065c42d2a8d0fafa2ff8,CLEAR,DAYLIGHT,DRY,FAILING TO REDUCE SPEED TO AVOID CRASH,2.0,37.0,3.0,3.0
045cba87e64640c0ddab42754497a3ffe4ce0f86037411d3ad1b441eccb7d071f29590d961366b79854d59ec6da2a183ec4b67336226e2926277d60761ece2d8,CLEAR,DAWN,DRY,FAILING TO YIELD RIGHT-OF-WAY,2.0,47.5,2.0,2.0
045cd0b671e8022a4317fb490ab575749c3a47798675f59d5200642083256536a69620771640d87302b553edba08060100126c7846b9f650443965dd215254cd,CLEAR,DAYLIGHT,DRY,FOLLOWING TOO CLOSELY,2.0,37.5,2.0,2.0
045cee8a818e52501d97987e13eb9debf39382d7b232ec7ef0664046d2b42c1174d777bc1e30df018185cdcd1d05b2b159fd55e4b22382e05987825887e5e626,CLOUDY/OVERCAST,DAYLIGHT,WET,IMPROPER BACKING,2.0,38.0,1.0,1.0
045cfae51004646ce3fc29dc8d3dcc40712bf3c028bc6f61078634542dc2cdb1ac0950ca93f72f6355060d1b3884b9ed1539871cbbb36bce6494f5f8b0e00c3f,CLEAR,DAYLIGHT,DRY,FAILING TO YIELD RIGHT-OF-WAY,2.0,28.5,2.0,2.0
045d0eedbdd058e6aab7e080a7196899d8b14a50cee6eb3f55e54e6c3d97a91c8a31393a17f40c93560ecabf38b7ab638074240251dd6c97545457090fcec64f,UNKNOWN,DAYLIGHT,UNKNOWN,FOLLOWING TOO CLOSELY,2.0,37.5,1.0,1.0
045d1f42d64ce9a106ba8ce7bc77a3e858ac52f99aebae44f110320eff23ba7b6b3f74bed40b50280527bd35dbdd5d6f503a9e57fc854cb0d0de5e5b04c00e19,CLOUDY/OVERCAST,DAYLIGHT,DRY,IMPROPER OVERTAKING/PASSING,2.0,59.0,4.0,4.0
045d39f3ea051930aa29554eed013aa7309330301031b24a7d89b6e51fc6a75d6f870bc875822d1aa6ff7785e23c60c87fedd5da5428692abccd7266f766f150,CLEAR,"DARKNESS, LIGHTED ROAD",DRY,FAILING TO YIELD RIGHT-OF-WAY,1.0,28.0,2.0,2.0
045d5de6d6b4e8d27f279f5a9aa1caefc16b88f910daadcd5355baf3db036205436092208222449c5698d10f031a8f888b5b10151e57c17397241bf5ff3c3a43,CLEAR,DAYLIGHT,DRY,IMPROPER BACKING,2.0,41.0,2.0,2.0
045d6a54cfadb7009e7f371cd4091781c2354639bdefde48a64613de05b1473d94f2d7de132660e31efac4a72552d343e01240402328f42df2db59e2326da67e,CLEAR,DAYLIGHT,DRY,"EVASIVE ACTION DUE TO ANIMAL, OBJECT, NONMOTORIST",2.0,37.5,2.0,2.0
045d8500861d6710aab73dc78423de5121960fb817540453c4db3817027d5348432fc8a1e976d80a748339d4f335a467661a0563743c474b8a4e246a862a807f,CLEAR,"DARKNESS, LIGHTED ROAD",DRY,FOLLOWING TOO CLOSELY,3.0,31.5,3.0,3.0
045df818f1cd1a64fd6924123a20a286224c4e466d8df347876ea6eb196027f92fc01bcd3ec8fbf4c09a01fff8940143b71c6e55871766bf9e27839a1568b19b,RAIN,DAYLIGHT,WET,IMPROPER LANE USAGE,2.0,40.5,2.0,2.0
045e62afe8b5f50141108e393461f0533a314ce1e4e619ca1ba09fe556eeb71d4a276cfd16d74e7e639039fb4157f1e8866fc12d4b6f119224dff03c14d4968e,CLOUDY/OVERCAST,DAYLIGHT,DRY,FAILING TO REDUCE SPEED TO AVOID CRASH,2.0,51.0,2.0,2.0
045e6dd3b8742182467f54391f17cbdcb5f0e56f016469635716278be4d287cfc0bba707980235b57b9a5576ef1f4dded476228221a4cc4c7b82f6ccf8c43968,CLEAR,DAYLIGHT,DRY,FOLLOWING TOO CLOSELY,2.0,23.666666666666668,3.0,3.0
045e7509452b9f61774274746bc99cc56419987deb53935644824d88384d5bb0ce82acdeffbcb20ddeaaf63c799e1e06091d5709524e157eced8c751444ccf2b,CLEAR,DAYLIGHT,DRY,FOLLOWING TOO CLOSELY,2.0,37.5,2.0,2.0
045e860e0328cd89f32ee14b8c3a789bf60e6b99a133ed6a607dd3435977cd46ba56b1a7cde03b4f26ece397e0cb2eaaff670fd07175c4c6a0fb0b3d4a1b2afd,CLEAR,"DARKNESS, LIGHTED ROAD",WET,"OPERATING VEHICLE IN ERRATIC, RECKLESS, CARELESS, NEGLIGENT OR AGGRESSIVE MANNER",2.0,29.0,2.0,2.0
045e95ae1dab5662acc757d1a8419d98bb7d9bb73f4fb5c2bedcaf5f72faf3d47b52e051135208e773e8b5aea37e66ae2a454949d69f93e6fad48d52f958c9ba,CLEAR,DAYLIGHT,WET,DRIVING SKILLS/KNOWLEDGE/EXPERIENCE,2.0,43.5,3.0,3.0
045ea6d2eab1a48ec3fdfbf943e97f97cf6007a8aa43b9ee8595c6a00cb461e4a529c990bd81f39787ac118fbc4fb5eb2af7bd33bf3e0bcce186756d3520bdb9,SNOW,DAYLIGHT,WET,DISREGARDING STOP SIGN,2.0,44.0,2.0,2.0
045eb800c6cc686fb15bd501054e0c8a43afb48893632e81dbd69e0ae8041102824c05fe95c06340fc504be3d3a42f6b0c3e19e4e1dfda4b3e32039574c0307b,CLOUDY/OVERCAST,DAYLIGHT,DRY,FOLLOWING TOO CLOSELY,2.0,51.0,2.0,2.0
045f0636483281836a2f7b5e6292cbb633098769945dedd31bab8f311d41e67fabc979d55d23a02c05783b9e36b4f04931ec3868a857e83c17b74b0f9ce12aec,CLEAR,"DARKNESS, LIGHTED ROAD",DRY,FAILING TO YIELD RIGHT-OF-WAY,3.0,30.5,2.0,2.0
045f2106069915a59fcd0bfc62cf8369937842678ba49ea8e78c3d688ddd618dc8a68ce6429aaa334187d6308b8ecc9e52dcb04dc22a37547aecc1dfa24eef3a,CLEAR,DAYLIGHT,DRY,FAILING TO YIELD RIGHT-OF-WAY,2.0,49.5,2.0,2.0
045f80f862b096d1e564a60d08e5e883fe11805021a274d723af5bbafd7be88dc40dd76302bec71c1edcc53537654f40b7980214cee061fb4b6fa81a69c4c770,CLOUDY/OVERCAST,DAYLIGHT,WET,FAILING TO REDUCE SPEED TO AVOID CRASH,2.0,26.0,2.0,2.0
045f8ea0e4e8c0d64dc93584173727ddf5edfbda3dd1a571b885c99bd274b9699c5d861dac352fcfb182292ea9ab3907aa68d45e64b38443e7e46338351f409f,CLEAR,DAYLIGHT,DRY,DRIVING SKILLS/KNOWLEDGE/EXPERIENCE,2.0,48.0,2.0,2.0
045f94abc13f903209a404c34a177bf98ebd98c2ec598de3ffab0afd329321669b37a0fcfd2b076816326719b2c4b135a6b74361ab25cccf7ca07875d67707e3,RAIN,UNKNOWN,WET,IMPROPER BACKING,2.0,37.5,1.0,1.0
045fa7837bc6ac73be0689ff70a904d54795d0ea175105375d65c6f2d14ccf1778a1d66dd1a0e187d4eb751fc1f900dd43165e252073b88d685c5bd6914625f0,CLEAR,DAYLIGHT,DRY,FAILING TO YIELD RIGHT-OF-WAY,2.0,34.0,3.0,3.0
045fd8893b939df67c1806ac6839e5910187c804a2f5f3e0a3f68044240e78847de19845bc6543904fee3c28df8c1c3272bf26b3d3b6a29662a317777265d806,SNOW,"DARKNESS, LIGHTED ROAD",SNOW OR SLUSH,WEATHER,2.0,43.5,2.0,2.0
045fdd43211e36438d2ff7c2545ee472a985171bf01336d4ade43dcace3c22f8ed7be39b6e729fa467dd3c0c0503fb63cb4acb83bb30b47d3a50649c01aa0258,RAIN,"DARKNESS, LIGHTED ROAD",WET,DISREGARDING TRAFFIC SIGNALS,2.0,33.0,5.0,5.0
045fde98a1993b2aebf464bc5ef52770352febf7a27441ba8e80d3958b682ac4d61a639c55475b42692d904be25cb539150e7f0dfe7d23727d265bc365fcd1e8,CLEAR,DUSK,DRY,"VISION OBSCURED (SIGNS, TREE LIMBS, BUILDINGS, ETC.)",2.0,21.0,2.0,2.0
045fdfa30d1c82b402c4577b1bcd515b0a2fbb2bcc877b371d1d3f0da40ed1559e86cdf5f9564288cb67f185b2ad48ed9fabe1b2be0a8d376b6b931bbb3c2874,CLEAR,DUSK,DRY,FOLLOWING TOO CLOSELY,2.0,20.0,2.0,2.0
045ff8ae523b08a8c35f675b77251b17d929d7be7e671b175bb63cfec392e144f733fab7d94660507bf559f2a64ee62d2f040b28a1d841e0dd3e81405226a782,CLEAR,"DARKNESS, LIGHTED ROAD",DRY,FAILING TO YIELD RIGHT-OF-WAY,2.0,34.666666666666664,3.0,3.0
04603cdc48244d2f9d1edb990ae9445c34bfc7b8ac5b3085604d4774833cd7594695cbcee6c8d05b9e25fe0ca1ede6b691ce15d77e314b550aac8ab16a5f2403,CLEAR,DAYLIGHT,DRY,FAILING TO YIELD RIGHT-OF-WAY,1.0,37.5,2.0,2.0
0460cf47c5e4169fcc3d43ace894bcd2d72e4d785e0b08ba6969703d2eb936bb2b540cc49ae3a732f22dd8dd90d33cb3a27301ae84aef3e78f8552ced1dfb235,RAIN,"DARKNESS, LIGHTED ROAD",WET,FOLLOWING TOO CLOSELY,2.0,30.0,3.0,3.0
0460fb049714b711df693aa2b052a7ff9df10cb889224a7c5cb6b96d5718353e697c969f517ef404846141c582096b6eab753ad1ae64b8514910d1b44cb70993,RAIN,"DARKNESS, LIGHTED ROAD",WET,DISREGARDING TRAFFIC SIGNALS,2.0,56.0,2.0,2.0
04611eb2f8953ac26fc8deabddb5cf46d887581bb9a24638d96e8dd4cba4215fb66e9a9305bb7e9c1a1bf7148d2ce7af4451246c08cd1755ef512d544853d36e,CLEAR,"DARKNESS, LIGHTED ROAD",DRY,FAILING TO YIELD RIGHT-OF-WAY,2.0,26.0,2.0,2.0
0461210640e1d6a04219b3af0739c80bc818fc5642ae81cb499c35d519c7bc53fbcb739bfbf0dcf9532325ac81063442d7e691d3742297248c552d94c0531123,CLEAR,DAYLIGHT,DRY,FAILING TO YIELD RIGHT-OF-WAY,2.0,81.0,2.0,2.0
046139b8020b1ce41218affe2f3927c8931089a41a69e60ea1b2a305fe0eb46058a506d30c9bdb47dec4b30d7159bde56ea7409618241b4b9c04cd2f223132a3,CLEAR,DAYLIGHT,DRY,FAILING TO YIELD RIGHT-OF-WAY,2.0,35.5,2.0,2.0
04613d0b6e952797ef2a5bdd619388b57bc8d2bfb6a5df61dca214464496d76da598a47fdc8d479bef5a29fd8f542ac63b01723cca53c2561a1198dc9cf2ff30,RAIN,DAYLIGHT,WET,IMPROPER TURNING/NO SIGNAL,2.0,51.5,2.0,2.0
04614180f58bde974d488765fb25f6f55658a657c5e4da3e7ddd09eb5a54b829cecebd3db48a6e7f419bad7dba67491e2add14212f9108e192369b4ee95c4892,CLEAR,DAYLIGHT,DRY,"OPERATING VEHICLE IN ERRATIC, RECKLESS, CARELESS, NEGLIGENT OR AGGRESSIVE MANNER",2.0,37.666666666666664,3.0,3.0
046178726c8f66633bcc56a5a1ce7150c0191a2af865f9e900b2d054f28f15bb24e5d74a3e3a4a24ab8c30ca868a30ffd4175122cbc9d5ce5e71aca4e8cbd035,CLEAR,DAYLIGHT,DRY,IMPROPER LANE USAGE,2.0,46.0,3.0,3.0
0461805db6f6adb710f155d16c377a1904cd218350f72ffc47cb71001d51eb99e68a7325eaaaf3a2162a6e0c5175d905fabaf119fbf00fa9b3124adc5d38c294,CLEAR,DAYLIGHT,DRY,FAILING TO YIELD RIGHT-OF-WAY,2.0,49.5,2.0,2.0
04618101d6b31d1eff66af64b0d509949e5e695598b03f5e9b7eaac6a80fccd645b282ca9e506d93eac1cde2f764a9c330f7835d1d3f961b356a045f6eb3f8b3,UNKNOWN,"DARKNESS, LIGHTED ROAD",UNKNOWN,FOLLOWING TOO CLOSELY,2.0,26.5,2.0,2.0
0461b0d3afd93cc9d621882de6397f068821cf1fa1a2538513926ed49897d0f354babbada4b72dea395447129632174c2e6b75fe7222db47f3ded75835a41559,RAIN,DAYLIGHT,WET,WEATHER,1.0,24.0,1.0,1.0
0461d92ea594368d9a30800d294482b66a16aaa80fdab14da0c337970ab00a71e2f7eb6b518d184aca7759acbb35e008088c930e0b6ae92f070db9ab109955c8,CLEAR,DAYLIGHT,DRY,FAILING TO YIELD RIGHT-OF-WAY,2.0,24.0,2.0,2.0
0462256d85b98ab54b933ae91614ab11e0f4ab650bfa6d82b520a7d1dffe55c1603a05c39728796e6a9542fb3ffc3c2477b46e7c668ba9fb1e95b1cd45ae94ac,CLEAR,DAYLIGHT,DRY,FAILING TO YIELD RIGHT-OF-WAY,2.0,45.5,2.0,2.0
04623f37cc2206fd4cd06b6be135f39dcc8a02f41f7013606ba059c5ec7bf3a80b0f801cbd2ad4135fe56cdd7a2590ebe684315a29517fb25b6505366caf0dd0,CLEAR,DAYLIGHT,DRY,IMPROPER TURNING/NO SIGNAL,1.0,44.0,2.0,2.0
0462442c142e37684c70ef3d1cbfb88610a6cc44cd590003dc16c3d7f26018d7a20f9735ecc7c64e4401f04a26489c0d558b46dff533a87c661ea5d107386a72,CLEAR,DAYLIGHT,DRY,IMPROPER OVERTAKING/PASSING,2.0,48.0,2.0,2.0
046244f18e50336b9fcdcb307d143bec1e21b5194a91b431a7e88bd90ff72a5e6dc48f545f7c4c5707868addec4247931aee6ea01cc2c844eb290cd9c9a18823,CLEAR,DAYLIGHT,DRY,IMPROPER OVERTAKING/PASSING,2.0,37.5,2.0,2.0
046277aa233eb13fedeba71e169a7b6568db00acdd5b1ff0c58e87095e9041c732ec1d2dbc632310d8a1a53283efa53f3eb57729fb0a50b67f62e545bb3b38f6,CLEAR,"DARKNESS, LIGHTED ROAD",SNOW OR SLUSH,DISREGARDING OTHER TRAFFIC SIGNS,1.0,37.5,2.0,2.0
04627805df6758cecadc4cbd7acc54b5731463a2fbe9c8e335f69a58dfb08d1f1bf8dba41d74f61f5740159a8b7c750886a7a806483292ac145385195d2b10fb,CLEAR,DAYLIGHT,DRY,FAILING TO REDUCE SPEED TO AVOID CRASH,2.0,56.5,3.0,3.0
0462e56eedb1023ce509d48f8dd0dd06d0815c523411a72d92f36e8de1201f3268bb83948992207f9896bf5391fc7de492e750d8133c59adc944eb34fb5961d3,CLEAR,DARKNESS,DRY,DISREGARDING TRAFFIC SIGNALS,2.0,34.25,4.0,4.0
046310808b928bf6b1e09485d3a95626105c160907fec25d5c7b3eb206117bd1ac0d88de620b843ce5a0291a465b3c3b6307639719debb7da8d1759004a55730,CLEAR,"DARKNESS, LIGHTED ROAD",DRY,DISTRACTION - FROM INSIDE VEHICLE,2.0,39.5,2.0,2.0
0463354cab1250763fa687c7602252786d702a4b9cb0b29ab2c2bbf86b85cefab0af55bf9aa82287a6a53ad62a93cad7ebea4a2a2b708405383bb7ffbaf09c86,CLEAR,DAYLIGHT,DRY,FAILING TO YIELD RIGHT-OF-WAY,2.0,52.5,2.0,2.0
0463398d5353b2ca91a51c7878b9a7fe9b0f98534074f629754df86d2432a130403ab18c50e154926094b584196de2365b148eb6ff32db9d9da75259e9bb1022,CLEAR,DUSK,UNKNOWN,FOLLOWING TOO CLOSELY,2.0,47.0,2.0,2.0
046349a92674d8e1d3f0a792700751a46b7fb218d1a73f96646300da6f93cdf24bb6ac0d8e79647f083111e451ec4b0253b549cc05039bf0434b9fbcb82eca0d,CLEAR,DAYLIGHT,DRY,FAILING TO REDUCE SPEED TO AVOID CRASH,2.0,37.5,1.0,1.0
04638fb8efa2c908a1c1c3ebfd565c6f3a6be48ca3161e9afc5b3ec94c3ffe7c83b26577e03b91032b8bbd6f94468cdfbd4586dad29d5366b2e5dc30a633d4fb,CLEAR,DAYLIGHT,DRY,FAILING TO YIELD RIGHT-OF-WAY,2.0,20.0,2.0,2.0
0463d298b34ee17c546cecf2da414d3830ec97108cfc06f496fcb014e730afb606b6727c43e8fa2cf9da1d08d472fef07a17f12a977833fb2615f331be755fa2,CLEAR,DAYLIGHT,DRY,DISTRACTION - FROM INSIDE VEHICLE,2.0,53.0,3.0,3.0
0464578838cbcd3739bc7c500368ee52378da0e4a86a1888b905f6de3168a64dce20a70ba5417f2901bcf6ed78e90416107ce6b0dd3a0f6c8d164944fe805a28,CLEAR,DAYLIGHT,DRY,IMPROPER TURNING/NO SIGNAL,2.0,38.0,6.0,6.0