crash_record_id,weather_condition,lighting_condition,roadway_surface_cond,prim_contributory_cause,total_vehicles,avg_driver_age,total_people,total_injured
04645cdde83967567a468ae2ca395a60cabc4f5bab0d76740c71fdbf00c49d799cbdbe270c295c087d65375167d246b5aa6b3740d2a687d2af36130d42d5479b,RAIN,DAWN,WET,IMPROPER OVERTAKING/PASSING,2.0,45.5,2.0,2.0
046495dabfbe58ca26c64d8a82f13d8628554d959e6b6152d06ee983054a6b131219e66206b849b1c5bf62da46b550f69ab277c4df57d28c83b334d6726e3597,CLEAR,DAYLIGHT,UNKNOWN,FAILING TO YIELD RIGHT-OF-WAY,2.0,49.0,2.0,2.0
04649d4803cddd3d7610365c63a8eb23337d4a4a1d79eabc7ba087de329d8f4262ddcfe731a5b9ccb6502b72fe1da20784976ca0ace9e62ec37325d8e3051e3e,CLEAR,DAYLIGHT,DRY,DRIVING SKILLS/KNOWLEDGE/EXPERIENCE,2.0,73.0,2.0,2.0
0464d365b74580fcf9b859aab31f939385390c2199925c01f898f6719e69370cf6d12c25731d3e00dde341d1b77acfb222d289845b535397cab369f717091ea0,CLEAR,"DARKNESS, LIGHTED ROAD",DRY,IMPROPER TURNING/NO SIGNAL,2.0,46.0,2.0,2.0
0464df19c5d9464aa9a02eb5269e22d1a97cea307b1670668277fe380c15e44182f59b91b53525159a31ab9c30872c13cd8f7613a3bb84f12cb4ec885f293136,CLEAR,DAYLIGHT,DRY,DRIVING SKILLS/KNOWLEDGE/EXPERIENCE,2.0,37.5,1.0,1.0
0464f0d05cbd1984529e49772683e64c12eeb447ac03f0615091d57d5bab0017b13404b87c9305485df9a8100773f23567aba6b41aefc6141972c9b1143c3384,CLEAR,DAYLIGHT,DRY,DISREGARDING STOP SIGN,2.0,27.333333333333332,3.0,3.0
0464f5c971f45d09e016e7e1c442c27f413161f78308248c80205fdf7b9adb7249f750336842130bbbdd78a0984d3072ead5d851da25f626c7d0adcbec699360,CLEAR,"DARKNESS, LIGHTED ROAD",WET,IMPROPER BACKING,2.0,21.5,2.0,2.0
0464fba1210effdd1d967e294a0e0b86240b9259bca90dfc581ad3a37eb088c127b6ffb265ac3dc9f75af63c158aaaef864763c2de27b02606ad35ab3b491c03,CLEAR,"DARKNESS, LIGHTED ROAD",DRY,IMPROPER OVERTAKING/PASSING,2.0,35.666666666666664,3.0,3.0
0465001e123674a7ad7a0142a60386fe4de2fdb0828f69e29711bb20a6a1cf951924d4dc4d539fe4376919e3d321c205342f0ece330951dfc4e997d31fd8fb9d,CLEAR,"DARKNESS, LIGHTED ROAD",DRY,FAILING TO YIELD RIGHT-OF-WAY,2.0,36.75,4.0,4.0
046503ea163d4f2e97c413031ba943bf490bd054105295fe3f0c53a9a10b3085771fd95efdcfce9f45582ba5be7e3641caeb2144422bfdcace1cd6b513660cb6,CLEAR,DARKNESS,DRY,FAILING TO YIELD RIGHT-OF-WAY,2.0,60.0,2.0,2.0
046525bc9c3b4365bda4573525463d6aa4747daa5bf63894d34573240092760458361140f81eb65f99d1e82903c84a9d1debbe9882642393f0c7320d60039013,CLEAR,DAYLIGHT,UNKNOWN,FAILING TO YIELD RIGHT-OF-WAY,2.0,57.5,2.0,2.0
0465263810301581be4d82f726025093d06ba3106bd8dfad8f5c293d8983dbf7da3b9ea4d8ca9da1f9fe5caced24bb620fc58ba4b76a45e55146a6ffd4b248f9,CLEAR,DAYLIGHT,DRY,DRIVING SKILLS/KNOWLEDGE/EXPERIENCE,2.0,37.5,2.0,2.0
04653b94202b862116cca36af28066acbeb2457a833c0e5d87e9762302f5bbe73d992474dce6c67f4fed018228c05283db3ffa3d0da4919677003c5deb87eb92,CLEAR,DAYLIGHT,DRY,FOLLOWING TOO CLOSELY,2.0,37.6,5.0,5.0
04654f6f60d54d49d9f4cf7cef301836b7078953cbaac4c4f24c57d97b94ee986a1dd92cd693ee38dcbd0c7cf4e941b4e9e8a4ef244c66702dce34b3f235d5d3,CLEAR,DAYLIGHT,DRY,IMPROPER BACKING,2.0,63.333333333333336,3.0,3.0
04655c2d47af1b7973964a3c0b19d9aeefb84111e4096bd619edaf54cd4bf28ec1804f640ecf26014ca4800beef94dedc33d056b21adc8f2162d17da8c7abf94,CLOUDY/OVERCAST,DAYLIGHT,DRY,IMPROPER TURNING/NO SIGNAL,2.0,41.0,2.0,2.0
04657726c5bb6727fbaedddef6c28d2697f66c82eb71c9892405ff07206f659109d05c03655c04f575ae15d8c5f497dcba13d1e60d293aaf20b927cd62c46d8b,CLEAR,DAYLIGHT,DRY,DISTRACTION - FROM OUTSIDE VEHICLE,2.0,32.0,3.0,3.0
04657bb61c88987e6a4d42d4e9e60b27426c43e45936738872e1fddb5bce4486d088aaf1c61424a1a2d1fd64ea9455d8366ee3bc418e854b904e548cc6e2ca57,CLEAR,DAYLIGHT,DRY,IMPROPER TURNING/NO SIGNAL,2.0,37.0,3.0,3.0
046589f2cf9607e59d90a6227241baab5e48d3993280a8f0dd1575a68bbab23562c6ff50c67d5f45b4433dcac8e2486d7df0c7a9bc5092cf748cd633c75facac,CLEAR,DAYLIGHT,DRY,FOLLOWING TOO CLOSELY,2.0,51.0,2.0,2.0
0465a66166f7f7bbe97585eda2f165e8b8fb53b093d9df7788a5bc38a83e4d2b565bc519d504ef0aeb60dcfef88bd820bbb6017bf4ee4e74b2ef8284c95a6e17,CLEAR,DAYLIGHT,DRY,DISTRACTION - FROM INSIDE VEHICLE,2.0,16.0,1.0,1.0
0465aaa7443b426b05b500b6f3f46d2e2ae2205c8bc6eb6825326d4812fef6f79e33707aea94b432bd49b08f8ea93d7224d2e438911680295935c6551053f717,SNOW,DAYLIGHT,SNOW OR SLUSH,IMPROPER LANE USAGE,2.0,59.5,3.0,3.0
0465e3f27ab1cd02af9571aade028d764cab9d94a63e8d06cca65bdb3f7034ecf93348084696477d5b312e2c5136094b1ae95665b1cfe0f52f85dfd6eb40c33c,CLEAR,DAYLIGHT,DRY,FAILING TO YIELD RIGHT-OF-WAY,2.0,26.0,4.0,4.0
04660b5fc5ccdedd6ac5bc31d94ec292acc0c3af9cd54fc706b742a01a96789505ee823fd06c94a40529581b5fbd8794fc0bcda7539a6af828a47f372976a737,CLEAR,DAYLIGHT,DRY,FAILING TO YIELD RIGHT-OF-WAY,2.0,60.0,3.0,3.0
0466388a9a45174be3e7ea6288751f326d1a60d809c775eddc45f3e597f9e65e3e2a914d1391da1f131df5e324e5fb2de3c6ae924af51502a9042967d24d27df,CLEAR,"DARKNESS, LIGHTED ROAD",WET,FAILING TO REDUCE SPEED TO AVOID CRASH,2.0,42.0,2.0,2.0
046653c9e9f3ee997deab912ce8003c9d4dfee1e2420e43687a2dc714fcef5c5a8a5eb647694a69bfcaebbc35ca08337b9fda6676e9d2a32535dd69090b94d1d,CLEAR,"DARKNESS, LIGHTED ROAD",DRY,DRIVING ON WRONG SIDE/WRONG WAY,4.0,37.5,1.0,1.0
046660831a816ae87fb8b13f5b5acb8fe750dd763c9bb47001ec07185b084b58373700ea9f764e24ce5abd1f8ffa01d33ec2a7499add161c223a8136aa68d913,CLEAR,"DARKNESS, LIGHTED ROAD",DRY,DISREGARDING TRAFFIC SIGNALS,2.0,26.0,2.0,2.0
04669ad2cb946f162fed66fc6f2330e0c985f72c7b0b5c975e3c9c373c9fd285fb07af2604b41c0b76fdd6e6dc3fe0269d9cd8bfab0712d85f07e6afaa79a31a,CLEAR,"DARKNESS, LIGHTED ROAD",DRY,FOLLOWING TOO CLOSELY,2.0,39.5,2.0,2.0
0466aedcbc6075386000da2bb6e1258161f3dd22023bcc24d76115410e40fcfd3a96a8ede6a3ddf57807d4f8bd504e5434ec06637200c70a872c88c88113fc46,CLEAR,DAYLIGHT,DRY,FAILING TO YIELD RIGHT-OF-WAY,2.0,37.0,2.0,2.0
0466be08ef73615bac920c81042c81067f8d1b9a29cad1335d2f8c3f632684ad40549765f8791a49dc7cb6da82dca1de203dd69814ca644b90383cfa9fc68010,SNOW,"DARKNESS, LIGHTED ROAD",WET,DRIVING SKILLS/KNOWLEDGE/EXPERIENCE,2.0,31.333333333333332,3.0,3.0
0466c3253fb0251ce88e6f623e59b1b597165d080d10455d53276af45c119c9faba149cc3bc99b475c50fb025537057625d85ae91d3126cb0f8a7630f22af49a,CLEAR,DAYLIGHT,DRY,FAILING TO YIELD RIGHT-OF-WAY,2.0,72.33333333333333,3.0,3.0
0466e023af7e4866529f34f20d4cd964395229f24e715696fd1093259a368fca83e477bb6e328f915f6d2496347d5b9bf9e19a84308d0a543b1fbf95485936ca,CLEAR,DAYLIGHT,DRY,DRIVING SKILLS/KNOWLEDGE/EXPERIENCE,2.0,70.0,1.0,1.0
04670d21eb96cf5620346e5068b097564733d3b7ccfe9ed843aca53880384ab85531baf57aea0b7b34407a6f1fbf198be0d15eca2f7c5aaa4e3a0a182ece228f,CLOUDY/OVERCAST,DAYLIGHT,WET,FOLLOWING TOO CLOSELY,2.0,55.0,2.0,2.0
0467682320292589ca72448072e9742dc0ee14b20db351a4b4c303134dcac0f19a2e45ea0a735aff1999a072536ba835208cd062a4c2f1839e44bce36bc6b2cd,CLEAR,DAYLIGHT,DRY,IMPROPER TURNING/NO SIGNAL,2.0,32.5,2.0,2.0
046771501c306aa2a312364e451d2da41d2b1e455ebc9d13bc57f9e3fc697cd931b494b57e1b7b58456f3b5b383a2b7cbeca5b580a109e40673dbe72e47e5647,CLEAR,DAYLIGHT,DRY,FAILING TO YIELD RIGHT-OF-WAY,2.0,36.0,1.0,1.0
0467d2eb9e7cdf00b68bcb738b8b68cbd8108fd37904294e6b41a83236868c42894e6a0756207823ac56f3a0ffa93b59196c88c3c59e248283ee4e3e86561fed,CLEAR,DAYLIGHT,DRY,FOLLOWING TOO CLOSELY,2.0,34.5,3.0,3.0
04680aee5cdabbb8b0e3cf679faa700ada9352f713f909ebeea6699192baef18910ce6c8a38a7ce601b9f9fe7621ddb36c42f80ac285d86cf92f71fc04a3cf43,CLOUDY/OVERCAST,DAYLIGHT,DRY,FAILING TO YIELD RIGHT-OF-WAY,2.0,20.0,2.0,2.0
04681303478d71eefcc77237d92ce3f430e3db462d4d5a268389631bdc7caf68a3ed1c7736f3cb2c1e8258a7a7ee32e2c561008e83957cfffae840e447444865,CLEAR,"DARKNESS, LIGHTED ROAD",DRY,EQUIPMENT - VEHICLE CONDITION,2.0,20.666666666666668,6.0,6.0
04687c7a41924254fad0df27d898bcabaacdf2666d7fc2665381d355a5a7f5b79f8d2d8a39e17a669e988664f20b42ae271240e4768bee27c44f5fbb3876e4ac,CLEAR,"DARKNESS, LIGHTED ROAD",DRY,IMPROPER OVERTAKING/PASSING,2.0,30.0,1.0,1.0
04687d8573e998465b9a3f8194f4b98dacaba43efa947573c242b6cb57d10776da3d004c06f43fc8895d6b1cd015e43c204677cd3b20726fef047fe5d948fc1a,CLEAR,DAYLIGHT,DRY,IMPROPER BACKING,2.0,40.0,3.0,3.0
046882b5b3f43fba287a5c2aa8762067f3177fd3935dd0b4326fb750773d65da3d77f7252da4045ef219ea9edbb61ab69f8082cc1bb93b3f80d6bec7eeb6860d,CLEAR,"DARKNESS, LIGHTED ROAD",ICE,WEATHER,1.0,32.0,1.0,1.0
0468e7ab7b9c43e63eea8d696d52d7304c58f2dee928452f7fcdc32b4e0c5ef65abb3c562e66bba3bf111eb248adacbec65a2266845a4df2dbda3799e8fddb8e,CLEAR,DAYLIGHT,DRY,FOLLOWING TOO CLOSELY,2.0,31.666666666666668,3.0,3.0
0468e86572a8a37224ed9963825e50de7ae2a880e410375934b467b9fe4b5361338e6476a37c49e3171db1393270fdccb0adb2d808ca7adedb89bb28423f6f25,CLEAR,"DARKNESS, LIGHTED ROAD",DRY,IMPROPER OVERTAKING/PASSING,2.0,40.5,2.0,2.0
0468f5a8c0a738595b3cc1cbceff0e137eea156a0ea00355f29366fa251b22743ae7940c95b977abc91be77312d743cc42bc2d8ac78465331244d0dad8488efe,CLEAR,"DARKNESS, LIGHTED ROAD",DRY,FAILING TO YIELD RIGHT-OF-WAY,2.0,42.5,2.0,2.0
0469079a7a5762b1504d8acf4329b2521a162f8c6e50dd2b7cd320663822b5c565773f6e724139c3db852bc6689ca0520807c8d6acb1248e4df5c2377f543d88,CLEAR,DAYLIGHT,DRY,FAILING TO YIELD RIGHT-OF-WAY,2.0,49.5,2.0,2.0
0469538983b4a44fa0bdfd96a0563490059ff4e348713ac096682293841b0b2e06b39f4303418e038ecb005936688814bd743cdc59a6b0ff67c1f42071603459,CLEAR,DARKNESS,DRY,IMPROPER OVERTAKING/PASSING,2.0,26.0,4.0,4.0
046955f2d9f8e2f6657285568654a2306d3490393bee3566d1a2ecebb8779eace0ebbbf2dd2f24fc2892f724e6d15ff99285af2879621dec937de45a4c2696ee,CLEAR,DAYLIGHT,DRY,FOLLOWING TOO CLOSELY,2.0,30.5,3.0,3.0
0469770e0ca8b1789d2b646bafdb2911b08ff439ae59204daa8521581b64c237b33db909dba83f56f4ffbca4238659ffc7729fdf689f3890233a2319d971952a,CLEAR,DAWN,WET,FAILING TO REDUCE SPEED TO AVOID CRASH,2.0,52.5,2.0,2.0
0469a11b14ed6bc24b908bcc3e21236c853b51a95e2b952de1ab65dc8f53e78810110bbad9a9471a7d0efa90f6e6c6389d3d94fc4016ec544ab21f21d8c6e2a8,CLEAR,DAYLIGHT,DRY,IMPROPER TURNING/NO SIGNAL,2.0,11.5,2.0,2.0
0469ac0784438ff41539b0f4bf28116f6ca936554d9f405efd84c384c23b65660b0e3e013416d84b84439e444265e62c4194a4c452238b0c1c3a5741c530ef63,CLEAR,DAYLIGHT,DRY,IMPROPER LANE USAGE,1.0,20.0,1.0,1.0
0469af6d9126028291299f9d06fa38164f00b9fd3424f3ce7defbed481f9bc666ae796b531fc91045135a703793fdb78165d3b7c9a1f41e0c63e0468295a7fee,CLEAR,DAYLIGHT,DRY,IMPROPER LANE USAGE,2.0,27.0,2.0,2.0
0469bc896d1425dbeaaf00ab40a63f9f03f30aad4ac279b61f9fed13a0b82fd21f2b077030d862ca9cafd4a4b0d967780c109287799dcf86710656e18038ccbe,CLEAR,DAYLIGHT,DRY,FAILING TO YIELD RIGHT-OF-WAY,2.0,39.0,2.0,2.0
0469df5f50eabec9fec6d4b8f693cdd2c2a1cbcd1f8660de9da854a94becdb31d424e297d2b705cc4228c6b35300bfcc3062acdae831c10f2e24767da1856bee,CLEAR,DAYLIGHT,DRY,FAILING TO YIELD RIGHT-OF-WAY,3.0,35.666666666666664,3.0,3.0
0469eec098445b13b56f379a01048e9fc8f8409f09cf89837a229e427602c1dfa13de8a0d51947e1fda8b864fd7977bb798b0e792bafd85ddbc339743a2a12d5,CLEAR,DAYLIGHT,DRY,IMPROPER TURNING/NO SIGNAL,2.0,63.0,2.0,2.0
0469ef1cf6fba8d02320c77f0add2cae4d998ea20e78e64340d91c07729136c3750d9ab4b0ea1beb8ce2bc3529a638488d01dd9e480a65751aeee6b505f268b7,CLEAR,DAYLIGHT,DRY,DISREGARDING TRAFFIC SIGNALS,2.0,24.5,2.0,2.0
046a0b5de6fa75b1bbfcfcc58faa113d185423300daddee4e10fd95bf93a06b02700634937d5c1948990ad2d082e14f91a289c8e19b0ae4a38e2174265a5869d,CLEAR,DAYLIGHT,DRY,FOLLOWING TOO CLOSELY,2.0,29.5,2.0,2.0
046a2c7e6328c5aa0448cf1377656d1a4130f6fae1d02b69e415ba9f2ae234f349826e5834b15683dbac9b219b989c869e477cdc1cbfd8c0c5ad762da469177d,CLEAR,DAYLIGHT,DRY,FAILING TO REDUCE SPEED TO AVOID CRASH,3.0,56.5,2.0,2.0
046a2cfddbbbd023371b8267157add6fc7c59cac45e11817ee8bc98db78a6e2c527f7eda38f5772c6c82ee9467777560b77b6cefccd1f3511f2754bc6f3cb57f,RAIN,DARKNESS,WET,"OPERATING VEHICLE IN ERRATIC, RECKLESS, CARELESS, NEGLIGENT OR AGGRESSIVE MANNER",5.0,22.0,2.0,2.0
046a34ebdb93bc48f8328e8f81a5e5540f8c8ed67ee72470937a30eda74709aff3b3c0f4c1d22a5cd705aadd199c8d6d47e1dbb1c98463a66d339d20b3606eb0,CLEAR,DAYLIGHT,DRY,IMPROPER LANE USAGE,2.0,58.0,2.0,2.0
046a9db22854abe675edcf371f40b6086d29f1a678c82d88179a503fefa9b408040d5ddaf63b7356b3469d7292ae65b46e0a66be4f2258277dc38088ad230ac4,CLEAR,DAYLIGHT,DRY,IMPROPER LANE USAGE,1.0,53.0,2.0,2.0
046aa0f93645336e70c25f2c024d0ab1a00e4bc5422052d2f8a355685f18dc1b59067caf176a22cc99fd6749a46551e3a07df47a79b1c70764a95d96ef5e7590,SNOW,"DARKNESS, LIGHTED ROAD",WET,IMPROPER LANE USAGE,2.0,26.5,3.0,3.0
046aacbe6f666d83dbae3b2f07b9e8ff140208283a3a0cb821ece225d1dcce485911423564c36003c86505a8c3b9f434a7e670f859676b76a7773c65d6fc8274,CLEAR,"DARKNESS, LIGHTED ROAD",DRY,FOLLOWING TOO CLOSELY,2.0,45.0,2.0,2.0
046ab223177cde536c6764fec98c71e6d4df40bfbb09cceaf3ddb0f993c1a4e75e2b8bdb6818fea30e47fae70a48e8b600f2db4904e6e6704ab32b2a88261d43,CLEAR,DAYLIGHT,DRY,FOLLOWING TOO CLOSELY,2.0,59.5,3.0,3.0
046aba9c57fab1f9f0c16a8e3b1ab52ef32e396edf586600746a197e26a15c4a18240fecad7102e5264eeacf51ac9ba03dc58c66b9585939b004ae4c7c5fc654,CLEAR,DAYLIGHT,DRY,FOLLOWING TOO CLOSELY,2.0,38.0,1.0,1.0
046b1fd53a92beba9b0960ce3aa737b07fe5fcec53c3415e758df162b315dbc5040d349071dd4bc996f7a6155c68f9e9a10eff086ec1631e1baf01a23971950b,CLEAR,DAYLIGHT,DRY,IMPROPER BACKING,2.0,17.0,4.0,4.0
046b20e08719925fc086869092517db6aa351886ebc107532d394560d3bc0faf72b3ef0cf4db992d3a5f9a3a239d8b5e7e20574d89fa6a91ecd7b6ec237cb294,OTHER,DAYLIGHT,DRY,DRIVING SKILLS/KNOWLEDGE/EXPERIENCE,2.0,21.0,2.0,2.0
046b512f38252c072f59de6803796a7592d2e3e9317b737b4259c922dea26971b1839a87eeca706546a2011797cf54445f5a74fe5db0ad34efd4e23bb844e423,CLEAR,DAYLIGHT,WET,IMPROPER BACKING,2.0,47.0,1.0,1.0
046b5e7455016837266d82b1250784f31717c861c5e5f0cd136f868074e00cf190e57a2d0fd6fb3a4a60aafc8cc210353e393bb6ec2d5527e3858141e0d5fcc0,CLEAR,DAYLIGHT,DRY,IMPROPER OVERTAKING/PASSING,2.0,26.0,3.0,3.0
046b7160b0bf97b1f55c86d4011b6dac6f1eb147e32368538c36d26c02b0cb4aab3d02f3b1cef734ed4c05d5a94ae855abc037029abf1a464560b4de1188a76a,CLEAR,DAYLIGHT,DRY,DISREGARDING TRAFFIC SIGNALS,2.0,24.0,4.0,4.0
046b92387b78b3764c1775876b1bfc06c27e2e45a0266ee8b6d00dd35cc1c62c0dec3b9eadf75e93a1f67a25981117d54b1fa09d7344997b438e08c217c79070,CLEAR,DAYLIGHT,DRY,DISREGARDING STOP SIGN,2.0,38.0,2.0,2.0
046b9eaeb01b423e20d409e2d6d344a3dddbd29a5e700f9267773671b6a3a865d124610375b5abe1f4a3e05b0e1ce4b076db7bd8be432bfd62600740350eba0e,CLEAR,DAYLIGHT,DRY,DISREGARDING TRAFFIC SIGNALS,2.0,45.0,2.0,2.0
046bc29327e6c163b06085a4665e36843e6493ad2ac504a27a558b5827fd3bbff14e04741d5cbd8db7f932d0b7ca024368225404aebf0c02ab1aa260ff63075b,CLEAR,DAYLIGHT,DRY,FOLLOWING TOO CLOSELY,2.0,80.0,2.0,2.0
046be3e09edb87ae223f0801a932728103d4fd745b64ec0a17855d0f95ea74fa83547a59923d92f59423b38f3cb5fbfa14c34cee2574840001ef6788d131c47c,CLEAR,DUSK,DRY,FAILING TO REDUCE SPEED TO AVOID CRASH,2.0,23.5,2.0,2.0
046c0f96fdf5f7384e026821bb23fdd56d610dce11247b4cf7072f4e0308cdf5865ee8f31d71792ef005d864c064aae933213ef5e4e87a9bb2247ffe0f56f245,CLEAR,"DARKNESS, LIGHTED ROAD",WET,EXCEEDING SAFE SPEED FOR CONDITIONS,2.0,60.0,2.0,2.0
046c13d35eea09b0788d24fba662c2f6d504563f87eea2d984fdf1c9c26668c97ad98bb498020f387271c8db852ecd6e02b6dc00a41b420bc5443a6805e68eda,CLEAR,DAYLIGHT,DRY,FAILING TO YIELD RIGHT-OF-WAY,2.0,71.0,2.0,2.0
046c19a8a8a8604d0d47c9ef0cc01d804f0d4b83b1a658248c7c39934f2862fc0f60174792d2c3cf51f42a5ab04735d64c196e84070e0ac8b2f02494534fd392,CLEAR,"DARKNESS, LIGHTED ROAD",DRY,FAILING TO YIELD RIGHT-OF-WAY,1.0,41.0,2.0,2.0
046c1ec96f0aab933109cd35a4fb6e5b850cc63bbf7ec4bd917e63271aa4df3c9eb0076c13ab4fec7100e7979d987c83c06c9cae0bf72e57e19b6f38769dff49,CLEAR,DAYLIGHT,UNKNOWN,FAILING TO YIELD RIGHT-OF-WAY,2.0,36.666666666666664,3.0,3.0
046c61c2a892087b99e316aa69a63bc0d06c2b98d23e0ef8a02552820e122f1d93780bdbaa98f7fa9092777eca48cde58cad4ae0049a08a99d306c6a4a6a50d1,CLEAR,"DARKNESS, LIGHTED ROAD",DRY,FAILING TO REDUCE SPEED TO AVOID CRASH,1.0,39.0,2.0,2.0
046c743f4371e3767f60e660ee4b449986d40f4f362246889ef29dacef55b0819fe4c962646c9211831939a08c06ab341630092de0134bf76a228ca3e875db6f,RAIN,"DARKNESS, LIGHTED ROAD",WET,FAILING TO YIELD RIGHT-OF-WAY,2.0,42.0,2.0,2.0
046c807b95ac05869c670de8392d8650cfcb7f35f5c7c15440f3caaa9dbe3bf47835ed53fbac2c1cec249be9c0eb2d81e55bde4904435c7de666cbbb5803b140,CLEAR,DAYLIGHT,DRY,IMPROPER OVERTAKING/PASSING,2.0,23.0,2.0,2.0
046c918cda83ba6d2a2060f73f18b693269f9678dee74c3f7ee5bafa6c9a09dd94a82578db11e4e08a5e97e63388c0ef60b7943c74fb40dd9a459aaf7f3fa61b,CLEAR,DAYLIGHT,DRY,FAILING TO YIELD RIGHT-OF-WAY,2.0,34.0,2.0,2.0
046c934695535942caf439884db930fcc1319bc91efed8d404f5d8cbcb9fd7dcae6ac6da46b6e708438a040f6181a62c81ec31a8bcd77b64b9782c02d77690e5,CLEAR,"DARKNESS, LIGHTED ROAD",DRY,FAILING TO YIELD RIGHT-OF-WAY,2.0,26.0,2.0,2.0
046ca43a9ec046a7c0c2c8e97e3269c410a3250936a0c06ca5fa91143101e5890d4528b98eb6321c3bc0c8c11fe5bf8d06bf9dded2bec839b721fc495fb82646,CLEAR,DAYLIGHT,DRY,FOLLOWING TOO CLOSELY,2.0,60.0,1.0,1.0
046ca5b093615c913d6e10b933fc09cf54fcd796db7b35ccf4771bdb36e9977e2d285ce9f856adedb2156ef463478e6933439cf7ea296ab897129427f7a01b87,CLEAR,"DARKNESS, LIGHTED ROAD",DRY,DISTRACTION - FROM INSIDE VEHICLE,3.0,22.666666666666668,4.0,4.0
046caf5227731733015779e34417b7dcb7aa5b2d72e92450d21d71966bff91ffcb97bfa40e815363be53f135ecd86fa6440f69c56c4039ae56f50366c27a278d,CLEAR,"DARKNESS, LIGHTED ROAD",DRY,FAILING TO REDUCE SPEED TO AVOID CRASH,2.0,30.0,2.0,2.0
046cb4f5539f7acc7f5690cdc22c33d6211e40a090e7a4f01a4bb95dfb0bf4497450c9473f210a5ec041e08ad9f949e478f49842fc3f4667b737e786469cc3d4,CLEAR,"DARKNESS, LIGHTED ROAD",DRY,UNDER THE INFLUENCE OF ALCOHOL/DRUGS (USE WHEN ARREST IS EFFECTED),1.0,45.0,1.0,1.0
046cc4a6749c6c1c5b8627f813b598926e984852e06dc70c1036e90ca56ecc09b46c6fede2435d561b10eda3ee697dc69702ab090918eb8f6a4aaee656300c70,CLEAR,DAYLIGHT,UNKNOWN,UNDER THE INFLUENCE OF ALCOHOL/DRUGS (USE WHEN ARREST IS EFFECTED),4.0,25.625,8.0,8.0
046cd0e059bed39b53f34d3c76b66cb0f9dc2a90b1d66a8abe7c83d3d85fb0eb313f2655a0760c5e4ea123664abe5882d1cdc767ecb2192c8b2959c2efffae23,CLEAR,DAYLIGHT,DRY,FOLLOWING TOO CLOSELY,2.0,39.0,2.0,2.0
046cda535aabb74eabc2e143eb55cdfd118a4e41f3653a95013b69e33a373c49046143f4a8463a55fc3a73c24456bc10def77b22994c31ac7d70f0d5fd8f8072,CLEAR,DARKNESS,DRY,FAILING TO YIELD RIGHT-OF-WAY,2.0,29.0,2.0,2.0
046cdf55bd3ec3559fc7f31fc3a11df16fd57e78120d42815ec7470f75c5359c6cacf7f2929cb183a47c31ded74c2ae35ed38ccd616e35cfaffb86a0b59b2557,CLEAR,DUSK,DRY,FAILING TO YIELD RIGHT-OF-WAY,2.0,57.0,2.0,2.0
046d0e5a2bec636e19c5559777752ac7882105b6afd72f8f80fe7cd05d150e2fcc555b5a5c8116ec8ab6b0f2d01d3793f1767eacb141ff8cc217f79a4f6cb10c,CLEAR,DAYLIGHT,DRY,IMPROPER LANE USAGE,2.0,45.5,2.0,2.0
046d3f0b60d0bde2e456b82d0dc68802ebf29e10265f12797f4672ddc61617cfa2420db64df74847107f025821553a3a13e0525fcb154ee34d8a081fef9d9783,CLEAR,"DARKNESS, LIGHTED ROAD",UNKNOWN,FAILING TO YIELD RIGHT-OF-WAY,2.0,33.333333333333336,3.0,3.0
046d7327f29fe5f975b920d2174ae78622cf4afd2e72c2bf27f6039f2116203e6cce24ab7eb413eb61238830174809ef43a4434514eebf2e935bd0e5127ff049,CLOUDY/OVERCAST,DAYLIGHT,DRY,DRIVING SKILLS/KNOWLEDGE/EXPERIENCE,2.0,35.0,2.0,2.0
046dccc5da96f52c63ba82aeaa0d853c4c68b8109cd1d88ea3286ca7a5cf1033a3e002b7f8180718b14b0622f583ad1bcaec8aacac1f3ff27fea0e03d2eeb5fa,RAIN,DAYLIGHT,WET,IMPROPER LANE USAGE,3.0,29.6,5.0,5.0
046dd95cd0efa73924af46237c4f7004fc0e64844e831ced2234c255842b2f9b0d8d84b444e0bd63cb39bb1fb96d843a76ce92d67057f011fea74157987f9685,CLEAR,"DARKNESS, LIGHTED ROAD",DRY,FAILING TO REDUCE SPEED TO AVOID CRASH,3.0,36.0,3.0,3.0
046e44d6a38f799b7ae5da6ea5ddbace97f69fd692730476c3a2854f5e2a7451573f837a71293b03a94b86aab9451b80cad9e58365f60b0329d0069c8226e34b,RAIN,DAYLIGHT,WET,IMPROPER OVERTAKING/PASSING,2.0,49.5,2.0,2.0
046e68101de660cd059b3583df709c608d94add45aea58ec47ac2b3e32df7c5aaa0bd2838e54f8c82a6285d449093d2f700f3453d6bf300f4f5435a5acce7db8,CLEAR,DAYLIGHT,UNKNOWN,FAILING TO YIELD RIGHT-OF-WAY,2.0,21.0,2.0,2.0
046e877ff1fc0f2ae331221d7413c1ad165ef5038b2ac1e6d6b1d7b293165783d8eea9bb5e3d2187a9d18cdf34b2559cbeebd502104b9271a789c2ebea4303be,CLEAR,DAYLIGHT,DRY,IMPROPER BACKING,2.0,26.333333333333332,3.0,3.0