crash_record_id,weather_condition,lighting_condition,roadway_surface_cond,prim_contributory_cause,total_vehicles,avg_driver_age,total_people,total_injured
046e91152a81be499b307fb66e02ae9a7b97a45fec1577c683b2f07a08b371e5d5993f881292822465e8b15cd6f9d7c5e33de9dd6b87289059849abc6f845f34,CLEAR,DUSK,DRY,FAILING TO REDUCE SPEED TO AVOID CRASH,2.0,37.5,1.0,1.0
046ea99d4dfb78032b79728fceaae971906c740c453df3e3e11f1851c95783a0138862e3434abc4af8e105114684d4f2dd3a7ef70bd510b4c8cf45b9958a12b9,CLEAR,DAYLIGHT,DRY,FAILING TO YIELD RIGHT-OF-WAY,1.0,55.5,2.0,2.0
046eaa95b0d41b1cd7c9ed4c77059b028bb508dba8d26502d9a599ff7f349afe74bcff367a252175e6ccab570a3b1e48c5c86d6cb6781aeba84e699b2bc3916d,CLEAR,DAWN,DRY,DRIVING SKILLS/KNOWLEDGE/EXPERIENCE,1.0,55.5,2.0,2.0
046eabf16458d20d7057876d4dbf8f4fac401b0ac1068d44c6aea8c012f015bb40603c00b637e5fdcbef5397c5d6a0f6b9e40194325de44d7df4f72bd2a373b6,CLEAR,DAYLIGHT,DRY,IMPROPER OVERTAKING/PASSING,2.0,34.5,2.0,2.0
046edbdc8d4c38c03f33550bf64cfae90516def8c603000ac374964f6c07dd5648d9d23b6d58c192530f80fc6dfe0d3c970e827a9627ac509d8b7fe34147d8e2,CLEAR,DAYLIGHT,DRY,IMPROPER BACKING,2.0,74.0,2.0,2.0
046ee3bd35d207e14d31efacad1a0094dbb0341a7f91e049616c3c9c14468bacf2f5b87fc4f4dd8d9737c7975b7ed2ccae26ce21f52ec82ef551b00c9c406308,CLEAR,DAYLIGHT,DRY,FAILING TO YIELD RIGHT-OF-WAY,2.0,29.0,2.0,2.0
046f1a65afdd9f699d1bd4d38bd3b2e9ad0214e86c3dc88969e9ed92ba902e156f911660aaff446eab25d916916bac2e55443aac585673861d780fe6479d1586,CLEAR,"DARKNESS, LIGHTED ROAD",DRY,DISREGARDING TRAFFIC SIGNALS,2.0,47.75,5.0,5.0
046f3958199c25b340ef01f00c7a9fab75c33dfb2011ecbb851a6395f4e79ccdadc578aef423fd951acb85502ff739f1c9384193445b861185eedc77f876b8c3,RAIN,DAYLIGHT,WET,FAILING TO YIELD RIGHT-OF-WAY,2.0,18.0,2.0,2.0
046f4f5df24f409ffaf15d302f9310d065887f15e87c364b713e70ca7f9b8daa9cafd94eaa810e673363ed902bf6789b79de9d8a6154c221e32d2d7a3b8f3034,CLEAR,DAYLIGHT,DRY,DRIVING ON WRONG SIDE/WRONG WAY,2.0,16.0,4.0,4.0
046f4f688964c8d78f07616d0129dd89d0fe71b51e6c0851bb0be857d5a545a634ed282342b851f49d393bbf16907a4f6ad8ad7e83a13bfda8795554ffa861a2,SNOW,DARKNESS,SNOW OR SLUSH,FOLLOWING TOO CLOSELY,2.0,44.0,2.0,2.0
046f63451fcfc4d050a18eb2af928cbdb4bd6b005f87dc9bf60239303ae57ab625a93282a0e7d71f625c24add4cb931643a2680d99e82277d214bfe394ba7b85,CLEAR,DAYLIGHT,DRY,FAILING TO YIELD RIGHT-OF-WAY,2.0,54.0,2.0,2.0
046f6fe7847b20391d5e8750215fd458bcbc77477f6c47455b0c49c5d07ef699ee89e7614941ab3c79446cd26e7df1c34dbb82bb62f30daef383f0bd376f150a,CLEAR,DAYLIGHT,DRY,FOLLOWING TOO CLOSELY,2.0,26.5,2.0,2.0
046fead13d1e743d6a50c67d88f9367cbf1d727bef30b8e89c2522f0be71ecbf06ea9bb38b044fd8d3b1984fa28348c18c0d526c0ddf6e9be9a774cf937307b6,CLEAR,DAYLIGHT,DRY,DRIVING SKILLS/KNOWLEDGE/EXPERIENCE,2.0,49.75,4.0,4.0
047001b50eafd0a70e0bad79159f27ddce338d082634eb4b83b6d404a225b6f9d2505a0b637f11411c7da1819ac8ba96b3f9e6ab05302459189cf1cd569382e2,CLEAR,DAYLIGHT,DRY,FAILING TO YIELD RIGHT-OF-WAY,2.0,34.5,2.0,2.0
04700ab72c7d285cf2c922adccd51325d33a8343cb14edabe7b930bc9e15846d4ca4dbc719a5bc12e04ddaf6e8b8e5562e0bdb23590b34bef312a611a4a4437b,CLEAR,DAYLIGHT,DRY,FAILING TO REDUCE SPEED TO AVOID CRASH,2.0,49.0,3.0,3.0
04703a00355c5b18533e4158233d8853ea0a3034c8fffdf4245d45a92191e7bed2bd80232df86c671e9dd8a4ad267ee1674c240883d850ba084b963b2eb75fd4,RAIN,"DARKNESS, LIGHTED ROAD",WET,IMPROPER TURNING/NO SIGNAL,2.0,18.0,2.0,2.0
0470539ad1fb41b232cfcc26bffeb8f7163d57f7cf4af1699e3ac5a0df518e23f49dfe5da71a5838041abc12d587fc8221cf82b9d9e96f934234b0c05a3eae85,CLEAR,DAYLIGHT,DRY,IMPROPER OVERTAKING/PASSING,2.0,54.0,2.0,2.0
04707edcec658295fafe50252bbb63fa7b07b741317dd315cfc937f09e8e347c732a58fc15b72b0111d932dce835224de13280d9f60ffaddd3b3ff3dcaba9de4,CLEAR,DARKNESS,DRY,FAILING TO YIELD RIGHT-OF-WAY,2.0,38.5,2.0,2.0
04708d4db0060b4beabb1b23b112266866770b5364d1a9d1f051629b90a7c2210580592abad85c3162fbdf24fae56952b0268bc40cbf5fd95c2efba571d44c7a,CLEAR,DAYLIGHT,DRY,IMPROPER BACKING,2.0,47.5,2.0,2.0
04708fe0dcdf9c021a87ee4fc658092f2ab6b76b94caac0e74b83f9e8a092d464c9dd560b76192309aa0d5fc0d8650dc92f8ed89802c0445a5763c7816001358,CLOUDY/OVERCAST,DAYLIGHT,UNKNOWN,DRIVING SKILLS/KNOWLEDGE/EXPERIENCE,2.0,47.0,1.0,1.0
047090870b7b62eb106f81ab4feb4b589b1fcfeb56d80996088541a7886e8a6482cf4bb884c0b58e9275000532cf0ed69f0fc0ed141614e942b86e1b8f1030f6,CLEAR,"DARKNESS, LIGHTED ROAD",DRY,DISREGARDING TRAFFIC SIGNALS,2.0,32.0,2.0,2.0
0470934e7d00e8c2bc00d3b82b9246c7a0e9712091bc79ecf1f5a1ec908f84b056ca12a96dfa60e5314fcb8fa810e11d32404b6f01d2d476ba3aa1484c9e9257,CLEAR,DAYLIGHT,DRY,FAILING TO YIELD RIGHT-OF-WAY,2.0,40.0,3.0,3.0
0470c7bf575bd6bd8f08f6374288fd761b68fc653ef00d6612c14a8e2aed06354ebc0d8b875156d33a73217260f923bafcbe5bd8d1698498653d205d70f82297,CLEAR,DAYLIGHT,DRY,FOLLOWING TOO CLOSELY,3.0,47.333333333333336,3.0,3.0
0470d5ef304206d9d72bdb68f45011ba0e7d43b43c5d8bafab40967e64457cf393188df03cc581c094c8d9782da46a3c13e5307a4c6723934d69f582da5c999c,CLEAR,"DARKNESS, LIGHTED ROAD",DRY,FAILING TO YIELD RIGHT-OF-WAY,2.0,22.5,2.0,2.0
04710347843388f97763e4d98eb7232ad703159df27164e0648d9d033e26cd9d321a3915f794bb32599b4eb197c105b90f9c1f0ceeb1e90feba63db9f8566e09,RAIN,"DARKNESS, LIGHTED ROAD",WET,EXCEEDING SAFE SPEED FOR CONDITIONS,4.0,41.0,1.0,1.0
04713d3b18442371ddd24cc110586b8fd9d274f7ba5c1d7d6543a95f0747f4b3a863f3b76bcdc09374e671fa652c079ab654a8e682be767328acad8083e5cf24,CLEAR,"DARKNESS, LIGHTED ROAD",DRY,IMPROPER LANE USAGE,2.0,53.0,2.0,2.0
047152bf973ed8c5bfe1191d9c61cd86aac38f820b6aef79bfa3a2a2dfe15072a2aa84668682281c470eb32f56ff6914b9a9b4a21ab9005a0ba7ff86244bb141,OTHER,DAYLIGHT,WET,DRIVING SKILLS/KNOWLEDGE/EXPERIENCE,2.0,63.0,2.0,2.0
047160230ae9ca1e119ddca5019a58b9a76da81657c9754725b0a091755a2728c60f1b7553b40895f10cb68aa44a1687add7f53e7f016f67e4b4439b0e114968,CLEAR,DAYLIGHT,DRY,DISREGARDING STOP SIGN,2.0,15.333333333333334,6.0,6.0
04716502690d17e32815b04a038533b93e20290adf790faab48da2a84bd61765fc819df0f4f07a863297456b826fb70c38623936d2cc6880994a69035e9dac20,CLEAR,"DARKNESS, LIGHTED ROAD",UNKNOWN,IMPROPER TURNING/NO SIGNAL,2.0,32.5,4.0,4.0
0471911a64897c2dfe3ed1800095d1635a692d5948ab9599af483d284409e634c8d4a87a27dafd8f421cecc7b6d2b412e4f17048a74771b5c41a17bc19a28de5,CLEAR,DAYLIGHT,DRY,FAILING TO YIELD RIGHT-OF-WAY,1.0,18.0,2.0,2.0
047193cef502e2e18150833cd4ed598920297fdebfed58f96594bb11af66eba01c67da740a66cce5f29ed8c47ebb6df9288af414c5b9294b3b36f9ef9a715a70,CLEAR,DAYLIGHT,DRY,DISTRACTION - FROM INSIDE VEHICLE,2.0,32.0,1.0,1.0
0471ace6bb5ac6a1de21f83e83e97ce1ef8c3946bef070c5dd926c939beda40208b73c3d08fa31c71b59f40722e6abcc2fefc3552ec258b760268998d6b922c9,RAIN,"DARKNESS, LIGHTED ROAD",WET,EXCEEDING SAFE SPEED FOR CONDITIONS,1.0,25.0,5.0,5.0
0471dee4720bc33036cc5d66ef83d210ea990fb8aa01c2e54ea2cf6add5559bdcd9b8946b325fd23e0932a8639a85974365a3722d446188a4ff8465c8643978b,CLEAR,"DARKNESS, LIGHTED ROAD",DRY,FAILING TO REDUCE SPEED TO AVOID CRASH,2.0,22.0,1.0,1.0
04721f862eedc489b5d87dd62df8603d6a6b3e50e6675129caa7bbcaf72b50fdd9c84b1ac8b73684936db3af13980e16af2b458c156e7e474f88a7b6bf2fa02f,CLEAR,DAYLIGHT,DRY,FOLLOWING TOO CLOSELY,2.0,58.5,2.0,2.0
047224f0146a5e5fa399e673a766f931c592bd46f4f2f9a08fdadf735f0c1faaa58729f54b1d3813a8bd9892fff1841a0eb28579620b4e61692a6731682da40e,CLEAR,DAYLIGHT,UNKNOWN,FAILING TO YIELD RIGHT-OF-WAY,2.0,25.5,7.0,7.0
04724890f7b0f1b1fd26448cb0d824bf3b090ca976f3e2af0a5bc4e0b66bcdfcb3fc37ab5216ac8931b92c5b1b581fcb34b820a234496f17af4780818973f7d9,RAIN,DAYLIGHT,WET,IMPROPER OVERTAKING/PASSING,2.0,68.0,2.0,2.0
04725192d0fd97643da1c01fd8a53d25d8cc7ad2883ff56a608d353b0ac454e8944d87c2e461bb8e85b4e8a3314826f26c7ba885b840540bf0d08339d7bb45d2,CLEAR,DAYLIGHT,DRY,FOLLOWING TOO CLOSELY,2.0,32.5,2.0,2.0
0472783619f0c1f071b40866f60067092868645a81df1709c4a9ace76e63ec029622ab5bce9fdecff0d64b9c6de26ac7c0d0754fe32e224fa29fce4d0bcf6719,SNOW,DAYLIGHT,SNOW OR SLUSH,FAILING TO YIELD RIGHT-OF-WAY,2.0,23.0,2.0,2.0
0472a7a5310d4bf8fdd790b2401680d3d8bf14c970221ae1636f3d59758c85778f6a16a1c22670d6aae1842a174c6a240a39a9c8c5c8bcde3b591717e2389fe5,CLEAR,DAYLIGHT,DRY,RELATED TO BUS STOP,2.0,36.5,2.0,2.0
0472d16d812465db508cd02ac066dcffdad78249858411fdb8986663d2d5629fff5cf532ffd7715a1f33b147a43963bfb75ee5205854cc88070ba2d71c25f711,CLEAR,DAYLIGHT,WET,FOLLOWING TOO CLOSELY,2.0,39.5,2.0,2.0
04734dfb7c5d1f25b88502657f80123da8101549d0350ecf59ad5a0d330a120abb32f8c1228fce99e9c6ecf39a4bd53362b8cbaf2aa1c63867d52887d7545552,CLEAR,DAYLIGHT,DRY,FAILING TO REDUCE SPEED TO AVOID CRASH,2.0,35.0,2.0,2.0
0473d4c258d250bae5103be176b6bb2703c5d7eabd956422a70063f1d671d952617b699d4753ce27b74915b7efdad535dd0fe776c95ec9daaf39f431c177c0bd,CLOUDY/OVERCAST,"DARKNESS, LIGHTED ROAD",DRY,FAILING TO REDUCE SPEED TO AVOID CRASH,1.0,52.0,1.0,1.0
0473d5be61304ea34e02e138717f50157de6908c2e7671b257ac67b80bd5f5a13410f2c2c269fa3090670bbac8d98495bf3008ff8b4bf59bf1811ff52b42b317,CLEAR,DAYLIGHT,DRY,DISREGARDING TRAFFIC SIGNALS,2.0,19.666666666666668,3.0,3.0
0473d9310dcbfec37f62f7603e33aecad3126fc3260cc8822682581a59837ca2ab49a3f3a07d9cd9b30d593b2940a11b03e5262c76f1c01e7dcaba84cd8a53ee,CLEAR,DAYLIGHT,DRY,IMPROPER LANE USAGE,2.0,58.0,2.0,2.0
04741ef20e4e79be6afe0bec659c593b83a43423e792489272f06dd309436723ec218cd79445e23e77f5690f5ea8c02ff28345d1cac3dc8428b53104445afbf5,CLEAR,DARKNESS,DRY,FOLLOWING TOO CLOSELY,2.0,49.5,2.0,2.0
0474249e589abd360f9c1350016074ebd17a374bfee310ca414d69f3805d5f724ef678372dc6d75c52c9a225de7084786a4516f914f1b34d90099a83333735c7,RAIN,DAYLIGHT,WET,FAILING TO YIELD RIGHT-OF-WAY,2.0,23.6,5.0,5.0
04743a9ac76b651fac2c863708297931d52c4ca2482abcaa7c5ead7d2eef1027b7ada916ef91a46f2cce0283782e8dfb67afabd4cc62a57bb27d80f2c1053663,CLEAR,DAYLIGHT,DRY,FAILING TO YIELD RIGHT-OF-WAY,2.0,37.5,2.0,2.0
047450b3a6d513e789f92e4069f5caf663fb0f1c2072ab737a8871f00fcdd40fffb6c24e74579827a10a53df36f4b484bb34558842df80adc57d74461f232550,CLEAR,DAYLIGHT,DRY,IMPROPER TURNING/NO SIGNAL,2.0,40.5,3.0,3.0
0474845aa6c1e1bbaca3617bf84a7d6e12532f0e6306c9c2d0e50e4545cbf9c19b6c6a68769849f5093db7d94b4771e40575b6f8c153caede0feabac89943882,CLEAR,"DARKNESS, LIGHTED ROAD",DRY,FOLLOWING TOO CLOSELY,2.0,38.0,2.0,2.0
0474a8dfe651dd4d4a027063236d011a931bc2936551c657a601fdeefd792035ed6b1180320be2291bcbf2a2742f3b0e3648867210f6eaa862c88b1f1291c4f0,CLOUDY/OVERCAST,"DARKNESS, LIGHTED ROAD",WET,IMPROPER LANE USAGE,2.0,35.5,4.0,4.0
0474e12eca937465e7a48c2b9c40db8a3fdfb957316da5bff36d90458f858a008feb70b05ae398ce430e94268ade0fd28ca9eeca2be9b169de0c6cb82a8f6790,CLEAR,DAYLIGHT,DRY,FAILING TO REDUCE SPEED TO AVOID CRASH,2.0,15.2,6.0,6.0
04754515b56059e5538f6798dfb1078f158caf7f1fee64f58faf884bfd0eca0f507617e701d772ad1a9fa21127247d1756ddbebbb6bdb84f538a9c69cf60022e,CLEAR,DAYLIGHT,DRY,FOLLOWING TOO CLOSELY,2.0,51.0,2.0,2.0
04756cf98e85ba8ea020bc4d66a0ddca691553c8fa964c4d1a757411e98f4a086e6bfe6ef79617ab1a6a3ac280abdb019c8fdcc590740fcf0a279700899b97c0,CLOUDY/OVERCAST,DAYLIGHT,DRY,IMPROPER TURNING/NO SIGNAL,2.0,37.5,2.0,2.0
04757c1d06c306279f3f77c89f69929776ab26372713c7d8233ae20efe21062aa2c6b91d2b3ed31d88d4a428bfd713c97576f620d2827535e5cd30b035fe604c,CLEAR,DAYLIGHT,DRY,FAILING TO YIELD RIGHT-OF-WAY,2.0,47.0,1.0,1.0
04759f304fae201ea839e0a9298298737c57478135a085faba29115951b1fecea78626418fbcf3acace30cad7814feef56b9aed4ea192ac2f8cd7879a962d00d,CLEAR,DAYLIGHT,UNKNOWN,FOLLOWING TOO CLOSELY,2.0,27.0,2.0,2.0
0475c2fdb888a5b0777de7e8acc672a8d8380f90933b0ca929ac9ee9c7a010eadf0dc20832bd6df9d131df5cfa67f5e851fc13724914a747b7cb6f0c44a48fa7,CLEAR,DAYLIGHT,DRY,FOLLOWING TOO CLOSELY,2.0,79.0,2.0,2.0
0475ce0c3fa2b0d5c7594df70204724180e2912d423a19b1d17539e0f500cc4b0b4c080594f14823946ddcf27844ccaf0ab8e2df13fa70f5cef66a1ec91e25fd,CLEAR,DAYLIGHT,DRY,HAD BEEN DRINKING (USE WHEN ARREST IS NOT MADE),2.0,37.5,1.0,1.0
0476261dd4dc3e4eb5e3bc85032a25863d44c22c0ab341f34a5641dfa33968a8cbcab622fe4a4d1519b91a665a259d8bd462016a3c87eae13e152374b7e3d2b9,CLEAR,DAYLIGHT,DRY,IMPROPER LANE USAGE,2.0,40.0,2.0,2.0
04762a2b67cdb3a50a9ef077606696cfae98ee59ed0d55f924d2230d991c583c714dc75565a79ef17361ac62d899989e020455f93d59275c310d17564c58f6e2,CLEAR,DAYLIGHT,DRY,FAILING TO YIELD RIGHT-OF-WAY,2.0,32.5,2.0,2.0
04763742c0dc487dae46baf88d2010806278818b2da2b27bea76bac8034676174f80fc18688df666a3db596de7e9fe7df819e6ab3175232aea40626d0aa8dee1,CLEAR,DAYLIGHT,DRY,FOLLOWING TOO CLOSELY,2.0,36.0,2.0,2.0
04763b999b107b6adac65b35ffa8af6ac9509704b5c77612ab939a65627dd5d37d3ba36399b10d25e348d24bfff4b88ecff0d018dd05bfd946d715e84f2210f0,CLEAR,"DARKNESS, LIGHTED ROAD",DRY,FOLLOWING TOO CLOSELY,2.0,42.5,3.0,3.0
0476456ebbc509e77a0240aceae4726a705fda9f4caa6d462fd0f5811f2684d8ec7630f9c28e2723a47b273c221cc5f872ec242448ff83437d865ee12b8b391b,CLEAR,DAYLIGHT,DRY,IMPROPER BACKING,2.0,37.666666666666664,3.0,3.0
0476944b6c4b92fe4dc3e008b714e1e0f07fc952d6046188ed99f9791a45e11cd94f8f309e59ddabb590c2a7a70b213ce85ebc065d2513ab87d769f0a7ad70c6,CLEAR,DAYLIGHT,DRY,FOLLOWING TOO CLOSELY,2.0,37.0,2.0,2.0
0476b0b33c3ad6398216858e81221f4c8e52b318b2195493f38c3dfb5513f8d11307b47d365d0bdce4a6e2712fd132f6f6d562ae0646e19fd962ae448273a710,CLEAR,DAYLIGHT,DRY,"VISION OBSCURED (SIGNS, TREE LIMBS, BUILDINGS, ETC.)",1.0,39.0,3.0,3.0
0476bac582c4eb4d133bdd0a5ac1d02cadc92954df1df0be3bc31d499d3a17b58bca7375b451828109f1cde9a8394d6201a11438d1cf9b3d8f91fb0960d1ea57,RAIN,DAYLIGHT,DRY,FAILING TO REDUCE SPEED TO AVOID CRASH,2.0,29.0,2.0,2.0
047706dc5a5b5d7e6672d5231b5a505aa0fcaba57c493187dc2b2f340d64daf4a2a8066a07bbbc87bcc915d0a64908ce253e805ca0e1324d2771331b3fb9b788,CLEAR,"DARKNESS, LIGHTED ROAD",DRY,FAILING TO YIELD RIGHT-OF-WAY,2.0,29.5,2.0,2.0
04773d3eeea73ce49393d81df172b90989d779fa35a88888900ece67f7cd25bade861690ce7818a3026bae206c6efe772511100fcc4f97161733d636851d7117,CLEAR,DAYLIGHT,DRY,FOLLOWING TOO CLOSELY,2.0,38.5,2.0,2.0
04773f22e8a35e4e75a2513fe9ff1ec682a70819c7c5e96df5cb60ad39825456d1409d38fa121b24714b52d1f937b805dfd9ce2b105a840d76fa8f94dfca5263,CLEAR,"DARKNESS, LIGHTED ROAD",DRY,IMPROPER TURNING/NO SIGNAL,2.0,35.0,2.0,2.0
0477c7172db7db9a0c1e5c7391f236093835f524f5dd91a5cf6ea4cc1b540d7c743b2ba089952b198da0340bbaf60f4387df19586822e544e761ee6f78fe4649,CLEAR,DAYLIGHT,DRY,FOLLOWING TOO CLOSELY,4.0,33.5,4.0,4.0
04782c3dc78ee906841c7a331968b43b4e96896bd5eba00fa948530dff5dcf6818860c374bd139875b4df75b06f679916938d68312ad66fdf9e6d2e7e3d97c1e,CLEAR,DAYLIGHT,DRY,FAILING TO YIELD RIGHT-OF-WAY,2.0,67.5,3.0,3.0
047844acca0e5e68e1f6fdabff7a5b1ff7f88e9e670f02c013162e3df3e6d8b6d856c777ba7b393117e53882d3ef0d61ba5028e6fe70e6bd500e6f6d05c25bcb,CLEAR,"DARKNESS, LIGHTED ROAD",DRY,FAILING TO REDUCE SPEED TO AVOID CRASH,3.0,46.5,2.0,2.0
0478783b467a98e9b08444d92fcbcd157b3d7b9303548c386ec2dd590f15b175749d75dbf69e80348069b00f0cbf11d989e611f12bd8a80cb9c7716619920e41,CLEAR,DAYLIGHT,UNKNOWN,IMPROPER LANE USAGE,2.0,36.0,2.0,2.0
0478c206ab7d64b0cae4bc7de9997d35f0b2f802775de8398b827bb5d938e5e0238c4784a54dab22c40651f23a44f85a31fe0c6689587700b7b6478ae135c9ef,SNOW,"DARKNESS, LIGHTED ROAD",WET,FAILING TO YIELD RIGHT-OF-WAY,2.0,43.0,2.0,2.0
0478ca77fb45528cf2c03fc4bde56cf70bcdc6f5591fafb4f8b486c0b99ada24cfa640075a847f5aa42f89236350640fac301e2714c88058e70d098440fac268,SNOW,DARKNESS,SNOW OR SLUSH,DRIVING SKILLS/KNOWLEDGE/EXPERIENCE,2.0,38.25,6.0,6.0
0478d4f2858962c475034b0eb234a629173304a085ab9a7ced6dcd04828a0b07057c86c8434622e9783291c3997ba232fbde6221e421eb4d7d150f572b8581b5,CLEAR,"DARKNESS, LIGHTED ROAD",DRY,FAILING TO YIELD RIGHT-OF-WAY,2.0,41.0,2.0,2.0
0478f5a3297ef715e1892b512733f1a343f5115b71382f047e9651de9d99ffa409b5a68d01aac4b0c48363132ed2dcbd5b6e0b5e94078f152d7eab4d72595576,CLOUDY/OVERCAST,DAYLIGHT,WET,FOLLOWING TOO CLOSELY,2.0,18.0,2.0,2.0
047920286a7ab58d8bb739fb01630a72f3d95adb6f07c241ef2e5ec004f774367e77407e7642e487c549372482313904cd622b108ade3df9c68bfcb36c30e6d1,CLEAR,DAYLIGHT,DRY,FOLLOWING TOO CLOSELY,2.0,15.0,5.0,5.0
047928f18e1c5aa855968355df97f46251cf3a085f35d87362a794197c83a81bfab8bfd9ad0fe90271f8aaa0aa1eae4969e51b800a12c9bb0ad7e8b5871378de,CLEAR,"DARKNESS, LIGHTED ROAD",UNKNOWN,FOLLOWING TOO CLOSELY,2.0,23.25,4.0,4.0
04793156e1da7459331a320b7248a0fb565c786e070304beb2731ce28e4662977bf68eaadbd43b20370129d849adeb9ce0b70976488de038ae47952647ee6ad1,CLEAR,DAYLIGHT,DRY,FOLLOWING TOO CLOSELY,2.0,38.0,2.0,2.0
04793962aeb09fc0837c8fd0085525256a405253f8730490f941c3b392057006c543f8c44168a03e9d4204a481c8a4fd3b537d078e77dcb3b27fde5249dcdf23,CLEAR,DAYLIGHT,DRY,IMPROPER BACKING,2.0,37.5,1.0,1.0
0479411f5eba62e526e89c43664e075300cbd8e566072e330b7228fa42a03d7801868d7c0c9628fcd1211e5d6379cf95b5c3321a3773898ca706d89293b70024,CLEAR,DAYLIGHT,DRY,FAILING TO YIELD RIGHT-OF-WAY,2.0,37.5,4.0,4.0
0479518c94625380c7ef9eb5bc488c87092c99895e5ff4bf768ab66323d2024abe27b783f7cb8619a8830c2d60fa2818d4d5705764e2b86896a4c541ad813464,CLEAR,DAYLIGHT,DRY,FAILING TO REDUCE SPEED TO AVOID CRASH,2.0,30.5,2.0,2.0
04795427123de031c37a39cdf3bb4d07324cb9f78dae50fe48b6cb8b9247d8e693d271b36dde3495af3c6ca56c2b24f6a7ca4ada9703cc8e7f5a2e4150dbfeaf,CLEAR,DAYLIGHT,DRY,FOLLOWING TOO CLOSELY,2.0,19.0,4.0,4.0
04796ce01c0c0759622b9ad1f5ab17011c09df8b3edc10f1843c0aeda44bb76e3c7bb8c5a73ed8ff180989a6bfe381de14a2fe0d21db880f685ab0e0e063677e,CLEAR,DAYLIGHT,DRY,FAILING TO YIELD RIGHT-OF-WAY,2.0,45.0,2.0,2.0
0479c04741b71e023619ff278c0cf7e6ca9475a819573fdafb19963f85d5c8b1c11608971dac119c3f7c3b8a4d3ceb3c5bb50b9bb3d24f0e5c8c3cc362e3686d,CLEAR,DAYLIGHT,WET,DISREGARDING TRAFFIC SIGNALS,2.0,45.5,2.0,2.0
0479c1669db2a53f7cde8406ee2085cabe33493a936a53876aba8df87a9215faf0752e63e2abe08016f56423422a28f36f6f3a5e04bd3a455b29e4f687746a24,CLEAR,DAYLIGHT,DRY,IMPROPER LANE USAGE,2.0,48.5,2.0,2.0
0479ddcb640404d5215550a20b109256712f7b88374843c342c2ef98bcc2cb3fa4afd50b74ae54a713e93b7aa38230b13f568535dd597ec7147ad39bf92225e5,CLEAR,"DARKNESS, LIGHTED ROAD",DRY,DRIVING ON WRONG SIDE/WRONG WAY,2.0,21.0,3.0,3.0
0479e94e3ac02f5a4e20a0ba74af75c5c4fccba0ad0819247b1945fe47a9d2b6b3728b389b6d859b5f52513185f2bf6eb90df008ea73fc62dca0734f0c0b9751,CLEAR,DAYLIGHT,DRY,IMPROPER LANE USAGE,2.0,50.0,2.0,2.0
047a04baa60c20e61a394d786c918f20b5e8d128749e99bde2bad21a92e1f489522a131dded10c8209a03dab5d9cd23ca4a9875a3c308dbb2a3e03b3f899f627,CLEAR,DAYLIGHT,DRY,DRIVING SKILLS/KNOWLEDGE/EXPERIENCE,2.0,38.0,2.0,2.0
047a0bd5796e7c9ab42b3e391f4a6665cc2c22fea867ffe6fd9f18442022a6b64c03ff3f5519b18484f4094baf63afeb5a71617350bf5869750b73ff3c2f3697,SNOW,DAYLIGHT,ICE,WEATHER,2.0,45.0,2.0,2.0
047a268a5577e975c2b7a9493be01eac0eef68786e893e27127ed1335f84c4bd7f6cae12f7c45363a7a98142b178e48457e1ad56ad4a02a23638cec3f2b2638a,CLEAR,DAYLIGHT,DRY,FAILING TO YIELD RIGHT-OF-WAY,2.0,19.0,2.0,2.0
047a3d78430ce57a4368da76b1e25d43d0563d63d817f7af9bb4fb4124beb84adbcb5022c6ab343b4a032c0b3cccce0acff5677daf0d1578b8f42ac57adaec80,CLEAR,"DARKNESS, LIGHTED ROAD",DRY,PHYSICAL CONDITION OF DRIVER,2.0,24.5,2.0,2.0
047a48a7d0c5d1bf47baa9fb05ac59bb588c89e7f138159f43ee4adc24e2b59dee1c839308ce9d6e79765849f4819a84d36af71772271a0abfc5a90531363c9a,CLEAR,"DARKNESS, LIGHTED ROAD",DRY,IMPROPER OVERTAKING/PASSING,2.0,71.0,2.0,2.0
047a4ba2c724236d0d1ebb7ee1a9dff4661b3fde71101bddd56a90fb7f69924548504f61f03d8aae5e087c270bde28ff2b5bbcc4b0093552ddc003e9e209de00,CLEAR,DAYLIGHT,DRY,FAILING TO YIELD RIGHT-OF-WAY,2.0,37.5,1.0,1.0
047acf8f9f47bcbcf1599e654f89507f83a104c8577fae7a48c6f08822aaac5fbaecf5109fdb914006b09c9a1de0bf13473d0f8361400f3a0c04ff0a8bc7726b,CLEAR,DUSK,DRY,FAILING TO YIELD RIGHT-OF-WAY,2.0,33.0,2.0,2.0
047aea2552a7cdd8af4f1f063a74eb971101cf59ff3257217be987f056e3cb962eb20b7283d31ed770dc94da4cc4d64496fe253317953c4676a0d51e6369f3ef,CLEAR,DARKNESS,DRY,DISREGARDING TRAFFIC SIGNALS,2.0,22.0,2.0,2.0
047af67a6f8c2e1c9ac77266beba027db83810074e78710932109a7f876c820d45f3107dfb01bef8d4b218c001fd289b3a7674c7b91ad04057501e698c98d816,CLEAR,DUSK,DRY,FOLLOWING TOO CLOSELY,2.0,57.0,2.0,2.0
047af8bdaaa4bebf6188616f325093b0fce31ad2be729e5aa358876bd38f2f155968c67eb61ad78a12cbc91017365d53e3af49396fe18732ffce048e15e30a8b,RAIN,DAYLIGHT,WET,FOLLOWING TOO CLOSELY,2.0,27.0,2.0,2.0