crash_record_id,weather_condition,lighting_condition,roadway_surface_cond,prim_contributory_cause,total_vehicles,avg_driver_age,total_people,total_injured
047b10c5ad972c8f5525ff4014c37e576841e50e3a71b779e2d10a8c6f6fc74892f89a0640c01809f9c16d4d5d670aaa4a0d9a832fee571a8cee6edb83ad704e,CLEAR,"DARKNESS, LIGHTED ROAD",DRY,FOLLOWING TOO CLOSELY,1.0,50.0,1.0,1.0
047b169701b269a95c1d124bd9521274eac49627050141e34084a4dba1a01f8d1cdfdaddafd4b8fc1785a57daa6811de5c03d94cca479279f064d165f205ef1d,CLEAR,DAYLIGHT,DRY,FOLLOWING TOO CLOSELY,2.0,37.5,2.0,2.0
047b2fa54bfa58d0f179a1580933467cdcf490f7981d310cbec6236ca3cf7411357b9e7a723ad180fe712c2599ceafecf388365df0cbf8b874d03c316fa4a75f,CLEAR,DAYLIGHT,DRY,FAILING TO REDUCE SPEED TO AVOID CRASH,3.0,18.5,2.0,2.0
047b3696f20c25957b68eaea125d8356cbf8f4d3fa841f41dbb1823779870a0bef8e57ec3259e014f74d67ef01bbf9ec79273fbe52cfd0012055d91d4877899f,CLEAR,DUSK,DRY,IMPROPER OVERTAKING/PASSING,2.0,30.5,7.0,7.0
047b4a7505a97b473d000da936b2e2388486a99d370ee8f0cb67f6b3091accc8a8ed565878883935be22ad5962a87e8fe5ebb87b11398b399f6090971a01dcbf,RAIN,DAYLIGHT,WET,FAILING TO YIELD RIGHT-OF-WAY,2.0,28.5,2.0,2.0
047b55ed51518fd157f2488f3e178f5297a21cc8169c42e31f1cb126f27f9a64d90ad384d865ac10b1bfaa7cdd86fb06061181d5696ed7bb486f390170f3f289,CLEAR,"DARKNESS, LIGHTED ROAD",DRY,IMPROPER TURNING/NO SIGNAL,2.0,34.0,2.0,2.0
047b6731e3e1312c4a04538faf60200acec658384fb783474a5eef1dfd765a5c99e4c10853cd53e42b212369cfe659095fd5ee0da469c91717e5ed92bc2bef4a,CLEAR,DAYLIGHT,DRY,FOLLOWING TOO CLOSELY,2.0,50.5,2.0,2.0
047b9be3fb41ad4a95bbac4a28b80af7e852b2707a8636b6faf554436c64555682a45c9b38719a726a9058302a19e6ef57492602b2a673dfab838f1dde361e1b,CLEAR,DAYLIGHT,DRY,FOLLOWING TOO CLOSELY,2.0,43.0,2.0,2.0
047ba9f77f38425921cc6ee26776dc3c90cfb834d29d4d22867e5141da366cf51dbb6bda041d1f992a136a363853a19d7780bdd358757d05691131d5c12ae8f3,CLEAR,DAYLIGHT,DRY,IMPROPER LANE USAGE,2.0,48.0,2.0,2.0
047bae9db5ea7407f0ffc3c310e99c67481cb804a88b59f1afa80cfc3b3f279a8c3de26565ae9d95e6e2133ddc444711a8111c2952ab75e221077a1ac933326c,CLEAR,DAYLIGHT,DRY,FOLLOWING TOO CLOSELY,2.0,37.5,2.0,2.0
047bc6eb8dbfeb3a1d1ab3dba97d97bb94a5fd3f1e1201dca729c5d2f394391e98545805d382687f941c4b1760d19a05ba96ca8bf6c4e37dca6ee45c8f517e7a,CLEAR,DAYLIGHT,DRY,DRIVING SKILLS/KNOWLEDGE/EXPERIENCE,2.0,15.4,5.0,5.0
047c0ed87161d81f7a7a69ad5822265df628db3caf6b2999410a8ef757743da5a106a770c16ef6c10f3a816b5779bc22fade1e844a3769d9f9a29c17a941a69b,CLEAR,DAYLIGHT,DRY,FAILING TO YIELD RIGHT-OF-WAY,2.0,48.5,2.0,2.0
047c360fe263234277d2628ce1f7a708ebeb5c2bcb27598d3f9fa02af84ae32de0f0f41ec905b7b6a6a7f4bb7bbeecab42ab476d7731521720813d15538ac94f,CLEAR,DARKNESS,DRY,FOLLOWING TOO CLOSELY,2.0,25.0,2.0,2.0
047c5d91e911a6ab827da8fdfa67855f25339f46d3ddd2f0cc41d7ee6cfac736b5c687123ab0e5c64c89892e4f481cd228b41075321a439dc61a15f9d4ee8fb8,SNOW,DAYLIGHT,WET,EQUIPMENT - VEHICLE CONDITION,2.0,63.0,1.0,1.0
047c6fd13eb53f33a1def881bf8281062b74078f8a1da609de182c55d7973bfbb76fc779e373534fdd103ee34d1a54ba4712e32b5e4b3d2060bf2faf22110556,CLEAR,DAYLIGHT,DRY,EQUIPMENT - VEHICLE CONDITION,2.0,37.5,5.0,5.0
047c795990cb22e57cb651be1a47e75db8d70b41c0fe19909c1691862bd5b7bcde958db4b24fb4b70da117f003284a15b8b1b864c8eb32c456cade9cb0192bce,CLEAR,"DARKNESS, LIGHTED ROAD",DRY,"OPERATING VEHICLE IN ERRATIC, RECKLESS, CARELESS, NEGLIGENT OR AGGRESSIVE MANNER",1.0,37.5,2.0,2.0
047c891105d838fe01db57a1c86044dcb39c6a807350146fcad02178a7ff591a81afbcea730447f88d3acaaa4871e2ef506c034065c3f973ba42d956023a228e,CLEAR,DAYLIGHT,DRY,IMPROPER OVERTAKING/PASSING,2.0,36.0,2.0,2.0
047cd73774377c4ddc9ba4421d3470422e9fb34b31910dfa53c46ec3d9548df1250e297a766a09e8f78f5359fa88e842869520af2b0612cb749c849cb159df37,CLEAR,DAYLIGHT,DRY,FOLLOWING TOO CLOSELY,2.0,84.0,2.0,2.0
047d28671801b4025b7f056f193b5aaa0346b3b58557806d3ba280c04fdaafc5080f79d1d953f277ab87da3e040c57b92163afaacc46f6c213dfe4cc0ca3c483,CLEAR,DAYLIGHT,DRY,FOLLOWING TOO CLOSELY,2.0,36.0,3.0,3.0
047daf75e7af4678077b1156a4a1d2b9b7ad1309359db41537c63eae72afd882dd184d0931727188fa64673c0aacf5a52f6401ac3a41d3a00512e95276acbc3d,CLEAR,DAYLIGHT,DRY,DISTRACTION - FROM OUTSIDE VEHICLE,2.0,67.0,2.0,2.0
047dce31868ce3214f5f47e3a6e3e6071e173ccdb5906f2afbbe8e079a5c31410fba88501a273e705241f90a7cf2fc5fa34827dea0a3049ac4ed5187ab4040b3,SNOW,DAYLIGHT,SNOW OR SLUSH,FOLLOWING TOO CLOSELY,2.0,53.0,2.0,2.0
047dd514d60311ac7a2eabbdb27ccd1651ae89b4ebede1c699c90c016cdf7bbb80d997398f636054bb31c0995fd40b50171ed2860f2a1dc6992c3cfa24e58fd3,CLEAR,DAYLIGHT,DRY,DRIVING SKILLS/KNOWLEDGE/EXPERIENCE,2.0,40.0,2.0,2.0
047e06ac3c7504b790c1839c3289e7c682362e740670d3e2d445d3a7a07523c8433c81d2349f4d834c47ca62eeab20066b69784b7d64721c384e92586c4b3242,CLEAR,DAYLIGHT,DRY,DISREGARDING TRAFFIC SIGNALS,2.0,43.5,4.0,4.0
047e299ca3e3a5af8cad984d6f8f2e7f1dc4d71ba239def30047e8f20c095aa0ac8d5c2776d41eeb68791b1cafcca5ee3901e70de43b31f661a70520eb471798,CLEAR,DARKNESS,DRY,FAILING TO YIELD RIGHT-OF-WAY,2.0,45.666666666666664,3.0,3.0
047e780bf86fa3f0385a0e061d142b4f2d447282ec8b2c2792535e3ba3e2f6b8446e02e3c208d4862b1a6cb002b843a2704d902a4e1f3230912f5dd042aaf944,CLEAR,DAYLIGHT,DRY,FAILING TO REDUCE SPEED TO AVOID CRASH,2.0,28.2,5.0,5.0
047ebb8601129210e47d82a1038649dc8b65b75e473bb3c2d16bede01528d0af195318057e3dd956200cc54deb7b3c34a1e228a06db9aab09d4c9fb010479d61,CLEAR,DUSK,DRY,IMPROPER OVERTAKING/PASSING,2.0,37.5,3.0,3.0
047ed99fe312df42342875d862e501af336e6f1f08163c9a1b9954e9d8474c33f8cf7b95788ac20b1c1768d82ffe8c254dac1f550bd4b20fc1520931f8b6ebd8,CLEAR,"DARKNESS, LIGHTED ROAD",DRY,IMPROPER LANE USAGE,2.0,37.0,3.0,3.0
047ee36d3d247a19f67cfba4fea7b1f01f9c23bad861529753ac3d23343ab51429ae9e0c205d9b0335a3319f7efbbb371ce3665aab9d86f58e8e7188bed601ff,RAIN,"DARKNESS, LIGHTED ROAD",WET,FOLLOWING TOO CLOSELY,2.0,42.0,3.0,3.0
047eed145ee21d6175b9a7dc7015c78dc058bd4de858d0bd2b47718392460e35c10d7b82ff64c0bd79cbec5cc427560ffdf90c54fa1da8ee8d75dd4dd7f95619,CLEAR,DAYLIGHT,UNKNOWN,IMPROPER BACKING,2.0,34.5,2.0,2.0
047f3c5bf414845ac67feb3459046db8e8092ac253e9d2bd0a6ed30aa6e7aeebe16bda8c3ca7a47666e68a5a12626d5f9fb45e5417ea73bf645c1ccaac392ad7,CLEAR,DUSK,WET,ROAD CONSTRUCTION/MAINTENANCE,1.0,39.0,1.0,1.0
047f4ccf21d400ceabb949c57371d7f816798136104ff76ba2ac78688ba61021e605ed84e149c6275eef7c117ff04c507d640e16a2964d167a1cce01ad14dfc8,OTHER,DAWN,DRY,IMPROPER OVERTAKING/PASSING,2.0,37.0,2.0,2.0
047f700076a41fe02ed5619dd7f4c81f202272c1bb84088aaebfb890023508e31a3fd3926542256c9e6f5e450f91b442f7d2b439e7a6c7f77a4ab176c2e935bf,CLEAR,DARKNESS,DRY,FAILING TO YIELD RIGHT-OF-WAY,1.0,56.5,3.0,3.0
047f72452a995c4070e9ac78d3f431cedddf1cd39da855de705ecf81335b1ea07779f2ff81c9755c2ace34c6b01ddbfa78949d891a5936118ea5abfad470ff98,CLEAR,"DARKNESS, LIGHTED ROAD",DRY,FAILING TO YIELD RIGHT-OF-WAY,2.0,40.0,3.0,3.0
047fa6e1dd7b2335f394d861f140890c336e6d8ac9fdb0296847d215dddc07c66f04f37bcfac67fd366cae243d103d44eec4b6cb3d03d941fe4d373d04abec16,RAIN,DAYLIGHT,WET,FOLLOWING TOO CLOSELY,3.0,41.666666666666664,3.0,3.0
047fb0cc69f3f36ab666d0245fb1121de07042cd88cbcb2d22853c74a36cdf5196fc8c7c959d45517f41521801a81313ad89d56e081b5e4e9c64e378878f1046,CLEAR,"DARKNESS, LIGHTED ROAD",DRY,FOLLOWING TOO CLOSELY,2.0,24.5,2.0,2.0
047fd7c8ab88e4a72e56be5dca812f696431d9d9a8076775603b591fcbec7bdffeb2683ae7ba7a595de0e81eb288c8d637de9c9bcc050e361c8669c985ddcadf,CLEAR,DAYLIGHT,DRY,FOLLOWING TOO CLOSELY,2.0,34.0,2.0,2.0
047fe3b8cef40f653c05ee5c0d8212ed775f0b2186435cf9c2e62da515ef662c01c36ae9aecb9c2d766d36f83b7047b4911b9ed8a6d07e5b3a5bc9c38f921ed0,CLOUDY/OVERCAST,DAYLIGHT,DRY,FAILING TO YIELD RIGHT-OF-WAY,2.0,49.0,2.0,2.0
047fe98a793203a40076f8f10d9f01ec7524ebb45a0c2bdf8041f098b82c6504e1cee594c4363a167943cd208ca9352e41a0a29d4eca3aac9175d86740aaa986,FREEZING RAIN/DRIZZLE,DAYLIGHT,WET,FOLLOWING TOO CLOSELY,2.0,49.0,2.0,2.0
047fef5aaa1c5f085c41e2a6c348b7193d5d329d23a759d783c4565694f731c7d4ef50df0c407416c97e7f504eb76dd27dda35cec8d8a8cdc81b3837d8debd09,CLEAR,DAYLIGHT,WET,FOLLOWING TOO CLOSELY,2.0,24.5,2.0,2.0
047fef7b50a20da5104db459b6bdf0632545e32a33bf9829187878f1456932e419fc61fa180561e4959df73d4fbbb957167620cbfe435ea2033d213a4a4ae85a,CLEAR,DAYLIGHT,DRY,FOLLOWING TOO CLOSELY,2.0,41.0,4.0,4.0
04801c09d69f45a6adb8d98224fe510f44a4ab6db9a3d628bde3ec5a9b53bebadea9b1be4ce704818693a26bf91d3e5f2f40bc9994bcba848d3c9544234972f5,CLEAR,"DARKNESS, LIGHTED ROAD",DRY,IMPROPER BACKING,2.0,20.333333333333332,4.0,4.0
04808e22a1e51f17e9f3a7edabce39c970c8a520ae2349b230c16f562d9814e112df348c22d55dfe8db7e4f86c21bbcf172acf6d4d6d4876946b5fe8118aeac3,CLEAR,DAYLIGHT,DRY,FAILING TO YIELD RIGHT-OF-WAY,2.0,35.5,2.0,2.0
0480ba2c0792a36e590ce4159578cdbf662a315b491ef9c44dab4341980bfacfe851797bc677a16be3eac9c7ebffe0c64560c0f4814856e56e7b95fc9188abf9,CLEAR,DAYLIGHT,DRY,IMPROPER OVERTAKING/PASSING,2.0,56.0,2.0,2.0
0480c8409044a48ca96c7a9876b99f96f1c3e99d0f36236e9f458e04cf4150d0347e9cb9711c1bbf0235c13f4deb7a331d594868cbc27500acbf1c299c5c07f4,CLEAR,DAYLIGHT,DRY,IMPROPER TURNING/NO SIGNAL,2.0,27.666666666666668,4.0,4.0
048126347638938006b8b10b0429f4d520f30e71401dafa14651e993ca40f2927e42f8bfed587d994ac1c49dd5273dfff506432bfe75a865e57e8cca09322cac,CLEAR,DUSK,DRY,IMPROPER OVERTAKING/PASSING,2.0,52.0,2.0,2.0
04814bc2e869e8dc67e22eb549364239554fa938401e534e94a8c6f31a91ed3e53d81a495347db81e1630d1e5bc020c128ee6d0d172e462a73b361f7ac517b0e,CLEAR,DARKNESS,DRY,FAILING TO YIELD RIGHT-OF-WAY,2.0,29.333333333333332,3.0,3.0
0481ac50421b9fb0f35a81f8f5a4d905e9b0c996a70b6d34dd028f8334e81f6dbcf9e0bf02032ac629c0279b52c42f2fab11921d7429b8d9209778a91358c917,CLEAR,DUSK,DRY,IMPROPER TURNING/NO SIGNAL,2.0,40.5,2.0,2.0
0481bc08b7ae07a8051dd1f45fa2a8b8cba3865b070886d5b6af4bfb5a7a99933cd768280237f61b305193fb018bc1448d3c2b6834eea6fef75a74d537614dc8,SNOW,DAYLIGHT,SNOW OR SLUSH,WEATHER,2.0,36.0,2.0,2.0
0481bf71f753d541328a54524fd0fd3cc0837a7c689aaf4b2eb7e37a3d6f4facc9b15886f2e9709439343964612552a9941190b823b47a23a48dd2a91b9a220b,CLEAR,DAYLIGHT,DRY,DISREGARDING STOP SIGN,2.0,37.0,2.0,2.0
0481ce3621d23cddc0294e6f6694e94a21bd7da2c363cf302c7a5765d326fcb65542c8eb0f7d3a3df1ed3359346945127c145ae23e8ea41ab87c31b9a0a260e9,CLEAR,DAYLIGHT,DRY,FAILING TO YIELD RIGHT-OF-WAY,2.0,43.5,2.0,2.0
0481d8ace880d0cafac4db6496afb517bf8985bf94368caf7b50e5960d502a59c42e24dda371cbd20b14e844d3691779604dabd6e0ff6da8cc5f37e395567d35,CLEAR,DAYLIGHT,UNKNOWN,DISTRACTION - FROM INSIDE VEHICLE,2.0,49.0,2.0,2.0
0481fc919b38f1572d4ba04b069766102d904a662ff0969f04266ebc48a9605d625c64356bd669d7bc1b778f5500a140812b58f19f2044372e50b31a01f030d4,CLEAR,DAYLIGHT,WET,FOLLOWING TOO CLOSELY,2.0,40.0,2.0,2.0
04820059fd6d8c3ce405093c81ec9f3e3a3aaf7edae2569fc49a370e8eea952e97734198c0e2e2a30e4fa4767d5b12923ec8a13293cfda2bb52946f979f0b1c6,CLEAR,DAYLIGHT,DRY,IMPROPER BACKING,2.0,37.5,1.0,1.0
048220406a91531d1f8617330e3594e779ddcffa9a5088deb86498c95cec6db922398149ac17bc19a41be1594ca1badac1f42ef40ab15fbfdaef251780be099f,CLEAR,DAWN,DRY,FAILING TO YIELD RIGHT-OF-WAY,2.0,41.0,2.0,2.0
04822dff1ee01760f625754112d531556f8685ab30c5c4582351ca935d254be310cfdf4e8acc6547ba2cd25380388fe5b28a1c4bde8715428b42fc115f94797a,CLEAR,"DARKNESS, LIGHTED ROAD",DRY,"OPERATING VEHICLE IN ERRATIC, RECKLESS, CARELESS, NEGLIGENT OR AGGRESSIVE MANNER",3.0,37.5,1.0,1.0
04825464218c3fb902ba80a266673c5b55ed8f1992cc549a2700a0aa75cfaa0415a652d063430c77b18ca8f46cf110034dd03a76fb9414f88039419bac2365dd,CLEAR,DAYLIGHT,DRY,IMPROPER LANE USAGE,2.0,51.0,3.0,3.0
048271654b5ad1031281338e260f795e6e8b45778c034215f9577e07143debb8cba7f6b0d9c7c3ae2fe41287b271681f3128f3d254b013fdf521d97fd540bcfa,RAIN,DAYLIGHT,WET,IMPROPER OVERTAKING/PASSING,2.0,29.5,3.0,3.0
0482ccd7b4f6184e0bd7940ec26fec71a5c11c7e619a0b4a5ec9d5609676d00d6bad0f9c1389eda9939f6b610a6d857f6ad56aa8a0589ca6e9fd5e8f583f316d,CLEAR,DAYLIGHT,DRY,FOLLOWING TOO CLOSELY,3.0,51.666666666666664,4.0,4.0
0482de960b41cc2329ed9afc7adfb76623c41be8ae05631b093d2e4a48befd40bcfb8133889896a886960fa2b65d0195b23249109d5bdb85be092bb5ddab2b1d,CLEAR,"DARKNESS, LIGHTED ROAD",DRY,FOLLOWING TOO CLOSELY,2.0,53.0,3.0,3.0
04830f5bd214fa0475b34516c0f7880b9846028fef2901846a9edc15748696fcc2311294e1dd09f3e7f4aac82c898513ae5f66cebcc37c93747e253778253311,CLEAR,DAYLIGHT,DRY,FAILING TO YIELD RIGHT-OF-WAY,2.0,37.5,2.0,2.0
048320411c4cf1440d67d727c915c54255622c0740b69d86b7284aca2cf90762f7720ffa2d56e07cbc238d89774a54f3724b6ff2ddb04a4864a7299393c81d1b,CLEAR,DARKNESS,UNKNOWN,FAILING TO YIELD RIGHT-OF-WAY,2.0,25.0,2.0,2.0
048334cec9d1d5a1d50de47dc8b5c85392a262d2097a12f2a8216dd284bcfcaac3040547cac9a926d2b4b251253151ec1992be4bb7f39cebbe6360640b18af88,CLEAR,DAYLIGHT,DRY,IMPROPER BACKING,2.0,46.0,2.0,2.0
04835921740ab33299b9fec8aa9efbb8c1ca4a1220a59217784052f2b8d006762d5d717e5ebd52551e0e7b7562d6e46fab33a4ac4a6f29f16aa1ee9bd7e2ad0b,SNOW,"DARKNESS, LIGHTED ROAD",WET,TURNING RIGHT ON RED,2.0,25.0,2.0,2.0
04835f19a64d5e1d78f2e0521a9d1dde6c7139412d0722e3fc8b0514f9785a2c2ba69c31b2d94d739fc4b1a423dad3a46f2ad2a3623534d04e3d8d6138457ca2,CLEAR,DAYLIGHT,DRY,IMPROPER LANE USAGE,2.0,21.5,2.0,2.0
0483607c6be65bc559710f5199a5b077d1c1bcbb23b745cd369c8bac58b8896bf1760b8557dda93fc076df0c49fa7e8136036a39fe85e1345b92cf295a22eb3b,CLEAR,DAYLIGHT,DRY,IMPROPER OVERTAKING/PASSING,2.0,19.0,4.0,4.0
04837dba1f2135be945c25462635b5672262479def59ae9b02fdb6f5ab7813ffc1260afc5cd04baafcee6021f177440e0900e3134a9650cce05bb9ceaedd8a43,RAIN,DAYLIGHT,WET,IMPROPER TURNING/NO SIGNAL,2.0,50.0,2.0,2.0
048382278e7c995dd3308a70be905789f90de3d49aa43cb4acc8c0740c521bf86d4f7d904c99553ec7e7cfe1bca99799c4196153028ff5c7072aef35bda1726e,CLEAR,DAYLIGHT,DRY,FOLLOWING TOO CLOSELY,2.0,40.0,3.0,3.0
0483a3894976efde2db3961c6fdb6f4eede776596bba5a486237335d6cc473793501380c8794aafcd43998c6322b267baa1422ce5e2b7da3d8864d1f7952badc,CLEAR,DAYLIGHT,DRY,DISREGARDING STOP SIGN,2.0,32.0,2.0,2.0
0483c1ebbb5a5bea542a60921a6c8c30cf0ce255dc2c9565794556e647f098af3a2a45505a680ceca697bf846e42a551eb1c0e5f6befe5684751a93b740c0a4c,CLEAR,DAYLIGHT,DRY,"VISION OBSCURED (SIGNS, TREE LIMBS, BUILDINGS, ETC.)",2.0,48.5,2.0,2.0
0483ed06ef65b4c08ba099b0020e2bd7abdbaac9622c06aab6039a3b1e9eb10d1fb5a91907e7d59292820219ab38b8ffd8065f0e93ee0a126617ac119ffe21c2,CLEAR,DAYLIGHT,DRY,FAILING TO YIELD RIGHT-OF-WAY,1.0,37.5,2.0,2.0
04843c7b4e8a5c70aed9444b2768799fc83f3417a9015404a131ee6abe8aeedb87a8b34d6ba8509ef0e0799469a20092168be6ec7cfdb686a418020d203627e1,CLEAR,"DARKNESS, LIGHTED ROAD",DRY,DISREGARDING STOP SIGN,2.0,31.666666666666668,4.0,4.0
04843d3a2c0631994acb78ecdf06de3fc4b2653fd3d8e86ac3ba841ae900b30af1f172ec7128dacf74b15bcc56dc220e40abd72b910d13cb0c3298c009049ac5,CLEAR,"DARKNESS, LIGHTED ROAD",DRY,DISTRACTION - FROM INSIDE VEHICLE,2.0,35.0,2.0,2.0
04844ae72d309388db4e8d4ffbd0c91f5c7409bec2363ed4d672b8fb779954ec73674eaa11aa58862a83e15a8a4e3e5f7b5f8fee7465f8aed5fb335f7a8c46c5,CLEAR,DAYLIGHT,DRY,FOLLOWING TOO CLOSELY,2.0,28.5,2.0,2.0
048463216405ff8ea474a00f61d2635ec939dc2485011a68705695c2c2f689d922cb2c44c5c3aec5c5514aa727df734100af8bf518ffb56dc0d376b634e6c966,CLEAR,DAYLIGHT,DRY,PHYSICAL CONDITION OF DRIVER,2.0,56.0,1.0,1.0
04846436650fbc8ac5801e2cab8ba11fd14e1660590bc9cde71bc56e539d6924fabf8bcabe34d728c31ce7b0d6169d63b2e8d0169e5bd9ed575b6488099e3005,CLEAR,DAYLIGHT,DRY,IMPROPER BACKING,2.0,37.5,2.0,2.0
04847ba24f87527d92963346f6ab385f4dd637e81be016e10d362ebc522fe9e8e091c94928faf44ecc34de0f4ac3fbbd1e2615849bf878e5751abefd04f29a7c,CLEAR,DAYLIGHT,DRY,FAILING TO REDUCE SPEED TO AVOID CRASH,2.0,49.0,3.0,3.0
04848c8158a40aad1e8f6f09031aca1636b0f9c89e2f3fc477d5299009363b81f333fe8065b179754e8c68b225d3ef88d1d57557fba50c8c7f2e00a3a60268af,CLEAR,DAYLIGHT,DRY,FOLLOWING TOO CLOSELY,2.0,28.0,2.0,2.0
0484c16d4dc7570381d2a67138fa6e31c151f5182a49be3e1ba544bc8a5e2b22cbccb7acd8e7bebaac12953b286ecad61dc7e46b1cd4c8d72929829e134f6228,CLEAR,DAYLIGHT,DRY,FOLLOWING TOO CLOSELY,2.0,40.0,2.0,2.0
0484df45da9375889cd18c08956338aeefd21edb3780777651d6643e11707165cf00226f3f907db1e7ddfb925db7d917de48c124d7357b424959ea76872c6f42,CLEAR,DAYLIGHT,DRY,FAILING TO YIELD RIGHT-OF-WAY,2.0,37.5,2.0,2.0
0484e26a99f5b71622402b1356b26dd5edc7ba6ec1ca11f374108b028c020c2edae334e9c677aae5bed2e8f1200d0fdb702514e1fa3546982df00e3078de4121,RAIN,DAYLIGHT,WET,IMPROPER OVERTAKING/PASSING,2.0,41.0,2.0,2.0
0484e40a73db577fc99350e3f13ea0f7959c89f9661490e0f5b863e34427ceb4aa90593ff2b8f2424fba241326477b91e75845d37fa26928d816dd7fe70fa465,CLEAR,DAYLIGHT,DRY,IMPROPER LANE USAGE,2.0,27.0,1.0,1.0
0484e4ddaf009b0e7ebcf6d42daf9d59086e1970649bc2ad5e13683afd6b1a907e4e51e7592c7f784717fdc6961e4b8acf861138b8d248e8fcb6a84b0248a8cb,CLEAR,DAYLIGHT,DRY,IMPROPER BACKING,2.0,25.0,2.0,2.0
0485158080023bec863e884944d16c432dbe139c86495458682cfe3a0ac2acbe27554159709b7371eac2899549e93bccfd3ca6a68a652cabaef61dc7b27ed44a,FREEZING RAIN/DRIZZLE,"DARKNESS, LIGHTED ROAD",WET,FAILING TO YIELD RIGHT-OF-WAY,2.0,21.666666666666668,3.0,3.0
048529f9f12e77c33f040a4a2be9dd3ec5b6708c5a4d3147a672da10bc86459789ffa96ab807ec52063bed22152c0b7f3ac7740ae126a14c9b63db4b09dfa813,SNOW,DARKNESS,ICE,DISREGARDING STOP SIGN,2.0,8.4,5.0,5.0
0485531fcc54ec65c1d16622dc37fd5498288898036743f90bcd3ec7dfb0e400419627446c3e07d07aa2d2f97d0e55510dcb94b3a8dcb63c4c2afc0d3caec12e,CLEAR,DAYLIGHT,DRY,IMPROPER OVERTAKING/PASSING,2.0,33.5,2.0,2.0
0485711fad9fc2f47cb888dc1a49eb073e255174edc9826fcdaf3d63185d5fa629a030fa149d3b4a41909aac2e0b5cd1e040020f8b27f8c544b6a630dbc879cd,CLEAR,DAYLIGHT,UNKNOWN,FAILING TO YIELD RIGHT-OF-WAY,2.0,41.0,2.0,2.0
048592166032b5ac9363a96399f79145799367431774da7ad63246cceccdb9083e035cd8ab994de84ab0ce854f063e502c76d98acedd644bdca7930e649886ba,SNOW,"DARKNESS, LIGHTED ROAD",SNOW OR SLUSH,FAILING TO YIELD RIGHT-OF-WAY,2.0,31.5,2.0,2.0
0485a54586f12069979e73af87cf59df3172e652c2db0d000307e543405db15e12edb1ccbc80f753306f458db281a47580777f24753ffffc42ca70267e37a96c,CLEAR,"DARKNESS, LIGHTED ROAD",UNKNOWN,FOLLOWING TOO CLOSELY,2.0,34.5,2.0,2.0
0485a99c79f9a7ac16d00d66e59e56093e1763c3b1146ea9c6a81a860a4cabb0441cba6e80d6db04954da5bef3a993f38ac2c5ff0e16d28a281aac45a742c84a,CLEAR,DAYLIGHT,DRY,FAILING TO YIELD RIGHT-OF-WAY,2.0,36.0,2.0,2.0
0485ba086a7020615aa0bf31cf1b6c6cc28eb7233cb02285cc7b43e9639e10be84f1f19f9bbf9c89ce2ed827d2f35b5b8af2b1cd9d87d9c1aa798321710a7268,CLEAR,DAYLIGHT,DRY,IMPROPER OVERTAKING/PASSING,2.0,37.5,2.0,2.0
0485c8cc3503fa526bffee0d89e30f79183911b6c664d03e3fbeb0703e8a81daaa90b4dcb3355b545be6923822d685ae56fb184719b78cead4b3cd1f44c7058d,CLEAR,DAYLIGHT,DRY,FAILING TO YIELD RIGHT-OF-WAY,2.0,58.0,3.0,3.0
0485de2b9b894a185c55c1f05a3d7db93354008ff0e67730ae9fad0e7855d48cadf8b6082b0aa63052edcd5c9fed25f8cf1991c9c59fba535108dabda89dc5cc,CLEAR,"DARKNESS, LIGHTED ROAD",DRY,EQUIPMENT - VEHICLE CONDITION,2.0,23.0,1.0,1.0
0485f54a8381a5e75fdba12484c72a36760d07833dc11c80d0ee7a42e387c233148a1e8085ab02f5e79ed08afe12291387fd8f417d904fdfa18bc1c74ef6bc2e,CLEAR,"DARKNESS, LIGHTED ROAD",DRY,FOLLOWING TOO CLOSELY,2.0,23.0,2.0,2.0
04860710bc50338fb340f73461b99913286cb2872138afd19dca0d35a4e438176552eb1cab93a816bc88100990314485b21b918a70545fb6254be19dc4fecb1f,CLEAR,DAYLIGHT,WET,IMPROPER BACKING,2.0,37.5,2.0,2.0
0486259477105dabe33bccc96060da1fb0c17a2628eefb244bc03316cfe0a5ef50fc6ecefd40332bc09488ba935256ec8d794bb1f2908ef7bb4dc423984f8ba4,CLEAR,DAYLIGHT,DRY,DISTRACTION - FROM INSIDE VEHICLE,2.0,20.0,2.0,2.0
04862f0cfbea6e65688d149ea901bf4a04c72d8ab2e9046e664e65635b1d8546f87142c4728f7d4ad872219f7a7bf526875893853aaa05d1ba90912c46922719,FOG/SMOKE/HAZE,DAYLIGHT,ICE,WEATHER,2.0,31.666666666666668,3.0,3.0
04866244d31f05ac6ac7437dae79f614a97a9a71c739953941ea4062ac6748c8e139f7bf226fe2ed746968778d6c9e419b2f8163d5ffcd1a48d9a04751d7e6df,UNKNOWN,DAYLIGHT,UNKNOWN,IMPROPER TURNING/NO SIGNAL,2.0,64.0,4.0,4.0