crash_record_id,weather_condition,lighting_condition,roadway_surface_cond,prim_contributory_cause,total_vehicles,avg_driver_age,total_people,total_injured
0486931f6322d7d2f961d7f89cd21d382efba9ef3c46d7f2733351790161fbff865947374fbb538a4c19a5725a837fd15e8bae837651f40f5b6c91fdef208fde,CLEAR,"DARKNESS, LIGHTED ROAD",DRY,DISREGARDING TRAFFIC SIGNALS,2.0,52.0,3.0,3.0
0486bdaf0a088353cbd5ba040cafd74c9cb8712a7f2e49da9056cedabc66d21c6cf27796d3a46c4a996113ad2b96dcce116d2c2de3003d599c019cce9103b813,UNKNOWN,DARKNESS,UNKNOWN,FAILING TO REDUCE SPEED TO AVOID CRASH,2.0,49.0,2.0,2.0
0486ea4c8d6beb1a3c94d609ff8cd09740f4a8c2716e76c73572647d07753f1eb250c23081598f76af824c5ae3f332cced16f1f84def350c471babdd5cd30b2b,CLOUDY/OVERCAST,DAYLIGHT,DRY,IMPROPER TURNING/NO SIGNAL,2.0,23.0,2.0,2.0
048702e11ab1097414a171c22afc9b68766176a5d4b3b150e01274f2d6b428486c03c3aa732faf6e3d0d3d78df121fa12602af2eaf514a5a38b4a02a451d0ba0,CLEAR,DAYLIGHT,DRY,IMPROPER LANE USAGE,3.0,35.0,3.0,3.0
04872d0369af6cdc66795aeb2dbe3096a768052cb56c9c445bd372b18827ae37e750b194399da2e0b607dad551935ebd9cc4c605bf401b8c55b6d8b2fad936d1,CLOUDY/OVERCAST,DAYLIGHT,DRY,FAILING TO YIELD RIGHT-OF-WAY,2.0,28.0,2.0,2.0
04872e2b33d26a3bc15d6b34f3bc951a281e89038971007dac66633f1a3bf7226424c81904932db04a90c2e3aa1a92d5a23d84d7ee3ca6d70fe5657599249967,CLOUDY/OVERCAST,DAYLIGHT,DRY,DISREGARDING TRAFFIC SIGNALS,2.0,27.0,2.0,2.0
04875b42e21d927fd74e81daab2149a3ea6e1444923c73da77adfb94474f9a742944de1463207c8329843ea8cb3144800f6a69ecfb53c20a3d516a8692d9f28b,CLEAR,DAYLIGHT,DRY,IMPROPER TURNING/NO SIGNAL,2.0,32.5,2.0,2.0
048771919cbf02d69331dfc002ce3dd37e9220559e98a5da149cce1fba666e965742d07764fdde668bfb1da3e021c9a3095164c76f4e554c34329650511986dd,CLEAR,DAYLIGHT,DRY,FAILING TO YIELD RIGHT-OF-WAY,2.0,27.5,4.0,4.0
048784f9c1fb660785e405f75f3d7c6954fee933979455eabeae2a5d3ca4c458e22cd5de3beee3c3e81c37d027053ce3a43b489c602e03181b350311f871cb77,CLEAR,DAYLIGHT,DRY,IMPROPER BACKING,2.0,40.5,2.0,2.0
04878725998b7117d6be5ec9c50fec484134be515f9ed28c31115ab0be227034c81a18223eb3cb9513094685cba08dee3d1384dbb031312094c7c9a97c4b3007,RAIN,DUSK,WET,FAILING TO REDUCE SPEED TO AVOID CRASH,2.0,27.666666666666668,4.0,4.0
04878d4d85b1297f2c8b92c177d90170873d8ed8219f17844fbf29179433969ea9fcc5df43d77200129195281cf5a5ef20a78f78d6635c6b34ade05a412d6d84,CLEAR,DAYLIGHT,DRY,FOLLOWING TOO CLOSELY,2.0,37.5,1.0,1.0
0487a71d3aeca90b83bdc6eb717ff49bd350fd7b2f4c9b319bbe43e9de765b979f7921fb9383eca698801d057ead5513842a201aa701d541d4a855c8e8092191,SNOW,DAYLIGHT,SNOW OR SLUSH,WEATHER,2.0,58.0,1.0,1.0
0487ba743e6f7775d82b9795fc11c063c4bd95f35be542ad037c9e8d2d6644d0635ac830be9508101a6c1f5164bcc616651a5ad3e5d7ff1c610789da808545b2,CLEAR,DAYLIGHT,DRY,IMPROPER TURNING/NO SIGNAL,2.0,24.0,2.0,2.0
0487c6e199e902a1e6217d3b24c6806f48126259b8d4d18d30adf1dc69fe91c7a21fca113bb21b0ed18c19a36e70b6f28dfa410c6821145ff4809d38ccbd1dd3,CLEAR,DAYLIGHT,DRY,DISTRACTION - FROM INSIDE VEHICLE,2.0,41.0,1.0,1.0
0487d1b669efd3dcdd4bdb500bd9dc2409de14a9f001b29782b3307412fdd9086294d9abc002b65ce19d2e55260f1e4e9b4bc3106b33672c6d6156bd11a684c1,CLEAR,DAYLIGHT,DRY,FAILING TO YIELD RIGHT-OF-WAY,2.0,37.5,1.0,1.0
0487ddf758976afb091d675d69ee33005c15a87295c8afbdb3abb487f17c260123db561ad22c048fd7949b4aac546577b2d4304f5936af6e5beba02798d25a7c,CLEAR,"DARKNESS, LIGHTED ROAD",DRY,FOLLOWING TOO CLOSELY,2.0,69.0,2.0,2.0
0487ecf2f0a3b50293dcb6e8d95ba0eaad65767c02db74c4b126457a68fd59d3b1c3b646e8f36e58169b6e9eef149a4943f39a8e6eed95a1e09f29ed3523dff9,CLEAR,DAYLIGHT,DRY,IMPROPER OVERTAKING/PASSING,3.0,28.6,6.0,6.0
0487f68aa9caee57c79ac0c37cbfd8d345d214d0515ea64132913472dfd1fe76353151aa2a4bedf04a308b1e39df0c93f33fafda451177b35fdfce02b65d6588,CLEAR,DAYLIGHT,DRY,FOLLOWING TOO CLOSELY,2.0,53.0,2.0,2.0
0488059328e51eca7e831360860df05e3aec5cab86a71e8064ee1815ac21f9d90e69c840947fca0237b7b93fede8ca6711372ac7ca88b1ed810343a28cff2182,CLEAR,"DARKNESS, LIGHTED ROAD",DRY,FOLLOWING TOO CLOSELY,2.0,49.0,2.0,2.0
048812e95441adaad03e2abc619ec75291ffeb391b955053351227d75d8593553051f115e38fcad893f046e7b09e5189852a8f1c43a77c3cbf0ec1c111a2274f,RAIN,DAYLIGHT,DRY,FAILING TO YIELD RIGHT-OF-WAY,2.0,35.0,2.0,2.0
048829a3d883107d079e23ce17ec2dc1328739f6f25e164bf988915ddb4e7090d8b3e6cf62cb8a436b51731d703b8d2e29c0acd004d8d4d417e2f596a87a2c13,CLEAR,"DARKNESS, LIGHTED ROAD",DRY,FAILING TO REDUCE SPEED TO AVOID CRASH,2.0,14.333333333333334,3.0,3.0
04882ca5b0992d305b7393208e0eba9ce12ff260d147b150b3495b50f8e651f52fa7fad20e83e9e1d09f3ac44f199853e1d4c06e2c64e560bb728d96c2453624,CLEAR,"DARKNESS, LIGHTED ROAD",DRY,IMPROPER OVERTAKING/PASSING,2.0,29.0,2.0,2.0
04882df9b82617904f0c369df5b0f3fb299bd9cfa121a72b3626300a00e0a55ef24473077aaa8511354cb38fc0cd913b7483f7dc07303e20ef95853e4ffbbcac,CLEAR,DAYLIGHT,DRY,FOLLOWING TOO CLOSELY,2.0,0.0,2.0,2.0
0488a6d9c01cf75bdb3d809474f7dbdc35699239a1e8ce5797b6b2584254ad17b122b354fc97b3eda2751ff88d65fee9c41349c20c70c83fff55a0bdfe7439c4,SNOW,DUSK,SNOW OR SLUSH,WEATHER,2.0,41.5,2.0,2.0
0488af2e551d3a55c18ff48ed653f694214ae38d51ef1ad671a1c928fef53c2d49041295a42fc9d4b01bee93589b1d28b5d9bb73f52db08929aebc7ce86fd592,CLEAR,DAYLIGHT,DRY,FAILING TO YIELD RIGHT-OF-WAY,2.0,49.0,2.0,2.0
0488c04b9c5cedb44d4a256139c204a489a1b0bf6b93956de97e0dedc7157b9ef71304069f2f662f0641746a1eb542e2a238a23b706db7d718207695358c7902,CLOUDY/OVERCAST,DAYLIGHT,DRY,FOLLOWING TOO CLOSELY,2.0,32.5,3.0,3.0
0488c981da1f67eec0c1e39b50953f6b0304ba44f147f2806fc8572d2671b63d8ee7a961dcd3d3b5595d613567d1dee3a53d5e2b90c10a6a7defd913c5644ca7,CLEAR,"DARKNESS, LIGHTED ROAD",DRY,IMPROPER TURNING/NO SIGNAL,2.0,27.0,2.0,2.0
0488eae9d5fa8cbe6c612cc6da0687aae92afaf2376a965273922b0898ff3cf6aa4fc11515fef9ecfbff73e8c121df1520b021fec98148ab5a816658fdcbc9fd,CLEAR,DAYLIGHT,DRY,FOLLOWING TOO CLOSELY,2.0,37.5,2.0,2.0
0488f4788211e494ed7de203c0e88b26af9df5500765c9465503a7a039afc286688c48b86630da802ac7248b48c0cd40a84c31056d43a605a1f33698f3e0200e,CLEAR,DAYLIGHT,DRY,FAILING TO YIELD RIGHT-OF-WAY,2.0,58.5,4.0,4.0
0488fc2a1810b42c13ddf2c41627272f382664c6fe636d9b70db84241fc18f230881803bc461d22c9414d6dfa021ca0eb7e6b8479bf38b334aa4772563e321ed,SNOW,"DARKNESS, LIGHTED ROAD",SNOW OR SLUSH,FOLLOWING TOO CLOSELY,2.0,35.0,2.0,2.0
0488fd8338fb04957225d3ab2879ac7d834d494b1ff7f8685596dff77848ca192c43f1a28f06edae18433aedb69bbf9c025a5bd9cae428ead40b2a8ba85acffe,CLEAR,DAYLIGHT,DRY,FAILING TO YIELD RIGHT-OF-WAY,2.0,65.0,2.0,2.0
048906009d6ebbc87d10ed0f74ec1f5af3111c09276ded2bdc06b6bd90bdaa97d6dc36064da26734497764d7702b1c28975fbc567776b4e1e547e8d118246c01,CLEAR,"DARKNESS, LIGHTED ROAD",DRY,IMPROPER TURNING/NO SIGNAL,2.0,48.0,2.0,2.0
0489804cbe8529fca8107e652f725f7b26d36ad2b52e92e15ea33895d18b6fcb935566ed04809e89f9728f2f297351ed31e446f384e0f7cc241417a0e34305ad,CLOUDY/OVERCAST,DAYLIGHT,DRY,FAILING TO YIELD RIGHT-OF-WAY,2.0,20.8,7.0,7.0
0489a579feaab307397ea83b94e36dcb31c128c39d02de7e418f314729c4c63222c95d98cc2d84abca5ec40590027315e1d293bc3bb3dd359678ed3566b3fd71,CLEAR,"DARKNESS, LIGHTED ROAD",DRY,FAILING TO YIELD RIGHT-OF-WAY,1.0,48.5,2.0,2.0
0489a5bc51aea1669cd39529f11e54eb9c0498d2b887f8f508dd958adec956a56c12a433b6dafa60505a196d93f83cd883387894cd61ae9da8f33edc0fe2a454,CLEAR,DAYLIGHT,DRY,FOLLOWING TOO CLOSELY,2.0,38.5,2.0,2.0
0489ae1a55531833c94d8e64bc6f70ea77edd9d0550e3e67e08f8005bf3a402df98fa4c772721d226c8ee6e24a61847bb2e89d68578c8afad149f004ee971170,CLEAR,DAYLIGHT,DRY,IMPROPER OVERTAKING/PASSING,2.0,47.0,2.0,2.0
0489b139391b40499fddf01fe8c0b8dc9e20b4eb22c813f845a1d4d48f17d2d7df047dcd0240ccc942abca6675cb960fcb71a7a39ec214ac7236b5ae37b3b51f,CLEAR,DARKNESS,DRY,FOLLOWING TOO CLOSELY,2.0,27.0,2.0,2.0
0489b3b3d7e1042139646d23c37a3a259522cfbd6d2662addef1481f64b176fea01e893fccc2c821b6ff94ea48fb4694e01a456c7b9d872eafc55890c2a83217,CLEAR,DAYLIGHT,DRY,DRIVING SKILLS/KNOWLEDGE/EXPERIENCE,2.0,28.0,2.0,2.0
0489c0a26824f4cee2e131eff7290907e42ad7e7f779914ff29e0f4d7d17d9d50037ade5b2cd0025e017ef2186042ecd6e649c303a9b1fbae897dbe2339abe47,CLEAR,"DARKNESS, LIGHTED ROAD",DRY,FOLLOWING TOO CLOSELY,2.0,58.0,2.0,2.0
0489d0f421dd7c0b28e75d4246011eb0d3f3b614713f9860bf619439bca7e37e404ced04e7f3a99947a9eb4c35830affb642f705828e7b594266018e85c82409,CLEAR,DAYLIGHT,DRY,FOLLOWING TOO CLOSELY,2.0,28.5,2.0,2.0
048a1326fab1114473323e53e8f09f9828af1597467545080c8304e4e689af3bba4083b491d0d4bea4baabee759bd6946ea460383b7931a360822bb6d5962ec7,CLEAR,DAYLIGHT,DRY,FAILING TO YIELD RIGHT-OF-WAY,2.0,46.0,2.0,2.0
048a26e82e260d8d71a5b67e209027a6324e6ce8b70074fa5c3958a791bf7e79c3c09f015e5719f14db9e39d2bea39ae0a7edc02dca860860077fa4a5315d9ea,CLEAR,DAYLIGHT,DRY,FOLLOWING TOO CLOSELY,2.0,46.0,5.0,5.0
048a3513c3edbfdd3a36980863e16cca35c469029e1288c8f237b90e915853af4a98d89abb4b1e48d4a0ffb94a1c244b8e5f015acd30c6e007b6ae0926f78d18,CLOUDY/OVERCAST,DAYLIGHT,WET,IMPROPER LANE USAGE,2.0,49.0,2.0,2.0
048a4addda230070a80a5a4cf67ce182dd40269ac3236dd55b93ec7a1cf02662928251af40503da7388b0597f092607fa5a7eaf8da33c4df193fa415e8e68ea4,CLEAR,"DARKNESS, LIGHTED ROAD",DRY,FAILING TO YIELD RIGHT-OF-WAY,1.0,43.0,2.0,2.0
048a58ee7e780caf54b69f771eb56d122063b8aecd598bd1214a7b0c40ec954dfe6abb16932625180eecc754b95bf3100121aa8452c419a463442d7db989d38c,RAIN,DAYLIGHT,WET,FAILING TO REDUCE SPEED TO AVOID CRASH,2.0,2.0,2.0,2.0
048a787e7e31abe8acfddede1d7f1a4bbe482cd6ee3da5e474687d9d283f5c06ef53de81d9743b817f2145e7a724aad96b742873760972860dd5d0f53a06efd5,CLEAR,DAYLIGHT,DRY,DRIVING SKILLS/KNOWLEDGE/EXPERIENCE,2.0,44.5,2.0,2.0
048a9bce15d1138b280c3490ec62747160b8160a4970b28c690b02e22ba12c9936c282c7c215412add03b4cf7acf0ee70fe6621d227cd84e03713c7eb493d5bc,CLEAR,DAYLIGHT,DRY,FAILING TO YIELD RIGHT-OF-WAY,2.0,45.0,2.0,2.0
048af7bf0a9caccbb206fd54eb2cf1d003a959caac22c85f827957ce5f9c12b402af241764dc8bf8ac95aa5c18320825951d2999163a255925fead99dd480a64,CLEAR,DAYLIGHT,DRY,IMPROPER BACKING,2.0,35.0,1.0,1.0
048b00b87441fa006705e05a7301faa21a85714add3e6777c5672f6e4812628debf9cc3715fbfa2ebee8a01526563e36aae164c1145a8b3fef08c4272ed8535e,CLEAR,DAYLIGHT,DRY,IMPROPER TURNING/NO SIGNAL,2.0,31.666666666666668,3.0,3.0
048b3bdb3d5dc93efe5e3e89a165ea922884acffb4e41195b6da92661930afa9abbe3effa23f43fda06474b55385225af44ad8bbf68d9649775fe401d145881b,CLEAR,DAYLIGHT,DRY,IMPROPER BACKING,2.0,38.5,3.0,3.0
048b6c9783cd95d7ad7b45acb2a05a0394bc6375dacb0cce7dbe26bad46f3eb6fa58c9793c4881d1b59b655b81a4678756b62e1b362a28783271cc452546bb85,CLEAR,DAYLIGHT,DRY,FOLLOWING TOO CLOSELY,2.0,44.0,2.0,2.0
048b9dc55ce16c18b92885beef63ee2af425fe5f927eaeb672b8ad23fe83311cb02f6e3ab5069aaa2a9486e5dff1bee28cf782d2e8aac424144ac78f6376d1e8,RAIN,DUSK,WET,FAILING TO YIELD RIGHT-OF-WAY,2.0,44.0,2.0,2.0
048bc22346d367a0fb708f63e69a82b5b303afeb1fb244c5d4bc44148510ad120dc4644cce5fb8cd5509d71e7a7b35e0808d0751a0470c9e89d5e85e3041f141,CLEAR,"DARKNESS, LIGHTED ROAD",DRY,FAILING TO YIELD RIGHT-OF-WAY,2.0,55.25,4.0,4.0
048bce8ea703b63b8019f9152aebf91641dbddd7f000365a118fe650993147eba348353d7c161e3ddcc7aa4b35112ef489209a7a6e4ac411d7728a4ed72e9744,CLEAR,DARKNESS,DRY,UNDER THE INFLUENCE OF ALCOHOL/DRUGS (USE WHEN ARREST IS EFFECTED),2.0,36.333333333333336,4.0,4.0
048bee2778e27b96d83f578f775d617b8a3cef7548f76810cb220c454d40b5ea6a8b37e892b127868b5045d1ebd710a6c9fe1ff29fa24e52fefe8464342d808a,CLEAR,DAYLIGHT,DRY,IMPROPER TURNING/NO SIGNAL,2.0,37.5,1.0,1.0
048c18b9c929183d3bb9bb397c1ae3dc859252962eff17bd4e2843fcfacf1255be35d5ba7da074b2910531381d79005958810e9041fcf5f86b18ace263e79ec5,CLEAR,"DARKNESS, LIGHTED ROAD",DRY,DISREGARDING TRAFFIC SIGNALS,2.0,41.5,3.0,3.0
048c2fd08c3aca417ee376972920eb2730fe453830306591138f43ef657d00d1deef09dd938635d3ea55f15900c4758b6b0febdefb1ac4dc42d621b7ccfaf0bd,RAIN,DAYLIGHT,WET,FAILING TO YIELD RIGHT-OF-WAY,2.0,35.333333333333336,3.0,3.0
048c30c42ef0a9321e40a3477e4409d30a3e8179b69a5c30f47e90f76bbd55a8c5696ba9ff4934598ec36da632f7fca0946e84b83767414d2e51ecda8ec679ce,SNOW,DAYLIGHT,SNOW OR SLUSH,FOLLOWING TOO CLOSELY,2.0,49.666666666666664,4.0,4.0
048c33375dddc1dec8d2843cb864cfa5c399d65c4f0e84b8b2148e8eda64f935b7527dbb786d5a1c4dcd1c43a87912d50baf54e0bb2cab5a3ab02f09111ea6af,CLEAR,DAYLIGHT,DRY,IMPROPER TURNING/NO SIGNAL,2.0,55.25,4.0,4.0
048c789a2773768e3fe3dd4ac18fe796a8d2abdc37bf90ca54db18d746eea88cd05b580304775e9fbc78767b8918951357664358cd8a75c7d982cc80f0acc317,CLEAR,"DARKNESS, LIGHTED ROAD",DRY,IMPROPER LANE USAGE,3.0,28.5,4.0,4.0
048cad11568326d998831e8715a9d82307222864e741aaef71d1a6b466d0d9ac4c250f88779efe865635bbb59ab4c2a3f8e6e951864fa6ad8ea702b8fb2ec984,CLEAR,"DARKNESS, LIGHTED ROAD",DRY,UNDER THE INFLUENCE OF ALCOHOL/DRUGS (USE WHEN ARREST IS EFFECTED),2.0,28.0,3.0,3.0
048cc5bb46e85c0179e98f24e494ad7f267aa8e867ff974a7a4ce3486f1d67bb5489cb4907d796acabd3c65882e03eda187ffc14c64c5eda742b470b067f76ab,CLEAR,DAYLIGHT,DRY,"VISION OBSCURED (SIGNS, TREE LIMBS, BUILDINGS, ETC.)",2.0,66.0,1.0,1.0
048cc8b80bedc7f7807e502dcf1781d980a9fcfc8da600e33d0258181319f929bd4098e0c95ec1b72217ca502498e93fc97824f57f70c0d22e01209b6a1d53d9,CLEAR,DAYLIGHT,DRY,FOLLOWING TOO CLOSELY,2.0,55.666666666666664,3.0,3.0
048ccc29f59ef7e0ad6fafffd5e865474defb782918b91938f16fa87c56966c52fc2299bdb2711b2a8a80f893c29f1402ca0ad16c20ef698302e2bdbe8273482,CLEAR,DAYLIGHT,DRY,IMPROPER BACKING,2.0,30.0,2.0,2.0
048cdd503d18bbeb13758a71990cd4ce98b70d9291f509e5051b3b720fccbcc3840da40a9a7d6b669a38fac7ca5fdd5e90becdad66dba873517d69b3fcc981d5,CLEAR,DAYLIGHT,DRY,FAILING TO YIELD RIGHT-OF-WAY,2.0,53.0,2.0,2.0
048cdefd72b65644a697cbc8dbbe387f62d37eefadf45c78b5bfc1c3985edbfb1e09902b76d3c550c113edfc23fcd27ed4b42a6dc16462ac541f9420ceae9696,CLEAR,DAYLIGHT,DRY,FAILING TO YIELD RIGHT-OF-WAY,1.0,28.0,2.0,2.0
048cfb7466e5d166cbd459e2df79cdbd3fb19cf1b9198d177ca52ccde55fe21d5a90cd338385b55a017e63c2c35e599f2f1f013308ced8eea7c1cdc62ccfa4e8,SNOW,"DARKNESS, LIGHTED ROAD",SNOW OR SLUSH,FAILING TO YIELD RIGHT-OF-WAY,2.0,32.666666666666664,3.0,3.0
048d1a2b6fb05973e1c4e55978c074a9d26db852b851ece0a85a1080ee1720839762543f32ed5abc0aba77bccf66160358b7c4709b65ecc35453a95aa3683b75,CLEAR,DAYLIGHT,DRY,IMPROPER LANE USAGE,2.0,37.5,1.0,1.0
048d2a6e22c8e41a157903dc07484a3f0bf4fbb4db2ebcb5042bd9f05fc7021d7da9d39d35137380de6132f559996a51325fa9308d500c39d149eb29f458c66b,CLEAR,DARKNESS,DRY,IMPROPER OVERTAKING/PASSING,2.0,33.0,3.0,3.0
048d6aa9bfc2bcfcb870aa9b588e7a6b44edfec5ef6ef0c085e39e228953ce1b26a5da739f5ee06505966f9067779e3589b5e46171212134c80f983b3eaf85d1,CLEAR,DAYLIGHT,OTHER,ROAD ENGINEERING/SURFACE/MARKING DEFECTS,1.0,29.0,1.0,1.0
048d77d0e66c2bf1f2d686a6c7364fd5f18d5e04eed17a1c45de9a0b4817922099f6cef61b4ddd2d0ace0e28986863bda332d13da11fc45f7f22343fb7962dc8,CLEAR,DAYLIGHT,DRY,FOLLOWING TOO CLOSELY,2.0,33.0,3.0,3.0
048d86a81a498130b4ea2a91e99a3207cc7fd33d9150ec10a0eff4703dd72b0a3186b423becffed75b2d9e15bc66b6e0b566886b36cdcfd33953e012e7eaccc1,CLEAR,DAYLIGHT,DRY,FAILING TO YIELD RIGHT-OF-WAY,2.0,23.5,3.0,3.0
048db004af3e2e165242dfd59067022a7d4f2b6d6beb339483ca79d0c508b18ab8341934db572a47df8dc7c9a7354dd010787e507f4d2e719e2927014be7547f,CLEAR,"DARKNESS, LIGHTED ROAD",DRY,FAILING TO YIELD RIGHT-OF-WAY,1.0,67.0,2.0,2.0
048dbcb090931bb855fa23fd95a6ce6cdf1c1236aae15dfd01ed84017fb2b1abc602a5d6941b40d7b06042e98a6779676642387284e2245ae506e51f7a0aebbe,CLOUDY/OVERCAST,DAYLIGHT,DRY,FAILING TO YIELD RIGHT-OF-WAY,2.0,34.5,2.0,2.0
048dbe62cf29e374e3d1c6237c80a30a33e25a2a72de08c532c1a475a3f3859633625a4803d999cd1aec591cff763ec60d09cc76133e57b96c599a71f789ffb2,CLEAR,"DARKNESS, LIGHTED ROAD",DRY,EXCEEDING AUTHORIZED SPEED LIMIT,4.0,43.25,4.0,4.0
048df101b4c85f752e43af32752ab899259f1c14979d870604e9ab8408cfd90d3349365c6c523a8920976c015d45329425d2a828f07e68b36e50f73d60ab2bc5,CLEAR,DAYLIGHT,DRY,IMPROPER OVERTAKING/PASSING,2.0,20.0,2.0,2.0
048e5615d266ae2b24bd23907c6a113deb63b1f4edb49f5f1b919406c91bada2ee4cc8faed72ad724488e65e390bc5fbfb8b07defa0d839bf9e37935d08792c8,CLEAR,DAYLIGHT,DRY,FAILING TO YIELD RIGHT-OF-WAY,2.0,31.333333333333332,3.0,3.0
048e5e0798d413f43c22d7992784c0ced195aac448ee2b59b84938a60bff53e17d3bee58a15ac6337c70a2d9016bc6232dcdab737fc68ffd226782bf47788f29,RAIN,DAYLIGHT,WET,IMPROPER LANE USAGE,2.0,38.5,5.0,5.0
048e64e40fe9f04a46b8351564f1c1f0856a17037914a03a67a5529c552baf1a3bc25bd4ac028d2f583f85cc8f3f309ccbd88eb99460d8f48366badf38c1ac30,CLEAR,"DARKNESS, LIGHTED ROAD",DRY,FOLLOWING TOO CLOSELY,2.0,43.0,2.0,2.0
048e6be1fc60e2ce48ba1bcefed07593be1426e94cc6bfb1a348c134fedc5ee5fa6f0c171656997781349ba739b49e163c41a14cc17aeaec2a32c0092de7c95d,CLEAR,DAYLIGHT,DRY,FOLLOWING TOO CLOSELY,2.0,58.0,2.0,2.0
048e9b96d9f39975b6b84a9e51795224c015c98b385a417e61a74bb573c16860de3007d3d09c11df8200de1e56cfaea2476733d58da815de0dafdb7724e4ebbe,SNOW,DARKNESS,SNOW OR SLUSH,ROAD ENGINEERING/SURFACE/MARKING DEFECTS,1.0,61.0,1.0,1.0
048eaddd463d2858aab490ef2ee3982486a1778ab2fa0158d5810d83c3c8e60bdf340e7979635ab0caacb8050cffc43b6dc923e157579e777a08c6872afa8cbc,CLEAR,UNKNOWN,UNKNOWN,IMPROPER BACKING,2.0,37.5,1.0,1.0
048eae5b6358462b2c869e06c7fb3894acd26ed49e2b0d5b67127f904eaf32634c6ea408961c32878389e460b15638a6d086d00e9fdae6dc23b0ad641db91072,CLEAR,"DARKNESS, LIGHTED ROAD",DRY,DRIVING ON WRONG SIDE/WRONG WAY,2.0,37.333333333333336,3.0,3.0
048ed33e912a31ea6d27f032559799e57b4af6a8f74a31930ae01b4ef367f6e3afe73b10d9889c2c2c9eea5051d5fa73473f068201acd54bfc7b81f333f6a934,CLEAR,"DARKNESS, LIGHTED ROAD",DRY,FAILING TO REDUCE SPEED TO AVOID CRASH,3.0,38.0,1.0,1.0
048ee0b4625f1a256d01e960555c1d62d1ff6a9e21b322a494a8f664e97350af367307a3c486e3cb9ff5cd5cf7b6ffbf27bdeee16c4669269e9668f9e4270b0e,CLEAR,DAYLIGHT,DRY,FOLLOWING TOO CLOSELY,2.0,45.0,2.0,2.0
048f064b7a91e6dcc99532e569e116c6d8f6bc4e8eb8da0ec44e49d488039641ed3a0bde47d0ee0d56969cc700fa0a697ab83041401698d068e9fba8b53fb0bf,CLEAR,DAYLIGHT,DRY,"OPERATING VEHICLE IN ERRATIC, RECKLESS, CARELESS, NEGLIGENT OR AGGRESSIVE MANNER",3.0,51.0,3.0,3.0
048f06dad3dffd171035e3833b650cb889f8f76a81e8134bb4a92526d975f6ec15d45951cc10eeeedb79b5e1fb9b28b3a1d84fa688ad33baa77a66b7f9a8f2ff,CLEAR,DAYLIGHT,DRY,FOLLOWING TOO CLOSELY,2.0,35.0,2.0,2.0
048f08e48eab0ac536ec8bdef0b35de3f56725138d334365476f218f48cbe6ca5e83b56baa05afe8a6ba13efb7aad6591b74186aaa90bd0c16148294d1add278,CLEAR,DAYLIGHT,DRY,IMPROPER LANE USAGE,2.0,32.5,2.0,2.0
048f0fb47185db6efe57a92ab28654ad18b9333e7f2c042907e5d38e41dd7b3eac063169c6cf11f2b3ee673808459ab240085c98bd8ce4b442e42e26e896e459,CLEAR,DAYLIGHT,DRY,ROAD CONSTRUCTION/MAINTENANCE,2.0,61.0,2.0,2.0
048f224f9217ff9cd779772ac86a8540ffb48223e87d68ad47079b906ebb16e483538b073155502aeb40d940d6b0da160904ec8b7a57e7fdf8245875991fab74,CLEAR,DAYLIGHT,DRY,FAILING TO YIELD RIGHT-OF-WAY,2.0,72.33333333333333,3.0,3.0
048f594da3fa2b1ef6d0174cc350a115262bcd9fceacfa48671b73f3ca5fa0f65e127e0aa1b8d2dc16ec76363d4dd6e5db65eae6a5d3111c4fe4c7932c4facb2,CLEAR,DAYLIGHT,DRY,IMPROPER LANE USAGE,2.0,51.0,3.0,3.0
048f73cc0cb49bdfad4177ff3286a8f927431716c619aeb8eb535f676d817fd3936ea8db88e2075b7d0403fc84b911d60736b93bef9d78d521770de9b372a62e,CLEAR,"DARKNESS, LIGHTED ROAD",DRY,FAILING TO YIELD RIGHT-OF-WAY,2.0,19.0,2.0,2.0
048f7b479713dc6f7ea1f1742563566f43b94b574b638b160e5a28762743cb92306953f83f5bc280b0c956e6c6baa89911049b3043265938abd45c39e375c303,CLEAR,"DARKNESS, LIGHTED ROAD",DRY,IMPROPER BACKING,2.0,37.5,1.0,1.0
048f7fcce08e16ed25c174a2fa1740938452fee82b93534d342a65bac382048941ef99ab42747752730592a4cfb68bf5f3bcc9dc59a5c4fb5ed2fef2068a621d,CLEAR,DAYLIGHT,DRY,DRIVING SKILLS/KNOWLEDGE/EXPERIENCE,2.0,69.0,2.0,2.0
048f9553b17f11e0322280cadacd3786b560b0175fd93ccae33ef3576a7c42f82c353254c8dfbfc9b230b64246b3fe5795291ddbea2bd5754ad51724ab2b3124,RAIN,DAYLIGHT,WET,DISREGARDING STOP SIGN,2.0,38.0,3.0,3.0
048f972bff467afae042d659bc4056694512814b2123964870d6e748b3a62a3e34ff151ad0307dced9747f22426eacbcce6dd3b543edf8ad09cfd6e0a61357b5,CLEAR,DAYLIGHT,DRY,IMPROPER LANE USAGE,2.0,30.0,5.0,5.0
048fbdd52b9285d74d1b34b6f542f28a139bcb45502828f2e64d14e5cfa8fac8b8eb455ee3dd6ed446500b6c9f37ec456e0e667b776befed521d48cf656025c7,CLEAR,DAYLIGHT,DRY,FOLLOWING TOO CLOSELY,2.0,44.666666666666664,3.0,3.0