crash_record_id,weather_condition,lighting_condition,roadway_surface_cond,prim_contributory_cause,total_vehicles,avg_driver_age,total_people,total_injured
048fc0f71343e71446e1b7b11f147e3e5851f58651f54c3848e2e4abab83244b48a79ec2e6015b3fd5c4cdbbc7ab452c72f265b1feb54590d51a697d631c47ec,CLEAR,DAYLIGHT,DRY,FOLLOWING TOO CLOSELY,3.0,51.333333333333336,3.0,3.0
048fd12b33efa3f37ad6e238137ff95290c1aa3904e8b7a678b4364e714eed37b2d1c7a0ca34c0fb6639c61fe746a10418db726f9609442880ce8732cba95542,CLEAR,"DARKNESS, LIGHTED ROAD",DRY,FAILING TO REDUCE SPEED TO AVOID CRASH,1.0,37.0,2.0,2.0
048ff3b0a4cf6a64e6a5704074262ea3e0add74aac30789cc5307f59a98ad2ce8b5e6513d56dc5f57bd3709722e0adf6bd0becee4b1649eb98a6eede3722af18,CLEAR,DAYLIGHT,DRY,ROAD CONSTRUCTION/MAINTENANCE,2.0,48.75,4.0,4.0
048ff68bf07f2ab71207b22b687acd5fd7e0d8dc7d497e218d9e7df14b573f0388d7022cd4f90edf4b8cff7c271eb3a44dff248af460587ee9bf2949ab21dd14,CLOUDY/OVERCAST,DAYLIGHT,OTHER,FAILING TO YIELD RIGHT-OF-WAY,2.0,36.0,3.0,3.0
048ff6ac2a4cc24ad8f3d4ae133a6202eaca59962c4f419066ba8c5358faa9ad87a911607ddc34d2ac36e17738c1534a1e8287ac9199971b8d6ddea1e4f206ba,CLEAR,"DARKNESS, LIGHTED ROAD",DRY,FOLLOWING TOO CLOSELY,2.0,45.5,2.0,2.0
048ffca8479ce98b2e78f20ee54b01f6249b665d898aaf4852d83795a7a3f6c4ffa16d1a451bd5227a0cef8f4bced661e7e5b2ba0398ff45d3cd0bc52d7263de,CLEAR,DAYLIGHT,SNOW OR SLUSH,FOLLOWING TOO CLOSELY,2.0,30.5,2.0,2.0
0490527ae3f6bb5df4d917adcc34413d925a430d6748e8191601872eceb5acb8c10cc9bba2312b0ae178ba27cf1499786d6617c8b67065c7bb7696faee24ef78,CLEAR,"DARKNESS, LIGHTED ROAD",DRY,FOLLOWING TOO CLOSELY,2.0,28.0,2.0,2.0
0490619522f0623b88b808607dac87976cf6ebf9cb0db66ff65f982bde59178796fe922e4e2d006e11eb43979f23384d632cc4413ee75218ec0ab4705d107b12,CLEAR,"DARKNESS, LIGHTED ROAD",DRY,DRIVING ON WRONG SIDE/WRONG WAY,2.0,39.666666666666664,3.0,3.0
04906f28b45e5f69451b2b811fb15d865ae98cc2148707f769e938a0dcb4c7d9f18c5356629f4351c3b48d04869b2088a223ff97b824aaf9626ac03582c4f8ad,CLEAR,"DARKNESS, LIGHTED ROAD",DRY,IMPROPER BACKING,1.0,57.0,1.0,1.0
04907f3ba081d90f673cb2efd67bad9b7925bdb428aa0fdf6cb6a9a48e4ad5ea520e6e06fd6cfc36e5bb388f681ac0003c8de655ba3e57e0d0508777da764dde,CLEAR,DAYLIGHT,DRY,FOLLOWING TOO CLOSELY,2.0,32.0,2.0,2.0
049087a4288dd186f323b1c861eef49e540e93f4cf9ccd7b032219207a500fb923024dc9f8059ee89dbfced0dd7ed0d3c7ba759558d8bab8f23b38bbc7a21014,CLEAR,DAYLIGHT,DRY,FAILING TO YIELD RIGHT-OF-WAY,1.0,38.5,2.0,2.0
049099b67a37d2ecd36f411630142ad5e1a7efb96631e4e7ffbb3e7dd463c2bbe3d303537fc058ed79f965060fd9735291c775f9618cef39a4b7da9bcfd44d79,RAIN,DAYLIGHT,WET,IMPROPER TURNING/NO SIGNAL,2.0,38.5,2.0,2.0
0490ad673dfbd6d1c9a8660220b8dcd692690926718acb429c480be7b6036aef540b609c2ed059a6bf90cdde731460de6a43f2eda4389cbd1219deb182c2536f,CLEAR,DAYLIGHT,DRY,IMPROPER BACKING,2.0,50.0,2.0,2.0
0490c68f448e5d4c62759fc4fc380bb8e49a1e3ad8c8b73265dc9c7e3d0af4600ebd50d8a6ab99fa86965b8c92929e63d89ea272d5e1250a27e345e8f88eb599,CLEAR,"DARKNESS, LIGHTED ROAD",DRY,DRIVING ON WRONG SIDE/WRONG WAY,2.0,38.0,2.0,2.0
0490cf9fdcdce42098038ecfc88a96746f9504ed762692c781e48bdd35f4178d61ca873c605c27521cf3c620acba01d5db2a07185e7110143d9714e78fdd2682,CLEAR,DAYLIGHT,DRY,FAILING TO YIELD RIGHT-OF-WAY,2.0,49.0,2.0,2.0
0490d56c2a0d8515a63d293583eb3f9f2cc48e7a4a1ae8b09ccd18f7ee0e139f2ecba8caccd83866fa80ae73d6d88ee31158ed0096dc182c8d0c1746740a8049,CLOUDY/OVERCAST,DAYLIGHT,UNKNOWN,IMPROPER TURNING/NO SIGNAL,2.0,33.0,1.0,1.0
0490f908d9c502e7b972ffff232d2eb606670d1f6ffa981982ed72b7fead818198d656b865d73fa477b99ffd7953ce4834906de05ea37f1d16727257d2115de6,CLEAR,DAYLIGHT,DRY,IMPROPER OVERTAKING/PASSING,2.0,40.5,2.0,2.0
0491233e572ab2313a4225c893d58f9c1969463c6fa5c3cf4709a129ffb4bf85e0e108076a92512f991548b9ad8f1dc07216d81b9179e3d4f6294aed05279562,CLEAR,DAYLIGHT,DRY,DRIVING SKILLS/KNOWLEDGE/EXPERIENCE,1.0,56.0,2.0,2.0
04912797250df96ccfc08d979003f0411bf608669f023ebea4fb71c7ed1078fab21d56f0d6f6d84aa2321fc2e2030174a9bb14156906a91f56bb76d8953b0aad,SNOW,DARKNESS,SNOW OR SLUSH,DRIVING ON WRONG SIDE/WRONG WAY,2.0,27.5,3.0,3.0
0491407db57f93ff9f68b0a9d3a5a02511136d0d6f8f26508054ef0d1d53bdcd49af24f63c9cb6cf01fbc05694e7bec6b3fcb4d45204e098ab5240f268712cbb,CLEAR,DAYLIGHT,DRY,DRIVING SKILLS/KNOWLEDGE/EXPERIENCE,2.0,33.5,10.0,10.0
049157b04ef863228363f565de31aeed9247083185c4df7ce7f4b43a6d8f6a9907ea452a191fa04bf43cb1f831d9cbd907de69339cb90538811549e392dbaaad,CLEAR,DAYLIGHT,DRY,IMPROPER OVERTAKING/PASSING,2.0,56.0,3.0,3.0
049173c2f1339816747e9e01290659ed78e2cc3908f3068919224fcd018fc0e7f5798f0750b7d924584dc1c94da18f6d6633096548396eccfa295fa3d206d605,CLEAR,DARKNESS,WET,FOLLOWING TOO CLOSELY,2.0,33.0,2.0,2.0
04918a80880b973e7e1e2f2b8d5019c02a2dbc33aa0bc522635e1247de005ec69e66b201934c33a55ee2ccf1c1bee14c4a340a0a0734011056e473a18e596c13,RAIN,DAYLIGHT,WET,FAILING TO YIELD RIGHT-OF-WAY,2.0,21.0,2.0,2.0
049191672c02f1af3e962dc892d3ec6672f4685a6907146754e41d08c70a23940e6a0a9c16629d5b233ce5fbc725fca4b6a36dc49ccb94a77f48b64a9854a52b,CLEAR,DAYLIGHT,DRY,IMPROPER BACKING,2.0,66.0,1.0,1.0
04919a8284375c739818e51d70c735005fd1e9531cabb00df372aac77bf45e9e0345c12b9292084e44d770e3fae1e5c31a97b6a1c37a37901bcd9bc403bbf8c8,CLEAR,DAYLIGHT,DRY,UNDER THE INFLUENCE OF ALCOHOL/DRUGS (USE WHEN ARREST IS EFFECTED),2.0,21.333333333333332,3.0,3.0
0491ba94cf822f9c778518d97d375a7f09c9e2c4ba0025bf5b674f9f3b49acef5b1158d4f44334cd94487455beba9c618be095483ec0c28692cbb8857ea96b11,CLEAR,"DARKNESS, LIGHTED ROAD",DRY,IMPROPER OVERTAKING/PASSING,2.0,41.0,2.0,2.0
0491c1adc4380d930ce011612f8e5f6d7fa6f9ca4edca8444b95475a1693ec2ece46dcf07b6d995c8801d1fdafefb536c717ee50cb83494d598fc10568cc124f,CLEAR,DAYLIGHT,DRY,IMPROPER OVERTAKING/PASSING,2.0,35.5,2.0,2.0
0491cb164ff453c8203bca6a27680a2c9f3a734af857bd9bcf28e6a6bccfd2bee87b298a5cddcb466b2d37c22d078f9c879c73686c1845c23cd74395e662e882,CLEAR,DAYLIGHT,DRY,IMPROPER OVERTAKING/PASSING,2.0,57.5,4.0,4.0
049239aa4c7d655f1fe5c5b47eb49d1f12258bdcf293ca76de9dada9cb2260db9fd8b832b485e32b9d748d2332d8246e7e34fd1a143b14cb4a5413fd800a8c0c,CLEAR,DAYLIGHT,DRY,FAILING TO YIELD RIGHT-OF-WAY,2.0,44.0,2.0,2.0
0492650a183e49ba11c6822f35865743e72cfc428dafb227abc1ecd04b49104ea4cff3ce720e2a3206b6eae3894716ce2e4ea2ead3ec7dc88788a71e6dfad226,CLEAR,DUSK,DRY,FAILING TO REDUCE SPEED TO AVOID CRASH,1.0,37.5,1.0,1.0
04926d272e978360def9c12fbc6b6e7e1c97362b2667ee1d5b0b8174f49a698f6d80f333aed80fa5810c9306f9cc2bee52de585d52f507fb3b94b8e0ffaf75e3,CLEAR,"DARKNESS, LIGHTED ROAD",DRY,FAILING TO REDUCE SPEED TO AVOID CRASH,3.0,44.5,3.0,3.0
04928319e3df924802ef3eb2a8f70baddedd8be6c11e6f53f5921d90981a8fdcf02fdd0011df2774f68dd0fcb6309df9691172dd8468008045abc1cc1918b059,CLEAR,DAYLIGHT,DRY,IMPROPER OVERTAKING/PASSING,2.0,37.5,2.0,2.0
049293020c8cd591d211dd8faf1596cb64963738394d968b3f00976e368aa482dd723c7dcdeba2971b4545617fd59ab23db758a3dc36dc3f605547e18e50dadd,CLEAR,DAYLIGHT,DRY,FAILING TO YIELD RIGHT-OF-WAY,2.0,52.0,2.0,2.0
04929350a3e9234d7307f3af30e5fb18d2020d56957aa44a2239176105e8145e0c53f39568a19bb8dd78ae3c8065179bc30dc5488f68ebece1df1eac33d411c0,CLEAR,DAYLIGHT,DRY,FAILING TO YIELD RIGHT-OF-WAY,3.0,28.5,4.0,4.0
0492940cb219c48c670d089b5556646d6c00634a9d1aa45d60e3b59afc420505c3b1ddbf4f39977df66c9cb313f9eb0842fbf33d7287d8c8b2d13665fd86d6cb,CLEAR,DAYLIGHT,DRY,IMPROPER OVERTAKING/PASSING,2.0,20.0,2.0,2.0
0492956cc71a52374817b0b4a3f7d360f18739c15cd9dbea83553bcf11cd69625dae029f76c994428b5466e8891b4fa0c211b9b3ad7784f4f142c3663eb52d38,CLEAR,"DARKNESS, LIGHTED ROAD",DRY,DISREGARDING STOP SIGN,2.0,45.5,2.0,2.0
0492ab0ae400cbaefec5608327d973fdc808b072c7ead82bb5f9e81334e52307acb6a91f62e1075647fb0e5e449be58390c11de34a970ab4ae4cf82c804b6c9e,RAIN,DAYLIGHT,WET,FAILING TO YIELD RIGHT-OF-WAY,2.0,28.0,4.0,4.0
049319a99e9ad629675ac533e833e8a7cf2f9b006b489b328f5fb96e155b9a5004e078775b0aa62da71156d7783228ea2182a89e03104ed60d4f380f92e5b4ec,CLEAR,DAYLIGHT,DRY,IMPROPER LANE USAGE,3.0,46.5,2.0,2.0
04931da237959731f3280b63a2ab0721c607c8c14751a1eacd75f24252e5f1acfa69967040c4ec2b49df12dd13c0b2d5e602e7d0c5d38604bef0be54b99c337e,CLEAR,DAYLIGHT,DRY,IMPROPER BACKING,1.0,40.0,3.0,3.0
0493218f10dfc660acef64f6c0935a2d490af2d40184f1741af28a7039637ed8eb90dc4d77dd8142591ac5570995f81e4170e740c606724c423220eaaad974c3,RAIN,"DARKNESS, LIGHTED ROAD",WET,IMPROPER TURNING/NO SIGNAL,2.0,23.666666666666668,4.0,4.0
04933fb15fdcabc1cb1ddfb259f28f8e9c44d4d529f0003860b6c000b5e4d112a14fb180da79209fcb2616126daa1ff3820c4b1527a0ed575efa0a555bf8b4c2,OTHER,"DARKNESS, LIGHTED ROAD",WET,FAILING TO YIELD RIGHT-OF-WAY,3.0,31.333333333333332,3.0,3.0
049347bc4cb45fbfd55a01547c436808c797ccc55b57811af44d7cc9aac3406d26d7abe12b2727ffb26fc51e91248e22d9947e4ea7a07e8b97d6482364329476,CLEAR,"DARKNESS, LIGHTED ROAD",DRY,IMPROPER OVERTAKING/PASSING,3.0,37.0,3.0,3.0
04934c7560e7dfa6ffcb33d3255cdf35d9c5266b982ad9bd7fd2709a6d4d608229e122a23bd05101c7c351f9f320ca3b43ac5319711991f1a34cfc82ae7a6835,CLEAR,DAYLIGHT,DRY,FAILING TO YIELD RIGHT-OF-WAY,2.0,47.333333333333336,3.0,3.0
04936554f99266f0a4f0109942c61cc0d19556dfec066207828eb33caca0f8c7787f578c086acb3f1566aaaa85134aeb303f239d4155487040de8cd4c7952aa1,RAIN,DAYLIGHT,DRY,FAILING TO YIELD RIGHT-OF-WAY,2.0,52.0,2.0,2.0
049365eecb9a665c37379ca404405e9b25c0796ed96eda24f40a50a009cc4313d9753e00d7e7b14e0e1cb944995348fd7e96242e1083fba125c928c37b36a4ec,CLEAR,DAYLIGHT,DRY,IMPROPER OVERTAKING/PASSING,2.0,46.0,3.0,3.0
04938398c3b969cc65cc790172bb8196a3859718bca0823de8cb990ea1a324180ce6c83664d50c59235c977a14a9b52b4e41e33c3e9a227669f90d06f3a835c6,CLEAR,DAYLIGHT,DRY,FAILING TO YIELD RIGHT-OF-WAY,2.0,63.0,2.0,2.0
04938454c65c342b95e5b6152d07d2bd9ac4425e1baab46bf0b83b26c8fb11cd51c5dc1297dc4ef34660a073a1745d91160edf1a141678711910efd797e8a3f4,CLEAR,DAYLIGHT,DRY,IMPROPER LANE USAGE,2.0,45.0,2.0,2.0
04938fc6ee80e7665ae31118e253fee467fa0bb9f96d930345f870d805a0270668a75c8d334d050fa4994b010d6d8b0919d8c806b0895af2c126007b313039ef,CLEAR,DAYLIGHT,DRY,FAILING TO YIELD RIGHT-OF-WAY,2.0,56.0,3.0,3.0
0493a63fa6593a89eaddc9a6e6b6d345f1d8cd897e2ba4febe7900f81b3102a63e1060d41ec8d543faac2fbea61e42d2c66b3886ffdf65b7a4247da8ca4a16ad,CLEAR,DAYLIGHT,DRY,FAILING TO YIELD RIGHT-OF-WAY,2.0,36.5,2.0,2.0
0493b935e02a2b8d7539e61fff1c6a3c6e21fb3113a0cbfb222faa4e9b0d7143093e0f4fcc1f749072710300f584dd8d31a8d07701d6835942739d4a17c26e5f,CLEAR,DAYLIGHT,DRY,FOLLOWING TOO CLOSELY,2.0,39.0,2.0,2.0
0493d08ca19e71a91de90c02e088a7aa0523db6104baebef00f3a5aaf7802ac7b59fb05d20f37e8a86105648dbb40cb4020f0ed05312a951be66426c946a8843,CLEAR,"DARKNESS, LIGHTED ROAD",WET,DRIVING SKILLS/KNOWLEDGE/EXPERIENCE,1.0,17.2,5.0,5.0
0493d5535c582d0e716dfc029de5fa0be5ff6ac5ee5b531ce1b08ccabaf20816861720797228c2f13e5772707f003b2d49f4f69511ca63fbd618711c777860d1,CLEAR,"DARKNESS, LIGHTED ROAD",DRY,FAILING TO REDUCE SPEED TO AVOID CRASH,2.0,35.5,3.0,3.0
0493d6877b82eb2f543a5a22ab9a478898949d25b99d1231a7bf1126b038d7fccf5efb519d45f0f29a90acf2b8945f8ce64c5736eabf97bfc1ac52ad22101cd8,CLEAR,DAYLIGHT,DRY,DRIVING SKILLS/KNOWLEDGE/EXPERIENCE,1.0,32.0,1.0,1.0
0493e9d1fc42a537d68c1fcb9f890017f8ed48587837f84c5321e6f30f527f4480720b678bc4d3c960217c2443c00bca594c67a8d301db3c90c054b9fa708c06,CLEAR,"DARKNESS, LIGHTED ROAD",DRY,FOLLOWING TOO CLOSELY,2.0,36.5,2.0,2.0
049400dd7b919927202a791fd40947c1b8162e031d90f8493b2931473d90e90d42cfd01de9d8362f6662a1552d04e1042e5f1f59db9784fc7afc872f8ce3941e,CLEAR,DAYLIGHT,DRY,FAILING TO YIELD RIGHT-OF-WAY,2.0,47.0,2.0,2.0
04941629dc3d6534e1c0f7c351a9a385b0804e09ceff8c945f41281dc749c67706a55c92abe07318a8c9970ae80e1a1e0cdfd3951d1a8c5d9cdbe81d169fd7e7,CLEAR,DAYLIGHT,DRY,FOLLOWING TOO CLOSELY,2.0,52.0,2.0,2.0
04942719e71fc700a44d5b79327b997b8d46c6d56e1f6f454d0ac3a65dfd74b5f6823e0957102c97592e495cf1ed4218615e1eda969e72ad8b8cfbd5f99fb383,CLEAR,DAYLIGHT,WET,FAILING TO REDUCE SPEED TO AVOID CRASH,1.0,44.0,1.0,1.0
049434e1fa6dbf62956b03797a97a689483709ea03b28ce12ebeb6096ec96b66964e051f84a71d92d2690c85937abaa019ec85528dd000495dc705c9622ffb63,CLEAR,DAYLIGHT,WET,FAILING TO YIELD RIGHT-OF-WAY,3.0,31.0,2.0,2.0
04945f9d19da8787776c222b20eb883cd1ad82e6e55afa0715c93f23cf40588cd905e096616f61e29088f2b7604913e179fd6296efc4f2c5a8b5c5462ba7d658,CLEAR,DAYLIGHT,DRY,FOLLOWING TOO CLOSELY,2.0,21.0,4.0,4.0
049475ad77c2011ee4e842429e2c143f629dcf58909ce8de6355a2a2fda2d2974bd392c534c3cbb00e2845df1013177472506e7597a80f837297c4fa8cc29f6b,CLEAR,DAYLIGHT,DRY,FAILING TO REDUCE SPEED TO AVOID CRASH,2.0,38.0,4.0,4.0
04949e5772dd33108ff947df4a03c196241f5d9f16319bb6a36649a87535d82b6e074f5e3fba7c740ab91f5c33de8240f4ddcdb475c87b21a72215f98e9b9659,CLEAR,DAYLIGHT,DRY,FAILING TO REDUCE SPEED TO AVOID CRASH,1.0,56.5,2.0,2.0
0494aaf3a1771bbf21761f41bb3d9566945f900708e4fe50881c5fcbaf96abeeb68256ed50e1ec0c852ef3acc83a98546bcbafbd9599d83207da9db11f3f11fd,CLEAR,"DARKNESS, LIGHTED ROAD",DRY,IMPROPER LANE USAGE,2.0,42.0,1.0,1.0
0494d269f32a0e36af8f29c4107d46d109d6a20d6de325d8eaf9de33f9cc2228f5c52863bc5b8245196636a90ef99bd52e948dc4982a17c07cace9781836c960,CLEAR,"DARKNESS, LIGHTED ROAD",DRY,FAILING TO YIELD RIGHT-OF-WAY,2.0,0.0,2.0,2.0
049514692d4251eaecebaf38ca25fb585a094c27ff2f813084c194cb5c717d01624a0120d20723077882c9c6d90a32b20027f542ad934dab3b7735eb717bc08e,CLEAR,DARKNESS,DRY,IMPROPER BACKING,2.0,42.0,2.0,2.0
049518465fd987a058440b85f78b354cb0ba9c4bffa860586448abde840c4f86da67243215cbd3c3818f10ce0eef217fb34a1e5c57313b9b3e6d97a7d05bc4b0,CLEAR,DAYLIGHT,DRY,DRIVING SKILLS/KNOWLEDGE/EXPERIENCE,2.0,31.333333333333332,3.0,3.0
04953f82acab350d2187395134ed51f53a1eabc54114b12c428ba8f3f8b359a2bcfedecdd294a20d9532d2628559b3eaea55e65b9444c417fa233793764510ba,CLEAR,"DARKNESS, LIGHTED ROAD",DRY,FOLLOWING TOO CLOSELY,5.0,19.5,5.0,5.0
04954a54450edb78a933b148d84538e453686023ac54ea3231724a50a5e65f67c4cd02c4dff36de35ced4fa8bfbba50c986d3ded187ae3b594a207e8515bd297,CLEAR,DAYLIGHT,DRY,UNDER THE INFLUENCE OF ALCOHOL/DRUGS (USE WHEN ARREST IS EFFECTED),2.0,33.5,4.0,4.0
04959e5373133046915659aad03a2f1fbabfee6ce4a826315674dd4d809f1fece61ad6fc45dceb4dc79e144372b6fccef873db030b6e4d8e982536e7d0b7c1c8,CLEAR,"DARKNESS, LIGHTED ROAD",DRY,IMPROPER LANE USAGE,2.0,44.0,3.0,3.0
0495a892b85422c73702a281b85a002c869c17bca92e11ef2897c855e18f4af773d2790bfb4b56893f49cee20c0c72cf5710503ec42f1065cb88969371d651bd,CLOUDY/OVERCAST,DAYLIGHT,UNKNOWN,FAILING TO REDUCE SPEED TO AVOID CRASH,2.0,31.0,4.0,4.0
0495d2ec06ef38c427b0d72312abd4d68938a90fb0bf9135932ee707988c8271ca4580b77b6cfe943664be8258bcb8a88a85ffeec4d7622ff11eb2a65310249b,CLEAR,DAYLIGHT,DRY,IMPROPER BACKING,2.0,38.0,1.0,1.0
0495eab54bd631960a2e0262cf6ded9631728b9faaaa263dba14ce348d26fce6e300050e1e16a9c75cbf33bce4be902bbea7c55e16328552c6e95cfadefed785,CLEAR,DAYLIGHT,UNKNOWN,DRIVING SKILLS/KNOWLEDGE/EXPERIENCE,2.0,49.5,2.0,2.0
0495f8f5eb97edcccba9ac86aa5d2f51e684a6f878afa3c25112ab5f0a372c40860d235c0e550558d3f6a63272ae8e5061ee2f08b7664643bbf4beda49199faf,RAIN,"DARKNESS, LIGHTED ROAD",WET,DRIVING SKILLS/KNOWLEDGE/EXPERIENCE,2.0,37.5,2.0,2.0
049603b3065841610ff71861846dfa278466032c243697cb73fbd54a26db29be189bde7069f46535390859efd618924d828ae314595a15781dba80b9387f0a5b,CLEAR,DAYLIGHT,DRY,DISREGARDING TRAFFIC SIGNALS,1.0,17.0,2.0,2.0
049605932df71a1493a01273a5b029efe828175f3a069b8467d6cff49404ef98b14a6a3cd070175b0859c7394014ac5d7dd9f43c93f1c62307ea90bbd4258fb3,CLEAR,DAYLIGHT,DRY,IMPROPER TURNING/NO SIGNAL,2.0,31.5,2.0,2.0
049606960ff170fee9881185a22a95d43cda5eefa49dd92e6c9a69ee41d1a3400bec85b0a742de56c0781b028cbbb83a5d07c920da7961def128f8c62edc4f2a,RAIN,DAYLIGHT,WET,FOLLOWING TOO CLOSELY,2.0,45.5,3.0,3.0
0496095283c9fde63b3a5eb88bc7fa563ed4c00bf1f62ee0e1b2febeb1d2a5f31034a598ea125088d9b8bd179c9eecc5398c95efe0505b7b9bfa7b074b392ca8,CLEAR,DAYLIGHT,DRY,FAILING TO YIELD RIGHT-OF-WAY,1.0,63.5,2.0,2.0
0496095b91308528f5159e56409bd29999ca218ecf852b8a1ffc2cb243f2078d82a3741d5dbd9dd51dfbb3eb138ed4f01ba64d8521e37c7e5f22770cd78c1de2,CLEAR,DUSK,DRY,IMPROPER TURNING/NO SIGNAL,2.0,26.333333333333332,3.0,3.0
049609c0c342ffcbd25955c7a97147fbfc806e5282d5bd7c7c3aa0891a9b20e17defbfaf959a9186343bcb4e29082226e8c16bd903c36ca820281b3030b5243d,CLEAR,DAYLIGHT,DRY,"OPERATING VEHICLE IN ERRATIC, RECKLESS, CARELESS, NEGLIGENT OR AGGRESSIVE MANNER",3.0,17.0,2.0,2.0
04962ca4246b3470a6e0429a3f52e1e912431d26d1d8b907d3dd8996098acec1e3d51f683b5efe1c28e8d50ed0af35a4b10700de58b78e72dd5903ee515f1184,CLEAR,"DARKNESS, LIGHTED ROAD",DRY,PHYSICAL CONDITION OF DRIVER,1.0,12.5,2.0,2.0
04963547fd3491b8a7099eea0e52aa50d74dcd283754e98ff36417dbd6e3535c2de4e9c1f71ec64f7f6d42a8e57fa97d5a339356c6753582308c52255aa3440a,SNOW,DAYLIGHT,SNOW OR SLUSH,IMPROPER BACKING,2.0,39.5,2.0,2.0
04964586c6b2b62b0aacd505166294e9b5c88a1b7b8d8d47e7d5a1793e3e2050d83bce1a386e1606ed5b2acb4dd1250ec06fc44500146d717fef9ee25bc13e47,CLEAR,DAYLIGHT,DRY,IMPROPER OVERTAKING/PASSING,2.0,29.333333333333332,3.0,3.0
0496967447431355ca77b904254e9f30f3a9b23f5e003130c4a53d344d0231dcae88135068e850ec14d563e37da7d01f3b1244af138c7e88a7b9535e826ebc22,CLEAR,"DARKNESS, LIGHTED ROAD",DRY,IMPROPER BACKING,2.0,37.5,1.0,1.0
0496a7b445f9415487dbce4d3c7236d0fa2d3f0f516fda58663db57306f14d98cc13f8675c2ede08f1df50bcc1959c49449d46bcb7e06a6a2256337bd14b6dbd,CLEAR,DAYLIGHT,DRY,EQUIPMENT - VEHICLE CONDITION,2.0,28.0,5.0,5.0
0496a853d313e30caa1ac27912ab88ebd344653e706afdf30eb4579771344370c61d3b3d9afc9ec7d17476e5dc7075bee4e991d8a54f0588452874dd7e8a1511,CLEAR,DAYLIGHT,DRY,FOLLOWING TOO CLOSELY,2.0,28.0,2.0,2.0
0496c36dce9725515c1ad538e9a264c4b2685949bbaaa5127027c05e430795592a481b006017f5baa031ccab329d50f9912dbeb19e1f0716b88b3ac8bf134f55,CLEAR,DARKNESS,DRY,UNDER THE INFLUENCE OF ALCOHOL/DRUGS (USE WHEN ARREST IS EFFECTED),2.0,38.666666666666664,3.0,3.0
0496cba1fce52be3b8eb333a3d749b0260050424abca0bba03d2852aaf7e8e7ff8629623bf623b72a1eb1eeacd193630f50effb59abebb58fd024cf52506c729,CLEAR,DAYLIGHT,DRY,IMPROPER LANE USAGE,2.0,40.5,3.0,3.0
0497037b893a8eb20eb089f207cd2133f34a28f0bc276d7d29de66e083386c1c101d105fe00c02b92cd78eb1c41fd3fa6041b73fd5deaa6a66ede6813b574a48,CLEAR,DAYLIGHT,UNKNOWN,FOLLOWING TOO CLOSELY,2.0,31.5,2.0,2.0
049703efa9991f76305bce2474119b030f4def93dfefe92924a10caa13dea0258d4f975902a5aa048e17cb0be2a11e983247793064cd2ef692d6903ebe48d9ae,CLEAR,DAYLIGHT,DRY,IMPROPER BACKING,2.0,37.0,1.0,1.0
04970ba426cfc17d0c4de8b0e705b3ff549ac2d8541ad2422eb66d24c071d78488f3e4da0e3c46c9853efddf99e232c3ca7395b2d0166d5e8a625eb9aa6ebbd7,CLEAR,"DARKNESS, LIGHTED ROAD",DRY,FAILING TO YIELD RIGHT-OF-WAY,2.0,25.333333333333332,3.0,3.0
04974becf8500fb08d0e4994eb08baebce3ace3af3d1543d3ca0bb998230d23ed58fbbcc659ed07a8394e7128fda41143cbf1cee25c0be93b63272d654fcd33a,RAIN,DUSK,WET,WEATHER,2.0,33.5,2.0,2.0
04976a7daa8a6f16c8e095fd69f6a2eadfcfd2d2da4eeb6d3661b8ffa238a0d0a1d2a918293b10254f22c5e3349ad7027b799b7aa04482f8d4c4a2aee0e1c367,CLEAR,DAYLIGHT,DRY,FAILING TO YIELD RIGHT-OF-WAY,2.0,35.0,2.0,2.0
0497a9dc8998f748b39d06399c90a8ab7d185f1a7321d6a473d6cc1c7b470335fa098b72c46343afab97156ceefc8909d7112f9b2595b14d8e557c4bdab703dd,CLEAR,DAYLIGHT,WET,FAILING TO YIELD RIGHT-OF-WAY,2.0,39.0,2.0,2.0
0497f59f0ee7a9b8846bfeb9dc79fff71058f21da5b5b27cef6c53e5255e394f48e8deb8634d4ca75115319bf5f7c23b4c7c2dd4186b945b5bd5c4d8763186b0,CLEAR,DAYLIGHT,DRY,IMPROPER OVERTAKING/PASSING,2.0,50.5,2.0,2.0
0497ff1e3ab91cb2631abd220cbcc3e3a5d0870cf36a27a3d0e31d486deebdb514c3f5885aee9a76ea59b94ca3873a8373cd80f95d39667bedc51812a717b4d7,SNOW,DAYLIGHT,WET,WEATHER,2.0,28.0,2.0,2.0
04982561ef5b791e90d6da8964eab3d1f9fa3ae560612291cfc711387223193c5b5edacbbc14de6c108c8f350803a30163e2187779868182a69fe1f9cabe7e3d,CLEAR,"DARKNESS, LIGHTED ROAD",DRY,IMPROPER OVERTAKING/PASSING,2.0,49.0,3.0,3.0
04983331b993af0531158ec4960a0949531544fd69604ceb567683b00225753d2e255b7feddbe3003d34c0897cb22457514e39aca312e1cde6062b77d7c0a043,UNKNOWN,DAYLIGHT,UNKNOWN,IMPROPER OVERTAKING/PASSING,2.0,23.0,2.0,2.0