crash_record_id,weather_condition,lighting_condition,roadway_surface_cond,prim_contributory_cause,total_vehicles,avg_driver_age,total_people,total_injured
04983bc4b4a0179424965cee09fdaf143f2691e9b7f517fb962326b45e0be83ac208ff9f8e427614534b220d5b41a60ca124a321e468a09c7c64f1877b614dff,UNKNOWN,DAYLIGHT,UNKNOWN,FOLLOWING TOO CLOSELY,2.0,60.0,2.0,2.0
049843495ef64fb0cc80edb18e585ccdc41725c879e6710b1f2bd184c76cd2c80e468bbcddcc13c1bc934276108a86c1780130bad163fdbfd5748859601098cd,CLEAR,DAYLIGHT,DRY,IMPROPER BACKING,2.0,51.5,2.0,2.0
049852b783d882f0fdd26436a72e1b04153c917cc2d8fdba1909bae5b9395ecd1c061d5776850816550f7114fd3dc3d986127d0747d6d07ae2f445b29b014ef4,CLEAR,DAYLIGHT,DRY,FOLLOWING TOO CLOSELY,2.0,45.5,2.0,2.0
0498568a599da18c84a7310cc45d21e237e3e3a6b6d05f980ad9715b8d7d4d8e64de03751ce6076ef67b685ddc87aa372410ee9b8d8358f5183f85341b87ab5c,CLEAR,DARKNESS,DRY,EQUIPMENT - VEHICLE CONDITION,2.0,40.0,2.0,2.0
04985ae8df366ddb70841b03bfd81b4ea581fd2ef448edee00cfda1a629ed5dc094660b1bcefc249e432f7980098c5936b78b1725d95e5a8ee56ec0f7d11b525,CLEAR,DUSK,DRY,IMPROPER LANE USAGE,2.0,36.0,2.0,2.0
04986c01ba79e06bc3076bd73ba0974fc4b207c53e67b58e44181c86e747e050b308327d13e1be7d3b90894eac89d74fdfb3af8e6ebe93270364303a83e5bd25,CLEAR,"DARKNESS, LIGHTED ROAD",DRY,IMPROPER OVERTAKING/PASSING,2.0,46.0,2.0,2.0
04989a6c9509633c6560356ad802b4dbb3609d0cf7eb1d6cf1511fa4faa3e0bc4d31aba52bced3db1dd5c91f584a43ce2a01a0f9cf2e4d257a94875deb45893c,CLEAR,DAYLIGHT,DRY,FAILING TO YIELD RIGHT-OF-WAY,2.0,28.0,3.0,3.0
0498a24a9c00be5ffec017767ce8690721b1484b226090ee5bb23202cfc0e33fc70e38b66753f3ec6f7235898d23f64aea9401fa6488500627cb48c2a181385b,RAIN,DAYLIGHT,WET,PHYSICAL CONDITION OF DRIVER,1.0,75.0,1.0,1.0
0498a2b8370b287b6bd17ba82a72fa160a76c060a735fcce6eb8041198d24f9649091eae862ea11c9ca807b6bec5302f11710988b71bd2bb028ceff7aee1d1d5,CLEAR,DAYLIGHT,DRY,FOLLOWING TOO CLOSELY,2.0,31.0,3.0,3.0
0498d8024b5bfb36580916ec74239f5158903b87877ff09953e25676277dfe88515a7d8141b25e7ec972057908e3671f12ec3ddcb083818411654c0c05ca1698,CLEAR,DAYLIGHT,WET,DRIVING SKILLS/KNOWLEDGE/EXPERIENCE,2.0,36.0,1.0,1.0
04991f39697b72ebddae3ad5e4ebe1b4a666e76bca148142687876605896e2f82d22e13239e2b4a7f13dbb03e06ff25a05c89dbf8349384a41c1b852c17a5a06,CLEAR,DAYLIGHT,DRY,DRIVING SKILLS/KNOWLEDGE/EXPERIENCE,1.0,62.0,1.0,1.0
049929676089ccfe4b982f841f6c3fcbf0da85fe666bb9bdec4b587fb0d2c751b14a89a57f4296446cb5a400c5de0f50f23c2839205eca102b48cb6787220da8,CLEAR,DAYLIGHT,DRY,FOLLOWING TOO CLOSELY,2.0,36.5,2.0,2.0
049932ef200746026dcbf8df353c9b3ae1bfca5c5de7429dec52e8e873d6c8bb1a6e89d232c61d5ef5fb442694ccf5050fd18234059afdc10db3d2dae0d56c64,CLEAR,DARKNESS,DRY,IMPROPER TURNING/NO SIGNAL,2.0,58.0,2.0,2.0
049934c2995782c3aea73b3a017a5cd67440766cce5d90767cd92d7baa1bacb5f90dfc2473e1c2140051029bc575dae806ad103918646002296627890368f2de,CLEAR,DAYLIGHT,DRY,FOLLOWING TOO CLOSELY,2.0,52.0,2.0,2.0
04996dde488ebb5e0febe7d18421eb5c5f705843affaa3de339c37fe9b0c374ab890cefe2feb83a2a7371455b3f84ee8847ef9e6d54b47328c38161bf59e9019,CLOUDY/OVERCAST,DAYLIGHT,DRY,FAILING TO YIELD RIGHT-OF-WAY,2.0,46.0,3.0,3.0
049998f5ee8a88b60eeee9bda4c524c38559f3cded5d3d56ac4fcfa60472ba4ce3ad441d57cf530b35da54a1ca012819d813b47306c709a5c8e557d1e03d835b,UNKNOWN,UNKNOWN,UNKNOWN,FOLLOWING TOO CLOSELY,2.0,45.5,3.0,3.0
0499c99ef6378bc770dad07ad2b38a1bd6504508ac783cac19b9d9c2ab87ee63508f1053200e334db7902cf90e2caa7f1396da2f325daa9beaf211fc526c1542,CLEAR,DAYLIGHT,DRY,"OPERATING VEHICLE IN ERRATIC, RECKLESS, CARELESS, NEGLIGENT OR AGGRESSIVE MANNER",1.0,47.0,1.0,1.0
0499e276bc5fca58ea9017bc45e727d2fbd672e8b8a9e188511336b0fceceffc31a1cf50c3b58d5548b7c5151228a81822d1bd9e2362a53c0128960df66e3100,CLEAR,DAYLIGHT,DRY,IMPROPER BACKING,2.0,37.5,1.0,1.0
0499efdd8c93d8ea175eb08e117a77e86484d32e39346823fa44c2d8bcfd2b04c032079801b5f079a191b729367e0d308eb00e4ff4d0da1da50ed28a98c07651,SNOW,"DARKNESS, LIGHTED ROAD",SNOW OR SLUSH,DISTRACTION - FROM INSIDE VEHICLE,2.0,21.0,2.0,2.0
049a0b9302773fe24440ca83c4d99e04ee34f7e72c419632ec8c30f821c07941e88aad24eb5e8fd0aa62d8e6af0d4536e7b74895a54259c3a4f0b45c954de902,RAIN,DAYLIGHT,WET,"VISION OBSCURED (SIGNS, TREE LIMBS, BUILDINGS, ETC.)",2.0,37.75,6.0,6.0
049a141f1582c3ca1393711129a42ed5ce311b501d2d0b0698a9b8e78537ca37e58f75b5aa21d98a3ee891f151cbd2840bd2dc561970d344d3e30044ba8d371a,CLEAR,DAYLIGHT,DRY,FAILING TO YIELD RIGHT-OF-WAY,1.0,0.0,2.0,2.0
049a22f63f3fc9a7b1f66c93da8dddfcbab06107dd66e70608967c28a5b74ee784a507e1c07a0c5c1c0a8ee8b63676f1a8c5d34b689dc145340de5c6a5a3dd78,CLEAR,DAYLIGHT,DRY,FAILING TO YIELD RIGHT-OF-WAY,2.0,29.5,3.0,3.0
049a58e662078c0c9c19b08e1b14343a9f6546c526e0b201f5537469d692f5cde12faa6360e8f6705f34299a3b47c5523888bc2c8326794008299f5eb28615d0,CLEAR,DUSK,DRY,IMPROPER TURNING/NO SIGNAL,2.0,35.0,4.0,4.0
049a5ffff5ae0ed44580253276d6c09af2dd45bd1780ceb6ffd37a99f6631d8c0aeeb1493f1dbef456269ef5ee1f86f96a6c468ec95e0344d904fc891599fea9,CLEAR,DARKNESS,DRY,FOLLOWING TOO CLOSELY,2.0,48.0,2.0,2.0
049a6229fde76b00410571b02df7502b2c96be6fb120778e0a09b8ac684b9f35fe0db70588704de94e709e394921a4b63aa1384ad76bc03faf4110250732ea4d,CLEAR,DAYLIGHT,DRY,FAILING TO REDUCE SPEED TO AVOID CRASH,2.0,37.5,2.0,2.0
049a778648d36ed936885718614224e8edb2f60959a9f7c037f350f339af727d4c1d5cd9464ffc2ea440c3f0f3d096e33a3a4b2a545b1a166e3abf83354520c1,CLEAR,"DARKNESS, LIGHTED ROAD",DRY,IMPROPER TURNING/NO SIGNAL,2.0,55.0,2.0,2.0
049a7e9e93591a3df765b4da5b499821134b789ba82d98d489e0007b89e5c86db67170f64a308aed469b735d1324f7a785526c7790698d0663e8d9ad0f257e69,CLEAR,DAYLIGHT,DRY,DRIVING SKILLS/KNOWLEDGE/EXPERIENCE,2.0,37.5,1.0,1.0
049a84a34386c780ba393033639f1d80d9ceb4f73ba727ad4c9c43769d10c1a02b17f295abb84b2640d7f1e3939a17c3792e480b5f0a8c4a0b1eaf28432e7e3e,CLEAR,DAYLIGHT,DRY,FAILING TO YIELD RIGHT-OF-WAY,2.0,28.4,5.0,5.0
049ab3836865416920fd5aa09da9cfc41b984ed664b034365ceaf981bf970f2ee3d6f48c8c2e0c4d592d70a6d2cbe569687cba3cf8b90b3b51f2eb19aa3903fa,CLEAR,"DARKNESS, LIGHTED ROAD",DRY,EXCEEDING AUTHORIZED SPEED LIMIT,2.0,51.0,2.0,2.0
049ac3f9bf764fbe8f1680b6cd6b59f60145cc21326b9d80a7dc6aa9824ed136c2b1ac718adb981aba227e4777d3d411ed3cd53f045a112b5b13c14aa9491e06,CLEAR,DAYLIGHT,DRY,FAILING TO YIELD RIGHT-OF-WAY,2.0,37.0,2.0,2.0
049ac4e52acec7432682e81051a0f17fc987ec86e936f2d64094e46614d842affff1f0ab5749a73d84e00da1877fdeb96d9760b54e707bdcb942d2b68b292b1b,CLEAR,DAYLIGHT,DRY,FAILING TO YIELD RIGHT-OF-WAY,2.0,31.5,3.0,3.0
049ac5cd852a027a80cfdda51bb55f1c43e809a2324ac72991f87870ffa09fa79b0f09da4504f6aaf3224bf5b30518a8bb984be2de9cf63761d81633a8d46660,RAIN,DAYLIGHT,WET,WEATHER,2.0,64.0,3.0,3.0
049aca7d5cf7ba65614b6e195b8b7faf845d2064af539041f41453da2a0a80a9e8b60cde0be12628b4e1d483721ab721f068361c8ce21ce22cccffb43bc05202,CLEAR,DAYLIGHT,DRY,DISREGARDING TRAFFIC SIGNALS,2.0,36.0,3.0,3.0
049acf615192bf1edc35dee2b5f13d7529b5117513d888cb1273530c11e6086803d69196e86f1036fd2c265d18a8f5a3390caf843580f2a669522b7660f5cf4f,CLEAR,DAYLIGHT,DRY,DRIVING SKILLS/KNOWLEDGE/EXPERIENCE,2.0,37.5,1.0,1.0
049ae12764e9197bb756042f6d1b888a9727b211e5b6b56b09723d94c719056a92ab5a430c08f6cf5eeaebb8d20188859414698b3c0b3e4db374aa1a9a8d393f,UNKNOWN,UNKNOWN,UNKNOWN,IMPROPER BACKING,2.0,37.5,1.0,1.0
049b1874a8f1c3a1c97e1c12d52473c802c56b7a77ed29236114e01cbb16b000e6a7237e8f2b164aaf8d65becc3ba0ec80377705fa695df862c27b298bd90b87,CLEAR,"DARKNESS, LIGHTED ROAD",DRY,IMPROPER BACKING,2.0,45.5,2.0,2.0
049b1e20a93c5d042dbac4148f748017a9def642f60c105eecb9f43cc8a90b7d952a83274da83e6b793ae211a2cd1bbaafd7826be59531fc56560537b9e975e0,CLEAR,"DARKNESS, LIGHTED ROAD",DRY,FOLLOWING TOO CLOSELY,2.0,25.0,3.0,3.0
049b22b35137216e4b4703ff00c49ff70fe44bce15258442a6ae1444749d3199fc5bb7a1f21d48e51e198a96582fa4ec782208e2e514e1cafe410dd3c09dc4b5,CLEAR,DAYLIGHT,DRY,IMPROPER LANE USAGE,2.0,37.5,2.0,2.0
049b41c071e4d1e0180f975bd9657911720c2629d30b141699bbadadf9902bc650eed1ceefc0a9c394bdc292fdde2e24a0a89b58e3246a2d8036545f7359a923,CLEAR,DAYLIGHT,DRY,FAILING TO YIELD RIGHT-OF-WAY,2.0,28.333333333333332,6.0,6.0
049b44e69389c79261145d1eec51be5d2b8be0fb087dee42ebc8352982d43c07135145c449c05988ba6097b91b41369a7a4c5b5beb3628991412ef75b2ce6b81,CLEAR,DAYLIGHT,DRY,DISREGARDING TRAFFIC SIGNALS,1.0,48.5,2.0,2.0
049b6f7aa784eff7e5b36c7b3cea6d4cf5c650e2a8b262813b4b82cd8ba9005f96f93bfadb73509a743203f3063e5d13015e419cfea7c9b7e3d3e2635835fba1,CLEAR,"DARKNESS, LIGHTED ROAD",DRY,FAILING TO REDUCE SPEED TO AVOID CRASH,1.0,37.5,1.0,1.0
049b752a076a9f7df12101c0d28b395ab2d9512b5913daa20f313f4238724cb7842d6031d417d30d5634e69aad9a3a72c9c3cec914e8099eb2921a218bc15d3e,CLEAR,"DARKNESS, LIGHTED ROAD",DRY,FOLLOWING TOO CLOSELY,2.0,31.0,2.0,2.0
049b7cb6cb96f3be9dc5ba9a0a3eea5565dfbff3dbacc8b61b9b2361aaa1c197ee7dc396c38c88d00d6c182d833b796b9fe1c6d67b2581a23ea8a2e0b93a16fa,CLEAR,DAYLIGHT,DRY,IMPROPER BACKING,2.0,67.0,2.0,2.0
049bd8bff38aae638e2c00da76711566b7bf1adb8cb1f3da2340fe2fd28980b08899ead35a71da53f5dd4f780ef43af83b5c837a82350d959f0e7183d43d015b,RAIN,DAYLIGHT,WET,DISREGARDING STOP SIGN,2.0,56.0,2.0,2.0
049c07bb9ef2fefbb641cb3582db2309a9edb9a23852ee0845a776dd24bccd6ab37f0f8617c960a187c07cab8bcbf6b25b65c284de607efea631d639823669c1,CLEAR,DAYLIGHT,DRY,FAILING TO YIELD RIGHT-OF-WAY,3.0,37.4,5.0,5.0
049c19a7a2493bc69ba1e38c4dd9e645894fd667757edf499a57fc5b76c63a640eca4af392e0487315b1326aeccf7dd06bc9d41713c0da50ffaed0e86e49ad5b,CLOUDY/OVERCAST,DAYLIGHT,ICE,DISTRACTION - FROM OUTSIDE VEHICLE,2.0,46.0,2.0,2.0
049c1fbd7deebd447ad5e42b7c43089577e5000973e2837bbed8205ba038741fdd91f7b125463e2ddad462aff26d85b65ab445fde3f8421d4497a661eaef4b82,CLEAR,DAYLIGHT,UNKNOWN,IMPROPER BACKING,2.0,37.5,3.0,3.0
049c3539d76edfa32369edc05f8df46ff2867ac169691cb52f927be8d38dd095ce4435e1d00cea6e11b095502e6e75b7225a227aceb1fe4ac6a469a133055190,CLEAR,DAYLIGHT,UNKNOWN,IMPROPER OVERTAKING/PASSING,2.0,72.0,3.0,3.0
049c575554834b66b64602fff907b542e89e8463ac79f9f042342ba0482d52860031210f5842c383a4ca4606ab32649fc09c2ddd6a011eeb9df3225d66e1124e,CLEAR,DAYLIGHT,DRY,FOLLOWING TOO CLOSELY,2.0,48.5,2.0,2.0
049c5dcbee4f2e095111bbafa1eab3977a21f5a0fd5d9b2b775a39ae573759c5158e0b8c466da4f0b5c48fe88878a2942430ea535c2ce20a8a80e42e70638018,CLEAR,DAYLIGHT,DRY,FOLLOWING TOO CLOSELY,2.0,56.0,2.0,2.0
049c600df41ebadd9ff6e4e90442f5aaf08ae080121b7aac4632fd1188563754f3a7f45b3836050842fa20ad2df8cd25225b40d38368c2f18836c5a59908c0d9,CLEAR,DAYLIGHT,DRY,IMPROPER OVERTAKING/PASSING,2.0,45.0,3.0,3.0
049c622685bfc9d6500a39aed3835b70a93d77b97c5ac73975188c4caac4d4d48da51203032b02888833fe67deaba15dfe5d8b1b7beb5632252ed06e6404e045,RAIN,DAYLIGHT,WET,FOLLOWING TOO CLOSELY,3.0,55.5,3.0,3.0
049c639ab7dbe51ebd932b87010cb392bb0ea210807323c2f8748919ea744805f9b8978f91df935b26f72f7368ccb419257450635dabad7926422c434b9c0b13,CLEAR,DAYLIGHT,DRY,IMPROPER TURNING/NO SIGNAL,2.0,24.8,5.0,5.0
049c6bd32d2be36d83b85c4731059c537fa96a7f2f4b42ad9b7581d3c78326602ecdc5a457940c7ce082576bbfd182b366b69b7d653ec410f65f6dd026385ab3,CLEAR,DAYLIGHT,DRY,IMPROPER BACKING,2.0,61.0,2.0,2.0
049c87d1b4b64303826cd1d62d9a495fe36a6e544b5cf1983b21bd07fc17b24d8c6ade132604107998bff0ca5b17ecc7879e37c28983fc6bf54ac82fa08a7476,CLEAR,"DARKNESS, LIGHTED ROAD",DRY,IMPROPER BACKING,2.0,37.5,1.0,1.0
049c9a5148d41cbaa61980b890a2a28e6e6205337109b2abbb81120a86dc8204d9d79fb345f8a5781e743a23d3989d75c752e79f8364f06c8431614eb90379a8,CLEAR,"DARKNESS, LIGHTED ROAD",DRY,IMPROPER OVERTAKING/PASSING,2.0,24.333333333333332,4.0,4.0
049cb8a1e742670fe538c83e7c4c8f8ab7250240c6ac5ee71322e5bfa5a33a88b0abd05c3b27927216696b904b2a441c34ee6ee74dfe236c3768c3fe04e5e46b,CLEAR,DARKNESS,DRY,FAILING TO YIELD RIGHT-OF-WAY,1.0,36.0,2.0,2.0
049cd52c6870934f7dfa543cda3847cc31d64535427fcd6fc2edf04a4fcd27a28acd2daf9998a93745fe531543398a68814dd210c945fdd120c3f31127a5ac13,RAIN,DAYLIGHT,WET,FAILING TO YIELD RIGHT-OF-WAY,2.0,71.33333333333333,3.0,3.0
049cd68b8f36eac17fb435054b2f14bf2cc3c80c891637131554a56a8847c486a888e829a600ce48812e6c8ce91a97b827491da4f5969651cdd965af39de047a,CLEAR,DAYLIGHT,DRY,FAILING TO REDUCE SPEED TO AVOID CRASH,2.0,65.0,2.0,2.0
049ceb19411221c3d9e4c662af732027f770c37c324b0c47c8deb99155305e7ac740936b5f3ff59f82ab102a111926a340557a82d78f86d2dab8189b86bfce44,RAIN,DAWN,WET,FAILING TO YIELD RIGHT-OF-WAY,2.0,55.333333333333336,3.0,3.0
049ceff9e608e48c013083e9dd81c0382396ca26a90dba993428825478e629804dfa5bd0d92733ed22e66cbfa23a1b2ca1111771f29d3ed5d9dd2c73b2368140,SNOW,"DARKNESS, LIGHTED ROAD",SNOW OR SLUSH,IMPROPER LANE USAGE,2.0,64.0,2.0,2.0
049cf472a24b003a135f44c2812d701fe647abd6b4afd77793f1834bb7e156192d56a06f94554040bd53a03f863941a52f3c67659088954c04017b37c3c12782,CLEAR,"DARKNESS, LIGHTED ROAD",DRY,FOLLOWING TOO CLOSELY,2.0,40.0,2.0,2.0
049d1b24c56093b2dc54088446802a22d75f706d7a8acd13d2de170b8a30afa7e8f4d5cc79b1042a066ade7d21d47b734654a479f2ba0e43f58938a56babb2fa,CLEAR,DAYLIGHT,DRY,FOLLOWING TOO CLOSELY,2.0,33.0,2.0,2.0
049d24b117a51c3bb84bae231ed326ea116ac062ef598bfbeda283c635dc7cb92acd882e025a996c833905717f0450ecfe478242c3dc692ba43a92ffe2c82af4,CLEAR,DAYLIGHT,DRY,FAILING TO YIELD RIGHT-OF-WAY,2.0,55.0,2.0,2.0
049d2a03128005fab6890a2299227b7d58bc993a0de5099ad349a8d7a73eee5bbeeb53cb2459fa20d9f0c3ba0aed633af80f89998ef58326d92ef20f89cd0f95,CLEAR,DAYLIGHT,DRY,FOLLOWING TOO CLOSELY,2.0,41.0,2.0,2.0
049d34461596ccc8db067ee77ea671b3f778de0c4fe6063a2362d7906b457b089066000425be045053e6ed7e0aed3049ca2fb8601109fa6c3c0e6a7197d18e90,CLEAR,DAYLIGHT,UNKNOWN,FAILING TO YIELD RIGHT-OF-WAY,2.0,44.5,2.0,2.0
049d3f078b4fbbc0074d83119a36cda8de6c115c8287403a6fd4eb0445276cf536e7a59cf0b7fb20c1ceb5b5f203da62d777ceb739fcb51cdb5dc1e5c95a3c1d,CLEAR,DARKNESS,DRY,FOLLOWING TOO CLOSELY,2.0,56.0,2.0,2.0
049d54f65cc6eea931dbd58a35dd01af2f1af624bcbcb5fae4d560142c30910ee99d68c3ba3b45d779f27d318350a7c4d0b4c49bbc85c88027555dd48f55c23f,UNKNOWN,UNKNOWN,UNKNOWN,FAILING TO YIELD RIGHT-OF-WAY,2.0,42.0,3.0,3.0
049d6c4cb4a348c91684c478bc11c270b4f089a46d02e4286dc62a83c99a10a2a5ab7fc294a81128582f1089996e643ec303cc7760c2f0d91bb4b5d32dc9eace,CLEAR,"DARKNESS, LIGHTED ROAD",DRY,FAILING TO REDUCE SPEED TO AVOID CRASH,2.0,18.0,1.0,1.0
049d6e94130ddadeece24d0b6e3a11528c2f1b244356e2b629db0fd075b1a2ac1c3f87d2953ddfe8c51a30393b8481f9e57a55a670fe1da07d814f2597a6f716,CLEAR,DAYLIGHT,DRY,"VISION OBSCURED (SIGNS, TREE LIMBS, BUILDINGS, ETC.)",2.0,64.0,2.0,2.0
049d7c21c54b743e069dd027c1a7e0b3be5c2c404092c4e60b1b28585e914f2cc349b4b54b0eb526372d3103244aac4438775d5b788239fb117761f10ff47a51,CLEAR,DAYLIGHT,DRY,DISREGARDING TRAFFIC SIGNALS,2.0,54.0,2.0,2.0
049e034523eeb0c310bba8169aa9b69dbd9658d69ac14e301a0516aeb6604aaa264a67a5e2460712b3948821b8f36eb7c1c7c56a2012b3c45df99d91a22ee335,UNKNOWN,"DARKNESS, LIGHTED ROAD",UNKNOWN,DISREGARDING STOP SIGN,2.0,23.0,2.0,2.0
049e3a43dfb33313faa5c3db375a68617395afe83fdffc558ecc9a56f52b249d6211166ec12e4effd5322d6fd0e9c8ceed62a0068e364d754e147925e78b46e6,CLEAR,DUSK,DRY,DRIVING SKILLS/KNOWLEDGE/EXPERIENCE,2.0,49.5,2.0,2.0
049e84e2c2ad1af267c6c8229b956e668419af9486cc5e0823e8db91df2795011f20fca61a474fd8f39e0ecfd5645ded1551771a1c7163ec02227dc52933749c,CLEAR,DAYLIGHT,DRY,FAILING TO YIELD RIGHT-OF-WAY,2.0,48.0,2.0,2.0
049ea2013c36b46097762d3f4c6cd8bfb0c54bebe98a818a2a84793c55f1076e31534ce5cfb1af04f2f52f34702b824c44fd69ef01406f6992d87e7b847898d3,RAIN,DAYLIGHT,WET,FAILING TO REDUCE SPEED TO AVOID CRASH,2.0,52.5,3.0,3.0
049ecad80cb71a10e503117eb45b58f231e121b38c1a0bfae913fe8a463b0932a7ad4e9e9955178b34877b0a47bd65900d0643f701f0c1903214f51d8951e6c2,CLEAR,"DARKNESS, LIGHTED ROAD",DRY,FAILING TO REDUCE SPEED TO AVOID CRASH,3.0,62.0,2.0,2.0
049edb4b3a78429c347ffe9d5ab2c50ce1dd8cbb55a739aa123eba3de6898e4cdb249bce2af92a47678cc7288e03bd8feb8d3b9efa0b02b249622f5926441e50,CLEAR,DAYLIGHT,DRY,DISTRACTION - FROM OUTSIDE VEHICLE,2.0,39.5,2.0,2.0
049f25d8bb0614e0125a374cf645821c94c25b247b550ea117501916bf8a06ec857222116738e7a0fa52a0f935d02deb5e765727d655ba4338ad2b855381a601,CLEAR,DAYLIGHT,DRY,IMPROPER OVERTAKING/PASSING,2.0,37.5,2.0,2.0
049f2cb7f013be7df41013ee55fdf36637f7f96cef0cba8363004dc071ea2e197f5d990f1522df7996fe47e1ede1458cd19f8df2daed38f60264736276da413e,RAIN,"DARKNESS, LIGHTED ROAD",WET,WEATHER,2.0,19.25,5.0,5.0
049f542ec97abbfb37c607bbef36639fbd5b0028499f2fe714edc2999c58225bd0c6c3a17b044335a256cec2d2b7ed1efa021bcaa4c8af37ea32b5a6a3202b64,UNKNOWN,"DARKNESS, LIGHTED ROAD",DRY,IMPROPER LANE USAGE,2.0,38.0,3.0,3.0
049f56e15a8675dba2da7d756aa1749fa033279fa951a621ab9d52de2a488bb6b2bb72d72b8347d5897a7d764f354e204c782869be6df41c120ef9ff87e98b55,CLEAR,DAYLIGHT,DRY,FAILING TO YIELD RIGHT-OF-WAY,2.0,24.0,2.0,2.0
049fc607733e540cae3271371e2f95f8b476f8623b563332c2a53313f7fa9f602e46a46d40c62dea48553521d399c7cd623dcff0f36122007b9ae7755cedbef6,CLEAR,DAYLIGHT,DRY,UNDER THE INFLUENCE OF ALCOHOL/DRUGS (USE WHEN ARREST IS EFFECTED),1.0,22.0,1.0,1.0
04a017636872bd56d21d97951385ac1f3c6847d83635e52c2aa8a2402d83852c459f276d8d4d7225df187934d4a0028a7e0cd0865adab02db36d91782f116cc1,CLEAR,"DARKNESS, LIGHTED ROAD",DRY,IMPROPER OVERTAKING/PASSING,2.0,25.0,2.0,2.0
04a068669ef43443e1956bf15cd6092a91190ff1054ad5160ec53636ab87e1fc97dc711a0d308236605aa2dc4bfc7ac4614ef256889375d5d22d9415a1381f7e,SNOW,DAYLIGHT,WET,FAILING TO YIELD RIGHT-OF-WAY,2.0,37.5,3.0,3.0
04a08e5d35c4bcdfa8c7d6033710d94354056eb17b8354b8ae104a14d5249fc130ba3a5cec08bcddff89b7d701e792ef03147380b57d9dd81f3d0af45160cbae,CLEAR,DAYLIGHT,DRY,FOLLOWING TOO CLOSELY,2.0,31.5,2.0,2.0
04a0aa1d739b31075337386bd734963e288ca43b0249f7c0385942406602f30dc9e0422527ef89e3a8ab1547e7046f1e3646562bc910ec1a305564a54e6f8708,UNKNOWN,"DARKNESS, LIGHTED ROAD",UNKNOWN,FAILING TO YIELD RIGHT-OF-WAY,2.0,30.0,3.0,3.0
04a0bba2eba5760d20a4973309a4c1a1a931d098f4bcd12225337518338b3510a01e42993d92ad9f7149c66323eb9af1e751e0dd6e23ab57c05d1ebb74984798,CLEAR,DAYLIGHT,DRY,"OPERATING VEHICLE IN ERRATIC, RECKLESS, CARELESS, NEGLIGENT OR AGGRESSIVE MANNER",2.0,30.0,2.0,2.0
04a0de02f60f23cc01f6b489e02fa794a5400b2fb96e546c8c32be0e47763e8faf8c2c791f506f937ecbdf248f6c18ae5c6aec80beebd0ccd0cadb821d77fd68,CLEAR,DAYLIGHT,DRY,"VISION OBSCURED (SIGNS, TREE LIMBS, BUILDINGS, ETC.)",1.0,39.5,2.0,2.0
04a0f15131239999722a96d2523bb6eee361d0ab5917a6038803132d37abe937a89b367a0d821e2a4af6da862eafae3a20890b0c9a271c22bc6e941cb57600bd,CLEAR,"DARKNESS, LIGHTED ROAD",DRY,IMPROPER OVERTAKING/PASSING,2.0,41.0,3.0,3.0
04a1233312dce20d8862ae6b41f2a9444f4158e6896b4057711baff281c73cbbb93f308dfb3e91702d0f1c6af9869f84f3d3b0bed232387e3b71b2555f0de7a6,CLEAR,DARKNESS,DRY,FOLLOWING TOO CLOSELY,2.0,89.0,1.0,1.0
04a124be1d5b0557094d95e9c7f5d0f30f357e496353c00395a5212dddecc838f962f60a0f51f6921d24177f507d2a0e7579f3c785a1cc31d45fdfaebd3c5493,CLEAR,"DARKNESS, LIGHTED ROAD",DRY,IMPROPER LANE USAGE,2.0,55.0,2.0,2.0
04a14f3f1e3309b56ef5b5f9e047769b8eff5aad919ce11c95e4a1727af33e1b44acbb88d7c66a82b78104845a21bdc652daaf3c186d35d7419733e19c7b2e07,RAIN,"DARKNESS, LIGHTED ROAD",WET,DISTRACTION - FROM INSIDE VEHICLE,3.0,29.0,1.0,1.0
04a171bf7130974ee6794f3c52b7038f05e936d26fcbec5ba79ef0a4850ecb829b5fb86827d6c46c2bddffc15c68319f1b753d37d3f84307a118a0f60d237bd9,CLEAR,DAYLIGHT,DRY,IMPROPER LANE USAGE,2.0,51.5,2.0,2.0
04a1961bb31e6683cc95bc708b96c7432c6a1ccb5a472fb9389aa7766e5f1c7832c849e7d7d021b90b76b7a3d01b756a98c1a5cc4c4a23e888234b93adfa0366,CLEAR,DAYLIGHT,DRY,FAILING TO YIELD RIGHT-OF-WAY,2.0,37.5,2.0,2.0
04a1ad7645ca2aeb511c43e59824b7b15cbc24d261287e72b860d216bc2cddfd85c824c04e16d08d03ab83fd6a5bdeaf1e7a601ec2ea2dbc7b4fdefd50d2512b,CLEAR,DAYLIGHT,DRY,FAILING TO YIELD RIGHT-OF-WAY,4.0,36.42857142857143,7.0,7.0
04a1c836312d4126ecd4471571b131b490d8735b251804366aaa29ac0ae131cff3c74f780767be593fb29f705f76da394ed79350a926158830d6f107ccf72d0c,CLEAR,DAYLIGHT,DRY,IMPROPER BACKING,2.0,39.5,4.0,4.0
04a1dde68a08a268979c60dca74a5c902373e2580509186478c91ea75859632bdb14cb8729a5d46985a07486668a6ed1d33f13006f4d3cddc41cf9ecf5a5a7fe,CLEAR,DAYLIGHT,DRY,IMPROPER TURNING/NO SIGNAL,2.0,20.666666666666668,3.0,3.0