crash_record_id,weather_condition,lighting_condition,roadway_surface_cond,prim_contributory_cause,total_vehicles,avg_driver_age,total_people,total_injured
04a1ddef8f3383338209c54eb13065b2b67ef79db70afbc093d00710042b3d79070af215875f87b27561fbab7f8d1fe6d1dfba1cd1b7737a10d02ce76cdd222f,CLEAR,DAYLIGHT,DRY,FAILING TO YIELD RIGHT-OF-WAY,2.0,34.0,2.0,2.0
04a1ea189ec9450ea6d1c233bbc0c01222303196a74aa458ecc8f33a1ab78e03e7ea50ce3140a801760e302a88360c61cc98f5a9cab68eb03249634474e48eee,CLEAR,"DARKNESS, LIGHTED ROAD",DRY,FOLLOWING TOO CLOSELY,2.0,52.0,2.0,2.0
04a22371858a659a56db2b263886a2f741392392dee7a7c6abb7e24a13b31103c4acfef5fac7fa8cb8aed199f4e18ab50afb90204a2636ed7ffcb1b8ca596a35,RAIN,DARKNESS,WET,"VISION OBSCURED (SIGNS, TREE LIMBS, BUILDINGS, ETC.)",1.0,49.0,1.0,1.0
04a22a3771ee6b2552314d19fbe86edbca8768b5660bf7212ffc7e4a426d4d6621441713dddde5961fd57fb400bd1c4fdb71a8c5e86401efd1e803fd27ae2947,CLEAR,DAYLIGHT,DRY,IMPROPER OVERTAKING/PASSING,2.0,28.0,2.0,2.0
04a2457bf7743c7b276dc9002e76075817f653e63a769a21b2182e69397c5df230cac963570beb39caad15067f4aaf9c9937e71035a4912d2175378f5be29294,CLEAR,DAYLIGHT,DRY,FOLLOWING TOO CLOSELY,3.0,44.5,4.0,4.0
04a255311b30e4dec2594d314546fb85507eb7a818b9dd649ef3ab9a2814fe292c8e5470dff68fa0717ea8d15d9db6d45eb17072b4fa4028bc1a4cc4f7ae6655,CLEAR,DAYLIGHT,DRY,FOLLOWING TOO CLOSELY,2.0,59.333333333333336,3.0,3.0
04a257e34ec231ec29be843f3d928e765475895377278b3a6fb36587aa8a533b6be6016b7b9bb9be1fcc791585ce9ae6db6a35f886ecad2fc28ef85947660538,RAIN,"DARKNESS, LIGHTED ROAD",WET,EXCEEDING AUTHORIZED SPEED LIMIT,2.0,37.5,1.0,0.0
04a28474fe97d2690e986357484019fe7c6732303539d39196c994a7407fe8de02c6e2bbe15d56c61e19927770023ec40959ac359b6a196f851ac5aa631a8c3a,CLEAR,DAYLIGHT,DRY,DRIVING SKILLS/KNOWLEDGE/EXPERIENCE,1.0,37.5,2.0,2.0
04a29ec19df3ee26f0133064a4e6a7a4661e46a1168627dfd3ba2e87e3467cafb7fdb7efa0362edc5825705a0ed80837d0f12d4f821705a41a0f2f5573fa586d,CLEAR,DAYLIGHT,DRY,DISTRACTION - FROM INSIDE VEHICLE,2.0,26.5,3.0,3.0
04a2ac62e31038e51e35a9cb0280c4cefa526e57e7a1cf27328435c7b5f0c7525d237373c1e5aec57785f2574a3e5d4b727edb5ca2a4826acf4cbc67e79840c8,FOG/SMOKE/HAZE,"DARKNESS, LIGHTED ROAD",WET,DRIVING SKILLS/KNOWLEDGE/EXPERIENCE,2.0,37.0,4.0,4.0
04a2e56793819826693da3df02189713e42d3cd9231386a5ab7f3ebe582d802e6046f7890a3a3829c7fcd88b3f638bca245356d463852347070e2eb9e6bcc87b,CLEAR,DAYLIGHT,DRY,IMPROPER OVERTAKING/PASSING,2.0,37.5,1.0,1.0
04a3057123fcc2884d5c51533ebaf58f561510c33cab5e32e26ea740319001401a8be7e7587fc20f69ce79b2456f1e44eb85b460449ac248675935d4ff560008,CLEAR,DAYLIGHT,DRY,FAILING TO REDUCE SPEED TO AVOID CRASH,2.0,84.0,1.0,1.0
04a3226605ca83578a302734cf41d7d44aa80e6f25b2f9f2e38fb8e719284e5aa2e6a72d8b170fa984638a10b2058342c30fdf29a9ab75df426f02153157827a,CLEAR,DAYLIGHT,DRY,DISREGARDING TRAFFIC SIGNALS,1.0,31.0,2.0,2.0
04a331cdb591919f7a1e88e288498a3c50a506077f2ae24c612d10e7bc267ba6da43ecc3a54c24bee7cc118fa450da0f9bcbae7cfe535f58947b5897360482f4,SNOW,DAYLIGHT,SNOW OR SLUSH,WEATHER,2.0,37.5,1.0,1.0
04a33cd2706c3643da64692ea1a1f356030c9d84827cd41a934983ed88d100fc56f8f257f82f0d8e5a68d5c2c9b0708fc25b4bb1e4894040eaa89bb31e20440e,CLEAR,DAYLIGHT,DRY,FAILING TO YIELD RIGHT-OF-WAY,2.0,54.0,2.0,2.0
04a3472e6545ed96a22d71774bd2d32e84c53b38ec6fd4085e6cd98b830f451ea805e11f19ce68462f4e77ceac117bb6253772c623d4efaff093d83ddb3e2c08,CLEAR,DAYLIGHT,DRY,IMPROPER OVERTAKING/PASSING,2.0,30.0,2.0,2.0
04a40019cb293f80359e5b68c54f67ac3379a980e96232382a5f88e51d81838db2d7b73e2309b738ec833c4db04c20aceb8ed1ca3fa0104377d97f359aad6a7f,CLEAR,DAYLIGHT,DRY,DISREGARDING TRAFFIC SIGNALS,3.0,39.666666666666664,5.0,5.0
04a404c1b24d7d3e8c1a8a357b1f986a8c6ec6392e06e72224fc1f02538e93c78c2110d7943d68573141049507f81d7d0c7db58258363c8204a34df6b4d65e6b,CLEAR,DAYLIGHT,DRY,IMPROPER TURNING/NO SIGNAL,2.0,57.0,2.0,2.0
04a417afd58ff6e9733ff9410a1eadae1f7413bd12cf799d8ebec550aefe2fbd6611eef2be94d506e941370d3e41e795e87c40ddb7ec98c9d0db1093fa23bfc4,CLEAR,DAYLIGHT,DRY,ROAD CONSTRUCTION/MAINTENANCE,2.0,51.5,2.0,2.0
04a48c4f0f0ac1fa1bc58314ce954c352ffb6a4601fb63bbdcbad1acef6416cfb22730837efb66986a3757231b872afc3d6ad227654a2d8be502201da5d39fe0,CLEAR,"DARKNESS, LIGHTED ROAD",DRY,FAILING TO REDUCE SPEED TO AVOID CRASH,2.0,21.5,4.0,4.0
04a4988de5f21548c660971461f3b030b761187f1c9d57ccc345a7a5c557d99f892f0cf4ab5e588dd74a4ba95893cb6e58043c26009940967585db862cde096b,CLEAR,DAYLIGHT,DRY,FAILING TO REDUCE SPEED TO AVOID CRASH,2.0,30.0,2.0,2.0
04a4ab3ad771f2712cbb18d901df3b243f51838b32aca7a7bcae1afcdde59688a5009f4b0af10705f68b7ca134056600ca0b1c088e2a913c46cff1537a8b24b2,CLEAR,DAYLIGHT,DRY,FAILING TO YIELD RIGHT-OF-WAY,1.0,19.0,2.0,2.0
04a4b2565fa8fa20212fc170e22cd0574807e4df3e490e2531421fb528d380c59270a296e975f65bda498d4e9461ce921846a4aaa789ed5ef89b6a12e9d02dc0,CLEAR,DAYLIGHT,DRY,FAILING TO YIELD RIGHT-OF-WAY,2.0,32.0,3.0,3.0
04a4e44f6cf8712c4285733f2a11a718a6053438cee5c4b92078635f5d2aa493214b92dce686671565df6173e9491d0786753933c3c7f7745f1e5c5f2ef8b3f7,CLEAR,DAYLIGHT,DRY,"OPERATING VEHICLE IN ERRATIC, RECKLESS, CARELESS, NEGLIGENT OR AGGRESSIVE MANNER",3.0,22.0,2.0,2.0
04a4e7ca46d293722fc1524e67c69c4e81e81490526b3d4a6cc0f167c72ff5594c205f9f1a992fd973b0d6a03ad909c40f580fbbc921557aa35dcca07aa3c638,CLEAR,DAYLIGHT,DRY,FAILING TO YIELD RIGHT-OF-WAY,2.0,36.0,2.0,2.0
04a4fbf7d43c49f20b796e023ee1193b13894eba7916ce683ff0430f8921400f725aaa79d9acdd86a41fe26363a62111115b3020533133e9b18b520239964359,CLEAR,DAYLIGHT,DRY,"OPERATING VEHICLE IN ERRATIC, RECKLESS, CARELESS, NEGLIGENT OR AGGRESSIVE MANNER",1.0,37.5,1.0,1.0
04a4feb81d6e3d3ae6076e10a05a5e67947827b4f83ea3972954508ccca94e40dc9895d5588d9928488782f1c393c596f4fbdf49d616af1cbfd77b3fa10451d0,CLEAR,DAYLIGHT,DRY,IMPROPER TURNING/NO SIGNAL,3.0,49.666666666666664,3.0,3.0
04a515064599a8b304d7c4cb63084916ce79e8ee2ff4b8726b0111b481e009d88b9e934390a953ebb780f698970a492a0657bf665d315dd641fc31731c544b2d,RAIN,DAYLIGHT,WET,FOLLOWING TOO CLOSELY,2.0,61.0,2.0,2.0
04a544e0cca75aaf0b9eb0de2aa35cc9e2ab052791b0d583881934bd1983a3b7a0ed71bf3ab7cf1399e733085dfb1af3422f4cef9590f193fc3dad732b0c030e,CLEAR,DAYLIGHT,UNKNOWN,FAILING TO YIELD RIGHT-OF-WAY,1.0,40.0,2.0,2.0
04a58d83880fc469bbfc26101b30d346106b8333144ad9425ccd51cd3a73490017b64f4c0b4eb7c5d2eef5755eac70747eeea6591f2b7b515f45ad4e91a999a5,CLEAR,DAYLIGHT,DRY,DRIVING SKILLS/KNOWLEDGE/EXPERIENCE,2.0,33.0,2.0,2.0
04a5b5dfde4da8c57a45984368467387222086ae4b8a9e067e03f52f4c81cf55cd8a26315e6ddfaa43fe33c8dba4b73ce3c0c7bec66e9a61a245ee6957d7c00b,CLEAR,DAYLIGHT,DRY,ROAD CONSTRUCTION/MAINTENANCE,1.0,45.0,1.0,1.0
04a660837f69912363393fe1c11ea7e05490724c3af7c4de34658babbc113684b4b0576c1ec5c06b21a74a5dbd5d06b8c2d3f7fc70455e4b0496b45e29106eb9,CLEAR,DAYLIGHT,DRY,FOLLOWING TOO CLOSELY,2.0,48.0,4.0,4.0
04a662d6cf5d50a009e2c504c3e968e5a86eb2fa0036f3e713a76700eaa7c11d4b7101b032f724b21d5da916d4bb36b690bcb60727d57c17aa9ddab9adce5fce,CLEAR,"DARKNESS, LIGHTED ROAD",DRY,FAILING TO YIELD RIGHT-OF-WAY,2.0,55.0,2.0,2.0
04a69e772191ff9055fff13ba9a69adef4bed65c7432cba0a69744e5899c85d634519339faa11b2fb5ba27496752db532370fd7824a22b35838e1832fba76600,CLEAR,DAYLIGHT,DRY,IMPROPER OVERTAKING/PASSING,2.0,37.0,1.0,1.0
04a6b17556b9ed1d5d5c57de6193ba57489022d3e8c8d347e41a3466be5b566f5ae42683832db40c1176664d022451c914d21bda3d5c059e15fe80701fcdd2b9,RAIN,DAYLIGHT,DRY,IMPROPER OVERTAKING/PASSING,2.0,38.0,4.0,4.0
04a6d91f14a3b86978dd6362b441168cdff77626e5d91c8462140d4c1bae3bf7029055db1fd49e1189ece850e67755fbeef9c2eb2b8ce9d72d8267885045c9d6,CLEAR,DARKNESS,DRY,DISREGARDING STOP SIGN,2.0,26.0,3.0,3.0
04a6fd550505406cb7720b64e6f97fb6134b7b4f3bcb46b4d1415e4ac7efb5efe6ce39dd0da11d4a8cd27c35cf1dc196be5ee532ccf9de9f17ae357db6195729,RAIN,DAYLIGHT,WET,IMPROPER OVERTAKING/PASSING,2.0,23.666666666666668,3.0,3.0
04a70cd228b1257b4771add85674c36db47019e9ce2b7deea40149c11de31cb137059c06130ef22b0d4340f9f9c716d2d9a6f9f501d098d6b38ec9674fd7cd69,CLEAR,DAYLIGHT,DRY,FAILING TO YIELD RIGHT-OF-WAY,2.0,54.666666666666664,3.0,3.0
04a71a2e93054082983e0aa6a9c6294dd216413b268891a3d0ac699b5f90d1a057eaf92bfb26ad23eae354f39e97f8196503fd1550cd46c9acd5e4ed5b552427,CLEAR,DAYLIGHT,DRY,DISTRACTION - FROM OUTSIDE VEHICLE,2.0,30.0,2.0,2.0
04a72b11fd93c90dccceb958c9ef9a6aee3a57161b855e390441225fe5a11443b1a435b2e6e2a48374b2860755962afe2a4011aef96a6504a44db020b2fc90b5,CLEAR,"DARKNESS, LIGHTED ROAD",DRY,FOLLOWING TOO CLOSELY,2.0,32.0,3.0,3.0
04a73beaa1d96a27aaf2a275a0953f50e24566da5146ca5ceeac97718981e7baf48334beb28452eab7a3912692e7de712b7fc229eb34274fd6edcf6515e0740c,CLEAR,DAYLIGHT,DRY,FOLLOWING TOO CLOSELY,2.0,51.0,2.0,2.0
04a73d131d71570451458a0621ed3087bb16bc2ab2ab780dbc25773f61d3b6564cb05f0350babeb008039ce353b500848e26bd61418b95345393c065e857a501,SNOW,DAYLIGHT,SNOW OR SLUSH,IMPROPER OVERTAKING/PASSING,2.0,34.5,3.0,3.0
04a75d25cd5feafb831d373c80f3e31f5f052aab1838c27c2e391816bad9fa143bae96ee379109361974d459ed5a387d40c8679d028ccbcc5e0a915ff55e45e6,CLEAR,DAYLIGHT,DRY,IMPROPER LANE USAGE,2.0,54.0,1.0,1.0
04a7679048ffe86b0f72a3375222d90414ee5820e0ebbf16f25105fc7ae1fcf8c01731bf3bc84cbe8bc0b83ee1efff92c18c52f7a4cbf204e061936d70fe7630,UNKNOWN,UNKNOWN,UNKNOWN,FOLLOWING TOO CLOSELY,2.0,28.0,2.0,2.0
04a76c9acfebbef3db2149e566d6fc36c61f1c013f058de2f2cb6b738f476868d58e8bec783bad36553319e0de0128c155d3fcdbfaa75c78a586b30203ff91c9,CLEAR,DARKNESS,DRY,IMPROPER LANE USAGE,2.0,19.0,3.0,3.0
04a774969af13e3a57d4c38760f8e3bf42e9afea5c500fd7701d559fc166705e86f3a5feade1e1b487a728be97be95681e8ccbdb1038e68d7abdc4bce4cdb1ce,CLEAR,DAYLIGHT,DRY,FOLLOWING TOO CLOSELY,2.0,85.0,1.0,1.0
04a7a3d20934c56e08b45845ffec3e833cc18b1c8c43b419b845eefe282896d2ef9c812159f71c6fe22252f4b87a7d13c060030c050b7415a6579d9cf166a2cf,CLEAR,"DARKNESS, LIGHTED ROAD",DRY,IMPROPER TURNING/NO SIGNAL,2.0,29.25,4.0,4.0
04a7b1383ba1c7914f8190f167846c3d293dcb5486dd9f6f0e769e4610bf594e74717526edd7a35d1874909c4f587813e4dba9df64e1a6f24f1a20c87d6af5d0,CLEAR,DAYLIGHT,DRY,FAILING TO YIELD RIGHT-OF-WAY,2.0,25.5,2.0,2.0
04a7d440f0df944a846ce98b87b2f69c853a088dcabcfdb81bbdd0d339c4b4137e97ad8cff4c4ae49586054f07e60bdeae2ea192ba16e0b4e22bce22f814ce16,RAIN,DAYLIGHT,WET,EXCEEDING SAFE SPEED FOR CONDITIONS,2.0,37.5,1.0,1.0
04a7effbd091c00b062ec5c45308718964b138cb673a443ceffd168e72fd6e6428c26af762b8ccf200b500b1db7d97f74faa4da184f5deec70a38a9f5697e8a1,CLOUDY/OVERCAST,DAYLIGHT,DRY,DISREGARDING TRAFFIC SIGNALS,2.0,58.0,1.0,1.0
04a7faf8ed62a623551159e8b9557d0aa59da4feff322ef81ff63323389b73255cc913fb43471a59cd93523fba3a995ef1b008b2fc94e76daf2b4c39da94b949,CLEAR,DUSK,DRY,DISTRACTION - FROM INSIDE VEHICLE,2.0,75.0,2.0,2.0
04a802e509291fc91fdf6074d35f785fe1049cb7ab26ae4e6484825940736d48766864be154d629231b78614b630b99b50227cdf82985e3997a43f6f69943cb8,CLEAR,DAYLIGHT,DRY,FAILING TO YIELD RIGHT-OF-WAY,2.0,36.5,2.0,2.0
04a80c2a1829041d02edc096a21c273b6ec6bd280b517fe9c3c55cb1e0cc999cabb13596cfeb723d968fcc5f335eb3ac6f3e628cf10ada301fee35a1d0b593ab,CLEAR,DAYLIGHT,DRY,IMPROPER TURNING/NO SIGNAL,2.0,66.5,2.0,2.0
04a813741dda7859257330b971ebfeeda5e2b38ff4e5cfca5da2cdc2d9e99fba4de4004a12d632384739da354a8ccb3d4169b8e28927fbafb1439264f4264b99,CLEAR,DARKNESS,WET,DRIVING ON WRONG SIDE/WRONG WAY,2.0,38.0,2.0,2.0
04a818d38c5cb6f57c3f14aab2ff734f11326f8d7ccc1c1036bf0b971c7fc4396fa5a258793c5705f0da48255c7b63d87814eb242c3232b47b27f33f1736b54e,CLEAR,"DARKNESS, LIGHTED ROAD",DRY,FAILING TO REDUCE SPEED TO AVOID CRASH,1.0,17.5,5.0,5.0
04a82d1c414c7f3bd7809caece2956a2a3a4036c7b54c847a8e37c7dae3eb11778f152632099826d417b3726316784a4d3b132468c47cd2100394dfe71ced6f1,CLEAR,DAYLIGHT,DRY,IMPROPER LANE USAGE,2.0,32.0,2.0,2.0
04a838b66cfa366522aceca46c84e2461f58ab4f8de999721e7d6c09c191785e4ce4242a607162e1b6487600aa76421b241e44639bb162ceed222e1cda327561,CLOUDY/OVERCAST,DAYLIGHT,DRY,FAILING TO YIELD RIGHT-OF-WAY,2.0,49.5,2.0,2.0
04a852acf30b396fd33de9a2c18c959ff06f32a654cc6243d9459fc4bfc8ae15e1468d10663bd3d7408f703bf6c419ca844a096a4eeb6badbc74459d3777c030,CLEAR,DAYLIGHT,DRY,FAILING TO YIELD RIGHT-OF-WAY,2.0,40.0,2.0,2.0
04a867c95000eaec8ab578a080033ca9ed7e6aed375ba8429661459ac6adce01b020dd3c16e691f9500af979e7a08222045c977f3074f41a64265142b1cdc216,CLEAR,DAYLIGHT,DRY,DISREGARDING STOP SIGN,2.0,69.0,2.0,2.0
04a8777e9278025424be196f4050effb907c4b063690681f3cbe98eb7760d3400c8e5b49b99ceea1f7177f562a78a529aaaeca474c8a585eba98883a516c3e30,CLEAR,"DARKNESS, LIGHTED ROAD",DRY,IMPROPER OVERTAKING/PASSING,2.0,26.0,5.0,5.0
04a880190be976d95010c466d790dad278d27f4d5a271392de8e9bed318f7487bf86ac5401b1983eee7d6b3080f66417d1462dc268abeae734c0f8a42607afd1,CLEAR,DAYLIGHT,DRY,FAILING TO YIELD RIGHT-OF-WAY,2.0,45.0,2.0,2.0
04a8b4d48537c02ea2b91fb91c32d772b8b5bda84fe31ba8296171556a7c658492cd17ef9b758ba6d6b253a45621bfba8de461c1063d1642a4c55723b86913ff,CLEAR,DAYLIGHT,DRY,FAILING TO REDUCE SPEED TO AVOID CRASH,2.0,47.0,3.0,3.0
04a8b6eea3aa3856104b87b018da32591d2a403f6fe7860b6d00281425b79b6c31b3998de75e2e1f4aaf3e8c3e4d98e269ea1adf69616b1ab0fe6dade7db8cea,CLEAR,DAYLIGHT,DRY,FOLLOWING TOO CLOSELY,2.0,39.0,2.0,2.0
04a8c991a4614054c034a47d0cd4038a299eb48e21fa591dd3d722c9c763895013089f52c0cbaa6bf7d7ebecc97260f21a505f63ae5d374c48bd56666e033fdc,CLEAR,DAYLIGHT,DRY,FOLLOWING TOO CLOSELY,2.0,23.0,4.0,4.0
04a8eab5cbd98a0a80bdf726bdd974c8c968968a0dd202865fdca1dfbde20983b121f2e0828c0723d24b33020e53a280c509d725dd746b0c4185351674f86351,CLEAR,DUSK,DRY,FAILING TO YIELD RIGHT-OF-WAY,2.0,32.0,2.0,2.0
04a8fd3b20ce3a27081b7b291cf296727172cf62f6aaa01272b681d648fc66d5fbf22def55c9ef29b3109d4b04cbf18acc21c6f1679665fe12db4e18fa640b0f,CLEAR,DAYLIGHT,DRY,DRIVING SKILLS/KNOWLEDGE/EXPERIENCE,2.0,23.0,1.0,1.0
04a92825f87fc48a6f94217cc1119997b91b274686821e9c2c7a71d021cbf72db776835d8914773cb1e4e7ea10f5d3b91bbbb6e49839c3924475bc2c365a2d37,CLEAR,DAYLIGHT,DRY,PHYSICAL CONDITION OF DRIVER,2.0,59.5,2.0,2.0
04a94cddd086872d5d02c21d96e763818e6e2ad16710863a20c7c04c212cb865d46728b3127d04908a466c41f256318d174b06f3c9da6a4dde0cd931fa28f1e4,CLEAR,DAYLIGHT,DRY,DISREGARDING STOP SIGN,2.0,33.0,2.0,2.0
04a96b59ad55a55274f8af1eaa1d32c937240b479e7e075b616b95c9321e850ecf6b89c917c6b71bd5ee9ba4a1903133454b637b954f4ee9ded0c8d5150ea40c,SNOW,"DARKNESS, LIGHTED ROAD",SNOW OR SLUSH,IMPROPER TURNING/NO SIGNAL,2.0,37.0,3.0,3.0
04a975152d641ab4acc6e023522d27158c2059efb1c86764f10a1371217c5003b436ca3d31b3023a1074bd00d37916d6ef5ffeab39a5ed40e37b2a496d18d1c8,CLEAR,DAYLIGHT,UNKNOWN,FOLLOWING TOO CLOSELY,2.0,49.0,2.0,2.0
04aa0ce65b33918b97e2dcba4dacfd9bdd42e44ba1fbb57d7c4cbfa03365079ab773926d1c61fbdc3dac8adb3852cca5fd165353b28ebbf83506c42f7efd5218,CLEAR,DAYLIGHT,UNKNOWN,IMPROPER OVERTAKING/PASSING,2.0,17.0,5.0,5.0
04aa55c893b1e8f31019a76b29f8cb2125590d5484f9418b704e25a1df7dc8fc9c4ca94d5e37638e9b4e7ebd3d96b5ad108444ec13590df9455fff0ca1f721c1,SNOW,"DARKNESS, LIGHTED ROAD",SNOW OR SLUSH,WEATHER,2.0,44.0,1.0,1.0
04aa67e6152659bd3ead98820fd230571bd1a04e1a71224ae05243921205108c62b0b41bc7418ab5c1113ce1c0d6cacaf801141b50ba3654604f2d504bf0bc9e,UNKNOWN,DAYLIGHT,UNKNOWN,IMPROPER BACKING,2.0,33.0,2.0,2.0
04aaa888c94c91f22655925ca9108f94d12a24ed2dc6323f3b04ab2487e1c1f434f1ddd043709d788da91dc3aa3e399d6f1ef84d2db7529b593d959cfca62ef7,RAIN,DAWN,WET,IMPROPER TURNING/NO SIGNAL,2.0,52.0,2.0,2.0
04aab18f8f10ada1bd04cfc9b127e0d8834525e94a34002fc0353db3f069075c1944ac9519faa3600a4580f5f35bbb650ab4c366a3881b697103a5628408c7b0,RAIN,DAYLIGHT,WET,IMPROPER OVERTAKING/PASSING,3.0,31.0,1.0,1.0
04aab1c5ae574885000bfd2a11817930b6188ba6dac4a5ec8386eaeeabc58607ea92098d454a0a380cd325e994535ea91f60bf535ac679b1d3492bf79a60410c,CLEAR,DAYLIGHT,DRY,FAILING TO YIELD RIGHT-OF-WAY,2.0,53.666666666666664,3.0,3.0
04aac1cb728f7d400d17fe536ee9d099a6e39b72882d4e9a56a1fa73a1213afc247ff4e6e7e913c0f398dcdc9ea0d22fcbb5fcc139f5762ca9c373b8d39abbfc,CLEAR,DAYLIGHT,DRY,DISREGARDING TRAFFIC SIGNALS,2.0,56.0,3.0,3.0
04aac3f02afddd97dbbe1a87d94b1decab7d075d6fc718ecc1edf5d8f8d17fcc9f87b46ce01de167853ae47481c10f2320f6712c42eb53805ed23f54c7848cb9,CLEAR,"DARKNESS, LIGHTED ROAD",DRY,DISTRACTION - FROM OUTSIDE VEHICLE,1.0,19.5,2.0,2.0
04aacc064623baf75aa824fd57977616353e12174c7e7c50dbed20cb3fc23ff7159a8d00ce570ba2afceeaede8695471bbafdefe30c0ac3fa36f908286b3d26f,CLEAR,DAYLIGHT,DRY,FAILING TO YIELD RIGHT-OF-WAY,2.0,21.0,2.0,2.0
04ab03cfc057ab7e2e0dc9a894180cf3a06c4530e5bbe4532fbe5cc21e3fa83cb89770c5fc802e0d6fa4d2317883625561cf3bf8fbc65c98d01bb9c7ced69dc5,CLEAR,DUSK,DRY,IMPROPER BACKING,2.0,31.0,2.0,2.0
04ab0d218c83f0382c7d2409aa71812e8220dcdfcd432cb7f88a81c04bbf7ae0b6418082ff79e45f037466990c8178fa3962ebc5f10fe5afbe865a8b97c582a6,CLEAR,DAWN,WET,FAILING TO REDUCE SPEED TO AVOID CRASH,2.0,21.8,5.0,5.0
04ab1c9631cfd41937c792048a7e7a151c4dcc64dfdb558d7a836f82bcd4d55e3dae283659681bd5bc39948cf74a5647988a1453e65e77e07b991bf19b5084c0,CLEAR,DAYLIGHT,DRY,FOLLOWING TOO CLOSELY,2.0,27.0,4.0,4.0
04ab2b5ce3a1a3240381bbe468e3d7431a70d8597552d5f4a4888200539ea1b5408559a9ab2d610a1beee636be0bc20827a1e4d9fee3a3fe5f6f3c86b717193a,SNOW,DAYLIGHT,SNOW OR SLUSH,FAILING TO YIELD RIGHT-OF-WAY,2.0,38.0,2.0,2.0
04ab393d2c2b6ef43e43270254aa1e62c4b3e64401bde8286bad61a658617a064396f77f86a6882ce89810cc717c4a1af83fc07c0e0cff81ddd7ebe99d0555ad,CLEAR,DAYLIGHT,DRY,FOLLOWING TOO CLOSELY,2.0,54.0,1.0,1.0
04ab4c6818c15f9497683a0559242a8d4e4141d7c50559eb6e2a174f019b84a420cb58ba1e6f0b44f75b586a80ec49b4f41f98b35de1201248ef3fde40700fa0,CLEAR,"DARKNESS, LIGHTED ROAD",DRY,PHYSICAL CONDITION OF DRIVER,2.0,65.0,2.0,2.0
04ab825b1f0f41559af78b3415fea7f326e54f5fae4ad320031222a990891f7054eedf8441e33217afbb9517eebf4de3038cb664215a3b5484f6b0b0951618b1,CLEAR,DAYLIGHT,DRY,DRIVING ON WRONG SIDE/WRONG WAY,2.0,22.0,2.0,2.0
04aba1eb616e2939c5607e0eb77652329e3b8d4b4eee941cb113855ac62d7917ce87221ee3c416b978620e428df5309956780253d80a0eb18cb1b15fc7aa2bd2,CLEAR,DAYLIGHT,DRY,IMPROPER OVERTAKING/PASSING,2.0,40.5,2.0,2.0
04abbf395f7c2c991e4fa773ca647c3668ae5781cbd17f522fbe9a59125698ff876ef2b7c0773c34234d3faa0610c82068ecffdab85bd770e27c11adda360657,UNKNOWN,DAYLIGHT,UNKNOWN,CELL PHONE USE OTHER THAN TEXTING,2.0,70.0,1.0,1.0
04abc7605185413be5a7b3bc5f9057babc2a7aaec6d63d7fffd86a41cec05d2d69169342451f103b36f6e70d21482cde4d14b7fe1f6435d103104f853388723a,CLEAR,DAYLIGHT,DRY,IMPROPER BACKING,2.0,29.0,2.0,2.0
04abca0bd20aee458566f2c6f645dace67451c93124f7bf0650937e00986f99e76cecaae4edb27234036b19567c32b9cb79299fcf69bd25d644b02bd838854d1,CLEAR,DAYLIGHT,DRY,FAILING TO YIELD RIGHT-OF-WAY,2.0,40.5,2.0,2.0
04ac30b7140a36d319f52c36026177410aa1853d343de91cc6af6653373976575a7c0b3f48e84733b92d02b1331ae8df87ea67bc08f6641ee0ff9567e4acdc89,CLEAR,DAYLIGHT,UNKNOWN,IMPROPER OVERTAKING/PASSING,2.0,43.5,2.0,2.0
04ac538a8a3fc6cbd2ca01dd5a0938727f4fe4f2931a665e849f920ef775fe8e22395951e224dd868f089d308a638198affdc26c04d71f35788d69e6eeff0b96,CLEAR,DAYLIGHT,DRY,FOLLOWING TOO CLOSELY,2.0,54.0,5.0,5.0
04ac62a9641e3cdbb929d7d70e0f59b8f580b8257f5d304f77bb77832be223195ed01b5efe1f9c1f61f07b839ecd9235536e16a6d8de26c57cee13051b36cd30,CLEAR,"DARKNESS, LIGHTED ROAD",DRY,FOLLOWING TOO CLOSELY,2.0,51.5,2.0,2.0
04ac8fc40bef12f4b0d17ecffa1bef94cb92ee01b697ce72a1236c54c6d53597826ca8ef76af489ed6f79522dddc829a0f3f7ca64044efd83302d214f909947d,CLOUDY/OVERCAST,DAYLIGHT,SNOW OR SLUSH,WEATHER,2.0,37.5,2.0,2.0
04acb0d8d1d58b69c9553140fb319f21c2222413545199c191d9ef43b01ae90ad7171273ff5ab63a00b14079a7bfe9b9df450e7392fc0da41ac9e33ee4ecc3f6,CLEAR,"DARKNESS, LIGHTED ROAD",DRY,IMPROPER OVERTAKING/PASSING,2.0,48.5,2.0,2.0
04acde07883696694c0e5ba510885f86ccee7ad9db774079addc4a7c66c3cec7d9e2bb50c68ed931077a4af761cd989ad294c6fc028e6f78030eaa988059da50,CLEAR,DAYLIGHT,DRY,FAILING TO YIELD RIGHT-OF-WAY,1.0,27.666666666666668,3.0,3.0
04acf69acadc69d0dd38e9e922d228395df2fbcf11b68091264f199d0e9fb91a1deba92fe7a2bfc93117b1cf5cc40d50899d92b74cfa8a5ba73cc00282117ffa,CLEAR,"DARKNESS, LIGHTED ROAD",WET,WEATHER,2.0,35.0,1.0,1.0
04ad0e5d4ad8236fe59a37e2cce705d29c1c3220fe8c73a466bcab77b00930541bc1061b5af3cf6eaccf586be95a04f3a7d8547c6b21069a80bfefed84404164,CLOUDY/OVERCAST,"DARKNESS, LIGHTED ROAD",WET,DRIVING SKILLS/KNOWLEDGE/EXPERIENCE,1.0,40.0,1.0,1.0