crash_record_id,weather_condition,lighting_condition,roadway_surface_cond,prim_contributory_cause,total_vehicles,avg_driver_age,total_people,total_injured
04ad1a32edc60fbc484a14b9742c0715368f8fcf53900d393ed70a479614e9d84704fab2f97e18045f9e611fa5711f25d5b8a6bd5ce8fedc25e7f5b3388d479a,SNOW,DAYLIGHT,SNOW OR SLUSH,WEATHER,2.0,30.5,2.0,2.0
04ad9a5a2124e3d9d5d3fcb908ffb0e1256c781e0a01dfecc3faf8e5c26d37a0f0ab3caf4906d578c3f65b4ccd76e6b20b298948975f3574ef10c396c3b3fab8,CLEAR,"DARKNESS, LIGHTED ROAD",DRY,DISREGARDING TRAFFIC SIGNALS,2.0,45.5,3.0,3.0
04adc0227110173a5e9f075d2edb4cc1e38f86ba9fed862f3c6969f061fac2c01dccdeac54ee648a8385a05c56ce1d3e7dbfee3b0bf24d30f080b81f6eee4e3a,CLEAR,"DARKNESS, LIGHTED ROAD",DRY,FOLLOWING TOO CLOSELY,2.0,30.5,2.0,2.0
04add8d4dac0af625a672bcf88c7d0d1f84281554a5324a5a65cb021a2f34417ca145080a65ab5d1f87a1adf592ed4e617e6683741ffa25df0ddf122063f99f4,CLEAR,DAYLIGHT,DRY,FOLLOWING TOO CLOSELY,3.0,25.5,9.0,9.0
04ade8a6f6ef2b1613799dec46a6eb8ef834c40b6831a9a817af85490280521c292125b96f89393f57dc509e90cfff5321dd231c5156a4545c2b1ef7fdb184fc,CLEAR,DAYLIGHT,DRY,FOLLOWING TOO CLOSELY,2.0,36.5,2.0,2.0
04adfee7561d4f49c269eb74a87968ad461f5e55d0efb3c8438fe6b4fe1753c7cf962872f08e0d878cb0779169739cd8e0972451c6a437a24addd67f2729a983,OTHER,DAYLIGHT,WET,"VISION OBSCURED (SIGNS, TREE LIMBS, BUILDINGS, ETC.)",2.0,36.5,2.0,2.0
04ae043281d6eff67f114411c59d4fa3dc5d07f83b4631e44b4a704af25268e41c776fe6e02b54d6b14156e053e5ad1fd5a91f824233cb54af42256e4d2c4f23,UNKNOWN,DAYLIGHT,UNKNOWN,IMPROPER BACKING,2.0,48.5,2.0,2.0
04ae385f732c5bab95d10f09d551dc297e74c2e68f8c8c2425760d5ebca5abe35f9480462a973e267453dea88a0c29dc25348664f583cf627b6b5dade36f5e06,CLEAR,DAYLIGHT,DRY,IMPROPER BACKING,2.0,51.5,2.0,2.0
04ae44d1e7754851906827eb484093e697534fc9854beb833bd3695d2a9cc29217f720f4cc4c8ff2578efe04ca10062883a30c957b70d22f835c41e9002886d3,CLEAR,DAWN,DRY,DISREGARDING TRAFFIC SIGNALS,2.0,51.0,2.0,2.0
04ae5a488d85ca577652f650cd60c24ec644d9905d0cfbf7325e0a6d57fef9c9b61d2a043a7adb60da832aa033f790cb02627711fe0858af09bd3198402b4141,CLEAR,"DARKNESS, LIGHTED ROAD",DRY,UNDER THE INFLUENCE OF ALCOHOL/DRUGS (USE WHEN ARREST IS EFFECTED),2.0,40.0,1.0,1.0
04ae62efd75e382ed429ff72167ec05ce2650f4f49203259d9363e5cc60e84b1f479c8d45380d9dfb6f4b4da79988bb23ea10dba68c05a5ab22c056480ca18fe,CLEAR,DAYLIGHT,SNOW OR SLUSH,IMPROPER LANE USAGE,2.0,62.0,2.0,2.0
04ae8e28e4cd8a7475ca522be6ff65987c46c5a5579b19c15edac6267680059b2aa6393129a8da7382567a405c03dcb3aa0520256619a39d6f4db217e5f85ea3,CLEAR,DAYLIGHT,DRY,FAILING TO YIELD RIGHT-OF-WAY,2.0,52.0,2.0,2.0
04ae91c26c90a70a45ed1dfc1fff667e27bbbc5c44f40714e60c2d9d0c2f3614be89a0c489977635bfe824c3fe43477163e44144cb2f5847b38344981106b01f,CLEAR,DARKNESS,DRY,FAILING TO REDUCE SPEED TO AVOID CRASH,2.0,44.666666666666664,3.0,3.0
04aee5945c1b0606ef8e6029a2e8bd574d51d19871a2814f4b2d99d1857ec58e01c273f0b4b51ef17aef6e3f7d10a124562bea7faf9f5f93ef6689c1be0d9c96,CLEAR,DAYLIGHT,DRY,DISTRACTION - FROM OUTSIDE VEHICLE,1.0,31.0,1.0,1.0
04af0e3e5ddeb0636d9e9688f523ddbc2e1303741411b9cdcafc96a4395be71e5239413c0ba9ca628b519d7c9a50c77ecd0db94d5a18860d1e323e2cd88e334e,CLEAR,"DARKNESS, LIGHTED ROAD",DRY,FAILING TO YIELD RIGHT-OF-WAY,3.0,37.5,2.0,2.0
04af1492418c7aca07177d57e47eaa77c575bb4d35678eceb74d3188a21d3d32860697b0e6ea767a5215f8b2807595abc00ae8d6ae2364efc2baf010a5299a7f,CLEAR,"DARKNESS, LIGHTED ROAD",DRY,IMPROPER TURNING/NO SIGNAL,1.0,51.0,2.0,2.0
04af498c366211b8db0e66a9b6dde31fd3d8ed5f14dd7260137e6d629165139eb1058ed2bb1cd64ac6ea82b90a5c3d361dcba63f03d55ece554c4fbf39e35243,CLEAR,DAYLIGHT,DRY,FAILING TO YIELD RIGHT-OF-WAY,2.0,31.0,2.0,2.0
04af6bf222fd5c2208cada47f3a6f55f1f7fe700064fb7a92c34703ea96c49eb0ae12cef390c5250d025eb5d69bf79c85bccda39cd9f08454bedfa47da13b38e,CLEAR,DAYLIGHT,DRY,FOLLOWING TOO CLOSELY,2.0,54.0,2.0,2.0
04af6c8189d57609e7a43159f2d6889fccfd771ed5e729d5c0355372ac5fc4918181206ca889c0c377541188fe2ad98bbceaec25b2d287689459ce448761c2f1,CLEAR,"DARKNESS, LIGHTED ROAD",DRY,DISREGARDING TRAFFIC SIGNALS,2.0,35.0,3.0,3.0
04af9073e59306a4b13e61ea625f58109afb051dc8d30eea2c21678ab53be6c17053c6648a95a46bd8bbe44d3993bd2db51a67df0a00f1d7ba046ac789634f98,CLEAR,DAYLIGHT,DRY,FOLLOWING TOO CLOSELY,2.0,27.0,2.0,2.0
04afc835d8a0a2b45bd0c60f36f8757be51ad8a47eaa2abb1c7f4d7d65639683d5810c7853bb5693b5afa7d7b192a6fb77bf0c06b68f20c5b241f7018c4119ca,CLEAR,DAYLIGHT,DRY,FOLLOWING TOO CLOSELY,2.0,42.0,3.0,3.0
04afe489c624dec3a44c488dfb703105a8f8b82ec9397e0cb72cb7e8655638301389fc60592e7ce66ecd59752ab674433ea5cd19bdd708cc7ff83f5adc13be83,CLEAR,DAYLIGHT,DRY,FAILING TO REDUCE SPEED TO AVOID CRASH,2.0,84.0,2.0,2.0
04aff9f76705cdb7aabe2dc73e696a358d54906a174cc4e85f2355b2fd0d1b274b2db6bbef76d780a59f2f6bbec21f295de559f1f0e662915b45ab43b4f5cf1d,CLEAR,"DARKNESS, LIGHTED ROAD",DRY,IMPROPER OVERTAKING/PASSING,2.0,27.0,2.0,2.0
04b0111258ee197d5abaa690be8d2b40830404625446093c48ac9e67c2be00b04a71d718ed32b4bb872d56e0f27dd26427a01992a764ee88771a10323236573b,CLEAR,DAYLIGHT,DRY,FOLLOWING TOO CLOSELY,2.0,36.5,2.0,2.0
04b0573fc656b9ce867ab4a286e71ff023b0ac66b049abb17efa5491f84b32ae06794a10b1f2e09a1873017c2b801281bbb28ccc7ad555661aa19bb808bf9b75,CLEAR,DAYLIGHT,DRY,IMPROPER OVERTAKING/PASSING,2.0,44.5,2.0,2.0
04b0a55aa386e6993d8082eb5dcb3ca4d4bcabe1d5bceb3d5e51e406bbb7148c4f5f301c2c8cacf08c97004598ea96a00cdf5a087538cb6215d3384e3e55c622,CLEAR,DAYLIGHT,DRY,FOLLOWING TOO CLOSELY,2.0,56.0,2.0,2.0
04b16f8eb6c32ce3e43ff9b7127249909ca680cd225d3a78762d0c209210ff674ad48583910038ada51374bbcbeaf23dbd889d61edcb9c2c15cc62d65196a01c,CLOUDY/OVERCAST,DAYLIGHT,SNOW OR SLUSH,FOLLOWING TOO CLOSELY,2.0,35.5,2.0,2.0
04b17997c61988bbe9b04f12d4fd18f76d2ea87f7590e4d78203e6a6a23985115dde2bfea9fe58244b6b4b77a9262a896349c37eb153f69032bc22bfefa59ed5,CLEAR,"DARKNESS, LIGHTED ROAD",DRY,FOLLOWING TOO CLOSELY,4.0,25.833333333333332,7.0,7.0
04b1830ff9af1ffa1db4e629f028fdd100e0e4d87e84ca22e1f8f7a6a28958fac1f907c06281ff35679e9397952cd7e28d0bc9cf439d1ff2e19d6744b981c971,CLEAR,DAYLIGHT,DRY,IMPROPER OVERTAKING/PASSING,2.0,48.5,2.0,2.0
04b19db947838b15a552b4d8ddbc6248cd6eaa4a82f2003d56ba7c97bf95d11f03c98cc7615802ac5c2240e8b6f5952225f9bffa843d857440a7664a3fde6fd6,CLEAR,DARKNESS,DRY,IMPROPER TURNING/NO SIGNAL,2.0,38.75,4.0,4.0
04b19f3f78430a89ecef381d1d8edc64225d7a5062b59422e6194b24207ed27d6d736043d9034213380dc883d6d5d8da8845abe5abdfdd6bfba179026bedce30,CLEAR,DAYLIGHT,DRY,DRIVING SKILLS/KNOWLEDGE/EXPERIENCE,2.0,55.0,1.0,1.0
04b1c8efbe9fbbc7245e8e154b7a2d0ac7195f509ea37455c92d546b437805bb51f8ed12634d9384ae8e0228f8fb69cb20ae482c9eab0835efbf2b76cec78a7b,CLEAR,DAYLIGHT,DRY,DISREGARDING ROAD MARKINGS,1.0,56.0,1.0,1.0
04b1d548db1d1bd498b3100fc1808a082d1b9358d6700023db9f8baa980344b1dd97e2f6eb623dd910f30159246fea04e4fb705b16e8c0da612b19b297b06f48,CLEAR,DAYLIGHT,DRY,IMPROPER OVERTAKING/PASSING,2.0,57.0,2.0,2.0
04b1de36f73d2faa686c4e72803b64e18991554f9aaaa7a7973cf44d93d5409335ee9a17ad96f9e583c8ea0fb49cf5a6d10c2e3254c5a3c24c40b191cdfe050b,CLEAR,DARKNESS,DRY,FOLLOWING TOO CLOSELY,2.0,67.0,2.0,2.0
04b1fa62e5e7680f47dd21fd010eaa0a066a2d352cebdf228a8350ebb011e8f102af7593e834c5e21422bbc164b20fa724e6639890f362e0ccd478f3509ced36,CLEAR,DUSK,DRY,IMPROPER TURNING/NO SIGNAL,2.0,29.0,3.0,3.0
04b1fe6de0bcc4c895d8cd74477a1f7377e43a7a5d9ec53571e903c34a2885d4284a1c1b79efcee50a91f4087eb4d36f5c1a98c73db0b058dd940482117c4fc3,RAIN,DUSK,WET,DRIVING SKILLS/KNOWLEDGE/EXPERIENCE,2.0,47.0,3.0,3.0
04b209740ba369f9a58a5b02e38cde8e7fb7da1287c603dbf62cc9086d9243c884ee597f0bf2c7e3b21774e75f13e4ef369d6fd88e8ca4e6351dac537d3cdb3e,CLEAR,DAYLIGHT,DRY,FOLLOWING TOO CLOSELY,2.0,32.0,3.0,3.0
04b2195772e6b941f4be317468c7fdedaa4e84ed6664a5928a80c2fbe7f8e4b52106b729464a94b726c130bfc14efbdbae1e4c19ce1d0d7261f3cba4192405b3,CLEAR,DAYLIGHT,DRY,IMPROPER TURNING/NO SIGNAL,2.0,30.0,3.0,3.0
04b23b288a41987640fa0ba252c0487999466718e6f87f1bb4f731b64c2037dd28ce1d7ad9262689c0d3f8d7c379e3adde8bebef0e1910bbffb9e68503bdde8c,CLEAR,DAYLIGHT,DRY,IMPROPER OVERTAKING/PASSING,2.0,37.5,1.0,1.0
04b25792c01f6162bfb0ff6eaaa322876828846de43a7864294bd71c7a0bb9a4b0ecea5347924e6ccdb426cac2403e79be397b1fa287feaceddab79b8a07f537,CLEAR,DAYLIGHT,DRY,FOLLOWING TOO CLOSELY,2.0,48.5,2.0,2.0
04b27099c0fa6d08307b8cba03900e13a2d704e891e3f32e38abd64b8ed6007cd51e5825da203619ab3f86943e3a5aae8c9c3054d966c258669644c77539189d,CLEAR,"DARKNESS, LIGHTED ROAD",DRY,IMPROPER LANE USAGE,2.0,42.0,4.0,4.0
04b2a8bf894eae805a5473c3409e08faf59bfd178eb05f057e6861108ea0411f33f88bb09168cfbe6067317e075711b2d04dcc33556f4974e2c1da50a35b85d4,CLEAR,"DARKNESS, LIGHTED ROAD",DRY,IMPROPER BACKING,2.0,16.4,8.0,8.0
04b2afa3e73a369e74dd98c0c7b54054daabadbb421261aad098adea1c5042d46bf81c19b413f23849aba4c881debf93a775f48eedd14fc493c032f9b6d23dac,RAIN,DAYLIGHT,DRY,DRIVING SKILLS/KNOWLEDGE/EXPERIENCE,2.0,49.0,1.0,1.0
04b2d328778239651e2a3f60d56d1e426ca9615483e9e6fc8f02a7107e02aa0d1001857752cae2894c8e23efac4c031d507ca54911e4cd4f2ecc3b14bf29d0d0,CLEAR,"DARKNESS, LIGHTED ROAD",DRY,FOLLOWING TOO CLOSELY,2.0,11.0,3.0,3.0
04b2db603c3c14e3e997283ea81ad1e3998c6d2fd27a841d6d4b2334d095892293c00a72f351927518923e68ee1a4640fc905558031cb8a3b5b463256c553687,CLEAR,"DARKNESS, LIGHTED ROAD",DRY,IMPROPER TURNING/NO SIGNAL,2.0,32.0,3.0,3.0
04b2debabb6fa0a42531a013870e00a500f9718fa51d3b8e3f7d435b5bb8eecf21811636ad473ec7fbe8334a77133a8976438569866997bc8f3cbe765f11a66a,CLEAR,DAYLIGHT,DRY,FOLLOWING TOO CLOSELY,3.0,34.333333333333336,3.0,3.0
04b345fc64b1c0a73f5a620e79685e8d670883b848fd568e9ae3733a0027e1faa62c3e1de8d5f34c151988e5b5465fe32990518468dc261a57934db53e75deeb,CLEAR,DAYLIGHT,DRY,DRIVING SKILLS/KNOWLEDGE/EXPERIENCE,1.0,27.0,1.0,1.0
04b34cb0282b46396f9108dad59dc68dc13a02c6889417f8c2949c83fa28d2fc20229047f0a8e5eabbbf77d10fb798c2a4b069e47b99daca4f6cd5073aa42640,CLEAR,DUSK,DRY,FAILING TO YIELD RIGHT-OF-WAY,2.0,37.5,2.0,2.0
04b34df80f8ef1e6ea4d02cf3d44b8d81bf4ec3997f4414a10c2a9f32f220912a1e757677338b93730911f2e4ffee8545a934ac78b769318f157353a5a384de9,UNKNOWN,UNKNOWN,UNKNOWN,"OPERATING VEHICLE IN ERRATIC, RECKLESS, CARELESS, NEGLIGENT OR AGGRESSIVE MANNER",1.0,25.0,1.0,1.0
04b363f6228a71d4e233c1ca9d788b410552ff931e06e560c99b3842f07fe92bced9f008345df4183b70c162cb786fe36b22687f9035859e2753c9ffce87fc85,SNOW,DAYLIGHT,SNOW OR SLUSH,WEATHER,2.0,23.5,2.0,2.0
04b36478e468de0a47bcaad96b30dd8f2bc9cce150ee003d298e6b7ff23768de1bfccbbdbe6c72edaa38cd58c8f1d24f250dad5b78678d5dc8ac4fbbf0957f2e,CLEAR,DAYLIGHT,DRY,FOLLOWING TOO CLOSELY,3.0,29.666666666666668,4.0,4.0
04b369c4aa07b6f09c958eacc0cae9e7cd30e9a805010f91b17b77d47c4a16e10e502d1a61d236c0f1eb76055c2a61e32bc22d1f49449a37cca351377bcd27a6,CLEAR,"DARKNESS, LIGHTED ROAD",DRY,FAILING TO YIELD RIGHT-OF-WAY,2.0,27.5,3.0,3.0
04b3731d8f5abd82e96f4de529165341446701341a3578bc5707bf2356da288fb9eef2d30e940e37df5b91998c93953322a85db923a12b3851319d66997ca6f5,CLEAR,DARKNESS,DRY,FAILING TO YIELD RIGHT-OF-WAY,2.0,23.0,2.0,2.0
04b37dbb6f1f7e3f127a72bced5c7400020bd0124b1341299a83e5339a737bdf162af7ffaebb3cb953796fc4c3e1cfdf9beaad7cf823d0e7749d128f69978d53,CLEAR,DAYLIGHT,UNKNOWN,FOLLOWING TOO CLOSELY,2.0,37.5,3.0,3.0
04b38e3eb098fb82fc3dfb84d6228d964ee37bd3ee891a11cc34402da1d2c6d0235cbeb1c043a46df5250d1eff2d82e9b2b287ea594904fa49febfb71f309b80,CLEAR,DAYLIGHT,DRY,FAILING TO YIELD RIGHT-OF-WAY,2.0,35.333333333333336,3.0,3.0
04b3a9020f8816a130f5a57953d8167797cb203df347637d366c84f0796b15749818ecc93e0f7609ff6ba4112945773618b7bf8e19d5128611f7d5e793bf2cfa,CLEAR,DAYLIGHT,DRY,DRIVING SKILLS/KNOWLEDGE/EXPERIENCE,2.0,51.0,3.0,3.0
04b3b2a786a933268dea785056e375f2cbbdfb1e9862ee504c8bd5cbd3dd4189ea38d4d20aa271e0943cdbcab1a240c2816d402150528af732a23139b20355d8,UNKNOWN,UNKNOWN,UNKNOWN,IMPROPER LANE USAGE,2.0,53.0,3.0,3.0
04b3f64a47976b03533d6771973aac867917ee6e62d1cc0b2d09a6a0493879cf3270e5f075fc4df9c416c99b0d81aa070d3500216acdc27272475400e84d7174,CLEAR,DAYLIGHT,DRY,FAILING TO YIELD RIGHT-OF-WAY,2.0,37.5,3.0,3.0
04b41bdf1c63144ebc7660860b6c491fe46ac1c021a575d7e8a387e17310e05cb03f82efde652df07c2ec14cd31a4b64070ec19106dc0b84448a139235ecb42b,CLOUDY/OVERCAST,DAYLIGHT,WET,EQUIPMENT - VEHICLE CONDITION,1.0,51.0,1.0,1.0
04b441a86b962ad2316fae20b40ddb058c906b8af959d62422ae42a257bc67823e4f97615340a27519d236d5e2547283907296a6a17b395264241775d09877d8,CLEAR,DAYLIGHT,DRY,IMPROPER LANE USAGE,2.0,28.333333333333332,3.0,3.0
04b4674198dd7c041ca290e3734e2beef8c49609817f4359d8b5d4966faa798434e0ea60840cf2ada19074ef2c9227ececb64ee830cdcd678b2a247ecbc90e3d,CLEAR,"DARKNESS, LIGHTED ROAD",UNKNOWN,FAILING TO YIELD RIGHT-OF-WAY,2.0,19.0,4.0,4.0
04b469351e77ea3de1df1c807c6dbb1e95da94b668e53566037d1733aebdad0ffabe7638ca59188c8369e37a0708731e5536619ffaaee7e717026482f3880cf0,CLEAR,DAYLIGHT,DRY,FAILING TO YIELD RIGHT-OF-WAY,2.0,21.6,5.0,5.0
04b49698c7a60e3cd3f37c19810dc3783c4d9c7d2700d72565f5d686139c27276e9277014d11c3216fadaf7ec9e146d75b170c4f07957bfbf70d821665913a29,CLOUDY/OVERCAST,"DARKNESS, LIGHTED ROAD",WET,DRIVING SKILLS/KNOWLEDGE/EXPERIENCE,1.0,27.0,1.0,1.0
04b498e8cd88bfa70fcb67e67ad9cfa2325c955e23721c612851d7527bec0c0d59bbf2fdd1af261bad261d69bf2dfe46bb261b3c4600dcc0e8f0d5c715af56a8,CLEAR,"DARKNESS, LIGHTED ROAD",UNKNOWN,EXCEEDING SAFE SPEED FOR CONDITIONS,3.0,37.5,1.0,1.0
04b4a51308979f4a52961ae39b8bc763e2195638faabcef046b4b7729560f15821e1c3c5acf425bdfe566100a7e0df31dd2e8cd5e7a5b28dd9c65e8ecc41fadc,CLEAR,DAYLIGHT,DRY,FOLLOWING TOO CLOSELY,2.0,56.0,2.0,2.0
04b4c926a1eba852b79ba4a9c87f55049a50fdac43f3c2fb1c659555fcfa3bf1977a7c3a333dcbbd661266f6139ae51bb72e506e46994488203904c1d3a5c5aa,CLEAR,DAYLIGHT,DRY,IMPROPER BACKING,2.0,53.0,2.0,2.0
04b4cdfc090044ba70317068c09fe33aecb8c44a66d6dc6aaf80d54b104f20780e3010fd052b44081185395b9f83d86047f085b103bdf9e97da9d98813a36d93,CLEAR,"DARKNESS, LIGHTED ROAD",DRY,IMPROPER TURNING/NO SIGNAL,2.0,25.0,2.0,2.0
04b4f50a66e2b70a01b025ab783187a10ec62fc313c18862ed0f3ef4fdf5789f9b2702a45f5df20e3814348e13a26f349cc0369f8cc03f8fa34f9cb54c836a5d,CLEAR,DAYLIGHT,DRY,"OPERATING VEHICLE IN ERRATIC, RECKLESS, CARELESS, NEGLIGENT OR AGGRESSIVE MANNER",1.0,35.5,3.0,3.0
04b50e390fffad13040bd83e2a8b3a5ef4ec78ed80edbb20086bf2efa260371edfd683cb80d8c0ff0b770736910788b314d9bb0441b7a04227fed94da934a596,CLEAR,DAYLIGHT,DRY,IMPROPER OVERTAKING/PASSING,2.0,29.0,2.0,2.0
04b524c16b72cd093e8074f41402fa6ef106f0fa6acba5b099f5833748d3e19efb0347ae25b31bfa68c06dcefee38f9b93e920e17b2a10047d8302e0f9d55e92,RAIN,DAYLIGHT,WET,FAILING TO YIELD RIGHT-OF-WAY,2.0,56.0,4.0,4.0
04b553fb85d87cf658af88dfe3731d8e637b471a54915f31459b3f26c8ac7b28293351430b79f897460d95ae9e3af86d35905593b44831151b891ba0d428ec6a,RAIN,DAYLIGHT,WET,DISTRACTION - FROM INSIDE VEHICLE,2.0,54.5,2.0,2.0
04b56cc4ba046904c031b19b5f75a5d279477e8a1873aba04287768fee3f724810baccbdad863e0bb2c0b504c12b78956877885fe1a7bebe249ec12a9f8886b8,CLEAR,DAYLIGHT,ICE,FAILING TO REDUCE SPEED TO AVOID CRASH,2.0,33.0,2.0,2.0
04b58bee11c799aa717926b891b22a9276f6d2e503f8b3b3554ca66ee626615627805a05a4904a0be53e6ce243cf008935b61fdd18ea708827ae7c8d92ef48cc,CLEAR,UNKNOWN,DRY,IMPROPER OVERTAKING/PASSING,2.0,28.5,3.0,3.0
04b5a70b2690395eaf5ee6462206d8e9ed00fbd45c2017b0cb07d75d999dcc8852716728b1ba8bd0bd62936bfcb38e40a32934f834d2449f455de3ebcd5f39dc,CLEAR,DAYLIGHT,DRY,FAILING TO YIELD RIGHT-OF-WAY,2.0,52.5,2.0,2.0
04b5ac9f36756c7ccbc2b8d9272f2dde27890ac2adcb4b7c861a7df2843989448f04e843849c9402e8914b99ed178793c0e9873b2e53d4f952fdce414b2bd210,CLOUDY/OVERCAST,DAYLIGHT,DRY,FOLLOWING TOO CLOSELY,2.0,28.0,2.0,2.0
04b5c83169647448782313bb9f749d39c452f7e1313b740b768c9b856ce2fff94d28a466eb6a72c40b9d5a66444123687c8a56b0bb19e1b7e707f62e19491b27,CLEAR,"DARKNESS, LIGHTED ROAD",DRY,IMPROPER BACKING,2.0,47.0,2.0,2.0
04b5edd9a58a557a2decf60dadee44b478d52f2cd6a4d2e32ac16c31c78f81594814b19d474199ba5e6fdc09657cf10308371c1934234d14380c070d2ab5e582,CLOUDY/OVERCAST,DAYLIGHT,DRY,"VISION OBSCURED (SIGNS, TREE LIMBS, BUILDINGS, ETC.)",2.0,37.5,2.0,2.0
04b5fbd00ef2870ad3d69b5e67e6c4bee969aa0b6ddd3009ab73b8ae86fe8013eab42b084a1fb0fc5d8ef0752db156651f5a099c83aabbc0479639cfa9b45fbe,CLEAR,DAYLIGHT,DRY,IMPROPER BACKING,2.0,25.0,2.0,2.0
04b614ba8392b21e2c403627f6c7cf04f044aff4cc9aea9dfb1a7347806a8701d0351016291c5123b2c792f64a8612b0bf6131edd980fb8321c8d76fb7b609ed,CLEAR,DAYLIGHT,DRY,FOLLOWING TOO CLOSELY,2.0,32.0,2.0,2.0
04b6406bab882cecfa5d540a717ff5c28dcf58177886a1b43b367e647e3a374387f6995558ad6a4c07ea25bea66d3b500ea46718316019fc258c414057d991a8,CLEAR,DAYLIGHT,DRY,DRIVING SKILLS/KNOWLEDGE/EXPERIENCE,2.0,53.0,2.0,2.0
04b672091404c887b732f8e6bd2fa29545e31bfc83f86e6363fcb852582c74242c53e818db57b8665d31de0e209e28f058ce36ba010de7a6f55b148b999be2b0,CLEAR,"DARKNESS, LIGHTED ROAD",DRY,DISREGARDING TRAFFIC SIGNALS,2.0,33.0,2.0,2.0
04b6fb129d48a9ee682b60045e62aa0a9d4181d3b3177c926c9e36b04e867f9b02eb048da7df77998ae46b6c16734bb53ed12bdf740f41f431d70bb9e733f0fa,RAIN,DAYLIGHT,WET,WEATHER,1.0,48.0,1.0,1.0
04b707074ee65661ed4a39cc76da58b2aaf848ccb75b421a26b75f4c70caac89876524b75fa1c9901987d1ec9e391089eddaaa671b2ba0eb445bfc4fb9d7beed,CLEAR,UNKNOWN,UNKNOWN,IMPROPER LANE USAGE,2.0,37.5,1.0,1.0
04b7186d95ee2384cce18d79aa71c0d695cc4a9d8d730fd2cc327410a931b154662d175a005be3ac11b9cdb0a66b31ab0a5ffd103cc8ea79768ac23fe2fb61b0,CLEAR,DAYLIGHT,DRY,FAILING TO YIELD RIGHT-OF-WAY,2.0,28.0,2.0,2.0
04b719ab34cd4abe53001b78cd01e62a2ac7b9e6a719c50cacd737f707e250eb5e0bf8b10f179dca0fc2db1d32639205915c4b6bcc7be1dcffd6c4fbd7f71886,CLEAR,DAYLIGHT,DRY,IMPROPER LANE USAGE,2.0,62.0,2.0,2.0
04b71bc962887b93653341bf7c384d112210156f0195539f0d1806df14340c87b50c24ed6407d484de8d817fec799e734d7b284fcf79ea554e8ba1c2ce8cdbfc,CLEAR,DAYLIGHT,DRY,FAILING TO REDUCE SPEED TO AVOID CRASH,2.0,50.0,2.0,2.0
04b7416857ca6bdfc4dfd13f2a9da545dd5bdd3d475f2ab470a8adf9bca7c12c32fbb7d9d643fb618f43d9beb89fb0d3c8f9c24981101742acdf961368e7ed62,CLEAR,"DARKNESS, LIGHTED ROAD",DRY,DRIVING SKILLS/KNOWLEDGE/EXPERIENCE,2.0,25.0,2.0,2.0
04b748cc3182af0cc314665620f1dcb2af660381c393924120b31617cc85fcaad07c1bb596a3f5181eafb9f6c3dee45b57d9bd880650d5e792c855454764fd24,CLOUDY/OVERCAST,"DARKNESS, LIGHTED ROAD",SNOW OR SLUSH,IMPROPER LANE USAGE,4.0,29.75,4.0,4.0
04b792af0ab002089408e362e77ffe6dccd44276f361063207f5aacdae5ab0f2e7ee2a040398d121da9026795715f54e889f38732ef832a84532405e85ac5b99,RAIN,DAYLIGHT,WET,FAILING TO YIELD RIGHT-OF-WAY,1.0,37.5,2.0,2.0
04b7b81375bfe27d62afccdc5e71a04eabe8d8be41ae7926b166fcdd8b6f76e4cdd9902a11db3be651af48b7a5e7a897b4ba779e73d0f9e7cf695dd324ce04d4,CLEAR,DAYLIGHT,DRY,FAILING TO YIELD RIGHT-OF-WAY,2.0,44.5,2.0,2.0
04b7e6324a16d53e9f18855a3847e685e26df8d135138d6a0dd0af8a5a7955ef8b4fd6c4a81734c43c10168a90baf2833e79286e30d3840726256d8c5b7a2dda,CLEAR,DAYLIGHT,DRY,FOLLOWING TOO CLOSELY,2.0,38.0,3.0,3.0
04b7e9f2e9d205d078470bec02478262871fb0f50efef2b931e64faf414cf2780171ba489d2f9b4b21cf15e0b80f581d3f005887f5d7d38f28db927eb631f59d,CLEAR,"DARKNESS, LIGHTED ROAD",DRY,FOLLOWING TOO CLOSELY,2.0,33.5,2.0,2.0
04b858f00172a4c86cc9dc01ae9047af54717ea2ffe32470912b723fff5ea6b6aa34c4d1f4dec224c21be2672c1795a51f8fd3306e400d18a29aa849b5bd327c,CLEAR,DAYLIGHT,DRY,DRIVING SKILLS/KNOWLEDGE/EXPERIENCE,2.0,50.0,2.0,2.0
04b864143a28cf9981679244c5a1af0f7f04b1321166d68fcc2978bb1e089787541f107be68748c2d93c6da1e74b145cd6607e2bd0c052037e5ce46f736fa010,RAIN,"DARKNESS, LIGHTED ROAD",WET,WEATHER,1.0,29.0,1.0,1.0
04b8832835ac6402bf7307aeb64d30e5b24a64a41b6de880c0aa3f3666bc897ac20483aa1ca4621a5f259e86725af2a2d63d1c1b245d5ed2a0ac370bcf589e38,CLEAR,DAYLIGHT,DRY,DRIVING SKILLS/KNOWLEDGE/EXPERIENCE,2.0,25.333333333333332,3.0,3.0
04b88547cb8f278b5c8d6ce6d2b4675f32a9f91efb44de31fd8022fe1b4f4a4f4234d0f43eaa5931fddb375471fb46e44235384333078c2ebc5aa32612714e92,CLEAR,DAYLIGHT,DRY,FOLLOWING TOO CLOSELY,2.0,49.5,2.0,2.0