crash_record_id,weather_condition,lighting_condition,roadway_surface_cond,prim_contributory_cause,total_vehicles,avg_driver_age,total_people,total_injured
04b8e41f62c28eb77d9e48461d2da1aec86d435c7f5c87c5fbc620c06b21571ef210f7e45b2dd29a6652c9741168e88f9542cedf7d77c79dc4189848e12d1d7a,CLEAR,"DARKNESS, LIGHTED ROAD",DRY,IMPROPER LANE USAGE,2.0,0.0,2.0,2.0
04b8e5fe96c9c0904a5d48eb33be8f506e5dd42649d33e82243efbcea6f51953b9532550bd07a0a643827b74b20d66e95dc4adfa3f8b2a776149cc632b343286,CLEAR,DAYLIGHT,DRY,FOLLOWING TOO CLOSELY,2.0,64.0,2.0,2.0
04b8ec68d0f270139b14536fa181c5eaf47a0b70536c867aa3262363c032bca8b200da3f65cf17601fdb43a10b88c86db92985bdd61d41c737a3a0db9df1507f,RAIN,DAYLIGHT,WET,IMPROPER LANE USAGE,3.0,34.0,4.0,4.0
04b93dedb5c352ccedde149a8f14bcb90ffc170d61630f5fe341d194bee2fd2fed1005b6b86da5096054d28781162ee6e1bc39ed4af551200e541df6c121b08a,CLEAR,"DARKNESS, LIGHTED ROAD",WET,FAILING TO YIELD RIGHT-OF-WAY,2.0,39.666666666666664,3.0,3.0
04b944be7a649bb5bfbd381c02e7ac4aecbf1af7ac2c5b9c40aa21b3d5592b5771795acdc6eb6c93db72ca55bb402939c74d39dbabdfd5e8d05007c3bc5a1fc2,RAIN,DAYLIGHT,WET,FAILING TO REDUCE SPEED TO AVOID CRASH,2.0,47.0,2.0,2.0
04b950e4eb6a85d3f95588b9a1eb30c0fe3001c32c808fcb370cce689bfe787188607de185c1d2e445ecbbd45e33878e4280f3a56590bcd72790cf8ae6e5f877,CLEAR,DAYLIGHT,DRY,FOLLOWING TOO CLOSELY,2.0,48.0,2.0,2.0
04b975b78904897ba00b84919513e9b02d5b42c80a1961ef278a9cbd06ea6b6be661f3c8729f633845b76c57822ad40be962618c1e1c4c2f91c62dfd42adcb83,CLEAR,DAYLIGHT,DRY,FAILING TO REDUCE SPEED TO AVOID CRASH,2.0,34.0,1.0,1.0
04b983fcf44f6be906e61ab5ded2003c295bbe088bdc378fbb6a3045cad9f259ba6e2c2821d74ff645a82357e5d7b8fb31415aad54b8e63f024e14cb8a7a34d9,CLEAR,DAYLIGHT,DRY,FOLLOWING TOO CLOSELY,2.0,27.0,2.0,2.0
04b9912fd52a947906a3fb78da83dcb9cbc03b9a88bcf5770a748170b27b11de28ad4e4bcfb1783809cee24d76eac66d884550d6e35b52089ddb8f8e2d859e7f,CLEAR,DAYLIGHT,DRY,IMPROPER TURNING/NO SIGNAL,2.0,53.0,5.0,5.0
04b992ea884c996ce06d6fd8736b46bfd165c8c1760e3e9d7daad67f9e9236f0495f809dae8d4a4655f22827bd3ed8585dfb62c5e54ea6bac198d369887019f7,RAIN,DAYLIGHT,WET,WEATHER,2.0,50.0,2.0,2.0
04b9dbfc2cb21a3c77f47f1ef6e34afc8e39883bc96b59496459b2cfc2cac08e94ebbe52b78c576ee73afb60e88b5d033aad10c11a50ba52c9fb94538ac19895,CLEAR,DAYLIGHT,DRY,IMPROPER LANE USAGE,2.0,33.0,1.0,1.0
04b9dc3caa545d8e680d4922110a0b64ff91e34b628e35ba2c7472266519c49a926f775f1844f8d1e0e086dce618e3fc653f93ec81884b3c87896f05f201737d,CLEAR,DAYLIGHT,DRY,"OPERATING VEHICLE IN ERRATIC, RECKLESS, CARELESS, NEGLIGENT OR AGGRESSIVE MANNER",2.0,31.0,1.0,1.0
04ba16f44fc3ef363553ef8495a2690f4ae9d0ce904dabf9e4df86d03fb8e9e8e1c733620896b3f440b38accd3231635477a069e629f6b3e5a6c4f81ea8a78e0,CLEAR,DAYLIGHT,DRY,FAILING TO REDUCE SPEED TO AVOID CRASH,2.0,46.5,2.0,2.0
04ba7baaf6924bb9fafc93bfa98380852d0f85c8226fc06d0d9f85cbd53a2097f94a05333e243e3cf6f6a24eac71ef37a0dd8547d63b4754d40126b3e6eaf7ee,RAIN,DAYLIGHT,WET,FAILING TO REDUCE SPEED TO AVOID CRASH,2.0,37.5,2.0,2.0
04ba98b4edf2157c949530a10caf796ce29d2939aa8779473347f97bbf2d446b920af4d7b5524af4d828eb92bc224dece6e17ded9d78d79551228c2b83263e2e,SNOW,"DARKNESS, LIGHTED ROAD",SNOW OR SLUSH,IMPROPER OVERTAKING/PASSING,2.0,33.333333333333336,4.0,4.0
04bad9498fee8bc7ee2455117788550e58f1660fd27a88da90a10f806ab80066858708e62b140ff7f3c6796f4d6bf7f7a8ab368b9cadc572bc1385acdd78b617,RAIN,"DARKNESS, LIGHTED ROAD",WET,FAILING TO REDUCE SPEED TO AVOID CRASH,2.0,37.5,1.0,1.0
04bb151b0289f232ca6a4ca2716d759677fe80bf2d25baa4b59f5210760fe3ac53f15c9ee9cc08ec879ec3950963c71c7cc1ff1ec469c0b2d308059bff2104b4,CLEAR,DAYLIGHT,WET,IMPROPER TURNING/NO SIGNAL,2.0,58.0,1.0,1.0
04bb211ccd9bc93352d6c1221b8b08ad49f37d9463b8979ba21ab8c3dd3bcca56032dc416c126496a5fb7856229f4ccf818cc72ecf77c208274cd4798993dc38,CLEAR,DAYLIGHT,DRY,DRIVING ON WRONG SIDE/WRONG WAY,2.0,37.5,2.0,2.0
04bb650b23ed1c77232482c2b7b474d58b71b1f8270e02b7d059169ce959bd23f8ba2a747bb4d5bdad163260d4131765eb87cf1d129afdb1ef96bdaf536eea1a,CLEAR,DAWN,DRY,DRIVING SKILLS/KNOWLEDGE/EXPERIENCE,2.0,42.75,4.0,4.0
04bb6d192f6d3176bbe4d62e76c2ad77c490a2d2c4f58f4637c0c43d7d7a97ac7daa1bd59b03d986aaf9a2577f4cbf7deb1271742091e38097078c4ede04ab6f,SNOW,"DARKNESS, LIGHTED ROAD",SNOW OR SLUSH,FAILING TO REDUCE SPEED TO AVOID CRASH,3.0,49.0,3.0,3.0
04bb8f54c3166eda55e350a65b2d2dfee32bda9a232117d5017f8575cbc8fd9b67f2eb9fcb30489aeee9aba92b4c67a3a9766456e97f8226193ab5ae3611f155,CLEAR,DAYLIGHT,DRY,FOLLOWING TOO CLOSELY,2.0,36.5,2.0,2.0
04bbb4ad662870ada2636374076927f5871c2f2dfde02881fbc4bd4a42008068b380518921e8b04be3cf4d0a9a44715d1db06abde71f22ce3dfeb6a702154e0b,CLEAR,DAYLIGHT,DRY,FOLLOWING TOO CLOSELY,2.0,43.5,2.0,2.0
04bbc132bf35168ff56644f3db310d10b1fa98e250bab3122a0e66e7d744359b86ed65090a15817e3bfae40d5d5b4b52c34f79b337377a1041ab2a63ce502842,RAIN,DAYLIGHT,DRY,IMPROPER LANE USAGE,2.0,63.0,2.0,2.0
04bbd2817dff0e30390b1fef37e4813ee62871186024ceb6eee902a7087c4494dbfeae788fe35ec15540d6adc60ffcd87b82c361444c4c6f1a9fb1c5b6521b42,CLEAR,DAYLIGHT,DRY,DISTRACTION - FROM OUTSIDE VEHICLE,2.0,30.0,1.0,1.0
04bbeeb49ed13bb786ef0b6611e3165d1b9db3e686da37b312aaebe774c2a73f9dfd115e30c081f18633ce0c07cc5f9a5f359329add0752045641629a86554f2,CLOUDY/OVERCAST,DAYLIGHT,DRY,DRIVING SKILLS/KNOWLEDGE/EXPERIENCE,2.0,27.0,2.0,2.0
04bc092d629d70876f672c9ce240f94e5c7ba32fd13dc4e7fac60c09e1dfd059394523031833726f379eed4d9145cdd3cd7aa037c910e9ddd63ac8a19d9fcec9,CLEAR,DUSK,DRY,DRIVING SKILLS/KNOWLEDGE/EXPERIENCE,2.0,28.5,2.0,2.0
04bc1b393a3460494eeb68541ccc87a5399d6450d567ad5ed3c623165827018f7230f9ec5ace4f79bd6fee8a717c4d7a6704c0a41499f9a154a25b54c9e43414,CLEAR,DAYLIGHT,DRY,FAILING TO YIELD RIGHT-OF-WAY,2.0,37.5,2.0,2.0
04bc21a02b47e589e69d1cf8788dd98c3266ab487dae22a70947aea3d10de800b801f9405346225163d57baa1703fe93b3dbbcbb8a75483c95bcfeb9c2b2cea0,CLEAR,DAYLIGHT,DRY,DRIVING SKILLS/KNOWLEDGE/EXPERIENCE,2.0,37.5,2.0,2.0
04bc34a61df8df2db9fc311e2fc5f5fed92571cbdbcb79e8f785ef179484da80651439d92de1e70468cebe4d64136fb8c8ed9cd03585611fe34d3cfe4b24f188,CLEAR,DAYLIGHT,UNKNOWN,IMPROPER TURNING/NO SIGNAL,2.0,49.0,2.0,2.0
04bc59d30363069606d3e502fb2e5a586066774ece945ed59b154cc32870644bf2ee54204357634d22e0eae4ba0709e9b169022322091efb5b1974b81179050b,CLEAR,DAYLIGHT,DRY,DRIVING SKILLS/KNOWLEDGE/EXPERIENCE,2.0,16.5,3.0,3.0
04bc6d418af210e61675ef000c393930873bb5f6a859c380bd01a772c7c46947ddbff7825316f937ebb691bf6a2897eb01290588d0007322450c898f633ea3b9,CLEAR,DAYLIGHT,DRY,FAILING TO REDUCE SPEED TO AVOID CRASH,2.0,36.5,2.0,2.0
04bc7a4a183665cfb4ef6ccd43641c13e35e22ba60b3e4b80b0a54353fe15bea5060e07baa1437e5a44a7e2143d6dd4ff5d9449e48337b9eeba5b066313915be,CLEAR,DAYLIGHT,DRY,DISREGARDING STOP SIGN,2.0,47.0,2.0,2.0
04bd13eb63025bef9e8c1ae07f16245ffb8be9fb9480fe569eb193e476a09821f4e3a009d92463d1d59c516fe6236a3c3137d652cb9d1785459fcfe1519fea5e,CLEAR,DAYLIGHT,DRY,IMPROPER TURNING/NO SIGNAL,2.0,44.5,2.0,2.0
04bd3558cf1d0470e2cb1a1e298462dbde5b2e498a478c5c60430cef8d928f8996c0fdd10805f132b0258ce343719694b4a6a12c2223bd1dc28357d47eedd5e1,UNKNOWN,DAYLIGHT,UNKNOWN,IMPROPER BACKING,2.0,47.5,2.0,2.0
04bd4ca2f564a4c5b60ebf063034bc4d9b829f4ee42c5b3f36dd5ace997b7f59c51ae4d8c88b0b504afdf89bd6434b96e4b1a3f19c5a05d2b00941413847e470,CLEAR,DAYLIGHT,DRY,IMPROPER TURNING/NO SIGNAL,2.0,29.333333333333332,3.0,3.0
04bd9c9e5a70210c9e88ff059b22e8af6d41dd47fe5d23772956d62f33f19d97166320e0c6c4512a43e5eefc1a743e21ec8e459456172ee726f17afe5c0fe20a,CLEAR,DAYLIGHT,DRY,IMPROPER OVERTAKING/PASSING,2.0,29.0,2.0,2.0
04bdaf2365cf7bd6c55550beed8ac750869b1ed9ba53b7ebcc8aebd50152540a661d4e899a37b2c1e2607dd3d4a55ab993ff78dcb56277287c5a13bb8b3aa492,CLEAR,DAYLIGHT,DRY,DISREGARDING TRAFFIC SIGNALS,2.0,25.0,2.0,2.0
04bdb0d94bdb45698d9c6aeab9c199198ab8eb5d650a9dc22d9a0ed92c991ebc06bf3cf686124af1745ab4b0fcc7b9a567f95d7633c84985ef249bd4f111cb6f,CLEAR,DAYLIGHT,DRY,IMPROPER LANE USAGE,2.0,61.5,2.0,2.0
04be21eec4911415a78e79aa912753f6bf1d95b0e586bdabb68e4a1d407ae530455286d8e8e8231ef3ef0b547b0d00134d5d390b3e1cdda91459aa3b151bae06,CLEAR,DAYLIGHT,DRY,IMPROPER OVERTAKING/PASSING,2.0,40.0,2.0,2.0
04be29c5bc3df8d3f349084bcd01479dd1e295b5b825bd45316f204cd64e81807daef6ea7d92408f03b237aaf74e044ad6dbc8e3a85388d78b56cbb31e230ec4,CLEAR,DAYLIGHT,DRY,"OPERATING VEHICLE IN ERRATIC, RECKLESS, CARELESS, NEGLIGENT OR AGGRESSIVE MANNER",2.0,24.0,4.0,4.0
04be37714e5639a419ce2f47543dc4071328d12110fd2d31c7609e8fcb1d6e4d4b01ed82797c905e270964ff0814043a5600cd70a11a2215945a5cbebf9fc8f4,CLEAR,DAYLIGHT,DRY,DRIVING SKILLS/KNOWLEDGE/EXPERIENCE,2.0,57.0,2.0,2.0
04be5f53b06f2a37230effa79f2e877b703ae8fc904999d62137b2a841849fe749f5950586f006e93ea4c0e4a9fb9775544644ba2841dc3a6e7278477378aadd,CLEAR,DAYLIGHT,DRY,FAILING TO YIELD RIGHT-OF-WAY,2.0,29.5,2.0,2.0
04be6b1f035db0b2d36429acb31f95f02586d91e32f627133ee0cbb0e0d4a33d614c81bf80f96dc0cb8411e20642695a90780f38f61d8f157719cce7f9e3c47b,CLEAR,DAYLIGHT,DRY,FAILING TO YIELD RIGHT-OF-WAY,2.0,32.5,3.0,3.0
04be9e3a3e8b9ce8b9b2d949d8db9def1978aad5a266fcbed3e91367ef219e01b41a9cd2402c93ed153baf908c000c137f846e8da02e88fc5c395e4b934ceb80,CLEAR,DUSK,DRY,IMPROPER OVERTAKING/PASSING,2.0,23.0,6.0,6.0
04bed7de553a5a25d732c611ed051d57efb5903da9273a8422e8ed45add8ec847498d74220b98405b884aa35bcb61b6b41793628e1a976bf8df13111d4800cdb,CLEAR,DAYLIGHT,DRY,IMPROPER LANE USAGE,2.0,67.0,2.0,2.0
04bf07e88b807afa7047b146d22b07801c6a9f450aa620887ed3a597a2377419218b0fdc065280a096e2f440fd022b33ac2476ee624bb2b55121232de1daad99,CLEAR,"DARKNESS, LIGHTED ROAD",DRY,IMPROPER OVERTAKING/PASSING,2.0,26.0,2.0,2.0
04bf1cc9129a720a0894b213088808fdc3ff746c1b2d61410af8ab6833df5fd730c3a61dd85c327c12a546cbd9b3adf6007453753c5684c8788d217030ec6b34,CLEAR,DAYLIGHT,DRY,IMPROPER TURNING/NO SIGNAL,2.0,37.5,1.0,1.0
04bf6ed93244622f3b7c668db4750d8896d9d5460308a85db2b7d06985f30aa74c2bd92e662ba578067e2315b73b78dc92d15f8e58b888821cb65a20e6bf0785,CLOUDY/OVERCAST,DAYLIGHT,WET,IMPROPER OVERTAKING/PASSING,2.0,30.333333333333332,3.0,3.0
04bf7ea8d72bff69cc4c2563d977f57e45a4bb6a6def956fe67f996a5849866168d99d30312c35d85f1d2cbb54ab0dc1a5900a334748ba845f21c1935b6a7086,CLEAR,DAYLIGHT,DRY,DISREGARDING STOP SIGN,2.0,21.0,2.0,2.0
04bfc6c49915a825e6d88681b8d0d3da8d84a48ddfb918cce458334361833fec5228a6cd2db40d411195f2860f3423601dffecbae071f6cae867baada98c2bb5,OTHER,"DARKNESS, LIGHTED ROAD",OTHER,DRIVING SKILLS/KNOWLEDGE/EXPERIENCE,2.0,41.285714285714285,7.0,7.0
04bfde66db3e715eb3b9eeeaa3050f4f69ea8faa77d5d1e0b76382baa5e0761a7dd048a881e9bc55ed88bd8c21ea6c39a905092982dcd79e235836011fa2fa36,CLEAR,"DARKNESS, LIGHTED ROAD",DRY,DISREGARDING TRAFFIC SIGNALS,2.0,19.0,5.0,5.0
04bffecc1d4d873898d1d0add3d77c2a70dcf8439d70f5333ddbc1ec700e239ef32e787359c286023cf5b119eb3da43268f9ea8b8e63ef04e51c800472cd7227,CLEAR,"DARKNESS, LIGHTED ROAD",DRY,IMPROPER BACKING,1.0,24.0,2.0,2.0
04c000a5e9e7a2428f12eae24fa18e535d0e79c25119c9d62b9f806eb358680176161963e177e3fbd42ae9ae57e68f82f0f3bb0bde1ac82d398a16db8ede5ea4,CLEAR,DAYLIGHT,DRY,FAILING TO YIELD RIGHT-OF-WAY,2.0,58.0,2.0,2.0
04c025885e76fb6119300b652ea3048e61376ff1e0612a953a3a14073f7bb59bcd1e54416391e9d333306a2fb467e4dfa1ade78ada38ca8b4f1dec32af5cff4f,CLEAR,"DARKNESS, LIGHTED ROAD",DRY,FAILING TO YIELD RIGHT-OF-WAY,2.0,31.0,2.0,2.0
04c03cfa3ad24c1bf7cbd4cfb584b8c645c5719aac1a0a2e0532f75bda0ba34bef0662487588b9bf8345c3ed4d0b180c47d7fef75cf1111d7ce0235c3916279b,RAIN,DARKNESS,WET,WEATHER,2.0,35.666666666666664,3.0,3.0
04c06ad216974845771d92acf4c270dfcf39a113e7adcb317fba3b3f343ad0637234e28aaeddba0990291574368496ddcdb91edb259de525e30d848bdf45d7ac,CLEAR,DAYLIGHT,DRY,DRIVING SKILLS/KNOWLEDGE/EXPERIENCE,2.0,0.0,2.0,2.0
04c0914bbfc8047ec26be6a84fd293436b1b980072310169b6cbc4b5ceb365d099f50276c5be5873c3d246ec43dfa18bfb2273a59e2a3b02ae8d9d0f209d9cb9,CLEAR,DAYLIGHT,DRY,IMPROPER OVERTAKING/PASSING,2.0,47.0,2.0,2.0
04c091f8cbe9c02333fbbb597ddc5592775c94e5b85204bb633a18fb2f46f01767337cc4fe810a408d7bebd2c48396281cf41b989be43f1dcc4fe5f0c401e487,CLEAR,DAYLIGHT,DRY,FOLLOWING TOO CLOSELY,2.0,37.0,3.0,3.0
04c0d411207ced79e74dcf5f4b056add0e672b5909cfa3f46ecd40550906e60fe57a223393a6c768232e17c5fd446cf7354ad8309283b382f937e6b6d4b6b3d8,CLEAR,DAYLIGHT,DRY,FAILING TO YIELD RIGHT-OF-WAY,2.0,41.5,2.0,2.0
04c0f04551fd9a9c63f9270303da69caa08ceaee8fb81a9c557b6ced39d0fa927090302a7ccf39a2f6a16e205d36423db0a36d6632ace00bb42d16be2444fbd3,CLEAR,DAYLIGHT,DRY,IMPROPER BACKING,2.0,43.0,1.0,1.0
04c0fca0acb7e8f68daa5a63105dff8e7ef2994903839b1ca6f8aeb962f69539780c527139f9f27ecb49bd221b3be3b6a4b6ff9b4e15e93f8a8c687f7e912e2c,CLEAR,DAYLIGHT,DRY,ROAD ENGINEERING/SURFACE/MARKING DEFECTS,1.0,51.0,1.0,1.0
04c1085b519cf07b03df1502d3e6cb49947d6f97a9b57ec395d45c49b95ec110250ea216e2183ecf9be62cf4210531b2aaa310d907c35ef6f2b4d4bec3d032ef,CLOUDY/OVERCAST,DAYLIGHT,WET,DRIVING SKILLS/KNOWLEDGE/EXPERIENCE,1.0,20.0,1.0,1.0
04c108df678993244b840ebe43c60efcf54af444f6978b87be92a200d6562361a43fd35e7562ed4cd1c2a55c7e74fa9a9585d5d11211feb0950dcea6849b7857,CLEAR,DAYLIGHT,DRY,FOLLOWING TOO CLOSELY,2.0,23.0,2.0,2.0
04c12b909b795879fd71e95404a8305211f11c17f70387930cb7fa4ffe585faa339d400a82218ce6b36fd934765c2062019a757a98a754a4b884a9ea706ad472,CLEAR,DAYLIGHT,DRY,IMPROPER OVERTAKING/PASSING,2.0,53.0,2.0,2.0
04c156f908016f03900dc33b6c2fba355ba3073d601594aaad1329c8fadfbd40e9f3129f40115d2577760e8fee6cde851d7f30817e22d16eda17ac60496cc8d9,CLEAR,"DARKNESS, LIGHTED ROAD",DRY,FAILING TO REDUCE SPEED TO AVOID CRASH,2.0,37.5,1.0,1.0
04c16745488e7a78c67f65deb4c974048cc940a3a3e3673fdb8a576dc4bbca80952e2291ee94133f7ea1eec77b20844c4a93868f0a528ff0e510c9c8698e58a1,CLEAR,"DARKNESS, LIGHTED ROAD",DRY,DISREGARDING TRAFFIC SIGNALS,2.0,50.0,2.0,2.0
04c17532db00bd56db6891e0eb68e8a12668dc73257bd6ce353e2880cb3639499299c2bd8d5714991ccb03da994a753fe1d3482719496615a15f237961b0be57,CLEAR,"DARKNESS, LIGHTED ROAD",DRY,FAILING TO YIELD RIGHT-OF-WAY,2.0,34.0,2.0,2.0
04c1be2b3cd6e636ec10ece3bfb6ae6aba1340e8b41c2905d00f40ed636c4d33447561c0e18018e04be6c4569512fa4aafd67582279107f8b538532042ad4ef7,SNOW,DARKNESS,SNOW OR SLUSH,FAILING TO REDUCE SPEED TO AVOID CRASH,2.0,21.0,1.0,1.0
04c21fbef2ace3b14072bd39c18d502fdd8aa882a9a452da2f4a2bf43acf783d6b276bc8b0ccc0fbff3c0419f3805e6c622d66c4c7538c42224cc0f527a4fe33,RAIN,"DARKNESS, LIGHTED ROAD",WET,FOLLOWING TOO CLOSELY,2.0,31.5,2.0,2.0
04c21fd83c6b828cc7b73d1d9a97069b1b600248da4a3d65d301be6f9238bb927e3dd795dd35bdd7f5429ba3b7e283faf6af44a6f82ccd94f4e7304b358363c3,CLEAR,DAYLIGHT,DRY,FAILING TO YIELD RIGHT-OF-WAY,1.0,37.5,2.0,2.0
04c24b0142d045f068197bc35328811c065825c9424ba9911750c0d6b8a3f058162f8a701635e2c4fb3144f1ab422b8885b4ef3cf2b0e140498c4c6cf20e05a4,CLEAR,"DARKNESS, LIGHTED ROAD",DRY,IMPROPER LANE USAGE,2.0,36.22222222222222,9.0,9.0
04c2c85728075b04909d1dd15746af96859ba453b288f71f391852a812d88cad77d6439b4b6406d12f2f8e1b19cd101bda6cb96afc81576cce656e6cb1e6f81d,RAIN,DAYLIGHT,WET,IMPROPER OVERTAKING/PASSING,2.0,33.0,2.0,2.0
04c2daca0688c9b16195b7f1b739e42f315760d697e357e3fe8c4c3f02e0e653ffa5e16d1153b6499049f5491cc686a4fe35d617aa894984a363274289558550,UNKNOWN,DAYLIGHT,UNKNOWN,DISREGARDING ROAD MARKINGS,1.0,37.5,1.0,1.0
04c2e871ad576a8e7da3184672d67b5cf983bd72f437dce6f40f5ed80da713544748ab7a497a9f91a7fa36737e44d073b3710d123350023fab1ca961211f750b,CLEAR,DAYLIGHT,DRY,FAILING TO YIELD RIGHT-OF-WAY,2.0,65.0,2.0,2.0
04c3215269844d841b4eb7512559dfeb4a3ecd125c6a0cbb1df317c141c9f2bd1cbadc390ebe07c5d48ed939285cf49295df6d91c197af64b37988f715565d4b,RAIN,DAYLIGHT,WET,DISTRACTION - FROM INSIDE VEHICLE,3.0,30.0,5.0,5.0
04c32bcbe3b444748562e76832a39c0eb5fe1bc1439b8b1ef5bb87a22f1a06aad0b2cd6588c9840519fac4b4639262d3cbe81d5ed9e9a41645c60dde9d7a992b,CLEAR,DAYLIGHT,DRY,FOLLOWING TOO CLOSELY,3.0,31.666666666666668,4.0,4.0
04c34f92cde411b36579f8154e21657958381b374ca750ce3396dfdd6e482254f9d86e274e4bd4c5f6f93d8fb1cf2c37315c3ec3575b01520a91e5da5bf96bd9,CLEAR,DAYLIGHT,DRY,IMPROPER BACKING,2.0,37.5,1.0,1.0
04c3d70968c37607d9c2f271b443180adc3492ad37ac2f83352fce26d8553f640b379e89543083941540af7634aabe2e7a81c8f8be5897cfeb52bda2abeb8a7b,CLEAR,"DARKNESS, LIGHTED ROAD",DRY,IMPROPER OVERTAKING/PASSING,2.0,23.5,3.0,3.0
04c3ed23e1745d1d620c1b259806ed7099915f61ee005a6fa65970f038cee081b068fa720f128a6ecc2cc00788c1bd6623742ed95b292ef2157a37357d8fb05b,CLEAR,DAYLIGHT,DRY,DISREGARDING TRAFFIC SIGNALS,3.0,36.333333333333336,3.0,3.0
04c4557daed869dad5f142a0ddf3fb72039461e8ff637ffcf24fa2761e71eecae503428d2afd6a0d8deb0bb86b94d7adab2ff43ea8e90bcb4a5a16039b0b79c2,CLEAR,DAYLIGHT,DRY,"VISION OBSCURED (SIGNS, TREE LIMBS, BUILDINGS, ETC.)",2.0,31.5,2.0,2.0
04c47d4b3019203e85d4a05785866ad7c33fc90e00472f33477d357cc58008b9031792bd82fb4d7bf1d590af58599ccd768bc8e69efef76210727ce990d9bbe7,CLEAR,"DARKNESS, LIGHTED ROAD",DRY,DISREGARDING STOP SIGN,2.0,37.5,2.0,2.0
04c48503b387452ae501e070726fd30e5dfdb791b055248780bb917e75c186e136222af73b94f73c26deca88f10f21634340fe7b6a7363c0ef2d266b679e9f77,CLEAR,DAYLIGHT,DRY,FOLLOWING TOO CLOSELY,2.0,39.0,2.0,2.0
04c49273a018b3f694a332e927e3c3f3c3ce38685c72afdfd64d211ec45e20bc2e1694678f5af86b68366a7043dc3dc8701fd9648aca040cb5d5b2da6b821ba8,CLEAR,"DARKNESS, LIGHTED ROAD",DRY,FAILING TO REDUCE SPEED TO AVOID CRASH,2.0,27.5,2.0,2.0
04c4ba54f79f100e21f930395f91f4a9cbc3dd34bda5e9a4cf3581f8cbf82f6eb67cfffa549be8ad542cb30ef9e4b959b9d57f970c693089783916661d91d69e,CLEAR,"DARKNESS, LIGHTED ROAD",DRY,IMPROPER OVERTAKING/PASSING,2.0,30.5,2.0,2.0
04c4e654cad2c364eedf631783001ee7d6cc7109e2a40a72fdfa70c2f2e5bb47c2f4082c39d90dfc6b349127acdce7aadbe53e57d0380ca46e64b0c347313b9a,CLEAR,"DARKNESS, LIGHTED ROAD",WET,FAILING TO REDUCE SPEED TO AVOID CRASH,2.0,38.0,2.0,2.0
04c518c2923d6a603aaabdfd5fb89442f934df0e54a26fca472f7f8807916ccc06258b2f691dbf36485ecf54596a5823b5bf64bd4d5bd9e445e14ea239357bce,CLEAR,"DARKNESS, LIGHTED ROAD",DRY,IMPROPER OVERTAKING/PASSING,2.0,50.0,1.0,1.0
04c55ec6f6816b1789579d506071520f1bf838b5ba7a88c181dc56c191772299559d62f837061d973bf14e3b0f85b0022c137b3b0b6917c23f5898e8e7fca133,CLEAR,"DARKNESS, LIGHTED ROAD",DRY,IMPROPER LANE USAGE,2.0,37.5,1.0,1.0
04c563ad7502f94043d48be33434e568d2075bf59cda8fb8d542a051511285ae4f4143990557e6bc15c8b259fb7e0add284ec47b4eddc07952f89a5fc8b3f3dd,CLEAR,DAYLIGHT,SNOW OR SLUSH,FAILING TO YIELD RIGHT-OF-WAY,2.0,52.5,2.0,2.0
04c620b37158c3c0defc044c3c0f60254f56aaa0502cf5aae51ce9a3137890a6efd3a53a216c9cacd8e791c6135dbfb8913830ca0c4ca046ed2e4771d05507e3,CLEAR,DAYLIGHT,DRY,DRIVING ON WRONG SIDE/WRONG WAY,2.0,37.5,1.0,1.0
04c68312c60f8f259acee30d29be90d4ec895a94bbddc4effb4127c65f3221911f1affe0b127aa0a096c0f74fc1426caeef4ce2438bdef8083c70a739a4a4215,UNKNOWN,UNKNOWN,UNKNOWN,IMPROPER TURNING/NO SIGNAL,2.0,24.5,4.0,4.0
04c6cd8e4a8ea046cb3d845a7453d2c745f5e93f3515e4cca6998137a81e2276db351d20fc3c340ddb77828e2b9f1d32b8bcfd9df5bb960fb69d61100b251d8b,CLEAR,DUSK,DRY,FOLLOWING TOO CLOSELY,2.0,33.0,2.0,2.0
04c6dcb189afc853767d9c08fe4fbf3eb84aae903202d0dd83c0ca7f9b34c0dc22de0122c7dcdc947caa511ae613f36550c36f86d112e2bc0987ee954498432a,CLEAR,"DARKNESS, LIGHTED ROAD",DRY,IMPROPER LANE USAGE,2.0,23.666666666666668,6.0,6.0
04c6f67e4108544369b49f3e0e45f2b7c5b85dcfed2abdb4c063e60b68da43614c867e510a07efda3ac4f08cf9f5ef68fed11c0944aa3755aeb9befea7c52f84,RAIN,"DARKNESS, LIGHTED ROAD",WET,FAILING TO YIELD RIGHT-OF-WAY,1.0,65.5,2.0,2.0
04c6f8a3537fbea162a37e6009b31e8d6435c82b15284814614f0b1c2ca7d0e48883d4c9b0cf99ac85d109fdeb803483b070eec4504856303652754610a74a45,CLEAR,DAYLIGHT,DRY,FAILING TO YIELD RIGHT-OF-WAY,2.0,32.5,2.0,2.0
04c70e0fcbefc1e825b3204a275b42ba842e61360542662e575095f50cac9b4d97c2380722f109575b688d33b8add3cad66a02cd760c483e073e57909c2c732e,CLEAR,DARKNESS,DRY,FAILING TO YIELD RIGHT-OF-WAY,2.0,48.5,2.0,2.0
04c71838bf50193401f3083e54188b2c0e8a5e841ad14863174e7bb977ba969a93200abbce3eea21b51abd611e27f799c4480260d5a82d8103b426a0c43adc04,CLEAR,DAYLIGHT,DRY,FOLLOWING TOO CLOSELY,2.0,32.25,6.0,6.0
04c75ccddc6045ef1eff084a26495affbf219573f9d1a90be573ea791768877c911632de6ffc46eb9d2833df9b1aa78ce8062a1d4e361b050f8fa9b14ea0e234,CLEAR,DAYLIGHT,DRY,IMPROPER LANE USAGE,2.0,26.5,3.0,3.0