crash_record_id,weather_condition,lighting_condition,roadway_surface_cond,prim_contributory_cause,total_vehicles,avg_driver_age,total_people,total_injured
04c75ff6e198a404e21c4cbb9a5800b7e48eff4be9e3ea06c59577ef28b41231ee02e9e247a478929fdf37afeb901f44e3d63430f4e473ac72df5c6cb40e66db,CLEAR,DAYLIGHT,DRY,IMPROPER TURNING/NO SIGNAL,3.0,33.0,1.0,1.0
04c7a01e247704de993c9473390d32acfafdb842117995dd762620be0a043f14d946c46222466be9c6b1ca0de2c7275b60bfb70ad67fab5c47023ef444b08e1d,CLEAR,DAYLIGHT,DRY,FAILING TO YIELD RIGHT-OF-WAY,2.0,55.5,2.0,2.0
04c7d93f507a7a28a7711126df8610ffcfa57b21e3a308a162a509257cc8ece3d7b5f1508259be788a20e4b21c397d690dbe314a0afaa4f5154f3cc88b6d7959,CLEAR,"DARKNESS, LIGHTED ROAD",DRY,FAILING TO REDUCE SPEED TO AVOID CRASH,1.0,24.0,1.0,1.0
04c876754abe5ae78683a22d2a74d7b506554f9a36cec1e920db9eb6b7b34e95b36271afd812fc9aea7bf0ea15e5375929e47ece76ebd3e6b9943d08eb7f2cce,SNOW,DAYLIGHT,WET,FAILING TO REDUCE SPEED TO AVOID CRASH,2.0,40.5,3.0,3.0
04c892a2d536b495e82ac6a52a3664dd2bc33beb85114d20c8d7f527dfaa44e66b5901d76b1dfeeafc8acbd28fc77821540cf79177c62f509d14c85dea6adc85,UNKNOWN,"DARKNESS, LIGHTED ROAD",UNKNOWN,FOLLOWING TOO CLOSELY,2.0,38.5,2.0,2.0
04c8b512046eeac54b4d4ea0adc8c7571e528ca5a62481d3fe3f2a0a24028687ac65688336eb8920be94240d9ea7962da8ca4805ad9cabd368f1e47ce1940abb,SNOW,"DARKNESS, LIGHTED ROAD",SNOW OR SLUSH,WEATHER,2.0,58.0,1.0,1.0
04c8dae54267fab83a9150d098ae15e5cb76a643a75adf211c4d20474a5cd5d3d7fd5fed1ccc3f5aaba1282b6c8cb747ceed7edf68d15503ec9b3ddc36e4a9d1,CLEAR,DAYLIGHT,UNKNOWN,FAILING TO REDUCE SPEED TO AVOID CRASH,2.0,60.0,1.0,1.0
04c95d4963c77ae88480003f22a53284c08324715a66dc1e9589e343add7cc999edb643ccc6a8eb7c47caf7fe7a22e2f692951e63a739b384a33d0ccbfe2c20f,CLEAR,DAYLIGHT,DRY,FAILING TO REDUCE SPEED TO AVOID CRASH,3.0,45.5,4.0,4.0
04c960939840df9a63346bcb07e91b34ced4b036aa13f4519e92d634c795bf67bb09266149bc7862254e4e8c9febc234e6a5d2d546567a889db34e0673167535,CLEAR,DAYLIGHT,DRY,IMPROPER BACKING,2.0,37.5,1.0,1.0
04c96e7c7719dcd0e4b2829a88bf2e15603a77af80307787df39c41b496c1e35d52567601b4312b0ac2d770a47abcc8d55be7c97a5a7a90247bb8f60065d3f4a,CLEAR,"DARKNESS, LIGHTED ROAD","SAND, MUD, DIRT","OPERATING VEHICLE IN ERRATIC, RECKLESS, CARELESS, NEGLIGENT OR AGGRESSIVE MANNER",1.0,24.0,3.0,3.0
04c990db291d8082f1db2ce49af720493af48d92cbef7bf7e58c1f3c6f4c78bd8784a52dfc925a6847884bcfa2be5ac2d34736b0966648fb71fdb5bba99c2f52,CLEAR,DAYLIGHT,UNKNOWN,IMPROPER OVERTAKING/PASSING,3.0,50.6,5.0,5.0
04c9a44757dc40616e61faf809b7cdb3867e89d5f55dfb4eb17e03482b25b590e62579cf3065b07dee5c2e08f34fe1235013959ed531551aaeb6aebba1dfb54b,CLEAR,DAYLIGHT,DRY,IMPROPER TURNING/NO SIGNAL,2.0,56.0,4.0,4.0
04c9b85cd487e3eb10e1c22b618d164abb7d47081f3e14de2fe494b8775b47706b0a74b4f8b599e2a299201598457771ee54d77b5b85bd1ca072b4a2825568fb,SNOW,"DARKNESS, LIGHTED ROAD",SNOW OR SLUSH,EQUIPMENT - VEHICLE CONDITION,2.0,25.0,1.0,1.0
04c9cbf3196412062e8af1d3cd5705fb27be9654bfb731d0eb344970903d7ace0f94674a389d1e612fb39c64667d8dd0f9a3adc38d60ea435572b3a6b5d6257e,CLEAR,DAYLIGHT,DRY,IMPROPER OVERTAKING/PASSING,2.0,37.5,1.0,1.0
04ca0e0c8e21b8de28e6e5abace4ec297c28735242d99d8598e421bb0499487ddef03503fc473299f4e29d20594221c703ba43e4796440e9a4d51b5c86b23280,CLEAR,DAYLIGHT,DRY,FOLLOWING TOO CLOSELY,2.0,38.5,2.0,2.0
04ca61064316a91853a855a2db960bbb796decd13f4249eb7362f1bd5e9edf4c5c21c188cb866c29fb15b1f6aa9b9762d6fc65643e952050bb63b1bf1eebdc1f,RAIN,"DARKNESS, LIGHTED ROAD",WET,IMPROPER OVERTAKING/PASSING,2.0,36.0,2.0,2.0
04ca8204b71fb714c639b006d8829779a9cf4340aa6c77b31b932690474064bdbf7edb7f1cd8639189e0f15254946d7c015a8c91c2c10bc3d0155bf71d70f64d,RAIN,DAYLIGHT,WET,DISREGARDING STOP SIGN,2.0,33.0,2.0,2.0
04cab7fe9aee789c9316777419078ae2ab4e1473cf95b0e7f04cbe2aaf8e09d6f9deb8dc0c2c4fdbddcb5845a7913b3533e6669ef8aa3a567f91b40084a6fbce,CLEAR,DAYLIGHT,DRY,FOLLOWING TOO CLOSELY,2.0,35.0,2.0,2.0
04cac55f90283b324777dd97566080dea3db9b29e42ae90c886419d18bf4345be3278126570d92523d2d5b8830d1d9a6f6478bc97d15ce51219aeb36ea96ed0e,SNOW,DAYLIGHT,SNOW OR SLUSH,FOLLOWING TOO CLOSELY,2.0,54.5,2.0,2.0
04cad8dce3d22e5530852d40544f959beb361997bddf1df9e6fb1bea46ec4456942d73a8ceb9e24b3f72d0f0a4f1122009c75b17ead31a7d67f7d9de81e325ee,CLOUDY/OVERCAST,DAYLIGHT,DRY,EQUIPMENT - VEHICLE CONDITION,2.0,32.0,4.0,4.0
04cadfe93ed387f6f24016e793ee22d2b30021f6e0156e54024d978a66d7c63fed0cde917214693373f304ed732504ed7d782be827b5b5bf5c79295f704e00f1,CLOUDY/OVERCAST,DAYLIGHT,WET,FOLLOWING TOO CLOSELY,2.0,42.0,2.0,2.0
04caeeb9f9e2263ac5a877f8e55b98cb621854558f23b852a3fd057a52b7d48f0be9f9c533e9a8c91e2817fc32ae15167792c202445393c4bc039e3b5d7a1277,CLEAR,DAYLIGHT,DRY,FAILING TO YIELD RIGHT-OF-WAY,2.0,34.666666666666664,3.0,3.0
04cb2809a4f2266a694c8c947185e4bfe4ad486624ce747edee06f42ff3115a3882fbb7f1e2a42a95709ba03d8d2cd6558d68783b161ee48604d1a2f089f9ee5,UNKNOWN,UNKNOWN,UNKNOWN,FOLLOWING TOO CLOSELY,2.0,44.0,2.0,2.0
04cb3102f33c52f2ab9f9959f1cb03b03e7be263e839a8d858c6efe2e41e5092a6c9607bb85adcd96936d269d529cbe776a4db0beff92b43accc3dfaf654c030,CLEAR,DAYLIGHT,DRY,FAILING TO YIELD RIGHT-OF-WAY,2.0,61.0,2.0,2.0
04cb352880ab81e475e23b14884d3e46d65e23d31a125b4c4e7a042089e59ee89a5da8174e458069909b63d148a42317b0f20ef3c016c83e9fcbc2c1260b2664,CLEAR,"DARKNESS, LIGHTED ROAD",DRY,FAILING TO REDUCE SPEED TO AVOID CRASH,2.0,47.5,2.0,2.0
04cb7565b4b9059f648538bc4263d143d2fc7bb643d11684ae11da9517c03adaca2c80eb6eb0cfe2b2e2eb5d93ce859f3f4f466e0c9c00c2d734f59c238cb429,CLEAR,DAYLIGHT,DRY,FAILING TO YIELD RIGHT-OF-WAY,2.0,45.5,2.0,2.0
04cb87f557cd2d9b650d4848c54eb56c89f0774019edd31c5ba3b7ecf8afedb9391fe0bd06a04664cf0cf2f416b310f6995b888b20b73047bfc59c8f2b4e88c6,CLEAR,DAYLIGHT,DRY,FAILING TO YIELD RIGHT-OF-WAY,2.0,38.5,4.0,4.0
04cba5c0e6a0603369757847aa9b07c39aed9d75f117967e317804b939679cdbe24c28679b045e70ef5bc720d057d1f1924a01e1818d301afdb4086e340a19c5,CLEAR,DAYLIGHT,DRY,FAILING TO YIELD RIGHT-OF-WAY,2.0,58.0,2.0,2.0
04cc35631c937ae73d2cac707fb336e4adeddc5c364573e4e0243845d28cf56b5d163385aca0c3fe4e7372b48251158f664a495a816769321cf26ed8716aed45,RAIN,DAYLIGHT,WET,FOLLOWING TOO CLOSELY,2.0,30.0,2.0,2.0
04cc464b5b3d2d9db5349c913d266cead8edc814f030d4dd76f2a65e3c417b98ae4ad4f2626ce58d52e390f09a4fc54facc5f3d67db15e6787051ddea495bf11,SNOW,"DARKNESS, LIGHTED ROAD",ICE,UNDER THE INFLUENCE OF ALCOHOL/DRUGS (USE WHEN ARREST IS EFFECTED),2.0,43.666666666666664,3.0,3.0
04cc5a731e7e9e4af793fb5dd1c7ef260fa384363e1f61b1184495a02131f246a4b21a70e9ec27b2a8b026055814ef46d7496bd781ba8665df1b52f9e8dfbed1,CLEAR,DAYLIGHT,DRY,"OPERATING VEHICLE IN ERRATIC, RECKLESS, CARELESS, NEGLIGENT OR AGGRESSIVE MANNER",4.0,37.5,1.0,1.0
04cc5d9e1dee58bce88e35ea198680113e2555de680bac56953306ab98ee005461340aebc55e6e15a2b592db6d08c2f6a841083ae812add0c8f0cc7a03291aa9,CLEAR,"DARKNESS, LIGHTED ROAD",DRY,FAILING TO REDUCE SPEED TO AVOID CRASH,2.0,14.0,2.0,2.0
04cc61b37ad167a6a9a1684e111e80f0a0461ecfa8f1bc5f6d78d4ca5775432e690b4b6a014b048b1c066dda84cec11f857f70c3e65ea7bd162077f1da8818ca,RAIN,DARKNESS,WET,IMPROPER BACKING,2.0,25.0,4.0,4.0
04cc76b887d2860ef987a192c08d7ae2785e540d23a1c23d18bacaebf9d058af431fb83c0d87db10583f01ee3704c7741a32884ded9132f12a8238c9bdc08a3b,CLEAR,DAYLIGHT,DRY,FAILING TO REDUCE SPEED TO AVOID CRASH,2.0,49.0,3.0,3.0
04cca26a66c57dbfcf404ef0db2c6a964b3bde2b6294dc053d36040450e9ee86873791923a2115012fc0f6a4e06b1c1982e2ea6d6b15bae00befa7dc7294f731,CLEAR,DAYLIGHT,DRY,FAILING TO YIELD RIGHT-OF-WAY,2.0,24.0,2.0,2.0
04ccbbd1916103395c8481405e6b75d52b187583ccbf36bbb7cf7f2d6fb008387742cf510946d6bdbc2b363c90c5c5e73ef110b11dcc20ee04aeb432574c8d43,CLEAR,DAYLIGHT,DRY,DRIVING SKILLS/KNOWLEDGE/EXPERIENCE,2.0,37.5,1.0,1.0
04ccd546b37be5aa5cc5f6ec1222d66cab0dc7d12a3292099c94758a2cb142b9b622f15c52647c7308426bba20375f44e3faa85b36813022ebc06276518c5410,CLEAR,DAYLIGHT,UNKNOWN,IMPROPER OVERTAKING/PASSING,2.0,28.0,1.0,1.0
04cd20a7d1a8306aec42a05482590d6c99f66c65a2a7b606d8982e1296843592638a9840f6528742f99156e8fb5d96bc2556c5919cf28e29f4ebb6b3cac085c4,CLEAR,DAYLIGHT,DRY,"VISION OBSCURED (SIGNS, TREE LIMBS, BUILDINGS, ETC.)",2.0,26.0,1.0,1.0
04cd2c4607b070590c0ed07a42fb9c3b16743a0603d25b1271082f03b872033f84c14d620f9f65b2e89c3841e3e3ec21fd2523a6178d97ad22d97edbefb8318e,CLOUDY/OVERCAST,DAYLIGHT,DRY,IMPROPER TURNING/NO SIGNAL,2.0,33.5,2.0,2.0
04cd45870a84c3687a6c9d4b17d884cfc53359b4b4c20a10c1cf412beb6a38466f41209839c2934df43ca09e50637bfbbab7e329aeb638743c1fdd768f0bfea6,CLEAR,DAYLIGHT,DRY,FOLLOWING TOO CLOSELY,2.0,39.5,2.0,2.0
04cd4bf001f06438f87b173d98cede91395b02c287474bbc8ceeca27ec8718e9f730ac4c209bc4b414b665eba2b316cff38e547ba900aef0b77f2979fac8a5f8,CLEAR,DAYLIGHT,DRY,FAILING TO YIELD RIGHT-OF-WAY,2.0,38.6,5.0,5.0
04cd4de781df2eb98689e4728b084b988b1e31ca50c4d73451c74b0651b963a41b685765c2b5e425cd3c357064d4a7881a6c24401d2984371e8d54bffd344a27,CLEAR,DAYLIGHT,DRY,FOLLOWING TOO CLOSELY,2.0,50.0,2.0,2.0
04cd60ab04b4305d4e1b917996b725f1b64c3c85d72c8691d368abc8f01dd7d082cf3c7dbe4cbd51c87e0e5ad19956e062fe4e9777f4f93602904633a2734535,CLEAR,"DARKNESS, LIGHTED ROAD",DRY,FAILING TO YIELD RIGHT-OF-WAY,2.0,39.0,3.0,3.0
04cd76eb01242fdeb7b6402d1d971737985245d6ce7ec45edddca47c3a812ff6c063738f8392b5f27acddf76c02b88cc05e87231374c0456553effdcf0ee2d7c,RAIN,DAWN,WET,DISREGARDING TRAFFIC SIGNALS,2.0,59.0,2.0,2.0
04cd785863452459692ab50d6d1c39d28eb8f6015266c4b465367b94c39641c67dd9dda6b0df31ced55096dae2d1b99a99e5f1ad7ad9f3ae2f295448202b7aea,CLEAR,DAYLIGHT,DRY,IMPROPER OVERTAKING/PASSING,2.0,34.0,2.0,2.0
04cd8e879bcb30f0fa579b4b3d8cc0a3d9325305861038e1e0dce061d80e955f0f978a61401f129d06b7eedb5e7b0d4b9d573cf5c691226210a7b2ce80df89d4,CLEAR,"DARKNESS, LIGHTED ROAD",DRY,IMPROPER OVERTAKING/PASSING,2.0,26.0,4.0,4.0
04cdcf2f9fc1145063485303bb27167bcc532ad43297fed6de7ad602a4f8646fa23e0a8a41f6ddbca7ec1cdcf5a6e843b71ce446b9fb52e67980cb4c3bd66e01,CLEAR,DAYLIGHT,DRY,IMPROPER BACKING,2.0,37.5,1.0,1.0
04ce08efc5ae94a75336fa6e6d0a829324ff8262c2b39211b01baccbf0fa3363ca99d9e008f4927e81866fa6a5e3a2e34ce1bafa62e30a843b4b2b44eda03f8a,CLEAR,DAYLIGHT,DRY,FAILING TO YIELD RIGHT-OF-WAY,2.0,40.5,2.0,2.0
04ce1fa0d47731f31621a0be1fe31fc4d144153ea8b2fd873a2207bb9ce2e7cfa00ee1df5398e1791c227ced72a06146e5994cf437349047c7b1fb02a6c45616,CLEAR,DAYLIGHT,DRY,FAILING TO REDUCE SPEED TO AVOID CRASH,2.0,43.5,2.0,2.0
04ce24cb077f37a387b36245cfa5551729c3baa4ec2e9cccde27382459f6bd03e5f21a80f45fda9ee6bd68eff9cb07482a5851038ee89b5570e2d79e06c2e80b,CLEAR,DAYLIGHT,DRY,DISREGARDING OTHER TRAFFIC SIGNS,2.0,19.0,4.0,4.0
04ce3bf31a3ae4b1b9e97481ee9342b3811e5ec723d486ba2cdb0a87c0418b1ec10d4f18660f2521772f56c4592a650746640540b2633674101c81fce91e6fbb,CLEAR,DAYLIGHT,DRY,IMPROPER LANE USAGE,4.0,32.5,5.0,5.0
04ce8407eaac1b3c71c54b2c0d06b40a54531f3888d9c2274200ec66f79b44e0ecd5552faeb292dd7ac28f307bc8b6990c17486dd0b02db7395608ed3ac949b2,UNKNOWN,DAYLIGHT,UNKNOWN,IMPROPER TURNING/NO SIGNAL,2.0,40.0,2.0,2.0
04ce944206eb2491c15511964a120dd59539342ba36c73252eb919b26267226b12cef5bc1b51b74a451a55d285d105bf373065219e8e01ec06d28552951ba79a,CLEAR,DAYLIGHT,DRY,IMPROPER OVERTAKING/PASSING,2.0,43.5,2.0,2.0
04ceab1bcef9377fc74de593170cd87698e5cc36bc3706a8dd73a67860818a1427c249304583a0d1e910960f01ac5a6fc19c9829648f82feff33b41ef15e2d87,CLEAR,DAYLIGHT,SNOW OR SLUSH,WEATHER,2.0,64.0,1.0,1.0
04ced25d7c2eec74333736a4898754f0ea11db0c189580b874b04fbf8e67058aed3a1d4b44c917fa9792e658bf4b9e99902ed9203d1682867799b2d56067cee4,CLEAR,DAYLIGHT,DRY,FOLLOWING TOO CLOSELY,2.0,70.0,2.0,2.0
04cedf38bd78423a58e4411c96dcc8a6aeb54acd99386c61b61de4fb7fbe9bca5533716bcfe2d09c23ccee731c3a9bc4f57860ba13c61f72bc20439e5c998551,CLEAR,DAYLIGHT,DRY,FAILING TO YIELD RIGHT-OF-WAY,2.0,66.5,2.0,2.0
04cef1e5eef25b9310986e5ea11b086d28b1618514feddca949ed1506a01af3e6bd354519b402b421b2cfc18169d50f66995d644c0ae3f2815f57884d9477542,SNOW,"DARKNESS, LIGHTED ROAD",SNOW OR SLUSH,FAILING TO REDUCE SPEED TO AVOID CRASH,2.0,32.5,2.0,2.0
04cf1e66abc41976b20464690b5510f2080556370d1dc984da9f7435a459265cd3cd926f0d59cf8caa5efd40d32fca63b8f7392ed71eddc7b52892d09f3c57b6,CLEAR,DAYLIGHT,DRY,IMPROPER LANE USAGE,2.0,51.333333333333336,3.0,3.0
04cf2373b4449adcaedba83a69bd0130043052be90a5df597339b65a6a398608e405db971b47f8f5ae5b49de50c4ef3a2a14a45c94dd3f614ba4565877726efc,CLEAR,DAYLIGHT,UNKNOWN,FAILING TO YIELD RIGHT-OF-WAY,2.0,30.5,2.0,2.0
04cf299ac8e0a84fc5cd079f9e562da90a468057105f3952a55800d46901a29d963efeffa37093940785284b8a4a8aa775de11667a8950786aad4aa33014f1c9,CLEAR,DAYLIGHT,DRY,IMPROPER LANE USAGE,2.0,40.0,2.0,2.0
04cf3d5a9727d83364e6386c5f3b7ab2931dd0af9795e82f5b7a975d27a8cefc8ab05a1d773bd26dbac3abbb53a4f4911bf3aa22e7612f51fce388c6d6fb388e,CLEAR,DAYLIGHT,DRY,FAILING TO YIELD RIGHT-OF-WAY,2.0,53.5,3.0,3.0
04cf3e3f45a43bb997d0971563cfabc42a33135119aab3288ad5f1822719e1360c3670003bd02a12ab4ce126c9ef0db2568522327def6a64a6046cf559db0a73,CLEAR,DAYLIGHT,DRY,DISREGARDING TRAFFIC SIGNALS,3.0,13.666666666666666,4.0,4.0
04cf937dcc59b50ce19474d47369d0d1001d832579707bd5cda5f92f1945251de016b9c1e14be6df61b573864a33f372c0861edacffcd6c2182e02507e8cbc26,CLEAR,"DARKNESS, LIGHTED ROAD",ICE,FAILING TO YIELD RIGHT-OF-WAY,2.0,38.0,3.0,3.0
04cfda713609d5452d53a922b526473c677b6ba65fe3c58791adc966f5b1b25eeb86ecdcd64d8be6f5c23036c355ed27ebb4f52931a3ef02886e6b13a480debe,CLEAR,DAYLIGHT,DRY,IMPROPER OVERTAKING/PASSING,2.0,59.0,2.0,2.0
04cff4e5abe4f77a50d48e2ff6295c5dbc215f284ccc38913a8351eb0d9540344ca5147d271e52d00bea72b4dbfdabc9b9a05afbcb10a02e0f2c165a8f5708ec,CLEAR,DAYLIGHT,DRY,DISREGARDING TRAFFIC SIGNALS,2.0,36.0,2.0,2.0
04cffd1bb27cef4572c699101f5e98a3dfd29e21b85d52a4057af944dc86b0980e52b7468b250bdffddca316fce5d7efe934e75e4b06c4a550a2b2614cd0891a,CLEAR,DAYLIGHT,WET,IMPROPER OVERTAKING/PASSING,2.0,52.5,2.0,2.0
04d014673ffbffb0469bad33a1bdba9daf88e4b71d4feb15794dddfe2d50f43ba43738705b68bbc03f7aee81de7cfff4fb31caf087cf46c1c13738f0735effc7,CLEAR,DAYLIGHT,DRY,PHYSICAL CONDITION OF DRIVER,2.0,37.5,2.0,2.0
04d016c74ddd1c44f059be350580c8b3aadb878cd42494382f02f380d2a69c4e0703130751656a736dc46a009d88fc51c3f83a19a37deeebe0a8f11c6787d714,SNOW,"DARKNESS, LIGHTED ROAD",SNOW OR SLUSH,IMPROPER LANE USAGE,2.0,52.0,2.0,2.0
04d0ace1e28b44c1dc76a8fe106dc509d6522c66eb5960e61072dff78f5ca33b48e9936c32ca5a28873f4fe642f798477e71844ba9a09f4fddf9dd34972ede7c,CLEAR,DARKNESS,DRY,FOLLOWING TOO CLOSELY,2.0,29.0,2.0,2.0
04d0af7349b5346deeac1beed4bd9fb1e5c48af84ca305a9c5d496e8ac8c7a384a3c56e7e547116397c82ae5805a6edd9c482e73ba72a5f48877a5c3195a8708,CLEAR,DAYLIGHT,DRY,FAILING TO YIELD RIGHT-OF-WAY,2.0,37.5,2.0,2.0
04d0def16f1b9a3fce8c105e7a9fc38e73536141545c81a9f8c68a94b1e275bc05e3ff931e41aac31f4796cf6b6ba28ef373da71815e15719c7efb913b76b50d,CLEAR,"DARKNESS, LIGHTED ROAD",DRY,DISREGARDING TRAFFIC SIGNALS,2.0,29.0,4.0,4.0
04d0fffaf6cddb8038929fb5b32da05b252d9231cb8c0466b19b5a39267a5f4dc0a8bc54ebbb5542b8677840fa2278df49180743b48c060c4321477c7d781d6f,CLEAR,DAYLIGHT,DRY,FAILING TO YIELD RIGHT-OF-WAY,2.0,61.0,2.0,2.0
04d1026366966ab68bcc4b847a8291cff00d28581bc79b3ab91ee36b568cee034902a2e42f0659e0ca46935239e3971376958a7f480d201dae5c66b1ff1bb0f3,CLEAR,DAYLIGHT,DRY,FOLLOWING TOO CLOSELY,2.0,48.0,2.0,2.0
04d154d09ed16b6a70637ece2e2d55b7a444ebe19f2dd7e1700eb3e46afa1946f90fcbab6ee3a290b7635e99a6d7e1264844c6c85ed86b087c33872a0c5388b5,CLEAR,DAYLIGHT,DRY,DISTRACTION - FROM INSIDE VEHICLE,3.0,34.0,4.0,4.0
04d15d65c7ef5364dfc6f7ffd7815d535f460a5c8c683d1a60d839ddcb057caa8e333d397173df75961353813c708ef0e1ddc38b489ea9b4df7038e848effd4b,CLEAR,"DARKNESS, LIGHTED ROAD",WET,WEATHER,1.0,32.0,1.0,1.0
04d181d6bd66e19fee72c1d072817b869d47b5499aad4cde9fa150bc2e02c3741df1833c09eaa2b23556b458100d5c6833e7f1e34f8c43da9019154788a14791,CLEAR,DAYLIGHT,DRY,FAILING TO YIELD RIGHT-OF-WAY,2.0,70.0,3.0,3.0
04d1914c52424cf136cf9e1558eda6dd303a93cc68aead90499acb1474394f37b0a35cfb4cf72cd6350e67a941f56d6cb76bdeb2b4a0b0384ff42a869c9c309c,CLEAR,"DARKNESS, LIGHTED ROAD",DRY,FAILING TO REDUCE SPEED TO AVOID CRASH,2.0,34.5,2.0,2.0
04d1a121bc23b6dc7acfdd9d2c3fe730a7ef9a390c685876214ccc8b57953e0ca8e0fe4045991c372322c22ac791f4b7d1a759c7517ad740013193345c0e4b59,CLEAR,DAYLIGHT,DRY,FAILING TO YIELD RIGHT-OF-WAY,2.0,31.5,2.0,2.0
04d1a73e5a07ac689522e6731763cf3ec768d6421243b63914131833d4ea380918d61fd7fa3ee6ae11b0c286e979dfec457018963a83890b6af0f9437afa1f10,CLEAR,DAWN,DRY,DRIVING SKILLS/KNOWLEDGE/EXPERIENCE,3.0,21.0,1.0,1.0
04d1af7fa8e1ecd565a7ffcd208c564783c0a094d04a8101550b28db07da7f9379489fb7067da7595f521817863c47ff2807aab57ae8a04aefc6625e44cdfbbc,CLEAR,DAYLIGHT,DRY,"OPERATING VEHICLE IN ERRATIC, RECKLESS, CARELESS, NEGLIGENT OR AGGRESSIVE MANNER",2.0,20.0,2.0,2.0
04d1d28e7a699ede57ffba0b0762681a4dd5be0d52a7ff245606922526181a5579db4da764104afd59423d438e1dab83693d934795c0db5ba075b62e1b8b057e,CLEAR,DAYLIGHT,DRY,FAILING TO YIELD RIGHT-OF-WAY,2.0,31.5,2.0,2.0
04d1dd3fea0011baaba8aa9531896593500ddbeb358cbae0096c9e7aef99f9626bfa308fae38ec51eb0309a86d63c8cb5413cf22bb29b5457f3c2b84ba7f9675,CLEAR,DAYLIGHT,DRY,IMPROPER TURNING/NO SIGNAL,2.0,50.0,2.0,2.0
04d1f1c15f41c8f89817cc287ac96c1dc1367ac4a1c0ee7880e880ccc86de9c8e308bb00b624723af55675a7706ef2d00f36916431e9b2b1ce6410cfb4c2fd0c,CLEAR,DAYLIGHT,DRY,IMPROPER OVERTAKING/PASSING,2.0,50.5,2.0,2.0
04d1fc55e5e0e09deb99dde9af18ddce2c13de06010ff0d47fa16f5f05e192237a8537a6fe4b21315a094a4f80e5ae17f984ab28831bfc3508fb785c3d8c88e1,CLEAR,"DARKNESS, LIGHTED ROAD",DRY,FAILING TO REDUCE SPEED TO AVOID CRASH,4.0,29.0,3.0,3.0
04d23014936f3c5eaff6580b3aed49cda2d4958e0cee83616a0242aa567590d8fb5a504fde228721fcffefc3a053c111690a6775b0435dc6937486fe6958f846,CLEAR,DAYLIGHT,DRY,IMPROPER OVERTAKING/PASSING,2.0,26.666666666666668,4.0,4.0
04d25de8d1e50ae6192857140fc1c47081bccf7aaeb7c90c11afb3d0277363fa3abec763abfcc6d11c379bbc4b57b4da668f32d6c2c9226a2877095df8740e52,CLEAR,DAYLIGHT,DRY,IMPROPER OVERTAKING/PASSING,2.0,57.5,2.0,2.0
04d2c7bd782335ed1fc7d7ff1130becdd34e8ff5ddfcd2d7fd620e6f79c9edb9ec0429e68477502e084e9a9448290baa8b89f57f93b9ab2c152224d811f45627,CLEAR,DAYLIGHT,DRY,FAILING TO YIELD RIGHT-OF-WAY,2.0,49.5,5.0,5.0
04d2e1fe1f1fbafe1fb00901ded86f109310deb6629442a5b574d1a923c038b755bd32689067f2893bbef63ab242b5d1def1853e26af478b244e0ed0f6cef82b,CLEAR,"DARKNESS, LIGHTED ROAD",DRY,"DISTRACTION - OTHER ELECTRONIC DEVICE (NAVIGATION DEVICE, DVD PLAYER, ETC.)",2.0,37.666666666666664,3.0,3.0
04d33692bb0111e8e973734f889dcc4b86481c1c5bb2d29881aabfe459a6f90befbcfbe86e3d38480df3d0242e8a52401a6c3f21c693df4d2c07c189b5cab6e8,CLEAR,DAYLIGHT,DRY,IMPROPER LANE USAGE,2.0,39.0,1.0,1.0
04d35f65590eb8a431fc4b963810d63f00dd7a3d6383b6672eb0b047c329c2d91d4de18f974b88f759617f45c8dea86e56d167ce4e5c484d0fb9a9ef882b5107,CLEAR,"DARKNESS, LIGHTED ROAD",DRY,EQUIPMENT - VEHICLE CONDITION,3.0,44.0,1.0,1.0
04d379ff54896f83672f903224472fdb2dac1bb1da517ce19a2567cff46bfde2bcb6203c894d20d2014be1391bfe096196ac30255bb24e2337151427ffc45e4a,CLEAR,DAYLIGHT,DRY,FOLLOWING TOO CLOSELY,2.0,38.0,2.0,2.0
04d3bb7c2deaa3dc75df0dc25eda6cbb63daa2c5f97138e7157c97f57fd8bc981797c5d35b7d6d0eed03d6714e98fd3b053029bec799401f60e8d042d9ee1aa7,SNOW,"DARKNESS, LIGHTED ROAD",SNOW OR SLUSH,DISREGARDING TRAFFIC SIGNALS,2.0,56.0,2.0,2.0
04d3bdc8e517b8bf85c53c28fda3d5500691ab251e2c1ee459927cb135edf4c876b31e97e6255c97354f22f68947eabcdf968ec36db3139f3e8c2d7efb2b9963,CLEAR,"DARKNESS, LIGHTED ROAD",DRY,IMPROPER TURNING/NO SIGNAL,2.0,46.0,2.0,2.0
04d3f54238eacc706f0ee1a3419665259292e6e99ea24c190652f45ace32ba71a6438af521e65cf9f45ee91d1835f5b161a2b93ec8f483812005548f9370aaa1,CLEAR,DAWN,DRY,"VISION OBSCURED (SIGNS, TREE LIMBS, BUILDINGS, ETC.)",2.0,25.0,1.0,1.0
04d3fabad9bfa96db6a25b1681c511c3c8dc7593d5aba921e15924b841e278cb705575c75340c68c05985e755c34a7cf4024882bb7d447dbe5e2302000510791,RAIN,"DARKNESS, LIGHTED ROAD",WET,DRIVING SKILLS/KNOWLEDGE/EXPERIENCE,2.0,51.0,1.0,1.0