crash_record_id,weather_condition,lighting_condition,roadway_surface_cond,prim_contributory_cause,total_vehicles,avg_driver_age,total_people,total_injured
04d42aa12f8bcc46f7cee5629ffb358163fa04d9d9deac9462f75856bb8d8a11c43439359d10c8c5f243145559839d633a3986b7a23ad808bc87d85242011143,CLEAR,DAYLIGHT,DRY,FOLLOWING TOO CLOSELY,2.0,54.0,2.0,2.0
04d433ca3a4cac3bf7345c9c6994b7a7e3855980069e3a4142c6bc5be7ff94cd688874e74dbba86cc6586472d69d0cd9549ad61860417c2d780c99fe8cbf1081,RAIN,"DARKNESS, LIGHTED ROAD",WET,FAILING TO REDUCE SPEED TO AVOID CRASH,2.0,35.333333333333336,3.0,3.0
04d44ca94f3e81f0ab8345398f48b1fcb71d2608a7d43778effcd9ec12824a7598a9fbcb6fb5f8b8903e587896086270066bdc80410674e3ee10eb4e9d6445b8,CLEAR,DAYLIGHT,DRY,FOLLOWING TOO CLOSELY,2.0,54.0,2.0,2.0
04d46fdb53a4546c7eb2ef92a8c59e5a02568908707a551d9234520f7005407ed041771dd25cb4be5aac336ae4fbf30f433f18b926a345a4eb4b5d3cd434114b,CLEAR,"DARKNESS, LIGHTED ROAD",DRY,FAILING TO YIELD RIGHT-OF-WAY,3.0,32.5,3.0,3.0
04d47471c4ca5f140112a49183b708ece175fe9559e4d72e91b5a5e3a7143d06abb9e7b8a04d38ede554148f506eff96ff5b41328c7087d7b64db7478f025f0f,CLEAR,"DARKNESS, LIGHTED ROAD",DRY,EQUIPMENT - VEHICLE CONDITION,3.0,29.0,1.0,1.0
04d4be5faf7eada9574899bb2f6fd345e808bde347ea20b721f4792768a5e4f505a1be80817fe0ef1f04d9c5f74dca475f9a9724dc9e51c278e36840ed9e6cb3,CLEAR,DAYLIGHT,DRY,FOLLOWING TOO CLOSELY,2.0,16.0,3.0,3.0
04d4c8390ab9b990b94b28d6302cd20a2560645750da400417faaf08d1694a39ec4cd4ead5f006255a851c0533a8267336a313d6586e0dd2f179a7663475ec02,CLEAR,DAYLIGHT,DRY,IMPROPER OVERTAKING/PASSING,2.0,71.0,1.0,1.0
04d4cb5cb1219f4352d63e7de90ec4ad5122e2abfb5a868cf95e74afd82010c8774152845182f18278bee530ef8f8ba81b754b6b7676c9134e3792df9ca679fd,CLEAR,DAYLIGHT,DRY,IMPROPER OVERTAKING/PASSING,2.0,37.5,1.0,1.0
04d4d6241469032c618e165fc038f0c5aa0ba6bf56240a88d38c1d0b7bc9ad036205e05894637a2154238b180c37ceeab82b1203cab65026e5bf3aee70ce464c,CLEAR,DAYLIGHT,UNKNOWN,DRIVING SKILLS/KNOWLEDGE/EXPERIENCE,2.0,33.0,2.0,2.0
04d4e4bb400d1c4acb8457f36e01f00354b6db0718777b63c4859a1a88de3a8687482104242690e4a25efa70ac11eda83b42bc796338b29196f5d0736fa6a0a5,CLEAR,"DARKNESS, LIGHTED ROAD",DRY,"OPERATING VEHICLE IN ERRATIC, RECKLESS, CARELESS, NEGLIGENT OR AGGRESSIVE MANNER",1.0,25.5,2.0,2.0
04d4fbe67e62c628a4514706f0d6b37df327971f2f302e9e28671872332a3c3f3d9ba87fd8a6749d84aedba9faa7efdb2a2016313571d27e1d8a5c10fd102ef2,CLEAR,DAYLIGHT,DRY,FAILING TO YIELD RIGHT-OF-WAY,2.0,34.5,2.0,2.0
04d555b2bf8e88b94fcfa91c03f5b9ffc3ce82bc2f00093926ca6b44a29cf72abfebd152cdbdf948ce3bb891681d4c8acf4c8f82b647d32874349ca34f68e005,CLEAR,"DARKNESS, LIGHTED ROAD",DRY,FAILING TO YIELD RIGHT-OF-WAY,2.0,37.0,2.0,2.0
04d55eebdd7aa3d2f04ac01097596e8653d79bc57379a1999060e53a26060214f66fdf77e6af0acc2de023d491d91470a9bab311fd8b11b6f398d4c326bc451d,SNOW,DAYLIGHT,SNOW OR SLUSH,DRIVING SKILLS/KNOWLEDGE/EXPERIENCE,2.0,36.0,1.0,1.0
04d5602e52dd3acfe2602b5398b148867300bd793c6d1aecd7a070d23f1c1b0571e6ab1093ad273a890584acd58ef72a994d6cf99f4cdd9ef7a4d4f59a4d3d82,CLEAR,"DARKNESS, LIGHTED ROAD",DRY,FOLLOWING TOO CLOSELY,2.0,19.5,3.0,3.0
04d5883417039dea5b4773d34b7b2eb82b05037e9f70259dbc26da94237fb9003e99acd5611252b01b91700a233a8c10365260d3e0ab9a7e0a6f3c5f3201c7b3,CLEAR,DAYLIGHT,DRY,"OPERATING VEHICLE IN ERRATIC, RECKLESS, CARELESS, NEGLIGENT OR AGGRESSIVE MANNER",2.0,46.5,3.0,3.0
04d5f07a6de4fa35a315d04def997fa0b607c9e11a8cafa6dad0d448e7b39415b26dcb3df780a4fe8694576af886e6ebead485d60752aeb7d0fc93ede970f105,CLEAR,DAYLIGHT,WET,IMPROPER OVERTAKING/PASSING,2.0,79.0,1.0,1.0
04d609e29c8d4c2c203bb8a789aafdbc238da77be1ad01cf98c35a5c8d7793be86f444f2de5bc8c8e9d0bbaa44bc52eca86bcd43e7d99abaed674e9ed5a3c6e5,CLEAR,"DARKNESS, LIGHTED ROAD",DRY,FAILING TO YIELD RIGHT-OF-WAY,1.0,42.5,2.0,2.0
04d60bc08787338c1d636eee90d328fe8780c35d6419b62e487bd250e189f1a1dfc0aa5679caf876f5d6395caa5acd71cccd4ef14e6e93f61dd8e61b392de346,CLEAR,DAYLIGHT,DRY,FAILING TO YIELD RIGHT-OF-WAY,2.0,46.5,2.0,2.0
04d615922c999f665d8d66b9c2df092a5925ea77fee499831b9c24cdb16e5526ee5ebd98e92d9789364ee3a1da0f6320a2df94995d7d0ee47c7008cdf33bfc6f,SNOW,DAYLIGHT,SNOW OR SLUSH,FOLLOWING TOO CLOSELY,2.0,40.5,2.0,2.0
04d64e88b89e4feb8a6673eda5d95ca6c5e8dc7a4569c5d613d56ae132ad41cb4d293755292a3f499ba2045e1962bca83a3dc18d4c6b024ea27b853e7ebf09e4,CLEAR,DAYLIGHT,DRY,IMPROPER BACKING,2.0,33.0,2.0,2.0
04d68003eed89c0ba903bf0cee83c16f580e29ea55796e4173108931e214b8fe3f4063f02bda051ead4cfafa958f2fbae787909e73fb3c1c04c93e6b764bd5b1,CLEAR,DAYLIGHT,DRY,"OPERATING VEHICLE IN ERRATIC, RECKLESS, CARELESS, NEGLIGENT OR AGGRESSIVE MANNER",2.0,56.0,2.0,2.0
04d68d22a022984c2bebfcfee44cd73aa728b4333cfdc5a025100f5637d360a50e3c5af2647e4f453d86e3a3ff1c9c360444657e1223fae742e577802661df50,CLEAR,"DARKNESS, LIGHTED ROAD",DRY,IMPROPER LANE USAGE,2.0,50.0,2.0,2.0
04d68f4118c063a2aff5ee5719ddbf0e7a4e123d355966f535c617325bda2ad1b0b714757bdec181b97ff06c3c5e01a7a0908cd4813b9def1927f83f5329d830,RAIN,DAYLIGHT,WET,FOLLOWING TOO CLOSELY,2.0,44.5,2.0,2.0
04d69a4d50f7db5043980ac14cceb19d01d543c31630914583e5a2bfb7af944349e5bc36a1a50ab13319c5cf3f5f4f3f50bb53a76d27686fb2d1f4e7f510a3ce,CLEAR,"DARKNESS, LIGHTED ROAD",DRY,DRIVING SKILLS/KNOWLEDGE/EXPERIENCE,2.0,56.0,2.0,2.0
04d6d947933f5535f9ecb9142770e625e2e6ab9f643da5ef24742807806cd6f0a4e256f139466972f6809333736ac52f1543243381eeeeb57f6bb94f91330ce1,CLEAR,DAYLIGHT,DRY,"OPERATING VEHICLE IN ERRATIC, RECKLESS, CARELESS, NEGLIGENT OR AGGRESSIVE MANNER",2.0,37.5,1.0,1.0
04d70524fb3b745f509a6f642cc717fa711f0fc49e504f14aaed15bdcced8c5b94420a7532ae57d80b39468e34115195b5632334bcb26cf4186d0b5a11697ae4,CLEAR,DAYLIGHT,DRY,FAILING TO YIELD RIGHT-OF-WAY,2.0,41.5,2.0,2.0
04d715781fa598cac4616b5de31dace6765eda106cae83cfdab98673c0c870d4883a70d604286782f3e2d6bc4bf669a814805a13583191596b211d7752d27076,CLEAR,DAYLIGHT,UNKNOWN,FOLLOWING TOO CLOSELY,2.0,27.5,2.0,2.0
04d7292ec57e17113cc455a5a3f86908850a9a1e6b728f28df558a88db1ff1c95cd23e075562cd60b52029c7e836de211959d71d4e36c5c8e51b20ea5b993e1b,CLEAR,DAYLIGHT,DRY,IMPROPER TURNING/NO SIGNAL,2.0,32.0,2.0,2.0
04d72b2b98e601ff76d7f6bb758221a13458f3a114952d750df8d15580a3efcc9f6e30a2d5c4e717b0a36b76ff4b269f04a84721c3a4a077ab256ee28d01db7a,SNOW,DAYLIGHT,SNOW OR SLUSH,WEATHER,2.0,31.0,2.0,2.0
04d73e01b0744d8612048be1ee9e627367fdd6027d70278b726dbb91efb9f5083c25626b82abb3f33fc76a026c6947d95034a8c70cc1b0df4499edfdfb514ed6,CLEAR,DAYLIGHT,DRY,"OPERATING VEHICLE IN ERRATIC, RECKLESS, CARELESS, NEGLIGENT OR AGGRESSIVE MANNER",2.0,37.5,1.0,1.0
04d7445e18cc3f0697c9e221f6b25748fbda2480fc6589bbedc7b54c2b9d929082259d5c432b575ae7c38cf0f6bc7af33ed0d6bbca0fe4d3b866e830364e3f7b,CLEAR,DAYLIGHT,DRY,FOLLOWING TOO CLOSELY,2.0,63.0,2.0,2.0
04d753a4f02e94442616cc0dcd666fef37b84697eff99496067e98af36b51a1bde1a84a00ad8429d79391372758d488c3b77c042f31367aac7ef723f5a7c8b8f,CLEAR,"DARKNESS, LIGHTED ROAD",DRY,DISTRACTION - FROM INSIDE VEHICLE,2.0,14.5,2.0,2.0
04d75a336957096fce5336bdfe311bc1fc73b1b182266fc6fe7a5b2bc259b3c290a89ec33f1154cc43167be6032d9cb96e14e8a909ff019f1d92e6221983834e,CLEAR,"DARKNESS, LIGHTED ROAD",DRY,FOLLOWING TOO CLOSELY,2.0,24.0,3.0,3.0
04d7986dbb87bcaaca35347ca19515e5b1a0965acc45c91b881dba19135c8c3fc29d2da0150bab7b4b72dae69180097cef393afe5146c28c625a7097a77c9a52,CLEAR,DAYLIGHT,DRY,DRIVING SKILLS/KNOWLEDGE/EXPERIENCE,2.0,37.5,1.0,1.0
04d7af29cf811c8ef28dc7842e7e8c72e7a15c2d3b036f11edbcb5f45a2201ba30843161eca0dbc9a6713394a8e24f00246895e9e5cd3d2dfec526a448ee413b,CLEAR,DAYLIGHT,DRY,FAILING TO REDUCE SPEED TO AVOID CRASH,2.0,37.5,3.0,3.0
04d7b5de53ad127052eb0624101bdc75851471d692bf1f88269457a9d33762bcda048b58bb5a9cfbf1b7b8a18c02f0acb1c72a729fff3aa07d8a0eb3172849b9,RAIN,DAYLIGHT,WET,IMPROPER LANE USAGE,2.0,58.0,2.0,2.0
04d7baa1cecc8b0836ca893e5347d3cec6896206b92f341409a1c46932a55b677a4546e7bdcfb333ac78a68985d4c7e049e669ee22d8c94721c6472f93db0871,CLEAR,DAYLIGHT,DRY,DRIVING SKILLS/KNOWLEDGE/EXPERIENCE,2.0,38.0,2.0,2.0
04d814537e6c8864fd3a3363fb5ca69119db0753e14940247cdab451e62b6accfbbeab6d8944251f12cfcc35a482d8adf1656658f246ebe886105cfe94e41f37,CLEAR,DAYLIGHT,WET,DISREGARDING STOP SIGN,2.0,11.5,3.0,3.0
04d82204d9261e649719c7ad0cb1eeef7c859213e63a6be043d39cfbf4f6d0c8d507dbd4bedac9e5279b608542a135d5a8b0669206e0233dd051900f72793a37,RAIN,DAYLIGHT,WET,IMPROPER TURNING/NO SIGNAL,2.0,70.5,2.0,2.0
04d857bf1e0e27e597227f601c69e291ae0b8576f858e13bb8c3647d169db5a0012e57838dbf57e92d1c105febb315e0ab148befbdc0f9be10d50c83c9c41e9f,CLEAR,"DARKNESS, LIGHTED ROAD",DRY,IMPROPER TURNING/NO SIGNAL,1.0,20.0,1.0,1.0
04d88a15d7b294296a70b9fdd0e9bb3a99354697ade01ca925e86a514ac1a3b2a5eb124eedab473003e9e102725e8feb8d604f3a3e1bc63747c07c537ec3761d,UNKNOWN,DAYLIGHT,UNKNOWN,IMPROPER OVERTAKING/PASSING,2.0,54.0,2.0,2.0
04d89424d4cfddef30f9aa06109c1eb9fa326f39dbf674d438be27c390cd970acee984621165b6a4a7ee23a280b2486ce06d6b65818c7d1a04e9fa8205d15bb1,CLEAR,DUSK,DRY,IMPROPER LANE USAGE,2.0,39.5,2.0,2.0
04d8963acf77d54bc4634cb3ef8cddc776c12e49135220e823494d495d2a8ff9adee3ec961b9308e8919d1ca7bbc97da84d2597806ce76791c04603c7281c6a7,CLEAR,DAYLIGHT,DRY,IMPROPER OVERTAKING/PASSING,4.0,43.25,4.0,4.0
04d8d4a6c22cf4ac2a2d7a0bb2d4ef69b2a2a16d3ad1f1b8557929023f22002117623e0f1ba85f7c28e027380116bd5b9e65177254ccf91df49cb224a6cf9650,CLEAR,DAYLIGHT,DRY,FOLLOWING TOO CLOSELY,2.0,40.0,2.0,2.0
04d902589b81c39e5dfe29ea697ad16d251acc8d87ac738573a2fd4401dda4ce767c239f44821429b3878da2d742c6e4355f28a08efd2e2986454f55666fdc9a,RAIN,DAWN,WET,FAILING TO YIELD RIGHT-OF-WAY,2.0,26.0,2.0,2.0
04d91afc410207a50df33c9a412a8778daf93647aed910f925dab022dade20a7604bb25088042cf450a781235c4ef59d3c0feeb7424b5eaedfd4bec4abd9cc33,CLEAR,DAYLIGHT,DRY,IMPROPER OVERTAKING/PASSING,2.0,49.0,2.0,2.0
04d94f94f32a017e0d4d10c409ac01a6511d728b21d3f74843ec4931755ca1adb754eddd48e0ac319744dce77b376629c7b236c699790cc95cd38b067c1a2349,CLEAR,DAYLIGHT,UNKNOWN,IMPROPER LANE USAGE,2.0,31.0,4.0,4.0
04d950dee5e598a0cc3b0b99fe55bd5c88ab2c4a7439973202c78eb8d2814ffacae4f6f043135564a60b23cfa0be7a20b92975d34d0cf9ed48ecefd4c7dfe6c5,CLEAR,DAYLIGHT,DRY,IMPROPER OVERTAKING/PASSING,2.0,64.5,2.0,2.0
04d97146bd381b04c534bf9688c6ebe2cc22358317241df3dd8366ba5ec81924731a89dec17d74fa2ad1a40d7d2fc2c624d3843365433254f0893fdf40829007,CLEAR,DAWN,DRY,"OPERATING VEHICLE IN ERRATIC, RECKLESS, CARELESS, NEGLIGENT OR AGGRESSIVE MANNER",1.0,37.5,1.0,1.0
04d988ed7578bfbe35487ec9b90b202b8d9ee5cb2a1dbf1407d7ec8670f4c4f3830b9ed44440360d059aa1ae81b8b4e33a48625b257ce65721b2c640e43b1423,CLOUDY/OVERCAST,DAYLIGHT,DRY,FAILING TO REDUCE SPEED TO AVOID CRASH,2.0,30.0,2.0,2.0
04d994d0f0431193385f62f266a9f0e42432310df49ccdc2276a9fccd5f922def59ad69a7921b22a257a8344884559cfae40efd9e8cec19dafeb9252e1b72254,CLEAR,DAYLIGHT,DRY,FOLLOWING TOO CLOSELY,2.0,48.5,2.0,2.0
04d995f17cb0e8ed7541498c2b24b40c2405c10538778a8f085a56da5484506aab7ca4dd430d320d8074d7e4973cd43943d1e142f6f7b3e5757ce4c80f089038,CLEAR,"DARKNESS, LIGHTED ROAD",WET,FAILING TO YIELD RIGHT-OF-WAY,2.0,30.5,2.0,2.0
04d9ae099f50bd6eef61f6094dfe9d0c1e848524d9140d0f1398273031c4caa01dd23aa1a4cedd2d5b333e8a940cc9abf39209222266bdb4860a990dc3835187,RAIN,"DARKNESS, LIGHTED ROAD",WET,UNDER THE INFLUENCE OF ALCOHOL/DRUGS (USE WHEN ARREST IS EFFECTED),2.0,32.0,1.0,1.0
04d9b2e6df31983733af63d66a90c53391962c87e6f9de39a45ff006ecc7ecb81e2b913e0709c293b2096e5840fe7dfec43477b26f7ffadda883ddda54b59c63,CLEAR,DAYLIGHT,DRY,FOLLOWING TOO CLOSELY,2.0,35.0,2.0,2.0
04d9b9e55d87ebad1c291b5697c09772ebaa89ca9951767bbe8ed9962c15b94b6d280a93a377ba334176dca48fe0b6248a48bf54f38cbed32b88ad9448fce96b,CLEAR,DAYLIGHT,"SAND, MUD, DIRT","OPERATING VEHICLE IN ERRATIC, RECKLESS, CARELESS, NEGLIGENT OR AGGRESSIVE MANNER",4.0,27.0,1.0,1.0
04d9cc1aa2f548ea361fd79158a8c8a9cc410fe410a4a20878bb9f99fdddc8a88e455c8561f61468a4364a33b681d149728d652a36f4c4a6c39ce9625e186daf,CLOUDY/OVERCAST,DUSK,UNKNOWN,FOLLOWING TOO CLOSELY,3.0,50.5,3.0,3.0
04d9d6edc684c0d0ce090e256b38df9718c3db733b55d2ad2e4d3224b0bcc58649d95c6907e4ff90463b02d0be6e40f532507d083b768bc95d8771debf14745a,CLEAR,DAYLIGHT,DRY,FOLLOWING TOO CLOSELY,2.0,57.0,2.0,2.0
04d9f19b5ea4a11cdd2a6fe7de35d21ce490db4ecce91d76c3ec5a8ff84493761f8d1181f79e3734c591bee1f128caef9a628b0e37aac6c4e2501182e6dd7d25,CLEAR,DAYLIGHT,WET,ROAD CONSTRUCTION/MAINTENANCE,1.0,60.0,1.0,1.0
04da575af268d9873980ba3c109f954e5618b2ab84b0e887e113e7caafde76e88ab5a52490f126757770bda9a57d069f6aeb5496ecad8027a9cf45ef3522d231,CLEAR,DAYLIGHT,DRY,FAILING TO REDUCE SPEED TO AVOID CRASH,2.0,43.0,2.0,2.0
04da6520e14beb1128ab21aaa67170286313cd4cc0ee77a4c714e37d7f333e572f7d0b989e7f6993375a4570aff8bf6cba67b4df88620b8ec0db840588399fff,CLEAR,"DARKNESS, LIGHTED ROAD",DRY,UNDER THE INFLUENCE OF ALCOHOL/DRUGS (USE WHEN ARREST IS EFFECTED),5.0,27.0,1.0,1.0
04da72a74c4cf03f642ef12c33ea2d3fb3922b1c8cd0b1e8db921aeeecb2d316fa124c3b95668234a0659d52348923a5403c4209e2a401ceb3d5bd077805f693,CLEAR,DAYLIGHT,DRY,FAILING TO YIELD RIGHT-OF-WAY,2.0,19.0,3.0,3.0
04da88f7b8bc9ba844b92d4d7ffaf550db210bdf742ca5f4d3410463e55808452223fd0704fe88926601564d2c004ac24af4150c447e6c4f316d89202c11f268,FREEZING RAIN/DRIZZLE,"DARKNESS, LIGHTED ROAD",WET,WEATHER,3.0,42.666666666666664,3.0,3.0
04dad24f7b7ce3fcbf0da0f7f879a766e771c74d924b99a8efb6fcc84e1b31b5b7cb51a1ab58985fb59376cdf489a6c5349473e7527563b227a9e24094d85a8e,CLEAR,DAYLIGHT,DRY,FOLLOWING TOO CLOSELY,2.0,59.5,2.0,2.0
04daf1958c0f69a415f74390aa40eb9c15370eb1b4a008463f8ccbd2adc11e387e82166d483a7ed46e4588168fb30d3b055ae8918c98773e242496920d1f0f9b,SNOW,DAYLIGHT,SNOW OR SLUSH,FAILING TO YIELD RIGHT-OF-WAY,2.0,27.5,2.0,2.0
04daf9ed6c7083f0e86a1dff648d1d71515e467dd7929e7c2722fff8bee725c0a0c89a2945ea2c3ceb1dcd77d5648b66eae99f119c572f8ce7f5a6db3d5bf81a,CLEAR,DAYLIGHT,DRY,FAILING TO REDUCE SPEED TO AVOID CRASH,2.0,47.5,2.0,2.0
04db6e14ec42083b7bb381b6ee95b5b00300103390b7d0180ffd988a07c97c5ec4ba0403b6489e239d2c37c045b9999eed841e9f7dbcb8df4f667084951cb569,CLEAR,DAYLIGHT,DRY,DISREGARDING TRAFFIC SIGNALS,1.0,35.0,1.0,1.0
04db8416a450301cc709fd664aac8ce139fd3674a05b06ac1c1ef52a04833d1232083dff3df32c3db5f7516e855b43dab73152609ac34ede4b4ce9d2fec3d8b6,CLEAR,DUSK,DRY,IMPROPER OVERTAKING/PASSING,2.0,40.0,2.0,2.0
04db9865a1eb4fedbc1aa38abddd60fd50de913541d600e1815381c2e2e757394a31bb5affbaf70fb411d4f7c8283c02112c81ea4a5d173675e40e3788b04910,CLEAR,DAYLIGHT,DRY,IMPROPER TURNING/NO SIGNAL,2.0,32.666666666666664,3.0,3.0
04dbc8affaa96082e19a766c0a67c7ae3b92cf9742d87dbc75e68ecfae58636754d6427242d7b3bcb0cb77e698ee3ff7323e41148d59b124d777e6b9416003f7,CLEAR,"DARKNESS, LIGHTED ROAD",DRY,IMPROPER TURNING/NO SIGNAL,2.0,33.0,2.0,2.0
04dbcc6b29f104a7bfeb164fcb0fc0258b22346750ff7e09a577af89d53d89202f41e9381540862f880b664aa3c18bd64253cfe0bce01db8f175e71dc427963e,CLEAR,DAYLIGHT,DRY,FAILING TO YIELD RIGHT-OF-WAY,2.0,39.0,2.0,2.0
04dbe52c3667116bd83b64c52fe56e1df67d3ae33c1d0e5669334dfede893ef2f1b81068da61cf88cf748773126cea0ccacc5846801bf843a488616fb24d1063,CLEAR,DAYLIGHT,DRY,FOLLOWING TOO CLOSELY,2.0,56.5,2.0,2.0
04dc0f718b4b900765e0ae62b0a2f95f5a4352763bd57ced65be827dd8fcb6d7022097de7c2ec89d9eec812039c6956924d0379a6f3d2a841ff1472eb3ecf77e,CLEAR,DAYLIGHT,DRY,FAILING TO REDUCE SPEED TO AVOID CRASH,2.0,73.0,2.0,2.0
04dc239d3d98f034c5a02ec30606ff29e10a334ca5bc5860d76e27a3f8bc985c59be922d4e0a7fac1ad9e5441aa50008b005797091ef05d1f04a8fb21fa29909,CLEAR,DARKNESS,DRY,DISREGARDING STOP SIGN,2.0,37.333333333333336,4.0,4.0
04dc38fa8df6d550e6ed0e2b0bfd9259a09eefdb96da5113838d15fb1c6a66ab6c1f16498d8c8fa671df67be6b83edb688231d8ee813376b0746acbc6e7d2bb9,CLEAR,DAYLIGHT,DRY,FAILING TO YIELD RIGHT-OF-WAY,2.0,26.666666666666668,3.0,3.0
04dc425f5f99dc6454c1b2fe6f34830cf0503f4da8a2a08ff84851a5bf2c0c377abf20e674712d9924923e119238ffbcf4377aec2dc13324cd9431f9b7e2d70a,CLEAR,DAYLIGHT,DRY,FAILING TO REDUCE SPEED TO AVOID CRASH,2.0,37.5,1.0,1.0
04dc5396be1cbe1f690a7fd331a4d011d8e14fd4ba432dbcd3c261a76d8d1f01e6995f6db2b1f238d697955b1fc7e7df767316fd056fd8328a4081e65fc7b290,CLEAR,DAYLIGHT,DRY,DISTRACTION - FROM OUTSIDE VEHICLE,2.0,21.0,1.0,1.0
04dc96b487546e52b1f07d1ef2aa795593138a49343f041ed4bf9297b21a47f93936f82b7c31863d43d9480d5a5fe3b22e89942c39d319bf035993c0fb816f9b,CLEAR,DAYLIGHT,DRY,FOLLOWING TOO CLOSELY,2.0,24.0,2.0,2.0
04dcce6e4a3474095cc4817d607f7054e2b372bbc85c88be79f7e956d667674685eab2d27bf9b6c9d09b06bd6d18deb529f5f6bc9188d470fc30b576e205b71d,CLEAR,DAYLIGHT,DRY,IMPROPER LANE USAGE,2.0,63.5,2.0,2.0
04dcd005c19f0f3ff375bb1b02265e7ed5954e6ccec55d2dfe2d654644a506f3366f9a9c177ddef1012bc01b926c6835734872dd6f1e61bc4b0356085546bed8,CLEAR,DARKNESS,DRY,FAILING TO YIELD RIGHT-OF-WAY,2.0,21.5,2.0,2.0
04dcdb8351ccb4af7a466f569e5e4e5ce2dcb824631a49ba43eb56c947f897108c53903c8b6affafa197320d98219bc4625aeca996ca6833318de438bc825942,CLEAR,"DARKNESS, LIGHTED ROAD",DRY,FOLLOWING TOO CLOSELY,2.0,28.0,4.0,4.0
04dd18f217589856ae9be2d2413ccdacef912db2b6aee1e9e6ce394f405aece0e79f88c12deef5597042f746cc9793bf25c29e0a1311e48c80eee020c3568240,CLEAR,DAYLIGHT,DRY,FOLLOWING TOO CLOSELY,2.0,38.0,2.0,2.0
04dd1c016fea416fb4a7eeab00756d15f98374ccd7e4554faef1911b485a7740cd5682a6a31a720fed8b09ce197d8955f4efb97912973b89271ee673fa1be9dd,CLEAR,DAWN,DRY,PHYSICAL CONDITION OF DRIVER,2.0,28.0,3.0,3.0
04dd2f921a896885011539ae11ea90ff8751cc1b3d16183b714cf091ce9f13854cc5b7896fdc742f160d14276dacb91ab26ebaffa9b2d87b3df7709154a4c261,CLEAR,"DARKNESS, LIGHTED ROAD",DRY,IMPROPER TURNING/NO SIGNAL,2.0,38.0,3.0,3.0
04dd362e9d69037df852dec02e3624bf8c49b5cd998d0da91d16b7423286350870193343edffafeb75854583206ca8d1f76133c4623b9d2049d81a6552dfe635,CLEAR,DAYLIGHT,DRY,FAILING TO YIELD RIGHT-OF-WAY,2.0,37.5,2.0,2.0
04dd4b8e93a3ea103df31427f624cf0fe0c9982325a3e2c724dad10192e1acf480e4d30e71c7f58ae936f3b907cf732ee033c44fb60801f93195ca4a58fd914d,CLEAR,DAYLIGHT,DRY,IMPROPER TURNING/NO SIGNAL,2.0,19.0,3.0,3.0
04dd4f65e3aa25aefe65f209542b09e5f83b7817511f32bbe6a7e70a570dbaf7a23903aebf2518d53b0cbc80b7f652c56b2c67071dd1fb5c8cfbfb04c1d2f692,CLEAR,DAYLIGHT,DRY,DISREGARDING TRAFFIC SIGNALS,2.0,25.0,3.0,3.0
04dd6c35eb7871ad621919bd9ac98945e42e797c9098d1988a9bc57cec0d17219b28cc7274fd4543b986c40c77650ac6ca1d154b7ec953bd0e368da3039c16e6,RAIN,"DARKNESS, LIGHTED ROAD",WET,PHYSICAL CONDITION OF DRIVER,3.0,35.0,1.0,1.0
04dd8af5078167d256cc12052b5d0a771c6b417b3b0b309d9e5dc06528109fc89de9cb19bfb8aab01cb898f77d5c5f207820bea30dc57acf66bbab19bcbdad4a,CLEAR,"DARKNESS, LIGHTED ROAD",DRY,DISREGARDING OTHER TRAFFIC SIGNS,2.0,43.0,4.0,4.0
04dd9c7253644932e4cf8a3b1559aac4390b046717ce3f04f79d5d2d723475db94c53e77205698ddf36d1c261334cef40806c8c090e137ce438bcdc4d206d515,CLEAR,DAYLIGHT,DRY,IMPROPER BACKING,2.0,37.0,2.0,2.0
04ddb24319e0727a256405e9149742ed9fd9fc17cb5df0bb24dfcb973b5bb551dd8979a1815b86953151c2e4596679146de4e3d1ce70e2b75aef6f3d7eb07f41,CLEAR,"DARKNESS, LIGHTED ROAD",DRY,FOLLOWING TOO CLOSELY,2.0,31.0,2.0,2.0
04ddc68f46b6ef573a99edd0238ee9b03e21686994dfd08e0b6f84062f21a83a7fc5333d8ff28ae5609fbf8d832fdb94ac922cfef01646b9b6a0e65e568b0cd6,RAIN,DAYLIGHT,WET,IMPROPER TURNING/NO SIGNAL,2.0,37.5,2.0,2.0
04ddd5784dc182e6f5f36d2d0fa424dcb251f49a576ce232dd642f75025b64e537202122ebf56f9d041c9e7a29f9d03a30b52dde519ec57c4bf29c1244897b8e,CLEAR,"DARKNESS, LIGHTED ROAD",WET,"VISION OBSCURED (SIGNS, TREE LIMBS, BUILDINGS, ETC.)",2.0,30.666666666666668,5.0,5.0
04de148390d3f13b7f864c70a6cb737e9d128b3b1f24b1dec482de37265effbf7842781aab512a4d496f16a37c69485e0bb2fd513ebe1ef496b8cb9bc9979569,CLEAR,DAYLIGHT,DRY,FOLLOWING TOO CLOSELY,2.0,49.5,2.0,2.0
04de2861c8689c41fb3f928e09b9ad0e37df2095c02d651b21920f427d0e58dfb538664588061d57c667f5e3c279b71e9f5fcd405501c57c71330b4698defa79,CLEAR,DAYLIGHT,DRY,IMPROPER OVERTAKING/PASSING,5.0,37.42857142857143,9.0,9.0
04de3073b481c478fd778e82e0b4b42bc01a0e133921d4af98f24fc2359dee07edb739e94b2e591c194a7b53e77b86f4e8d1418c994912918f6544428cbf9e40,CLEAR,DAYLIGHT,DRY,FAILING TO YIELD RIGHT-OF-WAY,2.0,37.5,2.0,2.0