crash_record_id,weather_condition,lighting_condition,roadway_surface_cond,prim_contributory_cause,total_vehicles,avg_driver_age,total_people,total_injured
04de63f56c9ce2cc4469c2fa215ed217d6cc03d78b95dc1e0eaf9773a6b1d2c886bb799b212887b9717a3c55d6665868edc754dc3780d8b1293ab0b363c75714,CLEAR,DAYLIGHT,UNKNOWN,DISTRACTION - FROM OUTSIDE VEHICLE,2.0,32.333333333333336,3.0,3.0
04de67f89449b76ecdc0e80c596a021d6f3f1974b0c7378d1d7f32433ee138238e7914d82c5355feda8d2982d300c13d9854a8fa1891df48fd04e99805db3d81,CLEAR,DAYLIGHT,UNKNOWN,FAILING TO YIELD RIGHT-OF-WAY,2.0,55.0,3.0,3.0
04de798bd2a176c34d10b4036851787762a8916e729e4df4d609af69c18c6945e902fe1d1fd25ea0ba2880f9f1ddceca873550b7e6cfbc07a7ae2db9db4043c8,RAIN,DARKNESS,WET,DRIVING SKILLS/KNOWLEDGE/EXPERIENCE,2.0,32.5,2.0,2.0
04deabd245215fd24c098b66ba9545ea39622bfa8a4bd2b076b62b56e3f95e16a6a3e633209ea22d32b78f1a845affea657a7ce7c881b34c675c6ecee23ffef3,RAIN,"DARKNESS, LIGHTED ROAD",WET,IMPROPER OVERTAKING/PASSING,3.0,23.0,6.0,6.0
04df09edf2bc9e86f0bc3edeecf3c999994df6b9e0bcad3dea45ad2d39e6c8a9607e7bb01b83198c71965a7fddc6f10e95ddf9bdef21cbf5df1e60e7006b1d06,CLEAR,"DARKNESS, LIGHTED ROAD",DRY,IMPROPER LANE USAGE,2.0,30.0,3.0,3.0
04df17dabcf7869570d61f26fc1f6b2424c4adc0327fdf6ec7b2a2dbf874b48a95abd71bf92f44fe620b90726c4d3a9bdcce57ea0ee338f2938493c5ee7c5f15,CLEAR,DAYLIGHT,DRY,FAILING TO REDUCE SPEED TO AVOID CRASH,2.0,59.5,4.0,4.0
04df1e1edc396fb494206ebfb6ff9d0035ca7f38420c692f43e44930f694f3e2a705d843df753acab3ce0b95a2b1254c8a609ee73fbb32bafe8f85f11ea0381d,CLEAR,DAYLIGHT,DRY,FOLLOWING TOO CLOSELY,2.0,37.5,3.0,3.0
04df4aec9123085da55cc8a00cc8837173ddd67132f35b8404cae0d93ef5017734151f4b554a51c9108003d24b1b8a179e5b7f931d5bbe19d274c7c7f8be9419,CLEAR,DAYLIGHT,DRY,FOLLOWING TOO CLOSELY,2.0,54.0,2.0,2.0
04df709c680e54761e6dc63f6fe534a7fc66002b8492be529c41e5ebf97a7ce1e4ebecfba6c359ea4bc9355cecdf656b9df0d4bbb09f33fb809f1fc2b6755bfc,CLEAR,DAYLIGHT,DRY,DISREGARDING TRAFFIC SIGNALS,2.0,36.0,2.0,2.0
04df76bb7085c01ee039518d26124752663eb41163ede05600def2e6039210cb8ad383d33bfafb48bcfe17ea3f4b1cc0e748286db631d38696e1d676fb4335e3,CLEAR,DARKNESS,DRY,IMPROPER OVERTAKING/PASSING,2.0,49.0,2.0,2.0
04dfd66faf85d6ea427a60a76a340a39812d16c8d1f2af4a5490723a411d284abecf1ff0b135e924bfc53abb1a3b4bfe890f3f284535c388e743a520dfcef8a1,CLEAR,DAYLIGHT,DRY,IMPROPER BACKING,2.0,0.0,1.0,1.0
04dfdd5e7390baff1577824bad4b7bc0eeceed5f4b0c0cb2e2de53a6ed7bd99c9b66ee3887efdc7d9eaee951a703d71daf107004c6a11d29ee90390983ab29ec,CLEAR,DAYLIGHT,DRY,FOLLOWING TOO CLOSELY,2.0,35.5,2.0,2.0
04e00dabc0352d5388237a76202febd0d156a312cdfd87209bb8892964be9420646f22890b0a4cafada33e5ebb5af84949fc5098014b9043dbe4b8f485219eb3,RAIN,"DARKNESS, LIGHTED ROAD",WET,FAILING TO REDUCE SPEED TO AVOID CRASH,3.0,31.0,4.0,4.0
04e01431ff510c8aac2cf3da3418b07c13849e87adbc3a0d5ba70111cd2d8ebb4ef8bc17fc9616c3d43d0a7a12873fca4e05403c70db18eb8b5645d82f21973c,RAIN,"DARKNESS, LIGHTED ROAD",WET,IMPROPER LANE USAGE,2.0,37.5,1.0,1.0
04e0233fe0afda7baf7b988883097f23f9e39e42943aa9c4e578c8f7742bef85112f695856c3422c3f848d17fc2c60cfd8115470ab3f46c44cc52c316cf13789,RAIN,DAYLIGHT,WET,FAILING TO YIELD RIGHT-OF-WAY,2.0,20.666666666666668,3.0,3.0
04e03d1a1e029e7992321b51de597f6fb8276f74d75842c278636c4d372ab50b0037d874e38d21bbb8f214e0615f23f293ccf7cea5bf640ed5ac76837f3f6fd9,CLEAR,"DARKNESS, LIGHTED ROAD",DRY,FAILING TO REDUCE SPEED TO AVOID CRASH,2.0,40.0,2.0,2.0
04e05323394921d8208557c31d12fd1e961bcbfeb498dd8812dd1bbac81a23abcbcc3d05b7a84050e6ef09e3b9f577bed484f532dc4b246846a0cdcfc4442dda,CLEAR,DAYLIGHT,DRY,FAILING TO YIELD RIGHT-OF-WAY,5.0,42.0,2.0,2.0
04e0852e8b3787fd53ffbf8469f523e0bbbd50d501642a86e59e07dc01ecc0eb6ad1ef17902990de259123010012622679f34ecf45fe28c026b7edada11c5094,CLEAR,DAYLIGHT,DRY,FOLLOWING TOO CLOSELY,2.0,34.333333333333336,3.0,3.0
04e08737032bdfe9126f5ac06ab3bad7379919b1cd336708ec18e98dc8860567aaa99bb70adde72cb953efcfc7e641d42ac7f393b480214e2d6b6b68ee8ab985,CLEAR,"DARKNESS, LIGHTED ROAD",DRY,FAILING TO YIELD RIGHT-OF-WAY,1.0,32.0,2.0,2.0
04e08830b302e489f11e0553231b806ecc4e81f450b2a30b91b4f66f7fc7940d6bdb0c94f43f15f9ca1c346d910be08dbf0f1a87ecc666cc347b2d89a1c6f7d0,CLEAR,"DARKNESS, LIGHTED ROAD",DRY,FOLLOWING TOO CLOSELY,2.0,27.125,8.0,8.0
04e0b295688620675a027f174211bea7c3d8c97cdb2fafd159304ea97771a09bb28cce7174324a0a9b4a599f7b6dd9e6bb6dad744110b340d132c4f719794a3e,CLEAR,"DARKNESS, LIGHTED ROAD",DRY,FOLLOWING TOO CLOSELY,2.0,54.0,2.0,2.0
04e0b5a630a5d66701818a8015e0a0935d3e531fcb30135a6e20ff5154247b461c61f73a0e8d3e0c56abf6451070bfbb49547200d285f66619f3c19e9b4cec35,CLEAR,DAYLIGHT,DRY,FOLLOWING TOO CLOSELY,2.0,37.0,4.0,4.0
04e0e1127697c888cc853d3dfced91d3c6f9d087c64ece1ecf181f3148313e08097683e48aba131ad5ef0f4776e2500e5f9b2c72d30724002fd2465474f5a6a9,CLEAR,DAYLIGHT,WET,DISREGARDING TRAFFIC SIGNALS,2.0,52.75,5.0,5.0
04e0e2edcb6d2a17199b229808cedc587a4e9177102d3149adb8d507a8abef32479724eb7b54c3b930f9f84bb24395603182d98b1d07a454f4be8f7d72538fd4,CLEAR,"DARKNESS, LIGHTED ROAD",DRY,ANIMAL,4.0,45.0,1.0,1.0
04e11e3a4e31fbca53119000886196351c247e0bb93989031dc312000a56e9ac99c8c1e62fd191a6748fb701417eb31d51e8cfd3f923649b8b9bf5c685e94ca8,CLEAR,DAYLIGHT,DRY,EXCEEDING AUTHORIZED SPEED LIMIT,2.0,23.0,2.0,2.0
04e133cbeef11122deb27102f3e0ab96e8d8c7c20ebbc54ab518bcf0e7930dd7dd851c86cc5078ade1e51064c6e85830aa0a7174a512548b3f9c43106f124759,CLEAR,DAYLIGHT,DRY,DISREGARDING TRAFFIC SIGNALS,2.0,28.0,2.0,2.0
04e15ce064ff7bae8fa4fec228cfe5d78e2374cc7a528661d27b5d9cc1858339e17c6f10fbed85f085b636e87ba692ebb2954ad4578ae7ccfa47d53565aa58de,CLEAR,DAYLIGHT,DRY,DISREGARDING TRAFFIC SIGNALS,2.0,87.0,2.0,2.0
04e1735a3ef2b967ab72735fae1931a568486e46bf85a5306275d22b3806ec20db2804780b69e66fcf428d8fcb238b60127c55907e9844c40b0ab3231d3134c3,CLEAR,DAYLIGHT,DRY,FAILING TO YIELD RIGHT-OF-WAY,2.0,31.666666666666668,3.0,3.0
04e1b345b838f8308a67003e9bd05897c7b24dfdb723b10cfff892a4998fd221d36270fc58194cd64a17e2d6decaabe257f376b5565013c3ca466004cbfd43bf,CLEAR,DAYLIGHT,DRY,IMPROPER TURNING/NO SIGNAL,2.0,54.5,4.0,4.0
04e2234a8ac2d8f94f2cd6eeed9928d0c356e6a5c6028ca906f56e89a82191a32d0168726e16920611d036aaf1c84a54d56cd66cd4d73ded85a5bcdffbddf92e,CLEAR,DAYLIGHT,DRY,DISREGARDING TRAFFIC SIGNALS,2.0,43.0,2.0,2.0
04e2602b8d52dd62f02f5e2ae15288ef286e4697db0ebb3e3b694b0e9010028a8d283d378ec34799d67368c8105990a7869e9561b8609fa7417421ab3ceff65c,RAIN,DAYLIGHT,WET,FAILING TO REDUCE SPEED TO AVOID CRASH,2.0,34.5,2.0,2.0
04e289dd7e6c29511b15e420c5adb86a891ddaead003b20c6f5e9f8f27e4e73367ae13032b004d328fd4e100499792cd632326b7de1509da4b47758af0369a12,CLEAR,DAYLIGHT,DRY,FOLLOWING TOO CLOSELY,2.0,42.0,3.0,3.0
04e298c65ddb5329bbf0ba0fd3338535bb13c0ade8296c3bbd92ef21629def4322727d5759f87fee6f8ab7be1e573cf65e6214096429d53219c4b0c8c278918f,CLEAR,"DARKNESS, LIGHTED ROAD",DRY,DISREGARDING TRAFFIC SIGNALS,2.0,31.333333333333332,3.0,3.0
04e2e6ffe2ca411d693d8df7ee454949b09c27d88b11b5450d64d036bf7c7ed2c7ad36a7a3f74c74c0c3be94aa0a681dba057e3c425b36d7366d1ca3cd9044de,RAIN,DAYLIGHT,WET,FOLLOWING TOO CLOSELY,2.0,28.5,2.0,2.0
04e2f7c9a38b7fb91ca835a65f06ceb63efa928b839fd5ffefac4c5dd10e5ef1a67ad82d099d06f75451af55af2930d719d8a1893b6aaf390bbe849080bead93,CLEAR,DAYLIGHT,DRY,FOLLOWING TOO CLOSELY,2.0,26.5,3.0,3.0
04e327bde2e3f2471d5548a42f86e112722546ef4718e8a39b38fa2397aac8dfe703f0b48f2a38075d88e591fb2450d81998c45961946a9c6b6e1e8cd4e2bfc7,CLEAR,DAYLIGHT,DRY,FAILING TO YIELD RIGHT-OF-WAY,2.0,33.5,3.0,3.0
04e33f293f4810b4332805671da0c5db9a42549c057fd1eb46f4be3641be96d7c1d064f46190449e6df7ca6b5f5495aa730b4c38abc1637d637b830e46c6bb3a,CLEAR,DAYLIGHT,DRY,FOLLOWING TOO CLOSELY,2.0,31.0,2.0,2.0
04e3404f191f40a6361dc67273ac1f2cb7ed57a30d72f012b2de21af66f3bd309b2c2abc6dfdbb3fd03b8c8f3e225aa6ebf6e81d8fbbcf1cce357a1171199dd4,CLEAR,"DARKNESS, LIGHTED ROAD",DRY,EQUIPMENT - VEHICLE CONDITION,2.0,21.0,2.0,2.0
04e34379168fd1d5ebf2155dd760797b6730c8e3d730a376ce27837b6da2a4a208d39b9bdd9fc840e000d5c2f786dd0590300d21823a63e7306998cb2317f01f,CLEAR,"DARKNESS, LIGHTED ROAD",DRY,DISREGARDING OTHER TRAFFIC SIGNS,2.0,30.0,2.0,2.0
04e397fe7e97d2c61b5a51e7d7ecf947c8587d56064a5ecff486d1cf3b30168336de99519c0ab482c2b02b11bc2bcbe0f662ba3764bbb5a82703592d0d3b7203,CLEAR,"DARKNESS, LIGHTED ROAD",UNKNOWN,DRIVING SKILLS/KNOWLEDGE/EXPERIENCE,2.0,40.666666666666664,3.0,3.0
04e3a88cde62259c856938fb41b632ab16f7039e0c9e04f53679d69fcfd774a243e61ae27cf8b1391b9810d6ff3895873849e6a566582a744280a375733678a8,CLEAR,DAYLIGHT,DRY,IMPROPER OVERTAKING/PASSING,2.0,33.0,3.0,3.0
04e3abeeeb2b9e7c4cf4142c5c4590351cbeed28ccb896f24591044055df83298637bddcdf3384dd9b709392a27b7c27adcb984c999d02bf5c9a956e3f6703c6,CLEAR,"DARKNESS, LIGHTED ROAD",DRY,IMPROPER LANE USAGE,2.0,37.5,1.0,1.0
04e3b42cd510cec39679fdcd4aae324b8bc53434eaafd3df6d38293988e97d9c6f1fdf6b3f8ab70686bb27e924948efb58d7dc92b41d1be23d1c879aec6caeb5,CLEAR,DAYLIGHT,DRY,FAILING TO REDUCE SPEED TO AVOID CRASH,2.0,55.0,2.0,2.0
04e3ca34c3ceeba4b2d461b3322980b55ec589bf4ba62f63e75d9e6f3b99ed060fa65c5bcbdbc1c2a711f697b9620c1631dbd08c3a21a72b7aa4f96a0c45509e,CLEAR,"DARKNESS, LIGHTED ROAD",DRY,DISREGARDING TRAFFIC SIGNALS,2.0,28.4,5.0,5.0
04e444c11d767057c22ee801cd9b2fe6b09a957e0aae523b137588a8d5c0174b7e3fe45db907f323e450f185e8f3e3f365c809d7c98c357a35be2cd1be67ecc6,CLEAR,"DARKNESS, LIGHTED ROAD",SNOW OR SLUSH,DRIVING SKILLS/KNOWLEDGE/EXPERIENCE,1.0,59.0,1.0,1.0
04e473cc2fc81b2f4d2558da58339c587b00c5aa48078b7035689ebbcbf5a0f4d0f95a687e367266d04fec233a2d38c0d8cc6b2a2802b154abf1339d0468991e,CLEAR,"DARKNESS, LIGHTED ROAD",DRY,FAILING TO YIELD RIGHT-OF-WAY,2.0,57.666666666666664,3.0,3.0
04e489ceadc9fadb1a4192b1083c9a20969369968f8de4a9b4048b3dac9b964160713138dcddcd66d33aa9406257bb7b9579c26b11264038e64e9cdd6f3702fa,RAIN,DAYLIGHT,WET,FOLLOWING TOO CLOSELY,3.0,32.0,3.0,3.0
04e4b09beb1714bec6ffac1bf49a9e9f18165fad4d23bb64cd69a24aa5c764bac0c8bf4099dbe7675806aa17ac00c74ab02a78d7124045595373845d79f8c9c3,CLEAR,DAYLIGHT,SNOW OR SLUSH,WEATHER,2.0,64.0,1.0,1.0
04e4eb60fdc91af4c220f3cc54e1fba55038bbb6491474bba87aa7a2b9cb60ecdd361cbe5a55b7e2e86d0a3d03ec48f25a5277f047cd5215cd2825e3de34ffc7,CLEAR,DAWN,DRY,"VISION OBSCURED (SIGNS, TREE LIMBS, BUILDINGS, ETC.)",1.0,38.5,2.0,2.0
04e4f9bbf7e0b5d343d6acf424b25f6acc24926f9e2ae4bd2db893cfe7f2af2e65ff333b9ed72bd7e61f5f562aa9720b34d51a27287cf73ec0337ea80dd15c02,CLEAR,DAYLIGHT,DRY,DRIVING SKILLS/KNOWLEDGE/EXPERIENCE,1.0,47.5,3.0,3.0
04e50828920358ef82085caff8b4054593b918d95b1807fa83f7885682f025d5bd42602fe341e2ff17bf6a2c3abc00864237a227c56dd0ec94271c9c150914cf,CLEAR,DAYLIGHT,DRY,FAILING TO REDUCE SPEED TO AVOID CRASH,2.0,27.0,2.0,2.0
04e50958f5ade90b6d35c5201f41a56ae63bbb9633eec454169124d0cfccc77b26743427a6754a8abf5397bb20b1bdc13862fc268e3db2779bb42951bfb080c6,CLEAR,DAYLIGHT,UNKNOWN,FAILING TO YIELD RIGHT-OF-WAY,2.0,36.5,2.0,2.0
04e509e19060c2a181519b600bea02969831d55dc2e4e19ce27661f104fe2868faf4585ce6a8a4feb00a34ab125efa9d89228cd62cf5957ca8c701c4c9fa479c,CLEAR,DAYLIGHT,DRY,IMPROPER OVERTAKING/PASSING,2.0,37.5,3.0,3.0
04e50a059ebdb02dfc9f64ae6fbe963c7733d06cc9acb60da0f79ae5c7d774d2e7bfe8079a11ca8a37adcf269ffc255e47db4d9eb8cbc038238cd46baa96ae9b,CLEAR,DAYLIGHT,DRY,FOLLOWING TOO CLOSELY,2.0,58.0,2.0,2.0
04e525fb5e5654266e7d3de3f3519240b97f2e09da879a12ef09eeac52259e3943f86c77315180e46a748b9bad91ab190cc37c23285f78ca99c8e0ff1c14c4d1,CLEAR,DAYLIGHT,DRY,FAILING TO YIELD RIGHT-OF-WAY,2.0,60.5,2.0,2.0
04e52f90cfe5e7eae1223b675ec9c8cfb7c9f0769ccad7d04173c048bed3c6ae885cdf921d2ffbf2aa6a3c30717bf905aa7749edd3d08812e4c6db4d79c08497,RAIN,DAYLIGHT,WET,FOLLOWING TOO CLOSELY,2.0,28.5,2.0,2.0
04e56bf474efbea78c52c7b68a01c30c3cdf498fe006533a804d53fcccb8955d2d85e3af242b62c4c8ea7fcd221447a11e5b351ffa1f99707489c45d1ded7406,RAIN,"DARKNESS, LIGHTED ROAD",WET,DRIVING SKILLS/KNOWLEDGE/EXPERIENCE,1.0,34.0,2.0,2.0
04e57d16d81d26ab5703f8c84cde6dc486a48aa29856cd8f76c78a193cf76e8407d91e4afe4e56d76312efb99f5c5dbfe5143b1f0f52c65dc7dd7410f4c42411,CLEAR,"DARKNESS, LIGHTED ROAD",DRY,"OPERATING VEHICLE IN ERRATIC, RECKLESS, CARELESS, NEGLIGENT OR AGGRESSIVE MANNER",2.0,15.0,5.0,5.0
04e58f8631ea99aee5d7420bef5940ae6b4fa9d3621ac57f8e53658b0779fac0158e321ffcdb85853cae11f6bf3d794ddcbb946e45e7dcfb1692624d7c31fe78,SNOW,DAYLIGHT,SNOW OR SLUSH,WEATHER,2.0,44.5,2.0,2.0
04e597c20d67aa29827c4487b04bf3a6b14530c34f3f9f06728c2255154ad765998c0b25aba5a53fb00a1d23822d460b9709fa0305b308f6b35fd1372c7fca7d,CLEAR,DAYLIGHT,DRY,IMPROPER LANE USAGE,2.0,37.5,2.0,2.0
04e5a3f5de3745c0a852dd6db082b4b1f90293356aa60d9c18584735859a7acb2af7deda50145aa50b271d3ae8141b4cba38bf8afda0f8f3db4bd6c61adc08f1,CLEAR,DAWN,DRY,DISREGARDING TRAFFIC SIGNALS,2.0,47.0,3.0,3.0
04e5bf0001e86d336f4457f0f35955f7968572f4c6e70cbe4a5ab2158ff0b4bd3ae0a762d8b7916628743641bcde2d356cda8fbd1cab94405c189ec248a947a1,CLEAR,DAYLIGHT,DRY,FAILING TO YIELD RIGHT-OF-WAY,2.0,41.0,2.0,2.0
04e5fe80c5d4451b06fc570aee09a352eb210781f1d6d90ac8e814f21be6e583603fc33d1923be80da386182a9d957a9c5677d9d3244855353462d12b37b6856,CLEAR,DAYLIGHT,DRY,FAILING TO YIELD RIGHT-OF-WAY,1.0,39.5,2.0,2.0
04e6196c51f598ab7104a12d2365d6c07bc28b0378683ce1fa914faeed54db10cb72480a773ab7eabf04ba4b875138249a9648aa13e81587424a66d487b6eb68,CLEAR,DARKNESS,DRY,FAILING TO YIELD RIGHT-OF-WAY,2.0,37.5,2.0,2.0
04e620f8820a601e9a02f44cf67469486855eae69f97a8019e76701c7b0bce4aba9cbb24813d6f0fba7fd5c140a4d9865d37c3ff1d6b36a5df04a5964bdbc685,CLEAR,"DARKNESS, LIGHTED ROAD",DRY,IMPROPER BACKING,2.0,22.5,2.0,2.0
04e62736c34ded11b206ac2827a603266bfef712d7bf2944a9eb6df427ccd301b924ad3dd28d072b839a7ce3c4a5adfdb14105eb10185e3bcc07bc5dcb2546f5,CLEAR,DAYLIGHT,UNKNOWN,FOLLOWING TOO CLOSELY,3.0,44.666666666666664,3.0,3.0
04e62fad023f15527410570aff7346374bfa77249b92e5cbd15796fb43187e5c8dc53479d4299ddbb09bcc40c8cb3827206ea6b3fea694dd1c6d8454a3af9499,CLEAR,DAYLIGHT,UNKNOWN,FAILING TO REDUCE SPEED TO AVOID CRASH,2.0,70.0,2.0,2.0
04e639f8990cd4d1858c1ce40f07c39986a136e16d02763175c815de01b308d1d6197552ccedf8f317cf32b2a6e9d267c6c07d0b93cf85a79db38d4f17f12203,CLEAR,"DARKNESS, LIGHTED ROAD",UNKNOWN,DISREGARDING TRAFFIC SIGNALS,2.0,39.666666666666664,3.0,3.0
04e6401cb4e67dedb473a66153fd57c41ae8b69fa36d22ec2d923f112bae8bdccdb7ccadc8bd9fca2c094c3f434e00a4092e8a08c0c6d5f4d847e2bdb5d46ed2,RAIN,DAYLIGHT,WET,WEATHER,2.0,30.0,2.0,2.0
04e641a9b98e8e2ddd6facede7eea43e4650f78a8f2a7d67a24b8eadcd66a0ea85fb3d9d7a5af0f2b94290a6e17d2b0cbccf34b93e9fe5838b76395357639a26,CLEAR,DAYLIGHT,DRY,FOLLOWING TOO CLOSELY,2.0,47.5,2.0,2.0
04e666a02148f009b1252087f308e84ce06fffed458b32fca85ed993069aaf917ddb9a38d6f1d81a59ffd1323ee422a2fb27388bdfbf58bba04f67b29b9d8f5f,CLEAR,DAYLIGHT,DRY,IMPROPER OVERTAKING/PASSING,2.0,49.0,2.0,2.0
04e67a57232752172989e50e6432e4fcf8e1bdb499f1f557b97774764385724c84247a959d50ac90689843010f59810bf6fbcce93fe7059711b2488c9ed1278e,CLEAR,"DARKNESS, LIGHTED ROAD",DRY,FAILING TO REDUCE SPEED TO AVOID CRASH,2.0,19.0,2.0,2.0
04e67d0cef95383f4bba161965e2a9cdd830b5f96a13650ff18b2743555c3e17e2024a29c4c7c00fbb89ec9b9d21edd6ba95cdcd38e26b38df5e0fd52aab855f,CLEAR,DAWN,DRY,UNDER THE INFLUENCE OF ALCOHOL/DRUGS (USE WHEN ARREST IS EFFECTED),2.0,35.666666666666664,3.0,3.0
04e6baf7a817ac710d9d0462cbf4c48c6aac3a56368fc65c89522227ffe4f33f27187f77a59bc07db9c52bf11d7ed2146391ed77a193b596db7b26ab4cf9db6b,CLEAR,DAYLIGHT,DRY,IMPROPER TURNING/NO SIGNAL,2.0,37.5,2.0,2.0
04e6fef5ee9707bd8a88b3df9fd8c704ca7a0396a127a2932fcb7ff37cf523cb3ea6aecccbac705cf04ce635f8e7b5151a16e779241135f5394ce2bda949c397,CLEAR,"DARKNESS, LIGHTED ROAD",DRY,IMPROPER TURNING/NO SIGNAL,2.0,36.5,2.0,2.0
04e735651479b923c961feefb091df7f76c1084974144354adefda26b00bed0ae539ff449d8e6446962b3c08247d503399d54bc731686579d8c999edff929ebd,CLEAR,DAYLIGHT,DRY,FAILING TO YIELD RIGHT-OF-WAY,2.0,49.5,2.0,2.0
04e73fff1e96459dfa8f6d01033417fba2d75d07699e48e0cb168115c8aa0f56d21742e9e6bf2fa8f1e0b767886e1ad956531812544cff7bccfad573d823e432,CLEAR,DAYLIGHT,DRY,DISREGARDING TRAFFIC SIGNALS,2.0,42.0,2.0,2.0
04e762900eb892b10ebf878d624c39bef00eef47899ec9f7607515c0fd394e31d905ca78f7f3446afa5a892dcf01fec4cdf7a3ae0eb8f42c66d1e049757cad92,UNKNOWN,UNKNOWN,UNKNOWN,FOLLOWING TOO CLOSELY,2.0,60.0,2.0,2.0
04e77267bfa467d1e77c855def5b660f84b9ee6e5f0e218a1bb7b3cadacad8c158987ebc524561eba8f9dd3d3c2194898652ac4a77664a9ebdcc3190fe60cbb0,CLEAR,"DARKNESS, LIGHTED ROAD",DRY,FOLLOWING TOO CLOSELY,2.0,47.0,2.0,2.0
04e7dcbe49d884aa7112aa00d26c6cd71bc305bcc4feeba2333a4bf7792adfd6fc05d82a5b1bf7e3155509c539250c327c8bbc427892a4f865c2b4ecd60e1373,CLEAR,"DARKNESS, LIGHTED ROAD",DRY,DISREGARDING TRAFFIC SIGNALS,2.0,35.0,2.0,2.0
04e7fad1c95488e12b9bd9a842a24b293976e53e1ab1d5f7f894bb45317851eef13cf1849d4e9f0ad2521a084a3988ecb66c656324168abfe80a77d21fb21fc4,CLEAR,DAYLIGHT,DRY,FAILING TO YIELD RIGHT-OF-WAY,2.0,61.0,7.0,7.0
04e81e228834eb73fc21516a003ce30d6792f0971f1c55afd87a4db72d85950b60d0815c69831e07cbe5cfcd84963387b948102ecc0ac9432daa1ae31f580485,CLEAR,DARKNESS,DRY,DISTRACTION - FROM INSIDE VEHICLE,1.0,31.5,2.0,2.0
04e85e604f710850b3b9dce7a25ffc1440b5d38e9e5d4389e7072218f235795aa5ff8d74fafbde194a7e01d384172921c83c17a7e1f556e00704f21122206f71,CLOUDY/OVERCAST,DAYLIGHT,DRY,IMPROPER BACKING,2.0,25.0,2.0,2.0
04e87c4b2ac883a1057fa4dfc368739225005d3c840b8b7a4eea8eff3be8f01768e391c88e85fb5acab0aff44d8c8d18aac9439a63cadcbf6c719a2b6001cd09,CLEAR,"DARKNESS, LIGHTED ROAD",DRY,FOLLOWING TOO CLOSELY,2.0,31.0,2.0,2.0
04e8b7bc3e91f4627992bf3383eed8c4d6e9b3d96afb08451639bc0225216a9ccbe171ab6fd3ce9af2e35120bdc41a9cd3f9a9d288b9e940938bba70d370f0bd,SNOW,DAYLIGHT,WET,WEATHER,2.0,51.0,2.0,2.0
04e8bdf5c14fb1dca9f052a48e28ce9be5220ea026a371030cafba8a32eef8968f6151e9a9ac06562e1cceee8a04fd00a3df5a2e8d5c5a24bf0b820e2271d9f0,CLEAR,DAYLIGHT,DRY,"VISION OBSCURED (SIGNS, TREE LIMBS, BUILDINGS, ETC.)",2.0,42.0,1.0,1.0
04e91e201cf14be929235d5d50a80be37aba1b8cda047588e8763d5fdebe5b7bd61b2ffda3c68e2935b6064a2836eb8e90007f52397df2711540d79549844037,CLEAR,DAYLIGHT,DRY,FAILING TO YIELD RIGHT-OF-WAY,2.0,35.5,2.0,2.0
04e9258ff80bcc9d5b3e9893d1480f7bd90866f7f1cefac99fa84b0d79130cabfdd2f7c8c9b335f945e1684f437d67b483bba8586c9c8e98d055af6d032946d6,CLEAR,DAYLIGHT,DRY,FAILING TO YIELD RIGHT-OF-WAY,2.0,34.5,2.0,2.0
04e94e58248466212089e863876fb652af5aac983eaf3bffc3c29c49c37acf50ea589aa70b44e3401532a82c98c886e05168aa4eaa1b4afd142e5069ab400789,CLEAR,DAYLIGHT,DRY,FAILING TO REDUCE SPEED TO AVOID CRASH,2.0,38.5,2.0,2.0
04e95f8b2cc71b1bc03d70d12677325faf9ad522007437d498c94946d5c88fa117f301d9dad501eb76024faffcdca4b2cae52f436737ef83a62074b4464f0d7c,CLEAR,DAYLIGHT,DRY,FOLLOWING TOO CLOSELY,2.0,37.0,2.0,2.0
04e96e04a13c9a3ede2a9693bffada1f69d2c5747bc0858ab83439e74a0268360fd37dd4a3a6c85f6193e3bafb614837790f67ad3098d717f46870176bb7c706,CLEAR,DAYLIGHT,DRY,IMPROPER LANE USAGE,2.0,20.666666666666668,3.0,3.0
04e98dc35ca6024f83593a5012567703ac8d93d9085061f70692b7fedb6e91d42f2ae5f73bc1daf91567e14af6e8b446b9300bde874b56cfcc2ac900ba2aa5e5,CLEAR,DAYLIGHT,DRY,FOLLOWING TOO CLOSELY,2.0,33.333333333333336,3.0,3.0
04e990108900b11dc7fb90efa6a62d2273e69897e8f79c00be487900e574f30124fa8a478bf9316515a2b97c33994c136d78fb88cbde5b5f0255696dc705fbf2,RAIN,"DARKNESS, LIGHTED ROAD",WET,WEATHER,2.0,27.333333333333332,3.0,3.0
04e995ae162830e10d2d2b0b442cdad6527f209509f22ee6a644a1f82227f8e4881ea2fb61894c3c591e9e2d2eb1086f90fa1f2ae65af2e6d7b56317e7956609,CLEAR,DAYLIGHT,DRY,FAILING TO YIELD RIGHT-OF-WAY,2.0,26.0,2.0,2.0
04e99fffbc3b57cf261a474cfc94dc6873ae9ff0c87c2aebc6179b8e94c824c2cddeda98c9b588c81161d6418459d8820970af7fbc68511ed2f7397ca0266232,CLEAR,DAYLIGHT,DRY,"OPERATING VEHICLE IN ERRATIC, RECKLESS, CARELESS, NEGLIGENT OR AGGRESSIVE MANNER",5.0,31.4,7.0,7.0
04e9be92161ed2705be047f658920cd3fb3a62ec3e1b4664929a159aa41b2909646d96b065bb30c3c1bf2fe11dd54fbbf1f4b4b3e64943383f98e26d5be6f834,CLEAR,DAYLIGHT,DRY,FAILING TO YIELD RIGHT-OF-WAY,2.0,41.0,2.0,2.0