crash_record_id,weather_condition,lighting_condition,roadway_surface_cond,prim_contributory_cause,total_vehicles,avg_driver_age,total_people,total_injured
04e9bfd98454defabcaf9243de4da0b83d970721ab86cd8f0b78bf42b4e09226c0ee6ff53dabaf83cf2042db27b4e801270cc897d826ced75fdff0b97b01d63b,CLEAR,DAYLIGHT,DRY,IMPROPER TURNING/NO SIGNAL,1.0,55.0,1.0,1.0
04e9dc523052b2ec23ad0b7c37c55a6c58eaf3b619c2124520f4395c5df68e0aa81888118a89d01db2b2789925aaf38e5a83265c38f82b7ffde6bffed4e0251f,CLEAR,"DARKNESS, LIGHTED ROAD","SAND, MUD, DIRT",ROAD CONSTRUCTION/MAINTENANCE,1.0,31.0,1.0,1.0
04e9ea8f1357d5fa8c1a8c3db4b6c1b1998bd5cfc7e6c2142d57d6c3284127bd6a7b27c114870fda3acc4c4fd8f0768a411bdac1371fccde498a518dbcc98dfe,CLEAR,DAYLIGHT,DRY,FOLLOWING TOO CLOSELY,2.0,20.8,6.0,6.0
04ea3894620af7e0c15f67b81c3653c0ed5acfc0f96f80bf67e8ae2ddf0b81fee9839c2c5ec5b98a7530ba8e9ad633b4b0a72762ecfc1df9f6bfd0bd1f282912,CLEAR,DAYLIGHT,DRY,PHYSICAL CONDITION OF DRIVER,2.0,45.0,3.0,3.0
04ea5e8f38f4401dbb88cc3eeaae36bf72d53cb2cd2c704223dc6a35787b24bb50fdf794578e1be59bf2b52dc8b26f2623239e950ebc69aca3d20baeee8861b6,CLEAR,DAYLIGHT,DRY,FOLLOWING TOO CLOSELY,2.0,26.0,2.0,2.0
04ea6618d1fc81915f202808e6d419055a4076e78b94b03c3f6d8d2b87ca0dbcc0d80345c706e8e7bb6bf7253673e59c4968b235a9be4ea21a065dcc6c9aab52,SNOW,DAYLIGHT,SNOW OR SLUSH,FAILING TO YIELD RIGHT-OF-WAY,2.0,38.5,2.0,2.0
04ea66832e7647348a381f217286279d7ab3a186754fe5b02d77a8068c862167e10034e77639e57acd342625f065ac4305e9ff851e03795233e7580005cd8962,CLEAR,"DARKNESS, LIGHTED ROAD",DRY,IMPROPER TURNING/NO SIGNAL,2.0,24.5,2.0,2.0
04ea84b9f6197cda84129fb90ebb41dd2d6f78762f8614b38fa82752b1e7efba9ceab89fe24218ca0031720eee160ea705e65f660727fddc7e21cae5f4444388,CLEAR,DAYLIGHT,DRY,FOLLOWING TOO CLOSELY,2.0,35.5,2.0,2.0
04ea92880cbe8362291a04e70afd2071884f08cb9c359b14e8476e6a292510378dcd49edb5c978faa15c37d992b3ea93ff217ae5ea79ac9872825838267cd84e,RAIN,"DARKNESS, LIGHTED ROAD",WET,IMPROPER BACKING,2.0,53.0,2.0,2.0
04ead7ef034382465c7b80d14f62999f388a151243ab7cc47ee719aefb0ebfc1da6170738ea0cee2e27ffe2cb5e58924db4faaf6f767ee1a84b94875a9211282,RAIN,DAYLIGHT,WET,IMPROPER OVERTAKING/PASSING,2.0,55.0,2.0,2.0
04eae1616fcf6bc5143e9f6c210f54cf8ac383bf429a06536df6e944931ac62d11ea98091bbfd65d4c689f4e8d63470849efaf16e69fb60252ef4e71329aecc4,CLEAR,DAYLIGHT,DRY,IMPROPER BACKING,2.0,34.0,1.0,1.0
04eae254b2ff374e3fa4ab222c6bb746e2562c3c1d43e7cbb0126ad93c33a44e4023a1afe0d6adf5a52ecc4ee2447dc76a7132d16cd63bffe05a6f489f69ab0a,CLEAR,"DARKNESS, LIGHTED ROAD",DRY,FOLLOWING TOO CLOSELY,2.0,54.0,3.0,3.0
04eafaa4672ca8acb0120961ed2dd60b739f24d57298812cad24086fcc4dbcbf18a34a25ab5b2f2e087687f2f070af741973be293d3004024c3dcc67aca92d1a,CLEAR,"DARKNESS, LIGHTED ROAD",DRY,IMPROPER TURNING/NO SIGNAL,2.0,63.0,2.0,2.0
04eb0387bab31dae853ebc8bf49768d4521d23f917abb1970c5f64d01704361a731621e3dc47d7c6c7b11d98ea6a55e7627798d9552f0b2ebe383500884a51bb,CLEAR,DAYLIGHT,DRY,PHYSICAL CONDITION OF DRIVER,2.0,79.0,1.0,1.0
04eb0de1a02c84be7d66713ff9d62a782be905f2b2886ac4623ceceed6657cf0f7b533a1459c4a3e2c21780f2175ee40cbb1889e89421376773b86c18924a02b,CLOUDY/OVERCAST,DAYLIGHT,DRY,IMPROPER LANE USAGE,2.0,41.0,3.0,3.0
04eb1cdd70df1954c2318238d587a4e9ea7c37d1760ded1cae6a68cf9cdc9b4ec280dcc2afd06812788360488a30b0fc5d0e9f5dab1086610199997244027bad,CLEAR,DAYLIGHT,DRY,IMPROPER TURNING/NO SIGNAL,2.0,37.5,2.0,2.0
04eb3d9192d90084b2b8038c97ee119a47bfc4a9bd628766f755480bacb1f5c2cd6828f31e48de82b860bb4ec791bb6b6ef71c57fd8a8a527893824cf3ed65db,CLOUDY/OVERCAST,"DARKNESS, LIGHTED ROAD",DRY,DRIVING ON WRONG SIDE/WRONG WAY,2.0,21.0,2.0,2.0
04eb522044fe6d13911be6608634d628794fc4dc3fdea8d96ffd37df10e5f1d12d97309f918c52a0dd994932c4f2a73657b57ecdd42fe4cedd3fbfca1b0d3bbc,CLEAR,DAYLIGHT,DRY,FOLLOWING TOO CLOSELY,2.0,35.0,3.0,3.0
04eba54f70272ae8e2f01e3ea16947cd8c9cf3eb697ca38a5af5ae486f849719247c0d4cc636bf9d74566f33f1ed9deb54f26f9bc8cc11e00024ee2de3e67bb0,RAIN,DAYLIGHT,WET,FOLLOWING TOO CLOSELY,2.0,31.5,2.0,2.0
04ebb4f481a2f7c1e1c8aec01cee3d3c9866b4b401bf30c4a2ac6d37587ae1555026109665fcd1272d3a3bc96422bbb079b5509a20a9f5c1059f71526f52dda3,CLEAR,DAYLIGHT,DRY,DRIVING SKILLS/KNOWLEDGE/EXPERIENCE,2.0,22.0,1.0,1.0
04ec0447326b6e9d7acf8b93eae491039e4c48bb1d7cb1056b93270cd7a2238ab67e6130d50c6e65f6ece1b90c386d4c604f07a78249745763b6b0947302b10a,CLEAR,DAYLIGHT,DRY,FAILING TO YIELD RIGHT-OF-WAY,2.0,29.5,2.0,2.0
04ec10b74c485f528a738b94a47f3fa3c9c2d806c578d1f7f6ef825ed551d930e7064120fea77971f545df9cebb50ce2f0e6396b36ffa319afbe841ecc1039c1,CLOUDY/OVERCAST,DUSK,DRY,FAILING TO YIELD RIGHT-OF-WAY,2.0,44.5,2.0,2.0
04ec14218dace9ccc9d4bc1b5c45ad2fc2a5c0e1427411353115cf2eb30a6b73fafb98e17056e2a515faae2f2fdb4dc337e45ffde3943234fed342a7e86794ce,CLEAR,DAYLIGHT,DRY,FAILING TO YIELD RIGHT-OF-WAY,2.0,69.0,2.0,2.0
04ec43074888ee97d0811af7925d77065785c43a219a6f436c834d5cb462094d34bc62008dcd0dcc831340a3827a9c5cbf00369625ab846645e47370f4d98bd1,UNKNOWN,"DARKNESS, LIGHTED ROAD",UNKNOWN,IMPROPER BACKING,2.0,37.5,1.0,1.0
04ec743f7f101a148e4b7ab762647da31d012461fb8cbc96630bb390c821b2abc27b7d0fc9f531ad80539dfb4a0ec9bcb0ce5a4837c8e4ea8c32eb9cacdf1367,CLEAR,DAYLIGHT,WET,DISTRACTION - FROM OUTSIDE VEHICLE,2.0,53.0,2.0,2.0
04ec7d7867904dd2c33a921ad28c82191cdf0a24b5629e689e5bc3ac6557f9bdabeada3138f02a8e69c69bf8f55884dfb7bf6606d80ec9d1402dd626be993f3f,CLEAR,DAYLIGHT,WET,DRIVING SKILLS/KNOWLEDGE/EXPERIENCE,2.0,72.0,1.0,1.0
04ec8570bdd938ce8d1b15f3a15e5b897f5d66692325fa4934fe8332fe252bbae444f5919157553c59a9332c69124bd03682d8185741d9dd72ff49e4a9cdbc97,CLEAR,DAYLIGHT,DRY,FOLLOWING TOO CLOSELY,2.0,54.0,2.0,2.0
04ec8693f8836da3889d131318fa05c21524a9ac01f0aae44d08c33089e97cc4e9409725efc780b53cfb1286adbbc10766ff910baf8e223ec6d478ba06230197,CLEAR,DAYLIGHT,DRY,"VISION OBSCURED (SIGNS, TREE LIMBS, BUILDINGS, ETC.)",1.0,44.0,1.0,1.0
04ec9805add579cba6362fefe9e4bde974cf5ddd3eeff46f8484eefaa540c5a371f4e65290e45b390c07a74304c92f2024239322edef3fae53a971246e267506,SNOW,"DARKNESS, LIGHTED ROAD",ICE,FAILING TO REDUCE SPEED TO AVOID CRASH,3.0,28.0,2.0,2.0
04ecbb299821025cefacdbd07afa7aabe392ecd6beb99215b2fcb5779cea56fba5601c50848253af555a4317144b2579d043c19f44a164b59e80ad6754cdda31,CLEAR,"DARKNESS, LIGHTED ROAD",UNKNOWN,FOLLOWING TOO CLOSELY,2.0,26.0,2.0,2.0
04ecc3b6bcfc3560bbddce448efd47d504a67fe06a5d254b405d618bfb23b64d474040a6345e11cd3906bd76dc399859bc62b982141131934c4e58e9c051cdc8,CLEAR,DAYLIGHT,DRY,IMPROPER BACKING,2.0,43.5,3.0,3.0
04ecc6796c1aa38e2e496058e5b42df9a5e36219c8d992c8795cc1b33a51b8de0a8a1a4a51e05ecdd6a25fc7458b5448881610cee54b6b6fa47554f8ba6edfcc,CLEAR,DAYLIGHT,DRY,FAILING TO YIELD RIGHT-OF-WAY,2.0,24.0,2.0,2.0
04ecc906d4da4cfdc240fa65ca27e9f581e11345b7ca3d695b2a02577471d61f975105785d166faa8b2b18de6f71e659218e9966fa8f50d87abdd8bccfbd5c09,CLOUDY/OVERCAST,DAYLIGHT,DRY,IMPROPER OVERTAKING/PASSING,2.0,36.5,2.0,2.0
04eccb444de65cd5ffaa3cf12be785ddc661d99b3ca977537ba19780f48cf97e5487047459b49d0014916a3610af042eb303d6b506b746ead18727dbfc24da4e,CLEAR,DAYLIGHT,DRY,FAILING TO REDUCE SPEED TO AVOID CRASH,1.0,61.0,1.0,1.0
04ed0754a7ac4f9ec3ede663f867643d474f5079cf93664b8917914cdf4e7aa9cce14369971bf581f71e49b1c95db2a50ba38aad3efaaca1976e22b9b4263dd2,CLEAR,DAYLIGHT,DRY,FAILING TO REDUCE SPEED TO AVOID CRASH,3.0,39.333333333333336,3.0,3.0
04ed18924179bb3a34e13c3564de99a0bed3640eabb6653553d7818639b81591b9812b50260ddbe04a49b93b781e996083745a9db37f2dc1cb34cd398602853d,CLEAR,DAYLIGHT,DRY,FAILING TO YIELD RIGHT-OF-WAY,2.0,27.0,3.0,3.0
04ed1d587d5f1ed8a0196c054dffc5d78951f5018514850e6a1f42faea0b0af6d6e90beac793dc0c1f5a34565a2920a712ea8df663eb8b44bb1dfdd4befb356b,CLEAR,DAYLIGHT,DRY,IMPROPER BACKING,2.0,51.0,2.0,2.0
04ed2aae4815d4e90c7def841285d5afa509a231e50c4ae735444a23b6ec94b1a6e7749f29bfb3e17bb1df1ab01587ff776aac509e6c26db9a64623fec11828b,UNKNOWN,UNKNOWN,UNKNOWN,FAILING TO YIELD RIGHT-OF-WAY,2.0,58.5,3.0,3.0
04ed5b304706e215b9838521e1d66119a2f291089f04cb06fe0555eb9a6bc0c2f988066c7478ef43d5fc8c10a647dcde581247bec05b195f4bfd4fbde4dc6831,CLEAR,DAYLIGHT,DRY,IMPROPER OVERTAKING/PASSING,2.0,52.0,2.0,2.0
04ed860c94dbdb9778426051a3479dacc4ac6f89b479321e54603e9d4be48b433503d3dda2aebc31223dce15b84d92937284dcca0997a4c3a4f56d973da98260,CLEAR,DAYLIGHT,DRY,IMPROPER LANE USAGE,2.0,57.0,2.0,2.0
04edde87b78dc2af8fd2c599af070892ffddf9c39e6557fab130859a5033dd5ed018693c55c2a933f350f00aa37faa1185704db5effdfdebe33f00d4c8ea3789,CLEAR,DAYLIGHT,DRY,FAILING TO REDUCE SPEED TO AVOID CRASH,2.0,31.5,2.0,2.0
04ee1c8ed289c87df5944f21aa9e4bb350915186dc70d4338152f3773b1cb8fb6b995b6f64d87a9f40c5c4474ff5438b379710ab8fef5e5cf5d4e80872933305,RAIN,DAYLIGHT,WET,IMPROPER LANE USAGE,2.0,27.75,5.0,5.0
04ee2e912ac9abd848ac0343a8a59fb7ff9aefa607e3470f7a687e4b4072145ad82c76f87265d11a81eed874f82843528f07e6919b15621b76a3e6b3838ef602,RAIN,DUSK,DRY,IMPROPER LANE USAGE,1.0,43.0,1.0,1.0
04ee47166c47bf797c331068527b0e33ad0a5952ea96ee3c0d3f1d2b071e44f680ec35f3ecdf7e9c9aff5eb3460460e2a44c49a3399681363721053ba2af4344,CLEAR,DAYLIGHT,DRY,IMPROPER OVERTAKING/PASSING,2.0,15.8,5.0,5.0
04ee5b67c7610af404794d8ff6016459c2633a38fe03cf9ca2d21ac73a293779900fbb600023f86a036ae70690fc43004897bf48f5ce79c35369eac37a1336d1,CLEAR,DAYLIGHT,DRY,DISTRACTION - FROM INSIDE VEHICLE,2.0,21.0,1.0,1.0
04ee5dc26bd9fc06376e13675bedd908b37b4241ccc74673721a2ea9d0fa8af029bac1ebf2b7769b29797b2ade74a57997ecc4be35be18c139670ed24c99d196,CLEAR,"DARKNESS, LIGHTED ROAD",DRY,"OPERATING VEHICLE IN ERRATIC, RECKLESS, CARELESS, NEGLIGENT OR AGGRESSIVE MANNER",2.0,27.5,3.0,3.0
04ee88e21f8690265af1eb0327b6b6ca390e32cb6bfe3a4b66ffafa6e20083ab622807f63af9366610dfeb24e4e542ff418b3968a4bae19bee0e348d34a70680,CLEAR,DARKNESS,DRY,"OPERATING VEHICLE IN ERRATIC, RECKLESS, CARELESS, NEGLIGENT OR AGGRESSIVE MANNER",2.0,32.0,2.0,2.0
04ee9bd2df1d7a6af52279179f72eba421a331cc76d7e72962ec347cc31618baf439061129ab3e416ad76ded8b7569b2a9c5d042bf0143cf290d3f9e9d504db1,CLEAR,"DARKNESS, LIGHTED ROAD",DRY,IMPROPER OVERTAKING/PASSING,2.0,37.5,1.0,1.0
04eea3085aaab19a1c655219dd3ea6dc50f8e91772b8420ef33dd472701159e72ee00bc31f849bef5f75756fec49e81187750eff257c5324a46470abd25dd559,RAIN,DAYLIGHT,WET,FAILING TO YIELD RIGHT-OF-WAY,3.0,30.0,2.0,2.0
04ef0248c7a809e009d2eb0b14d5155ad8618da5bfdf8b6f5c240b006dffba709d38506d02fa3730b1e35333e237117d07517f189b0f11e0560313ce9b563d06,CLEAR,DAYLIGHT,DRY,IMPROPER TURNING/NO SIGNAL,2.0,20.0,2.0,2.0
04ef2452b26267875cb0637afbf2240853f6ef20655def5e3c763d8d51c0772101c4857c075e7555598ee9cf2f3a4a5d1645cb234f29b52a0bbd95e5d4a2056b,CLEAR,DAYLIGHT,DRY,FOLLOWING TOO CLOSELY,2.0,67.0,2.0,2.0
04ef846cc4104981cc28aaba5b7996184a73b52dc402e9ce0203b7acc0104710fca62874c1eac6286b4dc5d9451abfbb90bddecac6a29e73fa6430ee88fd3200,CLEAR,"DARKNESS, LIGHTED ROAD",DRY,FOLLOWING TOO CLOSELY,2.0,0.0,2.0,2.0
04efa9b513e82ffec8a8354760a3c787b01aa348dc35d072f6a33d0f24dee7c848d28e365c1a25d8358f34ac4552b87f425381aa7146cf2d612987c388a5bf12,RAIN,DAYLIGHT,WET,FAILING TO REDUCE SPEED TO AVOID CRASH,2.0,21.5,2.0,2.0
04efb106a7dd439b3aa1ef0c18316cb1dcb91f087335a6c072fff89fc9345017b099bb921b405fe542c2dba797a75b8f772b0f4469690b682f1742f800a181b1,CLEAR,DAYLIGHT,DRY,FAILING TO YIELD RIGHT-OF-WAY,4.0,33.5,6.0,6.0
04f00d693abccad8caaf65ecbd9aa6ecdc95351a37b9811f76b951cc5fbae4ba982604bbd8cc189ade6086379a6fa1150ad5b977e72661fb00a39dd3232eb58c,CLEAR,DAYLIGHT,DRY,IMPROPER OVERTAKING/PASSING,2.0,25.0,2.0,2.0
04f02a80b3d93d68845980a92d78c6f75fe323042b90acf538e3cd6e43633587da231d5572022559aebe39684a15098a7c95b2a24023b9aecce01b9da6af9fff,CLEAR,DAYLIGHT,DRY,IMPROPER OVERTAKING/PASSING,2.0,38.0,2.0,2.0
04f04a241e51177f198a227f7cce42531d43f51f614edd6a494cd153d55981cbd58363fac476fd5119736ce830bcde69f035cbd3aa4c8afd84cb72f828eeb0fb,CLEAR,"DARKNESS, LIGHTED ROAD",DRY,IMPROPER OVERTAKING/PASSING,2.0,42.5,2.0,2.0
04f05ad6d15405cc903ecb642b1147d5a556d173946452da87c03ac967a58aceb5d21785acd11deea3631714ea0ff0c36af8881b231a9280631912625d536d65,CLEAR,DAYLIGHT,DRY,FAILING TO YIELD RIGHT-OF-WAY,2.0,61.0,2.0,2.0
04f0851e799f33ac17a7f0bc96240bbf2ad01cc4a3f40a73ceff8945c03af3ccf0f4a7102f3867a3b9c0e169099a2b75f1ee9cd6829cba2373e85161803efb16,CLEAR,"DARKNESS, LIGHTED ROAD",DRY,IMPROPER LANE USAGE,2.0,37.5,1.0,1.0
04f09db861048c8c8b50bc0173714b80f3b2465856463fbc9ed2523bced2a772612343757af6c1bea2e0965d837aa4eb7bc6ea1b77c96c4966cea9d75a2e169c,CLEAR,DAYLIGHT,DRY,DRIVING SKILLS/KNOWLEDGE/EXPERIENCE,2.0,38.5,2.0,2.0
04f0c537b617cf870e9b1a43c07638adb20acff9976e569b4534a30460692b95970ee98d36dc519c9c68817625c87591ebfdc0b57db3db6e18d5ce4d6b6fa016,CLEAR,DAYLIGHT,DRY,"EVASIVE ACTION DUE TO ANIMAL, OBJECT, NONMOTORIST",2.0,61.0,2.0,2.0
04f104329ba5d0f81cd1a89d55db2e3dfe0907b6a00147e2c3109272f56f321cb726ddc1ebfcbcc151bc52a5721660b23c878cefe2076f3dfc530175c9ab7c2d,CLEAR,DAYLIGHT,DRY,FOLLOWING TOO CLOSELY,3.0,58.0,3.0,3.0
04f1154df83549f25edf121d984f9db0c3219311d9ffd0775df7ab87245f009c82cbf5b379766905265434a66e19219bc1ee6a791ae1a041ab4db95ee27ebe91,CLEAR,DAYLIGHT,DRY,FAILING TO REDUCE SPEED TO AVOID CRASH,2.0,37.5,1.0,1.0
04f150fc6df491b5bfa6847f23c281594267b3a0c9ba5f99e1bb68b59d21cc5eebe8bfda2c0916b26965201fdf7702a9aae913710ed96af2cf7788ef45705268,RAIN,"DARKNESS, LIGHTED ROAD",WET,WEATHER,1.0,27.0,1.0,1.0
04f1546b73e871baff85b7e7bf922ea2c9bcf0350e71f382ab4027769a3c443b8cb27aaef629bf37449cbe583bfc940f34f2141b01112bdb0678125f3782bac2,CLEAR,DARKNESS,DRY,FAILING TO YIELD RIGHT-OF-WAY,2.0,39.5,2.0,2.0
04f18dd2d5e524dc4792b581845eea6fb5ee67abd915721cd7559db1f7006a72908067375eca26499f646f4ccea0eb12e2beb44127cc26dd04b86ebe1693e399,CLEAR,DAYLIGHT,DRY,IMPROPER TURNING/NO SIGNAL,2.0,29.5,4.0,4.0
04f1a220be1970eb144ce65e37004432acef7ecc16e3f95064d563d2a7a56d66cf2200d4ef91a258c3beec2be5fb408e223e6faf85ae2cd285a817cebf7fe1fd,CLEAR,"DARKNESS, LIGHTED ROAD",DRY,DISREGARDING STOP SIGN,2.0,27.5,2.0,2.0
04f1aa6656f7fdac04e0e2544a4b5f426fe7c3f58d48b3d62315a788e6c825b3b23c01436ebbaae2538d378a4cb559b2742b0b5cceef05199bfd206678df2179,CLEAR,DAYLIGHT,DRY,FOLLOWING TOO CLOSELY,2.0,47.0,2.0,2.0
04f20e738e378790fdf3ca3c86baf38c168682511f6509eea88cf4e5cc1232b0578d0b2ca148572b70adb1a83c91002cffc84a42580ba2bdb82e4cfbbd1a4bf6,CLEAR,DAYLIGHT,DRY,FAILING TO YIELD RIGHT-OF-WAY,2.0,28.0,3.0,3.0
04f2110032a3542744e8a9445ebf555ffed8c32bc73e00c545985535c139190c278984e80552915feffd680b4bd34d16304d38e5c6a5e9466bdc072bf874040b,CLEAR,DAYLIGHT,DRY,IMPROPER OVERTAKING/PASSING,2.0,26.0,2.0,2.0
04f211ea9c8fbe4ae2fc51a849d9a630652e6c53c4e3a7d5d8629b822c99e31d813fdebb489adcaf10da0d6aaa91969511b582a5bd49dc371c852eb608bfefca,CLEAR,DAYLIGHT,WET,"OPERATING VEHICLE IN ERRATIC, RECKLESS, CARELESS, NEGLIGENT OR AGGRESSIVE MANNER",2.0,25.0,2.0,2.0
04f2192d6fb81ca33b5c48933e85d1f4e02b054f217fc9b8aaaa0a3c4747f851c709f56356f009ea3fad8ae24b9c02bfcee384439986ceef87e6f549da5c0ff9,CLEAR,DAYLIGHT,DRY,IMPROPER OVERTAKING/PASSING,2.0,37.5,1.0,1.0
04f298931741b7d2395a6ea503a73d293c0922f0fef3669ff20dd4ee139b7ad314f31318efdf6ffe622c95e916c5174da512fe06c944d7db1e9e621b7e371a72,CLEAR,"DARKNESS, LIGHTED ROAD",DRY,FOLLOWING TOO CLOSELY,2.0,19.0,2.0,2.0
04f2b1e98db861d9e6b88e33ba13086f449b81aafbbacd9cc235b367729a0d61edd5d05a50dc0142b9343a986041fac9ee40b02cc808120dd5e33598d1f82a4e,CLEAR,DAYLIGHT,DRY,FOLLOWING TOO CLOSELY,2.0,37.5,1.0,1.0
04f2b37e38099573ca2695312bf8be0e80cfb39da97b474e70f04ce1a268ddbe2d0e3bfb60e2eb7b712224eef67a0c09a2ba4fb2d439458db536210f9525e211,CLEAR,"DARKNESS, LIGHTED ROAD",DRY,FOLLOWING TOO CLOSELY,2.0,31.5,3.0,3.0
04f2bdffec34712a65cef82882a624a3ba62bb17f4aa884feb5e8754e728789a72c3c70fbf3c23c392e7f61eecdb5eb5a5faec83ae35f46a9d35be4ac9f3326f,CLEAR,"DARKNESS, LIGHTED ROAD",DRY,FOLLOWING TOO CLOSELY,2.0,31.5,2.0,2.0
04f2f59fb64f42cff0be007b5cc6e219d9a0e2003addc81a596485d91ea2d0755aa5e951cab6a1458008539ebfaa97264a081097fe68287ad3a7cfca28ccc4fc,CLEAR,DAYLIGHT,DRY,IMPROPER BACKING,2.0,37.5,3.0,3.0
04f32bc087ed822851b551c454dde7fa40328ac40e7fa5ab8ca3497ecd26a1eeefe84a744b7689654d2c41aa880054fdf0733bf9895bf143f36fd6295121e801,RAIN,"DARKNESS, LIGHTED ROAD",WET,IMPROPER OVERTAKING/PASSING,2.0,19.0,2.0,2.0
04f33dff112eecfc9d607b19f08e18c1e5e94efb8869e6f3dd66f5576e3517472481bc9284faf5cc84a387ff930fbefe500616d7208d749a95e4ff75371620eb,SNOW,DAYLIGHT,WET,FAILING TO YIELD RIGHT-OF-WAY,1.0,76.0,2.0,2.0
04f33ea24794f553c4a469ab9fa2802cf234a35e98a87fc7f63d5f13dcbc2ebeb54cce7125c4d97c0c52467fc87935575d91cb6d2b1d9958a2f98a67bbf213d4,CLEAR,"DARKNESS, LIGHTED ROAD",DRY,FAILING TO REDUCE SPEED TO AVOID CRASH,2.0,37.5,1.0,1.0
04f33ed35b1550f90d13e6227845cbf7cd4758bd7c83a1d63a563a7ed1ebc7a12fd097d7a8734fffed4d41c613ca147238ffb55f5364e83af8f7ecfc8209e7dc,CLEAR,DAYLIGHT,DRY,IMPROPER BACKING,2.0,52.0,3.0,3.0
04f3681a78146e4ef72c368fcbd528857f37168dbbd1c2a0dd309c7c0938d80f4d339c116652e64e73878fdbd0d28cc48498b96157d27640dd4724103c8668c8,CLEAR,DAYLIGHT,DRY,IMPROPER TURNING/NO SIGNAL,2.0,28.0,2.0,2.0
04f3852cde33c8258fd4148adeaf63f20375af635994548acfadefc83d579bfd674e47cf1f868a0da6acf49fbfa0c2085335e223f4fbf117e64a4d6970010ae8,CLEAR,DAYLIGHT,UNKNOWN,DRIVING SKILLS/KNOWLEDGE/EXPERIENCE,2.0,31.0,1.0,1.0
04f3889f548970ddda3d77359c2ec9b58d43752e14e771fdf042a1ed91f5b0a4e07a3bd2232b05d68e1543b0793e1d394b8972e7201dee1a233656f1ea4dba9a,CLEAR,DAYLIGHT,DRY,FAILING TO YIELD RIGHT-OF-WAY,2.0,25.0,2.0,2.0
04f389a5fcfff233b391df0ee6a7f0a657d0216197995c2f4b5f02033b6fd02d989375a711061f3d3f1b13b98e46dae52455a8989bfb4bf2ce71f94fe073b86e,CLEAR,DAYLIGHT,DRY,FOLLOWING TOO CLOSELY,2.0,26.75,4.0,4.0
04f389b16bac1a6523b030320dd3e539e761e02d8276a52db717a8184eec2d46aa597ae619bdfd1dce044c5a6f5221716993e32a4065280ae173ea001af484f5,CLEAR,DAYLIGHT,DRY,IMPROPER LANE USAGE,2.0,33.0,2.0,2.0
04f3b5dce579067b6e94d17a94cb697f80d7a3b525588bb4f363a43ac74b831a88257dfef74b2b84cbeb5f1a42d047ac2f9e2178635539c457d02a6e0a19f4bc,CLEAR,"DARKNESS, LIGHTED ROAD",DRY,FAILING TO YIELD RIGHT-OF-WAY,2.0,27.5,2.0,2.0
04f3cf05529bbf2437761e2b2c166d0f9a70fd5a9076d185e43a4ea08213333fce20dcedb7477e5b55c50a3d20897fdec9570923e2e4c9ef85fded6805579bf6,CLEAR,"DARKNESS, LIGHTED ROAD",DRY,FAILING TO REDUCE SPEED TO AVOID CRASH,2.0,31.0,1.0,1.0
04f3d709cd88d22afa94984d6aac84f17c65813154ab0842127bffaaa1e7bdc55d985fd749ddcc381df37739508d416e8af2dd0233a7f2a8a998a7c25ae6a6a8,RAIN,DAWN,WET,FAILING TO REDUCE SPEED TO AVOID CRASH,2.0,34.0,2.0,2.0
04f3eb0b7fd509e52dee46f3ee57c6a1eaa9fbe7efc64e7df79d85963cfd4438a547e47300235e467983c64087c17f517b958e9749851118dc61cb0e8ad5e357,CLEAR,DAYLIGHT,DRY,FOLLOWING TOO CLOSELY,1.0,17.0,1.0,1.0
04f3fa013e4bd02035a3d55176909592ebeca9646e5d7ee5f7a37d5d3a092cd88b47da2e1b3ba8ae69fe1baa8358ba0163a7f882f6479d7f4537e89f0e625c27,CLEAR,DAYLIGHT,DRY,DRIVING ON WRONG SIDE/WRONG WAY,2.0,51.0,2.0,2.0
04f442dbdc340996d4e806c25be284ca855cb5f5087a2ef8d068144f912a568ee8fc1aa182d983880308a01014c13e99301db281410d38b3cae2b33d4eba6682,CLEAR,DAYLIGHT,DRY,IMPROPER OVERTAKING/PASSING,2.0,38.0,2.0,2.0
04f483cd147fc2e43f21b08ce8e49cabe59028761dfdf90d074264c1451e85037c9f956b202636e7981011590c42729cc104032a303f71097c8f5fd8e31d2f15,CLEAR,DAYLIGHT,DRY,FAILING TO REDUCE SPEED TO AVOID CRASH,2.0,54.5,2.0,2.0
04f4a64a9a3e60a0731a2ced1da7bc7a17d0bfcc70736f76a0528ae3a385ac50a0a01752e917de666a355334dadd60c5c499ec64b2f83137fda9a768b1d92ed4,CLEAR,DAYLIGHT,DRY,IMPROPER BACKING,2.0,32.0,2.0,2.0
04f4ba0b1008c4bf527d4dc59e17eedd9ad01665b5a61b715445f7ad8c583b34af31d6d6754a22c1bd00f26096fbed414ca652a3dc665e71b4c696071e25f411,CLEAR,DAYLIGHT,DRY,"EVASIVE ACTION DUE TO ANIMAL, OBJECT, NONMOTORIST",2.0,27.0,2.0,2.0
04f4c7ef07d84dec0ccdf56a260cf265cec069f837bcc0d28a996eb090c0c32c2c9affa5d48d85fe9e4d99930024b489a6c48da3b883ae2edee81cb5479bd99a,CLEAR,DAYLIGHT,DRY,FAILING TO YIELD RIGHT-OF-WAY,2.0,34.5,2.0,2.0
04f4d0498875eaf3e94b4418b0874840dd402d2a9b2b4533abd0a603794018f9f22be92271069af478cb3e367faed5e326bc1c916afc44990326b2d3e9eacc76,CLEAR,"DARKNESS, LIGHTED ROAD",DRY,DRIVING SKILLS/KNOWLEDGE/EXPERIENCE,2.0,19.0,2.0,2.0