crash_record_id,weather_condition,lighting_condition,roadway_surface_cond,prim_contributory_cause,total_vehicles,avg_driver_age,total_people,total_injured
04f4d0b3daef5fc1b3b9b0f5da211b7f7e1ef7266d1b892fb6951cc9159d3f9d6f3b1dee3ba45007e696ce4141d20c76735008f0bdf8842aeeaa970771ce4e15,CLEAR,"DARKNESS, LIGHTED ROAD",DRY,FAILING TO REDUCE SPEED TO AVOID CRASH,1.0,0.0,1.0,1.0
04f4ff5bf8fde84447f6e5dcab8530491870f9a5e971385d03e658a35174dec695532af62987387fbe00343ff96c85bf3d48907079dc9a53c4485969e41ac11b,CLEAR,DARKNESS,DRY,FAILING TO REDUCE SPEED TO AVOID CRASH,3.0,21.0,2.0,2.0
04f5010fe333af19cc430f95bb7811ab5a920dba6bfe7e20a0df3abb4f3a5cd3f1c08f61a8013ebfb1cee4ce02103564cb1ee843eeb717cf256e2db4a41ed289,CLEAR,"DARKNESS, LIGHTED ROAD",DRY,FAILING TO YIELD RIGHT-OF-WAY,1.0,30.5,2.0,2.0
04f50e7ac6c80c3770371e6fc72edf2cd1aec9ca1b6062e684de4b26e36e90fe8178da4dceb2f8e6909fe090c95025f72dd3c0f31fe7ed5c7b5980aa234da8c5,CLOUDY/OVERCAST,DAYLIGHT,DRY,DRIVING SKILLS/KNOWLEDGE/EXPERIENCE,2.0,48.0,2.0,2.0
04f52628ee0afa5a950de2d1550fb5bec9e5d6014590558bb9abb4fbe02f0774cc9af82ca29bcec473a496db8ce0e7f81b4d945c11917c49d6326ec91ac541e6,UNKNOWN,UNKNOWN,UNKNOWN,IMPROPER BACKING,1.0,37.5,1.0,1.0
04f53b17f499ca7238fb5e2f1c57ea52feb896703166af57e71b5177f620b6e3c71b8fd12c04145e9a22d4eef923bcdc36d3d3d0f5605497860ca67bae712428,CLEAR,"DARKNESS, LIGHTED ROAD",DRY,IMPROPER LANE USAGE,3.0,30.75,5.0,5.0
04f54d0865bf6d6746c7ccd23603f4336fcd25ba1990b128653e914435fb4751dfca78ce9a9fef8cdf6c84f437b97c9ab8190b773ef65609ecad4b2c919916ee,CLEAR,"DARKNESS, LIGHTED ROAD",DRY,IMPROPER LANE USAGE,2.0,32.666666666666664,3.0,3.0
04f580b5d73f4ae94bae7e8abbfb2a4a7be8221223d8f7927429551c15fee437da11376a60b8386da1f4aba38ccc5349442c364758f7b5ea1795dc946e1add8f,CLEAR,"DARKNESS, LIGHTED ROAD",DRY,DISREGARDING OTHER TRAFFIC SIGNS,2.0,37.333333333333336,3.0,3.0
04f59e6cca0c4ab500126b4430c719440490ef078c1f00b661d8d31dc10d8501905891c583bfc343791c3aa1062de531ad5ae36c63060cf6b251370348f58d80,RAIN,"DARKNESS, LIGHTED ROAD",WET,DISTRACTION - FROM INSIDE VEHICLE,2.0,37.25,4.0,4.0
04f5add4638c1d64ab973bd01be085c9b545ddeb0b739fe3d2551cfdf1898c6e6915a5088ada16a01fb90f5ac66a8fbe72477702efccfd5d386ac1fc766c2d31,CLEAR,DAYLIGHT,DRY,FAILING TO YIELD RIGHT-OF-WAY,3.0,34.0,4.0,4.0
04f5e9f91337d9acc323be9b553bb385debe9f4d214f04c2098895705b29e37eb2e9e3139dbaea2664631804db60a202f835534cd4da6055ee66589b38d2c89d,CLEAR,DARKNESS,DRY,IMPROPER LANE USAGE,2.0,34.5,3.0,3.0
04f61b7d55187a4ff582930f8c9ead7df6107bb1566926cbdb9eed11d07204c801f10f6e29c92fc366111af870e71061bdb2183f74c6209398a6b7fdc46d003e,CLEAR,DAYLIGHT,DRY,DRIVING SKILLS/KNOWLEDGE/EXPERIENCE,2.0,21.5,4.0,4.0
04f621ab55fc80436521d19a0601a6f2780ec6954461538e1a24bf8c2ea117058cfb5aec3156abb282f57ce4762c4d8526c89ff438049dab25dc9caf76546cb3,CLEAR,DAYLIGHT,DRY,DRIVING SKILLS/KNOWLEDGE/EXPERIENCE,2.0,47.0,2.0,2.0
04f6245394966ed41b109ac46b18ed45b8b90c6607cebc99008d9a733b4b668d4effab8de602f2ed17854835b5efce5d76701c8d97d25c23c9814ee9e63e7a60,CLEAR,DAYLIGHT,DRY,IMPROPER BACKING,2.0,50.0,3.0,3.0
04f62674b1ac76fc11e495d1d074cdf2353b4c8dc67b33ff011a82b3da6f1a0b496b836f76afd501a7647a408ad92863890abaad3e69d7b911d5713e7fd4dafc,CLEAR,DAYLIGHT,DRY,ROAD ENGINEERING/SURFACE/MARKING DEFECTS,1.0,63.0,1.0,1.0
04f63b8bc8805122372ca99a0c0bd293b8255021a9b139c6f3a76d0aeb9db70bd57900cd498dd3c861ea108f5526722581ccb782dfffa1bfc9fe1f0db6762e33,CLOUDY/OVERCAST,DAYLIGHT,DRY,DRIVING SKILLS/KNOWLEDGE/EXPERIENCE,2.0,60.0,2.0,2.0
04f63dfb3dec28fffaaaee5cdd2537401b677970ed45dc4ea60b0b5692875ccc3ddb3b64ff057373b6529704455855ac14eaa34ee1add6fd00f0eef975ce073f,CLEAR,DAYLIGHT,DRY,FAILING TO YIELD RIGHT-OF-WAY,2.0,42.5,2.0,2.0
04f6678973018961caf43b6d7e59fe7a959323cd01156fbc4a37e78da1c5bb94342457c9b27f51249ef44924de9e7d64f52ae99dea635d94cbcd68be1149e6d7,CLEAR,"DARKNESS, LIGHTED ROAD",DRY,IMPROPER OVERTAKING/PASSING,2.0,80.0,4.0,4.0
04f6b4c261db808c8f99991f60e4794f67d2025194d55b66b8c12fda475b9c4b0f4325646ee2b6e4aae08eb72bb5a13e9625779c64d622e775eccd046f24f86f,CLEAR,DAYLIGHT,DRY,FAILING TO REDUCE SPEED TO AVOID CRASH,2.0,29.5,2.0,2.0
04f6ba6a29d9cd6a6ac5d18014eafe98aa4c5795b96de49fcbaa1123330c1e567b47e25e2d43d20f4d5594db4332c783d84bb12558e751d8b5dc2dbbb0aa2a4b,CLEAR,DAYLIGHT,DRY,FAILING TO YIELD RIGHT-OF-WAY,1.0,70.0,2.0,2.0
04f6e29e9cd14a41611b11aea7594ee1c625a9209fe83c4f1aa1af3f23d9ecd140182cfae70c15713b5d3e16d7b2fadad00f04a6e907bbda7330cc0a981fd35f,CLEAR,DAYLIGHT,DRY,PHYSICAL CONDITION OF DRIVER,1.0,62.0,1.0,1.0
04f6e40df973155a63cdd550266b59128fd2afd392c2b2cd1fcc19a0b7ace6b4677cfc88fe07631d9651dadb9d21af93444c0e3c8e9891c963c1388485baaebc,CLEAR,"DARKNESS, LIGHTED ROAD",DRY,"OPERATING VEHICLE IN ERRATIC, RECKLESS, CARELESS, NEGLIGENT OR AGGRESSIVE MANNER",1.0,21.5,2.0,2.0
04f71a6faf17c7c373e1be19e28f0aad1c25ff339401974ae24b9eb5de61a20d4812d29f845aa6182706882a4454731eac96fbbdafd443c1fb40248cef9e2d29,CLEAR,DAYLIGHT,DRY,EQUIPMENT - VEHICLE CONDITION,2.0,23.0,1.0,1.0
04f77cb7b87389f726f2a357dc66cd41f2617d370a6cd6da4a5c89c79e1e3948a50d7f67e348ec5b2ef30fea54885638e90c82b27dc2bd7d5cad8c83c2d5037f,CLOUDY/OVERCAST,DAYLIGHT,DRY,FAILING TO YIELD RIGHT-OF-WAY,4.0,40.75,4.0,4.0
04f77d3092769072ff091c374f1723b1baf6135519a1416ddd2fef6e65dd27ee32e99a46d2e1f037f3365e2e6275742b25c91925479c427ba1172fe3063e9b5b,CLOUDY/OVERCAST,DAYLIGHT,DRY,DISREGARDING TRAFFIC SIGNALS,2.0,55.5,3.0,3.0
04f791783a0397454e9f645138f89204eceabca431efbacb07b6a26c66c5052259812329478b2848a9c20f1070928abd8347f8461c8bf288115c71f772b3f503,CLEAR,"DARKNESS, LIGHTED ROAD",DRY,DISREGARDING STOP SIGN,1.0,34.0,2.0,2.0
04f7a6742e3fed9a63811d55dc0d003e38e53d7ee6e14fc23784e11541add269ca6e4801825fa676128be35d44edf7b29d6ef4ce53be8e4ed8786f4af3c74d70,CLEAR,"DARKNESS, LIGHTED ROAD",DRY,DISREGARDING STOP SIGN,2.0,31.0,2.0,2.0
04f7efcd391b827ebc4d7216eb54701161ba07a52ed8320712bd0b27b55a988a60b4cd418ebdb4165044650dbbc2cdd72d80f9401f7330b9214463def7ddda4d,CLEAR,DAYLIGHT,DRY,DISREGARDING TRAFFIC SIGNALS,2.0,39.75,4.0,4.0
04f84f5b6e2af60ce6244cf2e001d06091566bf67f7b6ca3f15281d467d88dd5f5d95f54f317f4ffa9f9defb5b398a28524713b8f525cbf796d990a58f79a555,CLEAR,DAYLIGHT,DRY,FOLLOWING TOO CLOSELY,2.0,53.0,2.0,2.0
04f86a00c290e5c340cab399867ea9db67c6c8fabf7cd7e94dd0d8304deab06ac3a09561bd27758f01b893a6f9cab68fa03e81d9d67f1d903dfcdbb9f28f8c02,RAIN,"DARKNESS, LIGHTED ROAD",WET,IMPROPER LANE USAGE,2.0,30.5,2.0,2.0
04f86e71e23756dfd464540b2ca04d2c91acd6ddf501203e751bc637984d0c0419169d08623c16e3383798d3895990404e36bbbe606be14bb76b8d6024c75f1d,CLEAR,DAYLIGHT,DRY,FAILING TO YIELD RIGHT-OF-WAY,2.0,10.0,5.0,5.0
04f870811d9a001d046ca7868c90adc074ce8ef2e203dfe8bba47c5149f21faef754c113a4d9eba39dde9b657827e8bf6409f3fe3978a96801b52340f4026e6f,CLEAR,DAYLIGHT,DRY,IMPROPER TURNING/NO SIGNAL,2.0,39.5,2.0,2.0
04f899d7a72965a2574cd764c6329ba7849ac89376abd6d89fa3d6d8b404b873d4f9260a841b9fb0455e08b6ca581e7086828154d959a8666be6562ed1496558,RAIN,"DARKNESS, LIGHTED ROAD",WET,IMPROPER BACKING,2.0,29.5,6.0,6.0
04f8cd72f45bf53f738912eb1da1959cc2e1ac4cc47289a14d7821ed54b03e086ee61ebd19f2b42662d287036cf3bfb5c3b8fe25db33ccbae2c4fbed79256728,CLEAR,DAYLIGHT,DRY,"VISION OBSCURED (SIGNS, TREE LIMBS, BUILDINGS, ETC.)",2.0,30.0,2.0,2.0
04f90a097aa8f15fbe90186f03161cad0248d30d94cd55d59cd9abbe15996276dff478f9ad7a29daf37b83532b5e6f763ef22ee092d3f5aa2a48f83e6275c93b,CLEAR,DAYLIGHT,DRY,EQUIPMENT - VEHICLE CONDITION,2.0,30.5,2.0,2.0
04f90af032c964debc19bc4d2dba8e37828bc6d969cd23117221a5bc9869ad6e5ecff6eb12683f4ccf2e8d7ee40efd8ce516887d154acb3a2e88975c2edc3381,CLEAR,"DARKNESS, LIGHTED ROAD",DRY,IMPROPER BACKING,2.0,23.333333333333332,3.0,3.0
04f91d7cabef13f1bf885b4a468f1fb3c0648ac8223df382f0ddcf271c7d763e0433db5861ed01013ead8b0a4499b0d6c7a3f5b2a4b0fe898cbc05aaecf7011d,CLEAR,DARKNESS,DRY,IMPROPER TURNING/NO SIGNAL,2.0,19.5,3.0,3.0
04f936e103a4ee33b71ca0aa268b5100f62f7d9c62b0972ec3f972f96e6878dd3a5268ae4d444f1f085814cff113161096cb0160a7648805fb4688f7eda6e104,CLEAR,"DARKNESS, LIGHTED ROAD",DRY,IMPROPER OVERTAKING/PASSING,2.0,37.5,1.0,1.0
04f9796b82ec4b48b62d2f424586790ca6401e08066be95de654b612177df045f034b7dd31b7c748abfa017864284afa427746f81d7e205879c5e9d2e6956c7d,CLEAR,DAYLIGHT,WET,FAILING TO YIELD RIGHT-OF-WAY,2.0,34.666666666666664,3.0,3.0
04f97e3b8a327b291892c8ddd803c6397a798e48b44890e610197b8b967d0b3b5a526ef638ec483f00447f0e892611870d683cfdb928c7ac34bbbae46b6643ed,CLEAR,DAYLIGHT,DRY,FOLLOWING TOO CLOSELY,4.0,17.0,4.0,4.0
04f991a65efbce0565f996d56fc915093faf81706ebd777010eb501180e3b415744c504a9b1c2613c6b6c7791a0bc72ae8235274dc168d7326a04d7bbed6b29b,CLEAR,DAYLIGHT,DRY,IMPROPER LANE USAGE,2.0,37.0,2.0,2.0
04f9f4a5160e5a484936cd73ec67ffc83d1b3788e178b000bf31fd76b6a20ece987d105e25015cd3872b4822f62a9ee06349d55c67e9299cf0b559ba6ff4d13b,CLEAR,DAYLIGHT,DRY,IMPROPER BACKING,2.0,43.0,4.0,4.0
04fa64d21dff65140cab8b8a8ddfa6d52230c86603eb4d37b4c53dbf29ee5d7b8abc9b2bffae5bc9907d55c247599f15f455b5e24f9c76e26cfb5114e4263451,CLEAR,DAYLIGHT,DRY,DRIVING SKILLS/KNOWLEDGE/EXPERIENCE,2.0,40.0,1.0,1.0
04fa735997dcfbb6b493c86a0d69c8e442aeefa659955f6fd41eef487ce29808fc2b208e7d2d46b71f4600549926a18a5b7028ba96f5cd0907457dea57f40570,CLEAR,DAYLIGHT,DRY,IMPROPER LANE USAGE,2.0,33.0,2.0,2.0
04fa7bc34a00dccdf13c47e7a77242408f4615813198a2e8c339417a5e4b68998d82e07ea956967f860a62241a7d5481ace816e898a31cb57c6b6359edc9f72e,CLEAR,"DARKNESS, LIGHTED ROAD",DRY,UNDER THE INFLUENCE OF ALCOHOL/DRUGS (USE WHEN ARREST IS EFFECTED),3.0,49.0,1.0,1.0
04fa9624811854cfa0d7c4e6a5a4188325a4ac3354dec62c7ffa918d06873f6a23ea0ca45f705b73fc949750b3daab2b8ce2d8bd99a3e6fa6bd37acbe73f5a37,RAIN,DAYLIGHT,WET,FAILING TO YIELD RIGHT-OF-WAY,2.0,53.0,2.0,2.0
04fa9bba2a5d20266fbb91fe5df6bae847168da0fac8e21837c1f8face52caa6ce9910cd4a06b2a32cf8e221c031add9f066d4191a8b191f57d5b7d9288be0f9,CLOUDY/OVERCAST,DAYLIGHT,WET,FOLLOWING TOO CLOSELY,2.0,29.0,2.0,2.0
04fabbfcda44a894554bc14073466146f62890ea3a329dfcf3413284e4b5c6c487dcfeaf3821765abac8e73e729d47260420881c0c9a19f93c19bcb89fed3aa5,CLEAR,DARKNESS,WET,IMPROPER BACKING,2.0,44.0,2.0,2.0
04fac10e4014eef538fa329caa01b28870976c568925196b3914ec4bacd338f7dc241c13f85c99ca1a0bf9d2f88ae85b1157bbf0163014a03865c68b643016b5,CLEAR,DAYLIGHT,UNKNOWN,IMPROPER BACKING,2.0,19.0,2.0,2.0
04facf2ab4459f9efdd89dc9bc5ffd40a31aa34b223d29525223d3e68a6ac7038d7218206edda63e19380ed0e9682f48c6e2f866cf7ac11d89327769d64817f1,CLEAR,"DARKNESS, LIGHTED ROAD",DRY,FAILING TO YIELD RIGHT-OF-WAY,2.0,33.5,3.0,3.0
04fae1ae765c74eef1282414e2240852bef767b66f3a4f1b8ab174899b07b5294f56bf3736f879d680d219756c5b63bce3e6a2efea832889a611fdaf147acd44,CLEAR,DAYLIGHT,DRY,FAILING TO YIELD RIGHT-OF-WAY,2.0,18.5,2.0,2.0
04fb0403b414a2efb0667d7d29a7ec855e793890dd210198ade6d78a6b1f5a186954d6a82adeedeb0a1f07d0c35e7f6730167b7d967fd0576d5e63908911a2cd,CLEAR,DAYLIGHT,OTHER,DRIVING SKILLS/KNOWLEDGE/EXPERIENCE,2.0,32.0,2.0,2.0
04fb0dbb4401e7b82cb91cf78ae2a38d2510bdcfa802eb12f37e64ac144f66c2dcbeb56be2297c7bcad872de63935d94452535cfc57e5f34078aed71e7496810,CLEAR,DAYLIGHT,DRY,DISREGARDING STOP SIGN,2.0,53.0,2.0,2.0
04fb3706ea6d9e74286fb639e4c2c50c232f7377da58a56a8fca7ac321d3f4fad73fa6f660f891647eb3b690e13c0b733ca30093a7feb6bcb3cfed3e28a59622,CLEAR,"DARKNESS, LIGHTED ROAD",DRY,DRIVING SKILLS/KNOWLEDGE/EXPERIENCE,2.0,27.0,1.0,1.0
04fb55913f5098f4bea5608c94c1ca4b6eb39a5da0faef91067e50e3fd0af5ecc6379ce7b411902a494f602509e9e27a7546e60ee39934de16b055c74e56a5a8,CLEAR,"DARKNESS, LIGHTED ROAD",DRY,IMPROPER LANE USAGE,2.0,53.0,3.0,3.0
04fb5db8c118702575aa9e3e6504b2ebd080dd817afffa2401570206bcafa64b63ca463a864f52f0af2d2a9ee99c5055f23fd30a30fea89654a0598b6fc3f4c6,CLEAR,DAYLIGHT,DRY,FOLLOWING TOO CLOSELY,2.0,27.25,4.0,4.0
04fb81a0d933e9373755b626f1c157af8f2a13ddfa77d49bc7964fa5d1f1c2fc9c056c9c6cd8f74466873589e865b342536aebad678bbdc03a4d0fc4e6f8fec3,FREEZING RAIN/DRIZZLE,DAYLIGHT,WET,DRIVING SKILLS/KNOWLEDGE/EXPERIENCE,2.0,50.5,2.0,2.0
04fbd6ac2351badc3b5201abec61c33ac5fc4b9ca10f6ea630a62840faff2f6b03c94465b600b280c7855748bff46467c6eb7f91f89db573fb9c0fe75374ac9d,CLEAR,DUSK,DRY,DISREGARDING STOP SIGN,2.0,24.0,2.0,2.0
04fbe5296ef3bbefbc1ee05af499b0315a8aa04bcc385d579b0874f91771d237af31a6deb6580c96ead036709f6c9f1ad7538721dbc1d16b912f0315ec055dc2,CLEAR,DAYLIGHT,DRY,FOLLOWING TOO CLOSELY,2.0,27.0,2.0,2.0
04fbe9bc8396e033e84cf65d252984542bf49171377ef362b7931356b4b257a189a669f36851bb7328c5a34aae0ee544604fef2353d93de3438c04bffe4f7433,CLOUDY/OVERCAST,DAYLIGHT,WET,IMPROPER LANE USAGE,1.0,34.5,2.0,2.0
04fbf703467294340f016ce1affb9f526b122f3bd95b14a4df772fad661a7641bc7890cf5a321ba2a8bb141c3a1644611cc1d272da52767ee1b0d143eefec082,CLEAR,DAYLIGHT,DRY,"OPERATING VEHICLE IN ERRATIC, RECKLESS, CARELESS, NEGLIGENT OR AGGRESSIVE MANNER",2.0,51.0,2.0,2.0
04fc07da1a0e28ac88aa06c513f16b480687abdbdb1ae36c4a353b67b707e550d034ee45251bf17a84fd7bd841f3fba4e1b3034e62e835ddddea18c9c6a4c8d4,CLEAR,"DARKNESS, LIGHTED ROAD",DRY,DISTRACTION - FROM INSIDE VEHICLE,2.0,28.0,2.0,2.0
04fc1b3c25431c457756ead97d0844d9e2b62c84e87308ef30a4df6a4cd36d57b7f982b379879d3f2f9499790becdabf87ec9f74926142000bf3bcd36a3a65d9,CLEAR,DAYLIGHT,DRY,FOLLOWING TOO CLOSELY,2.0,39.0,2.0,2.0
04fc42fe8867b680510ae8e4fb3df939a8d84bb075122b65a2a42f040772613ac73eb6f4dbd920579442d117bf2c8c09010985cf138e9cdcfa992e1522bd6637,CLOUDY/OVERCAST,DUSK,WET,IMPROPER OVERTAKING/PASSING,2.0,49.0,3.0,3.0
04fc84f056e1c8bc64737d0d28084848c7a7c0ac0f91618c020902ff3d9ce4a7618f7b7b5c82f3176b77384a7bebff2019095b7d52ce37c944cd19c8bcc6a1ce,CLEAR,DAYLIGHT,DRY,FOLLOWING TOO CLOSELY,2.0,41.0,2.0,2.0
04fc8a20e450a905dd986669e0be46029eb1e8e44ab810835f0bc97ab82be26a1e6d72ecdbcab49bf45380840b03cd8499262f0dda89e193f1671b56dc426218,CLEAR,DAYLIGHT,DRY,FAILING TO YIELD RIGHT-OF-WAY,2.0,28.5,5.0,5.0
04fcabdae081c025fb329a91986d37e7dd13b1256d66a692f49251c1943d4b0d7dd788173192e59588fabacc55dc42b5ebb8c511a9b68f3662affbe1ab78668d,CLEAR,"DARKNESS, LIGHTED ROAD",DRY,IMPROPER OVERTAKING/PASSING,2.0,38.0,2.0,2.0
04fcc2c0b14fdd8271ca5f6ff86c075710cc2859f56e1723c7aba6dd6a4e102f2dbe62c70819951ad0db62c921dd897cf8225c31f29a8f672e1677f4bfc00fa0,CLEAR,DAYLIGHT,DRY,IMPROPER TURNING/NO SIGNAL,1.0,28.5,2.0,2.0
04fcd0377e04040f0c124e4f0f2a20843a4f977aaeb48217b9f4f18d64620a1a55473a157f72b98b533349ae390754a786da6f741e98a96d55d2ede011c10f8b,CLEAR,DAYLIGHT,WET,ROAD CONSTRUCTION/MAINTENANCE,2.0,27.5,2.0,2.0
04fcd911ebb1b3d4bbfc2882147380e828d59e2c52ed72e3cb4268cae7a23c2222b1406b4c0e673f4631a49627bc0c50ba8c9033ef2c4bb15fc96a20f43bab03,CLEAR,DAYLIGHT,DRY,DISREGARDING STOP SIGN,2.0,24.5,4.0,4.0
04fd0b362d62d021b63bffc0ba65f516c1f8c345aacc159fcdc94c0274e6eceaa7bc59d49054c53245b5680dd6e2ac5bb2ff6208616e3cea41d0837af6c99f2b,CLEAR,"DARKNESS, LIGHTED ROAD",DRY,FAILING TO YIELD RIGHT-OF-WAY,2.0,25.0,2.0,2.0
04fd0e31178fc441d8a42a5301e2b638700f1ed7b5061dbdc19965863041f83d6e2760c1693344156945efda759ded6d4a7c0cc08654e741ebe154189f036e14,CLEAR,DAYLIGHT,DRY,DISTRACTION - FROM INSIDE VEHICLE,2.0,24.75,4.0,4.0
04fd28efe4a078ad2a0b1be7627e6ad30a28ea8bdceb331ab0188f7503b8d3758c2dc2ac5d6acd80db9e66e010aaad49a4b495262d465ec4a195b2dee11abd5b,RAIN,"DARKNESS, LIGHTED ROAD",WET,FAILING TO YIELD RIGHT-OF-WAY,2.0,31.0,4.0,4.0
04fd29e3774c5560602bd4f3b31975978d5da6f02f0247814c7acbc51eba70f93fb3a1ae4da3a9a3eb54bfa849a9cc21454fe5bf9010ba73b44289e87d98659d,CLEAR,DAYLIGHT,WET,DRIVING ON WRONG SIDE/WRONG WAY,2.0,27.5,3.0,3.0
04fd3bde536a9e8e3b9783a1aa5ad5694ae251c4fed80659f12d07b5e46dd54780185694f7f68608e28c2e2608a72291948a7301cd3d19316340b852a7c17e9a,CLEAR,DAWN,DRY,DISTRACTION - FROM INSIDE VEHICLE,2.0,56.0,2.0,2.0
04fd7335bbff5dde012057646664c8d914e41a96b0aaf1d058d96a99438a99ef1f6c194ad205935eec5fc924fa46e8f0ed45b4657caba1c2d611eedea2824464,SNOW,"DARKNESS, LIGHTED ROAD",SNOW OR SLUSH,FOLLOWING TOO CLOSELY,2.0,50.5,2.0,2.0
04fd7fbff6d793416afaa2342ed9c6cb0f66b86be0bbc2e9c990dcf323642cd076e4af7c023c5aa15792a78ae9aa2fcd9ecdc5aca1a3a8d11106bfcd3a99a099,CLEAR,DAYLIGHT,DRY,IMPROPER OVERTAKING/PASSING,2.0,53.0,3.0,3.0
04fd8bce51a3b11ec35332656089d1c431e52f49b18d03e721ede1c4d8cb4263cada01b4bfa1b909bbe1c9e617435bf99bdb0b9c3c58ee2541ed1bdc9dfa676b,CLEAR,"DARKNESS, LIGHTED ROAD",DRY,DISREGARDING TRAFFIC SIGNALS,5.0,35.875,8.0,8.0
04fda0e473ac3b8c42baef234b6cac66f0eea0d3fa06e5bdc7c65dfbb69a32a894a7e24fe4b5d13443e95a6971a8a56a41de671480884b1667d6694000af9314,CLEAR,DAYLIGHT,WET,IMPROPER TURNING/NO SIGNAL,2.0,48.0,2.0,2.0
04fdc4c72a081efef62ab8d0eef907f8e94aadfc701d54cb82770ee8674ae0a0d85090c5b40de53cca66435f8edd7fe4d840725140e572ccdb50beb845663185,RAIN,DAYLIGHT,WET,DRIVING SKILLS/KNOWLEDGE/EXPERIENCE,2.0,24.5,2.0,2.0
04fdd2cbc2434672786a37d9d9574b94e76448cd14d77022a30c1b1cc6596c5248a0a88c8e41e6ddf91b34fd2fa0c16d00ab4be0337f3e9883c2bc74b0f09e46,CLEAR,DAYLIGHT,DRY,FAILING TO YIELD RIGHT-OF-WAY,2.0,54.0,3.0,3.0
04fdd8f83d63b654a87510d6b96ebed253d3e854e9bc62d6769d1311aa4c3c3c5c9f08945186d0f93200de4006a4698085b33656b9a7df617194550fdb61a83d,CLEAR,DAYLIGHT,DRY,FAILING TO REDUCE SPEED TO AVOID CRASH,2.0,43.0,2.0,2.0
04fe0c990e8b4b57fca32c9d55fe219164a74a53a5fcd511ab78f58ea5c9701bbaf382bc5216f3364865d22bf7ec93a8518f75a117bd1039bcff4ad2825cd382,CLEAR,"DARKNESS, LIGHTED ROAD",DRY,HAD BEEN DRINKING (USE WHEN ARREST IS NOT MADE),3.0,48.5,3.0,3.0
04fe471e526d7fff680af078c287a912889ebbe97314d78d0c9bfd797775ff69b275f75548ed25e745f1efb344948e607e2ee83a5b206d399dc1fa466e94426a,CLEAR,"DARKNESS, LIGHTED ROAD",DRY,IMPROPER OVERTAKING/PASSING,2.0,32.0,2.0,2.0
04fe52cfdcdaae1664f947b27ce6fc3ed782de51ce6a3337976a6bc1ac34d0fa01c50f8c4809910fd44b6289cd0d2424e0fa4f005a2b305b544ae856b98671df,CLEAR,"DARKNESS, LIGHTED ROAD",WET,DRIVING ON WRONG SIDE/WRONG WAY,2.0,26.25,4.0,4.0
04fe6cf81dc88278a9bd047071c341658bb5833aa17e0856f2b3a7010de7fe165e440c0a16322941095d6079174eabd76965bce176dc812a217294b827458117,CLEAR,DAYLIGHT,UNKNOWN,DRIVING SKILLS/KNOWLEDGE/EXPERIENCE,2.0,58.5,2.0,2.0
04fe6ee644fd878c7fd16afbfb2af279497bf2586edcb4065e9f6dfc9abb9fdaf08c177b2fde7830a7853f7cd665bfd8f6152ea66eeddc05bca291fa39653e14,CLEAR,DAYLIGHT,DRY,DISTRACTION - FROM INSIDE VEHICLE,2.0,49.0,2.0,2.0
04fe8626faa024abeead95336b2e7df643ad40afa334541eec4e14f93575a5512426d21753e351742b07bc1f8e337386287cf07d45d3530e925293879ff77832,CLEAR,DAYLIGHT,DRY,FOLLOWING TOO CLOSELY,2.0,31.0,2.0,2.0
04fe887c8fbe40f4b211a66004adcbafa74ae2c1d691d7dcc37b88dcb9e05487c7652748211102bfd2a43fc309c62764f87e6e1af7e58542bc014b31cbe10f8d,SNOW,"DARKNESS, LIGHTED ROAD",SNOW OR SLUSH,FOLLOWING TOO CLOSELY,2.0,38.5,2.0,2.0
04fe9df30c78bafdafe81d3c84ad8cb9db5582b9b6bda4198a2c647729e17a4e0f535147edf77773184c1de5c67134c42e00c36ea1e728df37cb91c2cbfb7edc,CLEAR,DAYLIGHT,UNKNOWN,IMPROPER OVERTAKING/PASSING,2.0,32.0,3.0,3.0
04feec17c858cac335614638d010feee05ee4dc421cc9491b8093a4e0066336eaace079e016d246814b14d63730d79cbe19302ff9bd8a4588ea4ee33d4ca3cef,CLEAR,DAYLIGHT,DRY,FAILING TO REDUCE SPEED TO AVOID CRASH,2.0,37.5,2.0,2.0
04fef4266cef1646271049c6b682e2c1b2864246d8405f71a9c18a2e55eb5bea18d35bf9e914b89b76dd0415b25a8892a7f591e3c8a6ea4676dda4f82b5b3fc1,CLEAR,DAYLIGHT,DRY,DISREGARDING TRAFFIC SIGNALS,2.0,34.0,4.0,4.0
04fef58e6f57695f4dd10256b6bd31c410d23be69d68c5528e6076780c6100ab7c831b1cbe20e41eaa742cd1a65c57369eb32231ca496e8d9d12fce1b7ef5a4d,CLEAR,DAYLIGHT,DRY,FAILING TO REDUCE SPEED TO AVOID CRASH,2.0,31.0,2.0,2.0
04ff24085405a49871a9688afa23e8f0eb7551793058dc7b88081a2b9b9a8279042e266ac1dcce98b215df3d88d86f23390808aabc6e76056db7abcd3231624d,CLEAR,DAYLIGHT,DRY,EQUIPMENT - VEHICLE CONDITION,2.0,38.0,3.0,3.0
04ff6beef6811df7816dd4ade5aee3d4a25fbf9d648585a0ab2634ec40665b700044e4fa0d66de2252141727c1531fff8e25b8b1beabf315d7a0f0fc74eabd35,CLEAR,DAYLIGHT,DRY,"VISION OBSCURED (SIGNS, TREE LIMBS, BUILDINGS, ETC.)",2.0,46.5,2.0,2.0
04ff74fc0b0d0ed22a668b66c402fe224437317c810d4c56e46fcb2e28c703ddef4c273985f33673cdbe67dfc57f6387c3ac2c7c14f6af882e8f52a638b7f2a2,CLEAR,DAYLIGHT,DRY,FOLLOWING TOO CLOSELY,2.0,50.0,2.0,2.0