crash_record_id,weather_condition,lighting_condition,roadway_surface_cond,prim_contributory_cause,total_vehicles,avg_driver_age,total_people,total_injured
04ff94ce631df0b4a1e100b2f4015d0481fc7de03933dcac56f8ea27f1953e1a8405de4c67105ced5bc7e6976010ee539e0416709fc0a5ca9aee7d850cfec55d,CLEAR,DAYLIGHT,DRY,"OPERATING VEHICLE IN ERRATIC, RECKLESS, CARELESS, NEGLIGENT OR AGGRESSIVE MANNER",1.0,23.0,1.0,1.0
04ff99f49cfc0ea655373778ddb466dc0d518a4cadc7fe77175e0208fd5d3245d81c3ac6e4712d4a44328055002ff987006dba54db76fb20c26b6a48559af040,CLEAR,DAYLIGHT,DRY,IMPROPER BACKING,2.0,49.0,2.0,2.0
04ffc352afcfe2595163ab4eb9d37c7601aa1947b93cd4f7212202fb81c28a2e471a837b39a1c5852ac2952050c7f692b84eaabf2ab961cb2dbf0428c02a9974,CLEAR,"DARKNESS, LIGHTED ROAD",DRY,DISREGARDING TRAFFIC SIGNALS,2.0,27.0,3.0,3.0
04ffee4ade74baf8ed3a76362d9f4746edfb567e97bd0a120f4d23dd2f816df213f2fbd9c18905cc1de6d3ed45705e48a4992b22b376eccca5f742efc10a80a6,CLEAR,DAYLIGHT,DRY,FAILING TO YIELD RIGHT-OF-WAY,2.0,42.25,4.0,4.0
04fff701865e9f979a0add993c9d8e083b907685641fd2a74198507600d7e84e0285f77878ba37214602d99e5152dc74e1b1ff0f4b24a02dfb800ca268291edc,CLEAR,DAYLIGHT,DRY,IMPROPER BACKING,2.0,22.0,2.0,2.0
04fffce634820bec36f98876ec90573085c3d3ec766006d01c7e3dab23b9944af94f23d82ec90b65e3540c03229d60bd6559071615a0cb2c1a9a1965c1d88afc,CLEAR,DUSK,DRY,DISTRACTION - FROM INSIDE VEHICLE,2.0,75.0,2.0,2.0
050010a60096855d97bf229ae8f1e46cfa657aa342eb5f8412bb791888e6aafed3141b59be7d26b77703c8b2a52f10eb38ab1566ad1cf1145d8946a06e0b7178,CLOUDY/OVERCAST,DAYLIGHT,DRY,FAILING TO YIELD RIGHT-OF-WAY,2.0,32.0,2.0,2.0
0500182130db8496411ac6f4303a4f17e8a32cda9beac3a552a85fe571546110d5ab842a6556d1bc386c37f3d23563b2a57962f943ba131ad924225c1201b3e7,CLEAR,"DARKNESS, LIGHTED ROAD",DRY,FAILING TO REDUCE SPEED TO AVOID CRASH,2.0,26.0,2.0,2.0
050048f4ed34700e7f5e4f551a92e533ea7c66be37f24717c2f3568e9df7c2b1e55d05d795fda5c9df3b886bc871c2554a4322357b63128f7772b917f04e00e2,CLEAR,DAYLIGHT,DRY,DISREGARDING STOP SIGN,2.0,26.0,2.0,2.0
050054ad891f880af1cc61cbe51a6a23546dc2ca4b6b8a0d30eada2fae572a05f376265d90146bcaa2270d656aa8770d73c53f674e1492c2d1f29dafd9eb5d63,CLEAR,DAYLIGHT,DRY,DISTRACTION - FROM OUTSIDE VEHICLE,2.0,37.0,2.0,2.0
0500576055e3d46b0ed507761bfeae64457b1b58871f42b70f71fc5a464b4bf6364d2d8364bc90d5c093de919ecb3826bc6f1be7864b07998f3df9179f069040,CLEAR,DAYLIGHT,DRY,IMPROPER TURNING/NO SIGNAL,2.0,48.0,2.0,2.0
05005a3212a2ff41de08dc136faa2a12e45eadacd9665f74b2538f0d072b698cf3e20bc572a8c2d2a2f7995fe7f4f413c6e66101e1495e0c3d2724f6d038bf10,CLEAR,"DARKNESS, LIGHTED ROAD",DRY,EXCEEDING AUTHORIZED SPEED LIMIT,2.0,43.5,2.0,2.0
050088eaf165b17f3e1557578cf488addbd164591820bf40c8a240b1c76c2dbb3e80ef7e64367c1d28e8de46b434fe74aee6476abd4af1a9cfd7d6f6c4828388,CLEAR,DAYLIGHT,DRY,FOLLOWING TOO CLOSELY,2.0,29.0,2.0,2.0
0500a2c7584d3eb37ad459ce4f9fa375b1ea0f6da348a31c4246bdd537d6b0ac333344404439243e7919d5029ce02e6ba0f48e5f64cf0c4cfd8efcef2bdb729a,CLEAR,DAYLIGHT,DRY,IMPROPER TURNING/NO SIGNAL,2.0,49.0,2.0,2.0
0500de071484f2ef6c0fc5ef34104e6ba5b3310cb361364e7de4647f8161ff21512b52993fb5232aa1b19ca28f39d01c8f6237763223a7753075ea6ebae4c3b5,CLEAR,"DARKNESS, LIGHTED ROAD",WET,DISREGARDING STOP SIGN,4.0,33.0,2.0,2.0
0500e20f6736de384acc15723eaa26fb97e8ca4d46c1e4faa14ae54142b43ac584a939448ae091b62aab10de441979000505bc62923f520d81c2220ba3db90ce,CLEAR,DAYLIGHT,DRY,FAILING TO REDUCE SPEED TO AVOID CRASH,2.0,32.75,4.0,4.0
0500e864dd6f4bb821995c6315a9c035219fe5d36e8d644978f1c0ce625ac4fc286a155867c774f5b1cb4adbe3ab44e17e6546a2038e5ce6baf12e465f0f26c2,CLEAR,DAYLIGHT,DRY,IMPROPER LANE USAGE,2.0,0.0,2.0,2.0
0500fa690bd31d9873f87731a33faeb3be88facebdf6d3ad7ce1d20342356bf426f0d1291b02bf01171fbecc5f578b0eda39fa3ba6a873a15df875be688c07d6,CLEAR,"DARKNESS, LIGHTED ROAD",DRY,FOLLOWING TOO CLOSELY,3.0,45.0,3.0,3.0
0500fa7d52ff70d286254bbaeaeb0bd13578ee0260ba1d0854b6ea506d32a171fcef5c68097cc1f6a7c3a26a4261608083dc3eead6ae91aa463a74223e2c9003,CLEAR,DAYLIGHT,DRY,FAILING TO YIELD RIGHT-OF-WAY,2.0,78.0,2.0,2.0
05012af497476e8a66f0bb814ea233bf6abe31d80fae305df2346b2b9057fb07f21e775fef7b8c55ab359bebef91ac47bac10a9d3a4a8b0ca5eebe615cbdee72,CLEAR,DAYLIGHT,DRY,FAILING TO YIELD RIGHT-OF-WAY,2.0,33.0,3.0,3.0
050137a90f1333f7877afb1127f587012ae4f71424d571fe18bbf7b1554948102e8a2ee9f6629cd251d738b3d74a1dbf7ba9af7dfc90761306831a6e9ad3b076,CLEAR,DAYLIGHT,DRY,FAILING TO YIELD RIGHT-OF-WAY,2.0,34.0,2.0,2.0
0501564a3f1ae8cb75375251c308fda7c5f6da8e2b3eefaa47462a113764acf36acd52b50e03129d0a9af4d26a49c2680ae6bef3a81d3e5564ebc48ebccbb086,CLEAR,DAYLIGHT,DRY,FAILING TO YIELD RIGHT-OF-WAY,2.0,45.5,2.0,2.0
050180b1eea5572932c27e290ab610832d3804fc7d1850a05bad083a28def81e29da20137fe3de314db80e73de4bb080c53174d2d2c6454497c83a53f2819cab,CLEAR,DAYLIGHT,DRY,FOLLOWING TOO CLOSELY,2.0,25.0,2.0,2.0
0501846135206ec2aa726b6a19f4f8627373dd51848a2a945cd079244a1616fdd43c42b806a04e3a7b6333f37d531dac073d8dc5938732679f12ae37a6cb8911,CLEAR,DAYLIGHT,DRY,FOLLOWING TOO CLOSELY,2.0,45.0,2.0,2.0
0501a73aaa891cafde63b4e7aa0cf84df9f3b9e3041a481520fd05d9fef44a7fc45b8aadf3d4b2bb3a3cd039904fccf2ed82a45e69b0ac4fb32c834fac46b892,UNKNOWN,DAYLIGHT,WET,FOLLOWING TOO CLOSELY,2.0,36.0,2.0,2.0
0501b253d0f1e2a2630ca4d300b3cc0387cb798951e13f935dbff45a42e70f5b8a983557359edae7a5f4e953b8956fcb92ba91d77667b41f2f8d97f3f14be815,CLEAR,DAYLIGHT,DRY,DRIVING SKILLS/KNOWLEDGE/EXPERIENCE,2.0,62.0,2.0,2.0
0501e912bb39b2753d1e1d51ada94d07fc8a9d2a4dbe83bd8abfaa1f9fa47e8774c3a8f4e18a7aec962364421265d0ab42eae976491864e4d3cc2ee662ca9108,CLEAR,DAYLIGHT,DRY,IMPROPER TURNING/NO SIGNAL,2.0,22.0,1.0,1.0
05020defb9cf25ed6ed89424907bed85737017ae214d2efe9f4a99b08b5ed0cb7ecd847d0b8ac8fdb0c558950fdc748f74eb94cf321f6b1e2557e98cdd0ac325,CLEAR,DARKNESS,UNKNOWN,IMPROPER BACKING,2.0,46.0,1.0,1.0
050214c197e992d8a14e1da9dcf481e8b9b16cda11713b696de6c5f5a6caed826a95858c8510b44aaba800fce4308dbd4c4659f0655e490bff0a1470d099d136,CLEAR,DAYLIGHT,DRY,IMPROPER BACKING,2.0,37.5,1.0,1.0
050246c4f19190f75d9f997c270bff1dc5992e10e1d7b766ee79442a8f00014fdd5f61e61681c523e793518bbaaa53543cf831560bdecca5929ebfa0ada4ba30,CLEAR,"DARKNESS, LIGHTED ROAD",DRY,DISTRACTION - FROM INSIDE VEHICLE,2.0,37.5,4.0,4.0
050254a828de9c2614a1ac77e11f254d71943d2417cbc7b36803cdf7e5edd3c4a68952625a850cec0b03b0744568ef94c6dc98e667fd0b4ffb62b586db5dceba,CLEAR,"DARKNESS, LIGHTED ROAD",DRY,IMPROPER OVERTAKING/PASSING,2.0,40.0,2.0,2.0
0502894a9fd54c77278359a9e38a852519740b6a78b332e8216ccf5f713dc91bd4b7d69c022110bcf7737dd033b325f3255784d7f85ef1e5f1fc2a21f1975541,CLEAR,DAYLIGHT,DRY,IMPROPER OVERTAKING/PASSING,2.0,67.0,1.0,1.0
0502a2333e1daea31c2fd5def98cc2326534e6fc7c0ef2ed7652c423f1a3b77968e157a5796a29c313567777e603f0098603c7c66256818ed33dc0db86d1a346,CLEAR,DAYLIGHT,DRY,FAILING TO REDUCE SPEED TO AVOID CRASH,2.0,31.0,2.0,2.0
0502e076bd50a64a8f6878d65c959b0cd589af3db1e72603e9da0851af7b325a34f41e4742f066ae334c9696d8b6322a4dfc2ee26fe5c70a3b268986a510520d,CLEAR,DAYLIGHT,DRY,DISREGARDING TRAFFIC SIGNALS,2.0,45.5,2.0,2.0
0502f20b747ffab3e47b74e726731fc562ad7fd3e0532bab89431be48cd92e92485c90694babd90ccd254cd212c998fec15c5d730f740019a5c6673bae0813aa,CLEAR,DAYLIGHT,DRY,IMPROPER BACKING,2.0,42.0,1.0,1.0
0503269e1e4b5c69aabd6770a4adfec8014665ba9cc3f6e2f0acee4803ae32cc6674972f60fa7fd9151119f6b8527c1ad81d813061618a7f7d8432445e138eeb,CLEAR,DAWN,DRY,IMPROPER BACKING,2.0,37.5,1.0,1.0
0503409dd2379e5859812656585e22e32c5d50a0f93eab6cbe824ffeda8e0e201b69e625df56035cad050213d3e4b20343087a8b2adab4994f3ce055e61a2bdb,CLEAR,DAYLIGHT,WET,"VISION OBSCURED (SIGNS, TREE LIMBS, BUILDINGS, ETC.)",2.0,70.0,2.0,2.0
050342506689e50e95c973e4f471f3ee3f2e6fb18a402daa9ec190e0ff7598a6eaff6b698382085876d5e3e8c87d4fd9c64b9ff351def2e8a39ce5b12925dc6c,CLEAR,"DARKNESS, LIGHTED ROAD",DRY,IMPROPER OVERTAKING/PASSING,2.0,27.0,2.0,2.0
050378d0ca56d17a64834d716fc499d1103871779567ad2451b98c3f1d12998a54aec0b5917462f5bf78fbd0320a05bd5ebcf0592fd3372f833ebb4876c38871,RAIN,"DARKNESS, LIGHTED ROAD",WET,FAILING TO YIELD RIGHT-OF-WAY,2.0,46.666666666666664,3.0,3.0
05037b6c240be23167b7ece6ed345d7669c3e683b6b63c11c11554d1f31544cd80597ed8fa5861df10d96bf18ac179f7363369e31b2aa46ab75540c75ec3b1cf,CLEAR,DAYLIGHT,DRY,FAILING TO YIELD RIGHT-OF-WAY,2.0,37.5,1.0,1.0
050404f0f89df4457dfeb5d3db35fec5ce53d41b43ef0d84b8cfa220bee6c207cdb659892e1010554d9bb92bc84ae6454a1fea8b5b7011e231c24fdd3ce1a0a4,CLEAR,DAYLIGHT,DRY,"VISION OBSCURED (SIGNS, TREE LIMBS, BUILDINGS, ETC.)",2.0,19.666666666666668,3.0,3.0
0504088e4c2362a03812e490994b4ee684892da5bce0c62c2c0d850fe840d79988033e648cea9d65b559ba0dd6b184214e5d3503466799a89f2108a827165aee,CLEAR,DAYLIGHT,DRY,FAILING TO YIELD RIGHT-OF-WAY,2.0,37.0,3.0,3.0
050416d0ebd1ad2b271a6b2763363c37e2eaed895df9150d68c799563540589bcbdf767feb24c7166f4a68f4967c3bc923017b5f16ee5b9ef0c2fcf6f610d560,CLEAR,DAYLIGHT,DRY,FOLLOWING TOO CLOSELY,2.0,19.0,3.0,3.0
05044fe497b44160c05f137970c47af80f86c268c82b8c119fb8c8a48e710079fbaf5a782ff93b6fb0a00ab9cfbd1ad16596035d74fd06ef7f7f7fd8b11f388e,CLEAR,DAYLIGHT,DRY,FAILING TO REDUCE SPEED TO AVOID CRASH,2.0,34.5,2.0,2.0
050462b4d678694415a2675e332b9865ade12e9cfea6cf82cdc852f17ce052ee5db3a6a2843ad0b352bde3c36de5cbbcc6f526f0421f261bf6a30de6b79bb37b,RAIN,DAYLIGHT,WET,IMPROPER TURNING/NO SIGNAL,2.0,40.5,2.0,2.0
0504922fe3bbec66b15e70c52f3e1b3aa31c21875ae27490009565f907e13ffd32fa6f9a909d81a45947a09469bfcdec3a0db6d08009efaba8bf4de7e318521b,CLEAR,DAYLIGHT,DRY,FAILING TO REDUCE SPEED TO AVOID CRASH,2.0,56.5,3.0,3.0
0504a1432ec901861cc1a3e6d0c49633c066284bd59e3f765bea9af56defb91469ffc9a7cb8b365b28f9e12bdce8fd8463b789e5b473345a851b6257db8ef26e,CLEAR,DAYLIGHT,DRY,FAILING TO YIELD RIGHT-OF-WAY,3.0,50.666666666666664,3.0,3.0
0504d86f1e8bebf97e30e5616ff7c8f481e514e09902b47bde176589e9ac6103eb7bc38a5fa2840e11de72b23301cbddca46962747c7fc225dc3f8458a39f983,CLEAR,"DARKNESS, LIGHTED ROAD",DRY,DISREGARDING TRAFFIC SIGNALS,1.0,37.333333333333336,3.0,3.0
0504e6328d07b1e7676bc42ccfe22f8529df1d131c03b9b2b3de8c75782227640fe2be53fe2faaaa94780db45c4a1e7c590b5bab8164e413d0fc52939e8e9458,CLEAR,"DARKNESS, LIGHTED ROAD",DRY,FAILING TO YIELD RIGHT-OF-WAY,2.0,65.0,2.0,2.0
0504ea25f1eaa3316d0c892398853bd3d4ffeef531f77adc7b1c9dec2cf7e552a2e8f0726aafc0a62e25b8f537a7ab4c4c962d6f8a4d563e9d6a6f9eb811465d,CLEAR,DAYLIGHT,DRY,IMPROPER OVERTAKING/PASSING,2.0,36.0,4.0,4.0
0504f6de86bfeac1e02ed993a61f4aea7cc0c0cda75396df8f6507af93c62741991597952fa22410a30fab299355fb0ce051b1726201838640b025ceb88363d3,RAIN,DAYLIGHT,WET,FOLLOWING TOO CLOSELY,2.0,37.5,2.0,2.0
050503b1917898b719cdb400dbc710501794c895c50e194334f66dfaacc95890f4b25859c0662071e53e8528003541d8f8c8041ebfbc224f1817848a62b576ee,CLEAR,"DARKNESS, LIGHTED ROAD",DRY,FAILING TO REDUCE SPEED TO AVOID CRASH,1.0,26.0,1.0,1.0
05052fcda84f78593fef04946a5c6c98f1263827d698dc92b5a3d7dcbbd184143c9893a4108d39b63371af89ce951fe84a93e5e0797119e04b2f5c824c9bc29f,OTHER,DARKNESS,DRY,IMPROPER BACKING,2.0,37.5,1.0,1.0
050533e7c978ddf3a3e6e0c3d9472e2199a5176bced5506f5a78cf96dd273e323aa1ff56f607fb0ea541a48800ec16a5bd77d1e79ab44d27428e0b7f65f14e03,CLEAR,DUSK,DRY,IMPROPER LANE USAGE,2.0,0.0,2.0,2.0
05053d25ea7e62e9705477eb339d89b8e3d0addbb4697f141d30961447f6cd3bedee4abd4775c9b538c5044e116d2f4395a3df733670dd31d226c8838d8a6356,CLEAR,DAYLIGHT,DRY,IMPROPER TURNING/NO SIGNAL,2.0,35.0,2.0,2.0
0505498b2b58b50312e8deda451e2270e8680c74b3084da86e92f5f86fc806a2879f5cf1e907dc5d469753efb927585a02edb82fe6a12c0d7f4ee0c298cd934c,CLEAR,"DARKNESS, LIGHTED ROAD",ICE,PHYSICAL CONDITION OF DRIVER,2.0,37.5,1.0,1.0
05058bda962139a45b27ead2ea937cf8162e173ba8b96099dd079b1b6b9a258e5479e5c20e616a4214546b2d230b41d4c1acfd6701d1c464ff8180e969fda8b7,CLOUDY/OVERCAST,DAYLIGHT,WET,IMPROPER OVERTAKING/PASSING,2.0,37.0,2.0,2.0
05058f87b372b6e4d217e52d4601751c95bbb07d38bcb5f16edec40f0732f3ab26c873936898b52821a55b01688e770a7a8ed0c7847b8e97904cd03702ae3939,CLEAR,DAYLIGHT,DRY,IMPROPER BACKING,2.0,62.0,1.0,1.0
0505ab832385d29809e3109d2df606033124be80146b5194ba89a911c485f248f6a4267a4acbe2c85a2fac3198433196cb4c5da00536961cb7044cb1b958800f,CLEAR,DAYLIGHT,DRY,IMPROPER TURNING/NO SIGNAL,2.0,25.666666666666668,4.0,4.0
0505b1cb96d5a966f4644fdab4547046f69fc888ca9ecc81cedad5429ec5d36490aac05353b5889ef01933e2d4076c2cbd47e81070100ac50db7b62541473a9a,CLEAR,DAYLIGHT,DRY,DRIVING SKILLS/KNOWLEDGE/EXPERIENCE,2.0,16.333333333333332,3.0,3.0
0505ece4137aba60c6be62c51c785e0d0cf0d22186f928337b45ca9f23cd9f9d56ff00e487b8785e209ec12e1c097943221c6c5f446003734bba3f19833069e9,CLEAR,DAYLIGHT,DRY,FOLLOWING TOO CLOSELY,3.0,32.333333333333336,4.0,4.0
0505fd4d2030067c8ea40a36a91bce966194e1be0e583b2a1b77edb8643dc96e30aff5c419e859a49ff857f6911678e413d8cb1b8419c05d7d6273fa8b5b2dce,CLEAR,DARKNESS,DRY,IMPROPER BACKING,2.0,41.0,2.0,2.0
05062716788ce1256bf7d34d833a65dd128a22fc3bc23f592631a802c339c30574991069af1aa71ce75e42ff8b34263f5fb52312144a89233890d376beac1f60,RAIN,DAWN,WET,DRIVING ON WRONG SIDE/WRONG WAY,2.0,26.5,3.0,3.0
0506303f32b09a728535af7adb3e8e3c3338634d1e9b3649c8b7328e7724c484c54188c8a0f72238a610cc447c7e3b3974a6d21a399333d40f7724eb0cce0e85,CLEAR,DAYLIGHT,DRY,FOLLOWING TOO CLOSELY,2.0,37.0,2.0,2.0
050653a86adc8f0639240d4346053b71d3cfb129a6e38586cb2835ab07bfbf18a532c471a960f14d50efbacebf8fe8c7a8032c90837a7e0abe21925769cfeb47,CLEAR,DAYLIGHT,DRY,IMPROPER BACKING,2.0,31.0,2.0,2.0
05067cdc9068f581b3ce2e34e425716d0adc653dd843a8859b6f094db67b02ba348f9a2d2c56fdc194553b8bc36288fb38abada43d7efc49aaf704a065218329,CLOUDY/OVERCAST,DUSK,WET,IMPROPER TURNING/NO SIGNAL,2.0,29.0,1.0,1.0
0506ad331523ce1a036f3cafcbd8670520d33761694250b8a5cb9b74c2fb0aea2590c4985ac1da083dbd6a03256b9c1d0c5ef6b33381e60038f19aa27df45026,CLEAR,DAYLIGHT,DRY,IMPROPER OVERTAKING/PASSING,2.0,20.0,3.0,3.0
0506b41034f2d5240821d1d49c08dccb63c9b99b114d5c6fe3c8528bae75c58845cab75ccd6afd4ddee6745163e27cd679fe14655325d17f1835f2c6127cb937,CLEAR,DAYLIGHT,DRY,DRIVING SKILLS/KNOWLEDGE/EXPERIENCE,2.0,21.0,2.0,2.0
0506b5c2a98ac7010dc6388c9d30453f565bf7be06d208f1528a80fc7a28772bb325530001e651417998fe48aec9a989d09a97c52f8b60536e73a1e323ec3368,CLEAR,"DARKNESS, LIGHTED ROAD",DRY,DISREGARDING STOP SIGN,2.0,42.0,2.0,2.0
0506d565655e24acff251fc5befe080b424dc93af36e4c657ddeb5650d4b31423d7285d6c212055aaf50aec3d6d512f71ef4f56a4dfd0518171846b0039fb46d,CLEAR,DAWN,DRY,FAILING TO YIELD RIGHT-OF-WAY,2.0,51.0,2.0,2.0
0506eeb8de8ff2ab4b2314dec55d74d718244f3d20848f0d8f35c82abce9734052f5afa8bafee8274410e28c2c35e4fff9b1326887b7f4b4b93a1b8d4699e9fb,UNKNOWN,UNKNOWN,UNKNOWN,FAILING TO REDUCE SPEED TO AVOID CRASH,2.0,31.0,3.0,3.0
0506f1f1b4b947460bf045e1304a5540951961db2fab5b141d8c4f8257f73b43eda1064762cf0b5f2c9f90bfec4296cf1feb6cd0134679531eeb07d6ffc07ec8,CLEAR,DAYLIGHT,DRY,FAILING TO YIELD RIGHT-OF-WAY,2.0,42.0,2.0,2.0
050787d8c8c00637bf7098b23fd3e9d758f16f948af18ae80d3b5016237fa5359d241e9e5ff4b3968ab2724a89095683b95bd0d1967c046d87afd0b4c52f0107,CLEAR,DAYLIGHT,DRY,FAILING TO YIELD RIGHT-OF-WAY,2.0,19.0,2.0,2.0
0507c11941aa44248dec19b52efd72906f4679a5f3d3595772f6bc085f73fa855a528f69e1f14a11d1eeb8075e2ebeab417f6bf32839639d910eb58615969f7f,CLEAR,"DARKNESS, LIGHTED ROAD",DRY,FAILING TO YIELD RIGHT-OF-WAY,2.0,23.666666666666668,3.0,3.0
0507c7c8839c5c6561cddb62261b1b4f47dc198c4f8fe213eba6bd9f7f45e7e525638bb583f748644f184dec7c0ceb355cdce4f89a60e0cc3fda1037915ab80a,RAIN,DAYLIGHT,WET,FAILING TO YIELD RIGHT-OF-WAY,2.0,30.5,2.0,2.0
0507d04964038595bd4b93f32b93d1792c8b712a1d9835977d639a2dd842011f7b87cd9eb3571157dc92c768a9b4df11d96260c90836479c9a6ed863b0217d5c,CLEAR,DAYLIGHT,DRY,IMPROPER OVERTAKING/PASSING,2.0,15.666666666666666,4.0,4.0
0507db816721802e2f1c8cb50fb4d16497149899c401d14a66810da2da3c48c23e561eea07e0fcf56b22464b6fc9a0a37762b316c0091fe75fba2ff992e1eafb,CLEAR,DAYLIGHT,DRY,FAILING TO REDUCE SPEED TO AVOID CRASH,2.0,23.5,2.0,2.0
0507dd75372046f7e919ff03dd0a48a950152021d1b6122b689731ea2af31b880ef19b3fcac9f1b92d4e72d5d00c054fd0fccd83b520433c67cff677d3e27e65,CLEAR,DAYLIGHT,DRY,IMPROPER OVERTAKING/PASSING,3.0,29.0,3.0,3.0
0507fe87ba62ec2570220c322fabc6b7ffa566670cec4f5554013006098c8245e158cfb20af472d08b1096b3aad989812b2032d4222864dd1564cd8e24e6dea3,CLEAR,"DARKNESS, LIGHTED ROAD",DRY,DISREGARDING STOP SIGN,2.0,31.0,3.0,3.0
05081e18655dbbea574cc2d1e39e4ac8d3f8f104ea7ebdb3666c9e5c35d28e775cca61ad3cc0ac4a30d99db1a6cc48fcbdf371688e631c2594fe3c417d760b1d,CLEAR,DAYLIGHT,DRY,FAILING TO YIELD RIGHT-OF-WAY,1.0,27.0,2.0,2.0
05084db429c5f747be4e200542161a57caa03a455005595c57fb6705a5a768148c16ccb86fc918bddee996c3b7e77437a78611601db3f78cdae3235f163ab96a,CLEAR,DAYLIGHT,DRY,FAILING TO YIELD RIGHT-OF-WAY,2.0,41.5,2.0,2.0
0508607f78522f0bfccda4f276922af306fdc13be54551db4987f30d7073116ee01e998daeee0034acd4ef51ae6f0e8c9902854d70f21fa699f50d09e07af876,CLEAR,DAYLIGHT,DRY,FOLLOWING TOO CLOSELY,2.0,18.666666666666668,3.0,3.0
05090a03306a99f4367648a9ac1d27d61df482346145c01daa7e61a742628fcc14969a4cb97217c373fcc597c5f3661ccb8d14a855db7cc7122ece97d0590340,CLOUDY/OVERCAST,"DARKNESS, LIGHTED ROAD",DRY,IMPROPER BACKING,2.0,25.0,3.0,3.0
0509333006b1499bb2108e0127f0c675cfc9c7d72ae63d57b8497243711ef8b81f2fb5c5bfdd302e2dcd9de4800fcf72ccc57632f7edc111c3b8043d0f110193,CLEAR,"DARKNESS, LIGHTED ROAD",DRY,DRIVING ON WRONG SIDE/WRONG WAY,1.0,28.4,5.0,5.0
05094db0ecda574de8a213bf3105d979f8d2d4d280302da4b2cffd9efb8dd0e973fea017d4c7eee4934a3f60814490ebd4ac0694a6478948d631ebddd5e69c49,CLEAR,"DARKNESS, LIGHTED ROAD",DRY,IMPROPER LANE USAGE,2.0,0.0,4.0,4.0
05096f79d1486ce2dad1187fa255ebf13eb380461ae03f6c0d5a7c62de3c36abca6954269acb6834d36514ad16f21a31d76d10fbe8919f33905f7a205c9c931d,CLEAR,DAYLIGHT,DRY,FAILING TO REDUCE SPEED TO AVOID CRASH,2.0,60.0,2.0,2.0
05099f8b863c9daf600ab54c9aa4bbc449badd7f4debf981d0831f50485c07583e19d733d5a8a358d319d831aace8d87ff6dbf4f0fc73bfcd1796e03972faa4f,CLEAR,DUSK,DRY,IMPROPER BACKING,2.0,46.0,2.0,2.0
0509b2bf6be9ba55073e08f3ef641b8491e50aa98a63d691236e6b821f52caea829c169c18110af7c4a69ec00dbcc2f311adaa12d5a93118ee3bcf6223543d32,CLEAR,DAYLIGHT,DRY,FAILING TO YIELD RIGHT-OF-WAY,2.0,54.666666666666664,3.0,3.0
0509c759229748df8923d13d200c1f919ead10c62396712a1c035535243c2d476d7391d03552cc93b5feab6fed0382c300e49d609de05741e10138a38b167270,CLOUDY/OVERCAST,DAYLIGHT,WET,FOLLOWING TOO CLOSELY,2.0,44.5,2.0,2.0
0509c876fd0005f1e7ecb73691ab551a27d95b018b8e7f6cc6692e340f3b94e5098f2887b8c9e768689a64dbd3267b853b3060728fcbae8baca861ca0ac6fc31,CLEAR,DAYLIGHT,DRY,FAILING TO YIELD RIGHT-OF-WAY,2.0,1.0,2.0,2.0
0509d97fd4dda93939738bf476c0d9ed6628cb7e4036747ed4fbdb47f6baaad784beed6be206d0514d2c0f10cfb07028f9ff36b7bfb0d5a637fc2926a805cdb3,UNKNOWN,DAWN,WET,IMPROPER BACKING,2.0,58.0,3.0,3.0
0509ebd7887d0a2f950cc3d745210057b30c609ae9bde267ff72c9bf7ef68b940ff437e36375bbebef38a07cbe494c3d6f04d43d2dd8193dbe3679106a01d0c7,CLEAR,DAYLIGHT,WET,FAILING TO YIELD RIGHT-OF-WAY,2.0,58.5,4.0,4.0
0509f772fb5519a447231bf245230141f7ccf5bfd11c7c1a6871133842878f5a1bc4920e1dd4e5c44aa75915ee3a47fc2b0f5e115b1f0ed596829b58e532f50c,SNOW,DARKNESS,SNOW OR SLUSH,WEATHER,2.0,25.0,1.0,1.0
050a04ef98b19ff438c81e7439e4c08c317d2a18648e3526ec03e2364f7305d3f401244c69ce851deb609464c36253fe680e2a24fb8454c91b1763fac4880def,CLEAR,DAYLIGHT,DRY,FAILING TO YIELD RIGHT-OF-WAY,2.0,20.0,3.0,3.0
050a0f1e8fc27b0dcc428b5ef186ef59cf7e71bb99657cf46c22082c6883c26525a087ce7e147b18f09d9484b761c854ad936c4f818e894d322f68c5a9e96095,CLEAR,DAYLIGHT,DRY,FAILING TO YIELD RIGHT-OF-WAY,2.0,42.0,2.0,2.0
050a3fc980de1b5ff8fbbe302b26250cebd55413621f4c5046d0e1b32f1f9d0c70e267314cf2840256169a393f9435b78ae8a2ebab3b093d0f1df177c54173cd,SNOW,DAYLIGHT,SNOW OR SLUSH,WEATHER,2.0,39.5,2.0,2.0
050a74411b0028964da5cfdfc557facf87bae1b65fc71e6f35ef2e38cf5c7b2887175a7b43dcbde09d29f164dc7d8a32964c7ec1bcff1a4f6db224c58dbf134b,CLEAR,DAYLIGHT,WET,FOLLOWING TOO CLOSELY,2.0,38.5,3.0,3.0