crash_record_id,weather_condition,lighting_condition,roadway_surface_cond,prim_contributory_cause,total_vehicles,avg_driver_age,total_people,total_injured
050a79ce6af2c69a45536cf0777883bffc9bafcf766276c2bc89a3b73b01c83c6e1aac0ecb2e1ef45b28d7f85a567585e591dcd141907729d670c3dd605048ec,CLEAR,"DARKNESS, LIGHTED ROAD",DRY,FAILING TO YIELD RIGHT-OF-WAY,2.0,53.0,4.0,4.0
050aeaa74a5bfe7b6b5073e9fdc2ce50e5fb4c37c8b71474153e1120eaee75ab134a1e4a8fdaade1c6f10d8f444352f0d9ca71ac688c11a289c698e2068f5015,SNOW,DAYLIGHT,SNOW OR SLUSH,IMPROPER OVERTAKING/PASSING,2.0,55.5,2.0,2.0
050af5283efecf4b93932ef2083756ec0f87a73aa9ab9d9f17dfda87411030076e5ec2806efb3c3eb304011b63164ec11a80adcf2d31606bc2611173b24dc0a8,RAIN,UNKNOWN,WET,"EVASIVE ACTION DUE TO ANIMAL, OBJECT, NONMOTORIST",2.0,37.5,1.0,1.0
050afdb12a7d37384db941b2f13ac3e493a0e38ea41791167b7d903f394ff8e26322495cf437fbf1d37f13676ee15e0c6126247cbb1d6ce27cf1027d9b5de909,CLEAR,DAYLIGHT,DRY,FAILING TO YIELD RIGHT-OF-WAY,2.0,75.0,2.0,2.0
050b59f4a3c000f7f597224a282d7e3c1bc0b987c38ba3b3f9f93a8769f5ac63bfb032fcbd0e2da5dcee7dc31b3bb4d3541ad48d308d260fcef8157198f2ebfc,CLEAR,DAYLIGHT,DRY,FAILING TO REDUCE SPEED TO AVOID CRASH,2.0,43.0,2.0,2.0
050b7a25f6667ee637cb73b4a71dffbff39d5704f01b6bedc14b752b0165859ea2ac22117de3a6df3814fce5ea94682bb3038d61806f41b46b2fd5a1d78f2668,CLEAR,DAYLIGHT,DRY,IMPROPER BACKING,2.0,25.0,2.0,2.0
050b8cd616a0bbe8f23423e34097c71f975b627666eb3a82ec87f0e0fb2ebf38cd2d74cba7c85440de8ec9c138c696e68c2a31b1eebac64bd5f09e4b3d0dcd82,CLEAR,"DARKNESS, LIGHTED ROAD",DRY,IMPROPER TURNING/NO SIGNAL,2.0,0.0,2.0,2.0
050b98d200342a91cf0a33b2a14bc61c6c2ee105854f4c1fddfb377114ca1a8f4fcad26b6dc9527612ae8d3b247e81e43c2dbe693e4fd6557a65ca20dec138ff,CLEAR,"DARKNESS, LIGHTED ROAD",DRY,CELL PHONE USE OTHER THAN TEXTING,1.0,21.0,2.0,2.0
050ba86a98925bd138a9627a5e1bf8dea6f1ffd5f80b301ecdacb7f10f59dbc9022ab97ac16495c75aea6f32c6f3d341460d98715bd4ab4708e7e6883769d326,CLEAR,DAYLIGHT,DRY,DISREGARDING TRAFFIC SIGNALS,2.0,47.0,2.0,2.0
050bc87c1056de46684b8ad812dccaa5cbf7067541c121a4ad5c950a601372815c34745f3d2cb0c6c7d6cb4c771e0aa3abb0d47e88d020954eb059661bed50da,CLEAR,DAYLIGHT,DRY,FOLLOWING TOO CLOSELY,2.0,61.0,2.0,2.0
050bcce6d5394bffa57e8299260782c8cfa5480574278b0784367a1e6862d05a251a8050ea8c0d48caa39df70d7d17cee7eddcccd116f2fe38d5fa83b7a5b602,CLEAR,DUSK,DRY,FOLLOWING TOO CLOSELY,3.0,41.8,5.0,5.0
050bd3f7c24f9f5d2769ab2f4d591174b8cbf2b62afe188be43d857549eecfa5a9f2af1402361a3d682aa0685a803944396d1cd5fa1e88114feb3249e68d94df,CLEAR,DAYLIGHT,DRY,FOLLOWING TOO CLOSELY,2.0,47.5,2.0,2.0
050bde970cfef51ea78f6bf0d5c9cba031e6dad55c3c18da3d226bffa3bd442dc5e093e8e735b009b64746bb70fd210e6d68f753cff9c9382ca3e9236529d8b2,CLEAR,DAYLIGHT,DRY,FAILING TO YIELD RIGHT-OF-WAY,2.0,48.0,2.0,2.0
050bfc126b6bed167e6a1a8df0a7c2959f061fb53c644e3be13f6eaac412c2353f6c1adb065a1705e967f6c8630875f220c9830038c21685ced4f0a0c464a91d,CLEAR,"DARKNESS, LIGHTED ROAD",DRY,CELL PHONE USE OTHER THAN TEXTING,2.0,20.0,1.0,1.0
050c0db421831109aee60b83d5d7b002e81f8d937b33e21702117990ae0d88399576b9033a5d6af95b799674b2a6b1f8d7428f5516e731eb482846e6da1f8e62,CLEAR,DAYLIGHT,DRY,"VISION OBSCURED (SIGNS, TREE LIMBS, BUILDINGS, ETC.)",2.0,24.5,2.0,2.0
050c3337a4099637d69a65125882714026fe01eea0f235ae7cdb9fe88db57a2fa58746b905be0e4557524e3074f15020797808d4752a7aa7a497e69b20add103,CLEAR,DAYLIGHT,UNKNOWN,FAILING TO YIELD RIGHT-OF-WAY,2.0,18.5,2.0,2.0
050c6904c7ae52fd35111050c9642242d8062ddb04e14249b0db4d012383f964a732a199a7711bf638c636b4e3c42bde6558e57387ee398a657688b2a488dd00,CLEAR,DAYLIGHT,UNKNOWN,TURNING RIGHT ON RED,2.0,28.0,2.0,2.0
050c8498291fc55ac7d8098d03e00ef293320488d703515d4a51c82fa13ca1440f94ed82ffe4651824ab2340b8b02f76dc08ce9e864fac24e50204d0f4463e33,CLEAR,DAYLIGHT,DRY,FAILING TO YIELD RIGHT-OF-WAY,1.0,36.0,2.0,2.0
050ca09c5bea1e2e7ea4b987f5f68acdc96479623346fa21cc675285983b5a12c1be7b99e156472bc921b9222ea9dc90b7c845bb6d521f67280b7ce0bd597991,CLEAR,DAYLIGHT,DRY,FAILING TO YIELD RIGHT-OF-WAY,1.0,53.0,2.0,2.0
050cadfc87a9d2350be0d9dd6d8136d18c6448865344198d837ce5ac52921f8d1854c5080e6df7932b551d4e07ca5fa8db65b9e4b60c20221590a8aa0b06d13e,CLEAR,"DARKNESS, LIGHTED ROAD",DRY,FAILING TO YIELD RIGHT-OF-WAY,2.0,28.0,3.0,3.0
050cb4ae69c662ba94d34297f127417ab3927587902466282b707437ffad50995ccdd402668b797f4157f5a4173c2d17d4cf4a0c25f130b2e264a13d899fa9c1,CLEAR,DAYLIGHT,DRY,IMPROPER BACKING,2.0,37.5,1.0,1.0
050cfa633bd3c7c3e4922bc41ff6464d1248d6c4221eebd4881fbfdd0bf8c078dd934db2ceb09e01ec462e16484c5f94e0bb4a86ad901906307179cf1422d667,RAIN,DAYLIGHT,WET,FOLLOWING TOO CLOSELY,2.0,42.0,2.0,2.0
050d22cdd5a1dc5082b32b80bb34d824b4fa5273014ca3111a25ca9ff76db8d46b7a95333ac38070345c224e116eda2c53ea448c2abd9a41ec99c30b7aa40702,CLEAR,DAYLIGHT,SNOW OR SLUSH,FAILING TO REDUCE SPEED TO AVOID CRASH,2.0,26.0,2.0,2.0
050d2dcdd38ade3d14008b985cb75aa0f13d3fc52bd8d7fbf02bbf291216973b5d59ad96a65e4200f051adb8e8862cf435239e8a50868e6264a0b28560cd2f88,CLEAR,DAYLIGHT,DRY,"VISION OBSCURED (SIGNS, TREE LIMBS, BUILDINGS, ETC.)",2.0,36.0,2.0,2.0
050d61fc47477da0438d47bb98ceac7761d6951c31553513d582d0b2e950e797a29905d86c38bd705e400ad37659b2b458a1896a7c77db6e9ebefdae0c86f34e,CLEAR,DAYLIGHT,DRY,DISTRACTION - FROM INSIDE VEHICLE,2.0,46.0,4.0,4.0
050d6f808cb703437ce4ddeda30e008fa6ba8b0450bede7138f077d11538f95610c685e56bcda6695e7f076b5d1d23484cd8ae1f260290187da1d13eb1a76508,CLEAR,DAYLIGHT,DRY,"OPERATING VEHICLE IN ERRATIC, RECKLESS, CARELESS, NEGLIGENT OR AGGRESSIVE MANNER",1.0,28.0,2.0,2.0
050d7f5c20abb5c589a4e96b120c2462d1e8ea527501a8cf2f47f8c9a3df04c90ac53e9d1435caf60f18772568ada1482fddac34f470ed3e46d50595f28dbf1d,UNKNOWN,DAYLIGHT,UNKNOWN,IMPROPER BACKING,2.0,40.0,2.0,2.0
050daf828a318d70fb9fd61208872236e980dfead192577c862a860124cde4addc6283d4c5da4081a40959291252b3f6487e0bbada6dca7a3c6ee3facf44072e,RAIN,"DARKNESS, LIGHTED ROAD",WET,IMPROPER OVERTAKING/PASSING,4.0,34.0,4.0,4.0
050db986a3e1c51e9d232399108f141a1bb50d53e83f5e32230e5853d5ae9ae39b44d630feab6e080ac4efb408c553e4a4e096f9df72b2d5820df8d2066ff76a,CLEAR,DAYLIGHT,DRY,FAILING TO YIELD RIGHT-OF-WAY,2.0,19.0,4.0,4.0
050dd29a4e7e5d7d8f8ce7d5a0271b01946a85906e8e3fec5961adea419c1928f9379efef5dd6808c6461df1e0d7c0cc528e0a5dc83c125f4259667d12159209,RAIN,DAYLIGHT,WET,WEATHER,2.0,69.0,1.0,1.0
050dd697b323dbcfc6159e19024b141310c22294544d0f4616613e893e925ca38b0385b813e935c3b3d0083c50552787271bc409199cb5bf740f843439edf45c,CLEAR,DAYLIGHT,WET,FAILING TO YIELD RIGHT-OF-WAY,2.0,37.5,2.0,2.0
050dd95da859bd0d4f4dc2e589e44abcfbd980f6b7545bf16c525a3634b867bfc3642192610f4849c2c3645668ce16619998b7dff19695d62aea81b1528e68ed,CLEAR,"DARKNESS, LIGHTED ROAD",DRY,FAILING TO YIELD RIGHT-OF-WAY,2.0,40.5,3.0,3.0
050e43da9df2af49ed11a0330dfc17ae49f134048f91f93c7909c51b982bdf975c06c3d831b7597fe0bf3c941aa7395e495e57573fcb5380fd68b2eadc81edd3,CLEAR,"DARKNESS, LIGHTED ROAD",DRY,DISREGARDING ROAD MARKINGS,1.0,27.0,1.0,1.0
050e56c7cd67d86fab212f28dd9a8cd3fd5193b47e508bd2e139adfdc90435426b871673fc263ebcf5fc06a3aeccc443e0c16880cb5405cc0315b0db946b398d,CLEAR,DAYLIGHT,DRY,FAILING TO YIELD RIGHT-OF-WAY,1.0,19.0,2.0,2.0
050e708d4dac842c613637e48cd7a4c5eaa1bdd7d3cb59c2d6798b2358133b831b30175ba9fee89a54eb1f133f6f47f12a4643826dfdf27efe19a0feb374fe7f,CLEAR,DAYLIGHT,DRY,FAILING TO YIELD RIGHT-OF-WAY,2.0,40.0,3.0,3.0
050e8b4e18e2e14166b9a0e543311569b26d6c8bd3fe0efa21fb1842c2228be1990ef0864e93933e322d3ef31a103045c8fe5ca4e15f1e91e8ab5fc0e6c03269,CLEAR,UNKNOWN,DRY,PHYSICAL CONDITION OF DRIVER,2.0,16.5,2.0,2.0
050ea3a2313a5d9789457881ffaee788c86fe4770e65b8a3960b7aeeccfc9dc9e6f31b70b377fa152fb32ebcd162469cbb1a8cd48e8f4540e210e4b7a8b2043e,CLEAR,DAYLIGHT,DRY,FAILING TO YIELD RIGHT-OF-WAY,2.0,14.0,6.0,6.0
050eabd5dfe19be6d79cf89c8e8d588139c50477eec8738b780cb942d8911c2f9fc8109f2d537095d38e03b3f074bc2efcbda08d9ca73ac38860cbb20e33d4ef,CLEAR,DAYLIGHT,DRY,IMPROPER OVERTAKING/PASSING,2.0,33.0,1.0,1.0
050ec9ce46e83aa7f5181ad3a1c4a6b2359583f6f581cae1cc0db4ada9d7ecce92f5990a146dd6539c867537ff9669da11cb0a03cd7aec957da1153c2cbfeb5e,RAIN,DAYLIGHT,WET,IMPROPER OVERTAKING/PASSING,2.0,37.5,1.0,1.0
050ed4cc3e5cd98fd7a2c7080ef20fbe42c9d9dd1487651505a03580786a00dc93b8d62aaf0b1b16576fc7d8900a19668cb9b358342d5b349e7fd0fd1ab6f342,CLEAR,DAYLIGHT,DRY,FOLLOWING TOO CLOSELY,2.0,46.0,2.0,2.0
050ef6b074bdf0722eaa498ebc2d3f0aca4ae5449b20253ecd35290b2de39efc49b8ece9aee35633bd42e445132c35f68a8fa1b0d08387c6a229f29ef8d96eee,CLEAR,DAYLIGHT,DRY,FAILING TO YIELD RIGHT-OF-WAY,2.0,44.5,2.0,2.0
050f1c887c037b44aa75f782ae6cfc87bc3760c1bfacfc97e0cca280a8bff4e379640236137b4d3a8cdf0f4cc8b94d8ad34dd5d87852f2b2af34d10708e0424c,SNOW,DAYLIGHT,WET,FOLLOWING TOO CLOSELY,2.0,37.0,2.0,2.0
050f2478fcf5583bea01b6c0b482093b0391ff7012134b3b0c7a03128cbd995bada7f45164f55a0be26fc078afd7219845ccef0a784c039a233f149079d03e6f,RAIN,"DARKNESS, LIGHTED ROAD",WET,IMPROPER LANE USAGE,2.0,44.5,2.0,2.0
050f2a1894bc63885523ea3215ba519613b2bab732454fdd3e59893eb182754bc3be1c0701e2f5f186a72141286955fa8e17a6f2153cf02bf771f900f1ef0cd9,CLEAR,DAYLIGHT,DRY,FOLLOWING TOO CLOSELY,3.0,36.4,5.0,5.0
050f38ef53c006323e5a381a5aaf6db81e307ccfd60abd98decd9bf4916ac5d78a86ddeda6b360f3ad38c1783ed917692ace1766ba4720f1a5d5b6d1415bfcce,CLEAR,DAWN,DRY,FAILING TO YIELD RIGHT-OF-WAY,2.0,36.5,2.0,2.0
050f64c45e6f587d1bf68fbe3b94a969e811348bb534266b62465d1d3fbb286ff2b97e6fa4c1a3478e3a0eab207ede6127d5a32707bfeb79626616e094050dea,CLEAR,DAYLIGHT,DRY,IMPROPER OVERTAKING/PASSING,2.0,43.0,2.0,2.0
05102068cfc9577c30db65d49dc132e06e336f672e554d03e84cf40c728f12347aa13493e2812ab3590d2149e2125cb403fabcfb5c8b5cadf5840328b2648eb4,CLEAR,DAYLIGHT,DRY,FOLLOWING TOO CLOSELY,2.0,25.0,2.0,2.0
05104ff5caecdf80c8cb29fb4e55265c8e15240c6723c1cc23e27ea13de713d9e0c44525acfd2e61a239383b0e0996935523fccd6f2615cf18c02d9c0d14a39a,CLEAR,DAYLIGHT,DRY,FAILING TO REDUCE SPEED TO AVOID CRASH,2.0,43.0,2.0,2.0
0510607ad7ff4523f7be5e6ce1c26cdf7afa382750266e1b33c7d2bfb22b0edfba49c1ff84349749bde6c3aa27809ce54813215a2a94e6315d6b765625189456,CLEAR,"DARKNESS, LIGHTED ROAD",DRY,FAILING TO REDUCE SPEED TO AVOID CRASH,2.0,28.25,4.0,4.0
05106e528d5a4a97329811a40405a3064d1f8f5a93285df8b286d7e50867e69efe56a724f79ecc050c04bf4e18cc2cad2fe6edc768a1ba3e6d1a46432374565b,CLEAR,DAYLIGHT,DRY,DISTRACTION - FROM INSIDE VEHICLE,2.0,31.5,4.0,4.0
051095b548e2fdaa559afce4ad5bc66d46dc48e9b8de4580ce3da1ff93eafbbf9ed14410b43a66d9879b9addda7b80677d2e05c93db51e64af9e8c46cebdd32c,CLEAR,DAYLIGHT,DRY,DISREGARDING OTHER TRAFFIC SIGNS,1.0,28.0,1.0,1.0
051098aad9ace461fbbeae2f8e068839e46c5aa3e2800aec9b36755aeafafc60baca6fe49102d9d8a1b622cfa80f3f517441ec58ea66326a0b52bf53b8d5708f,RAIN,"DARKNESS, LIGHTED ROAD",WET,IMPROPER BACKING,2.0,53.0,1.0,1.0
0510e5778680dce2f761e1272c8a0f37b008832fc39cd2408301b14a357ccee4e144954052789da6e859774ece8028e2e1639ae97589d8fc9d93a74a8f759cf0,CLEAR,DAYLIGHT,DRY,FOLLOWING TOO CLOSELY,3.0,25.142857142857142,7.0,7.0
05111b396fa3fcd5dca1003d4fcc8077896d1ba6af2333ba749e208e4b5eb147c498fd58d2a8080bb5786d0b4514e021f1f13672d94a50b3c634c5802a4eb885,CLEAR,"DARKNESS, LIGHTED ROAD",DRY,FAILING TO YIELD RIGHT-OF-WAY,2.0,26.0,3.0,3.0
05118b063e3cff8754259d50bd39e5cefd510c2e3192f8d812e768bda9512fbc0dabb5e67d121bfa3890602744c10dc75eaaf86466eb735b06d7f570fbda511b,CLEAR,DAYLIGHT,UNKNOWN,FOLLOWING TOO CLOSELY,2.0,32.0,3.0,3.0
05119f53ffae379cc9be195bb2e01865b32a6befd138d5a77a733350b7c3bad778b435f07f5c1c1fc6985d298b179d6618455aa65228c63cdc134dc2fad64275,CLEAR,DAYLIGHT,DRY,FAILING TO YIELD RIGHT-OF-WAY,3.0,46.0,4.0,4.0
0511b183763165255e0058298e15f7bf413c541203f3769236f4ac78c88219022f25b2beba226f9d5b9b59965a25a36ea031caa1c64d66090d36ab59b0b4224a,RAIN,DAYLIGHT,WET,FAILING TO YIELD RIGHT-OF-WAY,2.0,22.0,2.0,2.0
0511c024d7a0fd4cf825287d7007ab8ddbe8d744b52ba46c3077e86b5f92131bcaab71ef6beca9a8f2d96cc1ca283ff585fff4d8bdd80167cbfaee1f3c6b189f,CLEAR,"DARKNESS, LIGHTED ROAD",DRY,IMPROPER TURNING/NO SIGNAL,2.0,37.5,1.0,1.0
0511d2745e57262e1753e6d3be756a097772f59a73eb414974f6aaf1058de8862099e9010f494b644e7aa889fc61173ded5b0c92f050d2bb81d652ecb43a0de8,CLEAR,DAYLIGHT,DRY,IMPROPER OVERTAKING/PASSING,2.0,45.0,2.0,2.0
05120c5df5809b69d7d17a6280cfa061883d4fcc4069867e04381da409c8c0da969e5757b3b2d81fe6d819549a1b7beed8f00a185c913aa8ae3da8dea90bb523,SNOW,"DARKNESS, LIGHTED ROAD",SNOW OR SLUSH,FAILING TO REDUCE SPEED TO AVOID CRASH,2.0,51.0,2.0,2.0
05121ec604d108955d9455d88e637f425dfacae01afe5d292682e140dc9c502b5502ad59648b4f08cb3b0e544cc9f1aa28427f9ce6ad984149f62f59ddbb08ec,CLEAR,DAYLIGHT,DRY,"OPERATING VEHICLE IN ERRATIC, RECKLESS, CARELESS, NEGLIGENT OR AGGRESSIVE MANNER",1.0,59.0,2.0,2.0
051236aa361b554494050c2adb6aafbc7b489f943e86cba4a09125d8c3658527d5f8d50e39e3b68f98cff059209c7e4cdcef68e0d22d13ebde8134df8730d038,CLEAR,DAYLIGHT,DRY,FOLLOWING TOO CLOSELY,2.0,37.5,2.0,2.0
0512415e0934d02b05352690d88c1fb356010a2b5001b08486d240fa9c745ffbd4df354c58b95a097e81779f18045e8fb833f07cfcdc42362915f210ca40fc6b,CLEAR,DAYLIGHT,DRY,FAILING TO YIELD RIGHT-OF-WAY,2.0,49.666666666666664,3.0,3.0
051247eaa879cf6917ce2ca887a16573d96323cfbb290c63dec2d856213cf41da11f1a3a55ccc8fd4177dd5740c41f0c79406d38ecd6b56c060f1865e23ed1a5,CLEAR,"DARKNESS, LIGHTED ROAD",DRY,FOLLOWING TOO CLOSELY,2.0,44.0,1.0,1.0
051276a37c3859e19bc20d45d98a0c83d6723d2c40bc44c52059f362a1c46693d11f6942fccd516b92512d657220c1e322af0575f03bde11425c55748bc43b00,CLEAR,DAYLIGHT,DRY,FOLLOWING TOO CLOSELY,2.0,59.0,2.0,2.0
05127837bf26df263b574ec90a89f6af7d3f719a13a5b71e552768b92d875fed49415e37c647c37428e3b1ad3fb0150331e952e0354c7c5bd4451daef7b5868a,RAIN,"DARKNESS, LIGHTED ROAD",WET,UNDER THE INFLUENCE OF ALCOHOL/DRUGS (USE WHEN ARREST IS EFFECTED),1.0,38.0,1.0,1.0
05127fb5dd4cc7348082ea3155db07f5f2e5b97aa1b493b1b046cf0f57d8f2993c6c345f900797abb0e77ad5effa5a4678a2013741a414e47da121b0a25a8e26,CLEAR,DAYLIGHT,DRY,IMPROPER TURNING/NO SIGNAL,2.0,49.666666666666664,3.0,3.0
0512a07710ae18ba8384952aeb93e8202c2e619ffe50b7a7992ef7cd974c746eafbd569995d9a8bb2eb38c62700428b2d1d0803cc9f04e34a006f157c65e91b9,CLEAR,DAYLIGHT,DRY,IMPROPER LANE USAGE,2.0,54.0,2.0,2.0
0512b69ea9fba14b1b00a397d43ab1dae8ec2fc1ce4fd55ced5d80863950e0d20cf15e2a563e47f94120dfdb1918975241b5aef54085d0e67a10d97b1556d68d,CLEAR,DAYLIGHT,DRY,DISTRACTION - FROM INSIDE VEHICLE,2.0,27.5,2.0,2.0
0512f55e8e8f0569860d2f167a2df81120bd4631c2198b197917e8726a4c1cac6d82a243887774fa3560722acdc43dc1f27787ea566296633677dd4e92439b40,CLEAR,DAYLIGHT,UNKNOWN,DRIVING SKILLS/KNOWLEDGE/EXPERIENCE,2.0,32.0,2.0,2.0
05131574668caa00491fe4071580370cb4d590b66986ddd6d0810b4fe443d1bb729bcfb0b9913b45da9238cf89a0c984b4aa2261ce3573a6d0e6923791ff7c7d,CLEAR,"DARKNESS, LIGHTED ROAD",DRY,IMPROPER TURNING/NO SIGNAL,2.0,28.0,4.0,4.0
05133011fa71afddd5ac38f9ae36db17e307311247b6eaabc5f9e160449dbab03cd14c3f9965f4cd97fcc308197dc2ec028445a2a07d6cc1ff3f87771d845c81,UNKNOWN,DAYLIGHT,UNKNOWN,IMPROPER TURNING/NO SIGNAL,2.0,53.0,2.0,2.0
05133496f56ccc96141dc47e6fb0930f289e7405b5f0b17705bc14d85d0a5f0d7a388f4786ecdca42455ed35a7986982ae8898c2ffd6d7d916fdb98412738c74,CLEAR,DAYLIGHT,DRY,IMPROPER BACKING,2.0,42.5,2.0,2.0
0513362a98b868364baba67cf1a6220609149796e48b0d6398f8c7da61b25f18fc9012d0f58bd02c9fda059c94151b5453956ca13fad952754d9238b2df7e95e,CLEAR,DAYLIGHT,DRY,FAILING TO YIELD RIGHT-OF-WAY,2.0,61.5,2.0,2.0
051336d936f3d595daf66134135a22b558591fe31f5a61984c120fd09f6ed2e185c803e1219b9389ce3b67c340e3ac32842c5f64df60271cf4b84e5dec371e4d,CLEAR,DAYLIGHT,DRY,FOLLOWING TOO CLOSELY,2.0,34.5,2.0,2.0
05134128bab20d0dd9e2c0a7272ee0a06a7a97d3ab1e406e63f1ea4c7e07cd3442043a3ec4eda1b55c42918cd0278bf53d537236b357e9f141d2c88c16209636,CLEAR,DAYLIGHT,DRY,IMPROPER TURNING/NO SIGNAL,2.0,66.0,2.0,2.0
0513421d96d2a5c2d115df7abee1940622f264f99f8091e22d74bc86cfe614cdacb45c305370866a264f804e8ed48fe030173c2e2101f0c320b4fce126173a18,CLEAR,DAYLIGHT,DRY,IMPROPER TURNING/NO SIGNAL,2.0,40.5,2.0,2.0
05134ef4da33cb10e9fed712db57621624cb59cfbd8addcef6b29260c9f2a509652172652edb04888ffa4445312b2bfc7089160440393e3eb529cfdc7938eccb,CLEAR,DARKNESS,DRY,DRIVING SKILLS/KNOWLEDGE/EXPERIENCE,2.0,23.0,1.0,1.0
0513809fad3cc08b9d9b5e855fed7515b26a2d7952cba70422d50e3e93b98a49519557cfe24fb5bea14fcb883a5e54ce4a172d3b4deaa644380d7c7ff254cf89,CLEAR,DAYLIGHT,DRY,FOLLOWING TOO CLOSELY,2.0,58.0,2.0,2.0
05139d1fb4921b078044e0946016c182452a4c4f028633da05726d5cc9be657ed2d377ffec0582b98a2f60f34f0239137c336f9689df249a1f350449565b399c,CLEAR,"DARKNESS, LIGHTED ROAD",DRY,FAILING TO YIELD RIGHT-OF-WAY,2.0,32.0,2.0,2.0
0513b5570177c3ebef40470d7d8e7fac7a07abc47e50d9eefe23403b4f7029ea1bdb47f21366269c80aff74808649a36170c9b221dd3d09ccdfdb53e34f7ae80,SNOW,DAYLIGHT,SNOW OR SLUSH,WEATHER,2.0,42.0,2.0,2.0
0513c24b6802892605403aa5795eebcb66064ab3e8d2003dda6625fd689259eec6fb8b8a069c9812addd4eb38d6d1ec606faad39b5ed62381c9fe602e0aa4509,CLEAR,DAYLIGHT,DRY,FOLLOWING TOO CLOSELY,2.0,22.0,2.0,2.0
0513d0d990a0fe7cfdc0bc4dd57fcf5e12eb7df75fb7969e5582d9438dd02195d9c618773cff0c1284242e9c1e0066a0e255f21fd7fdb81aeb824184ae65f23c,CLEAR,DAYLIGHT,DRY,FAILING TO YIELD RIGHT-OF-WAY,1.0,47.0,2.0,2.0
05141f01619813752d568f9246c7762f34fdf195a0eb8af1b2f5fa81a48817d89baab879ecf887dc0a2159ea0e86fdf9427519a51d880638e45921b93bbe9fb9,CLEAR,DAYLIGHT,UNKNOWN,FOLLOWING TOO CLOSELY,2.0,45.5,2.0,2.0
051424c65c80f5932671136606d29716bf3e757ab0fe0660263b3d5345d848e32b636e51fbd36eb0805188cf94ffa43d7cf12eed96bd8d84b86bfb09e5b19464,CLEAR,"DARKNESS, LIGHTED ROAD",DRY,"OPERATING VEHICLE IN ERRATIC, RECKLESS, CARELESS, NEGLIGENT OR AGGRESSIVE MANNER",2.0,47.0,2.0,2.0
05145d058d89d0ad11342e29d79e73dd0194bd93311c26bc2e8e873c6724a9ac8ed1fb8fafb362e37d482225ea69eadd6e673b7a134e5d391911aac897e6309e,CLEAR,DAYLIGHT,DRY,PHYSICAL CONDITION OF DRIVER,2.0,21.0,1.0,1.0
05148b715ca130f0166fa0c3dd1c263bc08d24d2cc40db7b0b28e5a9309fb5ae75f62f7d463418d7add2023f71baf2d8e8b40608d2cbcf7264f2be1c4461d282,CLEAR,DAYLIGHT,DRY,IMPROPER TURNING/NO SIGNAL,2.0,43.5,4.0,4.0
0514a5393015d6660a4fbec73a7c1391b21e0a4d9835ca0bdccde23774f2a9963cb6fefddc103ab71b893aa8202d8d90b640f063355cdf395f7e2a25c73692c2,CLEAR,DAYLIGHT,DRY,FAILING TO REDUCE SPEED TO AVOID CRASH,2.0,55.5,2.0,2.0
0514b38f360e6362a779927524112fa74f5b8ea67c8951b99d31bd34b00743338db70022067174a4b0876b502b11220c8724ece26d7309ac965083c3f15f99a4,CLEAR,DAYLIGHT,DRY,FAILING TO YIELD RIGHT-OF-WAY,2.0,38.0,2.0,2.0
0514b851a1dc53a31f5a982c5df22dea7c6476d6730a53af463c6047e08073f3367b56c8885b88f06858835f6847884596b8e09130bed626584d53c1078beb97,CLEAR,DAYLIGHT,DRY,FOLLOWING TOO CLOSELY,2.0,54.0,2.0,2.0
0514ea8949998532f2f05386fbc95720b562de07ff4aa67d4c67e6db81037a1da34a46dbd914f9b47637c7fb875e7fcc3d410ba8f50b0f64fe64903228176f2c,CLEAR,DARKNESS,DRY,DISREGARDING TRAFFIC SIGNALS,2.0,24.5,2.0,2.0
05150401d74f2f911016ef78a62296311854c03aed1b8569caadf2ea337cd5ca4c3efd60db5919f71e460628d0d816381ac43db1bbc925608e530c44412be9a7,CLOUDY/OVERCAST,DAYLIGHT,DRY,DRIVING SKILLS/KNOWLEDGE/EXPERIENCE,2.0,37.5,1.0,1.0
05151e629ed367d11770e10f2e45ecf9546d0cc64f7a50242db8e48b2b5afdd7ffb4b2aaf0922bf5a9a8f2b75ca057dd63500a459221245354fbc0c1be8c3d97,UNKNOWN,DAYLIGHT,UNKNOWN,IMPROPER TURNING/NO SIGNAL,2.0,18.333333333333332,5.0,5.0
051538775ebf06ca065d3e4fbd85e3df4897a42eaea9e82b139e949a4e4d45a0fe0704c088bbb4abeec5d613a934a4706df72d8d51f44a24473f5f07a4e26980,CLEAR,DAYLIGHT,DRY,FOLLOWING TOO CLOSELY,2.0,32.0,2.0,2.0
05155fb6b7684c538d51d1eb9a92d7eac51fb27f2fa2c2d99582e8cef4056074efa160af5daa55ca47fe9934e9a3677dc9096b1b5934dae3bb9bc26b375e8aa0,CLEAR,DARKNESS,DRY,FAILING TO REDUCE SPEED TO AVOID CRASH,4.0,37.5,1.0,1.0
0515a0dc859d61b85aeb3e42537eb9dedcdb16f174a248113e64a01e586701efcc14634f0b73b5538a610db7db5e4fa2528c391b055e0e1d3ad246024c564c89,CLEAR,DAYLIGHT,DRY,FAILING TO YIELD RIGHT-OF-WAY,2.0,37.5,2.0,2.0
0515b3f5982d7430b0a967abed47eacbd5e7c4ed688926965d9c50309cde5fad238547b0c0c548db9b030af115bab4bb314e4e57dfc887e1930130ee24bac572,CLEAR,DAYLIGHT,DRY,FAILING TO YIELD RIGHT-OF-WAY,2.0,11.5,2.0,2.0