crash_record_id,weather_condition,lighting_condition,roadway_surface_cond,prim_contributory_cause,total_vehicles,avg_driver_age,total_people,total_injured
0515cd26343658d7cb5ee4eacfa5541eaa82f067846bb8b9f9c6cf2267208a8812878fa5f894b1bea900a7137a6e4487ff32917f8c8724a6dda396dc2c3453d9,CLEAR,DUSK,DRY,FAILING TO YIELD RIGHT-OF-WAY,3.0,19.0,3.0,3.0
0515ceee81c48842621b91d077c7fb3126a36cbf170d3cd552780d7c71973d2e258802492995334598c0fb3cea125f7eb3b58ec82827e59078f37594fb46df4c,RAIN,DAYLIGHT,WET,IMPROPER TURNING/NO SIGNAL,2.0,45.5,3.0,3.0
0515d98f39c732143f60e81462b23bf237717fa075effaba1a222a682af45d2580207c2f4f19c41fc57cfc89c0eae74f42a931a37ba225bf38ba2d5800702454,CLEAR,"DARKNESS, LIGHTED ROAD",DRY,IMPROPER LANE USAGE,3.0,26.0,2.0,2.0
05160a63842f100cddac4c5e71d78ff2e127964474600b9f5eea7deaa4373781e2cfaa81dac79be47e8254531ef7dc09b62952b5d750458d6ca42d401e451751,CLEAR,DAYLIGHT,DRY,"VISION OBSCURED (SIGNS, TREE LIMBS, BUILDINGS, ETC.)",2.0,27.5,2.0,2.0
051622d5ed02a2c344727470aaf44b58e80be08a83f444e6bc1a9d618ccd4b92f01ca789d7a1718ad3a9dc434b3e9f6d4f9f59e59bcd2ad519382e6027a10883,CLEAR,"DARKNESS, LIGHTED ROAD",DRY,IMPROPER OVERTAKING/PASSING,3.0,52.0,5.0,5.0
051630623e7de668e6a580ec30e48e314a9606ca27ccc7d9868a975a82668b50b51262cb4a1b324a592c0c6dd4b2f45c49a6492fb7e8493ac23f8786613575aa,CLEAR,DAYLIGHT,DRY,IMPROPER LANE USAGE,2.0,28.5,2.0,2.0
05163702db167e4caef69bd9a6089c6436d5f7f1bf8ce341a8d487887c5fa153fab9cb1796e4e00bde05808ab47c3810a8f41d1af3448e127f3ebe052dc8bc61,CLEAR,DAYLIGHT,DRY,EQUIPMENT - VEHICLE CONDITION,2.0,57.0,2.0,2.0
051699efcf7ca4cf1baf1cc389fa524bc1ed1406b6e43685b210909c51c758a17f28f8328a86ce4b2c9304c1e61882008916fb09f9977c6144c0a2578744aa89,SNOW,"DARKNESS, LIGHTED ROAD",WET,FAILING TO REDUCE SPEED TO AVOID CRASH,2.0,63.0,1.0,1.0
0516f5f35cb0848915bf7c693aff825f036b19e4aacfc0a75a99450500cd4b23846af1465282c3dd69bbc92273e1149d275895a1161921f16ca9ef644a147682,CLEAR,DAYLIGHT,DRY,IMPROPER TURNING/NO SIGNAL,2.0,42.0,2.0,2.0
051709e24e7ff11a8adcd82f102bb45c98754ccaceebe7ace2dc3289db6f72bc07ded44c61afb90d0a6bc5599866bec5afa456628665a79ae759311e9feab1fd,RAIN,"DARKNESS, LIGHTED ROAD",WET,FAILING TO REDUCE SPEED TO AVOID CRASH,2.0,25.0,1.0,1.0
05173be4a93dc1ae106a77938a7767a73a8cea18b59f4b93b144dcf00fdbc8bee945317678a77038b7317c9733ba1134d433f2961455b0f634e2cd420c9d7ecf,CLEAR,DAYLIGHT,DRY,PHYSICAL CONDITION OF DRIVER,1.0,82.0,1.0,1.0
0517526b79ba19346714259494b8a48e0b1e877501c90f636ba8d3195765bd292436cecd6989f7bc4b3bcc09daa4563e112ce6a9e2ef10f0c34b390787c10b3d,CLEAR,DAYLIGHT,DRY,DRIVING ON WRONG SIDE/WRONG WAY,2.0,55.0,4.0,4.0
05175ca60ef99c66be79d0c09b5eb6685318459841842b79c9600fc4e4c589a4b0066e806093e3c4ecd8c5b33b45de0a6ef9b4ea352840a5555fa00c3aefca1d,CLEAR,DAYLIGHT,DRY,FOLLOWING TOO CLOSELY,2.0,31.0,2.0,2.0
05176226c4fbdecb485827421c63ace650fe1aa84310e612c2c7dfd802e3b7258c8196c6f5527a89d42481264d31d99547c1cc2c43d9ba0c4a0eec4eddcd929d,CLEAR,DAYLIGHT,DRY,FOLLOWING TOO CLOSELY,2.0,22.0,2.0,2.0
051794be93197e48c16fd1d8b254c5f2d54801aa3cd95850f15ba6f98bf397cf2da7ef62bddb5c3ad89126b856ba70f9ccfde128f3be1a6185f8796750a642a7,CLEAR,DAYLIGHT,DRY,FAILING TO YIELD RIGHT-OF-WAY,2.0,51.0,2.0,2.0
05179bc1abc1a9605ae0ad69ffd461cfedab13f53ceba06ed920885ddc648508e745cd5f185b5695bc0b095e2fcc87074928b97979e69533e162d469497d7481,CLEAR,DUSK,DRY,FOLLOWING TOO CLOSELY,2.0,20.0,3.0,3.0
05180ee0681063cfd8613f4217141d2f37ddcbf6f91149686675f0dd951d18fe5df8e477e1e28970fe8a321a3820a1867bf9e42ffa4a1658a54696d55f7530c9,CLEAR,"DARKNESS, LIGHTED ROAD",DRY,IMPROPER LANE USAGE,2.0,28.0,2.0,2.0
05181208c868941d7906d39ffec9158ed144bde5d03c62a56b0c5e53c22bf0b54257531f2037b004ef75c3c56d3ed8c448faced0a888a302ed09de9d660604a4,CLEAR,"DARKNESS, LIGHTED ROAD",WET,IMPROPER OVERTAKING/PASSING,2.0,33.5,3.0,3.0
05181255b84c79fdd53bc9af9511142e81da88b3f64a7981db637ebcf7327f65cb435634de5476604960f1b17c07c7024d75f9816ef871770ec6ad119aa8a138,CLEAR,DAYLIGHT,DRY,FAILING TO YIELD RIGHT-OF-WAY,2.0,46.25,4.0,4.0
0518583059c22fb64fd6039d03aa9d62b6ecb830b1e3a3ebce5ca3bb372f2d9047bd4a61396f89a91b02f742d76ddf2984a172e585e75ecccf8019a8f834aeb7,CLEAR,DAYLIGHT,DRY,IMPROPER TURNING/NO SIGNAL,2.0,37.5,2.0,2.0
05186973f61dbe220a43629380d821d7b5b9ef70218c8ea0d82b6b9ee71fbb904312cede972550928145e051d8e44c1ec7f82eb327a9c5dd5520fa16fcdf455d,UNKNOWN,DAYLIGHT,UNKNOWN,FAILING TO YIELD RIGHT-OF-WAY,2.0,35.0,2.0,2.0
051875dc0be2a979a2d47617ea087990520e1f52ca3dc317627f318c5bacfa7b5443be56e26d33a0ccdd01743ef4058f2c89cb8a6c36e58e41cc4d42ecef5db1,CLEAR,DAYLIGHT,DRY,CELL PHONE USE OTHER THAN TEXTING,2.0,31.5,2.0,2.0
05188e99636df1adc85f075b4652afaff8a4044dcc6a647b4325fc8234ad32a6ac632008d5d0a391f6e42e8ba8850376242aa9975eff4a0ceb7e1663bfbb483b,CLEAR,DAYLIGHT,DRY,IMPROPER OVERTAKING/PASSING,2.0,32.0,3.0,3.0
0518ab37e5ebb6aff8d04116ce89dff58f152501480ff01407794e6bfe5aa2aac3c140ed0dad0b1ae1fa5bfb88d006cc40a9988dfdbae145ed10d774109f8b0f,CLEAR,"DARKNESS, LIGHTED ROAD",DRY,IMPROPER TURNING/NO SIGNAL,2.0,23.0,1.0,1.0
0518cc615108323ac17898081d1289174d36ec3551d12c3257215ba66a90c9bb91be071d87ebd429800e20a59319abe9966b95dd23c9f4f2a6c6ca8e8cabde44,CLEAR,DAYLIGHT,DRY,DISREGARDING STOP SIGN,2.0,30.25,4.0,4.0
0518e2ca1773edd02e218314cae5c0675da570b73f30894d8e85abfd0425eaad7bf3c5e482d9a201f76fcfc4d6faa8f8b61338663485600f3cd5bcdb15dd51cd,RAIN,"DARKNESS, LIGHTED ROAD",WET,FAILING TO REDUCE SPEED TO AVOID CRASH,2.0,31.5,2.0,2.0
0518e8c213ebc33903936fa525889afeebec93dea0e8c037dc500687c99401ec5e84a1c75e9c06cfd7de97022c9fa6138e02ca37d7aa8c1b0bfd9c3555633e25,CLEAR,DAYLIGHT,DRY,IMPROPER OVERTAKING/PASSING,2.0,36.0,2.0,2.0
05190fa6777d46309020e284cf4b47618b02e06b468cff230fb2c87d10d4e8ae46b89e2076995da091558768501001bd267f778f06c80b75efc56b984f336b6e,CLEAR,"DARKNESS, LIGHTED ROAD",DRY,IMPROPER BACKING,2.0,22.0,1.0,1.0
05193040496aa7cb8fdda1904bc45f5b302fa5fc7f6b4fe4e8b17c60e4df3985339f6d05cb4e1b97e3adb65f3880b6dbdfdb2496a260fd4b9bc3a9cc9d229763,CLEAR,DARKNESS,DRY,IMPROPER BACKING,2.0,27.0,4.0,4.0
051947e3812a758955e1c15fe32bf751652b50d4d3f3b8cd36318e4ba46ec7939c9e1118028d7bc887e7114839d335dec186cb2e51007290f36b2eaf784cfe8b,CLEAR,DAYLIGHT,DRY,DRIVING SKILLS/KNOWLEDGE/EXPERIENCE,2.0,65.0,2.0,2.0
051948dce33737613c9d5483ad8bf82ab8109997d3de6edca884c12e35ceb2cf05cacd0049d6beb5369dc7dea51e6658ca1ce4616823190a5e2e773bcfd294c7,CLEAR,DAWN,DRY,FOLLOWING TOO CLOSELY,2.0,22.0,2.0,2.0
05197ae31a5780f4447ccfdad352f823b362386dc5dbf0175536709e90b90f983ec835614243dce9ff9743cfbc0cdd54c6504f7ead88a6859d9c2328db39d6c6,CLEAR,DAYLIGHT,DRY,IMPROPER BACKING,2.0,47.0,1.0,1.0
0519b6f0ac293032d4b777b58e37dcf37855af8fbc273668c0143fdb77e4e0fe06155ed30663afae7fcb8859bac725f24cb5cace6fc7d02c9c48981fe865504a,CLEAR,DAYLIGHT,DRY,IMPROPER BACKING,2.0,30.0,2.0,2.0
0519bb6b06ec53566450e085cc979a7263998dd2f29214d7eca46d712c4e9d3e266c05ce19f8f7972709c5a38a397effa1cc3fcb9dcf1dbed1e1a14004931131,CLEAR,DAYLIGHT,DRY,FOLLOWING TOO CLOSELY,2.0,29.5,3.0,3.0
0519cc601aa5a7dc44a2e9a6b251e5c680609eb80b1598ec605c03d1a70e68bb6fb80e05b5e2cc75e5bb85427940f227bd6e85effee12d63a1dde565c7614d29,CLEAR,DAYLIGHT,DRY,FAILING TO YIELD RIGHT-OF-WAY,2.0,27.5,2.0,2.0
051a04237603b7c26938ce26ea861e77bc1fba15833bdacf159ac9c241a8fce3520fa8a890e0dac7bf4982f922d46f1af13af4c15050771e2b3d9aa26485ec7c,CLEAR,DAYLIGHT,DRY,IMPROPER TURNING/NO SIGNAL,2.0,37.5,1.0,1.0
051a09c32fdc9d64358592ee577254d58083e748b90dfa145f5345be1f9580f8073fc3873fe34b5bf2c5b6b3461299102193a6cd779c713ded4186536aa5a3e5,CLEAR,DAYLIGHT,DRY,FOLLOWING TOO CLOSELY,2.0,47.5,2.0,2.0
051a3d69773b6923241046f28586134fd9c3174859c1c651b8439a28c599a66421f78c1feb82ddf741204366407993d9776cf76a0c21e04a51c3efcc0700fe7c,CLEAR,"DARKNESS, LIGHTED ROAD",DRY,FAILING TO YIELD RIGHT-OF-WAY,1.0,34.0,2.0,2.0
051a7b259fe7a6c3d7a95a9c8f9b8d453de824b0e556aab79abe374f09d51da2827222a9c4d21470059f5789763c4c13a7405b6916d15284c154c8024203ad36,CLEAR,DAYLIGHT,DRY,FAILING TO YIELD RIGHT-OF-WAY,2.0,33.0,5.0,5.0
051a85017ff2d29cf2debc0c4ca2e393c3ee4d87912a1f35d22ebd44e82dd0c15798a120b686b5105485ead3c478efc71ca8d7925e9458377f79b7f1e09e1da0,CLEAR,"DARKNESS, LIGHTED ROAD",DRY,UNDER THE INFLUENCE OF ALCOHOL/DRUGS (USE WHEN ARREST IS EFFECTED),1.0,24.0,1.0,1.0
051a852871198f6283d94eea59346f2a826f71f88ce3d3937a3044ad764885b5ab48a1f9f02555d07f1b1d9c972f9702be4605648f45ab45a7f207fc80bc0379,CLEAR,DAYLIGHT,DRY,FAILING TO YIELD RIGHT-OF-WAY,2.0,45.5,2.0,2.0
051a86d350c675bdd6ffea6075a92919cbbd4fb8e18c6f7ffec4114ad700c89b29c8e0ccfad1deb3980f01f9cf34109dfaba9f0e8b46e0a0504cdb05b314af20,RAIN,DUSK,WET,UNDER THE INFLUENCE OF ALCOHOL/DRUGS (USE WHEN ARREST IS EFFECTED),2.0,47.5,2.0,2.0
051ad41ae7213b2e797d8898203131b46acd680ce009afe0f53ecee528160793153110060f2095c41cd33c82ecf9674069153e43905fd6bb0c416ef3dff00c6d,CLEAR,DAYLIGHT,DRY,FAILING TO YIELD RIGHT-OF-WAY,2.0,51.0,2.0,2.0
051aeb2fecaf6f684788c005a48db8268d3ebd851dcd9284d33b13932f99c0b167ec43277a3a6a33ffb6502290bf1781bc770fe1375984524b0a30e4a8345319,CLEAR,DAYLIGHT,DRY,IMPROPER BACKING,2.0,28.0,2.0,2.0
051afe0610d1e3b5e3bc41168feb0f85fae6984c361b7e815a4e3b1fc01101a0e5f8703bacba0792189119e4a307ec4e588409ddd4da9e864d940d7ea56ff120,CLEAR,DAYLIGHT,DRY,FOLLOWING TOO CLOSELY,2.0,36.5,2.0,2.0
051b18574af41b31539ff551a566064cf59f04cdc49d0120be5ccb16f06e6e53f1db14d12b80a85e1f7a91c526845f14b3b1bda137113316c29b3803fcd928a2,CLEAR,DAYLIGHT,DRY,DRIVING SKILLS/KNOWLEDGE/EXPERIENCE,2.0,22.0,2.0,2.0
051b2224e9e58c82168cbd2ac48bf38ee03142705072658ba18fe973cf22e451a72089d88ece577d408e24e1487c904921ddfd8d0c838f421366555ddfdf4aa7,CLEAR,DARKNESS,DRY,DISREGARDING TRAFFIC SIGNALS,2.0,21.0,2.0,2.0
051b2344cd837cea678e7e96ae2c3ea1af48f288dc5d6aebcfc148accf90ca2393b82a600e4f82c686d1d47f821db39b59d887a07ed81c3f381ec0c075d8e6d3,CLEAR,DAYLIGHT,DRY,IMPROPER OVERTAKING/PASSING,2.0,57.0,2.0,2.0
051b72f386971b919bf89ad3ec6a0bec5b04e1a28c983db4a4fdcee4a3920bd83ac221b7a506f0ddfb593a3e7ad9046b6ea39ca9c9aaa6d6474f1f2219daba21,CLEAR,DAYLIGHT,DRY,FAILING TO YIELD RIGHT-OF-WAY,2.0,45.0,3.0,3.0
051b846f766a368a5b689f3476a1ba14f6855a0aee75f5302bf3958773b278f2ae20fbe11ec2dea263019b4c330ee8f6e9d7d54d986c394fc0aef88050e60de4,CLEAR,DAYLIGHT,DRY,IMPROPER BACKING,2.0,54.666666666666664,6.0,6.0
051bb8de731c83dc25f311f9928384b7fb81998f9f73a419a9593314bbef324f1d32832c4dd6942e2ca544f61a2523768f88b098c9156fcfaa707d79a78b25e2,CLOUDY/OVERCAST,DAYLIGHT,UNKNOWN,IMPROPER BACKING,2.0,39.0,2.0,2.0
051bc7fccf5dfc2d8fc44ab6a7c19f103be539ec96eb75cd932ca0e1dfea6fde67c022d981839fcb886a93c4a0e8aabae2c4528dbbdaabf6ce1e91f6d1c0da03,CLEAR,DAYLIGHT,DRY,FOLLOWING TOO CLOSELY,2.0,35.0,2.0,2.0
051bd08f818cd83d80739f53eb9a6b00a32116edafc924e9cd8c67bdb2d2d7b6635330494975b712799849d675a7b9ece4f54bd5870fa1f9e1475a6503cce44b,CLEAR,DAYLIGHT,DRY,IMPROPER OVERTAKING/PASSING,2.0,70.0,2.0,2.0
051bd69d2cd093dff9dcd0291868bd107a33299a919edc3bc889ec8c25a0b1ef9ff94f011adb2680c895a8c082b5437ce57d00ccde61ce18d2023fb001214d9b,CLEAR,DAYLIGHT,DRY,FAILING TO YIELD RIGHT-OF-WAY,2.0,28.333333333333332,3.0,3.0
051bffff6d9cc08c7a1cc9de65821afa0704a6129337112b06c0376c183357005a361df65b3f26fa3ce21d57133d8b96087e514a86ad4c9f12426897c1a4e960,CLEAR,"DARKNESS, LIGHTED ROAD",DRY,IMPROPER TURNING/NO SIGNAL,1.0,21.0,1.0,1.0
051c1c7cfb4badf28331c49544f6deeba5fe0c0caa07ccff111658b0596d3b2ceeff4660685fa5f85281fe56aba74720db7da056b95fbc44a6e529834cbb5762,CLEAR,DAWN,DRY,IMPROPER BACKING,1.0,48.0,1.0,1.0
051c26fd1589942bb67da16e5a3f1acdc7a2a7f6c69745823e41dde81fa96a9d2eff062c51cada794fc31df2f22aa43459b066e1751560d2444f2dfa995ffcac,CLEAR,DAYLIGHT,DRY,IMPROPER BACKING,2.0,52.0,1.0,1.0
051c3f22abc5303f2224486b9f8fc2816c5d0e0fbde6be4c9bc7dbc71d4f47544894142db904774f5782c08e51138a7cc2f636353aad70dfceed8b6a30b6c4cb,CLEAR,DAYLIGHT,DRY,FAILING TO REDUCE SPEED TO AVOID CRASH,2.0,39.5,2.0,2.0
051c73c921abe5073b6a91eff3dee968c76349844696a57a487134c78c257bb6899fa6e37f979ba67b526a1a0bf9e1b12d4ac789f8cb46e5788ad50a32211f8f,CLOUDY/OVERCAST,DAYLIGHT,UNKNOWN,DRIVING SKILLS/KNOWLEDGE/EXPERIENCE,2.0,26.0,2.0,2.0
051c7e8bc8c3b65f8738bb2e5b787ff57911cff09fd1b8caa01a5962e3f9ae0658dd6b7fda4c9064f3bcc5a29990798af62a6bb1bc05d0f78f27fed8cf8f2532,CLEAR,DAYLIGHT,DRY,FOLLOWING TOO CLOSELY,2.0,57.333333333333336,3.0,3.0
051c81c903591f529681ff7839e877131d4820fb51f4503d2bea495eda67f66f148e84eeec366603bb96b48eecef55d607efda2b06d2b5c6f08a50091badbfac,CLEAR,DAYLIGHT,DRY,DRIVING SKILLS/KNOWLEDGE/EXPERIENCE,2.0,45.0,2.0,2.0
051c822d89ab5fb6ddf263b8b202d647dd53ed70072f9dcf6dfa9a147600631d6577f201ccbc892bc3c9e494050bbdb479e863738011048d5f837686b87a69a4,CLEAR,"DARKNESS, LIGHTED ROAD",DRY,DRIVING SKILLS/KNOWLEDGE/EXPERIENCE,2.0,29.5,2.0,2.0
051cae4828739638096b82193bb431e6e73034c8714b94ae7441c2db9d1ad985a454b7877f29f4c8bc0cf72e68358c2eada2927199733ce1968961e30f96fde7,CLEAR,DARKNESS,DRY,PHYSICAL CONDITION OF DRIVER,2.0,37.0,2.0,2.0
051cc33448b253dc7fb2f07fc235afb9df984c2019e6e94b37dbbd893e653d1a888ca5218d5a7ad9ee0d6961258eb7f96dc8895c99c1c02541517018859dc32b,SNOW,DAYLIGHT,WET,FOLLOWING TOO CLOSELY,2.0,47.0,2.0,2.0
051d001fc22d3d2d41bae79c218d7ed6271f116dab987ccbbaa7fc157a2ee88ae516f3c24dcca74aaa5aba97ea04737acd77da500b093bfc24229d65e2e3774d,CLEAR,DAYLIGHT,DRY,DRIVING ON WRONG SIDE/WRONG WAY,1.0,30.0,2.0,2.0
051d18c4c1df488903bf7cc32841a33e04ccb99406181d6755ef69c54a199bc199152e6b1e26188fc99ee8820f172151000052fbe2694375bb9ca59f1a44c0c2,CLOUDY/OVERCAST,DAYLIGHT,DRY,DISTRACTION - FROM INSIDE VEHICLE,1.0,49.0,1.0,1.0
051d1d3280bbb26b516e554b24cd3b4a99b5244d7aa655272a2b8ef6d218eac94f4458818c44058359dc4cb66bc558eff9477e5caf5af9b760ce2b760eedda94,CLEAR,DAYLIGHT,DRY,DRIVING SKILLS/KNOWLEDGE/EXPERIENCE,2.0,64.0,2.0,2.0
051d2750372c82da033dda9a748554375abe443082bd7875f3a7e3296a28ecf9f900dfd408df643b445f08c4a4c998f7357bfb52ac2bb7326f258eabf3acf507,RAIN,DAWN,WET,FOLLOWING TOO CLOSELY,2.0,44.0,2.0,2.0
051d3696d35215dbc918f4fc5e29e03ee652fbf309e5099ca9a14379b51e38722a66c42169e25df2f0d650c51ad4d1c05110064895472287b2978bc0fa889572,CLEAR,DUSK,DRY,FAILING TO YIELD RIGHT-OF-WAY,2.0,21.5,3.0,3.0
051d4235ab81e9bad7f16e7da03a2ff14f2aa8ebdd3f0da753923dd490e20acad1157b5019b963c36c672e7740f960796e707b37cd2f282cd6ba9be8db26d013,CLEAR,DAYLIGHT,UNKNOWN,IMPROPER OVERTAKING/PASSING,1.0,33.0,1.0,1.0
051d48ad3738ca2958076f682c9aeb245b6c3bd6fe5cda29df8cb148397a8e235fa7e554617ec15e0f2b63805c4170891f7726e92f9e11bef55ca4c4af55de90,CLEAR,DAYLIGHT,DRY,DRIVING SKILLS/KNOWLEDGE/EXPERIENCE,3.0,33.0,1.0,1.0
051d59e678e162f5162f0e5e0278cfb48bf957ccd0c1187f2a08b70026aef756a27b48b5688721a97d2e34498562c511ef998fdbcb0f2d596b599d393fb9d8fa,SNOW,DAYLIGHT,WET,FAILING TO REDUCE SPEED TO AVOID CRASH,2.0,57.5,2.0,2.0
051d8a99c72437f1211858b74ea191346be8b0e8b6bf9cf197032fd9fbfb7fd9fef2e74c983d34c676a9fa1bea577e8123ad10093b4b1f2c31c65b9c327dd81b,CLEAR,DARKNESS,DRY,IMPROPER BACKING,2.0,37.5,1.0,1.0
051d940d4dd4b9ba17b06cd4f5f65bf2c937d0021a2c93d4323353fe7443b184eea78e66c27d581409d055e4dc255826621553a68699b09efa532404ec1bd80f,RAIN,DAYLIGHT,WET,WEATHER,2.0,48.5,2.0,2.0
051dc436d173a3cfebf3731040c777be978847a6348d00fd48c42d3f4d3323110f3bb6d90d585f2fa485a3e6703aaee5fccaf95bc6dbc548a818837b194c734d,CLEAR,DAYLIGHT,DRY,FAILING TO YIELD RIGHT-OF-WAY,4.0,53.5,2.0,2.0
051e3f702a608fbe0e4abf77face3b47fd6b592ca9d9b96b3d9ac3a7c9dca611a2f6a4d69eb989bda3173ab1e79502be6356a403acbc58969806a59af6ae5345,CLEAR,"DARKNESS, LIGHTED ROAD",DRY,IMPROPER BACKING,3.0,28.0,1.0,1.0
051e4493bca5e6e42380d83ac8cea78406b97fe0f4c6cf9837151fb859aa02f8bbd7fb9741b92e4acb3b0695b9a0957ecc100e7bf5b5c0a53567ab18e5b508d4,CLEAR,DAYLIGHT,DRY,FOLLOWING TOO CLOSELY,2.0,24.0,1.0,1.0
051e5462d6539cefcfd055b527d03b4c37b0eaa2303cc27104e39a9c47420cdf502f5bab3b6b138f53fd81fa3c36cb7b4a82d68bd0a47ed112e2ab329d0cda7e,RAIN,"DARKNESS, LIGHTED ROAD",WET,DISREGARDING STOP SIGN,2.0,38.0,2.0,2.0
051e82a3ab76f2cf4cbd6e948e6498ca266a329618dc79acf65c610f3d0b47d8afc3bf6781fb35f4d9314d5d9260b9ac447a3af5a221b661c275e36bd4179580,CLEAR,DAYLIGHT,SNOW OR SLUSH,IMPROPER TURNING/NO SIGNAL,2.0,28.0,6.0,6.0
051e8cb400356055be8cb9e6dcc9a64755fb5e65e5c002929d8cffa0fb30c3f7b47e6fdc8e9a0b90a4fd3d44990be4fd740032bd21e82b600baeb4d62690b756,CLEAR,DAYLIGHT,DRY,FAILING TO YIELD RIGHT-OF-WAY,2.0,62.0,2.0,2.0
051e9a89f7844bd09dc8c8bab17a1a637f74be0daf375e01178bffdc885a7e8983ac599c745be35bd645af06e991b13acc6d5f95cbfcebc78c4834fbeea93d03,RAIN,"DARKNESS, LIGHTED ROAD",WET,FOLLOWING TOO CLOSELY,2.0,28.333333333333332,3.0,3.0
051ef68d1758009d8a7b7f3dc898a0a654557d2d348a6ac1faec1c5f7d7c97419f0102d2bfacb6c0cc98fe0b73ffea5c60486f0cce66966a84acac0f9aef9d5b,CLEAR,DAYLIGHT,DRY,FOLLOWING TOO CLOSELY,2.0,30.6,5.0,5.0
051f5434ab62fac822f098db6d41ca613d217a9ef34c9ed362d390471b01bf3b39ada256f7ad8a113e4487ff190fa1afa7e6fc017e00413716cdcedcb6c53cfa,CLEAR,DAYLIGHT,DRY,IMPROPER TURNING/NO SIGNAL,2.0,37.5,1.0,1.0
051f7e1071d9df510fbb09f2f06a6dd46c8882338156c4420627253d9d2d70b7d5ac979dbcfe9e24f9f07a889d7b7fa4230d30463c54e0863b1e76d769738bf5,CLEAR,DAYLIGHT,DRY,IMPROPER OVERTAKING/PASSING,2.0,21.0,2.0,2.0
051f99bda3a82a0ae3a7017372124f8b6000cceb7c94762a60ed97a44e416531e821f2f1f983c7b92663bcef018981c2aca8727a4e8bbd544b51e3fdeb5a9d93,UNKNOWN,"DARKNESS, LIGHTED ROAD",UNKNOWN,FAILING TO REDUCE SPEED TO AVOID CRASH,2.0,37.5,1.0,1.0
051fa7bf323533230c23a43fc06a3c56d32342bb054d7d16fe5218222518609d24524f08b75fe45e2669f6a5842215c08bd4722f2b335dd8f2604eece17a6c78,CLEAR,DAYLIGHT,UNKNOWN,FOLLOWING TOO CLOSELY,3.0,35.0,3.0,3.0
051fcf2ecbf4e51034d50d84738ca7482e21b27749cd97bfb1407121b79bfa0e576754cf5cc501095576887eb43bd27c5ce48956a5c26f2d5754316a805a3668,CLEAR,"DARKNESS, LIGHTED ROAD",DRY,FAILING TO YIELD RIGHT-OF-WAY,2.0,28.0,2.0,2.0
051fd4605e6c59ce9dcdcee000cb78f8c2ff3fced8ab404811d303cf8c810ffd228b62b089d094077060fe4a95e5a2c342a20f9dc975b7131cdb0d337bb3bb20,CLEAR,DAWN,DRY,IMPROPER TURNING/NO SIGNAL,2.0,51.0,2.0,2.0
051fe24d0d933723165d7d1e424afadf07c0177c5e27f9d502e8067caf05ed34072cc953ab6030bc07f1fc215cb49105a21b0452de039c8e97d0484a8b966420,FOG/SMOKE/HAZE,DAYLIGHT,WET,IMPROPER BACKING,2.0,27.5,2.0,2.0
05205b1111551c2a2c61d7f38a12c8976565d5ea9dcaa604b0f8abefe88b2059ebcb74a220c360e374aef1624acc7cc65fd52b66b90bed6ffbfb6556e2c777c7,CLEAR,DAYLIGHT,DRY,IMPROPER LANE USAGE,2.0,41.5,3.0,3.0
05206671186510f1ff2d6a3d3aa39764db180ccd88979d9e550f70a4f01ed4507ed661d4115b055034a547fb0e718d608d0696e7d164f30f7a3d293b338df1b2,UNKNOWN,UNKNOWN,UNKNOWN,DRIVING SKILLS/KNOWLEDGE/EXPERIENCE,2.0,30.0,2.0,2.0
0520672ed78cc59f8f27924a3145f9ba69b00e4993bafe76e4bfa767626f6d9c3154739ee29fae73bb695ab2f9f1eb8df81dfd40ce469993c5ac0649daecd91f,CLEAR,DAYLIGHT,ICE,EXCEEDING AUTHORIZED SPEED LIMIT,2.0,37.5,4.0,3.0
0520699d5850a0ad97d9055cedeabcf3ed0d9125df6f018f5c2bf31bc2378e34e5767b9c8b2a448752ef7213b94a7c1f004b4841a9218b0b7573e80f6ca6bdf3,RAIN,DAYLIGHT,WET,FAILING TO YIELD RIGHT-OF-WAY,3.0,27.5,2.0,2.0
0520ca2c86d1f49c8f9ddbb7edfc54fb41ba37fa169d22ba464b28b01fdb97bf97e8101681b91c2e947c4a71d7fd08faf3dbf9a608a44a32ec7a4192d64cba6a,CLEAR,DAYLIGHT,DRY,FOLLOWING TOO CLOSELY,2.0,23.5,2.0,2.0
0520ef3e6efd6ae3ae3ebff58462bff84d69c806f87ba5df6b7659ff92ffabc695e15832807218a8cb30e2a507340c657d3e24b570ed151d6f0fe64539329497,SNOW,DAYLIGHT,SNOW OR SLUSH,IMPROPER BACKING,2.0,37.5,2.0,2.0
05211c584567d3962d6211509a70d9c0c8fb29b0ebc903711f5b900ac7a370c9f771bf9219c7bb6a70ae8c00ff58b4b72aabcbb7b40af7cb2952f57763495b10,CLEAR,DAYLIGHT,DRY,DISREGARDING STOP SIGN,2.0,37.0,2.0,2.0
052143dc00e36bcce4360d863dce42ec2bf01a1c778ccec6c4fba7ccdd38d4cb60ceca64692adeaaf0cac4999d8ca459111ff066889de0b10af4be37b70bef27,CLEAR,DAYLIGHT,DRY,DRIVING SKILLS/KNOWLEDGE/EXPERIENCE,2.0,16.0,1.0,1.0
052162cd5109426257e6cd25282ec1f74669d6df5235512570bb63331213d9bfadbb6679a2eb4d6f08cac0b59b7b07db12d78642d8f701981dd03a3ca8f2acdf,CLEAR,DAYLIGHT,DRY,FAILING TO YIELD RIGHT-OF-WAY,2.0,71.0,2.0,2.0