crash_record_id,weather_condition,lighting_condition,roadway_surface_cond,prim_contributory_cause,total_vehicles,avg_driver_age,total_people,total_injured
0521652a7fbb697c6e23238603d27209be88fd683d2a7f08eb01012646b6643a849548cd713ce0eb58486487cb6df6104c12750ca1f6aca26d84aff4b8f7e71f,CLEAR,DAYLIGHT,DRY,FOLLOWING TOO CLOSELY,2.0,31.0,6.0,6.0
0521bab7e3b6ae4fcebe26ffdb4ce02b7d622d6b4b9688cc29884affa65465c84e959b41a6b42fe1134f716161331682a11ed97b72eee5d49edb0f597e38fd0c,CLEAR,DAYLIGHT,DRY,DRIVING SKILLS/KNOWLEDGE/EXPERIENCE,3.0,31.0,4.0,4.0
0521e02ac0c7f9f2b82c8e94a7a4c8fda62689b1db472b6f387ae6c9e746c1e6f780a433132383e80a1ef13bcf307baa4f3e3ae690c41d2d57a33aa3af080948,CLEAR,DAYLIGHT,DRY,DISREGARDING TRAFFIC SIGNALS,1.0,37.5,2.0,2.0
0521e0c5e29e46af5a1679f2417ace0401dc7e9242f9382c0ba15657c7cd3d24fd1041df618629b53d855ee684f7b89dbd46446acfc614941501fe67ff16b472,CLEAR,DAYLIGHT,DRY,DISREGARDING TRAFFIC SIGNALS,2.0,45.0,3.0,3.0
0521f604e1fa98be6c7cc48294a8c2decf3c63e16efc9da0664b67c1a5d76105cd9a122e352a3aeb6846e91a574610d83566e2c0886e938fd35d72808ed501f1,RAIN,DAYLIGHT,WET,DRIVING SKILLS/KNOWLEDGE/EXPERIENCE,2.0,37.5,1.0,1.0
05223b842118b828bdd4ce779e5a6b6416f5c8ee72be8b3cda9ad53c18f05949afc887c5eab7e0f78ccdd5915e8ebb52fafa6be5b9ee153df8565109e64cf591,CLEAR,"DARKNESS, LIGHTED ROAD",DRY,IMPROPER BACKING,2.0,37.5,1.0,1.0
05225eee6b71f5c443a144afc32b9e4f3d257c9736f54e1191a39cb7a7c3f8c0cb05ad466404879ccf1e2e92346b9131a631517682da2c0c11a8e72189573b69,CLOUDY/OVERCAST,DAWN,WET,IMPROPER OVERTAKING/PASSING,2.0,36.5,2.0,2.0
05227360d580dfede489d369e14429e297e8202d60890771f378cae7b1b3d379bc4084b06da6aaadc3b9cca7b94bff3b6f6ffe4a022e2bd7964348b62f04b368,CLEAR,"DARKNESS, LIGHTED ROAD",DRY,DRIVING ON WRONG SIDE/WRONG WAY,2.0,43.0,2.0,2.0
05228725acc905cda6357b2cfc16469255bc6734da8d552395ba76baf2517de9f46b4ada9875a0f6d2dcf9698cbea3e43c24a8abecf45fc4f64540634c36c7ad,CLEAR,"DARKNESS, LIGHTED ROAD",DRY,FAILING TO REDUCE SPEED TO AVOID CRASH,3.0,40.666666666666664,3.0,3.0
05228e3665a78a5045a4556bbbe61d221f3a50a4d6518f2ccb8dac9426c33de4285c6b0a5f3751c3b99e52ff54dd4c7ff6a4c7738afb1d27b290b500ab656afe,RAIN,DUSK,WET,FAILING TO YIELD RIGHT-OF-WAY,1.0,18.0,2.0,2.0
0522933f056932180a954e578668940b3894b5952ee118a4e36149d40c458b6b24aaafcee61bdabab75fd4307f74332b4f8a90db95d609656ffa238e016b1c51,CLEAR,DAYLIGHT,DRY,FOLLOWING TOO CLOSELY,2.0,37.0,2.0,2.0
0522aae45cc757d1c1f9476a5dc7915ef37223a7e1bad792e175a19f132033095d26f8d3cebd404b14f0151275165f9741c0db5a4372ae3a36b0cc81d3db88d8,CLEAR,DAYLIGHT,DRY,IMPROPER LANE USAGE,2.0,23.0,2.0,2.0
0522b4fe73fcc0cb8109fdaf0b94f5e60b370af200f4f06261cd20d652047c5805b5bdea3951526f564e1a994499dc943f9271ef24a7b43d63e15b40175d7148,CLEAR,DUSK,DRY,FAILING TO YIELD RIGHT-OF-WAY,2.0,45.5,2.0,2.0
0522db26610c9d1bf8eb75974356f01427d1fa9b7ba60b8c5d8c03b2dee84b435dd94ba5b35bf983e44961cbe5cc7b527b20e0be65d8ddfb0c7737b1cde04571,CLEAR,DARKNESS,DRY,IMPROPER BACKING,2.0,58.0,2.0,2.0
05230081850e754d6e6c453236a15e94a62add9bed1cd1c309cd81ef77a57cd17f320869601941ea80497520c7a820e5d49adf0fcba4ac45dfcea493aaa38b3c,CLEAR,DUSK,DRY,FAILING TO REDUCE SPEED TO AVOID CRASH,4.0,38.75,4.0,4.0
052309399e8e8c58e876ff1c78e80dad6795181f4beaab0e69f1916401188410ad2a10188543432e871af666d79bfab09be918a7a3a1739f1fec1531c0bc1721,RAIN,DAYLIGHT,WET,FOLLOWING TOO CLOSELY,2.0,44.0,4.0,4.0
05232ea275822cb5b1d734fe5d4812f939f12e78181320abc915ee56b99d1feb16d2aafe32c27fb50b22bce4830e35514a690d92268d9a4f2b740d44db223e55,CLEAR,DAYLIGHT,DRY,FOLLOWING TOO CLOSELY,2.0,40.0,2.0,2.0
0523321f417965f11dec3182ff21cdc18d2096298a5cab67a84dafb35c160495bee48c442bd8f9365312f9005ffe0b1f262bd6a4c6f34218d9136548b4c5d5b7,CLEAR,DAYLIGHT,DRY,DRIVING SKILLS/KNOWLEDGE/EXPERIENCE,2.0,44.5,2.0,2.0
052338fc7f6b2f01ccec9c830f5080ae25c25b68da89d1bd4533c3a9a5608b5d2d592768aee1a0973c7765125569f9d9e5fbf024d38e3db81a954a38c0d6195d,CLEAR,DAYLIGHT,DRY,FAILING TO YIELD RIGHT-OF-WAY,2.0,57.0,2.0,2.0
05237fb8371a5cfecede7edded4d66bdcaadc5b73c6f4ac47d7289fd75ebb055b48d6cfc0f199cf203062de1e91be69b7ea12c30177fcb16fa859ca50fa67884,CLEAR,DAYLIGHT,DRY,HAD BEEN DRINKING (USE WHEN ARREST IS NOT MADE),1.0,45.0,2.0,2.0
0523824740767eb53187e6d5355f67759657fde8234d95cf5fdf601268b176a39918c7dd9d1a51a2bd2a703f21d16be559209097fd9b01f15b9821b2b14d61cb,CLEAR,DAYLIGHT,DRY,FAILING TO YIELD RIGHT-OF-WAY,2.0,42.25,4.0,4.0
0523a292ca47f2c952b53bfb0ccc70237f249c1c9842f78ac000ef1d692f97446ecffa71b8a82bc46ffdb55bf5e791799f49fd68cde2a8efcdd225486d337f7a,OTHER,DAYLIGHT,WET,FAILING TO YIELD RIGHT-OF-WAY,2.0,25.0,5.0,5.0
0523cf670a96301963d4efde49742942c81e1400e5c6e242e630fe7dffaf60a52d3018ddd831bfe2176101b3518a36a275f2b413229481bbaa00c575a28a412a,RAIN,DAYLIGHT,WET,IMPROPER BACKING,2.0,22.0,2.0,2.0
0523cfb47bb96dcda00dfd051fb18ea5bd7f621ae78a10652aee4e1c6f76948012831496f77001bbed7659c45ad13aa0d4e92ee5afd24df44127895b5cb76e19,CLEAR,DAYLIGHT,DRY,FOLLOWING TOO CLOSELY,2.0,37.5,3.0,3.0
0523dc4200748f8d8451ac7d92457faec6a36e2752b895a52031a9212ceb8dbbd44c0743788cfb906f94bb533583253b4a05b00d419b44c4791cc30d675b5c73,CLEAR,"DARKNESS, LIGHTED ROAD",DRY,FAILING TO YIELD RIGHT-OF-WAY,2.0,34.5,2.0,2.0
052410ad3572849ff6d7e0ba1a08def28504e38df0fb195cfed59b50577e16468ca22f88834e6b6420dd65c82e0430dc85025921cea25857bef54576b788aced,CLEAR,"DARKNESS, LIGHTED ROAD",DRY,FAILING TO REDUCE SPEED TO AVOID CRASH,2.0,37.5,1.0,1.0
052417ac2e84c900b24c7a5ecfeaddfb5155aa3dd4f63f87f68596c575cb60f12202fb023bb1b9ef879cc6644f65c63dcdc1ab46b258846ee76a969b277cfea6,CLEAR,DAYLIGHT,DRY,"OPERATING VEHICLE IN ERRATIC, RECKLESS, CARELESS, NEGLIGENT OR AGGRESSIVE MANNER",2.0,55.0,2.0,2.0
05241dcefe4b433223192f5dfa16ec62871a915b64284c16d20e513ff3e67f49d9ee9d859bcafd858f1350deb45670a7010ae91d397742facb622be81b41672b,CLEAR,DAYLIGHT,DRY,FOLLOWING TOO CLOSELY,2.0,40.0,2.0,2.0
05249da46ad4001ddecd6725a1e2d1ebe0cfe411e160f4e268f7440a58b1af761edb7081154f1e7c7edb0525719edef6525d2b22c4186a965c56d6f4e3c10ddf,CLEAR,DARKNESS,DRY,FAILING TO YIELD RIGHT-OF-WAY,2.0,34.5,3.0,3.0
0524a36f25102bc1922f3bfb8dd5e65f968ee6de25dd7623ed81d44a47f1a3fb8908b1b8ab846d75b619633eefc6abf60f87b8c0111642de5cd64c0fb6e8e9d9,CLEAR,"DARKNESS, LIGHTED ROAD",DRY,DISREGARDING TRAFFIC SIGNALS,2.0,22.666666666666668,3.0,3.0
0524a9ea8e491710815e2909b92a1bfd7562bb1e652b975bc85246d38a67ba8346c9a7381b4b7a128a37e9019242e73644bcadff6fa73beca7e383accc0150d2,CLOUDY/OVERCAST,DAYLIGHT,DRY,IMPROPER TURNING/NO SIGNAL,2.0,37.5,1.0,1.0
0524cd0c994cfc3b5081956199dfee581c389ccbe52fb8e1468c9616be25e1910e29a06eb10220b0b8e1995af26b3d86353bb30c8a4498a85acfd37b573c06a8,CLEAR,DAYLIGHT,DRY,IMPROPER OVERTAKING/PASSING,2.0,43.0,2.0,2.0
0524ea214a16ef572e19ae982237e8b31d51bcec8d8122ac28c6c04b315b883fcb6f5de5d1825a8c9c87137050fcee64d853a3548d9dc844373580f541e42752,CLEAR,"DARKNESS, LIGHTED ROAD",DRY,FOLLOWING TOO CLOSELY,2.0,26.0,1.0,1.0
052514f43444e58f9dcb6b87d30b94f155e4a35ddd084ccc2bc88f32b1e47fe06063eb68ed28daf7ea7cc4a3e519cd220360bb9eaebcd8d88ee9402448fe132d,SNOW,"DARKNESS, LIGHTED ROAD",SNOW OR SLUSH,IMPROPER BACKING,2.0,37.5,1.0,1.0
0525241f94d0c06aa2ec4d0c941410058e0749e2fbe7ba242d0157e27a6ee921765545aeeaac15c6e80b9b35ff8a812dfc3faeb828eccb0255cd255faa2d01a0,CLEAR,"DARKNESS, LIGHTED ROAD",DRY,FAILING TO REDUCE SPEED TO AVOID CRASH,2.0,34.5,2.0,2.0
0525393837f5c2bbb70392ae8b1925225a0788cf40b2b5e56d6f979e39c21d0bc9c5b8ce4048f853eb416c07ece261fd4f2e5c44772a1925e106cd58b59a7001,CLEAR,DAYLIGHT,DRY,FAILING TO YIELD RIGHT-OF-WAY,3.0,38.5,4.0,4.0
0525426df7274d114be02d5cdac698a813a73570cc5461fb327932e7914aafe9cb2fac46b08e58db149878266bd39f7895b4b432b4c50805d9e4a49498febcef,CLEAR,"DARKNESS, LIGHTED ROAD",DRY,FOLLOWING TOO CLOSELY,2.0,39.0,2.0,2.0
05254333973b5eaf0d7a8bdbeed6aedb058999eb06b5116b6a2e7676f2e36e252f4e18aedfe737ddcd471881d0e49238a7e87d8427d15935b4abf219e89d3e76,CLEAR,"DARKNESS, LIGHTED ROAD",DRY,ROAD CONSTRUCTION/MAINTENANCE,2.0,83.0,1.0,1.0
05254e391dbe2d272552ae6ec8764d95c6b04a07173a3e6e0f63e21495cbacd650c789a5ee713746bda824b72e37266772099e0f3e659316fb366a75a60acf74,CLEAR,DAYLIGHT,DRY,FOLLOWING TOO CLOSELY,2.0,40.5,2.0,2.0
052553e1004cfcbfd0e58e18f8f1f45f2868edbf5c167810007ac52b7c543323d77e21f977f8cc30442fd5c9c7254e929778d4f6cbebb1951980b68373f1b5df,CLEAR,DAYLIGHT,DRY,DRIVING SKILLS/KNOWLEDGE/EXPERIENCE,2.0,33.0,2.0,2.0
05256509303118947890c3216092e696906e94636026cb434b3ccab99d933128a6cdffd594d6093fd6202791c095dc06b29373150885c52a969f5b8036de8bd0,CLEAR,DAYLIGHT,DRY,IMPROPER LANE USAGE,2.0,18.0,4.0,4.0
05256943ba6ff1d473689231826b495a3760ee969466e72e10f92ec5704d03e5831c110ec1576c3ce6b430527e720ea9882c27527363b87bbea439ffa6371344,CLEAR,"DARKNESS, LIGHTED ROAD",DRY,FAILING TO YIELD RIGHT-OF-WAY,2.0,38.666666666666664,3.0,3.0
05258524f491078ee15a0c470b8e16c41fc8468b9539500924be71a0cda8f18941c40e2b9b294c9cc0ae8de4311d9c4adb0f22b032bc5e70c21184d01d89027b,CLEAR,DAYLIGHT,DRY,FAILING TO REDUCE SPEED TO AVOID CRASH,2.0,42.0,2.0,2.0
05258de6840283c708920e4026e50620d2de0ba94eff06c5239d8fe37850b8470ab1a1004eeb43612f0cdd4a447b8bd866d1a1f578e551343b288307355a2c9c,CLEAR,"DARKNESS, LIGHTED ROAD",DRY,FOLLOWING TOO CLOSELY,2.0,45.333333333333336,3.0,3.0
0525ade514efd2260b95656bd6c387869527ac32359876e9a2b09f98be3a9baf42cc59c8919d08ddba5f7d49392f53daf8de64fcfb692b3fc413d57c8aad5514,CLEAR,DAYLIGHT,DRY,FAILING TO YIELD RIGHT-OF-WAY,2.0,26.333333333333332,3.0,3.0
0525b742d0f74a1f55476ee7d9510e65b88a7ee2feb0553edb0289edca64e2a7be9b23595bd29a6de7ea1c17b70dd59835a4e2c3f06537c046ce3478b29df455,RAIN,DAYLIGHT,WET,DRIVING SKILLS/KNOWLEDGE/EXPERIENCE,2.0,34.0,2.0,2.0
0525b9fb2be722a4ace85f2843c17f2e148a45e644e553c6ccb9e297dd80f7d826515059d10fdeefe28a91d3b9ae07df8725bc156c800d6d05be54ed5df6433d,CLOUDY/OVERCAST,DAYLIGHT,UNKNOWN,FOLLOWING TOO CLOSELY,3.0,36.0,3.0,3.0
0525d870294a7f85de798fbb0dd24eae6face421276af7ba2a6d39f17f8407a4e6fc3577713d21d2fe49c8f788bbfa65e135d7ecf808fb4d8590d340004d8eaf,CLEAR,DAYLIGHT,DRY,FOLLOWING TOO CLOSELY,2.0,57.0,2.0,2.0
0525f4a4a5dfced69b5dce871feb0adf0740f559ba9974c85cb00491ec28e5af2d0d07fc2465a4cb04b81b9b32c503a22cbb042d3e637f706ff70f8084538724,CLEAR,DAWN,DRY,FAILING TO YIELD RIGHT-OF-WAY,1.0,36.0,2.0,2.0
052602f71232a908a59eded2dd910882941f79784c50ae95fc2bb2b1b079b89acf7fc86ab1855c3e4cc9d2af46dcf9a10a3fb3eb5fc51d8ecac778ceacf61ae9,CLEAR,"DARKNESS, LIGHTED ROAD",DRY,DISREGARDING STOP SIGN,5.0,19.0,6.0,6.0
05260e702ba71095fa74017a7594306179310146dfc12f1ebb4cdc69cc4ee39faef29ba26a8b0dbf0fc8fb5e681596128ab460d20b2ea858c94dfc9fe13a84f5,CLEAR,"DARKNESS, LIGHTED ROAD",DRY,DISTRACTION - FROM OUTSIDE VEHICLE,2.0,37.5,1.0,1.0
05261ae63e9cfaa01c2a14c0ad10731d78baf93c584f9980ddbbf9dc0b96f05198a279415d4388e35f5ecbd398db77e5e1feefee670548318ae555071924d8bb,CLEAR,DAYLIGHT,DRY,FAILING TO YIELD RIGHT-OF-WAY,2.0,12.666666666666666,7.0,7.0
0526455aaea55965c082b0da9941e50a40fa69d0114b2b73dee4586ec86d92c868fe3bc69b133e61ead0c079392f981742fd884968d86e2c8790dbbaa4c213c6,CLEAR,DAYLIGHT,DRY,FOLLOWING TOO CLOSELY,2.0,66.5,2.0,2.0
05265cee97a39dfe5de90aca8c4b9c086d44ad02f2bd8d4330d2706c90ab1397a879d8d58f97dea763c85fa5cec9426853937e72ecf4ff399e6dedc4a6552169,CLEAR,"DARKNESS, LIGHTED ROAD",DRY,"OPERATING VEHICLE IN ERRATIC, RECKLESS, CARELESS, NEGLIGENT OR AGGRESSIVE MANNER",2.0,33.0,2.0,2.0
0526644e007ce4193f8543a2da0922213d53c08ef22c5edb844fca2f575bb527d0b9ea10007d307e07333d6774c54525ba5fdaedc44b87e0872c764f161966c8,CLEAR,DAYLIGHT,DRY,IMPROPER OVERTAKING/PASSING,2.0,37.5,1.0,1.0
0526a3974314c4187a9b5d2df85d921c31002c26919fcd6ebf0327381d7e5b6fd0fe015f97b984d41e842f6420c52480ad4279387641bfd7aeaa6025db4ed930,RAIN,"DARKNESS, LIGHTED ROAD",WET,WEATHER,2.0,47.0,4.0,4.0
05270402522d4df9e4014538544b8c8849b4b386cb8d19b937818bb8fa7d97dd1ce71ab2774083b6088079f6ac375514853e1c7a961303de0ee01b3931cd24e3,CLEAR,DAWN,DRY,DISTRACTION - FROM INSIDE VEHICLE,1.0,25.0,1.0,1.0
052718a61d01cce203d928dfd8b11031322bb5ba4de72e7be2ee621ef2df8326288bea025a76b6e72332b61001e28936c35311b176c2555c8e4bdd165d4c1026,BLOWING SNOW,"DARKNESS, LIGHTED ROAD",ICE,WEATHER,2.0,59.0,2.0,2.0
05273da8e35eeba8e3379c5e7e1cf8e09ef870dddba6ba96451feaa5c0689e974db9c9dfaba48a91bd922bd4a7d9cd925c09d88fbd97b78f43e92f5344136311,CLEAR,DAYLIGHT,DRY,IMPROPER BACKING,2.0,71.0,1.0,1.0
052742672e83c6fd27bcf2dac849efdce436d6479573b2fee9ff95911509f737d7894a8ceb7c961442e5b05f9ba203da7babf3635bbaee739b62a47b56d2c88c,CLEAR,DAYLIGHT,DRY,BICYCLE ADVANCING LEGALLY ON RED LIGHT,2.0,57.0,1.0,1.0
05274f4739afb7e41b37918eb8a83bf4b2d0218148f977d54a602561a46749607b3173576773dfd9507cf6e1964e4134c8e0c378110bd9c2e6de459f4736f2e4,CLEAR,DAYLIGHT,DRY,IMPROPER BACKING,2.0,24.0,3.0,3.0
05275dd5b5eeaf3fdaa862509639021981a178d2a281949f8e0461adad5d1b730a84645462b265a121fe7aeb80d524c25e8578d0855780a1bac3088fc487d0c7,RAIN,DAYLIGHT,WET,FAILING TO YIELD RIGHT-OF-WAY,2.0,34.0,2.0,2.0
052773a3d8506a653713751eb7190363c2aae0f9e9a6253e48d188be58b9ebccc99abcac4c27a12c04a8cdb4947fb2f192c3398ea8ed2f108172aef5f23983db,CLEAR,DAYLIGHT,WET,IMPROPER LANE USAGE,1.0,59.0,1.0,1.0
052777884625c15434941472f0ba1f96e1b2b1ba7a77773f5582183a91af457a53ada8091ec8b3c9db29f2147da1e4910335e99cc3f2f505af7c9464f96122ce,CLEAR,"DARKNESS, LIGHTED ROAD",DRY,UNDER THE INFLUENCE OF ALCOHOL/DRUGS (USE WHEN ARREST IS EFFECTED),2.0,29.5,2.0,2.0
05278413c2833701e07f97c9c1da071ee07687247bc62908fd69303270c6b8b2139af32af54dc9b3606b1bfda961a6a6947432dda3a9bc8fb21e842e4fa7aa7b,CLEAR,"DARKNESS, LIGHTED ROAD",DRY,DRIVING SKILLS/KNOWLEDGE/EXPERIENCE,1.0,37.5,1.0,1.0
052794cc6509789800fd0fec7df824005b0318c8ded8076eab8b80f0a905c888425813471fa04f465a3d09336ff1c1f50e508be50cb4c0bb671ce2bc4eb5c485,CLEAR,DARKNESS,DRY,FOLLOWING TOO CLOSELY,2.0,32.0,2.0,2.0
05279bcbea979b7b9edcaca5b05a261f1a3101e42665f54d56ddb2e8241457153fb3c0435c340ca94fc46e6f13090f46a4e2863d8ba5ea509ee95e014e19c0b0,SNOW,DAYLIGHT,WET,FOLLOWING TOO CLOSELY,2.0,42.0,2.0,2.0
0527e11f2916fb004bc711ea19f8f6c588fd87538b5d1f14c473d05de04a974dda5790fc7531446e920d2d84f24ccd929d411d446002777ff4ffd2992c82d3a8,CLEAR,DAWN,DRY,"DISTRACTION - OTHER ELECTRONIC DEVICE (NAVIGATION DEVICE, DVD PLAYER, ETC.)",2.0,36.0,2.0,2.0
0528242ca23de8c299a18abf39be5a8a44df45c270c2bb84659373ee1ae7e1354d4bede33ab519d62222bfda2face9a167229bc0d53b2999f26c74871648546e,CLEAR,"DARKNESS, LIGHTED ROAD",DRY,FAILING TO REDUCE SPEED TO AVOID CRASH,1.0,25.0,3.0,3.0
0528867c5f24c6caf45a324abac14d2424149dfd6902407888a072dbe19fa2bfe5dece6920186937b6a5b0ba8e440ef3e6e15c0e9cbcbc69f0180a49f0449442,CLEAR,DAYLIGHT,DRY,IMPROPER BACKING,2.0,54.0,1.0,1.0
05288705cf6dde2a34ec8d41681daf1631dcc38e3d9a666057e968e69749aa65e2ab402489b854579646a646119d797336e86486f95aea609794d4574bc59404,CLEAR,"DARKNESS, LIGHTED ROAD",DRY,IMPROPER TURNING/NO SIGNAL,2.0,37.5,2.0,2.0
052891c48fd6e7497e393c494c2a08b692a38e791cb6f36c5ddca4f00615ddff350df6229f94e628d2a2ae9bfa050a3b83eb619e7b058206f79ad8c5c8746298,CLEAR,DARKNESS,DRY,IMPROPER LANE USAGE,3.0,37.5,1.0,1.0
05289ee5f8f33350fc6be649481686fc6a0d6c118e90165d05fb6b286cbbf51fde9c1dffa093ba286fccce34d8a96ddb9e3b3cb5393789065bab58584cb01565,CLEAR,DAYLIGHT,DRY,IMPROPER OVERTAKING/PASSING,2.0,32.5,3.0,3.0
0528a7c3c53d8921fe92fae64459cf92ed8e6b3cb6ba6a76f055acd169b9c32c2f3f21a3ba8186ec747af459ed56ce016794016d3f79d31d5cbba1aae60b12d5,CLEAR,DAYLIGHT,DRY,IMPROPER BACKING,2.0,37.5,1.0,1.0
0528bb28c91f7ddf2523e864778ee9a44c12803329bf476e60e89c6f188df3e84d9af8ec70a9144e5ff7b7ea3938bfb08841dbc89122655c0627d48b35344076,CLEAR,"DARKNESS, LIGHTED ROAD",DRY,FAILING TO YIELD RIGHT-OF-WAY,2.0,51.0,3.0,3.0
0528fbbe7f3adc89bf4f826cc4a26c38eaf5191ea450abd8b892fda30c111331df4a76ebd7b597a623ead29857936b8507a6ab6bc419ba2fb7b0b3c7afaf95a8,SNOW,"DARKNESS, LIGHTED ROAD",ICE,DISREGARDING TRAFFIC SIGNALS,2.0,53.0,2.0,2.0
052910f1ec2e6c90ca76894fc6778f034d8d444d16c800cf424e2eebe8abf249a1b401c79f799b79694968f059ab0da222bce4a73affee31e868d87de34209dd,CLEAR,DAYLIGHT,DRY,DRIVING ON WRONG SIDE/WRONG WAY,2.0,27.2,6.0,6.0
05295a58d7bd3bd18fe9d8f5a4f906a5505ccf58de665fbed9522433f292a20af15bde0a00f2cfec96a6276bb5d1e89d6ec7f98ee262da4eeb071da0fd7a5a92,CLEAR,DAYLIGHT,UNKNOWN,IMPROPER OVERTAKING/PASSING,2.0,59.0,2.0,2.0
052998b61a18decceab270ab2c487398c8d262b8b0a7632bd6611d763e9e5a9e1e43a97c2869d33fc715fade939b575168eb3001adcd8479f7b8e1ebbd0f825c,CLEAR,DAYLIGHT,DRY,IMPROPER OVERTAKING/PASSING,2.0,46.5,2.0,2.0
052998bab395c4d800cd02f438aecd437798083bcca93c6f57abea607ee37d1ecfca716cb5dc82e4fa4f3d7ef2f211ee046a6ff556b3ffea250cfe29ad99c36a,CLEAR,DAYLIGHT,DRY,FAILING TO YIELD RIGHT-OF-WAY,2.0,25.0,2.0,2.0
0529ab697d6ee9d9547fc1c4ce7d0d9dd54ff2f3384e32e73890340c0a20e76fd671a2130f8a30cde522373895d94f49b321733e9f9d67e57a206bfc8cd92c70,CLEAR,"DARKNESS, LIGHTED ROAD",DRY,FOLLOWING TOO CLOSELY,2.0,43.0,2.0,2.0
052a04543f56927cfe37c138b0a2858c0de7178618a7453136e9891414200759969d8315518e1b6802cb0e710d673709f0b4e6b9137933aa206593f316b70590,CLEAR,DARKNESS,UNKNOWN,EXCEEDING AUTHORIZED SPEED LIMIT,2.0,60.333333333333336,3.0,3.0
052a3171187c6d47aeff324fbd8ecf8267e4bb928afd63306c02d3c3e23e7bb8f98182eee86f44151de6dd5d8ed20801a51cb2174424f448754c40cccfb53618,RAIN,DAYLIGHT,WET,IMPROPER OVERTAKING/PASSING,2.0,46.0,2.0,2.0
052a399a1d655409a52c28eb678aa35fdc093bb24be58ef0715bdf1f49746716aad58dc07c735aa1c46c36709822bcdf0e6b729ac58a4a5bf3168ac1ee2a674c,RAIN,DAYLIGHT,WET,FAILING TO YIELD RIGHT-OF-WAY,2.0,37.5,2.0,2.0
052a4a0730c652287e456a4e47aa375a6ec6da577f6af7ba681f932aead8395dbbe4ac118df114e2ff4242701c69db78663d0bd4bb022d8314a75be75beb1dfb,CLEAR,"DARKNESS, LIGHTED ROAD",DRY,IMPROPER BACKING,2.0,60.0,1.0,1.0
052a91315e7983d30b8a1eb46b00d9c6a5d956e6c634d3ec3dd09329377b29bb0451d9290550bdedc00a2bfd88df31819ffecaee165103d167a3f6eab71d6691,CLEAR,DAYLIGHT,DRY,DISREGARDING STOP SIGN,2.0,51.0,2.0,2.0
052a9eef2ad7b9361a6f47356d668a993536528a3eec799407350130e0506eb93fe9ec18c1e937c18e470668ab3afc31dd73ed8c7e99974644a232f402a86f8c,CLEAR,DAYLIGHT,DRY,IMPROPER BACKING,2.0,21.0,2.0,2.0
052b034a597bb355f2b9b23b8e238b0a9b480506aa91713b22bdd1c0da5d4216b8325b5fda1787ea2e23e2e9a7bebd647a28af32dd2bab8211dd80eae1fb28cd,CLEAR,"DARKNESS, LIGHTED ROAD",DRY,DRIVING SKILLS/KNOWLEDGE/EXPERIENCE,2.0,23.0,1.0,1.0
052b5812b453808554ba048a764fb2d8258d04d38e867df080fcd9d3f7fd8216de7fd156effe99937a5205f057ce3d886118da4ccc50397c40edd96be724534e,CLEAR,DAYLIGHT,DRY,HAD BEEN DRINKING (USE WHEN ARREST IS NOT MADE),2.0,37.5,1.0,1.0
052b61098563a0c24a0ad4336fdd0c3fb23bf858170726471d02aee7bcc86efa5b50fab3d4236b8934f9a97355fe082f680b50e81555287e3219d359095e66d9,CLEAR,DAYLIGHT,DRY,FAILING TO REDUCE SPEED TO AVOID CRASH,2.0,64.5,4.0,4.0
052b68fe498281e7f264d7d6d637058c5be0c18c0845a6660629447a7cad7dd2b4bcc06a724784517828116072555c938dcfd3ef015b8ffb4bba0c21b2087854,CLEAR,DAYLIGHT,DRY,DRIVING SKILLS/KNOWLEDGE/EXPERIENCE,2.0,29.333333333333332,5.0,5.0
052b7da0cf1298fd1e287dbe24cdf7a2487aef5c46739b4af200f5c05356cbb637a49698f94f043ee5d5f33e72f8930994fc1ebb7e4ede7bc1dfc08724b711c1,FREEZING RAIN/DRIZZLE,"DARKNESS, LIGHTED ROAD",ICE,WEATHER,2.0,34.0,1.0,1.0
052b7e081b2df459b8681012a9c3b14fccb7ab2e849c2ac7e8db91c5263ae23309f143c820db9e1db269419a866f0e5117857dda0b83768f6a11d99c7bb219c2,CLEAR,DAYLIGHT,DRY,FAILING TO YIELD RIGHT-OF-WAY,2.0,37.0,2.0,2.0
052b85d5042478364d05c35ce197d637288af1ff089fe9907626716d72e83cddd9d7dde22fdfda51b939d047c98da7bae2076b72e601372508b5fc96b2209735,CLEAR,"DARKNESS, LIGHTED ROAD",DRY,FOLLOWING TOO CLOSELY,2.0,25.714285714285715,7.0,7.0
052b880e919a3c5f8cae7188dfeb6b1627c03e36dd62cb1ead088e5b9860936965f58904bf2b571944ec2934f502abeab8cf73864c627fe2381d2503c1498b77,CLEAR,DAYLIGHT,DRY,FOLLOWING TOO CLOSELY,2.0,65.0,3.0,3.0
052bab0b9c84b9943c346792bbd58496efd40fbd6ed05d2a84a76ebff68910c2639c37ee5bdc744e8d784075bd255f1bd4f19320522b122ef47e52da17478ff4,CLEAR,DAYLIGHT,DRY,FOLLOWING TOO CLOSELY,2.0,37.5,1.0,1.0