crash_record_id,weather_condition,lighting_condition,roadway_surface_cond,prim_contributory_cause,total_vehicles,avg_driver_age,total_people,total_injured
052bbbd4117b9030e6234776cb838c32126dd0b581b1f869648d9889ee363effa28176b0576defa42b1ce9fab303c7adf686299dea40c637033bb2f9cc1bbb6b,RAIN,DUSK,WET,FOLLOWING TOO CLOSELY,2.0,66.0,2.0,2.0
052bbedeec4b22009aa9957c81cde7dfdec541d060822304c4aa7a04522f528c5c3495cab1642fdd7270f4ee684648cb6fb0b7b9b49ba432eb7512b12fb5c5ff,CLEAR,DAYLIGHT,SNOW OR SLUSH,IMPROPER BACKING,2.0,37.5,1.0,1.0
052bd314295297bc0b66d5af7d77ae124c71b83b67fb2611bfd042032bc036ff1a630bc4039a8ffa0fc3c116d7915c4fd9ecb1b00e86974ecd809202009300ea,CLEAR,"DARKNESS, LIGHTED ROAD",DRY,"OPERATING VEHICLE IN ERRATIC, RECKLESS, CARELESS, NEGLIGENT OR AGGRESSIVE MANNER",2.0,43.0,5.0,5.0
052c2016907e6008930ab2e22b8ad3b2750705cbfd38f07bfcbdd132b151ebdd35d76fd8473b85c82711a9e3fe8fd1c50260c1cfc026be5a8badf2c66b4de07d,UNKNOWN,DAYLIGHT,UNKNOWN,EQUIPMENT - VEHICLE CONDITION,3.0,38.333333333333336,4.0,4.0
052c4056f3e6badfb60ae514ecfd3cff3161f4bdcec36f9387a308dbd3e2161b1371c20b8ba20a0d7737ce4f63b901b0765a6793121ccc0982b24dce88da50e0,CLEAR,"DARKNESS, LIGHTED ROAD",DRY,FOLLOWING TOO CLOSELY,3.0,25.833333333333332,7.0,7.0
052c5b05d96f4b24d2ca2d26857bb413096ec272be9779456ea7972d5070dcdbfa1fff573710480aea968c5a45cd397d7bd38606ff8c42675673ecfb12f4e982,UNKNOWN,UNKNOWN,UNKNOWN,DRIVING SKILLS/KNOWLEDGE/EXPERIENCE,2.0,31.0,2.0,2.0
052c7d09d8fc99057660ac543ef6c87250a5887a329c332c5df77f171c0ae453d9619b4393250ce9dfe6b1df6656ec532b5c697f359a1fb635b55c62364b1a59,CLEAR,DAYLIGHT,DRY,IMPROPER OVERTAKING/PASSING,2.0,59.0,2.0,2.0
052c8a70f4c37498e8ee5dd6dfdf8307a83b255080421c98c91b654bafbb3704f4393db4b50894f3382027a68ea78cb9cdc272025fb533948304ecf3e4c0098f,CLEAR,DAYLIGHT,DRY,"VISION OBSCURED (SIGNS, TREE LIMBS, BUILDINGS, ETC.)",1.0,35.5,2.0,2.0
052c8db04c4de02f21f8c31b46507b25f90f9aef0d5beedc965f496546aecdb7ae204eabd24fb0bd6aa00a5e3d52ffb8ad20337170eeb1ac7e84dfb70ec69500,CLEAR,"DARKNESS, LIGHTED ROAD",DRY,DISREGARDING STOP SIGN,2.0,41.5,5.0,5.0
052c90d15a103e4be7c8750edf9d9fb34106e51b2bb8e684015186765e144c39bc7eef1af3866c8a57b5b8398b5b73bcc4a90e6a1bf863224e0fad7f071abe97,CLEAR,DAYLIGHT,DRY,IMPROPER LANE USAGE,2.0,35.0,1.0,1.0
052cc2b33578afbdbc8660f4f5813a17fe14e62808744ee192723fd862b54ef47ff3bde77510f42be5209071734ae9edb14a419d2bcd9659fc13d49715f72b96,CLEAR,DARKNESS,WET,FAILING TO YIELD RIGHT-OF-WAY,2.0,53.5,2.0,2.0
052cd6499492d17edca199c69eaf36258189fa4ea89e2fdb9d30c600bc7900e5900d587855316cd497fb146b2e6a2d4dd14e84ba33e3396fdb17bd5e363425b1,RAIN,DAWN,WET,IMPROPER OVERTAKING/PASSING,2.0,46.0,2.0,2.0
052cfcfe156a2b574046fdf429fcd904bdd40ffd19d86ff20b0d2860267ec7de0e99dd064991eb88478ca73ccfc238be6f792057bcaf0839817c002426795942,CLEAR,DAYLIGHT,DRY,DISREGARDING STOP SIGN,2.0,34.0,2.0,2.0
052d2216c9b3b67ac157b662600f6d6225614b4a1ca6594f00e5dde58f7eef5a03a9ff362902ade28cfdfd5e33e97b21a844ff3a57009d0e4775054aad8c9da6,RAIN,DAYLIGHT,WET,IMPROPER BACKING,2.0,32.5,2.0,2.0
052d45d2b32f753da6fe7d2f2e82d07eb06a825bef6b28f13ef330e274f88ee53f6c9522288e3a78ecb4a0aa2ccb8e98d41e9458c737aae59c5135dba3cefcf7,CLEAR,DAYLIGHT,DRY,FOLLOWING TOO CLOSELY,2.0,38.2,5.0,5.0
052d81c36023bb56a9ca9d0d3c69827bb1aa00f69c372ab1df96d5fd785d0cbec8762ae7a44a912cd53c0bcc56c47b5a5a2e836f0d9e012bb0f4a8a9ee251e8c,CLEAR,DARKNESS,DRY,FAILING TO REDUCE SPEED TO AVOID CRASH,2.0,41.0,2.0,2.0
052daf18dbb5d0bcb774f71039c94c99772a0908d13c994c0928bd9006845f770fe5c0fae7a23901b3915df18f4fe877782223e8240a804af170c6043d44816e,CLEAR,DAYLIGHT,DRY,DISTRACTION - FROM INSIDE VEHICLE,3.0,22.0,1.0,1.0
052db106e1499fbcecc8f2186bfbced5cbee8eb8f6913658c3c8b333a67fa4ab19631c178dd08951215ebab880a7a5dd565f863109478b987fd365ccc85a14f7,CLEAR,DAYLIGHT,DRY,IMPROPER BACKING,2.0,32.5,2.0,2.0
052df1b2d6104f0b53fdc4a253dfbd429950d6960f82664b0e371c671d3a113ebd8164c5872723628061941a75815ea494de6a60f2fe0a00c48e3a373d38a152,CLEAR,"DARKNESS, LIGHTED ROAD",DRY,FAILING TO YIELD RIGHT-OF-WAY,2.0,37.5,2.0,2.0
052e3ba845834288bfded8aba5536ec10cc9e1e55a92f67ebb7f521a89e32b119711e0bb89739d6ec13123cadd1392de2a973e4d200bc280c769f90cbc93b96c,RAIN,"DARKNESS, LIGHTED ROAD",WET,FAILING TO REDUCE SPEED TO AVOID CRASH,2.0,29.333333333333332,4.0,4.0
052e3f7b5cd208be480ab380feb928c054bb3fbb5d264f2504eb186649da566cf0e9b40b4a392ccda0dc2d94a3ff9f1556a77e021f12bdbf9ad92469219ee451,CLEAR,"DARKNESS, LIGHTED ROAD",DRY,FOLLOWING TOO CLOSELY,2.0,30.0,4.0,4.0
052e6084039d13c0aaea6f9444485f5aabb89307f40d555d52dcd1ea1e2ad7d84e583417bcf2bddeb6cb3f9502cf80997fab223c2d3222cf75c543ee25d7f227,CLEAR,DAYLIGHT,DRY,FAILING TO YIELD RIGHT-OF-WAY,2.0,33.0,2.0,2.0
052e7e142c5dfbea72f2be09f5fd92c9916c96eeb667096360edf320e03007b4b925ee67667166e75358de00a10bb4c307321f883bd31b5bdcc9ce40bdf9d39f,CLEAR,DAYLIGHT,DRY,IMPROPER OVERTAKING/PASSING,2.0,46.0,4.0,4.0
052e89a0ce20b306616f1a129f1b895f7f54d725408b9de9d793198522605ac76ad530a29c6c94154e541f8d18bb0a2d9b8c97929fc378e99fc14b59ae70b32c,CLEAR,DAYLIGHT,DRY,DISREGARDING TRAFFIC SIGNALS,2.0,35.0,2.0,2.0
052ea0601ddf53bca1301427685e461a74eaed2288391758ede4d4823dbfafdacbe2e00835eca1e7868c4a95585cf8f974e4252fb305c0d6a1267c78d3c60ab0,CLEAR,DAYLIGHT,DRY,DISREGARDING TRAFFIC SIGNALS,1.0,70.0,3.0,3.0
052eb8a278ff90e4ce43f522fcc40d4f198abeadf85dc6107f6428cd8bf319d5928ff83d3b73d6bc782dd39557b851c144285d6507fed2067161479c6bbb80bb,CLEAR,DAYLIGHT,DRY,FOLLOWING TOO CLOSELY,2.0,47.5,2.0,2.0
052ebfe50308480597393b41b1864792ccb577a826d1e9391e06e2c78b3e2bb4560d6a9b8c391144b61d247e1bb7737ee6b54408a4de41162e084e8d17f10383,CLEAR,"DARKNESS, LIGHTED ROAD",DRY,FAILING TO YIELD RIGHT-OF-WAY,2.0,37.0,6.0,6.0
052ecbc6b85a422fe4f5f29b52d7ecea5327fb54dc247182c4647b0cdc835816dd0cee1e230866183db93dfda70690c66a648b42d84e44fa4515f1603a592012,CLEAR,DAYLIGHT,DRY,FAILING TO YIELD RIGHT-OF-WAY,3.0,30.0,3.0,3.0
052ed6e64303e9a290f6cdc3bc8bf0e1bbae5667de35ba4e0846eddecd3f6e50cce4c3f31f9f6f34413595f51a1fc63cd85faf8ce2bdbe4902987274e3bf3b44,CLEAR,"DARKNESS, LIGHTED ROAD",DRY,FOLLOWING TOO CLOSELY,2.0,17.0,7.0,7.0
052ee9358ba57afd5aa4f818b8f155a882731baf8b3cfe5933c0c783d1ff6cfbf9b0e6482b68737810344dee68aa0970399bdadd94f99917a114b3132b26b79b,CLEAR,DARKNESS,DRY,IMPROPER OVERTAKING/PASSING,2.0,43.5,2.0,2.0
052efbef5568afb31efb6e7992bb30185c3c5dcb5b2511a84d9298c4bec30f75e109adf8bd16b3b9a3857fcf77eaa290414013811e6112f885f2e9b767ca3f79,CLEAR,DAYLIGHT,OTHER,FAILING TO REDUCE SPEED TO AVOID CRASH,2.0,43.0,2.0,2.0
052f0b70e987f1a4a9332369ba00f0b9476bf5dc7013841f4bc4260e6a1a4fe89d53fe51c706d98370ceb69ad0bc44541114bd17f6d6109f335729efdd1c624d,CLEAR,DAYLIGHT,DRY,FAILING TO YIELD RIGHT-OF-WAY,2.0,40.0,2.0,2.0
052f15c115440b1c36a52a5d5e8680f3bea3a16e17369ad5b46189cd93fe8a2e92bbdac866b479077be24f80ab459743f68cd6e01142dc80e31c8f86004a9a88,CLEAR,DAYLIGHT,DRY,IMPROPER LANE USAGE,2.0,29.0,4.0,4.0
052faf5651af1220fc16f3c7747e72cc7f37eec271916a842ed07661939f2586ddfaa3659b902da17b7b70fde2810ea67ef5135a0140eb944eeb758d05202561,RAIN,DUSK,WET,IMPROPER TURNING/NO SIGNAL,1.0,13.0,2.0,2.0
052fd7c3b0331fcc022f7450d1e4bb1495ee4c84eb2c9761eafc52bfa839dc2db4cca39f80c25c19efbcfdd656e38e5489aac8635774ff8d4cfa1a346d467b72,CLEAR,DAYLIGHT,DRY,FAILING TO YIELD RIGHT-OF-WAY,2.0,41.0,2.0,2.0
052fd932db0618918307b893e1ebbd12bd4ee6019d63b7418060105c534bced493d798e7101983a66b5a466d82463e451002a2b55b630aab509341e0ba7fca2a,CLEAR,DAYLIGHT,DRY,IMPROPER OVERTAKING/PASSING,2.0,37.5,2.0,2.0
053053f17d486f8f5431d834112dbe8b8caef22617655aa2d269443badcee52595db8d1996f2e4d0d1aa5dcb130254f201b2110ec7484edfb8e9a247f502f799,CLEAR,DAYLIGHT,DRY,FAILING TO YIELD RIGHT-OF-WAY,2.0,34.5,2.0,2.0
0530649e2a65b7b78dbee49c0d9f4a2911f87ef8f63cf17170a8d2b1a2d868de55b11b3af8c5e6010af1a940b01b0411e7191f4b1f11ddf5c894a63f38b084ef,CLEAR,DAYLIGHT,DRY,IMPROPER OVERTAKING/PASSING,2.0,58.0,2.0,2.0
0530b692112a88a64424469a82502ece530c504b88124a950f08fb02b3d0110b529faab15eefc2548b57c4de6142fb083b4bb2100101450a26a9f9e740386d08,CLEAR,DAYLIGHT,DRY,IMPROPER TURNING/NO SIGNAL,2.0,25.0,2.0,2.0
0530e1c63aaf36b13ccde6b13b8d72ee710c2a3778ecdd9dd5ea8f7880ae2b02e72c255af8b01d2274ce2277227e621ae0cc2e8d759da5e3814a6036506dadbb,CLEAR,"DARKNESS, LIGHTED ROAD",DRY,FAILING TO YIELD RIGHT-OF-WAY,2.0,35.0,3.0,3.0
0530e2783e32b651434c969377e0556f429ab3da2627aa57c6a6f23c195bbc91e3afff605933c50f194dbd7fb8f9e57b89c87b2cbb205719346cf4a0e1da0628,CLEAR,"DARKNESS, LIGHTED ROAD",DRY,FOLLOWING TOO CLOSELY,2.0,38.5,2.0,2.0
0531058d207387d19ae8d9712e94e1155d3d3890ca34196166785c09ac7706ca309e8cb2e94827b48c14f1c16610668b0b412b4e8b89df4dc4a49fdcf21400f5,CLEAR,"DARKNESS, LIGHTED ROAD",DRY,IMPROPER TURNING/NO SIGNAL,2.0,26.0,4.0,4.0
0531091050ba39657778ead3a50c03af7b9c1605ecd3d180387d615e948ed6fcf28ba60bf43f1ba28c97546fd76c4c83eeed30c1c31c9c04435473f7a57d6a7c,SLEET/HAIL,DARKNESS,WET,WEATHER,3.0,28.0,1.0,1.0
0531317993ecd0b651591a29bca2b2eab3921f98bc288f39705c007d5906f95b6e8d616c6c0912551ff58ee422c87f0eb6021b4b4c5b0684f5dccd7473509537,CLEAR,DAYLIGHT,DRY,IMPROPER OVERTAKING/PASSING,2.0,55.0,2.0,2.0
0531428eeb37878cb1a8a55e97cb79794b5dfbdc55168ed7f4b762f2b176ed6882148f49bac314b719d0c09cdd5c71a42af0ead96bf015739f7c21051745632b,CLEAR,DAYLIGHT,DRY,"OPERATING VEHICLE IN ERRATIC, RECKLESS, CARELESS, NEGLIGENT OR AGGRESSIVE MANNER",2.0,55.0,2.0,2.0
05314c1252dceb10acc44a0e68eff32e4723ed5e016d8120c6619baa957db70e0a9522cce44f10dd6b529b62dbe386511bbd87e3320935e0a5741fd8a9faeb4b,CLEAR,DAYLIGHT,DRY,IMPROPER TURNING/NO SIGNAL,2.0,37.0,2.0,2.0
05317d993498becf289bb692d57b7044e2e8b38d867981df6c6d328d1827d7d9e2cc5e53d1d1e767b5c8d4268f583a36ead63196bc959dce536f47d5bf674983,CLOUDY/OVERCAST,DAYLIGHT,DRY,FAILING TO REDUCE SPEED TO AVOID CRASH,2.0,57.0,3.0,3.0
05318015ceef95067cfbf9e089bfe633341a627da85983b91f0cd320738846b991bb3ddc3ccaa30df5386c872677a8cb9c8020792b559445be9d093dbc6ac69e,CLEAR,"DARKNESS, LIGHTED ROAD",DRY,IMPROPER TURNING/NO SIGNAL,2.0,28.5,3.0,3.0
0531a97ab3c2b1e7f90d5cf27a8d504148858ce1ada9953d051a864c488789572a3a28879c2c990e9b39ce3b7a4e142de5b4a526671e879704eb3b39ac5494c3,CLEAR,DAYLIGHT,DRY,FAILING TO YIELD RIGHT-OF-WAY,2.0,44.5,2.0,2.0
0531cdfd4139e8740a80b7f862ccb30c7ea7cec08570543cd6cc35754c27b63c1de36432c21acfcf389b7569f8c876cfb835428365423da51a923f3b2d7f39d9,RAIN,"DARKNESS, LIGHTED ROAD",WET,FAILING TO YIELD RIGHT-OF-WAY,1.0,54.0,2.0,2.0
0531dfcd081dacdb036a9a840b141cdbbae3d13b61caea3a515a845f00db370f1b36dbb2f222412da9001f75d6dab754256838a6af3e049d7643d069eb717123,CLEAR,DAYLIGHT,DRY,FOLLOWING TOO CLOSELY,2.0,53.5,2.0,2.0
0531e00eee9e8bfbcff8a32e9f1d412b3f34a66b1efad0030d74e1dc2cf9052d7744164d78fbd3626e8299219766a5f462b34f398d468ed1d361cc9d4270b061,CLEAR,DAYLIGHT,DRY,IMPROPER TURNING/NO SIGNAL,2.0,27.0,3.0,3.0
0531f811297de4320861e984c5a0f663fb6e49e0cc299e636d50845425f40bdf42676cdb2d9e0254e5d41526199172007aafcc5c064aa1b1791dd7c1eb6dbb66,SNOW,DAYLIGHT,SNOW OR SLUSH,WEATHER,2.0,42.0,1.0,1.0
0531f9a3bdd46eb6f93f6561eeae2f7718d697ac97dc3717df3e81305d301c770cac0342c8c4b92899ea12e4746f0a58d1fe31ec0aa60c16df4b197bba682cca,CLEAR,DAYLIGHT,DRY,DRIVING SKILLS/KNOWLEDGE/EXPERIENCE,2.0,44.666666666666664,3.0,3.0
05326a73e11d42ca3daed34fa1b0070aeca6031c83c2306a9592d52829c47baf2bdd901b712efd8c42b0f3e14265a8e807ef8af62895154605b255ce2f323ee7,CLEAR,DAYLIGHT,DRY,DISREGARDING OTHER TRAFFIC SIGNS,2.0,27.5,2.0,2.0
053298130bcd08dcb820aabd60092aed6ed132363e7ce6e669605ae11367d8e73d60ae6a0c6d0957baa12159a532681888711723be87732fc294118935089640,CLEAR,"DARKNESS, LIGHTED ROAD",DRY,FOLLOWING TOO CLOSELY,2.0,40.5,2.0,2.0
0533045ec5f710f4ada5b001c94e24aa83bdb3c395571bd2e6023ef950fa05689f9bb423822675c3d147b28b397d5c62c65ac0afe9fb5269b6d3ab4712aa77a2,CLEAR,"DARKNESS, LIGHTED ROAD",DRY,FOLLOWING TOO CLOSELY,3.0,43.333333333333336,3.0,3.0
053326c6ae4875ee109fe3068161ba4111b5ad9253b95878005da6438da2de3aa48c2c8d29ead323ed676cdab24b6f1b7361b8ecc5bfcacb6190ce6c8363254c,CLEAR,DUSK,DRY,IMPROPER OVERTAKING/PASSING,2.0,46.333333333333336,4.0,4.0
05332c3e5fc3e076c229f4f13b51f9943ccc6b0cc47427e493a82a08c6784822412f7e75dfddd131f292dd386854d0b0f9c14862f5577ff7d015d61c8c96763e,CLEAR,DAYLIGHT,DRY,DRIVING SKILLS/KNOWLEDGE/EXPERIENCE,2.0,37.0,2.0,2.0
05333bb014ae64a06010bc5bdef3fc1a8a5804c0622c0b90a3b7e4895b1b70befd7d1b871499875fc56917fcfcc6cc16be85c2729301bb043944152a75971e25,CLEAR,DAYLIGHT,DRY,FAILING TO YIELD RIGHT-OF-WAY,2.0,46.0,2.0,2.0
053394453bb71949e6ef95dd2ef2a9425cd99abcf79b47e6c60035357b33b625f89be904b54155769cbba2e866e451f3f31295079960ff31481802838ea2c730,CLEAR,DAYLIGHT,WET,IMPROPER OVERTAKING/PASSING,2.0,81.0,2.0,2.0
0533d252586f78cfc066199872e0d7ebb8d36089a9102903a208a849c95d547dcc057a0573e88a6f44db837ec4bf32c4ad138515a3d91a8371943ccd0690ab8c,CLEAR,DARKNESS,DRY,FOLLOWING TOO CLOSELY,2.0,29.0,3.0,3.0
0533dbc0c65a7f6b8b9b3b7f9d8eb8d21101dae001cebf41d1f00c4a61879ffdee51e9ba8a11ccb57e781ac16994270d9c6618a3d4f7e71fa43305b923005b74,CLEAR,DAYLIGHT,DRY,FOLLOWING TOO CLOSELY,3.0,50.333333333333336,3.0,3.0
0533dbe61801d3f99314906feb665ba30fa1553507ef43f0a44574fb6721af2e31dfa5df99b02dc0c3c79a89003f9a1ea481302afe3c683b107085fdeb058892,CLEAR,DAYLIGHT,DRY,FAILING TO YIELD RIGHT-OF-WAY,2.0,22.0,2.0,2.0
0533e71334e7fa8601149d677e40ff23c3a72cc88cf798a430e53db0e7e8d0a87f6a37bab2e1513a63632005b1af08aea9663e0196b8ebf10639c85841730a3f,CLEAR,DAYLIGHT,WET,FAILING TO YIELD RIGHT-OF-WAY,2.0,67.33333333333333,3.0,3.0
0533f90ca1df695d35dbe73a60a1697c3cfebad0f15a18344eef8fd89d79c295b93fda5ab55ae9141beee95b10fbbb5cd89db8f2421522d14e0e35c5ba20b39e,CLEAR,DAYLIGHT,DRY,DISTRACTION - FROM INSIDE VEHICLE,3.0,44.666666666666664,4.0,4.0
0534259d3bcc996a5eccee3fb5766641bdeb607d9907d3222c6e39b45f8317b7b37323f69c54761242319e11826c81fe296af9f8002b45eb6df1d66adc9ce814,CLOUDY/OVERCAST,DAYLIGHT,DRY,FAILING TO YIELD RIGHT-OF-WAY,2.0,32.5,2.0,2.0
05343485068b2a8dc3829ae5dd9cd752a9242d50f36a222491ff2419b6df6d100dd2eb0fee131ff30ec9f21995d9efa3c91bf3ef6a61daa8ef32ff3b2b29daf1,CLEAR,"DARKNESS, LIGHTED ROAD",DRY,FOLLOWING TOO CLOSELY,2.0,28.5,3.0,3.0
053478b277d8abd38ce207dad6f2007f8ffde202ae161ff9719049ff7e8ac9a221b50332186781f39bf93ef70e52505a01c360e9e740694c98d8d00358b6d487,CLEAR,"DARKNESS, LIGHTED ROAD",DRY,"OPERATING VEHICLE IN ERRATIC, RECKLESS, CARELESS, NEGLIGENT OR AGGRESSIVE MANNER",2.0,37.5,3.0,3.0
05348beb82ab60d96857ba45c37ea6ad35b0bc5b50834e96fbf7d9ab5f54c9926fcf87c3871fd58f79e87936d472e8957723620c48648d65462f1e3b9c58f81d,UNKNOWN,DAYLIGHT,UNKNOWN,FOLLOWING TOO CLOSELY,2.0,35.0,3.0,3.0
0534a878016541c19310abcf6bb435a639b4131ef94b045ee63013cced54e841d7772fe891595bcf9e2bb9517d120c2642496fdf6dd1c9153f87ac286a000ed8,CLOUDY/OVERCAST,DARKNESS,DRY,IMPROPER BACKING,1.0,36.0,3.0,3.0
0534ae8150f331360ccb84fe84cc7dbdcf8ac8cec2b12b9936cededc070f43fa9c4f30857864ced182deaa6a7b3db06004b3e03c2d0a845c2d72231b0e4eb6b5,CLEAR,DAYLIGHT,DRY,IMPROPER BACKING,2.0,43.0,2.0,2.0
0534c90cb9ed6af00d39305c1b73d59d14108e4cff143287e79223417f9002887918a23f636a3bd5e8eec207840b3548223dc17b23848bce5e055f7cb5c1ce42,CLEAR,DAYLIGHT,DRY,IMPROPER TURNING/NO SIGNAL,2.0,37.5,1.0,1.0
0534cd8c26e8f024c09e25a64a977bffc39bdae6a6dc08615c2c2793287bebd0c142d1bd5f09ab1b9c292b901e1168e88c29f905e8fc9ff65835f0f070c64b9e,CLEAR,DAYLIGHT,DRY,FOLLOWING TOO CLOSELY,2.0,48.666666666666664,3.0,3.0
0534ce385e5f502002076c3718798aa39db4ec8b889601525f8386626ce21b825ad9c890658ec27326814091811059695b22408cb78e6f135e09d963ca1b2c55,CLEAR,DAYLIGHT,DRY,FOLLOWING TOO CLOSELY,2.0,34.5,2.0,2.0
0534e2cf0ea0e0ab09d153a686d275cb847be1585c7f906745421d0d2ed12f427577e891fb12659c4ffdf83966ddb7f60a2a750404fcb427e589421861f0d39a,CLEAR,DAYLIGHT,DRY,FAILING TO YIELD RIGHT-OF-WAY,2.0,41.0,2.0,2.0
0534e3843bf60b8f60f1e194002231f3ddd4d2e47d3631a0ac7e062c34d316b8492e445439198b946de7a2cb63daa8845ea3fb712d40209d97b6db3c1cdf286a,CLEAR,DAYLIGHT,DRY,DISREGARDING ROAD MARKINGS,2.0,59.0,3.0,3.0
05350d872f8bfe332d1b90006df77d743944f2c8b7309b7ed7f77c9460cd1fe6f8fdf595e9fe2e756fe446d31456e1326f4ce74642b7216bd692b33d0b01da1d,UNKNOWN,"DARKNESS, LIGHTED ROAD",UNKNOWN,FAILING TO YIELD RIGHT-OF-WAY,1.0,36.0,2.0,2.0
053517b68c0e58912257aedc98baad5815f87028b4311d60df5782911df5b9110d34c4ac840a0eabd8c657bbedbba0e32da914762b788dad3ed55e1b7bc3c545,CLEAR,DAYLIGHT,DRY,FAILING TO YIELD RIGHT-OF-WAY,2.0,26.0,2.0,2.0
05351e1da82c3ad1aa80c6219980f2649387dac78880477a42363e053c1bf61ec1c7dc7dbb0b06f2b58e5c5a588369befb7ef91a14eeec38f3f598fb2227a564,CLEAR,DAYLIGHT,DRY,FOLLOWING TOO CLOSELY,2.0,29.0,2.0,2.0
0535597071899f3bd5975401f8aca8defa0cfa68c6efeb78798d769672d91d99fd8894d5970c3ef81ca01b861921fb53435e1a90e828e1e1115002d8a1772438,RAIN,DAYLIGHT,WET,WEATHER,2.0,37.5,1.0,1.0
0535723416f835d5ad1f83bf7114234fe91d783879adbe4b1f32389b5a92e10d2547895ef53701cdd68886bd7d185969015053462c0e56338691376549227873,CLEAR,"DARKNESS, LIGHTED ROAD",DRY,DISREGARDING TRAFFIC SIGNALS,2.0,33.0,2.0,2.0
05358c34c32fcf2293a4eb17ea087cba2e1f1d8e56e4dc4c4169e1eea731f0904cd21d815088cf127febcfbd2a5262063ecae96c2541835448d875327b6bde43,CLEAR,DAYLIGHT,WET,FAILING TO REDUCE SPEED TO AVOID CRASH,2.0,26.0,2.0,2.0
0535a0f274f3efdb3abda89e7a79a51de8f85b528153f3b4369cb254e3e039e18f9333ad753d7226421f527364acf881974b304ca3e3ff6d416238ad2e976fd9,UNKNOWN,UNKNOWN,UNKNOWN,"OPERATING VEHICLE IN ERRATIC, RECKLESS, CARELESS, NEGLIGENT OR AGGRESSIVE MANNER",2.0,38.0,2.0,2.0
0535ad0b17e8d3105327932d9826427a5c303fcdf413a52039babe110b3d7ef3f5c504e5da2ff103d8edb165cc06e4390cde1fb95e583b88cc67851c1ce2d040,RAIN,DAYLIGHT,WET,IMPROPER OVERTAKING/PASSING,2.0,40.0,2.0,2.0
0535c80ee48f9f8979bf0fdd84d117c66f55176fe2d883ff75d968dcbeb05c0a1c25208de4cca5e2961dfb755692bb725fa2e06367551f032f734819b126c9a9,CLEAR,DAYLIGHT,DRY,FOLLOWING TOO CLOSELY,2.0,76.0,2.0,2.0
0535ce0550ac83b966ca1ab146c43c4499189c08861cc39700fb25de52fa2355b06d6b56917601125aa29108b05cd0396c791f82a0d97a852e9e3af5da369cd0,CLEAR,"DARKNESS, LIGHTED ROAD",DRY,IMPROPER TURNING/NO SIGNAL,2.0,57.0,2.0,2.0
0535e2d5f05f99bb7ba1afa286ceb90f23f0fe99aaa51ba8bebb3288556ed5f19f4be3804f49955e5ef959a5c45a06bacedd9c59639a5915e6de2a212ff8def6,CLEAR,DAYLIGHT,DRY,FOLLOWING TOO CLOSELY,2.0,49.0,2.0,2.0
0535feead0d114826cfe8eb19084a54b4703bf798b414daef373b453746a5df75f9780e1ae7f4527f6038d0882b1c03e368c4d369bba1df14c2122cf13ba10ad,CLEAR,DAYLIGHT,DRY,FOLLOWING TOO CLOSELY,2.0,20.5,3.0,3.0
053602935294939405667602b465c6190b95b3c695c858936a41a315d162d207aa77cfaf8fa83fa5dcccb743d9f6840b21b8f99e013ce95b87d4d279f040a683,CLEAR,DAYLIGHT,WET,FAILING TO YIELD RIGHT-OF-WAY,2.0,27.0,3.0,3.0
053604fda633774818cb1b7ad739bfab096ae00893985165c9a96f113999de2d00e5f75b260193df98ad945b7c77d054a3b4aa772d0473daab6d805c3ee9af22,RAIN,DAYLIGHT,WET,FAILING TO YIELD RIGHT-OF-WAY,2.0,35.0,2.0,2.0
053617c910d9943dce37a3782b71aa3296db82b7ae324d2aa35513b7f7f5f7a36bbf9a8d95c15cdb064ffa12cb259046bdd94d769349255293eb952336ccf150,CLEAR,"DARKNESS, LIGHTED ROAD",DRY,EQUIPMENT - VEHICLE CONDITION,1.0,15.0,4.0,4.0
053628c9ebfa73c69f6c5fae890498d6cde7d4513dd691c9485d32e4382fc43a6f933e74fe05994366df0d175a45b98dd917f60efde248a832529e245c72a5a0,RAIN,DAYLIGHT,WET,FOLLOWING TOO CLOSELY,2.0,37.5,2.0,2.0
05364a9ed2ee8f8b99e2e3627d8e244a27b271c732852c1593e658cc16b80a8a19e690bc8b7d1830675d450310b897a95eedd7b887c41e67bfbc35cc97efa86b,CLEAR,DAYLIGHT,DRY,IMPROPER OVERTAKING/PASSING,2.0,30.5,5.0,5.0
053662da24776e360809e60581dc2fb4c2dbbcfb6699e7d3763169cd1e2e11b6471b01ae10ef102d19551285f0f625d53677859be5c6a4177c01a41ae1510875,CLEAR,DAYLIGHT,DRY,FAILING TO YIELD RIGHT-OF-WAY,2.0,41.0,3.0,3.0
053666eac6afe2fb27df269c0b112bd5edfa98668ace18a3934e02da217e05bfeab62f6b65eb65aed2310ee62c3fe6c1d1bcf409a6985da4b1d8b354618dbe9e,CLEAR,DAYLIGHT,DRY,FAILING TO REDUCE SPEED TO AVOID CRASH,4.0,35.4,5.0,5.0
05366b2b2f91191da9bfc704b80a7064ebe25a51c5457d9d9e10d6c0cad905d7c92eb4f0903ca5f9753919d9fc60e0b33765042aa709d106a242b11b4da84541,CLEAR,DAYLIGHT,DRY,"VISION OBSCURED (SIGNS, TREE LIMBS, BUILDINGS, ETC.)",2.0,37.5,2.0,2.0