crash_record_id,weather_condition,lighting_condition,roadway_surface_cond,prim_contributory_cause,total_vehicles,avg_driver_age,total_people,total_injured
0536976fd09eea016cc1bdcf6fe975e299c43d83868af89727a0ba5687c083e6cccbe2bcbc65db4bdfdfafcbdb4d05fcec5c94dc451d691e34446463ee93667c,CLEAR,DAYLIGHT,DRY,FAILING TO REDUCE SPEED TO AVOID CRASH,2.0,42.0,2.0,2.0
05369d480886ab34d7ecce1b54ca094ccdb8437965b7f8d38f346fbfb84e0647dd723f11bc053d21574176a98b9748fa00cc7936f1bd46d4983f3509ffe3f00b,CLEAR,DAYLIGHT,DRY,IMPROPER OVERTAKING/PASSING,2.0,34.5,2.0,2.0
0536a788e353520bb913e2ca41aa7d22f504e8a163f8f1b41277e673d66c5f46de4052e1faf479585cd34876a680e7650f20a3bbdf340683e16516a0b4fd5501,RAIN,DAYLIGHT,WET,FOLLOWING TOO CLOSELY,3.0,50.333333333333336,3.0,3.0
0536f353188530d8a1ed8f82e2b2c61849dd4b77f9aa45766c8b4e5d0c3c4684e49e98a506c0f6589daa416f88702338e1c2f7b932c6477f6992aebcee493af4,CLOUDY/OVERCAST,DAYLIGHT,DRY,FOLLOWING TOO CLOSELY,2.0,25.0,3.0,3.0
05370b47da4c02783798ffacb8ccee58f04681a0da719d0300b3bc03b1ef0cec0a379b7c0f10ccb44e18714aa4d4c1771f9bc0509c5e3bd60a2cc7f37c9abf45,CLEAR,"DARKNESS, LIGHTED ROAD",DRY,DISTRACTION - FROM INSIDE VEHICLE,2.0,31.0,1.0,1.0
053715c2dcb4a21390ab86e94952184f5fb66827ef4f85e536a26d13b7e82007e728b7521c739acd4179dd3686174ec4daad700d910449af390a567a7186cad0,CLEAR,DAYLIGHT,DRY,IMPROPER OVERTAKING/PASSING,2.0,25.0,1.0,1.0
05373f85134c3c1e5fc99a4dd309199ca625c1b4c4dfb977e5e50d5bba65de2de5db9dabb177934b0fa6c9618dcf31059c5e42d83b133c1afd234d8c6a2bee8f,RAIN,DAYLIGHT,WET,FOLLOWING TOO CLOSELY,2.0,40.5,2.0,2.0
05375d1272926fbbd06801c89ba0c63201e6819299a812729b918a964143e14125dd06c32df4fcaa638d838d30ec22a463eab977baf4efa46eb2300c5bc8ff43,CLEAR,DAYLIGHT,DRY,IMPROPER OVERTAKING/PASSING,2.0,57.0,1.0,1.0
053791b05bedce8453f381c591e5a072bdcdd61007031621c1891bad597875d47490203ca23200160eec0542261508109a4435e63ecba5f792e874abca54ee85,CLEAR,DARKNESS,UNKNOWN,FOLLOWING TOO CLOSELY,2.0,35.0,2.0,2.0
0537d0070abfe917bc83a842b2d8f49efaf71809db3af0a2ef7521d2b1a968aa9c1df12e18be32c71d9a4f5b89e88a2aaa10388fecaff3486e10056eb1f906ea,CLEAR,"DARKNESS, LIGHTED ROAD",DRY,IMPROPER LANE USAGE,2.0,45.0,2.0,2.0
0537d7ad488d616082156459369abb1e00fb5c45afb3059ff2f27fc711ce8ba6f103c4588e49298804d2a7fb6f7e3454474bc94f8093599602697d3a4977188e,CLEAR,"DARKNESS, LIGHTED ROAD",DRY,FAILING TO YIELD RIGHT-OF-WAY,1.0,31.0,2.0,2.0
05380ddd9289922614d3810831840013aa7d81801b7a42019f33c2ce091a006f4028cf5d108f7919ad8e827eca3b19cc607d0abd8d30769ec7f675d72b9323c3,SLEET/HAIL,DAYLIGHT,ICE,WEATHER,2.0,46.0,2.0,2.0
05381aef1c8e4e16cd6cdbc75206d833adfed431b7a54597fd646260bd013dc020cef088f7de56ed74b66c8e1c597708727587da7ad513a7fd665a31a025d073,CLEAR,DAYLIGHT,DRY,IMPROPER OVERTAKING/PASSING,2.0,65.0,2.0,2.0
053824955ba59a8f58b8220d28b1332aa4d689bbfdfc46ba4b7e950ffcae77d480f3cc35f48aa65ac5781e27d728eaba66e1c34bfe78560e2738a511cc6fbab2,CLEAR,DAWN,WET,PHYSICAL CONDITION OF DRIVER,1.0,29.0,1.0,1.0
053837460274eb45b4f5fb51c7a7c15dcafae10c890836912e104350e5efcaab30024a8d38a45d1b234fb97bd1a2329dbec4afcf2356ec32be07e1e1d2c83e34,CLEAR,DAYLIGHT,DRY,IMPROPER TURNING/NO SIGNAL,2.0,56.5,2.0,2.0
0538404ba48eef2f116fe976ff4c4a1f888079d1a230bd9417e73da97b2b374dd292b5f477b38da28f84f6e55ea5631a8a6c32d018fce0326b678645c030c5b5,CLEAR,DAYLIGHT,DRY,IMPROPER LANE USAGE,2.0,22.0,2.0,2.0
053852a9fd8785252363d45f31970f7e5d962ebf5f8803418b0515a706c00500bfe18ec51234134f5e3ab0b8a10ddeec85ce8771292e751a64db9b9dbdab3f58,CLEAR,DAYLIGHT,DRY,IMPROPER LANE USAGE,2.0,20.666666666666668,4.0,4.0
05386dd61249ac43ce754aa0b6726dee78f3309d7ef8df6dfd9d3b59d8848f7c8316bd20152ce87bab06ef148351b41108a841744fb5301cb393fdc6b9445ac5,CLEAR,DAYLIGHT,WET,FAILING TO REDUCE SPEED TO AVOID CRASH,2.0,28.333333333333332,6.0,6.0
05387a29f33398f2ffe51ed2b2c64d17c203380db0d92d08dc45431a25973fd32eeae8ef69d58443f543c804699c588263dc58c23c6d2dd8e452693463a9e4a1,CLEAR,DAYLIGHT,DRY,FAILING TO REDUCE SPEED TO AVOID CRASH,2.0,52.5,2.0,2.0
0538c502aecf948d4c8271d59b8e8a50c099b37211e0bddc30bd56c5f4b8d1a7eee2e91bf6f5882132794e3730ef6ebbe63e7a36c5cc73fc808844e46b778370,CLEAR,"DARKNESS, LIGHTED ROAD",DRY,FOLLOWING TOO CLOSELY,2.0,36.0,2.0,2.0
0538ca53d1d7280ec5af94f67332a46207ec157985ee40c617ab7f6cdf1baeb3bd4bf1fadee32c34a001b678ce1a1b371d79cfdf41196b427b41be1d4b74a919,RAIN,DAYLIGHT,DRY,IMPROPER OVERTAKING/PASSING,2.0,37.5,2.0,2.0
0538f081b37432f2d9f4754c06eb58c663226f4bfc20328a3342718f5015779ae4421f190707d4a2b8f1a84de2ec56c5914b5a0870ecf8c76102f1b29b656651,SNOW,DAYLIGHT,SNOW OR SLUSH,IMPROPER BACKING,2.0,41.0,3.0,3.0
0538f622fa69ab7e5b6d6fd2c0c475acc86f3a5ff2314dcbcaa47fcc97ede8ffaacf359b9d52ce4c39910a4cc7b38ae6a75c43ee925e03773e2e4fc26439f110,CLOUDY/OVERCAST,DUSK,WET,DRIVING SKILLS/KNOWLEDGE/EXPERIENCE,2.0,29.5,2.0,2.0
05392dc337d53a3471095a1e18575a3a5b41624d1c3200bfbda3935bb32099a581a35cc768acb9cfa156c97720eb1a9af0de2994749c7a2388fc97c9af8fe171,CLEAR,DAYLIGHT,DRY,FAILING TO REDUCE SPEED TO AVOID CRASH,3.0,28.5,3.0,3.0
05394eb2b81ba88eeece56a8ebb93f7f0f9a2fbbe7cc80efd90b49a805f51285adcb14ecbbee9455aaf08c030d8a34f80b2d8c9f1a3efe1069ef819b469d7bfa,CLEAR,"DARKNESS, LIGHTED ROAD",DRY,DISREGARDING STOP SIGN,1.0,23.0,2.0,2.0
05395e9c30cc821c09ab404552fdea3d210c4b66bfc675b1b6a5bc1d74eb6a47735c6c12c2c2170b1aeeb4f70d50977ca1b64d1500fb4e3d913eec4d89c2259a,CLEAR,DAYLIGHT,DRY,IMPROPER OVERTAKING/PASSING,2.0,37.5,1.0,1.0
05396708fb35a04068791d07544f2cfa0bdac07e030581f026d1f47f57569948d03701b3b9d48b37383c08388e90f413f639f27e2de93a9e5f23abe280eab6a7,CLEAR,DARKNESS,DRY,IMPROPER BACKING,2.0,58.0,2.0,2.0
05396d68b021ff3732b7f06b73607fffe9a85acad91e8702b90e80c6df938dae775ada7c3983525054bc0a874c6e5f32c409ca2dacbbe88d59d21932e92bb849,CLEAR,DAYLIGHT,DRY,FOLLOWING TOO CLOSELY,2.0,30.5,2.0,2.0
05396de32f4fa0a6c1500db42992c2ba5a2ef6142ceee62c09e072e565351690861a817adb2c116b43db06f45fed4b4a3066503452ea42bdaeb355498ea72391,CLEAR,DAYLIGHT,DRY,FAILING TO YIELD RIGHT-OF-WAY,2.0,73.66666666666667,4.0,4.0
0539707485f589db7df2c04a747b37407440456659ae0a59915930e609b1d9e60c7d5291876f2ddd9daa69f91039ad0e44cd05c6e60ea7811b7992a2997d1277,CLEAR,DAYLIGHT,DRY,FAILING TO YIELD RIGHT-OF-WAY,2.0,75.0,2.0,2.0
053970ff9fd5b00d5011cf04fdc588ea79dca1abdaa3fc09405e11c4c890f3b088f65e64c6475640d99e57964d2242b9426995447a0a89652f4a8e051a30f69a,CLEAR,DAYLIGHT,DRY,IMPROPER OVERTAKING/PASSING,2.0,23.25,4.0,4.0
0539c6769b82e2f8a597b8f360864c05fd1c1cb82f10e6e67f73dab80f38a4953b92e11424359ad18af864c94f5dbe279c00a45a1ebde1db2c3150e2fdb04b2f,CLEAR,DAYLIGHT,DRY,IMPROPER OVERTAKING/PASSING,2.0,33.5,12.0,12.0
053a75f1fb27467907ff3c8d80d35f6bb6b3d992bfd54d37e25e8310c0cc4cae0923f8a489f6ffaa538407f3a3c573d1d6eaac4dc6356aef825f30092ff79394,CLEAR,"DARKNESS, LIGHTED ROAD",DRY,DRIVING SKILLS/KNOWLEDGE/EXPERIENCE,2.0,29.666666666666668,3.0,3.0
053a7ffdb4ccb599938f7551104fe96142eb0d817b52cf954b167e5ac637c4fa19927ce8ff9fdc6b317a27704a97c35f35b21649af6b2214e1fd64540063c231,RAIN,"DARKNESS, LIGHTED ROAD",WET,FAILING TO REDUCE SPEED TO AVOID CRASH,2.0,37.5,1.0,1.0
053a873fe671e2c72bd767f005ffbc6a2135ae953b8e7f8e9d06278d40d076c4cdf801d63e08bdd485802c193b2dec09955aba07019ff3216b3303533427843a,CLEAR,DAYLIGHT,DRY,FAILING TO YIELD RIGHT-OF-WAY,2.0,53.0,2.0,2.0
053aaac7bc27171a91587ab1fd80a0b0512350e85b63caf9261ecace2ecb275d0cbb1c9492b4c6199f89014de81e038756b080fa6017042e4c5c570a94c18d73,SNOW,"DARKNESS, LIGHTED ROAD",ICE,WEATHER,1.0,60.0,1.0,1.0
053ae33ca20131fe14bd2d047e006c3b5314ff78465b4004f442b473f9e7dd766417eda3158e66af7e1ea656624e3a586375e8749d8b9e2e86dd310177a3b37f,CLEAR,DAYLIGHT,DRY,IMPROPER BACKING,2.0,54.0,1.0,1.0
053b10b220afee92681b0a052bf462e4e7e3ee688981e2e26f09abcc79eb0bae16ad4b19de0c7727c70df695030404b67b575a0388840f803409d65bc25ea44b,CLEAR,DAYLIGHT,DRY,DRIVING ON WRONG SIDE/WRONG WAY,2.0,44.0,2.0,2.0
053b47cfe40a0336387b22815ed9f133e53af37efd4e916e705391b37c9178982bce7781d9e421fd328cb0beb6c3766c0c74ff488bc8dcc094e62a3cea0c52ec,CLEAR,DAYLIGHT,DRY,IMPROPER LANE USAGE,2.0,40.0,2.0,2.0
053b64f31710f54eb4fd940f3a7353a352b2d17ae3564a37e78ed0ed386dd22430d4dca5912276828bb265b8c8c3f74315a36dd46a2b41be2c580d8d6df229ce,CLOUDY/OVERCAST,DAYLIGHT,WET,FAILING TO YIELD RIGHT-OF-WAY,2.0,32.75,4.0,4.0
053b68b9b294f07c99328e38a7c88dccf8303dcbec5dba11a0fc73b12c8d506ce8c00745ef5f77817204d1b0a2ba2741881254fa70a58ae1f50c38d138d10d3d,CLEAR,DAYLIGHT,DRY,FAILING TO YIELD RIGHT-OF-WAY,2.0,48.5,2.0,2.0
053b73303117b3e373f1c1394bf7620c8debdf620ed597da0f1eb3643cea6329ece504909f39e01fdf174b40c523a61ff0569982057ae59574324b6453a444cd,RAIN,DUSK,WET,WEATHER,3.0,38.5,4.0,4.0
053b7e116bc6dcfef89f4131db49835532f83f94bc5d54307bf94311c9f82927e0d921f0635d8da3d41ef2fd10ab60186475879e1da28e56aee7735efb9890f7,CLEAR,DAYLIGHT,DRY,IMPROPER TURNING/NO SIGNAL,2.0,38.0,3.0,3.0
053b90a70d02176a2ed622a537f9f57d684135be3084e77affb008ebd5347f5e5b1a46b6b9218b2c931adebb108bfc384219cbebac68f97c3575c9a853d905d9,CLEAR,DAYLIGHT,DRY,FAILING TO YIELD RIGHT-OF-WAY,1.0,86.0,2.0,2.0
053ba147b184a3063718809e459c1dff1e4db0227f9dc0982c6fb9016a4d91625b292c26802a40c34443be816195338b44006d902523c2b98ead50b8eac15306,CLEAR,"DARKNESS, LIGHTED ROAD",DRY,FOLLOWING TOO CLOSELY,2.0,38.5,2.0,2.0
053ba4274549c4fd97781fcc7ce3a345cac2da0dba236401b0d9e993842717098565e46cc96e4ecd4ce436d2c2c26422207ba981764d489495f1eb86360994de,CLEAR,DAYLIGHT,DRY,IMPROPER LANE USAGE,2.0,65.0,2.0,2.0
053bc57a94b9d3d6da1477d80ef70b071555410ca79b7fbca7d17b30ac2002799acbfc6b43b6b274378422dcbdebaa8c53ce558a2e259c758e34a68089f5d575,CLEAR,DAYLIGHT,DRY,FAILING TO YIELD RIGHT-OF-WAY,2.0,53.5,2.0,2.0
053bc7e0264376700698c7d2e755600b37a31c2a61ef75ab36789f8bdd7fa2ea1fa00bb5cf6c8cc8093763e3ba5b85482637564098fb85e02589480557849604,CLEAR,DAYLIGHT,DRY,FAILING TO YIELD RIGHT-OF-WAY,2.0,55.5,2.0,2.0
053bda7184885fb23847106fdbe1cceac9b861c3d376c0a703d18699a0b52617547cea9380ace1612719282d6e5c42a4b0fc662b0468dc4ca9e76c388a6936f2,CLEAR,DAYLIGHT,DRY,FAILING TO YIELD RIGHT-OF-WAY,2.0,35.0,2.0,2.0
053bddf084bd579a902b84415a256f6f6819dca39702cec973b881ec6e2fd1e0c81d5e9a767738ee2ac4d26b36eab49acb190a9a90fab1e0d8720cea6186b2d0,CLEAR,"DARKNESS, LIGHTED ROAD",DRY,IMPROPER TURNING/NO SIGNAL,2.0,34.5,2.0,2.0
053bee42fb14ee470f08383c655f95e8be0d459f6e529be9cbe05af4ed765525fd4ec1e75c8a8db9d690e9e0a42c007c9ba1796981a3246ac663f298d6280ef6,CLEAR,DAYLIGHT,DRY,FOLLOWING TOO CLOSELY,2.0,37.5,2.0,2.0
053c31290d872a1a333ddd543d155d018722d1d81efbd9379afa09bf8e9bf92418188ab24ac9b01e343fee842138480a3e2a1be4e02c75db2e01c6d1d91b091e,CLEAR,DAYLIGHT,DRY,IMPROPER OVERTAKING/PASSING,2.0,82.0,2.0,2.0
053c5bf6db271ae1322d6960d5cfcc93069410d0d8a89941670c649260955d98186181c0d289ca6d31110fea2e7f51dd499a431632c9aaedd2f9b2bbbeab73a6,CLEAR,DAYLIGHT,DRY,DRIVING SKILLS/KNOWLEDGE/EXPERIENCE,2.0,25.0,2.0,2.0
053c6d2986cbb8f90adbd9beb0ac74fcce6fb3c29178cbaf58a45af8a5fe1037d09c377d2296e15e99ab2589fb13c99d6c56f278a7116db5429ffe5382f65c1f,CLEAR,DAYLIGHT,DRY,FAILING TO REDUCE SPEED TO AVOID CRASH,2.0,43.5,2.0,2.0
053cb0c4bc9d011cc7009b60a4d19f0dc9fa1cad8297f25b92824f85ad71ffc95572dfb90f29edb91976f5fb44e6cfb6c7d6f359d18be5a48d551f2315ab4fd1,CLEAR,DAYLIGHT,DRY,FAILING TO YIELD RIGHT-OF-WAY,2.0,39.0,2.0,2.0
053cdc7a2fe7a2e4e116fa8712ff1c0339d37aa186bdee5f63c54d708822b64c2db74710757d3962fc1d6a3e038841f1b2835be51b926a028ada163890fa78ca,CLEAR,DAYLIGHT,DRY,DISREGARDING STOP SIGN,1.0,54.0,2.0,2.0
053ce08776b96894d0683aabba940431f5173dda7f9e99466ecdc3716e2bc931f2a5414762388d7b4476d36ac10f10fa9263b0a3ed53883593fb18b83dfb3b0d,CLEAR,DAYLIGHT,UNKNOWN,FAILING TO YIELD RIGHT-OF-WAY,3.0,54.5,5.0,5.0
053cfba8c4e18bb27ee6389bd81bf8027847ff25fb99a02b2d247b49c23ca3e885ab465bb3afb9cbac6a88ed7318274a2d9e2a3418ecf4ab3bb2739abf4f14e0,CLEAR,DARKNESS,DRY,DRIVING SKILLS/KNOWLEDGE/EXPERIENCE,3.0,41.0,1.0,1.0
053d035bee41601be2d640048c0ca8a3df1e36f93b9d5fd81e1524afc69a692646533e9ef1eddac825006c07a97cd070806561975063ce2d4d26a8db55585822,CLEAR,"DARKNESS, LIGHTED ROAD",DRY,DISREGARDING STOP SIGN,2.0,45.5,2.0,2.0
053d06ad629c20c0d217074b0b6c5005ffa5a895bc049fe7510a722bc161922b719215e0e942429871173a84eb044cb55b09e224c515e28c5b76d12514c2a445,CLEAR,DAYLIGHT,DRY,FAILING TO YIELD RIGHT-OF-WAY,1.0,21.0,2.0,2.0
053d174fe17ceae6465bdba5c6dc8ce477836369dd1f1ae6792dd7345079cde307eb133c09092fdcfe90e13928a0c2b414f2c5b3b4dd09d16eba57cea8fec52f,CLEAR,DUSK,DRY,IMPROPER TURNING/NO SIGNAL,2.0,28.0,2.0,2.0
053d57d7efd951ca4defd9d013afe12c325beb162e33f40ea26a95647619fab298b6a3ae0db841b1cffc4acec3e9a0fc07fa388e46352d934c43ded0b2540527,CLEAR,DAYLIGHT,DRY,IMPROPER LANE USAGE,2.0,62.0,2.0,2.0
053d5d9a3846c5a134e443f5422bcc942e077f7587cb1675c9484bd0fc9ecebae66db8c5d2dc388aa6ca5adf70f4165b1830f233070351df50a66109f0a7a977,BLOWING SNOW,DAYLIGHT,SNOW OR SLUSH,FOLLOWING TOO CLOSELY,2.0,37.5,2.0,2.0
053d8c93eb0e53e5740b186c482625be36109f1588d47bd0b7c42ee3ac487fd71aff53e1f75c3c206cf4d63af732a1b5c469517d1b43a09d46f9f2b848285e3e,RAIN,"DARKNESS, LIGHTED ROAD",WET,DRIVING SKILLS/KNOWLEDGE/EXPERIENCE,2.0,57.0,1.0,1.0
053da654afa5b2fbe1d5cea65cf8be4948099f097c686cfd277fbf42b5d523ba9bfd491342b02a528917fb91a0274824a881f3d408c015a8d187bf46764e97fc,CLEAR,DAYLIGHT,DRY,FOLLOWING TOO CLOSELY,2.0,24.0,1.0,1.0
053db6168cab55a0196e3bca0084f4cec9ba04919b3e998ae25fe8019e7352a4ad1cf4eee6d4be95b965df11d942dc31c6e227c57713fa65cb97e9c2b06667c6,UNKNOWN,DARKNESS,UNKNOWN,IMPROPER BACKING,2.0,63.0,2.0,2.0
053ddc7e17c37fd267b147b68041a162d8dd4fa9804ffc54302d274f0059a414c4f5688b36b5eb66daefbf3fa53bd151405ba0b89378f6c996c8bf06d9eead9c,CLEAR,"DARKNESS, LIGHTED ROAD",DRY,FAILING TO YIELD RIGHT-OF-WAY,2.0,40.0,3.0,3.0
053df47fda2b261ba04a4d6bcd48ffff1f14a1db081117a73059cc34e5aa8d507aadc1ef50d457d1ffcd5d66dbd69531abf2e7cb29939814042d9f66653427c7,CLEAR,"DARKNESS, LIGHTED ROAD",DRY,FAILING TO YIELD RIGHT-OF-WAY,3.0,28.0,3.0,3.0
053df9275331e7e63e2026b1836c6af7177ae28d18ec44bdafe61bd8333b049902c3a6ce90b52b6bb5c93badab5386c2f54f1b98fdcf91ef6d5b38d59c7e96c6,CLEAR,DAYLIGHT,DRY,FOLLOWING TOO CLOSELY,2.0,44.0,3.0,3.0
053e15e471620f87ccea6ecf466230d0dc4a239e1d09e7f83fa9b5617f4964f0eaf5487cbedc77481ee1ec90631124ad842f2334db6b73eb41d773533d1a6bf3,CLEAR,"DARKNESS, LIGHTED ROAD",DRY,FOLLOWING TOO CLOSELY,2.0,26.5,2.0,2.0
053e40a492db1cac6a5e75fc2ab25c66106bee4b12bf553cfa1563a37cf27f8e819748df0098d58b5e3cdced75483cab95cdd7f3cc25aa339f5e16bb0768f073,CLEAR,DARKNESS,DRY,FOLLOWING TOO CLOSELY,2.0,33.5,2.0,2.0
053e4acaa28b8f71a7813b5c66de249d44989514ec28cf73243b9a5c5e71d716da83ccd132d80b072d27484b042a5c9cd363182ac751ce5986a7654680fc1dc3,FREEZING RAIN/DRIZZLE,DAYLIGHT,WET,FAILING TO REDUCE SPEED TO AVOID CRASH,2.0,49.0,2.0,2.0
053e631fb58130eccb68a85e72717000ec6cc4b2dd81075c6bffeb95e761eef70222fdf40c02e37037055aac2f12485f912566580e0e1436863eb44c03f30703,CLEAR,DAYLIGHT,DRY,DRIVING SKILLS/KNOWLEDGE/EXPERIENCE,2.0,37.5,2.0,2.0
053e9313c0e59d046194567b367715e342acca858ac819a1fc25ce0e3724afabe36467bccd822c6b023cd1d801ed73a6cc339eae2c78f2b26d32d824444232c9,CLEAR,DAYLIGHT,DRY,IMPROPER OVERTAKING/PASSING,2.0,21.0,2.0,2.0
053eed08d93c374069ef7b37c347d03d48233edf59d775067df66fbea8a0b4081a3a6acf1e75b97cbf5961d5e7f6cc34cfb95b846c75844fdd3e9a16784cb728,CLEAR,DAYLIGHT,DRY,FAILING TO REDUCE SPEED TO AVOID CRASH,2.0,32.0,2.0,2.0
053f1cca646cd4870c7a85decb51744fb6d040fe0944206a38238c983d2fbfb5e07cc85a12d5252fa41d34712bcf640364cb84665c354d0970eb06a76f958ad0,CLEAR,"DARKNESS, LIGHTED ROAD",WET,FAILING TO YIELD RIGHT-OF-WAY,2.0,30.5,2.0,2.0
053f2d7d197be9d7b292215a57e89aef77f18c2965d82460aac7cc0b41d8b4dbf76c418a6656efca917c427c30ae014799935c546437a6c4dbb2da1848c6c412,RAIN,"DARKNESS, LIGHTED ROAD",WET,WEATHER,2.0,27.0,2.0,2.0
053f3c37f09544bf2cee07f45697d113904fef03529420acd4b6e3b58d9f6f68a2056d6a71b0711ea555af04b648ea79f07bb61ddcac5783e14bfc29d57c1a1b,CLEAR,DAYLIGHT,ICE,WEATHER,2.0,37.0,2.0,2.0
053f4cb57ad7ecedd4d1e878539b1303d57796cb12453462f8ff85916e4cf55b73acbbb47e9831ad17efe554e11fd96d0ded7a9d61aa6cd41d559983e83cf9b2,CLOUDY/OVERCAST,DAYLIGHT,UNKNOWN,FOLLOWING TOO CLOSELY,2.0,45.5,2.0,2.0
053f5648458d25c662bd655241e4a2d00ea7f42755a7a9b3813134290e05a73a9d3ed294716acb6a54feaef0622971503fce9c516183e604aae0631b3da8b7ee,CLEAR,"DARKNESS, LIGHTED ROAD",DRY,FAILING TO YIELD RIGHT-OF-WAY,2.0,39.5,2.0,2.0
053f58c52abc9c52945002051838613925c877ddb2a170e236feaf060197a96ef70c46a9589c8d641688a0ab627c5d20e135b99be244c582e3cdad94628b0925,CLEAR,DAYLIGHT,DRY,IMPROPER BACKING,2.0,37.5,2.0,2.0
053f59d1055c1fc62150b9a6f0601925bd61574b1e0605e65eb961adbd40d82529a5aa5ebb502eebbecbf6a8f282497b81b1682872fb42f391da75a9bd79cbf7,CLEAR,"DARKNESS, LIGHTED ROAD",DRY,IMPROPER OVERTAKING/PASSING,2.0,38.5,2.0,2.0
053f76a9b836d4d754b5c8b7f5ec20b7f48254a8aa96d815e6ea0cf74a2f5f828e33f8205af04c99a5cac8d1fe64cb7946f3fa839fa12cdb92d4fb9a0b782b40,CLEAR,DAYLIGHT,DRY,IMPROPER BACKING,2.0,37.5,1.0,1.0
053f846358163272d4024ef942983c4842bc33ac8778ed180d3554573024418fa48ced8938aa59c90626400d173545f830458693127a5c8b496c074d6a4e759a,CLEAR,DAYLIGHT,DRY,IMPROPER OVERTAKING/PASSING,2.0,66.0,2.0,2.0
053fd042abd2f52cae9ea2a79425a77443c1b7e20e322589cebd6b1306ad861e48d8878c4636c996154c954f0dbd3d50f3e03d4c8a867567e646894349fa404b,CLEAR,DAYLIGHT,DRY,DRIVING SKILLS/KNOWLEDGE/EXPERIENCE,2.0,31.0,2.0,2.0
053fd5bd188f49235d27a812a8cdd32e6a3f91d1cc7256d56281a81d6d702d2a621df1b6a3b8f690e9a7cfc5a27bae11f33df9b9d8091ddbe5db33aba00581be,CLEAR,DAYLIGHT,DRY,IMPROPER TURNING/NO SIGNAL,2.0,42.0,2.0,2.0
05400a9b2076dc859ef6a78d9dca2d730fb29f7caf3c7266cd4691eb0844c29a74b7be8b89f8ffbd717e1b5bb645393379941dea484d7e54c031550b584232e1,CLEAR,DAYLIGHT,DRY,FOLLOWING TOO CLOSELY,2.0,52.0,2.0,2.0
0540274e17235ebdcf8151d4ebe3b4c978a205f74f9bd65dfb0cc6e1fb28d8d9886551e886b9342079c4637a3920f857c0cba3a67f8e8c948c01b2d8f916f3b2,CLEAR,DAYLIGHT,DRY,DRIVING SKILLS/KNOWLEDGE/EXPERIENCE,2.0,56.0,2.0,2.0
054073ab9c041f9e1b1c6bd5c7d00edc2db709d866d7a99de55151b6efacf4fe1f1e8f95c58a01c47cbefee05d76030833f5c141d143d0ab2ce18af537004dae,CLEAR,DAYLIGHT,DRY,FAILING TO YIELD RIGHT-OF-WAY,4.0,30.0,2.0,2.0
0540c6ef878283d78b566ed992b7e1480cef90ae7095658d76a70cd601964e957ff7aa7bfb93e7480efc8fe61433f73babe3dbae11171b584c568bce2d817575,CLEAR,DAYLIGHT,DRY,DISREGARDING TRAFFIC SIGNALS,1.0,26.0,2.0,2.0
0540e5f40faa8fa484f5c0a2227af9b36ca3dd49937bb80f73c2bf80b3745d83d883d5971521d203e20586b89af9889750da2abee827b1f1eb805cb4f72d6d0a,UNKNOWN,UNKNOWN,UNKNOWN,IMPROPER BACKING,2.0,52.0,2.0,2.0
0540f6e3eb2d3e618cf8e1a7e7529d342ee9ee39ab647d95a73b1bc293c6eef0e2a980b0985c1502e07747202ef225f533057e4d8cc2e4ae7edd9eab3d8f88b1,CLOUDY/OVERCAST,DAYLIGHT,DRY,DRIVING SKILLS/KNOWLEDGE/EXPERIENCE,2.0,37.5,2.0,2.0
05410745aa212535cfce82434131774d7c4d956c9f830ce2b0786ea1e76379f552c2c6d2fd6a2702cd646cc304a59e900abfa62ee26bc1c340ff448f760da82c,FREEZING RAIN/DRIZZLE,DAYLIGHT,WET,HAD BEEN DRINKING (USE WHEN ARREST IS NOT MADE),2.0,61.5,2.0,2.0
05411a8277d9b0f00c3e6fb7b68870f8523d864b2aec8ae8842432daa85881e16b130e6b208e06eeca7d8621594efce685acafebc1a51c77d5d374f2b1dcee00,CLEAR,DAYLIGHT,DRY,DISTRACTION - FROM INSIDE VEHICLE,2.0,20.5,2.0,2.0
05415c7938e182585330cae3f03c910ce44f75860c84c23787feda85d0574eff03320ee6dd5bf75c4912ef9f5fbf9dab935e9e225254e7406d4637517893ebe8,CLEAR,DAYLIGHT,DRY,FAILING TO YIELD RIGHT-OF-WAY,2.0,26.5,2.0,2.0
054168346783b439f72aa990a91c5e02103dd936ba50081e37b2f7d4807e1254ea7e0036b6eaf9929344906cf59604fa089fa64b31bbede12624fe2a4e651f32,CLEAR,DAYLIGHT,DRY,FOLLOWING TOO CLOSELY,2.0,57.0,2.0,2.0
05416a8af60224ee9ed984f70f562b16017bd2ad5932b2fffe0559d6ac0b06953e4a0ca26b9b18e38398931133ff0450ce5ea1af6a998b9025488b6200b8c7c2,CLEAR,DAYLIGHT,DRY,FAILING TO REDUCE SPEED TO AVOID CRASH,2.0,32.5,2.0,2.0
05417517c72679cf2780f07464ba909840b46647e01ddb90d8427f28b23ca2c2c02763e0a0e615fac37a19a1cf5b140f94e0cdeb5ef2f9bbc3ef18c4c29ff3c4,CLEAR,DAYLIGHT,DRY,FOLLOWING TOO CLOSELY,2.0,69.5,3.0,3.0