crash_record_id,weather_condition,lighting_condition,roadway_surface_cond,prim_contributory_cause,total_vehicles,avg_driver_age,total_people,total_injured
05419151d4925cec82afad8435c60026cc1b5621931a0cfaf9961833249a8a3b56fab7fb950e9f94e233d645d07f12316dfae160d71c26957462543b16a07a3d,CLEAR,DAYLIGHT,DRY,IMPROPER TURNING/NO SIGNAL,1.0,35.0,1.0,1.0
0541a1bf153b03862f5588c7515f708255fed742c1f7f496a8052b694adc6eabd501031ccb1bb52e536bc391a598388af0e827ae57c0b6bde16edb8b2aca4fcd,CLEAR,DAYLIGHT,DRY,IMPROPER OVERTAKING/PASSING,2.0,52.0,4.0,4.0
0541ac48adaa49f0d54b4aeab576e1cc5b8d7d24c7723d9d60650ad5fded58b29fafb81868a9ccc26d4c0f31fe7a3b98cf2ded2ac7723ad150d5e8fa2a2d6947,CLOUDY/OVERCAST,DAYLIGHT,WET,DRIVING SKILLS/KNOWLEDGE/EXPERIENCE,2.0,38.5,2.0,2.0
0541c377b67ad33e29fe611b2f26bce516da4fa37bec1edd8fe1608250bf2906ef0b948463347333b6bcf30eb57e18be7f6575297a26c96dac96fbc8d035341d,CLEAR,"DARKNESS, LIGHTED ROAD",DRY,IMPROPER TURNING/NO SIGNAL,2.0,47.5,2.0,2.0
0541d0681e4be7e15005e7b6d7c9262a3b3e3e6bdb9c94b67c166c531ac8f718b984b866508be277d1599a1b1c13f406daf7bf6fad753971b54defcb0cdb1f83,CLEAR,"DARKNESS, LIGHTED ROAD",DRY,IMPROPER TURNING/NO SIGNAL,2.0,59.0,2.0,2.0
05421997245229a0b01f8c2b11359dbef1b86112ae0d3f86af8ce9b169c2d9b92690679cd39bf94246a75e4ba6a34c451de1fa01222aa7de9053c9f959c78d0d,CLEAR,"DARKNESS, LIGHTED ROAD",DRY,FOLLOWING TOO CLOSELY,2.0,54.0,2.0,2.0
0542314acb96d4faeeeb193aa0e0606e8d36fa3348af609c31fcbd7a394939aad279341b3998fc9163f7490b5652c54821fa76ae56c1a7bde58c518203353601,CLEAR,"DARKNESS, LIGHTED ROAD",DRY,DISREGARDING TRAFFIC SIGNALS,2.0,35.666666666666664,3.0,3.0
0542402c219e9a4c0745cd9914d7c3079ed8e5259410bd7dea5b5961dba215dd0fe7effc9e86c90b408bfff6b95751abd0bff94e86eb270363bcc3deeda6c28b,CLEAR,DARKNESS,DRY,FOLLOWING TOO CLOSELY,2.0,37.5,1.0,1.0
054245d2a99f1ba04c2cdcfb8de824ee1afe8260f1d9c0acf51b5982602322d3be9a65e762f95b83cacb5e378b7685f743f94d49f62cebc1e99ab9e5902313a6,CLEAR,DAYLIGHT,DRY,FAILING TO REDUCE SPEED TO AVOID CRASH,2.0,37.5,1.0,1.0
054260fd9508bd3ccfb0da33e0e133d0fe0c5d7da5f4f0ad6c88d6a903729e1236f0a27bcee7e02cf84a07a6dffabb16b458b07c16723e12829645a5dbd5e8e3,CLEAR,DAYLIGHT,WET,FAILING TO YIELD RIGHT-OF-WAY,2.0,53.0,2.0,2.0
054269c35e0994a4c6a1029e48754933dbb4ccf305c6adf87523ae5f3c410ce2fea4951f36c999e7e4ec0c82607d14b905fb284e1e65546fbdaac6af8d2961b7,CLEAR,DAYLIGHT,DRY,FOLLOWING TOO CLOSELY,2.0,60.0,2.0,2.0
0542937d51f43f1675d76c325555a488fedf3e607e1ee756f64de0cbcdd28a954335ca65f980fba489c93cc59326426a325e9736d5c5ca88faf9f6d4838bbdb5,CLEAR,DAYLIGHT,DRY,IMPROPER BACKING,2.0,37.5,1.0,1.0
05429d67437809e0cf732feb72b55f0b031cbd4fa61660478d70664595b620e13e95c820c2803956d07fdabcd071ac5b37e244e3d0427423bca2c6d5edb0fe76,CLOUDY/OVERCAST,DUSK,WET,FAILING TO YIELD RIGHT-OF-WAY,2.0,26.0,2.0,2.0
0542bc744f5d19afbd39aa71ce97dc2f33e46c144c2255a4f44f26d7282b0873dd9c4debb6c86c060d3c9ed77a07f4a2ddddda09d749e6b84d3b6e5d8f8a8050,CLOUDY/OVERCAST,DAYLIGHT,DRY,IMPROPER TURNING/NO SIGNAL,2.0,50.5,2.0,2.0
0542ed90ccbf5e381c9a367d81ccecc4133713d583a624668648bb957bfd3c8c4ab54fb2b4cb1befd4ce37c94ab7b4ff5c8339e9d3c9383cd9cd08cf095674f1,CLEAR,"DARKNESS, LIGHTED ROAD",DRY,FAILING TO YIELD RIGHT-OF-WAY,1.0,30.0,2.0,2.0
0543004a65f60e2cb260e8fbadcad7ba3821d53fc85c9d13e13a5557d1a6e97104880b083a7d7eb49453262ab87f014b277d63d0dbcf4ef16a247470fb8acebb,RAIN,DAYLIGHT,WET,WEATHER,2.0,45.5,2.0,2.0
05431d16dfb2b5b285e097f2e178edcc53e43eb5ddf47adbe139f0826cb5566b37599b26b7c86c3d3ffdb0777fb2abfbcdf4b263ac938252e2a098ed2e3e9742,CLEAR,DAYLIGHT,DRY,FOLLOWING TOO CLOSELY,2.0,43.5,2.0,2.0
0543290324b1996b7c0a75ea9f70e07511b918993f7cce884f652793f8a862dba2f1a2e32e13bcd4867ce175c2ed6e2003e3598b5c34b89bf6f1dbd13d2a4453,CLEAR,DAYLIGHT,UNKNOWN,IMPROPER TURNING/NO SIGNAL,2.0,54.0,3.0,3.0
05435dbde323a25250227ab80d4fbac059048811c77ed049d733725c5e8c7dc765eaf509047991d4130d1a9da5fdd91d0ac91f477ba082ed0b96c0ddd0a77aac,CLOUDY/OVERCAST,DAYLIGHT,UNKNOWN,FAILING TO YIELD RIGHT-OF-WAY,2.0,50.5,2.0,2.0
0543641e72ed13882b72efad0711b8fe38f645bd3ed025426528373fbc1c34e1b78042e28a4e99d2c7bc487d377e0fb00afadb09e0db776458c8d45a1e993ad0,CLEAR,DAYLIGHT,WET,DRIVING ON WRONG SIDE/WRONG WAY,2.0,46.5,2.0,2.0
05436ad772ba017d11150ec56a5a28b921ace3f4fbfe788e0a075c01b83cfd9dfb81d83031719e58c346290b2b6f5be9a56dd6cf36a04f176be65323408b2fc4,CLEAR,"DARKNESS, LIGHTED ROAD",UNKNOWN,FOLLOWING TOO CLOSELY,2.0,26.5,2.0,2.0
0543793f4f8f3c62df2ed141f087fc157eeceed472f1c22b7528cfad145c8f31a7763548a253cad97eedc98424b78396fd2e734d33f6e121af8cd367762f46aa,CLEAR,DAYLIGHT,DRY,DISREGARDING TRAFFIC SIGNALS,2.0,30.5,4.0,4.0
05438929b73d05f155d264ca0bd6979f280f592be99ba1d8c39ace6c48d0883b9333a96b9795e957cb74b0932b0f59dab6cffcafeff4d7d9a64fa19725e206c8,CLEAR,"DARKNESS, LIGHTED ROAD",DRY,FAILING TO YIELD RIGHT-OF-WAY,3.0,33.333333333333336,3.0,3.0
05438b2b995244ca07c7d8193637b901263a40912931de55462e66c376aed49a77dd7d286e36b85be75f4f86af5a4a6ebbc7042b3efadc173ef4a77d750f204c,CLEAR,DAYLIGHT,DRY,FAILING TO YIELD RIGHT-OF-WAY,2.0,36.5,2.0,2.0
054390716f84590cb912c55df7614aa4c670fa1e79979fcf36abe84f2f6a9a946a0f6fbb8726a680a6146e20262659474999e5ea430ecb4b00c12dd4adc0d030,CLEAR,DAYLIGHT,DRY,FAILING TO REDUCE SPEED TO AVOID CRASH,2.0,38.0,2.0,2.0
0543de8d7626cd0a31c97aef574619e9c5444e75530f67eaea6081dbe8013464f2adc3520ca5a6e21f7fab87b2e09bcaa36108c4d1292ee3c9771a14e17bc1e4,CLEAR,DAYLIGHT,DRY,DRIVING ON WRONG SIDE/WRONG WAY,2.0,33.5,2.0,2.0
0543decd9f93d7a96d1bd17abdc0442b56fc728a92237e612948f491a3dcbae8cb9ecb78fbd3b2b014c806eb36d38a0a9d856ffe46a62f45f132332a30b9b888,CLEAR,DAYLIGHT,DRY,IMPROPER OVERTAKING/PASSING,2.0,37.5,1.0,1.0
0543e9c6ca4211cabf965ee57a673d87edfc3fd699b180f1eb755b12ac040ca8ef5e94bb3cbdb78e96bf3aca7fbf1b48f9c048915a45ed28521cc95c32431430,CLEAR,DAYLIGHT,UNKNOWN,FOLLOWING TOO CLOSELY,2.0,31.0,2.0,2.0
0543ea1db480ff5451ae131516b338869ed1e9260147b902931157c5f5781a114a22aa8bdf2ac8f42c2a68b0616ab647647e4a4c71385c2f97f107c38c483a78,CLEAR,DUSK,DRY,FOLLOWING TOO CLOSELY,2.0,32.0,2.0,2.0
0543f209133abbb6ce094ca884359d66f25083e65fcca659cf555317dc19aaaeb8c08c39e30a26cd2e99871f6c33d213af84cc500fb971a311c95a5db45ecf67,CLEAR,DAYLIGHT,DRY,FAILING TO YIELD RIGHT-OF-WAY,2.0,46.0,2.0,2.0
0543fd3627031e88ed1464adf23b85afd8043e8ca56948451fa83a364acd9a0ebe1dc942924ef2c571f6757556ffbd97fde694062fe175f7767483c40d4a0414,CLEAR,DAYLIGHT,DRY,IMPROPER TURNING/NO SIGNAL,2.0,62.0,2.0,2.0
054411c1279250a8c2376322452ecdcb8aabd94cf8796653336103553da814349f602bb9aab972bc597c278b83663e98dc7e1ea521576699cabdd1747f4a8cde,CLEAR,DAYLIGHT,DRY,IMPROPER BACKING,2.0,44.0,2.0,2.0
05441b907cd7cfe4dfa1101ada7ea0fb6fae855152411ee58bb073c148d9438eecd3ee8bcdf769c25d66cacc3369fec7ca8b725a8a16b01d009634f2138c9a3a,RAIN,DAYLIGHT,WET,FAILING TO YIELD RIGHT-OF-WAY,2.0,55.5,2.0,2.0
0544412960726e1411a0f1159dcaafa54d87da762c885da1156d8abb99c15811c79a38eeb2be3f4a8297ce1fa05d6805d8c652c5b8974665cceb07decde3d93b,CLEAR,DAYLIGHT,DRY,IMPROPER OVERTAKING/PASSING,2.0,19.0,2.0,2.0
054454bd0c61ba27e89cfa2f5acd3c9faf4921ca7d9cf506d193ab8471ce8d364f7adb857134459e34fb56667824dea4ec6c11a7c8b1170e8b31bdb8e220d625,CLEAR,DAYLIGHT,DRY,FAILING TO REDUCE SPEED TO AVOID CRASH,2.0,20.833333333333332,6.0,6.0
054479a3593869db8ec52d33f8cd2c25208c952274fde52817111528492d2d97f6c8d4b41d07e3c795a2ce6dea3b7a5e867bf5d0ad89eb9dd9ca72f893edcf5e,CLEAR,DAYLIGHT,DRY,FOLLOWING TOO CLOSELY,2.0,76.0,2.0,2.0
0544a286c6a7380e9a31f12945b4a70914a0d83840943e303f4b63fdd7765ff11f3978369af4589e83bb0857f76ebea9b0da1e0bc731d330f154e92eb54860c4,CLEAR,DAYLIGHT,DRY,IMPROPER TURNING/NO SIGNAL,1.0,24.5,2.0,2.0
0544de9b8c945fbfec537b06b61b4f6f13ff95d84f60a2ec2ced5105ff5aec03840ec7c6534fd8d999a25529a3c7aa7aa070e58c30c4791ece14e6545b064dca,RAIN,DAYLIGHT,WET,FAILING TO YIELD RIGHT-OF-WAY,2.0,24.666666666666668,3.0,3.0
0544e1e78ab3bc72de0267b3f432d1057c1c0b13dee7c1032dde281f8101f72945f2d5a224ded3f1a6821ac5ef57c533945c07f3053663a84e0151f769e680f0,CLOUDY/OVERCAST,DAYLIGHT,WET,FAILING TO REDUCE SPEED TO AVOID CRASH,2.0,24.0,2.0,2.0
05451978cbc1e31b0003f204faa485ee2d662861e6a95ffa8df5b7bbe1ee347e9357aae08a38fca3eaf4ad37b711e092468a0df8077e78c97fb38612416bad65,CLEAR,"DARKNESS, LIGHTED ROAD",DRY,IMPROPER BACKING,1.0,35.0,1.0,1.0
0545277837568a56cef417b2cd6ca74feacc488ac39a6c665772b4539313b292755bf4d1d759c9107648a2bd1493d939377e077a9cae02bb1face6d429b90bdf,CLEAR,UNKNOWN,DRY,FAILING TO YIELD RIGHT-OF-WAY,2.0,42.0,3.0,3.0
05453ca662773e2900f6e64826bf74bdafa55d7cdf2967f27ee51e8f3dadaf2d30630ca818da5d2cac32799ddbfe239ff1a442d1f41329a5afa4134cc7d6ac0c,CLEAR,DAYLIGHT,DRY,FOLLOWING TOO CLOSELY,2.0,36.333333333333336,3.0,3.0
05455f728c2ab0c78b116be8a11a413d77da1ec5c04d5946bd0098fa341f5983cb7ebcd39ca38d201c76e260cd9a4c6fffe44abd9b0f608e8cf90c8b8004047e,CLEAR,"DARKNESS, LIGHTED ROAD",DRY,IMPROPER TURNING/NO SIGNAL,2.0,50.0,2.0,2.0
05458233630404060cb1e2e4114d7890d4b66658696846fde8f8a8e857983da0781fdae8b040ba9ef418b420937bdfbda0772e6aea905326b0c104becfaee33b,CLEAR,DUSK,DRY,FAILING TO YIELD RIGHT-OF-WAY,1.0,49.0,2.0,2.0
0545896cb60c441ee00aee6ee19fb5faef0552ac8058e01d3df5483ccdf7edc5823acfebc93ceeea60e2b553754110bb62d6e905c3edb09db749faaa7f525bce,CLEAR,"DARKNESS, LIGHTED ROAD",DRY,FOLLOWING TOO CLOSELY,1.0,38.0,2.0,2.0
05458dc4341ceec58a3e2b87ae8ec76447527bb25ac80628b90a25f75c86897d43357c67397d1baacb688880ef0879f0939fe010612fd51b960e27cc7599a033,CLEAR,DAYLIGHT,DRY,DISREGARDING TRAFFIC SIGNALS,2.0,60.0,3.0,3.0
05459305aaa1f73924f0d631811e68ff6e7eebcc3393cc8e60b873b4bd0615960a57db33f3118053c32c72dce2cefaa94921da4eef0bd621872a1105fdd4c5fd,CLEAR,DAYLIGHT,DRY,IMPROPER OVERTAKING/PASSING,2.0,40.5,2.0,2.0
0545b3bb6ba2d51d65ae99bfda28517def2e351b19e07a7c67c5ecfbe1fd88ca231447e76a7336a427fb43f6ab07de57a35baedc17a86f804b497b7a8ca9e1a1,CLEAR,"DARKNESS, LIGHTED ROAD",DRY,FAILING TO REDUCE SPEED TO AVOID CRASH,2.0,38.0,2.0,2.0
0545f3e61b2a5bab31ff26b03ca6dceaea6327828ef8db514a926fdb7ad63740e1b55742dea8576e6e38cb4ca0ccb55eb7916cd10482e867a57e62310af957f7,CLEAR,DAYLIGHT,DRY,FAILING TO REDUCE SPEED TO AVOID CRASH,1.0,32.0,2.0,2.0
0545fc1ef208367862fa44a80e28fb1996ed888b6c1175b42c30b619eff506235fcd2c8af0180146cb99d4670b8182457992e5b33265953898eafbdc6daeae5a,SNOW,DAYLIGHT,DRY,IMPROPER TURNING/NO SIGNAL,2.0,31.0,2.0,2.0
054614d441938a9ac6b3c3721cc4fd579901c518354d51755d62bfccc83533fbfe3f25f4fe2f9cf22d10e4f5904ead4834d9a1feee61de52be75fbe5dc435e9d,CLEAR,DAYLIGHT,DRY,FOLLOWING TOO CLOSELY,2.0,31.5,2.0,2.0
0546284f95f4c761070e120a0bb61fa87097e73249e28451003aef5adb47dc5058ccecdab5af91093f16ce70b07d83e4c4728f9c8737a80a86d5a4faae92d20d,CLEAR,"DARKNESS, LIGHTED ROAD",DRY,DRIVING SKILLS/KNOWLEDGE/EXPERIENCE,2.0,38.0,3.0,3.0
05468032d7a331f9ef49d660cf907b2dcfa80094d72724ef11927f3cbb97ec42f593dabdd62238b23ca56c7b7fbcab9fb104bc74295f29d71d7a0e6a281aeea7,CLEAR,DAYLIGHT,DRY,FAILING TO YIELD RIGHT-OF-WAY,2.0,19.5,5.0,5.0
0546939a170113a753024853c1e9a5526322da739f5da499b81fd05942a8951519a13c3a41ee3469a1ecbb16edb415fcd44f1ae378fb2c03755a16e3105ad4e8,CLEAR,DAYLIGHT,DRY,FAILING TO YIELD RIGHT-OF-WAY,2.0,23.0,2.0,2.0
0546e288c5072bfd6dccf2478776b78db294e79fb007b9ca7edc76bc5db9d56721f453292b59ec41e5bfc65152def0f662dd91ec55bbcb34c9a7cd296d189017,RAIN,"DARKNESS, LIGHTED ROAD",WET,IMPROPER TURNING/NO SIGNAL,2.0,63.0,2.0,2.0
05470e254c5f9ee3b14ac79bce19b526740f8d7a9305ee2f3ee597dbb3382feeb7a78284a0fbb10f5fca627c16d4ebdb65f61aac43060d8c837e6d4d245bf805,CLEAR,"DARKNESS, LIGHTED ROAD",DRY,DISTRACTION - FROM INSIDE VEHICLE,2.0,42.0,2.0,2.0
054753313bf5d875cb50f001f6fbc8058bc6450fdd201977ea2c015247bf2f4515c9c003a182442841972d53b6ae2f5c14af09a7b7d9ad574b33d103f1d805bf,CLEAR,DAYLIGHT,DRY,FAILING TO YIELD RIGHT-OF-WAY,2.0,37.666666666666664,3.0,3.0
05476c50107a1fc4a3c36a79e0ac5e23af7e63839c730e3cddafcfcda29b8477338d3542a27af7cd2a12ce21f845f0df3054b11bfc13c4d955b947ed0914f1e1,RAIN,"DARKNESS, LIGHTED ROAD",WET,IMPROPER OVERTAKING/PASSING,2.0,31.0,2.0,2.0
05481339fc330cbf77158bf6ed7343c9ad3651460e474c7b79c8328518609c6d1950bb2242328b72db6da0ecf1eb30ef0e606aefd2efab35fbe7ca57b3c2e56d,CLEAR,DAYLIGHT,DRY,IMPROPER TURNING/NO SIGNAL,2.0,27.0,4.0,4.0
05483c8a57947cf576fe9a05b28352bd2581fdea6e90273f21e43f57d2de01e166867fea969413d0e8d604b2f9ab12810c7ffe9e9b31e32491c14ad06d9788c3,CLEAR,DAYLIGHT,DRY,FOLLOWING TOO CLOSELY,2.0,58.0,2.0,2.0
05483f8d35e660d46813beeadcf9606a9509e717be8c42833fa3fc4ef8dcc602dfa035ac468c3e77c5281382f825982efb97d2f2b645ed392b929c2a61b062ed,CLEAR,DUSK,DRY,DISREGARDING TRAFFIC SIGNALS,2.0,47.333333333333336,3.0,3.0
05484141004f0db848926fa3d181cf628bd63b2b88be355ef59d2dd81b56dd3ead10745f682d5265c6dc184c6e8e6e9014f2f71ffc959c4d26a791f1f39d4c10,CLEAR,DAYLIGHT,DRY,IMPROPER TURNING/NO SIGNAL,2.0,43.0,2.0,2.0
054843627fe9bb29220d185671eaaf2b5179060decd638e6b8da39ae96446b0ae2afdb9d13591f996035bb36f1c3b68c72214356ae4decd1d9bfd0dfee6d43b9,CLOUDY/OVERCAST,DAYLIGHT,DRY,FAILING TO YIELD RIGHT-OF-WAY,2.0,19.833333333333332,6.0,6.0
05486bdbddb2eca25025692abccc9d1fcff780f890458acaf3e72204521b8f33453b168751fb7706e672bb0ca300b063efe6beb16aaac6f68a6b9a833acf8747,CLEAR,"DARKNESS, LIGHTED ROAD",DRY,"OPERATING VEHICLE IN ERRATIC, RECKLESS, CARELESS, NEGLIGENT OR AGGRESSIVE MANNER",2.0,23.0,3.0,3.0
0548fd9caf7c57292c1cf2af4ef8582203c295691d1827ba74e9399516bebe595ca814c38325fca954a6db96f5b7a2004bee68c0bf75b3a0e57b5b8d8f57756d,CLEAR,DAYLIGHT,DRY,"OPERATING VEHICLE IN ERRATIC, RECKLESS, CARELESS, NEGLIGENT OR AGGRESSIVE MANNER",1.0,37.5,3.0,3.0
0549043965ced9d3f94e6621a2e036e09cc14ffb6275bdc12f1517c7e4b37d1971a0eff1ce8379d7f27e693b7bb7710f191205443c2e6ae6d290d8263a6ebea6,UNKNOWN,UNKNOWN,UNKNOWN,FOLLOWING TOO CLOSELY,2.0,31.0,2.0,2.0
05491427276ff0546290b0b93d11e46f7f9d9896e8fc2796e56f0e0f7c80520661ddf325a32cd74cf93d323dbabdb7e3cc807d4a816309310450fee49094d56b,RAIN,"DARKNESS, LIGHTED ROAD",WET,IMPROPER TURNING/NO SIGNAL,2.0,31.5,2.0,2.0
0549181b97ffc0d6f965072ec929cb725377544c12c94fd664627f890acfd5115b86c438216992f2a06922a398c1a763ba316e68d7a18fd36084a334645383ee,CLEAR,DAYLIGHT,SNOW OR SLUSH,FOLLOWING TOO CLOSELY,2.0,37.5,1.0,1.0
054927a7f6d8a308a36c18f0864e434acd3e7c32717bc4780ba5c362264ecc128bc088af274bdb4d9b95eb646b2ba2aad41b42ebae135934b0e57a4c0ca40b78,CLEAR,DAYLIGHT,DRY,"OPERATING VEHICLE IN ERRATIC, RECKLESS, CARELESS, NEGLIGENT OR AGGRESSIVE MANNER",2.0,32.0,2.0,2.0
0549433f256829c7398c12f797dfab52a41407fe96bbf52494dcafe5b7a9572dfe42012be3fc4df29d43fbea6a56354eb9c50aa05e377269bdf80ac520d186cd,CLEAR,"DARKNESS, LIGHTED ROAD",DRY,FAILING TO YIELD RIGHT-OF-WAY,2.0,46.0,5.0,5.0
05494c003d1d2741d50a06d7c9bbe695be839a49d7a283fb136830770729e50adc904a5856358a7776912d7d5806fa27108c62934b8030ab892998dde4f81522,SNOW,DAYLIGHT,UNKNOWN,FAILING TO REDUCE SPEED TO AVOID CRASH,2.0,56.0,2.0,2.0
0549664659579b443795ddeb06803e96f6fb4cca8bf0ff1fd1d2f5e16565941c6cad50e788f99cedfb510375f22f3beeaa370ce658d3a9b78bf21900254f69b0,CLEAR,DAYLIGHT,DRY,FOLLOWING TOO CLOSELY,3.0,39.5,3.0,3.0
05497943fa881c5d72a305f3c128f7d5791faf3e99095d319ae969c02c8bae9d245b360462af81117b69d38e6d89d45ff92112911efd9e134078b0854d0432fb,CLEAR,DAYLIGHT,DRY,"EVASIVE ACTION DUE TO ANIMAL, OBJECT, NONMOTORIST",1.0,43.0,1.0,1.0
0549927c30b91fc896516993476f717708182c9292a714fb0d1fc7af20413f1e2b74643e323ec82300b27c87b9c10ac8f344df992a599cc23ce533d89b4f4265,CLEAR,DAYLIGHT,DRY,FOLLOWING TOO CLOSELY,2.0,32.0,2.0,2.0
0549b7315bc1109bb028cac5443ed08d669d357629466c0e428dc278aef3c8cf723cac8a669ce97e1a53074273545d41ef445952d33f93a4fd6005f52d4756f9,CLEAR,DARKNESS,DRY,IMPROPER LANE USAGE,2.0,41.0,3.0,3.0
0549c67017dd49779a5ca8d634c155d9a5f8ac4a669659d9439a4e5b88eb213c2fab0b8a49ed68cc8b8cdb4aca0493159d1187a39fc0b577170b05582a9c7ce4,SNOW,"DARKNESS, LIGHTED ROAD",SNOW OR SLUSH,IMPROPER LANE USAGE,3.0,37.5,1.0,1.0
054a4b9affcd3f474dad8a89c15565c429e708c2971073e80cf13a0284a62f68c81c5f000385942fdbc57d511df487d80c22b4bfc71dcbf03fad33914abc485d,CLEAR,DAYLIGHT,DRY,IMPROPER TURNING/NO SIGNAL,2.0,34.0,3.0,3.0
054a64012aa7c8310e2fbd7259e939d7a14aa212671b38e5d4c491053f7dd96ad100d77a1b90e79c4f0a4ddba93326a5a016b6b08fe378f0cb076a3954a40c9a,CLEAR,"DARKNESS, LIGHTED ROAD",DRY,IMPROPER OVERTAKING/PASSING,2.0,24.0,1.0,1.0
054a7aefd3bb49d16d95e053119696d3af6675c769abe921058d1f76a70fc2ceefdddde7886ea84fa534a47e66107256dfcab117aa5634397a39d8014e1b7550,CLEAR,"DARKNESS, LIGHTED ROAD",DRY,FOLLOWING TOO CLOSELY,2.0,53.0,2.0,2.0
054a7cdf773e2b2e05e5281dc1107453e64f7b0affd949a8fcf25d40382a84f6fbc0bfe8c0a0288519ca0120e77cb97d2b626d1214840bce2a2cc930889c186c,CLEAR,DAYLIGHT,DRY,IMPROPER OVERTAKING/PASSING,2.0,49.0,2.0,2.0
054aacae0cce33fd47c5d4fd561286d731f201b844dd8c677c724490d3a8e7c4f5b881efb08c4d7fb89b3771e16e6f52f647d221bac934aba4840fd69067503b,CLOUDY/OVERCAST,DAYLIGHT,DRY,FAILING TO YIELD RIGHT-OF-WAY,2.0,32.5,2.0,2.0
054ab4f43fe62d105c01d96192bf33a52b9c12194e52dfa094d9a08bc4688b834903d81abfb55cc523050e9df4de914cc836972af81e87bde7bafc464d43e2dd,CLEAR,DAYLIGHT,DRY,WEATHER,2.0,35.666666666666664,3.0,3.0
054acf4494bee8088dcbf54fa7a354a7cf7b904feb40b7da4380498e045f160a1da2e6d07a23d3f2669e23a2e3ec3dcf678c69ca811f7a0d8a2f38aaffcf40b5,RAIN,"DARKNESS, LIGHTED ROAD",WET,WEATHER,1.0,23.0,1.0,1.0
054aea937652a134de32f8988a3abfea6886cfbd2fbf93edc76d87775e27f2d03201344034de608b0637e3af595beeff0a9aef5235f9d17933acd47d1dfbf9c7,RAIN,DAYLIGHT,WET,IMPROPER LANE USAGE,2.0,17.0,3.0,3.0
054af8af5f77f5f02ad75e07a4c7af6ab715c71f40029b4cfa690fa27d00ceac3fb6d3a6e960469fe20d431389f86a068c0d14d5d6eba7f95bbc4b4ed26fc97d,CLEAR,"DARKNESS, LIGHTED ROAD",DRY,FAILING TO YIELD RIGHT-OF-WAY,2.0,27.0,3.0,3.0
054b0cb4071221aa6b83e56f2357b29afd7c038b9eb405dfec4c3df6d9e8615b9822225baf06183a1cfe8b3c2669da5942bc49526a5ec41cf902db49f64d0524,CLEAR,"DARKNESS, LIGHTED ROAD",DRY,FAILING TO REDUCE SPEED TO AVOID CRASH,2.0,57.666666666666664,3.0,3.0
054b4cae80564f2fd4aeaeb544a58e3e816d6030f39416ffc5a3fbd4f242ccd1c0ec03e4f2fbd20ce8c9682615e39e1eb51a2635aca007ee11bff715cff5e2af,CLEAR,DAYLIGHT,DRY,FAILING TO YIELD RIGHT-OF-WAY,2.0,41.0,2.0,2.0
054b7013df799ab2413e10cb7dfd2dd7757ec4d40f2aefa9972e7f10ae3392a9ea626f078da5b5c5c5b99f29f8fd5435ac4980efaa95b4d34f3b0d0203802d47,CLEAR,DAYLIGHT,DRY,DRIVING SKILLS/KNOWLEDGE/EXPERIENCE,2.0,32.5,2.0,2.0
054b8dc6939434d583242a084435fa9834a4d1f57b87718f4df68d40905b04cd2b5cd16350c739d488fd68a63a6562dc5f2f67b70ef9cce3fb06c03f8d91ec23,SNOW,"DARKNESS, LIGHTED ROAD",SNOW OR SLUSH,FAILING TO YIELD RIGHT-OF-WAY,2.0,42.0,2.0,2.0
054b95a56426e6cec653ba88fd916a921502ce1f95a29f4e014cea6815420817a73464a258a346a6d2c640157ef91f8cd90284dbbaa3f2e3911a2a20300fd4e6,CLEAR,DAYLIGHT,DRY,"VISION OBSCURED (SIGNS, TREE LIMBS, BUILDINGS, ETC.)",2.0,37.0,2.0,2.0
054ba3e5b05bbc964d08ac56fde62bcf5bb8586348bce35acf6649e64abca340a37d71df24e34dad7c6c8241764f568c9c7eb3372d76372ed6caf101c8ae5ff0,CLEAR,DAYLIGHT,DRY,UNDER THE INFLUENCE OF ALCOHOL/DRUGS (USE WHEN ARREST IS EFFECTED),2.0,29.5,2.0,2.0
054bb892213517242a93e336117ad70f623cccf86cfc68100b08e111ed6e6918c849f65acc506da8b9cf137118c50360e201cd75f75678bef6c6ca067965d127,CLEAR,DAYLIGHT,DRY,IMPROPER LANE USAGE,2.0,46.0,2.0,2.0
054bd077b0e57f9906198593c73f8e5f136cdac278afff0e074816d738968971e97ccb5117e8e7d6920b42637eae42d2bd41ec940fbd85156364809b414b9eb9,RAIN,DAYLIGHT,WET,"VISION OBSCURED (SIGNS, TREE LIMBS, BUILDINGS, ETC.)",2.0,60.0,2.0,2.0
054bd5ada9c7bcb8c903e67c1fa9c3aef6fbdc77ea9cbb33458ff4b4249e314e746f447aa47ad6a05ce20244df4b2474a1d94693787044547aabbe4296d07e41,CLEAR,DAYLIGHT,DRY,FOLLOWING TOO CLOSELY,2.0,48.0,2.0,2.0
054be85732803cb10ef3d4af7d3ce2998a379a3ed81e8c6bb6116a33b7e226ad0728a6e9dad3db813ccfd6edb49f6dc9c888d0c23f33bee3f2f7bfc4aae604b5,CLEAR,"DARKNESS, LIGHTED ROAD",DRY,FOLLOWING TOO CLOSELY,2.0,24.5,2.0,2.0