crash_record_id,weather_condition,lighting_condition,roadway_surface_cond,prim_contributory_cause,total_vehicles,avg_driver_age,total_people,total_injured
054bedd4176b6e5e0a8a010386f614e7106932fc81b3ee96cab5fff606b430d64f3f31c4eb2c7247cbd9e58eec44ca9112c39d841a7b64e36a9d618eb10e121c,CLEAR,DAYLIGHT,DRY,IMPROPER OVERTAKING/PASSING,2.0,29.5,3.0,3.0
054bfebae41ba1533ffc63f786d98930266eb7eacae269ab51df33b8867385fb106c53c60b26b57b2fd9d6bb37d427b088dca6bd059b0e4f6e2f51b6703f7562,RAIN,DAYLIGHT,WET,DRIVING ON WRONG SIDE/WRONG WAY,1.0,33.5,2.0,2.0
054c11c984ddf8c56e4f13bd4bf3d70077665486e03d6bdc95becf7d7e055d571bbda35b8aa6e7861f45d03bd46f6f5c217e53db5e4f4c19fd8b9838472b7e76,CLEAR,DAYLIGHT,DRY,FAILING TO YIELD RIGHT-OF-WAY,2.0,21.0,2.0,2.0
054c34055e503bedd2f2dd781d360e5901cccddef27c76fec3d5a2b997407d9e1b07e0e33bcea60c1944453875e088c8e46b461c5049630f08f0c8d2a6fb9e77,CLEAR,DAYLIGHT,DRY,FAILING TO YIELD RIGHT-OF-WAY,2.0,58.0,2.0,2.0
054c514b3c65affd361e7c9a5fe21f100517afc76dc1b0e6f6cbac9d6e59f13b80f89121d8f6bc01acbb0d4a3b25febab01259ac284241e09f54b472ee5f4ccc,CLEAR,DUSK,DRY,IMPROPER TURNING/NO SIGNAL,2.0,47.5,2.0,2.0
054c52ba396d4df01e2081cb07ea46c530c0b1770154d69b53bcbe09ba269c54354ade94b6f2a337d738888d3a759786af7af58d5847c6bacb7f800c6403acf6,CLEAR,DAYLIGHT,DRY,FAILING TO YIELD RIGHT-OF-WAY,2.0,37.666666666666664,3.0,3.0
054cb282a751483492d57bdf8e2fc7d6c8422edd20d896f8376153313d0730c75c37c1c0c176473d4cd1d219266c9340bf8522d64c7a888b7e13b806c5a0a933,CLOUDY/OVERCAST,DAYLIGHT,DRY,DRIVING SKILLS/KNOWLEDGE/EXPERIENCE,1.0,75.0,1.0,1.0
054cc77d0cc40f44139b1e1a9b7a7273aeb623fcf729c2ac1e88a2d1208eda268629e8deda0bea2ae59ad3a220ab68179f98dcdbbcdb788cce44f71d0b2456bf,CLEAR,"DARKNESS, LIGHTED ROAD",DRY,FAILING TO REDUCE SPEED TO AVOID CRASH,3.0,53.333333333333336,3.0,3.0
054cd651a19fadbc5a375ad14cb56b1d560e6b6e722809be609cdd512b732d19c8496353360ded51ad1fa6c8dad2364adee4c14719a54a4c1d4751f0451622c7,CLEAR,DAYLIGHT,DRY,IMPROPER TURNING/NO SIGNAL,2.0,26.5,2.0,2.0
054ce8eda5faed4d5ceaca6a3eccac4189ed3217c81bbdcdba80351afca25feacf6ad77fae28b68397efa006a5cbcdfe88944e8c646523a4a6012168cccdd4e6,CLEAR,DAWN,DRY,FAILING TO YIELD RIGHT-OF-WAY,2.0,20.333333333333332,3.0,3.0
054d0b66d37224643d942d03de21e88ce3f56856536505175779eb056695ae1ed2e6abe678ac4c7b27e501e510863a006df3e795fbba06e8d616156d34781ac9,UNKNOWN,DAYLIGHT,UNKNOWN,FOLLOWING TOO CLOSELY,2.0,37.5,1.0,1.0
054d4beae5b458cea9e44f544942f6b8fb3d16de546133ef163aece80558c71ee1c4551850ce3aab290ecfb8cf40436733145ff05c207270bbf78392b66d30ed,CLEAR,DUSK,DRY,FAILING TO YIELD RIGHT-OF-WAY,1.0,41.0,2.0,2.0
054d9d5c267032a67a66143cc738afb114e2db492071423eeb2e0c13f36383e8e1bf4aa36742ffdcdc475586f70236f88fff016bdd629b51cb45caee8f39bd61,CLEAR,DAYLIGHT,DRY,DISTRACTION - FROM OUTSIDE VEHICLE,2.0,52.666666666666664,3.0,3.0
054da941392b2f0e5965b8225be88a58f77b9d2181d2444c73013703be451cee7ec3daa3e7119449d5288ed5aa0d31b7ff1c263e1f57024d199939d3f316cf71,CLEAR,"DARKNESS, LIGHTED ROAD",DRY,FOLLOWING TOO CLOSELY,2.0,43.0,2.0,2.0
054db95c0ed13aba9d578694d77dc3ee0998881ab42f12c8094e4a64611778693347cc6bd56d532b44599113b43e1b5c85470b4e60780b4944d30d42e3f28929,CLEAR,DAYLIGHT,DRY,FAILING TO YIELD RIGHT-OF-WAY,2.0,59.5,2.0,2.0
054dbd53c0b0d7c7901638cbc17b9ec3e0e1be79a41f916d0a1e865667e1957099b52ecaf6d96d2eed85786d6acfc5747c4e40230c14a580cf6acb33ee0b8b20,CLEAR,DAYLIGHT,WET,DISREGARDING TRAFFIC SIGNALS,3.0,28.75,5.0,5.0
054de334ddf4d8b3034044329ad2c00eff3fb3ada953cf1fecfae3224997409fc01051e36eb2c12917d47f6bf18de2716a3056a92c7397dd346b2874c1ebfad8,RAIN,DAYLIGHT,WET,IMPROPER LANE USAGE,2.0,42.0,1.0,1.0
054e130716df2c0c4d0b3168bbf29d03968fc859b5dbd97065e9d42fc630cf1e05cc5b1896f8e15f50bbb2200079b3b7a0b16779204ba8c4cd9a40f077a8c533,CLEAR,DAYLIGHT,DRY,IMPROPER BACKING,2.0,38.0,1.0,1.0
054e21d55fed5f4263f0e3e8c51b86103fdfa4f81a01c48e62b0003bc17b64a6f8bf31e4e8e710236e7cdc5f2444ca56ea0563f2be38b61ebe39d3ae8ce108d6,CLEAR,DAYLIGHT,DRY,FAILING TO YIELD RIGHT-OF-WAY,1.0,78.0,2.0,2.0
054e3900a545f41416593676890466ee16812f7c408ea7da4f68beb13a64c04d7589e5cdfadbe740e9278518e3fe7358f6ab87b3b202844c7033162a9c99dcbb,CLEAR,"DARKNESS, LIGHTED ROAD",DRY,FOLLOWING TOO CLOSELY,2.0,37.5,1.0,1.0
054e4d270e7ac848e29407b241ffae69af7555275cce70d9d2fd183df8a80057f59c94b367749f4c95c627f9f57a9294222fdbf0ac3dfd57fbaf3a2197e79395,CLEAR,"DARKNESS, LIGHTED ROAD",DRY,IMPROPER LANE USAGE,2.0,33.0,2.0,2.0
054eaa0f7ac8b361bacefa46da5861e94edd0b1416650148a2da834951e9240fade41bf64fa71948f303f6c5e5915c668bc02abf59a3d8641e0a6a509f2c1f2f,CLEAR,DAYLIGHT,DRY,FAILING TO REDUCE SPEED TO AVOID CRASH,2.0,44.0,3.0,3.0
054eaae54cd76ff92d31445772651589efa6ab7c77930ff2e59d448005b9b03d8707cff65c181e96c6c40c34b87d5324d2518e82f47203809c36ec246cf45264,CLEAR,DAYLIGHT,DRY,FAILING TO YIELD RIGHT-OF-WAY,1.0,64.0,2.0,2.0
054ee2c61f8b70b9ab970a3c8084fae98c86aca1ef41a3cee6ae781b872e0d3d8cc2ba1463fefb6f8c718db7b6a8e5eac6487b1a48ce0e0118cd3aef6afdc208,CLEAR,DAYLIGHT,DRY,FAILING TO REDUCE SPEED TO AVOID CRASH,2.0,60.0,2.0,2.0
054ee7596a831b6199b23e07842d5ab7d49fbedf632639ff53761f77ca2357bf3fab23fa3bfb4765fb1c8fa05987f9e176123689476a94b119c1b9e6e113298b,UNKNOWN,DAYLIGHT,UNKNOWN,IMPROPER LANE USAGE,2.0,53.5,3.0,3.0
054efcfc3a32f00de17398bcf4b547262102e94f61f528a6fcb5170a14d6c21df5269a9622abf5130cd7dd2cf2ee8dfcee1d9daead72c8a9b5fc9a05ee084e4f,CLEAR,DAYLIGHT,DRY,IMPROPER BACKING,2.0,81.0,1.0,1.0
054f441c4b5bca4c89281628b83b6f07f57f3e64ab56123c4f1e87f322525ab692d6a053e7a0f12ee799348fe1076ce54c49a2b9577fd743440493be29681d5e,RAIN,DAYLIGHT,WET,"OPERATING VEHICLE IN ERRATIC, RECKLESS, CARELESS, NEGLIGENT OR AGGRESSIVE MANNER",2.0,23.0,2.0,2.0
054fa8228408782e0fd56fcaa29805c3b49e227119a10a04f71dfd004c1f94d0987385024457ba29a3af75c0463933ea73430d09d60784dc130bfe9f923ce180,CLEAR,"DARKNESS, LIGHTED ROAD",DRY,FOLLOWING TOO CLOSELY,2.0,48.0,2.0,2.0
054fce0bcce85d44ccf20f03ab619224f8b39745c2d441cd3c8134e5d8f7de97acdf4a64e36c87af687933d7089b1a560806d0a7d4665f8c9d6c58aa6a8fae12,CLEAR,DAYLIGHT,DRY,IMPROPER LANE USAGE,2.0,20.0,1.0,1.0
054fd32a6ec1dba9c81d416db6ccbb7c30976eedfdf7797e6997cb7b25dc24ec7d11f58fcac7e21a3f70870eb1a90b8775f9b8667cbc5d54b514b9774bcd7722,CLEAR,DUSK,DRY,IMPROPER BACKING,2.0,45.5,2.0,2.0
054ff2094ca003d7ab14cfde3a11d9adfe171c1ebee9274f6f8d2e12b5ad32e37a66d3c8224f31b7c1dcd2a888c1bc07fe2a10df3d92a0eb74b19e2d57986a46,CLOUDY/OVERCAST,DAYLIGHT,WET,DRIVING SKILLS/KNOWLEDGE/EXPERIENCE,1.0,38.0,2.0,2.0
05501b73935d2537f0e3b98e4b61794162acc060ed7f659189eb08bf756b28baf1d14bcff7a82aea1714f6439067e449c6517ed714aac4e4e24f293d04c98f53,BLOWING SNOW,DAWN,SNOW OR SLUSH,FOLLOWING TOO CLOSELY,2.0,48.0,2.0,2.0
05503fdfd4dbc77c984d1d88188df6af3d78f4b6edcd810531023e3cab5d325168fcfdc8d30231ecb3262e4b70fbb33eed75195007208f7beb034f4416dc0e95,SNOW,"DARKNESS, LIGHTED ROAD",SNOW OR SLUSH,WEATHER,2.0,53.0,4.0,4.0
05504afa53666aba73f16d0d9a5ea2e5406b3a7faa93435bf68ec1070c5df0d06baf8901ce8085cda4a422eb058427ca965a7034d72aa14ced8208e20ff86ec2,CLEAR,DAYLIGHT,DRY,DRIVING SKILLS/KNOWLEDGE/EXPERIENCE,2.0,70.0,2.0,2.0
0550599c18eea9cb7c7711bef440aaedd14c7229e1b50490414fc6106712fe5b6803585c44a41e7e0fb8a491bdb6e67e5e592b5a76d0068625164efc6ff81e27,CLEAR,"DARKNESS, LIGHTED ROAD",DRY,FAILING TO YIELD RIGHT-OF-WAY,2.0,36.0,2.0,2.0
055073b6ef8bc9f5f9d5d2a6813b38c407ead7f7ddc3458f9f76249af0c06b452218fe2dd623bfc95e1ddfbf6aa57316d6a434ccde92e545ceb1d69c19e25ac7,CLEAR,DAYLIGHT,DRY,EQUIPMENT - VEHICLE CONDITION,2.0,42.5,4.0,4.0
055094a5cbb3779794020c5a6e057619641afb8e9e64ed87cc6b09f55e8550f467b1ca00205fa55c0e46490337553d8295b437997aff5586f3c75dccfebc1000,CLEAR,DAYLIGHT,DRY,FOLLOWING TOO CLOSELY,2.0,30.5,2.0,2.0
0550b108f63d0a95c292ab717c0be680e0242033ea12700142119a2dbbc3ca427cea2f005268600ea8067f6bfcbbbf36a249675f401455b0e85ffa7fea61df76,CLEAR,DAYLIGHT,DRY,IMPROPER LANE USAGE,2.0,40.0,2.0,2.0
05511c1ccba4de6b0343ece2ea22f553d6855487a02232cad3ee30ec306f9c6ebc674e1e4f873e276ffbf097f08b6bc9f1416cb991d01c766953c34e8385be32,CLEAR,DAYLIGHT,DRY,FAILING TO REDUCE SPEED TO AVOID CRASH,2.0,31.0,2.0,2.0
05515368b2a9638abbff795ec8860f8a0a386203dafe23cbb154fc3bb48336a04d3c21941b07aca7e0cc8aebc04ccf132b5d4ed6e6c3082db17419de5910387b,CLOUDY/OVERCAST,DAYLIGHT,DRY,DRIVING ON WRONG SIDE/WRONG WAY,2.0,27.0,4.0,4.0
0551645cb012d85e4dfbccbaf2a8e12f98395d6a85c498a7e908dfdfdc1fd6e5335df870cb287f0e16c7a07ebb17855abc471b2b04f959115c1c0d694484c71f,CLOUDY/OVERCAST,DAYLIGHT,DRY,FOLLOWING TOO CLOSELY,2.0,38.0,3.0,3.0
055176ee4d4fa4bd306491dc212b0f07aa9ddbd0bb375d25ad30e65574592de4cd34bdb584aefca804de0a38c3838f6b93807a5d1eb11aa6ca86e8497b62684f,CLEAR,DAYLIGHT,DRY,FAILING TO YIELD RIGHT-OF-WAY,2.0,75.0,3.0,3.0
055184dc31ed68e1efe1cd5aba72fcb40943bd7d3d6e6077a5b565cf896890e7b4fe4b39cd02e2e4f21264762f8dd1024a45cef36445b4addec1faa75f2667de,RAIN,DAWN,WET,FAILING TO YIELD RIGHT-OF-WAY,2.0,38.5,2.0,2.0
05519ed3a47ad86ab070a816db8df51cd9ae5d968c5522e8eff9896638b4f3f83e95cc34866037d1d7feab99e8af775e43d3192598edad7caa62dfed8ba8a6b2,CLEAR,DAYLIGHT,DRY,IMPROPER TURNING/NO SIGNAL,2.0,30.4,5.0,5.0
0552065b0762983f03f9cec99cd7373f64f90cba1b76a1542847f638aa9feedf29a08708a81a04553c6cb5e55ff4078e80a0c9b6fd9347955a28287b8129804b,RAIN,"DARKNESS, LIGHTED ROAD",WET,FAILING TO YIELD RIGHT-OF-WAY,2.0,18.0,2.0,2.0
05520c9ee542663bbb9e34635eea387e836512f217aa33b352417e059cc12a31d6fccd07ac746b17499166d6a60d6a949bbc7ac3d72d208ab7537386cce3cd7a,CLEAR,DAYLIGHT,DRY,TURNING RIGHT ON RED,2.0,34.0,4.0,4.0
055220b3023ec2c566855bfb20d80583666258e7df58c32dd3f2bc03f26f434dafefd439ad46669c2886c52463082398b0fdfc8b67665a3d239b296aa7658813,UNKNOWN,UNKNOWN,UNKNOWN,IMPROPER BACKING,2.0,31.5,2.0,2.0
05522ca38fc63753bf0d5b2c790f04a9626b94be3e39eb3bbb60982076f1ce52135b5a7aac1697b995e90ebaf8e6a181f3e62ddeedec0ee394464853b6a72b0b,RAIN,DAYLIGHT,WET,DISREGARDING TRAFFIC SIGNALS,2.0,53.0,3.0,3.0
05522f59ed1617692b080a4989e946c5c349af72f6d545daddeb28c4a57950af7ed3d55513f5c79318b4fa5cba1110bad36325cfe65b4c622e5113698e709c02,CLEAR,DAYLIGHT,DRY,IMPROPER LANE USAGE,2.0,40.666666666666664,3.0,3.0
0552761cf634bc027da6f9e83e39f82754ed4de407d062c6c5ca0beec923a04f81f0363874b43bfd768754b590fc99bb5d21c7f7535542c8b39edcda798d65fa,CLEAR,DAYLIGHT,DRY,IMPROPER TURNING/NO SIGNAL,2.0,67.0,2.0,2.0
0552a20ddbb17c0fe81e04ffafaa56a4e056d15cefc79e205ca075386b056d35554ceaab04c226f3a4a739540d1bd9842bf1bc1c28a1ee07f0fe9b9ec294ccd3,CLEAR,"DARKNESS, LIGHTED ROAD",DRY,IMPROPER LANE USAGE,2.0,48.0,3.0,3.0
0552a90b4fa9e4ff3f365902c66582b83a1757fced805e45903ee1e88182b54faece9093ae26ba31b79f8a3b863750a69478c2c64ce2bf96d2116c3f5cc786c0,CLEAR,DARKNESS,DRY,FAILING TO REDUCE SPEED TO AVOID CRASH,2.0,21.0,3.0,3.0
0552d28157bafd882e89992e2b90e1e3550908c532a9afdb2c67b63eadd06a21a46403ea71a3aadcc4a1a44b8bdbed916eaa261070027d93d4a34f9024d00162,CLEAR,DAYLIGHT,DRY,FAILING TO YIELD RIGHT-OF-WAY,2.0,62.5,4.0,4.0
0552f30106085467ab184cfb53c6be1d2aa5ea4a29e9301334745573ae9d192be410571f7c2bcd246c4557c88baf04d9109d75cefc2eeca92807d3c61c96e256,CLEAR,DAYLIGHT,DRY,FAILING TO REDUCE SPEED TO AVOID CRASH,2.0,90.0,2.0,2.0
0552f9e9297aa2c695ee97bedb82217819a80a20a9035a6a6687626c8ddfc2f01557bfd7ac9ab4ea9080c0e9bd48a5f07302f50c5126c24938a83d178941d2c5,CLEAR,"DARKNESS, LIGHTED ROAD",UNKNOWN,TURNING RIGHT ON RED,2.0,35.0,2.0,2.0
05534a5e5a4cff0192ee5b5aa978c4bce06f222f3b822bb9f3794770c0e8cd2869881754e23ea0f4b16cb6d37ba685c5aa51231dee60108a442a0beee40e9039,CLEAR,DAYLIGHT,DRY,IMPROPER BACKING,2.0,43.5,2.0,2.0
05534b7b7ff28ee0c7cfa184848f86b4caa5b035733c82ab57b996877a128950304d145f79824601a4306c293d19c9e4e0a2058cdd543fa47b8481d1cf1378ae,CLEAR,DAYLIGHT,DRY,IMPROPER TURNING/NO SIGNAL,2.0,34.0,1.0,1.0
05538a27870c32b1194fddeb9862c953e39ec0f27eac4d1aa324e0f13a14ddc4fa343cf543a67d65da3171b28995e6433e6b2036ceb5d5bad38b987c3e4bbc38,CLEAR,DAYLIGHT,DRY,IMPROPER TURNING/NO SIGNAL,2.0,79.0,2.0,2.0
0553a402a9133552808eaa0fe020f65dc78bbb9a3f0ab1f92f11b7541334a69e7c7973ac3c8a966a697b27e3b13c6d7d5de0f6e03452e0eca834cb488548616a,CLOUDY/OVERCAST,DAYLIGHT,WET,IMPROPER LANE USAGE,2.0,37.5,1.0,1.0
0553a4dc73ee3c8f57ccc5ad0150ea2928bfedaf5127eff010007edcd4b7fb9ceb5007c25f16d96323b6c08699dcbeff69e5a38f15ba9aae2a3645142abd411d,CLEAR,DAYLIGHT,DRY,IMPROPER LANE USAGE,4.0,66.0,1.0,1.0
0553a961a6dbb4fcbdea990d636d7ef38b19d2b2247b5a7496bf42826c02f51cc776eeaeeb4c8f52eaa46fd6cb08095e44c3eb745ac4269e280384c5d1eec6e7,CLEAR,DARKNESS,DRY,DISREGARDING TRAFFIC SIGNALS,2.0,39.0,2.0,2.0
0553b8359c9db6e5b6456cf12458dcc4120dd0b9f6c9968c2fc88349dcfc507984ba9c0cea58f7827bd9390bfe3942d363b1e7805d7471401efffe8430434ca5,CLEAR,DAYLIGHT,UNKNOWN,IMPROPER BACKING,2.0,56.0,2.0,2.0
0553ba776698089c1014649d50c68db277480cdaa6ca404720b105dcabbac8f2c73eb2f9dbada46eab67fb014eabf02e38ba3bb2a86e8ac600a7c4c681146d27,CLEAR,DAYLIGHT,DRY,IMPROPER TURNING/NO SIGNAL,2.0,61.0,2.0,2.0
0553e24f0aa9e4e4e92509e30f2aacde98907405631b030df64476f93757c5f5d899a0ae4aad73d0e53aeaa3e24cc88d420467b30db0c279c1d38bd02fbd5111,CLOUDY/OVERCAST,DAWN,WET,FOLLOWING TOO CLOSELY,2.0,44.5,2.0,2.0
05540d84a1ba0f9889c1865d8fb61b9bb63dfcc706b4164f10b8da7ea64114ad7f0465866570914380bfd52405c82849a88719d00161075304eeb693ebf42f4a,CLEAR,DAYLIGHT,DRY,FAILING TO YIELD RIGHT-OF-WAY,2.0,27.0,2.0,2.0
05541d690d73947778a73c3639d8762f2ab5e0fda97bff87c6942fb483c4674fe7db7327d89bff14c65b9d22caef270ec276d09716b8122a555df3fab704ac80,CLEAR,DUSK,DRY,FAILING TO YIELD RIGHT-OF-WAY,2.0,68.0,2.0,2.0
0554445e41552a04cd2940b7bfc4a217a61d1faaa903755ff99cff83968391c2787e0f3542bfb96106d94a65e1f0d9e5684f6eeec211d20ae8bd1650a9d0bb84,CLEAR,DAYLIGHT,DRY,FAILING TO YIELD RIGHT-OF-WAY,2.0,33.5,2.0,2.0
055452ef148a7c7c5d06f9ae913d027341d187f40f4bb893bd8809508520b1e9090e50203a555de4d839345ecff78c371cff94b0d1deeafd54553e930c669ec1,CLEAR,DAYLIGHT,DRY,ROAD ENGINEERING/SURFACE/MARKING DEFECTS,2.0,26.0,1.0,1.0
055460fb882ea99bf9dd0c0f06f9f9f88a4c070f3d132f4cb90c729db861945a62c562e82d50ed2dded91279e45cda34eec7e45e02054f511142accb06dd062e,CLEAR,DAYLIGHT,DRY,IMPROPER BACKING,2.0,40.0,1.0,1.0
055482691d0f3725cc8c824cf3916f781080d6a53c7ae7fa82f1666b72f5d77ef769d511bc9d3694ab947a062a6ea6fc38a8097c5eb7c871ca946e288dc4056c,CLEAR,"DARKNESS, LIGHTED ROAD",DRY,DRIVING SKILLS/KNOWLEDGE/EXPERIENCE,2.0,30.0,1.0,1.0
0554a622a657711a2d668a38f562da566ec7109183c8fcf4e3438cdc29140e5cc21b25a4bf5c902013547cfe5adf67764bd08044e930cf91c7f0460be35889da,CLEAR,DAYLIGHT,DRY,"OPERATING VEHICLE IN ERRATIC, RECKLESS, CARELESS, NEGLIGENT OR AGGRESSIVE MANNER",1.0,54.0,2.0,2.0
0554be6f5691f483ab9bbb48bf8b081c8189ff5566f58d50e5cb64a371632fca5069e3a3916fd447008cea38ab261d23ba9c1fab54dbe126248359bbb8bf21d8,CLEAR,DAYLIGHT,DRY,IMPROPER OVERTAKING/PASSING,2.0,10.0,5.0,5.0
0554c02475cceedb03c37d0b945beb90432965df97bb08e2a8999908e9d2a09573f0aa9399a64b5d7c4c3a4c8e6ae45cca59609413345dffc5b00ac49c791e13,RAIN,DAYLIGHT,WET,FAILING TO YIELD RIGHT-OF-WAY,2.0,28.0,3.0,3.0
055529ad1c2a7d8f21cf435e6fb526b4bce299c9c18a6f93926e7beef18e00653ba2a5fddf38bc5f9c55d5f86a74bb6a901c4f6bb7e6b054d5cf95f9b0fa14d3,CLEAR,DAYLIGHT,DRY,IMPROPER BACKING,2.0,37.5,1.0,1.0
05552b8f61d5f2230dfd12cd9d297fc9b2c8984a2335bc171275cfe1fba5fe6bbd8a1ab4ce00abac51af121b04be89b6e20c2452057538ec9e2e7325540edf60,SLEET/HAIL,DAYLIGHT,WET,DRIVING SKILLS/KNOWLEDGE/EXPERIENCE,2.0,37.5,1.0,1.0
055541001be798975c2b2d4688325732aa7667b88b7d22443f0a83869bf95ec1ef3ca886a982bc38172e4f822f18ae28f8edc643590b48be6cb6978f8b3ca75b,CLEAR,DAYLIGHT,DRY,IMPROPER TURNING/NO SIGNAL,2.0,53.0,2.0,2.0
05554df95ff2f6c4a23eb41766c4b335b7df193767013dfdb3155c8d12b9dc7c91b73e8b652fe91ff9644bbc802aa89ba11825750588e0eeffc43fab6f37d896,CLEAR,"DARKNESS, LIGHTED ROAD",DRY,DISREGARDING STOP SIGN,2.0,42.0,2.0,2.0
05557ce829be6ebcb7751cb7574f6b8e6799f33ccbe129f26524a1e917571d531fc07c5ab8111d5b38a5b824b01933d2b7e4b16f2ff2e3aa7fc4a23f1964177c,CLOUDY/OVERCAST,DAYLIGHT,DRY,IMPROPER OVERTAKING/PASSING,2.0,18.0,4.0,4.0
05557e7f174b20f403a1c69d8f090b89945ce80a0c1791c645255a70ac37ac1f976403c43e8c704c6ce026b9d42dfd9f0cd5e675d292a0f8eb48db8a496aae23,RAIN,"DARKNESS, LIGHTED ROAD",WET,FAILING TO REDUCE SPEED TO AVOID CRASH,2.0,51.666666666666664,3.0,3.0
0555860af173c534f0fe486887b6496fd121e39f3034086788f9fde26716df314f2b0a1b34aad705d4efa08f09a09fd3bfd8b599f0bdb74fe85a6d5636fb111a,CLEAR,DAYLIGHT,DRY,IMPROPER BACKING,2.0,39.5,2.0,2.0
0555a512935a1b9b0f22b6c8cc9709e2752fca05b01cf19d7183dd3f6df4e1788dd8c68d473799db1a4dc4d1786b7673182c8500bd35c9061354b8a334b878d5,CLEAR,DAYLIGHT,DRY,IMPROPER OVERTAKING/PASSING,2.0,43.5,2.0,2.0
0555bc0ef5df20a4c827eec91ede62e593384348622464f0ea72e42267146c51829f940e1928a2f2bb89e2751b3825172ac24ca24de0a5051c6d81e7d749e49d,CLEAR,DARKNESS,DRY,IMPROPER BACKING,2.0,32.0,1.0,1.0
0555f204ecee625ea07d6a6b6f2d68ae513cb09a9ba5e9849822da5d40507077043b21d937484deed969be87641c097ba36fc44070a7dc9e43808ea0e5849d43,CLEAR,"DARKNESS, LIGHTED ROAD",DRY,"OPERATING VEHICLE IN ERRATIC, RECKLESS, CARELESS, NEGLIGENT OR AGGRESSIVE MANNER",2.0,21.0,2.0,2.0
05564cd04b0c8d39b62d6a242aec6f9213ac2284edbf402a4131acce43feead3a9b14d76c261c738f8ee4a9e02ffb03314b8d2182bd25ab0f772b213712ed1e5,CLEAR,DAYLIGHT,DRY,IMPROPER OVERTAKING/PASSING,2.0,38.0,2.0,2.0
05566c3507369cfa8cf49c53c5a538d6b1837364038d70e155d4e6fd12f3663693698200c37f60b0d50eb1f0cfad6eac132e82250ff50c1671331f7236f26649,RAIN,DAWN,WET,IMPROPER TURNING/NO SIGNAL,2.0,25.0,1.0,1.0
05567fa1d88d8629df4bbba684b142cfcd8a6fc310b49de2b1823eb729c741dcbbd411a004f31a4a21ebc518ccda744d019b4ffbd249222007769f1bdee6bc3f,CLEAR,DAYLIGHT,DRY,FOLLOWING TOO CLOSELY,2.0,29.5,2.0,2.0
0556894bc811d88a7187656f08c968d969b430f16a5d4d30003c728ce19f2263dcccea60a9cb44af502ee2700fe9308dd23111f14fc782a6dd137c5ebcf05648,SNOW,DAYLIGHT,SNOW OR SLUSH,"OPERATING VEHICLE IN ERRATIC, RECKLESS, CARELESS, NEGLIGENT OR AGGRESSIVE MANNER",2.0,42.0,2.0,2.0
055694498afad59c032360d60ce9c51c72d04325519e660062d2c03688bf44357160c079b4aa681bdfbf4e928c6137c15910a609cd346c2530870b982fb716d5,CLEAR,DAYLIGHT,DRY,IMPROPER OVERTAKING/PASSING,2.0,58.5,2.0,2.0
055698bc7dae593b40f7fdf3be34a19eaaed00de91e64a8cd8c795646c5009f796ac300c8f600f472abc89c6461e330860c842fc9f9456c428f7ff6a27c4d831,CLEAR,DAYLIGHT,DRY,FAILING TO REDUCE SPEED TO AVOID CRASH,2.0,77.5,2.0,2.0
0556bc32817dce9c9a9d3391260c20a1756221f1a398d07c0ad14a4e28fe220c6b47e91467e169d5e823008fad251f80f39c53d95f8e2f2d14ba9d71bdef4073,CLEAR,DAYLIGHT,DRY,IMPROPER LANE USAGE,2.0,29.0,2.0,2.0
0556e15986e3797ddf97b25adbfce2c9b127220b849e49d33096b0fb37ef7ea50444387c8e1f8f500bf1d6872389206678479a56a971ad7cb874113799c6b80a,RAIN,DAYLIGHT,WET,DRIVING SKILLS/KNOWLEDGE/EXPERIENCE,3.0,36.0,2.0,2.0
0556ea50ef3b0681af9ab58994ed439d4514e8db4027960c3a63c1cb309c8bbe5f03acc89be452478e18de93d1e0b1e2e4dd74d0bdc6599d525303cb7ddf3a4c,CLEAR,DAYLIGHT,DRY,IMPROPER TURNING/NO SIGNAL,2.0,35.0,2.0,2.0
0556f1aa052e0965aa5712edd477b248d93012ad2600dd33b659f026a12c782247c3cb73405b45c985a57d557a83ed83e661fa70c82094ba3db31075bbb08b33,CLEAR,"DARKNESS, LIGHTED ROAD",DRY,IMPROPER LANE USAGE,3.0,44.333333333333336,4.0,4.0
0557075085cc32c830c639490203bdae7ee3ac891fc0b9688d29c0c26ec90576c7cd2d99d736f38b267cda30e9d041ebaa55211af437cc095ea5362609dd211b,CLEAR,DAYLIGHT,DRY,FOLLOWING TOO CLOSELY,2.0,35.5,3.0,3.0
05572bb612db2ac1a4310bb032ec31873f74777c3fa1cbce9d22ae7e0426d27686350e0c1c692d70bd39d12e3ca3475a1ae349e01c75bd83f6d513b740ceaad9,CLEAR,DAYLIGHT,DRY,DISREGARDING TRAFFIC SIGNALS,3.0,25.75,5.0,5.0
05574f165fa4e676d949a7d845c6bd8898027a360e4426c4a374b97974870a3cdd57ba959614d5cb1d3fed2b0bfef147b40ff1dc0821882553217a413c49b9f8,CLEAR,DAYLIGHT,DRY,FOLLOWING TOO CLOSELY,2.0,53.5,2.0,2.0
05576c81a4038db734cb2d6b9f68a96d3f8a13698b6097279035b21815192c27a197886e926761d4f41ae6db7b1c8ef6373870439d2f1e88606b35c722e40231,CLEAR,DAYLIGHT,WET,IMPROPER OVERTAKING/PASSING,2.0,34.0,2.0,2.0
05578435d9d83be0615739fe9a53afce469e5d206554398c142a8ec84a8895b06497e6e5773845cefe7e1e1f842311ade2bef9e99b018b20b72bdaeeeb99c1e2,CLEAR,DAYLIGHT,DRY,IMPROPER OVERTAKING/PASSING,2.0,32.0,4.0,4.0