crash_record_id,weather_condition,lighting_condition,roadway_surface_cond,prim_contributory_cause,total_vehicles,avg_driver_age,total_people,total_injured
0557cbda58277c0d349e7de86ba4072daa624e17d08153d88130552787cc59570c145d2f38b40666c92dc693eca807cb0835e4200bf86da0be62e3812e8de826,CLEAR,DARKNESS,DRY,PHYSICAL CONDITION OF DRIVER,2.0,37.5,1.0,1.0
05583648b5976993bea620067996946c52dccc5d74068dbf0deca412b8924d148016c08fca4ad0af24bb75a52d7055326e38907ef029e644ed3c850579232217,CLEAR,DAYLIGHT,DRY,IMPROPER LANE USAGE,2.0,42.0,2.0,2.0
055890bbf151482b2e5240ce4b8e8de50f3235a1a81e139727e1ad73bea0a5775c2ba7bb55d6146cf7e2f12c77543fa08a4df5d2eebac176f976e2ac6283a5f4,CLEAR,DAYLIGHT,DRY,IMPROPER TURNING/NO SIGNAL,2.0,53.5,2.0,2.0
0558d29349202cbfdbf3419f538baf9050f3e7329cef24b96210078c3479602ce792d8ae55ecd4f2aa7b684da3b20ab177241ed6dd51151aac3bf6655d6b731c,CLOUDY/OVERCAST,DAYLIGHT,DRY,IMPROPER OVERTAKING/PASSING,2.0,30.0,3.0,3.0
05590c224fede21a2b19c55a3d27234fe886614871f45fab63810e668b746d1f8970840edaaa7593da2a1029d27077afe248a3652fef8c61779ea179bb2ab3fc,CLEAR,"DARKNESS, LIGHTED ROAD",DRY,DRIVING SKILLS/KNOWLEDGE/EXPERIENCE,2.0,21.0,4.0,4.0
05591c9429f7244e45ef4031b3abf33d9de05cc4a879d3651c9906d98e6d365ce0e1bea164616b7e497400dd600c425c4ceb35261f67b6dcf2ae964cf0905ca7,CLEAR,DAYLIGHT,DRY,IMPROPER BACKING,2.0,49.0,2.0,2.0
0559385716737c8acf2615ec294f805fcf53449e83e668972d095ca681fb961b0db5ec6819951141155335dae497cb917f5f35e6d04b4060528237893af2a5a7,CLEAR,"DARKNESS, LIGHTED ROAD",UNKNOWN,EXCEEDING SAFE SPEED FOR CONDITIONS,2.0,42.5,2.0,2.0
055976fdc8a2ac872a6733a1cb7be7dfaa98aa1ac1a9773b493a852a988e9d9d794281d1761b4cd1ea9264fc23e1a6a7bcbcbdb2321c6d6de09c33aefca1e39f,CLEAR,"DARKNESS, LIGHTED ROAD",DRY,EQUIPMENT - VEHICLE CONDITION,2.0,17.0,1.0,1.0
05597ce8475fec96e26446ca1dfff0f03d7e1a2b27f3b0e504c89aed5c03d0682e94e8bd6b8f2dabcf859bb4df96eae8d0e9fcc44805fa4f147b91208441cb91,CLEAR,DAYLIGHT,DRY,FOLLOWING TOO CLOSELY,3.0,24.6,6.0,6.0
0559a2f1ffab4193a803d5d060abd2abd49cd9d794e5aeff6664d1d242ac8494a5361b6d744ca74e8e35ae660662c907e710494582725006e4e0f20f1a871a28,CLEAR,DAYLIGHT,DRY,FAILING TO YIELD RIGHT-OF-WAY,2.0,50.5,2.0,2.0
0559bde3bca4a645cb3a127730428a4d1dc8dcc63dfd5bdc025a26b5f50de2c49add87d1b8e45b87fbb73860d665d3d6337acb6611a2d5afa7092514134b33c9,CLEAR,DAWN,DRY,FAILING TO REDUCE SPEED TO AVOID CRASH,2.0,37.5,1.0,1.0
0559be55444cc5fe5497b73032b65bea08efe1f8d395f7a99087302be0f33785ba008a64b85c0ed8ff440b702cca78b4c9ea3a3dfbd8cfbd27c2613da0c05ea8,CLEAR,DAYLIGHT,DRY,IMPROPER TURNING/NO SIGNAL,2.0,56.0,2.0,2.0
0559f5591bc5b3e3b8bf515fd7bc65acf77c96fd2f60b1f4eefef204c6d5b21e680609c1b126e8430fbc132172814922cfc1b431d4e1edf88518b2bbe8e5fb87,CLEAR,"DARKNESS, LIGHTED ROAD",DRY,DISREGARDING TRAFFIC SIGNALS,2.0,35.0,3.0,3.0
055ad559bafd941d39219cc2876fa24ceb74034b025b4820f22ac6928dfd892cca406c64dc589380cc4f637e50343adb9455c9a71afe76d0147bdd74e9e1352f,CLEAR,DAYLIGHT,DRY,FOLLOWING TOO CLOSELY,3.0,20.333333333333332,4.0,4.0
055af72deb7b9c51748952f6ea07c867f2a51cf214480d5d35f1ff728284456c5a04257918f5391b20e733749d3bb90f587931815b1f70fb22afe623948de254,CLEAR,DAYLIGHT,DRY,FOLLOWING TOO CLOSELY,2.0,55.0,2.0,2.0
055b33dade0c40fbb447d7daf4b77b261b381445160fe5105aea21244eac5e086a40fc05b2086f6ab4d25363fa1f8b26853e7b71485423663f661e5151310753,CLEAR,DAYLIGHT,DRY,FOLLOWING TOO CLOSELY,2.0,47.0,2.0,2.0
055b3d6c27e271fd4f3d8fe292982a4d6aed4e6deeeae7822f1eb085f41527b951f9387d7ff81c084627f56595a50e06394952694e41f89153de9c2d37c77ebe,CLEAR,DAYLIGHT,UNKNOWN,IMPROPER BACKING,2.0,47.5,4.0,4.0
055b6b1425d9b2322657ffaca533ef795682ceef716252edbfb2f726c45bc7976cd88b64796b181d5eb3618c808239027ceea95bc3332ef5bdc6c698b07b4f76,CLEAR,DAYLIGHT,DRY,FOLLOWING TOO CLOSELY,3.0,47.0,3.0,3.0
055b6e970164fc8966079cc5d29f842ba66fb32481cbd9976ba0694f42d0fe42bac99d5f355b4df7b0876936ee0e7c837d897a334c01602a1f2a6301c45f0a01,CLEAR,DAYLIGHT,DRY,IMPROPER LANE USAGE,2.0,37.5,1.0,1.0
055b9b418736928bf2e2e70193311ea9a82afd58227af17ed411e375a14e0db92216d1fc59fc4191acf5e50c233190011022a2eda49a7da9a84cc934f3a0bce6,CLEAR,DAYLIGHT,DRY,IMPROPER LANE USAGE,2.0,31.0,4.0,4.0
055be4688fae7bc37eab2f74730f80e8fede56ed28b06fcbf6720165331918a339f2c6711a96762994a0f2c074601544b2835ddf884afc433d2cd3314a440cf2,RAIN,DARKNESS,WET,FAILING TO YIELD RIGHT-OF-WAY,2.0,24.5,2.0,2.0
055c35785d2952d932348b5ea36209f03bd5b9f24bd4ea272d9651406bf2d1745ed9f0c60a00acde493f3ae82eb0ea3dd332f5859dff0e8ab1e975df36b16377,CLEAR,DAYLIGHT,DRY,FOLLOWING TOO CLOSELY,2.0,50.0,4.0,4.0
055c8bd538ae378373353cb43bc37590006365fd1cda0b5fc0852a04136cc3e6b67caa7f021dde53f6c0822c0f929ab4531793a3e415915bd8d89ecc1ab9c325,CLEAR,"DARKNESS, LIGHTED ROAD",DRY,IMPROPER OVERTAKING/PASSING,2.0,32.5,2.0,2.0
055cb4b945ed84b572f453fb87ee645fb896886a8c59a14b19a0e8c9f23c41a6146548102f50979a329ded989676840a0753b47636b488eeb7de173603bf2dd1,CLEAR,DAYLIGHT,DRY,FOLLOWING TOO CLOSELY,2.0,42.0,2.0,2.0
055cc8cd061c2a3904b3fb96080a2e2bd5726d82b19bf6440def11332ed4987e7a697dc75ac986d9614ccf443df16fb7379a584bc084b9d8463fb35f6c69d193,CLEAR,DAYLIGHT,DRY,IMPROPER OVERTAKING/PASSING,2.0,25.666666666666668,4.0,4.0
055cda7929660da33609c5bdb9224d9ba019671d2ec841a9beae6b9edfc5a4510577362e79fd4449edc468f80c5d4783a644a590c9422298304d8146b33c4c9b,CLEAR,DAYLIGHT,DRY,FOLLOWING TOO CLOSELY,2.0,52.0,2.0,2.0
055ce00dc8115bd9a6659bee0e47ff664896dbd9cf45d368d1abdfaac538db154af1a45cb1f940de7da7adc1220c597683e084b39fa2eb6b0d2b47847dfa92c7,RAIN,DAYLIGHT,WET,"VISION OBSCURED (SIGNS, TREE LIMBS, BUILDINGS, ETC.)",2.0,52.0,2.0,2.0
055d23c0807b2fe75a2d896e64961100993ce7cdf02088ae6769def343ff86cc2e1a2f78830db8f39fa1a9b3db50ddc15babcdff199b941230c32506d13c8314,CLEAR,DAYLIGHT,DRY,DISTRACTION - FROM INSIDE VEHICLE,2.0,18.0,1.0,1.0
055d27ce09172689d7973b1f0a67b7ae1849552b4fa91346ece242f90f93cf914d01e7517cc5bd3b8a6f7dc27ce0f31f0db528500726343a4d2fbf69f4eba5c9,CLEAR,"DARKNESS, LIGHTED ROAD",DRY,IMPROPER LANE USAGE,2.0,53.0,2.0,2.0
055d3d6302e2178a9c74f2cbf2f2bceaf563c933d80e86621d7fd75e981db1b508e8f895ed65b9f0f08029582814b5e266c2550c0baadc0c9fdcec9be4e5d4a4,CLEAR,"DARKNESS, LIGHTED ROAD",DRY,DISTRACTION - FROM INSIDE VEHICLE,4.0,26.0,2.0,2.0
055d518c5d0b710dc398d094fd7ed989b535209ce35f1db6656218b5d55e902bbe263438b9c1ca1b0d815e5c020664f087351688783ae712596d5fffd2295b99,CLEAR,DAYLIGHT,DRY,IMPROPER BACKING,2.0,53.5,2.0,2.0
055d803299d7b21c3ad51e23ba54980bb676aee559b4cb44b5483de0faf62a96f9fcb572e8107f5f8f311e5af9b3537a432d68c917639572c25aa5637acd5fe9,CLEAR,DAYLIGHT,DRY,FAILING TO REDUCE SPEED TO AVOID CRASH,2.0,45.5,3.0,3.0
055de0a14c7ba6bbd0f31966b22a5f7a8eb2fff41c0635bcc1ff3bf63d5e3afa2ebb5b4a119004c508be5445cc8fd3219037255abc558cfb65ed155cd5b593a3,UNKNOWN,UNKNOWN,UNKNOWN,IMPROPER OVERTAKING/PASSING,2.0,37.5,1.0,1.0
055df479ea1e6eeb72c90641f44f7fe955e64ff401bc92547515a36330128b12d0dc2dc01a3eaab1f44c1c4ddaf7709b18a40301ded935b92961590276b316d7,CLEAR,DAYLIGHT,DRY,FAILING TO YIELD RIGHT-OF-WAY,2.0,45.0,2.0,2.0
055e0876b500c497f7a61cfa0cf85091f2323f0a5db01d2fc0ddbd6b16116c4e2e1237153c46dbea5eb1e170dd8c58bec9a47c1ae7284791f315e0d7bfc2b901,CLEAR,DAYLIGHT,DRY,FOLLOWING TOO CLOSELY,3.0,65.33333333333333,3.0,3.0
055e261f2ff7cd07906dd89464f8c3eeb2e236c82337c5bb09cc2a15dbb79163d8727e3dc4a1a40330f229b2f817aafd845930653a3f76cfc5d13078a22bd552,RAIN,DAWN,WET,FOLLOWING TOO CLOSELY,2.0,69.0,2.0,2.0
055e416ed235e1011016cf5e136103074ef001c4eeb7cb25b6c3a42b3a06dd961f8813fdc7e4954b42056c7c656fb588a70be5a0f4ba3d0192229c95ab4b3c8c,CLEAR,DAYLIGHT,DRY,IMPROPER OVERTAKING/PASSING,2.0,48.0,4.0,4.0
055e65864d288f191326bec175e344f6a6c1599a7cabe75228280dd303acbc09e315383bc3f9586120c96e0a588a06013d2368d1f570dbe0ae5eb7431ffe7f9e,CLEAR,DAYLIGHT,DRY,FOLLOWING TOO CLOSELY,2.0,45.5,2.0,2.0
055ea4cc4cbfb166d994376cbc7fd5aefc46af5c8ac28d1d17ea6506ca74b47e421e5bd236c26ea5768a8863a167ec1aaf65f11c758cadd942f00c91bb448304,CLEAR,DAYLIGHT,ICE,FAILING TO YIELD RIGHT-OF-WAY,1.0,71.5,2.0,2.0
055eab54f899cab0ea30ac9be8c3f6cb75ef914b912ce6571d69f63eef079f7da12f0fcdc1dd670e296d8731d0c31b53357dd26c2de53091c62405a0f72bc3ba,CLEAR,"DARKNESS, LIGHTED ROAD",DRY,FAILING TO REDUCE SPEED TO AVOID CRASH,3.0,21.0,1.0,1.0
055ee5ff65449a6a56434eda08bb58e86a87a31e0e19e6edd85d7dbc303367d0951d8bdb083c72df3cd517a3fb827c03ca57f6285fe0c404cd55b22a0e5e0fb2,FREEZING RAIN/DRIZZLE,DAYLIGHT,WET,FAILING TO REDUCE SPEED TO AVOID CRASH,2.0,29.5,2.0,2.0
055f016acfe336a2350aa83e736ba635f450d044a3e23fb5750ce82f5c78a17e29c635dec184789f6eb81cc12f95956d9f486f4223db518ba30d0f1560a55982,RAIN,"DARKNESS, LIGHTED ROAD",WET,IMPROPER LANE USAGE,2.0,40.0,2.0,2.0
055f07ffd883fef65432231613c5bd92415c1380467d6da0d6fdfd121589df63014f91123ee981e87fe1e840abfd4ad5a24553526b95214b545dc343c27d433d,CLEAR,DAYLIGHT,DRY,FAILING TO YIELD RIGHT-OF-WAY,1.0,37.0,2.0,2.0
055f0b1b36cd024be57bdfc0f2534e3da40c661b88f448e2990801322466b971ab0a57b4a19bbcc1455d6e1be69d86c8b1f492f5070830b8b4e383942a7d0696,SNOW,DAYLIGHT,SNOW OR SLUSH,DRIVING SKILLS/KNOWLEDGE/EXPERIENCE,2.0,34.333333333333336,3.0,3.0
055f360fb9f5aea29ca4e91d075215d59ee61592523c59108cdc2ad79c9766fbafaecb0cc083c9c9e7a9e878ca0d8be9a26b19a2f151db1b8266d2d5c9e48c5a,CLEAR,DUSK,DRY,FAILING TO REDUCE SPEED TO AVOID CRASH,2.0,30.0,4.0,4.0
055f3c574a9b295727a060d141821611393c457464ff7f935dee122d1516db825ca82942e4001d804e5db1a14b7f6a62190e23e38ddcd9a41812c1781906c48c,CLEAR,DAYLIGHT,DRY,IMPROPER OVERTAKING/PASSING,2.0,23.0,2.0,2.0
055f528c146fce30b26b20e1e75b4b164b79cfbadddfd724e59d40394b261f4a11bd02bd7aa72ff4bca68d7b340028032083aaad052c8dddefb9d66727d861b4,CLEAR,DAYLIGHT,DRY,FOLLOWING TOO CLOSELY,2.0,69.0,2.0,2.0
055f7c494ee22c5471ab081b15d5b5c8df5516f0f58cf68307a9145f524a69f9ff0175eb7705247a91c37d9b1574a3f46992c936137a6b07b46deee8ea5382dd,CLEAR,"DARKNESS, LIGHTED ROAD",DRY,IMPROPER OVERTAKING/PASSING,2.0,21.0,4.0,4.0
055f7c614f6419e4cce2477fb55186c7e50e2fad9eb654cddb8e384b0bd95cf384f94d76ad3ecfc42ff415978104f589b0c6a020625fdab3e014687eb804f897,CLEAR,DAYLIGHT,DRY,FAILING TO REDUCE SPEED TO AVOID CRASH,2.0,30.666666666666668,3.0,3.0
055f8a6a1b9e090ab52753ebcccc6630c9a3d8badbf169509266dc57912f55a93e6d4073871774b84a69fe80a739b95be3e65c2c05f187468cde047dd372d526,CLEAR,DAYLIGHT,DRY,DISTRACTION - FROM OUTSIDE VEHICLE,5.0,37.333333333333336,4.0,4.0
055f991103282a978ab31bc4434ee6b2e37185806c762ffc10dff8c3d5550ceceb2886c85fc875ee036dcd3fa4652b9dc071a32c18ec151b5dab93ff05aa1be4,CLEAR,DAYLIGHT,DRY,DRIVING SKILLS/KNOWLEDGE/EXPERIENCE,2.0,79.0,1.0,1.0
055fa60ef0a8895fef10636e1dda3dc905e0a6885161187a577710838941776205dd4b6cb392411ed4d83eb040056f4a377758402191ad59dd3fcc3b991eecb3,CLEAR,DAYLIGHT,DRY,FOLLOWING TOO CLOSELY,2.0,27.666666666666668,3.0,3.0
055fa8161cf86a4f99604a2bb87f6ca0dcb938ecc736d176722fc667b9ab188fd0e9980e0087c14a8a4139bc336854a9f57912e3a4901198882506a32dc44c57,CLEAR,DAYLIGHT,DRY,DISTRACTION - FROM INSIDE VEHICLE,2.0,34.0,2.0,2.0
055fe7691271883be15da76cdf79e0b2bd52fd9c7c663d99a1026effb606921cbd287e1c7f5039910295174256f914baad1513fe83b22dab76bbff2272477fca,CLEAR,DAYLIGHT,DRY,FAILING TO YIELD RIGHT-OF-WAY,2.0,32.25,4.0,4.0
055fe82ef3ec1b84ccd9c676398ce6de7a82cb87ee1e72e7ab76d75d7c79d5fbfcc59e0f5578cbcee2920a76ab6f324da4597de8cdbd61cd2133174d8d742bc9,CLEAR,DAYLIGHT,DRY,ROAD CONSTRUCTION/MAINTENANCE,1.0,27.0,3.0,3.0
055ffa7a6d0130886559a5ba1671a1e1211b0269390331e70d7d681557ac9e53fbcd8e9517346800191fff5afd4d520ed6e511e886192558bb72ec5089248491,UNKNOWN,UNKNOWN,UNKNOWN,IMPROPER OVERTAKING/PASSING,2.0,59.0,2.0,2.0
055ffc1de168885d145f644f7822889c8407ddba387260696743346b2f0a45f4d6130f8d11952c8301f555b7c13c81d14dd0e8cd027652aa5464ffd8e4b53baa,CLEAR,DAYLIGHT,DRY,IMPROPER LANE USAGE,2.0,40.0,2.0,2.0
05600dab51ddaae3516cd5f8f70471f5e5fa38d13b02d402935a6327995a70024f83840bc1dbf35048ee8094815a6ccef918b2df1deec9f7958af702494027dd,CLEAR,DARKNESS,DRY,IMPROPER BACKING,2.0,37.0,1.0,1.0
056014d93c027a82b822eb7f3f218392405a2afe8f804268be923ec0bd85654d2910baef371f36c88a05b267982e326057c8bf05826187417a8612101fe51b35,CLEAR,DAYLIGHT,DRY,FOLLOWING TOO CLOSELY,2.0,45.0,2.0,2.0
05601c7eba912a234f9459de77d861f21ab289646f2469adc999b0ff220c795915868b31dcc9323afe317bbd3bf8e7e920b797bbcf38d6a1bf47df093bcc4803,UNKNOWN,DARKNESS,UNKNOWN,FOLLOWING TOO CLOSELY,2.0,69.5,3.0,3.0
056022551c1c3599f36a7b2303444cc4f8f96bf125eee1d882bd0d8ad0fe5ed2a18be6385c912cf0799612cd152155439438e33c21c4438af7cfa52b0afff6c7,CLEAR,"DARKNESS, LIGHTED ROAD",DRY,FOLLOWING TOO CLOSELY,4.0,39.166666666666664,6.0,6.0
0560312604db60183d809295fab85fe5c1255cf9b8f56c93c96f4c5196d251e3cda70b9dfd71ca81dbf4f6757ad6f1383541f964d4089d9c85223973b48c5ec2,CLEAR,"DARKNESS, LIGHTED ROAD",DRY,FAILING TO YIELD RIGHT-OF-WAY,2.0,51.0,2.0,2.0
0560334bd306d62bb5f6ce14daf7e90157bbd00b25c80ea7c2db66470a2a480335b2138831e402d0e73bdaf5b9b4d2685abb5050321abb4e22c0c09c8c97bfba,CLEAR,DAYLIGHT,DRY,FOLLOWING TOO CLOSELY,3.0,41.0,3.0,3.0
056072e366df6dc357387a816f6283ddce1c1cc0134ca2876a23b931c28834fbbab4957dbcef19444383daecfffb69001b0071b88568d2c19974562612df6f8c,RAIN,DAYLIGHT,WET,DRIVING SKILLS/KNOWLEDGE/EXPERIENCE,2.0,46.0,2.0,2.0
05609826c081bfdb0052afa1d40f3168c4e724343dcd6adddd79d701051ef9fc441cefaa2375b2ba3a05962745f8594276665d892d354c4b2830324951af8149,CLEAR,DAYLIGHT,DRY,IMPROPER TURNING/NO SIGNAL,2.0,46.5,2.0,2.0
05609e495c4d25eb6f4112c0c33998b73ae78e6719d8e97eb5640123e6497bf3998b9faa1683c4deb1ed9a97b5810a73ca3f868c01980df652c2c9c1f38f76f2,SNOW,DAYLIGHT,ICE,WEATHER,2.0,70.33333333333333,3.0,3.0
05610101fb5c97bb9ec26093e0d6fcba0b947aaad83514b760b37fc8b9c5012a19179e198b027fbac2041d1b55231a477e9e6263aa7b625b2e391d03e69009c8,CLEAR,DUSK,DRY,FOLLOWING TOO CLOSELY,3.0,29.0,4.0,4.0
05610cc9cc725883a83c357bfbd1c185085f72c2eda634c865a1d817de21e01e54da87bed52996886430c3323bb878d59196368c86d96da4b38677f5aad8f654,CLEAR,DAYLIGHT,DRY,FOLLOWING TOO CLOSELY,2.0,57.0,2.0,2.0
05611796063ba17fc3ade32b60a0b7626716ebb3818f07ff472fcb3838931ad42e442f069ea184c10e68a54d63c660f7a7cf92ef6ddbcf345f2bc7ad8fc6a48b,CLEAR,DAYLIGHT,DRY,IMPROPER TURNING/NO SIGNAL,2.0,44.0,4.0,4.0
05614ae7773eba12a7f6724173efa82b3162f4e050e5e0107435eecfcd28bfec5f175c134e7ab15f5984de9b0b2e772703e5d5b36f23ac757216060e634c7cca,CLEAR,DAYLIGHT,DRY,FAILING TO REDUCE SPEED TO AVOID CRASH,2.0,19.0,2.0,2.0
0561641feec2f4481b7adabbdd7f165ac6a2d4217333c77ea71696859363ebe88ac3224e9175e628a3cde56c075878be23b13b9309e1d5ad1f6bfa5bc4a93a26,CLEAR,"DARKNESS, LIGHTED ROAD",DRY,FOLLOWING TOO CLOSELY,2.0,28.0,2.0,2.0
05618d3d65fe2012935639b059a5a5678dd89abb7c6a7370acbfd080420e4d7a3d9aab218c191eb5cd81b4e37f855fffcd00031fc6af963e0b6ceeed67999d99,RAIN,DUSK,WET,FAILING TO YIELD RIGHT-OF-WAY,2.0,18.0,5.0,5.0
0561d672370e4a6e3be509cfd03dda95441600301c8c8b707e117f8d1152050437e69118a24ae91097cf381df1a4413882e9d1e7f34b21e6c189f12b407b8d06,CLEAR,DAYLIGHT,DRY,DISREGARDING STOP SIGN,2.0,19.0,2.0,2.0
0561dccaa576498a88381cc78a999d5baa2e452e90cd2fb75f4eefb19bf9190e633b80ef2ee086b938f44ba7d63a8c7047ab1458711dea6e8a0acc6120fe0965,CLEAR,DAYLIGHT,DRY,DRIVING ON WRONG SIDE/WRONG WAY,2.0,27.0,2.0,2.0
0561f0df5969811d48fc59da8cc481a736979f8cb31216c31c76e49a979e54859d60d0b3345d6d28eba086eaf7ba946809db6dcc271412ae8e37fee74c7bb6b7,CLOUDY/OVERCAST,DAYLIGHT,DRY,DISREGARDING TRAFFIC SIGNALS,2.0,41.0,8.0,8.0
0561f4916b122f404a6bf63108d262572f54f2c1a1cd44b57a7a0ac4aab244ff0c0aa696fa46037f2d1f2d15ea42b22f7767937748373fe45c3058306bdd8043,CLEAR,DAYLIGHT,WET,IMPROPER LANE USAGE,2.0,37.5,1.0,1.0
0561f66301ac3852f972fd79121a64ffa73458fae06c52e6c1864ad0226487c0c6edf11579f40a35dde8167500fa7193a4438fdb19613a16f0e329ad1c15482f,CLEAR,"DARKNESS, LIGHTED ROAD",DRY,FAILING TO YIELD RIGHT-OF-WAY,2.0,45.5,2.0,2.0
0561ffb53e1a0e7bc30fbd9a513b63b142f6db469416041f4ec02064467cb18df1b93d229456bdbf102cb0dfbb90a2865578c506d4fb5d568890e04ae1df2d95,CLEAR,DARKNESS,DRY,IMPROPER TURNING/NO SIGNAL,2.0,35.5,2.0,2.0
056202be4f9e4a601340248b1a4210935948b04a66c9924a7264d6573e05a0648ec0c187600d4104195f4f52451e89efbd4cbe799b4dca17a7e5790895ac3e80,CLEAR,"DARKNESS, LIGHTED ROAD",WET,IMPROPER OVERTAKING/PASSING,1.0,37.5,2.0,2.0
05621c295e381320dbe287d22c7037fae89bf1fb93a2dddb2daf5c9e0999847983ed43a5eebe9db65cc365a1d7827461d151263382214ea04c6d89bd49b259d6,CLEAR,DAYLIGHT,DRY,IMPROPER TURNING/NO SIGNAL,2.0,32.0,4.0,4.0
0562a1c659f021d3ee0c5492babaca72db12eca4ea698fb6a6d11adee6074021a2cadadffde036f28e7afe25dcb88b4c44ad8729e1948880d6ae0395da2ef910,CLEAR,DAYLIGHT,DRY,IMPROPER LANE USAGE,2.0,29.0,2.0,2.0
0562c6c5df4c395f82aa23a8ce3d8e3836d624fc19938ec0f62bf11ee1b8866febd20d82547f3215b425c6327002c9cbf17619e9b02d5151728a634d7f92558e,CLEAR,DAYLIGHT,DRY,IMPROPER LANE USAGE,2.0,41.0,2.0,2.0
056333516a1872cad0c5248e0043bf045e0cd724778d319e8b62cd6a1d35681c7d774a724897c8a4177b2f94bbd7bddcb92d5ba606c9b63e110ac1cdb920acf6,RAIN,DARKNESS,WET,FAILING TO YIELD RIGHT-OF-WAY,1.0,27.0,3.0,3.0
05633a58b3bfd8bd2a9a3a069fdab52e5edc99c440b43c127df76e0a08669d988acb5b79726b2749d2a2e3ea8580f51d111e8d5ff4988a6aeec141535c2560e4,CLEAR,DARKNESS,DRY,IMPROPER OVERTAKING/PASSING,2.0,37.5,1.0,1.0
05633d4a278b23ab3a162208c6e699d9234870a9236bbbc007d2d9a81a061f69a4311d9aeb2ed6bdbd9828ff99d7275b04411f2acc8591fd63607bc23e2b5bde,CLEAR,DAYLIGHT,DRY,FOLLOWING TOO CLOSELY,2.0,37.5,2.0,2.0
05633eb2900c83eb6d296b5272e65c12b986390467498d97bf11cfccca6f3d75f15f017171d1335b6edd041185a36e33ac73851bbd3675dc8c8f90a1d0d4aa8d,CLEAR,"DARKNESS, LIGHTED ROAD",DRY,FAILING TO REDUCE SPEED TO AVOID CRASH,2.0,27.0,5.0,5.0
0563506662b02bc2b3379c7f8f2e234054d92396a62355679f032c85d4a201a5979be91216b2ead399ed7e6f7c71675fce24c4e9d3827a5192cb75dbf0db3658,CLEAR,DAYLIGHT,DRY,FOLLOWING TOO CLOSELY,2.0,43.0,2.0,2.0
05635a185504caf503cc4a72ff49e743c1819023c7648e9c90541867775b7508accc282d2e75d2b07c93b84139eae25fe3388feca827b805fc4b149232030bbe,CLEAR,"DARKNESS, LIGHTED ROAD",DRY,IMPROPER TURNING/NO SIGNAL,2.0,50.0,2.0,2.0
05637ebb6ac790bb77f3d516d9559772d0a73974e20422a7313994b8e7e46d953e619e83312c64a8def5aea553979f8d98a6ce3b2e7666180d20b3d42b2e910a,CLEAR,DAYLIGHT,WET,CELL PHONE USE OTHER THAN TEXTING,2.0,0.0,1.0,1.0
0563b5a75ad4ca46aad8aa5797d2c322dd5d98691ebb28d40a2fd8920d3f535eecda6bfb856a243f8281d3e1531dd6bef4c119590015dbbb9a30e6b64a8935e4,CLEAR,DAYLIGHT,DRY,FOLLOWING TOO CLOSELY,2.0,29.0,2.0,2.0
0563cfa25438f7444597c28ba3e68f054ed8552c75f26005c08371ddcc860bf7c7c97618c4f3f58adc4a3a854be773e91939dab11d156161c2da012977650478,CLEAR,DAYLIGHT,DRY,FAILING TO YIELD RIGHT-OF-WAY,2.0,62.5,2.0,2.0
0563d649bced92328d35f2c8bdbb1b48dc60c5d8f68a1bc93a956a26810dfcda5d5cd14f2294b31469a8da25b3edb8c1680bba7efd1dda66cd5c73cb691106b3,CLEAR,"DARKNESS, LIGHTED ROAD",DRY,DRIVING SKILLS/KNOWLEDGE/EXPERIENCE,1.0,43.0,1.0,1.0
056427e21d7b9a56c9e511a675477a6d92e9bc1cb72073eb0258ebaca143e1594d9d2ab1108a1aac2d263449c9ae8abc2c1174e644809c413f400184f232890c,CLEAR,DAYLIGHT,DRY,FOLLOWING TOO CLOSELY,2.0,43.5,2.0,2.0
056435fe67cf831f152eb545398899796d4fd35abcff0a9742a2d0fd51b8f7113bc986938b059e21fded3dc25195ec634ca33425e2f7efa2fc5f0247fdac5bb1,UNKNOWN,DARKNESS,UNKNOWN,DRIVING SKILLS/KNOWLEDGE/EXPERIENCE,1.0,22.0,2.0,2.0
05645e9f9f7e2f7d053b922138f35562bf03241c562c58ac9a1b33fc69421ba06c8ff2450f6062e9af47e4ec4f1e9a05eb6a6f5f633fb140b9c3967d899abdc9,RAIN,"DARKNESS, LIGHTED ROAD",WET,FAILING TO YIELD RIGHT-OF-WAY,2.0,31.0,2.0,2.0
056464ec9692b1577ad0e23310b45a5cc871ad7b10db29b9902e5f41fa91995ce10336dd840d18df5c0309fa4595821f02749d53271b856bdefe3dba91a2a331,CLEAR,DAYLIGHT,DRY,IMPROPER BACKING,1.0,60.0,1.0,1.0
056468bfcd9338b8c9c24c609379bfd919ee889f835867c5788e43382ede07bbafb03caf8361337c154c39c90a05b0bc0a6b067396122f5657219c434591decf,CLEAR,DARKNESS,DRY,IMPROPER BACKING,2.0,37.5,1.0,1.0
05646bbd525e7890de3bc11bcd99bd7c7d0f131cca2d44118dc19961aac4dde7a8b3fb1994c0bb36e7770f7a79a586615091fdb36ff635d2c811ead489d882ac,CLEAR,DAYLIGHT,DRY,FOLLOWING TOO CLOSELY,2.0,36.5,3.0,3.0