crash_record_id,weather_condition,lighting_condition,roadway_surface_cond,prim_contributory_cause,total_vehicles,avg_driver_age,total_people,total_injured
0564c2a81741dabf9a29aaa2fd6fcca6514fd6af0607fca17761e56810ef40184e5bd85822e9287f2d32e93e057a4ff6d5d6bbfc5975335fe1351ba283ea86c8,CLEAR,DAYLIGHT,DRY,FAILING TO YIELD RIGHT-OF-WAY,2.0,38.0,4.0,4.0
0564e565ebda939c88d5da6d613ac5789b702cbff5b8744552f9930bd571995afb81a895dfd2bc8a23e6cca53f8fc6a9afbeb38591781281a3c37ceba5cbcbd5,CLEAR,DAYLIGHT,DRY,DISTRACTION - FROM INSIDE VEHICLE,1.0,32.5,2.0,2.0
0564eb9fd8436de3fdae053a3ba5a420478e9c33d259c5ca054e84acaf805c5c43da5c00323a25cafed9501decf8ae710313c53da3e5d67b2cc90c9209aec36b,CLEAR,DAYLIGHT,DRY,FAILING TO YIELD RIGHT-OF-WAY,2.0,20.0,2.0,2.0
0564f86218266059071f4e1dcad16ecf34e7f027c22c7c11e4441db4fef51a5c397aa58442cb1f019640f9a358fbe9756caeaa9d9d763e1b1eeae1e1ca7950b3,CLEAR,DAYLIGHT,DRY,IMPROPER BACKING,2.0,38.0,2.0,2.0
05650120da5bb6988238f80631a72e6005cf356262b08387d394b53c3576159d5619c08f2c04beab85b08b18e1842a481214235bb1bcc21b42b9f16a0c4ade24,CLEAR,"DARKNESS, LIGHTED ROAD",DRY,FAILING TO YIELD RIGHT-OF-WAY,2.0,37.5,2.0,2.0
0565224918a2eab1cb7aae8e1eef8aa9cf04508d4fd05cdc05dfb63ff609af5b3c6cead446e4155f32fc284cb8401769df381db617f06b541b57e7f67a37beeb,CLEAR,DAYLIGHT,DRY,FAILING TO REDUCE SPEED TO AVOID CRASH,2.0,38.0,2.0,2.0
05653976048c5502f55976a26371fae0c56908f357b75dd501eb7e233a787f40ff0de711783f9a724f26c6a3b50b46e5fa360896d70a818924ce879361bf31ff,CLEAR,DAYLIGHT,DRY,IMPROPER OVERTAKING/PASSING,2.0,40.333333333333336,4.0,4.0
05653f669c672d6ca1d2fe9a045bf2dbd8945dbe3526c14ff795d39cfd95a92979243f0a705c758dbbcc9c3b80b83ccfb8ee2b96db89b245cc9352efb350598f,RAIN,DAYLIGHT,WET,CELL PHONE USE OTHER THAN TEXTING,2.0,43.5,2.0,2.0
05655479cb51a0c1b95f7f2d828bc7b04d03f71da030460989f81814efeaaf32d44283fa0426620bcab8fe13dedfcc0260fe3653403ddb132bfe8ea6c334ea2f,CLEAR,DAYLIGHT,DRY,FAILING TO YIELD RIGHT-OF-WAY,2.0,30.333333333333332,4.0,4.0
05657bd876496e0ef974de06e4fe79312e749bb0e4847dc4fe2984e7b9761960e2e5c5785c9fb609c08ad5e1187fafa01613e84e70964d7b70b6c543766a8e43,CLEAR,DAYLIGHT,DRY,IMPROPER TURNING/NO SIGNAL,2.0,38.5,2.0,2.0
05657f304916dbeaf44019a518fb7a3f5dd2deef38aed04939fef3b06605793527433204023be5e8e05e4c48bec54a21d704226dbb56480b5f5cae45775be64e,CLEAR,DARKNESS,DRY,FOLLOWING TOO CLOSELY,2.0,33.5,2.0,2.0
05658ca22e729b7937dc95283b5b8fd7f5fe819fccbc2ebf6a86cf030b6106d6ae32d414d8813ea24a6b6f6e2643ba6dc73428ab21c4b0ff363108e7f3f6baee,CLOUDY/OVERCAST,UNKNOWN,UNKNOWN,IMPROPER BACKING,2.0,28.5,2.0,2.0
0565ace1775cd577b4521371a0af9495fecb04c52febfc1598475a89068ebb82b72ae817af575efc85f61c43e79664c5b5e3b991b0e3634dd1375c4ded699173,CLEAR,"DARKNESS, LIGHTED ROAD",UNKNOWN,FOLLOWING TOO CLOSELY,2.0,20.75,4.0,4.0
0565c56ac785248e290589cae8a45e73e4f021d90a4fc5babc0f337b35a44bec3eee0f786c4e01d3f4b0fe245a164a31838ea38603f4d987bdb724d80ae49858,CLEAR,"DARKNESS, LIGHTED ROAD",DRY,FAILING TO YIELD RIGHT-OF-WAY,2.0,23.0,4.0,4.0
0565cea9393d022d493e999df713fa8bb59c7fd0816d278c550e38fbecadec8bbbd9cdcdeba806bf8ea0ba47ec5283187888ceae988d04d9307293fd0daaf268,CLEAR,DAYLIGHT,DRY,FAILING TO YIELD RIGHT-OF-WAY,2.0,26.0,2.0,2.0
0565e07034ce63ac74d36b2d05fac9dbd310eb5a7388e51e9155a490419ccecd68752d10f883e5e4815779d3e97cf0210e29ee43e2cfe8d781510426c0e8e006,RAIN,DAYLIGHT,WET,IMPROPER OVERTAKING/PASSING,2.0,46.0,2.0,2.0
0565f5de375c8dbf05661066887ca1fe217c12853594ac4b4317d0e9d794baf0d03bc5da74a9d19a1a7fbaa184f765a9f86d97a3633810c3d86ffd0e0b059515,CLEAR,DAYLIGHT,DRY,FAILING TO YIELD RIGHT-OF-WAY,2.0,35.5,2.0,2.0
0566332063d73e1212b644e0f631dad4601a24a1069ae5966ed96036e0fe744933bcec9f4513cee10b695473e8a0051bcbbf2de1eb5a1115d0f97fdae2d93d31,CLEAR,"DARKNESS, LIGHTED ROAD",DRY,IMPROPER TURNING/NO SIGNAL,2.0,56.5,2.0,2.0
056639a2f559458bdd438802df96130e67f842e23a91fef67801d222bfa78af8cd4462883ed921c38475f91456d180032d6867872ab8df9ab816bc31aea5fa5a,CLEAR,DARKNESS,DRY,IMPROPER OVERTAKING/PASSING,2.0,76.0,3.0,3.0
056653daefc0e46c617b374f3c24bf7426403aa26403cc689823dbcfa26132753e849e1cccb2919242170eef9d1efee5c7d279a545daef47fd30b9e4818a957b,CLEAR,DAYLIGHT,DRY,"OPERATING VEHICLE IN ERRATIC, RECKLESS, CARELESS, NEGLIGENT OR AGGRESSIVE MANNER",4.0,50.0,1.0,1.0
05665c77ad080caba3f124b2b9c0dbcfdc500ecb61e58a58f4146233f4e398d04508c0937e763d42944d3cdfea6fe43334176fc3f6ee6eac2f924bad7b10e34b,CLEAR,DAYLIGHT,DRY,IMPROPER TURNING/NO SIGNAL,2.0,40.0,2.0,2.0
05665d200e33af08cb2efdc9c2074c4f9a02d94550ea1ba6232d98398bb82bf69eccbd956ddf906202350bc71d2111e72658525483ff86a2045971331adb301b,CLEAR,"DARKNESS, LIGHTED ROAD",UNKNOWN,DISTRACTION - FROM INSIDE VEHICLE,2.0,30.0,1.0,1.0
056663f02a13a15f52e6db31782e32becbe833cd4b23a1203b26362aced0c7fcc18f0a69bdab245c3ec9910e80ce6c7979873694767d25d8c5fffe92e3097210,CLEAR,DAYLIGHT,DRY,FAILING TO YIELD RIGHT-OF-WAY,2.0,43.0,2.0,2.0
05666d9c59774f9e356a005b79213b8b3d0b4980f086a16653d1f6472a76dd5c41acd4367a4258edd03d02a389b68f9d378f1bbdc8e4368af6d26138400a08d1,UNKNOWN,UNKNOWN,UNKNOWN,IMPROPER LANE USAGE,2.0,31.0,2.0,2.0
05667738156c20eae8f58f7cff3b9a3efbc7fecfdb0ed266cb22096397b21b426d518957bb5e412ccf3a4aa47d4d7bb3e750df5038fb1f702994f4f574278497,RAIN,"DARKNESS, LIGHTED ROAD",WET,FAILING TO REDUCE SPEED TO AVOID CRASH,2.0,37.5,1.0,1.0
05669874ad9a1f49955ce7d25265df725468ce7ba521fd3bec41a73247df4b8222927600f303533a8ca540cb29a7d9d430e619c8426354e965b5d4f3cd6e369b,RAIN,"DARKNESS, LIGHTED ROAD",WET,PHYSICAL CONDITION OF DRIVER,1.0,50.0,1.0,1.0
0566b420e5425811ecd92fb543cd60571f01025b883cc7974c2df65f0cc5cc713eb8098566b6a974d7171499077dc2a843404d2b4f6f8b25ffbc8d20c926523b,CLEAR,"DARKNESS, LIGHTED ROAD",DRY,DRIVING SKILLS/KNOWLEDGE/EXPERIENCE,2.0,37.5,1.0,1.0
0566d00d8b32ab505e5daee252f38234107fa70cb3724826f9a4db20f4fe02ebc3c1a0932af20e79056b594b1e114cc73255153954d4f03fab19df55bb04aaed,CLEAR,DAYLIGHT,DRY,EQUIPMENT - VEHICLE CONDITION,2.0,47.5,2.0,2.0
0566e160accf96db6128d3fea41f204f2abfc06bbae9aa500e5d33736e8f0719037de635c5fceeb144678f418fd98dc59d833befa1891debc59b5f4ac1de0b51,SNOW,DAYLIGHT,SNOW OR SLUSH,DRIVING SKILLS/KNOWLEDGE/EXPERIENCE,2.0,49.0,2.0,2.0
056701129f56fb7a0d46ab7012a07431deb24ebc24fd456535513599e84ce0be254aaf0468cb9552774838bb4ab801f1fc3a3b9aca1a8de63f095b68f8f37391,CLEAR,DAYLIGHT,DRY,DRIVING SKILLS/KNOWLEDGE/EXPERIENCE,2.0,65.5,2.0,2.0
056704fe28bc924e5b1e79bb2a5b20555aebcbc6c36b538fbd6e78dedc664816f79fc3e45bf343edb5452d3d53f73288864133c7755694764591f3446f80a243,CLEAR,DAYLIGHT,DRY,FAILING TO YIELD RIGHT-OF-WAY,2.0,24.0,2.0,2.0
05671e7a36c97a9dacf80cf5867d3f7799e7d13e87381a1389ec66fbf63150002044ff282ee43f50559087ae4df1b4a52a949f281abfb116c37335979f3244cd,CLEAR,DAYLIGHT,DRY,FOLLOWING TOO CLOSELY,2.0,35.333333333333336,3.0,3.0
056720e2d282afd2576f97103c9d927b8658e66e525449f435adcc00390bf924f7db64104cfd52ef3a1344dc243cad81810455c4190e47237e54f40420db19b6,CLEAR,"DARKNESS, LIGHTED ROAD",UNKNOWN,IMPROPER OVERTAKING/PASSING,2.0,22.0,2.0,2.0
05673cfdcc1ddda13613638a904f8a11d1949a9776b31670afaf417f124cb896cc78eba294646daf79ff61021773ab272401536504ac228043ae4497a36ed38f,SNOW,DAYLIGHT,SNOW OR SLUSH,WEATHER,2.0,27.5,3.0,3.0
05679e41c389ecc1ad6e4a970ca9f867f7c25a7307959a083b2cf3ef7deb3b121a74135f52c6a59c2101586ff92a32dd3eab82953b9ad22f10dcc09cc81dc8c2,RAIN,DAYLIGHT,WET,FAILING TO YIELD RIGHT-OF-WAY,2.0,25.5,2.0,2.0
0567b27b9b310ca6d75d9d728cb4c188a507ba47abfbbaa40e3cb75bc1a67ee1ae918ab1a75b14882b6582ab7cc023a09d653093776417344ec5cd81afe5fe5f,CLOUDY/OVERCAST,DAYLIGHT,DRY,FOLLOWING TOO CLOSELY,2.0,28.333333333333332,3.0,3.0
0567b60196997480ad79f2a5ae50a10c7ce3542e01713a65bb5e106ded21ef57eb6a934f9230fc3457892dccedbb92caa23f5bb10d1a327cebaff01458e96258,UNKNOWN,UNKNOWN,UNKNOWN,IMPROPER BACKING,2.0,22.0,1.0,1.0
0567f26342b850b80defa6cee23759795be166ebcdedd8ec5b01945e5126bade3f25c00ce2bed28f6c2b94578d16ecbd2dc58caafde561bdac67c8a4547ec48f,CLEAR,DAYLIGHT,DRY,IMPROPER BACKING,2.0,41.0,2.0,2.0
0567f71c0dda1326fb2058e983fb58fc85bc5e17624efde7136fd9d0498aa5d3bb259fa3d87be934b05d4ec6f135f16029f369d0daa900450e808e9c39a0991b,CLEAR,DARKNESS,DRY,FOLLOWING TOO CLOSELY,2.0,48.5,2.0,2.0
0568123ee93f33ae7c44c3119ecdba4d35ff47d34dfff58eebe63a772a69cb832d2b61c6f43445496ef8832ae202d0fc26737777efcafd7eb385c14800146e75,CLEAR,"DARKNESS, LIGHTED ROAD",DRY,CELL PHONE USE OTHER THAN TEXTING,2.0,49.5,2.0,2.0
0568242946990d9687ad9faef5578c7b899632df3765fa559b5ebc308f0afccf60448bdb85b7f586072c32b498db12da5029df4748ea06c847c5f20001704ed0,CLEAR,DAYLIGHT,DRY,FAILING TO REDUCE SPEED TO AVOID CRASH,2.0,28.5,5.0,5.0
056892089d44ee1835cffed072a8d74fac108e64531e2ea84f359b96c43a37619ca867915e1d8c69839780f2f68e75d9b4b1fd9c4c024a9145baff0bd20f4725,FREEZING RAIN/DRIZZLE,DAYLIGHT,ICE,WEATHER,2.0,37.5,1.0,1.0
0568962bb08084b22c66b31eb9d023ed728c55c5977b5c93d3e692edd988d57434ee75c5d807b797d8520c783a015468d321523275a77064e9fb988c668192ff,CLEAR,DAYLIGHT,SNOW OR SLUSH,FAILING TO REDUCE SPEED TO AVOID CRASH,2.0,52.5,2.0,2.0
0568ae40a1a0a2c5f98a787934d6af9e1302a049dcac8a83f0a19caed65c146409fe880edab49b09e777174a174a1bc6e9cbb93afed2be5198a810203a166dbc,UNKNOWN,UNKNOWN,UNKNOWN,ROAD ENGINEERING/SURFACE/MARKING DEFECTS,2.0,37.5,1.0,1.0
0568cbba5cf90262c6dbeaea17116566a4c309de9440187985d79e5409f1ea5ef0d077cbe6712d013971808f2cf465182624c6760779638ac796f62956b52021,CLEAR,DAYLIGHT,DRY,DRIVING SKILLS/KNOWLEDGE/EXPERIENCE,2.0,39.0,2.0,2.0
0568d72ff21df99cd343cab937f3c08167a5cb8d7fa189ab7574aa512db474ad91680863c36910326b2a50c206fab9d2fc2cfe86eb9e9c9659f5ef3f64e5581e,CLEAR,DAYLIGHT,DRY,FOLLOWING TOO CLOSELY,2.0,26.0,2.0,2.0
05690bc6552f6f27f05d0b17683fb1bde7990eb8c47ec1c25e0dac56a0e8817b911f269c5475bb4103c11535b3b85006cca9c49c1f1bad5ef2966d16d1c2b3cf,CLEAR,DAYLIGHT,DRY,IMPROPER LANE USAGE,2.0,22.5,2.0,2.0
056912217791d3fdb1be522cd4cf8f5caa5c47ea16e58226da2cbb23e3e54c6a3c3409b50f6f8c2132e399f65f4af1d3533d999d1962db48d935904b7b361386,CLEAR,DAYLIGHT,DRY,IMPROPER LANE USAGE,2.0,33.0,2.0,2.0
05692eddc01ee98daf6e01d96f0d71425595aeade0baade7acf9c801a1dfbbf81d8db37247acfb1b16defff57d1e52c7cc7be74f14f8bbcbad1dc3d6d567d60e,CLEAR,"DARKNESS, LIGHTED ROAD",DRY,IMPROPER BACKING,2.0,49.0,1.0,1.0
05694128312fc887c191e8f53985987edb3eaa97bdebe03f44eb3cdc923e59a5f7e1a329aff81fddeca74d7dceaf8329c5e17becb7f8ad801a759a593744ace3,CLOUDY/OVERCAST,UNKNOWN,UNKNOWN,HAD BEEN DRINKING (USE WHEN ARREST IS NOT MADE),2.0,33.5,2.0,2.0
05696157e3429baa816bf8e2d9317f361a85ab4fb48bcab07a8f68dbaaeb954862ed404dc186733ed9cc1a57a7d8fbce90cbde22c452f88f1d4d334fb0032225,CLEAR,DAYLIGHT,DRY,DRIVING SKILLS/KNOWLEDGE/EXPERIENCE,2.0,55.0,2.0,2.0
05697e47f8abe78f2c430466f7ea9c126228d7574d281cb978f854bd1d9ce5ebd2a227dd6ae8639b7a14d62985529207c6c5e5a136d30b37756b704fa7a86fd9,RAIN,DAYLIGHT,WET,WEATHER,2.0,46.0,2.0,2.0
05699cfc52e9d1a5da5e0aed625443af30eb86e43be1978b1b34b81ccc23c369ed1f2765d4b15a5df6978f2b846140c6f89d1e7e01e3df947f679cec25c655bb,CLEAR,"DARKNESS, LIGHTED ROAD",DRY,FAILING TO YIELD RIGHT-OF-WAY,2.0,37.5,3.0,3.0
0569a8da38cfb64106123300feea180a6897196f573c359d26807caba124e5d3adcf9cf3b033a943314cc4b0a4f8ff963eebc172e97e96a08c946c976221de03,UNKNOWN,DAYLIGHT,UNKNOWN,FAILING TO YIELD RIGHT-OF-WAY,2.0,42.0,2.0,2.0
0569aa1afc37649377fd06a5d7d8e52705e8712662f54cafa897196cf6ce67a6b92fb004585bdd9483ade9fe31dc3e8b9cd4db6c752435fd319d3ea5e3007777,CLEAR,DAYLIGHT,DRY,FOLLOWING TOO CLOSELY,2.0,44.0,5.0,5.0
0569aa611e404ddb8239fb0c81ba3294a4dd54b6343b24e05018ef3f30c89049fac17a2e2ae49619002d69309de44e2a882579ea75cec7595ebd716c422351aa,CLEAR,DAYLIGHT,DRY,FAILING TO YIELD RIGHT-OF-WAY,2.0,27.0,3.0,3.0
0569b3a672805117633a3459e9aab7e78f5d37799cfa1c5923d1409bfba0873dccf56942304e9f0add678d0e5964d9be23c98c219af2d709e228c2c397a0ad34,SNOW,DAYLIGHT,SNOW OR SLUSH,IMPROPER TURNING/NO SIGNAL,2.0,83.0,1.0,1.0
0569bdafd9409427eff8b552e94278356635ddb88b8965b553b9408e8f5b1a67f8061f50aac493b4451c4f4c7a9364af8354703654d8fe269c3ebad630ff3a2f,CLEAR,"DARKNESS, LIGHTED ROAD",DRY,DISREGARDING TRAFFIC SIGNALS,2.0,30.0,1.0,1.0
0569c2ca8812df42ab65f2858df53e54a8fdfe4f2ab47b61354546e72e810afea42d6081299482f933d451d65a97c7308eba1ce35f77c023a855ecec1b9d24d4,CLEAR,DAYLIGHT,DRY,DISREGARDING STOP SIGN,2.0,15.0,2.0,2.0
0569c4bc4f31f5c10abb15f6ae1cefe50ea36f98195bf9e33de4fae89427345bd1a3caad03f061de4c5e074f07b3293fa264041803f95d2776f79ae631e04266,CLEAR,DAYLIGHT,DRY,FAILING TO YIELD RIGHT-OF-WAY,2.0,41.0,2.0,2.0
0569d1655a79dc0df26f80e421d4e4574915865a097c905f2db4170f04299f526dc449bb0bb6095d2ef4fbbe5bd7c55f2e42a2732ad921205bf56c707b35d975,UNKNOWN,UNKNOWN,UNKNOWN,DRIVING SKILLS/KNOWLEDGE/EXPERIENCE,1.0,44.0,1.0,1.0
056a0cd43228d28bb67061b2f068ea9105c29b6ced3d00ca05a1b9b25c59b3005afd0011750ad358762dea841fc2b99bfe4f90c490bbd5a35c1ad8e05789781c,CLEAR,DAYLIGHT,DRY,IMPROPER TURNING/NO SIGNAL,1.0,34.0,1.0,1.0
056a3bfc7ae415a9af3aef4f7206a036d33e7e84cb5969561fb931aea5d1bd939b06a5caf66874e8e0ab84c13cc9bb66a672705ea59438b9f38172604cdf936b,UNKNOWN,"DARKNESS, LIGHTED ROAD",WET,DISREGARDING TRAFFIC SIGNALS,2.0,23.666666666666668,3.0,3.0
056a63d8f2fe1b4e6d3af86d2d6bfb96586a993e80b5b86987da48fd88517cb2482e053becd9ac40ac60822d1bc25b937fddca714804e5a93b03f815e3a6ef59,RAIN,DAYLIGHT,WET,FAILING TO YIELD RIGHT-OF-WAY,2.0,49.0,2.0,2.0
056a6a1af369eac2bde33c7eefed09cddb15fbf5837c4ce2824d4f6956ec6e69cd0cf8e16c07e6f9f5f5c0035da7552c09b2734eaec323fc42c5525e27c60e4a,CLEAR,DAYLIGHT,DRY,IMPROPER TURNING/NO SIGNAL,2.0,38.333333333333336,3.0,3.0
056a795b215e0b7872eb1a377db1a2b2ba31b220cc45576d3a7bc8be767f858737290941f8c77ac4487ca1c3819df6e7e64204e1b1975432d490d54f25927a80,UNKNOWN,UNKNOWN,UNKNOWN,FOLLOWING TOO CLOSELY,2.0,28.0,2.0,2.0
056a7d564be762a7c31ec5e8f49b7f18a66ed4df9fc5ab6e8d8e78e8b272f24ad1aaa3c91641d41c770eba48628ceceb6f70ae1001b2a7ed34c8fa9b7cfe1795,CLEAR,DAYLIGHT,DRY,FAILING TO YIELD RIGHT-OF-WAY,2.0,48.0,2.0,2.0
056aaee4ed939b70cb4438cc90817c6c6f1c58c0e575a595041694446336a87a07fe661d78c414ce02fd0315eb2aa298fd7791473368e4fa4dfbaf5bb2d00dc8,CLEAR,DUSK,DRY,FOLLOWING TOO CLOSELY,2.0,41.0,2.0,2.0
056ab57a07fa372990c4206d4ee0ecb621730c92fa65159aec3d800a28c20f04cb09382c18bbd2af782e1495e5a22376b3c1ff412be3685c5574312bcfa0470d,CLEAR,DAYLIGHT,DRY,FAILING TO YIELD RIGHT-OF-WAY,2.0,57.5,2.0,2.0
056ab5b53aa530c7078529948694d94b392cb911ad22d8b044c8faa46caca562ad03b640b358d5451988c4567463a4346d9b0c03c61e3658dae8f2fb46fb6003,CLEAR,"DARKNESS, LIGHTED ROAD",DRY,IMPROPER LANE USAGE,2.0,37.333333333333336,3.0,3.0
056abd4f87b0ba5bffd14816c103a9fb7fa00f9cb8ea711e0d3073db0eca84a22dde6ebb9c01a5f6fcce68e55df804f006521e61eb5cd7a7a725cd47c48005a8,RAIN,"DARKNESS, LIGHTED ROAD",WET,PHYSICAL CONDITION OF DRIVER,3.0,31.0,1.0,1.0
056b0d73079ff8364c8948616d2a8f730437d0cb739f05547f7313a21638666e4d0d5b75ac64d65f431f26cb2bfa95d58f5668d2e6b7daf9abceeb0b53760df9,CLEAR,DAWN,DRY,IMPROPER BACKING,2.0,37.5,1.0,1.0
056b6c8e536a95863b9ef1dc0795f92815b0df231d829d8823f27375419ea511982c28bd217394ae060a587f1776b6163e1c1f5615489dab53c7bc60cf94cbea,CLEAR,DAYLIGHT,DRY,DRIVING SKILLS/KNOWLEDGE/EXPERIENCE,2.0,61.0,1.0,1.0
056bc891c68611aca5ffb147977cd4b3b4bce39ad49a30b6005513ea7d7ffbce59b5de4019a6f489c54999241b3bcb20804fca437d332a7ed3b2764c4fea645d,CLEAR,DAYLIGHT,DRY,FAILING TO YIELD RIGHT-OF-WAY,2.0,37.5,1.0,1.0
056bfe9cdc81800417bb6a481cf326d9594a516815504b627dfa25e5015dd50150abe2645364773ea031b0d9031cde41ca1743c0686660e1d690856f0792fa73,CLEAR,DAYLIGHT,DRY,IMPROPER LANE USAGE,2.0,58.5,2.0,2.0
056c0d5b080495bebd0a0eb4ee4d1dcca6d4898a814347c87aa4f835031fe601989c42a6b7150aec70f64424c5b3c7d5cda66cd424f195e6ef3bea6f9e0423ee,CLEAR,DAYLIGHT,DRY,FAILING TO YIELD RIGHT-OF-WAY,2.0,53.0,2.0,2.0
056c2a2752c0b4fbf4fb50b3a34d431a6ae79461dfdfda32cf36f8b05e53a4c6b46b8881f7da7222c873ac2f185f6d52fc884de28c7023983a547de7e094afd7,CLEAR,DAYLIGHT,DRY,FAILING TO YIELD RIGHT-OF-WAY,2.0,36.5,2.0,2.0
056c4774989f1d62d278957b3b4529808b80bf9de44ce7cde157c4fb7012d18ee7fbe420f639ec3b65bd0010d702af8d96a050ecfd7720e7d8eeec3c8132c5b6,RAIN,DAYLIGHT,WET,FOLLOWING TOO CLOSELY,3.0,37.666666666666664,5.0,5.0
056c4b9df488f7708b7545546477e0507db2e6f0c2570410df8d28b077e1703c56dc62d63e221971d3dc4aaeba3760e8635b35944297cd4eef5e2659b47af4bb,CLEAR,DAYLIGHT,UNKNOWN,IMPROPER OVERTAKING/PASSING,2.0,32.0,5.0,5.0
056c58b830ea65f6f383972ffc5f1a3ffad5da6e58996faa94647c0f8f2980e86b663cfec88eae75433cc9e1bd1081f256cb627af6fa619f1e252002432142b3,CLEAR,DAYLIGHT,DRY,FAILING TO YIELD RIGHT-OF-WAY,2.0,36.5,2.0,2.0
056c6bd929293624fedc8525b7ba892cb0b42d4a880bf007d662c5a3c742462369e83910250aaf5bf759b0f1b7c492137a8bb2580320f73666d1d8be5d9e099c,CLEAR,DARKNESS,DRY,EQUIPMENT - VEHICLE CONDITION,2.0,19.0,1.0,1.0
056c7d4b2bc462e71d424c423479861a1b3a239861f4b8f50abb9f9f04e2ddbe3f04fa9b45ea110384237a25e58ddfaf08a69abe271a6f2b3a3025af3cf82593,CLEAR,DAYLIGHT,DRY,IMPROPER TURNING/NO SIGNAL,2.0,48.0,2.0,2.0
056cbb6215c0649c396cc2b580f1df874434bd0183f7a238a4326d11e8a5713c958b414e13eb7cac64967a715d37e0355cc53913b30297ab48493c1fd973a44f,CLEAR,DAYLIGHT,DRY,FAILING TO YIELD RIGHT-OF-WAY,2.0,16.4,6.0,6.0
056ccdc1246ea18e36bd772e53156c36d37f3ee8c35628ca514296f0cfc2674b90f8d7ac5a72e86dcbad042216084c4f7e328125eeafa60a26b850a42d31a8ff,CLEAR,DAYLIGHT,DRY,FAILING TO YIELD RIGHT-OF-WAY,2.0,24.0,2.0,2.0
056cf4a6aef640e45c0bb476abf71fa15d20d13bd64ef51da0a790d7fd41a73d25709ad9c3e71d1064e298a274ca2d194d5569547226583509b801bb5995179f,CLEAR,"DARKNESS, LIGHTED ROAD",DRY,UNDER THE INFLUENCE OF ALCOHOL/DRUGS (USE WHEN ARREST IS EFFECTED),1.0,36.0,1.0,1.0
056d21b72fa6f539b7dfd3f1715e19372027c2f55863d797b1aeb3fc8161e57cd5f282dd1c86d2da62052e4b438a6e84f93b2d58423781df63cd5e73d5e4314f,RAIN,DAYLIGHT,WET,FAILING TO REDUCE SPEED TO AVOID CRASH,2.0,52.5,2.0,2.0
056d3836f0b487f0b3513de581a9c81e06dfe01175d1438e6b56a3bac7dcc35d724d28f89bde203bc5ee6d4ab4b83dd99e4b2743008aab6c808ea9912e53aae8,CLEAR,DUSK,DRY,IMPROPER OVERTAKING/PASSING,2.0,37.5,2.0,2.0
056d4e02c3176abb813f265f70a343bc46ed9cf9a0945529b8812161e09bb5303bfa27708186c471c52f1bb16fbae65c610616e0541d03a58f1851a5ed5ee846,CLEAR,DAYLIGHT,DRY,FOLLOWING TOO CLOSELY,3.0,56.666666666666664,3.0,3.0
056d980a4583b3ebfa5fc9d35df08085478da0801bf8998a514ec58cef502fbd97be131a6e9b0a8bbf89ca6865f88996bc027f3d9b5c30a53ae514ed42c0d802,CLEAR,"DARKNESS, LIGHTED ROAD",DRY,FAILING TO REDUCE SPEED TO AVOID CRASH,3.0,37.5,1.0,1.0
056de7ce5840a1842b4f86c28208ad5531e4f8df4b295848197a33338e968ee24647258654f4fe9408bc1d1fb946027252ed5adab20b295411ed99a84ae19c61,CLOUDY/OVERCAST,"DARKNESS, LIGHTED ROAD",WET,IMPROPER LANE USAGE,2.0,37.5,2.0,2.0
056defcac1d53ecb3c930188011447314548340e4f22fd87b1d972c9f95fcc3f5da879e765de4a6e69471ed4087ef80cab83a9e3854585beced5e4d4c86f05b1,CLEAR,DARKNESS,DRY,ROAD CONSTRUCTION/MAINTENANCE,1.0,57.0,1.0,1.0
056e502a577b64d696a79fb381a9838e7ebf45a26c67db4800bc4555c81abe696aab1e0e88f0286c29ca9e46ffa0230aeaac02cb9e7fa90c15d1b5c8805ef0a7,CLEAR,DAYLIGHT,DRY,IMPROPER LANE USAGE,2.0,44.5,2.0,2.0
056e97d5916e74f0e9ef652f158dd8c0b8ad8e9cd1bbdc104344669ffcad2dd01fcef73d2fb2412f1625bb71e49ebccea616b55da0a193b8eff4c632a65868b7,CLEAR,"DARKNESS, LIGHTED ROAD",DRY,DISREGARDING TRAFFIC SIGNALS,2.0,30.5,4.0,4.0
056e9dec1279836777fac332d395e4aec8bd3bff23b7b11ec21179fed49709cdb8b1e1769f9047f906997f3502a3f27b30f8cf18bf2f514018d4d55b437f31c5,RAIN,DAYLIGHT,WET,WEATHER,2.0,33.25,4.0,4.0
056ec9c9bd44c6504777733b049bcee4cd3e01631ff6f27cb20920b2712b400f05a62f247f8a69a692cc46b50c972474952957dfa0a3a3a64d52d1c94e211563,CLEAR,DAYLIGHT,DRY,DISREGARDING TRAFFIC SIGNALS,2.0,27.75,4.0,4.0
056ed062b84eafbf7914bbf75e6978082cb54511b26ef0066641fbdff40bc7f48c47aafe7242f7a5470963ebb7098ad699a3af03fc797a219d831264667fd7cf,CLEAR,DAYLIGHT,DRY,IMPROPER TURNING/NO SIGNAL,2.0,34.333333333333336,6.0,6.0