crash_record_id,weather_condition,lighting_condition,roadway_surface_cond,prim_contributory_cause,total_vehicles,avg_driver_age,total_people,total_injured
056f28735b9024de064f7f604378bfc23ebcc38c7d537b13f16a9a642ae370828b66dcf173c713a2361dbdf8fe7ffb9c5f5fe332b70466d17611b9ac692bc053,CLEAR,DAYLIGHT,DRY,FOLLOWING TOO CLOSELY,2.0,89.0,2.0,2.0
056f330ffdd08f36bc5b325cc695b435a76c36d963053c9d891122d12bc4b4f77dcca91de3de3eb0fe8047523d9266d56c7e6d552e5db8c3d6a4d86e8cd363d1,CLEAR,DAYLIGHT,DRY,FAILING TO YIELD RIGHT-OF-WAY,2.0,16.5,4.0,4.0
056f4c7997caf61d76b9610cc33b9d50443dc007779aa1312c6d597e0b72c9eafc8d9c7f85089ccc1808947955378f87074d43fb07a24062e21f17e2c6d40b62,SNOW,DAYLIGHT,SNOW OR SLUSH,WEATHER,2.0,33.0,2.0,2.0
056f6b47abb355f70321857d86a21ba96ed98ac6f90edca1a2aa4856902cb292782a65b224cd96023c91ecdf6603158155c15ef5938c741706909d8d6d8b79c2,RAIN,"DARKNESS, LIGHTED ROAD",WET,IMPROPER TURNING/NO SIGNAL,2.0,64.0,2.0,2.0
056f6d816f41541ee0dd3125087aadea08bfa08cc5a5cec52feb257c4d520a9cb080f0acefd633c3aaff0a6e93e19691b30d6ddc89a7b9f8d97154811d4d7098,CLEAR,DARKNESS,WET,EXCEEDING AUTHORIZED SPEED LIMIT,2.0,26.666666666666668,3.0,3.0
056fe4f45ae4817bb118874aa4ed6d3210ab4378b96ccc8caff50a8e24daa8345bf75dde14c6abcc63dbc1510394eb4f45dbfd6dbdae2c99407e1916278ff9ac,CLEAR,DAYLIGHT,DRY,DISREGARDING STOP SIGN,2.0,33.0,4.0,4.0
0570574ed35036b6c14d13d7774e5803d4c52717b06ee6d8810642d1807ff83c9b5b264de90584974e51d59e9490f3f343f884ab80f0e914a0c2c020612dd679,CLEAR,DAYLIGHT,DRY,FAILING TO YIELD RIGHT-OF-WAY,2.0,30.0,2.0,2.0
057066142eb7c4e0e5fc5b25017fab37982f187952f70e3e54d8810a7e88001d121dbf5ada9712ff97b3ded097a133567571725b78648bde2d2d216043ed102f,CLEAR,DAYLIGHT,DRY,FOLLOWING TOO CLOSELY,2.0,24.5,2.0,2.0
05708c5fe6b281dfd4859ae7072f0d8af1f4cc29ea8d9266011fcd1866bc3cfed6665e550fb94fed1e83feb2fbf0d148d414ee4a2e607fdd7fce88306f2d02f7,SNOW,"DARKNESS, LIGHTED ROAD",SNOW OR SLUSH,IMPROPER BACKING,2.0,26.0,2.0,2.0
05712f3c8e4c43a386c4bf54707766cc558094d6519e6e2d7031304b36b1b05c47862b4b91d92fe077ca74258896fe0d8067efaf9483c0a2d23db6802a11b86e,CLEAR,"DARKNESS, LIGHTED ROAD",DRY,FOLLOWING TOO CLOSELY,2.0,41.0,2.0,2.0
05713f8c6b17355e698d3a81ad1a64a4b91d3f9e41dae5aca9b293618b40aca896cbee68d9b143c2c74fa5c8e54004f4040c25b44162be7ea8f15e8e5e9c320d,CLEAR,DARKNESS,DRY,FAILING TO REDUCE SPEED TO AVOID CRASH,3.0,38.333333333333336,3.0,3.0
05715c7cecf7e598b7a9584ad659a433a095e7a6d2ea69e9ff6975beb0299a83ce84bb1e4d5959deadfce5b681a1ed936ef10385d10b9256f00fdfb660f1c486,CLEAR,"DARKNESS, LIGHTED ROAD",DRY,FAILING TO YIELD RIGHT-OF-WAY,2.0,40.666666666666664,3.0,3.0
057199fb67a04479168b1578866ecbf52460dbd49c636e360758ea81cad05cf8232ab98c87adfc4f260240cd1d4dea162c5b6dd34add8469d22b0e61d52238ec,CLEAR,DAYLIGHT,DRY,FAILING TO REDUCE SPEED TO AVOID CRASH,1.0,22.0,1.0,1.0
0571a4e6350e32eee0ac94ea030d0fe5378266cc3a61f11c56f486d114dc68e110dc44e5472458ab648080d30591eb9e287ff687c971e39a812fa3499dbb9d10,UNKNOWN,DAYLIGHT,UNKNOWN,DRIVING ON WRONG SIDE/WRONG WAY,2.0,37.5,1.0,1.0
0571acca3f4d86b220d13aa7643bd91c93ae8820d58b275ac823b9ce527745610fbc8593348025557664fa7302fcb6da495e080ec5b15595c1df67ae5622757f,CLEAR,DAYLIGHT,DRY,IMPROPER OVERTAKING/PASSING,2.0,37.5,2.0,2.0
0571bf8db76d0a4a31c019ab58c29d3c51a4a356ec7f92b049b24fadd70145744b61da275d519457ef4869dac6ec0f1e7089bc0e8faffa7dbc6cf6a3462a6ddd,CLEAR,DAYLIGHT,DRY,WEATHER,1.0,37.5,2.0,2.0
0571dc566bd4f950627cad02bfc55bf161c7c2c308b2088609b98290f7aa3ad33c3a18b5236ae1eb2fcd22c69476de292200a5ef58dce61ba74972e480ce8e09,CLEAR,DAYLIGHT,DRY,FAILING TO REDUCE SPEED TO AVOID CRASH,2.0,35.5,2.0,2.0
0571fc53c287317b6d1c813713b1a07c1dbce797b3f94f0282192bb6caee4d14979eb256bb925d942c09e4f46fa89e081f0a791bd1eaa43dbf2e515fe75b2cbc,CLEAR,DAYLIGHT,DRY,FAILING TO YIELD RIGHT-OF-WAY,2.0,65.0,2.0,2.0
0571fdf2983cf8789824e758a8cfcf62c24ff87feec31dec12f1b902159732bd1f78422c40c173eebf7960e5e02c4a8a8cfbbcca1f919a6633130540aecfbf05,CLEAR,DAYLIGHT,DRY,IMPROPER LANE USAGE,2.0,49.0,2.0,2.0
0572075b5954a6934343b8a0042ccefea83782ee034db8b6090744451a67272448860c49cb0ab6b4d7c6528ac868aa376790d3dd545b7cb65853987e6ff50670,CLEAR,DAYLIGHT,DRY,IMPROPER OVERTAKING/PASSING,4.0,57.0,2.0,2.0
057220ef88b9b73651090653ed04054215ad40092285778f7cf75c6454a507b5e0b666e935edf5ea47d473b4436a51d2c23654dc4727579a367d4443b9b239a3,CLOUDY/OVERCAST,DAYLIGHT,DRY,IMPROPER OVERTAKING/PASSING,2.0,41.5,2.0,2.0
0572312998974ed0e6244f17a010e1958a1bfb31ee431b6e9ab3c839ebb6b498dee1825f78948ce8373cadb478b5d1f85a1cab9a9d2347f9456d4a5a89b7c222,CLEAR,"DARKNESS, LIGHTED ROAD",DRY,UNDER THE INFLUENCE OF ALCOHOL/DRUGS (USE WHEN ARREST IS EFFECTED),3.0,37.0,1.0,1.0
05726096f9ede7b5fdf12fda2d633ead21a0a41525a4870e5a29eb0699a77f248838450893053291186a18c5eb2a0dfd9c1c368052cfeb7da3df1b639fcbbf73,CLEAR,"DARKNESS, LIGHTED ROAD",DRY,FAILING TO YIELD RIGHT-OF-WAY,2.0,23.0,2.0,2.0
057280393071f6e4c688c18bc0b6b2c13a3b90f84b3446cdf10588440d89706c3332a04eed6294544bc73a61c65369c90e9c2634c93af3f07b8a859fce2ca33a,CLEAR,DAYLIGHT,WET,IMPROPER LANE USAGE,2.0,27.0,1.0,1.0
057282631781a41171edd0c7bf4847ed5252a003d0ce51a87fe5e4db988181034064f0c42d86e31b3777f06662277dbff1f22f7f19b50d9ae74585fde25da23d,CLEAR,DAYLIGHT,DRY,DRIVING SKILLS/KNOWLEDGE/EXPERIENCE,2.0,31.5,2.0,2.0
0572d7289a684ceec7082ef8a05d55fcb050e7dc92fc794cde4e8990cefe93ed590a8002588ff8e13f8d4fd744c54e090e7b331b15c1a8ba6cc8c9a3de1fc83e,CLEAR,DAYLIGHT,DRY,FOLLOWING TOO CLOSELY,2.0,29.0,3.0,3.0
057326a453b54e02b53b472fd69cec3d1b2d110ee044bf12c4a72f710ef442776b0785176d90baacc06323893de4a9171bc03c6c1d4ae9b93bf3ee34b224a362,CLEAR,DAYLIGHT,DRY,FOLLOWING TOO CLOSELY,2.0,48.0,2.0,2.0
05735a26a98c73258001590694a5f3f4fe50c8163a173ac054e858891e58a7bf4c19c8ff5ab0b9be0d289eaf1208235a6aa52ba6273ffc33a7ca2ed2839666ba,CLEAR,DAYLIGHT,DRY,DRIVING SKILLS/KNOWLEDGE/EXPERIENCE,2.0,37.5,1.0,1.0
05736261b3b600a9d7b28680788356d50abee83ab2500263fb3fc74d0783695f7165b9e22408f65c83d53943bb99b3bd8381302f8ca2e0407e3d1d0e2beef5f0,CLEAR,"DARKNESS, LIGHTED ROAD",DRY,DISREGARDING TRAFFIC SIGNALS,2.0,37.0,2.0,2.0
0573636b1651f7628d8c57ae5dfb899a94923a8d67838d8abbb58e06105cfde22fda388e0a46175baf284ad85e187b305478b5a2d9f12cd90f4c23cb12d07f21,CLEAR,DAYLIGHT,DRY,FAILING TO YIELD RIGHT-OF-WAY,2.0,35.5,2.0,2.0
057365bf0480920f006ed224c6f340d539e68ac45340686adb214d6fc3fc674bc32357ffe82703b39de71517b06e431eab35b0807f4bb277aad1b58d8e5475f5,CLEAR,DAYLIGHT,DRY,IMPROPER TURNING/NO SIGNAL,2.0,31.5,2.0,2.0
05736864c1444539b658a25c6542f14ce8ddbe336daf78f08a04a4c6b93db0b8b2c3e1140c6e6aef407edcf9779e43d8d409075272875e557f4911950a5e209c,RAIN,DAYLIGHT,WET,FAILING TO YIELD RIGHT-OF-WAY,1.0,21.666666666666668,3.0,3.0
057388d090ba4940318943d4a3a9a363e589ccd2b746bea127f8427745b85b70be4c6b93455dc2225e43625550f8721cd498710c78624731960e9ead66543350,CLOUDY/OVERCAST,DAYLIGHT,DRY,DISREGARDING ROAD MARKINGS,1.0,22.0,2.0,2.0
0573978cd8d31051c39a45f311c78115b6ae0627c70d789ffc52273c6b9ece1d081556b3a3d290d7617fef2246d5a2206326cb503f793cb4ae42f6de4def1b38,CLEAR,DAYLIGHT,DRY,DRIVING SKILLS/KNOWLEDGE/EXPERIENCE,2.0,42.0,1.0,1.0
05739efa3c2e7698852e7bf546e5c5247a62b398210e0acdeaacaf19f2503408fb11855b26969364dce7272b8a85e19c66f54fdab5599f2e89bffb30c898f6bd,CLOUDY/OVERCAST,DAYLIGHT,DRY,IMPROPER TURNING/NO SIGNAL,1.0,22.0,1.0,1.0
0573a1859aa64bd7b79f24745a363998d438b4ebdaaf5036225b9d195c26c6a73d1f51eedcb91931a9d56e48022696f1870c416d2256b17bc9535995c04c64fe,CLEAR,DAYLIGHT,DRY,FOLLOWING TOO CLOSELY,2.0,31.0,1.0,1.0
0573bfb120b5efebfa9ee7f845f65ef47a18dd124ea21c1e99f8f7963fc9d651d8c02d9c51b9b047c1d25d8e6c0d6723530f0605f3010c20a8987c9967d79471,CLEAR,"DARKNESS, LIGHTED ROAD",DRY,FAILING TO YIELD RIGHT-OF-WAY,2.0,21.5,2.0,2.0
057449fd68bc4ec831952da6b7cac7c73854267e4d6ed1aa128d46258371ee12071245da6d4062c994af11cd1178b39a05f18d20d9da81e4121efc3638c28d7f,CLEAR,"DARKNESS, LIGHTED ROAD",UNKNOWN,DISREGARDING TRAFFIC SIGNALS,2.0,41.0,2.0,2.0
0574626d72a74e4a5d3a16763214ccf810284e655d6fa9ac71bb2618f003a5c4abef83e182c6aa5c9a4bdce35a59740c7580ae5a9a71ad4291a00c2b1cb9adf6,CLEAR,DAYLIGHT,DRY,FAILING TO YIELD RIGHT-OF-WAY,2.0,30.5,4.0,4.0
0574b27d606c308fc405b7e17962cdb74a9b5aac9cc9f6b79f455c5ec4c590cf015778162a9f4e261e33218aa4d20c2e3a1acf9e0a4769b20605d522bb27edfe,CLEAR,DAYLIGHT,DRY,FAILING TO YIELD RIGHT-OF-WAY,2.0,47.0,2.0,2.0
0574ee22b42b71b6b34418d793451e2d16379d51b8e9536fdd20acfad473cd3c2ac44204e286dffe7b56de4ef806c23836c8a616ef4ef6c089c776ed46244e10,CLEAR,DAYLIGHT,DRY,FAILING TO YIELD RIGHT-OF-WAY,2.0,42.0,2.0,2.0
057514367a622134eef1b0e9b414ad00e26055963b0083bd1a5684bcdbb282724ae5c604d9141ab442969eb573b77af398d842cb09b7aefa22fb7553497ab8d4,CLEAR,DAYLIGHT,DRY,FAILING TO YIELD RIGHT-OF-WAY,2.0,19.0,3.0,3.0
0575482a5464f29876273759924d83fe240590ba0b8a968ebb1127e0e4875db0c3d9d1c00f6e08d3da437a4d2ee75c743ae78aca9b53ca308e7c7c3247e36ee5,CLEAR,DAYLIGHT,DRY,FAILING TO YIELD RIGHT-OF-WAY,2.0,39.0,4.0,4.0
057581b1c4f8cd3b2fb03549ccd412ce60cb6a9fb23ebf38f5c6479f844058fa9687423cb962d2941f97205fceddb73ba9755a6b1a15c8de6b49081a2b523e26,CLEAR,"DARKNESS, LIGHTED ROAD",DRY,FOLLOWING TOO CLOSELY,2.0,41.0,2.0,2.0
0575a2d82bec6b53c004e45fa9fcb3254fe79cd5ac5ab0975dc73e1367d297142ef6e589f32ab6a18dd2160454ac79e80188734b81725752718068bcb3733a2a,CLEAR,DAYLIGHT,DRY,FOLLOWING TOO CLOSELY,3.0,29.0,2.0,2.0
0575d93ec628c164d735c90b05d6e5051cc7f00c74b299670a5a0c98293ed76b89df53497842edc33be9744655e16017b1159c8e90d9c0743bea80b78cbede7b,CLOUDY/OVERCAST,DAYLIGHT,DRY,FAILING TO YIELD RIGHT-OF-WAY,2.0,43.5,2.0,2.0
0575e08bf1a78bf9af4d6bde8008e24d7ea55f8d07704285f3ea34e0b083f90027d0008ad6e7a5f56d0da15905d2afb14d77354810cc0ea58a295843a5465cdf,CLEAR,DAWN,DRY,FOLLOWING TOO CLOSELY,2.0,27.75,7.0,7.0
0575fe4215e3b65c42703cc56d90537482d38a5bf85407a77e161a7dc37775128812f516e32f1b58c8698f599dff06dc10c0c61f1d189aa86ea31552d38571c9,CLEAR,"DARKNESS, LIGHTED ROAD",DRY,FAILING TO YIELD RIGHT-OF-WAY,1.0,50.5,2.0,2.0
0576113c1473b8b0ee5bfad70b023c4299ae062c16e8fcac65bf2a1a4bb2494d4a5771ac03c993cc46d65415d17ee54ee2570375143aa71babd931a62c793a57,CLEAR,DAYLIGHT,DRY,DRIVING SKILLS/KNOWLEDGE/EXPERIENCE,2.0,47.0,2.0,2.0
0576162e249a18a13247017e3de102396f92cbc9c3af7fd7f292b11ec805f1ff831dbc10718432e020cb6165b35a0a2a3814699c1a3645470aa84ff2509e05fa,UNKNOWN,UNKNOWN,UNKNOWN,IMPROPER BACKING,2.0,26.0,2.0,2.0
05761e393d6aa4dd095799148a0c4dcc42e77b36ef3b6324e60a49bdc2dc8c85112928f80f8c9edaeee928885d2d04626e445562dfc1c2cd01299759ce1bf561,SNOW,"DARKNESS, LIGHTED ROAD",SNOW OR SLUSH,UNDER THE INFLUENCE OF ALCOHOL/DRUGS (USE WHEN ARREST IS EFFECTED),1.0,20.0,1.0,1.0
05763a8aa20d0ff3a6c640feae504ca2b71bb1d33a6d1eb88448cd48eeb47004ab6f402ded0540d8f90a7ac2f2ef3a3dc7244b1a542e3edff5001b2cccb31c4b,FREEZING RAIN/DRIZZLE,DAYLIGHT,WET,FOLLOWING TOO CLOSELY,2.0,25.2,5.0,5.0
057641d0e0f111c180d85b9e8eef93ab6707859fb4a4155a46ac5c09f3d7e6a0688ed7fd21cec42e767910b3f45bd26e151953b4e99835d583a0bc24a58df4c3,CLEAR,DAYLIGHT,DRY,FAILING TO YIELD RIGHT-OF-WAY,2.0,42.0,2.0,2.0
05764d48df8096d8842785f90663cd4c6c4a39e46a888225934cb6c3e7fc4bc60acbb676626bae8320970734256a1a900bcab53e8806261c2e64a878b9960e95,CLEAR,DAYLIGHT,DRY,DRIVING SKILLS/KNOWLEDGE/EXPERIENCE,2.0,40.2,5.0,5.0
05765b26be0b7b0e0a6b63e3e4a4eb36ad5f04a80b12ac41ddc35e81016ec48d721d2659d3987d1438b3884f358f5bba520bc29a6dbf9fd40d51b839992b2034,CLEAR,"DARKNESS, LIGHTED ROAD",DRY,FAILING TO YIELD RIGHT-OF-WAY,2.0,26.0,3.0,3.0
057677d92cad17821a794bea70e74592607efbf828d80fc8940a34a9eb8fe139a8fe27232f3af49a19d3b8f242429af95bb62b4d7c1e7eb3216fb94668d3f1d1,CLEAR,DAYLIGHT,DRY,"OPERATING VEHICLE IN ERRATIC, RECKLESS, CARELESS, NEGLIGENT OR AGGRESSIVE MANNER",6.0,35.0,3.0,3.0
057682b151bec422239d8398eda9f8bc24830e2422bff126c3fb30eeb95ac9038a2ab74fda51f554bec161ac8645053602f9220084e46d2cc986edac14eb36ed,CLEAR,"DARKNESS, LIGHTED ROAD",DRY,IMPROPER LANE USAGE,2.0,34.5,4.0,4.0
0576abbece2bcbe95caee3bdd684865729fe61e381d5fd846175118537e14c1c7d3dc7db42c842ede6dfdfe6a205afdae60c6e60f7b6ccf1158faffd205e35a1,CLEAR,DAYLIGHT,DRY,FOLLOWING TOO CLOSELY,2.0,46.5,3.0,3.0
0576be76957089caaf8b98dc31d3c278d6c7ad2c505473d13ef07e5fc7ff618baa21f655a1183e803fd50116f8f3069c0e699afff7c22ff3a4245190cf8d15a5,CLEAR,DAYLIGHT,DRY,FAILING TO YIELD RIGHT-OF-WAY,2.0,37.5,2.0,2.0
0576bec3fb95fcecf274d5b422c3a2f8bcce48e3d9a5e4f7c12624279263b7dc7abac61741a8ee9cba7874a3e8f81d34bb773000b1660521ea97d1147af636d7,CLEAR,"DARKNESS, LIGHTED ROAD",DRY,FAILING TO YIELD RIGHT-OF-WAY,2.0,22.5,2.0,2.0
0576ee3277227cfa23da91f0aec1949ca4dc8b15110db4836f6f33c54a147941cad80bab05d6f1e33c8eb0239fe1c2b66c57cf01e25851243195f747ec32e57a,CLEAR,DAYLIGHT,DRY,EXCEEDING AUTHORIZED SPEED LIMIT,2.0,26.0,1.0,1.0
0576f00920fa9d8502b942247ce23045c0a6d9122d8c6034b2c699ba375f319137d7ae40f3cf86c71d0c26449ec6810e4f8646ea0e791f0c4d545b08437ec2af,CLEAR,DAYLIGHT,WET,FAILING TO REDUCE SPEED TO AVOID CRASH,3.0,48.75,4.0,4.0
05775ea1f2cab9478025d8b813259e50633271f0080a5fc92e608b43ca3a14d561bd8059f320f17e11d105b5f91ce2654cb1372ac02ed60dd7be2416374a35c6,CLEAR,DAYLIGHT,DRY,IMPROPER LANE USAGE,3.0,65.0,3.0,3.0
0577663f92dddd6a6af9b3b9d0939e066b952172b5c5d805492ea049fcab4f78005d50aa8568b0529f0142ae6f9abbd6805945977d6b45df3d20118b314532cf,CLEAR,DARKNESS,DRY,FOLLOWING TOO CLOSELY,2.0,38.0,3.0,3.0
0577a3c2c99fcc8acccee4f4a0ab655daf1c4da79232edfea7888861514aecb9a619564baf4434441f7e546a29971cea446464c55d928a176b1aa76db1428521,CLEAR,DAYLIGHT,DRY,FAILING TO YIELD RIGHT-OF-WAY,2.0,33.5,2.0,2.0
0577d46807c50616a3808e79eb4d8518b6eeaa33da0dd828617dbeccec25c8c4e69ceacb33729cc808f1b3b0b54204ad7fcfef0091caeee700e064add2356aba,RAIN,DAYLIGHT,WET,IMPROPER TURNING/NO SIGNAL,2.0,34.0,4.0,4.0
05781dbf608c28ff324e974cf048ed34cfa1e03ef44e3212ec24ff6969accb86f2062c571707ec2dea9a300399fd6105be2a51b451fcba384b5d8b081eed62d0,CLEAR,DAYLIGHT,DRY,FOLLOWING TOO CLOSELY,2.0,44.333333333333336,3.0,3.0
05783a73c65660f23e285061d66159e0e726eaaa8c869dbf920ef40579a1af08a4818e3d82ab26bfe6233ad016d10158f413178c3cf82e1383b8d438b48f4cda,CLEAR,DARKNESS,WET,HAD BEEN DRINKING (USE WHEN ARREST IS NOT MADE),2.0,32.0,2.0,2.0
05785d0cccb18be01c6bb2449fea67d7ee21ccff903593771d0f8d67f8bbafb1c73bfea7b1968f0d4897b4f540c98d3e86032ae0b950a5f4958476c4cf90f1fa,CLEAR,DAYLIGHT,DRY,IMPROPER TURNING/NO SIGNAL,2.0,33.333333333333336,3.0,3.0
05785dca58062a3c30c1ce87d2b1b04bc453160f4ec2965a5e89228ba3e5514c05303633c3800fd6f8fe93da8ed6caf1a1cb02267d4844e94d6c2cb48e9d57eb,CLEAR,DAYLIGHT,DRY,FAILING TO YIELD RIGHT-OF-WAY,2.0,32.0,2.0,2.0
057872b602dc383603a51af0f9cf9b019749b833bb090e652f29b1343a48d9a8627e60eab1ba748b65aacd42ac0192f93ffb64772f6321f61a069e610c2f6f8c,CLEAR,"DARKNESS, LIGHTED ROAD",DRY,PHYSICAL CONDITION OF DRIVER,1.0,26.0,2.0,2.0
05788911644bc617463655802ba555dcb72ec56fd8dffd0bef39e66a94cf9f5d35756080fe7842218661a18f4f3c6946159e982872247d6646f02232e0ef6dd5,CLEAR,DAYLIGHT,DRY,"VISION OBSCURED (SIGNS, TREE LIMBS, BUILDINGS, ETC.)",1.0,30.0,2.0,2.0
05788dc7b3f0067bc17e18100eefae797d6049d4238d294f4e94899a466d9451fb9f7fb2ae492928adae5c3945924aa78c9371f2a17125571f90a6541e360653,CLEAR,"DARKNESS, LIGHTED ROAD",DRY,EXCEEDING AUTHORIZED SPEED LIMIT,3.0,37.5,1.0,1.0
0578a0b4bde4aeebf864b59be2cb966f5c3310591b3126e176409bc153bc93868bb5aacc89f0e10e224dd1a54a8eec9ab851249183ffd4e609f5219f4e58e6d1,CLEAR,DAYLIGHT,DRY,FAILING TO REDUCE SPEED TO AVOID CRASH,2.0,37.5,1.0,1.0
0578bfe845f0f9507fc83e3d550dc94bbc4ef738ac6f230621fb97b9f277427ad54c6062d3b3875851165a9e27608dacc330804f2f4a5f69bf259ff00e5f9ea6,RAIN,DAYLIGHT,WET,WEATHER,2.0,52.0,1.0,1.0
0578c4d1d07eab985956b603b5e25bcd5c88d9667143a677fae9a4979beea391b8e78092cb19d6d4749190d603728edcfa47105abb37d032a1197dff5fc7cb2b,CLEAR,DAYLIGHT,DRY,FAILING TO YIELD RIGHT-OF-WAY,3.0,34.75,4.0,4.0
05794f6d3d953896d098e226e67b85efed614609824c68781a8530180593aa4e3b5ba313c12a1417186baf83a4c8403bf24b6d6da1490b989ea704ad2b184288,CLEAR,"DARKNESS, LIGHTED ROAD",DRY,FAILING TO REDUCE SPEED TO AVOID CRASH,1.0,45.0,1.0,1.0
05795dac20ff0bbb75769d36248455cdd722d6809d400a82ab61e56bd48c090b475dfe8e6e19d4050c139a0efcc21cd8168d1ca19c7173c69329906a8e067709,CLEAR,DAYLIGHT,DRY,FAILING TO YIELD RIGHT-OF-WAY,2.0,18.0,3.0,3.0
0579944bd31028162de85824574c2918715236ceeddb9607e43a9c6577690680aabe51599fc1d3531be4c70097d4410034492f67d8474242effaf590d2b26b45,CLEAR,"DARKNESS, LIGHTED ROAD",DRY,UNDER THE INFLUENCE OF ALCOHOL/DRUGS (USE WHEN ARREST IS EFFECTED),2.0,25.0,1.0,1.0
057998171554fd7edb1667cae61c594238301d49d2c6c200ae19b23da7feab6a75c9bf1caaa9dead508e428cea967904412b4184dd015a1eca774249ad65969e,CLEAR,"DARKNESS, LIGHTED ROAD",DRY,IMPROPER OVERTAKING/PASSING,2.0,44.5,2.0,2.0
0579a2499a6714cb9ed8373a3b6c32370e9bc6bb8900d71f2da5840f78e7ab0bfbb7a0fcc40a211eb9962996e50254647d8535f07cadcb6f5a2fb6fc54beb53a,CLEAR,DAYLIGHT,DRY,FAILING TO REDUCE SPEED TO AVOID CRASH,2.0,29.0,2.0,2.0
0579a3a15cc35a87893489d8d07b23da5041cfa32437e3f0f1e0e9e956dd46e329a986d7ed19b404a4c6b65c125cf3da14e5e4cadb22b7637902f2a9d7046b6f,CLEAR,"DARKNESS, LIGHTED ROAD",DRY,FAILING TO REDUCE SPEED TO AVOID CRASH,2.0,21.5,2.0,2.0
0579dc6740f79a6ef98104c1842b89c7c399a62d2d779d6892d43b3e07d7a55963de1104d7dbbc2a0833416c84cbbb6ed864754fd5e57fc8a4d24c4c6a5dc486,CLEAR,DAYLIGHT,DRY,FAILING TO YIELD RIGHT-OF-WAY,2.0,32.0,2.0,2.0
0579f11d39a17da7e98b2a891a33a9018014eabf4d4e038023b4ff4a9db787d5ada85eb30c2060520274daa11e291e56e087de3e49beb919fa530913e90aa29d,CLEAR,DARKNESS,DRY,DRIVING SKILLS/KNOWLEDGE/EXPERIENCE,1.0,37.5,2.0,2.0
057a56bc256b8ab9da189b9664c80c4db7ad2c13362624dac8b4cba66fb99c0f61434c8aae213f5a237800f152885875946d6af588aacf6d099bac9d1d13100f,CLEAR,DAYLIGHT,WET,FOLLOWING TOO CLOSELY,2.0,37.5,4.0,4.0
057a5f9f19f873b33030d7317352b7874464a9a52ff62e86c1582b5305777a9ee3967b57611916098857940610da090f66a47f2c0a4256f2d007edd27b0ea36c,CLOUDY/OVERCAST,DAYLIGHT,DRY,FAILING TO YIELD RIGHT-OF-WAY,2.0,44.5,2.0,2.0
057a6b44a33f516965207d27a5505817f51b14f508d2a77cc875542d14f7c7ac35545ead9f3f83625ba96c4ecd5fde0f79487beb45a37d281ce295a8d154c739,CLEAR,"DARKNESS, LIGHTED ROAD",DRY,FOLLOWING TOO CLOSELY,2.0,36.0,2.0,2.0
057aa95088873d911e5552f5b5fbb85543f0cb0e2f1207f228b8576bfced7c48edbd455684f188a75fc82cd9e061c95f5dcbfedbf4410b914409f1cb5d431bdc,CLEAR,"DARKNESS, LIGHTED ROAD",DRY,IMPROPER LANE USAGE,2.0,22.0,3.0,3.0
057abd61f0c9d0645bbf24b0f7cac13188ac96ffe811a97f736bfb78d0b14e805a45bf2001bba6b94a55d7799f5d3df2d8b9eae3273dbd39f5d7b5cfd927a39d,CLEAR,DAYLIGHT,WET,FOLLOWING TOO CLOSELY,2.0,49.5,2.0,2.0
057ac1801be50edf85dbe7fd918c050f98b98b56f94c8770ee9d75b5bc0de07ade70d303a1ef1e8cb58e721242bde2d9ace42ec3255af7059eebefb87934e273,CLEAR,DAYLIGHT,DRY,FOLLOWING TOO CLOSELY,2.0,44.5,2.0,2.0
057ac430f96a53bdf867eee300bf7d25e17cdd71abb3ce18737b4f6f31a5980be5fd7708c144c3b08e9b929fc8b32c53833f5064e0ce39964ef453235603ed0c,CLEAR,DAYLIGHT,DRY,FAILING TO YIELD RIGHT-OF-WAY,2.0,46.0,3.0,3.0
057ad12c54ff9211d353aeefaf878f258931e546903b465fada87e616bd75e60dea77d184d5f53ff6e72f3b65c52193cecd94287da624e442d425dcc7621f577,CLEAR,"DARKNESS, LIGHTED ROAD",DRY,FAILING TO YIELD RIGHT-OF-WAY,2.0,22.0,2.0,2.0
057b2d713235943b80d762a6100c413c748425a59197610a4cd00ede728bc34e0c2653372907948f03351441006c1dc419fd975504497e6c67a109f5c75b151b,CLEAR,DAYLIGHT,DRY,IMPROPER BACKING,2.0,37.0,3.0,3.0
057b3c3881146ea76dd9e7e9762051a9467e02d1d57c9fdcf589fea50194203e1b3fdab21751701377d7f14967189ba21a0640ab8b64315e906dd58ab981a982,RAIN,DAYLIGHT,WET,FAILING TO YIELD RIGHT-OF-WAY,2.0,55.5,2.0,2.0
057b4928df6b404fcd6aac03309328db7bb6c100b769704b251be32534606ffb57466b37eea78b8de45b3aa3e1c9b3ec7076fcf3904ed64a913393239e6c3e69,CLEAR,DAYLIGHT,DRY,FAILING TO YIELD RIGHT-OF-WAY,2.0,63.333333333333336,3.0,3.0
057b99fd96de9d4ce1c1b0bed1db25027d7d62d157aac64eaa4abd9330e94b2fda62ddabe159c81e6708c2bb4686697a599268cdda7610a74aee03677ca71592,CLEAR,DAYLIGHT,DRY,FAILING TO YIELD RIGHT-OF-WAY,2.0,23.0,2.0,2.0