crash_record_id,weather_condition,lighting_condition,roadway_surface_cond,prim_contributory_cause,total_vehicles,avg_driver_age,total_people,total_injured
057b9b80de61ffe6f72a86791556bd0e18ba2b9635313ca742e0b8d88520717557471947f5fa36ea88152a78d3ef120f7b55e85fe20e71485cc219896c17c016,CLEAR,DAYLIGHT,DRY,FOLLOWING TOO CLOSELY,2.0,25.0,2.0,2.0
057bb8b801e00e8eeae58ba80ebcfb4b1240741528ea5a50db90e0b2250fac1f0a546738d50b049d1423c56c5e8e3284ace157845f2a871570584ded4c38689d,CLEAR,DAYLIGHT,DRY,FAILING TO YIELD RIGHT-OF-WAY,1.0,18.0,2.0,2.0
057be66c4b71c57f380c9fc1ded6aac6c1611b25852320f1b0df1058c57d6fc065871e28b4a95d7a5f17b762e6273f4ad28a794ef36f58b22eab38a1a86295c4,CLEAR,DAYLIGHT,DRY,IMPROPER TURNING/NO SIGNAL,2.0,56.0,2.0,2.0
057bef84f6c0411a40db1c3c49252fdf8899eaf964ffceb727ea4e3234f6082f2bec2e265930029bd856ca36adec0f2098ea634f0772f07f549d139646772e39,CLEAR,DARKNESS,DRY,FAILING TO REDUCE SPEED TO AVOID CRASH,2.0,37.5,1.0,1.0
057c2ffb15327ecfd467a39787418c9279d56b7b84ac66de6c7734701fc541c24db3b44ddfb37607cb35472d30c12a07519e07fc7a95a74d8a58b5f0912542ea,CLEAR,DAYLIGHT,DRY,ROAD ENGINEERING/SURFACE/MARKING DEFECTS,1.0,76.0,1.0,1.0
057c4c374f09f235d34c700ef7b2a87b3661a254ee3f7a6699bcc7f45b610f3add183459086c35e2b191a15640cace39c5bca7859705aa78da3c3dc672b8f401,CLEAR,DAYLIGHT,DRY,FOLLOWING TOO CLOSELY,2.0,30.0,2.0,2.0
057c571d23dac7e28d4841917b33cf7fcac2f30ec15fbd59941cf87447c153f2e48acf0fa8e6001464f5a02dff1fb3de0c785929339ad2ab654e3ae5a31f8c8b,CLEAR,"DARKNESS, LIGHTED ROAD",DRY,FOLLOWING TOO CLOSELY,2.0,32.5,4.0,4.0
057c5b22a69b4de92067cd509b066a629285b540e812d1a10a82b7b08681942cb3b8739884a75135ec762c76706f6200a30dfd13370de1012fb54214bfcc407d,CLEAR,"DARKNESS, LIGHTED ROAD",DRY,FOLLOWING TOO CLOSELY,2.0,18.0,3.0,3.0
057c601da4754fa485f7450c3c77c4cfbd75887f57ca9fc8bc7110209f3d160c7401a6c0302b3ef271cec7614d22f67bbfebe71af7dc80899ece46b330e90dca,CLEAR,DAYLIGHT,DRY,DISREGARDING TRAFFIC SIGNALS,1.0,5.0,3.0,3.0
057c667078a8d4a1997cacfc508451d6154e43cfc5ff779f6eaf4f2517917f943f2725580082ff9adfcc08e5b88d2c582438f9fd12b4f824abc62d6bf507ef83,CLEAR,DAYLIGHT,DRY,FOLLOWING TOO CLOSELY,2.0,46.0,2.0,2.0
057c7564245a33554b8bd59b9aeba1a810a63aa70189162b14d246ced1d9b85451304d59cbb1a44edf6649225497df1d9e81d571ef20002c4937e97a19df114b,CLEAR,DAYLIGHT,DRY,DISREGARDING OTHER TRAFFIC SIGNS,2.0,45.6,5.0,5.0
057c851107913ba664e5fbd35ee49d432a4225d25d39b65e788e2dec89b9306f04552ed1d28dfc234241d5f8880729d64447f903a0bbd40f3c1ebf6db2bd03d8,CLEAR,"DARKNESS, LIGHTED ROAD",DRY,FOLLOWING TOO CLOSELY,2.0,42.0,2.0,2.0
057c8e6a16a0b839eced2c6d6a0661804b6eba1d81a46cee29271628d8fa469bdcb1fac3cb8039a89d5feb9816e393d5d8b773c24b5818d47f0ac68f823484dc,CLEAR,DUSK,DRY,FAILING TO YIELD RIGHT-OF-WAY,2.0,46.0,2.0,2.0
057cb0a462084181ca7c054dce486bedfdc302a24888720a737a24c4e8481ba7619355aa05797a393c9c54d195fc4e925bd901fca0a7c8ee21f7e9eab2eed3cd,CLEAR,DAYLIGHT,DRY,FOLLOWING TOO CLOSELY,2.0,39.0,2.0,2.0
057cda3e5472598df0696c290cba6014e7a904503f180d718e33f70131c0540c6fb14db8bcb8d1d4e1147b291ab4c94263feb8490d75a62106850799ff3a42ee,CLEAR,DAYLIGHT,DRY,FOLLOWING TOO CLOSELY,2.0,30.5,2.0,2.0
057ce07309e4640a2d767dc226cb3da328378d286d6f47e3eaa8c28cd77a1f71940bdba335269e2cf9fb915c5c9b36df5febd195df71b874d1b46f8c5ecb89b5,RAIN,DAYLIGHT,WET,IMPROPER OVERTAKING/PASSING,2.0,28.0,2.0,2.0
057ce13bd9b4e9a45b8d32badae62e2a46d59d119fb44252c49542ab4639f1fff5833105abc039da2c538f4649ab5252decfec8da0c36c3fd07f94f9491fdb3d,CLEAR,"DARKNESS, LIGHTED ROAD",DRY,DRIVING SKILLS/KNOWLEDGE/EXPERIENCE,2.0,37.666666666666664,3.0,3.0
057d2efe330a8fc990ac0cc0f9350c07d7896d45094432bff6bacb786bc47892a72daa9d40dedf7a494f4ea789d3f30dd3447e0debbd33af53ad27a406fe8bc5,CLEAR,"DARKNESS, LIGHTED ROAD",DRY,FOLLOWING TOO CLOSELY,2.0,53.0,2.0,2.0
057d323ba8a6ba375faaebde8cc1e136ac8d9d49062d783f47ee680d3b524351fed6ff1eb6d98e0a821097fda64486972cb35249da472b889fe6d419de45aa3f,CLEAR,"DARKNESS, LIGHTED ROAD",DRY,IMPROPER BACKING,2.0,37.5,2.0,2.0
057d427b1206dce5c465bb12312a7d258b868b1aef02cd2c564e4f56fb919f5a70d47e865c1ef952fa94725b9d23922eccc25705e4193e8e037a6ca56615c7db,CLEAR,DAYLIGHT,DRY,IMPROPER OVERTAKING/PASSING,2.0,42.0,2.0,2.0
057d5e141e35e3eaef85008ac1808cd1ac06fdf90355e81b0856ea95c8849eae1b620c5f6d802919a37cf6bf77e0a2bd121a4f0e386a1736ce8f2162a0dabd1d,CLEAR,DAYLIGHT,DRY,FAILING TO YIELD RIGHT-OF-WAY,2.0,32.5,2.0,2.0
057d81920e5f84312fbc2f6433857242949621a2a0350303bb282fef6eeeb034b27bcc9feddfe12f8be9e29631f3c0392686fc01e67c6b736576accd6f7940bd,CLOUDY/OVERCAST,DAYLIGHT,DRY,FOLLOWING TOO CLOSELY,2.0,43.0,2.0,2.0
057d9a93b3aa58ac95e9d422ae99003acfe856468ecb7156c1f4aca78a0ffcaeffd05f4b54a39d681b00914805b0c345a2d3c14875614cc1c96f943fd35ac764,CLEAR,DAYLIGHT,DRY,DRIVING SKILLS/KNOWLEDGE/EXPERIENCE,2.0,37.5,1.0,1.0
057df1aae1457a4733dab7671c0559913d58a27114a395738d48e149b4d9f90a828cbf71bb20503760c7c49264d562342dc497195ecc8b9581635c6170dc1b24,CLEAR,DAYLIGHT,DRY,FAILING TO YIELD RIGHT-OF-WAY,2.0,37.5,2.0,2.0
057e009d963f496b2bafaf88c81af5af7563638b02ec44f6841a84ea17d4c306a65de71cc5edea700d3336b5bb165b5b3fc80efc85c7ffe5acbd310fa3736bcd,CLEAR,DAYLIGHT,DRY,DRIVING SKILLS/KNOWLEDGE/EXPERIENCE,2.0,24.0,2.0,2.0
057e0c79e263d1b163fac0cf8cacc9996cf4cf04214b7af92bceed3e22f21b27f42d79003d3168d8caeb421e8f47da99e5b87e08a9be4cd3178d391d7f32243c,RAIN,DAYLIGHT,WET,FOLLOWING TOO CLOSELY,2.0,38.0,2.0,2.0
057e80dfa2a9b4eee73bd5a736576c492b049c2e72ef27ef25f00d800a7c6295c1c7b5ee253d2b7b3dd5234f18ce4cd284ed0818308d607c19fc29a598db9d86,CLEAR,DAYLIGHT,DRY,DRIVING SKILLS/KNOWLEDGE/EXPERIENCE,2.0,47.5,2.0,2.0
057ea7b42ede06560a3903dc1d08108144977b7d9ef2eab3abc2eeb3f628fcfe7b30074f034bcb1ab08adbd55c24028e19975cc2f30aed7c9c5b608572415c7f,RAIN,DAYLIGHT,WET,IMPROPER LANE USAGE,1.0,32.0,1.0,1.0
057eae07bd7cacce8f3af623bd5dd02681d2a0a86649d48bb200c4e835f70664de813aeb1710b18e9c8a1217d1495f15933d91ce1a4d30e144cb2aaa7c1908cc,CLEAR,DAYLIGHT,DRY,DISREGARDING TRAFFIC SIGNALS,2.0,25.0,2.0,2.0
057ebb345ac5cd489361dab66ac573c1478fb01898551fdeef9d605adc51c337d9b8cee6814484d7bd9645d9c54f64ec2512423cca5c1e59a4d0f7ab05f859d6,CLEAR,DAYLIGHT,DRY,DISTRACTION - FROM INSIDE VEHICLE,3.0,29.2,5.0,5.0
057ebd04f2824c9f12a515cf957aa09376e350195d44acdb70a1c860894192f5e75432e6d4c55e331244f8b2dab7184bf5b175f3ef7777ad42ebdddb6c9e9d3d,CLEAR,DAYLIGHT,UNKNOWN,IMPROPER LANE USAGE,2.0,46.5,2.0,2.0
057ebdececa893ddb8ace17f962f490f1bdf1b6ab10b8487c7e33b5915e165efe84bf8fe3bd571ae23105fca3657f7330e8680b9feac01b4aa57a4eaae12057e,CLEAR,DAYLIGHT,DRY,IMPROPER OVERTAKING/PASSING,2.0,32.666666666666664,3.0,3.0
057ebe5a56249f20ebaa791020afb65fd238170bafe1da5e997c8f5055dec9870118cf7a0dcc66e34ac8df714fa52360d3911111c54a38219f73e9970bcbe8fa,CLEAR,DAYLIGHT,DRY,FAILING TO YIELD RIGHT-OF-WAY,1.0,27.0,2.0,2.0
057ec6ad932b409d6258486ecd98a2a4d2be54d0806a0c211c54869d737d4545f0ac47f7c9da6a1912310dc4dab75846f6273a600b1cd4eb9cba204f29ee3917,CLEAR,DAYLIGHT,DRY,IMPROPER OVERTAKING/PASSING,2.0,36.0,3.0,3.0
057ef8e4e8131e30ab36602dc83d17b4b9dc2477f5b1969f471267bed2d723152f43aef30741aa1e698033beb2a106b3c9ffa80d17590f54907e120be34a9c6b,RAIN,DARKNESS,WET,IMPROPER OVERTAKING/PASSING,2.0,34.5,2.0,2.0
057f1e340f904b7faa2bf0aa56aff1caa576b669a67edefe27419c4828e414b469745e9c85231a2c3dc3e3532bffccc2bde2b69fda2eb201f47f36bf9d34eed8,CLEAR,DAYLIGHT,DRY,FOLLOWING TOO CLOSELY,2.0,60.0,2.0,2.0
057f81f2f194e69cc8fe41a2089e67e9892d3d12bf1f14d03b41a53f41866b603baa6831a3cbcbd1b87f393fa35fcf5911039ce03b1dba39a0b34f9d09f2de11,CLEAR,DAYLIGHT,DRY,FOLLOWING TOO CLOSELY,2.0,43.5,2.0,2.0
057fa9b1784d93e7121ebcfe5ed6c42a928b1a77ca923a441ec46f778124752a107648194a7e6892edaa35d659134fb461a9e75f93a00baeb0110e59bf1e2817,CLEAR,DAYLIGHT,DRY,FAILING TO YIELD RIGHT-OF-WAY,2.0,61.0,2.0,2.0
057fba08e7d7479b827d7f73669d3c0dbcd63cb9dd3d234267ea6124e0aba64239696595f9b1543af67e7b11d5d47cbba0979e8e31c2309f540fb48d6eaee284,SNOW,DAYLIGHT,SNOW OR SLUSH,WEATHER,2.0,23.0,2.0,2.0
057fbd309e24786cd3cc6fdf444ae09b5c9a96e6a9593b8df3fa8ae5bbc542ee1bfb8c3592ef71a674b74f8773ce017bb7de77ecd43e157f56252e017c03e403,CLEAR,"DARKNESS, LIGHTED ROAD",DRY,FAILING TO YIELD RIGHT-OF-WAY,2.0,27.5,2.0,2.0
057fc3a75683314148741e05dc0a118b3f886a7db48ceaa354a46df5682b89ccbe6d9d8cd070fb291de5fbf3ff1518074cbd35f0bf8b7abc491644981e2484f0,CLEAR,DAYLIGHT,DRY,FOLLOWING TOO CLOSELY,2.0,38.0,4.0,4.0
057fd84ef41436ae8101b7341e0b78987b35b48a020fef05e418b0561d4a0938c00a30854949e5c99f8ae87c7f9812fcb9c783dfdb9dd04d5f1e5e81b4efe623,CLEAR,"DARKNESS, LIGHTED ROAD",DRY,FAILING TO YIELD RIGHT-OF-WAY,2.0,26.0,2.0,2.0
057ff07d7ad81443e6458e81c8629e11ef25fbe0deed324927559c86430fab390bbd495d0e8d8e036bce02a24ef7aa481b354e3907a4931101c830ed0cc2c21b,CLEAR,"DARKNESS, LIGHTED ROAD",DRY,FAILING TO YIELD RIGHT-OF-WAY,2.0,29.5,2.0,2.0
0580051af18db835b5aa0ea6767805444070558428790a5d3b36984758e908668f9d3d7ba188fadcab31b2f71f19900ae07a7561bbe4a1120b549ba669e2d0f3,RAIN,"DARKNESS, LIGHTED ROAD",WET,DRIVING SKILLS/KNOWLEDGE/EXPERIENCE,2.0,45.0,3.0,3.0
05804c3e280e0079a0ffe210068c5ad016803a493b440cb4d8829ecb572698291feea9259162a01d92b2ab06e4f9eac90db8e288dfc5c7aef6238f7620b20c13,CLEAR,"DARKNESS, LIGHTED ROAD",DRY,IMPROPER TURNING/NO SIGNAL,2.0,25.5,2.0,2.0
058088d10747ed183e8f0e7590e45e3dfdc5471c2faa5373f16f62742d3d55267a6adc47eaac00cf939cf235079fc0ad63f578d48737899da2308b6fa05975a8,CLEAR,DAYLIGHT,DRY,FOLLOWING TOO CLOSELY,2.0,41.0,2.0,2.0
0580b336b7e27efc3e116123f9427bc5b8c17093bad1df51b56139aac5be5b21cd5a4fcaf4ee7e327f3076fe9f7e1219ee47f376623a9b2831cecb129ab5cc0a,RAIN,DARKNESS,WET,EXCEEDING AUTHORIZED SPEED LIMIT,1.0,37.5,1.0,1.0
0580c1dec75045a44a72285d4a1f86bd9b8e759090b1272a55352f520678ff7285c3c8d1cc5dbaf246c8ef657032c92bcc82a07b5448fa1c89f0f48c0b6b2108,CLEAR,DAYLIGHT,DRY,PHYSICAL CONDITION OF DRIVER,3.0,67.0,1.0,1.0
0580c7fb85e1a474137691901f9429bf5bf81e0fa2e42ff246be86621dce281fc7f5895fd0112d947b4f0b4b2bf933a214e667381a81fa7bf930202df983e718,UNKNOWN,UNKNOWN,UNKNOWN,FAILING TO YIELD RIGHT-OF-WAY,1.0,23.0,2.0,2.0
0580d749b6d982657d642a91f41213e69098346ee1a4a2762fdb0f27c2a06923150bb99afe32cbb328a871d56ffff3106f23a03d405f8a3ac7d19aba012209f3,RAIN,DAYLIGHT,WET,IMPROPER OVERTAKING/PASSING,2.0,20.5,4.0,4.0
0580db845f44ff82141a8ef4badf6680d3fed7f6253a541d44232959f13964b43ab994f30c2ddc2614072048a8ec70808cea3236769bbf5c51ada75e28e6e2f3,CLEAR,"DARKNESS, LIGHTED ROAD",DRY,IMPROPER TURNING/NO SIGNAL,2.0,25.0,2.0,2.0
058119bea602ef4d0c0fbbc216038b743141e165acae6eccd92031defcbd72a1ecf34400ae94d63791e3788df9e709934a1616f95f75b1cf1568c0e436cbf4e6,CLEAR,DAYLIGHT,DRY,FAILING TO REDUCE SPEED TO AVOID CRASH,2.0,36.5,3.0,3.0
05812bcad653576dbb9f7693bbf4eeb8fb2f6690dfd362057701bc8ba42d14ca4f6d816cc13d386b7e878a3bc434257d31c73a803987d3837010704a8b1ec7c1,CLEAR,"DARKNESS, LIGHTED ROAD",DRY,FAILING TO REDUCE SPEED TO AVOID CRASH,2.0,22.0,2.0,2.0
0581548cdf032eef29cb167287569c98b331250a2c1ff5678930c96ef3b217731350f5be97303a63f65def7e6de8b343fa92fb1d09e09e3f79be7714348c6442,RAIN,"DARKNESS, LIGHTED ROAD",WET,IMPROPER OVERTAKING/PASSING,2.0,35.0,2.0,2.0
05816839301892d37a46a3795878905f3e97367aea6da0df413d3f2fe021616105323457fad065ed249852c895d577709156ddfca1dfda9effdaa7e27236a3d9,CLEAR,DAYLIGHT,DRY,IMPROPER BACKING,2.0,21.0,2.0,2.0
0581731d71ceac850d6da7dd87d0df8288ddcde6721253cec97393095ff6344774fa13663e84165d5373b5b6777c944c16b6e0229b0a5be99e7cdb4764ccdeb4,CLEAR,DAYLIGHT,DRY,IMPROPER OVERTAKING/PASSING,3.0,40.0,3.0,3.0
0581739ed56fb98880480fdb18df65389e0ea2f5890c8a960c13467e904b079e13d10754e1e66412a1f622ce070f8f25aa856126e18f0e0aa0958d75d0cbb3e6,CLEAR,DAYLIGHT,UNKNOWN,FOLLOWING TOO CLOSELY,2.0,33.0,2.0,2.0
05819a3e866ca7c6e7c0f88085a0ccf28c2a43dc826ddae6e3ee2b81d1e0f138e34c6f39162ccf4847615d43f765b6a325f3c71a957317275fb2203efacc7d20,CLEAR,DARKNESS,DRY,FAILING TO YIELD RIGHT-OF-WAY,2.0,20.0,2.0,2.0
0581aa2dfc26f3b636484c3d0e937f9e9c069e0746fb4ba2d0db54c31c99e261c9ffbeb0815e56eb3633cf942a851e4a3650d83b17a4cf4b464d9587cfc7a58f,RAIN,DUSK,WET,FAILING TO YIELD RIGHT-OF-WAY,2.0,35.0,3.0,3.0
0581ae4a0389108e83ad5df5b6de51abd7a3df298564222ce633d7e4283ca39da91ba712a1a0bec15aff564690bf3e098591fd1c68e81bbaac6d8c1d857df794,CLEAR,DAYLIGHT,DRY,FAILING TO YIELD RIGHT-OF-WAY,2.0,31.333333333333332,4.0,4.0
0581b1e46531ec4a81fce67b52de1e9c12c8433ebf763967ea140130eb0bd2f9736853918630d8e260f6cb35ee8a63a0919b846213beeddb2a5d194d63116a9e,CLEAR,"DARKNESS, LIGHTED ROAD",DRY,FOLLOWING TOO CLOSELY,2.0,29.0,2.0,2.0
0581b50b4e174f53a6cf8e555ca07eeb91cb7af8f8394329fb642d22aeb3459c4df8544a1f64e1ec6a4ffef607cc84cb36ff8edac889bd80f49260a182933ff9,CLEAR,"DARKNESS, LIGHTED ROAD",DRY,DISREGARDING STOP SIGN,1.0,50.0,2.0,2.0
0581be3f1fb52266eea416a8bb03871df839cd06d5bf3cdefb034cdf5b50ecef8b6c9ed509352d1d7fb4f006a69d7da57f29e87aa5c55002c63ab6379a8cb887,CLEAR,"DARKNESS, LIGHTED ROAD",DRY,FAILING TO YIELD RIGHT-OF-WAY,2.0,54.5,2.0,2.0
058205207b0b21fbd7d4706985a00bd41b66e0b95ebc907231b0ff0595f6c64af7baf038603fb0ca989e8d72345cdac10ecbfe7d4f77af63ae98ada792f1ecf0,CLEAR,DARKNESS,DRY,FAILING TO YIELD RIGHT-OF-WAY,2.0,40.0,2.0,2.0
0582067a3ae1e60cf9d6b99b6a910968174b7bf4612c06325a8bca3fd504828094208cfab3bfd5fd5e41378eca7a450c49ac27578f36f8d7ec92a70052f2d640,SNOW,DAYLIGHT,ICE,WEATHER,2.0,19.333333333333332,3.0,3.0
058253360a4eb29a029021d966e0ac36764f623bbbe8725e5c4dc0392ff9e3480c125078584595aed46aa24fc6ac4f3ccece0dd5eb35d0d1bd274463212e2057,CLEAR,DAYLIGHT,DRY,DRIVING SKILLS/KNOWLEDGE/EXPERIENCE,2.0,34.0,2.0,2.0
05827e7a796e8714c67618d70721ad4cc4189043b0bee168d30fedd8d1c8c923ab5bf70d5b21513aad6302e532ec0ce89495208f18699286c178b0b984b5a15b,RAIN,"DARKNESS, LIGHTED ROAD",WET,WEATHER,2.0,40.5,2.0,2.0
05829a65a1f61b3d63cc388f8043d52322dcec3972ada3d0771cbaffcf07d4cae9eda9b26a91190b259b72a9c37ef07ac30d2f0b4346474058266e0e8577494a,CLEAR,DAYLIGHT,DRY,RELATED TO BUS STOP,2.0,34.0,2.0,2.0
0582a1b15ace275838ab299c5573259497dae9d24b8dd5fde09a9a1c29b7925f6e42ff085c0461540c41c4afd003f1fa328154eb85bf24769655023849f5378a,CLEAR,"DARKNESS, LIGHTED ROAD",DRY,EQUIPMENT - VEHICLE CONDITION,2.0,40.0,1.0,1.0
0582aaac7174c5db6a24fe008fccc68c089bfefa528d4e7af9a410c75df93f2e079bfbc34a5abb6042f55f630604d60df605150103094e25ff1eabad461d6148,CLEAR,DUSK,DRY,FOLLOWING TOO CLOSELY,2.0,29.333333333333332,3.0,3.0
0582b0fcace0261baa6640e0696ef3864585a9edfcbdcf4e10f2a8267a3099bd058541cdc2716964b73937133d7114de04b90c614997c2e00e8efb1adc2102f0,CLEAR,DAYLIGHT,DRY,FAILING TO YIELD RIGHT-OF-WAY,2.0,40.0,3.0,3.0
0582cdf052f4f3259a355c3bd41f9e0400c7dc0f81d8da51045b87ff9553b9c72bfd2d66e60544a5a6d99edbd7e0228a236affb1d840ba858d564c4542f7a9f4,CLEAR,DAYLIGHT,DRY,FAILING TO YIELD RIGHT-OF-WAY,2.0,36.666666666666664,4.0,4.0
0582fff6de6406e4ecc7c26369529c643e4b21479ad15ec4f9f62bfbe9e2e974dda6cf17e317f1dd122f6560cc28027584591ad60d7b2c32727fb08d64774be0,CLEAR,DAYLIGHT,DRY,FAILING TO YIELD RIGHT-OF-WAY,2.0,37.0,3.0,3.0
058300b94556156a80c6579a441f45ad7138e4c666136e5e175bab04388d42f5abad8a1cd60f99b940aa7337a1e5602b672bb26ee113d2f4ef8c253d6ee2df24,CLEAR,DARKNESS,DRY,UNDER THE INFLUENCE OF ALCOHOL/DRUGS (USE WHEN ARREST IS EFFECTED),2.0,37.0,1.0,1.0
05831a05a6c410f5d4d205273fe698d695b6a6cbff82c9d6e81ed87e79dc598de7e41809cbc206933489c1912682f3d67d43494a8900c107d085cb23c8d9c0f3,CLEAR,DAYLIGHT,DRY,FOLLOWING TOO CLOSELY,2.0,45.0,4.0,4.0
058340deb075971849bc3ad10ee078fb6cddbe5b87d517898f1540b99e157bc5d736a194ac23a10a3a2be13c8461d2af7a4607cd45b0167391362e94d7f7a655,OTHER,DAYLIGHT,DRY,"VISION OBSCURED (SIGNS, TREE LIMBS, BUILDINGS, ETC.)",2.0,56.0,2.0,2.0
058368bce5ed8fd273a8240106d4149611d6e1be61ae7d92708b239b1e77f2b8258c9c7e1dba664c7c93bb0b957eda64573c3d5e4881d7c7b3681a4c6ffeaea4,CLEAR,DAYLIGHT,DRY,IMPROPER BACKING,2.0,14.333333333333334,4.0,4.0
0583860e421af00c7865288bbb9eaf69d0159fd58d69949eb0a21f17edab2ae0f4bbede40cfa7b72f5fb67d195bc4a3e1daebd85f0c43c3838c303e40fc9a4fc,UNKNOWN,UNKNOWN,UNKNOWN,IMPROPER OVERTAKING/PASSING,2.0,37.0,3.0,3.0
0583b2385710470c0a1bc80417d095512e3d04d6f26158388c45434960fe6dffd88c36aad264838c1f3d03e5ece7716904c73f835f518f7f4ed29739ecc4a211,CLEAR,DAWN,DRY,FAILING TO YIELD RIGHT-OF-WAY,2.0,37.5,2.0,2.0
0583dd04a43e6225a3e1e12f9d29e1ed87eb6681a8befe73f3c68bb1739d355948660a0b60e862b1eb123875b9e693e5ffa8b75fd7d4fb19c276585dc7bf987e,CLEAR,DAYLIGHT,DRY,FOLLOWING TOO CLOSELY,2.0,46.5,2.0,2.0
0583edcc700e2605805d7a9f3fd6b078c0d8c30b0e5e70d266762744b1050dd7919bc812a5ac30dadbce0111604307b477fdc7092d1ab20502ff4fc5eea3fbf8,CLEAR,DAYLIGHT,DRY,IMPROPER LANE USAGE,2.0,51.5,2.0,2.0
0583f1e36deb2ebff697abaa89d004a48f9c71631b58ca3e0c3ca1a0630f780dd770d288594c7048888edf88e269bd9dec9b9f96204415d53c61af48d03083af,RAIN,"DARKNESS, LIGHTED ROAD",WET,IMPROPER TURNING/NO SIGNAL,2.0,37.5,2.0,2.0
0584765ca713476abf449a766d0d2db1106dfd249ff68e4ff2eebd44ff799b4308feab8f98af34a8f6f5a8fd5e0f96d84b863db94146d6740b4848839b3b4082,CLEAR,DAYLIGHT,DRY,FOLLOWING TOO CLOSELY,2.0,65.0,2.0,2.0
05847d97be5e6f9a95a5363164584ee7c96a7d4895f0c474c173fabe26abfaa3be2efa585271d09d5d22e1bd2a86f279218222310a6c2ab00966128d7b5305c7,CLEAR,DAYLIGHT,DRY,FAILING TO YIELD RIGHT-OF-WAY,2.0,61.5,4.0,4.0
058497deadc29f4deb4fd1df7a62887b8c5182ce287e9a7b39cc5378602669485b1bba29213f1ae40a990388ccdf84c0a2f10ee2844fea71cb9816b2e110fe62,CLEAR,"DARKNESS, LIGHTED ROAD",DRY,FAILING TO YIELD RIGHT-OF-WAY,2.0,37.5,3.0,3.0
0584b0ae638c3b28b65c75ac95eaac335c16fa14c684184e228a3706d67ee4a6266eea6c11a278798e38567f84acdde4ac4b29c8815acbe7c4d002f68a221ff8,CLEAR,DAYLIGHT,DRY,IMPROPER BACKING,2.0,37.5,1.0,1.0
0584db4da0b68e5087985873199782fbb28aa8126bc0fabada72eaf6a6b2391b842e2f1e46e3341fb632879d1cb9f0ec9b26e418a87c3889fee31ad460ed389d,CLEAR,"DARKNESS, LIGHTED ROAD",DRY,IMPROPER TURNING/NO SIGNAL,2.0,47.0,2.0,2.0
0584f21375a53d58f98d1a7cca26266f801b7b7ddea704084ac210cdccaf275bf5d343cf96799c184cb7c4fc15b3f7a63055efbae87cd28934037992b3a061d7,CLEAR,DAYLIGHT,DRY,FOLLOWING TOO CLOSELY,2.0,36.5,2.0,2.0
05850b843dba8f4ff459f102ee83a84d90a55e9ae11ca32c88b31c584835fe4109f349b352963d4167a4544adf9f00651863465b5e255d4d07055bd4b1327316,UNKNOWN,UNKNOWN,UNKNOWN,WEATHER,2.0,48.5,2.0,2.0
058520cb3a2a11e7141299af88041719d621ddf3e54436e896cc5c8a3cf7c9fb2678d4ae73e76c23deebeb4abddf18213b4d391bbb77c9d1f2eb98db8ab23c3f,CLEAR,"DARKNESS, LIGHTED ROAD",DRY,FAILING TO YIELD RIGHT-OF-WAY,3.0,37.75,4.0,4.0
058547862a7374a7b3b38d766851a0b93cfd2ddcd80f9b161ac866bc7a6997343795a57ad16fbdcd446281fad8d0c56c9f65dd7ac77c0ea03a93e2366905b22b,CLEAR,DAYLIGHT,DRY,FOLLOWING TOO CLOSELY,2.0,44.0,1.0,1.0
058581a11a9eab027c2975c3f08a417c1783f6f0a7783181ed73229cf9a68cb3e98ea5e68c888b0595c8ef92d771334fcb940c55e2f634013d462908d1287962,CLEAR,DAYLIGHT,DRY,"OPERATING VEHICLE IN ERRATIC, RECKLESS, CARELESS, NEGLIGENT OR AGGRESSIVE MANNER",2.0,23.0,2.0,2.0
05858c25ec12a74a0642f00c2809b11da1e503351f0bc5cb8f68ff4f06c035a57c772716b95bc25626f7f9430206b7c8bdb16411a415274470c077cb2f62a732,CLEAR,DAYLIGHT,DRY,IMPROPER BACKING,2.0,37.5,1.0,1.0
05859473e2b8b56644594cfd8b694d7ae00d1607704d129368c72ca18262da1f0fc0cba61d15c0f2cf5984f1a77edf49440763e7b81a6ae07017f8f2bba853da,CLEAR,DAYLIGHT,DRY,DRIVING SKILLS/KNOWLEDGE/EXPERIENCE,2.0,42.0,2.0,2.0
0585acfd5dfa6b9cecaead14a0168529e5d5a3ab4c76b1af8fa2782417ad4ad9415ce31c1a834307c328c8d14c077e4c9d0d0dc013c46844083fca1b437f0ce3,CLEAR,DAYLIGHT,DRY,"VISION OBSCURED (SIGNS, TREE LIMBS, BUILDINGS, ETC.)",1.0,29.5,4.0,4.0
0585c5a0d81e14829fbf8eda3dfe738d9914fad5e8ba94eba29ec216882c6dc0e3117a8cde5201598dc1f01c5ef007ece8f9aa71a5f78f2a3994b639e398d4dd,CLEAR,DAYLIGHT,DRY,DISREGARDING ROAD MARKINGS,1.0,60.0,1.0,1.0
0585dde36965f901f0fea27f3b870668ea9b956ae8db67cb37b024185c3a5931a7c1492a6bff56d95f12c9a211b642b93835c7e006eb048bc4533b210dd10328,CLEAR,DAYLIGHT,DRY,DISREGARDING TRAFFIC SIGNALS,2.0,41.5,2.0,2.0
0585f621e3aaa03c60375932a4527869e69a525330228fbe630792c54c6475c47c05d6dca9fde820cca24c0ee1000fc9d38429cfd586ba96b4acd7dfa39060d3,CLEAR,DAYLIGHT,DRY,FOLLOWING TOO CLOSELY,3.0,22.5,5.0,5.0