crash_record_id,weather_condition,lighting_condition,roadway_surface_cond,prim_contributory_cause,total_vehicles,avg_driver_age,total_people,total_injured
0585fb9d35fcd8cf34455219e467bd4c1eae4548cfa470921eb116a75909b17594dd867ffbae62852fb8d0752cbf252e6cb8d75b57d415561c0a5f7d345cb475,CLEAR,"DARKNESS, LIGHTED ROAD",DRY,DISREGARDING TRAFFIC SIGNALS,2.0,24.0,2.0,2.0
05862df7c2441a9d38538782f586883ecf4225b6d41228fe0c2a07d0a8507d4f8bc7a2bf09e15d27f0650fbfdc8c4fb580db9f9a65f3aea7cd98600035baace7,CLEAR,DAYLIGHT,DRY,IMPROPER OVERTAKING/PASSING,2.0,21.8,5.0,5.0
058655f4acccd88fcacca645b1267de718117462c93f646eb13d7f8b552e4d63a3cecba9fa96fadb231a464426fa6b36cbad6ec452ad527f52676fe99f179360,CLEAR,DAYLIGHT,DRY,"OPERATING VEHICLE IN ERRATIC, RECKLESS, CARELESS, NEGLIGENT OR AGGRESSIVE MANNER",2.0,14.666666666666666,9.0,9.0
05865c503d5a4890e43c15d17ee3e666b3fb984c61b0ef0ae45592ea791f281f4a411275cf3ffe5d60e0d97ce5258a13010194108b453c1b16b8ebb968706b3f,CLEAR,DAYLIGHT,DRY,IMPROPER TURNING/NO SIGNAL,2.0,24.0,2.0,2.0
05865e593095d7d4ce4a853d758ede075d45efe6a0d9d21997cf6c9b548e6c4b279fa8e23f884e45884b65fb61d9a0e29b2a65f6fc2882b85b8391a8569f116b,RAIN,"DARKNESS, LIGHTED ROAD",WET,"OPERATING VEHICLE IN ERRATIC, RECKLESS, CARELESS, NEGLIGENT OR AGGRESSIVE MANNER",1.0,16.142857142857142,7.0,7.0
05865f6c24c0342253ea37da6bf43a48d4ee1edf4067619a52bf1fff53e9517322cac71eba41728c201298a41c57077227b3a40f5ced1e3d45176fa0f3a7e590,CLEAR,DAYLIGHT,DRY,EQUIPMENT - VEHICLE CONDITION,3.0,32.2,5.0,5.0
0586706ffd81e2ce53e4e8bb9b41c5f16feddba0e2749565685596006ffd2657a1b62a7333083333a2a1fb314e8d524c767181d3e95a6b43603746ffcf569499,SNOW,DAYLIGHT,SNOW OR SLUSH,IMPROPER TURNING/NO SIGNAL,2.0,47.5,2.0,2.0
0586726ffcddcbce01be5e710dfb2aac35b1867845578debd0e96d17519242284a3229dc84b4344e0578aa57191dcfdebe1821ecce4bb8a9f1975a4eea1abcab,CLEAR,DAYLIGHT,DRY,FOLLOWING TOO CLOSELY,2.0,32.5,2.0,2.0
0586a041ac655d0116ed45410505011567430193f6c3becb7efcf3945618ea0cec21ae8a055bf9c5d60ec9ada73d94d2b5a3152a325c900957b149ec513f0b0b,CLEAR,DAYLIGHT,DRY,IMPROPER BACKING,2.0,29.5,2.0,2.0
0586a0f7ec8ee65650dd58991fb2564994f0ef3c055b50815b68de71729e983337b458907db9d6fbcdd9fba5ad49dadb5f7d40364df7fd4c727c766545fe58a8,CLEAR,DAYLIGHT,SNOW OR SLUSH,IMPROPER BACKING,2.0,28.5,2.0,2.0
0586c043002011e65f5f8f72c4fe77110010bbe70dee21e7c3ccc30d580c261dd92e40eb7b3a34d9d4e98aa8fb3686856b223d2ff1d67d096f52667e8791b724,CLEAR,DAYLIGHT,DRY,FAILING TO YIELD RIGHT-OF-WAY,2.0,18.0,2.0,2.0
0586cb11bedf4310ad9156b86cbba07d4e4fc549a3e302d6d2b3a9035404637c5ad7b513862588aca601c09506c524b69dd89532fa3fdada1191ab18ee2837b7,CLEAR,DAYLIGHT,DRY,IMPROPER TURNING/NO SIGNAL,2.0,39.0,2.0,2.0
0586e81a989290f66d4c20824effa894d409e1e95aab6e4d4db5fa8701d88ed4c042077d433ad64cc4db99f34d0d253de9d4d2175c94b0ae5fdb0a0567013424,CLOUDY/OVERCAST,DAYLIGHT,WET,DRIVING SKILLS/KNOWLEDGE/EXPERIENCE,2.0,58.0,1.0,1.0
05870df97710f8c5644c4c383372298252bab8b3382cc9864127c3f7ec7854ec01fccc1204f935c6f3f4e437cf4a2622465c41933d3457fd6b81314cb038a28a,RAIN,"DARKNESS, LIGHTED ROAD",WET,EQUIPMENT - VEHICLE CONDITION,2.0,17.666666666666668,4.0,4.0
0587331ab911bb005c0fc2e384c5a54293effd5747094109a5efe69937594852db409795935a3b6a545cab243a535c7434fb31f8ea4b2247629202d20093a27f,CLEAR,DAYLIGHT,DRY,IMPROPER BACKING,2.0,36.0,2.0,2.0
05873aceff3e50d6534a98780e6fd91c5e1e2848800772a7fb103b11352ef9cff4fb5a3555067937534644763b0a0bff0bf03bf2aeadb736782c95561332ad35,SNOW,DAYLIGHT,WET,DRIVING SKILLS/KNOWLEDGE/EXPERIENCE,2.0,63.0,3.0,3.0
05875001cfa869d5ec01a67bc94cbedba97dfc086e6f0c2046330ce7d0267caf77620454a73bedb084187f9b1490f4b4be7473891f0847e5f153fea7616e1c64,RAIN,"DARKNESS, LIGHTED ROAD",WET,FAILING TO REDUCE SPEED TO AVOID CRASH,2.0,37.0,2.0,2.0
058753ec9691072174957663453bc95eee87487050fea308819c325e04630b97c0cb3c0c036687e915a230506d1a5ce5f14ed78fb8a1ec0eae177c0d331dc52e,CLEAR,DAYLIGHT,DRY,FAILING TO YIELD RIGHT-OF-WAY,2.0,52.5,3.0,3.0
05875707a39c3907bf3b7f4a53466c95898e7db37d70d1a4527c79530ce80f688209c19b5514ebb7679fbe728a97dbf5a6765fdfcfde899f9d7b1da81e6c2726,CLEAR,DARKNESS,DRY,DISTRACTION - FROM INSIDE VEHICLE,1.0,19.0,2.0,2.0
058790182c8650ccab3abf5f1682d1216860214748cf86c6d7ddd0c97182a662e13085bb072be67ff804155c42bfa1edd0dbda730e3a7131879041fcadfed80c,CLEAR,DAYLIGHT,DRY,FAILING TO YIELD RIGHT-OF-WAY,2.0,35.5,2.0,2.0
0587a41474e56e81a491befc530785774cf0ac31afe4aa239729383ff22ed46e38b7e7edbb05441eaee9d994651421caf72c27326c87989f23a09a73310c97b7,CLEAR,DAYLIGHT,DRY,DRIVING SKILLS/KNOWLEDGE/EXPERIENCE,2.0,41.5,4.0,4.0
0587eac4a4ed39aae187a9c19feeb3698f85259452d192d9ca09a36e4b7d5f861db245312521a649c4e966213bc7a6703ef6960136904cb268fb70947574c829,CLEAR,DAYLIGHT,DRY,IMPROPER OVERTAKING/PASSING,2.0,24.5,3.0,3.0
05886e7c996f4540d73008a589411615faf6221ccb7fbc114802e5e741fd310e6bdad147a6fbc97b66178184da401f053bb7881b35b24e485425893c4b4b9f9a,CLEAR,"DARKNESS, LIGHTED ROAD",DRY,DRIVING SKILLS/KNOWLEDGE/EXPERIENCE,2.0,37.5,1.0,1.0
058879f564e303e73808dd6a78e3b8500e53f8c47e8ef7ed48c39f8625793fc4f3bc1ec6d7645c0a90bfacb661a46c9b0e66a3fa97c4bfe753dfd25df5804ce8,CLEAR,DAYLIGHT,DRY,"OPERATING VEHICLE IN ERRATIC, RECKLESS, CARELESS, NEGLIGENT OR AGGRESSIVE MANNER",2.0,50.0,7.0,7.0
058894c48331acba1703c9fe265237885232a4d699d1c795dae01a3fcdd603b19b5b69ff45d7ccb80aae2b58296789e2e62db3c73f2b71302258060f3112586a,CLEAR,DAYLIGHT,WET,DISTRACTION - FROM OUTSIDE VEHICLE,2.0,27.5,3.0,3.0
058897459f7eddcd42c3f8df50e61d7470aa6e72aef4b1f3b8b46a85bad7a6f490689cf1602eb29f1c37cb16962ee37ffa85d0853ba7914d5e702f9c0b0406ca,CLEAR,DAYLIGHT,DRY,IMPROPER LANE USAGE,2.0,37.5,3.0,3.0
05890579c51d57ac6a5ba081ad2b323474378f3b7fdeec0f8972f9f3b252eb793dbaeac3fabb65c3e940c43cfb58ea145e1294a44fe26cf3cc4c3106ad9cf35e,CLOUDY/OVERCAST,DAYLIGHT,WET,DISREGARDING STOP SIGN,2.0,32.666666666666664,3.0,3.0
05893df46e16a2c79dbb6df920cf77b47b91ea5acdf2243d905fedcea22a5e0471c95d1639fe7bf55522d3bb7f824a1cd05675e25d7af2feab0f7fa7d18a9a47,CLEAR,DAYLIGHT,DRY,IMPROPER LANE USAGE,2.0,37.5,2.0,2.0
0589850b49d75a832f15e3ce44d631a29df36c8556a0a7926f8fb3a6e29d436c42c76c98f78557abad0fc4a59b2f0aa7151b1d78ddf8d6b1811d92682dc348cc,CLEAR,DARKNESS,DRY,FOLLOWING TOO CLOSELY,2.0,48.0,2.0,2.0
05898e6a3cbc64f8a383d64c4d7f15c251edbecc5b266057c721fb80e48f4b6fec4960a1fd3177aba9172969c01136550b3fcf164fde349e4efaf68e4feefadc,CLEAR,DAYLIGHT,DRY,FAILING TO YIELD RIGHT-OF-WAY,2.0,37.5,2.0,2.0
0589c5e9da40b82f1f29c67da271254e6b4541a6237cea1adfe8b7fb88da7a7ec9bfe33ce22eb46f0a54b92660ca09823cab88fd7c4df66bfe5d29202fe26e4f,SNOW,"DARKNESS, LIGHTED ROAD",WET,FAILING TO YIELD RIGHT-OF-WAY,2.0,26.0,2.0,2.0
0589e306239bdaa9bdd0d4d36b9005ef8946902134534ecabe34ec6d8604ec8daebd0e4c559ea1c2302077406be89f69e9416997a1810372e0eddb6a2513180c,CLEAR,DAYLIGHT,DRY,FAILING TO YIELD RIGHT-OF-WAY,2.0,44.5,2.0,2.0
058a13e0117fe10efd28c7534503f0892f68c873d4eaeb791fd80bad437a6810de6a88d54bee0cc3ce05c834780beb3e5ec00c1830466525949ee31b7761a7d7,RAIN,DAYLIGHT,WET,IMPROPER TURNING/NO SIGNAL,2.0,28.0,2.0,2.0
058a46131802eb462111877f428200fc25a53eabb8301206c34cc9e8bec0cfd7b5c94a3b0e7db2e29bc0e92e46da337a1eb5fed05e485e0c8b12e521af953102,CLEAR,DUSK,DRY,FAILING TO REDUCE SPEED TO AVOID CRASH,2.0,28.5,2.0,2.0
058ac170109b1053a572e5c50c2349a71e92c82312e91e14ae0c4a1509c0e2dbac962a1c8538591034cffb475513a4f782ba409a1391b8fb3ec589d7209e4a64,CLEAR,DAYLIGHT,DRY,FAILING TO YIELD RIGHT-OF-WAY,1.0,41.0,2.0,2.0
058ae880622a16e19dcade0f8e898d3cdfad5bacd4ec798623bd55a2eecfb7ddf5a911e9728d6c62a4727cbb72556b9697372cbf345e6f2b6c0be58ba5141831,RAIN,DAYLIGHT,WET,FAILING TO REDUCE SPEED TO AVOID CRASH,2.0,32.5,2.0,2.0
058b1baa7906d95069022dd9777fb96caff6dbf827b95a7ee2c658757e67bbd2751b98cc86403b2aba7deff156390aa9aaf457e63666bd5084e98c6f3f2a1dd6,CLEAR,"DARKNESS, LIGHTED ROAD",DRY,DRIVING SKILLS/KNOWLEDGE/EXPERIENCE,3.0,27.0,2.0,2.0
058b418190a97edc92a8095ff3b7884f6ff4b6e44735404a9cf7ef2de7a8157bbda4f35ac8906467e8c04e14ec252076f48a6a787fd5bd5535700c74f3f89303,RAIN,"DARKNESS, LIGHTED ROAD",WET,FAILING TO YIELD RIGHT-OF-WAY,1.0,63.0,2.0,2.0
058b5907acf13ae0053900490ba0c887702b3c1bae2336f2abf5509101cf0f0564030231f31682a43a2c8cef0784ec8e3b6dc4372b2145ca4a2b5d2bc2c77e26,CLEAR,DAYLIGHT,DRY,IMPROPER OVERTAKING/PASSING,2.0,52.5,2.0,2.0
058b80c6ef560e032cd36f8321d5086a4baedea06e1596ed4364ad2fc795aecca95f1384922c9f32e0b943e3d70bbef0ff4e16313ed987130fc0402e4b190ca2,CLEAR,DAYLIGHT,DRY,FOLLOWING TOO CLOSELY,2.0,43.5,2.0,2.0
058b8174582f9a6e2e6fa7f5abfc28638e3afdabe4649a7a0a3552f8589eda02b8ac309d79f4e48cc63d3f690e4a721c5b2766cd557953738cb692a7b3e7611b,CLEAR,DAYLIGHT,DRY,IMPROPER OVERTAKING/PASSING,2.0,54.0,2.0,2.0
058bc3d1098f7b3e0baa253b4e8d67344630d56cd63dbde02912a9312a9617fa3b1e10be683d781c94e72c88201cdf51643d861ef7154e89ea7a8f40663d1988,CLEAR,DAYLIGHT,DRY,IMPROPER OVERTAKING/PASSING,3.0,36.5,3.0,3.0
058bce1477769d46cf3e237b3e6aed4e1b645cfb9f7a91c06c4bb0ba2559a2200c1bad9264924273d273004eba57d16d9bd794e598c97e812bf697a77c9441fa,CLOUDY/OVERCAST,DAWN,WET,"OPERATING VEHICLE IN ERRATIC, RECKLESS, CARELESS, NEGLIGENT OR AGGRESSIVE MANNER",2.0,37.5,1.0,1.0
058be0d7ba1fc5398798cc0633cc3e76cf8522498b04d84c197e39ce88bf96dc81bad7d895dd48df4eba5940fae0e6078b7c509e723abcd1aa80ec4834b887c3,CLEAR,DAYLIGHT,DRY,FAILING TO REDUCE SPEED TO AVOID CRASH,1.0,27.0,2.0,2.0
058beb5e45c2587e631881d420ad3fc14364c1e2cf0821352588c2ae5b6a63d15e2bd02d3a6192d5c1ecac27a209284121ed32c5ac9294a7d5f3c2008a5128a4,CLEAR,DAYLIGHT,WET,IMPROPER BACKING,2.0,58.0,1.0,1.0
058c1ef037571da71450802512549cc7b11406910a72a2a38222044f96a710e39819ff408b7a93e8f8a452d37ba3e10b5ecba184dda3229c75652012bfdafbe9,CLEAR,DAYLIGHT,DRY,FOLLOWING TOO CLOSELY,2.0,47.0,2.0,2.0
058c270df48043f4c98436683deec9f2ffb4151f6aa7e07d3c0e1f944dfd95dd4795bf1301aff64bdf373669f0508e3e723669c6b74148c159d7451e56cb98c9,CLEAR,DAYLIGHT,DRY,FOLLOWING TOO CLOSELY,2.0,23.0,2.0,2.0
058c3fe2c9f362280da424dbcb85a6c1ef64059d144255e424dc3bd1d8eb55dba9451cf63b664e0ecf63d00c011330255bd6502fa9a281b19e50ae6906d1f7d5,CLEAR,DAYLIGHT,DRY,ROAD ENGINEERING/SURFACE/MARKING DEFECTS,1.0,45.0,1.0,1.0
058cb95ce396630831569863f89511ca345f58709326e6db5aad462c4d7f2a04d5419e7eeb06f2c3b3688ca4c74a62d6101a4029c59fd3c5a36ceaf51fa64696,CLEAR,DAYLIGHT,DRY,IMPROPER OVERTAKING/PASSING,2.0,33.0,2.0,2.0
058ccbeea27b6b630da1671c2b6871d93ab9b1bcced16222f26a5bdf1c9a91f65ba499c93f8aa4dbd985b89623f971c1e89e9021dbec962bb423e5bf85e6e4c8,CLEAR,DAYLIGHT,DRY,IMPROPER TURNING/NO SIGNAL,2.0,39.5,2.0,2.0
058cd5160da6ec11f37c14f45959ebc63b38bd37732e24fc29fdfbf01065db2e6e27ac518f1eab7ec193d1067452eda9d0f042878a81b3dff4bf5a4889e81bc9,CLEAR,DAYLIGHT,DRY,FOLLOWING TOO CLOSELY,2.0,32.0,2.0,2.0
058d0ce1c536a5f3bb6835e5e2d1974cc0a9d37d2249f2b430c492b59a945565dc85acd1da0d5edc190eaf02817ca008069fbbe20239b3e94ba03c798b0c257f,RAIN,"DARKNESS, LIGHTED ROAD",WET,DISREGARDING STOP SIGN,4.0,59.0,2.0,2.0
058d2035fab90e2b74fcf39884db483b2ef464bd0d952b31f9335802dbbbf43bfb46de9a9af4359b5edc5966206649e0632c9f31e2c1b8b75318a4165e94ca3a,CLEAR,DAYLIGHT,DRY,FAILING TO REDUCE SPEED TO AVOID CRASH,2.0,39.5,2.0,2.0
058d56520e1fb4555350642d64205a19d838853b45b1f3ce26d4926f242c6e4e1f1f5fff520f09934fe6f88f9d529eb3d3f29328bcda069c267f9fbffc9d0860,CLEAR,DAYLIGHT,UNKNOWN,DRIVING SKILLS/KNOWLEDGE/EXPERIENCE,2.0,59.0,2.0,2.0
058d6225a2385e1e5e4bff8548d38242f9b18f87524e049844226eeb5c129de0f55e6eebf162b81e757823af9dec5d586d62ad2a5e93e51d9760ff509b6ef5a4,UNKNOWN,UNKNOWN,UNKNOWN,IMPROPER BACKING,2.0,58.0,2.0,2.0
058d7966891e3c4a1a6669bb42ccb4aa5a4cc0d28e955c240831764217f02842cc1636fa13e9e53e60e23015ae5b7e84e4dab5ab2919c21abbff17c395695e2a,CLEAR,DAYLIGHT,DRY,DRIVING SKILLS/KNOWLEDGE/EXPERIENCE,2.0,50.5,2.0,2.0
058d8ba4c51de5f2e491fc9ebaef34e87c3692477964280c51896a71120783253e820d01b39cf1b79e8e61da698e0d62336eb49d83681b6e86ce1ec9fc8efa9f,CLEAR,DAYLIGHT,DRY,IMPROPER BACKING,2.0,43.5,2.0,2.0
058d9e680adebb7ef9699634c3944def4158d62558ea8c2269a674313024d73d256d8a5634344c95098cd444bc8404e79ca9e4b3411ea9a3471480d5691b1c4a,CLEAR,DAYLIGHT,DRY,DRIVING SKILLS/KNOWLEDGE/EXPERIENCE,1.0,19.0,2.0,2.0
058dcfc3a487afaf9570411168810cc8b21fb2465271340099742d8960a23a832c8cc8cb0a93b3965d652bb1bccd9d29fae439cb14086980215f640c3313e8a2,CLEAR,DAYLIGHT,DRY,FAILING TO YIELD RIGHT-OF-WAY,2.0,44.0,4.0,4.0
058dd4d11147d877f81a0efbcec6329536d7376af6439b6f2760cd967a81a4e529db34fec2a7bc90fb5083b52136fd0acd2f095193104aec96bf377b48b7da7f,CLEAR,DAYLIGHT,DRY,FAILING TO YIELD RIGHT-OF-WAY,2.0,46.0,2.0,2.0
058e80a3bd322ce0f7be0679623ad4cbb31492a0570d4ae6bfbf046a1ab75de7d47eec5ce2742e2d0b14a2590fba02fef10f5155152e973a3cb993c770036f34,CLEAR,DAYLIGHT,DRY,IMPROPER OVERTAKING/PASSING,2.0,59.0,2.0,2.0
058eaa26ac5ebe3fefafbbd90af06cf1f8a9fc6895f8823fd8ba8ee1af85184047bb6fb8bb4315df12ab78315d0c29fc60790228673efb13584afeb19472264f,CLEAR,DAYLIGHT,DRY,FAILING TO YIELD RIGHT-OF-WAY,2.0,21.75,4.0,4.0
058ebd845f0ea53439c747e6c06d10cf615924d59bc1e83d0344bed930627da992bf704fc968f9f184b0d4400ade67178e105931bb8847a0d6ddd6ca0a9b35d3,CLEAR,DAYLIGHT,DRY,FOLLOWING TOO CLOSELY,2.0,34.0,3.0,3.0
058ec5328dc9d37b5705d9197bc700ee88bb8fec561fcd4ae6e84d61951ad75aabb42da22d29d39753ea249f6f5bd19a03f168549a2bf15423aa54f637a4aed6,CLEAR,DAYLIGHT,DRY,FAILING TO REDUCE SPEED TO AVOID CRASH,4.0,29.0,6.0,6.0
058edb249b710344d51b748c34a7b0575df295591343a6e44b638b2132d77695446f42b2050932bfdb3bdd5fc2dc593f1473a237caf961e5406cf427f6805b2c,RAIN,"DARKNESS, LIGHTED ROAD",WET,FAILING TO YIELD RIGHT-OF-WAY,1.0,40.5,2.0,2.0
058f389994992ed7d537ef89e9b87bd2870864422b909cf2284569a11c6d3372c8f8ddc41427a9e394794f5dc5b022d7a223af1dcfcda18e48dc8ecce292db66,CLEAR,"DARKNESS, LIGHTED ROAD",DRY,IMPROPER BACKING,1.0,33.0,2.0,2.0
058f3a7438a2b494ed72816159d7b278bba155ff1e37b74cdbec7c1c5ff0ac5ff1d4fa78e0693190e4bbf555978fb4c219d6ea0f34c4ce8a9eebebf59a91712c,CLEAR,"DARKNESS, LIGHTED ROAD",DRY,PHYSICAL CONDITION OF DRIVER,1.0,67.0,1.0,1.0
058f44a980ea6a22282a9c7adf7e279dd2647a10c2f34536a2d5a75107926738eb4689264ed1eda46068df9d3f1a47b70242b8faf078a032c260ebc6448c1e2a,UNKNOWN,UNKNOWN,UNKNOWN,FOLLOWING TOO CLOSELY,2.0,41.5,2.0,2.0
058f83d1f4aec26050321803482cc13ee4b9e2869e625ca8fdd509f3dd3bf2bb43eb85080d1a03fd285e4fc2e44c858e0467855a259095a8e32c69b8e513049c,CLEAR,DAYLIGHT,DRY,IMPROPER OVERTAKING/PASSING,2.0,26.0,2.0,2.0
058fbaed1e604dcd5ed0e703a77ffbf4296fbd558dbeccdd7cab74d758fc6799ec95be291e78ff6734523c07231fac95776ba98455a05881d60d57fb115830a5,SNOW,"DARKNESS, LIGHTED ROAD",SNOW OR SLUSH,IMPROPER OVERTAKING/PASSING,2.0,37.5,3.0,3.0
058fc54af0ef700f0a921b2475eee6500dca3d2cb3b08d4dc3c53fa6d02c8a9d64741f8070e6ae01b9db437b1415e51cd7ec9b152284c89e043893c6cc7d8764,CLEAR,DAYLIGHT,ICE,WEATHER,3.0,29.0,2.0,2.0
058fea94d2101e0d1ad853719196cd2b4223036d1f7d687116643ec52e86ca37c6f5b1636a211023361cb3b798f1539c7052120ba79a39e3b789fe3cd9fd71e9,CLEAR,DAYLIGHT,DRY,IMPROPER TURNING/NO SIGNAL,2.0,69.0,2.0,2.0
058fefa4f679d16d76a9a3e428a8c429bc54ab2f2470b4396b27385edb7028f2302b12f039df4fe644b3ef827248e55f068d68773c15109b470e68049ac7a4bd,CLEAR,DAYLIGHT,DRY,DISTRACTION - FROM INSIDE VEHICLE,2.0,55.5,2.0,2.0
058ffa858b03918755a2ec0d030a8f4db733056d2fe97ee0c283100c651dff4dbe55834bdaaee421d3724782add826e7af5b4f233e998a8f686a17af1021495f,CLEAR,DARKNESS,DRY,IMPROPER TURNING/NO SIGNAL,2.0,44.0,2.0,2.0
0590246502d3a1f999c4d5c1c5b74ed5afa59677a98de66a7d0b53a5915b9cd51fa808c849a2071e741d4a364a8719f78b21f6ca4896b893fe08cc92812c8ef6,CLEAR,DAYLIGHT,DRY,DRIVING SKILLS/KNOWLEDGE/EXPERIENCE,2.0,28.5,2.0,2.0
059043fa7d6f561dd48f37ff264aff5b49d4610fc7329730e835ab986cd3b7039151a0a303183df0861603a6f5b356c7e076ec6be6b7a289c3fce65240e9d702,RAIN,DUSK,WET,FAILING TO YIELD RIGHT-OF-WAY,2.0,38.25,4.0,4.0
05909c380bbce8ddc65cc1881f916411d7b4bf8fedf6ec957c842a8a96323029d6f8f5f488c506b3289071819aeab7b03fc1144101bda822ec782a27971d5ecf,CLOUDY/OVERCAST,DAWN,WET,DISREGARDING TRAFFIC SIGNALS,2.0,64.0,2.0,2.0
0590afc97fb228d00585ed13a5a7e4eeb68f1d2e5c24ca5d312fb36fe5c771d7a6abf0f44ff29244f7699ab5d1c7e73888d73038a6447a27c4fcc8144de302c2,CLEAR,DAYLIGHT,WET,DISREGARDING TRAFFIC SIGNALS,2.0,40.0,3.0,3.0
0590c7a9b5cafea1df662ffba476835629314d533ff9ec0314ada9b07a18f602119ad6f952706c8099597be133ed83153ebfe2b67409b6794367708f7ede51b0,RAIN,DAYLIGHT,WET,IMPROPER LANE USAGE,2.0,27.6,6.0,6.0
0590d8b25c6a2a04fe67f8a4e9798c81ee1d1d9eefaafbddc9d97f50f80ef98c966c887540108c97cfb469ee72f8bdfd39d517b7d65421b70c694bff69ca722a,CLEAR,DAYLIGHT,DRY,IMPROPER BACKING,2.0,37.5,1.0,1.0
0590d912ef56d6177507b5701549ee30222efe5a7a0a41c2d3def3e308986af791ba66e98b1bbbc7255af5abe038131df479b2c78bb5d4514828e0cd603fc625,CLEAR,DAYLIGHT,DRY,DRIVING SKILLS/KNOWLEDGE/EXPERIENCE,2.0,21.0,1.0,1.0
0590f12701eb468d5858c627b1312baa08ce3f258c3bbe9940231f421634d1782a1d8ec944a19f0863e73fb3843cca25499d6612b0dab687073525f47deadeb8,RAIN,DARKNESS,WET,WEATHER,1.0,85.5,2.0,2.0
05910db68e13926d54a709430663dee10a0884763af83f84499d015d7efa56d5060a30dc53511c212bfd1ff160de2b13f19bd5ae5d82e738b145f72c63c56b8b,CLOUDY/OVERCAST,DAYLIGHT,DRY,FAILING TO YIELD RIGHT-OF-WAY,2.0,25.0,2.0,2.0
0591451020e556b3b2ca5f34f8e45f0d4ab6df3ae0bcb772270447149ae3deaabbd5da9af96a7b68abcd865e75fdf1387c1d3981ba913a872557a5df8a765f3b,CLEAR,DAYLIGHT,DRY,DISREGARDING STOP SIGN,2.0,21.25,4.0,4.0
059184077ddaad58047bd415278183d1786c81d09f19d075b3ceb872fa0a1f22abdc95a5cfe789c349ec056d93ce2b1bce12d17d27f003e6e05d835aadeefb8b,CLEAR,DAYLIGHT,DRY,"VISION OBSCURED (SIGNS, TREE LIMBS, BUILDINGS, ETC.)",2.0,25.5,2.0,2.0
0591975424ac4c7fc8e99987cb5bbafd0849664b21f470e6f9f6036ce08bb4f42d42a4e05455a4d28543b1dba9ac2c155ee153a4c1ea4c41263b51cf5042570b,RAIN,DAYLIGHT,WET,WEATHER,2.0,41.5,2.0,2.0
0591987fc5bb1b2429c97cca0dfdbd6e6266dc014a03fb38dbe73218ca1cac145834d73890f883f3a9a1aa3637b8bff12e72514f57e8668d3b0790e0ceee6ee6,CLEAR,"DARKNESS, LIGHTED ROAD",DRY,UNDER THE INFLUENCE OF ALCOHOL/DRUGS (USE WHEN ARREST IS EFFECTED),5.0,20.8,5.0,5.0
05919d10affec7b2af8b1ec55f083a7989f9eee0aa1b489ed65d4d025cd03710b8c3bf7177bbba545c7f17bc551564310305ba02b6de73996e1f2fd489454143,CLEAR,DAYLIGHT,DRY,FOLLOWING TOO CLOSELY,2.0,41.0,2.0,2.0
0591fbf91d81c0889f2e9800f3f9ee8afe348c6dca975abde067cb5079392a964f4cc81fbc5697e9502adfd7d0c1b5199d5a82bee78f096af36704f09dc0845b,CLEAR,DARKNESS,DRY,FOLLOWING TOO CLOSELY,2.0,22.0,2.0,2.0
0592084c943d1e06fe35aa52afab0aef6becf63a7eeed7c5bd5c51f5466911525b8fd3c5a8bd5d1c69d7a0ba5d3215ca8894d6eed34c56268dbc0e627741f301,CLEAR,DAWN,DRY,FOLLOWING TOO CLOSELY,3.0,40.333333333333336,3.0,3.0
05922fc57bc8c1366f89f4e94f9c242fafe7ff28124cfc00b944d2786b2df316d66ec15d60e285ff28db5addc756ced76a97f3dcbdea24963c6ad5e29ea567b5,CLEAR,DAYLIGHT,DRY,FAILING TO YIELD RIGHT-OF-WAY,2.0,24.5,2.0,2.0
05924dd1101d91ea5d6dc2e312df2f39f6620c732c245b43a721e69916eb450225f1c687c8cee0fa3bd36ae10160d5b5067560260b04647c03460247f6ac9c1c,CLEAR,DAYLIGHT,DRY,FAILING TO REDUCE SPEED TO AVOID CRASH,2.0,18.0,2.0,2.0
05927e3bec592e054cf0336b73cda1607c820ca1588bf71dc0c65688cc2a95aa0a77bc5c8be508626686f8c2cadbc919efef3f04723dec4be73907675e625dcf,CLEAR,DAYLIGHT,DRY,FOLLOWING TOO CLOSELY,2.0,28.333333333333332,3.0,3.0
059296925bf4125a002cd8ffb76e0e768a4b906db1581f641ba6380ff95948b361f75e224d5883370d0e236e466f92557b751264cd96153a177d1283c3b71d36,RAIN,DAYLIGHT,WET,FOLLOWING TOO CLOSELY,2.0,37.5,2.0,2.0
0592d7e65e7dc43a44697c79f86c749066d00deaf1d78f19026113c5c4916f0bff63915aa67e80655533b7b2f62d2779622dc5cf10fd8b8c22ea0dc27efee3c6,CLEAR,DAYLIGHT,DRY,FOLLOWING TOO CLOSELY,2.0,37.5,2.0,2.0
0592fbeb70390844b8d2e0445e4b77b17e8671839a60049d36d2816f8ed730183d3837f92c08e0a892ae309db7f112b6a32a1f3d054f3b802cf5299b433cac2f,CLEAR,DAYLIGHT,DRY,IMPROPER BACKING,2.0,37.5,1.0,1.0
0592ff48b096061cee7dc4734e5f003834b7d9a49cb76ddaead8742daf261f0a180f50d94d089092cea0773955468ac40ea17310fecc417e8325c65ddbe20cd1,CLEAR,"DARKNESS, LIGHTED ROAD",DRY,UNDER THE INFLUENCE OF ALCOHOL/DRUGS (USE WHEN ARREST IS EFFECTED),2.0,27.5,2.0,2.0