crash_record_id,weather_condition,lighting_condition,roadway_surface_cond,prim_contributory_cause,total_vehicles,avg_driver_age,total_people,total_injured
059304464717371a8182a16cda066f30689b0d0d0829d0ab184a2b502d2359813f775253c3649170d7eff6146333c67fede5d8fd90250079ec3ed690e92cb313,CLEAR,"DARKNESS, LIGHTED ROAD",DRY,FAILING TO YIELD RIGHT-OF-WAY,2.0,21.0,2.0,2.0
059306c1573bf556d8882aa7bbf4262b59752d54f64a6736680532d011ec2ad39996a0ad0bf5df64602700e1b3bb0aa5f523d69cbe97e53716f5da5f78d3c4d9,CLEAR,DAYLIGHT,DRY,IMPROPER BACKING,2.0,43.5,2.0,2.0
0593559cb67e938bd04e614848854c62fecdc4edc9b8482e09471b8ee4c238792a75bc0b6b915d2bce952fd2ff38b97466679af1c84071da378da2ea408e61bc,CLEAR,"DARKNESS, LIGHTED ROAD",DRY,DISREGARDING TRAFFIC SIGNALS,2.0,20.0,5.0,5.0
05937b35af7b7ba5b077c0ba87bf09339a0be76d46fe363979ed3fe40cd5408a2a3f3028b534b761a02b4f771cbb763686c59c337baf3c32c31930a4b2105fca,CLOUDY/OVERCAST,DAYLIGHT,DRY,IMPROPER OVERTAKING/PASSING,2.0,48.5,3.0,3.0
0593a987e9734a72bbf213c73a52cd6ec5edee00022342b75f9e4c257ee046bfa6d98fa8cb22ae54753a81eaecd7d889503f4289d67cf0bd44d4654f24382eb5,CLEAR,"DARKNESS, LIGHTED ROAD",DRY,EXCEEDING AUTHORIZED SPEED LIMIT,2.0,42.0,3.0,3.0
0593ba57c322a58643aaf04d3ac59cd1b5f35a9f522bc250f61eb3cfaa140d99e0b12076414245673095cfca7a8f9e83e70d81c4f04bfc37393fe3db564b0d13,CLEAR,DAYLIGHT,DRY,DISREGARDING STOP SIGN,2.0,24.666666666666668,3.0,3.0
0593e1aa027dfba6ba383fdb6b27e97dabd7c4f5276becd29c7e9844a4c8eff1d55ec7137cbe886e08599bac106ed92e5aa40d09d1f447c5c8598f4cf37323b8,CLEAR,DAYLIGHT,DRY,IMPROPER OVERTAKING/PASSING,2.0,28.0,2.0,2.0
05943335059d4c0f3324c9c863eccd6c31dc015cb7e3b0a8452002c33b1f227ba663ee6c5a94a1db82a16c4cd847ef34ce213aa9187d1a63d16a554ccc511fb6,CLOUDY/OVERCAST,DAYLIGHT,WET,IMPROPER BACKING,2.0,38.5,2.0,2.0
05947bea989c5dfea76fab1973e8b359e71b790bcad305dd1765666e43ac1e249b63517bc408f091b1440b7381ffadf46f80181376834e3a18a69f8d1fb58b8b,CLEAR,DAYLIGHT,DRY,FAILING TO REDUCE SPEED TO AVOID CRASH,1.0,31.0,1.0,1.0
059483de384eb787fd8888a7b3225598dcd3b112edb245e9d902e1b4440955d2333eb2dd864b222e4d6a1f2aca322c35a853e19dea860714220a6fafcb34913f,CLEAR,DAYLIGHT,WET,FAILING TO YIELD RIGHT-OF-WAY,2.0,60.5,2.0,2.0
0594b6fe78c8a5482293133a46a52df5ff60e2931f5cd53d466ac08097b6d2b442dbb256330f569511c7f702ed6ef718500ab5b8cdcdbf2f2900a1282f5d2c0a,CLEAR,DAYLIGHT,DRY,DISREGARDING TRAFFIC SIGNALS,2.0,49.0,2.0,2.0
0594bfeea7f71b5e0c3e8f41cadec4402f5e595fa52018872196a9f871e05e94a47e5d6a70d5658d01a7d7f001391fdc10307cbe5620d10ef4ff51e17bd7bba3,CLEAR,DAYLIGHT,DRY,FAILING TO YIELD RIGHT-OF-WAY,2.0,41.0,2.0,2.0
0594c9fc326e389d151c226987cb5f148d8b2de94659b23202e1ee1c123585a44fb5843ebe304cc94703e6f91c7cdb1bbcdd3917579139a043d30d93894e8258,CLEAR,"DARKNESS, LIGHTED ROAD",DRY,IMPROPER OVERTAKING/PASSING,2.0,25.0,2.0,2.0
059514ac7a1e28c5749b5613ae771b42f889c6f0d0ef603c9beada0e18a0e1f6e453a06036f51ff6e055131cc51d092da0e1f8d358f6176c9b87bc0385ea0cee,RAIN,DAYLIGHT,WET,FAILING TO YIELD RIGHT-OF-WAY,2.0,37.5,2.0,2.0
05951ec607b3d0d98088c35b8ee28f18817442d44bcbfb8cc4125dd392c3e3df749c7b69bbc0038d1962f49d637e87ca5e97461a2e4d7fc1c53cda3e0ac8e336,CLOUDY/OVERCAST,DAYLIGHT,WET,FAILING TO REDUCE SPEED TO AVOID CRASH,1.0,57.0,3.0,3.0
059534aba754e79938879bfc9cf80f538aa874ed90fc58d3d8bfe94f4533880b0adcf1edf51d1fc6829c16bb387c8c2f6473acd32c7febce1dd5bd47909b5d79,CLEAR,DAYLIGHT,ICE,FAILING TO REDUCE SPEED TO AVOID CRASH,2.0,31.5,2.0,2.0
059545499550e77183643d548c4bde0eb09b0dc45126b528bfd748b7b5137c2023886c8ddf7b6d4abbb396cacd7c63d52f262d81e1e2ce48d557f3ac2c228708,CLEAR,DAYLIGHT,DRY,FOLLOWING TOO CLOSELY,2.0,59.666666666666664,3.0,3.0
0595966528cc8188416a02f6c93570dc1c8862bb96761b4e052a001d5722107314f3783bd02934f072ca2ea3334a440c0060e07dbb3f610d878db82bf2b64e4e,CLEAR,DAYLIGHT,DRY,DRIVING SKILLS/KNOWLEDGE/EXPERIENCE,2.0,50.0,2.0,2.0
0595a9c7ca9d854bbd89fa5ec3d2fddfb4a30aaa9798999f42912db8e00aee3e698a25cabcdaeb2d0d037ea7debf1e6afb2b3bcaeec6c6a1be3967b5e154bea2,CLEAR,DAYLIGHT,WET,IMPROPER LANE USAGE,2.0,34.0,3.0,3.0
0595db094149f47c8a975e988285ca8c6eb3373846e3006ed5dc3d2754ed195213ab31d8a23344abdd6f2ced946d1d1631e45aa7667d3cd90582dd897c801bb0,CLEAR,DAYLIGHT,DRY,FAILING TO YIELD RIGHT-OF-WAY,2.0,30.5,2.0,2.0
0595e50cf9a12d846f0a8c9e8f7837691c106ffa8e87c244ae515a3c2d3ae6f7e65279de43daddcdde2d24d03da10e7a20591aa3deba9577c551575cd5e44eb0,CLEAR,DAYLIGHT,DRY,FOLLOWING TOO CLOSELY,2.0,37.5,2.0,2.0
05960db363d0afdb9895c24a35cb3a92f313b76e1eeb8219e5a3bd98ec21723f1bba038c17d02309fcf435f43155fb67f4cf18ad2eb93adb2ec0aa47af67fe07,CLEAR,DAYLIGHT,DRY,FAILING TO YIELD RIGHT-OF-WAY,2.0,42.333333333333336,3.0,3.0
05961c74385fd59cba9a6cf8aa25b329cd80320b061b09384875590a2b8cfaa17839efe9dbbf58902dca8bbd6b1034dc0a072fddecba13e671b94ce7369e5203,CLEAR,DAYLIGHT,DRY,"DISTRACTION - OTHER ELECTRONIC DEVICE (NAVIGATION DEVICE, DVD PLAYER, ETC.)",2.0,39.0,2.0,2.0
059624bfa60740590434d0c2fd5c54e4fb98b29d83fba4e5ede1e5665ca9a1f4689fdaa4794691bcda0a2e1e804c1cfcdff3e761a1a9acc0450d0118bd1b7c87,CLEAR,DAYLIGHT,DRY,FAILING TO YIELD RIGHT-OF-WAY,2.0,28.0,2.0,2.0
059627d62c6e05f27216a94aeb140ab8a0798c521df6279c00d392465a4796bcbf56c9797d1f38f7139f8a04ee0a8abeba370ae25d65e97ce321678c774ba20e,CLEAR,DAYLIGHT,DRY,EXCEEDING SAFE SPEED FOR CONDITIONS,2.0,22.0,2.0,2.0
059627e81886b275fbd102c3a209c4c0140f21c2aa3d736a078dc9164284674a2848e378e03ebf584ff7a0b548460daba94ab5a3c3dcc94dda8ffa1c7afbfc12,RAIN,DARKNESS,WET,FAILING TO REDUCE SPEED TO AVOID CRASH,2.0,62.0,2.0,2.0
0596374d41310e21eff57737efa9ac4149091d6f78af0700b86cbf7f456c9febd5daf5c22b30bfee71b80adac97001101252af8eba90347a5ffa14db88de7705,CLEAR,DAYLIGHT,DRY,DISTRACTION - FROM INSIDE VEHICLE,2.0,32.5,2.0,2.0
05965b2791a30cbfb6d2bd24a91b69914ebfaacf901743d9166710e33fbcf1b20ae2d7152aeecba452a800a37f1ada4027cfdf096ba277641206cf63287b1353,CLEAR,DAYLIGHT,DRY,DISREGARDING TRAFFIC SIGNALS,2.0,36.5,2.0,2.0
05967917b975f400498adccee18af3e269d673f4a1adc6188197672b30b103430d99d95c0fd0c50de932d50b5a5b98a932d78abcb5625d128d2197e01ad9da61,CLEAR,DAYLIGHT,DRY,FAILING TO YIELD RIGHT-OF-WAY,2.0,39.5,2.0,2.0
059703900cc07a218d52e0e5d6d2072f33e8c7417aaa1b49b667ff7b69482ddd6d3e0a7c284b20af2df16fd08df8ab4918a19229a5b58c70dfef9ba51b4dcbf3,CLEAR,DAYLIGHT,DRY,FAILING TO YIELD RIGHT-OF-WAY,1.0,29.5,2.0,2.0
059704d732838ec9da0073619918130695cd8feeb0860afbc5191f4b3651dc774aeb482d94cdd4977549b7f8995f9f50f53cadf33b72459af1b0a92265b1c608,UNKNOWN,UNKNOWN,UNKNOWN,IMPROPER BACKING,2.0,37.5,1.0,1.0
0597271a53fcbf747e584d8a4ee603cd06ea564fe60505779f113816c0b5c588757ec23eb15bd8d6bfdd35f9306cbf19eb530c25e286cca378092182f65e2b44,CLEAR,DAYLIGHT,DRY,FOLLOWING TOO CLOSELY,2.0,39.5,4.0,4.0
05972d8394661fb2e627183c131790e9905b5aed695b448c72d17cbf8efb1246e5539193403bcd82b096c40694f9cb46c6efd2af20e638030443189cfeb17de0,CLEAR,DAYLIGHT,DRY,FAILING TO YIELD RIGHT-OF-WAY,3.0,50.0,2.0,2.0
05976f7eeafdbea43b4272f2af759bc4ec054cd4334d01b96b84abcfb999a8641641a0c31fc6a72b0533cb9491cbde2ee91302937d6b55cabf391b9cd92036a1,CLEAR,DAYLIGHT,DRY,FAILING TO YIELD RIGHT-OF-WAY,2.0,30.5,2.0,2.0
05977c0cb5549b694c90203afd032d64b4969c6fa26584ec92e83f0e1e4229b82d11169519a2714c4c31450f73fe863b64da79f6d42228c7feaef37f3c543780,CLEAR,DAYLIGHT,DRY,FOLLOWING TOO CLOSELY,2.0,37.5,1.0,1.0
0597ab5d6247bcee91ac1ffa78961f9416e8845bb2788957a19afd8dc6100b261778b2801afba298d6f0b774d48798e405ad0c89aad9bc6aa5cbf814b02c028e,SNOW,DAYLIGHT,SNOW OR SLUSH,DRIVING SKILLS/KNOWLEDGE/EXPERIENCE,2.0,22.5,2.0,2.0
0597e350f0901d14aa06929e5b39ccff96c753355072c525ca90f4c52d2506a54704d97f37062ef6c39083c46f34699fd08897d682ac9186db33afacf5ad6fdc,CLEAR,DAYLIGHT,DRY,DISTRACTION - FROM INSIDE VEHICLE,2.0,38.0,2.0,2.0
0598084b9b9c273599563ce26286c06e75759322872f07bc0f2aa77b16841626d146e30fd01f150ec61dba886cc5074a3286a03d2320ec78901d7f2099237a6e,CLEAR,DAYLIGHT,DRY,FAILING TO YIELD RIGHT-OF-WAY,2.0,37.5,3.0,3.0
05981a9587428384dbc7652cbe51fe812937510789e43cdbbbd5aed233d84d1df453db235ac5fc7e2ff4c758895205552a6b7b1990bcefdd7c41c34c9516a351,CLEAR,DAYLIGHT,DRY,IMPROPER LANE USAGE,1.0,30.0,1.0,1.0
05983c80afe360aa6fe0d636d0138f0fd9113c7d4f722e0115682cd655e8437ccd60cad35f475b57caa48a1cb3deaad31c631304f5724c4d19ce74ecf7bd2697,CLOUDY/OVERCAST,DAYLIGHT,WET,FAILING TO YIELD RIGHT-OF-WAY,2.0,33.0,3.0,3.0
05984c07dd7a68b5a54a126061c5a3d2859b3c1ba54fc3e5fe313cfc02b13d0e80a3e8962db8bc6fc13fdcae81641ebbe4b0083d8da92a97d49e9df77f589b33,CLEAR,DAYLIGHT,DRY,FOLLOWING TOO CLOSELY,2.0,37.5,2.0,2.0
0598cb90d1f1831e0a0f2d23d676d1011f945f962a33febf27356867e87bb3c5db1a69d36a6bc763d716f5707c92cc14b0bb31260c0a0c15021756d3277672a1,CLEAR,DARKNESS,WET,FAILING TO YIELD RIGHT-OF-WAY,1.0,26.0,2.0,2.0
0598ce8447280e4024e6ba953ce9194911fd0c8f79fba13794234759dcb177123b7d365ec66fba0ded99b747cd8e1e8b2cb50e0d1792961741a53b15b47e27bb,CLOUDY/OVERCAST,DAYLIGHT,WET,FAILING TO YIELD RIGHT-OF-WAY,2.0,45.0,2.0,2.0
0598eacbdbac4624e5bd3c513f65dc6f621ab0951d848f2e80c9e45c9a062cf5d5414d995adba1b42515963ac082cfb9e3bfbb288b7e1f8d850177b429193fb1,CLEAR,DUSK,DRY,DRIVING SKILLS/KNOWLEDGE/EXPERIENCE,1.0,27.5,2.0,2.0
0598ed561a22bec83df365f0856a6eeea0f0b2ee0de1687eef917c895785f1937f0f5042b921f7cd3dfc2651d1660796e4556eb120b76809e98f8c184e67aeca,CLEAR,"DARKNESS, LIGHTED ROAD",DRY,IMPROPER OVERTAKING/PASSING,2.0,43.0,2.0,2.0
0599322ddbea4d312ef65f501cb3a6044305c82f4f85871c4e90c56fb4b71e8b6fb0c31371ecaeb4480985fabc55346d6841caa833a8bcbfa62c80ebc87fbf5a,CLEAR,DAYLIGHT,DRY,FOLLOWING TOO CLOSELY,2.0,47.5,2.0,2.0
05998b6fbe2af048c590743e3a488625dfe7ce05caf9f204b4a960b1fc7abfc5c6c1b83a13f042c156cdd209e1ff72331c0db439293ae5e52ae3385237935f63,CLEAR,"DARKNESS, LIGHTED ROAD",DRY,IMPROPER BACKING,2.0,69.0,1.0,1.0
0599969c7fd5fea180a52a36e4b5ed2df52638c8059a853ca1f498d02bfd50a098f12f6216da6495fa8b26fb5a14198f82361d850ab2ab374ac62465af6e4f40,CLEAR,"DARKNESS, LIGHTED ROAD",DRY,EQUIPMENT - VEHICLE CONDITION,1.0,33.0,1.0,1.0
0599a4191dd6e511c3c86b28406f195ce17c7a34f39d1af57c146a5a8c8a30f5aa3508c35f796eedc47f8c0bf68f51a367616c11acc871f5824840a294700b75,CLEAR,DAYLIGHT,DRY,FOLLOWING TOO CLOSELY,2.0,36.333333333333336,3.0,3.0
0599c04b135e114476c0fb44f88def4aeda6b1d6863e132b3bdad96d787828db81d88d23c972e2a200af5bcb6d5992b182f7b845ac813d366e5efe196a1617c8,CLEAR,"DARKNESS, LIGHTED ROAD",DRY,DRIVING ON WRONG SIDE/WRONG WAY,7.0,25.0,2.0,2.0
059a0e12ca28a8fd39092c895142264e7c595e82077685d54c8c75ab8b27bdc911ee367e19fe8636f1f3f33087ec3a3bbaca62ae6807413f78a0d755251b3038,CLEAR,DARKNESS,DRY,IMPROPER LANE USAGE,2.0,42.0,2.0,2.0
059a26975bdd256a8f6f85eb162fcae2b010855edf8ce89f59a5d709eef1110d62243320e6367457a03572b190343d3098f1c8c6a3fe5fc3f09b8b2b5766759f,CLEAR,DAYLIGHT,DRY,FAILING TO YIELD RIGHT-OF-WAY,2.0,39.333333333333336,3.0,3.0
059a51da9df55c7c1adb99885cf29d55742f469c7f27be6d0678aac4ca21a28762ff80ba226caf68526a174977f30ff19fbac7c4f8defd465481886b8b624da9,CLEAR,DAYLIGHT,DRY,IMPROPER OVERTAKING/PASSING,2.0,46.0,2.0,2.0
059a5fc3a4d7316c9e1e8c18ced1814732da74732f0e63270f849afbc1c65a4320c32f1cdef99dd8307236ee7bb29a0b53678bc5358dfbb2eace9cc1cff1d379,RAIN,DAYLIGHT,WET,IMPROPER TURNING/NO SIGNAL,2.0,25.5,2.0,2.0
059a614baaa4b33fe49d2a34a3d234025413df09ad20b2606d9b6d60f0dd2dc276f75175b87e9c95a00d434a03845129c023978733cfc9240ae30776d71a5bc2,CLEAR,DAYLIGHT,DRY,FAILING TO YIELD RIGHT-OF-WAY,2.0,30.0,2.0,2.0
059a7122160eb9e5778bb047a7d0972a48e39da3390c2d5aa2891c23eb2d2ad3734b7bd370def68fb99be1f359bc5359db2fa28bf6e68c5ec3441fb27202e4b6,CLOUDY/OVERCAST,DAYLIGHT,DRY,IMPROPER LANE USAGE,2.0,37.5,1.0,1.0
059a84778a6a9f78b3d53b758018713c91abb97260dcf4aa11994b8d928f91c7b5e50b4f956bcf57d33c85c680e1db0c8d8f0a500ca246158019b5dc4af454c4,CLEAR,DAYLIGHT,DRY,FAILING TO YIELD RIGHT-OF-WAY,2.0,23.0,2.0,2.0
059a8f8fd92afb323cc1ea67e7744101313dc831676515d0c689baa54f0b9779e7102f9680791b4bd5d4e4c025f6f0b7eb184403cd1e4d6682214fdc80eae8d4,CLEAR,"DARKNESS, LIGHTED ROAD",DRY,IMPROPER BACKING,2.0,37.5,1.0,1.0
059ac817009d263a3b19767a168a6d57b9aa04b70cc1ad4aaef277d52446ba092cd5510bed56107f1c5a1aedc9282e70cf2499b5a7e3585fb21e211e75c102ba,CLEAR,DAYLIGHT,DRY,FAILING TO YIELD RIGHT-OF-WAY,2.0,62.5,2.0,2.0
059ad758937807ccaf0028f28b768738a452f5b0b4ac8fd82c942eeedff9cb58d3497308f9e4a75e8e7864bbea5614b5d22d7ec76091b2493727c85ce8f539da,CLEAR,DAWN,DRY,FAILING TO REDUCE SPEED TO AVOID CRASH,3.0,56.0,1.0,1.0
059ada940747098b0bdce3709ec097c6958bd875b05ee1929f829e57755af9b8daad53f62c00de2427df99c58e4fecc2cf9b796ae25a6e230b63cb3adadb7574,CLEAR,DAYLIGHT,DRY,FAILING TO YIELD RIGHT-OF-WAY,2.0,49.0,2.0,2.0
059b44fd18fcb15f0f1eee81f0dce263c0aeb84c539ced121834421b9e0c28e596e6a0938ac2d8bc3420b61f5995eac176db3f5cc205fa6f7f4a27296ce9c433,CLEAR,DAYLIGHT,DRY,FOLLOWING TOO CLOSELY,2.0,37.5,3.0,3.0
059b4b2f0bca173e4a31ed0a7f5f84c49f5cca25aef3d6adf231ad7e1344def566b7c140057b899763c4074a78f579fad9be639efc995b34eb2ff2e9806e7b6b,CLEAR,DAYLIGHT,UNKNOWN,IMPROPER TURNING/NO SIGNAL,2.0,59.0,3.0,3.0
059b4e305ce68152ab59de81e57bf64e13c298129b5378b5dc28c45adfb287a352d5f6cedd64cda3e9ebbdf41d84df68503586f22ee62e7b709d0332a34001de,RAIN,"DARKNESS, LIGHTED ROAD",WET,WEATHER,1.0,21.0,3.0,3.0
059b634b2a5d68bc150b97cc5931c62b685a44e7bc6d3853a6e9cb54fda6cfa78bc00595ce94fa32677b2593ee1270fa31c0d4ad713c615534ce5f09d1ea41b7,CLEAR,"DARKNESS, LIGHTED ROAD",DRY,FAILING TO YIELD RIGHT-OF-WAY,2.0,31.5,3.0,3.0
059bbe8ed04fb0b0be4338ed5d95fe3ab7a1a30d9b514ab1e79cc529fc7998e3bc75569960de0a9709660af84df82a946025da33647b152ab2078efb463e5ac1,CLEAR,DAYLIGHT,DRY,FAILING TO YIELD RIGHT-OF-WAY,2.0,17.166666666666668,6.0,6.0
059bbedb1a7819e7063f013139aebad94aa5c4ba32ab4bf893c8ac5e8274fe8e639a908e75c78360169db67b0002a21b943818e8490fca0250fbd0d17c62a639,CLEAR,DAYLIGHT,DRY,FAILING TO YIELD RIGHT-OF-WAY,2.0,28.5,2.0,2.0
059c091c133805e9c99c26b0cf52104ffa506ac4bfc63b234242a7990b9d3e022b734a4081aeff88c170e60e362efbfc07ccb4eafc1fb394734abea1efc5ca24,CLEAR,DUSK,DRY,IMPROPER BACKING,2.0,31.0,2.0,2.0
059c56a6cf3238066e9684db8f064652640d7aa6e03f23191d3db461c4bca1eb88cc6b0f04ebff23ec6b142f56fe739fd2b0ea395d5655402fde738de4fe63d6,CLEAR,DAYLIGHT,DRY,IMPROPER BACKING,2.0,54.0,2.0,2.0
059c93c155fdde97bfaf05028c6e519fc817cbd5573517ab6a246e1ce92eddf5668bdc1349b7d48f3d59c688174548a55c6059f51d44a81ee53f047cc835b868,CLEAR,DAYLIGHT,DRY,FAILING TO YIELD RIGHT-OF-WAY,2.0,32.0,2.0,2.0
059ca9ea9aee0d495824e9ad32551b149732f7300e671e176e0264663be5d1631103cde732998094deeb682b7a860f51691b06a2321ff20a23ec1e09f93c8955,CLEAR,DAYLIGHT,DRY,DRIVING SKILLS/KNOWLEDGE/EXPERIENCE,2.0,35.666666666666664,3.0,3.0
059cadc50010653c522b4b822fe4f02b1918fa295d002c254c3c22976ad13c6f8772c382ed4952b68a87516e874ead043e2e0ad43316e0266b96a51138093abd,CLEAR,DAYLIGHT,DRY,FAILING TO YIELD RIGHT-OF-WAY,1.0,24.0,2.0,2.0
059cb2246bb51ff984c443277f6d78ea5ad70b72bc35203b7059354a0c61ee047bb7182c5f6c453674bba1c21caa93bc6810d4a559f1f6f0aea08eae34f6af39,CLEAR,DAYLIGHT,UNKNOWN,FAILING TO YIELD RIGHT-OF-WAY,2.0,64.0,2.0,2.0
059ccf49f79ab124e95fcf347cb8d9f37b9d950f57c2802ebf4d6ed85c1cd9d4e5d5663f2d6cbf416b0917b8eed08d35d65ba323fe643da9d59ed18eccb73459,SNOW,DAYLIGHT,SNOW OR SLUSH,WEATHER,2.0,36.5,2.0,2.0
059d044ce58bb0d6446387a2a07e65335a186e08790187fe4f1aa70066b7194557f9d2a7fcac4cb396413216a475b1cdc15711c609bd5e53d6aab7ab52c070ad,CLEAR,"DARKNESS, LIGHTED ROAD",ICE,UNDER THE INFLUENCE OF ALCOHOL/DRUGS (USE WHEN ARREST IS EFFECTED),2.0,28.5,3.0,3.0
059d17e07b98e3d039f34337882a9aaaf34098f2596dcd15480b6e5318fd218dfc30177bf682c95177c80cca273d846b2d8a3da2ca2738abf96b5aff0e146d38,CLEAR,DAYLIGHT,DRY,FAILING TO YIELD RIGHT-OF-WAY,2.0,57.5,2.0,2.0
059d23079b6e95ddabb1d5028730c75e9bc4a867f607ba4c28e67fc997d935ebd691977b7875abf9d9a7e7112fc26c7f1c1622fd67a0a57bb88473474a48601f,SNOW,DAYLIGHT,SNOW OR SLUSH,FAILING TO YIELD RIGHT-OF-WAY,3.0,43.333333333333336,4.0,4.0
059d8475634df55ec5c2658d9f3c2ff564ea30fe6917c1c2c51fa42cf0d354186063892c2045ae3f589281d70babb4546a796f7fd16798357efb2994ceb31cf9,CLEAR,DAYLIGHT,DRY,IMPROPER BACKING,2.0,41.0,1.0,1.0
059da3917e29b783d965eef939fd1fa833593004f306d0e019f39caf42c3e0e1502d347448fc758f3b562dd7f1c16ee8e26c0a3ef72d6caee30b5e743595880d,CLEAR,DAWN,DRY,IMPROPER BACKING,2.0,40.5,2.0,2.0
059dc9a280fd75facfd9812547fccbebc6733a9a7229ca6bf75abe13358eb0b6360c968be29446ccdeda1116e84047dac8a12c9a17a925f6170380a17e165570,CLEAR,"DARKNESS, LIGHTED ROAD",WET,FAILING TO REDUCE SPEED TO AVOID CRASH,1.0,37.5,1.0,1.0
059e11c1017169f21ef79cbed06c9b9fe8eec873eecec42a45166dc74b9e46f226ce7fe592b6ca0166d012afb7256f601f8875cbc2489c7758b1edf688d4a800,CLEAR,DAYLIGHT,DRY,FAILING TO YIELD RIGHT-OF-WAY,2.0,33.0,2.0,2.0
059e6ea0786969aac9001e84ba334ac67bc22e965ab145353f60f0a7c82a778f8fdb42a5880555a1cbd1883c878839f5513978428628a16d392c3db94c171004,RAIN,DAYLIGHT,WET,FAILING TO YIELD RIGHT-OF-WAY,2.0,46.0,2.0,2.0
059e95064a96c7ecea2a77247d367dbfbfc36a6e7da1931dd539d50f719376380904700a816a0bceb60871242660f84a3ff02a32086db3558c494707c3b761d4,SNOW,DAYLIGHT,SNOW OR SLUSH,WEATHER,1.0,36.0,1.0,1.0
059e9df8b535975ae3fc8e6ded41b74a7a9532e75b7114755845c7760710aaa05c82a2da0fa5216d390f9c418b0005881c2ae5d0b887c4d7b7e503bb49ebe7a4,CLEAR,DAYLIGHT,DRY,FOLLOWING TOO CLOSELY,3.0,19.0,3.0,3.0
059e9dfa9650de1ff8769f2de2f42fcf39e015efe54a2f8494c80008424b76b1f04d89a7f448fb2711a804dfa76edade79e90aee85c7bfcd8d578a93aea3bf81,CLEAR,DAYLIGHT,DRY,IMPROPER BACKING,2.0,53.5,2.0,2.0
059ebfcabc571e55f6c6f7ab91b808155766e04323ff4d70ebaa44c75269d168c5bc163966b4542e07fb1df96df141adaf2089ab47012a60dcba7937f484a324,CLOUDY/OVERCAST,DAYLIGHT,DRY,"OPERATING VEHICLE IN ERRATIC, RECKLESS, CARELESS, NEGLIGENT OR AGGRESSIVE MANNER",2.0,27.0,3.0,3.0
059ec9273b101de257c571d560d2401a21a75d0e9e597c400cf5c853f89bccfdcbf13d571a0d55f529fede35ae031aa139122a7178fc88ab32cd7d877b6cbca5,RAIN,"DARKNESS, LIGHTED ROAD",WET,IMPROPER BACKING,2.0,0.0,2.0,2.0
059f10d0ee79475f31b92302e724c09906f69b3f617520801ba45addd265bee8b2d03cc33a9ba7ab93fe1219d487abf42d010ea442f47ddd3bd46250eb29377d,CLEAR,DAYLIGHT,DRY,FOLLOWING TOO CLOSELY,2.0,41.0,3.0,3.0
059f495726590f414e9705a9524138eeaeffab00a973522d70be917a6bd6b6e89904025a80b4da11aeb8a15f47f3cdf1114591ec256a730ab339b0cacadbfaf6,CLEAR,"DARKNESS, LIGHTED ROAD",DRY,IMPROPER BACKING,2.0,27.0,2.0,2.0
059f7c5e78131ea8469cb2c7455cd93df08610d9f0c4fa8e2b75fe9c6cbacc1764239b6eb793c23b40a8486f4d800627cee4cf008d96c0f6e9befc384981591c,CLEAR,DAYLIGHT,DRY,FAILING TO YIELD RIGHT-OF-WAY,2.0,17.4,5.0,5.0
059fa9a14b1e5fbfdcedd731784666e08e3edded10a79b8a727394a08e0543ae7a784e13a8f2bec3c5295eacac1d505a8d919e387ebe50b0609f30c68a120693,CLEAR,DAYLIGHT,DRY,FAILING TO REDUCE SPEED TO AVOID CRASH,2.0,27.0,2.0,2.0
059fcfc21b6ae41ee5bdadf9c218b91cccb408147190565903ea3035b80c5f6f5af2f0ec34c042bad77068519d44d2c2157d1ff1d0f754088935af41bac86617,CLEAR,DAYLIGHT,DRY,FOLLOWING TOO CLOSELY,2.0,49.0,1.0,1.0
05a00f0368c81a35774d2aa5c6216258307963304dd94a68c681ebdf2fde71d4cf1f63cea60eaa63bf980e484d9675f0047a8198787ec6101663cf6c97022cd0,CLEAR,DAYLIGHT,DRY,IMPROPER OVERTAKING/PASSING,2.0,41.333333333333336,3.0,3.0
05a01ca28bbbb3e9cfe9350ba615870ce5c0fa44886bfd6c9a9fff0a650d3afc9a631b8f3bc8df05976710735218274e1e579e10fca706ee2a3cd84a98172db3,CLEAR,DAYLIGHT,DRY,FAILING TO YIELD RIGHT-OF-WAY,2.0,41.333333333333336,3.0,3.0
05a0a1d04645c26b2d7a43cd6de228f7e52dcf01bb4851034fdd8ee839bb172597b1b7b1d70aebc88046149aac90827c2b7a4ef5bd524383dd057f9452010ef3,CLOUDY/OVERCAST,DAYLIGHT,SNOW OR SLUSH,FAILING TO YIELD RIGHT-OF-WAY,2.0,55.5,2.0,2.0
05a0a1d824bcfdd110ec7c9d0ad341687cc5ae84f42ccda380c51ad3b340bbbfc07edd038b076093b623214a79ff91ed4afeb25a4d60d845a99b048e49170dd3,CLEAR,"DARKNESS, LIGHTED ROAD",DRY,DRIVING SKILLS/KNOWLEDGE/EXPERIENCE,2.0,39.0,1.0,1.0
05a0c42ca43bdbefe71f8682b83e7e20b387615f9e2645a06e42c5667caab457702fb7ce8f6a5abb53ca0337d22bdacbe6140fa08d158535bc55524a4c7ad4f2,CLEAR,DAYLIGHT,DRY,IMPROPER LANE USAGE,2.0,52.0,2.0,2.0