crash_record_id,weather_condition,lighting_condition,roadway_surface_cond,prim_contributory_cause,total_vehicles,avg_driver_age,total_people,total_injured
05a0cadd38f69acfdf065b142b5ce72d1a886ffff49557968ea0ae333deeb130f79e0195b7d5adc5fd211b1e5e69db21ffb93a2a83869ec6cff441a43ee92f1d,CLEAR,DAYLIGHT,DRY,IMPROPER LANE USAGE,2.0,35.0,2.0,2.0
05a12e21fdeb02879e4798e658f0855a6e5594472984a129b05b9261b82a06b04859b0b38b6ea6afe304ed6a9cb37e3c95a70dcabb500891bf4c8db267dc5b85,CLEAR,DAYLIGHT,DRY,FAILING TO YIELD RIGHT-OF-WAY,2.0,32.833333333333336,7.0,7.0
05a1401a8872709de0a17af0e8fa28a130e687fc52009b6fd84e7b670957d1e9fc39c413d12e7e377b10cdd7e5f1f36019e21e35432660bc3fdc0d5eaec5633a,UNKNOWN,UNKNOWN,UNKNOWN,FOLLOWING TOO CLOSELY,2.0,37.0,2.0,2.0
05a15b7174ca17cf41f6c272d6b66ff85f73b92a579deea0edfa0da31c97de6713c8fb3b5f410c448ebb23ca4f568628d8fa19dd365dda74c4a11e53e282c3b0,RAIN,DARKNESS,WET,FOLLOWING TOO CLOSELY,3.0,21.0,1.0,1.0
05a164836e44c0372dafc35c58b0af06aae4bbcbea9d72aa0e2c44130689eabf955d182d3ca85ca9451631ee592b544822b5c3bc09d7d4acda2dd7daa53466de,CLEAR,DAYLIGHT,DRY,FOLLOWING TOO CLOSELY,2.0,37.5,2.0,2.0
05a1ba301c6a67e6360cdf52c4bd1b329c5ae0028f3541f487e8793743bf7aaa2d1a84d89807f17a7e17ebb57cafc455c39ff2c14299310e0ffd457b93ebb6c8,CLEAR,DAYLIGHT,DRY,IMPROPER TURNING/NO SIGNAL,2.0,27.0,2.0,2.0
05a1f0ff577252516ad787df7f93971fc953a163aa7191edd432bb51125b959bcce9ca10366cb6fa088816901204f7ef5fcd74dc1531ae17183733bff7fc8259,CLEAR,"DARKNESS, LIGHTED ROAD",DRY,"OPERATING VEHICLE IN ERRATIC, RECKLESS, CARELESS, NEGLIGENT OR AGGRESSIVE MANNER",1.0,37.5,1.0,1.0
05a1f82b36809277d1e7814a22fcd552ce678da5e1f5f1b933e03c36dce6820798451a4016828fbc13b4e8282d9db4b035ce14c4cfe8c6e79bc172da06d79da6,CLEAR,DAYLIGHT,DRY,IMPROPER LANE USAGE,2.0,42.5,2.0,2.0
05a209c1b99c9252d1bc730119313823d0a4f47753e1bf3713cb59716d9f12c6064732d8dc85c501d931ce06072b92c303438eebf8219fd6c140411775cf9a36,RAIN,DAYLIGHT,WET,FAILING TO YIELD RIGHT-OF-WAY,2.0,28.5,2.0,2.0
05a211d78e4c81a267abbb5e9bc31590a63bd4ded6da7b639e833090ae0e83c69c7a5151d4b5b5c3dbffbe8f3ab91284c22049a06e2f3fcc1059b18501e82927,CLEAR,DAYLIGHT,DRY,IMPROPER OVERTAKING/PASSING,2.0,52.0,3.0,3.0
05a215bf493f34b37ba5b1c5aabfa3da86083a5b41dad61158d59fdb598953aa881f949331ecbf04721fd048cf65ac88d34bebcdb4fbb2abbebb1f9859525421,CLEAR,"DARKNESS, LIGHTED ROAD",DRY,IMPROPER TURNING/NO SIGNAL,2.0,50.0,1.0,1.0
05a22b4baa3056a2fb7f28d54730bc1b62632bc224aaaf20b3025af4ed530f0c5bb79b5e713e68b16bcee7e629dab32e422357ce627538550ef195fa913da481,CLEAR,DAYLIGHT,DRY,FAILING TO YIELD RIGHT-OF-WAY,2.0,45.5,2.0,2.0
05a2558531eb0174cb4d8ec5de92fdc94c1894b31923fdbb09f62e41a1eb3716ca641b84c64b6b5dd442cd4f1214eb061318d37154d66d03fb59056987645db7,CLEAR,DAYLIGHT,DRY,IMPROPER LANE USAGE,2.0,32.0,4.0,4.0
05a264c1c0e8167efc6f18c629a12dc4538145a373dd1de34213aac837f1002f23589d0be197008290757d53c5aa9babc5de587c0c182682e2f436a130df5a89,CLEAR,"DARKNESS, LIGHTED ROAD",DRY,IMPROPER OVERTAKING/PASSING,1.0,28.0,2.0,2.0
05a28516ebdea2c0c69088025517cd094c9658b0a514149aa070e996b2ca86f50baadbac0208fb0393b6692abcf0532f90c6599df8e9fcb86694fd9944b17162,CLEAR,DAYLIGHT,DRY,FAILING TO YIELD RIGHT-OF-WAY,2.0,44.0,2.0,2.0
05a2b9c05d17fe3487c9240ee56fc1a95fa76add5b0bfd24523a37b5dfcd26361dd5ae3b9eb7d0cf284a0d9046aecd236ae567a2a4aee8b7a98e9c14d07bcf48,CLEAR,DAYLIGHT,DRY,FAILING TO REDUCE SPEED TO AVOID CRASH,2.0,60.0,5.0,5.0
05a30ffe055e8935907fc3c3a8eac1642455519770fc8d20ac7c92cbbf1955c939a6c9340e3de9ceb1c9233db07563338f435497c6ca6ef9d4785abab4fe889b,CLOUDY/OVERCAST,DAYLIGHT,DRY,IMPROPER TURNING/NO SIGNAL,2.0,69.0,2.0,2.0
05a339653c61fc71d3a978210b3076b6da87275e7fef047da52c15baa5f42331bd8595c436f1f6105238e6ef83c44cdc36891e77cd45506aa3d6d7ce0d336186,CLEAR,DAYLIGHT,DRY,FOLLOWING TOO CLOSELY,2.0,31.0,2.0,2.0
05a3441016229b2fc79dbb693d904e1786f97944d1a55df852fa4422d51d81a4399733595722f0cebab083b0ad8ef013fc07aee1a12338f81fe2e36998e403fc,CLEAR,DAYLIGHT,DRY,IMPROPER LANE USAGE,2.0,53.0,3.0,3.0
05a345aa52294cf4e086c697d5c5745ef0367a57b12fecfb75a8a8f68c095049c90ff67f4176e016873b656983d1a30575af904572a36f056647b44b908397ba,CLEAR,DAYLIGHT,DRY,FOLLOWING TOO CLOSELY,2.0,55.0,2.0,2.0
05a3879f8e98a10938692d77e4fe06faef6700d89c17911f352040c83776ec3b4ef672f8cc098c17d6fafe6253346c5f90b8dbc3b9823da71c58df0bf3f947fe,CLEAR,DARKNESS,DRY,DISREGARDING STOP SIGN,2.0,41.5,2.0,2.0
05a3a545acfddf73e97d81b5fab418f4647335c12a7b6ee784b5369fdb0a9bf837d10f3e7833fa026d22ef5ba488168ba2b28c1617cde3439689a061bd4d5b5e,CLEAR,DAYLIGHT,DRY,FAILING TO REDUCE SPEED TO AVOID CRASH,2.0,19.0,2.0,2.0
05a3b321a8ff6e2873c9d918f8824a495cd1a962405bed9cf009702b3f512e2818271f68feacf3447ff684b0d09e7e332fcd8b0ae3b603aeca6dabd44f260aa5,CLEAR,DAYLIGHT,DRY,DRIVING SKILLS/KNOWLEDGE/EXPERIENCE,1.0,52.0,1.0,1.0
05a3c38d94bfd985bf5f6d1e3739183f7c5e156e1fdd99522b96a7ea961dcae9d860a1b74e6d30536b487620885afaabe8797aab155807a449822cfb1d58f063,SNOW,DARKNESS,SNOW OR SLUSH,DISREGARDING TRAFFIC SIGNALS,2.0,30.0,2.0,2.0
05a3fe865a2233da25bf11f1552284f5c14fba467055759f697a333aa232ec7963b7175bbfe9af8490fd0532092230d919f5e6364e7f7e9aa3d91ddae9527dd2,CLEAR,DAYLIGHT,DRY,FOLLOWING TOO CLOSELY,2.0,41.5,2.0,2.0
05a41af0d461b0b172d9122ede56b1d943fbd032659a222bcbfa8bad42f546293fd25cdaec3220ef37a41817d6944ce89129679d90e5bf50be9cdd17d9ce598f,CLEAR,DAYLIGHT,DRY,FAILING TO YIELD RIGHT-OF-WAY,2.0,49.5,2.0,2.0
05a43d0e60bfdc062be8ce665d53bb6258ef51b42f9c2fd0cc6490ba2d0e4c41646fdf9a4b9487272cd5fe722e8ebe8f390d200130fffee038ce083aef445e7a,CLEAR,DAYLIGHT,DRY,IMPROPER OVERTAKING/PASSING,2.0,52.0,2.0,2.0
05a46796eb5d135a36c38d34ee0219b11f4ed300259c594d67b1633a40abd145d1229d28c3ddf395dec4c43dff426ec722a5092aab4aaa00ff4722fb5cafadda,CLEAR,DAYLIGHT,DRY,FAILING TO YIELD RIGHT-OF-WAY,2.0,31.0,4.0,4.0
05a498c68e2213f3aa7ccecd50511e93723b284eb4835a58398b3302cbd7530def50036541d76fb6aa607a2bcfb8680546cc794ac4f1dd40b91c0371e554a20e,UNKNOWN,UNKNOWN,UNKNOWN,ROAD ENGINEERING/SURFACE/MARKING DEFECTS,1.0,32.0,1.0,1.0
05a4aaea91cbb2e4d7d2625b72a709adffb336e530c138568bde89adf02e42bd68b17efd1d512d9bf574467f9f5dbb64fca7947a423b2531ff1b886ed065c7d3,CLEAR,DAYLIGHT,DRY,DRIVING SKILLS/KNOWLEDGE/EXPERIENCE,2.0,37.5,2.0,2.0
05a5042959b331e41d51a8686bb9e67b1447d1911bb499f20c8a208f0116ceba7a4852ae6580fb1bbd02b98003b217fc19efb881461138417f44aeecbcfd5a6f,CLEAR,DAYLIGHT,DRY,FOLLOWING TOO CLOSELY,2.0,33.0,2.0,2.0
05a510f9a48c2560884890db2836f44b105a84edfbbb0bb6e75a60a35007e4cf5334b9ffe5ec63f0e2cef7d9bd989193b7ca6d0b9adeb1dd3861b1d430a4ed7f,CLEAR,DAYLIGHT,DRY,FAILING TO REDUCE SPEED TO AVOID CRASH,2.0,31.0,1.0,1.0
05a564fc05726bcf7c7fbe56a36c35b9d0f1e3754fdafbdaf1d3c6cb80f461cc06372348bc9581a6af9a80bba14b050b4e85dc3b072d7dd773a2ccc7f48f5236,CLEAR,DAYLIGHT,DRY,FAILING TO YIELD RIGHT-OF-WAY,2.0,33.5,2.0,2.0
05a566653315709b10073c06dba5bba3a42ed2adf645e7260b76e89d4a6fa6383034a5b8bcca9c736928f0303d4954d12d43975a2d9cf512c2ffce7ed2ff8581,CLEAR,DAYLIGHT,DRY,FOLLOWING TOO CLOSELY,2.0,43.0,2.0,2.0
05a5776471e7bda2223a8a2032fd9606b0527f858607d2c3921a8e133a970cd9a8ad3c646c66bfbe8d7159ac4bbb5fa4e424115c089c303008259bac8548fd3c,RAIN,DAYLIGHT,WET,DRIVING SKILLS/KNOWLEDGE/EXPERIENCE,2.0,57.0,3.0,3.0
05a580ae3cb1b763af988d092eaddcb70edefdc22edbd3f61e753343f202a7576016a2c3b6064a421af1489c942e45cb467042358931fbd699eaf80df480773a,CLEAR,DARKNESS,DRY,DRIVING SKILLS/KNOWLEDGE/EXPERIENCE,3.0,17.333333333333332,3.0,3.0
05a58172fc3a14f2748612aced0ad79622fe4d1ede12210fa3f6d664cb0c905f9d964c117ceae5b5065b579d4c8c1fa021df52ab27b0e20c09e7561611a46249,CLEAR,DAYLIGHT,DRY,FOLLOWING TOO CLOSELY,2.0,47.0,2.0,2.0
05a581f50e6131960d7b30cfa8242c48dcbf32884d5c4bb13e6417cb64ea834d00f2a4bbfb1c4c957fd5360b33baf74e5863ebe622e0e6f0fda4ebcc2643940d,CLEAR,DAYLIGHT,DRY,IMPROPER OVERTAKING/PASSING,2.0,21.0,2.0,2.0
05a59b95fcc0c50ac86823817e2c5b400beaf0821539a4546d7120b4deb0c38e8d8f03bfeceb88c276f36ed187afb40f320bb2d270a50cc08c372184a50d4e13,UNKNOWN,UNKNOWN,UNKNOWN,IMPROPER TURNING/NO SIGNAL,1.0,56.0,4.0,4.0
05a5a0fba0de412c796885d7c6c51eaef7ac2051e19a6af5df6829b1739edb685f22c43902c91a19ceb9454ab7b2b0850138d5139f1efa73c38db40bbcbcc544,CLEAR,DAYLIGHT,DRY,IMPROPER BACKING,2.0,40.0,2.0,2.0
05a5a12cc85e4c36d710655de02239247273fdeb31de3842efe438e5aa6bde295def83053f83eddf9e8ab33da28a706bb01bf7a6a92939674ffbbc227ea25ad8,RAIN,DAYLIGHT,WET,FOLLOWING TOO CLOSELY,2.0,37.5,2.0,2.0
05a5b798a35aa63486f85f405836e683e8cfa26f84730d2998cf1e64090d355408b72d7ba3794f59c393afaf5c404e8b8340def50af63a827b0f1d80b939ebcc,CLEAR,DAYLIGHT,DRY,IMPROPER OVERTAKING/PASSING,2.0,58.0,7.0,7.0
05a5c27fde28abc60f929d31aa7d094402adb1117438e8ca4b1e70044ad963f6784fc3eb1e127309cd3d685b22415bcae30e4db52f35a62dfd975424c21abbb0,CLEAR,DAYLIGHT,DRY,FOLLOWING TOO CLOSELY,2.0,70.0,3.0,3.0
05a5d83e0e576be7d16cd993b13a8ac58770d7d5c15e1342fdb587334d66bea230486bdd4e069e284cb5efd751c461d2a6e8c2f9dcb2964344f427b97eb0e7bc,RAIN,"DARKNESS, LIGHTED ROAD",WET,IMPROPER OVERTAKING/PASSING,2.0,23.181818181818183,11.0,11.0
05a5da518c244439ef9ce8ca63d6ed5c8920dcd2d88709a56519e06d7d4758bfb4782fa375467735ebf04e2b132dc20b46ab294febd3c05a4bdc2f786491a6ec,CLEAR,DAYLIGHT,DRY,IMPROPER OVERTAKING/PASSING,2.0,29.0,2.0,2.0
05a5fe81c5cacf383fed71321d1fb8413082500de674abefeb69d3911d53af157548328bd283f2e877469dabe2a0456987a6d30791c1e8872c7d6513da1a4fd1,CLEAR,DAYLIGHT,DRY,IMPROPER OVERTAKING/PASSING,2.0,46.166666666666664,6.0,6.0
05a62c985bffdfb91b5fc5250b8cbb4cb0a0647bb06387151c752e49874a403fd5d864f4f2549404b19aa5f49c8f1b50f934fccf990aba764670588a215d8deb,CLEAR,DAYLIGHT,DRY,FOLLOWING TOO CLOSELY,2.0,45.0,2.0,2.0
05a645edd367fd2caca1c358701a45e5bd6db9405f83f6a165ecf8eb3b15d6fd1b3803ca139474e21304f186e170a69ccb53932bb84cf5fc1f015f1e847d9821,CLEAR,"DARKNESS, LIGHTED ROAD",DRY,FAILING TO YIELD RIGHT-OF-WAY,2.0,44.0,2.0,2.0
05a65d5d56289b96c3ed3742db829fd46c7a50c9fb06fcae34a57e85e100592941074228038fd3833e30288096f2336bb40f326d2be2b538a7fd99ea3f545559,RAIN,DAYLIGHT,WET,FOLLOWING TOO CLOSELY,2.0,37.5,4.0,4.0
05a672cdef15e02ac72bd011c6b3e37ef46731ebd93e585251cc6d7dfca31f3fd97d620b3bacd1dcbc9f1f6405678aee1e93f85e87e1754e6555e9cfcc7dc2b4,CLEAR,DAYLIGHT,DRY,ROAD ENGINEERING/SURFACE/MARKING DEFECTS,1.0,59.0,1.0,1.0
05a6af1e9dfa083e385d19c2d29dce7d5e57ea44c08ae09339c55cd04b2c4f0f5177e05c1dcabbdcd8f5e9078fb08fb051cc87ca602982fbf8704a4b5898359e,CLEAR,"DARKNESS, LIGHTED ROAD",DRY,IMPROPER OVERTAKING/PASSING,2.0,23.666666666666668,3.0,3.0
05a6b24257d04272d75b96328263fdec1b3ed9fa3f8aae19a85751004da3f6bc76deb5df245789819d59832fb88310fbe6c78ebf7760f8a8c4cd14702294ea41,CLEAR,DAYLIGHT,DRY,IMPROPER OVERTAKING/PASSING,2.0,22.5,3.0,3.0
05a6b673db25d160ad5a7b0fa3eb20465f9b1c7d1ce39d2a9fe71daeba4ac658002def9fe6be8d86287d6be0af2e7b990d33c08c56f5de1100fcd901e7e361c5,UNKNOWN,UNKNOWN,UNKNOWN,FAILING TO YIELD RIGHT-OF-WAY,2.0,42.0,2.0,2.0
05a6b98e0a5f3474f370b026a1122b0c2cfc12eb6a37185c2082be72a601d5c2e2ec066b5577cdfe6ea696fe8a5f66bd872c4bb5b7ff22a1a5603de0ce4ebfbc,CLEAR,DAYLIGHT,DRY,IMPROPER OVERTAKING/PASSING,2.0,49.0,3.0,3.0
05a6bcfed44cca9b540224662a4556fd9f090754a062d6801b0f52b437196b920a35ff61c4641eafe614a99ccf1289b3473e69e2ddc3794d1004d9d93d25d749,CLEAR,"DARKNESS, LIGHTED ROAD",DRY,IMPROPER BACKING,2.0,64.0,1.0,1.0
05a6ecc7df8a6390cb9ebbabb6d996e6ee8cd137be5374d381504af9b0b2fec8a95ff0c911ffcda40d4c09af3354e6677440f225afe1055f1e21ec23c409a0d5,CLEAR,"DARKNESS, LIGHTED ROAD",DRY,FAILING TO REDUCE SPEED TO AVOID CRASH,2.0,29.5,2.0,2.0
05a7264534b99c9a7ff3ec3b5e5a0990eb245585a7a2c5aea896f2eba8ca3fb3c7b5351130a33955099be56aef2b589c3b82a749cf43b19ebb7777430dd26012,CLEAR,DAYLIGHT,DRY,IMPROPER LANE USAGE,2.0,37.5,1.0,1.0
05a7782c78765eea533dc58f19c20f75e7501cae5d29ec05ac7aaf64a7ecfbeea0a9e89502f520a9330be3a3e70afe91888bbea22e8706c2a30ef2d8404329d8,CLEAR,DAYLIGHT,DRY,DRIVING SKILLS/KNOWLEDGE/EXPERIENCE,2.0,14.666666666666666,6.0,6.0
05a78a5e4902214c8280357a2ae88f829d2ee7116d5a7eed929613a452dde6b5917cd2da669a924711bb2cd89ceafa6b31e413a877e3876386c1e92a6712a002,CLEAR,DAYLIGHT,DRY,IMPROPER BACKING,2.0,28.0,1.0,1.0
05a7d9f2d64d2838a2eac3e03406166442ab8c660b2823672972452f5acbd022b539080c9ab9dab00f5492f87885d66b9882a57ffc3e3153aeaf641a004e4f2c,CLEAR,DARKNESS,DRY,IMPROPER TURNING/NO SIGNAL,2.0,28.5,4.0,4.0
05a8a6d35c49187b2f15ed8fff3ca1ac4372b9311e6b7ae45c27f70c0eda12fe201dda0c31d6e63cfbaad040e2fcd479db8bc5847cf5137a8e06358d12755781,CLEAR,"DARKNESS, LIGHTED ROAD",DRY,FOLLOWING TOO CLOSELY,2.0,31.0,2.0,2.0
05a8eb5b56054fc53a434c44f07f576019e0b94ab7bcde6ecc606416ed53c1700c5dc6044520fb1b907aee67525c082b5bb3461d9596858af70314f8494e5bf5,UNKNOWN,UNKNOWN,UNKNOWN,DRIVING SKILLS/KNOWLEDGE/EXPERIENCE,2.0,47.5,2.0,2.0
05a908982df4b00af775f6ffc7fbb2b3a5bb957b8117ba3ffa9d0539819d1dece9ce5cd969eee8a178dbdc91d92ba2a339fe28dc7fad5c9dcc2c4086c15107ec,RAIN,DAYLIGHT,WET,FAILING TO YIELD RIGHT-OF-WAY,2.0,43.0,3.0,3.0
05a910e5809286dae0b9e0e1872f63f87a48bfaea634cab872c9e96bfea744801cff1df935684ac1901abc7d5073bb5bf4ac2819d09650dafee996bca24af891,CLEAR,DAYLIGHT,DRY,FAILING TO YIELD RIGHT-OF-WAY,1.0,41.0,2.0,2.0
05a91e86969c34812b9db8ad7e279db11133ee9a3074a1195715a1fe5424163ef66295d985c3e9d7bbf75a582b614ed57af4294eb2e57c4cba497d98400d69dc,CLEAR,DAYLIGHT,UNKNOWN,DRIVING SKILLS/KNOWLEDGE/EXPERIENCE,2.0,50.5,3.0,3.0
05a9203c05a7428c2a41121d8bf1bb3b11787c5d2c812c9347fa9cd18f6c0ddc90ef54c0c2175d63702273c58f00410fa29517475692dcb657c448c1fe2c8375,CLEAR,DAYLIGHT,DRY,FOLLOWING TOO CLOSELY,2.0,49.0,3.0,3.0
05a9261a6d44018fd2557b9f41c6e41a4b4ea9fae51f7e1e96e3d27f9ebd5cce06de6efc33b72f7b1aac19b75ebe9ac67576aa433c1118ef1f57fd8d72c44645,CLEAR,DAYLIGHT,DRY,FOLLOWING TOO CLOSELY,2.0,30.5,5.0,5.0
05a93310f8e2e6a8c1bcda6752e3f75dcd3dc4fd8514604b1f4baa6ca611e690090e1e5fd98be55cf42e2378509fb8e0857ae79203b983fdbbbedc171cd3d411,CLEAR,"DARKNESS, LIGHTED ROAD",DRY,DRIVING SKILLS/KNOWLEDGE/EXPERIENCE,2.0,36.333333333333336,4.0,4.0
05a948c9514bf7a612268506c83825271d3fd790f2e8fd43c670afe552fa9782ac5547d4e73acf9d88eaf1fd433b1bcbc28e6870a03f7ce50a4965c4ae437efb,CLEAR,DAYLIGHT,DRY,FOLLOWING TOO CLOSELY,2.0,35.5,2.0,2.0
05a975c4c87970acb72abc5db88565d15a37fa0297ec17778bedfadc9e8a2e57a40d76b2af9a3fb6c00e91a83b2d8a71af91f85169fd1d460ac0adf2a74756b8,CLEAR,DAYLIGHT,DRY,FAILING TO YIELD RIGHT-OF-WAY,2.0,50.0,2.0,2.0
05a98a27d0b2ce723b79bd7b175104216002d0d69fa2e0e99bde35233f60e3fbe37291d87bbc2a0bd3737cdfb31ed6df310cf4240924c0367b5c2b2fd89bc94e,CLEAR,DAYLIGHT,DRY,FAILING TO YIELD RIGHT-OF-WAY,2.0,58.0,2.0,2.0
05a9bbc2ab998507057fcd823716d6cd531c399da1970a3d45defd96f733f943892e439e1a8cdb221d2ef239d30c20e9b001b8db742a4624b6d99cd21124092b,CLEAR,DAYLIGHT,DRY,IMPROPER BACKING,2.0,37.5,2.0,2.0
05a9c5c6ab19f092cd1477140875cf33cc6f157c7611688eaae62e993c522ff619ea5d71c967b86b8db36145b7be667da4b1297fcd2965d65ab388274fbdd6d2,CLEAR,DAYLIGHT,DRY,IMPROPER TURNING/NO SIGNAL,2.0,26.0,5.0,5.0
05a9db90ebd83cc03467519ef6823140af4bd6b83f6afce2dbc4aa7dcb895c79cdb594ab44b19061d98c219da3f09bf9e3cf88fcdea910cbe02232928f4d20ba,CLEAR,DARKNESS,WET,FAILING TO REDUCE SPEED TO AVOID CRASH,2.0,34.0,1.0,1.0
05a9e64e57eab7e82bd018a60643750a000bde73c188e0f3529cda667056437067c1e64432626d8e578f3ea462f0049c139b95ff8e848ce8c4546f54fb5f041e,CLEAR,DAYLIGHT,DRY,DRIVING SKILLS/KNOWLEDGE/EXPERIENCE,2.0,37.5,1.0,1.0
05aa0fca3cbcf8b054750e75c596874e2dd0042d85c7c81bec14bc5157c4357f293ab23312444c7f64859da1d90a5d24a498d8960185c52377ba54660db18e71,CLEAR,DAYLIGHT,DRY,ROAD ENGINEERING/SURFACE/MARKING DEFECTS,1.0,63.0,1.0,1.0
05aa135952c074fed0b937c28cdaa77538f1ef204013daff953c63d8d725cdce1b895bf5ac9bb0ec8085e254db0026258be0cb1e70a9c8c909bf9cbfa013b723,SNOW,DAYLIGHT,SNOW OR SLUSH,FAILING TO REDUCE SPEED TO AVOID CRASH,1.0,34.0,2.0,2.0
05aa6cc1177101d4c69b19bba09afe495c48718d8014a57c29fa487490707a962d535421d1797378a0546ae120e1d3704adf2e1168044d924314a37132353a38,CLEAR,"DARKNESS, LIGHTED ROAD",DRY,ROAD ENGINEERING/SURFACE/MARKING DEFECTS,1.0,67.0,1.0,1.0
05aa6e8e75db9619735211f9e57e9621ea66246a2a231d41c36bc6b194f4f6a17dd75b8bd49fc71dcfa7a263e67fd69f1667f156f9e827e4e4bdf74403e88770,CLEAR,DAYLIGHT,DRY,FAILING TO YIELD RIGHT-OF-WAY,2.0,27.0,2.0,2.0
05aa78ca6fe79b3fcc3e5e6097c591e55da50751d81cde3412da1d06d835dbff8bdfdcebf1676b8cb687bf70ed3ea5eebcd74fae38a4eb09d675187b93f81d40,CLEAR,"DARKNESS, LIGHTED ROAD",UNKNOWN,DISREGARDING STOP SIGN,2.0,25.0,2.0,2.0
05aab80f1fa9fe1777217dafda81ea98c97cbca124afc617a156c42cec83d605a65dfb135fc1857ed5baaba90cd62750816d0822f0b7697d052fa28f635bf3f8,CLEAR,DAYLIGHT,DRY,FAILING TO YIELD RIGHT-OF-WAY,2.0,31.0,2.0,2.0
05aac0158fd8e601bb9897b8ade6734895ee70bf33aa0c59409dade873f1f296e09f4e37ecc95eecec801ac83adacb5f18cbd23939681da250d0107f63be55cf,CLEAR,DAYLIGHT,DRY,PHYSICAL CONDITION OF DRIVER,2.0,37.5,1.0,1.0
05aac6ee41cf24d40eb8bdb20ffef51f43f46c15b7b17a0f30844d4e8570ddbe1af7c7b00583d4854d94994cfcf681905aa69cc284e0161b36e0c21f99694d26,RAIN,DAYLIGHT,WET,DRIVING SKILLS/KNOWLEDGE/EXPERIENCE,2.0,30.0,2.0,2.0
05aadab2878cf3a968078bf30c1db0783de9ef9d6c7ec5b5de7fe6629759d57298864142b2e5de13e7c0cfe7188c82d5cd9d7a0aaddbb135424fbef101d98caf,CLEAR,DAYLIGHT,DRY,IMPROPER BACKING,2.0,21.0,2.0,2.0
05aaf31690d9255447e191627ca02aa1edb9956e3076bbd14b217eb5d6505537d772f89ff5054d6dbbce80f78be6de2e04e38fbd29fa66c5149928c7596be874,CLEAR,DAYLIGHT,DRY,DRIVING SKILLS/KNOWLEDGE/EXPERIENCE,2.0,50.0,2.0,2.0
05ab017f3962036687c528d1711c5fd36dc6ebe7313bfc9c1199b5a6f02f4f5748aad792ae475f59b1450bbf48fff33e496c6dd41b122b93f792134b0a957b9b,CLEAR,"DARKNESS, LIGHTED ROAD",DRY,FOLLOWING TOO CLOSELY,2.0,36.0,3.0,3.0
05ab01acd4a741476b0b1b003ead6bc566d4dbc02f1ddff30cf1d032470d6e7d0ed500d75d35d3ea1c1cb36d83590deb44b248feef02e1f5366f9d39bedae824,CLEAR,DAYLIGHT,DRY,FAILING TO YIELD RIGHT-OF-WAY,1.0,32.25,4.0,4.0
05ab0277357d6356cc460c020bde3c5064cd3bb5328cc9329712963238f32dde0c7931eaf4d4d118527c4ff9d4c93743bb5d585f4c6b45067c83121478e54ee5,CLEAR,DAYLIGHT,DRY,DISTRACTION - FROM INSIDE VEHICLE,2.0,61.0,2.0,2.0
05ab1cd6cf7a2891c98401b1c5a874dfedde10ecdbfe5a9c39a5027494971f79563589967014c8ab7a0998aece214d346ad5483f9240a9b0f235b9fadc13b7f7,RAIN,DAYLIGHT,WET,WEATHER,2.0,36.5,2.0,2.0
05ab3ef283761af06109d8c4e2cf97b2a2b9f8c63f1f8ce6bc0881db61fa893b693e2422eabb1c7cb829739979165bf7178271666f8d92d405269d841d27f3cd,CLEAR,DAYLIGHT,DRY,FAILING TO REDUCE SPEED TO AVOID CRASH,2.0,38.5,2.0,2.0
05ab6bed478297ae49fad0239e6d64c3493d23c72e73cb361e8d0602dcf3d9c99934b67a1ebd14220b2fb103a09926b8cc7186100b1c724c2f6e177a89728c0f,CLEAR,DAYLIGHT,DRY,FAILING TO YIELD RIGHT-OF-WAY,2.0,27.0,2.0,2.0
05ab77d347918dd8ed8fdc9db60da1204fa097aab6628b72344d22aaedc523973b46853aa59e41b482d72bfb3e7045227dc7c550f1cd0a68faeebc596f174470,CLEAR,DAYLIGHT,DRY,FAILING TO YIELD RIGHT-OF-WAY,2.0,58.5,3.0,3.0
05ab9153b27aa7b5b3d670d06725e847c831682da36d86d50d3541a088c89a362555763a0ffa934e01c2f06e3109f5975c25dcb7162ce01fa4113e615ebcbfab,CLEAR,DAYLIGHT,DRY,FAILING TO YIELD RIGHT-OF-WAY,2.0,37.5,3.0,3.0
05ab9e79687369a80c2de266cc837b3d3d73a55814611734a0e6fe8f60de5af0baa84b5bedebd60f006e035e3c7b4abc2cf89b503e1807e726625037f21a0ceb,CLEAR,DAYLIGHT,DRY,FAILING TO YIELD RIGHT-OF-WAY,2.0,33.0,2.0,2.0
05abacde9e7983780fa2f06e50ff2852ffda8b0892b4c0525c54de11ffca389e2fa7c9d9f1447721a5ca1167859c00ee9cdfe16b4df1c6fd677b08ce1e529312,CLEAR,DAYLIGHT,DRY,FAILING TO YIELD RIGHT-OF-WAY,2.0,23.0,4.0,4.0
05abb00ac1cad4c78bfe4160393362e4fc1588e8ba1abccbdc248a3e2e9e4e65dfc3e906853f164a8eb2559bd8ca4df85d12b39a0e494717ff52f17dbc827748,CLEAR,"DARKNESS, LIGHTED ROAD",DRY,ANIMAL,1.0,20.0,2.0,2.0
05abb29d4a8cf921b34901d1b8576afdeed24b79eae954d276aedf2ba5a760c1ca93bc13521a267ac41d5df4efa9c8f265fc138a0fb17d572d27cf962c69d108,CLEAR,DAYLIGHT,DRY,FAILING TO YIELD RIGHT-OF-WAY,2.0,43.25,4.0,4.0