crash_record_id,weather_condition,lighting_condition,roadway_surface_cond,prim_contributory_cause,total_vehicles,avg_driver_age,total_people,total_injured
05abdc91e543d464245eebd06f1b3a3e8ab9dbff12c444f2c3208e9202da7a18a4ffc741a81a5b99566037b83e2bee5d6ed7d99d58066aade7e28ec50c217eaf,UNKNOWN,DAYLIGHT,UNKNOWN,IMPROPER OVERTAKING/PASSING,2.0,25.5,2.0,2.0
05abdfd2b4b477fa3551100283ffd7e8da85558cddbe85608445df386e4491fee9940aa756e899b7fa917ee6d7a891884124fb30c82c7690b43bddd8ffe429e9,CLEAR,DAYLIGHT,DRY,FOLLOWING TOO CLOSELY,2.0,28.0,2.0,2.0
05abf04f6583120338f5c645249e965f2d1eca5c11abcb20594c55d5430ec8abfa12091e7ca5415cc66ea8b17c318ba929b7933c6a2bff5d6ac98b035ce5f773,CLEAR,DAYLIGHT,DRY,FOLLOWING TOO CLOSELY,2.0,19.5,2.0,2.0
05abf35373a8240f1b6a3476b11aa9755c108421d855cf61ca0934dd0fe5f251b1d787e3d03fa1ef31e02be6d7722ad5f3f31212219fe72784e35349a2cdae00,CLEAR,"DARKNESS, LIGHTED ROAD",DRY,FAILING TO REDUCE SPEED TO AVOID CRASH,2.0,44.5,2.0,2.0
05abf75cc6b2d5ec16496016380e1f5e3fb8e978346879f63ed1e340eff72719507f03d74bde3ee808dfb298f58180e3781bf9fb6c264fbe7725329bf702f5e3,CLEAR,DAYLIGHT,DRY,FOLLOWING TOO CLOSELY,2.0,36.0,2.0,2.0
05ac0e0b0e728b4c3945c3e124d492dde6490c99fae72f1328c9bec39ba44f86c533ae9d7c50b20e7c7094b93c95c22f1171f3cea33c44cb86b283e1ee207132,CLEAR,DAYLIGHT,DRY,FAILING TO REDUCE SPEED TO AVOID CRASH,2.0,44.5,2.0,2.0
05ac15db161f415fb86a6d25805a537b20d705b73fd2647476335fc7d351376c2faf03ab5105f8f77bbdc19e87312ada933fc417e763d3ae49d945509de91de7,CLEAR,"DARKNESS, LIGHTED ROAD",DRY,FOLLOWING TOO CLOSELY,2.0,41.0,4.0,4.0
05ac17811b1a5c5dde871d5b200550913b5a3d50270b54f49100019da4c7dc4e12aae169f08aecbc06beedfdaa2441a3a0525576a0d78eaa424df9e93b4accf3,CLEAR,DAYLIGHT,DRY,FAILING TO YIELD RIGHT-OF-WAY,2.0,35.0,2.0,2.0
05ac184e120ebf5457b6b30f765dabe964ff2251c1b9da25114d92a5a2d74e4b9260a5488dfe266e9bee83d83d64aeee223a0a47f3caa2b373a3258518fc9596,CLEAR,DAYLIGHT,DRY,IMPROPER TURNING/NO SIGNAL,2.0,51.5,2.0,2.0
05ac33940380ff78f9c372c8e5830903a635b766b0201a6559bda07b1dd15c9ba1ffe4837f360e942562f32ca15ec961e10afeb2a21d57d96eb2c6ac7d52167f,CLEAR,DAYLIGHT,DRY,DRIVING SKILLS/KNOWLEDGE/EXPERIENCE,2.0,31.5,4.0,4.0
05ac4aa223dc9953d9920e2fced23fc40e273fded9f8a1d6b43b7f9a82321a318b1241a6d7babc7937d0588bd901d184b367ead6def4398a2cb4021a994cc4cb,RAIN,DAYLIGHT,UNKNOWN,FAILING TO YIELD RIGHT-OF-WAY,2.0,33.0,2.0,2.0
05ac64ca2e2fed586152b5face97d66e9e349cb14f3f0e5d0f0003b709d93b448a780a14d01307fad2c9a7428286ed6199f2dc020b9dc10234a45bd5a1d688d5,CLEAR,DAYLIGHT,DRY,PHYSICAL CONDITION OF DRIVER,1.0,77.0,1.0,1.0
05accfe3b47f3955feadbfca64f574bb1baa0d7ed7fc67978209bc8aed2119053510c894206d2280cb2bf4a47b291e9fd7a1a901bd536904e2ed31f7d9eeee7b,CLEAR,DAYLIGHT,DRY,FOLLOWING TOO CLOSELY,2.0,37.5,2.0,2.0
05ad02a4540f5b97cf8e78b049a5fa3d3a095d1e8af4958d8c643583093f28ce7e411df208c9d17608b8722da9ca7a7401580140f4ea2056e0d999fe4ea797f3,CLEAR,"DARKNESS, LIGHTED ROAD",DRY,DISREGARDING STOP SIGN,2.0,18.5,2.0,2.0
05ad282b0ae10c0055ca829ae6c3fca26ddf1452db4bdb9cb4512f4d64911e58d0e4b51e24955ac0ed782d5fbdd703f23026c67e9db9a4e85333088ad140d1ea,CLEAR,DAYLIGHT,DRY,FAILING TO YIELD RIGHT-OF-WAY,2.0,47.0,2.0,2.0
05ad2971056daf6ce4abdfbfa690082823ad6ae5c3117fb53a7b83b428df97859bfa6cb5e6adc1f5d16ad04a294f41b6b5b34752a13ca5703b0c864cb582fb45,CLEAR,DAYLIGHT,DRY,FAILING TO YIELD RIGHT-OF-WAY,2.0,48.5,3.0,3.0
05ad2b4bee21b3242b1710c80454f4b5daec30a59203df447ce9a3fa65449d6242ccd643f6f51b8a889734054f24255674c8b7aaf96f28692f87a908ced450a2,CLEAR,DAYLIGHT,DRY,DRIVING SKILLS/KNOWLEDGE/EXPERIENCE,2.0,36.0,2.0,2.0
05ad6d85da41f5d6a69844d40ef1793e4727199bc5caa9cc07dd2ba9a9984c89b8638bf7786fb76c0299af67eb9805cfe9658517264b8c965b8509deb96bc04a,CLEAR,DAYLIGHT,DRY,FOLLOWING TOO CLOSELY,2.0,51.666666666666664,3.0,3.0
05ad87ac675cf254187b374621391872dbae9d789e8702ca4d53e33b563e6eb60046f1b1d3e5458eeccd318bf7f39c450007abed60606d1fb572eb89f9420d4e,CLEAR,"DARKNESS, LIGHTED ROAD",DRY,DRIVING ON WRONG SIDE/WRONG WAY,2.0,35.0,3.0,3.0
05ad9f8adff185de96ec3127e2f805f36c8a6bdba39979b8198e7cbac9285e5f20daebc103685774d8d070dbae6a27c2a4ea18b58aad01c7303b0bac03654dab,CLEAR,DAYLIGHT,DRY,IMPROPER OVERTAKING/PASSING,2.0,30.5,2.0,2.0
05adc410686e2bee8ecdd3c6382a19bb0ab6f9cfb2a368a98dff1e3441407a006c64bfce55e64620e3770b9e103f048337bb2a27d7cf461396323a7be47b7c08,CLEAR,"DARKNESS, LIGHTED ROAD",DRY,FAILING TO YIELD RIGHT-OF-WAY,2.0,51.666666666666664,3.0,3.0
05add9ceac00ba13c6ca31cf9f631579c92627d0e7d067b0f2f09b6751155f04a192f77770b4d99b3e2c71e442a6ad4b02aa1e8484562b449121817f539d2d5b,CLEAR,DAYLIGHT,DRY,IMPROPER BACKING,2.0,37.5,1.0,1.0
05adf284426560e478766f4a50f14203d0954c5901a2399290c1c21879cd48d03d59146aa5f9b0d9d042570afae0c22576f3ccf916d224319df1499c4baa62dd,CLEAR,DAYLIGHT,DRY,IMPROPER LANE USAGE,2.0,29.5,2.0,2.0
05ae0c800cf9f48d176aff07fa2ff82cc35a81b0e2bf9392a0e0e5cf5b7b1dc1a0ff98bffa496035f1c57b5c27b0afc898a775fe42ec762cf91c5d8f4bffab46,CLEAR,DAYLIGHT,DRY,FOLLOWING TOO CLOSELY,2.0,71.0,3.0,3.0
05ae182f9ea98ded8bd629ab6dcc0adadd12d29809295305c22d942a26e97c13c5cb66a7946f90bca49ef3d6ecb4e130d6e6844d4ef8980dcce26d35441cafd1,CLEAR,DAYLIGHT,DRY,FAILING TO YIELD RIGHT-OF-WAY,2.0,26.5,2.0,2.0
05ae1932f70f2d58118c2e58e10bd04c8c9fc0123d33e3b391d15c330778ba6fba7f334b5c7130461b40267b731c4a1ee83b6a45e0127872d66782af745ba328,CLEAR,DAYLIGHT,DRY,DRIVING SKILLS/KNOWLEDGE/EXPERIENCE,2.0,37.5,1.0,1.0
05ae283ae0dc33349a665fe8c6066617ded1f44d0042cb4182d1293b93714f612ba4e234092b9f5d1e9df72dfaa66a96dd14440042f9734fa58b108c4576f00d,SNOW,DAYLIGHT,SNOW OR SLUSH,WEATHER,2.0,57.5,2.0,2.0
05ae2ae833b6cbd2bc01159fded27a0676287d2d459e126efc04bdd9073222a431da3540f74fd6854897bd89edc8021938d130718222dcf76228af8a3cf8b01c,CLEAR,"DARKNESS, LIGHTED ROAD",DRY,DISREGARDING STOP SIGN,2.0,26.0,6.0,6.0
05ae3e919b8aa5b4bbe848eb95647f18836b111e8e2107ee64fab85a9e7f19c1b351e1506e224741857cdbe9c1b1025eacf5d8e485b0a4629c08291ac5b9a6e3,OTHER,DAYLIGHT,ICE,WEATHER,2.0,44.5,2.0,2.0
05ae40d238294dfd2bab5931dee046f743398ca0d4b17af34f394ec2a62f1b40a418c383eb469ca5ff981ae03078db835db20ff33c18f59e1df35eeb74545cfd,CLEAR,DAYLIGHT,DRY,FOLLOWING TOO CLOSELY,2.0,30.666666666666668,3.0,3.0
05ae55ea09dfe9438e40ea573e34b074cfd85dd8b5b98ef592271caa9a8d12fcd0ec72ddba400d34ea952504c9fb853c81203d1f13863e0bb21740b32758c373,RAIN,DAYLIGHT,WET,IMPROPER LANE USAGE,2.0,31.0,2.0,2.0
05ae5a4b382d256bc869c894e07be0add70f8b318c8c7ac21ede6386c4b56181b3e41c8fe48209e0d81fd19af6e7dfa4ee65a674fa0227339a0e4ae61795b417,CLEAR,DAYLIGHT,DRY,FOLLOWING TOO CLOSELY,2.0,27.5,3.0,3.0
05ae5c18429ab5d3846a6f901b321b488058439e409e142d54df3e0ab3b9fa13cda1fb91d0416d37386cc0e7b8c731f909617240d46f9a7f2d0611f1cf3f1eea,CLEAR,DAYLIGHT,DRY,FOLLOWING TOO CLOSELY,2.0,30.0,2.0,2.0
05ae5f5cd5a935dab7d9934d385b509596ff5727e6d57bbb11095123e5b83bc5e4fd808c3d749c31aae55f95eed1b06efb1fdea4fc4ddb07d9b043b7434207ad,UNKNOWN,"DARKNESS, LIGHTED ROAD",UNKNOWN,IMPROPER TURNING/NO SIGNAL,2.0,26.666666666666668,3.0,3.0
05ae977d4cd61e2c23a4a59992e0fd12647e6441fb58d9d34295e5d2c77b3659f1e478a195f9aa0850344dfa29a8eefe34919e2a1fd33a73630ed79ead815d1a,SNOW,"DARKNESS, LIGHTED ROAD",SNOW OR SLUSH,IMPROPER OVERTAKING/PASSING,2.0,47.0,2.0,2.0
05ae99ef7aa29bb31992f34a9aff41e52068cf3f7b5f49db7607157136c8c0fd160d5b1c6bef82893b213036fa4aec15ce3e8cad897670c41b307ab60c4a545c,CLEAR,DAYLIGHT,DRY,DRIVING SKILLS/KNOWLEDGE/EXPERIENCE,2.0,24.0,1.0,1.0
05aea5a9941278888c7f6856e94fe94c0794b47e91dfa6ed111eaadc4fdd2a79c53d47fdf034a721ed0473ce6ec8eb65379b3161cb134a09642600d147a1b165,CLEAR,DAYLIGHT,DRY,FOLLOWING TOO CLOSELY,2.0,39.333333333333336,3.0,3.0
05aea7c0f736c44cc9cf7795e4ba149785f141833ceeb59a315c7d1c41d507f73406e8f27077d4f77f224a1f147d16d9a45342fcea3cdbcbbd48dc351ed6d021,CLEAR,"DARKNESS, LIGHTED ROAD",DRY,IMPROPER OVERTAKING/PASSING,2.0,37.333333333333336,3.0,3.0
05aeafefbabcef8142a90e4c2831ac29fd5a7a0e139f7a47585f8559e674165ec21b6ed16a94fadbb06076233903a901e5215dd61ba3ab0a58bf3f480e2147d3,CLEAR,DAYLIGHT,DRY,FOLLOWING TOO CLOSELY,2.0,47.0,2.0,2.0
05af6baf954801702053b7fc0fb066742a72417225a9e36f04ea17537a0f2efbad3a220aa37c984ecaaf8ccdbe70c55ab85152cc9766c513419af3297f9c383f,SNOW,DAYLIGHT,SNOW OR SLUSH,FOLLOWING TOO CLOSELY,2.0,45.0,2.0,2.0
05af7107d82320a1f80a05f7d28d6c42801d06252e4e29d471239596e538d29028aa08f80a8ac04103d99535f3ea07a02e76c22ff23f4cf573cc2e1cbc60e3dc,UNKNOWN,UNKNOWN,UNKNOWN,IMPROPER LANE USAGE,2.0,23.0,2.0,2.0
05af730f75667bbf17a850e0491da7db7e093abb37d3bf99c3e4ba9b11fd3cd88ab8ef2d8ba55f12dcaff8fc05e3e711feab5dfa55d669baaa31c031005db3bf,CLEAR,DAYLIGHT,DRY,DISTRACTION - FROM INSIDE VEHICLE,2.0,30.333333333333332,3.0,3.0
05afeaa76dc2e3aa51b2554f9f6b32204e57a08bac933329ebbdadda319cc71d01bcd0251e82a20c6932ced469bcbd2ed290ef6ab28b4f943f9e6e68718c5c1b,SNOW,DAYLIGHT,WET,DISREGARDING TRAFFIC SIGNALS,2.0,69.5,2.0,2.0
05aff09a74bb706a8eb6e7b1156f5ad279bfb9c3743e02446fc09de9d3fddfec493e2ef82397e8dc0eb9818c33ec595591967961df366eae5c446ce2cfde3b02,CLEAR,DAYLIGHT,DRY,IMPROPER OVERTAKING/PASSING,2.0,68.0,2.0,2.0
05aff75bf3213bede1237ee7bbdf2f2095e1c14e8f68e3da5d428d26e4c25ef8cab61d6cbb231b9c20dace08f84ce50f79efbe4fc0f13f742573ff3d5a4a45eb,CLEAR,DAWN,DRY,DRIVING SKILLS/KNOWLEDGE/EXPERIENCE,3.0,49.0,1.0,1.0
05b04975206c5c00279e07c5e1d33c04929986842bc8a9982ac122f701ac3f534d04abf1a643a2b373e31c3030c60f02d1c43f8b5dc41c340b7884ec3896a05f,CLEAR,DAYLIGHT,DRY,IMPROPER TURNING/NO SIGNAL,2.0,26.0,2.0,2.0
05b0805b545f8a51792c56ec5f273fef5da63e0894c4099203978129bec04688e79e36c82601812d10767250647560bfc34728b83b7f529b8b073bb7c9976539,CLEAR,DAYLIGHT,DRY,FAILING TO REDUCE SPEED TO AVOID CRASH,2.0,46.0,1.0,1.0
05b0829b0916d428e05bb9da76eaa581d2ca944bd334cd8e6ec8401b38cc515ff40c00578bfb33725fd1bca2546896d09d018a91305fd06ed31b802796805f37,RAIN,"DARKNESS, LIGHTED ROAD",WET,FAILING TO YIELD RIGHT-OF-WAY,2.0,22.0,2.0,2.0
05b0da59cde844e5964490348d7c2a9f98267617455e725dec8c613cb990ee37ea07db09b44fabe26d2f02dec83cd06100a22a2c90fc66dec27716f19c6f8b0c,CLEAR,DAYLIGHT,DRY,FOLLOWING TOO CLOSELY,2.0,47.0,2.0,2.0
05b0df93f3ccf9703b9fddd14eb7333a90d4d83978dfa43c5b2d329acc4fd8b72d9db2c58e0830d3e1b6ad36c8b9e894bcaa62abdc9883cbc2e098bc68775c5a,CLEAR,DUSK,DRY,IMPROPER BACKING,2.0,33.0,2.0,2.0
05b1031f625dbfabad666a289388ef0d66a9e3b3907b3a9da633deb867d97320d7a2b562741b85687f0f61dc3c9c22601995b7107c716524676c29d3008f4a12,CLEAR,"DARKNESS, LIGHTED ROAD",DRY,FAILING TO REDUCE SPEED TO AVOID CRASH,2.0,29.666666666666668,3.0,3.0
05b11204b9cabb9a8a7e1b37660a7f7ec493965f9f80fd2b7cef052433146ca9b5645f118a06f97ea309effbac6c83dabc43f094a58cc9fae824e73f86b3e7bd,CLEAR,"DARKNESS, LIGHTED ROAD",DRY,DISREGARDING TRAFFIC SIGNALS,2.0,32.5,3.0,3.0
05b11cd9e622805be54599c2258e11eaf02b3978bf784a121d407da8f6734d9f16492bea2093725861e0d8e6f83b93f72b5903a30314e9877a7e8d9982431af4,CLEAR,DAYLIGHT,DRY,PHYSICAL CONDITION OF DRIVER,2.0,37.5,1.0,1.0
05b11cdb6e5293d0caa497dd0c8776dad17eb61bcc7252eb6e2bc7a2858819be55d8eb27302641158ac13fc510c049fc7d838447288a82993004e4f7f6052ff8,CLEAR,"DARKNESS, LIGHTED ROAD",DRY,FAILING TO YIELD RIGHT-OF-WAY,2.0,24.75,4.0,4.0
05b12a5b2509bd6cb1503df4c8e4c71c9951ed40ba162c4e80d97dd6cb5649b4a9475cc32d018aef24fa2bb2360250fda96482f3c51fcb192d2396966045c062,CLEAR,DAYLIGHT,WET,FAILING TO REDUCE SPEED TO AVOID CRASH,2.0,36.666666666666664,3.0,3.0
05b17731f9e4773b8142a04a8ec8d302fd72cbb6865990c3ff789febca2ca29241731dc98b2fa07a76c6e71c312645095693bb653759314e38d2480431a4c1b1,CLEAR,"DARKNESS, LIGHTED ROAD",DRY,DISTRACTION - FROM OUTSIDE VEHICLE,2.0,24.0,2.0,2.0
05b18ad5b9b94b51c46fc25834f1734a45b446b5eeb75123baa73c1df08ae00b2ab4e114b99a2ced22d98e2bca2a8c3fc84cde8c8da86207c60f594854af599d,CLEAR,DAYLIGHT,DRY,PHYSICAL CONDITION OF DRIVER,2.0,54.5,2.0,2.0
05b1905daf9791c3ce7944b5254e034b5076526ab5f6d76c079d2b3a50740a14e868eda30841cc7b6941269ad146700362300fbc65b87926436895c8580942eb,CLEAR,DAYLIGHT,UNKNOWN,IMPROPER OVERTAKING/PASSING,2.0,34.333333333333336,5.0,5.0
05b1916425d8cf60df006d475a63a52411910a86e591cff02c75471921b0048ae8c3a8c14c20f8c3e54d63fd6b5f9b45001db4ed92e35d4380dfa69ca4301504,CLEAR,DAYLIGHT,DRY,FOLLOWING TOO CLOSELY,2.0,48.5,2.0,2.0
05b195efcd3c154bdbec250f70320d8d6d656730b7428866b3ace8322a070368bd296aa65a95a26219ca082e79c826ad5595290c374801e2e8f28dd465a339ea,CLEAR,DAYLIGHT,DRY,DISREGARDING TRAFFIC SIGNALS,2.0,38.0,2.0,2.0
05b1982cdba5d8a00e7e76ad1ecdab0e598429f78481d28165b5a709cdf8078fbce48f6084d152745930fae475a7a671a423ee15d40b915322c182aef23aeb5a,CLEAR,DAYLIGHT,DRY,DISREGARDING TRAFFIC SIGNALS,2.0,35.333333333333336,3.0,3.0
05b1a4bf25fc707a4f483be7dd1536a7565bfd5d61ff8dd7823ecae5735d9073783149962cb6ab5f724bddcb4377bccdd29eb24301dc2436729c9c89cde450fe,SNOW,DARKNESS,WET,EQUIPMENT - VEHICLE CONDITION,1.0,30.0,1.0,1.0
05b1d0b3881c6601192ab7234fa3984e34af7053e1bd338230c8743a87e228d4ff0bfa85e8f5249e962fe0bec4e9beaab296011c46b79b3bafb8750d25d2e2cb,CLEAR,DAYLIGHT,SNOW OR SLUSH,DISREGARDING TRAFFIC SIGNALS,2.0,53.0,2.0,2.0
05b1ed0872b1cf60331a9e1ee57375342ef5b36af281f5d83f3981cbb14406c8a352e84a66baaa7ea0f043013a8b834bc308b20547376431bef6240917e19a8c,CLEAR,"DARKNESS, LIGHTED ROAD",DRY,DRIVING SKILLS/KNOWLEDGE/EXPERIENCE,2.0,37.5,1.0,1.0
05b24b5e4bc35c4fbd36478cb3918f037808f194f713c968f4b0f7980ac1b814384a46316e2b29822cfd6caa22fa870d068d5a3c83e2106f5bcbf08ec460fe22,RAIN,DAYLIGHT,WET,IMPROPER TURNING/NO SIGNAL,2.0,19.0,2.0,2.0
05b24ca4672572c748a0d865d3a3f638073bc0403f1bca6fa0613b52b35f954734e7faea9bf33a8b6d62907ef3f899539fc014598f319c967ffa0fb4c5093062,CLEAR,DAYLIGHT,DRY,FOLLOWING TOO CLOSELY,3.0,40.75,4.0,4.0
05b250404f581d4861b5845614563e33e305d2aba2af14cd45adba330ea34a336031be6c0a36edbdeb0b62fee0e224c9f56cc100f20da4e56261b4bd6934eb7f,CLEAR,DAYLIGHT,DRY,FAILING TO YIELD RIGHT-OF-WAY,2.0,32.5,2.0,2.0
05b2b85b7de53d9173c96504fe1e459957cc80450f4bd9d43cef06ed5fccbb53538fb36fec1ba7489678aa4f0570504ccd8e71a00f11ab4c7516a3417072523a,UNKNOWN,UNKNOWN,UNKNOWN,IMPROPER LANE USAGE,2.0,30.5,2.0,2.0
05b2ca9b0563c187c54ef22a02fa64f8938427f8cd5c46222310598f6263a1330467f3868175e5aa4d31301c6fb7bc8d43fcb51bb8908e82f16f1b1b04a9a5e1,CLEAR,DAYLIGHT,DRY,DRIVING SKILLS/KNOWLEDGE/EXPERIENCE,2.0,67.0,2.0,2.0
05b2cff202f0296c37320c217036afe6fb5dc39b77ee3c33fbb8a1eb191e6263b682afb2471ce7622d2c8e92d8db3f9ceae562686b2d5ff45853d505f462e8bf,CLEAR,DAYLIGHT,DRY,DISREGARDING TRAFFIC SIGNALS,2.0,49.5,2.0,2.0
05b2f922a301f16aed287a67fe452fcb73bc7d7f5c0fc9812124c56a0776be92fd965f7b06cb5e159db0251d1864a3d9889a2ef56c203efb9c063be995f19c44,CLEAR,"DARKNESS, LIGHTED ROAD",DRY,FOLLOWING TOO CLOSELY,2.0,23.0,3.0,3.0
05b32156cf788e487f5ac8ff8ca8ada835805818a2ad30259d2e786a4dc9fbd70243e7c9acdd3d60efa75c714b69fbe5874d8f5aac18a52635ea456150f2d0bf,CLEAR,DAYLIGHT,DRY,FOLLOWING TOO CLOSELY,3.0,59.5,3.0,3.0
05b379b164bfbf144190d9fc54ce80d1aec6122a666e052cf9f4b19e88f29834236065f4bc18b7f3b6f772744ee0ae899265c8e75dc7849ecf54c190bbfa9c29,CLEAR,DAYLIGHT,WET,IMPROPER OVERTAKING/PASSING,2.0,29.0,3.0,3.0
05b382efeed9170fd781f28b7d8c255bb8bb18522216c684ec385873de54394848751b303ff4c27aaeb7de303e39cd914e5d75dfd28184b20066a6e05d542c39,CLEAR,DAYLIGHT,DRY,IMPROPER OVERTAKING/PASSING,2.0,47.0,3.0,3.0
05b38b6888ac7b745c85cdc8cdbcb354b107c42a412ab6a3123aa1d5d7a2b423bfb67310d8b335edd5ecd7b4baba28a3f030d68f2326b13326f598a7d9325860,CLEAR,DAYLIGHT,DRY,FAILING TO YIELD RIGHT-OF-WAY,2.0,20.0,2.0,2.0
05b3a5680786a250326999decab0d1b85f958351e9bb3a7e1ffd748a1885f75f5d6b6e07985a37137366bc790a3fc20f5cae23cc87e875108efe0968778a8dd0,CLEAR,DAYLIGHT,DRY,FAILING TO YIELD RIGHT-OF-WAY,2.0,17.0,2.0,2.0
05b3bea6b11bc6d95c372bad87911d216996a1e5019af1e065d79d3b6ba72ff0f54d5840a0bc6592006918889e56993734fa6c6949a50e166067b2623e0c9de0,CLEAR,DAYLIGHT,DRY,FOLLOWING TOO CLOSELY,2.0,32.5,2.0,2.0
05b3d108d02507587322340a7632fa1246e71cb9dfb0f291bfbfe6ba4422e90301e8efb81b73f1303659d687b84268e76b6dc211b266015449153d4182f1834f,CLOUDY/OVERCAST,DAYLIGHT,DRY,DRIVING SKILLS/KNOWLEDGE/EXPERIENCE,2.0,34.666666666666664,3.0,3.0
05b3fa44708c4abe5f5a2c4b31065ee84f3da45bac37a12529eb11434413e171714e9b0366b094972b61ab7e71f5edc79d103df44485115622061430ba8103ee,CLEAR,"DARKNESS, LIGHTED ROAD",WET,"DISTRACTION - OTHER ELECTRONIC DEVICE (NAVIGATION DEVICE, DVD PLAYER, ETC.)",2.0,24.5,2.0,2.0
05b3fd6e837736c3e1b8bdfcb115179a33da96cf96d5d7e84e3ecabba75e7d3668ad9a0ff579c12916bca2c035a120f1a5159d5c0bfaa3f4ca432006eaa18578,CLEAR,"DARKNESS, LIGHTED ROAD",DRY,FAILING TO YIELD RIGHT-OF-WAY,2.0,37.333333333333336,4.0,4.0
05b4106c202e5b57619e76694daa6af59cd3803d40d87621115dd110340833fc73cd55ebae49363a9bdfa030caddf98197efa659c2030d857e66bbaba3fc0750,CLEAR,DAYLIGHT,DRY,FAILING TO REDUCE SPEED TO AVOID CRASH,3.0,43.25,6.0,6.0
05b411360768a4e82f53732162c7fd4124426ee17c45d4f723e2ea08f81dc8389cab25e404e534462572e04f5b7d8a6c61441450b1ffd4db194ad6c83bd350ab,CLEAR,DAYLIGHT,DRY,FOLLOWING TOO CLOSELY,2.0,37.5,3.0,3.0
05b41dc26536a38e96a1613e29d757b192e68818b83443b07a5f073b0badb8d6d6c468a6ff8277ca9761350d01c7df03c7d2934418ea925e768a367a0bde75a7,CLEAR,DAYLIGHT,DRY,DISTRACTION - FROM OUTSIDE VEHICLE,2.0,42.666666666666664,3.0,3.0
05b44a078fd0fa0fa1b74712295b4b0d17788dd7ee1ed7e45e9fe893b74606d02a7663d228e8209f33abb8e299fdd268feae1054865aed6d5791fac58bf24a37,CLEAR,DUSK,DRY,IMPROPER BACKING,2.0,43.5,2.0,2.0
05b460a39e087d06187d356b0bf119b67c6bd3b2d3e20349736cd5613fa8fcdf95b7c894824aaded8f6b8afbe5f43755348c99c6a66261e8bc1ee3ec87626cc6,CLEAR,DAYLIGHT,DRY,IMPROPER TURNING/NO SIGNAL,2.0,51.0,2.0,2.0
05b468456c9e5e4c25f1a4955e73172574ab821af38cbd13942df5718a5af14d38746b5d6f129566b85ac5e25ca966836414703d35812fbcc0ef648c1e3cc65c,CLEAR,DAYLIGHT,DRY,FOLLOWING TOO CLOSELY,2.0,32.5,3.0,3.0
05b493cf22a7dee0a39b67910f6d96e3f28d7c7e37d9fe002da8622e01b11f6c0f8c532f20ade3bc2f5ae9bfb5a96d1663df3b04c7fbb1348d23e2f13521279a,CLEAR,"DARKNESS, LIGHTED ROAD",DRY,IMPROPER OVERTAKING/PASSING,2.0,0.0,2.0,2.0
05b49e4537c7488f40a4b6c1086fecf0ca60be1b63e805f92fa53e9b37eff031d709c748946f1c395ec238a6c8ffdafb7d4a745cf7553bdf0794b09c23150a7e,CLEAR,DAYLIGHT,DRY,FAILING TO YIELD RIGHT-OF-WAY,2.0,64.0,2.0,2.0
05b4bad208b79aeb6147b71294898d1a527d02b7278398b5864d7d2577f642f708e2145974f0c5447172319053d1b77c25072ae6a3dd9e486abf39a40a6df155,CLEAR,DAYLIGHT,DRY,FOLLOWING TOO CLOSELY,2.0,44.0,2.0,2.0
05b4c2cef183235531141331982c98772fead32782080d70939344221428b81dd395204b8761cded3be3107d1b725541dbc04965fbf0563ba482310aaa6fa874,SNOW,DAYLIGHT,SNOW OR SLUSH,WEATHER,1.0,37.5,2.0,2.0
05b5401c9c16bc39185acccd484341e9639efdb63fccf49b6aa03e76e1568519cb40c15f3ea7b60172799c448d08806273c8791407b397510ac06ca76d8bf398,CLEAR,"DARKNESS, LIGHTED ROAD",DRY,FAILING TO REDUCE SPEED TO AVOID CRASH,2.0,34.0,1.0,1.0
05b549a6aa65f2c90ca153918b3fc75ec28e55f6e84208bc1981492723d4a9312de4fd63e5ebe1be98ddf007fd07f1fd55a8575eb0befb268f5fc94903fd1667,CLEAR,DAYLIGHT,DRY,FAILING TO YIELD RIGHT-OF-WAY,2.0,26.0,2.0,2.0
05b54c369a7ef09632eb4b81eb0608515926e0446d24e81616351fc0b1ffd4a5336307c08473c04ec3dc48826427c05df976d7ee2a8edf27e55e30a677fe1676,CLEAR,DAYLIGHT,DRY,DRIVING SKILLS/KNOWLEDGE/EXPERIENCE,2.0,37.5,3.0,3.0
05b55d027685a68bd422407f868a6e3501cf91636e680ac236f4d5ffbe6341ac09a409ea0ce65bb23cb312c46c736a2effbffdc37ae49503c0c3d138cbffc44b,CLEAR,UNKNOWN,DRY,FAILING TO YIELD RIGHT-OF-WAY,2.0,67.0,2.0,2.0
05b55fb4b8db41376cebd433a45f43826b1c17eda30fb8276d7fd8de0b57a8fd76427a68ef7f1cb19ce85a0e25f4cf9d953642284383accd836d59af70afe1c3,RAIN,DAYLIGHT,WET,FAILING TO YIELD RIGHT-OF-WAY,2.0,43.5,2.0,2.0
05b569840eb0eaf4f854baf30e9fef87cdb190547efcd4d0cc0908b4cc16a4c863ffbdd5929c367ea05e5077e6c63d29984deffc1e1a6e915c3a89c6b3a5d174,CLEAR,"DARKNESS, LIGHTED ROAD",DRY,DRIVING SKILLS/KNOWLEDGE/EXPERIENCE,2.0,31.5,3.0,3.0
05b574fb0805dfcf95852bdac178efd64ebfc715181a4a2ee7c0fc6c6baba0f7e833eb084b5f01c4e63ed88b17e3040ac122a1080496f71f8dd296a6d948cc22,CLEAR,DAYLIGHT,DRY,ROAD CONSTRUCTION/MAINTENANCE,2.0,32.0,3.0,3.0