crash_record_id,weather_condition,lighting_condition,roadway_surface_cond,prim_contributory_cause,total_vehicles,avg_driver_age,total_people,total_injured
05b5815ec73dbd0e510eedfdf5ec4fa03134751222b2e6d649d2132e64dbccb9872f6c239d47bf950c6f83e0edaad10d72d02fc3312ba38f0c80a49a1aada8f8,UNKNOWN,DARKNESS,UNKNOWN,FAILING TO YIELD RIGHT-OF-WAY,3.0,33.0,3.0,3.0
05b5961395ba39efde1a042f0bcf32d03ba527d22a96b5d2015efe1c9c1c8f7a9c7a5cff47f477238a2dd2d1030a58f6be3b6f70afe7108e72f4168c6441c2d2,CLEAR,DAYLIGHT,DRY,FAILING TO YIELD RIGHT-OF-WAY,2.0,34.5,2.0,2.0
05b5a11f1acba86bf71c37acbee889d753260286a3c74904d2dc653dd4db60c53f6f0ad99bae322b65d13f03a43dbbfc26c7f4236343e2fd3a900586f463d86c,CLEAR,DAYLIGHT,DRY,DISREGARDING YIELD SIGN,2.0,73.5,2.0,2.0
05b5a8f1787f955e949056788c3be3c0d5307cf7f5f0cecbfa29725cce6e72198515a57f0f0ac93d441ece4c3d3f64f51332475c4da501471a86ae5b20a3a3bd,CLEAR,DAYLIGHT,DRY,FAILING TO REDUCE SPEED TO AVOID CRASH,2.0,32.5,2.0,2.0
05b5b17920f2666168e92bb49b08857d43e43f3863ab7d541b5d37ecb338b4fca61aef004e56e9aee95eb4c235e72b4902715cc3d1bf05ec59ba4172d9fadcf3,CLEAR,DAYLIGHT,DRY,FOLLOWING TOO CLOSELY,2.0,49.0,2.0,2.0
05b5b4ec1e6eabf59cd04eecbf8a7d4c76d9f8b32786ebdf9b20330e8275a47de893cb52a4f4f29450f4e59e7561c3972dbd5a8cf5bfb435dfdfce7561119353,CLEAR,DAYLIGHT,DRY,FAILING TO YIELD RIGHT-OF-WAY,2.0,51.0,2.0,2.0
05b5e13dab578c62968bc2934d8fe5df406b8b0e769ba2148517eb9d00dd8405eb05757724f8c7fbffc59f6574fecb3c8b1c9b89d8ec25a9cb2b81ded882cb5c,UNKNOWN,DAYLIGHT,UNKNOWN,FAILING TO YIELD RIGHT-OF-WAY,1.0,13.0,2.0,2.0
05b5f6615747ed5f65e7c513ba2c199f6a05303747f089e8677d4ae04bf0e292566fc6c5f92ccd92856b22e2c72b96c9868009f49f17f918b42a48f88eee189d,CLOUDY/OVERCAST,DAYLIGHT,WET,FOLLOWING TOO CLOSELY,2.0,27.5,2.0,2.0
05b5fb08f7616167f1654c5ccd1cdb42ac8c9529b0c0c1c932c1ae5fc6c836fdb8120cd0265fa8873e9f2ca8578b1cc3e9154081264c5596a12b63ed6037f4c1,CLEAR,DAYLIGHT,DRY,IMPROPER BACKING,2.0,24.5,2.0,2.0
05b60f167f98598e6589fd33d4747a7c8ccd7e89831e06dca5b98b81f1980e8a0bef45569f2db3bcb69a0a23fa367ae881b1e99d3d1d550d498908b78480af93,RAIN,"DARKNESS, LIGHTED ROAD",WET,DISREGARDING TRAFFIC SIGNALS,2.0,36.0,2.0,2.0
05b67e721052357c13d3639a21bc9deeb8c90c1453c50eab711ea4ef1be42f7289bc4d23da1683560be20a6c37106e9fdde1dc7f0ac7cc1e020ba5243e8479f3,RAIN,DAYLIGHT,WET,"DISTRACTION - OTHER ELECTRONIC DEVICE (NAVIGATION DEVICE, DVD PLAYER, ETC.)",2.0,29.0,3.0,3.0
05b688bbcfdf9ef76fb65e0f529abb481bcdcddad14fa273f47694601c17b757a0863328a9922c72b0d35c2647044d0d991a2e6689cb4d56c0b47e7b3d8168b1,CLEAR,DAYLIGHT,DRY,DRIVING SKILLS/KNOWLEDGE/EXPERIENCE,1.0,44.0,2.0,2.0
05b69dbfd5ebecc8726a22b893053b3c117eada2a36591b01841cd70602902eb66865d3fe35c56118fb18b3e587021ff2e6ced69e45b4e3b7e192baa1c08ebec,CLEAR,DAYLIGHT,DRY,FAILING TO YIELD RIGHT-OF-WAY,2.0,49.0,5.0,5.0
05b6a44a29f86c21e6d020743447393f85c2ac976dd7342fa179157527eec121a95e5b12b457a9f3832df2de13f35956cf677e9b82b99919617be8958255e44b,CLEAR,DAYLIGHT,DRY,DRIVING SKILLS/KNOWLEDGE/EXPERIENCE,2.0,30.333333333333332,4.0,4.0
05b6b0a446401e8c6a8cd96383ea990a939adaad9c8643c61238419e3ff44376a8fec1be2be6665b022977aa00a7fdefcf792e6d9e6126e58cb7a532594f7df6,CLEAR,"DARKNESS, LIGHTED ROAD",DRY,FAILING TO YIELD RIGHT-OF-WAY,2.0,24.0,2.0,2.0
05b77e98f7b76107c9ad8d9b1f8ec9ce2ff81eab6c7e414436ffb3a3e9a380ce5e57c70eb3f4a79b1d43742522e43af68d572cb4a4a28f34267006e70f371fa2,CLEAR,"DARKNESS, LIGHTED ROAD",DRY,FAILING TO YIELD RIGHT-OF-WAY,2.0,35.75,4.0,4.0
05b7bf934c28a0ac6369c1a31179a8c7b724b63e20059116b1a2e231aa5e6754901c639517eac1378c10ad37642c6d63f2423920124d32f44714fccc400feeda,CLEAR,"DARKNESS, LIGHTED ROAD",UNKNOWN,FAILING TO REDUCE SPEED TO AVOID CRASH,2.0,29.5,3.0,3.0
05b7c77a5580eb1256324c93b667904595e6461298a5cf2d081f7b32fe494e4bff4e1161ee1b946637718e60d80b3b7c3704525224ee4bf4b445e892c2df607d,CLEAR,DAYLIGHT,DRY,"OPERATING VEHICLE IN ERRATIC, RECKLESS, CARELESS, NEGLIGENT OR AGGRESSIVE MANNER",1.0,37.5,1.0,1.0
05b7e5d34716bf25a65fc3218c866468e223f1c24d070d5fd0ba38e979dcb23b23cc671d6f5b60ca2ed04be578b2b1c971a070659c1d5e4e79c8dad4cd163dcc,RAIN,"DARKNESS, LIGHTED ROAD",WET,WEATHER,1.0,30.0,1.0,1.0
05b7ea5b2b8970f36b2289f6a6ef90c287c11668fe288e23e9bab5d5ee47980f823315ef15fe8dfc051fbc015a3b06a40ad86fd1f3d2414297c8afbeebb97843,CLEAR,DAYLIGHT,WET,FAILING TO YIELD RIGHT-OF-WAY,2.0,38.0,2.0,2.0
05b7fd20c3a06b366adf702394d1cf05479fccd98489ba8cb1fa59515baa6ea8cd05fcf73f08e3b9457cd31a52186c4314115d703993402b5345ae4486a7bc79,CLEAR,"DARKNESS, LIGHTED ROAD",DRY,DRIVING SKILLS/KNOWLEDGE/EXPERIENCE,1.0,53.0,2.0,2.0
05b802ec6e859e2ebc02c8903b541c3e91657cdbf934c77ad98e3436aba460b8c9be09e6246ada9b5900a2929ad73093c86f1c4d7ab0bff1f6c976d2e1a45b69,CLEAR,DAYLIGHT,DRY,DRIVING SKILLS/KNOWLEDGE/EXPERIENCE,1.0,36.0,1.0,1.0
05b811e5caba81b930703e97a0247756aa8480336730dfab88abb956fb40702920360393387dde57d3bfc528ecf8e8df442e1203742ea8866d59f80bea19690f,RAIN,DAYLIGHT,WET,FAILING TO REDUCE SPEED TO AVOID CRASH,2.0,25.0,3.0,3.0
05b861ffeb5d279fe8d0b71973730b234bed2939e7f1f75c95d7f86cd3be098569963ef743cd3471db5d8e1d3c377f485cb753221273487ca9bcd0ef74ab0021,CLEAR,DAWN,DRY,IMPROPER OVERTAKING/PASSING,2.0,19.0,2.0,2.0
05b869d01e430d0e1fa20c06f388f72281a7202d3a992518fe129265610933041b7f75db4dd81da2725fe82238e7a57ff02919088120f15750c01fddf159171c,RAIN,"DARKNESS, LIGHTED ROAD",WET,FAILING TO REDUCE SPEED TO AVOID CRASH,2.0,53.0,2.0,2.0
05b86e13f1e47dd550a4926d3a77d2c85488388249a9c981f3219230d521c7ebc56dc6b06343dbc80b77ff8e8ed85fc258ad0a234b3593ce29a32b5aa336748f,CLEAR,DAYLIGHT,DRY,FOLLOWING TOO CLOSELY,2.0,29.0,2.0,2.0
05b88f4fa5957e018f9967fa590f99e0a6c369a8ff7a89e1552534908123c4643085173a08a53a94cc6c283c1fc1088596847c16b2f182cc20e59280ac7bb29d,UNKNOWN,UNKNOWN,UNKNOWN,FOLLOWING TOO CLOSELY,2.0,63.0,2.0,2.0
05b890a53bd6d7ef5b274861ddfa099d95dcd32aca21c7162f5b2846902b9b22a29d54d23ecb1e4ec3bf07120ccf0c9515dfa5809908ef86d1a3d3730ca961a5,CLEAR,DAYLIGHT,DRY,FAILING TO YIELD RIGHT-OF-WAY,1.0,28.0,2.0,2.0
05b8c7f0d4871e076ba81be8986f5f0ca56a3905c674fb800d245f011a401b3461d7d8673043a4f67fbed3fc432d7901e5495ea02717b6be429ba9dd30b40451,CLEAR,DAYLIGHT,DRY,IMPROPER LANE USAGE,2.0,39.0,2.0,2.0
05b8cac88d4279baaf5694ddd9a76ab974193b3eb0b8d14857eaf6b314130e7b3b547c2e7b550aa512c72d22079d058135937c3cf6e9d4c496b1b216844c68b2,CLEAR,"DARKNESS, LIGHTED ROAD",DRY,FAILING TO REDUCE SPEED TO AVOID CRASH,1.0,21.0,1.0,1.0
05b8cd763a02bed67d57e7c08c19760173d6b4265dc0352de853a8e3fd101f0c3617f462ae3137d7617323d6141a3080c1004d9d08a29fca2934d4a0e234b19c,CLEAR,DAYLIGHT,DRY,IMPROPER OVERTAKING/PASSING,3.0,34.5,3.0,3.0
05b90de471c9e3293de910e6f70c7eb2aa9794cde38b83f6562a1a7c51e7fad18d4bc37e088c9e8e2a325067656d885dfe94ce0d44b389729089f3e35196cc54,CLEAR,DAYLIGHT,DRY,FOLLOWING TOO CLOSELY,2.0,45.0,2.0,2.0
05b9159045962a2f195c7971d4c26907b9545c59d530418fac2224d51611f88cbd04f3210ee7c236df0bb83a1b423fbbee27539283708e5490da95bd1f0a91cf,CLEAR,DAYLIGHT,DRY,FOLLOWING TOO CLOSELY,3.0,25.75,4.0,4.0
05b927c7019b3b5e0b9414ddb8042df48fa5c95f879d8a72602f2904b34c362e3b92aac5d8de171b194aadbd0de23210274ea757d4fa8b685891194d720031aa,CLEAR,DAYLIGHT,DRY,FOLLOWING TOO CLOSELY,2.0,29.333333333333332,3.0,3.0
05b92d18c81e925b523c40fe997e342fd0c897ce205d60b9e63931f92dd0dd9946d76c19d65cde1f22d7d965ae176fbc89c94c94d1c61871db096405353d5ffd,UNKNOWN,DAYLIGHT,UNKNOWN,FAILING TO YIELD RIGHT-OF-WAY,2.0,39.0,2.0,2.0
05b92de6e5a2bc8dd4355173dbf32efa92a264c51882989f3564a99cb8b18fbfcb0e8d718dc703f7df3e6eec6cb9c73ba626ee64abdab16ed5e9f4d09136aedc,CLEAR,DAYLIGHT,DRY,IMPROPER TURNING/NO SIGNAL,2.0,40.0,1.0,1.0
05b96e416567eb43670ae4abe335185eee50668f6f536fb468d614c4e3d04a650c001440ffc51e65eb325fd018494f3d1ae156e10021147d2e0efe512f22ad8c,CLEAR,DAYLIGHT,DRY,IMPROPER OVERTAKING/PASSING,2.0,26.0,3.0,3.0
05b9767e34701c321ebcb6c09b0755c2dd8447ed7e7206fc8e678184eace001e7107cf95e1d118f5d7e3acc6cc5746acc6d80ba3c01cf681e651d6538c1e1676,CLEAR,"DARKNESS, LIGHTED ROAD",DRY,FAILING TO REDUCE SPEED TO AVOID CRASH,2.0,36.333333333333336,3.0,3.0
05b98194ac69d24fc0dec7edb289c3919a9b282c6d3bbe41da5229026405594f9c0d3e56241c5c7bef4253da66547b609a4a2c7f67c152232271b944044f2e28,CLEAR,DAYLIGHT,DRY,FAILING TO YIELD RIGHT-OF-WAY,2.0,44.0,2.0,2.0
05b988f30fc7c6580f43b1ff8c66bf1ff63467f8b6cb694bffd0f0efd163bc341a3badab77cc5a3020a0658e104928adc5fc2be9103fc8d7dd0289c8cd617afa,CLEAR,DAYLIGHT,DRY,IMPROPER OVERTAKING/PASSING,2.0,49.0,2.0,2.0
05b98feff2ee65c7711d25116ac4f53682bd1aa9654942906869d62ec760cf9d5708c96fe02ab855cbc577c15468277c09b76f6ac7bf2a0a136cf95c8ea19749,SNOW,DAYLIGHT,SNOW OR SLUSH,FOLLOWING TOO CLOSELY,2.0,28.5,2.0,2.0
05b9ace86035e0f797bad9f4e1e242ab47ae88401b4c02ce89093f75fe8527a77e5a43656bb1ce2ca217c0c9ac862771d36ec97a402f5c051f2e3420bd1c1cad,CLEAR,DAYLIGHT,WET,DISTRACTION - FROM INSIDE VEHICLE,2.0,60.0,2.0,2.0
05b9d780ea0018706ff7c079d1f6b24136f3cfdbc01822254432c7e6140af1d40651b139d4fcbf4e824eaee93d200f6b88378e21959057864b0038fc8525b39e,OTHER,UNKNOWN,DRY,IMPROPER TURNING/NO SIGNAL,2.0,37.5,1.0,1.0
05b9e1682cefdf597dc807e156a471927d69527ae2a5eddbfad3d8b1378ed28fc6507db0d8f9a93e036d3ffef83204374136cd7f8cfffe487761dd12d5f09cb0,CLEAR,DAYLIGHT,DRY,FAILING TO REDUCE SPEED TO AVOID CRASH,2.0,45.0,3.0,3.0
05ba02e739ef4dde3e09c73917ca33c39f0fba9e96a97ec762779589b6e7120b27d841fd24aea618faa90a9a2084a38ade2c723919ffed1c8b76d2cad6ee846c,CLEAR,DARKNESS,DRY,FOLLOWING TOO CLOSELY,2.0,26.0,2.0,2.0
05ba12a76f96dd1be11855b733e1bb198807eeb03da1ce919e05f8070cd8920319f62da7b4536bd2781f3df8340ebec4bffc74b2dca33d30b21ba34f210e8234,CLEAR,"DARKNESS, LIGHTED ROAD",DRY,FAILING TO YIELD RIGHT-OF-WAY,2.0,32.0,2.0,2.0
05ba1a8c11f49a5d1e00237ca099af08b6ac525490cb42bc8ead3886700ff4fe19c8f07176330b8c4289de37ceec121933be45ed9e2f76bdcad830d1b7733b0b,CLEAR,"DARKNESS, LIGHTED ROAD",DRY,IMPROPER TURNING/NO SIGNAL,2.0,27.5,5.0,5.0
05ba3b08ed431c5cabc840582cd3890c197b1806a035226bc004ad37b524e5d64010a402e1d65681588797cf3dfe18c0b08aee31f85b2123158f5887fbd8ffc4,CLEAR,DAYLIGHT,DRY,IMPROPER TURNING/NO SIGNAL,2.0,37.5,1.0,1.0
05ba75fae327f3471975df9769d9c3039a70dad1cc042c44af765e613288bf5a511863ec13aa4485946f3b549e96a1ad61dd94513bb11084d24413cf0eed4663,UNKNOWN,UNKNOWN,UNKNOWN,FAILING TO YIELD RIGHT-OF-WAY,2.0,76.5,2.0,2.0
05ba8c5bec4112b8830411047f7dc7e497084f04f8bae68f5dee1e51b5c5a3108dae9aeff28837457e8ad5c3bee678459b5266e18c8dbbc65f986e32c46175f7,CLEAR,DAYLIGHT,DRY,IMPROPER TURNING/NO SIGNAL,2.0,38.0,2.0,2.0
05baa1a6cc9c4951f63b695932b7900afb3a9d4f96dcf4a62d766589d88fceab75f4c6d2dfb78f57d2903a09aceecded2ec05f51ab7a978cf3e93e7971774cbc,CLEAR,DAYLIGHT,DRY,IMPROPER TURNING/NO SIGNAL,2.0,63.5,2.0,2.0
05babb56e83077c4e2c77240e2a8d1022c2b49778cb34efc40fa32fba49370ef4b2d568fdc3ab260d8e82d2c186c5a7c6ee43aa896e6a70d9035912977f361a8,CLEAR,DARKNESS,DRY,DISREGARDING TRAFFIC SIGNALS,2.0,9.333333333333334,3.0,3.0
05bae0853e88583f9d5c0934806425ef66fe548cde8b954f165adcf62b5a5503bd5d8820ca707226a1023751f051bf26eebe4ee0cd951af0dac3d4064a436f35,CLEAR,DAYLIGHT,DRY,DRIVING SKILLS/KNOWLEDGE/EXPERIENCE,2.0,46.0,5.0,5.0
05bae8390f9a28185ed5667f4813894152e393570f42d342904850a5956671d62651eff7d1f79d644abbf1b528ddf497136ff229af574295a432c6679734f819,CLEAR,"DARKNESS, LIGHTED ROAD",DRY,IMPROPER TURNING/NO SIGNAL,2.0,50.0,2.0,2.0
05bb0e325228a5505f16a18e653935f775f9b830641279881b3659ef6d336b9d92b9bae17dfc7a343539b4c5cfb6c275b7a37e365e76ca9618b9aa9d14db4330,CLEAR,DAYLIGHT,DRY,DRIVING SKILLS/KNOWLEDGE/EXPERIENCE,1.0,52.0,1.0,1.0
05bb1d9de478b5afe9f274e154d3dd6675f909abe88884d9e0419887f532391688bdfd74f8d8d70d5d471edc694af061fd13c4dbadde0a30e908be7a804ed04c,CLEAR,DAYLIGHT,DRY,FOLLOWING TOO CLOSELY,2.0,36.5,2.0,2.0
05bb31f06fff2da14cf3f33981de21ff315c13b1e0b6a0bce03ebec94ef206a187588aadc9284d60ddd7bcbab68d084b1aac9f53d50064032d76a13fa3e442cd,CLEAR,"DARKNESS, LIGHTED ROAD",DRY,FAILING TO REDUCE SPEED TO AVOID CRASH,2.0,53.0,2.0,2.0
05bb3b0db6d2e2c495adaec76824707ece37dd6fa570a5bc4e3349b0048ebd1ae2add476c91fe2d60a508a42706012176eafcce1ac86f0ca91aa1adc04734d84,SNOW,DAYLIGHT,SNOW OR SLUSH,WEATHER,2.0,37.5,1.0,1.0
05bb49eef60239fe8d113e63769a98865d70eb196f061ec065ed9cbd199811b2929227359c3d96d47acf903a70075b42e8188696d5b81fb808217c2b85fbfd88,RAIN,"DARKNESS, LIGHTED ROAD",WET,FAILING TO REDUCE SPEED TO AVOID CRASH,2.0,48.0,2.0,2.0
05bb64f0d9f682dff9a73cf07fc83a6ff14b769114f1f92200deab664f5e9c66f17b1a20be0e8df69d3c1ff61fbf0d0a37820407368e4f72a278e92ffc4413d5,CLEAR,DARKNESS,DRY,IMPROPER OVERTAKING/PASSING,2.0,41.0,2.0,2.0
05bb7fb85e6837d69f4feaee31e0e8110bf550125ef12291f620c3d38ac3c016dfca57290aaab4379b39f7ba540ec26d81d589f0e90f9a3cf6b2bb8deb9b9a90,CLEAR,DARKNESS,DRY,"DISTRACTION - OTHER ELECTRONIC DEVICE (NAVIGATION DEVICE, DVD PLAYER, ETC.)",2.0,22.0,1.0,1.0
05bb94ef3e27916aec012c6bb192f4b88f945fb464344bec571a6c0c2f337729a8a0255f428cd798969404dd3ab7ceb5f9f50d92b43f542f7358774ace3afa0b,RAIN,"DARKNESS, LIGHTED ROAD",WET,FAILING TO YIELD RIGHT-OF-WAY,2.0,36.0,2.0,2.0
05bba57c5e396bbacc06ca5fd353ce0a853df9afac11e756c94a935d689f9fcd889d793bd0d0e0f8f888689aea3f641619f9b10b48a313a7cac2136d3f2ff0fa,CLEAR,DAYLIGHT,DRY,DISREGARDING TRAFFIC SIGNALS,2.0,49.0,2.0,2.0
05bbbace84b161ecbc4fc164f1933455af3d8e5d8a0ddfc1830c060026fba00ca983b2d06b44a2c7cd89a9e013e5129b996b2e3c2ae14dac95e2d049a3dbec99,CLEAR,DAYLIGHT,DRY,FAILING TO REDUCE SPEED TO AVOID CRASH,2.0,33.0,2.0,2.0
05bbc10d4a6db279efdfac1d6b133ba492e1763e7fa7044d3d6d0bc475c5a5e155a286407bbaad7f9e40410bf90e04750fc55a192e26cfa36fe2d1718e6bc9fd,CLEAR,DAYLIGHT,DRY,IMPROPER TURNING/NO SIGNAL,2.0,30.333333333333332,6.0,6.0
05bbf2fcc7dbd6a349a4c0cdd8a27317560d6e3a96fba72a85b7ab3ffc5b19cb9e6dfb7d75d4b375fbf04653386d09a37ec6db17a669514bc8fa2427d70c6e3e,UNKNOWN,DAYLIGHT,UNKNOWN,IMPROPER BACKING,2.0,51.0,2.0,2.0
05bc00580b79d856448834a60bc58b2ff00a04b199061fdb50536a7658460c0c3fa6a9e692ee43c71906c8a89975c2870f18288ebe3e2b518146e36c54a32341,CLEAR,DAYLIGHT,DRY,FAILING TO YIELD RIGHT-OF-WAY,2.0,43.0,2.0,2.0
05bc8b9be7711cd64cfdb4d3a58ff01f70931c34ed2ae73d3668da74bdc2f4cc4a7edc77729b964ca8500a5a31e11baab2a81b0b575a3efbc9e37c48f4921565,CLEAR,DAYLIGHT,DRY,DISREGARDING TRAFFIC SIGNALS,2.0,15.5,5.0,5.0
05bc9559fd9c457d602c8b94fa21d740cf9da5c042fbf3072bcdf418ca65add4869d7ffd5c315cd2a6b91abd479478acefd3af30e6c276f32d7898a139c872a5,CLEAR,DARKNESS,DRY,FAILING TO REDUCE SPEED TO AVOID CRASH,2.0,35.75,4.0,4.0
05bcb6c644718098eaa8791fc43b23473f2d638789c1a6f4e150b0239ef4ce68388096eca1881f33eeaceb508901822f9c9a9a0a57be63edeeb516c635f48d8e,CLEAR,"DARKNESS, LIGHTED ROAD",DRY,IMPROPER TURNING/NO SIGNAL,2.0,38.5,2.0,2.0
05bcbfb5b3b0fac51d1c58fe1f89aeaba6d02a5338a0303db54101eaba261b5fb666aecb55b878d80941e4fb2f125157ee3ffa57bc2566e46aa6f10a2ea78e6a,CLEAR,DAYLIGHT,DRY,DRIVING SKILLS/KNOWLEDGE/EXPERIENCE,2.0,13.833333333333334,7.0,7.0
05bcd3bec8ce43b8a59fef1df02006be53eb271bc9db37d8deb2607092102dcb9bf3804aafc3252d3e574bb141e9909323ad35fc0c3c7a36e7c25650e1475fc5,CLEAR,DAYLIGHT,DRY,DRIVING SKILLS/KNOWLEDGE/EXPERIENCE,3.0,39.0,2.0,2.0
05bd0472878a18b226f97bf958f8511163621ac81f081874fcac2a44b9774effbfaf6b471ae9e56c13676fee89c8465c2f828d488891d12dc33768f480bf201b,CLEAR,DAYLIGHT,DRY,FOLLOWING TOO CLOSELY,2.0,16.0,3.0,3.0
05bd5d1be83bfba4b82cab6a1dff3b17c55c4aa7c5c2afae595274bab4638a389cd5abf1c78e7dd51f84b90916302f8453c0ca50261e0a7c4f534c04df81ed04,CLEAR,DAYLIGHT,DRY,IMPROPER BACKING,1.0,37.5,1.0,1.0
05bd78013455e281831541b0ff066071b28798c93244bc0e910167299fa8371c703ad4e715723c99ced2155159fa622280bb7c85f679f0d05b155bbf04bb24b3,CLEAR,DUSK,DRY,IMPROPER LANE USAGE,2.0,25.0,2.0,2.0
05bdd8f822ba27bfe7ae4cf309b73d2f797efddc1eda3f3b0bfae2e7c523f1f65c09d93caa7982dc4bc09196547461a8212f4251c2c5c01ef1d150467241106d,CLEAR,DAYLIGHT,DRY,FAILING TO REDUCE SPEED TO AVOID CRASH,2.0,65.5,2.0,2.0
05bde2e1248f3914fa07a1fbd0227539851a1d6e5c9e53bad1a70dad6c5107c5594f2f8d3c8dae971891e716017abac436388dd8cdeade7133429525d237dce7,CLEAR,"DARKNESS, LIGHTED ROAD",DRY,UNDER THE INFLUENCE OF ALCOHOL/DRUGS (USE WHEN ARREST IS EFFECTED),3.0,63.0,1.0,1.0
05be02f4f8f834ace96b49e455603cdfa4563b9327c8d2c3ce176c54c741972c6d30e4f804abc279d3aba094b41f98de2a2474451886dd868157bbbc557dab83,CLEAR,DAYLIGHT,DRY,FOLLOWING TOO CLOSELY,2.0,49.0,3.0,3.0
05be06c9682182f55f76f5c8fa28e2e78ff24de853edc189e62c69cb83a6d03a52c782dfc1cb032e6eaf5034183310354996f59168352d18bf5f00ae45a0d6e8,CLEAR,DAYLIGHT,DRY,FOLLOWING TOO CLOSELY,2.0,37.0,2.0,2.0
05be744a9687d6006619d2850a51375e26f5dfe888746e233d42c5d8a10d52938df70db39b0fb2588158a69007e485d750fba9986bf2a1d4d7504cf683ce62f5,CLEAR,DAYLIGHT,DRY,DISREGARDING STOP SIGN,2.0,18.444444444444443,9.0,9.0
05be8e7def1dbfc3810a1429b24838fd497a4e273f689413e208a328a2170cdb8d005b8452231713b27beaa33b3b3fe8a7109eb47872ad170180c2fb6548b8d3,CLEAR,DAYLIGHT,DRY,IMPROPER OVERTAKING/PASSING,2.0,36.5,2.0,2.0
05beadd9c9563989f52a05c15db1ee778fda2e24e00342ae1a20c4ac44799c02d486b4948b227fbf62207e83ca481ec207db36ac5f4394dfb766a777e0d22413,CLEAR,DAYLIGHT,DRY,FOLLOWING TOO CLOSELY,2.0,52.0,2.0,2.0
05bee178dca367a095f18f7b0d185f22c04b757a441e6e93ceb34b71903c33745476115cf59aa999ce66b718d6358baf8d1a0dcbe18825c4b1ecf22b84e1cd34,CLEAR,DAYLIGHT,WET,FAILING TO YIELD RIGHT-OF-WAY,2.0,38.0,2.0,2.0
05befc4e9b5eb5130038cfe9e915f9c6b4d403b300b85dc46398a28677ce75d2eb3fb33aed1cfe43e3d2d0f2beef00e835aae0481692847b3b40f0f7b4c32be2,CLEAR,DAYLIGHT,DRY,FOLLOWING TOO CLOSELY,2.0,43.0,1.0,1.0
05bf07e23137fd703623fad7c4bf2d7d0a2d9c8aa1889ab349100137fe4cccb484385954d303dac6de46bf6701b700e40b3534c50cca32e586f19720cfcf3bad,SNOW,DAYLIGHT,SNOW OR SLUSH,WEATHER,2.0,37.5,1.0,1.0
05bf0bd342ba0133519a3c06bd41552aefd190325417ed3ce1e67441510e6189dae445a3690e8b671a105b1c83cebe409b2d4cb973820736f2dc01dcb3ba04ee,RAIN,DAYLIGHT,WET,WEATHER,2.0,61.0,4.0,4.0
05bf28de314c0d2e3ef0d169f923dc8e5a3cea29f8c5fc4485a657608aaf17a0ca8ba68b3613bc7ac0236d3a6982919659c116bfe60881ad36ec752effe74c2a,FOG/SMOKE/HAZE,"DARKNESS, LIGHTED ROAD",WET,IMPROPER TURNING/NO SIGNAL,2.0,43.5,2.0,2.0
05bf2bcbf8fdbe03056d0b7f0cca054ed591ecc668bfa1e78acccc3015eeecb7e4e276ea25914b25eb60fbc7a94578f4cf7e4217c950883135f8989e50b27e54,CLEAR,DAYLIGHT,DRY,DRIVING SKILLS/KNOWLEDGE/EXPERIENCE,2.0,69.0,2.0,2.0
05bf320f9743e8057f1b4a115949283412cc5063951ea2b313ece52c9ba216f93062a9c2d5a80da97eb8d9c095ac900ca3cbff9659d0a7f7151d077d1310e154,CLEAR,DAYLIGHT,DRY,DISREGARDING STOP SIGN,2.0,36.5,3.0,3.0
05bf54d0556cfde5000cc0c418053a3e2b2535a75c5e2f31041c138adf36b591e2d729efcabea42cf70d6f5646e06697cd366642479f0f5b48992bf690fc27d5,CLEAR,DAYLIGHT,DRY,IMPROPER TURNING/NO SIGNAL,2.0,0.0,2.0,2.0
05bf9d889c7bbd352aeeed0914da6355e1d4b834174340ee83129edf6e6538476cbc459ff17688d1733bace20643e9697aa67c56c77d5859152b6964ed75aa64,CLEAR,DAYLIGHT,DRY,DRIVING SKILLS/KNOWLEDGE/EXPERIENCE,2.0,0.0,1.0,1.0
05bfa237e1eb29880dc08ddc7a1cdee0e462610ba41c3445e8f58303bcca55e5323089b7cc63f5cda66f2a80a8bf0328af05f5a1d5a56b57d065d2e631cd24c6,CLEAR,DAYLIGHT,DRY,FOLLOWING TOO CLOSELY,2.0,24.5,2.0,2.0
05bfd8d3c84b79a08466424a6e6b55341c5c4a3a86a036151ffb0d9c216d4624601819b56e4bce220d6ab90479ef22b7929b31e6e089b3e53d2e4f3be848bbb9,CLEAR,DAYLIGHT,DRY,FAILING TO YIELD RIGHT-OF-WAY,2.0,15.8,5.0,5.0
05bfe3e7665b0e85e458107ae8b1faa5373627440133774fd01eed1c27a3b27f699341ea42c347bfbdb6aee0a40bdd1fe0c95cc2e6e49a9ac658664b2a8f32da,CLEAR,DAYLIGHT,DRY,FOLLOWING TOO CLOSELY,2.0,33.666666666666664,4.0,4.0
05c0011aebd1c88c0a87619ded0af9900b582200fc543f9fe8be7259cf471d46b07bcaeb84e6bfa5ed4379e4b01286f76aa4e097f857453673f3df193212946d,CLEAR,"DARKNESS, LIGHTED ROAD",DRY,FAILING TO REDUCE SPEED TO AVOID CRASH,1.0,24.0,2.0,2.0
05c02e2e44463fd8a7a07f1d3c95e06f707a29ea1ce70f750ce1c379e793f0c87676e958a3d6f3795f493f6ba44fb8bbb98785960bf54b0bbd971fd30a1aace9,CLEAR,DAYLIGHT,DRY,DRIVING SKILLS/KNOWLEDGE/EXPERIENCE,2.0,37.5,1.0,1.0
05c08a10545525e18a4020929f9068a1050afdd0636f7ddfa9885c5f91b5240c33d0aa8864c9ed508a8084f5e013525e4aaf07b5fb8ece00d84f631c91babf22,CLEAR,DAYLIGHT,DRY,IMPROPER OVERTAKING/PASSING,2.0,39.0,2.0,2.0