crash_record_id,weather_condition,lighting_condition,roadway_surface_cond,prim_contributory_cause,total_vehicles,avg_driver_age,total_people,total_injured
05c0b01526e37089bf75688fd330845ec7145d7a90fedb9363e4c9fc60df1da7049a267831fce10f7a986f0825f4df52f31a7b549fab9431cd0322ab220bca2d,RAIN,DAYLIGHT,WET,FAILING TO YIELD RIGHT-OF-WAY,2.0,58.0,2.0,2.0
05c0b4a4a6f04b4d4674254bc4f2b3979db8697268f2ac0c9e70373ebe158d056ceff86368a77162da868ea037f82f688487fa28f2ac600023e4de4436b070de,CLEAR,DAYLIGHT,UNKNOWN,IMPROPER LANE USAGE,4.0,20.0,4.0,4.0
05c0b81d7ca20c1422618fa17e120e9bdacf0f2feeb66d9cabf40f601d799f154e5c723970e763e908859e98d2100e2e08475a82a3a87979616c8b6794b10ece,CLEAR,DAYLIGHT,DRY,DRIVING ON WRONG SIDE/WRONG WAY,2.0,53.5,2.0,2.0
05c10d4dee26dae59d1c1f524880c4e7283020f70d274c1163b487dfcce5939e77273887da8b3b63202901e46389399d61c9f1495bdf6d7b4a671c43aa034850,UNKNOWN,UNKNOWN,UNKNOWN,FAILING TO REDUCE SPEED TO AVOID CRASH,3.0,37.5,1.0,1.0
05c1162f701252e5827ab9767a9e6160b9a306dadf45362ab512b6607618ebaf6e328b48fe0f3cafad94117b35d8528be8ef17bc2aa71142d6b3887612157c16,CLEAR,DAYLIGHT,DRY,FOLLOWING TOO CLOSELY,2.0,39.0,2.0,2.0
05c13ffe8e3b8fbed8bd79d826fda5b99f2f5eaba85cbc010f9c9df42519c362e113777a19909f9a46f9630e1172bae7172fc0d63303d96ab7e217926dc93d58,CLOUDY/OVERCAST,DAYLIGHT,WET,FOLLOWING TOO CLOSELY,2.0,45.5,2.0,2.0
05c140d248ea2210cf0b290679c291f3fae9bcf14f5e82d1ecaa5b4fb931723cff07dcc1b640ced4a75530e384a36f757d051153b164bd0a88ddf1a5f211ccad,CLEAR,DAYLIGHT,DRY,IMPROPER BACKING,1.0,58.0,1.0,1.0
05c145aa76406ac394aef31e0b5ada2210b171c79319bb464fa8e0042491644b835f60d04e476eef6809267085965bbebfe5c382a15491d3063ccb4666e757e9,RAIN,"DARKNESS, LIGHTED ROAD",WET,FOLLOWING TOO CLOSELY,2.0,21.0,2.0,2.0
05c16059a96aac1cf53b74bd837a9a3eb76a442bae76713ecd002a7eba809676f68ae4e92d39c6fa528f58240d4a0758fb055c5fcff454015228265bce179c62,CLEAR,DAYLIGHT,DRY,FOLLOWING TOO CLOSELY,2.0,47.5,2.0,2.0
05c1904054b3a0bb3d2ec2c1d15d4522aa05fbb6c28b901b69ef621e8090c5ccbaeb45bf01d8fbe66b468b5239c83c22732e6e55ba3b1c5f990b7017f14ddfe7,CLEAR,"DARKNESS, LIGHTED ROAD",ICE,WEATHER,2.0,33.0,2.0,2.0
05c1a200f2f25226894d8189a083199ba1fd9cfa311a5d19568a14a333affa147fd6ac65e6585f58442e1bc0123a41f35c5f9d85b794f2253a7599fdba85ac75,CLEAR,DAYLIGHT,DRY,IMPROPER BACKING,2.0,38.5,2.0,2.0
05c1a7888686418071723b45eb437be14576d47be7d46afb90e1a7fa10f948c6c6d76da78e7e78a63345599dabbe1f910bf85e1dc35f9a066fb838fd7c2cf3fe,CLEAR,DAYLIGHT,WET,FAILING TO YIELD RIGHT-OF-WAY,2.0,37.0,2.0,2.0
05c1c6cd8b899f0a53bbe06cd76b707e79ddd2618e0ca5aeea86483522963c68340afc078445b2c1418ed00e719d952c7fa3a55bcaa89c4e9833900c14c51f8f,CLEAR,"DARKNESS, LIGHTED ROAD",DRY,IMPROPER BACKING,2.0,37.5,1.0,1.0
05c1cc94f19f6b1260a76c46b1a8db265325a1e2876126427a49a64b562b28461656bec8791b27439ee4e783596f24b9f17d9ca242f20f7e650d5ec566404fa8,CLEAR,"DARKNESS, LIGHTED ROAD",DRY,FOLLOWING TOO CLOSELY,2.0,28.0,3.0,3.0
05c1d66a06ff027b544803d03b49a7d8b487ea31b321870734e8576a8c4d6dc48036d8b6baa1cd87cec1aab2a7b366a51bc3fc08492ffbd1de1aadb5f0ebc91b,CLEAR,DARKNESS,DRY,FAILING TO REDUCE SPEED TO AVOID CRASH,2.0,34.0,1.0,1.0
05c1fce7569bdc38cea652fb78a66608be75f0ee749b97fbff20ac35d1cc6302e32b6e69beed8e67bc2e8e3f723a2a5b6107ddf5811360a5d510364a09ac1256,CLEAR,DAYLIGHT,DRY,HAD BEEN DRINKING (USE WHEN ARREST IS NOT MADE),3.0,49.0,2.0,2.0
05c214aa59012ecc9b80c7a5ab1874fa319fceac47c1a6a9f9d6bacb8452bd961b69663db73ca2ca2a1e159edd8a513577607cc1b3057970d233e823bada792d,CLEAR,DAYLIGHT,DRY,FOLLOWING TOO CLOSELY,2.0,37.5,4.0,4.0
05c226e2da48b14ec249405298f9e2af28ab215c4cd75dd5307d1df46e997f609c331649a30dab0c67342e47832c3bd77b79e130c20ffa7bd9cc0dc01b2f59cb,CLEAR,DAYLIGHT,DRY,CELL PHONE USE OTHER THAN TEXTING,2.0,30.0,1.0,1.0
05c233ceaf6de768f7621b9fc31401ae207442c2213885690abad153b8a091374f1bc14297445dd2d7a0eaac684ec140c751107f684da63585b62d2cbf65bac9,CLEAR,DAYLIGHT,DRY,FOLLOWING TOO CLOSELY,3.0,35.5,3.0,3.0
05c255e3127428b65f36bf952d8c0dcec6bb595f2bc27b6270d3ee5ec5bf443a6747f11c2fc61a4adbc2935af06c140c7d7f0933339e4325465db86b40b6caba,CLEAR,DAYLIGHT,DRY,FOLLOWING TOO CLOSELY,2.0,41.0,2.0,2.0
05c2a14caa3ea931313da6eb18497ff85b42c94c76ab4427788b456742061c7ea1e6f172f852b73e06322f70975ee069081cc903555121f1084d0128ea3f6ab2,CLEAR,DAYLIGHT,SNOW OR SLUSH,"OPERATING VEHICLE IN ERRATIC, RECKLESS, CARELESS, NEGLIGENT OR AGGRESSIVE MANNER",2.0,16.5,2.0,2.0
05c2a58aaac9d8bcf7152666ad3eaa279f928b0e6587c64abbed82451d34fa6def841b99e5d10b3c5ec665d8b8f654b3e1f3ccb3a0c307f38530dc566394cb97,CLEAR,DAYLIGHT,DRY,FAILING TO YIELD RIGHT-OF-WAY,2.0,33.5,2.0,2.0
05c2c8c692499f82098d87ed9e5df8821dd3dfd788586cab215eb7ed945ffbb737bf6b11c3459282eae4bc1865fa5e9e920eac614fb3f482a5fc77103ed8c8da,RAIN,DAYLIGHT,WET,FAILING TO REDUCE SPEED TO AVOID CRASH,1.0,59.0,1.0,1.0
05c2e7269b8517b4e666262529ad403364870eae1d3a4f1f72fb7ef2cc60e959b25c9a2b3e4501fa6e8ce94a6ec04e8f76e760bc98b818da4cd5d6285f1c7b8a,CLEAR,DAYLIGHT,DRY,FAILING TO YIELD RIGHT-OF-WAY,2.0,61.0,2.0,2.0
05c32456ec152eb7199f02b321f2b394e753ecaca6a18ce64aaa8a6f09ab857949d2d38231977e500212eaf691448162adb5d5ce8fdac3c76d84049541d666e3,CLEAR,DAYLIGHT,DRY,IMPROPER OVERTAKING/PASSING,2.0,35.0,3.0,3.0
05c334a83d5f06ec35c5ffa9486cf02ce0e4d228a3c1fecddd6c12467e3d3a7a3754bc3550282fb962acd66b3f0d0c945c435a43ba8e46b930a7592eeff49862,CLEAR,DAYLIGHT,DRY,CELL PHONE USE OTHER THAN TEXTING,2.0,38.666666666666664,4.0,4.0
05c343d071ba4197866f9874f48a04a104e1886c32da872f863edb4d2fd0fe8ff368acbb895fb19eedb8df919f25a5d5f29edb96cf1edb524a58a65d6c2ae4ac,CLEAR,DAYLIGHT,DRY,FAILING TO YIELD RIGHT-OF-WAY,2.0,38.0,2.0,2.0
05c34c86a25cc71dfa997a35a72370eef06742fb078b33425810a8d4133e3e28cb3875b27ad86f3277b03454c4641d93528c487e2622bf017d4c4914d4a02bbd,CLEAR,DAYLIGHT,DRY,FAILING TO REDUCE SPEED TO AVOID CRASH,2.0,58.0,2.0,2.0
05c355c3f6df5b227a3466e817019418c84408435d878f979cf534165af7a0377add3f9b2aff12b49ea63f4c5622758143f95ff984ef02536c5f0d14dda3b985,UNKNOWN,UNKNOWN,UNKNOWN,DRIVING SKILLS/KNOWLEDGE/EXPERIENCE,2.0,28.0,2.0,2.0
05c376e36dbe58d2bda00e4a719d52a09cedb92c007ae07529c41e7c653326d36159db899d3a13c6404993b8126e496f187c9a955950e04e1d5ca2c82df90bc4,CLEAR,DAYLIGHT,DRY,IMPROPER LANE USAGE,4.0,24.5,2.0,2.0
05c3885256e026b17e2637eb3d60d6bbcfac7f009bbe887d0df6eb8ed0752cbd359808a2773c4d40a5e17de370193c540eff7a150ed3b82dd5772c456c3dce84,CLEAR,DAYLIGHT,DRY,FAILING TO YIELD RIGHT-OF-WAY,2.0,19.0,2.0,2.0
05c390759f29002d947d1d3e11f317b864c70aa71cea1c2e462a39b8b4357c3280a5a33ba82c55ab0e5cfadd90dab67fbdbc69e5ab6e4c53813d6e58ee6dfb89,CLOUDY/OVERCAST,DAYLIGHT,DRY,IMPROPER TURNING/NO SIGNAL,3.0,28.6,5.0,5.0
05c3b13fdff6a82ef9d84d6ca0cadfdc18553fa01fc28dacc515f9cc4e752d797e26c78579b7983bbbd5f41869cc910f6ebb316f1c8ab1409d412cfe82b91f8c,CLEAR,DAYLIGHT,DRY,FAILING TO REDUCE SPEED TO AVOID CRASH,2.0,43.0,2.0,2.0
05c3cd5710e4b3a27ce7f1d827652d99058f6cae25587eff5c517c6604c01bc1c8769a43b464ce0b5f620775859bfc6993fcb47b38718ae432887b466eb2593a,RAIN,DAYLIGHT,WET,IMPROPER LANE USAGE,4.0,22.0,10.0,10.0
05c427d7cddf00d670b52ce4f9475085b8a92806cc49a3e8bbf64616202e61e0fc2cadab80a4c819acdcc4d669c0bae43e7ca8e506a37687523aba873b8f8039,CLEAR,DAYLIGHT,DRY,FOLLOWING TOO CLOSELY,2.0,63.0,2.0,2.0
05c42ce6b2f6a628da05a4d0ca01153882a4288ac092e6050f59e0ba86ede1ba4b8605b95402d5bf1f8e3728ea98500f375a7e7b2bcd39dbd64bc603203bbf5c,CLEAR,DAYLIGHT,DRY,FOLLOWING TOO CLOSELY,2.0,32.5,2.0,2.0
05c46ebcd80cefe99785329aea56b73a73078ea825f38aa499c7c0b3ae764fc20f3682de4fd124eff0bf1a8598ed7ea92a5bc8728a6625883d017dad2ef6f2a2,CLEAR,"DARKNESS, LIGHTED ROAD",DRY,DISTRACTION - FROM INSIDE VEHICLE,1.0,42.5,2.0,2.0
05c49de5ed639a02804e8d764036c54f29c12c0f47ada5c4be63396e62700d3f1c10918f047e03cebe57a1c69383c7c11c84ed03547d0091facb75486bf37953,CLEAR,DAYLIGHT,DRY,IMPROPER LANE USAGE,2.0,45.0,3.0,3.0
05c4ac49f6ca2e659c8e4236265c7a74cff2c6eac63e2a11a8be788bd031c19ca3f8664c8f3c83eb17186091ed874c02a96ff2aabb74b3a13f4172e1c360f4da,CLEAR,"DARKNESS, LIGHTED ROAD",DRY,FOLLOWING TOO CLOSELY,2.0,29.5,2.0,2.0
05c4edd8cf7e22061c2a034dfecbf8a91abb3e31d9366df7ce1332474d612f390d3bee5286ee5ded705e92cff8cd4186c241f61cd104717646a2dc463221e42c,RAIN,"DARKNESS, LIGHTED ROAD",WET,FAILING TO YIELD RIGHT-OF-WAY,3.0,24.0,2.0,2.0
05c4f6e5535cacb162644dbf8f43aa582bbef9a06c7800db8a3db8f9fafe52174130252da1c4862369089e2c4128eac7659bcf3e2c80c34b61618eeeff223a88,CLEAR,DAYLIGHT,UNKNOWN,DRIVING SKILLS/KNOWLEDGE/EXPERIENCE,2.0,26.0,2.0,2.0
05c5032c87cc80f3e83f562f88f5f47b9a4d1d9c2ba1f60c81ea4109d3d2d3b1265cd0c1443b5046619c64486bac5488ed14d9375ebebfc402d34aaa9744fd10,CLEAR,DAYLIGHT,DRY,DRIVING SKILLS/KNOWLEDGE/EXPERIENCE,2.0,37.5,3.0,3.0
05c5109d0fb8d9398dbbdd8335a8f175da9977cf98b50a40d02602b601cb594f7be5b6059fea98eb4dada8b246e3241ad7e65c686c5aaaf423e098f16e0ac940,CLEAR,DUSK,DRY,DISREGARDING TRAFFIC SIGNALS,2.0,49.0,3.0,3.0
05c5753c17dff706bf97258afe0cfa194e6af7da8f6df02b525949a2aeb53a4428082aa284b3c4964fd28953bf517b859ae11b4343db4d5dcfc6edb8a1217f9e,CLEAR,DAYLIGHT,DRY,FAILING TO REDUCE SPEED TO AVOID CRASH,2.0,45.5,2.0,2.0
05c59db9b33932b5b3c133705b79ced88b9d9bcf0c6c861df2b1fb3e10dbf7e431054c7ee036ef2c14d3540898134f14171ecf51cd026b0bc316cdec4ee6d525,RAIN,DAYLIGHT,WET,FOLLOWING TOO CLOSELY,2.0,31.0,2.0,2.0
05c5a220a83bc043673571c6c1f8094057de368628610aab59811c612d52df78095f96f251c3fff556a0f25b6aa9cd54fb29599d34f78ae55da9c34509cf1350,CLEAR,DAYLIGHT,DRY,DRIVING SKILLS/KNOWLEDGE/EXPERIENCE,2.0,65.0,2.0,2.0
05c5a58b39e0ec7ed89250c79a904d9a9cf58c33aec3d661de133fcd3a4b635b95fb9a78dfa0530064a73e1b6e049115a498a7733cf330c0c110f464b2891416,CLEAR,DAYLIGHT,WET,FOLLOWING TOO CLOSELY,2.0,37.666666666666664,3.0,3.0
05c5a924cf985edb7ed2e2b4e592c7341720245a83e71d6b04b4323503f6c3893679241d8de5be4a423bdbb9e11ce72a98ab647897928bf84a056d120d893824,CLEAR,DAYLIGHT,DRY,FAILING TO YIELD RIGHT-OF-WAY,2.0,55.5,2.0,2.0
05c5ea09221cd9579f881b23ea09d13e828de55888f91b795619fcb6d56da7bccd70373162211ad312554ee31152b0b8fb7700ba6fe0c4dd0324664f15484f6f,CLEAR,DAYLIGHT,DRY,IMPROPER LANE USAGE,2.0,58.0,2.0,2.0
05c63482055e9195a73ef9127123fd808cfc78988bee2ba159db4cd0a06cd5c09a1aa42cc7abe9f8097fd8443a332dccd62e568b4b1a8ddc65ca690f1b3d16b3,CLEAR,DAYLIGHT,WET,FAILING TO YIELD RIGHT-OF-WAY,2.0,46.5,2.0,2.0
05c695e3866558cc757e74186aeacf1f734f98e2e9cc9f376b683d4982ff310b5010f0eeeb55cb221b4ea276dcd3afa3538a6e6d9a67bd44107417d7b6b7a60e,CLEAR,DAYLIGHT,DRY,IMPROPER LANE USAGE,2.0,31.5,2.0,2.0
05c6adb578109253eb0b4cf7ec9575e2d8c7d0c0965cb6f0b8ce108b31ebc4cfeed90b5939af3e5d419485f114a9840b3d37f3a692ea6e56bb43e51686124f88,RAIN,DAWN,WET,CELL PHONE USE OTHER THAN TEXTING,2.0,25.0,2.0,2.0
05c6efda5ea699765f1d0d122bfc6eb165d97860f5424f1c60389f6ca56ec0c936f1af7a63de9f6c74102675bab8c808c68b05ae8f335f3eba83b808c816cbe6,CLEAR,DAYLIGHT,DRY,DISREGARDING STOP SIGN,2.0,52.0,2.0,2.0
05c70a0af6953fc784348adb1a94e6549938d21006b4eff4868f32fd29bc27f1ce6aaf88020c741109f0ffe80252d2657d525d29e374b1b28298e9136a5a858a,CLEAR,DARKNESS,DRY,EXCEEDING SAFE SPEED FOR CONDITIONS,1.0,24.333333333333332,3.0,3.0
05c7141f1931464527f4378dc6063c370c6df371bac56a9bfb3bef4af7950f13a3ef2343df7eb105793d7bb60544b90486e95a9b96a917f21ea44a645a0efa25,CLEAR,DAYLIGHT,DRY,IMPROPER OVERTAKING/PASSING,2.0,44.0,3.0,3.0
05c72bbc6521dce20cfba62540ff9356dea43b3740dd20911c9eab7bd90efd268d2058074da477e4ab355ebfee0fa2299725791f967999e232f0f19b3b235186,CLEAR,DAYLIGHT,DRY,FAILING TO YIELD RIGHT-OF-WAY,2.0,30.0,2.0,2.0
05c741094d46abc5959cb24d869730438ae4a1f02e38527c319297bef0e334976b3981afbca2e102fcc66dcfe1abb7e16326fbcfd254c69335ee33c4e315afb1,CLEAR,"DARKNESS, LIGHTED ROAD",DRY,FAILING TO REDUCE SPEED TO AVOID CRASH,2.0,35.0,2.0,2.0
05c76ca0c2d90a963b3a9240aec8625e553eb1500cfcbb67af7112fbc3fac54557be88fd5f5c5e70b7d61d07b0796ede15dbd8ebbf4f165bf17d0de62e085c2f,CLEAR,DAYLIGHT,DRY,IMPROPER TURNING/NO SIGNAL,2.0,32.666666666666664,3.0,3.0
05c785203cd31560239c091dafba33829b17836d9ad89eb46442078a8b165e3ade6a88dbd30c4a0be0f1a546dd1e561988334df9a4564752b5e297c3f8533328,CLEAR,DAYLIGHT,DRY,IMPROPER TURNING/NO SIGNAL,2.0,37.5,1.0,1.0
05c7f48d274841390939d2ea45f8166bf7ba24dbf33e3a81e5bd94452014b2599ea87d8f23a9790e4ece48148f4d38c4ff4c73e8b3c87041ef94be30ccb63883,RAIN,"DARKNESS, LIGHTED ROAD",WET,EXCEEDING SAFE SPEED FOR CONDITIONS,2.0,30.5,2.0,2.0
05c808d05f737cc6ff2ef6b41862a8b00b67d0fd11779f6d55d55712902498ebb789b575cdb9a415a157ed417fcfae41d166a1eeeeff81440afbe63cee0214ad,CLEAR,"DARKNESS, LIGHTED ROAD",DRY,IMPROPER BACKING,2.0,22.0,2.0,2.0
05c81e9fb474b0d98fc748158e2d5610d64c9434ae085369a5e865b286d023436e98a059c5854edc4b9d6bb57d9099ad82b0a93b768dc38d4f5003fa89990006,CLEAR,"DARKNESS, LIGHTED ROAD",DRY,FAILING TO YIELD RIGHT-OF-WAY,2.0,30.0,2.0,2.0
05c81eb87c0112cd5fcb78f0027fea86fb88585964ccf0bdb398899fc6be0c0bf60a1b8a96ecb383e8c2046445974550ad152a31a5b61d92fd7d7c23f905ae91,CLEAR,DAYLIGHT,DRY,FOLLOWING TOO CLOSELY,2.0,57.0,2.0,2.0
05c839fd5b5811bd53727736bf2217cd453da4d8192590ba88ee3cd9d6e7dc70159c4dbd0cf3d7027ea9d52ae91c3ef8240dd60db1b5b9832aa6744ea765352a,CLEAR,DAYLIGHT,DRY,FAILING TO YIELD RIGHT-OF-WAY,2.0,29.166666666666668,6.0,6.0
05c844d355df8ee40c1f4c3227d9ff2b701fdd3d0e33750f6a7dce467ec37cfc3b312c81b67ce5327c696368a353d54f125d246915c65d20fbf07906675afcba,CLEAR,DAYLIGHT,DRY,FAILING TO YIELD RIGHT-OF-WAY,2.0,37.0,3.0,3.0
05c878297a5b709e75ac15bc572bca69b166fea00aba3c4ab9bbd80e7e57282da4a7959d844611277fe559cf49e1cb922fc28a1ac30dd9333e553860a4b52b86,CLEAR,DAYLIGHT,DRY,IMPROPER OVERTAKING/PASSING,2.0,67.0,2.0,2.0
05c88554259a5020c37e61dfa6a8b12886b535c5156c91f16156f846c0fb685a2f9d9bfd2d58cbe7ec9f4963b5b56eec9975bd8808427891eeddd7d5739a1f17,CLEAR,DAYLIGHT,DRY,DISREGARDING ROAD MARKINGS,2.0,48.0,2.0,2.0
05c8c4e66e016948be07abe45f11099bb6a222c3d8689473c64f034ce432755fe381034186b7cc681ee76547315f2a8e12b19cb96c20a68cad7ed186d1e211be,CLEAR,DAYLIGHT,DRY,DISREGARDING OTHER TRAFFIC SIGNS,2.0,45.5,2.0,2.0
05c908671ed9368d93e3d43eb571ba13dd56e9791422bf2f9054151c24795bc035a35a65a0e6bd74bd25d0226bc31a1e96c2ce89ea591e43eefba9c5e151af4f,CLEAR,DAYLIGHT,DRY,"OPERATING VEHICLE IN ERRATIC, RECKLESS, CARELESS, NEGLIGENT OR AGGRESSIVE MANNER",3.0,25.666666666666668,4.0,4.0
05c916a0fb2ba5ddb3fb732e1cbccaf3b6a449398b0fc5966ac0cc70a9bda7d9b33f440336906b78ec15558a4c1769104c927a9b4622632a233ecf2d91993a26,CLEAR,DAYLIGHT,DRY,FOLLOWING TOO CLOSELY,2.0,36.0,2.0,2.0
05c92d34a9a2378d4e76c27897034ed9d4231e357438d2bfe208e28593540eb3cece64497c8a0fbfd8f98aa0c71f7f45a2a919f4379141c8d6772484e044c50f,CLEAR,DAWN,DRY,DISREGARDING STOP SIGN,2.0,36.0,2.0,2.0
05c9497dcf507de63b2897af9c91b438775203e50a6f39a4fbbb306b38dc8b8274644bcc12151edda0ccf4a9618a081321c30bf369f36e509543bc181aea8d65,RAIN,DARKNESS,WET,DRIVING ON WRONG SIDE/WRONG WAY,2.0,52.0,2.0,2.0
05c981f714b806a7d8352ae8b0bf6cd06881e130329174dc9b08ac802ca1476aed88f04582094b253cb111aba82d75a748ccca7ec81ab26e2036f8701b3dff80,SNOW,DAYLIGHT,SNOW OR SLUSH,DISREGARDING TRAFFIC SIGNALS,2.0,25.25,4.0,4.0
05c98a0a9bd15c815fd25037433767547837047f9e03fec97ada613b021dc5484ea47f1c4a90c23693b1acef367bec7a07e7fff9d87eb86b40bbded878163a4a,CLEAR,DAYLIGHT,DRY,FOLLOWING TOO CLOSELY,2.0,37.5,1.0,1.0
05c993d3aed6684f2537b69ef887f7ebecd1549bd000ef39e5e029fbcd6edcda028cfe74cd8259c58ec08f7b859dfa6700a2059a637da4cbd020b647e66a9b09,RAIN,DAYLIGHT,WET,IMPROPER LANE USAGE,2.0,40.0,2.0,2.0
05c9e9fb9f55613994e020c07260301c1117e7bf596ea91df7c936eed38f5c0b77d07b7fa9f3c086b9d799c3635553be1f3a10c9379a017e3da8e4b0b0dba2d0,CLEAR,DAYLIGHT,DRY,FAILING TO REDUCE SPEED TO AVOID CRASH,2.0,37.5,1.0,1.0
05c9f06b87448802f4b9ca190c0b8f16645f4704db20dc578edc2836931969893b61c01b1d502a43e229382aa9772976b8c93ab988b83b8ce85195c5df4079a5,CLEAR,DAYLIGHT,DRY,PHYSICAL CONDITION OF DRIVER,4.0,56.0,1.0,1.0
05c9f9ab39df77f84f17f3273dd7913e9b82daf6760a8fb2c32e76e84dc4571ee00e323e2f88247c92af351dc341758d97782a3e2f601c1d870f5cee29196995,RAIN,DAYLIGHT,WET,IMPROPER LANE USAGE,2.0,32.0,2.0,2.0
05ca0e57b899e9dc5118f3f5c0e30685ab0e9b411ccb05755d7b866bc9c7c58dc701775732c1d021de6ec7b39ba107f333211c0a81e4bb82f61777bfef970b53,CLEAR,DAYLIGHT,DRY,IMPROPER TURNING/NO SIGNAL,2.0,35.25,4.0,4.0
05ca2eb33e4d201da9ceda07e1a87b9e94f3ae769b4b7037113d6e90275cb23b5fcdd83c82a10a3c7a73eb1efaf38da8820b291b6290d97046585f6ff6fe9117,CLEAR,DAYLIGHT,DRY,DISTRACTION - FROM INSIDE VEHICLE,2.0,37.0,1.0,1.0
05ca2feda16d3d4c5b1acb385e908eb2e2a05e064dab9f6e1d91b3ff8bd16526b661b7a605d8843f3f19270aa00914d35efdde601ca851e9a0c0aa0c3aca52cf,CLEAR,DAYLIGHT,DRY,FAILING TO YIELD RIGHT-OF-WAY,2.0,17.75,4.0,4.0
05ca48b12356c98507a729701f76f694e570bdec896d55d1104a4110c6242097690401621fd11e716263680a216f6311518265bf7bca03127acb12a19d2fc6ff,CLEAR,"DARKNESS, LIGHTED ROAD",UNKNOWN,FOLLOWING TOO CLOSELY,3.0,42.0,3.0,3.0
05ca708bc68d8141712c21086b06024aa3cc9f3c316f82e0e3df35ffb987447e5a8a160607551aa61aa524c61025b5977c2f483372dfa40b3580886d719795dc,CLEAR,DAYLIGHT,DRY,EXCEEDING AUTHORIZED SPEED LIMIT,3.0,28.0,3.0,3.0
05ca90937c8f199ddd8556876730ff13758de1a6de9cb856a72665837f4756de71ae1d79235b8099fe64c10c110f53cfd0b7ca66fd1d3af8add81a383ae78fcb,RAIN,"DARKNESS, LIGHTED ROAD",WET,WEATHER,1.0,23.0,1.0,1.0
05cab475d2c3148de9676ae43ebcd6513bb81aad38fcc02b423eb0bab86400618d2d115b1101ecfe63339af29849f1686c4232301d1a815dcfc601c8a1b1c54c,CLEAR,DAYLIGHT,DRY,IMPROPER BACKING,2.0,39.5,2.0,2.0
05cab510dd3f18491faf6bf95296d84f946da40bfc130e9824c157afcc64f4e63cdd1c854c76c492508067f6732760e052deaa6df64eb89884c6e9b8ca196534,CLEAR,DAYLIGHT,DRY,FAILING TO YIELD RIGHT-OF-WAY,2.0,53.0,2.0,2.0
05cad1d349afaa3662224986d9572327bb754c88e2582a2afe28cd040dd242d34f5fd027476d41f329e35bc4f95e743dcc992e656d0cc2e0067973df6614a576,CLEAR,"DARKNESS, LIGHTED ROAD",DRY,IMPROPER TURNING/NO SIGNAL,2.0,31.5,2.0,2.0
05cb1ffb8b5462ec5f5184d8c9178bf958b765476189e35c85c1bbcb8fd7157c56962d4cde9c2e94caf20f80a7a2eb85152bc7e097ddecaa727c815aa4eed40e,SLEET/HAIL,"DARKNESS, LIGHTED ROAD",SNOW OR SLUSH,TURNING RIGHT ON RED,2.0,51.0,2.0,2.0
05cb604410d7f450ce38465f5e3ede629c1cb0004e6458b51532c5e47f236019a97d9d293fea9c8bc9a177e6d8b5cd59edc681a25013caee055c6e39c85c3267,UNKNOWN,UNKNOWN,UNKNOWN,IMPROPER OVERTAKING/PASSING,2.0,37.5,1.0,1.0
05cb8b0c56f57a8535b3a3f3e2b23f7a0126142840dbce3b17abec440738cdb059a9430178be30892f51445fb9c7c4150371974691fd2cc25e674a6c6c371589,CLEAR,DAYLIGHT,DRY,FOLLOWING TOO CLOSELY,2.0,25.0,2.0,2.0
05cbc4e988369110bbd3640f4d1840e7851cb29fbb177fd733b6aa9d8d1d09f901391243a993ca017817d997d2233b1aa078ac848bda842f6a9bd01e7cd18a40,CLEAR,DAYLIGHT,DRY,FAILING TO REDUCE SPEED TO AVOID CRASH,2.0,41.0,2.0,2.0
05cbc7ad724c1c46fb7e95fd91ea40b2e4932d3b3b1f5d4d7727d5dfb48b561e80e89fa11fcd6980916db94a82c869a9413edbf41401c05c91b49202be7b0695,CLEAR,DAYLIGHT,DRY,FAILING TO YIELD RIGHT-OF-WAY,2.0,46.5,2.0,2.0
05cbcaf287d4dbf5f92db74c43a88d63d40bcc5001c3369db0b06fec9ff55a58d4b2b174db76918591aa7d41137d60f7957af76279b47f1047a9197147901410,CLEAR,DAYLIGHT,DRY,IMPROPER OVERTAKING/PASSING,2.0,33.5,3.0,3.0
05cbe8166644c499e1fe9f113a8e98ba95103b1971818ada1fd6911fd334032d5e78241504678bb1e42f4a63e741cc31a73eb8c8d0ca9b07a23fa132b8cd2590,CLEAR,DAYLIGHT,DRY,IMPROPER LANE USAGE,2.0,27.0,2.0,2.0
05cc05561d93be8e0057c690bd26d73b88bf68a810445701e57e204a40da8501183a5262bfd679395b6a4712a89b2a43937a158c1733da5744c51f4c1871d7c0,CLEAR,DAYLIGHT,DRY,FAILING TO REDUCE SPEED TO AVOID CRASH,2.0,54.0,2.0,2.0
05cc13b102814925f2569b4fc93562a2a9acf892693881f7a36658812e779e7c08a28f63359669edc32fb364da139a6dbe7838d0a5c57925f8f5954006976672,CLOUDY/OVERCAST,DAYLIGHT,DRY,FAILING TO REDUCE SPEED TO AVOID CRASH,3.0,32.333333333333336,9.0,9.0
05cc195dd469085d5ea55f94db328495a7f5895a8588de76245fccc206feab8c85563896068169f3e70b1bfd7fac0c404ef6d35a76f1edf27af89b36675202d9,CLEAR,DUSK,DRY,FOLLOWING TOO CLOSELY,2.0,25.0,2.0,2.0