crash_record_id,weather_condition,lighting_condition,roadway_surface_cond,prim_contributory_cause,total_vehicles,avg_driver_age,total_people,total_injured
05cc30cff79ea7a65b0a72e270dbd674bb65931168af79d549bace57daf0971621345d4693561f4bfcf6beddec20e93478ff231e5fc6726c92b4ae06fcd905a0,RAIN,DAYLIGHT,WET,DISREGARDING STOP SIGN,2.0,17.0,3.0,3.0
05cc49b6b107f07b3bb73ff85d9b66cc9b10225d6f7685da2b619e2c69400aab0c357b563c365b7ad2f12618a09daef79c547c343dda912b6cbc5a0c5d639798,CLEAR,DAYLIGHT,DRY,FAILING TO REDUCE SPEED TO AVOID CRASH,2.0,21.666666666666668,4.0,4.0
05cc50e454b297b1b139f8d18f0983b19bcee702fa7505dd47b2eb6a85c06e246420bec1daa362e3be87ab5f10e3d69055fa5aa46149d2e8cabe5f7d5e15bab7,CLEAR,DAYLIGHT,DRY,FAILING TO YIELD RIGHT-OF-WAY,1.0,24.0,2.0,2.0
05cc51a69ebcc33191c3b8673185efe27a95d54158e63368d325067bd5ad003568889f874ef0fcc240e9553cfda3c33641ccbb9d7dfdc14ce15dbaa58bae6726,CLEAR,DAYLIGHT,DRY,IMPROPER BACKING,2.0,29.5,2.0,2.0
05cc68a155bf9e5fda6b4feb278b274ecd1df0fb295cfe20469bade5cabc65c00683f10e865b3198fcad107d8003e17993d3b2646b295732514dcdc000dcf18e,CLEAR,"DARKNESS, LIGHTED ROAD",DRY,DISREGARDING TRAFFIC SIGNALS,2.0,17.666666666666668,6.0,6.0
05cca04f35f885bfe7ed4874f5a36e286d2b4bdae95442bd9b72cbea11a57a71379e7b4877f8fcbe7519c58fad9b04a2e10832009c1e6a5de3fca0f1d76fbce4,CLEAR,"DARKNESS, LIGHTED ROAD",DRY,FAILING TO YIELD RIGHT-OF-WAY,2.0,32.0,2.0,2.0
05ccb1366ffaf9c31beca663e4c6408f7b961c680315bcd47795d2883a3328101845f43cd1654f55aaa0a67d4a5a18dc98ccb0ebac8593fdfd250288c95e2b72,CLEAR,DAYLIGHT,DRY,FOLLOWING TOO CLOSELY,2.0,43.333333333333336,3.0,3.0
05ccb7c2873df4085e5e6b7706c68a80ffb3507baaefdd8ea3bb6158fe96a8d8e6791be922c570f0d8f2cb65328d72735f13875107d25244aceee170cd7fe7b0,CLEAR,DAYLIGHT,DRY,DRIVING SKILLS/KNOWLEDGE/EXPERIENCE,2.0,37.5,1.0,1.0
05ccc5f79a0816ae29e7399dfa2ff8e6e57ef7fce2485d3cf8ac66452c507aad65c0d66049dac9820edbb9b84009f284da9e13b8ed799515c40ed5e1428818a0,RAIN,DARKNESS,WET,FAILING TO REDUCE SPEED TO AVOID CRASH,2.0,47.0,2.0,2.0
05ccd99508e0eb7a7eb0266d5331f0e13b5b5b774c098847092d9561a66fd3dc2f850bdc76051dbe114efab0606ebcc033353d2341af7e5bb794f1c2be90dacb,CLEAR,"DARKNESS, LIGHTED ROAD",DRY,IMPROPER LANE USAGE,2.0,27.5,3.0,3.0
05cce612c74add5a2f30f202e256b89114dca846f04e295ae7a893b7802d2614724142527a353700359e5fdb5fbbfeee2451810185edc4193b9357504e2d9bbe,SNOW,DAYLIGHT,DRY,IMPROPER TURNING/NO SIGNAL,2.0,49.0,2.0,2.0
05cced4b248a37281b5efb61827103669a9643d7ab985f5c086242f0a6ef74d9d8bd616c0c96b4769544516e4caf6e87e20cff539773abaa32581c832b33ea35,CLEAR,DAYLIGHT,DRY,IMPROPER TURNING/NO SIGNAL,2.0,46.5,2.0,2.0
05cd0716e9e49c0de0452c445904f9c79b44a63cd2b38c67a8d7e4a49fd6c285d05efd0c6f1445a628a841def2e123f09640f0848541b534b5ccc760ce5c3bc2,CLOUDY/OVERCAST,DAYLIGHT,DRY,FOLLOWING TOO CLOSELY,2.0,35.0,2.0,2.0
05cd3554e3bd2162411d58f36a165568e4df53eda642db89ac8b69e35f1fa031ab85ce31baa10e1c278630f35fe535cf8d8e46835baa1ce3790194c4ab32ddf5,CLEAR,DAYLIGHT,DRY,IMPROPER LANE USAGE,2.0,55.0,7.0,7.0
05cd50cbc9e7e34c61069786e7c9a6f810c03f2e75582c2b59db7b5f1f76ed907f4324fbdc9c9e745315ab140ceba85cd1352aeac6d209723407ecd291ac68b4,CLEAR,DAYLIGHT,DRY,FOLLOWING TOO CLOSELY,2.0,31.0,2.0,2.0
05cd7efd4487b388720f03262e45375a1f988ed6154be9266a2a0eb8a9f849ed1786e677e4974385bfc8147e579a344752e3133724433464abbc5e76d2d8d32f,CLEAR,DAYLIGHT,DRY,FOLLOWING TOO CLOSELY,2.0,54.0,1.0,1.0
05cdb7b964f407c695faec6e6971ef6522e963aa0fe4809388f1c62ea5c316849c1c1d552451cdbbb62ab0ebcbfe1ae831ca68bc1b8a7bdb7ad733a253744924,CLEAR,DAYLIGHT,DRY,DRIVING SKILLS/KNOWLEDGE/EXPERIENCE,2.0,19.5,4.0,4.0
05cdd984f9446ab79e9d23a0f6bab6c6038ecc07ef8429b1bda5cc92158d660bde0740b09215e6e801e3bb11ac8bf26b416b151acf7cc3a5aba35effb6cd9581,RAIN,DARKNESS,WET,UNDER THE INFLUENCE OF ALCOHOL/DRUGS (USE WHEN ARREST IS EFFECTED),2.0,28.0,3.0,3.0
05ce1b74811fc9ddca814c13969215f1d97650436134484cf1e4be679f419f1c60997cfa07076afd573a07bbfe26a623f59fa4425e2b023bb9812b0fad9500b1,RAIN,DAYLIGHT,WET,FOLLOWING TOO CLOSELY,3.0,37.666666666666664,3.0,3.0
05ce35c14ce534298d2d987375670ae12391b08f56ebf29958fcff86be2298c0fcdc918743cf0fe873053abc3b075ea0581fc6ead8de0af10cd089b9fc93139d,CLEAR,"DARKNESS, LIGHTED ROAD",DRY,"OPERATING VEHICLE IN ERRATIC, RECKLESS, CARELESS, NEGLIGENT OR AGGRESSIVE MANNER",2.0,25.0,2.0,2.0
05ce5348ccffe397f2546d68d15508b8b2ca8161fa5f2d43bd474565d58f2407597c740d7b7adf88097c7a833ffa296028682034a6c70168516a09e7fd22af63,CLEAR,DAYLIGHT,DRY,FOLLOWING TOO CLOSELY,2.0,30.333333333333332,4.0,4.0
05ce554a5be915a3bffc45d4d53db7fe696ce169c92642ef64dbd75ff3aebfa4a9a4b187978521d988cdeea61e60fe90030b8f6b5b2e4bd2cd18b8cd75f820f6,CLEAR,DAYLIGHT,DRY,IMPROPER OVERTAKING/PASSING,2.0,46.5,2.0,2.0
05ce6f7d4c07d64df6cfd3bc1ef20aa9d555c08823de50d62dec5197e3875fcdf913ce674e849a18c2e66023ea45afbc9e325164b1b2dd9b4d15e68623813d48,CLEAR,"DARKNESS, LIGHTED ROAD",UNKNOWN,PHYSICAL CONDITION OF DRIVER,3.0,23.0,1.0,1.0
05ce7f9abc7be5761bd3bf8608ab3d7f60a4cc5dc17fb12b54347e1802e4e0ab06edf1a3e40ac9a088cd4ed9901489eb7560b52436271d15c593ff9da852bc55,CLEAR,DAYLIGHT,DRY,IMPROPER LANE USAGE,2.0,46.5,3.0,3.0
05ceaab2ee308e1af75fd2e56a287b3181e59bf0182b6288768e69fd848d5f3f60cb7222c8e43cb0af0cfb762d012bec7930835ecf6c2912cacb72309a830df8,SNOW,DAYLIGHT,WET,IMPROPER LANE USAGE,2.0,20.0,1.0,1.0
05cec0b7c9f5bd5499ed3a0e8086761f666e98ae2ea5f9f4955062f630064f8843c5f131582edb5a7ed764e2f0777b2bca114579ace484e0425eeded0517bda1,CLEAR,"DARKNESS, LIGHTED ROAD",DRY,FAILING TO REDUCE SPEED TO AVOID CRASH,2.0,55.0,2.0,2.0
05cec4f316ab7701083a4e63aebee25cfcbfb4debedffcdf3037dd1a77179ee3e3c5f8903918d95af3c2ec27eee641dcdfb3880c4e5b8d57b698b0b96984b195,CLEAR,DAYLIGHT,DRY,FOLLOWING TOO CLOSELY,2.0,24.0,3.0,3.0
05ceef66095f543e5997dbedec1f44ac4416d21a9ffcd5c6558e7d5e31f66ad0e2a71fa80e6be126323c905cf3a6ad9e9de8bb3906cca1588b62f5fd171abfcf,CLEAR,DAYLIGHT,UNKNOWN,FAILING TO YIELD RIGHT-OF-WAY,2.0,34.5,4.0,4.0
05cf045f57f91ddca9614140daf0d012fa5cdb860db74090676f480b75f0fc151a6499aab2daf9a942e9ef818d186ae558a6a7129fbe486ba488ddc5b883ec16,CLEAR,DAYLIGHT,DRY,FOLLOWING TOO CLOSELY,2.0,52.5,2.0,2.0
05cf072de835f0650beb2569e24c3388f87b2d987ef2a65c73b3cc74d409bc9ed300c399e7cd83e3e1d0b1409b54e960828cb1a79ea3c53c6c2e21b1d4d4dfd1,CLEAR,"DARKNESS, LIGHTED ROAD",DRY,IMPROPER OVERTAKING/PASSING,2.0,39.0,1.0,1.0
05cf0f324181c3a8451089b8a667d1464ad552c737948491a816057cad8d31bbf741a89feb18da617f11df56bd0af2cf33da59e911ab44260362acda5f3d2fd6,CLEAR,DAYLIGHT,DRY,FOLLOWING TOO CLOSELY,2.0,42.0,2.0,2.0
05cf223f655b460ca79cbda7175075d3c38b2a681c4890a137273c4de1f5985d655ec0526b054f771e003b971c5823cefac8eaa1a3677097c742a8a1641a7083,CLEAR,"DARKNESS, LIGHTED ROAD",DRY,DISTRACTION - FROM OUTSIDE VEHICLE,1.0,29.0,1.0,1.0
05cfa6676b1a71351f506a245a00cbbdcc0dbfbdb72337f1dae26a14c555f25e34aa6cf75f54f9489293f1a09397ffacee81382558de1f403be193d8b790bedc,CLEAR,DUSK,DRY,IMPROPER OVERTAKING/PASSING,2.0,33.0,2.0,2.0
05cfb45bf3f24f6829767d16e81d1b94d07a887f96c5df56283e55ef6c28dfcca3adf4cebf941c0cb5c92631f41faa8217f31c460c8ff4682ac602bf6aec7cbf,CLEAR,DAYLIGHT,DRY,FOLLOWING TOO CLOSELY,2.0,18.0,1.0,1.0
05cfc0bcb2d77d82990e19d0239b84a085f007e21486dc3a2822c50f9e9dab45663c83f0fbb8143c1b7a54bc0d312511b003b62b1c89aec246778d06960ccc88,CLEAR,DAYLIGHT,DRY,FOLLOWING TOO CLOSELY,2.0,27.5,2.0,2.0
05cfc58ecbc6c09fdbbfae5c554ef3b10b256d43ab09e6cff61668b37b8f4cd90334d979861de7e8e28944f3fa7c8dae32735813d84609ab1b2b2bfebf9d94c3,CLEAR,DAYLIGHT,DRY,FAILING TO YIELD RIGHT-OF-WAY,2.0,27.5,2.0,2.0
05cfcff60d17ebf6c951904648118ce4caef4c96896be341ca54b6788343c2619b111d7178a50b0ed6fb071ce32b70e61cf09cc0054bd06f24ac5b74fd649ca3,CLEAR,DAYLIGHT,DRY,FOLLOWING TOO CLOSELY,2.0,29.0,2.0,2.0
05cfd8813fe750409086d648bc06554c6d2f74de918ba96fb3660dd7dbc0573596461c1dc6587fabca56e2686d1744028aafd6da6472adac9cc5177b7a95b231,CLEAR,DAYLIGHT,DRY,DISTRACTION - FROM OUTSIDE VEHICLE,2.0,45.5,2.0,2.0
05cffe04a3970f5c733910d7effb7a16a64146b19c779226b4ce74127fe4514a548287f7feff526d712516ae630a9cf7327b0630b912ae25a0a7faba814ef861,CLEAR,"DARKNESS, LIGHTED ROAD",UNKNOWN,FAILING TO YIELD RIGHT-OF-WAY,2.0,33.0,2.0,2.0
05d000eb2364b49eeb4fd16215106eb5f1a2abc93a0b25e71c9fe74bf42c2ab607f1a1de48fd3a027f054e2b94304d3d5408c3fdcaaab8feb9dc7539a4fcc499,CLEAR,DAYLIGHT,DRY,FOLLOWING TOO CLOSELY,2.0,49.0,2.0,2.0
05d025fea4ff3d1ba7a52b12fe4ae21049acf9aba6bc618e5fccc3ed99516020d6bd14d9d7828e637404e19fdb6b3c58d499c03c06ff54294838a0b3ec41b26e,CLEAR,"DARKNESS, LIGHTED ROAD",DRY,IMPROPER OVERTAKING/PASSING,2.0,44.0,2.0,2.0
05d02ddefa36cd3e8d7c408cb44a0376c4309038205a25b8f6aab0e02913e31a5eb51db0eb59e143054e31db64dd23c2dcb2da43e0898b920737ba537f25740b,CLEAR,DAYLIGHT,DRY,IMPROPER TURNING/NO SIGNAL,2.0,53.5,2.0,2.0
05d033fcbccd937233ed640356512c40e48adeef2ef67da6652dfc7ce1e40b8931a2141335bc4ca01d254c2f65c6640d4f4e9d95d1e992c0c040bfcfffc42113,CLEAR,DUSK,DRY,DISREGARDING STOP SIGN,2.0,17.75,4.0,4.0
05d03b0fd7f4a6a84815a7c9f07ff1d8ed7a11ea5c6b4163e113851af08862ff768b7c3f26dd75ed9e3d1a7cbc190f2061ec86fcf9b5ea5838946d946858fd73,CLEAR,DAYLIGHT,DRY,FAILING TO YIELD RIGHT-OF-WAY,2.0,62.0,2.0,2.0
05d087a3e26bc4854b8490bd753556ce6336d3a9cdef582c0b47ce71d547db5d76d2eebff0d7fd040fa4e171fbf44f61ed9bb922df6efeb3308e198d14bf67d0,CLEAR,DAYLIGHT,DRY,DRIVING SKILLS/KNOWLEDGE/EXPERIENCE,2.0,41.5,2.0,2.0
05d0b4efb2b22c5acabc3ea31c8b842ea847fd5952f64f4589e3a25009508e4db30876b29d298ab07e38640fa3a28b87585d4799763593567bf0c9ae9c577759,CLEAR,DAYLIGHT,DRY,FAILING TO REDUCE SPEED TO AVOID CRASH,2.0,30.0,2.0,2.0
05d0b57660d8789f6f34ba28191538b9c7bdda9cee9ed628ae9dd84b63eebdfd8fa35fe3ecd9c28d014540d7a750a5d71b15bb69642ca7007d994e38dbd31fd1,CLEAR,DAYLIGHT,DRY,FOLLOWING TOO CLOSELY,2.0,41.333333333333336,3.0,3.0
05d0ca6adf2880e5865d051c5a69ae9b427ba040b228cedc596d211662368dbaad8ca7f2f3637edd74f1ca9fc0a382d94da22554e1c957dcf925db104dd56503,CLEAR,DAYLIGHT,DRY,FOLLOWING TOO CLOSELY,2.0,23.5,4.0,4.0
05d0e64b851df261807a45ba47fb465a47c565958051f3bb1a58ba53e53ca28ab5551035f899ce96f75a4f4e9987ffdbedea2d9ee08e632df1c4aa97e71f749f,CLEAR,DAYLIGHT,DRY,DISREGARDING TRAFFIC SIGNALS,2.0,39.0,3.0,3.0
05d0f4f6faa08a5fa3646c1130aa85c5f21ab5923360b489d8332d9661e9c42d7dfef71123cd90f6cc2ef003bba5b971c318799252e11a8888927d59e14bd410,RAIN,DAYLIGHT,WET,FOLLOWING TOO CLOSELY,2.0,40.0,3.0,3.0
05d0fee55804f9eae540bd9c4282335fddab8401ab62e9ce438cf6328d19f50fce310fc441c00541bd6e378549d62bd15864c3ee2ee4f4855a45691af44edb3b,CLEAR,DAYLIGHT,DRY,FOLLOWING TOO CLOSELY,3.0,33.0,4.0,4.0
05d100afc8b3a368a0adff7472af1589be681d4a78ca07bca79e6289236776b06ffd2f7168413548094263a52c2eb717f0b498a9dc1663fba21c4ddaa4a3b22a,CLEAR,DARKNESS,DRY,IMPROPER OVERTAKING/PASSING,2.0,19.0,1.0,1.0
05d1050969e41024ace0724826fe91a66600a38190a95f68d28eb189204e1d4d9946e1e193083de6c6b2ee2eb3cecd214d11e0cc6d4c73ae7ed2ed513901db2d,CLEAR,DARKNESS,DRY,DISTRACTION - FROM INSIDE VEHICLE,2.0,48.0,2.0,2.0
05d11f8a48b2b102e823c944c49e1cc81dc618da51dd37612081ddad9fafc484c5a755a2d80c492ca7365d0b71d7ca7868f7c087789086cffc1fa18a31479b53,RAIN,DAYLIGHT,WET,"VISION OBSCURED (SIGNS, TREE LIMBS, BUILDINGS, ETC.)",2.0,45.5,2.0,2.0
05d12cff0542e5dbd49e4a507b6e7a4f198a26fd57f738a80aa1c0e3ead990b3219dd7c5266f0b8c613475a37d03e331d031f475119d936febb57f7722c8ae3c,RAIN,DAYLIGHT,WET,WEATHER,2.0,28.5,2.0,2.0
05d14159aa5b75319240dc364ba4d34d50a02ca109245de035bc99c7b42ecdb3665fc0ab2132ee836e267d3898fcee1acda0c2292739c6c84f4f45110def343f,CLEAR,"DARKNESS, LIGHTED ROAD",DRY,"VISION OBSCURED (SIGNS, TREE LIMBS, BUILDINGS, ETC.)",2.0,34.333333333333336,3.0,3.0
05d1bb5f5f4b63a3b685abe48cc65636dec3421984b5d50cf9660dcf13e87ccabe282b4589a309715fc28954a327fb581c95924bfa34f94fe546c9e4a8ddb1d6,CLEAR,DAYLIGHT,WET,FAILING TO YIELD RIGHT-OF-WAY,2.0,34.5,2.0,2.0
05d1d6e5b53173fc4d07c4d14dd41f9224c5066d7ddb2e751f1688c014481903e8ccc48bb5427b313814028b43367bf93a7fd7c0e9de1062602c661a2c381fc7,CLEAR,"DARKNESS, LIGHTED ROAD",DRY,UNDER THE INFLUENCE OF ALCOHOL/DRUGS (USE WHEN ARREST IS EFFECTED),5.0,27.0,1.0,1.0
05d1d9a5be42de30d16a517a1e926fafe43960b56b717395f3e7053ac3aa079eb114b23628e0dc0ee961d4c2cf11e208fccec51a67313a2de8170d1d6dac2b69,CLEAR,DAYLIGHT,DRY,PHYSICAL CONDITION OF DRIVER,2.0,37.5,1.0,1.0
05d1e475b9f2367b1f84adfc419faa4dd35eb9776866268240bd31d569e3ffec9725082c816e9c500ee43acf4f3cc1ca8ec7e0692636824668d3cbf1f9ae077c,RAIN,DARKNESS,WET,WEATHER,2.0,49.0,2.0,2.0
05d200f291307162e56539ab310066da175ae16205c2af5d0cfe2d2beabde2bb8a8b0a9b56552750f8ad479cef0984a21ba9be761acabf82e749d3c50061d5a3,CLEAR,DAYLIGHT,DRY,FOLLOWING TOO CLOSELY,3.0,61.25,4.0,4.0
05d204491bd9bed8b00ad200d364687b2481cbb5a6b2712ac4a521b36690179c0ccd38117d4b83824c0ac0dbe8cb6ed52d5077ebb38728ba6990deb4b5a33d52,CLEAR,DAYLIGHT,WET,FAILING TO YIELD RIGHT-OF-WAY,2.0,32.0,3.0,3.0
05d2072707fc13cc9ecfb67fc7377ac28bb4068eab1b4294f17cb6cbeec08d5d7e2e8c68c2335d0398d94ff2560850ed3fa9f7d9c60f314735991bb1d2ec3fe6,CLEAR,DAYLIGHT,DRY,IMPROPER OVERTAKING/PASSING,2.0,48.0,2.0,2.0
05d20ae5f54445749d8a6b456af2e011fc351e5389295a205ab00f4f2daad210eed40564cd2878d16b88e18acea0c9edc744c518465459b68dba7293b2754d7e,CLEAR,DAYLIGHT,DRY,FAILING TO YIELD RIGHT-OF-WAY,2.0,69.0,2.0,2.0
05d219f51892cf7d524b924bf5eb43b6db35a1d34bdc58715f0ccd661ed29be60d456608de11a3e9ca43d0f21f84fc96cc7e4a5cfa12d1a97450b50cf60d03db,CLEAR,DAYLIGHT,DRY,IMPROPER LANE USAGE,2.0,25.25,4.0,4.0
05d25e5a6fc0ac0b6aca226981bb761e158061353c8bdfe7b5cec0febab4d61b251974dc642885d6bddfe5b4845a6d50a78dc3e15fff245ed33a10bc3b0ae310,CLEAR,"DARKNESS, LIGHTED ROAD",DRY,IMPROPER TURNING/NO SIGNAL,2.0,71.0,2.0,2.0
05d2b4015e5eed3407e22473fd708463c0af5f8ff7d2fbf67677537a9eb4924be5c11567e96b43b0cb5b71d8a8121efd90704b8669b089d23fb6521c4b93dced,CLEAR,"DARKNESS, LIGHTED ROAD",DRY,DRIVING SKILLS/KNOWLEDGE/EXPERIENCE,2.0,34.0,2.0,2.0
05d2bb0fa90206c5dd77b6d807db7057a203a47d47693f36d7028d8e67baee843dab5410d6152e8705db40c87712b0ba4379713395a41aec9f272a4c8404b642,CLEAR,DAYLIGHT,DRY,PHYSICAL CONDITION OF DRIVER,2.0,49.0,2.0,2.0
05d2bea69d3a2709c16770c4bb3d4c824f563368645b9890d096668e156773d187e1eab2016db0f0e2773dd40a4ad5ad0c0eb65981349be5bbe7166e7600bc6a,CLEAR,"DARKNESS, LIGHTED ROAD",DRY,IMPROPER LANE USAGE,4.0,18.5,6.0,6.0
05d2de0a562d413203d7a5d742dc6cea946e9f112de74472bdd83b4cb11ae2352b128ec1d96812613d403171a8b87796ab36c11fc592e53a7e7b77b2a288b07c,CLEAR,DAYLIGHT,DRY,IMPROPER BACKING,2.0,37.5,1.0,1.0
05d2f52806e77f2c0874c7d8cf1992d42012342df5ec202b0696a699dbb5b17f964d08d7da4cea5bd81ea63978b2d74eb839417f12c45349eb9644083ff8555b,UNKNOWN,DAYLIGHT,UNKNOWN,FOLLOWING TOO CLOSELY,2.0,23.0,2.0,2.0
05d300931a2933cb9b496e632847af0ec268d72d13486afcca0dbfc5c30806249203d153f0a3f1229cdffba7d0ddd2d2baced95204bb06157985dbdcb2694f6b,CLEAR,DAYLIGHT,DRY,IMPROPER BACKING,2.0,55.0,2.0,2.0
05d317bd13dd453bc6b43139e088618f679ed3055f8ad3bb3e91c5afa6121d7d8ff801630c0c4148018d4e4482ea3c71146dcb26b50ad5fe751c34e4b232aef0,CLOUDY/OVERCAST,DAYLIGHT,DRY,IMPROPER LANE USAGE,2.0,48.5,2.0,2.0
05d321424d0ec722088e5476125eca6af310afe7fb38ce77fccb9d9ea70ebe415ea28f89a19b2ee7cbafe21bf9c135a2c2b490725f115b1e86fe17055868c57c,CLEAR,DAYLIGHT,DRY,DISREGARDING TRAFFIC SIGNALS,2.0,37.5,3.0,3.0
05d32413295adba733c0a153ee8cd72c41cd711b41fcbd5aaf2ce85026841d24b71bd3938c658b226ded5b4a74433f9fd042ad36704983059770c0eb63705962,CLEAR,DAYLIGHT,DRY,FAILING TO YIELD RIGHT-OF-WAY,2.0,53.5,2.0,2.0
05d32700f830a3d5bd6b266c909b3356c90bba73c00824111bc6bd0ca6ca01129e859fa512f236c96b692791f5874d3ba9c780d1828063ce48262baa83d67e2d,CLEAR,DAYLIGHT,DRY,DRIVING SKILLS/KNOWLEDGE/EXPERIENCE,2.0,33.0,2.0,2.0
05d36684461d8b057bc6094f7dd7b15504af2e60c4f998274da034dfc2f2e9089c15243bcc4b4957467764bcbee96ef0157f84280a6d2314b468190b6b9bd8fb,CLEAR,DAYLIGHT,DRY,IMPROPER LANE USAGE,2.0,37.0,2.0,2.0
05d38b99097a290fc255d0dd06cd41fd751c5d81cdf1a6c735d043657bf9479f5e6cf960579c3ea193b5a943f146aa54bebbcf90b8468a3dea0a892377d2a2ad,CLEAR,"DARKNESS, LIGHTED ROAD",DRY,FOLLOWING TOO CLOSELY,3.0,30.0,8.0,8.0
05d3ab2b3274cdcfc1aee682804b16f1b19c2ef6d5f4dd791dce84e6550151330ea8ea8297dc466e81113251d7ca472ed33e7a7698aae1afd15432f725d43b8b,CLEAR,DAYLIGHT,DRY,FOLLOWING TOO CLOSELY,2.0,41.0,2.0,2.0
05d3ac2fd206022dd58ceb61a444624899f64d2cf313622a056b934cd21e770f9aa86cf2f857215e29b169698322898b8abaf50b394bf6f240dc622aefe5defd,CLEAR,DAYLIGHT,DRY,IMPROPER BACKING,2.0,35.0,3.0,3.0
05d3e32112f1c4d4352c5bb5b551812e2fa7872d725106d26b1b2b02f1800465c0d26b400c45963a0ed4af21b4a1a471454b5894d62aa6e8478cc2346cc511fc,RAIN,"DARKNESS, LIGHTED ROAD",WET,EXCEEDING SAFE SPEED FOR CONDITIONS,1.0,21.333333333333332,3.0,3.0
05d3f42a6c9ef3237a272a7b26cddd1e6e42b86a21308828feca7026813b3facefa368d19f61bd95a55c25f08b354eb06b922f05ec8dda7232aac9c2e4580b6f,CLEAR,"DARKNESS, LIGHTED ROAD",DRY,DISTRACTION - FROM OUTSIDE VEHICLE,2.0,58.0,1.0,1.0
05d40e0c19e599d56f43b6e93d6567448f9174cf22c1d5bfcd00fce535dc0e236788d8b72863aea72e95b109bedf473b81c894587f2becc79f15f1c2dc286205,CLEAR,DAYLIGHT,DRY,FAILING TO YIELD RIGHT-OF-WAY,2.0,34.666666666666664,3.0,3.0
05d419dbc5983da38c5e2ffede12afe49b7d02ab85810a09c2e6712279d03ea48f42683fbadaeb40f933ce0799e0a8f740e97b58e0dfa1f3728964104ce15903,CLEAR,DAYLIGHT,UNKNOWN,IMPROPER OVERTAKING/PASSING,2.0,27.5,4.0,4.0
05d42c4695495bad602ef7b2d6865cfbc4c105da682a79907113496f0125c306deb045daa4ac7d4a75e7ee9306ea9cd1db1cffe68f26ab89dc08c6dbaf40a17f,CLEAR,DAYLIGHT,DRY,IMPROPER LANE USAGE,2.0,50.5,3.0,3.0
05d447d1bc28e581d401962e94f4f1a0788ca7db80fd6292435ec80cf0da4e2bdc72eff6a81fb038f8d39906a76efc3c1365639acbd6d87fbd2c3250c8549e64,CLEAR,DAYLIGHT,DRY,"OPERATING VEHICLE IN ERRATIC, RECKLESS, CARELESS, NEGLIGENT OR AGGRESSIVE MANNER",3.0,47.5,2.0,2.0
05d4546144fb6532218c2d8d12c8ad2c7f7eedd338d1436c71e0bf82824fecaa05d613d459340103aadd9920920c7f61cccb06757335e1c44eea9500d668034b,CLEAR,DAYLIGHT,DRY,FAILING TO REDUCE SPEED TO AVOID CRASH,2.0,42.0,2.0,2.0
05d4582c21947b8a68441307d8e6163d30adebc929982e4a80a27de2a0bfbc56f1c57bca12847c7ff5fa6085ccc8f87b102bc3b8fc8db87729efc59a780c9b77,RAIN,DAYLIGHT,WET,DISREGARDING STOP SIGN,4.0,49.75,4.0,4.0
05d458f1d69efa963c65cf2a5bcd8579e41069b54dc19291831d2ac15d42e93e7144e9dd5d48fde10d51b6dbf3e2f7bae8066084a0498a21a1b3d5fb9e2a26b5,CLEAR,DAYLIGHT,DRY,FAILING TO REDUCE SPEED TO AVOID CRASH,3.0,22.5,4.0,4.0
05d45fde85cb6d97ff2901f38851db12a1bdd6bdbe7dd0290e0c1e89ea56734216120e4987aa298f006afabb11cf3b29f20082e8a701d57b33fa9bef4b77ea28,CLEAR,DAYLIGHT,DRY,DISTRACTION - FROM INSIDE VEHICLE,3.0,30.5,3.0,3.0
05d46b0537b0710999d906c6da04383cc2ae9868aee19326a85ef21a0fbf097d1004b01d313320e4715d2366c50a0688a5db33f66b52f4a69ef9c9197dd8d253,CLEAR,DAYLIGHT,DRY,IMPROPER OVERTAKING/PASSING,2.0,49.0,1.0,1.0
05d47ea93d6ec0356dc94de4910a5b6cb79e661a5ee986cde10d935b89d6f1853e541815274586ddd3ca9e9cdb1e47ba3611d498769e99f68ac34b953a5940f7,CLEAR,DAYLIGHT,DRY,FAILING TO YIELD RIGHT-OF-WAY,2.0,37.5,2.0,2.0
05d493e652d086270896728f47c2b08017c4d1e350e111a55d3cd2c0b995236ed9b3c7d6c11dfc5328b61c8cdbc2b192adf25b893f00e47dc9c2adb75b68a789,CLEAR,DAYLIGHT,DRY,FAILING TO YIELD RIGHT-OF-WAY,2.0,41.5,2.0,2.0
05d493f92251b9006117d04beea25d6adaa269372087ebb17e141d72f66b4ea4a3d6aabeec0edff281c8fad97086baef6eff023284e3d6880b486306a8ce1d53,CLEAR,DAYLIGHT,DRY,DRIVING SKILLS/KNOWLEDGE/EXPERIENCE,2.0,71.0,1.0,1.0
05d496bec719ce5b6a5776c07cfdbedead99ac271b08ad040d1388aa1b75c9c0a8bbcbe06a4b6c5b6b1a299c0a6c49c0124f50b4e74cd31311abd220db886d87,SNOW,DAYLIGHT,SNOW OR SLUSH,DISREGARDING TRAFFIC SIGNALS,2.0,58.333333333333336,3.0,3.0
05d49832ad4fbc35053edb15f1e8dcbbb7e7599bb352d6b3100bd1786b7825741e980e352e2b85603a9bd4603315494c63b7e08ac9c96e2d3884edf4df795fc9,CLEAR,DAYLIGHT,DRY,FOLLOWING TOO CLOSELY,2.0,24.25,4.0,4.0
05d4a54ebe34cb8c82e186adc9f2e3e2979911fe7b86e67e5eda7ca1361502300d7060303a79f0ebfed2792cd656faa0a857562f7968bcdbf7aa138f4ab3035a,CLEAR,DAYLIGHT,DRY,FAILING TO YIELD RIGHT-OF-WAY,2.0,29.0,2.0,2.0