crash_record_id,weather_condition,lighting_condition,roadway_surface_cond,prim_contributory_cause,total_vehicles,avg_driver_age,total_people,total_injured
05d4d48ecc45f8a95349580d72aac9d98fe53bf02d592216c4d9c47e71f3231504f5016735f33f10e224323f9fbf6d891a0dc3b9d34be692861bc22ab3519cfd,CLEAR,DAYLIGHT,ICE,WEATHER,3.0,64.0,4.0,4.0
05d4da353374e94df497f0f3cb598a8c35c57e1c551efb66b293393c45b775e21ebbd9a6d7cf57e352e026ee93051c19496645979fcc9b4d88dbe4bc241b03b9,CLEAR,DAYLIGHT,DRY,FAILING TO YIELD RIGHT-OF-WAY,2.0,40.5,2.0,2.0
05d51d30e9dd6dc5cdcfc58104ad1fa9e69afbb5fce8271acf45ac3816fd03cb7eac92904d46bb91470e8609af04c272e6f2c95c1c90ea572404484b63efd22b,CLEAR,DAYLIGHT,DRY,FAILING TO YIELD RIGHT-OF-WAY,2.0,52.0,3.0,3.0
05d54e92dce81f5cfda30a10e3de925421a4d7a3510d1518012b8ed6825efd0f0683f1f4352d28cc2658e07d364b2a07d6da8550ce14bf6195d80ce2f65143f7,SNOW,"DARKNESS, LIGHTED ROAD",SNOW OR SLUSH,FOLLOWING TOO CLOSELY,2.0,37.5,1.0,1.0
05d54f773ecdf903cb4c1b86ebadf26b1014750b83efe8af96085f803fc45133ea5791a3653b63e092826a3b9f1592005d588225218e6cb8b427fe024a6701fe,CLEAR,DAYLIGHT,DRY,DISREGARDING TRAFFIC SIGNALS,3.0,39.0,4.0,4.0
05d56fa06b7d2c4287a61447b57878266b0c2dbf43526d2dc130f27721872a22d91a8df416e5e49a4da5209e730b9146abb68a11e0cefbfa2a20fb2156e64c94,CLEAR,DAYLIGHT,DRY,IMPROPER OVERTAKING/PASSING,2.0,23.0,3.0,3.0
05d5848e0e32a0ada4861b993b2b976e9f7f2d927a975089adec5ef3746ef28e8f7f7e31dab013c18d9b849955af216d1a56452e266ea1c8e49831075aa3e418,CLEAR,DAYLIGHT,DRY,DRIVING SKILLS/KNOWLEDGE/EXPERIENCE,2.0,56.0,1.0,1.0
05d594470d6cfbbaee065ec853f5b135d9f76a0940a791ec71329fa87bf4f216f3120271f8e13f72c4adeced0643dd692f37c290a8789b08921b7eca2b906dec,CLEAR,DAYLIGHT,DRY,FOLLOWING TOO CLOSELY,3.0,19.0,3.0,3.0
05d5956f903b74844bab5a297091e6efad0535c706ddd4d7f7d3e811612b365e995524bc046c0e502645da87189de8e23060648be363f07711652c8117a0f84a,CLEAR,"DARKNESS, LIGHTED ROAD",DRY,FAILING TO YIELD RIGHT-OF-WAY,2.0,54.0,2.0,2.0
05d5a974a9cf79cf6bc5debf20cec092df244c50fba6be332d2cdaaff2901599e80b55a926080836dd24116a343693f96d4c2b03be3f0a0d885faa3f72ab0008,CLEAR,DAYLIGHT,DRY,IMPROPER TURNING/NO SIGNAL,2.0,47.5,2.0,2.0
05d646c931069e8d4a4b4dc27e853ec2336dd77f24321ba9536044e921c1912d3e97aac261522661e102ebc8da568d5b78a32143fca8fede5557129fb84f7f21,CLEAR,DAYLIGHT,DRY,IMPROPER BACKING,2.0,26.0,1.0,1.0
05d65901432e4ad4864e34d16aa5a25943ee071a813bad6f61b4bbe043826d8a93ba2c25c5447a75461afd44ee20b5a509c7c360631a57fec988456281f12099,CLEAR,DAYLIGHT,DRY,FAILING TO YIELD RIGHT-OF-WAY,2.0,36.5,2.0,2.0
05d68f31f64aed86b7a7224ce0efe3eb7ddaffe48ca9de212ec3c9837821101c050d8723b2f026f7928840170aac7517cc8d6d94ead58f186b1f1190664b947a,CLEAR,UNKNOWN,DRY,DRIVING ON WRONG SIDE/WRONG WAY,2.0,19.5,5.0,5.0
05d6933e533f5b56d45ab12f3bcfa4875fc0d9374001ea41b8f9190ec4b9ce5008c6f10b5bb0588b119bd1c6295329b5cbcff7a6658b09ec422e64a1eebe599c,CLEAR,"DARKNESS, LIGHTED ROAD",DRY,DRIVING SKILLS/KNOWLEDGE/EXPERIENCE,2.0,60.666666666666664,3.0,3.0
05d69f48b29adb1c9fd68b45cf0d6c15057c07aee8064fde7b362238ed6a6d81f1a20d59ff35bba4e4d6de02b65174f4259e83c04b939d93db0290909cc3c471,CLEAR,"DARKNESS, LIGHTED ROAD",DRY,EXCEEDING AUTHORIZED SPEED LIMIT,3.0,23.0,1.0,1.0
05d6a738196d9172b364772806004513977cc7d1fd2085fe35c06a171351e057159e0e1fa19b26fc03c12dbad496e4cbbf2473144ed9cb84bbf57d58d42eef29,CLEAR,DAYLIGHT,DRY,FAILING TO REDUCE SPEED TO AVOID CRASH,3.0,51.0,3.0,3.0
05d6a7b6ccce73617315d4b1d21f21929c687bffffcef947460b46cad12f140d20bdf3f5d38de3d0fa2055126d64fff6e9b0dda7ffb0ccdf5e4da8a2a0843988,CLEAR,DAYLIGHT,DRY,DISTRACTION - FROM INSIDE VEHICLE,4.0,75.5,2.0,2.0
05d6ae66021ecf197be4bf956bb0884c0660645f4a818074ad98541e4f5d533e79786c1e84c4105e0104445a6180be3dae26a9e7630dfe206e0f613299b6d491,CLEAR,DAYLIGHT,DRY,IMPROPER LANE USAGE,2.0,13.0,2.0,2.0
05d6e1e64baaa096c5aee6913f01cd1fca1b134265a38a408559233ac1f949fd72405ca1c77c2b8200921e4e346e0d2e095f6e76da5fdf87584c0cf41ac19ba6,CLEAR,DAWN,DRY,DISREGARDING TRAFFIC SIGNALS,2.0,40.0,2.0,2.0
05d6e6a3f9319bf03b6b7790992de70d0ec99a335da0fac7e4b8ad78166212658ec63ee277f38aa297293d95e5696d6c890a1083fd5f311f1c2465c4ded9b481,CLEAR,DAYLIGHT,WET,DISREGARDING STOP SIGN,2.0,26.666666666666668,3.0,3.0
05d6f7fecfddf28a77a79943bd05baf33cc26cad067f8990832be6322f4615ce7fe4f75431fd4e03c59cd4e0da69a0499cd9ac57c877713e95f0d93b68e41edf,UNKNOWN,DAYLIGHT,UNKNOWN,ROAD ENGINEERING/SURFACE/MARKING DEFECTS,1.0,36.0,1.0,1.0
05d76db01a63a86d73aa10824acdfbc43af589a9e44117c4032ef2a3383c8fd74306a3753e514c2551140b8e74322464f26518757b88eb387427551b9ec05e77,CLEAR,DAYLIGHT,DRY,DISTRACTION - FROM INSIDE VEHICLE,2.0,32.0,2.0,2.0
05d7a058211adb4b80ddfdb461cc63cc3f1c26f40480c83cc0e3b5f4eaea40c95c478723db095f8592828ac5c0e0ebccab11e7715fd2a9aeb222b25866525f91,CLEAR,DAYLIGHT,DRY,FAILING TO YIELD RIGHT-OF-WAY,2.0,45.0,2.0,2.0
05d7c2fba2a26596799cbdac0980890d58fc85226691f613703ee2fc371c97e49d9ba54657e7f17db7f99f40947e65b54e04999ae406e867778b1149c0c1ca99,CLEAR,DAYLIGHT,DRY,IMPROPER BACKING,2.0,32.0,1.0,1.0
05d7eb43a96852a39598c30f354414fc57bf1da0088c69258899e77f9729a28eab41c77a7dd27e77c8a0ab65308ec58d07832f7cc595b4bb5406d507ee699af3,CLEAR,DAYLIGHT,DRY,FAILING TO REDUCE SPEED TO AVOID CRASH,2.0,31.0,3.0,3.0
05d7f16a6f9140a1b5c20caa1a6a70b159fb274bd31987a24ee9fa394589b09bb82aec8cd3f15ab7ac5439f3b936d3548a1c4dd68fadb5ae273d68b34f19a89c,CLEAR,DAYLIGHT,DRY,FOLLOWING TOO CLOSELY,2.0,53.0,3.0,3.0
05d7f442568c2060d8f19fefae26624eabe8f7a8442e26b500504126eab93ec9cf935685c8cd324b25afc0d38c67e0a548f95189e95b3666e7b2044f2bda9ce2,RAIN,DAYLIGHT,WET,WEATHER,2.0,27.5,4.0,4.0
05d813e4f4f5162b5845025434ee8ed28cc04e33a1eca9528ada7df98ac07c7ada7b162ca614e62fb4900bdebfab6c1b242892da8c782db7de9dfa432b1a929b,CLEAR,DAYLIGHT,DRY,FOLLOWING TOO CLOSELY,2.0,26.5,2.0,2.0
05d81e172ac3bf220a3ef7bb3738704e2dbb746b0c97416c2df3787a229848e6486c9fc6be9f5382c7bc11c70c1a9df26714af833078b6be537556d0e7dcbbd7,CLEAR,DAYLIGHT,DRY,FOLLOWING TOO CLOSELY,2.0,45.0,2.0,2.0
05d82d653d1ede7f98eb345866471e1e21b73686624cfce7699a4941eb3dd5c4dfc6bd24147ddf3884b8a570885fff2d16f1075758f75ee5954f27bf6681411a,CLEAR,"DARKNESS, LIGHTED ROAD",DRY,DRIVING ON WRONG SIDE/WRONG WAY,2.0,22.5,4.0,4.0
05d876b8d8214c38663359a5c1f2c5e1e6934b1daf5472279d35aab31a239c0c0b124dcad232478aaa1e73ce51e3b1aa80b3295218ebdf7e0f1cea3edbff775b,CLEAR,DAYLIGHT,DRY,IMPROPER OVERTAKING/PASSING,2.0,48.0,2.0,2.0
05d87e0b861e5203bfde01c1041738fa69f0182a9fe54e6ec5e76aeea6d25618f9339e0373106f8bb0705d58f2c47be14a10a6fb6da0066e6321fa8ee0e37147,CLEAR,DAYLIGHT,DRY,PHYSICAL CONDITION OF DRIVER,2.0,33.0,4.0,4.0
05d89aca9b96f84413aee7d3e6859abdb2fcebd28d63442e128eafd23eca3244a616a58bb17ddd272d59f3cc708d6000d4f6e95b1e828a054a888e8c46483993,CLEAR,DAYLIGHT,DRY,DRIVING SKILLS/KNOWLEDGE/EXPERIENCE,2.0,59.0,3.0,3.0
05d89d73e05c46d5a4363f795179e1fdfeeb40f94b755d27677d79ad0aa2154786391cc3c629191a4154f2b343d4dcd22c087d544ec39f6727256badc604e634,SNOW,"DARKNESS, LIGHTED ROAD",SNOW OR SLUSH,DISREGARDING TRAFFIC SIGNALS,2.0,53.5,2.0,2.0
05d8af21b8c3050718195109eb152316b08e908f50d4c134fd14d9be52bbac9ca8b9c9bb7315f6e2bd11ceefca87107c4a9fee4e530a6ecaa61467476de403fc,CLEAR,"DARKNESS, LIGHTED ROAD",DRY,FOLLOWING TOO CLOSELY,2.0,38.5,2.0,2.0
05d8bbcea487f869e2181404e389e2e0d68f8809d1fd2c4301d65886b1fd66ed2b0386e36fc58dfb4e2b2e1cfeeaba0e57f73c82129ade0910864b7c6b535dae,CLEAR,DAYLIGHT,DRY,IMPROPER BACKING,2.0,25.0,1.0,1.0
05d8edfb05aaa6f8af2848156b1f0f76c5eb0f2417ec279076fdd4763cc2c7fdbf881e3344a9bf87eb329846209233977ccc0b91aa61840d2675f73da255cc55,CLEAR,DAYLIGHT,DRY,FOLLOWING TOO CLOSELY,2.0,35.5,4.0,4.0
05d8f50cdaee11d801583d7187aa5b22ab1ad0770980f7981fe196b2ec64cbf5643943255ba954f1f8d11af785736cc6ae21a2cc953826825b79bd267945ee34,CLOUDY/OVERCAST,DAYLIGHT,WET,DRIVING SKILLS/KNOWLEDGE/EXPERIENCE,1.0,44.5,2.0,2.0
05d908d8c067181a9b12059938bc0060c005831406f2980804332bf4bce9711032de5370a7d25aef9a20c64f9f48f3fc16a0ae36857ef959149dd5b8ec4826fd,CLEAR,"DARKNESS, LIGHTED ROAD",DRY,UNDER THE INFLUENCE OF ALCOHOL/DRUGS (USE WHEN ARREST IS EFFECTED),2.0,50.0,2.0,2.0
05d92b68341fef897b1483a9005f646a33e66166d7fbd44790b6af44c65b2189228c04db1bc56a5eab051bfc1995a7e5662c6f5fcb3e19d30ba376fbecf0d830,SNOW,DAYLIGHT,SNOW OR SLUSH,WEATHER,1.0,21.0,1.0,1.0
05d93b0f525f1bd5d2f6c678f7472ba079a57a403db8f8fb2f0bab6db8a521b95f0f759f9e89168edcb062ac7b2647d5c1c440fcf15f21dd2df516129ae88765,CLEAR,DAYLIGHT,DRY,IMPROPER OVERTAKING/PASSING,2.0,58.0,2.0,2.0
05d940208f808414ae9dca7c628bafde0a2a9806d3a199cc64c4c023aa99cf9d4058b4268c860389c18e47c12f5038b27005b29ae799498b01c3b4caf98bd2bb,CLEAR,"DARKNESS, LIGHTED ROAD",DRY,FAILING TO REDUCE SPEED TO AVOID CRASH,2.0,38.0,2.0,2.0
05d95703e5cd7310caafd45b9ef844da616ace40fd2099652b30243d51ab46ddfb4d1794fcfb8aa5431ab2d6fe1507123f797449d020c02c9fec34b072f505d7,RAIN,DAYLIGHT,WET,FAILING TO YIELD RIGHT-OF-WAY,4.0,37.0,2.0,2.0
05d96405b68fe6319774fa3f43662993923636a0fd16886f9f1fdc5b9b9ec1c34acbb232b93a3c3e32944099b8204779f0e8e4b96cdbc0c59769ff42b89eed6f,UNKNOWN,UNKNOWN,DRY,IMPROPER OVERTAKING/PASSING,2.0,28.5,3.0,3.0
05d98205adf493d7412faae955669636c1d728382f377ea5e53c4f148b906e3f706d5a411b86e52630358ca08b705280a9ffbb34cafca3d74739f388b0abc803,CLEAR,DAYLIGHT,DRY,FOLLOWING TOO CLOSELY,2.0,45.5,2.0,2.0
05d991972cb7aa28eb9260f314f566d9222f9acaf614643bd81c69ee7255c794150625fa2aa948c7d57abb661f01046cacb6894edea95812f1d01e6b0d694731,CLEAR,DAYLIGHT,DRY,DRIVING SKILLS/KNOWLEDGE/EXPERIENCE,2.0,26.333333333333332,3.0,3.0
05d9c30c5caba950cccaeeae365febcc22373ec5a8b3c14ddc7e1581626033ed3f8080828a7b6408a85c96523b344dbb7356a85b10faf0f9edc374f2d90816c5,RAIN,"DARKNESS, LIGHTED ROAD",WET,DRIVING ON WRONG SIDE/WRONG WAY,2.0,27.0,4.0,4.0
05d9d3764cf067851c1c934b45c539a1e118e81884010a7a6423c06b877bdcbd2734eec803fd2c048c2434a38168453c28841c911987fb8e30e277f2fe4a087d,CLEAR,DAYLIGHT,DRY,EXCEEDING AUTHORIZED SPEED LIMIT,3.0,38.5,3.0,3.0
05da0cf55675b472b4dff89f86d6c22fe49e2c2a12aab79af3785b20c2c2200f1ec4604c55e3a396713fe06a7821143a8e569cbc607e0aceb378efffaec037e6,CLEAR,"DARKNESS, LIGHTED ROAD",DRY,FAILING TO YIELD RIGHT-OF-WAY,1.0,24.0,2.0,2.0
05da484f5792b65ed008a430b972ff7d59be48909e880c83cff9b293de9a208172ed139f04c04452054b7df07c229d920af8c91f72490bff6702434f8a2bcfba,CLEAR,DAYLIGHT,WET,FAILING TO YIELD RIGHT-OF-WAY,3.0,23.666666666666668,3.0,3.0
05da48530292fa0ec90cbe96395d5917de861a247e9049a91727911b13bd84c400b13aa06b2aec0a717952980918de51b9d9f65b34aacaa86e15fae9ba2f5f7a,CLEAR,DAYLIGHT,DRY,FAILING TO YIELD RIGHT-OF-WAY,2.0,23.75,4.0,4.0
05da5d7807dfc5dccc7744076cea62aea485e0f3bf2cf1010147b97e96131f80a6407e02d864d1f93f807d20f070b5ca421aa6ba62f8496a6b54cfa32d156596,CLEAR,"DARKNESS, LIGHTED ROAD",DRY,FAILING TO YIELD RIGHT-OF-WAY,2.0,30.333333333333332,3.0,3.0
05da6cd73e8babd55986de129c5b416787186e56e838d57ae178299b6a408e5d1bb592dbacdbc5f2d1399e2117d4f752973d57d66d6eb14ad858bd820f189973,CLEAR,DAYLIGHT,DRY,DRIVING SKILLS/KNOWLEDGE/EXPERIENCE,2.0,41.5,2.0,2.0
05da76b17cd9db6de4aed9003193a054066fee1f7244def5206bbd42e22b7413e33bc2b1110ba938a1e8715662263b7c318d47f15c33427cd2d8ffb4a4dc9089,CLEAR,DAYLIGHT,DRY,IMPROPER BACKING,2.0,50.0,2.0,2.0
05da7a598e2f25255afe412b83bcafb95dacf70c645e8669a924f1948fa29e5ba8f61d83287a1f29b5809f73b89dfb1aa7a8bd4bcd02f6202b8c476bb00b99df,CLEAR,"DARKNESS, LIGHTED ROAD",DRY,DISREGARDING TRAFFIC SIGNALS,2.0,43.0,3.0,3.0
05da95a59f605146714d2330c73550bd80371307f12e7f1b5c2af4ab8524f7c1fcc249889913127bb325621dd96ba7b7ae2a98eb9f7de569eb530d1a5fceb5bf,CLEAR,"DARKNESS, LIGHTED ROAD",DRY,FAILING TO YIELD RIGHT-OF-WAY,2.0,20.0,3.0,3.0
05dab1ebcac5001029b141740234dbd80fc284ce3bfdbad55ea858088d79b8fee300891cb018a78f376e0b74192359613f94eb169036f92f7c6b30e59a6ed48e,RAIN,"DARKNESS, LIGHTED ROAD",WET,FAILING TO REDUCE SPEED TO AVOID CRASH,1.0,43.0,2.0,2.0
05dab1f12fdb19b35d925a85203bb862a3edbd36ab162b2c6d5f2159fef28380d92d90559809a5413c4d7daf2252b67c16b8274e192d072f88d589375a6917e7,CLEAR,DAWN,DRY,FOLLOWING TOO CLOSELY,2.0,37.5,2.0,2.0
05dae9e4726970ffe12001b72629110b64b9f298f81d1474f812e4c36b1699f5611d2507dafc72ea84cc2502843d2fcbe6de01ce8aba1d8c97952f2144701917,SNOW,DAYLIGHT,SNOW OR SLUSH,WEATHER,2.0,37.5,3.0,3.0
05daeaa3d647854c24c94d19abe668fa6530cb14249e6ff1536e7aa4f4dd0adf63b11a929c4619441fba1bd2bd54cc375e416d91a08201649e5de995e02ca1f6,RAIN,DAYLIGHT,WET,IMPROPER BACKING,2.0,29.0,2.0,2.0
05daf2fd1d774d234cd9c96fbc2b4a1cf6d9e074ce1db2b711363b6540036649270db0da8df18a2504bf16a756122d65eaab312b8fe68376ef21bcd886116684,CLEAR,DUSK,DRY,ANIMAL,2.0,20.5,2.0,2.0
05daf72b7b5a623b6be9133633df59cefb3566feef16945731da84ed675fd45842e23021320ffeca09c39e63919088c7244dd5ff54fc2146bc7331f86ac4cf9e,RAIN,DAYLIGHT,WET,FAILING TO YIELD RIGHT-OF-WAY,2.0,27.8,5.0,5.0
05db26dfcb4e4c076be44e097de2d5dc777d39a1525d0edfd996e66e55fd0dbdd02adf5f7c6d0605ea87091a0dca34c95d3616e1f5b932e8b922207db33965bd,CLEAR,DAYLIGHT,DRY,FAILING TO YIELD RIGHT-OF-WAY,2.0,44.0,2.0,2.0
05db49abbf090f364901072d22875f542519ba19c23b416845ab70504c12f203df99d16eca59e72487a1fac937eb6c25b02dd1a61ee2bfacc71342223b769068,CLEAR,DAYLIGHT,DRY,FOLLOWING TOO CLOSELY,3.0,28.75,4.0,4.0
05db51258eb5f8e1e6cf7bab8bd2c87b2b95776e424c8515526c0edfd969df248b6cecf56a9e0048bff8e27981147569dd681b07bdfb2931bdf14e47cd0538ce,CLEAR,DUSK,DRY,FOLLOWING TOO CLOSELY,2.0,37.0,3.0,3.0
05db7ac66f24ccd003d536eb3e7bc5eabe8c5e583e0eaa9a282bc348b0bfc9db7ad19fb440af67a202e8b6ba882a3c12850d60a63fd4503e4b7e5e21bde67151,CLEAR,DAYLIGHT,DRY,IMPROPER OVERTAKING/PASSING,2.0,65.0,2.0,2.0
05db9204cc0fc993c527f62d72c213afb8ea29c4cc406141bf67b199328a9458726fa65ebc460210b6a31d3becd21ebb2052991570b59f2f9e31a4d255efb912,CLEAR,DAYLIGHT,DRY,ROAD CONSTRUCTION/MAINTENANCE,2.0,36.0,3.0,3.0
05dba02c0b4f0a22c178c7c69061ceff72023e5089c4b36f247cb9067d6fb6ce8ef7821d1e555d45f77199d49badb844e1b88a1d03cc2e861b5edb8f808714ce,CLEAR,DAYLIGHT,DRY,FAILING TO YIELD RIGHT-OF-WAY,2.0,39.0,3.0,3.0
05dbb27d2fb070f81e410342381630383374477c899f4e5871d1fe92556d6999a84afa4e9ef8cdf2c503dac6bc32a05b8f8a856ae34bd753b5f9193c3b69501d,CLEAR,DAYLIGHT,DRY,IMPROPER OVERTAKING/PASSING,2.0,0.0,2.0,2.0
05dbc1afa6f0b07369a5d35717450d89aef510e404c90e44422701e9e2a2b3958863ee3d5d8c8a931452f1a45327a068fd83099f16ab1577a0634cf94a12acb3,CLEAR,DAYLIGHT,DRY,FAILING TO REDUCE SPEED TO AVOID CRASH,2.0,49.75,8.0,8.0
05dbccd778f5bf9232814c163fca1f33337aa5d58e3017a4c87f593479b143489293b2fc8428245f85d09c75c33a3bf399e1040b3893983dc5f171d8146c1e16,CLEAR,DAYLIGHT,DRY,DRIVING ON WRONG SIDE/WRONG WAY,2.0,55.0,2.0,2.0
05dbe297f08679d0ff16d59a93ebf4b33523702ea90e9baf6f50b83f5354ab3545f105ca24bec6b6b3a64075c3d71eb07e58f67f1fe90de95c6bb4f31350de24,UNKNOWN,UNKNOWN,UNKNOWN,IMPROPER LANE USAGE,1.0,34.0,2.0,2.0
05dc59a771d66976fbaca327fadb4ca3b6390f465ac7865d46cadad5a35f210c1fc07988f2ea8a56a3504868b5e6971d52a00feeb9fd1619005d2ef1db6aad10,CLEAR,DAYLIGHT,DRY,FAILING TO YIELD RIGHT-OF-WAY,2.0,38.5,6.0,6.0
05dc74e13019958a846bc95981b74f3a2156fc21e0b1b41835e7b3ba9a0e788a3bbc44f7e9ad2e50782436059d988dbd636d47adccae1bca831804f80eea631d,CLEAR,DAYLIGHT,DRY,FAILING TO REDUCE SPEED TO AVOID CRASH,1.0,26.0,2.0,2.0
05dc791956bf73c982aaf8f092a930fbd15224a2d1cd490ecad7d9e1ede4c8afd6f0a0ffc9915bc07c72a45c51f5baec03d629ec7e84899b1ffb271dd3c2e3da,CLEAR,"DARKNESS, LIGHTED ROAD",DRY,EXCEEDING AUTHORIZED SPEED LIMIT,3.0,35.5,3.0,3.0
05dc90c09f8fa2bf6da8b3cdb94ecc948e6d27108c7d65a273195a85c1268133957cd03b02b175f0704b71b54652ec7f166d9d416a504cb18978e58c51187105,CLEAR,DAYLIGHT,DRY,IMPROPER OVERTAKING/PASSING,2.0,30.5,2.0,2.0
05dc98e68b44351121cbdce196d370707fbd2dd0bec0365e574b86c7205c205b54f37434c533b46ab854eceb333b9170551c256fb724da3f9f5c0172d3878535,CLEAR,"DARKNESS, LIGHTED ROAD",DRY,FAILING TO YIELD RIGHT-OF-WAY,2.0,44.75,5.0,5.0
05dd0868a5673ba122bcb0d27896d86d71aa2611c69db7b6b7c38f93292c604d46cc0b2ca7cc4f6a655663144c4150e0d678473004dd288d000e39b75c8c616d,CLEAR,DAYLIGHT,DRY,IMPROPER TURNING/NO SIGNAL,2.0,68.0,3.0,3.0
05dd845b67263cdd663da44abd11448a8cdfa243d5bc35a295b88e76c6ca030e94273f739145e1baea030ca9874a6f4df9c0cdb33b385b72df52fd8d6458b0e6,SNOW,DAYLIGHT,SNOW OR SLUSH,IMPROPER BACKING,2.0,48.5,2.0,2.0
05dda5149a4472f220500150bca245773b5bf9c0a4f3aae60f656452a54dd59f2af896261d3a6ee037ea7ab892ac0adf34d878ba773a1015e9fe78282473a5e1,UNKNOWN,DAYLIGHT,UNKNOWN,FOLLOWING TOO CLOSELY,2.0,19.0,2.0,2.0
05ddbb468c11f3bb61079bba18a3ed62ef87669d4ff04b9688161d8a7e4d85d4f80675f83d14592f8745c634503f348b00dd62179755741021cf6afcefae8381,CLEAR,DAYLIGHT,DRY,FOLLOWING TOO CLOSELY,2.0,64.0,2.0,2.0
05ddbdee4505a1b3f2cb67f3ac4b3f138e83f837b480f83d3153686ffa8d361050e0846f69b0d96a9edfc3bfb573d2bcfd90bb993d1d205431ff7b7d2c7f450f,CLEAR,DAYLIGHT,DRY,DRIVING SKILLS/KNOWLEDGE/EXPERIENCE,1.0,28.0,1.0,1.0
05dddba76d4c276a4cf102d07420d611739ffa14043c83616e46adb911f2c28299cbf4282551bf9f5900b2caa786b8a91622a469e98936dbb3f32d2985f972de,CLEAR,"DARKNESS, LIGHTED ROAD",DRY,DISREGARDING TRAFFIC SIGNALS,2.0,34.333333333333336,3.0,3.0
05dde0f6d0e49b3a099961143220143a4fc6f41a2d41cda3bdc4beae9aa79fedf6ca9c4e27d050b5cb8ee3d1d4fb428f38112b68ed9a3080ae80ac7cf9432417,CLEAR,DAYLIGHT,DRY,FAILING TO YIELD RIGHT-OF-WAY,4.0,47.5,4.0,4.0
05ddf3d8aa214217ccabe11274517bc3cdb84a0af0ebb6f4a844d9cee598ae619ebf6e4d9c4db2616a5340f99b14d82236f36fd32fe4da96adefe345bfac9659,CLEAR,DAYLIGHT,DRY,DRIVING SKILLS/KNOWLEDGE/EXPERIENCE,2.0,59.0,2.0,2.0
05ddf8d2cfc16201163af2fca61c776e2678765b59edcf8476de0bc13f644875e04f52da63bd3567c42c2225faeffa8d5763c98e3d5085df77d3b3acb724e7c3,UNKNOWN,UNKNOWN,UNKNOWN,"OPERATING VEHICLE IN ERRATIC, RECKLESS, CARELESS, NEGLIGENT OR AGGRESSIVE MANNER",2.0,37.5,1.0,1.0
05ddf9f01e59c6d30b506be3ebf7e60317a0367bfbd56436ef4c090be67c66e2cf3a87475731e5a328a8d432bbd133428a1e87a4a502644e58cbe4eb697b3b18,CLEAR,DAYLIGHT,DRY,FAILING TO YIELD RIGHT-OF-WAY,2.0,62.5,2.0,2.0
05de0661a53b1fa8655f931213216b6bb0cabb8533ea474d986c338062acdb9de17842159b90799dec8366a1a22340d63a84d0ec505ad50b4f04b3c1645187f3,CLEAR,DAYLIGHT,DRY,FOLLOWING TOO CLOSELY,3.0,43.0,3.0,3.0
05de4a9f6203118358adafb7f9aa3aa5161229526810d73fac9cc455485d0270989b3671cf4e62035ec0110a38875707d97ef64c3084b69b17f7933209d9c98b,CLEAR,DAYLIGHT,WET,FOLLOWING TOO CLOSELY,2.0,43.5,2.0,2.0
05de6ab3496d591f480aae5fe41d9c932b3c330dc77ba85936ea8d2911d0f56fb2d08989a83d23313b836e38ed225ced6bee3884a87182899c168fd9ec8b66cb,CLEAR,DAYLIGHT,DRY,IMPROPER OVERTAKING/PASSING,2.0,37.5,2.0,2.0
05de8c7fabe44ce2c184e0cc227cf77d4493ef66b8017d8907c9e2eb10d5f9f47fd438de1b950f068b82c589c38caf4dc469b85d490d7c03f806bed39429d0c3,CLEAR,DAYLIGHT,DRY,IMPROPER LANE USAGE,2.0,59.5,2.0,2.0
05deaa0234be81032c23deef0575ac15564d66715edf042cb86a03e9592503adb428cfc8f34c468f468e6a8dec4bfce9a21b550f07c71ebc2f3301f717abe22e,CLEAR,DAYLIGHT,DRY,IMPROPER TURNING/NO SIGNAL,2.0,22.0,2.0,2.0
05dec4d46602c856a8927449a45f1aa8e534643c1bed909988f85f7e6ad678af0fa25611f4c19a8f14233fb317c544863e7fca8e3da92f2e47dab162f802b709,CLEAR,DAYLIGHT,DRY,DISREGARDING TRAFFIC SIGNALS,2.0,61.333333333333336,3.0,3.0
05ded7231c0800a89a343d1d43763af38aae0f5c65352b9e78229359806cb3830c37200b4c103470d39ed856d3ec66ff586d2bfa977839cfa04539f939f1881a,CLEAR,DAYLIGHT,DRY,IMPROPER OVERTAKING/PASSING,1.0,0.0,2.0,2.0
05dedd36e5d1bc53b37d7445dcf858ffa432ae1f35c3d6fb21f1d242f77dcedb749e0719c6c97189591901e20611e58a1c1e25603bee1b991a42503aa707b816,CLEAR,DAYLIGHT,DRY,FAILING TO YIELD RIGHT-OF-WAY,2.0,53.0,2.0,2.0
05deecbcb7280f5e4a5618c45092fc954c0f258b549013b99798ca778e5b43d31062d3a9c580adcab4119f68124aa4b851769cd6e4cf60de184f1431e7ed62bf,CLEAR,"DARKNESS, LIGHTED ROAD",DRY,FAILING TO REDUCE SPEED TO AVOID CRASH,2.0,23.0,1.0,1.0
05df34b86dcff80ac99b3ca91d4acb8bd863a38aa37baa33575635fd27b3488bd5f1eb414e857be4ad4b322adf785b1f90bf9e97a6a451c4c95e5df48054659b,CLEAR,"DARKNESS, LIGHTED ROAD",DRY,FAILING TO YIELD RIGHT-OF-WAY,2.0,54.0,2.0,2.0
05df99cb2d023d91f9947549b9724bef1060fac438b99e3a8047666c510b9d26492b7bc2a4d43521a627453a828fd83d10aa37b53020e24fa2a05025f2e177a4,CLEAR,"DARKNESS, LIGHTED ROAD",DRY,FOLLOWING TOO CLOSELY,3.0,38.666666666666664,3.0,3.0