crash_record_id,weather_condition,lighting_condition,roadway_surface_cond,prim_contributory_cause,total_vehicles,avg_driver_age,total_people,total_injured
05df9c0e9be3a1f46244d6608f8d4ae1b795342c1a9c03e430e9fc97cce4035ae961d01edf76173aa01c385c5aaf1d72e60adedb2faf8225eb98788dc6ee0bd5,CLEAR,DAYLIGHT,DRY,DISREGARDING TRAFFIC SIGNALS,2.0,34.25,4.0,4.0
05dfb84a1583a4c12ece33430652d5330a989a0ca6c3869d8221892ec0f72d7d51629bbd88f6869eb131eeff912e5e1de2d4353434f8ce790cd300f6d1dd893e,CLEAR,DAYLIGHT,DRY,DISREGARDING STOP SIGN,2.0,33.5,2.0,2.0
05dfd0538f9f5853bc8365232cd0c18fc3373db1721209f499275b6f7fd18b0acf439360315922896f9b42ea548355a6c83a163f4415c19785adde00acb7be82,CLEAR,DAYLIGHT,DRY,IMPROPER OVERTAKING/PASSING,2.0,39.0,3.0,3.0
05dfff8b4b741c6d5c1be13f396158818c6cd646ea2e029b3c6d5fa435352d8ca00c89865eeaec33e5e91eefc4b4d990f28762bd0fb1a8589eaa0ca1771a1a2a,SNOW,"DARKNESS, LIGHTED ROAD",SNOW OR SLUSH,FAILING TO YIELD RIGHT-OF-WAY,2.0,28.0,3.0,3.0
05e00722a1b790ebc8cf65704cbaf51e2d6f74e28d22eeef577911a5513cbf706ef79ec3a6387f5fb4d06f8a9f63c7edb3c5c8386cde6158540de0c2a12734cd,CLEAR,DUSK,DRY,FAILING TO YIELD RIGHT-OF-WAY,2.0,46.5,2.0,2.0
05e022fd22251c943697bfe366e88303317109863d996c176a51718501834988217d43d007071fb18cd132f3bf174f247d12cf5b2c42bd35e1f0ec23c32db4b7,CLEAR,DARKNESS,DRY,PHYSICAL CONDITION OF DRIVER,2.0,53.0,2.0,2.0
05e099918b0257925d3eb801eae5ebbf52de5fb949adbadedebeb3d6bbf1975fcc53fff80e6e17d4592e94626b6c1dcddf38a62e03f69adebe6c8c5341589d88,CLEAR,"DARKNESS, LIGHTED ROAD",UNKNOWN,DISREGARDING TRAFFIC SIGNALS,2.0,23.5,3.0,3.0
05e0c2841069a5112e9cb53b92481e24a58470b9db47819f7050a423cf629f502c043ec1e9c958797428b7bd588c0e484473927739951e39b8739ad6ec26b1e2,CLOUDY/OVERCAST,DAYLIGHT,DRY,DRIVING SKILLS/KNOWLEDGE/EXPERIENCE,2.0,37.5,1.0,1.0
05e0e2a4c44fb847a0a1e1a872935719603f3ef33c9d1a867ab51a677c83a82f990e8762835ce3718495f4160cd9ad0ae22a2229072549a21dfd7a782214662e,CLEAR,DAYLIGHT,DRY,IMPROPER TURNING/NO SIGNAL,2.0,35.0,2.0,2.0
05e1355026f883d2f839438eb0015cafa080daa5cd31c50bcfd9a7b43431126de947d5cfc37661d293565b5631183f32b566a68a61c3f3be9def26e49ea0a9bc,CLEAR,DAYLIGHT,DRY,IMPROPER LANE USAGE,1.0,31.5,2.0,2.0
05e139389328ae0aca1d3f4bb05aea3495aa076a5f3fdd3447b8afac7249a875e629e6959b96754ac9f324b4cbebe59eacd060305d1ce8fa4ee730b2f180f929,CLEAR,DAYLIGHT,DRY,FOLLOWING TOO CLOSELY,2.0,33.5,2.0,2.0
05e13b3e97a0e271023124ec998fa6beed3060ff3b4bf0584eb63ad76b2212c1a083beff48f9b2660a8c596ee2ca32737a5475841ac325017af7f7cf3cf8f3ee,CLEAR,DAYLIGHT,DRY,CELL PHONE USE OTHER THAN TEXTING,2.0,65.0,2.0,2.0
05e13d6d0c2ffb36e42056dfd789eeab56fdd81629a402da111ecdc70590946bc88eee13cf76425079b56b056404fd7f368fd491e15d8f9f13053baf8ba57aba,CLEAR,DAYLIGHT,DRY,IMPROPER LANE USAGE,2.0,31.0,2.0,2.0
05e13e1cda311a389def0ace0aa399162bf89a2a072678f609f9a0d3d29b01d8f61db66b79be29117ced9944fd032c568ee0ec2d4ce8ca83d72b60ffbdefb2e4,CLEAR,DARKNESS,DRY,DRIVING SKILLS/KNOWLEDGE/EXPERIENCE,2.0,28.75,6.0,6.0
05e147a9507dd0c460be3d7e6b8a5814200a0a35aa8a12e5eb988fed69e6b83657b7cd6f5243b7abc5b311666610d1b7e756156721d9476dab48f3b891fd5ce2,CLEAR,"DARKNESS, LIGHTED ROAD",DRY,FAILING TO YIELD RIGHT-OF-WAY,2.0,36.0,2.0,2.0
05e1566986550465b72419d200001990843f4a379d3dc65f2f6f83e37b3e9574e7e1305b18e954a07925e43a35bec883c26be5eb442dcd7c0883e0fdc95662e3,CLEAR,DAYLIGHT,DRY,DISREGARDING TRAFFIC SIGNALS,2.0,35.4,5.0,5.0
05e1586c57fefb2c7205fbbc7470701bfbfe11bc157bb52cce75bdbcd3f7c940f141035c8a3fbe190cdf84e94f89a1aa17d6cc85f0cce5717b780a5c9639b517,CLEAR,DAYLIGHT,DRY,FAILING TO REDUCE SPEED TO AVOID CRASH,2.0,37.666666666666664,3.0,3.0
05e15a982b1b7f42e233314c74fa8cbb916e7bf2742a49a6c19ad908bd862327c04f584501c5899c3c55e8b0dd32c46338d37fffd409389fe3ac229bab41c6f0,CLOUDY/OVERCAST,DAYLIGHT,DRY,DRIVING SKILLS/KNOWLEDGE/EXPERIENCE,2.0,37.0,1.0,1.0
05e16cd37ca576cab5945a18f0cd4911628520c7dfde5fe3d5b97fc38b2dc758ddf53a226389042fce796f54935259768bb1df3d0bdbc1315f6376a3a32cdb12,CLEAR,"DARKNESS, LIGHTED ROAD",DRY,DRIVING SKILLS/KNOWLEDGE/EXPERIENCE,3.0,40.0,1.0,1.0
05e175961c23efe49ed58d53214422955da74d6e82ac8e2ac903174b8301ad337d9ef14c0a7c9dad8e1a179715f692e13a64f02f2de8e89dac173b6bb2df94b8,CLEAR,DAYLIGHT,DRY,IMPROPER BACKING,2.0,20.5,2.0,2.0
05e19fdd77724970205b24cc013c5b916d306a6a3d563849dc413d5461b98ab4b7cc74bfc81348cae31199d80edc7cfbb0b6bd6a03f4c92841d8c74f1662d190,CLEAR,DAYLIGHT,UNKNOWN,IMPROPER LANE USAGE,2.0,33.5,2.0,2.0
05e1b2dc954c58bbd8dd5d18dd00bdc36aa55bbef4529ac011bcc995904a3f293942f19c49da409d7d502a39943af5f29acfdf9aefe3f887c637e5431b469094,CLEAR,DAYLIGHT,DRY,IMPROPER OVERTAKING/PASSING,2.0,51.0,2.0,2.0
05e1b31aafac393ff85fc569192fc4b6307f57c1f589c5cc73351477b9fce5c4b69d73805fc820b214de169c0bbcd223e051ed1fa942ff0bae9fd497c8aee19d,CLEAR,"DARKNESS, LIGHTED ROAD",DRY,"EVASIVE ACTION DUE TO ANIMAL, OBJECT, NONMOTORIST",3.0,34.0,4.0,4.0
05e1c4ddce8c8623fddc29035544efd50be722cfde3bb0dda1e579e45fc507fab1e2332142ceaabc978a7f39658a0b2c0ca374ef9988e3974ff0a5dc5dc92074,CLOUDY/OVERCAST,DAYLIGHT,UNKNOWN,DRIVING SKILLS/KNOWLEDGE/EXPERIENCE,1.0,85.0,1.0,1.0
05e23e75c8a7e93594263fd2b34b2984dc151abcd4ea680b1d5e7255f2f4bf1e09298598aa315ec0d0cbf602442b84a7cd89f1d191708e25d48037416fbe1f3f,CLEAR,DAYLIGHT,DRY,IMPROPER BACKING,2.0,37.5,1.0,1.0
05e24669074aa49c4e0b5f46304396b1e6f2d36774609a71525a67b18eec7ceb72ac672de977f2343d5f5d37b25ce84fc2fd9869ddad8037985a7933e19667e8,CLEAR,DAYLIGHT,DRY,IMPROPER LANE USAGE,2.0,21.666666666666668,3.0,3.0
05e255ff19f61101df98f766d58da498739e351463d268d79f2e76b88454b339b4f43c2cb447ac6a11b6a423c87dc3420cc044ad4857547d0eea53fc126db5ae,CLEAR,DAYLIGHT,DRY,IMPROPER OVERTAKING/PASSING,2.0,50.5,2.0,2.0
05e26b258055c8112eacbe4e61dc2064645e7f730214916c3d09a4e63000c3f981a494ef8f89c94cbf3e561c0b02af5ebfb2c8c12b4a6b669845fc40bcb6bbeb,CLEAR,DAYLIGHT,DRY,FOLLOWING TOO CLOSELY,2.0,22.5,2.0,2.0
05e2798b94738b101143190179be10ca44db8b19b93eb35802552f891e1f2cbd2b52054eadfa318064bfda93e70ff50601d4cabeebdbb47954a25aaa443bbf8a,CLEAR,DAYLIGHT,DRY,IMPROPER BACKING,2.0,56.5,3.0,3.0
05e2a1d2e159c02ea62dfc929cea0f2a7b8a9812ab6b6bda733f4857f808c0056cc6bb091fc4d1717e17535a56e5de2a55c3920948456319f30555999a0c2377,CLEAR,DAYLIGHT,DRY,FAILING TO YIELD RIGHT-OF-WAY,2.0,51.5,2.0,2.0
05e2a9711e8727ba41deafa2722e2fe2b579238dfa135d44374fac70d803c9da6d9af17a6727b5795e87eb13fda11b01bdf7ddcd25ea86537abd2fffb6e45b31,CLEAR,DAYLIGHT,DRY,DISREGARDING TRAFFIC SIGNALS,2.0,55.0,2.0,2.0
05e2da69c03eaf662ccf870527b1e8e6db33a9603397f2ee753af2b7831321fbc56fd978ad422486c12a58cae36e7ff52580935d3f510f508ebb3b37382c046b,CLEAR,"DARKNESS, LIGHTED ROAD",DRY,DRIVING SKILLS/KNOWLEDGE/EXPERIENCE,2.0,19.857142857142858,7.0,7.0
05e30c3b8b19617e893a1289ca0f56ec7532cb4aff37efa68954a14ab1abff340fc5037d298018ad160078590ac03a92de6830f330490d3e4c8bf7a69455930b,CLEAR,DAYLIGHT,DRY,IMPROPER LANE USAGE,2.0,72.0,2.0,2.0
05e330d48bbda4fd248f40f88449a84c725b1b388d95f59f461e22d1c16fb8eabdd09b4c521cda1fd157808aa27b72e1eb758def6745933da4def6e0d2b7b927,RAIN,"DARKNESS, LIGHTED ROAD",WET,WEATHER,2.0,29.0,4.0,4.0
05e33a1b4e5c5bc933271ded40834a764164ea2385b9bb2c231587390b8aa466d387f8db155f01537b27cc7eddded3abd74357effe188c1fcd065ab79703f738,CLEAR,DAYLIGHT,UNKNOWN,FAILING TO YIELD RIGHT-OF-WAY,2.0,43.0,3.0,3.0
05e33cf27a79423d9cda5a1c799153bf1ff559e46f4c5f7c19ca40f93cabbe5eebe6f0fa25e6c2109530e25879a2e962c2296d0458b210f4316e8fc5a3d93ad9,CLEAR,DAYLIGHT,DRY,DISREGARDING OTHER TRAFFIC SIGNS,2.0,57.0,2.0,2.0
05e33eb957f3dc582d49cb91f132702799ff1c471c7e35f6dbf550808440395b4681ed0d60c14010a66107391250e6f6eca3805ee7230ea0245c8b87367f903a,CLEAR,DAYLIGHT,DRY,FAILING TO REDUCE SPEED TO AVOID CRASH,2.0,52.5,2.0,2.0
05e341afc65788f00440a420198679af9e23622d339b7e84e3a7a2eab221769c23a2563ca8cc4ed6d54b73ae7f930bf78f286b4a7fcba02f4798132806bf8a8f,CLEAR,DARKNESS,DRY,IMPROPER BACKING,2.0,35.0,5.0,5.0
05e353ff5eecb30d69cab33ef17aac651d7120c3c47b1ff641471888860cc5e83f1f5e797d91e6a05373c327d4323e31fb2c2254e65ff1e094c2232569bff896,RAIN,"DARKNESS, LIGHTED ROAD",WET,DISREGARDING TRAFFIC SIGNALS,4.0,32.0,3.0,3.0
05e388da17f6ba21b46246508c33e62b29822954d597859304b5ac3fc0772306212181e303a64807a0f7b5c590bf2b41e504d44f36b83ef639cc96983f2856b7,CLEAR,DAYLIGHT,DRY,FOLLOWING TOO CLOSELY,2.0,60.0,4.0,4.0
05e38f0b194330d2432422de8d076a8a81b97450cc59c3902254cf0394dcafca3200571e6d991076a4528de75b94b5bc71cfc35abbd8504e0ce151d5c8213fe0,CLEAR,DAYLIGHT,DRY,DISTRACTION - FROM INSIDE VEHICLE,3.0,44.666666666666664,3.0,3.0
05e3bb85617d39197832894ec97eb8622147a51d36a5f2d80707d56f49ec6c9e42827a8c2a2e624944fb95406a3fd1a3bd2e263e361fe3f5e29a99b2f97d0570,CLEAR,"DARKNESS, LIGHTED ROAD",UNKNOWN,RELATED TO BUS STOP,2.0,38.0,2.0,2.0
05e3d4759ed8ebb6a23368642eb0daa712bd427885d608dc1e2babb748565bf46d279ef4382761dfc6ced61179e4ff8b1c94dfb1eba47dea966cb34bc434974a,RAIN,DAYLIGHT,WET,IMPROPER BACKING,2.0,37.5,2.0,2.0
05e3f1376774c5d9e87b286fe3aefa76308e8a97f810715ba765f964793aca7a2527448b756255258fd813ea5300996441f5956fc3f8ce46b1ec6f846d7d7792,CLEAR,DAYLIGHT,UNKNOWN,"OPERATING VEHICLE IN ERRATIC, RECKLESS, CARELESS, NEGLIGENT OR AGGRESSIVE MANNER",2.0,37.5,1.0,1.0
05e4079cc1f384279471a6b4de7625e36fbf185317b6fc3788fa68c4f0e9d56c139a5690ed919bcd272ce0d729e5d9b1f68730abab22559d959dff774973a7a5,CLEAR,DAYLIGHT,DRY,IMPROPER BACKING,1.0,29.0,2.0,2.0
05e40e4e656c83445e1ce63eda2615903f9a4b1d763b991d675719dc99f6005bccea88906a63c96a41ef6bec2ac8d49617a551af2dadbf5266f4e4ade3e37d3d,CLEAR,"DARKNESS, LIGHTED ROAD",DRY,DISREGARDING TRAFFIC SIGNALS,2.0,27.0,2.0,2.0
05e414b4e3c813f9814ebcf81b390b189bd71ff0bc8bdd7f97e1ecf10f59c156155cb07ccf2dc3705bed862db8ff4408e0c93f260c4d6b327fdca043d2020d61,CLOUDY/OVERCAST,DAYLIGHT,DRY,FAILING TO YIELD RIGHT-OF-WAY,2.0,32.0,3.0,3.0
05e43818d0af3205396638713cff969b6dd390439697c59123d2138b85b4b527e8b48e9fcf18dc76701a5442c0d94c0c363f8605878ed77914a3361e6a5d7990,CLEAR,DARKNESS,DRY,FAILING TO REDUCE SPEED TO AVOID CRASH,2.0,25.5,2.0,2.0
05e45bf955f0aedb22d83e94b6ea87842b601539ed9f51c684a9b651ae53b02203379b112adee1c8b2da735308cea66bd2f91885264612fb5d013d04dc4aafc4,CLEAR,"DARKNESS, LIGHTED ROAD",DRY,IMPROPER OVERTAKING/PASSING,2.0,43.0,2.0,2.0
05e48c61d199c7c264ba0dc9c0b427201402473f916509ab30405d9f8f0efaeff43f21dcb20a574af224dbbd404f4e144e9ca5d05f17d808f28335f1addad32e,CLEAR,DAYLIGHT,DRY,IMPROPER BACKING,2.0,50.5,2.0,2.0
05e4a7fea240f6a5ab9aa3178b42e488e182e1f9f7c66ca6766810c421464ea8ec0836697e9a01f64b3fcef1188ea79114c1d9add0ec137004317a17538a0596,CLEAR,DAYLIGHT,DRY,IMPROPER OVERTAKING/PASSING,2.0,46.0,5.0,5.0
05e4ab43b777ff64f04ce1ea971f630b1e5109dfbcb1ca4de437d734df4c00fc126c7e6f378a7a7c14663be63b2ed9d0c3e5b8eba7f20c6cac3e2def71e429b5,CLEAR,"DARKNESS, LIGHTED ROAD",DRY,DISREGARDING STOP SIGN,2.0,58.0,2.0,2.0
05e4b2a1ecae510c98239ea764ca94d9cf464892630d894047778711ae46247cabc565dabc2897e7e2c26e51aaa64095c374b4a7fef53aecbdd6a9d6a1615d4d,RAIN,DAYLIGHT,WET,IMPROPER LANE USAGE,2.0,55.5,2.0,2.0
05e4ba8bc783d3acb6d74cf631b74ffa09d6168c500f25108069789f761c896ef158bd32d44022d53082d3344f8580a584d52ec6f7b1a5a2301b2f2436306094,FOG/SMOKE/HAZE,DAYLIGHT,WET,FAILING TO YIELD RIGHT-OF-WAY,3.0,31.833333333333332,8.0,8.0
05e4c25d4d1b163e4f3e37396f305e1959e97639f63c60126b65eabdb6877f5149f9de9c4fb95849fcc997d0e25c2e1ebbd2cf3cd9113835724b68847f9a42c1,CLEAR,DAYLIGHT,DRY,IMPROPER BACKING,2.0,22.0,3.0,3.0
05e4c8982e531f287322478dacb574ad4fb628b2987b86b03b016cc935704cb99050762ba7b9291264c82f458e030609b0a358485f1f68937a0071b85b7e8ab8,CLEAR,"DARKNESS, LIGHTED ROAD",UNKNOWN,FAILING TO YIELD RIGHT-OF-WAY,2.0,27.25,4.0,4.0
05e4ea506f9367dee68295ffd9bb8ca21c11cd41f80b380a0d46a0a8d43b3f76b5599c333921b5130b8e54215fcecf3c197ae2906ead73d4cad9c0b08b6543b6,CLEAR,"DARKNESS, LIGHTED ROAD",DRY,"OPERATING VEHICLE IN ERRATIC, RECKLESS, CARELESS, NEGLIGENT OR AGGRESSIVE MANNER",3.0,49.0,3.0,3.0
05e54208d8223ce23f38d526043c3f17ce6f1f897496b9c7a39d4525e43b01fb1f93b23f9fd058851c0fce80e09583385e4b43bb2342be28c6303948a09b9c47,CLEAR,DAYLIGHT,DRY,IMPROPER BACKING,2.0,30.5,2.0,2.0
05e560ab0b9d9fe12e868ed9000f567b17418f6264b7f94c15e57c145bf3520c33ed9a065f850f841d876185b51839aa12d7b26a155ce7c9beffa5533908fab6,CLEAR,DAYLIGHT,DRY,DRIVING SKILLS/KNOWLEDGE/EXPERIENCE,3.0,37.5,1.0,1.0
05e5ac29a101d52710e76ac78320b4639346a4c293709e9ef14250977ad79d9fd86ea5185c60918583b3438ef8b8e5fefe82a7ce19aaef8d687ae2c69592eec1,CLOUDY/OVERCAST,DAYLIGHT,DRY,FAILING TO YIELD RIGHT-OF-WAY,2.0,44.5,3.0,3.0
05e5ac568a8453330afa5ea919d6fdabbfea3d63c5ea9422719eaf75ff4291abc580580a9676d3da9a46ad4eca13dc89f6a5188459cfaafda54afbe12700d52f,CLEAR,DARKNESS,DRY,FOLLOWING TOO CLOSELY,3.0,30.333333333333332,3.0,3.0
05e5c4a40e9dfdbc100321970b02c250f650615bed28dc3d4bfe5faa56090b490fb9c35f0e392737229290d6292429887dccde16c4e2494443774b903675b68e,CLEAR,DAYLIGHT,DRY,FOLLOWING TOO CLOSELY,2.0,55.0,2.0,2.0
05e5ed0e0192d38d52c5f6bb44c879dc1233a6db375b278473a8e2977bd97a4fb7ff412deebe09ab61306dbe4a435a1c2f096cad2b158e930088d29d8037dd5e,CLEAR,DARKNESS,DRY,IMPROPER BACKING,1.0,37.5,1.0,1.0
05e60b85a2358d8cd122213f4b9dda83732a89fc9268278e021fbceaceb32dbef4fab104a59a9b007287ee3bb904229e322f2cdbe8f49a0d8693fbe8975b3138,CLEAR,DARKNESS,DRY,IMPROPER OVERTAKING/PASSING,2.0,44.0,2.0,2.0
05e60f82c75905b4b1c455c20b6d0ed2f333c3024434b30e32fe3f36c8cab36388557dbf94dc018e947d9b0b909f5cc55a402db4be8b3ec92851e111c2a1ef4e,CLEAR,"DARKNESS, LIGHTED ROAD",DRY,IMPROPER OVERTAKING/PASSING,2.0,39.0,3.0,3.0
05e61180283c418ec260eb2e03f755252dda53296e0fa2558b8559be9cb963f35cde23ffbcf92c63e4dd04e117e45548209c0f196a8f368a9d9ecc705adf45bb,SNOW,DAYLIGHT,ICE,EQUIPMENT - VEHICLE CONDITION,2.0,40.0,2.0,2.0
05e612a49203c57ce796a204d4edbfd53749c56d318073c583a78ab5d0819cf94082911eec566151bcb7271a5a15c08fcb2048c36b6452fb07d8393c0c8fc40c,CLEAR,"DARKNESS, LIGHTED ROAD",DRY,FAILING TO REDUCE SPEED TO AVOID CRASH,2.0,46.5,2.0,2.0
05e62893c8c4250e7c49ee4c25be5edd05878abc3735ea6ed68ba34c4e6105eab776d4c5816ae530af58fa59564944fe910913bc476108fac1e5ddc306c61338,CLEAR,"DARKNESS, LIGHTED ROAD",OTHER,FOLLOWING TOO CLOSELY,2.0,37.0,6.0,6.0
05e662bd350e3e2aa45ba6613515038f04fce50cf1a8619861541647acd4de6fb5f252c42767eebf365b34cf8748c0a7fb04dd514bc2e19fdec99979f4acc57f,CLEAR,DAYLIGHT,DRY,IMPROPER BACKING,2.0,41.5,2.0,2.0
05e684fcfb8339c804412c98e294479bd16fe93522614e7bd9f1ef6f6c32d8c54d4b22ebe8131edb49e01ad18050d1de9060b9175f4e318fe3110527d4ee5dc2,CLEAR,DAYLIGHT,DRY,IMPROPER LANE USAGE,2.0,49.5,2.0,2.0
05e69efc94984fc4c8cdc2ed39e340040fcd7b9fcd6b37973d48ab46f8b512ee7e2535d181f8f757b3fb75d47c66e6569683adbaa1b20bad766d34de4a0a8358,CLEAR,DAYLIGHT,DRY,IMPROPER BACKING,2.0,37.5,1.0,1.0
05e6a18e251607055ee36bd2a2a2f5ab5283167540477773872621f2f9d4be52f315d32e8eccc582ca370557bc5d84470b190343981e0d62749cf563aa7b1a0d,CLEAR,DAYLIGHT,UNKNOWN,IMPROPER BACKING,2.0,32.2,9.0,9.0
05e7159096b88507b33c988375cad6ede8ebc0c966eee849184d8deb3f75f8a54e372ea8cd826fd7b3bea400918dcee4280236ff011798bf10367dd8e210ae53,CLEAR,DAYLIGHT,DRY,FOLLOWING TOO CLOSELY,2.0,38.0,2.0,2.0
05e71648ee9aa935da1ce24a6ca49733ed621528d5107178c9b78be0d254f636163cf2a9f25487439ee383f63241c2645e4e07f547dd4f4d7e22cc384b372763,RAIN,DAYLIGHT,WET,IMPROPER TURNING/NO SIGNAL,2.0,56.0,2.0,2.0
05e756de89a3ecf259ceaf37438d41df24e3813ef53c39950fb6ea9f5ffcf599de2fd857e8c9fde7b59abcea09da13bd4f23cf0cc9f2be3d72b0b267eaf04ebf,CLEAR,DAYLIGHT,DRY,PHYSICAL CONDITION OF DRIVER,2.0,37.5,1.0,1.0
05e7972623044a0d9e3d4c0754da44600570d6fefa4ba59fdd53d1703b3eaf438bef63c559410981c64b7eaea753b1b3bceee6949fdbf43e01f693dfaa873f9b,CLEAR,DAYLIGHT,DRY,FAILING TO REDUCE SPEED TO AVOID CRASH,2.0,37.5,2.0,2.0
05e79da66aeb8a1c07a8748547a721d363b22f1ae2144af5adfa48bbf9ecb4951abe6e814dbebfce4e79bdd154f99bdec750566d523a36c900a3f5bf3ba0d682,CLEAR,DAYLIGHT,DRY,IMPROPER LANE USAGE,2.0,36.666666666666664,3.0,3.0
05e7a11cd276555898a69cdf2aeaf20919f661c2a7dbd9e91f4413fb4e42181a1d4a62fd0feb039093bec26c05574a541b5decb38a4489d9e242f26565d0493c,CLEAR,DAYLIGHT,DRY,FAILING TO REDUCE SPEED TO AVOID CRASH,2.0,43.0,2.0,2.0
05e805c048cc8d451a2be85a9d775a1cd2080e3306069fa0e9702a1be9c2c5a68b334dd5b93d7cc0d2ef7047c0d93e2ccf4540ae472a33da7f3e4d513458f312,CLEAR,DAYLIGHT,DRY,"OPERATING VEHICLE IN ERRATIC, RECKLESS, CARELESS, NEGLIGENT OR AGGRESSIVE MANNER",2.0,67.0,2.0,2.0
05e81d1761f264714ecd716bb1f30cc9c6a2c3455ba862c774986d3c08583dc0ae42a75250288322fe66b5d3d9832401c278c22346658ea31fe196892136dffd,CLEAR,DAYLIGHT,DRY,FAILING TO YIELD RIGHT-OF-WAY,2.0,67.0,2.0,2.0
05e89573f2b6781eb23257c68ed6c864c491ff888774d760dfb9c5d0832be63f960f762bd3d299d44e8c0f08ca3cb2cadadae98be4cedc781044a19af6f6c02e,CLEAR,DAYLIGHT,DRY,DRIVING SKILLS/KNOWLEDGE/EXPERIENCE,2.0,61.0,1.0,1.0
05e8af50f206fcc22cc11777b5619aedcb0f86e7988c67315712167f8106e85cfbbfa8581f5d82761344539c29b008db77cd51d25de39ddbea8e75e7ae2bb8f7,RAIN,"DARKNESS, LIGHTED ROAD",WET,UNDER THE INFLUENCE OF ALCOHOL/DRUGS (USE WHEN ARREST IS EFFECTED),2.0,37.5,2.0,2.0
05e8da1f53d05e410278c56553cf7c66dc1c7772e4a005ac68190f5810a89975dfab8f07262221cac4395c2be0af4da5bdf7d1f0bf8e3f50829770af062b2f0a,CLOUDY/OVERCAST,DAYLIGHT,DRY,FAILING TO YIELD RIGHT-OF-WAY,3.0,37.5,2.0,2.0
05e8f2f508a3111c6379b548c5e0d1ba043dbc326ca512f120c2b7d8d5f0a6048ce033c1d8d86c7f1f0d5c5e7f99adea60436dde198d9b2be843b3b6612a2e92,UNKNOWN,UNKNOWN,UNKNOWN,IMPROPER OVERTAKING/PASSING,2.0,33.0,3.0,3.0
05e9179a8d8b9da86a0363d213c3f31f21825cdf33fac1f5aded709cbbba8d383996ade139af0c249e29f9714c8c1163bdecc372e00cdb3bf600e80e41bfb8cc,CLEAR,DAYLIGHT,DRY,FAILING TO YIELD RIGHT-OF-WAY,2.0,64.0,2.0,2.0
05e93a1601ac71c16e52342e6129ae2124bbe855423feffde3b13acdc6ad164dfa807085f8d3c51fa05394df7de4ef08d3e5b5d4136182a81bfbbf52f11816f6,CLEAR,DAYLIGHT,DRY,DISREGARDING TRAFFIC SIGNALS,2.0,29.25,4.0,4.0
05e943aee760c3bc033e690f22923424079ede60b92a7b0e0558780e93101cc9050e2b81006569437a5cd3b060bb6fc034733d401c9b20f5c422e4710e9acd90,CLEAR,DAYLIGHT,DRY,FOLLOWING TOO CLOSELY,2.0,43.5,2.0,2.0
05e96cc76c2c2d48592dc325335b51144455c14e20a331ba9ebbb14189a38d70dc9bad95846fd1d1ccdac96c74af2db4472c5299de08f9fef357ded9f8a484ba,CLEAR,DAYLIGHT,DRY,IMPROPER LANE USAGE,2.0,60.0,2.0,2.0
05e9862c8adf6316d88029453649268d78f53980f10e66db5aa872c3ac991837054772849ef8acb6b609e16a2e8bd18b7cf81e21a289e3d8454d8b88b2bc6296,CLEAR,"DARKNESS, LIGHTED ROAD",DRY,DRIVING SKILLS/KNOWLEDGE/EXPERIENCE,2.0,29.0,1.0,1.0
05e986ea5b46ff489e7a39731900e70acb52dcc11eecd8cebef3648cde0cdfce5456097aece20e664678fd3ec9af0b8226b5bb921911ac4250fd6733dbfd0c87,UNKNOWN,DARKNESS,DRY,PHYSICAL CONDITION OF DRIVER,2.0,31.0,1.0,1.0
05e99fea1b095d9223f39809ed1ade56b64b65f9c0d6272de5793d91fcb090850297baae4283a43eae177502b0a058bb669425b31ce46acfdd213c88eba67b69,CLEAR,"DARKNESS, LIGHTED ROAD",DRY,FAILING TO YIELD RIGHT-OF-WAY,2.0,29.0,3.0,3.0
05e9eb23bb6ace7565d1ea61c891f5b6185df1f851326e3b4e1c7a54f2fdc2ca37f813fe73d52d1604acf61db9b16ca519d51ba8a22b77acf1de62d857a8987f,CLEAR,DAYLIGHT,DRY,FOLLOWING TOO CLOSELY,2.0,42.0,2.0,2.0
05ea8643cb7dc787ab8b1743d547ad8883239c77bfd61f195da67563d9778900980be7c597d48c6ac7e617f231d6a4d090d23387f8e56fcfdb86ed10f4b9da07,SNOW,"DARKNESS, LIGHTED ROAD",WET,DISREGARDING TRAFFIC SIGNALS,2.0,48.0,2.0,2.0
05eaa7b5d74edc90949b1d52f81eb894e94732785ebb11b8c25559641695bee9f1fc87b0e63de9584b0899db087293adf15b0507360c2940edddee097ca48fee,SNOW,"DARKNESS, LIGHTED ROAD",SNOW OR SLUSH,ROAD CONSTRUCTION/MAINTENANCE,1.0,37.5,1.0,1.0
05eabe0e0858c0b426e946d029556a4558064f2acd64215f0544a5f2a516366c9524067111caa0e4ea6fd0a730bdc7bd6b7cc7214826c7ddfa4619bf04819d6f,CLEAR,DAYLIGHT,DRY,FAILING TO REDUCE SPEED TO AVOID CRASH,2.0,31.0,3.0,3.0
05ead816dd24c99056b3481d2cce1fa4f2d0ba76e14a58b6aab2604d7284bcd6d8f4dccd535cf4908f11994e9579ea82f07a6225af0f4ccf30f648f09b90c20d,SNOW,"DARKNESS, LIGHTED ROAD",SNOW OR SLUSH,WEATHER,1.0,26.0,1.0,1.0