crash_record_id,weather_condition,lighting_condition,roadway_surface_cond,prim_contributory_cause,total_vehicles,avg_driver_age,total_people,total_injured
05eadcb5bbcd30e67eeb09efa5435e066c6ab3eb22ac2e44d7223a6556af1c72eb05347cd6bdd28c1cebb7b40f44306ee3086f6162ae3075df87c22b78ba7376,CLEAR,DAYLIGHT,DRY,IMPROPER TURNING/NO SIGNAL,2.0,32.666666666666664,3.0,3.0
05eb2df538a63fc114ee003ca8419ef203ce43b7b16b20122bae26de8b2203009810437cabd63ba68db56f3558eff7c654372ff544b4dca02f6e716957bbeb69,RAIN,DAYLIGHT,WET,DRIVING SKILLS/KNOWLEDGE/EXPERIENCE,2.0,37.0,1.0,1.0
05eb37ccfbc6acc727a0d9f691080659c23b5f4734799c56a0d5660cbcce98d45ba3ff6d83fe9208e62a5e879ee8b6f00e8dc53d2ded447224dfa948c1079537,CLEAR,DAYLIGHT,DRY,FAILING TO YIELD RIGHT-OF-WAY,2.0,45.5,2.0,2.0
05eb420da2f1422b6b459877bd6548daa911fff6f4aa65872fbf3371f500f3ba37974db6205858e85974934230b73256fc45be5e0cd9534d31f809f2bbfca45d,CLEAR,DAYLIGHT,DRY,FAILING TO REDUCE SPEED TO AVOID CRASH,1.0,75.0,1.0,1.0
05eb5e19040a297a81a2a811f40a157989af12051afb835bc9769c03cac6dc155092a04823ccd39cd9346138097e4ff79c6c6c2e8d6082d5480adf8bea4798b5,CLEAR,DAYLIGHT,DRY,FAILING TO YIELD RIGHT-OF-WAY,2.0,56.5,2.0,2.0
05eb71c9575f894a3eb18a1079e9c0447d415d2de1fea77f2a3dfe7f0c586eaa42f53e06bfc6a3656e373cea0bdf01ce41902e5365179ade90211db6001db2c9,CLEAR,DAYLIGHT,DRY,BICYCLE ADVANCING LEGALLY ON RED LIGHT,2.0,44.0,1.0,1.0
05eb943ae158ce121b87566b7bb13f46bdc88158e54231d616da105d27be236118145cbbc00b7614864d67a0c35500813db7ffbfac4d51efa6f40da42f4c1408,CLEAR,DAYLIGHT,DRY,FAILING TO YIELD RIGHT-OF-WAY,1.0,25.5,2.0,2.0
05ebc260a8858fa860d9041c97fa86a539e96faa32936d3d66643cbc8a7c491dbb20f2a7b54759afbfb074cc46fe9b012ef4f171dd56811205ce28faf57e6e23,RAIN,DAYLIGHT,WET,FAILING TO REDUCE SPEED TO AVOID CRASH,2.0,24.5,2.0,2.0
05ebc414709ca7383d0f3f2b1ecafb7ac1c63d1d50ae035b7883cd5b4fbafc1da6c0fdd0038f86997f02cebc576b8ddb1dee9f7bb0bfe711df068a184749d6c1,CLEAR,DAYLIGHT,DRY,FAILING TO REDUCE SPEED TO AVOID CRASH,2.0,37.5,1.0,1.0
05ebdaae1fc8b6b803133eba543bd4248b65334d538220bfcef038d1da49ad7fed813f6d83852cf81e7a7fed351120dbe2cc01b3e677bde2de5cce5490ceec96,CLEAR,DAYLIGHT,DRY,FAILING TO YIELD RIGHT-OF-WAY,2.0,39.5,3.0,3.0
05ebfa41b1fd6fc9a19be45d60153721815a1e519bd39e7894e54a35162102640129cb3fe1a20fb3a99b7a46e6cb96d076cadd507236d21cc6a1c27332f4cf51,CLEAR,DAYLIGHT,DRY,DRIVING SKILLS/KNOWLEDGE/EXPERIENCE,2.0,64.0,2.0,2.0
05ec0ca1598e248c229bb61896cec0c7240c4d87d54413a43f8443537b1c0f0c9f7fc99b9a0669ac113aea60ccbde2ea75d192aadbb99161480b7952182812d7,CLOUDY/OVERCAST,DUSK,SNOW OR SLUSH,FOLLOWING TOO CLOSELY,2.0,36.5,2.0,2.0
05ec3b49c2e5427e884f22b54ac3f45ed2e650ed50aba71fa76d1342c32d9ced231340da3a06aee2baaa1c24afb686b2425465ddd9043330965a82e32edcbd38,CLEAR,DAYLIGHT,DRY,FOLLOWING TOO CLOSELY,2.0,41.0,3.0,3.0
05ec5a7312ed59f27df7e8e4b9ef40d282b0fb46e24339f6809f328c24a15a7ca4cae890ff34cc6e26aac8d94d6d49f97d2e97c6dedf9833e905ae6193429232,CLEAR,UNKNOWN,UNKNOWN,FOLLOWING TOO CLOSELY,4.0,62.5,4.0,4.0
05ec649b86028eab6850a9c419cfcdc35de2e1763dc6f21d4ce726b6009c8d7dc796343694fc2045406397dceed2b2e3cd6cdb146cff3e3ddea07b11f582e082,CLEAR,"DARKNESS, LIGHTED ROAD",DRY,IMPROPER BACKING,2.0,57.0,3.0,3.0
05ec71a1d5f069e97af77be356c835bcade6c56b3b0493c2c485f6448e7627f2425f3c23f5a935781c1a8ba258cd916b77a9234cfdaead1813d4a4628ae84ae2,SNOW,DAYLIGHT,WET,FAILING TO REDUCE SPEED TO AVOID CRASH,2.0,55.5,2.0,2.0
05ec7779235f03ffd4476ed2c2463d04c9c284b886d4a2322a06cf1a445315c98802d386ea9e935e415153314fd3e8b3a8c3c128db5cb69a270c2f561e44b4b8,CLEAR,DAYLIGHT,DRY,IMPROPER BACKING,2.0,26.0,1.0,1.0
05ec8f7a68a55d7a3a3b8c99a3c2674b5e4eaaa90d675973d363a0f6ddab214849f5bb27b54f9ad2e4221555da737e95a43c8170c2275789869c7864df2d04b7,RAIN,UNKNOWN,WET,FAILING TO YIELD RIGHT-OF-WAY,1.0,13.0,2.0,2.0
05ec9cd329394d143da95b85e64fc19a6b3fb0b996751680817ac3a231484cefec780b43af998b32a52bd370540bbdeeae03f8dd404d1d11205d07d158965539,CLEAR,DAYLIGHT,DRY,"OPERATING VEHICLE IN ERRATIC, RECKLESS, CARELESS, NEGLIGENT OR AGGRESSIVE MANNER",2.0,37.0,2.0,2.0
05ec9e7b448e01318afcf6917516e26db54d961432f881bfec01e7fbb2140a1f0f643006606e2754d24e25264e4ad6a380611049e192a1e53f86a7fc705e51f8,CLEAR,DAYLIGHT,DRY,FOLLOWING TOO CLOSELY,3.0,37.0,3.0,3.0
05ecbb5331a62ccf8ee013d75ff792dbc666d9c1b75c9a1ca4d89e4cc2f56c9772a81cf0673b375e60b939827637dbef495178e44c6a2a4b521e751d17ffdc34,SNOW,"DARKNESS, LIGHTED ROAD",SNOW OR SLUSH,IMPROPER TURNING/NO SIGNAL,2.0,28.5,2.0,2.0
05ecdce862645504d633b4f2892ddcc0b47e04efc90201478858a11ad2aeffa580370cec47d712da38ef22ea4865c54f3cdf77137db5916b118a8bba0018dbb9,RAIN,DARKNESS,WET,FOLLOWING TOO CLOSELY,2.0,30.0,3.0,3.0
05ecfa4161e793f3c947a88c80239d59c8e3e43b403b18eca42bf71895b7ad0b11abd82b266d52b217773e54374c2de0b1682b976ab534a49fdc1aa8875e15d2,CLEAR,DAYLIGHT,DRY,IMPROPER LANE USAGE,2.0,15.5,3.0,3.0
05ed254d707aa0b7d04b06b22498886e764f17b12fa41b4fb670bdb732ea443d9b15db68f02d0aab8c8d15dbc1b3bdea8a6fa3ea71b37998516e3d02fe6a469c,CLEAR,DAYLIGHT,DRY,FOLLOWING TOO CLOSELY,2.0,52.0,2.0,2.0
05ed2bce9666c30e171670eefe4ff05e213215621b4ad5ca4d6e3107ad18ab865e1433ae68af29bb1a99cc70137523f116b713c1e4ac06f23fb7baa0d45a745c,CLEAR,DAYLIGHT,DRY,IMPROPER LANE USAGE,2.0,43.5,2.0,2.0
05ed515cdc80adb755640164e616b85a0d4e56175bf377cfadf531d74636c90d96b41458fad97379b6967e4598840c1d1a3f6426c58f0a285943369ed6de96c5,CLEAR,DAYLIGHT,DRY,FAILING TO YIELD RIGHT-OF-WAY,2.0,61.5,2.0,2.0
05ed85bcd9a71ef057af4bed02afd09a6f901f2b0e294f92bcd13c74b22efbb460a915927f2dde7c8c0099df86ee7ce2176689dbe6a0b50598c8102a58b0ba5d,CLEAR,DAYLIGHT,DRY,DISREGARDING TRAFFIC SIGNALS,2.0,25.0,2.0,2.0
05edc8342eadfdd7336d34612fc80ba715f96a7d002f543409a77abf2e2d5b84eb8b0c9609cfeb51aea64eb539b2c6b833f990ef8298a595f33897a56f488198,CLEAR,"DARKNESS, LIGHTED ROAD",DRY,IMPROPER TURNING/NO SIGNAL,3.0,27.0,3.0,3.0
05eddaa86904f92bffc95d5d8bfb1abb8e3d238e01aa1218eb61d37f9090f7fc79273f9498663e56cf0740a8d94994de20dafaec5c21a17fb864c0b3646fe922,CLEAR,DAYLIGHT,DRY,IMPROPER BACKING,2.0,42.0,2.0,2.0
05ee0eb599aa0f33fef4f5b253ceccf29edf58e0e6c60ca5cc08d9210f91f96b701542e927c068435cbe879aca3a299dde4c318acde5d6007388bee31bba0142,CLEAR,DAYLIGHT,DRY,IMPROPER OVERTAKING/PASSING,2.0,48.0,2.0,2.0
05ee189b719b51747437e27990a4b609126a7d25fffba7d1138b1fa2afb169dfeea3e4ec4311957c4702c9ee033637306f0cfc1e1988079b3c8b6fe5f09c82d7,UNKNOWN,"DARKNESS, LIGHTED ROAD",UNKNOWN,FOLLOWING TOO CLOSELY,2.0,43.0,2.0,2.0
05ee6cc4304538c081bbac18a38251d90b408041eea9c8dc40abfe0ccada0c09a17a288cdd46db172cc379536c8835fdd74463e36394ee80e9e0ca89198d6422,CLEAR,DAYLIGHT,DRY,FOLLOWING TOO CLOSELY,2.0,71.0,2.0,2.0
05ee8ca219b4d9f85c90ecd032551d4cf5c87eb896009407acf86db9103bb33346f0ec61b420775f79e4eee814b390412d563eea0c33c3472a70f357e1bd463d,CLEAR,DAYLIGHT,ICE,IMPROPER LANE USAGE,2.0,52.0,1.0,1.0
05ee9e969328169f21873e56ca313b23b2d67384b9b47fda2638939bd8d728a9e8854abba2ad670a897d192413e651bf76b54b5b991bbbfe8830189b8f1d7f9d,CLEAR,"DARKNESS, LIGHTED ROAD",DRY,FAILING TO YIELD RIGHT-OF-WAY,2.0,29.0,2.0,2.0
05eea5e7b40cd72e34c74addfbf6f90d6c27d35937ed4b0477ba90d2bcdfd4950f9f1e7b34142fe825f27175d56b88bfa828560cab164b307cd877d0ccd8f287,CLEAR,DAYLIGHT,DRY,IMPROPER OVERTAKING/PASSING,2.0,42.5,2.0,2.0
05eea803d796268ece4bb518402c8964430e9d260e4e14967eedca8b4d12ad72b48ea80fcf7a8c2f8d9fb4f3b9a33502f82dbce4162b04dc1497eb724775c195,CLEAR,"DARKNESS, LIGHTED ROAD",DRY,FAILING TO YIELD RIGHT-OF-WAY,2.0,28.5,4.0,4.0
05eeb2177be32e0e9e80d98aea2abad041bb0526792a299a099723afb200c70f8a2c2bcfe4da4a94cd8e5d73b48bf0c85e24bdbfd4c2f6eb39c77b6f13a7c8a7,RAIN,"DARKNESS, LIGHTED ROAD",WET,FAILING TO YIELD RIGHT-OF-WAY,2.0,41.0,3.0,3.0
05eec4a6ac0d584aa5dbc234797c93a22618c245896501e0b0d5e7ca11242bcea792f3c983dbbcb1abc7e8281efd5e7695ad0a7af61557591a38fe85fcce0792,CLEAR,"DARKNESS, LIGHTED ROAD",DRY,IMPROPER OVERTAKING/PASSING,2.0,39.0,2.0,2.0
05eed7d6d1ed5121d9ddfd8e6fb6907e88e8c7c7f6aaeeffb783f25ab60c0688cab32c3512563535262fcdb5f287e84301c3265706eb0e7c958b3f494627a60b,SNOW,DAYLIGHT,SNOW OR SLUSH,FAILING TO REDUCE SPEED TO AVOID CRASH,2.0,33.0,3.0,3.0
05eee474e06362863b8087fa3e551b1fedbe3726cca1f6ce62cff55b5ef9043cc5a913337161f27342cb5f1632fc0cfc129146dac53b58db1570d503d60154bb,CLEAR,DAYLIGHT,DRY,IMPROPER OVERTAKING/PASSING,2.0,47.0,1.0,1.0
05eee4be6ecee554a3a0a428b0cffd38e8f321400d2e1201a4990d240f8746593b47d3cbb777d3c29320a77dc369c5625e7ce5b8b1fff561032cb43d6fec2ba8,CLEAR,DAYLIGHT,DRY,IMPROPER OVERTAKING/PASSING,2.0,42.0,3.0,3.0
05ef33558b91717e5c0e1641fc929e22d75b85f17a809dc618ccdc163c3f01c40e07d3a82c559e41f2241522ad769ed78b7c85ab86530fe7c57589772e2327ec,CLEAR,DAYLIGHT,DRY,IMPROPER LANE USAGE,2.0,41.5,2.0,2.0
05ef4bd8211878cc5258de8cc538f2b5c26e118efc946554a34680bf847bba1fe01f06c6d06816c7a47b90ea1b9ea5f5f725580b5a4be8bb2f9c612122637548,UNKNOWN,DARKNESS,UNKNOWN,IMPROPER BACKING,2.0,37.5,1.0,1.0
05ef4dbb81ae7dbb23fcfc078e3eb5d3e6783f763034c0310b412c6364104091c89037376790fe0bfa35b0508e8c29610cbabbe72bfb81fc3f1b53efe39ea6d2,SNOW,DAYLIGHT,WET,IMPROPER LANE USAGE,2.0,22.0,2.0,2.0
05ef5461e7adb2d23c03e4a050b50cd3c44e5eab912a80d8330732566fcba3d56bf5f2dd325d0ea845b04f3793665a688e80fee5fe8851c69c759f53554ede5d,CLEAR,DAYLIGHT,UNKNOWN,DRIVING SKILLS/KNOWLEDGE/EXPERIENCE,2.0,37.5,1.0,1.0
05ef69d6c4fadeb74e5303a258f25d408c043d5ab3a87c292583c84ddf808b53aaec081c88a3a31256efaad8c141c809c5364ec37bf9c33285ff338eec2084cf,RAIN,DARKNESS,WET,FAILING TO YIELD RIGHT-OF-WAY,2.0,40.0,2.0,2.0
05efc68f7b1490688ce540b62fca28e2793acc3726cda38dfcc58846954ab7c5ad8cdeef55693e8ca64ec94a6da2867756e7bbbea2f11e681f5064335bfb2c16,CLEAR,DUSK,DRY,DRIVING SKILLS/KNOWLEDGE/EXPERIENCE,2.0,37.5,2.0,2.0
05efd816dc780ce8775cc0ed47d09ff1a61ea410e5edda2ebf00ba8e47a19af4970581e4d223f7ba261fcfdcb58d647e47e9f90a8abaf77051723607b1a35c30,CLEAR,DARKNESS,DRY,FOLLOWING TOO CLOSELY,3.0,39.666666666666664,3.0,3.0
05efe6e1f6ef6e2a6f4f8a5548fd4a0cec06f6de9b9d3ee487e40de74875dd2e2da2d9e8a59f9e913f483c4e1b6f416c132c11ffba4d239ef7ac40c453ad3671,RAIN,DAYLIGHT,WET,FAILING TO YIELD RIGHT-OF-WAY,2.0,35.5,2.0,2.0
05eff2eaaa9019394030b5417d15dcf475b543eb9d6f33db6515f87ba4a07d20c5d64d4787940511933c5b3dd4e4b87d26df2666c592d2cfd6156a04c329483f,CLEAR,"DARKNESS, LIGHTED ROAD",DRY,FOLLOWING TOO CLOSELY,2.0,20.666666666666668,3.0,3.0
05f01ccd5982185410e353c289dbb1033bf7e9ea58709c9cd8e4c1a3d164944753e9b606c8a73610bba5c6731b5cf4385bd478419b6063f7e69f37f9ddc1a95f,CLEAR,DAYLIGHT,DRY,FAILING TO YIELD RIGHT-OF-WAY,2.0,42.0,4.0,4.0
05f042c667817b53806fc32a28ae61d0e0fd3dc7bee356794e6b666a392b0bc4c1e01732e93fe2b7a41f7bf3e1300ad7013b09a6c31efa4a39c334a46cf3a94e,CLEAR,DARKNESS,DRY,DISTRACTION - FROM INSIDE VEHICLE,2.0,32.0,5.0,5.0
05f0440736163400cb276a48fc6b0f2af8c77c8761de0b5540f9d9797be508ea88902bb766585d6923efc1b093464ebbc1e452df134aa0fbb4457a5bd18967ac,RAIN,DARKNESS,WET,DISREGARDING TRAFFIC SIGNALS,2.0,19.5,2.0,2.0
05f04ac6ff9c41b56c88c768554ed0d9af576c5896cd4b9cc73d47354143ed85b8594e0783a91f4df0404eb2b635d91dab3866de381bafcc10d64a78794ddaa8,CLEAR,DAYLIGHT,DRY,FAILING TO YIELD RIGHT-OF-WAY,2.0,38.5,2.0,2.0
05f0851860a80bcc912e2ab9f02118e237eb287183ff40f6e8ebfd8efeeda4ee7f0f861e3c87c818277299bd5596c03f6a62851972da031879005f3f3a329d71,UNKNOWN,DAYLIGHT,UNKNOWN,FOLLOWING TOO CLOSELY,3.0,37.5,1.0,1.0
05f0c0bc499300a6b9c939d9f9a9c8d42652d7f6c0b13e6b6e5ffd3f2a483b2419bdf192afe28303102fe4a5ee212a03676d15926d6ea208a45f7b48035d7ab1,RAIN,DAYLIGHT,WET,FOLLOWING TOO CLOSELY,2.0,44.5,2.0,2.0
05f0da2d8e1c23287ce004118488d4f07952851000a21b587ab7f0c8b24f6e70eaecfbd2682524648f7fa534a2f67a6075878abd08b869d520d3ed8f2a56e06f,CLEAR,DAYLIGHT,DRY,FAILING TO YIELD RIGHT-OF-WAY,2.0,63.0,3.0,3.0
05f0f6a787243e56ecf9db7bcd87150c1d6c99692239c7470e686ae5c8e7ee44d7edff0daa1cc2374d7f155a88516f0bc5078fca0cb0acee4222028cae475ab6,CLEAR,DAYLIGHT,WET,FOLLOWING TOO CLOSELY,2.0,47.0,2.0,2.0
05f1048ce96d95a4341992619b5e6cc4aec6864d7f0b3f571af35ce4ef73028ee7af59fc32a0bfaeeea638aca3f2bc8276d19dc9d272793097b592a87b03ce2e,CLEAR,"DARKNESS, LIGHTED ROAD",DRY,IMPROPER LANE USAGE,3.0,26.333333333333332,6.0,6.0
05f11196a755d81f8cfeff44c7ed1dcb3362878b94042f713b7c4835c62fe33287bc3d4b4f30c213790d143aef4ffca8a2c09e4e45f37ebb28e8d5a9126f0769,RAIN,"DARKNESS, LIGHTED ROAD",WET,FOLLOWING TOO CLOSELY,2.0,27.8,5.0,5.0
05f118577bdc5f9771bef26a754c6e3ded09e1f391ee4711e23986c384d16998f4bc95ea39442c476e4f48ae5d3e230fdd3fd1f1b13b82d67e5c9219be2f9c0a,RAIN,DAYLIGHT,WET,IMPROPER TURNING/NO SIGNAL,2.0,43.0,3.0,3.0
05f14ec6bef4d179b4bd5f8f4ac674752176b7b78b1b0dcca3154d3ad43f731033e15af83cd557ad92e17a65cfbce303d63717355bee665cbe74c86132b401d3,CLEAR,DAYLIGHT,DRY,FAILING TO YIELD RIGHT-OF-WAY,2.0,35.5,2.0,2.0
05f15aaf80491a2c9973ed3efc3f4b9265310111e20bcff92d74d376980942f7e8695ece1104a76205274089f05b409f2c1efa75ffd933a2a25ad426e98b3ef6,CLEAR,"DARKNESS, LIGHTED ROAD",DRY,FOLLOWING TOO CLOSELY,2.0,37.0,2.0,2.0
05f15b9d0c06c80854d28c4925cbafb76371ec7ebc664e0928f206515b6a925ab24ee7f0ce328220984dc9502356bc8c3814fe4ce95f0d08f10a86f2a23c8032,CLEAR,DAYLIGHT,DRY,FAILING TO REDUCE SPEED TO AVOID CRASH,2.0,48.5,2.0,2.0
05f16cfa692adf6ca49cb7563d027b9035716a21123c97afec69fe67d16cf2ae433b86839d83f51c0d52c8916b282320f4b82e96a2682b8127c789ed156283c5,CLEAR,DARKNESS,DRY,IMPROPER OVERTAKING/PASSING,2.0,18.0,2.0,2.0
05f1ef2a69f49501a4e94eafc2f8455dc8ffa5b99118ed43acb856ee4d8f28dd77b18e9447f4edf79ac3580b32a578e6d853f8078dea77f6966cbffdd3623d9c,CLEAR,DAYLIGHT,DRY,IMPROPER TURNING/NO SIGNAL,2.0,49.5,2.0,2.0
05f1f2b83bf69457a3fba715d1f18d9c058c1e570150a791bc86ab81fbfed82b837fe09437dc14a3d20f4c3d50749413c923b78c5e9aeea8554a1e9c57327b21,CLEAR,DAYLIGHT,DRY,DISREGARDING OTHER TRAFFIC SIGNS,2.0,60.0,2.0,2.0
05f1f537f489d72b81d4bf788751ca179112ae8d50476ddddb10a87a393e70cfab864c1bcccf5f9e55fd25de46cd0dc3ecfd046744b7e26c724140a25ec4d4dc,CLEAR,DAYLIGHT,DRY,FAILING TO REDUCE SPEED TO AVOID CRASH,2.0,31.0,2.0,2.0
05f1fc80b14d311a999f55620fd059eabcfb0f7006a6a9f5e437e20894415a8ee748bae7a8e737386ff1a39e6574f88bad168804bb13dd11c78b7953d4984cdf,CLEAR,DAYLIGHT,WET,DISREGARDING TRAFFIC SIGNALS,2.0,33.166666666666664,6.0,6.0
05f248c0c63bf7ec7eee3f42a1e5f94b3b9b3ee06aeb23144939f383194e16980954f69ec8fee9f0061d1696a6450944d501592ced3e59eba1b198d1a2af3b9c,CLEAR,DAYLIGHT,DRY,ANIMAL,1.0,79.0,1.0,1.0
05f25fc486598af3de945a5f52941266c77b0973e7618b30ec7f64676a983c60d6cb39a001d9bfd3f05ed2da5eaa4b6132eb204592ec60fd4772b3195475de83,SNOW,"DARKNESS, LIGHTED ROAD",SNOW OR SLUSH,IMPROPER BACKING,2.0,60.0,2.0,2.0
05f26a0cfc414f4ee53c5937629f5b07c6ad552bb5869d76a95e7123590305756e3a7266a855f17a368e643ae3da23dfd42192ccce50fe52764d4d593f7ff73a,CLEAR,"DARKNESS, LIGHTED ROAD",DRY,FOLLOWING TOO CLOSELY,2.0,26.0,5.0,5.0
05f286717b6d0571b55a1fd75b2b07cb7cf29f41e8014b2aef09643fb121c202707297593f717674f17b7957e7c1c7309b2fb2bdb1215db2cf998c3364db25f1,CLEAR,DAYLIGHT,DRY,"OPERATING VEHICLE IN ERRATIC, RECKLESS, CARELESS, NEGLIGENT OR AGGRESSIVE MANNER",2.0,49.0,2.0,2.0
05f297156e5bf267e2a9a86d1acec0f487015e040565a541224cc0d37f49a78195daa954cc8b84be654298131b08fddbcf445097d21ba5c80010f7024d6f3bc4,CLEAR,DAYLIGHT,DRY,DRIVING SKILLS/KNOWLEDGE/EXPERIENCE,2.0,60.0,2.0,2.0
05f2af89a6689ca0958f50d089c1aaa73dd90219324141b671bea15663c9e07d5f6bb32bcca044c9265c2486357c7662bbe6479ae2048ba6ca2fc5c610d25644,CLEAR,"DARKNESS, LIGHTED ROAD",DRY,DISREGARDING ROAD MARKINGS,2.0,30.0,2.0,2.0
05f2b165363b5889b2a2fa28bc4aac9cc9fca1bd3e078b653af41ee7f9ea28e5fe24d69b472f87bd0fc1480ba479685298ca0ef2ab1693a0d5b46fb8a7e3664f,CLEAR,DARKNESS,DRY,DRIVING SKILLS/KNOWLEDGE/EXPERIENCE,2.0,23.666666666666668,3.0,3.0
05f2cf4a3a31ff421f9d659321f46d395b99cdddb51570c2e94cfce2837aedfd77dc6c1a3405ebf8bd7977a42e49cfcf1190f9d3de7485b96968485b413442ff,CLEAR,"DARKNESS, LIGHTED ROAD",DRY,IMPROPER TURNING/NO SIGNAL,2.0,20.0,2.0,2.0
05f2d46ba98045694e3cd206d8b918d845ef426394e14cba9f56e48e04b74407f0428e5dccab37918861f266d9b0cfb56c77cd729f2d437a1c1fae3c77226fb7,CLEAR,DARKNESS,DRY,IMPROPER LANE USAGE,2.0,38.5,2.0,2.0
05f30b7972a9279cf72a4bb63ef126e1ec6a2a6880bea5f622e4afe25f04b74e3fc84bc7a320511cde976ecdeb148bd7c2877768c74a92548724057f084e5e3e,SNOW,"DARKNESS, LIGHTED ROAD",WET,FAILING TO REDUCE SPEED TO AVOID CRASH,2.0,39.5,2.0,2.0
05f32d2c0504772dadae370316ca01d296e384e4549d325150ac4a1fcf20d221e38ef2199769bd068c2a15d8b6120af04416ed3c967c7fd0b7eac4fc758ed41d,CLEAR,"DARKNESS, LIGHTED ROAD",DRY,HAD BEEN DRINKING (USE WHEN ARREST IS NOT MADE),1.0,28.0,3.0,3.0
05f35244875ba9fc3e0d38f36474b5223e86202bc1bdfff480f4f6f2969748b0753e6e43183b5cf03ffc76b9dd652d136eb262f30401a90d8faa98e7d67bb7a3,CLEAR,DAYLIGHT,DRY,IMPROPER BACKING,2.0,55.0,1.0,1.0
05f37d6b18ff72f823abb337cd5379000b36c3bae22dfd3bf91a726f7af4fc747b1042d239f0b9a2de323e454dd3f2b24c87ecd30832c7ea4b1e82935b100194,CLEAR,"DARKNESS, LIGHTED ROAD",DRY,IMPROPER LANE USAGE,2.0,63.0,2.0,2.0
05f39af1c228aef77eea7267cd5cc2376030c092f67cb6f0c95b8b92e953f99bcba926592a7dbb97f60983f09136a8bff0677b9faf2893218e720f550b2c2908,CLEAR,"DARKNESS, LIGHTED ROAD",DRY,UNDER THE INFLUENCE OF ALCOHOL/DRUGS (USE WHEN ARREST IS EFFECTED),3.0,37.0,2.0,2.0
05f3aed1b374da8f4dfd673aa570c2ea8c94b858ecd099120f3e82c29f2f518707b44dffcf8fa93ba2a60838441d626b9bf99dffa6b073b41710815d4347dcfb,UNKNOWN,UNKNOWN,UNKNOWN,IMPROPER BACKING,2.0,37.5,1.0,1.0
05f3b517c9e841a78aabc9c9aa3181f3c3fe0e2c32f1a45ece133f64a5436090616b3ca7b8fb79eb13c3c6433d2445a658f2a9f1f3860d7db0000edafc8b9c19,CLEAR,DAYLIGHT,DRY,FOLLOWING TOO CLOSELY,2.0,32.5,2.0,2.0
05f3cb29f78ad0a33f086188641d460aca2e269c8e98fbf21bf602fa3db1ed84984ef956921adc8e11327281f25ce70f3cd2bf5757810d16f185192e44bf7c60,RAIN,DUSK,WET,FAILING TO YIELD RIGHT-OF-WAY,2.0,33.0,2.0,2.0
05f3ea51767a8926e67f0bef6c758afa86b2e5b35df0a21c2291d15746d0665f85fc917b22e0c87c0763957330afb44207c4d3ae1e02376a149b91755a88071c,CLEAR,DAYLIGHT,DRY,FOLLOWING TOO CLOSELY,2.0,59.0,2.0,2.0
05f3f478af8947e39ca289711dfdaa7463be0320fd178ddebd2dc3559fb165305022f54fd4fae5480662b296a849eba7c57b7012dda8cb300918f3a6dcb525f9,SLEET/HAIL,DAWN,ICE,FOLLOWING TOO CLOSELY,2.0,52.0,2.0,2.0
05f443e4ed12c9e2a5f4887253dc6083d0b1cced9fb9a1631b7e2fac0f5dc6dab570e69ce32e81a963025c192b49a5c292989f9e4874f424004d532e567ffdeb,SNOW,DAYLIGHT,SNOW OR SLUSH,IMPROPER BACKING,2.0,52.0,2.0,2.0
05f449a8f29d7840bad193efa7fda97d8781452cee3494ff6efb00b48593c781aab43f500f761a4bb7a8fd0832dd08147fb756f8e5866c2ec6962aa4bd853a57,CLEAR,DAYLIGHT,DRY,DRIVING ON WRONG SIDE/WRONG WAY,1.0,43.0,2.0,2.0
05f44e69b3d44575a4f399873c1458b3fbc335abbaaa9fc1bf4cb77d7be44b61d5df6171ce8b5d493ca454eeb5c76736f5e9afce8353a8efed7ce8740a7b784b,CLEAR,"DARKNESS, LIGHTED ROAD",DRY,FOLLOWING TOO CLOSELY,2.0,25.0,2.0,2.0
05f45df9ef3cc71b2d02de7bff54c8cfa0ed8994db69909e77d8ab579ac8aa6c72f76dd93e35d0db351ce6fadac0f8b1658385a6573964d9b60f80564860a5ce,CLEAR,DAYLIGHT,DRY,DISREGARDING OTHER TRAFFIC SIGNS,2.0,37.0,2.0,2.0
05f4658a6341ea2143aeb1b8ebef0af3b33c21132b73cc6cf616551e7ae172f0fcf336a089f3afdfc0ddc68d63f0cd9fd28fc9ce02da58676b627baf22509519,RAIN,DAYLIGHT,WET,ROAD CONSTRUCTION/MAINTENANCE,1.0,29.0,1.0,1.0
05f468b09e64921e74ac099fbd24bc3393bb636966546fb081fb1046a075bfdb285ddb29064f771c9e0bf1e8a609d4cc65ac6b00af102a7520b1435efb9d1a4a,CLEAR,DAYLIGHT,DRY,IMPROPER LANE USAGE,2.0,40.5,2.0,2.0
05f46c29cecdbe867b38279c6d4658494529e98195408de3b13c4e1e12b25e06ddcc31e07467da8b69f761f0ebdb63d674d3711f18194f7a7003e98fb51962de,CLEAR,DAYLIGHT,DRY,FAILING TO YIELD RIGHT-OF-WAY,2.0,30.5,2.0,2.0
05f49e3731a90797a23afb61fde8de81c32ef6eaa87f50ca736cda494c392b26103076bfd458f346de847ea4831c8b050302f4d228a633b4b9c4dff187c758e0,CLEAR,"DARKNESS, LIGHTED ROAD",DRY,DISREGARDING TRAFFIC SIGNALS,1.0,15.0,2.0,2.0
05f4a4ee398099aee6fd47a78e2c590084ff629f48a6a39422fc9d2b8fbfb57f90c4a2599df33c7e3adc5e4f5d5a518a1eeb0833f11839cdea258772022a03d4,CLEAR,"DARKNESS, LIGHTED ROAD",DRY,IMPROPER BACKING,2.0,39.0,2.0,2.0