crash_record_id,weather_condition,lighting_condition,roadway_surface_cond,prim_contributory_cause,total_vehicles,avg_driver_age,total_people,total_injured
05f4a92dc54ceec34a9ba003225f874c3a79f6759b64c92d76e542ce250af5386b7ea9b412bacadca07a3e9a924043e49df8a0d3ffcd7b414cc5e1e3401acfb7,CLEAR,DARKNESS,DRY,FAILING TO YIELD RIGHT-OF-WAY,2.0,30.0,3.0,3.0
05f4ab85c07624d3635056aca1f7cca26a2cceb1b190b3300355b24cd0a7872f9e14a5e4318683992d68321d1ec28cbd2720e160b887761cd5040ec571f01fb3,RAIN,"DARKNESS, LIGHTED ROAD",WET,WEATHER,1.0,27.0,1.0,1.0
05f4c01bf6b78e5ed9adc10f73791f3327c94c227b8bf3d289564b77549d2e8ce57b0f4589fa9b2e6466bb6531259f3c87c7416a296e120bb1c74d270ddd6bd6,CLEAR,DAYLIGHT,DRY,IMPROPER BACKING,2.0,37.0,2.0,2.0
05f4c1de2484c72eea0c1daa6995024f6419d57f9d4c56c00c835657f6e186050c126390e3fde666100e5c33f844c1a2f1d50aaa0d3111686b2d6367aa5f2087,CLEAR,DAYLIGHT,DRY,FAILING TO YIELD RIGHT-OF-WAY,4.0,36.5,6.0,6.0
05f4c512513107eff9949c0bf623e40c455809933d9324ee1369af5153b3423b8fdfa3f84b7ad133e0002f6fa5b0a79deeb00c5ecf98867af4954e35d5bd686d,CLEAR,DAYLIGHT,DRY,IMPROPER OVERTAKING/PASSING,2.0,76.0,1.0,1.0
05f514a5aeb1b43105fa225a5bf8cccf13851708526a3d471e5f10bff76ca916a597cb465cce83b6e22658f9bf1ea344dca236d372f4c50ee2f213f1005e06d1,CLOUDY/OVERCAST,DAYLIGHT,DRY,EQUIPMENT - VEHICLE CONDITION,1.0,45.333333333333336,3.0,3.0
05f54029752943a570488716f0c3c841700055f0f2a64851c16c0623b66551241675294b2815e0401b514086fac67a6525920c9c5ab903dd429b221e99fe1bf1,CLEAR,DAYLIGHT,DRY,FAILING TO YIELD RIGHT-OF-WAY,2.0,27.0,2.0,2.0
05f540855c4592956f7684b7d5de590d3fdc53611e94c8476085576b99bc6dec674b51624573aaf1409369a4019cb2da7d50714f14569a37f7c7187aa620b0c5,CLEAR,DAYLIGHT,WET,TURNING RIGHT ON RED,2.0,25.0,2.0,2.0
05f56e9ff19a73e05ce1a271cc74513f97072d02d72dbd18b900e89d0044aa546687cc40c4e83fa542adbb465daa21bc1277948b56492d0cc16d1eed9f138aba,RAIN,DAWN,WET,DRIVING SKILLS/KNOWLEDGE/EXPERIENCE,2.0,34.0,2.0,2.0
05f56fb2f9739963ae69f2a209390aa68aab533bbb8fa9760e7f9340bccbfd49ac337693a928368b71da5e122fc4776c3ff12131ba17d1932844faa78a3a3134,CLEAR,DAYLIGHT,DRY,IMPROPER OVERTAKING/PASSING,2.0,37.5,1.0,1.0
05f57f4aa027b70edbf56c467d7c1e0a3c0482d1d5e1c6868214c7944f5c4f5eb60b2ba272fb93e9f176fb5bd0afd9a03d1076babe12195be443bc03b122a1a0,RAIN,DAYLIGHT,WET,FAILING TO YIELD RIGHT-OF-WAY,2.0,25.0,2.0,2.0
05f58b619342ee3459df71fba0be3dc4fd5fdb6b38dc71ab7adc10d424bd18ce3e33fdebfebfe7b6f070dcf622d2bfa67de1afddaf63e5f68d721c9765ca21c8,CLEAR,DAYLIGHT,DRY,FAILING TO YIELD RIGHT-OF-WAY,3.0,38.5,4.0,4.0
05f593368f3d02b9d6f8ddae2fef8f3bd9b33c19456f36a0dc1a45c66acc51a55f9275dce99579dbadcdc345ecde3b5380019c7a851d6940fd78cfe70423e855,CLEAR,DAYLIGHT,DRY,PHYSICAL CONDITION OF DRIVER,2.0,27.0,2.0,2.0
05f59dd3b3fdc42248bcd3cf02439eba9bf031f7e50e6a3381b62e572c977adfb0361a753c168f3a55f1b2e8f7623811171a72caf5610da8dbb7182aad235aea,CLEAR,DAYLIGHT,DRY,FAILING TO YIELD RIGHT-OF-WAY,2.0,62.0,2.0,2.0
05f5f5ba485f10c60318e3465954221b834ad82b7c0221e1a29d41f2a8953724039e645d5e7f04a0764ae77158cacbef2371a9ade7879dae9d9ff0bed780d8cb,SNOW,DAYLIGHT,WET,FOLLOWING TOO CLOSELY,2.0,37.0,3.0,3.0
05f60c44c129256d4d5432e5273e187ad922a27c8adb64750f87f3ea48eb76d615ccbf2b3848170abcbf60757281f05850de39a103c66c4d20758d4ab2c6c77a,CLEAR,DAYLIGHT,DRY,IMPROPER OVERTAKING/PASSING,2.0,60.0,3.0,3.0
05f629d84fec099ecea0af4123b5c6973d7e56b21eb4d92c1b0bbd2be2597ddb6be41a8f3a859fecd04c155c3b5933fb7e1336ae919d859884ad0d6243347d8f,CLEAR,DAYLIGHT,WET,DRIVING SKILLS/KNOWLEDGE/EXPERIENCE,3.0,23.0,3.0,3.0
05f631cc0143e838c5d9348e36a43cd51701ae710eb4d9f296facca7f80500efead2c171badb40b99ec5e4de29713019976cba11a52eeb3b3b1ecdb36afee60f,CLEAR,DAYLIGHT,DRY,FAILING TO REDUCE SPEED TO AVOID CRASH,2.0,39.0,2.0,2.0
05f6327cbb3c6a751c7bede7686f1d7b227f29d10209ad363d72145579b416c07075c26b0bf6caddc16e8296a0c57c92d11c86d4bf5e9cabb23369147ab8fe81,CLEAR,DAYLIGHT,DRY,IMPROPER OVERTAKING/PASSING,2.0,45.5,2.0,2.0
05f649abce18f803fa29bc94e16ce82dec11431f899e200c84abb3842292591446da3149e0e78c4856a359e98e7428a06be60d545c719bceef61ef786ba82c22,CLEAR,DAYLIGHT,DRY,DRIVING SKILLS/KNOWLEDGE/EXPERIENCE,2.0,66.5,2.0,2.0
05f65a4d4419cf5100738d8964d4babbb534384cdf51a7d192146bc0b3ecddaa26ec8d8a350236ad64214dc81bf61c3ed4db049bbd2166fc0336c85c590bc0bf,CLEAR,DAYLIGHT,DRY,FAILING TO REDUCE SPEED TO AVOID CRASH,2.0,37.5,1.0,1.0
05f665f0a1712276a0e70e216deb4b3de8792e8b2ebcc1dad02399842f80e176fc4b42a8286d18445cad5b9651d2a07117a727063793305d8d33993d0dc87ce5,CLEAR,DAYLIGHT,DRY,FAILING TO YIELD RIGHT-OF-WAY,2.0,31.0,3.0,3.0
05f66d8df0e732e99c68bf3ee97aadf5d951ba2c2a536939f154faa6a6b8f95f6c321b9c72bf5621a8c2c9edfbc00f242b0c8c33f53bdf71411d850dad538c17,CLEAR,DAYLIGHT,UNKNOWN,FOLLOWING TOO CLOSELY,2.0,42.0,2.0,2.0
05f689aeee991619f63c42d8301eddc24b36c320219e2cc160f5963d4ad337751e938ff9f33ef0af8e3d38a3ff57275872ba867679e1b372e70907a872f4a781,CLEAR,DARKNESS,DRY,DISREGARDING TRAFFIC SIGNALS,2.0,29.0,2.0,2.0
05f6bf447d74a77fe6464431eac2f3be5179d3a7c3bdf256694e0abf5cdc289cf4064e653cceff829f52f853ff921354774a76cf5da7c7b050aecc7c5d29681d,CLEAR,"DARKNESS, LIGHTED ROAD",DRY,IMPROPER OVERTAKING/PASSING,2.0,24.5,2.0,2.0
05f6c4dbfca399695efc4932e36aec30b8af6433cdf6b020e4445851a83e9d20511ef433c746407dc8a3e7ae7b8dad360549f674d05bb96b2e8b88111739ba48,CLEAR,DAYLIGHT,DRY,FAILING TO YIELD RIGHT-OF-WAY,2.0,41.5,2.0,2.0
05f6cd604d19c86f3363ae7e904532ed9ea1f8be1568a0a06ca134edad47b8edcced098b302f9117a22a67caed209de02a311e92410480e7c4eb3c28f7a094ef,RAIN,DAYLIGHT,WET,WEATHER,2.0,41.5,2.0,2.0
05f6d9911b6be039d2a9768c0b63ce2db2ee1c8c0b2e739698e97c3b8f00239fb7f21cd336138b9b2cb0b9dce82462e3a4fe6ad4a3f7c7b3f708655e95fc0c87,CLEAR,DAYLIGHT,DRY,FAILING TO YIELD RIGHT-OF-WAY,2.0,25.0,3.0,3.0
05f6e1feaac9ab4f099afdb1a9b4a2cd3ccc8a93a3e86cb756d6a4926691dc8b30e5d0fb5d5fa6e2d826c04fa2f26a4d771ffa017a2e49ae08a0000832ed7042,SNOW,DAYLIGHT,SNOW OR SLUSH,IMPROPER OVERTAKING/PASSING,2.0,26.5,2.0,2.0
05f70187a274b142561dd8c349a2c355c16a8073e64a9da7a71d9fad580381fa0500a87f76ec05d72c5669817bf82af721a18f4ec206f36d4fb991d9e3f486b5,RAIN,DAYLIGHT,WET,FAILING TO YIELD RIGHT-OF-WAY,1.0,86.0,1.0,1.0
05f73f6dd7588b4794a23a93a1e3fdbc85e7bcc30b07e69d05396aeadc6e0eb83c2a59ce5e4c00880584dd0725ac6c5b137672447bc844a6d81f52ab6266f9ae,FOG/SMOKE/HAZE,"DARKNESS, LIGHTED ROAD",WET,WEATHER,2.0,25.0,2.0,2.0
05f764916dbe4fa9d400581fd71ca4b8695f81fef4418780b5a3114650b1ebc690453cf9be8aee6b564f4762e86c85143c9cc6ba523a42516a6067b1d2bafee9,CLEAR,DAYLIGHT,WET,FOLLOWING TOO CLOSELY,2.0,37.5,1.0,1.0
05f769127dffa8b01a617da6cc1cd084587d298026c7ace03b48168c271698098d0b1fe19cdd340aa26c079f2b84e5e0b43681e0fd6daf313b40834af813c611,CLEAR,DAYLIGHT,DRY,FOLLOWING TOO CLOSELY,2.0,44.5,2.0,2.0
05f7888394f9b9bbbfc2371d3f14fe500ee6a11abbdeb7dffdb31fc32dacef324ed52359fce0eb392e89a3645222447a26458dc9d9e622cb7add9d4a217916f3,CLEAR,DAYLIGHT,DRY,IMPROPER TURNING/NO SIGNAL,2.0,32.0,2.0,2.0
05f7b243f10e21f5b56d33bc6ed5a896154ca98dd6e316a805bd586ce2e0d2ef3c57a4ee212d613650a5d56dd8510d6b14ac04229eebae510f6ed96b1596e887,CLEAR,DARKNESS,DRY,FAILING TO YIELD RIGHT-OF-WAY,2.0,36.0,2.0,2.0
05f7cab35e19c7b38e86c83a748629ca6c8bc1a3314c21a9d1dd97d720807d8a525adfa905606d1ac6aef50cda8d83dc076ad36de9f9f04c4b728411cdcd44b0,CLEAR,"DARKNESS, LIGHTED ROAD",DRY,DRIVING SKILLS/KNOWLEDGE/EXPERIENCE,1.0,38.0,1.0,1.0
05f7ceee21d1cd9a29130b26ff93637c1cd3a0546f2ada0231088ec3c11a2d7006d797750d9db406b7206f61db010bdde2d0c9d8148e0ce4ccec72fe457f609d,SNOW,DAYLIGHT,SNOW OR SLUSH,WEATHER,2.0,34.5,2.0,2.0
05f7df85590df66872c07215584f9329bc0d4e21a12a04b5cc5339c7fd13cb2f8fd7d0be54ba3d9715ea676a6d5f3055bf9740818e00b524d3f303017b665d36,CLEAR,"DARKNESS, LIGHTED ROAD",DRY,CELL PHONE USE OTHER THAN TEXTING,3.0,28.0,1.0,1.0
05f7f729d27e7f7ad64b83fd1b85465bc5caf2f1dc4ddcdd879395631b828461c2b99e5784b0942074b18fc32b30ff4a4dc1218c068bfd909b68c39428548b50,CLEAR,DAYLIGHT,DRY,IMPROPER BACKING,2.0,34.0,3.0,3.0
05f7fc6ed14c89940896290167b2988fa8fa9c68d979bbdbf03118a7b91471e04100a59a905b93d849b9de58d8806b27a8ba98a84dfd51aad8f54fd9180bf383,CLEAR,DAYLIGHT,DRY,FAILING TO YIELD RIGHT-OF-WAY,2.0,36.5,2.0,2.0
05f7fff7b16944dff1b4bfb8a4869d1c3f02510804fa1f0b7f58ad1f91f9f7627b818a3ac3f329d27f187c9adf0172d0a01fc01f55bf31db10480776b20cfd3b,CLEAR,"DARKNESS, LIGHTED ROAD",DRY,IMPROPER LANE USAGE,2.0,30.0,2.0,2.0
05f8031624e89642d85ba4cc060effc50e57b6210bc5cd2350b71a8fd103777c6fa30f086a1fc3d5e3d62da45090d470643d43535ee73fc855575d669dcc342d,CLEAR,DAYLIGHT,DRY,FOLLOWING TOO CLOSELY,2.0,54.0,2.0,2.0
05f80712186e6718621111a21d2766cac62d739844b1a46041178ac0b83d66fccbb05de47102e64186f3cc192dd83175e25d9fbe8ed67fc84e80e85c3a137a51,CLEAR,DAYLIGHT,DRY,IMPROPER OVERTAKING/PASSING,2.0,24.0,2.0,2.0
05f88f7d3935b60b484a9331c5f3c202034753b2b6471b649d8d1af4c83f2d33d28b13f33d00f18d253ab490dc1e28ea143edd6f5b0a7a422012aa21cb4f5704,CLEAR,DUSK,DRY,FOLLOWING TOO CLOSELY,2.0,38.0,3.0,3.0
05f8c4f3e15bec12d2295bcc27e0df260b54666c04af1cd41a6f5b8a545849ae3e8de680dcadc70e973cb16c10ce94e4df82292d97e691c3a62c2fb75f4f6fa4,CLEAR,DAYLIGHT,DRY,FOLLOWING TOO CLOSELY,3.0,36.333333333333336,4.0,4.0
05f8f22ac0698545835bae08f214cde8d46b22bfbc237b56ae21d69e1e4956ef0c464921429f8bdf464f803577d2989a72ff0afabc0a4010357b0f091da8f38a,CLEAR,"DARKNESS, LIGHTED ROAD",DRY,IMPROPER TURNING/NO SIGNAL,2.0,41.0,2.0,2.0
05f9027a963c5d57791ff18b0135ef0b2781688d42449fd6ff2148f0c274d1e599cfab3d4a5362ce7b6d0eed7a0de0ebde37defe340fd102ba6a2a2c6893edd7,RAIN,DAYLIGHT,WET,WEATHER,2.0,53.5,2.0,2.0
05f90853b431628c22bf61f7bc7eb5e9fa2e7f956c72b09d4ac9dcb12c2050a35d6def12ab608c05706d24879280e93c8f7370efae4ee8bdb6416dd300dbc3b8,CLEAR,DAYLIGHT,ICE,DRIVING ON WRONG SIDE/WRONG WAY,2.0,74.0,2.0,2.0
05f916c6eced8e5f84fe869ca3f2c35bb89a044f15dad682796d2ef567d8bb0a83e871f900b7ab54a6846746231351734395c0ed7092ed0bf8e4504381887ebf,CLEAR,DAYLIGHT,DRY,IMPROPER BACKING,2.0,66.0,2.0,2.0
05f9490d83deb96fe4376bd84a0b1e3cab9f6e6ce17249b7fbd1197a1621df65e515b545a3029a2d832a271aefdaea9fa2f9b11aecbb53f86cacb8a69f720f88,CLEAR,DAYLIGHT,DRY,FAILING TO YIELD RIGHT-OF-WAY,2.0,49.0,2.0,2.0
05f95320146ca1ee57939021450f627ca08563cd19467616db1aa1bf17a86d66a7858a09da3806f9bbbba2ac6e2463de568235b3e3790525e817dd147d1e1c82,RAIN,"DARKNESS, LIGHTED ROAD",WET,"VISION OBSCURED (SIGNS, TREE LIMBS, BUILDINGS, ETC.)",1.0,37.0,1.0,1.0
05f9afea004965b52f073f60342bb9d7e33b48d8ed9874b7946574796a67248d3412441cb8ffb9ab770a97b69df621d3337bb0e3de4cfd417a12fd1ae6c346e7,RAIN,"DARKNESS, LIGHTED ROAD",WET,UNDER THE INFLUENCE OF ALCOHOL/DRUGS (USE WHEN ARREST IS EFFECTED),2.0,28.0,1.0,1.0
05f9b607f1305a16ea2d7d5f8d0528ecb202a18d271c4a2c6b06f1254b2fec2db7a615285f5814a2a7c24f26ccb10ddd18d611dff5dbe4353ef175625732f4fb,CLEAR,DAYLIGHT,DRY,IMPROPER TURNING/NO SIGNAL,2.0,28.5,2.0,2.0
05f9cb3f8d3fcd35b4607ce985358063948926a0ff1d5fa81b5613977680af9153bb2814c6588fc7bb38307127abccd5086a921d989a9aa80f587e78cd46a089,CLEAR,DAYLIGHT,DRY,IMPROPER TURNING/NO SIGNAL,2.0,41.0,2.0,2.0
05f9ea21c951bf0dca9c407e6930144658d5f046561b33f646bcecf07e47f3719f799cbd1cf202bc5a11aad1d9e276ad4dfb7804c5f58944b9d927219fe93e61,CLEAR,DAYLIGHT,DRY,DRIVING SKILLS/KNOWLEDGE/EXPERIENCE,1.0,24.0,2.0,2.0
05fa5f79c6d1e0f27826a6eeb88c3ff0f6569aa941afb6f0c24b7fe0c2094345dc8547949225022a13f37f304730b16e033caf03dd98295808bcd7700208c322,CLEAR,DAYLIGHT,DRY,FOLLOWING TOO CLOSELY,2.0,40.5,2.0,2.0
05fa75e0597c75bba81477e905836fe11a09362b1735304ea793fd4ac5511267b31165f77c75b016ea1c9c7e13e9e12988f77547480a6be4554959c17f383511,CLEAR,"DARKNESS, LIGHTED ROAD",DRY,DISTRACTION - FROM INSIDE VEHICLE,2.0,31.5,2.0,2.0
05fa82a773580764c7705dc2be30591f59e81afb2d39de5969063bb66d0f2f8a0fb217ddb450be81610251b54ef65f66f31946705a4e0ff485a53d3e481050a9,CLOUDY/OVERCAST,DAYLIGHT,DRY,FAILING TO YIELD RIGHT-OF-WAY,2.0,34.0,2.0,2.0
05fa8bf39d357cdc06f00b413a5100d21f0ea0011589038dff4daac8049e7c2a14a13cb83b64b72257274f1a41f418227b10a2704472824e7822477dbe47400c,CLEAR,"DARKNESS, LIGHTED ROAD",DRY,FAILING TO REDUCE SPEED TO AVOID CRASH,1.0,23.0,1.0,1.0
05fab5c33f3d9ab5ee7cfb63a8530be184c8bf656010e79751f56cd2d822474086578b5a403e936904fe9e6ccf8c8c4d5905b73eb70a7edf9dd67bcdc2ea1338,CLEAR,DAYLIGHT,DRY,FOLLOWING TOO CLOSELY,2.0,32.0,4.0,4.0
05fad2f75654365bbea28ce146bda546d8b6b29c62dd5b9dbfdfff9b70cec2abdd5592c9fb1002ca50bfa0282975183141df1f2000593f4940b44ac5cf35a369,CLEAR,"DARKNESS, LIGHTED ROAD",DRY,IMPROPER TURNING/NO SIGNAL,2.0,27.0,2.0,2.0
05fadc597841ccb8285166892b34f1d9e4337d19b9216607dc2026ad493bc94ccf4efba19ccacad4b3016eaef0f3980c0c43e6256c37879b73f3018fdcda6d32,CLEAR,DAYLIGHT,DRY,FAILING TO REDUCE SPEED TO AVOID CRASH,2.0,51.0,3.0,3.0
05faff469a5292f9e385cedd0328b058aa6bbc0556550d0508e4cbeb368ac32ca6df7330efc082b20cb6d8a665ddf5ea71a9451e857588e4ad81ee38c1db4b66,CLEAR,DAYLIGHT,DRY,FAILING TO REDUCE SPEED TO AVOID CRASH,2.0,29.0,2.0,2.0
05fb0d63a1d525f3637a0a8dae46adcf7776de31b96e0e0b2630d9427349b31aa086803a1225d9c37fc56529e4ccb42c776172d05cc1a6b95406a7147d944054,UNKNOWN,UNKNOWN,UNKNOWN,DISREGARDING STOP SIGN,2.0,29.0,2.0,2.0
05fb2d84c0bdf787eac846844b37f85bb8a59561c93a39160c118a560b86899617bb67ef7888fb196fcc45241605261a07a2637276f9d2dc614465332982cf99,RAIN,DAYLIGHT,WET,"EVASIVE ACTION DUE TO ANIMAL, OBJECT, NONMOTORIST",1.0,34.0,1.0,1.0
05fb697a04533a5afa19ba0c159bb22d718fc5f4a1b7b25660ad50a764b5d7725a32ea296f8a97667dc8c98abdeafb1f0c08386bcd080adda7a080895a40aec4,SNOW,"DARKNESS, LIGHTED ROAD",WET,FAILING TO YIELD RIGHT-OF-WAY,2.0,29.0,3.0,3.0
05fb7c9541450ec2549b1422f21e7c789c5101cfded2167b22a3788d10c566734cee9570547160b99ee4182eb3c5d2eb42166b16668b2b2b32028215fde88975,CLOUDY/OVERCAST,DAYLIGHT,DRY,FOLLOWING TOO CLOSELY,2.0,37.5,2.0,2.0
05fb9c6b94225a88a9060f889298541707ede1634e9eb8a24c44eea98ada80e06b92d06a9bc0e5f7ab6cfb857b1d8ddc2f1ca32d81f60f54b64cd6ceaef1eacc,CLOUDY/OVERCAST,DAYLIGHT,WET,DRIVING SKILLS/KNOWLEDGE/EXPERIENCE,1.0,25.75,4.0,4.0
05fbbd38ea5c43fc407d5d2955988ec3ce5d321c604ddb8c45fe4ec34a778feb4bd53dc0ed19d7954ccf50ceea77160b3bd38ece36ea95c1d574f0c815f6098e,CLEAR,DAYLIGHT,DRY,FAILING TO YIELD RIGHT-OF-WAY,3.0,18.0,3.0,3.0
05fbdc1939efc2e87dd4553fa008877fb1a9172186558b7d2abcd804c044cb66e7bd02ba06d6c31bb2e0e86bb5ba856c3b958af9a92b1fd0521deae7658e4be4,CLEAR,DAYLIGHT,DRY,IMPROPER TURNING/NO SIGNAL,2.0,37.0,2.0,2.0
05fbe19a3d04c2ff0ec3c22e8aaca2613eee5aa25159ffbdafbf8479af48e1e49d3028d0d17483e68b8755b440faa6eb0933dd2048e3ef6aed88b68b8d051569,UNKNOWN,"DARKNESS, LIGHTED ROAD",WET,FOLLOWING TOO CLOSELY,2.0,37.5,3.0,3.0
05fc010882b235c59e1b0418f90ca2d679ae07253f6d8a378a43632187ba3dc2322b4c64fc859c362149b3bd53bab5b0733f4c8abfa9cf24ca16a0a9c33b808b,CLEAR,DAYLIGHT,DRY,IMPROPER OVERTAKING/PASSING,1.0,53.0,2.0,2.0
05fc13d8be5112162e25df9d19fb7a94dfa40c46d96cefd98f76a3258c1b6b5b0c16e902fe1e83286fa12480b8622ffda9cb043b0382241d50389b5f7205255a,CLEAR,DAYLIGHT,DRY,FAILING TO YIELD RIGHT-OF-WAY,2.0,32.5,4.0,4.0
05fc153e0d88e2f306e294267c2f8fa8ff8b4659950a5fbd470ade273cbc80ce703988f5c3c7a742c23c4340778d7ee4d3ef1590179322b76563296ac66959dd,CLEAR,DAYLIGHT,DRY,FAILING TO YIELD RIGHT-OF-WAY,2.0,32.0,2.0,2.0
05fc16ea90eb031067315195d6a32cc3605907c40f59700a59ccc4e104540048c449b272bacdb9c16417947e2de25b1938fd00758116aedcf7e500f6b846d60c,CLEAR,"DARKNESS, LIGHTED ROAD",DRY,FAILING TO YIELD RIGHT-OF-WAY,2.0,35.333333333333336,3.0,3.0
05fc305a4124da4f03a8d51defd45f3e3441ed50d802b4d622d55f8b885c6ef30e7ca9b2b2188c5bb3bd9d0384a9ee5bf88b4de9c2cdc8a194fe71e3e9200196,CLEAR,DAYLIGHT,DRY,FAILING TO YIELD RIGHT-OF-WAY,2.0,18.0,4.0,4.0
05fc46dda3fc96949487147ae9b9c9121589c087d304c8d0fd746a4f9a0f0f14a42d00be5020c37eb34cf6babfaa8a0dd3ca14ccd5686ad7c2e503e03fc47381,CLEAR,DAYLIGHT,DRY,"VISION OBSCURED (SIGNS, TREE LIMBS, BUILDINGS, ETC.)",1.0,30.0,2.0,2.0
05fc4a46d7fc0af025c17c6a95798d609672f4d1b132fbf2749495498e33f556e98db5c932ced7384b25710d2afe16ce3230f4c2acf68dea4c6df04b7c08c8e2,CLEAR,DAYLIGHT,DRY,FAILING TO YIELD RIGHT-OF-WAY,1.0,34.0,2.0,2.0
05fc54217b6d52cdcf5280ea07a77c7072afd738d45bacb1dd1ef2bcc13815bda78727b21dbe71bbc0c47fec10185d6eda2e2171517a94a7e7f7f2f95f2a2f82,CLEAR,"DARKNESS, LIGHTED ROAD",DRY,IMPROPER TURNING/NO SIGNAL,2.0,77.0,2.0,2.0
05fc57e86734ebbf24c09053733cb0d4828c348f18cb78b84c9a8880431261613b931af5b5fa94de817d1e78fb341711d57129406b9b7d2a317dd622084a4107,UNKNOWN,UNKNOWN,UNKNOWN,DRIVING SKILLS/KNOWLEDGE/EXPERIENCE,2.0,37.5,1.0,1.0
05fcb2c805446c83db653807f10dd4d6694f70eaaf6c6c03a3fce37a6bf6709c0d397a5a0eded9189411fb2576d2ada52fdfc81eb9a3e00119e4a51a1a5bd929,CLEAR,"DARKNESS, LIGHTED ROAD",DRY,FOLLOWING TOO CLOSELY,3.0,32.0,3.0,3.0
05fceea589abcbffa436554bdbd02c8c06125d6d18c192ee6ba67d63724fb15d2e9bad354ba1ea460975e7aa27a8b0ecfdddb66615b980bc6ccbbaba4b9823e4,CLEAR,"DARKNESS, LIGHTED ROAD",DRY,IMPROPER BACKING,2.0,26.0,1.0,1.0
05fcf93514e35365ab8b6f746d7d69f4000d33ce4a1f268b650c21f187a3cf873bc028a9813a8e49c7a89afabe0134c04ca85f16fe2f4c6c00de5b61cfb48260,CLEAR,DAYLIGHT,DRY,DISTRACTION - FROM INSIDE VEHICLE,2.0,10.5,2.0,2.0
05fd060235fc99adaed271b332cc7cc1bb54ada8c6444f025cc1520906e521973e6380492e850cf14dd1f4d2d8bacda8db7e9760982d49007331d46b4045e96f,UNKNOWN,UNKNOWN,UNKNOWN,IMPROPER OVERTAKING/PASSING,2.0,27.0,2.0,2.0
05fd882c2ed66cc267cb34c000a83c116c7b8dadfd22bf5cfc7269b42595fc2fb6ec8047a2c9a53bd5e9f242355cb5dc1e1765ffde23732de5a86253def816ee,RAIN,DAYLIGHT,WET,DISREGARDING TRAFFIC SIGNALS,2.0,57.0,3.0,3.0
05fd90546d8dadc61ecbed1290dc82b797b31614e48c7d381b13220141163a830dce1cd039477804c47a07bdeee38aafae98e34fdbee6e715f4844bd57f8281c,CLEAR,DAYLIGHT,DRY,IMPROPER LANE USAGE,2.0,37.5,3.0,3.0
05fdcebca11727b49fe7e384d7aa13fc58569c516b83f0491073cd3c9315f40a7f3464c1be086d5666f08a715aa2fb72b9d482a4d5d8455213e7633c60bea195,RAIN,"DARKNESS, LIGHTED ROAD",WET,FAILING TO REDUCE SPEED TO AVOID CRASH,2.0,37.5,1.0,1.0
05fddc19d07b4ee8957a8258890731fd7638274ec887bcb44978e22b8fb1d04283833e77290c674b64d5064fa161fc5ab40347ddfef3e5ef3538aed0815e2fae,CLEAR,"DARKNESS, LIGHTED ROAD",DRY,FAILING TO REDUCE SPEED TO AVOID CRASH,2.0,25.0,1.0,1.0
05fe10d572cd33d1c96e4c4bae8484c23b1d5df381a8b7df28f64ed02de43e77cf4c72ec857e58ac749cc1c39ed2a84b6ca13385e9d18b0b23e7c06e056ac2a6,CLOUDY/OVERCAST,DAYLIGHT,DRY,FOLLOWING TOO CLOSELY,2.0,62.0,2.0,2.0
05fe19e1c6bccf48b5a49cdf6b040a0ba8b1a04fe9cfc9ad5e54bccb7d34ef9878919583fc67d1b1d01d1337e24f868a039931a0269f86ae0a844d26a34b52b8,CLEAR,DUSK,DRY,DISTRACTION - FROM OUTSIDE VEHICLE,2.0,35.5,2.0,2.0
05fe29e34ab18ab805a6ffe84a7c75b13a423f97e542653e6e5f9aca6267f020f9ec0e6984947e674ab6605c7c80f697ba78005b9994c81c77359a5cbc05b723,CLEAR,DARKNESS,DRY,IMPROPER LANE USAGE,1.0,32.666666666666664,3.0,3.0
05fe7750ac55eeaa87fa69abab7ce358c8de1308c532b65901c71686e471ec618f4f121889a94cf4e4f721c59ca2dbfd9f0267aa0849294498ae1a01874f1eec,RAIN,"DARKNESS, LIGHTED ROAD",WET,FOLLOWING TOO CLOSELY,2.0,21.0,7.0,7.0
05fea45c7e85ff58bf8024c50f9137416b6e053610c349386dc822f4d071beda446d7d5e6e782b770715b914f24ed92c25e0d127233da56ab3e28b0fd9ef02b9,SNOW,"DARKNESS, LIGHTED ROAD",UNKNOWN,FOLLOWING TOO CLOSELY,2.0,30.0,2.0,2.0
05febb520db2e57972f23617d6ea144a445902e7fe4e4f938db07ae863beee34ff9f145c7981566c5e22ed693e32c2fea16980216d12811c560bba47fa341550,CLEAR,DAYLIGHT,DRY,IMPROPER BACKING,2.0,42.0,2.0,2.0
05febd7a2bbad8a973f85ccec8574c6f6f7b213e4864af347cca477d2ab85376ab3dbdcd201db54f6914a7069e0b889824c438badb74e89cca9bb20e46a22822,CLEAR,DAYLIGHT,DRY,DISREGARDING STOP SIGN,2.0,35.0,2.0,2.0
05fec0bac2e8947f25d9559f4180268dc9d2dadadd4fecd37966c2a72614a679d22ec5e6bb8c79ef25ba087cbf15a210de4b95adc3b079c711980256544bc858,CLEAR,DAYLIGHT,DRY,DRIVING SKILLS/KNOWLEDGE/EXPERIENCE,2.0,47.0,1.0,1.0
05fed501056b62024869d30c7ed3316838ef5d911236c33b173d931968ea9750bc8d5a3791533ecbb55e3a79367545dcc268ab6cde7d4d7f832a91a83ea8bd04,CLEAR,DAYLIGHT,DRY,DRIVING SKILLS/KNOWLEDGE/EXPERIENCE,1.0,25.0,1.0,1.0