crash_record_id,weather_condition,lighting_condition,roadway_surface_cond,prim_contributory_cause,total_vehicles,avg_driver_age,total_people,total_injured
05fef3e26dba679901484aae9018cc0b8aadf37e3ed3bc77a71d58799790c11b0c073329e6837f39874175eb978329e32c3064da4db9031293ec615212a632c8,CLEAR,DAYLIGHT,DRY,FAILING TO YIELD RIGHT-OF-WAY,2.0,26.0,2.0,2.0
05ff2350511fe5da09ed42991b625ab62872879e54e419ef037c6eb3e1660e8ba703fd05e0cbf3e536fe4c05b9f36b6e53f5816417fcc3e3f00d8256c1fc9d16,CLEAR,DAYLIGHT,DRY,DRIVING SKILLS/KNOWLEDGE/EXPERIENCE,2.0,29.5,2.0,2.0
05ff245b16680e0c15935adfb2a74b9d27712274bf2beba7e2aa9f22f814f00dd1f955a7e644282514a6e5ac87788050f0a955f1d6f617834506489b69c3cd56,CLEAR,DUSK,DRY,IMPROPER OVERTAKING/PASSING,2.0,35.5,3.0,3.0
05ff450d4b2ddfcfa24ad89aea16e2d8d427e6df326d06b794a462583fd621b97668381998bed0a868164f611fdeedea760d9dce2a5f9d4679a6e503741a04e5,CLEAR,DAYLIGHT,DRY,IMPROPER BACKING,2.0,45.0,2.0,2.0
05ff47b1d2c2dfc6a94a1feeb57d8b7dfbf7124f3ca8ea841c99cfe71a021c3f4e3f850beafa8c1d8045e27f8ca249eb0392c16d18bbfb6d3db22faae572c0b5,CLEAR,DARKNESS,DRY,FOLLOWING TOO CLOSELY,2.0,56.0,2.0,2.0
05ff4f2e212e99b356bc1b3890ac811823e9a373580c217633a20f27da5f93b8c23ed1dd6bf436c7a464239af974dc974c119a4971f9a2f509b17369ced49ded,CLEAR,DAYLIGHT,DRY,EQUIPMENT - VEHICLE CONDITION,2.0,37.5,2.0,2.0
05ff5918e44471d65ef771285cee9d7c698d53997eaab3e773f00e05a19190648d8b3207771846e111088d90d244230341fc340755efa2fb407eff271d1ba97d,RAIN,"DARKNESS, LIGHTED ROAD",WET,"EVASIVE ACTION DUE TO ANIMAL, OBJECT, NONMOTORIST",1.0,47.0,1.0,1.0
05ff64378f313a40d5aeb4c5ca47f4a0ed996c9a877a9db33a407b8fbf7f527942eadbf501fe621b04dc156b67a9f28c586ecb763df0b00dc88f6d113e6a1572,CLEAR,DAYLIGHT,DRY,IMPROPER TURNING/NO SIGNAL,2.0,41.25,4.0,4.0
05ff864f51f33225cb53420dae909fc82388c205e2adc78286074fd5d5fd73fb67f9a980374f605a76c7decffe60bda43a05c468b6cd48dfb564c9f5c3a2fdd4,CLEAR,DAYLIGHT,UNKNOWN,DRIVING SKILLS/KNOWLEDGE/EXPERIENCE,1.0,65.0,1.0,1.0
05ffa86bc62515b794dd676ffbb37a0c0e4e1e909eb90b3ed3cce98d0730f2f82cc031c9fb5ce0bfab50f0e44be01f7a67579e0bc1546ea117a41a31f7197c00,CLEAR,DAYLIGHT,DRY,FAILING TO YIELD RIGHT-OF-WAY,2.0,66.5,2.0,2.0
05ffe40d54b083b5dd27baba1b79192bce1b17bcec837a5d8727db09efd68bdc74c884e01b26f679e1fd72cd7e5a19497df7c5ccff40e85e06fdab0c383f3f3b,CLEAR,"DARKNESS, LIGHTED ROAD",DRY,IMPROPER LANE USAGE,2.0,32.0,4.0,4.0
060011e96421d0c4f670f3215025de8aba9eb3d779c4b609814480d5fd4e0190c181f169ed478f0e218578a8cc2ce48226c79f9b31d1ac982db1a022d438fc56,CLEAR,DAYLIGHT,DRY,FAILING TO YIELD RIGHT-OF-WAY,2.0,35.0,2.0,2.0
06001aabd685ce054da5bffb521fa63578929c0329edf3511be0952f650253c2b6f4ccb1bded2a38cbef2926f6005b9016ecc9967ee88c212c88769776585427,CLEAR,DUSK,DRY,IMPROPER TURNING/NO SIGNAL,2.0,44.0,2.0,2.0
06001dd92d294260c922f58635a1f1d09c1c8cd6475606c84cb6166a5e9c84dd32aa4ca3889452613bfae0a03ac1684aced0a97f28a95bd35b2b077c76877f80,CLEAR,DAYLIGHT,DRY,FAILING TO YIELD RIGHT-OF-WAY,1.0,60.5,2.0,2.0
06004c1ddb1c6e1e02644e055aa7cec1582a7d15eee6ddb20297553423e5c3b72f8f6ef38a329fd2c5dd4cd33fab19b22912d5cefe43e471b5d1c7ecf1f482c7,CLEAR,DAYLIGHT,DRY,FOLLOWING TOO CLOSELY,2.0,54.0,2.0,2.0
06008541d079a16a9e0ffc16373a2a5cb367380624174e8d236efef10bec7900bb4a04e31d1a0cd3667fbee6ca7851b2dbb0b7187fe1af671f3d5cc16dda3800,CLEAR,DAYLIGHT,DRY,FOLLOWING TOO CLOSELY,2.0,42.5,2.0,2.0
0600869c3618b0c2554ac48c5da98f17ccb49dfe3dd1755ba999bb6648ec777b2393ac63274bc73428edf8a9081dcbbecf2579afd6b11967b3706b52b40ff232,CLEAR,DAYLIGHT,DRY,DISREGARDING TRAFFIC SIGNALS,2.0,36.25,4.0,4.0
06009f796f674d60363abac69469412ca8a4124f06d58137ae9684e451360e68ed085fe507e849c8ffd8337adc72e86f93ee629d8892a6871dc6f6612b0f271f,CLEAR,DAYLIGHT,DRY,FAILING TO YIELD RIGHT-OF-WAY,2.0,47.5,2.0,2.0
0600a7f158282de3e2f4071348f4a10808895711c6a91e27617c2c201c21f51bba10866edb6fc1c7824ffb0bebfc7707d36c4700659b14baa76b63305d6ad5b0,UNKNOWN,DAYLIGHT,UNKNOWN,IMPROPER TURNING/NO SIGNAL,2.0,36.0,2.0,2.0
0600b02d68e390eca64af57502d3fd2bfdf434e68caefc07324e278406211e9f332414e5ea4d5878ed4dd8902e368c0b1136048aa2ae0dc68cd40c5381a277e2,CLEAR,DAYLIGHT,DRY,FOLLOWING TOO CLOSELY,2.0,37.5,2.0,2.0
0600c94059d67a4ddd5fd1cfe6d47f2185769fe9543e3e8065b891d8e306d665889dd16a98f5c16950e88d706b6c1da81e594f3468ef0c655c80f3002546c9d5,CLEAR,"DARKNESS, LIGHTED ROAD",DRY,IMPROPER BACKING,2.0,21.0,2.0,2.0
0600e82c5f1bfece7efdf5cb94bcd46d66c1f724c0ba97c5b35928e1486cb98678bb2f0300235f09e4c0c122fe4275a6866310b6843619df8ebe9e07f4d50c83,CLEAR,DAYLIGHT,DRY,FAILING TO YIELD RIGHT-OF-WAY,2.0,58.5,2.0,2.0
06012288c007692303d37b73ca273d7bb0554c829d00b116226d1a5c4c9a2d0873275c2c4eaf283bb4010ae64109276f5670490bff459cdd289c71098be6039f,CLEAR,"DARKNESS, LIGHTED ROAD",DRY,DRIVING SKILLS/KNOWLEDGE/EXPERIENCE,2.0,17.0,1.0,1.0
06012e092ff56770ea8f05b24693c91c7760c8e408bee60aeb3088b18f7ed67ec5541eec296df37e4c87f3cafc9132aad342edd7f58a2197337d0257d3d4edd3,CLEAR,DAYLIGHT,DRY,FOLLOWING TOO CLOSELY,2.0,32.5,3.0,3.0
060146c5280f481b1dd24a04f138bc9c34afc28270d229493cf2d1ed6d5231dd4327cbfe15d1745d796db6334eaf218720eb7572aa0b01379904f824470980c5,CLEAR,"DARKNESS, LIGHTED ROAD",DRY,IMPROPER LANE USAGE,2.0,31.0,2.0,2.0
060174e88bfed5b85897d9ad182486873dcf92388f396dfef1a7414c8007ade93a7371b3daa14b1e6e2c7eb8856e0d1785e8720d92c17c697dd671e31e83bcb3,CLEAR,DAYLIGHT,DRY,CELL PHONE USE OTHER THAN TEXTING,2.0,68.0,2.0,2.0
0601955bcaac3cc8c39893cb52ac3603cf3fc9885fbd9f11b170d33e29775e4a55c8ca44041749d36d4e20775421c0d1f1d0172857d55c4e350d855530fbb9ec,SNOW,DAYLIGHT,SNOW OR SLUSH,IMPROPER OVERTAKING/PASSING,2.0,37.5,1.0,1.0
0601a176d20426614b69434049aa49c4d883d72b03163f75c6305ddb63a6408aa30b345422a07d36eb3da56191040bab71cdca2d0b0bb86b5d7bdc365b00b062,CLEAR,DAYLIGHT,DRY,DRIVING SKILLS/KNOWLEDGE/EXPERIENCE,2.0,25.0,1.0,1.0
0601c83e4bfb0c1e7cb4e0bdefb4aa550c1280eba7a5830399899d1c96d77f6ed9108bc012e5be7c4427e04f2d81d5897f4e4c206e7580dac3f21582a9950263,CLEAR,DAYLIGHT,DRY,FAILING TO YIELD RIGHT-OF-WAY,2.0,37.5,2.0,2.0
0601df5e753ba6266affdc933695bce31910764ead36c4fab903820924df4f611684c373803e03eec35902bdf699bf0d40616615687fc1e52d700e9967aae145,CLEAR,DAYLIGHT,DRY,IMPROPER BACKING,2.0,53.0,2.0,2.0
0601e8309277db928d5579ecab19a9c9856ebeba2024986c91ceb9906487f7722039e60da9734cc50b6ae7639ecd4dcfce1f7bd780c6a223ba9aaf039b1730ee,CLEAR,DAYLIGHT,DRY,"VISION OBSCURED (SIGNS, TREE LIMBS, BUILDINGS, ETC.)",1.0,46.666666666666664,3.0,3.0
060224f8269d04f9cf9cb3a40faca65033c97c973a75cef10b9a1bb564de5ede79be7d04fe81823c13afdabe2368bcbe7f0a0f7ad1be3fd36de672dcf37be192,CLEAR,"DARKNESS, LIGHTED ROAD",DRY,IMPROPER OVERTAKING/PASSING,2.0,37.5,2.0,2.0
06023431ec492be708e369dc5d1c21a673e8a83b3325daeb0e30c50796f6cdc2ce8458601e9c3309cb7efcb80816ab80a4c22922d58d2c6eef92a61d2598ae6d,CLEAR,"DARKNESS, LIGHTED ROAD",DRY,IMPROPER TURNING/NO SIGNAL,2.0,20.75,4.0,4.0
0602592a450cef3f36006760c6b4f5d642e06ed7ea700533e072b579e66e9e361811028adba398a131d7c026c28bf7ebb79978462c1efca97007cbb02caa468d,CLEAR,DAYLIGHT,DRY,FAILING TO REDUCE SPEED TO AVOID CRASH,2.0,40.0,2.0,2.0
060259faddeb8ab5dd94dde234868226df137585fdbf54e99bec8840c34a0882f09437aa497f593574b4fd886e6e14f55d3ae371c7094822600cb525f0b1c8e2,CLEAR,DAWN,DRY,FOLLOWING TOO CLOSELY,3.0,29.8,6.0,6.0
060298d4a7968dc9a8cf66d800699f88d736c9e1b7ca771215aeefcc2ebe15238132c24ee473fb91e9ee781e83f4d1f773bbcbb63d948f7fd3149500954d793a,CLEAR,DAYLIGHT,DRY,FAILING TO YIELD RIGHT-OF-WAY,2.0,54.0,2.0,2.0
0602afcf3db911b93f1625abe41eb381ceae7a99ba94d5c929b167100be62a2383736468c9e1771c039d9e16b487859b69ffef0d617294d089f0d6da8cdd0f7c,CLEAR,DAYLIGHT,DRY,FAILING TO REDUCE SPEED TO AVOID CRASH,1.0,26.0,1.0,1.0
0602bfd370f18a05a0e3b012947dc1f0462a9e8d2e654042104b78a0f8351983efdeb10df49b5b2fab0bd3e0ebc3515c4f095d56f40429de9d545d667d855f0f,CLEAR,DAYLIGHT,SNOW OR SLUSH,IMPROPER BACKING,2.0,34.0,2.0,2.0
0602c1b72552b215c705866141ea99105a60adbeb9ae95215b129a3464f03b212d77cbd216ef75a035a186088b2ba754a51896f7cb438ad726ccbed3b89b3eec,CLEAR,DAYLIGHT,DRY,EQUIPMENT - VEHICLE CONDITION,2.0,38.0,1.0,1.0
0602d95a3a10d8861772cab36ae1573d88ba0033db4a7578c98c2c2ff4c6215e179faf324c9452a4f4f34387e0edcce0f156cd0cf4b7a6555a539afc15b9acd6,CLEAR,"DARKNESS, LIGHTED ROAD",DRY,FOLLOWING TOO CLOSELY,2.0,64.0,2.0,2.0
060347884a55ff36d7601a52a80c183e6713eda1701a03901eb6f9bc9a1afc85729e06ca66ca5275e37505fa935a826a0297a7ae4598ce3c1f1b2ef9bc7a3298,CLEAR,DAYLIGHT,DRY,IMPROPER TURNING/NO SIGNAL,2.0,39.0,3.0,3.0
06035a41b21e596c39ed4f2a9ba9a11a6ba8ba9e1393a13d4ae05fc310c01d81d76148ce065b0af59a00cbf5034ffdbee70801a32e5888c3543c22bc94506a3c,CLEAR,DAYLIGHT,UNKNOWN,DRIVING SKILLS/KNOWLEDGE/EXPERIENCE,2.0,38.0,2.0,2.0
06036e90b8ab1b6d761890898beb6715f615849a788ab46e8ff71243c4490e5905f47fde9742a7a6951321857414c5562dc779c1631c4f72108cfe8c8c41ef4f,RAIN,"DARKNESS, LIGHTED ROAD",WET,WEATHER,2.0,25.0,3.0,3.0
060389b9d92b56ca94d460e31db29788d22c80409ea2c2321b1afb395a2e0cf90b362d3da429302783a98e9dffc0f0095ccaade07013fe750944b91705bb45f7,CLEAR,DAYLIGHT,DRY,"OPERATING VEHICLE IN ERRATIC, RECKLESS, CARELESS, NEGLIGENT OR AGGRESSIVE MANNER",2.0,37.5,1.0,1.0
0603b8fffe174053d5ff5172f1a9c8bbb5dec99c51f89dbffe16e7764e3f0334ea080d84e0aab02e7cb5636f665df7d59ae2e373673fd54f04b097404ec4bc6d,CLEAR,DAYLIGHT,DRY,IMPROPER BACKING,2.0,57.5,2.0,2.0
0603cad31f5386611f0608b819b36ccdbf9c2f8634158217279a0fafd71a857693d5aa8a6bbf9521c3614d0eb4d1909b0b8da5fc61c3f5b230b2bd7e2a33db8a,SNOW,DAYLIGHT,SNOW OR SLUSH,FAILING TO REDUCE SPEED TO AVOID CRASH,2.0,28.5,2.0,2.0
06040befe8ffa065981e35efcdfe49d80f76b6f6093dffb18ef07f018f6b60bfb46bcf42218e31198c9f1c534e0a07e46e60b88c340c24473c89934e24bcc984,RAIN,"DARKNESS, LIGHTED ROAD",WET,DRIVING SKILLS/KNOWLEDGE/EXPERIENCE,2.0,27.5,2.0,2.0
0604227c2fa711459f8c4b58c61faa0db7ca7f179fd120c2d763c58a6935c19d0376b09fd0cbe178ae0a1f51727a51da71431ec50b028fec77dbf6b0dc42c25d,CLEAR,DAYLIGHT,DRY,IMPROPER LANE USAGE,2.0,30.0,2.0,2.0
0604249191139d560acce395676e55fef748a93ecf1ff3f4f3743f84d4b12a4336c88eedc984008c6d94e8cb4a9e68bb7e72b4aa05523c9dfdb61fc0d3275f81,CLOUDY/OVERCAST,DAYLIGHT,UNKNOWN,FAILING TO YIELD RIGHT-OF-WAY,2.0,42.0,6.0,6.0
0604b2cb54df757592eeecf9a682f08b43a9c837d0809bbe45309c59c9333ac11ecd5ed8de801bf3c345a21d48e655bfbe0f81caa4d030ac01542c7fd7169f86,SNOW,DARKNESS,UNKNOWN,DISTRACTION - FROM OUTSIDE VEHICLE,1.0,69.0,2.0,2.0
0604b5198855590fd9517b8c9b17e46d2c472a4c7f0509465b630a24809ab7a67fe8e0e278828c7b9f128dc73c7cff8febb11b5e9ec7929bc110a992f4002b58,CLEAR,DAYLIGHT,DRY,FAILING TO REDUCE SPEED TO AVOID CRASH,4.0,37.5,1.0,1.0
0604c436735e2fc90ef25d41647958657cf8bbc45f0c3aee6f3c600d78d18cc6b8cb4b9d2582bbc8c84bb7bf232ba6a4205592b1a4a684fdaf1351520b92d440,CLEAR,DARKNESS,DRY,FAILING TO YIELD RIGHT-OF-WAY,2.0,27.5,2.0,2.0
0604d10ec4a1e094584a4cd9b2e774a8a2eb2b4b37f0857eece5b9ee622af3d55593e537ffb14438f76fe4aa322d8a16ba4fb4b74335e2380107f70d539fe33e,CLEAR,DAYLIGHT,DRY,FOLLOWING TOO CLOSELY,2.0,65.5,2.0,2.0
0604e23baba74395ec117963c815ccfdbd4d06b078a7ce2c8c5d892f0e1abc34c963695a1c48d6db3cd16ef56ad74702ca1070ac4c8f24cab8808081f3aee329,CLEAR,DAYLIGHT,DRY,FAILING TO YIELD RIGHT-OF-WAY,2.0,40.5,2.0,2.0
0604f3f2f2133948e2fae77bcfa7007268bc04d61fe710f95cdd5551c0d23978f615f73948b6add7456c672b0b50de68e368a5b74b9cd305f8200b75d18cb3a1,CLEAR,DAYLIGHT,DRY,IMPROPER OVERTAKING/PASSING,2.0,25.5,3.0,3.0
0604fea576ce28fd5f20d734f3107480a3b58a184ca37543b0c1bffb2af2579403512ce140e0afe67ffc745cf3b1838987d41907f4e608f99fd7e287e43666bf,CLEAR,DAYLIGHT,DRY,DISTRACTION - FROM OUTSIDE VEHICLE,1.0,18.0,2.0,2.0
06050185edda1a22bc1fdb3b1643fffe2c7191784226fa142acc4aa511cb75ec14f8b0a7278d3c6ce588325734432bf781d8be37aa6eac7d81a64a50c6607d5e,CLEAR,DAYLIGHT,DRY,IMPROPER BACKING,2.0,53.5,2.0,2.0
060514fe907a078da84db5009497914190deb3c962050f06b2de3992eeb1e495c0df85bc7a26d766e94ad65d421469f6e6f0c303dcfa2d4bffa3e22dd724ee66,SNOW,DAYLIGHT,SNOW OR SLUSH,IMPROPER BACKING,2.0,37.5,1.0,1.0
060523accc99ab1b87dbafe6b7d3c34471f32d80eb97a60e773446338f2fad18fd2ac9326d4707778fe1bbb944081ee7867dbb2ba88b7fb89f7dd3f9a1022e50,CLEAR,"DARKNESS, LIGHTED ROAD",DRY,FOLLOWING TOO CLOSELY,2.0,51.0,2.0,2.0
06052649c6cabfd22a4556e71443986a45c947d9a64599c144317688a779830f782e19f42e49f4f6a1d55b2c470815940f8356ae37c90e2f20db4154b091a655,CLOUDY/OVERCAST,DUSK,WET,FAILING TO YIELD RIGHT-OF-WAY,2.0,26.0,2.0,2.0
060537ca62ffba5da360c9265189aef1798503f3184eec9ecf96c2df50d943769b36bb9ee0d5030fb3bb69bada4529f976b5ed48c027e956ee604dc9ec556d31,CLEAR,DAYLIGHT,DRY,FOLLOWING TOO CLOSELY,4.0,32.44444444444444,9.0,9.0
060542ffdabd51f7c073013e6fc21bcd9b069a2068a239b099342130be1baef3001abf1340fc1a73ca9e1abb019e35475795ef6a14a3e194f87c3235bea2eb12,CLEAR,DAYLIGHT,DRY,IMPROPER LANE USAGE,2.0,37.5,1.0,1.0
0605469526665e3b1d1b0d1c430144badd0cfa453f2307c143f6e8bf1e444f81f174a18d88f9196f306d72650cd43d3c5defd32ff79da9ec94619288e138efeb,CLEAR,DARKNESS,DRY,IMPROPER OVERTAKING/PASSING,2.0,47.0,2.0,2.0
0605918db0ee9681467ad007a01483f8a5330f6f725f440b2c21bf0e832e558cd42266568679ead068c4b8f4881b8c464088663251f1e0f57b55e250d2abfdf7,CLEAR,DAYLIGHT,DRY,IMPROPER LANE USAGE,2.0,36.0,2.0,2.0
060592ddf68a18f5038cc70a763673ef6e487312022ddac83ffb20448f491a0e7f10ec60bfe5e45da82797cfa0ef057d1d33641566cb12bc0a35f87fe41114dc,CLEAR,"DARKNESS, LIGHTED ROAD",DRY,IMPROPER OVERTAKING/PASSING,2.0,58.0,2.0,2.0
0605bbfc872b743a2a4d2a2d258001106acf83c63efb29633c0613519b5a884cca844c8c4b51519e49134736efe435aac5fc09435403cee9675353becbdca6f7,CLEAR,DAYLIGHT,DRY,IMPROPER TURNING/NO SIGNAL,2.0,47.5,2.0,2.0
0605bfd6beb765223ed26c53c2d608b541e304f6c1bf3ffbcda164d6e0ae0b351f1a7e934c29eaf669a3f717cb695c0976f9d0b3f07d54c855aba9fef94c0864,CLEAR,DAYLIGHT,DRY,IMPROPER BACKING,2.0,35.0,1.0,1.0
0605dfa1e4177afc37cdbe988d96d77257a12d2858731e87d94d55ddf61a004c5bacd5ece2deb8cd27e05043bfe21ae87bbb895260ef9eb20343ff8caae0506c,RAIN,DAYLIGHT,WET,FOLLOWING TOO CLOSELY,2.0,35.5,2.0,2.0
060605820b5c6bf14aac7b000dccfdee767e3947d8e080931bcb9e25a7c05ccdfe8b4ea3ec3ed46d9af5432195e41bb3b82f5a2788d0f927ecd789ce86ac9327,CLEAR,DAYLIGHT,DRY,DISTRACTION - FROM OUTSIDE VEHICLE,2.0,23.0,1.0,1.0
060643fbb69793be5a0580395f85afc31836c487b4bccda314dab3c20bdd178013280fabf96ebc2c3b67182669d79d3ac671735b045a0822e6605d5d57d2a2be,CLEAR,DAYLIGHT,DRY,DISREGARDING TRAFFIC SIGNALS,2.0,31.5,2.0,2.0
0606465324eb1d46cebb60f3f8d5c917926cfe81ed1e601f4d445f5aa367ab3a7965886591d1ed65b7288ed7b0e654bd641b30041d05e091473afb5d85717538,CLEAR,DAYLIGHT,DRY,IMPROPER LANE USAGE,2.0,32.5,2.0,2.0
060649f401af5da6b9d91c54fb846926185e4a4fb5df557a699c4891b2c5987983c4e60ff2a7feb4e8347f80023867d906d2ed9d59780b2059df661c18054c15,CLEAR,DAYLIGHT,DRY,FAILING TO YIELD RIGHT-OF-WAY,2.0,34.0,2.0,2.0
0606836b69b67e3ef4c0e5140a0d59ab95fe754780843fa4be6c720b1022908c1ab7dae62bec45a118d54978ed06f158dd66d0e294ddc98896e80130d73af8a3,CLEAR,DAYLIGHT,DRY,IMPROPER LANE USAGE,2.0,34.0,2.0,2.0
06068943e87639ca0cb4fb2b4f4fa821dc0bfe22f9ad81bc4f43ee1dc134ec365fe240a30167ea7492881502e1092325017f2d82372a68f3f1171822b641f103,CLEAR,DAYLIGHT,DRY,IMPROPER OVERTAKING/PASSING,5.0,47.333333333333336,4.0,4.0
060694d3e30d3ecd415490ce69801fefa77f04fa54358cff249e4f2db08bf74a3ad671022e7eec475b1d42cb0d5590a0ee1be7bc5a2d0c7c09f9f8b83e288430,CLEAR,DAYLIGHT,DRY,FOLLOWING TOO CLOSELY,2.0,37.0,2.0,2.0
0606d08841dd27b984ca13bd207b77d9700fde6258b48a71a605ad0a7a831fd45772baf1ced0e7e874ec00a94305ffaee0c1513676bc3caf875c5aedc38d8371,CLEAR,DAYLIGHT,DRY,IMPROPER TURNING/NO SIGNAL,2.0,23.0,13.0,13.0
0606d3f9b071ce404fb3fa8e8ec28f8db4ab1f3631f978a8a9244012a137b6bde8a0f0b37956d20239cc940ddc25658eb57caa1e6a27617515555f674dd39af7,CLEAR,"DARKNESS, LIGHTED ROAD",DRY,FAILING TO YIELD RIGHT-OF-WAY,2.0,52.666666666666664,3.0,3.0
0606e4e4319575022a4c9e167e3aee1bc8ef82b0ae355948a116811f710033ac8f48d9d1593199c2e222a359578ac64c14a0b2c18a3966af7c9d64a89506d270,CLEAR,"DARKNESS, LIGHTED ROAD",WET,FAILING TO REDUCE SPEED TO AVOID CRASH,2.0,20.5,3.0,3.0
0606e7979ce3ba0026fc2e765c8946ecc10fbe4952aafbae03dbea7a0502e76cfafca03fc1fa2a3e22e3559aa39d9c8aedccd18f2352d5a731c8f9db8ad73842,CLOUDY/OVERCAST,DAYLIGHT,DRY,FOLLOWING TOO CLOSELY,2.0,32.5,2.0,2.0
06070d9479d4e3f51e65f30de6a07966df9463c7d3a087d5dadb082f0a86c466e2690db44700360621f22f1ef5f9fa572d108ee08866183d406a84fde2e81098,CLEAR,DAYLIGHT,DRY,IMPROPER TURNING/NO SIGNAL,2.0,39.5,4.0,4.0
060746584e4c8a9ca869851a3c7ca76986e6e679d7f460e68e6e28f0a3f2d455620c4af749d001f27db0f11a26fff8c048a326af570bdfc85426e1f09c721a18,RAIN,DAYLIGHT,WET,FOLLOWING TOO CLOSELY,2.0,44.0,2.0,2.0
06074ca39083ad59e8df0beaf9af2b60e1dadd4b29952fdab3f2284797933a316500d6c2882f6c00fb156a59bbfb0f59d62e739ae8228235105096e0b318dac5,CLEAR,DAYLIGHT,DRY,IMPROPER LANE USAGE,2.0,45.5,2.0,2.0
06076822656c930be21263da26711be881a52f671b8092b545d245c79197737a46cc2883f15394b8cb994a44b16095a0158a05de3d3d693fdfefca0169f81136,UNKNOWN,UNKNOWN,UNKNOWN,IMPROPER BACKING,2.0,34.0,2.0,2.0
06077677b3acf549bbcaa780e98fb4ac39fb869b8d1efcece5f15f564a43ad2434646bc5be20703494aa6050cf5be51dbf3c8c8e05d4c81241e2dd351ee6a268,CLEAR,DARKNESS,DRY,IMPROPER TURNING/NO SIGNAL,2.0,84.0,2.0,2.0
06078490f4c2d413702d3b9925c19c0b0c94744daa551e7fccfabcaadcff63e150d9e29e93000aeedb370c04170adb2dd5b04672e3487e6f9992675fdebd3488,CLEAR,DAYLIGHT,DRY,IMPROPER OVERTAKING/PASSING,2.0,53.5,2.0,2.0
0607978695392d261ab4cf1073a25d656693a304f0d3fba1960d3699e3dcec6835c4bd0e2eed834fab21f9efab1f3dd566367bf8b6459470ac5ef3b9bf0ea803,CLEAR,DAYLIGHT,DRY,FOLLOWING TOO CLOSELY,2.0,42.5,2.0,2.0
0607be0186d68790c83d6eec726cc27456eb6633955a915a03b05558ae802605229d264895100b466704207f9b48356994c419df07bd19d6fde3babf38725572,CLEAR,DUSK,DRY,IMPROPER LANE USAGE,2.0,29.0,3.0,3.0
0607cce8e21c7438ee81acacaef3354c790917ad957ea6fc41349dcb854e9e325e7597b0dfd8682ee0d77c7b3830091893e8e4880c182db2dea641d6736c52fc,CLEAR,DAYLIGHT,DRY,"EVASIVE ACTION DUE TO ANIMAL, OBJECT, NONMOTORIST",1.0,53.0,1.0,1.0
0607d9707703bd64f5ac7e1d803ec66f064d4dc158d5ec0ef3a1bcbfb76e91e664e3b987bc7847c2f98c036baf6181192712d3d39c1ced5f74b1c3d923595744,CLEAR,DUSK,DRY,"OPERATING VEHICLE IN ERRATIC, RECKLESS, CARELESS, NEGLIGENT OR AGGRESSIVE MANNER",2.0,39.0,5.0,5.0
0608127512026a8f8c97c854c9eb645355db82cce876dd3b60c4d1f160fef0b1ea2011a7c1cfd74b6ec415f361242d803457802e607f917067a39d1b0da783b8,RAIN,"DARKNESS, LIGHTED ROAD",WET,DISTRACTION - FROM INSIDE VEHICLE,2.0,20.0,2.0,2.0
060839e2c7bbbb7a4c32b13e0d3a662c17558aa2497d00805671a689b289bf0e918830b0df558e149be613f1f2786d6e589985e76005b643d24903924ee021aa,SLEET/HAIL,DAYLIGHT,SNOW OR SLUSH,IMPROPER BACKING,2.0,40.5,2.0,2.0
06083b39ff39b3a4887d77176d27ed7ab8704391af2aac96d025a9fd0e3bbef61a59220541c60f3cf7d42646c744380f86aa2b65c27cbd796abe21b99261a8ec,CLEAR,DAYLIGHT,DRY,FOLLOWING TOO CLOSELY,2.0,89.0,2.0,2.0
06083c1f265b1c91b2495eac45133527230b30d2df5c18e03962ae878b80201af81360bf7bc3e20bb0e4b77fdb87926d5856e92e0c13eaab1f4c3b8f185eb26c,CLEAR,DAYLIGHT,DRY,FOLLOWING TOO CLOSELY,4.0,45.0,4.0,4.0
0608429b34c6628e9ec4f3dc39bcbc5152393da0b339d5361290e5dd8d9a2861e1021b6421385a7f9773c42436aff2b8ee5b61ec7e34373868f30cb4b95340e8,CLEAR,DARKNESS,DRY,FAILING TO REDUCE SPEED TO AVOID CRASH,2.0,23.0,4.0,4.0
0608577e63052e17342634e72802ee3cda5e9927f1e0291de6281ae3fd4f63bca3d145d3d8ba315f4e53aec52689de9021c001bb7e2f631c9a0734e2999b2a59,UNKNOWN,UNKNOWN,UNKNOWN,DISREGARDING STOP SIGN,2.0,22.0,2.0,2.0
06085aa9acf61dcc6cae5c201893b9662d7f16dccaa5d46e57dc32da104c7a1424e9c5c65c356bac42c307729ea763c32c1bf22a5207381a6f84d28921ac3313,CLEAR,DAYLIGHT,DRY,FAILING TO YIELD RIGHT-OF-WAY,2.0,27.5,2.0,2.0
06085ec795e0fbf61053a5c9fd1311cb9f8d09a49d2251b3435987325ae0bc4b3a39711cf5a9225c171b250b4b3b86418d6e9e2db608e4334a6ba98ecf88a9b7,CLEAR,DAYLIGHT,DRY,IMPROPER OVERTAKING/PASSING,2.0,46.0,2.0,2.0
06086537ef014732261c64b01b07f14f7326f31fa6028d921853eef956830a5bb3a9317af145fd822ab4f971e395793e08af707d4867bd5d71883b298f8f7203,UNKNOWN,UNKNOWN,UNKNOWN,EQUIPMENT - VEHICLE CONDITION,2.0,37.5,1.0,1.0