crash_record_id,weather_condition,lighting_condition,roadway_surface_cond,prim_contributory_cause,total_vehicles,avg_driver_age,total_people,total_injured
06086576098af7d093233f58f09e4f0b093db6e966da1a48f819da1e160ab7f52c76200c374e339517002d6f117b32a991047c577061c2091f9cbeccf636f178,CLEAR,DAYLIGHT,DRY,FOLLOWING TOO CLOSELY,2.0,26.5,2.0,2.0
06089892d162a050b9f4a8af3d16f7bdba6a4a18ac977066d0b6c515e88076cd5c1800fc202c114ff87f2359e8f9061821beb950d0640078ea1eddbaca741d9d,SNOW,DAYLIGHT,SNOW OR SLUSH,WEATHER,2.0,41.0,2.0,2.0
0608b55e31cc087f62e6065aa7d93db596df4e3e6b58889fff383e034cfa825429ff4fd48dc1a5cebc947c38915c2b80480939adcf47efe6b4c4ab16b6660835,CLOUDY/OVERCAST,DAYLIGHT,DRY,FAILING TO YIELD RIGHT-OF-WAY,1.0,29.0,3.0,3.0
0608ec91f83cd5113f07bb269204bd32eabc4c5995f3fc02c5be936acf0b52413a51db08ad467fa92d43a310a01980d6a8c061bef0890ddde20a1a2073e5fb89,CLEAR,DAYLIGHT,DRY,IMPROPER LANE USAGE,2.0,58.5,2.0,2.0
060921f54b513e215da43daa6ce0525254fdbf58a4c9193527516bf94e019115f5957f108161fdc8e17a0927fd543aa576d4ea77b968e8f62f6bcad013474aff,CLEAR,DAYLIGHT,DRY,FOLLOWING TOO CLOSELY,2.0,25.5,2.0,2.0
0609295cfab2eccbe71d0fe6343982a72377475c60fdb217b8b1bb126d344cce6e799f5f0dd60fc7b970c4a59e74eda1dae70ed14f152cb89297bc3d97988e35,CLEAR,DAYLIGHT,DRY,FAILING TO YIELD RIGHT-OF-WAY,2.0,48.5,2.0,2.0
06092f7ce630793fbe58ec2a3b42eafca8ecb169fe3fca0d7cc4676ec5615d0fa3bd2c84f0fe618ead648d1ac8ae5d2ac5a45cc5f243a31a85040342e2ad757d,CLEAR,DAYLIGHT,DRY,FAILING TO YIELD RIGHT-OF-WAY,2.0,43.5,2.0,2.0
06093095f763e2664c3f6e9f2e484035f8fb04feca9153b50c9f4921391f5bc665a509d86d5dd820fb3e3d1d82fb7553b993a335ae270b6c87221e2c54a19aa2,CLEAR,DAYLIGHT,DRY,FOLLOWING TOO CLOSELY,3.0,41.0,4.0,4.0
060974185de20a1b3ee724a188fe088f72101fcd85f68841b0d0d666d60e559f0ecbe47954abc72050a0d4e3444d305450d074615addc1a9a62c28172fc89966,CLEAR,DAYLIGHT,DRY,IMPROPER OVERTAKING/PASSING,2.0,16.0,2.0,2.0
0609929be29950493280670f102cd072255bf463a6fbebb033602a1558d8624812d719154aff39170ae18a3a2e7f50bf44d6a293820e948b12ad6230230814c5,CLEAR,DUSK,DRY,FAILING TO YIELD RIGHT-OF-WAY,1.0,29.0,2.0,2.0
06099cf7e39b4743068f6e6605e5397cb50be3bac2d28e226a2025038c3f1f5905b1691f9398c1dcff806ee2fd66c45f80df8a05cc6dea786e78ea37fddc9a88,CLEAR,DAYLIGHT,DRY,FOLLOWING TOO CLOSELY,2.0,26.5,3.0,3.0
0609aa421a76dc8d1ffe49e1bc697d1c376cc619b9123b91188c0113d9dd4d15e0a925571ffbc5ad43ae4ff19c9a819b93284aa1c4c5cc82da57f995b0631c39,CLEAR,DAYLIGHT,DRY,DISREGARDING STOP SIGN,2.0,20.8,5.0,5.0
0609cf00b4de0d367c2afdd676ef1c278401e2ff6fd0b12c34f09c17fd2b58f7def7ce14500cfe5e7f22dc6fcd6a292417c4b5777fdc85d513f90c2b050b5470,SNOW,"DARKNESS, LIGHTED ROAD",SNOW OR SLUSH,IMPROPER TURNING/NO SIGNAL,2.0,38.0,3.0,3.0
060a044d394d3b7f0de22c6022d067a42498ca04544df1370fe526dd6deca8d3c405d2cbe5acdadda83db8c2cf92e3b13da36ba489e4e7c1c1d9eaada1978559,CLOUDY/OVERCAST,DAYLIGHT,DRY,"OPERATING VEHICLE IN ERRATIC, RECKLESS, CARELESS, NEGLIGENT OR AGGRESSIVE MANNER",2.0,26.666666666666668,4.0,4.0
060a22ea1e309af881842592e9046d9b1f011808bceeac3723bfaf4f928c8b1a605b0061071d0f0b4db9b84fb60687a7012a00b727ce24b8c0c63936c9bbe5ea,CLEAR,DAYLIGHT,DRY,IMPROPER BACKING,2.0,23.0,2.0,2.0
060a35e913ba6478f883ed915ca188e1ecdc125775f82979d90f263345243f5983119ed561c0f629b4aca470d60ecbc3129d0156b6c0e0af8cb233f512e8f0d8,UNKNOWN,"DARKNESS, LIGHTED ROAD",UNKNOWN,DISREGARDING TRAFFIC SIGNALS,2.0,44.0,2.0,2.0
060a4397e5acc272964e30fe9494c880716a69d109aa4ee4c8e5e2609b5c00a20f96f90852d802e51eac998c1fcdc0a726ed8da7623e6bf794f4b5dfc55d9be9,CLEAR,DAYLIGHT,DRY,IMPROPER BACKING,2.0,37.5,2.0,2.0
060a534568c3019cea1f2be3a4521a55ec5861d365c6ec763b993aa97c91113e169ac325c86a40296b4be7b7bcc64d11c130485d604847e2eeff16c0cd110789,SNOW,DARKNESS,SNOW OR SLUSH,IMPROPER OVERTAKING/PASSING,2.0,37.5,1.0,1.0
060acb89e929662b47ebb32d2002946d876c558a6c439d7acb8582057d2e0bf526a1606b148b451ae5704fa8fb67e06c757d01af88eba166f2f8be389a87dbf8,CLEAR,DAYLIGHT,DRY,IMPROPER OVERTAKING/PASSING,2.0,32.0,2.0,2.0
060ad7589dbaaab949bf6ec9e7734c1f01fd7e8c531e00048d3dbaca188437c145266a945cc7b6a8772bade6c80d37561cf76fc44e66f3acd408d177e714ebc6,RAIN,DAYLIGHT,WET,WEATHER,3.0,63.666666666666664,4.0,4.0
060adf2dd29bb93838e62e96378d6d938430934f9ad1d0c83feb88face6b2512f4f03f14a194e273ce2a9c8f46444f8f1600cd4780ad4c467927b5d266fc442d,CLEAR,DAWN,DRY,FAILING TO REDUCE SPEED TO AVOID CRASH,2.0,33.666666666666664,3.0,3.0
060af5ce118ea499a495f5a39b76e510992e5bf2f97c638575b565e11cdb05153d61ba22e2347c89a9dd09346256a8dc2a9614bc2014f49268e623893dfffe2c,CLEAR,DAYLIGHT,DRY,FAILING TO YIELD RIGHT-OF-WAY,2.0,61.5,2.0,2.0
060af7e05fc5703879bd1dff4f29c4b939f945738cdff970569c5fc2f328ccb5303d8589731ac43011311b4317e024d1424fe67fd5d539b5267b574fe6f7e8ad,CLEAR,DAYLIGHT,DRY,DISREGARDING TRAFFIC SIGNALS,3.0,25.166666666666668,6.0,6.0
060b25f296bcd18ffb75cd1269e70f868e2ae41951136dc44d8448da11d4eb5f03185b3db3028abbbb0314774f2698241da254254e333cfa4499b2951f942ade,CLEAR,"DARKNESS, LIGHTED ROAD",DRY,DISTRACTION - FROM OUTSIDE VEHICLE,2.0,52.0,2.0,2.0
060b2d2c1b396afae1e9af5baa362b220c97cb9417372f88e4de12e1499598fc72ea2692ba327ad6c4f5c9cd23b94afbcfeaeed943044f9d9968a0c86e580687,CLEAR,DAYLIGHT,DRY,FOLLOWING TOO CLOSELY,2.0,25.5,2.0,2.0
060b48873e240bea0cc9e45b95656cc904d1d2f65f97bce940e8e6bbee4fc0603e0139c9c5ffe4526819c5388c698119ba5c129b7935be150a45463de388cf61,CLOUDY/OVERCAST,"DARKNESS, LIGHTED ROAD",DRY,FOLLOWING TOO CLOSELY,2.0,56.333333333333336,3.0,3.0
060b4c2158d8d0904d2a61e08fffecafa963798c00f7d8db19a01d8bf8e7c1d92e59b934291de5a5f51d1930ec354c2945b346bd474d879df4cde3a0a371ee8e,CLEAR,DAWN,WET,"VISION OBSCURED (SIGNS, TREE LIMBS, BUILDINGS, ETC.)",2.0,50.5,2.0,2.0
060b56e0e08ff944194f43e510ed0cc951dd0ce8b8017f75ab961c775061e1535a6078f562cf4f83acb660222c189c5e567d2767caae03cbbc280ccd5ded85ca,CLEAR,DAYLIGHT,DRY,DRIVING SKILLS/KNOWLEDGE/EXPERIENCE,2.0,53.0,2.0,2.0
060b5d0ffb15254c8e35c1fb0ad5589a4d110434c6a7ba6234cadabf6524fb430f7b960f31efeca34549025f6e489b2c5d2ae6a4899ded8ec245a99ab137a922,RAIN,DAYLIGHT,WET,FAILING TO YIELD RIGHT-OF-WAY,2.0,41.5,2.0,2.0
060b71cc7eaf918261d7df9d54c9483458fdce233963769732b1beefc39cdc83a2674291b00624699dce9b921b776bd33bb39b599d4aeff7c9b5c701012e9807,CLEAR,DAYLIGHT,DRY,DRIVING SKILLS/KNOWLEDGE/EXPERIENCE,2.0,37.5,1.0,1.0
060b75fd4da00236b6ea186c0baf58678ee9cbe4fb3b65d514a1e6f61db3136e4d8be8757296c67d634150bc8d9f3b5cdc7220399e9e7f310fa1e479f3fc912b,CLEAR,"DARKNESS, LIGHTED ROAD",DRY,DRIVING SKILLS/KNOWLEDGE/EXPERIENCE,2.0,51.0,2.0,2.0
060b816b43f487f6c7efc7280af55eaad00a89e66e03f8dec2a5d0980a5b4c2f9fe2a22c73bb498716c737da450bd28ffd9f3f851f83b37fc507db4c1d86b174,CLEAR,DAYLIGHT,DRY,DISREGARDING TRAFFIC SIGNALS,3.0,35.666666666666664,3.0,3.0
060b897638fa415dcfb70bb1a622f78c5d8fe508b6566bdf20ab535cd6de1e784fcd09dadffbbb4b65db3d69f44d436dd0667cf5d393910c26c76ca51b85ba83,CLEAR,DAYLIGHT,DRY,IMPROPER OVERTAKING/PASSING,2.0,45.0,2.0,2.0
060bc8f7fa0e4437acc9120ddb0467c3c49cbea7b9ead2009aa5e35bf25a37488c352a40196bc2d0839b56e9330d928edfcbd273b1f41ca266998f4c3e376c11,CLEAR,DAYLIGHT,ICE,FOLLOWING TOO CLOSELY,2.0,29.0,2.0,2.0
060c044a4648c8551e18b10d71519d464ee2918bf415c847fb22bd8618039ceec65e7a399d385e24fc0a16a09d886d3f22acbfb0616f94af52b35b4810474390,CLEAR,DAYLIGHT,DRY,FOLLOWING TOO CLOSELY,2.0,37.5,2.0,2.0
060c48d7f181b1aae4010e1dd28bf4b2d527db4a73e247702f869b404962d56bdc93de3a245fd4ac331c57e82a2a2baa06e3aad184d05b4ca31266d2510c520b,CLEAR,DARKNESS,DRY,FOLLOWING TOO CLOSELY,2.0,28.0,2.0,2.0
060c4b5e531c9522fa4a2afc03b568d004c1e0783476f5c3097637fff7ee33a34e95e28a217fc12e5771e0b1f5b4ed7b26e7a83523b6e120bc03be04748365d6,SNOW,DAYLIGHT,SNOW OR SLUSH,WEATHER,1.0,29.0,2.0,2.0
060c7bfffd117ce2f0599892c262a0cd097e482b8ce3f03f18691ccee51b4cc1c78a385c69727c025c2b358e9de57ada31f43c5c87c46c137350b570cd85f0bc,CLEAR,DAYLIGHT,DRY,DISTRACTION - FROM OUTSIDE VEHICLE,2.0,45.0,3.0,3.0
060c7dd529fdbf339b76a9ceac13402802dfc1e43c5c145338a553c1da660f2131cf72b3147d3c7039b045de6f970d7dd00ce5bf9fb28121eb2680957841747b,CLEAR,DAYLIGHT,DRY,IMPROPER OVERTAKING/PASSING,2.0,37.5,1.0,1.0
060ccce4083d9cbbe0eb56802b19d0cbd29cf945a7f3a05f4e8b2bd77c576017462fa2088cae1872c7db7aa6ec5d271786a1b47dbacd541db0d05a7a081fda5b,CLEAR,DARKNESS,DRY,"OPERATING VEHICLE IN ERRATIC, RECKLESS, CARELESS, NEGLIGENT OR AGGRESSIVE MANNER",1.0,22.0,3.0,3.0
060ccfce977d6d00775f1874790284473562056f65dd3e9d43283c692fa3823657e84899e8728129f5e12be40de527fb88b55cd171e5a97fc3d61d7ff3668883,CLEAR,DAYLIGHT,WET,FAILING TO REDUCE SPEED TO AVOID CRASH,2.0,63.5,2.0,2.0
060d2320a1e1df304d927122b27c83add3b4d2695d898d1cdc9051d566dbc101253417ec5b49ad6d481ea40743e2f8980eb4f712f94760f00a20606bf5682acf,CLEAR,DAYLIGHT,DRY,IMPROPER BACKING,2.0,41.0,1.0,1.0
060d68dd89e5c7706531cb0fcb3a0e01f42e81a814d9957499066fbbcf1b63243f35c2bfb9fb18f153aadca018b27d7e718232a4b153c3e609f9b73cb09e2747,CLEAR,DAYLIGHT,DRY,IMPROPER OVERTAKING/PASSING,2.0,42.0,2.0,2.0
060d87d58cd7d029f119b9dd3dc27d118c710e2e1bcb267ce73f9bff0afc129e57a5b67ca429ca423b2439d1b782e43ea9c6720ab542d824fdbd56f4d1326014,CLEAR,DAYLIGHT,DRY,FAILING TO YIELD RIGHT-OF-WAY,2.0,36.0,3.0,3.0
060d98088f1504b17aac796554a0b08d55472aba6c8b07248cd2bec003f7e051b75c839275f56aa49c534a25d352723337c6cb20c810823291164ca523c1b66c,CLEAR,DAYLIGHT,DRY,DRIVING SKILLS/KNOWLEDGE/EXPERIENCE,2.0,37.5,2.0,2.0
060de3e055370935ac226df8c4150012243def670ac52d154e7d510e38b4c48fd8af1e77e7adc975e4c0d6245cda55ebcef30cae5e48584519a3a82c29d130d7,CLEAR,"DARKNESS, LIGHTED ROAD",SNOW OR SLUSH,FOLLOWING TOO CLOSELY,2.0,47.5,2.0,2.0
060de650097a78f16770eeff5eb3505785b5fe4eff1303a33274dfd106444f2df228660cb85936d846431b01ab3261491c4112ae243e4c17cc944e6d3af5ac94,CLEAR,DAYLIGHT,DRY,DISREGARDING TRAFFIC SIGNALS,3.0,47.5,3.0,3.0
060dff41fbd57ed96e0e3ba7cba4b480c207cec6c85c60c7ceb3c84447b489d1fa91a98dc1f89be68f5db3a67e2fb7ba93930705992c868f05067a39905d2546,RAIN,"DARKNESS, LIGHTED ROAD",WET,FAILING TO YIELD RIGHT-OF-WAY,2.0,51.0,2.0,2.0
060e3d77747690f522949222b90c5b6f8f10195ac1bf43129fb2068f61fc08cf499475843bfea4a441140aec8317b35692e2c322baeb0a00a3bb5b56af3d1662,CLEAR,DAYLIGHT,DRY,IMPROPER BACKING,2.0,45.333333333333336,3.0,3.0
060e604ae7762a77673a3cc5197ddcde63931dee793f0aeaac00347ca58879ed55c03f262f9877a90f350c6d8d33e81f1b02ed5d8082af7e4e1b6470953ec465,CLEAR,DAYLIGHT,DRY,DISREGARDING STOP SIGN,2.0,19.666666666666668,3.0,3.0
060e869f41146b881023f185e39f86629327f7f80ab87219450dd4edc8c58f7934d49ef6b16e145f40c5f47ee6f2cf135021220f2ca5e8e76328b56e83e1af65,CLEAR,"DARKNESS, LIGHTED ROAD",DRY,DISREGARDING TRAFFIC SIGNALS,2.0,27.666666666666668,3.0,3.0
060e93d7ae64b3b18acb0996181c2e578450feff6b8616b12b068bef9698ec77a4b249d09f0f4da15d45bb5b8c6b3b157628f8b58ff132f6ac0ce98844ca902b,CLEAR,DAWN,DRY,FAILING TO YIELD RIGHT-OF-WAY,2.0,27.5,2.0,2.0
060e9d3724c47632498e492afded7f5c3569e60a485b031215d5faeb5aa58eb00977c290800e6475ec67687bf9746eb78537691acd37df3f940162da16f0ecd6,CLOUDY/OVERCAST,DAYLIGHT,UNKNOWN,FOLLOWING TOO CLOSELY,2.0,27.5,2.0,2.0
060ecd0e6925f19aed51fea3adef98de6c7f0435266ad1346bd6d6c31df6d8b50e629410ed7c856314b6503476016f265a701034683c1ef4f4b8c058eee83843,CLEAR,DUSK,DRY,ANIMAL,1.0,38.0,1.0,1.0
060eda1381d152b1ca0aacd6ccaad51abd56aeec4d278c8f37b02bf679f56c55fbe8f089e1ef9ecda7101a23c82a4eef2181c8bf46f6d4ed67943243ed78ac5f,RAIN,DAYLIGHT,WET,FAILING TO YIELD RIGHT-OF-WAY,2.0,43.666666666666664,3.0,3.0
060f0b2b62e265e55a3c7ae5da6cfc4c171ddb51acde8de7178c621836a44d3cf0f4f67855c55a3340e33d8c25d82f7300cf56886c98da7ae59c90e77dc7e489,CLEAR,"DARKNESS, LIGHTED ROAD",DRY,IMPROPER LANE USAGE,3.0,37.0,4.0,4.0
060f1f09518b59f2c3a2dd50c14bea6ffc99150c2eb156810842bb69fafdcc40e1d9b772cdfd6beffce28fe6340a5f54f1d2a4804568a26ff614e6bed0b5df61,CLEAR,DAYLIGHT,DRY,DRIVING ON WRONG SIDE/WRONG WAY,2.0,25.333333333333332,3.0,3.0
060f3a93ebf045960340ccfc301e6e67e1f95f447db36f2ccfd978607b4323bccccf12e06d7bcdcd68f6419a303af8c46607776dadcfddfc069031cb73520406,CLEAR,DAYLIGHT,DRY,FOLLOWING TOO CLOSELY,2.0,67.5,2.0,2.0
060f5116f60d5c4cf12739417952f36d178cef8eaa666a0c286830da47247928abc125848982f7a9d347ec3c51af892fdf173cf361b8b72beb03d12130d260ad,CLEAR,"DARKNESS, LIGHTED ROAD",OTHER,DISREGARDING OTHER TRAFFIC SIGNS,2.0,35.333333333333336,3.0,3.0
060f5d815f5917f9203c1fcc27da0f02bfa8e60703e31b6ee5850146d7ef2ba744980af720a978a08ed32018ee1dd1418a7d6e1897db789b17f7f7e800b34a3c,CLEAR,DUSK,DRY,FAILING TO YIELD RIGHT-OF-WAY,2.0,25.0,3.0,3.0
060fa304a725ab54b065f926c9d1043130aa694ca4311653af7fe875e10098240943dbe27d889d1fc119938ba73400ffa0e19d8a6e964375af4d04e235cacd87,CLEAR,"DARKNESS, LIGHTED ROAD",WET,DISREGARDING TRAFFIC SIGNALS,4.0,40.0,6.0,6.0
060fb249b6026acc2b6837c3bbb1572d9d62a3ebb226d6e704c7f31b76932b8c2654fd72861d2d9fca425d898c74465c780346159744055c3fa69388fc9da1fc,CLEAR,DAYLIGHT,DRY,IMPROPER OVERTAKING/PASSING,2.0,63.5,2.0,2.0
06101d2153ad16d5dd05eb9f6194cf47d696d1eedef27f9e702cd6dd1123247454b66e77a22e9cc676458f53eb5c73e20850606528deb28e2a613ba81b945516,CLEAR,"DARKNESS, LIGHTED ROAD",DRY,FAILING TO YIELD RIGHT-OF-WAY,2.0,32.0,2.0,2.0
0610338e77f7593a3fbb741a56aefc87171dcd0daa6b7191f8189f8bf1b9dbaf47ced2cd9010a869c2d89b659197a56ce65560ca12c289b372682ff51b3d1362,SNOW,"DARKNESS, LIGHTED ROAD",SNOW OR SLUSH,"OPERATING VEHICLE IN ERRATIC, RECKLESS, CARELESS, NEGLIGENT OR AGGRESSIVE MANNER",3.0,37.5,1.0,1.0
061048abd192ebdc36943aeee90c396c369b06c5a6cbf45578e9dc72074109e1ab6ecac12cc40b3db25756294763d134663506a79af3cd77c048065749497ad9,CLEAR,DAYLIGHT,DRY,FAILING TO YIELD RIGHT-OF-WAY,2.0,48.0,2.0,2.0
06104b7643649d765363ebf26d95e2c05a161a27584d5408cdf65275f81257c59d83aa68da0af65ce78c293f797eda3fc691a63c9cea2983301cfd23164cadb8,CLEAR,DAYLIGHT,DRY,DRIVING SKILLS/KNOWLEDGE/EXPERIENCE,3.0,16.0,2.0,2.0
061095ae80e1d326b6e2bdd8070b3ee54def5a118b4dc28ded488fa2fe1e135c27b2dff123f8e65fb47a6b22854e187a2b7cb0d734d161e6e665a3fc8903bf78,CLEAR,DAYLIGHT,DRY,IMPROPER TURNING/NO SIGNAL,2.0,39.5,3.0,3.0
06110648c6dbf8033c2979e6126185a15804f8bf6302c3ac6ffa5714884f1103309432aea5027e941d2a5d09b9e0c0be2daaba144671ad65625e9ec69e10ac85,CLEAR,DAYLIGHT,DRY,IMPROPER TURNING/NO SIGNAL,2.0,56.0,2.0,2.0
061112545a015fcf43095f2f0e2ef5458bb5aec85a8c9d58e46109c62e4c04267eb88f393ee9cc4cc2ab19b9564c5909e1afed674670decde8f7d65c0dd8d655,CLEAR,"DARKNESS, LIGHTED ROAD",DRY,IMPROPER BACKING,2.0,24.5,3.0,3.0
0611432c16af740c8b7709833775fb1c884cb3a39626e20177e0a9eb48a043a9e93bef6a3bf9c09d368911286afd3cd689056b681b4eea511ddb69fad446bb1e,CLEAR,DAYLIGHT,DRY,FOLLOWING TOO CLOSELY,2.0,56.5,2.0,2.0
0611853d7b43f1c1a38f4c46387d6f0748109008d0bd427e40aa69404d1e9b3cf65a856812b2f7f087784bfc17c0f6210a4d5007cb35e067f66129257db6fa32,CLEAR,"DARKNESS, LIGHTED ROAD",DRY,IMPROPER LANE USAGE,2.0,54.0,1.0,1.0
061193c9fb19a206d2a30435b1770ff02d3f4db5e8c04de6d77d8f72d01bdb3e7e12e08c8d03ac4d01641a9d49fb06b1074cf2e7175e434e52abe38e5aa7a286,CLEAR,DAYLIGHT,DRY,IMPROPER LANE USAGE,2.0,34.333333333333336,3.0,3.0
06119a6f1b2c48b9e8c99355c1924da69150a83184a085f9c80a01ca1671b7a5b4c0bc5b1976f6ee06267ddb3d3dcd0167b11e1006ce8956515cc9cf3e43690b,CLEAR,DAYLIGHT,DRY,IMPROPER TURNING/NO SIGNAL,2.0,43.0,2.0,2.0
06119ff16ae6fbb625835f293c564d32a9579af0bcf8688ac1ca357e966f60db273db443e7ac007ea863bd2b5c42a9e6d1ffde47e1116b4d5d631a264f6b5390,CLEAR,DAYLIGHT,DRY,IMPROPER OVERTAKING/PASSING,2.0,37.0,2.0,2.0
0611a380032210adda23a8b8e7099575a4316f3ee2af27617f085e9888663d3d4a58cb4c88969a8f7ac8ce8fccfd1c7f95c662abf38987118303f85317daab7e,CLEAR,DAYLIGHT,DRY,UNDER THE INFLUENCE OF ALCOHOL/DRUGS (USE WHEN ARREST IS EFFECTED),1.0,35.0,1.0,1.0
0611a386f0a55daca6a7f9cf6ab310263e0824637809884798883aa1c5040dcdd339ab7e99889db9ccd1fa5810a677a560b3801151df448e31a3623aed43842f,CLEAR,DAYLIGHT,DRY,FOLLOWING TOO CLOSELY,2.0,29.5,2.0,2.0
0611b21c45b76eda6eeb8035f9ae39c1df3562fff78e29575bedcb231e2578c167a5b4f846cd8cbe518996b53bbdd82551a98528e5336a636033e1ee7ddafde2,CLEAR,DAYLIGHT,DRY,IMPROPER OVERTAKING/PASSING,2.0,34.0,2.0,2.0
06120d2cc98e9fcd8399484a271e5961f2b43b94184edb1ff92d49c2e476295c577bbeef3a0d8e58d1de4613738f7a05ce5bb0df6967c8bbc6304cf161d4018b,CLEAR,DAYLIGHT,DRY,DISTRACTION - FROM OUTSIDE VEHICLE,2.0,29.5,2.0,2.0
061250fafcf73b277f0ba8b149702994ee56deacb406f020ab9948a4f4be4ca40fb353b851dfc705e5a4f160cbf314e5ed6c5b45c72fddd871f8e63cf68c9f4c,RAIN,DAYLIGHT,WET,FOLLOWING TOO CLOSELY,2.0,39.5,2.0,2.0
06126cdc5aaf817fc9f7483dbffddbc7047dea0e6c7d75ca0d27a5d32d8df91fee54879693115d8652f398c7f6ce33be56fc391be51fe674648a48b0e13d7e2c,CLEAR,DAYLIGHT,DRY,FAILING TO YIELD RIGHT-OF-WAY,2.0,58.0,2.0,2.0
06128c98e6c7e6ab5c89cb5446e8a50950cfee50b419af5da607853ac6b26cb6d8d68eccb0034ab926994fd3c069140f3aa0f701910b276a3d74f63806566b5b,CLEAR,"DARKNESS, LIGHTED ROAD",DRY,DRIVING SKILLS/KNOWLEDGE/EXPERIENCE,2.0,34.0,4.0,4.0
0612a251e4bcd1254193f73bb859a1e53a3ea153882721983a7fab81d8e938fcfa32cd3d89d01f52cac5a64df511030446de107a10abdd8cd7fb8ae0b5cad9be,RAIN,"DARKNESS, LIGHTED ROAD",WET,EQUIPMENT - VEHICLE CONDITION,3.0,26.0,3.0,3.0
0612a26adc51cb55e77165ae3e68a1ec658f0ed4268dca6eaeda45c69263412cdcf4ce4ebe045b19409e39027f5557d82546c32d313625d98be1a7f0e6b63c7e,CLEAR,DAYLIGHT,DRY,DISTRACTION - FROM OUTSIDE VEHICLE,1.0,87.0,1.0,1.0
0612a418306b25841b58286dc555803c233bf7c8a4d76da072cafe6b1760682b00318cc79c41b7be3c7c97f7e1b9cc49fcab74134faae9bd5f145f5dcc8d7c54,CLEAR,DAYLIGHT,DRY,IMPROPER OVERTAKING/PASSING,2.0,38.0,2.0,2.0
0612c94ed11d1adfd06a52604a53766259d85cd7016ebec3da8c4dbfeaa26838a6b1bb7cfd71359a80c8e6d33bf3ce8a0c2655dd665394c5aa25c84d228b88d9,CLEAR,DAYLIGHT,DRY,FAILING TO REDUCE SPEED TO AVOID CRASH,2.0,63.0,2.0,2.0
0612d4b98754752bf0b15940dfa486b3c0c80dc11a1f78a45d23e775c95645e871163e3ff81ab22a2e88b7e2b35cb5a918ca7c37275201ce7873ee286a1fbc3c,CLEAR,"DARKNESS, LIGHTED ROAD",SNOW OR SLUSH,WEATHER,4.0,21.0,1.0,1.0
0612fbe5ea9b720c74212f8c5f12d53635fb1a351de92b44f96676e03d9ccf699c18c30e724cc4c393640d46cf51b12b03c2307d5930ac66b8b39ca8fa12d59f,UNKNOWN,UNKNOWN,UNKNOWN,FAILING TO REDUCE SPEED TO AVOID CRASH,2.0,40.5,2.0,2.0
06130767711102976c41e7cbee0b413e4e5aa485ce9bd8a7d35aa6ec9dd3ea09335173489e8645fe95da76d05d03fba614157e8b78d08ca5b4310c2b55f3ba03,CLEAR,DAYLIGHT,DRY,IMPROPER OVERTAKING/PASSING,2.0,52.0,2.0,2.0
0613297f9668e50d8148c7be336064e391d840f122890f93bd97623e615662b6a59fd20f02015476fb0d8762ba2cbf2bc6f073c29d63df97d3639305fee80fc2,CLEAR,DAYLIGHT,DRY,IMPROPER BACKING,2.0,19.0,2.0,2.0
06133a7c1f72f0781ea38b8c5dd676921a85b1ca7d6368c62832b0b5b44b72376e27b81b5e4a46a538fed12629aaf37852f303f50a6b52298239a868cbab2e78,CLEAR,DAYLIGHT,DRY,FAILING TO YIELD RIGHT-OF-WAY,2.0,72.0,2.0,2.0
0613642dab2660ba54a6aa39ad6615be074c991760675b9a04371aba9cff4b888f3b52367901df5823ea50bf8355e721b1a28594b2deeecd6ddd9db2c479619c,CLEAR,DAYLIGHT,DRY,FAILING TO YIELD RIGHT-OF-WAY,2.0,37.5,2.0,2.0
06136ae039653aac001b4c6d0b169dc6a3fc3736f4393914b5a885904d091ecd445b18efabf1fc22564f1dbc6e5a270e55766639654d3e061cc7843eb50b3cb2,CLEAR,DAYLIGHT,DRY,IMPROPER OVERTAKING/PASSING,1.0,33.0,2.0,2.0
06136b7d82656217125f72d6ef2dbca00c8b0f2fde18c52a2acc79f2b614f6bda5edd0725e0c0d7a3d4801174729f8f201f7d0d26c5948e70d34667b47ed8d44,CLEAR,DAYLIGHT,DRY,IMPROPER OVERTAKING/PASSING,2.0,22.0,2.0,2.0
06137e619ae0f267cb5978625852a2f66917a4642186d037300b03bac055b88678bc5165ee6e7a264148af9899109f1877186d36e2f89a68740ad32ead59d228,CLEAR,DAYLIGHT,DRY,IMPROPER TURNING/NO SIGNAL,2.0,46.0,2.0,2.0
0613809f2ef8eec3e8d6dde2c3d69caa0b0dbcf88dad5efe4ba22ce7c9cd579d9507e1177397247d780c560f48502590952d4ab8a981d848ce4be940c6c2febf,CLEAR,DAYLIGHT,DRY,FAILING TO YIELD RIGHT-OF-WAY,2.0,79.0,2.0,2.0
061382dcbc78293c800c10afc6b026b3974b019a00dae36ad121ae3276a1a25a8a63f10d92a5389f6cdcf0548c7f3316799304a4059dda45ff09c3700923070c,CLEAR,"DARKNESS, LIGHTED ROAD",DRY,CELL PHONE USE OTHER THAN TEXTING,3.0,28.0,1.0,1.0
0613b8b570abb866a91a6fadf90a00e5e6822687c8a2f9517397176f946789c35c88e3fe67e67cb770f381c0c4bbf3bed4582289281acbe8b5070853b65352d6,CLEAR,DUSK,DRY,FAILING TO YIELD RIGHT-OF-WAY,2.0,38.5,2.0,2.0