crash_record_id,weather_condition,lighting_condition,roadway_surface_cond,prim_contributory_cause,total_vehicles,avg_driver_age,total_people,total_injured
0613e9193ebca070133e46b7f0b603e3a0dcb5523329030c2d22151ce175990701cb516da5edbce47abd3fb4c82b80c745c4f4c418aeb8ce9d9675d2646b929a,CLEAR,DAYLIGHT,DRY,FOLLOWING TOO CLOSELY,2.0,24.0,3.0,3.0
0613e9469f15566251c809947b564edad9e32e7e13ab4a4ffbde36947ce46a2b4ab01fc243543516f50f9d256ae7d90a4eae0dc59408fd7229079e1cbb14b24c,CLEAR,DAYLIGHT,DRY,DISREGARDING TRAFFIC SIGNALS,2.0,43.0,2.0,2.0
06140b2567f8be8e9cd85eb69eacf00beba8b6bce2de28cd5ab4d31db3cb18da266832998e609dce20c987daa63726a14fe7013623478638165ef7292903bd30,CLEAR,"DARKNESS, LIGHTED ROAD",DRY,UNDER THE INFLUENCE OF ALCOHOL/DRUGS (USE WHEN ARREST IS EFFECTED),3.0,23.5,3.0,3.0
061412e9e57d7604313934e849d1ae9aba3e85e2d7b4ecf41765eef2174132847b58f51109f608197f27fdacd96aeafb3ef537d5006fe902e418529d166a487b,CLOUDY/OVERCAST,DAYLIGHT,DRY,FOLLOWING TOO CLOSELY,2.0,52.0,3.0,3.0
06142b7fdfc347e48e6daaccc02b7ac7e2632f7caa49ed7b46642d6ae55b011da5359a3a04c59393226cb502cddee96fa9d5f8d65d5ecc43991dd0e550afb401,CLEAR,DAYLIGHT,DRY,IMPROPER OVERTAKING/PASSING,2.0,43.0,2.0,2.0
06142be71c0cd69c99bfd3cca7a4c24adbcc3d9154b4c1451a01480bd132a1d8cf733ae33e986361bb28a7fbc75ccc1cbc11e2dbaaae078ab648c46f10b16f55,UNKNOWN,UNKNOWN,UNKNOWN,DRIVING SKILLS/KNOWLEDGE/EXPERIENCE,2.0,46.0,2.0,2.0
061430144831f78afb148035282a4dc2200c464ad43b199cbc8a82c15186ea8f44d3ae60e0f494022b9c626bb8ed1b9a16abbb7e2ba7491f75c7658e114ac48b,CLEAR,DAYLIGHT,DRY,FAILING TO YIELD RIGHT-OF-WAY,2.0,47.0,2.0,2.0
0614371631e516b80af94509cca158560548dbc14fdc1a94eb4fa52e3ea51c21305d0556d69a61f13e2a25b8bf685528fa711774815e32e624d9d0bc54d4c209,UNKNOWN,UNKNOWN,UNKNOWN,FOLLOWING TOO CLOSELY,2.0,30.0,2.0,2.0
061441b32e639183072e751ed49fdd029a3e71f429ceed6b8afd6e4b147582c5e72228c3e5cc6f2dbb593c7bbc13480022955a3fe0e3b99daaeed5a731422de7,CLEAR,"DARKNESS, LIGHTED ROAD",DRY,IMPROPER TURNING/NO SIGNAL,2.0,33.0,2.0,2.0
06149c197ff63b4ed2035c71d79bf5018b92b387409e65c33de3e1901d0ad1aa37c3bec5a70b175a72073c1bb7a567f28a7cd979ea787741c32181faa4f17e78,CLEAR,DAYLIGHT,DRY,FAILING TO YIELD RIGHT-OF-WAY,2.0,52.0,2.0,2.0
0614b687ed25928d11f9452a16e735360033eb5d3572954fd1d9570e3a3bc158b301e764a280806484e066b98189892c60ff828c6fb56b0dd7d530b1c8f59842,CLEAR,DAYLIGHT,DRY,FAILING TO YIELD RIGHT-OF-WAY,2.0,37.5,6.0,6.0
0614e1023863a1b4a3cbbf8e2a7ffd239b8bbf340c1738704623c8dd7ab3fd26a57b47010bf654cb0e5e32aad9695ce9a16d290f33fba68dd8773127c790c78b,CLEAR,DAYLIGHT,DRY,FOLLOWING TOO CLOSELY,2.0,21.0,2.0,2.0
0614e89775bf01b6e50d20e4931fddaabfa2202d728dca37fc0445624009b9f233bdc98f5de94751692a2255f7fc9a0aad559683672698b3bc4912221985b206,CLEAR,DAYLIGHT,DRY,FAILING TO YIELD RIGHT-OF-WAY,2.0,45.5,2.0,2.0
06154e5e568b2e35c1dc4992e8e5d1d7786073a350b67ed115cef3bbc9ace32e411b24de1b2db3ba42bbf61c7b111d48e17d6af7022d186ff4c321885ba317e4,UNKNOWN,"DARKNESS, LIGHTED ROAD",UNKNOWN,DRIVING SKILLS/KNOWLEDGE/EXPERIENCE,2.0,49.5,2.0,2.0
06155892da9705a31918e42ed19d4773634906913ee4dbf7c5cd137f0257b0aa8b91afbe0e07a885a0daabdfb3de9e43274c77c3d0107029c7e637a79156589b,CLEAR,DAYLIGHT,DRY,FAILING TO YIELD RIGHT-OF-WAY,2.0,76.5,3.0,3.0
06157e97e68489766859f5c4e1b132ca8d13a8e9af64cfdf7ce69e4ff304aed419760de56760c15046319aec0f567e14e16244ba26a87561022fc8dd788c3367,CLEAR,DAYLIGHT,DRY,"OPERATING VEHICLE IN ERRATIC, RECKLESS, CARELESS, NEGLIGENT OR AGGRESSIVE MANNER",2.0,37.5,1.0,1.0
0615877f73b574359cf91efa2784dcede318180d88793b174470772f6627d37457d4198aaffe5df101fb1ec41c26a27f662596f2ad2768b907df77d0be2dd400,CLEAR,DAYLIGHT,DRY,FOLLOWING TOO CLOSELY,2.0,58.0,2.0,2.0
06158d612c81306d922a9dfb1c37d5f77ff27b12af19913e2d3d64fa6853bd741e3156f91488358e87fcec67533fe37649d38b42b7ee4a0786f0bb0d9d34b6f3,CLEAR,"DARKNESS, LIGHTED ROAD",DRY,DRIVING SKILLS/KNOWLEDGE/EXPERIENCE,2.0,37.5,2.0,2.0
061591324ac159d41d11f7faef577e0bdfd2542c5004f84f92c793c4a89918dfe94e475cb08660102a626277a819b0b1116fec906f337698623a196a932dd1da,CLEAR,DAYLIGHT,DRY,IMPROPER TURNING/NO SIGNAL,1.0,19.0,2.0,2.0
06159af77a1d2c054da11858616fe5db72b52335ebcf76056cabdd1e73318f5e9b986fa73b015a679b7bbf9ef8c4ab3a33fd9b3a399e858765d2c843e9714327,CLEAR,DAYLIGHT,DRY,FOLLOWING TOO CLOSELY,2.0,23.5,4.0,4.0
0615c09d5688d77e981111f696b23b8d4b6ce990882d61a925445916b436757aceaf38566dd89755604f12f1d08e32af4e9ccb3f62024e42b1fa5ee780aaa97f,CLEAR,DAYLIGHT,DRY,DRIVING SKILLS/KNOWLEDGE/EXPERIENCE,2.0,38.0,2.0,2.0
0615d5b8d7999d6f44bfb8f7555e879fee97be09c4482c552969c9a1cff0405adac59fa8de4d5fd267e285fea71ce1738a2aa3e148da40b7ebe7fd076be957e6,CLEAR,DAYLIGHT,DRY,FAILING TO REDUCE SPEED TO AVOID CRASH,2.0,59.0,2.0,2.0
0616142b5dbfa763474e44927eb49008f4724c5f718970f12e9335e00e6610a7876b708126473108e6c67bdf97b2822e27e9c284a75969708c5eaf1d2b3ce536,CLOUDY/OVERCAST,DUSK,DRY,IMPROPER BACKING,2.0,46.5,2.0,2.0
061619748931483a495543475bd13dcccab708b99e8c1fe25afff68475ebe637cf325b633819aaac704af4e6e08cfb77fa0acb9bfb2e90cc142bb7bc0859ca56,CLEAR,DAYLIGHT,DRY,IMPROPER LANE USAGE,2.0,37.5,1.0,1.0
06162885d92603712271735ddef3894d1400aaa4e9042147f4ef8ab56bb04b928511be13e8ef096fab2f0c011073d92b64b0d78bceefca69288c63ef38e14fed,CLEAR,"DARKNESS, LIGHTED ROAD",DRY,DRIVING SKILLS/KNOWLEDGE/EXPERIENCE,2.0,45.0,2.0,2.0
06166a758e6a1d9d1aa9dd8c2ebea1e3f84a0104af129b4ff4e8607360c8a0a44a9052d0460ba994c4c1cc868cddc25bf8fbc505149a1a685c557de1c4c87a8f,CLEAR,DAYLIGHT,DRY,FOLLOWING TOO CLOSELY,2.0,29.0,2.0,2.0
061671a050a18d3ad7464cc7555bac524801af47c05bbce2e81de736d247f43437d5615f0812bae5d2a1462d42876e88b59fe4e36bb17d5cc03941230f279590,CLEAR,DAYLIGHT,DRY,DRIVING SKILLS/KNOWLEDGE/EXPERIENCE,2.0,38.0,2.0,2.0
06168858910699835752b761b7c7df353c833076c9386cba4401de37b91e9a93eac9a140b9f19dbda68075d109f161cde4bad4724950d09eebd67ffee7a08fd0,CLEAR,DAYLIGHT,DRY,FOLLOWING TOO CLOSELY,2.0,28.0,2.0,2.0
0616bd1b48bf38e5f1c958182f537ddaac09c3bb7930e782a4fae638cf9029212b670769a01703fad7028e3968e8c435c6f5232f552508ed4464c8c259f3535e,CLEAR,DAYLIGHT,UNKNOWN,DRIVING SKILLS/KNOWLEDGE/EXPERIENCE,2.0,22.0,3.0,3.0
0616f7d9840a42eca1dd203fca59b930ae93acca822e412f124e1bc78a891046ecdf9746af9f57a5bd6e112f99a8c5def446c045acc70837dddf7ca33a23b820,CLEAR,DAYLIGHT,DRY,FOLLOWING TOO CLOSELY,2.0,34.5,2.0,2.0
06172d49bdc6729175dec9dfa4c66b7ed8d30681f167727e40c423cb2c230e62e423faa0713c27f24ff71851de10d268923dd44c903ae86031b2d3ba78244bca,CLEAR,DAYLIGHT,DRY,DRIVING SKILLS/KNOWLEDGE/EXPERIENCE,2.0,44.0,1.0,1.0
06175141b2ced7fb5ff831253e3d98805e9aae17d236b2fd99fbb33e73c4139355608a922c6db6e1cbd0bc3a739f4363675333d0f7139d3a80e4b570d0cf1b2e,CLEAR,DAYLIGHT,DRY,IMPROPER OVERTAKING/PASSING,2.0,27.0,2.0,2.0
061768dfa6c2824413b180710e9d9cc1c11d3e4c5f7e2607d9f3dc38fdcacd481e6480781f3521e5fcb2a26a5b697afe6c53f151e25b6da591db5100b762d818,CLEAR,DAYLIGHT,DRY,FAILING TO REDUCE SPEED TO AVOID CRASH,2.0,37.5,1.0,1.0
06176d7c4791a32eeae0625c813694e565faf95d84ad879667c2b10d3bed1ee0adaf65d68df48ce28937e5513775de7eb3beabf781b9ad0a09ff555ec8dac771,CLEAR,DAYLIGHT,DRY,IMPROPER BACKING,2.0,42.5,2.0,2.0
0617ce1ab3434395b23ef11c663b8129f15f28531d06cb3d99accfcccb15c83c17eee2e83adf52a845539de52da7ea053f247f3b1a260d7832a70f3eea835469,RAIN,"DARKNESS, LIGHTED ROAD",WET,FAILING TO REDUCE SPEED TO AVOID CRASH,1.0,37.0,2.0,2.0
0618021bb4fd711f475708a1c269d9814009b3f0e84408963ca9dec2442e2d02083bd66b1a23287f1c187b89ff59ed9a0b2a928f781de79191aabc112f755adb,CLEAR,DAYLIGHT,DRY,IMPROPER BACKING,2.0,67.0,3.0,3.0
061843e9a5ff50443846fa4244ce21d21c2e324286dc3508597b530eb306b4dba7d585367ec8ca30d2194ea72c2268b3241da115f5ba95f7fe4bb24ccc58e9a3,CLEAR,"DARKNESS, LIGHTED ROAD",DRY,FAILING TO YIELD RIGHT-OF-WAY,2.0,28.5,2.0,2.0
06186d923d210cd268ddf48a798f7e97646ed87985c1b1a521592d2551846d271d51752e848d229d6d4aa0963042a98e3fd58b9f11324d19d6e90134b8cb463a,CLEAR,"DARKNESS, LIGHTED ROAD",DRY,FAILING TO YIELD RIGHT-OF-WAY,2.0,58.0,3.0,3.0
06186e33b0c32b9704ea1f1b1872a9f6bbb28cc7f4df8945f09aba7767dcb1cc17e8d66434b059d78c28ef7c0d5dbab8490319be56aa4c821ff0102409b78526,CLEAR,DAYLIGHT,DRY,DRIVING SKILLS/KNOWLEDGE/EXPERIENCE,2.0,37.5,1.0,1.0
061879f54519d2d0e59bd4017f348bb23fc5a07fc7cfe9f381f236d355af9eed1c2e27a3231ea6514ea3dbc35244c0c08e07e1d9afccd0e452dbbc430743a084,CLEAR,DAYLIGHT,DRY,IMPROPER BACKING,2.0,42.0,2.0,2.0
0618a9500358401d7f3d70a66d677b00fae592d82401f70f3ee55e68e49fc39ad7c5d860552be710c48fecd7acd0d22e0493ba5e376ff1b591841d231cbbd0ed,CLEAR,"DARKNESS, LIGHTED ROAD",DRY,UNDER THE INFLUENCE OF ALCOHOL/DRUGS (USE WHEN ARREST IS EFFECTED),2.0,36.75,4.0,4.0
0618da5b2914aaed99d1b361982bb59fef4b4fbb37f4b88721ac26c8abbeef0bc18163f63583e89b9fd5b8e3c1715ad19ca2ea876c0489e39ad0be306a6f5323,CLEAR,DAYLIGHT,DRY,DISREGARDING STOP SIGN,2.0,23.0,6.0,6.0
06190ea2307983eb5587c389fce68f7585d679a27973d1960e4fa8c9e784518e74360ec55a60fa014d623c1f957fda0133f99aad4c042bb201e21ec956dd484f,CLEAR,"DARKNESS, LIGHTED ROAD",DRY,"OPERATING VEHICLE IN ERRATIC, RECKLESS, CARELESS, NEGLIGENT OR AGGRESSIVE MANNER",3.0,37.5,1.0,1.0
06191a52dea3d3c19af5e315861fb4cf772673677ec48218ac6b234e7543ab4404cbf47d94bf06c610dc56ee64f4c8f3076840b38c005f1432b2d4482fe1715f,CLEAR,DAWN,DRY,DRIVING SKILLS/KNOWLEDGE/EXPERIENCE,1.0,22.0,1.0,1.0
0619240eb30881087405d2310c6f3987336cd75ac995a63c9d80062a03ae597ca45264bb0e7b9f4932b6cc9487c9766fbe080468533b6bfb31eb3717b1e6162f,CLEAR,"DARKNESS, LIGHTED ROAD",DRY,DISTRACTION - FROM OUTSIDE VEHICLE,1.0,31.0,3.0,3.0
0619425b053efad4b98c7487920ee103594648dc623b8f17f27c0560b6041c7d6ee3919d40640c7af85fb330eb7a16ff71eb2d03bde7422537d72fa65c4c9ca0,CLEAR,DAYLIGHT,WET,FAILING TO REDUCE SPEED TO AVOID CRASH,2.0,36.5,2.0,2.0
061948ab1ad6f91014a33c40e9ed34dc173cc2859ffbaebc54be1bce0835bea4b727c7b6aa9cc741e36d401f383a0c33ab4def84503da45e73ce4f550a688fd3,CLEAR,DAWN,UNKNOWN,FAILING TO YIELD RIGHT-OF-WAY,2.0,55.5,2.0,2.0
0619626cd1455bc727f2254a3f39546a3585bc417aa11d00063248df8705b953911a04a95f1e2d001e44375ca4e3cfb80a36075586d6cea622d5571a00f8bdce,RAIN,DAYLIGHT,WET,DRIVING SKILLS/KNOWLEDGE/EXPERIENCE,2.0,52.0,3.0,3.0
061987dee3d3b546a25b6f8a93383a9dc4f02b0c04e1554bf79753f26e42e1b6efe1444fa8f735bdc6a5e0370c5c5415935169520a37aba1ef10b273b6a5ebae,CLEAR,"DARKNESS, LIGHTED ROAD",DRY,IMPROPER BACKING,2.0,28.0,2.0,2.0
06199a3138200af449b1c74444d132aeaf18190103413d9171981cc4478fd61a8f6fa2e6732988c9f541e352a0c1f8927207ad378f1af5077cea31c28ec7c741,UNKNOWN,DAYLIGHT,UNKNOWN,FAILING TO YIELD RIGHT-OF-WAY,2.0,37.5,3.0,3.0
0619ae3cc6a852bfe1e1c9b3a1c2fa7e6b0392e3600e6623b3c741b59791ebe6d3c2fc29e797c3cea3069d424f385f41143eb2a465e81aef878db89331067208,RAIN,"DARKNESS, LIGHTED ROAD",WET,DISREGARDING TRAFFIC SIGNALS,2.0,52.0,4.0,4.0
0619ae45df3ef644701732c633c46fb0ea9c453aa3309a11ab500bd63c740857a59c3981445583aa9b00b67b7d29701a0ed54dea459feabe7bcbabd7b3db4177,CLEAR,DAYLIGHT,DRY,FAILING TO YIELD RIGHT-OF-WAY,2.0,32.0,2.0,2.0
0619f0a07b18c6dc0a63078b0b527cfa4636a08569861f8f9673207300d233ef94f8590f9ecc0b76b1d3996f75d92bcc151b2ae9b10d4745372b6f3f758eef2f,CLEAR,DAYLIGHT,DRY,IMPROPER BACKING,2.0,37.5,1.0,1.0
0619f0b34af3772bcbd4d98ffebd1a60de8ae8de7634910692b360baa5b5e25b4b45560fa370079e24f995c5cc2adf397daba5d9d40a1c1605a5bc73c4990b61,CLEAR,DAYLIGHT,DRY,FOLLOWING TOO CLOSELY,2.0,43.0,2.0,2.0
0619f76b22764f05bdae41e617e56cf2828c494fe837e0b547a54229114a242690bdf31b6d0b6fff4a967908915479de60bc5ccdd6393b3eef04cbff3c8d38f3,SNOW,DARKNESS,SNOW OR SLUSH,FAILING TO YIELD RIGHT-OF-WAY,2.0,39.0,3.0,3.0
061a1732adb16468ed2d02159ab55a0ff58cee896dd410c13fc2db405e0b4608f3f40d609f5e795299bf90d7795afc4c4edd7908e65723aa6035726fda59ee26,RAIN,DAYLIGHT,WET,IMPROPER BACKING,2.0,32.0,3.0,3.0
061a4b74bc28642e1433bd35ebf3bf4130a9fa5109ff744484bae05c7476c7aebd201573c80ec9de4f68542dc0793c0f1087b5abf6c306ce53dfeea1fd36bb2e,CLEAR,"DARKNESS, LIGHTED ROAD",DRY,FAILING TO REDUCE SPEED TO AVOID CRASH,3.0,29.0,5.0,5.0
061a4b8c0d980b418d2368995e02c76da414a7b2f2cf603ca05042127e5ba32bf6b40b0b88d19e158aaa4ad21439d5b98c45c98bbc0ce35cb98d896e58190ba1,SNOW,DAYLIGHT,DRY,FAILING TO YIELD RIGHT-OF-WAY,2.0,30.333333333333332,3.0,3.0
061a599e448499e098f9eb6c83af72e298cc0e864158bc05c449deb47eaeff8083967ff9563c54552357e57862d5e203c9072f5496977085992de49fbbeda068,SNOW,DAYLIGHT,SNOW OR SLUSH,WEATHER,2.0,31.0,4.0,4.0
061a654e99523045c29b9c58730928c3af26e5ef7456d8a2219c9889b86be9e69dda0ec897541516e210539dfaebc133a0dbc462d86df757630cfeb0052d27a4,RAIN,"DARKNESS, LIGHTED ROAD",DRY,DRIVING SKILLS/KNOWLEDGE/EXPERIENCE,1.0,19.0,1.0,1.0
061a8afed13e80ed8f4159b71e5cde5282e245fa7b788920ddb5cafc8ec39b4945f4119e853f299dc1ee72235308de83bb50d2536d43e67fd5f287fa73667372,CLEAR,"DARKNESS, LIGHTED ROAD",WET,FAILING TO YIELD RIGHT-OF-WAY,2.0,34.5,2.0,2.0
061a98331c8872b33743bc3987a1be1bdaa9cdc48e2b50f314d2d9d13292b095e7bcb3354aa03e6a03033940c18117a6e22977601859177fd4f0bada791dd652,CLEAR,DAYLIGHT,UNKNOWN,DRIVING SKILLS/KNOWLEDGE/EXPERIENCE,2.0,37.5,1.0,1.0
061ac89de7a5409a4d9e95aa44167ad3ba2ad6f0f05888ce8a07ee7fae19140e3f489824758134060648dada6ecee39cb9d18342f217ca3808eebab7c6125cb2,CLEAR,DAYLIGHT,WET,FOLLOWING TOO CLOSELY,2.0,33.2,5.0,5.0
061ad010b74d4b5e6dbc095dcd196fde9554e8f89e568421a9171a9ed583a3120a77ff603f7681b14cd582385b4cfba8a43d8923378dd65b75bf8b22b7d897a7,CLEAR,DAYLIGHT,DRY,FOLLOWING TOO CLOSELY,3.0,54.0,3.0,3.0
061ad3b710bb1a42d88646ce4f7252b5d9e7ec563e6dfbb595a02bb1ee261448c6178735bb96ed5bf332eab7b5617ad3927e1ff5d0fc70ffe1888f44c5cd0a38,CLEAR,DAYLIGHT,DRY,FAILING TO REDUCE SPEED TO AVOID CRASH,2.0,37.5,1.0,1.0
061ae63609f55c80d3733af1445b73f52b29d48308ce8253fc9a71abac4761f3653338c7889cc03db020cc5547fbebae357a64950358f4d0d57b85bd60e5b1a4,SNOW,"DARKNESS, LIGHTED ROAD",SNOW OR SLUSH,FAILING TO YIELD RIGHT-OF-WAY,2.0,30.333333333333332,3.0,3.0
061aea1be2ae5c0723768ce2a3c5f3a35c52b1aaa55c3669c763c1aba26fe5704398bd754af9edc40aaafbc2869e433063157ae6d97ef8fa89927292d79069fe,CLEAR,DAYLIGHT,UNKNOWN,FOLLOWING TOO CLOSELY,2.0,35.5,2.0,2.0
061aea460a0bd33512739951d1bb1934ba992e33b58a35b24b68ebde852ae903505397a2ef54f4f2dacd17d9d010b2885dc30d69e6da915bcb4f9b0a32bb67aa,CLEAR,DAYLIGHT,DRY,FOLLOWING TOO CLOSELY,2.0,21.0,2.0,2.0
061af72ae1dadf2af4babd563b7679662169489a2025eb5efbf8d1e0d287b2f7f63df111e063254748c071022885dceab10cf109fbce4857383d08fb3a0f1a5b,CLEAR,DAYLIGHT,DRY,IMPROPER BACKING,2.0,39.0,2.0,2.0
061afb6b36849439e64ef45d1775d72812889732865c9aa522af0b2f28cda248dee64bba0242f70e0a7a4b0490bbaacb7f7649a09fee08b5a26043142fe8678d,SNOW,DARKNESS,SNOW OR SLUSH,WEATHER,2.0,37.5,1.0,1.0
061b138eb1a66fadca0440001e08915d7707828c56e98ac8a8860de2261e01ac0d8581d6d33433da941291d23936de824b381586bdc0d4d1dcd9390084e716bf,CLEAR,"DARKNESS, LIGHTED ROAD",DRY,"VISION OBSCURED (SIGNS, TREE LIMBS, BUILDINGS, ETC.)",2.0,45.5,2.0,2.0
061b15e407d01358071c38da4367f9f62b6e90c0e92e40b0beda556e242345e3a489d146b50b7166b6d445d598b65a80ebfffef6202a30455c04b342de8e5eb6,CLEAR,DAWN,DRY,IMPROPER BACKING,2.0,37.5,1.0,1.0
061b17e655e875cd54f62a4b1b9e57b2978e84849902c6581134734396d83a139aa74dd940b607825cbdaa0065dda54ef99af84e95575964ffd2d89b0c762293,CLEAR,DAYLIGHT,DRY,IMPROPER LANE USAGE,2.0,31.5,2.0,2.0
061b2a8e4b752f438fd150011dd076fef18f411305b488f2aee4b4d8e4b969cf4a4dc4f804eac040cd77a12d88c54542f71c1bceb26e6aca1c7646e888244ec3,CLEAR,DAWN,DRY,IMPROPER OVERTAKING/PASSING,2.0,50.5,2.0,2.0
061b52520de0afbb8a1d2ee482318e243c479cf579efc596f515c815ef06966b5759169804be88818644c8b329e59cf3ee13fd8cd509f03e09482b86bf6e364d,CLEAR,DAYLIGHT,DRY,FAILING TO YIELD RIGHT-OF-WAY,2.0,34.0,2.0,2.0
061b5ea4f1aff8a79060de585c9c6a81cceb2fe87af64daab1d97e35a94293c3d6625d9150bc7aa7698599cc14f10b2037d05ec6c21d233675ee912b6186268a,CLEAR,DAYLIGHT,DRY,FAILING TO YIELD RIGHT-OF-WAY,1.0,47.0,2.0,2.0
061b70aab9cfdae36330e9632ab64accd2be264946faa17ce13b2abda76f73dd3fcbc3f9fdc62e939dfe891a9d5a26ca50152fc4d17c4878fe1973759657a044,CLEAR,"DARKNESS, LIGHTED ROAD",DRY,IMPROPER OVERTAKING/PASSING,2.0,39.5,2.0,2.0
061b780efd62c4510113ea201fd553a865dc09a2052e70ec40c8537b92b8de528d867e024ce6303e75223ddf871f698a2a20a62664dcee86d2039724504b4a6b,CLEAR,DAYLIGHT,UNKNOWN,IMPROPER OVERTAKING/PASSING,2.0,28.0,2.0,2.0
061b886cb8bf667e105579a59d789ce6034fc074e98866d86b767738efcc72ca0a85976cb56fdc06d6a6283c32da548d610aad60270561183825ed9b33b075ea,UNKNOWN,DARKNESS,UNKNOWN,FAILING TO YIELD RIGHT-OF-WAY,2.0,42.0,2.0,2.0
061bc357c158eaf203ac8abf8963df01cb469ee322471e8fd887c44afc2a34cc8ed54f5c2f913a1825b8c5532cb1631e943c54c966447b381274126a39e00600,CLEAR,DUSK,DRY,FAILING TO YIELD RIGHT-OF-WAY,2.0,35.5,2.0,2.0
061bcbabd781b7f53d8861c06ae8b75805eebad2cf0a5f7d33f9848b93307c2e385b23c542a51e25e5d6fbff073da92e25c00f80b8be8c26c055071a2ce2e455,CLEAR,DAYLIGHT,UNKNOWN,IMPROPER TURNING/NO SIGNAL,2.0,36.0,2.0,2.0
061becd81f018b60c6fb99ccf6eea2372ad411587335171e13a8a0d954d46bebef8987c97c620f6ed6e521b779fca261f5ae520765aa571e48f06e5997809569,CLEAR,"DARKNESS, LIGHTED ROAD",DRY,FAILING TO YIELD RIGHT-OF-WAY,2.0,35.0,2.0,2.0
061c0326146a497fa9e732070898e3c5fb04176df52562a879c8a38f02be35b9ece99b5b9b8db11c99ad9ba6c1a1db421d1ca515adb125c28cf29a92a6558edb,RAIN,"DARKNESS, LIGHTED ROAD",WET,WEATHER,2.0,29.5,2.0,2.0
061c04dfde8892fef6cb7afe37704fecc7e9776261bc27f9872e1f28b436e5598bc7e6ff50a186325d3ebd0d0518521e7c39965914d5a6aa630a583d91a750b6,CLEAR,DAYLIGHT,DRY,DISREGARDING TRAFFIC SIGNALS,2.0,21.333333333333332,7.0,7.0
061c11c154b27c14900697a1533dc32a52b2e224ea82e857e5b05f688df14d7e2ccdc06c3b774080ff64aa36ce0c546f99f5b613c35da750c9e9faacda252a99,CLEAR,DAYLIGHT,DRY,FAILING TO YIELD RIGHT-OF-WAY,2.0,24.0,2.0,2.0
061c121551c9dcb8d566b1f8c6c559d802a8fbd74394ba2f239432f2382ffcc3110a7e8e65014d687ae2b594b69e81b7c760674da363508346e94eb09cb30460,CLEAR,"DARKNESS, LIGHTED ROAD",WET,IMPROPER BACKING,2.0,19.5,2.0,2.0
061c13f4cfbfa368a3a2dbb372fd113fc1bd88a34a23077ff452dc0842dcd62ea77790359f4d0dd2f929ea1fd1c5d871112139ddf22129b834107a2c5e71c77a,CLEAR,DAYLIGHT,DRY,FOLLOWING TOO CLOSELY,2.0,34.5,3.0,3.0
061c275adb9639bf6ffc15bd325e193147148dbec77e0bc41e5f1fe56af89cd65979b62c4b063be6fec0e8eb0951259a291bbddc8e93fdef1dad0baf6cbb1c9c,CLEAR,"DARKNESS, LIGHTED ROAD",DRY,IMPROPER BACKING,2.0,37.5,1.0,1.0
061c49872679955a7aeebe1ce64a99b24bf7f82504a4bb28989a8d08daf8c62b8de225543ceb46f01b22e2efac1e9e4d38dd1e2272b157ea1ff810ef2d142cc7,CLEAR,"DARKNESS, LIGHTED ROAD",DRY,ROAD ENGINEERING/SURFACE/MARKING DEFECTS,1.0,28.0,1.0,1.0
061c93457bbdbdf31512d0081ec1acb94579ba3fc4192ce38c6c821d789efb368d31064a7b120a60c1d81c4c100734d4a2bf28ef1bc7908227bd8f93bc77c9e7,CLEAR,DAYLIGHT,DRY,PHYSICAL CONDITION OF DRIVER,3.0,44.0,2.0,2.0
061c9bddb7d7a808f4a95e111464abffd5825f18c6e28b45fbe222f13448a9acb38068f7c6f671317b6143daf24d1e7547ade9cde057fc7cc992499de8b0e2bc,RAIN,DARKNESS,WET,IMPROPER LANE USAGE,2.0,28.5,2.0,2.0
061c9c3d442ed38674c6ded9bd3829c007abb8d5f137c76361e48a09fe285e3faff390128c94914a3bac87b50056b6d42d27ea07f5b6aecf3a07b022074d60b1,CLEAR,DAYLIGHT,DRY,ROAD CONSTRUCTION/MAINTENANCE,1.0,27.0,1.0,1.0
061ca8648d5961211f90947cdcb422079cc8d9dc0e0bc2e28b376dfb272b2332208a2778a7d5f15663d0ca82f94ec9a9217e49333daf8b15a3ff1929933a34ce,UNKNOWN,UNKNOWN,UNKNOWN,IMPROPER BACKING,2.0,49.0,2.0,2.0
061cc12aea64f6ff96248a0f76a8878b2690987839e15ff251ccc25ea4c20a632389c6125be7f8b91b2d1911663d24d064cae09b2452cf8b5301fcee0ef7a6f8,CLEAR,DARKNESS,DRY,HAD BEEN DRINKING (USE WHEN ARREST IS NOT MADE),3.0,37.5,1.0,1.0
061cc764df0099e143f526fffcb972ef8abe2936a4827ef700be882616c8531b1a659056254ccba0f8660b91fb4fabc67524d4c752cfe60d24cab2652a06ee02,CLEAR,"DARKNESS, LIGHTED ROAD",OTHER,DISTRACTION - FROM INSIDE VEHICLE,1.0,32.5,2.0,2.0
061cca7f60857e830316b53809cb15274247fc7335791ebf36ce9b64bf707a4bbeec315b1615b8dea68521c73d5246935a6c5f41b51d51b7ff76d0a2dcfc5b50,CLEAR,"DARKNESS, LIGHTED ROAD",DRY,DRIVING SKILLS/KNOWLEDGE/EXPERIENCE,2.0,55.0,3.0,3.0