crash_record_id,weather_condition,lighting_condition,roadway_surface_cond,prim_contributory_cause,total_vehicles,avg_driver_age,total_people,total_injured
061ccfeaf1fe92d873e92559ac69e4a9cd3a783146ee46aedf768193c958c5e78d249e7b3084dde050958839eb9a5b2ac16e0da3b776cfd48a8d9256f412c593,CLOUDY/OVERCAST,DAYLIGHT,DRY,FAILING TO REDUCE SPEED TO AVOID CRASH,2.0,51.4,5.0,5.0
061cd0256d2de65491934dec3cbd90fd6163a51fe234750e8da62390ad42cb2989fc43526232025c27d751606347b741dae2f0a0bbcd0be3d855ef145ad6661e,UNKNOWN,DARKNESS,UNKNOWN,FOLLOWING TOO CLOSELY,2.0,37.5,1.0,1.0
061d47d5f26113e567244bb3445e7564866cea42d34d743771cb38094d8593db879d182dcadc66fffa8d7623b15039996c733ddbdd42e08b55125d5772117d97,CLEAR,DAYLIGHT,DRY,IMPROPER OVERTAKING/PASSING,2.0,40.0,2.0,2.0
061d4a1e6577c8012ce1f50f7cc459b511baa39a354ed77c01a40ae09b697b0c7b81c47ff439b966889e1bbda7fedb7fc23378ec8468274004ba2eacaf633820,CLOUDY/OVERCAST,DAYLIGHT,WET,"EVASIVE ACTION DUE TO ANIMAL, OBJECT, NONMOTORIST",1.0,18.0,3.0,3.0
061d519ef6359b45b72fd8b6208fcb33b1f66d878c448bd337cb632763aa918e1ff533c46cd6ccd7c503533ad31fa38e9b56d043c0e147e35fa5028a30b07b2f,CLEAR,DAYLIGHT,DRY,IMPROPER OVERTAKING/PASSING,2.0,37.5,1.0,1.0
061d605bc3e8e0d07ec1341714193a0aac71ca932d1e4827c0182391819dc731fbcedadbb6b038fdb62e4608780d7e9c4a4d3019a821b72c799e50b0dcb050fb,CLEAR,DAYLIGHT,DRY,IMPROPER LANE USAGE,2.0,42.5,2.0,2.0
061d66235cc3e55916328d4aaaf588cee9a28e84bf41f33a52c0a9f7f659fa27cdebe713e8be85959f4f587cf6db3d7de006990f0a24ce4b49395117e0716ec3,CLEAR,DAYLIGHT,DRY,IMPROPER OVERTAKING/PASSING,2.0,43.5,2.0,2.0
061d6c7e69ca191cda4244f247476a61029a05fc3100cfa454cea1002ab2e132c0e2fcf66f008933de88076ace6fa872d85c55d54fc3941b3b88b0f8c7bcef18,CLEAR,DAYLIGHT,DRY,IMPROPER OVERTAKING/PASSING,2.0,48.0,2.0,2.0
061d8e631b7d2ab695dcdc1cfa66df5d18b72a37691ddd5b15af12463923f1a99f939b4fe8df63b2c67832ff61773e884b88021b75f0465e4f9b39e6e97f2312,RAIN,"DARKNESS, LIGHTED ROAD",WET,IMPROPER TURNING/NO SIGNAL,2.0,21.333333333333332,3.0,3.0
061d96c2f94d0ee5df4c64705ef7c947516d2a753c35f624aec0c686fbb9c8484827c169c006982db45424febada0d8add09c4c1dcc2b3549ad0137e92f4923f,CLEAR,DAYLIGHT,DRY,"OPERATING VEHICLE IN ERRATIC, RECKLESS, CARELESS, NEGLIGENT OR AGGRESSIVE MANNER",2.0,44.0,2.0,2.0
061daee111088aaf84df1bcff9c3fd2885db0d8fded764551e3923328a56313a487807c3a704c9679fbd6526add8325a289e6117c34f8139e1538df516936233,CLEAR,DAYLIGHT,DRY,FOLLOWING TOO CLOSELY,2.0,57.0,2.0,2.0
061ddd935d1105874b890d1bc89a9eebc4c94e263c8197691480db3dad4e42cedec81e17780ccac58d8053f87a8c71b35b742d2761746b8ce438ca42a25987af,CLEAR,DAYLIGHT,DRY,FAILING TO YIELD RIGHT-OF-WAY,2.0,53.0,3.0,3.0
061de527820151775eaba6a7537e3fad6ebbefa7806cd78a9559348af50f4631fd441d47fda2c508b91a9d14a6cd80b164c0e8ea7113b86062573d2be026cfce,RAIN,DAYLIGHT,WET,FAILING TO YIELD RIGHT-OF-WAY,2.0,57.5,2.0,2.0
061e0b0c55e83505ce44a9dbd991d226603eaeffe4824a0e587081eca3e033e8c5cae1c43972c3ff0261d02df0893429887f057cd42f699a7bd7aeec7a7119be,SNOW,DAYLIGHT,SNOW OR SLUSH,DISREGARDING STOP SIGN,2.0,41.333333333333336,4.0,4.0
061e3ab53ff50c3ec3efbe31015ff40c10a7b2473ab63ec68547d09bf8317c98949295e0d8ebb7521747f1b3dc8e7feb2ce7e9b08218d302adc8545b254fbb76,CLEAR,DAYLIGHT,DRY,IMPROPER OVERTAKING/PASSING,2.0,36.0,3.0,3.0
061e4bbc2114e23a3f8c117e93062514e168dcc134c99e9247ab549d553ba94a0d70079f28c95df53137869b79e5dcc4c649792fb240ba53e6f6ffb0747724fc,CLEAR,DAYLIGHT,"SAND, MUD, DIRT","EVASIVE ACTION DUE TO ANIMAL, OBJECT, NONMOTORIST",1.0,48.0,2.0,2.0
061e76d9b8d6d627807176ba538376d3415f4a152b4f38646df2b21116fac3cea42124e662e1aa5439d1944016894bfdaa5863e8b10256b71956386e4c826136,CLEAR,DAYLIGHT,DRY,IMPROPER LANE USAGE,2.0,32.0,2.0,2.0
061e9ac667b89a3ce8b29ed76baa3e01d2646908eac23a9515cd087c468a8b26bbdbcfdf28901ac7d09edfa60cb64381ba8611995a64cb4059669e12888019db,RAIN,DAYLIGHT,WET,FAILING TO YIELD RIGHT-OF-WAY,2.0,26.5,2.0,2.0
061eae9b7e380540bb8b3a5c3807d4a7336f003641c39b14e42a90eb6bfe80c9134d663cd8ccfbe43326f77198b542cc2f6df88c87be6f75d3a5b7fd5d1639f6,RAIN,DAYLIGHT,WET,DISREGARDING TRAFFIC SIGNALS,2.0,26.25,4.0,4.0
061ef6055e3a41489fd6b26471fb04ed65421ed7f2b765f2bae89dccc065069a0415633dd0a71f27bcc1ff2a421bcc0329b326e17f6977c5cefaf934a89a74d4,CLEAR,DAYLIGHT,DRY,IMPROPER BACKING,2.0,37.5,4.0,4.0
061f15d256d7b1ed5b99101478e05bb91c0ff919546b5f8d7d7ada50eb3278b0a1eab7087ce073ac8dd0ea5148767f11901dbb69dc873d172beaf375c579952e,RAIN,DARKNESS,WET,FOLLOWING TOO CLOSELY,2.0,20.0,3.0,3.0
061f3ea06c63f8318bfacba4a461c620ed3ed82dbdd79b899ee8f511c426df36c5b892e4f7c6dddda1d55607ca41a333d9fb012289a998db26b1871ff6721127,CLEAR,DAYLIGHT,DRY,DISREGARDING ROAD MARKINGS,1.0,49.0,1.0,1.0
061f5c7b406c5c21a7a5a907a2dddc5c934af117650bade7cdf83dc1e72736fb6be9a03b709ca3d61eb2156310c7ceecfc4e94b86fe8b0e7931b5dbcdd5bf9b7,CLEAR,DAYLIGHT,DRY,DISTRACTION - FROM OUTSIDE VEHICLE,3.0,39.0,1.0,1.0
061ff4602a5b3d5b8e7da3d9a6a655ae077d6b4b0719b3f9ba132a6374b89277129a4fe996f08125a89b860e8e75b238d75ccbfe6d6e6bf4148b8fc1e0b48c84,CLEAR,"DARKNESS, LIGHTED ROAD",DRY,DRIVING SKILLS/KNOWLEDGE/EXPERIENCE,2.0,21.666666666666668,3.0,3.0
061ff827a67c98c051effb823b7fecca47d0e61aebbac7ab140eaab65b9e00b119426bb0cd1d7f25e3612a8e0bc293707c160cf3b723f671870c408b872c6587,CLEAR,DUSK,DRY,FOLLOWING TOO CLOSELY,2.0,44.5,2.0,2.0
06202ddb4cff5133dd11bb3b7affb13787f1cf53a1bc9f9832e56505804c20e720dd95a6b489a7e765e428b897fa72766b5ee2bc9537ba22e1c256dcd4236d5e,CLEAR,DAYLIGHT,DRY,FOLLOWING TOO CLOSELY,2.0,47.0,2.0,2.0
06203b5c782fbc42998242898b7fc37253305b9cf19345a176c57911eeac394262c4970cd7258d9b6323dfe116d414cb35a074cc8dab806b2ab02704a6b4c7c7,SNOW,DAYLIGHT,SNOW OR SLUSH,WEATHER,2.0,20.0,1.0,1.0
062062cb60d6de889bdd7c9c5cf4d6d73523b255910994e03199cef2c63048dc20b478b9882a29240af728a7b7f839a6ad44986e533b0e8d10324bb43ed204e9,RAIN,DAYLIGHT,WET,FOLLOWING TOO CLOSELY,2.0,33.5,2.0,2.0
06208f92bd6bf65e5900b8c6f4daedc5dbd42539e922f30b723be06aa75333d2b4a5b45e49c76a3665c4a385729b98ad13421cc036a81525c5d1b54b19d571a6,CLEAR,DAYLIGHT,DRY,DRIVING SKILLS/KNOWLEDGE/EXPERIENCE,2.0,37.5,2.0,2.0
06209f250c443f73e0bdbf4864947cd66b4ea093882d258265d7d3bdf4911b9e794283f183cec09b30216f6b02a4656d617d48c98d4f16fac2033874c8716bb2,CLEAR,"DARKNESS, LIGHTED ROAD",DRY,"OPERATING VEHICLE IN ERRATIC, RECKLESS, CARELESS, NEGLIGENT OR AGGRESSIVE MANNER",2.0,64.5,6.0,6.0
0620b84f6b74afc1a57d3e96370c48692e7562f47d1946b6c74cab2523cea592b8773c2b0dfe90b8d70ee1dcc3d8ae7363445118e3a4f655768211bded9fd157,RAIN,DAWN,WET,IMPROPER TURNING/NO SIGNAL,2.0,28.5,5.0,5.0
0620c8687fdeff263b0e1b700d493c6deffe50912664244eda07017d1bb8061cfedab98d91b89e70f352d8526916fbdaba17162a766cdcf00a5ddf38dfadaa95,CLEAR,"DARKNESS, LIGHTED ROAD",DRY,IMPROPER OVERTAKING/PASSING,2.0,56.5,2.0,2.0
0620d5f2089c8dc2b65697afe014768f5d238b77f39cfac24cfdc2653982277e7a79a4c4fb24ecf2de20f6ba18e2ebbfa978e6669865d13687ea12e068fec22f,CLEAR,"DARKNESS, LIGHTED ROAD",DRY,FOLLOWING TOO CLOSELY,2.0,30.5,2.0,2.0
0620ef2f09b6ed16ebf0ce2c30a1c72f1529d9eb2262cf5964ccc380d72fcb6b49ca36ae1fd8303eef86c9a9eba633c5d2323632a3b8a2aae32781c33163d32d,CLEAR,DAYLIGHT,DRY,FOLLOWING TOO CLOSELY,2.0,58.0,2.0,2.0
0620f1df7eefc1bcd237b349f8e3c3b31b391e3d26a608f7d40555f2ec907a688b1bdb24d0a3bccf20f710d5d2c6ef34f40d34bddcd7f39ede419537b8363a4c,CLEAR,DAYLIGHT,DRY,FAILING TO YIELD RIGHT-OF-WAY,2.0,18.0,2.0,2.0
0620fa3c5b32af412fb0f7a29b311d4cb15cadd918c621f78cadc6d869179a4d2ad9f3ff0c9d486aa20395d1d47737f8e1016d4d542a36aa9ccd4e1758d09e7b,CLEAR,DAYLIGHT,DRY,DISREGARDING TRAFFIC SIGNALS,2.0,37.5,2.0,2.0
06215771c67ed6c3d9d061ac600605bd66529be16618b4880f56254bf882e748ebf807dd4792f0dee0d02875e2ac7c79ee9fed1e391306980871a86104cbd74a,CLEAR,"DARKNESS, LIGHTED ROAD",DRY,FOLLOWING TOO CLOSELY,3.0,37.0,4.0,4.0
06215f7bd9ce89e746e9195f1c24ff00c82d52c8c3886ff914065156306648ab3053be596d106f6dd9686123e9a31d5be46063b073a9c99b58012948b32c5a0b,CLEAR,"DARKNESS, LIGHTED ROAD",DRY,"OPERATING VEHICLE IN ERRATIC, RECKLESS, CARELESS, NEGLIGENT OR AGGRESSIVE MANNER",2.0,42.0,3.0,3.0
0621accfddc4c4240df2aa015ddabc6aa2503f5f4d7bf1938ad536cf757edae4fa6115a11b249d5354240aac4adb2e363d8223aa3a3946b22f8e3dfca50bc1ea,RAIN,DAYLIGHT,WET,FAILING TO REDUCE SPEED TO AVOID CRASH,2.0,46.0,2.0,2.0
0621c12453ba7ed2ab2b22eb51857e04ce998dbfe5fdba45837bb4f9ff4e9e82c12adfaf57ccc5df1e669697ff93c0d562c8e443bb66769bc9db85545bae9ead,CLEAR,DAYLIGHT,DRY,FOLLOWING TOO CLOSELY,2.0,40.0,2.0,2.0
0621d80572a28e191eb27955279a4d10c76ccc6b0bd7871a8f2c03eeed4b497f8089b688cf71af4798242d98a4eadda5bfaf81f4107680f4a0f883547fd3f79f,CLEAR,DAYLIGHT,DRY,FAILING TO YIELD RIGHT-OF-WAY,1.0,26.0,2.0,2.0
0621e3f91c0143dd2c059288b9ee8719f2cd095e21904b783e233c034fb92915bf749dcae788c82842fa72b50adc6e1fcff3d82a8b5a255ed4e62fa204087c75,CLEAR,DAYLIGHT,DRY,IMPROPER OVERTAKING/PASSING,2.0,37.5,1.0,1.0
0621e7b4531eea1638ac0b559af2ebb8d6536ffcd84519b497efab3fe3d5e79dd140c01bcc8a3bded2573a010748eafa80c0ceb062ddbfa6453e98fa365a5da0,CLEAR,DAYLIGHT,DRY,FAILING TO YIELD RIGHT-OF-WAY,2.0,21.0,3.0,3.0
0621ef3d038e958a13b69082e90d495ea997590edf101b3bf1e04ce3c5d1f53fed70a009ce8f6b5dc5876d8b289da2daf593d303fbf8385c955e2fc03164554c,CLEAR,DAYLIGHT,DRY,FOLLOWING TOO CLOSELY,2.0,41.0,2.0,2.0
062210739c5cf6d573cdf6f3e7f843468711fc3460e67380dc990adbaafaf680f125b0222873b467067427988a7a2e9f692f4cd94054b5191641f32b426cb79a,RAIN,"DARKNESS, LIGHTED ROAD",WET,IMPROPER BACKING,2.0,24.0,2.0,2.0
062234b04882a8a53d3ec03c73ff07e7138ca0c031cf6b853a450d17376eefec33ddeda1d02e4128aa62bf2889b8a12c79cd70c37589efdaf4459f92a6204356,CLEAR,DAYLIGHT,DRY,IMPROPER LANE USAGE,2.0,39.5,3.0,3.0
06223bd5da77343c0e5e034fef3cc617f971e4ea237edde24a83729ec268fba3b93ca06b7da5bd3f3c23a1742aa54064c2987e59ccb66100b5b4f604efb56fdf,CLEAR,DAYLIGHT,DRY,FAILING TO REDUCE SPEED TO AVOID CRASH,2.0,12.666666666666666,6.0,6.0
062241b6fabdcb43d479ee87d7992597f9ecad3b91af53b74df77d1b7fd16940927c93beb877d70730f50718f67d11296197046648d4234e29e9d0b93fb92c71,CLEAR,DAYLIGHT,DRY,IMPROPER BACKING,2.0,34.0,1.0,1.0
06225f557d05f021c42eeb9703e1c3fe2000029f322cc25e9f2545b5a0dd0c348a480602e4f63fca98668e6443fcd4ae5b67829dbab6dd822959861b722d52dc,CLEAR,DAWN,DRY,IMPROPER OVERTAKING/PASSING,2.0,37.5,1.0,1.0
06228032805b6cb05ba4337f6ac1b12adfd28617056fc1db7acfc413b254f257af93f3f289b3b129de6cbc2d40ed5da2ae1ca7c52072bffe0fc1605feab349a3,CLEAR,DAYLIGHT,DRY,FAILING TO YIELD RIGHT-OF-WAY,1.0,18.333333333333332,3.0,3.0
0622829897326cc67ccc2f13638f9157e8a3814625632a421d27a2b6f2958edd4ba0b36351608845783e19c36a26204d7902cc47a769052a6ab8356bc592f945,CLEAR,DAYLIGHT,DRY,IMPROPER TURNING/NO SIGNAL,2.0,37.5,2.0,2.0
06228ec2004919ffc43adcc2d7f7edebc2c05b0f365951e3fff22bcdce56ea9a7c434af9a552b1988620106f90980e34eab865337b50eb7eda7564fb22e9326f,CLEAR,"DARKNESS, LIGHTED ROAD",DRY,IMPROPER BACKING,2.0,37.5,1.0,1.0
0622902864920503da80500805d4566969e79213716b24bbd6a12633943180e925d6d055254952ad5856035f4d5e0d6b912cff4bb3b4908c871f72b001730423,SNOW,"DARKNESS, LIGHTED ROAD",WET,IMPROPER OVERTAKING/PASSING,2.0,41.5,4.0,4.0
0622b3c48bc1e9595916b39ef84990ba7df2aa6151b35fc103b935f425a21bad0d8760262e4702010e1e7e7f3924f52b6cefa3992a362210cc48f80e653a1279,CLEAR,DAYLIGHT,DRY,IMPROPER BACKING,2.0,22.0,2.0,2.0
0622c1f67c30642040a298de898e58462e5790c08cebcb3997a7286272234fda62473ec0fc306e1dd845f9c3a3dcd3b6b718898cc119076fd584cc5e9cd3af44,CLEAR,"DARKNESS, LIGHTED ROAD",DRY,FAILING TO REDUCE SPEED TO AVOID CRASH,2.0,35.0,2.0,2.0
0622c63876cf3e378091cca91891a2773dd3a8b162288e4c01c3355cb4d4c1b30c2448f4be6a11034645b674e9a8ba5581bbbb0b1641d22d084817c8eec26d52,CLEAR,"DARKNESS, LIGHTED ROAD",DRY,FOLLOWING TOO CLOSELY,2.0,57.25,4.0,4.0
0622dfb1e28b5dadeabaecf25039813c5e340d2193556c0146a4ea2f3999c9c0f85b4ff5d2e430058803e214ff32bd6e897d7fbb56e989651668fd7044e47cf2,CLEAR,"DARKNESS, LIGHTED ROAD",DRY,DISREGARDING STOP SIGN,2.0,23.0,2.0,2.0
0622efcdc104c8e1a82f79092e4a202162d5f2fd4eafbf644722e3946a10234f908dabf4cc218fb20cdaf99559cfe3cfbf3f53e12afb489f5e3a4d195ae29d72,CLEAR,DAYLIGHT,DRY,FAILING TO REDUCE SPEED TO AVOID CRASH,2.0,48.0,2.0,2.0
0622f2cfe998c5c805f274dfcc8baf5855fe6b974ed2b4d698c12a747d9d14725b58b66000c6f111d81a9bf2e938c152166dec946e0ae46561ac268f836e5481,CLEAR,DAYLIGHT,DRY,IMPROPER TURNING/NO SIGNAL,2.0,26.5,3.0,3.0
062310e21510771f5bae244e0af43f62f6d2d4bdcee03805578427216190705f46cfd3be15a61c4f6e54f7903db2a6526054fe75cf72669969ae06e6ea8114e5,CLEAR,"DARKNESS, LIGHTED ROAD",DRY,IMPROPER OVERTAKING/PASSING,2.0,81.0,2.0,2.0
06231d51247342b2c89173aa38dddab7e4da3f6d458e3203a9f1ebecd954ec72f9c4d0f068890e61f4eae45075f485d5397b6c682844ab4edd1f4ee265e2fc9e,CLEAR,DAYLIGHT,DRY,DISREGARDING TRAFFIC SIGNALS,2.0,61.5,3.0,3.0
06232e710d1dcbcb18ee4b583c444305551173043460d4beec7df5082f10ab496bbe1a17906efb43ab858ee7393f503e8ea28ff180ca2ec3e7f4e66fd88ae632,SNOW,DAYLIGHT,SNOW OR SLUSH,IMPROPER TURNING/NO SIGNAL,2.0,44.0,2.0,2.0
06234a522720070abec103a1d6c2c9bca1101e3f52648bb6824399c6ea840e7193ad5d4a5bca72790874515bf9b8a15e581ed361c6c61456a3761710d93c21fc,CLEAR,DAYLIGHT,DRY,DRIVING ON WRONG SIDE/WRONG WAY,2.0,58.0,2.0,2.0
06238a6954af84690c6e637e14839478c77daeee3021847305e47430cd8d8b6c9d45f14b7b71aca58aa8a565345961e05554d588220a9b344fe6147034eb2cbd,SNOW,DAYLIGHT,SNOW OR SLUSH,WEATHER,3.0,31.0,3.0,3.0
06238c10189987dfe051eaa24fc7c4a441f07d1d1e82724fc5f04a598339cd2fff2e699bf3ef1849e1d84da03e479faf6eeca5f32532d6897c900b88004b2652,CLEAR,DAYLIGHT,DRY,FAILING TO YIELD RIGHT-OF-WAY,2.0,33.5,2.0,2.0
06239d29cd2965d06bc3e2542866f0eb2fab2ab79a539c8ef19f8fe78b0890f10d17e9d81be9a4fd52fd87f06c0957ba5493daa90925f2a70c7a4ee8a2923a27,CLEAR,"DARKNESS, LIGHTED ROAD",DRY,FAILING TO YIELD RIGHT-OF-WAY,1.0,57.0,3.0,3.0
0623c92400cfea5b891b31befb6f720cd401640be0821883606577a2572b03dfdb15343d4a87da0dcf4df14bcbd45255121a00881a3532f98b81beaa77c48e0a,CLEAR,DAYLIGHT,DRY,IMPROPER LANE USAGE,2.0,43.5,2.0,2.0
0623d4f6716c5734ecda57fc7b93b7cc4ab50ffd4da4f029c9465292435ecd4e86be2f275ea9a3c546f706e0e183ef7320dedaee8cec9f9217dad3625f64b005,RAIN,DAYLIGHT,WET,DISREGARDING STOP SIGN,2.0,42.0,2.0,2.0
0624125cbaf95c1394d29d5739d99d164a9238cddf5dbf35fd4c418321c79b900fb8ed7cdb473f037270cc218b0b7c2c712a6b0548078e59bdaf7fe4b6d6a10c,CLEAR,"DARKNESS, LIGHTED ROAD",DRY,IMPROPER BACKING,2.0,35.333333333333336,5.0,5.0
0624416c7aabcd7b89e97494d192d28dbd5c9898b0b54a05e31bfb0fc95e7d32e6129cb6684bede461067bfbc51d4ae90ef00caf0b9e8e6d7c8a3ce454f5b682,CLEAR,DAYLIGHT,DRY,FOLLOWING TOO CLOSELY,2.0,52.0,2.0,2.0
062467e9b9c1789e210a7421bce0c6a831a21557dc3c37509209748a3fc0a5a544b700932c40785bd8e595746481ce9870190966066528bca6c8a1daa4e70b9a,RAIN,"DARKNESS, LIGHTED ROAD",WET,WEATHER,2.0,26.0,1.0,1.0
062494a70f9de56b070ed0462f886c093cafbe709cbf03e6460ea872fd897e54fba8b48f3e4ec3966b3caf918433f2c5f522354da5706418897f2e6c8b03c3d2,CLEAR,DAYLIGHT,DRY,IMPROPER TURNING/NO SIGNAL,2.0,63.0,1.0,1.0
0624968c9007319a4322d5c98bdc89c6e83a6ed3d2d8a65199419df1a263d84f9f48a7b79254fa29e6ac567e29b86cbcca00127022716de581db18f5b04266d3,SLEET/HAIL,"DARKNESS, LIGHTED ROAD",SNOW OR SLUSH,IMPROPER OVERTAKING/PASSING,2.0,29.0,2.0,2.0
0624ba181f4d8d73de92f4b53a55af1504ba33dd5772cc6ef3fbc9cf8ca59adca4ed1c82034e23cb5d568b81c67b142e46e91ffc7e5c90350b090a7e8dfaf813,CLEAR,DAYLIGHT,DRY,FAILING TO YIELD RIGHT-OF-WAY,2.0,44.666666666666664,3.0,3.0
0624cb424fb44f37f95f57df30cfa46becace148bd2aa7cfaaf2ab83f0866d87f98f823c2712f007b52dfdf3a51ba04594a209022efef1c15b32487053931beb,CLEAR,DAYLIGHT,DRY,FAILING TO YIELD RIGHT-OF-WAY,2.0,49.0,2.0,2.0
062529a094a3229f9e2a4e990dba295bfdedfec0084c3ea01912b46fafe4fc761f682af87c6a9766bf8cbdfa5822bc000aed3bf31ba4515d4a37e1e7c73b77c1,CLEAR,DAYLIGHT,DRY,DRIVING SKILLS/KNOWLEDGE/EXPERIENCE,2.0,63.0,3.0,3.0
06252e05061edd2791fba191576362d50ab897ecb8af753602c3f3a6b7973f317010fb398e38125c4a6720189d53051c538ca8044664322f71b1ce9f0a8510ca,SNOW,DUSK,SNOW OR SLUSH,WEATHER,2.0,22.0,1.0,1.0
06253109bcf6eb71e376df014c2b6c8f56a2d29f38e5feee0a0ef82c6bb5722e033e66e7e07366a6f7ebb88bcbe39b580eef2d81e89e70dbe40e51bc85c36ad3,CLEAR,DAYLIGHT,DRY,FOLLOWING TOO CLOSELY,2.0,40.5,2.0,2.0
06254ee04c53a1bcace2dc0506826f83e88384cede24046620baa66fb673b5eac299a2424b87eae3d4954468f8814496854fb60b089d16fbdde50c12852ee3f3,CLEAR,"DARKNESS, LIGHTED ROAD",DRY,DRIVING SKILLS/KNOWLEDGE/EXPERIENCE,2.0,22.666666666666668,3.0,3.0
06259088e60e611ebdb27c288cdaf80011c390bf6fc4fb4d92afc643045923730270bb9417218e3fd1be701406ae494294760d6e72c31c8513576cbf917d8536,CLEAR,DAYLIGHT,DRY,FAILING TO REDUCE SPEED TO AVOID CRASH,2.0,24.0,2.0,2.0
0625b246e0998cb69d55580d412d6ed216b2681f9847cbabe798002bbe5f954e8055c122cd0e3d71c6ead3487755e4730ad1acba78521a3ec8f8c5d05178f575,CLEAR,DAYLIGHT,DRY,FAILING TO YIELD RIGHT-OF-WAY,1.0,26.0,2.0,2.0
0625d54f59a6a0107cc6550f7d8cb3d2dfe7fb294f21ee2b3e545fd3d421e7c88757028447738c21a26b38d6b55b15f3def373ea0f926ef07559789249fb9a8f,CLEAR,DAYLIGHT,DRY,FAILING TO YIELD RIGHT-OF-WAY,2.0,30.0,2.0,2.0
0626626a9df180c5c217d3e0bd01769fb264fc76e67548fbae809a86b38b034c919cff65a45627c26d5dfbe08ffd2c9d033435e543ad5607047de501147b6a0a,CLEAR,"DARKNESS, LIGHTED ROAD",DRY,IMPROPER LANE USAGE,2.0,34.5,2.0,2.0
062674c3b89b65abcc7a55e986bc02d8ee97a36e69d1efef6b63ac84caf95d87c4a1c5dadc2510af90d81bbdec31cc0f4fe04798a33d68df33f8c13308412587,RAIN,"DARKNESS, LIGHTED ROAD",WET,FOLLOWING TOO CLOSELY,3.0,27.0,4.0,4.0
0626a05a108930603b2a129c5606699b558b53f479f0e2c58f65abb8e2f15ba04d11a112e79680af5b446b4dd8b4d541bb9cb3365c10363b2e39791a7cf5d4c8,CLEAR,"DARKNESS, LIGHTED ROAD",DRY,FOLLOWING TOO CLOSELY,2.0,37.5,2.0,2.0
0626a6615447d5f96c2608850374f52137a6fcaf7e7d02939a99b96653a3ef9042f01a14d831d50a4c3c3606e5a1f94767552bab39b9699a3cf6aebbee317938,CLEAR,"DARKNESS, LIGHTED ROAD",DRY,IMPROPER OVERTAKING/PASSING,2.0,36.0,2.0,2.0
0626ae8d2083dae9714275bde039338527c91c923e51f1fae80491cfba78c069ea6423542d8b57a63c8006312117b2445bba148ad85db61ac53dd8d0fa7e89af,CLEAR,DAYLIGHT,DRY,FAILING TO REDUCE SPEED TO AVOID CRASH,3.0,33.0,1.0,1.0
0626b59cd76031326f7de549bdf0347867eac586d4a088563df98566f1e80f552c388f5d4a7d138e79cf1c9ca5c987178f9af0dc797556e221c555712dad16a1,CLEAR,DAYLIGHT,DRY,FOLLOWING TOO CLOSELY,2.0,37.5,2.0,2.0
0626b5d51e8df76767195890537299ae9c6921a15cce5f943c27732914b6b9d0934de46fb5d78cf17bd000009906eda6d579412c801d636581ff2d20b3b175ab,CLEAR,"DARKNESS, LIGHTED ROAD",DRY,FAILING TO REDUCE SPEED TO AVOID CRASH,2.0,18.0,1.0,1.0
0626cd679adac8fd79ad296c69a354dca6edf49b58f63a5102d347f2665f822b424fbd3f44fa7e0c5ea83c75d31d7793581c85c177a469ea7ec596e29e9919ea,CLEAR,DAYLIGHT,DRY,IMPROPER OVERTAKING/PASSING,2.0,38.5,3.0,3.0
0627373664369e4e5b2546874e55717a999b502559396d84f7e96d11648d3b1033ef782c089a6725ac7dfb615249cf635ace6c7e96e22dbbb0ccbb4f3f8909c4,CLEAR,DAYLIGHT,DRY,IMPROPER LANE USAGE,2.0,73.0,2.0,2.0
06276ff372ee47e7dfa38f0b524e46e52878741ea20d4f1af70412b2c113f6e5c7595b6e1e68619471bba858df43e868c9c3e7f75de15e80caee9ef001db0eaa,CLEAR,DAYLIGHT,DRY,CELL PHONE USE OTHER THAN TEXTING,2.0,52.0,4.0,4.0
062775d325e17ce8b7ad8a51e7e0524a07d105828b27d37518268934f71950eb46c3c76bc88b8a7efbb3f369d3114ddb1e62e263cd129bc041c9cee34a8f160a,CLEAR,DAYLIGHT,DRY,IMPROPER TURNING/NO SIGNAL,2.0,37.5,1.0,1.0
0627b708bf193a5093299b7ed7fc8db12a58e6085af107bdc53ac6b9ee4c941fe67f4e0b1d3fda1ebc163fee1da1493f75ba255eb82e4cf1f2da2db8ada7edd6,CLEAR,DAYLIGHT,DRY,DRIVING SKILLS/KNOWLEDGE/EXPERIENCE,2.0,72.0,2.0,2.0
0627d6cefe8eee9c0798a7b286070bee17a00cab547618d5342d40a5f4cd88c3156fccf7560370a26820c220ee7c855b3e8ddc57ed5fa718d796eb5e756b1381,RAIN,DAYLIGHT,WET,IMPROPER BACKING,2.0,37.5,1.0,1.0
0627da58ebe6795b04f14bf609cc38b80c9b9c487549d55f90f00d76de78358214832da05e2d946577b1d5b6c239e9a076d75d494210e71060167d7ee1de707f,CLEAR,"DARKNESS, LIGHTED ROAD",DRY,FAILING TO YIELD RIGHT-OF-WAY,2.0,17.0,2.0,2.0
0627f63458ade8ddd8f71cea996eb636fafe73eefe679348a30dd7a6401dcc7506bca4526c19a14b2195f707ac9f05a5bc4e884e57629ba8715de6a05e2b4422,CLEAR,DAYLIGHT,DRY,DRIVING SKILLS/KNOWLEDGE/EXPERIENCE,3.0,25.0,1.0,1.0