crash_record_id,weather_condition,lighting_condition,roadway_surface_cond,prim_contributory_cause,total_vehicles,avg_driver_age,total_people,total_injured
062814124039392bf12dfcfd2d9d29695b2df0f52b0e8fc041aef72ccca3b39fb72dc0871d7874753b9f15a7f5c8d9590534fe39a5fe3d54a885bfcae2f15039,CLEAR,"DARKNESS, LIGHTED ROAD",DRY,"OPERATING VEHICLE IN ERRATIC, RECKLESS, CARELESS, NEGLIGENT OR AGGRESSIVE MANNER",2.0,37.5,4.0,4.0
06282e88025eaeb2f45dbbe0bf447c9226c7d09bb2600316ff138211ee8507b4296b529467c2dc96f0bbf3c05d889d4a20ae0d71eaa8626a6ace2cc7cc091876,CLEAR,DAYLIGHT,DRY,IMPROPER TURNING/NO SIGNAL,2.0,19.0,3.0,3.0
06284bfb731899cbab79f94408484c38726c01a69c4d2e60355e41b3b1c9372697eae8071623e5a3ba0f84fdae12069db995bf02dc7c36c19a80fb257fa7e368,CLEAR,DAYLIGHT,DRY,FOLLOWING TOO CLOSELY,2.0,33.5,2.0,2.0
06284e320acf91229bdc9762b798e84ccfd492ad2a98b243993b9e2f19edd36afedb0222f588415ab056a981141712e53d56d924c76f261df7f9da1de1c75f25,CLEAR,DAYLIGHT,DRY,IMPROPER OVERTAKING/PASSING,2.0,37.5,1.0,1.0
062884e664d04520fcc3fdcc16346b029eb6bc17e61628b9988ef27de911c72c66d42bdcc15f1383fa653363ca94f252151c897b798fe93d3fe7eb591db10c35,SNOW,DAYLIGHT,WET,FAILING TO YIELD RIGHT-OF-WAY,2.0,43.0,2.0,2.0
0628adb91bbfb71a764374003f81375c6786e2800b69b3e0a315e6ddc1a4ffd825f68bb9c221ec7f0cdc7fc5e9262c67bfd143949e4797a8df6cb9cf5b9986f9,SNOW,DAYLIGHT,SNOW OR SLUSH,FAILING TO REDUCE SPEED TO AVOID CRASH,2.0,40.5,2.0,2.0
0628c667256940156845a11445260b7bdef2006bc89e442346c4e2b9332dfd4c907cac0b1a8a4c87e2050ddb5e66b34bc408dbaa98c98a1c072a3c78cd6dd3b0,CLEAR,"DARKNESS, LIGHTED ROAD",WET,FAILING TO YIELD RIGHT-OF-WAY,1.0,32.5,2.0,2.0
062922d5f73c2803bab8b391df7cdb621c9be9895593ca1d81b39e04d1f79df619df56ccbba73938b29b93d9b5359d712cdaa66c72c51dd35f7b14a00280c535,CLEAR,"DARKNESS, LIGHTED ROAD",DRY,FAILING TO YIELD RIGHT-OF-WAY,2.0,16.0,6.0,6.0
062932d52072b48ee58862e4a8d6790ea8d3c25867385d4b413089818a51fcb183a8d97cee015dfb821415be03f06fa40db6bdf14b19f36560398199225a5f33,CLEAR,DAYLIGHT,DRY,FAILING TO YIELD RIGHT-OF-WAY,2.0,47.0,2.0,2.0
0629547e700b312e2a03312632dbdf961a26e5a0572c097042ce665843d917b98f03a847725b801196515a91b167d46dd0cdae9ff5cb5a8a5364bd4d2a6989a0,CLEAR,DAYLIGHT,DRY,IMPROPER LANE USAGE,3.0,31.5,4.0,4.0
0629585d29652848cc7b2361c249110f7a64533eecb741f7ffcd379398bdc3f5e44db2d3e84ec6821e2d4a5024f88ff47b0effbe4620ec901311ab157119f8e9,CLEAR,"DARKNESS, LIGHTED ROAD",WET,DISTRACTION - FROM OUTSIDE VEHICLE,1.0,32.0,2.0,2.0
06297a761b7d34344ebfd00f52656c4e698e58e76e8a8f2aa18ff8779ffc1634ecaed9e9c9027f7cf4474d65b9afceee37c889e808e2baa14a86b061c92c8fdd,CLEAR,DAYLIGHT,DRY,"OPERATING VEHICLE IN ERRATIC, RECKLESS, CARELESS, NEGLIGENT OR AGGRESSIVE MANNER",1.0,37.5,2.0,2.0
0629abd1697d6865d17d24a1f68849a2bcb6682cdda49d93c044fae6526a4f8385f63d9aaf470b74e0e58d87ebd8351f00a9e050870c5dc4d5591125e4322ab7,CLEAR,DAYLIGHT,DRY,IMPROPER TURNING/NO SIGNAL,2.0,33.0,2.0,2.0
0629fd6745565a46a089ec5db95e8698b056b8439fc24650f815ae46099ead6f499ed6b2c722403a39b108a4b2c731058b1d3be97b960942aafabf025cdd2ecb,CLOUDY/OVERCAST,DAYLIGHT,WET,FAILING TO YIELD RIGHT-OF-WAY,2.0,48.666666666666664,3.0,3.0
062a050e3f6d4c2ba0b4482ecfa443aed80dbce169b19c31e821998ab0ee80622d25afe16931804126fa346ede4b2860ea297a2710046e38ccd1072066f1793f,CLEAR,DAYLIGHT,SNOW OR SLUSH,IMPROPER OVERTAKING/PASSING,2.0,36.5,2.0,2.0
062a0df5cca4e2518141c19aeaa78dfb509f7f26a59338e909f4553152ad8fffca753b04b095e1c1eb5118d41d62d9cfb5463c21c610d1ae09420ed03152c8e2,CLEAR,"DARKNESS, LIGHTED ROAD",DRY,DRIVING ON WRONG SIDE/WRONG WAY,2.0,37.5,1.0,1.0
062a28f84eedb0e6f50d33e7555338eed52d18331ea8fc9e434b3ff695d82579be96430b1c67e7041171d2dcdbf39c9ebf8bfafcee79cd7ea6aef885d6847ade,CLEAR,DAYLIGHT,DRY,IMPROPER TURNING/NO SIGNAL,2.0,65.0,2.0,2.0
062a68f66df5ddb9d52cec930130dbd2483076ae29f14ecabcdf4efcffccc456b928a3582d350a2450bcf4c835ff9ee88681dfabf26095d7e4bc2383e6a7446d,SNOW,DARKNESS,WET,DISREGARDING STOP SIGN,2.0,35.5,2.0,2.0
062a78f2d114eed7cbd8977b196e75a01f803e297eed96f233e5ee8cbe8b07a369579e5d380dbe4edea981e42ca5fd9d4c3fc67313cab1b45e745f0e9dfa7a41,CLEAR,DAYLIGHT,DRY,IMPROPER BACKING,2.0,56.0,2.0,2.0
062aa7b6301ae39f77a030841603985dcd4965d3eaba76d55ca6636e68c956a5e6ad13b98471a49ea4493d8ceffbeee96fd7cc00d7573d04b82c05be237022a0,UNKNOWN,UNKNOWN,UNKNOWN,FAILING TO YIELD RIGHT-OF-WAY,2.0,47.0,2.0,2.0
062adc830ed6b10abe2bddb3e997ef34fad86390ef4123e7aa8edbddc742d98a1e7addfa17938f417b4901183b406a0518281263b31ab28aa1c4dc2c8ee6e624,CLEAR,DUSK,DRY,IMPROPER OVERTAKING/PASSING,2.0,26.0,3.0,3.0
062b09c3fe5423bd70cdd9f7a1f162d550e12413783c838f3b0c3f0a7b8edb112917854cd8b3255ad94d43801a9019f80cad05ec0aee242d2af092b8d81faa3d,CLEAR,"DARKNESS, LIGHTED ROAD",DRY,DRIVING ON WRONG SIDE/WRONG WAY,1.0,37.5,1.0,1.0
062b1d67baf066b672b5bd8fe6af9ad5d39bed1eac6aeb4c0bc74ca9d6d7fecef75c01883556dc71b6f48a89fd709c4283665daaaf55cfe7ca318d4f9db70f6a,CLEAR,DAYLIGHT,DRY,"OPERATING VEHICLE IN ERRATIC, RECKLESS, CARELESS, NEGLIGENT OR AGGRESSIVE MANNER",2.0,37.5,3.0,3.0
062b23d32d305cf5d6ff015897a42ecc4baf1eccc0667db9c74c02dcfbf76385ee5425777b63a58ad3e93dda6e80fd078fcb2dfdc794b7a10145e4e900335b77,CLEAR,DAYLIGHT,DRY,FAILING TO YIELD RIGHT-OF-WAY,2.0,53.5,2.0,2.0
062b365536f8723b821d6e7a2156c3e1bb70dc8f35255065d57ed1abf2ec3255de8805a7ee2c3124bb213aa61159eec102c5c0e1a45d92502cb4986271e152d8,CLEAR,DAYLIGHT,DRY,FOLLOWING TOO CLOSELY,2.0,47.5,2.0,2.0
062b5c741e4f63e889000b398aab9c05a6d86284d32b2bb35fc7cc730ca95424da1f5d8019ff4b5fdb1fbb338db75a4522c573884b13626a93f439162f8242cc,CLEAR,DAYLIGHT,DRY,IMPROPER BACKING,2.0,53.0,4.0,4.0
062b7414cd0727d2909b3558275e1dd73f2403ab3885f220e12debc9ee7581b3fa7aafe5c43c195133830ad073920ba8ba1cdbf437b6948844ccd7bf76c0e006,SNOW,DAYLIGHT,ICE,WEATHER,2.0,21.666666666666668,3.0,3.0
062b92c625efca2088493438fa4846417f378661345f7fc42d897b5b85af55d68dae365ac20f67fa4946817b9d295e53f1312d3158c597161a32e19e54aa8833,CLEAR,DAYLIGHT,DRY,DISTRACTION - FROM INSIDE VEHICLE,2.0,21.5,2.0,2.0
062b9acf2c0a67626b2a2c652e59dc7cd080fed4708b3454404d4afe90c82eafe53c62594aa3d7ed5919579cad5d7dd2bb0a3937a7c11dc2a32a844a0e61b536,CLEAR,DAYLIGHT,WET,FOLLOWING TOO CLOSELY,4.0,38.666666666666664,3.0,3.0
062b9bd7fd9104680bdcccd8579885ddd9bf1a139b259cdc493ca0257a82eb2a6900bc5541b232dad43f6929bde71190ac3ac856aaeb45f6755ae7073e191ca9,CLEAR,DAYLIGHT,DRY,DISTRACTION - FROM INSIDE VEHICLE,2.0,15.0,3.0,3.0
062ba1861eb689d53ee0b5ffcbbc707979b60c00b936065ff52c1ee3b529e0432d18801540fc6f5c84fd508cbe5f3a9549af62093caed802d5c215fdf8a9bf54,SNOW,DAYLIGHT,SNOW OR SLUSH,FAILING TO YIELD RIGHT-OF-WAY,2.0,51.0,2.0,2.0
062bd9379a04fea509af52db733ffb89e2b3fef3e1b1b9e3cb7b78f68706fd5e45495e30033a07f7ffbed8c6253680d08cf840f96ad620028eba3ed7610d3b52,CLEAR,DAYLIGHT,DRY,FOLLOWING TOO CLOSELY,2.0,18.333333333333332,9.0,9.0
062be87ddfe60e388005d1fa308d4bb6ce3856bd0d69cfcbbd59698cb4046a2015549b0cad02d0a6c64f192902358325de6edb84f3cb3b71f8e58449dca96add,CLEAR,DAYLIGHT,DRY,FAILING TO YIELD RIGHT-OF-WAY,2.0,33.5,2.0,2.0
062be9cde279e7daf84a27bbce37281e3199f14d49a4e74531c70d74400b487897033bf232b448a9de7014646cc1201d170ef93c40cd603718380ec1354bec09,CLOUDY/OVERCAST,DAYLIGHT,DRY,DRIVING ON WRONG SIDE/WRONG WAY,1.0,67.0,1.0,1.0
062bf5a15eea86ccbcaa719ae27c32252f129e0d249101446634a109e1ed43d7bebe84006d7b3332f84b055db162fbb363b51a7e45e78387779337b60ae2f29b,CLEAR,DAYLIGHT,DRY,IMPROPER OVERTAKING/PASSING,2.0,68.0,2.0,2.0
062c5b5e9a2413bda83e8bd9bcba801aa69e9eb1f92ededa7f3b3ff794f8d7e78ddc9299a7b95ad0d9a42110308b1671a2bdc71434d38dc8a71df9ff847d7987,CLEAR,DAYLIGHT,DRY,FAILING TO YIELD RIGHT-OF-WAY,2.0,46.5,2.0,2.0
062ccdba47a410aec1467d9a5c13493daefce97492c29b0ecabc84699ae9af05a61fabe1dbb2d855d99e2a7849fea7b58e1e1b086017bf675f29f11a15105573,CLEAR,DAYLIGHT,DRY,IMPROPER OVERTAKING/PASSING,2.0,21.0,2.0,2.0
062ceb6cf4b1480665c7fe1efcddabccb63cd2a3e8f02b1af66838ae8a1135d44a3c71ed3570de2d7fd6cecfb053d8b7505ce346add43c75c07a30bc423213a0,CLEAR,DAYLIGHT,DRY,IMPROPER TURNING/NO SIGNAL,2.0,55.5,3.0,3.0
062d0c36d5743491ed6b3320f74f91b723aabe07151be0d834c03b5f71832f5783b95572fd325caf6b0c70db18bcc0e413d19ec320dc64db1cb8ad36446a4a07,CLEAR,"DARKNESS, LIGHTED ROAD",DRY,"OPERATING VEHICLE IN ERRATIC, RECKLESS, CARELESS, NEGLIGENT OR AGGRESSIVE MANNER",1.0,45.0,1.0,1.0
062d0c524487decc10cf9573871f363fc55e594a5553c423582bde7a8e2ffc803477b61ef92d9d59aae33aaf80eb354902ed6079ffa4afef9321747b5613069d,CLEAR,"DARKNESS, LIGHTED ROAD",DRY,FOLLOWING TOO CLOSELY,2.0,26.0,3.0,3.0
062d15f96620b2787fe911ed3b69f5fd37cd623dbb2b81ce7a57f60a6a2d858189d47b017180b2eab10b8ef07eed3ff830a0dd46202f42df1b0f2c50de7b2976,CLEAR,DAYLIGHT,DRY,DISTRACTION - FROM INSIDE VEHICLE,3.0,46.0,1.0,1.0
062d2bfddf2ffc79d05e409bee86a847af63d6852899a867e6c9f77a467d9c623ed6784ba99f89b03b800355d2f6826e5db437b9fb921af5cfde3a0181ed14d9,CLEAR,DAYLIGHT,DRY,CELL PHONE USE OTHER THAN TEXTING,2.0,23.5,5.0,5.0
062d385ce98e06f1120e173ca5aa5ed764dfd787ab0e7ba1b78af58b7196392305d926fc996056e26fb7f50c7ecf87d0e3867347792a44906abdc72dc626a819,CLEAR,DAYLIGHT,DRY,"OPERATING VEHICLE IN ERRATIC, RECKLESS, CARELESS, NEGLIGENT OR AGGRESSIVE MANNER",2.0,26.666666666666668,4.0,4.0
062d52bea80fa70cc07c670326a75d982a87c491f5966304df78cf26c26306f518bf1633c401b925ffdb3290854fa8eb83efb64c1c94525cf25c02f80b28525a,CLEAR,DAYLIGHT,SNOW OR SLUSH,IMPROPER BACKING,2.0,22.0,1.0,1.0
062d568aef36901dfba2fed1e5a7c8e1f7a87af6262b3c37ffcca0193305fd4d6061046d09a3202a3f46cac90ae3642fd20f7c9a46b774141be4c1f550529b9f,RAIN,DAYLIGHT,WET,UNDER THE INFLUENCE OF ALCOHOL/DRUGS (USE WHEN ARREST IS EFFECTED),2.0,28.0,1.0,1.0
062d7b1977514417733851c30f50c62ba7221f25e2e081cda0689ec67c076797ea8aaa025f84c2f20190639b1815ffff9d13f7351b0c441e99373d5f813c2235,RAIN,DUSK,WET,IMPROPER TURNING/NO SIGNAL,2.0,45.666666666666664,3.0,3.0
062d8198022b6ed3e246f1d72bd614155bdb64758d3d24256353a962c167efc3e4db25cc92d52db56a72f69a0d11e09a2e7dc349ca013182f33906c4ecf94811,CLEAR,DAYLIGHT,DRY,FAILING TO YIELD RIGHT-OF-WAY,2.0,35.0,2.0,2.0
062d987a55b432e2ac0559ea3a6d2d335af157420af1115ccaf1988e17ce0342b86a038099c6e4c0bd972c222f54f24c2597df6c93f43130a0f394a56fe7b269,CLEAR,DAYLIGHT,DRY,FOLLOWING TOO CLOSELY,2.0,61.5,2.0,2.0
062da3670fecbb2fd7090ee87a2987e664b5757af5da852d531c3b9acfaeaeab994da8e0cab3f6b7c055ae6a404d3b9c1cbc816a0db81ac8f0016b9da7c40479,SNOW,"DARKNESS, LIGHTED ROAD",SNOW OR SLUSH,IMPROPER BACKING,1.0,42.0,1.0,1.0
062dae89b9657661661dd061b100e20163123cd1d7ca72a93c7043672316a471afa9fac55f863ebae2269f49a0066b4e3b92951351f95590d2b82718a9ec977b,CLEAR,"DARKNESS, LIGHTED ROAD",DRY,IMPROPER TURNING/NO SIGNAL,3.0,28.333333333333332,3.0,3.0
062dc0029d928f2981b90ff61dc40efed7b01f48ff252ba4b270ef2725201bcb9bd8cda83ad748673f6f2f7de13cc6c76f02295b8f827fd67714e5c4f330cb59,CLEAR,DAYLIGHT,DRY,EQUIPMENT - VEHICLE CONDITION,1.0,69.0,1.0,1.0
062de693f55623e169c0cf00456f3a4ca5a0afc17069ba14982e2c198919bf65b47b45fd180f0e48f9e731b5daea9f6a2b5e91d62affdd574d4e26fbfcd7e64c,CLEAR,DAYLIGHT,DRY,FOLLOWING TOO CLOSELY,2.0,21.0,2.0,2.0
062e05bc2a5cc08880afa4128edb741e832ef92a0e85a6402382be93a845483e3b9bc08ae8a87d7de22b6e008266f18c4122c1f9355453ef3115a19fd57032ce,CLEAR,DAYLIGHT,DRY,DISTRACTION - FROM INSIDE VEHICLE,2.0,29.0,3.0,3.0
062e2f2b18c381fc2f53d4af168312ce3b8283da50a404849f856840d6169e1450c6f61166ca4708d1488602d03f7e0eb1390b4680c8a1461b77f2c26d897cf5,CLEAR,"DARKNESS, LIGHTED ROAD",DRY,HAD BEEN DRINKING (USE WHEN ARREST IS NOT MADE),2.0,54.0,2.0,2.0
062e4c92a3d5b22aa1c14de10820c62ddd2135276e235360ad10fd4c5ed437cd5835be9a862d4dfcb461fb086873bb03bf9ff36b98b94d8be5887889b17bd17e,CLOUDY/OVERCAST,"DARKNESS, LIGHTED ROAD",WET,IMPROPER TURNING/NO SIGNAL,2.0,41.0,2.0,2.0
062e6262a47e1b184abf7d3191bdc08b0ec3c22c2a065fd697501d9b78fc4403758396ef180553f60ecd370c114976a620ec7ced75f56e7b369c46ce9d9a15fd,CLEAR,DAYLIGHT,DRY,FAILING TO YIELD RIGHT-OF-WAY,1.0,22.5,3.0,3.0
062ea900afc62735a7c041f4d0ac037fcdb4087e7ad13015db0b52a6eddce1a39a5964cdf7ca02eb43530c8607c027707c0126a203fa6c5956a41f6fc631accf,CLEAR,DAYLIGHT,DRY,PASSING STOPPED SCHOOL BUS,2.0,54.5,4.0,4.0
062ee9e3b5306cf86003d8ade4e606c7040dfa62ac390b649daa31cd7c859f9e4544a215e1da5257d53184fd66982f33ee4f9b2dc30606c0d4e949cc49dee9b5,SNOW,DAYLIGHT,SNOW OR SLUSH,FAILING TO REDUCE SPEED TO AVOID CRASH,1.0,37.5,2.0,2.0
062f1386265e4fad9b38792858a49845939b7a2a5be482985c32e996f64c1811ddc433bf220ddb2290247c7383b6522ae5ddfd2a3a3b1f0c9215829bf4f9823f,CLEAR,DAYLIGHT,DRY,FAILING TO YIELD RIGHT-OF-WAY,1.0,37.5,2.0,2.0
062f1d10a1d8b6b9744f29ab4443f33df808c9b45297a8d17a0e49db9163c2bab4e8bc596fe119279ae30664c5c57ea76f74268b8ff983232f808ec5ae293088,CLEAR,DAYLIGHT,DRY,"VISION OBSCURED (SIGNS, TREE LIMBS, BUILDINGS, ETC.)",2.0,32.0,2.0,2.0
062f32a43a22621af88e79bb60c41b3a7cf981fb5855a790935b9939420b045cfba50f70bc89afc09b57054c7316c53871aac76affe9815f5e6724a725970fd8,CLEAR,DAYLIGHT,DRY,FAILING TO REDUCE SPEED TO AVOID CRASH,2.0,40.5,3.0,3.0
062f5dfc5e51eeb7fd8c15e98a1192e1480fea850829cb4551bf0ef97ced381d496ff83c1f53270fd9155486547b69f1ec6b56c57ada7ab47730d679d7322a0b,CLOUDY/OVERCAST,"DARKNESS, LIGHTED ROAD",WET,FAILING TO YIELD RIGHT-OF-WAY,1.0,21.5,2.0,2.0
062f7bc5b1cad2b45169c445c576a4f6b2048ac35ced33dd48bc2fb4c342a565a895d35a8173c88d24760d21e497a2fd5ddb823e36d3f6792faa9257c26822d1,CLEAR,DAYLIGHT,DRY,FOLLOWING TOO CLOSELY,2.0,23.5,2.0,2.0
062f9835e21c9b800e1cc03fb6fa7b40b1e86651db0cd4f0cb4c30b59905c326b4d4d340f0c06547775450f34c93a50e9360c136965b768d8541320df259ef1f,CLEAR,DAYLIGHT,DRY,FAILING TO YIELD RIGHT-OF-WAY,2.0,25.333333333333332,3.0,3.0
062fa2d03ed8952905a1d5203372a3f381fdaea0cc8144349fb70c183e30298309ac76c789561dfff2bef5bbcf30033664a9d71737c24448837ba688b7b86f3c,CLEAR,DAYLIGHT,DRY,FAILING TO YIELD RIGHT-OF-WAY,2.0,45.0,2.0,2.0
062fa9a9e86812615a2688f44e38d5c8e371839d61a6665b93c7447113e6077ee057c62171d1aa0201c2c5aa09665b8d7be8c69851f6a852d7feddd2c7387245,CLEAR,DAYLIGHT,DRY,IMPROPER BACKING,2.0,38.0,2.0,2.0
062fcb0cb4e61f00f5ad7c2e1d9ec68187a9332c7d6f1b0b501905fb28cb35d8c0014eba5ce9105fd660a61f8d699527af8e20b64b7a66e3b7d2f0f83aa91f61,CLEAR,DAYLIGHT,DRY,"VISION OBSCURED (SIGNS, TREE LIMBS, BUILDINGS, ETC.)",2.0,36.5,2.0,2.0
062fdb3805857b0cdbd0d1d2ab571a6d5de5dfba0543539effea1eec4f63af82aa6e7e0f9a301e5a69a3a220d4ab0002025c730657fba06b668c66273e8ce29f,CLEAR,DAYLIGHT,DRY,IMPROPER LANE USAGE,2.0,59.0,2.0,2.0
062ffb08004ad6d96acd5f3d8e38e721f2f90407073088b1972bb648187e4d5d783686e3246c339854185ecdf960008ed705239f137854c75981fa4bb13a5381,CLEAR,DAYLIGHT,DRY,"VISION OBSCURED (SIGNS, TREE LIMBS, BUILDINGS, ETC.)",2.0,31.5,2.0,2.0
06300489992d9a5f28a527e0ef5e2a9513fb34558aa4e43205074b7f6bd3a737c6125d794845b9375e1140704239e2b9978c1f639f07bef2383c55a555f752e2,CLEAR,DAYLIGHT,DRY,DRIVING SKILLS/KNOWLEDGE/EXPERIENCE,3.0,48.25,4.0,4.0
06303bcc401e3d66fd0d693bf23250cfa6541f5ab739060a479509f351cb27bd5e6e5804a398c78691e6c2ae5d3cfc89b90a6de6f2846e2b74e75988cd77421d,CLEAR,DAYLIGHT,DRY,IMPROPER LANE USAGE,2.0,28.5,4.0,4.0
06306b3c49fb4d8d80ace7360c46abf2fab00a0e897ac38dc32ed711325538002e6c16222e3ce30502e4775603392b87722c6c0d5c5777469e18cb5cd0373a04,BLOWING SNOW,DAWN,SNOW OR SLUSH,FAILING TO YIELD RIGHT-OF-WAY,2.0,33.5,2.0,2.0
06307519c5f584e64f2f1592fd415dfb1a5d8d84cce1e96c7dfda93ac8d2b93c41ef9427f09c5ab820c4d979e4c33ca119a5fcddad1f8b1cf5492aad129a1757,CLEAR,DAYLIGHT,DRY,"OPERATING VEHICLE IN ERRATIC, RECKLESS, CARELESS, NEGLIGENT OR AGGRESSIVE MANNER",2.0,56.0,2.0,2.0
063098f8838963bb54b21c73acdcac677175129b54ffd5d308f96c9baf88233b6aeda39676814ce2368b68ff485d48ec924dd8a1b34a8151f2b5f94e11196f23,CLEAR,"DARKNESS, LIGHTED ROAD",DRY,FAILING TO REDUCE SPEED TO AVOID CRASH,1.0,72.0,1.0,1.0
0630a4ddfe6ca4e8199d8b6fec6989d52a34c9b23553ac695d3eab738d78fdb5a4461ce8a462e653202c8eaa741a34fa291f0b4bbfe18a988e635b2032b3164b,CLEAR,DAYLIGHT,DRY,IMPROPER BACKING,1.0,55.0,1.0,1.0
0630c12dc80cddf5a0680a0a6b50981ab1de3dedb612627dae4c677f6f6e13142e531f0227f3b3eb269e184d0f071ee67df0e99408114f0e3024a0084ab7734f,CLEAR,DAYLIGHT,DRY,FOLLOWING TOO CLOSELY,2.0,0.0,2.0,2.0
0630e29b82dce55e7d92a73c732a14efbd326eb26e7dcb93695ed5a692ff41db38a3480c44f49316a5f0354c5705bd49fc5a0aa7afdd575be979e501282e6654,CLEAR,"DARKNESS, LIGHTED ROAD",DRY,DISREGARDING OTHER TRAFFIC SIGNS,3.0,29.0,1.0,1.0
0631094cb04ae625b3bf2155f57776e52dba59787b02d82dd212c89205fcf59043fc7b30444a8cf799b8b29e0bf1357cf75bf9615686499d35e4330284cacd17,CLEAR,DAYLIGHT,DRY,DISREGARDING STOP SIGN,2.0,28.0,2.0,2.0
0631350d67eb2199d3bd95eb160f33e281b19236b321ae3aafc999e2d8870aa42f369f842462ed70991f1806d69ba0ad022f1f3a4e3de61f1f31a78970cb4a47,FREEZING RAIN/DRIZZLE,DAYLIGHT,WET,DISREGARDING STOP SIGN,2.0,13.5,3.0,3.0
06314ed1942d2ff8fff2e16f80667332927512b5f2a147b4c884a315c679a13d711e4f9fea35a663e5f42eea55f0d4447ae71958f2a8cd608ba1f4ec135d9242,CLEAR,DUSK,DRY,IMPROPER TURNING/NO SIGNAL,2.0,32.0,2.0,2.0
06316cc353870b7618c45744d43925882a382cd77d4090e33d4a6b47c9e79e0ca13c61e9442ac07b497e95aff00fc463210e0f57e257b70de02d2ad81f40b244,CLEAR,DAYLIGHT,DRY,ROAD CONSTRUCTION/MAINTENANCE,1.0,31.0,1.0,1.0
06318be337afb023fc85bb2d2f054f6df50d15d1bbc7abcc7e9ed8788f01ecf206eb70001ed23b217f5fdaa4ae1366d9e50d5a6a4b27e736affb596e2893ddca,CLEAR,DAYLIGHT,DRY,FAILING TO YIELD RIGHT-OF-WAY,3.0,28.333333333333332,3.0,3.0
06319e91198ed23cd536f85f559fb6740866a364af62d38250c80931b9b9c5b5a8d06ff3054422c5ede953adaeda337c771e3585b136fc6c9eebf8ef64b5a3b4,CLEAR,"DARKNESS, LIGHTED ROAD",UNKNOWN,DRIVING SKILLS/KNOWLEDGE/EXPERIENCE,3.0,28.0,1.0,1.0
0631ae2087be0db66b9d34bcf8ed5631b7c03a2b3917312a56309492302e3b7a6237ef4013bf6243f35314c9edf2e1b45c46d248d2e817c9925fc69f04a2273b,CLEAR,DAYLIGHT,DRY,IMPROPER OVERTAKING/PASSING,2.0,47.0,2.0,2.0
0631be0649ae61378d2a195b44e427408edcbf48e632ea9bf34f71717a510c1752288b19c5f27d8fa940e793a100cb502942d7d4a6637ff64ea789fd0c3f7073,RAIN,DAYLIGHT,WET,DISREGARDING TRAFFIC SIGNALS,2.0,41.5,2.0,2.0
0631cf030404050a9670a5b254f0205540dafa65b44a43eda620918b410c79f704dd41c42bc7fd72d807ef6384ba4e01e177f735fee5f348aef2e965b11ccbe5,CLEAR,DAYLIGHT,WET,FAILING TO YIELD RIGHT-OF-WAY,2.0,36.5,2.0,2.0
0631e8b47deb35e1f2d62bfb6ba5f5494b48b0afbeb6271375110252dec8833222ca3e13258873b1fd46b618ffc2c7bf9d005654b550d2db4978586e895722b8,CLEAR,"DARKNESS, LIGHTED ROAD",DRY,IMPROPER OVERTAKING/PASSING,2.0,38.0,1.0,1.0
0631fc5771159703337125107562c9f3bef8033cb224b1487328423924912fd3aae49db6ffade958ee2e29a3a20304b4cd69ffe22dd312694a3d326b01a612b8,CLEAR,DAYLIGHT,DRY,FAILING TO REDUCE SPEED TO AVOID CRASH,2.0,43.0,3.0,3.0
063200e19b1597d110eed40763b5695bb5ad1008e35cfcfb9d3a8136fecb0c237a98c57f5ca900598e9a8224449fc29bd8eb19ed28e8f954745eb1698110642e,CLEAR,DARKNESS,DRY,FAILING TO YIELD RIGHT-OF-WAY,1.0,44.0,2.0,2.0
06323b9367a038167866d10159a63056f17dc52a2503a804c53e6791b4c22c1e88106aebeda6fcadb5efc5fcb7a231594ab27db40fde9419894c8540573cb87a,CLEAR,DAYLIGHT,DRY,FAILING TO YIELD RIGHT-OF-WAY,1.0,57.0,2.0,2.0
063241e7f236f420788cd4fe9e95577e3154177929a93084279320a4d5b87c142996a28224df17503fa49c8091aab6476f330766faa931ebb663dbae7835b48a,CLEAR,DAYLIGHT,DRY,FAILING TO YIELD RIGHT-OF-WAY,1.0,19.0,3.0,3.0
0632653e7791ac5bcfa8bbb15946a849c7a9a6df7283897f27ad6f764b0d3ab8d025b5d7134baebaaed970e2ecc2513ebf127d183f02830f0e45660f0f3e8fba,SNOW,DARKNESS,SNOW OR SLUSH,DRIVING SKILLS/KNOWLEDGE/EXPERIENCE,2.0,41.0,2.0,2.0
0632674683d42e751d4080575610d5b92a897568b8a4f76954dd531f2aa38899f87f0b06f76a5393c8615e6b8c47f41862e5b5b07c3d53b059aaaf1e6c722d4b,UNKNOWN,UNKNOWN,UNKNOWN,FAILING TO YIELD RIGHT-OF-WAY,2.0,37.5,1.0,1.0
06328a70fdb9fedb9ae8143f2fa4509a8645d837bcce079bd98df50165d67efcab25a2b60085805eec770326cc0818ef19fd93d5b785eacee7b1aaa30e35dd8c,CLEAR,DAYLIGHT,DRY,DISREGARDING TRAFFIC SIGNALS,2.0,35.0,2.0,2.0
0632b0231037cb8bb8112a24606e2e63bb4f32268dd4d073c48ff43de58ece7f5adced95e1faa28629dc984576e15648dc90e2c2c10e4c11ea5c75e23fdbd540,CLEAR,DAYLIGHT,DRY,IMPROPER LANE USAGE,2.0,33.0,7.0,7.0