crash_record_id,weather_condition,lighting_condition,roadway_surface_cond,prim_contributory_cause,total_vehicles,avg_driver_age,total_people,total_injured
0632b4679145cae2faa83f8b180c8c441372fca1100223dae1c33267c66f6163837686c998b7ed4b63af6d15bde9d93eb01f4c2b9901b26f381f7b95ca97126b,CLOUDY/OVERCAST,DUSK,DRY,IMPROPER BACKING,2.0,73.0,1.0,1.0
0632d3aa71cb218afe6c9dcd8fcb7be444a0feff88f843036ba36ca53e7d278fe3c471c09a3ad25f793acd24605ff1f68f0f02152d97be5d477356f5de07a983,CLEAR,"DARKNESS, LIGHTED ROAD",DRY,FAILING TO YIELD RIGHT-OF-WAY,2.0,26.0,2.0,2.0
0632f051a099cec2d66f1482dab2b31e2342bf90cf88457b2579c39c9b71e866b3d276f9e23feba1d3f218e17f013f6fbf970730a29ad4c3641d0e44df38cbdf,CLEAR,"DARKNESS, LIGHTED ROAD",DRY,FOLLOWING TOO CLOSELY,2.0,42.0,2.0,2.0
063302573896247f1454f00bdfd781a1fa0d76ae6c645e814bba35536525fa756f9d2f03b43ebdf05ae187bbb5e2e0e69223ec21f970ab7944b3f1487121bb08,RAIN,DAYLIGHT,WET,DISREGARDING TRAFFIC SIGNALS,2.0,44.666666666666664,3.0,3.0
0633136a636a597cc99d65b10452310867e967626454a13f8e33a0bad9b41d3abc779ae2407e57e20c16da353103753e3002ba045f433e7a29f6c100aa097d40,CLEAR,DAYLIGHT,DRY,FOLLOWING TOO CLOSELY,2.0,44.5,2.0,2.0
063313f4e9e1f6d1711ea04e60b736a32c2b93e60ff591fbc10a7fdcedc6fdcb588da77a92e6ce38363c393633b64bbd68fb02e883f47445183d8f377730b3d4,CLEAR,DAYLIGHT,DRY,FAILING TO REDUCE SPEED TO AVOID CRASH,4.0,34.0,4.0,4.0
0633268c9f5a0a075142f07f766afd288a5ad854c19d7a9192412d27d5492781e746e056bfeb74d7ce9c0aa918cc05359644e5394cbdff73c99e86d940a2ec35,CLOUDY/OVERCAST,DAYLIGHT,DRY,FOLLOWING TOO CLOSELY,2.0,51.0,2.0,2.0
0633628a2f4e6a8259de3f1b99920873c78228569bd916aee97c0ed4912b146576181b9fb7d2d72da086e1e7d9346e016bf39db59d211c9bfc792e237448203a,CLEAR,DAYLIGHT,DRY,FOLLOWING TOO CLOSELY,3.0,33.0,3.0,3.0
063371bca7f3ff4dae2b4407d74d22dbea5140da03a26ee3cb0cd064e823710a8435270c421043e49e35452e7251259ca783db505b352046b4ad9c09b1cf8a82,CLEAR,DAYLIGHT,DRY,FAILING TO YIELD RIGHT-OF-WAY,2.0,46.5,3.0,3.0
0633cc30aefdc7ded2cd46436554176b8b06d33e1e41a940c457512c7309abe2d4a727caef7f2d0e1b5d89ed3439b0bac5bcb67b556efe62ed769c0b2ebf97f8,CLEAR,DAYLIGHT,DRY,IMPROPER OVERTAKING/PASSING,2.0,20.0,2.0,2.0
0633cd95a2241a8d6285bb67107e582ba42910a857508793b83e18b96e2490a6147d86af313d771b8255f33ee3c6fd8e938477b70631f202dc6ecde3836112bc,CLEAR,DAYLIGHT,DRY,FAILING TO REDUCE SPEED TO AVOID CRASH,2.0,42.0,2.0,2.0
0633d3d020fac5dfa725a83bc9997afea3d5acb596e8cfd7b128e65e9cc411ef6cd562cfac5e0aa91d24f683085bc8ce9565a46d903564e0e6362697a8ea04ba,CLEAR,"DARKNESS, LIGHTED ROAD",DRY,DISTRACTION - FROM INSIDE VEHICLE,1.0,18.5,2.0,2.0
0633d9250ec8f0fcb60c79c285d138279e7b86ed07fce8df5e7488b1090b0bd69faaca08adcc626167d5f726b819fa7c9678fcbb24d2ebbdc808a0f7ac638ffa,CLEAR,DAYLIGHT,DRY,IMPROPER BACKING,2.0,0.0,1.0,1.0
0633ede7f29b9123ba368e7d574bd64373f0e9eb93a3a78f21e76471f06a7a44522a7accbe20522a37d3a977b8cd02368210a61f896e92a21396b65b1db6a80b,CLEAR,"DARKNESS, LIGHTED ROAD",DRY,FAILING TO YIELD RIGHT-OF-WAY,2.0,33.333333333333336,3.0,3.0
0633f8217cc9b3a4d1fcd82bee1ced1c170e3e908f6c4a21148bf13e52c9bd49a8cd902ffade472930cea7ae4b665da51169f6167fcefd62d646d77cec32f84b,CLEAR,DAYLIGHT,DRY,FOLLOWING TOO CLOSELY,2.0,66.0,2.0,2.0
0634269dd105f6dd1b0bdab11e8d3bed664584f2ed5b3f1709b0f076db1ada3eca23361f43fe63bd1390b1fcf27c4b42b1ace597f136a8bd07a34d614341f6d8,UNKNOWN,DAYLIGHT,UNKNOWN,IMPROPER TURNING/NO SIGNAL,2.0,32.5,2.0,2.0
06347726b12bc3eca984f25be332a5f7efc3c7b13b3dcf8ba7f8e571a026817fcdbe57eb51b461a94c1cf625596ce4e961360b0015eebc482e80d8d2b5ddfb0c,CLOUDY/OVERCAST,DAWN,WET,IMPROPER TURNING/NO SIGNAL,2.0,45.0,2.0,2.0
06347d80e4659a0a46c9d08c6622067f01ebd09413d25b90282f080257141b73e006801666335002d9e5ce86e087f15a11b83391f1b4a264e6d995191da5f5e6,CLEAR,DAYLIGHT,DRY,FAILING TO REDUCE SPEED TO AVOID CRASH,2.0,32.0,4.0,4.0
0634a10669ee3735fd146d945a2ae3c33bc9e866abc07860a26cb08ce79cfba38a049d717b3647bd1a5c574e138a8cb4c168054568f9aedbbb20bcd4c55ee868,CLEAR,DAYLIGHT,DRY,IMPROPER LANE USAGE,2.0,32.5,2.0,2.0
0634a5f6f000085f66591194f4376345f8596e1ca2bacb1de35bc60bd804f4b3628ce04d68922a8e5a07128b3106bc505fbf2b1c660eff4e87ecb15bc04d6c84,CLEAR,DAYLIGHT,DRY,DRIVING SKILLS/KNOWLEDGE/EXPERIENCE,2.0,48.0,2.0,2.0
0634c5f07ab0f934d2faeb0eb3f6a1a9b904cea092970ff849326268f9872ee6c5ef971fe1e36a337f503716d1c499a888c5154955ee7d7324ccdeeb50996fbd,CLEAR,DAYLIGHT,DRY,DISREGARDING TRAFFIC SIGNALS,3.0,28.333333333333332,3.0,3.0
06350e6c949dd4698b08af1111a12befea0d2e6987ec4464d270c29a2117aa8411e9966f4de81edaeb57b09986653529c6a76cb64edd192a65f80e075f5b353a,CLEAR,DAYLIGHT,DRY,FOLLOWING TOO CLOSELY,2.0,37.0,2.0,2.0
06352c4794c7828f24dc48395c9574cb7a293d7b81cb5af1e721cf367e03013260b9e852ac926bebb018408f449cc95e3d1a54a1da2dcecaaaacacd33d184f04,CLEAR,DAYLIGHT,DRY,IMPROPER OVERTAKING/PASSING,2.0,26.0,2.0,2.0
06353e4118ec759b8f013650e8e602c019dbb1f45ae82c5a067ad130b647d1c2b8bd73d90b4274843287d25e180577a24a176d331119cdc1e87a2d68e5855929,CLOUDY/OVERCAST,DAYLIGHT,SNOW OR SLUSH,DRIVING SKILLS/KNOWLEDGE/EXPERIENCE,3.0,37.666666666666664,7.0,7.0
063549a6d3b1462debc5179dd659d221886a14069d15a8f1bdf0b323973afeeb685da8848f92a6563f34991893c0f76ef263b08641a9b40797986ace848270a7,CLEAR,"DARKNESS, LIGHTED ROAD",DRY,IMPROPER TURNING/NO SIGNAL,2.0,39.333333333333336,3.0,3.0
06355cf8bd0cd1483659e706491892269c904a55cf7cac96384883f843c25bd4916782446ce9aa4a9d700fbdb3d6cf1bed7ccf145927580e051260b9dc508af1,CLEAR,DAYLIGHT,DRY,FAILING TO YIELD RIGHT-OF-WAY,2.0,48.0,2.0,2.0
06358b8d92385ad5e7310b89917e31f37eca630da8f8f02ea2e6ee0fc97b3c7326836e74ee40cf6bc5c0be6eee35f95f5c9aad7dacdbd1daf16192c84b8b9625,CLEAR,DARKNESS,DRY,FOLLOWING TOO CLOSELY,2.0,34.333333333333336,3.0,3.0
0635ba0185245323e2ab18f392f0b81cad10b519809a8867d01c9bd65ca29aba50a8a1666b5ddbba9f4fce279601fa94a4f961e13d9ca1597ea6767ec5c6790b,CLEAR,"DARKNESS, LIGHTED ROAD",DRY,FOLLOWING TOO CLOSELY,2.0,34.0,2.0,2.0
0635c2cd0349813818c1c572f2b3fe776b45e666e7973a92696d5372bd014610ae21c75dbaa1189b8f492315e5758de2ec7a7c5b47b0356983f367acfd339397,CLEAR,DAYLIGHT,DRY,IMPROPER LANE USAGE,2.0,44.0,1.0,1.0
0635eb523158902df23b8017e8b4fa7480ccb893dcf0843435fb56195ea64f5d5fdbdf770d5eb29ad92d8ebedead9267273713d2d66f1ef6d860d1b99bfa1faa,CLEAR,"DARKNESS, LIGHTED ROAD",DRY,"VISION OBSCURED (SIGNS, TREE LIMBS, BUILDINGS, ETC.)",2.0,24.0,2.0,2.0
0635ed2ce651b1cfcd489a6a25b422120cea73f826711755d135bd6173f6b33c87bfffce05f35801a10640465c82f67b53ed52ac3b3e584ad1e6ebd0902f3451,CLEAR,DAYLIGHT,DRY,PHYSICAL CONDITION OF DRIVER,2.0,83.0,2.0,2.0
06361376b6642ea0b551513c19597fa8ed8b27160d1347533dc628d739ea8843a6b169509970bbd2f6d46c20989010df785457fb5f0c2e43290ba6106c707905,CLEAR,DAYLIGHT,DRY,IMPROPER BACKING,2.0,29.0,4.0,4.0
063622ab7aa0161a46c6bf32d166a681ebafbec32c922373023fa2d3720f2b973cfdc3157b2fa22e63f6a514cecf32fb7120978f008e2feab5136f1bc4e691ad,CLEAR,DAYLIGHT,DRY,FAILING TO YIELD RIGHT-OF-WAY,1.0,50.0,2.0,2.0
063624696b46b961e5306e71f18b36253c84c1ee3a12e3213113e07c0698b142c24b651e420ef7e0bdc60639f9f8702a67c0c3fcf876fc197655a7bac1e5e50c,CLEAR,DAYLIGHT,DRY,FAILING TO YIELD RIGHT-OF-WAY,2.0,41.0,2.0,2.0
063637c97ef8d5fb5e0299de41e56dbd629bf1df40d81533263e725897d2cc06b8f9f6bead720f98a134dd8b91834f7e7e6d353338aed9cf84fcb682b6fefb2d,CLEAR,DAYLIGHT,DRY,IMPROPER OVERTAKING/PASSING,2.0,49.0,3.0,3.0
06366ef06c9ac9f1b816d45642299633402c8a800aff6eeedea489c530a8603a55315fb05bc5c97a26b9cdbcf74cdde01ae954bb5b1ad7bdfec946ba62251d09,CLEAR,DARKNESS,DRY,FOLLOWING TOO CLOSELY,2.0,35.5,6.0,6.0
0636aa5429c9226e86f4ee8e5c44a30a185cb00b3167ba069d4665dc92e48dc0fbdf9fefac0bbff7005ed466c069988e6b5b0317e1949bf5b8a8fc3a84c24200,CLEAR,DAWN,DRY,FOLLOWING TOO CLOSELY,2.0,22.2,5.0,5.0
0636da83a8a308e1086c3ea7cabda1977abba1ef9a903d809fc57172fce623ab308b30bd4b41c1f42ac3927f8d9fd60638dadaee8c899a347784761dde8a8be7,CLEAR,"DARKNESS, LIGHTED ROAD",WET,IMPROPER BACKING,2.0,37.5,1.0,1.0
0636ecc6cefd67e9fbdd6a0f18f072e2240790a85feea6632591553bf2063e2a37cfbd601f11511f6483bf0de62360a4c9c8cf544a5cff33295025401a6b8822,CLEAR,DAYLIGHT,DRY,IMPROPER BACKING,2.0,37.5,1.0,1.0
0636f2cbf7c68ebca68cf32728f9825dabc1c569cb2835dd278bdb1cfbf51de717231d90b6f4cd7ac33b8b35d460f66bf285495260017b5bc325b09359a60017,CLEAR,DAYLIGHT,DRY,FAILING TO YIELD RIGHT-OF-WAY,2.0,63.0,2.0,2.0
06370592022e7e81eab3fab4a95b32f09a5db6ee91523fa4e59a57e1e83406c65e58bd44bab440bba6c3738a81951621de3aa5644773a7532f53cd4dd4eee5a3,CLEAR,DAYLIGHT,DRY,DISREGARDING TRAFFIC SIGNALS,2.0,36.0,2.0,2.0
06371a5a6df8c4cad467bb2c116da24afce87672a31ee75fb1dd00a52b27f98ec9253a7060ae45bcef58cd764ed3e24703a1af174da9974cc74317301d7322c1,CLEAR,"DARKNESS, LIGHTED ROAD",DRY,IMPROPER OVERTAKING/PASSING,2.0,41.0,5.0,5.0
0637489b9e5756e04cd00473079aa048a32b0de5e8d71a38e8e1fd12f13bb71740181519a00f61deba3f0e3d5d636fa3e783388c9425ba056a7b7174bd53714a,CLEAR,DAYLIGHT,DRY,IMPROPER OVERTAKING/PASSING,2.0,29.5,2.0,2.0
06375c22ee09c409cf779da7150a38229fb4a857103d08be899ddb4a6842abe8d40d4b37f444132bd2e74f93cf176697504164b46d043afad9a5803222112801,RAIN,"DARKNESS, LIGHTED ROAD",WET,FAILING TO YIELD RIGHT-OF-WAY,1.0,48.5,2.0,2.0
0637a46f0fa27c0cb4e79ac760cffce188f84876a1a9a781c61feefb981ac6f9306efdad3b9e59f8b97f52d086ee6df4fc9fdd40a14e14a58f333683568d7232,CLEAR,DAYLIGHT,WET,FAILING TO YIELD RIGHT-OF-WAY,2.0,58.0,2.0,2.0
0637bf9519616574e42db738d4ec24e759784081c265f8b1f5e2d875d3bc1c91a3132f0de6958648d4328ff871727e3d1ac1b10f7cbaa9e9ae3ca5106e0c5919,CLEAR,DAYLIGHT,DRY,IMPROPER BACKING,2.0,40.5,2.0,2.0
0637c530d06addc86a4c4091fcae2d013877714a1aaafee68357cde34c9874b1d3a4158d4641d5ab6d372b15ad560d8e45bb674215c9beb32e60aad0d808b6f6,CLEAR,DAYLIGHT,DRY,DISREGARDING TRAFFIC SIGNALS,2.0,38.0,2.0,2.0
0637cd4db13acffa960da19491a4d11713212591d8dacf3bf9ab1615febd78fb51431cb666bb74e5a2c678ed097f78135608788035584eef14dd961134070250,CLEAR,DAYLIGHT,DRY,DRIVING SKILLS/KNOWLEDGE/EXPERIENCE,2.0,43.5,2.0,2.0
0637d3e62bd4ff8970fa871cf37479af0b6d18c9602bc707e09a41093c6bcc58d0d9d6046cf7992acfd7253fef77e03cc82ee498b516a38cb12c41e17ed4a433,CLEAR,DAYLIGHT,DRY,FOLLOWING TOO CLOSELY,2.0,44.5,2.0,2.0
0637dcbfbafe1b2e7989b4ef2cd2fab25fb1ff9d889ebfacf5ecc389893a45b33979b8b541dfd0af09d0eea0e9058c7f7f6a639d92da42523d1307b457b87934,CLEAR,DAYLIGHT,DRY,FAILING TO YIELD RIGHT-OF-WAY,2.0,45.333333333333336,3.0,3.0
0637de7adecf555b356c5dc249caea03bc60ffc790a0b473f9245d097f4d0ad4522fecd6cdc356e4686e9d3f9c4c156b238545b53d9629b5e08b584cadc07d65,CLEAR,DAYLIGHT,DRY,FAILING TO YIELD RIGHT-OF-WAY,2.0,75.0,3.0,3.0
0637ef14665d2dc80477289369a010be1dd63c32cfadc6a8485fa154f4b2e369a0dc9e2cf6670f660456d3f9ea9cb0ce11d655f0c727fd420596c61e5a83db2c,CLEAR,DAYLIGHT,DRY,IMPROPER OVERTAKING/PASSING,2.0,40.0,2.0,2.0
06381997f1dcc9b8bda1dbcfe7cdae9e0e19d7253c6547fa7081fcd2244f6b1ec6d98a4fe9ae2c6eb2d5dc0c1c8d4cfd84be059aed661f21c77ec8544358dc88,CLEAR,DAYLIGHT,DRY,FAILING TO REDUCE SPEED TO AVOID CRASH,1.0,20.0,1.0,1.0
06382e10005a8adbcd354e2d534482af1694171498c309914ba620feef739da5bc993ce84dc82d5bff82369077d4bf50a4c938cbf4848409bd75dd8b4a280bc1,CLEAR,DAYLIGHT,DRY,"OPERATING VEHICLE IN ERRATIC, RECKLESS, CARELESS, NEGLIGENT OR AGGRESSIVE MANNER",2.0,28.0,1.0,1.0
0638394805998dc5a63a6811650432ac6e40bf0e3681c396e5b27a60d105e1556dbf570bc6978181b91f250cbbaad324325843728aad2d78237109a635051683,RAIN,DAYLIGHT,WET,FOLLOWING TOO CLOSELY,2.0,47.5,2.0,2.0
06383f6c4e0f3f4d71e8abfc69d5aa344e3ac324d81429dfa1a4460c69a1a9bff581400d202b50ebddff6a0d2df5d48e77ddf8bd4a66cd265fd7f0f5a12b1c1f,CLEAR,DAYLIGHT,DRY,IMPROPER LANE USAGE,2.0,33.0,2.0,2.0
063843e2799d23512377ca145ce8a117895918b28247202a28832ca17cfed869037541ba2f892b0854c81a6fdcb0b660fa87d3a32e761f2bec1a35ce1fd50daf,CLEAR,DAYLIGHT,WET,IMPROPER OVERTAKING/PASSING,2.0,37.5,1.0,1.0
06385d9126a1d49e5d78144cea1c8083a8863cb2681070d1221088b5342fc7d97b8e376e6096888da33bfaffe6326c3acfb6510afc4d7a04043d6baff64f170d,CLEAR,DAYLIGHT,DRY,FOLLOWING TOO CLOSELY,2.0,21.0,2.0,2.0
06388df6ee5aef10e9e87e2c386b1c65d83641801c08c2e87ed78efdbcab66af8e3bc23f197edb3128955b20c384ee76df6056ba1c3e7f7f75fb96f0b6f5690c,CLEAR,DAYLIGHT,DRY,IMPROPER LANE USAGE,2.0,27.5,4.0,4.0
0638c8a94b47dbd56ab8bdf58f0ce07d4748174edfba2f5f0022c3676c4dead57e6c11e15a4923e74093963b2df5bf2109d3b7debdaa89b88945c545133505f2,RAIN,DAYLIGHT,WET,FOLLOWING TOO CLOSELY,2.0,24.5,3.0,3.0
0638cbe909af555c6e1f2740b03ea09823df1070e689bcec3c55b7b6ed3d544c419e821abdcf91dc201e2581e15274e2963c810f85fe3f6b16658c133961d538,CLEAR,DAYLIGHT,DRY,FOLLOWING TOO CLOSELY,3.0,29.857142857142858,7.0,7.0
0638d8a1c4ca68be22e8114e77319c7bb6fc1cc6d4a2e894261722df4eb213aa872a0ce60bf1641a45743fd748ac84cb3f570f68756a5eb400fcd847f25d1676,CLEAR,DAYLIGHT,DRY,FAILING TO YIELD RIGHT-OF-WAY,2.0,43.5,2.0,2.0
0638de210f8d963f5bacc33252c75b87663be96be8782a6585f5f0ce6c9279d3625bd5cb04aabe332a887f6c06ebf0ed81dc89b81573d7032207afa58006e2b1,CLEAR,DAYLIGHT,DRY,FAILING TO YIELD RIGHT-OF-WAY,2.0,48.5,2.0,2.0
06390681a60607b76402b4b40cef1c792621d6d9612e8e90c12f6b31106921f5d5fb8b35df99879eee46ecb4e82402222d1443c03e6056e8de34385f972176dc,CLEAR,"DARKNESS, LIGHTED ROAD",DRY,DRIVING SKILLS/KNOWLEDGE/EXPERIENCE,2.0,41.0,1.0,1.0
06392e78aa32cf9aefa189e4f8902da20d481895ae455a69a0c464206be96b7b073c7fdfd862f466fef96de446b241d7e77a902c5382bfded436a64f085a06c0,CLEAR,DAYLIGHT,DRY,FAILING TO REDUCE SPEED TO AVOID CRASH,2.0,51.5,2.0,2.0
06394fc25cc38273aa080a22339d9fb43e8e16359eb10f272d16550f4704d05d90be64087a88f96e008ed1aa3205629d0598049250283beb349b49c414f42417,UNKNOWN,DARKNESS,WET,FOLLOWING TOO CLOSELY,2.0,21.0,2.0,2.0
06395a885aab8b1b387ff275486927e81181cfc527eb1f526363aa368f8b8947691d2da953398c893cc533f25a08cf5c7a4c48b02cce282b57abcef247b6e033,RAIN,DAYLIGHT,WET,IMPROPER OVERTAKING/PASSING,3.0,20.5,2.0,2.0
06395d4bfe3c2c82ecf5057cb4c5a02d17edbf0c951961de77076cbc17fd01da8686e065f107707e47da6d5f997d368f39f58546f8b9567fe2fd85852514f5f3,CLEAR,DAYLIGHT,DRY,IMPROPER TURNING/NO SIGNAL,2.0,24.5,2.0,2.0
0639921bf9d3f979f2b2571575711febcb26e71de1040f586770030e144a2ab579b3574a41eac4760ccb8c6cb7cf075bea87378bb91c6ef081c3a48ecfa4203c,RAIN,"DARKNESS, LIGHTED ROAD",WET,UNDER THE INFLUENCE OF ALCOHOL/DRUGS (USE WHEN ARREST IS EFFECTED),1.0,24.0,1.0,1.0
0639dbd5db6692684c29ebdb0119f31c25d94f2d34525ea198347360f3710d138ea26c5430c31bdec11964582265f2facd84c47cc77a1d21ca63b6a7bd8aaf50,CLEAR,DAYLIGHT,DRY,FAILING TO YIELD RIGHT-OF-WAY,1.0,35.0,2.0,2.0
0639f7906d41ac7358af4e16a109fd41ab1ff2ac2990fc823f87c3ef48ad3d81113ec15f2f3a229b088a2d8544880feb84771c701191048be572ca202c7e642b,UNKNOWN,DUSK,DRY,FOLLOWING TOO CLOSELY,2.0,49.0,2.0,2.0
063a08bc02d039a85fdef57877dc9a2bd8ad2ea31ce3f5b406b96aae8e63ce5f44e018b63f40ce57e734746fbf00059d071b8dfc221d6945065c8987a10274b1,CLEAR,DAYLIGHT,OTHER,FAILING TO REDUCE SPEED TO AVOID CRASH,1.0,41.0,1.0,1.0
063a1bd31eac7981dd96adde307c78eccb1f00dc6a1185953ce3e3065991dc18520573fb743918443c3655500a939004375ce99a78004e18c397427f52be92bd,CLEAR,DAYLIGHT,DRY,FOLLOWING TOO CLOSELY,2.0,22.5,3.0,3.0
063a1e4f8fd28c1864cc99a3b549c19930fdb50cdc03100f267ea61023fb9ce8b8bd2bc4e0da19cd13cdcde51a8190e65133d198eded13ec4986af8a48880fe4,CLEAR,DAYLIGHT,DRY,DISREGARDING TRAFFIC SIGNALS,2.0,57.5,2.0,2.0
063a32bb5fe65944fa0f4c140d9127b4455face28166229ab4aa9292ae3243f1cbe48862928360c7df2c3b7d56565b183e72a19f8fc16ec2cc96374b7df58864,CLEAR,"DARKNESS, LIGHTED ROAD",DRY,FOLLOWING TOO CLOSELY,2.0,51.0,2.0,2.0
063a59ff09b351eaa2d8257745a300b78c1f87d9618a7da8e45117725de89c15dd3c9f4430e55f7f080a0723ca8b839bc8036248baffab1a0e877ce9e81c129b,CLEAR,"DARKNESS, LIGHTED ROAD",DRY,DRIVING SKILLS/KNOWLEDGE/EXPERIENCE,5.0,49.0,1.0,1.0
063a5c1af7a7ea206ddf9fb4f579ca10532804b10d01074c30861125a1d90f62672dca957bcf473bf64302f66d12586b8e4168971e538e8f48f536553f5ddddd,CLEAR,"DARKNESS, LIGHTED ROAD",DRY,DISREGARDING ROAD MARKINGS,2.0,61.0,2.0,2.0
063a6a86d6d64efa4cae9b1dc1e7273ceaebd639585095a6e1f416e9ae3ede5ff30b66070dae1fcd0a775f97f8e62c4adae1c0177441115673053e1d0e2cfd4b,CLEAR,"DARKNESS, LIGHTED ROAD",DRY,FOLLOWING TOO CLOSELY,2.0,37.5,4.0,4.0
063a6d6252ad03ea3d96c1836f37adb2819ecaa4ecfabfa7546b9bff1f58d25a5a8790305ee11f1795d0eadd4c4367fff0bd788366617903588d1697d82c7cc4,CLEAR,DAYLIGHT,DRY,FAILING TO YIELD RIGHT-OF-WAY,2.0,27.0,3.0,3.0
063a9d6c6a7bb826f12708c0ac6fc6977c36f181de716e98ff46c1dbb3cffd85c85bfa16663f3913e36813b23aa753b23f41c2f4efc9a03fc08581cc322fed0d,SNOW,DAYLIGHT,WET,DRIVING SKILLS/KNOWLEDGE/EXPERIENCE,2.0,28.0,2.0,2.0
063ab7962ff74565b469717f35658d5450ea05f74566b5b580a0b80861c7c775244158e785bd6d17f6401fe35a13e4df2b3d66d3a39e493ce4850ec73ac47fb2,CLEAR,DAYLIGHT,DRY,IMPROPER BACKING,2.0,63.0,4.0,4.0
063ae836e773b39ac60a1448168d26891c27053ecb503c114eef489341d041b8b53f065bc766f0f95890b13d04a25c06601f7bbc7a6632f6b6c3fec97c06bea3,CLEAR,"DARKNESS, LIGHTED ROAD",DRY,IMPROPER TURNING/NO SIGNAL,2.0,43.5,2.0,2.0
063ae8e9b25044c387ce047d96b94b6faaa72baad9b662377679819043805ceac2615ea90cccd102ef774fbf66b3973b72f078015bfd927506a04b4e34702f0d,CLEAR,DUSK,DRY,FAILING TO YIELD RIGHT-OF-WAY,2.0,68.0,2.0,2.0
063b17e8e5e0cc5937474f77ba7efba393bc9a54e8e09c66cce728637f9c468556a16ee2947b55b0783082e0d190d4255366118b0f869c972ed225fcc89f2fe2,CLEAR,"DARKNESS, LIGHTED ROAD",DRY,IMPROPER LANE USAGE,2.0,37.5,1.0,1.0
063b40acb41bc9ca60ab7e168d5e97e70621f9e0b49c0235ce4af80d4cadd388d8f8adbdf8d6fbebc2e8d7a8d53861dd15995e1e905c656794957a3adfc8016e,UNKNOWN,DAWN,UNKNOWN,IMPROPER BACKING,2.0,28.0,2.0,2.0
063b6e1aa70567d7f5f4201730e1528311ab3962c12f420ed69b7886f2f5d13ae254c754c7c8198882108e68f4fadd6da7885aa0257e905ead0371907f39bf47,CLEAR,DAYLIGHT,DRY,FOLLOWING TOO CLOSELY,2.0,38.0,2.0,2.0
063b88f867634273748c107f743a144a8c8ce83b62aa486f94acf335663217525baa95c5bc9d1f29357a7733d3b866f17ab90cc674f0a13cfcc5faad9e2833c3,RAIN,DUSK,UNKNOWN,FOLLOWING TOO CLOSELY,2.0,30.0,2.0,2.0
063b8a3fe0d6a8e195f834e1a70cd041da58e723159ecb0d21c4cef44cd57c7c75ddb56ab30eefe4c36cafe576be04e2190f78e75f0edd85f7d7c48cfb09e64e,CLEAR,DAYLIGHT,DRY,FOLLOWING TOO CLOSELY,2.0,64.0,2.0,2.0
063ba989c2429a2282c454d2045051f45bc8e3e6e594523aeff3a6fed4c2103d6dd78be360a621f7ed556f03274a1e238a0c44d304e83ac71be6e0f02f11f0f3,BLOWING SNOW,"DARKNESS, LIGHTED ROAD",SNOW OR SLUSH,WEATHER,3.0,37.5,1.0,1.0
063bd7130481d93b70b110c00e820e8c9ff012866db607722d1744bd67769a4729115b05cf60aee97c8929cb06103d395a70c645cfc8479926ebc12c8d0615df,UNKNOWN,DAYLIGHT,UNKNOWN,IMPROPER LANE USAGE,2.0,10.2,6.0,6.0
063bed3aee45a2c74e315c9fe94bb72373fb853aa1c5bb7ad7d00aa8510270aaf8862c06c69b0f83bdebbe69a29992888fb9b41d7eb0faaedad36bef22bc8f52,CLEAR,DAYLIGHT,DRY,FOLLOWING TOO CLOSELY,2.0,52.0,2.0,2.0
063bf74031f85b117f24d74d09f6c8a88bcd243c0a7323593695fc2c9006fc1677012dd49b4696cd56bae62ebd69111fda253b4a85ef44358a8c4c00d5c7bc5a,CLEAR,DARKNESS,DRY,FAILING TO YIELD RIGHT-OF-WAY,2.0,26.0,3.0,3.0
063c2482fcb45e8fe460bb8432feb210cbb8eadd651002ce9ab25c76e9324322114b30d096c09d77a0809d9880732fd39538c6425f02c877b3fca8b7727c44ef,CLEAR,DAYLIGHT,DRY,IMPROPER BACKING,2.0,61.0,2.0,2.0
063c444337e207c1b60cada9076ca1124db874096c1df3ad0e043489783f1de3142d6d0ae52803a2c8536548dc3ba6a263f6b2bfd6d4daf82478dfde9336c30e,CLEAR,DAYLIGHT,WET,DISREGARDING TRAFFIC SIGNALS,2.0,47.0,3.0,3.0
063c5a6a3b2c801ab5af3badc35713d2a6272838834ea9c2f98c1262ac84f4c1d78839d9fb04bb072e82879bc82033c847a037ce953d39336336c8a190212502,CLEAR,"DARKNESS, LIGHTED ROAD",DRY,IMPROPER OVERTAKING/PASSING,2.0,36.0,3.0,3.0
063caaa6d2ebda6a2045635daa1fb7eabeee690bd503b74dbf754dd0d93fa2519bde6f2f33f327e87ed296afc9a9f0624e8f44654c0654e29d525acae9c4bd51,CLEAR,DAYLIGHT,DRY,DRIVING SKILLS/KNOWLEDGE/EXPERIENCE,2.0,37.5,1.0,1.0
063cc257372dd87a4cf3a37924dd1e958134e271f6d1d4754543b79122f2f24ce3633d2ee7e1e68bec1e0e99f5be89d4c10cb975449ee78c608634738979ed40,CLEAR,"DARKNESS, LIGHTED ROAD",DRY,FAILING TO YIELD RIGHT-OF-WAY,2.0,28.0,2.0,2.0