crash_record_id,weather_condition,lighting_condition,roadway_surface_cond,prim_contributory_cause,total_vehicles,avg_driver_age,total_people,total_injured
063cd3081c83f4e6935adaba68708b28f9c68e45ada27e3aa06bef68c17ff4cdd5ab6a344c7c1546f2e7e7fafccf4e2b698c3402868b31bf4095e3fe3c1e263d,CLEAR,"DARKNESS, LIGHTED ROAD",DRY,IMPROPER LANE USAGE,2.0,33.5,2.0,2.0
063cd7a9e8cc0314f02c9d5ab3aab70451b33204eebe6d2a8a1878fd4e94d0634b8bb767efbc74b0a9096374860c9d919ce8cf741331c66642af862380f6f99b,CLEAR,DAYLIGHT,DRY,FOLLOWING TOO CLOSELY,2.0,56.0,2.0,2.0
063ced23afe14bb2d7111922b9b9e9abe0a99fc17de9cd1347123db064f85dee585d9ac9bd1fdedae2960fbd5c9bad914b2e9e1681c07de992a56f0a3c3773bf,CLEAR,DAYLIGHT,DRY,FAILING TO YIELD RIGHT-OF-WAY,2.0,46.5,2.0,2.0
063cf8b9ec7df862050d109bb0e88c961e3289546e95c502554218488221d7fd5ecc5b50ee05ffdd9ea8152c9c1e34a50f97230d373c1acb790cfe3e2bc41c14,CLEAR,DAWN,DRY,FOLLOWING TOO CLOSELY,3.0,23.333333333333332,3.0,3.0
063d7d23c4f3e3aa5eb9f4e20613694bdb9aa19da61a882fb6336eede3823dc8be15a9f50454310d401c439e3d30f4d1875298fc6702d26a0c921126b22fb0cb,UNKNOWN,UNKNOWN,UNKNOWN,IMPROPER OVERTAKING/PASSING,1.0,36.0,2.0,2.0
063d7dbe9a0c8ff770202ad7984d211b1aa560af86f1c0ab0f57de386e3297d3b755d8958656ac2f79accb76b1a2f924078b258eb7ca0ea0b5ea8ad68df8bb2e,CLEAR,"DARKNESS, LIGHTED ROAD",DRY,IMPROPER LANE USAGE,2.0,45.0,2.0,2.0
063d94dae403df915e345356af6c94b9f50e9b7afbd6a0cbccff6a083d23ceca71fd0bdd0056c1fbcbbc0d270f92d247d8071c5048a9c8d5b2d62b1cb0b0295d,CLEAR,DAYLIGHT,DRY,FAILING TO YIELD RIGHT-OF-WAY,2.0,36.0,2.0,2.0
063d98ee6eb187f2c875a5715f0298b0bbe08d4f9a5f8c851870b5dc8a7c7d60a4d974f7960e93b060bc3f1f089ba398749424724edee15ac80df72f49521b13,FREEZING RAIN/DRIZZLE,DAYLIGHT,SNOW OR SLUSH,WEATHER,2.0,39.0,2.0,2.0
063da6d06bde1c2a246e6c334aa6e28e8a801003f3643de2a59c7841b0a9a24bda840897ae4a6dac965c322e95efe69121afccd3f74f2f50b98de090a162e28c,RAIN,DAYLIGHT,WET,FAILING TO REDUCE SPEED TO AVOID CRASH,2.0,44.0,3.0,3.0
063dc51886cd95807c4ccb49ddea208ce6e67bebcaa4d0a31c82b53a58b1f02f7af3f073dd852b8203124c428ae8f14e2c17a2875307389b3e226bfbb4a12978,CLEAR,DAYLIGHT,DRY,FOLLOWING TOO CLOSELY,2.0,39.0,2.0,2.0
063dcc84466ec59b0c8a6ad4364d35ac06dbae34f17f6211e2303be81754615eb909e17eb12aea6932dcd25599f804f558aa3f705f31de9ba92fe55553a0508e,CLEAR,"DARKNESS, LIGHTED ROAD",DRY,IMPROPER OVERTAKING/PASSING,2.0,40.5,2.0,2.0
063dfde69cdcc7eaa74fafd9b10214a3821489bde6441099855ef403e6c3f77e761656062eb5cc1e2ee5bca4df23c3832f94d848de0db275187797c23d97f74b,CLEAR,DAYLIGHT,DRY,FAILING TO YIELD RIGHT-OF-WAY,1.0,67.0,2.0,2.0
063e12e6c100e8385877170a213affb66002690eafbcbb51bc6604143efb99641a58e3f7bd67a5e3809f4d04551dac82d3be7b36f86cf93b430b8427cde0da80,CLEAR,DAWN,DRY,FAILING TO YIELD RIGHT-OF-WAY,2.0,26.0,2.0,2.0
063e1ebe21f77793855e9227233904846d1fd24b4e235f446b8d28697c90c6982a2c845444af565ab81b8c93c37ac391093d93cbfe42adb86c0750f78777e476,CLEAR,DAYLIGHT,DRY,IMPROPER OVERTAKING/PASSING,2.0,23.333333333333332,3.0,3.0
063e5db453d1fd24117f155a1711bb8c36b7145c6d3e46993221b0f96d5027c6a3be9413e82654a2081d3d58e204f9085c58c06e57ca11de958db310521abfb0,RAIN,"DARKNESS, LIGHTED ROAD",WET,FAILING TO REDUCE SPEED TO AVOID CRASH,3.0,31.333333333333332,4.0,4.0
063e78d9d17d4bef99b75eb5e4a6102569d6e8986bf39ef9ab08cb22c44c3bdf868943adadda551da947bfad4c948e21db89fc263f0fd223feef1e35f41fcd8f,CLEAR,DAYLIGHT,DRY,IMPROPER BACKING,2.0,38.5,2.0,2.0
063e97ca6f496e581cb24dbfc4bd9303d824015dbda64f378f5a9e2e93d451a66c48dbee2c77aeb4293983c9f92fce65286079d5534e1d1183e2c89b59c9d662,BLOWING SNOW,DAYLIGHT,WET,FAILING TO YIELD RIGHT-OF-WAY,2.0,36.5,2.0,2.0
063ed1f7cbd83bfca7fa7e1bbe752454e2e05f2ebea2ab6f7b2085be4557e007493963924799d10d67a2032cc88b75d6981ddc530b419d9f9ea50953dc754113,RAIN,DAYLIGHT,WET,FAILING TO REDUCE SPEED TO AVOID CRASH,2.0,31.0,2.0,2.0
063f4a470375b3dcc0dfd315fd40f3badef7474b8b17f3195b8caeeadeacefd737539e49e4f6cbcaa0abe9e830c6bcf662e685e6d056e029567b2f5dfd042df6,CLEAR,DAYLIGHT,DRY,IMPROPER LANE USAGE,2.0,63.5,2.0,2.0
063f5882ff1a956735909f3e0b3815409f7f9a8752bd20d7628f696dadab585f05e2dc735d5cd6646cd6e148995a637ba001bd97de46b0cb2cdadcc06d22bada,CLEAR,DAYLIGHT,DRY,FAILING TO REDUCE SPEED TO AVOID CRASH,2.0,37.5,1.0,1.0
063f761d7f54cd8c079e2fe7b41390a455692be64a9c0d603374e96ac0581296190993815f65540e5c22f8d0681b2d28f2ef9ce457d450f6d21e76e2e6d8158c,CLEAR,DAYLIGHT,DRY,IMPROPER BACKING,2.0,37.5,1.0,1.0
063f834f6914ecc3d906163d6c37c131c35f27e597ab38b020a91ad0b4d57e7a65c1ff0adb8a77b81a7e1c67bcc1e776af019c8e064dfddfc5edd6a6d2328b68,CLEAR,"DARKNESS, LIGHTED ROAD",DRY,FAILING TO YIELD RIGHT-OF-WAY,3.0,22.5,5.0,5.0
063f956ab055a3a63b2e64869200d3df15f175f59df35f757e6992e14b78fe1d3d6adf38fcd42d5f3f1d90b8c050f52aeb716fa8e981554f9f8f8af780eb3c07,CLEAR,DAYLIGHT,DRY,"OPERATING VEHICLE IN ERRATIC, RECKLESS, CARELESS, NEGLIGENT OR AGGRESSIVE MANNER",2.0,40.5,5.0,5.0
063f9bb045f6b994c921362fa8de2bccca101fbcf486b3b4a44d7e6b6fd80e1ed5e6ad1714523d2cc3949ed258174b09fc0c77a479eea6f1402b0e97ee6cc3a7,CLEAR,"DARKNESS, LIGHTED ROAD",DRY,DISREGARDING TRAFFIC SIGNALS,2.0,43.666666666666664,3.0,3.0
063fa6eef464bd053d7cf26cd8955aec2e7c1e308bc7be4c28170ff749f04fe6540373705602f08912e431bdbf63591446e96ad9b07bbe2ca0221d2ca490b24b,CLEAR,"DARKNESS, LIGHTED ROAD",DRY,FAILING TO YIELD RIGHT-OF-WAY,3.0,27.5,3.0,3.0
063fb877d41a1ff24544017c3fe3fd2fbd3d2490a3dc36732741c379837a2b33a1b2258ef8577dc72e571e50bb45af8d6b064d5b6d8bd6d6a67d459b5a29230f,CLEAR,DAYLIGHT,DRY,IMPROPER TURNING/NO SIGNAL,2.0,27.0,2.0,2.0
063fe968bff058f37c2c041190e025d0b9b41ea10ba02b69c312f54572608bc5d82c24d50db3cd314e38a6e35c7be9d74a96b8e289ca560190d688462aeaab80,CLEAR,DAYLIGHT,DRY,EQUIPMENT - VEHICLE CONDITION,1.0,40.0,2.0,2.0
063ffbde1a5ecaa2e192829e5de639b5790242fdcd1f681d85d92fc2839d5c1f26f345f346d4ba70dc3c4c41d96ec2c4092846db6291867034726f5fa38fce1e,RAIN,DARKNESS,WET,IMPROPER OVERTAKING/PASSING,2.0,65.0,2.0,2.0
0640215b0dbbe2d2180d30ad2c6e135e453c21124a4cb72e2e31aac9a1ccf8c60040d340eb26ef2bc9b9cb3d0b9db208a6f3b644e0b55a9bd7cd8bfd1d69f9b8,RAIN,DAYLIGHT,WET,FOLLOWING TOO CLOSELY,2.0,43.5,2.0,2.0
06402e1a0f5cfbacc784045244b7b3a363a54319b36c86d81086305ac0d1811e5188cef862a24d6c8295ee66121a1003dd2c36b8244e49439cf03f92e545906c,CLEAR,"DARKNESS, LIGHTED ROAD",DRY,DRIVING SKILLS/KNOWLEDGE/EXPERIENCE,3.0,37.5,2.0,2.0
06402f643d7e4ab1f35658f361deea8db85a4f1b912620bc911d2fc7c6a8048c8cdaf498c76fe0abe4dc42c06970919f2a36359078d517c6f0b3fac4e0c31d03,CLEAR,DAYLIGHT,DRY,IMPROPER BACKING,2.0,25.0,2.0,2.0
06404a7f979e9c54448a41b667c8f2f9a3770e91d4672aaa3ed1e0bf82ce6e2c3fc2b6544df2e2f67a26056eafcd1e98ffae69ee2478f19c5b21b5686d3b226e,RAIN,DARKNESS,WET,IMPROPER OVERTAKING/PASSING,2.0,61.5,2.0,2.0
064056078c64f4248cee468c445782b1037743436596d11369fca7b303d08743a67f8e645ad437e8290524e020d74a08d28b2f7cd07492189402a4207aedbcde,UNKNOWN,"DARKNESS, LIGHTED ROAD",UNKNOWN,IMPROPER BACKING,2.0,37.5,1.0,1.0
06406b192c58d40bfb1c30b03b1f3fad847daa242af686c00fb8604509939baff460cd89e361292b14a03b5d8a092e9458aaea961397c171204af17f7c3211c6,CLEAR,DUSK,DRY,FAILING TO YIELD RIGHT-OF-WAY,2.0,65.0,2.0,2.0
0640a376574978d2dfb7be5700b5a425aca0704d653bcea5ecc4db5a353c00f3bdb7faa9ded76f94466ffc6280760dc347786bfb9f1a5d82d3a235db6e943b10,CLEAR,DAYLIGHT,DRY,IMPROPER LANE USAGE,2.0,26.5,2.0,2.0
0640b55e7c0c7b050266a713e928115b16a0fdfa7c7bfc2c53ffdef499451ee27a5f9cd84f66a470d10c868d482a28c14d8e5e105fc4193c2c79e887cc0d571b,CLEAR,DAWN,DRY,FOLLOWING TOO CLOSELY,2.0,27.0,2.0,2.0
0640b658666f8111774605d4208205981a288ad8f251322fe89d4cd683ecbf4860bff01d4bbd0c5e87e11bee3ba5074de229c7f0cb4bd81b391f31ddff32ce53,CLEAR,DAYLIGHT,UNKNOWN,IMPROPER TURNING/NO SIGNAL,2.0,16.833333333333332,6.0,6.0
0640c40c2f3f2f7829149bf0b07ebc8d62a1f084a97d4fea8ea7a0aa4d4b1a011955ec543ce422b5300899defb9a576b192447683f04b76c878cf835592c47f2,CLEAR,"DARKNESS, LIGHTED ROAD",DRY,FAILING TO YIELD RIGHT-OF-WAY,2.0,54.0,2.0,2.0
0640d0a59b1ba968dcd785c42f659e6ed3dd1f76866a057113b88d6f812c2ab15d3d5b4f3c6bc0a22e40db997417725e04a76aa3086b37e9d14a7c9947a4a990,RAIN,DAYLIGHT,WET,FAILING TO REDUCE SPEED TO AVOID CRASH,2.0,26.0,2.0,2.0
0640e1686265a5c6701d214eb6e7b8c256cf280cda6c3bd78b17043889df8e7be052cdc066865b64b827ab5b1e196d9be3a6bb5a31d6db9f2712534df7a79d18,CLEAR,DARKNESS,DRY,FAILING TO REDUCE SPEED TO AVOID CRASH,4.0,37.5,1.0,1.0
0640ea0addb33d4b4108ee2b8e13393c82a57fa06a6136f2ba70182af4177fae9ecf484a21f44cb0f03e90816d25b331bec1312d7ac26b2cedf3ea17b0963820,CLEAR,DAYLIGHT,DRY,"VISION OBSCURED (SIGNS, TREE LIMBS, BUILDINGS, ETC.)",1.0,28.0,2.0,2.0
0640fb35f5e678f9fe1c737205ea7899c8fa21ebbf81b2db3b39a4e678de03338a8401cea0a7d3ce88e00e547b6bca10f95d7332e4abf768a4bd59bab07b5afe,CLEAR,DAYLIGHT,DRY,IMPROPER OVERTAKING/PASSING,2.0,31.0,2.0,2.0
06412531a39da6b91074e022370e131c933e1d4ca0fc15e3a42c8aa73cc4f5c2a8fd1e49a5170d10be777b7e2a2ceaa2944eb7f2f38a7d241cc6297b8ee6f433,CLEAR,DAYLIGHT,DRY,IMPROPER OVERTAKING/PASSING,2.0,41.0,4.0,4.0
06412eb80e8b5f36ba5f4bb099072f2569473fc506f8176706f69f22d3c82efafc069c2490f8ddd78c922ee26c01e52f9b302d9204736f45d4df5eebf839173c,CLEAR,DAYLIGHT,DRY,FAILING TO YIELD RIGHT-OF-WAY,2.0,40.5,4.0,4.0
064132024b0cde41f8d9badfaaaacf58faa91e62be2cfcaca9f0c5d75e3040fa733488c738a0ca3ac09028cad34e9c5fec90af15748a4d9952230de7d84414e9,RAIN,DAYLIGHT,WET,IMPROPER LANE USAGE,2.0,42.5,2.0,2.0
0641614958836cb147de0a2c9ea8159242900708b67c6c45eb210145f2153a5414f61ea5be183fbf590368d5cc9e91bd7b6bb60b018a5c3820e1682ac1744caa,CLEAR,DAYLIGHT,DRY,IMPROPER BACKING,2.0,36.5,2.0,2.0
0641976b5ab71071eed64249501c74e9a6a6f8fb9db8689f8e84d51fcc745e248e36ca676bc99ba797c7768968c4918890182bc82dc492fd973b50d9cb344b02,CLEAR,"DARKNESS, LIGHTED ROAD",DRY,FAILING TO REDUCE SPEED TO AVOID CRASH,2.0,37.5,3.0,3.0
0641b7deb0e589047cdf6683d9489e9d9a585c99ffd1e10097247b6f683b7798381d412451eba71ce9bca565a25c1fd539b0991dcff1ebf2835c184467e084a9,CLEAR,DAYLIGHT,DRY,DISREGARDING TRAFFIC SIGNALS,2.0,47.0,2.0,2.0
06420040416bec1388b7bb5dcaedae71bcdd94f281431abe7d73fa42f5c074e17a76d5261e654c10a172adaf0fbe27b2b941d6105e57d5cddc43feca6785232e,CLEAR,DAYLIGHT,DRY,FAILING TO YIELD RIGHT-OF-WAY,2.0,54.0,2.0,2.0
06420cff13a01d6c241b47b22b87be5ef6717c18535768aef9a28f43de4bebaf30bb6efa476df170ca1f2396780ae41f8076e649aed83992b99b6a870f7667c4,CLEAR,"DARKNESS, LIGHTED ROAD",DRY,FAILING TO REDUCE SPEED TO AVOID CRASH,2.0,19.0,1.0,1.0
06421dd25e7e800708c0b613132d70e51e7b543fd6d2b6a96072c25537aeae7a151685bab3912d517aaec27374aefbea388136ee17e3801f6a2638b9751f669c,RAIN,DAYLIGHT,WET,IMPROPER OVERTAKING/PASSING,2.0,24.0,1.0,1.0
06427e77663533435e18dbaf594aedc6113127cd8e9211934c3b588d654002d1ed5be04f9c2310556f28c6265035c9d6f298efc191a26cdb05b3b945ee2007fe,RAIN,DAYLIGHT,WET,WEATHER,2.0,54.666666666666664,3.0,3.0
06428e6fa0d1a7b6fc103612790a172a72b1727fd180f03d41deafdf2312ce75969d38709a88c4de9f8e3937ca3d1eb1feb832a9d1b882d04f39709278a7d968,SNOW,DAYLIGHT,WET,IMPROPER LANE USAGE,2.0,32.0,2.0,2.0
064291f419b99f1318eff5180a7ac76454132e627148cd8e12ae98ae0a21f97a3ce4c38f8dfb56b77a39f8d346733858c212ac8683c080dfa7d33cca778ca2f1,CLOUDY/OVERCAST,DAYLIGHT,WET,FAILING TO YIELD RIGHT-OF-WAY,2.0,35.0,3.0,3.0
064292871fbce4a080c2b7d2cdbe67ad4ebf58c6474477f4e7acc3a5a6c3fdc1b40c6585478ef265b01fca76215b7a02cc6b0167d3da819aa55c7769f6debe43,UNKNOWN,UNKNOWN,UNKNOWN,FAILING TO YIELD RIGHT-OF-WAY,2.0,54.5,2.0,2.0
0642c6f2f85e9b6aae289cea0fb8f485c1ac6115ea5622036dd1f1aae0d5106da8dfaa737f97527db6b7a53642c8698f56e48a2ab45fef7e9c38a028a8556b74,CLEAR,DAYLIGHT,DRY,FOLLOWING TOO CLOSELY,2.0,31.0,3.0,3.0
0642cd67946871964f87d8fdf0696225ddbe3463724815328817c2970fba2e804ebd867f5f638b7fdb5d853fd02b96973e40000793fda5ddca991dd8a7f4d2ad,CLEAR,DAYLIGHT,DRY,FAILING TO YIELD RIGHT-OF-WAY,2.0,45.0,2.0,2.0
0642d99b66d15fb3f145baa9095edcb0e5c1e8df2fc16993d8696be055df5ec43f9a98f0a6ece4e1657d724f0dbc89a1d8ba6200903072579d31caf68d7b4e4b,CLEAR,DAYLIGHT,UNKNOWN,FOLLOWING TOO CLOSELY,2.0,33.333333333333336,3.0,3.0
0642da190d546026ac0717f943b358ff1db2dbe3c9502514a128e046eed35f024281b1606fecdde7966ae3d540d66b3e1b1aef0a7ff36daa9f459be98299ffb7,CLEAR,"DARKNESS, LIGHTED ROAD",DRY,FOLLOWING TOO CLOSELY,3.0,35.25,4.0,4.0
0642ecf3ba56782090d31b546b9ad0a6160d4d0dc2db9cbf36a755625504a9c36ab87c9a53e4e33904c6b460adce393ce3831f7dc77c2aa945a1825de51db7d5,CLEAR,DAYLIGHT,DRY,FOLLOWING TOO CLOSELY,2.0,48.0,2.0,2.0
06430758f23f74278ba2c450319368920006aaa741fccda3665df115bb5906f88ae68234ba02d1e95fd1b843acd16b630900243f1d1e86f38a3ae47721a7dd96,CLEAR,DARKNESS,DRY,FAILING TO REDUCE SPEED TO AVOID CRASH,2.0,31.0,1.0,1.0
0643087086aad9511576ec283c67318605e5075937b781db12021466e46368dc71ab8ac493346b49a4b8c106e4f62ea569dddc28d54ee7df68722769176c0bb4,CLEAR,DAWN,DRY,IMPROPER TURNING/NO SIGNAL,2.0,31.0,5.0,5.0
06430a260a33d09e5479c2e225c96b5ae6557ae0d97fc5df269b22ddf61b62d63eb4a7a4211762718e0de529e1d4ea9139f60954c29daea39ebf5d2af4dd0d90,CLEAR,DUSK,DRY,PHYSICAL CONDITION OF DRIVER,5.0,46.142857142857146,7.0,7.0
064313837ff5dd7141884186b9a4f2faa32790b35b98a69d0e26793cdc55e901fb730ba7226f6ee6c3a4a3d633fade3ce28435fedbeecb5f91a3c29752b2f0b5,RAIN,DAYLIGHT,WET,FOLLOWING TOO CLOSELY,2.0,21.0,2.0,2.0
0643226d5b34c0cc6065eae3cf0fafba764d25b795a8bfc250f39a417461d0210c3d24f0037b2e164375c22f8ca83a35256daa1ef978300fbd8bccf7c061a30c,CLEAR,"DARKNESS, LIGHTED ROAD",UNKNOWN,FAILING TO YIELD RIGHT-OF-WAY,2.0,31.0,2.0,2.0
0643461bd10f51f794e1dfae7ed171150d9658cea1c0700092e931d744131d0f8ecfb20ec21a43c2714b92a590157fe95a3243fa05f88bdef58edc291d03542a,CLOUDY/OVERCAST,DAYLIGHT,DRY,IMPROPER LANE USAGE,2.0,58.0,3.0,3.0
06437600e11df1fc2a464564db6549efb53da8777544ea8b51395482f3136c19edc412dcd6cb95233bae4e88e1c14580cd630431b88ef3952c9508d508f59aca,CLEAR,DAYLIGHT,DRY,FOLLOWING TOO CLOSELY,2.0,36.0,4.0,4.0
06438bf49cb711cfae1805bfc850f04af0da16b33255fdf864752b7ba93bb60e17a82ca265c95918eb29bdc4630a2b893fb06ca96a609d0379869c2d49a92c8d,CLEAR,DAWN,DRY,IMPROPER OVERTAKING/PASSING,2.0,38.0,2.0,2.0
0643904b624bcd1790b3b9f26f5e443543e6e34d1a663be23ae5fd70b0fe94b77befcb82d39bf5f32999bc3f33e060ba6283ca806db507c1e904165e2a52e187,RAIN,DAYLIGHT,WET,IMPROPER OVERTAKING/PASSING,1.0,27.0,2.0,2.0
0643937f0d3341c2d3885a1654e792f28c108f37bbbbab1c5b22f23050cb2e6afb1975a0344ac8316b75c0f0d67eaf7b031a9598803efc48715bf9b0128b56a0,CLEAR,DAYLIGHT,DRY,FOLLOWING TOO CLOSELY,2.0,39.0,2.0,2.0
06439cbc9d11aecc0dc223f33b04929c53ec73e4303411c150283d0d5649b90c7e6a390dbde924574fc96581f8322c4edac16c41a2dd419b7c9e63cb8cb60da4,RAIN,"DARKNESS, LIGHTED ROAD",WET,FAILING TO YIELD RIGHT-OF-WAY,2.0,35.0,2.0,2.0
06439d527d05a32450531e4b621762c22d71f5ec8d12d1c72c34df9098fdeb5ca6f26260ff754ab035c8c459bf8a15bfdeb8ad1b095669394c57570427e27edf,CLEAR,DAYLIGHT,DRY,FAILING TO REDUCE SPEED TO AVOID CRASH,2.0,29.0,3.0,3.0
0643c1fe1f1c2269e9eeca8b1da47b3afd358e53d258cb65a6dbf6c7e6594cd1648983005ea729bbb5a1c163dff808e86b6ac65ac0ebc9dad695e87739a5cb97,CLEAR,DAYLIGHT,DRY,FAILING TO YIELD RIGHT-OF-WAY,2.0,37.5,2.0,2.0
0643db1871b437b6d722f8d751861b2fe153ae557f4c6ba96cd7aab0a64ed82514476c5a05eabbcb48e2e746352ec6a4700fcbc0e82d9bfceb1660785601109d,CLEAR,DAYLIGHT,DRY,IMPROPER OVERTAKING/PASSING,2.0,35.5,2.0,2.0
0643ea9d339c436f183d57a326e5866c60d51e9b9852913c7c15eba1fa716ec0f76d028035d1cc0b2fae378cf161522f4461108b657679f2ac7bcd297155c64d,CLEAR,DAYLIGHT,DRY,FAILING TO YIELD RIGHT-OF-WAY,2.0,41.0,5.0,5.0
0643fe3aa2dbe859449d973d4a2d890baaea2b6bb4ba77a191698fe90c687847c66cc2cac9dbbd51d890c0d3df7e53d36bba7658aa9e901eeb0c5e570472461d,CLEAR,DAYLIGHT,DRY,FAILING TO YIELD RIGHT-OF-WAY,2.0,29.0,3.0,3.0
064422c0681a92d521e30f71d51f0340ac27bad1baeb29440dca1f89f9ae96112fbc487a98b98e0c38c1c424ebb28c6f2a75ba7de946576c37e46c14558e3965,SNOW,DAYLIGHT,WET,FAILING TO YIELD RIGHT-OF-WAY,3.0,34.0,6.0,6.0
064451aeb673f7388a6b78b9fc4c70e7e9e6144e6f9a83b434754768e7a721d779e8ff4e18856964f12c42c81842141a815d6872dfac8667b3da5f9db07588de,CLEAR,DAYLIGHT,DRY,FAILING TO REDUCE SPEED TO AVOID CRASH,3.0,46.666666666666664,4.0,4.0
064476721167cd64a89e39fa6f4a5cda0dcb79ead57efd691b04ecbf396511b4c907bf6a4dc30d36c27c21ce18bbf370ed5ce11de78f1a133fce1444a61e6df9,CLOUDY/OVERCAST,DAYLIGHT,DRY,DRIVING SKILLS/KNOWLEDGE/EXPERIENCE,2.0,31.0,2.0,2.0
06447ac9fdfff489c911003b3e6f607b23ea850705cae4f660eaac5039744eb0633480450743e9e56bccd7e4546f10dfaddf3d30e86094f91017037e66c0c7e4,SNOW,"DARKNESS, LIGHTED ROAD",SNOW OR SLUSH,WEATHER,4.0,24.333333333333332,5.0,5.0
0644a3d10f1c7b59163e7ee5cfb88e00499d34df2d18846e505620e22c41896aa39630545d2c241e92564ad936e279eb804f4b62cd52a9f1817f56fa6513cdaa,UNKNOWN,UNKNOWN,UNKNOWN,FOLLOWING TOO CLOSELY,2.0,37.5,2.0,2.0
0644cfbec57dc57ea8fda9d9d0c2665305b289eef0a8e1305e71f3f35a50e9610801cc6dcc972c350423b88f0e6d7b1f50984ce02658ff8d697eb31aea3620f5,CLEAR,"DARKNESS, LIGHTED ROAD",DRY,DRIVING ON WRONG SIDE/WRONG WAY,3.0,37.5,2.0,2.0
0644d349d9a6afcda4f4183c88444857cb10579b080bfc3b4f85c9d502b79e24d5bdaecd16e881e8ea15f18a2506114f5820173eff0d6b1dc83cdb33c72d5a01,CLEAR,DAYLIGHT,DRY,FOLLOWING TOO CLOSELY,2.0,41.5,2.0,2.0
0644e61d77cf45f085a1d1eb69fb6da0d62199f54d0cc195f02efc2a79b86264e523d7d96da38e00e037b95f2a55c492eb565f7954ac1fca5c41efde8e1f109d,CLEAR,DUSK,DRY,DISREGARDING TRAFFIC SIGNALS,1.0,22.5,2.0,2.0
06450d902fb81c683762256abb1819db33c6f80b3c79a61d035944eae0d120176f9a381fa9c36de975706597de5d0e3c0a1d7479a7648c8c07d8e12ff2ec8bdf,CLEAR,DAYLIGHT,DRY,FOLLOWING TOO CLOSELY,2.0,34.0,2.0,2.0
06451a098cbaf7f0f1bc68166a7a5d581f002ef1138e11a4b85b48711052a9608657494e8e51a12a355aa1b2d44a20e0ed12af2f29c3b096fe813cd0d8af8940,CLEAR,DARKNESS,DRY,IMPROPER OVERTAKING/PASSING,2.0,19.0,1.0,1.0
0645a4798ddaf59cf5bca767ace15d858af33d722b4a0986371115f46e9dc9d3cc39d469123bd561cbe638ad51d2aea266140336402caa4bb8dabc907ba87cc4,FOG/SMOKE/HAZE,DUSK,WET,FAILING TO YIELD RIGHT-OF-WAY,2.0,23.0,2.0,2.0
0645a5eab4ae76b0e541eaab244855903cae549a50d94d388dfe2d4e99b3623feb732c7036c9ec9d73f180cd9559411251b9c7494b7c72683becc0fb093b2d0f,CLEAR,DUSK,DRY,FAILING TO YIELD RIGHT-OF-WAY,2.0,23.666666666666668,3.0,3.0
0645b045f47d53d9d93b7353e6c4d507513ff8ed2c158a3caa5d8b462ac8636a8f74ecc82a075f20226ff4ac38e5493a8f73cbeae5fbb9a57626b286a29fe002,SNOW,DARKNESS,SNOW OR SLUSH,IMPROPER BACKING,2.0,33.0,2.0,2.0
0645c09a14471fa8d848e017871048e47e8df67e3fad7372fb348bd17c56a50286026a73ade0c9b0d618ba40e6bbdeaec0fff5335318472215236d0bdf56c7f1,CLEAR,"DARKNESS, LIGHTED ROAD",WET,IMPROPER OVERTAKING/PASSING,2.0,32.5,2.0,2.0
0645ed8290013cbf96df961d06d744c415bd627ae523df302b56dfe8839f9d38b235c6262dc5b78fb123ebf2d1d4cb9efaf1d801bef375aa84c5dee4d63ff5c5,OTHER,DAYLIGHT,WET,FAILING TO YIELD RIGHT-OF-WAY,2.0,28.666666666666668,3.0,3.0
0645ef6fc94e6a51ec29b92bd2ddf4fa817142860e3879cc042088054ee7830cfa66b786ff038f7d54b2ad1e0ce94bb92e75d779129d048f34fa062d10013af6,SLEET/HAIL,"DARKNESS, LIGHTED ROAD",SNOW OR SLUSH,DRIVING SKILLS/KNOWLEDGE/EXPERIENCE,2.0,20.0,2.0,2.0
0646117fc156d887c915234deb156867a3b8c4f9a5bea289205f36c1f8201b9d6ab56efef89d6aba21d366c6b29259c45993bff4415465bf1cde5ce9d05ff891,CLEAR,DAYLIGHT,DRY,IMPROPER LANE USAGE,2.0,50.0,3.0,3.0
06461ab4e6aeb9666e79f539b9fc98339dd78423fae255ade47242cd4fc01e017bd69491426911320eeecdd1400c7740fe96c75e07501efde88dda0b081fe3d8,CLEAR,DAYLIGHT,DRY,FAILING TO REDUCE SPEED TO AVOID CRASH,2.0,27.666666666666668,3.0,3.0
064634d55646232af47ed19420f94bcdab3ec03b18324863999e358d72a4bdc4531fa6e299bf00fc00dc67f0dc16325de67e7ad0586fce5d0c51c226af80205e,CLEAR,DAYLIGHT,DRY,FAILING TO YIELD RIGHT-OF-WAY,2.0,20.0,2.0,2.0
06465712426c9560ac09ec675d9a8b3225792e6f1d31c3f5e24eda83b772ab9b7e916084c06f8a1d5fcc56f446a8fe002539867dff3c9efb6b27d660a8bf47d1,CLEAR,DAYLIGHT,DRY,FAILING TO YIELD RIGHT-OF-WAY,1.0,29.0,2.0,2.0
0646571a749d3d0c06a9b72ba0d6cbde61239e3790faca680581d9012b10140a486d8c3524917c76a30551c5e6b34e4709ed1aa02212827ad4cfb4a53acc9c51,CLEAR,DAYLIGHT,DRY,IMPROPER TURNING/NO SIGNAL,2.0,53.0,3.0,3.0