crash_record_id,weather_condition,lighting_condition,roadway_surface_cond,prim_contributory_cause,total_vehicles,avg_driver_age,total_people,total_injured
06465834897c53737f60200751431050492c57e8a985e7ee9ae2b63fbfb71e5fbcf5ad6f0560a4c70526ed6211fe07b278f05a5fbb6f014f1d89d7ae078ef8a6,CLEAR,DAYLIGHT,DRY,FAILING TO YIELD RIGHT-OF-WAY,2.0,39.0,4.0,4.0
06465d5081a4859a1ef1cbcf2d2ddc1a88e25b82054f8df9d4ab740f3899bdd1adea337ac04eb36c74db252685fe0f0f0981305b8c44c272e864d945529079fb,CLOUDY/OVERCAST,DAYLIGHT,DRY,FAILING TO REDUCE SPEED TO AVOID CRASH,2.0,38.666666666666664,3.0,3.0
06466635ac16b927e7a39656d78c45aa2111542b0dd18c6db299d55670e201e2a6763033f0227a4eefe51801115c2be372a299f6761c812c772e4fb4a18e12f7,CLEAR,DAYLIGHT,DRY,CELL PHONE USE OTHER THAN TEXTING,4.0,25.75,4.0,4.0
064680108131e560c98eba36efc9bdcb85c34384e625c9fa5a127260672fe6ede1b1777ae2ef0840f9ba417d7c836e32aef3537885250258822a3d2740ec4352,CLEAR,DAYLIGHT,DRY,FOLLOWING TOO CLOSELY,2.0,35.0,2.0,2.0
0646a1b5549340901a29b58f358edb363526f022cd6a51bb759f02c502c42df650957c3e2525caa8bf69ae6639a7e7779b6fd3e96354df2d3716ab07f77a3b8e,UNKNOWN,DAYLIGHT,WET,FAILING TO YIELD RIGHT-OF-WAY,2.0,38.5,2.0,2.0
0646b78009a3aa18cbb98191b33a7d25cbd94a378628c0fe8803864790b8872df6e9ed410aa763730240bc9bc728d2be46da790fae08327a20ba777b3015d6bb,CLEAR,DAYLIGHT,DRY,DISREGARDING STOP SIGN,2.0,68.0,2.0,2.0
0646b8c3b0501bd5827bcad01168944753298fb319d4b783ffbe21354f632dc81aff9b25df6e263913b677bb4984e7d55a21e53cc80d89e503f49a07c9795eaf,CLEAR,DAYLIGHT,DRY,IMPROPER BACKING,2.0,37.5,1.0,1.0
06470d71981f9df45cf28f7de5be5520810bc141534ebab7edd94fe5990a580bf687226402f2670cc39e94f4be8131667901ebf8c460fa430b3ef9825f2ac35c,CLEAR,DAYLIGHT,DRY,FAILING TO YIELD RIGHT-OF-WAY,2.0,35.0,2.0,2.0
064727f80a0b17a2e37cab3dd3fc6ab4ccc7f45d7b867e4527aeb38eec588bf25d0de02d99a45f94b609f796f59c9a7a39c44898cccab8a3d5ad82a23013b88c,CLEAR,DAWN,UNKNOWN,FAILING TO YIELD RIGHT-OF-WAY,1.0,59.5,2.0,2.0
0647361b5f095b400943841c8c1d861e1d3bb9c5d7de03a90c461fde0df6808382ff7cf3c776a4c7ce25d82a82193370e4c2a94d8407cb080370ea51f074bb9b,CLEAR,DUSK,DRY,FAILING TO YIELD RIGHT-OF-WAY,2.0,38.0,3.0,3.0
0647487d33739c00bd96a318461bbd45bc60e3a8da62155cfbace41db53e067f4a4296837129984e67c55fec29ac624261740ae904abe670cba1f7fdf0192cf8,CLEAR,DAYLIGHT,DRY,IMPROPER TURNING/NO SIGNAL,3.0,35.0,1.0,1.0
06475e980ee11f33ec548d41b1138d63cbdc695fbc86fb593a89bd5049d716d9451ea862df1b3e375de78f5eb5709ee45324eb59c6aab913aa15f32557b0fa69,CLEAR,DAYLIGHT,DRY,FAILING TO YIELD RIGHT-OF-WAY,2.0,53.666666666666664,3.0,3.0
0647712d6c2e60b1d77fb00ab817d6840e1a643d840ec1f63fe433574604fd1dcd1a1895e205ea34327f1c27f28550f4a5e4c65e9701489c4ffc1e753eaaa357,CLEAR,DAYLIGHT,DRY,IMPROPER LANE USAGE,2.0,61.0,2.0,2.0
06477526bdf827574569708528c86ca80174fb100bd89d95d2b0cae894f32996ea5b2c50c5c4946a827048795be852ea54a0d2f046187805ace01cfa4427afdb,UNKNOWN,UNKNOWN,UNKNOWN,FOLLOWING TOO CLOSELY,2.0,39.5,2.0,2.0
06478cc63d15be1245f1703813d2518e289dfc1713155307e55d7c1400563ef93068426f50cca9670c7e310c8b1b0bc9daefa555b86fe48e1f1682d3cbe9ad8b,CLEAR,DAYLIGHT,DRY,PHYSICAL CONDITION OF DRIVER,2.0,33.0,2.0,2.0
064790fdec514fa6fac6ea8c6f8ab2b86b42a4d38b4e1c22dc164ef45bd82da777bed3dc6a50914e885389926114f2965921d1ce511e9839001b63fb7e23ea04,CLEAR,"DARKNESS, LIGHTED ROAD",DRY,PHYSICAL CONDITION OF DRIVER,2.0,22.0,1.0,1.0
0647966504dff70afb0c9fd2a4a4c92494ddd7f1e749f5024a04011fbdb640244e2d5844c4e961f25545b75627b1c5301f35d3fc1297ca913273490f1cb0113a,CLEAR,DAYLIGHT,DRY,"VISION OBSCURED (SIGNS, TREE LIMBS, BUILDINGS, ETC.)",2.0,36.0,2.0,2.0
0647d895a9a62cd9d0b467a50cb5ead09091bdc0f1958d8d01d9812ac0f0030c3d5b652228366963d197e2129262ac213a42a311fedd05480fbb740920989eef,CLEAR,DUSK,DRY,DISREGARDING OTHER TRAFFIC SIGNS,2.0,70.5,3.0,3.0
0647defcd90afbb43cf40b03414c0ec844db70cb2e1cc49146ee988f1a3c0bbd26d687819e5349faae7f627eba7a8063ba2b9e340cac0efcc4ba991cf019a017,CLEAR,"DARKNESS, LIGHTED ROAD",DRY,FAILING TO REDUCE SPEED TO AVOID CRASH,2.0,40.0,1.0,1.0
0647e8a80d73e895f8e475da6893db75ebd784e7d070ccc9c677287c298259d562c05457c5dc367416147c7e6a60306646179125527cc991021f800797bc8fed,CLEAR,DAYLIGHT,DRY,DISREGARDING STOP SIGN,2.0,33.0,2.0,2.0
064803095c878d151981daaf02d847fc86ae90ecdeda9877687866b96e0ee43cbdc8a782aa38869b416955375070d9ccc93c9ed968a7c0702adf52d1f1dfc699,UNKNOWN,DAYLIGHT,UNKNOWN,FAILING TO REDUCE SPEED TO AVOID CRASH,2.0,42.0,2.0,2.0
064819f36229c842769a6afb455b5d6c607c64e7d8937f02df6cf1b95c96910a2669448f259a640386b1284e1745a8d0ac99f900ff52b9921012de5362cebcf8,CLEAR,"DARKNESS, LIGHTED ROAD",DRY,FOLLOWING TOO CLOSELY,2.0,32.0,2.0,2.0
0648301487afae747de408e81076c2ebed3a7265049b4cfba3f439395e25bd0d03da44d396b3996d2ef281e71794dd059dd04598bc0b53ef96776b065e4302e7,CLEAR,"DARKNESS, LIGHTED ROAD",DRY,IMPROPER TURNING/NO SIGNAL,2.0,28.0,1.0,1.0
064854b2e45ca97578e6be95e4781f93864b02b22c2636871676b7f41afb670641bfdb9888598f0df4820c05cd922f4f5c62f3833b826ae6e54b7924dfb33482,CLEAR,DAYLIGHT,DRY,FOLLOWING TOO CLOSELY,2.0,41.0,2.0,2.0
064882b59f07239a507459313352b6c939639ab59df903f3a2f86206a7d508129529c84998c1431e2b39c9c2bcdec834da701b5083a4dafb8a61ecfc75658c40,RAIN,"DARKNESS, LIGHTED ROAD",WET,FOLLOWING TOO CLOSELY,2.0,60.0,2.0,2.0
0648b2ee3a50c604cd6993f4f2d7714df208b5236e9e9c2dad21ea097519046f8944bf0dd9784d9e467c94cc20248d832f343bac7cb949c2ec9eb8678a18c5b8,CLEAR,"DARKNESS, LIGHTED ROAD",UNKNOWN,FOLLOWING TOO CLOSELY,2.0,40.0,2.0,2.0
0648ce1bd5d1647cd873dd655e86b393c4d6f4bdcc2692dbd726890a0591941565ed14ea50243c937e8ae03128bb5cf38a38910e3052e99770ce75e6a921dfe5,CLEAR,DAYLIGHT,DRY,FAILING TO YIELD RIGHT-OF-WAY,2.0,37.5,2.0,2.0
06490fe91908da8347a3a97b996486069b2dc0726e05f0ac38ecc2547be747daaed25875edc4aa88fb6aaf540ca496eac9ad29df6ce847723f983614920e3edd,CLEAR,DAYLIGHT,DRY,FOLLOWING TOO CLOSELY,2.0,29.0,2.0,2.0
06491a035d61a70f7c80829b8adfdbdc488879ff836eb18ee6354f1da3f273f0f57d7fe8e745ceb6124bae30612f6d66e9277405b99d1a16207a76e8a4c48409,CLEAR,DAYLIGHT,DRY,FAILING TO YIELD RIGHT-OF-WAY,2.0,28.0,2.0,2.0
0649257d0293960b36d2479b5112cf1a17da6e436eccb84ea94e47c6730a40c2c05915e121952bb166da4eb6befce997986158dc62b08498704878a0adfd3304,RAIN,DAYLIGHT,WET,FAILING TO YIELD RIGHT-OF-WAY,2.0,27.0,2.0,2.0
06495f0c0194bb58373441f9c07c41c6f7510fee587e55aa68b10cab4b506f668ee314f42359a5d0614b6b740a957c35a78ca10eac67e91132abff802602834f,CLEAR,"DARKNESS, LIGHTED ROAD",DRY,DRIVING SKILLS/KNOWLEDGE/EXPERIENCE,5.0,37.5,1.0,1.0
06498f3c4af36a21c9f42e3cca6e6bbc26f3ef4c9db66f41ef035dac2d0ba3c2d84f1728edf83bcae34694569d3a2f28a2d5414d9cf8f60b0e088eddc984f728,CLEAR,DAYLIGHT,DRY,IMPROPER BACKING,2.0,45.0,2.0,2.0
0649e963b6533f3631a01c97685df978e2cdc8b28c572bc95f357970fa70f8d59b8f36009ad7a65706aa88b00fe93724bd886efa81d67270cd064e4fa7bf9bc2,CLEAR,DAYLIGHT,DRY,FOLLOWING TOO CLOSELY,2.0,37.0,2.0,2.0
0649fb19ddff0fadbf6fd60481f18155908dc0d2098669ef6cfb332ae7d588508dd682aea8e294f977f74b10938e4b90ee3bf810537d90a97f2efbc1217fcb1a,CLEAR,DAYLIGHT,DRY,FAILING TO YIELD RIGHT-OF-WAY,1.0,38.5,2.0,2.0
064a1f6c06ae0f4bee1cf645a61d327abb72102a367730713aa1dc0890666bce6f0f3f65bce05d0378b185ec9922268a8417f4545ee01c55a691dadac46d3ab5,CLEAR,DARKNESS,DRY,FAILING TO YIELD RIGHT-OF-WAY,1.0,17.0,2.0,2.0
064a251db6353fb31df6c8c06581410d06a826745f4c5e239e477b0fcaa3da6c03a79b87126541c237bb7472ed88796bdb4b9b19f6c49671c678881c9840a832,CLEAR,DAYLIGHT,DRY,FAILING TO YIELD RIGHT-OF-WAY,2.0,24.5,4.0,4.0
064acc6748d002614c2f922bb793b5ac175bed91f879415aa06bd377fd5bb452a342718f4352e9fc75f55ae5d901e67c854980adaf3a9a33b46dd33d31ea5a78,CLEAR,"DARKNESS, LIGHTED ROAD",DRY,FAILING TO YIELD RIGHT-OF-WAY,2.0,36.0,2.0,2.0
064ad19b62ba383901d26e3ae78e817347b7a3c18973c7528f32454e8bc05eaac28e5df25c41d677615695b92145a2086d5720670da719c8075a7dba68c710b5,CLEAR,DAWN,DRY,"VISION OBSCURED (SIGNS, TREE LIMBS, BUILDINGS, ETC.)",2.0,44.0,4.0,4.0
064aea64cfb74e5da132c693fdc46f1f5a983ae75f4050b116d847a63aac5d76b346b363ff5ba444b7e22cc339b11c8b12a614d0765797de94f89070f8575bb9,CLEAR,DARKNESS,DRY,IMPROPER BACKING,2.0,37.0,2.0,2.0
064b307d7ccfd56b810427288818a3d9ad28c447a2154412e5b30eeca39d64a01ef2352b5f0101bdd18187c024b0f2089607da933f108d38b25e554ed289f675,UNKNOWN,DAWN,UNKNOWN,DISREGARDING STOP SIGN,2.0,69.0,3.0,3.0
064b3e72e55200aaeda20765eaa72c80eb8de7c347ca393259012e1a0853339670b783ba9099222606076e03c223cbf4d0d280a2840dcd5c704151727ec17256,CLEAR,DAYLIGHT,DRY,EQUIPMENT - VEHICLE CONDITION,2.0,27.0,2.0,2.0
064b3fa882b83d3b316fbedce225d54df73bcf460a68e08ccc2015c7a043648fdd71a356744cc5512a21827b99cca7fded1133d7d0c719a7dcac94520cf8ffb1,RAIN,DARKNESS,WET,FAILING TO YIELD RIGHT-OF-WAY,1.0,50.0,2.0,2.0
064b6cc47549a51292795da212df6ece9d3c2a48b992054b5113d60a44cc2d4f1673f37245225e25bc0b5e51e19a5f8164b92e8eba75d0c8de5c269977359ad8,CLEAR,DUSK,WET,IMPROPER TURNING/NO SIGNAL,2.0,43.0,2.0,2.0
064b7304c2c35c5a129ca8b46aa6594ed6c5d2eef955905b3dfd3dbdd88aebc952d85eae118565c06f51ea1ebf9be8a84c47153cfce89c92968995817d1ba6b2,CLEAR,DAYLIGHT,DRY,DISREGARDING TRAFFIC SIGNALS,2.0,44.0,2.0,2.0
064b8a68ee2e31f322a6ab7bd0ba64af0975ab4e70a57bfb576f924886303a13cc6f1daaa23ab8955e8f6ba48a8d606bb1c6c9d79c2148877c317b554f5960b9,CLEAR,"DARKNESS, LIGHTED ROAD",DRY,DISREGARDING TRAFFIC SIGNALS,2.0,37.0,3.0,3.0
064ba09a214838ea3408ffacac72858a3f9d920551dc389a7149f83d273b1a00573bd27354b6dc729ee63e065e622bf3708bf4bbb0433d6a512f6224c6ef2a68,CLEAR,DAYLIGHT,DRY,FAILING TO REDUCE SPEED TO AVOID CRASH,2.0,37.5,3.0,3.0
064ba9b6798e1bb9f71d54074e95f04eb0ac703b7fcc2867b60d127bbff81a2f2a4634927bce51f785d5bced8b8eb1419249e61a16ed1bdf5a7930bbf0e592e6,CLEAR,DAYLIGHT,DRY,FAILING TO REDUCE SPEED TO AVOID CRASH,1.0,45.0,2.0,2.0
064bdd3cc0b27eff4d1307c18e9218938028e6bd98464b985389435f866e5f7076f381bafad0095411d83db3411e26d897debf9688dfafe2439f651440273257,CLEAR,DAYLIGHT,DRY,"OPERATING VEHICLE IN ERRATIC, RECKLESS, CARELESS, NEGLIGENT OR AGGRESSIVE MANNER",2.0,43.0,2.0,2.0
064be9c09ab5eeb7bce11b375386a022fc5e03eb9e3d8221a036227a91474867973f92991d9af646e7693e2d0e01c94119603b101c1d74dcf566e205af197f62,CLEAR,DAYLIGHT,DRY,FAILING TO YIELD RIGHT-OF-WAY,1.0,26.0,2.0,2.0
064bf7035b751d2529238464c61cdb06c88e21fc2bec395be9c515bdd0fcc6b321f73fa4f9781272402f3080ac403003e761367cb8815f9d4c3b284dc3675e39,RAIN,"DARKNESS, LIGHTED ROAD",WET,UNDER THE INFLUENCE OF ALCOHOL/DRUGS (USE WHEN ARREST IS EFFECTED),1.0,46.0,4.0,4.0
064c2d5b035286d3a53939467efaad286ac875cfd23d39044efa275ebc691a8b494b40ee2d017e6b5980fa0af4d69c420a397d7bd4a64d2e29a7452ceb853a2e,CLEAR,DAYLIGHT,DRY,FAILING TO YIELD RIGHT-OF-WAY,2.0,34.5,2.0,2.0
064cc587433ab0a2211b86a0239359205ed43ebb661b63225308a030f973ad6d6ed3f51041bcd59d4d1d5f48b298b2c4f07d2e4bb56c47c1be14a6107a8765ec,CLEAR,DAYLIGHT,DRY,FAILING TO YIELD RIGHT-OF-WAY,2.0,33.0,2.0,2.0
064d131d9a08e3a6732c47881df0b34cb6dab6b0db7ebf25b63f519e3ab945352dc229add6dec5db80cc8e5dcf55aea1aeddd62a9c4336a790f79c43bff14d13,CLEAR,DAYLIGHT,UNKNOWN,IMPROPER LANE USAGE,2.0,44.0,2.0,2.0
064d23c96b4d4b712178a7f54c6d41671d63a7d0481cc50ec296f36b3ec8f5d144b60060f68106a8a7a7ddbb119dee6da162b85bb0444c0d6f1b25c6bca42bb1,CLEAR,DAYLIGHT,DRY,IMPROPER LANE USAGE,2.0,32.666666666666664,3.0,3.0
064d26166905d8a3be1a6b20654090857252700fddfdcb9533bb23c7ffdd6d553d9f8d6bc2ef6c1c8e5fe957d80bf1f935af0564a50039f0a8e24b0d914768b3,CLEAR,DAYLIGHT,DRY,IMPROPER OVERTAKING/PASSING,2.0,24.5,6.0,6.0
064d5a156dfbaee14c0757beaa2befae4d001a54f01c5d8f71151c8ff5b4ea3ba6685be944f7d44e4922dc338d9365cccd4925fe9123f1ff1be61a2bbd9fdc18,CLEAR,"DARKNESS, LIGHTED ROAD",DRY,FAILING TO YIELD RIGHT-OF-WAY,2.0,28.5,2.0,2.0
064d6a2eced09b0e72f5ed9f1b2b12237fefb02e19bfc7d85e04e4b6487f7f3f76322923c8f3f0bcfbd5f4c91aef1e59dadf9802f43316db9b81a005b1d0effd,CLOUDY/OVERCAST,DAYLIGHT,DRY,DRIVING ON WRONG SIDE/WRONG WAY,2.0,24.0,6.0,6.0
064db4a083eff2283005876d748b7b3f0f6ba4387ba48f338c40da72f8d0a560996aafbc29f41d79a84c6fc0fd9ce5db4b7e520d0bb100c4200c3585b29b6010,RAIN,DAYLIGHT,WET,FAILING TO YIELD RIGHT-OF-WAY,2.0,29.0,2.0,2.0
064dd9a75f10f4378c78dd3f3152fa5c4173c09b711266a367cce4e95702744f6d5a775bccc68e5bbe72f3bce6267678cd131c220d3740d1901399b6b110189a,CLEAR,DAYLIGHT,DRY,FOLLOWING TOO CLOSELY,2.0,37.5,2.0,2.0
064de6d1a7ddb4b799422b89dcaa528ca5247347e1a5b12de6f4b71f3812bf33f29a875bc4d37820323b0bd4a997e1dec1ce6acc39e8ee22d834e07ab8157c4a,CLEAR,"DARKNESS, LIGHTED ROAD",DRY,EXCEEDING AUTHORIZED SPEED LIMIT,2.0,26.0,5.0,5.0
064df55e051ffe37062a322012b5f70b10cb44942c299aab804cb69cab1cc1237f7a32379bc6b3e9aba692632ddc2fa42984d4092764fc60c6d09e4321fd38aa,CLEAR,DAYLIGHT,DRY,FOLLOWING TOO CLOSELY,2.0,29.0,4.0,4.0
064e18d944fed4412c4d84a6ce779fb59faaf8e7b57e92590a613a4085a9f1ad218517fcf9321e0ea90dc597f606b6c65b15aa7711c63908e93b1559d786313a,CLEAR,DAYLIGHT,DRY,IMPROPER TURNING/NO SIGNAL,2.0,30.0,3.0,3.0
064e3ac82363b97963a7f602ba4890016db8c3dce0e9b077645eb84fe3d60a8754fe28af4e1c279d71aec02a6ce510fdad50d570576d97e3e103d33c337be557,CLEAR,"DARKNESS, LIGHTED ROAD",DRY,FOLLOWING TOO CLOSELY,2.0,22.0,2.0,2.0
064e5293a1107f51926eefc438eda7bba929b149d54431e0affb2abf7d5edd153e2795fc1fbe1d9cfe58fe0164dd003261615d9e1e78019552e5392656a1baf8,SNOW,DAYLIGHT,SNOW OR SLUSH,WEATHER,2.0,29.666666666666668,3.0,3.0
064e59796387432c347c8b2dbdbaf4478997562d9291d5d38dd6f852536b1d0b8a31d967f074c9064330df002f29dcd46a88b6e4d54e84d42c77c3cb4d3cea65,CLEAR,"DARKNESS, LIGHTED ROAD",DRY,FAILING TO YIELD RIGHT-OF-WAY,1.0,30.0,2.0,2.0
064e5d1d2867e6330e28c28c9c665c070edcb279a1c7e6add72a7fb7dc9a70d3bd1414af5e64cf193daa9c0d7d0bd04fac33bb26db1b1ad65e11c2210071d0d1,CLEAR,"DARKNESS, LIGHTED ROAD",DRY,IMPROPER TURNING/NO SIGNAL,2.0,37.5,2.0,2.0
064e66979a2970426924a31edac09282c4ede65aad5827ab5bf314b0c5404ddb82dfd349d1df97f7cdd42fa48054021295a7b5b9f873cf77a8ae5b506516ba24,CLOUDY/OVERCAST,DAYLIGHT,WET,IMPROPER OVERTAKING/PASSING,2.0,26.666666666666668,3.0,3.0
064e6d2ec5179e97f2c06a03da24faf02b34fd8a82aaab7d23069b4646c4c6e53111ccb1bc43b8786ff4ba5bc31da408f51f5209fc5190fa19d55118ce43baa6,CLEAR,DAYLIGHT,DRY,DRIVING SKILLS/KNOWLEDGE/EXPERIENCE,2.0,42.5,2.0,2.0
064e8c61a72c7f89d3c16dd04cdc3839fab365c29acc576f683365b4628347a1649a8fd4b58b8acbd3df80062475a68afec205a2d310a5d626c8e8937c998f20,CLEAR,DAYLIGHT,DRY,IMPROPER TURNING/NO SIGNAL,2.0,62.5,2.0,2.0
064ec5501d5416ee5b6eeec1d6d839adf9f17d642ca6e81614e4786bf8477434b1071a628edbec496f084f97e89018a2673c1cf596f894c67fe0a3a940729010,CLEAR,DAYLIGHT,DRY,IMPROPER OVERTAKING/PASSING,1.0,43.0,2.0,2.0
064ed37b8551aa254623251beec81fd30d93bdb6e13676bb290ccb0cd32dcd025d0a84c506af855f7877cf0d6f50994bbe83997657cc3c6ca06cd79fcc1f9113,CLEAR,DARKNESS,DRY,IMPROPER LANE USAGE,2.0,54.0,2.0,2.0
064ef48ac7df9db2d01a9717b9e4481f9ac258e2b765b48bc2e2c2631959ae841aaef396477d471b1fbc1d76a37b0a6fe4d1f3091afe71a95324464015770f69,CLEAR,DAYLIGHT,DRY,IMPROPER LANE USAGE,2.0,30.333333333333332,3.0,3.0
064efbd55b823570db90a4521600e118b7888c751c31e36a8454fbf179ba617481be6550d0fcb7536e12eeef4bb0a0342d73ae4c7f27191279e04c8fb5d330eb,CLEAR,DAYLIGHT,DRY,FAILING TO YIELD RIGHT-OF-WAY,2.0,40.0,2.0,2.0
064f0262b9ef2bf335acd12207c4e6cdd434533af948cea8cc50da86d01a95c3546f8d5191f8a0d2dfe607d387be70339f01441a1eaa6dbb5df7bb180d7e6d1c,CLEAR,"DARKNESS, LIGHTED ROAD",DRY,DISTRACTION - FROM INSIDE VEHICLE,2.0,39.0,1.0,1.0
064f3371d2cc7065b23386335a2dbb5ee91803795476397fb06feeec992e6039641d20a141bfcdfe6944d5e17566dc58f7f177f119dbe22378e7399418f00868,CLEAR,DAYLIGHT,WET,IMPROPER OVERTAKING/PASSING,2.0,43.0,2.0,2.0
064f3f7d29dd678fb0bfa24ba9f55e8bc23d059fad8c2973888572749f8d9eac22769676e6275d9ad709fcb1076d892b4fae123dcc7d0078b25341b60afb81f9,RAIN,"DARKNESS, LIGHTED ROAD",WET,FAILING TO YIELD RIGHT-OF-WAY,2.0,50.0,3.0,3.0
064f792689ef5ecef0ad33d6cafced194ec1aa60eae7bfad2d82e77ac3df1685904459de27149f588494f3321f7e3c59c4c8a170f60a1a56bec0c5ca121d96a7,CLEAR,DAYLIGHT,DRY,IMPROPER LANE USAGE,1.0,65.0,1.0,1.0
064f83e16b74aa4ee278471361023f36defe8cf549052f545e8e30d8bc7fd36a1e56e314ca2c2d15b333f8ed99cb95a21a40d389441ae40251eefa78330ea0c2,CLEAR,DAYLIGHT,DRY,FAILING TO YIELD RIGHT-OF-WAY,1.0,20.0,2.0,2.0
064f8ed0bb88b28df0f4e89d3d3ce2f4ef28195142b234c27e6414f8329b1422f868f0f58b5e24d0ceb9525cb680c271a53d078d27f1eec4422a4e6576a6384b,CLEAR,DAYLIGHT,DRY,IMPROPER LANE USAGE,2.0,35.5,2.0,2.0
064fa0ca9ff7c3c93978fede25646bb7e6eb9041cfc6be9ef333c3823575f2f5bd1eb1b476e0b888ce08f33dc0308c548068c7b4747370f6298df648f31e98bd,RAIN,DAYLIGHT,WET,WEATHER,2.0,45.0,2.0,2.0
064fa57350152b6ba10551988788acb1a5ce3389b39db893be76eb28b8626e6e3646513264c1b3f9435bf68baf37dad5c7b0161eed0e897424d7b13b1787317f,CLOUDY/OVERCAST,DAYLIGHT,DRY,FAILING TO YIELD RIGHT-OF-WAY,2.0,31.5,2.0,2.0
064fd4aafb99921a4d4fbce5c7b6a2fb92f9749028b53b58721bcef268629a273bab1d54f401afb993868b01ed79e6dbf3a7ec411552cdf271e3108b8addf4a5,CLEAR,"DARKNESS, LIGHTED ROAD",DRY,FOLLOWING TOO CLOSELY,2.0,44.0,2.0,2.0
064fd55b4754f85d55e37fde4ead9bfb0b109069a9d2b3679b8ac45c25e53df040332bbab070fa6a2c903ec196ad06e42af63e3a4e597c10252546759413fc80,CLEAR,DAYLIGHT,DRY,FAILING TO YIELD RIGHT-OF-WAY,2.0,75.5,2.0,2.0
064fd9273a5cf492ab2f03557bf317d5f5c4d0a35410ce16905d12784ed8dfeab36d71730039496caa552e13614952c6963e6d925ed10b0dec544338045491ef,CLEAR,"DARKNESS, LIGHTED ROAD",DRY,FAILING TO YIELD RIGHT-OF-WAY,2.0,59.0,2.0,2.0
064ffcd6cc9fe1e96ca55ce5d3a1aa9e266bcf3fa811efec2783f30553fc8f758263ad890fe8aadecd9f03aae71ba795c78a3875d26ca19d22976582e66ff72a,CLEAR,DUSK,DRY,IMPROPER OVERTAKING/PASSING,2.0,38.0,4.0,4.0
064ffeb6309216ff0052e38ae45299af8858cf033ed4b889212f9d4872389ff151c589fe1577564085a12f7a557070f05331d8d37c19ab559dd9f2b403760bc1,CLEAR,DAYLIGHT,DRY,IMPROPER OVERTAKING/PASSING,2.0,46.5,2.0,2.0
0650a3be7e87379ad4aec0b9d33fc08688b11588966657828fe3aa0df466e6a21cf102196dc5d244e33368927c64eb712013a981f4051ae2a1f79b6499624388,CLEAR,DAYLIGHT,DRY,FAILING TO REDUCE SPEED TO AVOID CRASH,2.0,37.5,1.0,1.0
0650fec345c64f38706b090022ba8d2cdb44f1fc26783cedba240a6cd79e292ee2c692ebaff5541adf0d692d6e3898e7a8f56500a0c3ec4cb5501de6f0123db5,CLEAR,DAYLIGHT,DRY,ROAD ENGINEERING/SURFACE/MARKING DEFECTS,1.0,36.0,1.0,1.0
065124d6e27c90b519aabc1c99c62645263f30a0a00b6a926d6d5e306cb8bc4955f2bdc8acd7c20bc5c195233ba1de98e7cb4df81f2e47661b421c37800bfa20,UNKNOWN,UNKNOWN,UNKNOWN,IMPROPER BACKING,2.0,39.0,2.0,2.0
06512d9ee22a28448f5e345739e5da48ff4245f3b21bd400bf50deb6d0973f74208298da5e2bca36d4a6930eec7aff628ac0dfb75659db3b4cc8eec263cae8a6,CLEAR,DAYLIGHT,DRY,DRIVING SKILLS/KNOWLEDGE/EXPERIENCE,1.0,31.0,1.0,1.0
06513d6940b425aeeac11c3d9dd59c77aec29264154189251e7ed64fff33ee8a0abf384a06df8334bc4588c3f2c0e0cf5db463ac1d5c58a9a7ca92a9eb744022,CLEAR,DAYLIGHT,DRY,DISTRACTION - FROM INSIDE VEHICLE,1.0,44.333333333333336,3.0,3.0
065143c4a46da8263142d8a57fe7609d9608e038f8ff938c36ced2712f1450bc7aaaed9f63f0ea11f222eff1e8b04ee6f7c2e4f888e85a333ca0d78d3a6f5907,CLEAR,DAWN,DRY,FAILING TO YIELD RIGHT-OF-WAY,2.0,37.5,2.0,2.0
065165f2ad0658c73800a9c2692b8a08a5067cc4b2c2c446ccc5c6ff559e2d5dceddb93f306fe001973d1c044a66c9049186b009f44fa7d87b05e8b68b9cf4e2,CLOUDY/OVERCAST,DAYLIGHT,DRY,FAILING TO REDUCE SPEED TO AVOID CRASH,2.0,41.5,2.0,2.0
06517875a35c63189e9f8de48b5a7b0e83349c6bd97055a77675fb0c3f1610fc8fd68edd92ead92af888086e37e397ea9dda79fd8125d6e2eb86bf1e9be13b69,CLEAR,DAYLIGHT,DRY,FOLLOWING TOO CLOSELY,2.0,25.5,2.0,2.0
06517d5662eddef0ac6a5b03ae7f1770b18285a035d300247d0daf9f867e2fd3bdd628864d64f057c87fef4209aefcf4d055af74e18ec94ac4614ff94ed786b6,CLEAR,DAYLIGHT,DRY,IMPROPER LANE USAGE,2.0,37.5,1.0,1.0
0651b636821fd78b2474805490489e4c040f6f8f9318cd854818fb72bf00344036a6d05ca7b263fae805288e67803336e32bd7e0dfa5925415605dd37b5e524a,CLEAR,DAYLIGHT,UNKNOWN,FOLLOWING TOO CLOSELY,2.0,33.5,2.0,2.0
0651e0c73e69fd6f969ae8076324e19bd4bc161c3bbc8616507b4e22629bb06bd370b98bf596880466dbc3ed3bd9281c3b6b5305c8295cc31f46bcc22cabf101,CLEAR,DAYLIGHT,DRY,DRIVING ON WRONG SIDE/WRONG WAY,2.0,37.0,3.0,3.0