crash_record_id,weather_condition,lighting_condition,roadway_surface_cond,prim_contributory_cause,total_vehicles,avg_driver_age,total_people,total_injured
0651f74dc4467906eb28dd7aeaefde8c621076ee4c68406f0184e35d2e2868972f763dadce9b1dd17e1c03dd3a00ff280a049288108dcbe92f3f4c97de1a5804,CLEAR,DAYLIGHT,DRY,FAILING TO YIELD RIGHT-OF-WAY,2.0,41.5,2.0,2.0
06524372de13702a38c64956eeb29d9832b03161445319fe292367800a22c943d25a4f62cd61281fd6649e851884412485bb38631dbacbd255d0f254614b26a3,CLEAR,DAYLIGHT,DRY,IMPROPER BACKING,2.0,52.0,2.0,2.0
065269af0c65f37eb18ccfa669c80ee0135b801b735b73a77b9cb459c74445683d34ffcf0ac283c5868c60ccf607ceed2e5514ae5edf0c17e1a72e358d78dedb,CLEAR,DAYLIGHT,DRY,FAILING TO YIELD RIGHT-OF-WAY,2.0,62.5,2.0,2.0
0652a0227e44ab679853183460c2ce22fc0602dbf2d2c157afe36dd0c8cbeb101974437404caa1218b3d02ebad1bffc7ec4d397ac64d5113e7838aef6313a476,CLEAR,DAYLIGHT,UNKNOWN,DISTRACTION - FROM OUTSIDE VEHICLE,2.0,27.0,2.0,2.0
0652d0b1dff6051543a025aeb4f8d384b7b920acebe0b71830f13321c6592da625aa444e8203cc73f5224f05eba5936a8c2444f4c0d72fbed7231ffad98b9f22,CLEAR,DAYLIGHT,DRY,IMPROPER TURNING/NO SIGNAL,2.0,41.333333333333336,3.0,3.0
065313b383833b9659dc131980e742ec54e0efab347c84691cca9211222a9d884527875223d9f97434222a1bc7211014ab319c20415fa7511a351c7eab7d124b,CLEAR,DAYLIGHT,DRY,EQUIPMENT - VEHICLE CONDITION,2.0,96.0,1.0,1.0
06533a19f930fbc92fd224abb00e0fdac901a1ce949e87c90b3cb255b01ab7622ef5c6b2db2ab9cf5645ecac68f0e4aff98c60e691b67e9babcdcdb66d5f8263,FREEZING RAIN/DRIZZLE,"DARKNESS, LIGHTED ROAD",ICE,WEATHER,2.0,29.0,2.0,2.0
06533c58c9e78692c36f5b5db8ee4da1ab6bd695add10b296ed099f5c56e7a14e4abcab4712ae21ff1fb07601b62ab2404c2ba64aebc6b79b1afc85c488c58ee,CLOUDY/OVERCAST,DAYLIGHT,DRY,IMPROPER TURNING/NO SIGNAL,2.0,59.0,2.0,2.0
065341e2b16e4c7a78270c7274cfa5732f5209d0ac83ca82d50ad2ee7bc8613fd818f2dc9a0e8c2f452219746727834a43f5707906de3fbbf4c44b9e8ef3e707,CLEAR,DAYLIGHT,DRY,FOLLOWING TOO CLOSELY,2.0,43.0,2.0,2.0
0653557abc0103812db907d66c911a173d0de70f77e00554cc8e5db33053461d0d3ed1d6c005b482cbcf19d7035cdb5ea2139605d9dd5929b24c0b80734c7f4d,CLEAR,"DARKNESS, LIGHTED ROAD",DRY,DISREGARDING TRAFFIC SIGNALS,2.0,34.0,2.0,2.0
06536c56c7ef53b272baf2ba5a755482c76b431c05f136786a575f7327a8b12e5c9581f134e2a4f2901776262577a918eb6a19ce87918edfa6745e8fbe767cab,CLEAR,DAYLIGHT,ICE,WEATHER,2.0,49.5,2.0,2.0
065375c0b8832a9f62d897916d6a8f15bec603de4eab8e14274ba0b0248c951e9eb6fe155f9600918478e3d566af622eabcbfd38b63b01a52c029c9737824f44,CLEAR,DAYLIGHT,DRY,IMPROPER TURNING/NO SIGNAL,2.0,60.0,2.0,2.0
065379904c52ef481b517718bdfd60f663300aea912b0eb9cb3e8c28ad9aa49a2cb1bf1cbbb859372de06221fefeea3aebd1a3539311fcd413c8beea0f4f55c1,CLEAR,DAYLIGHT,DRY,FOLLOWING TOO CLOSELY,2.0,40.0,2.0,2.0
0653aad1685c13b26485dd6d6c2e0e0756579d09074f5eb3aad30b8bf0aed31328fbf63a3abee30f8d3c8a9278c0cef3fc95dc7060beacd2373008ef00573cdf,CLEAR,DAYLIGHT,DRY,FAILING TO YIELD RIGHT-OF-WAY,2.0,19.5,2.0,2.0
0653cf66224077763ae54496f1a067e2cf661941eb66c4b2f60e540d0d136a51bfb0cca0d18a32f4a8754fd61493f6fa2e15c1908765141b380c1e873214f96b,CLEAR,DAYLIGHT,DRY,IMPROPER TURNING/NO SIGNAL,2.0,45.5,2.0,2.0
0653d69bf478fa6ca02bfeb352e6501f504cb5122d896704f48c92dd6d69fa84a7cd70d94000914fb1452f928051fa98fc87e74aa7780e2ec1c895311fdead5f,CLEAR,"DARKNESS, LIGHTED ROAD",DRY,CELL PHONE USE OTHER THAN TEXTING,2.0,55.142857142857146,7.0,7.0
0653de6ab7bd3eb3de89b44fda6ad285865c0234e6e0cd94395316679017c263900c0053b88697567553e9a1729d4ee615aefd48f335f29c05e5fd9fd56ef119,CLEAR,DAWN,DRY,IMPROPER OVERTAKING/PASSING,2.0,55.5,2.0,2.0
0654617b97659921f93b206ed7ee32b2a2dc50bad2fab047ff2ebb7ab2dffc8047251430499833af83dca518adb07f20cb62bfef638c6a46431207bc486d51c2,CLEAR,DAYLIGHT,DRY,IMPROPER OVERTAKING/PASSING,2.0,31.0,1.0,1.0
06547884319a1c65cf756c8137683f2361c2a28f7c58d9a77a4d3d4d35719d33ace9cbb8380930e5a93700d2ab519a7cef4a334817e021de1242658f9d77294b,SNOW,DARKNESS,SNOW OR SLUSH,WEATHER,3.0,27.666666666666668,3.0,3.0
0654830e55e4c836c2b5d1826d991e7e84b4315f23efd85d5943d4cf80f322859f9a1cea4e2e4e50a83033ab0b6f892faa927e6a5e71085028e687ed5235084b,UNKNOWN,UNKNOWN,UNKNOWN,FAILING TO YIELD RIGHT-OF-WAY,2.0,27.0,2.0,2.0
06548fd387d29573b9013dd216614af4592dd83e7e7ad00160b2798c580a379b3ea8a8f53369366006af99c3a82fcffbfeb158e62399fc9a2aefcba9cfd72411,CLEAR,DAYLIGHT,DRY,"OPERATING VEHICLE IN ERRATIC, RECKLESS, CARELESS, NEGLIGENT OR AGGRESSIVE MANNER",2.0,38.0,4.0,4.0
06549182623ad7b5d2cc6c60001d2654b923b7028116f36ef4e7cf96cae806a1d71d400b0c4a498a839208cfbb3c1ee4bfbec7f0ef272e4f4e1dc825a3cb66bf,CLEAR,DAYLIGHT,DRY,FAILING TO YIELD RIGHT-OF-WAY,2.0,62.0,2.0,2.0
065498116df765d6a4cc439bcbd6796acd90737396e3e1c5e838af89a5db611e78d2756162700a93e62117999b88f706c745425e09f7400048ca2d403affaf3f,RAIN,DAYLIGHT,WET,FAILING TO YIELD RIGHT-OF-WAY,2.0,33.75,4.0,4.0
06549dcf8f31fa39172a91c687bdbcd8b2d97d1a3be519fab9ac3c89408a398f3f7b573532e08b1aeefe46e8a8879247edf2463ee87c299fde4383d5fc6972ef,CLEAR,DAYLIGHT,DRY,IMPROPER TURNING/NO SIGNAL,2.0,39.5,2.0,2.0
0654bc4ccb3ecdf67142e45feda20ba4084556161906c131c8bde9bcf5ac2bc856cfa7f78bad1948d67bcba178ffb077258f29b4f4b2d6f364b5c349c1b010f3,CLEAR,DAYLIGHT,DRY,FAILING TO YIELD RIGHT-OF-WAY,1.0,39.5,2.0,2.0
0654c7c1dfeebb82b807ece73c0bd4e01fe96810859d620500f23019d7be3ac14ec050ac3eb9fee55e17bfe68bc5ecb6c01fedce9fd19f406d3ac64eb59dc10e,CLEAR,DAYLIGHT,DRY,IMPROPER BACKING,2.0,72.0,3.0,3.0
0654e43fd20b5a30a7ba9584b302500a19143ce05c3f82a2249391bc4612c10a6604726a80c3cd500c5d30f7824be6a22471c5f8883d36ba06021b08bb2d5404,CLOUDY/OVERCAST,DAYLIGHT,WET,FAILING TO YIELD RIGHT-OF-WAY,2.0,50.5,2.0,2.0
06550a951d02b027d9c0e4ad29667a2f5ddf7e0495f9acee85a8e451f985010e0a668c49e16502497432df493982b43be8398e40e92e0531811f23181f2fc8e6,CLEAR,"DARKNESS, LIGHTED ROAD",DRY,IMPROPER TURNING/NO SIGNAL,2.0,34.0,2.0,2.0
06551bd9582054d35f8b25556e797ad95e20872647aba1b238bfb1ad19e3c2333dd1680305a6ff6d0dfbac093a2635049d01893165d44d218af496fff8fae05f,CLEAR,"DARKNESS, LIGHTED ROAD",DRY,IMPROPER BACKING,2.0,32.0,2.0,2.0
06553d173d121c029c5be0e0eada23a9c0c535aa5fbbf320e762c49fa69881227e1ec1991aba6dcde3e0a4eda568869bf2d7d862ec15a7204e498eaae465f271,CLEAR,DAYLIGHT,DRY,DISREGARDING TRAFFIC SIGNALS,2.0,44.0,2.0,2.0
0655755a82e84ded79e215ee1630a194c98f3ef1579198a9aa81a273d4bac843c95a33845afe6b5478e3aee15e65d8dc2ad43f651f40ea0217702a5b9e36ca8f,CLEAR,DAYLIGHT,DRY,DRIVING SKILLS/KNOWLEDGE/EXPERIENCE,2.0,37.5,1.0,1.0
0655add71e0825582bd1ea3a42f7c087a767543a1b912e7cd28d728cc076199b5e5d64d83cdf146727680ff9432e2447e7ea0daff957535ebc42c9d6ddd38c03,CLEAR,DUSK,DRY,IMPROPER OVERTAKING/PASSING,1.0,19.0,2.0,2.0
0655d7539bcebe12b332ec13bb471ece8e91ee10c7434d026f34a58a9f6197b39dee8e3503fcd13e525e33dda00513ca737ee39fb8bf1c8c894256ceca6bfee9,RAIN,DAWN,WET,FOLLOWING TOO CLOSELY,2.0,45.5,2.0,2.0
0655e09f72e76a34d74497f7a52f24a300bec5c7ad28affb05f6db17a6d9b18f937f2745a3e8ba7bd0e348e7a17ce73b01a8939cc004fa0ecaaa7c90e68cf7c0,RAIN,DAYLIGHT,WET,DRIVING SKILLS/KNOWLEDGE/EXPERIENCE,2.0,29.0,2.0,2.0
0655ef99daae4591b0e04890b171aca23dafe764f676789b5472b12990ff8d7a66c05046e93225c1ef3ce2e2362e0b8cf3c9f4f5dac00edac1d5c0aabbff9553,RAIN,"DARKNESS, LIGHTED ROAD",WET,DISREGARDING TRAFFIC SIGNALS,2.0,23.0,2.0,2.0
0656093895f4a398790f738a90e18a420e876e305a4fec8be35abcf4f1e541e180bb9ca47c03c95dce5bcdb1166841abf0afd708405df3c46c3f880fe6b1d262,CLEAR,DAYLIGHT,DRY,"OPERATING VEHICLE IN ERRATIC, RECKLESS, CARELESS, NEGLIGENT OR AGGRESSIVE MANNER",2.0,46.0,1.0,1.0
0656169e3ac5e53e12bce60b887be6912a82f41a7a6b39d54bf76844054acb688282f85968b86be6b93c22cf9a541029aeb60fa46e1616e5f0ac110c481ce479,CLEAR,DAWN,DRY,PHYSICAL CONDITION OF DRIVER,2.0,27.0,1.0,1.0
06561ff672b8f16d1aff171b8654378c41a708a7725b963e4fbdffcc60d70901360e4dfce5555842ed4dcd75fa27f1b104fb83131a2b5cf5d4696e06b54a52dc,CLEAR,DAYLIGHT,DRY,IMPROPER OVERTAKING/PASSING,2.0,52.0,2.0,2.0
065645898c933683c008d97eae17640976bbc5b1050596c2dd949e42b26c35f251501e76df9ad3df69c4d9d648fffa65a5f575d8f52c2cc99260a7dc5b6681e3,CLEAR,DAYLIGHT,DRY,PHYSICAL CONDITION OF DRIVER,2.0,37.5,1.0,1.0
06564dff3bf4de37a96aadba9ee8c4c5380658a69b6ef79a7bba4fb2c424d04b57eefdcd65f104a236c47297d2df0ca18e8a7d62b6eb500f2dd3d0b36fab0a36,CLEAR,"DARKNESS, LIGHTED ROAD",DRY,IMPROPER LANE USAGE,2.0,54.0,2.0,2.0
06565a6167df072682195d8294e714fa48a5bc964637d41dfa018c09025161f535ff2b9413b53583b399e00443ecc44e996c6f46c52f0ac77fa6201cb61bc81d,CLEAR,DARKNESS,WET,FOLLOWING TOO CLOSELY,2.0,32.0,2.0,2.0
0656c10af39628887d7a5961d9b82b87d3b37d8591471b9ef77de4444e9fcdcbdd243c8e2c37c91d5e9722d7ad0fc73046cf1a4ca0ab22c329defb642dbce9b1,RAIN,"DARKNESS, LIGHTED ROAD",WET,FOLLOWING TOO CLOSELY,2.0,34.25,4.0,4.0
0656cde024a1ede2834ea15d5c775f5c34f4b55e9ff9743f6427b46956e52876b9a49b8d8a7a29efc981e5e73aa6c4af64c75f53b4ca93db23b8b01b6cfea2bb,CLEAR,"DARKNESS, LIGHTED ROAD",DRY,IMPROPER BACKING,2.0,37.5,1.0,1.0
0656ec31d38c3bd27a9d09b6e6ca46bc742cb227424455386f1ecbb5dfbe20082dc3aef9e4023daf33c8d1d6f1590055031b361b6a0d661b57cbda540ec0bc26,CLEAR,DAYLIGHT,DRY,IMPROPER OVERTAKING/PASSING,2.0,23.333333333333332,3.0,3.0
0656f0300f5a92c7c296cf8c915b15d777a4ff0257cc04d2b2692736f5c2ecb56916a6d5cf1625533e5383ab8191389951ced03377a535a003074b6ec02ca298,SNOW,DAYLIGHT,SNOW OR SLUSH,IMPROPER LANE USAGE,2.0,32.0,2.0,2.0
065760fd4c43ee3cd50fc80a62790e2beb0c70b46986565dac979ecdb7fa9c5d35b05b019355ed14a06f78718c6b0b32bb265a09975017861e12bd14c7d9768e,CLEAR,DAYLIGHT,DRY,FAILING TO YIELD RIGHT-OF-WAY,2.0,29.0,2.0,2.0
0657908307be66de8f2ec5cfd5568fb091f27133c16eb252ed7c249b3f3373ff2d3d4860ec8ffe46cbc06172a8e1434bf7621eec09220678adba6af9e91fb447,CLEAR,DAYLIGHT,DRY,DISREGARDING TRAFFIC SIGNALS,2.0,41.0,2.0,2.0
06579e73ddd449524996d4a725eab5221edbde8510f8764c8142bfa8b9b039f3239765686eff6155004c1316540d50eaa080638a133d3710ea60ecb3313b4303,CLEAR,DAYLIGHT,DRY,FAILING TO YIELD RIGHT-OF-WAY,2.0,56.0,2.0,2.0
0657a1161a8ccfd76ecc153b3c1bcaff5d7830c996ec6e042275510d5dcaaad89f1ced13e0cdebb9c529981a63144cfbaf313cbf65180e157a935579aad44b34,CLEAR,"DARKNESS, LIGHTED ROAD",DRY,FAILING TO YIELD RIGHT-OF-WAY,2.0,44.333333333333336,3.0,3.0
0657ae7fffa4751d26e8264e1079eae344ca0ae43da2c018bf1741d1eaf03451d6e49f182dff9e9db18b90e03b714427838137dec822cc939bb135e70b5ce564,CLEAR,DAYLIGHT,DRY,FAILING TO YIELD RIGHT-OF-WAY,2.0,49.0,1.0,1.0
0657b414de50de78cdf7ddbd1b6142732e84a3549f19cb318e60c55fc539ba8f11d9163fbd2108e4635eb053aad42ca1e324df1411082cb6de46e2e856075c18,CLEAR,DAYLIGHT,DRY,DRIVING SKILLS/KNOWLEDGE/EXPERIENCE,2.0,70.0,2.0,2.0
065834cc23fc93f3b311adc3c609b5ab134d36ebc2ece79594a5fc065a7521a77afb3cb0a98cda0b7d264c72f72da0414c0d04b89d673f2dbee8c74ddc308ae0,CLEAR,DAYLIGHT,DRY,FAILING TO YIELD RIGHT-OF-WAY,2.0,44.5,2.0,2.0
06583e7c3d24d6cbf9da746316daa5eac5b0f594cb15fe58cfc99edf9bf13762484972bf0b6525b8833d4f62209ac05de1cddc3ab6afa3f452036c0205167aab,CLEAR,DAYLIGHT,DRY,EQUIPMENT - VEHICLE CONDITION,3.0,70.0,1.0,1.0
06585c152bd65022b9502e446c651fda0907535eba300fa49e1aaf4c01fe3ee3eef690bc461d239be9c86d3206a1a2e548d7878e904fc9d3cb128275f3723f30,RAIN,DAYLIGHT,WET,"OPERATING VEHICLE IN ERRATIC, RECKLESS, CARELESS, NEGLIGENT OR AGGRESSIVE MANNER",2.0,50.0,2.0,2.0
0658758f27f4d78f11beda5db4f75ce70a60843a266542bfe273343637bb4edd96bfbca3e7b7b1740d0145cd0cf4e746d5caa50722744c02bb9acf5cb103098e,RAIN,DAYLIGHT,WET,WEATHER,1.0,48.0,2.0,2.0
0658866c2feffa43da867c8cdf2c158a57756e6b3b5cf8fbff25013f370dcf1694a397e009ee4e8649721846df2881886c270505520e6c9d5f6e4b3e3e4f33ac,RAIN,DAYLIGHT,WET,DISREGARDING TRAFFIC SIGNALS,3.0,24.0,6.0,6.0
0658b8f3a284b1152eeab1a3f13c681b1237deba7ef52250c9ad750408cd697a336ad6063efda623b2831946cac0d4ae9ac5b765358f54303b5264ba5ee8629b,RAIN,DAYLIGHT,WET,FAILING TO YIELD RIGHT-OF-WAY,2.0,22.0,3.0,3.0
0658f97507645d4e4068f70fe58f930f97f87f0cfbce674a5b23648b1ecfbb462279caa35b23ffeee82015ddd5875d6bac6a1424245205dbc81728721c9c6f01,CLEAR,"DARKNESS, LIGHTED ROAD",DRY,FOLLOWING TOO CLOSELY,2.0,35.5,2.0,2.0
0659098066cdfc2a76220a0adba2032195b131d5ae956f120194d992ee6271caa17bde251005c845e2310289364cc7ac51638743b395b5d69abe8bf97fe88500,CLEAR,DAYLIGHT,DRY,IMPROPER OVERTAKING/PASSING,2.0,28.0,2.0,2.0
065945c88580d11abd304f78e51a10d6a082980b258e5ad95a35a641aacc7c47fc738fb53cad148879f336ed5dded5121ddd0e1e4b7facd60e6c44147422f432,UNKNOWN,DAYLIGHT,UNKNOWN,IMPROPER TURNING/NO SIGNAL,2.0,56.5,2.0,2.0
0659751da74c4f584ccda7b3cdd312e16fb00cc3cf0ff74b979866e359376a7bef348146e7b046e3a1a8c9e1b1b96ee0e4ad7d6647e33a33e30b47d07a3d2fb1,CLEAR,DAYLIGHT,DRY,DISTRACTION - FROM INSIDE VEHICLE,2.0,18.0,2.0,2.0
065992b318dc9c2b346c48b01cfe6f685bdd4bcf8ec76310fc1f131c085d688a6d5e31366a0cab2a5d94f2e6cd5304395ee1d57fe02dc2ec5516b051e0a1046b,CLEAR,DAYLIGHT,DRY,FAILING TO YIELD RIGHT-OF-WAY,2.0,20.0,3.0,3.0
0659a0f8d16abeb4f3e02d771a89c59fadf63ed71a56d6a8e58c20500c7c7e74dc398e5a107f22d995c43ec2612cba898de92cbd860b1a2bd244cc756ee35ce3,CLEAR,DAYLIGHT,DRY,FAILING TO YIELD RIGHT-OF-WAY,2.0,37.5,1.0,1.0
0659b4458625b25206e01f6b76b9994bda2ae1b2b81bb4a606aa26494ce290506d609cc359488f8ec19c757fa500e8a9dd04c9fff5b7614933eddbf02166d793,SNOW,DAYLIGHT,WET,IMPROPER BACKING,2.0,70.0,2.0,2.0
0659b854e08b83a1f2eca6871d20ef81798e860736b966e28b866ab78383601f5df0ad0b3cdd3087b730acf2aac232d1e17ccf1b5c29d43f21b90c81b1e370e1,CLEAR,DAYLIGHT,DRY,DISREGARDING STOP SIGN,2.0,39.5,2.0,2.0
0659f8f46d23c4e583c9f96a01c1a6be77f30fc1b64436a0eb304bad53bffd56459616513e2ead81efbf6f3a2760ad1d3582abc9d4832f0f3b1654050ea7d02c,CLEAR,DAYLIGHT,DRY,FAILING TO YIELD RIGHT-OF-WAY,2.0,41.0,2.0,2.0
065a0afe1f891c4e0e9c0a2e2608c03aa616ed324c84ad244fddf6355cb9feb1756b35a8b840b5d0b7c371a5f77f8290e00e0490392fcde882da006a84bfba43,CLEAR,DAYLIGHT,DRY,FAILING TO YIELD RIGHT-OF-WAY,2.0,43.0,2.0,2.0
065a425e692da015e85580cc2407844d766a8a76d08b133bc2ecf6defb80ec541232c294b17a17a18e4bb281af4e0373c8690e541b1fc8a8295a652f3ca99aab,CLEAR,"DARKNESS, LIGHTED ROAD",DRY,IMPROPER OVERTAKING/PASSING,2.0,56.0,3.0,3.0
065a42cc74f661048b7e64649deee2c22523601e28c373bfa200c5289dba82fb81cbd3d8135b265fa7c8d64bc2602e80588cebe55a1990e4c9d71fe5fb783a42,CLEAR,DAYLIGHT,DRY,IMPROPER TURNING/NO SIGNAL,2.0,72.0,1.0,1.0
065a6acdc0bdcc155bb9708c4ff054771dbd5fef8665ca60b4376efb976268d66596bb0661c32037ed3653d30da7b6d5c09c3551282f84ee3453cb5f6c44868d,RAIN,"DARKNESS, LIGHTED ROAD",WET,FOLLOWING TOO CLOSELY,2.0,24.666666666666668,3.0,3.0
065a7bec53d4cfed20b83c4fad02c20fddc393d73fe93914b404026cb9317a741f9a6b7a166c7a0b42b5be12d17443690effb75db3eb20d077d6d30cb062dce5,CLEAR,"DARKNESS, LIGHTED ROAD",DRY,DISREGARDING TRAFFIC SIGNALS,2.0,35.0,5.0,5.0
065a82b9bd9d234f3daaed303086902912ff567c55d3085b12c12cb280f6b87edea96627bf7a693cefd848f1bc1a38b9161c92b1a194ff06251494b17279c3f9,CLEAR,"DARKNESS, LIGHTED ROAD",DRY,FAILING TO REDUCE SPEED TO AVOID CRASH,2.0,24.0,3.0,3.0
065ab7149fc04dbd1abea4cc84de9f94c022ad51496646a0a5e06b78de7e8564fede3fee27020b81038cd0a18c73d47492c7c8cd35a2727990a7cd4aa86678c0,CLEAR,DAYLIGHT,DRY,FAILING TO REDUCE SPEED TO AVOID CRASH,3.0,46.0,3.0,3.0
065ac9ba6f2131f0d63a0758a167d339af03731da0e3b181b0fa938a5775a5cd87a1d5eabf311edb82ef143a4684fc2a2dd49ef3a326ba45a13ea0e59f16847b,CLEAR,DAYLIGHT,DRY,FOLLOWING TOO CLOSELY,2.0,24.0,6.0,6.0
065b0e1724e310a5eae726cc737ab220c8372fb8387243a83ab67e2ca471812eba9c5fc4839def0c5de7fec07a9cb7181f8a0c7548ec55e63b4055c49e818f13,CLEAR,DAYLIGHT,DRY,FOLLOWING TOO CLOSELY,2.0,39.5,3.0,3.0
065b2930b2d27bcae0f9940d0b1d96b07c8dd7cc9f419489cbecac42b6e5f67de50dc49bf07f21d67bf371534f8cc425509d529e7902c1341f0e8e9fb02a5164,CLEAR,DAYLIGHT,DRY,DISREGARDING TRAFFIC SIGNALS,2.0,37.5,3.0,3.0
065b37a8cd0e671facc99d856976f849d950832d7dc19ddbc01063eecdbfb289240012a1c28cff5188be647610adca3df154e38b73d80e9ba9e2068eb3de9d4a,CLEAR,DAYLIGHT,DRY,IMPROPER OVERTAKING/PASSING,2.0,27.0,2.0,2.0
065b5cc52d7b8283df185e4f918f7f567305554bd8e273deb75812e6b0977af6868451a048cdc00452d76d3b0d8173ea74750c4051384f06c0759c2877ddbfa2,UNKNOWN,DAYLIGHT,UNKNOWN,DRIVING SKILLS/KNOWLEDGE/EXPERIENCE,2.0,42.0,3.0,3.0
065b5f38f2d48d60b4b16ff9e03510973c59c8288853d3cf182c41613cd7d6883e46c7420b17e10926d478b8e350a2ec7eb535a6a08126cfc3e9b884ecc2fc76,RAIN,DAYLIGHT,WET,WEATHER,1.0,73.0,1.0,1.0
065b805f0a77649dcd95e0e5ed865367c92470876584c3290c4816f606e37ca8a9b514b0056a109c76bd4ef4db891da3114772b5962b6ee636bdc09e1d314774,CLEAR,DAYLIGHT,DRY,IMPROPER TURNING/NO SIGNAL,2.0,49.0,2.0,2.0
065baf822334fbc9638ca09530598ed4ffe65a4fbbc129c21e0cdc9f316a656cdfdf452f3305bce759c57e784ad076c05c59832dd46c05b1d5a17e2ad1c6fd73,CLEAR,DAYLIGHT,DRY,IMPROPER OVERTAKING/PASSING,2.0,37.5,5.0,5.0
065c16f34dc83123ef8972f2e4cd0749bd58f9f46f2cf7de38dd86d1bf1db9742e82aaaa01265006097b20973b93fd21c0003d1641224ebe98368efccdade045,CLEAR,DAYLIGHT,DRY,IMPROPER LANE USAGE,2.0,38.0,2.0,2.0
065c2b4e259c6e5299632333e8d3406708c0e25e509463e39e70cc4bcaa523ed86627ae8c2a2eb889813be37f04946ca2214b0df68fbd69aa791dd4f4e76bdca,CLEAR,DARKNESS,DRY,PHYSICAL CONDITION OF DRIVER,1.0,22.0,1.0,1.0
065c50e75e287d3fce25fa92648838d361b9f6d8dd729a3e0cb3b09b2692748ee2f609cb6b0d5348baf8d1ada9ce7172cfa0521c835fe3016881fd65a4ad9a2f,CLEAR,"DARKNESS, LIGHTED ROAD",DRY,IMPROPER OVERTAKING/PASSING,2.0,33.5,2.0,2.0
065c56482558158f4a11ab5988f64ee006cee1d200cb215a36cbd0b48c7a06add323d25e05fc7f82e55b3fdfce5220445a42c107d9d71475a410e007b071f733,CLEAR,DAYLIGHT,DRY,FAILING TO YIELD RIGHT-OF-WAY,2.0,46.0,2.0,2.0
065ca72aa4a7bf937e2073d9a7edc942d34fc842f68258fe09be7f7e23732bb31b783b5b6167a6ce51b255c6f646153de32681405547eca6e1e1ad20b5df58d5,CLEAR,DAYLIGHT,DRY,IMPROPER OVERTAKING/PASSING,2.0,25.5,3.0,3.0
065ca7bf72778c2b590c5668fc52440ccf31b6082343d069b882d7a5a3221d777c89c7386c1de878f5f243b57edd75376bd27199ea4e8423572f9bd74df65f3a,CLEAR,"DARKNESS, LIGHTED ROAD",UNKNOWN,IMPROPER LANE USAGE,2.0,32.0,2.0,2.0
065cb00960beeb8240df15e1b37f7cdd3fea05c578736dc3e889f19562f34c0719ae8ba37a09b874f11fc07b6e09befdf484d7980ebc841caa441488a3a3d400,RAIN,DARKNESS,WET,FAILING TO YIELD RIGHT-OF-WAY,2.0,65.5,2.0,2.0
065cb749f712385366984330a2fcfabdd6e6403cce47c833e25f878891c35c34793b858473a38bd01480cd3289045e33390aa2d4882fa489338b132cfbacceaa,CLEAR,DAYLIGHT,UNKNOWN,FAILING TO YIELD RIGHT-OF-WAY,2.0,25.0,2.0,2.0
065d0e7ba1289b764caaac94a826b086063470d9120d4355838e7a57198a5904ca8216178a623a0655f826192af3dbba4f02b08caa6b6a5ccb98e11097ec748e,CLEAR,DAYLIGHT,UNKNOWN,FAILING TO REDUCE SPEED TO AVOID CRASH,2.0,51.0,3.0,3.0
065d2f12214fd5a4b3fef31a4970513e7f0ed319f831f8b330ff3e78268d1042d9a084faec48540e55f0adfdee9c6c0a18fd88e0503b19f72c2d75bf6586d183,CLEAR,"DARKNESS, LIGHTED ROAD",DRY,"OPERATING VEHICLE IN ERRATIC, RECKLESS, CARELESS, NEGLIGENT OR AGGRESSIVE MANNER",2.0,32.0,2.0,2.0
065d362317ccf68abed59512423b8009c1a21e1c063bf1e76080d0bdc5c98430c4a72b87bc4a9d9f792b2beb3810e426fde2c61024fa980b2d8e9c4c7a057ef4,CLEAR,DAYLIGHT,DRY,FAILING TO REDUCE SPEED TO AVOID CRASH,2.0,36.5,2.0,2.0
065d4b12a2f246f1550ed421c617772ccd6554ca585c722fa2a572b299196d0dd7e1d6cb7ab34670af64e1b98de63ba2f95751e77ab668ecb27e3807b30b12cc,RAIN,DAYLIGHT,WET,WEATHER,2.0,46.0,3.0,3.0
065d5a35ad00e6f3eba612aa1601dad224b1a7b0996527d84577f597fe84e8ba728e8852b00cbf00be0046932586d0032ddace45d7d5cd6f6d7f6c0a19eef6c8,CLEAR,DAYLIGHT,DRY,IMPROPER OVERTAKING/PASSING,2.0,48.5,3.0,3.0
065d5c9d33be133ba50c0669c0104c10967265d1f384878dc5187e09be84880ff7e9977b00f52e3c853e4aaeb81e867fa3c95d9d941e597e1ece431283c03b5c,CLEAR,DAYLIGHT,DRY,DISTRACTION - FROM INSIDE VEHICLE,2.0,56.0,1.0,1.0
065d6c0e587cafac4700e4268c396142590a9e0132067da0f609eb3bbecb3af7b72c058b81e02b52eebff4a60d8644005632eee53745795c558b3da0eb6edb6c,CLEAR,DAYLIGHT,DRY,FAILING TO YIELD RIGHT-OF-WAY,3.0,24.75,4.0,4.0
065d933b51374afcfc9237e193cb1fbb944dadea551f064593f27c2decad04327f624afbbdf1b8c5b16be03162b0c66e9d1f9247d3cda14bf787544d723ba122,CLEAR,DAYLIGHT,DRY,IMPROPER OVERTAKING/PASSING,2.0,35.666666666666664,3.0,3.0