crash_record_id,weather_condition,lighting_condition,roadway_surface_cond,prim_contributory_cause,total_vehicles,avg_driver_age,total_people,total_injured
065dbf9e0b82295799cee5182707cb86e5327e95cf119c7cab81ab5d3e62f327539fcd9789d36054d5820568635d8043482110bd73f8234427ff9a697b6676a4,CLEAR,DAYLIGHT,DRY,DISTRACTION - FROM OUTSIDE VEHICLE,2.0,51.0,2.0,2.0
065dda1cafddd0fd7381d77c6f3eb2766f348ddbaf83148060ca3472cee7b4caad31db2ff5c083553dae2b34e68096f0bc114cba7e2f78c2ad2aad7f3367f882,CLEAR,DAYLIGHT,DRY,FAILING TO YIELD RIGHT-OF-WAY,2.0,33.0,2.0,2.0
065ddb545089b840c0fc055d7e16c04d26d69d704a663d0b7aca7c3ec59b64c9e099c6600bb4816b4786422c3a5da86cfc9953492079da3d502abdb09409f055,CLEAR,DAYLIGHT,UNKNOWN,FOLLOWING TOO CLOSELY,2.0,25.0,2.0,2.0
065e1e823dda514dd71137dd032803848aed2e96d09113f7704d59f9354b1ca7deb6d48e3441132d196ad98668cffd338377c58dd91cb2d32cbdd91988bfad8f,RAIN,DARKNESS,WET,IMPROPER LANE USAGE,2.0,37.5,1.0,1.0
065e23a22a16319b741f8bcc9b4f3fd14e5932538349e0b82bc45a15537c232275dd9d8383c84510e31f2e101318509047d1486a26ba5746751e4d21d515a84a,SNOW,"DARKNESS, LIGHTED ROAD",SNOW OR SLUSH,"OPERATING VEHICLE IN ERRATIC, RECKLESS, CARELESS, NEGLIGENT OR AGGRESSIVE MANNER",2.0,44.0,2.0,2.0
065e4dc6efd3ccef4792921fec28788ad775905236b77494e5d0ed4236aac0e3fa157b53fef1323b5428b42d15cf55bfa1998db071c2011cef300629acf8ea20,CLEAR,DAYLIGHT,DRY,FAILING TO YIELD RIGHT-OF-WAY,2.0,32.0,2.0,2.0
065e6b814490f5532e0f86653479e5f0ca7ffb952c215144472d45d5baaded24c78d21fdb2c49692fcc32f341690a1767897151376f5cf4a12d8b6ae1a378c47,CLEAR,DAYLIGHT,DRY,IMPROPER TURNING/NO SIGNAL,2.0,34.0,2.0,2.0
065e8bed56a73c10b9a8a33b5dd4a2b59fef5006d609275e9e72b8c14a80c4683a9062147635f503682e8ede8f24d3be8a24c4a02877e791688ca91cd46c7d89,CLEAR,"DARKNESS, LIGHTED ROAD",DRY,EQUIPMENT - VEHICLE CONDITION,2.0,51.0,2.0,2.0
065eae73235e0d21805d2aff6541a9510f1b3cc9cc30b45f16d09e97a7fd85464a2f35f3b00f5aedb6091bc45acc80f7e249ecbfdb3ee183a9caefb2f384a4e2,CLEAR,"DARKNESS, LIGHTED ROAD",DRY,FAILING TO REDUCE SPEED TO AVOID CRASH,2.0,25.0,1.0,1.0
065edc53ed01e43dac800c31bccac0cc2b634e68900d198fd7904b5f9ffbb72ba5dabb77c8a4bfed6e4802fd7c891f30a7bd8474f03faf73efa8872d7176d5fd,CLEAR,DAYLIGHT,DRY,FOLLOWING TOO CLOSELY,2.0,24.0,2.0,2.0
065edd5681fd969db6e800f988b0284dfa0584e0df232ceae1bb6c6f47e5120cf16cc8a1154a5abb16d6232a9d6025417af8f7b3657a03e1093088390db3b1d3,CLEAR,DAYLIGHT,DRY,DRIVING SKILLS/KNOWLEDGE/EXPERIENCE,2.0,60.0,2.0,2.0
065f04226a284b887303af81753bec6cbbb818213a00409bd6012531191aee7b0dd6c461b4fd060e59a249e3566ede5ad84e30b6e40541cc2325640c727badef,SNOW,"DARKNESS, LIGHTED ROAD",WET,IMPROPER OVERTAKING/PASSING,2.0,55.0,4.0,4.0
065f478f7ddf431b9f940eb0ff1460417ed3f0df2c7dc92ad2e3abce80a8eed87e1011493e3f76d7825892a08067ee06a5f5efeab7e9b77aad57a735f3fb4e2f,CLEAR,DAYLIGHT,DRY,IMPROPER LANE USAGE,2.0,41.0,2.0,2.0
065f4884947f946986b0292bd0eb92295e515c8d1900d1e44c87c4dcf6369241f7d0b0ebaaf86295ddf9ee28a08963c86f20350b712e09839fe04d00d306db7b,CLEAR,"DARKNESS, LIGHTED ROAD",DRY,FAILING TO YIELD RIGHT-OF-WAY,2.0,78.5,3.0,3.0
065f4ab9774084b8be9848b1e25ffb7324013df3c69a12e3f23c079ca8a2c55b09e597a6ef3f49f00920a09bd969da4a64f3de1e620dddb8fe486d727908fa88,CLEAR,DAYLIGHT,DRY,IMPROPER OVERTAKING/PASSING,2.0,33.0,2.0,2.0
065f61c5ffca48f286d3246da6e22e8c3efd879133705c27f26ded2a8099871cb5fea7a9effc75114862d785165d658fc3464240c11627f4f16e4057d1b40551,CLEAR,DAYLIGHT,DRY,IMPROPER OVERTAKING/PASSING,2.0,39.333333333333336,4.0,4.0
065f7410273560d550f0b62d21a545baa9b1a1a8c0fe3791985297ac6c8e30327b01f01bfc5044f554fb27d5ab97e29acb3e2bb1ec3d2cd2cc4c33338bea68b1,CLEAR,DAYLIGHT,DRY,PHYSICAL CONDITION OF DRIVER,1.0,67.0,1.0,1.0
065f9a023d9aa615dabf96394100541dcd36701c73e38fbbd14c8c4544e95949546856f8b2294a9170e64c8fcdfc5f8558a6ca96e56e0ff5dd9c5b4a1683aac6,CLEAR,DAYLIGHT,DRY,DRIVING SKILLS/KNOWLEDGE/EXPERIENCE,1.0,45.0,1.0,1.0
065fc9747a739ab725e63540bee6c4dec35a1a3ee11a94ccbaab48be79a5d5400543665feca98fecc8afa45267d4812f95456b128f14eb8f6e53cc957153e71b,CLEAR,DAYLIGHT,DRY,FAILING TO REDUCE SPEED TO AVOID CRASH,2.0,56.5,2.0,2.0
065fd23ff208b028c3ba82631e85f739a562f17b8edeaf8982c704de38e8b28ccb89cfc540fcddaccd6a0a2397bd8ec476e483c4939757b2898d77ea7ee162d4,CLOUDY/OVERCAST,DAYLIGHT,WET,FAILING TO REDUCE SPEED TO AVOID CRASH,2.0,73.5,2.0,2.0
065ff404d4ea5dd1253a677cc428adaba715671f7b1cd1f79967fced9d15127df5ffca4cede753f22e36c636ee54f7bc41606f69521a474887a2bafd2b8f06e5,CLEAR,"DARKNESS, LIGHTED ROAD",DRY,UNDER THE INFLUENCE OF ALCOHOL/DRUGS (USE WHEN ARREST IS EFFECTED),2.0,41.25,4.0,4.0
065ffeafa9154741c9d81916e6e5ce3e58b7019dacf279c9114acdc1454b2c5324bb4e0779e98f7d53127896174458a1b6102f0e0daac93a5d3d71c6a8997fa7,CLEAR,DAYLIGHT,DRY,FOLLOWING TOO CLOSELY,2.0,65.66666666666667,3.0,3.0
06600ffc1284fd18abd0ac35a23198ce84ea2f681c99e38eab70c1665d4232c0aa2a8792b9f1c3fcfaa6aba50aa6f02f03fdcd6cbda55cb1a762fee919885c91,CLEAR,DAYLIGHT,WET,FAILING TO YIELD RIGHT-OF-WAY,2.0,28.0,2.0,2.0
066016315618d8d4a199c6173d69ffeb8101261a0f205e2c5357205ba238ae6e09ba9186064cdb5b90498a5a1e970651b0fd228f82c4610984d9353a17c68f7e,CLEAR,DAYLIGHT,DRY,FAILING TO YIELD RIGHT-OF-WAY,2.0,52.5,2.0,2.0
06601a1c43e811d0040420ecde4ae82624c365400ca87d87ad5dcde888a5e8c995ca7df5750748857c69e2bd1358ad2c792fbbb220bb496b436596aa32821eed,RAIN,"DARKNESS, LIGHTED ROAD",WET,FAILING TO REDUCE SPEED TO AVOID CRASH,2.0,54.0,2.0,2.0
066025dc4f1ce59f75ba7943ed2afc042094786b721566db46db360177907c61bd6af8d72fda6c26a73b83a74b0da74a55726cb647ed1e67cd0aa0b487e47779,CLEAR,"DARKNESS, LIGHTED ROAD",DRY,DISREGARDING STOP SIGN,1.0,44.5,2.0,2.0
06604338c8ece0394e377d6158e25e5cb551737fd2bd32cba5650207f45570c0b621ea24b8ec0edb084dbd55bf22e235a307f4a97352a4254931d0c21beb79bf,UNKNOWN,UNKNOWN,UNKNOWN,FOLLOWING TOO CLOSELY,2.0,37.5,1.0,1.0
0660520f841c1921fc051f2a5d8bdc429a13514d188e7bb18cf929eca0e0ad72ad5e555d809380e56c63dde380f7869db8dc536785f0c2f7dd3ee6cd5cfbb202,CLEAR,DAYLIGHT,SNOW OR SLUSH,FOLLOWING TOO CLOSELY,2.0,51.0,2.0,2.0
0660693eb06805fe305fa202301852a54f7b285b7ac4347cf1232b3f7e5f1e640c29a4220388deaf56b279d9f6e06946cb2f21bc6ec6eb2b94c62c38f2fd505c,CLEAR,DAYLIGHT,DRY,WEATHER,1.0,25.0,1.0,1.0
06609129786cc65016299db65322955b50b1942cdace3e004ad9763090dde5922c028cf15fb7c294221355c8e7d4e4ded15f701e9243eb535d213d26e8c0eed2,CLEAR,DAYLIGHT,DRY,ROAD ENGINEERING/SURFACE/MARKING DEFECTS,1.0,28.0,1.0,1.0
06609e15a85b029d8dd24cb11c8522dbee19241b90daca03032b04abb9621ff051121f7e712a4e6f5e4bf129efa3f868936141dbee7ac33b74a22a1aa2686aa9,CLEAR,DAYLIGHT,DRY,IMPROPER BACKING,2.0,37.5,1.0,1.0
0660b0ed12c2e73a3a9e1a51b48243a266120ac41621ad5971573ab0900ceae6a64acc8c4eb6cb4e97db9d1a4e1fac3a0666b7420c3a5dd0ff68a228512c7896,CLEAR,"DARKNESS, LIGHTED ROAD",DRY,IMPROPER TURNING/NO SIGNAL,2.0,47.0,2.0,2.0
0660f0c4fa50a1c84db1001e7832283f1c8578088f0e60fed144bfb24771e73e0d29ba647c5abc4a1bc8a089977df724ed4ceb18fa74e17ed3bf89167012cef4,CLEAR,DAYLIGHT,WET,FAILING TO YIELD RIGHT-OF-WAY,2.0,38.0,3.0,3.0
0660f9d01324a63bcf2a7c22cdfe6819aa942372362a95cf7149184dcdf8fed9cac71ab38998a40afdcfc4c3c4f5f35226b9434c5536e151feafb7e0f720bafe,CLEAR,DAYLIGHT,DRY,FAILING TO YIELD RIGHT-OF-WAY,3.0,32.0,3.0,3.0
0661394cb271073d231d280a9312f9e29ca4df7e86170e1cab69d3b1e5754b99f1605fb1aca946d221b71759f92aedc2e3e5d5b308684f35296dca38a60aff54,CLEAR,DAYLIGHT,DRY,FAILING TO YIELD RIGHT-OF-WAY,2.0,35.0,2.0,2.0
066153032477e0308f346f5ac2bf577a4db7ba67e4faeb348b17f3821a930dd1fc43783a8a897d7120ed5b90f2d6718081c7db6f7f0ed33d02f73d649e35d6d6,CLEAR,"DARKNESS, LIGHTED ROAD",DRY,FOLLOWING TOO CLOSELY,2.0,29.0,2.0,2.0
06615ce133c1a544865bc899f4c78f923d8388fc4ee09c8d942342d03b5b5bd9f6593a91455f1b20a5f405e238b13b5d00c2270c1ec67366ffaab2d7e4307795,CLEAR,DAYLIGHT,DRY,FAILING TO YIELD RIGHT-OF-WAY,2.0,45.5,2.0,2.0
066179ed32582b988c3f028aff9c83fb1a21cce707b9a6ea4935742348772410d59b47fd05950f36e93988b6213b84dbce806cbd25673d892d1e60ece04b99c9,CLEAR,DAYLIGHT,DRY,DRIVING SKILLS/KNOWLEDGE/EXPERIENCE,3.0,45.0,4.0,4.0
0661f8547cd0ea9b650086cfff2ee1ad02019f35891e2099aada8ced20d496deba8a71c821b9aafa4b5a97b48caebb88fae275be238c3a55ac79928ff1a7ed61,RAIN,"DARKNESS, LIGHTED ROAD",WET,FOLLOWING TOO CLOSELY,2.0,28.0,2.0,2.0
0661fc087cc142653dfc32a6c7ed23aa31a18bc8f0e02bb60b26b6aede3ee2c137f65cc2f46658f41e81d5f3d958063cee315e5fa77ea33ebe020d6ab8fe9c4a,CLEAR,"DARKNESS, LIGHTED ROAD",DRY,"VISION OBSCURED (SIGNS, TREE LIMBS, BUILDINGS, ETC.)",2.0,32.333333333333336,3.0,3.0
0661fe3968c860516103f9e5c15ac303f91a8454a2c77d7ca34c5bca052c9b211de9e8c761e41b7c72a012745d15322cf6187d3676b1ba6e9bc516f6edead9e5,CLEAR,DAYLIGHT,DRY,FAILING TO YIELD RIGHT-OF-WAY,2.0,43.0,2.0,2.0
0662027e224794fdf06562d4cb74b7f2b1dcc7c645b66153a00ec5e537c78cf83fdbb67bc28fe7f71643504c38ce1a80ea1f987930df05848315e0cbf1a1f392,CLEAR,"DARKNESS, LIGHTED ROAD",DRY,IMPROPER TURNING/NO SIGNAL,2.0,56.0,2.0,2.0
066226a9e7ee08c5a103d018f322d9253630799c19735cb89aae0fdedebee236004aa4e5503e9912426e2ac9abd7c36a3233178a32e0589368949a7e26e5df1c,RAIN,DAYLIGHT,WET,"OPERATING VEHICLE IN ERRATIC, RECKLESS, CARELESS, NEGLIGENT OR AGGRESSIVE MANNER",3.0,41.0,3.0,3.0
066232585a4c82ccea815304f381c608b28fab0f95ee37a0b5ac77e959c0166d79ab705cf81740153586da0e4b2497415de63f24c0be03a202dfb8d462d39a8a,CLEAR,"DARKNESS, LIGHTED ROAD",ICE,WEATHER,3.0,33.0,1.0,1.0
066232907aa5a01af2a836e8561cf65c54a67154e10211dd54f405e43bbfed5465c827becda95039907a6457853361dba4770beb9ea1cf85c1b1e712984033f7,CLEAR,"DARKNESS, LIGHTED ROAD",DRY,FAILING TO REDUCE SPEED TO AVOID CRASH,2.0,33.666666666666664,3.0,3.0
06623d52540d3ed01531fff29b3469bc945269dfd8197c31ae6263a94a538e044fb04c787c97a5f63269c2b071ecfc419f5bd36a45e18240d6037cb164b9ca99,CLEAR,DAYLIGHT,DRY,FAILING TO REDUCE SPEED TO AVOID CRASH,2.0,37.5,1.0,1.0
0662416299ff3571ced9505362dab7f84e21ec26643b95dd53aae8a2bcb40cf0892fe309d45296ab8070e294cf9e9b11d7590519ec70dc93c0096080b1515a89,CLEAR,DAYLIGHT,DRY,IMPROPER OVERTAKING/PASSING,2.0,53.5,2.0,2.0
066263c11b4ac9c0150cbb99b71965233b73e69a25fced1922a437b1e5a7a7737f7d24336cc7a947bc8c2b44c37eb0507e01abedb44c4404132621dce25ba0c3,CLEAR,DAYLIGHT,DRY,FOLLOWING TOO CLOSELY,2.0,42.5,2.0,2.0
06627bbf7fa780a48bd1b5719b5cf480c88badc45c80b149d16eee8022cb71bf228d331b171d405a9a7f834b3cff767ef3bd100944cfee0207a448279fc1088e,RAIN,"DARKNESS, LIGHTED ROAD",WET,FAILING TO REDUCE SPEED TO AVOID CRASH,2.0,39.5,8.0,8.0
0662a84bcc4a213ae7afe6423efa155b1a0bbcf0cce164253dbec51d80ba62dacb509af3911790cd17cc0e8c272669d12342f9449ed5ab5d2c75b8ef3f4e4072,RAIN,DAYLIGHT,WET,FAILING TO REDUCE SPEED TO AVOID CRASH,2.0,28.0,1.0,1.0
0662c73573348021efbba29a2c7795a79d197cf6439133e13b34a6ff80cafb19ecfb7713af65061b99deabe0031f12236e17774b60654c78038d3de640580948,CLEAR,DAYLIGHT,DRY,IMPROPER TURNING/NO SIGNAL,3.0,31.4,5.0,5.0
06633df3356ee2ded699bdd9d89a4eac460c1388cd8c799cbc5b8828e7174deaa8091158e12dead77bebe7fb56585f13da954cfcaee12ba87e7c177d54f13620,CLEAR,DAYLIGHT,DRY,DISTRACTION - FROM INSIDE VEHICLE,2.0,32.0,2.0,2.0
06639be54549a2545e9cbbba404630e3d93ffadfa1abb0e28ccaf7f98bbe5de7b223bf00a9b188e30045bb95bbe0b71160f5abbd24b654e84d17c87b6b34dddf,CLEAR,"DARKNESS, LIGHTED ROAD",DRY,FAILING TO YIELD RIGHT-OF-WAY,2.0,34.5,2.0,2.0
0663ae16a48929ff9a3c91156b710cb496dfc6217a527d5d3c63a47de88fa26c9caf976af47bd2642392c100dde529dad6271dfa3271f294224377f8d6f76c68,CLEAR,DAYLIGHT,DRY,DRIVING SKILLS/KNOWLEDGE/EXPERIENCE,2.0,44.0,3.0,3.0
0663c3c859f6be0495328065829cc8004c62c8f4baf0cdc97245b171368a15bef5539725566a91af556393555472fae1087a9865d534c99f3e3d86b4552eef35,UNKNOWN,DAYLIGHT,UNKNOWN,FOLLOWING TOO CLOSELY,2.0,24.0,2.0,2.0
0663e017e26c7957d015405b5080f15d9277050f47297ab9582fc23662001ecde7808eb66a0eafcecd34680df49ff2794a4bdf816b7999367a883c701722849a,CLEAR,"DARKNESS, LIGHTED ROAD",DRY,DISREGARDING TRAFFIC SIGNALS,3.0,42.666666666666664,3.0,3.0
0663edd2e7bf57e69400162f61da062ab8819641e1abde734fa9ee97afc4eb68ebdc0ddcbdc02e07bb7b5d53186e1459e2df9d4d3e866cd7fd80fc86ec2272fa,CLEAR,DAYLIGHT,DRY,FAILING TO YIELD RIGHT-OF-WAY,2.0,28.5,2.0,2.0
06641c0919885a7cb30e972401c1292d1889802e98de04f57c4a74daf5f1d401365478ccbe7409af1c31e68f296e359b56f440dbf0f8e46bcd86c2cf40cb89c0,CLEAR,DUSK,DRY,IMPROPER OVERTAKING/PASSING,2.0,45.0,2.0,2.0
066424fa5a123b1c2abbdd9b733496f718d5f0aa39ec9bdf106079abcd682c95ed41b00d797ac1973c88b8a65b31b62dfe174ab880e4d50475b021000348eafe,RAIN,DAYLIGHT,WET,FOLLOWING TOO CLOSELY,2.0,37.5,2.0,2.0
066446e92d5e4bb004f15a2aebf84baeb5cb3dd906ab82a9d8ff0f1aebd59a0e5601e4bb84c3bc3065416a7ec3de42810cd81f1a69c4c4503d03eff8c600b28e,CLEAR,DAYLIGHT,DRY,FOLLOWING TOO CLOSELY,2.0,32.5,4.0,4.0
0664491329583e16df5fb4675d937b7e1d4fbc846162432e157e6049069b204d648025b865e466e6b12d7a82a3d71b58f9de6e69f9ab1230e159ab8aab26b42e,CLEAR,DAYLIGHT,DRY,FOLLOWING TOO CLOSELY,2.0,37.5,3.0,3.0
0664beb7a6d65bf114cf77d0173e503b1615936d6d4c6e792eff613ec77ae485a4d6679bf69f9618ae74f89a5ce7f92da880125760791927300e6013184ad38b,CLEAR,DAYLIGHT,WET,IMPROPER OVERTAKING/PASSING,2.0,36.5,2.0,2.0
0664cd983e095179d1f9dbe31a753cf87a2b298845468b11b57c36803f9101761a889f42a476db26ccae6d8e858747e7f348b3b79741070d2b00aef5230e4033,CLEAR,DAYLIGHT,DRY,FAILING TO REDUCE SPEED TO AVOID CRASH,2.0,44.0,2.0,2.0
0664eb5e18d52cb6ae3c63bd996393e65b07a5ca49ae1bb3da71b966ec0cccb3bedb69b67ad1d22625a962277ddd21673c972f1b94709986e0e294fcb79ec9e3,CLEAR,DAYLIGHT,DRY,IMPROPER OVERTAKING/PASSING,2.0,59.0,2.0,2.0
066536d7838371ab456a9fb829af12f14c3663a64774b2da443badce989af7470032c794ce3b34b8d375999a7d59bdb1b1d681f57e3a278cac86b0d5fd901232,CLEAR,DAYLIGHT,DRY,FAILING TO YIELD RIGHT-OF-WAY,2.0,42.5,2.0,2.0
0665875a7114f59d92ef93a00a8ae19fbdbf21aebc6044f51de1fdee1b3b2045dc0a613b30d00b81b5b23daf7ba78da4024f37ec5bfbff6da5bf640c479c117c,UNKNOWN,DAYLIGHT,UNKNOWN,"OPERATING VEHICLE IN ERRATIC, RECKLESS, CARELESS, NEGLIGENT OR AGGRESSIVE MANNER",2.0,48.0,2.0,2.0
06658b2fe38c686fe80ef73a90f6662ae88b85081a155aa04207a2f7d962a5dededa2b75180096d38151a15971aae465e7d26badaffc4a9429d52516efbce913,CLEAR,"DARKNESS, LIGHTED ROAD",DRY,FAILING TO YIELD RIGHT-OF-WAY,2.0,27.5,5.0,5.0
0665a0d491954a5994d71ab4c9a1097ade26c98471cd3cf7b851b8c2168aca150516a16803dd168f9ab558bbce972cccf6569dd80ddc4c3a15265d1b743e1b9f,CLEAR,DAYLIGHT,DRY,IMPROPER TURNING/NO SIGNAL,2.0,29.0,2.0,2.0
06660a28266c5ee0d498123665d87ffd59171c2d8b7c2f5d4d532aa62953b42f496bf34257ab8eb5be399bbd545626a7aa246f5adbecebd00664e4495404c0af,RAIN,DARKNESS,WET,IMPROPER TURNING/NO SIGNAL,2.0,47.0,5.0,5.0
06662178627a9a42c05a7b6a631baa3d9e5d8610a031545aba039efecc98c4f9e88293d30b1ac22eb0478b442287bc5d5aad02b54df462df898952b52d5c9753,CLEAR,DAYLIGHT,DRY,FAILING TO REDUCE SPEED TO AVOID CRASH,3.0,45.333333333333336,3.0,3.0
066624cc60175b84c240232bb15fe3292a29f0421fd21c1a2fc9baee5daa6de391aeafad5d3a05785f10fead49baad7c88acc1b5239afdf8c8faacca33692d90,CLEAR,DAYLIGHT,DRY,FOLLOWING TOO CLOSELY,2.0,36.0,2.0,2.0
06664ec2955f6518453f559a9b5ca3781535bee122844f8ac165d64985f12844e873008d0df6e9c6adf4ffbb74444ded535c6d9a553c791a09a51ac6dc25ea8b,CLEAR,DAYLIGHT,DRY,UNDER THE INFLUENCE OF ALCOHOL/DRUGS (USE WHEN ARREST IS EFFECTED),5.0,49.0,1.0,1.0
0666555c9de94048468d3cdd0460738494197961e073427038b682c0c628cb9d08649d9ca3d39b2b03bff2253f73f5995703d50d6c128a0ccccda37e150a257e,CLEAR,DAYLIGHT,DRY,IMPROPER BACKING,2.0,27.0,2.0,2.0
06669f303512b4dc48528902a9924660a665fe4e49f9aff69a5f7e7243ce8809b6fa5fbe60d580f9f2a499c9a02e6aac1c60783c1c33f865b83b188910db02c1,CLEAR,DAWN,DRY,DISTRACTION - FROM OUTSIDE VEHICLE,1.0,29.0,1.0,1.0
0666ba9dd22ab4c3b7b9044334b39c0de8b466377169ee5d0f850901944018c6b21dfa6ac1511f244589377d0105b5e3fde376325538e9ae2544826166de5671,CLEAR,DAYLIGHT,SNOW OR SLUSH,FOLLOWING TOO CLOSELY,2.0,57.0,2.0,2.0
0666cfcbac5c5093c0082ce214fd5de9feedbca387883f9cd7986b3e16433d3e56072beae0a4207fc1372d5a4118adae99b0b58cf6c57706d8c68f3b24acd42d,CLEAR,"DARKNESS, LIGHTED ROAD",DRY,FAILING TO REDUCE SPEED TO AVOID CRASH,3.0,23.0,5.0,5.0
066715f9f1357dbec449e26c3cc8ad58d2b8b8ae189d73c854c4b68a4b0e7592ca7dbbe67fc2628eada27de55f1b498fc3b237ba630f5256941776696496ca27,CLEAR,DAYLIGHT,DRY,IMPROPER LANE USAGE,2.0,27.666666666666668,4.0,4.0
06676a986b79b43a792064f8f0a431e80630492f6677e7ff53468dd5a3ca3867ad24a47f40c916a3c375c5cc7a6e72943465ee58ca3f7bfbc5f73f500c545959,CLEAR,DARKNESS,DRY,FOLLOWING TOO CLOSELY,2.0,42.0,3.0,3.0
066771c04ca6271fd9709a43eabfd3719e02302271f484fbc81a723836c944c792c9d5e54601c869064d1890aa5d99303fae9a5eb14597a56d2c6ada1a9f785b,CLEAR,DAYLIGHT,DRY,FAILING TO YIELD RIGHT-OF-WAY,2.0,43.0,3.0,3.0
066789e8a6d9740946e73e60cf686b4eab3fc8a60e182f989ad28895a809a9925531720fda037d9813743e6b7e6afc37a89932a597dd7a057ec28b18cbd70207,CLEAR,DAYLIGHT,DRY,FAILING TO YIELD RIGHT-OF-WAY,2.0,25.0,2.0,2.0
06679dce869bc70efc56503f769e72314811b03d5085a894bb5bf684edeba8a08805185f7a91eafaa03d44b4ad7fcb34e68c25feb7a9490ee23977fbfe03c963,CLEAR,"DARKNESS, LIGHTED ROAD",DRY,EQUIPMENT - VEHICLE CONDITION,4.0,45.0,1.0,1.0
0667ab3f4a5e476d499dfd95795a7dc51acaf1c5ca6bc23961b86e68826abe62ed6349a1bde783ed0e8b6a27d6b39bcb1467fb970fd468a36bb91aae78c77f4f,CLEAR,DUSK,DRY,DRIVING ON WRONG SIDE/WRONG WAY,2.0,41.5,2.0,2.0
0667cb33cdf71c4ed92acba87367f10e171dbb7e2124d929a33d03090781e13c9a73ca3e3e21e997884fe8ea7a838505e97feeb13233ddbef913958c581dc236,CLEAR,DAYLIGHT,DRY,FOLLOWING TOO CLOSELY,2.0,60.666666666666664,3.0,3.0
0667d44bc1fd01168eaff6b253d62287fabf17edc2e0d0262a4ee300ebf762de5e1e53e02cc32e9c8f5a864cb0ba29ce1abf554e93ade1be6e072fdf7b0e66c5,CLEAR,DAYLIGHT,DRY,FAILING TO REDUCE SPEED TO AVOID CRASH,4.0,12.0,4.0,4.0
0667dab9cd6331e2006690e12c72e59ba4122cef0fee5adc8e963ae277faba0a7affaba62e30cc6f557039e2518e3330b9a7863f7cd7681e6c77f3e4f968afd1,CLEAR,"DARKNESS, LIGHTED ROAD",DRY,FAILING TO YIELD RIGHT-OF-WAY,2.0,40.5,2.0,2.0
0667f5e613929ae6f5cd3925b80178050f74fcdfe2f9d2f3d29dc754933f3b10a16900f5e44e65e436c720421adaa67561a2b7a01246c4206e9a28c8e2e22756,RAIN,DUSK,WET,FOLLOWING TOO CLOSELY,2.0,34.0,3.0,3.0
066805371d5696c944655ec6ff656ada624ef5572eccea3259eec118884049bb067ba2f07733cf598e441cf77ec167e5b79e4085c7daf6af8057b35cb95da05e,CLEAR,DAYLIGHT,DRY,DRIVING SKILLS/KNOWLEDGE/EXPERIENCE,2.0,81.0,4.0,4.0
066836e1a821e67b605a6715bf603e7acd7c0a7188c98fce4d95bc532cbd553d15dc130d325ac7367ad2015bbcb435efbe96f6288751201694b24145d3243b30,CLEAR,DAYLIGHT,DRY,FAILING TO YIELD RIGHT-OF-WAY,2.0,67.0,3.0,3.0
0668415c893a0076ef24afec3c06bcc3d318273cc9279e7259677683c363745d130eb21650199c42d1456e9543bf749dc2b75e43b00b7f3b17edf8de421d96fb,CLEAR,DAYLIGHT,DRY,IMPROPER OVERTAKING/PASSING,2.0,51.0,2.0,2.0
066877cd2eb4582eaf2b37a43f8d9edbd0523f1fc3b874357591a9d30cff9b40bc2763af27416800a66d2916f67b13ecf29678ab75bb484ff7aba28335f4cbf5,CLEAR,DAYLIGHT,DRY,FAILING TO REDUCE SPEED TO AVOID CRASH,2.0,37.0,2.0,2.0
06689e9e7304b6253d9984cff4866039c6b3b11cd5492787ff5920df4079f76bbd13c4fe7054e57f71f7554ab9038ef40f0b904703dd6ca1ff6300d25dff6738,UNKNOWN,DAYLIGHT,UNKNOWN,IMPROPER OVERTAKING/PASSING,2.0,32.0,2.0,2.0
0668cf81d29480f22e36bd163657ea7493e3b301be130fd1cf5cce1547959b17cd6f1e20cc8a6ee7851b6a53d70911b0cfb0b3dc43a6de778fcf845b12a70710,CLEAR,DAYLIGHT,DRY,DRIVING SKILLS/KNOWLEDGE/EXPERIENCE,2.0,37.5,1.0,1.0
06692003b6c08f867beca19f7ddb28c532d60bc47c522fc23e89275b064a97dcca3f733edeec4dc7450f1d27111b71d07a706041b24b991182f6deab0b308aa3,RAIN,DAYLIGHT,WET,EXCEEDING SAFE SPEED FOR CONDITIONS,2.0,45.0,2.0,2.0
06698cc54c2acdf2d80b6c569e02de0da13a00bdb13804e6902e389ed1a3f9740c4a9703325073b2bfa660e3d703b32e02fc99f481e72306968da1437076ca18,CLEAR,DAYLIGHT,DRY,"OPERATING VEHICLE IN ERRATIC, RECKLESS, CARELESS, NEGLIGENT OR AGGRESSIVE MANNER",2.0,33.0,7.0,7.0
06699978a5cb2e79dddc193e11015355a45619ffb5d1170dd55a35b73024d00bffa99f8a8ec6aaabbd353e2395a6aace5ede3ffb073fd2c68a1da082fb09d3dd,SNOW,"DARKNESS, LIGHTED ROAD",SNOW OR SLUSH,IMPROPER OVERTAKING/PASSING,2.0,23.75,4.0,4.0
0669aaf3ade381d7c7895982a0ab5945da7bfe6d395b55bb4c549c47374c780ae7ec4cb02528e7c2eb8a12a603bd0daeb02bb472abc0f7a7a1eef634cf2a33fb,RAIN,DAYLIGHT,WET,DISREGARDING TRAFFIC SIGNALS,2.0,22.666666666666668,4.0,4.0