crash_record_id,weather_condition,lighting_condition,roadway_surface_cond,prim_contributory_cause,total_vehicles,avg_driver_age,total_people,total_injured
0669b8ae03112c03f380b9917104fbcafed12f9d95c27fd3ec7d50cd31c3ed0cc99dfefd4812a2bcb8bfb98737f3ead932dbe373d377d81777efc99931a5ec61,CLEAR,DAYLIGHT,DRY,FAILING TO YIELD RIGHT-OF-WAY,2.0,48.0,2.0,2.0
066a024b075864db5038a5e6cb43238fe028aad9b77bd09f2fcae63551c3065f1ce59acf365076392afffd04c0eb5d88772ed77f9f799c59bdafebda5ba549fc,CLEAR,DAYLIGHT,DRY,FAILING TO YIELD RIGHT-OF-WAY,2.0,52.0,2.0,2.0
066a1687d984aed9ac4ea0fde02f242890880049021407a6e4281e12327eb17e205510390bec7a3652441609e13ec918ea1462ffffda7dcc0e874e8dee0a1a13,CLEAR,DAYLIGHT,DRY,FAILING TO REDUCE SPEED TO AVOID CRASH,2.0,61.5,2.0,2.0
066a8c538ef7da84e0504e385ce84b49a5a0140c73cdc5c848b1ff6be4b80bac51e14906a69a508609177b75ff40e39c77b637751f1401b1065ec7074f5491d1,CLEAR,DAYLIGHT,UNKNOWN,FOLLOWING TOO CLOSELY,2.0,45.5,2.0,2.0
066aa80f65901231cee102009adf61837e8d2050f7a1162019902f3caf330c0213659f50e8c96aa75612727dd0aedee545a53362893d063d3b12f831cb024af4,CLEAR,DAYLIGHT,DRY,IMPROPER LANE USAGE,2.0,36.0,2.0,2.0
066aaa150cede44bd987ef6dcc1db39f3a49a68899a770b665e725f559e5c1cc6e1faa5c2f442b48a76977c6ba6fee6b3c64eb25aed5e9b56647f67cbe71866b,CLEAR,DAYLIGHT,DRY,FAILING TO YIELD RIGHT-OF-WAY,5.0,41.0,2.0,2.0
066aabddfaab6a7c7825140c6c67a3945dad402c71298971dcaa99c84f83ac8ad1abf65072861abb3de1a503560680e325fbaeaf3908b01ebde33efd8d765041,CLEAR,DAYLIGHT,DRY,FAILING TO YIELD RIGHT-OF-WAY,2.0,44.0,2.0,2.0
066ae2119a9292cbfe09517a825a325c2b63300689e008ad34838f1e2495b1f163611bdfbc2584a2f62725f42f8f6c333d6424b0e439a010323f711bc43ea4c8,CLEAR,"DARKNESS, LIGHTED ROAD",DRY,PHYSICAL CONDITION OF DRIVER,1.0,25.0,1.0,1.0
066ae77c88c6842682296b0f6c318ecd6ad4382e9a38c3772517f1b289e20cc5151e1418eea4161d0e6406a7dc307b36a33764ec83088fc7291f8bc3a779fdb8,SNOW,DARKNESS,SNOW OR SLUSH,WEATHER,2.0,62.0,2.0,2.0
066aff8cbdfe5f3a211cd03a6ff9f263671858383b5e2a7229db4a3f2a6b8facf5808c562449f3622bd5edbea4f9208dee842eedb8299c0d9c0a93ecc880f780,CLEAR,DAYLIGHT,DRY,FAILING TO YIELD RIGHT-OF-WAY,2.0,29.0,2.0,2.0
066b05a5bbc4f42f34cb76914edeb7f595a33f350668b68b74bdb271a0d9af065d46ae3da52e24536474092d78df9a4ea4e2b64b92bce43130c782d4eff9366a,CLEAR,DAYLIGHT,DRY,FAILING TO YIELD RIGHT-OF-WAY,2.0,31.5,2.0,2.0
066b074b9a60992208d8f40cf0156cfcc05cd139607514435ad1bc1780e8d4bf22898829828b3b6315fcedc5261aea23476ebe1ef88f1e7a070bb65bedf666da,CLEAR,DAYLIGHT,DRY,FAILING TO YIELD RIGHT-OF-WAY,2.0,56.0,4.0,4.0
066b176f43a3b275f58ba0818ddf0073c3b3fd3a614010dc66ebc479e147b546ea15f2e70ea4063e6dafb8020d53260cf5160dc8291bef54e3c9b4fa98ae80b9,CLEAR,DAYLIGHT,DRY,FAILING TO YIELD RIGHT-OF-WAY,2.0,28.333333333333332,3.0,3.0
066b21e8b6ccd50192aa0f8b104d25ae641974ad74924737affa248bee0594fff5321f039c58a5a843db09657319a18905487b0e75663fd623aec15e3118fa0e,CLEAR,DAYLIGHT,DRY,IMPROPER LANE USAGE,2.0,48.5,2.0,2.0
066b3924990a4028494bd925be085994c020f8800e3c4a1defc048f08bd791c6af3dc9578ce8f551c5e219da2c1c3539259ae7eb1b3d5c475b8a0de943380ffd,CLEAR,"DARKNESS, LIGHTED ROAD",DRY,FAILING TO REDUCE SPEED TO AVOID CRASH,3.0,39.0,4.0,4.0
066b66408c7fb1d1f91258a4c1bd821da4ab93f52b254412d9f9cd70f29fa75b6a24287a17bfcc5825d8cc37dbadbaed108a2c3a752e5e3acd17c4317d13a646,CLEAR,"DARKNESS, LIGHTED ROAD",DRY,FAILING TO YIELD RIGHT-OF-WAY,2.0,40.5,2.0,2.0
066b961cd82af5c87258f6fa94d6e7980773e99c40f68cb71c36a68c2041f43a373290b4f5c1fb89dae81af622e1047c56c94bf8b38b514879f309262e5404a0,CLEAR,DAYLIGHT,DRY,IMPROPER BACKING,2.0,27.0,1.0,1.0
066bc30d00e8957c53cbaad951731b93f78b330a9a502496eb3e527fa7a55dbbaed0c811c34f32d95e1aa59e1aabad75ff8705cef4bd2e5e8e2b2c31b8c4a8c2,CLEAR,DAYLIGHT,DRY,IMPROPER BACKING,2.0,48.5,3.0,3.0
066bc90d57e05d0c305a92e9f29cbd1d42f09a5a9a9f513e639e20ac65aff859e681bb2356b780eb1ae0e04ba82dad74c72f57d59520f337fe89ff4d2ffeb474,CLEAR,DAYLIGHT,DRY,IMPROPER OVERTAKING/PASSING,2.0,39.0,2.0,2.0
066beb945b38b44251439ea83029a594809838513e016034ac9b412e54a261bb31bfe89f81c20784258c20b91ddbdcee929f468754ad3bdf5cccbd066bad0c7f,CLEAR,DAYLIGHT,DRY,IMPROPER BACKING,2.0,29.0,2.0,2.0
066bf35270b871fea47e49222e9b41360da093942c40bed99862516eff07d78c97b65e511ee74a6db7e44f98963011daa3a818ee547020e1a1d99188eddfc843,CLEAR,DAYLIGHT,DRY,FAILING TO YIELD RIGHT-OF-WAY,2.0,42.0,2.0,2.0
066c1a03385dd3af2d8784766a1f967c0b8d37921fb91c5d82671e1d1dc07431bd77d7612695fc1b63e370baf8686b95a27140785a68a4fa55ad142535646da3,CLEAR,DAYLIGHT,DRY,FOLLOWING TOO CLOSELY,2.0,32.0,3.0,3.0
066c2be976612317603d0b073c01b0871fafe0d706a1bea32a335b3556e3396098c275f9c6005c6308bfee616ff4cdf8ab03af4161ca9be25ac447e75e3bcd8d,RAIN,DAYLIGHT,WET,FAILING TO REDUCE SPEED TO AVOID CRASH,2.0,33.0,2.0,2.0
066c2f3af43444fe5afdab8d5bf76c16fdf9ead0a3c0cd653e0f90e1086d17dcc95e2a1b317791f6f4881374ab567adb1ced753078d301a4a5e9eeb9de4f8732,CLEAR,DUSK,DRY,FAILING TO YIELD RIGHT-OF-WAY,2.0,22.333333333333332,6.0,6.0
066c5600e7e7b3e8e64559404a23f563d8265bea49dd71823f9c4c492cb41fb87a9c196ab44e93e832de01d6cf134a366f2f4ad06426e5cde0f4a9285aacdb4a,CLEAR,"DARKNESS, LIGHTED ROAD",DRY,PHYSICAL CONDITION OF DRIVER,1.0,53.0,1.0,1.0
066c6a4c351fce4764908f9ea7265d1f45b105bc374022d3af9dab38319773b3cb6c625d7b3c4ed2575e954805eefef7888ec5c863f6a13a2c22b319b816d150,CLEAR,"DARKNESS, LIGHTED ROAD",DRY,DRIVING SKILLS/KNOWLEDGE/EXPERIENCE,2.0,47.0,3.0,3.0
066c9150a6c605cb1c69bd12e7a771953a74bd8730c7a0496f9cdeb0dd2d2518086776d0db5e8cf140708e991858e89b977106fb2708fa8e350b952bcbb20bde,UNKNOWN,UNKNOWN,UNKNOWN,IMPROPER OVERTAKING/PASSING,2.0,32.0,2.0,2.0
066cbbea37ba5d0d02640bd96f9b2be014840fabda2e8115516028dabc848734fb2f17abb25c619cf15d7d4d466fe249540e47f7aedd1819754b602307db2cb6,CLEAR,DAYLIGHT,DRY,"OPERATING VEHICLE IN ERRATIC, RECKLESS, CARELESS, NEGLIGENT OR AGGRESSIVE MANNER",2.0,63.0,2.0,2.0
066cf75f19676763e79c490ecbc1e941d9044dc5698c6987cb2d7ac9993edae29e77f3978df79410b1bacf26f4e454567241b333fd2d7486a1cf0971c93892e2,UNKNOWN,DARKNESS,DRY,FOLLOWING TOO CLOSELY,2.0,30.0,2.0,2.0
066d9b31dd85541ab4b9dc2b84087e4929b024897b8f49f3b79538551977d12c710cdde82fb041340c09b009b42ac4e853ca8df0632566f69e0faee53d2aaa00,CLEAR,DAWN,DRY,FAILING TO YIELD RIGHT-OF-WAY,2.0,52.5,2.0,2.0
066da19ed8515ec2ab995af05f633f3c4587c74bc079e48b98e4ba75ce3935602be64c763b68d711aa455c6f5e4bec9ea65af0c9956fddd4651444cd7d7c7d04,SNOW,DAYLIGHT,ICE,WEATHER,2.0,52.5,2.0,2.0
066da40577e9fd2cece10ff3c02e083d37046a485a6bda6349f2627a24b7e324913b344adececa9763ef8664a6b5aeae530f347d9071e634a0f5a592ae8a599e,CLEAR,"DARKNESS, LIGHTED ROAD",DRY,FAILING TO YIELD RIGHT-OF-WAY,2.0,57.0,2.0,2.0
066de83332ce0a4c1a549582bc48b4da11ba00785347548234c2dee117f6576ff6e2210f93b52d37945947cab9d904f38a8f31f675ea1324d55f0a1f6e43e581,CLEAR,DUSK,UNKNOWN,FAILING TO REDUCE SPEED TO AVOID CRASH,4.0,30.333333333333332,4.0,4.0
066e073e496fb77242a2360cdf7955515c90a003860adb7840f43a5466079b86617fb6252f1458a52bf0f05bed43b3591ec77370ded362dac7d47bf07ffdf3b7,CLEAR,"DARKNESS, LIGHTED ROAD",DRY,FOLLOWING TOO CLOSELY,2.0,59.0,3.0,3.0
066e28d67d9995365eb9ad432d3dd7707ba391eaa16d348334d9650c218294d9aa15a3c168299f101e12bb3ef1c4d0860ff7addd1cc2729943ba7b126ac20bf5,CLEAR,DAYLIGHT,DRY,IMPROPER TURNING/NO SIGNAL,2.0,43.5,2.0,2.0
066e2ed2366a4a0cd19d1a64144dc6f641049db4f5b32365e65a08839dd6bd1a4e4cb6dbe6ed7a228ddd53d63cb6dc82382a4990592f13b6d055eaca95a29b1b,CLEAR,DAYLIGHT,DRY,FAILING TO YIELD RIGHT-OF-WAY,2.0,28.0,2.0,2.0
066e48d49815c4548a194fd8f8fbca8e6f883a579fe76ee1729257cd8082f6c2fd6358c6d7ca66c47ea876bd80234d72cbd78ce8a6dde66cd386d5e3e9db2464,CLEAR,DAYLIGHT,DRY,IMPROPER TURNING/NO SIGNAL,2.0,43.5,2.0,2.0
066e4d53bc056943e6992bb4239f467d1c62b867c816a90a08e1536318985e1b7948a1e79bbcfd84aea602079d04e9e68bfc920d9d9eed35b9a6cb85a9921ca1,CLEAR,DAYLIGHT,DRY,FAILING TO YIELD RIGHT-OF-WAY,2.0,45.0,2.0,2.0
066e4d8fdef96e6d67e0c07de24b64f3b12c0e45267c263a6616db30b1361898f948b2dfe92a92d714db6af056bd7d872acdeb9dde9fd9f321628a0808470320,CLEAR,DUSK,DRY,IMPROPER BACKING,2.0,32.5,2.0,2.0
066e652e9d6e53251099258db40124796ecf6fd13db19ecf5179cfe4f31bcc2e16ec5dcaba6924f5afd8cf9e9202c4538c988ba3fd9a24a070e4fecdc7f135b0,CLEAR,DAYLIGHT,DRY,FAILING TO YIELD RIGHT-OF-WAY,2.0,22.25,4.0,4.0
066e7322af102d2a161850e67b4a0643ea688582fa8408e639d976d5385bf59da424b9d5e5d7fddd1a7438a0548ffe84f33302f190b869b744027c0d3f8b237a,CLEAR,DAYLIGHT,DRY,IMPROPER LANE USAGE,2.0,25.333333333333332,4.0,4.0
066e8cfa9c86c724be0b413bbe4777586faf497e3ffb284d07f9da35277f7893a535cb79eb83145386409dd6321f68c594f8ae00cd6cb31dbc90317cb5399193,CLEAR,DAYLIGHT,DRY,DRIVING SKILLS/KNOWLEDGE/EXPERIENCE,2.0,43.5,2.0,2.0
066ea1e562ec11e1dcd21eaef769e77f1e6efaddc319585f9ee7cdcd6bafaaa01928efc9a4b152ef13ced7f7c5241cd830a5ae89eb83d486ca6ade52cab8ef87,CLEAR,DAYLIGHT,DRY,FOLLOWING TOO CLOSELY,2.0,22.5,2.0,2.0
066eb0b3a99503f1df1b62a92cc1b5e464df3ed25a890f2db8b679f12f62f42c609ec6b8ff0d2527bafd8ae9c7cb17f7a94ceb49a22f6aa5c7072379476d47cc,CLEAR,DAYLIGHT,WET,IMPROPER OVERTAKING/PASSING,2.0,62.0,3.0,3.0
066ebd160ed847440e6194e5967c2eef79315cc47cf15c3c9e9102cc6818eb942b4abb2dda43ab953c3ec0981d405e444b6258aa312f71b0aa3cd44dc805aae4,CLEAR,"DARKNESS, LIGHTED ROAD",DRY,PHYSICAL CONDITION OF DRIVER,2.0,22.75,4.0,4.0
066ed1757f2011cd19e110b9c3fa11fbda001a9f2297ace9b2bb57ba04e0278be24b420c40c2495b8b1192783027179e2e34bd013e6476081ff2955ff27910e7,UNKNOWN,UNKNOWN,UNKNOWN,IMPROPER OVERTAKING/PASSING,2.0,37.5,1.0,1.0
066ef24a608955f581e2ee5c889c66ce27c563d81729e5e5c28c08f0a405c24c94c4431cf6eaf57ef0c38033747585e70bb39ac1475226d3eeb2049012c6ead4,CLEAR,DAYLIGHT,DRY,IMPROPER LANE USAGE,2.0,55.5,2.0,2.0
066f0d7445237296e1c74b878be27f88f368b964ed806bd783d2b61cde61523cad6b0418e0ba48692ae2955ae01e1816d654766656ce13436e68f54ec78f5a10,CLEAR,DAYLIGHT,DRY,IMPROPER LANE USAGE,2.0,51.0,3.0,3.0
066f2319fe8fb53a10e6a4a537e78d47d9d992534b7a6d24e1439706424393ae7fab22174909d88c4d25219aa2b849aef858579831d488421db54bc82786ed5e,CLEAR,DAYLIGHT,DRY,FAILING TO YIELD RIGHT-OF-WAY,1.0,63.5,2.0,2.0
066f4e18d5308bc9182c556e3fd4f463107de14bd06cbbfb7a6904c0933bb57e97faf23828b0c982c84e2ce9f217cb9433206459155d9b697e1782887cce6355,CLEAR,DAYLIGHT,DRY,EQUIPMENT - VEHICLE CONDITION,2.0,28.0,2.0,2.0
066ff52ea175a07dd23f85f23ea084fb93d28131923020355d664386c69c180e62ba2ddbdd6a307f6611a60a98a9226358f8308c7f75724a92a2a7c9436da729,RAIN,DAYLIGHT,WET,IMPROPER LANE USAGE,1.0,36.0,2.0,2.0
066ff72287c6c7ce2c9bcab656304878c31c68430b103f3a7c576367a7d8963e3897c012dea23f918d3fa6233b58aa0117bbc4564fb6815341935480ffbe65ad,CLEAR,DAYLIGHT,DRY,DRIVING SKILLS/KNOWLEDGE/EXPERIENCE,2.0,37.5,2.0,2.0
06700c88f6019994d61e13d0cd541303e9785fcc71a69b9ccebfceccd2ea7f945db718abe5c543a53781ad988c22f88ae941cd706284c1ff080538a07a8d9126,RAIN,"DARKNESS, LIGHTED ROAD",WET,FAILING TO YIELD RIGHT-OF-WAY,2.0,55.0,2.0,2.0
067039e48d34117f70d68882bc03a879c2bc8de0c3a72b743fdcb7eeb1e8cc2e87d6bd1065003f6c44f82a2b22ab2b8fe9e799f7186f0f51e130977643ee4d4b,RAIN,DAYLIGHT,WET,"OPERATING VEHICLE IN ERRATIC, RECKLESS, CARELESS, NEGLIGENT OR AGGRESSIVE MANNER",2.0,33.0,2.0,2.0
067056141cf9da1a912b4556db25e0c973834d9f6bb5936686670c8daa5f55d4f66c81e9bf2d69b11882004c23c5cbd6203683fc0758ddaadfeb7f3beaaac132,CLEAR,"DARKNESS, LIGHTED ROAD",DRY,FAILING TO YIELD RIGHT-OF-WAY,2.0,19.666666666666668,4.0,4.0
06706114d1a1cd98d3ca865b0238d42344a4a5138f582d9179c4c0377893a32867313c3fc98f9d90ce117bd314687f66b721eca891c8e9bd02e12fb5856b7629,CLEAR,DAYLIGHT,DRY,FAILING TO REDUCE SPEED TO AVOID CRASH,2.0,50.5,2.0,2.0
067083d8af3123e9ccd1cf75314e6ff7900d48d42b59f94d276dfd2935ca0975b704eb6b7116a93f11bf37ca682e3f172693b4580b0024c53f3cdf09ee5422f8,CLEAR,DAYLIGHT,DRY,FAILING TO REDUCE SPEED TO AVOID CRASH,2.0,22.0,3.0,3.0
067086a67c9823245fbcd484ee6917574c7928b4d0e621a104255c19fa5b8282bff7353fbfc98131587585c974297f05955a148873577ae67a094bb7990927a4,CLEAR,"DARKNESS, LIGHTED ROAD",DRY,HAD BEEN DRINKING (USE WHEN ARREST IS NOT MADE),1.0,37.5,2.0,2.0
06708a6254def70f8ec3553fc91e3c8125101c15f8ff0c13fae43c2c0a8303e4936a4e81d8fee1561ebb67b752f76ea0c16b29255ae2305533162cb48282edee,CLEAR,DAYLIGHT,DRY,IMPROPER LANE USAGE,2.0,55.0,2.0,2.0
0670939a6c05ec00aab7df18418a9f57b4210f3d8552305ce3a5bdb9775c0bce0ccdbee75b412e488de7ed529d5d5f3534734b6aeefc710df999775e0dfd357a,CLEAR,DAYLIGHT,DRY,IMPROPER LANE USAGE,2.0,39.5,2.0,2.0
067112889a874754d565c5cd15c0f5837b04d8a64d632dbb8895ef792aa49e54a93fcd1c11f43ca1e5e66ed869ca6d0a71c43f39434a6b86bb1fc5141bb355fd,CLEAR,DAYLIGHT,DRY,DISREGARDING TRAFFIC SIGNALS,2.0,37.0,2.0,2.0
06711a63eecf36480fdb3b1b5b61e3f031b635e276f29287443ad0f9a959e258db97a8b99d7ebf97c6a7b3215d56fb9c8652dcaf2462b42096a052b1c497c34c,CLEAR,DAYLIGHT,DRY,IMPROPER OVERTAKING/PASSING,2.0,43.0,3.0,3.0
067133fcddf3da62468334c7327ffa19cda07ec1426e88a1949261740cdfba220508ceb57fe1ce907bef4748f7b325adf878a7671dbd2e78802f616ba13949c2,SNOW,DAYLIGHT,SNOW OR SLUSH,IMPROPER TURNING/NO SIGNAL,2.0,24.0,2.0,2.0
067149edaf8240e78afb3330d579f18bb053484289fcd296f0945c3e2aeec2fe500e23c8e6800e20b4ecaecc802230fb4226bd61a99071f63558cb141fec970d,CLEAR,DAYLIGHT,WET,FAILING TO YIELD RIGHT-OF-WAY,2.0,42.5,2.0,2.0
06717de717b3fa2e8ec400d72769aa5a899128f12bac92dade52fd23f52fe53531443304d6ca457d6dd9872c8876f7051dd5e235d3c01092b0340bc2939cd3b0,CLEAR,DAYLIGHT,DRY,FAILING TO YIELD RIGHT-OF-WAY,2.0,59.0,3.0,3.0
06719d3bfc022684c66014881338c0d670627d6fb28de35155946f8fc7ef78a94d7eab00d431b4df1c67a9ed57423c1ddf0cb8b5848375ac645e5a39f3c96246,CLEAR,"DARKNESS, LIGHTED ROAD",DRY,DISREGARDING TRAFFIC SIGNALS,2.0,47.25,4.0,4.0
0671d42b86043a6aac0c378cc12c85e08abe60a45f71273e83caf0975520b76485385d8e023324b3d988bb5da267118cc8e7fd1edea523d994adb07750d88eb2,CLEAR,DAYLIGHT,DRY,FOLLOWING TOO CLOSELY,2.0,37.666666666666664,3.0,3.0
067205717a164d2890673a663ebee8cedab9633d13ed19fc9b22bbbfdbc8fadc436afd89390b1d13d61581cc527671a3e67982a9de2b4af52964fd972a0356e8,CLEAR,DAYLIGHT,DRY,IMPROPER LANE USAGE,2.0,35.0,2.0,2.0
067234c1b083494e39e288b97d07b080df20cc9f9f4b15f5921edf23d59825b219e0e724f0f0dde530d1787fa2fc845ea960cb9e9ddf267c179a80011db9bb6f,CLEAR,DAYLIGHT,DRY,IMPROPER TURNING/NO SIGNAL,2.0,37.5,2.0,2.0
06725f131729fe528b1836ff1a570845e1e9892ff314f8fa1a654fa8613bc81921dd7b06a10b6374c1ddcf0e6929b4345aab36042e395bdbaceee56c7b3b67ca,RAIN,"DARKNESS, LIGHTED ROAD",WET,FOLLOWING TOO CLOSELY,2.0,19.666666666666668,3.0,3.0
0672724762f6f08daa9cfe578fd851a62ac60fd99ca3155c37b45779b0f5ebef16e37862ca1482ee099a5968f41334d2beffb84f07b1223353e18cc2d45990cf,RAIN,"DARKNESS, LIGHTED ROAD",WET,FAILING TO YIELD RIGHT-OF-WAY,2.0,39.0,2.0,2.0
06729c9bd870ab58431f1609d8a9159d0f59bd474e8d812581d07d30049a78ad1fa8f224a5326ec54d9c55643e9afc3ef01afc2ece4e0e9be3355bb5894bb1f5,CLEAR,DAYLIGHT,DRY,IMPROPER OVERTAKING/PASSING,2.0,17.5,3.0,3.0
0672bd19a8832274c4867b420f8b8784dc4969056bf33ee8daefda4a84a48915788325bfa1632c4499442e704dc4659af11543fe54824a41d7dfdac949c6db4e,CLEAR,DAYLIGHT,DRY,IMPROPER BACKING,2.0,37.5,1.0,1.0
06731703d9a50a97eb658ff1eb4ffb9881a8280ada76a1ba93927f4fe575ee33641c388af7a9fa2abb2f830e842dd8c6ee94971b457bb5fcbab1d5da2740edaf,SNOW,DAYLIGHT,SNOW OR SLUSH,IMPROPER LANE USAGE,2.0,47.0,3.0,3.0
067339cdf6b9eab4e91178faeffafd0d9d1c8f95f39d7e3176101138593bbb586578ffa875e7ff6547406226274a5cbc1439d3cbf7c3e6bb07d7b34da81a3b64,CLEAR,DAYLIGHT,DRY,DRIVING SKILLS/KNOWLEDGE/EXPERIENCE,3.0,50.0,3.0,3.0
0673848452f252326661f238ebda032aa413d1c9406dfdce00c519abcd1fa4a5f3096093ca327fa2345b27bac8a9478c3d95a883f615818de8c5fd0b865b7f2c,CLEAR,DAYLIGHT,DRY,IMPROPER OVERTAKING/PASSING,2.0,27.5,2.0,2.0
0673cc5d70de102b2d061b467079ae097935b51ede1779f7c8b42ac188ba42e8fac061c2f8a96c1e15ececc10bab186b6ccc67438c4a9f914f673f686f494057,CLEAR,DAYLIGHT,DRY,IMPROPER OVERTAKING/PASSING,2.0,27.0,2.0,2.0
0673e1aeed8af2c8269958d02b8b97ab6be67a85353e97bdd5873bc3129d2404a46aa88dfd3048ec8bbb7f9f911eb82382c226a444db72640779a547c088898f,CLEAR,"DARKNESS, LIGHTED ROAD",DRY,FOLLOWING TOO CLOSELY,2.0,63.333333333333336,3.0,3.0
06746c00c0ea7eb146b004d56bacbe13f375d9fbe6ec33fbb534e6f95e2ec58f8392482336b0b40adf4a5c46b5b98516e5b5003be8f4d97018abc1c7e50b3365,CLEAR,DAYLIGHT,DRY,FOLLOWING TOO CLOSELY,2.0,35.0,2.0,2.0
06746c8bfa6b051e95c4413bdfa57b2220dd14cb98cf004fa4aebf2cdfd38bd50367d64f7a1c655e11530e3762101c6efcb3bc2398539e63dfa0dfd2595db8af,CLOUDY/OVERCAST,DAYLIGHT,WET,FOLLOWING TOO CLOSELY,2.0,33.5,2.0,2.0
06747ba14afa20208e3ffbd7daf54638abc6ed1918528c315730a9babc88d1729548980338363516ff065681f9ab1798e6a9d870b89a33dbf6d4d0da3c93468c,CLEAR,DAYLIGHT,DRY,DISREGARDING TRAFFIC SIGNALS,2.0,32.5,2.0,2.0
0674f763849af0f4643b7c49bc4a56f852e034421fabb2ad9031503eb8dba73370b0f71fe5affafbb25543a75180337857f6f9d87f6325ba7a4ff49c07d1e9db,CLEAR,DAYLIGHT,WET,FAILING TO YIELD RIGHT-OF-WAY,1.0,51.0,2.0,2.0
0674fdea8bbdf8e4575d32d753ac7cca89ed10b485b462419b40171bc458bda17d26376a825d106893623e775e91daf67ae4eaa9823210bbba2c71dc3e06dcff,RAIN,"DARKNESS, LIGHTED ROAD",WET,FOLLOWING TOO CLOSELY,2.0,36.0,3.0,3.0
06751c328103187ac9dd3c034b5601e9245b1ab0ac5ce659be0197f93a9ae6b943de07cec21f10bc3a10ea53397c0015a5fe7a5cfcceea7c488382dc7e79e3ed,CLEAR,DAYLIGHT,DRY,DISREGARDING STOP SIGN,2.0,44.0,3.0,3.0
0675377575d4d963355845d53f3fb3c9f2c29f91cf0b81855e9fdf2b5c476bfa95a1fbf6de297ea144fbb25021846156823ea7d40a1eebb69035b82348a192a0,CLOUDY/OVERCAST,DAYLIGHT,WET,DISREGARDING STOP SIGN,2.0,41.333333333333336,3.0,3.0
06753bd069a623490194368918eaec27e4a849efdca11b77d47e5e3f4eaeca2bc5bba0a58fe54e38431380ac6535a6e5e53b9a50a5c10828481b0147753f9b5c,CLEAR,DAYLIGHT,DRY,IMPROPER OVERTAKING/PASSING,4.0,53.333333333333336,4.0,4.0
06753f51d5a56819487d4e8b9859694eb8068ae25e94e3f056d586d6bf688ffabbdbaa86436b922c08dcda65bbd1903a567812ca2aa6a4cef0d2206141080494,CLEAR,DAYLIGHT,DRY,DISREGARDING TRAFFIC SIGNALS,2.0,17.25,4.0,4.0
06754fb42c3ae8f7f89e1db462aca1fee6294f982233ec8288dec88af375cbf807bd9816f4371fe812fa6402b81b4bba0007429f274d2b4c8f7d22f573d4a746,RAIN,"DARKNESS, LIGHTED ROAD",WET,IMPROPER OVERTAKING/PASSING,2.0,36.0,3.0,3.0
067555e239383cc2e5ce19b69b4bf05a68c5bf7f9454e3a227ec133740bade2da46d195a7f340eaa2adb4ea7f873e7e636b0198923f563ed1140dbe284cbed78,CLEAR,"DARKNESS, LIGHTED ROAD",DRY,FOLLOWING TOO CLOSELY,2.0,37.666666666666664,3.0,3.0
06756253b9fb3f37706fb93759db606a86793b32734ee52f38826a3bfdca0b3d22dd699f5e8310657a4e6eb138192364ca73679f315215ad7b525c3c6ebf6de2,CLEAR,DARKNESS,DRY,DISREGARDING STOP SIGN,2.0,49.666666666666664,3.0,3.0
0675642f11b7f480b415ed580bd8ca6fdbb427a6e3c4e3e22d82f373df2fc2e7250d19e9aa61ae60e9f2960efb051cc37d2691d8fb7e81995009db98bbc81045,CLEAR,DAYLIGHT,WET,IMPROPER LANE USAGE,2.0,25.666666666666668,4.0,4.0
067573f42823b60ec1312132901a221d911f6b7d16e3a6b2a9f789402ab4a1c5383042c614b4ce7d93521c91ae21cc629f80e2bb237282326a254925905f0d87,UNKNOWN,DUSK,UNKNOWN,FAILING TO YIELD RIGHT-OF-WAY,2.0,35.0,2.0,2.0
067577283c0098652a77d89a42490d4cb8981a8dad9d7ace8cbcee01b9e392546af2557b53aef95e946f002d351b2c000dbc5a001689383e340cb9f8ceae0e44,SNOW,"DARKNESS, LIGHTED ROAD",SNOW OR SLUSH,WEATHER,2.0,38.0,4.0,4.0
06757bdb084379e39616caea467aaa8bd8835cfe8b84583d09cff8a42fa0b6fdd8b0d2d7d4dc9296665f115d0b2e2f6d972e62f7c7984bb22cf0272b463e9e36,CLEAR,DAYLIGHT,DRY,IMPROPER BACKING,2.0,42.0,2.0,2.0
067582880b3a3f61bdc73b4ec6697f386716dbb0462362d9e5474d3805336a26fe87dd975c866c3103e6faf8e3760be0091e8edd3ab6ddc8eda5cbd03959276d,CLOUDY/OVERCAST,DAYLIGHT,UNKNOWN,FAILING TO YIELD RIGHT-OF-WAY,3.0,27.0,4.0,4.0
067584774d55e1da6441ea7a62a8c17d0f9a6a9e1067a12df1388a164356475aeecf0d4e69a35147a9fa74687ce92d02235e7785a9f55c798e7bf58e7367421d,CLEAR,DAYLIGHT,DRY,IMPROPER LANE USAGE,2.0,32.0,2.0,2.0
06758569c44d887877ebb11cdeea46a3d2f9831ed6f4c261c333db3e0b5ee67d304904015c69134954dd189055a3c5502568c37032abe571aac57c137d6a68cf,CLEAR,DAYLIGHT,WET,FOLLOWING TOO CLOSELY,2.0,38.0,2.0,2.0