crash_record_id,weather_condition,lighting_condition,roadway_surface_cond,prim_contributory_cause,total_vehicles,avg_driver_age,total_people,total_injured
06758b60d49aae1eca73a6977dfde176ad4ef93e12cb21fa046ac8ad5f749f6830b520f9e3407d65fcd3b06855770063161c54f6198d654ea808627f9258656d,CLEAR,DAYLIGHT,DRY,DRIVING SKILLS/KNOWLEDGE/EXPERIENCE,1.0,36.0,1.0,1.0
0675a17bf239086dd5bd694a6c0415a828ab59285500e08c08cbe5bd057cba4b38a9db5033454433489b7200124700040f028877ee8abe7f49922698d72528df,CLEAR,"DARKNESS, LIGHTED ROAD",DRY,FAILING TO YIELD RIGHT-OF-WAY,2.0,17.333333333333332,3.0,3.0
0675a90f0c1d70907297bf84cdb908f84f1422665bd7336e8b85c808cd72f8dbf65ca88b7f5514fa406b7bba2bf242d597e45734924f57e914c3e83adb551d03,CLEAR,DAYLIGHT,DRY,DISREGARDING OTHER TRAFFIC SIGNS,1.0,48.0,2.0,2.0
0675ad1d30f7812af41852159d024df515a82df8a21f90d4b9b8ae717743fd7ac244794cf4a3cfc3161991d043123fbd76f4ae7cf4ee5b462bd727cd2dac746d,CLEAR,DAYLIGHT,DRY,IMPROPER TURNING/NO SIGNAL,2.0,63.333333333333336,3.0,3.0
0675b903d0be770977fd0ae67776c36a3a4d627893df9db6f0e0364d56064baacfe3a9d8a96dd8f0e27242cb394095ec6b956ab52ec8e706a73542b5d9899a2e,CLEAR,DAYLIGHT,DRY,IMPROPER OVERTAKING/PASSING,2.0,40.0,2.0,2.0
0675c2c3ff66fd92f28aee010990845eed8c57ee358a9012a264f9ef99c036df21c639dc33b1af688bcfc4b5447710d3e81a1f54a19c1fb104b27d14d450e355,CLEAR,"DARKNESS, LIGHTED ROAD",DRY,IMPROPER BACKING,2.0,61.0,2.0,2.0
067616c6d3705f660bf351c2313efd66f165353d8ea14461246456c74c5ef035c30947a094f9e3b615ccff41dbbe22d961579af71532a82f8a41e0f0ad333fef,CLEAR,DAYLIGHT,DRY,DRIVING ON WRONG SIDE/WRONG WAY,2.0,53.0,2.0,2.0
06762e16e3085e599de5dbcd7972e8bc63690220f75550b21726b7a9f91150f4264af0a58de2d70a6810d489cde631abddd7b4989389c0ed389aa75bd2639d25,SNOW,"DARKNESS, LIGHTED ROAD",SNOW OR SLUSH,FOLLOWING TOO CLOSELY,2.0,40.5,2.0,2.0
067696e88a9e3fbeb615733334fb3f2319dc9e72809af1ff64f795111dde5af8f2bdd262eec147cc844e91e14759eef99c89559ef2211eed1e1229686277c1a6,CLEAR,"DARKNESS, LIGHTED ROAD",SNOW OR SLUSH,IMPROPER BACKING,2.0,39.0,2.0,2.0
0676e0e7c86995ec71d39aba554b057bd0f6191979a0cbfbbfbc42f736c0bce65d423220d033b914c5274c0925f5bbda937e532e67f53ec2eb6eaae376b0cdf8,CLEAR,"DARKNESS, LIGHTED ROAD",DRY,DISREGARDING TRAFFIC SIGNALS,2.0,51.0,3.0,3.0
0677187e72ffb158af1ba11414b4a36b887a3ac1d9aeecda7d25ae06eeb0ed092da1fecb57e311187b57af433d7b493113c868e00821e95f5dab3a072e268f4e,CLEAR,DARKNESS,DRY,DRIVING SKILLS/KNOWLEDGE/EXPERIENCE,1.0,61.0,1.0,1.0
06772f56aa28b905de2f02b9e41da21659c2b31dae9ae03760c111691bce987e9546816b9b2505a665db08fe57e7036c48b894cf70f5fa4ac4a4e5bd96f4dc52,CLEAR,DAYLIGHT,DRY,FAILING TO REDUCE SPEED TO AVOID CRASH,2.0,41.0,2.0,2.0
0677727efb08b26f1db42e487d9f113fca24670d95eda0bf4dd120eb0c9dca58d01aa414f9780ec7f9ca4b940c4acd48fcc39e7cce4cc9f19bb77cff196ae6df,CLEAR,DAYLIGHT,DRY,ANIMAL,1.0,29.0,1.0,1.0
06777e36623e14f5794d847cd94da3496c9a6e1716ee2b10e86c108eecec1086adbb8dbc7d292af7c4be642e9f2a2ca99952857646f6804ef98c7db887c5bfb9,CLEAR,DAYLIGHT,DRY,IMPROPER LANE USAGE,2.0,41.0,2.0,2.0
06779fdaa85370dd8d498cbaeb4d4e9a77bd5bd502e52c88773ac2fd23f88c78a92044b6a4803c446378d973e82a59b6e394bbe0b778e8863dd8711ca1d875f0,CLEAR,DAWN,DRY,IMPROPER OVERTAKING/PASSING,2.0,75.0,2.0,2.0
0677bf03f19415e94a97873e122f7995100709825e0b640ed7debb8e5e547c971da314376c6bc02c499d06c445c5445ad0457dbbdbb5ea2ffff96c6ede2b5bed,UNKNOWN,"DARKNESS, LIGHTED ROAD",UNKNOWN,FAILING TO YIELD RIGHT-OF-WAY,2.0,24.0,2.0,2.0
0678562e0f0b0fe28d1c9eb1870870e1e756b4ddf27fbf70a94d13c0fa3ba922b01bbb817bedff15f94e9b160a8d3fa35edf0e5fc891e8805a1ca5c79ed50170,CLEAR,"DARKNESS, LIGHTED ROAD",DRY,FAILING TO YIELD RIGHT-OF-WAY,2.0,44.0,2.0,2.0
06785a15beef939bf90d02827632209cee427646f02c4bdf7871b0fbabc49757d043aa938113eae1ed015aeb3909dbc866839f3a75d75297dd91de0f9e0975c7,CLOUDY/OVERCAST,DAYLIGHT,DRY,FAILING TO REDUCE SPEED TO AVOID CRASH,2.0,45.0,2.0,2.0
0678db8f1b91743d359f345b7cd77d2dd08268e8a7abca3303c5badcd9011861f73594e0efab90fcd0b21edc8537b0bae6fa071e56eddcbdb3965ed5286674ab,CLEAR,DAYLIGHT,DRY,FOLLOWING TOO CLOSELY,2.0,52.5,2.0,2.0
0678e937a6f155c8a21d8b5b0447ec43a7b7bf9d5c1cb9abe4d2e7e2e22bbc0ccc5356e210c68b9b348ce86926605c6d34f23e81e3ce5f9b27066e1b06b184dc,CLEAR,DAYLIGHT,DRY,FOLLOWING TOO CLOSELY,3.0,26.333333333333332,3.0,3.0
0678ef2ae428778e7ead27512efda796359a50c162821a3a4cec1fc5bee1eda8f7d23437ff1e5801dca034335754a2bed1f39f4e0a890d524a2e808b4f5dbd5c,CLEAR,DAYLIGHT,DRY,FAILING TO YIELD RIGHT-OF-WAY,2.0,39.5,2.0,2.0
0678fd12ee521a4530c0cca260b51c9ed8ef2dc58fa6daeaf9f45fa8a49deac241e4c88deab3df1e0bc039674cf20ff3b9c15b6643e09de4b65f6c18bbf09d77,CLEAR,"DARKNESS, LIGHTED ROAD",DRY,IMPROPER OVERTAKING/PASSING,2.0,57.0,2.0,2.0
0678feecf9c94ceaa080b119475de41eebf89396051a4920a7e5e32ee0c4d946146a093ebc80ae13434cda50909d5c91780f0ac606e2f3c12b08cb058d11fdf9,CLEAR,DAYLIGHT,DRY,IMPROPER TURNING/NO SIGNAL,2.0,42.0,5.0,5.0
067906f7b09067394aa10523204ec7480ec015c37ea20104a999f4e2d52ffb373658d320927ae4d1e2b8851df64cba4fec932372986cf2688a3f626880171d3d,CLEAR,DAYLIGHT,DRY,FAILING TO REDUCE SPEED TO AVOID CRASH,2.0,35.5,2.0,2.0
067932f550edfa0e15566c2cd4c6ba0f5747b3f673ec006ced64b8f2c6990b2a29c2fa829bb8be60d1797f2286410caceddafbf4b1c2f99a26303ca5719acee7,RAIN,"DARKNESS, LIGHTED ROAD",WET,IMPROPER OVERTAKING/PASSING,2.0,48.5,2.0,2.0
06793e3da3cb800366c4b252357d15742ca260b3ce9bec64ffe86363a7d7be817a13806c2f4808cad89ed8123cfac4e2366a421926add76da2b63d2260cd4552,RAIN,"DARKNESS, LIGHTED ROAD",WET,IMPROPER OVERTAKING/PASSING,2.0,57.0,2.0,2.0
06794184471e8a20b9171be974421d47fd9d718188c3b79a123e30c78fc33bf30533fe5230a5723ed6974b0b50bfa7ae8ec91556a35701b0943465122710bffb,CLEAR,DAYLIGHT,DRY,IMPROPER OVERTAKING/PASSING,2.0,37.0,2.0,2.0
0679525a2e42d42f66e16c5eece7c3efa398c423c936320281c9177cfffdf43293791f0219c906cbc09b7521abd77698216c922bfd49ab27544bfe292e0fc4f0,CLEAR,DAYLIGHT,DRY,EQUIPMENT - VEHICLE CONDITION,2.0,13.333333333333334,3.0,3.0
06797adf9ab71bd267f99478107fbfe93469c92f41502e0acd66c2d942f167a87dc8e2e72a196e9ab85fe0a2e1d4d65db4c0d2fea657760799943a4c3593a4fc,CLEAR,"DARKNESS, LIGHTED ROAD",DRY,IMPROPER BACKING,2.0,45.0,2.0,2.0
0679c87af4c33a2bd47560c68dd832d98e1702869017a9233840589828ca55581a2219befab9fe7f38aa9b194bd8d0ef2d7ee041dea4b88ffd5de99fa4469dc3,CLOUDY/OVERCAST,DAYLIGHT,UNKNOWN,FOLLOWING TOO CLOSELY,2.0,24.6,5.0,5.0
0679de584d80974736d6b93ff689d60cf788a4ba8763de97ebd03310db897376cd282d9d3f68277bda2b098f7811e494d1cf5438e01f02eceafc1a64eeedfe76,CLEAR,DAYLIGHT,DRY,DRIVING SKILLS/KNOWLEDGE/EXPERIENCE,2.0,37.5,1.0,1.0
0679e52aef19ba94743ecafae939cdb0d58ca6653c61dffd9ff9126567b73897e460f120a3ac9b31e1315caa651418caaa2d5a77f99a9ed22bf71bc4bb6188bb,CLEAR,DAYLIGHT,DRY,FAILING TO YIELD RIGHT-OF-WAY,2.0,50.5,2.0,2.0
0679e6b0d75426794e93d6bb82f06824cb3326da61f4f01071888fd24c61f0daef8a3e72e4bd69d4cae35e8cd1f1b306f462935cba850cfe6ada371ec72ca861,CLEAR,"DARKNESS, LIGHTED ROAD",WET,FAILING TO YIELD RIGHT-OF-WAY,2.0,12.5,4.0,4.0
0679ecb473c4e8c389e22992ed54723ab9b69cd83ff255d8418c41bc346194ba7061fc102aa422d4fa48be02efecf42e83d1fb2d9f7ab801b7b5cdae7c460c16,CLEAR,"DARKNESS, LIGHTED ROAD",DRY,IMPROPER OVERTAKING/PASSING,2.0,48.0,2.0,2.0
0679ef2c4c5d8731c0d8c51ea4a84cd3ba31f3d7ef5ddd5325c2c6230f5d71dca9e160139cc4d2c2e6856f5879022f37d670a4831762f71de2df0922dfc4345e,CLEAR,DAYLIGHT,DRY,FAILING TO YIELD RIGHT-OF-WAY,2.0,43.5,2.0,2.0
067a4d0076199a361eb14821713e8ec77813cd6351441cebc61b225bd5aa33fa77b475624f1a1b3c88aaf12b1927216d5f1daf602fdc22d307f70f8d3cc20e1b,CLEAR,DUSK,DRY,EQUIPMENT - VEHICLE CONDITION,2.0,51.0,2.0,2.0
067a846be76cae6fc23e0e6cff0e14ec6cc8607420cc7ab7b7e1ac724c2817fc036eeae1405b7a2403eded54387ef490839ed6ba39ca4680c0ee60604bb2f0c8,CLEAR,DAYLIGHT,DRY,FAILING TO YIELD RIGHT-OF-WAY,2.0,51.0,2.0,2.0
067a8fc54aa93da8dbfe481860a4707faf5a822418b2e5ef18c35f333877613804e82b3f38b56df75460e5bf48cb5f3b4bb3ee90262efaf9ab8d40aa83d6be8d,SNOW,DAYLIGHT,SNOW OR SLUSH,WEATHER,2.0,29.5,3.0,3.0
067ad02de1bcf00fa453291b0d854e64dcb575da2a030ca4a6b56d25ef83a10a8672c4e105b60e3ed17a4c15f0a45b6ececd0c1d58c3ed254e89943dbaa8c95b,CLEAR,DAYLIGHT,DRY,FOLLOWING TOO CLOSELY,3.0,46.0,3.0,3.0
067b070ace774ad8d613d4aa95d184aec968c9f4486fe252abdd146efc83a963f9fe7f17ac476e2640bf290825ee63b3ea33932cbe0cf50c46e3e61b3b4861f6,RAIN,"DARKNESS, LIGHTED ROAD",WET,FAILING TO YIELD RIGHT-OF-WAY,2.0,31.0,4.0,4.0
067b10a722392f169bc4adccdff5b34db6e1e702aed294b02ebd596cb882e3e6d1963f225d5cfb75f93b18428e2686a7e7a82188e8efe0193ea4f25dbf5583f9,CLEAR,"DARKNESS, LIGHTED ROAD",DRY,DISREGARDING STOP SIGN,2.0,32.0,3.0,3.0
067b2818ad44254c74668e5ba4d3db75b05c66e73544d8ef960d83d7a63dfe9be92cebdaad3e3b384f1e9b4d554b9e7d6199827d7671c2c09b568f74053e8ba9,CLEAR,DAYLIGHT,UNKNOWN,FOLLOWING TOO CLOSELY,2.0,34.0,2.0,2.0
067b34c41f60999b4d34bad1e5b4f9d84bc1e7bf3601ba0a5143da3bb5cd83f29bc5750bb825a0a60d6964d52d8898490186f16fd40cab3d7e4055886dda1d20,CLEAR,DUSK,DRY,FOLLOWING TOO CLOSELY,2.0,25.0,3.0,3.0
067b5680e5a8c7307fac19a6b6a2883fa7b252925f9dfac80c6bcf093fa12860e08694e55291ccb61c4f3096b51b009bf5ed9a474a24137239dd2572bad14790,CLEAR,"DARKNESS, LIGHTED ROAD",DRY,UNDER THE INFLUENCE OF ALCOHOL/DRUGS (USE WHEN ARREST IS EFFECTED),3.0,18.4,5.0,5.0
067b62f88c8eae786bd254dd3684b846e50ef1a40dc1459c80bf7bc1ffb30402f30896e640df7682b73be67b5cbaaa7668068a1450a81004229f73a65d9a5608,CLEAR,DAYLIGHT,DRY,FAILING TO REDUCE SPEED TO AVOID CRASH,2.0,38.0,2.0,2.0
067b776c24df9086c3254077a295016c53f0ec9056c407b53ebf5fcfa5beea9c93029afcbad3680f8fceb07dfcfb7460a476174c1ba33651c2f426c441af1d0d,CLEAR,DAYLIGHT,DRY,FOLLOWING TOO CLOSELY,2.0,26.0,3.0,3.0
067ba18c40c542b7b71d97303184f7a2ca120936af649ba8bf280c26736fbf0af68ec58c9436176bb303546b36bc46792bd47fc6af55a7c8a66e65a9228e6343,CLEAR,DAYLIGHT,DRY,IMPROPER BACKING,2.0,57.0,1.0,1.0
067bb5dbe17b3bfbd98c3c2a7de8551d2bb3ff8b3827a32cb32f5f091fe35214c9d536cd57e061e0685206108fea75e9d347e715350f7914d295e8d9f805d8e4,CLEAR,DAYLIGHT,UNKNOWN,DRIVING ON WRONG SIDE/WRONG WAY,2.0,38.0,2.0,2.0
067c1cdfd591cd2296bbca891c67c41661ed4445c946458ba67c75c7de831b2b3b4d4ed0221b5db8abcc96bb9c2d47976b80c3e45beaf6798580177c4733ddec,CLEAR,"DARKNESS, LIGHTED ROAD",DRY,FOLLOWING TOO CLOSELY,2.0,31.0,2.0,2.0
067c530a0d8bb0f388e9ea730aeedf08ea63a27d8173d11cc1723b59814b2cd7462813d2287ff5a13096a0d6d5c3c48ce6f7db442436ed5f519346c34903fb2a,RAIN,"DARKNESS, LIGHTED ROAD",WET,FAILING TO YIELD RIGHT-OF-WAY,1.0,37.0,2.0,2.0
067c8240cb98a55d8908f25e2edb5f15e1ec8ec5a4d4b7a186b56f6ad9ae3eaeff2c24c80c6ab79412cfe47da1e8bc9798622990851ee92d986649926c507f66,CLEAR,DAYLIGHT,DRY,IMPROPER BACKING,2.0,37.5,2.0,2.0
067cba360c9207a89e861d2fcedafd459d5703eb3c7902354378d2086be1c7b01d9103e8eaba74cf4e853b569ec406312f868a2200f1ad10668b96e4d83f2143,CLEAR,DAYLIGHT,DRY,FAILING TO YIELD RIGHT-OF-WAY,2.0,31.5,2.0,2.0
067cc9b018f17de1449ad090c98d989a0c42d73f886c10cf1e945247d797888b68ef2f5b74868a95de7a1972d3cd1a540381f4093919a5df8c1829edf05921cd,CLOUDY/OVERCAST,DAYLIGHT,WET,FOLLOWING TOO CLOSELY,2.0,65.0,2.0,2.0
067cf05d6cbb76cbbaecee9a9a1baff697abd9f69dcab2dd808f22c7211d4bb863ba79e16fc73caeb74c73abed689692b502b407114a644a97e9e95dc66ba538,CLEAR,DAYLIGHT,DRY,ROAD CONSTRUCTION/MAINTENANCE,1.0,36.0,1.0,1.0
067d254e7b0a4afcd65c8f584b8a38a49f6be7063e980297f8df9c07ce3380e90ea19c096afbdcd2e686585becba8c87a84ae858991c66904e5f2275c661f5ad,CLEAR,DAYLIGHT,DRY,FOLLOWING TOO CLOSELY,2.0,73.0,2.0,2.0
067d29939f17074464f13a37fc5e9354c300a35400cff86d72c2554a12b93fb9bb1c061f4154b8e5f758b08864516b303cbbada88b8a7fb4b19ccae302333679,CLEAR,DARKNESS,DRY,FOLLOWING TOO CLOSELY,2.0,45.0,2.0,2.0
067d85687ef9492fccba96e5b320fab836adeb78fdb9420bf6dceeec04fe68bea4c11df2d6bd59fce92b7f6ca61ca15323cff7d07ebf00ff53eb566f72d77a63,CLEAR,DAYLIGHT,DRY,DRIVING SKILLS/KNOWLEDGE/EXPERIENCE,3.0,75.0,1.0,1.0
067d910d2b5b108a33acf07cb48fca5b1d1cc58999f9fe1d400ba6890ebdaf22553d7379e0f03460d02416d422e80b8db046da1617e010b12348f145658b56a2,CLEAR,DAYLIGHT,DRY,FAILING TO REDUCE SPEED TO AVOID CRASH,2.0,49.0,4.0,4.0
067db560797b00aab86c5655d1aac69673ee6f447c483c4d65d7352fc16286ffe6cea4946679bd4939f39e1a8ccd1d5a1090fde277645216c4b6a871672715db,CLEAR,DAYLIGHT,DRY,FOLLOWING TOO CLOSELY,2.0,32.0,2.0,2.0
067db902861b4ee5c9d04b8f2a94aabc15381ad087768970f50c3f2bab1ac95b378b675f95daf0a044e486dc01ffed98c67e6f38ec25ce3a02bfa438c2b24d14,RAIN,DAYLIGHT,WET,"OPERATING VEHICLE IN ERRATIC, RECKLESS, CARELESS, NEGLIGENT OR AGGRESSIVE MANNER",2.0,31.0,2.0,2.0
067e003ab305b3b2ecabe4cfdd5616bb63d6bef3e2ad54b9a785c361826f5070e10508a3fa92c1f16eed8747e8768b59b2ec2941f2cc44ba598121e704c268ca,CLEAR,"DARKNESS, LIGHTED ROAD",DRY,FOLLOWING TOO CLOSELY,2.0,41.0,2.0,2.0
067e1626b3092ec330e88adc01a3ebab9350edb5a20653b375055fcd82a7d92b867858d1a0c63089c2c7a1a92451f02826741450dcfd623f1797b08e31beafd3,CLEAR,DAYLIGHT,DRY,DISREGARDING STOP SIGN,2.0,58.0,2.0,2.0
067e1818f08f63b811930edddc824c140f46edc6aba451c909361bd5621f4411cbd11664c0a1020790e82d2b654eb2e98582c5f41f2248e9c27be11cb532ef67,CLEAR,DAYLIGHT,DRY,FAILING TO YIELD RIGHT-OF-WAY,2.0,63.0,2.0,2.0
067e455fa3fbfd6b5d617418e3feb48782ed9907f75f369eda2c070186da4c3dcfb64ee8a7189904cd3ad0c578b3218ad3d4267ef11b189b68dd32ca52b75381,CLEAR,DAYLIGHT,WET,IMPROPER BACKING,2.0,35.0,2.0,2.0
067e987e1838cc8678906547845e1b68c2f14d20e0c37f66b00dd9843aee63bc53167a6f8cb7cddbaa710fbd2e4d913e5552d423c4ab915b0f1092af36b0b81e,CLEAR,DAYLIGHT,DRY,FOLLOWING TOO CLOSELY,2.0,28.0,2.0,2.0
067ea515b090ac3541d93cf88861e28a2d0519c66509fbe1d526980c2f8068f5337d6fa4946bcb0898664da1651dc3127fc7459b20130ac44551150050d15c5e,CLEAR,DAYLIGHT,DRY,FOLLOWING TOO CLOSELY,2.0,25.2,5.0,5.0
067eeab719bf225fa1bd8ccb2c185fb4cdd4ba4b6c925f32364842225984b19194ad60d81d7635c2292c10fe81385ad28a0a5399f7af00b5dde5fe8f9a891646,CLEAR,DAYLIGHT,DRY,FAILING TO YIELD RIGHT-OF-WAY,2.0,26.5,2.0,2.0
067f0ca1bcade88cfbdb0975bcb9392b1c6893ba610a2d646503610c254b642ff06e3cec92a0ccb74c557c60a66fdd1706a01e5c98843e6ae769b14c187355f5,CLEAR,DAYLIGHT,DRY,FOLLOWING TOO CLOSELY,2.0,27.0,2.0,2.0
067f60a114c1750bb8c86fac8dfd80c6509be6293baf028e7e886a0f31b9dc0a8a1eaba3622e1f0986dc85e23b27d8d29da8dcd7b3b1ebc09f33a6463fae1f16,CLEAR,DAYLIGHT,UNKNOWN,FAILING TO REDUCE SPEED TO AVOID CRASH,1.0,26.0,1.0,1.0
067f6dbd6a2f6fae036146dfcfb4d01c7f3cf52d4671ecee8b72e094015e06d99ba11c328b1f7b345786d3a7909d99ab4d56622da9ea23e7800f988bd80dc4b2,CLEAR,DAYLIGHT,DRY,DRIVING SKILLS/KNOWLEDGE/EXPERIENCE,1.0,37.5,1.0,1.0
067f7ae2b97a52c917d509e4361566da137e27044deea8bef39cce9e8b4b8010bad4e4d15f2d43bccb75ed350295ec20dd67bcbb59a0b5d91d105e0ea0f1f000,CLEAR,DAYLIGHT,DRY,FOLLOWING TOO CLOSELY,2.0,40.0,2.0,2.0
067fa5b6ed83bad08bd05399abff6fd95b859608220cd43c30559c93d34dd7fee0b090f73fe9ed406f9271444b1bc55db6ba0170c21110d26a90da345e3e3423,CLEAR,DARKNESS,DRY,IMPROPER OVERTAKING/PASSING,2.0,29.0,2.0,2.0
067fb038bf9b337b236c9c92eb9284be37b1b5388bf0120e30e640ed50494ef283362397a55180d91646d7c679ea387a14b653fdf242a0c3f311b5ee62923d3a,RAIN,DARKNESS,WET,WEATHER,2.0,41.0,1.0,1.0
067fd7a1dbddc8e87294cdabede7e2ac2b5b620ce754d83fe44b076bbe009945818799afe60771b4a3dbc7ed5a56ebfc67aeb74ce52dc7668f8ff81db3a30581,CLEAR,"DARKNESS, LIGHTED ROAD",DRY,DISREGARDING TRAFFIC SIGNALS,2.0,34.333333333333336,3.0,3.0
067ff7ba2aafb33f48bceb1c20f2646608b1cf86bf56b870bc74b6dea9e7f12c0d2e748255d8bebade54d8491202f2e7653a1f9f245588cab1a2c7b6e4e7f260,CLEAR,DAYLIGHT,ICE,WEATHER,2.0,25.0,1.0,1.0
06800d71f80cc10d6142ec3331706295484f0729e6a777000f7f655ed007e84fbb551c32a851dc9b18e310e391e3beae273b7f9f861c9ba8a94f148bd80f0905,RAIN,"DARKNESS, LIGHTED ROAD",WET,DISREGARDING STOP SIGN,2.0,36.0,2.0,2.0
068028bb42ed3ddbe10ecce6773b730085835b9943127a251cd407789897a322017c047ee9c4d55c3a954a148b1d902653e500aa0cf9a2b47b14108c7b7f9c69,CLEAR,"DARKNESS, LIGHTED ROAD",UNKNOWN,FAILING TO YIELD RIGHT-OF-WAY,2.0,20.5,2.0,2.0
068048e83ff3eedea8e88d04eb8bf797c5eeb84ad9e8bee893b3579445c091ab8b6424f8bca2ba1afcaa29ac61b9f967db102637cab9800223c06ce2d1fa1197,CLEAR,DARKNESS,DRY,DRIVING SKILLS/KNOWLEDGE/EXPERIENCE,1.0,37.5,1.0,1.0
068069243a403f044fec9b0e67c88e4044faed311fd435bc6534358bdfeb963313b1af8ab723d496ce9853d54a03689377686964b72ae4c29b5455006b8be02c,CLEAR,DAYLIGHT,DRY,DRIVING SKILLS/KNOWLEDGE/EXPERIENCE,2.0,29.75,4.0,4.0
06808bcd7e38f0bb2e70ef05150255ce694cb34c046b1d4dad90d58eff7c20571312d0a21084b1138a1e57ce3f0009fad0a5bd55e16c565118e80491d2abf61f,CLEAR,DAYLIGHT,DRY,IMPROPER BACKING,2.0,39.5,2.0,2.0
0680b40b350c0b945b472f3a4b7533eb04153c04622d7321755d346355169b02bf9c37fb5d2c44cea97356809dc2e19fd968a190f90a1e62871f24aa5b739567,CLEAR,DUSK,DRY,DISREGARDING OTHER TRAFFIC SIGNS,1.0,54.0,1.0,1.0
06810e1f21d90d5fa9f5fe3f672d4bed364bafd455c9bcfbc19a96044587987c5dc34e85b5d2ec1ede6edc8968c5dc113f097b65e088485e5657f195ca2c8a2b,RAIN,DAYLIGHT,WET,FAILING TO YIELD RIGHT-OF-WAY,3.0,29.5,2.0,2.0
068118023a425f788c2cf5cf684c5a12b79e8d4ed4b0bc3add5a38dacf03bd59610599406be0abc1612665132d213b29b770b9a709f7b47e9a266a695bd7465d,CLEAR,DAYLIGHT,DRY,FAILING TO YIELD RIGHT-OF-WAY,2.0,51.5,2.0,2.0
0681252c554e4f12bfd50b313d0eb79ee2e706e4643a7033347f880d3bb4e3de907fc94c33d72130ab92ccb44e088c4bb042c06a4588d950f761a5497c103731,CLOUDY/OVERCAST,DARKNESS,UNKNOWN,IMPROPER TURNING/NO SIGNAL,1.0,31.0,3.0,3.0
06812fc6f2f452321f1ce538329ddb70fa4f7f1c47394d02bab8a8190581f81144686c7030fbe077407385f4d6d7cedbc02569bd6a81bf4cff021b80f26cd528,CLEAR,DAYLIGHT,OTHER,DRIVING SKILLS/KNOWLEDGE/EXPERIENCE,2.0,39.0,2.0,2.0
06814c93044b5c78af8c4f7c74d3fb0ba99a153d22a6ba567f5148826717a2a37aab8e85725725e94956af218e6f4c9996cf16eac71e76fcb0a7566c8415e091,SNOW,"DARKNESS, LIGHTED ROAD",WET,FAILING TO YIELD RIGHT-OF-WAY,1.0,56.5,2.0,2.0
068152d6aad15db20426cbcbf3e66896d97be2631086b74bb3f3431c8b95c1a455ab47ac5d4f0b9439932253dc074922261883cc70b2f1285e2028a5685a6429,CLEAR,DAYLIGHT,DRY,IMPROPER BACKING,2.0,33.0,2.0,2.0
068179597658244aa1d40cd342804da2712b45fd407e222fa5788898eb147fe5ee63e1309ec961056d0c3b47851f0796f9d59a33ddaf3371a7a44dd7d2851b13,CLEAR,"DARKNESS, LIGHTED ROAD",DRY,FAILING TO YIELD RIGHT-OF-WAY,2.0,45.5,2.0,2.0
0681dfce44ef824baf69039d9979bcd231b62a019745d263c8c822d82dc27768691d9afe8bc479d0e050aa6cc1f48d501d9af18d0f3ba58f1f85862380fa8a19,RAIN,"DARKNESS, LIGHTED ROAD",WET,IMPROPER OVERTAKING/PASSING,2.0,31.0,2.0,2.0
0681e1898270e2208459d2eec3edc662d8c290cf9d6f7674a266f95502931b8070a679da49284698fbe0dbb065158730b78a76b489e7c092309fc53e5f723af1,CLEAR,DAYLIGHT,DRY,DISREGARDING TRAFFIC SIGNALS,2.0,52.5,2.0,2.0
06824b4b75c907f537f81d5fde9fd789356f74d39d1a2c20b9fe3f30fad6a4e8a776a009b08614d0753ec31dfdc41bb9c45cd386a019251fbabfd3a028dc190c,CLEAR,DAYLIGHT,DRY,FOLLOWING TOO CLOSELY,2.0,18.5,4.0,4.0
0682b89f1fd890bebbb617a29b34edc736d0739753a24f2ea3d1927e05f3f8e9d3a7a3454113dcc1bcd27062252555170809209d50c1be43d9da95a383964016,OTHER,DAYLIGHT,UNKNOWN,IMPROPER BACKING,2.0,87.0,1.0,1.0
068308c72da165f3d76c266187b998888abe9f8ab54bf78b8d7917c1eb7585458fa7ec826edec1ea157f8d1f6668bf7df046d5b3854e84b065b847aaf35e8495,CLEAR,DAYLIGHT,DRY,IMPROPER LANE USAGE,2.0,22.0,1.0,1.0
068341715a11954fec80462eb6c95e1cd1a8c2c3b8462f0217748ad8d38b39661909b6df68a975a4c433f803ca39ec47a575c997c5d3ef88971f28f6e486f83c,SNOW,DARKNESS,ICE,EXCEEDING SAFE SPEED FOR CONDITIONS,1.0,39.0,1.0,1.0
0683480c0746dce21c78c766358b494edda74853690d8eafa1b86536a9842f15a68890a37c9cd5198041af0cfa32af736ea387a6311bb2082ae1cda2bd590e6f,CLEAR,DAYLIGHT,UNKNOWN,IMPROPER OVERTAKING/PASSING,2.0,22.0,3.0,3.0
06838d7eb8db928ab48a7b53e3c7fb470a311e20d7dbffaff0537fbd7cccad12939fd7a819d1408b9059bafbb0f9486d99f67810fc80409978667f95f619488e,CLEAR,DAYLIGHT,DRY,EQUIPMENT - VEHICLE CONDITION,1.0,58.0,1.0,1.0
0683a321300c54ece0608fb263a43fd081a7f12daf36f854d98e2bb42de8d87a675f42467693198e4493c31f526dcf73b861b3533d11bb2b4b375d02be2693bf,CLEAR,DAYLIGHT,DRY,DISTRACTION - FROM INSIDE VEHICLE,2.0,37.5,2.0,2.0