crash_record_id,weather_condition,lighting_condition,roadway_surface_cond,prim_contributory_cause,total_vehicles,avg_driver_age,total_people,total_injured
0683bb438ad39a51a7de01dd86fe7d9169ae3f4e897d83157ea294c4572c93b5dec3ed0776595dbbcd8c4b8e33ca9636f2127509d9445649ae55e6281c7fbc74,CLEAR,DAYLIGHT,DRY,DRIVING ON WRONG SIDE/WRONG WAY,2.0,32.5,2.0,2.0
0683e0b5c3dc8158db83f1a2afe0cbd85a241dc1ee87ff372d021a9fa03e3769368cb10a295e1700957b3654b4d9296d75fcee584736fb4d507cacb2bda3a06d,CLEAR,DAYLIGHT,DRY,FAILING TO REDUCE SPEED TO AVOID CRASH,2.0,69.5,2.0,2.0
0683e5f4837d24f46fcde24836ae7bf50892d999d0743783fa1fb7bc23b62f9fc2540830bdec79c38239af22d5462d59462ae7245ecdfbcfc6ce67cb0d3a9575,CLEAR,DAYLIGHT,DRY,FOLLOWING TOO CLOSELY,2.0,34.5,2.0,2.0
0683ed0f104d7ea40a800d72b57ea905b15d161ab45216e03988a949b4f58fa334f3c2bd1cf02bae9392a0c144c19fbc62f10fbf6d6b25eae572dc5792c753bd,CLEAR,DUSK,DRY,IMPROPER TURNING/NO SIGNAL,2.0,37.5,2.0,2.0
0683fe9a49c04c173e60af3da6989a5917ea125af86e82981615e2f9e96f1e6dc040f10d4de618d53da10812e82d2e36a515489ec17c54961b51c6abd2f047ca,FREEZING RAIN/DRIZZLE,DAWN,ICE,WEATHER,1.0,29.0,1.0,1.0
0684525957042515b47cc4262074f348bb5773691fec1b0ba70e9b020c60f6ae989b959328429a23ec7f960c92c656628c93af405e23d7cf22c9557810edd974,CLEAR,DAYLIGHT,DRY,IMPROPER LANE USAGE,2.0,37.5,1.0,1.0
06848c2f53828ca479454f508b759c070cb3b0fa3c8c79b628c9c86441a8a59c54d13cd38be0e9b5dd658e954dec1e33193d357a06b639ec1b1f8eb1598c3bdf,CLEAR,DAYLIGHT,DRY,FAILING TO YIELD RIGHT-OF-WAY,2.0,39.0,2.0,2.0
068499971ea8df9bdeeb3f3fb731a538b58e254372364bfff968e599cc98044082437789b1576b27dcafa92a4de74dcc810023b1517ec2ea919cdeb67802e4f3,RAIN,"DARKNESS, LIGHTED ROAD",WET,FAILING TO YIELD RIGHT-OF-WAY,2.0,41.333333333333336,3.0,3.0
0684b32cf02c4d03065e6f0362fd538a67fb2672db5f30eda69e022af1e9bdb83165ff84360c07fbf0acdb9f5d8478737b394d3e5c8d4844c8392aeda8126587,RAIN,"DARKNESS, LIGHTED ROAD",WET,FAILING TO YIELD RIGHT-OF-WAY,3.0,28.5,2.0,2.0
0684f80c39e4c3a398c8aaad2d5d59d27e767851251552f46544434fa9de18117bcbedf0815d97a4f1f7d4c3c0b72165403526f6e058218279ac2f3ca8b87c44,CLEAR,DAYLIGHT,DRY,DRIVING ON WRONG SIDE/WRONG WAY,3.0,37.5,1.0,1.0
06850ad51343281aca8814ede1a24b549682319f6cc4054af288ac0d3ac10e5dda7e2bb646b01cab94882eee047f93519ba3e75ebfc3b0335b31a9f29c86e431,CLEAR,DAYLIGHT,DRY,FOLLOWING TOO CLOSELY,2.0,61.0,1.0,1.0
06850fdccb62d65d2eda30252936e79fce832121f1ec93b699513e99ca47e066b4137122f2acd7149add196a8e65b9dee6e9b562eaf20a98f01e37daccb82b26,CLEAR,DAYLIGHT,DRY,PHYSICAL CONDITION OF DRIVER,4.0,54.75,5.0,5.0
068518aefa5d3889ee67ad67c5f8d30871ad8beb904d9aa210efa9d3a96d03e69f9f44e1a26a934618c14fe104339339d409ebb3f2d70ee57b55eac47e956d71,CLEAR,DAYLIGHT,DRY,FAILING TO REDUCE SPEED TO AVOID CRASH,2.0,32.0,1.0,1.0
0685773877b54ea4b7da43474ab1dea38613f4acc86745ec5394efde2e44ee9854f5218a4bd1752fb8777641ee6adcace1a5ee77f9ce5c16b3071eb5401fc0c2,RAIN,"DARKNESS, LIGHTED ROAD",WET,DISREGARDING STOP SIGN,3.0,21.0,6.0,6.0
06858c294220891d0993ec4b7a3f157227e70388e328f0b5ceed544b2ad934d0fd58fe95d9b2429bd6e11685f42223c38eb3f5ab99c01521aa357ece5138dcc0,CLEAR,DAYLIGHT,WET,"DISTRACTION - OTHER ELECTRONIC DEVICE (NAVIGATION DEVICE, DVD PLAYER, ETC.)",2.0,30.0,3.0,3.0
06858d64353958ca70ab70f87991f54e68138e5bac6ac5d6195134615382dbe2aafa330aa1191738501865d7387744aa76bf5a8ab75030a192fe9e7e16c6c665,CLEAR,"DARKNESS, LIGHTED ROAD",DRY,IMPROPER BACKING,2.0,46.0,2.0,2.0
068594cb4bddafcd76ea85499db642055ce0aa441de8f1d8c319b5800099d9c74111cab586f80a47a59377e09f45be23c37a88832a2bd1b86c550b74d0351b5e,CLEAR,"DARKNESS, LIGHTED ROAD",DRY,FAILING TO YIELD RIGHT-OF-WAY,1.0,43.0,2.0,2.0
0685abd71ebd74a6b97f2683967299296ff55249ebe75120f3688375711f63e13b775eef70d750d1eefa6062049cb150e4f5f4de85eeb60a6727cc797ea3de20,CLEAR,DAYLIGHT,DRY,IMPROPER LANE USAGE,2.0,85.0,2.0,2.0
0685bd19e90ac253c1c9fe5bb398045627e03c48156ba1d10763644dd0b875c44d3e488fe056fc9bdcd7f2747522c1cb2708ffdfa6c370e549265433449235b2,RAIN,"DARKNESS, LIGHTED ROAD",WET,DRIVING SKILLS/KNOWLEDGE/EXPERIENCE,2.0,32.0,2.0,2.0
0685d20b8900dc36f2712aee2a8cfc0710f25cddf52fc148d46a2e0242a995d45dd479c3c75e49f576cff03c4204bbc99304e5eeebd35a8c6f31e31d16aeff4e,RAIN,"DARKNESS, LIGHTED ROAD",WET,FAILING TO YIELD RIGHT-OF-WAY,3.0,29.25,4.0,4.0
06862985a3683068b3af82e948185ab0fd7ecfc307738519406153b5ea539c68e8810892df99e511a50775be48ae1477d7273c140998dcb0aad5ba1061699b5f,CLEAR,DAYLIGHT,DRY,FAILING TO YIELD RIGHT-OF-WAY,2.0,32.333333333333336,3.0,3.0
06862aa2f8f3786e670014ac54099a827491d8da9e239a36283d6abc10b4f1de3da35ef8f33a2f29eae0f0b7b09cbacb42aa0ff846c01542247a4a39c2900fb5,CLEAR,"DARKNESS, LIGHTED ROAD",DRY,FAILING TO YIELD RIGHT-OF-WAY,1.0,83.0,2.0,2.0
06862f434e4161ec9f0b3d290808f9836968e252c23f34acdc0e2e6fc4c4fde1a487b8aaafbadf29cebb519f0e21adde28d7a192926d3af3324f971357764907,CLEAR,DAYLIGHT,DRY,FAILING TO YIELD RIGHT-OF-WAY,5.0,44.5,3.0,3.0
0686420a46e4bbc12dd8afb02469dae9ed94b3449e187b04c4b77567ec917281aea701458568928aa48f56168ac5a83bd1b41db1e77bb916269d98cb73f42c45,CLEAR,"DARKNESS, LIGHTED ROAD",DRY,"EVASIVE ACTION DUE TO ANIMAL, OBJECT, NONMOTORIST",2.0,24.0,1.0,1.0
06866e686fc96b735c2d178941c619935a73dcb1f251bf7ebf0e38f4f5df166c3e20a0c3c0488b0b25ce2d40263c7ae7c7677c08ae40275020e38aa8bcaae161,SNOW,DAYLIGHT,SNOW OR SLUSH,WEATHER,2.0,51.0,2.0,2.0
0686853dc68012b83f0cee4f55d2f87c3259f55432d52602131598114160432071aa1a29ed7aabf17572a7fb813ffec75c96aef75a1a0cd8247b599d88f8f136,CLEAR,DAYLIGHT,SNOW OR SLUSH,FOLLOWING TOO CLOSELY,2.0,25.0,2.0,2.0
06868e7ad02bd1d58e1a5b26d8b8fd60faf63a1726d48f7d3a231d3c81cdc5f916adf1485a015fb29479329edbddd9b1b33482cfe1eea123c03ab12959c4b749,CLEAR,DUSK,DRY,IMPROPER OVERTAKING/PASSING,2.0,21.0,2.0,2.0
0686a5a32fe9620ce0731ad0acdd6034f648c431e51817dc3a14a2bc81621fe78725847e78961e58afb72da60e7f0d57fcfbf7f81c8215238044c4c5acb3c244,CLEAR,DUSK,DRY,IMPROPER LANE USAGE,2.0,31.0,2.0,2.0
0686d4bd5b8817a35179334dbf474fd3001dae1087cce4ccea6ee10b6e5f30088ea8ed36c2dd8a2d62c1759726ee254eb44808723a385cb7152f5122ff40cbae,CLEAR,DAYLIGHT,DRY,FOLLOWING TOO CLOSELY,2.0,40.0,2.0,2.0
0686e76d0964ed44aba73a2920b07a5d1de1b53f9df262c461fa6735f41f006de94cd054b6442e11d1c9a14d63f2719e7a920afad25d77ebb3bcf12d0d5ad8a2,CLEAR,DAYLIGHT,DRY,FOLLOWING TOO CLOSELY,2.0,41.0,2.0,2.0
0686f3f3bcc7fb3ee1a255921322face24ffe3d5c71dcbfaa53fc9c22334c8cf23952f3cd741f4f7a19c92da47fc52144ee39904d5f737a5a943c10a17891c68,CLEAR,DAYLIGHT,UNKNOWN,IMPROPER OVERTAKING/PASSING,2.0,69.0,2.0,2.0
06872821bd0d6d890fd15022fdf963afa9de1c1cbe1992a88e25c3902e2570ad0dfbb98c9c8474047380f50224685e12b2bd9482c13ee5ee4dd8cc08b24b7f3d,CLEAR,DAYLIGHT,DRY,FOLLOWING TOO CLOSELY,3.0,52.333333333333336,3.0,3.0
06872a1f6410471f69bf7f6b9027255f14e9754bc6c01ce16ff60ce77e7b199f060d27686d68a336062154f668b7ecc0088c14bb7f0d334a8bb8e90aa3f0f715,CLEAR,DAYLIGHT,DRY,FOLLOWING TOO CLOSELY,2.0,20.5,2.0,2.0
06876878167a121495e626ad6f46e0538778ef4d126981c8fd4c0c29f37f6681afe2e65a681ffc27a9b861a7aee7b61c4cebe539ed585b0c265144ae0b6d1439,CLEAR,DAYLIGHT,DRY,FOLLOWING TOO CLOSELY,2.0,27.0,2.0,2.0
06877e0a3f21f441c0e88ed34cee74d598777ee4034fe848944e8bf4bee5c5df54e6b587e5b3db3d7f407ef972cd6daba5ae829cbb9ed20365bc78067e1db3ae,CLEAR,DAYLIGHT,DRY,IMPROPER LANE USAGE,2.0,40.0,2.0,2.0
06878815b154af8f62fea3b032a84021060f27b5f285003d2e655392176467c4150af4b340e29c8b71ac4dc08d6036fa8df75f3bf8971310748be00dd8806f2b,CLOUDY/OVERCAST,DAYLIGHT,DRY,FOLLOWING TOO CLOSELY,1.0,36.0,1.0,1.0
06878d0bbb686ded4b2aa549ee4eef1780be4f73c90c1528e0f13fd8fa5746312a64cc0c0ab479af1ef86d108e139e038b717ff0fff6302e673984c8a83112e9,CLEAR,DAYLIGHT,DRY,IMPROPER TURNING/NO SIGNAL,2.0,37.5,2.0,2.0
0687ad5e8a7f457dc0c4195b21938b10cd668d789bccada67514310754e308ee8ee0c265d7756a642f0ca4a1161d09b7cd803c76c34bde0f38e955628db82cc9,CLEAR,DUSK,DRY,IMPROPER BACKING,2.0,34.5,2.0,2.0
0687c4ac8ba5e0164095deca2f62954cbae6d0736116f8378ab092e122c0693d60b84cb74afb5e515bf4a7272f312a4951d34383dca4f84fda8728a700475efb,CLEAR,DAYLIGHT,DRY,FAILING TO YIELD RIGHT-OF-WAY,2.0,47.0,2.0,2.0
0687cc6905435b1c13e4df0b64a0a6157b98e594aa298ba1c903443241f8758223deb77dd1afe87c9ebd49b522918e3b14230017bb8a3f06875f4c0dd150785a,CLEAR,"DARKNESS, LIGHTED ROAD",DRY,DRIVING SKILLS/KNOWLEDGE/EXPERIENCE,2.0,27.25,4.0,4.0
0687d91658018d7f8c322e41a5f61f86de68778b9923794f39359a41c9dbab4549b0b57be0d07c348ca7627a9150181614d3323b5a575cf9deb6bf9ea58c4960,CLEAR,DAYLIGHT,DRY,FAILING TO REDUCE SPEED TO AVOID CRASH,2.0,37.5,2.0,2.0
0687eca24affcd987691a519220f7238e051800b5f6f1350d6fef9dcbdf18759e3175b898bbc0ec59a39e35dc69341d37d309aea28b1e609d62423391d9c2598,CLEAR,DAYLIGHT,DRY,IMPROPER OVERTAKING/PASSING,2.0,37.5,1.0,1.0
0687fc3945ff6724c4054c5f2ceba9879e8fd399621aea50b43c0a2f094f1c38004312e98552a40f3f4d9681a037816a63a75144991940f64f767833b53c26c6,RAIN,"DARKNESS, LIGHTED ROAD",WET,IMPROPER LANE USAGE,2.0,39.666666666666664,3.0,3.0
068800ba5f3120207e4f9a9b2a1764e6ffba940c098d20fa5b6a13dbfbc8d14c06c9dbf3c51102c1b044480ca9dcf99c3356bb3127b2d1230a0234975dabe533,CLEAR,DAYLIGHT,DRY,FAILING TO YIELD RIGHT-OF-WAY,2.0,51.0,2.0,2.0
0688381f5bcf13d5bdf809d952655dabe70b169442fd46ed4e3bc22c98089ef8b0a422b1463edd86039403742b39583fa3e25fc7fb866e975c7dc09a04bd285e,CLOUDY/OVERCAST,DARKNESS,WET,"VISION OBSCURED (SIGNS, TREE LIMBS, BUILDINGS, ETC.)",2.0,48.666666666666664,3.0,3.0
06886832be5cdc7a37219a6c9adb5fb6dc44b30408fe35c9e140fb7514f598f39b08f067f88ba918001b8342c7a5d90327ba6b94c47ea3d6a15a81b54de93431,CLEAR,DAYLIGHT,DRY,FOLLOWING TOO CLOSELY,2.0,50.0,2.0,2.0
068870ac500d0529a17713598db4283067005503b7700617a0da4ecbbfda3e8440140ccdcf84b00efeed10b70dabac851f5a8984d24ea3d0408de60270527cd2,CLEAR,DAYLIGHT,DRY,IMPROPER BACKING,2.0,18.5,2.0,2.0
068887508da5a8969f37b04e907abeab952b97980918dc54b5f194a4c6932d6b3e6c82d408262bcc5982dc5b15c391a17a306ebf764e59c2ea1f7538f0bd4ae4,CLEAR,DAWN,DRY,FAILING TO REDUCE SPEED TO AVOID CRASH,2.0,32.333333333333336,4.0,4.0
06888d82f60785f90ef657b93b2f3af4f07d513b4aada78becc7931c85c44a8a82f4918c5f85c864b3a1c4ea5f2b12b6fe0b3842756804e94cf4d355555d154d,CLEAR,DUSK,DRY,FAILING TO YIELD RIGHT-OF-WAY,2.0,45.5,2.0,2.0
0688e2b5947dd50a2b3f898598f47a24980fc98bac203ae74a5e16c6b96503947b1d405f1218372002929ecba058b6c2d1db7ac572b9472c13f264b0fc4fa28e,RAIN,"DARKNESS, LIGHTED ROAD",WET,IMPROPER OVERTAKING/PASSING,2.0,63.0,2.0,2.0
0688e9670bdc74f1c601cc5f7fbf1ac8b7d5666163907f8428ef583638e664be96cc7b52b30938b7ce9f3d26605a20980a0b81441b7bfa10d5d46162923bacd8,CLEAR,DAYLIGHT,DRY,FOLLOWING TOO CLOSELY,2.0,21.5,2.0,2.0
06890a44a0339acfaeafe7afc4f47f13765cebd59128101db63507bc54e9bbd89b200e4eba672f24fcd946bcca90b59a744b43ec268ecf90a90b94deaa79b514,RAIN,DAYLIGHT,WET,DISREGARDING ROAD MARKINGS,2.0,21.0,5.0,5.0
0689454fb7b48fa92bd1ef57b5275af471289956e6cd9ad28061fea4d0f3d665adc62b89ec2a69b6e91d1e0deeb01e78b8a0a6642a7e99ec4ac00ff8bcd3721d,CLEAR,"DARKNESS, LIGHTED ROAD",WET,IMPROPER TURNING/NO SIGNAL,2.0,47.0,2.0,2.0
0689458d1afbe2fb61a807287f655e8f8caafaf9dd20dc82d55921617dd977ad13dbaf20a622fc0919f8f8fb32139ea58073e4a19500383a52a5a0808147808a,CLEAR,"DARKNESS, LIGHTED ROAD",UNKNOWN,FAILING TO YIELD RIGHT-OF-WAY,2.0,27.0,3.0,3.0
068953bfdc7fd729aa4e33e572657c6ff5971aa0c7c4bafd8bb73f26105b1ad3fd669f23408fa7b98b437bddb2d4198ebe24e75d38383d23e7397c1c645dd220,RAIN,"DARKNESS, LIGHTED ROAD",WET,EXCEEDING SAFE SPEED FOR CONDITIONS,2.0,37.0,3.0,3.0
068969c588c3f0266eb79f00cafce987377444dfd0eefda08da75153d09fa5c98e264d0bace03aab4584338b4d718ac920cf2a4f69ab077ecce56752ce631134,CLEAR,"DARKNESS, LIGHTED ROAD",DRY,IMPROPER TURNING/NO SIGNAL,2.0,35.5,2.0,2.0
068993de62b9f34b426dd5623940362bb221a590ec5cb24119f3bff154e110bea7f28f5b8940f9ee6a85010e40bfc0d9556afdf19f959396e844d86630e5fb11,CLEAR,"DARKNESS, LIGHTED ROAD",DRY,IMPROPER OVERTAKING/PASSING,2.0,42.0,2.0,2.0
0689af512bb30da6fb604ab6c2c54f9e060c4f8d068bf0a4e476b5fb7dcc4bfbe013f2d21a94fc1fbac919d9ff38b7e957bfac068eafc6b3906f9da326cc0444,CLEAR,DAYLIGHT,DRY,FOLLOWING TOO CLOSELY,2.0,16.333333333333332,6.0,6.0
0689b70a14885c72779c85d7b959d61b35b2fc35b0aa325a95a77251230aae009ad3a082e00e5c5693821484f3bc6883b4f061e6e374c2d0a9d1c73f3d7cc461,CLEAR,DAYLIGHT,WET,FAILING TO REDUCE SPEED TO AVOID CRASH,2.0,37.0,2.0,2.0
0689cf2b96a5e5a34d5a29c10a7a8c2aff2a596419b6639b6590348592080329b077884bc56c9cd83e12248d7e2ba461b6fe7d437ce9d159a1ee364b3fbc7dca,CLEAR,DAYLIGHT,DRY,FAILING TO YIELD RIGHT-OF-WAY,2.0,37.333333333333336,4.0,4.0
068a09c726edef434e8167fc44f5f43661ffdad6d40856567b7643698c815f2664353a4945039be5861ed840f0d96b9d6724b36344a1fc75706971453db582e8,CLEAR,DAYLIGHT,DRY,IMPROPER BACKING,2.0,36.5,2.0,2.0
068a5440dd9b7ccb15fc96724428bf3c5bea6d7e8f23d9deeced6e970308df50f2090fd12a6b499e7f2a34be94fdc02c27b9b65546ef8e167c0849138024b70d,CLEAR,DAYLIGHT,DRY,DISTRACTION - FROM OUTSIDE VEHICLE,2.0,52.0,2.0,2.0
068a6c1115241ba2db297013363d186803cced793faba84a463df05e2cdd4c9ae3ccee22a6230c5cdf64233a83a0ecbe7a75d99c8026faeba59c645bb7e7048b,RAIN,"DARKNESS, LIGHTED ROAD",WET,FAILING TO YIELD RIGHT-OF-WAY,2.0,37.0,2.0,2.0
068a708b79f69c729e649bb7c1fb3cbb504ac21227a6a5991bac20d6e96bc624821043ea5ecbeafd65aedf506dacdb35e541465729b243dd91e4daafd71100e1,SNOW,DAYLIGHT,WET,FAILING TO YIELD RIGHT-OF-WAY,2.0,38.5,2.0,2.0
068a8df7c135340df76d06255c15036fd607eb182d0bd0acdb990fb6f7fc0196b9cfb1aa0e829a2b5e189f93296c746a33e78d570425d5d2decca66364072821,RAIN,"DARKNESS, LIGHTED ROAD",WET,EXCEEDING AUTHORIZED SPEED LIMIT,1.0,37.5,2.0,2.0
068a9eb0f8116ae9aa690967b0571a0409af32ea355c981502c7b1a9165ff170232b9956d3c107ccc5063eeaf3526066dbb8da3838635344f43b770e0d6fbf3d,CLEAR,DAYLIGHT,DRY,FAILING TO YIELD RIGHT-OF-WAY,1.0,35.0,2.0,2.0
068aae26cb36539776d61026c2968858ffc54428ad0562999367d6be4fa5d9a48bd6e1af1970a06f6b7e965faa26da3dc5522bda2fe7a890c9cc0a64a7bdffe7,SNOW,DAYLIGHT,SNOW OR SLUSH,DISREGARDING STOP SIGN,2.0,45.0,2.0,2.0
068ae1d7a0e8cbb50e0d527c08138e2a5398efbfea2d09827d70e36fef2bd69d98f15d5865940a94acdd42903c0e8345d35e3df9a070bb0626179f58b57be3d0,CLEAR,DAYLIGHT,DRY,IMPROPER OVERTAKING/PASSING,2.0,55.0,3.0,3.0
068af3a9269d43c57db4f70274486ba4201d5c91a064142e0de1e1014058eb8e34928d306e445b420ad393a2767951835595a96f8f576d87f797802d9402ec85,UNKNOWN,UNKNOWN,UNKNOWN,DRIVING SKILLS/KNOWLEDGE/EXPERIENCE,2.0,72.0,2.0,2.0
068af68c23850b1265c2745f5d3baf63ac6cbc313f6dcfdba0ba9ef38948652975290c760127252eabacb8916253e97489853b70dfefa8ad8b8fc9b31394cdb0,CLEAR,DAYLIGHT,DRY,FAILING TO YIELD RIGHT-OF-WAY,2.0,30.333333333333332,3.0,3.0
068b158470eb4674f58227115f465a97dbe433eb018cd149582987383f8e03829143e16b38b951e6b028df04b48247f20d85f1d9b5b9b23ac5c8a63591de138c,SNOW,"DARKNESS, LIGHTED ROAD",WET,FOLLOWING TOO CLOSELY,3.0,40.0,4.0,4.0
068b3e6e338754b90110fc6e7fb83913f5959cbdc03ad43a31db1a2fb75be6c665a5623c215dc32c946b7b4c77c6e7f75df49db30d1d777808d646195514026f,CLEAR,DAYLIGHT,DRY,IMPROPER TURNING/NO SIGNAL,2.0,48.0,2.0,2.0
068b4e48ff23a4dc2cd8ad64b3f28c35f4a312a3c987acbe64e959ed683d03467ba240cfdb21e1afdb31f5b86ffc955159cd18ac0d71dc7385a4a50dd11f5022,CLEAR,"DARKNESS, LIGHTED ROAD",DRY,IMPROPER BACKING,2.0,44.0,2.0,2.0
068b62c639cbceaf957cfead07ee4e3619469b9e9a1a03dc8e5d0ded49a95b809712a8946e34257f8cace1c04fe3965c95c26fdd32ab1a36ed2eb774973663dc,RAIN,"DARKNESS, LIGHTED ROAD",WET,WEATHER,1.0,43.0,1.0,1.0
068c08f7af2ffa7a0999a9b1e2251888f57a99a21f6d247c116b1e5fa0ac55104ce83b565fd8b90264ef5e6d113dad10fe1d0552fb53682c198f5d299811ef26,CLEAR,DAYLIGHT,DRY,FOLLOWING TOO CLOSELY,2.0,45.833333333333336,7.0,7.0
068c0a6b3787e9cf14dbf20df5b2e189d473d868254b301ee9e4fd423a9d57ab1281954b776315284a37966549f3d4cb733743cd250866c4310382dddeebaa6e,CLEAR,DAYLIGHT,DRY,DISTRACTION - FROM INSIDE VEHICLE,2.0,63.0,3.0,3.0
068c51f2369fdae32bb5d2a9cf84be7c7939dc4ff32192a1c5172a085ba550403491a13c7f418af1179e92e48951a055f89d636a6f0cd0bbd6135a0ac411f2db,CLEAR,DAYLIGHT,DRY,FOLLOWING TOO CLOSELY,2.0,21.333333333333332,3.0,3.0
068c5521a14f636f41b3a036669af2cfb03ccfe18fa5264e15bea08fb2335e8d68d17ceee49efa3fac0a325994bc76b294be83e8ee362d24a88460164df86c71,CLEAR,"DARKNESS, LIGHTED ROAD",DRY,FOLLOWING TOO CLOSELY,2.0,24.666666666666668,3.0,3.0
068c724b46ee5058aaa3f5ad2bc8c0f82804b1b61c500b13b6b3308bce6a58d6320e36a944bb769c887aa398fc6e023963c446a89ef73c84e651ffce0892eee8,RAIN,DAYLIGHT,WET,FAILING TO REDUCE SPEED TO AVOID CRASH,2.0,45.0,2.0,2.0
068c75913a6b47db8944b2c63de7e358c7868308a91e2b6aad15a3ae70e7459235b82e66e86a6b063e0470b9d36a5b5bd45e263fffdc6858a4938daece344fb3,CLEAR,"DARKNESS, LIGHTED ROAD",DRY,PHYSICAL CONDITION OF DRIVER,2.0,37.5,3.0,3.0
068c7ca98df94d784d73c5348ca4fc9cf16c56b95105d73749b0dba702e88b5d6b42860744e55ba345122902d433d83797a27b5192cfedf4b015b459d731d9af,CLEAR,DAYLIGHT,DRY,IMPROPER LANE USAGE,2.0,27.0,2.0,2.0
068cb9da361f595a9f51279390ba35ff407327a76c7bc415fc85029b8e0f30e9412e5eebc674855bec1129a32e7467308dd78cbddd110498f57a3a62b78dd27b,CLEAR,"DARKNESS, LIGHTED ROAD",DRY,FAILING TO YIELD RIGHT-OF-WAY,2.0,18.4,5.0,5.0
068cd85c601b13db0dc1b37733302707513763b1f1ee1951bd6a76abed847bff8c77e57a2436015ddb52b6a7fa071e2a0fd63b57c3bd83cb7b12cd28b81cb719,CLEAR,DAYLIGHT,DRY,"OPERATING VEHICLE IN ERRATIC, RECKLESS, CARELESS, NEGLIGENT OR AGGRESSIVE MANNER",1.0,38.0,3.0,3.0
068d0290b7eb5061ab8d73a9736bdfba61eb9d1ac705370cee4e8a94ae7c344f584cfa9de9ca8330dd61a4fe69e3f2134740e34e0932c9b23bc804f217208906,CLEAR,"DARKNESS, LIGHTED ROAD",DRY,EQUIPMENT - VEHICLE CONDITION,1.0,48.0,1.0,1.0
068d0caa9caae5942460f6a624460e0cd86fb032148d36ae8658e9d8095fb91076e9fc425ddc7b33319515a56b4f079c122a60bec69bd6e72a49e56b49ce6685,CLEAR,DAYLIGHT,DRY,FAILING TO YIELD RIGHT-OF-WAY,2.0,23.333333333333332,6.0,6.0
068d2346e554c611bf798cb1b2e40072e05279630fdd008d42bbd96104ed441a7c8ff5c2681e7542bad733d9f0b1950d482d1f46f59f85229d90234feb2d0694,CLEAR,"DARKNESS, LIGHTED ROAD",UNKNOWN,DRIVING ON WRONG SIDE/WRONG WAY,2.0,37.5,1.0,1.0
068d41f086f570c62962293903b52bf5647554a9543535a2e1878a115266dd0f4fdb82abb36e36fad4e3ac728fafd993e51177a87e37316757c3aad6bb77859e,UNKNOWN,DAYLIGHT,UNKNOWN,FAILING TO YIELD RIGHT-OF-WAY,2.0,55.333333333333336,3.0,3.0
068d4a0f196c201c2b8d7a907142413cd50ce1a8b18cfa3740e5fb2f0bdfe6dfda77d231c20b276b4528666f9244d121baab66018d48cdc9f5447abc5e1e9175,CLEAR,DAYLIGHT,ICE,FOLLOWING TOO CLOSELY,2.0,44.5,2.0,2.0
068d5a7121a802a0a3e94f8014253b70d83efb4f3da31cb7a4a2aad10c3a7b9e14257a2175cbd08ae65526f8367b88382c765d366f0adcb369c08bae6a401483,CLEAR,DAYLIGHT,DRY,FOLLOWING TOO CLOSELY,2.0,75.0,2.0,2.0
068d70ab4b44d124c5f58ec1eca18dd60eb4f3505ade58f9f1aa217cc9655a85ddf7d52816393003441b5d19939f290a97e7ed3b4a9c19b6541ef2670b30a82f,CLEAR,DAYLIGHT,DRY,DISTRACTION - FROM INSIDE VEHICLE,2.0,22.0,1.0,1.0
068d9ee23cd5ec874d6e8ed36ca29248560a4c58f2ae18cc56c3e2ab744a13cab6c0f73bbb7f2503902025fb8d69c5ef06145b7dc73ab311bc796fede7a8b041,CLEAR,DAYLIGHT,DRY,FAILING TO REDUCE SPEED TO AVOID CRASH,2.0,37.5,1.0,1.0
068df05e02c06d0d195d35ad6d637eecb7931ca07ae249fa680abc032095c6ad8e3b5ce714af9f8c767c36cc69f032bc7fedf8a927be37338b39642e202c63e4,CLEAR,DAYLIGHT,DRY,IMPROPER BACKING,2.0,53.0,2.0,2.0
068df8fe0f15805ce0ed2c38b13a469c004818f18643859d5fc8f21b90024a16ab93c3bd8edafabdfa725e75edf75801c124fa8a78a32e28c148553a0343764c,CLEAR,DAYLIGHT,DRY,FAILING TO YIELD RIGHT-OF-WAY,2.0,40.333333333333336,3.0,3.0
068e1379eb0cb8d5ceec16ffbe93e38353e1421d2df97e11427d4a408cec23a520dc6af239527a2affb1ab05aaa6c954085b1bf6f2166c3759f846bcb6779147,CLEAR,DAYLIGHT,DRY,IMPROPER LANE USAGE,3.0,57.5,5.0,5.0
068e1ab19b8049e2186c1a8bea33e4651bb30b7f04d846625eb9a99f0611cf348d74ab0080a4fb9ce54f5e3d3f7886a4882d82fa9a9ad221a3c5ca5e641da1aa,CLEAR,"DARKNESS, LIGHTED ROAD",WET,DRIVING ON WRONG SIDE/WRONG WAY,2.0,32.0,2.0,2.0
068e9fa730dd422aaf2d9cd619ffc900d84ebca1260b3348070bae6fdbd72a19ba922e48bf11db3b8753abfe5055b0cac5b77cc36027a1853df812e934a88e05,CLEAR,DAYLIGHT,DRY,FAILING TO YIELD RIGHT-OF-WAY,2.0,61.0,2.0,2.0