crash_record_id,weather_condition,lighting_condition,roadway_surface_cond,prim_contributory_cause,total_vehicles,avg_driver_age,total_people,total_injured
068ea39cd20e81de80ed379a83385f32b50f947f800b95002a856322e06901d338baa40e64537212d4328696b5983939aa51fddd8799aa004f2876d602770b7b,CLEAR,DAYLIGHT,DRY,FAILING TO REDUCE SPEED TO AVOID CRASH,2.0,26.5,4.0,4.0
068ead9b8aac8c7e8f4b9d9c1ce6fa8dadab75c2ea9ab423ddae24588d8446a0a8cb07a1293b46384d5cd644a413abc4364eaf60385acd597dbd11437a19868c,CLEAR,DAYLIGHT,DRY,FAILING TO REDUCE SPEED TO AVOID CRASH,2.0,40.5,3.0,3.0
068ed9c750eab8e042aaa9f1966d5d3381eb68923a4f476be3cc3e3c36c29c8d7dae01b3f94978236acf83ee1079435a7bd6041b7729e4ea645cf2b14d2dbba1,UNKNOWN,UNKNOWN,UNKNOWN,DRIVING SKILLS/KNOWLEDGE/EXPERIENCE,2.0,44.5,2.0,2.0
068f172573e612aa273589a81034b1b58c81f3ac8a57ecb455003394e4d62cb729f9b899a4ef2ad04d25c5898491c95711527c7d9b99ec0f0e1a280085294d06,CLEAR,"DARKNESS, LIGHTED ROAD",DRY,IMPROPER TURNING/NO SIGNAL,2.0,35.5,2.0,2.0
068f42f7984dbe78bdc0a5fd0aa78621de303a57ecb0d3b1062e0681857bc334eba14320c147eefb9232524ba5812a47d25d4fdcdbbfc99b4d5a3cec59ce81a2,CLEAR,"DARKNESS, LIGHTED ROAD",WET,WEATHER,2.0,34.0,2.0,2.0
068f808b5782f0068a8942dcb5f205f46cfc20cbd3429bbb22106c9968f18b3a3b7d77cee7412739f235024ead4c75d365ef751447746e16b1c3c108134017fa,CLEAR,DAYLIGHT,DRY,FAILING TO YIELD RIGHT-OF-WAY,2.0,37.5,2.0,2.0
068f9428d00f93e376d9296f4e25e9f3ab1b35e2dd07d98bcfad185030dcbc8592bc1f6c178023bf8c87a6675b2a9d46e6a503475c57bc1fd3f4c4ac287f89d0,RAIN,DAYLIGHT,WET,FOLLOWING TOO CLOSELY,2.0,52.0,2.0,2.0
068f996f58ba09afbe10b8312fb96829e0e11a1f92b4db55b74e705d129c1a25c19654dee8cadd02ddeaf4e88c8b58d73583d1b0ae7aa4a5694f9af69eba83d7,CLEAR,DAYLIGHT,DRY,IMPROPER OVERTAKING/PASSING,2.0,76.0,2.0,2.0
068fae04ecf79d6e2661a2a3869f47052973c9550863b55448cd8868422f90487283a52f7ac740a5ed6c4424867ad491c6b18e067268656da9f0ffaa7558a050,SNOW,DAYLIGHT,WET,WEATHER,3.0,26.0,3.0,3.0
068fe39fb19eee10a809572b3e647e0fefa1ab31cf287a28dd480292962b9b111cf64338791fbf7503012b2468e433333dd62593e8c61a266318c420cca4cfaf,CLEAR,DAYLIGHT,DRY,DISTRACTION - FROM OUTSIDE VEHICLE,1.0,34.5,2.0,2.0
06901005fbc5865497064a2569b350a18411897ff42b3f0f10bd148aec8893417c2e89a0d964fc0a77c63032e8e734eba4d104576e6ecb8f335b972a5243781b,CLEAR,DAYLIGHT,DRY,FAILING TO REDUCE SPEED TO AVOID CRASH,1.0,25.0,2.0,2.0
06901b1822c69346764a04da472457efbfca2cb2d8bc31c9cd9a00bb0d1f824efbe739a1a4cb3f89b68eb59790c1fd9b30318bc493bab93a81b6ea32bdef1dcb,CLEAR,DAYLIGHT,DRY,IMPROPER LANE USAGE,2.0,20.0,4.0,4.0
06901bbe2449bf4f6ffc7fcbabbf8002e6b7b5abab4e9901bba8b32c99515cf17d112d8ce01f6f10878c491a106372e06fe76e910fd168c274d9a9a8ef4347cd,CLEAR,DAYLIGHT,DRY,IMPROPER OVERTAKING/PASSING,2.0,59.0,2.0,2.0
069084337b9d329da7e5e6ab62fff1c43e1bb8027aae3d1119ef7208f0b3709733dc18f50328d580699f500395fba61dc376cb934290f8b2db9e39c5be4f53cc,CLEAR,DARKNESS,OTHER,IMPROPER TURNING/NO SIGNAL,2.0,28.0,4.0,4.0
069091ee13ce5cbef28dc15f51f7cde9d29e343a409f1028d561b6ff0d1ca0742c3b2f6213399ee0520a028cbb907de9d6f223d18895b4c5ce742539d0e3c33c,CLOUDY/OVERCAST,DAYLIGHT,DRY,DISREGARDING TRAFFIC SIGNALS,2.0,23.666666666666668,3.0,3.0
0690bdbb45912c72b237bd31d3a505af0d662a75b7206d38aed7846312690b50b90de7c219b71ce322b76cb8b7ad6b365ce2a1411d8c996a82a448e8458a4d72,CLEAR,"DARKNESS, LIGHTED ROAD",DRY,PHYSICAL CONDITION OF DRIVER,3.0,56.5,3.0,3.0
0690e31d0adddfaca47070846df845c4c3322d2d9463d1e1960948f3c1949f8463e7ce8b4da30eb4220b2e60062786dd9a95264837a19f48009250c59b20defd,CLEAR,DAYLIGHT,DRY,FAILING TO YIELD RIGHT-OF-WAY,2.0,28.0,2.0,2.0
0690ea6f8d3cc2aa39cbf0cb0a2a3693ddcbbbbd3228973a8cc9524c5d05347ec980166f0dcef84afa6cf936f096d015316e44b13a1b8fb0fb0a9e25f72e6da2,CLEAR,DAYLIGHT,DRY,IMPROPER TURNING/NO SIGNAL,2.0,28.0,2.0,2.0
06911f64d929e6edde42acbccf941156029fa7f8ae1e44f5e247920d8023206ba6c495e46994f52acddf0949b8ea72bda1cfbf72f678fbdd6e2bbb71888d37bd,CLEAR,DARKNESS,DRY,"EVASIVE ACTION DUE TO ANIMAL, OBJECT, NONMOTORIST",2.0,31.0,1.0,1.0
069121787778756ab9a9ae368a671598e2ecd019768ea016f467a02b91ba71e886238462435b8c2e99ae13e42a50e20ed3b79052212c6c4b4197e3244316e2c4,RAIN,DARKNESS,WET,IMPROPER OVERTAKING/PASSING,2.0,19.0,2.0,2.0
069142ee4de79dca6893591fd861650e67f240c1f1a657d8917245ea9ef686d3bd87cc263e44f798100e2b21c02a38ab31c55cf313fa1909f36d28b7e3693b5a,CLEAR,DAYLIGHT,DRY,IMPROPER TURNING/NO SIGNAL,2.0,31.0,2.0,2.0
06914bbf91644d448b3fd506e58feb62553d06840082a011d8d10393f46e23ced39169082ec8bfaef5c6f339ce4c1bc2952d69b8cce15744d9538f1810c49ce3,CLEAR,DAYLIGHT,DRY,FAILING TO YIELD RIGHT-OF-WAY,2.0,54.0,2.0,2.0
06915fa797d70904611d37c96fb7fe98ffe1a2ad3be8a5008e829cb87248f8f415462ab3f97bd7220e770a88db6e3a6135c3d3b6dff51723c01668b3bd9ffe88,CLEAR,DAYLIGHT,DRY,IMPROPER LANE USAGE,2.0,58.0,2.0,2.0
069165e03bf9183601804c910b448dff60774b692104ab0869ae095a24994f504d00656473bac4be1dac79fb3df9b5ce97650f1eeb2ab9ef07c38b5e40c11428,CLEAR,"DARKNESS, LIGHTED ROAD",DRY,FOLLOWING TOO CLOSELY,2.0,28.0,3.0,3.0
06918aeb90a204348771c9d52e84f20b0cbcfadd9ba2de87645637c29f0f6cfc567384f4b47c994c1dde695cbdbc3dc83635d11728b3ad2389dfc21bf1d46b44,CLEAR,DARKNESS,DRY,IMPROPER TURNING/NO SIGNAL,2.0,46.0,2.0,2.0
0691ddb5d523b909bdfe6f1558f94fbdb2806404689ca05348ee1c80368161cd424ccf97c8ff3a0284ddf9eb66fef8a03ffd0eb426ce215edac9a132927dc1bc,CLEAR,DAYLIGHT,DRY,FAILING TO REDUCE SPEED TO AVOID CRASH,2.0,38.5,2.0,2.0
0691e9e9365c517bca39254d174d9a9a849241e2bd7308b71283b14f5438f3d36f6b1f02c8326b8ccee1d60a263324d335762fa9d2bb18182bcbd6653905a2e0,CLEAR,DAYLIGHT,DRY,FAILING TO YIELD RIGHT-OF-WAY,2.0,43.0,2.0,2.0
069200ab1b28990d3cb3752a0e1bd7da01ed126c311c2836003ae8721f0d3d0079d1482b3f3c201dcfef0895bdf630ef7c54b4c9a62b3972121b00bdf2209632,CLEAR,DAYLIGHT,DRY,DRIVING SKILLS/KNOWLEDGE/EXPERIENCE,2.0,29.0,2.0,2.0
069214a4743cd7049b8e37064aa7e2aa637c4df0ff13e908932b79f767d3d7927c4f9e4c79f31a2db273acb64a8a3f63f96074f765382afc226a3277434bd661,CLEAR,DAYLIGHT,DRY,EQUIPMENT - VEHICLE CONDITION,1.0,27.0,1.0,1.0
069228f9f90160979974da95ed98427bfe5ae36b45bd018cc91f9191d5f8326bb92f1bb90e91be20d848024337a83ce2d9de48301bc16bcaf9156781d5b7eaec,CLEAR,DAYLIGHT,DRY,IMPROPER TURNING/NO SIGNAL,2.0,38.5,2.0,2.0
06924394ff3fdf3bf8557820e528d66c0da0532e840d558577aeae6f46668027e342b2e0d1154332d510861cee3654bfc568b99925b0472d6975b84f9f5c3350,CLEAR,"DARKNESS, LIGHTED ROAD",DRY,DISREGARDING STOP SIGN,2.0,52.0,2.0,2.0
06924d3f474cf5a288d37efb9e32f4a100c775d976a4e15937ec384f5c5f871de646164db0be0070a194e991da6879d3faa47e7086a3dd7e1b054fc8aaa2a87c,CLEAR,"DARKNESS, LIGHTED ROAD",DRY,FOLLOWING TOO CLOSELY,2.0,41.0,2.0,2.0
06928195e9f5c8dcb3b2044fe372abd7008fce56a25e434c4b215788ad109729bc514b73480e1471c7c0845a9a9d336753ff0d91c47d793df05005dd9788629d,CLEAR,"DARKNESS, LIGHTED ROAD",DRY,DISREGARDING TRAFFIC SIGNALS,2.0,31.0,2.0,2.0
0692841066faab0668329fc6fca0262266da5b64bd46af4d0dabc620bc0733419cf0ecf291e652d7ac797cae0a58b6a15a46831a9e9d844be688278be3bbbf18,RAIN,DAYLIGHT,WET,FOLLOWING TOO CLOSELY,2.0,56.0,2.0,2.0
06929995e5b510503871488eda37593143737ed588f0c30405a9f38ce04e2068fc9ed3282a31280a1054722353e98e923c0987b0bf3ebf8a8bef99758426ad42,UNKNOWN,DARKNESS,UNKNOWN,DISREGARDING TRAFFIC SIGNALS,2.0,44.0,3.0,3.0
0692b4d6849fadd7fe35de219bbad0915cd46b97ae89e2e5f73ae990556d9bbc286ccbbf7ef9cbd2cf609dc5624a2a9e2d50cbf878cd2b0fd1b41ffd1d2bf486,CLEAR,DAYLIGHT,DRY,FAILING TO REDUCE SPEED TO AVOID CRASH,2.0,34.0,2.0,2.0
0692b587727d56b5f6328d7e3d8a1231e0d25e654fac267abc03c3139d8a3dd979bbe6fdf3dc06a82f6e958d9ac405d6fd42bac4b5db882cd0b84f5255557b65,CLEAR,DAYLIGHT,UNKNOWN,IMPROPER OVERTAKING/PASSING,2.0,25.0,2.0,2.0
0692d6cc4b2035c4958cc8e32739b26d747bbaf1b964bf925d05a42ccc55acee6bfb75c5b86f7104eeac7d4d232ced9357e6edcbb541766eb498d50ff2401b14,CLEAR,DARKNESS,DRY,FAILING TO YIELD RIGHT-OF-WAY,2.0,22.5,3.0,3.0
0692efb6c963076e80087680f8376f4ac1f673cd69d4fa4c286d6cd13acc0056f28f37c617e75fe6ad2242702ec58ae5d2ccf0c3e898cbeea63637a4d2925749,CLEAR,DAYLIGHT,DRY,FOLLOWING TOO CLOSELY,2.0,19.0,2.0,2.0
0692f0f0b13e97097c40c6798b85d00ade235dbbfb465ee0a1e1268deb8121bb5eb080a3116e1b0b5235dc84b0793544c62e9b36939a6e6506c61ee562467515,CLEAR,DAYLIGHT,DRY,DRIVING SKILLS/KNOWLEDGE/EXPERIENCE,2.0,40.0,2.0,2.0
0692fff67f2ad26bf0b7e3cc925467cf4706b95566d5298401fe17f7406cf04c85e4a7938e2aa4a14296a78d28ad295446b8167a549559cbfff4ceec790006a5,CLEAR,DAYLIGHT,DRY,PASSING STOPPED SCHOOL BUS,2.0,53.5,2.0,2.0
06930a55d0c11a99aa8b8e9c30b4d63c2e0c22949897df547f684e8e06ffa4e393acbf710155d3d409dbe2e75260fcd46ba50bd7358e27b364f4909850350266,SNOW,"DARKNESS, LIGHTED ROAD",SNOW OR SLUSH,FOLLOWING TOO CLOSELY,2.0,0.0,2.0,2.0
06931683119f7b3197a98dee1008acbfe104cc8516da854c38d9b34b1cbaeb7d25161ed0f12c353fdd78ca61ad8e1451baa6f7b0038dae687ff0b0c7ac2d08f0,CLEAR,DAYLIGHT,DRY,DISREGARDING STOP SIGN,2.0,47.0,3.0,3.0
06931efa8f90a7063a7a5ad536f8289af67d51f07329d17f8b7204a2d867fa6384a001aa4baeef5f4d2f58ad5b3d1721e6503e617d2302ffc6fe53e4eeabfc9a,CLEAR,DAYLIGHT,DRY,FAILING TO YIELD RIGHT-OF-WAY,2.0,48.0,3.0,3.0
06932d4ec15d93679b2c29e512b43b50932e4c4495dcc76b837c28eadf26771d118256c309df09c4b10b6c205b6a04a11183db1499976b8374308dbfdee0456a,CLEAR,DAYLIGHT,DRY,FAILING TO YIELD RIGHT-OF-WAY,2.0,30.0,2.0,2.0
069339fb6259379249331cc0229467535734174a9edcf2eea15d64a621322eb3cbda993879c96096de14532f8cb13edffab8e52cb25da78f5cf230fd1db4011c,CLEAR,DAYLIGHT,DRY,FAILING TO YIELD RIGHT-OF-WAY,2.0,27.5,2.0,2.0
069346ab97f4f200c0deb06fc5b2c1044c36c23186ef3e1570b573202e8f00f5102e22bc1162082bfbe9cbe954bc18b783fb27e5041e827f9a18a43cd763a556,CLEAR,DAYLIGHT,DRY,IMPROPER TURNING/NO SIGNAL,2.0,41.0,2.0,2.0
0693a76b8669eaddbd46b2edf70deed7e4b22c4932cb56bce8f130ff4b7152ff8e7983cb0130ecbc42cf6dc91e3d0f44cf0dcc704ed50800c64f33e469c76778,CLEAR,DAYLIGHT,DRY,WEATHER,2.0,21.0,1.0,1.0
0693c3f632723b5a077a742b6e1726eabbf89e719673b6a5dbd5f8651cc90115d964abd37ba75d95ddc6c2d02879f8994d48dfd6b73f55d55fbd401ae6338858,CLEAR,"DARKNESS, LIGHTED ROAD",DRY,FOLLOWING TOO CLOSELY,2.0,37.5,1.0,1.0
0693ddd29c904ed0db17ded8539ab33a2e9e6516afb7692ad5d83d2b81a150847682a4db0ccde6ea692b495d85d8b960484e65d9b27bb63f49eec8d8c3fa6505,CLEAR,DAYLIGHT,DRY,FAILING TO REDUCE SPEED TO AVOID CRASH,2.0,47.0,2.0,2.0
0693e8e8a226438e3233d276162cb7b79244f47a12f6d26f531a5a9358aa86aa307dee7b03cccc36f6c5ff2697228030ef87ad488753cdac4ed31e49df21a2c0,CLEAR,"DARKNESS, LIGHTED ROAD",DRY,IMPROPER OVERTAKING/PASSING,2.0,26.0,2.0,2.0
0693ea48261005e103d404cbb5bd7c1c68d1c5c15496730eb2884c99ce2eff13a15081a2f23aa77bb0396323ef377d7fd956522eab346194f851d550327df09e,CLEAR,DAYLIGHT,DRY,FOLLOWING TOO CLOSELY,2.0,44.0,2.0,2.0
0693ee7f65a3165d4ba7c2164fa062d38c4db23f532bdeb15d45f3d847d675e6e58eb96b2a196ff47843dc5132616fcdd3ea37dd1a5d521589997e18cdb57edb,CLEAR,DAYLIGHT,DRY,IMPROPER LANE USAGE,2.0,25.0,2.0,2.0
069427728c66a663f890bc81548cd0084729b77c355ad1c9ffeefadc93741dcda680316f0cb9e665e4f13a9d85a4003b277937f263a8ed7b95b43f64922a1525,CLEAR,"DARKNESS, LIGHTED ROAD",DRY,DRIVING SKILLS/KNOWLEDGE/EXPERIENCE,2.0,27.0,3.0,3.0
0694290ef5be038937d568cdd186405f6a2c071ea8e066dca1d2937ac59cd017eb454e7bc185cc829c6c347b747b2e5b72bed87ae2bcfc8fae7bd0f2fe2ea942,CLOUDY/OVERCAST,DAYLIGHT,WET,DISREGARDING TRAFFIC SIGNALS,2.0,50.0,4.0,4.0
06943639f3f58c90f52694cf830be62fe2962a34719b4fa63d1e06312b0553979217352a03baa5cf299a88070ff690185c0b41503234954cc0688752694b491c,CLEAR,DAYLIGHT,DRY,FAILING TO YIELD RIGHT-OF-WAY,2.0,59.0,2.0,2.0
06943bf817f4e6eb2503325e43c82f51a6e5e911296133d52141cd5103fd95698b05d542cf08bba9e9fe811676186b7105801b0f7b84477fe1c8fd0dc2f19f8c,CLEAR,DAYLIGHT,DRY,FAILING TO YIELD RIGHT-OF-WAY,2.0,36.5,2.0,2.0
06948f01cef64b2e7ac63c155e6b0265cc5bb716140bb53b0c4f9c2e5067982c6a7d1ee02266dbac7ef418aab97685f652d53f318689b991791d56e8e19ee965,CLEAR,DAYLIGHT,DRY,IMPROPER BACKING,2.0,29.0,2.0,2.0
0694969e4727711e8773afbd2d1dfac2edf5dd04754074abacb1465332da5f8a7622b87fcb90261565f48b60888b865e5f8c0fbe113d63e2493b285b30a6f7e8,CLEAR,DAYLIGHT,DRY,FAILING TO REDUCE SPEED TO AVOID CRASH,2.0,59.0,3.0,3.0
06949f68503079295b968727df18a7402cdce065194a12cd25b65bc556e9a01ecffdc3428a812cc9bb1b8155eafb681afbd76cda808e9f6d3d966085d678ba77,CLEAR,DAYLIGHT,DRY,FAILING TO YIELD RIGHT-OF-WAY,1.0,44.5,2.0,2.0
0694e4e9a7b33a2058a10d44d77f27d09177a9aabe4c9eaa282af4fe6a8ff51a5a5d75b02c066becc3dc796e4866f8bc92782980b178caf88b92b159819d28ef,CLEAR,"DARKNESS, LIGHTED ROAD",DRY,DISREGARDING TRAFFIC SIGNALS,2.0,27.25,6.0,6.0
06954bd8e7794c23dbdf362f4e7202cd3b921705f2402624b082d16fa4ab4bf8f70e48e204b6147ddafbfe5162ff10e2810c5c4032f25e5cd0279dec10ef3faf,CLEAR,DAYLIGHT,DRY,FOLLOWING TOO CLOSELY,2.0,40.0,2.0,2.0
0695a5d593b95acd78ee9c67d6fa67177c324a4fc83315721785cfe8ce861452b6038bc481dfb72d33fa9f55c3af31e3286aa89b9150a1df6e3629bd257800bf,CLEAR,DAYLIGHT,DRY,FOLLOWING TOO CLOSELY,2.0,23.0,2.0,2.0
0695d393c51701f97c485351dfeba1e961cfb70e39eff81d0f34110022d51985186639e21de3fa7bce7cda94f54a61efdd5ca0dad6f5da34cd611b08688c1125,CLEAR,DAYLIGHT,DRY,IMPROPER TURNING/NO SIGNAL,2.0,42.666666666666664,3.0,3.0
0695ec8773b239c5367e27c016be1e500130a6dac8f0270d4a2ec37d50019d6a1d4991de8e80eeccc37d68ccd2a28e53b334f6541141ac5c192d53695e8725af,CLEAR,DAYLIGHT,DRY,FOLLOWING TOO CLOSELY,2.0,24.0,2.0,2.0
0695fffb5978fc6adf72e42d73c8593331431ef742b35a95cc8df27efebc90c630ef38332f1ce365687dd88b5d776de387b2af975190925a15bc30b46eea6a20,CLEAR,"DARKNESS, LIGHTED ROAD",DRY,FAILING TO YIELD RIGHT-OF-WAY,2.0,38.0,2.0,2.0
06960a8aa4486939d16a9ca760e2bf372d0b0cb4f183ee81312f1cac06e0d7c1529178b119b62f7914a571cd214a072d7c94b3b16a74b58c40e5f882aa39d491,CLOUDY/OVERCAST,DAYLIGHT,DRY,DISREGARDING TRAFFIC SIGNALS,2.0,50.0,4.0,4.0
06960d9b3476425db30d7a70b2412277e4c1ea1f8ce3831796de14da9dc6b1b42a23649327a32e260dea05034f95aee989f4ca472a89f1db69668ab2fb8b5165,CLEAR,DAYLIGHT,DRY,IMPROPER LANE USAGE,2.0,24.6,5.0,5.0
06962367d1183f38479f5f9b8b107add0a4a48473c3c1181143fd1149d44833f2c493b9d3aae630c9bef99a0359f9eb302ae16137dc86cb3c23a1fbb729f051c,CLEAR,"DARKNESS, LIGHTED ROAD",DRY,"OPERATING VEHICLE IN ERRATIC, RECKLESS, CARELESS, NEGLIGENT OR AGGRESSIVE MANNER",3.0,37.5,1.0,1.0
06965ab9a91c85901018514dd4e71b6d3b0d4ad56c82fe3ec74fecb9fd7fac08ae2911acc2a77b7c397e3a904f59de77ca056485b9d93084bdd0fff85d018a78,CLEAR,"DARKNESS, LIGHTED ROAD",DRY,FAILING TO REDUCE SPEED TO AVOID CRASH,2.0,25.0,4.0,4.0
0696776adae6bd2574863a5ef398aee2bf6c4129e863f87a3691336af4af1bbcae6d0971d1ed25edc9bbb207176357a625adc7649fdde3ab0eb74cb390ea681f,CLEAR,DAYLIGHT,DRY,FAILING TO YIELD RIGHT-OF-WAY,2.0,36.0,2.0,2.0
0696a421d8c2827edc4db7e3357c421cc710cd8f1416b706c65d1007f090d83b9dfa6192c95718ee4b14de9ab3a677afab386faa8d3631ac14106cf1ec4f2ad8,CLEAR,DAYLIGHT,DRY,FOLLOWING TOO CLOSELY,2.0,50.0,2.0,2.0
0696cab27afa1c7b48b2cc322daf4f39d0f37f6590ee61d8f4d34a34f3ec19790c9e4e0c9a162b5996bad6576d501c63c8745354963fa16b88af61c131dcf836,CLEAR,DAYLIGHT,DRY,FAILING TO YIELD RIGHT-OF-WAY,2.0,50.333333333333336,3.0,3.0
0696d8969be89e896e69445b83565af87029a962b31b9b7c13a665020b168511da1e5fa316e2cf278342f1589e80c29d964d1c7dd48ebfcb25814e3e73bbfb69,CLEAR,DAYLIGHT,DRY,FAILING TO YIELD RIGHT-OF-WAY,2.0,66.0,4.0,4.0
06970f863ca952332f694f40a08403992af3904f20bc3d28cd83d45ba3daa8f4d0687ba2d69392eef277490a0fbae6c79a87be69fb44026cd5f9595327ae81df,CLOUDY/OVERCAST,DAYLIGHT,DRY,FAILING TO YIELD RIGHT-OF-WAY,2.0,39.0,3.0,3.0
06972626a6973750b834d2f475106fa22d16a61ff4cf5e4f3d4a5e48b38859ce70c564655b5459223226a01333d37d102e9a939809df14edafc95dcdbd10594d,CLEAR,DAYLIGHT,ICE,FOLLOWING TOO CLOSELY,2.0,44.5,2.0,2.0
06972f25e812c1287f65c4fcc9a6ebe498b20c91aaed52f45be5d2aeb052478cef35cd36a42ca111b59503bdb8c5b44786ecad729ed66eb87a051d67ab356a6f,CLEAR,DAYLIGHT,DRY,FAILING TO REDUCE SPEED TO AVOID CRASH,3.0,29.666666666666668,6.0,6.0
06973c59f1392f2fc6edbf764ca1375a2139696b1c8d0b65ae5fbed0ff4339542d0624fac0f64e4e036bd2c2b2ba8730f0bd19e27bacf53e6dd4bde657890a14,CLEAR,"DARKNESS, LIGHTED ROAD",WET,FAILING TO REDUCE SPEED TO AVOID CRASH,2.0,23.0,2.0,2.0
06979ef851fc0e5788315f27513c47fdbb69466a9bfe296a25534cf2edaa027db20766e0a7f7bf4e0e392be9c0f0a3a6b33e8f59b30615ed7eb7e6c1161b2530,CLEAR,DAYLIGHT,DRY,FAILING TO YIELD RIGHT-OF-WAY,2.0,51.0,2.0,2.0
0697cda87428c5143126797632fd4577a4fec3a61711dfe11885748c2eb23ecfc40fe4d75f3a2a567ed7f4092d4eda29fb7a941016c35527c77b96f788e29f1c,UNKNOWN,UNKNOWN,UNKNOWN,DRIVING SKILLS/KNOWLEDGE/EXPERIENCE,2.0,37.5,1.0,1.0
0697f014b3e4f69665c4a10d82a179f406a7b4802a2915f2bc58b52cd02b5b34a93b8079330acec87f4f6a4e7de6378c776dd95758caec284693abee88ca662b,CLEAR,DAYLIGHT,DRY,UNDER THE INFLUENCE OF ALCOHOL/DRUGS (USE WHEN ARREST IS EFFECTED),2.0,41.5,2.0,2.0
0697fb353e31ca4eddd837f032892bcd544c732bcbb16a4acfabda37b5e6c45111b40a71d1d12287b5b27ea5892aab76bf2862fadbfa519c0ad856ad5d3dec2a,CLEAR,DAYLIGHT,DRY,FAILING TO REDUCE SPEED TO AVOID CRASH,2.0,25.0,3.0,3.0
0697fe832b095d824415210c7135e930d38b5f82786b15d259c6cff51713f50c544d53ef859c387d6dde351cfdd94e04f74ef5ba1538fc729907aa91a612e5bd,CLEAR,"DARKNESS, LIGHTED ROAD",DRY,FAILING TO YIELD RIGHT-OF-WAY,2.0,47.5,2.0,2.0
06980592d4590ed1690cf09e29b867a11d2b34ef1a6efe84daeaf60aa1ebe503e5ac8e261c87e8b0804e9fa1e54242b158752d51fc22c2f44a8652ce5f7f1f72,CLOUDY/OVERCAST,DAYLIGHT,DRY,FOLLOWING TOO CLOSELY,2.0,29.0,2.0,2.0
06981b8f56ffec37b8e1562e651c75ba5cd904c9f474dde17956a0f53d6e5ed76ca272ec55d0abd82424e3406d17d9fcd43b26eb8d30cc8e50a6568951b762dd,CLEAR,DAYLIGHT,DRY,FOLLOWING TOO CLOSELY,2.0,62.0,2.0,2.0
06983d86f8469e0c96027f445a10cd53b8e401233ec9f3f7e3f99026b511f5fd2994b112cb0f2cbe7d55be5e3a96e0e6f0496468d3e94ceac77dc4ce24d4353d,CLEAR,DAYLIGHT,DRY,FAILING TO YIELD RIGHT-OF-WAY,2.0,46.5,2.0,2.0
069841c1783b6dcd646c8d32975897d0a9d6d6e868bbc1e8ad0255091f6d5ef71cc6c01ef8698b1dfff8994b0b70534fac53dc17fe63985d2cb1361c5106bda8,CLEAR,DAYLIGHT,DRY,FOLLOWING TOO CLOSELY,2.0,46.5,2.0,2.0
069862b640f70ffdb522133fb43132c8af0e490a59e4577b0dd002a97edcf72e47192e5cfdde23bc05fc950c14f4b6764b7fbac4df775530aed2346b4a025695,CLEAR,DAYLIGHT,DRY,FOLLOWING TOO CLOSELY,2.0,51.0,2.0,2.0
06986ef6b1ae24f5370804069594208124b1d119e0c66770cca8f649605b9b000175f989c7ac17b3243a33980dcfa0fdbb05eb10c8d1e3883624dd13062ab673,CLEAR,"DARKNESS, LIGHTED ROAD",DRY,IMPROPER LANE USAGE,2.0,37.0,2.0,2.0
0698703ff0429e0ab9f560d43227812ea6dcdb1e3221ecebc98fd1ab1caf1e19cb898fde631d0ef48e7a10796618224e26433a34ce044caac739834442104d64,RAIN,"DARKNESS, LIGHTED ROAD",WET,FOLLOWING TOO CLOSELY,2.0,25.0,2.0,2.0
06987ea0f7a7b98542e6ac153b8bad978e15f963836efbd46abf51e724f7d17a5814dca923985bfc316dd4f37f05eba2c627d4829a73a09b2cbdbb67ff4cfa35,CLEAR,DAYLIGHT,DRY,FOLLOWING TOO CLOSELY,2.0,72.0,2.0,2.0
0698b78b8c2a1eded7be9044f1f5d10ed1c4639ee0523d8e814a771dc4767bffd0d6d40f2812eb8b96a78e2b6c04a07e642d353d6c332b89df42f43871bdb42b,CLEAR,DAYLIGHT,DRY,IMPROPER TURNING/NO SIGNAL,2.0,58.0,2.0,2.0
0698d2fdc5c342c6537843703e254ffed337ca67f5e25c76f304699f794e2a3806a1381e71871a80d3c433ab844a579644a52740c1b0bdf8416c13a25d6e5d84,CLEAR,DAYLIGHT,DRY,IMPROPER OVERTAKING/PASSING,2.0,20.5,3.0,3.0
0698d46b1a4d86cc84db2e1b5614a92fa6deb6ea149a295d40e43164ed46f8be6ef2ec3b2ea73a474fbb221da677484f068f7376cdf1df7461ff3f46cae2242e,CLEAR,"DARKNESS, LIGHTED ROAD",DRY,FAILING TO REDUCE SPEED TO AVOID CRASH,2.0,19.0,3.0,3.0
0698d5f27e83930be118e993bb81ee1c966f7a7d42e8222b8ff3519c6e33351f1ee625cc615bd8d562889f44074ab2b5de272d5114f8f45753c0b5931e8ffaa1,CLEAR,DAYLIGHT,DRY,FAILING TO REDUCE SPEED TO AVOID CRASH,2.0,19.666666666666668,3.0,3.0
0699299ae10db183186e1f43481044df21067c45ef811fcfa4ddffcc4f2dc06bb3146dbe7aff29fb3ae0733f2a267024ba8bced4e7154bad276135845ac6b27e,CLEAR,"DARKNESS, LIGHTED ROAD",DRY,DISTRACTION - FROM INSIDE VEHICLE,2.0,34.333333333333336,3.0,3.0
06996059478fd50eddfeada6bc5216b6e614dd50019aac7163f20186976dd6175e7a751a19ab7e8ca63735c95d6d04b1ccd9c6e4228c0f1ea81d14c313f47304,CLEAR,DAYLIGHT,DRY,IMPROPER BACKING,2.0,37.5,1.0,1.0