crash_record_id,weather_condition,lighting_condition,roadway_surface_cond,prim_contributory_cause,total_vehicles,avg_driver_age,total_people,total_injured
0699746f097cad191d79c4df848908e18c0ffff41b5361d8b200461869ec50d3bf57ab70635f120498c771c75c36e3d5653c369a23386d4fb07ce9c89902f2dd,CLEAR,DAYLIGHT,DRY,DISREGARDING TRAFFIC SIGNALS,4.0,27.0,4.0,4.0
0699c852c5149c52a7ba0a830b167eabb74a1715bc59290d39bf989724b8100bb5c5b05925f036abfef3606d6cf8e21413390eaf6da31e3c294eb63ed581ff3b,CLEAR,DAYLIGHT,DRY,FAILING TO REDUCE SPEED TO AVOID CRASH,2.0,48.5,2.0,2.0
069a042a28328590f654884827065e87d6c3f2609caf1ef534410bc99b023ebd16e5f6f2c8aa18e0ce245810045f6fea6c5cdbad541d98587a41e03f837b4df1,CLEAR,DAYLIGHT,UNKNOWN,IMPROPER OVERTAKING/PASSING,2.0,34.0,2.0,2.0
069a4f55876da6d1fa94362bacc3fbf82b86405a9e26dee0d5568d779e2f6259bbe4147feae82f713caec427ea0b00171b8fdcd753464fe6fb647e6a038f6b75,CLEAR,"DARKNESS, LIGHTED ROAD",DRY,FAILING TO YIELD RIGHT-OF-WAY,2.0,21.75,4.0,4.0
069a5ce13098309ab82760614f1c4e0a1e5de3423144163bfd25da1fa54cdc358ad4ad576b354bfc8af2158c541850232f78e0d705e5a60da03d535962c1bf5b,CLEAR,DAYLIGHT,DRY,FOLLOWING TOO CLOSELY,2.0,32.0,2.0,2.0
069a98b16cd4cb2085674026d5b27db8d6bb584128ea8488f39cac4cbddbbbf5cd9e776847fa03845de4d0d3560a999b5220c32bc312ea7cda741b14629bbdf0,CLEAR,"DARKNESS, LIGHTED ROAD",DRY,FAILING TO REDUCE SPEED TO AVOID CRASH,1.0,19.0,2.0,2.0
069ae217667d9a48794e92c117180a18bc725240326dd630c9a95dbc52ff031b5b32ae99bbc28ceed2ffae7829b3c197f264086cf9fdbcf1ec3c0b386c4b4b1f,CLEAR,DAYLIGHT,DRY,DRIVING SKILLS/KNOWLEDGE/EXPERIENCE,2.0,37.5,1.0,1.0
069af36fc13c920f90f34e94f53d1b7976d5feb13ce2640e6301d96ab6be9ffbf0da9fc9275d6aa36ab30addd315d43fc3c3d137d5c0266508fd16912c0b1c9a,CLEAR,DAYLIGHT,DRY,EXCEEDING AUTHORIZED SPEED LIMIT,2.0,21.0,3.0,3.0
069b4ad2be483750aac9b2d1da4b586457a9e74bb5e91dd75b582f07db2a62b76fd970135b0560adc03a14b6a2f6047aacefbd5d7e27541c334c01f0b661b61f,CLEAR,"DARKNESS, LIGHTED ROAD",DRY,DRIVING SKILLS/KNOWLEDGE/EXPERIENCE,4.0,21.0,2.0,2.0
069b59e755e0566404dbcce29cb078fa0b5886119a6e8c229090618630a74d4285bf0fbe38c25a89d8e3b823353a198ceb1cce7de877cc253560f1bcf87ce26e,CLEAR,DAYLIGHT,DRY,IMPROPER OVERTAKING/PASSING,2.0,57.0,2.0,2.0
069b93560501c53ec12fa3cec532cd801c36160c08ebd45250ef8616abcd07036e277b1e5ea0557a5af46119f42b97f562d23b35c47cb223e1308a495c9d3eec,CLEAR,"DARKNESS, LIGHTED ROAD",DRY,IMPROPER BACKING,1.0,37.5,1.0,1.0
069ba16a095fb6b36463e7ef2aeb0b967c4fcbfed6283c80abdda91ffd66b5ed90428a8a160cf227532df1207fa03083166cf009b37ee1c4cd538885cf008845,CLEAR,DAYLIGHT,UNKNOWN,FAILING TO REDUCE SPEED TO AVOID CRASH,1.0,37.5,1.0,1.0
069bbeb3b22662df90e52cedb0b6f619a1ffcc239bd1a17c6d7e82da8e196f6485b19fcb2f0bb4591281701d0264ebd8e7d365561dbf17ef6043e64b4da143c7,CLEAR,DAYLIGHT,DRY,IMPROPER BACKING,1.0,48.0,1.0,1.0
069bcfc321e5b26a4bbad64661f0d15e1d44b02e5898af0ada5c596d3070a4732bbbaef0a4d74a6c5841c69f879070058e5c0b7c513e6ffb8113002ca16d7b23,CLEAR,"DARKNESS, LIGHTED ROAD",DRY,IMPROPER LANE USAGE,2.0,57.5,2.0,2.0
069bf934f21e75cea0ba07238421c189bb65f9e09fcf21bb6d68c8f14a479089e3499405dfebd059e082cb471e0d5148f981cc57d1211e94df2edf89aa1b8333,CLOUDY/OVERCAST,DAYLIGHT,UNKNOWN,IMPROPER TURNING/NO SIGNAL,2.0,39.0,1.0,1.0
069bfe89ef3eab7779fffae918b9cb3e84fa2b8d0bfe218fa65d72d03a5c8d9d39be39b03a269a321262e5bce2da53ad6c36fd87b3dda37777fb7b967b4d0adc,CLEAR,DAYLIGHT,DRY,FAILING TO REDUCE SPEED TO AVOID CRASH,2.0,27.125,8.0,8.0
069c3ca2b1d1b380e00f2f29de85ab24423594731402ef5cac0c69487c74cb01b844ac646dc73b5fa156c6f7edc1abf74bc55ea04ba2aa4766ba5fc04c50ae68,CLEAR,DAYLIGHT,DRY,DRIVING SKILLS/KNOWLEDGE/EXPERIENCE,2.0,44.0,2.0,2.0
069c62aeecd6e81285224345da0ce3cec7c41675ea8733876592b01afcee21c7e9afed5e3d69fe94efe9b5be94aa16b5cd674f6e766041aa10d1e2f8bf38ca9c,CLEAR,DAYLIGHT,DRY,EQUIPMENT - VEHICLE CONDITION,2.0,52.0,2.0,2.0
069cb748a948e4b2d3610cbbe21af40b4a5ba539293816333a63c4cc463f8682dd54294e9fb558b1cefca795aa5805771fd06bff8b53ef5c3e9405ea3d0e96e7,CLEAR,DARKNESS,DRY,DISREGARDING STOP SIGN,2.0,41.0,2.0,2.0
069cda836341e41c845a1c6eb7da5e67c52ab865bf6bd76c3a0ad34c813c4847d576ea81122531ab413a5d750c6a9e8dce89ed64b1928795b57b33755c5536d6,SNOW,"DARKNESS, LIGHTED ROAD",WET,WEATHER,1.0,18.0,2.0,2.0
069ce4accbc255d6796e28dbe8daffec08f69d11e48f147903fa5e2a34d3045b0ca449c3a8cd8d0bd89741681338a1240d404d809fe18308d820812d4edd62fe,UNKNOWN,UNKNOWN,UNKNOWN,FAILING TO YIELD RIGHT-OF-WAY,2.0,37.5,1.0,1.0
069cf83d75f62f5b2d87dc28193a1c1a1846b4040753404a83c389b7a683f348d8351cf47510bcee43f3692cb7da5af9e24173aa071656b0750be213d8309174,CLEAR,DAYLIGHT,DRY,FOLLOWING TOO CLOSELY,2.0,29.333333333333332,3.0,3.0
069d030f62401f595fcd8165681f80b917991b8247335e6e1760946fbe8afaebaf07e2dc165c03aeae9245891ce92ee0ab38111c43b3084fb41d2432c1cb71f2,SNOW,DAYLIGHT,SNOW OR SLUSH,FOLLOWING TOO CLOSELY,2.0,34.0,2.0,2.0
069d0eed7d24a8c4bb4b99d8ed0468649164da0b899b2b75db5066818fa388967536d7f9575696f7f0b0a094aa0c9c3a22d70ce818340374976c9d01b413b73d,CLEAR,DAYLIGHT,DRY,FAILING TO YIELD RIGHT-OF-WAY,2.0,56.0,4.0,4.0
069d59dc2edb7e0ed5b82f1481068c6b7b8d34de6d3090f2f211cf119a5ae0151f8d1d55cafa308e97a3fc38774fe03e43a5efb98d60fab4e15a44f8a1f74fd0,RAIN,DAYLIGHT,WET,FAILING TO YIELD RIGHT-OF-WAY,2.0,43.5,2.0,2.0
069da78910f78704a8ac8d807897a6a4489f5a5cb91ac0258c41a7fd2d229fd8d4b6f18e092851475a822977ee325f1ee2a973f2f1f40a835724a6d0c1ce20c4,CLEAR,DAYLIGHT,WET,IMPROPER BACKING,2.0,37.5,2.0,2.0
069dc7430b647d2d95eae73eae258883b908446e06202873d491688571369a98c98b61f440754d0e4ec4996d1127c70b96db5e82bf97f54b67c18fe207b5c42b,CLEAR,DAYLIGHT,DRY,IMPROPER BACKING,2.0,55.0,1.0,1.0
069dc7912efeba1ab66ad0d1fe3a3e3206f7c120b25868513fcaed36b5c426ede8e3f37697029847e6e6739a8c46069cbd36ee5d8d5052c1f76c4db644ed6fcc,CLEAR,DAYLIGHT,DRY,FAILING TO YIELD RIGHT-OF-WAY,2.0,41.333333333333336,4.0,4.0
069df2fb61aa77d5a8c5d1e3be9457f90eec5c073a175b53e66c892c45bddbbabc0106309920f6d8e38bdb4507b50e8b2626479e3c2e28d060cbe1dec8448141,FREEZING RAIN/DRIZZLE,DAYLIGHT,WET,FAILING TO YIELD RIGHT-OF-WAY,2.0,55.5,2.0,2.0
069df38e473259bad08d40c2cc2004bcd78b8589a7b6c8d89bdc859ec6d4f606ee8c1b536df6af9d747a58e30994969fe0ed49a67b26e0781928c2c611f864c8,CLEAR,DAYLIGHT,DRY,FAILING TO YIELD RIGHT-OF-WAY,2.0,35.666666666666664,3.0,3.0
069dfb333a4e2b984013d733b997e4d03831feb701c14304376a1945664f5ea44afb0458a8e677c3e98105e1cb8ba5fe649343bdddf4dd2c03484a974b158b95,RAIN,DAYLIGHT,WET,IMPROPER LANE USAGE,2.0,44.0,2.0,2.0
069e356e290769d64e76c0683ad2c6dd485475fc8e53d6e1cf7fb07322f289e6a0ff05fdc451ade8ff75ef834a8f3dc0f669029b147567e8b4841a004aa7bf4f,CLEAR,DAYLIGHT,DRY,IMPROPER OVERTAKING/PASSING,1.0,37.5,1.0,1.0
069e4f71bf9de623239300b42e5ac0041b52d364d3df3c4a167164c4a5790681b04389df1aa2f56ded33f914e8463969cb3fbd716eb95a55edefd4f1e20a83b5,CLEAR,DAYLIGHT,DRY,FAILING TO REDUCE SPEED TO AVOID CRASH,2.0,35.0,2.0,2.0
069e6fb859f1d4ccaf5e9d0f2011fac38aef233a428117a35a0c0f3deb4a5061599fd5043a8c4073daac034886f7778d16c8e6f0223133efb453770828b56420,CLEAR,"DARKNESS, LIGHTED ROAD",DRY,CELL PHONE USE OTHER THAN TEXTING,3.0,41.0,1.0,1.0
069e84a1c99337a608c5bedd4839b11a784a4b9178ea3fabb7ba9009e49496ff09eccfc76b7e130c3b717f0fd4c351888b8f835e6de84cd12748781d6124a0dc,CLEAR,"DARKNESS, LIGHTED ROAD",DRY,DISREGARDING TRAFFIC SIGNALS,3.0,25.0,4.0,4.0
069e85d451854de09bdcf859846809170bb2a4cf7fe0f4d14f1ac66bca858719aac54d05948c1de75aff1afbce9694e51a24addc2f2696bddf492aa9a9e6d5ae,CLEAR,DAYLIGHT,DRY,FAILING TO YIELD RIGHT-OF-WAY,2.0,31.0,3.0,3.0
069e8e1747bc45b6f8894232307d3cfdbd0f0fa893c24183e6e546a6291411e3e9554477eb2fe110e44ef30f76f973c0c1f4d016ff4ba21fad5051c72eaa421a,CLEAR,DAYLIGHT,DRY,FAILING TO YIELD RIGHT-OF-WAY,2.0,43.0,2.0,2.0
069e9ed1d3ac27ef1dcce091dc6ae3b89c156ac956c2d19bf87c66f67df38a2a670e6d7f4ceca764e0696f88b715eeb6b03397289ee3e891d333afcad41ea101,SNOW,DARKNESS,SNOW OR SLUSH,DRIVING SKILLS/KNOWLEDGE/EXPERIENCE,2.0,37.5,1.0,1.0
069eb3517de8da785109acfc3cf3a2e35031c0ca0a0f72a1f494ef91c179ac5215f869a1e2463c5ebd371164132d046b4de07ac903d518a4cd98dd3376ab5c81,CLEAR,DAYLIGHT,OTHER,FOLLOWING TOO CLOSELY,2.0,62.0,2.0,2.0
069ec66308b81c353ed2a403313bf04c29e3d3dff2b6bbf9f2ee07997edfbff47a216c46450b7a2f38ce0b1d73248aede2fe2db6ef69e9da812a501efa8330dd,CLEAR,DAWN,DRY,IMPROPER OVERTAKING/PASSING,2.0,42.0,2.0,2.0
069edea04df8837b88515f2cce5c09e6d072d731574b708c08bcbd3e13b7c3cc329d92ed8d4138aa7f9f18862d0f0d62f17b9858c4beb4e9540ad02543bc710c,CLEAR,DAYLIGHT,DRY,FAILING TO YIELD RIGHT-OF-WAY,2.0,60.0,3.0,3.0
069ef8b3c819cc9480fb73a2cc7d367a982dc2dea00d73b31b392981711e70a75b0c90126b855517ad6a50b31c2455722c5e4256dbaaca1e60c0403a143c925d,RAIN,DAYLIGHT,WET,IMPROPER TURNING/NO SIGNAL,2.0,23.5,2.0,2.0
069f31621362581df6ceef3bd353799b04766ae7283ff1a6cb672107bd45f4d54d7e7ac8bab73ec8dd23f9beecbd5cbba4c9afffea42bb96025d996301b7318f,RAIN,DAWN,WET,DISREGARDING TRAFFIC SIGNALS,2.0,37.5,3.0,3.0
069f798a13740da5975f44bf0983b4316ba4df5208e1808897b721943bbb7cc5c4fe3db161e5bf97471bad592288b08e667023f4830fac44b0b127f0fc9ebe42,CLEAR,DAYLIGHT,DRY,IMPROPER BACKING,2.0,42.0,3.0,3.0
069f8bbe130944fcf7efd032a68218e9ee1f6b97e4d954809b028c14ad562409e5c1cd99d75ca8f0e62e5797a650037362e511a6442e1ad8bbbb5e5b169d8f71,RAIN,DUSK,WET,IMPROPER OVERTAKING/PASSING,2.0,33.0,2.0,2.0
069fd901052608b8dbb2cd0e6b2b6b5b15bb2c6c8b4cd751f3aa0d355ae1fc09c5a8c2ca60b0c1310de4e024a4bfae06a76a63999551daa93dfc83e8b093e0ce,CLEAR,DAYLIGHT,DRY,IMPROPER BACKING,2.0,42.0,3.0,3.0
069ff1bf3b1f52083530b14adf4e1ff33723a5802036b28ef601faa9343752dcc6a12e8390e878656d6848bbbe7d893fbe262c2156e832a5f165e2a76befd738,CLOUDY/OVERCAST,"DARKNESS, LIGHTED ROAD",DRY,FOLLOWING TOO CLOSELY,2.0,45.0,2.0,2.0
069ff2b75400a34c4d756b8ddb6055f3f4843fc303f0ca2b4f820ca7e75da888b23a56ec0513ac6ce51ff3d6069f717f681876a0d69b47c975db953b4e5b3e40,CLEAR,DAYLIGHT,DRY,FOLLOWING TOO CLOSELY,2.0,50.0,3.0,3.0
06a010e75198c8ec08166b8678e86df1a2175af57e76df95cee4d7cf24ac21a1c7a04dcc6a0a9bbeee2d9310825f3fe1291f905196943f9d3d55a52bd8eee35a,CLEAR,DARKNESS,UNKNOWN,IMPROPER TURNING/NO SIGNAL,2.0,33.0,2.0,2.0
06a01610f9d74c5b7b65136248bb48c2f0fb1059d23436e62e0687514e21772a55e28f1f9a086113b58102ee56ea6c8463c2702bb32df8d37cf5de9c14fce3ad,UNKNOWN,DAYLIGHT,UNKNOWN,IMPROPER BACKING,1.0,37.0,1.0,1.0
06a01e0b03f50eca52ef5a961ddc49cf9e1587dc56edac3eacf73f16c4201452d08bbb3d50e145b753ec9ba968b4d2d0af0acf8efb91ba77715d1831384d612f,CLEAR,DAYLIGHT,DRY,FAILING TO YIELD RIGHT-OF-WAY,2.0,37.5,2.0,2.0
06a03783a462ca75fb3326508eb6569161c7e02c1e227bd51d4258c3ed3a7ec2b98226d4dd28508cb7dfe0591cd365c2b2a1008032e509bb1dfc4e4b36f7af57,CLEAR,"DARKNESS, LIGHTED ROAD",DRY,IMPROPER TURNING/NO SIGNAL,2.0,28.0,2.0,2.0
06a0b40771853c736d8034a99b3926dcf89fd978e488aaae2ca4c378b2ea98072a7950114920888a33a335d8c314a1d79b8e4b024c509f134394735a522e4d1b,CLEAR,DAYLIGHT,DRY,IMPROPER LANE USAGE,2.0,31.75,4.0,4.0
06a0b9216ae45a2c9683420f4b9477bdd915e6089239e8256ae8a3ff7f4e392919b5b086a0d9ef5bdae2c55d16eabed526162e0915ebc3970b22b61579946868,RAIN,DAYLIGHT,WET,"EVASIVE ACTION DUE TO ANIMAL, OBJECT, NONMOTORIST",2.0,27.0,4.0,4.0
06a0ceeb6e0a802a256a9afcf7ebd4e17516cddcf5d27328ac9a5a94966a904f6a150b87c8b472f5411c9be5a5e229c19340a5ef3dfc986f5448f728e8f35e19,CLEAR,DAYLIGHT,DRY,FAILING TO YIELD RIGHT-OF-WAY,1.0,15.0,2.0,2.0
06a0e55ac153038222a1d70b089b263b2620ac312dba7fff7b9c4eba04820a6ed2d329dd109c72dfdf54bb4a5f2adec5a304927a9f3dd08e5c06ec8b54e31d64,CLEAR,DAYLIGHT,DRY,IMPROPER LANE USAGE,2.0,34.0,2.0,2.0
06a15db53822e2189b291271faa5a0cd61993a54d48023e68c578ede3cab9cbeb9a8bd8b652797d52e7b2d0f0321b65a53a79e7b2b83c0b142509a653cb25686,CLEAR,DARKNESS,DRY,FAILING TO YIELD RIGHT-OF-WAY,1.0,46.5,2.0,2.0
06a162742b778d5a2865453bd36c2ec170794bd15ce0ffa555ec5fc67fc291104f8ce4d816aec66f6c2913e467a6c01fee19f7cca3075768a21f196bc057636b,CLEAR,DAYLIGHT,DRY,"VISION OBSCURED (SIGNS, TREE LIMBS, BUILDINGS, ETC.)",1.0,33.666666666666664,3.0,3.0
06a18b1fe19b770545483a0ff93970ecefd31e651817d0b7e83fdac4dc03cdf59861580a34ae3a1044a6d8131178b863ae00e6a9fe557dd4c5d76b864eb582ca,CLOUDY/OVERCAST,DAYLIGHT,DRY,FOLLOWING TOO CLOSELY,2.0,29.25,4.0,4.0
06a1a05e03f21c66be99cb57d0b0718d1fcff4e07c27661d54328e426e39fd029cfd942aa89745c078945084da5c23137a7a07fe38ccfaa7844a00f3bd97f0ce,CLEAR,"DARKNESS, LIGHTED ROAD",DRY,DRIVING SKILLS/KNOWLEDGE/EXPERIENCE,2.0,33.25,5.0,5.0
06a1eabecdee5798e10920222b6c20ca49c3e6e1384da955b67eb3da596e7248fd9fcfabd27589704ccfc6a78416b954779479bcbc127c26fa9d33e0d7d715ed,CLEAR,DAYLIGHT,DRY,IMPROPER OVERTAKING/PASSING,2.0,61.0,2.0,2.0
06a253b4b042f705185e1d81ca939377091c2b2bd4efca9ec85f316cfc23b69655d596d8569fc72891caaee94fec7c6295fd005cc268343c300c96afcbdfaecb,CLEAR,DARKNESS,DRY,IMPROPER TURNING/NO SIGNAL,2.0,48.0,2.0,2.0
06a262aceb60be54d1695591642ffb8bdc3347285477bfca776fb997f11a0891afe55e513486fdefe539633ccf1efa88ca35242b65767896d5e1370a012e0c34,CLEAR,DAYLIGHT,DRY,FAILING TO YIELD RIGHT-OF-WAY,2.0,67.0,2.0,2.0
06a2667468b23ef83d2d33983e3794dd8cd706df8776955482125c4397ed08e0ea0793696060e1dfbedfa53d7a74b8a769308019236634c5b2d65ff30d638e46,CLEAR,DAYLIGHT,DRY,FOLLOWING TOO CLOSELY,2.0,37.333333333333336,4.0,4.0
06a281ef4ba1a817f3471ffef06d1ccab2117f00523903e55a8cd7cc8113e321a3512ba1b470db8a8537f16d797eb563eb72f75a3a3ce71e0385104c3ad991f2,CLEAR,DAYLIGHT,DRY,FAILING TO REDUCE SPEED TO AVOID CRASH,2.0,36.333333333333336,4.0,4.0
06a296180cb0c04184b805562962de345f43019ec0a50f091d0f4902bf6985a2b411c905bf684e1173dcfc0021c3cbe458a0cb03a8d0688dcc6652c593328e21,CLEAR,"DARKNESS, LIGHTED ROAD",DRY,IMPROPER OVERTAKING/PASSING,2.0,61.5,3.0,3.0
06a2d0fc891b77c71d8f8aaae0c3a075f6637bd7211fbab592ac917a20894125678392a76fd2a4c65f8c8ecf95f58e46672ead4899664ce925895aaf4f0c936b,UNKNOWN,DAYLIGHT,UNKNOWN,FAILING TO REDUCE SPEED TO AVOID CRASH,2.0,37.5,1.0,1.0
06a2d2ccfaab395f8c382115d6bba6984ca11c5a8b7e06b56663164c43613e736e26a0bc23c521dd1d8d993cc35468f03031ec63a3600c45cb7787d248b1fce2,CLEAR,DAYLIGHT,DRY,IMPROPER OVERTAKING/PASSING,1.0,48.0,2.0,2.0
06a3dbe02b8cacd227159e961761c208d912c341a80a4e7412bc48b787d76650771a4a028ef81ce68dfbfeaeade28832beac50ce58675ac632bf9db2e6707956,CLEAR,"DARKNESS, LIGHTED ROAD",DRY,FAILING TO YIELD RIGHT-OF-WAY,2.0,41.5,2.0,2.0
06a3df6985cf1d4ca85620ee33a5ec3b7f973c350fe75a567d680fdb55f7b9d44ccb89a7e96e958e7c2d2e0e74510842d88b961075083139ad4ab3c2f6018404,CLEAR,"DARKNESS, LIGHTED ROAD",DRY,DRIVING ON WRONG SIDE/WRONG WAY,2.0,50.5,3.0,3.0
06a3fb9c35545f0a0b7b21546b3724b1277b89649620382f6dc2d855be292cbecc11e83b4c42a1d47fe289c39b88addc0b75e5c5342f7ccdca0485f495ad8b0d,CLEAR,DAYLIGHT,DRY,FAILING TO YIELD RIGHT-OF-WAY,2.0,64.0,1.0,1.0
06a40a6ca93ad2a074eef43a7646d223ece85d63512bbadf42ee84b8f198db3de9402a905d2e1f6a426880a0b5c46dbb5c1bc42795539e2d3a3f6c830335e53a,CLEAR,DAYLIGHT,DRY,FOLLOWING TOO CLOSELY,2.0,43.5,2.0,2.0
06a40d781c5dba2dd7376fd3f821c677bcf2c6f71278fe68f8e6e144cc19b85d51d6b60cba3ae2395d899580034dd35b52c8cffa6d5e238d10b7f6e31c6a3b0b,CLEAR,DAYLIGHT,DRY,FAILING TO YIELD RIGHT-OF-WAY,2.0,40.0,4.0,4.0
06a40ecf0c831b03e351552820c28b755359cdf3f09a9ade9b93ca1cebe56f0551be2cef886693394d0f2a55d3bd41d71cc09e8f62e84a51a621ed41d5a669c1,CLEAR,DAYLIGHT,DRY,DISTRACTION - FROM INSIDE VEHICLE,2.0,39.5,2.0,2.0
06a41e65ed0af70fa3625158e0e7d27787900dbe40cb8d7d1a28e8d2030990cf180248aa834141a271c2f820b24064b19d3a08a49769cbf05b48cd8031b072ca,CLEAR,DAYLIGHT,DRY,DISREGARDING STOP SIGN,2.0,31.0,3.0,3.0
06a42e32bcad3424b9ad6cb14a48c9a36443f8b10a938357b9942867b92f7183a194458fd7a804861013e05b13b0b2a8c36cb14f712d98134aa5b10fb770b466,CLEAR,DAYLIGHT,DRY,DISREGARDING TRAFFIC SIGNALS,2.0,15.0,3.0,3.0
06a45980907d6e6ffe6b8725fd3f82800a43275b1d172a8c0e60d6acd3dc989de6889894093ee2d998085b9d816efe3ef52fe1d9d74b79709279d057667b0d34,CLEAR,DAYLIGHT,DRY,FOLLOWING TOO CLOSELY,2.0,45.0,2.0,2.0
06a465763c0401965e0c49ec70a0ea85dc3ccbd5682218250a777f78268681fa08c0606becfddecb2d24bbfbe6b8eaa26a2d5b11ea152ecc25301125167daa21,CLEAR,"DARKNESS, LIGHTED ROAD",DRY,IMPROPER BACKING,2.0,28.0,4.0,4.0
06a47dc3aede48ee71827aa5da017c1f40ccf7e2b0b8d2a2e74b573b3fd72053d7f4c4e7aa05342f9ed99382ebb338d91d28776662ef82ae5ab3dbdb1e512451,CLEAR,DAYLIGHT,DRY,FAILING TO REDUCE SPEED TO AVOID CRASH,3.0,37.5,2.0,2.0
06a482a57f9b51f5e8fa6549d11963c5156ef029e400de9c91972883e15812004aa3c2b647d86dc27d832b9c5cd1714c6b702db65332743ff336f074d7767655,CLEAR,DAYLIGHT,DRY,FAILING TO YIELD RIGHT-OF-WAY,2.0,28.0,2.0,2.0
06a48e8d690892b877a1255027789c31e4c0116c9bde504b24554fde0ed33055896594287806cf38614f4cd817be939382a55a1a2a90ebff6120746a5165645f,CLEAR,DAYLIGHT,DRY,FAILING TO YIELD RIGHT-OF-WAY,1.0,41.0,2.0,2.0
06a49533b54dcbad15d277c69169b1bfbe33ff512cd55458d54f7c7a2e4ae6741a56a4ae082d781af5eccc1e96f1c7226c9188dd08636b0d2f87908ec6e0bade,CLEAR,DAYLIGHT,DRY,FAILING TO YIELD RIGHT-OF-WAY,2.0,16.0,5.0,5.0
06a49566a0f10101c369010446129a8b8ec828b990f273299325dfdb663a57a6791e914743df863a8871b2e1b3225315804fd0fbb990b5fe5b09ae50484d8982,CLEAR,DUSK,DRY,IMPROPER BACKING,2.0,37.5,1.0,1.0
06a49ede53f57c353c46d43d5477345b7921b5f536a89b8f3411a89ef534664a895c8f20e2aab9b105432d5fcad4cb4aa1e22328b395cc0e96f4bd78a99d08eb,RAIN,DAYLIGHT,WET,IMPROPER TURNING/NO SIGNAL,2.0,34.5,2.0,2.0
06a4c1d2ab6b27c2b2eed2564d8933fb1f3f85668af613848328a2c11d829ef5f33b225f7e14e365e562e91488c2de5bd8d53bc47720326ebd5adb9693181a9f,CLEAR,DARKNESS,DRY,DISTRACTION - FROM INSIDE VEHICLE,2.0,69.0,1.0,1.0
06a4de8461edd621618d536d0054a9a3fc03855ea529324abc206a52a4b5c809222990e5418af02e9c1889dcac9046410077284d03481fe249f1d92df7137eca,CLEAR,DAYLIGHT,DRY,FAILING TO YIELD RIGHT-OF-WAY,2.0,41.0,2.0,2.0
06a4fb533827b30e4e88c3f681232da7ed5c91f1e32137d5b83feb5132402fa63b33aca4c6675cdc5494f813e9ab497419ca11dc22d32efa67c364b8d5333520,CLEAR,DAYLIGHT,UNKNOWN,FAILING TO REDUCE SPEED TO AVOID CRASH,1.0,37.5,2.0,2.0
06a51d62fc987eb2dda88496ff9fab0f618caf0ce10f329d28861f31e46ab0c6297a1a4011d4636b332fdb6b950607672b5584cf06e059d87242c098a5f2a3bb,CLEAR,DAYLIGHT,DRY,FAILING TO YIELD RIGHT-OF-WAY,2.0,38.0,3.0,3.0
06a52de62b57e4f0e0bee0c3304741ad88ed877d71c58e828424cdd18f63869b8f6e3efeca0c3dca4b8dc4b213338887aa275e66d2ef0fef479ca7e7bee4a9d2,CLEAR,DAYLIGHT,DRY,DISREGARDING OTHER TRAFFIC SIGNS,1.0,37.0,1.0,1.0
06a560e3519b8ec31ca987be919cc016dacc899adad8d5b1d57aaf7bd0873c8c97be30090771cf6f524b8326bc7a06bfa1b73b03a0c8869692d3a15335560044,CLEAR,DAYLIGHT,DRY,FAILING TO YIELD RIGHT-OF-WAY,2.0,51.333333333333336,3.0,3.0
06a5ce78ba8bb56d50a4fd210c29a3d84e1313503b0f616565949daee2ddd1bcdb20c226da72b9bdf50dcf532cd45c42bbce43ef4020e5cafb65648c68dff229,CLEAR,DAYLIGHT,DRY,DRIVING SKILLS/KNOWLEDGE/EXPERIENCE,2.0,37.5,1.0,1.0
06a5e51efdda7762c3bc992938999d91f2ada8ffb7799e84a4618cb1b25104e4b4de85918bf3b53e5c6d6f139942face052d642ce4956400e74988ecfa446d46,UNKNOWN,UNKNOWN,UNKNOWN,FOLLOWING TOO CLOSELY,2.0,44.0,2.0,2.0
06a5fd6489890a5f5a0086defb8d2c661b82db10447192e595b275b06272d7d5d42df767fa1d9125500a37ceece305bc9ddcca391b3d0f337530766c38105f1a,CLEAR,"DARKNESS, LIGHTED ROAD",DRY,FOLLOWING TOO CLOSELY,2.0,48.0,2.0,2.0
06a634b1afa329f9b183c47c155e29c8b35bbe54cd6687c1eff989ef594ae0e98d5d58125a053eb85af6b56ce8c8974207f21a989528e5f1a55691f451fba7a4,CLEAR,DAYLIGHT,DRY,FOLLOWING TOO CLOSELY,2.0,37.5,2.0,2.0
06a653c0ac84c52e46074d964fd75ad2c6f872165225ab62e25669f6846d17e8d57bacbba409ea5e8d07c985f571f56779b787dcb01cf8a6406d82ba6365e091,RAIN,DAYLIGHT,WET,FAILING TO YIELD RIGHT-OF-WAY,2.0,52.0,2.0,2.0
06a65e8d8b9b3cd2a7042748ce461639abf78aaf82f218997260077436c1c844d4d100c4d049bfa3545224a886da9496dfe1376905c111139ed0e3c7b31e3841,CLEAR,DAYLIGHT,UNKNOWN,IMPROPER OVERTAKING/PASSING,2.0,44.0,2.0,2.0
06a6800ba89978c65319167db101c63ab8c17808a7bddfaae24ef8261b8df61503dfa1fc18edf2d584c8f5f19de94bebc888df402155202fc36697b4eda7bb82,SNOW,DAYLIGHT,SNOW OR SLUSH,WEATHER,2.0,41.5,2.0,2.0
06a684b66453908c24df439ab5ef9c1c417c33ad5c69ed49afcbaa8c1aaf076d8420456974cf992857feba8b064557608bc2c8b50daee02116168b665c4137c0,CLEAR,DAYLIGHT,DRY,FAILING TO YIELD RIGHT-OF-WAY,2.0,29.0,2.0,2.0