crash_record_id,weather_condition,lighting_condition,roadway_surface_cond,prim_contributory_cause,total_vehicles,avg_driver_age,total_people,total_injured
06a71b594fac5d5c82baadbb1c41c55e84059add6ba78561bdebe155ae684354029df26b5812b2640e476983654f7754676759a6d3eb772862387fe82a699233,CLEAR,DAYLIGHT,DRY,IMPROPER OVERTAKING/PASSING,2.0,44.0,4.0,4.0
06a72efee112bfd6a623fd9cc4c0ff4f1cac5a248133507ed8afee10aeffd52f2f94d841f5fa35496cf37872916dab5667ad42956152bcbf807901192067a185,CLEAR,"DARKNESS, LIGHTED ROAD",WET,FAILING TO REDUCE SPEED TO AVOID CRASH,2.0,44.0,2.0,2.0
06a747f9976e658d81772ae7884167b538443817d6fa90113fc6cd95a91cb59ad31cb2a89a0fc0cb29aeb7ca97c7021435eb7d283023ddd2598474993c98ef01,CLEAR,DAWN,DRY,DISREGARDING STOP SIGN,2.0,59.25,4.0,4.0
06a767215f52726fdc51742431c282fe9068329f40f2508bdc0a767a7e4c46205afa8e18ceac741d3c42ee63987e0a168f7d85b243e1dc498773358c8d9b1dad,CLEAR,"DARKNESS, LIGHTED ROAD",DRY,FOLLOWING TOO CLOSELY,2.0,45.333333333333336,3.0,3.0
06a7721a9bec1d0a7c89f420fe09d64c7553f4193d0d6e7a3132c6e4127a3ce3e89c4969c7491d18330d5094c19f71814072f0d914c8a9d75d9930c92a808a4e,CLEAR,"DARKNESS, LIGHTED ROAD",DRY,FAILING TO REDUCE SPEED TO AVOID CRASH,2.0,37.5,1.0,1.0
06a7b3fd12824e33a1e60c1e153da14eff3b4fdcf2974b6f23e8631a9596d068047992f400052b5eee4d80bcdc3814a68fe683cf0e9482340616d1534dffa1de,RAIN,DAYLIGHT,WET,FAILING TO YIELD RIGHT-OF-WAY,1.0,37.0,2.0,2.0
06a7cfa0e9216348787c2152992cb1a26ab84fa77475f2363099908894e114a255f5559dbe8d543265cdb883f04386afe4045886cb588e5e3d0e9243d4b4e436,CLEAR,DAYLIGHT,DRY,DISREGARDING TRAFFIC SIGNALS,2.0,58.5,2.0,2.0
06a82c7204872ec3def3e9c055df29d1d4246b73ec10614a5a4592e395fb12443ff6671be834ce5cf824d01053cfa07ad028d07cfb1a4b6e4d1b105b91586745,CLEAR,DAYLIGHT,DRY,IMPROPER OVERTAKING/PASSING,2.0,28.666666666666668,3.0,3.0
06a86bf1483f7a69c1638138d3169b16d258c936d3a4486034456c8f6dfc5a3a3419cecc3cf6f76d04ed3b65d023c13a2b6e7671e381d6ded38b8c1c95e47d5f,CLEAR,DAYLIGHT,DRY,IMPROPER LANE USAGE,2.0,47.0,2.0,2.0
06a88a906dfa09e2e6fc9cd9713f4be74afe273a067384d4fb235ce6241fdc178251ee44bbaf11c9b16e271f6796e39284ca2a7e1123a18627e027756d988ed3,CLOUDY/OVERCAST,DAWN,WET,FOLLOWING TOO CLOSELY,2.0,44.5,2.0,2.0
06a8a5b8e1477abc605f90a6222ca958dc21ae75e27efbceaa51f6a24a5e7ab02af221e5012c4e8436751d372c9122f4aa26b8937f6336f548144beb49803656,CLEAR,DAYLIGHT,DRY,FAILING TO REDUCE SPEED TO AVOID CRASH,2.0,57.5,2.0,2.0
06a8b33769a0cc1f7b7c662f4dcdc819f708ce55c050125d235805010ce1874fb65dcb92ec9e69b2342124aa7e7deee8c97f76eaaaad6e5745908d0fcbb115f2,CLEAR,DAYLIGHT,DRY,FAILING TO YIELD RIGHT-OF-WAY,2.0,22.5,2.0,2.0
06a8cfbe4312bae4b446fe9d729d3f265184b2f08653440af87cfaa486193c4616a631b39f13d58d0395c5290163d34f9c79cb5c53c7a72af5833d17d296d8ca,CLEAR,"DARKNESS, LIGHTED ROAD",DRY,EQUIPMENT - VEHICLE CONDITION,1.0,31.0,2.0,2.0
06a8ed9457e8a072aa6770c43eff8596974cb0fac17ad5817d73ca2eeb4a88219f1a9b235f2731af4d7bf48461ca7fdbcef1822bfdceed311cd602062fb7f56a,SNOW,DAYLIGHT,WET,WEATHER,2.0,22.833333333333332,6.0,6.0
06a8f8e8518c4055663d4700dc96c2da0b26f02fb73ffc58d4f916ac8ac89e37763ef9d88e26d185bbc4c9d6f474f061a5e59293ffb3c9b7180c26a6cbeb3904,CLEAR,DAYLIGHT,DRY,FOLLOWING TOO CLOSELY,2.0,68.5,4.0,4.0
06a9f3864160bfe54427ab86f64c7aa83195e7ab79e02c91c247b3b4a2d403db8bc3ee969d814e9903ad5898fbe02c010ffd60ede82cc684e50998c5dff9c4b9,CLEAR,DAYLIGHT,DRY,FOLLOWING TOO CLOSELY,2.0,46.0,2.0,2.0
06aa422848eb9dd4c1049a535db3b400702d8e00e7021af404a1628bc49c425b424a2f35eb967e0a78c7f2d542dc0e3f48329aa60fb3b8129d3b5416ddd78e7c,CLEAR,DAYLIGHT,DRY,IMPROPER BACKING,2.0,37.5,1.0,1.0
06aa439dfa1009a57987a5a245808f2e4de61311488bcf3588a570f4b23a4616f14809663d9224c5115b6e11dd66c4a649972c0e06bc54fdcafb88695e971fa5,CLEAR,DAYLIGHT,DRY,DISREGARDING TRAFFIC SIGNALS,3.0,45.0,3.0,3.0
06aa56077be3f1069fd33293e5a85569a839d74d3ddffd126375d0f31c53c9b1162258e98652f676e7b87eb8ed94789980892f7ffa17dcd351e69feac19b8a8b,CLEAR,"DARKNESS, LIGHTED ROAD",DRY,IMPROPER TURNING/NO SIGNAL,2.0,42.333333333333336,3.0,3.0
06aa71c0b50a74e169cdb6b9e02ad62e749d6b6fa7c056520704e7b96e5d391ccf9ffca71e5081d608d95831f0250c3aff005ad03d452460084623a0a314a165,CLEAR,"DARKNESS, LIGHTED ROAD",DRY,FOLLOWING TOO CLOSELY,2.0,47.666666666666664,3.0,3.0
06aa78dfdf981b1a050983bcd1e93ac6eadfc5086bbe112f7cc7c566f0285453c2b98351b960173fd64e4d36b50d716581bf3298413ff0319d20f3b4482b0b94,CLEAR,DAYLIGHT,DRY,DISTRACTION - FROM INSIDE VEHICLE,2.0,37.5,2.0,2.0
06aa9d8bf9abdbc4d01c1f04969a383f5eb176ec80a1e4d484ef7256e7005f41087a63eacbacb23a9082bd74a47604b3ea55842f70ac6bdb5bb676051faed16f,CLEAR,DAWN,DRY,IMPROPER OVERTAKING/PASSING,2.0,28.8,5.0,5.0
06aaabb710ca0205ec0ecc187d62a1eef70622f802698f49fdeab52e411d296fa3b3e295c6c6ef7bf474e8d19f0de09c9eddece11617b75f7e1a3f934c3ee14a,CLEAR,"DARKNESS, LIGHTED ROAD",DRY,DISREGARDING TRAFFIC SIGNALS,2.0,24.25,4.0,4.0
06aab6a135c40af09be30305a1fa52dcc68f20ef36a931c561aaf9a2c847daea83659d63c6ff4bff595d773bba99e732d37817e34f4768b8be00aa3d208e4d5f,CLEAR,DAYLIGHT,DRY,DISREGARDING TRAFFIC SIGNALS,2.0,45.0,3.0,3.0
06ab06c7badaac95b7bdb82907040e0dcd2b63fcfbc628eada4b477deb0ed86df4f08f5b55d6e3e46c53e8d30fb7657ec6d448c1d79e2957f42978b969890b5a,RAIN,DAYLIGHT,WET,IMPROPER OVERTAKING/PASSING,2.0,28.5,2.0,2.0
06ab1a414c660b2d87ec0faa9eeaa836ab4b09c95fe2de3ad33503d17691dd4bfac82546d50a6c12ccfef047f95644448d6aeade69c4b915234c2290cfac51e4,CLEAR,DAYLIGHT,DRY,IMPROPER BACKING,2.0,41.5,2.0,2.0
06ab52bf80dedfe40b76d28b2d8e303f9f31c3d3f8f67be98f0e8595b986d8a9325ef5f2c84f4e59183df1c750094b50a6915ca45f90eecf204fdea5f162936a,RAIN,DAYLIGHT,WET,WEATHER,2.0,34.0,1.0,1.0
06ab57a75069aba1850579aefab47910793554052d0e08657bb07bd4fd8fa12a6ca9d7ade9cc69505c0192566527d0222f2cd25a122b736ea018db6f84dabae6,CLEAR,DARKNESS,DRY,FOLLOWING TOO CLOSELY,2.0,23.5,4.0,4.0
06ab6b77d36cf49249947732ae5228bcb11e049868f01d709e15d06d7ecab5dc444f3935ad514f9c1903fce8b94652375633afd167eb6f91d3c9470e5d5c3e95,RAIN,DAYLIGHT,WET,FAILING TO YIELD RIGHT-OF-WAY,2.0,49.0,2.0,2.0
06ab71008ea6cad5a724a63b6f785703426a43800a61c903d6d75faff3e8c4e28c99cf38c86e4b9f73de4fdd41a83e13d794a4ce60998e87ad881663a3dc8fd4,CLEAR,DUSK,DRY,IMPROPER BACKING,2.0,32.0,4.0,4.0
06ab924534f9000cf7d2100525128a17d63c63eb290f5aaae13a65a35dee9ab0fc360dddc71a0bd3ebf9097a7c9b6019e2f269a7800ee8bbeae42916213d327d,CLEAR,DAYLIGHT,SNOW OR SLUSH,IMPROPER LANE USAGE,3.0,47.0,3.0,3.0
06aba0ece6ec404e358879bb19606990bd232ee9ad75de5a43906d6d3603cfdd53243e135c2b00cdb87d37c8b2e4ad45c89847d538f508a4ca0049970b74140f,RAIN,DAYLIGHT,WET,WEATHER,1.0,0.0,1.0,1.0
06aba9c57c6538cfcc59bedaf24f46a74e5003b7f241da6843408d4fffc0c776ed93002ba6b3c3d9fa80b78a2d44868fb0b6d89eac30160155f5f7772cf5110f,CLEAR,DAYLIGHT,DRY,IMPROPER TURNING/NO SIGNAL,1.0,47.0,3.0,3.0
06abcee8001461700674b2177f0247cfd179e3cff68b95719a611818bf8dc8e1592f3bd5671bc2276352f18a438223373014a243995b86cdf249c99b29ca89ef,CLEAR,DAYLIGHT,DRY,IMPROPER OVERTAKING/PASSING,2.0,37.5,1.0,1.0
06ac29b512cb9051d9cf5eb35da8a36b2c6897fdff559a457a7a4ee16c2f55d2948b3dc15c7829e10d3cf805281071267ac1e3f1f302708cce356ce69471c649,CLEAR,DAYLIGHT,DRY,IMPROPER OVERTAKING/PASSING,2.0,29.666666666666668,3.0,3.0
06ac4d265ebb3f05e184723562d5d2316619721325d738ca3d4b231777343e39bfc782f3293ebc0e7cfc75cebc4c5c8c602d461c4b8859da519e7a8ed9407303,CLEAR,"DARKNESS, LIGHTED ROAD",DRY,FOLLOWING TOO CLOSELY,2.0,48.5,2.0,2.0
06ac69c08728f1cfd1f8683d414e9e38a3dd3be078cf60d11e19b9ce027eb5b73b03b6d9d5e8d7e3271b7f00a9f77ac9d497f0fe4304f0b3194a5be5843f0cda,CLEAR,DAYLIGHT,DRY,DRIVING SKILLS/KNOWLEDGE/EXPERIENCE,2.0,63.5,2.0,2.0
06ac92506e12366b0861bbe537644d14cd6bd7eb662ca4f7ed7a89cb059812da7a6be3143e48a8b3584bf96cb35d496a5565095e27cfa3e889c75fd49a0b7ae8,RAIN,DAYLIGHT,WET,FAILING TO YIELD RIGHT-OF-WAY,2.0,45.333333333333336,3.0,3.0
06ac944118b3b50c68961d628e2df402656e3f361ed161304e21a2d72c0f131172d2c7bf1c52efd74fcf5c94a9244ecb92109cc4beb39ff8b411f2a2e6d52340,CLEAR,DAYLIGHT,DRY,FAILING TO YIELD RIGHT-OF-WAY,2.0,63.0,3.0,3.0
06ac94fd5f271c9b06283b6fd5957203424e226c0f312541fadf1566c2ba7b287377c3c75ff1407a7d3d07780f58683df4d1c3085e2f8f630d4cf489c43d43bd,RAIN,DAYLIGHT,WET,WEATHER,2.0,23.0,3.0,3.0
06aca19c12059c2e577c93e46cdba733dbdff68ee45413229ccff898ca07e6490156220bab143e7021124c18009c9ce042c3d85a29a0b24fa579374ed7127a1f,CLEAR,DAYLIGHT,DRY,DRIVING SKILLS/KNOWLEDGE/EXPERIENCE,2.0,48.0,4.0,4.0
06acadbbd70e123d0b16d70d458efadcb672369ee527c720a3d0250161613350f65c1bf242af92ae09582fc4d7cd6aa7d9c1086f2cd878b08e9a1d520f88de67,CLEAR,"DARKNESS, LIGHTED ROAD",DRY,UNDER THE INFLUENCE OF ALCOHOL/DRUGS (USE WHEN ARREST IS EFFECTED),2.0,30.5,2.0,2.0
06acc07fb584db49ce6060ff5d8b66ae77f9049a806ae44a7ef7766d7e232acb3709b7e0646d457730cf513392474ff88554082a4161898a6c8000dc4e7cdd75,CLEAR,DAYLIGHT,DRY,FOLLOWING TOO CLOSELY,2.0,28.333333333333332,3.0,3.0
06ace5689bedc7409cde85d5d506c73a531c13b663788e4bde637628c895f6b523066510ece223e80f38c622506a22bd584b354b4fcdb89bf388f9af29d0e7fc,CLEAR,DAYLIGHT,DRY,FOLLOWING TOO CLOSELY,2.0,59.5,3.0,3.0
06aced46091ca351dd140d051ef9323c0a1c19d387313e6be41eff38828b459c56cd2aa0bd1eaa7fc16f9f2413d73f48d6958ea0e1bd143eeb9b5a3edcbf0b14,CLEAR,"DARKNESS, LIGHTED ROAD",DRY,IMPROPER BACKING,1.0,44.0,1.0,1.0
06ad27b0041a68726043e3050dd8044c8a259b3b22426bee593908988cd72d41494ec0d4deef80ccfa05d00deae13a4a5edb5ad668c004e6e4ba4a1574638ad2,RAIN,DAYLIGHT,WET,FOLLOWING TOO CLOSELY,3.0,35.25,4.0,4.0
06ad2cf745ce16688f1fa48c7735529e05834cc0ee531f538ceb0c2c6bb42fa5a8779436aefcde27fcd065050cc591bd1938f5d262cdea615e30b33056ca6f10,CLEAR,DAWN,DRY,FOLLOWING TOO CLOSELY,2.0,33.5,2.0,2.0
06ad2d1cbd07603661984e4dfb14f70ce427dd400cdbf52230a0ef471a130d31ab015deff55ceeca003f1c5977ea8ad36ffed5cbcfa9a2079d8b47ee21ba8ad3,CLEAR,"DARKNESS, LIGHTED ROAD",DRY,IMPROPER OVERTAKING/PASSING,2.0,37.5,2.0,2.0
06ad3d591bd91d1373c842ea03fbc1ffbb198280f627cb375673397fa5e6a2d45f4eaeef99ce5a1c1e5f0dda2aae11d78ab101b808208741451e15d7819a9e0c,CLEAR,DAYLIGHT,DRY,DISREGARDING TRAFFIC SIGNALS,2.0,24.333333333333332,4.0,4.0
06ad3db48f4fe9943500ccfb37aa63bcd355d1b0969ca8080b9e9cbb39c955b2bf398de691cbe929b8058a0bd6eb17a9d250ee0a7f02d51a120c1b7576c0000d,CLOUDY/OVERCAST,DAYLIGHT,WET,DISREGARDING TRAFFIC SIGNALS,3.0,51.666666666666664,5.0,5.0
06ad4529936d08c2057e5f5cc4e0ff37ef3b96fcb41ed9d6cc9c897a3c85d303b9c12653a0fb3bff2640418d03218d5c49577e92f559cc926918acc876899049,CLEAR,DAYLIGHT,DRY,FAILING TO YIELD RIGHT-OF-WAY,2.0,41.5,2.0,2.0
06ad4d17261470528ef64e0c79ed00a166e8aedde0dacbe2a3f5cee2f3aa80d776998872d06e46f0ee45cdc657dbfc633508ad745a36a2121b6f0d0a5e8c3324,CLEAR,DAYLIGHT,DRY,FAILING TO REDUCE SPEED TO AVOID CRASH,2.0,39.333333333333336,3.0,3.0
06ad64af38d7364456103be9942953ffcd8d11f88884a8067522ab04c0f99f2b723da60220347f9667feb40ff3d24d942a29d389e07152b9bade0bed41dd85af,CLEAR,DAYLIGHT,DRY,FOLLOWING TOO CLOSELY,2.0,33.5,2.0,2.0
06ad8791105e52c1c5d634be67fd78ee698b06df07b84d3d3750c3dabf6261df9e414b68491d80e5007f5dd2d8d70610c31a85b8d13b79f65ce1af80ba98b811,CLEAR,DAYLIGHT,DRY,FAILING TO YIELD RIGHT-OF-WAY,2.0,53.5,2.0,2.0
06add5c3a377549e0c19a2f538982e8eff380165ae63c4f0b0bf8b9267988544a152d26ac1e00b05e605b53f1b860f7c9f232d4f8d3c069a39f3394ef4405553,CLEAR,DAYLIGHT,DRY,IMPROPER BACKING,2.0,34.0,1.0,1.0
06adf257ce912bba16c6195dd1daa48ee49acf768a711220f7d328fea5e874c1dce64b5b9d20195cd386532fa3a4b37f1dc0acbfe3f6aebbdd0e6735a95bc752,CLEAR,"DARKNESS, LIGHTED ROAD",DRY,DISREGARDING TRAFFIC SIGNALS,2.0,38.0,3.0,3.0
06adf33bd579a1ded03cf1efa5d5fe6030412eea2733634600055119474a405eca952aebe3537718fbd71693750dd22d592cddd7443a7c93df7de13d7552e779,RAIN,DAYLIGHT,WET,IMPROPER OVERTAKING/PASSING,2.0,26.0,2.0,2.0
06ae1d64b89b3ef1d5f71f3da84867df63db89165bcd3702dc50b0ffc8f3abad3b50b5cf0c4d5b2e7ebab8559b8d547566e8228037d19cf5402d6e4ba62ca9c9,RAIN,DAYLIGHT,WET,IMPROPER OVERTAKING/PASSING,2.0,48.5,2.0,2.0
06ae3d7f252b3265512899a24ecea31e6fabbf99d0ff791b2627b4f099749788b4fb02e78a77664abcf5ff1a511949d0bc1c4cc4f34de1fdc85ba3ba756b726e,CLEAR,DAYLIGHT,DRY,IMPROPER LANE USAGE,2.0,47.0,2.0,2.0
06ae47b9f3a964ae241047ce506f69d87158155d2795c1d30cd894b84e7f36ee73017107d235298731fa2e63e7ce15b0a32e9943998d25bbfa56241d866c2e57,CLEAR,DAYLIGHT,DRY,UNDER THE INFLUENCE OF ALCOHOL/DRUGS (USE WHEN ARREST IS EFFECTED),2.0,31.75,4.0,4.0
06ae49fd5f8092804e1024b735af8de55518e035043c5ed901ad21345860a7cae458f827ecbca3b6fb26c144f6e4fca9e938eb2b4565cc146d6e36f19dd65ea2,CLEAR,"DARKNESS, LIGHTED ROAD",DRY,IMPROPER BACKING,2.0,37.5,1.0,1.0
06ae5f4b5f48732b46d3d2741d7dcaa8a2d086694d4728558314247aef89d7bd30bfb0ec108801ce380947f3123451b382ef644d8f9e3de9a30e6dda3daac392,CLEAR,DUSK,DRY,DRIVING SKILLS/KNOWLEDGE/EXPERIENCE,2.0,73.0,1.0,1.0
06ae803dfecfd8bf3ffcac5fa581c11ece6395c200745d571f80b88a5cadb2af4085e66c4084aeed38a7ac0f81a5a7fabc5b66fd4a31a33bcdd868c3dccc2836,CLEAR,"DARKNESS, LIGHTED ROAD",DRY,IMPROPER BACKING,2.0,34.0,2.0,2.0
06ae8ba619cddb4927b2d0ea0d08a4e0d932a0ddbbfb83a2a94892324588b7e625aff37ca7ca81dfc66ae0922a2bb318151c7cccc36cc98e9a1e7ca1f75dcb4b,CLEAR,DAYLIGHT,WET,EXCEEDING SAFE SPEED FOR CONDITIONS,2.0,27.5,2.0,2.0
06ae9b727a19d3188c44e9c08c266a3b5f817698dd641eb18d0b2857993966fb281646bb83ec61d9fc181aa15d5e2e12f0f7e3f969a86ec2b697f7dc341e8756,CLEAR,DAYLIGHT,DRY,FOLLOWING TOO CLOSELY,2.0,41.0,2.0,2.0
06aea475dc9221744f2e1d138302b72fffa4f4264f0880aa077d742cd5c50d5dbd638fbed0acd55801e33d44ec84a30fe29608a701e94b24a34c049bdb154da2,CLEAR,DAYLIGHT,DRY,IMPROPER OVERTAKING/PASSING,2.0,58.5,2.0,2.0
06aeb11fac545f567971ed7a476e5399ebf748155195bb0fc106ff61ff7f521743a60575477c37145788c9724148e54f365c8d3742274db189b75d5d55165857,SNOW,DAYLIGHT,SNOW OR SLUSH,FAILING TO REDUCE SPEED TO AVOID CRASH,2.0,35.0,3.0,3.0
06aebb8659fe31677649cbd18fafeb1e6498d9468e7f5d9bbdef4c91040a3b91545cde839ebfad91998689dc14d71865f69b1a7da03cf79ab0e687f9d3936ec6,RAIN,DAYLIGHT,WET,IMPROPER LANE USAGE,2.0,73.0,2.0,2.0
06aed25f55307f8eb2916d632dd4f3a5c8fb38dabddb0073b6bda844031dc1d9ccba8eb900610242fbba9aca70e7fc53e4ba94faa499382ada73245fc5d749c7,CLEAR,DAYLIGHT,DRY,FOLLOWING TOO CLOSELY,2.0,66.5,2.0,2.0
06aede9f2ff713b6620b7f30fefff09fc4ee4ba2d36997313e0f984901497f127f5693892908ed070c2ea02024e85bab2e93ad3e232b579def02066d7b3abbdb,CLEAR,DAYLIGHT,DRY,DRIVING SKILLS/KNOWLEDGE/EXPERIENCE,2.0,33.0,2.0,2.0
06aef42b03b88571485921d9358c407c93af8ed45da5375d28ea9b59ef3fcc89294d73357451ced4d07ca4721ce5cf19bd531e5d9f50ae8527eb737814b0771e,CLEAR,DAYLIGHT,DRY,DISTRACTION - FROM OUTSIDE VEHICLE,1.0,39.0,2.0,2.0
06aef650c16ce96ef5e63496c650da3cf2a63b424ee189a048ac2406f6ab5417135544b388ccce29285aa595ad17b45dd65f11f02f861f568611beb5466c66ea,CLEAR,"DARKNESS, LIGHTED ROAD",DRY,EXCEEDING AUTHORIZED SPEED LIMIT,2.0,19.0,5.0,5.0
06af25fcc6345f80503c0ad3e968f6c1255a2e4934c4abe146d69d550efb519b54a5cc904fd67c5a60d5358862c0444ad3a37ebd265c66b412145a17dfee4f82,CLEAR,"DARKNESS, LIGHTED ROAD",DRY,IMPROPER LANE USAGE,2.0,10.0,3.0,3.0
06af2a3b7f835d42c91b605eb6574f3be8f6ca65024fefb1e342d88c6d16dd64dab592cd40e2f1bdec9ab8216051d23a86c1076b031c1faddcb3df97af139843,RAIN,DAYLIGHT,WET,EXCEEDING SAFE SPEED FOR CONDITIONS,2.0,38.0,2.0,2.0
06af2d2ab9b170e4fdc066dcdb2b6946569865348ba1fe8540c07fe3bddc24e52fa5059effe2383044f4068104550b9ce76dd45d5e101affd2ca9439b4db7e9d,CLEAR,DAYLIGHT,WET,FOLLOWING TOO CLOSELY,2.0,39.75,4.0,4.0
06af2f31d1aba65d5bd7d3e30301a0210feb68b7bd1ae94f1b7a0208c3f277876e4e33fa9103ceeeb939ca80e8e2c95c5e8a8570c3ef3653f1fd7cce60fb87d0,CLEAR,DAYLIGHT,DRY,RELATED TO BUS STOP,1.0,26.0,2.0,2.0
06af832b9c698018541a25a45b1801cb6cc64326d462b67c5a6b043e11640bd7b833c07f63ca85d58ced742bd501dffbcee5a37a2ecc62179a793b0c5ef001b1,CLEAR,DAYLIGHT,DRY,FOLLOWING TOO CLOSELY,2.0,28.5,2.0,2.0
06afcf28ecfa97d02c78e3b93d87d9f2f89a4fb6bc6099f1f054cbf525235cc88c996e3b9f609bfa2c5b94349ea7e4be9b6207beaa21a98c0f938d5a3dc0c50a,CLEAR,DARKNESS,DRY,FOLLOWING TOO CLOSELY,2.0,33.666666666666664,3.0,3.0
06afd5d71fe27dcffcfdcb53ad05fc1afd922ababe1c2b509eae1e1befa77e0cc396d16eac4e369a1ddeaf0c0df1f91b45e72f51e8eb13c33871d484586683a1,CLEAR,"DARKNESS, LIGHTED ROAD",DRY,FOLLOWING TOO CLOSELY,2.0,42.0,1.0,1.0
06afdc8de34a2674cd62a3b56a94323337d84097741b306b251ff9b3e835a094fcc3fe6756127f44f042da4971b499160578aef848ad28560bd941bd30d77dd3,CLEAR,DAYLIGHT,DRY,IMPROPER BACKING,2.0,41.5,3.0,3.0
06afdc8f22e215fa78f91e7e4cca45148af026003ce430dc0b43843c07c572e0c82f6599e34d973dc7dcd5b0a038cde4d75431de21b13df6d269ca9486056998,CLEAR,DAYLIGHT,DRY,FAILING TO YIELD RIGHT-OF-WAY,2.0,37.5,3.0,3.0
06aff81beaa107e64dd7d4a1e8639b9b529dcc7ed6c6828f49bd22f5cf184816f3ea56f574b8e4ecc05ee8c13237eaecce505a6668668f49d8fa544e1efebd6d,CLEAR,DAYLIGHT,DRY,IMPROPER TURNING/NO SIGNAL,2.0,33.5,2.0,2.0
06afffcad17738c5b7f57ee6f9f60eb7535aad775baf46fbc057fd345f4368270a3ec420c403df730a3f7d0bcb4e1ebcee5f000568407862b562899c27c3aedc,CLEAR,DUSK,DRY,IMPROPER OVERTAKING/PASSING,2.0,40.0,2.0,2.0
06b023035c58cdf7c6a259566221f6b4584853ca8f644c154ce04457a93bdc35effe119e5d3ca24b3468496e7958aeec96617233d81a2b2ad35fd232a3fcd7c7,CLEAR,DAYLIGHT,DRY,FAILING TO YIELD RIGHT-OF-WAY,2.0,75.0,2.0,2.0
06b031c935125405c560b893da594073d32b8d0751ae726a660bdb2a87076dd6da5edfb28478b4d3cdf88e617e80cd95908835179ec7d02921e8496f02a84e38,CLEAR,DAYLIGHT,DRY,FAILING TO YIELD RIGHT-OF-WAY,2.0,27.0,2.0,2.0
06b046baf7068011a6b824d0c12e655bff61826da8ad99ae32fb201da158b32f81e0ee0bf5e6c60ff2dba9b40e087fc6bc7568e2a0f595c1701dd5602464534a,CLEAR,DAYLIGHT,DRY,FOLLOWING TOO CLOSELY,2.0,40.0,2.0,2.0
06b04f42e7fce69488e8668361207f9ccf1c343ef7f826eb8ad731dc2d1ea930b0b7169b6edf40035942c398f58df66b1e60fda89d205cca9701f1242fe593a1,CLEAR,DAYLIGHT,DRY,FAILING TO REDUCE SPEED TO AVOID CRASH,2.0,20.8,5.0,5.0
06b0517542f0282438c3648e0fe529fafb0d82864af4af99c2af5d57d75583fa7efe6188b9752b91a65ec5f435820a9db37e874588cebd2b4099aa9c2463ea92,CLEAR,DAYLIGHT,DRY,FAILING TO REDUCE SPEED TO AVOID CRASH,3.0,23.0,1.0,1.0
06b0576078870e86d86978944c91c601c5dc6ecb99ebcf3996bcf351ba8ca14c93a844ab89a6850bfaa08bbed7e8df8e904d0d72464551957e4c77ae4dcf6113,CLEAR,DAYLIGHT,DRY,IMPROPER BACKING,2.0,37.5,1.0,1.0
06b059f03f509139a58b74fee84ce3b01526d369f1a94758ccf8bc16e743b2fb44c226c8edb6b26e334c9208b216363043223a71ad9be15b55a916c530fd2e2a,CLEAR,DAYLIGHT,DRY,"VISION OBSCURED (SIGNS, TREE LIMBS, BUILDINGS, ETC.)",1.0,43.0,1.0,1.0
06b05eed033fa1ee57f8189ac686b7d4b9e7a9673e5f07866903a10eb71b62234d90390c30111a9c0b1a4881b5c6716d0b66b225b324ddef2285044c4b19e8e4,RAIN,DAYLIGHT,WET,WEATHER,2.0,41.5,2.0,2.0
06b093f6004ebbbc0d03bab18a64d0c2ef5734fed826a0f47ba16001d7582eab2061e000ac1040e0599c8bfd2e2645a2339e4f9a6c0c8fbcd0a745eaf3b39b8a,CLEAR,DUSK,DRY,FAILING TO YIELD RIGHT-OF-WAY,2.0,19.0,4.0,4.0
06b0970582d0be2a75bc41e3a0af18a4cc49ecb4208849a7d0f3a5d792ae35177060186a1e5557ab8483d7211fcfcb1adc9a494d41365b3a7f9ff5d588227528,CLEAR,DAYLIGHT,DRY,DISREGARDING STOP SIGN,2.0,35.5,2.0,2.0
06b0b702b0a6cbe50c3249f7f24bf77e5141ed490aee89d0bc24009763fd3728aea2c92d61b1fb58eb56eb29de9b411a82542104eb8e2da46eae9fcc6a8351cc,CLEAR,"DARKNESS, LIGHTED ROAD",DRY,FAILING TO REDUCE SPEED TO AVOID CRASH,3.0,19.666666666666668,4.0,4.0
06b0c22ee726aaca87d62fabd3a054c14dc570a5b7811da41e24b85e47249f46ed82c58a09779aa24303268c421466a2bb16e9af3b0c7595276998db2a3fa4e8,CLEAR,DAYLIGHT,DRY,FAILING TO YIELD RIGHT-OF-WAY,3.0,19.714285714285715,7.0,7.0
06b0c67889029b7b6a9278c2725777f0013bb7fd980a3f5b3a9c536a8a26f115327a462b2417fddd6bd5da13f1975fd8f00b1fa4b77db8a35e51e7af1bbd8a37,CLEAR,"DARKNESS, LIGHTED ROAD",DRY,IMPROPER OVERTAKING/PASSING,2.0,37.5,3.0,3.0
06b0dac7db2fafdd2274031e713e877a55a489c206989dc83b7fa4f750b851947a651bef3cac87b17a17cdea0183023bee5d28f66fdeaf8a2021956412525404,CLEAR,"DARKNESS, LIGHTED ROAD",DRY,FOLLOWING TOO CLOSELY,2.0,51.0,4.0,4.0
06b0ef679fb6fb521b6a0f16e9cbcac02bc6163905b44fdcf5f97e5dfee75a9656b6f04179c0d46109a6eb8b23810eeb1c4b721149d4392464732a5920c5da3f,CLEAR,DAYLIGHT,DRY,PHYSICAL CONDITION OF DRIVER,1.0,53.0,1.0,1.0