crash_record_id,weather_condition,lighting_condition,roadway_surface_cond,prim_contributory_cause,total_vehicles,avg_driver_age,total_people,total_injured
06b10c9b7aea17f893cbf6f94e1125ba81c5e1ecaa9513ae16485affb976cbdd652d1c615f344c87a3080e5266b2045e051e983e1d00ebce3575175de7b865a2,CLEAR,DAYLIGHT,WET,IMPROPER BACKING,2.0,27.0,1.0,1.0
06b1236f7e235387a18cdc1aacf69f3801833e62ccc13b8c612b60fee24df1486c69ea1157a8be3c4c3e3511c3003d5f0d305311edcc5e1d2847839a5af2e79e,CLEAR,DAYLIGHT,DRY,FOLLOWING TOO CLOSELY,2.0,65.0,1.0,1.0
06b14704b3849eb3a9b50aec9602e530fe83022a84aea44251ac7c112e7d200912c9e0e83185ed3c591f1baa4b6aa1be2d9409808459a51528b326f5eee28662,SNOW,"DARKNESS, LIGHTED ROAD",SNOW OR SLUSH,WEATHER,1.0,33.0,1.0,1.0
06b14d1559e513e48bb8a172f63707c99d96326c20c6541e1d7462673b7bb032a48838456965c427034ac6d342951717b9dacf8d533757d46575977415604a09,CLEAR,DAYLIGHT,DRY,FOLLOWING TOO CLOSELY,2.0,44.0,2.0,2.0
06b15796a380a623353a943d5848fa1c860fc956e1f0ad797f14fe81ef311a6fc593c31ea73498af8a606b8b7219023d745e3817c4cb1cd8ef122d7048799a2d,CLEAR,DAYLIGHT,DRY,FOLLOWING TOO CLOSELY,2.0,24.0,2.0,2.0
06b1803b587192f46da0d0894615558ec3300be3ab13e8e71c42ccc411bed9ace409eeb13c9e4832c7cc10b2fb4c0a5082b959c3ac3ed48abfc1ea8b0ac4b32f,CLEAR,"DARKNESS, LIGHTED ROAD",DRY,FAILING TO YIELD RIGHT-OF-WAY,2.0,22.0,2.0,2.0
06b1e06cf68ca3add4188bc6c72ffed2363f32499f98701b8a250ed3d0d0f8e98d83d206e25aba5d0071abfa3852b2105fa6e76313bff2be6bca46ff23a79a99,CLEAR,DAYLIGHT,DRY,IMPROPER OVERTAKING/PASSING,2.0,46.5,3.0,3.0
06b1e1d55e6e6918ca79681541c71b566a7f415525b06c052a55a877c5c3840914a1775de551f33ed221c6ed8a46b916612684da01de7f8e8aaedcb3cb309112,CLEAR,DAYLIGHT,DRY,FOLLOWING TOO CLOSELY,2.0,29.0,4.0,4.0
06b20e2a458eec113df81f3641653df09c676f1a8939338a7d208b09d7d8a4114f80f24683160f22bd96267588dabc61707fb7ccaf1a7b2151edb280277b52f8,SNOW,"DARKNESS, LIGHTED ROAD",SNOW OR SLUSH,IMPROPER BACKING,1.0,46.0,1.0,1.0
06b222f9ff3f8ed932048b9dbcc6c250facc5104131cac5eb94c702e3ecd3e4ea10d1e589f5e2e4b6a47518c45d63f15d83dda3671d8d8df4c8af773186b8a75,CLEAR,DAYLIGHT,DRY,"OPERATING VEHICLE IN ERRATIC, RECKLESS, CARELESS, NEGLIGENT OR AGGRESSIVE MANNER",2.0,38.0,2.0,2.0
06b22b44d35a83898405e435212307b4ac7613e130952b5c4542a41ff4432de2248514c9c317eadc8d594b7a300789cd772ea51e107c889321e847936f2c0725,CLEAR,DAYLIGHT,DRY,IMPROPER BACKING,2.0,37.5,1.0,1.0
06b22d42362c5b12014c8e508629d3f61f3214a41c78d6970033395071a43bb736147c382616b564247d206ea1b278a2202d3e6b8deef249f7651c7f6e6c7bd4,CLEAR,DAYLIGHT,DRY,DISREGARDING OTHER TRAFFIC SIGNS,2.0,25.5,2.0,2.0
06b24e1ea9afb4878951dfcee45fbb7c835626fe980ca1fa04a1182e47aba3f640ac788bc1a4889bdba0dd276570511d2c8b98a20c922242587d33355393528c,CLOUDY/OVERCAST,DAYLIGHT,DRY,FAILING TO YIELD RIGHT-OF-WAY,2.0,47.0,2.0,2.0
06b2678e325bad392156e374819f401fe37759df6d5a70923d39d0ad02cbc2154a2357a2b823d94842c2df01e08cc3199069e50877a2fa13455b534540781a28,CLEAR,DAYLIGHT,DRY,IMPROPER BACKING,2.0,41.0,2.0,2.0
06b26dfc8da2a4afc44bbedfe1f40917e6d799c264f537a032f3307b8db50f74861681a0281dab69330741d6a420b4020745e5b23c42628ae557bb0a0967d782,SNOW,DAYLIGHT,SNOW OR SLUSH,FAILING TO REDUCE SPEED TO AVOID CRASH,2.0,37.5,2.0,2.0
06b2734e4348b7237f307b9b727e697e199abdc40b15624e7109f74bdd28761b23e6e2c5666940619b1c201bd70122f942f2f4ddbebf07087c666c0e309aeaf2,CLEAR,DAWN,DRY,EXCEEDING AUTHORIZED SPEED LIMIT,2.0,25.0,1.0,1.0
06b27a12374127596ac0225b4c284931f331c95bd5a5df30fc247dadd2afd1911313bcca52b9aec0782b2c1f1add15de2cde148e56c441460b50b93cd7e29a7f,UNKNOWN,UNKNOWN,UNKNOWN,FAILING TO YIELD RIGHT-OF-WAY,2.0,39.0,2.0,2.0
06b2e4a945f1dd42937052927d0b7708699f0938df68a8923dcf8fb1c1ff680ad8ed0e503240fa1f42537a5aa851591845b8859b23087c8501f1c124346b434a,CLEAR,DAYLIGHT,DRY,FAILING TO YIELD RIGHT-OF-WAY,2.0,30.5,3.0,3.0
06b2eb586574b1a2229128e761103dc79816cc3083a66627ed98feefdd4e92483595aade83429716ebad8481319977a3a00a1db5aa2b2b4ca6eb3bea66c3a095,CLEAR,"DARKNESS, LIGHTED ROAD",DRY,DISREGARDING ROAD MARKINGS,1.0,50.0,1.0,1.0
06b2f206c7f5d2184a364c0edc817d9aa4426bdcdc7d4fa48f84ff51bc712b065ee7ee24255286dcee31d0afd214d55a05dc111768283be4e6514bf84dfba18d,CLEAR,"DARKNESS, LIGHTED ROAD",DRY,FOLLOWING TOO CLOSELY,2.0,47.0,3.0,3.0
06b36406459535d173bdf6f9afbb13c1086fc4bcca30d4459fa95f16ea193a95abab33abf263936c0a38bc996db1a266ed4107fd23159d45ab31646eaa6c61fb,CLEAR,DAYLIGHT,WET,IMPROPER BACKING,2.0,29.0,2.0,2.0
06b3ac83c8167d8f13b26f5995f629c0b365296650a33a489d5a1e59681d14f3420a072c3f3298071967c14c0121041301e6af854c879daa2198ac63f10e688c,CLEAR,DAYLIGHT,WET,FOLLOWING TOO CLOSELY,2.0,31.4,5.0,5.0
06b3c296703cf2b6fabe37114cc176bd710c068272883c8d48e34957e352fe8b7a133dea9c60323e54b524ae14b7aa93cea4d5fcb75c4e3d2aa98eaa5b245d73,CLEAR,"DARKNESS, LIGHTED ROAD",DRY,IMPROPER LANE USAGE,2.0,33.0,2.0,2.0
06b3c7eaabebaa82d4eed90e0fa6e6a2a4b281082f20f5d57401a07d9145a36408ee9aa981a615f8f6b9b5a4f56eb4fd72d82ff24303ad138f472a4c5f366b9c,SNOW,DAYLIGHT,SNOW OR SLUSH,WEATHER,2.0,22.5,2.0,2.0
06b3decce1bd02ba8ef344d84b9b2fdbcb44d3ec65f0b67f73c64ad5323837a96158e7f46274b184a8234f979762d3642f0021d9fb92c61837972a150c2fa1ef,CLEAR,DAYLIGHT,DRY,FOLLOWING TOO CLOSELY,2.0,45.5,2.0,2.0
06b3f8bfb1499c2ffe4b418d614883e5ace9edc2076b6610553bf42f9f647f4d20a80008465c0a5ef9bc89fa669ce4abb4ef382b5dc018e9fb0761de530aa5ad,CLEAR,DAYLIGHT,DRY,IMPROPER BACKING,2.0,26.0,2.0,2.0
06b400d031253982b2d97142fa25ac9c05e202fbb17b8d01943ce0abca09b1e0a3809f0faed61e6d70fdc1cbb82d1f64836d81fc180e2c5593acd9b22fc57e45,CLEAR,DAYLIGHT,DRY,IMPROPER BACKING,2.0,49.5,2.0,2.0
06b42fd3f1b98c8cd26ee15bd179149daf2ca553f2bfa857e28b2d3f5f6bdc7f77ba2f4e363c4a00138836fe854574611c51acf96afc380783d14df0bd7add49,CLEAR,DUSK,DRY,FAILING TO YIELD RIGHT-OF-WAY,2.0,40.5,3.0,3.0
06b4456185ae460134314ce227b39d661e7893dbba5f05b9fcf5f91901c2f8b700cf6f1ac7f9cceb5b6025120ab44c9b5df4d4dd9de9e9c316670368f13e1bb3,CLEAR,DAYLIGHT,DRY,IMPROPER BACKING,2.0,37.5,1.0,1.0
06b4534b4982b8bc2a1a54c5965e9ab9735cd3b1720f4d73fcb0487e2d73c7d374646d44faf3e25640f13dbe924b5e61b38b0366d4ad476601345e765f2451a7,CLEAR,DARKNESS,DRY,IMPROPER TURNING/NO SIGNAL,3.0,19.0,2.0,2.0
06b4889a430ec6c8d8e0e1ae8e240b6212203f3a3026d0b562544911fc691d0d410fc020724c1d4330f3c8b65708b0a6787cf41cd18f619e7f9664a33d4b674e,CLEAR,DAYLIGHT,DRY,FAILING TO YIELD RIGHT-OF-WAY,2.0,68.0,2.0,2.0
06b4b05afecb56b501e4824865b4ce64ad25764c89f8973745689f1291c94746421f74f00915a3a649b2ce80dcf80f9860229450eb6bdcf608d4dcf0abd3c202,CLEAR,DAYLIGHT,DRY,FOLLOWING TOO CLOSELY,2.0,39.5,2.0,2.0
06b4b38ad03a6b4e6f365e75baad6792d84bf8a9b8772a0bd0d25d721242ca1abf2310d059b27cde51e66b472b02470887224e115159e1362c2f2a04300dbb9b,CLEAR,DAYLIGHT,DRY,FAILING TO YIELD RIGHT-OF-WAY,2.0,23.25,4.0,4.0
06b4b41a80acfe70d345ac5f0299e950aa35b58da2d3f28569146c85df57ea6ccc855fe9be499e3c95e740d965932dc37c42222fb2f31ce36be048d518f912a9,CLEAR,"DARKNESS, LIGHTED ROAD",WET,IMPROPER BACKING,2.0,54.0,1.0,1.0
06b4e245041a6ff0d39e8002b2efa3a77ba7a23bb7e558b0e1a00a4fce11993d98755a14daadee17bffe1c6a6887316e3352a253430b6be720974af999bbe74e,CLEAR,DAYLIGHT,DRY,FOLLOWING TOO CLOSELY,2.0,20.0,1.0,1.0
06b4e482229f8919d7e39011567109be2b9895ca1417c2f741fffd074aec4e9714a30a91ec1951a0b3ab53673e32654dca7dad3d9911f3fff369eb1bfec8d7c6,CLEAR,DAYLIGHT,DRY,PHYSICAL CONDITION OF DRIVER,1.0,42.0,1.0,1.0
06b4fa4e0a22ab73ce0060a91afa609e21184119ce083083455c0f021f58a9db6b54728c5a79346065000ff702c2c0dcbcf5311635b3455102f2955e00c3b63f,CLEAR,DAYLIGHT,WET,FAILING TO REDUCE SPEED TO AVOID CRASH,2.0,42.5,2.0,2.0
06b50f514f21fa981306b9620df22ce6a496b26a29f9eef72636e7a3d1312f2e08e04b0c4a4ca66b29ac05054ead36d95b22bb1ef063c3f8c3c03261b662378d,CLEAR,DAYLIGHT,DRY,FAILING TO YIELD RIGHT-OF-WAY,2.0,49.0,3.0,3.0
06b5137570c72709b960023dd369b9c0446956f6d51f80a4a5d68b718007ac84fe5d2c7731e66c21d3644c60257efaf7be49e353ffea31d9cbe97496853653a0,SNOW,DAYLIGHT,SNOW OR SLUSH,DISREGARDING TRAFFIC SIGNALS,3.0,49.666666666666664,3.0,3.0
06b5297c7fbcd09f0bfb15e9a527eba775af02ec6ac62c71785a85fbbf9283b15770e5d37ae9e39349959886965c99094eec20c92c838f572e30b6bcc96db25b,CLEAR,"DARKNESS, LIGHTED ROAD",DRY,FAILING TO YIELD RIGHT-OF-WAY,2.0,49.0,2.0,2.0
06b53eab8f0d47a490f1b59d21e35625317d8070c7bbc8925111c94919322913ad4fc50b4bbd629f7b88c5b79bcf9e534f4a188550b3c91e858e6a0ed1d1c102,CLOUDY/OVERCAST,DAYLIGHT,DRY,FAILING TO YIELD RIGHT-OF-WAY,1.0,67.0,2.0,2.0
06b55d1a74389ce2c42a3c79124c053af2d491eb9897c83fcd49096767d86ebe553159fced829bc81fc455592a4be34c5f7170d5207e94407c26cb5593093d34,UNKNOWN,DAYLIGHT,UNKNOWN,FOLLOWING TOO CLOSELY,2.0,28.5,2.0,2.0
06b59b07a35f8cdf9be9279fe303711ab5dbe5cd750c6852368377e6effcd3463d3869a845a6f283b65bc62c12524521dcf331b640060630222df7a7a053637c,CLOUDY/OVERCAST,DAYLIGHT,DRY,FAILING TO YIELD RIGHT-OF-WAY,2.0,31.5,3.0,3.0
06b5b5563b3980b08e0013003b84a0e388ade2176ac47a56d9e7a122c00501b95282d27fa42c15535894fcb8aa055cc2fb1edf9f950b3ffc00617016d7a2af33,CLEAR,DAYLIGHT,DRY,FAILING TO YIELD RIGHT-OF-WAY,1.0,56.0,2.0,2.0
06b5bf4fff71789016d3f710c1599244f480e84904717e820903d4a1c49e8f4c0421b542285f68bd76af430e593573d4bebe6cbf9dcf4cb0c279558714709258,CLEAR,DAYLIGHT,WET,FAILING TO YIELD RIGHT-OF-WAY,2.0,23.0,2.0,2.0
06b62fb77a6c5873deb0b6f4c47250b855ded1771e60355bfe269de3d8b30832193d7cdb31dee8300a4b1e6a39bbc8835b788d48eed094f328b6d45e6e85b58b,CLEAR,DAYLIGHT,DRY,IMPROPER OVERTAKING/PASSING,2.0,21.0,3.0,3.0
06b639430003a0e4b664e7c94cf5daccebe72b19288fbac03169571a6946a4ed2fb30ea6fff56c0f6f10381fb70198c0f9a6db73abe54e7913579bad224b3346,CLEAR,DAYLIGHT,DRY,"VISION OBSCURED (SIGNS, TREE LIMBS, BUILDINGS, ETC.)",1.0,61.0,1.0,1.0
06b64e79a679883b83ce9f471ce334ecf1697642754297449237b5cdd0dc4da6b1e584742fb9eea23fcd2fafcac2fe13875016eb1258f6c1d710984357cbcbee,RAIN,DARKNESS,WET,IMPROPER OVERTAKING/PASSING,2.0,34.0,2.0,2.0
06b6562a732d4efeb0bbd6ed3255011503980f81fe4b67a0911507d5adca56697a0ce3ab4e6cbea84bc58b5494ce5446129e6a5ed71bb7ac021d5c837649acda,RAIN,DARKNESS,WET,DISREGARDING STOP SIGN,2.0,82.0,2.0,2.0
06b69435689fb638ec8637fce83726931bcfc5d8b14834fa1c5595a89af02559fd3f5709b7d1e148ac53d45c3cdfff0ad16b6b9b69a218c16b2987b971f92579,CLEAR,"DARKNESS, LIGHTED ROAD",DRY,DISTRACTION - FROM INSIDE VEHICLE,2.0,30.0,1.0,1.0
06b6a171bdabe694e836c6c704a33ad0928ae63ce39bd44db8c6fe1e64bc6a3ab867868fa4d2d2db775788bb2def1aa1a478fc0fdfbc316cb0764816db522807,RAIN,DAYLIGHT,WET,FOLLOWING TOO CLOSELY,2.0,46.0,2.0,2.0
06b6f03f5a99d30e71a19c131e149a2d3b198753c6dd92b66d86311c6347cd5749b67c479dff3e7f1c55738d32a20dc8fe92a8cec632bed62eb0d27259b2d299,CLEAR,DAYLIGHT,DRY,FAILING TO YIELD RIGHT-OF-WAY,2.0,26.0,3.0,3.0
06b6f3bb090509ab3c50154a06a6983a08b141daf39db1499aa064e5d3a8644f8f80bdeb25fc194d817c47750c5b269199c460bc8c34845d8d055d349633017d,CLEAR,"DARKNESS, LIGHTED ROAD",DRY,"OPERATING VEHICLE IN ERRATIC, RECKLESS, CARELESS, NEGLIGENT OR AGGRESSIVE MANNER",1.0,37.5,1.0,1.0
06b6fb0afe83792b4ebd4124c7908080a3942dde22fdc243998480c7930132f60c8b47ef6e16c7fc25c2ca7640c1fd813eb2087e5ba0cb52ae7faa46f1ebff94,CLOUDY/OVERCAST,DAYLIGHT,DRY,CELL PHONE USE OTHER THAN TEXTING,2.0,27.6,5.0,5.0
06b71e4dca3a1e986a2ff91461f40b7d9a7903801ab101a5760b506eebfcebe55570afbd29357d5be8d9625f497c5b3a1dd81c80fa85f9b700cfe671191a3a28,CLEAR,DAYLIGHT,DRY,IMPROPER LANE USAGE,2.0,53.0,6.0,6.0
06b72e7293809f072ce8375c84e1e99edf92853d1588620184d6f1e8ae5758b0547b644f34917f0b723578de56e134c96448370a015de2fc273a385a95fc1ef6,CLEAR,"DARKNESS, LIGHTED ROAD",DRY,FOLLOWING TOO CLOSELY,2.0,32.0,2.0,2.0
06b7377c26589e0ea0eb9fdd8649d29748eec062267a690781a94bbbfa61533e0d506a169a1a4c45b7216aadd6177b6ba71c1a5e1ba38cdaaac4041f6ac6b146,CLEAR,"DARKNESS, LIGHTED ROAD",DRY,FOLLOWING TOO CLOSELY,2.0,45.5,2.0,2.0
06b75880e6121da501bdc242a5303b3b5869614322a70228e8bf09454f9df076b7b4d81329da7e4873a22beb6888efceb36f4ded020e01295806579a8ad5f0e9,CLEAR,DAYLIGHT,DRY,"OPERATING VEHICLE IN ERRATIC, RECKLESS, CARELESS, NEGLIGENT OR AGGRESSIVE MANNER",1.0,37.5,1.0,1.0
06b75d44404485fd048384e2c4a5d241047a0be5f9246bccdc89e553149e31c1e5dd577bacecef74673b87cea7c6b9647a94660ec948ae007f61d219db0cbcad,CLEAR,DAYLIGHT,"SAND, MUD, DIRT",IMPROPER LANE USAGE,2.0,37.5,1.0,1.0
06b76e935e04715ab467d60eb8eb4bd29082b7f712a8a1d7a51a208d37aeb084b46013ead7b4d79a688f20f4597a328ef24b2cb174befde1d11168749a684f8c,CLEAR,DAYLIGHT,DRY,PHYSICAL CONDITION OF DRIVER,2.0,33.0,2.0,2.0
06b7a29762329d6dc92d45fef56153e9007971b4fb231be051d4d62468ce160281ad2bf958a3f26359567b78bd872785006ae88842b0f9f8975da6a4ab105c11,CLEAR,DAYLIGHT,DRY,FAILING TO YIELD RIGHT-OF-WAY,3.0,30.5,2.0,2.0
06b7ee6416bee78345aa6558d43610b56f87e6757fbd2a11f991fa26d31fd79671d38afbafab3919084037f4b1d090ced7745f72fec322751cabdf2f96a1ae54,CLEAR,DAYLIGHT,DRY,DRIVING SKILLS/KNOWLEDGE/EXPERIENCE,2.0,30.0,2.0,2.0
06b824b031041683c0938f3b9595d990ee3aa55248e5f76a1fc2e29eb88ca666ed3ec2ebd774252666fe928a4e204acbaceb02366bc8f8ec9884afbe2e4817e6,UNKNOWN,DAYLIGHT,UNKNOWN,IMPROPER OVERTAKING/PASSING,2.0,19.5,2.0,2.0
06b837491be09b33adc237623217ce28ff6f9eaf4fd062eca5c29ae1cf8830d1ef5022677bbdf3e1104a4767b6c87f9f56ef32b8f74b3454764164de69b208ec,CLEAR,DAYLIGHT,DRY,FOLLOWING TOO CLOSELY,2.0,68.0,2.0,2.0
06b8485d95127cf59950ad2a722cbe902075d0ecca48a88aeed38b7baabb4cc78348923fa16f67552410e1dc2ee7692d73027f0cfceaecb6d1fc69784e4df78a,CLEAR,"DARKNESS, LIGHTED ROAD",DRY,IMPROPER TURNING/NO SIGNAL,2.0,36.0,2.0,2.0
06b86129a8224f3eb5b58700fbb3b782599cc92467728478668d71eb4e09d54a718fe1840886740bab79ab716ffc935b798b5a213585c6ce69c5cbf7b96ed362,CLEAR,"DARKNESS, LIGHTED ROAD",DRY,DRIVING SKILLS/KNOWLEDGE/EXPERIENCE,2.0,37.5,2.0,2.0
06b86a2fb5daab69765847130c32b89580aa9b79287b1530e24bb463abb57b2ab0542bf31dfea0b2eea55f8f13a417001d968bdc6b131fb369cdc4fd4cd8d7b2,CLEAR,"DARKNESS, LIGHTED ROAD",DRY,FAILING TO YIELD RIGHT-OF-WAY,2.0,42.5,2.0,2.0
06b86de2585c1613d61b01cf1d3776258f11e6dfe999317bb3c5bb0b5b99614a3dabb8657d9c7a41c69044d26bb7d0fb748d80c0ef4385efb4b84cd500d1e460,CLEAR,DAYLIGHT,DRY,IMPROPER OVERTAKING/PASSING,2.0,43.0,2.0,2.0
06b8718e9e76a20b4bbe2310383fb5f1ff89d1d13d5a0a628cee69963cfbeed38f9d2664c7dc64c3db7282178f056fd130ca0a0a709e3b226d6ae90a4a3530c9,CLEAR,DAYLIGHT,DRY,IMPROPER TURNING/NO SIGNAL,2.0,32.0,2.0,2.0
06b89edff7304f582ac9e674d320c08a806dafd8805dcbe81e6bb5e040d3c7a5b66573b529e331e6e4cb2c7f880dcd3660849cace82df1bf39987c7971a99fec,CLEAR,DAYLIGHT,DRY,DRIVING SKILLS/KNOWLEDGE/EXPERIENCE,2.0,34.0,2.0,2.0
06b8c6e88144fa25237bfa8c5c2c526e56d3196b318066cb1852c415c933dac2ebbd47b93273f5ba34bb34e7d3d9cfcb62ea8ae0e00f79eca5564a3aba8733ca,CLEAR,DUSK,DRY,IMPROPER TURNING/NO SIGNAL,2.0,23.666666666666668,3.0,3.0
06b8c9a7baceccfb6579deaac908f4fcb1eb9578a59b69b829e13d5470073a9209f13dceab489e4cf59290786a65235b002e97245dec0df70d9da677e9f3aab2,CLEAR,DARKNESS,DRY,FAILING TO REDUCE SPEED TO AVOID CRASH,3.0,27.333333333333332,3.0,3.0
06b8e6106870d5833cb450cb6b1c1a1e174d4178cf47e9f98925be0232bc0a6e7f093468b0b7f4e369fb829d5711a8f7e4b5d1b89715ec8c56d1513269f7ed81,SNOW,DAYLIGHT,SNOW OR SLUSH,WEATHER,1.0,17.0,2.0,2.0
06b91ddc508f640887d8fc7456a23083b934304d7fa1e4c2914a7af1fa4390c50d0ce7fcffb7b79089ea69b380ab25e406ba7cdb0ff67a5e63e0d5b8941d952d,CLEAR,DAYLIGHT,DRY,FOLLOWING TOO CLOSELY,2.0,50.0,3.0,3.0
06b92da6d793baf066e20eb3ece0eb9950eb60e7528c432e00ed92c6b4e449f29bdcede958df5305ed21f469b440ad819789bde5f9d36e67a15ba5aea841a80c,CLEAR,DAYLIGHT,DRY,CELL PHONE USE OTHER THAN TEXTING,2.0,40.5,2.0,2.0
06b939ed9a10b8caa2b52c9f377334bbe548cbb210032451ba86958ecb0813a930721650b9cd5404e9c4361249d5344ce17ab74abb7978c97e6c2f004327965b,RAIN,"DARKNESS, LIGHTED ROAD",WET,IMPROPER BACKING,2.0,22.0,2.0,2.0
06b93b7d4168d1b38530f3439cadea9c0ae9e1188fc701860d54165225e05d98186e05841d56f30d6f0c2349c9f1bc1665ff9b01b3a41020e56724159637b3af,CLEAR,DAYLIGHT,DRY,FAILING TO YIELD RIGHT-OF-WAY,1.0,39.0,2.0,2.0
06b9560a5a443940555268f82ba3fbab328a66e095badcf1b1b51523e436ee2c21cdebd82087cd7a3a56aeb2f010c15ce21e1453f3905c9af0ec1774c1b9d38f,CLEAR,DAYLIGHT,DRY,IMPROPER OVERTAKING/PASSING,2.0,51.0,2.0,2.0
06b957d743948664644e361f8dc0f56a8774e69b58e5d2f4c5d2dd945a110f60f45f2b6060cf55df9fd25743952de1df5f0225f713554de0edc59e02d82b5a06,CLEAR,DUSK,DRY,"OPERATING VEHICLE IN ERRATIC, RECKLESS, CARELESS, NEGLIGENT OR AGGRESSIVE MANNER",2.0,22.0,3.0,3.0
06b97a3a5497c869d32844771755707d5c9ba6136cac7fd602da8cd9135377f433d94836d54537cd268e35595fb252872ee9d7f76e7e1a5286475295dbaf5e11,CLEAR,DAYLIGHT,DRY,FOLLOWING TOO CLOSELY,2.0,48.0,2.0,2.0
06b9d1f458ec7a05e52be44ead78c72b57ac14a86eb1e9410b00e5cd1fbd12e7362182df5728db7426c53cf0ef127b88efcf3363b3a6df4c22d50bfeb4aee175,CLEAR,DAYLIGHT,DRY,FAILING TO YIELD RIGHT-OF-WAY,1.0,52.0,2.0,2.0
06b9d5088a22857f6c002780ce53462b5a1db1239efc6cdf6c75781ade5a75ff28fbfd3b0d5de7a94340392f54f87ef7eed8cb07a11f4053e88c93bfe13ac173,CLEAR,DAYLIGHT,DRY,IMPROPER LANE USAGE,2.0,30.0,2.0,2.0
06b9df62c22db8d5ce780161ca340e007cb40fa9afd330686ff8abaa93e7360d51661bf035d19b2c2e8241bd16dd8fcf27e159aa5b5bfbf6f445e4022ce1c4f3,CLEAR,DAYLIGHT,DRY,FAILING TO YIELD RIGHT-OF-WAY,2.0,45.333333333333336,3.0,3.0
06ba1f3ea4c99080821771f5fee4fb22bd1c9f3a55aff7258bf263c55292f05735b83e108d6b90399668d8347e927f7439f7118b56465cb5b4736984c18aab90,CLEAR,DAYLIGHT,UNKNOWN,IMPROPER OVERTAKING/PASSING,2.0,41.5,3.0,3.0
06ba3d15621ad9c62a253e9c5ddb0ac962d18f7547a91d2ae217e945f6c8c35c364b493eecb18e93e4b90fbec4c85fed2e8a4edd2df19e356e608d9acd81e52e,RAIN,DAYLIGHT,WET,FOLLOWING TOO CLOSELY,2.0,22.0,2.0,2.0
06ba47d2537fac17a03951d332f8ed3f21ce34d4670a5e36bbe67f65658061b36d95ef936127cb58887a54c1c092a7567210a30f5e6510db588f3f6851742b2a,CLEAR,DAYLIGHT,DRY,IMPROPER OVERTAKING/PASSING,2.0,50.5,2.0,2.0
06ba9f8c1a18fed5af9ae26e5efc1f02c0bed2d5105098890d123286b0d0850c8c49c33b47002bdaa8a889bec4e0302b37c3c8dcbd39a56cf1d324e481e23db1,CLEAR,UNKNOWN,DRY,FOLLOWING TOO CLOSELY,2.0,37.5,1.0,1.0
06babe1304de3c0972672519d9d5e373578b24f880bccd37fcfdcc4154fc463667717b456fb3537a8689f5c8f8ce96002f9ff907b41939737fbe762c26ad08d3,CLEAR,DAYLIGHT,DRY,IMPROPER OVERTAKING/PASSING,2.0,31.5,2.0,2.0
06bad4afb4711230ec3f8e8ef4350075d35309ea64217024be8783555afd6047e79a80a7900e98e01978c6ab3f22a85bc00e482a8d525dd1aad30528a93e6d5d,CLEAR,DAWN,DRY,FAILING TO YIELD RIGHT-OF-WAY,2.0,46.0,2.0,2.0
06bade87f92e3cd11dc9f94da11efaa70b444ad0721bd6de268f7667de7eefcf8faa5230c4a05adeda2ccc1044a248a185752866a8fa5536a4d2d71ce6d147c9,RAIN,DAYLIGHT,WET,WEATHER,3.0,21.0,6.0,6.0
06baeeba7444a5893deecf2e0137284d9cf6a0003bc466a26ec310113b34f861327b20069566158fc2c2cc959154cbb8a6db45e54922d5d52a6e2575b49f875e,CLEAR,DAYLIGHT,DRY,FAILING TO YIELD RIGHT-OF-WAY,1.0,25.333333333333332,3.0,3.0
06bb213f013d7e05fde03057275cd1ef6698e9d693af9b40e0a9a8c264b5ee8b1a06d086aa670262aa03f29d59bf0f667ada5ce37c484546f92d42a90bbb31d9,CLEAR,DAYLIGHT,DRY,FOLLOWING TOO CLOSELY,2.0,47.0,5.0,5.0
06bb24b9594c3fe087b10b96ce3ac47bff16f7f9094fdf4ab9d0a9a926c389326f7b5334c3c889e097122c835b593155c2b6ba0e53d772ed79811927bb50ec67,CLEAR,DAYLIGHT,DRY,FAILING TO YIELD RIGHT-OF-WAY,2.0,40.0,2.0,2.0
06bb2ba3f48111c1721d3881ea34651e4f9cec4cfb9877a740353998182d58a9b57646e9b3630d1ced777eef9feec90d4136b070c89dfe57fef86f6647bde032,CLEAR,DAYLIGHT,DRY,FAILING TO YIELD RIGHT-OF-WAY,2.0,50.0,2.0,2.0
06bb35375103294bd67532265c5b3a9678a9bcc901dc2e00d5711018690233a8a2eacc5dc8d260b243e8723de5d6743490b8f881a347faa5c9af8abc36ec9729,CLEAR,"DARKNESS, LIGHTED ROAD",DRY,IMPROPER TURNING/NO SIGNAL,2.0,31.5,2.0,2.0
06bb3566aeed6aa08049055d258dc00d8307f6bf9f8da75f1074f9f659191ad4a2ab202791545a281d9e1c5384b68af4b80c9c93ad7186cb7d249548676830ac,CLEAR,DAYLIGHT,DRY,FAILING TO YIELD RIGHT-OF-WAY,2.0,32.0,3.0,3.0
06bb68a38e3e825e4963ace463d14e62984b9e2a87eb885e717f226f8043a0cdd6f4b5e2945da1b7488650f128af6d07963f0019c5620fde1736a6d09390aedb,CLEAR,DAYLIGHT,DRY,DRIVING SKILLS/KNOWLEDGE/EXPERIENCE,2.0,35.5,2.0,2.0