crash_record_id,weather_condition,lighting_condition,roadway_surface_cond,prim_contributory_cause,total_vehicles,avg_driver_age,total_people,total_injured
06bb85610aa6f518644ef9bf0739f21bd352e80ee1479a12c6659c73c67b858a4eb238b809ff3f0b557cb38c31373c8303f0122557a8b2800f24652fd5a1fb91,CLEAR,"DARKNESS, LIGHTED ROAD",DRY,RELATED TO BUS STOP,2.0,51.0,12.0,12.0
06bb88670f19a108e1060b5d19d5b8bb153e3aa904a37b2534c642155ac88de5fcbc17f36b75648cd69cac27f170e8c00f099872f464cd57dcafc06b7b48d96d,CLEAR,DAYLIGHT,DRY,WEATHER,2.0,44.0,2.0,2.0
06bb93cdd2c5380ef4cf0057706abf1f08512b0fc734d92f43d88ab41cefc9c464aa800e300715ac8a87e897a7fd54a796055a11c821cdad6f22c8e874860551,CLEAR,DARKNESS,DRY,DISTRACTION - FROM INSIDE VEHICLE,1.0,37.0,1.0,1.0
06bbea29c73b549a3e30181c35a4504815dd1b2f1f84b128a317e54c4374a43ac97b905122757cb24d5f58d3e60d4f2d5edd70b0e2e1e6069ae8e4cb823d827f,CLEAR,DARKNESS,WET,IMPROPER LANE USAGE,3.0,30.0,3.0,3.0
06bbfa278c90dac559285068472abfda9b169b996dd6941e9f60576b2a9d1ea3d714d2e7d9c4b65a34c8174cf440921d441954333de1826f7c232b9eeeb79c43,CLEAR,DAYLIGHT,DRY,FAILING TO YIELD RIGHT-OF-WAY,2.0,54.0,2.0,2.0
06bbfaf7386f954d5ed7d9713dc69e0b496fcb85fc50c7bf3b3d5f4cce85730d9b5344dc33b8766fcf2a0b6f050876de9434f6c4f8cf2c647930987f16354319,CLEAR,"DARKNESS, LIGHTED ROAD",DRY,FOLLOWING TOO CLOSELY,2.0,27.0,2.0,2.0
06bc08f9337a429ae24db87d31f55b5be730f0d2d29af4d42a12b22b6255b2417d7ce6f57707a56752d450e0e52fb17462585a5ba5d4d960090da22fd289683d,RAIN,DARKNESS,WET,HAD BEEN DRINKING (USE WHEN ARREST IS NOT MADE),2.0,34.0,2.0,2.0
06bc3c61875c63219d4b87b596234d18d4843f4f5e3e06daab67d8fea36d1dcec14d135818c93fe267ded7da79c3134e3e2562298f2b992031b2f674db1e7667,CLEAR,DAYLIGHT,DRY,FOLLOWING TOO CLOSELY,2.0,26.0,2.0,2.0
06bc61f50bae4e99abd914bed651e9909cb54dded4652204db32d918b0445b767356ef39db4e03737462d130d5fb9debb89141df5582703df892b418b7689497,CLEAR,DAYLIGHT,DRY,IMPROPER OVERTAKING/PASSING,2.0,43.0,2.0,2.0
06bc6ce3a4f0f294e6e2d50acf88575d65134a3c5993d0aeba8d89825cd0ba05514567053a4664cd94c82e38d87c8eec39d038bfcf3a8ff191af1dfdb43931ce,CLEAR,DAYLIGHT,DRY,"VISION OBSCURED (SIGNS, TREE LIMBS, BUILDINGS, ETC.)",1.0,72.0,2.0,2.0
06bcac3661f83be3931fa73a8257ff87a1fd8d038d8493c5b02532e3b0f1237baf931bb358874fbe727f3143b3f444b2abf356b3548e3f01a7c424142c13c673,CLEAR,DAYLIGHT,DRY,FOLLOWING TOO CLOSELY,2.0,48.5,2.0,2.0
06bd09e407d34ebd96f014ad392799f89e3166176af64870018cc39fa8b516debf636b7c5f9d761e928020592e788ad8f0b67478c799a0b1674bdf43b1ac9b7a,CLOUDY/OVERCAST,DAWN,WET,"VISION OBSCURED (SIGNS, TREE LIMBS, BUILDINGS, ETC.)",1.0,58.5,2.0,2.0
06bd0f85bdbf33d0d3fe5bf5a3bf404eee463eda8ba5f3f96dae1b91f97f507adc917212f0eb75671c499c74d563751a6c1f28e6425eb12956cd342092d426ce,UNKNOWN,"DARKNESS, LIGHTED ROAD",UNKNOWN,IMPROPER TURNING/NO SIGNAL,2.0,19.0,3.0,3.0
06bd1e16b2a50e301912829634b8d47170253d9a24eb95b81bddde8dea2ae39b09f9b80205cde20e31a4f7d71157661c4c0fd809edb9c708fdb4d5d2228c7dc6,CLEAR,"DARKNESS, LIGHTED ROAD",DRY,FAILING TO YIELD RIGHT-OF-WAY,2.0,37.0,3.0,3.0
06bd3fea5efbff5a46a0ca6f917d1593d8f1498b84b82ac6e2e9da2478f882a8115a64d2354f7f035d91919df145ee017e8b2c11e78405b7280637ad1f6093da,SNOW,DAYLIGHT,SNOW OR SLUSH,WEATHER,2.0,58.666666666666664,3.0,3.0
06bd8ec81398e5f3a0767e521b651843ecaa5fc3dcacd0f601281ed3fbb88dd0476c7ae7025fc55d2df18279932f92768e89e23322c0af98c3eb8a2def6b9d3f,RAIN,DAYLIGHT,WET,FOLLOWING TOO CLOSELY,2.0,63.5,4.0,4.0
06bdc26a4bb487fe0da921ffbbb91a1006b3a974832ec28a7a21f1440a2d536c7d5b04d63e36de2d689204cc9e20557bb108e8f943284cf1bdaa5b148bd3360c,UNKNOWN,DAYLIGHT,OTHER,ROAD CONSTRUCTION/MAINTENANCE,1.0,39.0,1.0,1.0
06bdd01fd6f38ba9608169ad0a2ebcb03d836ad44c552ae96753de3b986a0cdb97abdffb179b1c16336b9b3b277ef3dec4273772eacbf09166240c34989e5d7d,CLEAR,DARKNESS,DRY,FOLLOWING TOO CLOSELY,2.0,29.5,2.0,2.0
06be00feba506051f8b6eaa215ddea8f30218b50d245ee52378f4a515c025af92021e2f442e6d32d25589fc33273e0f1236aa5073b462e9491c3f50df394151f,FOG/SMOKE/HAZE,"DARKNESS, LIGHTED ROAD",WET,FAILING TO YIELD RIGHT-OF-WAY,2.0,24.666666666666668,4.0,4.0
06be02d10584c252541ba91ff4878369e4f7d5c16d590915b142d77aec8701b5b5962eccb99298a21d8eef680720470df2ba981f294b875a73cc556588fa2912,CLEAR,DAYLIGHT,DRY,FAILING TO YIELD RIGHT-OF-WAY,1.0,34.0,2.0,2.0
06be1f70f7b0758e4689524c339b105d184033fe73c48529de835e05181e13bfeb3987d2410d6a458ee9a0ad89d0e5668219420ac9db217c2d04e690579f91bc,CLEAR,DAYLIGHT,DRY,IMPROPER TURNING/NO SIGNAL,2.0,27.0,2.0,2.0
06be357265d0442232ba161d94f4a42d99b5b5712714068937bd3bec5dd61de535b2a68839022c82c8e569e3b78be03d55a5946ca42fc3209f4bed732eb1c10d,CLEAR,DAYLIGHT,DRY,IMPROPER LANE USAGE,2.0,37.5,1.0,1.0
06be5e2a491b1997f0b92daf010a79a9a222ed490c18e5fb1b6acffe176397a4027500312d41fb2b55dca5f7b7d41b5ebbb7b10999f2f6a851293e27ef06a429,CLOUDY/OVERCAST,DAYLIGHT,DRY,"DISTRACTION - OTHER ELECTRONIC DEVICE (NAVIGATION DEVICE, DVD PLAYER, ETC.)",2.0,47.0,2.0,2.0
06be70d8eb7b03eae151d17ea1cfaf88b7727419917aa454d7e3feaf56c06efd7d1c8a3bb667cddd8a52e50da7e689eaf1c49ffb50717abbd09d212b8926771e,CLOUDY/OVERCAST,DAYLIGHT,DRY,FOLLOWING TOO CLOSELY,3.0,49.5,3.0,3.0
06be726dced865c69ffcd2bba611fffdac5830636c02d19c9bff45a6f623a48c353fa7dffcb7b975ea30494ccd71f26301b374fd3459e3564fb620b12d97c2fc,CLEAR,DAYLIGHT,DRY,DISREGARDING STOP SIGN,2.0,51.5,2.0,2.0
06be8949a48580e390c48d38dbb9336c383b67555a92badcd8f1d3e9453cbdf9addee7e684630223d8dfddc3619f0d4ffd9b544ec8bc6bf5e38d0b5370f9fff8,CLEAR,DAYLIGHT,DRY,FOLLOWING TOO CLOSELY,2.0,23.5,2.0,2.0
06be8ee9a7302d10370a0d424c7241281a2753ca77e72f0ed7bde2c42e87c8d7aa0579158b94afa0e1fb7d214d1967c69a4af566c13b715d016fea21a1bb8a93,CLEAR,"DARKNESS, LIGHTED ROAD",DRY,FOLLOWING TOO CLOSELY,2.0,48.0,2.0,2.0
06be973d32bad9af5a8bd47922c0694706d5dde8b116566e4a0eeca754e1bbeb9b0c761df48d55c7747674272433def218ee89a468f3f303b0ca153c6e9d5988,CLEAR,"DARKNESS, LIGHTED ROAD",DRY,DRIVING SKILLS/KNOWLEDGE/EXPERIENCE,1.0,43.0,1.0,1.0
06be999040097a2d11e155b4b349dd0aa68f7486a266f77ce878c3a795d5481d3e2eeeb7942e91e05fe34ab41dc5911463be58767f5b0c107797fbc868c102b7,CLEAR,DAYLIGHT,DRY,FAILING TO YIELD RIGHT-OF-WAY,2.0,24.0,2.0,2.0
06bea249d5164c68daf53504119b2661a6697b747fe7d4c302014a4f09f063475ed26b6e31a1e8fbaa0429762435e1070d04f148e38e65b678e91e4b6f8e9a55,CLEAR,DAYLIGHT,DRY,FOLLOWING TOO CLOSELY,2.0,29.0,2.0,2.0
06bea37e0f34312b03ac3e0e702f4bc97734f2a02d35225a2e703f9a525bfd2bb38538a8cd6f0b91ddd7cf2a10d9c1eee4a4cd2a87d27615cd7ba85d912fa136,SNOW,DAYLIGHT,SNOW OR SLUSH,WEATHER,2.0,36.666666666666664,3.0,3.0
06beba3d89795efb32af6800a5879b575cd1dce9bad2efc4e42d6cd4fbce4d9024e734809fd3f37494b4832b8100337588c476fe3c65f07c115510a361b33ee8,CLEAR,DAYLIGHT,DRY,FAILING TO YIELD RIGHT-OF-WAY,2.0,22.0,3.0,3.0
06bedaf55527094820d7304d83e1ddc6e841eb5d1a58a3936f02376d89f2ca13fc686d5d2a773658f9f39eff5e8ea3d432b837256689589b26dc332a2a347d99,UNKNOWN,DAYLIGHT,UNKNOWN,IMPROPER LANE USAGE,2.0,42.0,2.0,2.0
06bf272acd068a31c88842421042985cadcf5aa528403044d689be2f770e800460a787ca8f102b1b67670fb66d3279736b4ff8a215b9b1938ffed6ff6318d332,CLEAR,DAYLIGHT,DRY,FAILING TO YIELD RIGHT-OF-WAY,2.0,23.666666666666668,3.0,3.0
06bf33113d9968917f5adbb96459f8116f173df77a7ee7ba584db17db6511d7461a9fabb1307c1c9a740bbbb738e2a4de7c14fd8d35a516a6e7aee5f363910be,CLEAR,DAYLIGHT,DRY,FAILING TO YIELD RIGHT-OF-WAY,2.0,48.0,2.0,2.0
06bf37a09ea0858197ee8b434571abe48d5a93abed8161af31f02c3bbe6d88fff5b038497ee6de5504c7081bf0bc6274fa20f7c9579f39c14bd105d26e2069e2,CLEAR,DAYLIGHT,DRY,DRIVING SKILLS/KNOWLEDGE/EXPERIENCE,2.0,44.666666666666664,3.0,3.0
06bf4d1ddc2766bd9af975d220f8d46c078f61df19714a19132aa6840413e8536121eae0afc1cf742589d45a7188ba337ef8bd9ebc1dd3574324cdf9affe3d92,CLEAR,"DARKNESS, LIGHTED ROAD",DRY,FOLLOWING TOO CLOSELY,2.0,33.5,2.0,2.0
06bf5ecde4a77d770181d9c13ee24b60e0ed96c23691ddc2d57e0cc42fd9789f1676f8e2944530f1a6bc721885d1eb39f24afe81add79bfd41c78def01cdd50b,SNOW,DAYLIGHT,SNOW OR SLUSH,"OPERATING VEHICLE IN ERRATIC, RECKLESS, CARELESS, NEGLIGENT OR AGGRESSIVE MANNER",2.0,28.5,5.0,5.0
06bf6871229d1b63edd492f581bebb38d4eba9617a0788b8f1febeb13d986c48c6570c8dc7b2dacf7d619ac8c4d5546b5b55c608c65d240be3c72fe15f52b51f,CLEAR,DAYLIGHT,DRY,IMPROPER OVERTAKING/PASSING,2.0,51.0,2.0,2.0
06bfc5a5be1c31de0d2bd0de81ea3080bb36448118c4550550990f793b275095ed905c9d1464ba8e8fb7e8b05ae6ebd5ec8893480dd8120e47e12db7c17f2987,CLOUDY/OVERCAST,DAYLIGHT,DRY,FAILING TO REDUCE SPEED TO AVOID CRASH,4.0,45.75,4.0,4.0
06bfd7d3ea31c89f9c8e8a9982aaa47eb33b93a162a06f6fe5200c8b78d273ebb6ddea289a1a8a6ece8bd3ff8f5323e4453d9c803a866ea4c51c6d3d7fcdac5a,CLEAR,DARKNESS,DRY,IMPROPER BACKING,2.0,37.5,2.0,2.0
06c003e5d8d3cf1e44ef5c2c0625393fab550f73c45c6c75fc9f951b94923cd0822ee76c45ea9cb791956697d1b239d5dc6935a396a00eebf5f696fc32ecc0d1,CLEAR,DAYLIGHT,DRY,FAILING TO YIELD RIGHT-OF-WAY,2.0,0.0,1.0,1.0
06c00d1c7097a1663b6a6e4b67905ddce34eb52a608fab997586ef5b6b44f7ef70a27ccae91b2ac74902db712a07c9c8d81fbbf053afbab6664a430b58ad7c08,RAIN,DAYLIGHT,WET,FAILING TO YIELD RIGHT-OF-WAY,2.0,49.5,2.0,2.0
06c066d3c3131688b50552edebc69fccc52403250cfaf73ac0df595322a7c9f7201ef59fa82faa4a35634896d1f3db3119d7f07e7a47b7a771db93acaecf1742,CLEAR,"DARKNESS, LIGHTED ROAD",DRY,IMPROPER LANE USAGE,2.0,18.0,2.0,2.0
06c06b0037c95dc79e6a64c7cbad9e40236bd79b84e6bc08a2404ef22fce7a888b12d76f89b341f04f87722f92a7cfba37e25d2b83e93e1ed9fb8caaffab9726,SNOW,DAWN,SNOW OR SLUSH,FAILING TO YIELD RIGHT-OF-WAY,1.0,47.0,2.0,2.0
06c06d5fd7d7d9c5473882787e38c85e906d03fd511bf1bf6c10dd01bf354c73605b7727abe4174fa05beb60c1bed0b8ecb6763bbe76159bce8966f3254db518,CLEAR,DAYLIGHT,DRY,IMPROPER BACKING,2.0,53.0,2.0,2.0
06c07fbae965ad0e9bd0da514e18984fbb2569a150c7f8d6d729f4adbd4b4c4cb894649cca4516303f6735957386c0900385c664c746ee8f318ee9caab7629ef,RAIN,DAYLIGHT,WET,WEATHER,3.0,39.333333333333336,3.0,3.0
06c08b85d728232edb033737d13d4b63f1cc6c4b892fbe0ab47e72c83ee0d5be9c241daa02a0d58a54c276bbcdbb8f0876b09bead3b2d99e32a9c062bc36179e,SNOW,"DARKNESS, LIGHTED ROAD",SNOW OR SLUSH,IMPROPER TURNING/NO SIGNAL,2.0,52.0,2.0,2.0
06c08cd18ead612c47e7c220eb1309fb6c6dbcaf81787636fdcd056660596fbd1073e315bd923e8061ae44c5d18a6716046a01958331bc8a25f4d116eb5e578e,CLEAR,DAYLIGHT,DRY,IMPROPER BACKING,2.0,29.0,2.0,2.0
06c091770a1e03139e10d2d6e57373c93dde312be7cf8a1ec4956475384ca5ecb14eca1d06ae9f592d567202b2e4080934884e583ed983ac787203f81f894921,CLEAR,DAYLIGHT,DRY,DISREGARDING TRAFFIC SIGNALS,2.0,37.0,3.0,3.0
06c0b99a694a99f6abf78fb2a81495b42924e1b81f8e01e283a28beea938d128ab3ecfdda7469fa639d7127842c07850a1394bd7aa4950a3f8f7ae7a586517d1,CLEAR,"DARKNESS, LIGHTED ROAD",DRY,FAILING TO YIELD RIGHT-OF-WAY,2.0,38.4,5.0,5.0
06c0d59015e41896062d11dbd620c9d3bbb027ff1b478289635be5baf66e868b234f4bb0950c8b5a038b7eb577a4358f47eee0c16051b1b9aad570e21823c9b8,RAIN,DAYLIGHT,WET,DISTRACTION - FROM INSIDE VEHICLE,2.0,48.0,4.0,4.0
06c0e60cb1f76a3d3e5dc832dc8a8c8dbd48bb10c87a29fcdc9b6b75a8fc518cc7cf4cddabeb11d857cb5b1e86222442a43dec48895b177ef4bc4127f29c1a1f,CLEAR,"DARKNESS, LIGHTED ROAD",DRY,FAILING TO YIELD RIGHT-OF-WAY,2.0,27.0,1.0,1.0
06c0ef2d0514f358d634eb5da536461ba45f8b396281de3acad26ef761972f3499ce1b0bad05402e2a97e146ffb667e9e3ef9e24f9852c9532937c073ce57ffe,RAIN,DAYLIGHT,WET,WEATHER,2.0,58.0,3.0,3.0
06c0ef6455799d1193df2cf5151b4e4688245ffebee5c405d68f8b7d09ebbb9ef9dfb3e122b3e59ded36d21add89c481aab211f6393087330c82518043f72a25,CLEAR,DUSK,DRY,FOLLOWING TOO CLOSELY,3.0,28.0,7.0,7.0
06c11554f8f51f120e1148e694681b795478fb51fd38f0033b876d59b85d567d3756eb983f8698c8d3414cad8984fe0e1752b646afc3c67e0060917fb159360a,CLEAR,DAYLIGHT,DRY,FAILING TO YIELD RIGHT-OF-WAY,2.0,27.0,8.0,8.0
06c158c9c3872a8f29e30add0f12f718eb8df5190ee361e41e7171689a4dfb38a435d840e049ae3e43bc9fe171bd62a0b65a4b3b2bbb177d371606e467d08b3f,CLEAR,DAYLIGHT,DRY,IMPROPER OVERTAKING/PASSING,2.0,60.5,3.0,3.0
06c17ac8cf2f76a060099eb510c326bf9ff88da70d16e10c455cd25ab1f62dac5da00c7a0ef96a36844feb9162ffa3080326d2e6a790c4eda4867713e4eb87dc,CLEAR,DAYLIGHT,DRY,IMPROPER LANE USAGE,1.0,16.0,2.0,2.0
06c188154d488a0bd37e7bfbf9dd1cc590f02088c30643e3bec5d3ed8e82238442ab2824aed088d571f65b5abd25e018ebcaeb748c3f4439cc2f0fb6ead51827,CLEAR,"DARKNESS, LIGHTED ROAD",DRY,"VISION OBSCURED (SIGNS, TREE LIMBS, BUILDINGS, ETC.)",1.0,48.0,1.0,1.0
06c1cbd2e800146850e49e9f9f9bee7f5fdee0f955bbdd06b0806257200eee37c874f32f70974050357e3be461be2dbbdf545bf2c7cb989c02fe54471ba95144,CLEAR,DAYLIGHT,DRY,IMPROPER TURNING/NO SIGNAL,2.0,83.0,1.0,1.0
06c1df3381cadee797e8d49ce33d47e872f569194e64f121fbd38071a02077df0e9fdc69687ec9b12b42f5003358c28761dc31134ee785f751bc91139243ce18,CLEAR,DAYLIGHT,DRY,FAILING TO REDUCE SPEED TO AVOID CRASH,1.0,60.5,2.0,2.0
06c1ea277ed2ec70db811a9001eaf5edf8b64b9377fd530edd3effc5d5feb635099887aa4e319602eaa9cc19f66be8c45aa92579e71ad70af6d004334cfd6330,SNOW,"DARKNESS, LIGHTED ROAD",SNOW OR SLUSH,FOLLOWING TOO CLOSELY,2.0,25.0,3.0,3.0
06c22727f58f7ad95a7bc46100d75e779e2445e6901b1e04024a1fcd0ae05371dcc7b431eb108501218d7029708498db9c320ebaa1167780f5497adb292e1b4f,CLEAR,DAYLIGHT,DRY,FAILING TO YIELD RIGHT-OF-WAY,2.0,41.5,2.0,2.0
06c245cd0b3d00b6dc14ec43acb69f2cb8a3104f477f59bd6714b7f9f74482a92ba6b42f2e648a122fbcc920a54c71f4cf121e71d317bc2791ca1ed5a66e0bec,CLEAR,DAYLIGHT,DRY,FOLLOWING TOO CLOSELY,2.0,69.0,2.0,2.0
06c27c076b3ca29601548d2b48e744b269f326aab70859fa3114b0a5efa3e64fa8d943e82c23b8aef5cf6d7fec009c95207c6bedf684a2c6a13e28c5aca6f3c0,CLEAR,DAYLIGHT,DRY,FAILING TO REDUCE SPEED TO AVOID CRASH,1.0,22.0,2.0,2.0
06c2a311ac0c47d5d1019dfef229b1d6a0b8df257d1b71f6b14a2e8df26b4ebfe13cd957dbadad9868b338a9419cbc2b64e45513881249eabef16fb296342a89,CLEAR,DAYLIGHT,DRY,IMPROPER TURNING/NO SIGNAL,2.0,50.5,2.0,2.0
06c30b5b486d84741d387a05632e965ff4cd7f456c78c48cd84c81158f35bf11ec98677aaf297f5c8d6d38cc1c7a490e34e56ccc46ee850af612c8936f961f22,CLEAR,DAYLIGHT,DRY,FAILING TO YIELD RIGHT-OF-WAY,3.0,54.0,3.0,3.0
06c31f9d4bf693561d7cdf02d4785ac989251a39df97d85b7897875b93cba57e779dc742d4460200205ca5149900ef0862a6dc446dd185f80548b9efc1630103,CLEAR,DAYLIGHT,DRY,IMPROPER OVERTAKING/PASSING,1.0,37.0,2.0,2.0
06c328eb6dd0eb19f8a8ec58b5cd4ee337bd00b65d44f902a8da8226b71a542ae19241f269fda67bd4c636f305150a8475bf94704d890de351948023db520c44,CLEAR,DAYLIGHT,DRY,FAILING TO YIELD RIGHT-OF-WAY,2.0,28.5,2.0,2.0
06c34f5f2ae5bef70b40314f676e953768ef64129824ff6050f339e25f49ab50d221b380ed0812589333dc96b211f1d1d453b08db6fd2abb44c29a94780a0b2b,CLEAR,DAYLIGHT,DRY,IMPROPER OVERTAKING/PASSING,2.0,57.666666666666664,5.0,5.0
06c3520f45daa6fe7ca5f412970c6e2b470b7cff3bef2996989a9816f0d83cb564de0c3431a654e977727002ade45ce7d0e6f779e94f5d1afd1a2de368590ce4,CLEAR,DARKNESS,DRY,DISREGARDING TRAFFIC SIGNALS,2.0,37.0,4.0,4.0
06c35be28506b0ee541d8f5a8bb9f7d3629d58a60394f0c2d89b8769f604800101ec1a3422eddd91b01fa97f8378b7a564aefd9e1f8c955d2e68d364ea4ec2a9,CLEAR,DAYLIGHT,DRY,FOLLOWING TOO CLOSELY,2.0,33.5,2.0,2.0
06c36994efd8841e2f9c8793f1cb1aef4231862012126a26ceb189efdc1749ab5c205d90fe38d47d67ff677d2cfdaa67d550b5ede9c47678bb6df2751e5ec1f8,CLEAR,DUSK,DRY,FOLLOWING TOO CLOSELY,2.0,25.0,2.0,2.0
06c38d9310675ced37b02c72da9a06377e9dc18d1e0c31c9e0683648f2009b9a2c3f9a49bfba727972129e6772f0a190d723b5c13e6a00d32cadaa064ffba7aa,RAIN,DAYLIGHT,WET,FAILING TO YIELD RIGHT-OF-WAY,2.0,52.0,2.0,2.0
06c39027507d7435da3a88cd3300dad55b8e0c22817ac9268bc79471a6cb95c1ef5412f9075ab7805d28bc2f64ef76b62f8fe2c6e8a0f80933a025856a197fe4,CLEAR,DAYLIGHT,DRY,DISTRACTION - FROM INSIDE VEHICLE,2.0,27.0,4.0,4.0
06c399f562465504ca0565f92f9cd3f6a5a1162e5917eaae7d687fc43e80782de28611f1adec840cc53f86b2ba8ad033e257fd1eb9f6ba713e39022e8b158b92,CLEAR,"DARKNESS, LIGHTED ROAD",DRY,RELATED TO BUS STOP,2.0,53.0,1.0,1.0
06c3bd7cf80abc613455a5d2bdda7fcd1283ef8e6560137902969dd1f907a8e3bce45afac4dbf3ce691aaa01a65f2c66f809dbd1e6fe74a247e4023800710e69,CLEAR,DAYLIGHT,WET,FOLLOWING TOO CLOSELY,2.0,34.0,2.0,2.0
06c43f24d34b1bde6d343046b2bc7434dc69c69c03ec979e3c388131db9c452882bda452117af068c0946d9bd3895f3243f3cdf69c54183e58fcd3b0cf5181af,CLEAR,DAYLIGHT,DRY,DRIVING ON WRONG SIDE/WRONG WAY,2.0,29.5,2.0,2.0
06c44c0cd656ff9f414e2bcd61ef18265990d8c383c61cc3e509b3fe6e862c13474c03d223a0f4238b72d7da3b2e1432c7f1ab6f70b8e98149b9b58c46c10e2e,SNOW,"DARKNESS, LIGHTED ROAD",SNOW OR SLUSH,WEATHER,1.0,34.0,1.0,1.0
06c4555d948aa35f57f610c0f30398aa13e92523f0ebb0d9d9392b2d908b3b11ef7672902278ab5d160925cddbcfdd34f2f68a458ada70ae9d5e04ef8c067e63,CLEAR,DAYLIGHT,DRY,"VISION OBSCURED (SIGNS, TREE LIMBS, BUILDINGS, ETC.)",3.0,32.0,3.0,3.0
06c45910f737063d95adf77287d889bdca8dcab75a824d2e8f8adb6a9d7334474f47e032fa8186647350c05fe10b130ed2f350fe76601a59ea3fdc981dea3f7f,CLEAR,"DARKNESS, LIGHTED ROAD",DRY,HAD BEEN DRINKING (USE WHEN ARREST IS NOT MADE),2.0,37.5,1.0,0.0
06c459344dbdd2fc0ec6579491b52b2348bcead00c955393a60328cb99cdd8437ef8eb6e6df71e57d43cfad2e0e11e6985ccf2333ca00afda1562da2c39efaaa,CLEAR,DAYLIGHT,DRY,IMPROPER OVERTAKING/PASSING,2.0,33.5,2.0,2.0
06c45ab928460ac697e1bec30c5dc7f84d27b54fd9c367ad3e3c9e9a6f2b87cd4aa31948655eb87aae961650d50198c51ba25cc2e0a84b5d79bfaa708a40efc0,CLEAR,DAYLIGHT,DRY,FAILING TO YIELD RIGHT-OF-WAY,2.0,40.666666666666664,3.0,3.0
06c4643ca1d52fecd2d38e13aff8408ece54ceba58826ec9c02dc6aade69eee833f7f160e1da5225e4a485415d23c501663a86093a6f5f801ed67e571c6cf38a,CLEAR,DAYLIGHT,DRY,FAILING TO YIELD RIGHT-OF-WAY,4.0,26.75,8.0,8.0
06c4734f0660cca92648d5b1c9b44ed363d13405c8aac634dc77b3b43f1cc25dc44e1133c1f3bf2cd65798849d6b453b1a34873157d146343c4c6be815ce0836,CLEAR,DAYLIGHT,DRY,IMPROPER TURNING/NO SIGNAL,2.0,48.5,5.0,5.0
06c478bc41ce8aecb24b80c780a84498cc80e1d0c15b804edcf300eebaa0dd6d43b174dc12b1f204bccf8510f70c69e479df407b2559673d91eb4db4e2e2f62f,RAIN,DAYLIGHT,WET,FAILING TO YIELD RIGHT-OF-WAY,1.0,39.5,2.0,2.0
06c4b1f988c992a4bac6f7bae07bebc0e0551666fe34343e478199f0b94ce8d49db4eb0988d3a5488887e9f1de80c0f1054f94255d3bd4a1166d5b2092c170f6,CLEAR,DAYLIGHT,DRY,FOLLOWING TOO CLOSELY,3.0,50.5,3.0,3.0
06c4d41d61d5b8b02b001bcfe0c88f3ee5ac7d786295ee28a004bf29a0b071be63beb044a9bf004c90d9639b3258a1e75ba67a97c13136316ab9911ff59e98bb,CLEAR,DAYLIGHT,DRY,FAILING TO REDUCE SPEED TO AVOID CRASH,2.0,47.0,2.0,2.0
06c4de0601f5bf6f233d24cf24ad243b1439a26f1345764c58175af92fba6da9e95e99a2e3df467556c825503db699b075ebbb8e1723558ab03e3098b58ced0d,CLEAR,"DARKNESS, LIGHTED ROAD",DRY,DISREGARDING TRAFFIC SIGNALS,2.0,40.0,5.0,5.0
06c5006caa1c41b63ae36b40c5f051a1a3c7935d30fd22ea18f0d7b5623766eed13d7672cc29823628e70090fd329eb6c09128988209d5db8671447352d1414f,CLEAR,DAYLIGHT,DRY,FOLLOWING TOO CLOSELY,2.0,49.666666666666664,3.0,3.0
06c5176dfd9802d434988182c31116ad16084ceb0f7e13aed67a17503f77f7b495c6be066d8f23a668bb57e052ca6a9ba7518a79edb88caec612bc52cd1388f5,CLEAR,DAYLIGHT,DRY,FAILING TO YIELD RIGHT-OF-WAY,1.0,39.0,2.0,2.0
06c5248350d52f642425e583584055c48e403730cce27f305308f570c8e2b5b85a73b57a1d6bf2428e25fe43a5b61991db5a23131d9ae3906ff5d00021ad1107,CLEAR,"DARKNESS, LIGHTED ROAD",DRY,ROAD CONSTRUCTION/MAINTENANCE,2.0,34.0,2.0,2.0
06c527038201ed7d523d07c4fae07c34291f143f8abce5f8aa1ee1d61a045e75fd30f52a24a3d64c23c33464365f2fadee98a618995a9fc9a078521b38b22e89,CLOUDY/OVERCAST,DAYLIGHT,DRY,DRIVING SKILLS/KNOWLEDGE/EXPERIENCE,2.0,22.0,2.0,2.0
06c536e5afd5a064115a49d5adb6b06dcace37bb8081b80f68464c3926a2daa5336437a93fc9d286d05a1dd93493d6fb5f8b3b478f737ce3b073a039a22399fc,CLEAR,DAYLIGHT,DRY,FOLLOWING TOO CLOSELY,2.0,65.0,2.0,2.0
06c56e66daf058d5ebb7a88234d7f35be83e342d41300281f72cb2d21f04667104906b65713c9034f3901d7593c2a82200c38ce50992a3bfd52a66bf70d12b4c,CLEAR,DAYLIGHT,DRY,IMPROPER BACKING,2.0,36.5,2.0,2.0
06c588bc7815f48d57e5528131d0c8fd83b26b2d3c12689a8f5dcad7a92171f8416a4ee84e657db34633661b42481338ff06c1db71b335b452f84a2618b7b293,CLEAR,DAYLIGHT,DRY,IMPROPER LANE USAGE,2.0,47.75,4.0,4.0
06c5ac46f142975c6b3b4f39c87dba9b7e1ede774dfc1c91da4fcbab91ce43841db22847fd6e19d285ee54d421276531f4291911062c449391de46b376717a3b,CLEAR,DAYLIGHT,WET,FOLLOWING TOO CLOSELY,2.0,29.0,3.0,3.0