crash_record_id,weather_condition,lighting_condition,roadway_surface_cond,prim_contributory_cause,total_vehicles,avg_driver_age,total_people,total_injured
06c5fab346183d8032ef6a990f2533e0b270c83f45d68357cebec2e509d41691ba494e678e153481a7a2b304598a88dd285742bc690bb8aa90d4084ba8521eb0,UNKNOWN,DAYLIGHT,UNKNOWN,DRIVING SKILLS/KNOWLEDGE/EXPERIENCE,2.0,26.0,2.0,2.0
06c6022877f0fbc10f6f6746691c10a154f5a02fdf004dacd1e9cda75aa174ea48208d9b770955c39a06799a5f8e204f2eedd986c90b4d433d136e9374fdf311,CLEAR,"DARKNESS, LIGHTED ROAD",WET,FOLLOWING TOO CLOSELY,2.0,28.5,2.0,2.0
06c6221d18fd29847e377ddf5d72fe8f63734a01e958399eef0657fe79dae516c844236732f2df1bd92cf4ee42eb821fd83e5604e5b368cc6bb2ec56149de058,CLEAR,DAYLIGHT,DRY,IMPROPER BACKING,2.0,37.5,1.0,1.0
06c647a5a4053efdac2be2b1d5e6abce3fbfc553faf004b447f730d0304936704140c608bfe3efcabfd7938306ad8dc7d7e095952e0e6e3b0f67570fafe9f5ac,CLEAR,DAYLIGHT,DRY,DISTRACTION - FROM OUTSIDE VEHICLE,2.0,43.0,2.0,2.0
06c67aeb04e7ffc09cb2843b630d9f875602ef3c696e69cdeddfef25957e25b65bd28cd291131d1100e5d8299892cf19959ef614c6989b4595157bc4ac56a716,CLEAR,DAYLIGHT,DRY,IMPROPER LANE USAGE,2.0,37.5,1.0,1.0
06c683f99d2a033f9987d26c2aefa9b3a21b2a7b9efa52dc6b3b04f8d580e3662ad22d69e4eff845e76069da0d060f992bc9b917484b2d27f25a0826d01ca98e,CLEAR,DAYLIGHT,DRY,DRIVING SKILLS/KNOWLEDGE/EXPERIENCE,2.0,26.5,4.0,4.0
06c6870b2abf2bb16ee777195ac39fd628e28041ed8c9a1e86cb67d679a38ba0a8a932967fead50907daf13049462daa4f4459b85eb077bebea4c3e84c62a600,CLEAR,DAYLIGHT,DRY,IMPROPER TURNING/NO SIGNAL,2.0,46.75,4.0,4.0
06c695be081c966783d75046c9e199ab66e12d3509f7bf511aa86e82ccc6b4970541513b918da23a949d945798bc384ee6d63ed987c459e0ac781157140c7432,RAIN,DAWN,WET,WEATHER,2.0,25.5,4.0,4.0
06c6a350ac52deff362067f9c981a3c3471806d1db973a0d6f438a12aa4dee9570265529189b6a3a37daad612af4fdc86cc71aa33a0f0970803075e8edf84f5f,CLEAR,"DARKNESS, LIGHTED ROAD",DRY,IMPROPER LANE USAGE,2.0,31.5,2.0,2.0
06c6ea2a4c32deb71f5ab3a23650ff23a35422987947c7c8b14e64c0eda11572442543ed623141eded832048ae930aa3c1ad5ef5310e65cc96abcc4c56e686ef,CLEAR,DARKNESS,UNKNOWN,IMPROPER LANE USAGE,2.0,59.0,4.0,4.0
06c6f82b18b67c9c0052e7219a63e1c95a3424e11d34b7e8d9e6a01823fb43dccda73a0d2d4f5803a2850bb0de5188e3afefad6ba276aa547c0dc397a15b7b6d,CLEAR,"DARKNESS, LIGHTED ROAD",DRY,DISREGARDING TRAFFIC SIGNALS,2.0,51.5,2.0,2.0
06c6f9961a6fdf66b9a9763ee319c035ee471e94acc2a19b6cfaf26e71cd1789bc0a489aa6820a6fc3ea3f35e86e5d4aeda175ecf1598b66db3e19a7669b25cf,CLEAR,DAYLIGHT,DRY,FAILING TO YIELD RIGHT-OF-WAY,2.0,55.0,2.0,2.0
06c710513c455ecd7da012c132d6a721b7fef340a94e5985ab3a731e9abfcf9b0852876aca4b7877777bc165e6866f6ae52d48194fe67a6bdf173e6c3f35d2cd,CLEAR,DAYLIGHT,DRY,FAILING TO YIELD RIGHT-OF-WAY,1.0,48.0,2.0,2.0
06c73f259bee3b57d0fe97c787041d8918b762970fb7729f4716f3bdb20bcac35385a380ced16b72f06c045e2ac000e166586dfdcb01f9ba6e2abf3f5f70b5f0,CLEAR,DAYLIGHT,DRY,FAILING TO YIELD RIGHT-OF-WAY,2.0,60.333333333333336,3.0,3.0
06c7543fbedfa21598a92bb4b835be83c0bd2104d86855fd2a20e366fca9bd3df98c26f700e777275b3c0500ebf6ca6c56ff8eab1b062684d8fd90e2e61586a2,CLEAR,DAYLIGHT,UNKNOWN,FAILING TO YIELD RIGHT-OF-WAY,2.0,48.5,2.0,2.0
06c7697f74c6230f072ef05352603542024c39af9568b8ea16d48d073315a6d94b369e99a29ec8eec2f5ff5b86fefdf6d94ddab2eacc5a16375a73b10471e933,CLEAR,DAYLIGHT,DRY,IMPROPER OVERTAKING/PASSING,2.0,45.0,2.0,2.0
06c77cbec7949f790a435d8119ea1c5daca969d5cdbd4e9b17cdfc9a4b5a9e9046d6eb7ea5bd60c68d2f240ff1abd5e4cc45656d48be30872b4985b1ce72ee75,CLEAR,DAYLIGHT,DRY,FAILING TO YIELD RIGHT-OF-WAY,2.0,42.0,2.0,2.0
06c78206960a2917cef25f1736cce2a7724b6ab4e8636ac87afcd61bc6a7749d7acdc2f966a1258ea941a6d9d62ca6536f1ca3f650185f7114b4b557854d3210,CLEAR,DAYLIGHT,SNOW OR SLUSH,IMPROPER LANE USAGE,1.0,22.0,1.0,1.0
06c7a273e57c9789f5b019d1bf1a7c8e4e3dd8ea35a5d7686200fb489630b0ed841fb77a47d5c25a34c80f88038e32edbdde54430f9a7709917eee72561cede1,CLEAR,DAYLIGHT,DRY,PHYSICAL CONDITION OF DRIVER,2.0,63.5,2.0,2.0
06c7f03fd1b82884416ad8d99a08968306f78f81ce8f4b0e45827fb3e935b730d2d19f080b3c0b5f94e560b683c52e7987fa58a5d228bdad6bc15a9561bee2d8,CLEAR,"DARKNESS, LIGHTED ROAD",DRY,FAILING TO YIELD RIGHT-OF-WAY,2.0,20.0,2.0,2.0
06c7fe799e8b5bf720750295e9166ebb5ba55897029e971b6279f52e4033d289aa71e38e5c4cf3ae45746cb35762014f1669e557fd78ed9da6f2d3cdfc5aee7a,RAIN,DUSK,WET,FAILING TO REDUCE SPEED TO AVOID CRASH,2.0,33.0,4.0,4.0
06c809fe61374eecc833d43b543efb5a52c3b603fd1ef4e4ed0791e03e6beb1b5911c4a160237f149096d4a953216efc89e41c991fa289df6ebfdc66a836ae47,CLEAR,DAYLIGHT,DRY,IMPROPER TURNING/NO SIGNAL,2.0,30.0,2.0,2.0
06c828caefcb8321bae36ee119c02927758e9c14b35f8bdf5469faa17a55af81f10ee44997d7902f071fec67cd48bf94fa616d4329aa7796d7216e494143270a,CLEAR,DAYLIGHT,DRY,DISREGARDING STOP SIGN,2.0,26.0,2.0,2.0
06c86a81c417d8cb178729ebd747e53ef1541f28d4ec8e41f547ed2e876db0e9068798e0f1602de5ddc2a2d642e76a8470e7c3c605e72e47c7b018502363156d,CLEAR,DAYLIGHT,UNKNOWN,FAILING TO YIELD RIGHT-OF-WAY,2.0,23.0,3.0,3.0
06c86d63815c09167339c48819edc3354b68bfc306c13d08c87de70583bd652f12bf5a88b8f9867372f4c09a970dadcd7a0b5e8e6e0e895d7e38675e4b9b0368,RAIN,DAYLIGHT,WET,FAILING TO YIELD RIGHT-OF-WAY,2.0,23.5,2.0,2.0
06c8a6ff3c92ea02ebc6385253b3bd4c70c86ee0577bde783018ae9273bb4b9c0330308516329d7632892937a3bda5641ad5847ed7c81ccc4b2434057c0cc520,CLEAR,DAWN,DRY,"VISION OBSCURED (SIGNS, TREE LIMBS, BUILDINGS, ETC.)",2.0,45.0,2.0,2.0
06c8b91da2ad14aae66048666ef44d3748425b512657306d6e0bbb82e74a237721c037be62c46c8e9a702779d1db7c312904d96137024a28d16122cdd3f7b8ad,CLEAR,DAYLIGHT,DRY,DRIVING SKILLS/KNOWLEDGE/EXPERIENCE,2.0,37.5,2.0,2.0
06c8c2f208871649cb0dbe39fc066d9532e57cd22cfa00e487836065f5bae39c4814cd97994635111fcda48bb3d134521685a6c602df53fcc6eaa20252ee5ab6,CLEAR,DAYLIGHT,DRY,IMPROPER TURNING/NO SIGNAL,2.0,37.5,2.0,2.0
06c9168be4efdb7a5c3bcca1fe6059a5aedbd1dc804407604864218c8c1c8d1fe6a86f7244fb38f529fa7b9f3bf146a3df79150bf2ba82cc7801e5394107cbea,CLEAR,"DARKNESS, LIGHTED ROAD",DRY,IMPROPER BACKING,2.0,49.0,2.0,2.0
06c9222c68ce6a477bf3a070c06101dd68c690f00a0d829c6149a04fb0a7f1ad04ab97066d99fa433a1186eb3f5f012106f571da953bf5524353870457da9365,CLEAR,"DARKNESS, LIGHTED ROAD",UNKNOWN,DISREGARDING TRAFFIC SIGNALS,2.0,35.5,2.0,2.0
06c94d99e9900289fb59d26fbfb5bf33515be932bfd433e8dd913fafe81eaa653d84d08cc48f832ea86c80f4e2cb436a40fe77e5eaea13bea8cf22c92387b068,FREEZING RAIN/DRIZZLE,"DARKNESS, LIGHTED ROAD",ICE,WEATHER,2.0,64.0,2.0,2.0
06c9541e5b62b3bc2b6b5c257b0109807f8a7911b7229e4178a721b58c9b09b1a9ad895086b26321fd5cc3f5c46ec2a16be8cbdc8a5f986561ca2bd8f582eeb7,CLEAR,"DARKNESS, LIGHTED ROAD",DRY,IMPROPER BACKING,2.0,47.0,1.0,1.0
06c9782a4818e0f773a0a4db369ba633873feb986cf9a3cb88d72af7cb136548f3bba2d16c2d81664856871cf8105d505c8c14effab3f54afa38168f5664c756,SNOW,"DARKNESS, LIGHTED ROAD",SNOW OR SLUSH,IMPROPER LANE USAGE,2.0,37.5,1.0,1.0
06c9888684647330f86381c52325e29c4ec23e0af43ded6a79d3d93f8203338851d44e6f9618a73a080693dcb7ff5a923c31877729829f2eb5e2e73af1451200,CLEAR,DAYLIGHT,DRY,FAILING TO YIELD RIGHT-OF-WAY,2.0,26.5,2.0,2.0
06c98cbaaebccc07b66b7408bcd4a7273ffe9effa5a58eee5bbdd5027bea4a917157f8929bcc411299657449a14d715ed650360cdfca1d92baa0ba287af4f472,CLEAR,DAYLIGHT,DRY,FAILING TO REDUCE SPEED TO AVOID CRASH,2.0,19.0,4.0,4.0
06c99d6e8232fa228db17ae2ddf6c585fc63e3366b3c6ed425c829cfc60adf345e3eb8ce65b5780850f5056611de1a69fe5da41ca974390c7a92106a2070639c,CLEAR,DAYLIGHT,DRY,IMPROPER LANE USAGE,2.0,37.5,3.0,3.0
06c99f96c87d77aa974df4aaa6ed61fad4dc26a734f97fae72ec725228b15ab6e0ee067000a84d23a910f049d8b798fcd15185d4a4ea921b166fb735aeec2b64,CLEAR,DAYLIGHT,DRY,IMPROPER LANE USAGE,2.0,36.0,2.0,2.0
06c9e769c109c33447336b70960df383516b5197b0e79cd3c40bfcfe995f8527f07fbda22b64680527df1e8ff9d0a41c873ffcefcfe1d105b3798cf9a4cc28b8,CLEAR,DAYLIGHT,DRY,EQUIPMENT - VEHICLE CONDITION,2.0,24.5,3.0,3.0
06c9fce0895445a747e32506c52bb22701b0ee0fd5b24445ef380125466ea9d4f8ea052dd6185eeb1f1f24b7e867d7ad0411ad86fb093f99ee81366a1d78de71,CLEAR,"DARKNESS, LIGHTED ROAD",DRY,DRIVING SKILLS/KNOWLEDGE/EXPERIENCE,2.0,46.0,2.0,2.0
06ca241c1eacccde8027530fd4f5897dbe35d7ccaf2ea8d35d76158ffba4e900d673c677f2e936e89e8562bdac5d3b98d3fa0af7320b6c1c3cbd66e6ee34a2dd,CLEAR,DAYLIGHT,DRY,IMPROPER LANE USAGE,2.0,20.0,1.0,1.0
06cae7cd0771a572cdd732218e80eef5e052dc635274f87f6b03bc70efd0858cbef4c5132fe2fc09a09fd384f8467eae17e224dde50636b4a32a9f5a4cd48d7a,CLEAR,"DARKNESS, LIGHTED ROAD",DRY,DISREGARDING TRAFFIC SIGNALS,2.0,43.0,2.0,2.0
06cae94576266657a061d805230dbdfdb0ee304f570cfce9cd7c1c360110d8755d741beef397e58a6670ad559a5092b0476ca6dc57f641ce13944a96c0b337aa,CLEAR,DAYLIGHT,DRY,FAILING TO YIELD RIGHT-OF-WAY,2.0,51.0,2.0,2.0
06cb40124f0d30c096a1c53c7e8adfbbb5f4195f81b8a154ef98cc8cbe29fdc28f67488d1f3b79d53b9e9d016ee6917eedc1acdce1a97a3696eb8a5e313e4c17,CLEAR,DAYLIGHT,DRY,IMPROPER LANE USAGE,2.0,32.5,2.0,2.0
06cb405b06be4ada0a008617ebfd8794690c32aa4f0508c35fa7847570c751c010dc3b226688575b8d5b09bc8419cd0e125dfd0c372e4e1ccf1f6ff63027b2fa,CLEAR,DAYLIGHT,DRY,FAILING TO YIELD RIGHT-OF-WAY,2.0,40.0,3.0,3.0
06cb45057b7d64fcb4084b4f922c03aa8765db7fc6f8af99d25881f7c7bf4a95b34ec4d9d4f25283bcc72cc2596dc1f4977bf8ff549ad1db79e0bf6c51e620a2,RAIN,DAYLIGHT,WET,FAILING TO REDUCE SPEED TO AVOID CRASH,2.0,37.5,1.0,1.0
06cb7c39cc96345b2e9b27d52b585db66725a56835faf48bcd0a21e272a9da2fcfc25c6f00c5f884707d0a7cb2a4da5ac35cb0f9a14ccb6ae5fead4047ba43fd,CLEAR,"DARKNESS, LIGHTED ROAD",UNKNOWN,IMPROPER BACKING,1.0,37.5,3.0,3.0
06cb916d3dc3673b506e7624f60bd8467beff6cfd719f1009d2781a2f2bcd0c0806434cb0dcfad62ba304f4fc5ee46b623b4836a8cb0ad07ae455e6b9911f847,SNOW,"DARKNESS, LIGHTED ROAD",WET,FAILING TO REDUCE SPEED TO AVOID CRASH,2.0,32.0,3.0,3.0
06cbc112140da27a6d15e5da5b88d18471291492e4ecfaf1bb31203391e2e88c44965b3759e31bec5ac2edb4df7d73746b923c74ca14a8d1a856f76d3397e4b6,CLEAR,DAYLIGHT,DRY,FOLLOWING TOO CLOSELY,2.0,41.5,2.0,2.0
06cbc38701f7a5edcc2bb498c9bab8fd8f46f6021702acf051ad884b1343babffe323c28770642835910be2638d091fb68a61273e6648815fc61fb846c2683a0,CLEAR,DAYLIGHT,DRY,FOLLOWING TOO CLOSELY,2.0,23.5,2.0,2.0
06cbf2d68cf297118e3a888d72cd1b3cf24bf20713a16f71a2a126e475ed053b984455d67905edd7d8d1ec3032651b1f08d1b6274d2151d2d81ec05fbd42f749,CLEAR,DAYLIGHT,DRY,"OPERATING VEHICLE IN ERRATIC, RECKLESS, CARELESS, NEGLIGENT OR AGGRESSIVE MANNER",2.0,50.5,2.0,2.0
06cc1cb763529fa26034dde2be466fe85fdb036e5f5b046214969f75a2c8b3f2fea49409755c3878b3286668e916bb12bb8f5f1e71c7e97b8b2006b07f8bbd70,CLEAR,"DARKNESS, LIGHTED ROAD",DRY,FAILING TO REDUCE SPEED TO AVOID CRASH,2.0,34.0,2.0,2.0
06cc3a89ea870eea1c3acc024984fae0f276536c0eb1a733575cef0c53a22bfc069d0c896a96562f3ee2ec80de3940c9268873f20da5a13a522a38e53121a82e,CLEAR,DAYLIGHT,DRY,FAILING TO YIELD RIGHT-OF-WAY,2.0,27.333333333333332,3.0,3.0
06cc3ef662b04dfbabaffa8cbedb4e1bdf0af9c4f52eb53d4fdefc21742a37f05729918e9b10499564dbeb2f85ca5939ab8bd1dec285018f4f20c6fda71c7e39,CLOUDY/OVERCAST,DAYLIGHT,DRY,FAILING TO YIELD RIGHT-OF-WAY,2.0,43.5,2.0,2.0
06cc43f0c49585611dff443716483c47761e37fb47300fbb96a0434dbacb7e44d8550da2f7d73d0fcde000d755e19a66c40e8ce191088f65cb2a9bcb7fed3052,CLEAR,DAYLIGHT,DRY,FAILING TO REDUCE SPEED TO AVOID CRASH,2.0,32.5,2.0,2.0
06cc49e1ee3a819658bb493592872f658e8451bdc6462f530b87195316e2dd12e510735fd4a0262b627980cdfee1601ec1f7bc2d575d2c9f0da88fcfb66b9f38,CLEAR,DAYLIGHT,DRY,FAILING TO YIELD RIGHT-OF-WAY,2.0,49.0,2.0,2.0
06cc61c03c0712b9b9149e99598507114b2687dda8ca02fa2802edb69a50d7e099ba728f084a6b8d6859cf6174abb7f2fa7896a2fe55f914889b5ec9d54dc2e0,CLEAR,"DARKNESS, LIGHTED ROAD",DRY,IMPROPER TURNING/NO SIGNAL,2.0,34.0,2.0,2.0
06cc85b8566c7bcb1b0e80a5d35e5fa3049f08b6fb4897f4a9f4914747f92dd06535b2ca7bcefa01a3ebc8751c76079756ba09c10983be5ae6ae0405d8459296,CLEAR,DAYLIGHT,DRY,DRIVING SKILLS/KNOWLEDGE/EXPERIENCE,2.0,37.5,1.0,1.0
06cc8887411431b468c7865e555381f3b0a6dd735560a4731518b9ea6f5f728e302d9118e67503c813f5ae8431629ad2928195ad962abd731bb6d6fca04bca5d,CLEAR,DARKNESS,DRY,FOLLOWING TOO CLOSELY,2.0,32.0,2.0,2.0
06ccb24a9ec75fa29a1144f2d83e4a08a3bd0ad23926a4a26f1bb95f49ed05b52393bc27bb9f95193d21be978ba97394df211594641fcc1380fa67c66c0942d4,CLEAR,"DARKNESS, LIGHTED ROAD",DRY,FOLLOWING TOO CLOSELY,3.0,35.5,4.0,4.0
06ccbd1c3379f947ddd5ba24bd1739c2704b49fc4413985326493d2c17f615a6f7260794c69798da0e2ad36295ca2ae540038f17db6c07986117ee34469206a4,CLEAR,DAYLIGHT,WET,DISREGARDING TRAFFIC SIGNALS,2.0,39.0,2.0,2.0
06ccef5e3c56d378fbe25a56389c31921326dc80ce5f976fb0d7b74b9cc52ac20e54ccd70e05a6d8daaa0cb5375e335c79cd1adc8c2260651c868bc45a37a935,CLEAR,"DARKNESS, LIGHTED ROAD",DRY,FAILING TO YIELD RIGHT-OF-WAY,2.0,26.0,2.0,2.0
06ccf2a6e652477def1239fb148b5fd8e13ccdc2d75b25b550c88ae91b726bf3d36393062288e128c35bb508ca96c18a9260a2102f4f250f39baa82d7a560eb8,CLEAR,DAYLIGHT,DRY,IMPROPER LANE USAGE,2.0,46.0,2.0,2.0
06cd058fb77ee5a38f2fea90389830f409d7cb3719c6fb31f183121197b914244690aeb9064ec250f6e39ee97f8990b048c2fd765a3ed683870e818303c9f8b1,CLEAR,DAYLIGHT,DRY,FOLLOWING TOO CLOSELY,2.0,70.0,2.0,2.0
06cd102a19adc8be71c0e7270321d06ccc57673e96f1201e8e37807f21f4c5058a4a62b3dd7c4325a845e6f799ee5b9189f0db64d8a3810ea3d7c506952b0fee,CLEAR,"DARKNESS, LIGHTED ROAD",DRY,DISREGARDING OTHER TRAFFIC SIGNS,2.0,39.0,2.0,2.0
06cd18f069544172f7b548a79736b3b19c0471b3f4eb3dc9e8ad463c2ce8fee3618406a14cb4894a5f219f6caf75aabf6073e37919c4301153e80a59a6f0d1ad,SNOW,DAYLIGHT,SNOW OR SLUSH,WEATHER,2.0,24.0,1.0,1.0
06cd209a0627c9e026e16172ea93ec7df803dfb424ecfbb0ab0c8c5d9e46835a7c997fc5365a51baf662282e9e30ebded05812ddf9003386456abf11018e6acd,CLEAR,DAYLIGHT,DRY,FAILING TO YIELD RIGHT-OF-WAY,2.0,32.0,2.0,2.0
06cd6bb6efe265b5bff51750824c5759232a2794c227738c7fe583343c0db0ae087c135da77f2af7c82e373d3d6219656ba20eef2d2375acfb733c7402fbd59d,CLEAR,"DARKNESS, LIGHTED ROAD",DRY,FAILING TO REDUCE SPEED TO AVOID CRASH,2.0,18.0,2.0,2.0
06cd97d747a964d65af16a1177b7e35bdb900db6e836a346a65ec2ee40580da4189ab6382d6e23c1fa6231528d3e0a0702bc4ebfb900491c463d2d1b33914722,CLEAR,DAYLIGHT,DRY,FOLLOWING TOO CLOSELY,3.0,35.666666666666664,3.0,3.0
06cdbb161d4d0e0b861aa510d239a693306cab929b3bd2c387e7c1a76e3aba7bbe8b392b053cbe9b0f632d35e6591f3f130252761bec4476ee42dd89c37c88ec,CLEAR,DAYLIGHT,WET,IMPROPER LANE USAGE,2.0,49.0,2.0,2.0
06cdf04c7c7d97db06d2d68a2b5a55fff58a8401684682c11a3dc198a0656b9ddef844c1684c8611d9cf6d38a243fe56b9d017ed2170c387d4e3fea42a0429f0,CLEAR,"DARKNESS, LIGHTED ROAD",DRY,IMPROPER BACKING,2.0,32.0,2.0,2.0
06ce1a0e9a582c22ec00f7edee90759f51e6b324d1767526f6ee57b4178dd30ef286e31f2de6045e03e956583b855b0c2170e3ca8d47764dc1473c83a23846bf,CLEAR,DAYLIGHT,DRY,FOLLOWING TOO CLOSELY,2.0,57.0,2.0,2.0
06ce3c56295b4f80be45e8e219b22b57849382a8d42a43e1f3e2c58fab5e25516f7848ff312fd69df3f1d007392dcb1b1a90e0d8f340382254c2bc0caea0c6f2,CLEAR,"DARKNESS, LIGHTED ROAD",DRY,IMPROPER BACKING,2.0,42.0,2.0,2.0
06ce43e9467cb43fbe4419feb6aa55ba55d9086ade8f1deae63749daa6ba4a260dcc49ace11a8e67b37513b517940185d1ac413010afa953918f9d45d63e8548,CLEAR,DAYLIGHT,DRY,IMPROPER LANE USAGE,2.0,43.0,2.0,2.0
06ce667029aeca6f7f0bbf17509c050fbecf291257d7e7a817fb33dda9b0610dbe8e9b64bb5e4537ac9725eb1c2298664df3fc9069d045b8c47253ff71d81c0b,CLEAR,DAYLIGHT,WET,IMPROPER BACKING,2.0,20.0,1.0,1.0
06ce921b2f8ec0a78e5d2b046a41afa6f20d4f164875061f58d789873d9bb4f175ec5758cb14c873298a09273998d1d078e34db7aa2fe9e552057216d00f7483,CLEAR,DAYLIGHT,DRY,FAILING TO YIELD RIGHT-OF-WAY,2.0,58.0,2.0,2.0
06cef0fb2586b8d39e9b5b0ac0b773463c7bfb1cd31930cd027422bab837de880bfd7ae632c81a425cb8480b42e4ec76d0cc6e926c11cfa78fb23517b5afdc60,CLEAR,DAYLIGHT,DRY,FAILING TO YIELD RIGHT-OF-WAY,2.0,25.25,4.0,4.0
06cef2e70e9fe340403b669d13c6817ce6e8d789f2c82f7347623a62d91bb0525db8d4e125ca5aae7f17703bc5d457f3ac5c1786dc88773b89240ed6e583a1da,RAIN,DAYLIGHT,WET,IMPROPER OVERTAKING/PASSING,2.0,35.0,2.0,2.0
06cef54d351b64728ddc7630ec44e553c27b8666971f1c0162fe83ff76d0ed3899ac44dff453854281bdfcb25c1a1736fe5e566695b60069213584839f46fe2c,CLEAR,DAYLIGHT,DRY,FAILING TO YIELD RIGHT-OF-WAY,2.0,43.5,2.0,2.0
06cf03bbab1b2c6ad7ceb4fb42745ff3a976dda96ae3f4d365089e383ee485471e24e29f9f9da1fc987df187dfed051be3c327f8636802a26a5847334a8bbe75,RAIN,DARKNESS,WET,DRIVING SKILLS/KNOWLEDGE/EXPERIENCE,2.0,31.0,2.0,2.0
06cf151d9c6a72f2c808fd929c48a70eafd3205337cc36fc4066a4b611627c65abd93deaf84a24177f2c942a23e5d738bea48e758cff0441358dc96211d074de,CLEAR,DAYLIGHT,DRY,IMPROPER BACKING,2.0,24.0,3.0,3.0
06cf2f0b71b18746a99ae167d2dab3d070742c7438120efc91d31e519cec620081e845c57b98ac11d93221e1298928201b1d7c2924fd96e5f90a679fc3377bfa,CLEAR,DAYLIGHT,DRY,IMPROPER LANE USAGE,2.0,35.0,2.0,2.0
06cf89ec8ac32a54c8614896ecbfa0c50dcc5cc697a5257c06ddd7c8c5ae915f423fc9a05b623ad151aae987bfdc7ffb582aefb0d3beb030d666b4f34a27c872,CLEAR,"DARKNESS, LIGHTED ROAD",DRY,FOLLOWING TOO CLOSELY,2.0,19.0,3.0,3.0
06cfa4dda7bdac74163cfae0cefae8ade113f723f2666b86324fd8028ec802af05b82a5a782197468ec3003343f3116f78816abeb0287cad5248899be6366d8d,UNKNOWN,UNKNOWN,UNKNOWN,IMPROPER OVERTAKING/PASSING,2.0,37.5,1.0,1.0
06cff8e5d98443ae6f53d3022b5bedbcff20c8fc22e77d6bada7041e442fd11461ba3bb608a8b5ab8e80d4c1415b7a2002229bb82e786831675bbe3fb71076a9,CLEAR,DAYLIGHT,DRY,FOLLOWING TOO CLOSELY,2.0,37.5,5.0,5.0
06d0095df1a82ff2f059f7820357f5e42bf2ae4611b4cf02676343c48d74b3d6d1e6471932992fa5116d48cc11ab733c06e1d9b33ac6d09825bca8735753de36,CLEAR,DAYLIGHT,DRY,IMPROPER LANE USAGE,4.0,64.0,1.0,1.0
06d01a3645c803631055975d02b0db80a49c55af40fdbe7e44e76fb7be17caa2c765d44f8e49b0dae8f3989504be3d9bd8c6b6f8a5677f7395df9fd9b586a002,RAIN,"DARKNESS, LIGHTED ROAD",WET,FAILING TO REDUCE SPEED TO AVOID CRASH,2.0,37.5,2.0,2.0
06d032c0e19fff3d58b18c2e47cb573ed8e7075894ecdc21234f711ce5425217863efcd73009d67a35219838f72683405dcfda1840df4ca3e52f37e277b8036a,CLEAR,DAYLIGHT,DRY,IMPROPER BACKING,2.0,50.333333333333336,3.0,3.0
06d04b1f3e0a371f9bd45d4e47871f88381ef69f2b2525b2cbdab6e54e711f168c5a97e1daeaa653cd603d8caef61e7aea3f3a8bf70e5e0516e562866aa6649a,CLOUDY/OVERCAST,DAYLIGHT,DRY,FAILING TO YIELD RIGHT-OF-WAY,2.0,40.0,3.0,3.0
06d04c91daeac6233a73d3029c54b29f89436f752cb5f2937daa834e2fd79b8ed6c7d1bbcc6160f485a33d6e4a85f699e9b6c95b5334efdf2f6495b82bb25a56,CLEAR,DAYLIGHT,DRY,FOLLOWING TOO CLOSELY,2.0,32.5,3.0,3.0
06d04fef21753b89294419312964c5684e99560fdc028594193c350ed6ec48d4a9eca9723bc84b45fa3c190edea3a1372c5a6960b36c96d148abec6a2e7f1021,CLEAR,DAYLIGHT,UNKNOWN,FAILING TO REDUCE SPEED TO AVOID CRASH,1.0,53.5,2.0,2.0
06d0aa322f0ca61a20b5880c806a35a272de33edd3629a95f123502fe0d6b681c3061def5d43d8c45ff121820d5937379cf54d506b1b821559047721f9722b39,CLEAR,DAYLIGHT,DRY,IMPROPER LANE USAGE,2.0,29.0,3.0,3.0
06d0b4a481e745d9c07f0f23c470f32ce0a80c5ae23deec2bad0568288356f1c0389eaa30a20d556244cff193d4161150c912dfd312118e8ed5e66deb316913d,CLEAR,DAYLIGHT,DRY,FAILING TO YIELD RIGHT-OF-WAY,2.0,27.0,3.0,3.0
06d0baccdf6f1e7ae226159f666df5fdbade7d6894a545fd080975dcd500247ab13c744e1ad52f7d6c1ef51ba551b06b5bbc31a5934fdf7e16bd5175fbd9dc15,CLEAR,DAYLIGHT,DRY,FAILING TO REDUCE SPEED TO AVOID CRASH,2.0,55.0,2.0,2.0
06d0d84cb337c575bea45b19226041fd32f18a31dad7cdda804570124786e5587c5e33d17a055921aac38716fa01a75835718a75128b67a1be573130722c2b4e,CLEAR,DAYLIGHT,DRY,FOLLOWING TOO CLOSELY,2.0,32.0,5.0,5.0
06d0e37ef79c1d98b17b1362d545e65a0f9331400773d30c8f76df7770926b29585b17c711c6bda323b5b921d50f7b07ee07413f4a6e487a07e2d99f3e6de72f,CLEAR,DAYLIGHT,DRY,IMPROPER OVERTAKING/PASSING,2.0,30.0,2.0,2.0
06d11d0ac4bf97a43f93b78768b225c91ba0579939a4fc92ba3f426a1353607f52a8f8536eefb3a7a3e75f553d1e941841ce5b26890e986b06ad85a716fa3a2c,CLEAR,DAYLIGHT,DRY,FAILING TO YIELD RIGHT-OF-WAY,1.0,25.0,3.0,3.0
06d12e3d9daf0fec4e9f4a7ec2dfe9fb96dbc668447317ae39bac38fbb0e602c1b91132670c6b626a46a414d8596f08071c09adeafd327cc085e1bc508d2e4e5,CLEAR,DAYLIGHT,DRY,FAILING TO YIELD RIGHT-OF-WAY,2.0,66.0,2.0,2.0
06d155b6677e621fb91e7cd8a3efc206bea2dfaab7c06f81fa3e6e3d205e75c703ddfb1dce18259e6a558f679744614c105cc9d6169bb690ac6fef56ec77213e,RAIN,DAYLIGHT,WET,IMPROPER OVERTAKING/PASSING,2.0,37.5,1.0,1.0