crash_record_id,weather_condition,lighting_condition,roadway_surface_cond,prim_contributory_cause,total_vehicles,avg_driver_age,total_people,total_injured
06d1643a1888e5b6ea765f8628414b26578130f686152cbc3af40483bf97a616d75097e758d51cdb91c60df30ea7ed363647ea8e04eaad521d85f726e6cbe870,CLEAR,"DARKNESS, LIGHTED ROAD",DRY,DISREGARDING OTHER TRAFFIC SIGNS,2.0,20.0,3.0,3.0
06d16a10dbe8fdca9b2221ae6f9c81d9b3b1ee6f7204a3a576799e5924579f5a5efc8bcf388534cc5a2bb6d57812a1331a97f7ab0d43780c165333c6bdd14b82,CLEAR,DAYLIGHT,DRY,FOLLOWING TOO CLOSELY,2.0,48.5,6.0,6.0
06d1b2c313f5dc8090e29e0e846a5a07e6e6eea91364b775b82b857ace8f7d1048faacadf5e07a0dc1752eac4a7aecbb34eab3816f2698696e387a54a3debf0c,RAIN,DAYLIGHT,WET,FAILING TO YIELD RIGHT-OF-WAY,2.0,45.0,2.0,2.0
06d1b6b31a2b1428c5d3365f6e967d1ac0fe193cd61ea66bac08952f55291de30848e5d70d80e0db0f0eb6f49ab074cb9f1c3e5cb0efcb2e9a550e1cb764ed92,CLEAR,DAYLIGHT,DRY,IMPROPER OVERTAKING/PASSING,2.0,25.0,2.0,2.0
06d1bec35761d1e5811df049159caca8154a09aacf766e384daa05dc8020321bed4337a395522d754c44cb3f09aff3a2b5cb99db00ba4d3e90d1bf16f235a50c,CLEAR,"DARKNESS, LIGHTED ROAD",DRY,IMPROPER LANE USAGE,2.0,34.5,5.0,5.0
06d1d889d02cd0b2167ee5951ac1a246fd273243ca506e469efdd2edf73517ce5426d3d86337da4a46cd717ef10bdd164646afe0d22fc287b69a432ca74bf317,CLEAR,DAYLIGHT,DRY,FAILING TO YIELD RIGHT-OF-WAY,2.0,36.0,2.0,2.0
06d1dba144d54a415531cfbc65ea908e452dba08e4cf4b9495a9ce8ce7b58eda24c795c92bf31b222d4348c5a4eb3c7a4d9b24882aeeb23d9d4cd171da689e6a,CLEAR,DUSK,DRY,FOLLOWING TOO CLOSELY,2.0,56.0,2.0,2.0
06d1f549923ac4e9cc8ce3a84bd81a39c334f8ff9ec0a13e3b77b1cec120c9c5ec7f972e32f1fcc57d6e818c1214e2bcc94ef1f9c417d0b96950fc3bead9e37d,CLEAR,DAYLIGHT,DRY,IMPROPER OVERTAKING/PASSING,2.0,45.0,2.0,2.0
06d20a73d6daff9ad5abe5e93b525d3da0d043c38d0e952b97f0ee20d0288c9bcbec9dcb8a226a83ecf42a6f4618fa1141e9914637987e35ab4d8e7b91889e0e,CLEAR,"DARKNESS, LIGHTED ROAD",DRY,FOLLOWING TOO CLOSELY,2.0,42.0,2.0,2.0
06d20e3d8dd2682e4c89847f590dbd24c199a79892860a1c29db7d309386b674472d0a3a5e53e2da62902804d721898aeec0f5ef43fcfe5e107f11129040210f,CLEAR,DAYLIGHT,UNKNOWN,DRIVING SKILLS/KNOWLEDGE/EXPERIENCE,2.0,25.0,2.0,2.0
06d218763222ea5ed88dfd085da70fb7772f074d76682157db8ac04730a12c8beaf341d13393ded4cd3fdecce9bc9eb0e26fdc04335bfe79291da8c986c4e70c,CLEAR,DAYLIGHT,DRY,IMPROPER LANE USAGE,2.0,19.0,2.0,2.0
06d2315ee8876e1aaf814d038397590cd6ad24dbfbd0d8427c1c98090dbebbda370e51b9581eadea99829f9a259429d8337131abb7ab9dffad72fe1d5ac72a6b,CLEAR,DAYLIGHT,DRY,"VISION OBSCURED (SIGNS, TREE LIMBS, BUILDINGS, ETC.)",2.0,38.0,2.0,2.0
06d249db90f7a970752e38052077480aa90a959ebe5012545fc2903df5f36c936b45e2d14e5a4659fa9b966a8eee01f899a9b1792416b50a0eb7218c74e293b2,CLEAR,DAYLIGHT,DRY,IMPROPER OVERTAKING/PASSING,2.0,32.0,3.0,3.0
06d250cd0bb9f353b5ad764bcef882d79b297da68395f61b83cd757f93841f281331aa5ddeee66e1005d2acddc711b34402e6c77d6f241cc79a007948acc9fba,UNKNOWN,UNKNOWN,SNOW OR SLUSH,WEATHER,2.0,39.5,2.0,2.0
06d25572febfb2a7271372c85b15897afdc89c6ef694ce5e11b2bab2f63e4eac3dc19d22bd1cbdfb74cc174a5dd13e07ec4c056690c4dc2c34d1d12d018f433c,CLEAR,DAYLIGHT,UNKNOWN,IMPROPER OVERTAKING/PASSING,2.0,41.0,2.0,2.0
06d27a89281946974cf5174425a0bbd99cee5f16536a9b4cc7c451327f664df75fcc3262d97b4ebe34caa4501cc599a49c744ea16ce92e82ce8c0c28ee9c2a35,SNOW,DARKNESS,WET,FAILING TO YIELD RIGHT-OF-WAY,2.0,21.0,2.0,2.0
06d27c522007acf4a6f56d57f816c0bbaad4fa718f881cfcad064f974ca233c6f589411be22b5263478295bc2ae3ce94ac315fb00f25c3e2b61ee12de24ebc41,CLEAR,DAYLIGHT,DRY,FOLLOWING TOO CLOSELY,2.0,37.5,1.0,1.0
06d299e9e41f0d59531c3151b94853fca13455cb009f286a1661a6902befba01c819ce0ddcddaa6e8aeb53f0c35691b6c839e41879ed6aa38f2fe90df9ddd8f8,CLEAR,"DARKNESS, LIGHTED ROAD",DRY,IMPROPER LANE USAGE,2.0,40.0,2.0,2.0
06d2abd850eb2eb1179fa1c95452f15d7b78988a2052009189d2580ba375ac37c620fc00247152cb787cb3bd10df9a5273a0edf0d2cc92b6ddbaa82ef292cdd8,CLEAR,DAYLIGHT,DRY,FOLLOWING TOO CLOSELY,2.0,26.0,2.0,2.0
06d2b17c9f7b6ab158c61d2fa47d9d74905c0803b88a8e0f5a3a2615f7f89396f5f22948d8b8338f274cd17778eab5bb692a591d7de64d09b44d1b9aaa43c089,UNKNOWN,UNKNOWN,UNKNOWN,FOLLOWING TOO CLOSELY,2.0,40.0,2.0,2.0
06d2df3887701ca663d3d272a8e7c2475deb75ceef0c07b4f7c7f8c7c72291d5c935b805ad3826c45e82e791841b8488375c6789ee6818fc8e8019aa8b5cbff5,CLEAR,DAYLIGHT,DRY,DRIVING SKILLS/KNOWLEDGE/EXPERIENCE,2.0,41.0,1.0,1.0
06d2e909c4281600e09467c17458f0d39642863d315d4bb5e21fa6e592ae13a62ee72da4180f66a9661e2ed7c24301ca0d801e15f1f1e428923b7caadf0844e2,SNOW,DUSK,SNOW OR SLUSH,EXCEEDING SAFE SPEED FOR CONDITIONS,2.0,40.0,3.0,3.0
06d2e9bbffb991493c6baca06fd966f16f803ad368f6e4fd22c0ab72bf485056d39fa48b249f223e4ba1c20589b32eaff182c8441a0ae9d6277acc707ac999b3,CLEAR,DAYLIGHT,DRY,IMPROPER OVERTAKING/PASSING,2.0,37.5,2.0,2.0
06d31a3d84bdf12e45ec67c719ffc0f55c1901088f6f6217d87563d7baf2130f973a1556e1bf15ae7301dfb9c8b6f645c024d5dfc7df795fa491a4a499d87214,CLEAR,DAYLIGHT,DRY,FAILING TO YIELD RIGHT-OF-WAY,1.0,29.333333333333332,3.0,3.0
06d33c3907a172ce9f35b10d3237fdfe59cdc5961d82583be8aa5eea678bcb0137a17ead3b90a12e0df63949d2cfbf96e6a707c315832bf16a03755ad55afb7a,CLEAR,DAYLIGHT,DRY,FAILING TO YIELD RIGHT-OF-WAY,2.0,38.0,2.0,2.0
06d34c783c5bad098388ce2f26342afc3d67c6edc8ab169b2c72edd7fde83c3787b002b9ace77a63935329697ad1dcdda28e6a84976227315012275c04af20d0,CLEAR,DAYLIGHT,DRY,IMPROPER LANE USAGE,2.0,73.0,2.0,2.0
06d370bd1dee5461baeab1b1ebc80045e196891fafd7667e9c585ba3a6579d750ecde5f6cd04a18f0567a33af7f8613ca7d533fdbb52d52c434b96f4d659dec7,CLEAR,"DARKNESS, LIGHTED ROAD",DRY,FAILING TO YIELD RIGHT-OF-WAY,1.0,36.5,2.0,2.0
06d387308ba5ae8844aed9273d39197adf6b4d40ae5d3b3f264a58b44855b5a54413a1b3e783cf971ff109539175c1300adf5f645c8b9defcd975f41e65d41fd,CLEAR,DAYLIGHT,DRY,FAILING TO YIELD RIGHT-OF-WAY,2.0,19.5,2.0,2.0
06d3b317eef74fc31d0ba00bc6959f217fd7251fb5314898b5a131d5424b22454817ca43fa5fff12ac0fe8566f8520f5a3b1afbc84fd15747779f97aedb2ea81,CLEAR,DAYLIGHT,DRY,FOLLOWING TOO CLOSELY,2.0,20.0,2.0,2.0
06d3d8b1bdce84208f124bf9484fc9a445151257247f2a7efd6867351440ec025cc45c6cbc3a9d3d84ff55be7090f64d4523aedaf0f9e81737916f5f8d5411a8,CLEAR,DAYLIGHT,DRY,FOLLOWING TOO CLOSELY,2.0,71.0,2.0,2.0
06d4251d6e8f84137e9613c851aeb48560edcb67134d65590b556fbe11c94ed4fb44bb1c7c8fa5b0306979e5e0ff28167c981b7f609d4665f9f3b720214ae87d,CLEAR,DAYLIGHT,DRY,DISTRACTION - FROM INSIDE VEHICLE,2.0,26.0,3.0,3.0
06d42b8718e3e6f562a7f2e62fefd6bf1058726456f6665400d01ca25ca2ac06c9325ed3df4c42443d9093c5e55c3f427a6e71beb74fa8f9d9b935a3693b1570,CLEAR,DAYLIGHT,WET,"OPERATING VEHICLE IN ERRATIC, RECKLESS, CARELESS, NEGLIGENT OR AGGRESSIVE MANNER",2.0,38.0,2.0,2.0
06d43e3cd06906d9c279ae0589d5fd99cc8844d4699b0670ecd3ddf057677298a60b92c8d6c944161ee341e192185745cb2785185c938ab515826467b5103d79,CLEAR,DAYLIGHT,DRY,FAILING TO REDUCE SPEED TO AVOID CRASH,2.0,48.5,2.0,2.0
06d43e593c63ffff7644cac5771b9fe5795930e50923215f84877656a1eeb56263efe5f4f100a2a31694ef36241fe68a351ba2974f3df8620b801d6733c50090,CLOUDY/OVERCAST,DAYLIGHT,DRY,DISREGARDING STOP SIGN,2.0,39.333333333333336,3.0,3.0
06d49f33cb903b950189b7dbbb4d40d0c9270c06b29812584e6f8b2745f74006514a22d7d4e0a7c8fe687d6afd9f350bb6fc20d6ebf20d00737d364e0381af15,CLEAR,DAYLIGHT,DRY,FAILING TO YIELD RIGHT-OF-WAY,2.0,46.5,2.0,2.0
06d4a193f16f01aabacbdea9bbc8ea3df05fc8e6f4864aade12764d740f04721655a146639c06df8d930dd6bbd3dcfcfe7aebabbda2199449c2eaf47fcf8299a,CLEAR,DAYLIGHT,DRY,IMPROPER TURNING/NO SIGNAL,2.0,7.0,2.0,2.0
06d4a9496a25ca7b2accd07db2574726383a64f8e53a93efddfa6ed21ec02b06757fd219c355780aca30b80492a0c97b2b87929de8a7f1a4c45b33309093a70a,CLEAR,DAYLIGHT,DRY,IMPROPER OVERTAKING/PASSING,2.0,46.0,6.0,6.0
06d4b05d081c3ff50fded9cc43d36d15d14c92c98eeec305be6a397709f9109fdb75ff5cfec0b35cb61b7ac212e364c75322cad4888f211c9772b1a1f5e0c867,CLEAR,DAYLIGHT,DRY,FAILING TO YIELD RIGHT-OF-WAY,2.0,57.5,2.0,2.0
06d4b23de08cacada2c6aecdd129db2d87bc9cb8f3678fc3f9f9e0ad36ea26853f358538a615c9ef3df11c17506cb954b9f28d6fceceffe08bd9364941c88db9,CLEAR,DAYLIGHT,DRY,IMPROPER LANE USAGE,2.0,48.5,4.0,4.0
06d4cdddcfdc9da6854d462ad94ade4ee8a91c0cdedd96892353c21f5d52b10ad3ba3c103aec4691c926160c68a4cb19bf3f78a64da61ad09bf49a4a03ddb0ab,CLEAR,DAYLIGHT,DRY,FAILING TO YIELD RIGHT-OF-WAY,2.0,18.25,4.0,4.0
06d4f81b9e2b5fb27d65ac26dc4a64aac222d55f6965b38a7f23a551a5b1d283599278f5c7fba5408ed432d6d4ad97419eaa4c70bd5e4e9ddf90cec44028d6fc,CLEAR,DUSK,DRY,FAILING TO YIELD RIGHT-OF-WAY,2.0,20.5,2.0,2.0
06d50ba612f382506d742c69180659e1f61b811bf3cbde2ce373765e3e1f5d3361a0ae296c43eca2f58720e46fa96d500f1aff1b7bfbf58b206e17cb3e2161bd,CLEAR,"DARKNESS, LIGHTED ROAD",DRY,IMPROPER OVERTAKING/PASSING,2.0,59.0,2.0,2.0
06d515f5191ecd1a9bb903acfd10d346432e8e3fba84aa59d3b2d21c0f4460143303c49f0d26dcd5f22b2ed5a6201ee7a2cfba199a6b529abc74b316fa37c80b,CLEAR,DAYLIGHT,DRY,IMPROPER OVERTAKING/PASSING,2.0,26.5,2.0,2.0
06d537b60c8954196d689c9b1fade4e748fd164d87cf355bb8ed896f681c3e4d9fc11bda328d22dac33976538b7290c286cb06cdba1c574a260cd17c061c308d,CLEAR,DAYLIGHT,DRY,IMPROPER OVERTAKING/PASSING,2.0,45.0,4.0,4.0
06d53af18302a0b9ed00e9c6dcf34049802c7cd9728cc6b1e606c1771ba749c06520beb2ff78e4d5d40f1a15a14bac150a4d3f635cf6be97f47fec8fd8de5f42,RAIN,DAYLIGHT,WET,DRIVING SKILLS/KNOWLEDGE/EXPERIENCE,1.0,37.5,1.0,1.0
06d5424c946435bdd7358c6111931b2813aa7ff36f79737dfc0b6f5c91201ffb383d54607454dd6854a07fd3d9ad29edec162932ef546e3ec945e3911d8e4278,CLEAR,"DARKNESS, LIGHTED ROAD",DRY,DRIVING ON WRONG SIDE/WRONG WAY,2.0,51.0,1.0,1.0
06d54b6e549e95d0c085a4ab970509d9b303baca2ba6f363f9013e37dc7f91e7b4acd9bcd54b6520c71023a17449c48435b18bd3e2b771bf78ff8355ee94bb83,UNKNOWN,"DARKNESS, LIGHTED ROAD",UNKNOWN,FOLLOWING TOO CLOSELY,2.0,34.0,2.0,2.0
06d58faf539531a16067347da73dd3f0ccc3b6307186e9eb3c56dabf7705fa71f16bfb91415fbbd184ed3cac16dbe7775ef54d590d3c191bdbd084e13c44bd26,CLEAR,"DARKNESS, LIGHTED ROAD",DRY,FOLLOWING TOO CLOSELY,2.0,24.5,2.0,2.0
06d59f6023f36805b158b5b86ed8896d2d3d17ea479bdede414a7fc3e86481fd995726999ea62438b86b88a24edd3a047126beb376a307ecb4606de6fd20b9b4,CLEAR,DAYLIGHT,DRY,FOLLOWING TOO CLOSELY,2.0,47.0,4.0,4.0
06d5b2550f118cf0d8ef098f251b1a7cd851fa4d5c088f59dd77afe3798993bfcfc0a4f18696cdc62a1960423d6c2adf90b40955f9285f5dc7c3b2930d9c7f5b,CLEAR,UNKNOWN,DRY,FOLLOWING TOO CLOSELY,2.0,43.5,2.0,2.0
06d5b76395f498c3e4b4b29127ebcc36a9c104a30868e62f1b0f65163c8d98e21c0dff8a9f22405c422a51828adc601bd69524f621eb92ef5107c22907929cf9,CLEAR,DAYLIGHT,DRY,IMPROPER LANE USAGE,2.0,38.0,2.0,2.0
06d5bcd66fcec82cf41baa9f61cf16f52fdc314a40ba3a8e1e4aa0d2741b2981e77b44f5616f165a237cfd2c7880f279e9e2469d13462655cbd96608c2930ad5,CLEAR,DAYLIGHT,DRY,IMPROPER TURNING/NO SIGNAL,2.0,31.0,2.0,2.0
06d5bf6a5805a07b8668403abcf33c700a3d80c4b569d218c3b7d71a172337d804555c2992a1427eaf3a102572f3ec4a096fb3d52d51e33e3637d2f4c8894c2a,CLEAR,DAYLIGHT,DRY,IMPROPER BACKING,2.0,42.5,2.0,2.0
06d5d4ed67ef7758a7c88c398a332c1672bf1a2b5d105dd08f236b98301b72500ba79e7f65354a272b4a98aa47cb7b3380df3afb7f97c5f9caf579b4e4e6ddae,UNKNOWN,DAYLIGHT,UNKNOWN,IMPROPER OVERTAKING/PASSING,2.0,30.5,2.0,2.0
06d5ec6387cfdb73305a04ff311a73a33fccbb9f417c07cf1b51390f76fc7184b010565a100139f0a32683899bdac86db25657f63821d11673c9616f90bf02fa,CLOUDY/OVERCAST,DAYLIGHT,WET,FAILING TO YIELD RIGHT-OF-WAY,2.0,37.75,4.0,4.0
06d60554b8c87f48fc5f4af6fa2a78de91d1809fd3bedae1194d2cc93d9bc054acf06d10703c87e9f73a018c1bf6ed1ede595af6e5163520900df99bf196d355,CLEAR,DAYLIGHT,DRY,DISREGARDING TRAFFIC SIGNALS,2.0,25.5,4.0,4.0
06d61bd55a4b0bf8b5f5a6e90832a30aa93b503cf3e3cfcf4deb744b65ca29e53ef323a2088a473ef784018ebb728f705db9c3da94f15684c95027c5c1a145a0,CLEAR,DAYLIGHT,DRY,FOLLOWING TOO CLOSELY,3.0,27.0,3.0,3.0
06d6307ae65c08f16c6eece95b8bc83c1bc68ffc955f24cb653ad69bd253799aa7cc917f447abba50714e2a652f66de3892fa9bb5b51b8c43adfdca6cc2f7f16,RAIN,DAYLIGHT,WET,FOLLOWING TOO CLOSELY,2.0,37.666666666666664,3.0,3.0
06d65bbb682a39a5cf4434a1ac5060009400ab0330ce15b6c2b45fea45296656fd71025abca36ea6074a158c609fc8e0ab64a8aea82053c63eb4d66d26786af5,CLEAR,DUSK,DRY,FAILING TO YIELD RIGHT-OF-WAY,2.0,20.0,2.0,2.0
06d6a7e58c816a76df76e10b4c127ec146925b3b0f3eb3395e8b53f54eced12b01e5be1aa2f6f2e126e28d7465b837d0f9ee11c274a58b6882b87e1b7e497e86,CLEAR,DAYLIGHT,WET,FOLLOWING TOO CLOSELY,2.0,58.0,3.0,3.0
06d6edfb311855ef6631bd5f38ecadd5be95076e0a1553f74d6c89ec4cf9227f02c116371891fb2e3977cfd0230ee02df0244003d9e709fe451e39e4fe0a8ad4,CLEAR,DAYLIGHT,DRY,FAILING TO YIELD RIGHT-OF-WAY,2.0,30.0,2.0,2.0
06d6fe7c02fc422a7b455e12b01454e90e5d1d9bcfcf87e1297feaf7d90a078490300f55fa7f530b779ef866b4e1a5d42870c69f997485e843b1a13b4b3373fb,CLEAR,DAYLIGHT,DRY,IMPROPER OVERTAKING/PASSING,2.0,71.0,2.0,2.0
06d713b9b90ad4ea29fa22b39ad66e74eb1945097acbe25a36155d4dd51b3d084d8b80d28d8bfb57c5d2346b9943a01ab4a32da4f0b135d2b2357a5a2ea5ad2c,RAIN,DAYLIGHT,WET,FAILING TO YIELD RIGHT-OF-WAY,2.0,32.333333333333336,3.0,3.0
06d75b16b057b354db81e6cd09f859e02abaf77b51bf9e25e1d2f942c5c8300b61e19e2254aa8fb6fcec14eb413d492e925587a08d1faef5e3eb5dc69f1e817b,CLEAR,DAYLIGHT,DRY,FAILING TO YIELD RIGHT-OF-WAY,2.0,35.0,2.0,2.0
06d783132b48915b09ac52423364a27306e80b511dd066acfac02aa9539d09447ed311d945036151478723a57f29aa89bd8dacc65ea4c20372b64e936f7aa878,CLEAR,DAYLIGHT,DRY,IMPROPER BACKING,2.0,74.0,2.0,2.0
06d7d0f3a482bf4d0703a587488d20502bb8f41de246808209d22ced42063ba96efd550bda7c4138658e5e6207a23844c783d9d74e8352bee7e22492eb589307,CLEAR,DAYLIGHT,SNOW OR SLUSH,IMPROPER BACKING,1.0,17.0,2.0,2.0
06d7f94cc8415ad266f25f037573dd170936970dac8272eda3ec3afbb8433cbd31e948f43125df91d4ca239f532194fc10d2c4e8b1fdc066844a9e9b5a3a4ca2,CLEAR,DAYLIGHT,DRY,EQUIPMENT - VEHICLE CONDITION,3.0,26.0,1.0,1.0
06d8013b6d43abf78e5fabdef2dba73d4a1e7dbc38b5fb921c7a2a2623dc31da1298f57888fa33b0a97fe35b083bb238b13d382ef52350b9160d9adeb2e4e6bc,RAIN,"DARKNESS, LIGHTED ROAD",WET,FAILING TO REDUCE SPEED TO AVOID CRASH,1.0,35.0,1.0,1.0
06d809d73eeba9c50bc2848cb3ad3811fab39c45f68692ae97586ce71659012b3e3dd047ea8ca11f944ec65717e41f6073cd9ac3777a5b8c2a15e9b264b8518f,CLOUDY/OVERCAST,DAYLIGHT,WET,FOLLOWING TOO CLOSELY,2.0,23.0,6.0,6.0
06d8266d1fbcf6721ca12b92e12e4488a60f41a682273b4fc142c667db0a073da63f0ba8b42ac66867c943f453470e952bff02f4058e7afeac643b3fd817d6e8,CLOUDY/OVERCAST,DAYLIGHT,WET,WEATHER,2.0,48.5,3.0,3.0
06d845100c4a605e5407d31b63d3840ac23f1e3b89f7ec579ad894efd6cfa1000402eb9d8a103f97ae44e026aabb80a897e2cfb936b5fa58970e72aa07d03de5,CLEAR,DAYLIGHT,DRY,FAILING TO YIELD RIGHT-OF-WAY,2.0,45.0,2.0,2.0
06d84bf738a81d29d359dbd70dc3681dc22395dbd128b52f7e6f0f61830e1536eaf3b476430905fde574c0d929f94c884d2b957de78c4439d17aa64b058cdd09,CLEAR,"DARKNESS, LIGHTED ROAD",DRY,DRIVING ON WRONG SIDE/WRONG WAY,2.0,37.5,1.0,1.0
06d871d47f4e1aa35320670a4e4e7cf5521d08d855892f832ecd422568e9b047dc7810e08b93c2454a84295f9b14175327d59ccbc1b976a45694e1b33080a081,CLEAR,DAYLIGHT,DRY,IMPROPER OVERTAKING/PASSING,2.0,32.0,5.0,5.0
06d8781f89035ee4bec65559b2ed3b13d79ec0a343c6b73ad5eb9a67a8c5f2bdbb73e6390ce207e3a6e00eed06202e62b49d38d357bfda9f9cac9bb53e6f7728,CLEAR,"DARKNESS, LIGHTED ROAD",DRY,IMPROPER LANE USAGE,2.0,38.0,2.0,2.0
06d8b72bfe4886e3b907ee055e60ab7aa2bd9ba9a11a2b1d00f269799fc8b7e4124559b76fc7a43054d8644abb221696443a375be18c41e4d327c164b77bb630,CLEAR,DAYLIGHT,DRY,IMPROPER BACKING,2.0,31.0,2.0,2.0
06d8cc501feacff644be1cf780170ce112ef4eb38cae3897094815625840ed32407eb7534d876bda1684c20e4c61c5ddbbfd5022a3cf0193b621b22171bb165f,CLEAR,"DARKNESS, LIGHTED ROAD",DRY,DISREGARDING TRAFFIC SIGNALS,2.0,52.0,2.0,2.0
06d8d4bd248cf9dfe5722c01f8602596faf7a421b8bd192a3b8834d6645c5a6fe629706780943b4cd78b70a5cb85db284182cf36100db8968db4ddb69a079030,CLEAR,"DARKNESS, LIGHTED ROAD",DRY,IMPROPER OVERTAKING/PASSING,2.0,37.0,3.0,3.0
06d8e0063ad1923f958000621a6cde6b3b87dfaaf68367eadc424a80c5219c619d13634cf05432983c5787975b8461ebd8d6b90639e4ab3258b24fb6cc5ad593,CLEAR,"DARKNESS, LIGHTED ROAD",DRY,"OPERATING VEHICLE IN ERRATIC, RECKLESS, CARELESS, NEGLIGENT OR AGGRESSIVE MANNER",2.0,30.0,2.0,2.0
06d8e11ffef07840f829b4630cd859454cdf13f47367c4d496fd585bc09476319e2e6a8a4c6232ff0d5845128b82763824d9f46be2bb9ed510986a7a66bbced6,CLEAR,DAYLIGHT,DRY,FOLLOWING TOO CLOSELY,2.0,25.5,2.0,2.0
06d8ec54722f30fa7486e1f0ca8cf6d697d822361034539f0e49c1bb414664d27084668a248ae1431e69432a785706769bf680a1e6783465ba3eaf7d952f146b,CLEAR,DAWN,DRY,IMPROPER OVERTAKING/PASSING,2.0,69.0,2.0,2.0
06d9480b1a3d19db16880afdfba040ed71ddf56fb9e30e231df4afbfde61b47ea6edc102f9fef4bcab32aa72d11ec86c42a7443de59ed014d8c55e1e6cb93771,CLOUDY/OVERCAST,DAYLIGHT,DRY,IMPROPER OVERTAKING/PASSING,3.0,51.6,5.0,5.0
06d94b00c30a615d7d9b8c28b27a81a54db239d3570f5dbe6882c9297d4c933c6f61d52bd927204cee4dad6a891b75ab1b7e209934743f46533c4284ce0b6aef,CLEAR,"DARKNESS, LIGHTED ROAD",DRY,EXCEEDING SAFE SPEED FOR CONDITIONS,2.0,21.0,6.0,6.0
06d94f8a7a0332353b56c4519be8d5e16d70bda6d52b9ad8236780ed038b0c8e939c84fb8871613e8fbc92f2cb1dac30e818f5439cdcf27ca97e6aa5736389e4,CLEAR,DAYLIGHT,DRY,FOLLOWING TOO CLOSELY,2.0,48.0,2.0,2.0
06d951566e5752a95dc724da8c9422383f87325bf2ccfc45b7c177f03cbcd68c399ace966e815c999b5ec0666d109e457bdf1a3f43dbe27b9b3eac8d0f1c66f9,CLEAR,DAYLIGHT,DRY,DISREGARDING STOP SIGN,2.0,49.0,4.0,4.0
06d95feb1a8f8db4d871ff2b02b617a228794e1a2ab05f1b3a21b50853aa44eeb6f5fd335c71858ef3457771f7a6e7b7973ef31ef2508e318069b1217ed62dcc,CLEAR,"DARKNESS, LIGHTED ROAD",WET,IMPROPER LANE USAGE,2.0,30.0,2.0,2.0
06d9622e08d200e5ba74c88257204124c8f05c6df74aa8b6955e15b68fbad08624acc2fc7a8f01ab119517b3f58eb2f2acc614263e744463f6fc72b7de2aeb15,CLEAR,DAYLIGHT,DRY,FOLLOWING TOO CLOSELY,4.0,60.666666666666664,5.0,5.0
06d9747f8304648cfe7f94d54b558eb9f7cc03f8e31c1e97f708b26fde177e587524d9017eea8a0f7950bad857f3167c199aa2758f334427dc28d6db281caa67,CLEAR,DUSK,DRY,FOLLOWING TOO CLOSELY,2.0,38.333333333333336,3.0,3.0
06d97b756fce76aee7ff35fd5dc9ecc3f00471e737f274b5f93e4d6de7098b90e2171e4d17cf4c83baee92abe4cf79730c3d3cfefa92d2e2e86b8b14f150c443,CLEAR,DAYLIGHT,DRY,IMPROPER TURNING/NO SIGNAL,2.0,28.0,2.0,2.0
06d97cd0550b89962f9ca96bf95331730a19b37eeb0040f350555c0c39c7062477be4122d8043e030576525d61d5f00e999295265360858dc9205087867d7070,CLEAR,DAYLIGHT,DRY,FAILING TO YIELD RIGHT-OF-WAY,2.0,49.5,2.0,2.0
06d9a3185953bc1fdcc2e9032efa2e4b2d782c68051303e55e1f407e153a49f333826cc57c52bc4c5a60998d3db85da41e11ba707f38ce7dd267f2a164cca08b,CLEAR,DAWN,DRY,DRIVING SKILLS/KNOWLEDGE/EXPERIENCE,2.0,37.5,1.0,1.0
06d9a875e45d891de19b443f3b27b6ac33ed0a695f911b8469ee39e25f00381f2cd131552a658e286fb60cbb4ee79837dec37561226e9e0c0264dd928ffbc115,SNOW,DAWN,SNOW OR SLUSH,IMPROPER LANE USAGE,2.0,38.5,2.0,2.0
06d9d38e1fa1ea9cb53a7ffae1e1f216a4dc3c7759dbc1bf0e87d029d083f68990322631f3e4468c27d403471a894fa25d96d8138532d40af3cb3ae67146326f,CLEAR,DAYLIGHT,DRY,FAILING TO REDUCE SPEED TO AVOID CRASH,3.0,32.25,4.0,4.0
06d9f16638bfd53d9f104cbe0c7bebf6ccdb2346544e5e18396cb8c431219514efefd9808b4688825445e47cd4f02568e9cd9ed05c67d112ae0bba9618f1f926,CLEAR,DAYLIGHT,DRY,IMPROPER LANE USAGE,2.0,49.5,2.0,2.0
06da31c952537f82ab6c7d8efeda647619e107339eaeb81849801ba0daeaf8d7662835b10870953221e163d460988593a15904e49fc5d8ca8e99a3a405e0e3b7,CLEAR,DAYLIGHT,DRY,DRIVING SKILLS/KNOWLEDGE/EXPERIENCE,2.0,37.5,1.0,1.0
06da39610631be9c319e2348bdf25444eaaed36537300891f712f4c0176c2e8bef763995ee6ca68a77a96fb44bfe6f5ec7a1eea4a9cf7a1c9e43f1bfa4b70c8d,CLEAR,DAYLIGHT,DRY,DRIVING SKILLS/KNOWLEDGE/EXPERIENCE,2.0,63.0,1.0,1.0
06da454e94cb65126440ae5701902fcc056e9b35ef7bc7ddc676f2450952366d0dd8884ba53ce392a0b4cfb423836d6dd20519d666748dd53aaeafe490373c30,CLEAR,DAYLIGHT,DRY,IMPROPER LANE USAGE,3.0,42.5,3.0,3.0
06dad73446edccdc4ef2cab3e955f12a2aecff1a794666079bebb1c7d8cad1c1afa7d9b9d12786a552ee7634f414f97d654c16946c278ebdc55b2d864ef49c5d,RAIN,DAYLIGHT,WET,IMPROPER TURNING/NO SIGNAL,2.0,55.0,2.0,2.0
06db0254d2390be09dad32bbc4bcb74891415b511dd352fbe635521db98775c4e210ae60c95a7ad93ec86392c060c92761091cee4824b90c03f4aec1ff5200a0,RAIN,"DARKNESS, LIGHTED ROAD",WET,FOLLOWING TOO CLOSELY,2.0,48.0,2.0,2.0