crash_record_id,weather_condition,lighting_condition,roadway_surface_cond,prim_contributory_cause,total_vehicles,avg_driver_age,total_people,total_injured
06db0a2613ec3d54b5c6be6e15e614369800c6a0c3477ecd0869fa9d7d0c8fa9bb0f763f61c8045ce5046b4b2a57abcad53835b3583114851b9fe430a24a84b6,CLEAR,"DARKNESS, LIGHTED ROAD",DRY,IMPROPER OVERTAKING/PASSING,2.0,37.5,2.0,2.0
06db310633c5b408e6c20f10cc8ebe8b33fa84a4c054117c1d98cb777f3c26da130b5cc423059109453def2646a1f6fa3d589b6ed904e900d10c5ccf01b10e2f,CLEAR,DAYLIGHT,DRY,FAILING TO REDUCE SPEED TO AVOID CRASH,2.0,37.5,1.0,1.0
06db47d7df9d28eb8d8c96dc0c0dde35aa9725333405a2f437fe91e0f5b6af359d1dce7d27e4e75950b87f5f40aa26c3b7068aaaa5fda24a13c7287bb2d7efe7,CLEAR,DAYLIGHT,DRY,FOLLOWING TOO CLOSELY,2.0,46.5,2.0,2.0
06db50a5223484a713e0ef5119f3ff70c648ed7375371c2812f0880aa09e723527d857ead705de0ec4cad83d82117d783809cb5f04d57386cf650b4ec30b30e4,CLEAR,DAYLIGHT,DRY,"OPERATING VEHICLE IN ERRATIC, RECKLESS, CARELESS, NEGLIGENT OR AGGRESSIVE MANNER",4.0,26.0,1.0,1.0
06db59963941b0a654dd3bde50bc711accfc2ac46e4221bb4f36d0d6e6d0a58a8504e995bcd0a350b94b8e5f8beeb0f6c471bcf6e050731c57de66dac0e2bd52,CLEAR,"DARKNESS, LIGHTED ROAD",DRY,IMPROPER BACKING,2.0,14.0,2.0,2.0
06db6b0afc0611562c289b3a4b03b34e85a2456ab4e58a133f3b319542de4d162afff3ee25a8853087ba6fc165a9542c849774a0c491b6b567af16326f8cd0b6,CLOUDY/OVERCAST,DAYLIGHT,DRY,DISREGARDING TRAFFIC SIGNALS,2.0,41.0,2.0,2.0
06db77d1b68380c5e68b9d3385fcd9558500d61d8d1138c29a474534259ea283f0ee1668e4a99b26fd9f7e774df33913cf61d23eef78bcfbd253c30a0ccd6837,CLEAR,DAYLIGHT,DRY,FAILING TO REDUCE SPEED TO AVOID CRASH,2.0,61.0,2.0,2.0
06db94feec9341a06a071f3ddea13deaf58ef52015bc2dabf866294d950dae7a0390d66ef6d69acbf5244cc360ba122b233cecc613d80a138689fc4ab61739f3,CLEAR,DAYLIGHT,DRY,FAILING TO YIELD RIGHT-OF-WAY,2.0,20.0,2.0,2.0
06dbb8fb1702e1ef58041ae8fda132530a13782c34a89d4555a6a03ecbab6106782cfecc736eba4f69472f7fa10dde1a3e31a0f8e4fd222b9d3106b8a9504ce4,CLEAR,DUSK,DRY,IMPROPER OVERTAKING/PASSING,2.0,38.0,2.0,2.0
06dbbbaa96ed1e75ef5a15e6fa0cf13a81324713ba6c04c0e2456699c9d4b8a24ee0dbdb454dd5f272718a87e831f00f0d903218328afd0aa4a7b92e92d6180a,CLEAR,DUSK,DRY,IMPROPER BACKING,2.0,63.0,3.0,3.0
06dbe243ec8d9e8d277a3ed05b5aba45438be086fe7c633b079974c5c43c836eff7d5ebe332380ffc32be17bbe1d3ed2d8027346a0f2855ae5c5cac70e91300a,CLEAR,DAYLIGHT,DRY,IMPROPER OVERTAKING/PASSING,2.0,30.0,2.0,2.0
06dbe73de493441f30612796b82cd9240aab1217f94896941b2489b160667f21501e2508d9787885e1f1878c54b1cf4ab4a3a17d6bfe515c9c701c1ec4b9fff5,CLEAR,"DARKNESS, LIGHTED ROAD",UNKNOWN,IMPROPER BACKING,2.0,52.0,2.0,2.0
06dc24f479edcce87d680c5c1b9095a2e8b21a043436832fd749676b91abf0e594874cd75a5fe3cac7b3c3659464ed99de8eb1fe7a3cbcfc5c4c2a1d6705db2a,CLEAR,DARKNESS,DRY,IMPROPER LANE USAGE,2.0,56.5,2.0,2.0
06dc29c4ba5ca6c872e3d8327f0efff1682db4f0659ad6cffc18631e236b93a92648b64f6c2297aa125ce0bdee17d825cec20f0077fdba91d9c10132302a1699,CLEAR,"DARKNESS, LIGHTED ROAD",DRY,ROAD CONSTRUCTION/MAINTENANCE,1.0,34.0,1.0,1.0
06dc2ea8c8d4304b60bbb027624e094dd52f4b9b3e11c75f710f9ccab728318607230a1b8ce545b6bd0dac2d798f32dbb79e57a9785d7abe4ba31c243a9ae9c1,CLEAR,DAYLIGHT,UNKNOWN,FAILING TO YIELD RIGHT-OF-WAY,2.0,21.0,2.0,2.0
06dc504d3c5db089db2b347ff79ff9ebfe37af993a0e86a2fd269c32cf3075a5dc1fbfa8818588dabaad9378f4598acdba884f128f1e06c8fa6d7737a7629673,CLEAR,DAYLIGHT,DRY,FAILING TO YIELD RIGHT-OF-WAY,2.0,34.6,5.0,5.0
06dcba35cace62b486ad8689ae468861c069aba10289f375941e4f4b47d7dedf0f2b9348ab00048d220e8d1169a4e1826be7ab1c83a47089c67cd25ed93bd103,CLOUDY/OVERCAST,DAYLIGHT,DRY,FOLLOWING TOO CLOSELY,2.0,59.5,2.0,2.0
06dcc50a1ad95bc5a53e713b20251de1dea5ba7a30771da41cba813abb372602cbc18d89482d901c1e2f228e7936ad686851cfda7a3cb0b4e6174484a66c8f9f,CLEAR,DUSK,DRY,IMPROPER TURNING/NO SIGNAL,2.0,28.5,3.0,3.0
06dce8f8512d7024ccf9e1fb1bdf7f769232454b2d0e3e2303b1818721462553b8ffd3a33b0d52f8ee005e75ab0a0e5e7ce59858180ad4b516b882dbfccac829,CLEAR,"DARKNESS, LIGHTED ROAD",DRY,FOLLOWING TOO CLOSELY,2.0,55.0,2.0,2.0
06dd17467eed651bba3e85c42571943982123668cf1350a25cdca9b34f5de1c07cf2483e8115aad8339152c158ee21a6d7d00cae2aaacca70e01b3cb9847333c,CLEAR,DAYLIGHT,DRY,DISREGARDING TRAFFIC SIGNALS,2.0,35.0,2.0,2.0
06dd18a368ed9d79c6737f509d356c56208c206e158ca9432ded30ada0ef9bb0f597f22b577d61214392519f8414882834fba61011c5e050dedf98a1589abea6,CLEAR,DAYLIGHT,DRY,DISREGARDING STOP SIGN,2.0,50.0,2.0,2.0
06dd4737869f2b00893b70f141b660f296e742288d489e03ec003bd3b3c7090cc3b42b0d0880b1c74d260d3d392f4d3c813f8f964a4c1e95a236f06527cc8e3f,RAIN,"DARKNESS, LIGHTED ROAD",WET,IMPROPER LANE USAGE,2.0,51.0,2.0,2.0
06dd9eaaed7be15eef10a97fcb2d72bf98a8acccf388f9bfc26562ff4ff2b66656be5690ed46ce13cebe201655a07a22d745a03ab4d537035783314ee9b72931,CLEAR,DAYLIGHT,DRY,"VISION OBSCURED (SIGNS, TREE LIMBS, BUILDINGS, ETC.)",2.0,24.0,2.0,2.0
06ddbf0ccb8fea28ee6deda5c4adc3220d4e0bcc01e42d27f68db51a55a4c22eb436efc3ddec8a19cd614ad4e540d2b44dd3681826a6d7efbfc0e4223f6ea9ab,RAIN,DAYLIGHT,WET,FAILING TO YIELD RIGHT-OF-WAY,2.0,33.0,3.0,3.0
06dde18ca29907e4d11627a8eb6ff8cedd617d6798dda5b0722f565d1655efa5e1c8b4fc6930fb7fee13542319330d54c58edc39b3081231633cd75cd80889c3,CLEAR,DAYLIGHT,UNKNOWN,IMPROPER OVERTAKING/PASSING,2.0,32.0,1.0,1.0
06dde9af4ba089d7c283892c6c9427fdc1c23dcc67faf66fc6729cd8ed845faf99089048ca3920d6e212e05c584b20fbd2942bdd6aa206e514a314cf8a6eb623,CLEAR,DAYLIGHT,DRY,FOLLOWING TOO CLOSELY,2.0,29.2,5.0,5.0
06de18a377395923b8f0bea08f43e71b625a72033e751096afb9b7a0ebf5df32b04151d26e44514e0a58505e169ec2cdb807dcf2293e5ef19dea595fd8a1a139,CLEAR,DAYLIGHT,DRY,FAILING TO YIELD RIGHT-OF-WAY,2.0,25.0,2.0,2.0
06de46719be9a4fb53b079219955c0560410631b259de088a757ee699300b92c4d6e611527d7d31f262da26f54ed48edebbfe27096215daf8c708e679c802457,CLEAR,DAYLIGHT,DRY,"VISION OBSCURED (SIGNS, TREE LIMBS, BUILDINGS, ETC.)",2.0,54.0,3.0,3.0
06de58818ab2df92b3be65ffe28433dab643e3f0f0eadaa1375c3738d176219b25e80de0e698b21c6f33adee30f51501fbca5bb3cd84f71aa212a95e8c71ec59,CLEAR,DAYLIGHT,DRY,IMPROPER BACKING,1.0,47.0,1.0,1.0
06de632cb179fb52f52e1eb94020c0149407d723d5168174f1cebb9b498913585701c03e1d31ba95a8b5f9fbdc9c1135a74aa1097560e28fb1f7c9b81b495d61,CLEAR,"DARKNESS, LIGHTED ROAD",DRY,FAILING TO YIELD RIGHT-OF-WAY,2.0,50.0,2.0,2.0
06debc7b6af34ff348c4754f8736284cd99a10a849d6f8f93e171ccd0dfb20be648c6f4df209b243c1a81bb478fe41b81128cc77d408e3dc9d7e7eff65b2860f,CLEAR,DAYLIGHT,DRY,FAILING TO YIELD RIGHT-OF-WAY,2.0,24.5,3.0,3.0
06dec7ad2669148d05bcc6d464d0c2867ed0e0ce2e6cb55895c496c9459fa9278e1133fea679b0f549a09239a1a86bebe20c7a25b51a80e55aab07b975195d27,CLEAR,DAYLIGHT,DRY,FAILING TO REDUCE SPEED TO AVOID CRASH,2.0,39.5,2.0,2.0
06ded8f181ee626b84d395d4da870a33a139f7a0cd593a8c203bb9be7d3dad8c35880042bc3077aa18686caa9162b4899f5a65cc73e8a0b674073ce58188ac98,CLEAR,DAYLIGHT,UNKNOWN,DRIVING SKILLS/KNOWLEDGE/EXPERIENCE,2.0,29.5,2.0,2.0
06dee28d14a97b5d42fb0b9b9e1f3d8eaf4759dc937cbb7490e8a526490002d11f4cd65a0e262111c02e39916ca33a24b8dac64f7cea7af5a616ecf1563f2cf2,CLEAR,DAYLIGHT,DRY,IMPROPER BACKING,1.0,37.5,2.0,2.0
06def3784fdab9d1c596c4c7b5055a1cb1b345b2758faa5c65fbd1d6b05a93ad8f77e622fc45d6a6ced807779c54367bf5934935078932c80d0a0a7c8a354a4d,RAIN,DAYLIGHT,WET,FAILING TO REDUCE SPEED TO AVOID CRASH,2.0,38.0,3.0,3.0
06defa844d592a65a5df38cfea688a772ee1b7c051198b794e7a77fe9b43b9e763aecf5bfdcb341b7b5197e31f9ae51bb475284065537a5a98f3f48f81372be8,CLEAR,DAYLIGHT,DRY,FAILING TO YIELD RIGHT-OF-WAY,2.0,44.5,2.0,2.0
06deff29ea2207c4046cd0e461d1084a6d81a992ec643ac2034b47689a90896919bbb27e75594e907feb25b3747ca5f47b34df9a91eca3565516a63533fa9109,CLEAR,DAYLIGHT,DRY,IMPROPER TURNING/NO SIGNAL,2.0,71.0,2.0,2.0
06df44bf1f4997630a0ba93f4124fc0108597beed3af9d8bbcfa88c3098606c4a16d4290d3e1bc859465abc9358cf54e8c6f546748270149bf5423de2e116d40,CLEAR,"DARKNESS, LIGHTED ROAD",DRY,IMPROPER BACKING,2.0,34.0,2.0,2.0
06df4b0bc176740f48aadc14133dc7330fe1c2a84eee9cbb4f78d4fb14b149bb8cca95c47b3e7e5a3f0f0663dbdac97158aab59788b10e72550832b51aa457f9,CLEAR,DAYLIGHT,DRY,FOLLOWING TOO CLOSELY,2.0,37.5,2.0,2.0
06df5475b4d48dba81e677aa3ed4152afb7c9fb3d31b311613e3fc97d0f2fb891ab012c70f438c753faa94b42086095a1e642281da737b2fc0e8e9061568f219,CLEAR,DAYLIGHT,DRY,TURNING RIGHT ON RED,2.0,29.5,3.0,3.0
06df97093d10e89644b7739cf0bc5a3e9a9822c377ec48b22d729ce96ada9a02d17c08f8eeb0ecb61b0afcaffe86f4bf59ccca1ad57aa9486c34b8cc96a66910,CLEAR,DARKNESS,DRY,FAILING TO REDUCE SPEED TO AVOID CRASH,2.0,58.5,2.0,2.0
06dfa5de55372a553fdb8245ab878f337be80475555ef139734c2846a7150c9ad7095b88ac01bf98a4244b26cc7d176accd09bc1b409f64b66ad41c7165b9aa8,CLEAR,DAYLIGHT,DRY,IMPROPER BACKING,2.0,32.0,2.0,2.0
06dfa89f7ca63de09b6b78cdaa107b5daec20c48e6b37c76846a9fed393e2c24de31cef577c28d51ce3d5d3899be791cbb33a0acce81879f2372edd51ef54b67,CLEAR,DAYLIGHT,DRY,FOLLOWING TOO CLOSELY,3.0,28.0,3.0,3.0
06dfb05f2f9c51f40cfb3adb404301ceb8d7be5d1621b7988ab784a85635abab93307bd57459cd3f7c8b1cddedcae84362971ae04b45b634e93da1ca9abaeab0,CLEAR,"DARKNESS, LIGHTED ROAD",DRY,DISTRACTION - FROM INSIDE VEHICLE,2.0,21.6,5.0,5.0
06dfbcb9cf823e90ab5598219e7543b6c5033979746776d7abbae8030ebf8a3fcbd7f30fd5aea10445cdeab344f98f3fddf2548fc1f8fc9184356fe51a57e9f3,CLEAR,"DARKNESS, LIGHTED ROAD",DRY,IMPROPER LANE USAGE,2.0,37.5,4.0,4.0
06dfc0bb4a565334f0d6737e539dbb0a62da733f75d166a0225c54878e162824fa3f7db5ea72b22fe346354c5e84258cc008a5a0b742b95cb7b926c8606f07b5,CLEAR,"DARKNESS, LIGHTED ROAD",DRY,IMPROPER OVERTAKING/PASSING,2.0,48.0,2.0,2.0
06dfe6b34d4e1295e04a2ab453fb6fa5fd5e84e7e8a38078ee6cc31dc4220d9d5b7b367fe138f95d60b03606e6c83f14a4bf57099a362f788a772f2d019e866c,CLEAR,"DARKNESS, LIGHTED ROAD",DRY,FOLLOWING TOO CLOSELY,2.0,27.0,2.0,2.0
06e022196fb5b9a038cba4b39ca6f848b836c25c97182a0f345b6d60421e080e6725dc1c63942b0544b3ebbc68abae9f909891bf9d6e296723f12e2cb5b8f8e3,CLEAR,"DARKNESS, LIGHTED ROAD",DRY,DRIVING SKILLS/KNOWLEDGE/EXPERIENCE,2.0,56.0,1.0,1.0
06e04f39edb572fd68aaa9c5665e713963b416216fec267ad26888ece6a4b247c9d7d26f0800705844cbcd1f3f9fcf01d95ea14a0196638b139c5d4a84eb29f7,CLOUDY/OVERCAST,"DARKNESS, LIGHTED ROAD",WET,WEATHER,1.0,25.0,1.0,1.0
06e04fd35e529684b27f76ff46ef36dac4a24d7ccdb89e957be463459a1c15f449f53459c45bed56328b2b63142d33198ba2097209cbfd832df4a6c01b9c321a,CLOUDY/OVERCAST,DAYLIGHT,UNKNOWN,FAILING TO YIELD RIGHT-OF-WAY,2.0,32.0,2.0,2.0
06e053652bbc3fcbcf6bc4c993dc76e870279104201983bde8c77cfd5910d2d004d8119e45247c7f22bc9dd60338b342bfe2b499cc01f0cb86147260384f3047,CLEAR,"DARKNESS, LIGHTED ROAD",DRY,FAILING TO YIELD RIGHT-OF-WAY,2.0,33.0,2.0,2.0
06e056e8780368b1e55fe9ef2a69197561ed2ca40c9d3a3c4c6ea13cda61762e83e9630a39807bda02ba54a1265e322ac53a097774ee128c720d825b5a8ea5b3,RAIN,DUSK,WET,FAILING TO REDUCE SPEED TO AVOID CRASH,2.0,32.0,2.0,2.0
06e09a1d87c6ffab9963f245460f6cd4394fb9d98d6a311a14ab9a4ac89e99686c85d2e7148a8d9032e07b7c1fc62fff8cf6583319bcff21f6e9de5cf0d7a053,CLEAR,DAYLIGHT,DRY,FAILING TO YIELD RIGHT-OF-WAY,2.0,60.5,2.0,2.0
06e0cc13bd6d7710f7d104a95693d1eb4def56c84056d1880f41e120f03f0aad081680f20d7d801f05e9ad7599e60b1a4736435e96ef1f86b9f657ce148a08e5,CLEAR,DAYLIGHT,ICE,"VISION OBSCURED (SIGNS, TREE LIMBS, BUILDINGS, ETC.)",1.0,38.0,1.0,1.0
06e13364155d88bf2283a258fa65dc0aef5538aa6395556d30aa13f93b5cdaa48fd8c551f0b3bc53bad35d6b10507636db889cf78c6e5eb7a577f3102492a947,CLEAR,DAYLIGHT,DRY,IMPROPER OVERTAKING/PASSING,2.0,70.0,2.0,2.0
06e16745f3554c5edaaec351f7f95d81594870d9778dd6f803b74fc2cd55a55b539c19d50bbd9621f971c171c1b77d0b2837dc10fe4984bac225848407755915,CLEAR,"DARKNESS, LIGHTED ROAD",DRY,IMPROPER OVERTAKING/PASSING,2.0,37.5,1.0,1.0
06e176357125fb59f75f07dc67cce1f878180fcc1dc01e092a3cf8d024de57c39946d8ad9c8ddc64bcee8edc1ce38b9f6be10c400ed63d9ea04b8e605e6321f5,CLEAR,DARKNESS,DRY,DRIVING ON WRONG SIDE/WRONG WAY,2.0,37.5,1.0,1.0
06e19fdead42d95d6d76ef6e8cf5bbc1052c216fb036cb35800e765bfaa3394698f2dd901627eae54edfcb84e9c5e9a52c42e37d38abb6e03db9ee8a412b76d3,CLEAR,DAYLIGHT,DRY,FAILING TO YIELD RIGHT-OF-WAY,2.0,42.0,2.0,2.0
06e1bf705082636c3d3b9097b228923aa45af7a46a3cc8f439a806629670cba7911b6e06f55e3f4f852e23c4dc236ac1b4293eca65d69d8b99cdb6e3c57ca8cf,CLEAR,DAYLIGHT,DRY,FOLLOWING TOO CLOSELY,2.0,22.0,2.0,2.0
06e1d5f5336241f07548605d2dff6c93865c252f573084d3a8ed630e5928a730442134b2f176c667d622071db0752261f5c0228b1d585663bb9530baa9265cfb,SLEET/HAIL,"DARKNESS, LIGHTED ROAD",SNOW OR SLUSH,FAILING TO YIELD RIGHT-OF-WAY,3.0,20.0,1.0,1.0
06e1e66f3bd52c92ed011bc883b5070f4ba5c05d03cc0ac8a7f7443e4fec913ad414b26e586156b30fc26c1b0899f3032f1a5970ac23395bfcb49a69754d25f9,CLEAR,DAYLIGHT,DRY,FAILING TO YIELD RIGHT-OF-WAY,2.0,58.0,2.0,2.0
06e2006eb3f96f6a074f429ad0869a5e8a608aa73c240ea96f1aa1c0f2ce1c36bad360b97d0aead585aae5696aee52ee4d5c64e6654c2296c943483a4c69b170,CLEAR,"DARKNESS, LIGHTED ROAD",DRY,IMPROPER OVERTAKING/PASSING,2.0,25.666666666666668,4.0,4.0
06e2308fd650909af62155f47a928c67237a6bafd34f9d37f700eadd2ab160e02bd374d8a920242bc46990bca22cf0d65c15f3d0d0eab001b06d2791d01b2322,CLEAR,DAYLIGHT,DRY,DISREGARDING TRAFFIC SIGNALS,1.0,36.5,2.0,2.0
06e248274f08b5dc4b05861370c7a0b1a62afc4fac6e00cff38c785834d0066cf0cc1f0885cb77b21c446f1c173ba5e56db0ac88b90ff5601e71fe9d5a75be6c,CLEAR,DAYLIGHT,DRY,FAILING TO YIELD RIGHT-OF-WAY,2.0,22.0,3.0,3.0
06e2573ae085cac751ddf6c41921aef5fcb6fa87441635307a5da2f7c7307dcbabc5e6b4923f65636564a9ab03687641737c35f6678ed8e6810c4197328c0564,CLEAR,DAYLIGHT,DRY,FAILING TO YIELD RIGHT-OF-WAY,2.0,28.0,2.0,2.0
06e31957efb95cfddc90e6ef0695268a3f83ec6edb646a7ce340ca9de0df160b340e7b88b5af862cff899f956ef203cc18b940784c1c14f902bcc15ecac652b8,CLEAR,DAYLIGHT,DRY,FAILING TO YIELD RIGHT-OF-WAY,2.0,31.5,2.0,2.0
06e3233cd8626f8d970732ee2d6e6015e0a7b054889eb48b7ed3849b56c2c092d780b4ad3771d556d73cf290be37c4a4695811674300136259db46a0b8c5797c,CLEAR,DAYLIGHT,DRY,FOLLOWING TOO CLOSELY,2.0,44.0,3.0,3.0
06e32e7b155e256e5fa2f16285acd19f6d846c043137e7f719344b8b0fbe8af28376d7d7e82b296e39c0f8a76d3b9ad95cd00baf17931faeaa7e9bf8beba22f9,CLEAR,DAYLIGHT,DRY,DRIVING SKILLS/KNOWLEDGE/EXPERIENCE,1.0,37.5,1.0,1.0
06e359328970be7cf06d1c7a93332c83e315cf1166cf6822e1f3e5e67fecc182d3b4e012b53c401522a768f29ac0ffadc52fb554976e9de77a0cac4e8760a304,CLEAR,DAYLIGHT,DRY,DISREGARDING TRAFFIC SIGNALS,2.0,49.0,2.0,2.0
06e36885fe550ec3dc964fdb59980fe6048519b59d36954530b6f8303b9c662b72e39b9f3f908c30bcad6127dceddab0705f0b3426a19567d2a47b68ec427a1e,CLEAR,"DARKNESS, LIGHTED ROAD",WET,FAILING TO YIELD RIGHT-OF-WAY,2.0,76.0,2.0,2.0
06e38af1fbfdc8a9c1ed7b5da4f392b0df49039af2068b84bed3ec604925da585d6b411807414d77dad3125d99385766bdc9ec25bcd6f8142d843784155c1fb6,RAIN,DAYLIGHT,WET,IMPROPER BACKING,2.0,24.0,4.0,4.0
06e3fc6007474f5b30ea67dda1e19e4c96f07cbd5c9635b2ef5dde34cd734071cc1486f8e5c65e1ab4fd185738600eec3c736c35563f1f023efc14532fd45982,CLEAR,DAYLIGHT,DRY,DISREGARDING TRAFFIC SIGNALS,2.0,42.5,2.0,2.0
06e412be8229eb3c7de4783b33096065463520233820358a894ce0e97c55453b3f0b23242449913d105a599fbd9b07c545d839c7aeec5cbffde48beca2493ffd,CLEAR,DAYLIGHT,DRY,DISREGARDING OTHER TRAFFIC SIGNS,2.0,28.25,4.0,4.0
06e413844f4ad5f688e0de5b6186ad008d1affff09b80114dd7373ae25dcc333eccfaff06131ca246cafaf11f74bd9344fbefcefc67a273f6a39172c18bcb9a9,CLEAR,DAYLIGHT,DRY,FAILING TO YIELD RIGHT-OF-WAY,2.0,28.5,2.0,2.0
06e4155631f32b8ffbc69bc4757f3046b5b69a07df3ac80e09ff3a32c3dbb58b9265a7994b7050a4be75cadcf5eea20578ab9e5f95ec5b14f02eb870f0304be8,CLEAR,DAYLIGHT,DRY,FAILING TO YIELD RIGHT-OF-WAY,2.0,32.25,4.0,4.0
06e4200dde2975304cea80aa23121244adb4642e83c97ecd0ed70ec78250e7e862826e29a91cf6a0df453e8840efc6c5ed4ba1071dd1d08275ca465d6a7010bf,CLEAR,DAYLIGHT,DRY,DISREGARDING ROAD MARKINGS,1.0,23.5,2.0,2.0
06e43b760d36ee7add3253f2f7bf9c36f293c4537c977591ab5690febe8a8f4520961cd294281fa4a18b3399c948f9af9aa6e69626c91ada60f053169c615d1f,CLEAR,DAYLIGHT,DRY,IMPROPER LANE USAGE,2.0,25.5,2.0,2.0
06e455959f6992b80d2ca5bc6798452f672c728267857c7e9eb0b7d90e9c3922f977b7442f4054215c19d4e0280bd04d40c23578b32efb92ad5786c5b87c6215,UNKNOWN,DAYLIGHT,UNKNOWN,IMPROPER OVERTAKING/PASSING,2.0,30.0,3.0,3.0
06e45a5e22acdf290658894ff19efad43b3f8275da9d8a8bfe14f9b830c4064c0ab7eb1fe3eb6bc97abaa4a0931c4095102b60dde15daa77b1d90712a045a563,CLEAR,DAYLIGHT,DRY,FAILING TO YIELD RIGHT-OF-WAY,2.0,23.5,2.0,2.0
06e485246cc44669afabbbc6d36f7a663c649872b7a1c3cbfaeae1847d640ecad1d421ccc0d047429d6b9ee2268fecc8e10cfd344d0eac1abfbc19a7b99c00d0,CLOUDY/OVERCAST,DAYLIGHT,DRY,IMPROPER TURNING/NO SIGNAL,2.0,38.0,2.0,2.0
06e48c543a84198eb1f5be78363a2439e4e7c998f6a7ac600732b93049ad8cbfd61790220df23dff8a4431a400bdb4ca0238697354a329ec721a1431613bca29,CLEAR,DUSK,DRY,EQUIPMENT - VEHICLE CONDITION,1.0,28.0,1.0,1.0
06e49e2684205b88523ac3bac729246b2cb6ec0cec56f52546b517325283d9dd3a061ac0785d804f34d968d115e369270ddf185386d9188a3fe51c6572c9bcce,CLEAR,DAWN,DRY,FAILING TO YIELD RIGHT-OF-WAY,2.0,29.75,4.0,4.0
06e4d266cb6a1f3e9b78d9d35aa2db79f18f48a29b4842e59da3453df19b309aaf6e17ee522f30cb395c081691953b361d158853303d876f2abedf4d3efda098,FREEZING RAIN/DRIZZLE,DARKNESS,WET,IMPROPER TURNING/NO SIGNAL,2.0,27.0,3.0,3.0
06e52244fffe0ebc1e4f56a8f393138dd62cf6b31d42e93e56a18cf27edc63281cce44da42e49ce7428f64df00fb64ea04fb4a86925fc353c65e6ba388fa3369,CLEAR,DAYLIGHT,DRY,DRIVING SKILLS/KNOWLEDGE/EXPERIENCE,2.0,37.5,2.0,2.0
06e522c26ba5e236d5756d3e341a24259c687b084c5bcc89b6684cf0f2a2ad0324546f5f685d83a57539d8c26ff62b708506ad0c4aa5d1964449eaf2d9028685,CLEAR,DAYLIGHT,DRY,IMPROPER TURNING/NO SIGNAL,2.0,21.0,2.0,2.0
06e536025d1d5355fc23057235e5351446bfb15841c8b6081adc10242d6fa115e8e15762b88338792f354bcf48a7b00674ff0c6d7eaa3bf087dbf9317dc7703c,CLEAR,DAYLIGHT,UNKNOWN,FOLLOWING TOO CLOSELY,2.0,50.0,2.0,2.0
06e578055cdd559420d7e40023a3ba629a27e2efc87cd352b0140c9408cf9a452d2766078a1f3d56bac2c325391ccf39485689c84d41d90eaabcf2e984357382,CLEAR,DAYLIGHT,DRY,FOLLOWING TOO CLOSELY,2.0,37.5,1.0,1.0
06e580dc7d2f53e92e50804b78f828aa916d571e9cf7e271669a90cc97012d809022eee7921ecf84c75881d772d59f603227cd7ee773c5a07082b6d2e5e6d974,CLEAR,"DARKNESS, LIGHTED ROAD",DRY,FAILING TO YIELD RIGHT-OF-WAY,2.0,39.0,2.0,2.0
06e5f3a765c389bf53d9848672efef289923bf84313a8328a863c8df9cea1606f3d581d17b6e87d673b4b393206d5334dee831aeadf0ad4c213a4d7e490457a0,CLEAR,"DARKNESS, LIGHTED ROAD",DRY,"OPERATING VEHICLE IN ERRATIC, RECKLESS, CARELESS, NEGLIGENT OR AGGRESSIVE MANNER",2.0,37.5,1.0,1.0
06e62d759a1d521fa9dc45abc82f3992eb65b0e5bb2c670522d0b95e5e554ac84140daa409019c5c25b0acb107a61449aadd288d84b0d385f31c666d970c6276,CLEAR,"DARKNESS, LIGHTED ROAD",DRY,DRIVING SKILLS/KNOWLEDGE/EXPERIENCE,2.0,22.0,1.0,1.0
06e64d8a63419b512e478cbf9944955d4dc6d8ef32fbb4c6ed50c9380b31a5495d541d2f36ff0ff99fa59c6c358c82f9307607a18fd3d52f2dcb20e307a5af6f,RAIN,DAYLIGHT,WET,FOLLOWING TOO CLOSELY,2.0,20.0,2.0,2.0
06e651999cae26532c8543f0d42a03e8b979918511b7ce3618d749ca46bfed04c8ffb94e1ef2917cbc736ca0ffe4265a78cdbd67f7769e8aba35f2b9233ccd27,CLEAR,DAYLIGHT,DRY,FAILING TO YIELD RIGHT-OF-WAY,2.0,48.0,3.0,3.0
06e66a4f50322c74b5d45193882e788985856dc992cedf241f8555e03a756dcd93a877a8bca50643fe25d1ab0cb96e3ea72e6731843af00ca2eb86e52987ef21,CLEAR,DAYLIGHT,DRY,IMPROPER BACKING,2.0,32.5,2.0,2.0
06e67472c393a553d1744162d1a2d2d29d96cada2868a2d7795a62b7296a14a5ac625095f3dd652b838195b39915e1bb01fd2affd7a182c44eeecb57c97f7c91,CLEAR,DAWN,DRY,FAILING TO YIELD RIGHT-OF-WAY,2.0,41.0,3.0,3.0
06e690302553cf7e1ddd6e0face988fe7394464983a64e5fb6436795e9efdc4e38c3ba8e10f5a22c16714aea86624986c2cd9fba90f35de2299235880e996aac,CLOUDY/OVERCAST,DAYLIGHT,DRY,DRIVING SKILLS/KNOWLEDGE/EXPERIENCE,2.0,60.5,2.0,2.0
06e69e1808173af4333deeb059c0a6fe4759b51d1fa3c618fa1eebeb99f68a5678ae8130c52a22d4a71712a821e47af9726fb88b32d6a23b5cbe35422ba59a26,CLEAR,DAYLIGHT,DRY,IMPROPER BACKING,2.0,33.0,1.0,1.0
06e6a58b112a8b93072aa2d69a9d8cce3a695a9fbe2503f0bedd5a3f75d56ebc4d29fa9652684864590eba90c2fce245e10c75807bafc23dc02da5ac1ecc4c2f,CLEAR,DAYLIGHT,DRY,FAILING TO YIELD RIGHT-OF-WAY,2.0,34.5,2.0,2.0