crash_record_id,weather_condition,lighting_condition,roadway_surface_cond,prim_contributory_cause,total_vehicles,avg_driver_age,total_people,total_injured
06e6c5620004114fb9037721cbe64752854560572bed19cb938b62dc914e5cd0b1b07882d66afc3a045bf62390ea9f306f65086c94341f3af592a4f5c579255f,CLEAR,"DARKNESS, LIGHTED ROAD",DRY,FAILING TO YIELD RIGHT-OF-WAY,2.0,28.0,2.0,2.0
06e6d40f9c7cb9d4df49ae1b254ce672a69097ee0050142a1fe95d8f6ec0d513542a69d38bf768f8b1a389b4bdea7801cbdbc2b380ca2ffb73f455235b5f82bd,CLEAR,DAYLIGHT,UNKNOWN,FOLLOWING TOO CLOSELY,2.0,63.0,2.0,2.0
06e7158b6b86cc897e99160c3444c1e84e542181ececec6bb30727943e525e5cd87d12ba32a58194088568807e5ec70abf91b58e49f8737de5aaafcab7582ad7,CLEAR,DAYLIGHT,DRY,IMPROPER BACKING,2.0,37.5,1.0,1.0
06e71cab48cd98bce76da2880ec27b3947179fa052a187a236bc0899355bf869d78a2b903c603361f9e09cfcbcb8a7bfee881b71391e4c2662249334db34ef64,CLEAR,"DARKNESS, LIGHTED ROAD",DRY,IMPROPER OVERTAKING/PASSING,2.0,45.0,2.0,2.0
06e72a407be37de29dac35191e378499be8f11442efd35c4a160adf18ea2a896785183502d3a1e025bd9e655acf7b03c7d47475f0481e69543ac15d3796c143d,CLEAR,DAWN,DRY,FAILING TO YIELD RIGHT-OF-WAY,2.0,45.0,2.0,2.0
06e762883d518ffa1790638a16c3925abdfd2378e39fbb7649970be9f19350a7f609817ed71749964b2faf633d17b05eb527415bf2119882c7b7a596b45a3883,CLEAR,"DARKNESS, LIGHTED ROAD",DRY,DISREGARDING OTHER TRAFFIC SIGNS,2.0,17.2,6.0,6.0
06e770d933e124441ab0b7d3d81beddfa1b5d832dd789dc3761181cb0cff3dfc856b05af6688caaf5cce67199583ff25a737e1aaffd77b6f7fb25d1503605b32,CLEAR,DAYLIGHT,DRY,FAILING TO REDUCE SPEED TO AVOID CRASH,2.0,35.0,1.0,1.0
06e780bcfbb07b0804ecc51e217bec3c235d89b2b6dfc3b5847dda5c42d5a83083aacb6ea42af57c6a7b7401783b4eb33e948edb876154f724c498a2d7370d2e,CLEAR,DAYLIGHT,DRY,IMPROPER TURNING/NO SIGNAL,2.0,24.0,2.0,2.0
06e78a36336156608af7ed36e92d65b5591b10d2b49a854964c7f5fc8e422ed2135065e462d757c55ab81d56e03d5c8f0adb12fb796489e6b3144154387cb91f,CLEAR,DAYLIGHT,DRY,IMPROPER OVERTAKING/PASSING,2.0,47.5,2.0,2.0
06e7ddbe3b57c162ba606d0c94c836eb451646755d4f48e831368e2fd10b248b79d548e1c10e325aad7e80ce5e0677adebfbd193bd3ef17c2f6484ea3c73fdd4,CLOUDY/OVERCAST,DAYLIGHT,DRY,FAILING TO YIELD RIGHT-OF-WAY,2.0,34.5,3.0,3.0
06e7e3ae342f5a474e054d23154b249fa2c3b266ef2929a57139ed65399fc805b644e0f1f3381010f8e31e91132db364d2b9c3379ad92e7d9b736fd511008469,CLEAR,DAYLIGHT,DRY,FAILING TO YIELD RIGHT-OF-WAY,2.0,34.0,2.0,2.0
06e811fda0914c273f18e8e0cdb8d8ca888d60e7cbd23d6dbb7ebaf846a24f559d5c7ae20b35de7c1c430b6f53805903d92c2ecebd592f939a1b957865154325,CLOUDY/OVERCAST,DAYLIGHT,DRY,IMPROPER TURNING/NO SIGNAL,2.0,37.0,1.0,1.0
06e82bb356b4865e5401627211b11660b1aa56bb3b23e7694b39e306222acf418ab353bcf84672da08303ae87652c6daab4370388312dc9065fbb8b2612caad4,CLEAR,DAYLIGHT,DRY,DRIVING SKILLS/KNOWLEDGE/EXPERIENCE,2.0,84.0,1.0,1.0
06e84975efddb9d1e19e291519d21673329a1b4b5d4582ac26e766cf14ec613505204aa2a9c15051a46b3d8e31db47197bbcda13ae128eba6c2d87b06c6537ad,CLEAR,DAYLIGHT,SNOW OR SLUSH,FOLLOWING TOO CLOSELY,2.0,27.0,3.0,3.0
06e84bc91a5160b819ac26176a69888f17bbf247eba3faddcf71505a7125b44043dca2d74455775b98b21de76cefa851cd519b211228da3a937b47b5bb168bf1,CLEAR,DAYLIGHT,DRY,DRIVING SKILLS/KNOWLEDGE/EXPERIENCE,2.0,22.4,6.0,6.0
06e8ab54a6f6693531fa355babaafed7fe881feeb4ab858bce78c523cc86a9cc463b16493ff4d7f48091c41f5d3c491009b1ba22289d789de9cb8373a3e2a4b0,CLEAR,"DARKNESS, LIGHTED ROAD",DRY,FAILING TO REDUCE SPEED TO AVOID CRASH,3.0,37.5,1.0,1.0
06e8ae50d439370612519f6d6930bd51ab2eb6ef6d6ecc960a279d6260963e1cb256cb8d71e445c495e92413072aae0df38cf6a9a39b02fe59eb75daae8c17b6,CLEAR,"DARKNESS, LIGHTED ROAD",DRY,FOLLOWING TOO CLOSELY,2.0,51.0,2.0,2.0
06e8b1c1ed026a5fd0b3f5d32dbafee76f94e17019413e21105212e1492e81fcebf1465393eb613c5184f54fc9cd39c91de67d1431a814e99cd3fab08d03d969,CLEAR,DAYLIGHT,DRY,FAILING TO YIELD RIGHT-OF-WAY,2.0,37.5,3.0,3.0
06e8b1e0f4ce9281f4a11213deb6863425d0ddc34a957f2f1829cded28f525e8060fff670e79b42a119ad51c020de7ade8faaf6d9a724d28f77fa45b8d4060da,CLEAR,DAYLIGHT,DRY,FAILING TO YIELD RIGHT-OF-WAY,2.0,26.0,2.0,2.0
06e8e76790b3daa232cd59c243717948b4188ad584581dd814a83f9ab478baffa721c1df4ec6caaa220a044078daedc30dd795cd6053c4786a3e26d3d0b54e5b,RAIN,DAYLIGHT,SNOW OR SLUSH,WEATHER,1.0,20.0,1.0,1.0
06e8e99bd0fac27a166eb92971a882e08293b948312812f7129f34c5b1ca112173f067d379163ca20f5d88b932655da870575a5cce07a07dbfe3733965c12c74,CLEAR,DAYLIGHT,DRY,IMPROPER LANE USAGE,2.0,29.0,2.0,2.0
06e8fbffc0939fe1cd93f37e4c8c25384b8e2d9758c8b3b0f75abe4c2d6956d58a4d880df3b00609d80de42baad530030b099a9adb41cd1060b8487f4c44de44,CLEAR,DAYLIGHT,DRY,FAILING TO REDUCE SPEED TO AVOID CRASH,2.0,28.0,2.0,2.0
06e8fe2777454a86715aca81b26ee5a2f2bd60db9d3813308f184fcba53e73cdc2d429a35137aa8a477b924e59dd4be23e4c35aafe4d35260d806eca4b0ab8a6,CLEAR,"DARKNESS, LIGHTED ROAD",WET,IMPROPER OVERTAKING/PASSING,2.0,46.0,2.0,2.0
06e9398e04b44aaefaaa4d2d8d04e1938349fee53c3bc722e05ab9f240ee9102535edd18a547458faff043f5d99a001d003b5d9664e913556f129be3a8799330,CLEAR,DAYLIGHT,DRY,FAILING TO YIELD RIGHT-OF-WAY,2.0,29.0,2.0,2.0
06e95461a2d97bdb75f6e0f331a907bd1df84b7cefa26384307cbd17588f384dd108415205e38d40920cce55c0246e653401883900baaa3634211cf9db0b6a9d,CLEAR,DAYLIGHT,DRY,IMPROPER BACKING,2.0,42.0,1.0,1.0
06e96a71b9bd3c5192caf13e6c13e27bdc85f5a9514b50525992b3206cef6a1eb817f5b305bbc2854a47be12eba9e68c99df3ff204b7cea9fa5aa2fb13692ab6,CLEAR,"DARKNESS, LIGHTED ROAD",DRY,IMPROPER BACKING,2.0,59.5,2.0,2.0
06e979c4685781729e89b773dc2f9ab1e264443f5d527417bdc8186222105c356a2b93c0dc49b273b45d4bdb5408d066ce8f62c93a03e4449262078c58da921b,RAIN,DAYLIGHT,WET,FAILING TO YIELD RIGHT-OF-WAY,2.0,29.0,2.0,2.0
06e98a75d26618385aab89a491cefcdaa6902ebfef9aa78338736127b8e917e8e59a01144aa8c8e77f641d3b329903aa7e1b37ee775032c722e367d5ae71bdcd,CLEAR,DAYLIGHT,DRY,FAILING TO REDUCE SPEED TO AVOID CRASH,2.0,32.5,2.0,2.0
06e9b09d0ec45f96ea680600d2b330a0fe94b6f8086e867df8be4d7de1e627fb12fac593cbb2f0d82d0da5f05ab3db82b540bc9d988db14824a21ccc75e2e851,CLEAR,DAYLIGHT,DRY,IMPROPER LANE USAGE,2.0,32.5,2.0,2.0
06e9baded1e94a179dfe15cc1e37b6576daadd49515132d4a754b57ad5a02bb77098e0adc3ba9edd78daccbb28f1ca5d1adebed4805434ae2ea7a3b5f1e6d6b0,CLEAR,DAYLIGHT,DRY,"VISION OBSCURED (SIGNS, TREE LIMBS, BUILDINGS, ETC.)",2.0,30.666666666666668,7.0,7.0
06e9bfe2acc93e7b2b18774a3180443cca410ca87a05de9d5263e25a52936268e0b8a004231bdc4adfd74d528370d2920b12ec1e065fa5a790843b80cdf69360,CLEAR,DAYLIGHT,DRY,FAILING TO REDUCE SPEED TO AVOID CRASH,2.0,47.0,2.0,2.0
06e9c9edcdce58f95e73967d818bdb5cd26ee43873fba9b61f5300888945d814f7228b746f4793d00f9fd0d001addda5475b8bf349eacc19b1f6fa7fb0f1b8ff,CLEAR,DAYLIGHT,DRY,"VISION OBSCURED (SIGNS, TREE LIMBS, BUILDINGS, ETC.)",2.0,24.25,4.0,4.0
06e9dae16e20c43c0a3098172e78d22be239b32187150b075eae629bae59d62efca9cfca571ddf1eb68139528dbfab4d72fabc33cf52cd33735d7683849f3529,CLEAR,DAYLIGHT,DRY,IMPROPER LANE USAGE,2.0,18.714285714285715,7.0,7.0
06e9dcaeea36152432e5f700f5a25470f40751adb5cd88a07b171a3d4ada78bdc5ce6ba1e40e0063c13913221507891b6df0670bb10d3cfa46c6d358af08d782,CLEAR,DAYLIGHT,DRY,ROAD ENGINEERING/SURFACE/MARKING DEFECTS,1.0,22.0,1.0,1.0
06e9fcbfcc2bcb98bb0d801c7128f1b53b944bd4872b3a738a64695912c1d0d9a651566937d6a110f471614a38fb349643a2b2b4e432d50e80fff7afc8bf5e48,CLEAR,DARKNESS,DRY,FAILING TO YIELD RIGHT-OF-WAY,1.0,35.5,2.0,2.0
06ea492e5b8e794753bc65f948ec878f88a2bd3061d16d1195eab037e721e77f5907d4c9f22ce4a0c13dec94e87b71d27be95f52e0b55acdb46b076148621e2e,CLEAR,DAYLIGHT,DRY,DISREGARDING TRAFFIC SIGNALS,2.0,52.0,2.0,2.0
06ea5c45c687690312f63198f3f0cb4d5f5049b5d3a675b82cac7f4bd2df3e978abf3d3be9c5b36c26594cfe064dc76ea5ac6ecdf142cb675c758f6a19ba70b4,CLEAR,"DARKNESS, LIGHTED ROAD",DRY,DISREGARDING STOP SIGN,2.0,24.0,2.0,2.0
06ea76c59119063c0bdcbd312f684ce9ab65ff6bc979bcd89bce665d8b5912ab4de97b6c8f74a26477115202a1e71beedc986c494839a0b2121bd61443301d3a,RAIN,DARKNESS,WET,IMPROPER TURNING/NO SIGNAL,2.0,50.0,3.0,3.0
06ea7cfbbd5542ebb98a54b66325f7bee591c86a074388067e03fd6a8cc7ecc1e9f3c10acbc0f1fefc62504c8072605696a2b0c8f8b453cb625bf6ca93f1c6f8,CLEAR,DAYLIGHT,DRY,FOLLOWING TOO CLOSELY,2.0,48.0,2.0,2.0
06eac1a13d18b90386530286dfe7a999c552d7bd1fb96180a9024119119cc114e2022fc7dd481ae2db2d3f4f69989490faf733c6d4add615119a13152b8349d6,CLEAR,"DARKNESS, LIGHTED ROAD",DRY,FOLLOWING TOO CLOSELY,2.0,43.0,2.0,2.0
06eaeccdc3af4634ae1b02e14cdf806085cbc37ade8dc3d10867f05decc084504430386113fd3b99cb5b77ba1e4a8df1ddf17ff136ca588008ce43c55ff2808a,CLEAR,"DARKNESS, LIGHTED ROAD",DRY,FOLLOWING TOO CLOSELY,2.0,49.5,2.0,2.0
06eb057cb2593142bf86932120b54d46c3b76aa203f6266b530e31ef129ed2fb51cd9a11d26e261dc07a538ad878e42ad3e97c5bf6b1565fb7af7a55ac8f4a5b,CLEAR,DAYLIGHT,DRY,FOLLOWING TOO CLOSELY,2.0,41.0,4.0,4.0
06eb3b078c842776cd8e748b10f41dc2e984695468cb1845a1d5fa6dfb1120deee3835b858aae292e3c44f08ac511f2f5811029c29e645e4e4106bd81480e89e,CLEAR,"DARKNESS, LIGHTED ROAD",DRY,DISTRACTION - FROM OUTSIDE VEHICLE,2.0,30.0,4.0,4.0
06eb71cff5829602b759f4918444252d93bda8c588418e3f0297231a03677bf40a000f597288d21484d0d1a4e722d84f8757566016adf989de55a360dc73926d,CLEAR,DAYLIGHT,DRY,DISTRACTION - FROM INSIDE VEHICLE,2.0,51.5,2.0,2.0
06eb8c933b3f2cfa3f2b94780c301a88fd61eac3c624cdd29428327f3c003c68488ab606112f36b1f8c276c60e85313a8b81a07bb1d2100be4d6c3ad979954f1,CLEAR,"DARKNESS, LIGHTED ROAD",DRY,FAILING TO YIELD RIGHT-OF-WAY,2.0,26.0,4.0,4.0
06ebc76817c2fb2daf09a59cad390912721a34aba3f988d8c36709a83befbf195eeda83dcdbcd41d458c61209b10884b334ad55b8c381f80784bb7f72a86518f,CLEAR,"DARKNESS, LIGHTED ROAD",DRY,FAILING TO YIELD RIGHT-OF-WAY,2.0,27.0,5.0,5.0
06ec103d9101551cfbb6c9a138b753b861b57dfbcd39acb1ef9222b6ce0191dbcd002116af1edecfa1dc5ca8d82044d4dd7045fdbab0428408bf5a869188fa46,RAIN,"DARKNESS, LIGHTED ROAD",WET,HAD BEEN DRINKING (USE WHEN ARREST IS NOT MADE),3.0,36.0,4.0,4.0
06ec1786c3ce964065c8c225e7bbb57b33ffc69376067b163697bc5269df5772457223dc1466c772d24a09fa59a9dca9415728184ad0fbef58366034f6e93bf9,UNKNOWN,UNKNOWN,DRY,DISREGARDING TRAFFIC SIGNALS,2.0,36.0,2.0,2.0
06ec202a276dcd082d820a155d260cacfe190a17ed30b189d764e9eb6fa84bde789afa4bdd81d39aa1c052c14d7fad542f06a5f89a6b7fe078a8f2f9e93dac4c,CLEAR,DAYLIGHT,DRY,FAILING TO REDUCE SPEED TO AVOID CRASH,2.0,36.5,2.0,2.0
06ec34d0f11879360bbd8e95027b6ccbf72f218720ac8bef397b7b582045fda5032f97667603c71f52e2f26a928852cfc3c1a187470852eedca0e25c7654bb8c,CLEAR,DAWN,DRY,DRIVING SKILLS/KNOWLEDGE/EXPERIENCE,1.0,33.5,2.0,2.0
06ec43e3e74678fd6ea206b86bf3677badf5b81806db3b8116dfca8aa04d67ccf9040f77e24eb97be3ff71e47eeb14493a29f36c5c9bb2338ec09c14ee386723,CLEAR,DAYLIGHT,DRY,FAILING TO REDUCE SPEED TO AVOID CRASH,2.0,37.5,1.0,1.0
06ec55c83ea4bb82eaf209421ed23e2bfb00900f76666135d0135396e009f0471e74b67a1c28b01042bd7de0b91873263304b00b3e0e43b1df4247349947e72c,CLEAR,DARKNESS,DRY,IMPROPER LANE USAGE,2.0,37.5,1.0,1.0
06ec65155f7362a9bd670f64650019f50112fa623b0b88c7d817cb6d0ccfb2da059d2602cb79b6c35abbf88b68ca269ea87287702de9091a2a5068758efef00b,CLEAR,DAYLIGHT,DRY,FOLLOWING TOO CLOSELY,2.0,36.0,2.0,2.0
06ec864b5387cfd91a1947f3403af1edf1c7c3d21abe21d2adf6c432c153b97190303ea6f9234f52f1e1376d681bc3fbdf86e7b4ccab16a62a4294e72f1fefb3,CLEAR,DAYLIGHT,DRY,"OPERATING VEHICLE IN ERRATIC, RECKLESS, CARELESS, NEGLIGENT OR AGGRESSIVE MANNER",2.0,37.5,1.0,1.0
06ec92f393a3d354a206c8291bf15a056961a17f0501cddf4dcc034f672ffce549881250232c5dae699bf3505ded06121ed09550732bf7839240f1b18dbca08b,CLEAR,"DARKNESS, LIGHTED ROAD",DRY,FAILING TO YIELD RIGHT-OF-WAY,2.0,30.25,4.0,4.0
06ecb02935b6b2f0ae4982a600b5e46208353907189bc186722746ba9401f47a4af989b1729c3506372c6ad9a75ff948fb612694f14c5ad2a4d4e58ad97cca5f,CLEAR,DAYLIGHT,DRY,FOLLOWING TOO CLOSELY,2.0,58.0,2.0,2.0
06ecb515d2dac31a92d8d24abd778864124ef6927ed30c989e05f65880526cb4c370007e684bfbb8477e23e8f26405cd793ecc8242cb6c7793a428489baeeaca,CLEAR,DAYLIGHT,DRY,FAILING TO YIELD RIGHT-OF-WAY,2.0,54.0,2.0,2.0
06ecb71a5f0f9488b7b1995aabecc2b0759ea419c3d72d83e63fb85be0f8bb12c91358dad7cc09b374b4bf7570da1dfcfc2b84667571b0a14c5327a07a1fca73,CLEAR,DAYLIGHT,SNOW OR SLUSH,EXCEEDING SAFE SPEED FOR CONDITIONS,1.0,23.0,1.0,1.0
06ecb9e294e45edc863a46054200fc0ce6c95ee755a70b3493fa6b2318e228b95274f6f2f88dc1c753a8c8ad49dfcd0f255fa0d347e92b8e93d9b0d95682bacb,UNKNOWN,DAYLIGHT,UNKNOWN,FAILING TO YIELD RIGHT-OF-WAY,2.0,47.5,2.0,2.0
06ecbb7f1f4af6f9365937515a9bd808d1519a7118d8b20120e6ba8aaf771f3b026259f5e5aff950e9ce9470b4bbcc5afce81fcf7a017cad902a175e580e6a5b,CLEAR,"DARKNESS, LIGHTED ROAD",DRY,DISTRACTION - FROM OUTSIDE VEHICLE,2.0,36.5,2.0,2.0
06ecea83f445b8ac4103b717b0f98f8f7dc8cca03396e1a11f4e153b7a9890aa9198a965bb2429288cd481746570d3663a2c09a8ace3f61e5294a9e50cb636f4,CLEAR,DAYLIGHT,DRY,DISREGARDING TRAFFIC SIGNALS,2.0,13.666666666666666,3.0,3.0
06ed0dc993cfa4f49eb8bfff549d677a9ba756e7fd8b59f732510459541afc2ff4739c710d7bc545b3b8d67775c98838c7dd15dd6fd2c072b1b5a59894f22a45,CLEAR,DAYLIGHT,DRY,FOLLOWING TOO CLOSELY,2.0,37.5,2.0,2.0
06ed1b4efefcea44c028a33dd59da3e89c54a416cadb7cb11da392f65dd3b862f5e8c1d66e15baa6ce84c7c2730465dd687466296ce238b589bdfb12060eb554,CLEAR,DAYLIGHT,UNKNOWN,FAILING TO YIELD RIGHT-OF-WAY,2.0,48.0,2.0,2.0
06ed1c999f6bde6b41cf9f592311a25857eb5f4fdea2a25998f06a214e55220c949ded3b7cebcdf5acf2bb7338e649b87193c6d68fe68661cf4d6c2bce263daf,CLEAR,DAYLIGHT,DRY,DISREGARDING STOP SIGN,2.0,17.0,2.0,2.0
06ed2a57e09a75e410effb5a4a9dc6f03fd6b7dd3560bf437f7a5436b334a43b3a8f3a473974b1b60a2e5930f27a248f991eac84feb2bf8b776629c3b173f322,CLEAR,"DARKNESS, LIGHTED ROAD",DRY,DRIVING SKILLS/KNOWLEDGE/EXPERIENCE,2.0,64.0,1.0,1.0
06ed417a08417734325d98aa42aef1c5700392f4d259d6dc8bfdd90aadbfbe532f61bf3a0fafbb4fd82c3500c75a505ec4e53cddbac3e71e31c8f3f56aaa2280,CLEAR,DAYLIGHT,DRY,DRIVING SKILLS/KNOWLEDGE/EXPERIENCE,2.0,37.5,1.0,1.0
06ed6f24700033bc6a834ec8987a3185eb86260496e4f94e04d015318cbd1a57146199bcd47c9ac96733368a15fc0d1b971366c6576cb1f3386d3716b95322eb,RAIN,DAYLIGHT,WET,FAILING TO YIELD RIGHT-OF-WAY,2.0,22.5,2.0,2.0
06ed88ce98eb9cc2141d3264c697dba84766251487d8b5912c4279b74ce6e4821f32e6d775a867f961a8bd0fd876b4517f81e0cf2841c424609919552ad832ec,UNKNOWN,DAYLIGHT,UNKNOWN,IMPROPER LANE USAGE,2.0,67.0,2.0,2.0
06ed93037a3ad21ee0e6adcb5513cc3531f7ef0b3d510b02232078912bfeeabc06e6ac85fa77ccff70d3d7e3c561471fa15320471e9bbf378c4f4ed650d2258e,CLEAR,"DARKNESS, LIGHTED ROAD",DRY,IMPROPER OVERTAKING/PASSING,2.0,36.0,3.0,3.0
06ed995852f62634f8839730bc9e29ed52043cd3c37f391f9eafea88d57cd55cbc26f84427f8ba061a94cc63bf39b4ea774c501fe3743a9fdc1d001085b49086,CLOUDY/OVERCAST,DAYLIGHT,WET,RELATED TO BUS STOP,2.0,38.0,2.0,2.0
06ede0dcba47b50a7f4984628c101e3b0865324e4432df303aaa976666e91aefffecb99d4e0bce79212368a3a9f9209f6ecbd0b24dc535c9b07f9af7ecd1c936,RAIN,DAYLIGHT,WET,WEATHER,1.0,45.0,2.0,2.0
06ee3b9c468ebcf12943b108651b8cf5763afdef163d4ba1ad35f6a756585774d6f5a0bb89bb3a60038ee5022673a262f41816e546b2f13db1d8f250654d28e0,CLEAR,DAYLIGHT,DRY,IMPROPER OVERTAKING/PASSING,2.0,37.5,1.0,1.0
06ee413aea733fe3d04fefa35398910e370884986596506094fb2588befd5dd43dd6d7133238750d2a88dd3deb4d8c58d4d2b328705218b3c5b78129bcc80bcf,CLEAR,DAYLIGHT,DRY,FOLLOWING TOO CLOSELY,2.0,39.0,2.0,2.0
06ee5e71b5fe0669abc1ce6ad5169492ed47fa5ceed280bd34992b882f85d1477bcaf63a0575315dbe4c449d022ad96a639a5297ac0d72bc766ff6719408d4d1,RAIN,"DARKNESS, LIGHTED ROAD",WET,DISREGARDING TRAFFIC SIGNALS,2.0,26.0,2.0,2.0
06ee690627304ba25507788f38546ebc9af5b2c375756b11445e51162491a5497976b5d9ac9ef5faa12c2dfb267f08b773e866268c05b6a4c972e91be5e346aa,CLEAR,DAYLIGHT,DRY,FAILING TO YIELD RIGHT-OF-WAY,2.0,26.0,3.0,3.0
06ee85663c992ef46fbfd7d90c54a3fdf1ce618035bb157a9e672c051c18497a263e517130e1a15713aeaf6d1dd0c20b67046ee3877335153b9ac901707b74ca,CLEAR,DAYLIGHT,DRY,IMPROPER LANE USAGE,2.0,37.5,2.0,2.0
06ee8e2568bcce7cd9b5061fb8c5c7960ac6cd9bf741dca5b66cb141c5b2e4d7a3efe5c85f2968fa28dc5ab841852e04f96014fbd620eeb6fc2a9dcae956e900,CLEAR,DAYLIGHT,DRY,IMPROPER BACKING,2.0,29.0,2.0,2.0
06eec96465c38e259a11879d764cc1edd8b0ec66f51bb04baa81e8974123c19d8f19ea7e269346ecdf67ecd97cbae628e818b0b4070664a1d4c62557019e44bf,CLEAR,DAYLIGHT,DRY,IMPROPER OVERTAKING/PASSING,2.0,66.5,2.0,2.0
06eecc4b8feb7ecf0f4b8c28b04662316f030664b60ad8077e6b7f42adf30cf36dce40db4ed4d010a2497871e18e5d1ec9b92c34df29dd4a28f1d0292609a770,CLEAR,"DARKNESS, LIGHTED ROAD",DRY,FAILING TO YIELD RIGHT-OF-WAY,2.0,27.0,2.0,2.0
06eed22336e0df83bcbb2c3f4ec897ac5cc48986a9a8eca215e7f9f40720bc8e22872057408888917ea9255f005e2a1766706afddd5c341a7a8e92b48cc3408b,CLEAR,DAYLIGHT,DRY,FAILING TO YIELD RIGHT-OF-WAY,2.0,58.666666666666664,3.0,3.0
06ef00f3e03d944eee28b64a3b66358ba562ed0ec6402abdb5c39eb2c841dc0f54a7f3e9cd8b8ebfa5f5f65d411a8a608a8f7bcd0304b90afcb64b79d43857ac,CLEAR,DAYLIGHT,DRY,FOLLOWING TOO CLOSELY,2.0,39.0,2.0,2.0
06ef646673bfe593378490b87a61658a9ed38603c053090f49d7983351c5423ed5464b7e71c52f0a7f5cc90e12ec428d351c2c469ed0f085cf9a92928a509e55,CLEAR,"DARKNESS, LIGHTED ROAD",DRY,FAILING TO YIELD RIGHT-OF-WAY,2.0,46.5,2.0,2.0
06ef886edacef3e3573706d179d2805f85f6ce01d430c23693cabff43ccbf2cfd6d1f69bfe0777e6535d0cec87fdceeefb8a3f2212070b2a93572645971fb3fe,CLEAR,DAYLIGHT,DRY,DISREGARDING STOP SIGN,2.0,37.666666666666664,3.0,3.0
06ef970348cd5794e65f1b489137b78c560c264cbf0d81a164abc33a2354a09a52afd2f310c6cd84a3f73a49573386e9cca80a6aa2df57723344f2660940b6e3,CLEAR,"DARKNESS, LIGHTED ROAD",WET,DRIVING SKILLS/KNOWLEDGE/EXPERIENCE,2.0,48.5,2.0,2.0
06efacaab6d93c2c4a1206e1ceb104f465e97ab21b7cf4fe935394fac16d41fa0e4044154463182af8c99867c3e651db636d4d5a8eaa02181398d554e6055a66,CLEAR,DAWN,DRY,IMPROPER BACKING,2.0,40.0,2.0,2.0
06efbd2205cddd5fd9f1bc603d9ad81b8b0bd4d1868330b8d57afecee440d7361171dac3e24c4bf49daaa87bcbea09ae15194f52fa22d678f3521ca8d78680e4,CLEAR,DAYLIGHT,DRY,IMPROPER OVERTAKING/PASSING,2.0,28.0,2.0,2.0
06f00c53933ea3a69c7ddd8a30041f0640ac555550e59ce0c9e0e4c0b8beaaea1f181fbeefde3b7a4c103a396c0e160064f63adbeead776cd927d081b671a6be,UNKNOWN,"DARKNESS, LIGHTED ROAD",UNKNOWN,FAILING TO REDUCE SPEED TO AVOID CRASH,1.0,48.0,1.0,1.0
06f014f03d9cd80b7be6dff5e0783d00be869bf0d873175c16ec24afcd6c287e94a3e953697f9b47f51f4ba3bfdcf12d7da83b3cfe4e223b4a3295a196a1568d,CLEAR,DAYLIGHT,DRY,IMPROPER OVERTAKING/PASSING,2.0,59.0,2.0,2.0
06f01834b595440d1dfa80e6efad29795b773d44c6d2fd1e7f71ced795119ce2e4a205b54eaa7a15f29346bb6dffe43048eafb0b230cd514f62b7873b9c96ae4,CLEAR,DAYLIGHT,SNOW OR SLUSH,FAILING TO REDUCE SPEED TO AVOID CRASH,3.0,27.333333333333332,3.0,3.0
06f01e000c51fbc3ea7e501ad8287353cc28558e4fb5e81d8af2ba17a87272df50ba65b5a4a66114cc56ce2ef0479b032bc41fc021fcc9267a5fc8780d966e20,CLEAR,DARKNESS,DRY,IMPROPER BACKING,2.0,34.0,2.0,2.0
06f0273866e3ac053f91f822ec888ca93b7aa858faa7c08ef1c642172ce1d49f482cdb962806bce5b53f773c48d08968a7f6134d537cae08194ecf2241e76801,CLEAR,DAYLIGHT,DRY,FOLLOWING TOO CLOSELY,2.0,46.0,2.0,2.0
06f0778da446ae66fa525b39ac85fd2b3031f824a5f0759df7cf4a24add8c55b3d741273d16cc22a2dc0570e5f223db31d5b96c909391b32268d01ace21bbcf5,CLEAR,DAYLIGHT,UNKNOWN,IMPROPER OVERTAKING/PASSING,2.0,61.0,2.0,2.0
06f0a7714b24e5432784e1b3ece3f545aaa6284f90a7b16d610aaa06c43f0102674540a88bde4c4a3d8a4f8d76f150cf093853ab351ec6b3208525d64c441870,CLEAR,DAYLIGHT,DRY,FAILING TO YIELD RIGHT-OF-WAY,2.0,27.0,3.0,3.0
06f0a772cacbab0489a5a274d9bcb5c390d19f088b0e258c1cb1c5ed805167bec77fffdfabac00ccf76d712b67a8996cee62f1feaece5c5575e4d5382c264d7e,CLEAR,DAYLIGHT,DRY,EQUIPMENT - VEHICLE CONDITION,2.0,16.0,1.0,1.0
06f0aa5569623639cf74e738fa651f50381d09c035cd7f466b199e372bcc1791b2109443d3002f79397d7dcd450d9214e5d25ef35ab35d5ece514617c9379b9a,CLOUDY/OVERCAST,DAYLIGHT,DRY,OBSTRUCTED CROSSWALKS,1.0,43.5,2.0,2.0
06f0b788977f3ed6a7552751943f30bbd36c3b53f733f312b1450c9394ddbe3193730a4a9225acd4fe33044140d33ac1147638903e6760a3b2c8a94c68764030,CLEAR,DAYLIGHT,DRY,DRIVING SKILLS/KNOWLEDGE/EXPERIENCE,2.0,48.0,6.0,6.0