crash_record_id,weather_condition,lighting_condition,roadway_surface_cond,prim_contributory_cause,total_vehicles,avg_driver_age,total_people,total_injured
06f0da29abd2816bfcbaf5d1792171d5b2c0b4d7b2f8667df1f78c92b9988515f569fe173aeb8dc68a1dc02f9c4edbaed4b91ade5e186f93a7bb26e1e7cdc562,CLEAR,DAYLIGHT,DRY,FAILING TO REDUCE SPEED TO AVOID CRASH,2.0,22.0,1.0,1.0
06f0f8dcac2810441592b3eeee19deed31eacabf9396abf91c9fd8d891b06a9fd3e43cdfda6779a923d964c216dfd3eb9addb277238119ba31fd44cc46fdee9c,UNKNOWN,UNKNOWN,UNKNOWN,FAILING TO YIELD RIGHT-OF-WAY,2.0,28.0,2.0,2.0
06f107f4cca8ad80185659c990e12b572bbeaeff2710930989348bfd377821d2ccd325b9e5ad1f2a1e6e4c780158cbafb10aced793d58e34d47448753cfd4945,RAIN,DAYLIGHT,WET,DISTRACTION - FROM INSIDE VEHICLE,2.0,45.0,2.0,2.0
06f11c613e2d7f83fbd26fb7e19e1b25a1e4c972b373a0030ae242c3389a82a055643daa821cf528581865e066590208210c58563badc03002719e7487f8f827,UNKNOWN,UNKNOWN,UNKNOWN,FAILING TO REDUCE SPEED TO AVOID CRASH,2.0,26.666666666666668,3.0,3.0
06f12adda7a1468d4eb7f1bcb45580b84876dea75c9ded82d88e8044ff2c93236adddfd476ee991fe59a3b5cb39ceda708dd5bda81f74ff3d3f21b5d51cd53bc,OTHER,"DARKNESS, LIGHTED ROAD",WET,FOLLOWING TOO CLOSELY,2.0,21.0,2.0,2.0
06f13f72cc9784ea775ded256ed6750bfd07cf475583819a4576fd25f901c7c58904175947456c258342ef4c434504883ad743c945b8d5f70abe36b9d4932575,CLEAR,DAYLIGHT,DRY,FAILING TO YIELD RIGHT-OF-WAY,1.0,76.5,2.0,2.0
06f15fc988da58cc6ef70d838e0baca790e0662c9447fd31f370558c286f8262ab0bef1166fe455babafe77a74a848e3eb7cd0f4c37d7766ad27d6d202b74228,CLEAR,"DARKNESS, LIGHTED ROAD",DRY,FAILING TO REDUCE SPEED TO AVOID CRASH,2.0,40.0,2.0,2.0
06f1883c5b815ef37ee846f227ecd4909412163487d86322a76fe2312258ec0b405e17b334b598a861f6a379eac42aceb8ad635328add445ef4cbbc483617054,CLEAR,DAYLIGHT,DRY,FAILING TO YIELD RIGHT-OF-WAY,1.0,37.5,2.0,2.0
06f194660b67ed0dbf80a8198c0228fe169c9992ed50d9e023ed9cfb4adccfa9bc4ff8a0d821ca6fc3713f1b596b2f9037f981834a62210553667e3d8c7720ff,CLEAR,"DARKNESS, LIGHTED ROAD",DRY,IMPROPER BACKING,2.0,37.5,1.0,1.0
06f19bf8ddc660b22d90c4bb9f4aa012a5266827138c431f1e94c71a7b52ca2bb5ddc37f4b412ab13a88c25f609295a2abf045ab593630785e4cda1d85606bec,CLEAR,DAYLIGHT,DRY,FOLLOWING TOO CLOSELY,2.0,37.5,2.0,2.0
06f19ec867538d96d569347ee6c753d0086ace073666196c30025db06b76512e9be2ced14ba99d7e1696c031c19df9a7d6c8c474fc4c250eaf4f6e114e12a2ac,CLEAR,DAYLIGHT,DRY,FOLLOWING TOO CLOSELY,2.0,39.5,2.0,2.0
06f1a3c59fbddc86daffa1096619c12704e4d3d9bf960669a0c8f7fc667e9891ffe997c0d85c9d6be04266a87abed28be0603001d3505134d80d7d523563f4bb,CLEAR,DAYLIGHT,DRY,FAILING TO YIELD RIGHT-OF-WAY,2.0,50.5,2.0,2.0
06f1c94de0ded2bb4065aa14ae984b27394380b68de99d0c4d14057628b5e19dcfd65550f11a6af082fe08ad3c91afbf24e7cef84572311976139d3adda5064b,CLEAR,DARKNESS,DRY,UNDER THE INFLUENCE OF ALCOHOL/DRUGS (USE WHEN ARREST IS EFFECTED),3.0,43.333333333333336,3.0,3.0
06f20f41211d17b191553bd9e607c5c9faaaebe6d5305ca7430f5a0b1256b58c13b01e03998850efb5157908d59d089f772395bdf4a38b4d3dcc0a5323a20d10,CLEAR,DAYLIGHT,DRY,IMPROPER LANE USAGE,2.0,41.0,2.0,2.0
06f23344817bfb15bbba5e83c5061ef53f96c7b4e6d8c1b8c77f4715161f45bbe707ac37c062d815f905af1c15ed4fe70025deceda4685eb121ffa09e6d15965,SNOW,DAYLIGHT,SNOW OR SLUSH,FOLLOWING TOO CLOSELY,2.0,44.0,2.0,2.0
06f252b237a7c2a2fb24d0a8c65fbca57cec295b389a80feba0a44def9e7edf01ae41fd0a1c4a93d0906414bf1f6032903284107689dce9345f0633b6f124d02,RAIN,"DARKNESS, LIGHTED ROAD",WET,FAILING TO YIELD RIGHT-OF-WAY,2.0,61.0,2.0,2.0
06f25ea2d018df85f722215d2e7e50966ea4459a661fb666619ea077622504ceb16097c5697ab1215a5edcbd52be1ae8f0d49cfb936a8ab2b42724e8ade15d5e,CLEAR,DAYLIGHT,DRY,FAILING TO REDUCE SPEED TO AVOID CRASH,2.0,37.5,1.0,0.0
06f29207f86d9cbd3b239e435beae84aab9e96e343cbdc4ce81d6fd6644567e8361dd6bbfa5248c34af1ae0a4fd0acb63af3a6dbed0cba630ca239b7b706eee0,CLEAR,"DARKNESS, LIGHTED ROAD",DRY,IMPROPER OVERTAKING/PASSING,2.0,23.0,3.0,3.0
06f3122c5665d904f810b8f37ea2708241af624e13e2f040f6faac49a944b4a3dddeef929ec9727408a5d2f0596aaca01e7c4a47b408f1f63792a9a083ea1819,CLEAR,DAYLIGHT,DRY,IMPROPER TURNING/NO SIGNAL,2.0,36.0,2.0,2.0
06f31b7ada83c5f93200fda7d27829f12b959458a2efc21603e4659f37f0cac36074b954b1e0cfeb129befddf2fd26cf00fc90fa8f8c19bdb5439082a6e156d6,CLEAR,DAYLIGHT,WET,IMPROPER TURNING/NO SIGNAL,2.0,52.0,2.0,2.0
06f31d2c401ffc282aa12e2a218858950cda95ec64c8b83d6568c91b1cc24399e182eecae2344b883e3e0d24d825841e25e6edaabe5909ba71e2657c1895d282,CLEAR,DAYLIGHT,DRY,IMPROPER OVERTAKING/PASSING,2.0,28.0,2.0,2.0
06f333e374a483c69bbbac360c4ae3f3f3274bef0ec320a5c73e1fc12f360e433694f590a0c27ada7bf50059918a467c43a85cb47a13ff49e3216f298647b874,CLEAR,DAYLIGHT,DRY,FOLLOWING TOO CLOSELY,3.0,37.333333333333336,3.0,3.0
06f33b0644740c883638e73edc4ca70419fc43ad19cc14fc3866c09df22d7b9c12deb39ed567e118b21f281be4ed227706e7b831feb3bbb92d3c43ba97d50706,CLEAR,DAYLIGHT,DRY,FOLLOWING TOO CLOSELY,2.0,35.0,2.0,2.0
06f3403f622e145e6ac07917aa8444a978e434a00c7820415168b268042861b2866fc08f470695e500fae5748e32991a1122b3681e5ef489ad31ec7df0400747,CLEAR,DAYLIGHT,DRY,FAILING TO YIELD RIGHT-OF-WAY,2.0,49.0,2.0,2.0
06f34108470460ba58804bb4b2b2c6b4c5e92b7315b46779cb131a7db8797b4a397b623dd7bc642718006bf8ced90a01cff92c55713326fe60d096caff7b82d1,CLEAR,DAYLIGHT,DRY,IMPROPER BACKING,2.0,37.5,1.0,1.0
06f342beb37b848bc6895b2811c11a27e82a01408f0cd5a8b607cd570501c7d869824f33ea935ed8a936b7a57686e6b000a7d3cfa1e8853b80de7ffa9497551a,CLEAR,DAYLIGHT,DRY,IMPROPER LANE USAGE,2.0,58.0,2.0,2.0
06f36a0c962134dd77b363e533e112bf9f0801765b12b2ef629be3b2061fe95a92a009d7fae626a7efe5b511edce067178c9d28208ac06e1e80f01f17386f144,CLEAR,DAYLIGHT,DRY,FAILING TO YIELD RIGHT-OF-WAY,2.0,21.0,2.0,2.0
06f36b4978596ea713366fd8bd850b92840c822d10596800a835e25df45b3e4b023b2371cc56f9501c75d64760fc76b1c2e6c7fb53244b97f627997f7a6eb0ff,CLEAR,DAYLIGHT,DRY,DRIVING SKILLS/KNOWLEDGE/EXPERIENCE,2.0,39.5,2.0,2.0
06f36f73a5740e37208d98ff2d0583d52078431a2b293ed3ea66aafd4384065197c973df739e4232a9be834803b4a143998bbf87661e18eb590921925c46e972,CLEAR,DARKNESS,DRY,IMPROPER BACKING,2.0,24.0,1.0,1.0
06f3ada99e03100cf5847688e90871e54036ee2adc4da0ec735edc8b520ee311ac77bab7f79fcaff3e4dd197c28d41858f68618cb21b3a0a25e8a7539192e977,CLOUDY/OVERCAST,DAYLIGHT,DRY,DISREGARDING STOP SIGN,2.0,19.0,2.0,2.0
06f3b42f6eb606a7b3e0eb98e55f9d9043a4df172d0893b20f02baaaacae2ad9f8253b5d4a9ea33885fbdbb1328bd233cad6f10c74a807afc7e56b58311c4a08,UNKNOWN,UNKNOWN,DRY,IMPROPER BACKING,2.0,69.0,1.0,1.0
06f3c3ed8c5f641d71576c283ede3d0b33f29843b0fd3aeab0084a92f224ad633ea67720958cc447cceecfc1ab09b3469cf23e890c76c95485f4e0c3763f7d05,CLEAR,DAYLIGHT,DRY,IMPROPER TURNING/NO SIGNAL,2.0,47.0,3.0,3.0
06f3d89dead8c64ab782ac63fb375b950cf2ec6ddb99d7578036ea789f76932a8f43da39fe621cf73e40335962abd6c69d1722f06164d532884a20293d03c076,CLEAR,DAYLIGHT,DRY,FOLLOWING TOO CLOSELY,2.0,29.5,2.0,2.0
06f3da44feaedd122b11a83ac9fa1219d3fd2b14ae59317dc69b05c41cbc35e374af67d2996643a1b4e359efcc38b0b14042d23049a7aadfc4577e36524dae98,CLEAR,DAYLIGHT,DRY,FAILING TO YIELD RIGHT-OF-WAY,2.0,47.0,2.0,2.0
06f42244ffcd71578eb998536042bf6b3d06a285e64fdead3097b812dc6fbf6992c2f63294cc5d3cfc8ccd386c2f591d5aa3de3187264502e1b58ad1721c0bd3,CLEAR,DAYLIGHT,DRY,IMPROPER OVERTAKING/PASSING,2.0,31.0,2.0,2.0
06f44525aa17ef94a3e951352d936d49a33ecd5b32c32c35472a4ef3fd9cd173c1f6cfc8ab3aeea0caeb1871ca1326c15cbbc63958b02496810112b843d43d82,CLEAR,DUSK,DRY,FOLLOWING TOO CLOSELY,2.0,76.0,2.0,2.0
06f478bf82e2c9d914d9c3a9fbff7fa7bc92eca287e1dd8b63dd70a5e5d5a6bb696213e081889daf7136f477f56c846e0ef3b29b10b6e91b800ad801c41140a7,CLEAR,DARKNESS,DRY,DRIVING ON WRONG SIDE/WRONG WAY,2.0,43.0,2.0,2.0
06f49f8c753d525d412183a393e9f1685cc1e0cc2c616bed2e55988cdbc41353dade3805c993c444e3c8c52a8a5cb079839ae6d320330b7ad6d896469ba526e8,CLEAR,DAYLIGHT,DRY,IMPROPER BACKING,2.0,32.0,3.0,3.0
06f4bc4cdeb5c978eda07c59eaecda402d7a228669d725762459627fc0d0d80cd55999546082c2230719453f3e7c3e5486209630e375a06bc35377874bd9314f,CLEAR,"DARKNESS, LIGHTED ROAD",UNKNOWN,"OPERATING VEHICLE IN ERRATIC, RECKLESS, CARELESS, NEGLIGENT OR AGGRESSIVE MANNER",2.0,37.5,1.0,1.0
06f519052bc9484274f9874b4b621ca65e8db83a20b74f946bc57e122fd420445af52d0d8ffde47bdbd6a990e40e866d6d95bf973f441a6304a447e71a47abe7,CLEAR,DAYLIGHT,DRY,FOLLOWING TOO CLOSELY,3.0,45.0,3.0,3.0
06f51e5024d4ddca8339cd907cbdb73ea2a96bbb2da384cd1ba8511235ae190a0747d7466ad35becaa86080e0db5d839fcc2f79af27998cab8d388af58002223,CLEAR,DAYLIGHT,DRY,DISREGARDING TRAFFIC SIGNALS,1.0,43.5,2.0,2.0
06f52d9c10979c5204d5f83499bc4c5e941b219f7a5c0f90f455d3e230dc0d3f0dede950b4facc4e62d62e6ddcab4fafd389f7773ca09c2c3f5eff8685df1188,CLEAR,DAYLIGHT,UNKNOWN,IMPROPER BACKING,2.0,58.0,2.0,2.0
06f5353d2e9a719669bc07eab6d01839bf0bf08b5d27fd041ba8c9266170e2da832d79b69f37c605c5edb05ac6bf1cd4c196f714f212f2cabe49cc660d0a96b7,CLEAR,DARKNESS,UNKNOWN,IMPROPER OVERTAKING/PASSING,2.0,41.0,3.0,3.0
06f537f0a3ae6899932ba5d3ccf0deab99eb1f5135fbdaf99e51ac4954e0042c85a0ec352a287873524222d9590a70cc8858a9f097fa10493193942d832cb981,RAIN,DAYLIGHT,WET,FAILING TO YIELD RIGHT-OF-WAY,4.0,31.333333333333332,4.0,4.0
06f5541941a7011a3b1361d513b8e9b7fc781538fe50952cfce85ea200f022ec4853570560c9beffcbf70c6b7e2c29782c452895ff3aaa8f4fcdb81964e910e6,CLEAR,DAYLIGHT,DRY,DRIVING SKILLS/KNOWLEDGE/EXPERIENCE,1.0,37.5,1.0,1.0
06f55cabe10bbf107afa5fd740fbd79859466e5609441f94fe70b9bcea189a770a1d2b23ddd8a712a9ca610fe2a8b09f266769927fcbd7a5f104053cec0ac552,CLEAR,DAYLIGHT,DRY,DRIVING SKILLS/KNOWLEDGE/EXPERIENCE,2.0,26.5,2.0,2.0
06f58333baf006c33796fb194e6a01bc3c285f3de443f18a81e77c42662a096621e4407724bca7acdb7e37d88c831f222ab7a0a73679f536c1db898bf55e9290,CLEAR,DAYLIGHT,DRY,IMPROPER OVERTAKING/PASSING,2.0,41.0,2.0,2.0
06f59d4a3392349021612900a9a32f89759b9bbaf7915285da67ed3b5375d9d5ab4310e2612b5d52dbc6afc2499ff29cb25bca8154091bdea297f389e2abb9aa,SNOW,DAYLIGHT,WET,FOLLOWING TOO CLOSELY,2.0,29.0,2.0,2.0
06f5de95094eb397ad57ad57503166c0b32f6e8a54f5fb6035022adc1b161ac2499b1799683ec5dd1ba0ed593e98d3671cbea554fa632d83ac30596fffe7047f,CLEAR,DAYLIGHT,DRY,FOLLOWING TOO CLOSELY,2.0,64.0,2.0,2.0
06f5e7fddc9faae232a6553e4dd3cd19e92deaa42a6a0237d276d0e51a6b32171cde5983ef6c5fd1be34e4c78aedd6b17f08579d65ad83f6e9133c5603208c0e,CLEAR,DAYLIGHT,DRY,IMPROPER OVERTAKING/PASSING,2.0,25.5,2.0,2.0
06f5f8b0b773c63cbaea558cadf41371896a7d4bf03d1921bbc5f63884e9f6476fc7b989e2a768feb8ce30e6511233206a98bbe055dd19689ad08271d972d4a3,CLEAR,DAYLIGHT,DRY,IMPROPER OVERTAKING/PASSING,2.0,37.5,1.0,1.0
06f616062733f5dfac135183dad3133415e5ccc96302c567712c40262f179a57df1d4a69ade5fbd03aee5522ec4fe25540557a7c10b01b2948c4be4e706cfb25,CLEAR,DAYLIGHT,DRY,IMPROPER LANE USAGE,2.0,53.5,2.0,2.0
06f65913fafb33a6177c6580119d993dec89cd6b547b7c3a32623746076115eeceee08b52e0e78d6b47baac014718f1c6612a578de09f0f5d70cd5b056d88405,CLEAR,DAYLIGHT,DRY,IMPROPER LANE USAGE,2.0,29.0,3.0,3.0
06f66bf30a0779735f7691d12bbd0ae311a22cc47e2f39e6e918c0dfdc3d79eba60b0900012e26012dd1e51985172293bc0260039433579a5a433cb787a1ca22,CLEAR,DAYLIGHT,DRY,DISREGARDING TRAFFIC SIGNALS,2.0,42.0,2.0,2.0
06f6752800d06144655f42724ff53719ff8ba3d358701beca1c7303270ed28e1d69ca623a73fc0a92fd6b9764a9744b505bf0737eb5275ecc4a838234177caf0,CLEAR,DAYLIGHT,DRY,FOLLOWING TOO CLOSELY,2.0,37.5,4.0,4.0
06f675d9091f69160cbcb308f281d81ecfd81d3c1e1f0fe0f348ae339d517815926a1ced12bfb81e89c281d2207d9a757d27d7c6ec674807a4291d2fc0241cd0,CLEAR,"DARKNESS, LIGHTED ROAD",DRY,FOLLOWING TOO CLOSELY,2.0,30.333333333333332,4.0,4.0
06f67ddcf73ae6875787b119a9a5be67a066232838bc5ce7e043e7994a103473ef1a171b79ac74fe1a3277c087e6b3980e954dbf54a972c62e1da39b86b37d8d,CLEAR,DAYLIGHT,DRY,"VISION OBSCURED (SIGNS, TREE LIMBS, BUILDINGS, ETC.)",2.0,40.0,2.0,2.0
06f6821f1f27f778e561e88db7c833cbfb980c8b87461cf131316a621f8169421b3bd336f9a87c6f38f3cb123c3d6debd25a2bd9bfa16f5a238cf10caf6b96fb,CLEAR,DAYLIGHT,DRY,FAILING TO YIELD RIGHT-OF-WAY,2.0,46.0,3.0,3.0
06f6a4473929293c28d4e438d4e8f4d7ea7faf21a09eef7f747d6d9e4f0f07cf8a354b53db6230241ab7d34bed33ce09cfc975cc5327fa29eae7fa117987c235,CLEAR,DAYLIGHT,DRY,FOLLOWING TOO CLOSELY,2.0,37.5,1.0,1.0
06f6e19a55f9ab558f7dd25e78a87c4bc6896c242068a2a966f1487d9e887ec10de455af3dac9d7ed964d277ecf86ee155cb3c9d4b7ce2aacee6d6dd3419c309,CLEAR,DAYLIGHT,DRY,FAILING TO YIELD RIGHT-OF-WAY,3.0,18.0,4.0,4.0
06f6f5f7b7f43aea7a38f4a58b366b6558b99b9ec9fc0d38f23e46a1e92e833de9a1572c32e47dc135d8166d5b228b1f6e8e494aa746c87b111fc9ddef34cd30,CLEAR,DAYLIGHT,DRY,FOLLOWING TOO CLOSELY,3.0,56.0,3.0,3.0
06f71acb0e486833517c92514fbc3a7b66dc50a5f8297eef7f42d2a9bfac83eaaa823ad3c7c0a758d4464fd3bf4dc3fb784e1bd1659e4729c50448d8f19a5c4b,CLEAR,DAYLIGHT,DRY,FOLLOWING TOO CLOSELY,2.0,63.0,2.0,2.0
06f72c483ad12f0963c3a0b8032e0a5f0468b70ea3918e21c76c6e9491911a48e01ca9199f50049b5cb118c31655038acccba265b6b1415686432ec36d09c698,CLEAR,DAYLIGHT,DRY,IMPROPER LANE USAGE,2.0,55.0,2.0,2.0
06f752eac5a5a63a7393d92dc5d98d39837fb50ed42e4a365050a87cfeb319c5be7503db98a0b7766a7dd2eed1786b666efad19f55eb83be4d7ade9b45e6be82,CLEAR,"DARKNESS, LIGHTED ROAD",DRY,FAILING TO YIELD RIGHT-OF-WAY,2.0,30.333333333333332,3.0,3.0
06f78d2ce6772161f63860d176d626cf7b064b39f8c9b96bc99e61148a08dcbdb81f3ac7fe003ef0556cce63dcc75150555e65ce9659688c6e6c5798fc13dcfd,CLEAR,"DARKNESS, LIGHTED ROAD",DRY,DISTRACTION - FROM INSIDE VEHICLE,2.0,37.5,1.0,1.0
06f7a36ec2001c07e8c946323f367f73e182b76ed1444808a645880f54654d844b96991c8d4ba877af4d7d2dd7be3858fb008f89ea380cce11d2e546d6907721,CLEAR,"DARKNESS, LIGHTED ROAD",UNKNOWN,IMPROPER OVERTAKING/PASSING,2.0,42.0,2.0,2.0
06f7d7d887a5e9967309f5ac301c47cd5a75bd86af7112ffcc2f98f3585e1dd29dfc1710181bd744ef5ddeecdbb64e9b565e6fa69a229c1022e35f48b15f8453,CLEAR,DAYLIGHT,DRY,IMPROPER OVERTAKING/PASSING,2.0,48.0,2.0,2.0
06f7ef5e3051a5bc9363e5055f1ecb07fe55b6aee5acfdbc1134da8710afa14f44401aac87d95a80dd75ec65b75b8e738356736b821552853bbdc518556909c3,RAIN,DAYLIGHT,WET,FOLLOWING TOO CLOSELY,2.0,44.0,3.0,3.0
06f7f96eecc774bf1d5f7bf7be543ebfaac1d73d8ef3f7fe55f021734ce24e19cfcf833850d447fc8fafb77fd668c94d0f227cc6490ad007c13d906410919a58,CLEAR,DAYLIGHT,DRY,FAILING TO YIELD RIGHT-OF-WAY,2.0,57.5,2.0,2.0
06f82f3e51cddb2df3537de6da4917c8b335aa116cf1737715e34ebccd99ffdaefecb6416ab6b32cf7351ee37361b32677ef4455694138303c577382329d79f2,UNKNOWN,"DARKNESS, LIGHTED ROAD",UNKNOWN,IMPROPER OVERTAKING/PASSING,2.0,37.5,1.0,1.0
06f831338884b2f382f3d91ac690a7e82254e1ed8c39b4e79c96291743ad8316d3d59ddf1d7b5906a5eb953068f2d75c54fb448c79a6b7d722180c2273d14d7e,CLEAR,DAYLIGHT,DRY,FOLLOWING TOO CLOSELY,2.0,37.5,2.0,2.0
06f832917736d4f59f1f36aeb6737e42c6a16b231155776d5314ca032c0054d12ea0551296abf36f11bb07579d0f0515acdf0705afbe09d3f970949273799c4e,CLOUDY/OVERCAST,"DARKNESS, LIGHTED ROAD",WET,FAILING TO YIELD RIGHT-OF-WAY,2.0,30.5,2.0,2.0
06f83d174bfc291c3e8e0c9cdbcb45ccaaa4d7c16044a8eb82d44ca230169e60162056214897df22766c404e1e5ae98ace252c76a634e2a9e8b7601c97893d67,CLEAR,DAYLIGHT,DRY,"DISTRACTION - OTHER ELECTRONIC DEVICE (NAVIGATION DEVICE, DVD PLAYER, ETC.)",1.0,18.5,2.0,2.0
06f8576ab42542a03c02f397eff22a968244fa3b1e9c53158c2da3bf3f8090c4fff8b3b9972b6e3cda8528aa7e3465052d3b411788d9afaaee5d4349270c9177,CLEAR,DAYLIGHT,DRY,IMPROPER OVERTAKING/PASSING,2.0,50.0,2.0,2.0
06f86222408db48aaf9f5352d7d30203a37cc15119237e45e1363835f5ff6ad6649f240aacd2ea275be3480246859a43bae89b857016ca092aebfb8f5bffd457,CLEAR,DAYLIGHT,DRY,EQUIPMENT - VEHICLE CONDITION,1.0,15.0,3.0,3.0
06f8717be7df5547a96ee6bbc13099d2409346dcf3c5273a2552ccbd4d070c0836f698c6c14637866ab9342387479cd2c87aa16f481d89f88750e0f69f0637dd,CLEAR,DAYLIGHT,DRY,DISREGARDING TRAFFIC SIGNALS,2.0,51.5,2.0,2.0
06f89556b34b05398494452d0cb49651c15f378e70394afd74e2406b71d7e39e1668d76633f3e9bba40aecc6842e5249966b0f6668bfd1e76f61b96913e0a6df,CLEAR,DAYLIGHT,DRY,IMPROPER OVERTAKING/PASSING,2.0,37.5,1.0,1.0
06f8b36aef7dd4c1365162aeede19534d050e187e8851700068617b421f5a17a5d8d0400decfb361ada55288977fdedad7c46a7ef5f2bc19e942304613651cd7,CLEAR,"DARKNESS, LIGHTED ROAD",DRY,FAILING TO YIELD RIGHT-OF-WAY,2.0,41.0,2.0,2.0
06f8b7d2939aa5397928b403dd9f31c99520b9ddb8efdcc1fbde0c6649b1f857cc721466fc06444488fda9d38eb224599c9bc630868d751e4de3ecc20cc9a062,CLEAR,DAYLIGHT,DRY,FAILING TO YIELD RIGHT-OF-WAY,2.0,26.0,2.0,2.0
06f8cf0f369d25a6cc71413017774ed8f903ce086ed0d6fb945888f049c2f534792f71a978027547ef9018f498ba23e21636c5b11c3fc8eb88b67f8b08ad3f15,SNOW,DAYLIGHT,SNOW OR SLUSH,FAILING TO YIELD RIGHT-OF-WAY,2.0,47.5,2.0,2.0
06f9012fecb87fb200c42617dc677fb610720828b6ac966894ac15bb0c7deacfd8c7ef53af807310b1939cf7c6983f0049d6dcf73a876c85aa4e15e066b9ef92,CLEAR,DAYLIGHT,DRY,FAILING TO YIELD RIGHT-OF-WAY,3.0,41.666666666666664,3.0,3.0
06f9157cbd4d1b5d50203efb56fcaf2b78611e265209270cd45a112b79a9a710c28d1fd16575dd4f95824d268ec319a839c3c3aaeded7d7c52eb84b9c473f03c,CLEAR,DAYLIGHT,DRY,IMPROPER LANE USAGE,2.0,37.5,1.0,1.0
06f920891e4cf69de1e2d589c1c2ea4c087b3a71de164760466f17dfb6a863874e38605ef8869b0b0d3512d2d605fdb492827d95b2fd261ff4766d78e540837b,RAIN,DAYLIGHT,WET,FOLLOWING TOO CLOSELY,3.0,35.5,3.0,3.0
06f939c8133acfd513dd714362d0da6d68a2f2b7d247f9ab9635129575c63458fcf40b90e5ae6197607bc53097eda976aaa03a7c662730e070125235870be14a,CLEAR,DAYLIGHT,DRY,DISTRACTION - FROM OUTSIDE VEHICLE,2.0,48.5,2.0,2.0
06f93c6b32753b4e02f7041b7a9f85a9adeb891d5092b83b2e5a023e1b4d60451774992de764733af3e4a42aab06629b687a3cd8ce695538502da79a53c4de15,CLEAR,DAYLIGHT,DRY,IMPROPER OVERTAKING/PASSING,2.0,31.0,2.0,2.0
06f9527efc249ea42ffc6f196aa1d9d267585a2186a370de445a93b3d002c8d69fcf7e506cbbc8706800f91088101ebb823831bbb708ef39a9a5287f51079313,CLEAR,DAYLIGHT,DRY,"VISION OBSCURED (SIGNS, TREE LIMBS, BUILDINGS, ETC.)",2.0,41.0,2.0,2.0
06f9633436b7da317d552503b5f9c3fa4bec1e356f913ab4caae577c556152fcd9548b2424945dfc82dae8c65695157ab6971f5a95a62f6c63319f3a6c0c058c,CLEAR,DAYLIGHT,DRY,IMPROPER TURNING/NO SIGNAL,2.0,37.5,1.0,1.0
06f98c9a3093085253089c84818c6573a6cb0d6c898e83a8d0f91be5dc23798315f65453b24a5dcdce9bca9c89ba321c05b6f74480a30ed98864173a238a8e6a,CLEAR,DAYLIGHT,DRY,CELL PHONE USE OTHER THAN TEXTING,2.0,48.0,1.0,1.0
06f9b75d081e1d8650f028cda12b2b7bd2f3a8bcebfa1dff887c05d0991e107d9467390eb1c30e5a48a4b3ccff9396e7ac7ff775afcaf934d3e1d9477b97990e,CLEAR,DAYLIGHT,DRY,FOLLOWING TOO CLOSELY,2.0,19.0,7.0,7.0
06f9bee008466328ba831a5a6a475bcfb5dba245f1c5ddc994c5939ab484453a417be3b54fe93cdf325cad074c1cf8597cf7b78bf9084937fae20b6bff913469,CLEAR,DAYLIGHT,DRY,FAILING TO YIELD RIGHT-OF-WAY,2.0,41.5,2.0,2.0
06f9c1e28b7f4e79d46bde5cc9c86fdf07848ac387d5d08c08dd6478acfc743825e17f143b147c9a8f0a6825a8d8e868e0e20651a92b313925024e46d1f5c265,CLEAR,DAYLIGHT,DRY,IMPROPER TURNING/NO SIGNAL,2.0,40.5,2.0,2.0
06f9c4a498ab95ccb7fa29ab453e9c22ed1235ef0b698cbc63a34c15fdae07422ffbaa932e23f11c63121758bba11bd132b196f74c50ca700cdaf8552e1862c3,SNOW,DAYLIGHT,WET,FAILING TO YIELD RIGHT-OF-WAY,2.0,25.0,2.0,2.0
06f9e4ba2bbe14ea56788c86dab646d8df23fe2b5779b7cb2120de42651b1ace204a256cbbb15b3fed8f97c94e1f19f49d28fef69b2ea0fded332c108ea161c6,CLEAR,DAYLIGHT,UNKNOWN,IMPROPER BACKING,2.0,37.5,1.0,1.0
06f9fc7d42db8daed40f88cff634a8965ec33c82eefe4bdb6a36eaaa18839e32b6822cb1d6de75fb384235c53fd75fac45cf917c649c475603a1a5327e564ab0,CLEAR,DAYLIGHT,DRY,"OPERATING VEHICLE IN ERRATIC, RECKLESS, CARELESS, NEGLIGENT OR AGGRESSIVE MANNER",3.0,37.5,1.0,1.0
06fa3cfdeeb4b58a3331a9f0a5589f56a7922426747a370c6597fbcc14a395c9514dc9a612bfc055fd32b1651c99d1bf797376cb97a0553e678c541806eb41f2,CLEAR,"DARKNESS, LIGHTED ROAD",DRY,FOLLOWING TOO CLOSELY,2.0,28.0,5.0,5.0
06fa5ee1531605ad83f6738c8767550d2e2c2dccbb3c0696cbc6f0344a14aa089ce1f351e55f22e4a5738b625116f5bb8a862cfa5627c92209687a8e50e6c090,CLEAR,DAYLIGHT,DRY,IMPROPER BACKING,2.0,21.0,4.0,4.0
06fa7250c6653e28c2c183a3f2ea66a6c9ab5c944c31c250f6b3df25a283df448a487611e1a634aca967f5f3ab546c49e6e285a911af42c24363a82e6eb67d78,CLEAR,"DARKNESS, LIGHTED ROAD",DRY,EQUIPMENT - VEHICLE CONDITION,1.0,67.0,1.0,1.0
06fa84a5a48997ab16a932c45a8391b3cf03e4e93c7b94d149dd9f940659c0b50e54dd7966bf39d9cacefb993e3ea134c1b12ac2c401eafc3611a5c72f3c2be4,CLEAR,DAYLIGHT,DRY,DRIVING SKILLS/KNOWLEDGE/EXPERIENCE,1.0,57.0,1.0,1.0