crash_record_id,weather_condition,lighting_condition,roadway_surface_cond,prim_contributory_cause,total_vehicles,avg_driver_age,total_people,total_injured
06fa9ac2ca7762192379c73ccadb1e6ff6198284f53fca0fe535d226d22cf3e1e653025a6dc9ac4367236571c21b375e72924c4ad8509e233f9a7239d46db1e4,CLOUDY/OVERCAST,DAYLIGHT,DRY,FAILING TO REDUCE SPEED TO AVOID CRASH,2.0,20.0,2.0,2.0
06fab775c964bd33eacf4697d5b6f54978202eb475ba5864c3ea860a4291c6e8cd82dab8b93ba2bccd449e548950c7c5a0bbc14d112a129debcf23a77a4fe050,CLEAR,DAYLIGHT,DRY,IMPROPER BACKING,2.0,27.5,4.0,4.0
06facbef4498c1e9b1ee8ea0ff44166f1ea8e5d1f0a76270455736d517a3fa819f7938e390f2e0162b962ed30367e083a74bcf0c695b55d13ff9601c6ad62d9a,CLEAR,DAYLIGHT,DRY,IMPROPER OVERTAKING/PASSING,2.0,44.5,2.0,2.0
06fae3ac59daf031092e26486bb1f1b1a44c78d23100d987643755900d58f7e0467b152297018d2f266a7f0c39c1f1b0fb72b5e2546610367884d6c65463dd98,CLEAR,"DARKNESS, LIGHTED ROAD",DRY,FAILING TO YIELD RIGHT-OF-WAY,2.0,23.5,3.0,3.0
06fb27a677554beafa77e03b4468ea7b9559f10e2366e9ab7174403a4dbaf041efed5165998ac33ba0519f20a0ead0ab17308d02806335ef8eb6cc479d7cdbbf,RAIN,DAYLIGHT,DRY,PHYSICAL CONDITION OF DRIVER,2.0,28.5,2.0,2.0
06fb3317b196642774adb172d5da94d0a1b95ea9d34f0a9a2b305556b0895f4fd52ba44df322bdc08843f7c33422c543800171f5039304cd3e692c826148b4b6,CLEAR,DAYLIGHT,DRY,FOLLOWING TOO CLOSELY,2.0,35.0,2.0,2.0
06fb384c688df14609922dc145bec7b03ff5a6d1f52462c48ae16bc875b7ec2d8b61199956d63db62a2d5509db0808ee513e1f74dd7abdb85c55486b753857ea,FREEZING RAIN/DRIZZLE,DAYLIGHT,WET,FAILING TO YIELD RIGHT-OF-WAY,2.0,29.0,2.0,2.0
06fb43d897223bd61b0c61bb1b97148c9282f7253662b095e418a8e2c5f93acce46dda1c33e9499edec9923ca57dde630f12010411e722de6f664fc9f44fd900,CLEAR,DAYLIGHT,DRY,FAILING TO YIELD RIGHT-OF-WAY,2.0,33.0,2.0,2.0
06fb809335cb9b6badc994bc3629a8b839a0f424c3fc9dd136ef970ef1bf2b0dd1da45c151048f7e2f458fd97dcac48d3882c0e737d9ed58edccfa5dcbb584c0,CLEAR,DAYLIGHT,DRY,DRIVING SKILLS/KNOWLEDGE/EXPERIENCE,2.0,59.333333333333336,3.0,3.0
06fb80ebb989ba49f58918b3ede370334e84e38c44869f37d6d8fb65650337776cb46ef85c2d2ffd42d818a76b7f12c373322a47e348d6d8c64824497ffdcc0d,CLEAR,"DARKNESS, LIGHTED ROAD",DRY,DRIVING SKILLS/KNOWLEDGE/EXPERIENCE,2.0,37.5,1.0,1.0
06fb837dd96d7d6203fccd401e3f68e2d5837034838a86e1d95608d4070cd95ac733e0cdfbed0e99aef344660b4f3b7ea44e694e8055e0dcfd1e573eaef8a640,UNKNOWN,UNKNOWN,UNKNOWN,FAILING TO YIELD RIGHT-OF-WAY,2.0,37.0,2.0,2.0
06fb8c6f84a2704fe4c75bba69dd6f640032d60bbde63e462ad8fc609f12c9fe285e4f5c6cf1399631c8e0a4fcd861c13d041f52c0539944ec5bb2a3b830d014,UNKNOWN,DAYLIGHT,UNKNOWN,IMPROPER OVERTAKING/PASSING,2.0,46.0,2.0,2.0
06fba113391783eb35a3f52c560037a2011750cabeff02038be3aa1855a36a399624d507688584285a0174bded758e05417ebb7d63fe3bf5b267f7a1dbad79e4,CLEAR,DAYLIGHT,DRY,IMPROPER OVERTAKING/PASSING,2.0,43.0,3.0,3.0
06fbcb0072731c2b7c3772d0b0cb9612d4bb9c1c6ac47b15bf0bbbb78415a11dffe0df232e86c280d62495dedd7ef9f731e4bcf5be7b58c12c80d99d1e1ef287,CLEAR,DAYLIGHT,DRY,IMPROPER BACKING,2.0,44.0,1.0,1.0
06fbcd431d4deb65c725d04bf4dc6cbd4ca6553c6fdd1a92843c70ba7cc428e2131728329688615261abf620ed8eeb08e04db61ca9c582412bf8503dcee05f60,CLEAR,DAYLIGHT,DRY,FAILING TO YIELD RIGHT-OF-WAY,2.0,33.0,2.0,2.0
06fc08e276d0ab932c43dccb692aaaa0bd718ace5c23dfbfb25110c6afdb548926371f18925e12e72c5d56aa7b74a1128ad675195e3e24c7fafcb44fc9bcf558,CLEAR,DAYLIGHT,DRY,IMPROPER TURNING/NO SIGNAL,2.0,59.5,2.0,2.0
06fc1285ba425126a09eaa38f82450914b00eaa244269fcbcac6dadcbb175144e0829a95b47c5a524672a4b467ef418f938c4f57a3fb82e7c92bd95b41a54318,CLEAR,DAYLIGHT,DRY,IMPROPER BACKING,2.0,48.0,2.0,2.0
06fc1b45088b9457f5852a1324ce98a28d9d0d63fa7a55d5335647ffbd6ef5de84426ddd6a30cf0eb76ea61d94900b3fdaef6150facc68743dc28301beb1a25a,CLEAR,DAYLIGHT,DRY,DISREGARDING OTHER TRAFFIC SIGNS,2.0,22.75,4.0,4.0
06fc1ce27b3a919588d81c756819b8fd239e89d1e54967fcf3c8acac27c079e5a0c6ef14d9a777548683fa5ecef812cede3a6cb7fcc4b820d56b538da8162fa5,CLEAR,"DARKNESS, LIGHTED ROAD",DRY,FAILING TO YIELD RIGHT-OF-WAY,1.0,35.0,2.0,2.0
06fc2ffc47a6ed97cad2daffd3c701007386c8e058a9eaab78d4f51b9fd3e53cbed51ef06f491080b828e6324201cc033803e67c343ea308ad49588b77823831,CLEAR,DAYLIGHT,DRY,IMPROPER OVERTAKING/PASSING,2.0,37.0,2.0,2.0
06fc5ba36a40a37801aba0ad97e78ed67eafaba0bf85c99407e6aab1ef2dac1994d38d6297af3d39e5a2bff6b30154fe6c290552bc00c61df32cc86aba07a3da,CLOUDY/OVERCAST,DAYLIGHT,DRY,FAILING TO REDUCE SPEED TO AVOID CRASH,2.0,45.5,2.0,2.0
06fc671292356a42c929a255e84c6ad8373c910f7a041fe556036c2d0e29fe87074c1fa9eaf98fc6437bdf3428002a00fb0e936bd1248038bf7c8bd407b407f5,CLEAR,"DARKNESS, LIGHTED ROAD",DRY,FAILING TO REDUCE SPEED TO AVOID CRASH,2.0,32.333333333333336,3.0,3.0
06fc818044c75f4ca611d78fdd4855f98de4776742569939be2a408b105d515f914959314fc0e2e9d6fc3bd8f0fb1647b1492e30c50151cfae340106db5c48e6,CLEAR,"DARKNESS, LIGHTED ROAD",DRY,IMPROPER OVERTAKING/PASSING,2.0,73.0,2.0,2.0
06fc87b4f504164abb9e7ce5ceafbe5d3077d96ef673115494e8deba1e887c67aa8624bddfce01e708eba91b7620b06ab36adb9e984aa0ac2f2fc0d320bf393e,CLEAR,"DARKNESS, LIGHTED ROAD",DRY,DISTRACTION - FROM INSIDE VEHICLE,1.0,38.0,1.0,1.0
06fc88a8823aeec004e9d482970bd112c8c247c47c383758d2d2f00535a6812450f172cdc4d8a78c8b6051ab17cd4b303ce2dc9a58adc68b3ade413674d0404c,SNOW,DAYLIGHT,SNOW OR SLUSH,IMPROPER TURNING/NO SIGNAL,2.0,28.0,3.0,3.0
06fce1c2ad080b15b4fc06f339d36f601235ecd2a53b233420d68dab5c8c530b6f65d7cd27438957c5d77c1a33b6b319a7f40a0aef83c1cf3d745014a663e858,CLEAR,DARKNESS,DRY,DISREGARDING TRAFFIC SIGNALS,2.0,39.0,2.0,2.0
06fcf9b35078403bcddb8bfc9ce06724e73a431f48ea88480fdee621f763f0261ef456bb08af7aaf87a1c0e1c589b66ab66dea10a943fcc51d2afca955232d83,CLEAR,DAYLIGHT,WET,IMPROPER BACKING,2.0,37.5,1.0,1.0
06fd095c9ec5a3e8bb454a2ad5af4771758a69209967dc67fe6ed63f13bfcfc6760383f51ed3feeb67ffaa0e65cda374219ece0e24e8edea01b16a0c10294559,CLEAR,"DARKNESS, LIGHTED ROAD",DRY,IMPROPER OVERTAKING/PASSING,4.0,36.0,2.0,2.0
06fd6ebc4a3a963ebc3a2e1c70b09737c3dfc81eae351810983c0a623b9af47f740492ca551dbee8a30a972c41d0f1010a225d6f6c646e557031747191490614,CLEAR,"DARKNESS, LIGHTED ROAD",DRY,DISREGARDING TRAFFIC SIGNALS,3.0,43.5,2.0,2.0
06fd7cc06012f84e3c422fdbcf784be6b7977f46d6d3271f4a9867134f7fdc08d0265519e2d847139cb0b48cd02e784793eb27dfbba5a3e906c8f3ffd98174ac,CLEAR,DAYLIGHT,DRY,FOLLOWING TOO CLOSELY,2.0,51.5,3.0,3.0
06fd847ef12ef4ff525d6c7b8badc1abf748d1da9c578a7069648f70add5fb8c604585443b31043966f6555024db5ce0c985e422eb19c5b296937a15131f011e,CLEAR,DAYLIGHT,DRY,IMPROPER OVERTAKING/PASSING,2.0,63.0,3.0,3.0
06fd9dffd8a7ad6beacfceba7e4d18a1897361ff30c0c6b9fff72d49c5f16332368a93f5f983e75e5c55464e96f6a65d048301461bfe6512cafe406f23b03dac,CLEAR,DAYLIGHT,DRY,IMPROPER LANE USAGE,2.0,65.5,2.0,2.0
06fdb276654d2de297351d6917a3abeea400d297a96727d839c599058039bdcf43ceaf0822770d6f3e61aab121969aa7b6ddbf734cde9518ba75d74c06118396,RAIN,DAYLIGHT,WET,FOLLOWING TOO CLOSELY,2.0,39.5,2.0,2.0
06fdb70e744d66f0be817675bd4f5ee994b16f4e716ae27f15b52e5ef3460f1f083ac125ce168581a031b1c5d2f2db361d98509cdea9414fdc533911440eb391,CLEAR,DAYLIGHT,DRY,IMPROPER BACKING,2.0,37.0,1.0,1.0
06fdb81aac59279f642fc44f418d1d9272d2dea238df33f03d17cf13e0dd9766d996daec5c15e48da94bf7a716c4d89720ccc6f9b44a8f434a66358020710eab,CLEAR,"DARKNESS, LIGHTED ROAD",DRY,FOLLOWING TOO CLOSELY,2.0,29.0,2.0,2.0
06fdcfb35f3120ba65e0f5a8f45bf17ee46870a7917f4301ec37307071def02cb6dce84a8593be6b1b862c9ff67fe20d620c8bd010b5af08fb27736424f49684,CLEAR,"DARKNESS, LIGHTED ROAD",DRY,DISREGARDING TRAFFIC SIGNALS,2.0,25.0,3.0,3.0
06fddffa46cdef681d369dcac2db1fe272ed7f655c803056c88fa82976738163cd8b7bf7b4a2b2f2c03a548fdad1d807495c1666fb28839b9080dd665cf59023,CLEAR,DAYLIGHT,DRY,EQUIPMENT - VEHICLE CONDITION,1.0,31.0,1.0,1.0
06fde4bb455e26f2328c538eeb8d787267241c34a290d9e18b349b1a2cd00b4b3eefb8a46f229dc923bef078a9d9b613c3d24aa8912ba2ee6332d193a1cf11c5,CLEAR,"DARKNESS, LIGHTED ROAD",DRY,FOLLOWING TOO CLOSELY,4.0,36.666666666666664,4.0,4.0
06fe0f6f6c465a0de7635829d566c11517fd5bdbefafc1848dccbffc927313a8955c9677b0d23cff0eefd11554c37543952f3a3200f56c4caf04d21d96529c8d,CLEAR,DAYLIGHT,DRY,DRIVING SKILLS/KNOWLEDGE/EXPERIENCE,2.0,52.0,2.0,2.0
06fe15daf9ef2f1838fadc9ebfb11e4e50b7138b6b921d170d65f4b6297f1cad9457d45301f04bd65e3aa2529b64f2d8a2a2e04ea9677dafceb76a09ba24aa39,CLEAR,DAYLIGHT,UNKNOWN,IMPROPER TURNING/NO SIGNAL,2.0,47.0,2.0,2.0
06fe20ec058f57bdc9ec522889f88a7e614eb7dd872fbac1532f02ed6ca9732ad8e7cea5ebb1df50f03c4e129b81387929ed15588620da9518651b1ab7d21db7,SNOW,"DARKNESS, LIGHTED ROAD",SNOW OR SLUSH,WEATHER,1.0,40.0,1.0,1.0
06fe2db9af043af1d3089c41d1ff0aabbada2595261a1db6cd40c6d5b67027bc8fe8f33ad6515bb9da230a7ebe4b7f688ecc9926b480f7764bb7e8001a92c530,CLEAR,DAYLIGHT,DRY,FAILING TO REDUCE SPEED TO AVOID CRASH,3.0,51.25,7.0,7.0
06fe2e0a03062d582021537273c76b5d4f0984aff2b6e46eccea57e08167bfdbe2eee872791bb59bb89a0295dcadf0eef5402d852416940b1ac46720d2ca0fa9,CLEAR,DARKNESS,DRY,"VISION OBSCURED (SIGNS, TREE LIMBS, BUILDINGS, ETC.)",1.0,31.0,1.0,1.0
06fe2ffc52edac71012d17f71db3da57789a1fc73324e12f4ca90bd4c7ca9123919d431c4b89d560f08feaabb5543212b6c09c70c8567d6816f61c89789e9b06,CLEAR,DAYLIGHT,DRY,IMPROPER LANE USAGE,2.0,57.5,3.0,3.0
06fe543e04bdfd6fe4954db311b2b1c3a067fcca0ee8571d6407d5c1aee356ccfd465b3775eb6f73e757e10c3f4ffacc43d0e496c2e0e67961388986152d003b,CLEAR,DAYLIGHT,DRY,IMPROPER BACKING,2.0,34.0,2.0,2.0
06fe609eff004fbe8d0e36364bd7a7dd8711265d5693d692a00a78fa52ad0c81800cdee8639e058a8f84febe1e644406b1b396049e4d36869a1f74e7383e2dad,CLEAR,DAYLIGHT,DRY,FAILING TO YIELD RIGHT-OF-WAY,2.0,50.5,2.0,2.0
06fe741cc76c09f2b5a792c13997d2bdc1cee7699127c1e2019d4204a48b5c056bbd5d9eedef07063bc052db0e69e7c2a787f1b967959d9065d3df9b04781102,FOG/SMOKE/HAZE,DAYLIGHT,SNOW OR SLUSH,IMPROPER BACKING,2.0,46.0,2.0,2.0
06fe7f3287084b7ea8806077b4020daf7a59363749cfb289546613e7d6169cd3f160aa084d1a6ba925dc2a898fbcd391c8026426fcee866846f356eccc92a133,CLEAR,DAYLIGHT,DRY,FOLLOWING TOO CLOSELY,3.0,36.333333333333336,3.0,3.0
06fe982707e8104a7b5996f5daa23167c290f790b0cb84668ebaa1a3466c325089771932067704b954723f0351b6027d400967d651439fc39fd5696270683ecb,CLEAR,DAYLIGHT,DRY,IMPROPER OVERTAKING/PASSING,2.0,36.0,2.0,2.0
06fea12ae319317a85baa88ffdb5963db70c6e37d114d1929286064b88ad14dc6349690a73352efab9d5e47acf9fe7ec1b3709fcde1764f841c498a37452756d,CLEAR,DAYLIGHT,DRY,IMPROPER OVERTAKING/PASSING,2.0,28.0,5.0,5.0
06fea1630cc5a0bbdeee2318173ef148c4d4724833e8dabf9c22a2ff0ea88ad7a763315c066ac0be5426b33a55399985cbf4f03b74d835f2565b75453982e1d1,CLEAR,"DARKNESS, LIGHTED ROAD",DRY,FAILING TO REDUCE SPEED TO AVOID CRASH,2.0,37.5,2.0,2.0
06feeff6496328be2120a6cff771db3717d294303dca88a8a525c0d9baa345e940b1f7f85a4b6b1e9c688bce359a9167d441c128bc24ccab02aa3cd57bee9f96,CLEAR,DAYLIGHT,DRY,IMPROPER TURNING/NO SIGNAL,2.0,18.0,3.0,3.0
06ff324fc79a24d9153beb2eed5c2508cb9676124d6fe4636512886c14394e42573e84f7e1f96341f618335fa7d858b9aeefb9e90524d0114eb634bc72b7ea90,CLEAR,DAYLIGHT,DRY,FAILING TO YIELD RIGHT-OF-WAY,2.0,37.5,2.0,2.0
06ff3d60e030ad0d8bd831175666bc82edfefe5069e574481b057b3b2ab99c4ed8d86e89fcc1cbfe1b4579561ac91a5eb8c62a76e7e17d699ccad4c64135ff48,CLEAR,DAYLIGHT,DRY,IMPROPER BACKING,2.0,27.0,2.0,2.0
06ff7319ca83ee0ac78dcf6e91fafe6e1d9930b6e52da0f0ea8c5e557e88505758fce1169a5a7e065797695e67f71edbec78b141dbb366efb8a915a8c4d09db1,CLEAR,"DARKNESS, LIGHTED ROAD",DRY,UNDER THE INFLUENCE OF ALCOHOL/DRUGS (USE WHEN ARREST IS EFFECTED),2.0,37.5,1.0,1.0
06ff8aae0e28c8c25f7780a9860f050b96e02a1053a04621a417487ae27ea44f8b15843991bcab3da126e2bb15407bca76afea5efa1b63f518cb4a5245d5054d,CLOUDY/OVERCAST,DAYLIGHT,UNKNOWN,FAILING TO REDUCE SPEED TO AVOID CRASH,3.0,32.333333333333336,3.0,3.0
06ff913e6a18aec9c98db7359d47ef9d1593a75f6473ebbcee846f5674f9d4e03ed449084244a293a344c3b26d55de09ab75250e3cfa976cc8a7859f3599731f,CLEAR,DAYLIGHT,DRY,"EVASIVE ACTION DUE TO ANIMAL, OBJECT, NONMOTORIST",2.0,19.0,1.0,1.0
06ffa1633f15a68689fa4d15ec5588a63e5330aa093f40e409023bbc1d1a5a3110f10b2b3cd31cfd1f37b05886eba415b70b42cf7b99aeeff1fa2abb2c5606b4,CLEAR,DAYLIGHT,DRY,FAILING TO YIELD RIGHT-OF-WAY,2.0,35.666666666666664,3.0,3.0
06ffa7526a521a6fe080edc88cc2ac1d13c633af2dd6e82af7f97a07ee8d8822260253f954315016d0d27356d412e17e1bb2cb8dda84a3551f15d5a8de357d05,CLEAR,DAYLIGHT,DRY,FAILING TO YIELD RIGHT-OF-WAY,2.0,41.0,2.0,2.0
06ffb91a45f8feb7ea116f94f556e5eac51562d531e369eebfb6ef52cb1dc3dc6047587859fbecc20753a6f09037c9329ee07a2b4c85e5743fd247a491351468,RAIN,DAYLIGHT,WET,IMPROPER TURNING/NO SIGNAL,2.0,25.0,2.0,2.0
06ffc1ae31952d50cb43fdba1440611a09a63a52c928aea908fde022781d14d86cffc4c29cf568e3edaa7973e200dd0b064527c99635c91c973c64fc1a052753,CLEAR,DAYLIGHT,DRY,FOLLOWING TOO CLOSELY,2.0,27.0,4.0,4.0
06ffeaddde611440dd7d9a6b7e4410da6b720eee7560b0fa1640c807a3657cfbe95875663ae556ce6dd56a9c9923de6602a938fe4bbc8e70bcfd81c8c0e96b25,CLEAR,DAYLIGHT,DRY,DRIVING SKILLS/KNOWLEDGE/EXPERIENCE,2.0,36.333333333333336,3.0,3.0
07004810758e83fd0f0a2b8ffd57b9a7fd1d9089e4b9931a0f444e7fe9ff1ee5f67ba7f5535db05f8bd83f62e71ebceea4ae0e956631ba1cfa6ad92ffb2e566d,CLEAR,"DARKNESS, LIGHTED ROAD",DRY,FAILING TO YIELD RIGHT-OF-WAY,0.0,53.0,2.0,2.0
070053408391a0199dba1e645ba5f42da20c41940fc8126c9fdbb1cfbec7afdc5e2e1b923bb35d5126c0acd6bae5b90384ded2d58e78e00c32c52c04b030a182,CLEAR,DAYLIGHT,DRY,IMPROPER TURNING/NO SIGNAL,2.0,42.5,2.0,2.0
07006dfcbef81ef21ac661c1b7586f209a59bc1ff8ae9af9bc3c384bb84e20a365df3bbd7fd5b8c3fd51f2e8b94755f90a2c92f1da78c50050c53f0fa66a87cb,CLEAR,DAYLIGHT,DRY,DRIVING SKILLS/KNOWLEDGE/EXPERIENCE,2.0,72.0,2.0,2.0
07007104fab75e660f04d9ebcd9e1b9cb82716bd8b8657a553f097824a92d104ef7a97db51afa5dfefae87cef7f47a061b52d66c449b540b23b58f8d39c06fa8,CLEAR,DUSK,DRY,IMPROPER LANE USAGE,2.0,59.0,2.0,2.0
07009684f1874faaf7f0ec4d4cd72665eecdcf0ce556c07d15084aadf11c28e085ea27ad8c6d09a7f84e2b59077edb70807ed1c23aa287751590ec2c570a85f1,CLEAR,DAYLIGHT,DRY,DRIVING ON WRONG SIDE/WRONG WAY,1.0,37.5,1.0,1.0
07010582ed090155cf454912292bf160b17f8424595eedf7bbd4c4e1cdfffdb210360a5486b736916e5919551293aeff2659888773ebae301ea36bc409b94b65,CLEAR,DAYLIGHT,DRY,FOLLOWING TOO CLOSELY,2.0,48.0,4.0,4.0
070112fc8b0aa1fe273301c01555e5373f41bbf0026d9dc2612fb7639045b79b506fde23d33d4fb783761e8107375e82b17c985cbea436e4b8316172bc64687d,CLEAR,DAYLIGHT,DRY,DRIVING ON WRONG SIDE/WRONG WAY,3.0,50.5,3.0,3.0
07011775f679b7d18349e981dd2efd83cf4d6d68fbb690dbc28c52a34579dc9e2b5577242c0fed2baf2ce9abbe15774529fd96ca7873ca93c6aab8da6b88ed85,RAIN,DAYLIGHT,WET,FOLLOWING TOO CLOSELY,2.0,46.0,2.0,2.0
070127ff2645a882aebc117d9d9ba27a974949a62014d82229e862e02140b476a7259cea36c5af616711227389eae88cdf2a5af5aabeeec30597caaf18d7371b,CLEAR,DAYLIGHT,DRY,DISREGARDING TRAFFIC SIGNALS,2.0,32.0,2.0,2.0
07012b6c4b3dd59d6cd459307b103bd9b3869d34fd4fc1f72a49eec8a6c666df6c4d435929d4b5c3080f3c588758e977a2fc502084e9e20601e2c0640301af24,UNKNOWN,UNKNOWN,UNKNOWN,IMPROPER OVERTAKING/PASSING,2.0,47.5,2.0,2.0
0701322d3c79f2d5a6f80e59bbc575c3d7e494530afe00573b307f34a1304b1266594f311aab93eda2da2e516e6dc78a62a73d3f8463e044a26320027ce02000,CLEAR,DAYLIGHT,DRY,DRIVING SKILLS/KNOWLEDGE/EXPERIENCE,3.0,25.2,8.0,8.0
070132adb9dfecc4f7d86040ba1a5f5aec950ac3267e6afcd8e7e9578036b667d4395ccbf84866d0c23f2b9b2d9fe5952e74f65e028ba9bb12789ddbcae6dd0b,CLEAR,"DARKNESS, LIGHTED ROAD",DRY,FAILING TO YIELD RIGHT-OF-WAY,2.0,61.0,2.0,2.0
070183351af696248a0f081c39b7a17a6b47e3223993aa27c7ef861f7020f3e5d5a486eddc0c54f8a754c3f0efb815caab60954d74f559c67a2b1942e1bd2e1a,CLEAR,DARKNESS,UNKNOWN,IMPROPER OVERTAKING/PASSING,2.0,55.666666666666664,3.0,3.0
07019b792cd51e450ee6c0ff1db59629542e957a2de428189d3ffc4e37c86d0f4753f1e386e53c65815af16639c770e63d874e876ad262fd48cfb3c4b1561a61,CLEAR,"DARKNESS, LIGHTED ROAD",DRY,FAILING TO YIELD RIGHT-OF-WAY,2.0,24.0,2.0,2.0
07019c07a90ee3118754905b7cc1765cf94eb25880a528dbc47ab210800d7a1211af644e6868f3f1f0471e5b8650c19912abe9411520e7bc105efd8718e09f65,CLEAR,DAYLIGHT,DRY,FOLLOWING TOO CLOSELY,2.0,50.5,3.0,3.0
0701b9b6fd7ae0ff49b8eedbbf63352df0c3a46491992ea1ea0f48cad127abcd504506246c1a23a3041f319679d75219689554d5aef00def580f478a0ea2b159,CLEAR,DAYLIGHT,UNKNOWN,IMPROPER OVERTAKING/PASSING,2.0,46.0,6.0,6.0
0701c7b0804773b315c2851534f3e0077bdfc30379a9d5fcdefc8cb67c79844799e628bb3555066e492ee55367e40a1dc04707c399e2be10d612157043322d7e,CLEAR,DAYLIGHT,DRY,DRIVING SKILLS/KNOWLEDGE/EXPERIENCE,2.0,37.5,1.0,1.0
0702376371a92904e3f999f7c455cb2b0422ece966c0024c27848c2fd96e23c73d4a811e0da16eb86bb763719e7774fc3e0073ec996269b2055a0925f8aec1c3,CLEAR,"DARKNESS, LIGHTED ROAD",DRY,DRIVING SKILLS/KNOWLEDGE/EXPERIENCE,2.0,57.5,2.0,2.0
070281a8ae7097748cbdbf88406c1a6eef14306ec5fbd8d6f7555907cc341ad1502b6c7f0a7f3aae659776dce0e95c3462e9bf536d309dee25f8ac07a49fcf5b,SNOW,DAYLIGHT,SNOW OR SLUSH,WEATHER,2.0,25.0,1.0,1.0
0702ac49e10d7d0448f016c4d2aa8b60dc3bad2bdc57c303ac14910dbe178285559100fa015c8d6c756c62870d24112affe393ff76942a72fdbb529980583191,CLEAR,DAYLIGHT,DRY,DISREGARDING STOP SIGN,3.0,28.0,2.0,2.0
0702b9fcf791488b4c78c65fd8e15eef5e2baf66863d32b8b351422aadb264bb5d47f0f10764c46087ff9a193dcfaa8a78ba00e4d6df4d156e05ad586ed6cd78,CLEAR,DARKNESS,DRY,IMPROPER TURNING/NO SIGNAL,2.0,66.0,3.0,3.0
0702c1c4219f66b22e0cbdf5e8e1dfec4225118af0886ff5ca253a21f1ab1796a1db37ce0b6ea0c778e62aca28ffb7626f39f37d25c9bafe064929338eda9c1d,CLEAR,"DARKNESS, LIGHTED ROAD",DRY,FAILING TO YIELD RIGHT-OF-WAY,1.0,51.0,2.0,2.0
0702d5359a0867735f8cf109d20eb4dcc1306ce64bae03f54c3b9f68ad374fcc961d65a5c21271fdde50d17df8e94931e951c30d478bad8a1aa46018b184e0f9,RAIN,DAYLIGHT,WET,IMPROPER BACKING,2.0,39.333333333333336,4.0,4.0
07031a3b619346d9b52b1a4b296545db6341103f3e9067ac40530146239a0c547fe7ea6f28de72af52fa12848fb524bfa7265ce794ff2978035eb00df745aee3,RAIN,DUSK,DRY,FAILING TO YIELD RIGHT-OF-WAY,2.0,29.0,2.0,2.0
07031c172b49378e3c8353e558c5a6deb6abc65255f98a0ee54fd4b8ac7b8e5cb9aa3a2e505b984134a7b1c00c922626479ac57871ce4a3b1ec915373a620122,CLEAR,"DARKNESS, LIGHTED ROAD",DRY,IMPROPER TURNING/NO SIGNAL,2.0,38.0,2.0,2.0
07033272bbee8719a62e1c4005b33b3303a52e2112a9ca9d78552c41976f4c73cc489161fd5ea392b031f705c4433a36779be6653f96c67a288765bfaa07f780,CLEAR,DAYLIGHT,DRY,IMPROPER OVERTAKING/PASSING,2.0,47.0,2.0,2.0
07033cf245965e85c275bb74dcba91ee12114fdb846b7e7062f8bd7b3048c7109040c57c8a86a5ae52feb8539f1251b5f9a3da08b3b55f1f7c78bf4a698a489b,CLOUDY/OVERCAST,DAYLIGHT,DRY,FOLLOWING TOO CLOSELY,2.0,58.5,2.0,2.0
0703761876ae9a6c7c398c49fcfc2f0eccd51c9b539fbec62d8e1cdd67dcce4c06629e20d56d3a68d3ec48e5ca117674a50292bd439be8d2fc91224a53794071,RAIN,DAYLIGHT,WET,FAILING TO YIELD RIGHT-OF-WAY,2.0,63.5,2.0,2.0
07037ac688c53a7c61b0f1b7b23bd403d21798dbb172b001523530d1243b71cb1650abb612ff00ad4705c422a90f842536b2462a98947e892a190b76e156965e,CLEAR,"DARKNESS, LIGHTED ROAD",DRY,IMPROPER TURNING/NO SIGNAL,2.0,30.5,2.0,2.0
0703b2816c40ccfb0ca3c96a0d5a33e043721ef4d7b4c7d71525427fe42490721c98ae9798458e8f5e774cf24b2627bf20095e0206262a7d969890042f3eca54,RAIN,DAYLIGHT,WET,DISREGARDING TRAFFIC SIGNALS,2.0,72.0,2.0,2.0
0703dc59508cedb64b8ce28045562e1ad7d551860a0bd151b7be0aec7120a014b0ad4456ca43d3f0780755d65ade0dffba2f07e302d985edf5484cf77d28e200,CLEAR,DAYLIGHT,DRY,IMPROPER BACKING,2.0,62.0,2.0,2.0
0703e45e099a1bd8aea4296b6e3d6c3bcfedb2b26729c44a8b3d8d87d74dc55512d276d9eb9fa06b0f6c82ac466576b7c9d4699c7ab4b3190630c1c9c8ed1f0e,CLEAR,"DARKNESS, LIGHTED ROAD",DRY,IMPROPER OVERTAKING/PASSING,2.0,37.666666666666664,3.0,3.0
0703effe27b8b8cf44b8e025f67b2459289619f2376d75ed1e1ecb8e2d43acd1edb97568e30ee7fe9e916e6c3ea933cb82b848bb491d9cb4cd3cebc4acae0af5,CLEAR,DAYLIGHT,DRY,FOLLOWING TOO CLOSELY,2.0,37.5,4.0,4.0
0703f2fb727ab10a368589e69ae7772b4e14c5966faa94cf00c0f346c6d44f7d583746455fce4c365ea944c696e461184920f763fc4f4248c14aa0d828e459c3,CLEAR,DUSK,DRY,"VISION OBSCURED (SIGNS, TREE LIMBS, BUILDINGS, ETC.)",2.0,26.5,2.0,2.0