crash_record_id,weather_condition,lighting_condition,roadway_surface_cond,prim_contributory_cause,total_vehicles,avg_driver_age,total_people,total_injured
07043c2d44e0a3481ab99eee78f9f99bb130be9c55bd62fcc322da81deed0036f8c56a22b908e0800b195074e27931e66b306a4d79e2a247ad94d4c034e8df1c,UNKNOWN,UNKNOWN,UNKNOWN,DRIVING SKILLS/KNOWLEDGE/EXPERIENCE,2.0,57.0,2.0,2.0
07043d85c374b3713a91073cd798bb69ed0cab6c0f58dab0c8ecbf2332ab4401f4b7fce6d602822f832a3aad82a73ed8f139015160f096f89f381137bbea3c62,SNOW,DAYLIGHT,WET,FOLLOWING TOO CLOSELY,2.0,45.333333333333336,4.0,4.0
0704614160f2925ce454bcc2306eb6566a01044584f10ad0e823f414636cc7c1aad4de4077f2fe22429301e15726f041f247bb6d4df0dbff7036d41c2acec296,CLEAR,"DARKNESS, LIGHTED ROAD",DRY,IMPROPER BACKING,2.0,56.0,2.0,2.0
0704a1757a10611d16d54bbff11bcada6869fc8d7ea452791fd162de4bdefc9fe1f64097fe37d284c8fd1edbc8a5ce28600894cd5ab73496cf8d586e050e7387,CLEAR,DAYLIGHT,DRY,IMPROPER OVERTAKING/PASSING,2.0,11.0,2.0,2.0
0704a4ddd68012b50c6b0f6969cc2ee0925f7d4d6ed2e36b9b7ae7e71ce7982ee5e6209a4fcd8f66d7df0014539d531c0d219116dbee444af6ac19fc4e272e5e,CLEAR,DAYLIGHT,DRY,PHYSICAL CONDITION OF DRIVER,4.0,18.0,1.0,1.0
0704ae86996c429df6b6aa81d722b699df55d64b33cd838ba75c9cfb4de649fb97b0dd4f196e442e0a9746dc02f255bb876804a210f8dfe4d90759a60a309f84,CLEAR,DUSK,DRY,FAILING TO YIELD RIGHT-OF-WAY,2.0,27.333333333333332,3.0,3.0
0704bae2ccd64f299f22644db0ff53e2a3da48eb636e48f7dcf70df72bc385839e2477a9d1da50f69bf960b99681777a4c2297985c4cb5edaebb735677698e5e,CLEAR,"DARKNESS, LIGHTED ROAD",DRY,FAILING TO YIELD RIGHT-OF-WAY,2.0,33.0,4.0,4.0
0704c6acd89379b81ee05a614c5f8454fec19590b4404ba93df25c8d9a217951e2bbb24d52d4cbf5335a6caee88042b66493e1383c95766a1cfeb45281997791,CLEAR,DAYLIGHT,DRY,FAILING TO REDUCE SPEED TO AVOID CRASH,2.0,37.5,1.0,1.0
0704ca7be017ea702e7af5659a8d7fbce0757d0490caca5ce1817d1f331eef4d86f4504990a8f33d8704f1543447bcfc06173151e446d2edeb935747b8fa7a63,CLEAR,DAYLIGHT,DRY,DISREGARDING TRAFFIC SIGNALS,2.0,39.0,2.0,2.0
0704f763e853a8f6128f875d89b720e8fbfbd3ede1fdbf3d21e3ce9bfe6f57c5a8f3f1fa81474929d8fa68b879bc913abb7d8a5b2c7ca7991d1fe1ffb50603b7,CLEAR,DAYLIGHT,DRY,IMPROPER LANE USAGE,1.0,44.0,2.0,2.0
07050832435ab5ea7ca457cdd30dbe754a6403291e6c376253d86a4cbc5d976310ea3309de00cd012cd4dc6b5391b9aa52336c1a69c552ae752e49bb795a4839,CLEAR,DAYLIGHT,DRY,FAILING TO YIELD RIGHT-OF-WAY,2.0,42.0,2.0,2.0
070554f796b838962e63f0c2236222172834bc18490cc3ba800d1f77354d53bad6f81c445cf14aa7f3f3866493368886165d4fea67617ac0344cc3596b16f1ed,CLEAR,DAYLIGHT,DRY,DRIVING SKILLS/KNOWLEDGE/EXPERIENCE,3.0,37.5,1.0,1.0
07055f52cde58b5d62a5ff9de7ef95ac8ed5430450c48e8b908d6f8aa3c5831ba2c1d03041965bf63c6c9f68dd129df67f065d37a18bf4a8eb1a9049406ca8da,CLEAR,"DARKNESS, LIGHTED ROAD",DRY,DISREGARDING TRAFFIC SIGNALS,2.0,31.25,5.0,5.0
07057c00b23e68731ee732184817c8b56f0dd2fffbd264260928d7c61c7448ee3fe57d9a5e20608f06903f6fc11670c7a7d601295a0fdad52dd904de038aa4bf,CLEAR,DAYLIGHT,UNKNOWN,DRIVING SKILLS/KNOWLEDGE/EXPERIENCE,2.0,28.0,2.0,2.0
07057c84ed5e731fecce24f89c191c763fe4c9993d94d4830da527f1b31bfd83f057aa399f0298528e82786cba7faae456e2561be1abdb59ee2c9b64637dcf49,CLEAR,DAYLIGHT,DRY,FAILING TO YIELD RIGHT-OF-WAY,2.0,40.5,2.0,2.0
0705894300f779ab31395569258ed692159f348187081a118aa7681ac355a92b2a82bc39e06c428f82ddaad73ebc7a71bba97ebd0ada9434abb8323c0bfb712d,CLEAR,DARKNESS,DRY,DRIVING SKILLS/KNOWLEDGE/EXPERIENCE,2.0,42.25,4.0,4.0
07058d0f03d26920db5e91383c262cf0885deebcf34b2668031fadcb9be5832441e45b2ebeb2e2157fa68db2c73974dff94d84dce48eaeaace05884140f45267,SNOW,"DARKNESS, LIGHTED ROAD",SNOW OR SLUSH,FOLLOWING TOO CLOSELY,3.0,22.0,4.0,4.0
07059d281759663502accd05ad3e6095d0f4484d5bde1a6fa17973dc1760e7f27ee56cdab52dbef8e3732f3884b5b615a6670fb469e6f139ac0c3c8a415f0937,CLEAR,DAYLIGHT,DRY,IMPROPER TURNING/NO SIGNAL,2.0,22.0,3.0,3.0
07059e5d5207d5afc7ee74052a233305f62bddab9346fd65a09c7ee5b1f2c844024e3363968a4d9fb89079f21fe21a533a863ef9b8c83245fc7d1b08521893bd,CLEAR,DAYLIGHT,DRY,UNDER THE INFLUENCE OF ALCOHOL/DRUGS (USE WHEN ARREST IS EFFECTED),1.0,27.0,1.0,1.0
0705a555b8bcd01b73da70861fb1538481765290ea59062ee07cafd6c61805fe03330d2ec0eff29adbefee46c35cc43daa1d9136f92117b539d5266f43d5db8f,CLEAR,DAYLIGHT,DRY,FAILING TO YIELD RIGHT-OF-WAY,1.0,57.0,2.0,2.0
0705bf5591c59a7e8b01dd2b7b3809e394bb30a6e40e2dd684f1abf1f0358e71df7111fae9c993e4c9905de921a672b56b0cb55da50b381a128bc917ef5bf088,CLEAR,DAYLIGHT,DRY,"OPERATING VEHICLE IN ERRATIC, RECKLESS, CARELESS, NEGLIGENT OR AGGRESSIVE MANNER",2.0,76.0,2.0,2.0
0705bf7dc31aa5e987eb4ceab717ca33d1c2261939495b0e53f8b0fe1d95c15b0acae8b5177144a92e7107dd0e7ef6c2f88108301f74a123a2c8328c0195ff5a,CLEAR,DAYLIGHT,DRY,FAILING TO REDUCE SPEED TO AVOID CRASH,1.0,37.5,2.0,2.0
0705e3e9b87103b872c367b20d558380a076b8b54e1a05d2fe63981be59f3766d32e57502401d8d46e70bd5e65974fb397a7e99a4eed4be52b6bb0975c6ca4b1,CLEAR,"DARKNESS, LIGHTED ROAD",DRY,FOLLOWING TOO CLOSELY,3.0,26.0,2.0,2.0
0705f8240ec5b434463149190f4a3d2ff0ff5e5dcaf936da18af4fcb2368eacd8a0b3b400ab39f97c4c2587d81aa1110aa3afe26735edf98524dd3e9b8339c63,CLEAR,DAYLIGHT,DRY,DISTRACTION - FROM INSIDE VEHICLE,1.0,25.0,1.0,1.0
07064844a6a31af7f4a62f5efe34fc43527e1ec5bbd5a3bd1eaeadebb00fa704c5787dbaf857355b020eb274302c7e920bf99844106b713adc26f20cad0c09af,CLEAR,"DARKNESS, LIGHTED ROAD",DRY,DRIVING SKILLS/KNOWLEDGE/EXPERIENCE,3.0,27.0,1.0,1.0
070674944e58a50f7acb45425c94f437e690308cf9948e80d6812b1e61deda7bb85ec96273ac7183a734981703a21ea59a67f42b3281c655685d68d848897270,CLEAR,DAYLIGHT,DRY,FAILING TO YIELD RIGHT-OF-WAY,2.0,37.5,1.0,1.0
07067ff09fc66b665607b6dbb6ddea689472d37d0708ed428b323f0151b2644b166230b9539da971a6bb5310270e62023ed2e2f6de70a47d4e4c78fe5ce6713e,RAIN,DAYLIGHT,WET,IMPROPER TURNING/NO SIGNAL,2.0,27.0,3.0,3.0
0706ad9fe2eb96b207542752d415512a989c01ae747b7ba93dc34f6f1ce988f3e239b8b53108c855f5d40b5fc47b58d89dad699be2ba16d8f33abd43c26fcaee,CLEAR,DAYLIGHT,DRY,FOLLOWING TOO CLOSELY,2.0,40.0,2.0,2.0
0706b07b672eb7debc9d17ef8f946121562ce2622c15ea0d3bde92fceed484f32ff54a87eddaf1e0291caf5d2cd359a04ae76d940be57cdf8332c2c14da5b0dd,RAIN,"DARKNESS, LIGHTED ROAD",WET,EXCEEDING AUTHORIZED SPEED LIMIT,6.0,27.0,6.0,6.0
0706c90716ecceac6be8a1f89183b2b8b7629bb6f8bbafd9058bf9d21c5c199da96b536c991fe101c1b9cc37db684fdf6d15dd732d69d529ab9e72638b84179d,CLEAR,DAYLIGHT,DRY,FAILING TO REDUCE SPEED TO AVOID CRASH,2.0,24.5,2.0,2.0
0706d8df9c68cb3ac3d4af55bd5e2c6a749252dc6ebcfec9a8cb0954a2971a121c69884adfe09dd99b88621a4a74f8be6ae63bc309009a4edb5d93d6bf59d822,CLEAR,"DARKNESS, LIGHTED ROAD",DRY,IMPROPER BACKING,2.0,33.0,3.0,3.0
0706da72d27ad776c5b855ecdf69cf3532ac30eb421177d361564028be99198c2d9c89d4019b5089ab039def0c974b7d3e079f6e4d3903cdedb493a5d96005ad,CLEAR,DAYLIGHT,DRY,IMPROPER OVERTAKING/PASSING,2.0,30.0,2.0,2.0
07071d3a399b91f2b9ebde864a9c6866fcda8b01353493d77961475d1817112dd0fd5db5dca88af1adc6260ee2274f1c3d2cbd0a5e168053e71f35e11b16ef12,CLEAR,DAYLIGHT,DRY,IMPROPER BACKING,2.0,56.0,1.0,1.0
07074fcbd026e2825cdd891579415e216cd5cb81b6e800717759fe34b91ccdc95b3456ddb16b1985c2f68e4e69ebb24906bc0c2dd28ba5a4f823a636b19a9820,CLEAR,DAYLIGHT,DRY,FOLLOWING TOO CLOSELY,2.0,49.0,2.0,2.0
0707793923db0097baa5ac874e22fcd636e943276788eb9ea432a9ff8d6f3cef300db30bb0b7050811c5ea47973ad49171ab03437079b183d1063f71f4f3ee4d,CLEAR,DAYLIGHT,DRY,DISREGARDING TRAFFIC SIGNALS,3.0,38.0,3.0,3.0
0707ad103f0cee578ad8e39049b3960e291d91919af82863346580d292f81e85945e3c33c1216152d05fa93dc47f2daaf5522ec8a79f30df506a5ffe5b087064,CLEAR,DARKNESS,DRY,FAILING TO YIELD RIGHT-OF-WAY,2.0,26.5,2.0,2.0
0707d3a3d78626135a4278133533b7e746a0e4e3a3091d496af3e01c0583f5ed7d4dd9ac2d4a18b79084a7e22c91e497a14e31f3cd2796742276664f600dd813,CLEAR,DAYLIGHT,WET,FAILING TO YIELD RIGHT-OF-WAY,2.0,25.666666666666668,3.0,3.0
0707dbd4cc678ef496cb58f2bd9ecec3315cf098591483ce37846df996f063ab9f3e933dc21241655143155afff62869050b83be7324269ea6602739d0c24b14,CLEAR,DAYLIGHT,DRY,FAILING TO YIELD RIGHT-OF-WAY,2.0,31.5,2.0,2.0
070811525d79214c3f026c1bf3bf15586db7db8b0aaf2ba52f924408e89b0884def1e58ee10ea13f10b6ed6200c30803d054cc1aa8d1faba4b35d6567521c819,CLEAR,DAYLIGHT,DRY,FOLLOWING TOO CLOSELY,2.0,24.5,2.0,2.0
07086a6ee7a12c9197ae32515c2826476138639fb99abb78bc707ca07f280de9c3da71b8460e78724945c55e19222f1205e0a3b17e5ed69b343fe1bdc9e9c468,RAIN,DAYLIGHT,WET,FOLLOWING TOO CLOSELY,2.0,48.0,2.0,2.0
070894376358e7900fa8bfd43244167ca149897b00ca8b4b176133d66a4d8be9ebcfba2eb0128799d5080801ee6f1a25410448e1b5fed0272fc6e3847ccfb86f,CLEAR,DAYLIGHT,DRY,FAILING TO YIELD RIGHT-OF-WAY,2.0,27.333333333333332,4.0,4.0
07091a0fbd1b354639d541031c4df7ec1585bbfe24d5cc510ae17f2cd777157d95ac47db179db00e116fd1188a56b54c2839293cf6077ecd8105dca871d06ab1,SNOW,"DARKNESS, LIGHTED ROAD",SNOW OR SLUSH,IMPROPER BACKING,2.0,81.0,1.0,1.0
070927ea76a44a3948b11b3c1180fa5a2e0ffb5a1490a61d9b731d8b36b951cb42be744c32accd07abd57292eff72a1eaa5ec47c2e38c6254807cfdd01f0b469,CLEAR,DAYLIGHT,DRY,EQUIPMENT - VEHICLE CONDITION,3.0,39.75,4.0,4.0
07092a25cbaf51ac2bf1f50141f2930169609c2410f8d8855bab251122283f05597a8c531149b2d98e0c1f177ae9679810f3f879ffacdd5f495cc45d65d19dd8,SNOW,DAYLIGHT,WET,FAILING TO YIELD RIGHT-OF-WAY,3.0,33.333333333333336,3.0,3.0
07092add4992815b11346834553853073a8e0fc6d41b472393093b9042c22b24d4e713a5ab609464364ea2b413fc090810f3a7c1d0140e4162de8a44e10eedae,RAIN,DAYLIGHT,WET,WEATHER,1.0,18.0,1.0,1.0
07096c9f1ec9af50bf56b6283eb1624050485e513be34a1b199ea3011a86587a809b8dad7eb4871c7636dd906474fef96c085c4a21b487b1c734cf70b2f622e1,UNKNOWN,UNKNOWN,UNKNOWN,DRIVING SKILLS/KNOWLEDGE/EXPERIENCE,3.0,35.0,4.0,4.0
070a2187295d061d791462b327ebd2925c224f01b85818237f1b20c810de152d314900172fcc1698208b7f1dda67c6780a8a5174a67e4ebdea32f055ae3d4dcf,CLEAR,"DARKNESS, LIGHTED ROAD",DRY,DISREGARDING STOP SIGN,2.0,21.0,2.0,2.0
070a3080f6f335d593aea86e243644475b0f0eaff21fa0a5bd83daaa1e633100a0381cd96310d76d40900be06caa1163a877d1a8153ecc7b97b4611c5281dccf,SNOW,DAYLIGHT,WET,FAILING TO YIELD RIGHT-OF-WAY,2.0,43.0,2.0,2.0
070a3df67c7756d94b421d975e7e48ccd62ee6ff91a4531c6cd233cd1a67018e2e4430db8170a08c1823310962c4d150dc8dc59d25d1256687ad778d919e6f19,CLEAR,"DARKNESS, LIGHTED ROAD",SNOW OR SLUSH,IMPROPER OVERTAKING/PASSING,2.0,48.5,3.0,3.0
070a8145fe09225471d055b1de17b1b12ba592a307f60c61fef24ecbc7a8d9661b5c734d8f7d59d209f89c5b175bf7e1e6ce26c6b8863422cb56e2bcccc8a7b1,CLEAR,DAYLIGHT,DRY,IMPROPER TURNING/NO SIGNAL,2.0,32.0,4.0,4.0
070abe351ae65753daee68f8e48811636a6a428f95a4cfd0f45077c93e0a4934acd629a11894564ef8ebf701f42dfc6371db4c1e8b5abb65aa77b6b86c7090c9,CLEAR,"DARKNESS, LIGHTED ROAD",DRY,FAILING TO REDUCE SPEED TO AVOID CRASH,1.0,24.5,2.0,2.0
070af25a7d96d6d973d70a97ce89abfc0a56d0b3e9b6282538350d5a016a7105559ca0e3aa39f899b1862983efa2f523cdc73fa6ad6abd7b0e17ecd394bd2782,CLEAR,DAYLIGHT,DRY,FAILING TO YIELD RIGHT-OF-WAY,2.0,12.0,2.0,2.0
070af86a8e876fe2bab9682947ebc4ea4461acf9ae8b55bd7b1a621fa972197158f3fd3e378ca4d0d7675d881b0b7852350b13464ac117087350edf01c68402e,CLEAR,DAYLIGHT,DRY,FOLLOWING TOO CLOSELY,2.0,62.0,2.0,2.0
070b44e0d0b724069faef3e38c9d94912ab1ef0160056f08e83a1b34235ef723fbc2f26898d99e5e25cdff8258a980483e67ccb3b89b302d7088e4440af80c81,CLEAR,DARKNESS,DRY,CELL PHONE USE OTHER THAN TEXTING,3.0,35.0,1.0,1.0
070b6c2d0512592ac81b07c95f833bffa822d5baf640e943f689e440183fc7e1c377b61ca0cfd4592da52718321e74e3a1e973508e03ab158c9eb50d3f07fdc8,CLEAR,DAYLIGHT,DRY,FAILING TO YIELD RIGHT-OF-WAY,2.0,33.0,2.0,2.0
070b7446fb7b9be9183f2b6ecf16472d2567c1ee5f35e55b05f896ab4354fde878c325f77645098c374b6da338c4cc54dfd8ddd19c46b32934d87d5f968d1d39,OTHER,"DARKNESS, LIGHTED ROAD",DRY,FAILING TO REDUCE SPEED TO AVOID CRASH,3.0,34.5,3.0,3.0
070b749cfde1ab7b2a336d32cdc1797feab8052c3f8b186f73e7a5064e2562ade52db7fc5e51faa90e0dd599ec42da476815f3a278516e5b678ad33c32d0749a,CLEAR,"DARKNESS, LIGHTED ROAD",DRY,IMPROPER LANE USAGE,2.0,29.0,2.0,2.0
070b8dd1346415c6b4b7f6b99730d9a5845a9ee6aeac82ad11b4edae5bc6b29bed6f3f7a61d62b729a51019d7c89a0a1476d3eb1cc703e656cb705d94a517eb9,RAIN,"DARKNESS, LIGHTED ROAD",WET,UNDER THE INFLUENCE OF ALCOHOL/DRUGS (USE WHEN ARREST IS EFFECTED),4.0,30.0,1.0,1.0
070b94382bdb6cad6c4a7c9791c679b8fa7a3187dbc145b4a0b079fb515f1fceb674991308ffe7043a5efc3ee7f0aa2edd621f271b536b959fa03c2ea9f86a51,CLEAR,DAYLIGHT,DRY,IMPROPER LANE USAGE,2.0,71.0,2.0,2.0
070bb0aec1d46dfec5fe40362133ea52c8087114ea95b3455277e1d46245ca4de90c2247a8733745de0544c169040d786702dcba3841c082556c13f05e9aaa23,CLEAR,DAYLIGHT,DRY,IMPROPER BACKING,2.0,50.5,2.0,2.0
070bba00489cae5d385cc1ee89fafd4f70312154ed3e6536a66c7ec306b68b50f6c8f83814a37a1a22fced6adead0e4696622c9c7d660343d15b7302667b4415,CLEAR,DAYLIGHT,DRY,IMPROPER LANE USAGE,2.0,10.5,3.0,3.0
070be8013da2a813aaddfa4845f9f1b8e86153a594afd0218aad8dbf31077a9ff62d5ee6da19e1b9854161570e0ecc701e043150d4fdea703850c73545ab562f,CLEAR,"DARKNESS, LIGHTED ROAD",DRY,IMPROPER TURNING/NO SIGNAL,2.0,38.5,2.0,2.0
070c350ffd9d1c1565e8454bf16258266d16519b79c13b12d2742ad853696d60801d14d9b1ce723e439b7703cc91e99976006d3e18c9154c9344b8c6de88b8ae,FREEZING RAIN/DRIZZLE,DARKNESS,ICE,WEATHER,2.0,37.5,1.0,1.0
070c3bd001005d9ef98c64a3ce1643863f1d678c09a999e40dd4a1e8017803679300e9e92692c840deb91bfc07723e5ef3148dd9b979225279b2392499b78762,CLEAR,"DARKNESS, LIGHTED ROAD",WET,WEATHER,2.0,44.0,1.0,1.0
070c4803f319a8500150479007bbdde2e4fa1e2280aee94ba28d67664fcecbc6b5478beed174763e60381a6e941c476479efc5fe7157fbbc97888bd0a4d08c14,CLEAR,DAWN,DRY,FAILING TO YIELD RIGHT-OF-WAY,2.0,42.0,2.0,2.0
070c4ccdf8e8f25253d2ca261d1c4a8ca1890fdd61804cfebe196f26b84e6b17bd486104f712f6fa41666036927c835752156164d0913ca59b89a3a8afd58faa,CLEAR,DAYLIGHT,UNKNOWN,FOLLOWING TOO CLOSELY,2.0,25.0,2.0,2.0
070c5fb3cbc039da9b2a29a1e350c2045e10c6274d80095e1909d2c939e4f77d4ad0e362a8321396e3310e999aa3464a061a4ffa0dea2b262de6d995e59bce92,CLEAR,DAYLIGHT,DRY,FAILING TO YIELD RIGHT-OF-WAY,2.0,44.25,4.0,4.0
070c7a325594c30074f7115bd2c7e46ed007df18c8409fce78e659b2ec38c2076a6a7b9fa9bf53a05878f30cb6bfdc8e0727c73a2dc27d008440025ea99287a1,FREEZING RAIN/DRIZZLE,DARKNESS,UNKNOWN,FOLLOWING TOO CLOSELY,2.0,61.0,2.0,2.0
070c87fa6c2ab54a7879c3c691de83b886689213419dcfd5cd20c867eef2b56b03a023e95532f7703991f3775b5ddbd8b1a77074ccc4a709ae90a4358da2d039,CLEAR,DAYLIGHT,DRY,FAILING TO YIELD RIGHT-OF-WAY,1.0,20.0,2.0,2.0
070c9039fbcb1649980b6c9944de2b8fb0ee236e58385f0eb4013c514bde769f4eb079d7c6d6c1bedcd58a88e12cc74048347a3c9dcc90d0b45199449e4daf59,CLEAR,DAYLIGHT,DRY,IMPROPER BACKING,2.0,37.5,2.0,2.0
070ca854d558ec6e5446074654244679bc08ffb0d0f42229fd07f648f4f0707652fd437bd49b235f591c5aee88dfaf5016953d526a36d16dcac3d8d682385a7d,CLEAR,DAYLIGHT,DRY,IMPROPER BACKING,2.0,58.0,1.0,1.0
070ccc44cc99a6155a57f945fb9968e821cf9065be053cc211f15f4c13387ebdbd842e3a01ae3273df929746728c39410db6b85c6d8df43c1787a85e2b82b161,CLEAR,DAYLIGHT,DRY,DRIVING SKILLS/KNOWLEDGE/EXPERIENCE,1.0,54.0,1.0,1.0
070cd0088ed9ec6f9adc30c797c443c85092d4765172254c0278c0d87055cce0b912c3070a4a1e8d2be489948559cc81e559ee97d1afd0e8d39ddd827b6f89ca,CLEAR,"DARKNESS, LIGHTED ROAD",DRY,IMPROPER TURNING/NO SIGNAL,2.0,32.0,2.0,2.0
070d141a7388534ad6ea87c1e5fd0ddbcd2686b21fd7a7ba471ebf95783fd0de55555a1709672fb14108d083e4ad64fa223f7d84ce6e931d1eb66702a69669eb,SNOW,DAYLIGHT,SNOW OR SLUSH,DRIVING SKILLS/KNOWLEDGE/EXPERIENCE,2.0,51.0,1.0,1.0
070d3b66f9e46dfc9aa1a776a00b64653a88fe1cd2679d66de76e1279573552ef2d779d10afd5f9e85e43dfc8c505f088ad5707d9e4d16c5b07df8cae53a2c31,CLEAR,DAYLIGHT,DRY,IMPROPER BACKING,2.0,28.0,5.0,5.0
070d425db386f723fac9a436723b02915dc2378f700b597a0de73d19877ac31d84818c8e7f589cbbc4d5960147bdc6ac85e7fee44623d161567518658eda42b7,CLEAR,DAYLIGHT,DRY,FAILING TO REDUCE SPEED TO AVOID CRASH,1.0,23.5,2.0,2.0
070d59920cd43bd77bd12da1cfb36197e994587445dba1838f04af1c466bd9c2d73ff450895aeccd9b9d853284255406ef4f3af11297aa51591c9db0547dde66,CLEAR,DAYLIGHT,DRY,UNDER THE INFLUENCE OF ALCOHOL/DRUGS (USE WHEN ARREST IS EFFECTED),6.0,16.5,3.0,3.0
070d96ae749ce5716214baeb85f858b855af7cadf9f23f85c0deca8dda079019221e7a5c46270ff95e0a98ad8c773ab6ed80cf0f7fed502b318a6430fdfbc9c8,CLEAR,DARKNESS,DRY,FOLLOWING TOO CLOSELY,2.0,72.0,2.0,2.0
070dc1ba8e6f935a25a072e587f1eaaabc94a3ca4e274032e6d4c23f8a318460f55e5b23b96017e44b9cfde561021e7fdf683dafc31c509429efbcb7f7b5044d,CLEAR,DAYLIGHT,DRY,FOLLOWING TOO CLOSELY,2.0,47.5,2.0,2.0
070de9638f0c69e112a91d5263b5a7baa9643af852e607896a907ed09df00fd7e19f12032c4e51bf3c1a1c7a3e93ebae0bf4a40559e2f14093db51b688ebf36f,CLEAR,"DARKNESS, LIGHTED ROAD",DRY,DRIVING ON WRONG SIDE/WRONG WAY,2.0,51.25,6.0,6.0
070dec19d7daa607332ab8bd1e49cd54649333f1b67ff74c63bda933e3eeae07ae427ff1e8fc66470e7c132b9d4cf5a9fd126a4a3182727859c0adbcce32a2d2,CLEAR,DAYLIGHT,DRY,FAILING TO YIELD RIGHT-OF-WAY,3.0,28.0,7.0,7.0
070dfcdca7169168a56877342755503e3f69bc4b0bebcad62f2b93e94aefc2a7173877f7009dcc1753c208022872f9f543a8e5fc76cfbfd8af4d7a589ec79c47,CLEAR,DAYLIGHT,WET,DISREGARDING TRAFFIC SIGNALS,2.0,47.0,2.0,2.0
070e561a8be580da11d59a61a76337544cf2d0cd657d14dd4d0d43e7edd775dba3bfb0b53155223715966ab1da5575c5b3d9a9247964df1e879d303754e0f7a9,CLEAR,DAYLIGHT,UNKNOWN,IMPROPER OVERTAKING/PASSING,2.0,45.0,2.0,2.0
070e706e92b01188f3c5c659fa09b161bb79679b8bc0f2b280bca52d0c14cc35ed58922f3c7011e0545ad9186dab68cb75c4c234bc4e3a6a5c1e9f23a182ed46,CLEAR,"DARKNESS, LIGHTED ROAD",DRY,FAILING TO YIELD RIGHT-OF-WAY,6.0,28.0,2.0,2.0
070e92d32ba44efe5e0338159fcdb3119bd9fd2dfa8ade331a669f54da39a91d35052eeda35c780109ad35f7f16ce83a90039133dd18f30804b95c9115f43eb0,UNKNOWN,"DARKNESS, LIGHTED ROAD",UNKNOWN,ROAD CONSTRUCTION/MAINTENANCE,2.0,42.0,2.0,2.0
070e9e3db00d866cf421d5a69f6b188a244f62fe99fa256c7d2f3ec3d7eca0946a12d655b1dda39bbaba58edd80c76947500f41108443c1889616cf617c7b2d1,CLEAR,DAYLIGHT,DRY,DISTRACTION - FROM INSIDE VEHICLE,1.0,16.5,2.0,2.0
070ea180c132ff6fdae161411fde7c6049f29398320cfe3466799326317a09c34264df35ba5e271ccfb4c68eeb6c23b6d44de45d70da4f00022854b1ceec051f,CLEAR,"DARKNESS, LIGHTED ROAD",DRY,FAILING TO REDUCE SPEED TO AVOID CRASH,2.0,46.0,6.0,6.0
070ea1c913d14bbd8cba75bfd0d768cd57c579ed47c866c69356012cc761db29d836391517e164ee23dfa7f34422e219497dc949f3cbaf4e8f127aac03c0d1f2,SNOW,DARKNESS,WET,IMPROPER OVERTAKING/PASSING,2.0,47.0,2.0,2.0
070ea90bf008751b4b662a3ba006ca14f0fb9c0a40e6006d3ea3cad7fd6444c77c73457d8bbd735991e53879e46eba5603355556d5c0b905c8daef8582ac593b,CLEAR,"DARKNESS, LIGHTED ROAD",DRY,UNDER THE INFLUENCE OF ALCOHOL/DRUGS (USE WHEN ARREST IS EFFECTED),2.0,47.5,2.0,2.0
070eca24f7b3f8e81b05b3c4290b895fec7c444750e88c558af83c77bcbbbf4e005dcce436ef7d4a58534c3bde7f1f8765fb22a61229b2b9813439496a505096,FREEZING RAIN/DRIZZLE,"DARKNESS, LIGHTED ROAD",WET,DISREGARDING TRAFFIC SIGNALS,2.0,40.0,2.0,2.0
070ed301ff05100883949fada547f2d2853d0a06aedab655f1dd046c26fb7515e3403810aba8d2a19201860966e2c7204afe3a65735847062d4d54427349d130,CLEAR,"DARKNESS, LIGHTED ROAD",DRY,"VISION OBSCURED (SIGNS, TREE LIMBS, BUILDINGS, ETC.)",2.0,35.0,2.0,2.0
070ee630d56ea6edf605d43541fc0bb96bfc6404b5f8b744c12870973539d568b6b5d9b3c003dcf22f641a5ad0d686f220679e32ff5105b8e86a0fb38ac904e2,RAIN,DAYLIGHT,WET,FOLLOWING TOO CLOSELY,2.0,29.0,2.0,2.0
070f127f3a3bdebd3b634e390b5da05097683f4b59805a6c4da7705e4962df4b502ba35e0a2d05741bd569e161b312c4596503538e2e649fb332c9c3e3153c3e,CLEAR,DARKNESS,DRY,FOLLOWING TOO CLOSELY,2.0,31.0,2.0,2.0
070f16b957ea7f42ddf3415b5b937a5de611934d93c16ad879d24d69488df67162031290828090abb4aea0b08917c0cd81449d3cefec414fa3dd8da4e6de24a1,CLEAR,DAYLIGHT,DRY,FOLLOWING TOO CLOSELY,2.0,57.5,2.0,2.0
070f30d9f50d55ccc634e2dfc53df2763be475eec37ab5214f7bf54cf0d6cbfc607bf30bc3c3f970579f3c11cb09753358c1a275b05562dc7ce3c6eb839b33b9,RAIN,"DARKNESS, LIGHTED ROAD",WET,IMPROPER OVERTAKING/PASSING,2.0,50.0,2.0,2.0
070f51e754a38e4e600ff672a1ee2cd3a260dc83e06c1bfbe4f4be76ac80511ef9dc90dff799f81419242b1f0d52bf6d11f2cdd08dcf22e01cd5cfd9dff0b766,UNKNOWN,DAYLIGHT,DRY,IMPROPER BACKING,2.0,24.0,2.0,2.0
070f7ba88faa78021da3cf3c1cb69cf87de8383895ad330cbe65789c42c0a4e04702364de48255f929bd14eebcd30428317e19fd71f7314b20b9ed2c680d170a,CLEAR,"DARKNESS, LIGHTED ROAD",DRY,DRIVING ON WRONG SIDE/WRONG WAY,2.0,29.5,3.0,3.0