crash_record_id,weather_condition,lighting_condition,roadway_surface_cond,prim_contributory_cause,total_vehicles,avg_driver_age,total_people,total_injured
070fa0fffbf8d2be4df2ed3508f9669cc48a65593299ff404156801a0408a78b6c3fea529c2e7a4c517b47e1bb7f36b282214ec6ba0cc9eee4687c2e961f5086,CLEAR,DAYLIGHT,DRY,FOLLOWING TOO CLOSELY,2.0,37.5,1.0,1.0
070fb2d4e0b6c14ffa0051f698e8bd3678576c5c4c09b68190f61e51accc18f8c4b961523e138792782b2cc6e5c91d1740c9e2efb3ff0da92b786b846a47a325,RAIN,"DARKNESS, LIGHTED ROAD",WET,FAILING TO YIELD RIGHT-OF-WAY,2.0,36.0,2.0,2.0
070fc678109ce8104fbf2b35a4ceace62fa7dc3fb96e19ea4940c75951e82458e6cac5fd0c65a1b969ddd2f85efbf6b66abe9b037df865cb3b94e7d2d7800e7d,CLEAR,DARKNESS,DRY,FAILING TO YIELD RIGHT-OF-WAY,1.0,69.0,2.0,2.0
070fc69443c83971ab85a681f1a792fd57d2b4e69528570cddba087842545bf1a88b0a0ae14ab1fdc26134b38af39baa2204c62f34d2bb86dd92b677d1facea3,CLEAR,DAYLIGHT,DRY,FAILING TO YIELD RIGHT-OF-WAY,2.0,35.666666666666664,3.0,3.0
070fd6ab3d65f376bd3ad7583b6b72af2cacc163eae6d45a3b79e0d0f48070c5d76b6a80b07000f7ff9660ac73a36b2543f8229ac279f2157cd39da7963e0306,RAIN,DAYLIGHT,WET,EXCEEDING SAFE SPEED FOR CONDITIONS,2.0,28.0,2.0,2.0
07100244d3e3b6da70d267228c11b50965ca56206f5c1a8b477af0dec257947f65e9d0e6d3d01d05b3737e9fc4d3c385456d195c245b5973b9e1d3dd3103dac5,CLEAR,DAYLIGHT,DRY,IMPROPER OVERTAKING/PASSING,2.0,24.75,4.0,4.0
0710121ba426dc7133a78fa418b9d1231edd061fccfd6f10ff78309c366e2a1d59ea36f38a0ca07c4fcb5d0f3e94846883c3940bb87ce54b37a98963040a71c6,CLEAR,"DARKNESS, LIGHTED ROAD",DRY,EQUIPMENT - VEHICLE CONDITION,2.0,27.0,2.0,2.0
07102bee5d87b73122b81ee7a1c0e2301132a60ebd0dcbd141b224481a83f7581a21356eb01d998a5d417870e271fba318e3227fcb9ee50adb931f2e2ae62104,UNKNOWN,UNKNOWN,UNKNOWN,FAILING TO REDUCE SPEED TO AVOID CRASH,2.0,37.5,1.0,1.0
07106623065dc72c83e5a265be7c170dc3eb5f3315941e5ee56df11290ac8157925bed4a0ac687dea1c70505650657834419e949ef716022285831569b2dc721,CLEAR,DAYLIGHT,WET,FOLLOWING TOO CLOSELY,2.0,57.5,3.0,3.0
071069d79b02acb932eedcb7409b9524a8bdac5143b79f5d0e13702e0991fb011e019dc2c27c620020be9dedbfef81e3a78df30f785edaf34454b387d913b9cc,CLEAR,DAYLIGHT,DRY,DRIVING ON WRONG SIDE/WRONG WAY,2.0,30.0,2.0,2.0
07108448a7a890b5af92330958074228dc8a25c78f79caba9dd26d8217a79cac12a8624c198a35223b341fec0ae66a406a1d20dc9a0c15300472eea06752625b,CLEAR,"DARKNESS, LIGHTED ROAD",DRY,FOLLOWING TOO CLOSELY,2.0,26.666666666666668,3.0,3.0
07109ed4e78e7137189d5486e65ecc43add91b9166c753ac5c7b3ffc8679ccd5624d7e272b57de7befe0714d0460b0d8aed33ac05aa8ce785ec2aab334be72b3,CLEAR,"DARKNESS, LIGHTED ROAD",WET,"OPERATING VEHICLE IN ERRATIC, RECKLESS, CARELESS, NEGLIGENT OR AGGRESSIVE MANNER",3.0,16.0,1.0,1.0
0710a12d096bfefee64237c071d86f7ea058364d18ea9bfcbb6a24525c73c8d8f7b892b84a9c5d51e583a00a549f4aa5867b519917a979ecca120eaa2e43fc10,CLEAR,DAYLIGHT,DRY,IMPROPER TURNING/NO SIGNAL,2.0,31.0,2.0,2.0
0710aa5ab4e98d96010a0974736c0d5210cbd4f3fe681da752e2ba15d6182b4e651a89145faea0d401703200cda2829eb77a87bfb05d99c0b265df409e25eae2,CLEAR,DAYLIGHT,DRY,IMPROPER OVERTAKING/PASSING,2.0,37.5,1.0,1.0
0710af8226651b15f05be19126272cebf00a6cf2dcb64ff450552937a5115c8f7c9f21bb417dc353a44d94aaabf333f74094592889c6fcac9febddc8353e5ba9,CLEAR,DAYLIGHT,DRY,FAILING TO REDUCE SPEED TO AVOID CRASH,2.0,35.666666666666664,3.0,3.0
0710dba9d9cd07c4e28452b3ae6c0a4aa6179e1eba238d08164ce540661b5f9fe2994c8a352484dd335ce497dbc4c4c0c824c51a8208e6b5b0fc13496a01f831,CLEAR,DAYLIGHT,WET,FOLLOWING TOO CLOSELY,2.0,39.5,2.0,2.0
071117dd1b171de1e9f17b515de3509e380dd8b68391f35f944adb370ed99c8bf563527ae0ed3dd7e0cd2ca702b07b872db0c6cc22660219701e0a84f8710316,CLEAR,"DARKNESS, LIGHTED ROAD",DRY,IMPROPER TURNING/NO SIGNAL,2.0,37.5,2.0,2.0
07119a29b64a3007eca90578a42d35248c69eff9e10a72b456b493acbbe3443e3a44c2f421f589d29111941f71dd9cdb4755c28ea866c410b57507e58513ca2f,CLEAR,DAYLIGHT,DRY,FOLLOWING TOO CLOSELY,2.0,31.0,2.0,2.0
0711dbf196e0f8f5b591a203362f3d5baec7e2277f4f62bdfdb66cb4c3ed8e1ac2ca8f0a093ae40fde4ee5f73d2674bb0228b36ebaf24305e73e9496fa196284,CLEAR,"DARKNESS, LIGHTED ROAD",DRY,FAILING TO YIELD RIGHT-OF-WAY,1.0,35.0,2.0,2.0
0711e28a030f29deb36603518472917efdcc0fb32e0ec15aa7acaaf96f1f2bcd7e7705fe7e8cfe71b2a80833c83efc6dff4b6e52e070c4ef80b2f428c1426992,CLEAR,"DARKNESS, LIGHTED ROAD",DRY,FAILING TO YIELD RIGHT-OF-WAY,2.0,51.0,2.0,2.0
0711f09310cc076518a475c38f7266ae07e51229d341d5aea065f0c4cef1626296c43a6ed81115a23f7c3f724e4b83495d6dcb286abfa66995759a3fa1b361c5,CLEAR,"DARKNESS, LIGHTED ROAD",DRY,FAILING TO YIELD RIGHT-OF-WAY,2.0,25.0,2.0,2.0
0711f7d8faa7ced4d8d3b757459cf749cf46d60cc5140a56cfe86af065b381a6685f62752e8c971a7682a1042fef9722e248936f4eab57b6902166766beba08f,CLEAR,DAYLIGHT,DRY,FAILING TO YIELD RIGHT-OF-WAY,1.0,37.0,2.0,2.0
07120b20d240580389809386e625a396f8ad2606f75aed50a098a4c8b6130780774ca2a7b336130aace05cfe5e1671fabd372b1047fc8ef28846f35a2fe60bd1,CLEAR,DAYLIGHT,DRY,DISREGARDING STOP SIGN,2.0,27.5,2.0,2.0
07123615d844f1f34f4c6e7207c7e8d451ef59897ab7572cf7c51034b9ecd6f1bef5fdb69289cf8dfe0e7ba3bc2bffa4176283d83faefc01b3c25cb1964ce458,CLEAR,DAYLIGHT,DRY,IMPROPER BACKING,2.0,48.0,2.0,2.0
071252de0956564f9a24579ba527f167d9de6efe7318dfe381554138e64b7203f02d5566b9bf9a03688c6de0d5bfab2b776c2077344bb718eb8a42d15671631d,CLEAR,DAYLIGHT,SNOW OR SLUSH,FOLLOWING TOO CLOSELY,2.0,37.5,1.0,1.0
071269610e8d93b3eaaac0019355a130c5f50d89271e13ea95478c21e1aaada140413c267fa230d8092b77f2fd41faf1a89ffd9e2cc2b92eb12025de3f1003fe,CLEAR,DAYLIGHT,DRY,FAILING TO YIELD RIGHT-OF-WAY,3.0,28.666666666666668,3.0,3.0
07127019912cf4903fdacf5e7c14459a5bdf43e6ef7c08165a1a15e0fea694138981990c0ffa767bb9de7f4cf99d99f6bb352cf00748957099627afb29c5e213,CLOUDY/OVERCAST,DAYLIGHT,WET,FAILING TO YIELD RIGHT-OF-WAY,2.0,55.5,2.0,2.0
07127bb64a715c447ec8f63044fc8e9ee862a96dcd35e6871d22a4396d2488d607d4c7daae301c904bc76351330a7bdb8787b3248ad3f74fb6266e89024a88db,UNKNOWN,DAYLIGHT,UNKNOWN,IMPROPER TURNING/NO SIGNAL,1.0,47.0,1.0,1.0
071285299f4b3e5b8282b5a61bddb4ce9c97a0443eb480bfa7ddee8cf53437d54c6b3a9747b05dddb8777aa43d72dcf28d0cfb84fe3a5dbde8adfdd83f800db0,CLEAR,DAYLIGHT,DRY,FOLLOWING TOO CLOSELY,2.0,26.5,2.0,2.0
0712cdec45e9e29fd08a4ba34d620f4d9b310afed00132b7a1cd0d2db791c008feb8e75677e9638f9569d59dba21ac1850556b3accdef98ec1b208219fe73dfa,CLEAR,DAYLIGHT,DRY,FAILING TO YIELD RIGHT-OF-WAY,2.0,30.333333333333332,3.0,3.0
0712d28a59add22f7521de3eae875ed99b1d0c7793132d0a09e6f9440c6f4e13c1a63a40ca97965ea9858d00bece01bacbceee628f3017b6b9b2b3d0b9eac182,CLEAR,DAYLIGHT,DRY,FOLLOWING TOO CLOSELY,2.0,37.0,2.0,2.0
0712f6261646ba6e2ce4f79bc77e41d78f3ef0d96ff4493718cc1372e29da20f91b4423477f28d0c76d40dece48ecf970236316f5908081815abcd4d0a6a3270,CLEAR,"DARKNESS, LIGHTED ROAD",DRY,FAILING TO YIELD RIGHT-OF-WAY,2.0,30.5,2.0,2.0
0713051dc05aa698351cb4b3f100f087ff33d968b575d025dc3d7bd9018e0d2d225eefdc0c9cd2c4fb4a2a34ceba849a77b326625c313b9aa8218cf5af595e72,CLEAR,DAYLIGHT,DRY,FAILING TO YIELD RIGHT-OF-WAY,2.0,55.5,2.0,2.0
071308f2b32b655eba16efc1ed1e0101813df2bcf0e7d11dc217e53723ce77e15538aaa4f265099f45eb3667004249c153116c8b2f62f5d76c30277b2f05b6c9,UNKNOWN,UNKNOWN,UNKNOWN,FAILING TO REDUCE SPEED TO AVOID CRASH,2.0,37.5,1.0,1.0
07132721f2a36d1bdd366f83ff3584fe6f06ed07c8813496124a6482570f12de8d4d007abe6f0b797f1e6a426cdcbe0831abc46e17715d113f0d582e02b8d315,CLEAR,DUSK,DRY,FOLLOWING TOO CLOSELY,2.0,45.5,2.0,2.0
07133ea1085e7fd3c3fa75f0a554538c25ce13446375330d10fa2797b117c4f28c06186bc12d219647a9aea2a045924876b9e2936e034be30e1e536d8d63dc31,CLEAR,DAYLIGHT,DRY,FOLLOWING TOO CLOSELY,2.0,43.5,2.0,2.0
071340132caf3c9c184c497e77fb3da1a43faf0ddfa5393f0aa27b74e22596e83b823575d545fc4c423583554327545ae7eff647a714143cb140d85008972705,CLEAR,DAYLIGHT,DRY,IMPROPER TURNING/NO SIGNAL,2.0,26.0,3.0,3.0
0713451b225b81b0591d2f8d601a13fbf8458ba95aa905cc8f8a7e343edd3340ecd6461ebb087b64e2eb4e3481012d7f571973b137f7a9b0166d2ec274edd635,CLEAR,"DARKNESS, LIGHTED ROAD",DRY,FAILING TO REDUCE SPEED TO AVOID CRASH,4.0,24.0,1.0,1.0
07134c728a1584d493fa53e9b1e562a5d09ad7ef27535e6e119146bbf702a58199374d8be4a7d34c73a7463ede53d92ad48736fe62026a4b0fb227ac06dfb88a,CLEAR,DAYLIGHT,DRY,IMPROPER BACKING,2.0,37.5,1.0,1.0
07135d1b8d7faf41e463ec2483f1a67db950a45e96e7df13150413e464cad7e2be57fcbc171b44ced18f2c6be62b0b49a29ff31440b40dec7a41757b635926fe,RAIN,DAYLIGHT,WET,IMPROPER LANE USAGE,2.0,56.5,2.0,2.0
07137b3bd1df0625255ed4d5c649f32a730fcd765ba89e861ba0c18412fff47082df26193c7d9f1b7fb06aeb8cb30b9e1a831f9eeafd0583b03830539c79979c,CLEAR,DAYLIGHT,DRY,FAILING TO YIELD RIGHT-OF-WAY,2.0,39.0,2.0,2.0
0713cca276813014c933fbb6ffe5c63ffb7ad7bf3a97eabee4a18e24953e14ff6df29a564bd69097b8cb8199e54fa8ab348247377804cf4b5d822dd10f2d7ddd,CLEAR,"DARKNESS, LIGHTED ROAD",WET,FAILING TO YIELD RIGHT-OF-WAY,2.0,23.0,2.0,2.0
0713cf024385a3f405dc7607c168080b9ffb246ea0d609d6e6eb546ff8418754cca17ff2641a99abbdb32a7eed3dc677e5fe8d390c2963a563df6d0856265c1c,CLEAR,DAYLIGHT,DRY,IMPROPER BACKING,2.0,35.0,4.0,4.0
0713e9268d266e2d6f68cf424da26087e3d64501f566b7c8f1f711c515e6e57e3e0600dfb1ea1fee09e43d0de655ecfcc13bbfb6662138470cc2d46f68c94086,CLEAR,DAYLIGHT,DRY,FAILING TO YIELD RIGHT-OF-WAY,2.0,39.666666666666664,4.0,4.0
0713eaed9636efa1df31847b5e2f990b710bfc2354f3b529c56a6880e7a60e913866630f26f7679fd38a44334ded6e3b77f136aea0cf0887ff00773da4584278,CLEAR,DAYLIGHT,DRY,FAILING TO YIELD RIGHT-OF-WAY,2.0,34.5,2.0,2.0
0713f6ad4a3e0aac311b03f459c72fdcaf2db2f044654e9f9bba0a3036797cab06d93b04401d6e1f3c51b41ce3106cd734bfbfd0c40e760407640f69dc0071d9,CLEAR,DAYLIGHT,DRY,IMPROPER BACKING,2.0,53.0,1.0,1.0
071418a49f2cebb089903e588dcc1907a5d798e6b94d21bd60d00f2dda0064d14db4950d3c27021b6f1c4ec2388eaefe6127c6591a5bda33c079eb8659d841ed,CLEAR,DAYLIGHT,DRY,IMPROPER BACKING,2.0,37.5,1.0,1.0
07142fdcb86279a41446d3b7666e04f6068cce8ce53fcdfaf83a1c88a4b36f0186ca7acb75057c6d2c4d722b374203cb79dc0a3433a598beb203899a13f6d786,CLEAR,DAYLIGHT,UNKNOWN,IMPROPER TURNING/NO SIGNAL,2.0,56.0,5.0,5.0
071443a7b8549d02b69ff65f63ca37bdbd2f251781a215bd3ed01bd6fc555d7a2e4b8af414cbe784f802286f3ae2d9e156e8f12e71a402077fca80fe8e02bcac,CLEAR,DAYLIGHT,DRY,FOLLOWING TOO CLOSELY,2.0,50.0,2.0,2.0
07144bbce6060a9366307acb23e85d3f0e7cc8d22a9b33ec4d8071fef0b782a884ba11bbb4c6e3bade6ab90806d35591a40cbcbd0c2daa90b74660f47a20e7e2,CLEAR,DAYLIGHT,DRY,FAILING TO YIELD RIGHT-OF-WAY,2.0,72.0,2.0,2.0
07146702c5881d9d7a0db89f5be833325789accb3fe92daf0e2bdb5fc6362269333792c9bf1c4f1ba5756870618e07d0254de6d139005f3e6e66b9c1830e1c6e,CLEAR,"DARKNESS, LIGHTED ROAD",DRY,FAILING TO YIELD RIGHT-OF-WAY,2.0,38.0,4.0,4.0
07148e6d3fa56f3b4a1511e2dd44114244cd7730c32a3e6854abeac4509b39567db5dfad6a920451abcde728c03636af205d46640a874b4463488843409bc1bb,CLEAR,DAYLIGHT,DRY,IMPROPER BACKING,2.0,43.0,2.0,2.0
07149a054804d332aa60cfbae2007512338f169cc1f5ca2bf92ee16cfa070820b3ca5dc9a39b60eb675a2e336f32ef5d9f70d532f777d8f786b6bd41976ffc4e,CLEAR,DAYLIGHT,DRY,ROAD CONSTRUCTION/MAINTENANCE,2.0,62.0,2.0,2.0
07149aa3a61a4c795845b6e0d8bb306fe0d09f954afc97e12e0cd0aa70c6c00d2764dbfbb8e054d7699a546a9acf7762f68d36330243c1fdd8a3de070ccb282f,CLEAR,DAYLIGHT,DRY,FOLLOWING TOO CLOSELY,2.0,26.0,2.0,2.0
0714ba4a8f4b8f1006b5572396ffb5fca8d42468f5650290ce01ac0587a2abb4c6205255f6d98d053d9b123c245d7ea24d8c7f22eb69f182edc84e3853887c86,CLEAR,DAYLIGHT,DRY,DRIVING SKILLS/KNOWLEDGE/EXPERIENCE,2.0,76.0,2.0,2.0
0714c4df1979ad1673dfdb46650f6bb49ab69ce300aa1a4792cd98a2c4125c465013a250203897a8bbf57cef4a847f5a14cc7760585435b6a442056bd3fb09df,CLEAR,"DARKNESS, LIGHTED ROAD",DRY,DISREGARDING TRAFFIC SIGNALS,2.0,33.0,2.0,2.0
0714e205ba5002637f8724561a530fb6b135fd9c7e1abff3ad2c61e41445144cc136b8ab7420ae55ec6153c5e257289ea717582572db8e9a5f5a2fb7b10d7e42,SNOW,DARKNESS,WET,IMPROPER OVERTAKING/PASSING,2.0,24.5,4.0,4.0
0714f4da502b86b6742c7fc2fbca8c8f6cba3518f15cc899f64f66fcd21acc874bf396d0453ac27432df5728b3dcad8f016773c927426b151e9b8579ad8b9412,CLEAR,DAYLIGHT,DRY,FOLLOWING TOO CLOSELY,2.0,33.5,2.0,2.0
07150208b404b793222858eaf98db9f5e8c52616ef95c6a5c546c6172b0aeeebf680e3b330fe1f6eb4768c603ef38289b5ac02bf13b6fcb24b7cd9be3cd74303,CLEAR,DAYLIGHT,DRY,FOLLOWING TOO CLOSELY,2.0,38.5,2.0,2.0
071503b2033ea0b0cebed4b54a4cae6ee9c9880ef232b4df90ace2c30a4d38385c1891202751892628e9039dc942a9a28eb71fd39ea93767fac14342b864832a,CLEAR,"DARKNESS, LIGHTED ROAD",DRY,DISREGARDING TRAFFIC SIGNALS,2.0,46.5,2.0,2.0
07152aace2898298ab08a80d00668421521d904a631fb9a398574bfbe103d2e143977e6b7ce40c38005d6a04ed7a84259d109807a2b0253bd7f6c7fcf22d791a,CLEAR,DAYLIGHT,DRY,IMPROPER OVERTAKING/PASSING,2.0,36.5,2.0,2.0
07154853d8d6827563090424d5fdac5d97bb603737cf3362cb3d63218193e303d51ee242d2b807c6b7af7781ff41274170a04420d4c173b6f6f3a14d2dbd8b74,CLEAR,DAYLIGHT,DRY,FOLLOWING TOO CLOSELY,2.0,39.0,2.0,2.0
07154997788caf7ed122d186cc917f5338489753a64a8478b01f50241704e3faa8ac24dff737998d0d90a7679bbe9931f0b22b18872a2d883f6fb818f7acbe93,CLOUDY/OVERCAST,"DARKNESS, LIGHTED ROAD",WET,"OPERATING VEHICLE IN ERRATIC, RECKLESS, CARELESS, NEGLIGENT OR AGGRESSIVE MANNER",3.0,55.0,5.0,5.0
07155af1c0a71c36e32ab53f86b525d929154b3d7290ae0830b7baa834c7c6f2b22e14a6656406ccad8685bf5f9ac54b058dce68d7122bd468729a941f1c3a97,CLEAR,DAYLIGHT,DRY,FOLLOWING TOO CLOSELY,2.0,43.0,2.0,2.0
0715747ad03659bf4f8c41699d349d805c0a8863e7033c7f0dd4b6232d2ab96f5c7d161d9f944f4919f1d16520d6f9ebe8fe3d9175212d0f011ee4bf9137b38e,CLEAR,"DARKNESS, LIGHTED ROAD",DRY,FAILING TO YIELD RIGHT-OF-WAY,2.0,27.0,3.0,3.0
07158895ddd04fbb5a614c117bc81ee4b7f6a6371770ba0d79259033ef0d76e2ad2456aa5d9e23573d55e26ab5b6625540fea4f5481ed8edef362fe5425ea9a3,FREEZING RAIN/DRIZZLE,DAYLIGHT,WET,IMPROPER LANE USAGE,2.0,28.0,3.0,3.0
0715aa64f2985e6e4f280171e35940fff97859c62e2525d636213cbcb12778f9cca83c19f80b36139b0fdea4137929a5808a3dbfecda91dcab7063648e392d99,CLEAR,DAYLIGHT,DRY,FAILING TO REDUCE SPEED TO AVOID CRASH,2.0,32.0,3.0,3.0
0715b26856ba19ae75a3aea7a2705e3fbb90097903c5ad9cfe78f38650a31d1c3325fba8a5c07e8ee512a2393183c61e5a3aa51a64cbcb6c19b50ceb5e3d5ee5,CLEAR,DAYLIGHT,DRY,FOLLOWING TOO CLOSELY,3.0,38.75,4.0,4.0
0715cc52a832efe4fd76e2a5be103ba4fdd2efb9e419b65f379b15f28b8ab7049795a8d3df8cea503c396824909219717668c5a7351eeac6ade80f9a349d53ba,CLEAR,DAYLIGHT,WET,FOLLOWING TOO CLOSELY,2.0,57.0,2.0,2.0
0715ee732b8ecc8de196ee73e9ec337b637204c428cf6cd749ac0cbf8ffacd42684a32c38cf418a1f7eec6b242a7d506b90c5c67bd2c699a2dab1a2840ea3fb0,CLEAR,"DARKNESS, LIGHTED ROAD",DRY,DISREGARDING TRAFFIC SIGNALS,2.0,44.0,4.0,4.0
07160124d66d23f1923b1933282c22f7c86497812dfefc93f40bf0a8f03eb57d05e71255e8045f1e2e717f1477de0211a65456f3cd76d9e6af6adfcc12b84108,CLEAR,DAYLIGHT,SNOW OR SLUSH,IMPROPER LANE USAGE,2.0,35.0,2.0,2.0
071669a15ebddb794d1580d1c82ed1758421f75c21e6b74ba2602334fa4f4f39fec77fbc6d43ca4eea50e2d7ba2e3066999f379def28f00e6ff272db5b1a92bf,CLEAR,DAYLIGHT,DRY,FOLLOWING TOO CLOSELY,2.0,38.0,2.0,2.0
071680b3b2bcb9d316b5f20a4c6adf7ff389cfad4d7e53df96b317a7a0ea7e479548b268334dc6de9ce3670d054117cf4926302fa398a4be98a1156d1c6447f2,RAIN,DAYLIGHT,WET,IMPROPER OVERTAKING/PASSING,2.0,56.0,2.0,2.0
071696327966a9c5faca082edef8c490dd9703c348baea0e1fa4f2cc5d7d98fadb4a2f39634f21f953fc96117b7f126be22776982b64332bcc08f8705610c1b8,CLEAR,"DARKNESS, LIGHTED ROAD",DRY,IMPROPER BACKING,2.0,37.5,1.0,1.0
0716e42119412854d1a17c4be7e50a974df5d373afe80d290c089f6f3921e6372cb81d9d6272453171cc42af622605c3e8ed6130e2835eb53a3fb60e661d0b63,CLEAR,DAYLIGHT,DRY,IMPROPER TURNING/NO SIGNAL,2.0,47.0,2.0,2.0
071706ce9edff4525f8abf7eaa3e18376f67f285855623ceb6547d0d952fbfa73eed31f5c5c22af864f38e6d38939e67bc62d32890aab411be48c235baa785c1,CLEAR,DARKNESS,DRY,FOLLOWING TOO CLOSELY,2.0,14.0,4.0,4.0
07171b6e2a092b22cea4f41021e11074ee763f45ecdb548b5f8bc43ad65c1c0acb9e639eddc7c65a983249b02ad2f5495004a8cc2382d4b93fdb33d7ae927552,CLEAR,DAYLIGHT,DRY,FAILING TO REDUCE SPEED TO AVOID CRASH,2.0,50.0,2.0,2.0
07172c3bc6b9ad4317eff6da8e5d4c919a08cd4f97447ff3773b6c9b054abf0550ffd232cbcf6ce8be0ec0929f322cb38dc3bd33cc3150c38f0333c35d83da7e,CLEAR,DAYLIGHT,DRY,FAILING TO YIELD RIGHT-OF-WAY,2.0,41.0,2.0,2.0
07172f414b7bf2b578a9ce90808a83e55c77c40d8c4d32d14326e5988cb449007a1922f6e849468974bec1b703052dd497a7df2779030c84d1e2fc6ea973dfd9,CLEAR,DUSK,DRY,FAILING TO REDUCE SPEED TO AVOID CRASH,2.0,38.25,4.0,4.0
0717437f7b3d350fdbd8bf0f1059c848aefc5bf74a6631ee76740ca0a21e24b5c66ca93b9ef632687c98124f30779f3de48a3caad8acd17d6ff72ed6f3ca1a2b,CLEAR,DAYLIGHT,DRY,WEATHER,2.0,51.0,2.0,2.0
0717708706c3c73d496899cc9207f9d3bacb1002d5555d1626d77708c2980047becab06e5f7092c40e1f62a78f023ea612920e0250a6105ccd4ecb6b75d6a6c7,CLEAR,"DARKNESS, LIGHTED ROAD",DRY,IMPROPER OVERTAKING/PASSING,2.0,24.0,2.0,2.0
07178a0bc4423b027bc58de703bf07a36366643c7a0e95d4ebf1dcc8987c49beb1c5c1fd96988eb03eb8db18f2299cbc343f03864c1ba9eba795b2e1a937664d,CLEAR,"DARKNESS, LIGHTED ROAD",DRY,IMPROPER TURNING/NO SIGNAL,2.0,47.5,2.0,2.0
0717cb0171051b3b932759a0d2afc3815c4f58e06e4c73eeca5911eaeebc7839d1f137d0e31025fdad5ed18881c51eaf7cb00056c9de3e3012756a3a890f881e,CLEAR,DUSK,DRY,IMPROPER OVERTAKING/PASSING,2.0,50.5,2.0,2.0
0717ce4a4306646d3d771a2ecefd3b9a8d602787f0bbe0b1c0f112bce0d766e5e0c43b94f41e58f4cdad971417e4191d39cedb3f3dd3e2d56766d81f15bf6792,CLEAR,"DARKNESS, LIGHTED ROAD",DRY,IMPROPER BACKING,2.0,29.5,2.0,2.0
071801e80b020f23a455bfac5aec76c1b420eb38de74653b8dcbca296070f944a304b2a7cd91449e329158917e53a3fca747bbd9617e350203faa2387559ddcd,CLEAR,DAYLIGHT,DRY,FOLLOWING TOO CLOSELY,2.0,37.5,2.0,2.0
071806413313b75bb46b9c80e6a0464e5d9f7354959ee2b10eceae9f2d404fb748d2f400b13fa1c11a7efa4dad5ff014fbae70dba16adb79c373dfed2c13af88,CLEAR,DAYLIGHT,DRY,IMPROPER TURNING/NO SIGNAL,2.0,34.0,7.0,7.0
0718082114b95d80e9148dc0af8d9595d3f011f141b26d3d6d21aed721ab915fd4a3691330b1f58aee88f3c4bc62197249088feb9e6136cedfe995c814f76afc,RAIN,DAYLIGHT,WET,FAILING TO YIELD RIGHT-OF-WAY,2.0,56.0,2.0,2.0
07181d19429c611af87da5182c961bc9e2394e2f20ba954b2004324191e2693ac0a85c72db9e27a6fedf067ce6039c41aed48b92ac3c132cf36eba7608d11c5d,CLEAR,"DARKNESS, LIGHTED ROAD",DRY,PHYSICAL CONDITION OF DRIVER,1.0,44.0,1.0,1.0
0718295c2ea4f7fd223a295d58a1024f2950058ffc7ba1f1dbe449fb3b7853cce1a01f4fea49b4581719e1c7e083eebe6592d9367e6491fdd6684a5f93bbd139,CLEAR,DAYLIGHT,DRY,FOLLOWING TOO CLOSELY,2.0,37.5,2.0,2.0
0718333dcda69ae7b2052572b3da85b7c6e3d30c20830533b1d47d5e0fa1a25b87609a1112033a772b8a46d31901febf19270595426ddf4ba6a7fe15cc580ce0,CLEAR,DAYLIGHT,DRY,IMPROPER OVERTAKING/PASSING,2.0,28.0,2.0,2.0
0718371d20bc4fa398dc313aadc358d441b1c7ca33af820d5651bd2440f473e7498e5c62f7a090c2156e82cd77ad7f2dae2730323bb68a563bdcefb9e1d8c7e3,RAIN,"DARKNESS, LIGHTED ROAD",WET,DISREGARDING STOP SIGN,2.0,53.5,2.0,2.0
0718ac235bad817afd0db9e80bf68e81f766b2bf000ef4472ac273e8b92ba30ad4d03cbc37db6528d0b8f03e136adf22e789fba61b2cef8f61b0a26fc7d0a091,CLEAR,DAYLIGHT,WET,FAILING TO REDUCE SPEED TO AVOID CRASH,2.0,41.5,4.0,4.0
0718bc8905a2d26ca1d598189d2c6530806ed13a4763190e4b634b81cb4f27db41be36500cb9ffd6180383b29945e3ba27be673f6524b644fd94337a0ec98637,CLEAR,DUSK,UNKNOWN,FOLLOWING TOO CLOSELY,2.0,47.0,2.0,2.0
0718c2ccdc2f51e0494149f1fb45509d32eafc0f842a32c776e2c7d685c36870e93d5169a6e07a3a906be7e21a10b5a27544fe04755fc72864fd246a606fd2c3,CLEAR,"DARKNESS, LIGHTED ROAD",DRY,"OPERATING VEHICLE IN ERRATIC, RECKLESS, CARELESS, NEGLIGENT OR AGGRESSIVE MANNER",2.0,13.5,4.0,4.0
071903fa7a683302f14af01b99eae4ddb06373e2282a7276f7cfc616224e2d8d90fd6c3122a086b38a5a4268a66279782931a458f150a052b54d09bbd5ba242e,CLEAR,"DARKNESS, LIGHTED ROAD",DRY,FOLLOWING TOO CLOSELY,2.0,28.25,4.0,4.0
07190d35bef6c27c5a1d67a398e864ef18b0a8b736157d5a4c751a164ba8c83ef80543e0a46a6bad7a34e019209fdec41a0df42c974514e4b2f07da3c965fa4a,CLEAR,DAYLIGHT,DRY,"EVASIVE ACTION DUE TO ANIMAL, OBJECT, NONMOTORIST",1.0,19.0,1.0,1.0