crash_record_id,weather_condition,lighting_condition,roadway_surface_cond,prim_contributory_cause,total_vehicles,avg_driver_age,total_people,total_injured
07192c8d2e793397ea19c81043cea73cf58aa47816c9efff2707f3bb6e899de18d5ef9704379429304d9ffed00b22b80be05712fb052002b04fe8556ef44a3ae,CLEAR,DAYLIGHT,WET,FOLLOWING TOO CLOSELY,2.0,37.0,3.0,3.0
07195667e3e6456dd3339fe81de3d58171b21b6f65101008a7f4d86dcf26f4d756cf8f49f9ac8d215dfd0086f2c631a0f2337f6a89c19161e90db315ee665ad4,CLEAR,DAYLIGHT,DRY,FOLLOWING TOO CLOSELY,2.0,43.0,2.0,2.0
07195b07f58d00be1feeb04349d2f3ec85873f3ab5c44bbed92914eac45be9320e93d94c7a0aa6abde34d5b51b48d81ba0542bb990444f04decca644244e9cf3,CLEAR,DAYLIGHT,DRY,FAILING TO REDUCE SPEED TO AVOID CRASH,2.0,55.5,2.0,2.0
07195eac68553b47d7ddf88a07a13215dd2965ceaac31d2c9b6b45192fe3c2db6afd93c6f4f1eb82962c0c809608afd20830832c0bc038bb79655643fd52cd48,CLEAR,DAYLIGHT,DRY,ROAD CONSTRUCTION/MAINTENANCE,1.0,37.5,1.0,1.0
0719d3f89608d6ab09eaf8aa16c5f0dad488efe7b8972ccb540cf6b626c990e23eb61ae75489b0071570ce4d56fb79aa741cbef04f2424a9bdf8973a7e1e2ba8,CLEAR,DAYLIGHT,DRY,PHYSICAL CONDITION OF DRIVER,3.0,31.333333333333332,3.0,3.0
0719d406cbe7a6654e52c786fa3193a86135e5c8c0374018e480b005d43b5f6cbbe437b263e2b21ec5da580a0ca1bd994ce459a45da893db19dc73a109bbd0bf,RAIN,"DARKNESS, LIGHTED ROAD",WET,DISREGARDING STOP SIGN,2.0,37.5,2.0,2.0
0719e918f91f94793c42249f23e73a07c6a6d903d35ab24b43182ab6452622965ea0e21fd8cb4e8d22de75a84c5b6c3cfb28ee5560580a323aaf50b53ba36240,CLEAR,DAYLIGHT,DRY,IMPROPER OVERTAKING/PASSING,2.0,56.0,2.0,2.0
0719fa32a6e4e09bd8b31580d0bf3c80c0307ce2acd14f1a7ec95057c7080a77e0196b6fd9b7a8146a531213cf87cdbb058cafff5ee24b45c960d89d92dc6e2f,CLEAR,DAYLIGHT,DRY,FOLLOWING TOO CLOSELY,2.0,37.0,3.0,3.0
071a15b372b95aee46c9ccdc530a5838cdc9c5e2bc2bf56c672a888b35550d3dfe5b403bd8f3322097ff3f89ad9a972f7adfc9729120c2ae01899d66eec7c3cb,CLEAR,DAYLIGHT,DRY,IMPROPER OVERTAKING/PASSING,2.0,31.666666666666668,4.0,4.0
071a37d06295a27015d3e212ba0081f71c3d36179effa15f62d35c0f7e422d71991511db1725fd3d21e707ec70d21a2ce5dcc8d8655f41c08e4951254bde2ce7,CLEAR,DAYLIGHT,DRY,IMPROPER OVERTAKING/PASSING,2.0,30.0,2.0,2.0
071a7fb4e5dc590befbe5cdd9689bd47e4d16cf313d0f46a17d2b07a839b8643c03ebd3aa4e72118654f0557c2b3c6f5dbfedf6db6e6f3b63839b6ae7bd9099a,CLEAR,"DARKNESS, LIGHTED ROAD",DRY,IMPROPER LANE USAGE,2.0,31.5,2.0,2.0
071a89e303867d8cfb73808283aeecf9ba18002ad2bbd97d26cbba6b5f7e45071497ca0b70b1855883ca37867fd488f55dd36c2302db07fc3495209c69cbcf80,CLEAR,DAYLIGHT,DRY,IMPROPER LANE USAGE,2.0,44.5,2.0,2.0
071aab28542e46c9d18c3b876b80447191bd0d15e3944025b9648c32c214059e55cf7c118e4287faa1c015fb37ecf6b5a5c17566da674e736df46b6aab7b9eba,CLEAR,"DARKNESS, LIGHTED ROAD",DRY,FOLLOWING TOO CLOSELY,2.0,20.0,2.0,2.0
071ac6d9c89c5550fc1f7de6c5e9e3fec5fb67d6342a1f2cbe20357b563356c67764e4b3e1f96fa900a1b286cc91f4401f982a691fb10d6ac6f0fcce7a018d39,CLEAR,DAYLIGHT,DRY,DISTRACTION - FROM INSIDE VEHICLE,2.0,45.0,1.0,1.0
071aef03e86f721e273e8e3cfa4f1ea0416c83988cc35b5354d3486ddb1bac1bba2138dcb5ee9e86d961c65275add30cae5830591e1d9a8dd2dd92a6f6c51973,CLEAR,"DARKNESS, LIGHTED ROAD",WET,IMPROPER BACKING,2.0,37.5,2.0,2.0
071af83c5b58cc7260a31e2d507900ac6f12c0d7598dd4f474138cb190dc6e752619919e89d79466bcca723ad5d9f236b9798d48196117e861deb74159dcd0f5,CLEAR,DAYLIGHT,DRY,FAILING TO YIELD RIGHT-OF-WAY,2.0,47.5,3.0,3.0
071b05ec1f64f1a6cbea63c09768ececf27645e8a8c875d0a4c731dac3355c97d8de8c22d1e592e1de02942dd2c4534a5ad2442ced81a6d893b52e42d5de4f93,RAIN,"DARKNESS, LIGHTED ROAD",WET,WEATHER,2.0,26.25,4.0,4.0
071b275fa421ffebc686593a3fb608e80e2cb0cb6dfa9371ec9846cbaaa35d61d4fe5d3ff598f4fd9c0f88173baa592e4cdcbd21ff9f96528df3b3e3f8bf40d5,CLEAR,DAYLIGHT,UNKNOWN,DISREGARDING TRAFFIC SIGNALS,2.0,44.5,2.0,2.0
071b310a9c8bfdb1319e929351e0aa0e6694e969c3a3c70e4b5bdce01f31f56af1908d899f61b41415d43587b31226a55f72e0febd82c02f17c0eb13e365a1ef,SNOW,DAYLIGHT,SNOW OR SLUSH,WEATHER,2.0,51.0,1.0,1.0
071b3491a97b9a3289d0f40242fe4a901458d0f472c3ac002a0e16efe878f42f3435480a6ed0f3362e10eab6c7729f2ad56d274567708e4af400e3509df5c8ba,CLEAR,DAYLIGHT,DRY,IMPROPER BACKING,2.0,39.0,1.0,1.0
071b433c9aa7f4bc01557a5fbc61e76156acfe23074b5bc908c321d39ffeebbe2b3d70155bd4ab4fd07e1c320a4e063355be599950cf0bb1ac013beaa63a618a,RAIN,DUSK,WET,IMPROPER OVERTAKING/PASSING,2.0,27.666666666666668,6.0,6.0
071b444be4b8b8833b1105793a96952e3a4f8f19a1d2240ba5b7b694e8bea38387a197abcb8b5cc7b77a29b53a08cfa12218db62e26b906f01b2ff08b1974c7c,CLEAR,DAYLIGHT,DRY,DISREGARDING ROAD MARKINGS,2.0,36.0,2.0,2.0
071b56b5f29f05f4d15856d9ee75c5aecd0517308a31aab23d2d43cccf4809ce8c009ba682d4f72f2874fa1a5d363a21758233e5ad868b99fbfdbae8a6707c29,CLEAR,DAYLIGHT,DRY,IMPROPER TURNING/NO SIGNAL,2.0,62.0,4.0,4.0
071ba6597deca10dd05581e9593e7a466e7c2939c5c9270ca99351af966c23fd5ab0362584786132e412b3934fbdbf7f24c93f3f9943aa04ef3f468d610ae64d,CLEAR,DAYLIGHT,DRY,FAILING TO YIELD RIGHT-OF-WAY,2.0,40.666666666666664,6.0,6.0
071bb6bae5d393fbe8d8f60e7102f1cecf7ba2b7b8769d3cf0ecbadf2259e852dbb088a5989ac1c9726b336bbade4e20d27086f01dd81876866acdb9b6300f01,CLEAR,"DARKNESS, LIGHTED ROAD",DRY,FAILING TO YIELD RIGHT-OF-WAY,2.0,26.0,2.0,2.0
071bbcf753693a38c411305d0bfe5f14315dd0a9154102c1772fd4b0b209c18d1def4b7623b58e96e3adb473f2606f70477d71cfc29fdbfe58ce339f4e8db665,CLEAR,DAYLIGHT,DRY,FAILING TO YIELD RIGHT-OF-WAY,2.0,30.5,2.0,2.0
071bc1cc8a273a4b356449354a357712b6e8042e6d3f594d17bbcf9724a3806c8def32f45f51c801db1c71144ffc9c7761188167625cd3b117c97b683050d68b,CLEAR,DAYLIGHT,DRY,DISREGARDING STOP SIGN,2.0,26.0,2.0,2.0
071bd99d82cef876b51f2259ea0949a4db7a8b4c1c6d671897a75341758da24a903bfb46b4aa81b433fa4629b4f8f6e0bf516907cca7ee33d1d3eb134e224eff,CLEAR,"DARKNESS, LIGHTED ROAD",DRY,DISREGARDING TRAFFIC SIGNALS,2.0,26.4,6.0,6.0
071c0857e2b8cd7a051d323ac50d7c41251fba07cdc55bfd39315e298e375d0dbec29d1d9f0488452b67c101a3483bd47d3e427219d269116eb6c558741ba679,CLEAR,UNKNOWN,UNKNOWN,FAILING TO YIELD RIGHT-OF-WAY,2.0,64.0,2.0,2.0
071c38e40b9fa7617cf6488cc7d0e650740dbc546f99079c40e5dca804e4447445e5db969f45e8259594d07e8a69e0093ab4927543b57af48dbc8703483196c3,CLEAR,DUSK,DRY,"VISION OBSCURED (SIGNS, TREE LIMBS, BUILDINGS, ETC.)",2.0,32.0,2.0,2.0
071c3cbfc37ec9f372810f454e916e4534d95b13ff529c48363635de0367c5ffdebe17bcc49670cb35b934a439c2b594a79df6750b48d90a0fb204579a2df085,SNOW,"DARKNESS, LIGHTED ROAD",SNOW OR SLUSH,DISREGARDING OTHER TRAFFIC SIGNS,3.0,28.0,3.0,3.0
071c85897f7edd3f03b277cce0a87bae20642d492d3a789547bf927ed06d7ac05f4d1556b5beea2b5f6b761e2c69d53a8c20532db58131c52b0bab2847ef1bda,CLEAR,"DARKNESS, LIGHTED ROAD",DRY,DRIVING SKILLS/KNOWLEDGE/EXPERIENCE,3.0,37.5,3.0,3.0
071c88e8432cd2d61436beb2a14cae3121d2fc0ec854fe88634d76ad725f63a14af89878420f4b40aac63a35334ac45bc7030a6cc4840d7816ec7668e273287c,CLEAR,DUSK,DRY,FAILING TO YIELD RIGHT-OF-WAY,2.0,34.0,2.0,2.0
071ca6f1acf27ab4497ee9302160c58c44312e4a8d34b4f084debca985b30864d53404e26696250246cb5171158cddd521f6335d6cc70a9aff87089bd16343be,CLEAR,DAYLIGHT,UNKNOWN,IMPROPER OVERTAKING/PASSING,2.0,28.0,3.0,3.0
071cadc94b9566ad35f0d0ead189b7fce506bf3a0abecad3cb8cec5452ec7ac2637253e812831a264ac73cf9f4a0131ce6ec290749c06450c4f2d4e439c55ddd,CLEAR,DAYLIGHT,DRY,DRIVING SKILLS/KNOWLEDGE/EXPERIENCE,2.0,23.5,2.0,2.0
071cb0cc08a8731a45600b522af2825e842097a09610fdac5d59f1d1cdaa23b8ccbb943e16b2137cdec29c5bcec2df32ab06ee11b3c71bb141281bdec500e87d,CLEAR,"DARKNESS, LIGHTED ROAD",DRY,DRIVING ON WRONG SIDE/WRONG WAY,2.0,37.5,1.0,1.0
071cfef132f0bbdf3e33a328c7e328b0ca78f649c63f8c9b1455fa3c1b6bda3ba9f01aa22b0ab218d2e6e3b10e7a914aac98d64eb1fc6992a160a7be9a12a9e3,RAIN,DAYLIGHT,WET,FAILING TO YIELD RIGHT-OF-WAY,2.0,32.0,4.0,4.0
071d0969b2151d3a866845f2bfa9e4b7970dddf892873f0921e9597314981e29ad88dbd2076e680c9617958a6a079ce5819df40624066cd9b17d97fd85abea13,CLEAR,DAYLIGHT,DRY,FOLLOWING TOO CLOSELY,2.0,65.0,2.0,2.0
071d1411151874981d7ff68cd9a641398a7667f2768a3710a225291c1a5b8b5f026104d4bb8c766da9f0531706bc6b6ae2d6c9c71c949697bf2fe7b37e0b1695,CLEAR,"DARKNESS, LIGHTED ROAD",DRY,IMPROPER TURNING/NO SIGNAL,1.0,31.0,1.0,1.0
071d3cd73f2069efaab4e12ace2216ad962be29485e42cc635dc1ffb8aa6427c6c8bdebf287a66b4bd9c28ed70c7bbd893c71f2cd3478dbbb71f633212ea0f2d,CLEAR,DAYLIGHT,DRY,DRIVING SKILLS/KNOWLEDGE/EXPERIENCE,2.0,27.0,2.0,2.0
071d3ec36a3426dc8cb1b72b7c746575f9745008fbd0c4dc8dea6ac0250727c69d6f7d72cacd49e1ab9644ce7793b7fc5120950feead112311e1199933c2891b,CLEAR,DAYLIGHT,DRY,FAILING TO YIELD RIGHT-OF-WAY,2.0,25.0,2.0,2.0
071d5ed892d95e273a481cf3e4c4b267052f7ee48ba7e9a51af817cc8ca5ed5926dc9988ad1611205cfa5e9b3f07f934a4b990c2492d1919da100e90c0a9cd78,CLEAR,DAYLIGHT,DRY,IMPROPER OVERTAKING/PASSING,2.0,23.0,2.0,2.0
071d84d08f0c29d5e7ce4623b3729515399dad17536bac1c2afbcc41697e57e823eecf3109d049bfc9246acebb26845b9366618b6f614de7985d0992fb5db576,RAIN,DARKNESS,WET,FAILING TO YIELD RIGHT-OF-WAY,1.0,55.0,2.0,2.0
071d930e0bd04f527693299f541b84a89cfb671bcb5f8dc9471461437a83486e298873c3e1894cc501787c2e101746b344adc1cde70c34ffdbc23439048010f7,RAIN,DAYLIGHT,WET,FOLLOWING TOO CLOSELY,2.0,30.0,2.0,2.0
071de61d03f0a23466e62f6ddf44bdcd4d987ab87efc5dc6cbe539add75afa7c6f41c3af2f22d858007b798a81974f4f442f9fe47556806991eaeb3bd58ed85b,CLEAR,DAYLIGHT,UNKNOWN,DRIVING SKILLS/KNOWLEDGE/EXPERIENCE,2.0,40.666666666666664,3.0,3.0
071e214f27f9d50e1afe77c1088385588752921e5ecf20d30d2c6317c8038caeb0ea1940d6fa984e68f2f23740fb5cdd8041791d3739433f5ae529d97c56ec88,CLEAR,DAWN,DRY,FOLLOWING TOO CLOSELY,2.0,36.5,2.0,2.0
071e48ac7061f891a1bfaf29db92c8f01f7d689b727e02c6af9c62d2c1cd9d5980959639f7e6cab0d62c4316c3d3be9ca2350b50957577d27dab3de411389f0a,CLEAR,"DARKNESS, LIGHTED ROAD",DRY,FAILING TO REDUCE SPEED TO AVOID CRASH,2.0,25.0,2.0,2.0
071e5757cf57a32b6f07cb0bd8487a6575ebb30cd64604d0b8d34410660746fc7d6290b5304f4b83dbef5d3395639c64fceb084c28a9d06305aecbc269b3a482,CLEAR,"DARKNESS, LIGHTED ROAD",DRY,FAILING TO YIELD RIGHT-OF-WAY,2.0,23.333333333333332,3.0,3.0
071e61762ff5949f0babb5299a90e6461654bb5dbcc4061201606767bc4658f6ee42e4e9fef6d570464dc7cafeb3d3e5ab3f354292fe0eb7f38781a23c9fa9d1,SNOW,DAYLIGHT,SNOW OR SLUSH,FAILING TO REDUCE SPEED TO AVOID CRASH,2.0,54.0,2.0,2.0
071e86c4441d0d3a4971767e6096769905b192282beb564d301b7270fae152933c445d0db3cb35b3b0abdf538e1dabb623ca965e7d1efac4e6aaf75e4a821b33,CLEAR,DAYLIGHT,DRY,DISREGARDING STOP SIGN,2.0,39.333333333333336,3.0,3.0
071e8e3f6dbed49456d016428589b262ff5a5ab9109f36b6e3d8b2e492b7da1c740f3a194f23de5115ab0ea1d448268aef93aaa23cfa1e931623c3d3505cfe89,RAIN,DAYLIGHT,WET,FAILING TO YIELD RIGHT-OF-WAY,2.0,33.5,2.0,2.0
071ec453ec5157618170c1f17d65c8ecf790a01096d1a6d0b96a0e642b2d8a2d31c5e95cf4c901a9992d3a2a84611b031b435d159e908521ef57de8bfb21904d,CLEAR,DARKNESS,DRY,DRIVING SKILLS/KNOWLEDGE/EXPERIENCE,2.0,39.0,2.0,2.0
071ee12a7a184e62e78e7e3b82e604b32761c74ec79f93ef3a71b05f208cbe3f8ba18bf74b358a946a7f0d41ae7aeb08fd94cb9b26c63e1c63e39e58eaf325a0,UNKNOWN,UNKNOWN,UNKNOWN,DRIVING SKILLS/KNOWLEDGE/EXPERIENCE,2.0,37.5,1.0,1.0
071ef58db4de36c1cbaf840530d9c6a40f65b08786506fc4f82766e862b165fdad21ee7c351fc96d13f1b7bba1daec3f76df40dd9d765efcd1569ba027db1817,CLEAR,DAYLIGHT,DRY,FOLLOWING TOO CLOSELY,2.0,49.0,3.0,3.0
071f0b85dcb6918454833c7cdce22b99f3de47522a33bb3cc79fd089c6622682ad1c6095f6bf98c8a1b204c92fd3473e33a8c8c8925102cc0edb4ca14b5263e7,CLEAR,"DARKNESS, LIGHTED ROAD",DRY,FAILING TO YIELD RIGHT-OF-WAY,2.0,23.666666666666668,3.0,3.0
071f4fc6bcfe53396abe22d9f66e7422d752cefd1894ce22ed12d5967d74cdbb1bd5ce89b9ee28d78220dce27231c11083c48bd0628551f91dc63bae4c76cf12,CLEAR,"DARKNESS, LIGHTED ROAD",DRY,ANIMAL,1.0,36.0,1.0,1.0
071f5285f82974495b7ebbd5bb31c8b3bef3638c1c74cf859168db65244cd1a3ec27a13027859676a90c31094e8c7d56384ab8f895a108fe8c5f1b1911c91596,CLEAR,DAYLIGHT,DRY,IMPROPER OVERTAKING/PASSING,2.0,58.0,2.0,2.0
071f6c82f588147307fdd14074acd2447d851f46cbbed3e22385c25f15c7f9a36d2afc7d157c1a007fbc3e4582698fd0667a7e2350de5a091c1a7edaf2869013,CLEAR,"DARKNESS, LIGHTED ROAD",DRY,IMPROPER LANE USAGE,2.0,37.5,2.0,2.0
071f7587fb1004d90fcc964d0299570923bb9e359c3b67439d4ddb4b179c782d36979500287c2a27f79e58da1935ac80804cafa4d99ba234e9f309225b8efccf,CLEAR,DAYLIGHT,DRY,IMPROPER LANE USAGE,2.0,56.0,2.0,2.0
071fa8de5c64dbe90ba9fe9fff58ed580fb3819d3f4e7e65156bb016918665dce24c1ad0359c08d8312146ec2158a5a56c2b753a4989a178a8efa340f9f054f8,CLEAR,"DARKNESS, LIGHTED ROAD",DRY,IMPROPER LANE USAGE,2.0,37.5,2.0,2.0
071fcaf5b2dcd9aa00d63906c7d8a38cd1608b2529fdeee5db7d88f492bd5619f7b2f1f19de67ac37ee8fe88163bce109468c1aafb228c42f880ad1c6801b08b,CLEAR,DAYLIGHT,DRY,IMPROPER BACKING,2.0,33.0,3.0,3.0
071fcb1d47938cfe9a94fb446f1c5ac892939b2658533a89aea7f547e19b7013714857a4f894e605605c0e549b4fdd752979185b19e2e18055d2ca60fd8c8da6,CLEAR,DAYLIGHT,DRY,FAILING TO YIELD RIGHT-OF-WAY,2.0,67.0,2.0,2.0
071fd91ff42157735ae2188ff3a9a998b35562a08f8b30473c9de9fc32cc2bc4788c13da6f4b5a0169b1b618403a999f3f0bbdcb798ba27a83c16caa6af91b78,CLEAR,DAYLIGHT,DRY,DRIVING SKILLS/KNOWLEDGE/EXPERIENCE,2.0,51.0,2.0,2.0
071fe1704991f0beabe1048110b1805efe17e918d23dc5918dccaef0c4e60f5f2c8889542a5a09e597911fb485418224b7dc819833af715fc52498bac9ec8925,CLEAR,DAYLIGHT,DRY,FAILING TO REDUCE SPEED TO AVOID CRASH,2.0,27.666666666666668,4.0,4.0
071fe4630e498b9907a84179fd7e86f07e1350c80dfecfd5286cc4c1817fe69ef128662c5ecad652a42382dd2696c99b38ae59d8955a029af3c8a81058f8ff7f,CLEAR,"DARKNESS, LIGHTED ROAD",UNKNOWN,FAILING TO REDUCE SPEED TO AVOID CRASH,2.0,50.0,2.0,2.0
072024cbdc45569ca6a361f54aa59ae1e27bc53c2b8697709274c8bc0ec64f4883fbb1f2915ff64219539338a1e31a12465f4f21c0bbbb21e774c9ea36ee5f8d,CLEAR,DAYLIGHT,DRY,IMPROPER BACKING,2.0,81.0,2.0,2.0
0720883b99a4a43c9fffaee90535876de1fc591408d5172908515e92a72d89a70a32308f998fe508486bd734e0170979f0645e533f395f2bfad6eec74abdb73b,CLEAR,DAYLIGHT,DRY,IMPROPER OVERTAKING/PASSING,2.0,34.5,2.0,2.0
07209b043734d0a16ec97da1ae28ff76365bc6da651ea694c41794cc37cdc8556f3cd206871409cd569c5b6819b53db1445f6552a0d205a2c69f6843ccfd2fdd,CLEAR,DAYLIGHT,DRY,IMPROPER BACKING,2.0,60.5,3.0,3.0
0720a51741174f3e95e361a3cf8b5c054b3182ca50beb0c5a859379892df9294fb1800ac30ef485300668d066f5e70d87bc0bbc73fb79549d8dc555b0eb201b8,RAIN,"DARKNESS, LIGHTED ROAD",WET,DISTRACTION - FROM INSIDE VEHICLE,2.0,20.75,4.0,4.0
0720e1134c6092271c17a57a7aea202ff007478ed577e6f27cce6d9130bf44205b183c024c719d32e44bd28823ecf79ead7191dde58fdf729b28e427ff51dbe3,CLEAR,DUSK,DRY,IMPROPER LANE USAGE,2.0,37.0,2.0,2.0
0720e282810c5c2e42688fedf8f25a6fd9207fdde55d33030c1c4c7413ada84df68eb460a00f71d28fffe0fec36b1882404834f5b2afbf99df8d0009450937e0,RAIN,"DARKNESS, LIGHTED ROAD",WET,IMPROPER BACKING,2.0,37.5,1.0,1.0
0720faf19aaeb8728596a9cdab24921f22426d1e21eae20e2d32574960988d13f5ab4feb435c09c47422e215456faec07033b999fe043eab7f38b4eb6f6a9683,CLEAR,DAYLIGHT,DRY,FAILING TO YIELD RIGHT-OF-WAY,2.0,46.0,2.0,2.0
07211d5196ca003ea1779c6b4107f9b5dd56e02a9f7bd94ddb57331395efdba8bbe557d8b74ba91e7a2f57c604baff7cc758a4182be0dcb7c00576526fbd6ad6,CLEAR,DAYLIGHT,DRY,DISREGARDING TRAFFIC SIGNALS,2.0,62.75,4.0,4.0
072169d4e90651aac022dbc2242665177c29d68a7c69a414b373bb954a4dde86719239a14c30d6c5637f8b31316760a8058b825e0750200d802370851493ad06,CLEAR,DAYLIGHT,WET,"OPERATING VEHICLE IN ERRATIC, RECKLESS, CARELESS, NEGLIGENT OR AGGRESSIVE MANNER",2.0,31.0,2.0,2.0
072180cf793cf416f68b9eb3dd186fab0192976d292b78fdb173dfd9020064b267a9e7f4f0bd70dd8a8448b273daf168be89a5e3d4a59640051db370e908614f,RAIN,DAWN,WET,FAILING TO YIELD RIGHT-OF-WAY,1.0,77.0,2.0,2.0
07219d018729fc1551d60097ee247f7d57a61e92144376beb57fc30568195c67eadc6493ddd47d9593f673e02775839cda6d21a4c4e7587747c8a5721c045db1,CLEAR,DAYLIGHT,DRY,IMPROPER TURNING/NO SIGNAL,2.0,29.5,2.0,2.0
0721a0eab4875665042e5341a32ed95b8e2bc85258640b69598bd3d27c67d55f52e82a2d4081b25b02bf5bb18db97e45e6d0fe40cfca45d9cf67cfc2d43309af,CLEAR,DAYLIGHT,DRY,FAILING TO YIELD RIGHT-OF-WAY,2.0,27.0,2.0,2.0
0721a3b9aab4eac0693b1324b3473006c9f966757c94cfa27a246000654838df31c9388cb4459a82d0e48c6fbba9ba3795b8ef601d4b1d21f22f3d119b734b80,SNOW,"DARKNESS, LIGHTED ROAD",WET,WEATHER,2.0,42.0,2.0,2.0
0721a4235b19153a6220cbfa4b613907c1382067bdf76b04d0ea20b568ae0e5f75ba863c84a180ecdabd37d827dafce2b3157f2566bfe38b4f01e8d20d9a78ba,RAIN,DAYLIGHT,WET,DRIVING SKILLS/KNOWLEDGE/EXPERIENCE,2.0,21.833333333333332,6.0,6.0
0721b37b08b4e93513084b8e025e6e6eab8a42bd9261f45b0d8fb3fef858936d1376863a49138833d43c44ecc4e5e5e185a2b605fde40c62f98dbb64510729bf,RAIN,DAYLIGHT,WET,DRIVING SKILLS/KNOWLEDGE/EXPERIENCE,2.0,30.0,1.0,1.0
0721b7a0f5107437a0f108b132fb1103dc8bc1e69d8ccc74580563c63592d1b397c5642311d967cee4b3ab31880a5e7f3ef2769f1a8a379b6015ef49623e77f0,CLEAR,DAWN,DRY,IMPROPER TURNING/NO SIGNAL,2.0,38.0,2.0,2.0
0721c842fa0791700e413d0c0d646a18285ce6a8316c455a328e0227eaac11c21eed664cd335048506da84f8fad6d0249b3eff4387ae25a3594137b4f41c7ddb,CLEAR,DAYLIGHT,DRY,DISREGARDING TRAFFIC SIGNALS,3.0,31.0,3.0,3.0
0721f4ce85e289ac932025b34466abb16067e275bcd334b296ba7e05d2d6ced0125af4d8dfab43dca025b7c21138a53939c3518c1fdf02daa3fd936bc569ddd4,CLEAR,DAYLIGHT,DRY,FAILING TO REDUCE SPEED TO AVOID CRASH,2.0,24.0,2.0,2.0
07221f696e33f8cd884346469946eecfcb77b5da756e08e30c6fb955f99491e9374ffb971b52102f070015bd112496adfdf6f8ea9d0a15ff6913cd172a0dad52,CLEAR,DAYLIGHT,DRY,FAILING TO REDUCE SPEED TO AVOID CRASH,2.0,57.0,2.0,2.0
0722342f9f0126afd1d293e7864ed67c8337f53e378f1b7807d39fbe385cc1946a1299fa06d1c932af51072a815aea5ebf27eeafd27be5184807332739a0377c,CLEAR,DAYLIGHT,DRY,IMPROPER BACKING,2.0,46.5,2.0,2.0
07223c7c2bf43d36af526e7d9d767a2ee74206c2c662ad5fa3855bd1628f130b2ca21b0dd375a1fd29eba078eee6548f01241575ff75107b4149ae9aefed855b,CLEAR,DAYLIGHT,DRY,IMPROPER OVERTAKING/PASSING,2.0,31.5,2.0,2.0
07224cd004ab02c50f23995d1c2c81c21dc05d7b1a67ea86e67d89976f1d07d6c33ca6382b775044f8a797291a8f064f481415b76e808f87cf96b8187035f8d8,CLEAR,"DARKNESS, LIGHTED ROAD",DRY,FOLLOWING TOO CLOSELY,2.0,44.0,2.0,2.0
072254cf6d113f75a616fe9089c34e8fafc320cda2ebb0f4070eb46fba2aa1e2e733c692616950dbe06f77a57bdf5de241f4542b5261f38c7c626a0f2a2fcd21,CLEAR,DAYLIGHT,DRY,"DISTRACTION - OTHER ELECTRONIC DEVICE (NAVIGATION DEVICE, DVD PLAYER, ETC.)",1.0,51.5,2.0,2.0
07226d32f506471ee34dd13f5b9ec8e767426e9867692439140e574dc91745bb4620ec6847da1686941da7feddbd9e1f28ed7afb3062f0067c312f124207004c,CLEAR,DAYLIGHT,DRY,FOLLOWING TOO CLOSELY,2.0,41.0,1.0,1.0
072277426f484ad164a5a558c360fe6fe285bb9b8094b1bd5de74aaeb2fc7488213854b766ac85fb635b1fafe4b3253fffd952d922b39d21d9a9103ee0b8d53c,CLEAR,DAYLIGHT,SNOW OR SLUSH,IMPROPER LANE USAGE,2.0,41.5,2.0,2.0
0722eb89183a676e7e2d1907ca6064241331e1b632c51059fad149cabcb021a2fdef2252de1b075a2855374e5e41be6acd083de069884b7121295ba8f110bd41,CLEAR,DAYLIGHT,DRY,IMPROPER LANE USAGE,2.0,36.5,2.0,2.0
0722fc3d408ab3b7485af3932c1516868bc0241bd632cf97a6c58337acef23c8c641e84a526087ceee2df23d591d9273bef53f6c67390b197c25939b4553cebd,CLEAR,DAYLIGHT,DRY,FAILING TO YIELD RIGHT-OF-WAY,2.0,22.5,2.0,2.0
0722fd2e1a9f9b4ffdf3ffdd1b26d864fffdd2740dddebc874829795e598c20b0d881c6ffb46f92992ca49f797850c4cd8f982afc1e1fe4ce18ba3adc1e435be,CLEAR,DAYLIGHT,WET,EQUIPMENT - VEHICLE CONDITION,2.0,47.0,3.0,3.0
07231168efe04c0c16f77d3239413cc0348e6c1c1ddc9ac344f508022cab345f7486fb34aa17aeb0ee9ec3a9cfa0b44326d7cf4de3aee1059f490d46b80721eb,CLEAR,"DARKNESS, LIGHTED ROAD",DRY,UNDER THE INFLUENCE OF ALCOHOL/DRUGS (USE WHEN ARREST IS EFFECTED),1.0,38.0,1.0,1.0
0723626a965591e4676e6918fbb207f386e033515e66ebaa4b6a16c3274076e0c30e5d1eed57227f2301e036d7740ea9983588fe834429b8ff60ba921baf43f1,CLEAR,DAYLIGHT,WET,IMPROPER BACKING,2.0,38.0,1.0,1.0
072396d7079b77de0d421bd099d28a93f5d55045c967c995fbd03cfbdb2318d41ab413c79709ef2008bba9146ebce4907a2a0a0256fd42c05255f279c7d4a667,CLEAR,DAYLIGHT,DRY,FAILING TO YIELD RIGHT-OF-WAY,2.0,35.5,2.0,2.0
0723b4a68bcc9f6cad02b967fe640066c19ba951ebd143647e6230430d6ae4791334260885e5a2655abb955a486f33dc49905b0f7e6be3c51b21f17c402248f1,CLEAR,DUSK,DRY,FAILING TO YIELD RIGHT-OF-WAY,1.0,57.5,2.0,2.0