crash_record_id,weather_condition,lighting_condition,roadway_surface_cond,prim_contributory_cause,total_vehicles,avg_driver_age,total_people,total_injured
0723ba0d11a96e51b17849716638a1a2e54c7b940834e4c0b0b6258da1446079871726106ca24fd1eedea124edac2f7e7712b702be326d302a1f627e30547071,OTHER,DAYLIGHT,ICE,WEATHER,2.0,27.666666666666668,3.0,3.0
0723cdca2b9145967e4bdfb902513c94cb54c346c0d1c7327659bf0eaf49e6795480267e5de3bf8468690e12f5bc30fb881b72f7cb7c8178d0f9349d00a9fefb,SNOW,DAYLIGHT,SNOW OR SLUSH,WEATHER,2.0,57.0,2.0,2.0
0723f46458b2999ec37b086c265790693e4599ff6cc30833eb65a8301279a17975fc35b53200048c46c585e87a8bbb0dc3c430c9cf1300de3f4e8afdd1e85876,CLEAR,DAYLIGHT,DRY,DISREGARDING TRAFFIC SIGNALS,2.0,37.5,2.0,2.0
072410492a6230f392e11554ab787fecc047e1ad63550165e09b51a87f59dd3dcff62343036e0b4b2bbd4fc8fb1bc52364268f6b1870baf39ae7612c8b25b867,CLEAR,"DARKNESS, LIGHTED ROAD",DRY,FAILING TO REDUCE SPEED TO AVOID CRASH,3.0,34.0,1.0,1.0
072410db2f5d7c69939a2657643a57cd1a66cba26deae6f665b00e931bba11f984ce47f4b7544e5b6bd80359444da1fe8d28b0bf0c9ba764f0aa45ed54fa2ac6,CLEAR,DAYLIGHT,DRY,IMPROPER LANE USAGE,2.0,37.5,5.0,5.0
07241fc0b42ce6b86f61ef483eb916c50927f959204d9c63a9cdf7d1fabc1c564869f352cc2dc7f636f49ffb9630a146542e3b49f03679c58e8dca7b1a370179,CLEAR,DAYLIGHT,DRY,ROAD CONSTRUCTION/MAINTENANCE,2.0,32.5,2.0,2.0
07243b5750ea91da0548e69f47e16ecfe62399a5fbc65de891fa44b6d33c1fc3555bf84fd321e802fe5c047dfb3bfb168e178e3600321ab9e113504466d5a4f5,CLEAR,DAYLIGHT,DRY,IMPROPER TURNING/NO SIGNAL,2.0,42.5,2.0,2.0
07245f85b0067ec33bed1447c0d6f331691644cf7ae0986fccd672b26c3e655f4e951ff69f8ce3c5e40afb85306537a112ea04b24204623109bd220c09491366,CLEAR,DAYLIGHT,DRY,IMPROPER OVERTAKING/PASSING,2.0,25.0,2.0,2.0
07248c27fdeaa9196086ec2b1ec06004ae97f21dc060628669f4dee70bac2419835e9d5cf56099a6a64eba4a55d979cce220e851a53966d9bf5c0b2a1d84d08c,CLOUDY/OVERCAST,DAYLIGHT,WET,DISREGARDING STOP SIGN,3.0,21.166666666666668,6.0,6.0
07248eff26815648ab791cf2f0f7601844c39575ed4bf8c9b9c58c09c679ea507a9a1586ad201f6341ae4f9b153d8483c7a9106e360e0d18142135a03b81cabb,CLEAR,"DARKNESS, LIGHTED ROAD",DRY,FAILING TO YIELD RIGHT-OF-WAY,2.0,37.5,2.0,2.0
07249e2debfe30e2bb5ceba72ab17080a5a0aa1f77750127e0393391529cbd0525c81fdedc6e315ab8793414cb4dab3d1a970f14b495b9552b1bdc0cbe4c6405,CLEAR,"DARKNESS, LIGHTED ROAD",DRY,IMPROPER LANE USAGE,2.0,25.0,5.0,5.0
0724d09e2e7a1e4128affcf31dc8868a86433f8bb919c468e245fa3e5e5017ea553df45651cf493b0cd14eb7ad7f9f8767e12551aa811d2427531d7b62252333,CLEAR,DAYLIGHT,ICE,WEATHER,2.0,48.5,2.0,2.0
0724fb4e04f2bdff0b43172b9843aa86ceac4eed0bb21846dac57bd933c5950b4e95a837add70dc5a72b5885d5619267e4c8ea0566062fdf7313b4a35f177e32,OTHER,DUSK,DRY,DISREGARDING TRAFFIC SIGNALS,2.0,28.5,2.0,2.0
07250a8b346b24743342efc5a13eef9b8675bc1d3b54985a9acca8cbede1585ed0123e5b6544be7d45aa158642e6c98e24ed2b46dd146bc9465c49ed1535396e,CLEAR,DAYLIGHT,DRY,FOLLOWING TOO CLOSELY,2.0,37.5,1.0,1.0
07250fe3c655814ada6091c802b5c428408561834a6f6abafc55e1c4e1b52f989c666787d598e1e361ba479e7aa47a622ddd13d8dab7229050aa4ecd7f7931f1,SNOW,DAYLIGHT,SNOW OR SLUSH,FAILING TO YIELD RIGHT-OF-WAY,2.0,70.5,2.0,2.0
07252d0fd34e57cf33cba5996f94c2daeea7e0fc8921cfb2f5f20acf193acfe6ce79f2a9bf9b1dcc08b41903e4b7a11253fde095319aae0c95a6dc7936c953cf,CLEAR,DARKNESS,DRY,FOLLOWING TOO CLOSELY,2.0,29.0,2.0,2.0
07255c6e1f11684f3f1171a40e5cab0c3adc50324598aa2f2a46d209c125ef015d6e45dd9fbf5fcf7d4962c835424cbee8465ccfed293f118d862230f5a8087a,CLEAR,"DARKNESS, LIGHTED ROAD",DRY,FAILING TO YIELD RIGHT-OF-WAY,2.0,33.0,2.0,2.0
07256208c5a08308f813dc4e6fbc85d7f691acecb7638f31a471472a78a42baf2f70139d8bb3719de0ad789254d30d84d09d8378c2ee3547e6df0082389332ec,CLEAR,DAYLIGHT,DRY,DRIVING SKILLS/KNOWLEDGE/EXPERIENCE,2.0,37.5,2.0,2.0
07257f3e545371cd83f78e4d0f56ece4cce9d9537dfd61cd13d16bcadcaddfd401974e609c853b7a2bd1078ab7a8cf77230d394d22c73a7fd4f69b7daedf2856,CLEAR,DUSK,DRY,IMPROPER OVERTAKING/PASSING,2.0,41.0,2.0,2.0
0725878d57b769abb2e4fa39bb0f8d4fdf7e468d271db8ac2294f2858ba1e17a0c733dc715baa69dceb32ebf754ef4f007131f362c0a91da2627be3a5331150f,CLEAR,DAYLIGHT,DRY,DISREGARDING TRAFFIC SIGNALS,1.0,50.0,2.0,2.0
0725acb26d1f86754fb6aad6fe8d2982a88f28bf9097ee198114b8f4c17a4befdd42bd9946c83181dc6e49cbfa3ab33da642a2c31597c9218f3ca2013acc2483,CLEAR,DAYLIGHT,DRY,IMPROPER OVERTAKING/PASSING,2.0,29.5,2.0,2.0
0725ba77852dbef6a0b1c2eb7549bac3fec62ca0d4ce4d4628868671d29e46a6a0c4add2e2f9901258707f5269f3a463443841d3b4eabf91f2e2dc1d42079205,CLEAR,DAYLIGHT,DRY,IMPROPER BACKING,2.0,68.0,1.0,1.0
0725df3b2f3385c4bd1c560a1041f0866f738b1608e97e2b7669ef817f77b4de08905b477b7bcbcf19f439acefc0a5831d2c6d47f4229d1bedcf8e91ad00050e,SNOW,"DARKNESS, LIGHTED ROAD",SNOW OR SLUSH,FAILING TO YIELD RIGHT-OF-WAY,2.0,30.0,2.0,2.0
07263985e0597c89795d953ddb4d85485c0109248395fa01f683967472dc5e69d805c0f24c004f7ae520a0d7cb9a18297f1eb21a6fb78acdf427d479318f9bd3,CLEAR,"DARKNESS, LIGHTED ROAD",DRY,FAILING TO REDUCE SPEED TO AVOID CRASH,2.0,53.0,2.0,2.0
07265a9696552893103103f2d92377733ef8e721cdddb0354979dcc2fa3946be8da4aed034900bb4b4e37d081cae4e9046aca691d9f7b7a6d7a9ee8aa456e294,CLEAR,DAWN,DRY,FOLLOWING TOO CLOSELY,2.0,24.5,2.0,2.0
07265ec856692949ea3e6c7d6c601ab2ba08fbf209c093a0e9ee81fa9a84cd8cce1abb999c703900c68588f6bdf81c15253d00559dc9ca00ef6977e7d62901e2,CLEAR,DAYLIGHT,DRY,IMPROPER OVERTAKING/PASSING,2.0,40.0,2.0,2.0
07266992c7af0d6a8af52def2f1b4db4111acc9f20d601e811db43a98d6abcfa60ad3af5fbf5a34e399c92101e32be5e43ce4776bcabe39695d90e6e3d921c76,CLEAR,"DARKNESS, LIGHTED ROAD",DRY,"EVASIVE ACTION DUE TO ANIMAL, OBJECT, NONMOTORIST",2.0,51.75,4.0,4.0
072686280c6f3ee162f152c55faf60bcfa375e1462237c18bbc4de979f8e4469c4df8c9ee5595c17bcd56e62a49defa1847deac9942108a322e68ed61c4f0fcf,CLEAR,DAYLIGHT,DRY,FAILING TO YIELD RIGHT-OF-WAY,2.0,34.0,2.0,2.0
0726a91a4c5bd83fab0ff24c4837592116789897f5daafa739cfd0d78c34adaec480014b6061589fb88790a95bbabd360acea463fd02108ff1c95ef62c0a902b,CLEAR,DAYLIGHT,DRY,IMPROPER LANE USAGE,4.0,49.0,2.0,2.0
0726b2013888b8c4eb88291093483eadf190a354cf5b0934bfed34a6d6741f6dbabcab5ad459c67d99e8e3e3c414af466ae878708c9c55fa58aab6dee315a0e7,CLEAR,DAYLIGHT,DRY,FAILING TO YIELD RIGHT-OF-WAY,2.0,26.666666666666668,3.0,3.0
0726f1e97d316d134549c1162d5d135177ea8de4548070e25f80c6df58a396cd1ae87d8b1f95ddacc0872817f3d5044cf912d5fb8ea37073e5475fd1fee4acd6,CLOUDY/OVERCAST,DAYLIGHT,DRY,FAILING TO YIELD RIGHT-OF-WAY,2.0,41.5,2.0,2.0
072717a0ad404f66d8d0eef91b490c1466783ff4fda6bbd2077e4649e23a7b9c4acfb0bcb02813db25c0fa689d6c60e8f2b293f767f5ba67440e188e8d9d1652,CLEAR,DAYLIGHT,DRY,FAILING TO YIELD RIGHT-OF-WAY,2.0,34.0,2.0,2.0
07272920b73393697951ccae8957728310076f88ffa66c7221460b753108df8ea79c26c57d1190376679bba66055bb2e836df2bbdb5482bc54c93e53c55f7300,CLEAR,"DARKNESS, LIGHTED ROAD",DRY,IMPROPER TURNING/NO SIGNAL,2.0,13.0,5.0,5.0
0727433c8fa91be152043535a75eabb38c413f74b6f072417796d64937d7301a7fde844a0f02caf8388ece2d8ad7450ebf4c1c58a88956c7cd525b8c485b1734,RAIN,"DARKNESS, LIGHTED ROAD",WET,FAILING TO REDUCE SPEED TO AVOID CRASH,2.0,53.0,1.0,1.0
07274f0a84e919002abe012e47b535f18108f6ca64c5334b643e6f8802d8eff87987709a0e3c4fa5ba04bdac0c5ce636c56ceea983d41742b9567b8467a24354,CLEAR,"DARKNESS, LIGHTED ROAD",DRY,IMPROPER LANE USAGE,2.0,37.5,1.0,1.0
072758cf8b4ab49e2a79ad472eb81cba81db6c26e9104f2f779425d3548d78436f1347771062011ee6d0f134ac478ec6f3f48f607e15c87cd74c45e8031a9f52,CLEAR,DAYLIGHT,DRY,DRIVING SKILLS/KNOWLEDGE/EXPERIENCE,2.0,39.0,2.0,2.0
0727630b9cf45a3346b2bb07ead75fb47e6d27d2c793593960a3e9580e5af855b2b5ba5ccfcbab1e82591c9c97cbf20d2d88936e96c24412b04be4e1d5b8a259,CLEAR,DAYLIGHT,ICE,FOLLOWING TOO CLOSELY,2.0,50.0,2.0,2.0
072779018b37cd2ef1836201d1191d355adb119f0acf577ec86a3ee9c0676eb0ec97ba4025be7c2da1f7b4f618dad04366786051020c6555297feaa2548bab6a,CLEAR,DAYLIGHT,DRY,FOLLOWING TOO CLOSELY,2.0,38.0,2.0,2.0
07278ef0ae598eea0c2e52fc405714f85e567b079b604908e23fb884c26d378a020b8d3c20ddb4367b3aa1d0f519f1bb827802e2e2049790641e927e98de7de9,CLEAR,DARKNESS,DRY,IMPROPER BACKING,2.0,49.5,3.0,3.0
072795f33e1aaa8d55b89ea6fd4a0f5ae28e640275ec076e242e9296b5341d8f2155390b16e3aac8d98c50b746e665fa9607e4867f0fe20e081896d35f078c3e,CLEAR,DAYLIGHT,DRY,FAILING TO YIELD RIGHT-OF-WAY,2.0,43.5,3.0,3.0
0727a4f3d504d5d89bd9911dd7e461ca113d8ba81e60ff5ba0a747d8d827d682ba99faa6f0f71f056938f64a047d6acbabf62c9f980805c94b9e259e49bc794c,CLEAR,DAYLIGHT,DRY,IMPROPER LANE USAGE,2.0,58.0,2.0,2.0
0727a6f65cc268495d284ad86f271eb5692751b31f42d46f8e7656a5a2f50bfdc1584e4c8d6770b89e42f92d6e9f7782f19e91aab83eb1710d5e18f65d287b6f,CLEAR,DAYLIGHT,DRY,FAILING TO YIELD RIGHT-OF-WAY,3.0,28.0,3.0,3.0
0727a9a75f8c47cbd00846c6c99af4ccf88a75eef5a253f1135a8b97c19c9fc947d7e689b76451e191853ddf9bf461a9a3622449e81eb83b59e75541bdea9a52,SLEET/HAIL,DAYLIGHT,SNOW OR SLUSH,IMPROPER LANE USAGE,2.0,32.0,2.0,2.0
0727cc4d89203fa3ef7680e1d812887e241b90b7c16fc64f85ee994b717f4e25bfab9ed534314ed12dbfd3c5b38fe15b515fdb6c0070c8531a891c2c990307fb,CLEAR,DAYLIGHT,DRY,FOLLOWING TOO CLOSELY,2.0,46.0,2.0,2.0
0727d03d790a05953a523dd7bba3303f53d6ae32cc68d30e76733f4ceb260465ab5250aa0392a33143b3fb3b38263ffda22e08acac6e814e0cfc5d4ed619ceda,CLEAR,DAYLIGHT,DRY,"OPERATING VEHICLE IN ERRATIC, RECKLESS, CARELESS, NEGLIGENT OR AGGRESSIVE MANNER",2.0,16.0,2.0,2.0
07280da642d8d079962a4765e59aac532ad795a015be0d2e10a8210a7ec7036a98a7c0ef5d73a500bfa40dbd8e32bcd0696476285a23bfe6370b6c216d2e878e,SNOW,DAYLIGHT,WET,FAILING TO YIELD RIGHT-OF-WAY,2.0,60.5,2.0,2.0
0728347d269c9eede1dcf062f877adc365ead93fea44898aa6b40440bb257a986c8b5acdb0b3f6e610219420c37b09fa052993ab265580d908d910f7efdbf59e,SNOW,DAYLIGHT,WET,"VISION OBSCURED (SIGNS, TREE LIMBS, BUILDINGS, ETC.)",2.0,48.5,2.0,2.0
07286afc97d9b3d9bd5c4ea58aa84ad4f3f496959499b777f734e0b45807b2916d8c5873e1d232fbf70f8c62da9bc70e7271d4991e67db3c74ee0097ceb27518,CLEAR,DAYLIGHT,DRY,IMPROPER OVERTAKING/PASSING,2.0,44.5,2.0,2.0
07287080a33a5c6bedcf2ec2aec35a577a4925571970da43b003b1ff2cf0dcd37d7c7b606d18748197339f5520888e6e5af8cb327f59d294b3d97a0f93728fb4,CLEAR,DAWN,DRY,"OPERATING VEHICLE IN ERRATIC, RECKLESS, CARELESS, NEGLIGENT OR AGGRESSIVE MANNER",1.0,26.0,1.0,1.0
07287142155cb0d0322668fd27bd3d05a19523cacfeb1415044bf24dead43bdfc3571ab770daa2ae8d8d291a955022e042fdf3ce86a788a3197ee8874f9dbd13,CLEAR,"DARKNESS, LIGHTED ROAD",DRY,IMPROPER OVERTAKING/PASSING,3.0,28.0,5.0,5.0
0728817b6c891d95367bb64030318f9ac485d19e773f40a94da16dd3c377a702872ead705722408248ee44f5edbd8effa0382b0097c48190e9beb94ecabceb9e,CLEAR,DAYLIGHT,DRY,FAILING TO YIELD RIGHT-OF-WAY,2.0,29.5,2.0,2.0
0728906a8534bebafd13d7a42f98671bc0c68d7b63c39175f227ed654789e52e9647d44704aa1e157569d9374ab7723b572035dbb561752ef642d40eefdc010d,CLEAR,"DARKNESS, LIGHTED ROAD",DRY,FAILING TO YIELD RIGHT-OF-WAY,1.0,32.0,2.0,2.0
0728a240faf7a22afb6e5148f5fcfb81e712e239e7d3dcf5a3c97354f1b61609659a2089099a9ea2d0127be371cbb764c27f0512f8364b4116a4b2ba258fdc55,UNKNOWN,UNKNOWN,UNKNOWN,IMPROPER TURNING/NO SIGNAL,2.0,38.0,2.0,2.0
0728b6a564af86ed403e9b21d69eb780df0c7604cfb0deebd7c5aceb48163fa9ecd92bd1c004285d995bbcc4e28696c168645d661e544f260103c69467b57e2c,CLEAR,DAYLIGHT,DRY,IMPROPER BACKING,2.0,41.5,2.0,2.0
0728c7a73cba1e9ca992a3501bfc904bc6d204d9e529f94ae7c4871b3e5d0c8b4940eecde3b9c4920c738b811511852aa8ebd1ffc279886181542478f732e442,CLEAR,DAYLIGHT,DRY,EQUIPMENT - VEHICLE CONDITION,2.0,28.5,3.0,3.0
0728cdde521a02f256d8526a9b4a28f3d591a82d77c9baa87e042bc1f4fb9edcb98940cfb46de9b884efc2bc483f79ba4e5648a7db23f67af85c3761a01695be,CLEAR,DAYLIGHT,DRY,FOLLOWING TOO CLOSELY,2.0,62.0,2.0,2.0
0728ce8c395b60250acdb8ac4b890f88fd4e189c7dfa097b33c9339f76afb5422977b73703d14b8efe21aad2c4b01714664793d21a6ca8ab44cccbeca2d41780,CLEAR,DARKNESS,DRY,IMPROPER BACKING,2.0,39.0,2.0,2.0
0728d0befd0e3d3ea7b54ecc2246935260d6413824c7cb056b846146323c4329dbf140f4efdbf5e8cd39cb954c4dfb3d121c6ca3c5f58ece82afa1764d857e40,RAIN,"DARKNESS, LIGHTED ROAD",WET,EQUIPMENT - VEHICLE CONDITION,2.0,46.0,1.0,1.0
07291d093caf8b397ff94e46b68b5d96c3c9e56b433d036391b5accb4a7700163b2c449217aa4804ad98af69dd9a2ceaa0b621f7039a0e66a2717292305b6947,CLEAR,"DARKNESS, LIGHTED ROAD",DRY,DISTRACTION - FROM OUTSIDE VEHICLE,2.0,32.0,3.0,3.0
07293fe0a956501c063595c1ac66416f8768067eb70966f0caaa0d552668329126feacf779f8eb5c452a5b3676074d239dd98f62e947edab4494b1b6447705b1,CLEAR,DUSK,DRY,FAILING TO YIELD RIGHT-OF-WAY,2.0,18.714285714285715,7.0,7.0
07294f8ee4aa44bb7777811b174a530c5e071b620adc797da9345f78e1f6e2b63f2a82c44800cefd141c360fd071d57fcf23a6629b3f1757fd7c2cd51d0d4805,CLEAR,DAYLIGHT,DRY,DISREGARDING TRAFFIC SIGNALS,2.0,59.0,2.0,2.0
0729888e8a6f1c90d8816dc189a730456b516f9f6a8908b1f2a4967e669948e2a495bf3740d4202b941c65a85afde970f99cd79bea24fbc3f700fd198eaa5c73,CLEAR,DAYLIGHT,DRY,FAILING TO REDUCE SPEED TO AVOID CRASH,2.0,17.0,2.0,2.0
0729af2d5991383ac2a0b1021c106d861817d63da5695080254819c86ea397f29f29d059ea9522796a57405c9d7e58b2500d9e7a4f8f6bc3353816b519e9cfcf,CLEAR,"DARKNESS, LIGHTED ROAD",DRY,IMPROPER LANE USAGE,2.0,37.333333333333336,3.0,3.0
0729cc484df0d01689a85b127d0ca1bb7669a1d99c672cd1dc2dbce2b01900e79d80a4a889b5d9be08d67152a1f2149741aacd9df2f86b3fdfdcdbc9b48fc411,SNOW,DAYLIGHT,WET,FOLLOWING TOO CLOSELY,2.0,35.0,2.0,2.0
0729e4cc3a3028045f7d9291e184e7ecc2887c902fe0a1410dfc19cd09dca65a9d03dffed158f8116bd7e2e9b4abc8677dc74d6832c1c733c9d71a80bf5e1778,SNOW,DAYLIGHT,SNOW OR SLUSH,FOLLOWING TOO CLOSELY,2.0,43.0,2.0,2.0
0729e7a6e0b4bd8e63b28e7412a83cf1f38571d05900a6d282b0fed1fa7eb3150184b595978642d114e962e400d1215d50b5d3d6bda8780456b07b2ecab612b1,CLEAR,DAYLIGHT,DRY,IMPROPER TURNING/NO SIGNAL,2.0,42.25,5.0,5.0
072a0f1a5b654d20094f663ceabcee55ca58de4443e875476d289d77ca146a4bdba94848d8cd968b51ccf44d2a061aa72035f06e81e59602a28d957390537a04,CLEAR,DAWN,DRY,IMPROPER OVERTAKING/PASSING,2.0,39.5,2.0,2.0
072a1dfe19465db0ac96d9aef79b1de8005019cda95bf4b82020822f33df5da4ec3ae3e05cf3aeca0097c0089ad976f00f47aaddcc6b081eaedf22844281277d,RAIN,DAYLIGHT,WET,DISREGARDING TRAFFIC SIGNALS,2.0,66.0,2.0,2.0
072a1ee6b7236169f72ae5950ccce31b519a0d3868e28fa83fd68a2272310264e3d048541b9bee21d59c467cd45ff3f3c030a08b553fe90f5b73b6bf72e360d0,SNOW,DAWN,SNOW OR SLUSH,FAILING TO REDUCE SPEED TO AVOID CRASH,2.0,29.0,1.0,1.0
072a485ff60ef6dc85afad1873901355160c1d2df0a6002e0342859d4e50e99eed205b9ee46da7771e264ce8f0d7d5029c96281fe6b3d466f77b6275ec7abcef,CLOUDY/OVERCAST,DAYLIGHT,DRY,IMPROPER OVERTAKING/PASSING,2.0,46.5,2.0,2.0
072a9070d67d164f682b7510b56925a6617db0333c5ee5ebf7b01e72da87cca9d978cd64075cba95e153432349b81e35e97d64f8755281a4aba248a9f825d48c,UNKNOWN,UNKNOWN,UNKNOWN,FAILING TO YIELD RIGHT-OF-WAY,2.0,33.5,2.0,2.0
072aeb9a931a489e545aee0627422c41c012df8ace157200e0d65ea1705a8c6510a40b5e8b307b53684a1d63865babfd687cae1be367462c18203efb81c508e0,RAIN,"DARKNESS, LIGHTED ROAD",WET,IMPROPER LANE USAGE,3.0,49.5,3.0,3.0
072af01eeccc4ac0fddb752e144203add8959999d8701ca6af3dbea6efd5bab038b5050bc9b573673bccdc319f63b6f5360cc18c276e784125b360312be5efe8,CLEAR,DAYLIGHT,DRY,FAILING TO YIELD RIGHT-OF-WAY,2.0,17.142857142857142,7.0,7.0
072b02308cc63628f1081bca35ddc4c7ded95841577c8fd9539e029c4da7a2666d81fd76b504bfbd50b7b977b4ff0c3256b9a0838d6207dd96b07f6d0faf4e1e,CLOUDY/OVERCAST,DAYLIGHT,DRY,FAILING TO YIELD RIGHT-OF-WAY,2.0,29.0,2.0,2.0
072b05d222768714faf066591996bd476e290e5a40d5e4897d3277095d142890df3eb67eb0ba900b54404da2bbac0fac26feb22327212121b15fb170c8bf52e0,CLEAR,"DARKNESS, LIGHTED ROAD",DRY,DRIVING ON WRONG SIDE/WRONG WAY,2.0,37.5,2.0,2.0
072b0a88af3692c7d3dbb5ecf9085c2f5e91aea458662243ec55a1f6cee2ae4204e6848aa309c6c8dea175789d2a1048d106d51e46774a5656147e41f6a727f0,CLEAR,"DARKNESS, LIGHTED ROAD",DRY,"OPERATING VEHICLE IN ERRATIC, RECKLESS, CARELESS, NEGLIGENT OR AGGRESSIVE MANNER",5.0,37.5,4.0,3.0
072b0dc0548f685b705cada9ec3e958231afb500d8ecf1216b69f7661a86ad0d420edce4eacefdc1ff8f9bd77af973d5fc4fe8d60595d0fe86c9d6fbb5b4c2ca,CLOUDY/OVERCAST,DAYLIGHT,DRY,FOLLOWING TOO CLOSELY,2.0,58.5,2.0,2.0
072b318518db43259cbec3881ee657a5d2eeb1c9727733b37b48b41f2e552f3f39232ed74198e13c80be640e143b621a1208aa39f038ddbf2abf037a403e4a7e,CLEAR,DAYLIGHT,DRY,IMPROPER LANE USAGE,2.0,31.0,2.0,2.0
072b3d54395ec4207e7402341e50f23dd7d6077f16ea00d05f043cbaf7187a3378b37ebe48d58618281caf40cf47e64a107247ec8fd51ea123e9100b52f1854e,UNKNOWN,UNKNOWN,UNKNOWN,FOLLOWING TOO CLOSELY,2.0,37.0,2.0,2.0
072b595e62d9a082f1663f4f32aff6dfd9e1ddfc0cc789df37238c6c01d76f9d3ff6acde22859a10f9093cd566496258ac19d54832b176145584d040b6b94df8,UNKNOWN,DAYLIGHT,UNKNOWN,FAILING TO YIELD RIGHT-OF-WAY,2.0,51.0,2.0,2.0
072b6303e8e553cd82dc5d79b6c6bea3f2ba91ae723896572bcc0804edc0e70432164313a357eede4f5818c3b60b89290010384b0bdcf57d7f413ad19e504795,CLEAR,DAYLIGHT,DRY,EQUIPMENT - VEHICLE CONDITION,3.0,72.0,1.0,1.0
072b6bac3fb20e813dbf7ef5d87fadc07b490059f6901ce996727c6db4366364e99ab101ca64f564ad440b492df49a8dbe4a539154b6351981d221fa3fb44c95,UNKNOWN,UNKNOWN,UNKNOWN,FAILING TO YIELD RIGHT-OF-WAY,2.0,24.0,2.0,2.0
072b7b8e5213f4d4d63ca9caf144de853074c3e57584c90d08937266c8450510f972f59498cf51cf487f1466eb3a8f0f7a8c589eaca56c27f5fb14100ba685c0,CLEAR,"DARKNESS, LIGHTED ROAD",DRY,FAILING TO YIELD RIGHT-OF-WAY,2.0,42.5,4.0,4.0
072ba72df443d51ca9bab82fb3807587f83d33dff09107254162cae50a0c7bfcaef378bc5accfb4469fc18b1680205d9f60a1bbb74a7804959b2a8e6c4359f16,CLEAR,DAYLIGHT,DRY,DISTRACTION - FROM OUTSIDE VEHICLE,2.0,29.333333333333332,3.0,3.0
072bc4119c9e6b5356ceb3583c6c428e12120d7ef9beedb27d7487f4dd259752dd429c2b3bd538b27dd87f4d3c6a3b15ffc292fa475b95103848ef2857ed6798,CLEAR,"DARKNESS, LIGHTED ROAD",DRY,IMPROPER OVERTAKING/PASSING,2.0,41.0,2.0,2.0
072bf48a6ee3b51fb14613128dbe7f7c730a1b5fe94ca3a49b1dd3c9c35df0108f4bdc9736d11bf5142862c318dd3084f00c8f6726dac14d70aa959024aabae0,CLEAR,"DARKNESS, LIGHTED ROAD",DRY,FAILING TO REDUCE SPEED TO AVOID CRASH,4.0,20.0,1.0,1.0
072c06bb285c436c82deb1a8972c689befbd54e1e6b17afd307fa5b45cd5876bf5875c28ddfdbc50ac0d02a7068ea10a8cd9635be7e722984461d721e11c4ea5,CLEAR,"DARKNESS, LIGHTED ROAD",DRY,IMPROPER BACKING,2.0,37.5,1.0,1.0
072c222f1b807d901458bf02bbb1d2fd01150159d1862d9f78edd075ec0081f58255db5397d70870646bff23023c16d1361ee71dff37f3d43655a624a78d8f70,CLOUDY/OVERCAST,DAYLIGHT,WET,FOLLOWING TOO CLOSELY,2.0,35.5,2.0,2.0
072c2ad2cc409ebc5ef319739115b7e7032383a7fda5d4fb49b633425795974ae7e8a47030b56b88349b90e8507884e3c38b43b8cf86ee139e6c669a9f2aed3a,CLEAR,DAYLIGHT,DRY,FOLLOWING TOO CLOSELY,3.0,46.75,4.0,4.0
072c2b3eec7512687aa2e5c3cbc4c41672577e0d1bba56e3e9a70284f97baff94f26ae0bc476221a15e8066855e9f4ab07ad5a8c4f027bb6fc0a268230df298d,CLEAR,DAYLIGHT,DRY,DRIVING SKILLS/KNOWLEDGE/EXPERIENCE,3.0,73.0,1.0,1.0
072c72774d157855f6171f64621f401539c70995c575686e95ccf5f0e62886079a0992e7a08c9ba40ab5aee0dd34e309c69357d5328c3eb5ebdae4da65f7ad8c,CLEAR,"DARKNESS, LIGHTED ROAD",DRY,ROAD ENGINEERING/SURFACE/MARKING DEFECTS,1.0,53.0,1.0,1.0
072c83f45b5dcc4cfc8c69ac67359e0fd9da2cd0f9998c19a9f4221b1689e2a5e3a1e0157223e15240dc3bf0498ed8ae835a79b56f1db4da04911cc849e9cf0d,CLEAR,DAYLIGHT,DRY,FOLLOWING TOO CLOSELY,2.0,38.0,2.0,2.0
072c866a68172ff8890a9cc1914ab9cffbcf6c1fa218d96187f0a6805b0a1f003cedc0b92166550aa9e8bf8b605342126d6ccb25e9bc71401444461c5a693c63,RAIN,"DARKNESS, LIGHTED ROAD",WET,FAILING TO REDUCE SPEED TO AVOID CRASH,2.0,43.0,3.0,3.0
072cb1452fef3827db2a96105c4e9d9e49e0cfadd346ef13f91ca8399648138016b833c633102145bbdbf58d5ee996035cee84458190a254002deeb00311aae8,CLEAR,"DARKNESS, LIGHTED ROAD",DRY,FAILING TO YIELD RIGHT-OF-WAY,2.0,42.0,5.0,5.0
072cb936a18c755bcb61ff35857c64c204f9f27a572da6db8bd01faf9785eed6646340ea4df80b362b7f8a40c12ac7b0936d9f3f1796d693f8fefcdbfacdd2a2,CLEAR,"DARKNESS, LIGHTED ROAD",DRY,IMPROPER OVERTAKING/PASSING,2.0,19.0,2.0,2.0
072cd654ddea965cea62148287fb01319a39c197ae957aa8b7965f5f9edb456ccaf9d5a9612f7e8b72871b3056fb35ce37851b3116463f07bf324d07ddc9842e,CLEAR,DAYLIGHT,DRY,IMPROPER LANE USAGE,2.0,31.0,2.0,2.0
072d276cee91aaa0fe92071817f7f2c8068b0456cd8bb4cf315c82c6d8511e37e651d896fe8d2367ae783aa8773b0dc04e3b31ab36c73bf30e7098dce31054b5,SNOW,"DARKNESS, LIGHTED ROAD",SNOW OR SLUSH,IMPROPER LANE USAGE,3.0,27.8,5.0,5.0