crash_record_id,weather_condition,lighting_condition,roadway_surface_cond,prim_contributory_cause,total_vehicles,avg_driver_age,total_people,total_injured
072d28ec6b0362314c9aea914f98e17daf2d9dee5f48c02dd84528352044fcaebf54e6b622a6a751d26956cb8a2947d418fc3edcdb13ebbc2335d4259b64af3a,CLEAR,"DARKNESS, LIGHTED ROAD",DRY,IMPROPER LANE USAGE,2.0,25.5,6.0,6.0
072d2d513074d4917bd83512c18866c6c0bc757e91c3948d3b696aa5bd197fe96e2c2a4170811a6ad45a1c5f00cb6fdcae6f6741a3be2b09a195f248cb3996df,CLEAR,DAYLIGHT,DRY,PHYSICAL CONDITION OF DRIVER,1.0,29.5,2.0,2.0
072d3371aa8c01059bfeab56392c9dd2e076118c48d0528fb4759cbf34a762f43f785319611f9a545a878de915c33187628a4057ed0d74b59a119ac0c8a05ecb,CLEAR,DAYLIGHT,DRY,DRIVING SKILLS/KNOWLEDGE/EXPERIENCE,1.0,32.0,2.0,2.0
072d7a886540ad75de29f0e630e6236e216b2f77d3ffaf6654bd1d49b00fe3809add9dc26762ba7bf94349807330305cb9ac507e6d7bc32110dea5986c785a21,CLEAR,"DARKNESS, LIGHTED ROAD",DRY,IMPROPER BACKING,1.0,37.5,1.0,1.0
072d8b71ff6a3995f994de2e2f7fef9dfc835c21a3318cf0599c3d89d4186ab9c2e73832c8539b51822a560a1488ea7354247ea277a88ddec1df7f4ea46a2478,CLEAR,DAYLIGHT,DRY,FAILING TO YIELD RIGHT-OF-WAY,1.0,37.5,2.0,2.0
072db22c3e2aebb876626bae2cabd2eec37bf6cb4fcdfb0a9c5f346051367ed6a5924d4423e3cd956a663dc2d214675a16f442c9b71df91134d0a488443fc503,CLEAR,"DARKNESS, LIGHTED ROAD",SNOW OR SLUSH,DRIVING ON WRONG SIDE/WRONG WAY,2.0,25.5,2.0,2.0
072dba6f2d26c2bf5375ec81576e7a88ecea821f93ca5cb3479e090508778b8899b33fd6077cabd7bd900554f3331e01c64c7f86261dded98da642e61881f652,CLEAR,DAYLIGHT,DRY,DRIVING ON WRONG SIDE/WRONG WAY,2.0,45.0,2.0,2.0
072dbc17b84867694fb62928daa529bb0a70df6169a7e9cb8345d7fccb98d8e43ac3f67e429966243afb26f00b8550d362d5796ede0fc0972becd2adfc73ad93,RAIN,"DARKNESS, LIGHTED ROAD",WET,FAILING TO REDUCE SPEED TO AVOID CRASH,2.0,48.0,4.0,4.0
072dc6761334e43bf8b42f7d36cd5cea67d69de395751505053642326575af96b4da302e4bfefd6a239da4cff9a0eb7b2df03ac1ccd9e4ce641410ea2edf52e5,CLEAR,DAYLIGHT,DRY,FAILING TO YIELD RIGHT-OF-WAY,2.0,36.0,4.0,4.0
072e0384b9d3afeb9ca99e4fcb6218a6a72caa6420e78151008737061d0ab74beea859642d9098a28342895492f1a8fcff3ac5be9f78ba3fce3b97a06bc5fcf1,RAIN,"DARKNESS, LIGHTED ROAD",WET,IMPROPER TURNING/NO SIGNAL,2.0,63.0,2.0,2.0
072e444ef64a73c803b06ef439eb269b47b74cfc056f5890ec55e078dc8be834423cbf14ad4130cf88d022d9f083b3213b40d90a4dd85025227e560dcb1b76d8,CLEAR,DAYLIGHT,DRY,IMPROPER LANE USAGE,2.0,54.0,2.0,2.0
072e544e056c686a1946daee302f0e565c56d34f6220181041bd18533e6619f12904e4f9f66b15cd230f595d3ca2d4526eb52206115a51e9e19a79fcf3c0edcc,CLEAR,DAYLIGHT,DRY,DISREGARDING TRAFFIC SIGNALS,2.0,23.0,2.0,2.0
072e55fe89eddd3b5785208bde05354712df57eea5bf9a5525f36e016f777aa3c7ccdef91fb63a0a8e697f86dd3496fa38ccaf41f1f13fd7660f9151273c7a2f,CLEAR,DAYLIGHT,DRY,FAILING TO YIELD RIGHT-OF-WAY,2.0,31.5,2.0,2.0
072e566e1a68078fb07d1bd9106492fd09da1ef23eac4690303f985ed880248cfea8dddb8d909e605b17fed5848b6e0228546235dcdbdcabf167fc9606cf29f5,CLEAR,"DARKNESS, LIGHTED ROAD",DRY,IMPROPER TURNING/NO SIGNAL,2.0,33.0,2.0,2.0
072e6b8fce43787a7217663fe59f431377e5e1608de7e32f5c62bac50891742c8a4d22cef58cbac6abd634027b63ff846dd75e569be4c34a6494f2b05fcd58ce,RAIN,"DARKNESS, LIGHTED ROAD",WET,WEATHER,1.0,50.0,1.0,1.0
072e70a32392e7a2224672c2e338c077098710de0b3ff6965225dcad56984b12e648795fd31c5cbdb205120d6f07de5cc3f47f13ec6396f86da22e8683bd3852,CLEAR,"DARKNESS, LIGHTED ROAD",DRY,FOLLOWING TOO CLOSELY,2.0,60.0,3.0,3.0
072ea350457032842b21a214501cf1b21f0562668e303007a2f0df17a6b800ee6ef2ce492269301a42b498077df232a30ea018474b39a800be14221232a63fea,CLEAR,DAYLIGHT,DRY,IMPROPER LANE USAGE,2.0,22.0,5.0,5.0
072edcfd73ad284e885ff88a28c7b0d72b385fc361e4b84cd6dc438ba48b6554a5ba6488511ca8558bdbc9fdcb075c940b736684cf0b4163941393a3cc3e533b,CLEAR,DAYLIGHT,DRY,IMPROPER TURNING/NO SIGNAL,2.0,26.0,2.0,2.0
072ef182b62d05db612a149160e3a6cd700ec8e236b48665f97736433366642fc5b127757c4aec305c3b5b928ea44414077fae2fd63de2bc35824d4630395c6f,CLEAR,DAYLIGHT,DRY,FAILING TO REDUCE SPEED TO AVOID CRASH,2.0,50.5,2.0,2.0
072f02a527bb9ce4cfd3cce2bdb3519d7ca617c0805112896e2903661a831c2b6ad3058b487bc02a872207672d198b7d0ff5741f78f8ec661f1941fc00a5f30a,CLEAR,DUSK,DRY,IMPROPER OVERTAKING/PASSING,2.0,28.5,2.0,2.0
072f2a2f5e9d455c85ede56ac7f2e1faa569f97cbfe6cc394f829a77cdc3d33a3f62fabf8c66030b669a216681652f48c10275fc9ad53b95549afdd9eea0c3dd,UNKNOWN,UNKNOWN,UNKNOWN,IMPROPER LANE USAGE,2.0,37.5,1.0,1.0
072f660efe292f1a2d435d2bb65e42090838f1ee71daa749addc1ff95204a14598e55b69660c7868cc9e5ba18fbac5bc30b16036aef5de99303f84cecb563f3c,CLEAR,"DARKNESS, LIGHTED ROAD",DRY,FOLLOWING TOO CLOSELY,2.0,63.5,2.0,2.0
072f718e0577fabaa28d7421090dc1dfc03fd47e2cc8a0f0b18c7e8b2c901b8306cbdab7be42cc7fe3b4b32121e4456abb5699d86bc5f1042abc4e80298d78b7,CLEAR,"DARKNESS, LIGHTED ROAD",DRY,FAILING TO YIELD RIGHT-OF-WAY,2.0,28.833333333333332,6.0,6.0
072f737fd46330def27c20e8cf3ae72a7111bed104b90a8a5f0e3bac6e56eff15fd4d19c9037cbe5266c4a9c246fd87af73bcc53ea2911b1e590dd6ceddd8bb3,CLEAR,DAYLIGHT,DRY,FAILING TO YIELD RIGHT-OF-WAY,2.0,26.0,2.0,2.0
072fb2de5f4c0895ad962d1101aa7f03ce7413756cccd87ff63c514ef730ca370328a72f69e1584688de2c13204b7df8e0bba77d1031bafbfad66b3c6170958d,CLEAR,DAYLIGHT,DRY,FOLLOWING TOO CLOSELY,2.0,44.0,2.0,2.0
072fc3d983b0fc1210bcb8a96f545f5193a144555adfe14927c8ac31a584fca6ae09fa829dac22dc16eeae6cba190d4cbb4381a69d8b943bbfdd9a2779a6e426,CLEAR,DAYLIGHT,DRY,FAILING TO YIELD RIGHT-OF-WAY,2.0,37.5,2.0,2.0
072fcf08f519d33ef0873e57882b62d0fd9d3b782891de777b116c226592735ad8df02f7be1734504156f29af37ac3694ff24408daf4e7a8e7b57fe3429c87cc,CLEAR,DAYLIGHT,DRY,FAILING TO YIELD RIGHT-OF-WAY,2.0,24.0,2.0,2.0
072fd1b4313028089c4320a57b649019f04760a87c02d910dd21fbd5cafdfc3efb3adffb3c5daef017423f292558b8ce862342ca3723745c8736d999775560ad,CLEAR,DAYLIGHT,DRY,FOLLOWING TOO CLOSELY,2.0,45.5,3.0,3.0
072fedbc533533c0d97664e6758eb776499e66d1839f313a1a598f1e4121b98d87faa04fe6d0bd9fc675c0bcc3a7ee8ad675aea5909dc65efa2344a8edc783d3,CLEAR,"DARKNESS, LIGHTED ROAD",DRY,FOLLOWING TOO CLOSELY,2.0,49.5,2.0,2.0
072ff87a821cc00f7104b262826f75de8d4533f32b70980389d53a2a9cd537295f81e1ff84ff83e5ed5b6ab78585c217ec6c8dc977f163206ad5c7ad7ac2da49,CLEAR,DAYLIGHT,DRY,FOLLOWING TOO CLOSELY,2.0,58.5,2.0,2.0
073014c9de3007ca5827dc55d097c45ce9a4d31cf04ce69855b59606b4224b2b0262a91673243e21da04f56beba10f22a1d3bcb3ed5087b374fb3125df6586f4,CLEAR,DAYLIGHT,DRY,FAILING TO YIELD RIGHT-OF-WAY,2.0,35.5,2.0,2.0
07301c78b2e661d2de5bef91ac1f5117a399f280e130ff8e22505d76191a11011d6cfdf5740cbdc8edf994455b01d212aa2b52f52dc5416154589b7b62235fe8,CLEAR,DAYLIGHT,DRY,FAILING TO YIELD RIGHT-OF-WAY,2.0,43.333333333333336,4.0,4.0
07301eede28a408ea3d61a4081830e80b4033009a6617529b729719fdc16ccc3cc97f2c99fb1c65b8451de0caf8d0ceaea1fb8bac1acda195c8d4102b628c4e9,CLEAR,DAYLIGHT,DRY,DRIVING SKILLS/KNOWLEDGE/EXPERIENCE,2.0,45.333333333333336,3.0,3.0
07302b85c0ac7c0109772780eed693084b9a0bb3fc591ecde322b16020e0fecf72fe9da4ffb81f3a39ed8e9ae9a6be40a5c22ee915f3f44d1f186782118b4a8f,CLEAR,DAYLIGHT,DRY,DRIVING SKILLS/KNOWLEDGE/EXPERIENCE,2.0,60.0,3.0,3.0
07306b22d7805d3b4b64793bd714110d073beaf1bb9102f2bf13d30858adfd141d3ab18f0f59db6773b21bd9e7dce29547d55c9416b4b7a9c45d8920902cfcfb,CLEAR,"DARKNESS, LIGHTED ROAD",DRY,FAILING TO YIELD RIGHT-OF-WAY,2.0,24.0,2.0,2.0
0730734e3fae61a6527573675704f6f228c09ef7ce0bb137b13fcf2bba0bd967e08526f20e1fc9ee31d851b8b013c908bda5907478cd9ebf15927861ef619453,UNKNOWN,UNKNOWN,UNKNOWN,DRIVING SKILLS/KNOWLEDGE/EXPERIENCE,2.0,33.0,2.0,2.0
073084d280141a7cce8755a7bc7b3f3ef00d1f4db5e63d8510bab2d16e41f1244d793c46a10ab232695452bc7638b53e8ae140160019c1cfc065ee074f5f6d83,CLEAR,DAYLIGHT,DRY,FOLLOWING TOO CLOSELY,2.0,25.5,2.0,2.0
0730a81bfbaad200b6bc911f1f9ade2b261c9fc92a174f34e93d2d44e4fd649b93869229ce7b524813e9be0ada7f5b02a11ed433569ee10d6a046287bf1608bf,RAIN,DAYLIGHT,DRY,IMPROPER TURNING/NO SIGNAL,2.0,44.0,3.0,3.0
0730c53acdf603b38d5bf8bd3f32ce2d0fa708f80b23819316152e57aeb7983d24eae98c4ef51af76f4e5a7f8eba31a9a0562be04978527a62e524ba9ad899b2,CLEAR,DAYLIGHT,UNKNOWN,IMPROPER OVERTAKING/PASSING,2.0,44.0,2.0,2.0
0730d1aee18ae91d9d96f6c2ee93e529286d6a55b9946ffc9e97c772e5be4b4ce4afb703671ea7efeb35bb833d1cab85680399089a698f2cc7c7368562eefdb7,CLEAR,DAYLIGHT,DRY,FAILING TO REDUCE SPEED TO AVOID CRASH,2.0,22.333333333333332,3.0,3.0
073112e5f32f12196e35e9ddf9238691f593fc73369badf8e68fc2edee10dddf5ba0f12614a8f8cf677febf983e392720b23b048683822360fd0052069b777dc,CLEAR,DAYLIGHT,DRY,IMPROPER LANE USAGE,2.0,20.0,2.0,2.0
073112ed4ace4311d17bc4ff4de6922a16ab408dabc225e2720fa6c0e0a1dc03d396e4b250cb2629075598034a4f80ceb3a5239aec8a4e34d30b2c2fe15a116b,CLEAR,DAYLIGHT,DRY,FOLLOWING TOO CLOSELY,2.0,47.5,2.0,2.0
07318812bbff02036028f4d5af92281aab4713edd766c553767326fe52b8d09e21b406c593d978b89383c342ef96faaf87ac4d89484bbb69d9753d81a48590ef,CLEAR,DAWN,DRY,PHYSICAL CONDITION OF DRIVER,1.0,73.0,1.0,1.0
07318e2118e1bfe77d2102a2641d45eced54faea88b21796f4fbc0a34e0743f0e7dee6648c251e95e2806ddfeaf2a67d6386a52095d6d2ca0dab316b8f68e3f9,CLEAR,"DARKNESS, LIGHTED ROAD",UNKNOWN,DISTRACTION - FROM INSIDE VEHICLE,2.0,41.0,3.0,3.0
07319994d4871d2ed3b6ea1b4ba583726925dc19694454f0487b03599089df1807f57b3061f6ba319e7df005f0c44366ebcc2f42a2192bfb613609ba6335977e,CLEAR,DUSK,DRY,FOLLOWING TOO CLOSELY,2.0,38.0,2.0,2.0
0731aa0f4fc682092dc7862ac8686eb244c80e3796a94a9fe53ca96d6a0fe509a6464f250e1313d1fe29d34ab0c7fbf426c4f5fb63fc3fda6f99e4b0ba916197,CLEAR,DAYLIGHT,DRY,IMPROPER OVERTAKING/PASSING,2.0,55.0,2.0,2.0
07320593af7b925fab9f901b64f3d685b962e57da65433a16c8f83c8ca711e6914b6129de3e7c83cd714f27cf5e47c013151d5ed55a73dccfbb8c41734f1e197,CLEAR,DAYLIGHT,DRY,DISREGARDING TRAFFIC SIGNALS,2.0,47.0,2.0,2.0
073219f62cf89f77ec250d9e6695579b99e6fdbfa1ee65a125e67458edb9b2dc66923fbd2b64355c33864bb6ba951c5756c7cb5835348a428eba107b72f08fad,CLEAR,DAYLIGHT,DRY,IMPROPER OVERTAKING/PASSING,2.0,45.5,2.0,2.0
0732476c2eec5a2ca63a92a8858d60cc43b86d7e3cf200072f4b3af95cb830c4866e531dc2a2e06520d98ee7456b172cca490b48f8b538054e043d2aab0f928a,CLEAR,DAYLIGHT,DRY,IMPROPER TURNING/NO SIGNAL,2.0,40.333333333333336,3.0,3.0
07325064410f294e76de231f12af7c4a46b3af97411106791ad8247c54bb3ab887558f33c914afb28c2e2cb583cdfcb905a90b2ffbe1086f0fd9954c292c7ba6,CLEAR,DAYLIGHT,DRY,FOLLOWING TOO CLOSELY,2.0,35.25,4.0,4.0
0732718ce0d6e90e56dfe8aabea6ec1f04637ceef031d1d27b23cf7098c1900f2f69d16f087449af5456bf83e9b6748b4db46779d9b1b6ffaf802a7664483da9,CLEAR,DAYLIGHT,DRY,IMPROPER OVERTAKING/PASSING,2.0,55.0,2.0,2.0
073278a2282565491f20ab2130d6bf010e5795e8301d80abcf5675233e25c5613fa7c73006bb63e9b8953bc85eec6c30c1ed2352915d4cf31b151338fbd143c9,CLEAR,DAYLIGHT,DRY,DISREGARDING TRAFFIC SIGNALS,3.0,48.333333333333336,3.0,3.0
07328fb0f29021acf429de7a29583a8751c10522e40a42b5f71d12c651e6de11d14a4980dde50ced7dd71804cf093803db29b80c8bf3ab4c9c0aa02dac18db01,CLEAR,DAYLIGHT,DRY,IMPROPER BACKING,2.0,74.0,1.0,1.0
07329969d41499bc0fbbcdbb98b84fae8ee92ab8dff30c00ef361a32da9b8c589518a4facce2a966035f64ae66833a9463b4c36cb11f63600c25390cdfd48172,CLEAR,DAYLIGHT,DRY,FAILING TO REDUCE SPEED TO AVOID CRASH,4.0,46.5,4.0,4.0
0732a2d237fb2dd7ede7474b9e9355495fceb21df97154108fdcc15e6433d3c2655e649489e7e27c0a6ad39a282e140d9721d1d4edec5b5eab1bf3ad24cc9a2d,CLEAR,DAYLIGHT,DRY,FAILING TO REDUCE SPEED TO AVOID CRASH,2.0,46.0,2.0,2.0
0732aa95eedff48664d02ee0e525a0e1cadd0bd8b1dd2873e50b5bb407914b667d6adefff7ef7b454c8193e01336c3cd8f5209b16541add09deed56b4765ddaf,RAIN,DARKNESS,SNOW OR SLUSH,FAILING TO YIELD RIGHT-OF-WAY,2.0,34.666666666666664,3.0,3.0
0732b6ac8ca361c6a544270e83f54f93c0f2283b9e8c86f301731b7e8626d4bc429b98219a78a98f3b64c5166183601b1b9cffe0bd81a936a4959c6ae3af0bcb,CLEAR,DAYLIGHT,DRY,IMPROPER BACKING,2.0,42.0,3.0,3.0
0732bfbc963d6c2c99c8973cff90d182b8bb77a9ad2d0ea6e6a7e0f802242395435d0a5c441c03bc3b1fe4056ad6fa9dfc44265f6697768b54e9b1eb9a2ef4f5,RAIN,DARKNESS,WET,IMPROPER TURNING/NO SIGNAL,1.0,52.5,2.0,2.0
0732ca892178f42a5a2d2a230b6d257e3dc7ddc7bd3304c9a626c36b0ceaae17444a0760172fd54e99ffa1523715e66911380ceb5d8a0eb0fea8044b29706b3c,CLEAR,DAYLIGHT,DRY,FOLLOWING TOO CLOSELY,2.0,61.0,4.0,4.0
0732e831ecd0ef7b7f1d57b71ed28e08d8874407a683fe6b7514d67f4c89ea3b0e63211fe271445b0a0ebcc4040e97c63864c9b42531be381362c9d6fa135cc7,CLEAR,"DARKNESS, LIGHTED ROAD",DRY,DRIVING SKILLS/KNOWLEDGE/EXPERIENCE,3.0,32.5,2.0,2.0
0732e8bdabcc1e59d51061e91050d1a0a44cdeaa9b46fb47fbfed3e63b02916973e544e3649223f5d2461627d830a969a0ecf02c379bfdafed043c534910739a,RAIN,DAYLIGHT,WET,WEATHER,2.0,30.666666666666668,3.0,3.0
0732f4d92984276a465ca0aa4f172fd4c6f697e1e511cd1c8c4cb27ab92c934389b119feb50e1020d8798af0c45472be3ed955538095a71e969d7a4b530af5d2,CLEAR,DAYLIGHT,DRY,IMPROPER TURNING/NO SIGNAL,2.0,68.0,2.0,2.0
0732f988ac80e1d1502fd0cd281197fcabbe2245481850849765ea246cf41fe3e73f50c616f5ff9a6a251f2c8170b39d803aa993772cc2e6a8037c6b43ba60b4,CLEAR,DAYLIGHT,DRY,FAILING TO YIELD RIGHT-OF-WAY,2.0,67.0,2.0,2.0
07331cf8e83d116a52d27437f7fc32413bc9ff6b7e2e063972cd5f7308dfaec0d46beccd578e75468f4c53fa2d06b65baa09428ce19cb64d58bfe224d6bff5a3,CLEAR,DAYLIGHT,DRY,FOLLOWING TOO CLOSELY,2.0,31.5,2.0,2.0
07332b50453e51e03626c5cc671bb071a378326243ac4577b604b513a28027eada8f276637fcacd051aaddff3959999f5f6f3634f83ed724a45f91df10b7f799,CLEAR,DAYLIGHT,SNOW OR SLUSH,FAILING TO REDUCE SPEED TO AVOID CRASH,3.0,30.0,2.0,2.0
07338833ca5a048efec311ac60615cd4f63bdb0ff4ac553d2f20686c2d4544f25055b29fd758a3f9176d109c1d46300d53b83213fd0849bcaf2576690bb7b7f7,SNOW,UNKNOWN,ICE,WEATHER,2.0,37.5,1.0,1.0
0733ba20752c6f4f0137147256f2d14c8c79b1070bd9b5985f9529dc66f6d8993c49e9015be72a3936767f54c48f67386441531e6f3b7d50453636f0218ec4e8,CLEAR,"DARKNESS, LIGHTED ROAD",DRY,FAILING TO REDUCE SPEED TO AVOID CRASH,2.0,44.5,2.0,2.0
0733d0b9272ab3cf155b5538f0683f65be8429be881b615734c13ba41634dd021698ec87b2e4dbad79e2c5a50dbc59e0379b1e88fcf0e242eece3b8d9fe513f8,CLEAR,DAYLIGHT,DRY,DISREGARDING STOP SIGN,1.0,26.0,2.0,2.0
073413197e826c7c0a656cfd0cc7ff8ca7726487c43406b3e23ed187187ec02d37648d05dc175eb8752ee7c0d25666e524ec7ffc75159eaa68f0d60cf7089fcd,CLEAR,"DARKNESS, LIGHTED ROAD",DRY,FAILING TO YIELD RIGHT-OF-WAY,3.0,29.5,5.0,5.0
07348752aefebe766de43eb9b4b0042b0a0265ca9e0d399be6b4c7f34790ca8a9a64e767e8ed8d397001307a13c4ff39286234c1a9606bf1488f94601545bf73,CLEAR,"DARKNESS, LIGHTED ROAD",DRY,PHYSICAL CONDITION OF DRIVER,1.0,25.5,2.0,2.0
0734a7f6e73ad74807f27cc8ec24e85ca260d7fee90f01274955b42b997db0281f43e49603d00440137f75f3aed8053647d56c920d24ae33f4511db6e49fa07e,CLEAR,DAYLIGHT,DRY,FAILING TO YIELD RIGHT-OF-WAY,2.0,46.333333333333336,3.0,3.0
0734f0187bec01262873f1e3d68d88a19adacba185edf69d36b8c2cbed2a631df3996a09e177256e402af9fc0e5d9f612fc3e4bfb043961ac8bb6b8805f38139,CLEAR,DAYLIGHT,WET,FOLLOWING TOO CLOSELY,2.0,36.0,3.0,3.0
0734fac8e33bd2306e035d46facaa3aae5de04e29b97f0faea8f203d8fab255ce671cd130cedef7f21cefab23eab4f6f26c7d39942264b34ee10b4af09e794fd,CLEAR,DAYLIGHT,DRY,FOLLOWING TOO CLOSELY,2.0,46.0,2.0,2.0
07350e76a2db6b49eb12ba70c07eabd4c91d0f3fa80fccbb3f119457d3c29a6bf949b0db04dc057834af8163c50f77584afa6a4f8cfd6ec287a4af05b6c13d1d,CLEAR,DAYLIGHT,DRY,FOLLOWING TOO CLOSELY,2.0,49.0,3.0,3.0
07352fe593d4a76bd81733c65efafc1ff6e6c63cd3682d6b48883206ab0ec88cd9041016a801b854cbddd16ab534b7fc43b0e639d0267f7ef2856a01819db2fb,CLEAR,DAYLIGHT,DRY,FAILING TO YIELD RIGHT-OF-WAY,2.0,28.0,2.0,2.0
073567674137bf4299a39bd0039d422b679deae15731ca064f3d5a123331380a46d7b7264b389b011e40179ff5247c6233d499608a269f24ceaa07051bad41d8,RAIN,"DARKNESS, LIGHTED ROAD",WET,FAILING TO YIELD RIGHT-OF-WAY,2.0,35.25,4.0,4.0
0735730b24c21d6f4f7f071ee9f8088ae36c348f75e001e73d340bf13888b51f2356a2534a34b06c0fef2ddc1c16e1d1f5dc942666078d708ed4eb76643363a4,CLEAR,DAYLIGHT,DRY,FOLLOWING TOO CLOSELY,2.0,36.0,2.0,2.0
073591976015e27179b88d6863f64ff06f752fa41cad051929562df43fca5d9b9cffc18c31885da1031222081b90a504427dff768cdd8001581643ce5bc7a34e,CLEAR,"DARKNESS, LIGHTED ROAD",OTHER,IMPROPER TURNING/NO SIGNAL,2.0,36.0,3.0,3.0
0735df31362e16b33427ea59034b9d6d75adebf9f8cb62c0f04c1b5eeb72e9740eab8b88404f7b2365d531f3e137cc9be515a75e5dbb023739a99dfe7a56d077,CLOUDY/OVERCAST,DAYLIGHT,DRY,IMPROPER LANE USAGE,2.0,43.0,2.0,2.0
0735f9fc1603bc60aaac9c0bb649dec34f29d5b7329fc4f90fb694e5ef0afb6e894551f8a81b6ef335cbde41b677a5e16317cca05e3a6ccab1c7a6d117b5d936,CLEAR,DAYLIGHT,DRY,IMPROPER OVERTAKING/PASSING,2.0,15.5,3.0,3.0
0735fba0c6285ec8eca5052d8b1a7df74cb293a0659c67a57a6fded4a191bbbd665b47c94329786060c8a48ee67e2ae0f0a1362b690fae141aba51d579a70f36,CLEAR,DAYLIGHT,DRY,IMPROPER LANE USAGE,2.0,28.0,3.0,3.0
0736028d3ac45dc352acaa4ead9775daafc665c29f7b478790c343c603e711db85d7778c4544cf3cebafb504f313a3641c8b59a74c38d455c46e52725a4b0d6a,CLEAR,DAYLIGHT,DRY,DISREGARDING STOP SIGN,2.0,21.333333333333332,4.0,4.0
07366148227cd7a25a79b23b12aa2ea782b17cb7833e84032425f14f698ca283b7aeef7d80b1bd0345ccd63239629c9a48df7393fef965f741d81f351f2cc3bf,CLEAR,"DARKNESS, LIGHTED ROAD",DRY,DISREGARDING STOP SIGN,2.0,40.333333333333336,3.0,3.0
07369e20377766f71077ea9422b3b9d068e65ae278626a32da99e7260641f5c34db2f3b808b5588c322be2ffe7652d1ef7af81294463f42fe227b0fe45cf6ea3,CLEAR,DUSK,DRY,DRIVING SKILLS/KNOWLEDGE/EXPERIENCE,2.0,51.0,2.0,2.0
0736f8c4e52d6bb93d986bf350df66753bca9edf26ff5a99e22afb6e894dc1d24c8dafa076bd91e61094d2553a31bbb62f7f520d2cbff35aca54b954cab3ad12,CLEAR,DAYLIGHT,DRY,EXCEEDING AUTHORIZED SPEED LIMIT,2.0,22.0,2.0,2.0
0737045b566843e7de38940e841e05d816fea37dabb66df79ea0711f0f44d4ed2136fde8ab4c7b14db650e3063158e611a050f35fa52e5014c59be65929e4062,RAIN,DAYLIGHT,WET,IMPROPER OVERTAKING/PASSING,2.0,59.0,3.0,3.0
0737402bced1bc7a342f21784e6d834323b4d364dacb9124f106c4dd105d5a5126b06f7f03756d20e62e74bc48806c56cf6758fdfd8b7844b6be2bed23a51a4b,CLEAR,DAYLIGHT,DRY,IMPROPER BACKING,2.0,56.0,2.0,2.0
0737454e3dd6b13b6aa6c4f3bc74e59efae8a3a721dff7255edc74a387c16a7f3a477561b4aba73a38d7ff6f23f6e3f48c4c51c8f03f425df5c07222ee2a7c46,CLEAR,"DARKNESS, LIGHTED ROAD",DRY,FAILING TO REDUCE SPEED TO AVOID CRASH,2.0,32.0,2.0,2.0
07375846d8e43ad2a7fb67a8ac7df61b2fc628908ce93c2a9da4432c9a197d88ef25b49194ee4cd5f987d13baa4d54aadc681e5bef4f0a3973e00b85b391aa68,RAIN,DAYLIGHT,WET,IMPROPER BACKING,2.0,61.666666666666664,3.0,3.0
073779fb29d1f081658bcb10009edbf2454db327af9213dc88d2d5ca0fc8020a5260557f650422c76ca5c29a6be20d5dc1468cdae1dd5416d1af0daf35926b95,CLEAR,DAYLIGHT,DRY,IMPROPER TURNING/NO SIGNAL,2.0,33.5,3.0,3.0
07377f2425e82f164c254741ea4e0b6771fee51aa24a38a72a33f241dd7812d8c946e941dd2d860c02b0f50c82c495fb55f7dd3d764b70385e587537fa129492,CLEAR,DAYLIGHT,DRY,FAILING TO YIELD RIGHT-OF-WAY,2.0,61.5,2.0,2.0
073780a9f5d6f627cb80990f909427cb59439244ad67ae2dcf6c4e26926c7f92fbccf37abaabd89e3973318c2097210d225d8403a25fde131cb083dab9d3e903,CLEAR,DAYLIGHT,DRY,FOLLOWING TOO CLOSELY,2.0,26.0,2.0,2.0
0737aba48680fb1fbd0d0bd38378cbbd1ec4f64506ff303ea3e3d69b154057011e16dcf0bb0074775f9f659efbb345afbb03c8a648c4a38c521870dc1adf3510,CLEAR,DAYLIGHT,DRY,DRIVING SKILLS/KNOWLEDGE/EXPERIENCE,2.0,53.0,2.0,2.0
0737ef32bc5b9c10efd0b981dd62ab1f5b1750319e6e330c589decb86dd2602d9b9544250b7630c2bc80c4fb8894ebe760d97b5f5c7ecd70548c0c1754546703,CLEAR,DAYLIGHT,WET,FOLLOWING TOO CLOSELY,2.0,51.0,2.0,2.0
0737ff4d67ca4a90e3aaaa34f11848372b7a4790816e1b5fe476f0b759f41b3644e169c6ba990deb3804767585e5033f16b05f6c8bf4afdbe8ac9788eb53fff6,CLEAR,DAYLIGHT,DRY,DISREGARDING TRAFFIC SIGNALS,2.0,34.0,4.0,4.0
07380267a5e82475611be8f0424a5c568a83c1473e43467ddbaba6fb8b2fa71b2f2dfa893ddcb1c9960c8be0fe830c6248b4b381aa4b7e7101c49ae3fa3375e3,CLEAR,DAYLIGHT,DRY,IMPROPER LANE USAGE,2.0,42.5,4.0,4.0
07380b5bb86f1aff6053d4a1152a621a63f0f85f737428e4af5d7a4da72b6038aca91f0146c7e06d991285ac0b65b1d9550999cc2060c67794942e9c373f61e1,CLEAR,DAYLIGHT,UNKNOWN,FOLLOWING TOO CLOSELY,2.0,29.0,5.0,5.0