crash_record_id,weather_condition,lighting_condition,roadway_surface_cond,prim_contributory_cause,total_vehicles,avg_driver_age,total_people,total_injured
0738215b23e661c3de442f4b5b8f9c82af3d4c8dca8376ca798eb57f6ccb209c2d63daf00a4d1f648dca40fbcdb69142c38d033c2012c97c3db6533870077555,CLEAR,DARKNESS,DRY,ANIMAL,1.0,25.0,7.0,7.0
07382ce892ca8e2f4e62d08924dcbdbe702cbc9d1fb7e73ba52aa0e95664a3970e0d62b0118a4afd6d096d8df46cba8537a2255ee52d23091eb1d8e151ea12b2,CLEAR,DAYLIGHT,UNKNOWN,IMPROPER BACKING,2.0,31.0,2.0,2.0
07387bbf7f17422091071792d1519797fe6def3ca72e6fe60967b2ee9f7eefec860f0a094b71b259f441d422de7ed0a7acb4b4187616dce7594cf222adc4f97c,CLEAR,"DARKNESS, LIGHTED ROAD",DRY,IMPROPER TURNING/NO SIGNAL,2.0,23.0,4.0,4.0
073883102523aeec3b70ccf235ff83a5b63d1dbbf2cddd3a78f9ef1c2b3ae7d872d170bc911f1ab72be74b4bf8ded5e98d3b3147f7c306ff2bd8d4d4c6e23156,CLEAR,DAYLIGHT,WET,FAILING TO YIELD RIGHT-OF-WAY,2.0,23.0,2.0,2.0
0738a90d2c21ba08cfcf668b42aafba7f2ee558852be870bce79ba05c15a8e2a279eb2b05b6de2bac03bd783b9e181691e1887d6e1aa9d76571f0af63a01bcc9,CLEAR,DAYLIGHT,DRY,IMPROPER BACKING,2.0,52.5,2.0,2.0
0738be8e65d367796eba1f07f51e6a8cc068dc9191c2eac1bbef5134b2161f7fe4c60e91b6f37c4ff614afddcdd3f0c184df82de317d75fd09fda548ce9dfe1f,CLEAR,DAYLIGHT,DRY,IMPROPER BACKING,2.0,44.0,2.0,2.0
0738cbe56832c54dfc052ae15fe02308ae871fcb2ccb659a1cbe6a740798e64cd50c592b2a3286f938889130f1059eef99da296b8a0620e880e3e1d54b98d919,CLOUDY/OVERCAST,DARKNESS,WET,DISREGARDING TRAFFIC SIGNALS,2.0,20.0,2.0,2.0
0738d8009f380b991138852144c26b117ebda855672dca866cb3f110219afed27aebb632d0e21563b58b9b38a2dce7e3cd689d0e1a17ae982cf7de769e164cf2,CLEAR,DAYLIGHT,DRY,FOLLOWING TOO CLOSELY,2.0,25.0,2.0,2.0
0738de5aaf66e721c1ee712ad3f8808f1fab3eb0f2481f7c59a6c01b8d5c219f2086615baf93a6f830010784b80d480ed559813d178d732fe6c8a33ec70622ef,SNOW,"DARKNESS, LIGHTED ROAD",WET,FAILING TO YIELD RIGHT-OF-WAY,2.0,52.0,2.0,2.0
0738fb934e12706532c7ec818f2f2638214e762b15a9b50b0354be7502d2a138b13a7361932785664b096b3c6a35da504e770fa92859456065a49f7501856980,CLEAR,DARKNESS,DRY,FAILING TO YIELD RIGHT-OF-WAY,2.0,31.666666666666668,3.0,3.0
07390b846ee166f1bab3745e7e461440058ea74f7fc4c5a0e9a9f0b061feb3fba69b7b82c7a61ab4169fda3c17c8a84fc946d73a92d93730d32df4962068659d,CLEAR,"DARKNESS, LIGHTED ROAD",DRY,FOLLOWING TOO CLOSELY,2.0,25.0,5.0,5.0
0739164de9bf870a78686edc9723b02910c52994bd0729f6fc10e2f3bffd7f00f68b3a32eed1d953470da8f0b9aab1cdc6f073893dcd38a7b17baf4cf4c12512,CLEAR,DAYLIGHT,DRY,FAILING TO YIELD RIGHT-OF-WAY,2.0,23.5,2.0,2.0
073958586eaba2ea82452b74291569265bc36362335d2173c0c4a22b7540d3884bf3c8f0f4be5ff1add8c07eb9e75544aec722b50e49ef9d73e8e5172d69a21e,CLEAR,DUSK,DRY,FAILING TO YIELD RIGHT-OF-WAY,2.0,33.0,2.0,2.0
07396ffdb426fee6b3b47cb6966705c8b65cb1336b6d17a03991f0f423a4933c1a8b35e5db024d6f30981a2b84a5cde0cbebb3b593f5d71a3b05fca7f4bbe352,CLEAR,DAYLIGHT,DRY,IMPROPER OVERTAKING/PASSING,2.0,22.0,2.0,2.0
07398b090e864a1cc4540995c67927f6f9c932930bcd7a555c7dbff7a007a8a9893665c9ccfad89aca56648637b45c3ac1da3de8f71af69d117fe01619c67fa1,RAIN,"DARKNESS, LIGHTED ROAD",WET,FAILING TO REDUCE SPEED TO AVOID CRASH,2.0,22.0,2.0,2.0
0739931759729c113d9c46b7d4b2b418e5a1d0085e934a65e59dc9139408599d4383884e4ebfd6cb576bdfbcbb7f569d3f8d4292cb5c8cf4fa2066f3db898a57,CLEAR,DAYLIGHT,DRY,IMPROPER OVERTAKING/PASSING,2.0,28.5,2.0,2.0
0739dc07b04b988ffc25c414148b95d1611f52dafb27422377ba93400c3f7695b746ef9e0372b8bdbff9bb5276f0c4f7885646d339da318ddf93aac3ad22e6cc,CLEAR,DAYLIGHT,DRY,IMPROPER TURNING/NO SIGNAL,2.0,16.0,1.0,1.0
073a00ae8d18d9020a1606fdf4813c84d06feffbf23a04f0f2df6d14dbf6b6d3bed3b1fdc6e90a05ad6dc1ed6f9bd98e68ffde7a6cd2a4365080d930401ddc0b,RAIN,DAYLIGHT,WET,IMPROPER TURNING/NO SIGNAL,2.0,57.0,2.0,2.0
073a5c774f5ebd8761c9612cbc06357926a01bce95dd27dc0e8d153bc9724397738a72eefd9971d442d3133b00cb2544ebe02e0cd4861891f5a21d06e2277c40,CLEAR,DAYLIGHT,DRY,FAILING TO YIELD RIGHT-OF-WAY,2.0,49.0,2.0,2.0
073aaef8378e6c4db7e9c3d89cc37af0eca7efc19657d7351e16fc44dc2cb3ad698a5c30ad425d6f8f024e1ac2d6463f9f6750df8296a8de24ae31aae6ee94f6,CLEAR,DAYLIGHT,DRY,FAILING TO YIELD RIGHT-OF-WAY,2.0,44.0,2.0,2.0
073abe8668880293efdb609fcf9eb90821eee23e93d49b5f21a3b2b81e9689fc0d08c4ff3515bdf26b7eaa6aac1a7f6ba6d90c91690aea0bf8d3d5c095a35241,CLEAR,DAYLIGHT,DRY,FOLLOWING TOO CLOSELY,2.0,45.5,2.0,2.0
073ac6cec49e463f60bd95de16d211faab0ac9eff208d456e4883abb2c80863e88d1eb3080088adb179eedc556f9b55c942bd2e82a17f9f649036095232a2a3a,CLEAR,DAYLIGHT,DRY,DISREGARDING STOP SIGN,2.0,38.0,2.0,2.0
073ad1c7f2685d7b53fa2094264134ce38828241dd40615a64215282c9261e7a5e4c2be13d00df0a813b0ee9b055f62082879e14d4895277b28ed81dd1fdc985,RAIN,"DARKNESS, LIGHTED ROAD",WET,DISREGARDING TRAFFIC SIGNALS,2.0,37.5,2.0,2.0
073ad3ad5c1674d2ecd38cb9001f076f784314321d85618c05dcb8acd7017a0c50a585f8cc1e654c130c2117839ce302a6b68b6eadb4b4790527096e716f43bc,CLEAR,DAYLIGHT,DRY,FAILING TO YIELD RIGHT-OF-WAY,2.0,44.666666666666664,3.0,3.0
073af06e3f0b52fa455f38e3bb0e1332f62f3f32af0f136311fa2a4d1cb4c75003c165989a87ccb606a091f03110d3f4a87c52a5fcacc559f9a9c82349ff4345,SNOW,DAYLIGHT,SNOW OR SLUSH,FAILING TO REDUCE SPEED TO AVOID CRASH,2.0,62.0,1.0,1.0
073b539e8f97298566f65082a94311ec3a431cf64568a6d9c8831fd15fa1f7298504b7fa9359ebc01a8ce7f4e9ee36d09272bb59c244a651f2294dd6e498b341,SNOW,"DARKNESS, LIGHTED ROAD",WET,IMPROPER OVERTAKING/PASSING,2.0,33.0,2.0,2.0
073b7e100de98e7fce577a89a21c0c619cf6433fcddc99d554273e35dcf0b5a9084d85e6a6afa3e28ecab5e1d65dbe2fd6a30db3e32a3788f15ebc98cfb05e1b,UNKNOWN,DAYLIGHT,UNKNOWN,IMPROPER BACKING,2.0,49.5,2.0,2.0
073b895f0c75f45508b589536109ce36ef01e1f0aba00ca7f5c93c78e3c2f15c8780fcb9a69886317c8d04aba3d26de6ac8bcb8d7dcd33e78ae1c0d20622b359,CLEAR,DAYLIGHT,DRY,IMPROPER BACKING,2.0,26.0,2.0,2.0
073b9804a6c8626d74a973e1e566d82bbfab2e09754531afab71c1a0ec5f21076a85a3abe72c20eb2d6c3b3c5b45c3927034db52d958275bc226d355f2d61c6e,RAIN,DAYLIGHT,WET,WEATHER,2.0,26.0,2.0,2.0
073ba0f2a26aa6d9259f1e93d4b4c32ac39fa508011df569235f0e880cf5f205fe9eed85cfcd1dc46bd75af0347be285fb3423ad4eaa6ce0465f7ba281591542,CLEAR,DAYLIGHT,DRY,IMPROPER OVERTAKING/PASSING,2.0,34.666666666666664,3.0,3.0
073bca7390b789e6376a204f43c9373d78f2734b2c25a979559c61d2ec2d75d10e5974e6df6c2c6449051be7e959a7b0095bcab4a4d84078edc80d586116ac18,CLEAR,DAYLIGHT,DRY,DISREGARDING TRAFFIC SIGNALS,2.0,19.5,6.0,6.0
073be00cfbdd23ebf5513f074f989f810e04bebc2d8c0e90b35b7a65ff9a0ea3fb868d94ff454ea48a7e5d81468f8c3499c7787ec2404fa4cae492625368a0bc,CLOUDY/OVERCAST,DAYLIGHT,WET,FOLLOWING TOO CLOSELY,2.0,28.0,2.0,2.0
073c273e39d681266d04fe63516b308295e4efdf51f118852b80711ed083dafc046e40a402616cddc92449167cbf8b95e26377a739aaa3c00e2e1f6c35de646e,CLEAR,"DARKNESS, LIGHTED ROAD",DRY,IMPROPER BACKING,2.0,37.0,6.0,6.0
073c9ed6a6abe62779cecf78dc686825e5ea01ca5c8c8048ca6d08f5e852be4eb5d00b7b07cd9dd3d0e71d9c323e407335c8c658ee219ca31017eb83ff8e8d01,RAIN,DAYLIGHT,WET,IMPROPER TURNING/NO SIGNAL,2.0,33.0,2.0,2.0
073cd70e87ac704b310a0779319e1a9ba843cf83002f2ba9b0a88f018fd8d5d90433416987b23e039f2cabdcdf329ba5b3a75f32b23dd32f33fc2560a972e1bc,CLEAR,DAYLIGHT,DRY,DISREGARDING STOP SIGN,2.0,46.0,2.0,2.0
073ce8f6fbbbb6954138e51656c01331efce0f43ac74783a9adcd437323287e2f37a5cc5bbbb39a5fd8b6df4b5d5f5c2e580e7cd7bfdfde6c26fbf7e39bc028d,CLEAR,DAYLIGHT,DRY,FOLLOWING TOO CLOSELY,2.0,37.5,2.0,2.0
073d167b14b93e6eb513e6bd970bc510ccd932fb40b183cd00c5ebba9060f7822b1777381916b7f6e78ef1ac1678ed9ad307b289188c89074285a33bfe298fff,CLEAR,DAYLIGHT,DRY,FAILING TO YIELD RIGHT-OF-WAY,2.0,34.333333333333336,4.0,4.0
073d3e4eed59ff4cd28507913006fd4cc1144cda420a306930bd796b55f2ae8a358b67ebcfa3d10dad93d3bfb01e9c07598a295e08f32b94b0e38e1f59b35c71,CLEAR,DAYLIGHT,DRY,FAILING TO YIELD RIGHT-OF-WAY,2.0,39.0,4.0,4.0
073d4ee72661000d59578bf792c2dac15d2bb1584e49c93274e036c55e7caf43a5ea829d24f570dcdc00316d90451aa69071939b64eac09ac1586c8788655689,CLEAR,"DARKNESS, LIGHTED ROAD",DRY,DRIVING SKILLS/KNOWLEDGE/EXPERIENCE,2.0,45.5,3.0,3.0
073d56eab67f676139788b8c603b54122038c9db600a31bf49eefd56cb6d7dd3b2329acbffa14fcc24280607f3bd541cfb6a9c08c276e28005cf9934a5aa8b33,CLEAR,DAYLIGHT,DRY,IMPROPER BACKING,2.0,52.5,2.0,2.0
073d63d99104834b49b73c1d6a8163dc20ea0e43b306459558e639e3d890209e3a8b38306d9d56758cffe35eecf26e7a13df7372ff4928ede6cdd188d098da13,CLEAR,DAYLIGHT,DRY,IMPROPER LANE USAGE,2.0,44.5,2.0,2.0
073d87dadcd3409fcc3de3037617980627dce7084b1bfa8ef676232658a142cedf8d6977ebae7a50d16028edaefc3490d990a32f9a9482513f637e63af6ad957,CLEAR,DAYLIGHT,DRY,IMPROPER LANE USAGE,2.0,33.0,1.0,1.0
073d88c6aa39d70ad68c6f7c82d01ab10367e3ce99d52888e28dfe3d92159ea3e34fd20d2551e602b740e4d8968e3fac1b05b90ad994dd213b6afa0daa531063,CLEAR,"DARKNESS, LIGHTED ROAD",DRY,"OPERATING VEHICLE IN ERRATIC, RECKLESS, CARELESS, NEGLIGENT OR AGGRESSIVE MANNER",2.0,48.0,2.0,2.0
073d9f9ed3c81abf90995af6b9c0200899a998a1ad91c0aa779bc0139d79f6604893d165c237aff00e7e97ff1520ade2a5d687329845d5bb6a2a38dff0c2afd9,CLEAR,"DARKNESS, LIGHTED ROAD",DRY,FAILING TO YIELD RIGHT-OF-WAY,2.0,31.666666666666668,3.0,3.0
073dcf4805d6dc03620be00930347367ea5aa51ace1ad52a5b9356ff5a06edcb6b6740ad741a68b574dc0ff743954ffe2b99b5f07bd12febe9c127511824aa02,CLEAR,DAYLIGHT,DRY,FAILING TO YIELD RIGHT-OF-WAY,2.0,35.0,2.0,2.0
073dd114a84c77f874dc3d6cff52aa3fc697e779d43a129d31afaf8c8f26ddd3221c2f3ca4f45db62c6c39afa2e1df6e7cfab9a6f3e63c901579688e25a6a960,CLEAR,DAYLIGHT,DRY,DISTRACTION - FROM INSIDE VEHICLE,2.0,63.5,2.0,2.0
073de2012062b377c93e4f3fc066eab670c0a942ac64ca98d4a4c4e93192aff005cb12b24863997829ebd8a684f0246f43a8b6f92c061f61bdf97e49fd791112,CLEAR,DAYLIGHT,WET,FAILING TO YIELD RIGHT-OF-WAY,2.0,32.0,2.0,2.0
073e04af1250b40decb219ab1dd3053acd3a8dd80c2c4ba947ae27f0ebf7afed4f577220f3950fe4b01c43e78b780004d7cd6b8375669143f4c9900103ff7d87,CLEAR,DAYLIGHT,DRY,FOLLOWING TOO CLOSELY,2.0,25.0,2.0,2.0
073e0cda15cc0a7225af1cb29d90ff958fd4a86aebb0da5201c5e3fb4fb2a1f1b04565df16fce1cc5f688bf3739dea4f18a8129731cb99cc2006561cb857df19,CLEAR,DAYLIGHT,DRY,IMPROPER LANE USAGE,2.0,28.0,2.0,2.0
073e1452dabb04a0f61cd463a1f6ce936a6bda03685f73844744654be6c57ff911bd623b74325214b04eced2f0fa64decee3b646ac9dc9d26a5388b0ef008f28,CLEAR,DAYLIGHT,DRY,DISTRACTION - FROM INSIDE VEHICLE,2.0,17.0,6.0,6.0
073e1716c95c3ad4b14c90cd660f194ef30a5b2c729b971c4b981e31160c4d26ba2379274f89c71336d29a5026b851c7ca59e33556409b0f0c91067a818e250f,CLEAR,DAYLIGHT,DRY,DRIVING SKILLS/KNOWLEDGE/EXPERIENCE,2.0,37.5,1.0,1.0
073e33157a4e5c8568783043ac1322ecdc4cef077d3f5d2f98f458f434ba4f79d2256bb2a705f6c2ad8f87121eca33872a6354d4cbf409b16cd9fa7e6f24be46,CLEAR,DARKNESS,DRY,IMPROPER BACKING,2.0,37.0,1.0,1.0
073e3f583d5a511f3da602d5b3b94bfaf63c9264d231fc9958ec1b1938f4381d60a64042b753c1a6087a2c0f63193ed97a376700f243f34c5e57cf12ec4f53c3,CLEAR,"DARKNESS, LIGHTED ROAD",DRY,"EVASIVE ACTION DUE TO ANIMAL, OBJECT, NONMOTORIST",2.0,31.0,1.0,1.0
073e42317bb921a7d05a2aabf1e9e92a48ad100a36388edfc59334a9c05ef3a430df2508b440aad71ddb6a9248efac4cbf964d84e865f1f1ffcb2782f737c9e6,CLEAR,"DARKNESS, LIGHTED ROAD",UNKNOWN,ANIMAL,2.0,38.0,1.0,1.0
073e47dfe1dad01e62173f5c8aa308e4129829f51dadeeb819316dbf37981ecd6a51cf6b3e9c3b1c4611e596e90c68c628f32ca92b390a54b86fc113d3b46bce,CLEAR,DAYLIGHT,DRY,IMPROPER TURNING/NO SIGNAL,2.0,47.0,2.0,2.0
073e4a236dfba2f590d299b119f5622af43709b6f29216115aa96a26a509027a1897b43984a4c38d346ab07bad8c3a43e862b861007930d04312da3f0d1e9946,CLEAR,DAYLIGHT,DRY,IMPROPER OVERTAKING/PASSING,2.0,34.0,2.0,2.0
073e6bf8e3782489df813272af965a8690f2adda0b15469efc0a09672caac9b98cc20e886f594f09fadc2eba6a5446de8ec053b1f0075ec85500d4148b495c9c,CLEAR,DAYLIGHT,DRY,FAILING TO YIELD RIGHT-OF-WAY,2.0,32.0,2.0,2.0
073ec2e22b987d123fa1c258cd516f4b04b023fd7e10d7ffade94a1f9aa3f62404e1683ffac6f42e0074763f79edda7f468b8882ad7a4120b494974572c2b69a,CLOUDY/OVERCAST,DAYLIGHT,DRY,IMPROPER BACKING,2.0,47.0,1.0,1.0
073ec6af46ae010637786041a8836bea1bfc98718c4c85ffe56d9e273696401f7daab3a9ba0cbeb64b8b23c4f64598dbf0699d98cf8fce2dd7674394806d0723,CLEAR,DAYLIGHT,DRY,IMPROPER TURNING/NO SIGNAL,2.0,33.0,2.0,2.0
073f70c037a561e278e058a8d83ece541fe814dc4d2bdc10e6330653d61f7c3e0150dd492647d602165cea263bbc70d32f7d56b62576d61097c60b29e66e2232,CLEAR,"DARKNESS, LIGHTED ROAD",DRY,FOLLOWING TOO CLOSELY,2.0,20.0,2.0,2.0
073f86f125fec4b5a125f99be8ba4f8f0b282ba485ffe46165abec43c3328393a4dde6a05c8827cc371a786e58eca029578c436539a6f70946c185fb7035021b,CLEAR,DAYLIGHT,DRY,FOLLOWING TOO CLOSELY,2.0,43.0,2.0,2.0
073fb8cbf9e63a812c12336f845e366c8f04cb0059fd7d0115a98b02191191130eb3b76029ce58ba1f99d6201fab4c3bb75a64dd9d7c4155aef7de78a09c6690,RAIN,"DARKNESS, LIGHTED ROAD",WET,FAILING TO YIELD RIGHT-OF-WAY,2.0,50.0,4.0,4.0
073fd054ce0b5892301d5830ace9d1d3a5850e64d7a5f79d989be78eb5ed6d0b626ad8114047be30dd12ae999482a85f49c4373ed3b771bdac5dca3d2f9fc5fd,CLEAR,DAYLIGHT,DRY,"VISION OBSCURED (SIGNS, TREE LIMBS, BUILDINGS, ETC.)",1.0,39.5,2.0,2.0
073ff9515fe681576b0a1f50b3967d09b424d0b29385b0837a7f66efc5d6194d99982890917c7a78b54ad018eb1fb2ca1501f64b1f74ddad9338b5d71157b8c3,CLEAR,DAYLIGHT,DRY,FOLLOWING TOO CLOSELY,2.0,59.5,3.0,3.0
07401c0c29e59fdc40decb3f913c940661b9726ed3c1b7c0292f88d1392b9cfe09f1ab4116b462c794375d815c2fa75ef1b27640eae81856d5a4db04b9cbea69,CLEAR,"DARKNESS, LIGHTED ROAD",WET,IMPROPER LANE USAGE,2.0,19.0,1.0,1.0
07402fcb02cf4d12315a3acecb05c4366cecb3c0dc3d5bb098465e572c7dc49425f22ea0fbe8e1bad9b16c1560fdb5faebd81d4cb2dd515b53f8af8b42ee3ca4,CLEAR,DAYLIGHT,DRY,IMPROPER TURNING/NO SIGNAL,2.0,49.333333333333336,3.0,3.0
0740dc76e7b371f0a275e061fca473267aa304426b5a3f2c76753983a1db9a22309896cd325df0a4421c99b538b3f787c4e5949fac93bb6a634039863458ff11,UNKNOWN,"DARKNESS, LIGHTED ROAD",UNKNOWN,FOLLOWING TOO CLOSELY,2.0,29.0,2.0,2.0
0740e2e68f23677818f0aa393e448c11bfcdc0c0d895dc7c511a7e7c945e6c9bde5e98595878ec5b625b9f1e6cda421c48431ee675ccff3cab235295fb630607,CLEAR,"DARKNESS, LIGHTED ROAD",DRY,FAILING TO YIELD RIGHT-OF-WAY,2.0,43.0,2.0,2.0
074106a9c437f4027646163fc8430a3f09f70cd34d4ca2c4679e47f71e814c53049f1ffd65ebe448ab8d03dd940514bf8bd0f481119ee0498c2eab7a079df0ee,CLEAR,DAYLIGHT,DRY,IMPROPER LANE USAGE,2.0,49.0,3.0,3.0
0741164f10dd5e73bebac9d0bd0f1e715e06a60ab51631c97e089289e047bb242cbdd0e64476b58d3b4efa9df5986784165f2e539797cb46e75eec113a1d9230,RAIN,DAYLIGHT,WET,IMPROPER LANE USAGE,2.0,20.0,2.0,2.0
074123caa6370bd0527cafa6fcc21100e870cd5486f39693b44fbbda5c603e3da0f76eddf2fb61126e26e01107c74f6406b5ddfd727441252cfc140f7b9d61bc,CLEAR,DAWN,DRY,FAILING TO REDUCE SPEED TO AVOID CRASH,1.0,33.0,1.0,1.0
07416c54ee19b47bea28644e3a02b8a5bd883b176cb97efba5bac66c4461116ca93302039334e868cfe999a0bafa238942d58e8fadca1d259623db6084963f8f,CLEAR,"DARKNESS, LIGHTED ROAD",DRY,FAILING TO YIELD RIGHT-OF-WAY,2.0,27.333333333333332,7.0,7.0
07417fabbe77050513b2bf2f5fc5ebcf84588a747dd24a7a4d1c06d1a3bf3d02bf67a027683b82b33f7a17d07c072d36b9670226c388187ecf59760bd003315c,CLEAR,DUSK,DRY,DISTRACTION - FROM OUTSIDE VEHICLE,1.0,35.666666666666664,6.0,6.0
07418b919974e54cd43ac90cbb35d7d54e7bda0eb36ed77b6cd8772c31414713b110e241fcf9840ff4fce7147d7c4e7965990c6f66af89943496e0b6f0e2942d,CLEAR,DAYLIGHT,DRY,FOLLOWING TOO CLOSELY,2.0,37.5,3.0,3.0
0741ccd2de0b06dfdb61e604cdb7bc715ddd2bbebcf85a82b1793939c581276309dafd83c1dd0fb8b4edd5d76bf9ba91d0719f2d476f6a9b7cf7fc54f4f29894,SNOW,DAYLIGHT,WET,FOLLOWING TOO CLOSELY,2.0,34.0,2.0,2.0
0741dcc6c00c1e3bd3c01013244285d985ff5a124350910b6a63e72c632f82ce2ab86d9754b1c8a9c9b2fbbbd651c2c0737309bf0f4c8e8ee4e832e8ed43b969,UNKNOWN,UNKNOWN,UNKNOWN,IMPROPER TURNING/NO SIGNAL,2.0,33.0,2.0,2.0
074211a33e163dd98bbf1809a9c7c75f7e30d84b2c74ebc1135ba963b8e4023c553e1d87be01e686a22b68bd5d26705d7f1d4bb98fedc4526dd52642dd6f941e,CLEAR,"DARKNESS, LIGHTED ROAD",DRY,IMPROPER TURNING/NO SIGNAL,2.0,48.0,2.0,2.0
07425a66dfa2104b5f778807d0cd0b64dc7ed4d38811b8a76614472420a3bcf8a60c861b3ad1b1aefa375d066b6e55eec6fe95bc4fa272d1750ac58e8bbba54c,CLEAR,DAYLIGHT,DRY,DRIVING SKILLS/KNOWLEDGE/EXPERIENCE,2.0,37.5,1.0,1.0
074272947428399d24966edea6b439c65a3efcaf86f2b172c05053c9c30ffd52be49d91bc670f6d08472e8712b2f462017d042fd5bdb1ff1d162c3153d7d1201,RAIN,DAYLIGHT,WET,IMPROPER OVERTAKING/PASSING,2.0,35.0,2.0,2.0
074274aad44c893c7becabfa7be3f16d361f4126e1cf6ae8c29992b1d425268b27788275da0300e98fa47e47a1158da1fd8a4eb864d12b2720d68b83160ddfae,RAIN,DAYLIGHT,WET,FAILING TO YIELD RIGHT-OF-WAY,1.0,63.0,2.0,2.0
07427a4f4d5139263b86aa167d2e8a02c1988be3853bf542088067e6ce8467702e16727593b6cee41b6ef1a6bf8500d506bf3d37dbdedebaa051fb290c721e78,CLEAR,DAYLIGHT,DRY,FAILING TO YIELD RIGHT-OF-WAY,2.0,40.0,2.0,2.0
07427ce41f2ea652a82826e6dd3867b5b358158cbe19cb6bb37bd74edca5ecc573512b708e277775b20ebad8264bcf658e5fed55c317590d3ddc7b51850f76eb,CLEAR,DAYLIGHT,DRY,FAILING TO REDUCE SPEED TO AVOID CRASH,2.0,40.666666666666664,3.0,3.0
07429b0a844e78c93902cd75d7b26a9a884765eed46b4b4bd30c500414dd358d0362a83241448414164016f37548082663d41f70b8bcf6f1cb7da91566c4501c,CLEAR,UNKNOWN,UNKNOWN,IMPROPER LANE USAGE,2.0,37.5,2.0,2.0
0742add43fbc4a39264b6eb67c5c2cc097c9e9f33b30d62acee7d36ff450276a4c56fa00b9e173cc9c31b961a283eba0b3da2ac2c3e345c820e9a5d392a3b75a,CLEAR,DAYLIGHT,DRY,FAILING TO YIELD RIGHT-OF-WAY,2.0,33.5,2.0,2.0
0742bab1ef1b95b8499a55c5d78afaebbdcea246b31a4550beadd226691a9dfb8414b756064bfd9ab877f302237c4a2ebadf624c3ffd3d1d95c50935b8e718f4,CLEAR,DAYLIGHT,DRY,FAILING TO YIELD RIGHT-OF-WAY,2.0,31.0,2.0,2.0
0742c24cc7dfaafa6ee90c1b1f9472527887ee5c4d483a38850839487b54db830f2523361ac7bd5be4a9eccae0e1628db39780b02e4e16f816c3cd0d77084c96,CLOUDY/OVERCAST,"DARKNESS, LIGHTED ROAD",WET,WEATHER,2.0,31.333333333333332,3.0,3.0
0742ea3b04b05078b4901be36d7afdcccc38ff2352a35f0005d8c655496a5a2bf55487a9713ccbbefd094752815fb5160a44858bf213e7749a0538199d7a7011,CLEAR,DAYLIGHT,DRY,FAILING TO YIELD RIGHT-OF-WAY,2.0,57.666666666666664,3.0,3.0
074321ceef5a0fb1607eb73343b6517671bd3433309818b8ede540f2e01efc7b841b8cdab263bd99f9b6c06735f81ba28105f2ad03847eb479baa595c908fd38,CLEAR,DAYLIGHT,DRY,DRIVING SKILLS/KNOWLEDGE/EXPERIENCE,2.0,30.5,2.0,2.0
0743398b5bbd9edcb1aae2febe3079306bbfe9c29da0c9364d82f95f89d081128e29d99cccae5cf56b87fdc8f851beabf69b91cf35c3264fe7ef8a7cdc74fd16,CLEAR,DAYLIGHT,DRY,FOLLOWING TOO CLOSELY,2.0,37.0,2.0,2.0
07433dc6914a4f1b6f138c49cc5d28adcc2fc277f947f3e0f795db5797e282aaccf5645b7a2eecc51be93191225376fdf4ce016f3036e21c2bc5d89537399c48,CLEAR,"DARKNESS, LIGHTED ROAD",WET,DRIVING ON WRONG SIDE/WRONG WAY,2.0,0.0,4.0,4.0
074357bf780c31ffba6b3119ca4fc63520fe3bac8deb2423651dbccb446bbab1ff0722663ab56607db8c8a35a55868e1bd2eda3f501fc0b970dc074af76d0d32,CLEAR,"DARKNESS, LIGHTED ROAD",DRY,FOLLOWING TOO CLOSELY,2.0,34.0,3.0,3.0
07438a404291a6bc6bef7037f1676aef93b61af72b28e0fcf8134ba0a30b553aee2a9d62be9ec4e89b5698d08f8dc6ae57e0379cafe22f4448dfa182f8412b8c,CLEAR,DAYLIGHT,DRY,FAILING TO YIELD RIGHT-OF-WAY,2.0,46.0,2.0,2.0
07438ac8a7e509fbb091c391a2abc229e11af617e68ec2baa0f809f32b400722c639849c4f85c0ef5cecf57ea6549b5ebc1624d71efd10afb782b249d5d244ba,CLEAR,"DARKNESS, LIGHTED ROAD",DRY,FOLLOWING TOO CLOSELY,2.0,20.333333333333332,4.0,4.0
07439251cd41dd460e605ca1469f9ff352fc194553bb5ca76470ba4c0aac831f04d98fcd7b040a7a4918887a7d3ad621422fbedc2510a6b042e68040a49e9f30,CLEAR,DUSK,DRY,FAILING TO YIELD RIGHT-OF-WAY,2.0,60.5,3.0,3.0
0743cee6eb0561787c6331a990adb487382b1de3964d23612fb3e721258d6ccdd18b89856620075bee36dda9140197e67269a1cebfe621bd36e0c94a6f1e72ef,CLEAR,DAYLIGHT,DRY,IMPROPER BACKING,2.0,37.5,2.0,2.0
07442458cd92aeeedc3386f5da4880e3dd6fcb7ffdc0c15b22582cffde4a447f68a529de19038557fca8dbab4e6c77da3cd8f00b2d0aaa48df2994e4e51f5c50,CLEAR,DAYLIGHT,WET,FOLLOWING TOO CLOSELY,3.0,33.0,3.0,3.0
074458e13dc4bf19e9c7ccbb81fc1e0657e0cf8ab7774777b53a78f4e1e5beb7a5e635d64c729986c9f43f0c4bb66d75cfb55adb9c39eaf449bfa1fce1d4ab7b,RAIN,DAYLIGHT,WET,FAILING TO YIELD RIGHT-OF-WAY,2.0,24.333333333333332,3.0,3.0
07446104b156863a9b33d269d3ed6dbeb01079d06bd3e884d771ef8f167a20b0a324431eb5ee7244debb03dde4528c04d6250be272fe8d02cde3660a8c345ef8,CLEAR,"DARKNESS, LIGHTED ROAD",DRY,IMPROPER TURNING/NO SIGNAL,2.0,25.0,1.0,1.0