crash_record_id,weather_condition,lighting_condition,roadway_surface_cond,prim_contributory_cause,total_vehicles,avg_driver_age,total_people,total_injured
07446c7899f714cb645af16aeb5c7543a398173004ba3b83def3558a30eb8d9ccab9362cf9dac54e5ec5bd7f2716f02164924766a948d07a69c842ccefe78738,CLEAR,DAYLIGHT,DRY,IMPROPER BACKING,2.0,31.666666666666668,3.0,3.0
074473c87486d302d2fb71af39d0f987a675ae2529bb198291038b220184988c944caac47c6efe384c00addaf83e591e61cdc1f9a6a1b01c84d09dd3ff450fd2,CLEAR,"DARKNESS, LIGHTED ROAD",DRY,IMPROPER TURNING/NO SIGNAL,2.0,37.5,1.0,1.0
0744b4398b985c5d35fa58c2c05975fc944a8bdcb13de5d59985fc3fffcd5dd1104fcbc93d5d07ce9c8eb39f9ac52d3d4c2507fab074edde50c172d017038cc3,CLEAR,DAYLIGHT,DRY,IMPROPER BACKING,2.0,74.0,1.0,1.0
0744bb6bb5e7b7286ec7cae52db8878bbecd97e36cfcc7de85a3e837b1f94bb7984baf37ef73bd7bc26d1a05488d9efba38d1ede970061b4a64567da6d4c5432,SNOW,DAYLIGHT,SNOW OR SLUSH,WEATHER,2.0,39.5,2.0,2.0
0744d200ee580cd3f2187c2dc0c8f95fd6af734335fd6d0258d319f895319f30c4207d99ee65d39ab6ebb9588cb93913f7eee427f96c7979441d4ee3a30030ca,CLEAR,DAYLIGHT,DRY,FAILING TO REDUCE SPEED TO AVOID CRASH,2.0,48.0,2.0,2.0
0744d2d2cf8107ee04e1890e3d57ce00be05382f3e6d6fc39e855b17adf510b4ee7adba3add4bf3f911f3665977e17fdf2f0bcf3546d0da31f534c42c9c60d3a,CLEAR,DAYLIGHT,WET,FOLLOWING TOO CLOSELY,2.0,47.5,2.0,2.0
0744f94d7a57c6c0dac1d7705f285e5014176a26423d110214460cee4368533fba07e7680ce93b0d7875fe930af9d8a0e99aba8b043ec60b00640bbc7bea2551,CLEAR,DAYLIGHT,DRY,FOLLOWING TOO CLOSELY,2.0,45.5,2.0,2.0
07450428f2a994b95b51af906ebc90675fbff58df94014d6fce6f9a4f30229a6542eab66185bea16ad71f7723f8637b5b7f18eac6e8ce135982dbb242af3961d,RAIN,DAYLIGHT,WET,IMPROPER OVERTAKING/PASSING,2.0,37.5,1.0,1.0
074537ff9738c30c6ebdcba76be81a95c6b639d6e9af516d2b05bba485d99cd9d017472af90a53847d0c772dbd926589bff909877aff8e4674cd4f1cdcf66a74,CLEAR,DAYLIGHT,DRY,IMPROPER LANE USAGE,2.0,44.5,2.0,2.0
0745393228366956e4a0695e26a89e938b9ded7bbba247afb0242641c2b10a60174e1c2d720891136ad39463e60c42db8a16b31efede13db15f06702c5e3d769,CLEAR,DAYLIGHT,DRY,IMPROPER TURNING/NO SIGNAL,2.0,73.5,2.0,2.0
07454104e3d81b5bb1eef58823225b182dfb3003ce3899ed1bfe2fbb6c595d96713135a199ed572dd9abcc7e1cd0b3fcb150d1016b0809925eb01ad055b4ded4,CLEAR,DAYLIGHT,UNKNOWN,IMPROPER OVERTAKING/PASSING,2.0,34.0,3.0,3.0
07457101c1acec8f8aef16b13fb6ff0e24a42156f367fe729a52e5e802d784f82d70dbb2568ad16233e6490dfd78a0774bc934f14b2babee6ddf1f75c0d8468f,RAIN,DARKNESS,DRY,WEATHER,1.0,46.0,2.0,2.0
07459ed6b8a963ce9d9fdbd8d0497388da72c4825756291371b8106c899c3c757dcbcc8ab5dd367a3931b9e4ead5d432996f8bf8a002d369f3c7466ad498a68c,CLEAR,"DARKNESS, LIGHTED ROAD",DRY,FOLLOWING TOO CLOSELY,2.0,54.5,2.0,2.0
0745b4838928e47ee0d000ba70855bfb808cdd205c5045e7847a64e432a3e8f1e8ee054b9080dc4913da0efee72e2cc3a52aba804de654e5bf15fb2721daa9d0,CLEAR,"DARKNESS, LIGHTED ROAD",DRY,DRIVING SKILLS/KNOWLEDGE/EXPERIENCE,2.0,37.5,2.0,2.0
0745dbbb056d3f960e2a99f7a8b42ee0a813f5b40f81fac3a931b696e49b19368dd8a85a2bb310e70ec224ec151d14590e84834df020d8f4189a591c180d76e9,CLEAR,"DARKNESS, LIGHTED ROAD",DRY,IMPROPER TURNING/NO SIGNAL,2.0,50.0,2.0,2.0
0745ffbdc2f64e6e34f33bf29a768650ccec261b82aa6d838f71c697e439b1e5e61ff3045dbce0b418c53fe8f693ef009b57f90cf7d06bf1b7606455cc7d1f42,CLEAR,DAWN,DRY,FAILING TO YIELD RIGHT-OF-WAY,1.0,35.5,2.0,2.0
074628dbb0937eac693d132bd3a159d8eb8bcf86ac68132de09d7958878a83c6608fce55fd84e598265eda60d840f0c4c89d51c73ecd1488f611e5d650fd677e,CLEAR,DAYLIGHT,DRY,IMPROPER LANE USAGE,2.0,36.0,2.0,2.0
0746373e352e24409199fe9ca869eec772dbcf183ae1293d03476f420087645351f93a4c8cc499cd8c363b41ced10647e7cd54a2b852a7c6b21512d57c5c0779,CLEAR,DUSK,DRY,FAILING TO YIELD RIGHT-OF-WAY,2.0,43.0,2.0,2.0
074637dde6c52cd1a2440dcfde357fbba3d7bc996dd1576510d39ad1aa7d054c99a3c2341fad57d60e349f78eb017d955af4b960e14c44c260e657fe561f4f4d,CLEAR,DAYLIGHT,DRY,FAILING TO YIELD RIGHT-OF-WAY,2.0,19.0,5.0,5.0
07466c96ad3c204d9cc8e0f4abef710432af273c5619f39d4f19d3ff9391f8f7cb2c61550943af8758be1f411a0cc6a8598ee3d47164500a9bec7d873bd4ef4e,CLEAR,DAYLIGHT,DRY,IMPROPER OVERTAKING/PASSING,2.0,68.0,2.0,2.0
07467694ef58b369e5cabe2c931cb7c003adef4f7caa864b2e240967a3473e5004465ee7c8294b4943bf050a6593c14f0529537d8ab1dca7acf6e86e14527651,CLEAR,DAYLIGHT,DRY,FAILING TO YIELD RIGHT-OF-WAY,2.0,18.5,2.0,2.0
0746807732f2371550c9f957574e9994016e807b72d2cc6cb1fa087ca859ccaea72dac8f1d8e4cbceb26dffa687043796a72d2c3d5f18ca671b275e5ed72320f,CLEAR,DARKNESS,DRY,FAILING TO REDUCE SPEED TO AVOID CRASH,2.0,31.0,2.0,2.0
07468c9fbb3950e11000b06684f97f3d87162f2a55804e4c6982b72f52e428155ca1873f22273cf15b07555ddfd7ed6836f321cc72b7856d9c997a701ac13ab8,CLEAR,"DARKNESS, LIGHTED ROAD",DRY,DISREGARDING TRAFFIC SIGNALS,5.0,38.2,5.0,5.0
0746bd044425cfda9514e64ac43b3c2de539e765592879b975607057d93f09881ce5179e398c371543fc6559418833639af88295d8d2d5be287c21faa6535b90,CLEAR,DAYLIGHT,DRY,FAILING TO YIELD RIGHT-OF-WAY,2.0,22.333333333333332,3.0,3.0
0746ed7eab0ddee74d9644f49f315f95f7ae70e422dc9f30fd2f4a082b967ea3fac586e33709763c75c962884e102a1e2cb4d57441caf131fc9740a902f21445,CLEAR,DAYLIGHT,DRY,IMPROPER LANE USAGE,2.0,45.0,2.0,2.0
0746f05c6b781afbaf32c14ce7c361169f37e9a1df6ccfa0201a6c2e2da1f81275e531c0c3413b431bb2965aa7e471e18fe9a4ca9bc012c6815999a9e11f46a1,CLEAR,DAYLIGHT,DRY,FAILING TO YIELD RIGHT-OF-WAY,2.0,63.5,2.0,2.0
0746fad4cd1389bdab72680df6dbc6fe185651d2b90b132170db4a82012b545344ce3ae6baf8e5d92ee5b55d4ed2691bc59c04a38c310d5e926b46ff8a472227,CLEAR,"DARKNESS, LIGHTED ROAD",WET,IMPROPER LANE USAGE,2.0,58.5,3.0,3.0
07471a4f9276259b0dbc0c521ffd3b129905f3614a11a682179564d494a8115a209abc971fbc581b7da775286394055199b50378d738feeb0ca39b12b8c81a34,CLEAR,DAYLIGHT,DRY,IMPROPER TURNING/NO SIGNAL,2.0,36.5,2.0,2.0
07471bba3e4f2c70b1d16ef87e5bd98516a0ef147ff743c8c0194d1d1726510d1fcccf1ca02282df0f20c997feeda9c054a0107d72a5439906e09aedfacb2484,CLEAR,"DARKNESS, LIGHTED ROAD",DRY,IMPROPER OVERTAKING/PASSING,2.0,63.0,2.0,2.0
07477b2cea50176836b2dbb4567421499f510ecdad8ace1a40e1d6a8de95be1a2014dcf6f662db308036c024d8ba4635ef7f4ee7db3593bc89234bafcd248f85,CLEAR,DAYLIGHT,DRY,FAILING TO YIELD RIGHT-OF-WAY,2.0,45.0,2.0,2.0
0747bacf4a6fc0c179f29f5f38993306bccf68067368aa61d5cf5667ceb32aa9fd845fe8f0923e16e0939492732babb63417d9bff37219d3dbfd72b4ffb43d38,CLOUDY/OVERCAST,DAYLIGHT,ICE,FAILING TO YIELD RIGHT-OF-WAY,1.0,41.5,2.0,2.0
0747cb7374e17d62424ccb9dcaccd9d0096c4d87a6184ff8cd0e5d30256bce6c728270a4cce70ef7dc9871713262aa78fa1985733c16a8946edc97ba81f89d7a,CLEAR,DAYLIGHT,DRY,FAILING TO YIELD RIGHT-OF-WAY,2.0,57.0,2.0,2.0
0747d715ccfbee0052b5ac361320fc8253cd287d775419783fb08e1b368460477fabd1f14da1b827b879b60f83fd8c75a43790d999e073d8d246106641982c8f,CLEAR,UNKNOWN,DRY,DRIVING SKILLS/KNOWLEDGE/EXPERIENCE,1.0,37.5,1.0,1.0
0747e2763f972e235e9fe86e07fe343988a64413414fc53f6b22f79f0327d70e214948f37054f69b9caf503a8a4028d510d37a08efe54ac18c023d4581d2cc57,UNKNOWN,"DARKNESS, LIGHTED ROAD",UNKNOWN,ROAD ENGINEERING/SURFACE/MARKING DEFECTS,1.0,56.0,1.0,1.0
0747e2844e66b161acf560d624a12a62fa0254ef05bd62de0dd2146ab6fb63bbf4f1ea3b73745169acbd105404c6eba7ac01cbbfb4c7e3aa2ec5bdc386c84571,CLEAR,DAYLIGHT,DRY,FOLLOWING TOO CLOSELY,2.0,37.5,4.0,4.0
07486e7339e22a2d40b72d1b9b7f79b13461468f328410a90e8fb0aa514106db5dfc9125371ce08e37ac0e05b76594b848cecf9bd49d867db386e6db0bdd081e,UNKNOWN,"DARKNESS, LIGHTED ROAD",UNKNOWN,IMPROPER LANE USAGE,2.0,37.5,1.0,1.0
07488e755441ee0a866c0a882836ec55e2f6e93d15959981dceda0c51c080530ec412a3c1a7b24115b34c7b5bc6dc95c902db8046b7a96970d00f4726a4a0862,CLEAR,DAYLIGHT,DRY,IMPROPER OVERTAKING/PASSING,2.0,68.0,2.0,2.0
0748a83799600b648e5b8eb65ba679c678c667e620772c36a191de0ef773b39d530181d6926741c75def11bda8fbaf6f6fd6ef8f4e4403cc0f74e47385a6a49d,CLEAR,DAYLIGHT,DRY,FAILING TO YIELD RIGHT-OF-WAY,2.0,50.5,2.0,2.0
0748b61d7a58036a22d9ee47e3b1657822d57d32a11c67884fd6cd4d3804cf6c1a38611f5bbdca60950fd1007eb463a58032e3271c1f3587bc729c1b6a1c183b,CLEAR,DAYLIGHT,DRY,IMPROPER OVERTAKING/PASSING,2.0,65.0,2.0,2.0
0748cd7b98331dcc25dc56afbb358bdf0bb9351c5c82024e4df12302d682d2e5b56d229d05a92bbaa75abbd364a5e7e5cb9077ade309b303714355717b017382,CLEAR,"DARKNESS, LIGHTED ROAD",UNKNOWN,FAILING TO YIELD RIGHT-OF-WAY,2.0,12.0,3.0,3.0
0748ddac5a4d5e56f8a9564f36c1675a7d0045ae8fec7fd423f8e3baba2f03fb34f1dede57ef47e911d8cd7056a2ae00f1cd1ded3ea2308f7a53e8f82db9461d,CLEAR,DAYLIGHT,WET,FOLLOWING TOO CLOSELY,2.0,42.0,2.0,2.0
0748e5627254c12f3656ffe8e60805648f33fc92b1b7a56d0f4a8cbf8db03c43e6aeec2ae9da53b585275c064da8cc31368c85337c2ad04f74c2f683e2380f63,CLEAR,DAYLIGHT,DRY,IMPROPER LANE USAGE,2.0,37.5,1.0,1.0
0748f1bb8e3b2cae9aa19bdfc5912a092a6ea3b5f6016c4d1d9ed84df0e838da86809fb4e0f8c41a2db579cf162db6a580aaaabbf014a7f689f4119c75e5aacb,CLEAR,DAYLIGHT,UNKNOWN,FAILING TO YIELD RIGHT-OF-WAY,2.0,37.0,3.0,3.0
074916f941d6aed7069e6dc1f7b61482ad75601ffb62f770e5eb587c436f1a63ecf4a7b9350595abdd9d27bc017021b62033aa7f9ebe650c522925cef20c90c9,CLEAR,DAYLIGHT,DRY,DRIVING SKILLS/KNOWLEDGE/EXPERIENCE,2.0,37.5,1.0,1.0
074922ea06a82bf7eea8f274771d090c5f95d3dd6e3f6e36e44a18a44eddcb8b5bcd2b941d32d1c0628c1b83294cd2b8046720f960cc537e0859490a94c2dcbc,RAIN,DAYLIGHT,WET,FOLLOWING TOO CLOSELY,2.0,48.0,1.0,1.0
074925cbd56d2d49e38d7429a253604cd850307330d1cf58c6c19253015de2897417a4d3ad1ddc9da3f94a7825cf875449d6273295c02b17a8f0d4cb7ddd5d2d,CLEAR,DAYLIGHT,DRY,FAILING TO YIELD RIGHT-OF-WAY,2.0,46.0,2.0,2.0
07494a493979f906cb19119349ab522968ac219af3f2e6936c413e4e8069e6cde8ef42cd9bf088686a639b7e926665a36e62253b228f0303b3fad56bbc11c240,CLEAR,DUSK,DRY,IMPROPER LANE USAGE,2.0,42.0,2.0,2.0
0749520acbc82dfccfea4d787bc2fd507c1dcdb7d1d005768d9dec5ce0c3630b3ca7a2d50ae910c79920f85124288846422d8eb5e6343dc63bdab20ed397b5ab,CLEAR,"DARKNESS, LIGHTED ROAD",DRY,IMPROPER LANE USAGE,2.0,25.0,2.0,2.0
07496b3ce39a7e4ff7d1a7c3f106a7db4b6adbf51b74041d2ee5a2f0d04714f7fec5918dd77754392af75cdae97cd4bb4103fc3b9af10a596e7eb36af683542a,CLEAR,DAYLIGHT,DRY,IMPROPER OVERTAKING/PASSING,2.0,27.5,3.0,3.0
0749775ad5836af265401a72a9ead69a15b2a6af8ef448d2948facbede19d80746ce016cb3600f0acaf8d730bee9d4f47c6dd9f903edc097f29a5f53aeb20e48,CLEAR,DAYLIGHT,DRY,FAILING TO YIELD RIGHT-OF-WAY,1.0,29.0,2.0,2.0
07497ec6bd2da248f79bb4bcd7b98e3a91a08fff317ca33dbe81b5772c6ced16099f44d71b8f9338d5d576d574fdd2b9e77af87f190bb2a8132f2775ca9be7cc,CLEAR,DAYLIGHT,DRY,DISREGARDING TRAFFIC SIGNALS,2.0,44.5,2.0,2.0
07498d88a9102c851cf2136461614142b3c02f5f274a38e9d40302a99839630985621422a36449a6ce08b6e351eed9c64c6f41822964b9d6b23ba72d5be062b3,CLEAR,DAYLIGHT,DRY,FAILING TO YIELD RIGHT-OF-WAY,1.0,18.0,3.0,3.0
0749a6e4d776ea6507de2c5d3fc91f6c92cfedabd05601625dae05b25e8dcd7d35f6902b7c31688dc9cbe380ee40c54e8e3b0e30d0ec7cec474acae7d400fc6a,CLEAR,"DARKNESS, LIGHTED ROAD",SNOW OR SLUSH,FAILING TO YIELD RIGHT-OF-WAY,2.0,41.666666666666664,3.0,3.0
0749cfe3da179c28db5d862f38e4577f36645ddddef26e3f9a1e1c245598348d85cfd9839f779a5c0eba00833b505cbefa584c03128d2fe62cd69526bb9a76f4,CLEAR,"DARKNESS, LIGHTED ROAD",DRY,DISREGARDING TRAFFIC SIGNALS,2.0,32.0,2.0,2.0
0749eb67f6077ea2f67dd31c4c2415bec9085ef64363ad833c49b779145b0531ab2179ed4cd6df7a84ab8ff45dc2fa9548422abde37b350c231e205004b1de57,CLEAR,"DARKNESS, LIGHTED ROAD",DRY,IMPROPER BACKING,2.0,38.5,2.0,2.0
074a37621c03537d6be1ec790f8d01b00094851c0e9fb4809714a50cb5a712dcacd10fedab8802b225a853e087ce1aba3299b2ee8ede36f9184e60cf0b412cb1,CLEAR,DAYLIGHT,UNKNOWN,FOLLOWING TOO CLOSELY,2.0,28.0,3.0,3.0
074a396c4798c6bc33dfc110bfdffdede0a8aae849a58b2cdedd014895204fa0234768465a8d44cf1713fce8bc684f6400d788878b4cb2594cb75d243b175a09,CLEAR,DAYLIGHT,DRY,FAILING TO REDUCE SPEED TO AVOID CRASH,3.0,36.0,5.0,5.0
074a39a5bc5887ee821af0a66217aff2827143b86d39545312043a74287c0d9a77a8d5defbfadd264b00b92f23c3207918302698bfce0ee99b37d49ab4377b1f,CLEAR,DAYLIGHT,DRY,FAILING TO YIELD RIGHT-OF-WAY,2.0,35.333333333333336,3.0,3.0
074a64823988e09c85d01665cf1f479530fb8174a6e1552dbc2e1a8a6625bffce5041ded3b16546056e82f3282d6e40df9371bcd4307ef7b08628acc166dae40,CLEAR,DAWN,DRY,FOLLOWING TOO CLOSELY,2.0,32.0,3.0,3.0
074a725b55f1993c155b0f4a3c5db06329193064be8174cf8ef73564cbf2296ac411f410b7f24ecedec7bc1681a51cb9c7b9af2e31779e2d2861ed7a687ccc01,CLEAR,DAYLIGHT,DRY,IMPROPER OVERTAKING/PASSING,2.0,22.0,2.0,2.0
074a8348dae8d1dbc842ca7952000c8c23685a44a7e41a6c579f3f6a4152af696251fc609342e53ddd52e05b68cc96e348316cdd62007cbb743eeaf3ecdb3ef9,CLEAR,DAYLIGHT,DRY,IMPROPER TURNING/NO SIGNAL,2.0,60.75,4.0,4.0
074b0baa802dbde936b72872ee6153d10de10c77bd19805e1a2e1d25111b1029e522f85fc55415441445df5c61fbd3ebc1d65dd71811aa8a4e685170d4c69697,CLEAR,DAYLIGHT,DRY,IMPROPER OVERTAKING/PASSING,2.0,46.0,2.0,2.0
074b0fe1f2cd6a1f8f53b5a85e4cbe5ce5f35d2d71f56c5afeb4a9fad81bc6f5d4e0060b680df2788c42b600f528092f8d0416aafbf73d262f394846dc6e577c,CLEAR,"DARKNESS, LIGHTED ROAD",WET,DRIVING SKILLS/KNOWLEDGE/EXPERIENCE,2.0,28.0,3.0,3.0
074b55404322900dd824de37b58c1ca31b3648d26ae8f5c809652b8c4542da9b7e93026a19290bb2635ef242c015a538319016cc59ae24509ab95b2d576a817d,CLEAR,DAYLIGHT,DRY,FAILING TO YIELD RIGHT-OF-WAY,2.0,34.0,2.0,2.0
074b855153db3eb8b033e2c13e056298eae7f25221ea2a2771c012cdc82a8373af7fc20eeb5dc83ca10f51aab0e6cb73da1d02a53e845f0a6730e52ec58c4d05,CLEAR,"DARKNESS, LIGHTED ROAD",DRY,DRIVING ON WRONG SIDE/WRONG WAY,2.0,26.5,3.0,3.0
074bb7718f1bdd6ad09b1730064992b55c68bea693a35e078f4e244dcdef21a5892374467695ed3897e48e69ceadc3b3ba648728fca19addd8deb7558ca9b18a,CLEAR,DAYLIGHT,DRY,"OPERATING VEHICLE IN ERRATIC, RECKLESS, CARELESS, NEGLIGENT OR AGGRESSIVE MANNER",2.0,72.0,2.0,2.0
074bc0cd96207a0ad2b49892cf6b5e6fb3ebfa62bc3d761bc0e85f894c62a68fe20c5af2b2470e5820e34c1a49c5ee200a6174073916c14d7ee99f9a3802d843,CLEAR,DAYLIGHT,DRY,FAILING TO YIELD RIGHT-OF-WAY,2.0,48.5,2.0,2.0
074be19868a99af341447deb147e5217377eb6e9e66bd4f6cfb788195a84e5e6f1dd3a493dea10e9e5693816771ea0b6ada1698ead443734bf03e145f2b14850,CLEAR,DAYLIGHT,DRY,FOLLOWING TOO CLOSELY,2.0,32.666666666666664,3.0,3.0
074be2a0a19d203de27896de71d7a86a40e8d1b71babcd1c5d63746ed0b5362cc41c6da1f10841067a5602842cf70c9241396b46dcaaabca1db4fc5a4e0361e2,CLEAR,DAWN,DRY,IMPROPER OVERTAKING/PASSING,2.0,32.0,5.0,5.0
074bed5fa111a160411687f86d8d026cce467afa851a41f3f0623d9156d52ba2b2281f07352035d6ee3fb9d8c8c8aae9c5ed0356576bfefaa7401678717c34a7,CLEAR,"DARKNESS, LIGHTED ROAD",DRY,UNDER THE INFLUENCE OF ALCOHOL/DRUGS (USE WHEN ARREST IS EFFECTED),2.0,25.0,3.0,3.0
074c15e77f7d118ce095e7568d06ecd9654c88e95857c83e2dfa545fe3e746a6e70b7de49990056a8da9d10a077099e5bb1af349764d9b694ac5cee530cd92b6,SNOW,"DARKNESS, LIGHTED ROAD",SNOW OR SLUSH,FOLLOWING TOO CLOSELY,2.0,39.333333333333336,3.0,3.0
074c589cefed32a12bb4fc0fceb1eb87ef8df29705dbc135b81219d9505e88c3d411869c3041db65741930cbfdc867268927cf46f3bc063055b44a45a24ba941,CLEAR,DAYLIGHT,DRY,FAILING TO YIELD RIGHT-OF-WAY,2.0,26.0,2.0,2.0
074cacfa9ca9d6a890652b27b206835349a6bbcc9bd03199ff5aef2279102be53dd7182a6facf700f9734f7200185f3570fade3125711e475028a682aaaff540,CLEAR,DAYLIGHT,DRY,FAILING TO YIELD RIGHT-OF-WAY,2.0,49.8,5.0,5.0
074cb4fa312bb0e129f7cc474d16f541761b4f95602bfc031f609de2febd2be74cea7894e8c677edc8213118ef524417a8f818fa976a8d891ff818317cd31d14,SNOW,DARKNESS,SNOW OR SLUSH,FAILING TO REDUCE SPEED TO AVOID CRASH,2.0,38.0,2.0,2.0
074cc82b25b32edd63e9650741ef533c64a7b5b937fe8650d5677e37d495acf726dce87a26f269e4261804ca26d4c9d7f4c77b4dc78842010f627dd25eb44a05,CLEAR,DAYLIGHT,DRY,IMPROPER OVERTAKING/PASSING,1.0,66.0,2.0,2.0
074cd68b5057c6a297457a6d369f7e17ac3cf66bf0d6374b0e2dc266d08cef736e22c4dbb23b7f6e3726f0e225f4a8db750130cca073880140b5a754809d1367,CLOUDY/OVERCAST,DAYLIGHT,UNKNOWN,IMPROPER LANE USAGE,2.0,67.5,2.0,2.0
074ce248ac86f79d8a782680912cbc782d52c2e192f932931698400fe2cf3a1474d9bdede4ddfefbe60923ccbd05bf5c4ceac146f94004ca41d01b679d4a28c4,CLEAR,DUSK,DRY,PHYSICAL CONDITION OF DRIVER,2.0,55.0,2.0,2.0
074cfb668af35e058bdda03ee3269a9bd254146af89dafab86d00711c3eee27824ad183a7764f46131ba795912b5d632a74f6abb7877b50db2855e870fb34332,SNOW,"DARKNESS, LIGHTED ROAD",SNOW OR SLUSH,DRIVING SKILLS/KNOWLEDGE/EXPERIENCE,2.0,37.5,2.0,2.0
074d0355e58429bbb541374172e18057bed589810a74af3c708b3fc643969aeb773742eb40c9ae36f508f83ed3b2b84faec5edc83afdb9cebb5cc86ad6e1cb84,CLEAR,DAYLIGHT,DRY,IMPROPER BACKING,2.0,37.5,1.0,1.0
074d1732c23733472bf106a5a5ee58e3a290d383aa6dec40723060dbba501cb4c4076cda2edb6340e0797ac74ab37c6e2fa1efad4b571784b9f8e358b31814e7,CLEAR,"DARKNESS, LIGHTED ROAD",DRY,DRIVING SKILLS/KNOWLEDGE/EXPERIENCE,2.0,26.0,4.0,4.0
074d32e64716a2d0108535cd5d6bacf8a55a2f7d865d7840e44b54ed430945675cc19780142988a2a89f33ee5d9927687fc8f35f92682f28cacc1e58daa30fdd,CLEAR,DAYLIGHT,DRY,IMPROPER OVERTAKING/PASSING,2.0,43.5,2.0,2.0
074d4e0bb14808ed3c5c0b04ed54bc262d49c9b5056b276730858472cc226fbb5477f0e81a44e8f03833ac810a9fc23c06033a30b574137dd6e54226abd5a690,RAIN,"DARKNESS, LIGHTED ROAD",WET,WEATHER,1.0,24.0,1.0,1.0
074d5c514c0e242b62c45ba6bc8826f71676143655744bd6188cb27b56917834b2eb12f8cdf0230e9a327f83ca6733e56794904a41cab6af5ddd56e6a519a73a,CLEAR,DAYLIGHT,DRY,FOLLOWING TOO CLOSELY,2.0,41.0,2.0,2.0
074d6f57168a0e2fe680383d3d11855882847a7f4e0e20c6ca9ca8c8eaa42db2a22a3a9610417cfd5214898f9af0ec0fce2025a0c98339cf1f8228b9fb8887be,RAIN,"DARKNESS, LIGHTED ROAD",WET,DISTRACTION - FROM OUTSIDE VEHICLE,3.0,25.666666666666668,3.0,3.0
074d8655a9499d9866c8263544fb45ce42ec37ebbf77ed0b6fb559ff0c1a32adb14757c7f1da7edb6c45dc02d690498827ee34fc8f7abefedcb7c3039362153d,CLOUDY/OVERCAST,DAYLIGHT,UNKNOWN,IMPROPER OVERTAKING/PASSING,2.0,33.0,4.0,4.0
074d8af63eaca64d531bd449afc77284e320f0f2ad9877a8f7500a1b7492dc34cb3497216aaba862a71b280088611ed8a1c92c2fc50a9ec21686335bb696f6b3,RAIN,DAYLIGHT,WET,IMPROPER TURNING/NO SIGNAL,2.0,47.5,2.0,2.0
074daf3e817fa75303f3773a6409aad4b50027db778167b9a57b45bd9bf49e74c19ca55ce0e58ff9e008b3d52910dbe52d548342a6d31fc5b50b961b91741670,CLEAR,"DARKNESS, LIGHTED ROAD",DRY,FAILING TO REDUCE SPEED TO AVOID CRASH,2.0,34.0,2.0,2.0
074dccc119ac86fa0de704bd5c404d504d7f5ff053ee1cb5cb776e774eae5875042103f323678cb66dd5c48fc817946a8c1f6f1b16dd2b59eedfecb8f2263fd9,CLEAR,"DARKNESS, LIGHTED ROAD",DRY,DRIVING SKILLS/KNOWLEDGE/EXPERIENCE,2.0,37.5,1.0,1.0
074dfb1a66923bfa9663c803ff1e383b9787b3e0436d5d778aa8cf0fd0bcbf5703b0a82f6b445a7ad0dd94b568189b07a30b80a9ed5b2a4924c07025c305cb67,CLEAR,"DARKNESS, LIGHTED ROAD",DRY,FOLLOWING TOO CLOSELY,2.0,78.0,2.0,2.0
074e1ead99bcaa6dcf269fcbf6f824729670cfb0cd9dee32d3cac2f838658526f10a20ec812f3a495b2f5760352b6766e8a2c4532034bc76a2d9539520275583,CLEAR,DAYLIGHT,DRY,FAILING TO YIELD RIGHT-OF-WAY,2.0,33.0,3.0,3.0
074e36efa25da3f63881cd7f99cb3aeed4b814ba2f963af525d126b5187077eed40de5033394f5dce6d76bcbc3c89556d4efa8aefcd320e6d237912d5839da97,CLEAR,DAYLIGHT,DRY,DISREGARDING ROAD MARKINGS,2.0,41.5,2.0,2.0
074e981cab71fffe9b11003a467ba95900d57f89e736254e72020f4ebf96a5464ea8f0385eeeb7275dac8ec0e0ca6a95069f884eef491d1fed4e934896b6f5fa,CLEAR,DAYLIGHT,DRY,FOLLOWING TOO CLOSELY,2.0,47.0,2.0,2.0
074ebc10b1f668573331b88ec987a7648cdfbb89af478b7873fd31f172051972a7bc66533c6b6b41bf899e041c954fc626b143d0716aff56afacac5d207e7e9a,CLEAR,"DARKNESS, LIGHTED ROAD",DRY,FAILING TO REDUCE SPEED TO AVOID CRASH,2.0,34.0,3.0,3.0
074ef45754df6733e627a3a184f0b51297e2290aa4284e249b5f3cea0cd935d2f864001b5941e751c19d99eee620fd373bdde17a66e14295ce6f89adc1d1a4af,RAIN,"DARKNESS, LIGHTED ROAD",WET,DISTRACTION - FROM INSIDE VEHICLE,2.0,24.0,2.0,2.0
074f1a8a57c2ee5e25f3f81546e7723875e150e471fa59be8bc818107663c17c09f70b0762d40b1690ae835056eecfbd40952b375c9e2baab2640b763872748b,CLEAR,DAYLIGHT,DRY,FOLLOWING TOO CLOSELY,2.0,55.5,2.0,2.0
074f3d9fece9228feaf1dd215a89697c01db7196e6ad55f8996006feae9ed13529af37bf48c545823bda7fe6bde81078bb5741a06149e90f069efe2852265393,CLEAR,DAYLIGHT,DRY,FOLLOWING TOO CLOSELY,2.0,25.333333333333332,4.0,4.0