crash_record_id,weather_condition,lighting_condition,roadway_surface_cond,prim_contributory_cause,total_vehicles,avg_driver_age,total_people,total_injured
074f8188956d35410ea0ea2368b872c331cc54e11a14daa4099c1f1266cf30ad5168bc4e841a61fa203a06a6c1bcdd7cbe4ecec8f0a140c080b6ca3d347f0167,RAIN,DAYLIGHT,WET,IMPROPER OVERTAKING/PASSING,2.0,25.0,4.0,4.0
074fc60d5f4f66fbaeb79078c47b074856f9b591ded213c11da840e6e024fd87089ece0608fc6d4019efae78d70025b664409028aff1e3d3ee8334393a527773,CLEAR,DAYLIGHT,DRY,FOLLOWING TOO CLOSELY,2.0,69.0,2.0,2.0
074fccfe18355fa54c5295d3104b256a62e4abb9bc0e90f14d4cdb6e433d84473659b41122f51100198fd57a2f1737419656832d55a12364fe0c16d79006bee2,CLEAR,DAYLIGHT,DRY,FAILING TO YIELD RIGHT-OF-WAY,2.0,47.0,2.0,2.0
074fcdc8929a65ae05374d881d24e38eeff0ea46278bc894825aab68758111d5f214c32374ebd58f6b6dcfaae01f4d67bd03ce1110eab311635269a56a94ccd0,CLEAR,DAYLIGHT,DRY,FOLLOWING TOO CLOSELY,2.0,37.5,2.0,2.0
074fcf47f933c3f64540cd5f37c9fec3e62d16411998c405af71cbe1adb4ea36871b8be36728b3656eb74b8e9ebdc541f2caf8763d7d10b379523af994433c17,CLEAR,DAYLIGHT,DRY,IMPROPER BACKING,2.0,50.5,2.0,2.0
074ff231591cedf9500868533f1251fd2b1798efe3657f02c18975d89fcad27964de39c67e0b851b77b6ea323f8e62f1c36a4d7173aa4c2efb3abdc158bdc412,CLEAR,DAYLIGHT,DRY,DRIVING SKILLS/KNOWLEDGE/EXPERIENCE,2.0,32.5,2.0,2.0
074ffb6b98b9d7e59611b0b4fb937938026a36bce5b3bfc9be4639adcedf0801d0a0290eb9654b80925884d979e9a79616d76330a2efd63d4bc3944afa30add4,CLEAR,DAYLIGHT,DRY,IMPROPER LANE USAGE,2.0,36.0,2.0,2.0
07500eb6560eebfb33a9fe56dce60585cf2530c135ea6dc55bfd6928f5d46a75e81f170e175a2b0b2a59eec256ecc285f543f7ab9016d97c62717a44a0408713,CLEAR,DAYLIGHT,DRY,FOLLOWING TOO CLOSELY,2.0,52.0,2.0,2.0
07501dc644ad00b39ab67dcc19b5b86f4b18181915f9112eba48a4bfca551eb920459f56e115f40ccbd2ee74282568bc8ec3e53f45987ce2041ef55a58ae5bbe,UNKNOWN,DAYLIGHT,UNKNOWN,FAILING TO YIELD RIGHT-OF-WAY,2.0,43.5,2.0,2.0
0750631144a50d3bdeae726f78405d9d7f1b4616d1264e6d6760daa630f9fbe1e9eca090ca9be27419e2640be8c9a331184d5a02f93e02ef3895f62ec97d3553,CLEAR,DAYLIGHT,DRY,DISREGARDING TRAFFIC SIGNALS,3.0,36.0,4.0,4.0
07506408ffaf1a090d36fbad677584eb0115acd26639667b5c1f74af1528f6b38d76edf210f74d65ca1b9fcd7899f8ccacb0f6e04973e9f0cc273f449c67e199,CLEAR,DAYLIGHT,DRY,FAILING TO YIELD RIGHT-OF-WAY,2.0,32.5,4.0,4.0
075093eacb134fc86dea25d2e38f7846047041e2043791cf9f68a314f51f84c5cde03149a9c9e4569ee7ef56330eed080f901794c7080f0c849c0dc20414bc67,CLEAR,DAYLIGHT,DRY,FAILING TO YIELD RIGHT-OF-WAY,2.0,57.0,2.0,2.0
0750abb50f00dbccd7cc9849412cce1e96436c75c0b6b10824c680e59fd086fccde5d11546554e2550bf13df2c15835f2c90098f5c162e89437d4ca544a913c2,CLEAR,DAYLIGHT,DRY,IMPROPER LANE USAGE,2.0,37.5,1.0,1.0
0750f839ce26a39d0265ecea983f0189721e459d586cbed818758b20d2ef1cacbaa0cccb91619d6c518ee6725852e4e912a6d3a9051c66d21ac2ea6287571caf,SNOW,DAYLIGHT,SNOW OR SLUSH,WEATHER,2.0,14.666666666666666,4.0,4.0
0750ffe18570ffbde72596583dde2b44fac2bd7c1ae0ded0ecc345ec54bce754214f14cd1deb478d9efb46aa3e9ef141fbc716d6b197ebf23df46d6e4f61b6be,CLEAR,DAYLIGHT,DRY,FOLLOWING TOO CLOSELY,2.0,19.0,2.0,2.0
07511c0199e19d1634ec372f462df0e89b5fb65943bc073eb310b508fa77a4dae4e9b88113edc10e5c37eb434f0f1bce423d8bd5c7f61f00abb89488af699842,CLEAR,DAYLIGHT,DRY,DRIVING SKILLS/KNOWLEDGE/EXPERIENCE,2.0,21.0,1.0,1.0
07512aed17d88c5b86fdd2171a7e0ef94977254f5b91f9f75e6a69f40cd22184145371381da667aeebf4577a099c6a1a503dd1ded339825033fa6a21a970c83a,CLEAR,"DARKNESS, LIGHTED ROAD",DRY,ANIMAL,2.0,25.0,1.0,1.0
07513b8156456994514f80986de7bfbfb2c4359dd588552fe0f003f67c45747ff2bde03deb8aa57c0125b3c797a5a8e38ac65a7dd1175c157b46f222eff59803,CLEAR,DARKNESS,DRY,DRIVING ON WRONG SIDE/WRONG WAY,2.0,17.0,2.0,2.0
07514f5daaa4c3ed7b876a7bf0343150fba3f793ab9dce643ad152569211e76c94437ea9edbfefe9fea837cc53ccca2fbc5e07951967dc5e8696fd5af7a4c3d8,CLEAR,DAYLIGHT,DRY,FOLLOWING TOO CLOSELY,2.0,44.0,2.0,2.0
075161217f6b58b5ce8a3e55752005aa918f80ef9623036627011545a5784530e3bfda1cacd34706277c26f47adfe02657824b398581226ae2106d62e28a109c,CLEAR,DAYLIGHT,DRY,FAILING TO YIELD RIGHT-OF-WAY,1.0,35.0,1.0,1.0
07517fe6aa523c959d9c12668795ba5c3541be68502d8b8a83777340d633cb71d5dcb2656aeef591d3239ddab9c10ac2a106695659240c0b973419a4dd883d7f,CLEAR,DAYLIGHT,DRY,DISREGARDING TRAFFIC SIGNALS,3.0,36.5,3.0,3.0
0751a2ea59b61074e5878b14877ffe7520b64775233f5a9c532a8736723dad5384da63fc650e510f9707c60075c4f493bdae9a8406a1364bdea3a4a5ea7998bb,CLEAR,DAYLIGHT,UNKNOWN,IMPROPER LANE USAGE,2.0,35.5,2.0,2.0
0751d8f4802ed5065b29b4a7614a27703f9764cd9301c1292afe1d3e7ac1a74850942a707c8f3fba1969db5d9f248eb4909ceadf853c6cc7de28236e13017e0b,CLEAR,DAYLIGHT,DRY,RELATED TO BUS STOP,2.0,39.5,2.0,2.0
0751ea6414da1505af64a5aeb4bd2d82766f84bd2c36529e422a6a9e6c51e88cb45c43486522b665f79e7c2e0c8609cb1ac9dbbbd55eab3796ea270288dc4e84,RAIN,"DARKNESS, LIGHTED ROAD",WET,IMPROPER OVERTAKING/PASSING,2.0,37.5,1.0,1.0
0751faddd89038bed01aa4f45ce458073d9f8075598a72a975f2b80f27fc3611b6516af352fb1b39c32311839502afd8f1c8480cac672afb8755be3dc8362613,CLEAR,DAYLIGHT,DRY,DISREGARDING TRAFFIC SIGNALS,2.0,20.666666666666668,4.0,4.0
075202d45a223d1e243da92cf023d613fd5fbd93b5754799eb56ed4cade8ffbce74f1541ee8667499479c761a7ff96a38c4d8702f184803faa75bfe2570a8470,CLEAR,DAYLIGHT,DRY,IMPROPER LANE USAGE,2.0,69.0,2.0,2.0
075213d2cbf9026f9dacfaf7361a64243bb6023dc5cdca904dd295b672eb86081ebbb6c03008c7aa17c91cb7aca356b650cb5d5171d4e22aede60e742e4b66f7,CLEAR,DARKNESS,DRY,DRIVING ON WRONG SIDE/WRONG WAY,3.0,37.5,1.0,1.0
07521dad114d4c644cf0048ba640c072455b0d257acaae9b80f8862bc53968fcf91ddb303279c62f49db208471b636abbee21990a8dfd2f480a15eb3de7b928c,CLEAR,DAYLIGHT,DRY,FAILING TO YIELD RIGHT-OF-WAY,2.0,37.5,5.0,5.0
0752206ab12bc3973af22f9279fc61e3958f60dfe001a541cd029c7173bec3f948a34d4933d1beb96cb0dfdb6950144eab0f2c89e567a2eeab973f3c8a98e3c9,RAIN,"DARKNESS, LIGHTED ROAD",WET,DISTRACTION - FROM INSIDE VEHICLE,1.0,24.0,1.0,1.0
075235ed5fffce496ab794422b9e0e64a931328ed5deb0880d5ec26ed953221f1497fe6a80e62b4f6856c0646c379674da74b5982f38250ee1c6a239d95b591c,CLEAR,DAYLIGHT,DRY,IMPROPER OVERTAKING/PASSING,2.0,37.5,1.0,1.0
07524cd0df1e3ad4f0d959c1daf46552a3f132ad226a140a7e9e6244a4f0540313f76e55efb378b30b314a9f6954b95301e15a69bb8c08d22ebf72f4b0759586,CLEAR,DAYLIGHT,DRY,IMPROPER LANE USAGE,2.0,37.0,1.0,1.0
075253d19fe32d84bb2e3656cd0914ab2dac97d98e5649ae434c6a139b623a7346e2f300804393b0cbd78f3d669e048aec84c0e97c3ae2ab5a86d26a77121a74,CLEAR,DUSK,DRY,IMPROPER BACKING,2.0,37.5,1.0,1.0
075255c55ff5c7da17502572b2b92155a2e9d16dffcb0d949743d601808396fb4378aaecee6468a069688327adc8f6b8f9f224b039bc6f6d9c2ef756444aa91f,CLEAR,"DARKNESS, LIGHTED ROAD",DRY,FOLLOWING TOO CLOSELY,2.0,37.0,2.0,2.0
075258644b97c7055faa99b7396be4a57767d1b37783e4bf15aea0bdc57810644b611b9f3fb569808a05ef52b485bd3acead6f8dca506db68e27f845891c1fa7,CLEAR,DAYLIGHT,DRY,IMPROPER LANE USAGE,2.0,28.0,2.0,2.0
07525904da2902906980b28783af1431ed34171f7e111668787628eb09ef576552210c3bf6fdbb141c2f72b122f8ea94108d7789cde57db42eb8fb4567284b63,CLEAR,DAYLIGHT,DRY,IMPROPER LANE USAGE,1.0,31.0,1.0,1.0
075259a5ed71c09dce7908fc8ffc3d1f8666f0d50b5592355bc075f9ecaa74d91665c8a9c42829dcab1b475a1064818ac710a2ebb16559489c32ba2ac5f643cc,CLEAR,"DARKNESS, LIGHTED ROAD",DRY,IMPROPER TURNING/NO SIGNAL,2.0,35.0,4.0,4.0
075270aa6a54e84661ee2e931dcd447f652c840c9373e00f242148121061a79ca0f94388843f887acc60b23e24d19a8936fb4fa365edd9aae155c5cd28974055,CLEAR,DAYLIGHT,DRY,"OPERATING VEHICLE IN ERRATIC, RECKLESS, CARELESS, NEGLIGENT OR AGGRESSIVE MANNER",2.0,37.5,2.0,2.0
07527a3bfe456c178a181ca4cc87de6db456f6bb72da31879230f3f3e47e58b832331a7979e8e325e1f8e9811062e7a0d1a5ab0ea38766b6234ddcee5b76290e,CLEAR,"DARKNESS, LIGHTED ROAD",DRY,FOLLOWING TOO CLOSELY,2.0,33.0,2.0,2.0
0752a8c1d7d5538cc0e206eb7be4b2b3fe0bd5aaa89abc90c380a7a9fd17d7a223277a2ce3f7be6fea425981ab4575f4b4e8ee8f362d8778f5be03d304eab69c,CLEAR,DUSK,DRY,FAILING TO REDUCE SPEED TO AVOID CRASH,1.0,41.0,1.0,1.0
0752c5118707430f08e2ebcfcc6da97b335dbb7caf69998b142bcec844517471f717f8cc8dda0c4aac752984cf82e70327f5dc5c7637c9f49bec27d22b30dd40,CLEAR,"DARKNESS, LIGHTED ROAD",DRY,IMPROPER TURNING/NO SIGNAL,2.0,26.0,2.0,2.0
07530aabd16147c3a146953d57e44a698491026ffe7e45a81747b4cda766e2d6315e411fcf96c50518bc776f54ee1aa74ddd3e6eb61c76ad8b954cc4566bec67,CLEAR,"DARKNESS, LIGHTED ROAD",DRY,IMPROPER LANE USAGE,2.0,35.25,4.0,4.0
07531f0cf6467ee48d5d5a1b77f3883896782851cddd9f731f00694464031893fe8f47a0c3340ca32bd935ed775f52c08b68644bd780506887679a12d048b094,CLEAR,DAYLIGHT,DRY,IMPROPER TURNING/NO SIGNAL,2.0,58.8,6.0,6.0
075328dcbd2449212d376c929e6389bc088e0e4d3694eb787042e32e5bd96570ded6d8da74c313b20bd60ea07e0447095bf120aff84af8f4527150ae89a1c362,CLEAR,DAYLIGHT,DRY,IMPROPER OVERTAKING/PASSING,2.0,25.0,2.0,2.0
0753471579d6674714549e2e662016a785761d800eac669f1bed9a08c0a3e748a2c80c328409d904484dfebe35679d8a5e9e4851fb784f437146957a24492c1b,CLEAR,DARKNESS,DRY,FAILING TO YIELD RIGHT-OF-WAY,2.0,48.666666666666664,3.0,3.0
0753502e0c0ab73c0184964285256b2218bd78b9fbdce4c347ecb4635815c6bac150f3197fc6cb0d752c7680f291c44ed2bc8510f8c96494076012367a078bb0,SNOW,"DARKNESS, LIGHTED ROAD",SNOW OR SLUSH,EXCEEDING SAFE SPEED FOR CONDITIONS,1.0,31.0,1.0,1.0
075383be5dd7b57d5f3f3f4e6b9b7decd3b3762c96fdc410405468389ad8fd2b064cb11e5fd44fb29f63a567cf3fb1231f465c7f281e02a7ad74b74a27ddd289,CLEAR,DAYLIGHT,DRY,FAILING TO YIELD RIGHT-OF-WAY,2.0,50.5,2.0,2.0
0753a090296ffdd362b4261b74053b767c230a822353d4d8c8bcb5c69eaf5da4c2a29281796627f54798030c41f78db0531bef68ae6d00728d70b772ff1cc9e6,CLEAR,DAYLIGHT,SNOW OR SLUSH,WEATHER,2.0,31.5,2.0,2.0
0753f1701aa9def724acef2fde4cf4baf088418ca32c0a64cace937a37975d409b113d7dc50b1b4d4fb6c8acda1af56e014550d7d95147fb8f30fde385a81e4b,CLEAR,"DARKNESS, LIGHTED ROAD",DRY,PHYSICAL CONDITION OF DRIVER,4.0,31.25,4.0,4.0
07541c95605c302582933c3a2708f054352d3f559c3e2e9891bca1e705769b2833a7d582f755cb5b4db371597343ba1b619b0475eeaa565f178f3b32363878fe,RAIN,"DARKNESS, LIGHTED ROAD",WET,IMPROPER BACKING,2.0,37.5,1.0,1.0
0754802991238a26b5fa612b1744cff104b5e79e903c4df81ef079d347506b6d412231c00d99110f0c0d36652a11b964455d8ffea141ac281b10f82d3198100d,CLEAR,DAYLIGHT,DRY,FOLLOWING TOO CLOSELY,2.0,39.0,2.0,2.0
0754aa0c924379dcc85ea588f23dabc49343091961c194be05ad3be4c28ccb313731ba140affbfbc196ec3805d56a387e4ece5a171e1dafe7ecd497a11120ad0,CLEAR,DAYLIGHT,WET,FAILING TO YIELD RIGHT-OF-WAY,2.0,20.0,2.0,2.0
0754d0625452e1da069a65a7c96b095adfb108cac5992b0be28c2bc119e315dedf8029e008cf43b452b3242b2c2289f9caa5ece3de16786ec2db1917eebabc78,CLEAR,DAYLIGHT,DRY,FOLLOWING TOO CLOSELY,2.0,52.666666666666664,3.0,3.0
0754dbaf5cef5fb4950f14fe04347088fe90abb7acad997a769673dc1bbd494310395376a0193206fbc53e36d3851c7cf284aa6a769b75e08babb61c2ffbeafc,CLEAR,"DARKNESS, LIGHTED ROAD",DRY,IMPROPER LANE USAGE,2.0,66.5,2.0,2.0
0754ed1b5440b498a6ca649df734256e32f6aa0e9dead5f6d95cf09c369de15b923a9c3cf4979e8900df6894ecb9a84d77bacc45da434d6910593f7abb0dab17,CLEAR,"DARKNESS, LIGHTED ROAD",DRY,"VISION OBSCURED (SIGNS, TREE LIMBS, BUILDINGS, ETC.)",3.0,33.0,1.0,1.0
0755086f1a9b0df3efc1e7163a16593808a02d0c3544d3689dfd5998f473c67081749cdd90076680f5b4defcc5eedc03418f85f4f7a3895172c571291ce6e278,UNKNOWN,UNKNOWN,UNKNOWN,EXCEEDING SAFE SPEED FOR CONDITIONS,2.0,37.5,1.0,1.0
075528c39f24e6d5734ce693359502fc3fda597e5294b70ee58aae4082db4301e049b86b57349b5a0a2bccbb6347624a7934172f67cb52a0d55e171fb8f6c51d,CLEAR,DAYLIGHT,DRY,FAILING TO YIELD RIGHT-OF-WAY,2.0,36.5,2.0,2.0
07553f9e3b66c47efe9dd11c841a8be863c88aeede4eb94f18f202117fb15616d13ea2737801c9dc44150fd238da44125e7dcb6df44c82b6350ab0774a46c894,CLEAR,DAYLIGHT,DRY,IMPROPER OVERTAKING/PASSING,2.0,67.0,2.0,2.0
07554af1bd20ef8c67108a0512fcda9f76099c9ebd81fddf8ddd798c0ab5b29beb620b52664b41074ba50d3ac34159ab0e78ececdfdf9bc6adb25423d0e19cfc,RAIN,DAYLIGHT,WET,FOLLOWING TOO CLOSELY,2.0,44.5,2.0,2.0
07554ccbaa68ef6ec6c17e410062af1167543d2de3bf7af06c0e0f7284d385cbea98e283de2bbfb841dc5740a1b3265ebe537608550f65a6a8c27ef6368b5bfa,SNOW,DAYLIGHT,SNOW OR SLUSH,FAILING TO YIELD RIGHT-OF-WAY,2.0,48.333333333333336,3.0,3.0
0755553a3e3ee98b397b1395fc3da2a00b51e802820bd409a1ef0f01e22740aca2a927a26877725516763c2a397e0e644d5d30c2335359ef87450ec6b892c8fa,CLEAR,DAYLIGHT,UNKNOWN,FAILING TO YIELD RIGHT-OF-WAY,2.0,36.5,2.0,2.0
075563b99f59d8e33f28922274f76c669aaa973be0e878d497f670a9402870f89153e350014fe0027d843e9cad2fa27eb88584992718ad41ea056e1027e025ca,CLEAR,DAYLIGHT,DRY,CELL PHONE USE OTHER THAN TEXTING,2.0,13.166666666666666,6.0,6.0
075584f8884fefb7f61da9d8ee47531e4134624d56eb9257f424167ca3be939deeb1e179b82fe69423528ca96553958a7faed4cdfcc870fe7424e86be54d5701,CLEAR,DAYLIGHT,DRY,FAILING TO YIELD RIGHT-OF-WAY,1.0,42.5,2.0,2.0
0755bf52a9dca9995a610ad14e6d8a222588f1bd40d5e16a94e87b8900f43663cfdc2bcc8a0102f04c82640fdc536eeefa33d621d9473c25c4354aca976b3147,CLEAR,"DARKNESS, LIGHTED ROAD",DRY,FAILING TO YIELD RIGHT-OF-WAY,2.0,31.333333333333332,4.0,4.0
0755cc44ba07a4ff57e5b6dbfb2eb62a0db8bc4bce189fd3a2ce916706b5608b2f7c960f33def2e54ddad44d76ef9af30829660d7a02d9c28ab955c2883ba760,SNOW,"DARKNESS, LIGHTED ROAD",SNOW OR SLUSH,FAILING TO YIELD RIGHT-OF-WAY,2.0,42.0,2.0,2.0
0755fa8d4866063edf10655536f8d4c61cbe2a154fff5b4ae5571cf4011e37868396e222d093a27f0100c827723d588b9dfba7a3554d517d510f74727f0bb42d,RAIN,"DARKNESS, LIGHTED ROAD",WET,WEATHER,1.0,43.0,2.0,2.0
07563d54c7ab060741a48f3a5ea4e2381a53a8ea90a62fd45edd749bfc259b7e9177ded750e25a512958b58b46087d9266a27dd0ed29ba07452eda54bfcd7892,CLEAR,DAYLIGHT,DRY,DRIVING SKILLS/KNOWLEDGE/EXPERIENCE,2.0,47.0,2.0,2.0
07564e00117836935e7b3a3fd58914a85ca2f15870d2e6c996233612a89aefd2d883f2384a5e0502b757ed83b6cb73316c6dec7f5d60e1ee1f5341d7016153d2,SNOW,"DARKNESS, LIGHTED ROAD",SNOW OR SLUSH,WEATHER,2.0,44.5,2.0,2.0
07565b305e1083d9ac74fed7381cddbbf3d6de6d3282ac89847744236a4405cb0647becde478fd304491b6e1dcc87ee9f705e773ae2e6b056378103529e5d532,CLEAR,DAYLIGHT,DRY,FOLLOWING TOO CLOSELY,2.0,34.333333333333336,3.0,3.0
07567346d5b9360bab6e2cc84e97ea64a313e1943d8dbf4baf6a672444d89b9ae9b35868ff03bf210e6a7afd27bf7be1182af5e736fc64f4445e55e1df60dca5,CLEAR,DAYLIGHT,DRY,FAILING TO YIELD RIGHT-OF-WAY,2.0,58.5,2.0,2.0
075675933c92e49d755f9a97f27815cb6998c147b3ad3da7cdc97c888b0ffbbca61ebbd91871a532a3c4f85adcd8672efa69f5c26d3162128080e1dbf6fdfd2b,UNKNOWN,DAYLIGHT,SNOW OR SLUSH,"OPERATING VEHICLE IN ERRATIC, RECKLESS, CARELESS, NEGLIGENT OR AGGRESSIVE MANNER",2.0,52.0,2.0,2.0
075676e139b595bd4d3f45fa314c85904986fb8ed1f47b508bcfe88775f3a591f1b0072db43ad92e530abbaf732f9c2ee03d59ea1f3030895f92eda05c6e48aa,RAIN,"DARKNESS, LIGHTED ROAD",WET,WEATHER,1.0,28.75,4.0,4.0
07569c846576126f574c5594968d17cf85eed62db9c80ccadd9aba7e0a9669e0b8e82fdffa224e8ffd55453098ec834f23bc27d003c0d5ad5b7cd917310a791c,OTHER,"DARKNESS, LIGHTED ROAD",ICE,IMPROPER OVERTAKING/PASSING,2.0,45.0,2.0,2.0
0756a66b57c5e18f586f10921fea943f6017de6e3b6f2d87f8086f8ac766d253f8824916c43c5cd0bdbdd3603c61f7f76a11dfba6990aed73c605b764e05a313,CLEAR,DAYLIGHT,UNKNOWN,IMPROPER TURNING/NO SIGNAL,2.0,32.0,2.0,2.0
0756cf496be3d0b586cac60ef2d4165c7778bc7ab5fb945c4ebaa7b949851c766b85f6303bc34398956360d1d6ea606c32ad1b85fe2ec421adbc2878334bf7e3,SNOW,DAYLIGHT,ICE,FOLLOWING TOO CLOSELY,3.0,35.333333333333336,3.0,3.0
0756decece001751c8ea7fe8d3107a5ce7945c7e677757709038bb8934782b2e776c336d6b1e64e7303fc6c9331adcff820d67af798cbf0b5afc815e96a4c177,RAIN,"DARKNESS, LIGHTED ROAD",WET,EQUIPMENT - VEHICLE CONDITION,1.0,37.5,1.0,1.0
0756df223332a01f72ca16e98a3e40cc2af75bdb6fd51c6332a6d6b36286e479d640d7cb7b0321b12e19d0398e166bf8d8cc31b73c6e2c3a85c7c4fc4b212b3b,CLEAR,DAYLIGHT,DRY,FOLLOWING TOO CLOSELY,2.0,67.5,2.0,2.0
0756eea01e069e2817748e1cc3007dfd60ee2bb122ea1a67ca6194ca378de28dbf109ab5862d53f713edb275978a3307ba85ca2d02b3688fd15945de05ea0e49,CLEAR,DAYLIGHT,SNOW OR SLUSH,WEATHER,2.0,45.0,2.0,2.0
0756f82c880404a8e0569bcacbd1ab8e8106818519da1b5cb386b1d0c6d10f8fe6aaa1253dd5bfe3f52d0e23b811c8b31a8ae846bab8e97985ddace0ee627a19,CLEAR,"DARKNESS, LIGHTED ROAD",DRY,"OPERATING VEHICLE IN ERRATIC, RECKLESS, CARELESS, NEGLIGENT OR AGGRESSIVE MANNER",1.0,16.0,1.0,1.0
07570608defc69bfe9d24340d0638a01466fe67e0edbc54a9260a0bcbeec52e89765742706598b90d5684092c6d2e8fb6c0db1c6b51a19d0baf725eca9e56bca,CLEAR,DAYLIGHT,DRY,DISREGARDING TRAFFIC SIGNALS,2.0,24.0,2.0,2.0
075741d94eb15b36617c8611fa630284286314d46a0207130094022c2789eabd6ecd7ced89ad8609c5bb145da4500deffd1e3373ef38a717d3a412a0e174afcd,CLEAR,DUSK,DRY,FAILING TO YIELD RIGHT-OF-WAY,2.0,23.6,5.0,5.0
07575979a948c34f1a612eae95f40da0bb1f2e1eb143234d1776d5a93bbf58174978cd0e6ba7c7f1fc7b1a7c3f0da2dc89225e63531e417201cd4a1ee1e39078,CLEAR,DAYLIGHT,DRY,FAILING TO YIELD RIGHT-OF-WAY,2.0,39.0,2.0,2.0
07575e45181d9f713c5f5a024a3f71394ac39a1adbcb2fab84bb685998d4dc2b17dbeed5d6ec93b868c25485f11f778f15f8a8a175b5d862e614fb1dec5079be,CLEAR,DAYLIGHT,DRY,IMPROPER LANE USAGE,2.0,25.0,2.0,2.0
075785a0303ad6b5b00a3fb9b6c172ffe7216a9e9edd13b0fa17b7bf4b2eb847f0c7f9b659650bf28588b8dbbeb01b781f3efdab226d4deeed73b94d1958f15b,CLEAR,DAYLIGHT,DRY,PHYSICAL CONDITION OF DRIVER,2.0,74.0,1.0,1.0
075797533f9dfa8b99266946fa6e3c0f07d12f9dede005215dbc8cb443ef5bc365b97db0c9672e99d76dfc22128f68a87d69a4957962c31194184200d327dff6,CLEAR,DAYLIGHT,DRY,EQUIPMENT - VEHICLE CONDITION,4.0,26.5,2.0,2.0
07579e32ef7da6478adb2934f15ecaebe3e95a6956f4ce40baf15e750bd50cecdc4022b30ea99c81872a6fc66e6d3c9e0fe2848801a36b77fb4b0196da37ae3c,CLEAR,DAYLIGHT,DRY,IMPROPER LANE USAGE,1.0,51.5,3.0,3.0
0757bc89cd0d2cde173d5645e93895ccf04529dc08637eec49473fb3ac6e3bb47bf22719536b5b5f0de64346a6ad850ec6df6fbaf3e4631dab2bdeadc6313e91,CLEAR,"DARKNESS, LIGHTED ROAD",WET,EQUIPMENT - VEHICLE CONDITION,1.0,39.0,1.0,1.0
0757d2ab1704734ff65bccf13af5436102f8036f4140d04a54e773ca368c8c7a696b646d6e023f4d5698878df85ca610dc06800e36dfe745ba09b6ea95a6ed00,CLEAR,DUSK,DRY,FAILING TO YIELD RIGHT-OF-WAY,2.0,21.0,3.0,3.0
075832b2d9b206e834c2f03035c3923c50a7f6bfa7fd67c0582c02477d8b2d6ec7b7b3d95cd9a053817ded784f30791b598eaf86a4008b14ca99e0d745c4ffe5,CLEAR,DAYLIGHT,DRY,IMPROPER TURNING/NO SIGNAL,2.0,37.5,2.0,2.0
075854feae76cd324539ab9b370271729546e43ca94ecd21d354419ea4af71d5babe610207d7e0306e971858bde3307fc16f12c44d88cc58d9ffc097857defeb,RAIN,"DARKNESS, LIGHTED ROAD",WET,FAILING TO REDUCE SPEED TO AVOID CRASH,2.0,38.0,3.0,3.0
07585f10dbfd214aaf69b12e97a719782ba6766cc35aa68e4b3b9f68013354e92bd262766fa890c28e270492a3237f21b3723186d36be15b7291a6d76ad3f7db,CLOUDY/OVERCAST,DAYLIGHT,WET,FAILING TO YIELD RIGHT-OF-WAY,2.0,45.0,2.0,2.0
0758692756670135434b2e6744ac22ac011e5731824ed2abf585d1ac50336c8241e34473cdcc89d4388270ae3c14da1e4d196910bf97e4642ff47d8dc3ee6901,CLEAR,DAYLIGHT,DRY,FAILING TO REDUCE SPEED TO AVOID CRASH,2.0,34.5,2.0,2.0
0758991323da6700b4c0ea95f30ea68bb8fec068943eac1008e7c50dc6b975398987d315b9fb9060722768d2674dd55ac31b0e3537e0f59032d9be65eefc2c1f,CLEAR,DAYLIGHT,DRY,DISREGARDING TRAFFIC SIGNALS,2.0,66.5,2.0,2.0
0758c81114bbff87158eab42bc457b8574c555efb998f469d1d8666c3fe99b6b908fc62f898dbb2f4e390d58a3ea263336ce806ccc44730da19b5ce89b2a89f0,CLEAR,DAYLIGHT,WET,FAILING TO YIELD RIGHT-OF-WAY,2.0,41.4,5.0,5.0
0758f8a34b93ac2b5e8568fcc8e7fcb95b518d23f16b166afa7b60ed254f6d4905c6edcd9ac60ce50c2c3810380099cfa915727083a9ddba0681b9a7188b4318,CLEAR,"DARKNESS, LIGHTED ROAD",DRY,IMPROPER TURNING/NO SIGNAL,2.0,32.5,2.0,2.0
0759012038ef98764ab0a9d78d829e93dcac68e70bb99560b3bf9ba4355a3cb2e6546b8e9f944c66d31e17bc1f1e2d3b43bb781d6d486ab81e328349eb5fea45,CLEAR,DAYLIGHT,DRY,FOLLOWING TOO CLOSELY,2.0,38.5,2.0,2.0
07590af7693fb5e027ea8b62ea20b842f0daa18a5e9e687bcd1002ec6ebcfec351083db1ce4e6a512af51fa06c2853032a682c7064d9c382e125b3c33a107be6,CLOUDY/OVERCAST,DAYLIGHT,DRY,IMPROPER OVERTAKING/PASSING,2.0,44.0,2.0,2.0
0759126cbdafc3bdd87d00cdecaf401dd79489914d4a4134daa739879055b086fb0af27bb57d722aa253c4b3f912a72564faf8043e795229f0020e1b2ae324be,CLEAR,DAYLIGHT,DRY,IMPROPER BACKING,2.0,48.5,2.0,2.0