crash_record_id,weather_condition,lighting_condition,roadway_surface_cond,prim_contributory_cause,total_vehicles,avg_driver_age,total_people,total_injured
07599578fe82d1047b154919cb660f2f089fbbadf3b6adfb7bdedb1dceea76437575c257d4eff911a4a571b7d57a3e88fcac26a91d6ed5857e5a9782f6d4f74e,UNKNOWN,UNKNOWN,UNKNOWN,IMPROPER OVERTAKING/PASSING,4.0,45.0,4.0,4.0
07599972cc41b7c87d68434fa23a268811523789e4b77f5168df67e01f75323058f29899644765a7812bd172af5b1b10a6f6b4f56a2bbdd1c25992ab983517ae,CLEAR,DAYLIGHT,DRY,DISREGARDING STOP SIGN,2.0,28.0,2.0,2.0
0759cbdac34337d7c642d327b22054c8d3cb6c06503171da6bda5664e491ef3212a006d21131df30e435be9f0d4f1706ee84939daafb18d911cacc520ec16a5d,CLEAR,DAYLIGHT,DRY,FAILING TO YIELD RIGHT-OF-WAY,2.0,19.0,2.0,2.0
0759ce6614ceb953a55a40f14e649fd382c2126d04e6b3deec9242b404a586ddc7f48db679236f157ec8c862bb8dba65a32837ed7f65b63deada7e95a10bb76c,RAIN,DAYLIGHT,WET,EQUIPMENT - VEHICLE CONDITION,1.0,16.0,1.0,1.0
075a2dc7cfa4644ffb4642035751f4724ed2091083f8dc4d66d08876a6ce7eb0d13406c07b9ea4380861fc4c8ffb99691655cae81feb17115542ba6e7b47f4fb,CLEAR,"DARKNESS, LIGHTED ROAD",DRY,IMPROPER TURNING/NO SIGNAL,2.0,34.5,3.0,3.0
075a357a08446b89cfba06f132b80c740d396e38ea9d0ae179b0b56e20fee7fb04847446ab94544b8a98548746c61a4086696cb7b4b08d2bc5e2aac0e919cc97,CLEAR,"DARKNESS, LIGHTED ROAD",DRY,IMPROPER BACKING,2.0,29.0,1.0,1.0
075a7a6bfdb17742c2d72ae49928d30dfbb221e799ed869670c3afcd10cb47005e1054c3e694a7501721851df330098c1fd79e7532aace0ad84b2b758933c573,CLEAR,DAYLIGHT,DRY,IMPROPER OVERTAKING/PASSING,2.0,51.0,2.0,2.0
075a845793205d9234b881d26e2c663d69397076eed7f9a4689c9f5d5c435e9140ef3886f07a4013bbd9855f484363f14847c304700f546109ee235c18e47c66,CLEAR,DAYLIGHT,DRY,DRIVING SKILLS/KNOWLEDGE/EXPERIENCE,1.0,22.0,1.0,1.0
075a8de8a89cfd3a3dda06a45bc5c02ce6b7122766d96d412967bc7c1cb9e5806ebf2943a4513fcabb89d4dd95a324de5e573bb8048f574b6f7408b82cd8c01f,CLEAR,DUSK,UNKNOWN,FOLLOWING TOO CLOSELY,2.0,39.0,2.0,2.0
075a9db265a1a335473f811339c3d0e30fc558b671c810cbe78989aa85c85a3eec10a51d9d55ff5ea0d6be09e5a9cf6a76fba6c282e88de889d3d4e587674978,CLEAR,DAYLIGHT,DRY,DRIVING SKILLS/KNOWLEDGE/EXPERIENCE,2.0,32.0,2.0,2.0
075ab6a463dc8098ee704a4c00df2e4d46605e86e455c38969680e5064f986e5c6fdac4d5536f84080c41579ea3d39d5d35b5d726f18f387abdf446eb6fbc23e,CLEAR,DAYLIGHT,DRY,FOLLOWING TOO CLOSELY,2.0,35.0,2.0,2.0
075ac02ab61cbfbb0e0655f57bea6ceb3412dd9d42f4f1cff3f2373054e0898f6446a01a4a2d7c242f7bbfb6aae9e294c2164f16ce4e6e5efdb0e7b93e5bbaa9,RAIN,DAWN,WET,WEATHER,2.0,37.0,1.0,1.0
075acbda1f5a4ffa5d2bb842ffcadd2436a006d78f68bc602e5bebc75c8564c0600694711837668721f783c884b913346c9c1956367de8a573117fb8451d97d5,CLEAR,"DARKNESS, LIGHTED ROAD",DRY,FOLLOWING TOO CLOSELY,2.0,28.0,2.0,2.0
075af1f563faeea3f7c2d4e70ce80d6e2741e3cf56feb7ddf0a8f863621aaf262233f914fa43d3bd66d148242c3b5a987eb43908e65ac5d634117a4548740a6e,CLEAR,"DARKNESS, LIGHTED ROAD",DRY,IMPROPER BACKING,2.0,24.5,2.0,2.0
075b070cdb2d3d5241a97a58be9438366d2982a55f41dd52714d3ac3efa2327f09718fc03b1e8e68e52f649ff3814843719960d30fc6a9a0f7d3c30b2b51d18c,UNKNOWN,DARKNESS,UNKNOWN,FOLLOWING TOO CLOSELY,2.0,46.0,2.0,2.0
075b1b25881f56be24ea1bf2d5c6e0117048fddd5d583d8f84b3c5c397d194ff1f6c2e15787ebafeb61181d2352a1d3f71978965ccf25aeea06239f9b4ee208d,RAIN,DAYLIGHT,WET,FAILING TO YIELD RIGHT-OF-WAY,2.0,37.5,2.0,2.0
075b1b92c48e76be83ed41af7cc7e6a09207314ae19741244b1427c2783a6bfa1e90e5a81721e3e7669ddc7ddf979ae1d65b7e3a0152bf5797517abf52ff3cfd,CLEAR,DAYLIGHT,DRY,CELL PHONE USE OTHER THAN TEXTING,2.0,39.0,2.0,2.0
075b22a5aa5cd132891dab0d1f6d0ebd75ed16e5864b6824d3a9dfeae6ee87c8de63e9ee25f65f5972002f20786c3c31ff8e1af21f4326e2793c7f0510a77fdd,CLEAR,DAYLIGHT,DRY,FAILING TO YIELD RIGHT-OF-WAY,2.0,38.5,2.0,2.0
075b351fc5ab376100b453481d35c18d0a5deabfca5d1a9ca58fcb0b5cb9344862bf67c3fd55eaa55495c1df6e6d3c51810d3f250b2a18a6fe393b58e242f975,CLEAR,DAYLIGHT,DRY,DISTRACTION - FROM INSIDE VEHICLE,2.0,24.5,2.0,2.0
075b394e9b337a87d202d8c99fb0a47cd4643b986d7303ee8c193ac3c6f9e6bf330891eaf57881cb9191efa8a49c71aefb40394717f569955ac657db9f66cb38,CLEAR,DARKNESS,DRY,FAILING TO YIELD RIGHT-OF-WAY,2.0,23.0,2.0,2.0
075b69fc7ab09c3793c92b69f9d4524f3f264a0c482774561e0517acdf73ca0d0ce79ce137976f33dbbf7bcf73b87eb0250bf61c8b5af229638c492af794eb03,CLEAR,DAYLIGHT,DRY,DISREGARDING TRAFFIC SIGNALS,1.0,54.0,3.0,3.0
075b79b0f5b4edbfd4b7cd72959922fa88657735cce71d347cbb83fd8a724fb3000157a2c71b6a674cd0cfc40723049ede90dc2118c910da7d2f2e6ce3870fb5,CLEAR,"DARKNESS, LIGHTED ROAD",DRY,DISREGARDING TRAFFIC SIGNALS,1.0,23.0,2.0,2.0
075b862fd5b094f7a2e2bbc3f95d57137421f91116af17be76fbd84e8e06232483ba1cb559fa1aaaadd772d50c822c2dc8e16faef17a2601ffe5d8628e22e5c2,RAIN,DAYLIGHT,WET,DRIVING SKILLS/KNOWLEDGE/EXPERIENCE,1.0,33.0,2.0,2.0
075b86d8cb2e31362f7333b67104d46abdd4f79bb3dd9fd769a20c90254e542e7492b3475be1b11aa46aca52ad7891719c9515b0f4e584887e3edd9810b123f5,CLEAR,DUSK,DRY,IMPROPER LANE USAGE,2.0,45.5,2.0,2.0
075badbe8aadbdbd8348d2443ec7da657b9c5bd6e8a9f5cbabf699d874d219045d66d9d55f6114c355cdde1d403699cb060d072e9647bd9a66a557dbf33b60be,CLEAR,DAYLIGHT,DRY,FAILING TO REDUCE SPEED TO AVOID CRASH,2.0,51.5,2.0,2.0
075bb22e81f04f0f9b6f2cabc2e1ae2ec7f4aa0ba00a8043f7b89e5ec10536b889703440bfe22080bdea9ba2d4819a5b76f4ff27cfcfa2625bf4f1bc26e06db5,RAIN,"DARKNESS, LIGHTED ROAD",WET,DISTRACTION - FROM OUTSIDE VEHICLE,1.0,38.0,1.0,1.0
075bd0b477531df044c395ffe75beb2da50b353891c80b9b1fdd9b9313410d0011dd248c02021ef3df00f22655d76967e223387762930c46339c05ad3f457a72,CLEAR,DAYLIGHT,DRY,IMPROPER LANE USAGE,2.0,43.0,2.0,2.0
075bd71b31a91be066b31266fb4e214454b231b7e2fa11ed5a39eb95e4b3b90d589377847ff3da035ee47979bbff0d1b2d2f51bdb6130c606f16514071db5092,CLEAR,"DARKNESS, LIGHTED ROAD",DRY,IMPROPER OVERTAKING/PASSING,2.0,29.0,2.0,2.0
075bfbf495e9ec88c425314cf598cb9215c0a122fe27cee1ec11c760da7270f6c506b864a864357f29698439e809ffa35c80e797da7f0183897c86267324cf5b,CLEAR,DAYLIGHT,DRY,IMPROPER OVERTAKING/PASSING,2.0,66.0,3.0,3.0
075c1cc93d701d86e7ea72be353d767f365009d62c947317b773a982113eefd5d9ffa373fa4d015496c036056772ad4db74a93a137dae3652baa5da862b4c415,CLEAR,DAYLIGHT,DRY,FOLLOWING TOO CLOSELY,2.0,42.0,2.0,2.0
075c2411597ddc217738edd03a6d15522eb3fce0efe821aebcca8b803d2b9ea2c3ec3bc138998a3449b4280fe5503ef5599a6793107cc052dc52e3609035b640,RAIN,DARKNESS,WET,FAILING TO REDUCE SPEED TO AVOID CRASH,2.0,43.5,2.0,2.0
075c2db55263c37ab15cd345dbb98ce7b66f6a3713885942beb26ebbf5d16c9ab191c4799b16f4957d897e0e00ccc8119929b0ff9ec9b6cc1740ea7dc7d784d3,CLEAR,DAYLIGHT,DRY,FOLLOWING TOO CLOSELY,2.0,43.5,2.0,2.0
075c56b52c6c297632f1d29b50d43db30111678ec7ea476aaa7a527b7011b135058e0c0dcb93e1c86f6c6c5285ca7edb312a2ee8c2e3dfec97921371160132ed,CLEAR,DAYLIGHT,DRY,FAILING TO YIELD RIGHT-OF-WAY,2.0,38.666666666666664,3.0,3.0
075cc54d82207a838ced6199d0af5af091e43e8a02799db1989ff1b162f3e68cc737ede16468ec27b824ab2964b8538d6252fd9d6fbf97d901235b4405b32e97,CLEAR,DARKNESS,DRY,DISREGARDING TRAFFIC SIGNALS,2.0,28.0,3.0,3.0
075cc59218dbbde7aaf305f1592608207956ac4a1e1569346062d886d36bc873b9762b4a040e54fa83c916ce5928622b1015fea8a14e7c094548ad1c4082e578,CLEAR,"DARKNESS, LIGHTED ROAD",DRY,DISTRACTION - FROM INSIDE VEHICLE,1.0,30.5,2.0,2.0
075ccfb8f0b7365835b4574db110a92bc6dde9dbd64af73c7c1c9eb497f216289d0595f9f6792c49c304b04171e9cdb07f968d2d3c152c23aef9113673a1d2e8,CLEAR,DAYLIGHT,UNKNOWN,IMPROPER BACKING,2.0,64.5,2.0,2.0
075cd4cbcc9cad13872fbac650a751135ba2c7a8cc704923d0ce708ac9f5b99ea0c7413b9ce253559934663f2d10fa630a4292ecda4dc1ac87c87f32fc267f3c,CLEAR,DAYLIGHT,DRY,IMPROPER OVERTAKING/PASSING,2.0,28.0,2.0,2.0
075ce2ba65612e097b79204dcb701679bdace32bc0884e971b3e3403bfd8d7ac534c57bd8eb4ce610fea0dc40314efd5c3631bc62a93983156381c754849dc13,CLEAR,DAYLIGHT,DRY,DRIVING ON WRONG SIDE/WRONG WAY,2.0,28.0,2.0,2.0
075d0cfa7e31c213b5eb31ef007f5cef40e4a93e6ed43935dd84e2f8f4f195e7fa1379f3a54e12bf6b13db441adecb308a6881c30202da42bfca3690ee21eeb7,CLEAR,DAYLIGHT,DRY,IMPROPER LANE USAGE,2.0,65.0,2.0,2.0
075d5bb0113630364f6cfdf6f8c31c2705df513be5f4b94d201c284b7b878f08c68e2fc2ecb116b98c04fca4402d0240d59467ca04e4f8778c88d3d3fb2b6cbb,CLEAR,DAYLIGHT,DRY,EQUIPMENT - VEHICLE CONDITION,2.0,47.0,1.0,1.0
075d74ff44e4fac3b2ec29b041df67204ab107de69606d1140458d9361f1cfe630ea6485f32a2f1a106e47e86c153164b02caf152802ddf484a503628622445f,CLEAR,DAYLIGHT,DRY,FOLLOWING TOO CLOSELY,2.0,28.5,3.0,3.0
075d8d3fcc753175b8d704f16e7639e232430c7d2bb13a9015cc74908ebb0c264fa425de6518ad1389bcb395c566d0ff2e7cd8efc32cae7b4718840029edbd4a,CLEAR,"DARKNESS, LIGHTED ROAD",DRY,FAILING TO YIELD RIGHT-OF-WAY,2.0,33.0,2.0,2.0
075dc7e2d270b536b285a5b275268a529014d74544fadcbe890b6f62200e9b665f08fb16b03650bd1cf8b2216926c069d169dff2968a63895b2a3e39e1b44ba2,CLEAR,DAYLIGHT,DRY,FAILING TO YIELD RIGHT-OF-WAY,2.0,34.0,2.0,2.0
075dcb6d5dc54e006b2726d881e5c1249a51b4cf6e18ec2b230bb17bebb95b8c838d570b10b0f77df74b384de6b77c14df7cecfc664649a41827f0fba032af65,CLEAR,DAYLIGHT,DRY,FAILING TO YIELD RIGHT-OF-WAY,2.0,72.0,2.0,2.0
075dcd46a088eb6ed3bdb39a0cb1e0719c7a4c3391b05f780dc313eef9fb343e135a33a72025f2f53299ee18f3976790bd88822f65cd0372ae2a04bf142d8ee2,CLEAR,DAYLIGHT,DRY,FAILING TO YIELD RIGHT-OF-WAY,2.0,19.0,2.0,2.0
075dd011c9e4a9846ad2b19ef5725b75a1bd47cffaf9f6499b8c254735f570d15f1c62d9014e8cf3a33df2209241b5ff45ed91ee7a65f86a61abcb2e57d41a12,CLEAR,DAYLIGHT,DRY,IMPROPER LANE USAGE,2.0,26.5,2.0,2.0
075dfeb495514732d7b9205d2bb7c4c2f38ce4729458ca5fb26cc36db989720a2e76ef438ce16a31c394749a6dca5b9af95cf0263d616a28895b4761e5eac489,CLEAR,DAYLIGHT,DRY,FOLLOWING TOO CLOSELY,2.0,54.0,2.0,2.0
075e24c9c7c31d9bce9aff8b19e597135d2dfe2ffec47a627a0d7706420661b9d70427f373b0bab8b58976a40b7a0e35ca7de033860bb179e01a7499b65d6fa1,SLEET/HAIL,"DARKNESS, LIGHTED ROAD",SNOW OR SLUSH,FAILING TO REDUCE SPEED TO AVOID CRASH,1.0,44.0,1.0,1.0
075e31d2279b6cc3ecfbbf9546f12a0ec18a950bf4fee8cbf31c08b29f3434ef552d1e59bc368e33cb1c6733f296230ee7dc9440d0c2f0ac52cb4079d30a3e30,CLEAR,DAYLIGHT,DRY,FOLLOWING TOO CLOSELY,2.0,29.0,3.0,3.0
075e3342a024ee85ff06cce806270576593b430b14773452812eb9b5ad7727b19535d46eddb2e8c37b2c3e32dacf816040d98e0c2df0a079f04ea19c008a87f0,SNOW,"DARKNESS, LIGHTED ROAD",WET,FAILING TO REDUCE SPEED TO AVOID CRASH,2.0,47.0,2.0,2.0
075e92e2d37c2691f7f5a8c179749b201857f62303dc9ca9869c23ed2014b300c4b7558427d80cc5ed715783b565157cff475623007043ce05bc5ac12507b641,CLEAR,DAYLIGHT,DRY,IMPROPER OVERTAKING/PASSING,2.0,46.5,2.0,2.0
075eca23e944ccbb830507f9cf0a1a4fdb6009f49cb81ea931a765450f3ccdbd0c90a451c1d9df37674bed6e79b14036393f81f8f4cfb38ccaa9dfb637bfe9a9,CLEAR,DAYLIGHT,DRY,FAILING TO YIELD RIGHT-OF-WAY,3.0,47.5,4.0,4.0
075f51249c727bcd854712addffd8cd5cef4802eaf34a7e1bfd07547f055609bb229a85b82fb2928f33e58a726dba84beb7b398c00f85e3354cce47c113239d8,CLEAR,DAYLIGHT,DRY,IMPROPER LANE USAGE,2.0,63.0,2.0,2.0
075f8af8894fd7cc0c75fd60d6a631971d0b229e4cef7c07059081001ce0cc3d86eb614e5211cecac409581bb7b15d93ea84300e7389462189b2f4a2c4aee025,RAIN,"DARKNESS, LIGHTED ROAD",WET,FAILING TO YIELD RIGHT-OF-WAY,2.0,59.5,2.0,2.0
075f923514dcfca86921ecb381773d3953a235f24ac58fc5f9edd932bebdd603b881eabfcfa54cc5290a7f365e29457003fdcf12f26fa7451a9c90f562931d9e,CLEAR,DAYLIGHT,DRY,EQUIPMENT - VEHICLE CONDITION,6.0,37.5,1.0,1.0
075fabe2bbc9375dd70aea2bae870a303a5aed199deffccf62da42367e4ff15fed7fdab123043c514462330c08da3dcc93f5a12f640203f5fd30c5e12b1bb5b0,CLEAR,"DARKNESS, LIGHTED ROAD",DRY,FAILING TO YIELD RIGHT-OF-WAY,2.0,29.0,2.0,2.0
075fd459867dfa189476bd69e2df1212f983bb02bbe568bedbe08b0edbce5fcbc5be07a41d10b688db51d8c60de3e9359a290507a270ede259fb09015b12b5f6,CLEAR,"DARKNESS, LIGHTED ROAD",WET,FOLLOWING TOO CLOSELY,2.0,42.0,5.0,5.0
075fe9955be6ae3839e96983546dcbec5b44545fde337e325d8fe0672fe5e05c17e3643b5f2f4d1ac49ab6d6cbe2a3b2dd04fb9321c4fc491989e8b992e4dbfa,CLEAR,DAYLIGHT,DRY,IMPROPER BACKING,2.0,34.0,1.0,1.0
07603a64ea0b1595114bcfe571929df821f711149c8e795a8751b5b67b75a7ad0db44a91c0d0846b4d0bde06c6c955b083729d0bc7e442f0d086a6767976825d,CLEAR,DAYLIGHT,DRY,DRIVING SKILLS/KNOWLEDGE/EXPERIENCE,2.0,41.5,3.0,3.0
076069ca8da5b75d651b3e8ce4ea82d3595a47499951e657708b0e8bb9c3938e9d17c040bfaa44a57afd081a09740167871afb4be82b1ca553703f8cf3b8fbc7,CLEAR,DAYLIGHT,DRY,FAILING TO YIELD RIGHT-OF-WAY,2.0,29.0,2.0,2.0
0760ed370747de946c771e8ea1a0d0b31fb4fcc2526cab047526b829b66493416f06a9767cadec680f5d6548f5dfa5123f5e714462dc558920cee6353f41f6c2,CLEAR,DAYLIGHT,DRY,FOLLOWING TOO CLOSELY,2.0,32.333333333333336,3.0,3.0
076188963b05b10cd748d00932dea19beb86cb8efe9f71f623b50e8ec4c1cba1419bfd1091efc4b2f0846aaa0728966651c49ab94faff4d5d6a69bb864a1e8fc,CLEAR,DAYLIGHT,DRY,IMPROPER BACKING,2.0,42.0,4.0,4.0
0761a85f06777a7d4b861946e067850b5166fb83c08771acca0091ae23aad51879c85647787aaeaff136f9a479e3aa045c3140e8abb593758228d53827b14388,CLEAR,DAYLIGHT,DRY,FAILING TO YIELD RIGHT-OF-WAY,2.0,40.5,2.0,2.0
0761aea514682e7892e724355a883a84a0a76a269aa44395fbfb5867bb6cc41a4bf8f4f1bc79922c9cdab0a77ecba96d66b46e8735f5fff72b89cb3bd97bab6d,CLEAR,"DARKNESS, LIGHTED ROAD",DRY,"OPERATING VEHICLE IN ERRATIC, RECKLESS, CARELESS, NEGLIGENT OR AGGRESSIVE MANNER",2.0,37.5,1.0,1.0
0761f57b8e4378a808cba53032ab38ad1829cfe6fef7ac97a6d05d0831f14eda979d937ee7e9b201265b6898b68243ec2813edd302b408f021b6a835ab83be0f,SNOW,DARKNESS,SNOW OR SLUSH,WEATHER,2.0,46.0,1.0,1.0
07620033569328699379e2840e85c4720b6ed5e82c43bbb4b66390452ef5033b3261aeff42c8ce5f82096ae7fdcdc49bdad0bc81d231d88ce541d808c3f08196,CLEAR,DAYLIGHT,WET,FAILING TO YIELD RIGHT-OF-WAY,2.0,21.5,2.0,2.0
07620ee71528e4edafbd06f881bf18a8b138212b6b9473267ab7c2eb965c3a7150f21e424d5b30964392665ad2e490201a2896b649168dc0a1cd7ec2f142c04a,CLEAR,DARKNESS,DRY,FAILING TO YIELD RIGHT-OF-WAY,2.0,44.0,2.0,2.0
07621e099be1e641f04f90906ce5a124f36d971c2fb68827136b9d016118da64c5a3753df4363754903c995d1e6142a50f50827b123cef9ab6145242ea370898,SNOW,DAYLIGHT,SNOW OR SLUSH,WEATHER,2.0,0.0,1.0,1.0
07621e63915b373111ba8e56203deef3bc70e642ffcef13f10af3e2aebe74f1d324a4df9bf2b7f6591f1ddd6a2314239704a31e373551fd4f2e496d51adeb37c,CLOUDY/OVERCAST,DAYLIGHT,DRY,IMPROPER OVERTAKING/PASSING,3.0,56.666666666666664,5.0,5.0
07621efe89b3cc1043203cc629ee80f9bb67bb80fe8997731a4e88021f801e519bde2914f58a6b73dd95b59d92925c7a47d73c99f3bcc6ada0a3f71625f36453,CLEAR,DAYLIGHT,DRY,FOLLOWING TOO CLOSELY,2.0,57.0,2.0,2.0
0762201400cf390a80df51ae4ba851717fbf6537ebe366ed2965719185f0b33713f0e3e4a41bc97fa73c022aa86e36abc04166b753461548c44cd7cdbd8c7023,RAIN,DAYLIGHT,WET,FOLLOWING TOO CLOSELY,2.0,23.5,2.0,2.0
076229fab2ec040e664a2b13e70f7985f7b34ef2f963516e225d2f68c85d4a2680bbfa6b5610d5315cd5bfd39d27525c51c732d8e3dd162a6e45b4a44a179409,CLEAR,"DARKNESS, LIGHTED ROAD",WET,FAILING TO REDUCE SPEED TO AVOID CRASH,1.0,45.0,2.0,2.0
07623e5847308732ba289ea463b7ff1d72b6bde32ba83ca5ea4bf6576c2e81da12adb7e43930b9fe57cc4329d82e64ef32f46b5d1e3b4499671c7681c937a435,CLEAR,DAYLIGHT,DRY,IMPROPER OVERTAKING/PASSING,2.0,28.0,1.0,1.0
07624af07e22788d5f408c1e8ab2304b44f86a5cdbe7d2e68a9c578d7e845e504deb6c16c67c053c92f3818197975b408053bf06312b1bfb4f886d78a5066bd7,CLEAR,DAYLIGHT,DRY,"VISION OBSCURED (SIGNS, TREE LIMBS, BUILDINGS, ETC.)",1.0,47.0,1.0,1.0
0762515410756de346aba1ffd75de5fc91b12db091100a92a829f0bd79037c087c545799a59305cea07532b1f4d24dc6dd3a8bd5196fc0e7338c2c4535c5a532,CLEAR,DAYLIGHT,DRY,"OPERATING VEHICLE IN ERRATIC, RECKLESS, CARELESS, NEGLIGENT OR AGGRESSIVE MANNER",2.0,27.0,2.0,2.0
07625e659eb14d8edb0edc6fab55a7c84fbbab04537f65d06d504272a889627bfe25c9087be9cc30655be2776bfea61f86e11abf82ec41082343ba1040c0644b,CLEAR,"DARKNESS, LIGHTED ROAD",DRY,FAILING TO REDUCE SPEED TO AVOID CRASH,3.0,44.25,4.0,4.0
07626dd92ea395004d5eae6dc9283ec7428e557486985f9eee5c7ee5155c1b7842b462f5f5f339694ac0308fee2ef1e7bbed1e23227039848790e6e62af1d57d,CLEAR,DAYLIGHT,SNOW OR SLUSH,IMPROPER BACKING,2.0,53.0,3.0,3.0
07626f6d0de125d6c0d11de5a03b2243c833ad79be3ace1d2a499b543a67f4bf22729ebdb7479e086f0876424ac606afef5604bb617c5f8e8e036753ab6aa426,CLEAR,DAYLIGHT,DRY,DRIVING SKILLS/KNOWLEDGE/EXPERIENCE,2.0,65.0,1.0,1.0
07629194f655c5a28b54009b7161efe6ca2874fd287844f8eec456c490aee416eba6f9e165f2edc2824d651ac72f833f1ffb3cac439632c1f3949658a8253103,RAIN,DAYLIGHT,WET,FAILING TO YIELD RIGHT-OF-WAY,2.0,22.666666666666668,4.0,4.0
0762d15a7602ebf3455bc02d6db54983d3406c547f4fa21d38dbd777083b114d7cfeac19d231e659aea5c43d7d49506316d0af74094ff4b54fb92dbd7217d3f4,CLEAR,"DARKNESS, LIGHTED ROAD",WET,"OPERATING VEHICLE IN ERRATIC, RECKLESS, CARELESS, NEGLIGENT OR AGGRESSIVE MANNER",4.0,25.2,6.0,6.0
07631a074c0a52b1b9a1475ead1255280163e4bec431f6e08e8f55c26da7f71fdf5d6e590fdab9b550ec1ec90a2b85dbf3591a39716f5a921a61f40a67b4dd31,CLEAR,"DARKNESS, LIGHTED ROAD",DRY,FAILING TO YIELD RIGHT-OF-WAY,2.0,18.0,2.0,2.0
07633b0dc174004817549e0658604c412ca249231f5d2f1383fd733228349a2e2e1f008e65ac593a5abf7d2314753f75985ba8b87ae8acb49fbdc1df968c1374,SNOW,DAYLIGHT,SNOW OR SLUSH,FAILING TO YIELD RIGHT-OF-WAY,2.0,27.0,3.0,3.0
0763561b76c71fde06e2fac58327491396029b1ff59085be9510df027600d376d6f6b6d508a3e576620cc439235aff402edd5b6e9236c96e84d2854d2bc93964,CLEAR,DUSK,DRY,FOLLOWING TOO CLOSELY,2.0,57.0,2.0,2.0
076389a66168ce70af6ef4048c6cc5d85fd5af326ad208f72767def3f6a7d6efd7e2ae67c08c54644ac5a0cf362c5c992aa69d4ef48875f660bfdaab91da1a8e,CLOUDY/OVERCAST,DAYLIGHT,WET,DISTRACTION - FROM OUTSIDE VEHICLE,2.0,32.0,1.0,1.0
0763b3effa02069b404616ef4749ed106f34ea78bccb90e6b0c8edc705dec6e7b0057c869c1a787687bdd362bd3de798b5c795406eebc0058f750e91b9f1197e,CLEAR,DAYLIGHT,DRY,IMPROPER LANE USAGE,2.0,32.0,2.0,2.0
0763d2a3aa345c2b3fec7bf2f51e6a194266f3a1f8b0dfb47e23c41f761c0c026d04852b54085b1d17bb3b06b2c57c22a2b503decd3699d6c7385aa23dfd6d74,CLEAR,"DARKNESS, LIGHTED ROAD",DRY,DISTRACTION - FROM INSIDE VEHICLE,2.0,17.142857142857142,7.0,7.0
0763eceb0ab0053858beed73a8e3088c22d30d58e0f2b313122f361ac76bd43a6c4ce54915e18969730c2cf3801bc38e68d6b6eacc2222cb5567fdb363bbafba,SNOW,DAYLIGHT,SNOW OR SLUSH,WEATHER,2.0,37.5,1.0,1.0
0763fba0f25e0961af372b642ad376d64c01f042ceea0d238e5bff414a29c45d0e2882794ab60a31daef93d7191b3a2fa1716ab9ae8a78559c362f23a6898362,CLEAR,"DARKNESS, LIGHTED ROAD",DRY,DRIVING SKILLS/KNOWLEDGE/EXPERIENCE,2.0,17.25,4.0,4.0
07640c1f25d76623fbb62dd612462248e6fc70f62c0255263e54ffb9f3439dfc38f538b551ba419460ed6a063255e69676f27b432e552317358185892b1d6197,CLEAR,"DARKNESS, LIGHTED ROAD",DRY,FAILING TO REDUCE SPEED TO AVOID CRASH,2.0,54.0,3.0,3.0
07642bde8fcf2c15ec90fca303295ab4b20e97d7d475d1798b1ff4981c5519c743ab8f0d2ae3e756accb57ddb1ea164a8b449f135b3926644ba5feb7ef38ec20,CLEAR,DARKNESS,UNKNOWN,IMPROPER LANE USAGE,2.0,17.0,3.0,3.0
07643c44406c6cbce82fac64ff3e5760e40880454c89c10dd9d5f215face596b0f023ebb62e9c0045c1e25df51149f8c479f17d7fb6bdd9bfb87bd178cf2c410,CLEAR,DAYLIGHT,DRY,CELL PHONE USE OTHER THAN TEXTING,2.0,30.0,3.0,3.0
076448778267fa3e28694197b163315514c5f8211e19a446099fa6f0d9b64ff85be5f9e101966b75422eefd9c3782dcaebc9393214349287879fa5380f5602f7,CLEAR,DAYLIGHT,DRY,IMPROPER OVERTAKING/PASSING,2.0,36.0,2.0,2.0
0764f1038ad17e9da4d38410adccad6f85e7dcd01f01f95bd979207bc293aad005c812785f4aad83b0c88cf6d9fa4b322fa179d746a0213e26362f6a72f122a7,CLEAR,DAYLIGHT,DRY,IMPROPER BACKING,2.0,30.0,2.0,2.0
07651099a39f1787f03bea25fbf330c27c351b85368705d4c3e94666144bd73da1f495353ad892f4a0e7de1af9dfe1282711353237aedd160f2accfc6accf1b2,SNOW,DAYLIGHT,ICE,WEATHER,2.0,28.5,2.0,2.0
076540bff0ef11e8a5606528e0ffe981135f8d451fdcd79308758b8d782c3d8fd563b82bd59271c595e111e0c15998bd85650ca68e37b57bc90942dfaacf5596,CLEAR,DAYLIGHT,DRY,IMPROPER BACKING,2.0,60.0,4.0,4.0
076563e6f60a197ad9e58d25b318b671dba16995a77645e7422621c21c31370e3a333177b5d7a34a17e487c3ee80d52c2562cc20ad7d5a662b4a5d44914c3102,CLEAR,"DARKNESS, LIGHTED ROAD",DRY,DRIVING SKILLS/KNOWLEDGE/EXPERIENCE,2.0,21.0,3.0,3.0
07656f356d47d5e4a17359b813c80a4a624e854c4efb5f864b8193e928c8e5d1eac53a3fda6cf9cfd79a01b7ed6f4fdf0b2d8481cac3737f5d4e3e12968c53e9,CLEAR,"DARKNESS, LIGHTED ROAD",DRY,FAILING TO YIELD RIGHT-OF-WAY,2.0,31.5,4.0,4.0