crash_record_id,weather_condition,lighting_condition,roadway_surface_cond,prim_contributory_cause,total_vehicles,avg_driver_age,total_people,total_injured
07656fe5f293a4fcc1ffc4de7239b2c9093c4b2721244cfc9c22cced371deab64fd562f98e8b9ffab4036e41f94e85c1c91861ea85568e028f53fa1666a91834,CLEAR,"DARKNESS, LIGHTED ROAD",DRY,FOLLOWING TOO CLOSELY,2.0,36.0,2.0,2.0
07657e0e833478908e904da56ae2724a64e1ade06ac60af69198ac0757fb07a34a0c51aa4f927ce835e5092ef791e9a4ba8b246e8952f75db3c75ba0bc5178ea,CLEAR,"DARKNESS, LIGHTED ROAD",DRY,UNDER THE INFLUENCE OF ALCOHOL/DRUGS (USE WHEN ARREST IS EFFECTED),8.0,37.0,1.0,1.0
076598adca4f2fc1d7a9d771c404ed5b7bab45cf98cedd47e0d2084662fdbaf6fb7aba5aac19ddb730986871d3efd8bd4bf3d41a204794de19ee7f8b0a13ac79,CLEAR,"DARKNESS, LIGHTED ROAD",DRY,IMPROPER LANE USAGE,2.0,70.0,2.0,2.0
0765c775bc0357a691f397626eeac0946ca41e68f90d71d8a87c197a1496492a3dc41375a113546463d58fe42d39b67f421950cc17c5156d56ee0ccaafd34662,CLEAR,DARKNESS,DRY,IMPROPER BACKING,2.0,40.0,2.0,2.0
0765d496bd44352fa64fad3899585ab003fe05620a7c9cb2b6dac4422db3dfd9eb0f6b646163effbffae9046b9d465233a7b9ab22a8963d8864e0b11e2bcac1f,CLEAR,DUSK,ICE,WEATHER,2.0,42.0,2.0,2.0
0765da8d281bcfa9e2f5eab81876139afb6b50e5ab2f12db00d3b6cdcad3aca9fb313d38c83d059bf9b30ae7e4ca2419808edf6d379032cbe1f6b6b264537c61,RAIN,DAYLIGHT,WET,FOLLOWING TOO CLOSELY,2.0,28.0,2.0,2.0
0765dc5c977a1f9df3a5585a77d735e12d47a1c84e776b20855c61e5d7875d407183ff63ca39f8c5e853b1fb675456de980c767f286742784c21779eec7b0cd5,CLEAR,DAYLIGHT,DRY,FAILING TO YIELD RIGHT-OF-WAY,1.0,15.0,2.0,2.0
0765ddd7df8647a17ffa81732e20653488192105057a1b9047a581a3834e98304d6f8e64362cdee9f7d3adcb018b114ddcb5c47faaa67cad23fe4cc544be78b1,RAIN,DAYLIGHT,WET,FAILING TO YIELD RIGHT-OF-WAY,3.0,43.25,4.0,4.0
0765f9c424190b5cc217f51d21312f9be0226f109974eef97d290564abd29e5b33d32e0399917b47127da97434cf5aad3dc4999e65289ad46699254bee526e16,CLEAR,"DARKNESS, LIGHTED ROAD",DRY,IMPROPER BACKING,2.0,31.0,5.0,5.0
076636d0e7fb0545b8a09f24e566ecf56d9c7a50bb1c741542736addddc8e97c3bbeacc488ac73cecb103e1fe59efd63f2accc2df105af32c5b4fe3f2f31bc8d,CLEAR,"DARKNESS, LIGHTED ROAD",UNKNOWN,IMPROPER BACKING,2.0,20.0,2.0,2.0
07663ea53cf368d527320980e8ffd88972178c8668921c6efefb90188fa3873d55a31abcd34dd9dbe9981d1e2a504403711727d515126116f690fcf2496f2bae,CLEAR,DUSK,DRY,IMPROPER BACKING,2.0,35.5,2.0,2.0
07665665c12b60561d748d55106ba55aeb78df9812479f593654281fc1071a4a745d2fe3ca01d14d16a08fb50c07903b68e4dcd76ecb8a4b10189c7674122fad,CLEAR,DAYLIGHT,DRY,FAILING TO YIELD RIGHT-OF-WAY,1.0,23.0,2.0,2.0
07666518adc5ae4601d80f08f8dab7f1217c98f5898813a1e526caeebe32dc79952de5b6f62125214dfd692921a25fc5645738cc51f95a6799ad86341fcd39d6,CLEAR,DAYLIGHT,DRY,FAILING TO YIELD RIGHT-OF-WAY,2.0,74.5,2.0,2.0
07669a5d4c9e91eae600b0e122d0dfcd96991e9f1ea6ec972b91abbc5ee149bffb1620ceeab4bc27941d71c7f3f30aaddbc33f47f36773911f43d3d4d311198e,CLEAR,DARKNESS,DRY,FAILING TO REDUCE SPEED TO AVOID CRASH,2.0,45.25,4.0,4.0
0766a5acd7a26f36c9d47b4e5d4e3242b063191170a00d93b41d995e11aa06a5f314de36d7a9713ff10fe63f243477028a49233900d88f41803112fdb145da17,CLEAR,DAYLIGHT,DRY,IMPROPER OVERTAKING/PASSING,3.0,33.666666666666664,3.0,3.0
0766d28a95d48815cb9f646059cd469064e4ca82d702dc5fdb20108847dece2cd1c87ad91153fbe8b99f698090dd623f5ae90464b8eacb76f1d4274a008cc689,CLEAR,DARKNESS,DRY,TEXTING,2.0,63.0,2.0,2.0
0766e4de1239756c3de29bd498e07dd2e6adb0e28348170dfc19c1042b9ccbf80965b2ca13dea49c79d49f243be2fb387018a9ca1ffc57e0aa3f98f99e7786be,CLEAR,DAYLIGHT,DRY,IMPROPER LANE USAGE,2.0,51.0,3.0,3.0
0767319efa166354949002154c413229f2b38c529f086a0fb6b72e2f8dbe171a874ad53b9d6f8329a55132f44fe1eeb949200e87e5a2b55df6a080020c02ea2f,CLEAR,DAWN,DRY,IMPROPER LANE USAGE,3.0,18.666666666666668,4.0,4.0
07674fb2c4815d20e1ccce9ce431e70d0b0632f64e58972457c7cbec25365bc49cb45a27d5da498a164c548d27c7b2379cf6deab94b205713667965490882a7f,CLEAR,DAYLIGHT,DRY,FOLLOWING TOO CLOSELY,2.0,24.0,2.0,2.0
07675aad455b28f944f4cfa319ac4b5f89c9e0f6e31ac5bf3aa8c201f6474b3ed60b62a1d7acc88874b764e400df0b4be26cfd57025a609493638d71bb41cb3f,UNKNOWN,DUSK,UNKNOWN,IMPROPER OVERTAKING/PASSING,2.0,37.5,1.0,1.0
07675fc454f98f568bea329805b8a301e83165071a0da1ae8c1cd6cf5a9087c301f241b2f64dc5a004fd5d84fa5cc777fe9a069e4617a9dfb63dd1b9945a21f7,CLEAR,"DARKNESS, LIGHTED ROAD",DRY,"EVASIVE ACTION DUE TO ANIMAL, OBJECT, NONMOTORIST",3.0,41.75,5.0,5.0
0767757f43473c31efbe4d8419fb52f347e54563ea3733cdbf36c9b1a8fc674524322c3e4f0e7dc6e97c9188040c4c9cbb046726bcb3876efabb702b0f5ec978,CLEAR,DAWN,DRY,FAILING TO REDUCE SPEED TO AVOID CRASH,2.0,53.0,2.0,2.0
0767bc7e5814712252c78c50272661eb2444aadb0399a2ec3e605d4775e00e09f291b3f2f8d7fbd4400dea55fcf72505c4e8f5a164f82a27a1e404c0da8c92bd,SNOW,DAYLIGHT,SNOW OR SLUSH,FAILING TO REDUCE SPEED TO AVOID CRASH,1.0,37.5,1.0,1.0
0767c6e5fe938af17f16cbe120b5d92f2b95c7bf0b94141adb18cc32a4afae975c055fc69d4c46826b99c816c64c0f38138aead66238372807d8a69e12c528cf,RAIN,DAYLIGHT,WET,IMPROPER TURNING/NO SIGNAL,2.0,22.5,3.0,3.0
0767db442f89119b80bd3c9f5cbc8e5d6e156be93aace358e54ecfbdef90dbb61e720b01ba3a972a3078838e280f53f705bf10d7522d50b1d108db0c8882ed5e,CLEAR,DAYLIGHT,DRY,IMPROPER LANE USAGE,2.0,43.75,4.0,4.0
07680e6df05387f6f97ba70a7550c2174c3c50da4963664702b162bd8cd75b54cabb59e250412c09f2f8119cd99c1f6de7d2fd4d11353b698220957c0fdf6031,RAIN,DAYLIGHT,WET,DISREGARDING STOP SIGN,2.0,28.0,2.0,2.0
0768279c34d7dabbcd2a6ec04b2ffab120b172972c463b36e11d234ba49f3c9bcca49d5d0ad64a493346568800c3fb3a1fc36b78fd61fcc8714c1ad11daeecd8,CLEAR,DAYLIGHT,DRY,IMPROPER LANE USAGE,2.0,45.0,2.0,2.0
07682b2bc49b33520b5ec43c6e9a5556f8bdd22267c79a791ee9e8b45297539a7b60398ddf35fa09f0a7842b6be978798b64b5f625ba87838997e30fc5357595,CLOUDY/OVERCAST,DAYLIGHT,DRY,FOLLOWING TOO CLOSELY,2.0,57.0,2.0,2.0
07684b19ee89366591c63c976e8950db2575889f10d0b295da2a98aaa98f2c782767fad5806f9a2e3dc145d3a477a9e42ab54ba9d84cc77391b6d51a3cbcd6f7,CLEAR,DAYLIGHT,DRY,FOLLOWING TOO CLOSELY,2.0,49.0,2.0,2.0
0768910c4ce7fec668ce2bf04ab2677a2f51170dbdc0b410a136b0e6b96b6a28ef8d7dd6d87feefb680d2ba7706463f0fc9cd7e263e9917188915c148011415d,CLEAR,DAYLIGHT,DRY,FAILING TO YIELD RIGHT-OF-WAY,2.0,28.5,2.0,2.0
0768b67ef03ae3e8492404b3b3e2f62a27852f3198e79a9421dc14a9baa856fd5b5682a81c46248f90e47924b2e804ebee34dcbb9e6617be99eb7fd36140f309,CLEAR,DAYLIGHT,DRY,FOLLOWING TOO CLOSELY,2.0,41.666666666666664,3.0,3.0
076903c0950f81b3c40fadcbcd53e776478e673e5dd61526cfc58927610688269285e7190eabd87b97f604e717cb6832528f8eb23bac6bdf037300fd3a7d49a2,CLOUDY/OVERCAST,"DARKNESS, LIGHTED ROAD",DRY,FAILING TO YIELD RIGHT-OF-WAY,2.0,35.0,2.0,2.0
07696775de206eb9bb38b19b4d13bb85807d6d1d6d470ad4db8f25c1110fafc8b91f95bfafeeba7b3eccd029acf844d8789371a51e6fa7056501e92da94c8b81,CLOUDY/OVERCAST,"DARKNESS, LIGHTED ROAD",WET,FOLLOWING TOO CLOSELY,2.0,37.5,2.0,2.0
07697e1df744cbf88b0aa37034aec2a2c05dc5f1b7761d1185110912b6ccece7b73cca3fbbdfaa869d85a69de59a7685c1eab965f6da82bbb9ef632170fc2fe3,CLEAR,DAYLIGHT,DRY,FAILING TO YIELD RIGHT-OF-WAY,3.0,26.0,2.0,2.0
0769915124f74233508a614b83cc80b6bb19acb77febfa144a4c67be285b1b333d62c47a8dcf710b44900e127b263544a8e6edc7501d6f743ac559f267e26dc4,CLEAR,"DARKNESS, LIGHTED ROAD",DRY,FOLLOWING TOO CLOSELY,2.0,33.5,2.0,2.0
0769bb643280910fbf7aae5ffe66f82b262ff2a3f4c5e991197399eac0beb0a053c535efcc3cd98c17ee4d8af30618f0e06de7615a7ff7639dbfe86e81061173,CLEAR,DUSK,DRY,DRIVING ON WRONG SIDE/WRONG WAY,1.0,40.5,2.0,2.0
076a1cb3d5c4acec6f08e314b22566e94b3f6354294890312cf0d173ce091bf5d13c249d45459453d466d12170ff5bb1bd5d3250a2567a6f277b710145ce0387,CLEAR,DAYLIGHT,DRY,FAILING TO YIELD RIGHT-OF-WAY,4.0,33.0,2.0,2.0
076a3d9b3f8f8396d3e96c5919dd0fecd923371bbb758f0c94092149d57e2d612a5f5f15719def201c027e0532c6037285f34e0f02f7a4aa5353c6a5638ec3e6,CLEAR,DAYLIGHT,DRY,FOLLOWING TOO CLOSELY,3.0,50.333333333333336,5.0,5.0
076a6eff3777d991d216eeff85bc6444d4f5fa6ce388ddb49ca3e98b9f2234d6f4f5e11e4eaba4c3eb8a629bcc25d22584bcc3ea756716f17b51851588ad9266,CLEAR,DAYLIGHT,DRY,FOLLOWING TOO CLOSELY,2.0,38.5,2.0,2.0
076a87a2b947db8a50d35f082d12350e7b16b7f32a2b9910948bb059697fa0a1afa36f259ff122a40e5f229b7c8f4bd74802c5d2e137da8aa9476394c3496368,CLEAR,DAYLIGHT,DRY,FOLLOWING TOO CLOSELY,2.0,62.0,2.0,2.0
076ad1483fe483fbff314b48ea4b3f7a7c3b2aac87dd2036df7ce67f07944a68138af2b667ad024c212ae64f9b7497482f33cc6dcc3ca43fc06333aef1ddc914,CLEAR,DAYLIGHT,DRY,IMPROPER OVERTAKING/PASSING,2.0,55.0,2.0,2.0
076b17baae2e2a930ef4f53127f897bdefeab78a8d91390c70e3c23fa3ca5e0c6c517fc7e97f2479826d54321b9c339098f00ca6c925fe067d285cfe900120ae,CLEAR,"DARKNESS, LIGHTED ROAD",DRY,IMPROPER TURNING/NO SIGNAL,2.0,36.333333333333336,3.0,3.0
076b1d1e57a96eeb6ea77ab4c5b95ce569441cead3c6f3933fe0042161fc9a8c44ee9cd84bcccff2b55b60d919472bc1edefa0dd47327c4d75a5e187f1534c7a,CLEAR,DAYLIGHT,DRY,IMPROPER TURNING/NO SIGNAL,2.0,30.0,4.0,4.0
076b2e4db62d39bb354983e2341a58d31efed6317b85497402554fae425afa8e274da7c30e8f79d992777be204144e66aa8387eb70359ec67e8aabdca04f1739,CLEAR,DARKNESS,DRY,FOLLOWING TOO CLOSELY,1.0,36.0,1.0,1.0
076b7e224b323711f8c4d95419b8e97c689721ab4e00c12c4ef56eb2f8e40cdeddbd66d59c38b1349c5ecd0b6ee0f399079cb9344568ebaebe6cf54b6720f9a1,CLEAR,DAYLIGHT,DRY,IMPROPER BACKING,2.0,32.0,2.0,2.0
076ba7f93f1423ccb4195a5d66366d710fa3f6d79c677e6c1c06aef119e08db38645244115a6012b54e39cebf96e295a396ef369da9e17094507324032adb707,RAIN,DAYLIGHT,WET,FAILING TO REDUCE SPEED TO AVOID CRASH,2.0,22.0,2.0,2.0
076bc1500dfe0bf0e41468c269473de162f87166913620c13292b5ca18c9df98fcc4ea8a22898167c0c30ebbf14c7802baa0020036b6cf150e2105b0b5cc15a0,CLEAR,DAYLIGHT,DRY,TURNING RIGHT ON RED,2.0,44.0,2.0,2.0
076bd669baa859a2c60dd22148c10174ff85c2107f749f5580192ce74d1e6d1dcbdeacd3d20e5136a889a603d24a4768889663cf6f8d5caef8aaf3c5508a633e,CLEAR,DAYLIGHT,DRY,FAILING TO YIELD RIGHT-OF-WAY,2.0,35.5,2.0,2.0
076beb51f4c0f1a49cf96547bb35e81e897da8c3f0019a1a38b6266ac6219f895b77e0fcddc90d2dc8ab5dad107d0e529682765b42ee8056547b9b020c954514,CLEAR,DAYLIGHT,DRY,FAILING TO YIELD RIGHT-OF-WAY,2.0,38.0,2.0,2.0
076bf7a7527eb9f631db5fd604d83754b2e685d2e0ade216aa353a5158f4b0698d192ea75f65910ea6448319f3b394fe352346c6ebafa748bd1f7b8a3ae2cc5a,CLEAR,DAYLIGHT,DRY,IMPROPER BACKING,2.0,62.5,2.0,2.0
076c44ee2673ee749fd9adb54ca68908505d7cfd1d75d3661ad0180f0e370e197d610e07a36b822c8f15fd784978f95c0d6206f97740383c3ff595f6959c7413,CLEAR,DAYLIGHT,DRY,FAILING TO YIELD RIGHT-OF-WAY,2.0,20.571428571428573,7.0,7.0
076c6d7216de8055d1ad5b18808d5af42b043678469b4b0956d8a9d5b5288234654cc663829ace3b96ca77758535e0e97a20b87de28fbf1fa1ac5279e0856db4,CLEAR,DAYLIGHT,DRY,FAILING TO YIELD RIGHT-OF-WAY,2.0,25.0,2.0,2.0
076ca86cbb82945afb65d38b549928cdadba8f8f00440e81e2cf730386b3c8f968fba86c2f8a52ac48217cf343e0fffdc68b15c889191d8a9ae202aaed9d325f,RAIN,DAYLIGHT,WET,FAILING TO YIELD RIGHT-OF-WAY,1.0,18.0,2.0,2.0
076cb2dd4c155bab31d1dc4d7a8a08f209443d7ea40e133436a3a901990d47a2ed4b9268570e135b8c34670319f0f00e4f568c1d830a331b57b88c0ceb7296d9,CLEAR,DAYLIGHT,DRY,FOLLOWING TOO CLOSELY,2.0,51.0,2.0,2.0
076cbae19b2cbc1c7634510434488d4f36f7885445394955b6b9529dbf8cdd3aab86a2ff45c96fb9e28e8a40211c4b3f7d83029437aeb6152560207e891c3a07,CLEAR,"DARKNESS, LIGHTED ROAD",DRY,FOLLOWING TOO CLOSELY,1.0,25.0,1.0,1.0
076cc4180c186eb9d081ae1a252f1667daf11c0d8d3531aac0df84831b4bf340b5d5d2cf6ddbf709465c37185376d17155db9728e678bf3f4190b4764c9de48f,RAIN,DAYLIGHT,SNOW OR SLUSH,FOLLOWING TOO CLOSELY,2.0,23.0,3.0,3.0
076ce48fa8c3b275557b01e0c9b14c5303417efef9b4436b8fc37a9ecd9cc87a9cc641c6066ce1df7c890d36b8f49390232ba6bba43c21f21d1e2d991049306b,SNOW,"DARKNESS, LIGHTED ROAD",SNOW OR SLUSH,FAILING TO REDUCE SPEED TO AVOID CRASH,2.0,40.0,3.0,3.0
076d1699eb9daaa48e71300ddf9d95a87ff4bd335d686bed536eba8efe80e1d9451c43eefc23315ec9c55a8f5017993923f83ffc75249207869e8b8bf29e5245,CLEAR,DAYLIGHT,DRY,FOLLOWING TOO CLOSELY,2.0,23.0,2.0,2.0
076d3460f27a85863cb5ddaae80f6a43f025065c92fc15c5480a9ecdca15816921cf3c82e88f9e2bdd2bb9be5eb6bbbfab5a0641cde8b8aa45f5b1e4eb1ff4c7,CLEAR,"DARKNESS, LIGHTED ROAD",DRY,FOLLOWING TOO CLOSELY,2.0,64.0,2.0,2.0
076d3da3e7dbdfc8917a0b1ab7992050e37c31b3f37756b3041e4c6f4f0ceb426a4f9f8f27136f6af0241b790f8950a74da976f801b8d27999c349052491c5c9,CLEAR,DARKNESS,DRY,DISREGARDING STOP SIGN,2.0,16.0,2.0,2.0
076d51b31e5911aca5f0102336df5f5c02c74e1f909e32437b2e7475f383a35406bb780085901648c29ac252c24f88ad4a9e4d2de60edb3edbf95bace32512f9,CLEAR,DAYLIGHT,DRY,FOLLOWING TOO CLOSELY,2.0,34.0,3.0,3.0
076d55846ad71935d5630067484effffb345c037e25ee64924c8dacf57446bd7f2d408b17d13a866e1c881ff026ed0c47789f140ea97e882daf07f640676696a,CLEAR,DAYLIGHT,DRY,FOLLOWING TOO CLOSELY,2.0,35.0,2.0,2.0
076d73863e356048489b832828263afd397c66ed383722341ec3b045886eb91cf26335befcdfe302e6b8b067b08b417dd3435327567b86064c5443bcfb88851a,CLEAR,DAYLIGHT,DRY,FAILING TO REDUCE SPEED TO AVOID CRASH,2.0,39.0,2.0,2.0
076d8e289376f84e8ca0e3c390af8a2473a3c26f23077680c2b19a84bf7c9983588059f379fff5f5f70d14913f6696e284db35bad4b8ac176f5d8129cc7fda95,UNKNOWN,UNKNOWN,UNKNOWN,FOLLOWING TOO CLOSELY,2.0,12.5,2.0,2.0
076d9cd55327554d3da7fe6bd1f52f1f64752b2b16cb46f51f160681cfeefd45d4e287cb6d50a1180469c97a6e44c8b1e005f64398c4e4162ad408a99b3ec6a2,CLEAR,DAYLIGHT,DRY,FOLLOWING TOO CLOSELY,2.0,59.0,2.0,2.0
076dd02915048419accde068917c9012b741fe31e8efd31f3f4ec7ebf007b70066113ac73ced50e64f974fd82e7faf7af5cfc3c74e3207986557a45ea76cbf4d,CLEAR,DAYLIGHT,DRY,FOLLOWING TOO CLOSELY,2.0,47.5,2.0,2.0
076dd76171a2945904c1689d32858836afb478e472ad6cf878f9b6abacfbdb4a9402bbd8b0bf25b6a90af73af11c93e5507c73d6ac2cf31d449e812df8e4308b,CLEAR,"DARKNESS, LIGHTED ROAD",DRY,FAILING TO REDUCE SPEED TO AVOID CRASH,1.0,20.25,4.0,4.0
076ddbe31c8153b1d3a2b0a2575f783c47937b7b888bdc13960d42c343266113178a1adce2729998b79899292a4e34d949fee782328f07bac288a6c3b5b19f3b,CLEAR,DAYLIGHT,SNOW OR SLUSH,FAILING TO YIELD RIGHT-OF-WAY,1.0,55.0,2.0,2.0
076dfb92f3a07f06d4fcec8760d0ff49fc90170b1b68ea4118f6d5007918825fbdb2e31335e5e74e8373ad642375561ea5c5e03191425af3f9031cf119c705b6,CLEAR,DAYLIGHT,DRY,IMPROPER OVERTAKING/PASSING,2.0,51.0,2.0,2.0
076e125ac555de5d8fab26c4317c7de65172c6fcc38591dacb45d820445a3fb29e66e8903a5ca3b5d5599ffe6131b068f263407b97c6fb5c220e08353309bfc3,CLEAR,"DARKNESS, LIGHTED ROAD",DRY,FAILING TO REDUCE SPEED TO AVOID CRASH,2.0,30.0,3.0,3.0
076e382c8a996dea820ef0e9847bf14dfd423efdb555e2f0f0dd1fab3f2135542c83fd39ff9f9689ea4d7d0ac1943ce797f1d3bd853a0cc92a1684cdb925e5fb,CLEAR,"DARKNESS, LIGHTED ROAD",DRY,FOLLOWING TOO CLOSELY,2.0,60.5,2.0,2.0
076e62278ad70a987806069a7ad868c25e3d141cfcfaea39f1930bf5e6e5a519ce2628956d322eaa383f6b812a6f0ca9cc9e8bfaa0fbb39a684fb044035d931e,CLEAR,DAYLIGHT,DRY,FOLLOWING TOO CLOSELY,2.0,35.0,2.0,2.0
076e74e1512d9d46557a612ae809786da1346b437f42158558b70f614a05991184859f77411815ff9127cee5aef4f56157f9126574613145d552e00ddb048b4f,CLEAR,DAYLIGHT,DRY,FOLLOWING TOO CLOSELY,2.0,22.0,1.0,1.0
076e7a1498a7af7818753b995d3a8e4f952fb4a30655e33974b00dda2929477376a69cf0852493391fc18f0b5b31d17de2ddd3d38a8a9f0b4607a24acb66508f,RAIN,"DARKNESS, LIGHTED ROAD",WET,IMPROPER OVERTAKING/PASSING,2.0,55.0,2.0,2.0
076e8289d6cbdebfcfe94ee20e52465a7f08cd5a8fdf97d963f2522af5e2858d27ca58b9edd1c92fe20ce34f4522c37ea40f2a5bc1e6328a42b6ad93782e8e1d,CLEAR,DAYLIGHT,DRY,PHYSICAL CONDITION OF DRIVER,4.0,80.0,1.0,1.0
076ef4885e7c70bdf0206070ed33663cd2a2fb0568f0cf6228a82efbf92927f7141063d9dff20f6154395fbc7eb4ddf9e7cde3db49f86534325d0036083abea2,CLEAR,"DARKNESS, LIGHTED ROAD",DRY,"OPERATING VEHICLE IN ERRATIC, RECKLESS, CARELESS, NEGLIGENT OR AGGRESSIVE MANNER",1.0,37.5,1.0,1.0
076efb80f7f7c153bf8cc8275ac75aa525883aa11df686df4954f9b8c147e11cb9094cbb237b8a0e3755ddd928182c1f4394cbdc7eb4da9a34b6ecbe452402c9,SNOW,DAYLIGHT,SNOW OR SLUSH,WEATHER,1.0,28.0,3.0,3.0
076f03e980367e457b56457663ad642e15196ecebd7db000dc8c562450b39990d3deb9ec115d1c38a4a2c4a719a819ab4423aee40bb27e0d664a109cb9b26c71,RAIN,"DARKNESS, LIGHTED ROAD",WET,WEATHER,1.0,26.0,2.0,2.0
076f464b1ec1caa2235cb25b43109418e40e00508b065930620ae1813ae563b84db99e4b420862355e7eb3b666a64199bfe46b3c85bf12eb85b5c7f1c209e6b5,RAIN,DAYLIGHT,WET,FAILING TO YIELD RIGHT-OF-WAY,2.0,44.0,5.0,5.0
076f6439aeea4f14f3d3a4d96899fbcd1099c0cf4d107a7804ca9695f7271b4bb85865680bb6455c97ba919572783a961ac553fc47ccea6a346803ede4827288,CLEAR,DAYLIGHT,DRY,FOLLOWING TOO CLOSELY,2.0,31.0,2.0,2.0
076f9b4e4c66bbeabf91d16715c7f0f56065892c1f9d0c1a898fdc7556a7862a59708568c6116db30d7daf49599c2aacb126f59aabdaf66a661a17c58632fe68,CLEAR,DAYLIGHT,DRY,DRIVING SKILLS/KNOWLEDGE/EXPERIENCE,2.0,26.5,2.0,2.0
076f9bc1fbe1bcb3df6f4067201d7b95175bd5f9433687e7583d38614ce6e7defd58610e3a327e4f6e3c33d7023c5d76e6d326d195561eb63db479fa47a46194,CLOUDY/OVERCAST,"DARKNESS, LIGHTED ROAD",DRY,IMPROPER LANE USAGE,2.0,52.0,2.0,2.0
076f9cf00fa76b931eea3eebf65e1bc92407cdb6d67df1f5de32d616de39f0088ea42e65dfe911f44a68655f5272326eac141bf23ee5dc7cedf645472c603a48,CLEAR,DAYLIGHT,DRY,IMPROPER OVERTAKING/PASSING,2.0,50.0,4.0,4.0
076fe29fe738d4bdf177bec45272a5daaee4500119915ebf0a3709aba3c43345eca1a6c11982f1e60bc6fd260f2e86dbd4076c60254576b42cf128f4aea271f6,CLEAR,DAYLIGHT,DRY,DRIVING SKILLS/KNOWLEDGE/EXPERIENCE,2.0,29.0,2.0,2.0
07705d22958d75cd8365bf3b6ded80864b98ae1e4ec11612a6c43807a950b571d69140633ce032d764b10f5e8d3cbf975c0ed4594444db0322a8c3c227549ac8,CLEAR,DAYLIGHT,DRY,FAILING TO YIELD RIGHT-OF-WAY,2.0,27.5,2.0,2.0
077072db9e14d43264dace2fe66ae18226a06c345c7671e4d81944fecdcf5856e7fe569a1e4cd6cd2d5b3e5766cd2cedea82612a4aaf72f286210af274b6d214,CLEAR,DAYLIGHT,DRY,FOLLOWING TOO CLOSELY,2.0,42.0,2.0,2.0
07708a40de40a98a9b8ab78c7aedaef3eb918ab1ec7af4b3948ee04b5337bd03826eae38815d437f015b9fb9f562c648a570769d47d2618eedb87c4ab0db4866,RAIN,DAYLIGHT,WET,FAILING TO REDUCE SPEED TO AVOID CRASH,2.0,49.0,2.0,2.0
07709063bce2d1a3c32d064a1ad9549d1089d215c441d7f0c79eb5a6c498c9bd728d9bade2df38555781aede544b29921788101a9def4a81c1ad3c6088a5416a,CLEAR,DAYLIGHT,DRY,DRIVING SKILLS/KNOWLEDGE/EXPERIENCE,1.0,14.75,4.0,4.0
0770ce46cd559895e52143eff788a8012ce4bc6705674e03406a654969a7becfd6d55cece9b2d60a52e23cd224782d0847a64cc2854876eb04e2de494766795d,CLEAR,DAYLIGHT,DRY,FOLLOWING TOO CLOSELY,2.0,36.0,2.0,2.0
0770de7938bd3ad368f0da410d40d24e9208e3f276c42e17f69f0296648a8457d85e3d133eb108ba78d0d18b78d565b410e19e14bef9f50276f61ed43fb35373,CLEAR,DAYLIGHT,SNOW OR SLUSH,UNDER THE INFLUENCE OF ALCOHOL/DRUGS (USE WHEN ARREST IS EFFECTED),2.0,31.0,5.0,5.0
077119424d655d2023bb6c53b8b37a92afceee22537c6739c43dde47b5063f65c3f5cef1536003e936ad4173dd2d3a2f83d10f92fd793728a329eab3e7d5bb6e,CLEAR,DAYLIGHT,DRY,FAILING TO YIELD RIGHT-OF-WAY,2.0,33.0,5.0,5.0
0771784edcb8bf58668c10b7c1e6d327634319aee3cf0c787beab54be99c88f002ab6d9b0926169562c5a610558afc156258cd84171f66bf209bf5ffe312282a,CLOUDY/OVERCAST,DAYLIGHT,DRY,IMPROPER OVERTAKING/PASSING,2.0,47.0,5.0,5.0
0771846133d02ffc0a1d2bbe7f015a5a14f4cc6453df1280f6dbbb3a00f4388af98942fd49d4f5c3fe209a7c91b08418c21d11c0a092f803fd8bbfccac266835,CLEAR,"DARKNESS, LIGHTED ROAD",DRY,FAILING TO YIELD RIGHT-OF-WAY,2.0,39.5,2.0,2.0
07718b08df1c59f7d1a7499b5c177259e8ff59f617508a4df03a4e9add937d8004f4c7a55cc84b35cd134425dacda465d9ed78a1f472cc0f796df6b568e1acd5,CLEAR,DAYLIGHT,DRY,IMPROPER TURNING/NO SIGNAL,2.0,60.0,2.0,2.0
07718cabd9f79212046b348de78e04d22055d0978e1a92e12f05a147ec6d9f19910743590c9d3c2e15b24f3f528a4c565ffce2f0527d42043fd969bac3823ed3,CLEAR,DUSK,DRY,FAILING TO REDUCE SPEED TO AVOID CRASH,2.0,54.5,4.0,4.0
0771a94167ce920bb535d5947385c8457132678a0afd93f89dc11ecb26c7a733925f44cc9cbd92dbd666115319d7377830d06d59b44c7cd376c9bc89d4cd3f09,CLEAR,DUSK,DRY,DISTRACTION - FROM INSIDE VEHICLE,2.0,32.0,2.0,2.0
0771e104197584b3140c721f76bed73a002c55f01a5a7ebf39a6487a1f30b4d534b292fefeb35f19a3b2ccbb647c397ad47de7a26a48e05aa52fee0ea11e2000,CLEAR,"DARKNESS, LIGHTED ROAD",DRY,DISREGARDING STOP SIGN,2.0,60.0,2.0,2.0
0771ee9b3c489642baaa37ee157bc7db12fecd6339703eb421df32d62fcc0b3695783c6dfd5e1f70eee3fe0a10146530f9d444ef1f63e4decb40b82033a43dc0,CLEAR,"DARKNESS, LIGHTED ROAD",DRY,DRIVING ON WRONG SIDE/WRONG WAY,2.0,23.0,1.0,1.0