crash_record_id,weather_condition,lighting_condition,roadway_surface_cond,prim_contributory_cause,total_vehicles,avg_driver_age,total_people,total_injured
0771ef3636db38da91994f66a956b77f8a1eb6a529fd41f29de379beea7d4767789d5a4f905a0f8361af444e8dbaad4862270e24d9ea650475795b070d75cdab,CLEAR,"DARKNESS, LIGHTED ROAD",DRY,IMPROPER OVERTAKING/PASSING,2.0,19.0,2.0,2.0
077205de5078cb6e1d65cf629244b07d486fa39e0c07f96b7632717f5624ab574306324581892e72b653ea8d9f173029845b8823c710a81050ba47b84992a0cf,CLEAR,DAYLIGHT,DRY,IMPROPER LANE USAGE,2.0,43.0,5.0,5.0
077224c3ef4572aac915a3292245892aae65c675965cb9020c1ef995b06f86846639a7bc6a2f71cd38dd7d7a43611f4e7bd5077379ec223a21ce0fce723c167b,SNOW,DAYLIGHT,SNOW OR SLUSH,WEATHER,2.0,58.5,2.0,2.0
07722bfb5d698198acc2d49f38d67f2495ec338fdee5a00c0b7836edee0a0e9d782017685a5c7dcf0dd803b76fef0ec3868bf639882bdea5dc6faed6253d3385,CLEAR,DAYLIGHT,DRY,FOLLOWING TOO CLOSELY,2.0,37.5,1.0,1.0
07723176d1234b29a398b58f535d844d997460b314e30488de8642c6db6667867060f9bc479be319d6cd9c6816d89751cc0a79aea1db5aae663a7b6b0bb15dcc,CLEAR,DAYLIGHT,DRY,DRIVING SKILLS/KNOWLEDGE/EXPERIENCE,2.0,31.0,2.0,2.0
07724be0f893114249168e2f46086f49c1511bef80413a763e77facf6e150de0f6b7c27fc21d57e2ece5f502a2ccc983c0eb05885b86a9b38109e065b19df9ff,CLEAR,DAYLIGHT,DRY,FOLLOWING TOO CLOSELY,2.0,55.5,2.0,2.0
07728b8319e71a24d619cf08d0408de7c40d3f9b1216c461339ef0c080a88286cd3d55d97b42b10a74e05c0e371d4f66f5b4177e3e012f2868f3639859f2fe6a,RAIN,DARKNESS,WET,FAILING TO YIELD RIGHT-OF-WAY,2.0,46.5,2.0,2.0
077297cb6161e97fee5746b188b4d6ce2a5e68ed03cc6b7da42defabfc2dc34c54a4ee1c28788b9cbf9a732a6051089bca2bcd5267b895595c9fefac9f44b401,CLEAR,DAYLIGHT,DRY,FAILING TO REDUCE SPEED TO AVOID CRASH,5.0,42.0,5.0,5.0
0772edadd2e1a3224ed2c417e5d6d425520748c755f8104c75240dcfec06dc6e436c5f9e612b5aeb83aa45c2f4dbf1fb8567b7138d85e5eabd18b4b35e39819a,CLEAR,"DARKNESS, LIGHTED ROAD",DRY,UNDER THE INFLUENCE OF ALCOHOL/DRUGS (USE WHEN ARREST IS EFFECTED),1.0,49.0,1.0,1.0
0772fe17a2c2c1f6ab868d67f269af474c636fce20de919159f1afba26d356ba5c707a85f71d08dd81363391c6a97b447ad29aa0808b77e6ce6fc1b4285b23c9,CLEAR,"DARKNESS, LIGHTED ROAD",DRY,FOLLOWING TOO CLOSELY,2.0,26.5,2.0,2.0
077343bdbe7711c6f14295dae69335f7d182eff62ecae69fb21468940b0ac61a99c7b965604fe08ae8e9c9db5b60f9f1a9cc138a49230128d46fada5b51d1c8b,CLEAR,DARKNESS,DRY,IMPROPER BACKING,2.0,45.0,2.0,2.0
0773d2aef1a30b604ea40f897bc358195dd95e48f71e17aca66bc85489f52996a2f2d9deaf97afb1fe4f64a7a17308aed44c27a18f8494b7e42156cc0ee12720,CLEAR,"DARKNESS, LIGHTED ROAD",DRY,PHYSICAL CONDITION OF DRIVER,3.0,28.0,1.0,1.0
0773d45d83a73f58b2ea4b51f6f12be8e288e1af2994be12fb77bde71cf7e67ec22f1f6d195167ae1bd6f2da27f0b22e3cb7e0057393a27d7b30cf64b3512619,CLEAR,DAYLIGHT,DRY,IMPROPER TURNING/NO SIGNAL,2.0,21.0,3.0,3.0
0774018cdc4f94e7ef7f4b79aa0d0514665928287e712543834243c3051abce86fdd661c0135dcd8ace763136a44eeaf26ea120297eed6f2e769594b511f2cd6,CLEAR,"DARKNESS, LIGHTED ROAD",DRY,DRIVING SKILLS/KNOWLEDGE/EXPERIENCE,2.0,69.5,2.0,2.0
07742a67e5b8a25e2b5c53f1806cb5fad5c47d18c85cdf650c67dfbb940ecf4abf853f607a895e054b0c47d76645295926b18bbc8702035de5f7389eb92950ae,CLEAR,DAYLIGHT,DRY,DRIVING SKILLS/KNOWLEDGE/EXPERIENCE,2.0,56.0,1.0,1.0
077464f2e529d326968e8c78bed10651c35689a4e03e027b6f2714bd14fb6c5795082c725454981d39a875a316a86c8607b7555d9076e514909c51071fdef252,UNKNOWN,DAYLIGHT,UNKNOWN,IMPROPER LANE USAGE,2.0,37.5,1.0,1.0
0774c2f837a4524bad853ad0cdd5f2283e2e481c2cc86b4ce3d1badd6d249acf6bdaa8596d34904294c73269699b2ac23a6460853848b7a63260919f7191b750,CLEAR,DAYLIGHT,DRY,IMPROPER TURNING/NO SIGNAL,2.0,25.0,2.0,2.0
0774e3b2c11f9e830efa93d718da0eb08c87ef01f0788e42cf9940986c248060575f0dc727e0abceebfcbeb1117af9cf3d81c10a899b176bcbaf23794da52d3f,CLEAR,DAYLIGHT,DRY,FAILING TO YIELD RIGHT-OF-WAY,2.0,49.0,2.0,2.0
077508d3d70a8a183f65cf839fcd08e6bfff3a2e1572b93fc588f9970e2f648d168febebbf5ce675b5adbe3629aae1c861875889af709305f8972d062ecbaf8a,CLEAR,DAYLIGHT,DRY,FOLLOWING TOO CLOSELY,2.0,66.0,3.0,3.0
0775127dc07c33adf73f49a1b86103c9f83bfa728e6590f16766ff589d23c0af1fa7e18eb1abb01326b8812d413ea03d7cfe68ebc3fc5c3e9346a379ff29fb06,CLEAR,DAYLIGHT,DRY,IMPROPER LANE USAGE,2.0,8.0,3.0,3.0
07751abd80c0e48de1b7ea63143fd044f2a331f1b744bf5cdbb8e4312add78e8cf316d99434019d7ffb4fab3edb7240fe3e6f93f0e30675bcdd1c5f45efa6dd5,CLEAR,DAYLIGHT,DRY,"VISION OBSCURED (SIGNS, TREE LIMBS, BUILDINGS, ETC.)",2.0,48.5,2.0,2.0
07752c08b1e12ac6bb91ef3e5930e5843a4295c2fc7ac2a98c45f4258c9a62f37efa44b0cba3422cedeff1152b37fcad5d50624ff9de397833122a280938327d,CLEAR,"DARKNESS, LIGHTED ROAD",DRY,IMPROPER TURNING/NO SIGNAL,2.0,26.0,3.0,3.0
07753f783ec3ddc016ad09280a915d0f6f8ba69034dd86fec6283ec7a0c8163ebb60a54fd01768ee41b9b8963f24074b0693612002dad23915529fcb0268dea8,CLEAR,DAYLIGHT,DRY,IMPROPER OVERTAKING/PASSING,2.0,26.0,2.0,2.0
077547ed17c35b0d548df03b17914a45835ab99c42ec965dba622184990c7dda6bc8b238ac821d8e62b32d4bef3973343bb2564c44a01d0f3d27bf0a4aa3679a,CLEAR,DAYLIGHT,DRY,FOLLOWING TOO CLOSELY,2.0,32.5,4.0,4.0
07759275f2a16635bf5f96d873aec99c0c59abe8a68bd1649eaf477b16dfffb563833dc555a7677ebec16b40e033a7d1190adc6e9974017ee43be9d198431eb9,CLEAR,DAYLIGHT,DRY,FAILING TO YIELD RIGHT-OF-WAY,2.0,23.25,4.0,4.0
077593f0408122d2410ef1ad8609d7329f37bee1e7ce839c3cfad99f458c76c2f9c4a9df8cea14083d26a4d25ccae993b27e0afc5c04a6b8203a1920caac30f4,CLEAR,DARKNESS,DRY,IMPROPER LANE USAGE,2.0,37.5,1.0,1.0
077599c53948a9790a59c6a0272390cf1ca485d8deb4adc3e2e115738a99ccc87bd6970ef88a51f76ac178394e7a948b054a4362c8a5be414150b473fae1d54b,CLEAR,DAYLIGHT,DRY,UNDER THE INFLUENCE OF ALCOHOL/DRUGS (USE WHEN ARREST IS EFFECTED),5.0,48.0,1.0,1.0
0775a431fd20795c9d2b46b3b00f0aa5c263305d1863939110ed10ee6b898edfba22dfc6e4edf0df65739df41cc2cb4a967848d18a157427bd47f138b1769ed3,RAIN,DAYLIGHT,WET,FAILING TO YIELD RIGHT-OF-WAY,2.0,43.0,2.0,2.0
07760676753d1726a6acfcbe782432fb2d8ce7686d6da6ceb893c1faff975decb67d1e4b258bec08a886047f2b958bd278a23f37549376bff2a9a01236a2a69c,CLEAR,DAYLIGHT,DRY,IMPROPER LANE USAGE,2.0,39.0,2.0,2.0
07764c77c2c312f8414b3b54a8f42927f030f9d6aa38edc1e8b4fc0eb5f122e8b63e2d12c677b0d2adc822383ac935e74987bff8acfa36e57d76e445eaafe583,CLEAR,DAYLIGHT,DRY,FAILING TO YIELD RIGHT-OF-WAY,2.0,35.5,2.0,2.0
07765e28b450080c45d4c0e43197c779ffda628153948a235eaca7808de67aeb53a888cc7e9dd2d4d44c6c1dc047cb3438075ef1b7c794aa201f3e1453bdbe70,CLEAR,DAYLIGHT,DRY,FAILING TO YIELD RIGHT-OF-WAY,2.0,30.0,2.0,2.0
07766237b6cc7284cd4e1c4ed4bac6fa53ce4943a6b78d0211f49dd44969d6bcd01c2eac32a8a04663e950c810154f0fe5d2f75c38be6b1bad00aa7e6fc03171,CLEAR,DAYLIGHT,DRY,IMPROPER BACKING,2.0,51.0,1.0,1.0
07766e4fcfd6fdeea6911dfde2f30600c77f169ed2299aa01417afb1fed113a715e3393617e16e8e6c2b2e8bf5c458afb57f1ac43c19f18dc6a851ab220a44ca,CLEAR,DARKNESS,UNKNOWN,IMPROPER LANE USAGE,2.0,42.0,2.0,2.0
0776a6b2cdb140760d6e78150c4703f7f2d0e21e3abd1d954117329dda7b4232ec152e64d05bb181d92be7c5bc0fc2178c3332a9eebc8c576ca001adb8678f9e,CLEAR,DAYLIGHT,DRY,FAILING TO YIELD RIGHT-OF-WAY,2.0,32.0,2.0,2.0
0776c55f30be8da5f41371aff2df4e609021acfc117a4ea82ffbd8c3caf152c5ce2077f587673ec89afec089624f55c39bd888f3d96eb5eb442acd6d8159eeca,SNOW,"DARKNESS, LIGHTED ROAD",WET,FAILING TO YIELD RIGHT-OF-WAY,2.0,41.5,2.0,2.0
077716ab4aa9bd4669a56c3434afa8f8a938ae871be735eee251529dc72fd83c67053a35d83cfd8115bd4dcfc3cfe4504c4cc3df4b4cbf9a3adcb917bdcf2672,SNOW,"DARKNESS, LIGHTED ROAD",SNOW OR SLUSH,IMPROPER OVERTAKING/PASSING,2.0,37.5,1.0,1.0
077719d0f5aff3c02d6881cfe07f0095cb12a4b87d2fdfcc0d3aacbdd3526f1cc8d56efe522dde1f18f275d4e7aa72afa700c2752f3200a029c7280b8013515b,CLEAR,DAYLIGHT,DRY,FAILING TO REDUCE SPEED TO AVOID CRASH,3.0,29.0,2.0,2.0
07776a7ca8f3cbb13283c2a70c5f207a49feededd71632e70e2fe1c437e239d31f03b0494024e4224b0bafbbfd49503d4e04f5abfe14d202984b8d4fb1fe257b,CLEAR,DAYLIGHT,DRY,DRIVING ON WRONG SIDE/WRONG WAY,2.0,44.0,2.0,2.0
07776fe15a77dd178b44ee0aecd9ecd97750a85435bf4c266d9d83d2913fbaefec14cf5783382aad1cb018af5b7c7131a132e03d21ea67dba725b7679df3ac66,UNKNOWN,DARKNESS,DRY,FAILING TO REDUCE SPEED TO AVOID CRASH,2.0,35.0,2.0,2.0
077777745322e5c4dee74ef99cf49c0bd11e2b56d5c631509558f909bc7342ab10801eef94e99d9081577681b13d523d4978a2fffea247a338de133390c61a83,CLEAR,DAYLIGHT,DRY,FAILING TO YIELD RIGHT-OF-WAY,2.0,29.0,2.0,2.0
07777f9626af1aa9cfa07f46a5ffc673abde26f043ed815d63f565ab746863974f6a89e8a3cd430c255200bfe4e4808811f779646316169edfdb71f8d3e9e1e0,CLEAR,DAYLIGHT,DRY,FAILING TO YIELD RIGHT-OF-WAY,2.0,15.5,9.0,9.0
0777bb60233f78332dd6a3ec0463a28213391ce205a936c8d66ab4ac3fcf6e8f27fce3b1d6c300815911f5ff832ae638df3ffa416a51b6bb4a7d12f355be935c,CLEAR,DAYLIGHT,DRY,IMPROPER BACKING,2.0,36.0,2.0,2.0
0777d9c55e15dde3e9046c158d8ee7bcd5e390e44d8d9beaab4549e139de73341e633a0f1d8f807dbd6399176c20b4e6d6f750f52d999b1ecc629de5e50ade6c,CLEAR,"DARKNESS, LIGHTED ROAD",DRY,FAILING TO REDUCE SPEED TO AVOID CRASH,2.0,27.5,3.0,3.0
0777e561f93400b2fd9e90282f092e96cb9bbe04023c7c44abfabdc8758ff0bed9aaf06902f6cff022162023a586f0b65af837ead04ebd5857369ef4ff6a98e4,CLEAR,DAYLIGHT,DRY,IMPROPER OVERTAKING/PASSING,2.0,32.5,2.0,2.0
0777e6634807bbff2b048146fc4ec5fea844f5c82faf0d26d3244b0bdde47f31c9c369f76d4b30d26614cc731f541aabc91e6341a4f02c8db03f93af08351415,CLEAR,DAYLIGHT,DRY,DRIVING SKILLS/KNOWLEDGE/EXPERIENCE,2.0,37.5,2.0,2.0
0777f7894c7c4242e8c873eabc2e52818359fa49a54045cf792634d248b97243534c082652e646a9150fdeb490f3333a175ecbf4582fa1c807f6746126c8fe10,CLEAR,DAYLIGHT,DRY,IMPROPER OVERTAKING/PASSING,2.0,21.0,2.0,2.0
077804c9cbf06537323a33a0ed9dc06cf38594011a4bb206da71aa9123b3ef275abcaa0460b301e785a5b5c4f3d998e27094709a2f45374893b6c342bbfdb2f4,CLEAR,DARKNESS,DRY,IMPROPER TURNING/NO SIGNAL,2.0,42.0,2.0,2.0
0778193537de11e1c9cbac8fff7bb411b2cdc9282136cc5aa57ccf2b379b9080f4490edd9f401c0a08ff4d514fb07301bb335db7d549b5fa3873d240ed0b1ec4,CLEAR,DAYLIGHT,DRY,FAILING TO REDUCE SPEED TO AVOID CRASH,2.0,25.0,1.0,1.0
07781d2b46e56f23741a9983f7c312a498e7f370bd7dd38a04e4ca56d85faa86613dba0ade63389f601c2b85280cd4fda1e978efe40dd61984097634750fa756,SNOW,DAYLIGHT,SNOW OR SLUSH,WEATHER,3.0,27.0,3.0,3.0
07785ecebd2ef4981cb3bca550972d171d2c47630ed93e62508cdc07089bb588cfd64a1b1e6987d06bb41e1d153d17318b22f3e70e59352cad72a9bbfc9ecd7b,CLEAR,"DARKNESS, LIGHTED ROAD",DRY,DISTRACTION - FROM INSIDE VEHICLE,2.0,48.0,2.0,2.0
077861953ff7c1f96abd34dd09ef5d3e40cbdb12131c8541bf4092bbb9217971a6f7ac5c5ecd112cca2aa18fb9bbc9dbc73b1b7de07786095738e8deaef9c688,CLEAR,DAYLIGHT,DRY,IMPROPER OVERTAKING/PASSING,2.0,39.0,3.0,3.0
07786b31d32242c9b8ef1678c94dbfab4f9ec23d8e8f679de84c830a3b45a7fda16dbe0a1905e4cce6c5c80fb67c067a59e867d819741a4b980c06fe7b0f2841,CLEAR,DAYLIGHT,DRY,PHYSICAL CONDITION OF DRIVER,3.0,22.0,3.0,3.0
0778758afeb2a02a852f4d586c05e60226439a63fddf675d03bb51c04e0d747a0f948ee97cf28e9cdbb3711909b7cf11cafadfdc9ef1e41954fe5fa0e9ea83d5,CLEAR,DAYLIGHT,DRY,"VISION OBSCURED (SIGNS, TREE LIMBS, BUILDINGS, ETC.)",2.0,38.5,2.0,2.0
0778928df9c8785a6ceb46f18c21eb182fd22842ab3002852c27a00d10a62221e8b9e9ba48c073e715e879014d66a5aab8d17bb94b2cbdf098a6a456b8eff4e4,RAIN,DAYLIGHT,WET,"OPERATING VEHICLE IN ERRATIC, RECKLESS, CARELESS, NEGLIGENT OR AGGRESSIVE MANNER",3.0,55.0,5.0,5.0
077898de2d740f3dd11f91581392c46c2c4cd9973a522f3eb0b92387a30da9c3ff286dc545ee1abed61408a3ab81b77efe7858cc612742e536ffd202313f496b,CLEAR,DAYLIGHT,DRY,FOLLOWING TOO CLOSELY,2.0,49.0,4.0,4.0
0778bac73f9dc1342346f02f68b6deeb11db8605aea8f86946ef7d75820e3ea2d51882a459d63591594d02c19d276967cc0b81ac0ea9f057e31c086c9a9656a1,CLEAR,DAYLIGHT,DRY,IMPROPER LANE USAGE,2.0,42.5,2.0,2.0
0778d0b9143a42b86d3b1a536eb8e57c13d37913f7e08d06cbe206d037e3d502456dc27e1fd64228b636a3a12984be8850554fd609738456658b1ecf90f8ac1b,CLEAR,DAWN,WET,IMPROPER BACKING,2.0,28.0,2.0,2.0
0778e20cbdd293c570de244a524aa2c9a6028b12df17bec90d346a6151e774af51d31355d6acf7bd8c0c67acc0512837a539998f2139232a8e2d7d7762061a84,CLEAR,DAYLIGHT,DRY,DISREGARDING TRAFFIC SIGNALS,2.0,21.0,2.0,2.0
077903a93f1cb3825d38549a8439d09abe445d7046c1aaaaf50f339d581229f086d6c2ba34cb1a1dfad6c23bdfb9cbc830770ef59367411599692db9c85e81ef,CLEAR,DAYLIGHT,DRY,IMPROPER TURNING/NO SIGNAL,2.0,43.5,6.0,6.0
07790ec838026cb9d9de721b278c81f9989b3f46b1528a21466d1d9c1183e277e3e4164a23c198d6913c75865b9bdfa42f11df3bd1ac26db6439ba4aa100c5e7,CLEAR,DAYLIGHT,DRY,FAILING TO YIELD RIGHT-OF-WAY,2.0,59.5,2.0,2.0
07791cf3f6a25176a6f3fa89d39e78422aeacf79e16b28129f5027da9d562f9c8a2a20ab9f0e1680fda913ea4a9f43efe14f6caeff6ceffb1d17a595b8bb1cb1,CLEAR,DAYLIGHT,DRY,IMPROPER OVERTAKING/PASSING,2.0,32.5,2.0,2.0
07794aca0296f3b52e6ab31935fd6d18f39cb61d20fa35d75b0353fdaf7c0a89e85ff7d2e3e5a1de7504259f50c5a9212bc35ff9a1859023ec2ab24dc5ad4cc0,CLEAR,DAYLIGHT,DRY,IMPROPER OVERTAKING/PASSING,2.0,49.5,3.0,3.0
0779a274790a2be2afc759716271f4f589a88e5d012fb71fa58dd979c94a6c46bf8aa71f252c674cd6c3252b3429ac10fb125a39cf93e01ac8e5109013022af3,CLEAR,DAYLIGHT,DRY,"VISION OBSCURED (SIGNS, TREE LIMBS, BUILDINGS, ETC.)",2.0,42.0,2.0,2.0
0779b146ee01e1ba9d35f63ff2b2cbf2cb1312415dc5c65a945c6be7eb432031ae491cdbfa1d0f4946ff7d8c123dbd8eb167294b223ea8b3f426d5cd3dc7f2b7,CLEAR,DAYLIGHT,DRY,FAILING TO YIELD RIGHT-OF-WAY,2.0,39.5,2.0,2.0
0779e797e2e589e8d596715d74cc5838d8b87076394fa324c915e1c7e9ffd039294a0d78a98d34ae19cf5da7287abbf7c7a09809ec4be6480c264c0399559a93,CLEAR,DUSK,DRY,IMPROPER TURNING/NO SIGNAL,2.0,27.0,3.0,3.0
0779f62ea366a2cf9e823e6555b9d9ef058594d82ebd2a811c28ffb6370a2cb838d07589bfe027d5567adc9fcf054cc94c6097f6b95e04f69cf2f15b0b793285,CLEAR,DAYLIGHT,DRY,FAILING TO YIELD RIGHT-OF-WAY,2.0,48.0,2.0,2.0
0779f7ee4ba500dbf14b9e718a17ab1f3e79e037c2d60aa634e1112d999c0e48c584a26fc5ba2e8beaf97e65e41a53d800052c6548668dad9e62ab8dcb360ca8,CLEAR,DAYLIGHT,DRY,IMPROPER BACKING,2.0,54.0,2.0,2.0
077a0117df2ddc254485f4b222ee936681b9edb6160a102e5e97d4433192f1153e8d0138c141e009b029e849ad1a9d39910642362e6f167e3c25f794555bc7fa,RAIN,"DARKNESS, LIGHTED ROAD",WET,WEATHER,2.0,46.666666666666664,3.0,3.0
077a03915ad6132e0632d6a5cecac1e2c4d0c0abc6e11612674b116fbe7ef76cf04500b2fb027cf3b02b5acff955a2b6fd50129729067c982aaa4c9a921b5ca2,CLEAR,DAYLIGHT,DRY,FAILING TO YIELD RIGHT-OF-WAY,1.0,23.0,2.0,2.0
077a0dfc96a3d0cb824250799be171b683d6abdbf4fd4d91f62e60a67e0a585a271cce24da91367df2704312ffbe948224a87301df1f63d243b6c72638266293,SNOW,"DARKNESS, LIGHTED ROAD",SNOW OR SLUSH,EXCEEDING SAFE SPEED FOR CONDITIONS,3.0,42.0,1.0,1.0
077a1e3f49b76c289585b3a105dc261e3fc4017f76fb5dc3e5a2e6bc4d9b645098406af1fac0a435587db8597d1c499c07554a18af0b240929e37a18ba4351e4,RAIN,DAYLIGHT,WET,DRIVING SKILLS/KNOWLEDGE/EXPERIENCE,2.0,35.0,2.0,2.0
077a2b3864cb3867f1d10439e4cedf46ca5fea8a3599637dcf4906cba15f330339c17d07c0080a98d0167048ec82ba10da05b5bd6ec14ec79d3436e190ee4141,CLEAR,"DARKNESS, LIGHTED ROAD",DRY,FOLLOWING TOO CLOSELY,2.0,24.75,4.0,4.0
077a5a71d067064f0732b4de95858beff4620e0f453e49c0c4a126ce5c2435009a3baf35fa9f4297c87b375a07b8d9b769b3ca62ca88333846f341bc50b4f8e1,CLEAR,DAYLIGHT,DRY,IMPROPER TURNING/NO SIGNAL,2.0,42.0,2.0,2.0
077a943abe2a7e2557d3644b7526b45c2813825fe6686d5df8f3cb36095454613167302344cdf6418ae4eb3e877d201925ab3a7d4c8ca3859a66efb3c74b0424,CLEAR,DAYLIGHT,DRY,FAILING TO REDUCE SPEED TO AVOID CRASH,2.0,34.333333333333336,3.0,3.0
077ad19cfc8a1da0983efb247a7700a9a740a9e994033f530e4023212af150bbd215947b377ce113d8101de5491c3b72d98d38d01da28282f652cc1a4f491081,RAIN,DAYLIGHT,WET,FAILING TO YIELD RIGHT-OF-WAY,2.0,45.0,2.0,2.0
077ae121ee032132f1e34eb3940fc46d6b1a62ad63d13d2dceee37f664003d784183507f71b68bf5c1ba52aa5c59285254e647f22ea7d227694769dfe5e1f28c,CLEAR,DAYLIGHT,DRY,IMPROPER TURNING/NO SIGNAL,3.0,45.0,6.0,6.0
077af280dce49bf14c07603401d58b4f0ce4f54e6372b4742b4b7b92639f3b67e3046780e10ddb29df37f2f6193924029b003cc8306a78bcd687903d6bde6f41,CLEAR,"DARKNESS, LIGHTED ROAD",DRY,IMPROPER LANE USAGE,2.0,44.0,2.0,2.0
077b0498ab23a1f9f19e348f946db1015e28ca74a7c73b9723aa54651396f97110fe22991a32222bb01abff7bd23ce65ffcf046c662c034038bb66cefcf08619,UNKNOWN,UNKNOWN,UNKNOWN,IMPROPER OVERTAKING/PASSING,2.0,37.5,1.0,1.0
077b17a169142192a8f8188fc0bf291ccf6360c6ec5324fc67f87bb5aeafa207c5132ee8d11a961549bc6c298e81db75c8d6c902e31184d05c6274efb0f54ded,RAIN,DAYLIGHT,WET,UNDER THE INFLUENCE OF ALCOHOL/DRUGS (USE WHEN ARREST IS EFFECTED),1.0,43.0,1.0,1.0
077b37dcbedcf29d2fb4afb5c79a7cb2fdc8c437a6b4477ec31e57d9242adf43beea466bf4d2a3e78c82a1084c4ba4f0062099977f48168e83c53ac645a1584e,CLEAR,DAYLIGHT,DRY,IMPROPER LANE USAGE,2.0,61.0,2.0,2.0
077b67d58fc1b992bcde02b804875a52083fdbf3cc673f6f731d2edad271eabe9e188df0b51325dd412c718e1162bc57e249abd25c1102c96fd22b09c55389ef,CLEAR,DAYLIGHT,DRY,FAILING TO YIELD RIGHT-OF-WAY,2.0,24.0,2.0,2.0
077b7f16a137b345de08e4c19ac501251f2b8d41eec2a6945642bde44e2b4fc1b5ee5d16f9df3073bb0500aeb19a52f5398ddac20eb6ac6933329b46f3d49204,CLEAR,"DARKNESS, LIGHTED ROAD",ICE,WEATHER,1.0,39.0,2.0,2.0
077b82919bb50bc63ace23e1d33fb4485b65cf456431d60ed79ac3ff60ff1feebb785e17376338789b749cc9755d4f3997c99958ac95847130efe858bf6c1f51,CLEAR,DAYLIGHT,DRY,DISTRACTION - FROM INSIDE VEHICLE,2.0,42.0,2.0,2.0
077b8d3101fdbf4259499bac7a19062f06dc9e42f1e30944a620ee55b49012ec5d4bcc47419d665ec6ef48d7f0a249788141b48392603d72c760529acd83f242,SNOW,DAYLIGHT,SNOW OR SLUSH,EXCEEDING SAFE SPEED FOR CONDITIONS,2.0,33.0,2.0,2.0
077b8f3cc74db0462236bf4d8b2dd28b30b054defcf3fe800a1b9eeadf2440462c7f529d054c6abcc4fb1294cfcdfab246eb324c8b66dfaae373292d8567e32f,CLOUDY/OVERCAST,DAYLIGHT,DRY,FAILING TO YIELD RIGHT-OF-WAY,2.0,0.0,2.0,2.0
077ba100e5bbf11a91af3b02ef8f429e848996065294518cfb78270908ea3959924a5fbd206e11e630370fe44243ce929fca6ee6bb94f3fa0eee48f9a94d53b9,CLEAR,DARKNESS,DRY,FOLLOWING TOO CLOSELY,2.0,47.0,2.0,2.0
077ba1d3df8f59e3ab73086d9c3c9433bd47466278b4aa9bc6d46b67a446d1cf47fd6f3ac0c65b29de202bbfa5c06b03f8f9b233564c4a5653c07ff63d59572e,CLEAR,DAYLIGHT,DRY,"VISION OBSCURED (SIGNS, TREE LIMBS, BUILDINGS, ETC.)",2.0,55.0,1.0,1.0
077bdd3ef444e05cf5809d9395829a688ee8e03cd128ef48efbfdbdf8d35f3b032c34596fa47822bed27478e67608984fa351b068974661c881a4f25c846cfd9,CLEAR,"DARKNESS, LIGHTED ROAD",DRY,IMPROPER OVERTAKING/PASSING,2.0,28.0,2.0,2.0
077be33fb253b8f89099b363384b3bac2c938caadfbb0f083a076df7fd237014e2925051958e23a79f2e6526e02076ff688cace84eb3e55d6e295f1d1eed07d8,CLEAR,DAYLIGHT,DRY,FAILING TO REDUCE SPEED TO AVOID CRASH,2.0,23.0,3.0,3.0
077beb4225b28f26f1a216ab8ac15615161175eb44f72d57f394969265567db176e64efd2c94d14ad3c6828e258d68eda615854ccf977ce0b0516d7675f6b16d,CLEAR,"DARKNESS, LIGHTED ROAD",DRY,EQUIPMENT - VEHICLE CONDITION,2.0,59.0,1.0,1.0
077c1bc8e44a0a293714731d5920362e14af94ab1e3fc04132604a5b786708bd91a7e0aeddd080d24726bd98cf5b63cfcdf13be141b217dd8f940b4939f66a4d,CLEAR,DAYLIGHT,DRY,IMPROPER LANE USAGE,2.0,37.5,1.0,1.0
077c1bff5d6eb3f6b3aaded9e44a21fd906da9b4ed1d1ffeb0e455c112de09de493dd64f551042cb6d37dc2d1b41f7753da20f4d0876a08079a025bdc1e37743,CLEAR,DAYLIGHT,DRY,FAILING TO YIELD RIGHT-OF-WAY,2.0,37.5,1.0,1.0
077c379942047b761e6d9cb399e2c6a9c8fd2fb0e2f55836c1f751ff28fd62ce39492ac29d6c8de56243865be1fd09dc742533a73c8296dba5588f8f421d6155,CLEAR,DAYLIGHT,DRY,IMPROPER OVERTAKING/PASSING,2.0,46.0,2.0,2.0
077c379e54ca45d85937df4335f6f51ab123a9e280d43c1be7d33210339510625235961f0848212b609a2967b4908ca2ef41276668f6acb5af659b228b119e6a,CLEAR,DAYLIGHT,DRY,IMPROPER BACKING,2.0,37.5,1.0,1.0
077c38e265b7ed0eecfead650f968867e4b25479b97ad47def5bdd26b960acb1b265aeb310136f82f1a6d635fa6ac680f959610e86948897af02887d8cf34706,CLEAR,DAYLIGHT,DRY,IMPROPER BACKING,2.0,37.5,1.0,1.0
077c93cd2d75ca63bfa183e1ae1ef4b78a0854b00b9ba2da91ab5361bb3e3c4b3aaa2f61b16a4a6207bf85d3deae7b305f5d81e7835ba9dadc9ffbbf84552d9d,CLEAR,DAYLIGHT,DRY,IMPROPER BACKING,2.0,65.0,1.0,1.0
077caa9596ad652a4d7a0ee8ebe6f2f25bfb50e1627cd8b8116b49c4bcd6eba4b23c29902f9e222ca858f102b633a6627fdc24c6ef5977778bb95d3a73d8bc2d,CLEAR,DAYLIGHT,DRY,FAILING TO YIELD RIGHT-OF-WAY,2.0,34.166666666666664,6.0,6.0