crash_record_id,weather_condition,lighting_condition,roadway_surface_cond,prim_contributory_cause,total_vehicles,avg_driver_age,total_people,total_injured
077cb1ae102ad2f158727e34991612b43721712122dcf67ca813dd79a799e5de8cd9576305abadd3ee1713a698c49a6b54e4396f2c148638cf4371d71156801b,CLEAR,DAYLIGHT,DRY,DRIVING SKILLS/KNOWLEDGE/EXPERIENCE,2.0,24.0,2.0,2.0
077cc8484443f4239f0a6b35832fdb324b5728204c8f088ccf6689ad59bdad1c9c07264be3522755ca5fe84525c0d59694bbeb7c46514b37636d062b0e7f77da,CLEAR,"DARKNESS, LIGHTED ROAD",DRY,FAILING TO REDUCE SPEED TO AVOID CRASH,2.0,37.666666666666664,3.0,3.0
077cef98605d5098cb38dcde358ed936e02282fb0882008010da7936e14b68ed9879d31621c2102082c5fb189cfcf8e30d4c6df029509ee91a5345476de6fb16,SNOW,DAYLIGHT,UNKNOWN,IMPROPER OVERTAKING/PASSING,2.0,46.0,4.0,4.0
077cf7a1673c793cbd08a44d84aade568d46460951b1555413ee75db5f0505f0fd0b46ec557e8ae72c80a83e4a1b13a8b61ee880445c19995b4b5d9a473fa012,CLEAR,DAYLIGHT,DRY,IMPROPER OVERTAKING/PASSING,2.0,46.0,2.0,2.0
077d160e522d70bcaf6f586cbd2e8eeaa42866d8b1b8a2f5a5419006c5ec114a7adeed9deda5319731334a01a8cf393d497526dc13524d87c4d75e7bbbb76382,CLEAR,"DARKNESS, LIGHTED ROAD",DRY,DRIVING SKILLS/KNOWLEDGE/EXPERIENCE,2.0,48.0,1.0,1.0
077d3c11d01f2ffd6245bba3432ec80d6ab16c37a6a32c78c7b63a6de7d0daefe3f26d9461e32da91a8388719fc56a76edc37a79bacd39b7774b1b7d7bc5b41a,CLEAR,DAYLIGHT,DRY,IMPROPER BACKING,2.0,61.0,2.0,2.0
077d563bbf1ed27d0bd971479834cc489f3310a88cb4bfb5114162efcb3fa5105dcd73bfddb698e5bf9b8810c0560f5bc6b5ba15ebb722450fd9aab45c450951,CLEAR,DARKNESS,DRY,IMPROPER TURNING/NO SIGNAL,2.0,34.0,1.0,1.0
077d66b31ccb58eb37e05e012431b0653ba94f41a5321a53a3b3a214932f436ba27576fbcfdd2ca7b58ab7481d35f75236ce93e26cdc44f9a1374651544cc8a9,CLEAR,DAYLIGHT,DRY,PHYSICAL CONDITION OF DRIVER,2.0,51.0,1.0,1.0
077d6855b1cc560a6bf92ae885b8c479691a0ce0c66a349bfa623276442d6277e247b63619828b23f4fd16842ea11137fa657ff68495ef9709fc6657ae01a017,CLEAR,DAYLIGHT,DRY,FAILING TO YIELD RIGHT-OF-WAY,2.0,26.4,5.0,5.0
077d6985b7438092af6b5210fb2719fcf3b5e8555693c8d5bb7ebf23406acb56617a1d5f99ba66d80b9dc0c31c27f11b01e3d8abd2d0dab2d8496531234d1e49,CLEAR,DAYLIGHT,DRY,FAILING TO REDUCE SPEED TO AVOID CRASH,2.0,28.5,2.0,2.0
077d8c07070950f905de8a0bfd9bc92270e4b4cc9f57ae7454ba78a88b51f6aea41953c8308647af075413fe00b1d2b936ed34645671f10401d0ff67bb0ce3cb,UNKNOWN,UNKNOWN,UNKNOWN,FOLLOWING TOO CLOSELY,2.0,37.5,3.0,3.0
077d9697fd1cfeaa996f95d336f39a5f2b4efb00058d104800b431b068e40789dde7bde117b255bcfe5640bb1bb72eba580038d64b2b70f52663a902015ca981,CLEAR,"DARKNESS, LIGHTED ROAD",UNKNOWN,IMPROPER OVERTAKING/PASSING,2.0,37.5,1.0,1.0
077dae9b494ff3a2e381314bd3e4df58d5af680972777ecd1226360f37a11ff622177964a94653af0cf6e1116fabcf5d1bd67086e1c61618fa491f400d29b88c,RAIN,"DARKNESS, LIGHTED ROAD",WET,FAILING TO YIELD RIGHT-OF-WAY,2.0,38.0,2.0,2.0
077de3801550ccd55dbf9269a593e18bcb7ad7c875bd319ab8f86483851d4fe1210c7cc374969a9f91d7d030c520c527d916b1db2ae94560ed5647a0180eb823,CLOUDY/OVERCAST,DAYLIGHT,DRY,FAILING TO YIELD RIGHT-OF-WAY,2.0,21.0,5.0,5.0
077de6d829171716bca27a5b35ae1109ae76c799a4c17e9c7203383062a27cf7b4171a531962603e8191d62ea24b24a1fb97c5ff8ad08a6b4ff85a7c6a24f3e2,CLEAR,DAYLIGHT,DRY,FOLLOWING TOO CLOSELY,2.0,51.0,2.0,2.0
077df0fd4c04921f982a22cdab6e0adaf62da6f7c7cb94a2042b008ee3fa5ba2c969b6847fa939ac3868497aa4eef415e3b216e9a95d0f47437f3f4508c6902f,CLEAR,"DARKNESS, LIGHTED ROAD",DRY,IMPROPER OVERTAKING/PASSING,2.0,42.0,2.0,2.0
077df1436b1231d42890ce4309322f28f0d2dbd9364a866de21a5a082dd9d3fad56c1f69bb25151ec72ba03cb50eeee01633bfd303de6e37f6c6bfc7460e6c86,CLEAR,DAWN,DRY,IMPROPER OVERTAKING/PASSING,2.0,36.5,2.0,2.0
077dfcdc6bab812d9812a280d10484a047799f5c923cdfb989b3771ba7b8312ee60948509a4dc7175fe6003acac87dfec7764a5416a1f1a2b2f68ad207abde1e,RAIN,DAYLIGHT,WET,FOLLOWING TOO CLOSELY,2.0,39.5,3.0,3.0
077e10782c2f14f1247e83c918608270d8bdc45026553c6c010d2adfbd2f22b44972cf13ca467c7aebf113ba0a585ebcc657966cb3ebca7ef0b27560967a8328,CLEAR,DAYLIGHT,DRY,DISREGARDING OTHER TRAFFIC SIGNS,1.0,22.5,2.0,2.0
077e158053914ccc888274fa569dbcb947330655a67c52596b1d1846499394c358179e136132a0e35e10f907aa5397eb3d1332d6421a408f1a79069f0a5b469b,CLEAR,"DARKNESS, LIGHTED ROAD",DRY,FOLLOWING TOO CLOSELY,2.0,34.5,2.0,2.0
077e278cd6e3ae9f2efcb63d5b0f8b0ca72662e035f16173111ab1ac765b82af89fc0d8a85a7c82e32b04ebc8535cc906382e01186352417c8280b63071c9bf2,CLEAR,"DARKNESS, LIGHTED ROAD",DRY,FOLLOWING TOO CLOSELY,2.0,51.0,2.0,2.0
077e3aa4e2b0e0d1b550a6714c65c876694036ebadb5634db49ec3b2ed3c35a3ee0c3db54339dfc76adb0b1a24236667a54342795b9152c4f17cc4566a6bf3e4,CLEAR,DAYLIGHT,DRY,IMPROPER OVERTAKING/PASSING,2.0,31.0,2.0,2.0
077e48447fb6bc889a74b797cba8ee1bc26aa5ce63d206993bbdf702eb476d673cfdbd0bc022803644ee399b2d0eeb642ed205488d05763ddf6038983a03c095,CLEAR,DAYLIGHT,DRY,FAILING TO YIELD RIGHT-OF-WAY,2.0,56.5,2.0,2.0
077e4b308278c8e5cdf9dd11b11345f6bac1cda7e0103993a49fa4eaf103f206b61dea28d81536fba5c131f07df3857ff8c28bacdc191a24dbad7b0f0d5cb37c,RAIN,DAYLIGHT,WET,WEATHER,2.0,59.5,2.0,2.0
077e63a04f2ee89cc247d0625d1fbf0ab5a80bb8377286f9e37ee743b7318059e90396eca7c8cabda9acc232263eda809511b464b1bf22bc42d9a90724b668e3,CLEAR,DAYLIGHT,DRY,FAILING TO YIELD RIGHT-OF-WAY,2.0,26.333333333333332,3.0,3.0
077ebd464e475da364533dbfc7b310346ed253c09f57d181e19b3272fe89914c39204f6535ef37f9f1cb95aeee61ca811df0d5630009a82e1bf225a5ea0cc8db,CLEAR,DAYLIGHT,DRY,FOLLOWING TOO CLOSELY,2.0,26.5,2.0,2.0
077ec42136504075432c04d9d8ac0a92c3b449e4b9f0f547a89db578f19db74dc92a4f8a82ddf63cc900d3eb3fb74ca2cae03ab991e0fa278ff7e05521cd0395,CLEAR,"DARKNESS, LIGHTED ROAD",UNKNOWN,FAILING TO REDUCE SPEED TO AVOID CRASH,2.0,28.0,1.0,1.0
077ee21cb54e39caead7313611f24f217ca3b3b37f8a44439c28a532468d1d95fee1913b4da4567f0b7508b3027ec21adfc287b33881b13a79b392f8fb2b26dd,CLEAR,DAYLIGHT,DRY,FAILING TO YIELD RIGHT-OF-WAY,2.0,29.0,2.0,2.0
077f340c8e5710d2fc7daa7b65dece4a37250c5ea431750e459e3010c77330f49d4901b15f14604bdebd65759e9bbbe0d6bf03f22614d38b25c605c80d2fbd11,CLEAR,DAYLIGHT,DRY,FAILING TO REDUCE SPEED TO AVOID CRASH,4.0,57.333333333333336,4.0,4.0
077f34d15f02e3cc9a0f777283bdf422e8f4574eb304e140ca62e4d9752eb8bf6a27dba2de6125ec003e5429b1ab533d2558bccbdc9847b17444463d6113e2f8,CLEAR,DAYLIGHT,DRY,DRIVING SKILLS/KNOWLEDGE/EXPERIENCE,2.0,22.0,4.0,4.0
077f5487caf17ef7a04d68182bb7b0c30f9d25952bdb8ba36770238327a434a91e13ba31b7213e5154582c24593f9999fac7e7955a531181a245bc9923c3bb57,CLEAR,DAYLIGHT,DRY,FOLLOWING TOO CLOSELY,2.0,37.5,2.0,2.0
077f6d51bbe8823536572fa1510cedbcd1526b055a95faf7b9f2be1d7a1511edc27352f431ec1e40ad356c93ef503ee9b8fc97e20ca920d247b449a32bb9dc80,CLEAR,DAYLIGHT,DRY,DRIVING SKILLS/KNOWLEDGE/EXPERIENCE,2.0,37.5,1.0,1.0
077f93f322a6027ca175c30e9c151c027fdf0fcb39b1ea3e207935d9040ae0ca5007b5bf99982ddf085d4861a1339dff3444475d586877bd0a8a1203e5cf6218,CLEAR,DAYLIGHT,DRY,FAILING TO REDUCE SPEED TO AVOID CRASH,2.0,47.0,2.0,2.0
077f9547e6324572c23477c7be38721e6485ab54c39b3cc4561a00ddb8faffc1f8a2601f0199811782d2deceee9ce8536c5573ddab01e0a8dad947263d9a47a1,CLEAR,DAYLIGHT,DRY,"OPERATING VEHICLE IN ERRATIC, RECKLESS, CARELESS, NEGLIGENT OR AGGRESSIVE MANNER",2.0,36.0,2.0,2.0
077f99e4a928b1e93884d800c2b7ce9506a8779caeae50e559cf7d0e05c84b70d6c8d932e8768834435d2f43bbf8ea2850bc8a68106b30383dc352caed8ac23e,CLEAR,DAYLIGHT,DRY,FOLLOWING TOO CLOSELY,2.0,53.0,2.0,2.0
077fa8cb30fcddeb55fcd126b123eb349437bbfbb78c4b465b3d99dae0ede5b39195e3f91c7f3f960a8d80a2aa6341e4cbe4cd991c5abd32921290ab4060ffab,CLEAR,DAYLIGHT,DRY,FOLLOWING TOO CLOSELY,3.0,29.6,5.0,5.0
077fdac8cce8293ae5aa2a424f22ca4dcc984f508f33a37283127d2103830b0fa06f002f3f644a1a6b089eda312a6dfdbc41f834494e1fbf63ddedb865befde4,RAIN,DARKNESS,DRY,FOLLOWING TOO CLOSELY,2.0,25.0,2.0,2.0
077ff8674f1be170c624d2ceeee7b33bc7720a227b918a53d5244d8bfb75ded23fab767cf3806e381133c2385ed31441b12d4b149e8bb0e5e0f85a8462e8ae22,CLEAR,"DARKNESS, LIGHTED ROAD",DRY,FOLLOWING TOO CLOSELY,2.0,33.0,2.0,2.0
077ffb858796f71d7632ba0df3093229640ce0a50ef81f429a4c06ccd7eeee700d1a4e685fc8bc33dce4ff1f89fc296b252b065581ded384e9f46877f53851c1,RAIN,DAYLIGHT,WET,IMPROPER LANE USAGE,2.0,29.5,2.0,2.0
07801f8cdd1e58ef90f2c931f99017ca82a2d60ca7d371093d74badef843276371897a4923731e95698c4eb723c92e79a653f83dc79706f1b48f2cc346547ae4,CLEAR,DAYLIGHT,DRY,IMPROPER OVERTAKING/PASSING,2.0,42.5,3.0,3.0
0780506e61abf4e998a8327d0995af8c0f45ef13f0c50d7bdcf87619fef160d96703397a81e13e4038581ad8fddab713a03a85acdbce41417a9f585723b9b38b,CLEAR,DAYLIGHT,DRY,IMPROPER TURNING/NO SIGNAL,1.0,26.428571428571427,7.0,7.0
0780ab68cdc8ced39c4c00e8a5a552624cfd54ad518bc8b16f97e6e8e5706d142cd457957dffbc64b9c3987a13aa4bd756d4b693a7dc35f43538d2fec982de3f,CLEAR,"DARKNESS, LIGHTED ROAD",DRY,FOLLOWING TOO CLOSELY,2.0,42.0,2.0,2.0
0780ba56522913f41af1da81d8120971d5f6ba73c8cb6e57fd433a354790a986f7299a6d7f8e8e7f1355b26cd9d419cdc45d8b929f60189547924d36c3d33969,UNKNOWN,DAYLIGHT,UNKNOWN,FOLLOWING TOO CLOSELY,2.0,49.333333333333336,3.0,3.0
0780e7d22d654e7883ae465c955ef30fe203313be9315fa7f96f53db43305670cc6d6799f091e1c28ec71835618426c1b096c0e622187f9073f4e21734e42cd3,CLEAR,"DARKNESS, LIGHTED ROAD",WET,FAILING TO REDUCE SPEED TO AVOID CRASH,1.0,37.0,1.0,1.0
07810722a12708c37be27ef6e5902a069bb8cda4191a7a0ca79401ef44a72f260d8ae1e77d4622539a884ddd76f1a10e0770f4b96c7ac3c6b5ed66c1ece2fbf9,CLOUDY/OVERCAST,DAYLIGHT,WET,FAILING TO YIELD RIGHT-OF-WAY,2.0,37.5,2.0,2.0
078142cec0b8980dfebe7cd6f9dbf5947ab3e286118e54264b531d240f40f309df87921b6f76e589fa64f7f21ad350cc70cd1164ae4cfd3e6f0fb47178312f17,SNOW,"DARKNESS, LIGHTED ROAD",SNOW OR SLUSH,FAILING TO REDUCE SPEED TO AVOID CRASH,2.0,35.0,2.0,2.0
07816f2787e58a16175d99226fa5010c268d2e0cc5164fca2979d97c86901b37ca12b4d5d8f63e2cb3b83d8a639dc417d4b45d56f40788c042e84fd62fb21427,CLEAR,DAYLIGHT,DRY,PASSING STOPPED SCHOOL BUS,2.0,34.5,3.0,3.0
078184174ade47ec7b2c76c3da14609f1d80416e0584551eabc5c0a63c434ebe2ba8a45390d24fbbb1ee743b129fc00d26065886bcbc5c357f521b8897335b33,CLEAR,"DARKNESS, LIGHTED ROAD",DRY,IMPROPER BACKING,2.0,24.0,3.0,3.0
0781bd3e6ec0536b4cc70216e5c23b724d90f0e7157f2a390508b70e924c96b2dd047583c241b3958823352151f70f3cea37b1208839535b2eb8405abe4c47ae,SNOW,"DARKNESS, LIGHTED ROAD",SNOW OR SLUSH,FOLLOWING TOO CLOSELY,2.0,43.0,2.0,2.0
0781d01104b87c3d51fe2439e1019b2a89df713f8839000872f8435276b7a014fab14090be381bc075ffff052d74053b565d40d259815a0bf635ea7baa10f194,CLEAR,DAYLIGHT,DRY,FAILING TO YIELD RIGHT-OF-WAY,2.0,37.5,1.0,1.0
07821b154b2cb3fe82e03995e11e3d5a0a020ff339ec7341533a6dc381dd6389e4d3c879d6747d222720c9ceb3406b2254911de04d2a1e01f16b141282041a5e,RAIN,DAYLIGHT,WET,FAILING TO YIELD RIGHT-OF-WAY,2.0,28.666666666666668,3.0,3.0
078254b45df169e6151a1eb5737a69c8a797a7413413fd8aec4fcd41dcdd3d3f462b9db9b135fedfb9d23fcf581efa392057c4bbe51a21af742f5f010cbe7bf1,CLEAR,DARKNESS,WET,FAILING TO YIELD RIGHT-OF-WAY,2.0,37.5,2.0,2.0
07826d3b9b5179e1cc02ebc93b201675b1196087facc369ea0b4615422fefae142cbc6b5ebdcb5e2ca677e63575743b409769585a1045d6f290a7fa9987fcc35,CLEAR,DAYLIGHT,UNKNOWN,IMPROPER TURNING/NO SIGNAL,2.0,31.0,2.0,2.0
078271c1ea78c5c01a6d73b06222276c674c4f09d7c961f7139a789c9e667d98c9696d86691db76162aa7c04aa3eb0ac88f709501a6a10ed216e661e3ca41863,CLEAR,DAYLIGHT,DRY,IMPROPER LANE USAGE,2.0,63.0,3.0,3.0
07829e99290c9481bc89aaabf6d854987a00680d509f67510bb7e1232e0d208a3c0c0584d6d708259a1d16fda086f70e9e355489ad52552548e115e8d1c24a99,RAIN,DAYLIGHT,WET,FAILING TO REDUCE SPEED TO AVOID CRASH,2.0,33.0,2.0,2.0
0782d2d4120890b082e075a6c5c8715ca51614760fa25de2cb4ad1a7b71880d37beb46d994778061e9c7fa7cefd13f3413fe7fc817d823ee80c792978e661a8d,CLEAR,"DARKNESS, LIGHTED ROAD",DRY,IMPROPER OVERTAKING/PASSING,3.0,25.0,6.0,6.0
0782db0b23ef11549861e79c3d08b3de8e2918eaad95c291d26b012054112cde16f17a1abfefc4bdc40516d9555dd5d9abbaf01438b02e0266e209345de39e6d,CLEAR,DAYLIGHT,DRY,IMPROPER TURNING/NO SIGNAL,2.0,42.0,2.0,2.0
0782fd5cb0086b042c3b1ce9b1581e49f43a4a898fccc3b133ed33ece4ab69437d36f46f289f62b0782b957aa1edc070552b813c26458ca7ed1f0194cc69563d,RAIN,UNKNOWN,WET,FAILING TO YIELD RIGHT-OF-WAY,2.0,31.0,2.0,2.0
0783022ab17e741c217f4d89b10f598130a42ef8eb9727ae731c07d0e6830a86a9aee9e3c65277cca91d0176d0f61ed961d2493283952dba4defe135e148e362,CLEAR,DAYLIGHT,DRY,FOLLOWING TOO CLOSELY,2.0,42.5,2.0,2.0
078304f9cd5abe3e4096c961228bdbf4b35eef78be46855deefa655dd811fb9abd81047727cdfbf9d9e4ef305eee2ace86eaa4f07cb2be5482ef974b2f13cc24,CLEAR,DAYLIGHT,DRY,FAILING TO YIELD RIGHT-OF-WAY,2.0,61.0,4.0,4.0
07831193acf5af8deb0241f8f3dc9bd7efbbecc31c26eee1285877ffce4516c1891c74d259116b6a14971a70c87fe201b9ebe182908a1d7541a325b77e6e9281,CLEAR,DAYLIGHT,DRY,IMPROPER OVERTAKING/PASSING,2.0,40.5,2.0,2.0
07832540675b361f5b6bf408d5d559906d86fb3b89f08e76047d79832a4d3e511fd88721abaccfde83f44e46120f75245b5e57aeb984423c39d7d878a424500e,CLEAR,DAYLIGHT,DRY,DISREGARDING TRAFFIC SIGNALS,3.0,48.0,3.0,3.0
0783739ed7bf2812b2fb81c304f9fd29e9e7561caa665d4c1eb08866f63e4bbc9cb2961bd4b6ee719663bf6ebad4e793ec3dbfff8d735fe7003187ce07d3fba8,CLEAR,DAYLIGHT,DRY,IMPROPER OVERTAKING/PASSING,2.0,37.5,2.0,2.0
07837772050dd8b81661aac419f041f699526ba4ac888059a3e398abbd0eb0148c28615d85130597ac407a9bea82ccb839e51f53922876ceda1549c4cf95266b,RAIN,DAYLIGHT,WET,PHYSICAL CONDITION OF DRIVER,3.0,86.0,1.0,1.0
0783a08ae5ca160337d5de2be2ef27f67d2364e77daea3ea345a61accd0af981576bea9eeddd9b5b53aef7e4f52ccd6e37ac31867b79f0e4a5882175d588dcd9,CLEAR,DAYLIGHT,DRY,IMPROPER OVERTAKING/PASSING,2.0,35.5,2.0,2.0
0783bc766d1f70d37c4406b9c460d0a8a3c5aee36bfe66beb22e45c246ffdcfd29dcbec4f2829d8782f88eac05f5958f19f2b07ee2c759488dd29a298b777f56,CLEAR,DUSK,DRY,IMPROPER OVERTAKING/PASSING,2.0,62.0,2.0,2.0
0783cec98bd50ad8e361171f2709432bc4de00e774d31a9f9b9b7809b44eb5de1738b9113a136fc035e7c5249a67635e7fe58e7f8d86832445f17cd0925e80c4,CLEAR,"DARKNESS, LIGHTED ROAD",DRY,UNDER THE INFLUENCE OF ALCOHOL/DRUGS (USE WHEN ARREST IS EFFECTED),2.0,30.5,3.0,3.0
0783d0c265ec77b7f9cddc34d93fcabeb3bcd026b9d921504f6486e90634e6c35b6c3716dee3f46283dae44bb458773e0784be8205fdced4c05babe0a06bf210,CLEAR,"DARKNESS, LIGHTED ROAD",DRY,FAILING TO YIELD RIGHT-OF-WAY,4.0,41.0,4.0,4.0
0784140dd2d359c8d83b8ddb543d0daa5f9e0f1cf0013d4ac668f46229cbfb9e9aa5641eab3c7b24d1d17560c9118c734910ba7f66e1d8c2be3061ed7892c64c,CLEAR,UNKNOWN,UNKNOWN,DRIVING SKILLS/KNOWLEDGE/EXPERIENCE,2.0,37.5,1.0,1.0
078485434ce0f1bb54b47cbd7aa10971570ed767805ec685384041a80a25cd02a6a2ce34e446e4b0546e1a1b9ca517740a36ec2e58e95b2f7a04e2d7a29b389c,CLEAR,DAYLIGHT,DRY,IMPROPER OVERTAKING/PASSING,2.0,37.5,2.0,2.0
0784920f96eab0940b5b849210843142924e5eb9d88f4cac3a104a86cb5f7b4dba13c60327f41a7a225cb668de086d3ab1917de65106496ca3aeae7baa836007,CLEAR,DAYLIGHT,UNKNOWN,IMPROPER LANE USAGE,2.0,62.0,1.0,1.0
0784a2ea7dd665690272a8a4d9afde12bf05668b00a00bdbba02a58dd836dc01f59a7d0a885d7881263c3ad3402218816b235bf4b3b96f5713db8ea27acfe179,CLEAR,"DARKNESS, LIGHTED ROAD",DRY,FAILING TO YIELD RIGHT-OF-WAY,2.0,51.5,2.0,2.0
0784b9028d1af5886614d0768cb712020b0427506c4ed18783f8967b99fec554ff3012b69e872cbbe917f99d539c27cdb152c8dcd06161f0d3b9f492bfb1fe1e,CLEAR,DAYLIGHT,DRY,FAILING TO YIELD RIGHT-OF-WAY,2.0,25.0,2.0,2.0
078514c9cc8ccb22a757762235d22c7823567845b16a374800571b6e4d17a02943b049ce44675be210ba714092df7b19a9d563d456d9ad1adb77c63c40325c6a,CLEAR,DARKNESS,DRY,IMPROPER TURNING/NO SIGNAL,2.0,31.25,7.0,7.0
07851944c63d55a2ff98ea70a737bce7e7aa6374fbeac0b9855859c5243914ec2c01790bb10255359bce9f3a647f8068971f4c7e2d3126ff7d2a3975d7e815d1,RAIN,DAYLIGHT,WET,IMPROPER OVERTAKING/PASSING,2.0,50.0,3.0,3.0
07853827cfec64f819a5863a0d529bfe87732e0bebd821a683dbd0f7ff2c69ca69b43e66a4162fa2efaec208cdfd617f5956319e91ef937aaf1230b890cdb75c,CLEAR,DAYLIGHT,DRY,FAILING TO YIELD RIGHT-OF-WAY,2.0,60.0,3.0,3.0
078581960648ecd8bbdc254e80487b8a38254526e96cab10651f4c58a1225805e40f7f835d52c36ea7fd19c7868a8353bcb1290584ee1f838cc443966b6428c2,CLEAR,DAYLIGHT,DRY,IMPROPER OVERTAKING/PASSING,2.0,51.0,1.0,1.0
078588b56ef3793a179fca0fb64b7fd953b61e1a1be4672d944f75fdb753bf65bb34649d62573298f4d15f648af64b68323034d6628037ef8467ec9b4b5a177d,CLEAR,"DARKNESS, LIGHTED ROAD",DRY,CELL PHONE USE OTHER THAN TEXTING,2.0,18.714285714285715,7.0,7.0
0785acc6caacace6a3cf5230f2888e3a681c60609844981283f307696a114623db0f6a302d69c060675b7b519d5f2e928985103ba101fc7e91b39aeaf10d4430,CLEAR,DAYLIGHT,DRY,FAILING TO YIELD RIGHT-OF-WAY,2.0,35.2,5.0,5.0
0785d012a592c10e496004d62d986e64cf29a1dc39b8ee307a5af84024e6261f58382269b0e81fdd809bab166d3dc885fb34db0c4b6e09026e8612a014eafae8,CLEAR,"DARKNESS, LIGHTED ROAD",DRY,DISREGARDING TRAFFIC SIGNALS,2.0,73.0,2.0,2.0
0785e03f0f4228e2e2b07949dc81418522ab84dac0cabde12ad54437078ad51e3101d9ca7b742333c3d70c932eada4e7012cd5e16b1d7b7890470928269fb3f6,CLEAR,"DARKNESS, LIGHTED ROAD",DRY,IMPROPER OVERTAKING/PASSING,2.0,64.0,4.0,4.0
0785e0c584fa8b6f0effddbfc4a3def37e20810729041f9d5773e89e3eedf4470e75369a0fdedb990f589a74f8d460e4e1a5710c5c7a3308e5cdf407859ba1c4,CLEAR,DAYLIGHT,DRY,IMPROPER BACKING,2.0,69.0,2.0,2.0
0785e71e3c95d8138edd86545e618d2ff8339aaa42f0f9f2a2e9b48a072accf7d2d629f47a37bced39651bcb7c4d41df3d40d4ea9542ae6fb70de41567937c16,CLEAR,DAYLIGHT,DRY,IMPROPER OVERTAKING/PASSING,2.0,50.0,2.0,2.0
0785fb4301bb9c0a9411bfec0fa9086787339668668198ac32f145ddc462da0c1fb2c23c22e906e1003a0037228f665978ae34487e100fa4c5a01001b9c77ac3,RAIN,DARKNESS,WET,FOLLOWING TOO CLOSELY,2.0,28.5,2.0,2.0
0786131abae5c9d7706212bc674fbc26d75597aa1c3671881d7560cebdfd913d6ed02ce2c0cee7a35184fec5c1c42a6681bf8793691933881fe50f6a8c7d37ef,CLOUDY/OVERCAST,DAYLIGHT,DRY,FAILING TO YIELD RIGHT-OF-WAY,2.0,61.0,2.0,2.0
07862f3890d4091b3b7b5db92e1923b6ce227c8dd5f3b3f2b96feeff1f1fdb4adb73b47fe4bca5ca317f6db118b213cd1f4212eff49b2712cdae26a97330edd1,CLEAR,DAYLIGHT,DRY,FAILING TO YIELD RIGHT-OF-WAY,2.0,40.0,2.0,2.0
0786325e5d8ae4ceea33e1c1b3746dad2d4a16a23e1eeefefb2b331aae8e3244262694e1d186ec11e38ed81bbac863e3055e907565cd03542c6327e640bb59e7,CLEAR,DAYLIGHT,DRY,FAILING TO YIELD RIGHT-OF-WAY,2.0,40.0,2.0,2.0
07868131be8c7b7c1ffef67611d1a7e9b2b887979ae0fdd07ef7949bbf5de486af1616a89d820ac9e0f68ee4a752321054d92b0fcf961065f8fdc3c16178ebdc,RAIN,DAYLIGHT,WET,IMPROPER OVERTAKING/PASSING,2.0,31.0,2.0,2.0
0786954a8d9918924a27d5cdb2115383603f8a5382c8c2b1e0c8d85deedb863df1f35ea77e00876e512d71b21ff326ceae172ba33787165900194c6fbce27822,RAIN,"DARKNESS, LIGHTED ROAD",WET,EQUIPMENT - VEHICLE CONDITION,2.0,25.0,1.0,1.0
07869d12270454cb0cbc76e15f9d5485b5145371cde85b54d5b65db709e034381a706916566ed5e3cb083069f566bf15e9bdbbca479a870335c642402d794bb1,CLEAR,DAYLIGHT,DRY,"VISION OBSCURED (SIGNS, TREE LIMBS, BUILDINGS, ETC.)",2.0,50.0,1.0,1.0
07870949361730274d9a3637270de3675f686eff26e6c77a5fca29bf0dd130bc9517942e5f729a7ee936c5fd2885b026ffd3b81165abd5e309e24ba822a0ef61,UNKNOWN,UNKNOWN,UNKNOWN,IMPROPER OVERTAKING/PASSING,2.0,48.5,2.0,2.0
07870d95ad732773c234cd59daf73fa0b247f8eac7c6161c7c28a7bc62ad84fcda363754d5e5097b3cd227caa23ef15e7c1cde79df8856b5fa53074d32203be8,CLEAR,DAYLIGHT,DRY,IMPROPER TURNING/NO SIGNAL,2.0,19.0,2.0,2.0
07875dd04ac46e37e476a11bf8a4d57f370bf18415a2e7df0b8b1cc3443c4a758146a504c9c4b4d466da77ae137f1a29e78bce77bca87f1994bec6c5711e5e4c,CLEAR,DAYLIGHT,DRY,FAILING TO YIELD RIGHT-OF-WAY,2.0,34.5,3.0,3.0
0787848c57f5b16dfad8d2ae1f7666b1b7dce60898c7c259a36f3c7f075f135c4b3555f07df23498d29155380591fe90d7f33c32e40b4b2207f16c03fdb8c7db,SNOW,"DARKNESS, LIGHTED ROAD",SNOW OR SLUSH,EXCEEDING SAFE SPEED FOR CONDITIONS,2.0,32.666666666666664,3.0,3.0
078796ebbecef66f46d218c581c4e8a5070a0782bd24b6de64be64031619cf35c1f0cf233b5f67315c50b571831b566056b1cfba4c9cf533368ab5817402091b,CLEAR,DAYLIGHT,DRY,EXCEEDING AUTHORIZED SPEED LIMIT,1.0,37.5,2.0,2.0
0787c84061e80d3d1a6b098a06a29282f3e25de42a3c386a218d93b8c8e5499d4028c726ba23e53fb6ac84156713772ef0aeb34c266d6044b74c46d299b00979,CLEAR,DAYLIGHT,DRY,DISREGARDING TRAFFIC SIGNALS,3.0,28.333333333333332,3.0,3.0