crash_record_id,weather_condition,lighting_condition,roadway_surface_cond,prim_contributory_cause,total_vehicles,avg_driver_age,total_people,total_injured
07880b2d3cfd81bbfda6ad7f266834e7735b9d328519714a974c05bcf257c73b07f02ef51bcdf7d597dc848d5759c0fa3cf44f76b93c2028c57667e94c669b08,CLEAR,DAWN,DRY,FAILING TO YIELD RIGHT-OF-WAY,2.0,48.5,2.0,2.0
078810404a2257221df6d237f63a1c24388b063d671f0a46b360c188d90e514dcc4849b86007822ef2cdad3a61b3d3534c0c2be9f02180ed762aa52372595eb0,CLEAR,DAYLIGHT,DRY,IMPROPER TURNING/NO SIGNAL,2.0,41.0,2.0,2.0
078826da6b35a95715b3254ac0d6396e789cbe72369ce13a5a2b24fdf084ee68da8d34ac273b3017d3cb8e032f6249fd02cb2732b75d926f5466b2e4b96366d1,CLEAR,DAYLIGHT,DRY,FAILING TO YIELD RIGHT-OF-WAY,2.0,27.0,2.0,2.0
07882ce7a46c3fba7d51e7c14938aa550ca5fe40f1c59d5e7fb19a8deb3501f99b9add5bcb14c9993afa4fe3e59d31eed3454976be7e60b7e7ba250b2871ffaf,RAIN,DAYLIGHT,WET,FOLLOWING TOO CLOSELY,2.0,50.5,3.0,3.0
07883eeee2fd968af8e76715478fc84508a6b8e3db97327c084802ff8449bdbe725ca6a593859e6c8a2000471cfbf212fae8f225f32212ba25c6afc5e5ff5020,RAIN,DAYLIGHT,WET,FAILING TO YIELD RIGHT-OF-WAY,2.0,38.5,2.0,2.0
07885638a18947109603f094693a1859437c6c9066cf3793934902c18a5836d80e304fdf5433d40cb3fa190aecd2395f36dce7b1fc3bd5facc14b12c570b8678,CLEAR,DAYLIGHT,UNKNOWN,FAILING TO YIELD RIGHT-OF-WAY,2.0,24.0,2.0,2.0
0788928daeddf009262ffdae78147164ae4aadda325932bec22dd4e564195f5fe305da01a9798bd882cd57f9d520617c9a7bbcc66e81b40d9c4ef5f9ebee4d08,CLEAR,DAYLIGHT,DRY,DISREGARDING TRAFFIC SIGNALS,2.0,35.5,2.0,2.0
0788c3525dc8c624d80213a8ab04702d2a60cc25011e682b91fa0c1779a25a9a502c6731fc318ba9d19021c5c5650949cc8580e7c0d9c36177884100fd8105f1,CLEAR,DAWN,DRY,FAILING TO YIELD RIGHT-OF-WAY,2.0,52.5,2.0,2.0
0788f3cdf9e458ce9be97220e5ac962f4bc2e8c4d00e2c71893e466285bbab6a9fa32058d036618b7d27035a107fbabab333f4d5fee468b583c5813c8741aa0f,RAIN,"DARKNESS, LIGHTED ROAD",WET,FAILING TO YIELD RIGHT-OF-WAY,2.0,54.0,3.0,3.0
0788f9e052cd0b39796021f523e36754fbff8d913c0b9372e60d22a7d95758ed1b4f49dfd7b36d71707f63ee18c4f69b755cf7c6292cc819faa6f54f8e6e6e20,CLEAR,DAYLIGHT,DRY,DISREGARDING STOP SIGN,3.0,29.5,2.0,2.0
078904c00a69fd5e06f6cb8601bb6a50dbca9834eab168e9de6a4f620d8edb810b89f093a9dbc5d48695583b04cd5f7b9f171d2537fdafed9b17df289d4a88ef,CLEAR,DAYLIGHT,DRY,IMPROPER TURNING/NO SIGNAL,2.0,42.5,2.0,2.0
078914c7c168edf20b6cd86ccaf9ebc183af17e05b2f3c055fcfa7e763e55e5c7e64c688ccb9459df780ca9ebf44d5c91863cdda6e607bf2ce50ea1be21bca6e,CLEAR,DAYLIGHT,DRY,IMPROPER OVERTAKING/PASSING,2.0,48.666666666666664,3.0,3.0
07894ef4a71c549c593cacc89364ca8cb8bccb39fda0c2e5d82edec583fd2ad3dbd2b926ff83b66e73c46d7cc8af947fefe8bb2c347ef7fc308e3a231de15293,CLEAR,DAYLIGHT,DRY,FOLLOWING TOO CLOSELY,2.0,67.0,2.0,2.0
07895e2f33bfe301a32de8283981059347f24675a7fcc430dfd204262099bbacacf12ce29f98231ac8b82bb6058356d7fc4bc4f9dbc534382d4e04fb6531f265,CLEAR,"DARKNESS, LIGHTED ROAD",SNOW OR SLUSH,"OPERATING VEHICLE IN ERRATIC, RECKLESS, CARELESS, NEGLIGENT OR AGGRESSIVE MANNER",3.0,37.5,1.0,1.0
078977dca15cf6a754b5d5fcbe74b2e864660c1cb4910477f24c0a618024251087cc7cfb7014b66eb0881a3e63cc71b0657afb77de3a4668cca67ac7465d7a0c,CLEAR,DAYLIGHT,DRY,DRIVING SKILLS/KNOWLEDGE/EXPERIENCE,2.0,27.0,2.0,2.0
0789badcfd0ea62a2bab6084ce68d3b8bbf34d5e8d7a069b3e36222b6ce9b558aeb23b24d8060069febbc2c6cd067ccb0c97a28d9b20eb7b84bbcf11d3cc1063,CLOUDY/OVERCAST,DAYLIGHT,DRY,FAILING TO YIELD RIGHT-OF-WAY,2.0,34.25,4.0,4.0
0789d59f89e236edf58873b71acbea37d78a6fb5337ac2bb961023969bdf08a38cbb10fd2496a2e05dff79b905b383d2223ae6ba5eb151173ab8c6986abf16a2,CLEAR,"DARKNESS, LIGHTED ROAD",DRY,IMPROPER TURNING/NO SIGNAL,2.0,29.0,2.0,2.0
0789f2079b060739f3d98fe2629ce28cbbf8689ad3428860e49e19d0dabcfb1e34815365a4fb8e241eec0912bcf27c066e1dd5919dc5a16e26696bd6a8751786,CLEAR,DARKNESS,DRY,FAILING TO YIELD RIGHT-OF-WAY,2.0,25.0,2.0,2.0
0789fbaa18ff1af6431f587b393d99e957f37f4dfad82328cccadb6cf90d6e78a51f7b388722d0b6a8e83c2daf8ed82128be3d257a8e102d947603c5e2ecc373,CLEAR,"DARKNESS, LIGHTED ROAD",DRY,FOLLOWING TOO CLOSELY,2.0,39.0,2.0,2.0
0789ff3d7440c7ac70bb51c68705b98773587b8ac8206368e45212ebee22e92ca819a6609f824b6542caecc2d631b2191d49f1d3a8abd5e5815a0c51be99cc11,CLEAR,DAYLIGHT,DRY,FAILING TO YIELD RIGHT-OF-WAY,1.0,15.0,2.0,2.0
078a1fcf9f86709216563a0ba899da0e5726715b36810a03f2c31b98cc724d161e2cbd2685a795c2bce0c1372c07147bafada19ae13032f92624d936447fc977,CLEAR,DUSK,DRY,FAILING TO YIELD RIGHT-OF-WAY,2.0,35.0,4.0,4.0
078a32b9c2e057d1496eaec7e39366db3e5e84834d54efe08787910129a2a43b157e456410d1ce43810d76145b142ba42e42b0f732eb32cc8cb44f3d1792e9f7,CLEAR,DAYLIGHT,DRY,IMPROPER LANE USAGE,3.0,20.25,6.0,6.0
078a39c56ca6531c7cb9482c21dab43680243fa942e1bfcaa74623da4494b517c79e9495551c7b43166b79a84a049ad89eb633c43041119e95a86c86e7e027a2,CLEAR,DAYLIGHT,DRY,FAILING TO YIELD RIGHT-OF-WAY,2.0,0.0,4.0,4.0
078a46611bbde6019f076b77629bcadf9cbc8709f64c13638717d90a8bf8e92e7064bd7e69e728c2156fe5133512731f9a12cd3c9b7adbba82d8d43229633cb1,CLEAR,DAYLIGHT,DRY,IMPROPER BACKING,2.0,47.0,1.0,1.0
078a58f3a07242d3d054981dca00484a51113aedb7aec3d8cb4d5a0a5e555b13f31799be24df050c020b41588ea46339fed2739f48d37060b37443d554cb56af,CLEAR,DAYLIGHT,DRY,IMPROPER LANE USAGE,2.0,55.0,2.0,2.0
078a60f618f8189acbadc4495bdbe38bcd6caf7903df10f411927964189883f8f625676823473f7903be2d03a62dc78d2578f0b9b9521a9c8b89eb0376734b5a,CLEAR,DAYLIGHT,DRY,FOLLOWING TOO CLOSELY,2.0,26.5,2.0,2.0
078a66f46c43ace868ab1d1ddfa177f96ee44efd2eadb7ffb2ddbaa9becd16da1b4e1341bc85d7ca2dd7f1a0b571bab52bc21ecf6acea244e7e678dcbfb627a8,CLEAR,DAYLIGHT,DRY,FAILING TO YIELD RIGHT-OF-WAY,2.0,32.5,2.0,2.0
078a923cf981855247e5850367d4fa1ece80e21df149e62e7f41b1eb2761aff113c52a9819cad33621e3548587978bb8e08b67a09461085489f96df3e5fbe875,CLEAR,DAYLIGHT,DRY,FAILING TO YIELD RIGHT-OF-WAY,2.0,37.5,1.0,1.0
078a9f63e40d1702c036aaaa8678e19bf273f735a15a83f33658c67a9aa1a6d960531c23dded9cde049fda2fcb26169c0246813e3ac838e55ce21cd79b85830a,CLEAR,"DARKNESS, LIGHTED ROAD",DRY,IMPROPER LANE USAGE,2.0,19.0,2.0,2.0
078ac6e190936ae8b8e2de039e40b7a1cab4af56a19470d7b4b7b98be1a9dc2dd4730e40fb72e4d8a6f6daf4b254db96e4b54b70f4b499c4f0b8ff73e13d7e55,CLEAR,DAYLIGHT,DRY,EQUIPMENT - VEHICLE CONDITION,2.0,43.5,2.0,2.0
078b07c3f09a5767bd77a8010277b2131b30580aad5251d609035796d07b3920236d1b7a9bd79d56297e2c005b628c62be1fbee88b3e951ee3f0e39d9e1b906e,CLEAR,DARKNESS,DRY,FAILING TO YIELD RIGHT-OF-WAY,2.0,49.0,3.0,3.0
078b31bb0cb8c97cff7d3105a70e6caf8a4aa80dd396568e1c52a3db047524d9c28f7c956d01fcb5faed14c902862cbbb986765f23e62f1bd7659c32bc4df167,CLEAR,DAYLIGHT,DRY,IMPROPER OVERTAKING/PASSING,2.0,45.0,2.0,2.0
078b488f19528bf62b14468c2885812f583afe26221d8beeaeb1532a3da00c7ee29ce1ea2c5fd406c2d146e672e4d4e30204fb2569f5eff51e90d29a011e48d0,CLEAR,DAYLIGHT,DRY,FAILING TO YIELD RIGHT-OF-WAY,2.0,58.0,2.0,2.0
078b87757cfe153c8b8a990ed4560eb603d8d2c68a9d6522ab22cd8333ceac66d08c315d1a316624c59bb6784bfa4e7503f360356a82cd94846fd0a24d9fc48a,CLEAR,"DARKNESS, LIGHTED ROAD",DRY,UNDER THE INFLUENCE OF ALCOHOL/DRUGS (USE WHEN ARREST IS EFFECTED),2.0,47.5,4.0,4.0
078ba33f4cc07223748efce304de13956ee5a374c0feeb60f43048b8cd032ba2f6377be7b4ee040051fb6597272e1565b2def6d0f9022ec84f921160732e7451,RAIN,DAYLIGHT,WET,IMPROPER LANE USAGE,2.0,30.0,2.0,2.0
078bb5a7bf6863a751dba2b831d86b2626bcaee19966c50f10c324f55f437976924c3b1e33b4c6ce96887676490a45bb943df5c589397a2d1003b76544c8ef19,CLEAR,DAYLIGHT,DRY,FOLLOWING TOO CLOSELY,2.0,27.5,2.0,2.0
078bba192d7a2ba99f8f0d208930b4d828689f4329e23dfb148413cec485b60a8c747d08963f021e23a4b1a593532df89bc4fe4048207d465c7c89681bd82a2a,CLEAR,"DARKNESS, LIGHTED ROAD",SNOW OR SLUSH,IMPROPER OVERTAKING/PASSING,2.0,69.0,5.0,5.0
078bcbefd619dce06fad8d32222a823b37608e21dec5079dc5c58afe0c4782b4e5a31b9c285091d5a54a16d4f0bd06b391b13766f4d5f154be80dd8bc6cdb711,SNOW,DAYLIGHT,SNOW OR SLUSH,WEATHER,1.0,34.0,1.0,1.0
078be38ed28a8e81f5053428ff9bb6bf8be331fcf7ac67d701c932186c6f86d0f0e95d11db9f914968d9ce649fa2e6ddba27a05af236df4cb9ce81b5b4f01783,CLEAR,DAYLIGHT,DRY,FAILING TO REDUCE SPEED TO AVOID CRASH,3.0,52.0,3.0,3.0
078bebc0a5f327454c33a44a8496ca5dfb2556eca1f8796e66fd8aada907d945e85294dcb2a06ed862b6070de71bb3a24aabb0459ccdd44642daa545cb308ae8,CLEAR,DAYLIGHT,DRY,FAILING TO YIELD RIGHT-OF-WAY,2.0,46.0,3.0,3.0
078bf53fa0dea87977987aab705ed808254e9b5fe7f78f003e035f4ed1884c06be9f63d917c90075cfd98b134cfb9ca337b62720b511bb75a85e6575b639749a,CLEAR,DAYLIGHT,DRY,FOLLOWING TOO CLOSELY,3.0,54.666666666666664,4.0,4.0
078c0869297ca3ae1eb8ea30d0fcd6baee5d4dfb295936e5e2e0ec3be733655540ec5960cdf99d68314d579292eadf8631d13d1e60def11790310acac601a992,SNOW,DAYLIGHT,WET,FAILING TO YIELD RIGHT-OF-WAY,2.0,35.4,6.0,6.0
078c2cb758f3e9cc9fa7fb20c27010afe1025be0970a8111af2c900c2177cb19809092648efdcd2dc7afc04fae86e4e1ca9741755d5f573bbd15b0725b0a5985,CLEAR,DAYLIGHT,DRY,DISREGARDING STOP SIGN,3.0,39.666666666666664,3.0,3.0
078c2db1422e601a2f5a0836ed9bb00350afc2643973af2dd161451ea8969a944b0e8158320ca7f13853de7a955a2fc1e666c2b09b9f7e5bc847ba5757369cab,CLOUDY/OVERCAST,"DARKNESS, LIGHTED ROAD",DRY,FAILING TO REDUCE SPEED TO AVOID CRASH,2.0,54.5,2.0,2.0
078c4d263b956c8ea3d9dbc0e86c85fc0145d20d5c0b315e5903a681cd236851ead8dd95bbc80d1cd0e2a1f06fd61f3f9e45687835bd10730baeabab9e3c5cba,CLOUDY/OVERCAST,"DARKNESS, LIGHTED ROAD",DRY,DISREGARDING TRAFFIC SIGNALS,1.0,46.0,1.0,1.0
078c7e899974129f9a2d1c3331496d5e5b41bacf6f5ca083c952d675a1773fac5371f014d8c3d5fec999f333154aec7bd7fe23a0439be87091a548ad9d9876dc,CLEAR,DAYLIGHT,DRY,IMPROPER LANE USAGE,2.0,54.5,3.0,3.0
078c8dde61792d1397c0c94cb47f1870cc1e53c56cccc0a48d416bd6cbbd9b498f2e5980658aa72f04ef89009d364d15cac97ab1eb44d813503cbb1196df286f,CLEAR,DAYLIGHT,DRY,FAILING TO YIELD RIGHT-OF-WAY,2.0,45.0,2.0,2.0
078c9f4de90e2e4b7e55de8b688391a416015e9c743d6c6d05976eb8317e2350499cf009e7c39078af4d11c40003c737f1d8671486fe76249ca85d39beb3f545,CLEAR,DAYLIGHT,DRY,DISTRACTION - FROM OUTSIDE VEHICLE,3.0,45.5,4.0,4.0
078caba37c1a1d770e4d263df42831e379898a57c01bd241d708d711f68dfc136dc43be6b263651563b8ac4fa27b4f368476dc617e62e14cf545e0d47f16da5f,CLEAR,"DARKNESS, LIGHTED ROAD",DRY,PHYSICAL CONDITION OF DRIVER,1.0,22.0,1.0,1.0
078ce231aa8b6a5f4d045494db9ef2b9ab520c767d0845090eb9d69bf20e23029c05fca573a8049b4e7e2e63ef85051843bedf43e57923a9c079630f2b503e45,CLEAR,DAYLIGHT,DRY,DRIVING SKILLS/KNOWLEDGE/EXPERIENCE,1.0,37.5,1.0,1.0
078ce53ca87dda5aac52de2f658083226824ce4cda5093d2a42288bcacf644844d175da732ef7ab8cef110ff50228f7fd61ea103058cc7eb6e7a4ba4a82dba7a,CLEAR,UNKNOWN,UNKNOWN,FAILING TO REDUCE SPEED TO AVOID CRASH,2.0,37.5,1.0,1.0
078d16bf071281e53877e48b0592d079ac98357017b0688489a65475ca38d6247511be4c8140625c87c1882ff3b7394dfd86ea801ea6aa24245fa510cb42eb02,CLEAR,DAYLIGHT,DRY,IMPROPER LANE USAGE,2.0,51.333333333333336,9.0,9.0
078d1ad3290dc6b3fe09e28fbdca4c7dae7a65ad16f91f156175e9d00276f0e8f094006e774936c5390dfca317166685bd52dd4744082e66ec6ed36226bd4bb9,FOG/SMOKE/HAZE,"DARKNESS, LIGHTED ROAD",WET,FAILING TO YIELD RIGHT-OF-WAY,2.0,41.0,3.0,3.0
078d245678db5699fddc00dcc94a4ec09319a24d991bf2d79e8027fc60e563744edaaae5eea4c207c55014dfb6d387db93ef9f7d90fd0af02d393aaedb04adaa,CLEAR,DAYLIGHT,DRY,FOLLOWING TOO CLOSELY,2.0,24.5,2.0,2.0
078d35c14a187db12d8f91acac33499ff17bd188b61729d6ceaeaca28113211354c2e70bb2ac7dc30c176a45449cf4d47a8acab8799fe8751dd097fdbf0cc733,CLEAR,DAYLIGHT,DRY,FAILING TO YIELD RIGHT-OF-WAY,2.0,31.5,2.0,2.0
078d6d6889bbf4e58272f0b4f3f670de0c5fd3731703e2d3266e3755de4c796cda40950e55e4cfde75feb9349f38ec302d873240c37ba8b98bbbf5a2493a44f4,CLEAR,DAYLIGHT,DRY,FAILING TO YIELD RIGHT-OF-WAY,2.0,54.0,2.0,2.0
078da80aae69057b8474c12ee01a405a73631ee421f8d73b0ec1919617c4a95309df279b7679652e199864a6093b8a326e8b8a155c2a1c2fc36b37cc4f405632,RAIN,DAYLIGHT,WET,IMPROPER TURNING/NO SIGNAL,2.0,45.5,2.0,2.0
078dd5bcb6f6e5b1a26bac65ce2d081e0876936e2cf56332669f1d3e74b64092344965a29d1fee1a585ec337d0834893b610e40493cf492fb438968bd17af5d3,CLEAR,"DARKNESS, LIGHTED ROAD",DRY,FAILING TO YIELD RIGHT-OF-WAY,2.0,23.0,2.0,2.0
078e258931026e68305b5ede112a9734fb7209dfcf523b081d476454231ebf45d65b8009895597ba8daadd5f4960161f04c09e3a0516b99a3e4f25b11886f6ab,CLEAR,DAYLIGHT,DRY,IMPROPER OVERTAKING/PASSING,2.0,29.5,3.0,3.0
078e34c9930e3791ccac55acfd78f7299c336739dc93521f5fd6159a0a3c78de5dbc6e0a8c56c329ebae0ede5b89d6301ff0a99d19d15a66a746894ccd8d68b7,CLOUDY/OVERCAST,DAYLIGHT,WET,FAILING TO YIELD RIGHT-OF-WAY,1.0,45.0,2.0,2.0
078e3b0c12c70b38ddb5dca111a57e5001f5d16e6e8ba6bd4112588f8f562758960babf5ff15a684597245b82831f9f60a9438cfa4f003b3ee5da649de4f426a,CLEAR,DAYLIGHT,DRY,DRIVING SKILLS/KNOWLEDGE/EXPERIENCE,2.0,18.0,5.0,5.0
078e6768f06915191562b02870f75ad7dce48903e3bfd27f7875d82e2929cfad2f4028be123888d3f2b664ad11a8b6e967b33bf917680eb212d0df2a13b0d700,CLEAR,DAYLIGHT,DRY,EQUIPMENT - VEHICLE CONDITION,2.0,61.0,1.0,1.0
078e6e973246049fd6818cdea4e530f2b575846c5e8bd7c1ca50231eff3ac815a790c824cf0a571dc6116754009d27d4b82d6623b596e73f88cabf054f5a9eae,CLEAR,"DARKNESS, LIGHTED ROAD",DRY,FAILING TO REDUCE SPEED TO AVOID CRASH,2.0,24.0,1.0,1.0
078e803afb13943ece4f455282eca167a45e56e764cc7b1757a260013ff47939fe334561bea0bb48324d7f72dd6cbe242f1a7eff30362dc5b04764e54ee23c29,CLEAR,"DARKNESS, LIGHTED ROAD",DRY,FAILING TO YIELD RIGHT-OF-WAY,2.0,36.0,2.0,2.0
078ea7e9204f64649443bf38b19c4c69a981c47b0abc9754a03ba6e97fb5d15b47a2f699d586dceb9c2d675f2a0f3cbaf0dc2210502e342f91dd83305820221c,RAIN,"DARKNESS, LIGHTED ROAD",WET,IMPROPER OVERTAKING/PASSING,2.0,50.5,2.0,2.0
078eb0eedc79cbae80c97651a39e90011ee5f3d14d80eec4b795bc6c5285713f33236b7e2fe96ca132ec18e3f2d5476a95cdf3279a553fc0f8526dc49e200f7e,CLEAR,DAYLIGHT,DRY,IMPROPER LANE USAGE,2.0,28.25,4.0,4.0
078eba2c9d8b092790b614f72529d1227c4310c8f605617abac0ed214d3a1ad8dc66ed07a5e5cba41ebf3afb7def3b9fecbfb2c8c818285621d776c6b8ab858b,CLEAR,DAYLIGHT,DRY,DISREGARDING STOP SIGN,2.0,42.333333333333336,3.0,3.0
078ec065345f2e7be115b4b3d6b3417a327ef1687e5b7584c0e484f4b43f014e3cb622fa2a21cf7c26d6bf4ffb6fe42c2bc5428fb9e8fd40cc195f3e3d6acb6c,CLEAR,DAYLIGHT,DRY,IMPROPER TURNING/NO SIGNAL,2.0,61.0,1.0,1.0
078ec420616185833f0b86a5b7a214d009a5ce39ce23f6a12015a713c816d98d63ad828566bfb5ff05b0335eac7de32b634bf472f88cffbf39d920690e517f11,CLEAR,"DARKNESS, LIGHTED ROAD",DRY,EQUIPMENT - VEHICLE CONDITION,2.0,24.0,1.0,1.0
078eead2fbb30887c7d8239134c8cc9120356527c7f95711ea801df2925b2c18e1b969826211a71f550b6afa4ad2dffa144ae6bf7d76fa306d1ad855cbd4ff99,CLEAR,DAYLIGHT,DRY,IMPROPER LANE USAGE,2.0,61.0,1.0,1.0
078f03ac9ac96e15d18f5e75787a29b1b88ef3691241250443be4c6a40e49080449ef747e554c566146a19c353c1454b8e6b253f484f5edf8b91439c6151e857,UNKNOWN,UNKNOWN,UNKNOWN,DISREGARDING STOP SIGN,3.0,54.0,3.0,3.0
078f1a2b8b9e6115cd82f44101f7f8ee1751ee7068898eb81f3fb9f7da759f14d4e12914a0222eaf9d5b80f363c5c828bf5d5db2e82aa078e0fff98ce44266dd,RAIN,DAYLIGHT,WET,IMPROPER OVERTAKING/PASSING,2.0,31.5,5.0,5.0
078f28b3e7b7badb0fd771a1e6ef61da2a71fa9116bead8e2ee205e26c54af88d1249b7c8fee0b642fb35c801a8eea818e9b814906f7b25b9a2463752d89138f,CLEAR,DAYLIGHT,DRY,FOLLOWING TOO CLOSELY,3.0,25.666666666666668,3.0,3.0
078f4667ac2171fe9f8886f70c4bb30b5c44dbed951dd9063f7c3fd5467e28938015dab418ef28c3f4e1ac9ed2ae16bc9e3aa8962905356d4f6d5557e3b087a3,CLEAR,DAYLIGHT,DRY,FOLLOWING TOO CLOSELY,2.0,34.0,3.0,3.0
078f4785441a40a24b97de7dcc8b988851595c820fcf213324126ca8937a79932b6664520ff5cf202af4997a8db77aefb66a3792cee74a57b643eff0921d02ab,UNKNOWN,"DARKNESS, LIGHTED ROAD",UNKNOWN,FAILING TO REDUCE SPEED TO AVOID CRASH,3.0,25.5,7.0,7.0
078f7205846e9c2d166e0db692209bb2f84999ba641601bae7a25ba4ad67ef971417b87412c86a6eae9ae0179462cfc05eb30bffddcecbcb6cbf15eccca00c15,CLEAR,DAYLIGHT,DRY,FAILING TO YIELD RIGHT-OF-WAY,2.0,24.0,2.0,2.0
078f7616fc8f70c9f857a93b5f85bfffb1cc1eb62bb1f15e6a846667d62c5b197b49c9df1dd6129a5bdc26249e769287c7679b793f838f4827579038c4f197aa,RAIN,DAYLIGHT,WET,IMPROPER OVERTAKING/PASSING,2.0,37.5,1.0,1.0
078f7da65172d1e3cf548a4170788a51291c936653855c925d0d822034a133502e512330e3fccd3995004a346690af4d81ca5cf2986995b8a296c781fd36555b,CLEAR,DAYLIGHT,DRY,FOLLOWING TOO CLOSELY,2.0,48.666666666666664,3.0,3.0
078fd3d96406a82b599c880ae73ad4d5dd227650ed660cee21983ee086bbfaffbaea3fc2776bf98977dc6b5e399e0039ae8945d250f02807f59b3c8725ee680c,CLEAR,DAYLIGHT,DRY,IMPROPER BACKING,2.0,42.0,2.0,2.0
07901c74e45f67a34fbfaf105ff81ddf140fdc24559927e27eec6ddcfbaf8cc65b8a14d2de7ea3de013b02ba77a1140034635727ebe537dbd4f78b3d7368df27,CLEAR,DAYLIGHT,DRY,DISREGARDING TRAFFIC SIGNALS,3.0,57.333333333333336,3.0,3.0
07901e3318686be1b89a0c6a5792d1cdc68f750660f80e3f60b12a5ff834331b83c552d6aaa0cbf4df87ec80c28d882dca5644c5244d49a850e2b91aea2d0a34,RAIN,"DARKNESS, LIGHTED ROAD",WET,FAILING TO YIELD RIGHT-OF-WAY,2.0,76.0,3.0,3.0
079023698c4a44bb6556f275abd00b8fcb1565f2b910a351a90c9fb156dbd3a02d4689edb73f07036889ef63953c2aa1ce1616555b75793541acacd1227c2c6f,CLEAR,DAYLIGHT,DRY,IMPROPER BACKING,2.0,37.5,2.0,2.0
079051d95149194efc8548d38b47280a7bf88469608cb9174f8b83a39555189e55df291181d30961ad8c69bef3eff0829994b861853526c431a059ff4c7f04c2,CLEAR,DAWN,DRY,IMPROPER OVERTAKING/PASSING,2.0,56.0,1.0,1.0
079055230dcaec6cf59ab5daea33f80a68e0a0004cc48ca1a293d7d185552e5d86243131adf68d00c58c112ac6595b98d58e4847d4741447861d0527193ef4a2,UNKNOWN,"DARKNESS, LIGHTED ROAD",UNKNOWN,FAILING TO REDUCE SPEED TO AVOID CRASH,2.0,65.5,3.0,3.0
07905584dd4955b01e8c5e3160da40bfb62ce18642545a9ff81a1fa077141ff082606363923a9ad8253f7ed8e9c11201a01362874f3191d06cba1b362b618baf,CLEAR,DAYLIGHT,DRY,IMPROPER OVERTAKING/PASSING,2.0,41.0,2.0,2.0
079078aeec908f6a3311b79729d57db20148d973f4010139d03bd26e34118a6100149a007d121c4eb1fad2a9be6c592e0af496e08acd52b51edcce6219802b08,CLEAR,DAYLIGHT,DRY,FAILING TO YIELD RIGHT-OF-WAY,2.0,48.0,2.0,2.0
07907e26b192394647c8bf76fb627d01e1b686efec6768d6a1bc7405af57f630c1f89f3a11d2eb2807fe98336ac3f8c55044e43560223023bd66ec1d306d732f,CLEAR,"DARKNESS, LIGHTED ROAD",DRY,IMPROPER LANE USAGE,2.0,57.5,2.0,2.0
07909262e3c0fadd22c0ca5eaa24d13f5d4da04f9ad57df6f54f777cf152ac3af92b7e318fc06368307cb82aaf94d6df436d5c3036f4f0e33b6831bc911aca28,CLEAR,DAYLIGHT,UNKNOWN,IMPROPER TURNING/NO SIGNAL,2.0,55.5,5.0,5.0
07909f76ba4acfeea54427c3c498828ee885aea6f9c0ac4467b24c8b8f524f5c105e2c4448a37a95a09c96d81362c78d520e55e02011cc728cf0a0d4c6242a3c,CLEAR,DAYLIGHT,DRY,ROAD CONSTRUCTION/MAINTENANCE,2.0,22.6,6.0,6.0
0790a66ca37aff8011585c6e176f85681db873ac5300605cd63e504934943f4cc2cfc8df4ff60d880101c164a6754d9ab67c005add7d7bc0d893579dda8f6095,CLEAR,DAYLIGHT,DRY,"OPERATING VEHICLE IN ERRATIC, RECKLESS, CARELESS, NEGLIGENT OR AGGRESSIVE MANNER",2.0,37.5,2.0,2.0
0790c61f6bcd778f03712ba86103353a9751470f7818efe45115c2c4381f62ee0a6c19e9f3bf43ad9ac71db113c9e9d30f24dc5bd928133dfb336ba684e85191,CLEAR,DAYLIGHT,DRY,IMPROPER BACKING,2.0,35.5,2.0,2.0
0790cad7a35803e86c8eca248778fcb150b5704ff1e5451f83fef765f18567c0e8c30d8c212375cddea1c07f8ac69b7a866e4af0448e72fc180f58775df22b2a,CLEAR,"DARKNESS, LIGHTED ROAD",WET,IMPROPER OVERTAKING/PASSING,2.0,19.0,2.0,2.0
0790cc07706f4be103a2e169d53f76f48381e76395d2d829a854e2ed000a589904207f6380f36ab21075afe2f24f2863992ab22f48883777274791b2e2e7ba96,CLEAR,"DARKNESS, LIGHTED ROAD",DRY,IMPROPER BACKING,2.0,50.0,1.0,1.0
0790d60a8736123ec76f32b5aa9193b99d08c8064bc464e689e296223e7e5e3dcbcec9b873c1d65364be1566cfce9b0f0b048faa8ff4299befd57f3cf8b46d1f,CLEAR,DAYLIGHT,DRY,"OPERATING VEHICLE IN ERRATIC, RECKLESS, CARELESS, NEGLIGENT OR AGGRESSIVE MANNER",2.0,31.6,5.0,5.0
0790e0f3bcdff0efd0fc495995667da6cb542a3b5f9e1c09c772a1cc1698ed1abeeab0256b4e73c10ff209a4aca9b2638fddab7ceb664d9f536a07f2b88a0c4b,CLEAR,DAYLIGHT,DRY,FOLLOWING TOO CLOSELY,2.0,23.0,2.0,2.0
0790f483c89475e3b7494af9b6988e946bc41524284ee2007dfe5213879d12ebf205fd615e8dbe533fed2349ce984a1082ce8cf98f91684a649573ec1e7e26cd,CLEAR,DAYLIGHT,DRY,FOLLOWING TOO CLOSELY,2.0,27.5,3.0,3.0
07910a4d7780434860cc3d6e5fc04f793353e69d716606a88e0f9daf14a9e99ee6ad83810e1d5b9edb5263eb67d7b27790aa7aac2698dc7577489050ab0f05f1,CLEAR,DUSK,DRY,FOLLOWING TOO CLOSELY,2.0,37.5,4.0,4.0