crash_record_id,weather_condition,lighting_condition,roadway_surface_cond,prim_contributory_cause,total_vehicles,avg_driver_age,total_people,total_injured
079163e37a19b1375453f7c6da1af5270c1c38121c53856f64765f7938adbe23c0c396d5e9340a56fbc81b7d6d92ca53b1d183250d76a1fca8db97ad0998a9f7,CLEAR,"DARKNESS, LIGHTED ROAD",DRY,IMPROPER LANE USAGE,2.0,37.5,1.0,1.0
0791a68acffc8d30b5797d2d22ec4925401099d50a12eea87e5f55836982f7a26db5ffae4575d37a908615cf52177306e0dedc575fa681354d1e75aab466da83,CLEAR,"DARKNESS, LIGHTED ROAD",DRY,DISTRACTION - FROM OUTSIDE VEHICLE,2.0,51.0,2.0,2.0
0791aa9074e2e5693aae97b8ccb0f4bf660bc00589b6db227b4d864f7735e4fd84148f94402df9f7ddc4f75fe21a11f973945db9573caeab68a2195b19797fd3,CLEAR,DAYLIGHT,DRY,FOLLOWING TOO CLOSELY,2.0,40.666666666666664,3.0,3.0
0791b0aad6de2d252f3f21f3b6704ab5d2fb1872b9cb1edffa652e78a1a89d1f074bed5b0d1c20e9c3fbd6c3410d535b06d407ced4e06f3e39560f425077b38c,CLEAR,DAYLIGHT,DRY,FOLLOWING TOO CLOSELY,2.0,47.0,2.0,2.0
0791e2ed240d3c480cc5f440d08c9eb9f46bc4c24d2cd10bc8794776423ae3ca95ad6075e2d3b1eafe8286faa66ff4ef84004865410dd646fae9b97729a5a863,CLEAR,DAYLIGHT,DRY,FAILING TO REDUCE SPEED TO AVOID CRASH,2.0,36.0,2.0,2.0
0791f1de9ec4fe4e88d68e23bca398ff5cf60bcee6eb3635a3f06ff6a9a872a2dd65c708fedb7309cf19254cf0e27ea3051a50b5675dc79b80010e11e7315536,CLEAR,DAYLIGHT,DRY,FAILING TO YIELD RIGHT-OF-WAY,2.0,53.5,2.0,2.0
0791fa0032248a3996d6381bbac791db6fe5d079a3d50a0a4ef586bc6f9e47de8374d3e81624d4ed1e35a3344b77932fd0b5fb6e9cde6ebe06306bfafd0491f3,CLEAR,DAYLIGHT,DRY,FAILING TO YIELD RIGHT-OF-WAY,2.0,40.0,2.0,2.0
07920ca4d28570fce3d7e75d8918a56a66f1c562b3c8213bc710852f166361ce590824bd50460fb7fb8c4389d363b3d764b4c3909aa9e05c1977921fbfadd3e1,CLEAR,DAYLIGHT,DRY,DRIVING SKILLS/KNOWLEDGE/EXPERIENCE,1.0,46.5,2.0,2.0
079246d74bc0d97a3f029f6d55076e5868275d3b597113734ec2df07c19d3c420509464ddf212d3fb63dbda857b60034f548971ab2f5d67783ef6cf0aee71c8c,CLEAR,DAYLIGHT,DRY,IMPROPER OVERTAKING/PASSING,2.0,42.0,2.0,2.0
079257d11ffd6a2ec3fddde28a0be965159feaa379a3aee6875da56831c8f5836558b5d0a4662c86744281821a97d9ef20625ffe62e0c9a67cbe9d57c0b5b156,CLEAR,DAYLIGHT,DRY,IMPROPER OVERTAKING/PASSING,2.0,20.666666666666668,3.0,3.0
07926fe78daccd51621d5c5053621856084db5f2fca503c4f25e1babe1f84a28b168d0690753674dc1c00a30a807a252704e79f9458da0ef6b5f3bacfabc0a88,CLEAR,DAYLIGHT,DRY,IMPROPER BACKING,2.0,42.0,2.0,2.0
07929178b03b9443bd12bcdedf09011acbf2a4df877fa1d744030b60541c31580ddd2d14d59fc8d57654347cd3c8ca5dbeaeb7028f2312e420b85f3cd697dfbe,CLEAR,DARKNESS,DRY,FAILING TO YIELD RIGHT-OF-WAY,2.0,44.5,4.0,4.0
0792af43483e572ba970c1d0ec874c81c65f4818799c7e58133e704af3c7fb68ddb2111e3764b81f95965f805d2f7ff09db63aed0850cab72557058f24d8e4a7,RAIN,DAWN,WET,DRIVING SKILLS/KNOWLEDGE/EXPERIENCE,2.0,47.0,2.0,2.0
0792b3c6e293cef832c772e9df4b43acfe643de159dc6b45e15d1c092131704d74b0235f4a050ffd69c379797e8e20a3511a35ce7df12298abdeed83edebbb23,CLEAR,DAYLIGHT,WET,PHYSICAL CONDITION OF DRIVER,3.0,52.0,4.0,4.0
0792d601df7ccdd435ca5f97d367750926b3c19433711a71ac79fc212c6692122f01964cf604fe240ba0f190f0d319f13fca0aa9fff36b2c25ccb01d1af2e7f0,CLEAR,DAYLIGHT,DRY,IMPROPER TURNING/NO SIGNAL,2.0,77.0,2.0,2.0
0792efe5b8f70a510aaca62ed3210aa7696e35d57f91d008f25f6be04a6d43eeda4ec2f362bc1affe1021c68092e44b51557705f7e44f27ab2fec58ee48e7e28,CLEAR,DARKNESS,DRY,DRIVING SKILLS/KNOWLEDGE/EXPERIENCE,1.0,27.0,2.0,2.0
0792f33295958bbfd84a9c2c7eb3417a680708809f6e752804a86be755437d091ab903dbdc9dcad0996550c94b57ddc5bb05193089d3d80a1aad8ca155b69d04,RAIN,"DARKNESS, LIGHTED ROAD",WET,UNDER THE INFLUENCE OF ALCOHOL/DRUGS (USE WHEN ARREST IS EFFECTED),2.0,33.0,3.0,3.0
07932c2a00aec2d85f4b2ae2369750e5a43ca4e935e84378b36317fe22a64f2fdad670be94faca473d20f891d279ad82302b13694606d525747bc3e9bd745e4d,CLEAR,"DARKNESS, LIGHTED ROAD",DRY,FOLLOWING TOO CLOSELY,2.0,38.0,2.0,2.0
07933f01d8abb6b7f4d69d11f3bb2412792b0522e3ed1f34192e9f0fa65ebe6f2bbeb9f8566844674b6e93f2c708b2338788ab6bbe35f07639f127e0bc10c6cf,CLEAR,DAYLIGHT,DRY,IMPROPER BACKING,2.0,22.0,2.0,2.0
07937f3029468d017f9f81067261d97b894ebbd3a3049590d62dfe8d686a96af38d030bf2cc3b8e053f977769334ba2d8872380ebc13c2f87cb2d77fd0dcdf18,RAIN,DAYLIGHT,WET,FAILING TO YIELD RIGHT-OF-WAY,2.0,36.5,2.0,2.0
07938ca0cb74f187800431cd93b8cf695f9cfea2b4d7ff7d14b40ae7e9514706e79dfee882caa2ac52bb143c3f2787f0c625d9239c61f47a5be8b59be2ddaf9c,CLEAR,DAYLIGHT,DRY,FAILING TO YIELD RIGHT-OF-WAY,2.0,19.0,3.0,3.0
07938fb8042698cb3f9bff83eec3aa0c159dc847489837f158ccb0210411c17240380113d641afa72933e838f4a80a5f8d6c2f132990ce01102973d976613ae4,SNOW,DAYLIGHT,SNOW OR SLUSH,WEATHER,2.0,43.0,2.0,2.0
0793c5e1ce79d30fb4fce91f8e08d644e2b8e43ab47eef1405c3e984b1bcb7329c7fbac6a7f8ec50dd9297a6bf6d87a65f09880c1a425526436032cdab5dd462,CLOUDY/OVERCAST,DAYLIGHT,UNKNOWN,IMPROPER TURNING/NO SIGNAL,2.0,45.0,2.0,2.0
0793d055112a0a3758f5d1c3587d93238eee2f43ceb2214979096d5fa42c83e249dd21e46a91de037895f65ba61d3c434b26cfcd7945ea6ed14b1946eaa43ac4,CLEAR,DAYLIGHT,DRY,FAILING TO YIELD RIGHT-OF-WAY,2.0,61.666666666666664,3.0,3.0
0793f93b126599aeaa7f5893a44425e07cf59e0a1cd6ab2d1cd517c0c903e9e8c3bb9a66aa2b22560535dbccde2ff0bb9c56dbd599081e6533fccedb48ae138a,CLEAR,DAYLIGHT,DRY,IMPROPER LANE USAGE,2.0,57.0,2.0,2.0
0793fac808a74e866c2bc7d3895ad29ea69aea9d806a7cb0d75fd630f545b24d7c0fbe6613eabe9192c2074efb5c04e8cfa4c40caa30efaa70eb1574c8359533,CLEAR,DAYLIGHT,DRY,"VISION OBSCURED (SIGNS, TREE LIMBS, BUILDINGS, ETC.)",2.0,69.0,1.0,1.0
07941af120cec52faa7dd4fcd564f512206afa190977d1c317d0d06cf839a627fd50773f79478b326ce206d36e3cd11f07acb081bf0e703239a7056c6fd43cd6,CLEAR,DAYLIGHT,DRY,FOLLOWING TOO CLOSELY,2.0,52.5,2.0,2.0
07943bfb475e931e573a75bcad0e8c755750cf48d9cf130b7060c905b87393ec06554a785b63b0236908ee619fb084ccb0017977f4a682a5bdea3991538943c2,CLEAR,DAYLIGHT,DRY,OBSTRUCTED CROSSWALKS,1.0,30.5,2.0,2.0
07944811db5e3651a9515fa15fdd1a2723940c9b267dbb02a42ef13313d10120ee9b0f8aab5a5d36c178e26427256b7da182e889eeb2ef8e086a20192b4be142,SNOW,DAYLIGHT,SNOW OR SLUSH,FAILING TO YIELD RIGHT-OF-WAY,1.0,51.5,2.0,2.0
0794597e8b453babeda980d1c852b7ea2e204f7aee819ba2fb637319c3b54d90ec9025677cffc4f33ce30c8865ecb2882b2bb139735d96b26cc6a6d0c9ffc521,SNOW,DAYLIGHT,SNOW OR SLUSH,EXCEEDING SAFE SPEED FOR CONDITIONS,2.0,38.0,2.0,2.0
0794ab7bf84f0dfbea43842b9806acc916d2c389994aa464affe01b24c0c4c0c87ca7405790332f209acd7eb90e2c5d91616d4639348d842491a7852fffb396c,CLEAR,DAYLIGHT,DRY,IMPROPER OVERTAKING/PASSING,2.0,56.0,2.0,2.0
0794afbaa63b445eafbb3a81c67314f898bff5dcede6194a1471f747b03764fff4648cf52e3d4ccd4b858f7ced7717fdfffcb9d89750dff34a86c079c1efa94d,CLEAR,DAYLIGHT,DRY,IMPROPER TURNING/NO SIGNAL,2.0,37.0,2.0,2.0
0794b1245c7c46095044b22a4ad8f490bb20113061b8aa0b9eb331c62c2ff8a8131afbb4da6c413ef81725b6f23a0cb5bcefd5cde2a07564804e555a81785a97,CLEAR,DAYLIGHT,DRY,IMPROPER LANE USAGE,2.0,27.0,2.0,2.0
0794c59a6b8d996044fd14a721734bfd04adf181c572ccc6a7b2110c0a427a33fc3b4f44538ac489aab8f789214e9c8a925d2efb27ac23d95a63ced17f93189a,CLEAR,DAYLIGHT,DRY,IMPROPER LANE USAGE,2.0,50.0,1.0,1.0
0794cce4c2b21745c7b1aaa076e33667460c89f7002f0fadc9f5922d66e08fe70714f07ccc2b718be09f6edc518e03ace126acb42336f219d4dc6c329c488184,RAIN,DAWN,WET,DRIVING ON WRONG SIDE/WRONG WAY,2.0,63.0,3.0,3.0
0794f5dfd9d93364d86643751eb866fad6390284d1dee852591eace60afe08f59f0ee3f6ea5603646be7898f4373ae7f4c0404b6f72b9734922eb75d6c0d8b7c,CLEAR,"DARKNESS, LIGHTED ROAD",DRY,DRIVING SKILLS/KNOWLEDGE/EXPERIENCE,2.0,37.5,2.0,2.0
07950fe2394019b231e7424975ef567f52ef263a750f811eefeee43f532683d70ff12954dd2fc6461f5a0fa9f2ddb01be3b137509d236afba226e9137dc074fe,CLEAR,DAYLIGHT,DRY,IMPROPER OVERTAKING/PASSING,2.0,46.0,3.0,3.0
079511ac1f138b7bf92b3f176dbe3c08b2a4818162db83c52592f8e154a73e496315f6cabfdc82d0305ef04aa32bc44edc354ce6a150ad054025ae275b7f1cbc,UNKNOWN,DAYLIGHT,WET,FAILING TO YIELD RIGHT-OF-WAY,2.0,53.666666666666664,3.0,3.0
079513b99469ab018d0d4ffce081ef29a3bc366d6d5fc679a4439b680d47e44a4a5d557c67c194db68ad8547dac7e381602f6d9ea2e8bb9fec5cced99ae7abc6,RAIN,"DARKNESS, LIGHTED ROAD",WET,FAILING TO REDUCE SPEED TO AVOID CRASH,2.0,41.5,3.0,3.0
079530bacb7459eaab41e30682031b116dd3aa881b483456d1780ac021d1017ef3e31ee07ccc4617b88671decaa1ce4bbfde405561953554019a5f20c09a6282,CLEAR,DAYLIGHT,DRY,PHYSICAL CONDITION OF DRIVER,2.0,61.0,1.0,1.0
0795390e2212da2cc7367282c4f3ab5a717a630bc52e72f1b371fb94bdbb6e50280de13db4b9b1b12dd670bb5d4b3476d0f0d1a33646d529f230f530ddb36ae9,CLEAR,DAYLIGHT,DRY,IMPROPER BACKING,2.0,32.0,1.0,1.0
079563148530b7498643998fae6c8cc8e0cac40c8f5f01d640f881c29d1705a4c0236860552d786277da1f53ff052630818f324eeaeb98031a492378ecd5f534,CLEAR,DAYLIGHT,DRY,IMPROPER BACKING,2.0,38.0,1.0,1.0
0795d698e3348a1765bc104eb2a598f60658f305b575b6ab533f46221893d1eb633aa2be92ed4e17e752effed740f44cc0a96abf704967c0f77c0fd807573761,CLEAR,"DARKNESS, LIGHTED ROAD",UNKNOWN,EXCEEDING AUTHORIZED SPEED LIMIT,2.0,41.0,3.0,3.0
0795d6bfef7077e1c54ee2a024590b4a4da3cdcc7b6e3f818aea575b62dc7451eec0932a76aa80a2761ce4a938f8bb3a085a1c9c0b580d54da59f629e4e11186,CLEAR,DAYLIGHT,DRY,FAILING TO REDUCE SPEED TO AVOID CRASH,2.0,49.5,2.0,2.0
0795ed025701d8de28a49ca593b1368ac61c8a3aee4742fb99831b6e9723084dec047da6729f70650c7830641e6ee74bbd245cd70e1e6380384721c065596df7,SNOW,"DARKNESS, LIGHTED ROAD",WET,FOLLOWING TOO CLOSELY,2.0,27.5,2.0,2.0
0795f4184a98b2a2da9d5b9448d9bd928ac25c6f657f3459d4d2c79cc636f04233bcce2325a70feb3c0149d0fe1ead99df60e168a2ac8cf3b95a14451a4017e8,CLEAR,DAYLIGHT,DRY,IMPROPER OVERTAKING/PASSING,2.0,47.0,2.0,2.0
0796042706ec5fa4f748b0c41f471670f0078fee900712b54c302434c5fa68db29446b511242018c4653acb1bfa004c179e7f1b5ce873819243a591fe4438435,CLEAR,DAYLIGHT,DRY,FAILING TO YIELD RIGHT-OF-WAY,3.0,38.666666666666664,3.0,3.0
0796423bca129640b6ee0a90150a1460ce86c22cf2e07554ec1b8a10dd99d2a7d2b0498d4cae238ba8f225d0e049662b86bd27d34e85cdd626da4eaa79c52ddf,CLEAR,DAYLIGHT,DRY,DISREGARDING STOP SIGN,2.0,69.0,2.0,2.0
0796542eacac8b63fd3dadf81e57193baf4958cf5eee47b0819e666dc37ec31dc64e5a5d5c861a73d8734d4f6b7bae163e8f57d9d463998193d0a39204ce4772,RAIN,"DARKNESS, LIGHTED ROAD",WET,UNDER THE INFLUENCE OF ALCOHOL/DRUGS (USE WHEN ARREST IS EFFECTED),2.0,22.5,4.0,4.0
07966abccfe78403a2b8095c6b9129ebf505a11ea83ba1e1031f3086c0dafbe4c8c2826e97eecab7f820f200e523bf6119419c5beb5232e6ce4e8f91670caf86,RAIN,DARKNESS,WET,IMPROPER TURNING/NO SIGNAL,2.0,43.0,2.0,2.0
07967782564faf36089442e04c1b1628b84b8d5e4cbf9ff61981bb17e05e504ed346c47c8f86fecd0f2151b4526f2506b9bd2744a25b128f8588a629856c5ac6,CLEAR,DAYLIGHT,DRY,FAILING TO YIELD RIGHT-OF-WAY,2.0,53.0,5.0,5.0
079682e61234611b92741fb2dd0a52d618042cdce0bc1a5265e2dcabb28cba31390afb3c28213bb03c4a29f2758757150b31b37432b02fc559844ff8df6b7022,RAIN,DAYLIGHT,WET,FOLLOWING TOO CLOSELY,2.0,46.0,2.0,2.0
0796b633bdb555d12bad2090566e712f9205ec1813d74e08f3aee95f8243dac315f91d04613f06e571909b8facaf1a7c7617390075bee33181a81cd40fff4cd9,CLEAR,"DARKNESS, LIGHTED ROAD",DRY,FAILING TO YIELD RIGHT-OF-WAY,2.0,35.0,2.0,2.0
0796cb2de379c721ec7499e99e0cfd979b7f7f7fef5fe8e4473471323af0ce1623afa915fb30f87261985c205d8de5ddb4424da026c6f2f6773daeb7dd13c02d,CLEAR,DAYLIGHT,DRY,FAILING TO YIELD RIGHT-OF-WAY,2.0,39.0,3.0,3.0
0796e35e68999fb3d3a39b0220ef91d83b4ead9d3796861ab29800446224ed64ed915c2bcf76fab77fdda9d98e281f64db3345b471d276bc9bffa69a0a053305,RAIN,DAYLIGHT,WET,WEATHER,2.0,27.0,3.0,3.0
0796f4490e268bd4a06601ff0e08e7e3a0c6a9542e3425954b6d2ebc9bf236abee56dd849969049f4e153208c227ecfa686263abb98ce1b225d88dc12f2f51e6,RAIN,"DARKNESS, LIGHTED ROAD",WET,IMPROPER BACKING,2.0,37.5,1.0,1.0
0797817642c0425f649aae943ef16747aa7d26c3888cb5f32e7650405b78e0ded8baa4517acd5fff10f22b9adf7a88aef27676c85c774ca2cdf519af6364938c,CLEAR,DAYLIGHT,DRY,FOLLOWING TOO CLOSELY,2.0,22.5,4.0,4.0
079794ad68783f6eb3e398df5ee219cb40ee6518558e84f117052d410d7556a14ea9ad2e078eb7ae5fe0dcc2005a7127a028ea736929572bc2cc3d6407c37880,CLEAR,DAYLIGHT,DRY,IMPROPER OVERTAKING/PASSING,2.0,43.0,2.0,2.0
079796ee08d1e94cddbd72fa69be1691d769192cf221dba78a6cf0c90071aafbac29850bad59b2a14792a2a97a9bfa91ed71c6496f8179b3d487a99dede969e5,CLEAR,DAYLIGHT,DRY,FOLLOWING TOO CLOSELY,2.0,38.333333333333336,3.0,3.0
079820a7ced06c4ee5cd7652cbb3eb928c54b6f2262420da1751446ce45b80021c9c25569a5e0936085000a4aa3a5e67720123e93cb4b922f8b1667f21b2e245,CLEAR,DAYLIGHT,DRY,IMPROPER OVERTAKING/PASSING,2.0,52.0,2.0,2.0
0798417a58680bd0bc998012f215422ff239ae24314b480a1ba17956e1779dc482279422d4ea09aa99d49876492d2dd75d283d3bb1e39d29a588016bc32223f3,CLEAR,DAWN,DRY,PHYSICAL CONDITION OF DRIVER,2.0,28.0,1.0,1.0
0798540e41d9e7a381d7dac1b9a20193b8d89d7e9d9634336457e88ff01c4de26c048a448ae72a7ad3a2888fc15ccfacee85f1556fdcad573502f84a0243d1ab,CLEAR,"DARKNESS, LIGHTED ROAD",DRY,FOLLOWING TOO CLOSELY,2.0,34.0,2.0,2.0
0798c34826f7faa3cfc1c1dc8116fffd16e46d6711bb7135110ddcfb294519883dfd8aeef391e0bd8622a63cd3c16aaddfecbcb50339d668e123cc7da34efa89,CLEAR,DAYLIGHT,DRY,DRIVING SKILLS/KNOWLEDGE/EXPERIENCE,2.0,50.0,3.0,3.0
0798cc2b52d3173caa8518014d3237ffdc84d16d98d6ecef329dda8f3402b81d6577595004f16b7dc7fd8a510c08fbb76325a052f3ec6cb5c44345df7c6eb128,RAIN,"DARKNESS, LIGHTED ROAD",WET,FAILING TO REDUCE SPEED TO AVOID CRASH,2.0,47.5,2.0,2.0
0798d8fac02a15420355133b015c1808b1ef378f7d6797349ac4f8547c8c28dc8bc3256318e7eecb1c482742b1534010c2c28e6aa79e8a016b10bf7cf574c68d,CLOUDY/OVERCAST,DAYLIGHT,DRY,IMPROPER LANE USAGE,2.0,55.0,2.0,2.0
0798eb06f62c38d686c1882e1d4f76bc8c9d9bbf0f0c9b5925e5e6c0de399f66ff6ca13fcbe210c9731477b65dbb20e4faf535f63ee107f528eba5970d796674,CLEAR,"DARKNESS, LIGHTED ROAD",DRY,"OPERATING VEHICLE IN ERRATIC, RECKLESS, CARELESS, NEGLIGENT OR AGGRESSIVE MANNER",3.0,52.75,5.0,5.0
0798eed5744fc0c61d83d7b8d58f06bdc449bc6ce19d425c242c4beba8e326498aee901e3cbcfe68e91a800e4351b76022079c95af24d23c64ef0faf84f2c2c9,CLEAR,DAYLIGHT,DRY,FOLLOWING TOO CLOSELY,2.0,37.5,3.0,3.0
0799386426d473eb22ff1d2d14758886307a887fa03ec72dd33aa8bd9664d308d30fd5ee634289c9ff62c96217b4b3657ee08d4c6f2570b559dd3d06f75f99af,CLEAR,"DARKNESS, LIGHTED ROAD",DRY,IMPROPER BACKING,2.0,52.333333333333336,3.0,3.0
079944e4d4aabb73db1c3b8224f39fbe9d056b60443e731b28284a88e7ca3696a12ad2c76bb89ef10d4f9bd57030e2e185d0fa1042edab671a24599415970ec0,CLEAR,"DARKNESS, LIGHTED ROAD",DRY,DISREGARDING TRAFFIC SIGNALS,2.0,23.5,4.0,4.0
07995f765e8a85e1c552943facde1400ee95d1f9cd7a0b1b0ad34e47c6b60aebf000d3c0d69971d6383a886953613adc7a368bfd4fc36b12b90676296a537973,CLEAR,DAYLIGHT,DRY,IMPROPER BACKING,2.0,37.5,2.0,2.0
0799837883b320b5fd9fd2a9a93cda33d301f21f3a508c496007107d5182b218b1dca17405f9898d53b127b6d6b076d8b979a6b5b9073331f6ed0584d1da929e,CLEAR,"DARKNESS, LIGHTED ROAD",DRY,DISREGARDING TRAFFIC SIGNALS,2.0,26.5,2.0,2.0
0799b8e13162d0426676cc103b6caa3e4ebde8d23b85648a5e309f6afaa8ffb6005e1bc61064adb835dc652a9ea13fe3b67f5879be5e021aadd2f0184353dc41,CLEAR,DAYLIGHT,DRY,FOLLOWING TOO CLOSELY,2.0,26.5,3.0,3.0
0799ba307be7dabeabc54d1fb6750b02fe3f8ad92c5f52e4be509128d1ffd78d1a88dd3fd14e6b80efd27abd9af754955e8592591f3e779396957668dce53746,RAIN,DAYLIGHT,WET,FOLLOWING TOO CLOSELY,2.0,38.5,4.0,4.0
0799d6ad935f73452ce913aeb602a5426d682513e17b22d8711ceec4120abec4cf408c4e413315237479666ad981ea8d75804375933b6717290613dd9a4721e2,CLOUDY/OVERCAST,DAYLIGHT,WET,FAILING TO REDUCE SPEED TO AVOID CRASH,2.0,36.0,1.0,1.0
0799f38dc9657d6cd1e2b53c326c359fa1140b37d8f51c4c4348fa538bd6c368332544a579949cf0da1f1e9bcef76f7f53b09fce6b07f24b4e722a4cdefa52e4,CLEAR,DAYLIGHT,DRY,FAILING TO YIELD RIGHT-OF-WAY,3.0,40.333333333333336,3.0,3.0
079a21f14235aa59850528ae4346c60564a60c5d7815b1b6345c525d7940431cbd7e24b4c1d1188bd27e63002a007307dab0c9c83f4f0dcec1fd5aa382f629e8,CLEAR,"DARKNESS, LIGHTED ROAD",DRY,FOLLOWING TOO CLOSELY,2.0,39.5,2.0,2.0
079a5b5ab6485e2e261392db05e9eb1f089d1de369c7bb0e220410dfe90111c8ce68bf4d938475e66a815fc38a381d3c44cb79904e1b78201577394769cd9554,CLEAR,"DARKNESS, LIGHTED ROAD",DRY,IMPROPER BACKING,2.0,31.0,3.0,3.0
079a92c4a8b484de8c3d5da815c43480b0b15f5c5fca999659f769f0a145af2a173b570bab0d5ad10e31c338b6fba47b1a3a2101a02cdd058a6df38b73e50bd1,SNOW,DUSK,WET,FAILING TO YIELD RIGHT-OF-WAY,2.0,39.0,2.0,2.0
079ab3fcccb0f313ec7f08f92380f99d6860b5e29ad1f1af4b09652d8b334c804c443170539002a33693c3cd44a14e5b3ceb89153d224c04e5e44f6c76b89b9a,CLEAR,DAYLIGHT,DRY,FAILING TO YIELD RIGHT-OF-WAY,2.0,33.5,2.0,2.0
079aba8744b3a5c18b068ba6edf33856facd48594deedddf5efaf4194ec776db970e2b793e376e0b86c65659e31157eaf9b9ac70fa868eb41abb78c039d63482,RAIN,DAYLIGHT,WET,DISTRACTION - FROM INSIDE VEHICLE,2.0,68.0,1.0,1.0
079af3012e0745f31d8020051b4765a6caaf0d86ed1e91596d01f9e30e9681ad54eb41ba800307f4b071a2850168aa958fd8e5634dd0510536bb79fef862b7d9,CLEAR,"DARKNESS, LIGHTED ROAD",DRY,FAILING TO YIELD RIGHT-OF-WAY,2.0,19.833333333333332,6.0,6.0
079b2f1651ccb1601a1047d20eddffb26add58f19eb7090982fc805c88e928442d82982da35602b42fe6ced94328a618439a85738149aeb0e5b363848c515583,CLEAR,"DARKNESS, LIGHTED ROAD",DRY,FOLLOWING TOO CLOSELY,2.0,50.0,2.0,2.0
079b5405480b09de11032eed943df61aa35e759e5ff48b626ec9ab2fbb31ba89539cb5707cf565207744e3849ddc4d309afed35164ea5d9832d80025b48e5f31,CLEAR,"DARKNESS, LIGHTED ROAD",WET,IMPROPER OVERTAKING/PASSING,2.0,45.5,2.0,2.0
079b83e7cf694bdd6612178a4d2ec7e9ecd57313d3f40c3c3f625fc137dc086da5437fcfed92dbbc4162bc6b52d52188aedfbdd5ccbd4d6409a690a8df0e1ba9,RAIN,"DARKNESS, LIGHTED ROAD",WET,DRIVING SKILLS/KNOWLEDGE/EXPERIENCE,2.0,35.0,3.0,3.0
079b84b66bcfc8385902ab17b65a08defe6a70186e329a3d4b08f51d84e4ce096c6c8708e1736c2704e1eb1ff5e35b128093d87846fe667ca92235a430d309db,CLEAR,"DARKNESS, LIGHTED ROAD",DRY,IMPROPER OVERTAKING/PASSING,2.0,46.333333333333336,3.0,3.0
079be5c7d5c9fafdbb660528ad646137a41a3fe89e0009224b3c85ff9b199adee4249ced60b8b4f21ac21aa9579a7b49f9f2cfb7a9596cee252f8ba9785fdcf0,CLEAR,DAYLIGHT,DRY,EQUIPMENT - VEHICLE CONDITION,2.0,32.0,1.0,1.0
079c4b282ad936040789af708cd4f1ab3bc142d34011b129e330182713d393f01acc4d353fcf1b4b83d0cf30fb6dbc6b138c1488f203d74368a1c94338fd5c1c,CLEAR,DAYLIGHT,DRY,FAILING TO YIELD RIGHT-OF-WAY,2.0,40.0,2.0,2.0
079c5ad8106eabfd9895604c65d33ad1bf1b364a2d6a9d36517205a1c77dd4d49e8ec91ce07c29110e965ecf5a19f4b567b66a5e0e45c79d11e1a07029c45d95,CLOUDY/OVERCAST,DAYLIGHT,WET,IMPROPER OVERTAKING/PASSING,2.0,41.0,2.0,2.0
079c766e37f029e75d55f1b1697bf297fbbb7a9fec3b2f906fe4b258962f84a8253b6d310794a859d8d80e73810c441f1841ba6baeee0cb0f0ed2eb2f4aafaec,CLEAR,DAYLIGHT,DRY,IMPROPER TURNING/NO SIGNAL,2.0,48.5,2.0,2.0
079c7cd0087309bd9680463eea260a450ebf7d45040f7537c28f9b3026def1b9e10a9826af824f54056d8867881c8bcc6316f142a423ff7faf5054735152fe31,CLEAR,DAYLIGHT,DRY,FAILING TO YIELD RIGHT-OF-WAY,2.0,37.5,2.0,2.0
079c86b64844d682939f8875a18006e068674f052227ea0b50b7f6b13e806f6ab98906c78d12296ab074ea6e6df28bfcb6312674e73e6296287b4c8612081f30,CLEAR,DAYLIGHT,DRY,DISREGARDING TRAFFIC SIGNALS,2.0,40.5,3.0,3.0
079c9c9d9d3c220d42b04879af9eaa59ead058e13dfae3103ea406a7936beccb97e6864a2d932794c46c2c8dc3d53194bb8a63c7d063f5519137067c32eea574,RAIN,DAYLIGHT,WET,WEATHER,1.0,37.5,1.0,0.0
079cb64b4b3e88bbc3b3dfcdaac36a9d871da7b2f856cfe7d5b164e07302fff30ec3ea3beffedfa677663c2df7fd96a03fb0ccf9cab4c45b0c814fd07653d511,CLEAR,DAYLIGHT,DRY,FAILING TO YIELD RIGHT-OF-WAY,2.0,45.0,2.0,2.0
079cb751c635a62237d5e0b9a0f20b43a00b8539944e02d4d43d9c939a092550f2cc4b324a0d22c500c809cd7d9fda37e5013b3cd116eff4991909b370fdcb31,RAIN,DAYLIGHT,WET,FOLLOWING TOO CLOSELY,2.0,37.5,1.0,1.0
079ce7d8f4952515117d16c95f87441bc63402bb277929644fd25c8c74e52787a35a9fa967bb4d445b3924e0bbf98e963739fa2ab020e7a2fbd261a2783d64f3,CLEAR,DAYLIGHT,UNKNOWN,FOLLOWING TOO CLOSELY,2.0,43.5,2.0,2.0
079ceba90abb3f20aa14cd48fdaf191fc20af6856901cfdc62035d503d3f1da8fec9e75e7295c3fa3c5c0e412ecf0503b6446dd9c2f08f9d898804b64bb705ab,RAIN,DAYLIGHT,WET,FOLLOWING TOO CLOSELY,2.0,30.0,2.0,2.0
079ced41c3b03ab737404408eb8d53c7b604d1e33a0cd16f07dbdd7acdfd18f48b74b50ec7be1e2949c4d880c372308ca8a945f2d004d71036e0f7b5bd949f6d,RAIN,DAYLIGHT,WET,FOLLOWING TOO CLOSELY,2.0,39.0,2.0,2.0