crash_record_id,weather_condition,lighting_condition,roadway_surface_cond,prim_contributory_cause,total_vehicles,avg_driver_age,total_people,total_injured
079d1222da4178cc9146e3c8cbde3dd39690ddb525d5a39064241cad412c9a687cb6ec1532fc91c5df419467e86d72df0b7d0ba2b7f87628bc71d4ccaed86a0d,CLEAR,DAYLIGHT,DRY,IMPROPER TURNING/NO SIGNAL,4.0,57.0,4.0,4.0
079d13a873ada2e1d7cf75d1b2d74643c3c609ae14bb7cd1e45a1ba89344f5937a4aa7dab37202e4a27ec59269ad775d9487be2075dc4a4d8d5342bc588ee7df,CLEAR,DAYLIGHT,DRY,IMPROPER BACKING,1.0,57.0,2.0,2.0
079d63da8069876204098ecc76f8c028cbff1ce2eea96d0bd548556bd2821a7262d4c2ee2f1652fef9f6fde029a1e6c253f07095fa63c55ba32868a09a6db2de,CLEAR,DAYLIGHT,DRY,IMPROPER LANE USAGE,2.0,24.0,3.0,3.0
079db31c4091cb9a7569c25cd0ee31f141974100add7d75f0fa69d644b05788ea205511634d8e49b19288eeddcfdc09b168565da0a7b7fe43895e6f118d00eaf,CLEAR,DAYLIGHT,DRY,IMPROPER BACKING,2.0,30.5,2.0,2.0
079db97d10dfe323f3d90809ffcd4c4099046d9a140a80f1d5d5daa4b39ee95e5ea6e0fe55978ae645933190aa23247201ad56e71f3d6366dd743f9224dbd422,CLEAR,DAYLIGHT,DRY,IMPROPER BACKING,2.0,63.0,2.0,2.0
079dbd506f1de2237524986877846bc06c2067b45313d6749752208a893c04ab03928cb327497b086c890bd8a3a063fe3356c5fd76ecd060db15186b1a50f2f8,CLEAR,DAYLIGHT,DRY,IMPROPER TURNING/NO SIGNAL,2.0,22.0,3.0,3.0
079de6e314a4ebed4fa52501e9c70c13dfb13895dbee05741e46ded37b7ec1839e70ca0de45ab1e2c58d84e4faf1aabb508dba2b45380f21ea569dfe50dddf7b,CLEAR,DAYLIGHT,DRY,FAILING TO REDUCE SPEED TO AVOID CRASH,2.0,34.0,5.0,5.0
079e0e1f29bf2db3a6c250798626d261196566ebbbd0c86fc3b653bf26c0d08d536a235a9ffefede65bf186a3ff851759b79f973235073fdf5fae4d09166ff22,CLEAR,"DARKNESS, LIGHTED ROAD",DRY,IMPROPER LANE USAGE,2.0,37.5,1.0,1.0
079e113c2696a32c7a8e0ee41fef5226394d870ffd47f41b9b0d85e906518b1b93be4db5fe619d511fc73b7eccaa50e35d52c1c5b0d8a5a4f700d766d745afd1,CLEAR,DAYLIGHT,DRY,IMPROPER OVERTAKING/PASSING,2.0,81.0,2.0,2.0
079e3418912e0dc4e0f9ed9fbcca46bf1a9855034be8e01319c52e4f71d239b728fd723b66cc87d391493438507d4546665b2cd7f5fb053bd52ea860efe21193,CLEAR,"DARKNESS, LIGHTED ROAD",DRY,FOLLOWING TOO CLOSELY,2.0,24.0,2.0,2.0
079e6bb8e91ea55c69ea163327c5c27dfb7fcde56ebdda675f3dd7cc7a1a89223af575bddd56f67368c95c8900f2e2685f6cbc81b8bf84f5c19c204643d8e7ac,CLEAR,DARKNESS,DRY,FOLLOWING TOO CLOSELY,2.0,37.5,1.0,1.0
079e6cac8d7ad9d88e50988066ed8fd4671bc48d2618f362a63018242de235c28ce6ebce94d332c78fc2f26e99f808c3a1e56a8302a43e888b470edadaa2a66b,CLEAR,"DARKNESS, LIGHTED ROAD",DRY,FAILING TO REDUCE SPEED TO AVOID CRASH,2.0,26.0,4.0,4.0
079e7af7cc3335d1f635d288bdd399df914607c21df39d4e62beb2453c8f4ab0f2363d022a757316a41b32b77e59f9c57484ddb44da37576f73d78a52760a379,CLEAR,DAYLIGHT,SNOW OR SLUSH,DISREGARDING TRAFFIC SIGNALS,2.0,48.0,2.0,2.0
079e843828af6eae0a518c9eb35679d35e91257413ff779d6ba9297b4cd11776569187d39716ae98d2d3e3f66bc08d23e64688a6d77410de6f4c84f6294d3837,CLEAR,DAYLIGHT,UNKNOWN,FOLLOWING TOO CLOSELY,3.0,30.333333333333332,3.0,3.0
079e97b0d57408d9b96aa78b5044a0a4fbce066d91ce0db18908fe7ced4bd79c5720fb8827d795d3543da0f4bf674bfedb2dd34bd4d7919eda64a541d1a38c42,CLEAR,DAYLIGHT,DRY,IMPROPER TURNING/NO SIGNAL,2.0,43.0,2.0,2.0
079ea2580a76c83e636a40bf45f763cec8c1cc003bd79eadd32d2bd9e27dd4b1eb5c364fbff5aa84594895615b10abf52588aacdd19da976be905b7deaa0262d,CLEAR,"DARKNESS, LIGHTED ROAD",DRY,FAILING TO YIELD RIGHT-OF-WAY,1.0,27.0,2.0,2.0
079eef992817545e2c8a2ecc3e2b30525f8d5079087e7ae0d877bea4a1a8ad6619aa3cc6a0ea854f31a8f0ab2bc080dd0535bf975ef5ed6ed3fcaa4c2b6eda43,CLEAR,DAYLIGHT,DRY,DISTRACTION - FROM INSIDE VEHICLE,2.0,30.0,3.0,3.0
079efd1ad3c82b1eeebeddfa2b75b46434a3195f78baafc16c5ded8154b36cf6d6f6fc327cbb86c683752f2bd9afb719a487ad7e07bd4aac71e338cd37d789c8,CLEAR,DAYLIGHT,DRY,FAILING TO YIELD RIGHT-OF-WAY,2.0,33.0,2.0,2.0
079f0beb90d355787ab45e879362ecb0010b8ec36487f16c57faaaab44dd02b7fb1c6a04fd56f70d5e8b868cde945fc0546e6daedabaf59f67732f4eabb1c94e,CLEAR,DAYLIGHT,DRY,FAILING TO YIELD RIGHT-OF-WAY,2.0,16.0,2.0,2.0
079f351f74db9bfff341fe357f80c74d4f65f496091bc2eaeb318735aed718fbd24279466e1c09520e645ea86963cb4f537e80d174dcbfe976881c7d5b8b6996,CLEAR,DAYLIGHT,DRY,FAILING TO YIELD RIGHT-OF-WAY,2.0,20.0,2.0,2.0
079f36cfdc2d188c8d10b7e90b638402e3673b3da644a978cfc8ead8a549062b72d1463988b5487e6f7ba584d015572c6122acb689f99c64bdb3540cd2817645,RAIN,DAYLIGHT,WET,IMPROPER LANE USAGE,2.0,33.0,2.0,2.0
079f7051d43fbd17a702cdf17fe1c31ca6d6e61000c5e11e9d330ff4660232f8d68b1e5926286a0d9ad74e0907c51e2877dbe7b63818cac7abb12d409f0fc3cc,RAIN,DAYLIGHT,WET,DISREGARDING TRAFFIC SIGNALS,5.0,36.2,6.0,6.0
079fa15031fd2ff3c93c5494c118dd9635c0e73659f09b23fe3ea84fab96bc391796c0306c3f8482ada296e5e8848e862cf986956d89abb86f105ec26152daa0,RAIN,"DARKNESS, LIGHTED ROAD",WET,IMPROPER LANE USAGE,2.0,55.0,2.0,2.0
079fdac0ca654f56bb6d8a719fec28d7528ddde3b7bc8570c89df5f1e5dfeb3cc802da042dc3115bc8325f55ca3b3c9160341e9de421c6742a35b1dbffac4f82,CLEAR,DARKNESS,DRY,IMPROPER TURNING/NO SIGNAL,2.0,57.0,2.0,2.0
079fef4301a0eb263cae218251b8292bf18de3413acd6fb6c486e9ae27d12d9683b027f04ed20f7b0b5aaf1f8e2b5abdcf673330c41781f5d59479927c24576f,CLEAR,DAYLIGHT,DRY,IMPROPER BACKING,2.0,34.0,3.0,3.0
07a00d5f16ba333720006ecb09ba1a3dbf209c51b6353536676411081c0010de5010683a7ede92356f743b91df7013efcf4c4f3a5845f23554ff6326dd3fff11,SNOW,DAYLIGHT,SNOW OR SLUSH,WEATHER,2.0,37.333333333333336,3.0,3.0
07a054fa7674e6b0ee08714e3f2474ac94e18ab55633614d530fb52c9400a770798edbd09c58fa65f9388815e84ee9841b970c4fc7adbce673efd74d1fd3ddce,CLEAR,"DARKNESS, LIGHTED ROAD",DRY,FAILING TO YIELD RIGHT-OF-WAY,2.0,46.5,4.0,4.0
07a059149fd0a1fe04ff80f156b4f352f6f441ba1517a2e608b01f76b86b916cd83491de46bee88771fa26e7f2665fc148e9734cee2bca508b9aa601f27e124b,CLEAR,"DARKNESS, LIGHTED ROAD",DRY,DRIVING SKILLS/KNOWLEDGE/EXPERIENCE,1.0,19.0,2.0,2.0
07a10de562e22933816b6f9d34133c97271c0a6e202cc79568dbe93e22f6741b0acfa062e74272164ffd380985f29acd4489129053f0daafe166f969c862794c,CLEAR,DAYLIGHT,DRY,FAILING TO YIELD RIGHT-OF-WAY,1.0,23.0,2.0,2.0
07a11f2853348c7777ea28643e386c115931079e4d60e988c26e513bedc0da15fe1f0932fe6288535578e213c8abb7f4a8c3106c5d50f023b58f8ab9d6163f04,CLEAR,DARKNESS,DRY,DISREGARDING YIELD SIGN,2.0,48.0,2.0,2.0
07a1208692154cdc81b609944fbd09c43f8654d77b69364a67039cb1a286d2479762015f9ae2e19a6b8769290d65efd3b818825f506eb8f7d217b6a426539ea5,CLEAR,DAYLIGHT,DRY,FOLLOWING TOO CLOSELY,2.0,64.5,3.0,3.0
07a156bf01462bbf52d2a73e60e0e528b89642c9db574849e037fb8c1178f32b77cd7f4fa111e60be538996008e7f0064f64192d902952b2e01d8a9ef27ca0c5,CLEAR,DAYLIGHT,DRY,IMPROPER LANE USAGE,2.0,33.0,2.0,2.0
07a193e359a3e6b35727b289452223587b7377eef953a9ae7cf593dd03b58d3bea9984f8c706b680f0d77b190453ecd254676d0791c72b98443af1eeda647287,CLEAR,"DARKNESS, LIGHTED ROAD",DRY,FAILING TO YIELD RIGHT-OF-WAY,1.0,39.666666666666664,3.0,3.0
07a1b6602abd22ee498c143bcfb934f99df7066b31bbeeb43a169fa24570a7ea56cc8958331632b40be16d898b036c77cec1a2f0cb6267384ce147a74d96ebfb,CLEAR,DAYLIGHT,DRY,IMPROPER OVERTAKING/PASSING,4.0,23.0,4.0,4.0
07a1d8180d512b6075505a6d2f91b6496fb8b09bde7683aa81c5314758686265fd85f9f9ae56577de1e8c149e7cbf9907b6a1736c4b75efb75bca7820a6c68ab,CLEAR,"DARKNESS, LIGHTED ROAD",DRY,IMPROPER LANE USAGE,2.0,37.5,1.0,1.0
07a1da97e5e1bfbe5bbfd429fea97e153e7666b17a98459ab53813ac6458f0f1160498fd78602da1bfd55cddb4d26675c34ec8648b10280f89e241c84b9d0cb2,CLEAR,DARKNESS,DRY,"VISION OBSCURED (SIGNS, TREE LIMBS, BUILDINGS, ETC.)",2.0,32.0,1.0,1.0
07a1e7898b8c425beebd767f8f821dd35776e3e6f1d75825d5be45dbd4ad5c81885a85f3fb82afba56dcd5839b0dc6a2f46b27b3a0ffd71d6b4358cc6f49dff0,RAIN,"DARKNESS, LIGHTED ROAD",WET,IMPROPER BACKING,2.0,20.0,2.0,2.0
07a20d147ef7aa5060da26f8cd14f653006ce161ec05a2139adb5460cd4406aa4466e53690d3c385054558baf1d7a209796c73e8709dd0da861192e7ef33420b,CLOUDY/OVERCAST,DAYLIGHT,DRY,DRIVING SKILLS/KNOWLEDGE/EXPERIENCE,2.0,33.0,2.0,2.0
07a218c217015008159efcf2fd09722fcbbdf82a85ae06bffd4296c2b88d79c8a3ef7ee457763bf0e714d4b191fc15ecb4798c8dcd50624fc30521fb0941c593,CLEAR,DAYLIGHT,DRY,DISTRACTION - FROM INSIDE VEHICLE,2.0,25.0,3.0,3.0
07a21e45920b5ccf70c367d752a147d9c4d5f4ef6f8d13abe249e2597f2b688b1f987ffee4f6a64a37b8baede3e44a4227bd1aabe9c43697b0dd8ecc40038b07,CLEAR,DAYLIGHT,DRY,DISREGARDING OTHER TRAFFIC SIGNS,3.0,41.0,5.0,5.0
07a24b478207183c2bf58319cf0261c1c0927bfaa50af912938b90bda880bb539010cb1b706823a0f3f8476072f596d9372dfef871c6b239d5f623c37eaa9c9a,CLEAR,DAYLIGHT,DRY,IMPROPER OVERTAKING/PASSING,2.0,19.5,2.0,2.0
07a2532e642cd360f5deb6fa5c729282ef3dbdac4a439288a0ceddba4201e5972a4af149101e211137abde46d7a9bff36fd46b98b533cb8b8091beec56740f4a,CLEAR,DAYLIGHT,DRY,IMPROPER TURNING/NO SIGNAL,2.0,28.0,3.0,3.0
07a274624ff250561216236695dd54cbc5595bb040fbdc89dfaa4c9d2c3019f5ca029330a41194c58c8ffbcf33c451da5db29e88affef7d76f14241e1d45b0c3,CLEAR,DAYLIGHT,WET,FAILING TO YIELD RIGHT-OF-WAY,2.0,37.0,5.0,5.0
07a2bfcc40ac55444a76d77677cf029ead5f401b80d01f0b1f8c5357a839a12a581c7818f3c76a7f69065c90482d356139010f64d79a357369614e240136e488,RAIN,"DARKNESS, LIGHTED ROAD",WET,FOLLOWING TOO CLOSELY,2.0,44.0,2.0,2.0
07a2deaee7c13697720b7a283d73f6442ae2248fd0fdf7392027cf135f2b57cefbba6d6de794c09192ffbc8a124a3799b225c45d77dccea9dba38c16b794705f,CLEAR,DAYLIGHT,DRY,FOLLOWING TOO CLOSELY,2.0,63.0,2.0,2.0
07a3056fd2ea1fc7a61c8792f5a719fc27155c13209b6430c225ba15563de694f6df4039379d3dc9aa8633dbb1497e3d8a6e571d982800ad52490c3770bb91fa,CLEAR,DAWN,DRY,DRIVING SKILLS/KNOWLEDGE/EXPERIENCE,2.0,41.0,5.0,5.0
07a313d12678a388d759e4c8cfdf0eee8d534bdcade46b1c5d6f06228fb341be54637549c798c92d24030d3e06728a7ddeb32388f34746d532842a1933ba868e,CLEAR,DAYLIGHT,DRY,IMPROPER OVERTAKING/PASSING,1.0,34.0,1.0,1.0
07a31df60892c39e6fb2cff23fe51c98dd49a419143784d21ca6c2faa50765760cdb7a22627250f4a34aecbc0f989afdd56f03e9c3b632860a04930b8f7236bc,CLEAR,DAYLIGHT,DRY,FOLLOWING TOO CLOSELY,2.0,51.5,2.0,2.0
07a324ba0ee54eab51f1222171728b593ad41c7835992c667ab1770d243c773a12f337b30293b60bd42709bd8ab7043c77ed1081107aac450b13c5165edbe513,CLEAR,DAYLIGHT,DRY,IMPROPER TURNING/NO SIGNAL,2.0,28.5,2.0,2.0
07a335ba81ae7ff12bbd425ef4b7a0a73d9fd65f503815e864970fd120de82212486660ba75e92f04265313a5286a575ee6c716d16908bc73883bd6db788c0eb,CLEAR,DAYLIGHT,DRY,IMPROPER BACKING,2.0,20.666666666666668,3.0,3.0
07a34251a124c206a6ef0bae133320cd0d03d771acef6251ea48f8f88b0bff95ca2c3a43508a1ed599b0da6b1847e090ac6aca1bdedefcb170f047a4b20425b1,RAIN,"DARKNESS, LIGHTED ROAD",WET,IMPROPER LANE USAGE,2.0,24.0,2.0,2.0
07a34afddd51936580e11b70b8a922d152275ae0c65fe9c85082ea169d4c4ae6afeaf87dc875325ec562cde484eee8457d181f824d9b890ccadc9f1e0fe59a7f,RAIN,DAYLIGHT,WET,WEATHER,1.0,65.0,2.0,2.0
07a36c85583fe4f948de00c7981f2ec684985e8e32642037e8fd49e8c2d7755473a18983fd114779c3648c74a7702391f521fdcb5a4f3ab7875288c764a3531a,CLEAR,DAYLIGHT,DRY,DISREGARDING STOP SIGN,2.0,37.0,1.0,1.0
07a370d4eab0fbf53c372a74d0967bce80c78d8f0e8470f9bfbeef9b77db4cf94228d1c6b691bfb18232ff1af28747161e57deb0089dba9c03b862cc668e957a,CLEAR,"DARKNESS, LIGHTED ROAD",DRY,FAILING TO REDUCE SPEED TO AVOID CRASH,2.0,38.333333333333336,3.0,3.0
07a3837629f1c6dee6bdc9838769b028b1d43ed574475dc5fa772b1006cec993c04ab2a39bfbcb4699ec1c3959e61b4c92512dffe29d1e66fa50a57b1af8b58f,CLOUDY/OVERCAST,DAYLIGHT,UNKNOWN,IMPROPER OVERTAKING/PASSING,2.0,54.0,2.0,2.0
07a38f65853890301777900d02fb3d1ed31c916b9c2b69b87a58e792d4607e4244f8153dd2cfecfc8e913ed6d13b010777f5166377a616d2d3879713d2f04568,SNOW,DAYLIGHT,SNOW OR SLUSH,FOLLOWING TOO CLOSELY,2.0,39.0,2.0,2.0
07a397b5f191d4cae8c32ff73074596dff1b44fdb6be9a4bfb7a096199d09166d04d331011b6737456fd9ef443a63e7a6247c33c367c54d0d3bb60c77b277f58,CLEAR,DAYLIGHT,DRY,DRIVING SKILLS/KNOWLEDGE/EXPERIENCE,2.0,37.5,2.0,2.0
07a3d241f77b4d026910dc0ec605a87d9aef2c9e5ad56ffa2071fe4ee01979235a39a163daeafe790577a1fb6a45dc442dc3307cfe2bed81e1282d523657cedf,SNOW,"DARKNESS, LIGHTED ROAD",SNOW OR SLUSH,IMPROPER TURNING/NO SIGNAL,2.0,20.0,2.0,2.0
07a3e94bae0a4b1b988e3aae19cd1b3160bfd28bd4825c533a990eb600c586304172dc58a4ac5e037146d7766cbc7f87fcfebe794850964237396ce3aa4993fe,CLEAR,DAYLIGHT,DRY,DISTRACTION - FROM INSIDE VEHICLE,2.0,18.22222222222222,9.0,9.0
07a3fb92ed04f3c49e9e6b7ae79c6e535673412cb1b5ae0c90f02ee851bc108306218cda42b4e1dc0fc695903795193da45afdfa4eacd1e93acfa0904f1a18dc,CLEAR,DAWN,DRY,FAILING TO YIELD RIGHT-OF-WAY,1.0,11.0,2.0,2.0
07a40ec8f1476eda2b772a6b6af9bf540425c685e29d6a961549f60d4dea6459abe907e230d9ea5901338d5e48427b73afc8778b81d8142a15685e62417566df,CLEAR,"DARKNESS, LIGHTED ROAD",DRY,EXCEEDING AUTHORIZED SPEED LIMIT,3.0,35.0,3.0,3.0
07a43ce331ad3b0d30f0bf584140332fc7ee4493d69743e2e415bce233635a6fb6cfe5f3d4fda491c1c8bea413cf8d4db073f2930d5664f4969a8404d5dcc02c,SNOW,DAYLIGHT,SNOW OR SLUSH,FAILING TO YIELD RIGHT-OF-WAY,2.0,1.0,2.0,2.0
07a4436ce209997c2acf90acfd0faedc4e315b765cd2e802ad9392b5f7ccf82f236b67d0c9b7b8e5876e5e0728367bdd77eee240a2cbdfcceedf84fce461f7c7,CLEAR,"DARKNESS, LIGHTED ROAD",DRY,IMPROPER OVERTAKING/PASSING,2.0,24.0,2.0,2.0
07a4669d8972551c785108517339d2f9a5adf2202f2d0005ab18aaf7b063a5bfae7f5a3a14404d5bd2e0f1bb06a6a6d681de62aa5ef13ec7667b398bfad022da,CLOUDY/OVERCAST,DAYLIGHT,UNKNOWN,IMPROPER OVERTAKING/PASSING,2.0,26.0,2.0,2.0
07a4782b62d2bffbf8c1a502af5c988dc470d3447305dac2f9f590e010fea599450cf35384e47dc916f81b09f57377eb6ec3b5800ed123aacb879f269bd6a7a4,CLEAR,DAYLIGHT,DRY,ROAD CONSTRUCTION/MAINTENANCE,1.0,26.5,2.0,2.0
07a48c873e4aa01797ce38885de18b5e8e7fb78f5867692d39caebdbec31b819eb3808ca7d5b59fa6f760cf41f197c07f7103bccdcfe6d1207d2f53f500daa1a,CLEAR,"DARKNESS, LIGHTED ROAD",DRY,FAILING TO REDUCE SPEED TO AVOID CRASH,1.0,30.0,1.0,1.0
07a4b06eb6ce7f2a44f0e58e8f7ba0055dbbd23b7a067362989aee39175d82ddc58d011bab49b8da00c8ccd0ec4a9ba33f320ffe03e3d1d8faf99545d6f4fccd,CLEAR,"DARKNESS, LIGHTED ROAD",DRY,PHYSICAL CONDITION OF DRIVER,1.0,34.0,1.0,1.0
07a4c6d6b5a461192c6c66eaa7088930d3abc8fa9d524f5556a76f54f9204d7a900dccc010a55afc8434bd68e057066ecab129c7f7f486b3e2229d2d51fa77c3,CLEAR,DAYLIGHT,DRY,FOLLOWING TOO CLOSELY,2.0,18.0,2.0,2.0
07a4e488a548c35be4d775103b75f032cbf7fb3bfa4739d53f9f8a6153c9aaac613a2586ef14943c39dcf3febde453230443b0410c56cf0853a844eb734682c2,CLEAR,DAYLIGHT,DRY,FAILING TO YIELD RIGHT-OF-WAY,2.0,61.5,2.0,2.0
07a507dee9314b6a882fde73babc582004f18a3f4b5ff13916f64bdfdbbb17b151d9cf36b3094a3aba31d0fc70966aa0924f16cb67816af74ed99b4c53db8254,SNOW,DAYLIGHT,SNOW OR SLUSH,FAILING TO YIELD RIGHT-OF-WAY,2.0,20.0,9.0,9.0
07a51253f4d3d522a1b79e6e526d193ccc65343f85ff6d5c0007288672422297facfb3cc31d033fa910de823f56d44fc2612fe957d935d044ef81a74ed1bd369,CLEAR,DAYLIGHT,DRY,FAILING TO YIELD RIGHT-OF-WAY,2.0,36.0,2.0,2.0
07a544667bd1e5e20824a2f2cf51fec43c346024c0ffb8f1a4e31a734d9b1a28c734b606b7d4430cedddadaed698635895f7c4dd0e6670835d25d03da7bb82d0,CLEAR,DAYLIGHT,DRY,DISREGARDING OTHER TRAFFIC SIGNS,2.0,33.0,2.0,2.0
07a55fc3ae0c03c668483265a08e5dcf7d765eaf3377a0289ea16deddcae9c6b3bc584e0724ca43bff44f49fd1d201adcea51ff5dd3c1ce2d4d605d3d7448b3e,CLEAR,DAYLIGHT,DRY,FAILING TO YIELD RIGHT-OF-WAY,2.0,40.0,4.0,4.0
07a58fa32caf8df49fb65b96555dd5620bf6264a393b4195f20293edc6d8de444dbbfa76f20a4e230ce849caa8d57f3dd7372dfd20ef26d033f1de483f33340f,CLEAR,DAYLIGHT,DRY,IMPROPER BACKING,2.0,71.0,2.0,2.0
07a59e9004e771b375b542edb5c90f89e8890ce9418ffb38da2ae1cc573138e992b330373fe867038fd659e3d4e52ae595355cd0a9aab1b43a0fa4261e509f17,CLEAR,"DARKNESS, LIGHTED ROAD",DRY,FOLLOWING TOO CLOSELY,2.0,26.0,2.0,2.0
07a59ff6d9e901af8d395c149dccc1de5a4fd74cb02415c9cd3955447d3170bde4a2f7e18e93333ddf99aa44486aa591102bd9440767b5f5e8a12c65dbfb7bc8,CLOUDY/OVERCAST,"DARKNESS, LIGHTED ROAD",ICE,DISREGARDING TRAFFIC SIGNALS,2.0,41.0,2.0,2.0
07a5baaddb35405bbeedca21818886aa9c33bed66514b4c0edc6a2dd573d757143c90d9ae0bd98e6f023c18403544ae7380938aebb890884153fd93c182ef6e4,CLEAR,DAYLIGHT,DRY,IMPROPER OVERTAKING/PASSING,3.0,27.75,4.0,4.0
07a5ff68f4a7c478154fc3da58fe3dd95850ba1f4ece539d68707ef8b049dd0122d23f7a6c8e877ae162486735e857be97bd7240ef932df9dddc4cf0ad68a695,CLEAR,DAYLIGHT,DRY,PHYSICAL CONDITION OF DRIVER,2.0,48.0,3.0,3.0
07a60d832c54b5a642f20a649fd4d41c6f56f9cc8291292595e1420d2297fbc9188df0e90dba6954fe8c432123fcb5e00b468bec742003525a271977960dd853,RAIN,DARKNESS,WET,IMPROPER OVERTAKING/PASSING,2.0,42.333333333333336,3.0,3.0
07a6100a221e549285ba89993d4b07c8e6b7bf7e78d49dcbf74a33c93ad2612137d114c26209ec998fd5f50f606bf10d72aabaa32169315df82f62ae6defcd74,CLEAR,DAYLIGHT,DRY,FAILING TO YIELD RIGHT-OF-WAY,2.0,77.0,2.0,2.0
07a613f3780288423b8137a87f84a95a8982abbe6ba5a6b955624ad410f563e72929076960fbb03b631a66664cce93504e812e4b32ff22b67c8c4988bd292d8e,CLEAR,"DARKNESS, LIGHTED ROAD",DRY,IMPROPER BACKING,2.0,34.0,2.0,2.0
07a618f5eb9038228b32c641b7c418b0ea4f61ee93ca04cc25abb8537d765f34d934f2471f46cdb1922450a8f0133892ee0c908016c36b5d0dc4fd0cc3a72111,CLEAR,DAYLIGHT,DRY,FAILING TO REDUCE SPEED TO AVOID CRASH,2.0,35.5,6.0,6.0
07a635f1d74f04af04573784f2bafa67c32a87c97bf585e776f0b266434729c2750630e24485814b5acbc914ee7be2573f1d37326de758c54088dd9e39917f42,CLEAR,DAYLIGHT,DRY,FAILING TO REDUCE SPEED TO AVOID CRASH,2.0,24.5,2.0,2.0
07a64b4b9eb998ed2aa4feb8557c341bc548a7c868e79a8c7fc6694fe361aca424c247fe9fa0a2e1e8c3a4c4afb35965778aa237510600e48209585365b778b8,CLEAR,DAYLIGHT,DRY,IMPROPER LANE USAGE,2.0,25.0,4.0,4.0
07a65dfb4c9ab9f27a90223359699cc3b1a75b900bf70d2ce2823ebfd95d93af52091f5dd784e3cbbd86d96e63176af0d512228b6200ced3b37b4a953be624eb,CLEAR,"DARKNESS, LIGHTED ROAD",DRY,DISREGARDING TRAFFIC SIGNALS,2.0,24.0,4.0,4.0
07a678f846c76cbbf24335cd143c62fadd3dfdb932dc0f6f202570ce2365fe89222fc0c726046a74931ab45342d6af7c6f6a6860839459eaf4ee3f04e34d92a3,CLEAR,DAYLIGHT,DRY,IMPROPER OVERTAKING/PASSING,2.0,28.0,2.0,2.0
07a69ccadf9e3e6a38d89e362b89ebe36f84e5571ecaf5e817cba7769e86a312e0443655c2ed45e746ec452c5748afa1a660557defbb0d8d2bf27159d35a9f26,CLEAR,DAYLIGHT,DRY,IMPROPER OVERTAKING/PASSING,2.0,44.0,4.0,4.0
07a6e215ff108f455c4e5a5f511d6d5543e6a3e9a80196a7a9dde91042f56356b33f5a3bb2b9275f14e187dfb52027b7b656415c4da9c2fa888f3b8f4f58042c,CLEAR,"DARKNESS, LIGHTED ROAD",DRY,FAILING TO YIELD RIGHT-OF-WAY,2.0,30.0,2.0,2.0
07a70584fedeb901ea769a6e289e77dcf13d61d3952f7f839c350467481828a3e72a3d68a3326a9d4921481613015355bf7eb195cd29532f6f1ba1603702cf66,CLEAR,DAYLIGHT,DRY,FAILING TO REDUCE SPEED TO AVOID CRASH,2.0,27.0,4.0,4.0
07a71a8841ced818600d9698816eee7be60db88b5aa858d10aeab93da26c14152192df5f9b08fcb43c39dc697e4bb689c71da4c8579f47811d17770464e22448,CLEAR,DAYLIGHT,DRY,IMPROPER OVERTAKING/PASSING,2.0,32.5,2.0,2.0
07a736398579f7d9659fcc6382b621d67584d82935c0b195dae84a5d5be96c67e90d04ea7785df25782e2429cb86d97d566003c008bc013c7f162d8e37689a52,RAIN,"DARKNESS, LIGHTED ROAD",WET,WEATHER,1.0,35.0,1.0,1.0
07a77ace8d52b7d617bcb46f58f971462aa9885dac343a31240f0164aa4a728aa6d5fade188b62d036e0fda084be4155d40baf3bdfedafd7ac9ddb1143af2816,CLEAR,DAYLIGHT,DRY,DRIVING SKILLS/KNOWLEDGE/EXPERIENCE,2.0,34.5,4.0,4.0
07a78d00d978cf23c9b6e887638aa6b74fec424f7fce3a22af5c2527e244a27784ed16f74a25d654a4cdb0a59db7bb032d0701da2a161364d44d4c87eccc6ee4,CLEAR,DAYLIGHT,DRY,IMPROPER OVERTAKING/PASSING,2.0,43.666666666666664,3.0,3.0
07a7a91efa159e1d40c46289db28d4d78b0b2714dd33dc9260d33c5ef18f02d9f11551ba6fcb4e2080c46e399bf503585f1387440e446e19960ca55b7c1a1f51,CLEAR,DARKNESS,DRY,IMPROPER LANE USAGE,2.0,39.0,3.0,3.0
07a7ccf92cc6f316a17a05cd5c5c721494fdc2fd86dbfc4bf38450e6ce1bac575d7471bdc4ee5b4cc645946873f6289462510cb645df7131f802387b6218c396,CLEAR,DAYLIGHT,DRY,DRIVING SKILLS/KNOWLEDGE/EXPERIENCE,2.0,65.0,1.0,1.0
07a7d6cef83170a9e561b741f7e8437759a5666cc1235faf73f0899a24ffdb10978cb90b7921bdbbad7caf84087c4aaa517e5abdfdff7c91f413e7205ee82f1c,UNKNOWN,DAYLIGHT,UNKNOWN,IMPROPER LANE USAGE,2.0,27.0,2.0,2.0
07a8076ffe9a3d339c30e5fd5ea70fb7c54c96d7164f91b68aa8c31e32bfb15ca9b8c66be69ed50723f2e2c9cc0f4b506e3e1a088d2053af0c235e12685c5330,CLEAR,DAYLIGHT,DRY,FAILING TO REDUCE SPEED TO AVOID CRASH,4.0,26.0,1.0,1.0