crash_record_id,weather_condition,lighting_condition,roadway_surface_cond,prim_contributory_cause,total_vehicles,avg_driver_age,total_people,total_injured
07a81fb8f95a0fade982c02cbcab1126555ad62cdb2530a6122373cfffed619732b281d8876aeb850891169199348ce08f54dd8d7885af26e9a7ed75928cc12c,CLEAR,DAYLIGHT,DRY,IMPROPER BACKING,2.0,50.0,1.0,1.0
07a83cf87c93eb212a002e01a3a62d4ec5b8c4eb2e6ef3d24b3cbebc3dbf786492fc5cac57736648339f1c19c359b7dbbc936106240dfeff2fc7dd460a251fee,CLEAR,"DARKNESS, LIGHTED ROAD",DRY,DISREGARDING STOP SIGN,3.0,52.0,2.0,2.0
07a849372f6ba0a57d33071967285abd67d63286f24151159c068f42c7326535879dea06c28fd716c22bc14adeec6acdb22f7f8e7a297d59e3a8e25c376ac695,RAIN,DAWN,WET,WEATHER,1.0,39.0,1.0,1.0
07a8562a2300b99e24ba12b3ca5642e2aeab7d81c279b4980bbd93620c8ebcd01f49ed7df6f338d6ef0404e689bdd10003cd3fe914d534f24d1bda7c453e3dbe,RAIN,"DARKNESS, LIGHTED ROAD",WET,WEATHER,2.0,52.5,3.0,3.0
07a85a31757cd033c2c687840a50a6bff52cd1e0b645a76acca0be7ccbcf322b9ec01515e6a83ccda069a8f8e6060bbf552c3a6af8906f876b7d17a9a1b6ff12,CLEAR,DAYLIGHT,DRY,FAILING TO REDUCE SPEED TO AVOID CRASH,2.0,37.5,1.0,1.0
07a87b4bad49dc94e68d855a971e5593fea22083955bf356b53ee7dd48d3abee89cdd67027723fe2ef29d09354fb7dc4e7b95431b7a03ba26661601932ea6fcc,CLEAR,DAYLIGHT,DRY,FAILING TO YIELD RIGHT-OF-WAY,2.0,30.5,5.0,5.0
07a886044b3c68194df653efd71d1be706f16401677d14694f26dea261efede088b06628e389e5b7323f9bfe30839321f20632e3faf1a6056f7f5337f0e5f5fb,CLEAR,DAYLIGHT,DRY,IMPROPER TURNING/NO SIGNAL,2.0,40.5,5.0,5.0
07a886a8110fd19d95a6b39f6c6682f6d0008852a3774182a612ae2bebb2b388d76abaa3410ee5d9f3d3f9c78047b6b3aae1c6977612cb0e06169f8b836cf19b,CLEAR,DAYLIGHT,DRY,FAILING TO YIELD RIGHT-OF-WAY,2.0,21.333333333333332,3.0,3.0
07a891d57aeff82ba3a8c9fe3ce6838308858293a944b0fb928bede849b28a534af2be774df0198c962f32fb2cf828272301bca16a32da08cbe5145466f02473,CLEAR,DAYLIGHT,DRY,FAILING TO YIELD RIGHT-OF-WAY,2.0,55.0,4.0,4.0
07a8afacef8cab80d803d11337072c8cd86cfe92920afab5527b11baf8fb8bebc5453b686106f6c13092a60f099aad40a4978f846266892e5a19ffd4e1763584,CLEAR,DAYLIGHT,DRY,EQUIPMENT - VEHICLE CONDITION,2.0,31.0,2.0,2.0
07a8c232d79f9fb862c1babbbbc2e7e4c9de541bb6f6aa8d07f7c5ccb1007e1248c37f5960c6c81e0dc255581a0370482e5110a5a09fcfb3b7fb84e0caa90cc2,UNKNOWN,UNKNOWN,UNKNOWN,IMPROPER OVERTAKING/PASSING,2.0,63.5,5.0,5.0
07a8c693c65c812354a0bd0a45f4ab83a4d1b5b1b49aa7463f7deff4c8cf316fcd5eff407932e6dd9886b0e39f7413405396fa6333cb3da84af9c57eb1315c2a,SNOW,DAYLIGHT,SNOW OR SLUSH,WEATHER,2.0,35.0,1.0,1.0
07a8c9abb3933097254e4d339eea82f5c1c14946d2d6b547ab820e1cec08758c8045ca692436475e097b6f4793b77c2b36acdb810d304395930b112ae41357e4,CLEAR,DAYLIGHT,DRY,IMPROPER OVERTAKING/PASSING,2.0,26.0,2.0,2.0
07a8e1caf0069baa2e834b57971ffee12b63abe1202b1e2df2e07e11669c06ffbda7dec618bd933d969f0b733991368840623f6e1cee3fedce25e2a8fbf1631b,CLEAR,DARKNESS,DRY,DISREGARDING TRAFFIC SIGNALS,2.0,28.0,4.0,4.0
07a9133ad477081cfed2b259ea1501c34af075482c5fb162387ed1d01355f6f311d1b99af656f042d1bd3a9409d9c115c0301a41d3c539c8abbd0b7cc3835aee,CLEAR,DAYLIGHT,UNKNOWN,FAILING TO YIELD RIGHT-OF-WAY,1.0,27.0,2.0,2.0
07a927396051c9c11e0398d28b67354453725843774027e66cbb9009094d4e8b67b1fdba0bc9c3ebd90945869dd4b1ebfe9af34798a038dcff196cde07d3bf7a,CLEAR,DAYLIGHT,DRY,FAILING TO YIELD RIGHT-OF-WAY,1.0,32.5,2.0,2.0
07a93575a47ebe5cba78ee3bf52ffc55d84d6a5045fb2b4ddea9a73f3b0c0844aef42b573f5859f08075689862cc1e298e41d4820ac1975d10cf3242a5b9a664,CLEAR,"DARKNESS, LIGHTED ROAD",WET,DISREGARDING TRAFFIC SIGNALS,2.0,34.0,4.0,4.0
07a95a478e8606cc24a5dec41d6bc90e8da7fce4e8c0096542c8761dbd1b0c58bac22471437e317c0c17f342d17334a8a7ebefbc9634e1c1afda35b7a98eb99b,CLEAR,DAYLIGHT,DRY,IMPROPER LANE USAGE,2.0,50.5,3.0,3.0
07a970a696a9d78c2876fcf8b177317549760c01d36c251c417f0b3774af9c233b19a9e5ec4cd8af44b2f7f0b99d1c7ec9a358c839f0ba9f862c02785b7972cb,CLEAR,DAYLIGHT,DRY,FOLLOWING TOO CLOSELY,2.0,33.5,2.0,2.0
07a97bd58b61b3155ee92e9fc56e9d0400d680e590336f30a1d5358fd0ad5dd7709fb6c4d858b8cabc7153edcd75728dda1708102cbb43100daac0a85de68b48,UNKNOWN,"DARKNESS, LIGHTED ROAD",UNKNOWN,DISREGARDING TRAFFIC SIGNALS,1.0,25.0,2.0,2.0
07a97cf0e5b24fda04a97fe55c4e4c2912f61dcc81a734d38421941e4fb5b650cb0cd1ecbaf92370fd7ea3a93e4c258e62f7c97cf4bef4081d67bd8f4c1734af,CLOUDY/OVERCAST,"DARKNESS, LIGHTED ROAD",WET,WEATHER,2.0,33.75,5.0,5.0
07a99e966c2c7707a33bc29df29245a97ea376d6a68d76958d8aa49974ca902eacbcb84568722a5cb83fbb11b24a9dc443ac5492f792396c16a98e6d94092e9a,CLEAR,"DARKNESS, LIGHTED ROAD",DRY,FOLLOWING TOO CLOSELY,2.0,53.0,2.0,2.0
07a9aa488349ad28e6a65cfae44eb9c14ddef77607283961f44ee85845d0d12cb46a9288999b3e9bd4df7eadce67fab13d4442f863f37fbba6bbc78513676349,CLEAR,DAYLIGHT,DRY,FOLLOWING TOO CLOSELY,2.0,44.0,2.0,2.0
07aa19dbf324a7bde390dd6770414174f77f9172fcefdaec1563cbd40f1e6fe09480c1630a37a5d11c21e21af6f44730e16d7f1c6236f6ff89830db0bfc90c29,CLEAR,DAYLIGHT,DRY,DRIVING SKILLS/KNOWLEDGE/EXPERIENCE,2.0,37.5,2.0,2.0
07aa346b9bda64e9ee1973ad6dbabcf40924bc65b09f3e6331cc99585d7c8afaad99756748d5a14be631be8e48ba6a77e4a97d4742dee3f98bc57ad2f29731db,CLOUDY/OVERCAST,DUSK,DRY,IMPROPER LANE USAGE,2.0,22.0,2.0,2.0
07aa4df1b615ad498143d5cf786c0f9dac5ddd726329e8919ab16b0cee38332759f20f1fd96041fc775d3b13beeb17b03b32502971eec2da263be9686954150a,RAIN,"DARKNESS, LIGHTED ROAD",WET,FAILING TO YIELD RIGHT-OF-WAY,2.0,31.5,2.0,2.0
07aa5f3aed1f05885ec9207e2b47b8bb8a3844a137ea59237d8840fd150cc2f9e3180e3ecc27058aee6fff7313d421e74ed5628af2dea9e61d4e93c58de472b5,CLEAR,DAYLIGHT,DRY,FOLLOWING TOO CLOSELY,2.0,41.0,2.0,2.0
07aa6bbae773883021c62ac67cc1f77ca149aa5166c4f891f0d1b8551d36af74b8e397dccdd10348f02f0a6c62b78bb77ea86202e4cc055df6a5331e5cd4d2b2,CLEAR,DARKNESS,DRY,IMPROPER LANE USAGE,2.0,28.0,3.0,3.0
07aaa088f9cf63c641940bf155885ed9090b0dc75ccea94fdcaa0d10e778c56e7689d6ab4c5b4c47b88214c6f07fdbe7056848e8f3db3cc4d72021f618d01fcd,SNOW,DAYLIGHT,WET,FAILING TO YIELD RIGHT-OF-WAY,2.0,68.5,2.0,2.0
07aab6675786e835860b447eeea76973326b066c3d3cfae08d1216b46d9c18e28a05e357fd0b5a1b6a7d8ab2466a9a62d2669cd7f82bce8d87e3d6656bfcb4da,CLEAR,DAWN,DRY,FAILING TO YIELD RIGHT-OF-WAY,2.0,49.5,2.0,2.0
07aac52a6ebac61d2455e1cfeab22c447c3946676768f20f7299d6341dbabef2b4900542f87e2b73ae1a661b6113baf94a3a2b546259f400031b8cdcb6169e42,CLEAR,DAYLIGHT,WET,FOLLOWING TOO CLOSELY,2.0,45.5,2.0,2.0
07aac63c9788c579d1e11fe10ec00114e367e03630edb5bd6bb9ca8f8fd083bf7c1b7a64840bcb4082c22e5bca36f326add7a9a1f6abf8846153070ce427767f,CLEAR,DAYLIGHT,DRY,FAILING TO YIELD RIGHT-OF-WAY,2.0,0.0,2.0,2.0
07aae7f7bd933b3366c371b246b9c8e74b308606f763d8b04829695f73e84ad5e1c591b71ef1d02ffccb172d5132cb9b0733e668ee196a9f3f33dfe6e173d34f,CLEAR,"DARKNESS, LIGHTED ROAD",DRY,FAILING TO REDUCE SPEED TO AVOID CRASH,2.0,39.0,1.0,1.0
07aaf2f702de38e5ac1fe55ece9e7afda792fb3c915b5302c3c1ab9dc9d5ff290fcf3b0340af4b4045d4bf117113ab26534041ffbfe20b76d995bc2788252b37,SNOW,DARKNESS,SNOW OR SLUSH,DRIVING SKILLS/KNOWLEDGE/EXPERIENCE,1.0,53.0,1.0,1.0
07ab24e1da2b2ce93edc668037e1d39012e3553cb386c659fbdf908b274c7b31ed58db599c80b8a69604df5db594a6768bdc1e1ec0b6a7bbc453f742336231ee,RAIN,DAYLIGHT,WET,WEATHER,3.0,37.333333333333336,3.0,3.0
07ab490ff70d88b34ba7f98098146bb3b01de5a0ccee2cd98fbb4efb29c0f46b56b9c1118a01a7e5ebaf97f086a537e96e6d9bb13d95393a25257b3fe39c05d7,CLEAR,DAYLIGHT,DRY,FAILING TO YIELD RIGHT-OF-WAY,2.0,52.5,2.0,2.0
07ab57cedd26898d9e9213a1d214ebb3cd0010d525cbbc863b6e6173ee7e148b2832bd571bf6f5a8b32b66425ecea5910dc2fd4ef3e7b27ef8bf785ec7bcf1d9,CLEAR,DAYLIGHT,DRY,FAILING TO REDUCE SPEED TO AVOID CRASH,2.0,51.5,3.0,3.0
07ab5aa330fcdbe6193499a4d00e66066d1975394d8309710261f4acfa7f37beb6b81a182fa7114cbc5a21ed4e44f94882d69800e2542d217a8eedc8b9b944ae,CLEAR,DARKNESS,DRY,DISREGARDING TRAFFIC SIGNALS,2.0,41.0,2.0,2.0
07aba13f57baef8d017a4df6274f2b156978bf919e9c04f97b4b3b18cfb48d1d0f193595d1bf95ecdf10df1ac8a9a3f602534b53003af90ce6d841b9e4a9eb33,CLEAR,"DARKNESS, LIGHTED ROAD",WET,ROAD ENGINEERING/SURFACE/MARKING DEFECTS,2.0,48.0,3.0,3.0
07abaa6eb16195b38ac4b9e80e5d50e8619ce77fb304d02711b2442db3f06bb65b11d242b45ba6bcc2d3221f11b44fa84d8048d876b56df3afdc2f216d27f569,CLEAR,"DARKNESS, LIGHTED ROAD",DRY,IMPROPER LANE USAGE,1.0,37.5,1.0,1.0
07abbe692c590244af364dd84afa27f7063c20a573a0d236f9ee9cb7f79410f2161baeb0a2f736c01baab57d02275073e0952fbce0d335267183f1731f90a718,CLEAR,DAYLIGHT,DRY,FAILING TO REDUCE SPEED TO AVOID CRASH,2.0,47.0,2.0,2.0
07abcbd24eec4b75a3c71e7a276f3f8fc8d19433a870e47924e7e6eca484f41bee4b323ba2479cc54081a8c5e55302c37c51da3915e979f96ad48069480c7414,CLEAR,DUSK,DRY,FAILING TO YIELD RIGHT-OF-WAY,2.0,29.0,2.0,2.0
07abd7e39ab427677b2c27148aa0b0cb79ed46b4ebd7d9d8b5f8e792b9c126188a4efb8181e213abe574b1af9659319235b10dc02ff8158b9d8bd2e4f27edfc3,CLEAR,DAYLIGHT,DRY,DISTRACTION - FROM INSIDE VEHICLE,2.0,32.0,2.0,2.0
07abde3d91a69d671ad7c572027cf4f3e6bab07a38a252aed6d82575ba8a10935cbb04383db426d7265d320e8c3afda4ceb2e30578bf62839f3ed32d169ae7ae,CLEAR,DAYLIGHT,DRY,DRIVING SKILLS/KNOWLEDGE/EXPERIENCE,2.0,59.0,2.0,2.0
07abe23d319c70fca6c3675ca792271594890ccf2d420c1259def875eddeade7730857780cfa4491145308fd3178fa0ffda6ec97a1a70bc9a8d36376031c4103,CLEAR,DAYLIGHT,DRY,IMPROPER OVERTAKING/PASSING,2.0,26.0,2.0,2.0
07ac3ac3779ec97c161ec6af2f7c6724a86af9461fcc9a14af9ac928f418805bdc27d6c7eee7975450767d10d8a5744bc0ab86bf3d9aa343f881d86750248e82,CLEAR,DAYLIGHT,DRY,DISREGARDING TRAFFIC SIGNALS,2.0,45.5,2.0,2.0
07ac3f9219ac87155968d0a01ffeafbfa5aed9d0d6a168ca2a7bde5dcb692ccb25e13bd3059d3616f39175e3227eb18dfb5c8bad9e0f3e3f73de3398d2a5c176,CLEAR,DAYLIGHT,DRY,FAILING TO YIELD RIGHT-OF-WAY,2.0,43.5,2.0,2.0
07ac5a663b3579c464ea897947b0ba4c6b7c801f68dc99efcade9110efd459be20fec2b74ca5f6e521608c13bf7ae4b3c7d0aba4c6cf3f9f71501b35cc2ab6ca,CLEAR,DAYLIGHT,DRY,DISREGARDING TRAFFIC SIGNALS,2.0,23.0,3.0,3.0
07ac6540e3d5e9c83128127d89d5dca5ffbda30546f06ae746dbf0eebfafc5f3bd12a4f87ff9a679234cff5abddcb23a933039e151529de8fdd26f1d60988e47,RAIN,"DARKNESS, LIGHTED ROAD",WET,FAILING TO REDUCE SPEED TO AVOID CRASH,2.0,27.0,2.0,2.0
07ac78368341838b0a7ce113dfc560a3d0398e73d9c869cb97f66197472c89b56df64d452d7eab74bb2cbedf906f2ddc5fab957adbb21c951d96537d79de391c,CLEAR,DAYLIGHT,SNOW OR SLUSH,FOLLOWING TOO CLOSELY,2.0,38.5,2.0,2.0
07acb1d484e4c78c22307e80ec0daa51cb4f40a049985638c185c765d516a666790f66a9ac4dee8b480c84eb9f0ec2b5486eb3f9897abdde0b411eadce9d41d0,CLEAR,DAYLIGHT,DRY,FAILING TO YIELD RIGHT-OF-WAY,2.0,72.0,2.0,2.0
07acf04051d28231a2ca87ec3682d78d06bb0aad5bd11012cdd2d3e4ce0d194d3d20b05cb77d956bac11a32e5e9c0c262bce05ea49ecf67accd3e7782e9e14b8,CLEAR,DARKNESS,DRY,FAILING TO YIELD RIGHT-OF-WAY,2.0,46.5,5.0,5.0
07ad010b4337a7f094565d1947573a827b0601e637ca2ed5600c25f6fc7098eb94ffbf90b63896abcfef7510261a3b83442d9317880da92beed55be603123c64,CLEAR,DARKNESS,DRY,FAILING TO YIELD RIGHT-OF-WAY,2.0,28.75,4.0,4.0
07ad2bcaf6afcabb120ed43d7de13982249bb0e6b6400a719fa8a932cdd11e3942dbfc342479dce870afb9afea98fb0f187a0b2381b00a832613fee9384fa36a,CLEAR,DUSK,DRY,FAILING TO YIELD RIGHT-OF-WAY,2.0,28.0,2.0,2.0
07ad5f013baabea6c0fb50d6c76817c48655d7579b9f60f069897394aff09c20b13dfcb250209d767ccc904c6864826d16701d1100a970c730f9357c84e7b390,CLEAR,DAYLIGHT,DRY,IMPROPER LANE USAGE,2.0,37.5,1.0,1.0
07ad64d79f55f8f16f47661ec8c0ec0020496b1d3684cafdf27478c903277d4cac18619dd6f62de20bde9584dd9007c117d3e64149b46fc345ecf7375fb7488a,CLEAR,"DARKNESS, LIGHTED ROAD",DRY,FAILING TO YIELD RIGHT-OF-WAY,2.0,29.0,2.0,2.0
07ada22b9444bffb00ad18b2c894f86df0de8ea6f45a2bb2ad8819f1899a2c278681b2dc561554e48375e91b0df96da7169a7f47e35c265238926c2507138464,CLEAR,DAYLIGHT,DRY,FAILING TO YIELD RIGHT-OF-WAY,1.0,31.5,2.0,2.0
07adb6bd5d2e6ef555865c3e923d6306fa18570130ce7aa7c0bca419b3cb249c4f5dc3083d7993c246c58eeb4ac7c0d649d9dbd33e78d84b5870a0c73126c2ca,RAIN,"DARKNESS, LIGHTED ROAD",WET,FAILING TO YIELD RIGHT-OF-WAY,2.0,29.333333333333332,3.0,3.0
07adba6c9d63ddcf8cfc23e5195972782fa0686b93f79ccd2948ba676b9d0808cc224c65d7773a10b0b2e549d4203c25b5f24bbf548c73c5f699d0822b5e69d6,CLEAR,DAYLIGHT,UNKNOWN,IMPROPER TURNING/NO SIGNAL,2.0,50.5,2.0,2.0
07adba984f78e5d93087b02eade906f3aacacdac0ca39ed1caa70bb56eb2ee8071e18ca8741e5ce484566d554579577ccb87ac505b89ffb162c53fd49a260281,RAIN,DAYLIGHT,WET,DRIVING SKILLS/KNOWLEDGE/EXPERIENCE,2.0,24.0,1.0,1.0
07ade09e398a118875d7eea4e29413f2c9ac7f054cafe741fdf55af43fd2f90e14f64691313eac26421b6e89cb936a453429979eefd23021558676a4bffc954a,CLEAR,DAYLIGHT,DRY,"OPERATING VEHICLE IN ERRATIC, RECKLESS, CARELESS, NEGLIGENT OR AGGRESSIVE MANNER",2.0,58.0,2.0,2.0
07adee7aa069d79634a2ab6b5544f2b87015719e5bf381b312fbe854924f5f3c066baa064ff1a6612a730221482e23bbe600a35dab66f65b6f7776e726c8328d,CLEAR,DAYLIGHT,DRY,FAILING TO YIELD RIGHT-OF-WAY,2.0,27.0,2.0,2.0
07ae47684fa3dbf6e69ab5531e24f82bce43e1c9e3b63af20051aa617d7b5e522eed79f07e8a1dc13abb79ed4b5e7b726c4e5a57c9c5189418fd0021edef4183,CLEAR,DARKNESS,DRY,ROAD ENGINEERING/SURFACE/MARKING DEFECTS,1.0,42.0,2.0,2.0
07ae960a48ad093db6afcac96bd3e50d0a46c85151497622a583c3fecf685c3fc4d8aa201949007356492cecb44ddd4a05935339da5cce9a570ce9c686b5fe14,UNKNOWN,UNKNOWN,UNKNOWN,DRIVING SKILLS/KNOWLEDGE/EXPERIENCE,2.0,37.5,1.0,1.0
07aeb6f35a218ca8a51583d1df89a503c6a94e1ac464e1b7062d3d83231dab32ed8f46550ad7e2880f4e979d7ac7ab88ec3018a3e9fe4658f92a058d15281e3d,CLEAR,"DARKNESS, LIGHTED ROAD",DRY,FAILING TO YIELD RIGHT-OF-WAY,2.0,44.5,2.0,2.0
07aed45a8262dc7a39ff1022a30b00a9f3cabf07fcc822967ef5d96b4ac161886ffa1ce053c4117be37a62d6c8a4bde3fb89c9907d861924da258bb6b08bcd2a,CLEAR,DAYLIGHT,DRY,IMPROPER OVERTAKING/PASSING,2.0,40.0,2.0,2.0
07aef7e680ebfa6e946d3cb0b09d65e8c1dcb5467868938f8d937621ace608bce2a47aa66eec8aa55528c402b23aa7c29d1dbe9992b50b264938a9955e3f87b3,CLEAR,"DARKNESS, LIGHTED ROAD",DRY,DISREGARDING OTHER TRAFFIC SIGNS,3.0,38.666666666666664,4.0,4.0
07af0e0bb1571b855e13cdd15a050a7807c73519d225e55f3f0349bc0184cfcd73fc18aca615589eda1ad7080001b3131912a15c1d5c6f9550c6887498037d8e,CLEAR,DAYLIGHT,DRY,IMPROPER OVERTAKING/PASSING,2.0,29.0,3.0,3.0
07af35d218df69e9b1c9f6b51bfb82382a2a013bb1adbe2502b4d193a30fd861ef414e81c5f1bdcf48df90d4bde7e2bf578390fb3e465bbbc3cffa65ed583bdd,CLEAR,DAYLIGHT,DRY,IMPROPER BACKING,2.0,18.0,2.0,2.0
07af49b6fdce501c20a284407597c4d4c19ce4e551babf2967ad2fcb3515b02c7e02e8a989e1c9928bdb5605ffd847b4adf6df917f53058a23d403240f9fbef1,CLEAR,DAYLIGHT,DRY,FAILING TO YIELD RIGHT-OF-WAY,2.0,36.0,3.0,3.0
07af4d145389fcdc37faad89a86cdd154835f69941329358ce7f426fb718d677d3945db9143c97123821ede183798a2a6b39f30d9b653a5e4e76b62330dcbe68,CLEAR,DAYLIGHT,DRY,DISTRACTION - FROM INSIDE VEHICLE,2.0,16.25,4.0,4.0
07af92df118dadc94deec7aabdf3997c84f401029cd81b980d19aeefa8600a35d43dfdbca507e8c7f040b1438ba39e373252d71bbff6ebb17b999877516dd427,RAIN,DAYLIGHT,WET,FAILING TO YIELD RIGHT-OF-WAY,2.0,79.0,2.0,2.0
07aff321140c8f869b869beb3383725322164821dbeff3fa496bc3c57df638cafb034e0c1c6a37185f5549c639e5248262d600542aac0a1a96b1517048dd06d9,CLEAR,"DARKNESS, LIGHTED ROAD",DRY,FAILING TO REDUCE SPEED TO AVOID CRASH,2.0,51.0,1.0,1.0
07b037a9f22c6433685cc0d6c83dc361fda30bcf8de64e860daef15fb6a8df64aa899bb695bdee940941fe49c2848ec9836a8d63de11aae91b6606e553562669,RAIN,"DARKNESS, LIGHTED ROAD",WET,DRIVING SKILLS/KNOWLEDGE/EXPERIENCE,2.0,41.0,2.0,2.0
07b063562c063716e03aa20dba35e4dca5bc57868b53ecb46f64295b5c10d1656f787d5b7b2e71c7fe3cae47f636f276fc08cf242e9138161326274b2f4d52c0,CLEAR,DAYLIGHT,DRY,FAILING TO YIELD RIGHT-OF-WAY,2.0,80.0,2.0,2.0
07b0e401e5adbc008aa807a4f6b35c0067090ece7b214e618f3d2ada4a2e68b0786c712f8185a8db4007f9fb6d7a5045934ee61a5255a58aae1ccbfe8d42b87c,UNKNOWN,DAYLIGHT,UNKNOWN,"OPERATING VEHICLE IN ERRATIC, RECKLESS, CARELESS, NEGLIGENT OR AGGRESSIVE MANNER",2.0,34.0,2.0,2.0
07b12619b15bfe1a7ff59456e3d4823082408214687b6cefb489b93b4e6a3ef4254dac5dbceb475d5720f1a789accf62c37f4ea6109e6981e8901309d19bbfd1,CLEAR,DAYLIGHT,DRY,FAILING TO YIELD RIGHT-OF-WAY,1.0,23.0,2.0,2.0
07b14c74c4ff1657b555a84826696165136383be636f9c5feb18939362b152bcc28195aaf3014f83ce226d53b01fab61ae0d7eb62d979599a3c8066a40d0018d,SNOW,DAYLIGHT,WET,FAILING TO YIELD RIGHT-OF-WAY,2.0,63.0,2.0,2.0
07b1566a2efafb8bfc8df745b78f64039e5c4c4ab8664be7198849c182c4cc168832a555a5db260d2a2eb0cd0f7cbd8f47611e43834925c7f7c56c21859a606b,CLEAR,"DARKNESS, LIGHTED ROAD",DRY,DISREGARDING TRAFFIC SIGNALS,2.0,23.8,5.0,5.0
07b1653daac72f37e3784c9a45b55c807ee111e3d9ad1d0e5015108868c730722c07ab81dacda79dcf5100a4464fd458d34fd0983081b10556baaed2ba0a83f2,CLEAR,DAYLIGHT,DRY,FOLLOWING TOO CLOSELY,2.0,34.0,3.0,3.0
07b19a68e037550e9b057be1629ca95641655378a97deb2a49fe9eeaad290c70b2a1cff285cda255925ea868beef5457a0b559ff38b6ccbea4d294ff18ba7517,CLEAR,DAYLIGHT,OTHER,FAILING TO REDUCE SPEED TO AVOID CRASH,2.0,45.333333333333336,3.0,3.0
07b1d6082dd3b0e23f2ea2473fb22b2ce06ed84b10725e1707e9e9362d9cd37167f3a176ffa8a3ccee2da25c81463ff9583ee6ecba5ce04ca8f9802bec90da05,RAIN,DAYLIGHT,WET,FOLLOWING TOO CLOSELY,2.0,64.0,2.0,2.0
07b1db922fc349ce502e0bc3aeeb1bd9503ecf59f63185e79dd69d91d0f4ff01841b599a04a0558ca35c157db71394c475a86280007479de889fe7f55095be0b,SNOW,DAYLIGHT,SNOW OR SLUSH,DRIVING SKILLS/KNOWLEDGE/EXPERIENCE,2.0,41.0,2.0,2.0
07b1fb652f2877b76b3ac84294cdcba440df84f7112ad2a553b63c7d432b8c014973abde4d3b8929823c00c3eecbe2a2a7168f63d46dd3958a8235529c897140,CLEAR,DAYLIGHT,DRY,IMPROPER BACKING,2.0,45.5,2.0,2.0
07b20988936e6eb57afefef9af2c2984abe8d273461ccf348a5099b9caa2b40e71484be406f75200ecb3a760cf9a135c05dace49609423147007202748069445,CLEAR,DAYLIGHT,DRY,FOLLOWING TOO CLOSELY,2.0,48.0,2.0,2.0
07b2289766a5c83215fc795cd70c088e33e2e9830e00bf2b7f32ffb47f68a466528c1ffe8522d311becb999429877f16ab5d4446db81ced109931e926bdd8d5b,CLEAR,DAYLIGHT,DRY,FOLLOWING TOO CLOSELY,2.0,30.0,2.0,2.0
07b235ec9b8c10f9fa6097f9f9f64ec3055614aaae6399180698033fd2b962c3375816327279301915f94a3cf7dc18db8a058e033beecc81171afe28bb0b8574,CLEAR,DAYLIGHT,DRY,DISREGARDING ROAD MARKINGS,2.0,46.0,2.0,2.0
07b24c22576ddd0c67d4d943be1eec0dab0901bb21862fdca61bced7b376623711e4e66b1261b547e523694f6cfa937756d0fc730af94621b1407d4075cb2a3c,CLEAR,DAYLIGHT,DRY,FOLLOWING TOO CLOSELY,2.0,52.0,2.0,2.0
07b25c0669eb71b550358dfa280e64ddb32b667d348dd6caba34383de1ca9169b27e914aa5239bbd0396c6767b28ca7314b10ffb9062e30a9039a2630cf50902,CLEAR,DAYLIGHT,DRY,FAILING TO YIELD RIGHT-OF-WAY,2.0,39.5,2.0,2.0
07b26840beaeab41f8ce12291f029d70ee310fd2b79fa83e69dab13e9da4599cd5d0096fc084949e7bf3adbe982f680a33ed3a4fcc01aeef793669333f44c3fc,CLEAR,DARKNESS,DRY,UNDER THE INFLUENCE OF ALCOHOL/DRUGS (USE WHEN ARREST IS EFFECTED),2.0,41.333333333333336,3.0,3.0
07b2855c236697396502e0efedd1f8e1a461ffcd70810d0ea02008b035cafcc5ec3ae250abc164d904c082ac06a6c049ee46c2f17b0d794fd1317ac05d592dd5,CLEAR,DAYLIGHT,DRY,DRIVING SKILLS/KNOWLEDGE/EXPERIENCE,2.0,47.0,2.0,2.0
07b28869be7b9737f7bb356bc70e4fc733a7028221e0242cc82c23fe828524639cdf4c77e647d97e28f5cca993231d0c7c88f51f146ab49f4f8e114d2c451795,CLEAR,DAYLIGHT,DRY,FAILING TO YIELD RIGHT-OF-WAY,2.0,46.0,2.0,2.0
07b2a26a45bb96e5770e578d8e206e9707c1a6b5e2a234aac8e14f26c8832a8d80fb7ac4ee84eb78fad1bd9b73caac3910fec6f068ff0c8a1b4f794aaef5777b,CLEAR,"DARKNESS, LIGHTED ROAD",DRY,"OPERATING VEHICLE IN ERRATIC, RECKLESS, CARELESS, NEGLIGENT OR AGGRESSIVE MANNER",2.0,25.0,4.0,4.0
07b2e39f19cf23dae3a56718570a9dea9cda9be89bc085d28ba4673d05a8f662dbee5cf1a7741b46e964b93daabbd97227897981e1badbf5f45653fd46d9f09c,CLEAR,DAYLIGHT,DRY,FAILING TO YIELD RIGHT-OF-WAY,2.0,52.5,2.0,2.0
07b2f728a303dc89d64b2cc7b8427b654b8a02f429d7406e6d05d99c9db6a536edf33fde0c0b1fe374885e3a50ced52d6bfaf2f3e0e4b18ee87f57c0a7f84859,CLEAR,DAYLIGHT,WET,FAILING TO YIELD RIGHT-OF-WAY,2.0,27.0,2.0,2.0
07b31bff0b26b173026361d82e856804a74191d26e5aa59a6a2d00643c72112b41cb501e84eb69a93071d0bccc759e8b0f6ca57ff0205eef5173c170ae335132,CLOUDY/OVERCAST,DAYLIGHT,DRY,FAILING TO YIELD RIGHT-OF-WAY,2.0,35.0,3.0,3.0
07b34592d29adb9d0ac1fc2421fb5b54b9886ca67166771e827b7f90df20765a889897cec51a5f288dd1f7fd4a976dfd241a03baea168e4ea812e4b7153f6972,CLEAR,"DARKNESS, LIGHTED ROAD",DRY,FAILING TO YIELD RIGHT-OF-WAY,2.0,24.0,2.0,2.0