crash_record_id,weather_condition,lighting_condition,roadway_surface_cond,prim_contributory_cause,total_vehicles,avg_driver_age,total_people,total_injured
07b3589a61754fd1f438a4fc7199eacc6ed7313e924c017cd956cd0f1d5178fad3d84575edc39106b35e6a91716f406b4a18a8978c3c2be7bc1806e9a25f0090,CLEAR,DAYLIGHT,DRY,FAILING TO YIELD RIGHT-OF-WAY,2.0,39.0,3.0,3.0
07b35ac64d2e8ac81778b538abddae74e8049584ba8123c1c2a6e3b113d61e624b635cd526a0b16beb729594dfe52071207100821527dff77303073f9fa1954f,CLEAR,DAYLIGHT,DRY,FAILING TO YIELD RIGHT-OF-WAY,2.0,47.0,2.0,2.0
07b3621a45aab43804d34d2f8d9ca40ebf5d148f6279a18449b402aabca5a52dd8b342121ea2e90d438fde857fe9597e0f54c5a32cafaf1ff526a58b739f1003,CLEAR,DAYLIGHT,DRY,DRIVING SKILLS/KNOWLEDGE/EXPERIENCE,2.0,28.5,2.0,2.0
07b390a73acd1596ee60e83a9f0380b46f3d5ee723b4283d61afb5202727ff2ea759da5c5ff889f9fc40aafa09293a0ba3d38c479b0dd68b744fb3ba4cc7927b,CLEAR,DAYLIGHT,DRY,DISREGARDING TRAFFIC SIGNALS,2.0,63.0,2.0,2.0
07b391a94917b089541c5aa85298c76d0bf1870d9bef749e5c58f2dfe222c306171b852f45b2c43efd9f4d0508e2dd197db1cb6193918c5beae9ff2bdaa5fec7,CLEAR,DAYLIGHT,DRY,IMPROPER OVERTAKING/PASSING,2.0,26.0,2.0,2.0
07b39a737d8cd5d43655d27306400a111679fb8f7db83e5e8f1de875af5ffa4c000d7de6bd9b09e5c34386731abdcbfb8f6180fb3e35ea5e7596c7c3525aaf6a,CLEAR,DAYLIGHT,DRY,FAILING TO REDUCE SPEED TO AVOID CRASH,2.0,37.5,1.0,1.0
07b3a45e524b17fbd611d7d110a447e11ce9737d66f3eea575172a9209cb787cb3c81e4913c15f2ce0fc56b236d4299b88e0f4ed2fd8837073eae60d36fb7dc6,CLEAR,DAYLIGHT,DRY,FAILING TO YIELD RIGHT-OF-WAY,2.0,39.5,2.0,2.0
07b3b0f76dbd3c74d9d3443f522032f227b4e4661a4c075e54eee6a36cfa848393e8ed6ecd93450b8a407c09da33ee66272705848fd7a3c24eed89dd93bb2c35,CLEAR,DAYLIGHT,DRY,IMPROPER OVERTAKING/PASSING,2.0,39.5,2.0,2.0
07b3bd66a5e029e3ada4627cc52b012217d67676e83afea10e7b4444321663e683695e036fc1ca79e2ed659ab4774c1436e10fc68eb8de621472c56e51942e05,CLEAR,"DARKNESS, LIGHTED ROAD",DRY,FAILING TO YIELD RIGHT-OF-WAY,2.0,36.0,5.0,5.0
07b40060c60f16485d61eb99e6cc28f7f52638cf0414b1f7ecc7aaf3f50b828fda0475020b17cd0bbf260f0925bfed574596d63b3cb3c85af4d1c310e96f2ab6,CLOUDY/OVERCAST,DAYLIGHT,DRY,PHYSICAL CONDITION OF DRIVER,1.0,60.0,1.0,1.0
07b418aec5c7a312a81ba09adfb57e1485532b18724cc40bee6695895fd4193b920ef74b0e4bfaf2b12964a562b1d49b4d7af3ae06114492b44f108e5b8d6f97,RAIN,"DARKNESS, LIGHTED ROAD",WET,DRIVING ON WRONG SIDE/WRONG WAY,4.0,44.5,2.0,2.0
07b4418af952cf6301d0a5f7c789f5ec9b8b7a4e42957f0e826255795b465c08c14a014f3baf9dd3b37f9c7c6d66b194d5400fd8931244ffdbe78e1a3e0c3bc3,CLEAR,"DARKNESS, LIGHTED ROAD",DRY,EXCEEDING AUTHORIZED SPEED LIMIT,2.0,37.5,1.0,1.0
07b46b191c90df8e86655f754fc1517e1b8f84086e3ab2fc51933964fc9110e5c2c619f4956363919c4ad61f13556d7c0fb5870b73d15d150e2ec0f037cd514c,CLEAR,DAYLIGHT,DRY,FOLLOWING TOO CLOSELY,2.0,42.5,2.0,2.0
07b48c9b027772b1492a7d3a963905f2d4afd0b59f2c09a115bcee769bc465310c3a338ec6ca5034ba8a09437865803102beee7dd259dbd751e506ab1541b115,CLEAR,DAYLIGHT,DRY,FAILING TO YIELD RIGHT-OF-WAY,2.0,34.0,2.0,2.0
07b4a324e23e2138d9ea6cf2ad4e32bb5b49ac7006da6482dc2725a04eab6e8f1e0fc4dacda79033143e11d43f286776b3039dacce831c9937288c986f06dcb6,CLEAR,"DARKNESS, LIGHTED ROAD",DRY,IMPROPER OVERTAKING/PASSING,2.0,34.0,2.0,2.0
07b4c8e248e7101bab79e7712e11d225383fab476d57af138739fa7f4e4966f32050722c7c83d997178250a01897a312708fd8ddbe8f7acb99bd6989c2eb5d0c,CLEAR,"DARKNESS, LIGHTED ROAD",DRY,IMPROPER OVERTAKING/PASSING,2.0,30.5,2.0,2.0
07b4d726c30ac51d8ee6f36ed2e95965dbf81f9906e8f63728467d2017fa48ca37320d4693badc7e254d53b6fa4231327e0d674c8c67f45e138b74593d1756f3,SNOW,DAYLIGHT,SNOW OR SLUSH,FAILING TO YIELD RIGHT-OF-WAY,2.0,69.0,3.0,3.0
07b4ed5403880c230e6bc0aef2867909c60c1c3f976c20f79d2205f8da742838b300e5cbf5dd9a792dacc9f2e74470650ec7505a7bb3efec47a8f852b768de79,CLEAR,DAYLIGHT,DRY,FAILING TO YIELD RIGHT-OF-WAY,5.0,21.333333333333332,3.0,3.0
07b521306135d4ce306adb8fc31c4fdf0e0184ecb8834dd8af70aae57685661fe24d06c484a90874204cece1cdd3589daf46edca719a012df95dd2d9e4516ff9,CLEAR,DAYLIGHT,DRY,IMPROPER TURNING/NO SIGNAL,2.0,26.5,2.0,2.0
07b5314546ae4abae3dab2ecec5008c2fb3d88e3fbed474174279436445ae1e941e1acbf93cb72ea8433fb08d286a41367b2eb10c5a4dacbe56d43101d642c8d,CLEAR,"DARKNESS, LIGHTED ROAD",DRY,EQUIPMENT - VEHICLE CONDITION,1.0,21.0,1.0,1.0
07b53cb1dd050035cf3fe0a75dfabcd6c212fb4f967722753a3dc26144f3dfca9c2c1de37fa0c26c37dd6adcadb6bc1b134993fad7c8a23e43672dac699d9741,CLEAR,DAYLIGHT,DRY,IMPROPER BACKING,2.0,49.0,2.0,2.0
07b53e8cb956e0ad963fc3d0485bea7f55aa8dc4a894dfeb5ac5886664fc882fce7be2ec80ae4771c74d5a964f11aaef2fdb45fb808d9403ff3ed74a96815680,CLEAR,DAYLIGHT,DRY,IMPROPER OVERTAKING/PASSING,3.0,23.0,5.0,5.0
07b5944b4789099404e7329f92a95a23c6051c718c6ee4a04c79c87e174196ebd4ed210f62582c44c7a733eb82c83197dbc036133a172bc47a6551e4e92dd527,CLEAR,DAYLIGHT,DRY,FAILING TO YIELD RIGHT-OF-WAY,1.0,48.0,2.0,2.0
07b5e64808dafec861907f400fa1bd4ca6319c1a62346b9ea93cfd1396178ca9adebbadb55b23c9441ab969f898643f4a48bb2273f67b0588d502cb393c6425f,CLEAR,DAYLIGHT,DRY,FOLLOWING TOO CLOSELY,2.0,44.5,2.0,2.0
07b5ec0493f2e2ad16571db5bb3c0a49542097aa6244a0df10cf9838bd052f47b640938264540be7de4699d4eabc4a2f5924b3f95f45e8d8a5efc678f918401b,CLEAR,DAYLIGHT,DRY,FAILING TO REDUCE SPEED TO AVOID CRASH,2.0,37.5,1.0,1.0
07b613a6c75f11ddab7f5575f79db564111dfb0a88fde5bd6892db650ee8f3054637677444aea877594b48c0591f2a6fd58daeed9628e1b8f7eef753bd02614b,CLEAR,DAYLIGHT,DRY,IMPROPER OVERTAKING/PASSING,2.0,36.25,4.0,4.0
07b61b94a1deb3ab35f8dc702338dad2d269bc4ba8f7cab1a587849b35386f7420789a11eb760749f6cdf91bb193f9f98b2364f32ec4d4a78c54f1619a4c104c,CLEAR,DAYLIGHT,UNKNOWN,IMPROPER BACKING,2.0,25.5,4.0,4.0
07b66baad2462eeb6d7a62d4edd523940e71ca9ed98fd28f21221714f5196db2858bffa0bb9e55f34a9ee81b245487749ba0a70effd8fb9ff278e97c6bdb2311,SNOW,"DARKNESS, LIGHTED ROAD",SNOW OR SLUSH,FAILING TO REDUCE SPEED TO AVOID CRASH,2.0,38.0,2.0,2.0
07b6986c971e17a25a3f319f19500837d16c78b04ec87d3e50211e8fbf8ed3b6503e3efa2894f21e21c678b36ffbe015ed07380b4e0a5a113bed57740f6fde3b,CLEAR,DAYLIGHT,DRY,IMPROPER TURNING/NO SIGNAL,2.0,22.0,2.0,2.0
07b69a5a034f25d4500355040f50122b09dc4818129a94abe88f763f8936f681f71febd5d7efaa3048d6393a4b63c7a6e668a692400643b6bcdbeb95afd18af9,CLEAR,DAYLIGHT,DRY,FAILING TO YIELD RIGHT-OF-WAY,1.0,40.0,2.0,2.0
07b6e04c4110091dbae1d4c018458c010ac7b3c2b32a5e83ea646d6034416b2d6e1246f265ba816a03d7055f901386f03a53f158da65430d3504b2ff993fbfce,CLEAR,DAYLIGHT,DRY,FOLLOWING TOO CLOSELY,2.0,28.75,4.0,4.0
07b6f7adaafae21cfd089b64c03b9608c84df3da8d2df3fdedc85be705a48623a1c194052ae24a7bcb6dc994e653deccf96f84162dc1f20fa9617cd457fdbfed,CLEAR,DAYLIGHT,DRY,FAILING TO YIELD RIGHT-OF-WAY,2.0,49.0,2.0,2.0
07b70dd7b0216bc92db05950f29315794a3a2f89aee3556bdf4422aec4e54981d048e8abe875092109299a647077e70bcaa8e36abcf3fb105a2421a345e2cd64,CLEAR,DAYLIGHT,DRY,FOLLOWING TOO CLOSELY,2.0,28.0,2.0,2.0
07b711ab0dbdeb0218f1cfac88a279dae76c05a8fa9331d45686d649c107746b074f66e6efb49662e12812f6a0fab73583c059554bbe1f781f2497c8c31f077e,CLEAR,DAYLIGHT,DRY,DISREGARDING STOP SIGN,2.0,48.5,4.0,4.0
07b7138be3ec12cb2d903031e5eaea0040e1b294acf4f78fd0dc3f31477d8d30be62d2547dc6a65ee10c78d7c2af29b869354a8faf48672880c7f76abca01e67,RAIN,DAYLIGHT,WET,FAILING TO REDUCE SPEED TO AVOID CRASH,2.0,59.0,3.0,3.0
07b73a8bf7f727e7b92958613855e29b1bc9c246be26d52af9d69c6a3e65c15012c5a39f214a89444a033d431f2a4308618e70a7179c43a645c0eda10913a5ba,CLEAR,DARKNESS,DRY,FAILING TO YIELD RIGHT-OF-WAY,2.0,56.0,2.0,2.0
07b76d4ade6948e37eec8d75a0b366056a4d859cc7f4285d96b06e0a57821b3ac68adcf8cae0232a8feedd2445d388572b295290187dd0278758b91650600c29,CLEAR,DAYLIGHT,DRY,IMPROPER TURNING/NO SIGNAL,2.0,25.5,2.0,2.0
07b7780fd1fbcd21829bde3bd45afed1fe90975a5704671a2a0d024045d6f67f250e6fa4928a84c91f6075b1583953d0448ae2ed0e218529606ff54e5f6780cb,CLEAR,"DARKNESS, LIGHTED ROAD",DRY,IMPROPER BACKING,2.0,58.0,3.0,3.0
07b784baaae94c2f46c82a5f4b1fd70cfe403cba87ec927458127b13e71326a2980bc09d82c04c5fdbfd1e9fa3f9d25013c5f44059e522845bf9a99564a1b0f7,CLEAR,DAYLIGHT,DRY,FOLLOWING TOO CLOSELY,2.0,56.0,2.0,2.0
07b78b9cafa9ab7c114a70b04e8442e1b34fd52803568a0b52d58006b630340900a23c30b5323effefba53c422bf3d67efcd19485b9a9dd98bdf9ef829d86540,RAIN,DAYLIGHT,WET,WEATHER,2.0,53.5,2.0,2.0
07b7b542bf045b806382f5f87265cdc4424e9f2b0274fd75d0675209db343cb858852be45510969871b287a9e2c48b117b1621a58a3c021ba408ec84e948e20c,CLEAR,"DARKNESS, LIGHTED ROAD",DRY,DRIVING SKILLS/KNOWLEDGE/EXPERIENCE,1.0,48.0,1.0,1.0
07b7c67c8f1ca8140a0be9b40969b9c1fd2457228647308b92783f6203c54b57ddc1e2d9c7d38239f50129a3b5bd9f2ebadf2d31f75078faa774b50269d1855c,CLEAR,DAYLIGHT,ICE,WEATHER,1.0,49.0,1.0,1.0
07b7eff6829bae8618d00d28290207eecbc959d49655925451ed2c9f3b0a6b30c2a009e5efbdabb352de5d101faaef11985bbe2501e9a65dc42b067a922a1fe0,CLEAR,"DARKNESS, LIGHTED ROAD",DRY,FOLLOWING TOO CLOSELY,2.0,56.5,3.0,3.0
07b8389a0fc178c1e3dfbc3759589fe61825896ae332a788ed1f71534993c92ea372c0e27a8c19fb15c9f450a09855731ee11c15e555937dceefe52f7da90d48,RAIN,"DARKNESS, LIGHTED ROAD",WET,CELL PHONE USE OTHER THAN TEXTING,1.0,17.0,1.0,1.0
07b8764068f19ad534ac1e3b8d3c362dea12c0b08c6df226cd92d602f96535891d3716290d467be1af5c807cc8d75829822f1263df66a51c56715d2cb4174d71,CLEAR,DAYLIGHT,DRY,FAILING TO YIELD RIGHT-OF-WAY,2.0,38.333333333333336,3.0,3.0
07b878013eb83334f5df7e9eda3e2d5def06eddbaa62c67941db4d960e3cc6160b6b44bb5c6d32c4e47a927a718ac79d041f46710e844bc496d94ea812e0ae15,CLEAR,DAYLIGHT,DRY,DRIVING SKILLS/KNOWLEDGE/EXPERIENCE,2.0,0.0,2.0,2.0
07b8b5608dbbe819d6677e5abb0c64e0718a2e234cdbb6e3ad96535c1d1cdc18876f0a57164f1e691c1f0b16f8d2fc7574b90f50f515663fd950eb60e0122c72,CLEAR,DARKNESS,DRY,FAILING TO YIELD RIGHT-OF-WAY,2.0,52.5,3.0,3.0
07b8ddefb43a25ea97e7c3d5eea3432d7dcc66102fe7be1ee1f9ea9be103487655646e917b07cab9abcdf4c4cdd7fc174326ae01929d2ba42514f96f2b1a42d5,CLEAR,DAYLIGHT,DRY,FOLLOWING TOO CLOSELY,2.0,20.5,3.0,3.0
07b8ffa3f52a4c06fc7ac6c0421f802095af42e2db7424b10553acae5093f57c5edb7ff7931e96064bff688b36a288ea4ac30b0c9cf7851ae3d1ce9190635b82,CLEAR,DAYLIGHT,DRY,FOLLOWING TOO CLOSELY,2.0,45.0,2.0,2.0
07b93eb6207d3cf381dc082370a2f0ce60ffeccd3155d26548c5332ddfa1e44d6e0c53f47a2e4e18e2070bd8e2c88b187024c6ac5e278d8d5e03d9d46654c769,CLEAR,DAYLIGHT,DRY,FOLLOWING TOO CLOSELY,1.0,22.0,2.0,2.0
07b940fd1e3177b4734a5418614d0b73701a52a2365a6a6830c0e816d1048ae2ac67273f8e1d1b932449640be528af4550ca7cec2794d9128aba6529f7955291,CLEAR,DAYLIGHT,DRY,FAILING TO YIELD RIGHT-OF-WAY,1.0,37.0,2.0,2.0
07b955320365918a8563d6b62186b026e2dcf9f2a882d617d1b7d88c572b665cb64c3af0d5dbf702703241f73a80a6ea3aaa88fa23064e2b2de589667df3b948,CLEAR,DAYLIGHT,DRY,FAILING TO REDUCE SPEED TO AVOID CRASH,2.0,36.0,2.0,2.0
07b960c598d14ca096e49c1e0a5d7cd932b8ee7e075a81c59f36bad9670f01bdc04e440803248a817ca60c00bdf34ae5471f601757e9c84e55a643cf79254d8d,CLEAR,DAYLIGHT,DRY,FAILING TO YIELD RIGHT-OF-WAY,2.0,33.5,3.0,3.0
07b9652b7614caa4fc18bc6743906fbdd434c3953b86f62a72dd22e64c01c206ce661af3aee84388896d97e6f1b616fc726d5d1c24bcdb69300bcd7a78a569ad,CLEAR,DAYLIGHT,DRY,IMPROPER OVERTAKING/PASSING,2.0,37.5,1.0,1.0
07b97fda06e519ad636608dabe831026a8e9540d0141b1d2df778720d78a00df42cec941cb545e64e40e15dbff8098ca728564c823d8de41da068df5436a1dd6,CLEAR,DAYLIGHT,UNKNOWN,IMPROPER TURNING/NO SIGNAL,2.0,29.75,4.0,4.0
07b98b007f6db8d41bfee2eced4799d085cd2b3db7e87d4dab5946c284b7e7ee9750fe01ef5220e852b20f92e44d2bcd40e0337512022962d3d19579379628ac,CLEAR,DAYLIGHT,DRY,FAILING TO YIELD RIGHT-OF-WAY,2.0,40.5,2.0,2.0
07b99288bb91386ce3700a24f4913106a9eaeb0bcfa784fad14366881a1ceb7c6c6fb19d356a69d425a98b743c77f5a2c7ac74bb253fe286667b92e3cbe35d57,CLEAR,DAYLIGHT,DRY,DISREGARDING TRAFFIC SIGNALS,2.0,34.0,2.0,2.0
07b9971b82671ae3a9241abe22cf3c2138025de1a5c5517bf8d0c05ea19d0dfc50a571763b09826db21933589bfe21f70cf6fac82ef0d5e17b132a955b4b09ff,CLEAR,DAYLIGHT,DRY,IMPROPER TURNING/NO SIGNAL,2.0,41.0,2.0,2.0
07b9bb4e15fef6c119df1bde82358f5c1a6685c5be2fa1d7c9c619c188b19dd5902c21286bc8cfff62e891a70956314f1b2b9c90f8b0b072569c1ee077852a0a,CLEAR,DAYLIGHT,DRY,FOLLOWING TOO CLOSELY,2.0,31.5,2.0,2.0
07ba0934ac3f69c738786ff76bcd553c23b084c22e68d2c9829a29c246e8bb636abd524c73f480c268f1f1471d3db73f1ee8abf8b573cd4914384ea3441f085c,CLEAR,DAYLIGHT,DRY,DRIVING ON WRONG SIDE/WRONG WAY,3.0,26.0,2.0,2.0
07ba6e9469e5d21d4f1014af7bee839acb027f8971e9dc7cf32369316ef5875bdd0694d938f3af00912a95fd0aa4cbe2542115b0187b5fb83df3989f788c464b,CLEAR,DAYLIGHT,DRY,IMPROPER LANE USAGE,2.0,64.0,3.0,3.0
07bac497f3c4655296715fe9efa0c8d2206b6cbeddeb938947c6f30ec5d3ef2bb6171ed17c884fea5a6349e9d3835f9fd51faf8281f670761ce770edab2d0a43,CLEAR,"DARKNESS, LIGHTED ROAD",DRY,UNDER THE INFLUENCE OF ALCOHOL/DRUGS (USE WHEN ARREST IS EFFECTED),2.0,28.0,4.0,4.0
07bae97c8db55d1b58befabe0d87b2fe9b904f35d17b180ca592516fe0d4b4b312e5adaf0c3bf4975ecabd14de81307b62941b6fc1e8de7385d410de7fc754aa,SNOW,"DARKNESS, LIGHTED ROAD",SNOW OR SLUSH,FAILING TO YIELD RIGHT-OF-WAY,2.0,48.5,2.0,2.0
07baf2e0dd38b3568708b6857047ce91be2682359f21c9d7b383cabc3ff6f18b14bfbc85ef6d31a13637c72fa7599fec51d35d822bec39535f2446929db6c246,RAIN,DAYLIGHT,WET,FAILING TO YIELD RIGHT-OF-WAY,2.0,30.5,2.0,2.0
07bb1aa973d31feda7951b71a86d088ba9c688d7c99d9f49f922194612023d8220173e81d40415456a3c5051d0facfb88004829afe8a90e66c419dc4ee2da7b4,CLEAR,DAYLIGHT,DRY,IMPROPER BACKING,2.0,45.0,2.0,2.0
07bb80ffb0331e68565959f6af5aa2fcffcce933c3dd61a78355d177a8c6ca679a37b056d090d3810cfdfbe2aaf6907e1c4e77e2b38a550bf5bd9b2513fc8d91,CLEAR,DAYLIGHT,DRY,EXCEEDING SAFE SPEED FOR CONDITIONS,2.0,36.0,2.0,2.0
07bb89bc09fcc561ebb2af909f04c4ed46153aa11b870a631452ac778b2231272bf20accfc926c26fe8b5d9b0e67911a62b09aafbe35173c41ba9fa154cc3f37,CLEAR,DAYLIGHT,DRY,"EVASIVE ACTION DUE TO ANIMAL, OBJECT, NONMOTORIST",3.0,49.0,5.0,5.0
07bba7a447e539f0ff7d7fc9a8313cb985d522f72f53361f5f5e6f4843b39bc429bf7239c632be40e8b209c7efdd71e77e71fea9f2f3cab14ed79737b85ea201,CLEAR,DAYLIGHT,DRY,FAILING TO YIELD RIGHT-OF-WAY,2.0,22.0,2.0,2.0
07bbd5ef6df9f6e4e696ccd55d16c9c6c1ae52ab0c826cefa71a26db98d4ca12768c541bca08f92b2d344c1d45c4efb1cecb7260a5c29fc3942dcd7d4efe3cf7,UNKNOWN,"DARKNESS, LIGHTED ROAD",UNKNOWN,FOLLOWING TOO CLOSELY,2.0,37.5,2.0,2.0
07bbe6a083131cb10da35626f0ff540f02263543534a63d0daa0dd9a641ac1292b0f30ab35386c9e326d9cbda6fe74dd0d7dfbb94e36ecf4565bf5536e8e9e8a,CLEAR,DAYLIGHT,DRY,DISREGARDING TRAFFIC SIGNALS,2.0,42.0,2.0,2.0
07bc1355d5b9691f6b78ff9d4f146bd3f1eee639af230232eaa1ab42b4e54209a89161d2a9eeaa30f6f3fafc6a4fd13e98b923028ed55c281c7e7d4d90608779,CLEAR,DAYLIGHT,DRY,FAILING TO YIELD RIGHT-OF-WAY,2.0,51.0,2.0,2.0
07bc51213e6cd4e6f246e3df894fbe23889ddb2cccd5c29372e5c18cf5d703346f5e08d9777ab78ebf03ae7c21cd6339d37c12aba493f4803d4516138c8e2860,CLEAR,DAYLIGHT,DRY,"VISION OBSCURED (SIGNS, TREE LIMBS, BUILDINGS, ETC.)",1.0,22.0,1.0,1.0
07bc6573e1a43cde3e1a1e4dbe0a4ec1a3ff08abc17ffa04c858989b089365fb96b16dcaef612e0ee5ca6d980daff9c6419a6a0029674a95d186bfd069a452ce,CLEAR,"DARKNESS, LIGHTED ROAD",UNKNOWN,FOLLOWING TOO CLOSELY,2.0,29.5,3.0,3.0
07bce2d6bb689262fbb50e1547d0e3d70129c2c2033eb195fe0a5729a664fdeb64f6502dc3ade2c0cd45a26f9ecb4d7aa1ce04cbec4474113e726c4946a49adc,CLEAR,DAYLIGHT,DRY,FAILING TO REDUCE SPEED TO AVOID CRASH,2.0,49.5,2.0,2.0
07bcf3d6fd65e1c3f34e2c71365b8a2a2e64ed1f00ff0a20cbcbf70c11b1a0651611802b2836c3bb6821ebb58bb14df9a85be881f8448c515d44e8bda19959d3,CLEAR,DAYLIGHT,DRY,IMPROPER BACKING,2.0,35.0,2.0,2.0
07bcf5ca70b603353443091b4e6462bb321757746c0c49d14313c48f3733ebe156d63d628af3cbc16826ccfd9cfa1bbbb7a60409c385e0dca12ddbb0ce836ed7,CLEAR,"DARKNESS, LIGHTED ROAD",DRY,DISREGARDING TRAFFIC SIGNALS,2.0,28.0,2.0,2.0
07bd242e91f8272c696d23593268558cdb3fba63b47496958f0e09be7d77d3182374c7f79026bea43fe935422faa1e0eb98ad7489135f53c1e53f279441f4851,CLEAR,DAYLIGHT,DRY,IMPROPER LANE USAGE,2.0,37.5,2.0,2.0
07bd3b69aba0d67ede831926c01f9a0dcd0b507816a6bd73608e9fb8c76fb0e1267ab1cbda2dfe37201ccce49f9b4a16624d4d08154ec07efb16a787f994b101,CLEAR,DAYLIGHT,DRY,FAILING TO YIELD RIGHT-OF-WAY,2.0,39.0,2.0,2.0
07bd3baa054baf65a7b756a6cb62ac5aea2ffe69742ff3af5c4ec09d907ad7773833d0aab723eea380741795516b4b83f4dbe40b628c58a562f0396c2f54e931,CLEAR,DAYLIGHT,DRY,FOLLOWING TOO CLOSELY,2.0,0.0,2.0,2.0
07bd5837d00b5a3e39dc8f81ac7a37a78e02e232a9a3ee951ae338e007a6ba94cb6334710dc25ae708012178dee1c492c4a7165d8dad116b1cce1792ac472ec2,CLEAR,DUSK,UNKNOWN,DISREGARDING STOP SIGN,2.0,24.0,2.0,2.0
07bd6287412ef86ae71a8d33cc608dde46c13b3e804e806e41b6f5ace02a408ff6af8bd3912ccd8407e60abac6096e58c6cc682d1f4709c48359a28c709bf00b,CLOUDY/OVERCAST,DAYLIGHT,DRY,IMPROPER BACKING,2.0,29.5,2.0,2.0
07bdd01f7d93046eddc06409b7051e9c9ab5c76924e216bb00c1cd0707a46839ccb96f8d98cae80703537b38bc4143c36c4b09201e1414b8c96079df43b3b411,CLEAR,DAYLIGHT,DRY,IMPROPER BACKING,2.0,27.333333333333332,3.0,3.0
07bddd1729725fe4e388678d4d9ce7998619c9226730694f09dbe442c2597a04ab3932c67fc431bbc2e98ec846588ead97a81d9c40775248e7eff494b723be2f,CLEAR,DAYLIGHT,DRY,FAILING TO REDUCE SPEED TO AVOID CRASH,2.0,53.8,5.0,5.0
07bded8f6703d74d8beb07c14e3e31e91669eb3cfcc5953749063a51fc0b724370964201dc874fc350d45dfcc87bb6b854fe3199f66440a732812e4fff6a7a32,CLEAR,DAYLIGHT,DRY,FAILING TO YIELD RIGHT-OF-WAY,2.0,25.0,2.0,2.0
07be0993cb15d7bd2789d40f022187e2f4b4ee025fbfd0dd81c98338fe2f0a430dd974d386b037555987d18c7dd5efabbc2fd493c6156da895e001bdb8f7f4ea,RAIN,"DARKNESS, LIGHTED ROAD",WET,FAILING TO REDUCE SPEED TO AVOID CRASH,2.0,49.0,2.0,2.0
07be17f26c7cdc6589793b780e66d2772f9b01945bf98a25257e943e7faa008ce888dca0f057efd929bdbe247be25a2c7a53acde9e7b2b827fb2fa3db40ad7cb,CLEAR,DAYLIGHT,DRY,FAILING TO REDUCE SPEED TO AVOID CRASH,2.0,42.0,2.0,2.0
07be31a7deae150081964c14dba36338c4cf78856a6597d18d3ce3150befb49600a76b2dc59f73f722878bd6b29c74560ad3b57b24c4dd59de4717842b39c27c,CLEAR,"DARKNESS, LIGHTED ROAD",DRY,FAILING TO REDUCE SPEED TO AVOID CRASH,1.0,17.0,2.0,2.0
07be3bb6ffbbbe55e81ff66d828011e98d8507eaeb0624bda1a44be9462980262e104d1df7a800e674edece87419631b31856b689d017b84846d6ef92aeae23c,CLEAR,DAYLIGHT,DRY,FAILING TO YIELD RIGHT-OF-WAY,2.0,71.0,2.0,2.0
07be3faa1f711d6fb54e32fbf76b442e9d1697b359bf8575ee9d49324c0b64211c4df67bf2700fa67554ce7d70587b27fe2fd0cba78ae50535134c44238938c1,CLOUDY/OVERCAST,DAYLIGHT,DRY,FOLLOWING TOO CLOSELY,2.0,34.5,2.0,2.0
07be4f9253d576d99e5e1bfbfbcca6f877de9be097fa46b9c889accd4d0728e5979937de1093ada577638ef6241646a849b3d05d3dcf1fe5ea25de04de682a1b,CLEAR,DAYLIGHT,DRY,PHYSICAL CONDITION OF DRIVER,2.0,49.0,2.0,2.0
07be683c1976f4ee7dcb07e357e7d03250fbf4da4cfa52eb021ec74324c1f71d7196be31b7867ed7ae19f7e2377cd3fc4ea8c090ef461cffc0602d334c5229fb,SNOW,DAYLIGHT,SNOW OR SLUSH,DRIVING SKILLS/KNOWLEDGE/EXPERIENCE,1.0,36.0,1.0,1.0
07be6d54d9cd25184d394d411cc4e58317eaf3d79c2b31c41a4e58b2b8244e2bc642e2537379f27de2b8724cc4fc0212d0717f247dde7c0c9f262bbc2589c469,SNOW,"DARKNESS, LIGHTED ROAD",SNOW OR SLUSH,WEATHER,1.0,48.0,1.0,1.0
07beb68b7caa0989cc681377a8cf44c2e5e89fb39ccb3cdb46590359f0715bd92c00f7f384ea3939c8408273236cdca89e95c665340dc24c1fe93b3955dce8e8,CLEAR,DAYLIGHT,DRY,FAILING TO YIELD RIGHT-OF-WAY,2.0,20.285714285714285,7.0,7.0
07bebe144da5083b4a4361a629744bec4eee4f5d2c9fbbe6d11d19a887526a9e1f54a55da6eeb9e635949edcf0b98b5ef9a80347673f112b2e2af9e1282ec393,SNOW,DAYLIGHT,SNOW OR SLUSH,EQUIPMENT - VEHICLE CONDITION,2.0,25.0,2.0,2.0
07becba184c819b5312767b6a2f05d85a538f876a34ff2ffba8f03ef9e1da902997ad0cd3bc90052f9f528b723e3478fb7f5e2390a9aa8d7ef3577cb67f013a3,CLEAR,DAYLIGHT,DRY,IMPROPER OVERTAKING/PASSING,2.0,39.0,2.0,2.0
07bf23023dfeac433b87e13e0f7817b109cf7d1008fc2714ac5b5fa373c8d00e4a0fccbdb975490e3711ebaebdaebe2c3f8e0f2243bf4f1db0942ebc19353509,CLEAR,DAYLIGHT,DRY,DISREGARDING TRAFFIC SIGNALS,2.0,22.5,3.0,3.0
07bf5ab464665927adb66c979a5c47714bc3a9047e709942ce29af8c9c0a2ab6541e9f61d59e617222a775ac564354b4e57573963b19f0ffb68d3c780535b4b9,CLEAR,"DARKNESS, LIGHTED ROAD",DRY,IMPROPER LANE USAGE,2.0,51.0,2.0,2.0