crash_record_id,weather_condition,lighting_condition,roadway_surface_cond,prim_contributory_cause,total_vehicles,avg_driver_age,total_people,total_injured
07bf799a895a24987b4e0ba590b215b869414d14d078ca05375d996cf7567999df7df48c656d35d48e7ada81dc7bbe1e749456f088bee6aaf29f839ceb1bee8a,CLEAR,DAYLIGHT,DRY,IMPROPER BACKING,2.0,35.5,4.0,4.0
07bf82b97265f53786854983b1b51c6ed27ea74f9fd1bbae72141f61965961a0a2158bc2fa2c710964b10b934d71561ce0050864afe9ac12727856bbaceef92a,CLEAR,DAYLIGHT,DRY,FAILING TO YIELD RIGHT-OF-WAY,2.0,45.0,2.0,2.0
07bf8ede90d544d5d2e613c8f62ed6f7a6861374b3f77b26ba399c372fe5c16a11e57ffd5a6dd3d918a5a0d031495172eba74cceca72dd0f61792f4587c0ce9a,CLEAR,DAYLIGHT,DRY,FAILING TO YIELD RIGHT-OF-WAY,3.0,32.4,6.0,6.0
07bfa9cab35784d83702e5efc8722733ea297dbb5394f290fa9d981768d7cf31ce1c725e7c7fe60c12b608867947829498ea7d849ae58a834731f9098ee9d055,CLEAR,DAYLIGHT,DRY,FAILING TO REDUCE SPEED TO AVOID CRASH,2.0,28.5,2.0,2.0
07bfbcfbc1e2b86e7eebaf0ce9f64cfeb5031bee2ac2a6214c6c30cef0a03df8b70d3276c351d2d80e674bcc8062f25f5f402f14a7f5440c6047c469d1219fb9,RAIN,DAYLIGHT,WET,DISREGARDING STOP SIGN,2.0,39.5,4.0,4.0
07bfcc57625ab3b369f8ee2084c5782b9659cf6672b3cec9050987a5010d65de20b55856d1e45f0a1bd03b2e7004c4b0c4e6f9d3f9e3c0db364c8c6482fc6868,CLEAR,"DARKNESS, LIGHTED ROAD",DRY,IMPROPER OVERTAKING/PASSING,2.0,32.333333333333336,3.0,3.0
07bfe2068fa910d9ddf194c6adfb2496cda9030762599b4603b72dffdbd1f538f7ff758bc18549e80fedb4b4f3dc4fd023854a0f73d1ef07c85ab410bd1beb7b,CLEAR,DUSK,DRY,DRIVING SKILLS/KNOWLEDGE/EXPERIENCE,2.0,25.0,2.0,2.0
07c013374c9b3c9456b4f569dde7e76ef5c79e96313954365edaa24e20b23851f0d1785c59b75478fb7d55cc420981037428f847b89c386406489e36d206adb1,CLEAR,DAYLIGHT,DRY,IMPROPER BACKING,2.0,34.666666666666664,3.0,3.0
07c01faf234517eaa0d686df0e817b2d59707e6f1abe089eb848cdf6a50c0f6a75e2c92afd414652fd909c518a18ea0e5b280d535ea51effd4dd88c5326c498e,RAIN,DAYLIGHT,WET,DISREGARDING TRAFFIC SIGNALS,3.0,29.666666666666668,7.0,7.0
07c02398f989faddfca46a86f1b0e47e3801942edce69bad9dc0b2dc26239f474d5782cbd485df2c01f42b3e5a76a183c47dc3d77e537cc6564902fbe00a220e,CLEAR,DAYLIGHT,DRY,IMPROPER BACKING,2.0,50.0,4.0,4.0
07c028b5195594229fb7a43540a163e358a6eb033a6cca052c38d3dc8238a93c300984c991ef17c4e2935a374e0bf74d259514deccb97836965f3f9c8aa62d29,CLEAR,DAYLIGHT,DRY,FAILING TO YIELD RIGHT-OF-WAY,2.0,31.5,2.0,2.0
07c05ce3437ad8c1d4e207eb48aa71cfb7e3f27cd2cc0d088346b7a81c9541dfb73b47ae755ce0cee4b8ed17142baa9765c6f00c3ab79a5c70064615a0e1405a,CLEAR,"DARKNESS, LIGHTED ROAD",DRY,PHYSICAL CONDITION OF DRIVER,2.0,22.0,2.0,2.0
07c08ed7f1285aef806f209f906b16755bd1ff4cd5f7b373106159795f91e5d899612b98c7e268b5f8c2c14f66d33fba708aafaa6b726a9db700969b01bcef0b,CLEAR,DAYLIGHT,DRY,FAILING TO YIELD RIGHT-OF-WAY,2.0,39.5,2.0,2.0
07c0bf525e9ac7d103e750364af1cb247f911ef94237033c522969c78f62f285f4bfcbd91945ff2b9fc52fa1b8142e84234a349cfeeb97b2ee4fbeac0d76774a,CLEAR,"DARKNESS, LIGHTED ROAD",UNKNOWN,DRIVING SKILLS/KNOWLEDGE/EXPERIENCE,2.0,31.5,2.0,2.0
07c11d9e6ed06806c9ee1cc54b06996f2fb5e111bc490424b7d61ba617efd502dd2086a2d9a8f6e95a51e65c7438cf3dc0b51b83d9179ad8c1fca7d119ce5fe1,CLEAR,DAYLIGHT,DRY,FOLLOWING TOO CLOSELY,2.0,40.5,2.0,2.0
07c11ee7ac27119bdb59257f137ffbc572e28a4dd326e0b9675ff1dedf8a4ac8582f6f72ee6400744256d30196f66f72fe02504a4810eaac59dd0aea31ab65a1,CLEAR,DAYLIGHT,DRY,IMPROPER LANE USAGE,2.0,42.5,2.0,2.0
07c12cd5cc2085c4e7aebaf299c6ac93e073fd114c8412c280aa6cf2d3ba58bbd8c6e797edbd471bf3a22be6e8ace7734d2c490888c56ef0ebb660c766d06ae4,CLEAR,DAYLIGHT,DRY,IMPROPER LANE USAGE,2.0,33.0,2.0,2.0
07c13cc0486d1fba8f3179e1964abeb284089c1fd94d301818cef5920c510f2ef5277ebda8d1d2197b9c4bf910f8e6df05b61f016992355325ad3d2a6010e417,CLEAR,DAYLIGHT,DRY,FAILING TO REDUCE SPEED TO AVOID CRASH,2.0,81.0,1.0,1.0
07c14ffc0d3abc178a3f7cdb01cad35be46e48c809525729b8483169e1350d622f7f525806a5f756e3ca5ccaf444d498020c010ae18d2ae3cd8da9a1c6fbe763,CLEAR,DAYLIGHT,DRY,FOLLOWING TOO CLOSELY,2.0,54.0,2.0,2.0
07c15689a45d543c122de4c22372e76521a4550f3879f078383b42414c43016a626f835af5fe8603b5b6439b7c67c1f7e8c44892e72851d30c12cc8239f61159,CLEAR,"DARKNESS, LIGHTED ROAD",DRY,FOLLOWING TOO CLOSELY,2.0,52.0,2.0,2.0
07c17a0a8bd70130e629109a0ffd83c3dc99ee43a3181cc41cba4ef773cbaaf2f18a8e1e1e7cf091f3d527c9d8e8ceead50a0e127dce995b2f8088c80f317d66,CLEAR,DAYLIGHT,DRY,IMPROPER BACKING,2.0,49.0,3.0,3.0
07c18662d9dc9686444f101aa0cebe9229f441f1466e9d7a679727a25bc5c1287a5062bf7497c35fd5ac5a48355356ab4c23ea419a3c676c4e3cd648ab27ad5c,SNOW,DAYLIGHT,SNOW OR SLUSH,DRIVING SKILLS/KNOWLEDGE/EXPERIENCE,2.0,36.0,3.0,3.0
07c20aa37a5abe4390e44c64e1009608ad37d32e5bdd6e92ccb7e7f000d0d3e60d8377bec89efc9287449cfe8c83ce8d40fb30e4d37bf91a17b12b303b6fb67f,CLEAR,DAYLIGHT,DRY,IMPROPER BACKING,2.0,73.0,1.0,1.0
07c21f1d4874578accd49a6b90c0c9e02a9b0fb3d92173ce0dda41f78d5b03bcbc0b4412e8cb14de120767ed436b572410dc2f2161b053d91842f471cafe31bc,CLEAR,DAYLIGHT,DRY,FAILING TO REDUCE SPEED TO AVOID CRASH,4.0,30.25,4.0,4.0
07c22b66922eb1dff033e7150d87c0cae505445b89cee64d4415a14c2f8ca05e89ea832604bc4896b63a245e658ba4c648e4727989bdfffc4756c12c6909c24f,CLEAR,DAYLIGHT,DRY,FAILING TO YIELD RIGHT-OF-WAY,3.0,42.0,2.0,2.0
07c23459aa3b01ba7cad733c1c53dac05eab9e6f7864aa3bf690471aa93a92610097ef875fb3d43a788c693871ad101eaabe876f2be649052ce941fbf99c8219,CLOUDY/OVERCAST,DAYLIGHT,DRY,FAILING TO YIELD RIGHT-OF-WAY,2.0,41.5,3.0,3.0
07c2544e8aff93ae9ad0768bf689f6e89a31626209659a659ebe6fc3bd8851f9790a422b8ccca5ab36db3191d1aceabea07f84ae88a160486888adb6162dd6f4,CLEAR,DAYLIGHT,DRY,IMPROPER OVERTAKING/PASSING,2.0,26.0,2.0,2.0
07c2bd2c70ea3ee3f952b2f485e1b8a52cf09ae99110ddb612b5f076fd2e20652fb5ef8181c03929cc5a0a49adec682d1eeacb5967692289d7f79a0ab1f1b730,CLEAR,DAYLIGHT,DRY,IMPROPER BACKING,2.0,37.5,1.0,1.0
07c2e9747b2fffff1e1ed51c2c5f609dfb9239380002e97cfd299e1045f5b28addb26f6efc8c206c988cd8dd9f2f82152e82b2149a24847596618924d08252d2,CLEAR,DAYLIGHT,DRY,FAILING TO REDUCE SPEED TO AVOID CRASH,3.0,38.333333333333336,3.0,3.0
07c2ee8660589f6e95fef5966db43c740c95a0eef16afd908434b52467ebe4263ed07ff1d7f1b69db7691bfc153078ced80cdf08091f189b050b62b3f196c7a1,CLEAR,DAYLIGHT,DRY,FAILING TO YIELD RIGHT-OF-WAY,2.0,66.5,3.0,3.0
07c2ffdd41180668545d3fdf23abdcd9b06371f0bc33a7c82ef3fcc47135057cf2e5b42a78fe3a12d94f604fc046b11a540a59dbb6722e57dd95b7639bcb8de7,CLEAR,DAYLIGHT,DRY,DISREGARDING TRAFFIC SIGNALS,2.0,20.0,2.0,2.0
07c310209b9ee49b9b7d8309bbd9b4f02c927a8bb698ddd934fed88ecb052eea03dc66dfc9f8d3e5ea7a2db407cfa3aa9e82c4333cb0c6cb5ca042cda35baa23,RAIN,DAWN,WET,IMPROPER OVERTAKING/PASSING,2.0,34.5,2.0,2.0
07c31036fa4d343c857c7c5760c124f0f5d500a8f26a9284922a74e4178d6a5dda30f6bdf0540cd1a85e65b8669c24a9d4392f4709cf5e13479b064aeed54a1e,CLEAR,DAYLIGHT,DRY,DRIVING SKILLS/KNOWLEDGE/EXPERIENCE,1.0,98.0,1.0,1.0
07c344bfc2fcef5ffbaa255c0566ceddaf519a33fee7aa5080b4b6449bcebc30827eda37da3f507df89f11a6cf55d8d80489a8b88f3825e989a210630d36daac,CLEAR,DAYLIGHT,DRY,IMPROPER OVERTAKING/PASSING,2.0,51.5,2.0,2.0
07c34c0302376b0500b8197f8777d47492281b0e9d9d420bdb7d3c1be0045ae587ff348dc4262cf76f8cc30a7484a5bbfdbf4878072877fd9d0a5e3dbffca516,CLEAR,DAYLIGHT,DRY,DRIVING SKILLS/KNOWLEDGE/EXPERIENCE,2.0,47.0,3.0,3.0
07c354e5e187491b29027380d96408672a8c9da89eaba691038bd44494391b306881b26679e225c169bfce4cab4b589d8b1bac7451f24e35b02b0b156adcbff4,CLEAR,DUSK,DRY,IMPROPER BACKING,2.0,34.5,2.0,2.0
07c3560d8bf76067950145ae40b743a740bca5e645f30642682581e1eb196e2d0c9492f9518928f6bf23ab89ae819f6587d02dd683d36bb1f9638c86a5f5f5da,CLEAR,DAYLIGHT,DRY,IMPROPER TURNING/NO SIGNAL,2.0,53.666666666666664,3.0,3.0
07c35986321aa67f73d22288d15ce8bb74fa82bbb4a50c753fa5f2c4ae34eebea8acd9eec51abd319321b2ea9126622f39ae295fba13243cc1c690423e8833ca,CLEAR,DAYLIGHT,DRY,IMPROPER TURNING/NO SIGNAL,2.0,52.0,2.0,2.0
07c378ab9166c21f9cc1092ff42111e98182e6c5360214c430f8ce434b98f75fe1d0cc99227715ca0e7b7955b9f6bbea0e5231ca74517b2526679ac8a4e9b6a9,CLEAR,DAYLIGHT,DRY,FAILING TO YIELD RIGHT-OF-WAY,2.0,41.0,2.0,2.0
07c3e9a1e63057db75aa58041ea47d8ea92ae3e336e53d024bf2dd99bd2e029ff4121db62ae13c9b96cae4d83f315682b9e3433f71afc92f8de354ee456b59cf,CLEAR,DAYLIGHT,DRY,IMPROPER TURNING/NO SIGNAL,2.0,50.0,2.0,2.0
07c43396a06246814940e192eb881ef756ef29d6d96edb403b5cd61bd88767b621b17b183c6562f51805660e1a21c87c18c09e943121f451c0f2fcc1bb2f01cf,RAIN,"DARKNESS, LIGHTED ROAD",WET,FAILING TO YIELD RIGHT-OF-WAY,2.0,21.0,5.0,5.0
07c444892a5c8cd7a053652e99735d88be3e114c47a7ce5d9fb555d847c4c42e91e9960d443a1cdc1254849d64cc4ce992872165410e74b5cdcb1232936a4ae0,CLEAR,DAYLIGHT,DRY,DRIVING SKILLS/KNOWLEDGE/EXPERIENCE,2.0,60.5,2.0,2.0
07c46ffaf2376def653a60a1c279dc1c31c7b62a47da5abaea597dd1329c5297f26192f76ee63412487c111d1c1d84eb6c2e49b728d7ecaa6ef1deb316cb6028,CLEAR,"DARKNESS, LIGHTED ROAD",DRY,IMPROPER TURNING/NO SIGNAL,2.0,33.0,2.0,2.0
07c480620e68bae768c8a429d1902eee27fe7ea951d38979149dfbe55da2bd8c4a4c00498b0faa56cb514eb7dce5226f8cd81c12bab33326cb8444d8515a5cd8,CLEAR,"DARKNESS, LIGHTED ROAD",DRY,IMPROPER LANE USAGE,2.0,25.0,2.0,2.0
07c4a8b7cb43942872026483ed1ae431493da1b6a14f2e043a51b5c7393e4c7af4e8410d0717a1a288408853e86eedff4d1c6b06dbf47952630a51a674a41ff2,CLEAR,DUSK,SNOW OR SLUSH,IMPROPER BACKING,2.0,37.0,2.0,2.0
07c4abfbff3f8f8ad57ffe9856c106c7b32ca89f016d1bda02df5f4b51b0c5368382b12e53f993ac12b7b62036c210f14dd4c66f6e35bb58ad0eae4bfbc6abbf,CLEAR,DAYLIGHT,DRY,IMPROPER LANE USAGE,2.0,30.5,2.0,2.0
07c4c3b03e30cbc8e3eaad30fde069c010f84071949038240cf129e12f1cb5961d45d586943e660ea5b3ce5b9c30b4b134fe3fcf6bf419d947a5e62b59f9451c,RAIN,DARKNESS,DRY,FOLLOWING TOO CLOSELY,2.0,51.0,4.0,4.0
07c4cd17899dae8700de06afe2521945deda889281dbe0e1708e0923b24cb3c6ac07c31c12a310c9bb2bc1b83db23b40d1d8dc03ac905e62d3c37da96ba6cfda,CLEAR,DAYLIGHT,DRY,FAILING TO YIELD RIGHT-OF-WAY,1.0,37.0,2.0,2.0
07c525a3fef8ea7c782f13aa3dafb953381e336c01f65d8db1df2f7d46202f898a5e7b8d9e532ac85d4593c592936bc7f9041825cd919d86f6299963c5d72d4e,CLEAR,"DARKNESS, LIGHTED ROAD",SNOW OR SLUSH,FOLLOWING TOO CLOSELY,2.0,39.0,2.0,2.0
07c53c382a92815ba95a67f6fb9b7f347f44c3e31daeaf1380cf0870f10b7a6a8b79beefc195f92027f001fe07fdf12113c56d5eb6f1f97afe52737ac02cb782,CLEAR,"DARKNESS, LIGHTED ROAD",DRY,DISTRACTION - FROM OUTSIDE VEHICLE,1.0,66.0,1.0,1.0
07c552cd24cc5675910a644e048b8e665bf8f6afcc8823dbd600c69b8b606a5764d46dd74bd5e42c84dd5fff8c40a705faf54999de9918b7c132dac7da07eb9b,CLEAR,DAYLIGHT,DRY,FAILING TO REDUCE SPEED TO AVOID CRASH,2.0,27.0,2.0,2.0
07c5549e2c2068e1ce437e0e693a7e9bd8fa41c93b09f9a3b4c8615b1d69fe2f50e58c5346b38f98bfa75b517674edeba5ce920d1a4b2ca65b24c78f794c8c53,RAIN,DAYLIGHT,WET,DRIVING SKILLS/KNOWLEDGE/EXPERIENCE,2.0,39.5,5.0,5.0
07c5804b2d082eb4ae6124baf644448a38f1beab191118b25ec040ed1ca610a84db43169038ee469652f383aac990df067c7a61195552eb1e16ceb8fdc24eb30,CLEAR,DAYLIGHT,DRY,IMPROPER OVERTAKING/PASSING,2.0,51.0,2.0,2.0
07c5bf91c91346b20e990a6f906b569f9bc5d4b343c2f0458ec6fb2734d1e935dfc9b60f1b0a21d06a56d46db15bc9fed59d9b006c58a00c5984eab9d3f9c7fb,RAIN,DUSK,WET,DISTRACTION - FROM INSIDE VEHICLE,2.0,42.333333333333336,3.0,3.0
07c60d60d82d4d230348232b8f35c25931d6244ba0ec073605ec9e85a430b5b027871b45b4a61db76d3a14f66a09c55123c4b5d796bd94adf0529144461bf5bf,CLEAR,DAYLIGHT,DRY,FAILING TO YIELD RIGHT-OF-WAY,2.0,53.0,2.0,2.0
07c634abfd5a75597581448cc1a9edbce28ef7fa48c4a36222880dfb43919ac4ebfcefa20ea398106b4c099ae5e8dd856ac8d8ea54ada871ff180532a14f3ea8,CLEAR,"DARKNESS, LIGHTED ROAD",WET,IMPROPER TURNING/NO SIGNAL,2.0,43.666666666666664,3.0,3.0
07c66d2988ded8c952b4122f6d6825b2cc0f754fab4b2d7e5c63e925b282b920c1f95d6ae4f582da99771872c253ea6b2db554f24011274d09925537657c2786,CLEAR,DAYLIGHT,DRY,IMPROPER TURNING/NO SIGNAL,2.0,50.75,4.0,4.0
07c6c6f4b03a44286a54bd62c4138292b5acceb935c1cd22fa592016b4ef0d5d6429ea8168a4ce07006ec20b7625a5c9979144f81e55e995f27b7b6a1b15315e,CLEAR,DAYLIGHT,DRY,IMPROPER OVERTAKING/PASSING,2.0,57.0,2.0,2.0
07c6f4947a1387e601f46d566ee91fd5c9401d3e0c5e389e06e385de7603303eda73ae1b9d6fb4419bf6be0dd5421cd2967113986e6a2769ea30878a2305ed6a,CLEAR,DAYLIGHT,DRY,IMPROPER BACKING,2.0,37.5,1.0,1.0
07c70c828299b1068986194783496a82ccf60b917d92a85e3e253e8a1256646dac18d841591b8fc338eeea7c2f7f7b2b14e88615c01affb04625cbcbcbc04cf2,CLEAR,DAYLIGHT,DRY,FAILING TO YIELD RIGHT-OF-WAY,2.0,54.0,2.0,2.0
07c7122b1c2e94fca2e11a5214f5692c3c991cd8b5fa5faac134f91df46bcda21d9775691ae68d0f5986502c96a39f603a8346f4be87853e27406e25e78b53e4,CLEAR,"DARKNESS, LIGHTED ROAD",WET,DISREGARDING TRAFFIC SIGNALS,3.0,33.4,7.0,7.0
07c7174440134423efaab88330b04fa1d65e431dda655137f5bfe8aa8dbbc1c3467bce5bbb2daff55456704cda3b188f383e73ae54fa131953576151bd21bcae,CLEAR,DAYLIGHT,DRY,FAILING TO REDUCE SPEED TO AVOID CRASH,3.0,37.5,1.0,1.0
07c7183f6d0df5a0479a49b0799e789ea5ce7743fe49de110585a82825c973304aa7d5674f9e49319d29489b23c65df88061c8fa57cf884df15cceb9349cd01e,CLEAR,"DARKNESS, LIGHTED ROAD",DRY,FAILING TO REDUCE SPEED TO AVOID CRASH,2.0,27.0,3.0,3.0
07c736bd04d0189a7b484315274a53d34285d05325299d5f5ed804eb631b79e9227c934c768dc6f6f7ba8dcbbbc36d551ff0e667901474f3385dba7f8d9d0465,CLEAR,"DARKNESS, LIGHTED ROAD",DRY,DRIVING SKILLS/KNOWLEDGE/EXPERIENCE,3.0,60.0,1.0,1.0
07c772102fb7e1bd69edb1fd84b3eb9007879b2345d5d76dc6c134861c433866c9743a29d6be2ef19db6586070d46aeb7b46acd4b7e086c1a4d3cad8599298af,CLEAR,DUSK,DRY,DRIVING SKILLS/KNOWLEDGE/EXPERIENCE,2.0,71.0,1.0,1.0
07c77f421f3f3380924f98886772e148cbbef4c8f2d9ca46818218201684b76db77733b2d153057713264cc19b1a708db01e277e347f139ef37007a96420ca15,CLEAR,"DARKNESS, LIGHTED ROAD",DRY,IMPROPER OVERTAKING/PASSING,2.0,39.5,2.0,2.0
07c7828d73b5387aebf5aea2d798f4d396fd2f0857cdf8cb3007189b6dc1c5976776cee71a95d446a9ef413f7a9eb442cebe4143288d7521dbda795fc903f6fc,CLEAR,DUSK,DRY,IMPROPER TURNING/NO SIGNAL,2.0,59.0,2.0,2.0
07c788e6966ec1fa8b0e3f1588ed823c020fd6caab4b85e893d9dd9bbbc6bb38b9d82c6e7701bf4910ed13bc4a575629d4a00e0c7725ad97aa38b97dc1aa1f18,CLEAR,"DARKNESS, LIGHTED ROAD",WET,DISTRACTION - FROM INSIDE VEHICLE,2.0,38.5,2.0,2.0
07c7f80d34ff34784cb24b52adc90ff24def4e59686e899cd1dacfe541350fe42b0455e85c306a71da7e44c60ba68e164360bedd384fba2961299530f41a5bcd,CLEAR,DAYLIGHT,DRY,FAILING TO YIELD RIGHT-OF-WAY,2.0,37.5,2.0,2.0
07c80719f15b282d11d0192365f5c8899ab1984407768b1e20fd14167b164b3a36f3a6f3d299e2be33314703249787d8369ce0e7caaf4a54724a09fe49f54301,CLEAR,DAYLIGHT,DRY,FAILING TO YIELD RIGHT-OF-WAY,1.0,25.0,7.0,7.0
07c80e5453532c538a7ed2aab1acb8c7d7ab61de4a751a7f6174c04b2bf5034b5648bef7e262f6b5bb27b5190a9f451ac66826e930a198f50515631a518a37d2,CLEAR,DARKNESS,DRY,FAILING TO YIELD RIGHT-OF-WAY,2.0,25.5,2.0,2.0
07c82a193909c5cfc9e04538fac5953e3c54fdca301f2dec3018d1f879a7b07c041b4c3125a871395af42f0f9f7ab1d69b2301ba219a6195c119461a0467796c,CLEAR,DAYLIGHT,DRY,IMPROPER BACKING,2.0,57.0,2.0,2.0
07c87a48740c6f7fbb336cf56224bc80a3595cca3d937ceef86b621a65aa8d99ac43c22ac1e9c191e3f6cf2aec42596b3b1b1ea8b177db21fdb03a5ac63b89b2,CLEAR,"DARKNESS, LIGHTED ROAD",DRY,FOLLOWING TOO CLOSELY,2.0,49.5,2.0,2.0
07c8805af79e1354fdecf3951525e647c22e3131275f3924dfed16d3dc5e87eaa2bf3dcbf32dee9340c78789bff0825e0c983d31c17ddb3e04ccd1815547fb91,CLEAR,DAWN,DRY,IMPROPER TURNING/NO SIGNAL,2.0,51.666666666666664,4.0,4.0
07c883a83e66e3d269c840e036f799650deedb66c33f19f488298a233a24b4c1bc532900ac19132d6c22c4b44fe74a877a1cd05f94904894d090718468179ac5,CLEAR,DAYLIGHT,DRY,FAILING TO YIELD RIGHT-OF-WAY,2.0,35.5,2.0,2.0
07c8c48af0cd7741d54f409cd6085ee8f05545fd63223b4231a9e7e87e579b16d175e7631b18b59adbeea2def30b6b198dda8c8fe094047b5b0aac45235b3cbf,CLEAR,DAYLIGHT,DRY,EQUIPMENT - VEHICLE CONDITION,2.0,43.25,4.0,4.0
07c90080571891e8c99331e6c55182a4af300a8b2eed777db0c08b0f562a5f0682eecf94923337da5125864594605e10ad527346f20df2be5e656b50f64485aa,CLEAR,DAYLIGHT,DRY,IMPROPER LANE USAGE,2.0,24.333333333333332,3.0,3.0
07c90701cd2d5e08657da62d101080e47bb31e3e527e94bef02d00e71db78b90ac9e49e839b7b1128cb2b7c54618b5cbbb464a8e04cb872108cab62a6aa41498,CLEAR,DAYLIGHT,DRY,IMPROPER TURNING/NO SIGNAL,2.0,64.0,2.0,2.0
07c97439c0971a998b35c98cccf2965ea48404ec18c1da610c4c85f44d0b79ed25e46579961482ebe2ebb21d43cdf6b2ce3087ee202911c64f6ff41d758b19ea,CLEAR,DAYLIGHT,DRY,CELL PHONE USE OTHER THAN TEXTING,2.0,37.5,1.0,1.0
07c99295f8707e4d1cd50548d754741f55e550e2d90be96d6ac303ca70eee399b610d7943a351d2878dcbdb1f9753ffc33b532ec01e8c65c4930366980800daa,CLEAR,DAYLIGHT,UNKNOWN,FOLLOWING TOO CLOSELY,2.0,37.5,1.0,1.0
07c9b0ae634c420b0d25375a2808c0df86820722dc3f0212c29d36ab7e137d28da1eb8ca43259791e6493ed130dfca0423dbbf2fbbe8edd8d6828797992f73fd,CLEAR,DARKNESS,DRY,FOLLOWING TOO CLOSELY,2.0,47.5,3.0,3.0
07c9cc1aa392f2eb3add8bda77fb1509f05e7ada8ffbf8cf0767075736465f3fe344f00aec37333f1230fb342fe898b950ec6d2c8b60309321f63a68ef06554b,SNOW,DAYLIGHT,WET,FOLLOWING TOO CLOSELY,2.0,28.0,2.0,2.0
07c9cf790fe472823ae57fe0cf64acf53bfd79bb2adbe3969224b491be30dda154612c3f6db0335608763a771aaf515b7004996a316cbcfc2bd67e4452890fac,CLEAR,DAYLIGHT,DRY,FAILING TO YIELD RIGHT-OF-WAY,2.0,30.0,3.0,3.0
07ca07d5251fd1c4ad72684746cd4884d33fd1079d000b45203ba314c73c50ea033b51320182502a6cae5df801908c29c58f57785e0b24e3e9b3a410d8a95bef,CLEAR,DAYLIGHT,DRY,IMPROPER TURNING/NO SIGNAL,2.0,35.5,4.0,4.0
07ca0841e2966bc3afe75bbcff895c2e367ab92c7a00a78238c3ef869a19868858934df629b20f434d7862c59f21fbb11e69d2ed7f908263a91e15ce15d9b422,CLEAR,DAYLIGHT,DRY,IMPROPER BACKING,2.0,38.5,2.0,2.0
07ca139c40a66f0733e8d109fe4d2f6ce755ee66bf0a12f6b1b723630a87d2b36e2a61c01794c9b195b165f28242943d7c13cc05c05591d49f0f55ac16d6e33d,CLEAR,DAYLIGHT,DRY,FAILING TO YIELD RIGHT-OF-WAY,2.0,25.5,2.0,2.0
07ca28083bd0ace8c96dd6181357767e7bfeac15745096773156a18a3dcb847e9f6a180cb5b6d171f19ee697a97f6b8118f8f4464bad6896bfd811fb5ae6df8f,CLEAR,DAYLIGHT,DRY,UNDER THE INFLUENCE OF ALCOHOL/DRUGS (USE WHEN ARREST IS EFFECTED),2.0,32.0,3.0,3.0
07ca674f68528aa79f974ddf5b50a340333b06512d87ebb647bdeb11c6c5996fcafb43099c5f76bfeb51b49c50aa187b8b73f116f669976ae8bc9e2bf533a65b,UNKNOWN,DAYLIGHT,UNKNOWN,FOLLOWING TOO CLOSELY,2.0,44.5,2.0,2.0
07ca8f4a3143c5ed11bd2ea857bc73f85b710dc86ea31aea95798b5e647c01db4a80c098051c85d1e45f0e2c26c4557825e0fb7ba8f9aa66abbab93791f73a93,CLEAR,DAYLIGHT,DRY,DISREGARDING STOP SIGN,2.0,62.0,3.0,3.0
07cb1570cd537162fe581aefe5cac837f33a97292b31d66f1cc01e3ab82b3f2f815a9c18bfcee0f781158b46c78857c3e1da3cccd5d5c0af70155edb2a462475,CLEAR,DUSK,DRY,IMPROPER BACKING,2.0,28.0,2.0,2.0
07cb46ade216befdc27fe7e9e3cf24c28b595e418672eabc99cbe54892112ccee53c6bdafa026686934f006d135b19521e555f969a43a05c51255f6a5cc053a6,CLEAR,DAYLIGHT,DRY,IMPROPER LANE USAGE,3.0,20.0,2.0,2.0
07cb59106dcce31c588c949d042f8ba7baa30141d4b67b551e21c722555807ff8b630aea1587ed8aa4ba234e6657fa32a426ceb267688d98568a333dc15b35b1,CLEAR,DAYLIGHT,DRY,EQUIPMENT - VEHICLE CONDITION,2.0,37.0,1.0,1.0
07cb74161622e8d6fd7bdee8d49af3d46d6509a926360fe1c7a013848042f8862afbd84a44484fe8eab177f86fb33d9b416d90decb0524baf3cf6ef4256cc425,CLEAR,DAYLIGHT,DRY,FOLLOWING TOO CLOSELY,2.0,50.0,2.0,2.0
07cbcd5f2402609a20cd1f0e5bbe0e356cec4567f45abdc9858904c686cd5911602424f845a727c9f21719662f489d9682e809dd32b0a687a9193ed9b38f994a,CLEAR,DAYLIGHT,DRY,FAILING TO YIELD RIGHT-OF-WAY,2.0,22.0,4.0,4.0
07cbe0e14db4eae16163f5a1985a8d191f9936e22718f0575208dabc6f0475db4ed7bb7805d27396bef828e1e6a12e5e0de7277e21c6612b536de22acd531419,CLEAR,DAYLIGHT,DRY,FOLLOWING TOO CLOSELY,2.0,25.0,2.0,2.0
07cc2201958631e5929ddc594232c75e88ca567082f163b5cadf14aea8728748ff3f885966e1135cbb61f2c995dfc3104b9c2b5a583bb9a7a9261d6b2d2fa8fc,CLEAR,DAYLIGHT,DRY,UNDER THE INFLUENCE OF ALCOHOL/DRUGS (USE WHEN ARREST IS EFFECTED),2.0,47.0,2.0,2.0
07cc22f4251ec00c0be178efe464c1e660304c125868461f8492675eb91ce481b06c4efb8c97f22e40ec156445801c71b0aa2e27e2a1bc64eb75537cfcfb9fe0,RAIN,DARKNESS,WET,FAILING TO YIELD RIGHT-OF-WAY,2.0,27.0,2.0,2.0
07cc404ba9fe16b1df04a7aa24a4f0f7a78e724dda35deb661fbdab007b62a7413c5bbf1d7e4e9c33c426e9e09091538cff9a5d1ee837d9b07253dfd45e7d72e,CLEAR,DAYLIGHT,WET,FAILING TO YIELD RIGHT-OF-WAY,2.0,47.5,4.0,4.0