crash_record_id,weather_condition,lighting_condition,roadway_surface_cond,prim_contributory_cause,total_vehicles,avg_driver_age,total_people,total_injured
07cc651eb0ed6a10feee3512f03db7d2c396b694d6635af41bea989fe2009093b3b8ddf0b237deb662d56145adb5d6b270e6afe3ba046f3ff5757a4004599460,CLEAR,DAYLIGHT,UNKNOWN,FAILING TO YIELD RIGHT-OF-WAY,2.0,45.0,2.0,2.0
07cc7d371de3d94af3e0a24afe7a8c78952bb8bfd181abc9fad7cf995a7a681af6d023a5f869fcb234e62fd48c62d3bd2ccdbca7e00794f6c4cc890ec9fa5e81,CLEAR,DAYLIGHT,DRY,FAILING TO YIELD RIGHT-OF-WAY,3.0,29.5,2.0,2.0
07ccc4532b095e1c1ce40c1320807dab6a12436c49b97689d3ea5226b7c488b97d8b15b465a8d09d4595c7ed8de9fc80578f74bcf6aec51697029600006b36c8,CLEAR,DAYLIGHT,DRY,IMPROPER LANE USAGE,2.0,49.0,2.0,2.0
07cce4eb923d8f714030a3b6eae20d26af658238501aedcd5853d768895594ca1753718cdffe0155772b949b15456269abd6004a78e1ee49556414f8ae34ec90,CLEAR,DAYLIGHT,DRY,FOLLOWING TOO CLOSELY,3.0,49.666666666666664,3.0,3.0
07ccf3d56baade89d4c89cb10125639fbfe80adc5f91fbc4928b7afbb254c688ae23523401ed9fb20d6874f81eaf45f05f901f3f77b7ee1e6f0c04f0260def1d,CLEAR,"DARKNESS, LIGHTED ROAD",DRY,UNDER THE INFLUENCE OF ALCOHOL/DRUGS (USE WHEN ARREST IS EFFECTED),3.0,39.0,1.0,1.0
07ccf86d67d04ef0bb70cad9b98c1805ec2c68cb57dc3b64c7161b751fb1003d8e76ad2c2fa549d71539bde079690dd8b0a8d2b390c819099070141e8f3ab6d4,CLEAR,"DARKNESS, LIGHTED ROAD",DRY,FAILING TO REDUCE SPEED TO AVOID CRASH,2.0,25.0,1.0,1.0
07cd0b7a534b5e05b9278bcfbe664529ecee01a28587f526e32ae6791718b9a1add1c4a8651b431a00cb416c986a1f3dddad100cfe24dcc4248e04ebfab90448,CLEAR,DAYLIGHT,DRY,IMPROPER BACKING,2.0,37.5,1.0,1.0
07cd230394002205284ff36c97376f801e955ec5b30e345de4a162d1a5a646cd654e549452ed2549420c290b59e651b94c03bf8886a08db7c66c066d1159654e,RAIN,"DARKNESS, LIGHTED ROAD",WET,DISREGARDING TRAFFIC SIGNALS,2.0,23.333333333333332,4.0,4.0
07cd77960049b9958287533c02bd0e4dbf02dff755f352ff5009eb2d61ecf596b39229df373f6adc5392f9f6875733bcdcce50c206871ea42b39d7d811412653,SNOW,DAYLIGHT,WET,IMPROPER TURNING/NO SIGNAL,2.0,59.0,2.0,2.0
07cd921ca2360e9b1db9444dd50bee77346de025aca99d243c1f78e0c21df2e5bec1b4f3037aab579de0e4ce30c67652370074c6a090f9726a767c3db0d41488,CLEAR,"DARKNESS, LIGHTED ROAD",DRY,DISREGARDING STOP SIGN,2.0,36.666666666666664,3.0,3.0
07cda90b0ac04260ddd880c461981b163baa583091fafe5c158f0fb762dc6c466f51af8eb8f1e5853f5bf7ad3e670f7a142691c24c4744576b62601d1322ff21,BLOWING SNOW,"DARKNESS, LIGHTED ROAD",SNOW OR SLUSH,FAILING TO REDUCE SPEED TO AVOID CRASH,1.0,23.0,1.0,1.0
07cda9ca4310aa6b80ffbb45809d9a9f57fe824c5e089df3b57a055ba90123a6bd45d03babff52b231d4c0ed0f7e29a4e576860f95de8edf7e72ca6beacfc238,CLEAR,DAYLIGHT,WET,"EVASIVE ACTION DUE TO ANIMAL, OBJECT, NONMOTORIST",3.0,35.666666666666664,3.0,3.0
07cdb4c026823dcfd3a9112b631a0524fc15d39e30606f95bdb7849196682311d979cb59ed92ec2d51cc19b066c8f09730695819f0f506de97922db144b7b785,CLEAR,DAYLIGHT,DRY,FAILING TO YIELD RIGHT-OF-WAY,2.0,47.5,2.0,2.0
07cdba25fc7facb9dd7735c44d9b9e298a764fb5bf15f828eb4ada179b35705f945caef435a67c00cdf3b619f6733dc78b549cd4587557bf39447ad9bf57795e,CLEAR,DAYLIGHT,DRY,ROAD CONSTRUCTION/MAINTENANCE,1.0,58.0,1.0,1.0
07cdbaadfcf0cb460473788088e5265bb0c2095fa29b418733bcc916b71e9d1ccb45e0c4e1014032500160c0b763a6edcef5b78907b03bed06a8f2a9b329c663,CLEAR,"DARKNESS, LIGHTED ROAD",DRY,DRIVING ON WRONG SIDE/WRONG WAY,2.0,40.0,2.0,2.0
07cdf4543bc91f79cc3815633fd153c2a77ff5ff015826bd39e773bd5b7e97758cb8b4d4827042ee6ecee15b6a8cbebd1b20823355b83afb49ba6af203868d60,RAIN,"DARKNESS, LIGHTED ROAD",WET,DISREGARDING TRAFFIC SIGNALS,1.0,50.0,2.0,2.0
07ce009a7926bbe2b88e2a3a335d212e295cf2485556c8806bfb4532f43c8cc2bd0838ba96fc52e2782a73b0474ecc516e5e2c2c736b668ae8d405ed47da0b3d,CLEAR,DUSK,DRY,IMPROPER TURNING/NO SIGNAL,2.0,15.0,3.0,3.0
07ce07aabb7796a61b537a8e5a5dd27f96d807b85a56964a6899ef4962524d1210fc2c9e36ba336ead13e4c153059b83ea8e91694d8227558761f7ee34597fbd,CLEAR,"DARKNESS, LIGHTED ROAD",DRY,UNDER THE INFLUENCE OF ALCOHOL/DRUGS (USE WHEN ARREST IS EFFECTED),3.0,31.0,1.0,1.0
07ce1766adcfc6b9a95fc63228ed09a0a41b5c78df8aa6fc439af61bbbfcee15ec75fb2aace30d16c57b00aa103a5ec63bb9e784c9a9e38ba19d11a9aa96c19b,CLOUDY/OVERCAST,DAYLIGHT,DRY,DISTRACTION - FROM OUTSIDE VEHICLE,2.0,46.333333333333336,3.0,3.0
07ce31a07f17ae33f6008433257f7d1ee16a7cc3ad7579c385667b29027d6178da387fe9f14143605d5367b13f73c24dcdbf50f70be8f272427cf4aaa2dad66c,CLEAR,DAYLIGHT,DRY,IMPROPER OVERTAKING/PASSING,2.0,44.5,2.0,2.0
07ce477529ed31064d825476a797becf2786a9fa63f889410a495448903735a857a6ac9453949ad9008e047736515e2b789f357e82e313c56baddabc5123985e,CLEAR,DUSK,DRY,FAILING TO REDUCE SPEED TO AVOID CRASH,2.0,24.333333333333332,3.0,3.0
07ce48b3e8699315d0059ede4cc59b6bc938e9f874eafd10d6ed969feb73d187267eb5bcf8ec0feab6f4178b15eaf0866c1ce0e16527a38f6fd4a2ca3253d9f2,CLOUDY/OVERCAST,DAYLIGHT,WET,FAILING TO REDUCE SPEED TO AVOID CRASH,2.0,33.5,2.0,2.0
07ce4dd42737c55ecccde195dc0d0c6d1bccf6e339f808a38a63a380ebf8e8c713ad48fb86f28c5b332db882699a41302770e655a97b51905d6955732c18356a,RAIN,DAYLIGHT,WET,DISREGARDING TRAFFIC SIGNALS,2.0,20.0,2.0,2.0
07ce5265651c037f0635dcf4af4bb9374c11fa9ce63933190fd4970923080939fe1d8f1a5d28e3a1c44487252392be3eccff2859d52ef11f76f535d1505f65ba,RAIN,DUSK,WET,IMPROPER LANE USAGE,2.0,55.0,1.0,1.0
07ce599ab6d475e0156e89b606002be9f156cd5d45328a245f2c954c302e265792bbeac88d0f1687eabd0b015b9d3d0fc52fe13a7a6760d7bd9c059ada6ed729,CLEAR,DUSK,DRY,IMPROPER OVERTAKING/PASSING,2.0,58.0,2.0,2.0
07ce70e35b748da053b40832c5bcf0410dfa6452fa5b1e816615545416905d5a2876e5e6f3435bfd88b8f5019953722e5a4690f8193537b1e7031754952d8089,CLEAR,DAYLIGHT,DRY,FAILING TO YIELD RIGHT-OF-WAY,2.0,44.5,2.0,2.0
07ce835df587fa7b7d7e4823e1b43d08a7ef06c1f0c01452eb694d12be8decc5e8851a3c78f086352685774ffe4c868c3de53833889cf91ce809e77166e1f446,CLEAR,DAYLIGHT,DRY,FOLLOWING TOO CLOSELY,2.0,26.0,3.0,3.0
07ce84168f60f31c7523474c2d1e33e14b6295ad74dee61d9ddca1fd1c7bcb4ceff352806e1f36924326a65cc2b448f8e0eda70cef3b135378d0bab84eec6e04,RAIN,DAWN,WET,FAILING TO YIELD RIGHT-OF-WAY,1.0,47.5,3.0,3.0
07cf0fbfe8d75dfa944045883de5a5b68344099c46ec2803745e91d3b629ef7cb1b0dd9a37800a7727f871605d775e536686b5801b20b0cb5bfa706132c89d9c,CLEAR,"DARKNESS, LIGHTED ROAD",DRY,"OPERATING VEHICLE IN ERRATIC, RECKLESS, CARELESS, NEGLIGENT OR AGGRESSIVE MANNER",2.0,16.0,2.0,2.0
07cf1025ba9a8096aa68d1cce45399eb44869e22e92ddc905b535bf6f61a556ed181b69901c59cf1393332720cb7a2b94629cf7ca53ff4ae853733911f6897f5,CLEAR,DAYLIGHT,DRY,IMPROPER OVERTAKING/PASSING,2.0,28.0,5.0,5.0
07cf1e87ad8575f37fe8dd582f454b687e9899bc667bf8be4f72664cf4cfd4af52f43d4e957a373af05d236ebf9987f3ae144d76fcc10ecad696ad8e5981c1ee,CLEAR,DAYLIGHT,DRY,DISREGARDING STOP SIGN,2.0,78.0,3.0,3.0
07cf5787d11cfadab31589ffbc65ecedfbf7c2e933bb40614d12b3e41af4ea7f4ba20c2ff4637827507959885c2492ef6e943f9aef40b8cc2b071a1fa9507ab9,CLEAR,DARKNESS,DRY,IMPROPER OVERTAKING/PASSING,2.0,37.5,1.0,1.0
07cf5ddddc763acfc276d6711cd19f5eaa88c22b0bbbd159fb86c4855e68b2e2c55631290d94c3960e84bc25d8396c40d64bbe247f2411a7e2a4cffe2b970914,CLEAR,DAYLIGHT,DRY,FOLLOWING TOO CLOSELY,2.0,32.5,2.0,2.0
07cf627fba80ec868c493f58e7f4f947556e1453d06f2f34310f7d8eecf1b79a07b21c5c346ee162037ad116689417dcbb3ea8dab4c3b7f7bbfecd6e0a384f11,CLEAR,DAYLIGHT,DRY,DRIVING SKILLS/KNOWLEDGE/EXPERIENCE,1.0,30.5,2.0,2.0
07cf72f5dc21e8251606dcebc1fd7ff511d6a1808f97f9d260203c2fe4428ec0c27e73cafb17c2addd3b35af40129524d046d71754c1ecab7318746841f56667,CLEAR,DAYLIGHT,DRY,IMPROPER LANE USAGE,2.0,42.0,1.0,1.0
07cf8b845534957256f1c0dafd4f95c08037233f3d367db726f9f56686ec31ce7bc3f24e350ae9d93cde2387a6606093775ac87dfb78685050e5ef0f096f67c9,CLEAR,DAYLIGHT,DRY,FOLLOWING TOO CLOSELY,2.0,61.0,3.0,3.0
07cfa346a4c56dda536824c2b9605496e8e2dd47cfce6b6069861d841fd6b66d477ae15fcec92aa8d1c8755cbb7f827f602f53dd40360c92eda1d4352e1e932d,CLEAR,"DARKNESS, LIGHTED ROAD",DRY,EQUIPMENT - VEHICLE CONDITION,3.0,38.6,5.0,5.0
07cfe2a084e90764c111043422cb1808c6776101353ba812c30472969d5cfef70daec6073515436e8cd26cc692097ad3f3bd8658483e4bdb5de979b8470265e3,CLEAR,DAYLIGHT,DRY,"OPERATING VEHICLE IN ERRATIC, RECKLESS, CARELESS, NEGLIGENT OR AGGRESSIVE MANNER",2.0,36.0,2.0,2.0
07cffbd1d7da002bc0f042daa5147d6e90822172f9d828d57732bfef3a994855398d4ca54de9bd1d7c10a387866859da83e98c299e6c639d089de432b0d4a7fd,CLEAR,DAYLIGHT,DRY,FAILING TO YIELD RIGHT-OF-WAY,2.0,28.0,2.0,2.0
07d02ff3fcf7953180f090345eed01285a3034bbe1c432335a0601d1ab815674435bfa3d76e14e8fa321f3dd1d1999d7e321d31d47d42d0486a9994ebebbe84b,RAIN,DAYLIGHT,WET,WEATHER,2.0,58.0,2.0,2.0
07d0383fd91d8436c852fd772374d6fd4826389e80cd4634a7c63b23cc2b60816f99a6f55e3de9334878f1c6a643b6b1a682121621187195e2455b8422c93133,CLEAR,DAYLIGHT,DRY,IMPROPER OVERTAKING/PASSING,2.0,49.0,2.0,2.0
07d07b88f283d847ba0f3b7c01f76ec8dec6a896ec9784e1a493b78c024d9195918d43aebc9712d909a6c863bba72459ceb1b386b40c4dfcb4df612672f67c5b,CLEAR,DAYLIGHT,DRY,IMPROPER LANE USAGE,2.0,33.5,2.0,2.0
07d085ed123443f307def03bc9a6946f6e4634052e3743eed4dcd18f9bb773fc6e16b95549349a0ac8fb2a83dd533943a4b9c0fb5ea8f47ab58f465ddf8027f1,CLEAR,DUSK,DRY,IMPROPER OVERTAKING/PASSING,2.0,38.0,2.0,2.0
07d0944fdf6b371da6beb24487cc01c82b91a02f04e3da0019eeae12ef79e49a83ed1e3e2ec36189d1960cd039cc52a5052f845bf1c0f907237d911f27967ce9,CLEAR,DAYLIGHT,DRY,FAILING TO YIELD RIGHT-OF-WAY,2.0,43.0,2.0,2.0
07d0a9299b84a1eae68d1f69ed9c5e4988a170412b863821fc602bb903b829b1e3e45a7b023e0d0482e65b79434581915b3b7b64115e4d7d0ec9332c78ed5fc9,CLOUDY/OVERCAST,DAYLIGHT,WET,IMPROPER TURNING/NO SIGNAL,2.0,27.0,2.0,2.0
07d0acf8ee7bfe769bbf524576afc2a086e4a24480a9822b9bf8b42c6304450b4cd5210da01c8ffa993afe5571b1eef309d8a9d1c54815c2fc1b148a22c2d624,CLEAR,DAYLIGHT,DRY,FAILING TO YIELD RIGHT-OF-WAY,2.0,47.0,2.0,2.0
07d0cd74d1aadfee4e030237379c449999fc55703df46890b6eae8f4f5650a370228380e750d9473f2851bb1b471acc20c87e786ea75229c5a90efead196b2e4,CLEAR,"DARKNESS, LIGHTED ROAD",DRY,IMPROPER LANE USAGE,2.0,47.5,2.0,2.0
07d0e2a8b4d836aa736a116e69f75169ccd9193697edd52c0b94770f43a63cb8adc971c052fd1c774358d5c1bc4211bc57f50f9bc30b1d7947ce62eb2e7b7576,CLEAR,DAYLIGHT,DRY,DRIVING SKILLS/KNOWLEDGE/EXPERIENCE,2.0,22.5,2.0,2.0
07d0f57fa426e41edb694ce09c1e95c7236968cd17ccf855bc820244967d6cd5d052f95b46706f27235ef9ad6e7948ca90ab3c2cab38af55aa58763f16552070,CLEAR,DAYLIGHT,DRY,FOLLOWING TOO CLOSELY,2.0,38.0,3.0,3.0
07d0fed508a5fc94a0d51fa3cc49d91fa9bbef4ed94ee8bc6f787d1f0f00c276713a5d6ea3143d094e3c3efdcc07507c5b83f2815ea52985aa29ab837853a58b,CLEAR,DARKNESS,DRY,DISREGARDING STOP SIGN,2.0,20.0,2.0,2.0
07d12893b96bb2d9ad919f59fb0e2b3f89bb77f8448cf01d2ebafef10660fd302e6e38e0d1a8545b9b4a469c9b8818912562943321da803ed463ba1d81512893,CLEAR,DAYLIGHT,DRY,IMPROPER OVERTAKING/PASSING,3.0,37.5,1.0,1.0
07d12ebc7b7108ff45f0bcb6f8718865e4e514bfaa136646e528977ed148279300c35da7a28c98f19a7c50c839c4d700802de8f028614272e6af7141a76868db,CLEAR,DAYLIGHT,DRY,IMPROPER TURNING/NO SIGNAL,2.0,57.0,2.0,2.0
07d13ee9852e863a0e6c68be0383ffdba7bc40870610eee71875fcaca59d027ca43e1f2399e30cd9bb5820a1cbd5aab727e2df167726feb620ad01f8def9d84b,CLEAR,DAYLIGHT,DRY,DISREGARDING TRAFFIC SIGNALS,2.0,49.666666666666664,3.0,3.0
07d154bf84f8d953b921e55bbed26091fb36b0e6cb7909d0689d4d28b0acbb94ad66f0fee4736d4a69a6adaf2c25040ac6c233fc8d1d57c1ee949ef124db87a8,RAIN,DAYLIGHT,WET,FAILING TO YIELD RIGHT-OF-WAY,2.0,60.0,2.0,2.0
07d15ba93601cbd8bdde0f425582e94f861b4374e8105f48e047d1783829d58d2d48e26fb238158f5ff5a4501126f5c8e18405609442c2e9328665f60392ec5f,CLEAR,DAYLIGHT,DRY,IMPROPER LANE USAGE,2.0,12.333333333333334,3.0,3.0
07d1814aeae43064eda2122edafe256fb5c78e23772ae1b1d6675c3de629fdbcf8e3c968b10f58c3cb2b468ac0b032c90724a14a9814812875837210fcffef38,CLEAR,DAYLIGHT,DRY,IMPROPER BACKING,2.0,54.0,1.0,1.0
07d18767035249f150fb6fff5b0f1ef7f2d1005c87df95dc1297a19804a4d4ebb9769b553055cc11c390f7834a279327fc0ba82627f88e361e89a232f6003c75,CLEAR,DAYLIGHT,DRY,FAILING TO REDUCE SPEED TO AVOID CRASH,1.0,32.0,2.0,2.0
07d18a282fda3605dd27159cee75ad67e135424c7bb55eaebda6483afb61f004cd374fc81c5ce66a3314cc2dcae821f5415d38820906d27d187e86a67b4b4ee8,RAIN,DAYLIGHT,WET,FOLLOWING TOO CLOSELY,2.0,24.0,2.0,2.0
07d199db49bb7b4525dfccdf6fdba7e1e2bd8953dcaae65f75b71b6e3633d0721a238b4041f467866fc06281d2cf8738743122bd413425a8d4fe8fac2b895c5d,CLEAR,DAYLIGHT,DRY,IMPROPER OVERTAKING/PASSING,3.0,23.0,1.0,1.0
07d19be6754de5157279c78c0b32a5b07976ed779dc845e839ab7d4b12817a0e4ba66f677abd72210242dd57aadaee3f0d35fd402cae6b5e5689338964ec4206,RAIN,"DARKNESS, LIGHTED ROAD",WET,HAD BEEN DRINKING (USE WHEN ARREST IS NOT MADE),1.0,37.5,1.0,1.0
07d1a014e019957b988519620be14712ea89c7d80257672bf7a9822a63bf4cbab49767f0c2d46ca7e7ddb0057861447bbb88f365d3d67f213e5bb84699d91118,CLEAR,DAYLIGHT,DRY,FOLLOWING TOO CLOSELY,2.0,33.5,2.0,2.0
07d1a0d22ee8822580cdfcd336f1a8631d1b3d06ae5e716518a5f9a252e801621733c30a0cda2f7734ed5733fc542e9aab8e3b625c249ac678cc367f7e7e6e17,CLEAR,DAYLIGHT,SNOW OR SLUSH,FOLLOWING TOO CLOSELY,2.0,32.5,2.0,2.0
07d21222e2fff6f7c364670df3f1826133df6ef9529d9b73beebe814dd20255835a38c7eb868f58fa30f067aac44ed8c815f6958a89f29a6be6d8c8031b29541,CLEAR,"DARKNESS, LIGHTED ROAD",DRY,EQUIPMENT - VEHICLE CONDITION,3.0,19.0,1.0,1.0
07d21a19cc4f332dce943ba18e53ce330a3045727191f4bb49a368ec79c69e8677c30c6f56c1eca1c12d338d4ef9bc07ee58f64f31786ea58b69cbd768291bfc,CLEAR,DAYLIGHT,DRY,DRIVING SKILLS/KNOWLEDGE/EXPERIENCE,2.0,45.5,2.0,2.0
07d2287a813d87ff354a693264779977bd40c9fe7a44e58f0433ffe9cfb0478a1e192c58a237856796e051ce3887cf25a80fae20e559eae1f41ad5f278ae30cf,SNOW,DAYLIGHT,SNOW OR SLUSH,WEATHER,2.0,38.5,2.0,2.0
07d24292e37a33e8687487dbc925b04cfcf917b6f08fb05e3cd230d7bf212c480250cecc98ffb4d6e9ff2b53b3146886b3d5b420fdeb21adda1856b5a96caf25,CLEAR,"DARKNESS, LIGHTED ROAD",DRY,FAILING TO YIELD RIGHT-OF-WAY,2.0,26.5,4.0,4.0
07d27e4dca5b1644f0691128a07af661879d1bdaf05d1ffd81aee5793688961424c8f5cf4f6cd122f301a98881de9620b0cdcb2fe70e09e7df27a3de8cfd1ab6,SNOW,"DARKNESS, LIGHTED ROAD",WET,DISREGARDING STOP SIGN,2.0,40.0,2.0,2.0
07d292b9e248cb53ba924776b215be7628baf6121b9e1e8ef71dd49f42bc7d2d41aafcbe7b70e1ac9550a159b5b42e4276063280906f466cf047d7b4e09309d2,CLEAR,DAYLIGHT,DRY,DRIVING SKILLS/KNOWLEDGE/EXPERIENCE,2.0,64.0,1.0,1.0
07d2c0b679eac336032083829824ca88de88932776cc16640fca692792e3be33d1b2269672b45a2aacacec8d01f975cf260e1d02befd24079adc2a802780aa0d,CLEAR,DAYLIGHT,DRY,FAILING TO YIELD RIGHT-OF-WAY,2.0,48.5,2.0,2.0
07d2ce9ccb3a5e6ddb184feae8dc07a8bad1734c2b199253c4f293cca3a572c71a4141668b38750206195e08d3822135c85ba88b794f0df90f7f04b00e145006,CLEAR,DAYLIGHT,DRY,FOLLOWING TOO CLOSELY,2.0,62.0,2.0,2.0
07d2fac9acdd04a6f96df867ec93c77b3fc80eaa6915224a763c43688148caf74dceed630528aa06921bd9d8012547570ff2e2c1cc0efe0dd175faa1803f5188,CLEAR,DARKNESS,DRY,DRIVING SKILLS/KNOWLEDGE/EXPERIENCE,2.0,44.5,2.0,2.0
07d30a2a776e3c1c57672c2c602fe812ae17957aa049488c47f955266afd4bd191d85760f7e85dc860e498ce2fff09755a97b6edbae2478e57051ca8e0aa23bc,CLEAR,DAYLIGHT,DRY,IMPROPER OVERTAKING/PASSING,2.0,53.0,1.0,1.0
07d31aed20b2ddfe7e4e202058c67a1653ae34f993d4cabeded72dd5eeb68527297f831a5866a01c65a1d4c6ad879ee7e7775e2efeff309583807577d3930a63,CLEAR,DAYLIGHT,DRY,DRIVING SKILLS/KNOWLEDGE/EXPERIENCE,2.0,37.5,2.0,2.0
07d31df53aabe98ace5a30532b3d1c6d15291482c4060b3d101df3f2262fe79ebd7799b88b80510edbd6c527fc4a7465a52c06b0f4cd934e22ed6303b0058156,CLEAR,DAYLIGHT,DRY,FOLLOWING TOO CLOSELY,2.0,30.5,2.0,2.0
07d325f4b9cb80f9326b6793640c0d09daaf5ddada54f18559c38e5917993406f37ba9e2b8f7ac1c66970bddd3c1adf393e022cd714587a8c66292dedf78bd39,CLEAR,DAYLIGHT,DRY,FAILING TO YIELD RIGHT-OF-WAY,2.0,22.0,2.0,2.0
07d337b4d4446f867171da32e54ba99fab4ffe4a9277b6acc5d74a29b92e97cf46f1093d207ba2b96da2230d097c554395a95167e2e2b363c9055ee06a527661,OTHER,DAYLIGHT,WET,FOLLOWING TOO CLOSELY,2.0,31.0,3.0,3.0
07d379d57cedbf0c5b428ed7d67965007df6db5c452c548a392b809e330ba46335b376617815d4d1423eb76022e2e96ca2b979b20b7d5c6dd32f592cad6385d7,CLEAR,DAYLIGHT,DRY,FAILING TO YIELD RIGHT-OF-WAY,2.0,43.5,2.0,2.0
07d39574d5a99b4effc9871bec565980772587108718f586dc97d04cc3b81ad83d15b81eebf03e43efccca878882401bd8aa55ccb9b806234eaa79b0c3c2f629,CLEAR,DAYLIGHT,DRY,FAILING TO YIELD RIGHT-OF-WAY,2.0,30.5,4.0,4.0
07d3afff32ee64ee286dd2c990e6e94a03aa0028a9cf049a795f6cf8e86501f98951b0e82db40280c9c285bf328ff17f28289a4df806a236904ce3241441cff3,CLEAR,DAYLIGHT,DRY,IMPROPER OVERTAKING/PASSING,2.0,41.0,4.0,4.0
07d3b6058790c1d5c0795efdaa0a97555270564d1810cbad053d7e9630172f546e5d85907778dbdee2c29142d14731565a7536856550615b9407bcb1b726a858,CLEAR,DARKNESS,SNOW OR SLUSH,IMPROPER BACKING,2.0,20.5,2.0,2.0
07d3ce92d617be18db104eb6bd34acf5cf279bc74175b01279aca7cdb61d91ae6fb2adf592996a4b58a6a18533247f7fc972fa2eb5d7ebb362132c3fbe714bbd,CLEAR,"DARKNESS, LIGHTED ROAD",DRY,FOLLOWING TOO CLOSELY,2.0,44.0,4.0,4.0
07d435919acdb396da8b5ff5dea662bdbe4d7e6d76724d8febc37adb5ec5d01785cac613a366775bbaada44f23ca521c1ca2e1771edc9a45aaade6fd309892b8,CLEAR,DAYLIGHT,DRY,IMPROPER LANE USAGE,2.0,37.5,1.0,1.0
07d43ee49440397e113108e4a65c98d8ede72ea4e9f42e14a7bbb7c0f3e78f8a3ee4295d5d411873412d9b60d319b0fe5476b46267220eef547eedf527b1ebb4,CLEAR,DAYLIGHT,DRY,IMPROPER TURNING/NO SIGNAL,2.0,14.0,2.0,2.0
07d45131b4748850e758adcbe87aa9bc6ff5076406302604cc30ca1afdf41713b38f6894eedd47f814dfba8687ba58fcf3227cd8ea32d68929158350df1484d7,CLEAR,DAYLIGHT,DRY,FAILING TO REDUCE SPEED TO AVOID CRASH,2.0,35.0,1.0,1.0
07d48b417989e72c1242d49395921ad1e0402cf7f836d12613346ea1db882f5f8c6697526c935e5aa07a50dc25145c8c5e2a672b805bbbd91825d8cb96c744af,CLEAR,DAYLIGHT,DRY,FAILING TO YIELD RIGHT-OF-WAY,2.0,66.0,2.0,2.0
07d4c8f27662efc91a35d76f77f55d1822eb44d8f172769b353bc163d3b5baac3d18abce51f7f1df3accf1889dcff1b72527a0f0818521cc80c45f30770b5cb4,RAIN,DAYLIGHT,WET,FAILING TO YIELD RIGHT-OF-WAY,2.0,52.5,2.0,2.0
07d52b111e90778b45819bf9544a9564ad1a401db159533a8c0b522f898a74885ebcf188fee54b0ac51cd75f434e23c024a4fc7d70e8c8b87ea3cbc444393b57,CLEAR,DAYLIGHT,DRY,IMPROPER TURNING/NO SIGNAL,2.0,22.0,2.0,2.0
07d545c58f19e92123b97e5c8237a067b9cb74e92d55781d8052a85ef831898dc81fa4e272b44223169f41eb35696ac3fa79296f8416e67965f5ff1d51e7aea7,CLEAR,DAYLIGHT,DRY,DISTRACTION - FROM INSIDE VEHICLE,2.0,48.666666666666664,3.0,3.0
07d54b02b5b4f7aec4da1379d97f708bba62b6ca74a9287158a198a0653c7a176d0c6ecc8718767840573c0dc8ee8d2f103bd8e6c9275e1cc9dacf6f90111dcc,CLEAR,DAYLIGHT,DRY,FAILING TO YIELD RIGHT-OF-WAY,2.0,27.5,2.0,2.0
07d558ea476f20ed82355d577487f3e1aa1fdfd0675316723fb76f864734bff336b430559bbf9e6978d5622fa4c30037a3ba0c6a3b9c1ced6aa5f065b8a14ec0,CLEAR,DAYLIGHT,DRY,IMPROPER BACKING,2.0,37.5,1.0,1.0
07d55e5d7f4169ff563685e17fdb69484cafe7e175ace4ced1b5818b10a846bc11b4169fb54a49edb6a595de320342c4e7e40d730ff521ad73387b9d60b9f38d,CLEAR,"DARKNESS, LIGHTED ROAD",DRY,DRIVING SKILLS/KNOWLEDGE/EXPERIENCE,2.0,45.0,1.0,1.0
07d56cf0c9f16daae52a0bedcbdf4eaf579b405440a1eee1e4581983861013173d75eee8abbdbe8bb637601dc9d9ab177e3f55ccba7c2a628e0c6e71003813d8,RAIN,DUSK,WET,IMPROPER TURNING/NO SIGNAL,2.0,18.0,2.0,2.0
07d5a036b967c38db03382d2c93f00d65c56755d1e6ee40a2e46f0ce0b8434a4b754dd86d0fa5135a8870145264993682b6408a301f200a289db8eff558263fd,CLEAR,DAYLIGHT,DRY,IMPROPER OVERTAKING/PASSING,2.0,19.0,2.0,2.0
07d5af7e4e6fbc1ec34fedebe570cfb462b4aca7d857d313cc40106cad422d60e1c15b53f665ba9a5cce29b6acaf8b2a56e3cd9d51610fb685390d14519d935b,CLEAR,DAYLIGHT,DRY,DRIVING ON WRONG SIDE/WRONG WAY,2.0,41.5,2.0,2.0
07d5c0ed20fa476ff74fb2f0c99ddd7f555fba24f75ae7b465186c5de8c9abb16d615bd7b2569991beb7c9b9c62c24743fe41c99da53e14ff777105a5d0f9ac0,CLEAR,DAYLIGHT,DRY,FAILING TO YIELD RIGHT-OF-WAY,2.0,23.5,2.0,2.0
07d5c7f7a751d1d9e61f5e94a01e609555f20f1f08c7539398b9e13175f045d20461db6d2472da7ff100f3e86244b50b4796e2574c81434ceb7941c630de28d7,CLEAR,DAYLIGHT,DRY,IMPROPER LANE USAGE,2.0,68.0,2.0,2.0
07d5cb6da4ef9a2a1f737e32ad05aed5a6a9500caef8435d032ba54394e8d27ef85d608d9bbd5126315366a5c15ed69a621bd9a685dc88516cdfad5baaba747f,CLEAR,DAYLIGHT,DRY,FOLLOWING TOO CLOSELY,2.0,48.5,2.0,2.0