crash_record_id,weather_condition,lighting_condition,roadway_surface_cond,prim_contributory_cause,total_vehicles,avg_driver_age,total_people,total_injured
07d601efe82f6c56205c93def123173bc18895b42bcb642b8767f26827d8e28a4164608bf9a1346d83547af1df0bbb6b6f9c7cc969f3e881f8f5fa8b2e82c484,CLEAR,"DARKNESS, LIGHTED ROAD",DRY,EQUIPMENT - VEHICLE CONDITION,1.0,37.5,3.0,3.0
07d602e1f3669af35d5b1e0072c20f494d471dc2cf1b31910308ea8fac3e4c5fe6efc6d3830196e49c5cf6c0bfda11c0a48ef1286c1955be40fb91bca8c8812b,CLEAR,"DARKNESS, LIGHTED ROAD",DRY,EQUIPMENT - VEHICLE CONDITION,3.0,26.5,4.0,4.0
07d60e0872d3019a0f598dab91bae8347fc47071c075c0d91f2dfadab7929f19a017f34931c237e3e4fbf24f705e753aa733fb483d3ac4e2c6bd3bcb472bbf0a,CLEAR,DAYLIGHT,DRY,FAILING TO YIELD RIGHT-OF-WAY,2.0,31.5,2.0,2.0
07d611e971c9bff0af217ca0bf06794819cd0ca7bf1f965213adb3fcfa730fee902028543d386e53d4f438a451f59b747a366d78d76a3779b7b920c03574f547,CLEAR,DAYLIGHT,DRY,FOLLOWING TOO CLOSELY,2.0,34.5,2.0,2.0
07d6332fe00c1b6c727115c0bc57ad63e1bc17f8f48db1dc648710219df3dfa99ae43348290815ccef58150c6803ff89a4017a32a900c46487e81db02d6f1490,CLEAR,DUSK,DRY,IMPROPER OVERTAKING/PASSING,2.0,31.0,2.0,2.0
07d65370c51ca9ef54306222b99f3af9d05d0734c892aff8a4c98fd04ddc6d4c003ffe4e3dbeb2cfbd9f25902e1165f16a02e35dcfb58de01fd67ba6a76fa188,RAIN,DAYLIGHT,WET,FAILING TO YIELD RIGHT-OF-WAY,3.0,31.0,5.0,5.0
07d666e9aaa4e94a627cdae556dd3a84714098c366a31f548aeb7a6dffe03c2222c468b902761c75f649d204bb1cd1a1519ae4bbe0b96e8aaaf56a5f407c04dd,CLEAR,"DARKNESS, LIGHTED ROAD",DRY,IMPROPER BACKING,2.0,37.5,3.0,3.0
07d67c1e7f179bbd0b65bc315ab8022ecf9e9f3a2f4b942687692c79384126370c642f7e50ac338c25e3e145bca00621b59c745a071cf395aaf678bf2abb8570,CLEAR,DAYLIGHT,DRY,FAILING TO YIELD RIGHT-OF-WAY,2.0,17.5,3.0,3.0
07d68cc4761e94f9eacf2f20618f9f1ebbed76e103e267e154e9fbdbf9df5c57c2f2dc19bea7e0c8a845ec4807eb68d0ae85314e6af54964025ebe6b4d223f0b,SNOW,DAYLIGHT,ICE,FOLLOWING TOO CLOSELY,2.0,61.5,2.0,2.0
07d69bdaa55986a6935660c4a31d33280f015de19a7e326fca1272b26e61a77aa7e73e02f3ef1a8954c1191e21881504b1c2b2dd19aded4d6a58ecdd28a74a17,CLEAR,DAYLIGHT,DRY,DRIVING SKILLS/KNOWLEDGE/EXPERIENCE,2.0,37.5,2.0,2.0
07d6a84e5d2761abc8a51e8ff486003a21d18190ac62069d1e1625702fa64ffc54f243b69c70cc8359652666df97918b944592a639d58dc804a0161e0b282a84,RAIN,"DARKNESS, LIGHTED ROAD",WET,FAILING TO REDUCE SPEED TO AVOID CRASH,1.0,35.0,2.0,2.0
07d6f6c8c4595d52ff63cb13757f4cd8b1e2f70fcc6ed56a87b2aa270b97764d89308c33844f4b767e1f90024e342f5fc19e4cd62803fa6981bc41ca8b49ca08,CLOUDY/OVERCAST,DAYLIGHT,DRY,IMPROPER BACKING,2.0,25.0,1.0,1.0
07d6f960f713601c52253b56fed7d36f8c607a219eb3719202cd9cf56746c0107fc7b79e9bac7755d46670969db80c7d2c7002f9886513ff22dbd2fe5a772ef7,CLEAR,DAYLIGHT,DRY,"VISION OBSCURED (SIGNS, TREE LIMBS, BUILDINGS, ETC.)",1.0,14.5,2.0,2.0
07d70a275acb5ff1a498707831952576f37715f5e592fa3e4ad9bf2db0d8fcf23ffcbb9fd8df3d026cc361ad4e214d418116ce66217c8199494c91ca387aea9a,CLEAR,DAYLIGHT,DRY,FAILING TO YIELD RIGHT-OF-WAY,1.0,28.75,4.0,4.0
07d71870f5cb729f08b6ef94d402766b2eff545cd3211ce54ab3fd985383e3ebdfcd6a36c5e06a282b6a2e03c7632d0df564d2e5cb400a5530517824941d0aa2,CLEAR,"DARKNESS, LIGHTED ROAD",DRY,FOLLOWING TOO CLOSELY,3.0,50.5,3.0,3.0
07d71a0094a121f9d27d76f3f8dfa074a7b39d0b0d3e6d91a0f5e4a62cd019e8c547db2eb9a1bf7fd0af9e91e3ba1fc1c8b8293c2842e7af923a8360567d4207,CLEAR,DAYLIGHT,DRY,DISTRACTION - FROM INSIDE VEHICLE,2.0,49.25,4.0,4.0
07d7582d3cd4c87dd47d340154aca2f1fecdd80cad8bdc80df97f47ca747d8b19f4b23e99f35ce31fed1737db4a673fcbfea3050e679996e5f53443de1ff800c,RAIN,"DARKNESS, LIGHTED ROAD",WET,FOLLOWING TOO CLOSELY,2.0,42.5,4.0,4.0
07d7591d51247a07e3e59a44147e4f7c44e677679f32b2613f6f67b2e981f95a1a9c68528ad1e13ea29f365fcc3103e16569ba3e7dffa3fe1cc08aef8bd98e7e,CLEAR,DAYLIGHT,DRY,IMPROPER OVERTAKING/PASSING,2.0,42.5,2.0,2.0
07d75bb04eb9514444a6d4d8c18c03b2771907e8a9028d3a32d409123057321f91c5576236e0356d210d8711f9c674a476c97a659d29155adf1d0a8033fe8f08,CLEAR,DAYLIGHT,DRY,IMPROPER BACKING,2.0,34.0,2.0,2.0
07d75ca32d266845b289c6ac135da50fe24f4581b944f51fec86d01127c3dcd708614956909dad5814cf8a2f9ce0f6b8a6a4f2e71109a33c05c45fbac9a4415a,CLEAR,DAYLIGHT,DRY,FAILING TO REDUCE SPEED TO AVOID CRASH,2.0,30.666666666666668,6.0,6.0
07d770fddf3e2dcbfda524d087bf609708114e1eb20cf040982613f73423f648b6a2859a926a95f611610710b93523bd9663aa991f3a36a60f2bc189c3798bf9,CLEAR,DAYLIGHT,DRY,DRIVING SKILLS/KNOWLEDGE/EXPERIENCE,2.0,31.0,2.0,2.0
07d79026838d0756c64ea61aaa9359c803de11ffb9d6a3e1f4e64f667125e19d387966798d693d36b6bd85e34bcad3ba22e091a56d132bb72f4de511155838ed,CLEAR,DAYLIGHT,DRY,ROAD CONSTRUCTION/MAINTENANCE,1.0,41.0,1.0,1.0
07d794d269ffa65327cfd4eb38f8e5f0b31f5b2c057dab77363bae133634c8fd703f8903015187312d92a4e25beafb43a671a896d65233b19ed604c0667d7b70,CLEAR,"DARKNESS, LIGHTED ROAD",DRY,IMPROPER OVERTAKING/PASSING,2.0,47.0,2.0,2.0
07d7c912ded7cd91f57917d33b60fa646b7e39b59104466bfa08aa86c978e4130fd678a4d8dde26bbfc1bcbafc2da4d8699f94345127c68248669a54c5ef8b61,SNOW,"DARKNESS, LIGHTED ROAD",SNOW OR SLUSH,WEATHER,3.0,35.6,5.0,5.0
07d7e4e007e90317904026753655144b98e20be7f8172affab0a82b40ca0c4ca81ddf5fcb5d67c0b92e294977d2536bc1f1f660a72b99e67b32088f25358ce8c,CLEAR,DAYLIGHT,UNKNOWN,FOLLOWING TOO CLOSELY,2.0,61.0,3.0,3.0
07d805f19ecd800e6145004c4284bd03c9c84cc93e32916d87a0edbbf111594cfa7c83e89323025d893b69248223e0d4efce4d9a4009c998cb105c56bca70fc0,UNKNOWN,DUSK,UNKNOWN,FAILING TO YIELD RIGHT-OF-WAY,2.0,69.0,2.0,2.0
07d811e10346101555593251f5d7b08c33195e1f5b7f152e8aad1d4fd507cce67d903af0a0160f0b44c898e3175f1160c3b5e2c8063e64889c194bf1536020ef,UNKNOWN,DAYLIGHT,UNKNOWN,IMPROPER OVERTAKING/PASSING,2.0,22.0,2.0,2.0
07d82a17fba3361364ccd6e7cdb880706ba3155e96bc9c074fb2bc3abab1be7aa757a9bfa37e9c82316a4e103ab9397a3a7002556c96390cb8c097de9149775d,CLEAR,"DARKNESS, LIGHTED ROAD",DRY,IMPROPER LANE USAGE,2.0,37.5,1.0,1.0
07d854fd723054f9f0047d4bbeca811d67b143ca1cd502a7f76f85b679f297be3444f1972d99262c532c0c54c0e00f7838607e9f3fd75b2e006139d02ea0f408,CLEAR,DAYLIGHT,DRY,DRIVING SKILLS/KNOWLEDGE/EXPERIENCE,2.0,56.0,2.0,2.0
07d86615662daefbb70e04d67eef7e82a20a0e3a9015f20feda375182f6bea65bf04b32ffc1c2781be04c18fe222432a08e47ee98f9a6a5e9abbbe4614fde6c7,CLEAR,DAYLIGHT,DRY,IMPROPER BACKING,2.0,55.0,2.0,2.0
07d8760b2fe59bc69bcc0d5c54b448dfdb9942b60c7886dee14c46a12ef009a299ccae0c71b1ec3bc94eaa8d207a0bf3eb3f114b97a5f06a43c271dab5b855aa,CLEAR,DAYLIGHT,DRY,FAILING TO YIELD RIGHT-OF-WAY,1.0,59.5,2.0,2.0
07d87c0a431211449b2394ec467341b3c0b999465c08f62fa706bab34f8a1c314c5deccd8d1b29ca9915e96be713196cfabf2e39371a7b9bdae4749be4312371,CLEAR,DARKNESS,DRY,FOLLOWING TOO CLOSELY,2.0,57.0,2.0,2.0
07d87df9ed18fb75bf2c74bb34e80a54add2e36580efb7ebb5eaa976f26d1aa15fd5c21e37231eb2a7d482dafbef855ed43cb654de88c7f2b3494fb9a0635c7f,CLEAR,DAYLIGHT,DRY,FAILING TO YIELD RIGHT-OF-WAY,2.0,31.333333333333332,4.0,4.0
07d87eeb0623831ae2dd43ea03ebc06f19836bea9a964009c9d12376f620cdfb8a46f60195723cf381fe95ee297e558c032b160bfd34f357ad3fcbdc02f2964d,SNOW,"DARKNESS, LIGHTED ROAD",SNOW OR SLUSH,WEATHER,2.0,37.5,1.0,1.0
07d8c799da76450b9a1de0e21510b399b5567931fd7f9cc3937d27bb56e0696b371ff4ccdf44cf23d1e9e71ef57fe89030666800f8d893e3f81dd2b357bd6f4d,CLEAR,"DARKNESS, LIGHTED ROAD",DRY,FAILING TO YIELD RIGHT-OF-WAY,2.0,66.0,2.0,2.0
07d8df7142bc9a6c258e68112207b2f48d8291506fe2ddd4ac68ea1a2e4b95a17dcf1274ec56e9a6ff737096a1d5d0e39f8802726c06e89fa9c0f372410e26e6,CLEAR,DAYLIGHT,DRY,FAILING TO REDUCE SPEED TO AVOID CRASH,3.0,43.5,3.0,3.0
07d8e00d252b3a142b3d0b532f0e5b0114cea61807b89c1f03723b9277a1c98a315325bf70e2a5fb35247f9bdc5c82d91740c99ef73449e5ed7d5adfc82bec17,CLEAR,DAYLIGHT,DRY,FOLLOWING TOO CLOSELY,2.0,41.5,2.0,2.0
07d90446e69ca25ded3c5f7f35885684d7b5f24c41fe32f339ec3374e9ed457f1b57b80d83cc5110ef9206f54416d92e736be556d44e1e0d6713a0165874db80,FREEZING RAIN/DRIZZLE,"DARKNESS, LIGHTED ROAD",WET,FOLLOWING TOO CLOSELY,3.0,53.0,3.0,3.0
07d90961575e1f545c11215c16c6e5bf996ab565e2cf2d6affb62ae8fbd1cf26f87ec17b1d8af04eef079237522122f337601983345801f920f130cda491575d,CLEAR,"DARKNESS, LIGHTED ROAD",SNOW OR SLUSH,FOLLOWING TOO CLOSELY,2.0,23.0,2.0,2.0
07d90b8cdfbb9d5649463fd0c5df36243a0df468c23018a736f35e57b38b771db096d49cd623874a040da1f4e8de99e5b2c9b7a01039534663c0c8434c8793c1,CLEAR,DAYLIGHT,DRY,DISREGARDING TRAFFIC SIGNALS,2.0,38.5,3.0,3.0
07d90e40709d1b8ef44302e768747326e080fca9456ffe0c16b8dedba60d0e7bc0b17524b9f58dde35d5c4c5656b2b17c5ca553c4a5df313234b779ed6fa4ce8,CLEAR,DARKNESS,DRY,DISTRACTION - FROM INSIDE VEHICLE,2.0,40.666666666666664,3.0,3.0
07d91bcf42624747073595dc6b3c80715c784fd686f0a7a21c935a6d7b1ca13824a32a0bc5f6009dc9526ff9396abcee6b1aefdd445cda9a9b3629431803b54b,CLEAR,DAYLIGHT,DRY,FOLLOWING TOO CLOSELY,2.0,53.0,2.0,2.0
07d93820015a2821b21442802b72c9816ec56faf963b26c8794210de5ca788ca1946eb43b31127ffcfe07541d2d9c856582796240ead4a77f66068f396e5ad30,CLEAR,DAYLIGHT,DRY,IMPROPER TURNING/NO SIGNAL,2.0,49.666666666666664,3.0,3.0
07d94c903fdf6a7e600b5033d1e06b5dde105146d468c5192be7cd5906f09d5dc3f23372a29eb0ae8b61c10773658afb982eaa73ff558490c4b72c0ad717c2c9,CLEAR,DAYLIGHT,DRY,FAILING TO REDUCE SPEED TO AVOID CRASH,2.0,36.0,2.0,2.0
07d95ec25576b0101740c6babe7d35f337ccf774d33487d730f3167fe3918589b6b543f5a776b05bea882eaa0898af039cbc5776d41357cc0c325d0a3aeb6996,SNOW,"DARKNESS, LIGHTED ROAD",SNOW OR SLUSH,WEATHER,2.0,26.5,2.0,2.0
07d97514be2342d1fb4dcca999d7503eafa2cdea5f6da86bb7098c19a685593a611844852d425dc6b8623bc4c4c321f98a741b537930e35cbb59d5345a88abd8,CLOUDY/OVERCAST,DAYLIGHT,UNKNOWN,FAILING TO YIELD RIGHT-OF-WAY,2.0,23.0,4.0,4.0
07d9bc0af36cfee32454994d97db0c6e22bd5b6054ed435ee38419b74bc3ae1f62de4b4ab9e6badf784b7488bc3d47cc6b2db4fcf4d92afe61e1ef88a5746408,CLEAR,"DARKNESS, LIGHTED ROAD",DRY,IMPROPER OVERTAKING/PASSING,2.0,51.0,2.0,2.0
07d9ed394c86da7f26bfaf481c64c2656a8474a906983b226f3436cb7ffdbe5f190561e8c08dafb3f60b5da4b9526b2073c9a857ed0fbede02c752b40cceed13,CLEAR,DAYLIGHT,DRY,FAILING TO YIELD RIGHT-OF-WAY,2.0,27.5,7.0,7.0
07d9f17c71e1a92fef5a851d900bac3640c8c68f4165c823dae138eb109e87db434e974fbd5c9bd801ee31749626a12128c2028de186e96f1387d9d8589746d5,CLEAR,DAYLIGHT,UNKNOWN,IMPROPER LANE USAGE,2.0,35.5,2.0,2.0
07d9fffbb32860b215c86b56ded224c185cc6912dc1cd19451f9eba79a0bd0da3a1d1edf1c5719cd22ec0fe0d22bceeabb6f28e44876d2a4e87c7780ab04db17,CLEAR,DAYLIGHT,DRY,ROAD ENGINEERING/SURFACE/MARKING DEFECTS,1.0,80.0,2.0,2.0
07da35f7ade23039f7f770e5bb3e8cf47cc7f9006659400d1cb9e07d808a1b27ca9560426e07c8d692955d4e4ac6859627b0eae5872e72a4b21ffd5f77837356,CLEAR,DAYLIGHT,DRY,FAILING TO YIELD RIGHT-OF-WAY,2.0,15.75,4.0,4.0
07da38eacd5ca7545514b99650d831c8b5d16352669463735265c000375000e5496de89e2d797f922159a46c8b8ff0702ea312db760ec915d47bf81a9e988d92,CLEAR,DAYLIGHT,DRY,IMPROPER OVERTAKING/PASSING,2.0,38.5,3.0,3.0
07da598260094d29aa5efb7d7843959203e1f626ee5e05b2c3110288d1d805816e97cdfa3693aaf3f5bc5e8a20f62e8bb1e4cdd8f4a9101b2be5b9c1b09e87f8,CLEAR,"DARKNESS, LIGHTED ROAD",UNKNOWN,IMPROPER TURNING/NO SIGNAL,2.0,46.0,2.0,2.0
07da6ad058a55afd9687507d264c016b731742c0d7b1dbc763300aa758c3bf5f0726d36efcdd3a0d3934a3c21ce66503221a3998bb407d6329cc89d479fd462a,CLEAR,"DARKNESS, LIGHTED ROAD",DRY,IMPROPER OVERTAKING/PASSING,2.0,38.5,2.0,2.0
07da8ad140fd47400eae09da69a42ae40489d52d4ebb9e172194c690db599a6fdcd480c975117f30f0dc495ebea570203a4cef549b63bbd3ec2b794a0970f7da,CLEAR,DAYLIGHT,DRY,FOLLOWING TOO CLOSELY,4.0,27.0,4.0,4.0
07da941be0fa2ffbc8fe5a1b0e534c6da070702f866b4140dbba090891c442f85822802698f110fa992675836ca4c35a1e4af855922b5d708216e993cc82000b,CLEAR,"DARKNESS, LIGHTED ROAD",DRY,FAILING TO YIELD RIGHT-OF-WAY,2.0,46.0,2.0,2.0
07daa61327ed1058e6c7889a0c0fff2ea441e8961e1de1d3aea2045230fdfb5a3db567283506bbc2174fb7fa9fbacf224567963593af736bdec21921ea8d9a00,CLEAR,DAYLIGHT,DRY,FAILING TO YIELD RIGHT-OF-WAY,2.0,48.0,2.0,2.0
07daa686e583a412940e2243c423a396c0eaae29a98b1231f79f3c72b625baeef9405ef93111b03b734a2bd1d8df910d2e53963475bc8e3f20c5fe11a5f0fa8e,UNKNOWN,DAYLIGHT,DRY,IMPROPER BACKING,1.0,70.0,1.0,1.0
07dac8cf7a1db42224ac3f7190b78d5645373fb7bbae017cccce757d9d5ec9fea38cb84831766f81e8510aa2d2f2c85f50ed00586aaa9876c8adb58bacbcd6b3,CLEAR,DAYLIGHT,DRY,FOLLOWING TOO CLOSELY,2.0,34.5,2.0,2.0
07daeaf0663ab8299118ed995856d7f6ed1d40dd72d421c8b1efc80b0fb76a61c4b3f45edabb1cb9f0af11fd94a2ec2e6c3888b5e6890a866730b74bed067504,RAIN,"DARKNESS, LIGHTED ROAD",WET,EXCEEDING SAFE SPEED FOR CONDITIONS,2.0,23.333333333333332,3.0,3.0
07daf8a07c6b8be1a07fadc97016499a923cc917c72cf507f8b4d74c861e3cd0e86c5e1b759e66196810aef1b68536a330fb1c3eaf3f29193bc5914e48c200de,CLEAR,DAWN,DRY,FAILING TO YIELD RIGHT-OF-WAY,2.0,18.0,2.0,2.0
07db24ed43930cd08a8e8166143985bbf4faecf2dea56cb6c0e3109d6e6e4bdcb0e0fee60e0dd693196539ae3c94cbeca7a58ce163a721efefdcebecc0660403,CLEAR,"DARKNESS, LIGHTED ROAD",DRY,IMPROPER LANE USAGE,2.0,34.0,2.0,2.0
07db40485830469dd69cba8c744d0f558dc1581a5941367ab2397e7a8d5c4f65d0b20b5c9e5d05cbda332602345e9eef8cbdb44df0dca8c43a28b9c0efb5e93a,CLEAR,"DARKNESS, LIGHTED ROAD",DRY,FAILING TO REDUCE SPEED TO AVOID CRASH,2.0,30.0,2.0,2.0
07db544c2d566117e5c7fa3babe8dc30877bfff6bdf7ceca714ea6c6c64d917daa01a5b24136cc014b48c008740fb14e68789debd2ad80bec76de396041d92f3,CLEAR,DUSK,DRY,FAILING TO YIELD RIGHT-OF-WAY,3.0,0.0,3.0,3.0
07db65e536eb2883c9820353d37ce3bff2073ba336bde0426a3a9d593c344184744125f42807faf9daa0f90511d7d2a00ffb70f7484c819e718cc6a5b4aac0fc,CLEAR,DAYLIGHT,DRY,DRIVING SKILLS/KNOWLEDGE/EXPERIENCE,2.0,41.0,2.0,2.0
07db6706d8a1db78aba7021c204a76cb0c08157f173e5aa4f1148ee45b617108903f66175e9efcec3f165d0569de2dc6159344050e541eac84795337b6371b88,CLEAR,"DARKNESS, LIGHTED ROAD",DRY,FAILING TO REDUCE SPEED TO AVOID CRASH,2.0,39.0,1.0,1.0
07db770c73590adb55386f70742f45635b6c6453c774a50eaf0d04de417071d87547a4097b127b7d4f59922e04869c64c200fe45e32d95d535dab7ca93a9ad2e,CLEAR,DAYLIGHT,DRY,IMPROPER BACKING,2.0,41.0,1.0,1.0
07db97c8734abaa4703f988453d0969a73e4a7b9c3ce688e19195fe3dcb7b804c75a7b8aef85655ec0328ec19380036a99a04a6bef35db527cf9ff271b68f5e3,CLEAR,DAYLIGHT,DRY,IMPROPER LANE USAGE,2.0,22.0,2.0,2.0
07db98c95244633f976ef86bad9d56f3ef3181c63be5dd0df3f1f559ccc304a1effdb4772bcc4e3cea9cfc7839348077ea4a655d0779fe4cdd5da81353698f73,CLEAR,DAYLIGHT,DRY,FOLLOWING TOO CLOSELY,2.0,55.0,2.0,2.0
07dbc294922c246a8f6b990e236fc4c84f829306f4de985af16912ef141277cf1eb25305c86b84396f3b3d70f01e2b56e4485d114a7ca0cd0d0cf0f4488adb64,CLEAR,DAYLIGHT,DRY,IMPROPER BACKING,2.0,81.0,2.0,2.0
07dbd67c1fae9123a44049ab92352a990a0fb3b2c2a2e5203b5d951ed52490ceeb8ffbd3b9d7f602b5362de435c4214293a9976ea348600870a9f600fb425699,CLEAR,DAYLIGHT,DRY,FOLLOWING TOO CLOSELY,2.0,27.0,3.0,3.0
07dbdc154e2eec10074921197f3c29847416e1fd2d3de1fc8d14ac23e5f49074b4bb6c9476de6b677c843f4ac349c12f17adc15fc63f6b12c590aa0fe1075aa0,CLEAR,"DARKNESS, LIGHTED ROAD",DRY,IMPROPER LANE USAGE,2.0,40.0,5.0,5.0
07dbe2bb102528c098516488794f736b6f1bd6f3293cc25b95fc976aaed12a4055be7db45bcee17c011699596b97e5b1e99c80858260bf4f383e55e7ee973549,CLEAR,DAYLIGHT,DRY,IMPROPER BACKING,1.0,24.0,1.0,1.0
07dc12f179135cce2bcbce70f5b0a727b5cd840d21eb022b5356889838f33db20fbcf5ce3141fd7df4716d7013b0590d6e20232d46b75642afe79c5280600672,CLEAR,"DARKNESS, LIGHTED ROAD",DRY,UNDER THE INFLUENCE OF ALCOHOL/DRUGS (USE WHEN ARREST IS EFFECTED),2.0,24.0,1.0,1.0
07dc3d4e4058be35270c9dc71693f1acb21e4fae8db9652fa775b3bc980cf8138d31ed7a4ef69a73d84f96c082ac6752dddefe0d81892b6655604f5fd457ad0a,CLEAR,DAYLIGHT,OTHER,FAILING TO REDUCE SPEED TO AVOID CRASH,2.0,16.0,3.0,3.0
07dcb2d720c4aad5a513da47604d56720c2b5504e38029946df40be4c32e0834b3b8ba5d95bf1201e9417199de2dd43c064e5184073de4966820c6fc5b92c093,CLOUDY/OVERCAST,DAYLIGHT,DRY,FOLLOWING TOO CLOSELY,2.0,35.0,2.0,2.0
07dcb6f0673c69b7a23650a233ccf9e5e5396e088c922361cfe18cb28cdd6d478cd31a0e5aa76367e88d58228da88a981dc3f3bbb2479953ea496526277b9901,CLEAR,DAWN,DRY,FAILING TO YIELD RIGHT-OF-WAY,2.0,41.0,2.0,2.0
07dce7b80f004fa8522ec014135d65da532569db9c3460d4055dde865c7653a9a6e8c3afdb5ea4d29254c0cfb097f1b05c7c1953aa0e2c3f46120701cdb0774c,CLEAR,DAYLIGHT,DRY,FAILING TO YIELD RIGHT-OF-WAY,1.0,33.666666666666664,3.0,3.0
07dce9104cb5acdb325090e5ccea6d7cdfebb86e84931cb687170c85c57fa39ef18a84544949fb9ad4d1806467a41e4e113b702f1094f176ee8369887eedeb79,CLEAR,DAYLIGHT,DRY,DISREGARDING TRAFFIC SIGNALS,2.0,45.0,3.0,3.0
07dd11dfb362b1764fc7ad4ceb4e0852af1305246d09f0590357992449ee7ba2e87f5cfa6deafd46d34255cd05f08b3174ea20fa76f377e44d583205fadbacc1,CLOUDY/OVERCAST,DAYLIGHT,DRY,FAILING TO YIELD RIGHT-OF-WAY,2.0,43.0,10.0,10.0
07dd221b728255efd05ba1117f42d101c35be3053465c9632fe302cf0c8b9f97f6e0507ae50326ffdc69b30bd9e64e3c067ea2052b530d46b462ea043feb9cb4,CLEAR,DAYLIGHT,DRY,FAILING TO YIELD RIGHT-OF-WAY,2.0,27.0,3.0,3.0
07dd775d80caa258c2915c8b1585895827a911ba98eadf44724ba5940a1303f9a2975bf7e33f2e4b4865dd6d576f28560e1be525bf6be00bdfc72e32165c56b3,RAIN,DAYLIGHT,WET,FOLLOWING TOO CLOSELY,3.0,37.5,3.0,3.0
07dd9cb34613ddf0d4e472e7f4644f87b6283008abc4fd7c361e01f0b4b3fdb4a8624366862292ace9739c4ffa3ce6607625ef9303a4b6c955808b1de07ad317,CLEAR,DAYLIGHT,DRY,FAILING TO YIELD RIGHT-OF-WAY,1.0,66.0,4.0,4.0
07ddabea496f06e3787d55814059ca185f97a6fef8ba4c9cfcc91337218579d5d90300136e84f9a192785fc81fb70b54131451c19e057970abd68b608ef946d0,CLEAR,DAYLIGHT,DRY,IMPROPER OVERTAKING/PASSING,2.0,29.0,2.0,2.0
07ddc666aa732145aa8d595d111182922ba7be04238aae823332c3b68d45dc2d2eb8a9b51e592835262e89c7d326a81bdc263d03e811746d0cddbc69805e56c9,CLEAR,DAYLIGHT,DRY,FOLLOWING TOO CLOSELY,2.0,47.0,3.0,3.0
07ddddcce10c8a816dee08a7d159c5a92861a33eff99099a3db047e65881fc9041b341518f640b1981122eba1cd89e7dab25fbd3aba119bf06bc0eaa509372e4,CLEAR,"DARKNESS, LIGHTED ROAD",DRY,IMPROPER LANE USAGE,2.0,18.0,1.0,1.0
07ddf0e907461e2d2ed1b276b051eb454a69de382a83418b29b45cfcf8ae17e2fde649e2964b570f388975073de52284b994ff1f5c0cdc6ae31036783a618045,CLEAR,DAYLIGHT,DRY,FOLLOWING TOO CLOSELY,2.0,67.0,2.0,2.0
07ddf437fe6af357bacb5e0a6ff1f50975645ab12bfe6110dfed2f757fed267c3feb9ba6a606959b5cd2c3d9aa443643fc1098c60168129be471fca34e3a86a1,CLEAR,DAYLIGHT,DRY,DRIVING SKILLS/KNOWLEDGE/EXPERIENCE,2.0,26.0,2.0,2.0
07ddf7fabb42df0ad1b6081e0bc772e537b309f198e3d72fb40683f1107b9dfca0febee3b5df2058fe76075771a69e9eea17f3a7ebe37d38a1f7e0c09e6bfd80,CLEAR,DAYLIGHT,DRY,PHYSICAL CONDITION OF DRIVER,4.0,17.0,1.0,1.0
07de02b1de7ea05d9e4e759c810567887e0b3a173531aeafc986e3c761a447e0d1513dfda004e66de78e4c647f88250ab2ada7037a084ed59b13d3964236cb07,CLEAR,DAYLIGHT,DRY,IMPROPER LANE USAGE,2.0,45.0,3.0,3.0
07de678830e72b2ad628e28a7ba41648b011e3388dc9a04e1809997962e3be3d6f49061207c144a4677a766c18b2eb42fa4bb7b472e072cdae9c8c4e1ec9dc7d,RAIN,"DARKNESS, LIGHTED ROAD",WET,FAILING TO REDUCE SPEED TO AVOID CRASH,2.0,29.0,2.0,2.0
07de706ffa5bca4f09fdaf35de88fa78f18fc43d3b992a2a6a97f4b129e414e58913105f0d77a3ef5b5a63db5d3649f993577f96cfff6f0c94ad3e610d442435,CLEAR,DAYLIGHT,DRY,FOLLOWING TOO CLOSELY,2.0,60.0,4.0,4.0
07de7fc910e5c34c2869624786ca6b57a6e61f8ddf195bdff0611b4f8fd7e86faae3fd4784c393dc1173af0972014148312ef7335619e61ed55b02660cd02e63,CLEAR,DAYLIGHT,DRY,IMPROPER OVERTAKING/PASSING,2.0,22.0,4.0,4.0
07dea5fb3d476b6821db2acbe63c694fd74a4ad869ecd9b7a1a5295eee4d3e94acaeab2bf8ea0c21767a3ba51db86137357c5b57baae41ec0c51786d656905e0,CLEAR,DAYLIGHT,DRY,FAILING TO REDUCE SPEED TO AVOID CRASH,2.0,29.0,2.0,2.0
07decea9727d794bd43425f568efeb927d2f0f4c5174946691d510997daa7d4c24026e650a2e335f78914e3773bcc754736a7a616c880a53a7fff8d702ee4726,CLEAR,"DARKNESS, LIGHTED ROAD",DRY,DRIVING ON WRONG SIDE/WRONG WAY,2.0,37.5,2.0,2.0
07df441fb20aa00616f5368e1b950dba69c7933445d856bcdf4d165d36920b61435a0b2dc509c6306bf6afcebca1d55c2420c360096fc1a641185ea65af657f1,CLEAR,"DARKNESS, LIGHTED ROAD",DRY,IMPROPER LANE USAGE,2.0,42.0,2.0,2.0
07df44bb67cffc4a6f7401a6f10d9b8c23c30150cdb8997844ace34d8ba1c33d0a2855c02f032def30db6880c2ab767403b6411c69b9a750a1aeab4b860225d3,CLEAR,DAYLIGHT,DRY,DISTRACTION - FROM INSIDE VEHICLE,2.0,28.0,2.0,2.0