crash_record_id,weather_condition,lighting_condition,roadway_surface_cond,prim_contributory_cause,total_vehicles,avg_driver_age,total_people,total_injured
07dfc705728d2b6706b39e2032a2cc9b780d8cdcd0cab8f6adf4f3d88845c6a05bd7bbe64f5a11d027537470f0e6b9b98741037f9cfb996d59bc989e8409a45a,CLOUDY/OVERCAST,DAYLIGHT,DRY,IMPROPER TURNING/NO SIGNAL,2.0,28.0,2.0,2.0
07dfec716c1f078ef837763ede195f86b59d62a8415c3b778b5245e918e7d988533986e0f2c3d0785b97dff645666a79691ec2a00780eb9dc9c589c0e0fef219,RAIN,"DARKNESS, LIGHTED ROAD",WET,UNDER THE INFLUENCE OF ALCOHOL/DRUGS (USE WHEN ARREST IS EFFECTED),1.0,20.0,4.0,4.0
07e004a264ac7bb7dcdfcaef2fb79676eccc41d86015977914196df268f367c08572d9c0188c702c25c731aeb02496c0c87b2be8623e988e7fd901a2cbd8566b,CLEAR,DAYLIGHT,DRY,FAILING TO YIELD RIGHT-OF-WAY,2.0,31.5,2.0,2.0
07e079f1f7e052e1224e35d7226577f4785589099a695d71e1cd59cb891a16fa486e1f87bc7c216eb58a1028eb6cab99640d4b45ae7669e7b58a363e132cf0fa,CLEAR,"DARKNESS, LIGHTED ROAD",DRY,FAILING TO YIELD RIGHT-OF-WAY,1.0,44.5,2.0,2.0
07e0819ecd4c9ad2922b74e04a5aab19eace17c611b7b64b54157f00b9d907e85141548864b87398ff89d9eb26c7130c965af9223ed85d4b151045c510e63fbb,CLEAR,DUSK,DRY,FAILING TO REDUCE SPEED TO AVOID CRASH,2.0,50.0,4.0,4.0
07e08c8054528f5fd3f8c750f2317c633e59d737277d4c4ea5662aff64422a69db565a2d045bb051aaa6fb00b22af5da8698a2fe755932acb83a4890dbd86ab2,CLEAR,"DARKNESS, LIGHTED ROAD",DRY,FAILING TO YIELD RIGHT-OF-WAY,2.0,46.5,2.0,2.0
07e0b26508cd823c12e44263cae3f345082600ace6f16f26525d2dfcec946bcc80f834addd16528ff1d3ea2441fb8a6accb33cf128bc8496b3865db03662e649,CLEAR,DAYLIGHT,DRY,IMPROPER OVERTAKING/PASSING,2.0,42.0,2.0,2.0
07e0cf2c5e040dedd8282db66dbc569d825428a079c852875502a9e7c808428cfaf1bba5f4b6ef5ac0477d4fff429e0ec3cd3478baf99f29dd9755ab2331f9d1,CLEAR,DAYLIGHT,DRY,IMPROPER LANE USAGE,2.0,38.0,2.0,2.0
07e0e2ffce54f7ff669e240500f6d97f4207b7a6b36e4cc2a30a3dcb65acc6ffda4dba5404fbf61ab8e109ae4c94103ff72b8a5247b1bfc67c453cd47a389bbd,CLEAR,DAYLIGHT,DRY,IMPROPER BACKING,2.0,64.0,2.0,2.0
07e1137dd2288d3daf3aca270f4a79a9e688e9d38955c354c01b905f369499d376a8805cb16779a97173e8aa7206d2cee0b43eb0507dc5d3929193f7a523b225,CLEAR,DAYLIGHT,DRY,FAILING TO REDUCE SPEED TO AVOID CRASH,1.0,16.0,1.0,1.0
07e18c3c188236c74e4df7eede721e58ac57c7113bb4cb5ddab71b79de8aee67f1977b47bfe898dbfc2d9b01e426b86d3223503244071c79f9f296583e0e9d01,CLEAR,DAYLIGHT,DRY,FAILING TO REDUCE SPEED TO AVOID CRASH,2.0,60.0,1.0,1.0
07e1e84d3bfba50b7e59968c1e73d8cce0be6938e7de4cb2c9da02f0d73ee96c772cac1f13e8ed2d1327fd2f969d5e55ec3aa8dcc3b58f8c7ec409ccd18fd2f7,CLEAR,"DARKNESS, LIGHTED ROAD",DRY,DRIVING SKILLS/KNOWLEDGE/EXPERIENCE,2.0,47.0,4.0,4.0
07e1fe604048bf402b2aa9348ee96845904af540abc347b9a84c4cf0c364a209c9059ff3595eba9e8747467081d5ed120a78dd3f30863b17afb9febc62e4a91a,CLEAR,DAYLIGHT,DRY,IMPROPER TURNING/NO SIGNAL,2.0,25.0,2.0,2.0
07e203c16e82fd7b5630d2042cdfab83e9ac0631d2c2a2f039a1a6c4016187e5a02e3b9ade2e443a073fe6baffe6d534e632d7c1ef2694634c9362d6afe8e11e,CLEAR,DAYLIGHT,DRY,FAILING TO YIELD RIGHT-OF-WAY,2.0,41.5,2.0,2.0
07e21ffdafdd3f9f0f5fd420777958ad2fe0e0624db13810d21698f22b5d03ab11ecd2d550217c86143c013b9853738c8d26bf01e71eca5bd48b55729c9b294d,CLEAR,DAYLIGHT,DRY,FOLLOWING TOO CLOSELY,2.0,37.0,2.0,2.0
07e2505ad286ff4ec62d07befa1087acf401405a997d81cdb70bbaf9487d16c7b7f610bba13352c3c45721aaf3a4536e44700394758308ab6b43fe89ef3fb589,RAIN,DAYLIGHT,WET,FAILING TO YIELD RIGHT-OF-WAY,2.0,36.0,2.0,2.0
07e270574e6e2c54af6f212e2f0e2e22f68dd718f097053d9b736990dbcbad56331e8820ea325790bfc4b7a785d9abc4145b1bbf13f25495576238ecca75f31f,RAIN,DAYLIGHT,WET,DRIVING SKILLS/KNOWLEDGE/EXPERIENCE,2.0,30.0,1.0,1.0
07e275d70d708145e69c77bd764102e608d54459deabcb312187adbbcbdab18100e3b8564bd3365e48d78bf843b8db89b74b087b6d73752915dc9d5e5d5c9b51,CLEAR,"DARKNESS, LIGHTED ROAD",DRY,FAILING TO YIELD RIGHT-OF-WAY,2.0,34.0,2.0,2.0
07e29c5d20b01cb5a0a972fb114d58a5380fc4a64ba33a4629cef4cca6ec64e00ec2526c7b487b6baebb0109c6509a82774d55d2ad95b98f6bc3ebf460a5f560,CLEAR,DAYLIGHT,DRY,FAILING TO REDUCE SPEED TO AVOID CRASH,2.0,66.5,3.0,3.0
07e2a54ae1024a9fae91bfd59f27cf93eca0caa8a82e4e8b9734aeea6b26836cc2df728fb23f9e67413092063ca5060b9c2bcc8155d3e1152b80a027089e3b83,CLEAR,DAYLIGHT,DRY,FAILING TO REDUCE SPEED TO AVOID CRASH,2.0,46.0,2.0,2.0
07e2a93b9a3c26b4683e5fce8ecaa409b34bc2ebdc2357e8cbacebc5fbfc510e18f303997b97b6bd532cf44d2b78a19e2e9f1107c7b04c4a24a795404b206615,CLEAR,"DARKNESS, LIGHTED ROAD",DRY,IMPROPER OVERTAKING/PASSING,2.0,31.0,2.0,2.0
07e2b89130a7d5453e65d41b62e0e751c8c1c38072545fd2db91bdc76e669df1735e5f203aa96d52c69fb07b4075848ceadb587f353aa95092c9cb29b34938d0,CLEAR,"DARKNESS, LIGHTED ROAD",DRY,IMPROPER TURNING/NO SIGNAL,2.0,32.0,3.0,3.0
07e2be6a2c62708c6cef04d88ae62d6cd05367274571d2cbbb57a4c1cf2a4deca21f3bcb38c9d19afa69493a5cc7c03e65d864a67ac55663e1b8e10e8de10a95,CLOUDY/OVERCAST,DARKNESS,DRY,IMPROPER TURNING/NO SIGNAL,2.0,44.0,3.0,3.0
07e2d5e5dca678814ada628391580f15015dc2535769df33b7d3a1bddfa47bb9fc11d576df8af57c5ea6451425227e6b125cbb881e79ace5cb788db8b4b00ad1,CLEAR,DAYLIGHT,UNKNOWN,EQUIPMENT - VEHICLE CONDITION,4.0,35.5,2.0,2.0
07e2dddbee42aa8d82676f6ddc5161422387ac6389cf9255179cd05fc1a16cd50d1fa21e20eb2ddf47b807833403fad8ae4919aae7bbc9a74923aa0f9e245d49,CLEAR,DARKNESS,UNKNOWN,FAILING TO REDUCE SPEED TO AVOID CRASH,2.0,10.0,2.0,2.0
07e2de8abd29660487b331c3db0240548f17ba61762c61505317f355799eff79d4282ff13b927c36ac7fd69055a1a67e031b428b154ab431b20a9e2ccb41499b,CLEAR,"DARKNESS, LIGHTED ROAD",UNKNOWN,DRIVING SKILLS/KNOWLEDGE/EXPERIENCE,2.0,37.5,1.0,1.0
07e309fb3e0af4ecd82ae5cd8f10dfd317fdeba1fa3c1de6afa5fe4abd7b30c732f51ab037df4bff78906f99b4dc64da5782ca01bf4a055d899b03fa6a54a9c8,CLEAR,DAYLIGHT,WET,FAILING TO YIELD RIGHT-OF-WAY,1.0,15.666666666666666,3.0,3.0
07e3273e43186dfbea6323c1effb4df9804cf044578671d37082304da337618db3b3064ffe3922f08d8d7d3ff060f8cbebc1082d93aeda0863f2e9bfb83b125f,CLEAR,DAYLIGHT,DRY,FOLLOWING TOO CLOSELY,3.0,32.5,7.0,7.0
07e33d8bc1cc145cc883f18c795c3a087f3c9ea8de4d5048ea46fb93ce78082cf7935bc2dca5c93504b26a3d2467d902d63f370debfd5d116421fea2bd688e13,CLEAR,DAYLIGHT,DRY,FOLLOWING TOO CLOSELY,2.0,29.0,2.0,2.0
07e359b544299dd0ca449d843c8a66a3887512d933599717d78f9026ce4ee9de7ac43104abd6b9927e3875dbc389d219a5d02d89910f9115532b81a17b937804,CLEAR,DAYLIGHT,DRY,DRIVING SKILLS/KNOWLEDGE/EXPERIENCE,2.0,27.5,2.0,2.0
07e365f2a9b51e37504d3664363465a915dc9d37a41cbae21e5b769f88bcf3bb218622867d3eed4b5af5b245552faf7fe3be1fef9638f4da8afdb08ffd7e0c10,CLEAR,DAYLIGHT,DRY,IMPROPER LANE USAGE,2.0,31.0,4.0,4.0
07e3800e7535a9f318a5292eb812e93361b99ccc362bd47753dab91912f1f3975d8da3265c4781c8ea61b9cb1ae77d06fc7f797229e144c12fc0204061a7b057,CLEAR,DAYLIGHT,DRY,IMPROPER BACKING,2.0,65.0,2.0,2.0
07e3ba44b74cf50fdc5fbe20b3d8c27ce834b123342cfa428b9efcbb55ab70a7f9cc9f0f0dfb60df12eddb6af1143ea8fb34d5d54d5babaf6b4c707843a1a702,UNKNOWN,UNKNOWN,UNKNOWN,DISREGARDING TRAFFIC SIGNALS,2.0,48.0,2.0,2.0
07e3baf8caa6e77eb0bca126769645aa31815d5568ccfeba21a2f92e26b9e0e5a05b963bfdd8bfb41fc43cc6a72a99334784c1b851b0aaf5f9c691dee784bdfc,CLEAR,DAYLIGHT,DRY,FAILING TO YIELD RIGHT-OF-WAY,2.0,40.666666666666664,5.0,5.0
07e3d918effe9fe053536d842db203151737c9719a2fcef16683a0dc2ecee9cc80e1d7e13993acebc22531ea5bb5590d11c87f57e6ee8029b91cdacf4c0e9aae,CLEAR,"DARKNESS, LIGHTED ROAD",DRY,FAILING TO YIELD RIGHT-OF-WAY,2.0,30.5,2.0,2.0
07e3d9c40b7e4f3da65fbe3523c1027cd38570d0d5c07550418c83f7d31a431d08c96caa709516d17cdca9645b12dae61652bbda707cc1c49cf46a596aa868bc,SNOW,"DARKNESS, LIGHTED ROAD",ICE,FOLLOWING TOO CLOSELY,2.0,19.0,2.0,2.0
07e3e07e89fd6636042061c35637ab9759f4a053bd8fa2afca26d0c255f695a0a09b8bcda57d3c148c9fe768f31f27760c2be65162f4fd0636c8324ef79a9722,CLEAR,DAYLIGHT,DRY,ROAD ENGINEERING/SURFACE/MARKING DEFECTS,1.0,37.5,2.0,2.0
07e3e93e19259c1b8b18e8ed95254a548be5c4d8309fa04483bcae734aa2800b6689a2afc8da5cf9c64de354008b966d3d51825496eaab5394efe4fe32722cd0,CLEAR,DAYLIGHT,DRY,FOLLOWING TOO CLOSELY,2.0,45.5,2.0,2.0
07e3fc38229d8f94a3cb7ffae804f951d80ee728bc631d1c26bb7ebfacab15f3d5b2677c0728b9be2e9d43f08249223030adf7bed3bf651ba498debc9cc9c453,RAIN,"DARKNESS, LIGHTED ROAD",WET,ROAD CONSTRUCTION/MAINTENANCE,1.0,28.5,2.0,2.0
07e404cbc46558b54f39c9add8ee9197e9c4008e94fb0e565e2340fcc10c37417fb218dda29820c24bcaa01a08e4e7fe53a5180178c54e183757c8c98cf50c04,CLEAR,"DARKNESS, LIGHTED ROAD",DRY,FOLLOWING TOO CLOSELY,2.0,36.0,2.0,2.0
07e445912ad1b6bd29b1a1bc3e322caa365740865d01bac2944429c96b2212bd5912e1e4595c5481281dea4890ed41bb58cd7c4dbcc62636ff7521afaf5ada38,CLEAR,DAYLIGHT,DRY,IMPROPER BACKING,2.0,24.666666666666668,3.0,3.0
07e46e92326bcc037cb8ce3bfdaad2211dafdbedd9b4a08fdb56be554156a42ea8e3b2fb688f26357be99b8288e78cec723daf3d6a8e689e176dfadf91887c86,CLEAR,DAYLIGHT,DRY,EQUIPMENT - VEHICLE CONDITION,1.0,54.0,1.0,1.0
07e48249e75590db2ed9a16b83a7272a4b1091b84e32eef009d6c1e2a41dd80d9b6c91ee3f8928bdaa27ec5089252a882e374c4e65e0284252369ade93b66731,RAIN,DAYLIGHT,WET,DISREGARDING STOP SIGN,2.0,46.0,2.0,2.0
07e497e9581c3d03d05c4b08bcb34ead7b21f46ad2e3c2494edac221488276bbfe8c0730d8b78353b07c88373318f84e7ee0c85d1b92c158a3804612e5596503,CLEAR,DAYLIGHT,DRY,FAILING TO YIELD RIGHT-OF-WAY,2.0,38.0,2.0,2.0
07e4c1c15eca2f9ee8fa0d8f09b6eff39bf31afaf4efa48875791759c31ac51d9d02103f2d78f2f97ed299649cfa2d3f0aab1b1bf862827b7e1c5c0905fe6933,CLEAR,DAWN,DRY,IMPROPER OVERTAKING/PASSING,2.0,43.0,2.0,2.0
07e4f06123978d14b08ec55f927ff0664061846a1c3be8bef449457d2e5beae23d8e259bd91227553ed4acfc74a2820de1352996f944f054eae58dbd9f2319b3,CLEAR,DAYLIGHT,DRY,FOLLOWING TOO CLOSELY,2.0,31.0,2.0,2.0
07e50b0cdf75668f61ee2905abbfccade41176483297c889ef3253a751ddc2f4e2d1930a1ab52e95331ab8b567009eebde9746e85b5011b1f797e9e9a8270e90,CLEAR,DAYLIGHT,DRY,FAILING TO YIELD RIGHT-OF-WAY,2.0,24.0,2.0,2.0
07e511f5a1e4449fde66db18330798264ad91f66f14dd77cb9601c2cde3834b5a07c962da15b756dc0576393f312b12c58e426431156f4239f5491609f0bf7a9,CLEAR,DAYLIGHT,DRY,DISREGARDING TRAFFIC SIGNALS,2.0,40.0,2.0,2.0
07e575eda6bcdeaba275abd5e02cd08f58cd928c3761da1b3d3cc1e61f840bce91ee2520f89349969ea84595722c0f0e4b1951cf5c265c442b99ae7ce9b8ac1d,CLEAR,DAYLIGHT,DRY,FAILING TO REDUCE SPEED TO AVOID CRASH,2.0,51.333333333333336,3.0,3.0
07e589cae605a4ed6290b39dee3e4d3b03c5408da7d032ae701a8f6d3dbec648acda05d5c94a04fd07ed1e9ed0f21b07a1af136db3ef598856df25cb203e7c95,CLEAR,DUSK,DRY,IMPROPER OVERTAKING/PASSING,2.0,58.0,3.0,3.0
07e58bc8a594952042d5698b23266860335d4467e1e1513707e4e723d1c08be9ad0ed92b0390912954d06ab3f33b8555139fc7fe33b149b039e48eeafbbc133b,SNOW,DAYLIGHT,SNOW OR SLUSH,FAILING TO YIELD RIGHT-OF-WAY,2.0,45.0,2.0,2.0
07e5cc0eb0d670afd7ec1d012431151ef5880028980954606148b030922bb56f1f46d567c0eb48966874afaf59048827275953d1e465b748975d9aacb2c089e3,CLEAR,DAYLIGHT,DRY,FAILING TO YIELD RIGHT-OF-WAY,1.0,45.5,2.0,2.0
07e5f1d4a8f59419825d3be7f0193305a93fd1f517c5b27c7a2bd0aa244957c7552bc2b75a1bcc803c92dca0cb72e15b34280c788e12237d5d8b4ac24a48e228,SLEET/HAIL,DAYLIGHT,SNOW OR SLUSH,WEATHER,2.0,24.333333333333332,4.0,4.0
07e5fb7dd4fc7d777162e6f5e5c7dadab1b1b2dc6666c766a3313e80d7d939056864528dcd3d5ecbd39d317bbd07e499de780f58ab13138ec29f4a8b156129f5,CLEAR,"DARKNESS, LIGHTED ROAD",DRY,FOLLOWING TOO CLOSELY,2.0,31.0,2.0,2.0
07e61f3e67a58443ae6fef90f0346acea328e592b275926452c87a77d9f4af99bf09f9decb3dab6e05e0feb28f3e5e6f2f311d9b45c2d6adf05260ece315001c,CLEAR,DAYLIGHT,DRY,FAILING TO REDUCE SPEED TO AVOID CRASH,2.0,40.333333333333336,4.0,4.0
07e630f779970f345a383b51b1c0eb97343a9e613653b0aa65a85f594249b6440016071f7b3140593a80d05811c80410fb6cb394b6a415d68104af73371b079c,SNOW,DAYLIGHT,SNOW OR SLUSH,FOLLOWING TOO CLOSELY,2.0,41.0,2.0,2.0
07e689c141cda304155ad6cbe15062051c49b44f7480f96543f40b9cbe20e9c3460d2f467d9e08ea6dad4be834a309aa9d8509d1c471e1835d061408ca45c70e,CLEAR,DAYLIGHT,DRY,DISTRACTION - FROM INSIDE VEHICLE,2.0,14.75,4.0,4.0
07e6d48636b79f0893b97dde86ee09cb10d89d28d0f8a7134d7a8ab3d59daf2544213959783583cb52d1d0b32ff8b6c274b29a2bd993d76c81568ca555f3db64,CLEAR,DAYLIGHT,DRY,FOLLOWING TOO CLOSELY,2.0,33.0,2.0,2.0
07e70cadf317e175dfdcf63e31a36fad90782c5ebd0cd60686d899ea46bdb97935b29d10d3b18e7c7b3cbdb40e2bf0bf85e1b22bb2a9376fb1f9808850ce6da4,CLEAR,DAYLIGHT,DRY,FAILING TO YIELD RIGHT-OF-WAY,2.0,66.0,2.0,2.0
07e71c6f788cee5d6a27aa81a3cd9c722f022540086d3fe64c114dd0a9d1c235f5bd82d95c5fc6f56ccac8397c066fc94464909add44b257ea1dc32215f5ce0d,CLEAR,DAYLIGHT,DRY,FAILING TO REDUCE SPEED TO AVOID CRASH,2.0,35.0,2.0,2.0
07e746c05f5d3c37d13c0a512e045fda4c925300e52143aea45aa8b1e171056e2749917c2ab83cdf13db2dbf83158833c811a1ad488b4fd645f315024cd07f27,CLEAR,DAYLIGHT,DRY,FAILING TO YIELD RIGHT-OF-WAY,2.0,56.5,2.0,2.0
07e76aa9e2c237bf9c4a613f9e7f76f3b81758e0acb170530849d8710137de4eb37333c3f2aee793c54eb6eb8711377a3aa27e2f9867dee3081ab377ea741871,CLEAR,DAYLIGHT,DRY,FOLLOWING TOO CLOSELY,2.0,32.5,2.0,2.0
07e7b4cdab450d8928a1e7d19ee6b7cf28810ecb7a96ab5b83483393902935616520a2b2bd93d72fc7c7184f7deec2893f439fe0cf0834e4cf0c0e44d567dcd1,CLEAR,DAYLIGHT,DRY,FAILING TO YIELD RIGHT-OF-WAY,2.0,26.4,5.0,5.0
07e7e4503eff7b4af5b3a50f91cdeb908a281f06c40f851c9549b3531e3cc38327af34dde939bbdd774f7304fb42cba65b4d9c2de4d2688142644eec64ce2be1,CLEAR,DAYLIGHT,DRY,FAILING TO YIELD RIGHT-OF-WAY,2.0,64.5,4.0,4.0
07e7ec1f5f07e25b7116adee6be9112566d42011acf6ef0665c74817749a5ff15dc942c9d296eee15c8d393bbcf9345b51de4ebfbb918e5e65b3d846575b2a33,CLEAR,DAYLIGHT,DRY,FOLLOWING TOO CLOSELY,2.0,29.5,2.0,2.0
07e7ee16df2459187b16ddb3137036161535c00c45a4917607d0b4fbad400bfbddffa0f93ecccb389477f9fe4ae5667750a6ec74dd2d9d14a37553b016e10210,CLEAR,DAYLIGHT,DRY,FAILING TO YIELD RIGHT-OF-WAY,2.0,29.0,2.0,2.0
07e7fe5a3836cb11a30b62cda3393464dee78ad9737b5e9eaa5cda88b3a717807bd8a092adc3fffb5a568cf7a0085236f789665f677b64d97b1e775cb74b3f41,CLEAR,"DARKNESS, LIGHTED ROAD",DRY,DRIVING SKILLS/KNOWLEDGE/EXPERIENCE,2.0,37.5,1.0,1.0
07e806c6e3baa36c3b89e1d18a5a47d78f504c82968f5e58a1cbc53879e63ab91c8d45cddec53328d85d20703188840f6e7c89aa2a501c5acf6444089f533cd4,CLEAR,DAYLIGHT,DRY,FAILING TO REDUCE SPEED TO AVOID CRASH,3.0,39.25,7.0,7.0
07e8161ee5b444384e811b017177f174bceaafc7d3c03e60ec3206e6790480d77b0e32dd1fce4a293d238f8257f5a061c067ba790f0c57f72acb763a0fd20701,CLEAR,DAYLIGHT,DRY,IMPROPER OVERTAKING/PASSING,2.0,66.0,2.0,2.0
07e81d9c12345a1a274f94602607fc124fe9e3a041214258b661cbf4edb62707ea463e77b4259b879cd5bdb7cfe76c617e49d269a5cd8827396acaa4f82bb6c4,RAIN,DARKNESS,WET,FAILING TO REDUCE SPEED TO AVOID CRASH,3.0,25.0,2.0,2.0
07e83f42d00879e86f0a577b8e53244f478c87a13be0fe324e0a667342914f9068ae646120c6b2de4a48268490872546622bb8a3969dc6be4efb60cf9ff75c2a,CLEAR,"DARKNESS, LIGHTED ROAD",DRY,FOLLOWING TOO CLOSELY,2.0,31.5,4.0,4.0
07e851bd0f39b25b144252334e8184c177691e037aa0df0b36184e236f5ceee8cf86719c9f9ab0fcc78aff928fdf14409487ae0231f919104c60b25535934c47,CLEAR,DAYLIGHT,DRY,IMPROPER OVERTAKING/PASSING,2.0,44.5,2.0,2.0
07e870986514343cfe6a56d4f34fe99e17f6579dba517a63c8cadbc9c910183270947e9dea30df9483659778861517c670cbd9c0f30de7e382edbe2ac370916b,CLEAR,"DARKNESS, LIGHTED ROAD",WET,IMPROPER LANE USAGE,2.0,44.0,2.0,2.0
07e8dcf8cce0561a83bcb2feac336857370ecd80ddc73eb428d736f98a497b14543c287e0233ad06f412ce413263ba2b3c27a72a93e16c709b7e909bc27a0dba,CLOUDY/OVERCAST,DAYLIGHT,DRY,"VISION OBSCURED (SIGNS, TREE LIMBS, BUILDINGS, ETC.)",1.0,37.0,2.0,2.0
07e90d44b1dfeb57765f24c992eadd69b58125dbed151aabd5a0ea9e3937f0ec83bfd71d3c88862b28566aa59c78c998c0a1954e8e47e4cf763f3ffb0708eae1,CLEAR,DAYLIGHT,DRY,IMPROPER OVERTAKING/PASSING,2.0,22.0,2.0,2.0
07e90d5c951a59c916249b6a852ed0dfae560ec89af5bb127cda6ad40064a2177873b374ab03153bf7eca91cd534309cf0f89735b25b1d77ef5b8c0fc5ba6f45,CLEAR,"DARKNESS, LIGHTED ROAD",DRY,FOLLOWING TOO CLOSELY,2.0,68.0,2.0,2.0
07e9153e09967b96390f779951762b3ae474f30fecdf478d5f1762a1a6f14e7d8f661723eee2c7b20353115436828a32cc9174c98417dcc9d406a9473187c83f,CLEAR,DAYLIGHT,DRY,DISREGARDING OTHER TRAFFIC SIGNS,3.0,61.0,3.0,3.0
07e9240221b4a2fa2e0a93f5657e3c08d946b3951b5f3f9d45c82620895d31b92373f81bcc934aa97788f76e0775ea86fa05de035ef429d2ad116c79140b5a4a,RAIN,"DARKNESS, LIGHTED ROAD",WET,FOLLOWING TOO CLOSELY,2.0,66.5,5.0,5.0
07e94b0ca0d90fef32871bbd2eca53e18e38194ffe93b7bfe2918b14818a22088f91f513a07aa80c2d454310b3b3f5567dfc018e10e16fd8bc3260038020882c,CLEAR,DAYLIGHT,DRY,FOLLOWING TOO CLOSELY,2.0,50.0,2.0,2.0
07e952476c3f726a7a15b1a6035866aca0d33ae8ae16f08d00b4a9d413473424e01af2d63e2e78732f9252b92c08643996db57ccbb9e3fdbdce9bddcd3808ed4,CLEAR,DAYLIGHT,DRY,FOLLOWING TOO CLOSELY,2.0,19.5,3.0,3.0
07e99af63e517314e0c6d51d95a1bf113121912e540de2685d24d569778d34998fcfa9bca0937ce8e01034049363b1a2efaab7b22d44e80965ca0a6777eaa797,CLEAR,DUSK,WET,"EVASIVE ACTION DUE TO ANIMAL, OBJECT, NONMOTORIST",1.0,23.0,2.0,2.0
07e9e025b131787e62878ce632b30f12736c07745df985eb36570dd45d05f7c70e9a93c38280c22c9a0637a23994ccc88378ceba371d62a897f80a9aa5a24693,CLEAR,DAYLIGHT,DRY,FOLLOWING TOO CLOSELY,2.0,23.0,2.0,2.0
07ea9f2cc2005f83c9704f4d9e3fabc370ecce1c1c49147028434cca4dcf8d74e93fb46ba929248a44238706944e653a987e3bb137ad77cf4bd85d37e2397b1e,FOG/SMOKE/HAZE,"DARKNESS, LIGHTED ROAD",DRY,HAD BEEN DRINKING (USE WHEN ARREST IS NOT MADE),6.0,37.5,2.0,2.0
07eaaf525c07c3cabb8129fa24d4439f1389bd2ee210fa1438336d3971477bf25e4f4c134a4986bfc570c90e7d53cbc89a3e04e99fa6004cdfcfd49f62552cff,CLEAR,DAYLIGHT,DRY,FOLLOWING TOO CLOSELY,2.0,47.0,2.0,2.0
07eab57d37ba25d14107bbfd1891b023ff59a50065e9a7103ba978b9b578be0200e6957e9b5eec4c5c8bbec6ca1abf889d34d372afb58ca66efdf80c0c915613,CLEAR,"DARKNESS, LIGHTED ROAD",DRY,DRIVING SKILLS/KNOWLEDGE/EXPERIENCE,2.0,26.0,2.0,2.0
07eac90c336ce386133e6e0148f6d4588eb4d32dbb8be8c60bdc8ad27d64ff375ea618b281e88fc86a44c120e84c655b692b07bc032c2f1163bc04f1d2b6f499,CLEAR,DAYLIGHT,DRY,IMPROPER TURNING/NO SIGNAL,2.0,51.5,2.0,2.0
07ead6a86a68c60d87a7bddc0408391c0e6039d81fdbb4e5c8b049ce07172ec34ba902852fe20ffaf52d5ebcb8e20d12e434f30541343b3effe5ea60958d8c9d,CLOUDY/OVERCAST,"DARKNESS, LIGHTED ROAD",DRY,FAILING TO REDUCE SPEED TO AVOID CRASH,2.0,36.0,2.0,2.0
07eae43c21f544557fc2422e676dba2ccf42ce62c1a221dff25353e4d01113d186c4e9df1a83f1ff5726fa793a2775a9f5c52027b29caf8cb6856a6506c391e0,CLEAR,DAYLIGHT,DRY,FAILING TO YIELD RIGHT-OF-WAY,2.0,37.5,1.0,1.0
07eaecbe63ba0a362433df292d9743572e849dace445134ac94bc91dae766cce5ef4b2ed508b0b071c22714b4cfcc1cbccf9983d8e114fece76fa1510d41d29b,CLEAR,DAYLIGHT,DRY,FOLLOWING TOO CLOSELY,2.0,34.5,2.0,2.0
07eafbb1ddcf387271cd347358192846279f5d1bb166e68b900265148991adae22f226b90cc11586fe410ca83253814d6b59da3af87aeef65809356acf825bcd,CLEAR,DAYLIGHT,DRY,FAILING TO YIELD RIGHT-OF-WAY,2.0,68.5,2.0,2.0
07eb12f90a134bf8f88c4555c072f29da051d88b4014f1bec52819d099a7e4d68cbeb69f09893f95d0de0540dd17e88440f75c85b8b9241916db2dc912c8c696,CLEAR,DAYLIGHT,DRY,FAILING TO YIELD RIGHT-OF-WAY,2.0,46.0,3.0,3.0
07eb3900e092c40be177ef4d1bc6ff797db03d9c428b987efe96a6c366f336e8876c38d6a1128d6a1979cf1f64c8b333f4cb4d57bc8ac362361944f113774819,CLEAR,"DARKNESS, LIGHTED ROAD",DRY,FAILING TO YIELD RIGHT-OF-WAY,3.0,53.0,4.0,4.0
07eb850e543270c7624849f1e73654f1cd185fa3738f5fa0b14d451ebe9bffe7d853fe0acecd9f0d16f0edacf43e66a4cae1b69ecfe5f54b9ab9f0e47e99d267,CLEAR,"DARKNESS, LIGHTED ROAD",DRY,DRIVING SKILLS/KNOWLEDGE/EXPERIENCE,1.0,51.0,1.0,1.0
07ec1982b1c57e4caca6a94af473a3d5fe4b831308cabae5ac1023c4b8135c989da97d2dc3349b0eb12ace1274992649718f1d17cffad7309d6b062b46228740,CLEAR,"DARKNESS, LIGHTED ROAD",DRY,IMPROPER LANE USAGE,2.0,31.0,2.0,2.0
07ec1997a4f046016347fcc034a9bd4199cb60250a71106b32ca9e42880bbb8eb04dde03a1f2f991c7635c7f0ca9fb462bad6086c35706ad63b2ba0ae68ac56b,CLEAR,DAYLIGHT,WET,IMPROPER LANE USAGE,2.0,36.0,3.0,3.0
07ec2a3dc2921259c79fe5b45de8e558f29974fff038ccebb173fa151d9e6cae58f3f129c11ca85a61ada55a35dbad391f0d43c94d18f9522e50859811b69ba1,CLEAR,DAYLIGHT,DRY,DISTRACTION - FROM INSIDE VEHICLE,2.0,48.5,3.0,3.0