crash_record_id,weather_condition,lighting_condition,roadway_surface_cond,prim_contributory_cause,total_vehicles,avg_driver_age,total_people,total_injured
07ec3bd116d34302b812979aae6e2f705b8f2f74e0f7dfe716cf1ad8ede859383955fb73df2726dda268c7442aa157b6a19c29cd6f6f3165a564d3bc7b904cbc,RAIN,"DARKNESS, LIGHTED ROAD",WET,FOLLOWING TOO CLOSELY,2.0,56.0,2.0,2.0
07ec6887c7b235682624752c5284a697b62e0e05c9a0adb84da8005096eef098218592df4ad47e78f396ac1f0389cadb414838179c14cfe020f7866a7b365e85,CLEAR,"DARKNESS, LIGHTED ROAD",DRY,FOLLOWING TOO CLOSELY,2.0,30.0,2.0,2.0
07ec74a9df55ee4026a38a3c73caa584225d94fbc37b27b8489845287ca0b01eed49eb1b3f5ca49ff4797c758bd7a10a1aab1bea4351abff93e41eb4faab937d,CLEAR,"DARKNESS, LIGHTED ROAD",DRY,FAILING TO YIELD RIGHT-OF-WAY,1.0,26.0,3.0,3.0
07ecd84b83d2c75cd9dd297acbd4a1a809a36dbb439cc9ca2d9b960baa0e6d3dd53d5b7945422d92da926cc4f58a6efbe8fd76c12db0c459028dc6ef239ccbcb,CLEAR,DAYLIGHT,DRY,FAILING TO YIELD RIGHT-OF-WAY,2.0,29.5,2.0,2.0
07ed1f0b5e12d54887e766e7f105a99773cdf850b048268efd747a8a509c1b4746a4e3abeafbb9bd160fc8a56095526cda3ef0283a0b078d137ee4b84d839a1f,CLOUDY/OVERCAST,DAYLIGHT,WET,IMPROPER TURNING/NO SIGNAL,2.0,31.5,2.0,2.0
07ed3b562af9927245676a8e1d59b1a0e3b3588d3f2aee3a403ac6d09de1353d0614483c7552ae31108614247f029ac694f999ce5461d003dc3f488a7b0f6219,CLEAR,"DARKNESS, LIGHTED ROAD",DRY,FOLLOWING TOO CLOSELY,2.0,22.0,2.0,2.0
07ed3e1090a89df5669289e32fd8442022c24a8563ffbe9c52e2c41e28e97c1e2333dd8a38be8d4a57be32e68dc55f477d7fe1128f9caf3a3ed53c98aac1d00c,CLEAR,DUSK,DRY,PHYSICAL CONDITION OF DRIVER,1.0,27.0,1.0,1.0
07ed456e9c1959147c669913b1c461b89eea44653faa18e0c48bb821b722036ba4d5e82c791c6321d1b7b75613ef8a76958da129dfc002853d537e0ba11447b3,CLEAR,DAYLIGHT,DRY,FOLLOWING TOO CLOSELY,2.0,37.5,2.0,2.0
07ed5c572609ba03ddfeb9e1bf02f38a3e3a2bf6518fde24b713780623a6c1148e2c0d625cc6c410e32e3bfe03caf95860d96103dc10cfee85720f2bf0be67ad,RAIN,DAYLIGHT,WET,IMPROPER TURNING/NO SIGNAL,2.0,32.666666666666664,3.0,3.0
07ed65660d4f68e678419a20ad9589035b54fceddb1889e519fefe1323bb93f794b587b7e65c733ed3721b9ba5a9b9b6b938c1025b0cd584930c0b80976331cf,SNOW,"DARKNESS, LIGHTED ROAD",SNOW OR SLUSH,FAILING TO REDUCE SPEED TO AVOID CRASH,2.0,37.0,2.0,2.0
07ed74dc8268b03e93462c4b99b35e9b7bde939f182ea73dd8189839424f93441e3e09347ae515c7724eda969e45babf87daebc85f1bb264a4ac594548fbbfd1,CLEAR,DAYLIGHT,DRY,IMPROPER LANE USAGE,2.0,45.0,2.0,2.0
07ed79d8b1a934977134943f94ed2ca4a8f618405abcc58601ccb2090e4a7ad505571168123e4fe358a83aefacc4f41b9d402c5e9d6a8158c550197bedc7a307,CLEAR,"DARKNESS, LIGHTED ROAD",DRY,IMPROPER OVERTAKING/PASSING,2.0,22.0,3.0,3.0
07ed7ff48628cd4c5a429e82fa453968c5560cce99b11621d6f2598d0cc7882b751680a01e5f15f7387a885a49474298771ea81cb24e3e9c53a96ae135403852,CLEAR,DAYLIGHT,DRY,FOLLOWING TOO CLOSELY,2.0,32.0,2.0,2.0
07ed9e5ef05c7c5bc864e506f5f50ab97fc899eaad969d629831bea30688c4d59339fc6dcf8c07fce7e9b155bc4e4d0b86c4e442b3e1bcc6f2e7e36a8f387847,CLEAR,DAYLIGHT,DRY,IMPROPER LANE USAGE,2.0,48.0,1.0,1.0
07edb4641817f7f9090a32f22f3541a01f92ea27e12fb452e9cc5375e44740f8110fac3df3d8e77929d269db4c6777a1de2f8cc22972dbf7eeb43eb0c462aa3e,CLEAR,DAWN,DRY,FOLLOWING TOO CLOSELY,2.0,49.333333333333336,3.0,3.0
07edfe21e36bbdde35ab26659fd8461cb567b5769053d6272f82aded22785b9c38586ac750a0c501ea987ebcc996a965614382ebcc5700e360990091e25c7b78,RAIN,DAYLIGHT,WET,PHYSICAL CONDITION OF DRIVER,2.0,55.0,2.0,2.0
07ee240289dbe99b3ef2c84bc8b42ca08628be51d0a7d93e2b546e1672f1bc4ae451aef3d04b99061af6e5dc40bc56d885ac7601688f3d024bb98854cb6e02c0,CLEAR,DAYLIGHT,DRY,FAILING TO YIELD RIGHT-OF-WAY,2.0,43.5,4.0,4.0
07ee2fc92412a2820dfb07ead90d66e14e74eda4e8dea4e21ba0077c955bfa6cf022a256fa8b4fd8f1299be3e2f9b75f657874951786447d561a82aa31e73c83,CLEAR,DAYLIGHT,DRY,IMPROPER BACKING,2.0,15.666666666666666,3.0,3.0
07ee4db1e730c658252e7d6d68c22bd23ec6c76ec7c2a538f70ff6719bc976352e8dfca475a69ef29e2c6a51dcc886f5d6107c6dd9ce7339d96ef105ef2abc72,CLEAR,"DARKNESS, LIGHTED ROAD",DRY,IMPROPER OVERTAKING/PASSING,2.0,46.0,2.0,2.0
07ee5e3f930b04dd9852fadbbe5ce6a823f222df1a3221c5d4390e6239b008c694b30dbf60f33784e8c62b12afc87f809c6648a73e8fc01e6f1b4258d855c56f,SNOW,DAYLIGHT,SNOW OR SLUSH,FOLLOWING TOO CLOSELY,2.0,42.0,2.0,2.0
07eeceb26bd950e44ce76cbb5ba51fb96d0af5b8f14dae9582278ee1d6ac79dd376fbf06156ce45881ead1acdb269a27410bae3010b1fb7077d6f10911a30126,CLEAR,DAYLIGHT,DRY,FAILING TO YIELD RIGHT-OF-WAY,2.0,32.5,2.0,2.0
07eed04d3b3018b7bf8838b62b799c44059a3f7480d4ae9fee522927cc14ca79a7f66a41d329d92be5da4eaa55215360b7b8381e3ca4a02b1a02d6cdcf8ce827,CLEAR,DAYLIGHT,DRY,FAILING TO YIELD RIGHT-OF-WAY,1.0,40.0,2.0,2.0
07eee0be69c96a37ee9789a2c132a54c68fdeb917d50419ee08d2e802ba563440b91633f095dbac1c80a1cc0543aa71d559957abd1e24b32ede7d6af4859b541,CLEAR,DAYLIGHT,DRY,IMPROPER TURNING/NO SIGNAL,2.0,64.5,2.0,2.0
07eee8e78f1ac04e97b80cc4cb57126ddb35c292d80dfae085d32ad11f23b1f02059d71c160e965da6a6e23c6770c5ce7b6fc3bf1c9aac27f18f6d062856a56c,CLEAR,DAYLIGHT,DRY,DRIVING SKILLS/KNOWLEDGE/EXPERIENCE,2.0,37.5,1.0,1.0
07ef1574923d0df0cfa5fd01c66553162e54573964a9616ef3c32b38406cf8fc61fa0edaf12ad9ebf03f7144ff000e0212282a8c04fba48acdd916e4e6c58b8a,CLEAR,DAYLIGHT,DRY,DISREGARDING STOP SIGN,2.0,37.5,2.0,2.0
07ef1643cc3293e1edb06b91701bbd4daf3bf78e96bb40e583eefd553276a6c9623bceee9b7837958815b04c1938f72d67bcaf69aa6456d5247aa3f3ce68b89b,CLOUDY/OVERCAST,DAYLIGHT,DRY,IMPROPER OVERTAKING/PASSING,2.0,43.0,2.0,2.0
07ef2114ac7503e81000c7fcd2d22cfb1e5623d61b3573b5e7a14a58ae1db7151b1c0ac0fe5fd6525173cca6fc6db41eba90c8c3a2b668d48808c0e2936c4902,CLEAR,DAYLIGHT,DRY,FAILING TO REDUCE SPEED TO AVOID CRASH,2.0,51.0,2.0,2.0
07ef60525684dda92335ef290abf8b972de37e9952ba97b8d8ef6af00ec507820d1d311f6503063bc43824989b38459db0a65afc80c37c5c14b39ee79bac3ef5,CLEAR,DAYLIGHT,DRY,FAILING TO REDUCE SPEED TO AVOID CRASH,2.0,42.0,4.0,4.0
07ef74460f7004c84733992cda944f9a19f2ea7c2956fdd5a410f89a381b0b28406b025ea5ab03f0fcc3723f4a9548b752d85f38441fda3f5f274bf98aa07674,CLEAR,DAYLIGHT,DRY,IMPROPER BACKING,2.0,37.5,1.0,1.0
07efcaf8df3135dbf5741bfc8cbb4b4ce1204ac435ae2e29916e43cdafb1744594a552aaab523f84a4fddb97765c9da227fa403cd1870bf038ed634cdb9381a0,CLEAR,DAYLIGHT,DRY,FAILING TO YIELD RIGHT-OF-WAY,2.0,59.5,2.0,2.0
07efcdb4a9030195e7fd4b90ec9fe6582a796a452a17361f39cc1d351960aeb7fe8fc475127b10c4ea097e870ac76b2754fea8dd8cfa7a1b762020217c40688e,CLEAR,DAYLIGHT,DRY,DRIVING SKILLS/KNOWLEDGE/EXPERIENCE,2.0,24.0,1.0,1.0
07efd3ce49d6c038b6c7f3dcbe84a1b83b6c0328d418cff816edb2c5a146e05035cee87a1c9dd9b8464107bdbcc02173918366d8947c8a2d73e9c341d653db85,CLEAR,DAYLIGHT,DRY,DRIVING SKILLS/KNOWLEDGE/EXPERIENCE,2.0,22.0,2.0,2.0
07efdc76529c3eef54c43b33d3617aa18a8a86c6f0847ce7b18281a9517d78651ba232c0d547f38df182035004ac7fa052c68540b3326e8dd06cda3cdbae1d0f,RAIN,DAYLIGHT,WET,DISREGARDING STOP SIGN,2.0,45.0,2.0,2.0
07efe65f39208b0889d0ee7dbf8de78f01eaa03ad3bc2eb95c5c0a736f26b9aa174320ff507b6e173794305bfb9dfb8f1c055a72f485fa0ff250310f8871d2d3,CLEAR,"DARKNESS, LIGHTED ROAD",DRY,IMPROPER OVERTAKING/PASSING,2.0,24.5,2.0,2.0
07efeefb5f960799733b257f40e038ac854a0800f456512f80c76aeb9dc8196fb6471e3685137880815fa4bc5db759cddad9425a1950fec51d2f16e8b2fa4a03,CLEAR,DAYLIGHT,DRY,FAILING TO YIELD RIGHT-OF-WAY,2.0,58.666666666666664,3.0,3.0
07f091beda264fabf3b4c5011e297992ca719b8268454ffec09327725da4a841cec9ab3d156b93fad6856444c2b9bb3f7a99a53cd53f484c9feb5b109e3408bf,SNOW,DARKNESS,SNOW OR SLUSH,IMPROPER BACKING,2.0,37.5,1.0,1.0
07f0b89477517bbde70be846e00a0fcd94668a64af258d25e3c099048104d27e7b6c7d4c0bf7bd4d38f18b38007362f05c187b657b67a61942fb6fa3da033928,CLEAR,DAYLIGHT,DRY,FOLLOWING TOO CLOSELY,2.0,33.666666666666664,3.0,3.0
07f0c0045ba72b487728591fe18423fe75f3478c827e37163655e4cc84a0fbcc9446a6133547cc35f97a2550f3568622659cbb5fd3a9718ac071aead258d38a9,CLEAR,DAYLIGHT,DRY,IMPROPER TURNING/NO SIGNAL,2.0,58.0,2.0,2.0
07f0c1001b326a8d5dd2192bc430f0354a2a5b5b36f878c673b49cc9ac5985b122093b3d17ea872f925dc8cbde0c67fc50dd360b20f5c695a101ff43c8bb846c,RAIN,"DARKNESS, LIGHTED ROAD",WET,WEATHER,2.0,50.0,2.0,2.0
07f0eb3d8816597612acd762846a774d1df0d6f5f8e7baa928a86f7a88a4e06321b37e2bbf63fb97dc7f953125c9d10535c5b56fd00de8a30dabae568d793544,CLEAR,DAYLIGHT,DRY,FAILING TO REDUCE SPEED TO AVOID CRASH,2.0,46.5,2.0,2.0
07f0ffb2d5c10e57ccd190b174486f94d01c37e185eb15c31701b27c1d910d50f2bde07c93b44becaf3f016debcb72006ae640870629cbc374f295b91de2a887,CLEAR,DAYLIGHT,DRY,FAILING TO REDUCE SPEED TO AVOID CRASH,2.0,53.0,2.0,2.0
07f11d5f355bc9d0708450704cd1418221e7390fa85b7cf8f0fea8d92ea5a0c264388a9eb168a5ce439a2477165139dcd0386597f9d64231b4433eb0188336f1,CLEAR,DAYLIGHT,DRY,IMPROPER LANE USAGE,2.0,24.333333333333332,3.0,3.0
07f12fd6a1b496035516c07864eb5cf0a84a66ecc2a2d41888be517b1e6a372fd3e4dac243fb16c490d12250223ab5825535205457a35ca8edb0936ba88a5c3c,CLEAR,DAYLIGHT,DRY,DISTRACTION - FROM INSIDE VEHICLE,2.0,37.0,3.0,3.0
07f157acdca51f7e5ea8e3896a1fcc655efd79661b4a94f9e8c30f0ae2d49547942555a25fc4d875c9bae5c6616e35cae37f01cfbebac6e397662227cd782174,CLEAR,DAYLIGHT,DRY,IMPROPER TURNING/NO SIGNAL,2.0,32.0,2.0,2.0
07f1b71df0d4236b069262331d4e94ffce480471e54140cce2b4b841fbbe91af24528590cd4ede58579355bf661dc5bd6035acc32319229b7db7c261cb740df0,CLEAR,"DARKNESS, LIGHTED ROAD",DRY,HAD BEEN DRINKING (USE WHEN ARREST IS NOT MADE),2.0,44.5,2.0,2.0
07f1c02cde8005b07da72adba6c460d546692d34bb4abc29894827a222ef39a37a375d9d8213cf2555704bee8c778739dc20ca7f8529ed0baa7a21450634b450,CLEAR,DAYLIGHT,DRY,IMPROPER BACKING,2.0,71.0,3.0,3.0
07f1c80cb2ecf540b688af57b3eb2dcb145ce3b7ce0861bb118067594026e7855886caf6cf13372633ced9cc4db2bf3ddf3ecb736d3c55fc619112917c15e46d,CLEAR,DAYLIGHT,DRY,FOLLOWING TOO CLOSELY,2.0,50.5,2.0,2.0
07f2014acc8a4572af0a7579ade4fcf79b5abfb039965171496733c437864899b8e0c7fd617b6cb4d65e1e7d4aa66fa83b7fb148431ba9094a8c2c97c537cb9f,CLOUDY/OVERCAST,DAYLIGHT,WET,IMPROPER OVERTAKING/PASSING,2.0,32.5,2.0,2.0
07f230f77e662e5af7baaaa2c60dbafaff40f9a1e3869129a289b2f9b5dfd679ff0a89324ed55657655f45c5bc20817ebf64d364f26735e933faa84ca49a77a2,CLEAR,"DARKNESS, LIGHTED ROAD",DRY,UNDER THE INFLUENCE OF ALCOHOL/DRUGS (USE WHEN ARREST IS EFFECTED),5.0,28.0,1.0,1.0
07f2394e7eb063b4ce20393ff8a08fff4fba701844c341c90addf449b4568c0e88779402aae179611d32f78144c3e5849ea0d5fdcdeafb3bcd7abae575cf614a,CLEAR,DAYLIGHT,DRY,DRIVING SKILLS/KNOWLEDGE/EXPERIENCE,2.0,45.5,2.0,2.0
07f239e2c4b7577678b2633b7a07b2cdb4353bab8196d231aec05ee93bfc230a2f092161721aaf6d535f57ea096b80d087cbdb15ad23f92afa171b98467ec30c,RAIN,DARKNESS,WET,FOLLOWING TOO CLOSELY,3.0,35.0,3.0,3.0
07f2836bec58637ef2872f45c56761ca435615bedd9d066348503cea70f1b7d04cd86ac9a51474afa21bc2d9aa0d51713fb9a55d11796fa6f75df6929cf26c63,CLEAR,DAYLIGHT,DRY,IMPROPER LANE USAGE,2.0,37.5,1.0,1.0
07f2a5c16951c5224584dba0baa430331e2a0a04bdedd3382e5b9db828e2c136069ba74fd49c65d9fa8d9520908d814b600d42ad777d2232482c237fc74ab139,CLEAR,DAYLIGHT,DRY,FOLLOWING TOO CLOSELY,2.0,38.0,3.0,3.0
07f2ce3f5aa4ba04c755bafffbcb7afbc79a114fef788ae0f02ee41fd37ad6c7606f760ba655bd5862d836834ec06b025add44df7b58da9c8a5e2b0d3cab2386,CLEAR,DAYLIGHT,DRY,FOLLOWING TOO CLOSELY,2.0,79.5,3.0,3.0
07f2f98de6cf3c7862ab32cd5deb4083663912678d7952224ac17f24e1a4fb0847ea0d49769bb1bf9152b23742db450432c1595b7d46ac3804580f6761c90a86,CLEAR,DAYLIGHT,DRY,FOLLOWING TOO CLOSELY,2.0,40.5,2.0,2.0
07f31c80f063f5da4b8ce2a0fff6f1fed0eee8dc579ed8eb8bfad2a36026613d2e2519b5a8a5aa1ce43e92ce0f367aca52ccfd4e6f1c4fe1b71bf4e3733e89dd,RAIN,DAYLIGHT,WET,DISREGARDING OTHER TRAFFIC SIGNS,2.0,26.0,2.0,2.0
07f3bc8091e1ca4d5104c4cc3b463346dbd94ec9b3a3c146f5996f43fbd31a0c03f15dce9e0e51550dcd9871a5c84b59ebbd951a1e67f85f418d90e5bf5e5a7b,RAIN,DAYLIGHT,WET,FOLLOWING TOO CLOSELY,2.0,35.0,3.0,3.0
07f3c61e8602dac238e1ed891494d3c1e2f816e3e6be91965c18b1a5b0414acc878ea817a4c4bbba4ff276a2ad230e2ac498d19cd65075d03cc77bb2f936dfd9,CLEAR,DAYLIGHT,DRY,DISTRACTION - FROM INSIDE VEHICLE,2.0,19.0,6.0,6.0
07f3d5986d2dc3513804b3ff7a8aac14a8e82ad79a799de719541140f33b0d3f79ab0e1dde2f54b27ecf7494ed731e3d724e2698d89438468ef7f2b3eb584f59,CLEAR,DAYLIGHT,DRY,FAILING TO YIELD RIGHT-OF-WAY,2.0,50.0,2.0,2.0
07f3e4da1927f874a03fca955a7ec00c49528fc675378a37bf3125a3b375e6c0e704db4c846004688aa6bdb3ea612d802313a0570901f65e9a78faeb86d24960,CLEAR,DAYLIGHT,DRY,IMPROPER BACKING,2.0,42.5,2.0,2.0
07f3ecdacddca46afddc1c8fb6d085a25d22a160271029cfe5b775c4300e5102f9aa7ce833765b6af9f3fa4b0f4f4eb9808107b60998de2dad34bf70d38c61f9,CLEAR,DAYLIGHT,DRY,DISTRACTION - FROM INSIDE VEHICLE,2.0,21.0,1.0,1.0
07f3f209f51d00f7f5b33818fc5951945cafcfded73df9ca75cc02d4405d0d5a2f4572203e89731ae52feec814a57fd6a3baef64735b3dd532e74a43f13bd7d6,CLEAR,DAYLIGHT,DRY,FAILING TO YIELD RIGHT-OF-WAY,2.0,29.5,2.0,2.0
07f3f7c0663b4a04476436a5675f91285ba6dad4c73eee83fa9a2b94ad8b6d3a8b0cef4a190e30666178949835225a398bcd9f1f4e71313c515a476708caddf9,CLEAR,"DARKNESS, LIGHTED ROAD",DRY,DISREGARDING TRAFFIC SIGNALS,3.0,34.0,2.0,2.0
07f3fbb99c58b5e99d4f4b10e055621d4293458cf6c798daf5815bd7cbd97606f77c0dc16f6f38e408953ab7070ad3eba3b17ad94c0ca530d7333d21151ec8e2,CLEAR,"DARKNESS, LIGHTED ROAD",DRY,"EVASIVE ACTION DUE TO ANIMAL, OBJECT, NONMOTORIST",1.0,50.0,1.0,1.0
07f4074e4bdb228d4b845766fcc51c2f8c1f842e6401cbf0bc4c44dc449ddddc53896879c569abd6c5b4cb7a91bb8e1a0a66ac9935555364b43efcfc7be272b8,RAIN,DAYLIGHT,WET,IMPROPER LANE USAGE,2.0,67.0,2.0,2.0
07f41880f989406ed349957c3854439983eef5c5e157f6854088259f01b797935c43513add02a42bd49f330bef18454a7e3e9bcbeef81f11ca99c7e34e0da009,CLOUDY/OVERCAST,DAYLIGHT,DRY,FAILING TO YIELD RIGHT-OF-WAY,2.0,43.5,2.0,2.0
07f485daf90787401561b457515a825f2ef703cce7c83b131ba945b96cd5353e1b5d57c50aae49de7e20b1b6408d6048f868cd4af5a96e3b77c10f772aae4bb8,CLEAR,DAYLIGHT,DRY,FOLLOWING TOO CLOSELY,2.0,39.0,3.0,3.0
07f4bce070b8630b86e27900eadfef768fa0f72c649a1a14897f2c86b1f0cc08bd0a173db059d8fd94ffde59467e92b2f0d20e4c27721436e4c506729d29a150,CLEAR,DAYLIGHT,DRY,IMPROPER LANE USAGE,2.0,45.0,2.0,2.0
07f4e10e53e51f2da395297fb10d9f70639fef9c5dae4b876fa30d0d46b30d3d625534bbba6951eab1533cf301616c04c166a0bb8ceda932eb794cc92f70285b,CLEAR,DUSK,DRY,FOLLOWING TOO CLOSELY,2.0,25.0,2.0,2.0
07f56e2eb99cc8959041e7858050dc784c9bc2c2a9143b8277ddb03f316b49ade013b66af806a34203eb4810a67560905ea008c13cb1beb126d01a9380099510,CLEAR,DAYLIGHT,DRY,FOLLOWING TOO CLOSELY,2.0,37.5,2.0,2.0
07f5b003d7a099f6532b03a42da41c1190b2ab98b4cf674b8b38a8aef71672f8692ef3e5383c8fc11bc1832c15deef16b23c8bb387b2b38e247c69bf43b5b636,CLEAR,DAYLIGHT,DRY,FOLLOWING TOO CLOSELY,2.0,36.5,2.0,2.0
07f5bebfbb1f73c2636dbb33294ac03ba4ac0397adb0640231e852d247afaf0d8a9a02e6b88330ec7086e960c39e4403ceefc3d07cc025c9531ba07d14c8b3ce,CLEAR,DAYLIGHT,DRY,IMPROPER BACKING,2.0,45.0,2.0,2.0
07f5dda768d72e32660102f454bd1f1689b494f6d554576e6fe06d75012193a5c882bf175696a9fc5a596227c75b7d1737885c3d1c4876b41e052bfd9eccab51,RAIN,UNKNOWN,WET,DISREGARDING TRAFFIC SIGNALS,2.0,29.0,2.0,2.0
07f5e6f943f18b05bdaa020442ce32c2cf27aa3262e4bad69fb6185cbeef89726ab5c5ed9690f811b321995d5f7b853996e4c3d27d4c07d0445cb6284112f06f,CLEAR,DAYLIGHT,DRY,DRIVING SKILLS/KNOWLEDGE/EXPERIENCE,2.0,37.0,2.0,2.0
07f67574695e33f8ae0b0757f23ede6e965f9c6b7a72b70054f53e6fb7ddc52e4e50d95b4a8092a45bf2b76ecb7a467d82e71487e036155a8789630eb58c35f9,CLEAR,DAYLIGHT,DRY,FAILING TO YIELD RIGHT-OF-WAY,2.0,64.0,2.0,2.0
07f68b23aaad4e7258315791735440a53f1900fb5c439629174277db06a0f74d98851fd3f5ea740d7a712078e1432136aef544dff3013b23a6ba8e63ca92bc50,CLEAR,DAYLIGHT,DRY,FOLLOWING TOO CLOSELY,2.0,42.0,2.0,2.0
07f6905142382d22012657e9eeba6a3e0b6b667892dc4ec130288f27dd0d7ee39f2001e54e8a8a9f5f7bfe059f02aef709b3ae4839e36f0ba6587784c5539ebf,CLEAR,DAYLIGHT,UNKNOWN,IMPROPER OVERTAKING/PASSING,2.0,26.0,1.0,1.0
07f69225377ba0df054b720db64a20a8ce03027e0cafa7799b38aaa7aea291c518fabc99ee288411b45c18cae4d2327bdef4ff47eef7e2d9e8db3b6e707d6cee,CLEAR,DARKNESS,DRY,DISREGARDING TRAFFIC SIGNALS,2.0,37.0,2.0,2.0
07f6ba9d2af28bbe937a13f885674dbdf1c5da1bcb61e86a1e1d455cff52fce4f5e480549267cace2116632743525e5ab0f7e509e2b87a4a57dc0a16649c20e0,CLEAR,DAYLIGHT,DRY,IMPROPER LANE USAGE,2.0,47.5,3.0,3.0
07f7034581125706d2cc1a467971e5130da18d7127570604a03a16d16a9e26cef03dd2bd5c5e97fe6f931fe26004e952f9b430ca30212d3ab0448a532719fa42,CLEAR,"DARKNESS, LIGHTED ROAD",DRY,"VISION OBSCURED (SIGNS, TREE LIMBS, BUILDINGS, ETC.)",2.0,38.333333333333336,3.0,3.0
07f70be7bfef931f37aa9ee4ea2819a24c354566e00c493cc43c9be7eb885791d2e92707e7d31d1e17af255343374ec866b0962203e0eb1967cba706d98bf89c,CLEAR,DAYLIGHT,DRY,IMPROPER TURNING/NO SIGNAL,2.0,39.5,2.0,2.0
07f765c1730d8dc0e33320f4eabb68c6cb968a896c37d906e0f72d0f0ce7ee29dd1a86f9b6fce7cc9108b0911edc4ce501cefd6edd400b69bbc5e3a52f9f8192,CLEAR,DAYLIGHT,SNOW OR SLUSH,IMPROPER BACKING,2.0,31.666666666666668,3.0,3.0
07f77ba5bbea782638335c64f207bb98a62eaf50ee400804cdfeee3bd2da6d0c79bae9b4a0ff2558b81d9c67d3bb0867440a34f1333a7414d2654116c1e4954b,CLEAR,DAYLIGHT,DRY,IMPROPER BACKING,2.0,55.5,2.0,2.0
07f784c5c43f2ec6ea25b2ba6e5fbffc010c0cae8c9060ef2133ca448ac027b048efd8b0d2bd06263e0e912d8cb3e895ef24d8e002d41db433b363dcfbfc8ac4,CLEAR,DARKNESS,DRY,IMPROPER OVERTAKING/PASSING,2.0,28.5,2.0,2.0
07f7853456a786c936855fb1d3e8b55d6d372f132afda63b2b01c4a44ca6f607d47aeffe3222735765ad8fbb07a52a0856b9cff0a08dafe624810987e1a07acd,CLEAR,"DARKNESS, LIGHTED ROAD",DRY,FOLLOWING TOO CLOSELY,2.0,21.0,2.0,2.0
07f7a241943a5e0b2012d7045246c908f5e56a5ee8ca40e2e588a34428ad5a24cbe4e1e85dbdb7c1262bdb7768dbae91bdfc8629ab944997318750d51084ebc0,CLEAR,"DARKNESS, LIGHTED ROAD",DRY,FOLLOWING TOO CLOSELY,2.0,44.5,2.0,2.0
07f7db3f5f8983c3bee904af65ed4153f7877022ee70551be8e22de9d0b531329d4a3f78b8efadf03b4104a1410088de7d8164f3c0443645448b87d4438ea2bd,CLEAR,DAYLIGHT,DRY,IMPROPER BACKING,4.0,61.5,2.0,2.0
07f7ea24c8a09521cd7125d472d02c23f7ea7cd6fc0acf218a0b83e34e1bc4f86da4319a35fe5515db46a96da097df2410bdfa7d53254f19eb100ef2f550cad6,RAIN,DAWN,WET,FAILING TO REDUCE SPEED TO AVOID CRASH,3.0,27.0,1.0,1.0
07f7f381f64df4ab1a2b8bbc8581716623107bf1e8defcd04bbb40e48b45c0004abd24fc713d8da3f887892af0400cf44a46811c500e60c5cf8285e4d25be75b,CLEAR,DAYLIGHT,DRY,IMPROPER BACKING,2.0,46.5,2.0,2.0
07f7fe6dac92b662a7937d90d27d3a1efb7696ff57222a3e16d254af6a2de83d7e0d17f69aca91117097c1031d54bd8fd78bcabeae36a87e0c6353d7ce7d5f4c,CLOUDY/OVERCAST,"DARKNESS, LIGHTED ROAD",WET,DRIVING SKILLS/KNOWLEDGE/EXPERIENCE,2.0,29.0,5.0,5.0
07f854cd6cd6baa197015d10e754a77e2b8f01bbe0bcb9858ec5c273c308df009fde5ce58b692c3ec7399707fd784aaf33a85b285b7aba8df9f722584e8f0395,UNKNOWN,UNKNOWN,UNKNOWN,IMPROPER OVERTAKING/PASSING,2.0,55.0,3.0,3.0
07f864931104800dd028a298e873a4cc0c7eb5618963dcccca7e699c0b2f821aaf91deaea62997484e28a6d7273c32c50eed67bc1caf380b2da92540fdb0fd1a,CLEAR,DAYLIGHT,DRY,IMPROPER TURNING/NO SIGNAL,2.0,30.0,2.0,2.0
07f8820a20df601bdf65244776a14a872ad9e37ef0616c7346d3ce473ef518fdf155d882560e230c22ae79e8b377f559b81ade2e1f8883d136da49a534f04086,UNKNOWN,UNKNOWN,UNKNOWN,IMPROPER OVERTAKING/PASSING,2.0,68.0,2.0,2.0
07f8b27d5dc45f271e5a2542158f486f53b0958fe1c518882c89d11f1154392cc181522f42f91bff104539159b0982a8b0d01e014a06b0d8aa831f644748457f,CLEAR,DARKNESS,DRY,DISREGARDING TRAFFIC SIGNALS,2.0,25.5,3.0,3.0
07f8d7694ad283e96ad0bfdb322e7828e90b0289c608aec74c5ebe4ecf9a1ebec2da05a5d7e6686fe5436b254a1539a9207e1de95816ed19b03a89bd170ddb47,UNKNOWN,"DARKNESS, LIGHTED ROAD",DRY,DISREGARDING TRAFFIC SIGNALS,2.0,42.0,2.0,2.0
07f90330307f4b6b4c2f6836547e4c7025c17fb06137320f7370e0e42e5518275491bbd16785281008ac7bd2f199c6219cad093f0155b2ced672172625c4e304,CLEAR,DAYLIGHT,DRY,IMPROPER LANE USAGE,2.0,61.0,2.0,2.0
07f91a797e0672b67806c16e8418a4f7798908d9667bed52e0d11f77d2c22611a90e8ab073493002ac25734aec9f0edbaab2e2c1d291755d3d26b18e3037e8ec,CLEAR,DAYLIGHT,DRY,IMPROPER BACKING,2.0,37.5,1.0,1.0
07f9360f52fea92816ab0115924c5756d1bf640df6568fafca43cd3145877f1305252e4d833aa799ee58c474762b5e0403ceb153e53a07b951ec305285ee3f51,CLEAR,DARKNESS,DRY,UNDER THE INFLUENCE OF ALCOHOL/DRUGS (USE WHEN ARREST IS EFFECTED),3.0,26.0,1.0,1.0