crash_record_id,weather_condition,lighting_condition,roadway_surface_cond,prim_contributory_cause,total_vehicles,avg_driver_age,total_people,total_injured
07f951de1ada2da4f585ff7e4eab52a7e5621865cbc1abbfcab82353c5cc91e1ddb99c4bd40d09d1f02e28c1c9e28b14fc6e81d74004006403728c3428bd4316,CLEAR,"DARKNESS, LIGHTED ROAD",DRY,HAD BEEN DRINKING (USE WHEN ARREST IS NOT MADE),3.0,28.25,5.0,5.0
07f970fe1e34b891b520fe42f0d3e558387fc5aefe32cc436049943b8f7cb2517f6f9758af6057ca360fa0a342b872246ac4254ad0231e5f8fba4ba7f5d5ffb6,RAIN,DAYLIGHT,WET,DISTRACTION - FROM OUTSIDE VEHICLE,2.0,45.0,1.0,1.0
07f99dd23dc5a8ffd127e09fd91a8c5cee05c1d671c4f7a6fcf852dd99b527a91deebd2e103f84e8a43e1397bf656227d11eac426feb96e4759bdcb3ff2cc7ff,CLEAR,DAYLIGHT,DRY,IMPROPER LANE USAGE,2.0,51.0,2.0,2.0
07f9a54185098e29ffe10c1b5336028d98b09a514836c1218da060fa1d7cd87082feb8db0ccf5ba1ef137e250b2bb99887da767d0f5d436e0b4625bef12ae76f,CLEAR,DAYLIGHT,DRY,FAILING TO YIELD RIGHT-OF-WAY,3.0,45.0,5.0,5.0
07f9b0e6eec7785a8799b2833c0691e40d60f2dba7bf880c7a7ceb6d6b55ad157f73c14f24ec62db96f0854803d240b0810a1492cc7be77d28dc8170659b649d,RAIN,DAYLIGHT,WET,FAILING TO YIELD RIGHT-OF-WAY,3.0,30.5,2.0,2.0
07f9b19e3997bd8470b2f1d6cf30b2ec117e46aafd3c6444961691318a7979071ac3824a28e34edff53ab2c6f766cb5fbad9ba9e362c153f67d67f3cbf76ff6d,CLEAR,DAYLIGHT,DRY,IMPROPER TURNING/NO SIGNAL,1.0,50.0,1.0,1.0
07fa503deee5fa198c138c13dc45589710215d7ee67a4fb5903b7d0465ff380760fd3bbe6208e2d223480fffb3893d7d908f103284c1e098b548c024bc798f85,CLEAR,DAYLIGHT,DRY,FAILING TO YIELD RIGHT-OF-WAY,2.0,21.0,3.0,3.0
07fa9eaf87d747f4dea1e7c8c72dd41e9501923e97cb6aec16ff5b91d42345791ef7490ada456f2d1e3cea2db88b6a34d87ed69a1b1fe58f2c3d3b992f12ba39,CLEAR,DAYLIGHT,DRY,DRIVING SKILLS/KNOWLEDGE/EXPERIENCE,2.0,30.0,2.0,2.0
07fad05c589046607456d99f8a60e4e5edc2fcf35a9a6a079327d847ffce4752d0d8d52c5899f546891824ad7605b9c588e25c8ee1e2dd1a607339ff512fdd41,CLEAR,"DARKNESS, LIGHTED ROAD",WET,IMPROPER LANE USAGE,1.0,37.5,1.0,1.0
07fad5a5561b3305dde5733cb11e9659fde77180f0b27f185a97c91c9e0b742ad94bf1c8c2eefe5e2e7b93df0a3319b9898eba3e7b6d0debdd8475a859f68f2f,CLEAR,DAYLIGHT,DRY,IMPROPER TURNING/NO SIGNAL,2.0,41.333333333333336,3.0,3.0
07faf1d111c2992b8d0a37a97a20e329680773354d00bbd64d22bd4d149509377ec766c37c15965613ee8d8d70766360418085365887ace30dfed30d1fc7c655,CLEAR,DAYLIGHT,DRY,FOLLOWING TOO CLOSELY,3.0,33.0,3.0,3.0
07faf9939e077ec67a52f27918ac43955415e580bb8f1d64a7216bcc430a45938961c921aeac7895ee0cb913e5d9b07cae3958a4c78274750d5df69836ab2b36,CLEAR,"DARKNESS, LIGHTED ROAD",DRY,"OPERATING VEHICLE IN ERRATIC, RECKLESS, CARELESS, NEGLIGENT OR AGGRESSIVE MANNER",3.0,53.5,5.0,5.0
07fb20a0e0317df87c8b902397b837b920ec0e82437f8b72e31fab28f29bbe1400a3ca96d9b6120fe548be0a16fe2c27ef3e2d6d0d5b8719099c21a347285632,CLEAR,DAYLIGHT,DRY,FOLLOWING TOO CLOSELY,2.0,47.0,2.0,2.0
07fb4185a02232d9fab8f402e1e3e6aa9284fc203fc5b877c04bd6dde82326b43992bc1818313e7212fb759b41c7e6b7b894ad67290136cfaa8028cfd7e4b396,SNOW,UNKNOWN,SNOW OR SLUSH,WEATHER,2.0,59.0,2.0,2.0
07fb55b1df39c4486b773bbf9363d1cbe2a2ad70d717576294ec1f95410d239b6bd184cd32c373381a7a6ae64b5b12d6e1b63508eb8d4d2c4a34f452e41a0860,CLEAR,"DARKNESS, LIGHTED ROAD",DRY,FAILING TO YIELD RIGHT-OF-WAY,2.0,28.0,2.0,2.0
07fb63a9b6918b8ea541fd0394c7e2049218c85c333435c53b899388baecf2abf1c7b7ba2d0add960c302d6ffee86df9ff71323570e87c072a7c975a7d3d20f6,SNOW,DAYLIGHT,SNOW OR SLUSH,WEATHER,2.0,35.0,4.0,4.0
07fbb2542bcc5177c24fa6a1be6c7943aea46c359fa44ae48f510db6aba4457b227a449ad28cd056097f6f1c1c2af8838e5d5b9f8aa4fa886d19f4b9ee18a475,CLEAR,DARKNESS,DRY,FAILING TO REDUCE SPEED TO AVOID CRASH,2.0,32.0,1.0,1.0
07fbb9bcbbda4f91750cd6fa7fcd0ecb1bb6f32abfa90f693ebdedc499793209cd5ae92051d33dc60e2e36835cbf2f0420b5699c4a2f5b572a73a177c7d8d03a,CLEAR,DAYLIGHT,DRY,IMPROPER OVERTAKING/PASSING,2.0,49.5,2.0,2.0
07fbf8b25295dec87708316dafcfd418ea60159e3a801fd0de77289cb272ea6c6b0e7ae9ac8fd4524deafe6c729008319479c1cfae96d80a6a6fa62de49ffa66,CLEAR,"DARKNESS, LIGHTED ROAD",DRY,UNDER THE INFLUENCE OF ALCOHOL/DRUGS (USE WHEN ARREST IS EFFECTED),1.0,19.0,1.0,1.0
07fbfa4ea84a39e4a409170b8c8e9ed984de5431b06507440afc827b0b13eb81c4868ede259c6d7128a2bd342fb8bd09bb38f70ab20dc2afa2e3dddcc0cb9cc0,CLEAR,"DARKNESS, LIGHTED ROAD",DRY,UNDER THE INFLUENCE OF ALCOHOL/DRUGS (USE WHEN ARREST IS EFFECTED),1.0,69.0,1.0,1.0
07fc303b85372ab6a3f0ad2db551d85d59f0a85b20534184660a007254803202dfbedebf328b309d7ac500be6fb15600f7d09344aa6a6ebc28e4b0a500f8ad6c,CLEAR,DAYLIGHT,DRY,IMPROPER OVERTAKING/PASSING,2.0,34.0,2.0,2.0
07fc934afc99db56809512723f153fb5d20aa783f5dd29706a3792975edc759a2fcedc9ed38ea2fb7379b475d5ae0a864aa944fb0288d2bda81ba09e519e0ed2,CLEAR,DAYLIGHT,DRY,FAILING TO YIELD RIGHT-OF-WAY,2.0,52.0,4.0,4.0
07fcbdc065aab31ba027c28616704fd9fe37fce1057d823c0b4462d4d45ad83aa3b748a16a71c94153dc4b9d5435b23dbd6582f8f4ae7012b2b2d031fe6193bb,CLEAR,DAYLIGHT,DRY,EQUIPMENT - VEHICLE CONDITION,1.0,19.0,1.0,1.0
07fcdd2db9b3791ac5195733fd4eb7611ce4959916537c9d770cbda7a8042a216d4316556f1a2f95b9806a6203409c090c5b66e56b55f6a794c640462848905f,UNKNOWN,UNKNOWN,UNKNOWN,ROAD ENGINEERING/SURFACE/MARKING DEFECTS,1.0,46.0,1.0,1.0
07fce320b351d3624d35c21fa39982131f79de42da2b9f47f6d25bbbab00626dd408ac0c80881fa933f02882a999831073485ce92fb30119678fed65938ec1c4,RAIN,DAYLIGHT,WET,FOLLOWING TOO CLOSELY,2.0,28.0,2.0,2.0
07fce8a4773c5a55aa885ef977183135e1a9601bf4a980531c2fb6f6c93e7850c29b8616de5eaf4e500eff38ccf4daedea386dbd8ec8a51b5e49ac57d76eda5a,RAIN,"DARKNESS, LIGHTED ROAD",WET,DRIVING SKILLS/KNOWLEDGE/EXPERIENCE,3.0,37.5,1.0,1.0
07fcf140471376c16086df0f07904d7c8f28b12b6fed9bd0afa91cc1f414379a9898bec9842dd299974b76615a319c7d0e9b71b257b4dfc6545d3b64fdf24289,CLEAR,DAYLIGHT,DRY,IMPROPER TURNING/NO SIGNAL,2.0,37.0,2.0,2.0
07fcf77f2fcb9cd265935a8e2d253005d5b5c0c79c7e6c0525962e5ad8b8e95c064462155ea1eea091a118b8da531c33d07fe8ff8679ff113b45dfb6211b29b1,CLEAR,DAYLIGHT,DRY,FOLLOWING TOO CLOSELY,2.0,56.5,2.0,2.0
07fd0e8384980bb9aede00c820a54f023e8bf8c43acdd03f7e51a87e94fe76bdb4db0fedb2e53b13c078abaccecc29a13e230f0967b46a1c79499ecec1cd7c17,CLEAR,DARKNESS,DRY,FAILING TO REDUCE SPEED TO AVOID CRASH,3.0,34.25,4.0,4.0
07fd264bfda47d1bc9afb7849ddce57a3d35b8380f9427718cfef163221d19fd4be7a069273f527509a82565f5a56df8c6d9d04cb351f0eb45ecd65baead2776,RAIN,"DARKNESS, LIGHTED ROAD",WET,FOLLOWING TOO CLOSELY,2.0,73.0,2.0,2.0
07fd2935315c167d5e4180f3661d5da64251967d6c114c46e32c449567634a4d063861055dd24a45e168059f73de522d84369a03ab21972a55932dae1d736c7d,CLEAR,DAYLIGHT,DRY,IMPROPER OVERTAKING/PASSING,2.0,46.0,2.0,2.0
07fd83ef96e26af33424018851624a93032d7f37c572db8be7f578f8a7447acfc605232c1271d17c169f9beda040a2e383d2bf4a22881807f093e2134840578a,CLEAR,DAYLIGHT,DRY,PHYSICAL CONDITION OF DRIVER,7.0,29.0,2.0,2.0
07fdac9772631f35e648b167d9cccc6f6c9f2294bfc3d005e498791085d3ed82f8ebe448c1e542f775c6d7979ef87e936b130d69f1e62e74e3ba18de46ceab1e,CLEAR,DAYLIGHT,DRY,FAILING TO YIELD RIGHT-OF-WAY,2.0,39.666666666666664,3.0,3.0
07fde40a985bd09fe162a587941c3e5ec44e1d5a4aa23775465a84bb04fa69e2cc52eb58c1bfd018731fcd6e99f6e5b2c4737e727f9e994841f9fc2aca28971c,CLEAR,"DARKNESS, LIGHTED ROAD",DRY,DRIVING SKILLS/KNOWLEDGE/EXPERIENCE,2.0,20.0,2.0,2.0
07fe15d86cd1f7b6c512e1eeb8d435cf356f6601fd9e526f0cad2004a351f0151ec25b6c293aaf01386dec8516cb621bb6658357dd8aab21345b8e1608af8372,CLEAR,DAYLIGHT,DRY,IMPROPER LANE USAGE,2.0,45.0,2.0,2.0
07fe2eb4f03d3214438b51ef7cb267eed8cd62c1435d438936581dc43e86851f5a278b8af1974a69e1fbc6e7a70695b2cbf9131017ed6008de65db31d0114b79,CLEAR,"DARKNESS, LIGHTED ROAD",DRY,FAILING TO YIELD RIGHT-OF-WAY,2.0,57.0,3.0,3.0
07fe7581bab0955992f97623a46d0cb5fba6ee1768aea80202946d0e43d1cadad661f2ee47d4dbcd78985be4d7dc92b1ebe826aada358f1619317f04053a2d01,CLEAR,DAYLIGHT,DRY,FAILING TO REDUCE SPEED TO AVOID CRASH,1.0,37.5,1.0,1.0
07fe7b48b1b41f39d2e2641ca9cd1b3f395d17d4c94edb066dbae9aad1b133510da1ecfbe29cfb3676e3085b77332e5df52ba9a9679193671ed446421b062cbe,CLEAR,"DARKNESS, LIGHTED ROAD",DRY,DRIVING SKILLS/KNOWLEDGE/EXPERIENCE,2.0,23.0,1.0,1.0
07fe85e27ac9c2b6a115c4841e443371c5c84b2beca425222ca827dc31456094c6f326fa4dcfe559c57a578698e6d0311e2576ea767661cbbe0453b4723a27d8,CLEAR,DAYLIGHT,UNKNOWN,DRIVING SKILLS/KNOWLEDGE/EXPERIENCE,2.0,25.5,2.0,2.0
07feb4e1146b829fb51ab17a097028594b4e940ddd6378f98efb4234cf01dde095267a7b983e7ce12f42b6c50f9dca25d150c3bf959f313cc24d8e83b7ea1dc6,CLEAR,DAYLIGHT,DRY,FOLLOWING TOO CLOSELY,3.0,47.0,3.0,3.0
07feec12e40f089a2be266df9958d432323b3d796d4bf1360e6ee15dbde93d6e10fdfbafbd0e6fa07356615d7d4cd624ca11904041fec014fe7c9100acc9fa18,CLEAR,DAYLIGHT,DRY,IMPROPER TURNING/NO SIGNAL,2.0,32.0,2.0,2.0
07ff2e2c5d36c5fdd6953d2c3f80f3a6f92c5feaa17bcb259245b2a0e8f2e25a921b107aa5bfe4825f0f6e482cc568798b67df386d707ca1a36bba14aa807af7,CLEAR,"DARKNESS, LIGHTED ROAD",DRY,FAILING TO REDUCE SPEED TO AVOID CRASH,2.0,12.75,4.0,4.0
07ff444c235c3369d2adbba0163ede4adb26defe5c14757a29e4f7d0b6dc2fe63ff7c873cd8e05cbec0a6c2cba3296af1dedeb0b397a3ac097ee86d9ba607a8a,CLEAR,"DARKNESS, LIGHTED ROAD",DRY,IMPROPER LANE USAGE,2.0,26.0,1.0,1.0
07ff5825b5813a6dc5fe9748cc292ecd6f2f55751d0e8585c0af840c15cd268b7bb4e6801deccd1aebab7d9f603d3e9611143f2b27612cd28a268f8784dd4cfc,RAIN,DAYLIGHT,WET,DRIVING ON WRONG SIDE/WRONG WAY,2.0,28.0,2.0,2.0
07ff618a08b15111d4e650ae6b08a4cc542a3029574dd671e23a4ccabb3f91e6d0aea608c2225f444b03886893dd005606341ddb579794a39d6c66b9d8ebd733,CLEAR,"DARKNESS, LIGHTED ROAD",DRY,FAILING TO REDUCE SPEED TO AVOID CRASH,2.0,37.5,1.0,1.0
07ff89bcd4883f5088adf77c109a8e9d7dfb62ecbdae40a2c15c2fa6b1467943c6b4a6d861cb6889aeb56a9d0b6a1c8d416c55e1499fa38dfe2337aba1327cc5,CLEAR,DAYLIGHT,DRY,FOLLOWING TOO CLOSELY,1.0,50.0,2.0,2.0
07ffae3ab82228d0f845e275de2d7b9fad8f8366c53f9c76e4e27f7db18d86dc7d5e3cf07f14eca4bca48dd5c027427bb38b6e56409dbf7b6caafc0f826d122d,CLEAR,DAYLIGHT,DRY,IMPROPER OVERTAKING/PASSING,2.0,44.5,2.0,2.0
07ffd70dd45e9b6c2fc642d94f650925caf606fac0085dad94eec9ba06e3ee36f8ef0e9027ee627a5ce2db1318c5cba6f2c41db5b121ea6e81575f36fc649d7c,SNOW,"DARKNESS, LIGHTED ROAD",SNOW OR SLUSH,WEATHER,1.0,20.0,1.0,1.0
07ffda7a94d1e8dabd757962c61edd558bfff7e8232636bd27f47b103b3d0c1a54355484f50b7a5d59e846f3ca2306d582409ac39217b59e9169ee7a4305de0b,CLEAR,DAYLIGHT,SNOW OR SLUSH,IMPROPER OVERTAKING/PASSING,2.0,51.0,2.0,2.0
0800128a78b3bcf2be13ad88d4f0f63cea263b4f577d332e833ec658b14fc02ae150c0e2f9129da3fae3d55d8113351184734cde6a3ff04d8d506971d9d32755,RAIN,"DARKNESS, LIGHTED ROAD",WET,FAILING TO YIELD RIGHT-OF-WAY,2.0,50.0,2.0,2.0
08008d1808fc79b4cb94125593cae5324a06abf667e75bc8bde58abe9396d45ef102bd9e0e726da5abd2c037f557b930fd9d5f75e2d741c2e3b064efc9244396,CLEAR,DAYLIGHT,DRY,DRIVING SKILLS/KNOWLEDGE/EXPERIENCE,2.0,18.0,2.0,2.0
08009356b0f0b2d7f421bf113f3621122cb393e60afea9d48c96e49b3397dff7bbf1043d26a93d1bd8eba4975091059c3af8ccccf7ce94b1376180dd65a5d201,CLEAR,"DARKNESS, LIGHTED ROAD",UNKNOWN,FOLLOWING TOO CLOSELY,2.0,26.0,3.0,3.0
0800b62f32e3010f052f45f33b2a69722d6ede518a7e46f44d8d71675c814262dc000fdba9f58bae6171b905efa454793669f097a93837b5e02ccd2a8dd151a9,SNOW,DAYLIGHT,WET,DRIVING SKILLS/KNOWLEDGE/EXPERIENCE,2.0,37.5,2.0,2.0
0800bd81998381b7014b792e910c6ded9db6b54fb6fde995d0a302c60731fdef8742f72b66be0121854cab571806076fe1a61da7dba4813432ea25c2b2f5f5a0,CLEAR,DAYLIGHT,DRY,IMPROPER OVERTAKING/PASSING,2.0,17.285714285714285,7.0,7.0
0800bfbdebe3f40f70e968a2217034c42412f770adcf58e31d7fe39aa65fdd225c4c4c32b1e7328e54847292338238b808bafc672a2425a73da7535035fc4be8,SNOW,DAYLIGHT,SNOW OR SLUSH,FAILING TO YIELD RIGHT-OF-WAY,2.0,43.0,3.0,3.0
0800c0ca66c093a28fa0e949c3c2abfaba669748ddff86e315e8ce848464fa743e2bfb50c3c9f6d353190dc32ccbb8733db7db928365c8bfa656d807a305c603,CLEAR,DAYLIGHT,DRY,FAILING TO REDUCE SPEED TO AVOID CRASH,2.0,36.0,2.0,2.0
080100a90f310b7a66790aef60ffdb43f4add0e32e74f93b0d13cb55560816c32e729bb37ba75c8a44f1be81ba87197bc53c5d803512f8992abf76da0d8c1399,RAIN,"DARKNESS, LIGHTED ROAD",WET,FAILING TO YIELD RIGHT-OF-WAY,2.0,38.5,2.0,2.0
080112fd951d2a0f7c55537dde06c7599493522a2299585c0ccaf331cda39d53b4b305867cfdc7178d410569fb8ae89fc2d0d7b0498d7f5cb9e5b8492a52086f,CLEAR,DAYLIGHT,DRY,FAILING TO YIELD RIGHT-OF-WAY,2.0,47.0,2.0,2.0
0801141f2cf14590c4d3fe8350701a88aa22836864e22716efd6293de885a02a8f42bc15ec1b767c89e194a8ff091db7fe9927dcd41620fc367c38a2920945c5,CLEAR,DAYLIGHT,DRY,IMPROPER LANE USAGE,2.0,53.0,3.0,3.0
080119a00c3aa58e35ebc27fc1de7f91bb81350a261d2eef3910986811f6df65a185506e0c28deb762b1324229bf0e321abd6041c5eddce1fde38e6c92fdeaef,CLEAR,"DARKNESS, LIGHTED ROAD",UNKNOWN,FOLLOWING TOO CLOSELY,2.0,28.0,2.0,2.0
0801796b70bed0550e58c01976fb969e393708457d376ca2210f1eb5b1a03fc4014030060ef5b88f9290b4202247158e4d84c9f70f550ec26dc78d2efcbeefd4,CLEAR,DAYLIGHT,DRY,EQUIPMENT - VEHICLE CONDITION,2.0,46.0,2.0,2.0
0801a4c3c27fd7c65d3cb57fb686bcdd704e8a09e72b3bea97dfe3e1af0749e0447647f5490e268a21c4c8d8ef0a4ac6a3c181a23a6a22dc171888973c87c929,CLEAR,DAWN,DRY,FOLLOWING TOO CLOSELY,2.0,32.0,2.0,2.0
0801c72dbf69f6e8ece20e60e5babaa6a47350629a5b42dc1b579e452895470e7ed22d30e1ccf1808b7ceed174dbf22d99007466a8c98cdeda8fbc07369ee61a,SNOW,"DARKNESS, LIGHTED ROAD",SNOW OR SLUSH,FOLLOWING TOO CLOSELY,2.0,30.2,5.0,5.0
0801c7c56ada77f61084c460545725ac1b8937efbcab2631f6553c385e6e619d42856b3e4135bf18ccb03a1b6ef77d793d181c3e4f5cbce119bd0df02e309e33,RAIN,"DARKNESS, LIGHTED ROAD",WET,EXCEEDING SAFE SPEED FOR CONDITIONS,2.0,35.0,1.0,1.0
0801f560636106ca711b6a543530d2f29fb48dff07effc9f5f47824b18c99f238f305b9f509d3c36f657ae188527abda7c84228dfc035effff60beae99cb8eec,CLEAR,DAYLIGHT,DRY,DRIVING SKILLS/KNOWLEDGE/EXPERIENCE,2.0,31.0,2.0,2.0
0801fa4a637064f963b26de6a891a0096c808c3160dcc676f66b751052f0ca0fda162d201b3babdad4ef41b4031f160a4897c54b3a520ccb871f6bdf96df7ca7,CLEAR,DAYLIGHT,DRY,DRIVING SKILLS/KNOWLEDGE/EXPERIENCE,1.0,37.5,1.0,1.0
0801fada5124dcc06b3e11551591792c17702f9ec98ec8c4077af5eaa7715d986124e9e3445cf5ab6cb9c4738873f1500899b8f1a02a70851a5a54c5d2f30ade,CLEAR,DAYLIGHT,DRY,FAILING TO YIELD RIGHT-OF-WAY,2.0,48.5,2.0,2.0
0801fea0bb4f1ebb6cf19faf3f8c04a06ae9644dd0283ca3c894f948c0744eeb1d85b33e09ae0817c47902dca34d764141897fb315f073476c6b970ec68676b2,RAIN,DAYLIGHT,WET,IMPROPER OVERTAKING/PASSING,2.0,54.5,2.0,2.0
08020b7c0170b5a16139e8011637d23dda982b70f0f0e17d71870479e4ba39837faeed308ae0909eac5a89e5605e1ede90fbd680dd7f2f22b85dfebfaf2404d4,OTHER,"DARKNESS, LIGHTED ROAD",WET,DISTRACTION - FROM INSIDE VEHICLE,2.0,31.0,1.0,1.0
0802399c440f734d4d7a357ee95f8f266b8db395f9c0d0d77e0f31ba8d031dff78266634775ac2329b3e8052076fbda080852123b38f86e372dcb783cf237fa9,CLEAR,DAYLIGHT,DRY,DISREGARDING TRAFFIC SIGNALS,2.0,43.5,2.0,2.0
080245f89e61507e47e013d2328c3a8424052301d531df84535069ca4de6e0e47dc0ff503dd2494bedbf3d886cec51fead806f94ff6e8ad4a4c6161c5fafff1f,CLEAR,DAYLIGHT,WET,FAILING TO YIELD RIGHT-OF-WAY,1.0,47.5,2.0,2.0
0802486824237002c4302ab47c7e0cf103df143ea01aced3619323febc42b977f6cb84af7a68b90b9715971dd9ed8e56d50da01f407bd5d2ede3e650c2dd02b4,RAIN,"DARKNESS, LIGHTED ROAD",WET,EQUIPMENT - VEHICLE CONDITION,5.0,47.0,1.0,1.0
08024e1f1062221361ba3101f650e2f283f6460e43d68122b660b0e7371a84f70954a869249d3e773299ac27e94685974e5dd0a572d517a92ea10b49accc073f,RAIN,"DARKNESS, LIGHTED ROAD",WET,FAILING TO YIELD RIGHT-OF-WAY,1.0,42.5,2.0,2.0
08027f2468e3753d29c40771698ffea965771bd72b25463c6381a96365665ac8ed3d4785e24fad555a0005dd8f34a607a7dd706336c06dcbbf3e8c781174151d,CLEAR,DAYLIGHT,DRY,IMPROPER OVERTAKING/PASSING,2.0,37.0,2.0,2.0
0802b7ee167179a886dd73e6ab9727dd2e4b4a4e75680bad1e5bb0a3048b7116d61265f906e77e3b5a2793b45f80380faef45e60db70919ffa6ec67982648b56,SNOW,DAYLIGHT,SNOW OR SLUSH,WEATHER,2.0,42.0,2.0,2.0
0802c1aa229c78f718db18c6c57d357aa704a91cee5664cb420331cbc3c35a09aa3959d352f14e41c5703d063aa6594aaab4b1861e7d084a50483a19d51788f3,CLEAR,DAYLIGHT,DRY,IMPROPER BACKING,2.0,43.5,2.0,2.0
0802d3fef26b042a3bc4de169c28a974bd99a9d113186504feed2515efa862498c71c6b2acb8950f307f9e4db7f67874f9124684a12323a08bd64049a77bf748,CLEAR,DAYLIGHT,DRY,DISTRACTION - FROM OUTSIDE VEHICLE,5.0,38.0,1.0,1.0
08030a80c216b934e4f8713abee468c59ef4c1b06a1d5450ab368409a3eb46de2523b1c8f0b2e13d21d3e49fe8985f3f960098a476253753a35f8045f7f2e954,CLEAR,DARKNESS,DRY,FAILING TO REDUCE SPEED TO AVOID CRASH,1.0,22.0,1.0,1.0
08032569af90986349d6238e3f517450e2db635ddb72c1a97ed32e35b31f1380edd8d149d3112c46575d279a48b26d90cc8e97479f33a7e41c10e453b680408c,CLEAR,DAYLIGHT,DRY,IMPROPER BACKING,2.0,33.0,1.0,1.0
080328eadfdd9fc38a0c470372069f32b536764c2a2d35ad3f927f9c75081e378fac08d78885415cc08609017d5073fad6cfb2aefe682a4bd2f4119b49f0efe8,CLEAR,DAWN,UNKNOWN,FOLLOWING TOO CLOSELY,2.0,31.0,2.0,2.0
080333c13cd18b444a2fef7e3aa3ec44ce465a912b46eafa829f8432046cf5f27327e5275fcca738d4849783f271fe3b9c87c3c535709c43e0e4dc64d9b5a009,SNOW,DAYLIGHT,SNOW OR SLUSH,IMPROPER OVERTAKING/PASSING,2.0,26.0,2.0,2.0
08034a106ab9d7957f347d5d1667d5768586af8b85fda2da0fbd9c07c99d4f2be7c1156cc298d577789e3c81334e36cb0a7428359272f66cd0da0891477d1d90,CLEAR,DAYLIGHT,DRY,FAILING TO YIELD RIGHT-OF-WAY,2.0,66.0,2.0,2.0
080357d57f3e3d322473a622e54e6bff28207e064a6f4190ac4041802484e0888ee74d68dec72ae2a8a8d5904d03340a596b23ed857e0dc8f1e1e3f63f7ad8bd,CLEAR,DAYLIGHT,DRY,FAILING TO REDUCE SPEED TO AVOID CRASH,2.0,73.5,2.0,2.0
08035f725eaa8ce2a82c0d674afdbf84e4a714e0f5bf98eec68688221e43dbf07dadd23f8d30f6627ec82238ea7df65cff02cfefc8c0496ea7f609f32623019e,RAIN,DAYLIGHT,WET,FAILING TO YIELD RIGHT-OF-WAY,3.0,57.0,4.0,4.0
08039520089bcc4e53d289439442d400f748d807857742b137e063870268d0aec92b1abb3d54d7778c3e9b28b13f00e4d0aa938d6d22850d9d4e892d617f0663,CLEAR,DAYLIGHT,DRY,IMPROPER BACKING,2.0,28.0,2.0,2.0
0803d988e74e1c153eb509449a1c94db97bbd50432c3b4a1632b23194924a7491a73c7865eedcee6f214fcaa8584a119122b313880ed532ab61f4d3fa95cd903,CLEAR,DAYLIGHT,DRY,IMPROPER TURNING/NO SIGNAL,2.0,23.0,2.0,2.0
0803f900bb65e4f15fcc7fc78fdc45a5b54c23bce85135f310887ea6dadd3694feff6dac7d4896281c70196093138005a7a691b4acaa83c4afd3a057fe9df1c3,CLEAR,DAYLIGHT,DRY,IMPROPER LANE USAGE,2.0,24.0,3.0,3.0
080416e59faa1c827995f31a1044284820d2647bbb4f4badd1a12989719c17f1e59d6eaf7417f9ec8b793ca1b3b4c0077b8a5c5db02b8d61ad4b57b492382f63,RAIN,"DARKNESS, LIGHTED ROAD",WET,IMPROPER LANE USAGE,2.0,46.5,2.0,2.0
08044b8e311c63499dbc5e7326bcac8c226475c44d05157c4e7c940b2a48a781886224d0e8edde5f3b6298a31f176258f49ce508da1032926dcc299ece1cc3af,CLEAR,DAYLIGHT,DRY,FAILING TO YIELD RIGHT-OF-WAY,2.0,17.0,2.0,2.0
08046b38ce60576161eb2805aac4c5b9a2fd8ac4b4913c007cf896e9ca7e54da301dc12c0133713c961ede55fb90a05740428db8870b08eeae182eeb4b009de8,CLEAR,DUSK,DRY,FOLLOWING TOO CLOSELY,2.0,27.0,2.0,2.0
08046c0ac9ae21fdd14f118257b5c8d10b9067603af86f6c38f64d27cc502fa2db5a73167ca71f31dd8dec6d902f127a478926eace15d311f687bccd7ea24666,CLEAR,DAYLIGHT,DRY,IMPROPER BACKING,2.0,37.5,1.0,1.0
0804936d204ddc4febbb1385b14eb155d5912e0fec4249fc06ca9404492acfc9e1f1952dd3320c795ff11526948760c2f7fe049b9a8683877b66be161875895a,CLEAR,DAYLIGHT,DRY,FOLLOWING TOO CLOSELY,2.0,17.0,3.0,3.0
0804c2f2f686ad67dbcbd6cf608796140f658bc1fc4fdc2ffcf05447ee445c0b27df0ff292df8d8a580d61aa46e460e2d50338527d0a663ae5fdbc1626701cb8,CLEAR,"DARKNESS, LIGHTED ROAD",DRY,FAILING TO YIELD RIGHT-OF-WAY,2.0,34.666666666666664,3.0,3.0
0804e9a88dfcffc90ebc6dcd7ee0e34ffae0e207277d9b116bcf2d30f1b2f00c4a3f2074bdbe256670e8fe0689918df1f1914cd5c5a47a58c7d377d923c3d49c,FREEZING RAIN/DRIZZLE,DAYLIGHT,WET,IMPROPER TURNING/NO SIGNAL,2.0,33.25,4.0,4.0
0804f769af5e5143fd32f7d668768c5c6050f4168a9785ec6329eec0a31732612ba32dc14f167b58e1352ccd02f8a041c4028bcd275c6337657adf010c835846,CLEAR,DAYLIGHT,DRY,FAILING TO REDUCE SPEED TO AVOID CRASH,1.0,52.5,2.0,2.0
0804fc17b8b0eb9e7f498d854d8455298d692450fd1163f6efe6f2e4532cbcbb6ff79a5163235415b46dc3b45e79db7b994f23eab2d5616503c19b16b29d1b10,CLEAR,DAYLIGHT,DRY,EXCEEDING AUTHORIZED SPEED LIMIT,1.0,37.5,2.0,2.0