crash_record_id,weather_condition,lighting_condition,roadway_surface_cond,prim_contributory_cause,total_vehicles,avg_driver_age,total_people,total_injured
08053d34cd358076d3f0104239f7c28b2ca74b053655ce6c3843d8422d7d34bc0442dacbae0a5b7408ab620cb0f2ae486e0ad5985bebc24e37a6bc3208b1bc48,CLEAR,DAYLIGHT,DRY,IMPROPER BACKING,2.0,27.0,1.0,1.0
08053e06d69626726e0d0629fb2401816ac5545b7faf1d42d241f5c1ebad179a23efd4588571f141552a58a3645750e9ab1a10627a85dcd9a04dd7c516e9291c,CLEAR,DAYLIGHT,WET,WEATHER,2.0,38.0,2.0,2.0
080544aa91bbc1c0e46ff85e9a0f27ff668ecdd9e0985acb2b993ece5f522d51a68f0e8f674dfc24632b981e920f67bdcd792654241b78f93981412c985d73a2,CLEAR,DAYLIGHT,DRY,FOLLOWING TOO CLOSELY,2.0,59.5,2.0,2.0
080544d34436060696ef593bf27ee14ae5be8d7fd2bd8daa23ab3d5d9f4bbbd27ee9414a8ad9b48f271bebd558e10ad4a44b0725ad570dfb89cb5ea392e4746c,SNOW,DAYLIGHT,DRY,IMPROPER OVERTAKING/PASSING,2.0,21.0,2.0,2.0
08054e799b6696011da461cf855444c03944f59e35611239479cc44022b46c62f2f0f1593ef330c8cedfa8ed0913870f8eefcc5dc36bc19ee3176bb8e9f087d9,CLEAR,"DARKNESS, LIGHTED ROAD",DRY,DISREGARDING TRAFFIC SIGNALS,2.0,76.0,3.0,3.0
08058e3b0a4c9335794ea8c6eea967181e719a1be5d0086baa31e84b27264a786e24623cb19804c4d82b5e317632b03281f4628fea261516155bd8a261deb52a,RAIN,DAYLIGHT,WET,"OPERATING VEHICLE IN ERRATIC, RECKLESS, CARELESS, NEGLIGENT OR AGGRESSIVE MANNER",2.0,24.0,2.0,2.0
0805ad35b16b2a81d8c2612181a755cd13b3de843ed4c1bb320d9821f4cb6af84691f9b4282e4ea8c3a34e336a6bc8a73913599940401061926ea5d8b28a12ba,CLEAR,"DARKNESS, LIGHTED ROAD",DRY,IMPROPER BACKING,4.0,26.0,1.0,1.0
0805d1a03420c4cd400173d2ed25c4eae09744efb761771a6307edafcd883d899666d9c2c2138ce7275a2aa5ba47af92940c273b5acda849a7bf4d9be8586a45,CLEAR,"DARKNESS, LIGHTED ROAD",UNKNOWN,FAILING TO YIELD RIGHT-OF-WAY,2.0,57.0,2.0,2.0
0805d3f50027f8e8001888cd1f48cbf6fc7841326b3f3c7e94cf222417476734b93ce9662a729a900412568722b27037785611f09500b317f9d1c026c6035a4a,CLEAR,DUSK,DRY,IMPROPER TURNING/NO SIGNAL,2.0,27.5,2.0,2.0
0805f0354f3f64f229e1f27e54a41255d96be985870784a41b92072ed1854bc4663e7297eaa99f0b22ab25c7eeab703532ca707bad9a90a656b313ac8d6cfc8a,CLEAR,DAYLIGHT,UNKNOWN,IMPROPER BACKING,2.0,37.5,1.0,1.0
0805f60d664202e9ecc38febfe61d5e5b1f5f9f38e31e80ca41ec79b2752d1a5e93605bf990ca2025ac147ae70736df6a47380f07eeb1a987e25e05b334d25b3,CLEAR,DAYLIGHT,DRY,DRIVING SKILLS/KNOWLEDGE/EXPERIENCE,2.0,64.0,4.0,4.0
080600305ab76bfb55990610577da1b5201f03691576636c4561791d485d6e9464a1e799acad081c62408f2839f5bbb7e32f244578230aa29dbe8e30d9b2edff,RAIN,DARKNESS,WET,FAILING TO REDUCE SPEED TO AVOID CRASH,2.0,45.5,3.0,3.0
08060764d39c5c3abad8a358eb9054dcfbded0a8fbee3a628ea9cc182eddf7f6c31bb51298cc4ff5c2a21c011a8c11d6d3117504fd88b915622ac177e6028ef1,CLEAR,DAYLIGHT,DRY,IMPROPER LANE USAGE,2.0,22.5,3.0,3.0
08062800fc62e32a479ffb3da833707fdcbf6c4bd2273266cf55b6198346bba70f643ebf57aac51edf06acb60aef3ab04490e39be61487ca6f5611c9df4b4282,CLEAR,DAYLIGHT,DRY,FAILING TO YIELD RIGHT-OF-WAY,2.0,38.5,2.0,2.0
0806283c6da5fb65096e5ecf555ffb4ec25eb863ba023289f2bfc287a0415ad42d8a77b536e78d0796a812ccac25213ba7a1e82d54ed449f5b0aefafea83a963,CLEAR,DAYLIGHT,DRY,TURNING RIGHT ON RED,2.0,22.666666666666668,4.0,4.0
08064371070c9e0f692dc0ffb9b3784202bd94093539f0ec1d20729e0df5017b2190e6496b8eeaad7869bcbcc8fe218ff78bdabb94a14b2ed24dd3c1bbb135d3,CLEAR,"DARKNESS, LIGHTED ROAD",DRY,"DISTRACTION - OTHER ELECTRONIC DEVICE (NAVIGATION DEVICE, DVD PLAYER, ETC.)",2.0,22.0,1.0,1.0
08064baa22eb5a599b56b5e6cc07f9b27e83919ce486f50775ed5cc922170039b6f401c4673c1f9c9fa809561cc662f951e08bd95214ca6c79e78e67302510bb,CLEAR,DAYLIGHT,DRY,IMPROPER OVERTAKING/PASSING,2.0,46.0,2.0,2.0
0806b06de2d899ba6f9bb2c78c5714f7a56f31f701c22ec31a71d9dc8c957aea32ad1c972cedbc12ce2b638bca3df61ae63944df085d4dc84436d266fb87abf7,CLEAR,DAYLIGHT,DRY,ROAD CONSTRUCTION/MAINTENANCE,1.0,35.0,2.0,2.0
0806c0a08ef8aeade3e56ef247f497af9181d770d98a3520bb962c667e1f7086ce1ca190262beea5c07ee064727888b2a1fc3047edcf58c8c3ae4854bb70543f,CLEAR,DAYLIGHT,ICE,WEATHER,2.0,58.5,2.0,2.0
0806d45d6c99964c1ec76414b634dd43cd867d8a2fd6536afeba6f5cb69a7376303d26ba76a808f1523206cdc4bfa8082e6cfec561e1fea592865b729e34d183,CLEAR,DAYLIGHT,DRY,"OPERATING VEHICLE IN ERRATIC, RECKLESS, CARELESS, NEGLIGENT OR AGGRESSIVE MANNER",2.0,43.5,2.0,2.0
0806e5c7248e11f72659d1cea1dafa4e3772a06816f9ad5fc1670ee2b9e9ca2538d8fe36b3e6361fd3acbf2854cf0d37a31c752ad6fc1575e81d6071d9e1ec3c,CLOUDY/OVERCAST,DAYLIGHT,DRY,FOLLOWING TOO CLOSELY,2.0,42.0,3.0,3.0
0806e770e786bb9f105f0b04ebbc3f87c1aaa612ce55722c6a9b612ed6e3da74f14e8769d36cc57c20eaba43d81013be93c949929b813a5595756f8f520f1024,CLEAR,DARKNESS,DRY,FAILING TO REDUCE SPEED TO AVOID CRASH,2.0,22.5,3.0,3.0
0806fa630fb4857f6e7410aa9c87a527fce7fc9c9dbebfe534b1a2eff73776414272b45efa6aedcdc9b062db71e93816424f2af8182c103553aef8e3f2f8a0be,UNKNOWN,"DARKNESS, LIGHTED ROAD",UNKNOWN,IMPROPER TURNING/NO SIGNAL,1.0,44.0,2.0,2.0
08072f6afe8e6cbd31cd82b914836d5e10c286f457dbd90efadbdb40947daffac00936bdf1a62d85b39332d7a1745a3c337da7ca29950c272779fc9981029d2e,CLEAR,"DARKNESS, LIGHTED ROAD",DRY,FAILING TO YIELD RIGHT-OF-WAY,2.0,31.0,5.0,5.0
0807413e3fffe01ee19721712125864b0482dae88a7d7ba7b2a4fe4b744150e4ffda63676b073ec45cbb34f04a263f5d338036310c4d077063eeffb700bb40b6,CLEAR,"DARKNESS, LIGHTED ROAD",DRY,IMPROPER LANE USAGE,2.0,37.5,1.0,1.0
08074795b8d8b821e54a6604fcf55bc4c910e86564fafa8f536b23c258cb8642f858f4c97e254338a8d744451b67de922b693f36b9ee6290b356cb8f27b6f645,CLEAR,"DARKNESS, LIGHTED ROAD",WET,"EVASIVE ACTION DUE TO ANIMAL, OBJECT, NONMOTORIST",2.0,58.0,1.0,1.0
080757311d7ead6c40d78c532c7f6ea40d90aaeadf5414f68ebbccfa8d4932ed54e261058b7d5de55d830f727459d7787bda51d3fd1bb201d320f90516e0187b,CLEAR,DAYLIGHT,DRY,IMPROPER OVERTAKING/PASSING,2.0,50.0,2.0,2.0
0807803279e2b71a89e7c2e1570f7175dfd583beee4ada96ced7c0bc27ed20b4a8ebd7a208eb375f1813eb056a5366f74159eadbfd30d527b27e6048b787be1d,RAIN,"DARKNESS, LIGHTED ROAD",SNOW OR SLUSH,"OPERATING VEHICLE IN ERRATIC, RECKLESS, CARELESS, NEGLIGENT OR AGGRESSIVE MANNER",1.0,24.0,1.0,1.0
08078cbeac04d4fb11da1292db3a2109c74b17a9bcec9d53d983fd46efb044cbde6ad3e048dcb9a86fc36de3ff270c16439e2e5572e11a5223be809c429f6903,CLEAR,DAYLIGHT,DRY,DRIVING SKILLS/KNOWLEDGE/EXPERIENCE,4.0,37.5,4.0,4.0
0807de7fd89ed4d497fa753099c57bb18ce96fa36ae70c41cf712a966335af20edd5787d2cbbbdf21e32ab4dd821e4c197188b986feb11c669000d346f50f1aa,CLEAR,DAYLIGHT,DRY,IMPROPER BACKING,2.0,21.0,2.0,2.0
080859e3a3788fb57bc17287e5d33f65f49e4f28a96cd31d83918a5f990bb898b706e0b9dd01d4324a388739cec7318fa890e84567a2a80715c30db533f9c692,CLEAR,DAYLIGHT,DRY,IMPROPER TURNING/NO SIGNAL,2.0,47.0,3.0,3.0
08085ce6201c5e9e54e300b5ceaff9ffa3c79ac341f13fefb5641b02172503e55fbb19a8db1a3d42941d192894b973bc4fa35952d07005a5e08a5cb6aecadeb1,CLEAR,DAYLIGHT,DRY,FAILING TO YIELD RIGHT-OF-WAY,2.0,32.5,2.0,2.0
080879a8647d661eaf9ef27938ba6f1dab6cd2cffd2868a2a181712817bff2d6f945688ee2b17181d633e33eacf28ad7cb28f0569eb2ddc1256213fc9f60580a,CLEAR,DUSK,DRY,FAILING TO YIELD RIGHT-OF-WAY,2.0,46.0,2.0,2.0
08088436d36a868c156ac7c52f6c5ea5c6d94f2bb1054deacab835106bb9b739ccf1cfdfef455eb141d54a29e1f79e306709275af40feea15982b9da30d7d2de,CLEAR,DAYLIGHT,DRY,FOLLOWING TOO CLOSELY,3.0,50.333333333333336,3.0,3.0
0808c6d7495bef66be3e46373a2b73ea763e08769db6c17307d3030c89dffd9b8659f6ea43868d443077b0e67ce51f0426ca9d11e93eb961c06a2a9217169023,CLEAR,"DARKNESS, LIGHTED ROAD",DRY,IMPROPER TURNING/NO SIGNAL,2.0,39.5,3.0,3.0
0808da786e4535e462a2627b02bffe59a94bbb76a0b87097bb0ee60aa7874ee4ac2f9b06500df8c61f3b6ecd3da6ebd7a41b69cee66ab434ab72fa846a7493bf,CLEAR,DAYLIGHT,DRY,FAILING TO YIELD RIGHT-OF-WAY,2.0,34.5,2.0,2.0
0808ea6f57930de9ac308f20a61de5485697fc16b759bab2a46b4878db67f82dc1a2cbb56e87a08f9ccd755231dca1da5d9db1832dcddaf3b942ce8b3edbd4ec,SNOW,DAYLIGHT,WET,FOLLOWING TOO CLOSELY,2.0,46.0,8.0,8.0
08091ad0e7466e0c1bbc67febb6a382529b75d308105943141793d0323f670737f726c7d1f8db6db1755a6df770960edb1d34b8ae1a30848862a06d11f276713,RAIN,DAYLIGHT,WET,FOLLOWING TOO CLOSELY,2.0,27.0,2.0,2.0
08094fbb6bab2d40a1fd6545f3ea43fa1fa46b9ef1bf4f3ecdc506c8aa865f735af8ea3a6db1ab0dc875cb1c239deb2c669ee63dc7ca1c22c3767a0cef59cbb3,CLOUDY/OVERCAST,DAYLIGHT,DRY,IMPROPER OVERTAKING/PASSING,2.0,45.0,2.0,2.0
08096d2771e70dc157b4eb7ae4369cc3c4297806c00fa241a73b83838429acdb9f051c55e85205808734de25ef3932582b3051ebbb1c22983894a002997e9bd7,RAIN,DARKNESS,WET,WEATHER,1.0,48.0,1.0,1.0
0809750726ad923683734942844c67624f8ec64d85a20bef68e31fa8a333182289db54d76dd12084218da248fedb1e70a23455582f49f5af576abd1c6029ef92,CLEAR,"DARKNESS, LIGHTED ROAD",UNKNOWN,FAILING TO YIELD RIGHT-OF-WAY,2.0,31.0,2.0,2.0
080990f6bcb79b5a2ce70106bc2241630a737749553f3b9f08702162cda3c91bff546c961d33cef90f4ea85a6e99e1cc17620e092b44003ca3bfd2206af4fd70,CLEAR,DAYLIGHT,DRY,FAILING TO REDUCE SPEED TO AVOID CRASH,2.0,44.5,2.0,2.0
08099d94bbab2cc0260940bc0b1cd43c5a4bab3f66daefefa500768b1625b51f03c542de642b23382ea7ac17ffef00e3dd48fefbc61ceb2d4ed118eb815a2532,CLEAR,"DARKNESS, LIGHTED ROAD",DRY,IMPROPER LANE USAGE,1.0,29.0,1.0,1.0
0809a3af169305eb3c3d4f5b39a6c253209eeebe492fd9f6d1c86a8302691114b7e9f51e2fcbb2ba904003a7538f12f56f76232dfd04d63f2779182ebd684753,SNOW,DAYLIGHT,SNOW OR SLUSH,WEATHER,2.0,43.333333333333336,3.0,3.0
0809df23ee01c47cc58532f07f9c4cd656d56d2d4e5467871103aa5b29bcf2e16d3f6574b1d0ac06021e79241e336057606c9c378de23c871f496961d3487eaa,CLEAR,DAYLIGHT,DRY,FAILING TO YIELD RIGHT-OF-WAY,2.0,37.5,2.0,2.0
0809f68a753c680298fdc10e5ed2f0dc74db3b2f575453c8bb3aa462d34dbc91b1118432d951cdd7865da348aaaa209b6eeb2ed8534ce04495ab9fa5f4cf5a55,CLEAR,DAYLIGHT,DRY,FOLLOWING TOO CLOSELY,2.0,33.0,2.0,2.0
080a38f60b87ef8be672d75efb7fee143a0d351dc6001b7e5f0dbaf58fc9ce226c9bba4ab615b62aa63c561594d64c5051cab40a6a14181db54ac0c70791743f,CLEAR,DAYLIGHT,DRY,FAILING TO YIELD RIGHT-OF-WAY,2.0,19.2,5.0,5.0
080a3aa55d648db5bed2edf2d2902d22eddb541af2bbd8b49b87da8b283ad8a9fe3b8dbe6db6b2496baf8f5f0a1b094c31abceebc4eb5e74ed94d2b8ca743e2e,CLEAR,DAYLIGHT,UNKNOWN,IMPROPER OVERTAKING/PASSING,1.0,24.0,2.0,2.0
080a9410e8828add8f4f10433627f4070375efb590905d18303ee3937273d7b10429fb0038df65a0abad5bfb4db206c6fabe3b97fa7b48151b006db4c35c2d84,CLEAR,DAYLIGHT,DRY,DISREGARDING TRAFFIC SIGNALS,2.0,60.0,3.0,3.0
080aa745c39fb0cbd0e6d717b8268af6c0fbe2419d6026599d30f10a34686fd504b2f93549c588ed401f39e87a7be255b44071ca68943a950d3f73532d4870d9,CLEAR,DAYLIGHT,DRY,FAILING TO YIELD RIGHT-OF-WAY,2.0,42.666666666666664,4.0,4.0
080ab1f3b80045a39f7db010e71497b7255f2f89708886a49c0d08e9e5784942b2630666482284b38e3bfc74c2cd1c528175f015f45d755dfe5e3baa38db86a1,CLEAR,"DARKNESS, LIGHTED ROAD",DRY,FAILING TO YIELD RIGHT-OF-WAY,2.0,26.0,2.0,2.0
080acc7b40202281107736026b4fca4104a3fd86290883ccf899ba2af9dda63bf8a403c3f424261add2c1c46d1b2db0d3a2945bc8782e1b110045cafcb170add,CLEAR,DAYLIGHT,DRY,DISREGARDING STOP SIGN,2.0,38.0,2.0,2.0
080af1eecb24cf5097b763b2e22e8cfce2a5456e4a5651d1aa98c2f6244fd81b4ad5c790cf68436e4ed22a884793116fb229130b81b5911cc7fdd0f1c304f1cc,CLEAR,DAYLIGHT,DRY,IMPROPER TURNING/NO SIGNAL,2.0,25.714285714285715,7.0,7.0
080b3e164c73d4f2f08cee2894e8267e122f1457b1ccbe9cf2f0997e7431c73f893c500dc6ade175486e817b47dbe952555905c58f0bdd721827d33178e2c8c2,CLEAR,DAYLIGHT,DRY,FOLLOWING TOO CLOSELY,3.0,36.5,4.0,4.0
080b4394389934a10b2ce57e2d9ff014191b969eb91defdd857180349fc5efeca98af572745dbae4fef4a5e03d6f2a58919b50a8e91296f2b643c8a5a7038639,CLEAR,DAYLIGHT,DRY,IMPROPER LANE USAGE,2.0,40.5,2.0,2.0
080b4d54efecbd4f6714ac3ca861a712ab4f05241b76c58aabff4a1ad521473052109bee6d48af8e5d61c4a7ac7608d33b6ffc6c8efa0f5dda7a3dd848a81654,CLEAR,DAYLIGHT,DRY,DRIVING SKILLS/KNOWLEDGE/EXPERIENCE,1.0,44.0,1.0,1.0
080b8c45dd3a01b77fb4166283c6d8e54b562a4d6cf101b15cc2cb964883af6e9be6a0ba4a330c56a6e68697b699dc45a7f8515f0d0e09b5bc36eedbfd05958a,CLEAR,DAYLIGHT,DRY,PHYSICAL CONDITION OF DRIVER,5.0,63.0,1.0,1.0
080bb8d0d203aa15a39755ff3645052a88ae99b5b13bed7c248257431ad98df268732d857bbf986f0fe9a98b0c98026085f2c911228a26bee9a619f9739a09f6,SNOW,DAYLIGHT,SNOW OR SLUSH,FAILING TO YIELD RIGHT-OF-WAY,2.0,48.0,2.0,2.0
080be02a06c6b0299e6b6ee416cebd16df5c5cf6c474b9744a1db658c99938dc64f0f50d2979b25226ed8bfb056ea0c7170768731f661f58fef94cec047639dc,FREEZING RAIN/DRIZZLE,DAYLIGHT,DRY,FOLLOWING TOO CLOSELY,2.0,27.0,2.0,2.0
080bfaf116533cda155b567e15f8710d297a6dcb30d145de975a4e6ac03f1b0e6ec4192910f698ca3fcd32f993458d7c3395d00a19041d6b00a423edf148e2b9,CLEAR,DAYLIGHT,DRY,FOLLOWING TOO CLOSELY,2.0,48.0,4.0,4.0
080bfd222257c84f01d91f3238cd79873d97d6e2a2e7b2a6d803d32efcf029263282651b3c0a3252c0bc9e3270c857fb7381024015f703d2e5aee87e5d3172c1,CLEAR,DAYLIGHT,WET,IMPROPER LANE USAGE,2.0,36.5,2.0,2.0
080c064fc15edf0627fa79059f3c37c48b3a07f81c8e6f830aee3d5b9398eceb84ff28da0d2acf4106f26270ce75a97e7d2fee117c5fdfa66d281bcbd460f661,CLEAR,DAYLIGHT,DRY,IMPROPER OVERTAKING/PASSING,2.0,70.0,2.0,2.0
080c5b84e72f4b667af900b83f764617bb3be2902f7f0ca73d5fecf1b80c5140c8a721ed351548adbb6246572ed796f4cf83ad58e30382dc015eef39e09d5b4c,CLEAR,DAYLIGHT,DRY,IMPROPER OVERTAKING/PASSING,2.0,72.0,4.0,4.0
080c6a09456ddea72b6ead2c7c00558c10b93516b22933966b77c8bbe7cf3fd80552af68bf2d6f7597bfb635ba6a6f2372616f6d6b024fad47bc998472b3f956,CLEAR,DAYLIGHT,DRY,"OPERATING VEHICLE IN ERRATIC, RECKLESS, CARELESS, NEGLIGENT OR AGGRESSIVE MANNER",2.0,37.5,3.0,3.0
080c90d5ecefaa017b4fa5f81153c698fb3af512ed838245ee4a749e21d5d39a9170faf5fc59ce738aa9c14e08dd9b53606eabd020339d13455a62010e6c3b7d,CLEAR,"DARKNESS, LIGHTED ROAD",DRY,DISTRACTION - FROM OUTSIDE VEHICLE,2.0,41.0,2.0,2.0
080c9721c8b44d7aa826a62ec674ca3a0c348052c940de945fe836e838ce73f9ac9a4349d4e338cfdc0412701d8989925a20dafce44ee11a6673a8ad12ee57ca,CLEAR,DAYLIGHT,DRY,FAILING TO YIELD RIGHT-OF-WAY,1.0,6.5,2.0,2.0
080c9beec09edb332a444ff6903126d9940ac2cac568bd8733f2727e697a757965506464f180900bd31c974516d54b76be2b90a1b88aaa6b5032dcb83d2677da,CLEAR,"DARKNESS, LIGHTED ROAD",DRY,FOLLOWING TOO CLOSELY,2.0,40.0,2.0,2.0
080cc3d1b26f18cb4f8893b0fcf57708e1187745d8a9dcdc0ca13b6d29cc2e0c954125598bf1db9388b1638abe44e0cf1f508bc3a5ddbd7a86ee113158a61ff5,CLEAR,DAYLIGHT,DRY,FOLLOWING TOO CLOSELY,2.0,37.5,2.0,2.0
080ccf66ff87e907a9a72f7dfa957979c27efdaf2c6966d67282c995f5eb91e5d0444937b9c200b9f541e3304ca94a13fbc07ef12bfa9e8a09f39bc980dfd95f,CLEAR,DAYLIGHT,DRY,FOLLOWING TOO CLOSELY,2.0,58.5,2.0,2.0
080cefe083e9c1eb16c3dd04bc1ae7b44c8706b39368a685ff12d6d6058df81081cda7eb19cab01e633b6ab57de8670058c7ec809c72bfa97f95a0ee4bf6f666,CLEAR,DAYLIGHT,DRY,FOLLOWING TOO CLOSELY,2.0,30.333333333333332,3.0,3.0
080cfbde9a75b7a8c27814bcc44483257a2af279957006d29f76375b5a7a33af68951f054c3cb15c386a5fbb1d6ed5ba2af9a374fdd0740db7efe29a110b5f53,CLEAR,DAYLIGHT,DRY,FOLLOWING TOO CLOSELY,2.0,30.25,4.0,4.0
080d34e431faf5dc3daff5a8f560486957ee25b68927a64b91765a2b21c1ff7c84a5a74ede03daad48c3780e212183758ff515d21f48e594813f65f7c3473a04,CLEAR,DAYLIGHT,DRY,IMPROPER TURNING/NO SIGNAL,2.0,52.0,2.0,2.0
080d362192ed886f7546a72f1f23ff04767fa3e39446e7cb6aae2c7f517fa61f8080f9a95b728ae100cf1d2245c620845b85f141f0b122659202db9426140ec4,CLEAR,DAYLIGHT,DRY,FAILING TO REDUCE SPEED TO AVOID CRASH,1.0,30.0,1.0,1.0
080d44ad75b6288c63ff6e43047d9fdfb8231da724996085b94ef0a442b269843c58d48f8177719d0da1b0605b056d993f890b39d82d27d07e6bcfb6eec4d7cb,CLEAR,DAWN,WET,EQUIPMENT - VEHICLE CONDITION,1.0,20.0,4.0,4.0
080d46f721f5f11a2844225697962300fe137145786d45746622de67a7af61338e04c8fdf9a660f91f1afb3b7df856659d84b2fe8ca00e9d3a731944007ecf84,CLEAR,DAYLIGHT,DRY,ROAD CONSTRUCTION/MAINTENANCE,2.0,53.0,2.0,2.0
080d774b423e935aa090e525dc1e4d4247f71bb6325b8ec338f3b8616a9dfbd82207abf89484c8ec21095762fbe1b360c6de11f66291279e403ec403f7c2e279,CLEAR,DAWN,DRY,FAILING TO YIELD RIGHT-OF-WAY,2.0,39.0,2.0,2.0
080d7810ecae7697abf6f271d280b8460cf1d78b071f847a36d49377fae3d7fb4eb4c9aeb731199456af23f0fc3eddcfe7c4e316443dda024cf9624d43df8d9e,SNOW,"DARKNESS, LIGHTED ROAD",WET,FAILING TO YIELD RIGHT-OF-WAY,2.0,30.0,2.0,2.0
080e089758474964b77d9028525d726e0e4c2c483209a0ee092e7d629e6395b634b6b0b960eb21027593fc8fb6cfec962b534b0b828d0ad48795f5e49297b6d0,SLEET/HAIL,DARKNESS,SNOW OR SLUSH,DISREGARDING TRAFFIC SIGNALS,2.0,31.8,5.0,5.0
080e103a76f8e94a4bdfdb68235d0695f01e57bb489d7c7e0e3b5763a469f5af2eb523957e8122de065fb1980f3b7741bc366818b36cdaa88c544402c3d550a3,CLEAR,DARKNESS,DRY,FAILING TO YIELD RIGHT-OF-WAY,2.0,29.0,2.0,2.0
080e63cc11872d088267dd7c4b42570f1d7b66a32b433a27b6623160a44a4c3cd2c036520e18c8ae846971274fe618b40e1d5961e13371da4a68696eb179e3e9,RAIN,DAYLIGHT,WET,FAILING TO YIELD RIGHT-OF-WAY,2.0,71.0,3.0,3.0
080e73a7d10e579f0122087c982e395eeeae0b11b525f81f724a968494547d6c6061c24245c32e9c41de26e4d8589024075c09deaed06aed5375c362ae603670,CLOUDY/OVERCAST,"DARKNESS, LIGHTED ROAD",DRY,"OPERATING VEHICLE IN ERRATIC, RECKLESS, CARELESS, NEGLIGENT OR AGGRESSIVE MANNER",2.0,37.5,1.0,1.0
080e9b3ff9e49be85eb9bff920242889d263b83d265c5426948a3e5efb120aad5ad5a33c04ad1192483307bc53c54ca84024a1a86a9c2f8fa5b2d4a582bb8e65,CLEAR,DAWN,DRY,FOLLOWING TOO CLOSELY,2.0,47.5,2.0,2.0
080ef21ca22209d41307fa2139b0f14d10b04b430f2c0580316483eb8c65be37e5fe2933409e90847fcd548e8f422b5688f842572b1834b8a5fe0f8ce401faf0,CLEAR,"DARKNESS, LIGHTED ROAD",DRY,IMPROPER TURNING/NO SIGNAL,2.0,31.0,4.0,4.0
080f18cd005a8f0debbdf4050ad09415ce22ac7c9df8c321b091de74fe6fd81c5f06ae66e4a6d9106d74b980a17ea5134bf2eea55e5849f9cc8e8fb1a8e663cb,CLEAR,DAYLIGHT,DRY,FAILING TO YIELD RIGHT-OF-WAY,2.0,29.0,2.0,2.0
080f1d32ff0e328c6bf3e19ceda18847d30b7ab2d5179671202437eeed4af7ea6dc6f045ad7d649d78a54ec9b113afce5f6df3688b5ed7761b649a53d7d2aab3,CLEAR,DAYLIGHT,DRY,IMPROPER TURNING/NO SIGNAL,2.0,42.25,4.0,4.0
080f4be43745641192665934e7e8b067eec32eacbab96a25a186ea0598a3c4119b7451150173806c20f6ff058209550fd7bb9eef80662c71d43351796afc3762,CLEAR,DAYLIGHT,DRY,DRIVING SKILLS/KNOWLEDGE/EXPERIENCE,2.0,63.5,2.0,2.0
080f77a838ab2dc56cd9e887316a7b4b9892f07b6a8231ac5ca797e742366d56fe56d235212c1c043684c3460a099abdcc411cc9b70c534863adae7a30385ca0,RAIN,DUSK,WET,FOLLOWING TOO CLOSELY,2.0,24.0,2.0,2.0
080f904ed0c9b4756c9af1159f067a92025528b4847f8685604f9d5d62686e3e4619baebe504b944fffa9c9baaf9b940d8db1ef3730d96f5c26c7ce0a73dc834,RAIN,DAYLIGHT,WET,FAILING TO YIELD RIGHT-OF-WAY,2.0,43.0,2.0,2.0
080fb47b3e22c2d8603b8053a1c07a87ff5d0fc609720c39a724ce7d98ea2b0fd23da68b3a4fb037d465f8cb29f1d026591d34fc4e1d0e2ea93145cbfc1f7ab4,CLEAR,DAYLIGHT,DRY,DISREGARDING STOP SIGN,2.0,57.0,2.0,2.0
080fb9d482e6f16eaf25227ec170ab311f4a125a079ee522090074b9b6972ea67884de0c2d640693bf73e1e351621814c2527692dc56780308f810d42b1611c1,CLEAR,DAYLIGHT,UNKNOWN,FOLLOWING TOO CLOSELY,2.0,29.5,2.0,2.0
080fc2a97fb408dee993c4125b83f413c5c6c49edc1271ec4f1234c5e57c0e8d0906dd5a0fc3036aa2db7115d34e08990da35c9b4bdb684223a4d30fe810c7b8,CLEAR,DARKNESS,DRY,DISTRACTION - FROM INSIDE VEHICLE,2.0,46.0,3.0,3.0
080ff48115b23319511a9381ad09f7fe07e332c27cf919f2a9336d56db46f365df248b9c14e9f0d554018bc047249df4cc8a54614d348ede58ac38e3a882678b,CLEAR,DAYLIGHT,DRY,FOLLOWING TOO CLOSELY,2.0,22.5,2.0,2.0
080ff83061d015d5ec678d662227cdbdac079268dfa521a4e35d4a2bcbb7cca3b708dcd868ae3644922aedaa73224c035f78c96583a58f29d51ca300a0ca2c98,CLEAR,DAYLIGHT,DRY,IMPROPER LANE USAGE,2.0,37.5,3.0,3.0
081015ebaf83811600046d24d62bc51d28b0c88fbdde3f73310ac428fbcb93749fc87eca7b6bba96e20a6d006ac778ab161bdb971ca0b65a82d3d7d96c697f46,CLEAR,DAYLIGHT,DRY,DISREGARDING TRAFFIC SIGNALS,2.0,33.333333333333336,3.0,3.0
08101844cb412203e4788be05d5f07a58d2d732113aaf2f3f7dca64657d1f56f1a276f774ef7f945791a20141a7064f1c697d3e79378717e29478b5616a08910,CLEAR,DAYLIGHT,DRY,IMPROPER TURNING/NO SIGNAL,2.0,31.0,3.0,3.0
08104d8b37f3b3a2e05a69bc05fb0765cdd551db0d7b741daf31135ee3aceb8238eea2c5adc566513d9fe3c79f93840bf5bb7577db54270dd7db71cbe340e12e,SNOW,DAYLIGHT,WET,FAILING TO YIELD RIGHT-OF-WAY,2.0,47.0,3.0,3.0
08106efbfd04f873275db907037f93bde64c4f5dfed1554532a9f577669ac633dff1aa024811a86e9dda71d81cd1c02aa930d8f4d3568636c80298bb790bc3e7,CLEAR,"DARKNESS, LIGHTED ROAD",DRY,FAILING TO REDUCE SPEED TO AVOID CRASH,1.0,20.5,2.0,2.0