crash_record_id,weather_condition,lighting_condition,roadway_surface_cond,prim_contributory_cause,total_vehicles,avg_driver_age,total_people,total_injured
0810e003cf34b39c390c4e21cd9e4be0f0cdd055d81af6242d1d5bb674fba249b54e560e75caeb9382f183c8faac179418070bab10d9f3e0722758b8b271c909,CLOUDY/OVERCAST,"DARKNESS, LIGHTED ROAD",WET,DRIVING SKILLS/KNOWLEDGE/EXPERIENCE,1.0,30.0,1.0,1.0
08110c02a3bd70ad281950db48c291178b0c341f9311f8f979b07a85b2d225a1ae2a41fc5447e8298666c639f5587c2ff8dda87c9203c419dd022d97ba7c0438,CLEAR,DAYLIGHT,DRY,IMPROPER OVERTAKING/PASSING,2.0,36.0,2.0,2.0
08111442e924a539cec4fd79d75df58b676a8a519b707d2bec539f7046f140d8009694e728e4beeacb595360cf5a93499613b529ac499afd50d1e12b636c1143,SNOW,DAYLIGHT,SNOW OR SLUSH,FOLLOWING TOO CLOSELY,2.0,41.5,3.0,3.0
08114c055807b24415a78b16ce70a9794e1aed9467563a6cbe1aa722b88c3385146b146eab28d26e6df5ae5282208b34239607a609e0f38e24b8a5eb7e145f44,CLEAR,DAYLIGHT,UNKNOWN,FOLLOWING TOO CLOSELY,2.0,53.0,3.0,3.0
08114c235479c1ae0d5e96ee77313c7c2d0e22238158993e483229f4ab139476b418ddd1273311d6c8722529f2005369fbd47c737468b602b3fbd1a955598699,CLEAR,"DARKNESS, LIGHTED ROAD",DRY,UNDER THE INFLUENCE OF ALCOHOL/DRUGS (USE WHEN ARREST IS EFFECTED),2.0,50.0,1.0,1.0
0811544a52225ef7802b3e3614391d6a5300a7d5bf01f62a4e2853800d0f3ebeca3873744639b68cbfa4524996743ebef514bd3aa3fc847f90dd5c4678464bda,CLEAR,DARKNESS,DRY,ROAD ENGINEERING/SURFACE/MARKING DEFECTS,1.0,53.0,1.0,1.0
08115a9cc664eb62da6b2d45baf2ef448baa0fe15a945e20c12ac79951ab853785d47bb5899055cd01b996e99ca28001f84d876c07e03d48dba08578ce8d9009,CLEAR,DAYLIGHT,OTHER,TURNING RIGHT ON RED,2.0,26.5,2.0,2.0
08116dd0c65fdc4f87b284a9e3119e4349101f598ed382410ccd353aeddbfce7d1fe3abb98cfbc6064dc3a3bf8991f2338ad6455caf88844a5a7349cd006ef0f,CLEAR,DAYLIGHT,DRY,IMPROPER BACKING,2.0,37.0,1.0,1.0
081185e36e9390ccaf5b1767102580cfb1ab91cb60ced33cbba2244a38cd0b60fb46c2224eb529c7f4fc64e072113e37e5724b4f0652a288cddecd068c1d975b,CLEAR,DAYLIGHT,DRY,FAILING TO YIELD RIGHT-OF-WAY,2.0,49.0,2.0,2.0
0811bbe8a40d0e18df6ea9de331d2a549b16758ff7844a6635ce88d4f3f2e18a8c21df49613f77db19945f27b41b740483f268e5962629227653373a491e0f6c,SNOW,"DARKNESS, LIGHTED ROAD",WET,UNDER THE INFLUENCE OF ALCOHOL/DRUGS (USE WHEN ARREST IS EFFECTED),4.0,69.0,1.0,1.0
0811bed5427e5fc70c948404130e3f07587667df43c5bce87beb72882467c494d6fd5faa3d5957e7f1bcfc4170f7ec2fcca8a7de34a557a3c554e153198b02fc,CLEAR,"DARKNESS, LIGHTED ROAD",DRY,IMPROPER BACKING,2.0,37.5,1.0,1.0
0811c96f20cc8ce35d80fb7ac14a9deaf956153a5b5a926210a3a99055613b34b35e0f546b204d05b3839dc996b2d97edb79a4d51466583fa632c70389f535c4,CLEAR,DAYLIGHT,DRY,DISREGARDING TRAFFIC SIGNALS,2.0,65.0,4.0,4.0
0811e106201d3289c34035def746fc3f1a09a1130d8b0ddef598f1bf7c353899f2dfa324bd9c0361d5cbcd0e34c18b1084175930b1de1cd7820824228cd89300,CLEAR,DAYLIGHT,DRY,FOLLOWING TOO CLOSELY,2.0,39.5,2.0,2.0
0811e4325eb547b17101e90334738c2cc108dfb28427a73fe79a0b98ac8509c6e1660ccc811d72db0c991af0b2ea33eebb803042db8f5b91bd0ef43a9a369506,CLEAR,DAYLIGHT,DRY,DRIVING SKILLS/KNOWLEDGE/EXPERIENCE,2.0,22.0,1.0,1.0
0811e58d29ad665c99023d465813fb4f520cc6f986424b3dcd4503ce457c14e539496b1b8a6f3698216c4a5323e4ef4ebd21959fdb6b46e3ca08392bfe60caae,RAIN,"DARKNESS, LIGHTED ROAD",WET,FAILING TO REDUCE SPEED TO AVOID CRASH,1.0,37.5,1.0,1.0
0811ea73ce141cb3af8678f8ede9ce32ce29521515f00e123f69291ebee2e898c0fcf9cabb4889edd2f23085a49225e4da0d4b017fe4b4a578960f509b5c7773,RAIN,DAYLIGHT,WET,FAILING TO REDUCE SPEED TO AVOID CRASH,1.0,20.0,1.0,1.0
0811ee75717725c1da35a672a79d7b58c4137ad9ca36337798a87f5954ad19d0cd44d52fd42d329e028d0e136be66ee42e80a9895e9340f377fa80fde1880709,CLEAR,DAYLIGHT,DRY,FOLLOWING TOO CLOSELY,2.0,49.0,2.0,2.0
0812636ffbba449b0eae36786330042eac59bc2e437312a879723783394eae30445bc1a5bf6fdc9725fe8fd50186308b8f95321cddf3fefd655645de72d2f67b,CLEAR,"DARKNESS, LIGHTED ROAD",DRY,FAILING TO REDUCE SPEED TO AVOID CRASH,2.0,2.5,3.0,3.0
081294fe43f772994446006aaf979988628438b3e68ce35c7f91985efa6a6ccac1cd22f9da505be3e76a954b4136210ebc66236446a3d75d6e64231b69e14b59,RAIN,DAYLIGHT,WET,FAILING TO YIELD RIGHT-OF-WAY,2.0,59.0,2.0,2.0
0812bdaed3391c09c12dc5fb32992a99378343f0b14e1a5674f3d5c9d8edb1ca113ae6bb4506e92a747b7f9b31335b0f9d6169c17f4fc944cf0eaa6f9f60027a,UNKNOWN,DAYLIGHT,UNKNOWN,IMPROPER TURNING/NO SIGNAL,2.0,46.0,2.0,2.0
0812bdf4f4c858dd383698f7e05591a5114d96dd51e162b056e3677e6a6943eb475af7c037f3bbe46a7fcc30b7bd33f4188dfd53aa233107ff160d136e7c2f27,CLEAR,DAYLIGHT,DRY,"OPERATING VEHICLE IN ERRATIC, RECKLESS, CARELESS, NEGLIGENT OR AGGRESSIVE MANNER",2.0,40.5,2.0,2.0
0812d0e60f28987f9d73246ce95a4fdf2e7cb52d0eff9526b841720300f369b75667c7537d092dee02f96c85d118114186b32407452229ee76beeebdf6b22862,CLEAR,DAYLIGHT,DRY,FAILING TO YIELD RIGHT-OF-WAY,2.0,40.0,3.0,3.0
0812e6774c3ebfda5931a5e5fb0b805ca17f70788c5a959a11556697b40cb2fb49920580cb4fdaab4b5f580b548099b14f6cc2431f3fbaf804accc5be091b81e,CLEAR,DAYLIGHT,DRY,FAILING TO YIELD RIGHT-OF-WAY,3.0,48.0,3.0,3.0
0812faff4dae98c5ca3a0dfc3f099fb35991cfa1353806164d6dbfd4dca72a23c01a9ab68587c597424206cd3fb86f4d8a76f83bc20aece315781848ec8c8b7c,CLEAR,"DARKNESS, LIGHTED ROAD",DRY,IMPROPER LANE USAGE,2.0,13.0,3.0,3.0
0813081eb98c8cab6511fe1c970a45012a9795f8a0d27b20fb3ab5ec6ddcc5a02ab842a2d8169c97b9adb1ee7548b45ae7cbdf903ecbdfc75d28b1e4e5185dc2,CLEAR,DAYLIGHT,DRY,FOLLOWING TOO CLOSELY,2.0,30.0,2.0,2.0
08134f555fcae81c94be262eeb6fdfddcdd0608eb3c93fcbdb5420f721ba9c9a6d386977922693a557495f70435e7ec038165d21b2236d5c4e852fb80d92d827,UNKNOWN,UNKNOWN,UNKNOWN,IMPROPER LANE USAGE,2.0,65.0,2.0,2.0
08138bf066f9850cda7291309bafb236fdd1eb5387aeb788bd89bbc658d353c74fae236d22f7067acf2fa073e919950473c8859a9927f3aacae3ac782f0cfa2d,UNKNOWN,DARKNESS,UNKNOWN,DRIVING SKILLS/KNOWLEDGE/EXPERIENCE,1.0,30.0,1.0,1.0
0813ab67c2c2f6bbf5bc0a72e55b60cb4e1543a654f39c344cd3fb66a9248a287d3a5744ce6cbf4dcc2ce5537871c28e81e7ff9632b871e2b8bf2d18fa99f41a,CLEAR,DAYLIGHT,DRY,FOLLOWING TOO CLOSELY,2.0,37.5,2.0,2.0
08140d7a9a8ebf7090c78dcd77b7cd1547d9509e01868a3ddd3a29f9b47d48dbccc69cd7f8a6a0427f0cfa5d8a958205469253fa1f785d034939e66e92c8b689,CLEAR,DAYLIGHT,DRY,IMPROPER OVERTAKING/PASSING,2.0,45.5,2.0,2.0
08142edf022a3752946a963729f18201b08bb7ff406803b45bae30b712186933144f8346141661957165e382e43d89909474d52b7cf82d4c4e797234d07c1460,CLEAR,DAYLIGHT,DRY,FOLLOWING TOO CLOSELY,2.0,37.5,2.0,2.0
0814345d57f3d029a052e517cc4cf8d1e176b2b1f19e51009e167dbb40faf8080ce59aac5954f24266f1c1a27af09a3776444f6f43c440c64094cc56ced0c278,CLEAR,DAYLIGHT,DRY,ROAD CONSTRUCTION/MAINTENANCE,2.0,40.0,1.0,1.0
08143a29e6f5ab546d3f54ccf3c0ce2e7c74fc7a8f233072e3fbfc171851638a8bb4d993597cd580940d34079987262d0a5abbb3ba1851571721d5c67f6077a3,CLEAR,DAYLIGHT,DRY,IMPROPER BACKING,2.0,32.0,2.0,2.0
081443604265d646d7d6168ee8f1cbda65672d1ec9de24836fbb9f0065aa4a6f4257e2dbf884a20d6eff9734a842b283937e4111d075383afb6f7964a39bec37,CLEAR,DAYLIGHT,WET,FAILING TO YIELD RIGHT-OF-WAY,3.0,44.0,2.0,2.0
08148574ab23fb63803e7b9fa99e4290b69d64c7d288b544a949ca957442a24f9cec00b11f234c1dbab74151520679e3b8334b687347fcc55941d50cf2ca3753,CLEAR,DAYLIGHT,DRY,IMPROPER OVERTAKING/PASSING,2.0,42.0,2.0,2.0
08148920b31ddae50c8d5041e479bd7d8dc302ed3a183a19761f7309ebe220868147334a7b0d8f653deb59c7c835e4cee91a3ad69382d7afc4640ff602c0de52,CLEAR,"DARKNESS, LIGHTED ROAD",DRY,IMPROPER BACKING,2.0,25.0,2.0,2.0
0814dc698ee81071a13290b1e46bddd3e211639c8bd36b03e4a6d52637514207f8cb887e8b2a8c96ebfc0d223b805c09060a8a4fe9add6f20342ae74cbbbbaf6,CLEAR,"DARKNESS, LIGHTED ROAD",DRY,FAILING TO YIELD RIGHT-OF-WAY,2.0,34.5,2.0,2.0
0814e1250560816289c35888a2cae2be0539008adfe21cda84dfe09210350bc181f37eda53dec355a9221491ebd8b77fd9f316a3cd9e72795c9fe944152a1271,CLEAR,"DARKNESS, LIGHTED ROAD",DRY,FAILING TO REDUCE SPEED TO AVOID CRASH,4.0,32.5,2.0,2.0
0814fc3855382cdcc38f54c9b0c51b870785b472ab22ad29747ef0ee487d428bfdf5e6a9bb8d638c4f2258ce3f6075640a58d5cf01a7b82618e259764bfc7866,CLEAR,DAYLIGHT,UNKNOWN,IMPROPER OVERTAKING/PASSING,2.0,28.0,2.0,2.0
0815001a6c83dde6ffefa3d232917dc734c0d7cd6005d6ced7545a12a2ef080e834811e21dd0b21aca3f0ee12bcdcb7fac1a3d14d5eac654d4a41a89e2b2c6aa,CLEAR,"DARKNESS, LIGHTED ROAD",DRY,FOLLOWING TOO CLOSELY,2.0,34.0,2.0,2.0
08151a5dceb59b9c8dc860d777df1fc0347b9e68bec20eb9f1e6d3a930e08c6175e15171b746680446bfb285b85b431b8994bf4b0c3bc278e6c19f1ece2a4ba1,CLEAR,DAYLIGHT,DRY,FOLLOWING TOO CLOSELY,2.0,42.5,2.0,2.0
081521027ae24f79276136e2f9605e23e8048139aff9fedd4d19217bdf421e170b33b38adf68f0faa1b0034df0232e21ed64478f1d48f36285933c169819e11c,CLEAR,DAYLIGHT,DRY,FAILING TO YIELD RIGHT-OF-WAY,2.0,37.5,5.0,5.0
081535b5af8244df0ad00ea48229a88d7f9342ed9aad5baf814e43d0e96b7a30255567692e4b2eab4c2d3e222a1644aad9ffcf5b335bc2339b1b3bdee3b41436,CLEAR,DAYLIGHT,DRY,IMPROPER LANE USAGE,2.0,37.5,1.0,1.0
08153717a22fa4e6da8ea48aebb4621932b746d0f5a3ce2fab4204fc4674f0d1fc26f7fc1b021cecccc7a599a1831f3bdaef433843f7f009ba1f2ec5bb066787,CLEAR,DAYLIGHT,DRY,DRIVING SKILLS/KNOWLEDGE/EXPERIENCE,2.0,44.5,2.0,2.0
081554ae6d2ba4eae986d9f42680b6e055df8d2146d3428ca63f644812ad6bc6a1b47f971c6a95b2d44f099e77830159c3a1637df052178b152f15f58aa5da1a,CLEAR,"DARKNESS, LIGHTED ROAD",DRY,IMPROPER BACKING,2.0,29.0,4.0,4.0
08156a30975698839360ffab5655267618b5763eda439889e9e4b992c6d17eec2a754edac086d477f5838e4d9b535c7617b8230d1fd1ec64de4e5c6026bc6397,CLEAR,DARKNESS,DRY,FOLLOWING TOO CLOSELY,2.0,32.0,3.0,3.0
08157191af576c57e9cac72952f27796bd63798c1577e553bd22b18955eca3a9aef847212fe3645642488b96e8455386f363362fb00bde7261e1916d794df0a1,FOG/SMOKE/HAZE,DAWN,UNKNOWN,DISREGARDING TRAFFIC SIGNALS,2.0,48.5,3.0,3.0
0815752235e93827b8ac610d57936305806a67a2ef345fc9ff78eac2b8d004d9403b0927e75a84eb6dee06943fcd4436b0b79e9e17bde49d046245fb65c67bfd,CLEAR,"DARKNESS, LIGHTED ROAD",DRY,IMPROPER TURNING/NO SIGNAL,2.0,62.5,3.0,3.0
081575c6e6034e764c68a3e57f84a6671e175db9de2d10399afb86c7e0f7f32e56a8c90064269a97648908be0ed3d135599a463fb0dfcd0e33cc9d309311aa9e,UNKNOWN,UNKNOWN,UNKNOWN,FAILING TO YIELD RIGHT-OF-WAY,2.0,38.0,2.0,2.0
08158d0eb43128be55ec3094bd4a51fddf6d4eab688beb4527dbdbf7ed28e1b9edef8231375e1a2cf5b5212044f8e27938729c690c683e090ef1ec752cdad314,CLEAR,DAYLIGHT,DRY,FOLLOWING TOO CLOSELY,2.0,46.0,3.0,3.0
08158e8d3e875a5f516e1a2272707b33182fb89e55cc7baa732bf6766d7c3c776c963c3cb9a7c71f5659fd188f9d386dff5e737e59005f346715d395242f0d3c,CLOUDY/OVERCAST,DAYLIGHT,DRY,FOLLOWING TOO CLOSELY,2.0,44.5,2.0,2.0
0815fe549f3984cfb9fcb822f2f31b9233c0b7aa5913b1fc122298c270d562f52b7b7b9ec6ce11406b63c3946ac3e99fc7c456bbdf8147bece449312524d87ad,CLEAR,DAYLIGHT,DRY,IMPROPER LANE USAGE,2.0,52.0,2.0,2.0
08160fdbc1edbbdc00c95dd107cc1be42faa0526f2ad284f7b0d6be9da71dbd7fb143365645cef2eb4d112a2d734aa6470995422d6f4af5836063ae4c81e4567,CLEAR,DUSK,DRY,IMPROPER LANE USAGE,2.0,37.5,1.0,1.0
081638a4252073c876ee3fb007d3136c69af0d581bcc9907d797d4f9d074ac71a80490af1b6d0a8e369a8a7c3fb578f7477dd067fc5d5b10ab866c859a1ed038,CLEAR,DAYLIGHT,DRY,FAILING TO YIELD RIGHT-OF-WAY,3.0,33.666666666666664,4.0,4.0
08168d1b3ef070a060462c2e0f960bde087f042962d6ee390acbff203327feb7d03f4b3f1121587dbb37c2428b9123d58b3e0b50d47f6fcbe5368f43137deae6,CLEAR,DAWN,DRY,FOLLOWING TOO CLOSELY,2.0,27.0,2.0,2.0
08169889a1d86759d784a319e3c703c597d36b1815b1f41c422d7b4c0caf72ed55776c95ab71ae21b7e683cca0475c323d4cb9d48bffa5338d9d2348e088379b,CLEAR,DUSK,DRY,FAILING TO YIELD RIGHT-OF-WAY,2.0,25.0,2.0,2.0
0816ad07de273ff5f674fc84830d8fecf1b74950da8db0a5a9dc7a4d078cf2a6cdfa6f24856d66bbcf834fecc044442245a979a3bf0519a1bd73005725f9f043,CLEAR,DAYLIGHT,DRY,FAILING TO YIELD RIGHT-OF-WAY,2.0,33.0,3.0,3.0
0816ee3fe27114179982357bf6763bc1ccb0b758dd22318510fac099705d1fbf5ac01cfface05d74771da71cdc22036596f4dd602325348729d73c8427c75635,CLEAR,DAYLIGHT,DRY,FOLLOWING TOO CLOSELY,2.0,37.5,5.0,5.0
08174a3510e624b9692467dd0d11bddcd6d2f0a1a127ce208abc35fb1dbae143053652871332791dd2c8691c96d0c864e4b929d26828735f521dd3a19a27ba3f,RAIN,DAYLIGHT,WET,DISTRACTION - FROM OUTSIDE VEHICLE,1.0,42.0,1.0,1.0
0817a14b2b4a05f7f7ee2b27752b53745d571e14923c75769816c58192af97667b51d5fc6cc872bbd52e87a26069cb3fd3773f57214923dd3779d6fc23107b89,CLEAR,"DARKNESS, LIGHTED ROAD",DRY,FAILING TO YIELD RIGHT-OF-WAY,2.0,37.0,2.0,2.0
0817c51d5bb8b9cf6ef4a774ba136b3b01b1bfaa085e51aa70428d8230b15ef681199ee76d715ef2aa4af80eb3c999b46b2efae8fdc634a0111a4d84de5fc1ce,CLEAR,DAYLIGHT,DRY,FOLLOWING TOO CLOSELY,2.0,36.0,2.0,2.0
0817d0ae04de02c76343b9b2fa7e31b95477696c246b7007d01c4cb9c6a34a9bb8fd3c46644e60c4e57a07e43dd375ba3db7b0f3adcb091a661a983fdcdb91e5,CLEAR,"DARKNESS, LIGHTED ROAD",DRY,DISTRACTION - FROM INSIDE VEHICLE,3.0,24.857142857142858,7.0,7.0
0817d158cc37c55936db6dc7a0704fbcc31d1cfe810d90eaab9f3f4690637b4f34c0cc67cd8b104aba616ab0a5d467ab083cc931cf5664ec57843aac5a855122,CLEAR,DAYLIGHT,DRY,FAILING TO YIELD RIGHT-OF-WAY,2.0,39.0,2.0,2.0
0817d54f12f27df81777cbc30e6bc8911dc3ce4cbe8888dbf1195b331b340b3945b381022ba3d13bc0e7194b79b9ccf3dabd405da82eb7c78638c9c0ea331c25,CLEAR,DAYLIGHT,DRY,FAILING TO YIELD RIGHT-OF-WAY,2.0,21.0,2.0,2.0
0817e0f3dc919b8565ccd81dff06d75496e1215798444270ab01f112145755eede8fa45233abfc58d3f589a7fd1decf90f693ad0e908c247ef77488460ac9a08,CLEAR,DAYLIGHT,DRY,FAILING TO YIELD RIGHT-OF-WAY,2.0,41.5,2.0,2.0
081831060a7d30d8e2b5cf3c4450a71a36f40952eb265887dcc997f374a542e92b8ed771f0a54f08f3d4b9b8b6441b0e708c149e9a692329984899e0c8ecfc9b,CLEAR,DAYLIGHT,DRY,FOLLOWING TOO CLOSELY,2.0,57.0,2.0,2.0
081848159b56e60633193f94eb7e436f324305c4a83cbfd89a024c76df440b33ff3f46e99618f7e3249ce0b578f4ed22447737b0f28770bc8197b8f283649994,CLEAR,DAYLIGHT,DRY,IMPROPER LANE USAGE,2.0,34.0,2.0,2.0
08185b4d656090295d34eaed3cd3c19967b390cfdb014894fe32f3631e21500fa69e7c291099960ee3d87035a9c299df821e53ae01b69f8eb85d84f6f8df8a1d,CLEAR,"DARKNESS, LIGHTED ROAD",DRY,DISREGARDING TRAFFIC SIGNALS,1.0,17.0,3.0,3.0
08185b4e9a60841ffe4c0dc13ae89178002fcae4f7e872fec71a4f4dbd3ac01c189ed8de18e8881d802e119f472c3f89d0599d2e58d9fb95ea9970fa28422eba,CLEAR,DARKNESS,DRY,IMPROPER BACKING,2.0,37.5,1.0,1.0
08185ddce23d84535ed0c7ca007ef76e05dffec5964fe076ea9d5e684d34462781f2ea3fdba4a8e73780579e6f131f7412d72ac98e2774f44e5ec14e5b0b748a,CLEAR,DARKNESS,DRY,IMPROPER BACKING,2.0,26.0,1.0,1.0
081867620966fa6ab2ca581468ef26bf695b8f43478d9f0ae51a743e01b57c32bab92477a48014d474d6a78fc9cb67279057293519b5add98cd2ee2f18bb07ee,CLEAR,DAWN,DRY,FAILING TO YIELD RIGHT-OF-WAY,2.0,23.333333333333332,4.0,4.0
08187bb3be9e053ecbca67e398b953c722488c34c92ba2a7954913ddcbac8c4ad1669b9320eb1d1c0a59c9f453585a418f563b7ec617030bbe0a31d4b1ab3b6b,CLEAR,DAYLIGHT,DRY,DISTRACTION - FROM INSIDE VEHICLE,3.0,48.5,2.0,2.0
0818f9a29902a8662503950d0115c4955198725fed8d090d55d383b9d5b451ad9abadd644ae4baaa1ada77cecabec4c1ae40e3154b5ef26e14b30fe4c01398cc,CLEAR,DAYLIGHT,DRY,DRIVING SKILLS/KNOWLEDGE/EXPERIENCE,2.0,37.5,2.0,2.0
0819218639b45a2591dd62784a3006e419a4a813cd966ed4343d33bc84d48e98986a6aa134f533239b2a0a3d058ec7eda18f04ced5303e96c316c88c762a3ccd,CLEAR,DAYLIGHT,DRY,FAILING TO REDUCE SPEED TO AVOID CRASH,2.0,51.0,2.0,2.0
0819248ad059438eef57ea68bf74734966e0abc06852800a661344b979f0ca204496ce27924fa109e111501946be2d740cc8eb7443b86bb7aab0e46dcfd81570,CLEAR,DAYLIGHT,DRY,FOLLOWING TOO CLOSELY,2.0,62.0,2.0,2.0
0819a0a4f683637114da2f0ec73294461ed9fcdcac95b8d848118df33d2c819848a6be4a05b1b96256af2bd2b700cac0fc67c51b3810da70f0627bec3f356d6f,CLEAR,DAYLIGHT,DRY,FAILING TO YIELD RIGHT-OF-WAY,2.0,76.0,2.0,2.0
0819dca9af195b15c9dabd2331b426cf408cb163370e519713a63a281ba92531f90c5d52bb9c4d972cd42ffc5bd950462782621edc1107600b57a56284d8331b,RAIN,DAYLIGHT,DRY,FAILING TO REDUCE SPEED TO AVOID CRASH,2.0,35.0,2.0,2.0
0819e3547994f23fcc114d3ef0e02d88ab4f25e65312bad70bf8de98d32ca438e6fdd64a5fa142eeeca1587d08fa1ce391ab73634613a4245f424085c6e19c89,CLEAR,DAYLIGHT,DRY,ANIMAL,4.0,27.0,1.0,1.0
0819e5030e23ae3035f02bd8634b8d13a8cbdb7990fa418ce483a592b5d02cf0b3391d0f40216c13e57775e3eefbf0afd7abe0b1500ff79293fc50dee100d45d,CLEAR,DAYLIGHT,WET,IMPROPER TURNING/NO SIGNAL,2.0,54.0,2.0,2.0
081a0cfaa77ab0af171cbe822340d71f4202eb155c7d36ac58423af2d3ef0221cf59f22b1ff7853d0fb2b1b56b7a075b6f2a933fe4d2f1e3c39670923e26fe28,CLEAR,"DARKNESS, LIGHTED ROAD",DRY,FOLLOWING TOO CLOSELY,2.0,48.0,2.0,2.0
081a1dbf6f2949c5065927913caf38c3c150b43d69026e7041de82dc14f1c38170284816b215fef7cb0c1f4d101bcebeffb6ca4f6f12beaa9e4b7ef6d2d9870c,CLEAR,"DARKNESS, LIGHTED ROAD",DRY,FOLLOWING TOO CLOSELY,2.0,37.5,2.0,2.0
081a5807f20d724f06d3a8180c1dc3ac1d353e141597235ad231fcae6caa26ec832fdc2fe8f830b6430eebecd99c143b5c621439c5eef4dfba518a102b50b79a,CLEAR,"DARKNESS, LIGHTED ROAD",DRY,IMPROPER LANE USAGE,2.0,48.0,2.0,2.0
081a6874404243885edce4821ffd8869ec65bc6ca923123286fa256bb1c035ed1c3336cd959dcd2bd72b8b9e21f2dec237a1b95503ec7c542eb91df8bef57d54,CLEAR,"DARKNESS, LIGHTED ROAD",DRY,"EVASIVE ACTION DUE TO ANIMAL, OBJECT, NONMOTORIST",1.0,31.333333333333332,3.0,3.0
081a7b46bdaa76cfe25ae9d23bc9ffc8d4ebf5f20f2cd517df44a45b612e402b75cdca8dbff158c45df953a2542c7356260eea449027ec35f3713a5fcd906dee,SNOW,DAWN,WET,DISREGARDING TRAFFIC SIGNALS,2.0,56.0,2.0,2.0
081a7d3900f87f2efd945c587a59dc9045d2c7b5b21ad47df254c04bf2b4dfc7a068a04a474ff8824609d771803ec6d77bfcc022a6742681b5c81fb1e6c25c95,CLEAR,DAYLIGHT,DRY,FAILING TO YIELD RIGHT-OF-WAY,2.0,33.0,2.0,2.0
081aad3295d23e3f5c029f25aceea7d3416dd2dea3f7b960bd2cdbc1e07846deea39a6f971b79c72afcaf2c38d620518976979e6842aa63089889f72ce3a3b68,CLEAR,DAYLIGHT,DRY,IMPROPER LANE USAGE,2.0,29.0,1.0,1.0
081ab5980e462f037cfe70b31fcf523f1560803dc254e2f8cd5490c9c51d6ac66ca48c0f005bb1673c329ff23bd6d0f7de6926327ef6898c2808515b251ee58d,CLOUDY/OVERCAST,DAYLIGHT,DRY,IMPROPER LANE USAGE,2.0,55.0,2.0,2.0
081b016d167bb7922506a1addf8134445ec959851ea36bc3917fc3823840b4a6461f5850ae623c30f5e222393225d6ba9700fe8c523d91f78f7381e24ea32617,CLOUDY/OVERCAST,DAYLIGHT,DRY,"OPERATING VEHICLE IN ERRATIC, RECKLESS, CARELESS, NEGLIGENT OR AGGRESSIVE MANNER",2.0,61.0,2.0,2.0
081b1b8c021cf106ebf52d2766f519dd3100235969f8445cb177f8bb54ed94a60821d4d1047526df6f98d836252d10a2f3bb5024a0c000b3bd8198b8fe835cce,CLEAR,DAYLIGHT,DRY,FOLLOWING TOO CLOSELY,2.0,44.5,2.0,2.0
081b21745eaabe4a50848311a07336bcf5c5a19ff5a806b2503118c7ff0dcfb3ec92bfc59c1f4d6dea42c39cf981c74d8a05e00598de2183e1a38c324f38e3ca,CLEAR,DAYLIGHT,DRY,"OPERATING VEHICLE IN ERRATIC, RECKLESS, CARELESS, NEGLIGENT OR AGGRESSIVE MANNER",2.0,37.5,1.0,1.0
081b4a4911fd48d7d0d2301ea5d3b4be558409601f9d9aecd4142c05cd0cdd8df3c5b31423acdc24e268c7f70c5a9000ee0d10a86997497dfa3c80026d7f9b21,CLEAR,"DARKNESS, LIGHTED ROAD",DRY,FAILING TO YIELD RIGHT-OF-WAY,2.0,13.5,2.0,2.0
081b6565acb240c3bf6cc6c65c14cc74c8df155a925a8df5e62562ecf3112a1a64894483b1bc3ef54599ced0653689c7c17a1c95a3a96b6e2ba4efec917290cc,CLEAR,"DARKNESS, LIGHTED ROAD",DRY,DRIVING ON WRONG SIDE/WRONG WAY,2.0,55.0,2.0,2.0
081b9961e38c628430b74bbfa99c4310afb714119dd8701602aa36c3357286bb7627f491354887d5fdd92c52f7234853bcd7f38a1a6aae175d043338db65cf41,CLEAR,DAYLIGHT,DRY,DRIVING SKILLS/KNOWLEDGE/EXPERIENCE,2.0,37.5,2.0,2.0
081bc445da0360b6363c6753d8202be81ed1838a321ed59eedbe1f86a6c9d37e33ae79be425d1e0377d1bcd58add41b5347cfe1123cf0b02960d9e4add74d927,CLEAR,DAYLIGHT,DRY,FOLLOWING TOO CLOSELY,2.0,24.5,2.0,2.0
081bf009353c5bc85e2a05d57ae0037e9cee91d2e1010b2079e937877c31adc69f4911878bfba0a7abaa179ee45eaff945f21e966c06d2bd35571e711b2741ab,SNOW,DAYLIGHT,SNOW OR SLUSH,DISREGARDING TRAFFIC SIGNALS,2.0,26.0,2.0,2.0
081c126318b0e6e954bfeba4c55413d77b7df90b9060e69512faebd97cefb36492afb84dbbe3c6531efc61865c74c1fd1ec795ba70cf95c0619fc900d11bd2e2,CLEAR,DAYLIGHT,DRY,FOLLOWING TOO CLOSELY,2.0,53.5,2.0,2.0
081c478ef3a46ac03102f88fc54cd1b158b2bd80856c0d06912a82abc487f080d2700f4e0dde07e497efea597da8c89b5122aaa133369cecb0e254c92877422f,CLEAR,DAYLIGHT,WET,DRIVING SKILLS/KNOWLEDGE/EXPERIENCE,2.0,32.0,1.0,1.0
081c5936318bb6818edd2f0ab98d7372175acb1c6c96b680f8127cf5a671a9d93e89e7f15467bedec3c3a01316b3261cd201db967f500e9b3235b8f86b21eb32,CLEAR,DAYLIGHT,DRY,IMPROPER OVERTAKING/PASSING,2.0,32.0,2.0,2.0