crash_record_id,weather_condition,lighting_condition,roadway_surface_cond,prim_contributory_cause,total_vehicles,avg_driver_age,total_people,total_injured
081c611cf14d18ea8279d6e3f644341cfeeb06398dc3b0b22fdc975f77d0ee2269d0bd04dc3ec680051be076ed6b80705654c3290797a6b9886ab5c771a993e8,RAIN,DAYLIGHT,WET,FAILING TO YIELD RIGHT-OF-WAY,2.0,41.0,2.0,2.0
081c76c5ae087a293b747c7b8a3c5b79d3b193334ac42920b04f911e3cfc78af033f8dd11b39a3fa402a7ecfec247a1cd426c65023ac52bfda3576515223de64,CLEAR,DAYLIGHT,DRY,FOLLOWING TOO CLOSELY,4.0,35.25,6.0,6.0
081c775fe7a72cfb11ddd96a4dd7b264755a1f10bad25bb8369a0b28ccdb4f0813533e67e2f718ef2bdb5d9b38b459662392135e13010ae77c4065dafcab9789,UNKNOWN,UNKNOWN,UNKNOWN,FOLLOWING TOO CLOSELY,2.0,36.5,2.0,2.0
081c83b88509929d2a7ac58d402af54a4ef478f08e7f4936051206e2c97c6a73c98e10be1160e2a0f6c5c0be0490cefcf8267b76dc3b94da2569a46271fffc8c,CLEAR,DAYLIGHT,DRY,IMPROPER LANE USAGE,2.0,37.5,1.0,1.0
081c9f0ed38c5fb1984d9adac2a43660da84c4882db6060a3004d8b82a9c0633bab68e77e32e47018ddbbf10c8f5a013f095c4d185ff40ee7e400f66c7135cd9,CLEAR,DAYLIGHT,DRY,FAILING TO YIELD RIGHT-OF-WAY,2.0,53.0,2.0,2.0
081cc9c24c042fd3bb30989a64cd0d9d2c53b870e7e5d114d57169bfeeec39ff9b73386906023a7df6b48c39d58987ae0298165a46d06706c02bec00d9e41e7b,CLEAR,DUSK,UNKNOWN,IMPROPER TURNING/NO SIGNAL,2.0,24.666666666666668,3.0,3.0
081cd07c65f8fe5160aa4e520a152e338ad5c2de9c9044464888262a1ee1b3cef85a2988a917e287718bdd353198071e09f85f8fc8171956a37ec9d07b631521,CLEAR,DAYLIGHT,DRY,FOLLOWING TOO CLOSELY,2.0,57.5,2.0,2.0
081cd51c92d1cee7443cd90282669b4343fea2a265f3575403eca2ec23d7e029c983da625976294878ef9a49bfc33060f02dc573953841248c72285507d36330,CLEAR,DAYLIGHT,DRY,IMPROPER TURNING/NO SIGNAL,2.0,53.0,2.0,2.0
081cf8aa6a5d6e05b7f7723b54b9a61a527803f2014299b5828194fdfaa5d91317dfe9cbe3d11c0ef53e84f0f3c4eeacbf3c0afe2361dea1b77dcdf84ea1db89,CLEAR,DAYLIGHT,DRY,FAILING TO YIELD RIGHT-OF-WAY,2.0,64.0,2.0,2.0
081d18d1089a8cdc5d3bab8a1720c2fa97d1a0771f6933491e6eb0101008528df957b041d7f594aa155f88cf6feb709c408673e25223a9e2c4d25fbefcaa51f3,CLEAR,DAYLIGHT,DRY,FOLLOWING TOO CLOSELY,2.0,34.5,2.0,2.0
081d39622bd3143a991ec89f5e47cb0338f5fff1906ad555b2384b20aa11eef10206a23f341fb1c1aaa4c0dbb5b061a99831c2be71750aee8a7a08d94fc9bca5,CLEAR,DAYLIGHT,DRY,IMPROPER OVERTAKING/PASSING,2.0,31.0,2.0,2.0
081d5ace08a4a84e14756abb0ff5959fdbe949d4e109374b3f7317e5ef80dda8473188e662bf8e5b832fed3a3290f23830eb34ef77045f33a49d3d2c8203302a,CLEAR,"DARKNESS, LIGHTED ROAD",UNKNOWN,IMPROPER TURNING/NO SIGNAL,2.0,60.0,2.0,2.0
081db4926a378efdd2f48eb735351f31da6f6a5d4900b8f215509396a959a3da36cc507d0eba5d8f85f635d211c662c21c39a760535e332cae2cd477a2abd975,CLEAR,DAYLIGHT,DRY,FOLLOWING TOO CLOSELY,2.0,50.0,2.0,2.0
081db87e601fff5262a6c12bf94c920a7813e56783e5845a44eb16e19bfb96e9c21419d92a7acbab5c26512f164014a35315be54b190556659d044c84667b2ad,CLEAR,"DARKNESS, LIGHTED ROAD",DRY,"OPERATING VEHICLE IN ERRATIC, RECKLESS, CARELESS, NEGLIGENT OR AGGRESSIVE MANNER",2.0,51.0,2.0,2.0
081dc9c6e0010c25acff1cb70066d0f569966e0e9f3fdd3e46c3377ef7723198dddea779ba9f8f4830d442a88a0321c59f0bdcc0d8b3ef2aaac16285ade25886,CLEAR,DAYLIGHT,DRY,IMPROPER OVERTAKING/PASSING,2.0,28.5,2.0,2.0
081dd20fdf5e0a49f10a935c1e4d9469d30724ea0eb6b4ebe05101e93604142605fad06e6a1464f4593cfc69023c1bb964ce4a23d8ffc6d0b7f0fc421438c2a8,SNOW,DAYLIGHT,ICE,WEATHER,2.0,35.5,2.0,2.0
081df31a142712a721e6403783d5f418507b4b819725d30356a7d43d0e9d1cf0c3ce4792ffa2f569edef9f807727f2c28c4ce8ad919a4ffce8b70b791e071b01,CLEAR,DAYLIGHT,DRY,DISREGARDING TRAFFIC SIGNALS,2.0,45.5,3.0,3.0
081e0e95cc9c4b8199ef7953d758a1cad3049013199532625cb4f46a2c6d07829fa9c8e7e9c077efe0a828038c53e9aef9f905db01fdd158b7f217d25749729f,CLEAR,DAYLIGHT,DRY,IMPROPER OVERTAKING/PASSING,2.0,32.0,2.0,2.0
081e49b9e12ac0f4310a8a4ce3cc426dc200745d5b5d9a06561fe8fb680394f27d07b284ce21bb868cc423e7935ca1199329ebf7bf4462a9d1b71a3e06c67382,CLEAR,DAYLIGHT,DRY,IMPROPER BACKING,2.0,59.0,2.0,2.0
081e4d230186d384fcbf7e157242530906a74e5d23353d853a606810b0d06a37470f0d3a9920b8b7eb6c638fd912169cbf601e419cf7143375ac5a15d45abb96,CLEAR,DAYLIGHT,DRY,IMPROPER OVERTAKING/PASSING,2.0,43.0,2.0,2.0
081e93847d76afc96cfb7ba8c23a91d0028cf7bbb72cee64e0b24671f66a8123bb4c71a88e186cb5caccb999f2057396423c99dd33c35da14ee6aaa20b8b1d7f,CLEAR,DAYLIGHT,DRY,FAILING TO YIELD RIGHT-OF-WAY,1.0,5.0,2.0,2.0
081ea53fa75cd5eb291c9ba26eb2444f2db8344dc94a551d526e2b3adf56f467f75c0e0b1fa362651e31fdfa650f61f2a040362afa8a8cb69cd33511188587dc,CLEAR,"DARKNESS, LIGHTED ROAD",DRY,FAILING TO REDUCE SPEED TO AVOID CRASH,2.0,30.0,3.0,3.0
081ea9649d5bc3b979d79cee3bee103414337563eaf2bb14924e352629c781e1e2df98cecacbdeecf8874be87976cd55f3dfe40964b6b1890f38d662cd7bf307,RAIN,DAYLIGHT,WET,IMPROPER LANE USAGE,2.0,39.0,2.0,2.0
081eaa72fbad151a24319c6d2d7f3ec0d6d08c9c70976ebe932cd91090e6d75c01230a78bf071e1c462f8eef3c30e4cd9cc95981b7cca0a27fab6122d1eb982c,CLEAR,DAYLIGHT,DRY,DISTRACTION - FROM INSIDE VEHICLE,2.0,51.0,2.0,2.0
081ecbb00779916f96acd7d823c51cd92eca076aa564283ffdeba5565af42a843e8697b3bb41fdbfa807822fd0f6b81c459f2aa96577ecc61193ad0b9022b373,CLEAR,DAYLIGHT,DRY,FOLLOWING TOO CLOSELY,2.0,31.0,2.0,2.0
081ed852867ff64343f42b5d8dc3dd79834bab7d0e50f593a3985f02d3bf4fb8bfcde02d4fe8ab845c7c6e75c755b754dbac1b212a2eed44ee489b0ba3f6ac8c,CLEAR,DAYLIGHT,DRY,FAILING TO YIELD RIGHT-OF-WAY,2.0,29.0,2.0,2.0
081f0c09fbeaeb09938d8fd52280b6fe738ab10a0cacfa7871c52637f8ac437c3fc6a5cfa5be641eef6fb40639c490dbf2cfc3166be030583359823cf6ae6b04,CLEAR,"DARKNESS, LIGHTED ROAD",DRY,"OPERATING VEHICLE IN ERRATIC, RECKLESS, CARELESS, NEGLIGENT OR AGGRESSIVE MANNER",3.0,25.0,1.0,1.0
081f174b743e9f623708e142527bb7d180eb79d72dff0c742ea59985d77b800a3415fa99fdf75f4d4918fa6d54f75135fa6a755680a7139e67bd32314a70c15a,CLEAR,DAYLIGHT,DRY,DRIVING SKILLS/KNOWLEDGE/EXPERIENCE,2.0,37.5,2.0,2.0
081f1a2e0c9e74621b77c56cc581fbf3b95e4965800da1d82c11544b012b85611d5e929f1f41e8d5b7470f4f874917e1593b0b586e3b65ef949ed3b73d6103e3,CLEAR,DAYLIGHT,DRY,IMPROPER LANE USAGE,2.0,33.0,2.0,2.0
081f219de55123503477bf71d2e2c470531cf58999bf48cd647b32fdc83012279d87e525ce62dbc6f443735c7ef0ef6c333aaec12abd2cdf96e24fb0a3139d5a,RAIN,DAYLIGHT,WET,"EVASIVE ACTION DUE TO ANIMAL, OBJECT, NONMOTORIST",1.0,83.0,2.0,2.0
081f2393e912f1885115b1caebe972c68b9d94155e451a463f0be6d9b0b221f50ad36634362be4d916b85347c6509ea854f2e9f0a76d07478607fa3778e43678,CLEAR,DAYLIGHT,WET,FAILING TO YIELD RIGHT-OF-WAY,2.0,62.0,2.0,2.0
081f4eb50c4d4f6d70f9d9c49b0a7c591a498912917ebc1d11cd856964ecf3783e4a98be925bd1ec891d8981e5d9eaacbebe861d59813faf7a5c011afec36379,CLEAR,"DARKNESS, LIGHTED ROAD",DRY,"VISION OBSCURED (SIGNS, TREE LIMBS, BUILDINGS, ETC.)",2.0,37.5,3.0,3.0
081f782147913bd482f3b8db8f7091bd5dfc387de15f0d74017fc62dd6e083ed7a10e2cda322c74b02cce72d7aa2d051715a3e1db98559d5549fcda6106469a8,UNKNOWN,UNKNOWN,UNKNOWN,FOLLOWING TOO CLOSELY,2.0,40.0,3.0,3.0
081f913d92aa3ee23dcb49dccf5fcb19f518fefc2de4cf899408185db42c9ca0f6531c5a9638279d061a74b06937476c8ac1dc5dc80a5b23d6858d3e71778d68,CLEAR,"DARKNESS, LIGHTED ROAD",DRY,IMPROPER OVERTAKING/PASSING,2.0,26.0,2.0,2.0
081f9804a88ece171a38431a608e127414a92a4f3d32906fcc56323db62ee578939c69d68605229850a1b1451d5a247a461e9231067708d008569fc6b2796410,CLEAR,DAYLIGHT,DRY,DISREGARDING TRAFFIC SIGNALS,2.0,69.66666666666667,3.0,3.0
081fc91aa75b6b49cc326c47157e8228e873b06eaaba2f6531fea0dfbfe5b5942517d387068c56217ff145abd81d1e7b81694b6ab190ae6ab5ba70b5d3628f64,RAIN,DARKNESS,WET,IMPROPER LANE USAGE,1.0,34.0,3.0,3.0
081fd4adf657d99729fb0ede87d29893ba62fd36c54b74be2ca1918b3e94a4baa0f95d21df34312c596d95bcffb6a25e51525db28307e3f4999bf796ddc9561e,CLEAR,"DARKNESS, LIGHTED ROAD",DRY,DISTRACTION - FROM INSIDE VEHICLE,2.0,37.5,2.0,2.0
081fe3a4073775aa7c6c5350a5e1cd5d04b7deb8e2b086daf6748e523525ddc03f17a94e28b6bf8b6d42e351bcba2d40f81e048972c4c7ec3cc98446240a8ae2,SNOW,DAYLIGHT,WET,DISREGARDING TRAFFIC SIGNALS,2.0,74.0,2.0,2.0
081feb1aef6451393723b93125949202f14bc4b839185ce57f01e6b10a238336a40f603d0d370ff16287ac65cd7422d2bbe43790d8ca843e0521516c8f75877a,CLEAR,DAYLIGHT,DRY,IMPROPER TURNING/NO SIGNAL,2.0,45.0,2.0,2.0
081fedf6ca8df7ddd3225d9e70cf05396ac6b7d629a4d782c619e9006157cee603fb634b9b9df686e992611583fce298bfa61a4adc1c7e23df72a2e8bcd07613,CLEAR,DAYLIGHT,DRY,IMPROPER BACKING,2.0,54.0,2.0,2.0
0820071ac4db96a60504abdebc57e3329af9cb53ec3fc766c56d19783d5a8095045a23e53f0aee6c7c571cc70f1fc83399191f36611abc535ecbd8956681712f,CLEAR,DAYLIGHT,WET,FOLLOWING TOO CLOSELY,2.0,54.0,2.0,2.0
08202390fe1ccc13813c95905688141b7dc228c7d7d67ee5e0d9c186d3f62b4ac0b080ab460356054e81125c7f08b97dffdb67ad2948a98ce7aae8e61bf8b45f,CLEAR,DAYLIGHT,DRY,FAILING TO YIELD RIGHT-OF-WAY,2.0,35.5,2.0,2.0
08203d7558a3f8ccebd2f6378df8537688573bf9a7f32d813faf9733e54a865929a729ed0b0cb58389aaaf7813b8cdd0d697ce5091ca078d3c3b8b412b40245c,CLEAR,DAYLIGHT,DRY,FAILING TO REDUCE SPEED TO AVOID CRASH,2.0,45.5,4.0,4.0
08204939cbda3417f57e7305e1d32a2b59c0c636d8fc50fc4fbd4f6a2ea745a58158cfef464768ace41bbecab8a5470dfa120a119605686aefc068f813b6a7f8,CLEAR,DAYLIGHT,DRY,FAILING TO YIELD RIGHT-OF-WAY,2.0,24.0,3.0,3.0
08204d2353889cffb4773979353873fd66f6377cd3bd2d25f5f00fd3d68e906432c2b04c8013509fbd39c99b19fade600250c1fe1de6ea41eb175eadbe1ba963,CLEAR,DAYLIGHT,DRY,IMPROPER BACKING,2.0,32.5,2.0,2.0
08206543cc97b51202d46805ff0fed07786e3da2e587c08eeb1259eb9f9d86ed82b3025271cb9f438e96bdd92ac061bb0598890326e6e43757835b120d0e9a4e,RAIN,"DARKNESS, LIGHTED ROAD",WET,FAILING TO YIELD RIGHT-OF-WAY,2.0,24.333333333333332,3.0,3.0
0820cc393ce074850281fec29e911f9ec65764e5f0a7f21b02c456e5def590818e068975622910d1c2f73a73cd2e854800cd17fd34ba1b008cb3c95bf8b28901,CLEAR,DAYLIGHT,DRY,IMPROPER BACKING,2.0,47.0,2.0,2.0
0820eddf5f62b2550fb7d69f8c2a3d1c6eb4401bc42399a51c3d8abcc6a6f09d234d1c26b801a9b3ff28858d6b60926f8dcd6d3574f5ab2e5d02b1dc9646530e,CLOUDY/OVERCAST,DAYLIGHT,DRY,FAILING TO YIELD RIGHT-OF-WAY,2.0,20.666666666666668,3.0,3.0
082102f1a1f23d4b84348bd65757d21085cb3ade09904b8646d2e4a44a739265c32137bcc108c0796f3f88d1251b9223e11692353ff4a1195113c898f23f00b2,CLEAR,DAYLIGHT,DRY,IMPROPER OVERTAKING/PASSING,2.0,47.5,2.0,2.0
082116e1c6326654b58b5f99f2970023eab23141ae49207d2c64ff8f9d3dfa0a57e61278ff8a2807d93c7dc4981397627497384a13a3dacbec6015848ad97ad9,CLEAR,DAYLIGHT,DRY,IMPROPER TURNING/NO SIGNAL,2.0,45.0,2.0,2.0
08211cb372144f74a4e7eb6b446b6409d0898c17785293aabfb96a08e55dd47a0caf5d2c94e489b95c31b43c08a844c1f694f3ca17896321b1c6df9c1abfb165,CLEAR,DAYLIGHT,DRY,IMPROPER LANE USAGE,2.0,37.5,1.0,1.0
08212f84036c873055f516c1802e40bee0d1fbcce2fbdf5c7fa36825d0e7fb1ba7e0fe199335dca82a167702437bb40f98dcdd3332d3d6653d188eb74d80211f,OTHER,DAYLIGHT,ICE,WEATHER,1.0,28.0,1.0,1.0
082142e3e2b900a70ca3838892ece90cc0fc5191693de023c575f7c278cfe2ae3a83eda06bd3f1fd2edd8308590188ae31a0c3966c4ba5acb0fbac822624cf1f,CLEAR,"DARKNESS, LIGHTED ROAD",DRY,FOLLOWING TOO CLOSELY,2.0,46.0,2.0,2.0
0821532c9451dfa3f6802df608dce7a5230872764db410fb7d3005d9ccdd214cd6375385061a0c178c30647653d3ca4bfed3ae27dc6d22c1c9d72d5cae34f0a9,SNOW,"DARKNESS, LIGHTED ROAD",WET,FAILING TO YIELD RIGHT-OF-WAY,2.0,37.5,2.0,2.0
08217971c80db719fade4bfeacfaf4f772fcbb92dab855d879a05a02f9c7e0b9ac3009b57b77196900d79dba7b7a132e089907827fd97f9bc2d42fb32f07fdc7,CLEAR,"DARKNESS, LIGHTED ROAD",DRY,FOLLOWING TOO CLOSELY,2.0,27.0,2.0,2.0
08218e2bb04461aec762cb1adda83482a9af642cecbd5fc6bcdd4ad92093e61a6c4a2f8baeec79e778fcb342835311896bfcb5108c33b63d4d9fbce00d65274b,CLEAR,DUSK,DRY,FAILING TO YIELD RIGHT-OF-WAY,2.0,46.5,2.0,2.0
0821af9672ac423b110b7c6036b60152ad1664073f69723d1411f7ff4e238849a9583644a55d8d087d81a5bc968b7e4c1eba36fc4c4ad0c19687b2d1a8e3ae26,OTHER,DAYLIGHT,OTHER,IMPROPER LANE USAGE,3.0,81.5,2.0,2.0
0821b5a7911eda72c356b9bcb1cfc4900cd7783ee5979c46cf264a1cd71400beaa812da9614588ff758a07be6554b4954cf3a1eeb44eaa4c91c3893acfe4a6da,CLEAR,DAYLIGHT,DRY,FOLLOWING TOO CLOSELY,2.0,37.5,2.0,2.0
0821c4b30ba06100eb9f94db222b6a8ff4c1a4759ef71d67d02119b3e270f5be5565a8778daa48f7fcf00728420ad22426060f81a9a870605f01dc436fbef309,CLOUDY/OVERCAST,DAYLIGHT,DRY,IMPROPER LANE USAGE,2.0,60.0,2.0,2.0
082227692851402791c07107b332882e60cc8018b611bc494117a552fe8e868166c2e5b9203bdf8d91bf3eec0c19684248efbf5acf5f544eb152586bdccb0f03,CLEAR,"DARKNESS, LIGHTED ROAD",DRY,FAILING TO YIELD RIGHT-OF-WAY,2.0,41.0,2.0,2.0
0822394f5bbe5ac77dc7dc44a091da6e0b7d877e15f23821790063f1333a1868c809fe928d92ee9fd7e4b04ca7606e70d69d91fd2f26f6bda7164d0a55d79a5c,CLEAR,DAYLIGHT,DRY,IMPROPER OVERTAKING/PASSING,2.0,47.0,2.0,2.0
0822481fba9cfc508b9389ca3fd3f72ec40c871278a17dad6c91dda587c44b2556392302eef6191a08f58df58cf94f191e4ac6080a4a9c14f2262563c7a27314,CLEAR,"DARKNESS, LIGHTED ROAD",DRY,DRIVING ON WRONG SIDE/WRONG WAY,1.0,54.0,3.0,3.0
08225451a5e927b9e30d7bad2d9fc811489bad90625ce317935adee632f7d338c778765ab8799cf086f28c31ba7dc2c9fe1846bdd7fbc6ffe39a2a79f38606fa,CLEAR,DAYLIGHT,DRY,IMPROPER OVERTAKING/PASSING,2.0,27.666666666666668,3.0,3.0
08225f1e5cfe04485735d3adbfd0aecc774a9a443c4badaa5849ac3703be3566c30511ebc4e5a8e2684b052b647017f2dda90b694515195bf4b8366ecd86dc81,CLEAR,DAYLIGHT,DRY,FOLLOWING TOO CLOSELY,3.0,52.0,5.0,5.0
082265c50e9edf6b4ecc617f559df5017b1f84acf2b15a23dff48a96ea7cea3af3b0c28d665133d3129bc64a33af16b86002c42d875d0e6e4fb239a352e5d953,CLOUDY/OVERCAST,DARKNESS,DRY,FAILING TO YIELD RIGHT-OF-WAY,2.0,31.5,2.0,2.0
08228876199aba03575050c890d3848eaca756673ae2607deaf8cb95a37f9d0fdaacb039464771a6be0094fb013c97bfe0be88cb04591596628e16e74a39c18f,CLEAR,DAYLIGHT,DRY,IMPROPER LANE USAGE,2.0,32.0,2.0,2.0
0822a602b351c26bf92e905b406307376ead3d733102d145e4fa58713353a2e19ddaee7829c6d79298077d7349a4dcd80dab5b38229126be475a5195aebe039a,CLEAR,DAYLIGHT,DRY,IMPROPER TURNING/NO SIGNAL,2.0,23.0,1.0,1.0
0822b678a8d41375b0aab4184da03525affbf64ab2562663223cfe849382331d894374e4c061289d5092713a9d973340d07032f1cc6ed8f82450167d7eaebcd1,CLEAR,DAYLIGHT,DRY,DISREGARDING TRAFFIC SIGNALS,2.0,61.0,2.0,2.0
0823052d363538682551d3f0369e1a4baf2fbf5e5b2afd667b808fd0e849767c7433ac58a10eb2ff06df7cc6b6b856389b48833b5671404b676cee1008b4f083,CLEAR,DAYLIGHT,UNKNOWN,IMPROPER LANE USAGE,2.0,37.5,1.0,1.0
08230add0dc6b437038c28d0579f531d4a06b36708b756ba4ac51a4d352e3c299d340ed94388353cf3a3eb049316012a4cfdb2fc8357c5f2d3dd0fed9917b123,RAIN,DAYLIGHT,WET,FAILING TO YIELD RIGHT-OF-WAY,2.0,20.0,2.0,2.0
08233a42554961e4a592316b7f85e3d4d134dd78e43ada284750773ef1924167e04da15542db9df32151e668df4039ac622dad625cff24e07630398cfe319bba,CLEAR,DAYLIGHT,DRY,FOLLOWING TOO CLOSELY,3.0,37.5,3.0,3.0
0823500d56fef68efad8a8b1051c78445b3754204ed1dd690fc17b7e87fc8bd81ece3d67df38035f43329dd5377115e134e557580a4f3c1525401510d6077ca3,CLEAR,DAYLIGHT,DRY,DRIVING SKILLS/KNOWLEDGE/EXPERIENCE,2.0,42.5,2.0,2.0
082350d5c21d3a2618b50eaabaca742d3aed48408e695005ea2c80c212fd597094ca5dc08379afab615c58fb7006f6119f716ffc73d534f02b2caeda2cf316a7,CLOUDY/OVERCAST,DAYLIGHT,DRY,"OPERATING VEHICLE IN ERRATIC, RECKLESS, CARELESS, NEGLIGENT OR AGGRESSIVE MANNER",2.0,72.0,2.0,2.0
082366d6592bf8b89d7b00302ca27a0180d1dd634b4d590d1af9fef94ec3a76f2e3d6d187acb8a4c522e9a23298d064ed0aad25b6b2d1590e7de7ef9067b259e,CLEAR,DAYLIGHT,DRY,FAILING TO REDUCE SPEED TO AVOID CRASH,2.0,27.0,1.0,1.0
08236e6e126d3d43c682dc1086b52f66b3e156a9649922f8cef5938b432357526b3077ca4d94eed4c060e2bff3dd897881ffd726b7f163cc659e1d934a0c1bf2,RAIN,DUSK,WET,FAILING TO YIELD RIGHT-OF-WAY,2.0,24.0,2.0,2.0
0823c00e2892a11e620e8a6ee259ded39c263a3855d33b4e7fe384825ba1cc8b175b53c280f2945e2071844d5954a5c96d4e64b217c4cd2d644be1e5cba58505,RAIN,DAYLIGHT,WET,FOLLOWING TOO CLOSELY,2.0,36.0,3.0,3.0
0823dc55162e9a46b7ae1676bdcceec2b4894d71b5bed6dd5ded44b4b223aa951255ad5d982b73469ea0537b8a739ebee253a35d9beb370476ca19727ba7fc1e,CLEAR,DAYLIGHT,DRY,FAILING TO YIELD RIGHT-OF-WAY,2.0,51.0,2.0,2.0
0823e1f5d99778c76603056df3912c05cb149b288139a76360f008d48665a5e84c7d01d29176025557fb29ba820064c599c8b7f34d56529aa6fe96b371695c70,CLEAR,DAYLIGHT,DRY,FAILING TO YIELD RIGHT-OF-WAY,2.0,40.5,2.0,2.0
08244fa1f27b53b154ac987f039c541cbbd4ed783e4b9ef55d6b7edaa33b86e3f9f909245f147c8fa812c988f8f292d268cadecf78c9588d193e8720a3a545d8,CLEAR,"DARKNESS, LIGHTED ROAD",DRY,IMPROPER BACKING,2.0,18.0,2.0,2.0
0824547398a6b3e5c12e1fad484bbc9fa09e9cb6e6cfc0fcd2ce0329a6d5524f3c65b624f131d6416940e3b1f74960ae1fe3d12ee1e7e719e1f0dc5a43d5fb86,CLEAR,DAYLIGHT,DRY,PHYSICAL CONDITION OF DRIVER,1.0,64.0,1.0,1.0
082457bc6a63a1b95142ab0e3a07918e45c2f97891b4e435293a825518723b69d6b81cf978b5d484bd6dd1b74131089cd8d251a0d65afddc37840d1b6d79857d,CLEAR,"DARKNESS, LIGHTED ROAD",DRY,FOLLOWING TOO CLOSELY,2.0,33.0,2.0,2.0
08245ccf928f5a0004cb19c3e6edc26e616efc2938c39f6b6f948d009686062fed0c4eae0b6e61cbef249c5cb1ce4fce9b679969a64d8d7a01a5e70157723502,CLEAR,"DARKNESS, LIGHTED ROAD",DRY,"OPERATING VEHICLE IN ERRATIC, RECKLESS, CARELESS, NEGLIGENT OR AGGRESSIVE MANNER",3.0,42.0,2.0,2.0
08246484d2f04ad0208882b9c008cc6e8f594b1c5cd1b7b77267c6669aea55cba0e6bdc299f570e6a8f617e0342c1c308ea68afc272e9fe4cb804bb1dc2c9ab3,CLEAR,"DARKNESS, LIGHTED ROAD",DRY,UNDER THE INFLUENCE OF ALCOHOL/DRUGS (USE WHEN ARREST IS EFFECTED),5.0,37.5,1.0,1.0
0824742a0c96495f67b4fac0829178992019a314d3886980dc1fb382462d4a3de221f230485f8a7164b90687f5219ee63cab36c3354bcafc3d6d1a5509b568d5,CLOUDY/OVERCAST,DAYLIGHT,WET,IMPROPER TURNING/NO SIGNAL,2.0,24.333333333333332,3.0,3.0
08247c4fd95891fbc6414310fc17eac72483e9018cf68eabab339c7d39b2d77fe379ea3e6dfe569c8d2c8c9883c8e9d9b1e2a6affe5a253e576f46a552374065,CLEAR,DAYLIGHT,DRY,FAILING TO REDUCE SPEED TO AVOID CRASH,2.0,42.5,2.0,2.0
08248d21ef77ee592e6a537c27fe5753033f2ee26b04a833d9a82db3cf766c1e3f7cfc9d857d888482d12a277f9895ce916c63650922891d51c5d4d6225b44f1,CLEAR,"DARKNESS, LIGHTED ROAD",DRY,FAILING TO REDUCE SPEED TO AVOID CRASH,2.0,24.0,4.0,4.0
08249f44d11566f6f47f6f4cfa696262560df0699f915744b7654e488ca4556389783024a125119419c724b48a5ef295699351dcccef7899968eda6c839347bf,CLEAR,DAYLIGHT,DRY,FAILING TO YIELD RIGHT-OF-WAY,2.0,57.0,2.0,2.0
0824df5756081a3fb05fcca14a2d51c753ffc2cd71939018094717d73768c5ed984fe91e6b17cebbb3ed2494a69ad7c2d04cc946ed5080d08a028c8d6cf3d1d6,SNOW,"DARKNESS, LIGHTED ROAD",ICE,WEATHER,2.0,32.0,1.0,1.0
0824fcc43bfe8894b3ba0f30b36de36e739ed81634b440e3776c8683c39ef32a973749bab5eef81c0f45f19a1020ec3994ce3948b5ee3622dae40cf82b97d33e,CLEAR,DAYLIGHT,DRY,FAILING TO YIELD RIGHT-OF-WAY,2.0,42.666666666666664,3.0,3.0
0825171ce954ac66e1cd16da47d1df1260e0d213a7a0a8c669cf04b0eb3a0a04a04c006336e3c20aa6ea1e5d6baab9b489c4d80abc92cd5e1db5ab76111ba7d0,CLEAR,DAYLIGHT,DRY,FAILING TO REDUCE SPEED TO AVOID CRASH,2.0,38.5,2.0,2.0
08255eb18bbdbdbbf2b6f59ae1db66fb79b669921d236c21a51943c4d695b5e60a7ce08a195c98a08a2c36f7ace3a6f8a9725357c1a8b99f9e539696964a8582,CLEAR,DAYLIGHT,DRY,FOLLOWING TOO CLOSELY,2.0,33.0,2.0,2.0
082561247acb5b4f3f397d2a3ddd26f298c083c7d01577ce51b1787f2d9af7c02dca3591402400f9da242580b75c6ea34e36f47d232b5dee1f67553f30148327,CLEAR,DARKNESS,UNKNOWN,DISREGARDING TRAFFIC SIGNALS,2.0,36.666666666666664,5.0,5.0
0825800ea0bc554f60620ca9223f0d59545ebdf49447e44e3e2f5cd09f65437dc8a037770a744f20fd9be30e715f51b06cc5036a17a6382666c288e8cba90861,CLEAR,DARKNESS,DRY,"OPERATING VEHICLE IN ERRATIC, RECKLESS, CARELESS, NEGLIGENT OR AGGRESSIVE MANNER",2.0,22.0,2.0,2.0
0825a5c932e49fc49d3a9a7f63aeaab0016073ae563c86fb6dec72d750fef2033414160dfbec83398f9b165d473e5ddb59b6aa94c3a91be4f35392a5737c66be,CLEAR,DAYLIGHT,DRY,IMPROPER TURNING/NO SIGNAL,2.0,54.0,2.0,2.0
0825b20d10cea0fbed1511c5d5935ee3f69d586f5e3299168b413354660820a1ca0d5c851d193d5f08cbfb1be7d4f3ffdac7431eee3772cbaddd1d94f01e90b0,CLEAR,DAYLIGHT,DRY,FAILING TO REDUCE SPEED TO AVOID CRASH,3.0,36.0,2.0,2.0
0825cb7f458a2f0aaa3310cf4ba97885f3db216be9c8fb7412774f91ab6b252e29e5233dafbe0101d934409a24a624058cce7c80f39562ac8567b3ea80a3be0b,CLEAR,DAYLIGHT,DRY,IMPROPER OVERTAKING/PASSING,2.0,37.5,3.0,3.0