crash_record_id,weather_condition,lighting_condition,roadway_surface_cond,prim_contributory_cause,total_vehicles,avg_driver_age,total_people,total_injured
0825d0aaa89413fa1cb78878e3375fa3e217b9fc5abad4caa086a5e1f56ac81400c90d45ea5d7ef23878e857b54d994bf1e093fdbd47e135b5b2848c76be7204,CLEAR,DAYLIGHT,DRY,FOLLOWING TOO CLOSELY,2.0,70.0,2.0,2.0
08260bf674d4e6034c7b0cc4eced87d1ca17b55ccbe1e773e8df315dc54d0cc1f8c8debd46f78e73ab8006c4ff3e6b78ad7df1a4eab20d6b7396aa13c510e595,UNKNOWN,DAYLIGHT,UNKNOWN,FAILING TO REDUCE SPEED TO AVOID CRASH,2.0,35.0,2.0,2.0
08262e1846da5a15cfef2ad22c2f4b229fff2b421091f7e2ba9dc4924ffe24994f11174ae1e882e29914d9d4932120e161c5077b84b17158cea56a38f75c0381,CLEAR,DAYLIGHT,DRY,FAILING TO YIELD RIGHT-OF-WAY,2.0,32.0,3.0,3.0
08262ff5a7c011089fc216d7acc024e9e0df9abdbb3618e7675bc387ea0d71da81ea77997c4ec0d7d04cc11e2bdeee0eb088a3a1b91e702c8d11f3e1837e94b4,CLEAR,DAYLIGHT,DRY,FAILING TO YIELD RIGHT-OF-WAY,2.0,34.0,2.0,2.0
082638605f11e04230cff64f44b3e6395418624cb05aa8243bc1081c4cc17edf32ac5605a934c0062f542238b9e3136be61df9d6bba55f0873fff02382317c81,CLEAR,DAYLIGHT,DRY,IMPROPER TURNING/NO SIGNAL,2.0,34.25,4.0,4.0
08263e2df8599751eacdd06d3daea8ac095a91dde7ee671384980342ba53f5712cd212403a1d293e90eab391786daa6f11fbd7d8c1abd69504466daa6b8509e0,CLEAR,DAYLIGHT,DRY,DRIVING SKILLS/KNOWLEDGE/EXPERIENCE,1.0,37.5,1.0,1.0
082643c9e288ad39ccf4d5b5a269b9d8d84baa5d8d55932908d6dab8a9b9fc685894ba54968620fb4f90ae5cf98dae229b19b6374bedfaa3f14d7e9a75ee36c2,CLEAR,"DARKNESS, LIGHTED ROAD",DRY,FAILING TO YIELD RIGHT-OF-WAY,2.0,24.0,2.0,2.0
08265183bea27ea87a05d458ed897d97dc706579223676d44d79e415a26db5d2218e991bcf14bb58af5141046b2999878ddcf6d04c8eeb2ffa0fe1fac403d558,CLEAR,DARKNESS,DRY,FAILING TO REDUCE SPEED TO AVOID CRASH,1.0,81.0,2.0,2.0
082687acb82b0b7977837007fc1c8c98dae72dccbc41d0ea86c655fbf232121c966a86b92e60e0f44efe58f93daf1c3514e2553ae2669804b41e3779b0170193,SNOW,DAWN,SNOW OR SLUSH,EXCEEDING SAFE SPEED FOR CONDITIONS,1.0,49.0,2.0,1.0
0826bc2d69da2b772831837b69db7871e80f214622ae52beefd0bce1342750b622517ac7e427b339a5e0c308a75e0c5540d04923fb06962a4d5d1f245544eda8,CLEAR,DAYLIGHT,DRY,IMPROPER BACKING,2.0,49.0,2.0,2.0
0826bded90ad5a7aaff4e3cb3ca4600004ae4c56b5685981f71cae8dd4dcff1d4006682c30fda782e90cb1787aad4343d84bff5a621ea5c10f5adcf3400af143,CLEAR,"DARKNESS, LIGHTED ROAD",DRY,DISREGARDING STOP SIGN,2.0,32.5,3.0,3.0
0826f270a509dda4ca60ecf2354bde04192cb7b494c3243ba7a6337a672985f1df662e5fc7a17cb171592214b5ca33d938d7bbd89d41c9de8369227095b1b5a8,CLEAR,DAYLIGHT,DRY,IMPROPER TURNING/NO SIGNAL,2.0,49.0,1.0,1.0
082714283998bba5e326d8349105c73b564ba88d1b02b4b20e2c3249186862afb9c14d1a190e4b2a5faf29baed67aea759fc0fd4d41fd2b504c0590975c3ad93,CLEAR,DAYLIGHT,DRY,FOLLOWING TOO CLOSELY,2.0,43.0,2.0,2.0
082750ea992609058f6c6b3a1145b2461eeaa859f08cd6d58389b144672a07d581a413771866284321d2c728ea19d6daad5e468e48a10abe61cc4787153ed9c2,CLEAR,"DARKNESS, LIGHTED ROAD",DRY,FAILING TO REDUCE SPEED TO AVOID CRASH,2.0,55.0,2.0,2.0
08275fcf65fad9904539432eb26073e3c47273126f2794d6969bcce9d0810735bdb5ae31bff24e5b63b717171639c717d3f4f6717291ce705c172242fa71bfd8,CLEAR,DAYLIGHT,DRY,FAILING TO YIELD RIGHT-OF-WAY,2.0,48.0,2.0,2.0
0827803ed163ff12378d0eb205d421fdb30764244863362b42af415edb4361dd43e163b05b9064b122fd81dd67d234a3245e3c0b76e7f08410950a7e43de21cd,SNOW,DARKNESS,SNOW OR SLUSH,IMPROPER OVERTAKING/PASSING,2.0,43.5,2.0,2.0
0827be050384cdf28c5f79a7e7a10db2a7b1977ed5fda6aae7f0f308837dbc4a91e6b488a5a826f6339e90c6c66cb01b9e51071b226e99b6df78393159e49a0e,RAIN,"DARKNESS, LIGHTED ROAD",WET,FAILING TO YIELD RIGHT-OF-WAY,1.0,18.0,2.0,2.0
0827ce2e5984bc16b0ad1860cbb568a5febaf5f0f6d136ff76f93203c5beb81b1279f40507be586c8b282f023874092e92dc5726364da0d9d694a77f6a4677d3,CLEAR,DUSK,DRY,DISREGARDING ROAD MARKINGS,2.0,36.5,4.0,4.0
0827e2ed233b670ec025e4f4b221d6301114bef5fa67f62203a818d6fa062cf7e2ab64f0065e18933a63025e679f3d2f26724b8716d3e3824f3d1dc5d3d82827,CLEAR,DAYLIGHT,DRY,IMPROPER BACKING,2.0,32.0,2.0,2.0
082802a7f16ed306ebb411b6c8c9d442d9eeefa40d44c3175f3669d0e3ba67fb242b7119480c95347f1fc866665b42729b0b18e10166a0c0ac49329eaf7cdc46,CLEAR,DAYLIGHT,DRY,IMPROPER LANE USAGE,2.0,34.0,3.0,3.0
08284414c617f2aed5cdabcc3e44733df0558d6a22c991b3027c6e9a759523377e7da0b9dd9f86494506f7bfced803d0c24acb620f50b3a0692989f59d4c3d23,CLEAR,DAYLIGHT,DRY,IMPROPER OVERTAKING/PASSING,2.0,39.0,2.0,2.0
08284de14ef763376d531a2ed4d1df34ee0909e1f399ac72ff5e3c906e7e97f2945d8157b42e05d09282dc25009f1fd259e5ca036468e01fd04cf4871f455fef,CLEAR,DAYLIGHT,DRY,FAILING TO YIELD RIGHT-OF-WAY,2.0,51.5,2.0,2.0
08285c235ef9a518a046aa2f91668a01f033808b0f8149eef586c02b75a72a1874eacecec9365166b618313d1bcc922fe198bd1538662e571e1e4545ba41d0ad,CLEAR,DAYLIGHT,DRY,FOLLOWING TOO CLOSELY,2.0,45.5,2.0,2.0
08285fd2802236544e1b4bd53fd8b22a84b9b029b2bcb4a4d36ace232136a16cdd0087328607403c71763b81f4f7227cd29a2941994c6ef793ca6f634098b80d,CLEAR,"DARKNESS, LIGHTED ROAD",WET,IMPROPER BACKING,2.0,58.0,2.0,2.0
0828699e9e38f870a094ae5e5ead190e359143cc314941bd4aa4e35820c2e6dc258a21d0bcef380badd49d32305de87c94042fce44643194a96d19519c4b7301,CLEAR,DAYLIGHT,DRY,FAILING TO YIELD RIGHT-OF-WAY,2.0,34.0,2.0,2.0
08286fdeefd7947152dba659c3a5caa5e49a9305ce405783a8187cf20f13d9c987a2689dfa4da8b1d5a313c0d5860a6aa871aa4aa44ea2600a236dd84e8ca990,RAIN,DUSK,WET,FOLLOWING TOO CLOSELY,2.0,34.5,2.0,2.0
0828845ba6dc3070b057772af25ce518ca204ff2c2186a550cb1d8a4105d0fb88811cb0348ffcbf717bda1e7d3fbcc424fe956013ff98d4b934d637e904738a2,CLEAR,DARKNESS,DRY,IMPROPER OVERTAKING/PASSING,2.0,59.0,2.0,2.0
08289337987b46b0f2ce132a03de42ced1c82bfb3643b8f3aa7588b708f49bbcfe5ddc117c527d4088611a210900adbb51b6a09cec0a7c762bdca4cb7de72db4,CLEAR,DAYLIGHT,DRY,FOLLOWING TOO CLOSELY,2.0,38.0,2.0,2.0
082894a27f2b699ec152fd21c8a2c136abb74d8f7c7c45941e3e59c2bad975134634f5b3acf489d6950eeedf3257c4d809315555b6bfcec727bc0a122819bcf0,SNOW,DAYLIGHT,ICE,IMPROPER OVERTAKING/PASSING,3.0,34.0,3.0,3.0
08290d09c53755163b42eac9d04a0e68f7cdfc4ef73f9c3bda7ac97f1fc590eb3de719402dc785ae4abe21a19e0016efed8b13e085e91adcd174df354a1ce03d,RAIN,"DARKNESS, LIGHTED ROAD",SNOW OR SLUSH,IMPROPER OVERTAKING/PASSING,2.0,54.0,3.0,3.0
08292f70244d7b2e39609ad5d01359d27fd9ec4187ea2f3ee404670cc658975e39aa23ee5881d7314d6da2e8c1011061a169923dc5eeb478434f60ab3f381241,CLEAR,DAYLIGHT,DRY,EQUIPMENT - VEHICLE CONDITION,2.0,42.0,2.0,2.0
08293392d03b2a8900df0ce0305ef4123fb787c9110d9f6e343d6823cadfc70acadd3d66ecaf11b638152ba004be7ee5a8a3fcc836cfc53baaa1ff1de49ceca4,CLEAR,DARKNESS,DRY,FOLLOWING TOO CLOSELY,2.0,25.0,2.0,2.0
08296b685b386dcfbfadc1d43adfff43a9b3c39d2004f6c63fcaf9d8bef1b57418a584cba5b222b1f1b71a5d569b08e5de31870027e199adf70a0425b817723c,CLEAR,DAYLIGHT,DRY,IMPROPER LANE USAGE,2.0,48.666666666666664,3.0,3.0
0829bc339d85a668e68200bd5311a9413f9de692147e362a96c70a921ab3cc5de716ef2ac254619943a73f8eca448d4cb38e7e88fefed16e5a96c2477a5cc357,CLEAR,DAYLIGHT,DRY,DRIVING SKILLS/KNOWLEDGE/EXPERIENCE,2.0,53.0,1.0,1.0
0829c333b7981f27a768b51bec8efe8130ddc8f374c537da28a1537cf6750c07f55a54fb2665825c8297f9c555aeb638972dbb3d24348503fa679811705e008d,CLEAR,DAYLIGHT,DRY,ROAD ENGINEERING/SURFACE/MARKING DEFECTS,1.0,37.0,1.0,1.0
0829c4b2862819361c412ad40614307c045e2985927f1c720232cdf74d28618903c4dfb3414894d0c9547b8f49a450679b82d88748697fc7e53bd69e96bc8fd7,CLEAR,DAYLIGHT,DRY,IMPROPER LANE USAGE,2.0,28.0,3.0,3.0
0829e7118bc56f00b7fd4bc0be66107452c7d9dacd4cc3c6a2163db08d77c74c85982cec152cafe5de2a2042fa5254e4ac4fc8232d22f69a10eca2801e0cbee1,CLEAR,DAYLIGHT,DRY,DRIVING SKILLS/KNOWLEDGE/EXPERIENCE,2.0,37.5,2.0,2.0
0829eb6abdbe93496612c8953013caf1cab5d1fd7ce5e56b5fcb75a209c0e526953a029a919e8fc2b690cad470ebe1a8386ac884a7ba131c3d8fdc4749ff47a8,CLEAR,DAYLIGHT,DRY,FAILING TO YIELD RIGHT-OF-WAY,2.0,40.0,2.0,2.0
082a24c30104b98d161f60e1ebce6cd44382aa95c9703eca100c9d2aaad2715efe7a64d3c4c3528fc36fcf671c113c91c9e4eb629b2110d8981df0a2739ce8ad,CLEAR,DAYLIGHT,DRY,FOLLOWING TOO CLOSELY,2.0,77.5,2.0,2.0
082a29178e4b396ef270fecdcfb7e958bb95e859bf2b583fc3e4c002259cd7f0162bbefc2684d74cb978fade0be45bf60472e5a98bbe5625fb1aa4d75681427d,CLEAR,DUSK,DRY,DRIVING SKILLS/KNOWLEDGE/EXPERIENCE,4.0,36.5,2.0,2.0
082a456239970bc56ad26809a02139001ef3035836da39e06833b08a2d996e20a092081787a43edccadc05631b089450b656d8c4b450187bfd7fff14f6c60a0a,CLEAR,"DARKNESS, LIGHTED ROAD",DRY,FAILING TO YIELD RIGHT-OF-WAY,2.0,55.0,3.0,3.0
082a4801a0a539308bade6c9f00acf6be9c3e933b9ee742c46027e8e75cf278102b4e807deb82c25796c70d35b17e11fd2f0a77b6f1ddf3a0e085b635b3c52a4,CLEAR,DAYLIGHT,DRY,FOLLOWING TOO CLOSELY,2.0,61.0,3.0,3.0
082a69abfaafd2a44eb7a151c992457aa193f93c693a7f09aa67f5669b50667a9a5850678eb92b1dee330e07df0e09f2d05f1e5c9a888a094d7c36d4d411378e,CLEAR,DAYLIGHT,DRY,FOLLOWING TOO CLOSELY,2.0,52.0,2.0,2.0
082a7865af9da1edc516f0edd1cce8a4524300b12dc0063bf8e30f8724fe71c5f4e032801637f32786afb0c853652e9e46ce045c714f4b4029839b1237f48286,CLEAR,DAYLIGHT,DRY,FOLLOWING TOO CLOSELY,2.0,53.0,2.0,2.0
082aca07027725373ae764f9f5f2bc57d41d9ccdc398746cdb5cf125d02c58a81c05dcab20193cfab360e509f1822aa62f25698b68ac3507f103a11237b6432c,CLEAR,"DARKNESS, LIGHTED ROAD",DRY,FAILING TO REDUCE SPEED TO AVOID CRASH,2.0,63.0,3.0,3.0
082acff88ca5b489f6d98ce435931fefc6d8ffab8e3ef1e19ce40785af49f03210d4fd4374532706717dcbfe0270f4ffe246a8d85dfd4b50251e812e5abbc241,CLEAR,DAYLIGHT,DRY,DISREGARDING TRAFFIC SIGNALS,1.0,20.0,3.0,3.0
082ad14dbd707701661580ece20ea2db2d43af7aa138e91aa7a9520363ff4cc4d56e891b77c5d5a1cb8c4a3b811fbfe21e9955f7e105ccc5699e4e29c58ebf95,CLEAR,DAYLIGHT,DRY,FOLLOWING TOO CLOSELY,2.0,29.5,2.0,2.0
082ad8f61f1c89e0d71f4bd82a3c81b8934c46ece545506247c1043bf8308ece349bee73c86092d5e277f46a565a470287adcf5469c0b910c043a11c9f18a2a3,CLEAR,"DARKNESS, LIGHTED ROAD",WET,UNDER THE INFLUENCE OF ALCOHOL/DRUGS (USE WHEN ARREST IS EFFECTED),1.0,26.0,1.0,1.0
082b0ac2e144183a0dd8d14fc26d191e3e1db6212780d08bf8fc0d76db349acf5b1ebc768072f424739a95f88137771a96f560b5748023b980e66d8708c6f69b,CLEAR,"DARKNESS, LIGHTED ROAD",DRY,IMPROPER TURNING/NO SIGNAL,2.0,27.0,2.0,2.0
082b1ed93f175bf98d8917402c34bb121f28c566736869f2bc3951cd97aef42112d73b58ed16d0b7777544213d81f99a766cc5e09f9e96d69a6fc11d9034979c,RAIN,DAYLIGHT,WET,IMPROPER LANE USAGE,2.0,33.0,2.0,2.0
082b209603759452994efbc24f4258da4abe8d4e003566f3068619ccda3c5c39d2d156d0133ab9e81c9e0354d3af44e9b9ea7addf4ae12f680c1e134fdab9fd0,CLEAR,"DARKNESS, LIGHTED ROAD",SNOW OR SLUSH,IMPROPER OVERTAKING/PASSING,2.0,25.0,3.0,3.0
082b3ededf1149b10b2c717514933b5f64eea621640f030ffb09c1da796dcd8688d72fe391dc2833de5eeeef39edb00599b28c6815c3435f56046c9d9ec99672,CLEAR,DAYLIGHT,UNKNOWN,FAILING TO YIELD RIGHT-OF-WAY,2.0,31.0,3.0,3.0
082b41d7ecc79ca71188f0d729c2b5978dd120dc8e8ee8ec01602dd9e81d6fa686df9867d62c8d15d93a0550db5835a59512db1720656b0a05ec006d5cd54ba6,CLEAR,"DARKNESS, LIGHTED ROAD",DRY,FAILING TO YIELD RIGHT-OF-WAY,2.0,43.5,2.0,2.0
082b598d671f2ed39dd757ff8848b4e9061be175bb660b945a5239dd848b29545f756d2e9aea68457e8c8b6df707d9b33a4e1467ded828e4fcdf3cdc2f731736,CLEAR,DAYLIGHT,DRY,FAILING TO YIELD RIGHT-OF-WAY,1.0,27.0,2.0,2.0
082b688b3acaabcdda37458648e3d66df143ff6c663cf3c086fd4e8eac7d30a83e668c6fc864214e406bae363fa2619e2641996289256cc5d292d4ba13ffd276,CLEAR,DAYLIGHT,DRY,FAILING TO YIELD RIGHT-OF-WAY,2.0,19.75,5.0,5.0
082bc3c88cf9ff1e03710f79245b6614af4f044d16105f45cd84fb31205e79183e2acfe7c4558666a7ecd871a371162a1ddd3583ff18daef77028d3bb8ce5eb8,CLEAR,"DARKNESS, LIGHTED ROAD",DRY,"VISION OBSCURED (SIGNS, TREE LIMBS, BUILDINGS, ETC.)",2.0,40.0,2.0,2.0
082bc8dfd3240ae76de6959d5a940b395d905173436bd50792e2d341025c83ed964644d14ebf3ad315dfa6bb8e8b3b8e931f5f70b6ebfd859ba89ac9bb8802c9,CLEAR,DAYLIGHT,DRY,IMPROPER TURNING/NO SIGNAL,2.0,30.0,2.0,2.0
082bcf25f044181bc5606eaac2d63dd2e9e364857a772fdd5dd811657788684de8dcfc238f8051acd018e5235946a95307275623e8f3965c2112aec105945df6,CLEAR,"DARKNESS, LIGHTED ROAD",DRY,IMPROPER LANE USAGE,2.0,51.0,2.0,2.0
082c4c40aaf6e17961a9d13defaf948c248a2acde5330edcf3a1bab75a628e74fe5833ce9fdc794b1b2bf9d725254c32b6cdda8adc049fc16b755adcc7f45d92,CLEAR,DAYLIGHT,DRY,FAILING TO REDUCE SPEED TO AVOID CRASH,2.0,35.5,2.0,2.0
082c5e0cf4d95e09968e5c8c589acb82d688034b2924bb6c98bc652033ca59488c23cca61abbb62b93288ae956e4015e53c347c4286405d9b48283729a8c4bdb,CLEAR,DARKNESS,WET,FAILING TO YIELD RIGHT-OF-WAY,2.0,22.5,2.0,2.0
082c6e041033618eb439c4a84785ea992cdce93d40386f6fa883b5fdb001c84eecec9a5fa510338dcf7e9885cf0a0a20c0e7ff23bc80e37f15d2c9864e14898b,CLEAR,DAYLIGHT,DRY,FAILING TO YIELD RIGHT-OF-WAY,2.0,49.0,2.0,2.0
082c90c0ea3543f30c39cc759955555a9f73c58dc8d5e03368cf1735f496cd8d350869fdddb9473b157d7cfc0dd0649d04e8bdee273e1786245343e60a408961,CLEAR,DAYLIGHT,DRY,IMPROPER BACKING,2.0,60.0,1.0,1.0
082cb8b79c2584eb17de0ed2664d0d8146c36416b84a3d3ee09edb3aa4bd1046f4a5d18c45c8bc24c1f43e1bae427cf0ec3629d09bef3e563680dbf3332d0930,CLOUDY/OVERCAST,"DARKNESS, LIGHTED ROAD",UNKNOWN,DRIVING SKILLS/KNOWLEDGE/EXPERIENCE,2.0,47.0,4.0,4.0
082d06b4a6b34050d025e5fa58d07423cdf326aa3723f5a176a253738850b11ff5821746b09c2c2447b52f5b4a50bbadb8f4ec0a71268d876351dcf1ec381c79,CLEAR,DAYLIGHT,DRY,FAILING TO YIELD RIGHT-OF-WAY,2.0,56.5,2.0,2.0
082d24f836a11bad50f2f97de7521ee970821b9cc2041fb76f3b9d1279178913fbe95611f7cb0f05a4fcbf43fd857aa69c97170c1234893076bd20c7725938ca,CLEAR,"DARKNESS, LIGHTED ROAD",DRY,FAILING TO YIELD RIGHT-OF-WAY,1.0,25.0,3.0,3.0
082d29ec392d4df591ce707f2b1b4618d526a2d8be5598109d9e95dc648e25fbf212af7f13a1bcdeb39b1d865ca18d8f24545120558ff3e2268234a2c470e69c,CLEAR,DAYLIGHT,DRY,FAILING TO YIELD RIGHT-OF-WAY,2.0,31.0,3.0,3.0
082d3701d47e5c1463e8dc889af07aa6f2967e01ec74ddddd96c773cf51ca1e0624550e13d542ee535cd1762845b4d1e88eefae320054eb8bd22089a50be282e,RAIN,DAYLIGHT,DRY,IMPROPER LANE USAGE,2.0,64.0,2.0,2.0
082d370d803501a8559b5503cbbd4e7f0429f9d63a7942c84481813514db092357301d44614f6116cc5056767142a3733fa5938f55bb3ba1d03fd9dd27777ab2,CLEAR,DAYLIGHT,DRY,FAILING TO REDUCE SPEED TO AVOID CRASH,2.0,49.0,2.0,2.0
082d49ab164a87dc287a6202f5b0e798ca73f1b4ebeb0fc146c383898a2eb00ebc6f3d364f0d78a0ac37020ae44f17bed6afceae04cbd38d97f335ecfcd24c1b,CLEAR,DAYLIGHT,DRY,IMPROPER TURNING/NO SIGNAL,2.0,29.0,2.0,2.0
082d5496e7a20c42785d094be8952f5d17966bd688305b916be5262c58cf28ad000d91754049ca6cfba47e681755bbb58ee332c146a039d1a47c0fa506628339,CLEAR,"DARKNESS, LIGHTED ROAD",DRY,FAILING TO YIELD RIGHT-OF-WAY,1.0,52.0,3.0,3.0
082d6e2353bb1e6f4dc2e65b40a003f379b443d13ce22dc0d8b7b596ed24fd98d202a8c55c723047b2bffe7c02d7be9036cd958cff881cc55609f3731f112c0e,CLEAR,DAYLIGHT,DRY,FOLLOWING TOO CLOSELY,2.0,27.0,7.0,7.0
082d750ab14f9ec002526530f714c32d6c5dda814d6487a66f51b4a87398541d62738ead100a1b56a6db3ac547a9fed48f762ae2e7275cfa233a2f0fd2f10ce5,CLEAR,DARKNESS,UNKNOWN,IMPROPER BACKING,2.0,36.5,4.0,4.0
082d7ef3ac6b116dae6a367e6295dd7ff90d6610d0f1bb3c1c722674f9a005b53c7860faf76ff5cece6ae63e658c471a713e31480ec61ea5c30e2ae3945e7106,SNOW,DAYLIGHT,UNKNOWN,FAILING TO YIELD RIGHT-OF-WAY,2.0,27.5,2.0,2.0
082d8662f8f9125b6108e644b086e477f71dc9a071fb8e4e1bdf7272e5d7a92070d331c73ab91cc3764513dbf398ed6bb8673b80a8c44f04f38e2014253fc1ce,CLEAR,DAYLIGHT,DRY,FAILING TO YIELD RIGHT-OF-WAY,2.0,55.0,2.0,2.0
082daf8c3f671f854d9e7f00bf3dc6a9db9f89e0ebf18a85589cb42320003e989035dec90de03610c03763cc59c420b3ead484c0c78bfcb5e78f2cd85e22a349,CLEAR,DAYLIGHT,DRY,IMPROPER BACKING,2.0,50.0,2.0,2.0
082dbdd4f7581f28545d0ccde27c2dfac83404a1cd92845227f03f60972c4aac21a6014f3e03561400e780e1381cd60890cea7ed45de3db909f875342decca53,CLEAR,"DARKNESS, LIGHTED ROAD",DRY,ANIMAL,1.0,20.0,1.0,1.0
082dc647fff6964273e0b894603da1bab13b34ee66452e29da938e4ac2841f47a2d76b50fb870bf2e3b919460b1215bd0a053656f3b2547199aeaa58231c4b36,CLEAR,"DARKNESS, LIGHTED ROAD",DRY,DISREGARDING STOP SIGN,2.0,20.666666666666668,5.0,5.0
082dc6fd75fc9da53e8555de37b44800f464e7708ef9008bf5e29a8257661abfeffb78d751e3f653d85b0ac15208b33ba8e20db7696a00c8195b1d7978f060d2,CLEAR,"DARKNESS, LIGHTED ROAD",SNOW OR SLUSH,FOLLOWING TOO CLOSELY,2.0,20.0,2.0,2.0
082dca42b552b65b4b7f9a75017644cfd3becf7e82f3bd81730980bafd820f26b084f18c7ddc21fbcf51ef3264e4163f79083815767c5ec8469cf3d6f820404d,RAIN,DAWN,WET,FAILING TO YIELD RIGHT-OF-WAY,2.0,25.5,2.0,2.0
082de605626806c3d5ea46e69de4e7bcff5198590c1c01512b6901d0272b3073e6614c145928fc15f8ee8eed8c6b4cddc475a39aa4a4a39fa15592b1e4224b2f,CLEAR,DAYLIGHT,DRY,FAILING TO YIELD RIGHT-OF-WAY,2.0,23.0,3.0,3.0
082de6feceb769df9c03f8af47fdcbebf55a6cdf9a30080d7c0628cf185f4c1017b239873538c85f861ebba7d7844c24a5029506ea0efb671fd51a715e44b064,CLEAR,"DARKNESS, LIGHTED ROAD",DRY,DISTRACTION - FROM INSIDE VEHICLE,1.0,24.5,2.0,2.0
082df766e75894f250fac567dacead09dd262071a77345e14f3a02db22e5b3f32b35ca346e0b3f6e4ec3f307ee4f0d475ce03d6dc7679bfa7fd33e0ad951c31e,CLEAR,DAYLIGHT,DRY,IMPROPER TURNING/NO SIGNAL,2.0,34.0,2.0,2.0
082dfb19839db96142ad7dfe38a79f0923e0cf8ade2033e0d791e2fb6dd48f77761d039c0ecb7ee6308d2a59353bf831d0548766d34bcf9ffddff8c99cbc9079,CLEAR,DAYLIGHT,DRY,DISREGARDING STOP SIGN,2.0,19.4,5.0,5.0
082e1ba2b54eb54b121558f952eada5ab6bf4c9eacba7acaf81cb808114c47bedfe1895256ba08107e2e5bd10e6d8dfb6c29551fc8dc5dd9a484332fbb5f0592,CLOUDY/OVERCAST,DAYLIGHT,DRY,IMPROPER LANE USAGE,2.0,48.0,2.0,2.0
082e275bd74e6fb98ded8f15ee2b34e394071b0f7025e5125f7a7c929d7705fa173fa509384e5ba29b910512a76aab862d387a42679c85320ec82d9515b971fc,CLEAR,DAYLIGHT,ICE,FAILING TO YIELD RIGHT-OF-WAY,2.0,29.0,2.0,2.0
082e623bc3beb9e806bc2fed9c1834febd68f172b7b45041f421218b14a8f1659b5f0757e54ae4c6ae8535d49c48f38ab27c83398c0c9117ec5aa119bd1c9389,CLEAR,"DARKNESS, LIGHTED ROAD",DRY,FOLLOWING TOO CLOSELY,2.0,23.0,2.0,2.0
082e7566ca9c12ead50050309d55b9fa0fed3d2c0b4105b47770744645ed3f73d4cca446d8c6adbbd99f9a94d2bf736996c26c4997428eefd38da86ad2cb1ffe,CLEAR,DAYLIGHT,DRY,FAILING TO YIELD RIGHT-OF-WAY,2.0,40.5,2.0,2.0
082e805640ea4961a9c2c47d59ea228d00b70945ff2337b5943fea779f64c3735a7be79e4687cc35bb3f7e1243b7b980e63d536f4a4ddf2d947f87f79724b615,CLEAR,DUSK,DRY,FOLLOWING TOO CLOSELY,2.0,38.0,2.0,2.0
082f104e649551b9ea19c0b85fbcb2cbe95ad245a9aedb9262361b787a8d734a11893a42bf139b07c8849a74db6314a559fc246c87383b746d6dfab7a5c8754d,CLEAR,"DARKNESS, LIGHTED ROAD",WET,DISREGARDING TRAFFIC SIGNALS,2.0,27.0,2.0,2.0
082f134828b31e5291e353eda59fb6ba33b91d26083d1e70d7144d07801131805a60887f8eb4dad2eda7fe666e0fa5ec28392644bf879f1d3981aea9327795a9,CLEAR,DAYLIGHT,DRY,IMPROPER TURNING/NO SIGNAL,1.0,27.0,2.0,2.0
082f6e0d1b0ba39be3d17863b799c425037323554374e53c562619cca55aa316494948e3dedcac9665e5a9e426c72fe7c0f0cdbd77a12cd3f8707727cd4a6124,CLEAR,"DARKNESS, LIGHTED ROAD",WET,FAILING TO REDUCE SPEED TO AVOID CRASH,2.0,37.5,1.0,1.0
082fc8b8355f9921a8b34ef5a4c008b14aefb40ed69e60392f427b679177c15edfc8d687cbb7a76e5d5581950c521382148600b5dee64f4d45dac644e776243e,CLEAR,"DARKNESS, LIGHTED ROAD",DRY,IMPROPER OVERTAKING/PASSING,2.0,44.0,3.0,3.0
082fecc7ac1765b8e8995e533057e4061938dd586ff5f069364270317a70850df1acfc9e37b9ce92ea0a016935a5726c70e7100e86a8255d10e980d9d1ac083c,CLEAR,DAYLIGHT,DRY,FAILING TO REDUCE SPEED TO AVOID CRASH,1.0,13.0,2.0,2.0
082ffba366c67d8fe31b3190a0228cce97493983a4b8fe016fb10d0100dcc4e666d6e844bfa02f1576436316025f69ce3d3f381e2843294af853462544bb06b8,CLEAR,DARKNESS,DRY,IMPROPER LANE USAGE,2.0,37.5,1.0,1.0
083003b6fe86f5a0fd057e06cda33e24d82706cabcd80fce84a2fd88031b3b8ed91bba9b06ded135d6a85a08ee4f8133dc4eb0a204c62b8d659546892c0cd154,CLEAR,DAYLIGHT,DRY,FOLLOWING TOO CLOSELY,2.0,63.0,2.0,2.0
083025d6ac7992082a49d3246ca5dc28f77af09993712609a059f92c781cf800c0b49dd2dedf028ec25b9c27649339d39336db73685a13a2bcdc054d43032fbf,CLEAR,DAWN,DRY,FAILING TO REDUCE SPEED TO AVOID CRASH,1.0,32.0,2.0,2.0
08303dd37927a1faf6a9b061e34b1ad2edb80e1e92d7e79f7069b9c4ea9275649818e4975fe942ea2bb1f1d104e6644e71e1db12f775941227305616fee113c8,RAIN,DAYLIGHT,WET,IMPROPER TURNING/NO SIGNAL,2.0,31.0,3.0,3.0
08303f3f749a665d4381514f4595e50175bcbf7667418312543ea25b06868b80745526da305ff3646bbf3b82d3f3a9c6a401a2e84f74e04d38bc00945a720ac6,CLEAR,DAYLIGHT,DRY,DRIVING SKILLS/KNOWLEDGE/EXPERIENCE,2.0,84.0,1.0,1.0