crash_record_id,weather_condition,lighting_condition,roadway_surface_cond,prim_contributory_cause,total_vehicles,avg_driver_age,total_people,total_injured
083082992c991a2b3dd07742674330fa48149f4259884ed5e639435e75058f78e24283c588b45bc9ff340b9444dd01104f8c218b0d4c93390e71f2379eb68729,CLEAR,DAYLIGHT,DRY,FAILING TO YIELD RIGHT-OF-WAY,2.0,20.0,2.0,2.0
08309983766fd006dea60814e7ac4008c10bd20e0e0b71462e43362cc0fb665a1ee7450068a197f58a9e262b7a1140d610ed2e2f78a00d2230175e0c6578cb3c,CLEAR,DAWN,DRY,IMPROPER BACKING,2.0,34.0,1.0,1.0
08309c6ee89524d3a289a60f02eab4eb6d0973736b1629d9bbdeba1bdfbaa8eb6101e314eabf4163a1fb45f98785ed27ac91200cc50ad75beeabd4cfdc9ba1b1,UNKNOWN,"DARKNESS, LIGHTED ROAD",UNKNOWN,FAILING TO REDUCE SPEED TO AVOID CRASH,2.0,35.5,2.0,2.0
0830e2ba82a6f07fae3e70a68627e56929e96096b8069b5ff00077a4ed4968d4f93b1ad415ab6888eb9199127179e7b9306a706cb56be3b7d7de35e971bbcbfd,CLEAR,DAYLIGHT,DRY,DRIVING SKILLS/KNOWLEDGE/EXPERIENCE,2.0,40.0,2.0,2.0
08310f7e82998b8c30a0bef9e9309fb9a057c12a2fba3867a400b934b198020ca9af6b259d49790af322938445540ef6ab1d547367eafac331c636178e018b30,SNOW,"DARKNESS, LIGHTED ROAD",SNOW OR SLUSH,FOLLOWING TOO CLOSELY,2.0,31.5,2.0,2.0
083128b1624cac38572b0de3e96a2d4533a6ee29642f1feeef25d06a25c1ba91a1a1ee4ccdd7804d61714302d397f6d826743b3ce04dce6e5dc21f7bf626bff4,CLEAR,DAYLIGHT,DRY,FOLLOWING TOO CLOSELY,2.0,37.5,4.0,4.0
08312b29c7564e971fdb514abf4614e29613e169eb4ae1179c048f9b213dc0cab2cea2015d89b6c4b2a6d18e06cdd14c3d853b640469ef0e25b41203767e53f6,CLEAR,DAYLIGHT,DRY,DISTRACTION - FROM OUTSIDE VEHICLE,2.0,34.0,1.0,1.0
0831b4992bee320f581129eaca130b22fab4c5017f5d5ad35cd1e6595ce50e40ad497b8f83fc8228267a0dc6fb8af213eb2e2241703dee38161a99741bcb3b2f,RAIN,DAYLIGHT,WET,FOLLOWING TOO CLOSELY,2.0,76.5,2.0,2.0
0831d3aee85c8a4cc7ff1b7d1367250ea601c49bd591566e509ce0c3b915123e3231f8db6578b8845f6c079b079e67b03993bcac853170779aa198575db485e3,RAIN,DAYLIGHT,WET,FOLLOWING TOO CLOSELY,2.0,59.0,2.0,2.0
0831eb2f086a4dda9f2afbb45dfe57735c38edca4569b068c9b20d7b0b8206f0a3a0472f1aaf879d17b3053cf7da7d63f614c084cd67ab319766bb58816676aa,OTHER,DAYLIGHT,WET,"OPERATING VEHICLE IN ERRATIC, RECKLESS, CARELESS, NEGLIGENT OR AGGRESSIVE MANNER",3.0,29.5,3.0,3.0
0831f9edba0b5510e388fdafff06274bd536ed0d4565d83a9e7110ca7ef946aa054e2c68cf54a6c9d1217dbcd61e34f336420d5728f696d1dda41227613607a0,RAIN,DAYLIGHT,WET,IMPROPER OVERTAKING/PASSING,2.0,57.0,3.0,3.0
0832226061365dcbeae990b4db62e0afae35c2407e53fc4cea6850f0272c379420800420d8db51db883cdcd0adfa948bfe64335fe27bd13847f9becd3c8cde89,CLEAR,DAYLIGHT,DRY,EQUIPMENT - VEHICLE CONDITION,2.0,32.5,2.0,2.0
08323c468495c328a30865602d4c7e220df47882a5fec728834d516219c467f870fe1c448b7792485044c6e828ddbbde2053b869fc25cfc5f7bde00b05ec4fdc,CLEAR,DAYLIGHT,DRY,IMPROPER BACKING,2.0,36.0,2.0,2.0
08328d5bcf49c2e9620c7e72cd12329c6fdece4cb304354bee03b5f4594331e256ef78900ddfe24de1ed5df8484c19b8c484c71ba48e2fdd584881e9c69c1a63,CLOUDY/OVERCAST,DAYLIGHT,DRY,IMPROPER TURNING/NO SIGNAL,1.0,31.0,1.0,1.0
0832b4eb59d4b4c45b98b3befca22d4892c6ea9e5112e8f62eb060325e3a5eca4b45b37c9c0d4dd10a7dbcb10e8e51795d237d2295b73cdf681b0f4c28e25347,CLEAR,DAYLIGHT,DRY,IMPROPER BACKING,2.0,40.0,2.0,2.0
0832c35022634fd4cacde57fc41c13fe2b53de9c8bed2263d803f25ccb00bdbea9312a8acb3cdc3122494887814acaad8948fd84661358c7ef552e4f5687484a,UNKNOWN,DAYLIGHT,UNKNOWN,FOLLOWING TOO CLOSELY,3.0,37.5,3.0,3.0
0832d4f65c3d7d71562560800ba1d749fb26bf5e5f5127a8fa798851bf474fbfd4d01dba7d2212fb5c736601e92b35260cbb2dfac20aa52bbd39b1207d35af6f,CLEAR,DAYLIGHT,DRY,IMPROPER TURNING/NO SIGNAL,2.0,41.5,3.0,3.0
0832d57636b426b0525247b2712e41d6a47a032d39193ed59fbc8986ae164d6fea34046f3959fcfe646a95b5dcf26a228f8a4d74fc659773ba9b4559bb50384f,CLEAR,DUSK,DRY,FOLLOWING TOO CLOSELY,2.0,32.5,3.0,3.0
0832d82d388511625287613c1b55dc6bdf9861090e2cc23d9083d34095ae73e8f95e489b11d07f467da5025c52e495635b712f5263208b6e8122fad07045db35,CLEAR,DAYLIGHT,UNKNOWN,FOLLOWING TOO CLOSELY,3.0,64.66666666666667,3.0,3.0
0832fc51bfdd81360c408f51f4d3833325dde91ce26d8f3ac18755e3348529f809850cc4fbca90c69a82483634737d32d5a1e56c055aad59cfdda85bd963120f,CLEAR,DAYLIGHT,DRY,DISREGARDING STOP SIGN,2.0,28.0,2.0,2.0
08330a883f30632cbbc84dd218adf2478e8a2ee4dfda3e1db552e73a8afbc832f5a4a8c8376c76663cbba7c770756426949c85caf34f1a3bbac2313b61a1911f,CLEAR,DAYLIGHT,DRY,"VISION OBSCURED (SIGNS, TREE LIMBS, BUILDINGS, ETC.)",2.0,32.0,2.0,2.0
083316e594e55121bdeea265febd7e2d7bd38752cd361df2459067f9ca3be102f8c31c1baa5df2c57507914cead88ae90c743bf15f029fd63117c4d90142ee25,CLEAR,"DARKNESS, LIGHTED ROAD",DRY,FAILING TO YIELD RIGHT-OF-WAY,2.0,47.0,2.0,2.0
08331867c76a6cea637fd416a87d7318e89e25db5adb7e96ced78004010ee43cd878fc73243490cd045743e3b1b1e05fd102c9904a8e921881b989a6a500f1a1,CLEAR,DAYLIGHT,DRY,FAILING TO REDUCE SPEED TO AVOID CRASH,2.0,35.5,2.0,2.0
083341c6b9e34e150454c9ee89b72ff08b7a91f0f73c61d3da8221c753696a6edb37664a43800e76570dd60c09a0b0c4a0a0bb3b49ac51936f5518865bb43d8c,CLEAR,"DARKNESS, LIGHTED ROAD",DRY,IMPROPER OVERTAKING/PASSING,2.0,34.0,1.0,1.0
083347c73660bf7c256efdf91dd60fc59265e6289455b6614805ebd8fc071d31e958b0017092240c58e0e0af5e036f0f96c57aaf9c49378c8ef3f990d0ecd186,CLEAR,DAYLIGHT,DRY,IMPROPER TURNING/NO SIGNAL,2.0,35.0,2.0,2.0
083377a08f80745f050f2d2239d7c2bd88c9a45422d710907225399f3a660720818dfe60e2b9fcea67ac4cec722764805079bb9b84e5f187d875e3cafa5812ca,CLEAR,DAYLIGHT,DRY,FAILING TO YIELD RIGHT-OF-WAY,1.0,39.0,2.0,2.0
08339143a157d8bc4b4f8c99b2460408ce6f160587c1a030c1b2659e4b923dd9860c208b51f2baf656f35b12cdd66ecf384e46cb755e42d8573e7e7c9380a725,CLEAR,DAYLIGHT,DRY,PHYSICAL CONDITION OF DRIVER,3.0,63.0,1.0,1.0
0833a88ab1566875b3b0c22ebc4fbb5bd0c7ba84f7324c7b34bf834e1e143c83f4b05045505f9eb4420488bf8c160a4cd7460c58f225dc7ad59db46b91b04654,CLEAR,DAYLIGHT,DRY,EXCEEDING SAFE SPEED FOR CONDITIONS,3.0,25.0,3.0,3.0
0833c7dfba22c23e5de356cfae43dc96a3fd23f88fb2044af97e8b49715339376dd39885c0267bcb7b626696cb59075eb92df95cd2ffe3d224c5f132cb86da69,CLEAR,DAYLIGHT,DRY,ROAD ENGINEERING/SURFACE/MARKING DEFECTS,1.0,37.5,1.0,1.0
0833f7f21a13d86688d8a61be845e16552c0185cf724dc98f274b9124456d730c3552c99bf33a540b8154249e2383025f2824292728de64745018b6b668d218d,CLEAR,DAYLIGHT,DRY,IMPROPER LANE USAGE,2.0,28.0,2.0,2.0
08340a7567619ff16d19b1b1604e22fd1c0bc2d98340376f80fc3fd604976b2f866508f02b1651b2f3dae4c38818089cb2de4b9608dfe2529b0d86d976ce324c,CLEAR,DAYLIGHT,DRY,FAILING TO YIELD RIGHT-OF-WAY,2.0,19.25,6.0,6.0
08340aacafc6b916b037fd4f9915364fe21e34046a9b1da1f4fc9241fb4a7689e71c526e56b125f3d7427428f7d27ae6370845a7d358d93931ec27caf6ff2174,CLEAR,DAYLIGHT,DRY,EQUIPMENT - VEHICLE CONDITION,3.0,17.0,1.0,1.0
0834416224e04c8ad40ffca062eac7c349d888eab082f5cf8c6fd129797b8637416ae98b1192a6d4a1a8131f2637bbbc3ead25f8041176a9a531875f2c056a02,CLEAR,DAYLIGHT,DRY,FAILING TO YIELD RIGHT-OF-WAY,2.0,33.0,2.0,2.0
08346ff4212af085779cc8e7c8ae44b740c216c2de7480917469c89e947b9644987b758a8feea0de41f4ce51f6e9014bf79d5732efad5e59fc06c1576a7d576e,CLEAR,"DARKNESS, LIGHTED ROAD",DRY,FAILING TO YIELD RIGHT-OF-WAY,2.0,24.666666666666668,3.0,3.0
0834b9408dd786763965a1eef5f752febcd1f9e20ad491f20187260c5c6323fff4b087e84955e3b65d942026657928413b8d6524b90ea0b7098696bb15f7f8c4,CLEAR,DAYLIGHT,DRY,IMPROPER LANE USAGE,2.0,43.5,2.0,2.0
0834cae7d9e3226009356885b4c375ce338d355b2bdb965aa425cdba51b252657e7cf6f3c769dd21fd9c50a4f4c8b2acb10255a5ece39275b0cb579a73ec39ed,CLEAR,DARKNESS,DRY,IMPROPER BACKING,2.0,15.333333333333334,3.0,3.0
0834d11dc328eb060aac34d5c3e42dbe7f384b66ca89ebefb921379e1c137c304f0066f65b8a7e736c5bd5247b3981daf7afcfed71ccd31cb8a5581d2215753f,RAIN,DAWN,DRY,FAILING TO YIELD RIGHT-OF-WAY,2.0,59.5,2.0,2.0
0834e6dc35e1b09c6785e7e4391c78e0e42ac82c18d796ee0a6fe0d1c04b702f2fbd885273afa27d9b29b23055aa87adbe3b710a3a7c3964011e23abcfe82dd6,RAIN,DAYLIGHT,WET,IMPROPER LANE USAGE,2.0,32.5,2.0,2.0
0834f9c34c1b65c1409d2663584791ece3deda17ea335de370ec28b4eaa4c24085d12e255b1d9343b8bb8c59e8106693fff17786b40a7f1e63b967db7c921bb0,CLEAR,"DARKNESS, LIGHTED ROAD",DRY,DRIVING ON WRONG SIDE/WRONG WAY,2.0,24.5,3.0,3.0
08353f6aeea5d9603e97e8a11c184758065b599fc93024fc11bd574251042495327cf982f4909fc228566f3649f5ff6886986fada57997529240396eb844385b,CLEAR,DAYLIGHT,DRY,IMPROPER OVERTAKING/PASSING,2.0,38.5,2.0,2.0
08355929dbe5b27c000c37d69850b4f66eebfa4ee5676c178f5b12f0317af2246fa9360d450729846d4f643f0e1b30de071ca18d0c3c2b116b7689d8e0d6c4ef,CLEAR,DAYLIGHT,DRY,DRIVING SKILLS/KNOWLEDGE/EXPERIENCE,2.0,41.0,2.0,2.0
0835602561405fd44cc7201cb8c6eca9093f2679dc6c1e8b259529e1a750363997aa55b6c17cb5edd4a674cd89da11d491b8a891f88e742576a2b8e4ba1c2cdf,CLEAR,DAYLIGHT,DRY,FOLLOWING TOO CLOSELY,2.0,67.0,2.0,2.0
08359dc515c2b6a46a1b015c7ccfd3b3a018f77a1627c45e58d49fbe1b998c2bd0f3ebbe9c83476770d7b5acd3e29ac227d99d6f71fda6a2187b82d802a34775,CLEAR,DAYLIGHT,DRY,FAILING TO REDUCE SPEED TO AVOID CRASH,2.0,43.5,2.0,2.0
08359e780e89429b2412afd6683366a8b4be5c8cb9e5814586ef64d8a35b8a1ee5140bf6d1d1d80ecb362c96a337c89dc1f2e7cf6aa68a3190dd43fd4c85b7a5,CLEAR,"DARKNESS, LIGHTED ROAD",WET,FAILING TO YIELD RIGHT-OF-WAY,2.0,48.0,2.0,2.0
0835a79a0c4e51eecb3419f2caf9ef1a0cd15d5d15dc6122af2b9a3415d8e59343744cdeda6b1553dacdf3a11fb5f7c94f83ee87698dccb1062d7353a4519b55,CLEAR,DAYLIGHT,DRY,FAILING TO YIELD RIGHT-OF-WAY,2.0,22.0,2.0,2.0
0835b830c9bc05a74e83729178e1c4be18dd2d22f9cbb46986c64f19d0fe52a996ba209e6af80fc421b1d38e6471fdb67bdb00ec3a45a3e778e6520d443b88c2,CLEAR,DAYLIGHT,DRY,FAILING TO YIELD RIGHT-OF-WAY,2.0,38.0,2.0,2.0
0835c400153e04203c45a43a75709866dc3067af873f917c698f6727abbc16de6b01db10855cb1487b7bed8783a44d7654573be0f1efd916f02ef73be8a7c2a2,RAIN,DAWN,WET,WEATHER,2.0,57.0,1.0,1.0
0835eca7ae0df8101c18dcbad8e91f82b10e57b29518a9586667b3e583e6a96a8cc2610bcbd1deb26c58d85078437c6892377b78e5e65da075c9bd90424cf236,CLEAR,DAYLIGHT,DRY,DRIVING SKILLS/KNOWLEDGE/EXPERIENCE,2.0,28.0,2.0,2.0
08360bf2de240c7490a1eea4da48d92d2f669fdd7fae16a2fb0fa36dd9121f1a74c004d51de4e9873997a0f72872e73fa6734da43c094949a322eb9f99d30113,CLEAR,DAYLIGHT,DRY,FOLLOWING TOO CLOSELY,2.0,37.5,2.0,2.0
08361ce0d74daf22d474ffc00b1d0c51b5738c3dcbc69343bd4a060371b0ac02b98be75175978eb34d8ad684c16313cd186f50d9c51bae5bcfef55b2966a5f6a,CLEAR,DAYLIGHT,DRY,IMPROPER LANE USAGE,2.0,62.0,2.0,2.0
08363e7fa635ebf75be19b15e43cc81092deb872b1b629a444cc890cd98989eddd39e5ed843dcc0ea0f78d456208dc28ad6b8b7e644089bce6a6acca457e0f49,CLEAR,DAYLIGHT,DRY,FAILING TO YIELD RIGHT-OF-WAY,2.0,43.0,4.0,4.0
083670e17233f1ef1792247434b80ccb26c9f796ec3bf1f30b4a008f755766c42c00ea42f18b77c37a0049ff244ca4337f83f73dc654878085fc0ff3677940e9,RAIN,DAYLIGHT,WET,FOLLOWING TOO CLOSELY,2.0,51.5,3.0,3.0
0836a22c6b9850636b0c1399e3735ff5205d5d3b5b3476fbe84668526d7fadce367f558fd5d25c3d96ae5d194e241cb2e179d661848f11e52dc4ba152c4d60ad,CLEAR,"DARKNESS, LIGHTED ROAD",DRY,FAILING TO YIELD RIGHT-OF-WAY,2.0,21.0,2.0,2.0
0836b2bd0551319f353490fb11a38999e55ce83eaca8a667e7dbd905d900529e131de5b248c4f403af3caf7e797bbc7d478ab5da305a5df7f8822a007b1349c1,RAIN,DAYLIGHT,WET,FAILING TO YIELD RIGHT-OF-WAY,2.0,44.0,4.0,4.0
0836e2bb72b23136f5f4b6965ef7f43e1c115572ea0aee4cb16dd5960bffdba3964ef226885d08650b9c4dab007d480a81fa04335b3d03d7b146285b54f46b3a,CLOUDY/OVERCAST,DAYLIGHT,WET,FOLLOWING TOO CLOSELY,2.0,44.5,2.0,2.0
0836f77b09ee6fdc7dc3b932fd1547b62ff7b8c22f48011ee72c344f687a3ab758c04ea410bd5df0b14738d5c5008b2d63d6e48d34731832a0776b39d0765d1e,CLEAR,DAYLIGHT,DRY,IMPROPER OVERTAKING/PASSING,2.0,37.5,1.0,1.0
083737cab3818bbce804f1ccf2116704b1a013f88e2c5194658ab9a488f8ecdaddef81f755bbac456c54aa005ce679208d0ae3a1fc29b35e729eab8fb5abf6af,CLEAR,DAYLIGHT,DRY,FOLLOWING TOO CLOSELY,2.0,23.0,2.0,2.0
083761307cb50adf3293ebcfb68e685a5dad4ad1a82afdfe660fb1eed74f5daa1f4af97067d58e84bf876cb23a0f1f5be4be00b0fb3ae445d0a7f7d9730bc6f0,RAIN,"DARKNESS, LIGHTED ROAD",WET,WEATHER,1.0,34.5,2.0,2.0
083798fe3f520e51442bc07106dfbd391ab068d437127d724e1c788259993b00edcb7876699ebec7d58503a2cb88d4880dbf17c48ea02fcfe666d05c9fdc63ee,CLEAR,DAYLIGHT,DRY,FAILING TO YIELD RIGHT-OF-WAY,2.0,27.5,2.0,2.0
0837e4a0611e47baed64af145b8256b1b63f877b5d0268c8bf753ae6c485b5e3abdeeee8934b4bbda549c0ffbbf837dbae2ebb55978892a1b93f79fc8b3d7d8e,CLEAR,DAYLIGHT,WET,FOLLOWING TOO CLOSELY,2.0,21.0,2.0,2.0
0837e6cb9d3e65b24d0fd271ed97fb627290963962e9f3d5d131c2557cb39ffbf4a2213d103de0d9aa78cf1bc7e99fdb49c8d94243047705c6cad14bd532fe4a,CLEAR,DAYLIGHT,DRY,IMPROPER OVERTAKING/PASSING,1.0,34.0,2.0,2.0
08380828f98d73046b95a83b238a8ebb859736b2207d648daf8098c12c394ac9d8133b3292c26f1b6e02078c1dcd8330c4a7e1afe24069c1ed0f08e1f16d2750,CLEAR,DAYLIGHT,DRY,FOLLOWING TOO CLOSELY,2.0,59.5,2.0,2.0
08380dba4a8f86e5a1efc49f53187289430c82bdc8feda6af4939bc4063573bd6ff032fa56fd6b0aa3da4da4e2d817cf1fedf6bfbd786299600f2ce0cff9c193,RAIN,DARKNESS,WET,FAILING TO YIELD RIGHT-OF-WAY,2.0,41.5,2.0,2.0
0838248c4ce3500d53c2b55b260b89f79fd830ae8bfb59db75d79a7551f1dd82a0f194a28d94933fff10fd93b7e67856d90e7bfba0a7d973d9ee7920fbbd2937,CLEAR,DAYLIGHT,DRY,FOLLOWING TOO CLOSELY,2.0,34.5,2.0,2.0
0838281ce7ce9fafecec9b960e3fbe04c142e4de4536a9be27fe4ca8a90e6f1daad9dc004aba1df4aeb81226604011cee16fb69df3b93278b7f33a2928777e5a,CLOUDY/OVERCAST,"DARKNESS, LIGHTED ROAD",SNOW OR SLUSH,IMPROPER OVERTAKING/PASSING,2.0,37.5,1.0,1.0
0838306d2a9b1a85ed5108c370be71aee15cc866fef23d793bb4ff01b3bebbf7f958c5805058cce2120c380ac13e0ab809c5e95b6890b3de3fe561d0e67d553b,CLEAR,DAYLIGHT,DRY,"OPERATING VEHICLE IN ERRATIC, RECKLESS, CARELESS, NEGLIGENT OR AGGRESSIVE MANNER",2.0,25.0,2.0,2.0
083834228dd469b44d473aa254456102ef3d3fd548fac06369e2090551f84d752cce77b00f66626cd76ae1a740d2cbe7b354286c58524600e7f7d38f87923ae7,UNKNOWN,DAYLIGHT,UNKNOWN,FOLLOWING TOO CLOSELY,2.0,29.0,2.0,2.0
08383fc5ccbea6f2b0515b48b0f60cb640b2dbf29f5b89a4b2cfa805d6aa469f80a0886b3c71eee232416d365319bebf3f48ec0e8d2e2b13319beeea9ac749e6,CLEAR,DAYLIGHT,DRY,EXCEEDING AUTHORIZED SPEED LIMIT,1.0,37.5,1.0,1.0
083858948b614b4c9dbe8847ce6eee91b21e157c38424327a11d29adb4c76cdbd4fe6b9876d3eb3e9fc0d795276b75edf8705d47e48cdccc7a8d2924bf230182,CLEAR,DAYLIGHT,DRY,IMPROPER BACKING,2.0,37.5,1.0,1.0
08388d05ad30f030f8f8215ddb4b4f624f60d6dbb331278974f49e94aaa022f5231b1b185de53a36a00fa7eaf48be2e5c223b85dc70af2f794c53f883d74d963,CLEAR,"DARKNESS, LIGHTED ROAD",WET,FAILING TO YIELD RIGHT-OF-WAY,2.0,38.0,4.0,4.0
0838bb2c10d539ccfa4de7023798ff31dea31294d5ca9a0a051b8f5aba4d91828c435ec02b053310a2c3de29f72dd54ba7554653b68210ec7394cc771631963c,CLEAR,"DARKNESS, LIGHTED ROAD",DRY,FAILING TO REDUCE SPEED TO AVOID CRASH,3.0,30.0,5.0,5.0
0838e8ca3e48f9fce48fd89e6b9a3e87e9fcff3cd1003c67bf38022287771ff45f90eac75cc51f5f21deb82979ad1d8b9eaeddf89d11fb9234b2c36d2a9d43f1,RAIN,DAYLIGHT,WET,IMPROPER OVERTAKING/PASSING,2.0,36.0,2.0,2.0
0839149b835dddab0a3465d12c5b2adfb33ec59fb877f0a55e3b614004e3a4cb3b42e187e65cebc5784fbe404b36a4973b0d1ece34004c62fe35045ffe4244a7,CLEAR,DAYLIGHT,DRY,FOLLOWING TOO CLOSELY,2.0,46.0,2.0,2.0
08395ded195d06bee8c9ac125a072f0e3fd049f32eb7675b3e899dc2bf96dbf44f273c918cbc3096e63e467eb0a3ad1a2524f0e326636514b8f1385751e6e124,CLEAR,"DARKNESS, LIGHTED ROAD",DRY,DRIVING SKILLS/KNOWLEDGE/EXPERIENCE,2.0,46.0,2.0,2.0
083962029b4cf9ef037f8c945d5892a875658a8f6007e747031995b470a7af82ad3fa978e9e98df7885bbd1bde20c536956b6c0192fd4d33b1592c4f5e04a4db,CLEAR,DAYLIGHT,DRY,IMPROPER BACKING,1.0,48.0,3.0,3.0
08397048217f8cf7cc612ca52f4938ebcfc3d728e09399bc1d17df8eb4df8a20949005ffe17a21466eb3a094195550d00981609efe0c8b9553a5cab1d66fb6c8,CLEAR,DAYLIGHT,WET,PHYSICAL CONDITION OF DRIVER,2.0,29.5,2.0,2.0
08397d737675d31c3dd84d2a64d4b9aefa7b51186a566a1d0b10e87aaf0d5ddd7475e7b6fa8846c4191bd2f4b0affb02cd6c42a16c38a75bdbf19aaef19a907d,CLEAR,DAYLIGHT,DRY,FAILING TO YIELD RIGHT-OF-WAY,2.0,45.0,2.0,2.0
083984c839f072c25a1e58891e8ad7eb1635fe6f3064fea169ec16f8e686483afe0f3bc93efdd8336ec4b5511d780f365319e1852070153f28ccc0791ffaddc4,CLEAR,"DARKNESS, LIGHTED ROAD",DRY,FAILING TO YIELD RIGHT-OF-WAY,2.0,37.5,2.0,2.0
083993f8dc7ec6c5ff77e4381b53515f16763ad08260eb278d1354efea1ade5f535f3d6b56ffc90705dc2131c90f43fc2d4bb17db81cd17e33dcf51b41c5dd84,CLEAR,"DARKNESS, LIGHTED ROAD",DRY,FAILING TO REDUCE SPEED TO AVOID CRASH,2.0,48.0,1.0,1.0
0839abbdc1ab7ce4b12d24ff7b5aa675116bde98f5e5efb5368259ba43d2c7feb4cb07b311f7db737eee29015f9fafe238da0dbf74e060088f9f81687a6e1dd9,CLEAR,DAYLIGHT,DRY,IMPROPER TURNING/NO SIGNAL,2.0,38.5,2.0,2.0
0839c9917600e61084be97fc97f943e00507c599baa0962b243502b0edb17f83787e54f0500e0f62e49e07a22e7af52a2b9ee2e3893f2712f62f64fc8899d595,CLEAR,DARKNESS,DRY,"OPERATING VEHICLE IN ERRATIC, RECKLESS, CARELESS, NEGLIGENT OR AGGRESSIVE MANNER",2.0,24.0,1.0,1.0
083a2c715e455885ca48711ca458070ce58ab60f00d207b42a4245227e1aed2729d22b1e11305e789d0a0468385893198204656eb1260494b349c9b56d285604,RAIN,DAYLIGHT,WET,IMPROPER TURNING/NO SIGNAL,2.0,29.5,3.0,3.0
083a416765d639c895891432dac62a9b124158dd2a75d8eb82a56f2e447153f3bd6643b0f32cde610f7f3997b918646edaa4e714cd9df96f5c4176cd32a14c11,CLEAR,"DARKNESS, LIGHTED ROAD",DRY,IMPROPER TURNING/NO SIGNAL,2.0,32.0,2.0,2.0
083a88320e8d7dc7e5a605602cedaf7b48d661d48a6c644ce4c8072afabddf892a9806ea6c8a71ff4efe8bf288e6ee3d135c7a4d7ea450291dd6a984ae4fc797,CLEAR,"DARKNESS, LIGHTED ROAD",DRY,IMPROPER LANE USAGE,2.0,23.0,3.0,3.0
083a907c1593eaf4630683008f4cb82000e89667eebee06b96660c6a9c77cca9847da08c9146a2f3d0007d7c959e9ea2fea2d0b1c0d5b76b4c1f8f9c8db3dec8,CLEAR,"DARKNESS, LIGHTED ROAD",DRY,"OPERATING VEHICLE IN ERRATIC, RECKLESS, CARELESS, NEGLIGENT OR AGGRESSIVE MANNER",3.0,22.0,4.0,4.0
083a9daaa2016f7f949bc9deb457fa79650228726c8cbc0c9006d928d96d06685d761d4e18463025b9a8384caa28d9a52b63cbbfd9510a8e25927c0ab6040c66,CLEAR,DAYLIGHT,DRY,FAILING TO YIELD RIGHT-OF-WAY,2.0,37.5,2.0,2.0
083ac73e15fa4cd0940a28633cfd86b7d6da6ad8eae26390cd571b2fd1afb05b7a878c8e5bec5c26cdf61af99a6c2e80af2e05d72caadffb5f501f7825b7dc1e,CLEAR,DAYLIGHT,DRY,FAILING TO YIELD RIGHT-OF-WAY,2.0,34.0,2.0,2.0
083ad3033b2d72b49fbb76f2b5337b1dc6d8325193063fe58ae94fe351923591c02e12f9c5a2f349222a9f8eae9f6df9879cf5df561ac47b1695061ffc5c4d28,CLEAR,DAYLIGHT,DRY,FOLLOWING TOO CLOSELY,2.0,47.0,3.0,3.0
083ae0d28429b30bf96a447db47b170ad989694762479b6b7627a9ea2f6645775e907666a65608ffc5546acb0ad97cafa24b0268c4006eb8776b8238bb4b3b45,CLEAR,DAYLIGHT,DRY,IMPROPER LANE USAGE,2.0,44.0,2.0,2.0
083b5b9dc8f26d6f09752b17528a74c020751860681c2d449179be71c245729090c6824942dd8312b427ebbf388f61663f25d7ca1e54d1a0f9606f5fdc63fc7a,CLEAR,"DARKNESS, LIGHTED ROAD",UNKNOWN,FAILING TO REDUCE SPEED TO AVOID CRASH,2.0,45.0,1.0,1.0
083b716aa23b6959e3ad4d1e4d975b5c3750166231b0fac08e455803d234e0314c58fbd43692ff576ce9d960d0f828e4d3d071f8fdb7f44df1cdd455c95bd41c,CLEAR,DAYLIGHT,DRY,DRIVING SKILLS/KNOWLEDGE/EXPERIENCE,2.0,29.0,2.0,2.0
083b733abac2efc9d1be025589d70b00c9e0221cb01b9bea927934585939e2830d5319c2fa78d5ac7ca8729c59ba55944fff28941a235824beb81c99d3ba97dc,UNKNOWN,DAYLIGHT,UNKNOWN,IMPROPER TURNING/NO SIGNAL,2.0,37.5,2.0,2.0
083b8a2a32f5202ac469172721dc8ad37b380422b74de6af2e344d9b1354dfee6b2749e06297d209ca655273bfa6e90f8736a0d4f2235789fd97d20a531e033f,CLEAR,DAYLIGHT,DRY,IMPROPER LANE USAGE,2.0,31.5,2.0,2.0
083b8efd5f039012b9714174033f97047e695bf762e242c7b712e9acc4b606fb5d3c30d0b571f18cac9fee047353c66e5dd78d39776d766e573448d6291e6a15,CLEAR,DAYLIGHT,DRY,DISREGARDING ROAD MARKINGS,2.0,40.5,2.0,2.0
083b90426544649144021043cbc9f24241db2b87dd485693774d178185261078a4b7db6ac3387c2c5515ea843d40cbd39c52897dfa9ab8598713a8ee73275f38,CLEAR,DARKNESS,DRY,DRIVING SKILLS/KNOWLEDGE/EXPERIENCE,2.0,38.0,1.0,1.0
083ba903a11866b81b8d09e15fa4e7075ace2397ee737980038f0367b12d20fd67df6783c54635cf34cf7cfd18682c78a022aa55b22db49070e7979986baddbd,CLEAR,"DARKNESS, LIGHTED ROAD",DRY,IMPROPER LANE USAGE,2.0,22.5,2.0,2.0
083bc3204ca6f05804c1bbcb2a7ff70d6b316152984a2f023e9009a75e157c4e235a336815cdb70025caa8aaf55a1331f3950b1863dbc9f01cb399fccbf3628d,CLEAR,DAYLIGHT,DRY,RELATED TO BUS STOP,2.0,38.0,3.0,3.0