crash_record_id,weather_condition,lighting_condition,roadway_surface_cond,prim_contributory_cause,total_vehicles,avg_driver_age,total_people,total_injured
083beed11fd89e791baa3cdb8d6f9310d8105c862a0e4d019c92e912b40d6cef3b941d41b37bb17cd72587f6887e1f70bb5088343fc3e6a59f4b53286b9ef832,CLEAR,"DARKNESS, LIGHTED ROAD",DRY,"OPERATING VEHICLE IN ERRATIC, RECKLESS, CARELESS, NEGLIGENT OR AGGRESSIVE MANNER",2.0,37.5,1.0,1.0
083c1923db689367b1d1e1491eb1e6e99ee210c41b2e3c8531ec98cdb707c93ebcf2e6831c50b04ecd9e00839cea408b61fe17915683c89daea1f49ebf0c9a19,CLEAR,DAYLIGHT,DRY,DISREGARDING TRAFFIC SIGNALS,2.0,25.0,4.0,4.0
083c48efff017a70775cdf1e3aa797726852af5c56e282156e68f5f51072051b1fb5a46cc11180b563988c005c8d3040e059905b1710274d7f65e2cffb0d8f89,CLEAR,"DARKNESS, LIGHTED ROAD",DRY,DISREGARDING STOP SIGN,2.0,33.0,2.0,2.0
083c59fb3f62f8b4c43c801ade9626d9baab231c6ea2208326bf41eaf9e87d0bae8f8062d5212791760dbe71e2da93504c4ff37e409f378ce2aab90b592ef635,SNOW,DARKNESS,SNOW OR SLUSH,FAILING TO REDUCE SPEED TO AVOID CRASH,2.0,37.5,1.0,1.0
083c7e2a8fce89465631e15bad524d9ddae3df1310780cfda10b2d9c4e88f22c9e90ed5043ee1030d1c780ce28cc4d73f34b9b97e6ca07f6a7088697a8a92896,UNKNOWN,DAYLIGHT,UNKNOWN,IMPROPER OVERTAKING/PASSING,2.0,16.2,5.0,5.0
083c8c4bcc8092610c057a06f280c2d3b6705f4a651b5a8b8e2d63ca55d3a942d09aa4f571579681a5dc8c3491e0f383a8177698077534fce51bd0360b679a0e,UNKNOWN,"DARKNESS, LIGHTED ROAD",UNKNOWN,DRIVING SKILLS/KNOWLEDGE/EXPERIENCE,2.0,37.5,1.0,1.0
083c9aa288a4059af45069f23a04d944ec982c54375f4b51663a1c6b45c8afad89404cb942dc86a96f1877c1c439ddd0c5f63c30f9172c7059ee9a7fe080f970,CLEAR,DAYLIGHT,DRY,IMPROPER BACKING,2.0,15.333333333333334,4.0,4.0
083caa9abc4c54b2245f5270d3bed7e7e1f2acf43815112d6270ae1bc9284ab967fa8005ff307cdfb3c3610aaa811d8b0c49a73cbef815cbb02373e85942db37,CLEAR,DAYLIGHT,DRY,IMPROPER LANE USAGE,2.0,45.5,2.0,2.0
083cb23c16a8a5c99597e63a0d642da06756d792878e0c12c17dff9836215a7b17195716ab986578a16f5231862ecca174b01ed65b24ebea30fb5abfa14430bf,CLEAR,DARKNESS,DRY,FOLLOWING TOO CLOSELY,2.0,27.0,2.0,2.0
083cb9023ccc961743a1b22d31b9ddeb94db3bd043e31e60e85c0172d534dc66fcabe6a4871976bd5c25d150b340c9883c657f8084fc71b97f2d717184c071c1,CLEAR,DARKNESS,DRY,FOLLOWING TOO CLOSELY,2.0,31.0,2.0,2.0
083cd24ced822393d771e920b4307e9dfba5223e233931af5176612ded5fc0086e3412bd69a075aec0e70f56823894d154e174ea6dd025a2544d36e70ee773a5,CLEAR,"DARKNESS, LIGHTED ROAD",DRY,IMPROPER OVERTAKING/PASSING,2.0,43.5,3.0,3.0
083ceefa7e67035133a0b0d4e3e716fa7d1bb44b8bd4cbc925fddee6f48469f6c91206d4f5b6b56b88dffafd5b0eb7e38fa7ff931db1e27153d0ab8414c4d57b,CLEAR,DAYLIGHT,UNKNOWN,DISTRACTION - FROM INSIDE VEHICLE,2.0,38.5,3.0,3.0
083cef140c4c8271249c4c3d56a2295c17a6b9efa223cac87bfaaf0844a2442cfe232db84a0a7d51ec41923ed72f574e4bb64c52b64b2138ed624cd4a6334999,CLEAR,DAYLIGHT,DRY,FAILING TO YIELD RIGHT-OF-WAY,2.0,48.0,3.0,3.0
083d0611edc858b3d091e8837103cd8c3f6adda47664b979df4e492ce7a897895c713b61f2bc524b60a5a2976d8b9741c6ec685863ef0858964045795f2cb86f,CLEAR,"DARKNESS, LIGHTED ROAD",DRY,FAILING TO REDUCE SPEED TO AVOID CRASH,2.0,49.0,2.0,2.0
083d143c824cea536249dcff4e9a0b48dc582d17dfb857459e328158d1aa63004b0d23347ad3bec607f843a1b736c5d63bc0baccbb8bd47fb550b548fde4e8d6,CLEAR,DAYLIGHT,DRY,FAILING TO YIELD RIGHT-OF-WAY,2.0,40.0,3.0,3.0
083d1d01608588748a8eb6a9ba50926411357abc81e7cf502632159c694206cd11c954340149d4d7a9054ddfd2384a6e8c7af698059a81a5b44d254afa1cfe9d,RAIN,DAYLIGHT,WET,WEATHER,2.0,35.0,2.0,2.0
083d56700855e09cc82451d08483697db23737bfbea88cde727b876aa3d27896e53905c25a7b548fd71b344eb4e50cdbbb31d07540f50154f9a9e34e2ffb375d,CLEAR,DAYLIGHT,DRY,IMPROPER TURNING/NO SIGNAL,2.0,56.5,2.0,2.0
083d67b40543965a701eb6fd157471542329abd4e855d6d37f58515c685ee83b9d367f1739583d773f50d8d5647222ddcc7bd9fcdaf99a51e67a521f277bf563,CLEAR,DAYLIGHT,DRY,DRIVING ON WRONG SIDE/WRONG WAY,2.0,33.5,2.0,2.0
083d691e0190f010d6a7fafb66b53fe7d3d2f5cbe2f216a844e4710af38e7bd56986cff407d0b26812abd419331e4b28ea3a40db6d1d1f24afa120ef3ed708a7,CLEAR,DAYLIGHT,WET,FOLLOWING TOO CLOSELY,2.0,40.0,3.0,3.0
083d7b3f4ff9463748ac479b0b59becb35d04ada9a95b4ae563df417deece99897cf7d5795dc2a2ce35248b4577cf30fc7bba73eb446d946042dae68fc13b416,CLEAR,"DARKNESS, LIGHTED ROAD",DRY,FOLLOWING TOO CLOSELY,2.0,21.0,2.0,2.0
083da4894ffd88cbf42bde0bbd147920a273b1a833172d81babc3efb026dc11f6d23c53ff8e97d113979eddaa06a3ffe56027337a5631beccf9806dbcfbceaac,CLEAR,DAYLIGHT,DRY,IMPROPER OVERTAKING/PASSING,3.0,26.0,3.0,3.0
083daf9feae9d56a24d712ffef41440fc8fa889abb80af9b000dfdea8eb3435f5e376f109f771746bfc9f841947e8650717fb54ba666ac0166dc1a710737acf2,UNKNOWN,DAWN,WET,FAILING TO REDUCE SPEED TO AVOID CRASH,5.0,37.5,1.0,1.0
083de94b04b853291fca6721a3a984776d73f2054079de4e84475249a18cf3c1445e1cad8d360cf9586b9ff425a591022a12a6ba7eb1a412b3a39fa0abc186de,CLEAR,DAYLIGHT,DRY,FAILING TO REDUCE SPEED TO AVOID CRASH,4.0,26.0,1.0,1.0
083e01cea778a71c44bac20eba3530f2cd9c4815b30d237d9a1365dce08b689f27345eb85a41de44d5a6f73e1607c0d056cf1e3bf47c11e466635263ee803fa5,CLEAR,DAYLIGHT,DRY,IMPROPER OVERTAKING/PASSING,2.0,34.5,2.0,2.0
083e1b97db43a694222ff4da5f92232a44db6473a606019240c97441c44cd9660c79cefcc5be850bf12ac212b85998fea07d07a59721b2752eb313f1e6d25f2c,CLEAR,DAYLIGHT,DRY,FAILING TO YIELD RIGHT-OF-WAY,2.0,34.666666666666664,3.0,3.0
083e7a615f8aed81c8ae546b0904e09e611d5241c4a817cae101ab497611f8288fb7c25bf234ddc474b0f90da477c4fdc8d5b87117c510e507fa39c3154809f1,CLEAR,"DARKNESS, LIGHTED ROAD",DRY,IMPROPER LANE USAGE,2.0,21.666666666666668,3.0,3.0
083e8bd085ed9d313902449e4e9a98bf14c585d7e2577c8afb0fe4dc7d2a0a2a7a4d8d62426164f3bff7ac94a251dc80322b12131e108e2958f81c9a39db1ca8,CLEAR,DAYLIGHT,DRY,"EVASIVE ACTION DUE TO ANIMAL, OBJECT, NONMOTORIST",2.0,23.0,2.0,2.0
083e9d7798db326be112a785573c2fb797f5ee7e9a80d85dd5062019042dbe8a41dc2566f9f80159e5aa44829b7474a810072eaf7d644089fdc516b66ae0fe93,CLEAR,DAYLIGHT,DRY,FOLLOWING TOO CLOSELY,2.0,16.0,5.0,5.0
083e9f279434acce281fdc9e407ef1eb15417641d74bbc22dcf976a5761fc57d71343122207e9acf870f8188fd0026edcd122cccc42344aadd53f03a32a88ef7,CLEAR,DAYLIGHT,DRY,FAILING TO REDUCE SPEED TO AVOID CRASH,1.0,17.0,2.0,2.0
083e9f71125a64f20235a8645701c08e9b99fd2dcfe3c58bc70922837ecbd32d4afda927783c22b1a826423305649a91ad34577a4b485d4ec9a13242a24c98b2,CLEAR,DAYLIGHT,DRY,FAILING TO REDUCE SPEED TO AVOID CRASH,2.0,45.5,2.0,2.0
083ea6fff59084ebd77126c7ee77f4f56f46da2b86a85806157ee6b703d8c524edf13b629977074b23626e4039c90a5806774d8750bb146dfd3e13c3a9799552,CLEAR,DAYLIGHT,DRY,FAILING TO YIELD RIGHT-OF-WAY,2.0,28.0,2.0,2.0
083f028070ce239c64cc59683fcbc204982c5625671f1813b887b33aa43428612ae2a7fa2f51db3cfd016b79ca2087b5587f1575db33352f60db8afc552eb6b0,CLEAR,DAYLIGHT,DRY,FAILING TO REDUCE SPEED TO AVOID CRASH,2.0,59.5,2.0,2.0
083f174218fa82b00248df72fbf4467928b2a1cca24a939ff6fe0f47abc2f287bf7005d7eee89fbabee0d672e47b7fa02d086c629a2de610b307def5685ab19d,CLEAR,"DARKNESS, LIGHTED ROAD",DRY,FOLLOWING TOO CLOSELY,2.0,27.75,4.0,4.0
083f44549b5cacc1b769de65210a792b02b5bdfe82789d15a654be29929df73079e9bc7633f3c850fcec928cfff2c82aee492ccc607e742daeedbcb3ed66a836,CLEAR,DAYLIGHT,DRY,DRIVING SKILLS/KNOWLEDGE/EXPERIENCE,2.0,36.0,2.0,2.0
083f522e5d9bc5ad25de199e40a501fcca00cac5a262d95fa0d31b97b0ef8e77dd6662fadd995b3af31d9a090152ff3f44323bcd2930614bce52008b0a8a4094,CLEAR,"DARKNESS, LIGHTED ROAD",DRY,DRIVING ON WRONG SIDE/WRONG WAY,3.0,27.0,2.0,2.0
083f6841097b07c72239e438c3d6dd93e5c95a68f54029f9cded856b10e66c739f57528ce7eb96777ecef5aca6ddcb6799c4e12ad11c8c64d2abff048c1937ff,CLEAR,DAYLIGHT,DRY,DISREGARDING TRAFFIC SIGNALS,2.0,64.0,2.0,2.0
083f83bf32f59410be2c64b7def570106955e318c7115d0c5dace6fdcac907a8fe5855bdfcf3f5bd3dd74bc98ff293c85db59c43e7eabe9bf0f8891057a928c5,CLEAR,DAYLIGHT,DRY,FOLLOWING TOO CLOSELY,2.0,47.5,2.0,2.0
083f895d0c098fa5f03421e86730f878837b1db450f26151684aba56e550e8cc2c33691cf0742490041b48011d42313a5b362666f72dfe997b75e462e78b3800,FREEZING RAIN/DRIZZLE,DARKNESS,ICE,"OPERATING VEHICLE IN ERRATIC, RECKLESS, CARELESS, NEGLIGENT OR AGGRESSIVE MANNER",2.0,37.5,1.0,1.0
083f95c0afe95af13d77a71b9020775262fb96fa40054ec8f52cb54bf33722b87547f55165d0b08846f5c2254e0b0e601c7f39b134b3c71b1369db7aeb0010f3,CLEAR,"DARKNESS, LIGHTED ROAD",DRY,FAILING TO YIELD RIGHT-OF-WAY,2.0,22.4,5.0,5.0
083fa402e50890b028a9c808d435e9541d6777941bdfd4e702c0f7cd7ea5ac96031809d3be18cd89f2e8f165c1c40d7336fd1ae7e543d39aa1b564b3fe9e169d,CLEAR,DAYLIGHT,DRY,IMPROPER LANE USAGE,4.0,49.333333333333336,3.0,3.0
083faf17c0bc8f4c3e47f10c2587510917dfe9675c92dd38a8bdedfecf9879e16324359049606199da576bf65e689d1eadbf089b7aeccba09c986f57c67485ca,CLEAR,DAYLIGHT,DRY,IMPROPER OVERTAKING/PASSING,2.0,19.6,5.0,5.0
083fd0d6381b74093376206ef1b47aebcb84f8509ae587d53bba8b8b8e975f95238571b6c6e8a44f98a751b5381ca7fd86ad39c492fc2850abdc53b95e0fa0fc,CLEAR,"DARKNESS, LIGHTED ROAD",WET,DISREGARDING STOP SIGN,2.0,39.5,2.0,2.0
083fdb235138749e46aa857bb4ccb7f18589f3952248f257ccd485219362497373fb91ccc843435904cd45a4bb5dda0ff42744e955e02c7e23045376ac96b79d,CLEAR,"DARKNESS, LIGHTED ROAD",DRY,DISREGARDING TRAFFIC SIGNALS,2.0,33.0,4.0,4.0
083fde7cd8bf0c6065066abfc13f6c5fbf4e59f4a83263c4329b6a88c3dd897936c91da98e54fc6ac85c2edbf9967bbcbfd141e9eba0e1e9cf8a9dc2a8316600,CLEAR,DAYLIGHT,DRY,FAILING TO YIELD RIGHT-OF-WAY,2.0,44.5,2.0,2.0
083fe525d2802c8127eef2c179b57a17fe6d2213f383acd345cb3098de98cc845956f0d03991557a78eebc85bc5ba4f724a7cec6246090460dda98470f43ec55,RAIN,"DARKNESS, LIGHTED ROAD",WET,FAILING TO YIELD RIGHT-OF-WAY,2.0,28.5,2.0,2.0
083fe7913184224f8188bd6085fffcbeb2d49abf44e46d0b58f5bd58683847076a75ddeb67d10aefaf7dc4eb08e2b8904fa203ff8483557bd5daaae88dc71008,CLEAR,DAYLIGHT,DRY,FAILING TO REDUCE SPEED TO AVOID CRASH,3.0,61.0,3.0,3.0
083ff9086ecd52bfaf0b55b2af2ed1efdeebcb48d0b537787d02b784061bffb453e0680bea380f138baecb792c039aa8f7dc297c589569b0ff2782236d44a917,CLEAR,DAYLIGHT,DRY,EQUIPMENT - VEHICLE CONDITION,2.0,21.0,1.0,1.0
084047be1d9e9c4705838a6a5b700249bed048376f80ddfe2484d57e3e261a4e9106e663b708c5a83601db6448eb8e5b0d800ae57b8c1a3c71921d6a38eaff7f,CLEAR,DAYLIGHT,DRY,FAILING TO YIELD RIGHT-OF-WAY,2.0,62.0,2.0,2.0
08405dd0cfa62f507c9eed521776851a387e146eb44de2fde6f16e5967110f9cce1b8eee751dba9c6989a5144cf40882bd776c4ec2eff84327b3e4b41909629d,CLEAR,DAYLIGHT,DRY,FOLLOWING TOO CLOSELY,2.0,74.0,2.0,2.0
084062db255fb4f901fcda198ae80db917c8c108a58fc968188ff29d98e5cda7830618d517ecee98b3014e2e3b6b1adce4dda0194c81a557a1d1554f9bc7d2bd,CLEAR,DAYLIGHT,DRY,IMPROPER OVERTAKING/PASSING,2.0,37.0,2.0,2.0
08406ecfa5927e2235537b42c8b25922e04b1b19c305d842c5fa482a7ef577c7509c5b3f8986f4f132f5e906e9dab86cedf876dacc11cd68b73e2629bc2e2c63,CLEAR,DAYLIGHT,DRY,IMPROPER BACKING,2.0,60.0,2.0,2.0
0840a7a582b6edc8446c5d0afc0eedfc99c905158374dd23014201d93dcb1c2a4522211493ade7b1ba7025a9389d54585602267d17efb7875d969a823208aa9c,RAIN,DAWN,WET,DISREGARDING TRAFFIC SIGNALS,1.0,60.0,2.0,2.0
0840a87dd345eaca2fb5908e624856b7b919cf05ff65a37a94978e2e30c4e418d915e8a97d2ed59acfad0c9edc2a13f7f12155dfd44f4465c6e65ce9b7bf1ddf,CLEAR,DUSK,DRY,IMPROPER BACKING,2.0,26.0,2.0,2.0
0840b50445e8e79749afbc334e8c5e70463afe76a2e0601224d663ab5db0b16a88eacab29be272727e1b6926881ae5061c9949ce2d4d463b80fa91df8774f247,CLEAR,DAYLIGHT,DRY,DISTRACTION - FROM OUTSIDE VEHICLE,2.0,44.0,1.0,1.0
0840b92b00ca5dbfb45e99a288e84ae33adfb79850e3c420d94e06544a11911a0b60a3265c00fd70191774084d44399f04a45d354c20d5fa13a9d52cf74400f4,CLEAR,"DARKNESS, LIGHTED ROAD",DRY,DISTRACTION - FROM OUTSIDE VEHICLE,2.0,30.0,3.0,3.0
0840c21f495f59d1c1f463db1b745ee2f75e972600e72ad2d5b996efe23fc21ded4a18cf62946779948cbdac86f6a2346435fb37e023bb6d1c8661db027db157,CLEAR,DUSK,DRY,IMPROPER TURNING/NO SIGNAL,2.0,25.666666666666668,4.0,4.0
0840c9b9fc95b9d5f0c62ab1d203f3d88018b0e1440c15cb9886af037b4c7c9b2cfcacf3cca47f3ac6e369e7055d9ef99c696c904210f35ea1319e69926552a4,CLEAR,DAYLIGHT,DRY,IMPROPER BACKING,2.0,37.5,1.0,1.0
08411812c3acabf8c651e12a093d3e800c44baba8068d2e66d79d1d6a18ba9f1a639bbdb8079fe0daca696772c9518f45de75d67c7506b0ea43d67f2a9e17277,RAIN,DAYLIGHT,WET,FOLLOWING TOO CLOSELY,2.0,32.0,3.0,3.0
08416898d7a82b57692df03fef153ab3f77be080045f8edcbc1479a40403150b746ec79e741b82712adb7cee72d31d2fa057366267b06a1e55ef0c2f644c2456,CLEAR,"DARKNESS, LIGHTED ROAD",DRY,FAILING TO REDUCE SPEED TO AVOID CRASH,2.0,27.5,2.0,2.0
08418d8d530aaa55e095260b71357de5121ee3b70aa6f39a77c76c5769a7e415b05be9ae99d72c943b278168423d13ff0cd098317a11ebda98446794d7416a3e,CLEAR,DAYLIGHT,DRY,FOLLOWING TOO CLOSELY,2.0,41.5,2.0,2.0
084190eaa5c66aec92fb3fcc663e2e982864bf3cd83ae6621a5b69f0c1e06bad85e3a620c8acce9366be82d916598ca6cbd9a8dbad8b917704b7963a2bf4baa8,CLEAR,DAYLIGHT,DRY,DISREGARDING TRAFFIC SIGNALS,2.0,27.0,3.0,3.0
0841a97b34f04c3ad5eed4bcf44212b0b9bff3b7b072665f00005bd75117c151c55b6468d1aa9d6d391339e60a46970c4486ee5ecfbebf551b2c3c96126aca41,SNOW,DAYLIGHT,SNOW OR SLUSH,WEATHER,2.0,37.5,2.0,2.0
0841ab33881b7ab4d842d95524869f0f02bba96259bfd454de9e0ff1756728e7dcd80f33b020d7709c9222532fa52cdd91f88948a904f81c3e178b14ee75a514,CLEAR,DAYLIGHT,DRY,FOLLOWING TOO CLOSELY,2.0,67.0,2.0,2.0
0841bd633c80fe74c078def8efd18786b0ef77ec99760cd35a039b8d93b193809b2316a74a705624c7b72098a5199875da788c12341344f4b25652c15fe4b1bc,CLEAR,DAWN,DRY,"OPERATING VEHICLE IN ERRATIC, RECKLESS, CARELESS, NEGLIGENT OR AGGRESSIVE MANNER",2.0,49.0,2.0,2.0
0841cfe78ba030b5dcbd2000804f46a9d734bfba9b585fa91ee89c5fd9c0777a9c97a1d4c19bbf5c22cad406e8f03f337dba6f567aacfca428a21ca1b3f093d0,CLEAR,DAYLIGHT,DRY,DRIVING SKILLS/KNOWLEDGE/EXPERIENCE,2.0,30.666666666666668,3.0,3.0
0841f0bacd792b0937a43830d912c7a2d623217768e684d7e974ccc01259a73ebc3ab13cd52f5ffa08d2f3957cf3efb748dafd0868ee6fab7edbc4950dccd776,CLEAR,DARKNESS,DRY,FAILING TO YIELD RIGHT-OF-WAY,2.0,15.857142857142858,9.0,9.0
08420e064ec9e429b3da21954c35083b0f84bd39ad377c2ef88aaf42a77d2ef11f7d216cb41de12f415af1eca2b4c0d2387ca055cf6e7b7b438110534aa09ddc,CLEAR,DAYLIGHT,DRY,FOLLOWING TOO CLOSELY,2.0,27.333333333333332,3.0,3.0
084221243ee621555499ca27a658b37255328870894a1bbe8b8439d57ddaf41ee5a4542d1475308df0f5886b37ef615abc7ec9bb4a9f6d85626c66665a3976bd,CLEAR,DAYLIGHT,DRY,IMPROPER OVERTAKING/PASSING,2.0,20.0,2.0,2.0
0842394a4ee3417827c46422c18751ca522a79c993b3c8e96c8685cce46d80f023ce6a866adbf9b00c83f2832366446f47eb133fa25f3d660e2fb1e239be9923,CLEAR,UNKNOWN,UNKNOWN,FAILING TO YIELD RIGHT-OF-WAY,2.0,25.0,2.0,2.0
08423d1c6b677976b55e3b38211bf37ddeae63ab92e783f04fc33054749cccd6bb5593923b185b9eee2666af60d85c20b94c3f6f8302987bbcf5a93c4a425f9f,UNKNOWN,UNKNOWN,UNKNOWN,DISREGARDING STOP SIGN,2.0,23.0,3.0,3.0
08426e3b0f18fc387d214b36afb83f7c5d34081be4dbf8e5427fb1c90a5ec9796350bad9d3f1ad98caf91eab0312ca8c1956b4555e028dfacd98cb8f77744f56,CLEAR,DAYLIGHT,DRY,FAILING TO YIELD RIGHT-OF-WAY,2.0,44.5,2.0,2.0
0842a215f72d0d751a1a5cc1394577cef0a8d7f421766e7f06453049e491436a9f66b05dad1c60fb252f0c2435376ffa16f34fb1ac9b643b8ffd53e168e7e51e,CLOUDY/OVERCAST,DAYLIGHT,DRY,DRIVING SKILLS/KNOWLEDGE/EXPERIENCE,2.0,37.5,1.0,1.0
0842d5354cfaaab39650ff2ed4abb733c6a0569c980423c20d71d6a7fe8853432e8eb5447821bf27313800bb4f54529b159bdbb85fa82359b444bbb4d24a422d,CLEAR,DAYLIGHT,DRY,EQUIPMENT - VEHICLE CONDITION,2.0,62.0,2.0,2.0
0843233705e108d07a1bf155a0cdf5fc266699f7e7ec7633a9188d493f2629ce3191fa660ff5e95a097b2ef6623e13ebe7dbff948823b592ff9535547e63f3cc,CLEAR,DAYLIGHT,DRY,DISREGARDING OTHER TRAFFIC SIGNS,1.0,37.5,1.0,1.0
08433d7224508cf91c99bf9ae2c87074da21bc899aa04180a5ce9bee6eb005b0a2d1c2df79ce94aec19492032dddf3ddc2eba0ca501188084c39d41884689478,CLEAR,DAYLIGHT,DRY,IMPROPER TURNING/NO SIGNAL,2.0,52.5,2.0,2.0
08434321b5cabc86ac5199a5b92af1b8305dd92b3d9dfd2fa5c13a0cb51f2a556e9d5b8c5e2ff83b36d28a6a1354f0b9e797b51c8e8e0c7e45a18b20b3fe4822,CLEAR,"DARKNESS, LIGHTED ROAD",UNKNOWN,DRIVING SKILLS/KNOWLEDGE/EXPERIENCE,2.0,59.0,2.0,2.0
0843bc1885b61796bf120d91f82d61b035eb5aef5d6a60cceab97d21b0ab5a88b0fe690219a8489cfce9868614b33d1a8a4e65280ca35de0e58d833127693725,SNOW,DUSK,WET,FOLLOWING TOO CLOSELY,2.0,37.0,3.0,3.0
0843cf873699982b299c125519f7511a97bcef122351f1373220420672a3d25d9e045cafcbdf7e4ad979cf4b921f534b17656369d0cdf1049080db02262d8e54,CLEAR,DAYLIGHT,DRY,FOLLOWING TOO CLOSELY,2.0,32.5,5.0,5.0
0843d85b699f570b623c83f4a35720f954772a5e80facea2124a5bd76b6aff7256c43bbea383b11d1491561758c23c0a4b13019aca2ff7639da06c347dedc664,CLEAR,"DARKNESS, LIGHTED ROAD",DRY,IMPROPER TURNING/NO SIGNAL,2.0,28.5,3.0,3.0
0843db68431906281ee3e0457e29c6f475120c58ee26c8ae3e98621f0118b1bf9c487aff6814509522f57937d0e943089b5f3c3efc765d4d9957167c00e85303,CLEAR,DAYLIGHT,UNKNOWN,IMPROPER OVERTAKING/PASSING,2.0,35.5,2.0,2.0
084401470310b0fe85566a8e05c5a5097ef6b35fde619efb2a9ab17b1fcb399687d53a96eaf76ea8e4d3d59e4e183be25ebb5b80f485ce557f61da008936afda,CLEAR,"DARKNESS, LIGHTED ROAD",DRY,FAILING TO REDUCE SPEED TO AVOID CRASH,2.0,37.5,1.0,1.0
0844392621722d295f2ad378932642006062468f05081e4f45c33196bae9352449853e8f9a6d129cb5dc7109d159b24f056bae6414d176cfa4776934fe4fcb03,CLEAR,"DARKNESS, LIGHTED ROAD",DRY,"OPERATING VEHICLE IN ERRATIC, RECKLESS, CARELESS, NEGLIGENT OR AGGRESSIVE MANNER",5.0,21.0,1.0,1.0
08443c48d88912f12821137920222eb0a94fc73e128927953998e7372d68302b52a3b7f6f5f674fb5b11b6b29d938d579d19a4c64243ba570ccccec07922e8ac,CLEAR,DAYLIGHT,DRY,PHYSICAL CONDITION OF DRIVER,4.0,38.6,5.0,5.0
0844557a1b80687c9babf1467e061e0818601e456221d58e69ed436d1e1ce9bbae9d455d262708e39a0a41fcaaf0bc38535fbd43b4d2167f77db870c3828e667,CLEAR,DAYLIGHT,DRY,FAILING TO YIELD RIGHT-OF-WAY,2.0,25.0,3.0,3.0
0844616c377620bf071a8a064311746a562c7cd529fcc7fb4f52bf7a2c86ee84060e95adc06eef2ea55523e4a9c4e4bcb5f42770998e06b3d59c257fc76a0c8c,RAIN,DAYLIGHT,WET,"VISION OBSCURED (SIGNS, TREE LIMBS, BUILDINGS, ETC.)",2.0,39.5,2.0,2.0
0844917e8d3dec5d98e5f4e1edcff2ab590a75b608994c029d9d145bce38394391347d2420ccac2b0aab8811e740c2a8018454e68eb0b21f00149c593c03ed99,CLEAR,DUSK,DRY,FOLLOWING TOO CLOSELY,2.0,54.0,2.0,2.0
0844c9d90c8050257f40e361776689946890a4c171c6f8a997d7268ad7075942f15ae4d1149ef0532b2745eb5fa228d03d5e0cd45cb17ccb0f22430a185b797b,CLEAR,DAYLIGHT,DRY,FAILING TO REDUCE SPEED TO AVOID CRASH,2.0,50.0,2.0,2.0
0844e9b6d29abbc8dbf0d2b2157f974275c942cee709bb0692604372c6589fdbea166d8f5354f8db5da745c89896c3e93a46f731e474d2dbce5dedffb22ccc36,RAIN,DAYLIGHT,WET,WEATHER,2.0,41.0,8.0,8.0
084510310b18bb27dbcd1388e70d4573ba623faf509c15532cf71b12480dd780fda3ef53983d9321dedbc7cc3e7ebba37aeed81d7d6927c591d2da9eb7fc306d,CLEAR,"DARKNESS, LIGHTED ROAD",DRY,IMPROPER OVERTAKING/PASSING,2.0,59.0,2.0,2.0
084530ec85e2b0642d607d53f6906bf5e772c550dc1ba35d04b7d26fe0756a57b96b4915172a3510bc638ea6b90be8091708abb03316929eda6be6c8ae0a82b7,CLEAR,DAYLIGHT,DRY,FOLLOWING TOO CLOSELY,2.0,49.0,2.0,2.0
08458d84db9a3f1a25cc025e3a23ff55b319e4e94f8a2c5c1ba597bb81876f24421747a58ac4cfd09861d96881ea823242029249b23513a0eab8755456de688c,CLEAR,DAYLIGHT,DRY,IMPROPER BACKING,2.0,30.5,5.0,5.0
0845a621ae6776278beb379720cb987b20e755c01551433ed7fd5b7538f86f07753518f12da3d1d7142ea3a5fa837909e68e29b0b8c7f6172474c221606d7fc2,SNOW,DAYLIGHT,WET,IMPROPER LANE USAGE,2.0,51.0,2.0,2.0
0845af15e0ebab9cb0536754cee91ad38e3283666b438d81979979aea1ccd3284aff4e0f78abb2541046a5a2ba0bf9fc467e423e63b6f8943a839e8021a0497c,RAIN,DAYLIGHT,WET,IMPROPER BACKING,2.0,41.0,1.0,1.0
0845b0e8eb53110cb72f8f860c2461350c0dfe73f239090f8dc81d544bddccbe903484a41f6666b4c82027cbf9eae01c7f00f780c553fecb6673f96ad33a0a4c,CLEAR,DAYLIGHT,DRY,FAILING TO YIELD RIGHT-OF-WAY,3.0,68.0,3.0,3.0
0845d49e2c43a2d013ecf7495d2a0c97285c8469148dd99d331347aca4879108f0c36273ed0a800dcac40c0f4c2579e56a6dc9658daab0e1489e82a705774af3,CLEAR,DAYLIGHT,DRY,FAILING TO YIELD RIGHT-OF-WAY,2.0,28.0,2.0,2.0
08461b02f0e853f6c3c415918c279d802aeacf134476608b7fc63e7c11475c80b6bbfc6785d1396d768c0f8ec0cdbc480b54ddee1b13bbdbb770ce0221558b0b,CLEAR,DAYLIGHT,ICE,WEATHER,2.0,40.0,2.0,2.0