crash_record_id,weather_condition,lighting_condition,roadway_surface_cond,prim_contributory_cause,total_vehicles,avg_driver_age,total_people,total_injured
084655d17e9c0677aafb090de006f2b213b2702dccb7f1ce3c3061d31bd16fbb9470c7555a1ae9adafd7e7e6e43bfe3c4a43fa94c4e47787c3f77dc132603076,UNKNOWN,DAYLIGHT,UNKNOWN,FOLLOWING TOO CLOSELY,2.0,33.0,2.0,2.0
084691224fc89c0cc1da2e21f9534e91901a0df21a0a52019724f381456ef00caaf97f3ec86e8da862d99f85e0965dd0555a2e12112583580d11b6f8fad2202f,CLEAR,DAYLIGHT,DRY,DISREGARDING ROAD MARKINGS,2.0,44.0,2.0,2.0
0846981b48a96e2a074b90c54af0a1710acfa1b2810ec3eb0eaf8182ebb29368674e736193c75edfb35518929129ebdce144ab03ec8306c4bc13d53a1aa5432d,CLEAR,"DARKNESS, LIGHTED ROAD",DRY,FAILING TO YIELD RIGHT-OF-WAY,1.0,26.0,1.0,1.0
0846bbf776c3a39afbd56d88918f3983e47eeacaa8da98ff74e7daf532cb46ea68383a1b665480a6c76d444e1e3f82c2acd16daaf5a698329edc54aaf00e342d,RAIN,DAYLIGHT,WET,FAILING TO YIELD RIGHT-OF-WAY,2.0,31.0,3.0,3.0
0846bca8c84215206ef3b5ddd3333a2381c3b232a4e8613276df2f94b6bd9fa137dff8cc9b4eebd26821455eedaffe993058a5160f263d915493af7c4605eb7f,CLEAR,DAYLIGHT,DRY,IMPROPER TURNING/NO SIGNAL,2.0,32.0,2.0,2.0
0846beae2edf40d75bcf64b11d28160b078f1305e320a853c13828c4f5cd40195422669e1c94f77d5aee74f21a79ba4662ec100e1a7ddfddd1ea935b874ecadc,CLEAR,DAYLIGHT,DRY,IMPROPER OVERTAKING/PASSING,2.0,19.0,2.0,2.0
0846c8ae8c56d7ea03d65e2c60e4bfaef186a1a1f480c5c4e1d3dfe2e4f9d8aad49a664eeb8f7e123096a8422f7af582fc3637f0aa323533d101849c15db2904,CLEAR,DAYLIGHT,DRY,FAILING TO REDUCE SPEED TO AVOID CRASH,2.0,16.166666666666668,6.0,6.0
0846e9fcb71e72ec3bb78f2716f4642f0d2e9a046e64de8147832d1696c2b39753b52ae8a1551453ad0659fbee2973a242f00b3f748218a79f5b767ba10b3ea9,CLEAR,DAYLIGHT,DRY,DRIVING SKILLS/KNOWLEDGE/EXPERIENCE,2.0,42.5,3.0,3.0
084710f6acf36a5aef3b9c11c62b3a40468c8efc0930b2679f5702cb47530ce001391e4727f624a9d79c33f1fce4ebb601d626ad80993edf60f63cc63c6b4455,RAIN,DAYLIGHT,WET,DISREGARDING TRAFFIC SIGNALS,2.0,47.0,3.0,3.0
08471573a13994785c601f28101587d265e4d2bf519c06df88015fec7791ef25165bcda86300e31ca20e06e0e400ad74e4be64389b5e430be5c9bd98671b479b,CLEAR,DAYLIGHT,DRY,FOLLOWING TOO CLOSELY,3.0,35.0,7.0,7.0
0847251ad2aa6ba41c73d56e646e27cf12a836b38d842bdc33370d6e3379fc59885c51b2478f023e933986c6c183aaf90d6e5bd950c279199bf2310eaa04352e,UNKNOWN,DUSK,DRY,FAILING TO REDUCE SPEED TO AVOID CRASH,2.0,35.0,1.0,1.0
084740fec3914d23fc9cd89a02b627ffdb10294c56bd9133d8c0eabc7cae1ff809ed3dd73bcbcbc1c68ca0c9e225900f20a2a063ac6cbf67eceda7e94ede8eea,CLEAR,DAYLIGHT,DRY,IMPROPER BACKING,2.0,72.0,3.0,3.0
084778037883d573c393e352641fd552ea2d94bf40af0cc8eea93a67b5e773e477a94e5fa6376f6875d2dabd8f6c1add5103f2e099d9fd8d5e939714b61757f0,CLEAR,DAYLIGHT,DRY,IMPROPER BACKING,2.0,37.5,1.0,1.0
0847822022547eeefc6568204bee39a15a4705f2a6694e07eb119c82e0614e8f8f15807725112de41b2280a88068d0dbe56df64d4bdc6a77da7c4843dbef3d9f,CLEAR,"DARKNESS, LIGHTED ROAD",DRY,FOLLOWING TOO CLOSELY,2.0,21.0,3.0,3.0
08478d6a86e56588c9518b4d77b2f73e1cbe47ebf20be6b594cda3acc26a49a442d635ee0c4aa8f5f79b4e8a8469f4b3beb4149275b1208298a5cdb7ce2d2516,SNOW,DAYLIGHT,UNKNOWN,IMPROPER BACKING,2.0,37.5,1.0,1.0
0847aac1b614c65f9d3f7a034e74a2b8d7ccedcb77f4504b5a0ff90a369fb7afd964555734e7b9b8307454fa44ff61285c9abdcc2c02026249378fc62333d332,CLEAR,DAYLIGHT,DRY,IMPROPER OVERTAKING/PASSING,2.0,51.0,2.0,2.0
0847c79a34ff35a968db2778ddcc5f27cb178299e82bacf51ce1ba833b22dc9e557f679399fd3c47fe6a4cb5f569fb9b51aaf9c2e86d04e20bbf280fa0ac366a,CLEAR,DAYLIGHT,DRY,FAILING TO YIELD RIGHT-OF-WAY,2.0,51.0,2.0,2.0
0847d420efb128459bb5a29a07ab4e98215d0fe4538c19f4a0fb46238b1ce532da75aee60cf568cd7537b66a86fdbdaaf5f650b9bb5af5502388e3e6f6df049c,CLEAR,DAYLIGHT,DRY,FAILING TO YIELD RIGHT-OF-WAY,2.0,29.0,2.0,2.0
0847de94533b5822b2bba8802b7d728004fad5eb6de9face9d8c726508f613f295a26fd1605cc9e656abdc605fc1f673e73bd211ed3d93a399a0ad5080efc2b6,RAIN,DAYLIGHT,WET,FAILING TO YIELD RIGHT-OF-WAY,2.0,27.2,5.0,5.0
0847e41bda792b368dd9209a6602c1a6df652c763317b131a854a49cc6205a76c64f9048d3fe3a127a9f92b898b33ce6bffcf646c7288f530d4a9704aa6081a6,CLEAR,"DARKNESS, LIGHTED ROAD",DRY,FAILING TO REDUCE SPEED TO AVOID CRASH,1.0,37.5,1.0,1.0
0847ed0790fc213f299ccc2ec585f45a1f6cf4ce84913d0d4b42757003f163b401f661e4000d7ddd50b93e27983aab6c237b9df51a7dcc110f99c998fe90f196,CLEAR,DAYLIGHT,DRY,DISREGARDING STOP SIGN,2.0,56.666666666666664,3.0,3.0
08481778f96e0bbbde99bdcdd14d59d0cb7de91b83e5f1c96e8131e52ece2260981c5189ba5464df59c3daa6e97c7553b53ae0605561732ecfc08de347cf4fdc,CLEAR,DAYLIGHT,DRY,IMPROPER LANE USAGE,1.0,30.0,2.0,2.0
08483ecc759c546252d32d39806e2de23c8625bd17ad5681f0f2ed8db97073e864671b0808523a7c40f3189bcdb218b62ee2e1df75ba8847e7215aeabe356e2c,CLEAR,DAYLIGHT,DRY,IMPROPER TURNING/NO SIGNAL,2.0,48.5,2.0,2.0
084861b1661f5346b4bc34a53f76b19afc6800456070ccaf4afe2bdf25d8aa38c3c2a507291ab189eb49a39337b9d0011997bd0f854af42209ef9642c8ff8ab2,CLOUDY/OVERCAST,DAYLIGHT,WET,IMPROPER OVERTAKING/PASSING,2.0,30.0,2.0,2.0
0849380f381d49297fadf03c0f890a38d81a23a773c9a9d284920ced965c53abf66551c435a582c05085c471c8481eae829ada233b600fdaee7e0841a071a7b7,CLEAR,"DARKNESS, LIGHTED ROAD",DRY,DISREGARDING TRAFFIC SIGNALS,2.0,38.0,2.0,2.0
08495970fbbfd24e909a3a94e8111da42d3e38605a52a3f862f5a7133c2c32377e4e1e1dfde46623ba27c330f67cf7eedab7767858dc47609da7589b02481ae8,CLEAR,"DARKNESS, LIGHTED ROAD",DRY,FOLLOWING TOO CLOSELY,2.0,28.0,2.0,2.0
08496e637fe5e8b2a21a0b3a4484492cff2c689dd770f4f255a81a35dd07bbabfc809e62533452fecff443b465fb8caadddfae3a1f55d9a1fd2caeabe4b3a8ef,CLEAR,DAYLIGHT,WET,WEATHER,3.0,25.5,2.0,2.0
0849c0303e9657c1b1fd0b344af4ac98c0c23311058add33c4cb42d54639f7b6223fabf0e726c13af296d32390c2838c25d6d1cac2ee43b66a3313d4c478f4db,CLOUDY/OVERCAST,DAYLIGHT,DRY,EQUIPMENT - VEHICLE CONDITION,2.0,51.666666666666664,3.0,3.0
0849c6a89c32fb1a6b953b89d8eff89356e79a82db2016074b9c6c04d1adb548b694e1acf593c027482f68d285536bd17874450e94e44d16e633b43fc3e2e0c6,CLEAR,"DARKNESS, LIGHTED ROAD",WET,EQUIPMENT - VEHICLE CONDITION,1.0,0.0,1.0,1.0
0849ce715480d869ba4a214da20bc4d8e7504976cb86dde0c298c48a83a25f69ae7dc082c6c5fe684a657cf83369bf7bdbab8688314ae3e24de3bf5482d43270,CLEAR,DAYLIGHT,DRY,DISTRACTION - FROM INSIDE VEHICLE,2.0,20.75,5.0,5.0
0849d1745a81ebeacfcdf3e26dab2e00601a0aaef0e3b82f08aec0688666ad58a56d0248858381da9040b00be46f7e1ae23b317574bc4e5921b8d4487c60d86c,CLEAR,"DARKNESS, LIGHTED ROAD",DRY,"EVASIVE ACTION DUE TO ANIMAL, OBJECT, NONMOTORIST",3.0,28.0,1.0,1.0
0849d9d949e84313fe9e19fb5db6d762a1b239c12fdb12afea8cfa15d785db7884b650204b4f2e3e7a2dfe2da61fe6e31b0a6d318b11f4e24cf5d793041a3860,CLEAR,DAYLIGHT,DRY,FAILING TO YIELD RIGHT-OF-WAY,1.0,68.5,2.0,2.0
0849e9339e56e881122925ed1c87ed6307be1c736dd10d9fe3c7eb6730d82b8cab588916d43a990b56cea6e7116e83db97b9d6633b029a21682ec3a0a83cdd21,CLEAR,DARKNESS,DRY,FAILING TO YIELD RIGHT-OF-WAY,2.0,34.666666666666664,3.0,3.0
084a3daa23a7c77cd2de9e0edab95c9bb0f0a4f246b73cc4c7d6d25f13792f4f0c5750d4c5438319e8f1891f1c41f46c1e3581735efa1a47c4ea3a465f81f37e,CLEAR,DAYLIGHT,DRY,IMPROPER BACKING,2.0,60.0,2.0,2.0
084a6532da80bc653ab31fe1d7ad3163bdabdde9d7bfc2c8ae678dad0595a3f9e31eb2bbb9485d2edefc21b4addff7be61afe02e8a30300bf4bbd6d48728d37b,CLEAR,DAYLIGHT,DRY,FOLLOWING TOO CLOSELY,2.0,49.0,2.0,2.0
084a832645afe5d2c87d985d781e1f9ed9953b816b2c639b59a54a3f5dd07396f2c240e53f0531e1a8d6e8363bc87b01bcd8d418dcd67e08a6d2255c6291199c,CLEAR,DAYLIGHT,DRY,IMPROPER TURNING/NO SIGNAL,2.0,54.666666666666664,3.0,3.0
084a852ec36c6886d94de7a937ae78b7bf777d9f15511830ffd2e4c5f4e322898c1310f69aacf846eb2094a52041c2075de5ee6f44ce060da2ff322d3f090af0,CLEAR,DAYLIGHT,DRY,IMPROPER OVERTAKING/PASSING,2.0,48.333333333333336,3.0,3.0
084acf68a285f4a6f651f6589bfbb4a618a45b498354b49089f360ec8cadf135bf1af1b7ffa2f67e2e5f66fb2262098be426cbbde58f981aa4df70803fb7199c,CLEAR,DAYLIGHT,DRY,IMPROPER OVERTAKING/PASSING,2.0,28.5,2.0,2.0
084ad356ec478f21ee3c58ec16ce243f2038aa2d94e3302afcea9c1f3156f60a061fa6e4413680720571bb1fc48022436fac36549c87c9a493c98689400f5726,CLEAR,DAYLIGHT,DRY,FAILING TO YIELD RIGHT-OF-WAY,2.0,36.0,2.0,2.0
084b0bbad063f7876d1e5f585427e52c1ee8de66224c5e0d07cf223d70f6cf9549b3a8c38cd8179acd8ecd95433d26b4c52c012bbca7f9ef193af62883129d13,SNOW,DARKNESS,WET,DRIVING SKILLS/KNOWLEDGE/EXPERIENCE,1.0,36.0,1.0,1.0
084b1f135dbcd408e25b03f98a9c79eee0afe522f747deda4e98b637cf5cf5dc345ad170b438311480cc917df7d058294fc4c0a6d40b643e022d10c759cf01df,CLEAR,DAYLIGHT,DRY,FOLLOWING TOO CLOSELY,2.0,40.0,2.0,2.0
084b342e1051ee044554afd902ab5fb895f0039b26fddd5a7fb2cec89c566e9c6d3144d9e9edc84e86e2df7bdf13d02f6911ec115d549f0842c8187458d844ae,CLEAR,DAYLIGHT,DRY,IMPROPER BACKING,2.0,56.0,1.0,1.0
084b3c498b8b7f2c0084c72021fe617531054507bc488681e1352f8106db4e78be460419ad837aeec0a82aeeea761b35083165a7f990506f0bc08f0713375c6d,CLEAR,DAYLIGHT,DRY,IMPROPER OVERTAKING/PASSING,2.0,52.5,2.0,2.0
084b40fff94994482d902d6a805d1c06364b9ece38eb1c8995a755e614035c708963098dcb1ba742b83bacaac9c85f36b281471cfdcf72d1fb5f0198c71cf158,CLEAR,DAYLIGHT,UNKNOWN,IMPROPER OVERTAKING/PASSING,2.0,9.666666666666666,4.0,4.0
084bb1252eac051c754f67a16cfbb46abaf0376a567685f581ff357e562f71a2c24b9d5462eaaf2a2800c0f9068ede65008f33c4fda3772415c29a17f4382184,CLEAR,DAYLIGHT,DRY,IMPROPER BACKING,2.0,52.5,2.0,2.0
084bde66ae02ecbcb34c86942f33ee642a63607698de2a56e89628910bdf51927fed69fadd3a4167d3dae137b86f34a45a91cd996b69ac9a32e655bb7e51fdd6,RAIN,DAYLIGHT,WET,FAILING TO YIELD RIGHT-OF-WAY,2.0,52.333333333333336,3.0,3.0
084bf2e3e8feab8b7053944fe5d702217f30ebda1d1333f9889c5cbb2e882f72d99afa237f7a6f31fa26537048040a8244d69c0ee20f5ff6d3c1daeb38ac17ee,RAIN,DAYLIGHT,DRY,FOLLOWING TOO CLOSELY,2.0,51.5,2.0,2.0
084bfe998c1f3d2a57d1af614b12c5f8e19c3396c15d0cba5591b180a242ae16aaafa742e4f05a0d925c6248b77072cdf4dba592848a8dfa79ee68155ddb1ba2,CLEAR,DAYLIGHT,DRY,FOLLOWING TOO CLOSELY,2.0,26.0,2.0,2.0
084c06724d684be8d92ff6b16ba007c48a9bfa304a01a25823f4713099ccf6e25c4b738988e69644e58a81cbf605d95bee2a3524c2655dff8c1a6ff1793d8874,CLEAR,"DARKNESS, LIGHTED ROAD",DRY,FAILING TO YIELD RIGHT-OF-WAY,2.0,37.5,2.0,2.0
084c84223e1756752d645ea298d4d0b0c800fc347ed110060f7b7a279fce9e45bff24ca6582e17d59baf3246a9fef56e9c8c355edd2081bb6beae49ce6f4a562,RAIN,DAYLIGHT,WET,IMPROPER LANE USAGE,2.0,26.0,2.0,2.0
084c89261acb451287682974c94ee464a9d3251ca0f83f505beff61f56978a1df3c153ca869bb7709adc1aae624743c80cba4a665102d623730237b688195445,CLEAR,DUSK,DRY,FAILING TO YIELD RIGHT-OF-WAY,5.0,31.2,5.0,5.0
084c8a857e556767c730b4834a57e4c3ca6c7b23474d028252969a5de3d999e12305d960f9c74fab079968378b2225d8e3b7054cad991197fa755b13b01ff33f,CLEAR,DAYLIGHT,DRY,DRIVING SKILLS/KNOWLEDGE/EXPERIENCE,2.0,37.5,1.0,1.0
084c8b919654fe559fef3a801bd1a45711f85549830ea01edcd9fe3ccb6872475fbbf18d9104216c5864f94f065bde25c66f283c454331e5d7c57399a1cf6c0c,CLEAR,DAYLIGHT,DRY,IMPROPER OVERTAKING/PASSING,2.0,18.0,1.0,1.0
084cabda2b715476646b4ca020e11c869798e757107bc3895b176536104d8a792843a1dffc6d925389422702ec88f0042278042963e966269e3d5c627fea967d,CLEAR,DARKNESS,UNKNOWN,IMPROPER OVERTAKING/PASSING,3.0,31.0,3.0,3.0
084cb5d41410a49a4e0b09d69a5fb10a061551425967f8ae38024e803cd8b203602301299d09a2d7894396f837c4de9ae0ab17c59273e2363bbadb08873f08b9,CLEAR,DAYLIGHT,DRY,DISREGARDING OTHER TRAFFIC SIGNS,2.0,35.0,2.0,2.0
084cb781fdfd63a5e866dd014854dd902cb75befb3eb9e75e107378bc1927eee4010f7985eb1553b588b7a5d0cf82ee09d8d79514d80ccb0fc34565853e5be01,CLEAR,DAYLIGHT,DRY,IMPROPER OVERTAKING/PASSING,2.0,37.5,1.0,1.0
084cb8d94d0388ba38cc9f6c480d380854637d7446b98f0377d20c91bfab836ec7beb77eb5b9d4338b794c418fa28092c42c96d89e8e96bf094fc894389b02b7,CLEAR,DAYLIGHT,WET,FOLLOWING TOO CLOSELY,2.0,44.25,4.0,4.0
084d06177d36a5ba696402f80bf2110ed363aafe1bb473205a86e935d2b3d330becf76d508a1abf9ab468e8f8b7958a1b0ba80f19378d3f36f16b881255b7512,CLEAR,DAYLIGHT,DRY,DRIVING SKILLS/KNOWLEDGE/EXPERIENCE,2.0,47.0,1.0,1.0
084d322b4ef276fa91191b01d11d80a7a4debf89b5a62cc661f77fed8a41201e934f8cb6b56d914b6de3e90145300cf683823d22a4040c055d1eb3bc9a0bb51d,CLEAR,DAYLIGHT,DRY,FAILING TO YIELD RIGHT-OF-WAY,2.0,28.5,3.0,3.0
084d661d955f570c5ec0b01a2f3e613f715df4acc7c3db988269bbda425f3de032921b1825fed122a4f524cca4bb2e6db1b2e7e81a7c7261954a306a8bd26a0e,CLEAR,DAYLIGHT,DRY,FAILING TO YIELD RIGHT-OF-WAY,2.0,29.0,2.0,2.0
084d6e469f67ef3004db0ad187c653c3f80f9e5beb315ccdff3e933c945034efc21a40b7b7a4feb427ae238c89092f769b7da4daabb517b4332b6096674afd3c,CLEAR,"DARKNESS, LIGHTED ROAD",DRY,IMPROPER TURNING/NO SIGNAL,2.0,40.0,2.0,2.0
084de07ef8ff679a57536ee9dd27571dfe6ee9dc138993401855c033e463668bbcac284d19522d110b43f6ad1cdd07ca21b5293e00e3ecbff4c610cb4ea698c4,RAIN,DAYLIGHT,WET,FAILING TO YIELD RIGHT-OF-WAY,2.0,38.333333333333336,3.0,3.0
084dfc1009efcb647aea42301ad1889835800f0fcf55f28a22c26b93ee952e7dd1f00b01d460328eb3c80391f85e0ac55024fb2e746fb9e25a054e9f3e2ad446,CLEAR,DAYLIGHT,DRY,IMPROPER OVERTAKING/PASSING,2.0,53.0,2.0,2.0
084e1d423352ab1a89e236c9946e4daa18d2623c869d6fcb2231ac7aa63071110790b6a38ec2a3b5376c473e9ec593bd812b98e6ef437370e374eac4cf64e1b3,RAIN,DAYLIGHT,WET,FOLLOWING TOO CLOSELY,2.0,38.0,2.0,2.0
084e4600e91f00cf0e82104c5c4424dba19fdbfb48d77b112a5080280908901d499b0f04d538914354437de8949ef47a9414f767f5987e7806b5ec627c12577b,CLEAR,DAYLIGHT,UNKNOWN,FAILING TO YIELD RIGHT-OF-WAY,2.0,41.0,2.0,2.0
084e46cf375dad52d3bf24cc2bc020636732bfb24d7de7dcb0f1cde2ae5878167ac0a7c6a24f8b5384c0a7d092f1667abfbd9221e3f1173399cf0000953ae6ba,UNKNOWN,DAYLIGHT,UNKNOWN,FOLLOWING TOO CLOSELY,2.0,37.5,2.0,2.0
084e55d95e38d744e290110f3a0ad19ed8f1011a779591f88ce515f3192538de0dc767087ceb2c963c4b135c76d795d5d137df407950399b6312c8b5fc8ea014,CLEAR,DAYLIGHT,DRY,DISTRACTION - FROM OUTSIDE VEHICLE,2.0,43.0,2.0,2.0
084e8eaee54c187abb82d3ab14510dd978fc3b102690213b7eacb5cc442214e29cfaafb5a492a1c776d4de69a7211096769b5586da641a0a300b4df810a1b20c,CLEAR,DAYLIGHT,DRY,"OPERATING VEHICLE IN ERRATIC, RECKLESS, CARELESS, NEGLIGENT OR AGGRESSIVE MANNER",2.0,38.0,2.0,2.0
084ee21489f7aadee1b51032c71a82df456445edf9c6b6b39d7107efddf0c54dc76d3380206cd7199949189169a62d5137b2f447063e325425561f40620397e7,CLEAR,DAYLIGHT,DRY,FAILING TO REDUCE SPEED TO AVOID CRASH,3.0,30.0,3.0,3.0
084ef2d78a48fb2372e98e148d64c4e7a384613b90ed90ed04895cc6b5f14466aa15ba02d8eda2ae02c3dbad0bdebfbe646885be0772978a85c9a1278ddb977a,CLEAR,DAYLIGHT,DRY,IMPROPER OVERTAKING/PASSING,2.0,40.0,2.0,2.0
084f1f6f8193b2a818b2576e921648d1ee49fcb766a84a537c903ea8e4ef0ac31339cddec67de05f7212bfb87324c6ed0aefb9003212f2e75a93ec5e2d894848,CLEAR,DAYLIGHT,DRY,EQUIPMENT - VEHICLE CONDITION,2.0,45.0,1.0,1.0
084f2936583c98d98299868d02919445d0f5ff5b61bb8863d683ef91267a6b4ed1424eca2e6b2050d00db2bfbb16bbe6143352050bd71737b9dd8ba25eae23cb,CLEAR,DAYLIGHT,DRY,FAILING TO YIELD RIGHT-OF-WAY,2.0,16.8,5.0,5.0
084f3a5e1c1e1de83203c52664fa1a155d6e45a45c67918b5a6d972db4b41126c70331b772fe3a3e2d9a2c9ec2297dea3645dfe8fd2af7e8b578a1f735e53647,CLEAR,DAYLIGHT,DRY,FAILING TO YIELD RIGHT-OF-WAY,2.0,40.0,2.0,2.0
084f44e270cf6499c619b463b89c95af5416f58c5930f165e25fc8d787be834f848869b73d089ba62b0ba2e8b60f1dac75faa32721199e22976d1fcff4992742,CLEAR,DAYLIGHT,DRY,FAILING TO YIELD RIGHT-OF-WAY,2.0,35.0,4.0,4.0
084f4769a038b616fe47b635cdd6c823167967fdc4e9f61e3668dd03e8bfd86fa395024ad9530a19bbbfe33cf1cad2528ddd62b06bd8c9d4b87a1e7b4b4b27e1,CLOUDY/OVERCAST,DAYLIGHT,DRY,DISREGARDING TRAFFIC SIGNALS,2.0,41.5,2.0,2.0
084f4aaa0eae76a20b727fd4d8c094457f5bbb6eacd5db816f84e7d2944eb6178e7ee821c753a55f5c3fb5ee9dace26de8986f0d1d804d4a81b1410de11b7680,RAIN,"DARKNESS, LIGHTED ROAD",WET,FAILING TO YIELD RIGHT-OF-WAY,2.0,54.5,2.0,2.0
084f6a7c3d12e5c53c172a42fc59510b60ac61907ef7309961454a134df0806ac8235f726bd2128651ef1627e4460b6ae2c6b0973f95a92847404328d730cff1,CLEAR,DARKNESS,DRY,FAILING TO REDUCE SPEED TO AVOID CRASH,2.0,49.0,2.0,2.0
084f876bd72d086c4497e1a0666e4ead0b311a47db1b3b197998330b84d6fe5ed02e3449e4098cec25dfafd647e4ce4cd61634f7bca56c9ce15cc8bcb9e5d74f,CLEAR,DAYLIGHT,DRY,IMPROPER OVERTAKING/PASSING,2.0,37.5,2.0,2.0
084f94292dbdf326df7b1db732b867708624cf885303951eda737e9bd286da37c0fb1b4a2968e5f34245d6ddb7a300b58a44b2b6d3a7629d99cd6b65b3266a30,CLEAR,DAYLIGHT,UNKNOWN,DRIVING SKILLS/KNOWLEDGE/EXPERIENCE,1.0,29.0,3.0,3.0
084fa88d8aa91f96efd678930f77e43962aea45033fe9980bbe56f513983452016c89167911f2fe1de5f9d0cb3291f29d89db91dfdeb6886677de4f425b6cf07,CLEAR,DAYLIGHT,DRY,FAILING TO YIELD RIGHT-OF-WAY,2.0,42.0,5.0,5.0
084fca2025abc00d8d89f5edd81d29e70bdaf077ef3081916f5bbc894004fa9a2a815b11a7218a2dd6ea1d11ffdab6c9f7aba9a4a9e8c915707bf2a510ab9e6b,CLEAR,DAYLIGHT,DRY,FOLLOWING TOO CLOSELY,2.0,37.5,1.0,1.0
084fdede649f921c4cf6ae7eac9282f57599e1b08eaa34f758d0281ccb0628e1973d4f8e036621d2103a5361fce04d619afb8424d4eed0ffcb74d9d51a6643ba,CLEAR,"DARKNESS, LIGHTED ROAD",DRY,IMPROPER OVERTAKING/PASSING,2.0,55.0,2.0,2.0
084ff87707f408ddb231046d7d622193f5d40cf13ce81553d2e67fa0623f04dad2848d1dfe21bae728e99bd7e0e386887952b5562f4b2a5f08f4f068f6aa89ff,CLEAR,DAYLIGHT,DRY,FOLLOWING TOO CLOSELY,2.0,31.5,2.0,2.0
08504dc52b19f0618df6dbf45f064d3d29f18510a91d7afc156aabfef402f068d4cd5d4b0ca3417fa4914cf700bbe814c91dc33f849a16491492a7f835548351,CLEAR,DAYLIGHT,DRY,IMPROPER OVERTAKING/PASSING,2.0,37.5,2.0,2.0
08507098496e582455384da0335a37ded7a05cea38fb8d88a6c88cd56ee05fa21d615c347265584b01526a924397c9e858670b51e83bcd5bf441a898b587956c,CLEAR,DAYLIGHT,DRY,EXCEEDING AUTHORIZED SPEED LIMIT,1.0,39.0,1.0,1.0
08507ec4b9c26bd784716bed916252ad72242b3e3988cc16571e7c7947cf873c51b97717bf2c4955dc4da24d9f26c09038ea8f1e0d6b2c2fe6eb6b10821fc68f,CLEAR,DAYLIGHT,DRY,FOLLOWING TOO CLOSELY,2.0,36.0,2.0,2.0
0850a72ee37a385cd6cd2b06ba35470cf946778c2cffbd1b146547ef24b51ea179273397237ffbdc7b29695bcb07cf47fe34e825dcd462faabeba1b6f39850ea,CLEAR,DAYLIGHT,SNOW OR SLUSH,DRIVING SKILLS/KNOWLEDGE/EXPERIENCE,1.0,78.0,1.0,1.0
0850b4aa5705e843f4d7f067269192b9a6154ebb2248e9e56c684b986601a0c890da9a9fb809981711e83463fcb217002824723a894e262b3c3b7d2f66ee159f,CLEAR,DAYLIGHT,DRY,IMPROPER TURNING/NO SIGNAL,2.0,38.0,2.0,2.0
0850c35b755f86f556714d27e4b8b578bc7ade609bade4bba0101faee63b923c2fa82c2ab2e27453202a9385182458fd179059d247e522f032f88dc2eb689956,RAIN,"DARKNESS, LIGHTED ROAD",WET,WEATHER,1.0,32.0,1.0,1.0
0850c738547963f6c256c13227dab31a9bbcb5493e41c859c6f9cf0fa8a2409809f9d783698fc958ab768b62c764bf8f86ad766266dd8d968fc030617bbf85d6,CLEAR,"DARKNESS, LIGHTED ROAD",DRY,PHYSICAL CONDITION OF DRIVER,2.0,28.5,2.0,2.0
0850dca60d0736c990c0601da18dccbb60fbbf5e3933934d0eedc1c8bb7e865f29f6450b8cb2a07879a53e207926d2ec104cce5cded62d7d62249f26dc07a4ae,SNOW,"DARKNESS, LIGHTED ROAD",SNOW OR SLUSH,WEATHER,2.0,30.0,2.0,2.0
0850fe0fc58f7268e45781ed03764b183d882d457f17e516d3daf3183abd8a8ea517ccf5536b8bf4762eb7cafd584ae954f6788b098ce6094fa1cfbe326e5c28,CLEAR,DAYLIGHT,DRY,FAILING TO YIELD RIGHT-OF-WAY,2.0,36.0,3.0,3.0
08510aa8d4e62cc8dda3ef928a7867ece2dcb34cbf681545606060e4b81c0101029687da033b44beebf2460e30aec3242ce22bd7df18809623ad373abeaae4dc,CLEAR,DAYLIGHT,DRY,FOLLOWING TOO CLOSELY,2.0,68.0,4.0,4.0
0851196a5c8e01eb9ddb54df63f389e3ed22a6ed7586449c96189065b49d841bb38fe125e44f780545b6aa135390722891a0a1313ae21adac9a82da0cf0c58f4,UNKNOWN,UNKNOWN,DRY,IMPROPER OVERTAKING/PASSING,2.0,31.0,2.0,2.0
08513c7d8055d5f427f4124daac7c483767c65df47196a84f88ae70d9df772527ee7a7db2f113434a4b2c3b21a052ab4950bfc2979f84c4745c1c66585ef6742,CLEAR,DAYLIGHT,DRY,FAILING TO YIELD RIGHT-OF-WAY,2.0,47.0,3.0,3.0
085146569ab270c61b1137162ed2e327e651a4d797fd2f517a3f9217f0fca147d5a37c9e9c248b7741aa02bac8d4be2d332a053609e15a09d503a651e690e929,CLEAR,DUSK,DRY,IMPROPER OVERTAKING/PASSING,2.0,39.0,2.0,2.0
085165dc2d33ef42f76d5caddb0f78c81b97fcc1a8abc14cd2338f5b887022151227d4c92e7c0b40fb0836f4b7934117bb517a4ec1bc65f58cfd3d47940d11da,UNKNOWN,UNKNOWN,UNKNOWN,DRIVING SKILLS/KNOWLEDGE/EXPERIENCE,2.0,21.0,3.0,3.0
08519bf130529e323aacd0ebeaaf12589a56d0f3ba59147eb59f07f0cc0b736eb775f9cc8ecb6e5ca87e282b593ba136d8da93637f7eec59c5a2900b0f772606,CLEAR,DAYLIGHT,DRY,FAILING TO YIELD RIGHT-OF-WAY,2.0,51.5,2.0,2.0