crash_record_id,weather_condition,lighting_condition,roadway_surface_cond,prim_contributory_cause,total_vehicles,avg_driver_age,total_people,total_injured
0851ac05cfe5cfc0d8d0956a2e5271692f8204442c171bf42a933f3abef1cd3652b6ef58a7928c1455a7447abe1282fe6f0c4af5d44e885a33dbd63855494a0b,CLEAR,DAYLIGHT,DRY,IMPROPER OVERTAKING/PASSING,2.0,37.5,1.0,1.0
0851ad2be41cc0e0d1deaebf971602c2dc17082c6bd6d3805c3cbf81f41fcf696d446f0dc8bfd026c13ce28f3eeb50503eb8efe9f65a5986cccbcb9dcc1b44e7,RAIN,DAYLIGHT,WET,DRIVING SKILLS/KNOWLEDGE/EXPERIENCE,2.0,34.0,2.0,2.0
0851c5461d059355847257205c2f6f6e355f2757a7213a739ffc48a31fabac71b6c847804e972e08a2d7090d0fec1b3ab0fc36fa7bfbdf6de58b19e3f14b5af7,CLEAR,DAYLIGHT,DRY,FOLLOWING TOO CLOSELY,2.0,60.0,2.0,2.0
0851dc28e61fc9a8f3dc93e53c0867409bcd5cc608f23a0750a0b0e1367a69fe272840dd550a1659fcc7f9495ab2d99c0a67eae67354795de4cb47e492b106ce,CLOUDY/OVERCAST,DAYLIGHT,DRY,DISREGARDING TRAFFIC SIGNALS,2.0,27.666666666666668,3.0,3.0
085219ab9b844cf928f3784018d7d626c2127c00f5b4c33daff3c7b0635645f08b698afa360888b8648dd2565fe0b07752ef5d82ab5525cdad1a180d2bbdbf69,SNOW,DAYLIGHT,SNOW OR SLUSH,FAILING TO YIELD RIGHT-OF-WAY,2.0,36.0,3.0,3.0
08521a303a5a908d12c54240314093ef505bb0028e0ac33a8a9d9180a092913720e95e8e2cab1c2854ddc90cd56fff5a2da8583c059aa9ed63bbbaac9fa4650e,RAIN,DAYLIGHT,WET,ROAD ENGINEERING/SURFACE/MARKING DEFECTS,1.0,27.0,1.0,1.0
08523f28d5e694b5eed6d4b07d9f47661449cc6a20b838b8a9f0d23c85115506496b7b10c99bdc0249bf1c21fdd1b6e40cb27ee096d749caf03d90e213754a1b,CLEAR,DAYLIGHT,DRY,IMPROPER OVERTAKING/PASSING,2.0,38.0,1.0,1.0
0852b9cf379533cb98b6b07bb02817a6a65e47199b8ac70349452c503558d4fb84606ee1176a8e6d3f43c0d5dfbc2991ae93a19368045e9a53afed55e11d3346,CLEAR,DARKNESS,WET,FAILING TO YIELD RIGHT-OF-WAY,1.0,61.0,2.0,2.0
0852cc7ca26fa45cfcf18d4e07b08425ec85c4e97acc3a1b7a598111f3d3eb2392824b356d1dde31971a777d1c1aad7f2ac0800839709311350ed9bd7f465d39,CLEAR,DAYLIGHT,DRY,FOLLOWING TOO CLOSELY,2.0,28.5,2.0,2.0
0852d47e6edac3ffa21d458c10d4759887c9b75ac8829c3247b3214b21f03811470f353e531854a67e647be036fd430bc36e1f60c85eb0b3a27ee756453a09cc,CLEAR,DAYLIGHT,DRY,FAILING TO YIELD RIGHT-OF-WAY,2.0,46.0,2.0,2.0
0852e2aca4398d388a3010cc48a353565718c37b9adcb3199fa29903896ae31046cd1e22a284ad30a775f4ab698477e7bc7b233db6166bbce1d2203cf25b250e,CLEAR,DAYLIGHT,UNKNOWN,FOLLOWING TOO CLOSELY,3.0,29.75,4.0,4.0
0853157827a87d763b28b83f8e901c433ce114579231f86a40009df85fbaf7a8cc254ed1b962a669058ed51c906507ff6350f095b5e015f6a08b60dab86a7b99,CLEAR,"DARKNESS, LIGHTED ROAD",DRY,FAILING TO YIELD RIGHT-OF-WAY,2.0,23.333333333333332,3.0,3.0
085331663973ba4c5147990785c35e83a5fc1b9cea5c49db9622824bb691c5de3ba06b54cd548cc0900d468ac5bc87c07800f7a6c9d2084f96bfdcc44c1756dc,RAIN,DAYLIGHT,WET,DRIVING SKILLS/KNOWLEDGE/EXPERIENCE,2.0,23.5,2.0,2.0
08535d53bcd5a9723c1d12affecc932f76f558bb55bc0775949b93534f73e6ead407ccc02e8a1e56ac5bf425aa1d89b082d9f56d9e310edf1eab6ff3603e5c2c,SNOW,DAYLIGHT,SNOW OR SLUSH,WEATHER,2.0,37.5,3.0,3.0
085369cbd7a7cc6fc3a094ae1f0e3a3db5456830e9b34899a9a979081c0dd52b81eb718ca794e35c4b472022a2a4d4d93f788ee648f53a39beb861be8ef40f8e,CLEAR,DAYLIGHT,DRY,FAILING TO YIELD RIGHT-OF-WAY,2.0,19.75,4.0,4.0
0853814ff67557685727c86e4337efe7039d963b5b6d08e56c1148e4c1ea9fc6303b9b6f16a4247b7c2599e185bf9a16365f1c2a6becf24f741e7d2be87c38a8,CLEAR,DAYLIGHT,DRY,FOLLOWING TOO CLOSELY,2.0,34.666666666666664,4.0,4.0
08538a25aed9c33a40ae9ea10e3af6d53bc7b022facc138cb4c9e87c9ce6f4d819d44070c8add05c033ab5fb190814189d8673a1ff1b48a335976f38e8c92f77,CLEAR,"DARKNESS, LIGHTED ROAD",DRY,IMPROPER OVERTAKING/PASSING,2.0,28.0,2.0,2.0
0853ac5797fb9e37087e5ccef1724ee7f4646202b46ae690219997295754fbf35cdb14d98085a3e2a3ae98796337b9cd24b5a3709d5c35dd70cc2269b4cc531c,CLOUDY/OVERCAST,DAYLIGHT,DRY,DISREGARDING OTHER TRAFFIC SIGNS,2.0,26.666666666666668,3.0,3.0
0853b225ecb6c88b913d6119d5b985ab5f07b09499c0db95c29d586dbe6c2d401d709b88de32263b3847ffd8ea164bd057192f72c9813a6353d57cfd0ccb3e13,CLEAR,DARKNESS,DRY,IMPROPER LANE USAGE,2.0,32.0,2.0,2.0
0853dc9cf9e1a7cb3db322724d9bc96597dd5c4235730aba2000259218badb1807601148a2126e5613114fa55badde3dff01377ce0a5416ee8e10d56bc4f84fb,CLEAR,"DARKNESS, LIGHTED ROAD",DRY,FAILING TO REDUCE SPEED TO AVOID CRASH,1.0,37.5,1.0,1.0
0853dfec5a3fabf678d770f92ab81bc98bc15b27eb98f451f6ea12be0f04396d5ebd00149ce171eae481dc1368239ba71553502b536d8119b2dc9168e203681b,CLEAR,"DARKNESS, LIGHTED ROAD",DRY,IMPROPER LANE USAGE,2.0,37.0,2.0,2.0
0853f23acdfa46ff3fbc892056d11bfb98cb2dd5f6bdc2dd54576e53aafe57b39edc3603f2b6efc66c24af76a1e056eaae7ed6b6f46adddb371030b634e952b7,CLEAR,DAYLIGHT,DRY,FAILING TO YIELD RIGHT-OF-WAY,2.0,37.0,4.0,4.0
0853f42fdfec660b352da842acc793025f4d93cf5d0d9d3428234b2baf6207c909ebf397b40d466023d38149e5db5ce8373e28ecdf4f0850f091124d4a1cb3d6,CLEAR,DAYLIGHT,DRY,FOLLOWING TOO CLOSELY,2.0,27.0,4.0,4.0
08541eae20d4a0b52da2cad356b43f9f6a95c9dafcbeb00f310136c3d60423d9df9f0348051d797569149468d34f4fe0277d818a02496c08b6f569eb88b66413,CLEAR,DAYLIGHT,DRY,DRIVING SKILLS/KNOWLEDGE/EXPERIENCE,2.0,38.5,2.0,2.0
08543c37937496bb76083ac66c1480c34b257efdef786ee314c3ea1c7c452b79360f0caf653ec7461e2874eccb10545b09ef419ed31e2581592fab443a463e97,CLEAR,DAYLIGHT,DRY,FAILING TO REDUCE SPEED TO AVOID CRASH,3.0,45.5,2.0,2.0
08545226a24d30a4e56c74320b9963e61a8b328b6e9ec609e4676bc4556fd217fcdb374ca67a722c338e5131fc924f164bbfde674c0ccd5a15d168d6f026591e,CLEAR,DAYLIGHT,DRY,IMPROPER OVERTAKING/PASSING,2.0,29.0,2.0,2.0
08548e5108a3a659a6dacfee731f7ae8630bcb4ca9549ec72d1426271370f88c2bc358833324fa7159b9ef11bcc6069da1dcf929e315ae098ac51d615dfdab29,RAIN,"DARKNESS, LIGHTED ROAD",WET,WEATHER,1.0,25.0,3.0,3.0
0854b6903e1ce81ac58726bff62a02b42c01b08ff5fe75e55b53caff38b64a25973b85d6a549785e918f035ebe669b4c8973d087502b68bb6a111afa2993b146,CLEAR,DAYLIGHT,DRY,FAILING TO REDUCE SPEED TO AVOID CRASH,2.0,33.5,2.0,2.0
0854ebe236b98722edab8e5a488b9b273e2216207f7f18c2d1d24941b4cf3aae50673de2e075b46de5cda2fcd85123a8342b4e01d2d6a29e55e83b5842fe80e5,CLEAR,DAYLIGHT,DRY,"OPERATING VEHICLE IN ERRATIC, RECKLESS, CARELESS, NEGLIGENT OR AGGRESSIVE MANNER",3.0,60.0,1.0,1.0
08550455066b68143932256a0076d9efb44342a4151223524afce5755da71dfe46d2b4a4881a2bc52287daa234a50cf32404a28335bae9367cedc0d4620504b2,CLEAR,DAYLIGHT,DRY,IMPROPER BACKING,2.0,24.0,2.0,2.0
0855344164cc97974759dccf27329aaa1226ca45d366c35dbb2283d7d31900a31f3bf16bca335866831d7a0c6d5bd56f3dc9bfaf8a3a904e049ae3ac05276086,CLEAR,DAYLIGHT,DRY,IMPROPER LANE USAGE,2.0,48.5,2.0,2.0
08555452b3ddb51b1f05642c132d8c99599164e62579a145297274728a7cc0a8194470cbe1ea8b9b56008d3ec6229692b8a3665c30d3447475b8dc5717421de6,CLEAR,"DARKNESS, LIGHTED ROAD",ICE,UNDER THE INFLUENCE OF ALCOHOL/DRUGS (USE WHEN ARREST IS EFFECTED),3.0,35.0,1.0,1.0
08556db5fee927b05c6b57f86a1347e6b48432632b714edc194c0cbf2e08a62c6360e190ba7053d3e4d22fecaf791b54ac5b354caf9d1d5583cd48b9e5e9ea91,RAIN,DAYLIGHT,WET,FAILING TO REDUCE SPEED TO AVOID CRASH,2.0,35.0,1.0,1.0
0855cad73fa08ab00b8dec37677087172ae64528505693ba9da0dafd22e7493f634f7cb3a3d089ee02607e1d18a5e9e5b89af9346271ca336f6af215d6ae1fcf,CLEAR,"DARKNESS, LIGHTED ROAD",DRY,FAILING TO YIELD RIGHT-OF-WAY,2.0,23.5,2.0,2.0
0855d50a76c955111ca1973028e7051463c77f922232cfa3bf43fc71ece1b351222de7c22d822f7d352823452611753984122726dfed2e00bd0cd9ca06d78d46,CLEAR,DAYLIGHT,DRY,DRIVING SKILLS/KNOWLEDGE/EXPERIENCE,2.0,37.5,1.0,1.0
0855e465038e5df2c2862f16f317707da7f6dc374a543195d874b936a658060e0cfd9203b789bca02e9afb954269967a9d9a8ad8c2459036234a7d20262fbbc5,CLEAR,DARKNESS,DRY,FAILING TO YIELD RIGHT-OF-WAY,1.0,39.5,2.0,2.0
0855eebc05b9a31a0c7b45bf7b6f804c2329b065c5c8030501aecb1f202ba21236190a57084e561f123c1860d8911046a2fd668e3d9cdf1df83e200ebeb428ae,CLEAR,DAYLIGHT,DRY,EXCEEDING AUTHORIZED SPEED LIMIT,2.0,20.0,2.0,2.0
08561050f5c4e94216ef0c9a47c3e490df06e2990917eee7c1e9610194155730e785138ca47d3f4c39a0be0532feafed90140a44732d6012865223febe24d387,CLEAR,"DARKNESS, LIGHTED ROAD",DRY,UNDER THE INFLUENCE OF ALCOHOL/DRUGS (USE WHEN ARREST IS EFFECTED),2.0,41.5,2.0,2.0
08564b49e88d0407a91e35e29fa700edb0e134d2d31f6f89386643485824a98d38b585c17f7c5b14acdd89e612c320f6b0f2a4ebe37ef529555f437d362d6c8e,CLEAR,"DARKNESS, LIGHTED ROAD",DRY,FAILING TO YIELD RIGHT-OF-WAY,3.0,20.428571428571427,7.0,7.0
08565f94118fb28f5380d58a9db1471b63ded5b0a28d7394f1c0c4f616d6008382fb7ddf0ab047607324f87ab557e0daa4587173c2411a30ef739cf8e0032deb,CLEAR,DUSK,DRY,DISREGARDING TRAFFIC SIGNALS,2.0,22.0,2.0,2.0
0856989a076cd66f9743beb8b1cec92994c69e98b707101b3caa4c6f56294e96b974583b80826330166a80c21a9f55a04c48299de0cf678e3e40fef885052fa5,CLEAR,"DARKNESS, LIGHTED ROAD",DRY,DRIVING ON WRONG SIDE/WRONG WAY,2.0,26.0,2.0,2.0
08570349e8962762cbf67082383b6ee7a16c9c5772fe50b972778c80a5073e26615d8efe8baae6ae4f58bb27abb02f025a0dfba3626a909e365f61392d0e7376,CLOUDY/OVERCAST,DAYLIGHT,WET,FOLLOWING TOO CLOSELY,3.0,37.5,3.0,3.0
085709923016ac14e2bf4bce1ec89d109501c2f9c74b86c308ff48c415c93b42165b87d38edbb6bab3265abf318d5791f74f9bba3264eadca9e289cd4d585532,CLEAR,DAYLIGHT,DRY,HAD BEEN DRINKING (USE WHEN ARREST IS NOT MADE),5.0,23.0,1.0,1.0
08571ab4fbd421692cb3f7292ed2b529bdd4a787afd59a3b2b9eab3febab55f7604a055d4678786b41df146b2eb5681b3cdc95d6da8c7db75eba1a6a9a59e95d,SNOW,DUSK,SNOW OR SLUSH,FOLLOWING TOO CLOSELY,2.0,32.0,3.0,3.0
085764ee0cac12139e9e3e4dc3e9360b43e72a4b34010fc393b116e40877d3b003c6d846e45a1431f343a87918e86c2ed60cb1553071d68d6ca9e84d0a66d8f6,UNKNOWN,UNKNOWN,DRY,FAILING TO YIELD RIGHT-OF-WAY,2.0,50.5,3.0,3.0
08579c142e36f98c234f50cdd70cb7dd9602c6ba8bf800128193ee25e1838a115cf3be4646912f26c5c275360f6ef3fa7ad320f1501c88d9b2e13179a7375f32,CLEAR,DAYLIGHT,DRY,FOLLOWING TOO CLOSELY,2.0,41.5,2.0,2.0
0857b065a8acd3f3725ab38d659a1815367f3027c938a0dc1b14e8dd1d7d1e029a5e45aceb864d014e292801ded6fba8a2fcf2a7cfe8b566f4fae0c43b9f1033,CLEAR,DAYLIGHT,DRY,FAILING TO REDUCE SPEED TO AVOID CRASH,2.0,47.5,2.0,2.0
0857ce5808c2d23f5058dc2056327fa3837718ba90ba7dc746e7dd51ca78bd065b75231eac569b9adf9c7d3d6305497e9ea4fffbf361aefcfd73be0ad04d91a7,CLEAR,DAYLIGHT,DRY,FAILING TO REDUCE SPEED TO AVOID CRASH,2.0,47.5,3.0,3.0
0857f926bf8ef96e7dfdc3300b89de6d9f49a1db48fc0f5ec58f103dd2b81da5c513b80ae5f99676bdebc9b3a9d5c48aee3ffade81b25d68d3ff1690cfedcf75,CLEAR,DAYLIGHT,DRY,DRIVING SKILLS/KNOWLEDGE/EXPERIENCE,1.0,24.0,1.0,1.0
0857f9c8268208a5ecbea4bb90fe2b71de6db23dea5fd6ed74c884f6eb11cd0299a142ec17071aeea856f6c06909421e883c5da516f54e78947feb74dd6c5aa3,CLEAR,DAYLIGHT,DRY,FAILING TO YIELD RIGHT-OF-WAY,2.0,38.5,2.0,2.0
0857ff3dcc1eb474e056fff224cb2abf0780d4194daab9dc88a69b1a1012b382251faab31e0dfe3d9b72d90900a6e5979ef8f4d4792cee188e0009bad6c457d9,CLEAR,DARKNESS,DRY,FAILING TO YIELD RIGHT-OF-WAY,2.0,22.333333333333332,4.0,4.0
085804cf02386f11b9fe33ba5109a69f39601e64c685080e7bde9fe7fa656be79273ca4de383a1654ede4b39f15ab55e2d0ad59d6e231b9a8dd7a94740af567f,CLEAR,"DARKNESS, LIGHTED ROAD",DRY,FOLLOWING TOO CLOSELY,2.0,26.0,2.0,2.0
08584fbf847dc06a0f9ad3744efbf5d3edce2fab7872c3589fde069933ae874af4f22d7b42a72e3dad213fb66d91a4b0a924b21d54e17608cfde7078956b5b4e,CLEAR,DAYLIGHT,DRY,"VISION OBSCURED (SIGNS, TREE LIMBS, BUILDINGS, ETC.)",2.0,24.0,2.0,2.0
0858894b2249ca2aabeadfb8b39e4f3317efad10e965a3a629ca64e9a8105b5159ee90567f2aa5905fb79400d8f6e26f5c1f8169b7dd7c3fe3d7fef2f619db2a,CLEAR,"DARKNESS, LIGHTED ROAD",DRY,FAILING TO YIELD RIGHT-OF-WAY,2.0,25.75,4.0,4.0
0858aae1ad294f4338c83742c33b5fd30743ab75aa0ee4e26c6fb65be89d95bc2e91ca401e1c9945de67b094c5e64d1760700927f793b9c5b5f5087f77a5b2bf,CLEAR,DAYLIGHT,WET,IMPROPER OVERTAKING/PASSING,2.0,47.5,2.0,2.0
0858d31024af9fbce28d1c51c7fefe23987cca5610845a08f23f4ae30bd8490c7210bebb02de7688516d6bf9df89c6f4fdd9ed3215177e47657e04ef3c57b51a,RAIN,"DARKNESS, LIGHTED ROAD",WET,FAILING TO REDUCE SPEED TO AVOID CRASH,3.0,10.666666666666666,3.0,3.0
0858de2035220a1a4aa618988784c7cc7106c92e35c2a9803c39065dfca46eb68194f6ce4e849160e670f6c31d5130fbe7c36a561861ba86708af6e469bf62a1,CLEAR,DAWN,DRY,DISREGARDING TRAFFIC SIGNALS,2.0,40.0,2.0,2.0
0858fc37896f04868b025166db0e3500198b237ab9d9104e2d6eeab37db2ab841fdc9ea669705e8480859bde22ca3a2024d62024a95b2b8555a3ac742cb16c2f,CLEAR,"DARKNESS, LIGHTED ROAD",DRY,IMPROPER BACKING,2.0,37.5,1.0,1.0
0859085cae029ca3561ab7cf0a83c24c866946e0f845af5445d3219d854777b425ec7bb25bf9eff1afbe41d74ab4cd63746ea50834a04c1943832a3f73eef8e8,CLEAR,DAYLIGHT,DRY,DRIVING SKILLS/KNOWLEDGE/EXPERIENCE,5.0,74.0,1.0,1.0
0859283ad7293e7151b5e36a933a6ac3f21ebcdfea12fba44875cfcb270d31713206a1dc46a383744d3d1089b037220a7eddd12c1eaaf323b6c8b89c1ecc0629,CLEAR,"DARKNESS, LIGHTED ROAD",DRY,IMPROPER LANE USAGE,2.0,37.5,2.0,2.0
08597bb01ab7a0a58cce242f2b2ed15955760bc4da342fe09e20c4af7e5ded17aba46d4f7972d0e951785118f0d24a6ff13b9aac52978c1caf4af55c5fee7378,CLEAR,DAYLIGHT,DRY,FAILING TO YIELD RIGHT-OF-WAY,2.0,37.5,1.0,1.0
0859eb70f230f95c800160645d8d9ec592135e755928b01e87dc2f8f62125e5f494b8a8e0bbdf9e87c9f97baa0e0a4aa0a73b70d3af9aa1d232e7025f95b9e0d,CLEAR,DAYLIGHT,DRY,DISREGARDING TRAFFIC SIGNALS,2.0,43.333333333333336,3.0,3.0
085a570f6c6485bc8453089ff5268fd4de4970d5cf7ab28fedfa2e5de27e6c8f548320b9f4b5b738fa4e49fa2014c46833a425def91bbeed424c69acbc83fa1b,CLEAR,DAYLIGHT,DRY,FAILING TO YIELD RIGHT-OF-WAY,2.0,48.5,3.0,3.0
085a62badabe2fc7f1c105102c8358557fbb82fd841ada2d8952aab9d3973462afbee144e8d488b4705538f1530e2a931af0052e0df27aab7f04015d0b29c626,CLEAR,DAYLIGHT,DRY,FAILING TO YIELD RIGHT-OF-WAY,2.0,25.0,2.0,2.0
085a78d37a4350d510211b79d8eaf2a65eaa0528ef99ab788ff88173cbda45f8d9391cb2ccb8b889f917eb5962f19579c5803035676fe95177faa32cd500cfb2,CLEAR,"DARKNESS, LIGHTED ROAD",DRY,FAILING TO REDUCE SPEED TO AVOID CRASH,3.0,24.333333333333332,3.0,3.0
085a9241cb972c12a9954790214f808630b4c1402fe3dbf00e15981cd3e5f2c059517a027ccad91a0586f23bb036a5e37c2ed33b8ec464d224e69aa31fcaa21f,CLEAR,DUSK,DRY,FAILING TO YIELD RIGHT-OF-WAY,2.0,66.0,1.0,1.0
085ad7c9864de1ba8b6942c5632401aadef1dc636a4757de6b05dc6a4889ff5121964db3e519826e5cacbb1c0ffcee44d3aca455617171d156b239b82fc1397b,CLEAR,DAWN,DRY,IMPROPER OVERTAKING/PASSING,2.0,35.333333333333336,4.0,4.0
085ae634ef9d9c77cc6b27968599f53319622f8526b3ab761855111dfa8c2cb22d88c4657a8c6569c3cc3604b24bc4dc05c4073cd3bd02e256369cbb176bbd27,CLEAR,DAYLIGHT,DRY,DISTRACTION - FROM INSIDE VEHICLE,2.0,51.5,2.0,2.0
085aeb045ef07e96f05617adfeaadf792873ed1bea9b7b6e80778ce6f3a8742df29357d382bbdbb87dabb85800fcd6e49bee6a25fcd542a117fb88c3681de57e,RAIN,DAYLIGHT,WET,FOLLOWING TOO CLOSELY,2.0,36.0,1.0,1.0
085b01d9bd13a37d59912aba90d8805d9a1426709abdcd8a860bc1aa05881b94c2beaeae967d3db7cf7df9ee14811832cbec05e93700ff46019d0fada70e5f1f,CLEAR,DAYLIGHT,DRY,FOLLOWING TOO CLOSELY,3.0,37.0,4.0,4.0
085b427276d94f6ec0d084235189abe02feb063836bce59747914b043ca199360b98c852321e7018453af35bc6e136d2ae04845fe1bf2c79a2f228684788edb0,CLEAR,"DARKNESS, LIGHTED ROAD",DRY,FAILING TO REDUCE SPEED TO AVOID CRASH,2.0,37.5,1.0,1.0
085b6b766e3825a916cf7cfbfc9d4ba1375066352b643e1dbf8c1479b2e8a9b73a9ddd06896370f950c121107410b7dd05bf8db577a303885a9699200fcedd48,CLEAR,DAYLIGHT,DRY,"OPERATING VEHICLE IN ERRATIC, RECKLESS, CARELESS, NEGLIGENT OR AGGRESSIVE MANNER",2.0,42.0,2.0,2.0
085b777d83b737dbc37bae271813f55f1384e97d0e590d7e8a7f857bb3aba38b2e72d8064e2377c55719ca854317457578c5caf5970116d59c09c35cf9f610bd,CLEAR,"DARKNESS, LIGHTED ROAD",DRY,FOLLOWING TOO CLOSELY,2.0,42.0,2.0,2.0
085b7ee6a7ee0058a4d1acc65757d9dcd483a2425c1fc6746a1128300564cdb86a72f67faa405bc084dad50250a2bdc91f90b4a92c7e8d2164f3681094a26cf5,CLEAR,DAYLIGHT,DRY,DISREGARDING TRAFFIC SIGNALS,4.0,48.5,2.0,2.0
085bc70b4320e20e38c180dc22a8cd4080714fdb74878fa330bc899bfae8e7054e4f54fbbee1a89962638804123e89bf0b9801ba66125019f364cf1890277546,RAIN,DARKNESS,WET,IMPROPER OVERTAKING/PASSING,2.0,58.5,2.0,2.0
085c1eee91f60fe39fa623af2a8b4b9687531b30af21d797658e500d8e5ff0ddd34ba0ad98cf844e1940699dca35bf7ba0bcd269beaf248e611999c3d31f9522,CLEAR,DAYLIGHT,DRY,FOLLOWING TOO CLOSELY,2.0,31.0,2.0,2.0
085c2b38deb04083c010e5f01e31aee9a28c24868a8d7755b033899eee2dd01e6df599884d1bb11ad7d8805b999ed156054337744928f7d5663b87b1f68ab418,CLEAR,DAYLIGHT,DRY,IMPROPER TURNING/NO SIGNAL,2.0,33.5,2.0,2.0
085c2d0b638eb45d8160a01642b8bdf37ef2bbd65de7d395aa767d53fb261860f156848c1de71e1d9708b232a96437ae4b8ecc40cba2487f684ee01fa20c608b,CLEAR,"DARKNESS, LIGHTED ROAD",DRY,FAILING TO REDUCE SPEED TO AVOID CRASH,2.0,37.0,3.0,3.0
085c50b4c2408a7c7874f87987ba97eee0ef9f9d820d119913beee4e2f7096a00322a78a13d94fd368d775b6d3f4e8638faa76867e38e8bbb3e447429d4e54b9,CLEAR,DAYLIGHT,DRY,FAILING TO REDUCE SPEED TO AVOID CRASH,1.0,36.0,1.0,1.0
085c86703b829e3d9760774f4c91fda506a1cec3dd35f59c68abf9e4d4e27611e0207ce87c02ecaa17cbbb10e2e68c26cfa6664e57474e5ec71a5f3297342f11,CLEAR,DAYLIGHT,DRY,FOLLOWING TOO CLOSELY,2.0,40.0,2.0,2.0
085c99120a24aa0ddf2da94ba6005a4649917477e7f26e60c1d6f8ec9211ddd14bc461ca8bab2a9e02918dc5e932edd697cdb4ed54af9a3c6088c87884a6190a,CLEAR,DAYLIGHT,DRY,FOLLOWING TOO CLOSELY,2.0,64.0,2.0,2.0
085ca179461a69b0e3bbdcbc2abb78617779087c5824223074522766236f2cfbc233f42da1fea3456f4ca4a4a5ad755378da58e6216ff7c9b9785d173985b711,CLEAR,"DARKNESS, LIGHTED ROAD",DRY,FAILING TO YIELD RIGHT-OF-WAY,2.0,37.5,1.0,1.0
085ca6efaf7cd2f2ba84638b0b3cdcd43784e2fc1470d6221c99de5b16d34c344ad17120afa6084d55b4b82803ff6ea7a29c9b891f99d590634e42e82e8a9fe1,CLEAR,"DARKNESS, LIGHTED ROAD",DRY,DISREGARDING TRAFFIC SIGNALS,2.0,26.5,3.0,3.0
085caf4db84e230c8a1d7c972344b163925db5e6fa630f449514699056bbf67098a24336241708cb73abe1d99f2ea4fceb3046ebdfce87eabd9d701d8251351c,CLEAR,"DARKNESS, LIGHTED ROAD",DRY,FAILING TO REDUCE SPEED TO AVOID CRASH,2.0,25.666666666666668,3.0,3.0
085cf65e7375e86fa63bdbeed7cad1ea0802a90232c206fde7fdd9f1f2f1bed1026c8cf921b3478c648f2264838553f0e049be0a75df483c81e53c42f665a6a5,CLOUDY/OVERCAST,DAYLIGHT,UNKNOWN,IMPROPER OVERTAKING/PASSING,2.0,38.5,3.0,3.0
085d2198db6f46bd7d827e108c9f8f02267307ef076359fb93c2a26fb9e82971764e558b11c444b0eacf5697afa1c114a0dacab089e132d3843dfbef17a0a492,CLEAR,DAYLIGHT,DRY,FAILING TO YIELD RIGHT-OF-WAY,2.0,41.0,3.0,3.0
085d29f1033466524847c130f915c5bf67bd69d520a04cc55ab92200ae1e8233f21d314eda4c1f5132f5f2c5be611e76b36447ae696df6ac90de5995151818cf,CLEAR,"DARKNESS, LIGHTED ROAD",DRY,DISREGARDING TRAFFIC SIGNALS,2.0,36.5,4.0,4.0
085d4dacd539c9580555e3beeec07f74927bac055b77ae1e4d6c5965efe7577e5ffc354f74645e266d8fb1fc6139165322332ce032737a3a2a02932ab7b32b8c,CLEAR,DAYLIGHT,DRY,FAILING TO YIELD RIGHT-OF-WAY,2.0,36.0,2.0,2.0
085d5c3803185c1c7eb09ef0b5f4783fd2c8594b4ca19b562fa3a2a063f6631807370700776968d3b2d4b89b294783c7014fc4ac16d1959a47ea11445dd159a6,CLEAR,"DARKNESS, LIGHTED ROAD",DRY,FOLLOWING TOO CLOSELY,2.0,42.0,2.0,2.0
085d66574ec0707d901b0fe39fc95382b3d5fec26d4de8feade9b8d23fdb70c3ad4cca052cfe619acb57cc69a9c8c9039e02f6762233192e846a881497b4611e,CLEAR,"DARKNESS, LIGHTED ROAD",DRY,FOLLOWING TOO CLOSELY,2.0,25.0,2.0,2.0
085d7d81f318727b4fca41e02e1f82028ad2ada98734ba5a44f5428941a4aa463fa9651df2a2862f269aa90a4d1f5c5f7c533aa67eca942b9bc62c2dab5419fc,CLEAR,"DARKNESS, LIGHTED ROAD",DRY,FAILING TO YIELD RIGHT-OF-WAY,1.0,47.5,2.0,2.0
085d8ffcdf0f4161152cc76df799fef412766b809615e5b00cc12ca746db9dc252fe83dc4d6e6481de032222b5960d0739d01169499773aeb623c89ef337e937,CLEAR,DAYLIGHT,DRY,"OPERATING VEHICLE IN ERRATIC, RECKLESS, CARELESS, NEGLIGENT OR AGGRESSIVE MANNER",2.0,37.5,1.0,0.0
085d9fa1cec66e43f99d8c2f4cd1ee9fbd3c965764245af1f23979c6b83cf07190fab58f787272cfe77069ec26f8ef647ae83273094788e1a993a160e5b1c76a,CLEAR,DAYLIGHT,DRY,"EVASIVE ACTION DUE TO ANIMAL, OBJECT, NONMOTORIST",2.0,40.666666666666664,4.0,4.0
085db2c3ca1cfbbe67656aedf6a0923f7709d190a7ee6b0f4b760c0290f03cd79600b49599ebd2e53986bb6da0e9d3f9d4c464540d4ad95eb8e3a0c064fb5525,UNKNOWN,DAYLIGHT,DRY,IMPROPER LANE USAGE,2.0,37.5,1.0,1.0
085dc2aeb505e2f54e51234d121bcd1f356e7477f75f0a4adc8ceb0340d2eea5bfcabcb24b34ca1aa8707bbd9f36fd30317c25d0fa450f13051ff9661549b68d,CLEAR,DAYLIGHT,DRY,FAILING TO YIELD RIGHT-OF-WAY,2.0,34.0,2.0,2.0