crash_record_id,weather_condition,lighting_condition,roadway_surface_cond,prim_contributory_cause,total_vehicles,avg_driver_age,total_people,total_injured
085dca8faf3143c67812c0d16e00c406146662976c16e14d67deb15901c69e5eae9973d82610b89edba5d2c5118b2f2faa2d5d9212d4042bbe672046cd49f0bd,RAIN,"DARKNESS, LIGHTED ROAD",WET,FOLLOWING TOO CLOSELY,2.0,27.0,2.0,2.0
085e1f29223a978a8abd79f8d86a17fdd63099bafcb72cfdeacf2dda1e8d754d3d33b2802be199e1f256e1cefce69661f207ef0da481537eca7e50cbe0cd4779,SNOW,DAYLIGHT,SNOW OR SLUSH,IMPROPER BACKING,2.0,37.5,1.0,1.0
085e43f6255f968bda6c72f22f3b4827779fee145d92f552f6bfe42915435c0e8bdefb50294bf0349c7ec7001ca1a3c4372aba5893eed4e362696f2f7601f928,CLEAR,DAYLIGHT,DRY,FAILING TO YIELD RIGHT-OF-WAY,2.0,30.0,2.0,2.0
085e5b2b11f0a253057aebbe55d0d048dcd787c5e0e64e731ffd11895a4ac54416f9858981e41e8af9c6cdbc14a4bd5cd0ca79294c35c5ab2daec7de87c2c0b4,CLEAR,DAYLIGHT,DRY,FAILING TO YIELD RIGHT-OF-WAY,2.0,44.5,2.0,2.0
085e6243d0a63b67b48fdd6269d1498c471d394efde2b3e1cece3d98aee90a300c1696ea5e1dfc346f35014a7730998871615d1be422a107d343aa4982c15524,RAIN,DAYLIGHT,WET,IMPROPER LANE USAGE,2.0,45.666666666666664,3.0,3.0
085e7c4d1d8013be263514c048babe0fa4b9e0e2d84bfda2ca54828ed6fc96b4928fe84cd39ffa2d21dcdcd283f38542ee741a90bbaa5fb665cbd7906e3e636e,CLEAR,DAYLIGHT,DRY,FOLLOWING TOO CLOSELY,2.0,59.5,2.0,2.0
085eb129660c1bbcf8899cf1a93010890a0961a67da6b6baf69ed94a9da90ed14bb25323917b1d1d848f98f3026613dc1788e61b67bb18eb303a429cdcfdf9a0,RAIN,DAYLIGHT,WET,FAILING TO YIELD RIGHT-OF-WAY,2.0,38.0,2.0,2.0
085ecbbd13c41a16c51aa40b20688aa8c7fdddf9e1a8ec1c455490cda3146cd993cb598a5d45133b6c0f30d279215b68a8cf52b6ccc0894dd588c3e95ba00a0a,CLEAR,"DARKNESS, LIGHTED ROAD",DRY,FOLLOWING TOO CLOSELY,2.0,74.0,1.0,1.0
085ece578dac986686be57a4f45d75e2ed0d56941742936aa1f7ee84bd8f78f84ac14d1755f137df7d5e841a5f2c1f4c3fbcee5a732ce30cf20e83e02571400d,CLEAR,DAYLIGHT,DRY,IMPROPER TURNING/NO SIGNAL,2.0,71.0,2.0,2.0
085ed8d5fa05087d8185ebc336761ed3793ca8ba54cbf6f9a1e77c96f8e768a46e9efccb98acd6941afba853a1956679a65619e5f9d849a6730540acbb6bedca,RAIN,DAYLIGHT,WET,FAILING TO YIELD RIGHT-OF-WAY,1.0,70.5,2.0,2.0
085edd6521a779ddbc8a3cb14fba5907feeda9a4acbbb9058df46a515e8560993ff07f6ea7ab344121e7dc0df19d8b1d51c3bf97d2f7289c27d22f6eaf54a1a1,CLEAR,DAYLIGHT,DRY,FOLLOWING TOO CLOSELY,2.0,37.5,2.0,2.0
085eff6a28186e71d912c07860c4f38fe39b1e3498f237a8a1b770779f4de80165546a7e5ca692c1d78c2cdc425e33db59ba83c11a3d6031c7f949af734b3b96,CLEAR,DAYLIGHT,DRY,FOLLOWING TOO CLOSELY,3.0,40.0,3.0,3.0
085eff71a1a1b2d49ce4c5a0093cbabea6b868fb62b9bde3023e2960b0017f5795de4318da30106103fd3538e68585599d66228065d1442cd7bca77ca998e90e,CLEAR,"DARKNESS, LIGHTED ROAD",DRY,FAILING TO YIELD RIGHT-OF-WAY,2.0,28.5,3.0,3.0
085f3540df7884e95adb2868f067a91cd51cf87461e99968738ddd7081a6ef247715b58e52a2a5839bcaca747280a9d95451cf0171222f3cf5971b6a89574ab0,CLEAR,DAYLIGHT,DRY,IMPROPER OVERTAKING/PASSING,2.0,14.0,5.0,5.0
085f3a1bbf29ca8fd48b93f80890b2b6d91511913ec578102876f6ba3e20133ca037ec94dd9e7db14b801a4186776ed7c3074d8882abc00ea17debb534771b0c,CLEAR,DAYLIGHT,WET,FOLLOWING TOO CLOSELY,2.0,29.5,2.0,2.0
085f3feea20b630c275ed5accac824eea17c7cf7ebae7f3a07656742ec497fbe4910ddd8777717696c66bedf4805d17f06d341a4624016210924f8ef20eef9d6,CLEAR,DAYLIGHT,DRY,IMPROPER TURNING/NO SIGNAL,2.0,34.0,3.0,3.0
085f530911ab6d687b52b12594b8e9c5f6133edfd65a71a16e1263d3659d9035a63d5d49f4faa8b27119315f2e9947929b792a694a6111e6af15e7f96d1d23f1,CLEAR,"DARKNESS, LIGHTED ROAD",WET,EQUIPMENT - VEHICLE CONDITION,4.0,38.0,1.0,1.0
085f7af30477cfe4f2dbb419bca65b2fb46819295509fbede82ce77a9e9523c718fce0607a8a7da678cc4ba0a12b29eea202c2373c71276fb990877637a292cb,RAIN,"DARKNESS, LIGHTED ROAD",WET,IMPROPER LANE USAGE,2.0,37.0,2.0,2.0
085fd6aee04a41fc508b686811fce046be2f326a78aaf023d9dec890ba6f6d530b11184786eb0e14bdbdaa27fc161489dd6826f532eb874e784e665ef5e2dcf2,CLEAR,"DARKNESS, LIGHTED ROAD",DRY,IMPROPER LANE USAGE,2.0,27.0,3.0,3.0
085feadab42bf0a304750b682bcacaee3cd1d50d606f8ca6bcd44d3be115647de6e6bb8e192628e042350f5e1b2c6f4ac4373139328facb6e361fe58f9fcc4a5,CLEAR,DAYLIGHT,DRY,FAILING TO YIELD RIGHT-OF-WAY,2.0,57.5,2.0,2.0
08601725f966667ba7aa363110bcde8c26b1aee56110d2ffab9e79e92f2cd5edd0b6d2f8956f7d7a0092b472d5fb78a7cc0dbfa992a3108ed95a886dc653c06d,CLEAR,DAYLIGHT,DRY,IMPROPER TURNING/NO SIGNAL,2.0,46.5,2.0,2.0
086020d35c829ccd0d6a687a69233f5bb08a1e532f09f40cc466b1f4233e12927540499ad19cf7316947f6b671e4adec13ab56ecfee47e4cae2369d1e6c69f89,CLEAR,DAYLIGHT,DRY,FAILING TO YIELD RIGHT-OF-WAY,2.0,37.5,2.0,2.0
08604a7ed94fbb0df6f55839695797dc9263404ab4edbe55eda40846c6eaee3fc353a9847c46c02821366fc6cfdc8f13c104a70d619feb2a38f65b5bcfacae96,RAIN,DAWN,WET,FOLLOWING TOO CLOSELY,2.0,29.0,2.0,2.0
08607a96cebbe505b16e4cf40c84cf3174b2d2791c389410a0ef3498fb049f6449272325f6203bfee0bbadebc9322cdad7ddd52242c43d093324caa1ade4a449,CLEAR,DAYLIGHT,DRY,FAILING TO YIELD RIGHT-OF-WAY,2.0,23.0,3.0,3.0
08607cfe473f0965fd8f7ad0971d32ee7b5c08fc81c847cc9f80981ff52f4533b9d17ce4527526611f32c6fd856ed9c2c3da7363017445412fc172637e4ca81f,CLEAR,DAYLIGHT,DRY,FOLLOWING TOO CLOSELY,1.0,71.0,2.0,2.0
08608be1673b795a1fbd29f1c0b45844daff77c0949e2011ae3d2ceb3b3448e75867a75bb2fb3559c8f0c1cd1b85703eda0f573ffab7e03ebfd8693446e9c237,CLEAR,"DARKNESS, LIGHTED ROAD",DRY,DRIVING SKILLS/KNOWLEDGE/EXPERIENCE,2.0,50.0,2.0,2.0
0860ae033f13bcc44a66adbaab60fa82ebf79aac47febc6acb460523c7708057840c11e0dce2bcefafd9ddebf9cec058659f49d13645162480666f088b1af6d4,CLEAR,DAYLIGHT,DRY,IMPROPER BACKING,2.0,25.0,3.0,3.0
0860c0cf510999dc79dc1119e643e87851bc8b865fd950858e93eb13c28dedfa83c8311df547b011997aa7280840f57baf97ab5406c4abab32f149eabef17ad1,CLEAR,DAYLIGHT,DRY,DRIVING ON WRONG SIDE/WRONG WAY,2.0,45.0,2.0,2.0
08610a6ef24af9b202db54a9643ea036fb08685348aee9d405df3f27258f54441c9b6ba75bbd1d6017b6cb749f5a8107cc168b5e186162be602e528f702c0473,CLEAR,"DARKNESS, LIGHTED ROAD",DRY,DISREGARDING STOP SIGN,2.0,44.0,2.0,2.0
08612a2bfbddd94c0853c55ee1aef58b45d569c09b28b51891f07f4abe866adfdd064e590cd5b314ff2ae1a9a04245682a8d6f44a9c78dd14762f6177737a55c,CLEAR,"DARKNESS, LIGHTED ROAD",DRY,FOLLOWING TOO CLOSELY,2.0,28.5,3.0,3.0
0861ced9ed384a9766afcc477085e3484e97a531dca4838517fe16fbdba24f1461b1247cb80473a054202cbdbd91afc67a9c5b2bf427dc7790ca2e4a932e1481,CLEAR,DAYLIGHT,DRY,FOLLOWING TOO CLOSELY,2.0,45.5,2.0,2.0
0861e8f2496a5aa636c1add76578d7060d2bc310c7964391d42ceb727166f5882f5e10cb991d659b1c79e5ed2ce287fdc0fdd8776fc549d2912e85409b17be6f,CLEAR,DAYLIGHT,DRY,IMPROPER OVERTAKING/PASSING,3.0,43.0,2.0,2.0
0861f386e42b2a65c8aa5e51dc5060b6480c71de2c9c552fc0ea2e21ad58cf635a3ba14f5f9d82282e3c5b2eb0f34aa1a2cef3057b2fc1547c2b72c31f5926d4,CLEAR,DAYLIGHT,DRY,FAILING TO YIELD RIGHT-OF-WAY,2.0,22.0,3.0,3.0
086203b9d1e40466f624341fe6a262c7916d4c43060ceeb57710037874cb4163e88c1edb3776539d697fa76f08b0cc6e435cb1acf3721f9fc8a4c45d9e73b867,CLEAR,UNKNOWN,DRY,FOLLOWING TOO CLOSELY,2.0,37.5,1.0,1.0
086214b2d26ab2de287a3941c342fe8f79cf51b38778e33266baab04fcec20c01725986afcde6f1d2df89745b075128590e016d334966b5a7d6d013a732c2432,CLEAR,"DARKNESS, LIGHTED ROAD",DRY,DRIVING SKILLS/KNOWLEDGE/EXPERIENCE,2.0,24.333333333333332,3.0,3.0
08621ab968abe278715a80f8164837bf3b1725562ef4a599bac8586baba5f3be5f419e8bd0bdc99a5a13caae819ba3ba772e6818fe98191ac1be4d115d00f3b6,SNOW,"DARKNESS, LIGHTED ROAD",SNOW OR SLUSH,"OPERATING VEHICLE IN ERRATIC, RECKLESS, CARELESS, NEGLIGENT OR AGGRESSIVE MANNER",2.0,33.0,4.0,4.0
086247d127efcdb22d9510ab08e280e9f97f778c13a6db87367edb99c639b72509c92b51de9b7f357d99527b83c4fcf1716b98ff87f20269cb47211c6fa6a358,CLEAR,DAYLIGHT,DRY,FAILING TO REDUCE SPEED TO AVOID CRASH,2.0,24.0,1.0,1.0
086274ab7d6b17031ac51d2c84c0e98ee3ea1dc80e5f43d7c5783aa1b054aff582461cd4c2fe5cd96d96c05b698c50634cc3776674cff75469d36f1bb329b2d1,CLEAR,DAYLIGHT,DRY,IMPROPER OVERTAKING/PASSING,2.0,57.5,2.0,2.0
0862b99aba92d537012bff571251f5ed32f2cc369361f85dc0a2a7530daddb781800506d21e4eba3ba62f455e61618f2db73eb2c0b6f864a86d87f8be47d271e,UNKNOWN,DAYLIGHT,UNKNOWN,FOLLOWING TOO CLOSELY,2.0,60.0,2.0,2.0
0862c800a9ebe8ff944df03948534304b06fd4a23883331a12cc4cfd3d514cc30542c466273fdb567bac360bc6443fa8457987ef658e4dfa3f0d54b08aaae843,CLEAR,DAYLIGHT,DRY,IMPROPER OVERTAKING/PASSING,2.0,26.0,2.0,2.0
0862e4624d3e9a6b90935f8b2bf8e5f4dfcffdeaa4bb19ec2d7a2dd398e3c05112934b355bf4d0252e3f46c21695d45515f6a39a8d3c31cebc40ab872ebaf710,RAIN,DAYLIGHT,WET,WEATHER,2.0,33.5,2.0,2.0
0862eeb2807b773d75d94cba178b369d66e4cad54a9ef3435c667bc9a0707262b3f24d42e539546e3a3ad91f54a31c1e7ecb6e02cb1a09da37f78ad2d15ac0e6,CLEAR,DAYLIGHT,DRY,FOLLOWING TOO CLOSELY,2.0,31.0,2.0,2.0
0862fdae7995c7d317b05560d493e7eaf8b43c9eadb74d188d33a4a1e2369d1b334be58332f20d72d9f5d1dead4d7f9999157d6bc94f4414632d1df67b945258,CLEAR,DAYLIGHT,DRY,IMPROPER TURNING/NO SIGNAL,2.0,35.0,2.0,2.0
0862ffe5014b6cd4c656cb7a92e058cbc9f7edf80df4e44ef7e0fc7074de42e10711801a43571db106604e624ea7a41bc6488a26eaebe019af5fc75aa23fea79,CLEAR,DAYLIGHT,DRY,FAILING TO YIELD RIGHT-OF-WAY,3.0,52.0,3.0,3.0
08631b4a87e6376f774dfe7408a70b297f6f806a024803f54b48b982370e5a0bc925baf908d3f67bbd5e0084c36610e97fa6c3341e36591d15ba061978803b81,RAIN,"DARKNESS, LIGHTED ROAD",WET,FAILING TO YIELD RIGHT-OF-WAY,2.0,50.5,4.0,4.0
0863324bffda1ceacf36a82e17aafce908a815c8c740909f086144de6b5d8450ef6ae90cc6c8c94ae0bb394071a550ce192fb1f627ca243ae4ea925b1f9acd5d,CLEAR,DAYLIGHT,DRY,IMPROPER BACKING,2.0,60.5,4.0,4.0
08635f004c2d01184241ac8f5f80f3a6545a2999a6a1f2e8042ef24544ab752f158c015b3827c43f5f7f7e0b804979ad0e7c268b6129161b77928d9ac84a0ba1,UNKNOWN,UNKNOWN,UNKNOWN,FOLLOWING TOO CLOSELY,2.0,33.0,2.0,2.0
08637e43608180826fdec84009e92f5b75142ccb88b7fa1e6202016c8a71a340cd5d54c581d05b57a9d00ed6242c31ad33e56d2fef2f293fb5bececaed1f7120,CLEAR,"DARKNESS, LIGHTED ROAD",DRY,IMPROPER OVERTAKING/PASSING,2.0,23.0,2.0,2.0
08639580fd2076750812e19e3eeb781538c92ede591989b858c23e8ec5e068117eeb187e14f8f760bdd598117549d9abb32ee12af0df1e375fdeebe99b2d37cf,CLEAR,"DARKNESS, LIGHTED ROAD",DRY,FAILING TO REDUCE SPEED TO AVOID CRASH,2.0,33.0,2.0,2.0
0863c67f4b8b313013acbf608278398a6f4dff833706e6ea196817d07d47f96d99cd148fe1dc0e766654fff46dc5286d4e582bef3324cb7ca55db3c4137debc6,CLEAR,"DARKNESS, LIGHTED ROAD",DRY,EXCEEDING SAFE SPEED FOR CONDITIONS,1.0,37.5,1.0,1.0
0863cd954e8f143674ecd5abb354531518897e0ecbbb1b7a08f8436933e9fd0e0831ec8ed1e4602ff55d4a1c820d25911e895928009ec5319c41e2d6ff953cc3,RAIN,DAYLIGHT,WET,DISREGARDING TRAFFIC SIGNALS,2.0,73.0,2.0,2.0
0863e3b8f0c7392e49f79427ddd5d5e8583f56bba090e45bd29f47cf89bed854b17769fad2eebd19bfc1ceb93ce1170593cb3fdc736b42a2b50b99e4b778f718,CLEAR,DAYLIGHT,DRY,FAILING TO YIELD RIGHT-OF-WAY,2.0,57.0,2.0,2.0
086421287a1538f92955e1483be4dda4613eceaf9efa143c4300985b16dd896cd0fa948989c850e790b1a018e94ecb024688710ac53834edd061fde754e2467a,CLEAR,DAYLIGHT,DRY,FAILING TO YIELD RIGHT-OF-WAY,2.0,59.0,2.0,2.0
086434be2b1970e33457870156ed1d5268d3b355903666b473b4ae248011f2a1df5accfc9368d470d918314a4c70c852c4e644532b22be3e6f930414f1ac04c9,CLEAR,DAYLIGHT,DRY,DISREGARDING TRAFFIC SIGNALS,2.0,24.0,3.0,3.0
08643f885fa27cb2ec59daeddb64e80c0d06aa9dd0f482bdccaa672dd65ea10be43aa73cff6fad58f4bf6688d389e8abe0e82fd9993945f7db61c68500fd35df,CLEAR,"DARKNESS, LIGHTED ROAD",DRY,"OPERATING VEHICLE IN ERRATIC, RECKLESS, CARELESS, NEGLIGENT OR AGGRESSIVE MANNER",2.0,38.5,3.0,3.0
08646c2e40811f19d0b6032606cc4682d8d607c177960e201715a93054512377d34f62bd02074097dee0b02116ab6ae0005cc2437b9a283a45be40e8b574fd29,CLEAR,"DARKNESS, LIGHTED ROAD",DRY,IMPROPER LANE USAGE,2.0,37.5,2.0,2.0
0864753e9bddc972d1082e8f1b0e67ed25b1d248c28649447b759c87a36327bf97dd1f262666c694448ae7cf57a37f9d18fc209ed1f26e284769fb02bbe7903b,CLEAR,"DARKNESS, LIGHTED ROAD",DRY,FOLLOWING TOO CLOSELY,2.0,36.0,2.0,2.0
0864a4da7f2eed045669a0a98671eece86ebb81698f40d00ed53a3d99497a2e493cbb524620408f245a418767fb5893b1c323087d8d1f867dbfbfb287b91b56b,CLEAR,DARKNESS,DRY,IMPROPER OVERTAKING/PASSING,2.0,26.0,3.0,3.0
0864dc70dc694194877a52fe0237989bb0407b3c386ab0e1c94e17c2ba62754bc6ddcba149da420aaaeb3079a7e127ecebdc3a2f364aacbaa89c3c6974d6af35,CLEAR,"DARKNESS, LIGHTED ROAD",DRY,IMPROPER TURNING/NO SIGNAL,2.0,22.0,6.0,6.0
0864ff65f349cd9a6e06006e93f2d089e374eef0df045a550df39600582ae8a85b574d15c3ba5975124c20e3ceb46284ad6f44d91130725bc6f73e8054011f41,CLEAR,DAYLIGHT,DRY,FOLLOWING TOO CLOSELY,2.0,60.0,2.0,2.0
0865118d787093952c6acbf24009575c018350160b9dc3b74a72b1ac7043c1f596c8645448fd05ddc56704d7ba3356f1bfca828484facf83fda03fdb3be6edfc,CLEAR,DAYLIGHT,DRY,DISREGARDING TRAFFIC SIGNALS,2.0,28.0,3.0,3.0
08651f031591d420b858d7720b039aa0d8c46bf6f7136a14041d8a7fc90138b5afba83be3c4a442c0bfaadafae36aa10ecbb36672893f24e2d7ec6acfe3fcaf6,CLEAR,DAYLIGHT,DRY,IMPROPER TURNING/NO SIGNAL,2.0,19.0,2.0,2.0
08656eaf435cd498870e91bb7c51995a319ff4dd58cb9fb9cb2202920190401dc52c1b2c51761b9cd4e268521b5298e4f8e48f6cccf652e33d65317ad8421f0f,CLEAR,"DARKNESS, LIGHTED ROAD",DRY,FAILING TO REDUCE SPEED TO AVOID CRASH,2.0,18.0,4.0,4.0
0865747e72078ace5d0f06c7b46df096b58b7ef7e466109ba75e514b47259bc24a809078e93bc38be2d057025b6590eea138260dd1ce99a8d9188ed2e0991fa2,CLEAR,DAYLIGHT,DRY,FOLLOWING TOO CLOSELY,2.0,37.0,3.0,3.0
0865a220193fcd63f5cb78eb749449d3a19a9397e09e042bdfadae511b40e664ba1026f9967038ef383d49c51470afe163be577f688d4cfb5feb3acda6834f4c,CLEAR,DAYLIGHT,DRY,FOLLOWING TOO CLOSELY,2.0,31.0,2.0,2.0
0865a8897a9f8b4d6aae65468405bb39d4ba18037ed4179772457bada2fb9719f7b7f82c6edec6888e033a434e003836cfc1ba6653c70f47ebcfbf6755d98fbd,CLEAR,DAYLIGHT,DRY,FOLLOWING TOO CLOSELY,2.0,31.0,3.0,3.0
0865eb1e2a04ae4e5252f9ded56f2d3532d9139c93ab2059e39b4db037817686896113e7f7b6bfb0577abb2abf6d926ac26e75d0e1c79999bfd1586a1235795e,CLEAR,DAYLIGHT,DRY,FAILING TO YIELD RIGHT-OF-WAY,2.0,61.0,3.0,3.0
086634ddfff45cf865deee689572c728ce391b2cbbb58c33143e089535d6f6728de9895cf4c01622e95b007011c61af70c96a9911c8f58c6e38063c0ad4dd1fd,CLEAR,DAYLIGHT,DRY,DRIVING SKILLS/KNOWLEDGE/EXPERIENCE,2.0,55.5,2.0,2.0
086638bfb0c1a407c95db8f2344ebbb9d39669be7b9e068e7518b3a9ad253ae3b493a4aeebc8ea24d7095ed290e25734556a33da47e426a4c0b1f9ee0736288c,CLEAR,DAYLIGHT,DRY,FOLLOWING TOO CLOSELY,2.0,50.0,2.0,2.0
086642461ffffe092ca447ad2c203cd966fb1250cf72d3acef954fb61c9357d50487018f7a1e6091bf9f34f8f2e2d13bf4a8dcf5e18a9854d7b019bc6a7f2ef2,UNKNOWN,UNKNOWN,UNKNOWN,DRIVING SKILLS/KNOWLEDGE/EXPERIENCE,2.0,37.5,1.0,1.0
08665a167e32e34328372931aa0ec907ee9182bfeda356d049a2c3d5c4f29ac946957aa97db82f45d39099809e845c22c5c166463937450ab5faaf0a251ed790,UNKNOWN,"DARKNESS, LIGHTED ROAD",UNKNOWN,ROAD CONSTRUCTION/MAINTENANCE,2.0,37.5,1.0,1.0
08666e008666c2208962cebc9a79d9d027d37b4518ec378dd8a2945a25312e06b5898401753db71fa9e31db6ade655ac79b9b2c161389c21c0384ccf9c10290b,CLEAR,"DARKNESS, LIGHTED ROAD",WET,FAILING TO YIELD RIGHT-OF-WAY,2.0,45.5,2.0,2.0
086684e3f42689f5450d471b61478f5278e95f1e836ac282378dda8369a0b5edd3841bf688fbc902be25e6460d2231e376dc5de16cd94f298cd2af61fffa6cbb,CLEAR,DAYLIGHT,DRY,FOLLOWING TOO CLOSELY,2.0,57.0,3.0,3.0
08668bc4487428d79e1071878a6c61a74b5c17c841d4e3163c63010e0f2badc4a32a6475ce99e745f037a30be17bda8a25becb7a92f27ff5d7b3257ccc19ebf2,CLEAR,DARKNESS,UNKNOWN,FAILING TO YIELD RIGHT-OF-WAY,2.0,60.5,5.0,5.0
086691bc95a31f5b1d163262cbc5c3384964e0de7088cd3f4149195ccc7dc1763ddc2004001d8a6816ac88415f74fc3aa28511f7cc49b4c9a2885b40e5d750bf,CLEAR,"DARKNESS, LIGHTED ROAD",DRY,IMPROPER BACKING,2.0,53.0,2.0,2.0
0866a2fce1cb905648f485482b4b79554e26b9376a4e7c9c8a00b873532e4f2afe3bf9c3df78caf38c8b1e916ec4c31d8815567381cc79a8a73a6525086b02aa,CLEAR,DAYLIGHT,DRY,FAILING TO YIELD RIGHT-OF-WAY,2.0,70.5,2.0,2.0
0866c88fb02fa791721c21be9ebd009e7171825da1269e9c9ad41abfe01198951e4e00307f9b9af3fa88921127fd24925056bc28bc2987e7b04b34f5743e5a38,CLEAR,DAYLIGHT,DRY,FOLLOWING TOO CLOSELY,2.0,56.0,2.0,2.0
0866d11365cfd263a87c3eeb905cfffb548bbe0654477194194fdc34279a2d8cb1a79d110f8ca812657724db32005f841b171c9f4380edf77ff6ac953f5792aa,UNKNOWN,DAYLIGHT,UNKNOWN,FOLLOWING TOO CLOSELY,1.0,29.0,2.0,2.0
0866f442783ad24ea8f975e268144a9563061d15d8435e3c72e31a94bc74e365d2ae3f6d4f5d0afb173bdb1dc8cd88cf84192a956d38473b1521181dedd277f0,CLEAR,DAYLIGHT,WET,FAILING TO REDUCE SPEED TO AVOID CRASH,1.0,23.0,1.0,1.0
0866f59ca7331eaada17737a02cb53ccfd4bc90d475cbee041a80eac2038c7b1f3a6f0fae804f2e5b05b0c29ba5fb062ac3d3edadb91ec5ec9f442c6789fadce,RAIN,DAYLIGHT,WET,IMPROPER BACKING,2.0,39.0,1.0,1.0
0866f643c32731378420f29248fd80dbf5e0076278eb1b745595f38212261216bb46f9a025c83436e65c33b2f09dd80bfb3e2ab4c89c9db76503d43a6250b35d,CLEAR,DAYLIGHT,DRY,FAILING TO YIELD RIGHT-OF-WAY,2.0,46.0,2.0,2.0
086718599f98ee6b23f2c20c8115081b7f7a1676b9b45573c343597028ee3eb0552c70b4b84b8696dffafa9d739fed3b05ee7ef215d677a120e2c18bc56715a9,CLEAR,DAYLIGHT,DRY,FAILING TO YIELD RIGHT-OF-WAY,2.0,18.0,2.0,2.0
08672c4fb4f58fafc5012b329a5e2c3a0e8ead0e68fdab3e33d3938f8696c4fea80b0f5129b02d56d40f6a3186d440adb6d508a2e51aa809acd111eb279142be,CLEAR,DAYLIGHT,DRY,IMPROPER BACKING,2.0,37.5,3.0,3.0
08673a3d0acd02ee035a783bbb0c67e34fdc4a339edcdc055d5d56700e717478d1095480b78d10e3978a9ba6c154b2fe140e232ac6ad358a022ab39e01a80af7,CLEAR,"DARKNESS, LIGHTED ROAD",DRY,IMPROPER TURNING/NO SIGNAL,2.0,37.5,3.0,3.0
08673e6688b9758ffc790e0a25a7663a13a3776454beab02939e1062816ead56f67e0b972ba5c1b1bddd52c5ee542fab7f09c62338594bcd11b4024ab04bb54e,CLEAR,DAYLIGHT,DRY,"OPERATING VEHICLE IN ERRATIC, RECKLESS, CARELESS, NEGLIGENT OR AGGRESSIVE MANNER",2.0,45.0,1.0,1.0
086767b2dae14d77ae086ed5b9955903cc59c43795357e2fe730609296695ab69b4268da4f83ae0b12fa0137e0753d7012ed25b03625af241fbc816f5e7e30ba,CLEAR,DAYLIGHT,DRY,IMPROPER TURNING/NO SIGNAL,2.0,32.0,2.0,2.0
0867acebbb51dce528695cd0c7b7b2fb4ace393d191099e85e92fed2988981d8eaab84ad33e0c3c0b12cdfa7fcd4860d35f11fc834efe9ee864a301e8486951b,SNOW,DAYLIGHT,WET,DISTRACTION - FROM INSIDE VEHICLE,1.0,58.5,2.0,2.0
0867b21d1cf8d0da0043366e9603c34781b476d22915737a4db512061fa4fab9cf53d9401cdecbcd0d9f6dd6aeda8fc4316174fac435f5e1ee479c400693c474,CLEAR,DAYLIGHT,WET,FAILING TO YIELD RIGHT-OF-WAY,1.0,16.0,4.0,4.0
0868031e854fe5860db5e2e9527c0d1755e9af9a2a98446da4673fa2907feda5212994ceb9249a34de7cac1bcf8f8efeec800fd9ac69e0330807eef1ea4d1756,CLEAR,DUSK,DRY,ANIMAL,1.0,37.5,1.0,1.0
086812fc218bfec9e77b15b9acac30d1ccb3a42d4bd2d7d267dc76f32563e79f1e143b585355dea47ba8baadc29723a37e0bcf5ea06b41809b983d78263dad8c,CLEAR,DAYLIGHT,DRY,IMPROPER TURNING/NO SIGNAL,2.0,34.0,2.0,2.0
086834206c37e05363999aebc6241a54ccff14455da74126b75ebaa3a91af861ffacffa6bcc805b4bbd1292fe16ef3a7882f5efbb5cac4cbc2f9326e36f5774e,CLEAR,DAYLIGHT,DRY,FAILING TO YIELD RIGHT-OF-WAY,2.0,38.5,2.0,2.0
0868344277232b1fde0e17fc684d28579c899ad223fea7ac0a6867c74a81a5e49b2ea63a5c05e8f66d55a0d35ef16b4d73b6ec1156f32efe6d8562e42680edf5,SNOW,"DARKNESS, LIGHTED ROAD",WET,FAILING TO REDUCE SPEED TO AVOID CRASH,2.0,33.0,2.0,2.0
08683d44dfeea6bdb8024784cb359af3ca88ac572b63315f9ee4ae2c20530c5e23b923e0e3bad6a11b684647d67e5d69c13a2e250bf18c3c2f00844f2f41cc24,CLEAR,"DARKNESS, LIGHTED ROAD",DRY,FAILING TO YIELD RIGHT-OF-WAY,2.0,38.0,3.0,3.0
08684fb354a9d157a22099ed0a67500e7922e6a867294d9f1598478a50d939e53ddc2b91ba724075c08d6a882dd71e6bf9980cee97fe8d341d1ce6932e4d4772,CLEAR,"DARKNESS, LIGHTED ROAD",DRY,FAILING TO YIELD RIGHT-OF-WAY,2.0,21.5,2.0,2.0
0868932059b630fc3fe2f823cac6331cd8ed4b32935bfd10849831a8ef80d266c89268478e32c3aa94d24912e0bac4e10ae4314dc66abc69cd2b0641a8c26241,CLEAR,DAYLIGHT,DRY,FOLLOWING TOO CLOSELY,2.0,48.5,2.0,2.0
086897835ef150ded8648096ef639c1464bb57e52107a4dc0784ea5fea2471ce63d7e8c6ed81c88ded9af705e2459e71fd78dd3f51763e56af5e32958bc21867,CLEAR,DAYLIGHT,DRY,IMPROPER BACKING,2.0,59.0,2.0,2.0
08689a400ce52b42b6ec8e7809ff8da1e10617f0a871260da8be8417dba11fef5c7c388518c80dfb03bf1aa1afc6f0cceb69d0e0467f1a3883be70df9eac0dfc,CLEAR,"DARKNESS, LIGHTED ROAD",DRY,DISREGARDING TRAFFIC SIGNALS,2.0,28.0,2.0,2.0