crash_record_id,weather_condition,lighting_condition,roadway_surface_cond,prim_contributory_cause,total_vehicles,avg_driver_age,total_people,total_injured
0868bd4d0cc71a4210082ffc25d66c0f5db57962fe4a6d6ee5c39024a8dfee4e4bfb671d5f77392db9592a04e98798c02997c506918a70135ff321a80779763d,CLEAR,DAYLIGHT,DRY,IMPROPER LANE USAGE,2.0,42.0,2.0,2.0
0868e6851cd9f54c423e8ac965a6f404d81a6cb4a6cce4a53051dbc2fd10b979cb1656cccc50e913fb543f2849beda88b0f5d1483556e8db5463a9c162a8cfdc,RAIN,DUSK,WET,FOLLOWING TOO CLOSELY,3.0,41.333333333333336,3.0,3.0
08690665490f32998389fb6c599c916ae18c07f0d0aaf1aca0b300535dec8c5a7231144a64d498e08bdb3191f736f92317c9dc89a1a4927e5be6148375e6e0c2,CLEAR,DARKNESS,DRY,"EVASIVE ACTION DUE TO ANIMAL, OBJECT, NONMOTORIST",2.0,21.0,2.0,2.0
086916be875cc655500b8f1c85a178212e45e8faf3edb7122387618a0093478f576c5aaa2145efe5b503b4191ed78c707182052fd48b26878262aa3ee4dcd67e,RAIN,DAYLIGHT,WET,FOLLOWING TOO CLOSELY,2.0,37.5,2.0,2.0
086928e9673fc29360796ef7412507041471ef3012c7830fa9cf7e473a65011b94c9575cffb4a99039a453b083e3ac5489b2c7c9fa9b2ee9aa8b5b95c6364d86,CLEAR,DAYLIGHT,DRY,FOLLOWING TOO CLOSELY,3.0,31.666666666666668,3.0,3.0
086930a5c681fa74037ef4092ac0ae7c2bda8791083c71ab54d4bf1ba00cf517490c140c1a6820006f33feff70e5e91fa6aeedd725e020a3c4976b63708ccf73,CLEAR,DAYLIGHT,DRY,DRIVING SKILLS/KNOWLEDGE/EXPERIENCE,2.0,60.0,1.0,1.0
0869315c61de817f23ee21e11a5b100405923cc7ed0ec1b11df4fc2146d6b09b1f2df2f9849872e6526e5b7bce46ebb61067631e1ef1368d376869227cbd9050,CLEAR,DARKNESS,WET,FAILING TO YIELD RIGHT-OF-WAY,1.0,61.0,1.0,1.0
08693c184d2f9fa86005e0e947e02c797dc3d14c1e7671889d059a6be7e3501edb1e59e7e06ac182a08b5b19c1defeb663a005cf46dc60014efa4e88b0564855,CLEAR,"DARKNESS, LIGHTED ROAD",DRY,DISREGARDING TRAFFIC SIGNALS,3.0,35.5,3.0,3.0
08698df7203ebe14c88441d4143aefe2c83ed50088f74e7646c0557360ff19943c0eed4d509488d4562fa98b957ed987acb6955ab0bb2c905c14caef5db776b5,SNOW,DAYLIGHT,WET,DRIVING SKILLS/KNOWLEDGE/EXPERIENCE,2.0,38.0,2.0,2.0
0869c915f4bc871eabc323c67b13ef000c8bdf0a934639152dbd770abea40304dc5e4345418abdb8cfda6b92103654ae514271faa6efabe786fe45181bf9e153,SNOW,"DARKNESS, LIGHTED ROAD",SNOW OR SLUSH,FAILING TO REDUCE SPEED TO AVOID CRASH,1.0,21.0,1.0,1.0
0869cc8bc2b3e63c8179d8ba21cf44baa73ad27e06968eb1e28ac2620e256060d775c12f5eb13f2d29c6e2a32bea9696578cf47f15233310e5176dd80b14b309,CLEAR,DAYLIGHT,DRY,FAILING TO YIELD RIGHT-OF-WAY,2.0,35.0,3.0,3.0
0869e487e515ece093ceb70377da4411ad7437d0551ae4d0e1b503cfbdfa697c2ac0d98d1f017a933636dd15f3515592df1bd97504117320b2962ff747286928,CLEAR,DAYLIGHT,DRY,FAILING TO YIELD RIGHT-OF-WAY,2.0,62.5,2.0,2.0
0869f6fbe11a18ceec0bf2e946e5967b48016dd4c318fac0c7bb63976a9581ae9c946aa4164dd55dfa66ba2f4f540f498c9bf7b8f36b770fefd99d027c0673f6,CLEAR,DUSK,DRY,DISREGARDING TRAFFIC SIGNALS,2.0,42.5,2.0,2.0
086a701f5e74640122c614576936b63871e7861946697cdf96729e6b6927ab84c016748b9991971997def3eacbe2d77279d8ee23db2e4884bbc68891a805c794,CLEAR,"DARKNESS, LIGHTED ROAD",DRY,IMPROPER TURNING/NO SIGNAL,2.0,27.0,2.0,2.0
086a7214f57d2c53ddea65ef3f82ac6a5827d64bffa370430c5f9dfbd32f0749c8a61a1d1173026ac32e91c186a5cd95524f5a0febae77c7314746910295bae5,CLEAR,DAYLIGHT,DRY,FOLLOWING TOO CLOSELY,2.0,22.0,2.0,2.0
086a77cfa6629c10de02196efc3fc1210f73ef81eec282a4006be6c74836d9393171e0f2fe6849bfcefea8d82e6f4fbc32b7c7297bd8cb80957468fee2ad9d5d,CLEAR,DAYLIGHT,DRY,FOLLOWING TOO CLOSELY,2.0,74.0,2.0,2.0
086a8680f0e16fc66dca3d30f6899fa0c744b45facfa50bac56406c3ff6c2b4194fed46289eb0f4985ba465a7624fd5c4fa826a060112a4e6c08a4d48acae2ff,RAIN,DARKNESS,WET,FAILING TO YIELD RIGHT-OF-WAY,2.0,40.0,2.0,2.0
086a9d586a595969ac141f401107f9d27b480af2069cac40b56d2fb5ffca4e9e59cbd51ade6c612c0a848a0910f304254cfac75c3beb386968e70a10e4f1b829,SNOW,DAYLIGHT,SNOW OR SLUSH,FAILING TO YIELD RIGHT-OF-WAY,2.0,57.5,2.0,2.0
086abbb745ee773e09acd1bc2fbb047be73a4b11a92841f3540d27cab853d3499345f718209b3a3e4e1b38c57de929c89886dc779def445da1297e47c5d2b0b6,CLEAR,"DARKNESS, LIGHTED ROAD",DRY,UNDER THE INFLUENCE OF ALCOHOL/DRUGS (USE WHEN ARREST IS EFFECTED),2.0,34.75,4.0,4.0
086ac273a1381f99469f3761d00f7d22f3052ee37ef437d8e60ebb17edb1ff96e31ca839c6057ee767962aa6d73b454e896d67f3fe487968124cbb234e0459ee,CLEAR,DAYLIGHT,DRY,IMPROPER LANE USAGE,2.0,35.0,2.0,2.0
086ac3f4b662a685bcd2bf0f33ebf9871582f0214849a86c032fa63a24f1614a1a9195313dd98c77e1a6d2ddc35f15e506e616517b6276b185056075ee4590dc,CLEAR,DAYLIGHT,DRY,FOLLOWING TOO CLOSELY,2.0,20.0,3.0,3.0
086ac771cda19cc64ebb33986a1dfa1eb258d03c5e74fcda80369ea693bee387fe68b2eb4eacf2cabea856423a8e2d66160a0a80179b35693010c1e5789a5d31,CLEAR,DAYLIGHT,DRY,FOLLOWING TOO CLOSELY,3.0,39.333333333333336,3.0,3.0
086ada409b66c92a88c1f98431d4921d3831c73a243acaed028e734eeafcc3fdd6938b52eeca58d8c6dd0da3ec105d9c6121960fa1b9425c4b682637d0d83174,CLEAR,DAYLIGHT,DRY,FOLLOWING TOO CLOSELY,2.0,28.0,2.0,2.0
086b0cc01212bcf3178907746c0391749e4b52c632437dbb9223a151273434b3b92c531859e0a997c2fcacb329db635c3e02155431f969180e117628053a8879,CLEAR,DAYLIGHT,DRY,"OPERATING VEHICLE IN ERRATIC, RECKLESS, CARELESS, NEGLIGENT OR AGGRESSIVE MANNER",2.0,48.0,2.0,2.0
086b5c34e5eb178c1b13c663ed649413e8304ab37d200b773315241d20f84c6a0478ecc8e3e858c29ae644c8780be2f818a5aabf98fbf5b2bfc0a39e238ac5b6,CLEAR,"DARKNESS, LIGHTED ROAD",DRY,IMPROPER TURNING/NO SIGNAL,2.0,67.0,2.0,2.0
086b5fd3331c930fe505866b1da662b1633e354fb5d2ac5c8d7ef2cbd3db0947f2760d1166ccef25272fb89f903e63c69ab548a51efaa552423e806beeb5184a,RAIN,"DARKNESS, LIGHTED ROAD",WET,"OPERATING VEHICLE IN ERRATIC, RECKLESS, CARELESS, NEGLIGENT OR AGGRESSIVE MANNER",2.0,37.5,1.0,1.0
086b7d736eafefdd63f49d35dec67f6e5384ffec1421eedb2e33ebc623ed99734d3b6e152eca85c7a27cb103b27dbce17badc334af27cd1556bbf0a687f52645,CLEAR,DAYLIGHT,DRY,FAILING TO REDUCE SPEED TO AVOID CRASH,2.0,38.0,2.0,2.0
086b816ff6d3adac51dc726786dc367aaed2b1012eeb7bcbc3ff6a8c14f86a1cae449f6e3a74f7d3ca06480de02a2a7df2d3fb65d32bb99e4dca16dd3ccdd08a,CLEAR,DAYLIGHT,UNKNOWN,ROAD ENGINEERING/SURFACE/MARKING DEFECTS,1.0,53.0,1.0,1.0
086b8d3b88c6804f6a95ff81ba5a7fc2787ad464b619f3c4c9934892a9463b13d2cf8645e067ce72afabc3502e28d55d53c14e80c3d5efac5bc10b7de7702c9a,UNKNOWN,"DARKNESS, LIGHTED ROAD",UNKNOWN,DRIVING SKILLS/KNOWLEDGE/EXPERIENCE,2.0,37.5,1.0,1.0
086bdb4be08b64aa94c56367e41df51486ec6a58319484ce18e79a54c6a0b874edb38207f2fd3b68e27ec07f411d714627724f2c19c75faceae98c8fd516c7c8,CLEAR,DAYLIGHT,DRY,FOLLOWING TOO CLOSELY,2.0,45.0,2.0,2.0
086c2ec2e429d654d1b83802639a124a0dbdce5b75586ac2bcaf5543823d04056dfb3d4dd49d19015e3537abb6d2a0daf3db2621bb21782d22acba146a76e349,CLEAR,DAYLIGHT,DRY,FAILING TO YIELD RIGHT-OF-WAY,2.0,45.5,3.0,3.0
086c3d87de974e11ec2214566be0117bf7193561f6f365ed85067791ac5cc11a790178734108e463d04d5416fc4a6073367093d3352e2f92b0570268cb4d419c,CLEAR,"DARKNESS, LIGHTED ROAD",DRY,FAILING TO YIELD RIGHT-OF-WAY,2.0,57.0,2.0,2.0
086c473b9d22f89098ff43da05d9a795a233a71d923b344ee62d966d23504c2167c3962b3686e4ffd9480f4486bbf90381ca1b6f5d1bffa2941c9363c9f198d5,CLEAR,DAYLIGHT,DRY,FOLLOWING TOO CLOSELY,2.0,44.0,2.0,2.0
086c49f1334870c9804283c2706c08e3cd9a760042a5c577f72308a0fc8be54874a25d93d45380cdfc0d30bcf09607ad3ce5f73b9a1a62aac6cd8cac42d8aa78,CLEAR,"DARKNESS, LIGHTED ROAD",DRY,FAILING TO REDUCE SPEED TO AVOID CRASH,3.0,38.5,6.0,6.0
086c4a497988299c4fafb881927d235cbbb314336c26d87d0236a2217638714201fea1c32cd85d9919272386d00d3acc6aee2810d15cfa237069a40ec5f70f6c,CLEAR,DAYLIGHT,DRY,IMPROPER BACKING,2.0,32.0,2.0,2.0
086c95e2a281066497810f572ab04b5f1c31d07708056cb31df346c400bafe80f82faf0138fe0f1e0aae5a603ceb4d245edca25025f3b765a4d2fcc21885c292,CLEAR,"DARKNESS, LIGHTED ROAD",DRY,UNDER THE INFLUENCE OF ALCOHOL/DRUGS (USE WHEN ARREST IS EFFECTED),2.0,43.5,2.0,2.0
086cbeb41733bdaff4a181704a16e1bac7136adf37a785c4efe7af398052fb9784dacb2b63c5f51a5e8a539dde00f1dc2bd1fb2a3bbc2fcd08eed81ff31c18d7,CLEAR,DAYLIGHT,DRY,EQUIPMENT - VEHICLE CONDITION,1.0,45.0,1.0,1.0
086ccc21a284af3e0ad58d2cfd0a0b2c6bd6cb2a60089e00e78389a3e781184548715afa10fae052fc373561eb833577ac17dd52fa76a0533ffccfb5164c23c2,CLEAR,DAYLIGHT,DRY,DISREGARDING OTHER TRAFFIC SIGNS,1.0,66.0,1.0,1.0
086ccf0e9dba4f20e0bdae43f0af7641302c8d069e5bbff784d42b66f344215169fa67a5610cf2bddd7acd9f8e2b540010c0007e37975b555bf412548955ba0e,CLEAR,DAYLIGHT,DRY,DRIVING ON WRONG SIDE/WRONG WAY,3.0,57.5,3.0,3.0
086cf33927126ff1964a8dfb9c46ac007893e2425cc40b315fc7ea2544c44ab2ac2289916c5047fbe0da7db139469d98f5ea09ffbc8f12c39c4187a86f581621,CLEAR,DAYLIGHT,DRY,DISREGARDING TRAFFIC SIGNALS,2.0,19.0,4.0,4.0
086d0ebce3005b959031740aec0e2a8010014e656107176c2e2ad7d4decd28dc172f21cddfe9a4d31ca80714835bbc8e0196925ceb0a529bb519ea438fc25a5c,CLEAR,DAYLIGHT,DRY,FOLLOWING TOO CLOSELY,2.0,34.0,2.0,2.0
086d1934d719faac1575a6ac1a43ce37a7cec3650d943428c64d02a010c00b6268edf8a488f9e8438cd39e636256374c118d76d4608b1c4d163194df3f7d9abe,CLEAR,"DARKNESS, LIGHTED ROAD",DRY,"OPERATING VEHICLE IN ERRATIC, RECKLESS, CARELESS, NEGLIGENT OR AGGRESSIVE MANNER",4.0,16.5,2.0,2.0
086d3be840541511d73992192d53fcf3243af475c7b61d94e8a9e5826785ff01b230b31a4dd3f71cc8cee42c19f19d9d55d502b69166789dec4a08b8becf02db,CLEAR,DAYLIGHT,DRY,FAILING TO REDUCE SPEED TO AVOID CRASH,1.0,17.0,2.0,2.0
086d40876ad9fdc2894bad3b2103d1d6a585f014d34223ad0592302740d1f9e115120c1ae39ed4db0bb957e65f909f75a9d8da780c6fa4390c7492e8c545fcef,UNKNOWN,DAYLIGHT,UNKNOWN,FOLLOWING TOO CLOSELY,2.0,46.5,2.0,2.0
086d536d404b4b38306b2cb41fda5784738256d7f4932fb8f16ce4463f29a7a37c4aaced68da79184cf9f3ecbce728cc5d247194ea41e4719bb910be1f0daab9,CLEAR,DAYLIGHT,DRY,FAILING TO YIELD RIGHT-OF-WAY,3.0,35.666666666666664,4.0,4.0
086d692f2c0f6b3bdbfd77bca9207e7deb65b807c455ea78645c4d3e8f4be346ddbbd0895f65ad6575809b78b68e5883020157c39ddd3dfd2341c311f8e476ac,CLEAR,DARKNESS,DRY,DISREGARDING STOP SIGN,2.0,62.0,3.0,3.0
086d833fb424bb96cee377da44f8ec51a3e1f5008a6d5ce0639b1f6c99a716c4446e77048340a7da9d4c9bd4817386e7eea3c6e0e7a1b9e4a1d3d609c3ae6c3c,CLEAR,"DARKNESS, LIGHTED ROAD",DRY,IMPROPER TURNING/NO SIGNAL,2.0,25.333333333333332,7.0,7.0
086da74c999cbdd6b0cc31f437ecadc4d65570946065afea2b5bcecb8c7bc140397c341873d99020f4d305785304a1e0a53c38603ba61d579e320cee7780f9d1,CLEAR,DAYLIGHT,DRY,IMPROPER LANE USAGE,2.0,60.0,2.0,2.0
086de368158c28d807939a19540b87a2390aada45aef0d5e294cefef162e46238cbf4eba9b101bf3cf9deee7500a6215f0e0566bc5265fcb5c7e708c7d61b5a3,SNOW,"DARKNESS, LIGHTED ROAD",SNOW OR SLUSH,IMPROPER BACKING,2.0,37.5,1.0,1.0
086dee8625c6ecbf7822813edf26bc55f89df26cef4de4bb89bc6484d18d12f22cced343e8ca82596acb0df4b2b667c28cf51afe6bf26878453cf8d9d7116f2a,CLEAR,DAYLIGHT,DRY,FAILING TO YIELD RIGHT-OF-WAY,1.0,44.5,2.0,2.0
086deeb5619564a2fd5d65f2528893a4f8cf5773026f5146f7181471ed096e30c277cc75583eb21aa03a15464ec26ec03cc3b56ad2f41a56dc957bc21db9c557,CLOUDY/OVERCAST,DAYLIGHT,UNKNOWN,IMPROPER OVERTAKING/PASSING,2.0,62.0,2.0,2.0
086e37517de13ea6686ec2a8e0187a422d3d53233749c23b98de2665af3f1401f9a91ff40d23c6a23327b15511b01bc866452a33094e153ab532071a13f4f7cf,CLEAR,DUSK,DRY,FAILING TO REDUCE SPEED TO AVOID CRASH,2.0,26.0,1.0,1.0
086e64c032f1416bc6ee051caf16efd79b33c460e0034153d29de859ad7e9469bc9a640587eb1c9f6a35dd9fb1d4522d6dc8eaac9dc40779fd8cb64f43028a45,CLEAR,DAYLIGHT,DRY,DISTRACTION - FROM INSIDE VEHICLE,1.0,38.0,1.0,1.0
086e888347c55c9e7f3c3acc795cb4caa5d120f5f85849dc09af541ac194a082f0cea0ce57bd6e677b2d772f3e83e6f1daf1f3a8c5e967c4b68b67f5dcfbc10a,CLEAR,"DARKNESS, LIGHTED ROAD",DRY,IMPROPER TURNING/NO SIGNAL,2.0,29.0,3.0,3.0
086e8dde2bb2ca6dab6920d968f84357ebf5191f62f597f4d9dd1f2afb3def0795670b00cf0174bcc144228bdce7a8fbde8d85b31a82411dca5bcc2a5525f77d,CLEAR,DAYLIGHT,DRY,FAILING TO REDUCE SPEED TO AVOID CRASH,2.0,35.5,2.0,2.0
086ec6a4d3a1b17822b1cfe992d65a6d29bec8ada3280bdd0b6bcd5fc64947170dbed8d1e9d1d7a38ab1e374528bd53b0167b32bc1163d6bccb12aebb69d42d4,CLEAR,DAYLIGHT,DRY,DRIVING SKILLS/KNOWLEDGE/EXPERIENCE,2.0,36.0,2.0,2.0
086edc3a3e2286a44ca66c6bb3c537875187f4c97dbe54f7c0bee51b62fe728da53fc1abe20c891779d71f0e5d8d2a39ce0b6ef4bf2b899bae6f2495c4a2e3e9,BLOWING SNOW,DAYLIGHT,SNOW OR SLUSH,WEATHER,2.0,37.5,2.0,2.0
086ee5e03849ca39c8174f572e120a7e763ef480fc6f7be0acc0216afe546dc347d397073d5cf514745f2c59ca229ac09fb75157d7f07d14837345bd7c6071ab,CLEAR,DAYLIGHT,DRY,FOLLOWING TOO CLOSELY,2.0,37.5,2.0,2.0
086f09d3e24c833dd292906f8948d5f4bb3b3abd048724e1cee3000e55d632a2d07579630ca2eb69dacd94b8e0f7a063c3b38f077da5fda1f8163521d9280c8f,CLEAR,DAYLIGHT,DRY,IMPROPER LANE USAGE,2.0,27.5,2.0,2.0
086f25d4e26eda935a38ab6f087952aa5c8f77db01e04c0ddd9a319281e7ecc8a4397b4f564804fed1ac7295f18b2881c92fdde158948305d8f3b7bd14354a41,CLEAR,DAYLIGHT,DRY,DRIVING SKILLS/KNOWLEDGE/EXPERIENCE,1.0,36.0,1.0,1.0
086f41e89ce6bc58f740329746a9bc6aa316f3360c84363d90afa0ac33e9f25601cf449f144d46cae4f3cf00d921b0b1d8295dc8c36fbf07c5dafe0b304aa96e,CLEAR,"DARKNESS, LIGHTED ROAD",DRY,FAILING TO REDUCE SPEED TO AVOID CRASH,6.0,36.0,1.0,1.0
086f740aa05e979483b4373020fea2eebac14c6d4ba5d8c805b6a694b4e92acceb8f7eddb9fdd512c9c08dd2d46a1ee34f7a536ba47aed4a5cf88f2195698f49,CLEAR,DAYLIGHT,DRY,IMPROPER TURNING/NO SIGNAL,2.0,24.0,2.0,2.0
086f778d97fb0bb8bab54984b72ac1c40d4069073987f3c37a00a7071ba21ab5c40cfa4675d60fceac35711fd78d746f3ec0aff96e26519cebd2b016dee2da9f,CLEAR,DAYLIGHT,DRY,FAILING TO YIELD RIGHT-OF-WAY,2.0,48.5,2.0,2.0
086f8bc3151af77703911565548094c44737edf3283ba1f5f529318c39cfa573124f141387cf0073af370ca0f7003d9efd064897ef92e5db98faa72a2c07801b,CLEAR,DAYLIGHT,DRY,FAILING TO YIELD RIGHT-OF-WAY,1.0,54.5,2.0,2.0
086fd1fc01ad0bb63eebf499539c60bca0e5957e16b9c3bc17530d1b5dbad7c9f1f17e26c372449f3349cc4b61c05c256ab1eecb071d5a3236c42fe2f6fa6df7,CLEAR,DARKNESS,DRY,FOLLOWING TOO CLOSELY,2.0,28.666666666666668,3.0,3.0
0870012c6dc9373f0ad49762643de33dadf8490bbbe170d1571217d0cd3ca99f1a5f446b58520d22103d3f5a35f4ceb3a2b41eecf085a12b4a695cba6f8e9299,CLEAR,DAYLIGHT,DRY,IMPROPER OVERTAKING/PASSING,2.0,37.5,1.0,1.0
087002a4db41974291aec954362b06ae1f496d795c39c286b8d35a80092b9ded812a5774ca5c95cca2dbfb3c0415b5077d93e5e42add4a23e4ac475c030d9675,CLEAR,DAYLIGHT,DRY,FOLLOWING TOO CLOSELY,2.0,67.0,2.0,2.0
087088ceafcfa5fb97d969b75ac2694adeae0abc4fc5f78d2479644b4f8c80a124e6873f78c239ac436e8f57975684d8a58f080cdc5d4b1ec20b3f6b2ea3dade,CLEAR,DAYLIGHT,DRY,FOLLOWING TOO CLOSELY,2.0,22.0,2.0,2.0
08708d58e0b62f9cf36f74ba0065347eb1e981361a3d6562ad1fee9251013cb89630b99ba5f6396b645bbed7418cd6735a9085e491ec576ace8dfc03e99d3f8c,OTHER,DAYLIGHT,SNOW OR SLUSH,IMPROPER OVERTAKING/PASSING,2.0,32.333333333333336,4.0,4.0
0870c3955df4ab5e45836a34540b2d5f07826e0637fe60688afd0f46f69277b989eb440bb7cec40dd612f439ad80858df22a14d2ab49e1d0ebe9f5bbfcf5e179,CLEAR,DUSK,DRY,DISREGARDING OTHER TRAFFIC SIGNS,4.0,47.75,6.0,6.0
0870dae81eedb9aa7c6a3044ed86aa0936fc7c9b157cf9752389245ad76318c67ff371c6d629e766c47db6022c2e915c4c199ab1431d23ce21d1702c2b3b3928,CLEAR,"DARKNESS, LIGHTED ROAD",DRY,FOLLOWING TOO CLOSELY,3.0,27.0,4.0,4.0
0870e41c4ec5e77bbbe9e470bca200bc8f6ef825ec3b219fc514afe8949192f5469c1bde2474e59711a14b4355183b413a69eee5e67ffd8bffd3a30361962712,CLEAR,DUSK,DRY,FOLLOWING TOO CLOSELY,2.0,47.333333333333336,4.0,4.0
0870efb3cd9136d33fa550b49028e2df48f0c16e22da411b53122fda6a125fca4714526af1ee72b733f2bf9c1b0fb6f06805428b68ccbd4f80fb6e534aa85280,CLEAR,"DARKNESS, LIGHTED ROAD",DRY,IMPROPER BACKING,2.0,48.0,1.0,1.0
0870fe92f8b71baa71d709159e89ad06dfb6874f0393b7cbeceeee768c2803d54fbff48d069fc498559db368aa90eb44db9ca58f8c5a06dc3a1cec540515aaf7,CLEAR,DAYLIGHT,DRY,IMPROPER BACKING,2.0,58.0,3.0,3.0
0871092d380b16a1c86fdf2c7cf04d4fab3447656ea85a86418059226992ab035e64929a79a7f2ee22c71c4efb0de3c7ca3ce4e5baa56b6329cf1c48d7a98a36,CLEAR,"DARKNESS, LIGHTED ROAD",DRY,FAILING TO YIELD RIGHT-OF-WAY,2.0,32.0,2.0,2.0
087136c16bec3f6053cd2c142c4b351b0c73aa10f164470eda909f69160829af369846fe1710c55b99313560d43977b592973d2315058e4a759c1f0df141bcff,CLEAR,DAYLIGHT,DRY,FAILING TO YIELD RIGHT-OF-WAY,2.0,20.5,4.0,4.0
08715c078dfb56972ba34a63d44b945f0eb1d5120467ce250cf130a2c7299eef5f140da5d4a8b8bdacf5fcaae03639ba90b48df0cc0bdd2b5880f9ccea999602,CLEAR,DAYLIGHT,DRY,FAILING TO YIELD RIGHT-OF-WAY,1.0,51.5,2.0,2.0
0871701be8d508ff2c313547e6a5b0b006e60d0ab509acc4eabb456a4a06c215c05a7eecedf8d0e0da325727e95c92281aadbc37436f9eceb315d7ae032eafd0,CLEAR,DAYLIGHT,DRY,FAILING TO YIELD RIGHT-OF-WAY,2.0,34.2,5.0,5.0
087176bafc466b3c046ac1619b395c9dde8b66157ac83f83c4e305345a5e9a810b46dbf0b15cb73e09b3cff5f30692aac43283e9ccad3dfc4676109189a6e980,CLEAR,DAYLIGHT,DRY,IMPROPER BACKING,2.0,70.0,1.0,1.0
08717a9c5bab9ef4c439bf9f8945bf1774506aa237bc7acf65bb55f0d81b41fdb40c9b64f13cc78452c248a6f9ed11ea3fb0b8e9526e3e21d46cfb58e48e5c42,RAIN,DUSK,WET,EQUIPMENT - VEHICLE CONDITION,2.0,28.0,1.0,1.0
08718e8be172736f6f7bd8d66546db769d68ab37fa586731ac68dbd27191220c73da209a5da849323d96ea443548148159dcdfdf55f8b9396bd6ed380372cf56,CLEAR,DAYLIGHT,DRY,IMPROPER OVERTAKING/PASSING,2.0,27.5,2.0,2.0
0872174b7ad9a47cedd41b802d0530f5021b4193cb0727bef6322c89e6bcaa5717655a323bd25ddfbb1d66b2b0c0d3de2ed7cc6f8f2d47540d8e3b3ae02442dc,CLEAR,DAYLIGHT,DRY,IMPROPER BACKING,2.0,25.666666666666668,3.0,3.0
08722bc58de9a83f9e8bbd308aa1133470f0072ee9d06a518805a5fcda1177ba0ceb06dc36e5aba4e178270e37cde1c002740d8c2b86edcdc42bc0c2c3366613,CLEAR,DAYLIGHT,DRY,IMPROPER LANE USAGE,2.0,32.0,2.0,2.0
087258405e40e9f4b8a4585d024416138360c91b07554c57c9485d0d7cf337e0f5466fa606f744c069a74c703f059a5ad53d7ccb81438913ec9dadc555a630c4,CLEAR,DAYLIGHT,DRY,IMPROPER LANE USAGE,3.0,34.666666666666664,4.0,4.0
0872826dfdc2d9307527144a06fb1e82b50ee906272a5ed8e47d7c0aa7ebb2c79ede7f6a02a3bfe65aca5df5b134e1db8a7633d87f2f25b32dfdacdd5bfb940b,CLEAR,DAYLIGHT,DRY,IMPROPER OVERTAKING/PASSING,2.0,23.0,2.0,2.0
08728bdcb6ea0e824650b9497bd1fd42d957062e715d6e2ca35177fb5573da82b915bb195453131319fe89e1f9b3ec80d5e3e515ed5c13bfd3d9064cbc5adf94,RAIN,DAYLIGHT,WET,FOLLOWING TOO CLOSELY,2.0,34.0,2.0,2.0
08729648ad56b06e9831233ed41c3abfb471eba5aed262196f6637b62a78b4664f8e15ed4afcfd6737677fb9f54e3e1f93b79748af3463896059c873684ac654,CLEAR,DAYLIGHT,WET,IMPROPER TURNING/NO SIGNAL,2.0,39.0,2.0,2.0
0872a48d658c304e0cc3dadae2223ef8a3e2c6f9f522ccb15f70962e968063f2d9e64bd99ceb85a73cf4a205d9d9200b27ade9e872dc89ed161f8d655752b167,CLEAR,"DARKNESS, LIGHTED ROAD",DRY,IMPROPER BACKING,2.0,24.0,2.0,2.0
0872ebc5d678ced2ebfe1c8856d6762dd9ca944747c93b9e0e456b537864a4a9ef234ba7fdb19145a8a2ac2ca06ee5401c7e647e8cc0412582082d31810b40ac,CLEAR,DAYLIGHT,DRY,FOLLOWING TOO CLOSELY,2.0,71.5,2.0,2.0
0872fe2de6cc63776300e03c969f2f3995ef54167f4705746ec1750f21c12d5a5b093d37db9e321f6a3e4e6cc9673c576eaaf72f118278b8a0ebfccc8efcae8a,CLEAR,"DARKNESS, LIGHTED ROAD",DRY,"OPERATING VEHICLE IN ERRATIC, RECKLESS, CARELESS, NEGLIGENT OR AGGRESSIVE MANNER",2.0,25.0,2.0,2.0
08731ef85237897d885f6936d030339fe73837a4bea521a32e147105e1b925ba6049f5b4590e94a902ef3d2a13a284b8d91635fe69216ba399858576b8fa808e,CLEAR,DAYLIGHT,DRY,IMPROPER TURNING/NO SIGNAL,2.0,25.666666666666668,3.0,3.0
087349a13a66bee56aa973cb999b5102b153e22e22bc63065b273b94ec01453100f38784039bc89224743d5c28835a44d47e04f252f98969edb540706e0d5a65,CLEAR,DUSK,DRY,FOLLOWING TOO CLOSELY,2.0,37.5,2.0,2.0
08736f83510c24c34dc33d561cd2e4d8d79fe7babf719c00cae89921e34a8c8f2baeaf6848115cefa9a1901497323f7fb6c039fb8e4f6f6e56054dad2b659f4a,CLEAR,DAYLIGHT,DRY,FOLLOWING TOO CLOSELY,2.0,51.5,2.0,2.0
087397e060c8e89fe44e1cd0a099256178d8072acfb6f8342a416e2c1c2e24c8332e9474e57bd662b1bf5510ea15a3ca44ccf57fba9cb9e3aa5663eb1acea72f,CLOUDY/OVERCAST,"DARKNESS, LIGHTED ROAD",DRY,DRIVING SKILLS/KNOWLEDGE/EXPERIENCE,2.0,33.0,2.0,2.0
0873a3a4e2eb8cfd75c1959af7e19a0fe2b7e9636dcf12d228b24e2c8da0ba038024be91f1df4b8755f162da7e5fa70f75a05f184ef814be936a0537112bde08,CLEAR,DUSK,DRY,DRIVING ON WRONG SIDE/WRONG WAY,2.0,40.0,2.0,2.0
0873d6390bba583f26013d6aa542c8bc62ee04a48c83a991bb6fddb603841257abafb8c6ca2ba851c96c0ae95cfa6be0a3c234bc0d9389e3ec7cc6a1af2e9080,CLEAR,DAYLIGHT,DRY,IMPROPER TURNING/NO SIGNAL,2.0,29.5,2.0,2.0