crash_record_id,weather_condition,lighting_condition,roadway_surface_cond,prim_contributory_cause,total_vehicles,avg_driver_age,total_people,total_injured
0873f630e52d6fb462c5b9c4e5d9953348a99281f6bed6d459581affee0e44656490a1fd490cf6b6a1c081d933334fffe5f09252a43aa4dffbf720bba1e470ae,CLEAR,DAYLIGHT,DRY,IMPROPER OVERTAKING/PASSING,2.0,57.0,1.0,1.0
08742b2e403fc5c42f4f1a29bfa07bd8c77e188584f7ed83d32bc57aa25500e64a89edb1c50754d529009915c55bde4fcf4b5245d7df3507a47ae5a216f429bc,CLEAR,DUSK,DRY,FAILING TO YIELD RIGHT-OF-WAY,2.0,21.5,2.0,2.0
087432af123721a56a1e00f4fdf21b670f0bf71548c321e501363b8964352aecd13f1a69d91d570b7f1d4cb06ac534c3f941853751f9bb29dacd2bbd90632d6b,CLEAR,DAYLIGHT,DRY,DRIVING SKILLS/KNOWLEDGE/EXPERIENCE,2.0,44.5,2.0,2.0
087441a59113de293fedc6a12225338c3cd35477f7e8c13eb0f0aa1a76c083318001b66b2ed96e4c85929dacb66bad4e987fa1c3661877e7e21d0c4a5512b46f,CLEAR,DUSK,DRY,FAILING TO YIELD RIGHT-OF-WAY,2.0,31.166666666666668,6.0,6.0
08744ceee2ec09375fb10f9160306227c1dff8a74d0fd592bafe19990bec332e315a768e09467802d58fc59a75eb9841145b7f75155b067f857c133166e51014,CLEAR,DAYLIGHT,DRY,FAILING TO YIELD RIGHT-OF-WAY,2.0,32.0,3.0,3.0
0874601be95d19ccc9f8ca29a104a871af6f275a72c04a8e47f92862ffa66e85298b07233ee7265ecc06669d458b75fb475af5f625182857c842f93727dbc258,CLEAR,"DARKNESS, LIGHTED ROAD",DRY,IMPROPER BACKING,2.0,54.5,2.0,2.0
087478fea9a1ac80b1c75ba9dfd8e83dac437afb78b97c663b09f494028b8ae5a4750d4127d0500b4b5844e29d6ca5e45c5853822a344a1224f71eeab0843514,CLEAR,"DARKNESS, LIGHTED ROAD",DRY,DRIVING SKILLS/KNOWLEDGE/EXPERIENCE,3.0,37.5,1.0,1.0
087484ba3d875036524acc2dee34acb4e114b0e48e4caf469dfd8d4b2fec3163342974f6a6ceca3cae485eaeb3b210b6326dda9703da8095e234ebab9c697fdf,CLEAR,"DARKNESS, LIGHTED ROAD",SNOW OR SLUSH,FAILING TO YIELD RIGHT-OF-WAY,2.0,63.0,2.0,2.0
0874a02bfdfc62cb00ac248eeecd97e0365a131852fd396005278ed0e809ff3678ad4ae7b8a72d073ee94a546c5fc8366c3507717fb6e4ad46d2a39962341876,CLEAR,DAYLIGHT,DRY,FOLLOWING TOO CLOSELY,2.0,29.5,3.0,3.0
0874a25770524e8330fa88efeb7696d95d7808b861c97c1dac8a69b518fe1f3bff4bdcdfc9edf37d634d53ff766a504d8774034711e2a1a5233ec24e129615d2,CLEAR,DAYLIGHT,DRY,IMPROPER OVERTAKING/PASSING,2.0,55.0,3.0,3.0
0874ac59ef54e82fc480a3709a58c719ed55a983e5a6a0458d50d07a11a7b5e27b10f2bd4a4f3cf14c709cffd2ea8e8f210295043e1bb07db1308c107d607f3f,CLEAR,"DARKNESS, LIGHTED ROAD",WET,HAD BEEN DRINKING (USE WHEN ARREST IS NOT MADE),2.0,20.5,3.0,3.0
0874ae23f16c99d5cae18ac0195a0325b8a1f52b2c454703dc6e769dc51af42cfba7a932d1ed0f223d5b4739895fa0bc51163bd07272d03acbe388c955af0e3c,CLEAR,DAYLIGHT,DRY,FOLLOWING TOO CLOSELY,2.0,33.5,4.0,4.0
0874b98cec582743eaa2c753429e988accb83060d7b10f568f2bebd3c02800953825fd602470ad2ee368013ba778c5078880069feb66cbe7764dbf21e7e628e8,CLEAR,DAYLIGHT,DRY,FOLLOWING TOO CLOSELY,2.0,57.0,1.0,1.0
0874bc07dd3d5cb52018f3a436ecd3464c457344d5c86a0ee87e80d4833a6b6da249250ed31c670cc35fd9a891983ce9eb7b0b7f555bc92562b11b6e4b309b3e,CLEAR,"DARKNESS, LIGHTED ROAD",DRY,FAILING TO YIELD RIGHT-OF-WAY,2.0,41.5,2.0,2.0
0874d992dce6ee7b758c68e7967b1de38c1a5686d03512e5615ef66c9f1d85b810fd5069a3ef8c0ef69846209f0e253ab518de9aeec170699775608de0556662,CLEAR,DAYLIGHT,DRY,FAILING TO YIELD RIGHT-OF-WAY,1.0,53.5,2.0,2.0
0874f34f4eb16b6d5c4d81bb7f2762dadeac3487455cc512b9d6cfc7544bec5a9b546505014278d1b724229ffcd2629b8f6e9dfdd6ed9b4566977f3ac322d24e,CLEAR,DAYLIGHT,DRY,FAILING TO YIELD RIGHT-OF-WAY,2.0,27.5,2.0,2.0
08750cee1593370c3a8aaf2fc141e4603f7be7a0ebb084de5b028693fa1d853f714672d0b38fd895c9984c50a34f4b2d1d77d445694f3808350ed5694f1a2392,CLEAR,DAYLIGHT,DRY,FAILING TO YIELD RIGHT-OF-WAY,2.0,25.5,2.0,2.0
08754179dee6bfec8f5d151423cff41f3f5f922bffba11b04eabe53a387aeab79ec649d07d0bc1c1a0e9efa110b22ff45d93fe4a742487681548166a1d2a7b0c,CLEAR,"DARKNESS, LIGHTED ROAD",DRY,IMPROPER TURNING/NO SIGNAL,2.0,50.0,2.0,2.0
08757eb74bfcb46758e6a8f5f46903f991ddc79d4d2caf81966547a9018c262a77412ed087cab8b889f126b3c4524d00be8621251fc6a9052d9d4c0d39afbaee,CLEAR,DAYLIGHT,DRY,IMPROPER OVERTAKING/PASSING,2.0,36.0,2.0,2.0
08758049ba8ed65a67a8e9d5e24f32f1da7114bcfd519e9d4881bbbf2ce1078db61c629c10bde28f6188271f4f5f74c7fc2fae46dca1252435a2f75f198b079d,CLEAR,DAYLIGHT,DRY,FAILING TO REDUCE SPEED TO AVOID CRASH,2.0,31.5,2.0,2.0
087585210365de73b1a547fa507414f82fe5fb79c55a7ad0335187a4db8143cc87646edf40d7d487376835feb65644052406a89eed08a5f7d9b8628bd0ff98b9,CLEAR,DAYLIGHT,DRY,FOLLOWING TOO CLOSELY,2.0,37.5,1.0,1.0
0875a30f1a393a36621a2e995c15da9f9753ffc9667722cda8f66e871e5770dc993ae185aa9b6f22c48c5f59c80d7365382fa3afb1e78c29d96c3d7b34d00d75,CLEAR,DAYLIGHT,DRY,DRIVING SKILLS/KNOWLEDGE/EXPERIENCE,2.0,26.0,2.0,2.0
0875a350fc9d6c10ea7b9372864c9549ee06a1e7be39a116c0cbabfdde7ae300c9507ef5318bb7533f19fd118e7a8ac1ac34560620033506f8c64ce36d6e0144,CLEAR,DAYLIGHT,DRY,DISREGARDING TRAFFIC SIGNALS,2.0,60.0,2.0,2.0
0875be2ba9e99b8b7ced073aebdc3f36c921dfa7497925aab7b2471a9559dfb60f7b14a519e0943a72778804edfafcca4296e53eeef16fba8993239bd1b20e24,CLEAR,DUSK,UNKNOWN,IMPROPER BACKING,2.0,48.0,1.0,1.0
0875be9f0ce0601207110134a7e94b9e9d1b3511b65c20edf0bd9dcccde1eeecbfa826450022a956b732b15a726b51afe178fd9829cdec30bea76de051039175,CLEAR,DAYLIGHT,DRY,FOLLOWING TOO CLOSELY,2.0,45.5,2.0,2.0
0875bf4e94907f7a596584a690a3b28c3c4e6e0e9e5e45fabda0e93a265341220da5b7e86753b98b4cb6fa63b35211e0eceeeebc1b914b84c4be87601f4ce887,RAIN,DAYLIGHT,WET,IMPROPER BACKING,2.0,43.0,2.0,2.0
0875ce0b2be25a02d1f007bc00c341aaf0c6017916caac46d31b7277af05b0beb2d3752b552647497d995d86e6505566aaeab53073bcb6d865cc02e3a564812d,CLEAR,DAYLIGHT,DRY,IMPROPER LANE USAGE,2.0,33.0,2.0,2.0
0875ee5fb65014e91e1f856b95aa1c71c3d26b770aa62c91e8ea7d93329b1986eb85d2fb21208ed164433e539148ae7ce44d4bd7afbd61129a001d0124196c1f,CLEAR,"DARKNESS, LIGHTED ROAD",DRY,DISTRACTION - FROM INSIDE VEHICLE,3.0,32.0,1.0,1.0
08761042c1ff5f1bc7f844bde1f4ae507b68ac13c56bcc5a8cf74abee6aefe989b043faf3574f5e39c9cc0190daac78ed775caa528b2ff8c64d5b01d463c655a,CLEAR,DAYLIGHT,DRY,IMPROPER TURNING/NO SIGNAL,2.0,52.0,3.0,3.0
087639efdc2c227263b5f954baf598b684442c9aa0d928a9b21fd1553ad89cabab5d598622216530b5392365dbf8596dc5a611e1176cbb280ac510937c5a6856,CLEAR,"DARKNESS, LIGHTED ROAD",DRY,IMPROPER OVERTAKING/PASSING,2.0,41.0,1.0,1.0
087694f260246fc753f4fab8fa7f6d2861e466200622ed7f287b14e5bf4145c5d477fe53f584d2c6a33b11682dfd659043ea6a5e6ccb8d0861c1d0670b7d9c61,CLOUDY/OVERCAST,DAYLIGHT,DRY,IMPROPER BACKING,2.0,34.5,3.0,3.0
0876d9e4a0a88fbc080765095f34008087f7486828be3557f99a3397930c246145cca6ffc2fc6a20a74f60ad1e7b2210032ca353c34b290621f3c6029dc187a6,CLEAR,DUSK,DRY,DISREGARDING TRAFFIC SIGNALS,2.0,49.0,2.0,2.0
0876f2103758b88c2328a5e69525cf51f15fa1548ba62df94d79cb83280a0fe77086a6c50dcb2997a32eb508aaa77f1a8280cdd5b84ab14f7cdb85cddb496c47,CLEAR,"DARKNESS, LIGHTED ROAD",DRY,DISREGARDING TRAFFIC SIGNALS,2.0,55.0,5.0,5.0
087728d96e9a022da093077eb4076f1f7f9322e4a0934f9970039274b640d093c753cd713c34ccea3a139245d11892e3dcfdc5be6693bb9c3b1c1c57a788991b,RAIN,"DARKNESS, LIGHTED ROAD",WET,IMPROPER BACKING,2.0,53.0,2.0,2.0
087733137dda3e773374e8ff504463c92214e4de678b62d5a6a14dfdeaf6143a35a7641add7ffcc6e5108527731b335dda7be0579aae1cbbe751cbd78b9cd9d1,CLEAR,DARKNESS,UNKNOWN,IMPROPER LANE USAGE,2.0,34.5,2.0,2.0
0877744d19c70383a145075e950d105681e5ad64b55b0ca6c83ff0e08b2ee4d4eb16559cf32b3a61a75668e37c48a7a74fb7599576a396fe5d4e280f7170840c,CLEAR,DAYLIGHT,DRY,IMPROPER OVERTAKING/PASSING,2.0,54.0,2.0,2.0
08777baeceb3d580f3760187c4896348f7c28aecf98dd08bc23ae879b1f200249577e2035bb08ea4ab928e037d73095b40664ea0b9206d2ae64f111e80b414f0,CLEAR,DAYLIGHT,DRY,FAILING TO YIELD RIGHT-OF-WAY,2.0,43.0,2.0,2.0
0877842d032cc4f923738b1587aa560d34c0fa12ac697e92554a06fe57513667858eb5a4325492fa36c83a01893937bf234162d9fe7aca96278b9389384387a1,CLEAR,DAYLIGHT,DRY,FAILING TO YIELD RIGHT-OF-WAY,2.0,45.5,2.0,2.0
0877e606f10a93cd4f2d9b0459f14cac83eabac7d55cf05edb76f783cd6d8b652deb6e696fd618c63344de83e41794b9e45d546d353d2d7c26b90ba6027ba46a,CLEAR,DAYLIGHT,DRY,IMPROPER LANE USAGE,2.0,23.0,2.0,2.0
08780f5be36242ba5214c0ea9f03d499a496e024047b3c1c286fa16869779ff8604727ee00c48f0bb8172de7ac92a2b65dcd327c32c02f91db0a6ec484037512,SLEET/HAIL,DARKNESS,OTHER,EXCEEDING SAFE SPEED FOR CONDITIONS,1.0,24.0,3.0,3.0
087817a6e00da1d29c698e00765d2eefe14e54740650939665473e2a8b5b29220694e7b45118315382004f119f67763a089cb7fe32071f24852cf68090e8dd91,RAIN,DAYLIGHT,WET,IMPROPER TURNING/NO SIGNAL,2.0,29.5,2.0,2.0
08781966cf1ea55dd0709d6470b2cf0fd5daac74b05ba2643b6b056a3c696143a26b514a4553b93dc0daaea6480739768a4147481d4d709b1f77278f53b4277b,CLEAR,DAYLIGHT,DRY,IMPROPER TURNING/NO SIGNAL,2.0,37.5,1.0,1.0
08783353381681d1041e5dcca58c46882ea8245047708fa9bab7347a074094bb29ad0ebfebaa681e4717914acc8d2d376ae3851d7f2de50573650807bba7ec56,RAIN,DAYLIGHT,WET,FOLLOWING TOO CLOSELY,2.0,41.0,4.0,4.0
0878837b0e012bcec90704a48476944cc94bd0fcf6b44b7e3acc5a6fda28ed9d6bc548cf054c2bf29636cc5f1ff1521ea42b0bc0e54e06bfe6594d2fb03de274,CLEAR,"DARKNESS, LIGHTED ROAD",DRY,FAILING TO REDUCE SPEED TO AVOID CRASH,2.0,42.25,4.0,4.0
0878cd8b8661b46f54107616586395efcf82851340969a11d0d023c006675f7bb1104aa2a131cfec630459f7fb9202348a90ef098d2bf07b73c4f876f663316c,CLEAR,DAYLIGHT,DRY,FAILING TO YIELD RIGHT-OF-WAY,2.0,67.0,2.0,2.0
0878d26fbb1189fe373f7b7cb6845d7fb8289e1f49d9bf10b18417bba003229c2095101c0982a43f37093bd5f2c808c8255b2f1e6a48e55a8d017430659ae138,CLEAR,"DARKNESS, LIGHTED ROAD",DRY,FAILING TO YIELD RIGHT-OF-WAY,2.0,48.0,3.0,3.0
087923d27aae25167c892c8f246d46c57fedcfcd1c05f2293bc4cf21a198741f2c6db299f2e423e9c58c73d989bc6db65f34740ba728358e71e04dfdc3b451e8,CLEAR,"DARKNESS, LIGHTED ROAD",DRY,DRIVING SKILLS/KNOWLEDGE/EXPERIENCE,1.0,40.0,1.0,1.0
08795020f906d6c7395c423cfe6a739afd0183cd983b461acf2ae414124dfef5e7ad097ea932f6f4b8ed80055a269cb56eeff1d887b35b70b9f7e2dbd50be637,CLEAR,DAYLIGHT,DRY,FAILING TO YIELD RIGHT-OF-WAY,2.0,43.5,2.0,2.0
0879dbd5181f06929b23232c20983ed220a6159e2a851b3357dadb6d0826216f812a882b110ba7b56ae865889e08354a32f0c4234bf20a48bc072c5936bb3dfa,CLEAR,DAYLIGHT,DRY,FAILING TO REDUCE SPEED TO AVOID CRASH,3.0,30.0,4.0,4.0
0879edb25eccb81922a5c064caed598f08a8f96994c36326afcbd542a1ac13bbb5d99456765657a72695606aeeab7a5757eab7a699b96cb08de2a9ac36c25788,CLEAR,DAYLIGHT,DRY,IMPROPER TURNING/NO SIGNAL,2.0,23.0,2.0,2.0
087a0769794529551b14fa332ab2eea67492ba93c8ae73b495a096c60b4668fc510e41a36f0303e41f16adfe2a72cb0925dcde2a614960369270638bef50a331,CLEAR,DAYLIGHT,DRY,FOLLOWING TOO CLOSELY,2.0,16.333333333333332,4.0,4.0
087a4317f89c2210ac92e609f19e87318763119412709fe8241ab2e93eb4a09d54e7173ddc833f626dc9d43e59ca0811e4407e8a1f4f1543b4074f55f7bd1408,CLEAR,DUSK,DRY,FOLLOWING TOO CLOSELY,2.0,44.0,2.0,2.0
087a7412971ff31463442ed77824a716aebfcd85db78626bb9a184533275de93c63afb9320a8052796d0c97ae5f309877bf0c7e3fcbd7351529ccb06de9cd0ee,CLEAR,"DARKNESS, LIGHTED ROAD",DRY,FAILING TO YIELD RIGHT-OF-WAY,2.0,50.4,6.0,6.0
087a85def7bf78f30401a9b5409f7d34fab5b7539d59fff635dce34c9b68676f152187b72ef4e14cb726d6f4b25886b109050cfdc850219f907bffe03b88bf68,SNOW,DARKNESS,WET,IMPROPER OVERTAKING/PASSING,1.0,65.0,1.0,1.0
087ab87ab3c45be96f8fe662cc1a41a956d06b75196a3ed5c0f41d11d622b1c8a968f24aab805eec7f8b732e34f9fd7915df8423a34c5fe5f1e78429b7580e1e,CLEAR,DAYLIGHT,DRY,FAILING TO YIELD RIGHT-OF-WAY,2.0,42.5,2.0,2.0
087abb9ae2b6158195410ed4c07b1c982dc3d870017a1cc178dc0f9d967977f0aa0cb1c469d27bd6bf2bfab3543ba95de5277dbfe3fd00307af36547e3ddab34,CLEAR,DAYLIGHT,DRY,IMPROPER BACKING,2.0,51.0,1.0,1.0
087acb8518b8fdb3965d40a762509d358acd2e92ac5c555fe463f76c284994ad7a04d046f2808322bcaace7d7f96dd6659aeabcd874ad2e196ec448702faf1c5,CLEAR,DAYLIGHT,DRY,IMPROPER OVERTAKING/PASSING,2.0,25.5,3.0,3.0
087afaf46e2c5dd3492aa4fcb26e30e1b859397f0102f58385fa2d9d2497316b991280b0a50b4b2ec786e67d6554eb3befb0b5ac930a9f124515a3c0066b9c64,UNKNOWN,UNKNOWN,UNKNOWN,IMPROPER OVERTAKING/PASSING,2.0,20.0,1.0,1.0
087afdc4c9e600363fdf115801ceb6b0bf06465834f351311e23bd145aec873b600ed33a564eb10654bcbf76997f97f16f286bf3d4b0c9151ae69dc5baf74e7b,RAIN,DAYLIGHT,WET,DISREGARDING TRAFFIC SIGNALS,2.0,32.0,2.0,2.0
087b147652c0d487ae5ca98ebee0e782aa122caca1f8e7d1036644888d4b62422f015f745d4de9a4778c57717afab5927a0bba305df0a606d3bda36d1a73c961,CLEAR,DAYLIGHT,DRY,FAILING TO YIELD RIGHT-OF-WAY,2.0,32.0,2.0,2.0
087b1590ebcee55c06670fa6d170eecf7381298a21ad351b087bdfb742ecd28c69824240c227551d657f78dad31975a7b089bea6fe411d0d1ba56b5dfad7525b,RAIN,"DARKNESS, LIGHTED ROAD",WET,IMPROPER BACKING,2.0,37.5,2.0,2.0
087b4d875e4255cb8c544a2b0ee20c24e5ba523cdc3943fa7bf464c07f2e76840eee4363331d06435357709b2edcf09f894a4d4dd1f02ed8989f8aa64fe5a4b6,CLEAR,DAYLIGHT,DRY,"EVASIVE ACTION DUE TO ANIMAL, OBJECT, NONMOTORIST",3.0,37.0,1.0,1.0
087b780b0472bfbcfe92c7865815b5c8eea508834b00c3aa7913e618aec404ed7e93e46ef3ba901787651cc8d9addeeb4663ff39e0cd020003fe019f1e230708,CLEAR,DAYLIGHT,DRY,DISREGARDING STOP SIGN,2.0,31.333333333333332,3.0,3.0
087b8feb4da42ee10fee6c61443ea4c330dc52c61fd4b178f60538b05663c0bd4a21283cdb0ec05ed4e27d1638cdf0a3286eaa11b5a599d99d24675dcd34325e,CLEAR,"DARKNESS, LIGHTED ROAD",DRY,FAILING TO YIELD RIGHT-OF-WAY,2.0,28.333333333333332,3.0,3.0
087bdcec0700718c5d1eb7a8bceab1aac62f635148ee3c61d8a2def4dff4f9d84b861ac1e5282b24f4e09091f3ee086af9763f3605964a8ab831e46f42c7ee91,CLEAR,"DARKNESS, LIGHTED ROAD",DRY,DRIVING SKILLS/KNOWLEDGE/EXPERIENCE,2.0,37.5,2.0,2.0
087bebf31a4298505fb882b050d59f1408a6046f2fdac7d04537d40f6606da652008f90878676e1a8c78fc148c84fc0bdb0d9172c820edbaa80b05eb5094b541,CLEAR,DAYLIGHT,DRY,IMPROPER BACKING,2.0,43.0,1.0,1.0
087beef303c0cd21efc56742680e7fa87a8c7d3453a439264ed0478d9b963346b3c35e11e10b7116051babf51c845a9536b7ee46b76e6e68ac9534cf0a8ec6e3,CLEAR,"DARKNESS, LIGHTED ROAD",WET,FOLLOWING TOO CLOSELY,2.0,39.0,2.0,2.0
087bfa44559e56a5c21e07a72a358546c09c5a8e04943cce877b0c1267b9d11fd82ec40516f9548f6d9739186735feb5528fc2875f391f465ad04d0d90337fa9,CLEAR,DARKNESS,DRY,PHYSICAL CONDITION OF DRIVER,2.0,43.0,1.0,1.0
087c0435b7f9a043bad86a4d6602b695f3ddb01ad23efd0095cf9c79921672b0337da72dd07e93459b421ff6c0e0231b7a7c2d9fa34e6315ecf42613b819580c,CLOUDY/OVERCAST,DAYLIGHT,DRY,IMPROPER BACKING,2.0,51.0,1.0,1.0
087c1b0aa23e0f35542ebd6bad1d6ccfde3710ae651e2b227b28e814318c536dbca6dbb6ca14a924e32fb29a5ca04bf8bab2273b1e41be6d0450932514ed01fa,CLEAR,DAYLIGHT,DRY,DRIVING SKILLS/KNOWLEDGE/EXPERIENCE,2.0,33.5,2.0,2.0
087c1f2c77bdf1ee7ad666d4a1f91d2293dae6be365b5e722b34cfcfa8bd24d8dec4b2b6955fcf82453a3d06d7aa46c648061bfc99b92c37b331e3986c801992,CLEAR,DAYLIGHT,DRY,IMPROPER LANE USAGE,2.0,36.666666666666664,3.0,3.0
087c53e509304344b571bbc6ba65bcf4928e3d822126ff558e7e244e517dfb445b9166bd0be54aa0e5b87aff33111715f78764ed2aaeb643c1064345a4597bb2,CLEAR,DAYLIGHT,DRY,FOLLOWING TOO CLOSELY,2.0,37.5,1.0,1.0
087c57c71bcacc2ce888adae8664c359eee4248f376f31524c7417f31a5d152b4be41a702abd944ba768f8f5046463be03d23890f5a9db576b1e87b522762315,CLEAR,DAYLIGHT,DRY,FOLLOWING TOO CLOSELY,2.0,55.0,2.0,2.0
087c9b28fb844cd6dd15fdd59710642e6f4dd40666837702a152c136d99291dee3e1b7af4f8bdb6eaf67536cda1c2d96e89c1f80a347165c32ae3dcf2d3809ab,CLEAR,"DARKNESS, LIGHTED ROAD",DRY,PHYSICAL CONDITION OF DRIVER,3.0,19.0,1.0,1.0
087cb5b3e934bbc7bc58c7de63d22931c021587380ef2b6c2bcfbbe48b5deb2aa3e950f0f1e69232917ed36c46a231bcddf2e411e2a3291128245e63bc2c9d48,CLEAR,DAYLIGHT,DRY,DISREGARDING STOP SIGN,1.0,33.666666666666664,5.0,5.0
087cee14979d3916445e1e7912b639493e782df33035ffd8a50932acb2393ff5d6fa32cae3194955f7b22f4bc3911df62227de18598d75e97ff7569e5df4b5d7,RAIN,DAYLIGHT,WET,IMPROPER OVERTAKING/PASSING,2.0,32.0,2.0,2.0
087cf80db0db6a33f8a16be43434921b8c7a8cac12c01b11cb7134a9767941709112fb21ecda3519f66bbe61bfb4c07a70491b5c9fd1d824ad13faf2da85d282,CLEAR,DAYLIGHT,DRY,FAILING TO YIELD RIGHT-OF-WAY,2.0,27.0,2.0,2.0
087cfc86051c5711b70234f6aa1d965a36d7fa0753beb4b235f172f2a57ba23472f50a73da4eb86b01355800b36557f065b322818126de72094ea84edcd8deea,CLEAR,DAYLIGHT,DRY,FOLLOWING TOO CLOSELY,2.0,74.0,3.0,3.0
087d5c0b0102f3997b21621461a8cd976b326264289e64d83e03285b786ec1926f687ce1c039afe427d2c8a4da14d96bf8b2a123cb29902e6e39937ef8b894ff,CLEAR,DAYLIGHT,DRY,DISTRACTION - FROM INSIDE VEHICLE,2.0,35.0,2.0,2.0
087d8b8a4b7096ca9db091e400efd76f3af654cfe9f41fbbbb5ce3cdc91337597f565c900265fee43a3875d2fc24978af520f3ac3ace3f8895d5f4545a9f145f,CLOUDY/OVERCAST,DAYLIGHT,DRY,FAILING TO YIELD RIGHT-OF-WAY,2.0,57.5,2.0,2.0
087db961051cf7c8130a0440830471b9a88a47caa0c2a35b705b803af6808fe8e2326ebd2121ec94e0b34c572e5228aa784340b015b5e5ae14c234ae546e942e,CLEAR,DAYLIGHT,DRY,FAILING TO REDUCE SPEED TO AVOID CRASH,2.0,57.75,4.0,4.0
087e32ef674321a116e8a22cff0bd730db39faf55ee1bce7f69f03fbf8acb99a13804d6a534ab996634595b562e5c5bf89d56388715c0727a2041a9ad65764a8,FREEZING RAIN/DRIZZLE,DAWN,WET,WEATHER,2.0,34.0,2.0,2.0
087e47830006bd010319949e65b8c3aa9da4d8a2ef639b3c204ec89eb70600780548653a70edb52efa5e1e7c818d2f7378ee2217c03cafbba1ac98c6bfd7b7db,CLEAR,DAYLIGHT,DRY,FOLLOWING TOO CLOSELY,3.0,25.833333333333332,7.0,7.0
087edbe5fde86eed889fcabc5b9462cd4cb3364b76e76d879e9055fc8fa94ed6e08feb23b357ecdd0a414c07991dc5ca0f73519ccfc297d1ac88c569c86c6f30,RAIN,"DARKNESS, LIGHTED ROAD",WET,FOLLOWING TOO CLOSELY,2.0,18.0,2.0,2.0
087ee97ac6ab5807ab99fc0c0a98d6bc15fd3d1973f14b3a1a0d922997f6a86fa73d8e63930f639f47d1096ff75ce75af9fe16626079f1f8efff53bc059b4b01,CLEAR,DAYLIGHT,DRY,FOLLOWING TOO CLOSELY,2.0,43.5,2.0,2.0
087f3acdbd08d041e59a19e1067833de20ea01c747b2eff49ddf5bfb6dd4acf20a32446c3abd225d94dd38d8ffe6f595cf5e8c364c0f8b5973841fc41084f057,CLEAR,DAYLIGHT,DRY,FAILING TO YIELD RIGHT-OF-WAY,2.0,27.5,2.0,2.0
087f52917074a1f0d3cd00d86ca642729ff3f28a8cd79360ecc041e3191ed035840cb854acfd80d6472acf6924085758c4c6c1313fe3bf837ff0e6afa845f3a3,CLEAR,DAYLIGHT,DRY,WEATHER,1.0,37.5,1.0,0.0
087f5b1efffffd349abb83166694c536848cdbb98f8d6bd7b1d325673c93f2241272f0349e11618641c73c47309d948db52da1004d133d4ce4cd78a1befb3407,CLEAR,DAWN,DRY,FOLLOWING TOO CLOSELY,3.0,32.333333333333336,3.0,3.0
087f6ca696ea424144925edb3b759954af40e45dfa4bdf40b12f02006a2ee3e8294de13bbaeb7f159437d3e410deed2d7416f975a00b7089c2d6837d16a70911,CLEAR,"DARKNESS, LIGHTED ROAD",DRY,FOLLOWING TOO CLOSELY,2.0,40.5,2.0,2.0
087fe549a855779da5c4713c6eb6add229d0dbf6e2479cc0266c16dcb5f43effcf45cca8b26977d72e48e37bc9d43ce607831e0e87f8cf212993c0ce1b6d8259,CLEAR,DAYLIGHT,DRY,FAILING TO YIELD RIGHT-OF-WAY,2.0,21.0,3.0,3.0
088034d881688ff307ed1a4cc55a62a2b9cca49d4c4bebf48e61a93fa800f2d0290c34704836ceb4188580c2a448863f060cf81903a36adfb05b6d516c717e46,SNOW,DAYLIGHT,WET,DISREGARDING TRAFFIC SIGNALS,1.0,36.666666666666664,3.0,3.0
088048083517cf2ebf771759be30735d91ff9028609b491b623a32c6c08cdda453b71122941386e33f0a539c2e5655734b4a60c2dee3f34cd8f91a7ae8989def,CLEAR,DAYLIGHT,DRY,FOLLOWING TOO CLOSELY,2.0,53.5,2.0,2.0
08804e33588c68076b1b97fa4bbd822aede6e59fda006055d4cc2aa402ac18457c0bd984152645c16c69adba45346ccb9c77db094730c7e0f0ab0773fe512416,UNKNOWN,UNKNOWN,UNKNOWN,IMPROPER OVERTAKING/PASSING,2.0,37.5,1.0,1.0
088061d9b7e5ab5b1353517ebefcadca065c20de8ca860e36ec91082e55a873f599c5d8832612471300158af10e54df03ef05130f27de119b792d50c16367972,UNKNOWN,UNKNOWN,UNKNOWN,DISREGARDING TRAFFIC SIGNALS,1.0,42.0,2.0,2.0
08807d37e03a75d96d823c5f3adde6f355163308b74861a541c855bf0dd5bac4616fbdace00592398f624bb4c04f0382d3417e4640a2a188e51be8d949f909c8,CLEAR,DAYLIGHT,DRY,DISREGARDING TRAFFIC SIGNALS,2.0,37.5,2.0,2.0
08810bc54e89058e070e9551e92f733c15c3f006ca6775b313f5fe304283ce386a06b97b8f4f6b9cc30bdd936c09940a3d25e12e0f5ae260a917c2cd962fd2b0,CLEAR,"DARKNESS, LIGHTED ROAD",DRY,DISREGARDING TRAFFIC SIGNALS,2.0,29.0,3.0,3.0
088119de3ced1d8a832df364262aef130d824d300832c6b745d9caea98d1de512d56b172fb070d926ec0e78062287787c7c2d14464a9e8aa836e358d637a3fc4,CLEAR,"DARKNESS, LIGHTED ROAD",WET,WEATHER,1.0,61.0,1.0,1.0
08812a614c73cca6a665580b318a934f08be37ee73d4c2b51772692d3191c1e80aee2ee9b1453fbb98de126eb97731830a8c65b9c6412443354e879d4702d9ad,CLEAR,DAYLIGHT,DRY,FAILING TO YIELD RIGHT-OF-WAY,2.0,34.5,2.0,2.0