crash_record_id,weather_condition,lighting_condition,roadway_surface_cond,prim_contributory_cause,total_vehicles,avg_driver_age,total_people,total_injured
08814bacd9997ea2f680e123d0cb6cbc77023c0b4f92e5518738d7347139448818387e9ad1c7db2374deb69cc6f002e4f783d8fff33a3070d5887e30689d4251,CLOUDY/OVERCAST,DAWN,OTHER,FOLLOWING TOO CLOSELY,3.0,30.333333333333332,3.0,3.0
0881940869d103441b21364edeb12e2943997b71dc324cfb9ad2924a4c2e946aeb86c3bb57e2ad3b0da0a35e858113cf2d34a44afe42fc3e98ac255ae28f7770,CLEAR,"DARKNESS, LIGHTED ROAD",DRY,PHYSICAL CONDITION OF DRIVER,3.0,38.0,1.0,1.0
0881dca6bf3f3f9ea5c661e1dfa9c11eb170c05f7996c64ddcd54203c1f5ff77e6cc5e792fbde19a51047c4da7d0c7967ed04ac991c3bcf620d4eb9c44c58edc,CLEAR,DAYLIGHT,DRY,IMPROPER LANE USAGE,2.0,45.0,2.0,2.0
0881f9dde780e4b96bdd1de504b92754a806c43ff1dd109e3a1b696c470c4902e2caa5e73d6e137cf3288bfb508d1aead826216c5bb1f5e903baf39a0023af7d,CLEAR,DARKNESS,DRY,DRIVING SKILLS/KNOWLEDGE/EXPERIENCE,2.0,37.5,2.0,2.0
08821826a9fbe9f21873d059a78486764acaf4d55b3825cf60c4e671bc1dc1df708af3fca8d713020773fde5692dd11c893eb8a7da55fd868979bdfcb3fba24e,RAIN,DAYLIGHT,WET,FAILING TO YIELD RIGHT-OF-WAY,2.0,33.666666666666664,3.0,3.0
088227117b2027fe93fede620727d28ae07ff9b023d1d3e32692deca762a977b32be02e1f42f7e513ae3b3481d149cdfb9a61241fb447704bdec149ede2a622b,CLEAR,"DARKNESS, LIGHTED ROAD",DRY,FOLLOWING TOO CLOSELY,2.0,44.0,4.0,4.0
08822d78d656e8336b3069eb1992cec1d0e2c534d32ad4c2921b7eab53bd7a78f6afdd070e637834f001b5384f49d0b092553391f38810c90941c65f20a8dc8e,CLEAR,"DARKNESS, LIGHTED ROAD",DRY,FOLLOWING TOO CLOSELY,2.0,53.0,2.0,2.0
088231b770664d95b7d88d058629943e1af653a4d254090d4ca99e0089216936db069ff47d363520dc531336a53c808ed9a4c72bce1a6ff1db53510b98177861,CLEAR,DAYLIGHT,DRY,FAILING TO YIELD RIGHT-OF-WAY,2.0,29.0,3.0,3.0
088236d571a7844685547ec88633cf6fe83c8f1f1642c4160369203f22196543af890a287d7fafbf756ce0ca6f2d5aa3e2d3a7a82ff342754760099d0b504989,CLEAR,DAYLIGHT,DRY,EQUIPMENT - VEHICLE CONDITION,1.0,57.0,1.0,1.0
08823ebccb96906a422c5021bba0bcce1c4f869efe4646e45959f2e177ebf1b6ecf92e104dc1ebc4727af8bb49afe8c7f2b5083211d01df13a98a586b245a525,CLEAR,DAYLIGHT,DRY,"OPERATING VEHICLE IN ERRATIC, RECKLESS, CARELESS, NEGLIGENT OR AGGRESSIVE MANNER",2.0,31.25,4.0,4.0
088253206a1853f5d4918741dd692fb9bb2f37af730a87208786b75801f4871048b74d9cc56d6b8b5de641f7ada79b844ffcf11cbcbac82771e1df87ebe22fd7,RAIN,DAYLIGHT,WET,FAILING TO YIELD RIGHT-OF-WAY,2.0,30.5,2.0,2.0
088258afb2f0121b35476204782a3b52b4b30218057800d2afdf1a9065427376ca760911434cef8c238e364183b5d24eead63566577ab5be711e661cf1de5f92,CLEAR,DAYLIGHT,DRY,FOLLOWING TOO CLOSELY,2.0,29.5,2.0,2.0
08825ede1057fdab9ef7a3f2142d39fb0eabe0f71b98dd0ceac263afa5c98bc77b64772e97d754c23fc0d822d078e39e378854da3af1e8dd1a3e6a54eb4a9b7e,CLEAR,DAYLIGHT,DRY,IMPROPER TURNING/NO SIGNAL,2.0,19.0,2.0,2.0
088280acb34afc41ca6313beec81c4694ce44940c4af3ba79bedba4b1a437dd746b6ddd7e26bc2fbdd79f0d59424c1e371cf01c27ec521468af8c9425ee3b4d4,CLEAR,DAYLIGHT,DRY,FAILING TO YIELD RIGHT-OF-WAY,2.0,25.5,2.0,2.0
0882a96e8eefa65e08607aa2e6650dd9ba70eb90a142c9b1c4eca874c4ce6b8170bd42c379b9d8b052c909d4df314fbf84a2ef0f38a677842fcc9b5df18c29ab,CLEAR,DAYLIGHT,DRY,FAILING TO YIELD RIGHT-OF-WAY,2.0,24.0,2.0,2.0
0882c0cca0366437f075274d7032cb42be252588ee5296287b453de3b52c1152f5a95fe691d2d90a24afd8de3d36ef19dc47c8474c138ccd42a314e3e6bef031,RAIN,DUSK,WET,FAILING TO REDUCE SPEED TO AVOID CRASH,2.0,29.5,2.0,2.0
0882c48dfa01c771d8edf64b7095df0c5cb04393980a5c78ad4df4e8b5c53ac94f2f2dd8bbeebac242bc8bee85709d3efb5d995eea00943ebc23d34616c3566b,RAIN,DAYLIGHT,WET,WEATHER,2.0,56.0,2.0,2.0
0882e8cd7a998ec8d90e9a0988f11af86f130639a55804c4f6af442ace7af13a46a9b6d86e8b731c415c1de81996814b195249b24c6163a55aa3ed3f1c36478e,CLEAR,DARKNESS,DRY,FAILING TO YIELD RIGHT-OF-WAY,2.0,17.75,4.0,4.0
08832648bda12a5e0fe2e9e06a8a34ff363c36cb01ab80d11f7ea99d3c5b773dbf8180c3397f30f39a0b7d120db5ea4ec8d02fbee5bda1fa8d7be2910433c393,CLEAR,DAYLIGHT,DRY,IMPROPER OVERTAKING/PASSING,3.0,33.333333333333336,4.0,4.0
088333da2789c4099e323cb4b6f547ca7851e44864f05edec9436b65402b57bca8d5bfebf3292230de962bb0f985be261b9d4c82c8bce2dac14b1d4dd8325a51,RAIN,DARKNESS,WET,FAILING TO REDUCE SPEED TO AVOID CRASH,2.0,39.0,2.0,2.0
08834b2e73520ba27e07494a3975faf315faf232fa175ce75f76599652c4d0afd7411c167b8e2d35951982d67fe9b643a77fadd8687f2996a1b70687e5322d14,CLOUDY/OVERCAST,DAYLIGHT,WET,FOLLOWING TOO CLOSELY,2.0,37.0,3.0,3.0
0883a3298de7703208cd3f72cc20cce479b54087f44322e0462dfb377d3a32066082bb1baadec94eddc6c00a47a25d26f4978570355d6a9a8d39f7edc599f2e8,SNOW,"DARKNESS, LIGHTED ROAD",WET,EQUIPMENT - VEHICLE CONDITION,6.0,38.0,1.0,1.0
0883c29fb0bfd6217525f45fb84865c78cae5c91d07ab3b7f3b81c4ba61b9d3c4528ff4ea868d4ed4ac595041f51b2e9647c51bb3d560039e3bdd22181d08c9f,RAIN,"DARKNESS, LIGHTED ROAD",WET,IMPROPER OVERTAKING/PASSING,2.0,23.0,2.0,2.0
0883c4b985df71f3c687c5bfa251e6fedbede5ef08941a8ed63f7e02c62ef9ccf5fc0daffabf5c857bc8f6b202d47635629029e3294d9a3d7e58cbd59a33eaa6,CLEAR,DAYLIGHT,DRY,FAILING TO YIELD RIGHT-OF-WAY,2.0,68.0,2.0,2.0
0883cb2f9f4acf4cd3a02e22310b577a0305ac5761f3179786b1ec74005ff42ed9abd5eb4692b891c972c4f4bd0623a6ed2b3da13503772a5e74fc6d77054c58,CLEAR,DAYLIGHT,DRY,FAILING TO YIELD RIGHT-OF-WAY,2.0,37.5,2.0,2.0
088401514cfb1427aea9fc8e9e88ba8c3c8a5d09b91f4a6f26523925589af4c76d0c65803d2340fcecb77352ed6771ab7be326037b869d54a9a2aede15f74a5d,CLEAR,DAYLIGHT,DRY,FAILING TO YIELD RIGHT-OF-WAY,2.0,31.5,2.0,2.0
08840507d082827050f3605aaddb3167043d1d5e223100712e7a9d2c15b9b510073e5c3c05a6f03267126a3b9a186d3178484d357de73c0e7820c118f507d9a2,RAIN,"DARKNESS, LIGHTED ROAD",WET,FAILING TO REDUCE SPEED TO AVOID CRASH,2.0,40.0,4.0,4.0
08840911ba92cd2f0c29318576746dbcbb5a199c94056bd244ab49884c58a3e473307a07036aba270e8e6153134cb973bb8b1a81fa1e69a70214423b4bc359e0,CLEAR,DARKNESS,DRY,IMPROPER BACKING,2.0,60.0,1.0,1.0
0884333b7944d3b5dd41f1fa3d7a49a9c2da87170459fca7cc4ff0625033d2870f98bea6aac1def6480706f1605f551d35c1fb0fd660efb11f09deb41613b3aa,CLEAR,DAYLIGHT,DRY,IMPROPER OVERTAKING/PASSING,2.0,30.5,2.0,2.0
08843354f998a3c035900e9c0583663e0ecc32fe968a7410c06a8120c92197397b315c390ddad4219a6373847ce99708935ef9d5b1621fc1f36219982bf39e8d,CLEAR,DAWN,DRY,IMPROPER BACKING,2.0,52.0,2.0,2.0
0884435fe3f1cb69767d14ee20429bc3f571d72432daeaec8c0905cca2333fbd6d557d6bbd3a13af9427bd53cca041d9dbac7b078bd8b9af54110da8a54bf988,CLEAR,DAYLIGHT,DRY,IMPROPER TURNING/NO SIGNAL,2.0,38.0,2.0,2.0
08845abd32c1b033ae4204c79e125164be367308f25f8d769e5ce203979fddce7ee1e5480e27261bb69ff526a6e7ccd8cc0a92612e40894cd1e4f7bfd878a85d,RAIN,"DARKNESS, LIGHTED ROAD",WET,IMPROPER TURNING/NO SIGNAL,2.0,46.0,3.0,3.0
088468106da6590cc6f764ecd99bb53a974242f6404aa8d3531f9914c856adbbe4701477621b066cc6d9f1c7d81ea71e4ac7113c48bac21a8c84484e745fd99d,CLEAR,"DARKNESS, LIGHTED ROAD",DRY,FAILING TO REDUCE SPEED TO AVOID CRASH,2.0,16.8,6.0,6.0
08847248e1107c3f5082e15d7a98a96fa743aae37949ba2abf94044ff05e99fd838def29169a47897f4d90cea5ffa73f3148838b2d0c15e2b0b6f7a82f1f9291,CLEAR,DAYLIGHT,DRY,FAILING TO REDUCE SPEED TO AVOID CRASH,2.0,37.5,1.0,1.0
0884767f06621df1c66fca3e3cc48b2a285d1f91e257fdc73036f46d7da14b953705a472f84495c0d7ffea16c042f7c1f97c09a37bbaf5423553134d55cf7a1b,SNOW,"DARKNESS, LIGHTED ROAD",SNOW OR SLUSH,FAILING TO YIELD RIGHT-OF-WAY,1.0,66.0,2.0,2.0
088494b16882c703b4d9f73c4e4b8a13c8fec4025567cc17c52d165afa909df54f5f564f0e783da1c1ae083b1194b49c73b38e3a413402632a22b756b66cdb39,RAIN,"DARKNESS, LIGHTED ROAD",WET,IMPROPER TURNING/NO SIGNAL,2.0,20.4,5.0,5.0
0884b4ac114f3e3cb7d16951501d7d16f7ca401b508f213afb69ab87c8ed254179593ddacbd8832081e705b6981684f841672d5d1e39f28bc3202b6c509eac7e,CLEAR,DAYLIGHT,DRY,FAILING TO YIELD RIGHT-OF-WAY,2.0,63.0,2.0,2.0
0884be5ba16a26f45f11db24626954c3001d3c846d0f1856698126b0b5fa9012cae154264096009d2ff6c92ea5c336331751ad945269df7eb869a2bb79dc3929,CLEAR,DAYLIGHT,DRY,FAILING TO YIELD RIGHT-OF-WAY,2.0,42.0,2.0,2.0
0885150ab12df9668b9f2e432797e9b02c7184b82cd3d4884624b2ba31fde36c2173995ef2fcb8bd4be348e3cdd56c6a6d5581ba6dcb41f494a38d01a33f34a0,CLEAR,DAYLIGHT,DRY,"OPERATING VEHICLE IN ERRATIC, RECKLESS, CARELESS, NEGLIGENT OR AGGRESSIVE MANNER",3.0,30.666666666666668,3.0,3.0
0885210c702540af9de4358f52d9c52fbc6676c79ec195da75869baea77f9be10fae995be8ac6af7972ce25ed577ddd300d85a258c8618f2f188e9487d1f5736,CLEAR,DAYLIGHT,DRY,IMPROPER LANE USAGE,2.0,26.5,2.0,2.0
08854bd6d5dc7faab123ef813392760811cde65ac90022cfd75ff5202a7ce3e875a32150c679efbdf7fc1ba32e96b8bb2b3a9d0d0e24ed9863345dcc49477f43,CLEAR,DAYLIGHT,DRY,IMPROPER TURNING/NO SIGNAL,2.0,37.5,1.0,1.0
08856593a5995b113f4e8fb69b60329e2cfaecfaf20e354c721759be1dc7ef77e33d5d0e4f240170ca58702f28b8667efc921a72fdfdf6a83d38aa31f9f1e2a4,CLEAR,DUSK,DRY,FAILING TO REDUCE SPEED TO AVOID CRASH,1.0,24.0,1.0,1.0
0885733b05fdb31ac5caaf79f041259af1092b13f1f4bc7ad06f81c4a94b26de24a2d1ecc28fe9be5bedad403f685f1ff7de7961f529ad34fa53e7bc6ad480aa,CLEAR,DAYLIGHT,DRY,FAILING TO YIELD RIGHT-OF-WAY,2.0,34.0,2.0,2.0
0885a9f147847bc064ed19ca93eba44136b10a33f1db6fb9acb0b1c2dd0c9d952ea95a21c92578cdafff11c283143cf0e140f131953d567ebee27792f326cf06,CLEAR,DAYLIGHT,DRY,FAILING TO YIELD RIGHT-OF-WAY,2.0,29.0,2.0,2.0
0885c9cae8ddef7ea5b40a1044aa903e7744c2ec512e93af4a75451d73972aaf4f2810f40fd0baa23877aa69e3eff309d541ee009504e26c6f5693fe12406f52,UNKNOWN,UNKNOWN,UNKNOWN,FOLLOWING TOO CLOSELY,2.0,46.0,2.0,2.0
0885cbc81c8aabc9043f4fdd58811e8bd2c24ba7b2ac1b78dff085d6342e00bd930ea2bad28cfd34443934f34d9593e859092fee500d4390ab4ed5eb8fa883be,CLEAR,DAYLIGHT,DRY,"OPERATING VEHICLE IN ERRATIC, RECKLESS, CARELESS, NEGLIGENT OR AGGRESSIVE MANNER",1.0,17.0,2.0,2.0
0885de90a6e3ad9540fc349882a3a6861e38d2965f83f6839265c911ffe111de98aeb668d9063938cc958d4cdda6d49df584a69568912816b026ad6c0feaadea,SNOW,DAYLIGHT,SNOW OR SLUSH,IMPROPER TURNING/NO SIGNAL,2.0,22.0,2.0,2.0
0885fdc34cff1003ccc3addcde01eed248c63cea0221e3976b4a904b1ada1de8577845e8d7677a19cf70bf6d0d10e23d975db4af57ad776627e47501df5448fb,CLEAR,DAYLIGHT,DRY,FAILING TO YIELD RIGHT-OF-WAY,2.0,33.0,2.0,2.0
08861ebee08806048e50907c555c100e8c521d5ab1ea3a8a6acae513c4d45b16b6375f9094f4fe17632cd5979fa4d8fea1f60fd051ac4442a4c5b02ac8fcc812,CLEAR,DUSK,DRY,FAILING TO YIELD RIGHT-OF-WAY,2.0,59.5,2.0,2.0
08865cea0b1e9330b7434ea183b20af71a99849d5e30b11e91fcc87587ee443d9f96e9bb3468fe3e7e1feb3496859e0eb5c46029b3927d4c926e8fc68352dca9,RAIN,DAYLIGHT,WET,FAILING TO YIELD RIGHT-OF-WAY,2.0,37.4,5.0,5.0
08867977a9597209420df9537fb0d11e284b60ab3a548e5a256941adc2baf0a9bf16ede6f2aed88ed7382f365aedafadb432a6cee5ad39ecfceb85750c29a302,CLEAR,DAYLIGHT,DRY,IMPROPER OVERTAKING/PASSING,2.0,28.0,3.0,3.0
0886869f984306e3e0c7635973afb29fe64a4ce17b6010424cf98853db8a7ee52d9d174966c400b4e941bc766e3a35406e334f45862057351780df568c1db2b3,RAIN,"DARKNESS, LIGHTED ROAD",WET,"OPERATING VEHICLE IN ERRATIC, RECKLESS, CARELESS, NEGLIGENT OR AGGRESSIVE MANNER",4.0,37.5,2.0,2.0
0886b4357db40432047a2214ab0733dc63e126da847b559f4e747ff4df047e021f9a0b25f67bbd78faf69c6ec6e2c8a78df80df76df83ff14ae1c8c3c88fa1ee,CLEAR,DAYLIGHT,DRY,IMPROPER BACKING,2.0,37.5,3.0,3.0
0886dff3485d99029f0d60bea1e622192dab5b8768a48baad0edaf263d8388e2a57d03e7dbfdb1e39c2b25728049f6c8411c999c2dc00e737bfb9795db600b15,CLEAR,DAYLIGHT,DRY,FOLLOWING TOO CLOSELY,2.0,61.5,4.0,4.0
0886ff744b8e313f383c6d14ab475df7476bf9bc931ab76ddb12a5f051501c0c55fe45f2af07aaa7bf6110b03d4f004f331c044d9e7f62b6cc7ab99aaf4736ad,CLEAR,DAYLIGHT,DRY,FOLLOWING TOO CLOSELY,2.0,25.0,2.0,2.0
0887008836b5e53682b5d83f596337ad7b1544a5dc8f36b41348655c27664ebacb662143172d152c5d7a5918e8ad8fe9b3e9d814cd32e2af46c68fa3a6c8a3a1,CLEAR,DARKNESS,DRY,FAILING TO YIELD RIGHT-OF-WAY,1.0,31.0,3.0,3.0
08870c3c82535eff76d0f5fd6388b5d1ef7dacaa00a64be2d51514d98252c9027f638f2f31808f08b8a5c1d71e7b5866b2576c6e7dfe7a7dbbffaecf63d9d65d,CLEAR,DAYLIGHT,DRY,IMPROPER OVERTAKING/PASSING,2.0,35.666666666666664,5.0,5.0
08870c451ec19249190dcfb5bb823c5c0e1f8ea4c40d7d13a4ccf529167f2a952fd99b14237de71e0701c27d42ccc38fed2e60a8459e20599bf9775510286261,CLEAR,DAYLIGHT,DRY,DISTRACTION - FROM OUTSIDE VEHICLE,2.0,24.5,2.0,2.0
08879b153b77bd58e6a80d6ff5abee79b0b0fe11e3470417d943790710918925f5c6294e1621d7ddc3ed019e365105fb2ef4b5dd746930c27f4e99e48450c861,CLEAR,DAYLIGHT,DRY,FAILING TO REDUCE SPEED TO AVOID CRASH,2.0,43.0,2.0,2.0
0887ab8ccefd6a427e3d42a2f752b18781943f416b58d64506f988df0c1451cf227d8daed5752a28618871e234dbd3bc9657b97c8938bab0ebe2b85e05409a86,CLEAR,DAYLIGHT,DRY,FAILING TO YIELD RIGHT-OF-WAY,2.0,43.5,2.0,2.0
0887acab30b2b07408e01c85d80037019a39dd9c441f79728aa6b1a22e604c8ba91d662c9e93306e58f1985594e2122f4df7f954c2879632b8d6d925eeb46de8,CLEAR,DAYLIGHT,DRY,FOLLOWING TOO CLOSELY,2.0,25.0,2.0,2.0
0887b5dce9ce78139573e87a1d5035c62e53e800584e714beedcfb4c0ce8133c12876dcca777081fba714e9f14b23d2e69540e5d6117c7ced48495bef0348e96,CLEAR,DAYLIGHT,WET,FOLLOWING TOO CLOSELY,2.0,49.333333333333336,3.0,3.0
0887bb08d8ba5735e908919202546ea8a11783a2e83bc6c1f18a6f080ec48151b88008541c783e4739a62ff7eb84f71cc81480fa341d29c0d2a2e0da4a0a949e,CLEAR,DAYLIGHT,DRY,DISREGARDING STOP SIGN,2.0,19.333333333333332,4.0,4.0
0887dcf8d3b94b3c76c9e49ab94a67d4ac1446059d06626eb6c7fbb20d899c1dddd4ec209e22f6808b66a98b5d908a19d6fe9b36b398d280424d5f908e465bd5,CLEAR,DAYLIGHT,DRY,FAILING TO YIELD RIGHT-OF-WAY,2.0,36.5,3.0,3.0
0887f175b9505312390daca25f5d8cbab227aaf060a643ae3c6e61f1e3a7a9302befe11761f0f27e534e21f6bebbaef99d7f9ff22562cd5c8c32b2236b60b7d5,CLEAR,DAYLIGHT,DRY,FAILING TO REDUCE SPEED TO AVOID CRASH,2.0,60.0,1.0,1.0
0887ffdfd3fbc7b1c69bf81f215971b089e472ae447b248a79965bb557c45aa77dd4322974c00473cf0ec3707dfffbd9573639a1cfa9585ebec434d03982868f,CLEAR,DAYLIGHT,DRY,IMPROPER OVERTAKING/PASSING,1.0,52.666666666666664,3.0,3.0
088805bf88578253cdb944565f6d7d535b696e5d1bb4581d04dfc9889f7555df3f012719c7024f81026eab541e5dcabfda09a120cce116add000673a5c828e73,CLEAR,DAYLIGHT,DRY,DRIVING SKILLS/KNOWLEDGE/EXPERIENCE,2.0,42.0,2.0,2.0
088829c8c1684984de0f4bd43de67f85dc9f500e104ea4057d9e5bffbeb21b52138b647c1dbc638ae13f7fda51758188c3e44adae037ba6685312d2ff65998c3,CLOUDY/OVERCAST,DAYLIGHT,DRY,FAILING TO YIELD RIGHT-OF-WAY,2.0,32.0,2.0,2.0
088837cf53679dc544cff8faed2e36dd7e3b4a525a1d16f6b8590877fcd2b4079035442cecbcd220f46d93fb88239438311e56c4460cdc11ed06db8503715ee4,CLEAR,DAYLIGHT,DRY,FOLLOWING TOO CLOSELY,2.0,39.0,2.0,2.0
0888a908a1f02d74babdac65dde6c203369f44bc6824802d6d407ea6ccf2b49923d8aba6d657b7d5ea898a5fc9ce1104280aff32829918ac2c1049f6e72a4c75,RAIN,DAYLIGHT,WET,FAILING TO YIELD RIGHT-OF-WAY,2.0,56.0,3.0,3.0
0888beaee9897f0892aa221d5d542a3106eaa1133339a3b9a684fb1916370dabeb34a3a7bab331a5b14d84e48014ef1904702225d9cbeb0367ff701ce1c5c074,CLEAR,"DARKNESS, LIGHTED ROAD",SNOW OR SLUSH,WEATHER,1.0,31.0,2.0,2.0
0888c5ed82c1a2d4a573be866de7c031c4563a301a7844787b94b4f8fc2142686ffd36d4438583acaa9c6c947e6210d5a4e7c678c77e6943f61cc9e39a4b250f,CLEAR,"DARKNESS, LIGHTED ROAD",DRY,FAILING TO YIELD RIGHT-OF-WAY,3.0,36.0,2.0,2.0
0888cbe22d19689ee54585ecca8887d9900668ee0e5d137274d934f874b7d7e09ead5ae4ddcfef55f9869048a2f373f3f20713ce9328c281a52dea25e20bf445,CLEAR,"DARKNESS, LIGHTED ROAD",DRY,FOLLOWING TOO CLOSELY,2.0,61.0,2.0,2.0
0888d8fa39d36991997994ce29e3726e4a284ecb62837fd6b561ee8d1f8abe99bc6897876f141e9fe1201613df1729614814977c89431a1c22b44d16129a78f8,CLEAR,DAYLIGHT,DRY,FAILING TO YIELD RIGHT-OF-WAY,2.0,48.0,3.0,3.0
088907ec248784b2263953122a1d304776f098f1de0c2c8f852ad34b6a0a92b0b1ff7da17da95283bb2794bd3581593411e9916a629f8caf09cb4021b5563ec0,CLEAR,DAYLIGHT,DRY,FAILING TO YIELD RIGHT-OF-WAY,1.0,37.5,2.0,2.0
0889199b69c9a2b6bfddc12e808abd649d08f1cf910c232fc3b764e4adb6fc28ac4c7ed6fe22615105bd47970c144a7c01ca7c3f399144fdbb6a17e54a62f575,CLEAR,DARKNESS,DRY,IMPROPER OVERTAKING/PASSING,2.0,47.0,2.0,2.0
088920dfd3cf4f1d04a36e7a5a82a7613f7accbf674d18cfe553cac9963bca8a8fa7616015c546febef5394f88436a1f32be95106cf63c6644ed6d53ba81a14a,CLEAR,DAYLIGHT,DRY,FAILING TO YIELD RIGHT-OF-WAY,2.0,48.5,2.0,2.0
088929838b7f4e9330088be8d9d1303e594e3ccb1c3be6b038fe87561fbeda1970242ced66b5a554d18f2f802491f57b5d6f70fd9c1a7e36b4a08ec4584381b8,CLEAR,"DARKNESS, LIGHTED ROAD",DRY,FOLLOWING TOO CLOSELY,2.0,35.0,2.0,2.0
088938c834829678dad34d19b349f259047f93b34f1a3d1aa242c23e727f6d6f3f0d989f334ccd40c0ee0c96e8c155541e7a5124b40e5d0e4021b85e56c24325,CLEAR,"DARKNESS, LIGHTED ROAD",DRY,IMPROPER OVERTAKING/PASSING,2.0,65.0,2.0,2.0
088953fe5df80b317b3833a77204b992e3846b0f158128230cd3bba92fe773855c63c8e04dc9a4a50a87aae22142e3ffeacd87c80071a00f35b275805deadab6,FOG/SMOKE/HAZE,"DARKNESS, LIGHTED ROAD",DRY,IMPROPER LANE USAGE,2.0,37.5,3.0,3.0
088967504d4b4574d0e2ecd54f7f31c246a5f211d079453566c447fe33b8506fe549dcf4ad8310da0abfb7e365bd2f0497b8df147e251401f573cb6c46b5c4cf,CLEAR,DAYLIGHT,DRY,IMPROPER BACKING,2.0,37.5,1.0,1.0
0889793fab88953153d433b7ec7aa3cf384ff06b25d72a3ab914976edb3e4f16861ba6de9c5624d603d2eed9ae3e0773369c444a449173df11e7f7458341b804,CLEAR,DAYLIGHT,DRY,FOLLOWING TOO CLOSELY,2.0,39.666666666666664,3.0,3.0
08899588d99991ab307a7e9412edbb597a5ad736392a855d0d44d426fbadf61a166ecd0a7e97c17e346f6331c2fa6226c58ec498367d405aba51f6c8297324e9,CLEAR,DAYLIGHT,DRY,DISREGARDING TRAFFIC SIGNALS,2.0,23.0,3.0,3.0
0889a363f8281d72fbf13173a498f0e49b5c4af3d1fe2b3893839cd9b27f112113779f6add3c7edc3426fb665a83384fa987a8de37febf7bfedcfe6c7ed7e12f,CLEAR,DAYLIGHT,DRY,IMPROPER BACKING,2.0,37.5,1.0,1.0
0889d8f20c872c3ca60fb12d31af89200ecf5100d4a2a0b93ae19165a3723044071e3bdd6df474215b9101998a8c75f565360df3791caf78a072831c5992bce7,CLEAR,DAYLIGHT,DRY,DRIVING SKILLS/KNOWLEDGE/EXPERIENCE,2.0,17.0,1.0,1.0
0889e41414ab6f65f5edd6a71dc6a112b0924fc48b2999a9a064628c30f8e222e86ba60093f4d006d85bafe7b828d800de311593485d876bec68be722424bd07,CLEAR,DAYLIGHT,UNKNOWN,FOLLOWING TOO CLOSELY,2.0,40.0,3.0,3.0
0889ea3883a70924d3cbeb789ff4bb6508f2919cf2dc065d5ae0fa50234483a3ce66d6d200ed991159c6d8d10eca09d9f0002c34ebc77a2c88de864e2c623da9,CLEAR,"DARKNESS, LIGHTED ROAD",DRY,IMPROPER LANE USAGE,2.0,23.0,2.0,2.0
088a174f83b8b83504dc0b4f9ac2cb9e6108783108c8f9bde67d21d812c9d64fb4f4350b41665b45709051cff373c5d7c0098f4f21e0ea3585da7a84b8fd75b1,RAIN,DAYLIGHT,WET,IMPROPER BACKING,2.0,31.0,2.0,2.0
088a21cb1af247bf7a5c6f9eee754da7d17a8c8b1686236a1b12a35234902ce7d37576e4b2385ae8800980584cfc0833d1e532787aeb6c160b848bda99316592,CLEAR,DAYLIGHT,DRY,FAILING TO YIELD RIGHT-OF-WAY,1.0,34.0,2.0,2.0
088a565b3d3cbee8f9e02c5b1e8a1b03254490b31aa3888552831944eda314e8d3aa56323b77074b94d8adc8406dab705d1242a181e3f4351dc79d30c7283cef,CLEAR,DAYLIGHT,DRY,IMPROPER OVERTAKING/PASSING,2.0,42.0,2.0,2.0
088a64598878794cc08a744828e4b25094ccec920c221e792b0e6a8c38ecdfd9ade1c9ec9a6373f7767b0ffb44a91a043f3148779b6096dbc7652a2e3fb6ce26,CLEAR,DAYLIGHT,DRY,FAILING TO REDUCE SPEED TO AVOID CRASH,2.0,37.5,1.0,1.0
088a6a0033e746b410b07ee01cf6fa18daf2f519e51e662da77e28620558811dfdf149134b0764677269f74c253508fcbd49599f0bef612d6f7da13ea8060933,CLEAR,DAYLIGHT,WET,IMPROPER TURNING/NO SIGNAL,2.0,37.5,1.0,1.0
088a7dbe27392892c5bb1b1228a8b6341761a19818f0d6cd73589fd9d9217a13d20b4c5597ef0bebc4cd6c50b72f4ad152d454f93d4f3dea6037a2e27ef1671b,UNKNOWN,UNKNOWN,UNKNOWN,FOLLOWING TOO CLOSELY,2.0,47.5,2.0,2.0
088a805609fc82e602d08bdffc3269bc5ac5d578ec2de6f0119176672cc12893eba282a9f8cec4689043e3e5539f836692400e3b2be0c84cd377c961f6a71cb6,RAIN,DAYLIGHT,WET,FOLLOWING TOO CLOSELY,3.0,51.333333333333336,3.0,3.0
088a857d740af3b58beb389ffedf702495ce472e38e3ba46b0b096c8115a22ed55db5f716175a743d9c7318d3a4ef82b75bcd515e2794f4bd293e9de0ed5ad41,CLEAR,DAYLIGHT,DRY,DISREGARDING TRAFFIC SIGNALS,2.0,41.0,2.0,2.0
088a91060e1d053b03e2d28c07fbad407e5c1424225e9c5dfd600330d49dfc04b4900d024277322b071e248fedf08c94b70370159f6d997e51ca54ba0ffce727,CLEAR,DAYLIGHT,DRY,IMPROPER LANE USAGE,2.0,37.5,1.0,1.0
088a9198ff90b3430d4d0b36b1cb9d2b8fdcb9e3176deb89f094c1f01cd14dc61e67c5f72eb2b1955d69b0f0efb8593e09897f83bd3d8793a93d572636232ccb,RAIN,DUSK,WET,FAILING TO YIELD RIGHT-OF-WAY,3.0,15.833333333333334,6.0,6.0