crash_record_id,weather_condition,lighting_condition,roadway_surface_cond,prim_contributory_cause,total_vehicles,avg_driver_age,total_people,total_injured
088ab799c18d24a86d8220311eda0b49276d32f034ed5a45589415f5a0b259e785180399c1e2ad2646409f0d1935fb6347cd2af4e4592d170ee63df37a1092f9,RAIN,DARKNESS,WET,IMPROPER BACKING,2.0,37.0,1.0,1.0
088ad4d0765aea6000c32e9a016e439a27d4051232736c4ba098e31f987a463b68990a8486d2aea86066131b9e9ca9aff1da34a5e6c65c3dfaa9513b66e373bf,CLEAR,DAYLIGHT,DRY,FAILING TO REDUCE SPEED TO AVOID CRASH,2.0,61.0,2.0,2.0
088ad7128c72f7fbb57c25d9d3f410907856426332e3946ac3b9d8af7357271e7ce6359f3daa5d8768842cabe7e8a185601177f5f89ff4480bda99c4d54e0e03,CLEAR,DAYLIGHT,DRY,DISREGARDING TRAFFIC SIGNALS,1.0,48.0,1.0,1.0
088add646e510c96a70abce313103ff4ef8f083ac034ca2a9b8ed9e8eec0c5d60b3c8358e02473149678da75dd0f5e16dc03d57443acea36b681ca97c3a7848b,CLEAR,"DARKNESS, LIGHTED ROAD",DRY,FAILING TO REDUCE SPEED TO AVOID CRASH,3.0,20.0,1.0,1.0
088b3bcd041dcee80b2e181c10ab070db24f616f3abc09b8a5a612796c1a395e6e32b8f793b1348f3ade4eaa0c1b7a474787df193099ee5ae7685615efc0159b,CLEAR,"DARKNESS, LIGHTED ROAD",DRY,IMPROPER OVERTAKING/PASSING,2.0,34.333333333333336,3.0,3.0
088bb689f99631d1a0cd54c39c87b8cb113215a0bf62a1f5f09cbee0aaed5912a8ef27aa95b8c174b9c42fbcbb67cf71b908526ce6006afa0cfba099f3a2fde7,UNKNOWN,UNKNOWN,UNKNOWN,IMPROPER OVERTAKING/PASSING,2.0,48.0,2.0,2.0
088bb71bbc47f26ebb9eb25209a14c0ecfc6783c966e00e5aa0bfebb65f468630d6dfcdf336cc233948170348ceee3534728e6708647ca40efe43d4cfdea8183,CLEAR,DARKNESS,DRY,FAILING TO REDUCE SPEED TO AVOID CRASH,3.0,37.5,1.0,1.0
088bb7bc533d6c468484fae05b9bbc56492fac7a4a00367f78ad2f7d0368d870585ca79aa096540791ee8780bd7d4bb2027fa29b20f49286fe2f84256d3609a7,CLEAR,"DARKNESS, LIGHTED ROAD",DRY,FOLLOWING TOO CLOSELY,2.0,47.0,2.0,2.0
088bccd3496b2d2e0f39d6dc1c863e883b478c6707c720ca24cdcad55bccc2a6dd313a90716e8a51878acb4bf5324f8abdb777150745e8d7b359d098ad2b51fc,RAIN,"DARKNESS, LIGHTED ROAD",WET,WEATHER,1.0,67.0,1.0,1.0
088bd0f026c09650a8ca4c3da801f486b8b001d11b23cae7532f586b5858a0699399d6af552d8d6a817633bf779e11f9232581abd0ae165b098b4479225b85a0,CLEAR,DAYLIGHT,DRY,FAILING TO REDUCE SPEED TO AVOID CRASH,2.0,37.5,1.0,1.0
088c6334f097a87fd52f7f364f2c4e9f362e141e283ff31a24a859b56e60aabc095b34a9b727593b824fa5a9712f1e3f51f674373eebf42431afd4702f3f4de0,CLEAR,DAYLIGHT,DRY,FOLLOWING TOO CLOSELY,3.0,34.0,3.0,3.0
088c7aec9f3c2626e24db21a10d33e0bc92b57430ffaab0124055ebdcd191e832a5e29356a9987120ad91e9a1446f665ddc15575cc72c28d50e7b03a3151402f,CLEAR,DAYLIGHT,DRY,IMPROPER OVERTAKING/PASSING,2.0,37.5,1.0,1.0
088c815fe33f0a6a1c47e7c1fb8426c0c0df6ee2bfcb47237dea7ff6532b9f5908440300932c0bff55fc2c1b3156a37da1ddcb7e17a92c9abb7c85b1513a7294,CLEAR,DAYLIGHT,DRY,IMPROPER BACKING,2.0,33.5,3.0,3.0
088c99bd61a0e06ff161023c721e1c5ff36fa18e3422b66a9e6ca0f3b25a0242d10397be3d42997f76de79580277d3529f3d121c99acfcc2aade07ddfeb12eed,CLOUDY/OVERCAST,"DARKNESS, LIGHTED ROAD",WET,DISREGARDING TRAFFIC SIGNALS,3.0,44.5,3.0,3.0
088cd7fbcfe76c925d2809fa8a69d3a35b7dd07a2eb60605d68ad184889cf0aaab87b8355609a6ae24fc9c16c32fce10815820a6fd9443476155fbc3cb8f0eec,CLEAR,"DARKNESS, LIGHTED ROAD",DRY,FAILING TO REDUCE SPEED TO AVOID CRASH,2.0,52.5,3.0,3.0
088cdd77fd318a9dd71171e9ebd14d7480fbb78300dd3d1770b2bf9fe068461119ac400da715cac9e41d90979bd023526452ec10db6f96551514e6ed9c5c5e22,CLEAR,DAYLIGHT,DRY,FAILING TO YIELD RIGHT-OF-WAY,2.0,37.5,2.0,2.0
088d15306f6e1091f12f511bc162e715a2865af75943a2472210c86a57fe8a9538f5f8cd9fd96502774cd7cf99d074784c84f01e791c8328a5c47db69c1381cd,RAIN,DAYLIGHT,WET,IMPROPER OVERTAKING/PASSING,2.0,51.0,3.0,3.0
088d207b2f8696efb459761de8d931c1ed8b632466f3a88b0f446c4cb557ee2a995b26fbe804a12cf76220e9225e5babee9e6c27da1679e039f5ea46d99bdaa0,CLEAR,DAYLIGHT,WET,FAILING TO YIELD RIGHT-OF-WAY,1.0,22.0,2.0,2.0
088d26b95d442d1df6ef05cce46b022895cfeb07e6501bac01ca83680a7567b941e4c5952a120fff36e0002dad67554dace90b701a4f0b79422f3f1a54139b6e,CLEAR,DAYLIGHT,DRY,FAILING TO REDUCE SPEED TO AVOID CRASH,2.0,46.5,2.0,2.0
088d3a4cbdcdb7b0404b7825f883f2990938a222518a19d8fae7e8fae4adb9988746b7875b34e177468e8940b6b4b030487c2510f4dbd01cc0888f7ea18f7a4f,RAIN,DAYLIGHT,WET,FOLLOWING TOO CLOSELY,2.0,49.0,2.0,2.0
088d42d04101cbd8ed2b68cb0f31c2b220ed2047d94cf3db750d3c38018a7846005e24083a85f5c40808619f9c46ebda643a2e302ca91d50d121877d0e8f4051,CLEAR,DAYLIGHT,DRY,FAILING TO REDUCE SPEED TO AVOID CRASH,2.0,27.0,6.0,6.0
088d5bc1e8fcdaf4351b9b209287d952237a9e2af0d7886987a3a40270f24638f7da8df08776837b6d6947a969c064825815a16f32eb8fcd7ae6b304b0eb55d8,CLEAR,"DARKNESS, LIGHTED ROAD",DRY,IMPROPER OVERTAKING/PASSING,2.0,50.5,2.0,2.0
088d5c500fd31f0395ca4d5a31a63fb8ffed61fc95bd030895af205e66723ad4841ccaac0e582270bb3d836ffdb3115aa95b72f39639f7ecc060098d1ffe1f7c,CLEAR,DAYLIGHT,DRY,FOLLOWING TOO CLOSELY,2.0,46.5,2.0,2.0
088d9a99a4da1a2aae5acd5289d639f62d3c15531e8ab9f932d475cd5996e449cecba598a859195ba27e48b33106b047f16ad225117f54a2fccfeff446c73d72,CLEAR,DAYLIGHT,DRY,DISREGARDING OTHER TRAFFIC SIGNS,2.0,34.5,2.0,2.0
088d9ad9aa06d1737221d7dfff916a359681e802286bd626cb04e98b0d02ba474003dd5facb71d588978dba268fa1dc320edf61965acf8a6537828793c4a20af,CLEAR,"DARKNESS, LIGHTED ROAD",DRY,HAD BEEN DRINKING (USE WHEN ARREST IS NOT MADE),2.0,37.5,1.0,1.0
088d9de961d4a645e9d49730560b8386ba8413fc4f7ad18ba80bf3c35acd5a61efbbb0c32a2d297dd90bb054983c54a0ae4f5b52f3570abe1a2ec5dbb67c9799,CLEAR,DAYLIGHT,DRY,IMPROPER OVERTAKING/PASSING,3.0,24.5,4.0,4.0
088dab8997f9a9ba45fa87d2480d625ab82ac31348f86c3a03a2fdad7d0dcab6f54ec0166c97febb42d65664511640b3dfbd79e792ff10b45a1f037ae4e9701c,CLEAR,"DARKNESS, LIGHTED ROAD",DRY,FOLLOWING TOO CLOSELY,3.0,39.0,3.0,3.0
088db9befdd2f5bcba7c5a6dcdcfa3d1aa36976f69faa2d7102b24c173ea731f6f4d7d61cb196b246b309a49d3453d88b68f7844ad643ade7b43ce232407884d,FREEZING RAIN/DRIZZLE,"DARKNESS, LIGHTED ROAD",SNOW OR SLUSH,IMPROPER TURNING/NO SIGNAL,2.0,31.5,2.0,2.0
088dc3e1ce719263a7adc24f1fb20facfdf35598d23b40f37bacfbdc3e774d13823c6e63e3cd012bb0f7ba05ddd2f7cd186576e983918db46ac9adc7811cec32,CLEAR,UNKNOWN,UNKNOWN,FOLLOWING TOO CLOSELY,2.0,24.0,2.0,2.0
088dc90f6256cde599000950d5d60ed60889964760bd24431bc55a8ffcab71cec7a1dca958ce92e1d004cbe972406de536d265a4c45a8a720f27e3d9a31f4064,RAIN,UNKNOWN,WET,TURNING RIGHT ON RED,2.0,26.5,2.0,2.0
088dcdd71721917f5c80d4fa43b27e1785b5785f544d7efb8698e6ac293550c6971007c8a6bfa8e28028e2c77f13d4c43d3c5856b341c757b18aab2fc57a42cc,CLOUDY/OVERCAST,"DARKNESS, LIGHTED ROAD",SNOW OR SLUSH,IMPROPER OVERTAKING/PASSING,2.0,70.0,2.0,2.0
088df3b5f9965856c69f06400a5921cd5325aba14dba9b6436f3ee9d38fb4b56c1aced4150f785b890388dd363683a6f1f8e4228c2b824f0da9cc9ac1df1f6bf,UNKNOWN,UNKNOWN,UNKNOWN,FAILING TO REDUCE SPEED TO AVOID CRASH,2.0,37.5,1.0,1.0
088e02efc3eefff684e87c780d71baf71374983875302979ff9dc1bf239d75ee5129afc0ed728a20bbc1f7526d3f2b9ba7336ded2492c286f2cef9bf4c761326,CLEAR,"DARKNESS, LIGHTED ROAD",DRY,IMPROPER TURNING/NO SIGNAL,2.0,37.5,3.0,3.0
088e34be7a5673765b25fc0c6c8fd9536e003929f62979a6d32039a69028b9d3144db0fd3a42214791e316d441c9707c072741b25e6ae13d038f5aaa8aa0b978,CLEAR,DAYLIGHT,UNKNOWN,FAILING TO REDUCE SPEED TO AVOID CRASH,2.0,20.4,5.0,5.0
088e8ccad849a82811c664867e0ba20a14e812b95af7a8617bc6e3af4a4a76ce44b5c5cdd8f1049e9cc84111d3abf0277f63acf418e55284b2a1549ccbf52db6,UNKNOWN,"DARKNESS, LIGHTED ROAD",DRY,FOLLOWING TOO CLOSELY,1.0,33.0,2.0,2.0
088ebaa1bf915d8dc7e542777998c65cd506a7804719faa46165dd0756e7ad67ecb6718da645dd6dcc56a11555f5b8e4358796b53dd8fe6de4c90faf41833ed4,SNOW,DAYLIGHT,SNOW OR SLUSH,IMPROPER OVERTAKING/PASSING,2.0,51.5,2.0,2.0
088eeb838d9379d5fe177fecc1ae536dbe93a326dbfe0124b314324cb147de240e968d28ebfa09563d79e668eb0ead9fb00c51e220658ed4ae36525337639a1b,CLEAR,DAYLIGHT,DRY,FAILING TO YIELD RIGHT-OF-WAY,2.0,37.5,2.0,2.0
088efd0195beb5b51d155eb33fbf2b49c0229abcb83c77f78de74bb9cfdcffc3c54f17c2c91940688de62792e7a45da9fb65caa364f9f532b4533a6c4e2cabab,RAIN,DAYLIGHT,WET,IMPROPER LANE USAGE,2.0,26.8,5.0,5.0
088f01dbec8a6fe347de87ed449cc87e3c186b18a834b67af4904f6dc8842867219a9382f1e4b31298b7e648b958b6c67108d7468ed8516eef2ca4ce3c0a072d,CLEAR,"DARKNESS, LIGHTED ROAD",DRY,EXCEEDING AUTHORIZED SPEED LIMIT,2.0,41.0,3.0,3.0
088f1f330a452fc31134d43b82aa8d37be8a1204740aacbf59865cbf709b3935548d014e72f0465c4f9920d05e5643d7bd13e8a5591d9ac4c97c613bfeab2989,RAIN,DARKNESS,WET,DRIVING SKILLS/KNOWLEDGE/EXPERIENCE,2.0,62.0,2.0,2.0
088f3505494e4bbeffac4da7f5175c73d856045fda27946b4a745aea976a9f86cf8d1314256215ae6730d8f3a10c1fc2fb103f0c5a0d3575caca5b6360337412,CLEAR,"DARKNESS, LIGHTED ROAD",DRY,FAILING TO YIELD RIGHT-OF-WAY,1.0,13.6,5.0,5.0
088f49a15aac4e244dc0670dff501b30205a76ff2cbd2038297db30f2938b401cf0401bdecb6340d4a81e117c7777cb544f1fa696f9dbf5635a5610d0d28562a,CLEAR,DAYLIGHT,DRY,IMPROPER TURNING/NO SIGNAL,2.0,31.0,2.0,2.0
088f4ff1078c373276a301f28daccb55732889590bc3f3e4e7061f8b88ac9b846beb5caadefcd66e890955cf50026272ae7f605c994e45a779eb27a8918f09f8,RAIN,DAYLIGHT,WET,FAILING TO YIELD RIGHT-OF-WAY,2.0,49.0,1.0,1.0
088f64354ab617350121a4112036b15582ccb1e7a01044d3b33617b938e35a724129fba3716b81b63cab69daabf30b4aa5bd62c0ad7ef7139638949a285afec7,CLEAR,DAYLIGHT,DRY,"VISION OBSCURED (SIGNS, TREE LIMBS, BUILDINGS, ETC.)",2.0,63.333333333333336,3.0,3.0
088f7d25b42129a0c147a8e774e2de5d35f681a8df83ee369c7a222302d48d9be056da976b7ab0e9c03324458eb044815df825e54d043c2fbb78d27246e3758f,CLEAR,DAYLIGHT,DRY,IMPROPER TURNING/NO SIGNAL,3.0,39.333333333333336,3.0,3.0
088f85f722d998b0c22e8db5ca94aef21c946b51b8e461cee13047c845958b94b3e7b56d7b59083b8b06a366e2607bc7ef706e8db67aeb6b318d103ca825ba6d,CLEAR,DAYLIGHT,DRY,IMPROPER OVERTAKING/PASSING,2.0,35.0,1.0,1.0
088f9d3af0d3784637a5c151d2dc5a6c12ae86615c55dfbeeb2175a41d4782bf76d9d39adedb726396db7309f99428fcdbaa5376a7196ad898b55803eb274723,CLEAR,"DARKNESS, LIGHTED ROAD",DRY,IMPROPER BACKING,2.0,33.0,1.0,1.0
088fd6753146e54a4fa6bd950ea25d4d658f96dd78a87423826d50134679012a0f60c51dd7c8e871efe60770ca0d230b9af5c6f25b433dfbd6092b36d16203d9,CLEAR,"DARKNESS, LIGHTED ROAD",DRY,DRIVING SKILLS/KNOWLEDGE/EXPERIENCE,2.0,23.0,2.0,2.0
088fe4622a149fcfe03dca3305ccddb48dd631e8ceb501bf3ef63d77c19d0102b73baef556d31c4e7a405334bd8d1894a1aa12bb0dd8d3fb54c784da5969ed42,RAIN,DAWN,WET,DISREGARDING TRAFFIC SIGNALS,2.0,28.333333333333332,3.0,3.0
088ff15c040515717cdc6512eb2e2b5ec3e2ec1ddadfdb1ac34f66784a179912dbf77bc5b26cd96af7b86b6708f2a5798bd2d06a6c3e88c80cf0fea0eed8b751,CLEAR,DAYLIGHT,DRY,FOLLOWING TOO CLOSELY,3.0,30.0,3.0,3.0
08900d3fff48dd26111364b184a410b72cdbff239a955e1a29ac38f5c7e81ef5cea7d760371ce9caa1e4dfd9b73c6ac635df8b0f0e0cb2965ffe19fc611013b9,CLEAR,"DARKNESS, LIGHTED ROAD",DRY,IMPROPER LANE USAGE,2.0,27.0,2.0,2.0
0890206728d997f414270e2db8aaf516b38e67ed15bda44fca99db7e2698919a4f61fe35fc22c2f4e54828cbcc67ecd68de392a0bd47c8f045e8fc1f6936a62d,CLEAR,"DARKNESS, LIGHTED ROAD",DRY,IMPROPER TURNING/NO SIGNAL,2.0,29.0,2.0,2.0
08902285a23675447431cf47b6df3d15b5cbd30ef508d6ef04f3c9753e32eed0da5e8fa43ac89343e0534637889d8a712bed67d323ef793860993912c3292273,CLEAR,"DARKNESS, LIGHTED ROAD",DRY,IMPROPER OVERTAKING/PASSING,2.0,48.0,5.0,5.0
08905a497d180b6028e25bb4a6a29c7e754e72965deceabc514fbdbf46171ef2d22346f201c916636e88c689cf3b1285f40b246b5eebc2fd59e91c67366bd028,CLEAR,DAYLIGHT,UNKNOWN,DRIVING SKILLS/KNOWLEDGE/EXPERIENCE,2.0,51.0,3.0,3.0
08906e3984f7e232d3c964feb8921853f9e43436647e66f57ea71a362e723684853dace5ced0788ebdbe8aff394c7d4a5f93d3a15e8def5e86419232d4c16a88,CLEAR,DARKNESS,DRY,FOLLOWING TOO CLOSELY,2.0,34.0,2.0,2.0
0890797bb153ec8c69eeaa1b45d5a76e4bc88c1e35443d81ffa155669e7284566bddd28ffe721fd626fd4f683362fcccfe6268223d87e4543c2e3c613d3f6cb7,UNKNOWN,UNKNOWN,UNKNOWN,DISREGARDING TRAFFIC SIGNALS,2.0,43.0,2.0,2.0
0890933be9c726fbb35a33a65b22bc98785deff878b5c56b54c9243e131453f3f8f2d2c09f72423e3f02e693bbf8eb3876511e673eefc08536bf0e4e7e97880c,CLEAR,DAYLIGHT,DRY,FAILING TO YIELD RIGHT-OF-WAY,2.0,38.0,2.0,2.0
0890a9a169afe99a4e753628acd9c29f716eb60ef38dd1001f5ad8cd02a1b78fee1e541754a47ccb07564d60988bb0c9d34ebae36ea8b1bce9a40781a94c7943,CLEAR,DARKNESS,DRY,FAILING TO REDUCE SPEED TO AVOID CRASH,2.0,36.0,3.0,3.0
0890f988faa21536f3d7f0aadd9e7bf0d495949bb4bea772e4675ff133344c4bc9a870448bcf89e4482eb831f692b10916fdce461e9cb1f6320c34e392b3ca26,CLEAR,"DARKNESS, LIGHTED ROAD",DRY,IMPROPER TURNING/NO SIGNAL,1.0,26.0,2.0,2.0
0891455bf28df72914087d4fd5d6f43fa81b79dd434d6c61bbeb377be323fad2ec16e356dc3692053ffb5ba2c202bc5134d9fe914ea9584450a029f0791181d9,SNOW,DAYLIGHT,WET,WEATHER,2.0,44.0,2.0,2.0
089148752fbc0ac4b13fe45a05e683611cdcd3053add664fb007adb8e398ae7f706489a622cb08add7669c703fd2f291c71f1dd64a0b32b0396dfe59e26fbaf8,CLEAR,DAYLIGHT,DRY,IMPROPER OVERTAKING/PASSING,2.0,62.5,3.0,3.0
08919cd193f68afc2b4c5ee25f4586e9ebce3c8ad45dbccd870119c70c6d98c122488824c7827095f31dace657f4c65a3002cd5036f046691d67081d5a89a4e5,CLEAR,DAYLIGHT,DRY,FAILING TO YIELD RIGHT-OF-WAY,2.0,27.0,2.0,2.0
0891aa6eaa19343b3a8616fc9843a13d19378aa495b58ced45cae650ae6988a7f9a17979e11fc023dac7b3ad933eefa6b54860b4e66bc79fd088c434fdbd9da0,SNOW,DAYLIGHT,WET,IMPROPER LANE USAGE,2.0,26.0,2.0,2.0
0891aaad2af6806dbe483d54a7047b194a9ce5ef027f8a563edc65487ded63bbf5b192a069697d4230fd81d0488dd129a459d582a142f573f42009cc68348796,CLEAR,DARKNESS,DRY,"VISION OBSCURED (SIGNS, TREE LIMBS, BUILDINGS, ETC.)",1.0,30.666666666666668,3.0,3.0
0891cdbc5a3a520143805f3f76594ac82dfcc980523ed6b1a00c669edb3c2e40db7ea99da8cf997815ec1a7a415a4fdb4a4119513d99a3792aa8b0952a098138,CLEAR,DAYLIGHT,DRY,IMPROPER OVERTAKING/PASSING,2.0,53.5,2.0,2.0
0891cdd1df76bdd9f81c74ac02415335abe1cc88d81f262677b621fb76d66a36a6474373b04099727505b026c512fd2cf89847df904be2ca2d5bf28fe2c8fbbe,CLEAR,DAYLIGHT,DRY,IMPROPER TURNING/NO SIGNAL,2.0,25.0,3.0,3.0
08921da1bc29a30c33ef7e08e3f571ab304b769b6db6fc7e451fc9a1bddff26ca93c662dc8dbf75ba8a089d5946e5551bbc23b099caee80b6c2da3c180ca088d,CLEAR,"DARKNESS, LIGHTED ROAD",DRY,DISREGARDING TRAFFIC SIGNALS,2.0,33.5,2.0,2.0
0892a0bc3f82527fa98558d168ba0ae865004c1f52ebf22537d8db007874310887a5509859d477ae567a3603671587144490f42c81a0bfbfdc08b8ddf83129f6,CLEAR,DAYLIGHT,DRY,DRIVING SKILLS/KNOWLEDGE/EXPERIENCE,2.0,36.5,2.0,2.0
0892b443b64f6ad567e481c5f84662a6c6805aafc45b4d199b8f704c4a0f9aab3bc8cf0eb1b92ea89205e9f63aca555cae9450d91e09e898702e7d2e54ec7118,CLEAR,DARKNESS,DRY,FOLLOWING TOO CLOSELY,2.0,0.0,2.0,2.0
0892e5febcee038cb115cf23a9ddf44ac3e5ec98e6f598368f2bc5d5d80565aad56905e4a5d70a7f7cb6d904566aa6c76b56bf6345bc8938d3490aa097c45155,CLEAR,DAYLIGHT,DRY,IMPROPER OVERTAKING/PASSING,2.0,44.0,5.0,5.0
0893148841a1081587b69fd2fc6376f12aa17da50594b4ba74945b13d395d9432e67672a5533e8b4ba3000e5e233c5128803c9a5891075c98dd1a740822a3ede,UNKNOWN,DARKNESS,UNKNOWN,FAILING TO YIELD RIGHT-OF-WAY,2.0,66.0,2.0,2.0
08931ff286758acd849c3d5076f5b0509b68d15e3d8833dbcc47001daaf9e9d02646d9a7f29d95255aaa77444b4c1b5f24461e691a6669a9cc0b0f0ceeb67dba,RAIN,DUSK,WET,FOLLOWING TOO CLOSELY,2.0,37.5,2.0,2.0
08933c363077cf7ceecf467300ff268fc66ce7044b03dfea1f46746952da42a07e9cefdcfafa4948bb326beffc392eaacb73bdd649b2919d01716fefd3955123,CLEAR,DAYLIGHT,DRY,FAILING TO YIELD RIGHT-OF-WAY,2.0,39.5,2.0,2.0
0893400725752b511e9ae3f66141417f5c0546a146de13a9c57bb0fe1d5e33c32cd15115334f9574b37f2c6b3235d638f59cad19a03a76aa049368d491ba3002,CLEAR,DAYLIGHT,DRY,UNDER THE INFLUENCE OF ALCOHOL/DRUGS (USE WHEN ARREST IS EFFECTED),2.0,43.0,1.0,1.0
089368b3f00958b040b60240b01371c0abe3590c462bd16a0a60e03316a0d47537bbde6153a7a44d0ac670270db7fc37235609bb6cb2f1d2ebe9f30b60ca9a09,CLEAR,DAYLIGHT,DRY,FOLLOWING TOO CLOSELY,2.0,34.0,2.0,2.0
0893756bcd0d569ea24c5c22ed55d7a1bd3ac9b6c4d161841d19fe645032c8e0fb2f90dadc7c845a0d0fd5283d18eeb03710d3ec965cf077bf6e8f8884d5f6b0,CLEAR,"DARKNESS, LIGHTED ROAD",DRY,DISREGARDING TRAFFIC SIGNALS,2.0,47.5,2.0,2.0
0893850782d3c79c56cf148a60c06210fdefda0f5c4943c0e8225bbd32d962a9322beb42adc9d48d89534a70fb77784f3c42d85aa44c9ef70e8d9f5929ce41f2,CLEAR,DAYLIGHT,DRY,FAILING TO YIELD RIGHT-OF-WAY,2.0,28.5,2.0,2.0
0893985b77705b984a3dbc7d3981a3660912cb164c5f0e29609c1fd037462305fe4ff91585bbb33c10da8c0113209700dc73d3cbd9d158496075d06a73571dd0,RAIN,DAYLIGHT,WET,FOLLOWING TOO CLOSELY,2.0,33.0,4.0,4.0
0893a48b8f96e27c261e916b5e1dfe75106f036dc4a5b0f240490791b6b67981eb6f77f0477bfa14a2b8d26ea357fb34f205623634c3b455e3014ad753a42ceb,CLEAR,DAYLIGHT,DRY,DRIVING ON WRONG SIDE/WRONG WAY,2.0,50.0,3.0,3.0
0893bc54163f2fc8ecb825c5819bf14f8a639c0c8b7e10e64f7ec2d9014c2a7e6cfc53f39ad98e9a5ca528c599a10245f088ddb83d5adbb857d61521d89edb04,SNOW,"DARKNESS, LIGHTED ROAD",SNOW OR SLUSH,WEATHER,2.0,43.666666666666664,3.0,3.0
08941accf79e2f23efe0e5f1350df5d0365224334d818170561cd1b71ccf394da90838aca2bcdb2ca13a1bf5cfa01fe3c3f656154db66b90c939bc56a250696c,UNKNOWN,UNKNOWN,UNKNOWN,DRIVING SKILLS/KNOWLEDGE/EXPERIENCE,2.0,37.5,1.0,1.0
08944f29072ffd17590144f0aaf05368fbd9c2b3414b006e73419ce49cc28ed3aecd5e3dba4aad5f63bcc8a40b62cd0cea5ae61a86f7e3f3eec25d30ac8039d1,CLEAR,DAYLIGHT,DRY,FAILING TO YIELD RIGHT-OF-WAY,2.0,35.333333333333336,5.0,5.0
08949f0f0209931d4f029d581c4ffd042bfb3e144aa5d0e51293ac71bcf3cbc7454769f87225679b3e83a950f1f16de390d4aa049e669da74e61feafb4115a48,CLEAR,DAYLIGHT,DRY,FAILING TO YIELD RIGHT-OF-WAY,1.0,37.5,2.0,2.0
0894c49721b0f446e2fe7c31f418fad78e0abb92e519a05183ce457f2af01e5cbebd6d1b457d5397e6676c1845da0433fb07f88b381b6daf50203cb015f7c8f0,CLEAR,DARKNESS,DRY,FOLLOWING TOO CLOSELY,2.0,19.0,3.0,3.0
0894e67a2b3d4629f9b17620d5c18d7636e0749b628aac6d3424e7655506c57fc8e24080a5c89f3f0b2e595c8401e58636ce66e760c7a8ff338bc9ed0f50c04d,CLEAR,DAYLIGHT,DRY,DISREGARDING STOP SIGN,2.0,55.0,2.0,2.0
0894fb2137d638d15139baa0fec136280cf220133d93de883f78fca3f44ee12c7d9802b0487cc4182381e58c4cd0af9af55bb7822ac66f437904d11a4b7ea9a3,RAIN,"DARKNESS, LIGHTED ROAD",WET,IMPROPER LANE USAGE,2.0,37.5,3.0,3.0
0895141a03f769e22ebb60c53c2be221ce99b5be94b1a0605d599d57eb6337250fbe3456a0615739a6b33a79dda0b642e58e7ce7bfe69d573a320bc94b939ba4,RAIN,DAYLIGHT,WET,FAILING TO REDUCE SPEED TO AVOID CRASH,2.0,44.0,2.0,2.0
089536ce4cde2aa6bc37b14cf510d7e98d7661da4dda46f90edce9702c4da77d3136f6f86294fc238c95f3b9459169210e86a9e419f8ab98f7f807dcfe9f3e14,CLEAR,"DARKNESS, LIGHTED ROAD",DRY,DRIVING SKILLS/KNOWLEDGE/EXPERIENCE,1.0,53.0,2.0,2.0
08953fe9b03e050d2085a984dc49fd01c32f7bb25ead223a2c9d4c66844ef551ebd4a137fe89fed09ed279d3f70b8e085c3bb118d80c6ee2bee1f8462a00afd2,CLEAR,"DARKNESS, LIGHTED ROAD",DRY,"OPERATING VEHICLE IN ERRATIC, RECKLESS, CARELESS, NEGLIGENT OR AGGRESSIVE MANNER",3.0,37.5,1.0,1.0
08955a1a7ef9d36fcd21ce5b25e9af6045b3eb890ebc996a7330f00ce326f3d10d440f8f57c8f83b91b448f770a85ae5d8399f0409a17e589aac02acde7a684d,CLEAR,DAYLIGHT,UNKNOWN,PHYSICAL CONDITION OF DRIVER,3.0,25.0,3.0,3.0
089564a5243d972cd561c6f543714ef97eba16d37b166e4246620aad12b7239e62c30f3f2559f1f26ff8fd2d8a664dac9e34383dd729e70f9a6b7c8116c45bc1,CLEAR,DAYLIGHT,DRY,FAILING TO YIELD RIGHT-OF-WAY,2.0,57.0,3.0,3.0
089579135527f8ddb7e43e279f8e6300187151b7204f4cc31bd62c040d772e44fa4f716df79c60cebba40d1b8451a5b62f789ce81b957cc009b4945255f81379,CLEAR,DAYLIGHT,DRY,DISTRACTION - FROM OUTSIDE VEHICLE,1.0,25.0,1.0,1.0
0895a2352e2c6247955b7266d5e72a82c109c68b2e5836c435d07b1c609ca02be65c991b30fcef74950f61a04ba7c86bf0b3b54a1979e0f153b4305b06d2c5af,RAIN,DAWN,WET,FOLLOWING TOO CLOSELY,2.0,33.0,2.0,2.0
0895b079e5ae43639488755bb350b24d43bec7615d1f658cbc2cd16be0de44bf9289c3f5f5c6c671d944d781c78b2ed13d21c7f3f05a27707759a4d3de2f430a,CLEAR,DARKNESS,DRY,FAILING TO YIELD RIGHT-OF-WAY,2.0,63.5,3.0,3.0
0895be58a385b068f82d189053335ec36a4287d5e73376fae9940cc16ea9462d936b08143fec5060eb07f53820ecfdd1d87c5737d5c6eafb14422ba8f95f0b46,CLEAR,DAYLIGHT,DRY,IMPROPER TURNING/NO SIGNAL,2.0,30.0,1.0,1.0