crash_record_id,weather_condition,lighting_condition,roadway_surface_cond,prim_contributory_cause,total_vehicles,avg_driver_age,total_people,total_injured
0895bf95106771e480a6f379785b1492b66caabbf80995dcd12d72dc41aea19482edb4e04e62608a1d77602bf759d68214aa9441bec975dc0c6758702ed9cad7,SNOW,DUSK,SNOW OR SLUSH,"OPERATING VEHICLE IN ERRATIC, RECKLESS, CARELESS, NEGLIGENT OR AGGRESSIVE MANNER",2.0,46.333333333333336,5.0,5.0
0895d763929dd4b4baa0f408f6a1ea37d3e9eae9d2bed02a9d144d9d70acd1cb05e410135cfeebff8efc82640980692fb5d9173a92ac0fdc6ce6cb581363e2b2,CLEAR,DAYLIGHT,DRY,DISREGARDING TRAFFIC SIGNALS,1.0,48.0,2.0,2.0
0895df7e3c8f181a7784062d36de29b8f4af1e26a6613c2c27c172d546ffb8708cae68c1902fc07c0fac25f26f888f79befa367cca0b943f106dab0ef37ee374,CLEAR,DARKNESS,DRY,IMPROPER TURNING/NO SIGNAL,2.0,32.0,2.0,2.0
0895e5cc3d4c146bece66338680e578db5bd0ba8b7b66eb4375963183448f628c8fd0d1f1cfe89dd8916e0024c20750559149ce5a4606a4cf7a91806e27c8b8d,CLEAR,DAYLIGHT,DRY,FOLLOWING TOO CLOSELY,2.0,41.0,2.0,2.0
0895f56995e052105f47e0c7f3043ce3ca18e3298a803d022613cb54dc080aab46f4d759e984ccf7e371564d4b1af7cf82369660d7c61cc8812b1af09a32173f,CLEAR,DAYLIGHT,DRY,IMPROPER BACKING,2.0,29.5,2.0,2.0
0895f7b72d696f86e02d669450b9ba1e16036dbcfaed0f665926017686e6c7a3873051f28815e6349772c9a9d260e97a1f29aa60d46f8266b014ab0561336d99,CLEAR,DAYLIGHT,DRY,DISTRACTION - FROM INSIDE VEHICLE,2.0,24.5,2.0,2.0
08962816290b86b149ca94df8ff1185e6e31e73efff5fae2823a633e4f5cc2b77ec028c9c41a3bf2cefb6617bc092c7aa486ad5cbe5846d4f732c3da05a36dde,CLEAR,"DARKNESS, LIGHTED ROAD",DRY,FAILING TO YIELD RIGHT-OF-WAY,2.0,31.2,5.0,5.0
089637f8016756f5361619cb754da33c39a42e9a30699946242b1daf2325f078d39eeb1f2b9cdfd1aacdd553314d8204e5273ded3e545e5d7ce900a9c061efe4,CLEAR,DAYLIGHT,DRY,FAILING TO YIELD RIGHT-OF-WAY,4.0,32.0,2.0,2.0
08965f0c9208f56687e3175c49ac284aee88cc6dd43808691deb16327475ed8ec604ebbf815ba89c4d596ca6e91d2df795036dd20b0b7be0f0c267f761b09051,SNOW,DAYLIGHT,SNOW OR SLUSH,DRIVING SKILLS/KNOWLEDGE/EXPERIENCE,2.0,33.5,2.0,2.0
089669dff3f0eb407d6d2b5dcf63913e2d87e62db9fa89351ccd58b785ec46a3eff86f3f76c4f504d3128b2003bfeefacbfbeb1309b72849738760f9929d3289,CLEAR,DAYLIGHT,UNKNOWN,FOLLOWING TOO CLOSELY,2.0,37.0,2.0,2.0
08966ce5954163b2f2e441afdc964a77bbb6d65cd27243394da592af67d34b12919425c203dfc10be84f92c90301a5fcc5a13b0396f9733b381b30bd6ce230fa,CLEAR,DAYLIGHT,DRY,FAILING TO YIELD RIGHT-OF-WAY,2.0,59.0,2.0,2.0
08967f4b256f17e6eef8693d525a2c5b51c1ea14ed67f9fe4828e437f57a156ed4a4c8e1f91135a6064f6751711814f24031aca15aa79307f5bbd95c81f9569b,CLEAR,"DARKNESS, LIGHTED ROAD",DRY,FOLLOWING TOO CLOSELY,2.0,28.0,2.0,2.0
0896a64e213781222749fc4afc54c32aafbeb968866381d912bebc76ac2ae56fdf96b057499e18ad1c7c3090390ae7a9ce4a5ff0e13428fbfdc1c359ccb7ba4d,CLEAR,DAYLIGHT,DRY,DISREGARDING TRAFFIC SIGNALS,2.0,42.5,2.0,2.0
0896c4142504110bc596b39cb381867e198a7005199986a7cfdc22c1becb733712953fbdb40d9e1417675fe57afea03304c39110804850dd195b04e56c0c1f7b,CLEAR,DAYLIGHT,DRY,IMPROPER OVERTAKING/PASSING,2.0,61.5,5.0,5.0
0896e280faebfa445165cf91ce1628556e988d1ae8be9c20727fd24b5873c68273bbfbfb903592843ba181f88158859ccd86dbc0ebc64dc7aaf39853c0df1dd9,CLEAR,"DARKNESS, LIGHTED ROAD",DRY,ROAD ENGINEERING/SURFACE/MARKING DEFECTS,1.0,26.0,1.0,1.0
0896eda788639228184a8db3b51018dac2a0dc4a376582a780a3bdfa3db73d813312032a3f0e05a7005fded5d041ef240a070b282b1e2e8f1ff402a05effc4d3,CLEAR,DAYLIGHT,WET,WEATHER,2.0,37.5,1.0,1.0
0896ef1b7fb24c0db5f4e474daa8dfa529c2eb95b8e751114ab5f0788c83755f21ef29abff3f47a0fce0d141f7bdf314d2ea322a08085a8227b21e5759728266,CLEAR,"DARKNESS, LIGHTED ROAD",DRY,FOLLOWING TOO CLOSELY,2.0,37.0,2.0,2.0
0896f443cf603adc2728890a1cd73d4adb9e42479800873ad83e1a3225b2eaad78f6fa372e5d23a6e3d54f102deb56a46ac5f3f18f29d38af7a48ae7e9d5c5ba,CLEAR,DAYLIGHT,DRY,FAILING TO YIELD RIGHT-OF-WAY,2.0,27.75,4.0,4.0
089719599343e457030268cee5bc6d63b615ce2d75a0b8a90a357a41e6738361261054ad86a3c8f07878e8ee249201f915c2f69a1e0c4154124e23317a2f9831,UNKNOWN,DAYLIGHT,UNKNOWN,FAILING TO YIELD RIGHT-OF-WAY,2.0,19.0,5.0,5.0
0897268816a37341d15a938f25bbb85db913dc9a2420a803887af601043e74891b935f44086cea4a1728a6612e5f305409ea59a55ec7e1a4d9b678d96428f48b,CLEAR,DAYLIGHT,DRY,PHYSICAL CONDITION OF DRIVER,2.0,35.333333333333336,3.0,3.0
089729aaa4e1e2d701a5367031bdbc38987fb72684d6906d7657a558a5ba2e90fd68a3235e676141fca4fc7b4cf0f15720b3e449e48f61ac224c0af36c3cf6ff,CLEAR,DUSK,DRY,DISREGARDING TRAFFIC SIGNALS,2.0,38.0,5.0,5.0
0897477dca3fea40d7bd85db0a0bc95a8acc4364b4bfb6dc3a7cb5fc91a96a6c1f3e0f96a634683915256eb220d5451649311401b65a2ba411b6181e7793ab5b,CLOUDY/OVERCAST,DAYLIGHT,WET,WEATHER,1.0,37.5,1.0,0.0
0897557ef64fade7c988f83640846c9b91a2f25bfdb2bd20f1e50b4aefe7f98aee117d17a5ee044cd8e888adb7333e4e7289e36b0b095435b5a55aa3feaa3d80,CLEAR,DAYLIGHT,UNKNOWN,FAILING TO YIELD RIGHT-OF-WAY,2.0,27.5,3.0,3.0
089760922e8333653407145db5553c74cb098515f22059e53b7be4605af9a08882fb4e3d5de372999b21c65cc20002547b3e84977456149a6ae772e518d288a6,CLEAR,"DARKNESS, LIGHTED ROAD",DRY,FOLLOWING TOO CLOSELY,2.0,34.5,2.0,2.0
08976111d0f80611d665ab514daa716944255156c6614fa12194aa8ad8de02321c50e750784337d41a50726f4bbe867f4bff67c07c65095ab6c944a0ed7605cb,CLEAR,DAYLIGHT,DRY,IMPROPER OVERTAKING/PASSING,2.0,37.5,1.0,1.0
089761b3afec372230542f199fa08808955e71dd56acc9fd38804e7162962f73e633787b18885e1a4d93b7d59d122c73bb75cbf30b7e4dca64fb7be7380a0fcf,CLEAR,"DARKNESS, LIGHTED ROAD",DRY,FAILING TO YIELD RIGHT-OF-WAY,2.0,32.0,2.0,2.0
089797befdc845ffe3ce47e724c92a131e7b86d1e7a7728aabbf07aec7881e5e6fa57f78831ed5dbbb020669056e181cafa2bb537998927df63e22f63ce6985c,CLEAR,DAYLIGHT,DRY,DRIVING SKILLS/KNOWLEDGE/EXPERIENCE,2.0,37.5,2.0,2.0
08979baf4775c79264948a764bcee65f7aedb527d78b854ace98bbfaa079b6481c8920e2f5e9a90db22c997b9fce19893e5a524fe44d2ad8fbc7f378c67b0831,RAIN,DAYLIGHT,WET,WEATHER,2.0,24.0,3.0,3.0
0897a6a41f0492404f3d7a8446c7baab4a32e873acca3ccb3d4a699efa3117a3a2e624e055b99d15b2049ae965c40997daaa00333d891a73a2ac38d635a8ecb7,UNKNOWN,UNKNOWN,UNKNOWN,IMPROPER TURNING/NO SIGNAL,2.0,37.5,1.0,1.0
0897a78cab803a93e263aac24d04739a13e9d3bf3e004c0e529c726a5112a6273312381c19122d012bc74ff8b89db66512320751fbd6cccee168145f661361f8,CLEAR,DAWN,DRY,FAILING TO YIELD RIGHT-OF-WAY,2.0,41.5,2.0,2.0
0897ccd2ea6c0922fc7268b4f6efebda63260945b22c87d116e1bf250931ccce6ddcef4f27366ba09ba68cacbf19552a984354e955ca579026a284189a0fa91c,CLEAR,DAYLIGHT,DRY,IMPROPER OVERTAKING/PASSING,2.0,59.0,2.0,2.0
0897db5fcf0dae68deeaca0385308557c69b2094f75daabdf6b70013025506ac975b243e6cd5a2838d477b78bae65e68fef6beb931d715f192ad7dd451c7bd74,CLEAR,DAYLIGHT,DRY,FOLLOWING TOO CLOSELY,2.0,44.0,2.0,2.0
0897ef2d2ff9b96a7a032270819177f52c1d15296031931f3cef06da3af50a66f8a814bdbd432d013f98b74791009a6b12fe19ae1af66d515adcd02cfbae0eb6,SNOW,DAYLIGHT,SNOW OR SLUSH,FAILING TO REDUCE SPEED TO AVOID CRASH,3.0,29.333333333333332,4.0,4.0
0897f26ab7a0c293076505fd8f12155959e3ba0520389adfdc11721bb93eec1aa9bec6cdef6a50c5a174cfa5ab94b53f76cd11d74e6930f44936450f4d3ba26b,CLEAR,DAYLIGHT,DRY,DISREGARDING TRAFFIC SIGNALS,2.0,33.333333333333336,3.0,3.0
0897fc62c9e1873019acd21c4b00f5f523bc9819f9e34b76c72177d778215d484b1de6e909a82ee6da3b62402c77d3e16b024d5b4bcd679a715793d2a15d3689,RAIN,"DARKNESS, LIGHTED ROAD",WET,FAILING TO YIELD RIGHT-OF-WAY,2.0,72.0,3.0,3.0
08983ed5010463e912652792d7302b6e0ddfb68617594d70beb6ea8b9a92208ab6c094d5974ef5db29f31886cbddcd6a4c179871aa633d4deb4eeceddc52a859,CLEAR,"DARKNESS, LIGHTED ROAD",DRY,IMPROPER TURNING/NO SIGNAL,1.0,24.5,2.0,2.0
089845cdc53bd28bb44fddf543542b2bef7515495f6d2e00d1732f0b49d0c84e4dd9f1b882b931fdb312836e7ad4df6bad4c68001b1efc5294af64ab875566eb,CLEAR,"DARKNESS, LIGHTED ROAD",DRY,FOLLOWING TOO CLOSELY,2.0,20.666666666666668,3.0,3.0
0898517603f7dfd0661d10d46c29f99f65b29a8e44753d09d38e01bf2194f3746d099ca882ab474ae02e5669ac71c966f12e0660b8568a5bbd881424532e0ce0,CLEAR,DARKNESS,DRY,FAILING TO REDUCE SPEED TO AVOID CRASH,2.0,31.0,3.0,3.0
08989b055a24b149365d2d00a65a86371dd46b1ca89d3fbdc752a2e6c842a830627264f667da4e34abd15fb5fa0de050f4883fa152dc568499b5b720dac26144,CLEAR,DAYLIGHT,DRY,FAILING TO YIELD RIGHT-OF-WAY,2.0,25.5,3.0,3.0
0898aa7b8f685e434f165a5a50b5d0b22eab143f4e226856a4791f8fd32b58581d440466c89c8dc81ea079bee64ea4236f65b495f5372498d151863c81ea5aed,RAIN,DARKNESS,WET,WEATHER,1.0,20.666666666666668,3.0,3.0
0898b78ab5b36696ec5abd86b8c7bac1bc3f0bbeb1a7472aa684a66a9ac724090b8bd2fd625890e9cf09132c1cc9e4808039faba4966358a3abed7b349c2bd26,CLOUDY/OVERCAST,DAWN,DRY,FOLLOWING TOO CLOSELY,2.0,49.5,2.0,2.0
0898c64d43ae925960ffff1b3759a40c7f7509b7a4818d2c96b79b96de00e87044814ae2263d3b52a3e3e3153c62c816e6f9f0bd1c9046b7214b244ffd91fd70,RAIN,"DARKNESS, LIGHTED ROAD",WET,FAILING TO REDUCE SPEED TO AVOID CRASH,1.0,29.0,2.0,2.0
0898cf5118a0ae692046b5e6590095b1d9b0d19a361f989c6d4f841168c83abcb3f00afa86065e740e0aa2879fdd34d0db2d5e9a69d2e187521e11bfb6e06797,CLEAR,DAYLIGHT,DRY,IMPROPER BACKING,2.0,32.0,2.0,2.0
08990d702dda0d47284318df48ec4bd4a52e3bac38e6d6fae27dad8ff453fd12936f99e4ea1810f69c41f7d03849f5a0c2c0464dfe88bddc3928afda6858c631,CLEAR,DARKNESS,DRY,IMPROPER LANE USAGE,2.0,28.0,1.0,1.0
08991ff311f1c399f7a33ce7456d2797bd2ee31bc2b4cae9fc47737927766dedbb6b466616b4e00fd36fb2df8c5f9b5fed3db0564a75d41df8a8aeed5e85cb09,CLEAR,DAYLIGHT,DRY,FAILING TO YIELD RIGHT-OF-WAY,3.0,55.0,2.0,2.0
08993071e85f5f8390e440777763ccfe659be1a84e3dc3f1d33f1e910964676ad8d405be2f6afd21f1ceaa9de57a30c223eaf585ecb8752da3d1742712b37aa5,CLEAR,"DARKNESS, LIGHTED ROAD",DRY,FAILING TO YIELD RIGHT-OF-WAY,2.0,45.0,2.0,2.0
08994864e33b52d5e001b0cac1ed75ccc8364c55e8f8104f29845d856147e6cbd96f5613c734d6984ab2bb9d977ba5d9a26f27d153da12805d729541294e4291,CLEAR,DAYLIGHT,DRY,IMPROPER LANE USAGE,2.0,50.0,2.0,2.0
08995fef572ec0f6ad56bb2f5b3dbca10e8196d58d6bd5abec990a8cfe1b67e8b86a3573606bcaf8db7882950676c94821aac169604d853b9816d1244035ffd7,CLEAR,DAYLIGHT,DRY,IMPROPER LANE USAGE,2.0,35.0,2.0,2.0
089962762adc9c21ce18e3eef7490a82b4f5c3a9ed6c537f53f8aac8414a72c8f8ef333de6775cab2636e6dfca29cd323b4afb071fe3ec23d044dca7414068be,CLEAR,"DARKNESS, LIGHTED ROAD",DRY,FAILING TO YIELD RIGHT-OF-WAY,2.0,49.0,2.0,2.0
0899974105ee9758206db58cadf218547d673ebaf09f3ba4e4380f0613aa8c1d3188a8657db7c750a0eb79974441838db929c6ca2f7095d8358499f72ed1b30e,CLEAR,DAYLIGHT,DRY,FOLLOWING TOO CLOSELY,2.0,64.0,2.0,2.0
0899c58a2df9a657fcca44d1b90ddb918a635ea509022904a0ef720f682af792c0f2808c3b83d0c2c10d6c7063b96e0f6182a0bdbbca9052455d483011cf09df,CLEAR,DARKNESS,DRY,IMPROPER TURNING/NO SIGNAL,2.0,24.0,3.0,3.0
0899da6e9171a49512cd8ba0f1faf6f2e925919b2ee72427cf9a0ed32042e9864603bb5db3179a8b496c604636771984df0e206a2b7e6fd08b20b6d2ea62fe1f,CLEAR,DAYLIGHT,DRY,DRIVING SKILLS/KNOWLEDGE/EXPERIENCE,2.0,44.5,2.0,2.0
0899de112b4893fc4d01a34abee99819cc74fea533c3f17fb0c6b939a8f0ed42ae442814ff7c6fa585dbc432c399624debf5272adfb8c250dbe1eff951ee6af5,CLEAR,DAYLIGHT,DRY,IMPROPER OVERTAKING/PASSING,2.0,58.0,2.0,2.0
089a01421e4ba0ff86cb69a4e9600a75ced3244528533807ecfe1d9465a2175a3ce5649a2e58c01d24260d344a30be7ee432aaa1e75631964a9d883558e7f30d,CLEAR,DAYLIGHT,DRY,FOLLOWING TOO CLOSELY,2.0,25.0,2.0,2.0
089a28e486cda87b6d92d3deb2f6ffea51159688e988c22b34135d30722590ec184e64c5ba89c8664ab1c7fdcce692577a94dd90e19efd02a672131fe8128870,CLEAR,DAYLIGHT,ICE,WEATHER,1.0,22.0,1.0,1.0
089a36160d3488b00a470d8a58ba0adb154b7aafa53acaaa2853c6375117f66cd0cf0de7c4aac3a8e54703fa26eac466cabe691e581d1b334ae28734b0a9b5fb,CLEAR,DAYLIGHT,UNKNOWN,FAILING TO YIELD RIGHT-OF-WAY,2.0,28.0,2.0,2.0
089a89228790870c92ea07dff5430c6fe8c09b8f7e2802eac1203f578829b72ef9dbcf3f49c12045c7ac5ac236c6ffd2f9ee4df769c401de6b8ea24de3831fb9,CLEAR,"DARKNESS, LIGHTED ROAD",DRY,IMPROPER OVERTAKING/PASSING,2.0,26.5,3.0,3.0
089ab2e5bc4abe1eab27fa9d91ebb76f3f40de067ad21370e5b628645385636c655a50ec80e83eb0425405d3090dd82f0a65762d971019aa48323bd3504ff313,CLEAR,DUSK,DRY,FAILING TO YIELD RIGHT-OF-WAY,2.0,44.5,2.0,2.0
089abf8c22afaa7a70af9b4d89a88fb2c945f02490d1cb02ad7fadd87f4ccc7b1c9ccd2ab3613227c9c2beaa1f2be5d9cbe978bfd667830bf69a5fbc5a487105,CLEAR,"DARKNESS, LIGHTED ROAD",DRY,IMPROPER LANE USAGE,7.0,38.0,2.0,2.0
089acb662ec495ea63d4122808fd8e13ec8dcadca69aa409d2ff41456d6066e982b86f268958a367fc18e2f9cb162395058aefe0c0d1688d887cb6c380553e37,CLEAR,DAYLIGHT,UNKNOWN,FAILING TO YIELD RIGHT-OF-WAY,2.0,41.0,2.0,2.0
089aff06cf21c4011ea55da76731040c4a0d7084132e164a3a507dbccb7acdcaf3daddcd12f8b149407f4fded334606ec81ac5c6389c581ac6c0907574ca5f49,UNKNOWN,UNKNOWN,UNKNOWN,FOLLOWING TOO CLOSELY,2.0,26.0,2.0,2.0
089b2270b6a90458476219caee240e273c93d28ff541e302c7097523ff3fd8aea4605e76ed7ecb726fe7b24a91651638bd37033798d6ac888d88bd1456b82fad,SNOW,"DARKNESS, LIGHTED ROAD",WET,IMPROPER LANE USAGE,2.0,53.0,2.0,2.0
089b285c290da327a826004a59e2b954fb6868856f6590f4fcc86dc457b02ee7c3389ceb5e17b5910aa09e5c4407bf5cecd05d3cc099d1595a3fa04cddd27188,OTHER,DAYLIGHT,UNKNOWN,IMPROPER BACKING,2.0,51.0,1.0,1.0
089b778f2bbd074b09877827775426e69b5dd95c2a9db11051119e847c9e31a67c9d4a81c7ba6e915a1f5b3810c6e8f857c1081b60b90de8870147cd329b63e5,CLEAR,DAYLIGHT,DRY,FOLLOWING TOO CLOSELY,2.0,37.5,1.0,1.0
089bc2f5e684cfbd63510aec5d67a3b0f110b5f7f0033ff0a479a8a60b1f819efd49aeee0423cd4a2f0f13dd08401a4d9775b90a5b473fec98cd483d8b887cb2,CLEAR,"DARKNESS, LIGHTED ROAD",DRY,IMPROPER BACKING,2.0,37.5,1.0,1.0
089bd578ac1cc4abb4f7a124ad327fbf25b7e925971db81900559953e17065e45cf3f9d7b4d0b71045442819c8aa6ffa5c23d4c0b16674ffd1e9e128ca3132d1,CLEAR,DAYLIGHT,DRY,"VISION OBSCURED (SIGNS, TREE LIMBS, BUILDINGS, ETC.)",1.0,27.5,2.0,2.0
089c3e7fd87d98e7e450a6339c01b915314ddebab1c6e9c84a287562d9b3f55e63e6236c743508a5dd845e16480c43ec0fd9a6f6272a3cb88060d9e48ade4dd6,CLOUDY/OVERCAST,DAYLIGHT,DRY,DRIVING SKILLS/KNOWLEDGE/EXPERIENCE,2.0,42.0,1.0,1.0
089c5996b8e480283526dde01df661e9e22bd3b640e77d37077325dfd72d165119aac6ea7109bc878bfe1507c91a896d32c3f78c196dfe1178cfbd3bb4df5d98,CLEAR,DAYLIGHT,DRY,IMPROPER BACKING,2.0,18.0,2.0,2.0
089c742b3cabe45caa60c18bbc8ce2e53efcb0f9b14ff292d61c13ce5e6efc183deb20ee51e269db6c160d4a78b3b77f3d99d450771a74a83f93ec27e1f26d37,CLEAR,DAYLIGHT,DRY,IMPROPER LANE USAGE,3.0,40.0,3.0,3.0
089ca68196ca0684f2480ecfafe90072df8e2a89ae7f4b0b5956114bd907c467105c8fbe633f43082c94b7dc764f86f4aa71f4aff446cedb322ec848155ebeef,CLEAR,"DARKNESS, LIGHTED ROAD",DRY,DISREGARDING TRAFFIC SIGNALS,2.0,24.25,5.0,5.0
089ced46ce94d9c2e861b51bd4a7817fc8befdaf3b214c0d193c97867fee218bd67808f7978d1621298e8f3413dc1801b03ba3b3da332d68d23f1c72843b6c44,CLEAR,"DARKNESS, LIGHTED ROAD",DRY,IMPROPER TURNING/NO SIGNAL,2.0,30.5,2.0,2.0
089cf2dfabaa06e0a9a0813e749a659bf37851bc1d6d794b7b089de373e1e4f3acbf64af2e5a4019d328dcb8924db97d97d76f5437039b786cc257343c816e52,CLEAR,DAWN,DRY,FOLLOWING TOO CLOSELY,2.0,37.666666666666664,3.0,3.0
089d05e508a478bd2c5311455fbb5a6edb329e3bbfda9d559fd3abea21bcc3210d2aa659cfc4ea59cc54c98e7b02372176c725f27b67e015df55c2d6730bbeaf,CLEAR,DAYLIGHT,DRY,FOLLOWING TOO CLOSELY,2.0,40.75,4.0,4.0
089d1a5a7cd38bd3f28e2e5caec2a758dcb1e06411f4720b66b288ca8369a89e38e13bb584533b899e3dfa2fa87a52b76ae4d3a1f07cb8e2bbde6e320b4d62ce,CLEAR,DAYLIGHT,DRY,IMPROPER TURNING/NO SIGNAL,2.0,38.0,2.0,2.0
089d3cb3e67815f838cb39deb52c9d59c3ff99f91ec08bea2cc118f1ff19966acd46e04bbf3e130452e4d33ec729b99fa6648ba251f451f21a564936c6392510,CLEAR,"DARKNESS, LIGHTED ROAD",DRY,CELL PHONE USE OTHER THAN TEXTING,2.0,32.0,1.0,1.0
089d5458da2f32aeff1f9fa1b3a7d1f0a4b3c79b8ab8d820195885cc8d9879adf764a9db5e156b2becb1e9edc9a7c119b297a2d8cbdbc92c2e8cbe8094af3375,RAIN,DAYLIGHT,WET,FAILING TO YIELD RIGHT-OF-WAY,2.0,51.666666666666664,3.0,3.0
089d561ad9776a28441389da24e84a38dde7b07a7768cb03ed0dc30105a4b2aa74a21409ac2aabaedfa5c47561480bf624dace16c21d399c806aa8478d94b7b3,CLEAR,DAYLIGHT,DRY,FAILING TO YIELD RIGHT-OF-WAY,2.0,52.5,3.0,3.0
089d5c64055038c09b98aad9801e46e89b4e5eef5bf6af2b42d00c8132a0131ffcd02cf88fd3ac9659190b147f613b2b0940b6c5661cd5c8d68fa09070a6c9dd,CLEAR,DARKNESS,DRY,"EVASIVE ACTION DUE TO ANIMAL, OBJECT, NONMOTORIST",1.0,26.0,1.0,1.0
089d6927f3e0ce392da0b94508eed67c5737037a580f0c8dea42d2ca96104da72c4aa65212eb2bc7b15670134d89d2f2d49e9d8f3dbbe3d7cef933c8fbbe6e69,CLEAR,DAYLIGHT,DRY,FOLLOWING TOO CLOSELY,2.0,35.0,2.0,2.0
089d712eded7fa1ea2fe956b347c833a1c8150f48860a3e3cab31e73764038cae08e58d61017a221d82d21f148f04c0f7f695cf607bfa3d2d1ab6a6dd0b1e5e7,CLEAR,DAYLIGHT,DRY,DISREGARDING TRAFFIC SIGNALS,2.0,37.5,3.0,3.0
089d85d37def6c984711f5f576166abfa975471a55514f7ab6364da3c41d5fef3cbaf58eab00900064a8e1cbea8c9d0021d2e86c8d22a7f74759496f518b71db,CLEAR,"DARKNESS, LIGHTED ROAD",DRY,EQUIPMENT - VEHICLE CONDITION,2.0,47.0,1.0,1.0
089d86e3a852037e7a3bef7c7aac2a066a6c4563d126ad603d30a90258195a6374f8d38c5a78ae8f4837a4b4e474f0ca0a77f2f26bc712004d701b6150e0a08b,CLEAR,DAYLIGHT,DRY,IMPROPER OVERTAKING/PASSING,2.0,90.0,2.0,2.0
089d92b139ddc192a1225c24f7b8dc4a07d7b06ad9a4bd2e8008f909a45f91ea4faa2b75080e33f28dba1f71c0719d2b4a6eb734ea23507fbc19250fe6fe28b9,CLEAR,DUSK,DRY,IMPROPER OVERTAKING/PASSING,2.0,29.0,2.0,2.0
089d9ac7e701244a0b766894f535fcb0ecedd9531a635287850b6d9f425740568ff9ba13f463fc5cc57e7c54c15c5433e515095261bf12fd8646e25d287256ca,CLEAR,"DARKNESS, LIGHTED ROAD",DRY,DRIVING SKILLS/KNOWLEDGE/EXPERIENCE,2.0,34.0,1.0,1.0
089e04e8e10ef7ea6645bc54d60a5cbdff9422672ec49dd3f8267c5454fd0f6bef5895e9eaa285105e2d60b754ab4bd07293d1a76770e581f05e7699b79ccdab,CLEAR,DAYLIGHT,DRY,FOLLOWING TOO CLOSELY,3.0,39.75,4.0,4.0
089e0721ac873d76052b8d8a8ae36de66d42927557913485461c46ad40dcb0efb330c357ed29426ef24a58827d930e6fd34f55e82d4d1cc52d67f491389a9709,RAIN,"DARKNESS, LIGHTED ROAD",WET,FAILING TO REDUCE SPEED TO AVOID CRASH,2.0,34.0,1.0,1.0
089e0a0707d89097bf9d1cd18c9740ca542f21d4f1e6cfd8e01be490605664616245299705fc3945debb3d83f78f8bc192d9fd64832e85061c7ac88143ad6c93,CLEAR,DAYLIGHT,DRY,FAILING TO YIELD RIGHT-OF-WAY,2.0,31.0,2.0,2.0
089e1d102b2a7209c2120f6f5359f601f21e9f3de0794754e5923fac7209a35cedc05b0b7f83272ae6e35914095beb04cfd1b4b540bd7d0d8f047d749908a77d,CLEAR,DAYLIGHT,DRY,IMPROPER OVERTAKING/PASSING,2.0,32.0,2.0,2.0
089e2b19baeb4abb16ee04ef8e54a25aeaf11b6ce414ff9409159989287cb6d880f940e5c34f66ad584d9ea662b5c968db088103a79abc94a5ea26d21c136a61,CLEAR,DAYLIGHT,DRY,FOLLOWING TOO CLOSELY,2.0,32.0,2.0,2.0
089e3af9e6aa8ebf324a8f2e2b300ef12750da253f173d673013b35594a04409b3f0a14b0160b68abe9405132fcf3ad72338558c30643bb976836fd44558efd5,CLEAR,DAYLIGHT,DRY,DISREGARDING OTHER TRAFFIC SIGNS,3.0,36.0,3.0,3.0
089e63881bd2b2052df639e1d62bd95d6d9d3e3c7f6d815d18cd1d5458b3493c880e7b11a5088c50050a742119e4f67d4e97c95a1a01f203a3c84f6fa5fd0e92,CLEAR,"DARKNESS, LIGHTED ROAD",DRY,PHYSICAL CONDITION OF DRIVER,2.0,29.0,1.0,1.0
089e72231ef2982a86ff62a2fec184917c15dd8df24a943804a732eec3e4c2530eed2bae026705979f3f13b75e1ebf04f1db601b8a94d749be56eab99483cca3,CLEAR,"DARKNESS, LIGHTED ROAD",DRY,FAILING TO REDUCE SPEED TO AVOID CRASH,1.0,25.0,1.0,1.0
089e73abb66b310350db579ce843ad9a02cd13354cbd4e53bcaf13f890034ff38d5e4024f9bdeb049142ec6443798f1f2a92745b4e469e6934362ae2eb7ec4ad,CLEAR,DAYLIGHT,DRY,FOLLOWING TOO CLOSELY,2.0,53.5,3.0,3.0
089e781bcfcfd06e981036ed6fe4f7fd82207fdff4212f67daefb53efb691c92c98b3cae7c092ebdc6d200ba8e119b4ab35c6a595ad32dc2e10a8daff485ab21,CLEAR,DAYLIGHT,DRY,IMPROPER LANE USAGE,2.0,55.0,2.0,2.0
089ec8b5ea9109d3069ca5349bc5d39ab552ff28e9f7e7bf4f55015d547d5ffb7fadab53a73f36fb298f47d4186f32157ba16088c7753d63b6399d834486c161,UNKNOWN,UNKNOWN,UNKNOWN,"VISION OBSCURED (SIGNS, TREE LIMBS, BUILDINGS, ETC.)",2.0,41.0,1.0,1.0
089ed03ddd342f209c423f3ada0d77d8e7a1b75458e532e68f7cb585f31b5fb16116350f5d425ed84eabf15c1c4a980151f43d18aa7df645e6e1640ff356ba89,CLEAR,DAYLIGHT,DRY,FAILING TO REDUCE SPEED TO AVOID CRASH,2.0,29.5,2.0,2.0
089ed4accc95efe7887774da50c1128aaef9c7d6a9dc2e45fac3ff777271eb7dd3c6e5fc2ecb38a07015ae33a3e700e7e97970a958c261f47176d0af4185a8ab,CLEAR,DAYLIGHT,UNKNOWN,FAILING TO YIELD RIGHT-OF-WAY,2.0,29.333333333333332,3.0,3.0
089ee3e42145b30d5fcb1912bb96067964bb727b73db636f29e9fed0297fd865457271cee30e3ee1eef21a9f537a937da7043159e53cf715b727e964f41104af,CLEAR,DARKNESS,DRY,FAILING TO YIELD RIGHT-OF-WAY,1.0,69.0,2.0,2.0