crash_record_id,weather_condition,lighting_condition,roadway_surface_cond,prim_contributory_cause,total_vehicles,avg_driver_age,total_people,total_injured
089efc691cda387bfcddfefb693ab6ff4dc70b655e414eb0bdf2a2257c9f342f873e5c8b747fc61f9c85364252299fb97a4429756b0ff461ccf7fb98700d4b3e,CLEAR,DAYLIGHT,DRY,FOLLOWING TOO CLOSELY,2.0,45.0,3.0,3.0
089f13e3f269597c088d7e5c9268597aff543b9c9d1aca945ddddd366400692a5aefa83a9ae02f614c05caf6ff38b19932beab635e902ab110e9b0ade287084e,CLEAR,DAYLIGHT,DRY,FOLLOWING TOO CLOSELY,2.0,54.5,2.0,2.0
089f6900fc269713cc34f8404a63ec23ba4e503e750ff86f1257e0e8ffbc4ca3602ab1a55324630061b44c8c3c531257daff899f9f7322f9fe8e59a3c92a8042,CLEAR,"DARKNESS, LIGHTED ROAD",DRY,IMPROPER LANE USAGE,2.0,43.0,2.0,2.0
08a014ebd54423c33e81c9ef90def4bcedb052d9c020d7b747509f2a1f3f4f0322c4d433875189aa8c45c01e3abc553b0cbe293804cce01c70f887507fa4737f,CLEAR,DARKNESS,DRY,FOLLOWING TOO CLOSELY,2.0,43.0,2.0,2.0
08a028843908d6ae305058392798d6f3968bb086ab1d36cb8d763436557dce8769dd16b1e635b9f0d3d15edd6b4879360e9f6ec91dbc95ede3214bdd5182756d,CLOUDY/OVERCAST,DAYLIGHT,SNOW OR SLUSH,FAILING TO YIELD RIGHT-OF-WAY,2.0,37.0,3.0,3.0
08a0509a9f77c8149c59031d453b013833df005402b30c212927da3657e3da5fdfcf3df725fc3275d84d39c86a4c9f7a8b34c6b41726c584585cf77f348b8a90,CLOUDY/OVERCAST,DAYLIGHT,DRY,IMPROPER BACKING,2.0,58.0,2.0,2.0
08a054b7d8b64e0c09a0e594439c6b92ad7a514a34957558ba459552849b6765d18f6579cb3589fb01515432fa3697cbcb895dc5163870a62adb6a145437d062,SNOW,DAYLIGHT,SNOW OR SLUSH,WEATHER,1.0,0.0,1.0,1.0
08a09cda63cfd0e08344902e4779b750261772b58a37babbecd2d63e1574384d88581b819cc9f0e26498c503adecf3ec89fede76f6823e6641e46c7f2365330e,CLEAR,"DARKNESS, LIGHTED ROAD",DRY,IMPROPER TURNING/NO SIGNAL,2.0,29.0,2.0,2.0
08a0a28097296ab1995c0cb2a0079d71c347b5df57620f886ccba3b92eb5e3fa1e2850817dd46fe6be7bf7191c4d9f63ec817a5f98e076b367cfe15c649fe2bb,CLEAR,"DARKNESS, LIGHTED ROAD",DRY,DISREGARDING OTHER TRAFFIC SIGNS,2.0,39.5,2.0,2.0
08a0b15273c82a6a075728af7b7a8e7b7f07b1d309c0a46e4ff1b73c3bdceb0ad1804978a9a00d9be559dab44dd335868ac87ed48cd3179865280bcc39f618a8,CLEAR,DAYLIGHT,DRY,FOLLOWING TOO CLOSELY,2.0,43.0,2.0,2.0
08a0d684973aef6fa0161c2154aa04f060b775289d60f259de8a1846735b47a4a5e942e781cd563b2b2e5f938f26e9b0ef17101cda51802c4ddf37b5a1932440,CLEAR,DAYLIGHT,WET,FAILING TO YIELD RIGHT-OF-WAY,3.0,20.0,3.0,3.0
08a0fcd710b3af2bc022bf776cee2a5dbbc886d6b89a8b10407c2e1196a317e6cf59d65fb38820b87959adcd9df5c6c2493026d3940f98b9c2083a73e344cbcf,CLEAR,DAYLIGHT,DRY,FAILING TO REDUCE SPEED TO AVOID CRASH,2.0,63.0,2.0,2.0
08a115f92348f2280da0c5af17ee693d9d526c7238e7271d56ca84c5cb6929a0dc65f6b04510ae0fec8a2b5d494fa289a6c20288bb688324fd0808a042ed4c84,CLEAR,DAYLIGHT,DRY,IMPROPER BACKING,2.0,37.5,1.0,1.0
08a11aec161753ecdad6b5be148c9ec5f2cb2340c3a87a29219b186ef6d4d7c16309787a0ee3ff7788c3e565f983d48695f23cc85743cf6946f28e411aa7fa7f,CLEAR,DAYLIGHT,DRY,IMPROPER OVERTAKING/PASSING,2.0,37.5,2.0,2.0
08a11d930c741cc20441b2ce401d53e352834b71d9c9d8646fc7dc6ee1e750f995ba3a56e79b8cb77e0026e86c32a55e6c438ad8754d0307a8c04a211e269cba,CLEAR,DAYLIGHT,DRY,DISREGARDING TRAFFIC SIGNALS,2.0,44.0,2.0,2.0
08a12eaf634ca59db021939089e614617b0982654f736e49de5c6de7b6e4e5ad5c745166244214958bd490993dbe9003e69079df8dcd403b531112718683cc02,CLEAR,DUSK,DRY,FOLLOWING TOO CLOSELY,2.0,40.5,2.0,2.0
08a12ee28525f222a1fc11fea78d5c9a608a66ef1053f15e640817724c0893fe07635317d029ac950cf8def6bce2f8af8239686d8ca7ec2acf0bde0d536e2b2d,CLEAR,DAYLIGHT,DRY,IMPROPER OVERTAKING/PASSING,2.0,56.0,2.0,2.0
08a15526331a61ec4ba5b6ccb24669bfeb3467f69a92342d6b7bd85392db9cf1db31731014dffaab8b9324796afd35c08af58bc7ba28fcb01c70dc734a9bbcbc,CLEAR,DAYLIGHT,DRY,IMPROPER TURNING/NO SIGNAL,2.0,20.666666666666668,3.0,3.0
08a15a5a7c4f9dae362dd60d299ee0cb6136537c52dd0aab6bcfb70328a126c7b3380a2c47bccf0c9980195e18a160ffff13587be18d3f2d92e2501f6d6a5b01,CLEAR,DAYLIGHT,DRY,IMPROPER OVERTAKING/PASSING,2.0,27.666666666666668,3.0,3.0
08a1896d78bdb66c3d68482a44207449659c67b4b5c6b5b68f39fbfe72e8a8c7643dcde1f79b2680c4ebab7ccfe03aebf6a518fc5cff7c2d4e0027daa58805b6,CLEAR,DAYLIGHT,DRY,IMPROPER TURNING/NO SIGNAL,2.0,23.0,3.0,3.0
08a19b016110cdc81ba7849084139ac5439cf971a4b4464368431a09bdce887436546aded9ec2326565c19ec2afd7df48b1e994be34c24cbd2a43071a9173031,CLEAR,DAYLIGHT,UNKNOWN,IMPROPER OVERTAKING/PASSING,2.0,55.0,2.0,2.0
08a19fd418124d0c14f621991f278dfea83741fb61a1e81ef2cb76b1a69cedb7f33731e5f58e14ae241da2b5165d7b5fcb35d0b82db458635745e30feedd2468,CLEAR,DAYLIGHT,DRY,IMPROPER LANE USAGE,2.0,40.0,2.0,2.0
08a1c6f12d90c994fca67af3cfcd03c61aa107f16216e0410704fced3471a49a103a278b062eb05fc52cb7b90c35748a4530313117a6318cd3377456cb0a1ee6,CLEAR,DAYLIGHT,DRY,FOLLOWING TOO CLOSELY,2.0,20.5,2.0,2.0
08a1d604100067bd10cff04c1261c23bacb96be314ca6f6c3369d966ace7a5e479dee42033afec5799e6838d7a62d9853e73c215ecf04c76be7887bd2d39fcb2,CLEAR,DAYLIGHT,DRY,EXCEEDING AUTHORIZED SPEED LIMIT,2.0,37.5,4.0,4.0
08a2331aa0d9f06ca95423b9167a4f7543db496a1c6e74150feb78530e06220f860347f31fff274bddf04440d9becc3f777ef2f84e09439b572265de1b9085a8,CLEAR,DAYLIGHT,DRY,IMPROPER OVERTAKING/PASSING,2.0,25.0,5.0,5.0
08a245c1ebf8e7e308240470d47e159d28cbe4c5179775e5841b22215f00ab92a6dcd38fad325a8441253d8dd0da28568b3a423f3e4fefb9267b4700e1ea3c3f,CLEAR,"DARKNESS, LIGHTED ROAD",DRY,FOLLOWING TOO CLOSELY,2.0,52.0,5.0,5.0
08a262e84fb4c3841b394ac758cb7a8573b65c4d4ac264ea41ebf42ae69d603575886b56d1d6632fab4fa973b0eba492e61535bb89cf6031fa3fe2c50899eb15,CLEAR,DAYLIGHT,DRY,IMPROPER BACKING,2.0,37.5,1.0,1.0
08a2a92ac5a7eac3c1cfe4129170bb63bb48fa6d4aa4ca29768cc642fd19973e86ee670d39fe175be08bfc8c6bed43c2c609d9abbe227d634efb91869019d77b,CLEAR,DAYLIGHT,DRY,EXCEEDING AUTHORIZED SPEED LIMIT,2.0,37.0,2.0,2.0
08a2c2ba95f16fa8ca358c8741a2596aed4781e11be13cdb627d037deb1be71da8360278d656ca419abb375395d51f3095069f943e498131a42e8a268b9e5545,CLEAR,DAYLIGHT,DRY,DISREGARDING TRAFFIC SIGNALS,2.0,65.0,2.0,2.0
08a2ebdb90bdb69179408242a776bf7c2247bb344afd1fd3a22896aa3386f19a56cb25d35ad8b70392532b111a2caa70b09ff064ccf00cb0beade282a6401a8a,RAIN,DAYLIGHT,WET,FAILING TO YIELD RIGHT-OF-WAY,1.0,54.5,2.0,2.0
08a304cfd9b1d07f87a22cafa71ea927fdfd7348397f0d8514cbea8850fc7c20cd5775a5a9dba6f85a2704e36c84936ba02f8d1183f1cddeb7d62ff2d0c3b5ae,CLEAR,DAYLIGHT,DRY,FAILING TO YIELD RIGHT-OF-WAY,2.0,27.0,2.0,2.0
08a319f5871c0d07ba9c6dfecc2c61e10dc0de29dcca81428df7a52f087637676b893577649cb7dfb85486b1b1d136052e6ffde28bd5700e96d489e6a3f00724,CLEAR,DAYLIGHT,DRY,FAILING TO REDUCE SPEED TO AVOID CRASH,2.0,27.5,2.0,2.0
08a32663c48f766f9970c6ba2d01295ce94f8febdbcd31c8a00f1961b49775ad529970770bbd90d8c5ec4602f36dab4dd4c77e1e73de6105315b9d64dc83824b,CLEAR,DAYLIGHT,DRY,IMPROPER OVERTAKING/PASSING,2.0,56.5,3.0,3.0
08a370531c9f42c4e69bddb183980f448e2dbc6ab5ed38f65e964d43f6440b4268dcafbf66765cd9bcc20768b522574ee8cc3502b45483c5a2748f7ca69c24b9,CLEAR,"DARKNESS, LIGHTED ROAD",DRY,IMPROPER LANE USAGE,2.0,37.5,1.0,1.0
08a370df884a80751c54bc2db89046d8af02987c45e85ba65e53509716435bcda72ea57e636a01c790721d7b8f5efbb2198c6895944c42adfe3e886859754fe7,CLEAR,DAYLIGHT,DRY,FAILING TO YIELD RIGHT-OF-WAY,2.0,40.0,2.0,2.0
08a3740fd0586eeb479a5330031bc3ca1835838ca1e08a2215742e5eceeb36e47d3da1fec671bdc0a00d0d563e35eaa71bfb54be8c85d166364a94d1a4e7ac47,CLEAR,"DARKNESS, LIGHTED ROAD",DRY,IMPROPER OVERTAKING/PASSING,2.0,38.0,1.0,1.0
08a38cde61b9ab2f16f6527db91258e0f2c1a3c7bae11538efa4c7d86e9a28c667989621b8ff66356b426a79f684a69bd84d7b6da91a27bcfc28d55436570ef4,CLOUDY/OVERCAST,DAYLIGHT,UNKNOWN,FOLLOWING TOO CLOSELY,2.0,25.5,2.0,2.0
08a393d3d2aa612969016a06d075957dc936156b923ad796ea7a4e1de76afdb8ca485b4772426af0de1ddb7f2f4635be147b139afeb3550a9abd5fb30e858e87,CLEAR,DAYLIGHT,DRY,IMPROPER OVERTAKING/PASSING,2.0,31.0,2.0,2.0
08a39df461d33fb3e1dfbb781ef722b68b5a4786a1d2167344ff36cfd3e67629fc07b7585d81cbc1b2fd0fbebf7eaf8731364f159714cad84e93c8430ad07fa5,CLEAR,"DARKNESS, LIGHTED ROAD",DRY,IMPROPER TURNING/NO SIGNAL,2.0,20.0,2.0,2.0
08a3bed195b0a1840ca0f9a28ecc5486c335e270cfec7d3effb14dfb6460d6a59b7ff8b65d0b18cdd70fc8f2a9bd16a3b694bf07d80e2c8ba583d55fd3cd1f15,FREEZING RAIN/DRIZZLE,DARKNESS,ICE,WEATHER,2.0,33.0,1.0,1.0
08a3cb86f73654fa26c89eac039e470a831cacc3f19f089da8da2236092d35b82a7175aef1a4842af587a3f70c6cd5075a546cdfda8ed4d88a1934e8349ed287,CLEAR,DAYLIGHT,DRY,FOLLOWING TOO CLOSELY,2.0,30.0,1.0,1.0
08a3e8ad82327c45dd26b155999f12c7b9b755c8bc2f1ce38dedb7f641a2569fe124c2ef4db9754a2255ab4be1b674aeb489847b8c26cc4bfcc7f9dd1cfaa70f,CLEAR,DAYLIGHT,DRY,FAILING TO YIELD RIGHT-OF-WAY,2.0,56.0,2.0,2.0
08a3ea5cec4244c3455d409ff196ac48488b7ed035c215e84da66502514612cb158699bb74c216dde58c0d5a17fda94092e186e4930709bb1496b7e6637e0e67,RAIN,DAYLIGHT,WET,IMPROPER TURNING/NO SIGNAL,2.0,53.0,2.0,2.0
08a40b4d76b17264f3833cdf8e825eeceae0e7b767537096a371246840ad471e808f54da73e6091c2b871f74703c93fb66e7e95b4c773346ff21bd27e737fa02,CLEAR,DAYLIGHT,WET,DRIVING SKILLS/KNOWLEDGE/EXPERIENCE,2.0,53.666666666666664,3.0,3.0
08a4249b727edb9fe5fe5a432856328d374e63215dc3b569e150f6de204f80c5ba2b31887f932e006955a01edb0ca5f7489ab91844cb76651958a1a17631f188,CLEAR,DAYLIGHT,DRY,DRIVING SKILLS/KNOWLEDGE/EXPERIENCE,2.0,30.666666666666668,3.0,3.0
08a457795f3968773e45ece1fdbfd1dc5b14b9171a215155fb6b39c8138beecb6fd4243abfc37f955fdb672104b2b9d2857d3064e228a0464f9978e5e04c39e5,CLEAR,DAYLIGHT,DRY,IMPROPER OVERTAKING/PASSING,1.0,75.0,1.0,1.0
08a48c8621f2139809353b6bf22af414a218181e9582075c3dad9395b5c02b14acd6ec6b65eab92fae193d88d6ec23904030f7737c66d3b9a4fcbd0493053b20,CLEAR,"DARKNESS, LIGHTED ROAD",DRY,IMPROPER TURNING/NO SIGNAL,2.0,20.0,2.0,2.0
08a4b9e1c150765779db7bdca5d1491f868eca751eb88460c946decd522f410fc43ad1fca0d13383f5fe1f0479a604f19dd23750535bb0adf75707c1e570f6dd,CLEAR,DAYLIGHT,DRY,IMPROPER OVERTAKING/PASSING,2.0,20.0,4.0,4.0
08a4d20c1efb3fd7047a4c98212ce9979eddbd8d9b1ead31b3337519d3d7c340b541a874094feaac25e9bb698cc0a8dbcb56230155de9a1b21f3cbd201ebba59,CLEAR,DAYLIGHT,DRY,FOLLOWING TOO CLOSELY,2.0,88.0,2.0,2.0
08a4f8751003cad1062243a806930ed1631ce1550788b630e7a29c3eb7dd656598bea4dba7b655198de2214c302077b1322cf73aaf23aaec63804a0d5200d5fc,RAIN,"DARKNESS, LIGHTED ROAD",WET,IMPROPER OVERTAKING/PASSING,2.0,37.5,1.0,1.0
08a53acfc5167014e92de451e8bf05a13f75fdd1f01c99b5deb3479476ba4280176d8d40726b4ce426e93b48381979a7507587827d7030c370a436fb36fec2d2,SNOW,DAYLIGHT,WET,TEXTING,1.0,51.0,1.0,1.0
08a53f2f8ed3637fa1d4942f0f248922afceb711b9d7191e55f5c0c511c1eec7d822c3e1652c61aec445d1ae86fbc72257610212c7b41b7c530fe4a69e8d4ee9,CLEAR,"DARKNESS, LIGHTED ROAD",UNKNOWN,IMPROPER OVERTAKING/PASSING,2.0,33.5,4.0,4.0
08a54196454d07aca3786d551434cd04e603f70090119726c1b052318517b981369b874094908002b2cedea1250985a668483178f123d98d3ac37055d0a10a04,CLEAR,DAYLIGHT,DRY,FOLLOWING TOO CLOSELY,1.0,29.0,2.0,2.0
08a5593512ccc675aae4f74e59379e92cab387edaa508298a1d1421c3dbc0bf31aba45ef6d66dd2d6ad5801ee3baf4fbf2962b227ca216835aea670ca9aada77,CLEAR,DAYLIGHT,DRY,IMPROPER OVERTAKING/PASSING,2.0,43.0,2.0,2.0
08a561ce6e7d083df934b25134bf988fa1df3af08a547ebaca0ab7b88e2c564df99121f200a76f3094b45df4f3822c94a463359de6b09fd817a76ffdad502ee9,CLEAR,DAYLIGHT,DRY,FAILING TO YIELD RIGHT-OF-WAY,2.0,59.0,2.0,2.0
08a566d101a85f08cb5cb6a5e7d28f81385be6e588ecf3dcef16a37eed2b6065fecc1e622f2d00d0b83910a0b54d48479d4632305e1e22df54ba098fabf10d7a,CLEAR,DAYLIGHT,DRY,IMPROPER OVERTAKING/PASSING,2.0,43.5,2.0,2.0
08a5691455c6ccdf33716ef37c0e5bb03740942418e668575105113bb159b7d18bc5ed44b7fe80d4e8fc173b5bcd56d2e4f923ef80fd995109ae9789aad5d389,CLEAR,DAYLIGHT,DRY,FAILING TO YIELD RIGHT-OF-WAY,2.0,17.5,2.0,2.0
08a577d292e1aecac4c1d9b13603a3eb39d04adb112a1c17d23aabac8b623065c9b1ae533e3ca7df94d1761c4ab6204ad0f05d916a73e15b27ef006118aa7de9,CLEAR,DAYLIGHT,DRY,FAILING TO REDUCE SPEED TO AVOID CRASH,2.0,46.333333333333336,3.0,3.0
08a582d478f52e5b2061ad8898a86db87a2c5dc41d0dc787eee94ac78653461b1ac19de48e533d9c6669c1721222e497bcde32ac30dee4c29f5a949ea826cb15,RAIN,DAYLIGHT,DRY,PHYSICAL CONDITION OF DRIVER,4.0,19.0,1.0,1.0
08a5b133581e7c7012ff6d7edc25573c24707c0c5304ba102a14ab7479cfa13cef39fc0230b8e96790c4a054702b338f6771308844a94c37532d2c526f8e1268,CLEAR,"DARKNESS, LIGHTED ROAD",DRY,IMPROPER BACKING,2.0,47.0,2.0,2.0
08a5b853bc6e0cc463464cded0df7581058f4ef9f1036cd0256b8e241f55feb9ed58ac6444700dc5a84081e229d2f35d5c12344b8d71095505fef9edd892e686,CLEAR,DAYLIGHT,DRY,IMPROPER BACKING,1.0,32.0,1.0,1.0
08a5dc59b5cfc6535cf4397c1a09905eeeb8f4ee2e60204f21dee8e49b2ca1e813591457043b9e636d6d771439f4f0d4ce67161085c5ffc512639c691c30a0f3,CLEAR,DAYLIGHT,DRY,FAILING TO REDUCE SPEED TO AVOID CRASH,2.0,59.666666666666664,3.0,3.0
08a5f041ad651e06dfd51563f3d7021285cc22ff00592fb21edca0c133d46af703c0bf66f73b1d846218a70ea985e447778886b573e93b0ba243b3dc48bee91e,RAIN,DAYLIGHT,WET,FAILING TO YIELD RIGHT-OF-WAY,1.0,64.5,2.0,2.0
08a66f55eec73ed13a2c67f0fde5befca2018431df892abf12abc00f90dc40308ab307031e0083871efcf05536fb5bf5f66647fed323a81c83fb82c4e61485cc,CLEAR,DAYLIGHT,DRY,FAILING TO YIELD RIGHT-OF-WAY,2.0,59.0,2.0,2.0
08a6daee9c427aa8cf1cf1abbcad85c8becb00f17cff0ad22420d52229ab713f5d60a8331d9693a9f9a27b3594aac808ca06fabc6881aeed4bfbf1e50c7d63c2,CLEAR,DAYLIGHT,DRY,FAILING TO YIELD RIGHT-OF-WAY,2.0,23.0,2.0,2.0
08a7017ca75ea04a7bd77e0cca42b244187de2fbc6ac1ca66ab19422c7d64a3b8c94c602a46ea183a5974875f0dedd18e3c160cfadcf5aaf96257343178d7a4b,CLEAR,DAYLIGHT,DRY,IMPROPER OVERTAKING/PASSING,2.0,30.5,2.0,2.0
08a71f8bb29b317be1874b016de5d66cd0662a85532fcf5352f56d04ca4060b62cecbe6ee8d460ab51b9568faafac5861e74f54374925d44f9e7382d9d45f8fa,CLEAR,DAYLIGHT,DRY,FOLLOWING TOO CLOSELY,2.0,22.0,2.0,2.0
08a7289b0f06041f8bd764c4c2fa8ce9032bdd68c5dd8a317ca0a8edc16e9f5510db0334f6d2b574dcd201b6924fc75be739a5c5aa00fd6ee95d9ad6f5732c2a,CLEAR,DAYLIGHT,DRY,FOLLOWING TOO CLOSELY,2.0,54.0,2.0,2.0
08a7852cfa0c1a03722bb6b6d5620209f5ef20179b300d0d3540d59f118c4f3cb68cab724d58c786328de2e7d9a481330fa7ec77f5d5e8f7b2a672ef010c9e33,CLEAR,DAYLIGHT,DRY,FAILING TO REDUCE SPEED TO AVOID CRASH,1.0,82.0,2.0,2.0
08a7d56bdd54478c7ede9382a1507ef88249eca1e2846994ae673172d461251e6dcf232ffaf507885dd2528e51f39317442802bfc16277e77a00c88d66e6642b,CLEAR,DAYLIGHT,DRY,IMPROPER BACKING,2.0,26.5,2.0,2.0
08a7f8e49e829f61d309a8c4f8d4f042ece487b1f1e704a9a4c66bc682e768b263889cf8f4426e49235a7141430fad18ff326f97952ba9394972d8f7d13584d7,CLOUDY/OVERCAST,DAYLIGHT,DRY,"VISION OBSCURED (SIGNS, TREE LIMBS, BUILDINGS, ETC.)",1.0,50.0,2.0,2.0
08a7f9f64397fa87b8697295bb06ebcb17bfe6e885fefc7868f63ae50b3f131046b2c8648486d640786b8346183769c8e5e7cf29cfc614f68234a322e757e75b,CLEAR,DAYLIGHT,DRY,IMPROPER OVERTAKING/PASSING,2.0,44.0,2.0,2.0
08a8026f5ef8f3ffb30be367012ee5527f01d2ddbe6264e2d1c3a3b511ccc52f4b25816e22e6c7191bb193e5fcecc92de6f06fdfe651457ec6344befe91e1a6e,CLEAR,DAYLIGHT,DRY,IMPROPER OVERTAKING/PASSING,2.0,58.0,2.0,2.0
08a8269e3ab6eedfe85da0140a5f4bb7e9bb50be54e9aefd89077925471b525414d1783f56f0c7459945bf7cc19d442ab1271c70eba4a2bf6838ad3958d1fcde,FREEZING RAIN/DRIZZLE,DAYLIGHT,WET,IMPROPER BACKING,2.0,42.0,2.0,2.0
08a829012b448e17a35cc652f1144ae62ab82c911221e7f4b9660d89ee1c2df417361846cbf3b8009dd341cc65f6bc7d071d0ecfe83eeecce9b0f7746a4e2946,CLEAR,DAYLIGHT,DRY,FAILING TO REDUCE SPEED TO AVOID CRASH,3.0,37.5,2.0,2.0
08a832df6953cb71aa435441dad69b412253dac58b151ef9833ba141da03e9f609edf16f46cc99a7654a05df818382ecea06822ecc6d9ef38452dfb68e95d0a0,RAIN,DAYLIGHT,WET,WEATHER,2.0,17.666666666666668,3.0,3.0
08a847395a2c4718826a42330f12aa1c663aa711242a9a8ecda2949e94466127d554868186aecf6d9a584ba0e73759e4d207576d0808f6e681a4857bae36c313,CLEAR,DAYLIGHT,DRY,FOLLOWING TOO CLOSELY,3.0,38.666666666666664,5.0,5.0
08a8a88b84393db74b0336952df69bb84e9018727a077864a3bc6fe35ff1195cf489ad35be18053aad39056fa6cd79b6ab506d7728209e97eef8e3a032466c60,CLEAR,DARKNESS,DRY,FAILING TO REDUCE SPEED TO AVOID CRASH,3.0,23.0,1.0,1.0
08a8ae367d27791a1b163d1c3d6c03286bdf554cae6ea50988b131b076d12d30086474890ff9916a161aef042602a0ec3c22aae91d7f65ddc2bd1217e68cded8,CLEAR,DAYLIGHT,DRY,DRIVING SKILLS/KNOWLEDGE/EXPERIENCE,2.0,37.5,2.0,2.0
08a8e45b211e14c422b6598d13df9232e80272e3529dd310d34d913f494e379cfc3c185563395f171a1665d0bd317c40b99288338e352f3a164752b5e45c2753,CLEAR,DARKNESS,DRY,FAILING TO YIELD RIGHT-OF-WAY,2.0,23.0,4.0,4.0
08a8ea8523177893bdf112780f66489dcd72ad89ac5d2ea7f7712da4e4db4934088ef6b55004ec2819f8e61cad1ecef7e2a514a51f62f2b63b593b5203284036,CLEAR,UNKNOWN,UNKNOWN,FOLLOWING TOO CLOSELY,2.0,50.5,2.0,2.0
08a8fb9c81ba9760e4f51165367780f55fd77045c38b7e4967a52cc8cb5b6410c5ab6cb0e99c3626c78f1be8077c495817cefdfa09d2b901cd8ab2fa0f2bde22,RAIN,DAYLIGHT,WET,FAILING TO REDUCE SPEED TO AVOID CRASH,2.0,34.0,2.0,2.0
08a936716957584945a4b213a8d97a5cdeeefb6b7eab6ec54c1e13b5c91e5c95894214c78dcdc14c33ac54893c0d2c5a3802e86adeaf8293f5481f0c10f4a32e,CLEAR,DAYLIGHT,UNKNOWN,FOLLOWING TOO CLOSELY,2.0,56.0,2.0,2.0
08a9c0a100e8ce97b9993d80e8c3f77b1103c3c68cd1a12deff61c377d9c03f64431269f462f573373a648247ba2ae4a93a2150e9c61756d78f8a637a7482469,UNKNOWN,DAYLIGHT,UNKNOWN,"OPERATING VEHICLE IN ERRATIC, RECKLESS, CARELESS, NEGLIGENT OR AGGRESSIVE MANNER",2.0,37.5,1.0,1.0
08aa03f6c67e9bebbb27e8fff4a010cb73772d6646a77012f0e82f768eb616b26019ee61919b4786560da3461a87ba06867ff8fd152e609dea64cd3a327fcb93,CLEAR,DAYLIGHT,DRY,FAILING TO YIELD RIGHT-OF-WAY,2.0,71.0,3.0,3.0
08aa120e9615c15c1020d7650416ebf93fb656c0959dd3823eb7aca17f3de6f9a4749dbd6b1649b19cb4f2c4f1e3f737a7a828830281ab7e02c5527fbd4b3492,CLEAR,DAYLIGHT,DRY,IMPROPER BACKING,2.0,33.0,3.0,3.0
08aa2c8f6c6c462e1ee43185630c0ddcc26ccf388ca15859899f52ead4b445cab0cfeec11d54dbab188040780c7d289759942c971ed1e1e5943efc1128b7c2e4,CLEAR,DAYLIGHT,DRY,DRIVING SKILLS/KNOWLEDGE/EXPERIENCE,2.0,22.0,2.0,2.0
08aa654bf30ee9604f21361e79b9be0c22b876c4079e5333ef19c42d24d454f50a0f76110eed719f299ea1c5a8299ba313cdbc1f3a00d649ce1451949d94a9bc,CLEAR,DAYLIGHT,DRY,IMPROPER TURNING/NO SIGNAL,2.0,44.0,2.0,2.0
08aa6b1383d4930ae788bdfef69bc3e80825099519b682fdd68c4899f3e73f634ae082b23b64e2d1224f4b808273603a4c9c7ba82061cfce19cc35d00829f96f,CLEAR,DUSK,DRY,DISTRACTION - FROM INSIDE VEHICLE,3.0,39.25,4.0,4.0
08aa771116012a751bee5cad50cc993d52c36781e7253c71d3c5636791fc151d72d4815e36516c0d45f7a2634397c6352fb074b55d094ca0d07ddef041a63f20,SNOW,DAYLIGHT,SNOW OR SLUSH,WEATHER,2.0,28.0,2.0,2.0
08aa8c2e1c80d79f19a08de9f1f1b6594ec5820621a2c326878495d3b0d79aed37e704e4215a6b97a400308623527bdd15d709324990659d5edec44ee9ecbe58,CLEAR,"DARKNESS, LIGHTED ROAD",DRY,DISTRACTION - FROM INSIDE VEHICLE,1.0,19.0,2.0,2.0
08aa9f3b9d3b15227c5ed912c4a5503f793724e21c5596296aebd9233101e31710e89383821c548761d8c0c93ee8fe8a5ad165aad920c27dce851b8147e6d723,CLEAR,DARKNESS,DRY,EXCEEDING AUTHORIZED SPEED LIMIT,2.0,40.0,1.0,1.0
08aaafc97aa99efcbfb15234a2d0e608fc63e7ed1d0c00921d37e82826e2ca491f4fb7ad2456734b3c05df6681515c9aefd29a15923f1e0163f81939c568e28c,SNOW,DARKNESS,SNOW OR SLUSH,IMPROPER OVERTAKING/PASSING,2.0,40.5,2.0,2.0
08aae43e6dae3d9ff3943dd0eca3adb858944f37fbafda08e7d091211ca8df0b84c17281af7680118331a9966073e0e318151dd56b659c25bdc97a8ae7233a08,CLEAR,DAYLIGHT,WET,FOLLOWING TOO CLOSELY,2.0,27.5,2.0,2.0
08aaf58d6f15cee02e9f7422124cba7d810ea81685f88086cce5b6ae0898279e3968a3068cfd487a761be898c396c53e6442a6b7efb8b1e9e37264d72394ab45,CLEAR,DAYLIGHT,DRY,FOLLOWING TOO CLOSELY,2.0,29.0,3.0,3.0
08aafb3ee7d09b29c97b5d475b1a601c5d0852d67d4ef50574f97054917c63ffe8e5e73dac11aa786968e5f11b9692fd45c30408c084316bee223592ba274443,CLEAR,DAYLIGHT,DRY,FAILING TO YIELD RIGHT-OF-WAY,2.0,29.0,3.0,3.0
08ab1192f1ee2fe5dd9f48f88e603e18bcf7fa9984ea7c0a0fde96b3493bc531fb7f81d66499e5781791cd7920699c30ba98d3aae68a476f0086a3c9eab16387,CLEAR,DAYLIGHT,DRY,FOLLOWING TOO CLOSELY,2.0,27.5,2.0,2.0
08ab4d5bb61d7c609a349156985ef50f738604120539016388408877781a643226015c6d11eaabad22ad8e7133d8b2905d63a9c4e12fb205dd025eed399afd94,FOG/SMOKE/HAZE,"DARKNESS, LIGHTED ROAD",WET,FAILING TO YIELD RIGHT-OF-WAY,1.0,51.5,2.0,2.0