crash_record_id,weather_condition,lighting_condition,roadway_surface_cond,prim_contributory_cause,total_vehicles,avg_driver_age,total_people,total_injured
08ab530bce4d925bc845c00c7071d30a3060b54ffbadfdf33ff93ad53fd0f5ca7194fcaea93ee379bdf8b4f15cf83373a0892e2e2a181d6daab09204efef4748,RAIN,DAYLIGHT,WET,FAILING TO YIELD RIGHT-OF-WAY,2.0,15.0,3.0,3.0
08ab708ccbb380a3f51663349a936f69b779cb77af4d18ca4141b05c7828f73251a9d9d8a8fde81e8464a205e858007ea71bd927d25cf1d31474fc54f58007a5,RAIN,"DARKNESS, LIGHTED ROAD",WET,FAILING TO YIELD RIGHT-OF-WAY,2.0,64.0,2.0,2.0
08ab9617d58e3ea7e982613523f329e77c87f211c33a79faa29b5975382ba7c005de3e1e3ce5acc98a01369c9149b3ee0ee18415407abd9d28e77547b22386b4,CLEAR,DAYLIGHT,DRY,FAILING TO YIELD RIGHT-OF-WAY,2.0,52.0,2.0,2.0
08ab973d7c0269de4931270e1870f1d6de7a45d562b93c44345a75e975f723f1fb254c23630081677e58f0511c79359af1847fb01e3140ff25c6a305dd4efdc2,CLEAR,DAYLIGHT,DRY,FAILING TO YIELD RIGHT-OF-WAY,2.0,29.0,2.0,2.0
08abcc11179dc9599b4fe02143725f7d448bdce5a776613b5ee4092a80d40ad90dcc4dd4d044e65de5f6eab7aabe12527782a3965aac2854f853d2e8bfc80dae,SNOW,"DARKNESS, LIGHTED ROAD",SNOW OR SLUSH,IMPROPER BACKING,2.0,72.0,2.0,2.0
08abe0759e42750818270545719de8b89f16c64d789edcac7f1d2357f60310b9ef6df082d88c10c0a615000b1230fd853bf664d01b1b8c8f751c7b50a696bf04,CLEAR,DAYLIGHT,DRY,FAILING TO YIELD RIGHT-OF-WAY,2.0,49.0,3.0,3.0
08ac17c4510d1c8464f3f60c12e9fc268b0f9c660fd9a0ca35f862236ddc6b33445c1e542924cecbd453e83d2a66c45897a220cefd798be5c5664e887422532d,CLEAR,DAYLIGHT,DRY,FOLLOWING TOO CLOSELY,2.0,37.5,2.0,2.0
08ac1dc04820f279abb5d7258541cb49dba1d5db2b02bf069f4068afc812e095f03a0f224009eb8d3c0885cfb8044fa9a956caffe50712b51e94bb1a569a6806,CLEAR,DAYLIGHT,DRY,IMPROPER LANE USAGE,2.0,48.0,2.0,2.0
08ac45c1d6b44eb162567b4e1e30abe3782b1dbb8c488e1ccada10ce7ee30053e5663be3b14773039a6ce0e939192742ac61dfa394e4c2d9d02783b5b26d12bd,CLEAR,DAYLIGHT,DRY,FOLLOWING TOO CLOSELY,2.0,35.0,2.0,2.0
08ac4a13fe81c4aa275e8b776cd5311ce32997d0ee934e14e59faa8ca19296e4a8fbe374c72d417c664dbadbad9623a6f316318ade048fedb7447884c43bc489,CLEAR,DAYLIGHT,DRY,FAILING TO YIELD RIGHT-OF-WAY,2.0,29.5,2.0,2.0
08ac60ea1711f0abb20aeba79704ed01e5ef9fb75375b572c3220d14d64dd26eee2da02bec4ee2703ff3dd2203c64ec0eb5dd17c74e3ccbe297e21d84d785129,CLEAR,DAYLIGHT,DRY,IMPROPER TURNING/NO SIGNAL,2.0,40.0,3.0,3.0
08ac6f65d8da2b85cc637cf6464d50750b93d04108dcae3f5f10f659a25fcd03f740db375f565eeceb70fceff6825554c3b2f4da0a6cd7cdd00f448120763646,CLEAR,"DARKNESS, LIGHTED ROAD",DRY,IMPROPER BACKING,2.0,30.5,2.0,2.0
08ac7c2d7fdc06313688d635255dce5819baf2efbe702acc090c4c1aec4915edc6a9cf9ece462432325fe948cf91ee7f4a7747d097f0f4306c6f301bc32a79e0,RAIN,"DARKNESS, LIGHTED ROAD",WET,WEATHER,2.0,21.666666666666668,6.0,6.0
08ac8a2cc7f5d9690295be568237758d2e91c5ed484da5782a6006511ef8ce361ffd61e3704867a7c35b45f9c603707bf2e445656fcc2c6dbcddd0840d68333a,CLEAR,"DARKNESS, LIGHTED ROAD",DRY,IMPROPER TURNING/NO SIGNAL,2.0,22.0,2.0,2.0
08ac8a424c9c26cf51d510d9ad644bf7eaccb8f9f81057011721f1669fd8997d7223f14db5034dd14611841d1b5a07becba4ebac81ef8b1a3c9e4e369d9a3dbd,SNOW,DAYLIGHT,SNOW OR SLUSH,IMPROPER BACKING,2.0,43.0,2.0,2.0
08ac8f7beb0ac9b8c988901e49d596e2ceb2928dbd40af738b23cb9289676b1a468b59ca4e0bb1d04360962e0dbe6f9c280569971a48c7035fa49985f72cda42,CLEAR,DAYLIGHT,DRY,IMPROPER OVERTAKING/PASSING,2.0,37.5,1.0,1.0
08ac95e11f581eae070b9e7ff251ec5ebb1a54e064ab9df2df49c8a699e43245bf76843a5aa9248143213bee4eb613d71da078d28e92b09d484825f7274b6d40,SNOW,DAYLIGHT,SNOW OR SLUSH,IMPROPER BACKING,2.0,42.0,2.0,2.0
08ac977d285581d07945963f98c48a27f1eae855215c60c8235e1c0efc78f3037b5f1b443643a6938b8b613554d44217e8371f53046fd865914ab019c84049f0,CLEAR,DAYLIGHT,DRY,FOLLOWING TOO CLOSELY,3.0,48.4,5.0,5.0
08ac99207229e5ecf6e08ae497ab9088db3262bdff2bbc61dca8664a0123efb49717b80231e754f7f0c6ff210fa647a3b2897644f46a87eef4d747ad54788021,CLEAR,"DARKNESS, LIGHTED ROAD",DRY,DISREGARDING TRAFFIC SIGNALS,1.0,33.0,1.0,1.0
08aca9835c60e729161b75c0633b55d59c42fb66991e802792429a1d51c1a5cf0b197943fbd6cc7ccf69c08ea58a7e8ac2313195d27cf1ef3db8797105672531,CLEAR,DAYLIGHT,DRY,UNDER THE INFLUENCE OF ALCOHOL/DRUGS (USE WHEN ARREST IS EFFECTED),3.0,41.0,1.0,1.0
08acd16ee571b42006d55172b56b976edf2cc5b231ff841324b19bad2a70038efab80275cbf324438e05c831bd63cb0bbb9902c7b872902bd6bcd9d7aab8169f,CLEAR,"DARKNESS, LIGHTED ROAD",DRY,IMPROPER TURNING/NO SIGNAL,2.0,37.5,2.0,2.0
08ad0ad014376b939ba3ddd2b5764c8f43ad1c5a65cae34f3acd67b85803cac53229de67df55603932f177d6e3059bb5e8cdf9acf2323360fe8f494354e2c060,CLEAR,"DARKNESS, LIGHTED ROAD",DRY,FOLLOWING TOO CLOSELY,2.0,21.0,1.0,1.0
08ad791e24e188890cce3f5b34a4f15ac7f49c84487ed6a9e6300daf7f57382e065662a94d259645ab6fc894a751a6454e8f3d66ef21732144a25b721ab2d461,RAIN,DUSK,DRY,FAILING TO REDUCE SPEED TO AVOID CRASH,2.0,50.75,4.0,4.0
08adb85d45cb506b78de7a89528096ac25489f75dfec4bcfe5fdd7a07d5a6f638b071125f26b195b03c64a8567299114e9bfd22ff2c170d2426e67f6d48e0f72,UNKNOWN,UNKNOWN,UNKNOWN,DISTRACTION - FROM INSIDE VEHICLE,1.0,58.5,4.0,4.0
08add61e037f18c5765379827469a6d5dd8f82b625e0333064b4abacc66ce3e5cb6689719e447513dd8919efb00fc827269cb865437350eb1455f1c6c85bd012,CLEAR,DAYLIGHT,DRY,IMPROPER BACKING,2.0,33.0,6.0,6.0
08add6cd89d1d3cc35753694c91f40ae27f85e2a41ce46ab5a045498fc29fa464feb9f59ca04d1d5d5cf6caf365d85fff96936b8f8fe8ff1f5e5764fca05d637,CLEAR,DAYLIGHT,DRY,EXCEEDING AUTHORIZED SPEED LIMIT,2.0,42.666666666666664,3.0,3.0
08ae04530c680df6e0e37dc19cdf5ada9c74eaa30326b1e4b3994ec8b507c118b4b16bc2ead1a2d6b5253a405b11315d182ac4f31d8fc83ba0b457c4ecd430b8,CLEAR,DAYLIGHT,DRY,FOLLOWING TOO CLOSELY,2.0,31.5,2.0,2.0
08ae377d92cc19abe6c68685c0be2c946bebcfddb673d1f7c30f8e83cd274077d11ec709ffaaaeb4db2714af7cd9d3367cb3da0e76cb21a624716ec41f05dcb6,CLEAR,DAYLIGHT,DRY,IMPROPER OVERTAKING/PASSING,2.0,64.0,2.0,2.0
08ae4bab9ade16056cd4406ee15d386a120257152128649eb972588179376b3e1e786f5fee3b5d846fe090881bff8e36688f1ecd210d2b3ab5df57cb50d54f99,CLEAR,DAYLIGHT,DRY,FOLLOWING TOO CLOSELY,2.0,35.0,2.0,2.0
08ae56f8c2d39deca80f5444eb425cb67fdf4af6f9a18d9b2e9bb9f44145df7d64dcfaa6a5d11497191315937b809971cb6ae2813dceaf5fc7981ca9cc7f02ec,CLEAR,DAYLIGHT,DRY,"VISION OBSCURED (SIGNS, TREE LIMBS, BUILDINGS, ETC.)",2.0,56.666666666666664,3.0,3.0
08ae6390673cb03e3d06d1f45ddfbbbaca44293725430f6dae8bc5b173220d2945e06261080092ca52a163450a00415a20cee86541b451143b36cfd91c33b874,CLEAR,DAYLIGHT,DRY,IMPROPER OVERTAKING/PASSING,2.0,55.0,2.0,2.0
08ae689bd4a7bd53ef5495d1c2d39d19e4635b64a248508547d6482515d5006878e6bcff0193e674565d191aa0bd43abbd4057b08f400316307a94877b7dfd8b,CLEAR,"DARKNESS, LIGHTED ROAD",DRY,FAILING TO REDUCE SPEED TO AVOID CRASH,2.0,37.5,1.0,1.0
08ae6f0bf1b05a1eec841b03efe675c2658b3a06dca7a90d734cc123bded8369cfc130b09f2a9473971432754e326f48609c524c1fb231feecded69d6bc9d923,CLEAR,DAYLIGHT,DRY,FAILING TO YIELD RIGHT-OF-WAY,2.0,48.0,4.0,4.0
08ae7e2bfb95e8ca57cc5822515a644b8a4cceb471e98cc7e9bd150a1055837a33ad89971e3d50c0747b5dee5b6cd56432211d2ba51aebd1ae236f01c09488e1,CLEAR,DAYLIGHT,DRY,FOLLOWING TOO CLOSELY,2.0,40.5,2.0,2.0
08ae9c18e0f9332b008e9b6a6fbcc880f07f25e6509e18aca5a1378f5b36e01341a2b27232b033381df70a14a35012c5319f390517003c306b0aa9604676e8f4,CLEAR,DAYLIGHT,DRY,IMPROPER TURNING/NO SIGNAL,2.0,48.0,2.0,2.0
08aeb2b58752c2d32244513e916878d1f1c62e940112cc845c042d6506620b8f7f3fc91fa7ceecfac55c86388d65ad60a398e5ec9024c26aaa435b55e4368d83,CLEAR,DAYLIGHT,DRY,FOLLOWING TOO CLOSELY,2.0,39.0,3.0,3.0
08aee180359b708ab96aca6cca4ad4fdfa3db59b7624ec15948094da295a2de4d7b2abbcecb9747271b0758170edd3da4f7743da7e461ac5eaa5804bef3ed3a7,CLEAR,DAYLIGHT,DRY,DRIVING SKILLS/KNOWLEDGE/EXPERIENCE,2.0,51.0,3.0,3.0
08aee93220a179ab4f5fc07117d5483d4674745ca188fd480bf2d5556d113683d14963e5b95d7ca1a45acf3d4ced57993bbd5eaafaae2683eade894d6eb8709c,CLEAR,DAYLIGHT,DRY,FOLLOWING TOO CLOSELY,2.0,36.5,2.0,2.0
08aeed4e1d2382ec82506e782c63d68fe54a34e84ec8b0785cb8f5c22b70931b505a7c063d2631628d6e89ee173ac7285f6f52e6bf2c6394b458dadbc5410383,CLEAR,DAYLIGHT,DRY,FAILING TO YIELD RIGHT-OF-WAY,2.0,34.0,3.0,3.0
08aef4d48088d6d0e0f2c41e6c3ab0cbf6bd40011321809b03df80b0589b536f0b8e7b61b73fa3c7f0c57371007acd98077591a846525b7e51b04414c9d59fd0,CLEAR,DAYLIGHT,DRY,FAILING TO YIELD RIGHT-OF-WAY,3.0,46.333333333333336,4.0,4.0
08af08207417a297f82e17050d59d70d056c1c73aa0a1bb92bdd646756ee2e5d185c99714b5b953f8f884d3c27241bd6cb327cb5a09710d075f9e498b9f0bea8,CLEAR,DUSK,DRY,"EVASIVE ACTION DUE TO ANIMAL, OBJECT, NONMOTORIST",1.0,32.0,2.0,2.0
08af0f15b976197e02e382b97731845cd132f9d9f65d4a6693ceef9ab3d684d9783fc4908f81e00f9ee1bf3abe758f3195043c89ce37278166da635aa05a437a,CLEAR,"DARKNESS, LIGHTED ROAD",DRY,DISREGARDING TRAFFIC SIGNALS,1.0,61.0,2.0,2.0
08af1064df9e21eb32f97620db3b331581af2acaa8e53c3b88554c1671d241b76ce030c43242cd8f09cd65f7db2d9720bbefbf8ef4b48b45baad0370f3e56c26,CLEAR,DAYLIGHT,DRY,IMPROPER BACKING,2.0,31.0,2.0,2.0
08af1115c05c253e95bba2e4d1f65d3c2800ba8d09a16603e03ca9a7c9059988368563c902f52c911cdd8489880d093066a21fbd0f2a9a35573b26e8722513b3,CLEAR,DAYLIGHT,DRY,FOLLOWING TOO CLOSELY,2.0,44.5,2.0,2.0
08af3e8f9a35d8f0cdd7940004c9010487950c0b5fc673360cec92fac1baf61d1c644437c704854b6fe034432e7d11a9d75eb7a8ddb0a6a32749b53666cf9e67,CLEAR,"DARKNESS, LIGHTED ROAD",DRY,FOLLOWING TOO CLOSELY,2.0,41.5,2.0,2.0
08af45153e0a9550dc27fd006cb3fd3f8d1e0a8624b0ba8bd47268ce223233ac21f9aa5b2ed7d371361f0c5d4dd315868a24ca4d1745a692f3de2b1219b9b11e,CLEAR,DUSK,DRY,IMPROPER OVERTAKING/PASSING,2.0,42.0,6.0,6.0
08af54c518b41c147f903d7746b944cf3e2b2fbbf56d07ed5e4d6fd469700c1b60acda8beb74ab8b1e02d2759a7bf9cf78adfc535459f474750c620f73b8273a,CLEAR,DARKNESS,DRY,FAILING TO REDUCE SPEED TO AVOID CRASH,2.0,30.5,2.0,2.0
08af5713dfbdf355a7d0073e40cdc0beeeedc97786b1b74a27db963cb4582e9918cf530e35ab691bfa1cea92e96d8002474a59b5ed6c84d68995911053e9ea90,CLEAR,DAYLIGHT,DRY,IMPROPER TURNING/NO SIGNAL,3.0,25.0,2.0,2.0
08afc2d71b52a795544258bbeb9715b1af2afafea217548765cb91d4cec558d8db7fda54dffd7fbc89af4fb1ff63bf006eb02f14f98e8e570f0b0a8f2dbdb886,SNOW,DAYLIGHT,SNOW OR SLUSH,FAILING TO YIELD RIGHT-OF-WAY,1.0,43.0,2.0,2.0
08afc383b6af57b09dbc20a3ae95c4c3d4d016a348bb557d67309cf7283e2d6f90597bbf0896bce7a4460936a4b9faf03d7b208058df61a2e7540eba265ae77f,CLEAR,"DARKNESS, LIGHTED ROAD",DRY,IMPROPER BACKING,2.0,28.0,2.0,2.0
08afc3b803fff27a38e60132f228643456cd917c5c26f0aff3aa376a2d3fb545e696844dd41bec49b71a172fad18ec04f929ec5a76efcbff0faae019f578b465,RAIN,DAYLIGHT,WET,FAILING TO YIELD RIGHT-OF-WAY,2.0,46.5,2.0,2.0
08afe9c079c23561a0aac687a692bbf3656ab0c44b1939b3f4eb17a8bc15c26ec5b3897c4866cc4842a91da13e16ed058607e8d3a4c53d7a8e80dd37d63f4cfe,CLEAR,DAYLIGHT,DRY,FAILING TO YIELD RIGHT-OF-WAY,2.0,36.5,2.0,2.0
08b00889dc2ed1cddde01de9899b919fad104a8c2bbb90c1df0b4390a7c7e41d74a8a3e06b974c2084ca992ce6b3981c8ead9f77b3efe834b0dd7def4a6039a0,CLEAR,DAYLIGHT,DRY,FOLLOWING TOO CLOSELY,2.0,24.0,4.0,4.0
08b01c9d7692202a281c89d686d208e5e63956d7beb732a7d0d528ebcd59f05c563c5373a712d8af170110d6052cc3bc7bc235880ea329923516f743b621c9d7,CLEAR,DARKNESS,DRY,FOLLOWING TOO CLOSELY,2.0,25.5,5.0,5.0
08b025d6cf08f4304b9e863f03118bfbb5f3615db75e12db928c4eec35bb2c724aff2a85683f65e72be0f8f5ddf27a3420e0e1750c39f9de81ae6a098c14fa1a,CLEAR,"DARKNESS, LIGHTED ROAD",WET,FAILING TO YIELD RIGHT-OF-WAY,2.0,26.5,2.0,2.0
08b069e4edffc19ef38e6f20d9a1cfdf6caa1e908c18511f4c4db1253b518a3e3538c86244aa4683be7d98074672fd13aec097c8fa8450315675eeafcfad7078,CLEAR,DAYLIGHT,ICE,FAILING TO REDUCE SPEED TO AVOID CRASH,1.0,37.5,3.0,3.0
08b079fd2f320fe3ff31d412b686e917c821bba75b6a807eabbae263a271433d3cf368337d9c7cd250cbbcffb3ff985cb541a206cbd4749b367e03db78e4f048,UNKNOWN,UNKNOWN,UNKNOWN,ROAD ENGINEERING/SURFACE/MARKING DEFECTS,1.0,63.0,1.0,1.0
08b095d3263aad25c15fb591334928af008a0fe82a0b34acf85efa1038ea50d973dfc09ea9fff213fb95e3df10a6a5afd2d2fdd7847f0efa9eb8b857c0060898,CLEAR,DAYLIGHT,WET,DISREGARDING TRAFFIC SIGNALS,2.0,34.5,2.0,2.0
08b0976027352d2c2d48714469412afdb4cad8e69c016818f4f5c68e6e14067f83108972b42c1e24b887b8f0189efd530222a27059cf232d14d5e425eae70712,RAIN,DUSK,WET,FAILING TO YIELD RIGHT-OF-WAY,2.0,24.5,2.0,2.0
08b0b5ff0f9f9dbf126a450b7199faeec82ae2225dcb1811f7706cccd1fae3bed4eaf529aec46242eada17ed149e6433705a0a0b569851a9d8167ed062fbee24,CLEAR,DAYLIGHT,DRY,IMPROPER OVERTAKING/PASSING,2.0,45.5,2.0,2.0
08b0c5ae7fc57c770600e8ff8563dd270e6cd674a887d174f362555ac5bae17dd49c3a9d3b4eb57f27b8d0f6bd155d32ffc9b2c79727b885b6e489f7ba828354,CLEAR,DAYLIGHT,DRY,FAILING TO YIELD RIGHT-OF-WAY,2.0,37.0,2.0,2.0
08b0e3b8c04b3854d1cad52a0fa345aa6d13f3fb788ee4cfaa45316938711493238ac6a2460183ab38d9c2e7aa1862e1f09e784edde6f8242d12f5b29ecfb748,CLEAR,"DARKNESS, LIGHTED ROAD",DRY,FOLLOWING TOO CLOSELY,2.0,66.66666666666667,3.0,3.0
08b0fcebcf0a78d1f94ee70a75f0aa04c46def291336ffb3a75c8330421ad2575420897f654972d3530874ae8919fd7279b74356599f0c8a263aa7b657eb17c3,SNOW,DAYLIGHT,SNOW OR SLUSH,EQUIPMENT - VEHICLE CONDITION,2.0,27.333333333333332,3.0,3.0
08b126312853905dcc8fb4dcbbc89b1044f0b35230fb29b9c37292d87ef13a513ffb055b136943bb199d10a02dd3e5f5051ee51039fa21afcdc0f888f333e140,CLEAR,"DARKNESS, LIGHTED ROAD",DRY,IMPROPER TURNING/NO SIGNAL,2.0,39.5,2.0,2.0
08b12e94ecc9c772ca64fd1402c4ffbc28cb632d4083a9ac3429ebca06256b8ab5e37ad5b0a026c425b6e179d6051d4e92584af9d200da164ce278fde1d3054a,CLEAR,DAYLIGHT,DRY,FAILING TO YIELD RIGHT-OF-WAY,1.0,44.0,3.0,3.0
08b12fe2d28f6c9a8935204dd99bdea3e63d34d697cea4087d7fcb2d012d9d4e6dc598d6c20011ba64bed239f5ee4ff5ea600e95d76348a3c9f548ed0db6262c,CLEAR,DAYLIGHT,WET,FOLLOWING TOO CLOSELY,2.0,37.5,2.0,2.0
08b1301875f073ddcbba07db7914949006200835c1c5d3baec2766d6149eecab168e2daadaf22fedccf562bc71dd33b08ae63ebd125dbb2d817757f5e8d7e4c4,RAIN,DAYLIGHT,WET,DISREGARDING STOP SIGN,2.0,50.0,2.0,2.0
08b17490211f426561491a36ce7d159f29e1210ec1a8a2d85eab603990c68539de172416181a1bd4300d009ddc4431286d1a41ad978cca17f88cd6988ffe3cd1,CLEAR,DAYLIGHT,DRY,IMPROPER LANE USAGE,2.0,61.0,1.0,1.0
08b1ca60055b4878a46c82e1255efc2d2e70361dadc20ae31818c3ec4685ad0d4de5443aa5e8c19e3912f73567e6d373d5728a50b652c0e40b7066ad3a8ffdc0,CLEAR,"DARKNESS, LIGHTED ROAD",DRY,FAILING TO REDUCE SPEED TO AVOID CRASH,2.0,26.0,3.0,3.0
08b1ca96ef34e8d2409b1fffb5aeddaa062589ad75d5dcd71af2f6e8b46882e5e2edc72322fa91408e5407110e7ea793ed9ea523d0c1c2d1e2ebcd30f0b858b2,SNOW,"DARKNESS, LIGHTED ROAD",WET,FAILING TO YIELD RIGHT-OF-WAY,2.0,22.75,4.0,4.0
08b2041dbe0961e0b78e764e981a33061cb5c6ebfdb0a4101367e7d4939593db35941155fd9e0fa2126389bc307930974e36e2f03127d6a70b4218bfdce7fbcb,CLEAR,DARKNESS,DRY,FAILING TO YIELD RIGHT-OF-WAY,2.0,42.0,2.0,2.0
08b21b8405f9dbe6641c6def95b2847ad607d658aa43196e6e1be4765a37cb54b997582cf2fdc294e0032089f1ec7cb9c2e11d737654a238a9cf1a37fad1257f,CLEAR,DAYLIGHT,DRY,DRIVING SKILLS/KNOWLEDGE/EXPERIENCE,2.0,37.5,2.0,2.0
08b21f550a08c4d9d1e7360b7f9e745f964d9f3d519c6f825142d0e02d2cffb6c0ed537010882c2982cf2925bf8ce2c4e7462d0b1cba7ff50f0921b05d38a4d7,RAIN,DAYLIGHT,WET,DISREGARDING STOP SIGN,2.0,29.0,2.0,2.0
08b23dbde81eaa6aba6894fda2d014bbf92048bf639e014aaea2befc2dbf1e68c6c91e4df1f6f5c20cdfed4663dc72ea30bfd17a4c4fab66a8941c783306a119,CLEAR,DAYLIGHT,DRY,FAILING TO YIELD RIGHT-OF-WAY,2.0,71.66666666666667,3.0,3.0
08b244c52b57eb53861d036eec3b9ca1e9d73786b4d2ff7be19c48e5f3c5cd54c92c209a41bf22e8adcb176c804ed254eaa7a5a2abd6d449f315a4b6c338ba64,CLEAR,DAYLIGHT,DRY,FOLLOWING TOO CLOSELY,2.0,47.0,3.0,3.0
08b249fb9cb81c8baa094ca35a0b09d79875dc1b1361965709cb062f01ec38bc41cfac18b308db78354110c7b393c1f5419086beeed9b327278500a1137d09e5,CLEAR,DAYLIGHT,DRY,FOLLOWING TOO CLOSELY,2.0,36.0,2.0,2.0
08b24ceec03713d86f08901e87965d9171eefa7f368b87c4ffc0cd9b7b0f3b7d5c71b981d1388396e8041c5bd7411bf7a20b3b65583ae1c3d2be0560ec51e558,CLEAR,"DARKNESS, LIGHTED ROAD",DRY,FAILING TO REDUCE SPEED TO AVOID CRASH,2.0,38.5,3.0,3.0
08b24ee7e9b6de52faa54bcee1ca38b773cf342d41aaa47e2eb68e180991c4fdcdfcd90a0dcef8796aa8d6870e0541c5e8a1fa44cda168cc7580062c045200cb,CLEAR,DAYLIGHT,DRY,IMPROPER OVERTAKING/PASSING,2.0,48.5,2.0,2.0
08b259cb95eace7e58d86a7c9179a496e2cebcb94cf9f9c7b4530afe49f91f561dba98f8f04a9e215c79626db517b8432df4eb82694314475448ca5d70709417,CLEAR,DAYLIGHT,DRY,DISREGARDING TRAFFIC SIGNALS,2.0,51.5,2.0,2.0
08b2773c26de69ce53eb042e37a3ac307a9d210111a9f35a6125c0578edca663dec9e827c47b13a28858082e829c688acbc2e6a436332260e71e071434b1cb90,CLEAR,DAYLIGHT,DRY,FAILING TO YIELD RIGHT-OF-WAY,2.0,39.5,2.0,2.0
08b2812a0469c2c5bc1594cb1030af9000ff7d668b74e591e6e7e8f80cbc26fd36d1872074d23c642d89a5d75740e314bfc0b7aad89470ecfc47f883c2dd9d46,CLEAR,DAYLIGHT,DRY,FAILING TO YIELD RIGHT-OF-WAY,2.0,46.0,3.0,3.0
08b2ca5e999e46c2ec1e5ac49f63b6e44f5c13fdd59a8265a1e16ddda8552d0023dcc79b27b3f014ea58787aa68f1493e4e20062c115037f61cb9a38f1c4f339,CLEAR,DAYLIGHT,DRY,FAILING TO YIELD RIGHT-OF-WAY,2.0,50.0,2.0,2.0
08b2cebbbceb324639940f455fd7d7b27bf7e273a33743bcb87428227b30e79bcce7271f9e584e705780a15d86c929ffe4860396a51a07ef793434098697d2c4,CLEAR,DAYLIGHT,DRY,FAILING TO REDUCE SPEED TO AVOID CRASH,3.0,34.333333333333336,3.0,3.0
08b323225720e14cf6c510193125979a60c89a4b7031db082fa7cdd66e9d2dbb3e3f6b2504937e3ed35fcabaf62bffb34b9eeb66e63e58105ba8a2a41c514f89,CLEAR,"DARKNESS, LIGHTED ROAD",DRY,IMPROPER BACKING,2.0,49.0,1.0,1.0
08b3b991b485e38a827f8cf30f0001bc5aa81fd5b0831414a4b65968243fd94a9569ecafecf8b67b95ca2d7099d326bb14368cbdb901a7e2ae6697bcade460fb,CLEAR,"DARKNESS, LIGHTED ROAD",DRY,FOLLOWING TOO CLOSELY,2.0,52.0,2.0,2.0
08b3eb8244f2cbb0565647d26bf717b1132a664ee30c620093eaea967c2ca420c8bec64837aac1e6abd8e8b4aa33478f68f3491cc3e6932017501b2fb5e3a119,CLEAR,DAYLIGHT,DRY,DRIVING SKILLS/KNOWLEDGE/EXPERIENCE,2.0,34.5,2.0,2.0
08b40030a3ca7f4daa0ae988488a729d67853d1e32606b17a86ec0dfb760475a36b451ae87c8cb720537856379f7519ae349482938fa165e127e11bc6e52fb37,CLEAR,"DARKNESS, LIGHTED ROAD",DRY,FAILING TO REDUCE SPEED TO AVOID CRASH,2.0,32.0,3.0,3.0
08b44225b3e379ab929300d491f449ef69a23a54fcc955fc6e08990c03947a234c07fe3da4626e36b3aceaab51b5e701b7b0bf2a59f47b5ec68013b7c237a8cf,CLEAR,DAYLIGHT,DRY,IMPROPER TURNING/NO SIGNAL,2.0,12.5,4.0,4.0
08b4aae4b2d76c09f9eaa23af0c59ce29410e9fa5bd2926f8b47a410dbaf6579b8410e24de14ed069716d590d700dec4bf14e09d221acc41616f65528f7a3b4d,CLEAR,DAYLIGHT,DRY,FOLLOWING TOO CLOSELY,2.0,37.5,3.0,3.0
08b4c341460dedee48933cdac33d760fa23c191080cb9ca4c45c926ece282803495340f8aea344fb09e3751c2443e4a6e01563b525cf76aebe3fc7a3df9a0fe8,RAIN,"DARKNESS, LIGHTED ROAD",WET,IMPROPER OVERTAKING/PASSING,2.0,39.0,2.0,2.0
08b4ef220b00e2b451cdf709accc93833129028a7d7d3d66a98fe1eb2fb72c95e741e534b281d4f0887e2ecc4e261938c365ff7b7ea0fc5154905fccc1c45b2f,CLEAR,DARKNESS,DRY,ANIMAL,2.0,37.5,1.0,1.0
08b4ef694850a8ea873be93fc7b4655fbe10d10299a2869ae09fdbd02eeb5ae37f0c0136740e468bca936c301e0c60d8f138a5a267f1946c65123578842a81cb,CLEAR,DUSK,WET,"EVASIVE ACTION DUE TO ANIMAL, OBJECT, NONMOTORIST",1.0,41.0,1.0,1.0
08b50f002df7ef211d77a9b358cb83f284df8b7864cefbe4b477e6db075a51ff9dc959ee25084bc4d8676e8d525c012b36029b16642d3ed0e4d5f15c3097115a,CLEAR,DAYLIGHT,DRY,IMPROPER LANE USAGE,2.0,56.0,2.0,2.0
08b5179d1cb2784f15c9c2eb9bbd4c05401df240294c9b90b77db5106045fd3bfbc69d62bbd4a854f101a2697f9e2c7013d14241374e8f79285e5bce2f807cb9,CLEAR,DAYLIGHT,DRY,IMPROPER BACKING,2.0,38.0,2.0,2.0
08b52a2dd049278e26bf71b3ab3c3258b8b536c9adf9b4b47c3a852cb4263f2d6d9e21f9778b3ce0d0ad8ec17689ce6ebc101b462fee92e4f4f6db8a669d1540,UNKNOWN,DAYLIGHT,UNKNOWN,FAILING TO YIELD RIGHT-OF-WAY,2.0,34.0,2.0,2.0
08b538d521334a42cc94b00afcec6485719f6ad060788db4603c25c3255058ffbb3ce750c58a796024fbeadad4106c0fb158e3b87c00c1807fdec56572f119ed,SNOW,DAYLIGHT,SNOW OR SLUSH,DRIVING ON WRONG SIDE/WRONG WAY,3.0,36.666666666666664,3.0,3.0
08b56ca8b89cbcd80f27efd40e977e3d305f067698539cdd3653f3759e8451f3951bae5519678c81bb06a3c5b2907c0ce3e9bf3d588769be60cf4ec567e7ff34,CLEAR,DAYLIGHT,DRY,FOLLOWING TOO CLOSELY,2.0,34.0,2.0,2.0