crash_record_id,weather_condition,lighting_condition,roadway_surface_cond,prim_contributory_cause,total_vehicles,avg_driver_age,total_people,total_injured
08b5af7b7fc21765e4d9832ec6a8a3ceb387b147242dcc8a5689849f0c0c5a9eebafe9c676cf76421e8642213ef4b79dd3907e60a428ddc08673ab3aec28a56d,CLEAR,DAYLIGHT,DRY,DISREGARDING OTHER TRAFFIC SIGNS,1.0,30.0,2.0,2.0
08b5fb6bce35e95dd4b6953573941a9be3e6bbcc94bc60b5b326d38da7bc0e970acb3ed139f6a40cf2bd0f1046648bd7712a224f95e1f11a3dda913b79e91c02,CLEAR,"DARKNESS, LIGHTED ROAD",DRY,DISREGARDING STOP SIGN,2.0,27.666666666666668,3.0,3.0
08b624b132ce94a26f1f5c73de5bb4b0a1b024b0bc97d5ee7ca33f179f45ba833ece2bd0b605aad09f7adce223ebcdb311eb19a0dc859b6dead8db93f3ab7b00,RAIN,"DARKNESS, LIGHTED ROAD",WET,UNDER THE INFLUENCE OF ALCOHOL/DRUGS (USE WHEN ARREST IS EFFECTED),1.0,32.0,1.0,1.0
08b627b648035292d67b2bd395a99a0a99374f50f6ef6ac2da4367a5014757f5664d46c47ee5b78bd85f3dfbd4c7d530ae6eef852fb0c887987e9a242dbed426,CLEAR,"DARKNESS, LIGHTED ROAD",DRY,IMPROPER LANE USAGE,2.0,42.5,2.0,2.0
08b631e2defdb1df4c592cf715f1dd1f6f2b7c37ecdfd1f36226268c3bae55dd4522c043e99c71b7ecf650ed3c528542ec5591b324e4c3b44ccca3b032bf8ff1,CLEAR,DAYLIGHT,DRY,DRIVING SKILLS/KNOWLEDGE/EXPERIENCE,2.0,41.0,3.0,3.0
08b6334c727225ce04634d1708866a77cae92adf5e94c985acd3326f2099c1a6fe6c6e7f33fff91f0a1ce1bf87848ec3162d7544264c747fa37bd68df09e0ca9,CLEAR,DAYLIGHT,DRY,DISREGARDING STOP SIGN,2.0,19.333333333333332,3.0,3.0
08b63f099b62739910fca16531b646dc4fe22d66e6ea86740343a94fee809168af19a259ed147e26bfae30da77a9a0439247ff2dcd79d66726a3c651add9d933,CLEAR,DAYLIGHT,WET,FAILING TO YIELD RIGHT-OF-WAY,2.0,26.0,2.0,2.0
08b66354bb30715452b100b28c6c1f8b28212f68b5823f7015350282bf9c2280886c94adfb8fb7da0aaa9aebbf8d553bf3300d53110628ad6fd85518d713f14f,CLEAR,"DARKNESS, LIGHTED ROAD",DRY,IMPROPER BACKING,2.0,37.5,3.0,3.0
08b66fd5464b7275f99c9aa79ab0ed3fc8ece6a6f84c2eb66c474b2c161234a7165b0357a112361370ee8d2ecbdce9f22868519f71964eb853943a2726dd6965,CLEAR,"DARKNESS, LIGHTED ROAD",WET,TEXTING,2.0,41.0,2.0,2.0
08b678daeebf6088d1ea93aea2288edb8d068f6bf392a7b1479af906354b7a89853c0d4c943b883f0d11b9537b12a050e4d793fb7b487ad47e8ef47528eced97,CLEAR,DAYLIGHT,DRY,IMPROPER OVERTAKING/PASSING,2.0,26.0,2.0,2.0
08b697a4ca49463777ae48da6449a5f1002cc7054ccce67997f1383e02771b8ff9b347fd9f805bfb41caf106f3c4e94b63312f48189e3d7ca843d0a0ab8af1f7,CLEAR,DAYLIGHT,DRY,FAILING TO YIELD RIGHT-OF-WAY,1.0,41.0,2.0,2.0
08b6ab03c99511d0bd450e63f517918dfe0c6bd1977811061c2104df973acc4efc71b69aae9afc5933e94587de774834f71f1bbd825beb403b1c99cf4b8ac624,CLEAR,DAYLIGHT,DRY,FOLLOWING TOO CLOSELY,2.0,48.5,3.0,3.0
08b6af0c15dc50e31d4048e17f6e76b87337992137eddd899d313d0365599aca04fa68a285006b2ded7ae02b2bb0d80bc1ece78294271746752f84d8b688e4d3,CLEAR,DAYLIGHT,DRY,FAILING TO REDUCE SPEED TO AVOID CRASH,2.0,24.5,2.0,2.0
08b6b60c0b0597bf44d2f0d143e22f00e3fa3bcd0a5afa6c29a326cd147f1ac84fd69a92e5883918a1affceb2407852c9a8ef54872f3ad9fcf1295874b7038d1,CLEAR,DAYLIGHT,DRY,EQUIPMENT - VEHICLE CONDITION,1.0,32.0,1.0,1.0
08b6b81ba28c283328681251fbee14c37d9b053430a7ebeb5634e97e7051ae06962a082343f48eb923a2ce4843bc341aa3a4e5725bd1cd2e286d76699f66a277,UNKNOWN,DAYLIGHT,UNKNOWN,IMPROPER LANE USAGE,2.0,37.0,2.0,2.0
08b6bb6b233dff4051ac55587afd4c36266587c1e011bf52e55249f47491d7f508149a36f98f25ad7a21c05bb13561c8bd1dc8375d249a2529c3ae70d32ee006,CLEAR,DARKNESS,DRY,DISTRACTION - FROM INSIDE VEHICLE,2.0,38.0,2.0,2.0
08b6c1254664b248520c4c02fda0301c469f93fd7f6dba0d693093c108a0fe469f16032b7135abe729325abf964644b8c7fc3ef11a702d842326caaac0f102a2,CLEAR,DAYLIGHT,DRY,FAILING TO YIELD RIGHT-OF-WAY,2.0,43.666666666666664,3.0,3.0
08b6d1d2fafe6f194509a646529c3249c65416426ea259130a73cd67190d2520a2f671b47ae33a02338ed51a6a564f35bc2fa896b82c7aa7a06c4765b46a2097,CLEAR,DAYLIGHT,DRY,IMPROPER OVERTAKING/PASSING,2.0,37.5,1.0,1.0
08b6dcfc584c7a01bec80535c14a2009326578084c7fdd45e68356a6e89220231edd23f95487c5a9966f32843e99de6b07232fb512528a050e26c09af9630380,UNKNOWN,DARKNESS,UNKNOWN,FOLLOWING TOO CLOSELY,2.0,33.0,2.0,2.0
08b70af6fdecb085401d5e77eb44e87001de2be477e28201aca774fbfafaa6948ce80be3a77ab155697d8b89b675c7fbf707058e8c09b5d36df06ff58ac71623,CLEAR,DAYLIGHT,DRY,FOLLOWING TOO CLOSELY,2.0,27.0,2.0,2.0
08b71d68f260aa6654f727d29064ed102553379435b581e0db9e03f9398a7e4dd91feaa8589ba7984d5210c2daf12b19b5c4d1cb34178ab45442c7fa54f8abf1,CLEAR,"DARKNESS, LIGHTED ROAD",DRY,TEXTING,2.0,28.0,1.0,1.0
08b7292964cd5de468f77ca713c6583cb50ab3bed0b828cc4c59b2b6f3094d4101c80d96bf77e341c0ddf1deae3e902575ab790052f9c64875fa3c3c31c3f71b,CLEAR,DAYLIGHT,DRY,ROAD ENGINEERING/SURFACE/MARKING DEFECTS,2.0,33.5,2.0,2.0
08b75289b667757206d5d0854a54437c81eea0824b02ba8b99d98d60c7c5fdaaf59804a2fd581465ce7bc7f0878259eb879e795be573e75f35a359629d5d2ae4,CLOUDY/OVERCAST,DAYLIGHT,DRY,FAILING TO YIELD RIGHT-OF-WAY,2.0,34.0,2.0,2.0
08b7547ee8d5bd173010a7f014e4959add29ff6017a1b96240f4d91538e031c939d19c5910ab7c1270604d157f8b1672d2d3c47820ad97aa453cf1bcf27a149d,CLEAR,DAYLIGHT,WET,FOLLOWING TOO CLOSELY,2.0,37.5,2.0,2.0
08b75dce7f9a5124c3af3d3771dcac14fe30a527a34831de53ac7184825bf412928480e9d331ccbd93e0fa2e843fcffc5029f3c404cdf7a002cd151b5ba7eeb2,CLEAR,"DARKNESS, LIGHTED ROAD",DRY,FAILING TO REDUCE SPEED TO AVOID CRASH,3.0,61.5,2.0,2.0
08b76953a9d776c88884f5a2ce315bdef01c82da3b4bcf3350dc7dd1db2562c63b0cff6c21ca8289dddac7a21bdbbfbc5d498198c6ffa33320bc01296f06bbcf,CLEAR,DAYLIGHT,DRY,FAILING TO REDUCE SPEED TO AVOID CRASH,1.0,58.0,2.0,2.0
08b782389bddb44a706ce467d3b77f04d0e5fc7c166622485f377b23f88183378b6b905fc4453abe4beb12157f5b00b4dccc08fa602c9a006ce87801c6726b5d,CLEAR,DAYLIGHT,DRY,IMPROPER OVERTAKING/PASSING,2.0,53.0,3.0,3.0
08b78aba2b5351b4269b757876ee708e0e9e40e59e17a328c180ee2c1d072f2c27d3dc5c1c6dd85e59de47f3ea27ba817b650352caea726127de8e2f606b5a8c,RAIN,DUSK,WET,FAILING TO REDUCE SPEED TO AVOID CRASH,2.0,35.0,2.0,2.0
08b7a2dfea59d62e811ec2adc4bfd935ed64113919f7764e8f5aa351c4d8be23d134d1b3cd1b231840774c3ac18447a34b842eb052496e0a48ed52338dd5b0d0,CLEAR,DAYLIGHT,DRY,DRIVING SKILLS/KNOWLEDGE/EXPERIENCE,2.0,62.0,2.0,2.0
08b7a6d23994786348fa72a01f00253af9082b95d2eb889f48820865ecfd3d29e1ac18412309f002540aa45af8b79f3ccfda39a83e298f7583fc5e4cce0eaab6,CLEAR,DAYLIGHT,DRY,FAILING TO REDUCE SPEED TO AVOID CRASH,2.0,52.0,3.0,3.0
08b7b4459af752ba9cb0bf1ab105594be8e8b33694e84b3d0a0a61e0ffbdb9930fa62f379f18b4ba9e8a3ff0076622e44941628fd2d020c8dfa6a9f1971cd276,CLEAR,DAYLIGHT,DRY,FOLLOWING TOO CLOSELY,2.0,37.5,2.0,2.0
08b7c058e83dab3b1734c0db521f75c8a95d247f2a59603755ec570bf4e484ea6d071172edd2ef8c1ea182f9245d92973df1184cf9781bfb20d0e599c58441a7,CLEAR,DAYLIGHT,DRY,FAILING TO YIELD RIGHT-OF-WAY,2.0,52.0,2.0,2.0
08b7e1c0bc116b980891abd807301756e35c675be4f7bf4264c7425801d9e5372cab912b3f7ef8faf0ae0155499d03d84046322dac2e730eb004346291cfbd89,CLEAR,DAYLIGHT,DRY,IMPROPER OVERTAKING/PASSING,2.0,47.5,2.0,2.0
08b8062946ad978bdc8a4319feb1d37790d54a984b0b84b84035430d9785fd0d30e9430a3392d4eed1f7da709e4d41e90d52bac5b3b9e12b1480596b9c1f2a2b,CLEAR,DAYLIGHT,DRY,DRIVING SKILLS/KNOWLEDGE/EXPERIENCE,2.0,36.5,2.0,2.0
08b80e0cb4b9fdfba424321895cd971c5776a8372ac6d2e59f1a021fb02ffed07634aea6f68826c90dc8acfbadb78f2c1356a0657a5c9edcfb605b1d73cd86d6,SNOW,"DARKNESS, LIGHTED ROAD",SNOW OR SLUSH,WEATHER,2.0,38.0,4.0,4.0
08b84ad26e1c6e3f03c8ed03ffe0c44c65ca7cbecf946651a37c36b92ce19379d9e1f29d70219e83c469340bee8884e1c5d84ee957826ae6e5d065c37ab3231a,CLEAR,DAYLIGHT,DRY,FOLLOWING TOO CLOSELY,2.0,37.5,2.0,2.0
08b89ab17d9c2b290793098e538199f54d2185f7b4833254c33dbeb02daeefb46d2574588ffddbf90637e11af6040813bfe1b4866f517c604673db1718b12e93,CLEAR,"DARKNESS, LIGHTED ROAD",DRY,FOLLOWING TOO CLOSELY,2.0,37.5,2.0,2.0
08b8d3a9515b150c910db253d903755046c5256130c72049735ff8df2fbf19468f91fcab7632a787e282639d14bc57452b7a5e19ae267e26dd7d3ba01940d3b9,CLEAR,"DARKNESS, LIGHTED ROAD",DRY,IMPROPER OVERTAKING/PASSING,2.0,29.0,2.0,2.0
08b921a21a2b3f26ad4413ff16488e0597140fe1a8838f5c6ff675495baae038332e0560d1e9b7b3cc6ee8cc7cc348afd8a7895df2c836916a9f0ac6621dbb2b,CLEAR,DAYLIGHT,DRY,IMPROPER LANE USAGE,2.0,44.5,2.0,2.0
08b9805b873344f3a6acc31145b1d4b0cf706aba5043c2e140f1e07fbf0b3f2bc49f116fe0eb48cc660f3aea282ab53150656224ea6b913d8a3a934c7e4d0020,CLEAR,DAYLIGHT,DRY,TEXTING,2.0,27.0,3.0,3.0
08b988f2896fdd3d1a6e2db8ac038d84751e8043dcd30a35078d9776edfd4d9658198e47097247af75098cbef4b6d290e22c788442f99f6d954b8af7343cd622,RAIN,"DARKNESS, LIGHTED ROAD",WET,FOLLOWING TOO CLOSELY,2.0,50.0,2.0,2.0
08b9925b3015aeaf00a67997d257ea2d4bfecdf0c4eae271f4dfcbbf499091cf1ad2e9eaa827d67e948d5c2199eb5f00337e47eead3e9a47477d0c308c164aef,CLEAR,DAYLIGHT,DRY,FAILING TO YIELD RIGHT-OF-WAY,2.0,39.0,2.0,2.0
08b997fb16ef282e3a4b44d9a546d6ad7239d0b5845ca752515864683201ee5ecab8790896dd90aa317518d93f9bfc69f9c9ea2056e685eaedc06b45c5cab0a1,CLEAR,"DARKNESS, LIGHTED ROAD",DRY,IMPROPER TURNING/NO SIGNAL,2.0,34.0,3.0,3.0
08b9b40b963c0923eb9a0219b42a21be8a17b55b38dec1ee81b212448c40bb244e9225ac079460c81098a7d2683cef93bf3110d34c010ee92a5392723986999f,CLEAR,DAYLIGHT,DRY,FOLLOWING TOO CLOSELY,2.0,35.666666666666664,3.0,3.0
08b9bcae96c011292787fd940bf8a2c08c838d17456218cfd4ed8519d24bb0655560622f424d855ed9d41de5b0b1edec119a481297f4cc690e84191fae0963e3,CLEAR,DAWN,DRY,DISREGARDING OTHER TRAFFIC SIGNS,1.0,36.0,1.0,1.0
08b9f5653c473e73f34e1303f3f5d0c3d39f8ccb0ea00f021a956a2c39f3de128eb4dbc7090b3ddbb168bb9e6c94e860ed822e4712515ee656e3b30fca62605d,CLEAR,DUSK,DRY,TURNING RIGHT ON RED,2.0,34.0,2.0,2.0
08ba17b856950a99d8410ca9af761078d25d6abd06dc4a2ce787766ea19ac0927c9a9b081fde2957115e2002fb9d6904c9a2d3b2bff77694d80f00eb959b4ffa,CLEAR,DAYLIGHT,DRY,"OPERATING VEHICLE IN ERRATIC, RECKLESS, CARELESS, NEGLIGENT OR AGGRESSIVE MANNER",1.0,49.5,2.0,2.0
08ba396783f99eec29ffd91007f8a6fa1294cd474b41f9002d90a78353c1b20d7c11c118171043620d09c01561ef62d8a1eddd97411642f3bc706b938a1bff36,CLEAR,DAYLIGHT,DRY,FOLLOWING TOO CLOSELY,3.0,63.333333333333336,3.0,3.0
08ba5fa0f6889e8b2c072a4815ebfc79453c1bee4128805298ff87c8734821ec22ec6fcee8a186f41e9e1cc2ef2def45263f05410d8ef56d56b69d68a5340b49,RAIN,DAYLIGHT,WET,FAILING TO REDUCE SPEED TO AVOID CRASH,3.0,46.0,3.0,3.0
08ba6c84a5131ad265940199f6bc7b1799d918172908ddacf64034db77a4c3373a893efbd3a5fef7727f7c980f0b4879af89c730b7d01ba17324c4054e82a954,CLEAR,DAYLIGHT,DRY,FAILING TO YIELD RIGHT-OF-WAY,1.0,45.0,2.0,2.0
08ba9a58277e369583d896956f26f8d1ac15f349ec555d3373e0e5ffd8f4f87b59c28d0d3ca2e77f3083243f013c1e12a4504aabd7f542e3f967366db379c6ee,RAIN,DAYLIGHT,WET,FOLLOWING TOO CLOSELY,2.0,54.0,2.0,2.0
08baf012179d44937d4652ba81db1c87ddb7436d38f81b06e267e9eb2648be6f5f4d8a7f0065bd48da31a70a8700c01b3bdaf03b833cba92e90dded009f34067,CLEAR,DAYLIGHT,DRY,DISREGARDING STOP SIGN,1.0,21.0,2.0,2.0
08bb00255e87122ea0fcb0defca83278f1b0f6c973b8a4e7aa152bf59c5bf744cdb5ee3d5bfd8ac17cc11f9e560ce80c96679b21d575fc051b745770975ea581,CLEAR,DAYLIGHT,DRY,"OPERATING VEHICLE IN ERRATIC, RECKLESS, CARELESS, NEGLIGENT OR AGGRESSIVE MANNER",2.0,48.0,2.0,2.0
08bb463438735d6f66183fd3b22023215b3d4c8a498d90499093ff22bf08a4af4d863a9516fd70cb0e7569142e50185184de7924ee7ac3d9c42a4afd50391fa3,CLEAR,"DARKNESS, LIGHTED ROAD",DRY,FAILING TO YIELD RIGHT-OF-WAY,2.0,43.0,2.0,2.0
08bb7124411d5851b224c7a6c62e9bc901067b598d55f7398895eb691e614ac38082e91da44e93865f8862860bf8ef3c2e69926c1ab56e1e34b4bf2fc6fefe63,SNOW,"DARKNESS, LIGHTED ROAD",SNOW OR SLUSH,WEATHER,2.0,33.0,1.0,1.0
08bb76c91a36a9d8b2f2b62120c6870f870bbb91f9f2fa4a5fab0de9a1ccb091df8445cb4bf3b19e5379947bbfeacc1a3d800f497c37d60eae119bf95088ced6,CLEAR,DAYLIGHT,DRY,PHYSICAL CONDITION OF DRIVER,2.0,25.0,1.0,1.0
08bbae4b55e763ceb22dbc79326363774c28b09cf388e202ec0f04e10382d84d29c7d3a4a9d65a99c1442a4e5ab1ec0b1515ea1272b673286f7e324cb8343032,CLEAR,DAYLIGHT,DRY,FOLLOWING TOO CLOSELY,2.0,23.0,2.0,2.0
08bbfaf03d9acb9e5df2718f0f4ed2b31965db7f76ccbfd9a256600b52cdeea321dcbfd91f98bf1b2691032c0176634e2390b9bb20e371cb14509d3d30dd548f,CLEAR,DAYLIGHT,DRY,IMPROPER LANE USAGE,2.0,40.0,3.0,3.0
08bc0aa0f71f7cfe8c23df70dfbc4a8d6dcddee6bab43fc8a5eb297598aa328155bf72ac1cc5f1ec6546aab492d62d64ab45f7ea77144b027ce138874c6957b9,SNOW,DAWN,SNOW OR SLUSH,FOLLOWING TOO CLOSELY,2.0,30.0,2.0,2.0
08bc2384ce3579b2af79496277425f58e58466a7270aa35767c8eea051ba610bc776ae9e187a0ac6d45e6f4b8e4f91b2276123641439bb79d15e736d05311896,CLEAR,DAYLIGHT,DRY,IMPROPER OVERTAKING/PASSING,2.0,18.0,1.0,1.0
08bc34ce64b462766988944bd7c7723da4d1684ac27c38acf29c2601af6fdb74a7efbaf6ba4d48c0b6a9a05695ba3040fe7a989fd66b56abfd197d6826226e08,RAIN,DAYLIGHT,WET,FOLLOWING TOO CLOSELY,2.0,44.0,2.0,2.0
08bc586131f6f46823cec54bbe9983c6b602e4d81d52491d4d727da1ecd197f5c83d7471bb9f415aecb95151cf15a077ecc7ff9c094462bd94ffb6a20d392585,CLEAR,DAYLIGHT,DRY,FOLLOWING TOO CLOSELY,2.0,44.0,2.0,2.0
08bc769fec7bd0ab6278aee7ac563d699956d6ba30985ba6f69ddf248ca9f9e16e45b47ecd15ceafa9821de52d963b595d4b3d473154b3326a5cee0d718c929f,CLEAR,DAYLIGHT,DRY,IMPROPER TURNING/NO SIGNAL,2.0,52.5,2.0,2.0
08bc9b1c17c667968ddb2542d1101f82f13d352a261070ae39678390f3dedc7207992616d1006a7d61c3c7a943aae68a1d04f387302c667b396e12329ba1bbeb,SNOW,DAYLIGHT,ICE,WEATHER,2.0,25.0,1.0,1.0
08bca8917e98a3d49e1dd4b037276647b15f1a579f10e6362db55b133a07c806a2bfb0178cf4f63f5e042371931f411281dee8d3766e78c85dab2ecaf503adb8,CLEAR,DAYLIGHT,DRY,FOLLOWING TOO CLOSELY,2.0,42.333333333333336,4.0,4.0
08bcae91b9a1a8c4eb5fde6a1129bcbf728234ccef2cb763b9d864162257c44ff328eecfa4d52fe39a24e7b3757aae34f7d3db40da0690c7b6dba20a0c8a7c13,CLEAR,DAYLIGHT,DRY,DISREGARDING TRAFFIC SIGNALS,2.0,30.25,4.0,4.0
08bcb76e28e451b8129b07fba9bd89d801f869d9e318b36fea79faf71fc15df7a528aa30932899cd27e1183d5b276dac79fa8b859bda02e2b48fda0704a64f2e,UNKNOWN,DAYLIGHT,UNKNOWN,IMPROPER BACKING,2.0,37.5,2.0,2.0
08bcccab8bd6ce8f3b5355daa7ceb4734a5c37f15d6ea1780341568c339d5ef2e3e70800cbe04a8a5f1b7d68618b9d1b4d0058982a58eb91ab2e01a38e25164f,CLOUDY/OVERCAST,DAYLIGHT,DRY,IMPROPER BACKING,2.0,40.5,2.0,2.0
08bcd27e314d0d79d941005d87f83e6bec60ee0d9be22f47367252d1c5ba9467852320be99094779cbc607086b21b656fd57b2c25370b73572d0b0c143fd5a68,CLEAR,DAYLIGHT,DRY,IMPROPER LANE USAGE,2.0,63.0,2.0,2.0
08bce4d95522a6ea0be6900e8c3776fc3f5fa112cbe1a7f52b64008c375e828b2d8d613c69a83f082630f05b07e57ff6a632f32168a7eb2f5e0246f90ef8a3bf,CLEAR,DAYLIGHT,DRY,FOLLOWING TOO CLOSELY,2.0,47.0,2.0,2.0
08bd08171e129857da5bd6c793f3fc0ee8b3f171ec172cf9fa8c9f119d32e7318661c7d8338566515f8fba4f10f94eafae4b2914db59852cff4a8708426bf0db,CLEAR,DAYLIGHT,DRY,DRIVING SKILLS/KNOWLEDGE/EXPERIENCE,3.0,32.333333333333336,3.0,3.0
08bd2c02f3bacb9789b33b48f27a4efc3788ae48dd6c6fa1a954ae12f39acd49f806137d60b248bd1cf30a7c50640e2b35535b40ea6b664d71fa0b674f7f2642,CLEAR,"DARKNESS, LIGHTED ROAD",DRY,FAILING TO REDUCE SPEED TO AVOID CRASH,1.0,37.5,1.0,1.0
08bd3213af9781cef3f7e3c7db84c8a38e37da1cf390795ec32375601195609968886b6aca98ec30500433b6078b462ca41010350b4c8bc5987d45967cb95497,CLEAR,"DARKNESS, LIGHTED ROAD",DRY,FAILING TO REDUCE SPEED TO AVOID CRASH,3.0,29.333333333333332,3.0,3.0
08bd6cefdbe58a7b841445d48fddda42ef6e86774bc37877d08b4f678b797c0f7d1202bbd290923cc81f543e58f95d0fe7c2d5841eab8e468ee3eb546dc62d8b,CLEAR,DAYLIGHT,DRY,IMPROPER BACKING,1.0,38.0,2.0,2.0
08bd810963ae97a2e88171ffc630d06ca8728e4e15045684e923399634564c36e6c11a98506806a68ac6bb5a57699c36b7922957e301f22a285fd42cb09ff03d,CLEAR,DAYLIGHT,DRY,FAILING TO YIELD RIGHT-OF-WAY,1.0,63.5,2.0,2.0
08be0bb73c8a069a884a76cfba704ea21177c50b77858dbaabb61ae51b2376b678bf4278d30ff1deb26d710908d8c6ef379387030be3d0aa6e8be6d5e345d62c,CLEAR,DAYLIGHT,DRY,FAILING TO REDUCE SPEED TO AVOID CRASH,2.0,37.5,1.0,1.0
08be16423a401f7ec9260c6bb4044339209a3be617617d94e9ab48a7c50a6b1655affbb42507b15750c6a579ffaa764e59dcfb7ff601baa49ddb1a1a828f9b5c,CLEAR,"DARKNESS, LIGHTED ROAD",DRY,FAILING TO REDUCE SPEED TO AVOID CRASH,3.0,25.428571428571427,7.0,7.0
08be22cf46c2328eef26be01d301608ebd1bd1261defe3c037c12ff64a3d38ffcb73cffb896d4dcb9b36ac591a4a4130385a5014e97109f4d93f66279b3ee4f4,CLOUDY/OVERCAST,DAYLIGHT,WET,FAILING TO YIELD RIGHT-OF-WAY,2.0,61.5,2.0,2.0
08be4f6ca787cf93c81343244f7366a18a2164b2c101d05104ee3f7cf43e88fee567d5d20e6afe45fd41e144e2a3f834f846e3375f59d0e5f57d2079f178f4fe,UNKNOWN,UNKNOWN,UNKNOWN,IMPROPER OVERTAKING/PASSING,2.0,62.0,1.0,1.0
08be5842a83923fabb7c427e7e64e854e1c98ff60b681b78b532e0aae547c1c06513cf22a77e1dd6a3f764c68ca3813a276ce903e9bd35b1bf4e63249c8805dd,CLEAR,DAYLIGHT,DRY,FAILING TO REDUCE SPEED TO AVOID CRASH,3.0,30.25,4.0,4.0
08be70ed8a842dd804badfd0ebd62ce0f51232bc568d62812cc4f72799b720a096cd1b3449e0212b0c832262348ecf290052ee7dcb8b604d7acc0475a8aa7df7,CLEAR,DAYLIGHT,DRY,FAILING TO YIELD RIGHT-OF-WAY,1.0,19.0,2.0,2.0
08be7973a755a0701e957c1afa75fd143798bf3f717c8cd006c46152320bea092378932fe091b59281488ac0bfd9102ac22ef73649b50cd3ad7ee941b145980c,CLEAR,DAYLIGHT,DRY,DRIVING ON WRONG SIDE/WRONG WAY,2.0,46.0,2.0,2.0
08be7ee8256415480d9f3f0f09f08c3d40c669a6bf5c05ee2df71d737f8f9f3155f20bccd5734d167cfbb3ceffc22277fbe7108019a442ae06881b9150411755,CLEAR,DAYLIGHT,DRY,IMPROPER OVERTAKING/PASSING,2.0,41.0,4.0,4.0
08bf0798862c1c1d76aa74ae444649fc3869c99e3d108753702e633020c73def3ca0f193b5f2e1151c19d781e2fed4c5f7a628c813e2c04b09736eed9735d6e1,CLEAR,"DARKNESS, LIGHTED ROAD",DRY,FAILING TO REDUCE SPEED TO AVOID CRASH,2.0,15.5,8.0,8.0
08bf0f7b12cfbd6ce0048ec20376787936d2dcb83cca7630b75ea0ab92ecfdb04eb5e6688f1fd4893e388e5b63e39fbe828019e38f8b1ce54606da8e992e0544,CLEAR,DAYLIGHT,DRY,FAILING TO YIELD RIGHT-OF-WAY,2.0,53.5,2.0,2.0
08bf1507a15b8db763a2b70a08d007ca2f2c244b8d3f3639ede28afc2917fe2b363764f617f03345433883ca77d32377e87d60d8c569ac0f56dcdcd29f4cc888,CLEAR,DAYLIGHT,UNKNOWN,FOLLOWING TOO CLOSELY,2.0,37.5,1.0,1.0
08bf516217d54abd58acef6097ead543404bb0e8f0543b83f621923a469a400e7ba55c2a18ae9398137112092fd6cc221b00f298f6db52561e9c1ad6d0777749,CLEAR,DAYLIGHT,DRY,ROAD CONSTRUCTION/MAINTENANCE,2.0,85.0,3.0,3.0
08bf71a4d977c4616d77dd827ede83570cf2c68d1df32296efa4a215f26150d2b0859c85582a94c2510ffacd288015ad86e0b737941630578ee3625194c36438,OTHER,"DARKNESS, LIGHTED ROAD",WET,FOLLOWING TOO CLOSELY,2.0,57.0,3.0,3.0
08bf77beef47beb771ffa6728252346d6c809a02eb9420cd4816430c903f1ba7c5c1346afa42704b964f2a911ea516c1766b5228a82f9770e19046e594779d3b,CLEAR,DAYLIGHT,DRY,IMPROPER TURNING/NO SIGNAL,2.0,51.0,2.0,2.0
08bf9c553a1dc4ab46f71002f0a5f132550cab015cdcfb29b51fbcae39aea1c9d339b2ddcd2c347750f95fc87eb6b14cd88b99cceaa47704ef5031defc2e6be3,CLEAR,DAYLIGHT,DRY,FAILING TO YIELD RIGHT-OF-WAY,2.0,26.0,4.0,4.0
08bfa0ecdc7476f124c2434fbf72168aa3f171c54d791bcabae6e2892446aff2bbfbddeb26d13b0901c3c88c40b88a3dffab5cc91bfdb4d0e5eac7650804e416,CLEAR,DAYLIGHT,DRY,DRIVING SKILLS/KNOWLEDGE/EXPERIENCE,2.0,40.333333333333336,4.0,4.0
08bfa8700f1d46b7dd6dd167611ef8e649d1ff9f2e893983f45142cd205f3374a67eab9d86404d2cbbde9b3db397e750b6b2df5e6fe575f011e29f75127ddede,CLEAR,"DARKNESS, LIGHTED ROAD",DRY,IMPROPER LANE USAGE,2.0,35.5,2.0,2.0
08bfe2ee40df38d0e6fc6e7045a2da3e2ebe72724da5a5347ec6b56e5d358027e804b3d43b2e58aa066708c20927e32ac47e21fac7091e873fd099ca259c2ab8,CLEAR,"DARKNESS, LIGHTED ROAD",DRY,PHYSICAL CONDITION OF DRIVER,2.0,71.0,1.0,1.0
08bffcddbf352c327745dfb28728ac6d3c6844dabe62a307119f48884ccdeaf8932900f97fcccd14fee5849b99a609ad699fc6d9211822c0004fb0f3aefde90b,CLEAR,DAYLIGHT,DRY,IMPROPER OVERTAKING/PASSING,2.0,28.0,3.0,3.0
08bffde13593706321093440f4fe7921ac9dedf8ead1e63fb5569b5e9c03e46bf41b8e693033b7b81d5345d9c15ae6828da1ef65fc386cf6d504723c4b02234e,CLEAR,DAYLIGHT,DRY,FAILING TO YIELD RIGHT-OF-WAY,2.0,49.333333333333336,4.0,4.0
08c005c405ef0a6b399f908dcdc5328fa7d22961a0393c6a576e67007094a9d5dbafd109babb0a280a702068dcb9a5cbbad2486b99a1dbfd99d7abf442488ae1,CLEAR,DAYLIGHT,DRY,IMPROPER TURNING/NO SIGNAL,2.0,33.0,2.0,2.0
08c021e5296a5f91a3daa6cfff5787124ec580d18069aeb8d827937b51f885c2844427e312adbb495c65e5a700f8aabc906c21d45ed496c8fedd418ceb220654,CLEAR,DAYLIGHT,DRY,IMPROPER LANE USAGE,2.0,34.0,2.0,2.0