crash_record_id,weather_condition,lighting_condition,roadway_surface_cond,prim_contributory_cause,total_vehicles,avg_driver_age,total_people,total_injured
08c085a8e78d90252284f73b77d113ab1e091c1017485553877c2f65c0cb5ad765eb6e8a1ece5fb1a084a9e5b2b8233aa254930fbddb7d014adb0871ba880bd6,CLEAR,"DARKNESS, LIGHTED ROAD",DRY,IMPROPER BACKING,2.0,22.0,2.0,2.0
08c08a68af8b369336dbf5bc208b7ac0ef0665d5280663d2854a60016f522d796466f9305426d499160465e4618589323bb817dd683f2856498da07c4568fed8,CLEAR,DAYLIGHT,DRY,DISREGARDING TRAFFIC SIGNALS,2.0,28.0,3.0,3.0
08c0b8cdff9d4ec7b91530414205b405c428524cbc44a7d2c0fae205bc1c22380b2f345724abb208423ba0b349a01a83de407b5d9af32a3bfa352e470750677d,CLEAR,DAYLIGHT,DRY,IMPROPER BACKING,1.0,26.0,1.0,1.0
08c0bc4594d913734e1c0ced139f43d4a7d204827452988f19466263875d4b84a222d8fe37588deed08ccb3a02dde6db9ae0c73e5d6dc3fa4a3daca25cfe3400,CLOUDY/OVERCAST,DAYLIGHT,DRY,FAILING TO YIELD RIGHT-OF-WAY,2.0,44.333333333333336,3.0,3.0
08c1480024f684e47ff8f30411f7a470a5cac64a835bf69f2d3081595ba9b616a36f62341af60c3264cea78720e0ec17f8eec4a7779a073f6d3c34d5026ec0a0,CLEAR,DAYLIGHT,DRY,DISREGARDING ROAD MARKINGS,2.0,38.0,2.0,2.0
08c14d8887d12501d5b07f1f5f1ca702089e2209b26d8f0f556312eb318fa04756676e2d5f9af1a605b4afb723946da741f59eea9405f770e6ad0b5f53d12b9b,CLEAR,DAYLIGHT,DRY,"OPERATING VEHICLE IN ERRATIC, RECKLESS, CARELESS, NEGLIGENT OR AGGRESSIVE MANNER",3.0,43.0,1.0,1.0
08c16a69ece39425b2f34414cc4575e9eec06a54f3f2bc1ba371087f79b82bf9abdcf2c5a933bde4a14690df5a767a0f5a7b0a344c1f63ba5dba4d565149fa60,CLEAR,DAYLIGHT,DRY,IMPROPER LANE USAGE,2.0,24.333333333333332,3.0,3.0
08c1a82c392154ed5e3c93fc80941663bbcb41bc220abf6b83613be7e6460279884ffaba85ddef2b958be3e3b9beed820484306bc6b7fa4adaa645f2afe5bbcf,CLEAR,UNKNOWN,DRY,IMPROPER LANE USAGE,2.0,26.5,2.0,2.0
08c1b756e25256fd7bf38093d05248b911320cc65d9d809a259f425bb1ae073356b4634a95fe6237a0f1e752cd6e87e673bc0002e89651bad4994ede7724ed6b,CLEAR,DAYLIGHT,DRY,FAILING TO YIELD RIGHT-OF-WAY,2.0,20.0,4.0,4.0
08c1cc714ddd0897d6d35160cc2958d1aa8739a03c55f8e32344b15d610470db1adf7c78d68a21ed34f3536382d8d66df5bf8d6fe691b8c54bdc082772472e7c,CLEAR,"DARKNESS, LIGHTED ROAD",DRY,"DISTRACTION - OTHER ELECTRONIC DEVICE (NAVIGATION DEVICE, DVD PLAYER, ETC.)",1.0,30.0,1.0,1.0
08c1d90ad696974941c0163d55ac24dbefeaabb5b932b512cb9eb8cb63b2afedd0ad8128893dcd81de00ff939945b2403eb9a5ea2e5a406f6230c4bf27784f83,CLOUDY/OVERCAST,"DARKNESS, LIGHTED ROAD",DRY,IMPROPER LANE USAGE,2.0,22.5,3.0,3.0
08c2008124f243acc036036e37affe3af7c960337d6f629874b9fad9a7a040ff5c30c27b0b5f4bfe51d9b7289bc3e46456bf90501d8394e27b0bb38191521249,RAIN,"DARKNESS, LIGHTED ROAD",WET,FAILING TO YIELD RIGHT-OF-WAY,2.0,37.5,2.0,2.0
08c23aa4dcccb1499587b6aeebbb0d96eff4a10bf5029e8da3900b23a7bb85f364874938df4bb7df3e389dfc50e5db4dc623033a71a3b7b8cfe6190390712696,CLEAR,DAYLIGHT,DRY,IMPROPER OVERTAKING/PASSING,2.0,29.0,2.0,2.0
08c25d8453fd5c3652eca95bc21092fa5d932a1159b73bb9dff5e2f7f2a455d28c3602242c9fb07b40d23b44e05239d4cc15da0635a136c0281edc6bdf7856eb,CLEAR,DUSK,DRY,FOLLOWING TOO CLOSELY,2.0,35.5,2.0,2.0
08c2c500957ddd9123d5b7d6ffb3bcdd4609e4bd90f2ae16e12dc8dad5bfc4d928575bdfdf609b9c48bdd30f238c93e5fd94741c69bd1a16831e889f10e0ea92,CLEAR,DAYLIGHT,DRY,"VISION OBSCURED (SIGNS, TREE LIMBS, BUILDINGS, ETC.)",1.0,33.5,2.0,2.0
08c2c93e11bae63ef00c33f504f06bd0fd7554c239ddc73992051a540b4f664e918e823379fcc1a3c21bd1e10673abf69878bac20d1361c1d7f08f283ba2c5cf,CLEAR,DUSK,DRY,FAILING TO YIELD RIGHT-OF-WAY,2.0,34.0,2.0,2.0
08c2ebb71db4575e196a101fb31a892d7492e007c9b1f179004f4468e69c82c4288dfd4dbfc6ab9e65ae50717a75812f5522002d1c52d7e0cad6257bf281c5af,CLEAR,DAYLIGHT,DRY,ANIMAL,4.0,29.0,2.0,2.0
08c2faf60703f672b165e10fd928071f0fe8d3fe6e904a79c63b697c1b839fa97742414088ee071097abc606498989a65193b6ef4e0b9f100a69a3f830fae678,CLEAR,DAYLIGHT,DRY,FOLLOWING TOO CLOSELY,2.0,26.0,3.0,3.0
08c303ad49ac8665e6b7680474d8b7cda53a553c17a37ce38fd585bddacbeb6c2141f60842e3a89d7d00fe07af38b0cfdc70e93fc7a9975516b0c24010b2aea9,CLEAR,DAYLIGHT,DRY,DISTRACTION - FROM INSIDE VEHICLE,3.0,38.333333333333336,3.0,3.0
08c320b59f3e5bb3c1e7374a501d2d94497061fc50c554340a08359c3b290d8e9b0e4dc95a8a0535b2c368586a1420e9c41c2c4e86b49eff4cd8b05051c7dd77,CLEAR,DAYLIGHT,DRY,FOLLOWING TOO CLOSELY,2.0,29.0,2.0,2.0
08c334c743d646429206121173cf65c2129704e3531e90c4bd132dd80b1063a47bdb63639b0fef835f96d691c6dbd2c856b4003ab02f82453e132d0ec6379383,RAIN,"DARKNESS, LIGHTED ROAD",WET,ROAD ENGINEERING/SURFACE/MARKING DEFECTS,1.0,49.0,1.0,1.0
08c336a4677f7a5aa40afa728a70dc702d4821f374074126b0dfd7b1b0505911ef61c45dc56507a81021098d2e997cb5915d0b00bfcaa24e8bc26576325a21c6,CLEAR,DAYLIGHT,DRY,FAILING TO YIELD RIGHT-OF-WAY,2.0,39.0,3.0,3.0
08c339bcf80db73ded9873f4761ccfc64572060dc1cd0d0790216ec83f7551028bba223b534a245ebccecee84cdcbc9f6ed5410a7b54c54f6538e2dc1691b3d8,CLEAR,"DARKNESS, LIGHTED ROAD",WET,DISTRACTION - FROM OUTSIDE VEHICLE,2.0,28.5,4.0,4.0
08c34174439e13e198a297260e53421d9bd23039db0b84579eb59f5886403ef94d860db8342ae618c1f71fab3df43cd99d1ab91c91245491cb2b6a25059fe65e,CLEAR,DAYLIGHT,DRY,FAILING TO YIELD RIGHT-OF-WAY,2.0,45.0,3.0,3.0
08c36a7cd453ffb92402a0551f08b1e433c5e2a0d1c17c4ad297b910355193ca19c6ae8d21e9d29492c513a78ff94cc5577d2761baf41c92cb705e0671ec4602,CLEAR,DAYLIGHT,UNKNOWN,FOLLOWING TOO CLOSELY,2.0,44.0,2.0,2.0
08c396ead431f147a002daf37ed508dc653a400cd9ed386ec048562ab61a24f207a8bdc6cadfdef4b2ef8d8b8ac7507a3d2d30a51d02b82d65c065cbb3962b71,CLEAR,DAYLIGHT,WET,IMPROPER TURNING/NO SIGNAL,2.0,32.0,2.0,2.0
08c39cf1c5cf7bded4df370796d285ebb47b5cc6162bb474decab72f0fabe3b52f014e9b14bfacaa7274dea50b63f30a9ff525c2075922e896d743545b853b41,CLEAR,DAYLIGHT,DRY,IMPROPER BACKING,2.0,22.0,3.0,3.0
08c3ca498b3f66b33b6e91aded9164a699962d3cc15fe136dedc961a7476eb2a4df8ef4c2baf4b47ddd43f70c288441b3bbe543c12d4c3a92ccbc478d6185d81,CLEAR,DAYLIGHT,DRY,FAILING TO YIELD RIGHT-OF-WAY,1.0,52.0,2.0,2.0
08c3cc35f8b2b73a6febc173030961124be5b901c0f7913b2af5233754673712ad2c9ff36d76d73f6cfa96852c7dc8c758a308c18089c47d5118b6b141a997b1,CLEAR,DAYLIGHT,DRY,DRIVING SKILLS/KNOWLEDGE/EXPERIENCE,2.0,39.0,2.0,2.0
08c3cc945421e9731d67ca007d1c7502e028f2742c0a5a4ce9d7def6680fd73905de239e081724db02816dc2d120992c7330f9adca90573bf88ee0776089417c,CLEAR,DAYLIGHT,DRY,FOLLOWING TOO CLOSELY,2.0,37.5,4.0,4.0
08c410f1f0f01193566804e42fefd0ec9ccffc9bd5647526c690486ae59dffeb7712ae3c6bf579304d49204955142903bb305ea89564846294cebb650d8b0488,UNKNOWN,"DARKNESS, LIGHTED ROAD",UNKNOWN,IMPROPER LANE USAGE,2.0,37.0,2.0,2.0
08c4360cee5b5cdecddba5697acfdc20409a6df77761c9eaedf5a738506670e263c767de5e6716313a608e84dce88d267c990ab6c7d6fe59b875ee09c7efc771,CLEAR,DARKNESS,DRY,IMPROPER OVERTAKING/PASSING,2.0,24.666666666666668,4.0,4.0
08c43ad64bdbbe3fe28fbcef91e25552362725b534023c4bea37306c0d41d9f8cebcbfe45dd51f5074090876677f9af70f0d0496686a2404768c899645ec3207,CLEAR,"DARKNESS, LIGHTED ROAD",DRY,FAILING TO REDUCE SPEED TO AVOID CRASH,2.0,25.333333333333332,6.0,6.0
08c4a621d9626f3d50fc19fddd60a37173b588676579f3e97a4a24519fdc09f467d6d48afdc5a950b518f30220dab85a9fb7268047f638e6f7f55789c80d4c53,CLEAR,DAYLIGHT,DRY,IMPROPER LANE USAGE,2.0,21.0,2.0,2.0
08c4ad69679a73eecfdd53081f41ce648f6c13cf5b39c3a37d8edc8c17623ba0852075cc82de46f31b977c7d3a7751a4b8abbc5f32e108a88a71a631db43dcf8,CLEAR,"DARKNESS, LIGHTED ROAD",DRY,FAILING TO REDUCE SPEED TO AVOID CRASH,2.0,47.0,2.0,2.0
08c4c8648db6de0e47435dbee70bf95d2beff2e93fce43ddfe36f67fe029884d2d1484b1fa6e8600d355e2e6cdf58dbb61cdcf587651da2324f61a438beaca49,CLEAR,DUSK,DRY,FAILING TO YIELD RIGHT-OF-WAY,2.0,44.0,2.0,2.0
08c4de497d9937832c601e30dd51587a26b37def6cba6b12555fb47e82213c5527615dad9407f20ecbfebca7241bd617bc1dd79bcbe0879b376c51f6fe2a8b19,RAIN,"DARKNESS, LIGHTED ROAD",WET,FAILING TO YIELD RIGHT-OF-WAY,2.0,38.0,3.0,3.0
08c4e773668dfd749b412efec3f00fb413c2d2bc750f3d500b08079288da846946b3e775b449374ef90983ef74860c73af3d2f130468dd49b8cdec04a24fb6da,CLEAR,DAYLIGHT,DRY,IMPROPER TURNING/NO SIGNAL,2.0,43.0,2.0,2.0
08c4eed294a255a88f6fbfb120af129919d9f35ef71acf719e30e20d8ec79237bbfd7731f037669178ec4d1ee9479937ed4c5cfa03f6fc2e9902d67bc5925993,CLEAR,DAYLIGHT,WET,DRIVING SKILLS/KNOWLEDGE/EXPERIENCE,2.0,40.0,2.0,2.0
08c52735a1511ff5550ba7697f6660e1e09108c1c3925e35b966a82844dfdb37a96a2acfa0dbeb7d5705bbe20a706bb8c382b995f4d6c16ef53da062dee90126,CLEAR,DARKNESS,UNKNOWN,FAILING TO YIELD RIGHT-OF-WAY,2.0,59.0,3.0,3.0
08c527ab1b085d897a1d311797044c0d42e0019ffb2899d8ce97aa7742d79c55180ff0381b0a00508faa65c0c51f4a2089333fb3d5ea5073684d784d6d64d24b,CLEAR,DAYLIGHT,DRY,IMPROPER TURNING/NO SIGNAL,2.0,64.5,2.0,2.0
08c558fbeff8403da0c7eb91c91e388164c286b655f7bd8fc2c7b10257037ea0f49e0a3b30a041ce7fd238f173ee225bbb0a18e9c6a5a790b4bef7c0892e8c0b,CLEAR,DAYLIGHT,DRY,DRIVING SKILLS/KNOWLEDGE/EXPERIENCE,2.0,24.0,1.0,1.0
08c55e08c14f1dcc41981e13242ea387af777c86658580527f6ba7686bac34a2bf5cee2cdc7c2b0fb81571369cc65e1bddea0c8a3ccfd9f7926d651390608d81,CLEAR,DAYLIGHT,DRY,IMPROPER OVERTAKING/PASSING,2.0,50.0,2.0,2.0
08c56caaf7391eefef5aac917b1d987e8f315be43eaa54877e2b270e841520d44e3845acc8b6564d25b7d370374867b40cc9639e71c3bd8f33ab736a7e9fa895,CLEAR,DUSK,DRY,FAILING TO YIELD RIGHT-OF-WAY,2.0,27.5,2.0,2.0
08c5bf342040d1f4fb626480653fdcf8d2e63d3c78335669926e9db1b3e164fca148ec5542728e9f9b76d1b9caf0ca1c63f75cd9ed948826017f6ff07ea9ad55,CLEAR,"DARKNESS, LIGHTED ROAD",DRY,FAILING TO REDUCE SPEED TO AVOID CRASH,2.0,50.0,2.0,2.0
08c5f80e5d5cecd0faa315157304a295d3c788c7b0930a936525f5567c60fb0460fb8efca8bc14f1699ad9493214cf11a6ece3edd994bf11e941182d69381d5e,CLEAR,"DARKNESS, LIGHTED ROAD",DRY,"OPERATING VEHICLE IN ERRATIC, RECKLESS, CARELESS, NEGLIGENT OR AGGRESSIVE MANNER",2.0,54.0,3.0,3.0
08c5fc9011ae394ae55b0b2868698e495401a686414af1d6de08662e8a67dec643304d3ea5b98b474194dc9cb6d76e8848fa4a4f4e4f92dce5089d835b689014,CLEAR,DAYLIGHT,DRY,IMPROPER LANE USAGE,2.0,37.5,4.0,4.0
08c5fd712881c7303230a16ed11ade016103d0cb5ec7dd5b96cee4fa38a1f7bf6ea52d9c6034d64d6964fc9acd335cb56b69db598d090fb24dbbb9b6865a2a43,CLEAR,"DARKNESS, LIGHTED ROAD",DRY,FAILING TO REDUCE SPEED TO AVOID CRASH,2.0,14.333333333333334,6.0,6.0
08c601288cc48a53832375fb6299b33a7ff71578a097720c56655d458a31027e76b030d2207371df52817415d84ce1f72535d5db4b80d54350164de414e29918,CLEAR,DARKNESS,DRY,FOLLOWING TOO CLOSELY,2.0,60.0,2.0,2.0
08c61421955b547f477ac7d4a46eecbca17a60e6e862295c5ad7246efcdd042699a116348ba99e9466367a8ccd0c56ed69ad24342a399beee3ef5a4c0cbfc288,CLEAR,DAYLIGHT,DRY,FOLLOWING TOO CLOSELY,2.0,28.333333333333332,4.0,4.0
08c62c6fb2701b046c3c4a1bd101a434b9e3ee5d320ec43836b69b7e4eb4d73d8f2aa05fb52b1eb9406951f9ecb1196054cf66ac1e99f18181468896c75f2d91,RAIN,DAYLIGHT,WET,DISREGARDING TRAFFIC SIGNALS,2.0,43.333333333333336,6.0,6.0
08c6326239a182056d3a066d8310d16caa167767b6dc8febe66d869d61cc148b08eb76f53d50546d8831783c9076ed01bbeec4a4c17438cbe30cb0da5f6e9413,CLEAR,DAYLIGHT,DRY,DRIVING SKILLS/KNOWLEDGE/EXPERIENCE,2.0,19.0,2.0,2.0
08c653a7c4065029a54057bae542be11c914ebaee2dfad40a262ffe1a7bc6da3d701e459a87a1578ac846c731b0916084306428864225cdb3cd3b2c25a049d76,CLEAR,"DARKNESS, LIGHTED ROAD",DRY,DRIVING SKILLS/KNOWLEDGE/EXPERIENCE,2.0,37.5,1.0,1.0
08c6c9dac3176f38cc16275ea7e9b3ec02532798dfaac809fde327fe665b846383bfecc4f636479886e44d23eee5ec552c49b2606df4dfd24b1c8f9d0e17bb41,CLEAR,"DARKNESS, LIGHTED ROAD",UNKNOWN,FAILING TO REDUCE SPEED TO AVOID CRASH,2.0,25.333333333333332,4.0,4.0
08c6cf26072ed4670be613ead1e2e58f3e331f25f30869a9edd18da95ef7bfd6d3a31c4cb00f3477802fed0760a616953a7930a7762e4ba9a46cdf33a0a3b22e,SNOW,DAYLIGHT,DRY,IMPROPER OVERTAKING/PASSING,2.0,49.5,2.0,2.0
08c6e8aa31d07f0cc89d54684930de735a038fd4e2ed4c9a727074c17f6a703ef059f45c0387bae06c198675ad217bc8377c55bad7a1f732ec6982dc75db0f4f,CLEAR,DAYLIGHT,DRY,IMPROPER TURNING/NO SIGNAL,3.0,32.333333333333336,3.0,3.0
08c6e9ba052054a2e92a9e9a76c280323d8330c0ca6752e6c82e8309e4a7c0a6ff5011b46146ce03fb56feae385210b9cc1d58289b163efd66d16d1b1303487e,SNOW,DAYLIGHT,SNOW OR SLUSH,IMPROPER LANE USAGE,2.0,22.0,3.0,3.0
08c71bb6dc72a58f0032936d630668de4eae8ced9d77244fc6d1eeab971e7ce2025fe6a2f44a3bb94b5bdb16e102a8449432ee93604a8fb86870594aaf924390,CLEAR,DAYLIGHT,DRY,IMPROPER OVERTAKING/PASSING,2.0,49.0,3.0,3.0
08c71d3b02280d28381a18c88d8bfc3c5cd3382ee3f56a1fd0bfc0f8b1f1c2dc4b8d36af8f27b521882ddac2fc34c87fa27912acf3174866ba72f83259549f37,CLEAR,DAYLIGHT,DRY,IMPROPER OVERTAKING/PASSING,2.0,31.5,2.0,2.0
08c782d32e04bbb83ee562c016679c685a0f3a39723a45722b73d6492bc2f2b70be2d82f21f180f35eeeaad3e8458df7b6e898bb2ab87632be8b8b7a86c731cd,CLEAR,DAYLIGHT,DRY,FOLLOWING TOO CLOSELY,2.0,21.0,4.0,4.0
08c787de40487b097a75fba072c7c09a20ae9091240fd1c2f5b45b17dfddcc11b960e8e031e864d272f070724834f1f757f64ecbf0c3afa62cd09c89d28de688,CLEAR,DAYLIGHT,DRY,FOLLOWING TOO CLOSELY,2.0,41.5,2.0,2.0
08c789a8f66477527dea7f7fc47c399823cb323d9c876852ea1189e80c02840102ad9aa044da388c585538bc526b58b20b8e2edf5d642e503470febefd27db52,CLEAR,DAYLIGHT,DRY,FAILING TO YIELD RIGHT-OF-WAY,2.0,41.0,2.0,2.0
08c8027c5ef290c44cc3aa22d4dc5b232949bfa2b6d65018bace3f3ba035112f03d52627ea22562a01152d3aaf0746b3c62520e1ada3bc449b76e56e8b32303d,CLEAR,DAYLIGHT,DRY,IMPROPER TURNING/NO SIGNAL,2.0,62.0,2.0,2.0
08c8056bccb09c1724af674df217da3c0cc1c11c4156e5b1cf605776c096fdcb9b480f6d17659f6f960867c05789c849f7f1ce416e48272a5857713cbbb224b2,CLEAR,"DARKNESS, LIGHTED ROAD",DRY,IMPROPER OVERTAKING/PASSING,2.0,29.0,5.0,5.0
08c810320507f591f3a458813069f00ee1a01c5dfd7722c4cd029ba0a1ce232ccc894c63cc707318f99cfed55e8d5da3cce1a7a23a2fc4e1c57c905f9d8b6316,CLEAR,DARKNESS,DRY,DISREGARDING TRAFFIC SIGNALS,2.0,34.0,2.0,2.0
08c81369708cdcf0277be16f7405a68c936e7347f832f1a62ab57c129efc6dea54c31a6818c426cf3fd3de8b3249a9b3ad921efe808289742854cb5e60fb1232,CLEAR,DUSK,DRY,UNDER THE INFLUENCE OF ALCOHOL/DRUGS (USE WHEN ARREST IS EFFECTED),3.0,60.5,3.0,3.0
08c84016684832ec73342b1024adbf1fb387327ac2f5ca9a238b478f7621086172618d9d1c5f5a73f2d6054cc40a23fdaa81a5fd7e20f3a6723056bc96a1de95,CLEAR,DAYLIGHT,DRY,FAILING TO YIELD RIGHT-OF-WAY,2.0,42.5,2.0,2.0
08c89c0e1472781b8c205035016b78d4136413c593e3eefc084e04b24150a7974b8845512fabe5d80d0deee49ee37d7b89a2303bf2486adb52efbdf465e01471,CLEAR,DAYLIGHT,DRY,FOLLOWING TOO CLOSELY,2.0,33.75,4.0,4.0
08c89e0633040534d01750d2594964c140d11fbde03556788e1886e2110ea02e268f9df038b9511d7471072d60b18fb348d947e1fbb16f5bbc436fb31db55bec,CLEAR,"DARKNESS, LIGHTED ROAD",DRY,"OPERATING VEHICLE IN ERRATIC, RECKLESS, CARELESS, NEGLIGENT OR AGGRESSIVE MANNER",2.0,37.5,1.0,1.0
08c8ae44336766554e28bdec9637106d09e93fc3499808a92b5e732ed07e74fe30e784fbc2e94fa835556388aa166a7a392137c5804f8b7ccb07732c35fe8564,CLEAR,DAYLIGHT,DRY,PHYSICAL CONDITION OF DRIVER,3.0,61.0,2.0,2.0
08c8c9075532ea9fd4cba7982285f91872630119ad288bd2a8edc24eb0dbd4ce288ba576be1a76799c18ca04b52f73be3bd9c5a19a2db514112774d6b455b4b5,CLEAR,DAYLIGHT,DRY,DISREGARDING TRAFFIC SIGNALS,2.0,52.6,6.0,6.0
08c929eebadf021ad6cd19bb2bad2342fc8714262830054200b595c58ca75d864f3cc7ef70b605ab67c49b23a294babfb740e3c6839cc96e0097884ad12c65b7,CLEAR,DAYLIGHT,DRY,FAILING TO YIELD RIGHT-OF-WAY,2.0,31.666666666666668,3.0,3.0
08c95d9d48129dcab6323040c6b03df521d38a2a9e88ff407d85f93afa3a377dcc47c5cf32e5fce5c69d349cbd1dcc2f6e3860dfa2661fc5605eb09ef9dc6d5e,CLOUDY/OVERCAST,DAYLIGHT,UNKNOWN,FOLLOWING TOO CLOSELY,2.0,35.0,3.0,3.0
08c9638f4a3ab59b4af06cec9a0112b59709cddc1bb9c0dbcf0260a12a3048b0411b9657751b3f482d8f1e11187d64fececfc3204512c3e80f69fa78a597f4a6,CLEAR,DAYLIGHT,DRY,FAILING TO YIELD RIGHT-OF-WAY,2.0,43.0,2.0,2.0
08c96bb3ee4a0f319c1f06a716e30562f1bc7487a27d5752af723c2fe0900946b8751fb56d2c459312c3d7f6a0c4760e2d15200646b7e15ffd9a2fcfda5e7b51,CLEAR,DAYLIGHT,DRY,IMPROPER LANE USAGE,2.0,34.0,1.0,1.0
08c97191271aed15afc9b3451bb284f2db8d313aa73c8cb2db8a2e2ece7343a244b284d5aa9eb0a750977f2b82011d714673eb529f00e745ad6151ed3bc88a20,CLEAR,DAYLIGHT,DRY,FAILING TO REDUCE SPEED TO AVOID CRASH,1.0,37.5,1.0,1.0
08c987d7cd9cbe38bd529bb79b41921da8ec23a607afb84bf3ca78279174cb1681c2b7d4b305943e1ceba8053a559fe7f938f8acd30df6017410e60eb343f4f2,CLEAR,DAYLIGHT,DRY,IMPROPER LANE USAGE,2.0,56.5,4.0,4.0
08c9b1bb0c38014c3cd5e0f61f5c90fd0e662bcf497fceada33b7d3cc6abe02ce6a5d2559894d27ed9764506e44f1f75ce4b3dfca4a0752d40f8405189e029de,RAIN,DAYLIGHT,UNKNOWN,IMPROPER BACKING,2.0,37.5,1.0,1.0
08c9beafb0c7a744128fb146ddf3b73a642c9394d1e2d0bc4bc849afcaebf6b26c4e56553cdbbf87b9fcb2f46eff8c9eac8e8794a08c7504981b612878a54e64,CLOUDY/OVERCAST,DAYLIGHT,DRY,IMPROPER BACKING,2.0,37.5,2.0,2.0
08c9e5777c227c8460a3e650a6a0d02cbd72b116848786f56fefde550586db96bd6601747a0aecc72b6b59a27ca1fdbbfe84fb4f7f4207594621e2536c20c545,CLEAR,"DARKNESS, LIGHTED ROAD",DRY,IMPROPER BACKING,2.0,38.0,2.0,2.0
08c9efdaa128a2d07ecc084638f566d4f0ad82c10c4a6596142f1305330da16d434b70fd45e8fbb28afb41d91ea41cbc91f3560515dfd5e392d613dfb61d5f27,CLEAR,"DARKNESS, LIGHTED ROAD",DRY,FAILING TO YIELD RIGHT-OF-WAY,2.0,23.5,2.0,2.0
08c9ffc172e993232dead0d19965be4d00018f75be0692afc83420deea1aaae49b0b6edbc38c31c93185969f59c345454cc6e027917db5517c0ad3961f2474e6,CLEAR,DAYLIGHT,DRY,FOLLOWING TOO CLOSELY,3.0,29.0,3.0,3.0
08ca0deb552e6d28014f0062bd60dd55edb8123adf23baa6202818995e491171768f9e88a8e25f006588a440d66a4e80ebc6750b8aaf3888b9eb2afcd231d261,CLEAR,DAYLIGHT,DRY,FOLLOWING TOO CLOSELY,2.0,55.333333333333336,3.0,3.0
08ca2c00eae85c0daca6edcfd18c3facd4e6fd824190b311a1c9c5d4cbed3df1fa00ae42f93ac4200a1c65600410ce933791b578cedfb4a8e0d8e12d6ad657b3,UNKNOWN,DARKNESS,UNKNOWN,ROAD ENGINEERING/SURFACE/MARKING DEFECTS,1.0,64.0,3.0,3.0
08ca537c4fbc16946e6418b52988153787dcc8bf6b81dca8ae5e5e1762ea3e1e299ad0138092b595ea813d48ce55e06c7f1b1cddf5edd04d95d83adbc4513717,RAIN,DAYLIGHT,WET,FAILING TO YIELD RIGHT-OF-WAY,2.0,51.0,4.0,4.0
08ca60be2881c0760b15cd9be1ba13f25f9f2bb9771d778e2b85815587fa4fd01c050b61725da673f5bb579685fd0ad0dab5464339dc6c99d68d0f2d8a43dab3,CLEAR,"DARKNESS, LIGHTED ROAD",DRY,UNDER THE INFLUENCE OF ALCOHOL/DRUGS (USE WHEN ARREST IS EFFECTED),3.0,23.0,1.0,1.0
08ca6bb1cbb07518b46cdd5d3f514554fee813fae60bb7906dfd76bf4859af5cda2ae47e8574fba44c95f8385fbdc795b15d28c478f9fefb8a088a561b5c5421,CLEAR,DAYLIGHT,DRY,FOLLOWING TOO CLOSELY,2.0,38.0,3.0,3.0
08ca81bb57072d5ac3af288a242d9a0f35671d5faefdeb0fbf79ed52eb6a0b974f44b20546239e8739548307c8d09bb47757fc3a554826d08f4ad087e051c99b,CLEAR,DUSK,WET,FOLLOWING TOO CLOSELY,2.0,37.5,2.0,2.0
08ca8c0e7e1520ddeda72b65ca3a2ae2e3e150cd3202b26012d595b3f0225a85eb66b725a542d0ddd0d531ecb423e7243401470838ae930aa0c4edf3da221227,CLEAR,DAYLIGHT,DRY,DRIVING SKILLS/KNOWLEDGE/EXPERIENCE,2.0,37.5,1.0,1.0
08ca955566d90712637b7930e6dcbf18e3a92e1e4f2bb55bab51af8ccc8c95799e4d98b3b9a40a8b709eab1cd636d9aa994a6e51679abbbe7cf04081675d3b3f,CLEAR,DAYLIGHT,DRY,DRIVING SKILLS/KNOWLEDGE/EXPERIENCE,2.0,37.5,1.0,1.0
08cac8ff02b9164ee0c92e2786d2395fe9a40906861f799b3cd065ba9a19338cd02dd88bcbef82d990707b149702a8656a5ec230cb9c4f3677bce0ac668e74a4,CLEAR,"DARKNESS, LIGHTED ROAD",DRY,IMPROPER LANE USAGE,2.0,44.0,2.0,2.0
08cacc639d6d57466c72c8db73d6d409dd5f91a62c30b7d4198ab8f7b3f4e1aa0e22fe170a8720e19ee1ab832d2086e680a0a3f5ec8f0e498ea974f0b6de06c2,CLEAR,DAYLIGHT,DRY,FOLLOWING TOO CLOSELY,2.0,50.0,2.0,2.0
08cb0f4820642cb58c7bb0b86cc3148bcd24af168fe1b6fac4b0a77f301d837b8560cbf7828adb0174ca5c1a405e02a33a75d5c8ec51eaffaba4c8e669683a98,CLEAR,DAYLIGHT,DRY,FOLLOWING TOO CLOSELY,2.0,49.0,2.0,2.0
08cb689df23aa69a25d8df96f7662ac54481fe1e4880ff33d5133351154f2c2630b3742e236012acb8aa5cde934802bf2dd843f3175d1250a15731bec5e79fec,CLEAR,DAYLIGHT,DRY,IMPROPER OVERTAKING/PASSING,2.0,46.0,5.0,5.0
08cb6c6011e0878598dc4ce7a3647522191d32bb79a7f4f641f3df8e37e1b3ef8f227f8fe2b37bfeb36ae573158994d03dc0c48f53da66a1151a50bbdffe8bac,CLEAR,DAYLIGHT,DRY,FOLLOWING TOO CLOSELY,2.0,37.0,2.0,2.0
08cb71c90765effa765ee853796d639773f94a1086a76a9e0dee631638b53b370577a4477b58cfee881502368ac85a43352038d695313143da3abb201e734c39,CLEAR,DAYLIGHT,DRY,EQUIPMENT - VEHICLE CONDITION,3.0,55.0,3.0,3.0