crash_record_id,weather_condition,lighting_condition,roadway_surface_cond,prim_contributory_cause,total_vehicles,avg_driver_age,total_people,total_injured
08cb7e14d3eca95519868987e4f901aeb71aefe2ed05d2b35ec5c1d5570ef1c2a3b882753a9e3efd69a3662dfeb602943dbb1e05fd0c0f76df6e2058c8381301,SNOW,"DARKNESS, LIGHTED ROAD",WET,DISREGARDING OTHER TRAFFIC SIGNS,3.0,37.0,3.0,3.0
08cb89cfb02f2d3b13da5a4edca3f889c8ef7891363a63019b9da7cf633875c01786b6cf734bb80bc318191e1b2da4f8c5f1cf1d1b5680062ae6b1b71a2ed1de,RAIN,DAYLIGHT,WET,FAILING TO YIELD RIGHT-OF-WAY,1.0,27.0,2.0,2.0
08cbc314d8927dc6433f55d90ac358199e86e26b8ff21bd84392ee03ea9665d4b8186b0d95fab9a9c8caf01c1d35017b73ff2fdfa46176b667367f35d86a3538,CLEAR,DAYLIGHT,DRY,PHYSICAL CONDITION OF DRIVER,1.0,59.0,1.0,1.0
08cbca910d0d5bd83ea101125f7530065a696c4562daf84bf060966ac718a08921769a0606e3bb826882b3a634e8cd95683702d23a4664993255cdc774c99b2b,CLEAR,DAYLIGHT,DRY,CELL PHONE USE OTHER THAN TEXTING,1.0,32.5,2.0,2.0
08cbce75fbdefa7db93cfe23ae4815b22472019c28708c099149e9feaa1269e67eed993955acf3dac35b21ad16a9fc5b50ea8f665bedfaf6f7be19c87a202344,CLEAR,DAYLIGHT,DRY,IMPROPER TURNING/NO SIGNAL,2.0,23.0,2.0,2.0
08cbd67b3316e01aab5719bf5a3a2a1902527ba36cd8cc9b05f937967cb12669f1948542246c7cd9078d668f42f7d83d995aeb1797303272eacd5f876266856d,CLEAR,DAYLIGHT,DRY,FAILING TO YIELD RIGHT-OF-WAY,2.0,46.5,2.0,2.0
08cbe8f92c8045b18b975dd1dc96901720d9c96f94321f4683203b5bc8c95c2a52d0ba531cf6b8ac4e857f863581701bcd49eaa1ff78b47204d61fa163166d8a,CLEAR,"DARKNESS, LIGHTED ROAD",DRY,FOLLOWING TOO CLOSELY,2.0,23.0,2.0,2.0
08cbf8a3c816ec804618c2798583bd15f638696316da579597c6a2ac73f10516e9535f44f5630eb3fc075a3f16f7807049501fc07f0885e4baeb666c0aeead84,CLOUDY/OVERCAST,DAYLIGHT,WET,FAILING TO YIELD RIGHT-OF-WAY,2.0,49.5,2.0,2.0
08cc21549a3db6a90e5ed3e19766f46373c8b8296b067ad0489f58b3e9a1b742ee9fb505db87730833f51cf7de1b17f076d644007575c28fc1d0c1b6fa60ef8a,UNKNOWN,"DARKNESS, LIGHTED ROAD",UNKNOWN,FOLLOWING TOO CLOSELY,2.0,37.5,2.0,2.0
08cc3839a02a8fa75301f611f7384a960c0e80db20afc862e79420dd74aed6acb1fb63deb520087a496f8d731817971d7a9d14c55a44b51ecc71e7092acb12f0,CLEAR,DARKNESS,DRY,IMPROPER TURNING/NO SIGNAL,2.0,39.0,2.0,2.0
08cc594dbaa5519b9a8f09bba3e20aa6cc2c367b40ec10250c89bf8597bd62a3334a61c09155e99021f6bb709e31e855189571ff53e409479c81d9d2006513de,CLEAR,DAYLIGHT,DRY,IMPROPER TURNING/NO SIGNAL,2.0,38.5,2.0,2.0
08cc8de30d5f09cf6fb07a0ebfe8334d5f4c27feff7a31721d7a12e0e6af99bdc06fe001761b3d1cf36a4cfc7404a584d97bd04da348b4522c52093da9f8f90a,UNKNOWN,DAYLIGHT,UNKNOWN,IMPROPER OVERTAKING/PASSING,2.0,37.5,2.0,2.0
08ccabefab0b159e95e98654f5977dd7a47a553e4a1994f921cb9cdeed88ae4991d5c360af5c5948e1fb426bd1b17c34a55484cebe9e0e9182c9a43e92982d41,CLEAR,DAYLIGHT,DRY,IMPROPER OVERTAKING/PASSING,2.0,0.0,3.0,3.0
08ccbba623cb4bd1a8806bde7b1b55abe4d6b75dd6e73501a9922a2ade6a5960b417e3b4747480d4034a85621cb14d94ed8539063332f2ad588e1a320015f1e4,CLEAR,DAYLIGHT,DRY,IMPROPER LANE USAGE,2.0,22.0,3.0,3.0
08ccd723d630e073200c1f4a400dc4435c5e65888b9cc4375fe97f86e4b9ef7a621c34283332c72763d0d86a3190b5b070b56b9af6d311aef5f3f796819298fa,CLEAR,DAYLIGHT,SNOW OR SLUSH,FOLLOWING TOO CLOSELY,2.0,32.0,4.0,4.0
08ccf466f210a1716a08536c73b9f4e07235dafa35a2ce9690c9b305fbfe9e4b8db97dbfe65a2b8e97802a71c7c042453c32e82c6c26f2c3792087c72c725acd,CLEAR,DAYLIGHT,DRY,EQUIPMENT - VEHICLE CONDITION,1.0,20.0,1.0,1.0
08ccfd5d4410b3aa0fa8c7b0ea13a07e010cdb3249934b94034e1cbd8c8f4c597ee93c3bc0f36ed3b503ebdb8c47f01b8cb89107cbc8ac3a5c5beddceeefe69b,CLEAR,DAYLIGHT,DRY,FOLLOWING TOO CLOSELY,2.0,40.333333333333336,3.0,3.0
08cd3622b80f26c199979ba30ad29403a93a66c8753f8e2d1ab132143032ac5e8a37cc6cf3bdf16be6bcee4163dd46fd7be1468c4ae0a4f0c12b1362c84f0c51,CLEAR,DAYLIGHT,DRY,FOLLOWING TOO CLOSELY,2.0,35.0,4.0,4.0
08cd409b02c4b2a0199de33dac544f1776f63bd7250d7b2abd022b1f896ec6deac255ebb46e9cf77b1dd1cd942eefdb14343612cbed72e303cfdf08871a1908b,CLEAR,DAYLIGHT,DRY,FAILING TO REDUCE SPEED TO AVOID CRASH,4.0,42.8,5.0,5.0
08cd6e6149ac778b416c29275678e093c57f2b54eb72aa2d845356de4dbce9d3b60e3ed0050966e5b7c86fa01996c3b91acb30dfca98d82de73d117c64b47181,CLEAR,"DARKNESS, LIGHTED ROAD",DRY,IMPROPER LANE USAGE,2.0,29.5,3.0,3.0
08cda872b0e7eb3ab117a7b663f382b6c7ff15c7f273af23406d6bc9537c71e8a4ff605f692c3476162e48b40b5c6eecc1a59126083844697365b56ee45c4b92,CLEAR,"DARKNESS, LIGHTED ROAD",DRY,FAILING TO YIELD RIGHT-OF-WAY,6.0,25.0,11.0,11.0
08cdb6c5abaf0decf1fca5fafcf4695ebd4aacc9933d6b15da5a136a6fb6b2b703a856944b24b1619376124e4abcb7b5face77458fe9d40a2653585956a9f487,SNOW,DAYLIGHT,SNOW OR SLUSH,WEATHER,2.0,28.5,2.0,2.0
08cdc17007df7f8eb8572d791c9ae27ec98759455495de0afc931f15ad14dcb87342dd1ce1eab267b766ac13b19d572b451ec4c6f712c9e5c5c9c512acfa12b4,RAIN,"DARKNESS, LIGHTED ROAD",WET,WEATHER,2.0,38.0,1.0,1.0
08cdc248e5c56f44b7c55fdf8e52797002e411da37cf0642e233d0df01ad4709192768d688101b5f4bb3c8ac097ce15c7f6dc375cfe568221180f1f8eb572de6,CLEAR,DAYLIGHT,DRY,IMPROPER BACKING,2.0,40.0,2.0,2.0
08cdd08f06ce4267b3b278c00558bff81376d111a2833457d26dc86ee1369b9c60b257a8031f20bb8a5d07ea05ed96b99dcb78f00169492a9f173e5d3bee127c,CLEAR,DAYLIGHT,DRY,FOLLOWING TOO CLOSELY,2.0,23.0,2.0,2.0
08cdf150412290de3a6eb134f91679dd55ce79e824ac4febe643d9fd6caa76e6104b1b94e502349ab627d280a03245f246a3009495358c1204c7c2965ee38518,CLEAR,DUSK,DRY,"OPERATING VEHICLE IN ERRATIC, RECKLESS, CARELESS, NEGLIGENT OR AGGRESSIVE MANNER",2.0,37.5,1.0,1.0
08ce056fa962f1e1a5ec57d83083adc5f326752bb379fb7289013e8de2f76c6b7f28b9f7badcf6c642a5b85079858f97916331ea0f12ac9602c31ef02dffc518,CLEAR,DAYLIGHT,DRY,FOLLOWING TOO CLOSELY,2.0,49.0,3.0,3.0
08ce2303b1a9b35a4d1a1507465f6988fb51e0b6bc2668b12c9be14ac9555ef260132c210c9cea4085e52da64f6129dc2cfb26f54695b26aafb8e27948c69bba,RAIN,"DARKNESS, LIGHTED ROAD",WET,IMPROPER OVERTAKING/PASSING,2.0,37.5,1.0,1.0
08ce55a94b82a0914bc286e2fc5606929bca1dfd6f9f8feb4e782d7369348c3d21ed934b39e250db4ea34e07457ae538e2872dd89116722a835d66da691dcaea,RAIN,DAYLIGHT,WET,WEATHER,2.0,35.5,2.0,2.0
08ce7e7fedd61f2c3342787296ec78207688aadaebaf5f80a00f378f29e4166ed515ccef7491c0f15ec5ff80655d5e185609a026b106c1c7d6a92a28f3731daa,RAIN,DAYLIGHT,WET,FAILING TO YIELD RIGHT-OF-WAY,2.0,39.0,1.0,1.0
08ce81aed03397db9a7defa9c1f0bb252de1eabdf9f3c558ed35ff7f605f3354d5e550e7c5c8d91fd31d3c3ca55bfb950ce541ff7ec1ccf47145a39ae3e782da,CLEAR,"DARKNESS, LIGHTED ROAD",DRY,DISREGARDING TRAFFIC SIGNALS,2.0,42.0,2.0,2.0
08ce892016025218db40069eb548fcc0dc4f4e2775b362e950b77c97c51097904e384d117373128e75c3e9decd7ed176b96d0572a81dbf81048992734060e667,CLEAR,DAYLIGHT,UNKNOWN,IMPROPER OVERTAKING/PASSING,2.0,26.0,2.0,2.0
08ceb97bd042ef73b09b6e11c52248689c279eaa199943343cabdd183da875758f20c014fa9261fa0c90d0857e98b61119e025d36c252d0a5f05c555bcdf632c,CLEAR,DAYLIGHT,DRY,FOLLOWING TOO CLOSELY,2.0,47.5,2.0,2.0
08ceba692c8c5eb0b7c14ed930a1b5a70de90151804e9d8fd88176d662bafeac95a70cb421d0a76b4fe66d223063a71c2a93a2cf85f7c0503d04c6b3a5b49787,CLEAR,"DARKNESS, LIGHTED ROAD",SNOW OR SLUSH,DISREGARDING TRAFFIC SIGNALS,2.0,23.0,5.0,5.0
08cf1e9423a4eb9836b259760d5cbe44b370342b52b420d758e9a60ba89b230fe8edab3a17e2fab90fb14dd4def2dda1ef7d4f0c23af2c2a856cd4cb2e69780a,SNOW,DAYLIGHT,SNOW OR SLUSH,WEATHER,2.0,30.0,2.0,2.0
08cf2fefeed38a6963ae040181bbd3bd74378924957e36a55ecbdb4c388836e794bd41cde2a0eae66476dadb595b87e88b8c1956473a88d28a4613c89f637a3e,CLEAR,DAYLIGHT,DRY,IMPROPER BACKING,2.0,36.0,1.0,1.0
08cf4b1877e983cd3e668418b8744817b4e0396137659d4195529442dc10fd595c4c761d7aad37e0fd028c5dcec1040f3ec2db912a9e9129b14a7fa069e8f568,CLEAR,DAYLIGHT,DRY,DRIVING SKILLS/KNOWLEDGE/EXPERIENCE,2.0,27.0,1.0,1.0
08cf8cdcc09e9c118a808e1001a3e24026a39702b7eda35eac2e5b5465541c813f02a8e6dc0aa7e2f967bd129815eca7bc898f98640630ca09673d0182927d07,CLEAR,DAYLIGHT,DRY,DISREGARDING STOP SIGN,2.0,17.5,2.0,2.0
08cfabd9d6dedc8eff9e63fb150c425d4912a2a88e162ece9338aa6fe0a7a50c12ece61a5562246e2fc59208e307afdf48b978b0a2989f0f33b7dd76e3548e35,CLEAR,DAYLIGHT,DRY,IMPROPER LANE USAGE,2.0,37.5,1.0,1.0
08cfbfe7eecb49c179749be23851ae027f86d1a2e5db294712a7645ddfa8a1955f72d8fd202ce8277cb9b7cd5a2d3f57a809e1f6253fb1426ef65aedcc30e470,RAIN,"DARKNESS, LIGHTED ROAD",WET,IMPROPER TURNING/NO SIGNAL,2.0,34.0,1.0,1.0
08cfc18dfa09c3ae4d09361e605155868121b5fd508831e54faae3d4696882e89455677ea69be0e68ca7b792b5176b4263ea8d8386902e65c277e00207e6bd92,CLEAR,"DARKNESS, LIGHTED ROAD",DRY,IMPROPER LANE USAGE,4.0,37.5,1.0,1.0
08cfe00e30ca29516932c0d1c972cd302acfcfa310618cb3e01ea3d1aa5697e8a625a5a75615e368dcec8f66b31306ce053f7c80baaac88711f08be835fcf04b,CLEAR,DAYLIGHT,DRY,IMPROPER LANE USAGE,2.0,27.666666666666668,3.0,3.0
08cffc8112201108ef956cd3d657d6162bab376ea46e25c023333025e9991ad0ef5ef049850325b1b01e0298c52f1c381e01858cf0a10016b4c106ccab2f7375,CLEAR,DAYLIGHT,DRY,IMPROPER LANE USAGE,2.0,26.0,2.0,2.0
08d035d2c95c34c0552196e609d05e777306563e8cd3ed7fd6e2c984cd429e4d91abf13663d5192a0e36cdc03d0fb86773a4c953db3e8373ee067333f6d9f8df,CLEAR,"DARKNESS, LIGHTED ROAD",DRY,FAILING TO YIELD RIGHT-OF-WAY,1.0,34.5,2.0,2.0
08d040af8fc5e322514fa78e9fd0944255bfc0f5a5fd5385f8ffca3cf99648270dee681a2360a1a02a5e9805f0f36f309a0f194e8a6a8343db1a273b29dcb2a1,CLEAR,DAYLIGHT,DRY,DISREGARDING TRAFFIC SIGNALS,2.0,30.0,2.0,2.0
08d042e8a541d58b5b9bf19dac207b67d3f234d77dd1857598c158a98655c3dcbee0ace7a884421b6c6821004a287aab1f62d889be3f922dbadc3a981a0f0df8,RAIN,DAYLIGHT,OTHER,IMPROPER TURNING/NO SIGNAL,2.0,61.5,2.0,2.0
08d0430f493d8da4a75d4558b747f919bb14c7492f5eab83655f76325e00067255a2f62d7a46756a4255f9e7a23adbb4ea8233b54c9be743ca9de37dbf76f566,CLEAR,DAYLIGHT,DRY,DISTRACTION - FROM INSIDE VEHICLE,3.0,28.333333333333332,3.0,3.0
08d07c908f266d3e6fe175a8fe88905190b939185636852eb56db075c3d61c50eaf71da3bf44777254092172915a7f8f7100225329704263f7fd29c49241a968,RAIN,"DARKNESS, LIGHTED ROAD",WET,DRIVING SKILLS/KNOWLEDGE/EXPERIENCE,2.0,23.666666666666668,3.0,3.0
08d0bea0c5e3153adaf0857d4f68d7e97103f82f51f096fe2b31f59a2c0f7538133d3ba869fa42151ca0973886c7b12f067d914df99bf50775d9565fd502e292,CLEAR,"DARKNESS, LIGHTED ROAD",DRY,IMPROPER LANE USAGE,5.0,26.0,1.0,1.0
08d0c782be8cf7ae6d3157ad5a9017c01eea094d9d74415eaa1c9aa417d1373ce7ce801df3108a86ef60415aec1b8f33da0fffd41597b97c334d96704b515fc3,CLOUDY/OVERCAST,"DARKNESS, LIGHTED ROAD",DRY,FOLLOWING TOO CLOSELY,2.0,43.333333333333336,3.0,3.0
08d0dfd6a83061b4377f8b6a22fba41ffe4c5158c44b099df018abf022c3cfad9f13afd400ce14a7b4918b6c316f1a17e4602d1e1e0f420352ff7b7759ea2196,CLEAR,DAYLIGHT,SNOW OR SLUSH,IMPROPER BACKING,2.0,33.0,2.0,2.0
08d0e1d3d311c35965412f50acbd6e11993789758013bc5f778b4c9ae9f4d6453308cdb292fce964ddfd754d9669993f280e91b58c315d53c5518d8afac3c59e,CLEAR,"DARKNESS, LIGHTED ROAD",DRY,FOLLOWING TOO CLOSELY,2.0,40.0,3.0,3.0
08d0e224ae1d1cd1307a5f7f254622a827cf72db7c30e3fba13ad3d73dac9cd3f8bded0c6ec69012e02919e77f925f2d5155cc875537d3c078eb1d4cbe4f7826,CLEAR,DAYLIGHT,DRY,IMPROPER LANE USAGE,2.0,55.0,2.0,2.0
08d11d969d680fbc1e0ba710ef920c96f9a6ac142bc136e889f8a7c8417275f3c30d9a1b3a3e7f7c704a47488852acf89822b6c0d2990bd6cf8b7cb0eaf5c6a4,CLEAR,DAYLIGHT,DRY,FAILING TO YIELD RIGHT-OF-WAY,2.0,21.666666666666668,3.0,3.0
08d122b5743fd532b80f52ad01127781c70cd4fd5cc3f2c43f918b667547d0ce6f6d1be55824ff603d15426a631f31635e4878c91e75b22d6f0f909c0c4332db,CLEAR,DAYLIGHT,DRY,IMPROPER LANE USAGE,2.0,23.75,4.0,4.0
08d125766cac2ca8050bc924f0ae44cf54d332983f2f349318fac0bff4e61280d6e82a25edd8f2ba52d7cacfc938c23964b257abd43d56e1c1ce630bcae0595f,RAIN,DAYLIGHT,WET,FOLLOWING TOO CLOSELY,2.0,50.0,2.0,2.0
08d1328157b746aff6b9cc6ecb86dd18f67398e1c5929b22fdedd59e9a0605b404f01867412461ecdeada538cd36cb3aefbc3c5d92640835958143c99140ffef,CLEAR,DAYLIGHT,UNKNOWN,IMPROPER OVERTAKING/PASSING,2.0,39.0,2.0,2.0
08d14ac471c4289f6e6960bc19a32c617f815b3267644b8787e955e036a94d24dfe54b5643cf7f3e2ef2186b07f67a1eecb174d3f1667904c564926f26fa500f,CLEAR,DAYLIGHT,DRY,FOLLOWING TOO CLOSELY,2.0,41.5,2.0,2.0
08d15243980c61a182711975da63752988b806fdec35dbc4d2663d91286bb4f3696b2985e84ac851e7d807264ec4107302676ab0ebde83a7d356da082a802189,CLEAR,"DARKNESS, LIGHTED ROAD",DRY,FOLLOWING TOO CLOSELY,2.0,36.5,2.0,2.0
08d19e062098a4369b2b1a7883bef081f102ccddf8cda276057731daa0325f2042c84685f978adad1a77dcfbf77be3dbb3c39e74db0daa641ecd011ed2b9216d,CLEAR,DAYLIGHT,DRY,IMPROPER OVERTAKING/PASSING,2.0,46.5,2.0,2.0
08d1c5d563476b616b4f42457dda4aa96f3c3eee7e92e23b4a5bfb0624f5564f56cb3abb71cc0387a8317a983a9058de0526f378247e687f1e21a1cd8b6ca6e4,CLEAR,DAYLIGHT,DRY,FAILING TO YIELD RIGHT-OF-WAY,2.0,48.0,2.0,2.0
08d1c82da9f7617749ffada4efbae0baafba0b958dcee1baa7d07d70c049a14c98f1a7261ff2b81a64de421542a26b7bd3a86967ffaf118dcb88adf4d56a702f,CLEAR,DAYLIGHT,DRY,CELL PHONE USE OTHER THAN TEXTING,2.0,22.0,2.0,2.0
08d1da2c06e717aad75e67579473a8c291e97098dc8569a2f53395a8ccedbec456cdbfb33f3f8b4b561f3e5b3957807db41e6632cdafd561cb518ea40fb2d58e,CLEAR,DAYLIGHT,DRY,DISREGARDING TRAFFIC SIGNALS,2.0,32.5,2.0,2.0
08d1df1007765334ca270a0d7a24f557648a40902c4e52f89d3f88ea59ef3433ceacad494855f7c72b03a5aa0edd1f89507d9ac33225e35d63df551a08a9b4f7,OTHER,DUSK,SNOW OR SLUSH,WEATHER,3.0,48.333333333333336,3.0,3.0
08d1f1c56e9a3c13a6e30792b32e7c651190cf441b62f80d0e8fb113b13a9ce6f864d9fc97b19977e2c387b70d7e1e40b04604421bcee008391b8ab04fa18ec3,CLEAR,DAYLIGHT,DRY,IMPROPER BACKING,2.0,32.0,2.0,2.0
08d2669b2a913f8d18d21483773f0b009c78d29aadc3889179046b23ffbfccc15affe158d19d5f0af43cb7b559c9c340610038863519eb9254a0f11667f40c21,CLEAR,DAYLIGHT,DRY,FOLLOWING TOO CLOSELY,3.0,39.5,3.0,3.0
08d2af2d2bf9fcb631d65d614fd49a7ac1efb2903a879b239d80b1e010d3f7168d0c2bc9aa107f02dc89918302420f48a4537f8ce4f0bde7503b4d33b6aa5b9c,CLEAR,DAYLIGHT,DRY,FAILING TO YIELD RIGHT-OF-WAY,1.0,37.5,2.0,2.0
08d2af6379a2dcbd7a463c2648790d3dd00544dc443a600a0bdf869c59f1776b615956165d1dbc9ae703ff0b9bcda549ae50f086a9dcf91baa0c397e61712be4,CLEAR,DAYLIGHT,DRY,IMPROPER TURNING/NO SIGNAL,2.0,43.857142857142854,8.0,8.0
08d2b20b6d6721c75c2bd3f4038e8ff494c77cc4b0b97b0c09a89cd2526e277f99f4f4e81841aea20dced65422183a3583330a7156d0db3bd8feed24baba889c,CLEAR,"DARKNESS, LIGHTED ROAD",DRY,UNDER THE INFLUENCE OF ALCOHOL/DRUGS (USE WHEN ARREST IS EFFECTED),1.0,37.0,1.0,1.0
08d2dbfec8545dfcc2c5755457140cb0d28a353650bc2f486bb0827621eaa587be79d8ccd71f1c999f52d8de12d3acc3fd40dc95fdfb840f2b0f35496b1e7a7d,CLEAR,DAYLIGHT,DRY,FAILING TO YIELD RIGHT-OF-WAY,2.0,33.666666666666664,3.0,3.0
08d2e7f8139a66f38d180b8a8b2187efaf933fa8a4f73ffa63188109c92d8b1363956259a9ec33ff9c703b315922967df29424e8440b69f35e475d64be73f0e2,CLEAR,DUSK,DRY,TURNING RIGHT ON RED,3.0,37.5,4.0,4.0
08d2fec72cc0463b7370695122da17c8ff8eb92cc5f7367ec0cc4d5d62b11a04527062d4ec1ec2c4fbc1433facb7d770c7ed08bb0f9c393ed1ff638ca6c1f32d,CLEAR,"DARKNESS, LIGHTED ROAD",DRY,"EVASIVE ACTION DUE TO ANIMAL, OBJECT, NONMOTORIST",2.0,31.0,1.0,1.0
08d31c3f1cd4084627e3ec6d21971f1436681d163aa70f2b19f6013b8249d943ae14e7664e4fa74b040094e59c71127321076d511870c17efa16ce3f16cf95df,CLEAR,"DARKNESS, LIGHTED ROAD",DRY,UNDER THE INFLUENCE OF ALCOHOL/DRUGS (USE WHEN ARREST IS EFFECTED),1.0,26.0,1.0,1.0
08d32c2e67169cf341e182846038b40defd11e509802397a13512e1907ac862801a6560be0cd7f2c97f8b126ed75eebd41d3a6e3ada3b5ad5ed3bf39339a8c2c,CLEAR,DARKNESS,DRY,IMPROPER OVERTAKING/PASSING,2.0,21.0,1.0,1.0
08d352669f51afcf175789199f05e6910f1be41d0a2344dbe53a9215c85e2f91ebfbfe59499ca9dde609875f50cd437793dd2a34d9365e856e85d196510c9f93,CLEAR,"DARKNESS, LIGHTED ROAD",DRY,IMPROPER OVERTAKING/PASSING,2.0,40.0,2.0,2.0
08d35df468eb41e63a2ceef4c0ed73ff9b2567f8135891f3942a09f5bc763ee4cd43ad76a2171b19dff5e28cd24663e806876cbcb90b0d6aa479faee101db912,RAIN,DAYLIGHT,WET,FAILING TO YIELD RIGHT-OF-WAY,2.0,51.666666666666664,3.0,3.0
08d373dd49742a8455703c75a58ecf87f5fa818504ef35790897ec77478f71792bfadf73ca73ac130e65131876bef808ac7980b02799063f17ab90ba7069fb3a,CLEAR,DAYLIGHT,DRY,IMPROPER BACKING,3.0,0.0,1.0,1.0
08d3b25aa2fcdaba84021e8066fb96f78ebab779b64d3f2de0690f8091c4aa83e8f2e11089937e9768113079301ccc793cec893a7f25162a3a12bb7c5d5483dc,CLEAR,"DARKNESS, LIGHTED ROAD",UNKNOWN,FAILING TO YIELD RIGHT-OF-WAY,2.0,35.0,3.0,3.0
08d3b971cb61064a0019604ee88c5030972516907cdcfa5e338b577449c789ee7c23182ef10b1c2661d445dc29e31edfdb7f3236fdd8eb1ed14ae2f189280ff6,CLEAR,DAYLIGHT,DRY,IMPROPER OVERTAKING/PASSING,2.0,25.5,2.0,2.0
08d3bc0bffd2c066dc8c7ab819dd7edc9a6b87934ee17c45e5871bf609e13b628df04e4cbf7a2266102062984a8baf41c0e535de65e1d836615289592f5b9d1e,CLEAR,DAYLIGHT,DRY,FAILING TO YIELD RIGHT-OF-WAY,2.0,34.5,2.0,2.0
08d3c3f18313dadaf52a248296a862cf52bd4f4092d420217869d7814e82caf069a9d2a43fa96c1b9edb6acb187d710c7955f5fb6df0ebcef0c0547d0ce23707,CLEAR,"DARKNESS, LIGHTED ROAD",DRY,FAILING TO REDUCE SPEED TO AVOID CRASH,1.0,25.5,2.0,2.0
08d3c9787287254813ae627d3af7ab9f0bef831443ec928280caf7151bcd4775cd43f615ea816e7db8c202eb2e30fa2eee2542a1c3ac45991f4843598f438379,CLEAR,DAYLIGHT,DRY,DISREGARDING TRAFFIC SIGNALS,2.0,49.333333333333336,4.0,4.0
08d3da4e063f4c681e0312f30701cfc0ad751df9082636327ff53603f9de87d5d3c0eb25b851170b3d7f95cd5867f1bb4dc9a05389ae87d2f0c0d0b11a295477,CLOUDY/OVERCAST,DAYLIGHT,DRY,DRIVING SKILLS/KNOWLEDGE/EXPERIENCE,2.0,17.0,2.0,2.0
08d3e7d0967657cff8f82d47b81d092a2b1be8668eba842198988c52cb9677e84b750dcbda0dc79240a5518fb156d6a443182e1c538ab355a7b34bf286df5d22,RAIN,DAYLIGHT,WET,DISREGARDING STOP SIGN,2.0,31.0,2.0,2.0
08d3f53f3346af1711de31c29d732d1336483f5a992036c2d4aac8acb782d61c210a667b76b51d43dd4b8d2c8bdd569e5908753a5d1bdd09e25d485e31ee054b,CLEAR,DAYLIGHT,DRY,IMPROPER BACKING,2.0,37.5,1.0,1.0
08d3fba57be9479deda11db8920cedf170870f7255b180af04bd2ee4883e96a152ba1e294148a6a7fc49554759f2c5d44321814f9983feb95d21afe0d2f3f346,RAIN,DAYLIGHT,WET,"OPERATING VEHICLE IN ERRATIC, RECKLESS, CARELESS, NEGLIGENT OR AGGRESSIVE MANNER",2.0,37.5,2.0,2.0
08d426392f292242e17cd26a58813e0a79331a23672f41c12576d7cf6e423bdea055ecc83b6f02948f88bd525f062a53651c9b41bcf7a6967e9aa8b0a2c1933d,CLEAR,DAYLIGHT,DRY,DRIVING SKILLS/KNOWLEDGE/EXPERIENCE,3.0,32.0,6.0,6.0
08d45793e08fc0d51c042dd4760b14c2f9e83309fe1b758fd6c18d4aaaa76755bd1fd6d92d0547607f0015142387362b14e735129cae17e0d774f2bdd9ffc529,CLEAR,DAYLIGHT,DRY,"VISION OBSCURED (SIGNS, TREE LIMBS, BUILDINGS, ETC.)",1.0,33.0,2.0,2.0
08d4602364e70d3b5868d03d5f10d53dae3b43fdc00eed2a2f5aff5a34cfdab8610058b7715d5e9639688371fdf401090941888d91fddb9cd58f8bbc2d88ee20,CLEAR,DAYLIGHT,DRY,FOLLOWING TOO CLOSELY,2.0,45.0,2.0,2.0
08d472f6eb8b08fa2c42cd361933d89eb5afb052da6ee612f768f10b7057c6ac1f8b3da5d7de6016bdb0c92cac418a4342bda30ae6f265a9c77adbb18e67343d,CLEAR,DARKNESS,DRY,IMPROPER TURNING/NO SIGNAL,2.0,40.5,2.0,2.0
08d4cbd80394b7d4bddbd5b887163efa272c93b616c116b90c6c4420d298934ddfa79831de0125253c43615ca72a76848179d32a60d7d7ab94bfd4b7a3b5083a,CLEAR,DAYLIGHT,DRY,FAILING TO YIELD RIGHT-OF-WAY,2.0,21.0,3.0,3.0
08d4d75af2f640a1d3d0e0b3b10ea24c7e2aa93ce7041e4cb1baa8edc3a138ab58c8c83898ec39a49748fcc97f7bdd5a400312a5fa256f0bfd21140be0f54aa7,CLEAR,"DARKNESS, LIGHTED ROAD",DRY,IMPROPER OVERTAKING/PASSING,2.0,34.0,2.0,2.0
08d521f27263ae6ac018969d59623aeffbc37034246c2d764c8f80a4a2fe3a81d6cb6b4662bedcc6db26b424626f7932ba22b43aec35a466507b6276fa0e4adb,CLEAR,DAYLIGHT,DRY,IMPROPER OVERTAKING/PASSING,2.0,51.5,2.0,2.0
08d57013bc6715eeb54e20ed4f01d7770032702849dd183a4a62de928163d1d38797dee9cf3a6e8cc9bdf4d2791e72207680d82a125f7203ada90e1ea8d4578f,CLEAR,"DARKNESS, LIGHTED ROAD",DRY,FOLLOWING TOO CLOSELY,2.0,28.0,2.0,2.0
08d5997da06649b2a965f0857fc7da9801111c2e6149e5f769ed8ea2d0a08d7d70db9ecdf2e1248174c8995ce2d6fef977e67934a216269d7efedb4e4e51372a,RAIN,"DARKNESS, LIGHTED ROAD",WET,FAILING TO YIELD RIGHT-OF-WAY,4.0,37.0,8.0,8.0
08d5a21b77d0a7996a97ebe24a9ff27f09244e42a6ea107cbbefabe10ee8921950b301b84ef9f1a548b90a106e299b8639445ecb8df1ee5163cc53ee7e0b8c87,CLEAR,"DARKNESS, LIGHTED ROAD",DRY,EQUIPMENT - VEHICLE CONDITION,1.0,26.0,1.0,1.0
08d5c3471d61ea4bce53c5721be4908a0ee3beb9d79d147873141efa04b58028181eb92b64d9bb63d6c247f95d4bfbb9efa3938abf7951682ab56f9a26cc05e0,CLEAR,DAYLIGHT,DRY,IMPROPER OVERTAKING/PASSING,2.0,17.333333333333332,3.0,3.0