crash_record_id,weather_condition,lighting_condition,roadway_surface_cond,prim_contributory_cause,total_vehicles,avg_driver_age,total_people,total_injured
08d5c8fb521dfd047eb92fbd07e775cae870ea461762082e8f61999dc0c6ceba894314e0e8b393da41f493245a969665032cfdf6cc5c788fda4b5be42f1bad99,CLEAR,DAYLIGHT,DRY,IMPROPER TURNING/NO SIGNAL,2.0,27.4,5.0,5.0
08d5ff37c12e1a45efcd6a2d69810f966c48b58305e195daf61be271cf057b65958cd96bd9f19aef1f2a45794d9fad4ae09858b9f795993557ef0c7c02f4c5b6,CLEAR,"DARKNESS, LIGHTED ROAD",DRY,FOLLOWING TOO CLOSELY,2.0,27.666666666666668,3.0,3.0
08d6010457b96cf2e4846d7ce212238c2d96ea4d9491c475415227e63138f262a7d6541b17b1e4d335efc20be98c0452b5d83c18d3b2589d87896b349bb4071e,CLEAR,"DARKNESS, LIGHTED ROAD",DRY,FAILING TO YIELD RIGHT-OF-WAY,2.0,21.857142857142858,7.0,7.0
08d601252b4bd8788781c69b41d1b8643cef027d60fb72e272f167d07e692dd3fbd22d7d6017b035d908a34c8a84391b1601b043c9febf2b9f39e59292137360,CLEAR,DAYLIGHT,DRY,FAILING TO YIELD RIGHT-OF-WAY,2.0,46.5,2.0,2.0
08d61233ac283bffe3365c283046967318559bc341dd594c1238eac5e6936bf8a0458df32c937dd7ac90829661bda1766d01de5885d22ceb6c06df291d591153,SNOW,"DARKNESS, LIGHTED ROAD",SNOW OR SLUSH,FAILING TO REDUCE SPEED TO AVOID CRASH,4.0,32.333333333333336,5.0,5.0
08d613ea285911f42fa610cb5d5b520fcf0a27fe553e7f3646b2b8e0c51180e7b171747eaa54a9034b80e73c1dcf364bbc575415efc57b34b1d4faf3192f0af2,CLEAR,DAYLIGHT,DRY,DRIVING SKILLS/KNOWLEDGE/EXPERIENCE,2.0,64.0,2.0,2.0
08d639257a5ddf2405e06351c7221bde84bb35bff7012edbdbc772e84c1cca6a38279b6837e9dd08b3318d1eefa500ac08d5626d1a24a6de0a739a9fc27f638a,CLEAR,"DARKNESS, LIGHTED ROAD",DRY,FAILING TO YIELD RIGHT-OF-WAY,2.0,22.5,3.0,3.0
08d6553c060da826477340087e93e129058d563e55c64e357bf621c76bdfb8d3bb36d25b4d2eb4e13dbe8de145f31a80e02fc52e346e0cfb317d699fd9826caa,CLEAR,"DARKNESS, LIGHTED ROAD",DRY,FAILING TO REDUCE SPEED TO AVOID CRASH,2.0,37.5,1.0,1.0
08d684bbdaf90301331931612ace9b18d323b6e6eb65d7bf1489e1fcb8edc8bded9521a0ce9b8f12ae5fc5412ff6e9e994152e151883377f3cb1017603a4f4d8,CLEAR,DAYLIGHT,DRY,FAILING TO YIELD RIGHT-OF-WAY,2.0,19.0,3.0,3.0
08d6975338548563959234b7c28a86bd3096fa2875f244e40d46cb07ac41c64cd0289f46a5983f61fa00d10c900e880f8ed64e35a1dd2b0a8c554f218c14c6af,CLEAR,DAYLIGHT,DRY,FAILING TO REDUCE SPEED TO AVOID CRASH,2.0,40.0,3.0,3.0
08d698e3a5ed031eba1855bf012930e49af00b181cb2d80868557816ba652938cfaa8f34c90b462378262fdbac303836a33267eddee171db56f411cf2d9fb5c3,CLEAR,DAYLIGHT,DRY,EQUIPMENT - VEHICLE CONDITION,2.0,50.0,2.0,2.0
08d70a48394cc5290737b37ad8b98e01eb21a5d5fb11cd0e9b1f2a745a8cb56449788ef17c68162daeab56b23dce04f35900116fd08bf7c8f697431ce1f7fcf3,CLEAR,"DARKNESS, LIGHTED ROAD",DRY,FOLLOWING TOO CLOSELY,2.0,50.0,2.0,2.0
08d7665a2ce59252b41cf4f8f6d1b40e09dd3f4a08d7ead1bc0901869623620074e34caf922f19630a6670ce528a56033d122f903534c8d6dd80daabbbacbd0f,CLEAR,DAYLIGHT,DRY,FOLLOWING TOO CLOSELY,2.0,61.0,2.0,2.0
08d78615d71429270a9d6cecea9cf9c0b9a23ebd5ede43485adee2eb9d7aabf9bba37f27029cf9b682b793176f7a02f78f764f6a5be25656587c5649e1b69b10,CLEAR,"DARKNESS, LIGHTED ROAD",DRY,DRIVING ON WRONG SIDE/WRONG WAY,2.0,19.5,4.0,4.0
08d79e60437c3121151f490789ab5ff92c9dd1c3992ff62f72cbda1828317913c8b6b228c4a1fc1712d0e621047ac0149a28956048e1177a9a0716762c026a1d,CLEAR,DARKNESS,DRY,IMPROPER BACKING,2.0,53.5,2.0,2.0
08d7a86c5c308a89d47e7734f055953f6966bc95c685ed6762d18aaf31f6fbecb4d83a1fca1159f2429f20f0bce54d1a6cf64b93f8c51d334ef54eb3c6327b9a,CLEAR,DAYLIGHT,DRY,FOLLOWING TOO CLOSELY,2.0,44.0,2.0,2.0
08d7b63cf0c3489ace91f7cd3d3b8306fc18521fb632686a1acdf80184d10b359c5247654db39c68162ac8d91d71224c3dc34959f8ca2371da7d4209ebc67c1c,CLEAR,DAYLIGHT,DRY,DISREGARDING TRAFFIC SIGNALS,2.0,32.0,3.0,3.0
08d7c3a956975ba675d722d943c5d61db0233482fc7293ad6153399b21d187c4a5e3d69f9bbcd4224100a277d2c4a12713fb7a55d959e87ad5c779742485c8fc,CLEAR,DAYLIGHT,DRY,IMPROPER BACKING,2.0,57.0,2.0,2.0
08d7e66ce4ba305394ba2b2a87acba95054c7682df1452cef6b59396b5c52eb870220792a310966241f19756f615243e0e459748b8115382d2e30572871c0585,CLEAR,DAYLIGHT,DRY,DISREGARDING OTHER TRAFFIC SIGNS,2.0,71.0,2.0,2.0
08d7f0884dffd7a9c1201c6de20103a89f7fc63f1bfba17368ccdc9c5e60fcf2bcce2cebf4cc672c9e3fa19785a33f630a5f030aa4899b5e74ab7a0b462327d8,CLEAR,DAYLIGHT,DRY,FOLLOWING TOO CLOSELY,2.0,28.0,2.0,2.0
08d81ba571e949e15eb98c43d7704a7189325f12f1279941fef5a26b08a68d915c4c8c82750c5b8f6eead49f502c8bc661a017946b4a8f49ebfedd0ef7854083,CLEAR,"DARKNESS, LIGHTED ROAD",DRY,IMPROPER TURNING/NO SIGNAL,2.0,49.2,5.0,5.0
08d81e38bccf0c40e71b8dd56f99e545b06bababe6bd32f6add3d78a8a98a88d2aed9bb14af6a814676a6d9bd150861058104df18dc12f0b12e53c7cbb79f672,CLEAR,DAYLIGHT,DRY,FOLLOWING TOO CLOSELY,2.0,40.0,2.0,2.0
08d81ff24f45afbb2b1cd1298f8df2b32e6886fa139f48b11f57bea6c2b6a7814296243ee7356a12c72a9cd59f5d46e4fe40ca265c82da5d25cbae68efe51507,CLEAR,"DARKNESS, LIGHTED ROAD",DRY,IMPROPER TURNING/NO SIGNAL,2.0,41.25,4.0,4.0
08d8290cd39d42eb6b2bffe66ecf0f5b92e85416f341e08a3a5a899c5c54bcd09031e255615cca40db0d141de9d1b4fb31bd21d70e2573c689fa514dbef3a476,SNOW,DAYLIGHT,WET,WEATHER,1.0,53.0,1.0,1.0
08d82b492def0770eeb099f3b67b9b1a45a8fb15ab418b03d53057e3d010769fd175a01d5e2fdb1ed633a9afc3417d8aa36d0f203d155a0f1b36d9875d0f82af,CLEAR,"DARKNESS, LIGHTED ROAD",DRY,IMPROPER OVERTAKING/PASSING,2.0,72.0,2.0,2.0
08d838308e593be7b74938c939a09274d0eef15961e94991f4ef1dd78ffd12a1c888dd56599a410c6ae050edae5e4fc9444428a5ac78aec430434f15bed21d13,CLEAR,DAYLIGHT,DRY,FAILING TO REDUCE SPEED TO AVOID CRASH,2.0,37.0,2.0,2.0
08d84ae2acbc38f35aabdbd98dce63a29fd90233733c4b32981ce94e28fc8435b5dd252846a0a141526220bba360cf4b4b61644ca0285b78157d76faa12234fc,UNKNOWN,DAYLIGHT,UNKNOWN,IMPROPER BACKING,1.0,77.0,1.0,1.0
08d84d6e5d23fcc04504a94bc97bb20258fedf941d1b56f2ca6a3d86fa9bce0dcd0bff6a0d190f26bfc39af1709e83b872dc759a16f7837b1178a7df81bc846d,CLOUDY/OVERCAST,DAYLIGHT,DRY,FOLLOWING TOO CLOSELY,2.0,20.0,3.0,3.0
08d87383a4b4ffba702f79ece7802fe52e51dfe1d1abfaf7fdc4ce3010953d411568402c4d9fa28407e85aa8db2b3f99b71c356e2c68fc6d37686b2a6491549b,CLEAR,DAYLIGHT,WET,FAILING TO YIELD RIGHT-OF-WAY,2.0,39.666666666666664,3.0,3.0
08d8b1046173958775a6e02a71379f83c8cd44a2d6601282f2d5031faf85acd199a187c9b7bd5ad690ae79caedd21080e54ab6091e8f396c9c09196298fccf91,CLEAR,DAYLIGHT,DRY,"OPERATING VEHICLE IN ERRATIC, RECKLESS, CARELESS, NEGLIGENT OR AGGRESSIVE MANNER",2.0,32.0,1.0,1.0
08d8c219fab157b72e0438f67dd86e069185af0f69da1a64763cfa1caa267acc3b1acce9261bfb0e4ab24b8f58abaa759ac0dbf64b9753602561c63849e33d96,CLEAR,DAYLIGHT,DRY,IMPROPER OVERTAKING/PASSING,2.0,37.5,1.0,1.0
08d8f26236bd3e0cd849e02160267a4948652aaa1cbe7f64be5a48a50481c3a077bc76da54bdb360baa9c82ded06cfd2399fbc446da713403290b2ce1764b1a7,OTHER,"DARKNESS, LIGHTED ROAD",DRY,FAILING TO REDUCE SPEED TO AVOID CRASH,1.0,47.0,1.0,1.0
08d8f640d0e990cc19b2333cf18a90f1c69c253c47bef89ab15b8af5def89af1f8b9b16cf6a26a530b3b4f314d9c42be0fc8467fd6d9aa1b039b4be59402ba71,RAIN,DAYLIGHT,WET,FOLLOWING TOO CLOSELY,2.0,37.5,2.0,2.0
08d8f8703be943b1911ffffba614f1a2d463f29690473a35e7a9d0ab9f31033b2863c30915be5579dd8e67a6e8052185b9f40761cd19edbc77242a046e7f6d4f,CLEAR,"DARKNESS, LIGHTED ROAD",DRY,FOLLOWING TOO CLOSELY,2.0,32.0,3.0,3.0
08d91071e4ebf561ed9beabc6df21f68b1abc11093d3571ef76475b2fa4b6e2f00f70402b3b761b83d7a00e7490a60d5c21be15022e439a2b03b09856322784b,FREEZING RAIN/DRIZZLE,DAYLIGHT,WET,FAILING TO YIELD RIGHT-OF-WAY,2.0,32.0,2.0,2.0
08d92a91fcd8061cc354cdb381cb6e4ecb3083c0d027eddc70d2346246f81944304f68f6e5f85ba7f706423c7d0746124759b20878de3fc43f89a768f8677e64,CLEAR,DAYLIGHT,DRY,FAILING TO YIELD RIGHT-OF-WAY,2.0,26.0,3.0,3.0
08d953fa3b2c7e2eaa12defce8e3d008b6b2d065a6e68ab97e4364c8e3dcf23d5d90d8ffa848f529f6145d0377d13410f62941c36a96ca87bc38b8a4d0747d50,CLEAR,DAYLIGHT,DRY,FAILING TO YIELD RIGHT-OF-WAY,2.0,49.5,2.0,2.0
08d967f9bcb741498310103a65d68949b56b98b7953d7dbb9b63bd4c1318dc82b15c1f956fadeb0db3441cbbd410c080b89d95c097bd8d1a69d3db9b7898193f,CLEAR,"DARKNESS, LIGHTED ROAD",DRY,DISREGARDING TRAFFIC SIGNALS,2.0,54.0,2.0,2.0
08d9718cdb9115bc8236f56c679b078e2f139ae243a07dceaeb7d7890510d91e6cd464f5fad5196fe05c85a06d81c291e56e8a33665dac10bc13cb228e2da936,CLEAR,DAYLIGHT,UNKNOWN,DISREGARDING STOP SIGN,2.0,37.5,2.0,2.0
08da05b93413a3eeb425a60fc53176b21aaca2a4319f2028cdf0ebc4e84a7ef57649d1fba7df7d43e512b37d75b58423a6757bb4979b8af4405a7691dda32fe9,CLEAR,DAYLIGHT,DRY,IMPROPER OVERTAKING/PASSING,2.0,53.0,2.0,2.0
08da42637013350ec8d52d3ea5c118b213b41a3558bfd5995e0a6100c6a6fe33419d30773c0c19bee8a493f92ffbec3372fb9b50364fb138f9eb49a1a7238596,CLEAR,"DARKNESS, LIGHTED ROAD",DRY,FOLLOWING TOO CLOSELY,2.0,38.0,3.0,3.0
08da62f446bdf8c9afe63e8d0d5f2c2666fac16e3f4ae8a9f92250d87fa8a3843231b6b8d50404fabc38296d26884af096de9883bab8816800fddbe020d9d49b,CLEAR,DAYLIGHT,DRY,IMPROPER OVERTAKING/PASSING,2.0,27.0,3.0,3.0
08da70dd6403d12da9e045033fe7266e00f4d82357ed81db2fd8a16693de8604e20ab9ff7c328e0c3f3a48cddc25773441455676a22fbaa12339a3b317cd7a05,CLEAR,DAYLIGHT,DRY,IMPROPER TURNING/NO SIGNAL,2.0,56.0,2.0,2.0
08da954cfaf392506f37c0e8a870689874aa1dbc9ab3018b21f4ac2883e9ccd4bfca57a0e0fa6098daee7b72e895ba6b41e620d0b23bce2d1eec9c2c1ced6838,RAIN,DAYLIGHT,WET,FOLLOWING TOO CLOSELY,2.0,37.5,1.0,1.0
08daa84cc82c90e1bfe7625ffba7d3875f0bdf0dbed08948f0451555d0991e3ad220147a82515ada0bbe7a8c27ba4ef711d24744b4b4158441a4b1112ca1582c,CLEAR,"DARKNESS, LIGHTED ROAD",DRY,FAILING TO YIELD RIGHT-OF-WAY,4.0,32.0,2.0,2.0
08dacd35cffe92b8bf7a7e43b38e1a32390bea9e1174b8feb87109fa28f32ecfdd54c709395f039a2acac3942c7b1ff28ebb64bae236e4992fa82cafb46cc929,CLEAR,DAYLIGHT,DRY,FAILING TO YIELD RIGHT-OF-WAY,2.0,82.0,4.0,4.0
08daeb296a739d0a76a31c234938f97749c5e2430a2fea19549400a7e59ecd97ae9a6e3a4b0351a152fbe67a434ec44185c65f6f2e8e7f0380490e128f4b6f42,CLEAR,DAYLIGHT,DRY,"OPERATING VEHICLE IN ERRATIC, RECKLESS, CARELESS, NEGLIGENT OR AGGRESSIVE MANNER",1.0,37.5,1.0,1.0
08daf25c9dfffa344017a3eee2aaab1466be3b3f5ddc99e5bfae2ca5cb6320013cf95d386146e15f82988c5de8f71a246162bda9db0eca727ba761427ba248ad,RAIN,"DARKNESS, LIGHTED ROAD",WET,FAILING TO REDUCE SPEED TO AVOID CRASH,2.0,38.0,3.0,3.0
08dafe591024312909f9969a8b5f6648b1285ce0115856e2d2b336873b000f487d4ac4142075ec6977c9e880f76aafc325e465f9721212e43dc193ca24f6e2fd,CLEAR,DAYLIGHT,DRY,IMPROPER BACKING,2.0,49.0,4.0,4.0
08db00297212ba2c18e3ed1061585ab8a7d6b032b8a1599464bf224e35fa6dbc972c22d90293843c4cce6cb78878ab4b31f7ef1b51c4c1778c3d632b68b16259,CLEAR,"DARKNESS, LIGHTED ROAD",DRY,IMPROPER LANE USAGE,2.0,37.5,1.0,1.0
08db13248ba9c3ac8dc9f64488cb8fb57b035c401a6bbf49b28ee35f70c3b271e80cba83472e2528703180732401993179720fcf731e5733bf1779ef00130877,CLEAR,DAYLIGHT,DRY,ROAD CONSTRUCTION/MAINTENANCE,1.0,37.0,1.0,1.0
08db628223ef6e89cc4a12ad9a1c0ef453e54c5737738b17e67771ba9e2d9c04fd8a546078057cfc413e5173d3c66cdeedd766995d067fbc578b862d9d1b665f,CLEAR,DAYLIGHT,DRY,FOLLOWING TOO CLOSELY,2.0,50.0,2.0,2.0
08db6396703286bf1048c1785afb92a8b25226ae6759340c982665b1b59303d9e57b2a82e29c19fa0aa360fe9c91a41f5306dd413e6f11f495a29a5c9bfb1aa8,CLEAR,DAYLIGHT,DRY,PHYSICAL CONDITION OF DRIVER,2.0,21.333333333333332,3.0,3.0
08dbc6288c02a13f1c3549263a62d13eab1d55cc3534f4800e200b4d91dc45abcc4ac4fdb5b4f5da0581998484a299358b5c7f62faeebce39e5641583102d904,CLEAR,"DARKNESS, LIGHTED ROAD",DRY,FAILING TO REDUCE SPEED TO AVOID CRASH,2.0,25.0,1.0,1.0
08dbca1935394e37f60708cdb63b648794ff1af2a182b10ca35a78d7f9c1e9091733a8701db5c0c8e4dfbeb063ac619e2421371b73edf7a8e007bf10533cb388,CLEAR,DARKNESS,DRY,IMPROPER LANE USAGE,5.0,28.857142857142858,7.0,7.0
08dbd937316f5827916a18294e5ab06301150d847f04275cee813ec4786c0b35d9298b2c81c426fb9c1ec6a1a792d797b027b64df4aeae00efd4d6faec7cd872,CLEAR,DAYLIGHT,DRY,FAILING TO REDUCE SPEED TO AVOID CRASH,2.0,47.0,5.0,5.0
08dbed98dca191865e3091b81f528693f7fd28b49f88ea814c8dcf067660020bec4e6c50003e417ba885f79c8bae696b0b5f4075e3698c23809a89db10fe591d,CLEAR,DAYLIGHT,DRY,IMPROPER TURNING/NO SIGNAL,2.0,30.333333333333332,3.0,3.0
08dbef884e74984c1cc2de35f93a73ef52a038c243abeab133211b2740cb285bd82ede74558378565e352ca1ddef1518bf20aa9ea2330e868853c03d06affa6c,SNOW,DAYLIGHT,SNOW OR SLUSH,FOLLOWING TOO CLOSELY,2.0,18.0,9.0,9.0
08dc0d060db0a60464829d5488f84d5c9cf29120701ddcbac2a9405527d5411be48f3706c111ca95ab9108d9e248f4ccb8bf11a93220e5c0be3eac580bc19e47,CLEAR,DAYLIGHT,DRY,FOLLOWING TOO CLOSELY,2.0,27.0,2.0,2.0
08dc14057dd3f39e7d434187b2aab02b98da7eb2bdb290b69e8aab4804e18c3139f9aa2047055b2c131a5802342b7f17d33165547bda7886c9dfbf3c90b22ed2,CLEAR,"DARKNESS, LIGHTED ROAD",DRY,FOLLOWING TOO CLOSELY,2.0,35.5,2.0,2.0
08dc1fc44df5251f12fca4d807ae703f9bb932c588bdf342f2b4c10d390b2e6aa4af671eeee09111303402e2952bd9646cc55a8ce07803a333c6b2153333faa7,CLEAR,DAYLIGHT,DRY,FOLLOWING TOO CLOSELY,2.0,37.5,2.0,2.0
08dc27902cc648ddbf016781179a2d7cc07ca69a13fa287f29a6eba1fd329f53e0aad1170e0db25e368c7b6575ac42acebd46849cddf359d4a06339e00438072,CLEAR,DAYLIGHT,DRY,IMPROPER BACKING,2.0,49.0,1.0,1.0
08dc338c8051f158f783e4ea49fff0c7844ca4de9463e4c8a4827a361d537249fa948eec68c1f7fa88d2a42d8e6e4d53212a58dc9d5191b357702333784a2bc1,CLEAR,DAYLIGHT,WET,DISTRACTION - FROM INSIDE VEHICLE,2.0,58.5,2.0,2.0
08dc343894c6baf3314063738d259fcb34891d514251551622f7c0e76a0ecd73c51722bb9b85d1b6ed0b3963af5b4e7577a43a99428aed1cb2ebfc83f2bd4d06,CLEAR,DAYLIGHT,DRY,IMPROPER TURNING/NO SIGNAL,2.0,52.0,3.0,3.0
08dc57cf90c08f983f9a23585f7a5be4cd5bbb8bf235bc1e7b78848f97eb23f385a0ad02fa6ecd756b55df2d2ef84d4616c95f432bafefa82630650baba2c02c,CLEAR,"DARKNESS, LIGHTED ROAD",DRY,IMPROPER LANE USAGE,2.0,35.0,2.0,2.0
08dd061164f143881ed4fd4460421798543e0f9046c2b40e74271774f465584717d638b3e734ed3018ee312284643e7edf756def109bcdaa31037590402b85bb,CLEAR,DAYLIGHT,DRY,FAILING TO YIELD RIGHT-OF-WAY,2.0,26.0,1.0,1.0
08dd53c5924ed27d10f84dc15160778ae60c6a15a791e7f12af6043f422a28600b83c43abd23f5b2fa8092bf07bc83f5918d312068912a4782bd34aaa9569b80,CLEAR,DAYLIGHT,DRY,FAILING TO REDUCE SPEED TO AVOID CRASH,3.0,29.5,3.0,3.0
08dd87d14060959eb40165304ba75ab866043f3f1d1d3725128f20bac008aa635a00418d53f28d757d4c84efcbc451b852501bb2d8d0ce7baa4c2918a2fdd069,CLEAR,DAYLIGHT,DRY,FOLLOWING TOO CLOSELY,2.0,40.0,2.0,2.0
08dd9e4cad8da32e283f04929305d87562d35d5ec63d6725838fb2071690ecddc402ca083d71deca8656f2594acd66035638a0a17391630c3a38f27a6ababbee,CLEAR,DAYLIGHT,DRY,FAILING TO YIELD RIGHT-OF-WAY,2.0,30.0,2.0,2.0
08ddb98d249638e031ddac029d437c2be510753cf20fa9c1734f3c06f8d6df73bea52338ceffb0e691673a223c5aae380432ef81dec5ec94b7728a9abc4bff38,CLEAR,DAYLIGHT,DRY,IMPROPER OVERTAKING/PASSING,2.0,55.5,3.0,3.0
08ddc03fe865d9dddff417962618368cabf86331f027bb728ba29683f07dce9344daa535324fb7b71dda05e72608a20fb37e378c338c4f3ccaef10be213c0a86,CLEAR,DAYLIGHT,DRY,FOLLOWING TOO CLOSELY,2.0,51.0,2.0,2.0
08de7cef1702f8b619feb83c928b8e64cf63d8487f175f46690e4bfa2247316c930ee3821c28d1d44b79a6c136752be8cd62b573f987759a4e1a8d5ff20eae8c,RAIN,DAYLIGHT,WET,IMPROPER OVERTAKING/PASSING,2.0,21.0,1.0,1.0
08dea4f133b8d99c5411ffa0dc8b0256d036e67ffb9375158d4f16c48718ff1aa23aa2cbdaaa72e9c1f09e9f4eab9fc6d9114078f73c88b4167da2fa51128dd1,CLEAR,DAYLIGHT,DRY,FAILING TO YIELD RIGHT-OF-WAY,2.0,37.5,2.0,2.0
08dea79cc7a01e5b1b81fb0bea2f19860b09ae26466a78046b8fba1e036138187d686bad81c0e9ec6e605253a37e1630d2122fd5499634cfdcb498725fbeb4bf,CLEAR,"DARKNESS, LIGHTED ROAD",DRY,FAILING TO YIELD RIGHT-OF-WAY,1.0,23.0,2.0,2.0
08decc8740314fa34d85db42011e56906a2bda7d305c068b7d1bcd7a8c4168e249f76c0a6d7db93e3adb72412aee3407e9bfaaec6461f59efa6c3ef3585779ba,UNKNOWN,DAYLIGHT,UNKNOWN,FAILING TO REDUCE SPEED TO AVOID CRASH,2.0,25.5,2.0,2.0
08ded3599bb216f64b7f6cc2d90072e0557b09ff6e9c7737bb6203205a041a36be5af60a1c1dec4b9d6c4085784a27c51e5d26629b0f9b079df5fc25926dc593,CLEAR,"DARKNESS, LIGHTED ROAD",DRY,UNDER THE INFLUENCE OF ALCOHOL/DRUGS (USE WHEN ARREST IS EFFECTED),2.0,49.0,1.0,1.0
08ded5a1cb73905b1888aae356e706e293743cc6644ce42a1419c2f0db54daf096cafde8b721caa470161ed883f4405f4fb6d3c91fead88df871e4394760d152,SNOW,DAYLIGHT,SNOW OR SLUSH,WEATHER,2.0,50.0,3.0,3.0
08ded9e563d5c4bbc5589615f853f549d5f8e1edfd397bf559abaffe250f493cdc0d5fc3f7415b4c269520ee87fe54505c87bf28d12884b2c45368a431707489,CLEAR,DAYLIGHT,DRY,IMPROPER LANE USAGE,2.0,36.5,3.0,3.0
08df067e4b04bbd98a01fe8ed0d48490169783145f7c737ab936eda3f1c6ba8b5ebea1e9416367a555e9571601b229e4e8b12ea0f69724ec2bd3cec839fdf95e,CLEAR,DAYLIGHT,DRY,FOLLOWING TOO CLOSELY,2.0,49.5,2.0,2.0
08df55975c87b034aeea8815914ce705f4c4f4392212915b050a8ef49e41c981c08ca4ecf250ec25936ee42dfda48837b8df85e321a79b0d6c7d3bf628e98e41,CLEAR,DAYLIGHT,DRY,FAILING TO YIELD RIGHT-OF-WAY,2.0,35.0,2.0,2.0
08df5799aadbef972d3a43c895c9058bf6425a9a3bed1a75723ec806d210151c456f54ddee12620b9e2421abb6662260e53f04a6a05ad9dbfc1352dfb4e5b26b,CLEAR,"DARKNESS, LIGHTED ROAD",DRY,FAILING TO YIELD RIGHT-OF-WAY,2.0,43.0,2.0,2.0
08df70ff8c3d5f9ca87166e894195c61605cd42be4d586d8d0e3bf1c8ed9918487f5558ee194a04d9481133ec6187188bb482a41c65949777dbe7347e1e406cc,CLEAR,DAYLIGHT,DRY,DISREGARDING STOP SIGN,2.0,44.5,2.0,2.0
08df71c9c1390ab30c56e73db86cae947de40d7f31a9f278fb6ab7281dbb23e95789a33133a2a706866842fe571fde0403083df5ae997198011edffad61eb468,CLEAR,DAYLIGHT,DRY,FOLLOWING TOO CLOSELY,2.0,27.0,2.0,2.0
08dfbf9d7ebc305fe8102b9c010e9f9c2498e97d3f7d9adb5bcfa2f481c021281c3fad3e367d1e6e6c2ac8a1953f5dbeed9683016907d2805d9bbdfc56d59b1b,CLEAR,DAYLIGHT,DRY,DRIVING SKILLS/KNOWLEDGE/EXPERIENCE,1.0,32.0,4.0,4.0
08dfd053d73a8f220e4cf460c44a2493419ed0d104798b9aae2c50f5f5b69670d743d116dfb0b0d936ccbf96602c2dd38e97b1788c62f13c6302467fb03e2191,CLEAR,"DARKNESS, LIGHTED ROAD",DRY,FAILING TO REDUCE SPEED TO AVOID CRASH,3.0,22.0,2.0,2.0
08dfd4ffa082b2845c5898f3b0d1e1df3d1bebd3c2f41665f0b4f832662cfe5feaf364103fd21b33bc1af8e4fd5c1221bf9f55379bbee9eb9d1edfe5bd10802a,CLEAR,"DARKNESS, LIGHTED ROAD",DRY,IMPROPER OVERTAKING/PASSING,2.0,47.0,2.0,2.0
08e0151769c3e4a9634b0430d8a6a906926ad69ab5b60847ea60850a72a45e6be27cac54290a8c44f32bb104dab13e4a98d780638bfcd90af3f06f5a614d9ed2,UNKNOWN,UNKNOWN,UNKNOWN,IMPROPER OVERTAKING/PASSING,2.0,24.0,2.0,2.0
08e02968e48de303563d1d775f0c049895bae4d1f0f80cfe4cb763cdc30f2dfcda96af14612575cfbf18987df129873e1c87b9f0765ce680c471f523569160fe,CLEAR,DAYLIGHT,DRY,IMPROPER TURNING/NO SIGNAL,2.0,23.0,2.0,2.0
08e030bd36f1849d77b8f3c802c02f9e37d1d9cbabfe005b22b6c72a2f1b0751f137444aef0971e8ae63e729ab8e89fbd7814510f0321695e4e05196f862c20f,CLEAR,DAYLIGHT,DRY,DISTRACTION - FROM INSIDE VEHICLE,2.0,39.0,2.0,2.0
08e037a960829d7865c1a8b195a27e2331abcb07bb7ec730ed70e2ec0e72122b6e028d9c15386b79f3598c6a3f2ca8378be9138c297ad690dcd56607fb340394,RAIN,"DARKNESS, LIGHTED ROAD",WET,DISREGARDING TRAFFIC SIGNALS,1.0,13.0,4.0,4.0
08e03ef595f50cb61c35f883ef36e8014e614c6c6fc3cf0f9582acec51e45307ff2a0e4b9ab15f19a85f0074e30ae9950bb8eaaf58df56ab2b37a462de2e3d05,CLEAR,DAYLIGHT,DRY,FOLLOWING TOO CLOSELY,2.0,58.0,3.0,3.0
08e078ec397263bf7823bfd42a71920f057e056ac093034bab7a6b4ea76fda8c6292df07f2dcb93ca061f1aed3bee3de35b3f1bdab602fe80ca1af617d2eb4c3,CLEAR,DAYLIGHT,DRY,FOLLOWING TOO CLOSELY,2.0,21.0,2.0,2.0
08e0832e889268ba7e4ef5c6e59ea618d7d142f556eaaa8775dd482a1b4af53d46b35aaaaabbcac5bac0518da26726825304a5097a857776322a70d20c03cd50,CLEAR,"DARKNESS, LIGHTED ROAD",DRY,DRIVING SKILLS/KNOWLEDGE/EXPERIENCE,1.0,23.0,2.0,2.0
08e094bb2ab32578e33a4e615b81d30f0ae5d4d81ebc749fa15d7b3e6eb92f10f871218a2333028d0d70fe8844fcf3987188d050d2e252352b8fa83906cf9278,SNOW,DAYLIGHT,SNOW OR SLUSH,FAILING TO YIELD RIGHT-OF-WAY,2.0,40.0,4.0,4.0
08e09a354e2cd879cc527ee58a13bf07b7a063d4b02ee382f1cea334028c09b73640e99bc5703b0e5283b55421b1d2c119aa00be8d1de8e6f1ffa389f91e55d7,RAIN,DAYLIGHT,WET,FOLLOWING TOO CLOSELY,2.0,30.5,2.0,2.0
08e0bd3943061d2632877d51ec6e7e927c84646f3d8a6540e3ce43747e24bac81f6f9169eebedb54fc5707785d851af7fe582ffbba9414fdc4928e8daa29cf19,CLEAR,DAYLIGHT,DRY,WEATHER,2.0,45.5,2.0,2.0