crash_record_id,weather_condition,lighting_condition,roadway_surface_cond,prim_contributory_cause,total_vehicles,avg_driver_age,total_people,total_injured
08e0cef4421941a13ae5ed2dd5f3459410f3b67eb6efeab7a7d4a9c8ccba4c9e2a7828579228ddfbb17293cee982856969f845d1a26d68eeccc087f44987afe7,RAIN,"DARKNESS, LIGHTED ROAD",WET,FAILING TO YIELD RIGHT-OF-WAY,1.0,27.0,2.0,2.0
08e0d4fcc9bb5b5fce999e64548dd734898996f83f30c0a91969079b35f85c114480f86ac6d645066eaa0f6f9a8fbd3d13c74d4fe8d0ea6604c2bd1bbb349907,CLEAR,DAYLIGHT,DRY,FAILING TO YIELD RIGHT-OF-WAY,2.0,37.5,2.0,2.0
08e0dc3c8ab961a46fb54536495a4679ec8e493237eb9346cf71c5094dc1054e3b53baf860b20e6f7917f6b26097b12f7b2ed062ee2bd0efeff7bb78afcd2be1,CLEAR,DARKNESS,DRY,DRIVING SKILLS/KNOWLEDGE/EXPERIENCE,1.0,17.0,1.0,1.0
08e0fb79f010bdd9889bfe54f6d70fde265617bab53d0fd5152d22b4717667bef7bf448f7c9b8f1a4b2bfb247919cd4e2e4174670dfc5abb82bf5161e92d35d1,RAIN,DAYLIGHT,WET,IMPROPER TURNING/NO SIGNAL,1.0,57.333333333333336,3.0,3.0
08e1129e792964673f65f9b599950314717cbff267cf46235e40dccf4ee07db055ebcfab4aa6e4591a39fd7d1f3b2a57d50c62fd70fd358e176cf4a320f9295d,CLEAR,"DARKNESS, LIGHTED ROAD",DRY,IMPROPER TURNING/NO SIGNAL,2.0,31.0,3.0,3.0
08e136a355de1648b2f35692d1664bbc00bb8d928eba859cee890274925569c7ef2c78accd055edbaefda5f7d7d061564cbcb7f8cdca4ca9914f0f192cc5667a,RAIN,DAYLIGHT,WET,DRIVING SKILLS/KNOWLEDGE/EXPERIENCE,2.0,29.0,2.0,2.0
08e1370408908de9a38587333dbba8cc1d785a1147dbd41b3ef9bf504a47992a034a0a7298e3160a22fed84e2b4df8965f374deedc1910c2e9d3e2ff021ad051,CLEAR,DARKNESS,DRY,IMPROPER OVERTAKING/PASSING,2.0,38.5,2.0,2.0
08e13ce72a379a623629bb921b702d11f0908f4383eae25e6d188de4f3c4a8d27c2bf416219f6e8c3631034b7a3fdd6d72a959e4e1f28ea0f2fa65e42a011f69,CLEAR,DAYLIGHT,DRY,IMPROPER BACKING,2.0,37.5,1.0,1.0
08e15049d79bdf27de8af08be2f7a560bd17492148596f0a7a98dbdf4e0ec7b6a53cad9f760440600919db20a42e12fb3c4b120c0ec76918d5a296acc0603752,CLEAR,DAYLIGHT,DRY,EQUIPMENT - VEHICLE CONDITION,3.0,46.5,5.0,5.0
08e151b82cbd66ff6f134c607de4838a6745453f990fa47ac5e832dab2c2ee7633a8535f946f6ac92216d1093d52dd6b6357f54c32a1403afe35df4989019b87,CLEAR,DAYLIGHT,DRY,DRIVING SKILLS/KNOWLEDGE/EXPERIENCE,1.0,23.25,4.0,4.0
08e199ef56b8ff60871f36f64147a0c5d50ae2e7f9e633a3bafd25e3dc972d5df5c2b63cc10650824fd00dcb211e32d5b292aa434e474071ba010995359be261,CLEAR,DAYLIGHT,DRY,FAILING TO YIELD RIGHT-OF-WAY,2.0,21.0,5.0,5.0
08e1db6fe43bf4b3159bffbbc788b98bc2526458d80d088c3d4d7f50c95a6ed29a2024a01ed96f095dbb975237e600dee149b68223e3ce7e6a1c63ba5ae0167a,SNOW,DARKNESS,WET,IMPROPER BACKING,2.0,37.5,2.0,2.0
08e1f67e75f41fbbd5cce55b504737b4ac8e3bdb45f8dfa29a68525a75d11f2489d67ea90194af1cba9f900789191af5dad9092c3542fbaa82af555ab070403d,SNOW,DUSK,SNOW OR SLUSH,FAILING TO YIELD RIGHT-OF-WAY,2.0,19.0,2.0,2.0
08e208351d8b888593f916ee5c7df30c109383a73a8743f5a5ff37dac5347e4cb1668c17cddf6e1a9c0fcf9445f366d5673d546cc434dc12bbcfbfe20cfe948d,CLEAR,DAWN,DRY,FOLLOWING TOO CLOSELY,2.0,31.0,4.0,4.0
08e219e5b56acbdab6b249cc56314f2d1e7ab3559a6c45ad88d7a5ca47925c93f3aff83090f0e294a824ff2aa5b805b90a6192e0260133c1e1e602e1ebf7c35d,CLEAR,"DARKNESS, LIGHTED ROAD",DRY,FAILING TO YIELD RIGHT-OF-WAY,2.0,33.5,2.0,2.0
08e2627656e6e5cbe484516fd59f122af97b9857c370e88cb194064ffbbfe3d14c5ed3e4a80192e46b9e68df45994dd527f92ebd4253fd6cd062d9f95b4860ac,CLEAR,"DARKNESS, LIGHTED ROAD",DRY,FAILING TO REDUCE SPEED TO AVOID CRASH,2.0,37.5,1.0,1.0
08e2681c1763bdae9e2e48c15f8bc7d00da4d5ef320d81b8436cd16e7e47ccaab90a5c8f86729d563a977a999800e37216dcffc30f060d2cac0bb521788fc3e8,CLEAR,DAYLIGHT,DRY,EQUIPMENT - VEHICLE CONDITION,2.0,57.0,2.0,2.0
08e2a317b1ae514a102fd3158f6124083ac588730eac1407d07eec5cbb4ce53ad59e2d332d9ad5e01f79bf6709a7a54d9459da8b6b077c2ee19a5f7cc415a5a9,CLEAR,"DARKNESS, LIGHTED ROAD",DRY,FOLLOWING TOO CLOSELY,1.0,24.0,2.0,2.0
08e2a74e3d6a781415bb55952ba9b3398dc0e3b0d36f14a448b616f0aa066fa67704289ce1d39156a99bc2983e2f05085ae58cbc78790cafbb3e6043d4f0048f,RAIN,"DARKNESS, LIGHTED ROAD",WET,FAILING TO YIELD RIGHT-OF-WAY,2.0,30.0,2.0,2.0
08e2d116b0596f45b0b9ca6ab35bd15d9bb8e197992cacb401386219717ed3632101762add69e368f5f36f0dbbeb2f861b3e7a1ada760b16962423cb5f0f399b,CLEAR,DAYLIGHT,DRY,FAILING TO REDUCE SPEED TO AVOID CRASH,2.0,51.5,3.0,3.0
08e2eec481874c184bc22dd03a102d7c9ac933f283bbf9bf32a4e4cff6bc529888ba3614037080590535fe5a7493e803256ab9cf9f508fa2abced56914a16844,CLOUDY/OVERCAST,DAYLIGHT,WET,FOLLOWING TOO CLOSELY,2.0,26.0,3.0,3.0
08e2fbbb8ff8fe274c58f3a30a4ebc705f976e6c38c9f4088e4ee8c7008bd9fbe93b20becd345ce55f3dd294106dc760eae51f54ac47d170ee62081b2849a596,CLEAR,DAYLIGHT,DRY,DRIVING SKILLS/KNOWLEDGE/EXPERIENCE,2.0,37.5,1.0,1.0
08e35c5522a7243b67612c21f0c7dab5c5df52eb5e9113c2ec3baedf8a73217e97d3fdf82b0a35820c3d688664e9c195fbf6f937faea7c23c50456a4436f39bc,CLEAR,DAYLIGHT,DRY,IMPROPER TURNING/NO SIGNAL,2.0,26.0,2.0,2.0
08e3715a14a39782c5bf49aa7e2b80ed7aaf995174eac878ae7fae46b4ec1e0f801b1cb99ea37f80c178813fc9b4421e72d5cf9b14779c366b3bca69dcf7c25d,CLEAR,DAYLIGHT,DRY,"OPERATING VEHICLE IN ERRATIC, RECKLESS, CARELESS, NEGLIGENT OR AGGRESSIVE MANNER",2.0,20.0,1.0,1.0
08e3c40f4c399cdc7de4c5f9d441b2e61125592356409a1d5439ca661c020fb3b9f41fc8883461532d0a90b7729fa671a3e313ca61bba6585cfb786f59f28826,CLEAR,"DARKNESS, LIGHTED ROAD",DRY,DRIVING SKILLS/KNOWLEDGE/EXPERIENCE,2.0,63.0,2.0,2.0
08e3ca6100c6c0b9c51c1f58bdb457c4d3945991b374524b70e5aacbef67a546b68340720f91045602780e4245fe02eed50e75c28cd1a6671874a9b0d3fc0d13,CLEAR,DAYLIGHT,DRY,DRIVING ON WRONG SIDE/WRONG WAY,2.0,49.0,1.0,1.0
08e3da487d135d9202edddf877e5b50b5e0aa4f24468c431652f596e8a68375f86be5123346e96cb32f66195f76f7c97d55daa63791fe45105931fd4cd88d925,FREEZING RAIN/DRIZZLE,"DARKNESS, LIGHTED ROAD",ICE,WEATHER,2.0,27.0,2.0,2.0
08e3f01d24d7276db07f033914c09a6bb5b04b96b31ed70054f608e90a2d9e8374ca03b158da8862b90cfc6e945466a23e5adca4191e01c6e5b02e1ef4498a7d,CLEAR,DAYLIGHT,DRY,IMPROPER OVERTAKING/PASSING,2.0,26.0,2.0,2.0
08e40067b6125dfd8b5fe93d217fbf8587a5bed8e375427e07b6c91ad2d1d455bdcdbe16898db533c43b7ebd14c4a742af2b06038c372f28af19309d241646d5,CLEAR,"DARKNESS, LIGHTED ROAD",DRY,FAILING TO REDUCE SPEED TO AVOID CRASH,2.0,29.0,2.0,2.0
08e40ae9e3b38ab229b30766ce46c8890fc5f90fe34edce8cf88b0b0a1e169eeaf7f3018a1e7a00353078d2057dcb8602fcfcb2a5b456ae29025f18147793559,UNKNOWN,UNKNOWN,UNKNOWN,"OPERATING VEHICLE IN ERRATIC, RECKLESS, CARELESS, NEGLIGENT OR AGGRESSIVE MANNER",2.0,37.5,1.0,1.0
08e44f0a4d952f12cfb1b67405c7edf834ce9ee63dd866c77702e9b93275aa0ed7f44b8f8a3f36b8efb4b593d3c50455cae7f31f257ff28575aa04016c209d70,CLOUDY/OVERCAST,"DARKNESS, LIGHTED ROAD",DRY,FOLLOWING TOO CLOSELY,2.0,37.5,1.0,1.0
08e46732aed7b477648a0b75e018e9cfdfd407098eee4b91fc4af15bf3dea079d0ab02212a3dce653892170c56d87ab93a5be69524a19455524b7a0889e28013,CLEAR,"DARKNESS, LIGHTED ROAD",DRY,DRIVING SKILLS/KNOWLEDGE/EXPERIENCE,2.0,26.5,2.0,2.0
08e4960ec978f3fbef25a1561e7d228cda66d67829fd95e171500a20333611e67d73eb2065dd4e6b8d8fcac0b16b2a57e830f7c6691be37b6784ccc387cbaaf1,CLEAR,DAWN,DRY,FOLLOWING TOO CLOSELY,2.0,25.0,2.0,2.0
08e49cdda173f725062ba86efc988a197a3ceaf741ce7490e298dc0580d2d83f057c966531505e2ba15c236015de022c9c85d197069a13037d1409ca802e7c38,CLEAR,DAYLIGHT,DRY,FAILING TO REDUCE SPEED TO AVOID CRASH,4.0,22.0,2.0,2.0
08e4b18a4afe0abe61e47c88d1c56330b9878653f468cccfdf16b80fb606bfac7a3a5ccf7f338d1a0971be675c0832005ac6ad9ceb90120b32c2775e36209a62,CLEAR,DAYLIGHT,WET,IMPROPER OVERTAKING/PASSING,2.0,52.5,3.0,3.0
08e4be141be1589a79b8d71e41645ccf36ec4687e1843bb131dfde9727cffcd67111b4ab3f9da0910ee4d1e258e598a3b0b48002466c3079d44b132f5daba1a6,CLEAR,DAYLIGHT,DRY,DISREGARDING TRAFFIC SIGNALS,2.0,26.666666666666668,3.0,3.0
08e4c0e2e8ac42cca19c902cb931ecdcfca45c33da0bf4ba7c71c008e7c937a02b54395d94d6d26ecd14a20d824b483ef1bbb889ec0f122aa81ee092653ab375,RAIN,DAWN,WET,FAILING TO YIELD RIGHT-OF-WAY,2.0,54.0,2.0,2.0
08e4d47a2d842423964ee7b04d482870c18388ebc3e57eaa80aaa65eb1f99ac83a1b85ddc7178bcb38b263986f63262ce9559eed7a16df44eae76973c914181d,CLEAR,DAYLIGHT,DRY,"OPERATING VEHICLE IN ERRATIC, RECKLESS, CARELESS, NEGLIGENT OR AGGRESSIVE MANNER",1.0,31.0,2.0,2.0
08e521e28fcf0b2912c414e834703eb1c414a73fcb15a8b81b621f7c136a14648cff01089e6efba711c78059b83e96712407e44091cb37ca4346c6cbdd6b279f,CLEAR,"DARKNESS, LIGHTED ROAD",DRY,IMPROPER BACKING,2.0,64.5,2.0,2.0
08e526168e6cee12f49f73f6c88cafe1bb488a2ac6cee5d5098350713e2dcdd06633a2507f6ef8e5da01d3bc19925f47839b6cf11308e8bbdb39985fc491e340,CLEAR,DARKNESS,DRY,IMPROPER TURNING/NO SIGNAL,2.0,33.5,2.0,2.0
08e57bf4247bbd98a6448cb433986ab869ecf8987e64027073091c6604c57aa24cef2777753cda06b6461720622585741a76c272c40bd98e191d0807b3697570,CLEAR,"DARKNESS, LIGHTED ROAD",DRY,IMPROPER LANE USAGE,2.0,37.5,1.0,1.0
08e58b4904809a91b5279a5dfe3c117daeaea30bc582559dfb530cdf5a93cbe6c6d49cd38efd13d6a811d3db72c9424309630eb7eb2810e3d1030304a2212b77,CLEAR,DAYLIGHT,DRY,HAD BEEN DRINKING (USE WHEN ARREST IS NOT MADE),2.0,37.5,1.0,1.0
08e5e6160fa314ceeaa3f57c4f1227184e77d13f0d8ba41c4eccbc04f91360403ac4a896134cd2e184b5b39bd96969d0cfa7fa707a5ffd279814a67f479f2c55,CLEAR,DUSK,DRY,FAILING TO REDUCE SPEED TO AVOID CRASH,3.0,30.0,3.0,3.0
08e5e9fde4035661e22ea4270cbafba2a0f81c75d0fc281e80f8c6216f06ac6eaba9269563a2fc4670495c01e9ca11c8b3f439190d283b4b9c30b32006ee6c47,CLEAR,DAYLIGHT,DRY,FOLLOWING TOO CLOSELY,2.0,24.0,2.0,2.0
08e5ef0c150074229ade89e04ca5cc6a794ed7e5bb95e7ed6d801f8c53a0a73ac2fd1a2389829ba2072b9224b053bd371d4f59afa3f59c311f1ec10a24d29977,CLEAR,DAYLIGHT,DRY,IMPROPER TURNING/NO SIGNAL,2.0,37.5,1.0,1.0
08e618e7bdd455683a3c5c31afaaa0f45ca2e84d72075a29d33937730eea65882a5987e85bd59776f0ecb22544b3d004819583722e5a3961d332fb78c363d820,CLEAR,DAYLIGHT,DRY,IMPROPER LANE USAGE,2.0,37.5,1.0,1.0
08e62697853a2b13e060dae73f0f229b4dd3eba1f4f1f503917d6eeaee595b01827d16765ebb15a2b0bbb815df3a7dc6b16bd0a6fbb40fe6b6b54f3f5136ab92,CLEAR,DAYLIGHT,DRY,IMPROPER LANE USAGE,2.0,30.5,2.0,2.0
08e6906694c769912b2925c563ffc5d03fb3dd1ff996164df2e28c383bfc775b2edf980cd8482e67ad03c3487daa8ac490953ae5f7277ec560ef520340014196,CLEAR,DAYLIGHT,DRY,DRIVING SKILLS/KNOWLEDGE/EXPERIENCE,2.0,48.5,2.0,2.0
08e694eb6fd187f8683e93b746d35f48614ea1788bdf157e6ee32728f9cab5877e94330b721d92084ff9305185ac834726a3961ad3073df79ebb110b56bbc45d,RAIN,DAYLIGHT,WET,WEATHER,2.0,54.5,2.0,2.0
08e69ac2b8cf97aae1add0a1620f9abc1c339a8b7d6c28d5932f96e31e6d18203d97373704d727c5fca4f93fc529b52932e51ef584462c8eb795da40902b16b6,CLEAR,DAYLIGHT,DRY,FAILING TO REDUCE SPEED TO AVOID CRASH,3.0,26.0,3.0,3.0
08e6aca140e2244471d83150ead93d6b70e1374879be0c37ae61f9923f6076a9fad96171ce70666c119ab37f14079a405afd51046c498fa3c1b0774a6a9a260b,UNKNOWN,UNKNOWN,UNKNOWN,FAILING TO YIELD RIGHT-OF-WAY,2.0,31.5,4.0,4.0
08e6c5aa255f152957dc3605cd6ba19a7942ad39182a37acb0471071bd74482afb9575bc2bced311897d2d9cc0ade41a456d606245feaf2261abb730e7ed48a8,CLEAR,DAYLIGHT,DRY,DISREGARDING STOP SIGN,2.0,24.25,5.0,5.0
08e6d1825a8e46bcba546b880e6151f7a730c522d1cd00f6d4bb6084f34c70a980100bc95e4724554d626af9fd63a6bb4eac3812dd3901e068ccee16b4d7bc79,CLEAR,DAYLIGHT,DRY,FAILING TO REDUCE SPEED TO AVOID CRASH,2.0,38.0,2.0,2.0
08e6db9fc46e9f01a302e41dc83f53268d2c95122288a032dcc037e82be696d458c515c5c1aff1d0242bbf01ccbe0bf7b29665ea569ae25adeed627fd2c4bca0,CLEAR,DAYLIGHT,DRY,IMPROPER LANE USAGE,2.0,26.0,2.0,2.0
08e827fa683efdf002a874a512a503d1e4a855274fe856b85ba4f9d074d5f0e505503ebf2df7577569739bd865796367b591f5f7d6c37152b8f97c8d43ab8f89,CLEAR,DAYLIGHT,WET,IMPROPER LANE USAGE,2.0,45.0,2.0,2.0
08e837c8529a9e73ba675547b6891bc175d9ac7b0ade347bdfb43c2c9407ce4d2cbe44b3cc439513750727b2bb0d7e7a749eb31557611eae9a81a2ea2cfcc002,RAIN,"DARKNESS, LIGHTED ROAD",WET,FAILING TO YIELD RIGHT-OF-WAY,2.0,24.5,3.0,3.0
08e88243166e763e14795de85aa1241d88c30395718e72763880d9ab59d311bf338134a70c29750953c7379c55c4a1a94cd68a8db70fe06c2a72214de9f2d849,CLEAR,DAYLIGHT,DRY,IMPROPER LANE USAGE,2.0,35.5,2.0,2.0
08e8b74ea3648a9f96859b19f77a7e1190908d2c240d58fb74b07a3adfc45207f8f7cb0442436d4c68584fe892551f919cbce08fd2c0721a8ba54207fa616dc3,CLEAR,DAWN,DRY,FOLLOWING TOO CLOSELY,2.0,57.0,1.0,1.0
08e8c3d8e28ed9e65b419ce768ba87c4c00b21238af1e0813d6fb9924098b0129059960bc0f4da5eb2e4913b383935f8a9a5bcdbb8752a829b51464c3b1f352b,CLEAR,DAYLIGHT,UNKNOWN,IMPROPER OVERTAKING/PASSING,2.0,55.0,3.0,3.0
08e8d891c0df2d6f1ac26e3b0ed62be96c4920a5338f0b046da9948f5f5414e5cb7da63467b01707a1e01b742407543423d0ed3c3f31aaac8359632993028644,CLEAR,DAYLIGHT,DRY,FAILING TO YIELD RIGHT-OF-WAY,1.0,76.0,2.0,2.0
08e90517bb04dd79cad2e19b9f029c4b7f436d1152739841d83ff8034c3301507a4b0df1e627f531a46ccadd787d92553b3088f32a340b7102c2b26dd3793c7e,CLEAR,DAYLIGHT,DRY,FOLLOWING TOO CLOSELY,2.0,62.333333333333336,3.0,3.0
08e91ae3c7454cb4d871dfd93b85e34db8b6aa6fc8c3d30a8483cc1670efc2bd2caca9e54fe80559ba39c87e744a36ba72a66e20ea2ad1068c0c59faba60748d,CLEAR,DAYLIGHT,DRY,DISREGARDING TRAFFIC SIGNALS,1.0,18.5,2.0,2.0
08e98ae284f7b30216c61b23fae1b4f53d49cf2693209f079f810543550bb64677d1a29cffcbe9739287ed2e6caec1b4c8abaf7ec260448b0ade0f1213b6c8c4,CLEAR,DAYLIGHT,DRY,FAILING TO YIELD RIGHT-OF-WAY,2.0,44.0,2.0,2.0
08e9a3746ea221965ee1e1dcbedef1192d6f718fc5b351255b97665d9dd1eff724a4389a61f7768e60b15196a2f604390016867e151035bc9e85032f0b903bae,SNOW,DARKNESS,SNOW OR SLUSH,DRIVING SKILLS/KNOWLEDGE/EXPERIENCE,1.0,24.333333333333332,3.0,3.0
08e9b5dfe62b242159ab6875f313872777347244e8a94ce16ebc4afb242de66ee330d1868f8cc53355abd48abfb6192483012bc019a0d01ba138b48f22733a59,CLEAR,DAYLIGHT,DRY,FAILING TO YIELD RIGHT-OF-WAY,3.0,36.666666666666664,3.0,3.0
08e9bd5bf7165ab17a20da0e05bbc1f94ab4eee03c6a9cba5b91e86c806f45f74002a5670e2e5329bef1444698c6d1a2b3d7eea0b5631fd147160055adaf94b5,CLEAR,DAYLIGHT,DRY,IMPROPER OVERTAKING/PASSING,2.0,13.5,2.0,2.0
08e9c3ef71cb11da15bc7f5409b5ef3ebcb6b9f8b12d88cc270f0d1eb3577d6c7bacc054b48b3b7f4fc8c8a60686fdfb7a0b8b2c6be03945f4d4ba18b47dfde7,CLEAR,"DARKNESS, LIGHTED ROAD",DRY,UNDER THE INFLUENCE OF ALCOHOL/DRUGS (USE WHEN ARREST IS EFFECTED),3.0,36.0,1.0,1.0
08e9e0b8d88741420f818aed27a4a450bb63d326430c595a2aa6d03f41d96a48e24d4f8347c338d51bb63df67277651cbed92df5ac843eee6b2dbe10ec2e4de1,CLEAR,DAYLIGHT,DRY,FOLLOWING TOO CLOSELY,2.0,26.5,2.0,2.0
08ea020a2133224d193553ca8211b4a2d8d1b0d358f6ea9688a9813dc9dfceff3e3733348cbab511ed95579b42de056ee5f68b163efa17689e4acf349517e7bc,CLEAR,"DARKNESS, LIGHTED ROAD",DRY,FAILING TO REDUCE SPEED TO AVOID CRASH,2.0,62.0,4.0,4.0
08ea04bb68b99d944ce1dd2f8853049bf1060fa4e5171308abeeba9d39309e57a8165d720bf5f94c028f30b7fd9c4ca369bc57bcfb2ae1ca6d030799a225388a,CLEAR,DAYLIGHT,DRY,FOLLOWING TOO CLOSELY,2.0,69.0,2.0,2.0
08ea4c6cd1eb35c0cb95f4ef430b1dc93d37763692021b0397ede963ab4289cf29ef31a23e3f6bc0e4efe5bda5125e9db4eb4cd449dff0e1acbf6e8294d18282,SNOW,DAWN,SNOW OR SLUSH,DRIVING SKILLS/KNOWLEDGE/EXPERIENCE,1.0,46.0,1.0,1.0
08ea6738791410c0cbe66afa26e93211bc3dbe1cd47cc1a68c80ad34ef1cb88a8073f0f76bfecc46aa4a5432b8248b268f80364a48c201f681eb2e49d3b65c69,CLEAR,DAYLIGHT,DRY,FAILING TO YIELD RIGHT-OF-WAY,2.0,40.5,2.0,2.0
08ea67c53a692be7d7737027664ad5ceb3a55dbab8a51c15d33e24cb1da70c72085852dbfc02d806733444f57564f3151f21cc27aa548b737178f664d73780bd,CLEAR,DAYLIGHT,DRY,FAILING TO YIELD RIGHT-OF-WAY,2.0,46.0,2.0,2.0
08ea7fd73edf57d609648f633316ddbac72bcfd8e370c7a339f16f38f0b76f61a2f5dcf97d645ebf5e7b508cf25731721002fc51346a0ee6427eceb465236c6d,RAIN,"DARKNESS, LIGHTED ROAD",WET,FOLLOWING TOO CLOSELY,2.0,59.0,3.0,3.0
08ea8b67a6af62feb9dfa91884cec65d3c04024e2a7b6451c89ce33b1626439f43468c7f594b2f0a49c28a2bf231d09d32a3b040a8d4abe37da6f7e72da95eab,CLEAR,DAYLIGHT,DRY,FOLLOWING TOO CLOSELY,2.0,68.0,4.0,4.0
08eab8494a8759c72977fd0878015b3f2065f22874adb9b7e5bfd7f4d9d11c1bb3bb94da9dd5cf4cd185a36db851acf1ebbe8f68c8160046ba4c16885ce6aefb,RAIN,"DARKNESS, LIGHTED ROAD",WET,UNDER THE INFLUENCE OF ALCOHOL/DRUGS (USE WHEN ARREST IS EFFECTED),3.0,21.0,1.0,1.0
08eacaaec02eb2fca822e0c5a1c288b0628f5ba522cc99e4df9ff4c96e75c089b229a2080e299803dc653d5ba6476014599052db9d77c32cf720c3126d74948c,CLEAR,DAYLIGHT,DRY,IMPROPER BACKING,2.0,48.0,1.0,1.0
08eb27608950bbeaef8073e0e5c8f632f2fcf3cf94775fee2fdee9fb38d0e3d22ba33284f52f3c30652e84eb6a812b0bc64070987ffde0b5a3749f6a96b20664,CLEAR,"DARKNESS, LIGHTED ROAD",DRY,"OPERATING VEHICLE IN ERRATIC, RECKLESS, CARELESS, NEGLIGENT OR AGGRESSIVE MANNER",2.0,21.0,2.0,2.0
08eb2a04ad688807074ff780d02dce9ea3dd2cad62e912778a68951211dcc2f33ccf4fd49132d69e49080888e6230f9d4437bcc26300cc3a3ab95d33d57b867e,CLEAR,DAYLIGHT,UNKNOWN,IMPROPER BACKING,2.0,65.0,1.0,1.0
08eb65480624c48abf2cd3bf8c2f6d398fe8662f901984760880ae50f4d046ba92070b638197895123497ee39ec53da787452f9a0c16f8901a1e095d37a48a94,CLEAR,DARKNESS,DRY,UNDER THE INFLUENCE OF ALCOHOL/DRUGS (USE WHEN ARREST IS EFFECTED),2.0,38.166666666666664,6.0,6.0
08eb82934fa5a2ce8b118c0c6904e497c4e06a6fb534efa623f6c25cfde43caf30333fdc09fd18025c115496f43acb99eb9d1e85d11c98974f5c65a59ba35b62,CLEAR,DAYLIGHT,DRY,DISREGARDING OTHER TRAFFIC SIGNS,4.0,61.666666666666664,4.0,4.0
08eb96e7693736fc075c57bb69ad7f64667c7a7d3ac161f17415b22502ddd8a3304958fd27fa87090f5d410fa614208c886d1a1a4ee60f8966aac81e208d32b5,CLEAR,DAYLIGHT,DRY,IMPROPER LANE USAGE,2.0,30.5,3.0,3.0
08ebb1c6498a3d53ffee636baab6a3251e23ac73785e893c8f0aac8b631763f77395816edb5d41b7c045d18ba146f474215208660f6a966af801fd0967f27d6a,RAIN,DARKNESS,WET,FOLLOWING TOO CLOSELY,2.0,58.0,2.0,2.0
08ebbff3f1ca2844ea47d97657fd5652d574789ae9800cd045159d04f8e7ab8d2d1376f84bdcf83612dcbee63af66f7057e4ed807041eddc060499a8d76c345b,RAIN,"DARKNESS, LIGHTED ROAD",WET,IMPROPER OVERTAKING/PASSING,2.0,29.0,3.0,3.0
08ebd906f0128cd77a5b7eb99e6a81afe1da85aa7b3ee691b3f73141621e542d8ed8294755c5ad3a340e9b29c38cbe4e550d2a652e03144a56b6c22f768df65c,RAIN,DAYLIGHT,WET,WEATHER,1.0,20.0,2.0,2.0
08ebe4daeaecf542447da2591a28bb4c5c969afc06d42c1270502707aa13b35eb913aafce326150ae9c4ace4d55bb56720ec374995177947e61068090da910b5,CLEAR,DAYLIGHT,DRY,FAILING TO YIELD RIGHT-OF-WAY,2.0,36.5,2.0,2.0
08ebef888df7dae30b70190a339c3d874d5f5b394e7a020c30308939b536304938c030eeea864f87d492690dee2f3fc4946d4f22ab43664ca3553c1d5c2c396a,CLEAR,DAYLIGHT,DRY,DRIVING SKILLS/KNOWLEDGE/EXPERIENCE,2.0,65.0,2.0,2.0
08ec0cddec3c5a90ea33775a5364996e0ef90c1719469e447616688436de18c30b8d4b86db23c00aa099fa2d2f917f9e54c698c7e8ebd8173574a6a0873532dc,CLEAR,DAYLIGHT,DRY,IMPROPER LANE USAGE,2.0,25.875,9.0,9.0
08ec227f8b9e37421ed4790e5e7db0aa009c5031b2b767be05cd576b15693809d780b68b262487ee8ddca13749f8acbaac538df23671d02e49d8866138781111,UNKNOWN,DAYLIGHT,UNKNOWN,FOLLOWING TOO CLOSELY,2.0,20.333333333333332,4.0,4.0
08ec262d404e561247889cee347bae63ee4635fae24874bbdb00e25d9168ad2d665f1037b0c760a23cedca98ec22cdc1f39364330f0abb57ba30591b6c00fe45,CLEAR,DAYLIGHT,DRY,DRIVING SKILLS/KNOWLEDGE/EXPERIENCE,2.0,35.5,2.0,2.0
08ec44c9915e09a37ac1f475092397023b530b50f2f66e4e59d380f66420a8cbbe63b1257e7f02c2043bf03264f534a5b07ad044db14a5de12a23635c23699cc,SNOW,"DARKNESS, LIGHTED ROAD",ICE,WEATHER,2.0,58.0,2.0,2.0
08ec668b97e5e72569a20f393d6a2d822126a5048a373c8c86d4b557ac05fe59eeda895616c309df00590c94742a6b88277b5ebbeeefd5a1ea3c3754770090c5,CLEAR,DAYLIGHT,DRY,FOLLOWING TOO CLOSELY,2.0,30.5,2.0,2.0
08ec773911c2be6ab8a3b3b5c079b8877ef02d11f98639ac6fa4b34092d45d5a3590e12fac1d218f9bf38d99167a047693424557c86daaa755d4a1ec4f88e34a,CLEAR,DAYLIGHT,DRY,DRIVING SKILLS/KNOWLEDGE/EXPERIENCE,2.0,23.0,3.0,3.0
08ec83d848b2074ae68bc8cab699d67b80ab2920a42c01074583a2063d45636710faae6f602955a02eaf709696bdfa8ca7a4f311e6123239bab493db18a7f63d,RAIN,DAYLIGHT,WET,FAILING TO REDUCE SPEED TO AVOID CRASH,3.0,40.666666666666664,4.0,4.0
08ec87e27690c32edadfedf4344ba849fd1b4cb6f7af9428ec3732d8f7a95448fcabd95f9e010369e8791dcb8aebbdb64197ea5d633817b32fb46e8b9bb7d595,CLEAR,DARKNESS,DRY,FOLLOWING TOO CLOSELY,2.0,7.5,5.0,5.0
08eca59f1a522a9952cdd0df42411edf032cc114343342b11045ed1fd8950542f8e1ab4045f247de2260e64ca9659dd76da5fe2f801be8e349d9246b100b73cd,CLEAR,DAYLIGHT,DRY,DRIVING SKILLS/KNOWLEDGE/EXPERIENCE,2.0,37.5,1.0,1.0