crash_record_id,weather_condition,lighting_condition,roadway_surface_cond,prim_contributory_cause,total_vehicles,avg_driver_age,total_people,total_injured
08ed1031c2c289c80388ace5a9dac7adc5292169d2fed51bf4ed7b52e2e937911405100a679989e522cbedb0278d6d98fc7750e94b72d66e0c880e19ec7d6a6a,CLEAR,DAYLIGHT,DRY,FAILING TO YIELD RIGHT-OF-WAY,2.0,39.0,2.0,2.0
08ed2c56877916621b2c8b96c331947de4bf917d0996c73416a84d7cfaf636aa4accf4700b08d6b6b64c63c6b74e3ed93d1fa6a7b4facd776fae1259d1f9bbe9,CLOUDY/OVERCAST,DAYLIGHT,DRY,"OPERATING VEHICLE IN ERRATIC, RECKLESS, CARELESS, NEGLIGENT OR AGGRESSIVE MANNER",2.0,32.0,2.0,2.0
08ed440917aa2458be87b88f60830e149d58fefd13da8331f10c982f7511a4a314f5b993946a74bc7b350279e4dd1536481c95e788acadd7b2c1b19f37fdb33e,CLEAR,DAYLIGHT,DRY,FAILING TO REDUCE SPEED TO AVOID CRASH,2.0,40.0,2.0,2.0
08ed44a42cf6ef9bf96c6cf137eef1a8e42e9dd8683e31cc5c7161620b7fa787c618dfb91474176f1e52a61a7663a44c9e64db3c1cacc3bbd0e90c8c0b24bd2f,CLEAR,DAYLIGHT,DRY,FAILING TO YIELD RIGHT-OF-WAY,2.0,49.0,2.0,2.0
08ed8364561e8bf19958604afba26e14beb1a65f63da17331b95108b120e610ed2688695702d171ebdeee217044111bb0aac06377336da1014a9c0cd947260dc,CLEAR,DAWN,DRY,FOLLOWING TOO CLOSELY,2.0,33.333333333333336,3.0,3.0
08ed8c571f0a57661dd7442af1709626876be710a09c5d6380f4b69d6aa34eadbb0459906d1c7c14d669ca92713a0a6fcd930c6f12f29424309194e490f97d7a,CLEAR,DAWN,DRY,IMPROPER LANE USAGE,2.0,45.0,2.0,2.0
08ed913d1024c6b5cf1684ad722fb40af2e7085013f1e8241535eac2d02b8183679cc6e703db0e8134484809f905446a6bbafb2772e5c68e02930553608f13e1,RAIN,DAYLIGHT,WET,FAILING TO YIELD RIGHT-OF-WAY,2.0,55.0,2.0,2.0
08edad303dba755b5bd4d43a1453e60abb17c05caa319894dba144e1809bd7aa938b4e7d105e196f855f76291fb5bc21756efcdfeda2dbef9d3b57fd78217252,CLEAR,DAYLIGHT,DRY,IMPROPER TURNING/NO SIGNAL,2.0,41.0,2.0,2.0
08edfdaab0ff2097eea4a8595d830c5b2557923c747db69506ae2d48c920ab7a581723d1b704275d732f8d029b4fb3f9abe21156172579e1b0e9d22ba15ffbdd,RAIN,"DARKNESS, LIGHTED ROAD",WET,HAD BEEN DRINKING (USE WHEN ARREST IS NOT MADE),2.0,41.0,2.0,2.0
08ee27c4a08086179b2ec117b3493e68b14323788bb3a8702e91b6487c1aea7ba677b0a143bce7b96f801c4d9a62bb8809d068735e31817193fd34c178c12f5a,CLEAR,DAYLIGHT,DRY,FOLLOWING TOO CLOSELY,2.0,41.0,5.0,5.0
08ee36e091aa6aea18db6afcfae6e35ecf7cd5317c8a4bfc1b0b6271b649cf763238cc7bedb798d67927ebec679b3e286be12acc329496873e46747f4ecc6f79,RAIN,DAYLIGHT,WET,FOLLOWING TOO CLOSELY,2.0,27.0,2.0,2.0
08ee6a4c8e21869efdabee18425f2bf78717772b45058731ad0faa3beaa02b1e225f5e49cee9409487c0d004e72227e071c72b867cc969c7146ed6447cb9985c,CLEAR,DAYLIGHT,DRY,DRIVING ON WRONG SIDE/WRONG WAY,2.0,25.0,3.0,3.0
08ee82d5ced494bf13b366df9a9cbf3ab32703f67a903306d2c31bf63a50950c1a1b0aedb925412be8a78a39c7d807e47ac98410f3a309dce3d8d4c7533c6bf1,SNOW,DAYLIGHT,SNOW OR SLUSH,WEATHER,2.0,45.0,2.0,2.0
08ee9d342010e3b0258107c2cd6522a98a92d6ffa03e6c12d4c1649275d99c75fb5a432ab8b4933ac02fd045d74148036e63ed47e89c2056a497e3a38714ea63,CLEAR,DAYLIGHT,DRY,FAILING TO YIELD RIGHT-OF-WAY,2.0,48.0,3.0,3.0
08eeea358f3907fb9a188b8c6df113ed33a2f7454da34cae7f4812f891df0d3e97be641358b5aa48c193ab6f239ae12f4106a0ecc285cc5f3993c3ab56448e99,CLEAR,"DARKNESS, LIGHTED ROAD",DRY,FAILING TO YIELD RIGHT-OF-WAY,2.0,32.0,3.0,3.0
08eefb0eb311f09b5719f0f186cb823331f0ca863f29d5f042cbfbf89ca09b4e8245f018698aecf883d42064efff6099d93d00d30fba6aa7c85ac2159ba290fe,CLEAR,DAYLIGHT,DRY,FAILING TO YIELD RIGHT-OF-WAY,2.0,32.0,3.0,3.0
08ef26e3118b3f1fecd02e4583193a887a3eb892fd5d4c42c7efc70791969818e1fa2f36784bdecfb91cf6fe24e63c1b5d1589e03f30af765c5fadc884f0d8e6,CLEAR,"DARKNESS, LIGHTED ROAD",DRY,FOLLOWING TOO CLOSELY,2.0,27.0,2.0,2.0
08ef2a52f6597bc451c4276cfbd4231cb04312d0ebc25f37b9723dc375a55b143b098edc4ede8d47e560c9084fa72aabce3a69de3c5a066a0945d73ed30f0a78,RAIN,"DARKNESS, LIGHTED ROAD",WET,IMPROPER BACKING,2.0,37.5,1.0,1.0
08ef2b2569681bb11b3bfc81eb93e3cc502fda861230d75d92ee7c35fed11ba8cc59649c08a151d945e8a96c473729bdad45448512fe872219e2fefa32f70740,CLEAR,DAYLIGHT,DRY,DISTRACTION - FROM INSIDE VEHICLE,2.0,24.0,1.0,1.0
08ef31425d05a45489be0e8fdda34025ecac014266217f7943709536ca7e01c675a19cb96a0506c562df50c68b14ba0f8741fabf0463d730f9013f1243aea331,CLEAR,DAYLIGHT,DRY,FAILING TO REDUCE SPEED TO AVOID CRASH,2.0,33.0,2.0,2.0
08ef5853491a5299880d4a0b05bfbe55e35911bd18eaa9405e254e99d3dd82457a7cb5e1b357c9597eb4b62c4dc014665bf4f379f29423bdc5365eae0e821888,CLEAR,"DARKNESS, LIGHTED ROAD",DRY,FAILING TO REDUCE SPEED TO AVOID CRASH,2.0,34.666666666666664,3.0,3.0
08ef8355b4744838f51cb76cb002fcd1ef2608c006ce8b2e3711df6197cc970a17e74f8c166405d409cb5753a213004cf5c714d202c54190be0cdbc063f12ed5,CLEAR,DAYLIGHT,DRY,FOLLOWING TOO CLOSELY,2.0,42.0,2.0,2.0
08ef9c7292d51ed9750d275e743ea5c1af8a52c3fdfaab279991d579d322ee21872d214efe9b91b3ea8efccbbbc65ec57a19786637724339906e516aa696b5a8,CLEAR,DAYLIGHT,DRY,FOLLOWING TOO CLOSELY,2.0,54.0,2.0,2.0
08efb185df60ed8fb396214ea5328962695aeebfa102f6aaa99ec8e4fbb25095ad150b0a19fce0023902cc6433f5da12f16c9b676c6a7ae3493b9b76bee396f8,CLEAR,DAYLIGHT,DRY,IMPROPER OVERTAKING/PASSING,2.0,35.0,2.0,2.0
08efb531a9d3efeebadb556b12b72435a8a94d72414028de964dae4b8579ec7764d5d8a786f4e27fb8a8ad752f2e5676b99bae35171d9df19fc8238f51940f54,CLEAR,DAYLIGHT,DRY,FAILING TO YIELD RIGHT-OF-WAY,2.0,54.5,2.0,2.0
08efb605ac097942492cb2a97b8091b9669e7a62b05d8f4e30f5b96f03f047cadfc30fdd7735cfda6e4fb2a4bead92862280cf857d91ceaadc51e8a9a95283c6,CLEAR,"DARKNESS, LIGHTED ROAD",DRY,IMPROPER LANE USAGE,2.0,23.0,2.0,2.0
08efb7f40d79116fde86e1b2da1fd421502eea305572352374e55aaeffe107d6fbb0c0cae2082ba5ec166a7159b9dbab1ead68e4cb9914c83204cff5071f52a4,CLEAR,DAYLIGHT,DRY,DISREGARDING OTHER TRAFFIC SIGNS,3.0,63.0,3.0,3.0
08efcbbb806cde9f3ad11c78cd3d1e451a1db9c400a98f1948a740cc6111356393403f800724412426fd88c4288e4919061ccffc7b4198353db07484c5ee12e1,CLEAR,DAYLIGHT,DRY,IMPROPER OVERTAKING/PASSING,2.0,37.5,1.0,1.0
08efcce1519316f5ac8ca15a96d461f74bee55ab83520f9d2d349129d9f17dec1f5659225d7e4266679b88b754f536c9f4691e727404465c8f62b8578dfa1888,CLEAR,DAYLIGHT,DRY,IMPROPER TURNING/NO SIGNAL,2.0,86.5,2.0,2.0
08eff5c27924c7f6d0ee337fbd015b707049c6b9c827061fff5873693c307dcacf4d7438680cae01245f228cf0328f86cfa3060acf9135e0df0e5951acf53549,CLEAR,DAYLIGHT,DRY,"OPERATING VEHICLE IN ERRATIC, RECKLESS, CARELESS, NEGLIGENT OR AGGRESSIVE MANNER",2.0,46.0,2.0,2.0
08f019ab7b592ff0d64461b6a633a515c564588a0ca0ba4b2376e859c52185a595e76396344ede610ecf0be3205b421dbb24967d37d973f2386517955a08ec7b,UNKNOWN,UNKNOWN,UNKNOWN,IMPROPER TURNING/NO SIGNAL,2.0,40.5,3.0,3.0
08f01f15b6e396cb74247859210a487bb47b278caa86968b6d49b22fd2b0289c9cc05570fb4a84a9748faadbec2e3f03f0e5b2cf2ce83e62f009bc4c32a14c4a,SNOW,DAYLIGHT,SNOW OR SLUSH,FAILING TO REDUCE SPEED TO AVOID CRASH,2.0,27.25,4.0,4.0
08f041a807e6a40199fa07f5ce19817652ef1507df8ca7e3c540b731460d58cc67c8772fbbd1acd12aa8bff60b0614b17050a3b807c14fdeebfefc7b6b59797d,CLEAR,DAYLIGHT,DRY,IMPROPER OVERTAKING/PASSING,2.0,69.0,2.0,2.0
08f0502f9cdfa184202a1a1bc17ecf80a81a6601c5a5871989ba89a25f40f9ce0481c3321f2ed14393c58a81a9b48b56a3f389c5f92f0b53e734c145ee6cb1f7,RAIN,"DARKNESS, LIGHTED ROAD",WET,IMPROPER OVERTAKING/PASSING,1.0,21.0,2.0,2.0
08f0546060fc75ea9f17569523389d55fa3dbb0c2e3df2d67afde93e17e6f1dafe6847bf6b55649719ceb2c1c2b1d31771933bf6ca7bbf57c5d851ef7b410325,CLEAR,"DARKNESS, LIGHTED ROAD",DRY,IMPROPER BACKING,2.0,29.0,1.0,1.0
08f05b4eb09ec08dd66a5d66cb660ae00a6f0fca1b255b00e9e5204562c04b4d128bc81ef22ecf7c985ab4c57ae3c021357637bd5c2b16e07021ba550059a42a,CLEAR,"DARKNESS, LIGHTED ROAD",DRY,FOLLOWING TOO CLOSELY,2.0,44.0,2.0,2.0
08f07d7847c31bbaab8e34754110173f490700f4726ece312e1aa9e989a5288b8cf2a124dcdee836f4b88dc2bf2c4da3554f2669db8170450a466212709bf746,CLEAR,DUSK,DRY,EQUIPMENT - VEHICLE CONDITION,2.0,24.75,4.0,4.0
08f0e746ff8c21e7c04582187a3c2e527b3ca97eb9cc110438e2a00193dbc0d5836a82b064735e33cc2f50bc1d9379e28ffd742efcc3d349336d2ba24794f987,UNKNOWN,DAWN,UNKNOWN,ROAD CONSTRUCTION/MAINTENANCE,1.0,37.5,1.0,1.0
08f0f1f5c4a002f746513a916f46f64b97608075912c0ea75e336f6c55396384de8dcd9fe8b4c7d3052f5bea00806f397880e20e5b4e93a643226f37976ba652,CLEAR,DAYLIGHT,DRY,FAILING TO YIELD RIGHT-OF-WAY,2.0,44.333333333333336,3.0,3.0
08f1553f5eb5bf9087bb986a9abd5da4fcfa7ae2ec0d429086b482b012df5dbb5ec274c031b1511046b8d8d5c25356ffb7a76015f9322a639d666c2fc8895e55,CLEAR,DARKNESS,DRY,IMPROPER OVERTAKING/PASSING,2.0,51.0,2.0,2.0
08f1aaf1839a822e7620a171f2fbf34d1b446fa2516a318052c87bbca02f051c6df9a8c666e23f019a357055c459d49c9afab3dec7031d360b311882a3b69550,CLEAR,DAYLIGHT,DRY,FAILING TO YIELD RIGHT-OF-WAY,1.0,21.0,2.0,2.0
08f1ab503f4cc687e3bd2b2fda130e551f78aaa2cf5c91e745a848d9c52496bf60610f06ee2fd5497a0c78ae26d4b032bdb76fcda7f7abf8c44b60194228a4fe,CLEAR,DAYLIGHT,DRY,IMPROPER BACKING,2.0,27.0,1.0,1.0
08f1b276ed43267394030a82aeba68866989e921d1cb09acf0089b0b66fb823998bada42a9c17ed626210873cb73f81b34f594940ff999ae18cc700b9319a7d9,CLEAR,"DARKNESS, LIGHTED ROAD",DRY,"OPERATING VEHICLE IN ERRATIC, RECKLESS, CARELESS, NEGLIGENT OR AGGRESSIVE MANNER",2.0,18.0,2.0,2.0
08f1d9f22cd6739f09e4a264c4ecf5b743c87c3c86f1f5c428bdc942024ef65d90cdaa77c93ccf3514e8fabc2a891f7219123dedcb0dc04a6edd95ec04f3ede0,CLEAR,DAYLIGHT,DRY,IMPROPER BACKING,2.0,20.75,4.0,4.0
08f21cbf8bcb4041635d2e0bb1dd6887cf01a70302b282c515c0cf87462673b9c7cbf317a57e1bf24679570c304c0ae7b1b63b93276bb19bf65a678f12dc18a0,CLEAR,"DARKNESS, LIGHTED ROAD",DRY,IMPROPER BACKING,2.0,25.0,1.0,1.0
08f2305bb3fc1f41509edd88116c938f670d705bf4d4590a42a995142bf426fb4054e8f97d0bdb2aacb46bfd84e6357bc405fe1f75986fc13056b6c56a53de1f,CLEAR,DAYLIGHT,DRY,DISREGARDING TRAFFIC SIGNALS,2.0,33.25,4.0,4.0
08f243928186405bb0428d2a65c27bfa3327767a7d3b9d3edcb417fdc12a6ef601cdc8dab6010463880809b7f422c033e6d1b9afbd915616ce1d9c297733fa7f,CLEAR,DAYLIGHT,DRY,IMPROPER OVERTAKING/PASSING,2.0,37.5,1.0,1.0
08f2508050b887c178e266916aee7bec66057ac1643b266a41e62202dbce564a2470d6670d1eb2524411b8fd5a05bce037507b27f9e5754096c8d6d8f34277f4,CLEAR,DAYLIGHT,DRY,DRIVING SKILLS/KNOWLEDGE/EXPERIENCE,2.0,25.0,2.0,2.0
08f25a7128c634f6f30561d77e6a4ba087cd72dda9c85b2a55ed63ff451585821d4dde8dd077aac1b49cc45587f77ff29e64331c275e05674b53742bb5d7815f,CLEAR,DAYLIGHT,DRY,IMPROPER LANE USAGE,2.0,48.5,2.0,2.0
08f2a2ef506206720c552558306227c5ffc73b5b0d0783e4433ee7820f85b6ef030bfe62ccb40b4c746967c908f25f72b3629709f3759c3422e4659bf9db61d3,CLEAR,DARKNESS,DRY,IMPROPER OVERTAKING/PASSING,2.0,32.5,2.0,2.0
08f2a486fe9465a94a34e2a5228300baf512cfb29ed654ede7d083fae61a473144296d82af16748137bb37805241ba0cbca852dd8a40c38f518f895d2d6cf0fa,CLEAR,DAYLIGHT,DRY,FAILING TO YIELD RIGHT-OF-WAY,2.0,39.5,4.0,4.0
08f2ab29e7e554b350dc4a98d4e3ab9a18f499ddce6e525a6821110bdbfd0328b861baee994f008f89f51010b3c74f1c17cc6b0f89ce54ec3b7e1ade3e0fe17a,CLEAR,DAYLIGHT,DRY,RELATED TO BUS STOP,2.0,61.333333333333336,3.0,3.0
08f2c0b705a53999d473fcbc035033381f04d785b9cea948d2e27d3b7c148c534399d95fac896015978777f09086f64b2d6e430c35d3c8df8d2c78f0fcb089f3,CLEAR,DAYLIGHT,DRY,FAILING TO YIELD RIGHT-OF-WAY,2.0,37.5,3.0,3.0
08f2c2c43087efba33baf1c767f6a119bba349cee10cf825fdd0756211977e8b6f0e8dffaded20d00d72d42d9970c01a07729aa08455ef8b66be9a7753852506,CLEAR,DUSK,DRY,FAILING TO REDUCE SPEED TO AVOID CRASH,2.0,40.0,2.0,2.0
08f2d586509496d65e1f529572247ade2c30d650deab8eccf1d0b9035fe51b00598197d6fc299269641ff68b25380f456850708663833e117e569881c498c2e8,RAIN,UNKNOWN,WET,EQUIPMENT - VEHICLE CONDITION,2.0,15.666666666666666,5.0,5.0
08f2fba903e73fba957fb998e352c362b141d4bfa441823255249e4a8f59a9817b006e3fb53ce3480b320c55054ffcf9d26bfd024a22485da2af9ad195c3f27f,CLEAR,DAYLIGHT,WET,FAILING TO REDUCE SPEED TO AVOID CRASH,2.0,28.0,2.0,2.0
08f363c7c0cb3dd61717e5e6ec063f38c9250a79911bd585f97333bcca02d1a4c74812c304f93ab0ad83ffa98cc72dfc6ea59824bf270de841d9231aa40d14e6,CLEAR,DAYLIGHT,SNOW OR SLUSH,DISREGARDING TRAFFIC SIGNALS,3.0,44.5,2.0,2.0
08f37ffc0d81f3e7a6f1f9ffac0e4fc64de4547f7fa93a62f38080becf53461f6ceb69459f7cb844254625e291f35c02c97a238b76cb29ff7c5d9b1de63809f1,RAIN,DUSK,WET,FAILING TO YIELD RIGHT-OF-WAY,2.0,20.5,3.0,3.0
08f39838e6b95eacf2d9dbdd202c89d09981227d6efa269971e50dbabaed645899b6df2baba5752e0f96d366e65d980cd5a55713ff31473c443c051521023667,CLEAR,"DARKNESS, LIGHTED ROAD",UNKNOWN,IMPROPER OVERTAKING/PASSING,2.0,34.0,2.0,2.0
08f3abfd866a27535c7b82339383731c196da83bba1c4d8d20d7c9c8c4087c90596305984ad6c8da699ef80edb121fab8e5de58844ba1012f69a817b0ac335e1,CLEAR,DAYLIGHT,DRY,DISREGARDING ROAD MARKINGS,2.0,27.0,4.0,4.0
08f3b89cfc987e8d7eb2ee26cc5351854467476ae21afd6be9ea12dc8144037325a2c627369ae868ade403c1994c0fa44458fc1976af6d793b14438c8afc65c5,UNKNOWN,UNKNOWN,UNKNOWN,FAILING TO YIELD RIGHT-OF-WAY,2.0,30.333333333333332,3.0,3.0
08f3d8fcf5b3475ac7c371caf010f60789f50742497613a800f469688668cc3fac77524566156026949afe0efaf32a6b32773a5bbee3551a56af08fd79c3425f,CLEAR,DAYLIGHT,DRY,FOLLOWING TOO CLOSELY,2.0,49.5,2.0,2.0
08f3d9cc693a933e9694d702fed16a9d2515ae6a86a898de2bb3f19f5fb61856247e05fd184665dcd12f17775566d465483ff50a622b566c28d3f35105783b13,CLEAR,"DARKNESS, LIGHTED ROAD",DRY,FOLLOWING TOO CLOSELY,2.0,27.5,2.0,2.0
08f3e237820497d77cf4c3188bd454628f875c62edb4ee59e1494c4c3d4dad7b1af1bc34b5ca12bc835c4d27fd88570ffd7423dd9fd063603ef466bdf8cd707a,CLEAR,"DARKNESS, LIGHTED ROAD",DRY,FAILING TO REDUCE SPEED TO AVOID CRASH,2.0,26.0,3.0,3.0
08f4131e69fc34f2352b4981f5035cd8f6366ed53311c345b02c3e2d349f1352d206d2f0b72fd9b3e78d9228d60c46e5a21434cb022c0e1ba92738b39596e9a1,CLEAR,"DARKNESS, LIGHTED ROAD",DRY,"OPERATING VEHICLE IN ERRATIC, RECKLESS, CARELESS, NEGLIGENT OR AGGRESSIVE MANNER",3.0,16.0,3.0,3.0
08f4226205fb6f8803819f0b7d76cb817d21330078f677052a3eaef9164a3478bc1e1d6c5494d08ab44031224c22990e796347417b45194f8dc654a815c6a8ee,CLEAR,DAYLIGHT,DRY,IMPROPER OVERTAKING/PASSING,2.0,52.5,2.0,2.0
08f44c9b9cd38231a990b97de88bd9148a70664c7a4e8da1a89c6324109ccc7a405a744700dec67a37541c5e99d1bd2b87c9c0fa58cd3c0193e7104216961fd2,CLEAR,DAYLIGHT,DRY,FOLLOWING TOO CLOSELY,2.0,43.333333333333336,3.0,3.0
08f457cc9164cb2089420f31c901e251ea09610cd229b21100ef73f203cf471c27297cdec1e80e8722c1674d5a248e25cd53f537ef17438d685a24704288f2ac,CLEAR,DAYLIGHT,DRY,FAILING TO YIELD RIGHT-OF-WAY,2.0,44.5,2.0,2.0
08f45d85221406b947d550787c6aad4b86cc8e27c0a5ee9e6178dbe21cb0caceb14f2f58f6fb267fe99e6f8ce6195a9102486f2193ec719c196ee762a4c98f07,UNKNOWN,"DARKNESS, LIGHTED ROAD",UNKNOWN,FOLLOWING TOO CLOSELY,2.0,26.5,2.0,2.0
08f45dac302efa02c884ead27f534ba9dcb3d8962bba1a5f1177392c33dc146638624a5ca164ef7b13bcc548e64506147d3cf35f4d64853ebcadb04ee6130cec,CLEAR,DAYLIGHT,DRY,FOLLOWING TOO CLOSELY,2.0,28.0,2.0,2.0
08f4990cfcb651870be43055543356013695c5182c2e4434100ee72d03e2adcb7f289cbe2fda8ee2f944b16742eb4567d4ebefd11587c1b0b885b15f367c5d0e,CLEAR,"DARKNESS, LIGHTED ROAD",DRY,IMPROPER OVERTAKING/PASSING,2.0,16.5,2.0,2.0
08f49c54f486e500cf35fe843c149c7a5c9d7c9a55badd16ad441d73cc88b5a3cd2c2984c15edadbe78f69b3c8ed76798d7ce358ea4104425dc7caad8795e464,CLEAR,DAYLIGHT,DRY,IMPROPER LANE USAGE,2.0,54.666666666666664,3.0,3.0
08f4c39976c87008fa17e8217d1e5501b5a698948a919b3dc9360382ec241d217f919a3da9291cb3bf8e6a5efc76ef4e8fc7bf5557d5ef84d93b8dd1024e676d,CLEAR,DAYLIGHT,DRY,FAILING TO REDUCE SPEED TO AVOID CRASH,2.0,39.5,2.0,2.0
08f4e6960c13513460f7115f6fada3169ae3e07eff0ddbfaf9f04d09fff574d9212e2be0b10938c7514a60b82e459b7f60826adbdc8d368a4314bfbdc098314d,RAIN,"DARKNESS, LIGHTED ROAD",WET,DRIVING ON WRONG SIDE/WRONG WAY,2.0,26.0,5.0,5.0
08f4fb313bbdef9b1217daa7f89099e3a67e5373384a88381ecc1171a7df233d64739bdf3d4de85ec3f7b4a97a086de70f99320d4fa9dcd3a2cd5c14398fae25,RAIN,DUSK,WET,EQUIPMENT - VEHICLE CONDITION,2.0,19.4,5.0,5.0
08f50038f496d20688a80eceada9d73a6c5c561a2783c23a6cc67dc0a79303fa4d0599e0874969608c74c8630a1427d5f48f3bc0da48d018f8bf73a37b209e92,RAIN,"DARKNESS, LIGHTED ROAD",WET,FAILING TO YIELD RIGHT-OF-WAY,2.0,47.333333333333336,3.0,3.0
08f5028f74ad197e070f832d993de9024f5e18ac9ac7b90e5c9eb67155693432f1d62eb019112d3150e16b7d94f9472355a61d134e88e83a0d4e421c4d9818c9,CLEAR,DAYLIGHT,DRY,FOLLOWING TOO CLOSELY,2.0,37.5,2.0,2.0
08f50690ad2b947f64ffc3e6cf763cb89a11de2dcfe75153bd82f553f5073fc60c491333157180ffc9d22bdccd13a3b5d75d6027b396741d163f7bdc2b6a0803,CLEAR,DAYLIGHT,DRY,IMPROPER OVERTAKING/PASSING,2.0,27.0,2.0,2.0
08f517524030fd9108943142c4e4371a1c522a55961f2a7e02d9eb43789e7bc509a8cc5e8191aaf48665b762157cbf99db374bc9fec2216f6e31899bab7877a8,CLEAR,DAYLIGHT,DRY,FOLLOWING TOO CLOSELY,3.0,28.666666666666668,4.0,4.0
08f521b9543acbb4ba5fa83dc6cb2ce6fcd20f6b6b083b6b90d329d58a096eb5e3b210101ab69e53564272c5976ebe80de5490e7c856a3395f973567f2b0adf9,CLOUDY/OVERCAST,DAYLIGHT,WET,FAILING TO REDUCE SPEED TO AVOID CRASH,2.0,58.0,2.0,2.0
08f540de1aab65ae0a1ab908c8357b8d16ebe45c6c02e4306a255c12f834dc3ec0ee11caa7dca83d4cc9cf546525b61c871640c165a64198ca8a96b451556a0e,CLEAR,DAYLIGHT,DRY,IMPROPER TURNING/NO SIGNAL,2.0,27.0,2.0,2.0
08f55b2748893f15ecc2a6ecc00429395afecb8f0ed9474d99ff472edb2bd8527010d52a56852f2e952702d2bcaf7be269fb929fe975e207bc2b99bc2d21f747,CLEAR,"DARKNESS, LIGHTED ROAD",DRY,IMPROPER LANE USAGE,2.0,37.0,2.0,2.0
08f55ec56d3322750766bc41500093a77311e88ad4a33bf251e277f9233fea99f8213a33f555e5f0dad53d4ddf2096ffde6e9de190ac161b044eb058c22f41ef,CLEAR,DAYLIGHT,DRY,DRIVING SKILLS/KNOWLEDGE/EXPERIENCE,2.0,29.0,2.0,2.0
08f564cae352dcb028e62cdd348b9063150037507fd20d4155fb126b2649ab70dc140aa4d3a8440e00d48fca14f4afbc96066e90e9a3bdfce8ecb485207df14a,CLEAR,DAYLIGHT,SNOW OR SLUSH,EXCEEDING SAFE SPEED FOR CONDITIONS,3.0,71.0,1.0,1.0
08f57b394381aead57a28ac7b75bad425d0e547e6f173683608d68eff9801224e4a8d7c14d5b4b1d671cd3539c5474a93712ebe626130e71498abd399e19e31d,CLEAR,DAYLIGHT,DRY,IMPROPER TURNING/NO SIGNAL,2.0,46.0,2.0,2.0
08f5825cad78ea7d1a15181cd1f79f91894272b729aa9c18602b0a8c7cd6fe0630e0f9754e08d49a78aba0bcffe78be65e2f6e33437048d73847a5509a0aa6ae,CLEAR,DAYLIGHT,DRY,IMPROPER BACKING,2.0,67.0,2.0,2.0
08f595669d989b0745a0b8167812710f58c8949b72e354316890d0c81af6a29a257daffa0526829589e12299d953f71acccffde714c5eb823c98720d54d83621,CLEAR,"DARKNESS, LIGHTED ROAD",WET,"OPERATING VEHICLE IN ERRATIC, RECKLESS, CARELESS, NEGLIGENT OR AGGRESSIVE MANNER",3.0,37.5,1.0,1.0
08f5d7bb259097e3070defb879e62aa6b2583ab0bdcc51ada06f89cc1be8c68d177a55f753712fc5911eb7222da7ec6add3d9d1e9842f78db41aa58f31f011c1,CLEAR,DAYLIGHT,DRY,IMPROPER BACKING,2.0,37.5,1.0,1.0
08f5f44880bbdb1e79f504b883fc736f7d40045edcaef44a587195aa9f8a646e7caf03856f41edf7f8cd304ffe23cbc063f52bcdc4ceb542ad158555a96b6c08,CLEAR,DAYLIGHT,UNKNOWN,IMPROPER OVERTAKING/PASSING,1.0,32.0,2.0,2.0
08f60fb673755c0b3152ed5aaf8a46ba0ef5e198ccc31143e3eab202e223dcb41ebcc841fe724d65d8315ce646c4c65c1b6b5b895af9d72a002b7338f3088bc3,CLEAR,DAYLIGHT,DRY,FOLLOWING TOO CLOSELY,2.0,24.0,2.0,2.0
08f6214ede875ed9529e551a3838e393fe36be427cb98d0c4a876d94b683c7433ecf69708700bf89140173ac99c0ebad1fd0e9cfad524aa6d178874d92cd63b6,CLEAR,"DARKNESS, LIGHTED ROAD",DRY,FOLLOWING TOO CLOSELY,2.0,29.0,3.0,3.0
08f63802c2eb0180d93f2a5b95634b90fb5664d3397586982d14056e113a94595160b827aed412610d98211af29b083ab4ad00e8e4419f11d77a13c43b830333,CLEAR,DAYLIGHT,DRY,FAILING TO REDUCE SPEED TO AVOID CRASH,2.0,40.5,2.0,2.0
08f655163d3ac602e5f4bd7e60af15027c31679fa510e4557e85ef49d345a243ca151215e05fa165c0176acd81866a906eca5940db9fa2f05fdf31cb423de2f4,CLEAR,DAYLIGHT,DRY,DRIVING SKILLS/KNOWLEDGE/EXPERIENCE,2.0,47.0,2.0,2.0
08f6875bde1db934af1f528548442d92ee1574a1ae22e66719e05f21238111714f1b0b602026eb2a5cd1366e41811646f306de09de5870a34f884aac7400d73a,CLEAR,DAYLIGHT,DRY,FAILING TO YIELD RIGHT-OF-WAY,2.0,40.0,4.0,4.0
08f698e7f8e015474af206d45ea6fa44462c050635b3298e7d33e81f677e319d1909d3695ce68c8579cf0149f027d62bffbb8abb832c734a0a11bea93d906c36,FOG/SMOKE/HAZE,DAYLIGHT,UNKNOWN,FOLLOWING TOO CLOSELY,2.0,34.5,2.0,2.0
08f69e1922bcc9d340185134025eaa0ff50c428c34dbe4d6d07fccc8b99c19baf016f8969f7ee4bcc38d5668fad039126d28545c5037bf29048b3797e2ec3054,CLEAR,DUSK,DRY,IMPROPER LANE USAGE,2.0,18.75,4.0,4.0