crash_record_id,weather_condition,lighting_condition,roadway_surface_cond,prim_contributory_cause,total_vehicles,avg_driver_age,total_people,total_injured
08f6c0cb9af6dda09db5115a43c0b325042b06a9f745456eaa864174e37cb377ce6178d8000170bb17b27156972239b75daae7a72a37dabe2d8b114a76335c54,RAIN,"DARKNESS, LIGHTED ROAD",WET,FAILING TO REDUCE SPEED TO AVOID CRASH,1.0,30.0,1.0,1.0
08f6d1b80e93f032548ce1202bf1df810d500e743f2755bebba3975c07e8a05e6a62ad5b0eb788e2a2f783e0eae5139d904a635ec13244a79636f8b9bd28f055,CLEAR,"DARKNESS, LIGHTED ROAD",DRY,FAILING TO YIELD RIGHT-OF-WAY,2.0,55.0,2.0,2.0
08f6def8531d6e84d2021ecdccb22774a2bec4572e04113bb150ce00a16b91101d58cf2468a133b9e72ac7bfb5aee7b98e4e546edefc28b873e753a20339e230,CLEAR,"DARKNESS, LIGHTED ROAD",DRY,FAILING TO YIELD RIGHT-OF-WAY,2.0,33.0,2.0,2.0
08f70fd415e4d7104d271179d9fa9058e829e6f26466ce46ec80d521b9a2f2bf9d8a2f3d79f6857e542610a5a577d4e1da6c5189b238789ccb1d2234fe06254b,CLEAR,"DARKNESS, LIGHTED ROAD",DRY,FOLLOWING TOO CLOSELY,2.0,28.0,5.0,5.0
08f7376ad23a00f6560f674be336552f90ff03e056e2aa70c85cf9c8be2714bb060dccf10f53ecbbb7917ca064e14709b2afbb7b321af0859179a3847ef41bce,RAIN,"DARKNESS, LIGHTED ROAD",WET,DISTRACTION - FROM INSIDE VEHICLE,2.0,28.75,4.0,4.0
08f759030376dff8a2b232928b009970dfc9a7f62d202da05fdd0b6ab03f536ab9abb9ad9e4da6bde4e48ecfa337b707daef821a15e0ec01b555c5dc3aa02c47,CLEAR,DAYLIGHT,DRY,FAILING TO YIELD RIGHT-OF-WAY,2.0,39.0,4.0,4.0
08f78408e9edf7cb1f306414a03d1aa711442cacdc3399c763a50b8386d46053d9334d63719aba8e894ad17837f08813ac8cdc07e18a4322d354d94a7f8f56e8,CLEAR,DUSK,DRY,DISREGARDING TRAFFIC SIGNALS,2.0,27.0,2.0,2.0
08f7a367da3e504f5875731e90bd78a097b02aeb942a786994a27cc45204086c69ceeefaae66036a77982df45680d0a7d1d739538bcd6f657086ce59efe9e316,CLEAR,"DARKNESS, LIGHTED ROAD",DRY,DISTRACTION - FROM INSIDE VEHICLE,2.0,64.0,1.0,1.0
08f7db678af7d13436c2787c843370a38bfb5efa8d3755d5a74827dc452c2ac52e366486aed5dbd7eebfdb17c2836ce65894653255530e37cb79b836e97b4b8a,CLEAR,DAYLIGHT,DRY,FAILING TO YIELD RIGHT-OF-WAY,1.0,33.0,2.0,2.0
08f7dff46e1256551d96e8ab8a3a22a497d79e1f9649fb7682ac59ca30d6a7b8eb71bdc5c232c786d4b04000cc5d2690ab397fe9ab652d169fa4235086162011,CLEAR,"DARKNESS, LIGHTED ROAD",DRY,FAILING TO YIELD RIGHT-OF-WAY,2.0,20.0,3.0,3.0
08f7e12d96bfea7f8ffa064e9b916b1a82d10135454d91220af03281456b15863fb3094b235806fed514885e9ff76e33ac642bc576eacc1d311abfa07d6fdea1,RAIN,"DARKNESS, LIGHTED ROAD",WET,WEATHER,2.0,27.0,2.0,2.0
08f80c9dd759e174bc7c3a46e1a5f7569518aa206f14176979110a2888fc511f549e53ff29c4c42d2171afcdbffe6246e001d47b6011f9b6b61b8eec33a6c87d,CLEAR,DAYLIGHT,DRY,DRIVING SKILLS/KNOWLEDGE/EXPERIENCE,2.0,37.0,2.0,2.0
08f8164c7479db658e91860f0345ad8225b17ce8fef02bef3569b39c3341237cb474f777c7f14ec3aa01e4ff5377cbc65e9b638fbef9455de90030c36939dbab,CLEAR,DAYLIGHT,DRY,"OPERATING VEHICLE IN ERRATIC, RECKLESS, CARELESS, NEGLIGENT OR AGGRESSIVE MANNER",2.0,68.0,2.0,2.0
08f81acf6f7dc2ec2d058c83eac7d435149f1d88f7ed338d36585b2dfa8a80d9c959aa2ddf64d070a62f4e6caefe6315cf8a70d880cfd0fe449597a17d01c234,CLEAR,DAYLIGHT,DRY,DRIVING SKILLS/KNOWLEDGE/EXPERIENCE,2.0,37.5,2.0,2.0
08f81b156be21e43a02c548aa81219d27058c85063b333c89abd66dc6c5d433c016b6e85f294d157409d0f23f752c9506d277da9cf954c88556fca3ba3fe1aad,CLEAR,DAYLIGHT,DRY,"OPERATING VEHICLE IN ERRATIC, RECKLESS, CARELESS, NEGLIGENT OR AGGRESSIVE MANNER",2.0,34.0,2.0,2.0
08f82185998e860e377cd13a33d8235438e75dd524afd64ea81c7ec3e4854b313099da662b9ea28c85cedc6efc0f5e9545eafbaa00d1639ff5e601fb87f28f5b,CLEAR,DAYLIGHT,DRY,IMPROPER OVERTAKING/PASSING,2.0,40.5,5.0,5.0
08f84a74e94855efe940ea59c1e602de1b4bed3463c2256018b036e6fd7ab7717f3c0be51464c0553a7081b867365eff35533b31629c78c113a7d7de123284cb,CLEAR,DARKNESS,DRY,FAILING TO YIELD RIGHT-OF-WAY,2.0,52.5,2.0,2.0
08f84ca4c830c6c67fa112614e8c7fd5d4363571ba765be28f08cfce024a7fa6ab663f73c3b6713472fdced7c924d1a9083aa0cb49dd9d6568e4fd943ef56be6,RAIN,DAYLIGHT,WET,DISTRACTION - FROM INSIDE VEHICLE,2.0,34.5,4.0,4.0
08f84f8750e00dc4821efc37cb9ef6d969d9796642c61b8b12eee243efe21e4726a6c5c2cfb2983bb378d0f171b2ea73cdf11af6f42554e202e60171570de018,CLEAR,DAYLIGHT,DRY,DISREGARDING STOP SIGN,3.0,51.5,5.0,4.0
08f8546da911e145171a4c1a74f1395bfb742cf7c8c40eac0a3ec60747ef599ff036ba3719e62b4e0c174263dbd963f01d21a07f7f8e3de20980d7fe383ede91,RAIN,DAYLIGHT,WET,IMPROPER OVERTAKING/PASSING,2.0,47.0,2.0,2.0
08f860a03b230764bef85be8ebd9f2d75d3e16f99d6c9ea0020fc8c7949a81c498bf8285231c33f357cf699a8cef231a415bb37d0f87808ca78fd599c586f1f6,CLEAR,DAYLIGHT,DRY,DRIVING SKILLS/KNOWLEDGE/EXPERIENCE,3.0,42.0,2.0,2.0
08f860f8ad2801df0c6930ba940eefa7ddf0beddb32e2d66c73f40a97ef9945b9c04b8ad9573251b66253a588cbdedfbfd68e1a2d90beed0a7b1838f3e882c3d,CLEAR,DAYLIGHT,DRY,"VISION OBSCURED (SIGNS, TREE LIMBS, BUILDINGS, ETC.)",1.0,75.0,2.0,2.0
08f88e459273c283457b72b74c1913cbdc5eee6da5b87b2e46911992ad131fb12de1f821de731946ab93b6e82ebf7774b12c94e7fc0c3eb8fdcdd926a62a1f94,CLEAR,"DARKNESS, LIGHTED ROAD",WET,DRIVING SKILLS/KNOWLEDGE/EXPERIENCE,3.0,37.5,1.0,1.0
08f8b71313de469e59c0f3e57b67f740a6eb34adff7462051ebba76561c8999e189a7fd543ed03af73d4f5ab217909d5d44566cc14396a9da0f682e7e7edda14,CLEAR,DAYLIGHT,DRY,IMPROPER LANE USAGE,2.0,38.0,2.0,2.0
08f8d7ae0c6ec403042be4419fbc5892a706942a8f9c5055dfe4617d2e8d7b6e8986b0fa9e51fa66f9d35720ce1db9673d93d1f5b30d91115df56ceab6925527,CLEAR,"DARKNESS, LIGHTED ROAD",DRY,DISTRACTION - FROM OUTSIDE VEHICLE,1.0,33.0,2.0,2.0
08f8da3bb30f91b819c30db7ad0190b78c54d061eb17e0888238004738674768b4bb1362ac995434d3a3ccbca00a0a3b2d62b0d411c874a9abf981a4e2a3869a,CLEAR,DAYLIGHT,DRY,FAILING TO YIELD RIGHT-OF-WAY,2.0,50.0,2.0,2.0
08f8fca735a8c960d4c702a65fa20bf3ea085fb068f238966c5c9b1ddf9f91280488f6d1a2dfdca8b222b24e6e1a4d99637ae8fb5fc2a4a4001c40a930b23060,CLEAR,DAYLIGHT,DRY,IMPROPER BACKING,2.0,36.0,2.0,2.0
08f918ffec08ae907da686ee3674c7432acaad3c05a93f5857013526cadc8ef6a79dba84c1bf50d21df4a5d200c2fe111ed30630c81192ff76b5207edf908a9b,CLEAR,DAYLIGHT,DRY,DRIVING SKILLS/KNOWLEDGE/EXPERIENCE,2.0,37.5,1.0,1.0
08f92792ef40578f64f0a8a2ff038dc29a2bf4d63d686153f90f57d0cb1965e6697eb2e956688651b4d2b6f8ac28f096ed394820731d1c34ede86a71d8b8b4b3,CLEAR,DARKNESS,DRY,IMPROPER OVERTAKING/PASSING,2.0,26.0,4.0,4.0
08f9285ed268075f6e11360641d44f65adf59b509958328f96457f70d8d48099bdf29853d4d057b22e3b054bdbad3943e13ce1948fd0cc4c99a80706a8abb89b,CLEAR,DAYLIGHT,DRY,FAILING TO YIELD RIGHT-OF-WAY,2.0,42.333333333333336,3.0,3.0
08f936b075720de73fdbd643959872a1bcc1b95510b28b06496ecc09159f761bb5d533593a77f16cff16f4b55b27c1b586586ee7cb6ea491496348ba9cae535d,RAIN,"DARKNESS, LIGHTED ROAD",WET,DISREGARDING TRAFFIC SIGNALS,2.0,26.0,2.0,2.0
08f95e0ea74640ce57633838e6a6af93bdc79ce13ba46d576135629b5707611a6404ba92bb4bca613b2c110f5f6963ba8dc8432cb9e2aae93818f3a1bb18aa37,CLEAR,"DARKNESS, LIGHTED ROAD",DRY,FOLLOWING TOO CLOSELY,2.0,51.0,3.0,3.0
08f9684ed343e64b435160e6a5354a6af3dfdd2869ef7d0e06d530178ab557b69e749aa9459397c590ea7920fdc4cdf9007b49516e8ae4db07a0c22a93d925c8,RAIN,DAYLIGHT,WET,FAILING TO REDUCE SPEED TO AVOID CRASH,2.0,23.0,1.0,1.0
08f96dacbe7e893fcf6dbe4b60f09d44b957bad288af6812f48ea6acc0ab5f0feb971b5b1897a4ccbeb82d77c480904ab705ffd05a19f4b4c91ed6f22072d3da,UNKNOWN,"DARKNESS, LIGHTED ROAD",UNKNOWN,DRIVING ON WRONG SIDE/WRONG WAY,2.0,50.0,3.0,3.0
08f9774a9eff480dfdd2ba65dc3967019e6851ff6ff1516956b99c5ce2769c2faaec2df2abcfa0061a1ce85bd6957e1f1048c062de518aeb338ecc57c957051f,SNOW,DAYLIGHT,SNOW OR SLUSH,WEATHER,2.0,32.5,2.0,2.0
08f979919e035936e0e1c4f8c77184f9bd6a080e8b3d87e2f53c0a7376da5d986db653598aa42b8c8757ac9cf9488963806bafacca2ebbdcea50cb6599b67976,CLEAR,DARKNESS,DRY,FOLLOWING TOO CLOSELY,2.0,28.0,2.0,2.0
08f99ce0d8337124e4a9178e712b7ec902204f7c35ebd48ed7d2e3ecd5ab1acd4199eb5eea2e35373930be53014da85e9ea5a43b4bd0b4c4a95daa6d0927d511,CLEAR,DAYLIGHT,DRY,FOLLOWING TOO CLOSELY,2.0,50.5,2.0,2.0
08f9b6e45536260b47870d2171c003e1c1e13f3ea520ece7f37f9180ea57b3bf6b449cc023769815b3177bb42f61ded5d1582f5d5de9ac829d9ce7c38671600c,CLEAR,DAYLIGHT,DRY,FOLLOWING TOO CLOSELY,2.0,77.0,2.0,2.0
08f9b7804bcaddd1500fcb102acb96afd30d3c48f8cf85ae05609cd6050b292bec901f55973cf8d91ace238dbde3083c07070e6bff146c6dc60fd42a45264d8c,CLEAR,DAYLIGHT,DRY,FAILING TO YIELD RIGHT-OF-WAY,2.0,45.5,2.0,2.0
08f9bc1a9499d1ba9c21cf8866e71b386e34f554a993ff553aec7b8e41f6537fe09dbec614772038d20e2c130cf5d73496ed71b71ac42336d244f058ca243b03,CLEAR,"DARKNESS, LIGHTED ROAD",DRY,IMPROPER LANE USAGE,2.0,55.0,2.0,2.0
08f9c0afd9c03f6df72d08dbc8275fc747b477c09a132d0c446a61617aa53729ffd225659af764f4568a8bd3d582f1b269b02f2f9ca68cbcfd059ba51ff8e0e5,CLEAR,DAYLIGHT,DRY,IMPROPER LANE USAGE,2.0,46.0,2.0,2.0
08f9c112c3db55f7c6d48d74e5090df91e51045e5d21ad5b74022d8a705af6e31c4066f7100a00dd41a2f7caa48c3a748b1bca91cf80d29f6218a5142da3fea7,CLEAR,DAYLIGHT,DRY,IMPROPER BACKING,2.0,49.0,2.0,2.0
08f9e9b7d6538d22e9ce0a03cf39a5729d219fb50cb09dac3561c7507ad076485d713dd8da1534b375559e04dded06e77d9e5de5bd2e28a3241a0cc895e11794,CLEAR,DUSK,DRY,DISREGARDING TRAFFIC SIGNALS,2.0,37.5,3.0,3.0
08fa6709498c7ae24feb9dc40eba3150568a44b4377ff37e50bc442953a9d9f681f18884e64c8d5b2e7c16e22f21736872aa6d2bd899ab13f3ccba72b7f770fe,CLEAR,DAYLIGHT,DRY,PHYSICAL CONDITION OF DRIVER,2.0,64.0,2.0,2.0
08fa687b6bc76ebe41bea308d70b8006cb1c768fc760adcc8e69d92c280e475b846ba6374fcd1751be9ac263914da1230bb0c84c1b4b3e591818050daaca6b44,CLEAR,DAYLIGHT,DRY,FOLLOWING TOO CLOSELY,2.0,64.0,2.0,2.0
08fa773d15f2c70684fae832a726125ea9646473bef3510c43a3f76cb4f2bb862d9188b1465158861b6138bab9f15115ce0ea358bfbaa8040630a6bacfe099ed,OTHER,DUSK,ICE,WEATHER,2.0,36.0,3.0,3.0
08fa86ff666b1dc6a6bb40fb106e6ff62b4415e20d1d33b3616f3b5b72bc6f1bdf171dbcacd7e63c04168b13fd36bbec7fabce45ac78bda9b6bfdf74a4003e61,CLEAR,DAYLIGHT,DRY,FAILING TO YIELD RIGHT-OF-WAY,1.0,43.0,2.0,2.0
08fad52d06218743bae0a7da9bc135c7a4f712277b2e4c7a374f6ad80ae3fd19b7e1b80a1e9367c511efad5815a465ee1d216ac834789f29f175c2abb35b094d,CLEAR,DUSK,DRY,FAILING TO YIELD RIGHT-OF-WAY,2.0,18.5,4.0,4.0
08faed16a7c3c403e64aef44fc4bf5a6fdc5b2d3e9b047ec6e87359c7c689deba00eb4d9bc76df11323cee8697075ccac44450186f0217ad3c2ca54ab22396b4,CLEAR,DAYLIGHT,DRY,IMPROPER OVERTAKING/PASSING,2.0,26.0,2.0,2.0
08faf4f0c7a991357d18ad49f2ed10378497a2aa585935e31f1bfb8029936a560d6b9b57db78cf0ca290e86e179477704e2010067afececb1f8abb3eb1e33be2,CLEAR,DAYLIGHT,DRY,FAILING TO YIELD RIGHT-OF-WAY,2.0,67.5,2.0,2.0
08fb30392875af44f4b39f88c30427244ef8942569fa572ec4978c70e32c2abeed7a6148f69c90cedfb98f458978f5896dcaf15f0a0c0e56812de7a6e598c3a3,CLEAR,"DARKNESS, LIGHTED ROAD",DRY,IMPROPER OVERTAKING/PASSING,2.0,37.0,2.0,2.0
08fb4124b1d63f0c5770ff65bd1f4ef9db8ca859e8684ccf791f0923f7ed12780f2501db1a235d5598c37429bd4dac05a0b0adf08bbb2d3262df0827d2b0dcf7,CLEAR,DAYLIGHT,DRY,"OPERATING VEHICLE IN ERRATIC, RECKLESS, CARELESS, NEGLIGENT OR AGGRESSIVE MANNER",4.0,37.5,4.0,4.0
08fb4dc63dffa2efe2040e9bd4bfa6f3f2fd19358876459a669a4929196befa4fe319e9d88ab832cb57fa8b19a708a3b522feeabeea1a3462f5b4b2bf14387f7,CLEAR,DAYLIGHT,DRY,FOLLOWING TOO CLOSELY,2.0,44.0,2.0,2.0
08fb5e6ae0f1ac5ef9e51992b0e42d38883ab7450d5348ff6181486b9bdfbf05835a295b193d39ff154135f2b021017f7baab5df60f627fcc4d884673b16d310,CLEAR,DAYLIGHT,DRY,IMPROPER OVERTAKING/PASSING,2.0,59.0,2.0,2.0
08fb63bdb10bb7372e12f92f31e5435b1bad77d02f20cf2d4fece9bddb53b7d07ab89b114a9fc3deccc43614ce03d700405c99a450da7911a82165688ac72b11,CLEAR,"DARKNESS, LIGHTED ROAD",DRY,DISTRACTION - FROM INSIDE VEHICLE,2.0,33.5,4.0,4.0
08fb6a4bc149345bd90ae7f393a622f905bf61a5acc4a1a5d3515437d560d7f34070484ad223c0810056f19510048017078aa13f5c4b1e708e066ef2b7919e23,CLEAR,"DARKNESS, LIGHTED ROAD",DRY,DISREGARDING TRAFFIC SIGNALS,2.0,36.0,2.0,2.0
08fbb0bae1593752a36f2484abbde157cd169b6bcd4b9f8c3297f6a900fa0d014077aa5b4e78b63c5392ebc89cbffc77f76e11006f3ad9bbbf3ce22f30743219,CLEAR,DAYLIGHT,DRY,FAILING TO REDUCE SPEED TO AVOID CRASH,2.0,53.666666666666664,3.0,3.0
08fbc0b07a8f1b516961055dda412ea833efd11a9714b022f6ae29a20f07bb6bb089ebc26cec5d82c90b16374ab3e6c1fed11723fb22c71eff2a8575a72e34dc,CLOUDY/OVERCAST,DAYLIGHT,WET,FAILING TO REDUCE SPEED TO AVOID CRASH,2.0,46.0,3.0,3.0
08fbd6b5d9095e73650faf19f4e80456068ae05f1f65c39c1bc50547ad79a31e21806596dcb30b21a80536ebccf732298b8621786c2d73ce9312bf6a3b374796,CLEAR,DAYLIGHT,DRY,IMPROPER LANE USAGE,2.0,41.5,5.0,5.0
08fbf6410ece880976e4a55b14738ed4741c09ce5cef2cef3d96bbb60b79f3c9bc7a25243c722d2284c84bd2198435f398622858871d57448ff73699e32ac0af,CLEAR,"DARKNESS, LIGHTED ROAD",DRY,FAILING TO REDUCE SPEED TO AVOID CRASH,2.0,21.0,2.0,2.0
08fc27ba05358bf1a0b0e654df517cb6ec1f415de132b893bdc0a65aa7558ba67cf7e24e965e5f713346191d634f03eb65ec15f54ddb23abb39926009e1e765b,CLEAR,DAYLIGHT,WET,IMPROPER OVERTAKING/PASSING,2.0,26.333333333333332,4.0,4.0
08fc2e0ecc87cd7121ffacdf3c9420a0e1c2d43c5cd6b0334166caa96e8d76f6be2da53dff38760875166d2433b8f090b58cb68f8b89f40df6d6a9f6302dd9de,UNKNOWN,UNKNOWN,UNKNOWN,FOLLOWING TOO CLOSELY,2.0,45.0,2.0,2.0
08fc6f9c6a30910479119adbd9aecae31fed1dc592d5f25ba7330ee9cb7977ccf70512a67fc89cadf3e132e3e5bf0b70a4c5239ebebe110a9217ec0b7d89adcc,CLEAR,DAYLIGHT,DRY,"OPERATING VEHICLE IN ERRATIC, RECKLESS, CARELESS, NEGLIGENT OR AGGRESSIVE MANNER",2.0,34.0,3.0,3.0
08fca8cbd59d67733378ea211b20f5ff1250e78855c11edd0eca2c63a26979794559f65e534002b27d06ff452b10525e21f69e104942265e0b4aafe8a450e43a,CLEAR,DAYLIGHT,DRY,IMPROPER BACKING,2.0,29.5,2.0,2.0
08fccff426aae829166d2f1906989812ab431d20c681b7e891d968b64c586ad026f47b288277525649258161a1984cbb17894ab2a387f1868a8cace6547483f5,CLOUDY/OVERCAST,DARKNESS,DRY,FAILING TO YIELD RIGHT-OF-WAY,2.0,35.0,2.0,2.0
08fcdf334c97b92b49036259b55905f4eb145d9c4d834c43f0e471d9d8cec001b4f78915d8587e1901b42a65c741b4306adcc5af5758fc852fb665d3b8c52041,RAIN,"DARKNESS, LIGHTED ROAD",WET,IMPROPER OVERTAKING/PASSING,2.0,53.0,2.0,2.0
08fcffca08f40d1eefbebb017499d6dfe79f1c696cae06f891dea91b9865ae5c03c29e5c48a635c8371a5d40c669b9dec0fbcb5049bcdccb930c91af0a1ebc05,CLEAR,"DARKNESS, LIGHTED ROAD",DRY,IMPROPER OVERTAKING/PASSING,2.0,41.0,2.0,2.0
08fd0d1268638d19e06c1d2bf82653163b0d80ca5e019b0e829469cd14021c7bf77bd408b352501502f0eefa3dff5014acf27c0dd58275170fab84499ed45cbb,CLEAR,DAYLIGHT,DRY,IMPROPER TURNING/NO SIGNAL,1.0,33.75,4.0,4.0
08fd28e99542cc05a25f08b7eeefa8159c4be998ad8a04c8a9169389e162f92bf156adab1437840a9df81cd1bfb20d0f2661939e4e2782066e791108d6c2909d,CLEAR,DAYLIGHT,DRY,FOLLOWING TOO CLOSELY,2.0,39.333333333333336,3.0,3.0
08fd44175c67ff85bde464509a7cd3fbc791494c36a00a792e0e692fbea5edd02d7913c3720a0efdfab2d4c912cb79f9b247f93eeb707fc3a0db9df496addd9e,CLEAR,DAYLIGHT,DRY,IMPROPER OVERTAKING/PASSING,2.0,33.0,2.0,2.0
08fd475f7c75e405eb5ff886bb4758c8776d677951f097c3c4fa33de10887b2b731f47ad8d7028f6d495c6ea427ced3d915bedddc347444e20a4aa3fed6800f1,CLEAR,DARKNESS,WET,FOLLOWING TOO CLOSELY,2.0,55.0,2.0,2.0
08fd7ff71596f8802eee474a376518506d375e38c68b707c5878e34aefd60aac6230938a53159bd5039ff1dc57bc684b9f9c30a005c0ad28f9fac34978084a33,CLEAR,DAYLIGHT,DRY,IMPROPER OVERTAKING/PASSING,2.0,49.0,1.0,1.0
08fd9c49ec0809d9df11b7e174e247910db0dd6578b6d135acba18f86750dd73c0d94abfab22c0c7055238165df23856d4e82e4cd9fc113451700aedc96a65a7,CLEAR,DAYLIGHT,DRY,FAILING TO YIELD RIGHT-OF-WAY,2.0,42.333333333333336,3.0,3.0
08fda1b30d513d8acb2ec478b254c68cef5de0b4956a713a7154fabd83c827e991b8ab86c4d0bef7abddaaad8827591b9fdd37f5da0e597207483d7a1ef02813,CLEAR,DAYLIGHT,DRY,IMPROPER OVERTAKING/PASSING,2.0,49.0,2.0,2.0
08fda8dbe8b8dc1a7d406a1f6d43946f4e43a6c1e517df88f4a41718f0862610bdffd8e6a403cebabd165b60ab9071c7631ccd7920f015509d4dc5bec17abe63,CLEAR,DAYLIGHT,DRY,FAILING TO REDUCE SPEED TO AVOID CRASH,2.0,42.666666666666664,4.0,4.0
08fdce4e0054d2f581721276e20b713317f2048021c5a2d95756bad79c47e344ed66348aa20fc8cceb2ebd7a8ae0108bf83c38ca6fec9cd84443b21aaf32847b,CLEAR,DARKNESS,DRY,FOLLOWING TOO CLOSELY,2.0,19.5,5.0,5.0
08fe32ae53c617267df48c5eb3123c37a89cd178c0dcd4b088ad833c509bd06050b819eef0ab2c12c5bf1c18ab3dcb7f5dd220a68d935d45e6b441da435fe919,CLEAR,"DARKNESS, LIGHTED ROAD",DRY,DRIVING SKILLS/KNOWLEDGE/EXPERIENCE,2.0,27.0,5.0,5.0
08fe41d734af98873f0d582ff0efecd0328530647730138fcf1a4b1313770804761a2657bf569da93c2fd447ab93f1a3f3a5b966f1d0222ab8873cd2932f9988,CLEAR,DAYLIGHT,DRY,DRIVING SKILLS/KNOWLEDGE/EXPERIENCE,2.0,27.0,2.0,2.0
08fe83243f5264856bae9037465b9da386c1790ccdfb27f51d683a508337662e1b8a7a4c7b4ee991387e5503327986d0aa51328a40f5efc5a0a5bb5ab157866c,CLEAR,DAYLIGHT,DRY,IMPROPER OVERTAKING/PASSING,2.0,38.5,2.0,2.0
08fec208bbcbc8f9a2dcd3f61db6474f349825035a228b4b770963e380ab7afc7c5e32e0f8336271478918f86fef9e139381a9e0f17fadf25b1a221396bf1fb1,UNKNOWN,UNKNOWN,UNKNOWN,IMPROPER OVERTAKING/PASSING,2.0,28.0,2.0,2.0
08fecfb3b496fda0f7d8bc6fdc423787324b742b330c556e84696146cce1d4bdc6e11baf34babd9848e9158508c210d449670ca23e58e700543ffe5d3c40a5c5,RAIN,DAYLIGHT,WET,FAILING TO YIELD RIGHT-OF-WAY,2.0,29.5,2.0,2.0
08fefaaeaf314696fd7c7aae26d830233f09a05a79101b021aa66afa9b5eff7808ea72b49ee634073c6eeff498dd79b8638d748c5d106466a8179120b0027414,CLEAR,"DARKNESS, LIGHTED ROAD",DRY,FAILING TO YIELD RIGHT-OF-WAY,1.0,32.0,2.0,2.0
08ff0db6004f3887cc8e3e43f6e2853e8b63be0b0c7aeddf1e4aae37cae324311de736b8a5186620741279d26dcf8219fa4d6e4dc1bd269408e3361bade85c78,CLEAR,DAYLIGHT,DRY,IMPROPER OVERTAKING/PASSING,2.0,17.4,5.0,5.0
08ff1ff1ff5d7273113561b169e3841631ac67cbcc7706ee4cc35aa81001347c680ee095e28c6fe546cb2a875336faf6275e820e407349c6fd21e3ce971a9912,CLEAR,DAYLIGHT,WET,IMPROPER OVERTAKING/PASSING,2.0,51.0,2.0,2.0
08ff2627a5f98e7b05f0aa516beaf3011c1b6685fcf995bc85323f1b7b339c4efdc2333762921c1c78f136642f586b1326580a34b7b837507f46eeb6060984d6,CLEAR,DAYLIGHT,UNKNOWN,IMPROPER TURNING/NO SIGNAL,2.0,25.0,2.0,2.0
08ff3a1f51277550370eadfca5613a63c4dc85893fc3fe0b190e850b41ab5f8fe6208448dbf26192a4bc2be6c75d22b6c7608e364b092f48ce69537b1457ba39,CLEAR,DUSK,DRY,FAILING TO YIELD RIGHT-OF-WAY,2.0,41.0,2.0,2.0
08ff52c023f6f1723a14b5e459539509b6c8c3db63d46d0fb12d3c8835cf01ea56e667e32de4c5068bac7a862a6f8fcc62498e740c11fa1624594c68ac3b3f9e,CLEAR,"DARKNESS, LIGHTED ROAD",DRY,DISREGARDING TRAFFIC SIGNALS,2.0,37.5,2.0,2.0
08ff72ce416cbf308b540fbff3e65e5f71eae7b11f3212a86011c4c5652eb2e7d3ff085d8e0c09ef6bc58feed68a72f5de68a58615f5fa0163696b8a0f7e3951,RAIN,DARKNESS,WET,FAILING TO REDUCE SPEED TO AVOID CRASH,3.0,25.0,1.0,1.0
08ff733b37e28255acc37e1d3af51e832018ed5e6dc255d1288d55ee5cb721ecaacd92a391c465b56c652b62dcb2dc8a9029dac955a9b965ffcf3c58edb0f744,CLEAR,"DARKNESS, LIGHTED ROAD",DRY,FAILING TO YIELD RIGHT-OF-WAY,2.0,36.0,2.0,2.0
08ff95911be2967ebe05d6d0d04c2dc8c0cb5ba63834b39914d3dcf8b5691419340a08e0d1a7bdaf209cc72729b35a45ff84b9aa28f986cb90653b800bdb4fe7,CLEAR,DAYLIGHT,DRY,FAILING TO REDUCE SPEED TO AVOID CRASH,2.0,25.0,2.0,2.0
08ffbefad1ad96b63c44cd20a591888b4058c8da0c0b8d6a326e4b8da9138f54d7af77379ee8cb6448b609d9f96e3f7b5db88707e19e06284eafbd9bb14d7d05,CLOUDY/OVERCAST,DAYLIGHT,WET,IMPROPER LANE USAGE,1.0,42.0,2.0,2.0
08ffbf31caaa2248f392e58f4fe03d832eee0cc569acf28b733fc0f62dc61b50f8439b9a0d1fcb3c5bd1d9556fe6e28e8ea8b7b18ee65a87192fc10ccd9adee6,RAIN,DAYLIGHT,WET,FAILING TO REDUCE SPEED TO AVOID CRASH,2.0,34.5,2.0,2.0
08ffc3066d9ab3c4ac16f4bad2c96d582c925e08bca74554c5d98a12c9ddc156ee6f486d85357673516d3605db947d298c8f8373c3fd2cff15925e777bb7338c,CLOUDY/OVERCAST,DAYLIGHT,WET,IMPROPER BACKING,2.0,42.0,2.0,2.0
08ffcbf571577991216018df1db9831b6347f2ca6901a94a9549def9d8c224be8a28eeb62b4d6202ceb82ca62e77b858e0fe5430c05fc5c262519f2ecd6a004c,CLEAR,"DARKNESS, LIGHTED ROAD",DRY,EQUIPMENT - VEHICLE CONDITION,2.0,58.0,1.0,1.0
08ffd72a122b27abc76a329094b292890e4557ae0cc6e7a074ff7f7ce4c23a960b086e9aa85811289eede77ed1534d67ed3688bbf84bef26208713060f26ec7b,CLEAR,"DARKNESS, LIGHTED ROAD",WET,DRIVING SKILLS/KNOWLEDGE/EXPERIENCE,2.0,37.5,1.0,1.0
08ffd9e293e9914292ed70b53aaba2c84502f64bdd88f377655eec488c73e97d5f699a628ed96a95ccb9f4f1e98c5c67b442ce75b2f224dcd7609d8131dc2eaa,RAIN,"DARKNESS, LIGHTED ROAD",WET,FAILING TO YIELD RIGHT-OF-WAY,2.0,34.5,2.0,2.0