crash_record_id,weather_condition,lighting_condition,roadway_surface_cond,prim_contributory_cause,total_vehicles,avg_driver_age,total_people,total_injured
08ffed08281655f1a8cff9d35a00e37a76808fa211adda9b3f288110884dfd32dbc129bd20253ca637ea55cdb5d5bf711391cf8bf11dccabfe5b3b548cef5743,CLEAR,DAYLIGHT,DRY,DRIVING SKILLS/KNOWLEDGE/EXPERIENCE,3.0,24.5,5.0,5.0
08fff2c6c63945014d288e518156109a0bff4646cdc9beff06517065456ef887eafd7398cba3afa65bc37a9b98fd8743e05712dc38f932cbbca00e8cbac4a32b,CLEAR,DAYLIGHT,DRY,FAILING TO YIELD RIGHT-OF-WAY,2.0,46.0,4.0,4.0
090007ac512c466b5e2f19c44457bc575c9d686d206af76ca02b0734fce1d23456197f58af1ca68284c8827d090ac0aa8094e2cf5e4a2886f50a53ba07780b03,CLEAR,DAYLIGHT,DRY,FAILING TO REDUCE SPEED TO AVOID CRASH,2.0,37.5,1.0,1.0
0900285d326f533934567a97c45863e3710cfac6557ff50198406e813aff0b472df121135577818880d22b8b90cc363e58fc3381a3a659e5ebe23b86905f7df1,CLEAR,DAYLIGHT,DRY,IMPROPER TURNING/NO SIGNAL,2.0,31.0,3.0,3.0
09002c2f1b9b5526a1722ab8b5dd8129242949d38838f00790809d29b141c36aa78de0df7a8df7bded23ab663bec92b653137e03c52ecce9034a995e4b91647c,CLEAR,"DARKNESS, LIGHTED ROAD",DRY,FAILING TO YIELD RIGHT-OF-WAY,2.0,41.0,2.0,2.0
090037e1b99a3f7bff813b9edb982c1e1bac0eda13f800364b20c9725989ef0ba0bffce64dc4af2e5a6dc973b013a231d7921071931e42ace4a5cfacb9b77137,CLEAR,DAYLIGHT,UNKNOWN,FAILING TO REDUCE SPEED TO AVOID CRASH,2.0,28.0,2.0,2.0
0900652a4d6fe657bb061031de08a0b089ce0baa337c961fc8fc87b4243fe6e3af398c8db616cfbbe934937cb07dd040204fb88451f6543bb8e2dc49bc2eafe0,CLEAR,DAYLIGHT,DRY,DRIVING SKILLS/KNOWLEDGE/EXPERIENCE,2.0,37.5,1.0,1.0
0900aecdcd4d45c5a592fae7434478e8343b842fce05fc5de42e3e4b7c99c7a0de3a0fa7797aacabf9854bff967366b9023ae5c3121d37d52ec89e4c4350d348,CLEAR,"DARKNESS, LIGHTED ROAD",DRY,FOLLOWING TOO CLOSELY,2.0,43.5,2.0,2.0
0900b7695f5e33c1498af7bf4a6a1fa7f7cda9a3fe55581d669cb079d93d225745ecef282f72eb2425b9fc2528aaac27c0620efd8f7548c5c1ffaaeeee27ffe6,RAIN,DAYLIGHT,WET,IMPROPER LANE USAGE,2.0,29.5,3.0,3.0
0900d0069f19749f55f6e3d9c291dfef69b5bd908c3f65177729138ff2c4be44f2272cd83cde6df20a9357dd917411845b37887b69ea744b1bbdeb57fe2d0eb4,SNOW,"DARKNESS, LIGHTED ROAD",WET,FAILING TO YIELD RIGHT-OF-WAY,2.0,48.0,2.0,2.0
0900dfda1cad2b8b33318653bcdf738b33cae95f30b10a6da2777550a8949c15ecd5819fe2b34aaf4b8a6fdcbca9f44fb36f1a066fb1bf299984faab062ca4e5,CLEAR,"DARKNESS, LIGHTED ROAD",DRY,FOLLOWING TOO CLOSELY,2.0,33.5,2.0,2.0
09010a8e4835a160ce1954fa2315be9e27d603e020c93954d0c3b87b91cf51becbd45e31da26b8103d84c32daeefe256b1c12c06092b56f89356e3cf18951c61,CLEAR,DAYLIGHT,DRY,"VISION OBSCURED (SIGNS, TREE LIMBS, BUILDINGS, ETC.)",2.0,30.0,2.0,2.0
0901143b9e01a3b6783bc605bdf4efb871422dbdb8989d73194272c353bf3a6596ac28fd57a3027d225fecd17d524858150f3b3e409f8ab1bfe6abec82d01919,SNOW,DAYLIGHT,WET,FAILING TO YIELD RIGHT-OF-WAY,2.0,27.0,2.0,2.0
09011aa3549ee92468a805b670df5fb2477b0a1bfb8863be0c7b011603d597f9c7735bf8a7f7f3ef3569c94414329b538e6384b7cfce8c046f693febbfb936a3,CLEAR,DAYLIGHT,DRY,DISREGARDING TRAFFIC SIGNALS,2.0,37.666666666666664,3.0,3.0
09012b5cd44855d6d58b3fd9c9dfec544f1ec0b9a488e9b47e084815dc9523ac3e9fbc4fd4c85e39953fe03416285b91a29c643264a4010674ba1f2d1a13bcf4,CLEAR,"DARKNESS, LIGHTED ROAD",DRY,DRIVING SKILLS/KNOWLEDGE/EXPERIENCE,2.0,42.5,2.0,2.0
09017f299751357f3b50f8cc72867dadb7dd7683ca1aacbb55a77fb5e6fe035c364f76f9b9f26264fabf86cefff3e312ae2e30ff770353b60db7cec79b0e9eac,RAIN,DAYLIGHT,WET,WEATHER,2.0,53.0,2.0,2.0
090186f9d88560e75c9fa35ba543e48fb285cb4ce65ccb3b8e59b40057efb2fcc3ecb1cb2b326ba3df83dfdbc94e5242695d276038fa3548b8099dd1d8eb1225,CLEAR,DAYLIGHT,DRY,DRIVING SKILLS/KNOWLEDGE/EXPERIENCE,3.0,48.0,3.0,3.0
090189975810061a0f137afd05a029f741f39875a6a8a693076232807121f9fde837f13cde5ea115c092ef9d26290b0ee89acfcd1425166d0455f22771f7ea9a,CLEAR,DAYLIGHT,DRY,IMPROPER OVERTAKING/PASSING,2.0,19.0,2.0,2.0
0901a81e496e9fd69716c0f5b218aeb997572f740707f20740d53b56a3dafa23749b54cf96cf8b0a04d2f795b607a2fccc24b152bec9f1a5729b3f95ee87b5c0,CLEAR,"DARKNESS, LIGHTED ROAD",SNOW OR SLUSH,ROAD CONSTRUCTION/MAINTENANCE,3.0,31.5,3.0,3.0
0901b63cd4075e2f2074c39a895b3ad36739a4684fe2120bca4feefe0ac3d0a4d17e2449b629e16d63b4137fe17082abb160b9c70858e65ab7852fe888276e11,RAIN,DAYLIGHT,WET,FAILING TO YIELD RIGHT-OF-WAY,2.0,39.0,2.0,2.0
09021168aa169f7ae622e9d1235b753b85669051307df296c89b1c161123622c9d8e66a0b3534d2fbe988868d1ec4c9f3bb735301ea902cc3bbdbc329713ed5c,CLEAR,"DARKNESS, LIGHTED ROAD",DRY,FAILING TO YIELD RIGHT-OF-WAY,3.0,27.0,2.0,2.0
090223598bf242e1e589c9f36966eedb63f15e5bb0e2c27d75782c1b040b4e92564d6eb8aea8fde9d721bc983e53e7d4eeceeafafcc564d0eb3c69b69f3bebb1,CLEAR,DAYLIGHT,DRY,IMPROPER LANE USAGE,3.0,30.0,4.0,4.0
09026a013d468143c4bce66abdba96b430852b9fbcf07ce9b3862c91968b98c0ac5d8e611dbe497fcbd3e4c93e2d21630dce2d69fd6687acc70205bdf185086c,FOG/SMOKE/HAZE,DAYLIGHT,SNOW OR SLUSH,IMPROPER LANE USAGE,2.0,75.0,1.0,1.0
090278530051cf42eb8f16040c31654fa0edf7b74d3302913df56604eb7ea7ba528d3fa1a5c732355c4b95ad135e4cc042c42a660809e6e5ed483514c838067a,CLEAR,DAYLIGHT,DRY,FAILING TO YIELD RIGHT-OF-WAY,2.0,37.5,2.0,2.0
090278fc45271672bb4dc6a0fd456188df1b34fb8af87fe5547cf3e244704c230ae6ed6df5df776da44518316e21086deda560bf98c5fee7ee5ce649997bf553,CLEAR,"DARKNESS, LIGHTED ROAD",DRY,IMPROPER LANE USAGE,2.0,39.5,2.0,2.0
0902933c81eaa40cdf480c26df7b333fb6287b974f21ec3e5b68e444f7d8a9f1177ac284d93c1fd23390670d075a5f86db5f07b2d8345806f0038cfcfca120e8,CLEAR,DARKNESS,DRY,FAILING TO REDUCE SPEED TO AVOID CRASH,1.0,62.0,2.0,2.0
0902b959a82b55214febccf85d49c0d08ab93333ff5db66fdee7eddeb66f1eb614fafaff9ae4ae0fef005128938834f561c8098af9a910ca6fe2586f27092b01,RAIN,"DARKNESS, LIGHTED ROAD",WET,PHYSICAL CONDITION OF DRIVER,1.0,27.0,1.0,1.0
0902c20859e3270949fa7ec9e02d46389715206c56a1421c98fa79ab7b85fc12431f065458495ed00324ff9833ee85f8546bea76703be6f6de8f1be29defaffa,CLEAR,DAYLIGHT,DRY,FOLLOWING TOO CLOSELY,2.0,37.5,1.0,1.0
0902c43ecbd551bbb2b81c631df72e3be7ad5141e06f7598cc3b842d8e31570a18756cd8dd55236c681a93f6d1f77a4b2f2de172c8ebb36e1d1ac13814afbdf7,CLEAR,DAYLIGHT,DRY,IMPROPER OVERTAKING/PASSING,2.0,37.5,2.0,2.0
0902c47a2c06d37feeebe883fb37daf2661a75ed61e981908a3b5f94cc6aae8c4261ff3914a71eab8b740b5e7fda82bcc66553d8ca8490c8c515f904dc6c30ca,CLEAR,DAYLIGHT,UNKNOWN,FAILING TO YIELD RIGHT-OF-WAY,2.0,67.0,2.0,2.0
0902c6338ed696f5d5ddc1ac0f3207e18f7f6fb92b14a60f7830fce42a9859690983d553a57934ec5fcda0979dc0965b6d6250d8e4805dae1c97cf7c5eff3196,CLEAR,DAYLIGHT,DRY,FAILING TO YIELD RIGHT-OF-WAY,3.0,44.0,2.0,2.0
0902d1fb5fc0209c86ddb5eb644dfa0a3c6a2058fafc550a71712b6f13a4f7a9fe50be952015ccd8d4df78f1395a7e28a57f30b022feb6238962161653288a05,CLEAR,"DARKNESS, LIGHTED ROAD",DRY,DRIVING SKILLS/KNOWLEDGE/EXPERIENCE,2.0,34.0,2.0,2.0
0902d61076fdf705800eec546213dee950fb4d40cccb28791b907e16e4299c9266f688c328e43f333545d5433856d517e32a01929b32e4652d1c6079972aa1ad,CLEAR,DAYLIGHT,DRY,FOLLOWING TOO CLOSELY,2.0,27.0,2.0,2.0
090305e58da011783312577987f0b3f4c5046b69ecf8bcd7868fc7dad0fd34be3c9d2887acd5edf2821614c743784e8035ab303903b434b40966d9acce4b546a,CLEAR,DAYLIGHT,DRY,FAILING TO YIELD RIGHT-OF-WAY,2.0,45.5,2.0,2.0
09033c547ec230bbc6df2df3ec2041cf25e4d7f3383306a5bb87a6b2cef7e16ef8bd6a6285d4ca6fcfdf46acf86a96b73940b4b1e860e966ba7d95a536e11221,CLEAR,DAYLIGHT,DRY,FAILING TO YIELD RIGHT-OF-WAY,2.0,52.0,3.0,3.0
09035e8578b5d6c9156accd3993444e630869e91fca52c5ed903aeb7a9c02b3411a241a451ccdc9207768064f68a0683bbf9067103f69fac5c7ff235081b8c0b,CLEAR,DAYLIGHT,DRY,IMPROPER OVERTAKING/PASSING,2.0,45.0,2.0,2.0
0903869973022748cb2b67d61ae445b3022d3f3fe664657c2a547f26dadfa17dabdbebb32c396e7ba858976b0bdb175457b556d89c90f89be8f84af25fc1039c,RAIN,"DARKNESS, LIGHTED ROAD",WET,FAILING TO YIELD RIGHT-OF-WAY,2.0,54.5,2.0,2.0
0903b61431d290b17dfbd3db5f2ce7ae737937b7b460deeaaf0980cac739c3d9a8a908e4c622fb332d68815a8f2e9ad696faa53d5691443e52f2679a9c09cd13,CLEAR,"DARKNESS, LIGHTED ROAD",WET,FAILING TO YIELD RIGHT-OF-WAY,2.0,39.0,2.0,2.0
09041cba06d9de7284ba41b953c1cde8fb5a93fd1767ea2aea5f0ae0cd98c35a5230bf31ed9f4016c5a2d1d24506cc801d1105623c670c413db126c9ae42df37,CLEAR,DAYLIGHT,DRY,IMPROPER OVERTAKING/PASSING,2.0,42.0,2.0,2.0
090423026f47c5d94ea7ce0207909665de8c7d755afcafa94a70e34482134b500ae23feac917bea2a345e80925bfa3e269fa846babe749f0d46b6ba756ab3173,CLEAR,"DARKNESS, LIGHTED ROAD",DRY,IMPROPER BACKING,2.0,31.0,1.0,1.0
090436740869271f8376c8f0d70374713abcd6109cf3d22e083f94abdbfc25eed4b71d783404e61a119b15febaa08fc2a40c3b8c0865e687fbc71dfab384aa8c,SNOW,DAYLIGHT,SNOW OR SLUSH,WEATHER,2.0,32.333333333333336,3.0,3.0
09045d4aea2c235aed4b97983a26ac8bb7f40cce0153004c3b73675c0a78a6ab95718e475ec59b4537b65a8b52de92f79c6c556d870ba4b4e19df36a6dd801d6,CLEAR,"DARKNESS, LIGHTED ROAD",DRY,FOLLOWING TOO CLOSELY,2.0,37.0,2.0,2.0
0904b3a93e62671b8f5ccce1c6e74e68f8239fcd781c4f3430297a533d128144331459af3b8063c87f59e1a4e99fab2f42a684d0742ec6d15e520dbbc5eb2811,CLEAR,DAYLIGHT,DRY,IMPROPER OVERTAKING/PASSING,2.0,40.0,2.0,2.0
0904f108e496ef4dcf3bd74af7845f30c875de71f9be44baea936afd4ea9e67162c918c5656380747545c8e1a1de6ddd8ca66b57fced74bd0e00ff4615354fdf,CLEAR,DAYLIGHT,DRY,DRIVING SKILLS/KNOWLEDGE/EXPERIENCE,1.0,55.0,1.0,1.0
0905186a67e10de0241d52218111b91ebc5a704da6e4d97834b4b81c54d5df351f90d380133dfb4050bc81ac84cb83f9393459d810512ee6e70bd8226f0b5e82,CLEAR,DAYLIGHT,DRY,DISREGARDING TRAFFIC SIGNALS,2.0,52.5,2.0,2.0
090524b7dfd5dfd35fa4df686ebaedffefc53542c58b8463c7932c25a13839700c550074e25533ddd8c3cd6b6dd3a8ff8cc5cc827c8069b5be26fda0b01ab018,CLEAR,"DARKNESS, LIGHTED ROAD",DRY,PHYSICAL CONDITION OF DRIVER,2.0,35.0,1.0,1.0
0905291fa7fe239b2568d8ea712ec2b0cd5d19fccb8799db2b1c5063d9bcdad169b9676076004b77986730bfd3ec3d6325286142ff12a71ca38dc3d6c24a6641,CLEAR,DAYLIGHT,DRY,IMPROPER BACKING,2.0,47.5,2.0,2.0
0905781a71e2083044a9634b22eb66459c3ef70a12ba5049dba4c97e95f1ebecf946756d7221c2648bfc8392ce768818797d5e8b952484ca6791f23c201bad4e,CLEAR,DAYLIGHT,DRY,DRIVING SKILLS/KNOWLEDGE/EXPERIENCE,1.0,24.0,2.0,2.0
090586c4fb6cfe6eacf165d62024895f20723cfbbe16859586ca7dd0c0a98266a3bfd53f77170032472ddfa1e9d9d780e172be231dee510153b9d9f2fd3c52a1,CLEAR,"DARKNESS, LIGHTED ROAD",DRY,FOLLOWING TOO CLOSELY,2.0,23.0,2.0,2.0
09059257114081481fe66377e65e08dabd3d5f28edbcd25b3f00e62ac9560d72981d9e0108efec196b2c559e8d87f20235e4563d2b243643ccf96b7277839de9,RAIN,DAYLIGHT,WET,DRIVING SKILLS/KNOWLEDGE/EXPERIENCE,2.0,36.0,1.0,1.0
0905a3f8ee8cc2ccec8fe3cba5bb9451ceb72c802cb9396542b0bea3d8e4eb4c5a187060cea308737e7756085fcae2b3ec5459a65d82cbd4472fe0ea5aa92b77,CLEAR,DAYLIGHT,DRY,FOLLOWING TOO CLOSELY,2.0,44.0,2.0,2.0
0906597937c10c41406936a25d8e1ea826e89adb822c6c186f925a80c278d1313053a0f689c4926abfd84498b5bf496b963708ae495bb7372aa540d1b8eeef64,CLEAR,DARKNESS,DRY,FOLLOWING TOO CLOSELY,2.0,43.5,2.0,2.0
0906644ea25e7bbfdf488fe51bb9a57243a4b317e03c6d51768d177c4348a22889ed5b44e203f771ff9ff2bf87a0c5a64affcd84344345b631a39c8e3b6b86ae,CLEAR,DAYLIGHT,DRY,DISREGARDING TRAFFIC SIGNALS,2.0,34.75,4.0,4.0
09067c5fea66b24ca634ac91d7972957c81df04fa6e8c9fdcb6b43bb0d145fb6e09b3ef9d68b5c2c017e99478e2f81aa66b4d5c4cb15c3ae0b93beeb53006b4e,RAIN,DAYLIGHT,WET,FOLLOWING TOO CLOSELY,2.0,55.111111111111114,10.0,10.0
09067ca672dbbc961082bc949a97ccdf138cf478bf744d738635b9ac013d438c9520f0d723a192b1ee09d3fb77de7925362d2569efe9269464aff8162b9d1766,CLEAR,DAYLIGHT,DRY,"OPERATING VEHICLE IN ERRATIC, RECKLESS, CARELESS, NEGLIGENT OR AGGRESSIVE MANNER",3.0,42.333333333333336,3.0,3.0
0906bf92cd488ad512a9252b7bc6b52e5b599dbe99baa6cd0203b8926668d945588fde139aa9ab27a58b10843c1f4b38178a8cd69d627519f7fe8053cc74a207,CLEAR,DAYLIGHT,DRY,IMPROPER LANE USAGE,2.0,68.0,3.0,3.0
0906ca7e0a5ce2e0a93c31f7b654f947576caf7c1649926c17321d00c067607b2b4ec9e3b827c944c9cf40355a413f13c34a70960d529fd01c41f8bac964087f,CLEAR,DAYLIGHT,DRY,IMPROPER OVERTAKING/PASSING,2.0,50.0,3.0,3.0
0906cd1571e0253ec3db04751a4c4b83383b78c9fd52307c8987e6ca137d60b7efd238a66ae7df7771935d05405b5515fb7e0ecc849ac4951dc47e70554e97ff,CLEAR,DAYLIGHT,DRY,DRIVING SKILLS/KNOWLEDGE/EXPERIENCE,2.0,27.5,3.0,3.0
0906ce968a2639cad5ecf90aa6a789738cf70e7672add464ae0acd04f060ae9720eee69493e92c34d7dd38017fb11abf4da2a19134cd7276d9e355004016bc1b,SNOW,DUSK,SNOW OR SLUSH,IMPROPER BACKING,1.0,45.0,1.0,1.0
090731bb513e9259f522363c4fe3aad7d88fc6d22a0ae52ac7ef4f19a4e7c6c4bb6557d8af4a0e863e36bb02609b3ae27b591f9ff52b9875fdfe20ef505827fa,CLEAR,DAYLIGHT,DRY,FAILING TO YIELD RIGHT-OF-WAY,2.0,40.0,2.0,2.0
09074076d634b4078e64442ffb93d1ed51c7b3a5f08aeab01764b66d5a7047354133d2b1316b4f5cd0f8a8aa951672f18213bfb0875242c35c95f5b8b21a039a,CLEAR,DAYLIGHT,DRY,FAILING TO YIELD RIGHT-OF-WAY,2.0,37.5,2.0,2.0
09076f3b94f0aaf9223eaf4febc188c84a42af7898fe06c5ef23a89eb88c009ac48c7da18b0c8f35ea7c4dc3d1cc73af1e9560576bf32700a03d71824e10d262,CLEAR,DAYLIGHT,DRY,FAILING TO YIELD RIGHT-OF-WAY,2.0,68.0,2.0,2.0
090793464e2db3df60917c765e7f838e9696b35492d216d6b402c6ba01dd679e0c909b18dfac97c3d6284d12f0dd1c98fc6867cf485749e49a82e17ddca3f0f0,CLOUDY/OVERCAST,"DARKNESS, LIGHTED ROAD",WET,IMPROPER BACKING,2.0,42.5,2.0,2.0
0907d029091058dd3a79e49ca413391fe1fffd2eee6100b0fb7ecdd4ddfbb85ed3391e83d6d2ba62abfcb983c2c70e0f70f4c3698433d2d2738a2dc6273f93f7,CLEAR,"DARKNESS, LIGHTED ROAD",DRY,IMPROPER TURNING/NO SIGNAL,1.0,42.0,1.0,1.0
0907d08b673bc1f5da622707a8b3bb8333d4d71896ecd546b366b22a7cffe72bc3511df90bed1f04b82880b60929eea630adb7626d047d508ffec7bc2aef7f59,CLEAR,DAYLIGHT,DRY,IMPROPER OVERTAKING/PASSING,2.0,62.0,1.0,1.0
0907eccc9704cc50991dec54065cfa797024508ec7a0f52cfbbc5cb21331f13df5c3dd524d40b18b9710353ba49b8693909895c0ed025552a414509f9dc57568,CLEAR,DAYLIGHT,DRY,FOLLOWING TOO CLOSELY,2.0,27.666666666666668,3.0,3.0
0907f0df5ef7c08b073e0f952fd7c2d6628fb12431a1da9865f0828b31591b3ad67b14055943ec491759d8f492de5050c2121aa385f132ee2629c04427da575a,CLEAR,DAYLIGHT,DRY,IMPROPER BACKING,2.0,50.0,2.0,2.0
0907f5cc214e2f174b1a66feb79507e912c3c688906d0e64688fb9bb694e24947be02ec0591e91955fa95199e8d7eb88037cc0670e07bc16161b49db8e3703d5,CLEAR,"DARKNESS, LIGHTED ROAD",DRY,FAILING TO REDUCE SPEED TO AVOID CRASH,2.0,42.0,3.0,3.0
0908108a2f1732c2420338ca8dacf3052b20a2cfc483016e6d4b9bb25ca689eb3a8c311d867e6ecba2dcbd02febf73dc265d2189df35cf9cfaa8dfab6617d8dc,CLEAR,DAYLIGHT,DRY,FOLLOWING TOO CLOSELY,2.0,37.5,2.0,2.0
090836d936d3d703a7efd4e7afcfc0d06ae75191f75abbdde68ccf4602b6684756cfe2f804f6a7bcb8b9a75f808e4dc49eb114eabdceb69faa7a4bd356e48d1c,CLEAR,DAYLIGHT,DRY,DRIVING ON WRONG SIDE/WRONG WAY,1.0,42.0,2.0,2.0
09088ad0d76dd7cc0fe8af2caebe17baf4d4d83df1499aa2987b97bb0b77ad0c68275fbd58f90015cf565146120c784865d941eff846df611d85d70642ec6c01,CLEAR,DAYLIGHT,DRY,DRIVING SKILLS/KNOWLEDGE/EXPERIENCE,2.0,38.5,2.0,2.0
090895b584d4dc1ae3f99b0d91888deafa8d69e62277a14438e5d4de0acbb08037d78a2b3151a244d848ccb6eda4ac8ad6a29114c6427ef61f41fbfda7e0231b,RAIN,DAYLIGHT,WET,DISREGARDING STOP SIGN,2.0,57.5,2.0,2.0
0908a46c2022c88173f54d6287e8cac9bad5e5584cf1f486219fcd7f200df7c750f413a3966e4a993525df2fcfa88dd066ff7d24a4a052dbcafd0960821c4691,CLEAR,DAYLIGHT,DRY,FAILING TO YIELD RIGHT-OF-WAY,3.0,27.25,4.0,4.0
0908b54d487cc95d37222ccd831c465b00d3029a26a6fedef155864f3657e535e42128c270bf744258eb3d40df3ebcca6ba0be9ab18d8a9b733ffcf24a48efa4,CLEAR,DAYLIGHT,DRY,IMPROPER BACKING,2.0,44.5,2.0,2.0
0908b8c01e180c216d0eb2498ac69ca438b8648e3f25fdd1932fa97e38973332d60c44c2ff2db6d5d346bfd64bd0f680a5c2426870abab8d609d5a4c54da565f,CLEAR,DAYLIGHT,DRY,FOLLOWING TOO CLOSELY,2.0,42.0,2.0,2.0
0908cab190a934d7c6eb7594e956786902b84769029c7adb7b48cce857ddd0ba26af4d702b7e636aa807180e05bade20546db85589ffdec524581038f9a8ac98,CLEAR,"DARKNESS, LIGHTED ROAD",DRY,IMPROPER LANE USAGE,1.0,18.0,2.0,2.0
0908e963903459a974a03250041439ba306fb7241ad7f0d1ad50779219c25e4bdfe12c840b27b4ee35a90edc13a09ee62c1906ecdc4865e9754a239f6271d118,CLEAR,"DARKNESS, LIGHTED ROAD",DRY,FOLLOWING TOO CLOSELY,2.0,34.0,2.0,2.0
0908eaa6a2a7e2d7b050f2ec1083339a94ee68a9b163b423727c6f26781f0c5bde2e2711b6bd2fd5b9c19853727c00b36f9831268bc9fef4c28f0054607cce81,CLEAR,DAYLIGHT,SNOW OR SLUSH,FAILING TO YIELD RIGHT-OF-WAY,2.0,58.0,4.0,4.0
0908ebb4c16a752f2ffa9c6ce2def174acf4ce7f1b8094104b677ecd300ce770b6e6e9fad75590df831e538f655c1e29e4680f9febf7d4b22e8d6aac3b6b14f7,CLEAR,DAYLIGHT,DRY,IMPROPER OVERTAKING/PASSING,2.0,37.5,1.0,1.0
0908fd12fe9b5ebe5c0cef4844f991174d29ad195f01fd92d797dc05823b979a9c6f491ca9bdc95a4ff140231eb5a7f6022ec12536ccc0c213e83d6848c59702,CLEAR,DAYLIGHT,DRY,FAILING TO YIELD RIGHT-OF-WAY,2.0,41.666666666666664,3.0,3.0
0909049146acca5c67537acc394532c202e70b3ca54b23af226908b5046c3879d1ad9a1ec5ee282c5950c30a8c80076f4932f22a44d49127bac661c810cc205e,UNKNOWN,"DARKNESS, LIGHTED ROAD",UNKNOWN,IMPROPER OVERTAKING/PASSING,2.0,19.0,2.0,2.0
09092fbf76a64ab9d3b3ae8a64f24c9633427786a3112b48f812649290ca40e752602a77b41e15276efb91ce95931102642345a87d8d2d831f413b013aa68acc,CLEAR,DAYLIGHT,DRY,IMPROPER TURNING/NO SIGNAL,2.0,43.0,2.0,2.0
0909453f2a1dd3b18a7fc0bb128e928bce335b7478819c0091fd18067228c08385eb54cab36b094cc979ebe6fa876573be4a7c93d3257ea0514379e75bb9faa8,CLEAR,DAYLIGHT,DRY,FOLLOWING TOO CLOSELY,2.0,52.5,2.0,2.0
09098971163999f93064fc2bebafe1c932296c942c45ae6271ff6cd29524b2f90e9d3bfee962d241b0a4abf9296df908976ad6aea18e12eed8af27ee81d5c55c,CLEAR,DAYLIGHT,DRY,DRIVING SKILLS/KNOWLEDGE/EXPERIENCE,2.0,25.0,2.0,2.0
0909967093d591b3387824c0884969bc6737545843971acc7c9532ea68e3a2025f6f2fb73be81cc0e2d28ca8b601d7843f1319478302fbf47647b9989670d8de,SNOW,"DARKNESS, LIGHTED ROAD",SNOW OR SLUSH,WEATHER,2.0,28.0,1.0,1.0
0909b7be862c90ed72e1b015aa7eb23848769bc387001c143098aebb0e46549309156d2897a00e9d9e8944f5b3620376397ebfa96c85dc53efde9f5a6585e76e,CLEAR,DAYLIGHT,DRY,IMPROPER TURNING/NO SIGNAL,2.0,51.0,2.0,2.0
0909e40683e623df65109850dbfc1c47c52f739c56cdff7019cf3146fb333e3dc2d6d7d5d439ebfffce26ffced15489ef0bc55d6f6da1f33d11001152436944c,CLEAR,DAYLIGHT,DRY,IMPROPER TURNING/NO SIGNAL,2.0,60.0,2.0,2.0
0909f5208ded100387cbb932636c9c7ef740c752af8a9a65f12bc07848ce2831fdc4e03e7543363a6027c4acaf492c66d30f0a698722d4fba29d319726c757dc,RAIN,DAYLIGHT,DRY,FOLLOWING TOO CLOSELY,2.0,53.0,2.0,2.0
090a07a9ce13ff5642b2658511294e79438e1ca1fd5c8d68ef410e2137f3ea613386da04e825872fd675680cef9626af293c2998c810cc867b3a009e7cf7520a,CLEAR,DAYLIGHT,DRY,IMPROPER LANE USAGE,1.0,32.0,1.0,1.0
090a143659853305f410c3ee00b107958824ef32d4e771d9a8052443a92df916b2a3293e4b439d2482a99ca69c1b99c281ae985fd0ec66f19ba9eee6065b5d88,CLEAR,DAYLIGHT,DRY,FAILING TO YIELD RIGHT-OF-WAY,2.0,44.5,2.0,2.0
090a2168c7257c844800f48a0673e4659bdc1352bfbe8827513f5fdec909c3753105200755637e76ce992938ebd4f63a2b5ee3ba41140d41cb7e06c24606bc6c,UNKNOWN,UNKNOWN,UNKNOWN,FOLLOWING TOO CLOSELY,2.0,45.0,3.0,3.0
090a5fb6223cde2a4a04cbbf569c025bd9e723df1703317bfc062a3507455bc39e17e5d77ff3b18016ff3cc8db58132e14fff3857bc187bcbb7202e43a0210e4,SNOW,DAYLIGHT,ICE,WEATHER,1.0,69.0,1.0,1.0
090a68c33f6a169e4435adf50da1fa5270130f5623e6ff7d5c8fd2e19a0046d632e494ffc3f51c881d614b1cdb557024e61a4f2e9355f5dd8f6e19ff1d8a0106,CLEAR,DARKNESS,DRY,DISTRACTION - FROM OUTSIDE VEHICLE,1.0,21.0,1.0,1.0
090a91c542d30ffc385ba8b3b7527737d777ef27ccffc11add32b5975cdf8dbad2b7a95db0b9ea1296c8e04b9b3c3b6c5e3e9e91ddd1d18eec23de41246ea611,CLEAR,DAYLIGHT,DRY,DRIVING SKILLS/KNOWLEDGE/EXPERIENCE,2.0,14.4,5.0,5.0
090a9603c7dc58e440d16745f6f1c82406fd91a3cb77c2872245bcbaaf4a0d1b886ba80e66ef37622b5652aaf2b93b31f85219c086c1fdc66111e3be41723be4,CLEAR,DAYLIGHT,DRY,FAILING TO YIELD RIGHT-OF-WAY,2.0,34.0,2.0,2.0
090a9e7ffadaefddbdcd7bfa6c1fa5ba2aed88423b8e380e6334c071e6483ba27f4a5832bceb3a4f7c4e9b7a98eb2a9a973805c9b1021d11f732ea444409e3e5,CLEAR,DAYLIGHT,DRY,FAILING TO YIELD RIGHT-OF-WAY,2.0,38.5,4.0,4.0
090ad0bd1c04aa3be30618684b4bdbb0d39d0299ecafcba803b0f03641ea80cb136a0024f79245753b4842ea8cdf6ebf72b053be794d3c716293de8efc23958e,CLEAR,DUSK,DRY,FOLLOWING TOO CLOSELY,2.0,51.333333333333336,5.0,5.0