crash_record_id,weather_condition,lighting_condition,roadway_surface_cond,prim_contributory_cause,total_vehicles,avg_driver_age,total_people,total_injured
090add7e08d3ec46c377c8688d2328671e048759916400becb432914bf531255f6a2d14e17007124ec57f4124a91f37b0c2a9f8f6a4e3d4e23c99610cb30bfac,CLEAR,DAYLIGHT,DRY,IMPROPER OVERTAKING/PASSING,2.0,21.666666666666668,4.0,4.0
090ae2a5c7b2564ac84bb0c32152c79fb3fa48aa17cb2edc25fc3fae1f349acf85afd179ffe8ef1bb1215c7f04b68fc7874142ab788577d4211db94a5ecf22c7,CLEAR,DAYLIGHT,DRY,EXCEEDING AUTHORIZED SPEED LIMIT,2.0,37.5,2.0,2.0
090aef67c4449602f7c0a4b8db320fa6afd02dce63848d3353ac4bfcc840ee67f1850c6b5aadb05aa994483e51a833514c089aef266dec128374744eb30a9a55,CLEAR,DAYLIGHT,DRY,IMPROPER OVERTAKING/PASSING,2.0,35.666666666666664,3.0,3.0
090af539857ef3763269826a459c7ef9df8a0faa7f4e44c2fb271e4ac0679b47578aaaef5d4120b7a4d82347996a267ab55246cb827fac7af7211c032ea1e4ee,CLEAR,DUSK,DRY,EQUIPMENT - VEHICLE CONDITION,1.0,49.0,2.0,2.0
090af8ba8fcca374f8100cb8072ab59b5fec19c4dd53fe32afe41d606609c536cd6ab44ab6d491c08cdad3a80377497f64025fa873ac83628201c5e7a589f360,RAIN,DAYLIGHT,WET,IMPROPER OVERTAKING/PASSING,2.0,29.5,2.0,2.0
090b084c3459845ad5dc15c9e698e5bf9dda07f896e35e6645c6c6556ba4518317a4a0749791d89e8bb94cbe579f0b702884a114ce1ed1e0eef6ca9adb6c9647,CLEAR,"DARKNESS, LIGHTED ROAD",DRY,FOLLOWING TOO CLOSELY,3.0,29.0,3.0,3.0
090b3e95d12491ef58e86c6b5740094d9bdad5bf1071277f734c996ca72a59aa21b5061fff0668df255388afdde851619212be25530962dc9151a9cb12424027,CLEAR,DAYLIGHT,WET,FAILING TO REDUCE SPEED TO AVOID CRASH,2.0,33.0,6.0,6.0
090b5b11b0c3aa79b2b98604493113998ed25b0d832586e7df294cd22cf850cefce95490788956facc9e98573b497e1fe317e9865f9fa9610ee69abaa49a28cb,CLEAR,DAYLIGHT,DRY,IMPROPER TURNING/NO SIGNAL,2.0,22.666666666666668,6.0,6.0
090b8268c6dab48bf98272b1a7f9ca87cdd728101097d637d69e54291aea753b6fbf062ef469c80356b59e1abc81f29426b0cfb0dd255f1d0a2737e8de9474af,CLEAR,DAYLIGHT,DRY,FOLLOWING TOO CLOSELY,2.0,27.0,2.0,2.0
090baf66d904c3dd852469f7d1c21bd6b3be67b37fe6676d5fb116ec9b9562a936fed89f87b75f92ba62b6591a658173137e3e589a60b72514ab8a833fce9be9,CLEAR,DAYLIGHT,DRY,FOLLOWING TOO CLOSELY,2.0,30.0,2.0,2.0
090bbf2c5284dfb3bfa1d75156c5498f1138c699168e8d6bbc555cd7e64e5d7a0d48a60b14d23117608b3d9ae4e40087e4ec6f88e3b08353a062eba7b4d7cccc,UNKNOWN,UNKNOWN,UNKNOWN,IMPROPER OVERTAKING/PASSING,2.0,24.0,2.0,2.0
090bc3e66a3563930d5440f16e70a2a797dafcde38c6f28eb69acbd2f5bc62b1e7cdb12c1ff05eade9b04e86562dcf277eafaea2f442e1f8226f614a2c6ddbdf,CLEAR,DAYLIGHT,DRY,IMPROPER BACKING,2.0,62.0,1.0,1.0
090be5bc0ea7d9850b325e316779fc2d1a110593e1fe82da479a05499e122bd4bf7b0bf13f58fe193fbd1bc40755a2b3e3b421d322539190b473b1ea184c932b,RAIN,"DARKNESS, LIGHTED ROAD",WET,FOLLOWING TOO CLOSELY,2.0,40.5,3.0,3.0
090c115da92630fe067e7e62b086b084ae3a57bc91eea4320e29cbbae2744ee0841ba603c604e265abf4363b8a21a7c161bc3311690e8b914cf30c7181870c2c,CLEAR,DAYLIGHT,OTHER,FAILING TO REDUCE SPEED TO AVOID CRASH,2.0,33.5,2.0,2.0
090c25c9036229ff3b63f0d4a84fe5d00fee53d9aeca9e9c2749e0b418d343141d8fc030b72dbb5f3ee9c261af8c75cf165d8e861793eda6412f74abc20a0c5f,UNKNOWN,"DARKNESS, LIGHTED ROAD",WET,IMPROPER LANE USAGE,3.0,37.5,1.0,1.0
090c2c1c532b3a2d3ce18fae247e471b303a9a26ccae6e17e4e751a6c65f0b1bb5dc89d1f9d94298ddb9b92431af4865240eb5b4197746d3aea64ef69ef2a9fe,CLEAR,DAYLIGHT,DRY,FOLLOWING TOO CLOSELY,2.0,27.0,2.0,2.0
090c488b7391787750737cc7e5d88406bd871692f9485c4344418699cd3c7601cd7636e0c8b32e913b0715ae82d2da56513b4f65a41055b3c96f1c67898a1115,CLOUDY/OVERCAST,DAYLIGHT,UNKNOWN,IMPROPER OVERTAKING/PASSING,2.0,52.0,3.0,3.0
090c54c237407f284585325f6cc2fdff7ac3a11fe4a4eb4555616fc8a439fdef26c1e6c36f84c3c7e36202263e2198e38381c48f968c606e9b72e9abda711a7e,CLEAR,DAYLIGHT,DRY,IMPROPER BACKING,2.0,37.5,1.0,1.0
090c60db0096e5144d903c98b546423889ba698188f32e0711d898789946483e4b8476763d149e8f75cec28dfbb041ea23dd43763438645bfabe3d2dea17f804,CLEAR,DAYLIGHT,DRY,IMPROPER BACKING,2.0,47.0,1.0,1.0
090c647743ef01cbdfb63c23233f605a09c0db7529232ed77b40ca804e50a853dd6652fff70657eabaa42e6aa96dd56354569243256b23854665a739708cd85f,CLEAR,"DARKNESS, LIGHTED ROAD",DRY,FAILING TO YIELD RIGHT-OF-WAY,2.0,11.833333333333334,6.0,6.0
090c70a54ffa2acadea83fffcbd451d8895c354aaf9c0719b01ed6104feffa471ada2c7c297cb2646fbce3f444a6b170dc0e4b14bb4ac392bcc47196738b90bc,CLEAR,"DARKNESS, LIGHTED ROAD",DRY,DRIVING ON WRONG SIDE/WRONG WAY,2.0,34.0,2.0,2.0
090ca23b4264a71c3e2314ed023de1f81d27a8fb589cbc7bad2cdcad47ba76869ca604ba53ee847fd6d188f777e5f7d84e142e649a78c5cec2fa0fc58f4f1b24,CLOUDY/OVERCAST,DAYLIGHT,WET,FAILING TO YIELD RIGHT-OF-WAY,1.0,48.0,2.0,2.0
090cb7b780f1fa017b0313ae82849ccaa1a7c18f4748c65a3eb4ebc05294e35dc5a549f1f60ce45f11b3c3039d54d3d19c7c50799dc72f29c91d52858313aef9,CLEAR,"DARKNESS, LIGHTED ROAD",DRY,FAILING TO YIELD RIGHT-OF-WAY,2.0,40.5,2.0,2.0
090cb97f01976815249fd32f7b857fec32c8e09db51edb8d9927709c5b0f183b5d0a44495b0cd0917a5c73ffcb89236b3cab9518b5b6320a7642b0a393da2554,CLEAR,UNKNOWN,UNKNOWN,FOLLOWING TOO CLOSELY,2.0,37.5,1.0,1.0
090cd2914ef2ec6775cccf2deb1e559f3c9417384edac29052262627f23ba69df7c4d1e307c1c5f86f8f003e60e90edc433f82160cb05a7b9e076b864d04dbef,CLEAR,DAYLIGHT,DRY,FOLLOWING TOO CLOSELY,2.0,33.0,2.0,2.0
090cdb6ed1e8737afbd4d0d613ef046ef58d3f5b012be9618fd1e27e4f7dfe3248b80c3ba673aa82dfe741fca8982bbe3ddf92c5ff6d14b34849f7ec83e77da4,CLEAR,"DARKNESS, LIGHTED ROAD",DRY,IMPROPER TURNING/NO SIGNAL,2.0,40.0,2.0,2.0
090d5eea625aa1cffdfbe75a48852f75b9ecfd646534010e6134b750d5deb8b416d4dbe918c9769bc8b4ff8a4e5da8f933cefce2e830bbb127c5836f42bf685f,CLEAR,"DARKNESS, LIGHTED ROAD",SNOW OR SLUSH,FAILING TO YIELD RIGHT-OF-WAY,2.0,46.0,3.0,3.0
090d70be2020adf5f5532977b89fb328b02304653888924ec3d8278cccc29893fe11f750c55abbcc84554d77d1aca6dd9992c515ab5e108392fbdc30ceeed5d0,CLEAR,"DARKNESS, LIGHTED ROAD",DRY,"OPERATING VEHICLE IN ERRATIC, RECKLESS, CARELESS, NEGLIGENT OR AGGRESSIVE MANNER",3.0,37.5,2.0,2.0
090d72a9743c25fc792ee26aed297b3735d60881355fdaa9f7dd45a9ca4c9cd733449787abb37cce3c69e0d1c3104d0bcefe6acfc4d0d0845c2df8939234cec4,CLEAR,DAYLIGHT,DRY,DRIVING SKILLS/KNOWLEDGE/EXPERIENCE,2.0,54.5,2.0,2.0
090d7f450d7d1b61d75ff1f72d11ee266b5746e37a5d4561efe83ee0e456b9e3e83788ec5d08ac0fd7d7f6f75f806b33d38956c553d25814a73592eacf0e4c8d,CLEAR,DAYLIGHT,DRY,IMPROPER OVERTAKING/PASSING,2.0,52.5,2.0,2.0
090d80260d1e665f5ec095c9422a3c3489237be4ab8af6aac7b8b9e6e6d9cec3b2c439d08da76a5a0ddc10e4c5ceecdfc916a81c899507b521f83d73dda83197,CLEAR,DAYLIGHT,DRY,IMPROPER OVERTAKING/PASSING,2.0,43.5,2.0,2.0
090d8246f82f4787644cf97f3ac9422cc0044f45bc58252b624cacb26e8b8d0a5b924cfeeb63679d0ae11ff510d46d41cd5138027d14c9bb34fb669efb5e2012,CLEAR,DAYLIGHT,DRY,IMPROPER BACKING,2.0,21.0,2.0,2.0
090dba625b9931e5c41c5e3f01208c734e57b254aad99486960797e1fefc815155b4e8f6a09229248b61c4fe52004a54f0c3c408d1a6c2ca597548bd29ad9848,CLEAR,"DARKNESS, LIGHTED ROAD",DRY,DRIVING SKILLS/KNOWLEDGE/EXPERIENCE,2.0,41.0,1.0,1.0
090dc16df7d0d121d554a031be2da411ca2810f632aa4cb9a419f8cbde53f06e8ce794f68ea954449fbdc606d1a4f143b554003fdb222b1d798e7056e254589d,CLEAR,DAYLIGHT,DRY,FOLLOWING TOO CLOSELY,2.0,25.5,3.0,3.0
090dc95aa46b05c612dcf8c4053f6e86950a5f8e74d966f398b4b20bbc9f9e93d868aa0fd846c31a8ca6add00be68f183ba7f2fd5897bb50eda173d50da97b4b,CLEAR,DAYLIGHT,DRY,FAILING TO YIELD RIGHT-OF-WAY,2.0,58.0,2.0,2.0
090dd073b18e0cb754303a8286355adfdb8515133eca31a3aa826515382f305edcfdbdf18950e5e3056137ac15cd62f6157c6e7c470af3018004547755617988,CLEAR,DAYLIGHT,DRY,DRIVING SKILLS/KNOWLEDGE/EXPERIENCE,2.0,16.0,1.0,1.0
090ddcc378b8d81804b237c24a159865814338a0465672b799278de737c500624c15822e62fc87e611a9a27ae386af2fce4c44af7b010d68dcd6d4184eabfecb,CLEAR,DAYLIGHT,DRY,FAILING TO YIELD RIGHT-OF-WAY,2.0,62.0,2.0,2.0
090de56ab1c35cd3393465374593b52c19eaa23e4929bb7aac327642ecc4f1975b6dd1c50e2a5da87bc3027eb29e3411dfba8ceff73360918cb809fff2af4f68,CLEAR,DAYLIGHT,DRY,FAILING TO REDUCE SPEED TO AVOID CRASH,2.0,59.0,4.0,4.0
090e3c21a24c63fa16a732073c89ab3dfb09a5de367c5b51e6f63734ab37361c2248e27bfcbd7df7a544c354c5a9cd47c54faeffdbb41362904cc7b8d7605888,CLEAR,DAYLIGHT,DRY,FAILING TO YIELD RIGHT-OF-WAY,2.0,43.5,2.0,2.0
090e465844a08a2f42dae1dfc83289b3a5067f3ee6e98f30a43b6743ee0aff227321f6380c7650a6ad101113040e0a87e289795875e4d6163095440469e96e26,CLEAR,DAYLIGHT,DRY,FOLLOWING TOO CLOSELY,2.0,27.0,2.0,2.0
090e4f8d7611c63ef93f8b3f3aadc2443026e9b59a97b55a3c817e378959dc5fdf7a3ef26696f638a7d1ecb3cb8f63f90b280bb58cb719e08ed3c05ce97f1fff,CLEAR,DAYLIGHT,DRY,FOLLOWING TOO CLOSELY,5.0,34.0,5.0,5.0
090e7094f954cf4c5ce3acd8294264a08aec04abbc3c15d086e51f7ed49849648416828054b411380d5f27c88afb870a19ae509c3f18e07ca6f81d6e62fcbe03,RAIN,DUSK,WET,IMPROPER TURNING/NO SIGNAL,2.0,41.0,2.0,2.0
090e88bb685829d9e8fe05235909f7f13051e7b381303bc007eb2e617f03d3e73b9bc984e4014e5c3ab1d438d87faa8bb51223bc275c46a673e6bdb35c51326b,CLEAR,DAYLIGHT,UNKNOWN,FOLLOWING TOO CLOSELY,2.0,62.0,2.0,2.0
090e8ffb2cb9a6962d05c510e0454386498a62a8452dae3c4a84d53597db84193408f62998c0e41986b67cc56bf34dfc3bc9648404aadf511ff99141b3768ac3,UNKNOWN,UNKNOWN,UNKNOWN,IMPROPER OVERTAKING/PASSING,2.0,37.5,1.0,1.0
090e9ae328f6326e5ec8fb1d73c008b364b8f2cb28b4748aab39aecf48c97910074f19f01938f1f9a2ba17f3eecff556d5066b7fe8df76a5768d1d030d9dec34,CLEAR,DAYLIGHT,DRY,FOLLOWING TOO CLOSELY,2.0,24.0,2.0,2.0
090ec70ce84aacba2a14cb35a727d8d76b9a1731b02aee3498602f3e5d50e156b755c5725e0b72feb4611659847d7058a885571b3de237a5a9c440929c1e55c5,CLEAR,DAYLIGHT,WET,FOLLOWING TOO CLOSELY,2.0,62.0,2.0,2.0
090ee574fab9a9fe080c5fa2833e08dbc98a7746915bed519ada6c1f3e2277958222b770f839b6c9958b12cf2c07f0b0a94127c6b8ad8f72de9b1d5ea6d7cfb0,CLEAR,DAYLIGHT,DRY,FOLLOWING TOO CLOSELY,2.0,37.5,1.0,1.0
090ef62d8e46538f359010fa1d3811ecdd3fcc43421a9b1becdff52939b8f2f4eb86cd052e2607fc9e6baf4a6a35881423cc8ab1f42e881c8032e7f335a8c094,CLEAR,DAYLIGHT,DRY,IMPROPER BACKING,2.0,48.0,2.0,2.0
090efbdadcd51fdcceeb948a6eb0af02b4bb5c342d89b1474f6f911962f584541c8f6ff57840fbde7a04af4c3bd38cbcb58c4f3e95d54cd6ea9e7b88dafdfa6c,RAIN,DAYLIGHT,WET,FAILING TO REDUCE SPEED TO AVOID CRASH,3.0,44.5,4.0,4.0
090f1ab63f9824947e52ee4b8b23700051382f5592ba8f70f1e5b93f8e1f7245632504ec4300b4c9734ff02700eb130d95ed0ead6332af23185ba34c5b85c9f2,CLEAR,DAYLIGHT,DRY,DRIVING SKILLS/KNOWLEDGE/EXPERIENCE,1.0,88.5,2.0,2.0
090f4f74454ee67295008177585acac2bfde12d552a2ced6210f9602c264a649ef5e69985e4db010fd8bd0099b10f10f40fe1218bcaa1a83a2085f0b98199b13,CLEAR,DAYLIGHT,DRY,IMPROPER OVERTAKING/PASSING,2.0,45.5,2.0,2.0
090f9841986833d2806ff8a8244f46f0b55bf6bcf95759b36ab4d1600e5c3101e5ef460fae027891e005750ca58a175084197455bcd971f7df05cba8fcf59d7e,CLEAR,DAYLIGHT,DRY,DRIVING SKILLS/KNOWLEDGE/EXPERIENCE,2.0,66.0,1.0,1.0
090fb148cba89b1fe7f89878a9667a7792475a3d97779abb1e68671db8fb34674e2e582e087b0b052a74b34bd525d5c8118c813fcf532914e807ba9b2ecc0cfa,CLEAR,DAYLIGHT,UNKNOWN,FAILING TO YIELD RIGHT-OF-WAY,2.0,34.5,2.0,2.0
090fcfc66255a0db7531e85a50d11ee560b69ecab13454d434adc585a6283cf52f3149b39fbb29b4495f94922ae719b2e7e0e8c4d257a34a55570678831c914c,RAIN,DAYLIGHT,WET,ROAD CONSTRUCTION/MAINTENANCE,1.0,48.0,1.0,1.0
090fe1c241f2a7642c972d5c04bfb2bb5b1eeb11611f24a8f512802005b347099c00f350dcadc207912fb820b26ada3e8e8be9d02816064d41cc3cb214a99e88,CLEAR,"DARKNESS, LIGHTED ROAD",DRY,FOLLOWING TOO CLOSELY,3.0,37.0,3.0,3.0
090fe2a79167ec30c3fd8c39f02919db50f5ab73fd75585763b7054c9803149ef4e376a6218272eed32978f1e5d752ed044bffb3cb211a04f8cf91d7d0396d8a,RAIN,"DARKNESS, LIGHTED ROAD",WET,FAILING TO REDUCE SPEED TO AVOID CRASH,2.0,42.0,1.0,1.0
0910058b351a357384fad309e2d7b0bffa660ebd0fd6e01144bef85bc9a3b38a799e8266595dc2112ad4d0264a2f041fa8fb1d2c81e16099996c825322ea31a5,RAIN,DUSK,WET,FAILING TO YIELD RIGHT-OF-WAY,2.0,26.0,3.0,3.0
0910096bb404c5cd60626781d5d194b013b61401df48bb472260b000045c91deb05c1fe666deaeb425ee660a976490920eaacbd411184a04efbc1212ea9b501f,CLEAR,DAYLIGHT,WET,DRIVING SKILLS/KNOWLEDGE/EXPERIENCE,2.0,44.5,3.0,3.0
0910160a3aed5c23662da784252fdc2de23fa587dd627624a80ded26a7d8b92da6ebaf1029919b64450f578949b64d5d1e0437178cce1c9f208f2ff4ed46bc3c,CLEAR,DAYLIGHT,UNKNOWN,DRIVING SKILLS/KNOWLEDGE/EXPERIENCE,2.0,37.5,1.0,1.0
091031d88d4070dcc842b3fab4490868c2ea06a3a65bf224cabebfc3283b2eeb2f12ce73adf488f9ef9aa5ee7930666a681235d5a4185b31ea0a156a38352b0b,CLEAR,DARKNESS,DRY,IMPROPER BACKING,2.0,38.0,2.0,2.0
09103799e5a312c2124dbc5fb3c124e328d27af7f40cbc1adfa84189cb8fca6e28ec25d16963afb0eccb7264129a29b1cc45f7656950a07c1c6dd452cb593b28,CLEAR,DAYLIGHT,DRY,FAILING TO REDUCE SPEED TO AVOID CRASH,3.0,72.0,1.0,1.0
09103ed0c43fe7b35d320ae89a129e310e3d988f0cd2a2039cce9b05122864bb7a5b85fa928759c57f864f86741c8968f52281b9007169e6534afecffb0607a7,RAIN,DAYLIGHT,WET,FAILING TO YIELD RIGHT-OF-WAY,2.0,32.333333333333336,3.0,3.0
0910511f8ba200a3e1c692e479a77a08d637de83e24ce73bfcb679f31fb8f300451373d6449b09e33da92cef9423fb2c141b6493101a57557124123c5afe1fc4,CLEAR,DAYLIGHT,DRY,IMPROPER BACKING,2.0,25.5,2.0,2.0
09108fec6dac6974ce3d9f2f040431fadebc6257c394a441e64a41abc7b17aaf5f4878fda95421ebb42ef3695c234e670d583dc8140c75d8edcc848b6e9033c1,CLEAR,"DARKNESS, LIGHTED ROAD",DRY,DISREGARDING STOP SIGN,2.0,21.0,3.0,3.0
09109feeb1b8783d74c231443218b32d8df1f9a841025e9b14c628eb05f4c1d666f557eb9b38b76a5b59a3caa582e743540b3207b6b385685795933573b22bf1,RAIN,DAYLIGHT,WET,WEATHER,1.0,43.5,3.0,3.0
0910a3f63917d0388c5a3a068c16ca18c27e92c7b92bf5857d88fdb958fc10801bfd2d2f06be63c80547834ff696090b9cced976da5530365cca03266ea62d65,CLEAR,DAYLIGHT,DRY,IMPROPER BACKING,2.0,37.5,1.0,1.0
0910ab79fc0bbb9cf1a5f407838fc9e4214c6e04a1ab2e79204d6015099078b855095ff488e34e8b9534955aaeced12e8543420cb83cfeb2089cb65c1dc92141,SNOW,DAYLIGHT,SNOW OR SLUSH,DISREGARDING STOP SIGN,2.0,36.333333333333336,4.0,4.0
0910bc93f3402f183a48c61af6f70290dce1fec14470057ca7e20f0158604f83bb39b8acbac57eb5c9b7500f87cc692a680102dbb55ccfa7aff187aaf6d10103,CLEAR,DAYLIGHT,UNKNOWN,"VISION OBSCURED (SIGNS, TREE LIMBS, BUILDINGS, ETC.)",2.0,27.5,3.0,3.0
0910bddd989aa0f29d3d2a9613f5b2f479dd65005d7504b79b6fe18b0560509366585db41a01afc83f6d4322a7665f918da22601b1d06032cd1ae186651f0e17,CLEAR,DAYLIGHT,DRY,RELATED TO BUS STOP,2.0,62.0,1.0,1.0
0910d032e130702a826d9b1cb8ed7707243de15307e82d53cdfeb5c546ecb8e18e2db7a2cd0e4d78fc05de4056f511947012942866f88a517e8dce3fe5e1d4be,CLEAR,"DARKNESS, LIGHTED ROAD",DRY,FAILING TO YIELD RIGHT-OF-WAY,2.0,27.5,2.0,2.0
0911357627eb47c633b659b5f062c0e60a50a818494e43c7c492b518203c128081f7dd890370e0455ca05aa618df84b871642b1697c330c26f20d0e91cd237a8,FREEZING RAIN/DRIZZLE,"DARKNESS, LIGHTED ROAD",ICE,DRIVING ON WRONG SIDE/WRONG WAY,2.0,37.5,1.0,1.0
091139997181adcafb94aa9e2084fcb6c8f209c35fcd09049b0505542e975cf6cd9cb5aafe6c7ff5537031ba95c47d4dbe936bb4d428dcce6cc6a7193775c308,RAIN,DAYLIGHT,WET,FOLLOWING TOO CLOSELY,2.0,31.5,2.0,2.0
0911659886803f382e4f87b433155187813506864a02404ce70fec5d5ea97e15f60cd84b3ef927ab2f743cecb453ad6608f3fb268068c6256381b607429d67f7,CLEAR,DAYLIGHT,DRY,IMPROPER BACKING,2.0,55.0,1.0,1.0
091189ff5ec64999e59b8c8018ec4a92736578daa931c2d707e75b69ae42851a59a88292af559defccc453f9a167b58a4b6c370c0f547dd67deb136782282e91,CLEAR,DAYLIGHT,UNKNOWN,IMPROPER OVERTAKING/PASSING,2.0,27.666666666666668,3.0,3.0
0911ea272f152d8d9dbbb5ee957cab530e2913c8fc73e20c90f5d587c2252f7a6169da0b9b24abd06c9816f5abc714def0fbb281803af7182015856416b17c0c,RAIN,DAYLIGHT,WET,WEATHER,1.0,21.0,1.0,1.0
0912299f9c6dae004703ca5b812cba064476d15878dce8df632dbb678496c6bbb3cc537878373e1b8d687aa18cbe56f4f90aeee328addb7b054b6b810bf31fe0,CLEAR,"DARKNESS, LIGHTED ROAD",DRY,FOLLOWING TOO CLOSELY,2.0,41.0,3.0,3.0
09123706f6c485a4a62874f9fb5181d94c69b4decfd90729c928777147aad728f73b029ce75765394e6058e72b5f3fb88112240db44253609e8fa117f24db8d1,UNKNOWN,DAYLIGHT,UNKNOWN,IMPROPER BACKING,2.0,37.5,2.0,2.0
09125147070c925716aaa1033f941c765cc96a9d6551f8b2e528e7afa8e5eb77dbfc9a65dcc0e1e71fa63c994bea44bc89dbe24003c7bd14a6c6f1b7d5aa8837,CLEAR,DAYLIGHT,DRY,DISREGARDING STOP SIGN,2.0,30.0,2.0,2.0
091281420adb87742ea0e8e62f2ba69e0394a2644939f2f11480a957de02134e8df4720d88f97dcc8aead5c3edc335c26e61d877cde2a9cef3833d15b83c5a2b,CLEAR,DAYLIGHT,DRY,DISTRACTION - FROM INSIDE VEHICLE,2.0,40.0,1.0,1.0
091292c18b827d33efaaae04c066e6032f3428528457a347b7ddd4a9651425f3c283af960d52cee40007ce00e800a1256be0bf350e95e67b93b7fe8b725b803d,CLEAR,DAYLIGHT,DRY,FOLLOWING TOO CLOSELY,2.0,36.5,2.0,2.0
0912a8e64be54aafbd5a438599d40138a8e0022ddce5a6fbd696e85dbeac8d53281defd13125a1033965e7cfc9d7de0a321d32b278a7b9a454f6896769508b2f,CLEAR,DARKNESS,DRY,IMPROPER LANE USAGE,2.0,37.0,3.0,3.0
0912b84aea5c152114334e9058ae78df1802253f3841a0d17027cc36cd1c054861480c3a45619da89f87ed10d775216f0558afe61edcf6544dbf94efd4a4fac4,CLEAR,DAYLIGHT,DRY,FAILING TO REDUCE SPEED TO AVOID CRASH,1.0,34.5,2.0,2.0
0912cad29aaea2ecd23fd6bb100da8b29f340ac31fa767bca21e9eb892289beb6d923882fd83364a9716ee89a7164c578297ecc7d3863ac8971c34d198269509,SNOW,DAYLIGHT,SNOW OR SLUSH,WEATHER,2.0,11.5,2.0,2.0
0912d698089fd0e5078adf5d150b7fc28fb78df0cceca6dfc89d4b30c654b0c01eb25151525aebf312786deb9146b95cdbef71c041cf149e16640c0b95704f34,CLEAR,"DARKNESS, LIGHTED ROAD",DRY,PHYSICAL CONDITION OF DRIVER,1.0,24.0,1.0,1.0
0912d7d94d718ad00afbec866feae6e192aa1b5b7e4edc0052adcac3f03539a11c64ef002c58539bda123c1dc7e60fffb541267a7ad512c4589c8c12f3612041,CLEAR,DAYLIGHT,DRY,FAILING TO YIELD RIGHT-OF-WAY,2.0,34.5,2.0,2.0
0912f04215d79893dbcc48e8b868ba90d053cb065b8f80722a1e523aac51420332a8fac49f479f194a98f9c959428f889f3ffaf49399053dae424dbb864affe6,RAIN,DAYLIGHT,WET,FOLLOWING TOO CLOSELY,2.0,55.333333333333336,3.0,3.0
091338923368f31a8c4cc9debc90e521a4d4227ca04912e32f56c0affaffa80b7b7495d19999093ca8376c0e66c3270bd1ed89c6677364b8f1f762fc7ee21194,CLEAR,DAYLIGHT,DRY,FOLLOWING TOO CLOSELY,2.0,39.0,2.0,2.0
0913716b94aeeabd85c07127f860c5ebe4c3a7954a7e5935300b44e1d092e61331ce943a98f8b63feaa82cb4fd603949ad33accfcfdba993c7765afe53005bb7,CLEAR,DAYLIGHT,DRY,FAILING TO YIELD RIGHT-OF-WAY,2.0,21.5,2.0,2.0
09137659c299eec3f9c1b800d9db046456a06f00f557b288a8e56a93fb4f912299c56e14b26ff578cf6eec482d39a62ce340057dbd5e83dc3a7a9e18c67e5042,CLEAR,UNKNOWN,UNKNOWN,"OPERATING VEHICLE IN ERRATIC, RECKLESS, CARELESS, NEGLIGENT OR AGGRESSIVE MANNER",2.0,37.5,1.0,1.0
0913837892875d46607c6a36af7665842ed8c7941b86e13a67acd42c000e8484d451e77400ccf64ad4d053367e76b00bde7ff635c74fe82df914a2f32c0b2797,SNOW,DAYLIGHT,SNOW OR SLUSH,WEATHER,1.0,28.0,1.0,1.0
0913bdbf21afe3f9f25da50da5c1e47d80f74f7c493ca9ffdbd1913fb4abe1e209fe2666fb2b1a8a8b7125f4411cb4aead48338414a7c04a5af5eb073b67ec60,CLEAR,DAWN,DRY,DRIVING SKILLS/KNOWLEDGE/EXPERIENCE,4.0,37.5,1.0,1.0
0913e408a4aa4bfa22cf29d11e743dbe4840b8f55bb062cb773b6f5f6dcd34d0d6a41752f8841a68882947c9717c7a3bca44f3880f17ff48be0444a4ddf04fd4,CLEAR,"DARKNESS, LIGHTED ROAD",DRY,FOLLOWING TOO CLOSELY,2.0,59.0,2.0,2.0
0913e53f55f1e5ea4d50868084b842660f4e811132842d2ac670d8bb0c832f50bfd279fb2ae2affa82baadbd2a18ec43f91673c5852b5b165a025862c2575cb2,CLEAR,"DARKNESS, LIGHTED ROAD",DRY,FAILING TO YIELD RIGHT-OF-WAY,2.0,60.0,3.0,3.0
0913f96261740823172b13ccf26f1b4fd3552182cdf3d73896c36d7ba81d07b8a1e7a9b45310f887246e19e65f0976b743d37901b7838d36f15885d646d1e7b7,CLEAR,DAYLIGHT,DRY,DRIVING SKILLS/KNOWLEDGE/EXPERIENCE,2.0,17.666666666666668,3.0,3.0
09140ea23f70e0bad1d48e7dbd849e47d0e501c35a6ca75045fe88e8e0b8da017f40cc937e80696b39da95487ad086f706e7c66ec0defbfef8fb001e639ef16c,CLEAR,DAYLIGHT,DRY,IMPROPER TURNING/NO SIGNAL,4.0,40.8,8.0,8.0
09142f5d0d95bb8d3f1b4567880d9bc3f1f9763f62c40ca5d2f58f782dc3276930b23f72afb675f101e76a06d4219ec747660e5081bd6e55cbe715345dc53b9f,CLEAR,DAYLIGHT,DRY,IMPROPER LANE USAGE,1.0,29.5,2.0,2.0
09143552c819c9dabb58b2ed3ab478630caf11c928f8196a8d5d9bda99a705ed577e663668d409fe35849b4d84209b16c3d8327f89b05b3a04a8f81481bce67f,CLEAR,DAYLIGHT,DRY,FAILING TO YIELD RIGHT-OF-WAY,2.0,0.0,4.0,4.0
09144e49f88221f93565ee369db64bcf2c0881571ec598d4b5cbb4588c1b0ff82e050e84cec1982cdfbe5864570d7d4ecab7a41e47ee6c4a49ddc96ac4f4fe9f,CLEAR,"DARKNESS, LIGHTED ROAD",DRY,IMPROPER BACKING,2.0,19.0,2.0,2.0