crash_record_id,weather_condition,lighting_condition,roadway_surface_cond,prim_contributory_cause,total_vehicles,avg_driver_age,total_people,total_injured
091452b43bb0c3353aad30c57880e3411ca8fc5fe5e23cd24f5c6f4aa6a5735947dd96f87c63c429beaaebdc7370e8488a93cf5b259397bb53ecd7ff147056ce,CLEAR,DAYLIGHT,DRY,DISREGARDING STOP SIGN,2.0,72.0,2.0,2.0
09147ecb90524ad412945d6fba4e71d217cdd6ee1e0932b7bb16642450d976689a63cdb4cb467735b34f77e5bb4b373ee874b0da1501a3b67e7c175cd9a5306d,RAIN,DAYLIGHT,WET,FAILING TO REDUCE SPEED TO AVOID CRASH,2.0,41.5,2.0,2.0
0914be21790e328ea83ec460a46cf446306f7211a2f5c23b1797d044d9416f34c9c06b94ae06ff371981cc8b2e1d3f3366d07691f7054e8f16f55550fb9d7231,CLEAR,DUSK,DRY,IMPROPER OVERTAKING/PASSING,2.0,29.666666666666668,3.0,3.0
0914eaa34eeac0e0b9d8c01394d78c10fd4f1471ce16b4eaea4b3044bdd8cfaa1bc0063fda9240b3ad4489e689b8cb05d590941e454902f502883499406703dc,CLEAR,"DARKNESS, LIGHTED ROAD",DRY,IMPROPER LANE USAGE,1.0,48.5,2.0,2.0
09151392e6e87101bc84ae89b08b9358bd9f06925f84562bded2ec18f33f35d7be26c8fe2eef0afec63c85c68e693a459de99e3be6e2bc423e8202bc8b724b59,UNKNOWN,UNKNOWN,UNKNOWN,IMPROPER LANE USAGE,2.0,37.5,1.0,1.0
09154bec5d98a9fa6a7f38ae29cf9e876c56c3d8fedf9147554df4c1ca68744963a41dca7623aa2b8325075396fe424a1a55152938013e0b8b2da937628064c4,UNKNOWN,DAYLIGHT,UNKNOWN,IMPROPER OVERTAKING/PASSING,2.0,39.0,2.0,2.0
0915c52dd79e0d295f6a2cbf91c336b572dbb86a23797438d0deb0b509da09266dcc49c0cf2d58fff6e400773cd84012b2d38037bce6209feab14f3ff4d52e7a,CLEAR,"DARKNESS, LIGHTED ROAD",DRY,FOLLOWING TOO CLOSELY,2.0,36.0,2.0,2.0
0915cb79ffa5dae0e09d3e4d62922041a7649ab454e727c20e56ac5028b1c5d4faebaf66d73a777eb76729b4949f8567682d5a20341505838c9edea23468d950,FOG/SMOKE/HAZE,"DARKNESS, LIGHTED ROAD",WET,WEATHER,2.0,35.0,2.0,2.0
091627c78082bcb0cb48846d4ad62de30f0135b81a0152fdeff354dd6aa02db1437b08aa2ad62c6f85ac7688a9be63c2b3d69bebc7e6bb2fcd1caa836c47f6ee,CLEAR,"DARKNESS, LIGHTED ROAD",DRY,PHYSICAL CONDITION OF DRIVER,1.0,30.0,1.0,1.0
09163f6a4d0db2e4b972c056664b95b21ed6eadf74f84a78f97410ad7b01ebd972d5e79822711e0d3cb939e4e0532775666cb5b6c4cf2a92f8d7f239f6d27eea,CLEAR,DAYLIGHT,DRY,IMPROPER BACKING,2.0,46.0,2.0,2.0
09164742596ecae882da34591cfa275da645ff06696e6d77281343cbae9f07c9cc6ac61b729eb3deaa3ab700e3ce42aef45bfeff7ebdfad424998255df4aa773,CLEAR,"DARKNESS, LIGHTED ROAD",DRY,DRIVING SKILLS/KNOWLEDGE/EXPERIENCE,2.0,32.0,1.0,1.0
09164b12d552cdc5a2b464832a5f5988f570829a8bd3bb939e0d7db25ef63b6aeb491c14b3d8c77d6b3ba32a0e3ffdb0cb886c3a72727b3c2a3cda799d71e485,CLEAR,DAYLIGHT,DRY,FOLLOWING TOO CLOSELY,2.0,28.6,5.0,5.0
091659b9cbf143d648c1944b40a5188d9e24dd4c6d5ba3575e31d1216524fbe851a390bb7240bc02d86f2326eb0098843c5adcd76ecd3336a7f43d96b3e623dc,CLEAR,DARKNESS,DRY,FAILING TO YIELD RIGHT-OF-WAY,2.0,48.5,2.0,2.0
091693569cccc29e80c38d511f9dedd737dfee4fc43716e142feb5f0e7a6f8a6dc61c6150b2caa17a31d2a2ae07750099126d1d8be69f730ac12f00adc76d1d3,CLEAR,DAYLIGHT,DRY,IMPROPER BACKING,2.0,39.0,3.0,3.0
0916a170947f49e2c76e053ebed1cb6e74f7184f8451bb9d546477ccfebd8d17e26bf227e7f2ecf9f6a6aaf854015b303d6de93241cfbbded098b4ab9a5c38c6,CLEAR,DAYLIGHT,DRY,EQUIPMENT - VEHICLE CONDITION,4.0,67.0,3.0,3.0
0916a90927fe635d6562cf66450ce5792591774039f8b1a0d43e798ef9bb147b1da8c6a9e15e2c5779822080cca6ab9a73f28efb1870b85d7befa7e653ca6a72,CLEAR,DAYLIGHT,DRY,FOLLOWING TOO CLOSELY,2.0,43.0,2.0,2.0
0916b8f9839dd40124eb8658edda2b56402e9120ce2580adc9f5f1fc0855d11b37e5245ef6bde437efce3c16cdddf5b397ae100424a5d7d3b4e148b34715de9d,CLEAR,DAYLIGHT,DRY,IMPROPER OVERTAKING/PASSING,2.0,32.0,2.0,2.0
0916bca1279b31184dd0a4aa053a93da1b648df8a11790fce2378398abe8614c5c993e39e23e8b437962b605484d2927df80931e1d346560d48652d578d45a0b,CLEAR,DAYLIGHT,DRY,IMPROPER OVERTAKING/PASSING,2.0,43.5,2.0,2.0
0916c158f25cb12f90d24812ca7ccbfde89e0c996ec53f4e23c2be27ee570f170692334f08b71a0c7cb802de1a006b75c163fa0fb3e7268e15085d44e8c4aada,CLEAR,"DARKNESS, LIGHTED ROAD",DRY,FAILING TO YIELD RIGHT-OF-WAY,2.0,55.0,3.0,3.0
0916c5db6e921ab62fb63b305c53607a948bd4849fba95e0611f217fcaffbad122b99daeadc0e235b8a1f89c67d0aea3fcb425f068206268d526f164eb54757b,RAIN,"DARKNESS, LIGHTED ROAD",WET,FAILING TO REDUCE SPEED TO AVOID CRASH,2.0,39.666666666666664,3.0,3.0
0916ee11aafbb2438b8b3a826a024089e76167da342851fe2daaf5c1b9cb5b8db7eabec3081d3642d56e35f54f782ebc72017e14f7478e34d1216553984bcae4,CLEAR,DARKNESS,DRY,IMPROPER TURNING/NO SIGNAL,2.0,37.5,1.0,1.0
09170b07eed2392ce8477efa3df15afdd44251a487b420faaf5bf4bed347f08603428d0675c1d497aeb091fb1f3678b2e7483c66d474df979b97bb44ee48cdcd,CLEAR,DAYLIGHT,DRY,FAILING TO YIELD RIGHT-OF-WAY,2.0,34.0,2.0,2.0
091716c95173235cb9b6bcd43939bf3219bb0de1c8022fe36e6b8b3dc9770ca4b203501ab3238b6c3155cd8496dfd296a0d481d1cac73cc777ba413111da8b65,CLEAR,"DARKNESS, LIGHTED ROAD",DRY,FOLLOWING TOO CLOSELY,2.0,36.5,2.0,2.0
09172bef9ffce59724a104ac31b89ee610708813838ef17632ff9a5f617c4a488e89045e4b812c48a362d4fb60f68190681231430b8178cdfddfab648696488a,CLEAR,DAYLIGHT,DRY,IMPROPER OVERTAKING/PASSING,2.0,36.5,2.0,2.0
091745d7649e74c96109abf9d843b7349db3b79e9438d47de9aad4e4a77ce7214df447611f5a82f5ce55349bdde263d9df48adeb73b763fa496197cc7e9f8224,CLEAR,DAYLIGHT,UNKNOWN,IMPROPER BACKING,2.0,37.5,1.0,1.0
09176d6fe196e2b580abe355f16582762768b4239437ad9cede5075729136549e5eac43d891d766fdf184169cc4d13398de8c42ae5fed681cce581fab1cd8568,CLEAR,DAYLIGHT,DRY,FAILING TO REDUCE SPEED TO AVOID CRASH,2.0,22.5,2.0,2.0
091798ea1ade3c756932898c9328f8d0ef0d24ab63ac60d881001b4ed68a67ff30575de4086f25b6e37d519276cd3ddc8988b3586dbb4c5e1910105c92582190,RAIN,"DARKNESS, LIGHTED ROAD",WET,FAILING TO YIELD RIGHT-OF-WAY,2.0,36.0,3.0,3.0
0917d4d40458ec7d0b2a04b7d5cb1df1e3e58fbf1eb8def45e2c4381012ea05fec221a6d99587ae9da189ae1e00843bc731a40c90b38f060bc4fca6b2dadf642,CLEAR,DUSK,DRY,FOLLOWING TOO CLOSELY,2.0,57.5,2.0,2.0
0917dcbf4c5f6a3da1b3f13cb212ead3f79054b2e775bee3682b2b79580c5f3eccc0e7b552beb75400d01b74a2db4ca5c307b54a8a0e303a5667f7411df4215d,RAIN,DUSK,WET,FAILING TO YIELD RIGHT-OF-WAY,2.0,57.5,2.0,2.0
0917e8215f1a3069ce4640e5306d094000c7e2117b37bff4116d99c9f2266cde757c3ee45a8880ae698dfe93e22cbe997a917d34fe21ce82ca7983648034110b,CLEAR,"DARKNESS, LIGHTED ROAD",SNOW OR SLUSH,IMPROPER OVERTAKING/PASSING,2.0,19.5,2.0,2.0
09184002ab27cadedde7fb8393fc57660494d4340670ae397cdb215548180ce3290d6d48c2bd144bcf49c93aae26c4ceabbd769444b3d7306c106d2914346cae,CLEAR,DAYLIGHT,WET,IMPROPER TURNING/NO SIGNAL,2.0,53.0,2.0,2.0
09184bc02e4ce0608afe6b461c6c2491b0e648f7b23e1331497aea39dc8eebe3bd53c7e637b49c45ad3abf1c113f657a2dde3b0031d7e4904aa2b049b57abaa8,CLEAR,"DARKNESS, LIGHTED ROAD",DRY,FAILING TO YIELD RIGHT-OF-WAY,2.0,57.0,4.0,4.0
091854c77fd86ec32b7ac4c9354047080af7e05d0bdac9eeca19dffaec17fb384040d96e75038b3c18322a2717c06cb6443acf5950fa21f56e81b43328f2ba4c,CLEAR,"DARKNESS, LIGHTED ROAD",DRY,PHYSICAL CONDITION OF DRIVER,4.0,23.0,1.0,1.0
09188ab020c7d4156d613dac7d8e26282b310064d41ae37e1b45e0993cf2a4a7cebfff017a7db1b4f1ac9f2dac5cc12057efdd39af306f07b8ccfecf7c8ba5fc,CLEAR,DAYLIGHT,DRY,FOLLOWING TOO CLOSELY,2.0,52.0,2.0,2.0
091898f4177bd4b8577a72634b3d3b16b66605558caeaa6663b0dade2324756e80d216667b3572bae864e539aff708e141c9976894fe16c7baf39a6aee9b103b,CLEAR,"DARKNESS, LIGHTED ROAD",DRY,IMPROPER TURNING/NO SIGNAL,2.0,34.0,2.0,2.0
0918b41b1aa3215827df800410068b045a4ba7c6b2b52e9ba3af2e65fde647e90add3da4573ae413103342c41c53e8ba4253e54ba76aa20638730005047163c8,CLEAR,"DARKNESS, LIGHTED ROAD",DRY,"OPERATING VEHICLE IN ERRATIC, RECKLESS, CARELESS, NEGLIGENT OR AGGRESSIVE MANNER",1.0,13.25,4.0,4.0
0918c01cae0ca0da14506f95b80885aea367ae9772a26b34b9b65a2eb2615319871cbf0dc32da369d402eb5a16b4dfb665a68f64cfdb94863fce0f38d07f86e6,UNKNOWN,UNKNOWN,UNKNOWN,IMPROPER BACKING,2.0,46.0,2.0,2.0
09191cb7b6ff0380ca6439634b655ce6849c14620d922e5815b26f47103a41613635a9bfb491db796602d0efb9c4a384b9436fb45c66a1440673a2560dae589f,CLEAR,"DARKNESS, LIGHTED ROAD",DRY,FAILING TO YIELD RIGHT-OF-WAY,2.0,23.0,2.0,2.0
09194717a7ca44c32aac84ad031616532d46185d132edc2b9b99fca500dd83168e407e355a3eb5fb256468feecf04e62091415922b16fb7ef028f5a715db3db7,CLEAR,DAYLIGHT,DRY,FOLLOWING TOO CLOSELY,2.0,31.5,2.0,2.0
09195f2de282a18ba5ea0b009e24eb07b92b9aff0a22bfee1fdc78a875b98ab057115f97d59d2f23cb783245adbd77366d98896057a7dd22431ae2e254c3c3a7,CLEAR,DAYLIGHT,DRY,FAILING TO REDUCE SPEED TO AVOID CRASH,2.0,37.5,1.0,1.0
091990e66b0753961c8c7288057ee39874f83702eef61470a010d740edef99c56967ad620ab811c29a0cf2e66f5f1d71d4ec493f8cd7abbc406c97d909405d73,CLEAR,DAYLIGHT,DRY,FOLLOWING TOO CLOSELY,2.0,57.0,2.0,2.0
091991f4de311655a80ef60ed9382d796b6f46da4afc3ebf3edf16d8ea137d7ed643aa5d08159efd7c339c0bc48496fce8ca260cdd11223e76d7b4cc830c94a5,SNOW,"DARKNESS, LIGHTED ROAD",WET,WEATHER,1.0,15.0,2.0,2.0
0919a57dd5cbbfaee1da1b136d6cf6d8571ad76d55b9fa413198368ae837c9e86e030e3a166d514b146f8dfc1a660e82b76cb779059c141a80dc622bf2968cc4,CLEAR,"DARKNESS, LIGHTED ROAD",DRY,FOLLOWING TOO CLOSELY,2.0,31.0,4.0,4.0
0919b3a8e7040a6353c311b13bcf4a0f8d3d60384ccf953b33f043e05cf6d5d456d0a8e38aeffe010a7fe05ac2ed70ece7253a7a38fe9d2e6e04dce97bb68fb2,CLEAR,UNKNOWN,UNKNOWN,IMPROPER TURNING/NO SIGNAL,2.0,37.5,1.0,1.0
0919b4738d6b2c19cc7b8abb617175e482e2f38177b97a6721fba563313431cfb6604ec0dba2013adc27d4847e5d1eb525b15b0e319b9754453f1aaf07349949,CLEAR,"DARKNESS, LIGHTED ROAD",DRY,FAILING TO REDUCE SPEED TO AVOID CRASH,2.0,38.8,5.0,5.0
0919bdce72a583887edb2188fa541814c3e9b29e63b9fc9e6f5a02ebaf4252235c3c2e9253435232b6a7868463dd52977debc88d705ee6fb1bffb99c0b5e07d1,RAIN,DAYLIGHT,WET,IMPROPER OVERTAKING/PASSING,2.0,70.0,2.0,2.0
0919bdef25200dab838cb230b16ccb33f94e6c97b2167426b8a02c864b5afda63890ff83b46e26224ee3bdbf5334bb3f1472fa0f82448872ae10ec93233372fe,CLEAR,DAYLIGHT,DRY,IMPROPER BACKING,2.0,71.0,2.0,2.0
0919e1f402f14fed5a8af703f425a0d4aa36d5c74573f83fb0e05e8478749d63a9fe583be4d279ee517f4c70724e9d8cdc92b96916a87f9fc1ed860ea1e679f5,CLEAR,DAYLIGHT,UNKNOWN,IMPROPER OVERTAKING/PASSING,2.0,46.0,3.0,3.0
0919ebec0b8b1a45dd839000d0ebd09570e206378bc2618d992f2801d1d3dcb66814da6880a866166518011cb85b47df25df1eccbe7571e58dd21e36d4f65e04,CLEAR,DAYLIGHT,DRY,FOLLOWING TOO CLOSELY,2.0,36.0,2.0,2.0
091a054a1653aeafb9cc90715151ffc40e16f308fa3b24d8d7c50d121725a0cbd7369edea5722359811b465df90c026718248b79812ff7204021a173a90a2fed,SNOW,DAYLIGHT,SNOW OR SLUSH,IMPROPER LANE USAGE,2.0,32.0,2.0,2.0
091a121902c11a29e68c3e6d5f0dff12ad15d91fdf21eaad9d26bf916622b92c6bf9cd1fa20a50f0410343a4384b6fdcc30a3da8326464d1866664b2c9f29313,RAIN,DAYLIGHT,WET,FOLLOWING TOO CLOSELY,2.0,43.0,2.0,2.0
091ac54a3658f99dbb881a743cded7f940a6ca338f828f34a66dcac1f659b776a6750431c71881e977be0fb545c0b25d747bda0d50d19c284070050df039e566,CLEAR,"DARKNESS, LIGHTED ROAD",DRY,IMPROPER TURNING/NO SIGNAL,2.0,17.0,2.0,2.0
091b183ea9d23a7c133df2ca799f461390823bfedc5428483313d5234ca7d9cc04f5f01423708ee2c58cd8b6916769aa5d015a4dc5da381c16e26ef4aa1801c3,CLEAR,DAYLIGHT,DRY,IMPROPER OVERTAKING/PASSING,2.0,35.0,2.0,2.0
091b3995771e6126cd840309507fede0a1d37358d978ba0021afaf7276b96064d82938153442b825f78a2a47b2c9082c90b6e7e095e21d5fe6c3a5e896141f54,UNKNOWN,DAYLIGHT,UNKNOWN,FAILING TO REDUCE SPEED TO AVOID CRASH,2.0,30.0,2.0,2.0
091b45ef56a3fb7f5eb8ceb6fb53610cb2f45496a4d5768e8ce5f0e9ecf93789fdf37bb445699a8378f63b0cb1a3d36e7955c123cc9a2ba0ee508e39db430c3f,CLEAR,DAYLIGHT,DRY,IMPROPER TURNING/NO SIGNAL,2.0,21.0,2.0,2.0
091b52329a5f25957834f0a85a34de2020ae860bff9c7d384fd72868c69a6f51d9cdef3291c007f3c0bab7df0b045710354da26e4f5e08bdf32a25a39c4c2d32,CLEAR,DAYLIGHT,DRY,FOLLOWING TOO CLOSELY,2.0,35.0,2.0,2.0
091b53eed9bcc38f5239bbb9f492298a1df9aa9cf5cb1afc4987f5cb2f2a69db66a6fb6968195fcddcce1769e34033a2d5240d8afadd7404dee1e2c489cf5f35,CLEAR,"DARKNESS, LIGHTED ROAD",DRY,IMPROPER LANE USAGE,2.0,36.0,2.0,2.0
091b7bf7235e3a6ead34569d709e62ecd393fdd1429da8d59bb78d3da909e5af425522312cd3b39aa11fcfc91ae439523e3f0fc75c4f6ded437758c8a31e659c,RAIN,DAYLIGHT,WET,"VISION OBSCURED (SIGNS, TREE LIMBS, BUILDINGS, ETC.)",2.0,42.0,2.0,2.0
091ba580ec28a233e6b87b67d1723b569aa77bfdbbd847b2fb493db2184e3ff75afb254bf61581dbf638bf20d4c7dbb19ea13c20412afe99746746ecfc2d8572,CLEAR,"DARKNESS, LIGHTED ROAD",WET,IMPROPER LANE USAGE,2.0,56.0,2.0,2.0
091ba5e2b128af4527dd31524510762e866261b48980a559ce3e3820c8f20079056432647e7eb1dd6bc7515c391745644dae49ed89e22f73c519ef20e1e348ff,CLEAR,DAYLIGHT,DRY,FOLLOWING TOO CLOSELY,2.0,18.0,2.0,2.0
091bcf6a7f3c1a9ac12484f95640f12f82772dc706b6ae280b05dce285cfe2a9ed51f51c382d20189488358fcf0a16b3cc254522afa697e25936fc42c042883d,RAIN,DAYLIGHT,WET,FOLLOWING TOO CLOSELY,2.0,36.0,2.0,2.0
091c00c143e29183ff8cb7558403f67a9eb959ebb84f1fe5a84feb06c73aba0d07d6689e0730ec1800042610e6724bee8b32c99711fd1b278ef7875fbc6bfff1,SNOW,DAYLIGHT,WET,WEATHER,2.0,41.0,2.0,2.0
091c1170ed921f374db90f9a74b3566c6e2980736557bce33f13bc5e214ae7aa04ef5e617525ffa543be46b81ce91d0263dd7d7bb613e298ad4a1725aa8bff11,CLEAR,"DARKNESS, LIGHTED ROAD",DRY,"OPERATING VEHICLE IN ERRATIC, RECKLESS, CARELESS, NEGLIGENT OR AGGRESSIVE MANNER",2.0,24.0,3.0,3.0
091c89c6126d3e0e092798cee4c740d1d27bcdf675dcea252e8d05a920d44a95d3d6e4371488ecf0f7ae41be54d6ce54d5463e64e5e67b17eeb203e998676f7d,CLEAR,DAYLIGHT,DRY,DISREGARDING TRAFFIC SIGNALS,2.0,60.0,2.0,2.0
091c93a820ccc22358dc6abb5aaaebf76a25804f377f0b66e717c1376ef58e3d507756435463683fb03e1ce9add654a8efcd0b89e1dd531a8a19698962d45390,CLOUDY/OVERCAST,DAYLIGHT,DRY,IMPROPER TURNING/NO SIGNAL,2.0,67.0,2.0,2.0
091d00ffb1885a91b9745acacf47339e7750bb2c8f7f82b3bf1da86671e554b7183e0a24b251ce633162155ea8a88ed83ca580ca6fc50e53f41d3acaeb533a6b,CLEAR,DAYLIGHT,DRY,IMPROPER TURNING/NO SIGNAL,2.0,29.666666666666668,3.0,3.0
091d046655f82ea26e69ff3c75323f56e44963bf3e9b0fc00ba4d84846091982ebb945d7d0ded60f4451310c70aafe9c562915b928f173a8fddb3d7857a1e356,CLEAR,"DARKNESS, LIGHTED ROAD",DRY,ROAD CONSTRUCTION/MAINTENANCE,1.0,28.5,4.0,4.0
091d155fe60b414c1c0c5ee3d87daa065303eaaa1bba702887c9eeb364594acbf89ab6794cfa78f4dc0469dcae1a33697fe3cbcb38c91e4d2e23e82b00dfa141,RAIN,DAYLIGHT,WET,FAILING TO YIELD RIGHT-OF-WAY,2.0,52.25,4.0,4.0
091d5390596dfafeb74cdcaf3b8a3ed55c8f92a44d9731d98fe6737ef36ded616a121d9378288c97adf4714a2ce8f4067d0f72c2a66483118e1b18f3afd4babc,CLEAR,DAYLIGHT,DRY,IMPROPER TURNING/NO SIGNAL,2.0,27.0,2.0,2.0
091dc421ed8c5b9658d498ee2c03a4751dbcb1f5971ca371ba4fbfd1406b17c0340fc0f308e8c0496a1ccafe0f2f4d5f4262164a51b5be218f9f0399dc3edae5,CLEAR,DAYLIGHT,DRY,FAILING TO YIELD RIGHT-OF-WAY,2.0,27.0,2.0,2.0
091dce0f72d4a3d424a626f57ab126b42d4f539efe439e29aed91331e5ffea7df1110f1fe5c6e6afec06d0f0f7ee4519e2d88e06e053b4078aca563882cfe9da,CLEAR,DAYLIGHT,DRY,FAILING TO REDUCE SPEED TO AVOID CRASH,2.0,87.0,2.0,2.0
091ddd074851d6377b36b8626611434036202f1fd48e2abb824f253c8dede9b511dcdc7eec67cd8b38219d6001271c2abee095a7806eb228b5ea25bed6d458d0,CLEAR,DAYLIGHT,DRY,FAILING TO YIELD RIGHT-OF-WAY,2.0,53.0,3.0,3.0
091de7641f13ec257e5b9b4f75ae9bf859aa10aaa04ff3e85f940d454c01989a01cfa7853084af51d9c6087edbe1f4f07aa7a2a9fb7c6db8881befa8e143181d,SNOW,DARKNESS,SNOW OR SLUSH,WEATHER,2.0,38.25,4.0,4.0
091e0c42cca5a61d7d29ef9450b7fcda3cbf7c23b195e5b3ebdc78c164f87d8d4695b2d09d392481179598b378c97c14bec0d5ca23a58217c8fb2c9254f9ef83,CLEAR,"DARKNESS, LIGHTED ROAD",DRY,FAILING TO YIELD RIGHT-OF-WAY,2.0,17.5,4.0,4.0
091e3a133dc986379a4d7ca11db7eb943b2c6556ce05e3c58f8465ccd84f46e3e0207be28e1998d2030f8e215d35bd390630bb1ae6930f09b876834b1f2b2d48,CLEAR,"DARKNESS, LIGHTED ROAD",DRY,"OPERATING VEHICLE IN ERRATIC, RECKLESS, CARELESS, NEGLIGENT OR AGGRESSIVE MANNER",2.0,28.0,1.0,1.0
091e7e9c4cb59a9ce9484f2374b935f40ee044ce7e2caab81279a8d661130c1b5c94ab4b914b783b4466eee939f05e3c6d99a37dcfb44439f46f84c076dabf18,RAIN,DAYLIGHT,WET,FAILING TO REDUCE SPEED TO AVOID CRASH,2.0,20.714285714285715,7.0,7.0
091ec412926095b475fc70fc1e3d1cd9e6d897a9a4a1dfac592f2268a5e73df35856be1c7d741b989b8de60a419228c0d32d82a1f665c1d7b8ff539eeb92ed51,CLEAR,"DARKNESS, LIGHTED ROAD",DRY,FAILING TO YIELD RIGHT-OF-WAY,2.0,36.0,2.0,2.0
091ec56091e48948bba4669bc98c773cb85847bf81afebb388db813fa3002c07b92a786335c6ecb6ed64ab7f4ad3c4c3c00c9425bd47ea706a19b6197b989fb6,RAIN,DARKNESS,WET,IMPROPER OVERTAKING/PASSING,2.0,25.0,2.0,2.0
091edd56b2cfc8d5d89872d4513005814c2a4fb311c0989e2148af58ea990585664ec0448cdfe1b178ae6d6059d4b56fc8698ac74e0b6579031e362721512d12,CLEAR,DAYLIGHT,DRY,DISREGARDING TRAFFIC SIGNALS,2.0,37.0,2.0,2.0
091ef1d3fa459d40e942915e61b91bb70ee49c5eaf9049a2bdad54d8efb1772d760c005a40e634819579385bf9a2d67611b3b15181b14af12435752b45b73cd8,CLEAR,DAYLIGHT,DRY,FOLLOWING TOO CLOSELY,2.0,37.5,1.0,1.0
091ef876b642fab16601bb08971ffd097132308944c52ae9ac847f751301b0dde7efd1a02b0a018c45221690407d4a498296f75f994c4b41d74117e2bbda414f,CLEAR,DAYLIGHT,DRY,FAILING TO REDUCE SPEED TO AVOID CRASH,2.0,56.0,2.0,2.0
091f02911a01603196466730e60f824bc5669adc0a06c87dec7346a2f7e2984f7e804f917a4a0834c214386e4b54abdaee0a047694cbbd3b9d6d5c413b83c76b,CLOUDY/OVERCAST,DAYLIGHT,DRY,"VISION OBSCURED (SIGNS, TREE LIMBS, BUILDINGS, ETC.)",1.0,46.0,2.0,2.0
091f2a7d67e2efb1aa0a1eb238dfab3f6a23f34656b15a06cc6a04ceafd785d8a37310a1fc991a8826b692679e2b1d2eeb39a7b381af7fe97991f6017a139c0c,CLEAR,DAYLIGHT,DRY,IMPROPER OVERTAKING/PASSING,2.0,46.0,2.0,2.0
091f2c46d6fd3af67a9c67029b8ea80fb7bb81b09c4fb9c32ba12d8930784fe72bdcd6ad342ad86011081090f854d916c8a96f59b7839315aa95e292023c1170,CLEAR,DARKNESS,DRY,"VISION OBSCURED (SIGNS, TREE LIMBS, BUILDINGS, ETC.)",2.0,47.0,2.0,2.0
091f74708f7a9981474c979224bb5089b88d3d63593b72e360ad4ae92164e13eb1551f9653a579ed8742ef7c52cdd87e1fd188accfc175dae0cd00a06f09877d,CLEAR,DAWN,DRY,PHYSICAL CONDITION OF DRIVER,2.0,0.0,1.0,1.0
091fb98f8cc80ae38fb51e1bf7f8f11b7d6a8aac4e2e2d712e1787bcbf5133dfbee2f1083a6771dc9e89a9b0a5f9a50a06b44cb830a84d9739cceb274f3d3f44,CLEAR,DAYLIGHT,DRY,FOLLOWING TOO CLOSELY,2.0,75.0,3.0,3.0
091fea02edc9a80596d6316407ebc5b4fed21037878c72f5c2b639f4d6d84b12f2c603fb15931f3db52d66513581e662d85e4969a216c8aa5dab6735d74da16c,CLEAR,"DARKNESS, LIGHTED ROAD",DRY,FAILING TO REDUCE SPEED TO AVOID CRASH,2.0,40.0,2.0,2.0
091fedbd845f6812c13426d729038849fd1c6abe217c3d24ed774d02a70d020650f277df2efd346037ebe60acb97f8d5d6f721e7f269f855527b39cf31096d9a,CLEAR,"DARKNESS, LIGHTED ROAD",WET,FAILING TO YIELD RIGHT-OF-WAY,2.0,29.666666666666668,3.0,3.0
092015c5f20d2540bc5c9de438ecd01333743e813206ffc4a973595343503dde5a1493f0951aaa383caa1d2c6edd593b1b532171d9449679bdef0119d8b6def7,CLOUDY/OVERCAST,DAWN,DRY,FOLLOWING TOO CLOSELY,3.0,25.0,3.0,3.0
09202d838192ef8de83e218dc61b14ff4fc7bd0ce16a885420c19a6d01a7cc8d24136220701b48d355d8eef368cb4c4cee436a932db7e329b4e226227121ba91,CLEAR,"DARKNESS, LIGHTED ROAD",DRY,UNDER THE INFLUENCE OF ALCOHOL/DRUGS (USE WHEN ARREST IS EFFECTED),2.0,26.0,1.0,1.0
09202db4de7871c2ef840d23e49af1e4acac9402b359d8e0473a8789fb36eb86bb584c130ea93d12d4b0bd5385cf418017081b746b36cbefaebded851ce02cae,CLEAR,"DARKNESS, LIGHTED ROAD",DRY,FOLLOWING TOO CLOSELY,2.0,55.5,2.0,2.0
09205485b9bd9474b88a9055e3f659472269e0658b7d78045d5afbc7f2ed0e8f451048f19cb358b08aa34af01b0718f204425bede6bd55794602df59d0e17621,CLEAR,DAYLIGHT,DRY,FAILING TO YIELD RIGHT-OF-WAY,2.0,37.0,3.0,3.0
09205e5b5b761edc90dbd36ee25a883d1e18da617aa5b33dccc2e0680320df4cb00fed03a5c7a10ab87b13c8d2dbbc25d095f6d19d61bd53040f5969bd8a4636,RAIN,DAYLIGHT,UNKNOWN,IMPROPER TURNING/NO SIGNAL,2.0,27.0,7.0,7.0
0920628de19624863a8c32ef93de809793c6f116f7e6a7c88938c1d02b1d3970a2e797806038fcbf8e504bd7d9b51bba21f97516d67a398bb72ee2fb657c87cd,CLEAR,"DARKNESS, LIGHTED ROAD",DRY,FAILING TO REDUCE SPEED TO AVOID CRASH,1.0,38.0,1.0,1.0
092062f7c05712549ae01296a21ddc06000149cc41533c10d303aaf67b25a2fc7610d7081bd9b8ed3570ef86ea9c10164458a89ced885d550390d1cb33fe82b7,CLEAR,DAYLIGHT,DRY,DISTRACTION - FROM INSIDE VEHICLE,1.0,24.0,1.0,1.0