crash_record_id,weather_condition,lighting_condition,roadway_surface_cond,prim_contributory_cause,total_vehicles,avg_driver_age,total_people,total_injured
09206c03ccd8398d69f14f87099cc88e9ff7cc478eb9c1f14fb5498d398e5f9d762eac1b1921f5989751e53aafbfcaf3ff801e6d3c790a1fac4407ac110d0f8b,CLEAR,"DARKNESS, LIGHTED ROAD",DRY,IMPROPER LANE USAGE,2.0,37.5,1.0,1.0
09206cd272d7d9301a6d2401c85f6a7a4d53f8430f8ad98daf880e0172b774916d417bf96084c35caf21e871acd6d4982503d4deb244d0404a97de7b8ca84896,SNOW,"DARKNESS, LIGHTED ROAD",SNOW OR SLUSH,DISREGARDING ROAD MARKINGS,1.0,23.0,1.0,1.0
0920810ecd434d3da3026404849dc874edcb5a974161a121caeae516ab1b671d08c82cb9a354a813f27ff3b716ba73b39f76caf5769b77cc738f19a23ddef196,CLEAR,DAYLIGHT,DRY,FAILING TO YIELD RIGHT-OF-WAY,2.0,33.0,2.0,2.0
0920e179608896ffe09b7f0701a40f040af32230fd450022eb60813c7dd2708fe7310616306d5bf5706537a705667bdba798815658dc8bf620d5cc8f0a9fb267,CLEAR,DAYLIGHT,DRY,"OPERATING VEHICLE IN ERRATIC, RECKLESS, CARELESS, NEGLIGENT OR AGGRESSIVE MANNER",3.0,41.0,3.0,3.0
0920ec8fed91f14df4f4f1a6a221f0e23f8e096e0f55187bb03c01c936863cb9661e56b8d61caf601b82ebe01b1c700f03fb5cab64b5b875b41ccac1534be173,CLEAR,"DARKNESS, LIGHTED ROAD",DRY,IMPROPER TURNING/NO SIGNAL,2.0,20.0,5.0,5.0
09210b0704f1b5faae90fc42f5a09ba01a905ac310da9e6ab1b45f849d853c214983614ab5091c9c0fb14ea42d5b1dca5b6fd8ed43eb16e7711aaf361bee64e6,CLEAR,DAYLIGHT,DRY,FAILING TO REDUCE SPEED TO AVOID CRASH,2.0,40.5,2.0,2.0
09213b3d90c516e2d0ae2ac7c14e3de1ba232490fe738f9c43346b76385d6321981ae39c1d619f1233ef28c1b307bc1d5784279a63a7e90ebbeffb14a2ac1539,UNKNOWN,UNKNOWN,UNKNOWN,IMPROPER LANE USAGE,2.0,34.0,2.0,2.0
092143623ac5cbc49153770254120a5044e83b151424242d7ffa8e552b2ed5f6eaf3741bae2bd427e132b2130fd8e9a9c8f10d1ee47517488ad806f9b30f6911,CLEAR,DAYLIGHT,DRY,FOLLOWING TOO CLOSELY,2.0,50.5,2.0,2.0
09215f487ce8208f10c59ac3d355e167595e1f13831503f2b8117aff2192d8e2480383fb54b61cac97f92b7d76c7aac505fbd58492b9c79346d6565702779471,CLEAR,DAYLIGHT,DRY,IMPROPER OVERTAKING/PASSING,2.0,47.0,2.0,2.0
09216b7bc375dd30b2b510d99decce0cb0ec758c66915cba2707862c20c8279fff3684404cb380968333f69911a1f74c7407378b7655e489a3a939bd6c8363f4,CLEAR,DAYLIGHT,DRY,DRIVING SKILLS/KNOWLEDGE/EXPERIENCE,1.0,27.0,1.0,1.0
09216e2f99d20039eb97e0246f87366f13a5ad3708d1277a3bd0f38b4aa39c80f2457eeb9d8b66acee0cd98a54b6849bc267e39a541411c3ae4e222288fa4ce3,RAIN,"DARKNESS, LIGHTED ROAD",WET,FAILING TO YIELD RIGHT-OF-WAY,1.0,54.0,2.0,2.0
0921d19a0026c71e05dec6539ff7dc0f8a0e8a40bb09ce62c7e9a37b19bceba89e772844bc6a5fc3e545ed5e5d9f800abd77de7db84e9cef44cf08b8c010ede9,CLEAR,"DARKNESS, LIGHTED ROAD",DRY,IMPROPER BACKING,2.0,26.0,1.0,1.0
0921ef8f650d974deaa3c72927fd53b0f12ebe960b7dc5c4d0c3ba3ca50ee20c328379c5ce5b281a263bc985899235d481dd9a099a46fe72315a66c4fb9d7419,CLEAR,"DARKNESS, LIGHTED ROAD",DRY,DISTRACTION - FROM INSIDE VEHICLE,2.0,51.5,3.0,3.0
0922119abd4eddbfbd396ade68d72cb5f301e20705a30dca21ca8c599143296e33a12047599bd19c6241e5a5c9b96c63e5f979fb314fd4a7853d42adad292d93,RAIN,DAWN,WET,FOLLOWING TOO CLOSELY,2.0,46.0,2.0,2.0
092258bfd394b778a9310014c803ac2fc4d506abb8c1ee56ab448b040cdea63608eee18bdfcea99866245434155193614af981998d5f5959bf1c1b688068b225,CLOUDY/OVERCAST,DAYLIGHT,ICE,WEATHER,2.0,58.5,2.0,2.0
0922591da141cf2629ae7c7afb3513df8fc816f7624ef6fd7788c1e0842096c777c90b1ed36a11029839b4685f1ed46ae81dadc150358523f6d6057f9e133252,CLEAR,DAWN,DRY,IMPROPER LANE USAGE,2.0,58.0,3.0,3.0
0922665ce5a877c32b12d0aaadee016f4c54829fe1d1fed1dbf92fde4d65eb9e1dc0285b4759c90598171a3f704ee90f168988be7fc9502804fdf15888849216,UNKNOWN,UNKNOWN,UNKNOWN,IMPROPER LANE USAGE,2.0,33.0,2.0,2.0
09226862dd5ba55bd63be7ee9ae041dae3f9e3099ff216ba776cc4b18f1f8670a66038541e6c032e54994941476b37f0954d3f82caa77dcddf2d087f58f9f20b,SNOW,DAYLIGHT,ICE,WEATHER,2.0,25.0,2.0,2.0
092284ec80e8937183d13497b04b5fa83c26f303ae050ecdcdcddfc34ed455fd8d0e43572c74867764ab079be447fb535c9a1a8b35631039fd877a6b64b530ef,UNKNOWN,DAYLIGHT,UNKNOWN,FOLLOWING TOO CLOSELY,2.0,42.5,2.0,2.0
0922853edc3a54c464f7d9f450963c3fafaa1a58508989a77aad2121e66415e8d07a2ae858207afb483821bd7b688a171a4ba7d2e223e621581546475de6e161,UNKNOWN,UNKNOWN,UNKNOWN,IMPROPER LANE USAGE,3.0,37.5,1.0,1.0
0922cb1cda246a8897450b0df4ecc4eab798638c2c7ea34afa796b126291321c602a1daa1c16f1bc86e61a2a84664f37870b9832a0c84ebc520d7e170fec0387,CLEAR,DARKNESS,DRY,FOLLOWING TOO CLOSELY,2.0,29.0,3.0,3.0
0922e801430bf9a5f792124a956481ed5778ead60cbd9e7fc4b499503e02fa58b4ca8bda61f650be722576458ce10620fdb7dc0e6cbd28dc6c6d8e043c8ada19,SNOW,DAYLIGHT,SNOW OR SLUSH,FOLLOWING TOO CLOSELY,2.0,57.0,2.0,2.0
092303b22283f255694df7ddcc7802916a5fbd3ca0a0454f2d9bc24a4d48c6c657f77a1b5b79e59d136f8f04e538032061c8ed02c99009a4b48f46975ba09e69,CLEAR,DAYLIGHT,WET,FAILING TO YIELD RIGHT-OF-WAY,2.0,50.5,2.0,2.0
0923398a77790e06b16a538cb8aa671231b2b71027a22361b746b12d47b32525a44ed02e50a38e4553dac9460be26c28f2d42b16a419cf30684d5714b598e4a2,CLEAR,DAYLIGHT,DRY,IMPROPER TURNING/NO SIGNAL,2.0,24.0,1.0,1.0
09234fe7e936b9fc6f0ef5134703dda12a26670e8969bfeb058dc0fd7876126a130e6a36e48556e308d2b0877a22673a64d4102f3251dd2ce9543aa104090153,CLEAR,DAYLIGHT,DRY,IMPROPER OVERTAKING/PASSING,2.0,27.0,2.0,2.0
0923b016a90d5da6109a37e1c4c750805a253f094c43e850a254a594fa30da38d711c9ebd73b772a8f6337b1b8998ee6392e1449bb206b9a153c1514702127cb,CLEAR,DAYLIGHT,DRY,FOLLOWING TOO CLOSELY,2.0,36.5,2.0,2.0
0923cef4849362c83a3dd4985d90c6e5f67aa0c4ed44bb523453b01c01c0fefdfb42f1d5357976a37399b13f8a1a7e07d1e823fe1589cd0842fe8176f86dc388,CLEAR,"DARKNESS, LIGHTED ROAD",UNKNOWN,DISREGARDING ROAD MARKINGS,2.0,29.0,3.0,3.0
0923d073ddaf5a6074696a99dca629ea860292b6e6270803050e55ca80c229816be8ce3216911494f5cf04e09e4b4d08c992b5f2612f7cf2823a7b8e9cbe1420,CLEAR,"DARKNESS, LIGHTED ROAD",DRY,IMPROPER OVERTAKING/PASSING,2.0,42.0,2.0,2.0
0923d131ddc30c9f37479fb2251d8de87ca55b243f8a45e2b37578218016a61dbd57683c42f1b188d50a2d552e174d74653d9da03f6caff9ad457d0bd7fe8599,CLEAR,DAYLIGHT,DRY,IMPROPER LANE USAGE,2.0,40.0,2.0,2.0
0923dc80fe0b5874ace0408de9da1c111006c3d8fc03067e0473044e8b66a16df2bf90fd381f6435ce1372a6aba2e023ce017cd6448474202f0ebd5e1f125d74,CLEAR,DAYLIGHT,DRY,"VISION OBSCURED (SIGNS, TREE LIMBS, BUILDINGS, ETC.)",1.0,25.666666666666668,3.0,3.0
0923e7c21ddc4e2fc63498af39acae1e4c93c4cbc53622d70d32663fce863a698b79c6ee5c2e3928107eb9889236350746dd25b4473023c2317a3c9ca7f0e844,CLEAR,DAYLIGHT,DRY,DRIVING SKILLS/KNOWLEDGE/EXPERIENCE,2.0,42.0,1.0,1.0
09240e85dcd379ce6a05322edddbb430a299c00c16abdd43feef8dbca68dca166561ed6ef0ace4f491a69307a0b6b57431dad02655ea7ad7be79bf95616db5be,CLEAR,DAYLIGHT,DRY,FAILING TO YIELD RIGHT-OF-WAY,2.0,27.666666666666668,3.0,3.0
09242002e5da07992a73801a89e71e362ece86bcde60d6f2bf99f8304af6a54a7250b67a4cde912734729e25600e15926646f03eaa9ef9f80206e69f801ffdea,RAIN,DAYLIGHT,WET,FAILING TO YIELD RIGHT-OF-WAY,2.0,63.0,2.0,2.0
09242862c027195fa27c37b2fdec55b07b4f193d50891a3926f72aca63059890e72ff55bdd5f84ccc8744c06d4a7d58a3c8aeb84a8434922422f662014553827,CLEAR,DAYLIGHT,DRY,DRIVING SKILLS/KNOWLEDGE/EXPERIENCE,2.0,48.0,1.0,1.0
092482706d7ee6cd066f6a229bb4a5a9ec7f473b4bcc3f480ba3cffec47c428311ab0b64185e6f531f958aa9088bcb0155e26ab295f0e9b5d6cc574256d625ae,CLEAR,DAYLIGHT,DRY,IMPROPER OVERTAKING/PASSING,2.0,24.0,5.0,5.0
0924f1f441ab95ca48352675de6d1a00cb45d272673705d0e4c887d5f1d505c59078db4d18b26b1bcdaec704b73aa550aee7a99200ee0f8aab5ac49690241930,CLEAR,DAYLIGHT,DRY,FAILING TO YIELD RIGHT-OF-WAY,2.0,34.5,2.0,2.0
0924f87eaf7523cff2e398b6d6ae857770b8ac199b0cfff35d22a5de6af602d4ce6ef2b6bedabb686f7e26e62cb3992fdf2994f97c67d8075ffe0c82f05eea61,CLEAR,DAYLIGHT,DRY,FAILING TO YIELD RIGHT-OF-WAY,2.0,36.666666666666664,3.0,3.0
09252f4a971c6cbd91e029f8f65d7782b3f6c134e44175c74ae1774007d9fb4be555b20f23630eb0f9dc386df42a45338a2a23a47c689f710b242ee59e426234,CLEAR,"DARKNESS, LIGHTED ROAD",UNKNOWN,IMPROPER TURNING/NO SIGNAL,2.0,33.0,2.0,2.0
0925310c149e60587ba3dca794fd8c023894ad817e9ef2716de6c166bfdd9cb1869e1b0a06f7b66aa5011e0c1d6b4887a80cd550e214d230a77b368949a32aee,CLEAR,DAYLIGHT,DRY,DRIVING SKILLS/KNOWLEDGE/EXPERIENCE,2.0,49.0,2.0,2.0
09255680332acdbffd77d7e578b5204c2b41dc6d006a5624e2e6df6f3fc31f8f10888666fe0fecfb6c6775652b9df5cd86db71b7579e1442ef80685011a815bb,CLEAR,DAYLIGHT,DRY,FAILING TO YIELD RIGHT-OF-WAY,2.0,29.5,2.0,2.0
092560115ea82bfe05ca7613207e24829877d23eb4088a5e8f9bfe37f7b2380191f42528d39fa165d41d7e517e2c6b2bb72034395c2c4dc9f29873527e8a9e3f,CLOUDY/OVERCAST,DAYLIGHT,WET,FOLLOWING TOO CLOSELY,2.0,39.5,2.0,2.0
09258fd5fcb9700d114f3882223c2d96dc6ffacbbcda30f6268fe19c334501a07d2014c16eee2019e55176cee91459ac60eef9d08d2fc69b42cba39445c683a3,CLEAR,DAYLIGHT,DRY,EXCEEDING SAFE SPEED FOR CONDITIONS,2.0,43.0,3.0,3.0
0925947901b97c5e7c0e2007dd6db90184fda7810db26c5dee3b665f809bb71d326e4c1c39edfc341e4222fa084b12960992e1e33caf169e8e98ecc70cd4e951,CLEAR,"DARKNESS, LIGHTED ROAD",DRY,"OPERATING VEHICLE IN ERRATIC, RECKLESS, CARELESS, NEGLIGENT OR AGGRESSIVE MANNER",2.0,29.0,2.0,2.0
0925a29e7aa7181682ace50732dfd6bfa63b72c9f2dc150a1e74620f3e86586d96984351d8a6ad67dc67d6984c902ccc0de389c8b67b01fe25e94bcf25412b9a,CLEAR,DAYLIGHT,DRY,DRIVING SKILLS/KNOWLEDGE/EXPERIENCE,2.0,39.0,2.0,2.0
0925b05aa315dabdbfd5e2042e8336e1b41fd7a33d3534de588060a1f603d889b749edddab2a9b020a6aca7f143848f4ac240d737f0d4d3d209b8edf877bfc9b,CLEAR,"DARKNESS, LIGHTED ROAD",DRY,FAILING TO REDUCE SPEED TO AVOID CRASH,2.0,33.5,2.0,2.0
0925c1e3b85b43283c7f9d35c4a1dfda57aceb32d4d1450507c4db8fb3517932bef193aa13b8612846884cc5018c223bd6cd718b48fef7ca974f846c1506eb34,CLEAR,DARKNESS,DRY,DRIVING SKILLS/KNOWLEDGE/EXPERIENCE,7.0,30.0,1.0,1.0
0925f17f11a08f48f0380d0a7d7fc807017266b9662befad8329d065eb3b1a4b3fb34327b5b53bb0e7e3384ddedb0f7bac2fadda451d4840f46613090ac0a2d1,CLEAR,DAYLIGHT,DRY,ROAD ENGINEERING/SURFACE/MARKING DEFECTS,1.0,51.0,1.0,1.0
0925fe505605db10111e6ea035a51c4d2e9fc37b5ea8cf165ed3b2865ed9d473752dd9b286c10ee0a0a7870facd258e7e54b9ed7ce7d5c5eb99372373c2a345e,CLEAR,DAYLIGHT,DRY,FAILING TO REDUCE SPEED TO AVOID CRASH,1.0,63.0,2.0,2.0
092630c38048ed0c6ac16c0548c35b603c737731d10f905eefbe2dd8bd6cf5321a3d941d15050843a7b63df318f63f0a6fef69be71ec536cc720aa2b1f6e43ca,CLEAR,DAYLIGHT,DRY,FOLLOWING TOO CLOSELY,3.0,44.333333333333336,3.0,3.0
092654e69b13b9d5267989c0bf65a3c3cba6827f0f4fc8010924ae3f109562537d6d1b9bfd95b42bcf419fe4f9edb955078e2c91ec8b2543b65b3a4d84e87728,CLEAR,DAYLIGHT,DRY,DISTRACTION - FROM INSIDE VEHICLE,2.0,37.5,2.0,2.0
09265999727f2b8393daaac08c3296d4c4ece8ee9490fe003c28feb021a374726a2a2e9eb29aec69021a95e21648b1caeaf1304b643cdc302774ddb8de77679b,CLEAR,DAYLIGHT,DRY,IMPROPER OVERTAKING/PASSING,2.0,49.0,2.0,2.0
09265e2e8aa744950c62ae4693a25fe122b1b6671427d63006a44e8e9c7c73fecb6923525016f4da6c2e57dde6d59e72a40f4992e5a5fd8a5079889064f9a9fd,CLEAR,DAYLIGHT,DRY,FAILING TO REDUCE SPEED TO AVOID CRASH,3.0,29.0,5.0,5.0
09268b28caebf920e5088c131b596d2e80cd769e4a2b3509bd9bc35a23022f1ae0ebfc99108def4e133f91b50c28a224591483f37ef79b79b66dbcaa91c6e886,CLEAR,DAYLIGHT,DRY,"OPERATING VEHICLE IN ERRATIC, RECKLESS, CARELESS, NEGLIGENT OR AGGRESSIVE MANNER",2.0,27.0,2.0,2.0
0926b6ad00089f7e360f688fa8b259365a1cfc148d98843e362eb61ec1bdfccc184cea335336bcb75c816f912142e0f973d01e130d3dc5b38feb3c3303f8e726,CLEAR,"DARKNESS, LIGHTED ROAD",DRY,DRIVING SKILLS/KNOWLEDGE/EXPERIENCE,2.0,36.0,2.0,2.0
0927153cad19ef429b5e378a71c2aa3bd9a0b656728a5c6006d0528f88d8928b613bcefada166718706bef4b11b979cca51a7fd527ac42874a31e20c3b0a3ec0,CLEAR,DAYLIGHT,DRY,FOLLOWING TOO CLOSELY,2.0,30.0,2.0,2.0
0927650934c8600838350205468e8b19c4b39f6453cc59b62227e6cc6bd672ab0f75b08d588023b70b0d0d51aea5be65fc8c49e4eb490189ba16bfadb97f4f6f,CLEAR,DAYLIGHT,WET,IMPROPER OVERTAKING/PASSING,2.0,47.0,2.0,2.0
092779b75582e1ee29f02efd3a1c8bb8459bf0701f2d8802c3f14aa49c501844360ec09a225a17953b0a80b94c3dd427a874c92e0843d9b6b7f3c44f7646e265,CLEAR,"DARKNESS, LIGHTED ROAD",DRY,"VISION OBSCURED (SIGNS, TREE LIMBS, BUILDINGS, ETC.)",2.0,20.833333333333332,6.0,6.0
092796492618d360e7d569421cdff610d358afd58a3f54a625eda517991e055697819844ccb36be3740e54ad142c17cac689a36493e8d2ea2b554a02d4cd9a0c,CLEAR,"DARKNESS, LIGHTED ROAD",DRY,IMPROPER OVERTAKING/PASSING,2.0,37.0,2.0,2.0
0927bb084eb33f5ddb4a2efc5d6bb5028c6f693334babeafde63c76f60523aab620786f5071205cb08eff497ab8d14a9bb711e1c8e6ded0b2a9164e9a7307e60,CLEAR,DAYLIGHT,DRY,FOLLOWING TOO CLOSELY,2.0,37.5,2.0,2.0
0927ee86f24c261008d07452d9ec6236f4273f202a65b2909d81117a509735a81bf1625ee2b27d3ddd2b804917805975b25b5e742479fde1f40cbd4651876fe8,CLEAR,"DARKNESS, LIGHTED ROAD",DRY,FAILING TO YIELD RIGHT-OF-WAY,1.0,26.5,4.0,4.0
092828e9a70cf619376e74fe12dfbff6aa0cd15c3ccf66fce89f85766b03dfbba7a497226ed883a155764b342be752356ca0f42bf62720d5f7d779ed00c10bb8,CLOUDY/OVERCAST,DAYLIGHT,DRY,FAILING TO REDUCE SPEED TO AVOID CRASH,2.0,64.0,2.0,2.0
092845e2a07e6e730bbcdc8d9e5f8b5260890613d825bf77eb103126a8a7f64b5fa4693202dae58b154931d4ff1c6652e23bf1e62305d72b09b96f8abacbe5bc,CLEAR,DAYLIGHT,DRY,FOLLOWING TOO CLOSELY,2.0,24.5,4.0,4.0
092866f7d001c56fb9cc6accaf94638fb6710aad37d7fea035380a33ee850cac2a03ed651feb7265b67f4acae86a1fe571361c387aa826b15df75db5e90c41d9,RAIN,"DARKNESS, LIGHTED ROAD",WET,IMPROPER TURNING/NO SIGNAL,2.0,37.5,1.0,1.0
09289a95020d6541344e5140aa16c40623f6a2ba0e606fd35dae2c4f7441c8aac959a4ee07835651da146b8ddf1f2cd1108d4352da880d9d0acc26b4adaeaeec,RAIN,DAYLIGHT,WET,WEATHER,3.0,29.0,3.0,3.0
0928a108f48fb9eaf69fcba87ef9574eb8a65c60f9e38561e20f35909e6a47e13ffe0260d9eae996e7b3130e6433c3c642210c3da723dfe303340eb4cd7be321,CLEAR,DARKNESS,DRY,IMPROPER TURNING/NO SIGNAL,2.0,34.0,2.0,2.0
0928a52b4d7ee705b2aa72814ea3e936faf8b45aa6a5ecf9fa4c7e45a3b36dd59dac40fb02592dab4ce6f17a48b3e25c845bd9f6657c6b2166c6371be9586415,CLEAR,DAYLIGHT,DRY,IMPROPER BACKING,2.0,37.5,1.0,1.0
0928be55b450dc23fd313d93b39545f5018d1561dd78c2d118c5943ee4f156386cde8e839ad8de4cfb415c8e1af553eca4d9101948b002692034e96c129ea0dc,CLEAR,DAYLIGHT,DRY,IMPROPER OVERTAKING/PASSING,2.0,22.5,2.0,2.0
0928f4f318d9b54aee14d7a3af105106d24ba46e416e95bda233a1479149cb2d68382331a5450b4f1b7b7accc5340aaa6b7eaa6ab481053c3ef3b451b671c3d9,CLEAR,"DARKNESS, LIGHTED ROAD",DRY,IMPROPER OVERTAKING/PASSING,2.0,0.0,2.0,2.0
0929331a8aecdebef0539e80d49105b2a406aee677f9d632d4b5583e9e2a520dc2943c3b62845c69e78379936f80f1944e189c171968a5df8875e2015542a001,CLEAR,"DARKNESS, LIGHTED ROAD",DRY,IMPROPER OVERTAKING/PASSING,2.0,42.0,2.0,2.0
09294601e4b12191ac4d9e40a9ec7b9bbedfbcb03db75186104055a0bc656331dedd15a15d48fefeee81ba76e66950c2757aa3daf088485b49883c96c64f9d5b,CLEAR,DAYLIGHT,OTHER,IMPROPER LANE USAGE,2.0,42.0,2.0,2.0
0929708376e626e6a33b62c1e4d57cc68d310b976d0aadb01df06300a4b6d2f86e6f9e7d7393f45073dee2e7a1766ee4f5f84096a3790846ac687c7b251c8cf2,CLEAR,DAYLIGHT,DRY,FAILING TO YIELD RIGHT-OF-WAY,2.0,47.5,2.0,2.0
0929784f79fba712a193d340d6b70adc50c247785e61fff113d9f49284a21c2d67c9d725e46604f3335dced671219dbc5e2d106d65f70336c8773bbed1ffea74,RAIN,DAYLIGHT,WET,FAILING TO YIELD RIGHT-OF-WAY,2.0,42.0,3.0,3.0
0929840b4f66c4dd002931fb59bd053a9806dbd9440076a75753081bf6f605c4638b5ab2170a832259d703464406f901817ab189e752de88bd68e3f75d963863,CLEAR,DAYLIGHT,DRY,FOLLOWING TOO CLOSELY,2.0,41.5,2.0,2.0
0929c146abacbd0b8734547a01cf9df065548d32190b7c568f96af4fd2d9f2a0790437e7efc6074ee11cd8535084f32c2a7e680fdd42b71a6409e0c6ce125d1e,CLEAR,"DARKNESS, LIGHTED ROAD",DRY,DISTRACTION - FROM INSIDE VEHICLE,1.0,26.0,2.0,2.0
0929cf90932103f5e563b64f85dcb04db90241cf1fe8fb1607ece987a33a53da0010758514971760de015a1ae27434797455b28b1ecbdb3e4a111fc5b2770a29,CLEAR,DUSK,DRY,FAILING TO YIELD RIGHT-OF-WAY,2.0,25.666666666666668,4.0,4.0
0929f7f44c5019149727ea502d2906c5592718b24d883ac0656acb0a37a66e6fcd4dd292bce085ceeafb731aa6abf53f39d0e149e0d5a2b18dd832914308996c,CLEAR,DAYLIGHT,DRY,FAILING TO YIELD RIGHT-OF-WAY,1.0,23.0,2.0,2.0
0929fd5c50579c55c3807cceac3ec6044ea0477f86b7a4ec729b76cc76d0f80063956186a8493bec997edcb8e2dedbe57095257aa64e338016033f1fa436782f,CLEAR,DAYLIGHT,DRY,IMPROPER LANE USAGE,2.0,32.5,2.0,2.0
092a046aefd3f8120053e6ac8d721b325659bf94dd244c3ae128eed963e5cc83640137c9243cc0cf69ba822662ae75cc1831ecd42eeffd3fd21289b23f9aaffb,CLEAR,DAYLIGHT,DRY,FAILING TO YIELD RIGHT-OF-WAY,1.0,42.5,2.0,2.0
092a08823f68876ece0ae43017875cc13b1c47a24fac5cfc859255bfd4bf691f253e7d3300f5f9d4dd46913f73878bba419d4b674056411178ac2abef481c00e,CLEAR,DAYLIGHT,DRY,FOLLOWING TOO CLOSELY,2.0,43.0,3.0,3.0
092a1f9202207f440c8b3ba300a10e05256394a16ab330b85e9ad81b1fb0b7b863d6c1171d01fe31a09a70580c5b6f7c677ad4efc87b35199ef9910119667837,CLEAR,"DARKNESS, LIGHTED ROAD",DRY,DISREGARDING TRAFFIC SIGNALS,2.0,28.0,2.0,2.0
092a3a82adad11e12f8d2bfe41407e773ca2cede542973da127e3e65b0ccf58ffb9dfaf961ecc6fbcba56bf83accf69552eb82ecddd06efc8a4cdb30c8f4ea4c,SNOW,DAYLIGHT,SNOW OR SLUSH,IMPROPER OVERTAKING/PASSING,2.0,26.0,2.0,2.0
092a3cddc6b67fbe9a7003837a88c171a6ec061ea3612894d922077cc48bc42b9530e283b53532ae6790ec9248c3d6f1339e837e49dd3a250844518025983212,CLEAR,"DARKNESS, LIGHTED ROAD",DRY,FAILING TO YIELD RIGHT-OF-WAY,2.0,38.0,2.0,2.0
092a3ecff20c1fc1404efd085a203f7e7d7e460f6e8f97551a6e9da1a058c3f1d6fed3e309945e9a38b3569dc2eb6622a19f0622676452fc9b6ccc5c0f96230c,CLEAR,DAYLIGHT,DRY,FOLLOWING TOO CLOSELY,2.0,30.5,2.0,2.0
092a75b05ae2ae21460780b072cd7694c19122c250e07601938c698b768bac19db821a6c1d97ebef31aad2f910001388cb539a86ca3af5bce9f40c577b729195,RAIN,DARKNESS,WET,WEATHER,2.0,37.5,1.0,1.0
092a8707b04099ab0c202de8246259950bb68dde0447b9afcf2aa16ce727a0e084f9f8324d9a2fc5082200c28eed89d6195f37e5295664f40021fa078ce6dacd,CLEAR,DAYLIGHT,DRY,IMPROPER TURNING/NO SIGNAL,2.0,46.0,2.0,2.0
092abdedac5ac4dd9d94bc5312b689e8842710972762f47fbc412ff5fb728efac613c0bf261b182a4c9e6cff12f80f5fb37711aed5bdf1bef13cdccd11fe4923,CLEAR,DAYLIGHT,DRY,DISREGARDING TRAFFIC SIGNALS,2.0,25.5,3.0,3.0
092b2d86a6b93b1fda2e9739b5a376f6a16b8cabc09d6f73229a65c1dfbf5892896baf39fe92f86a5cf96e01e5774c5ed24dd6505a336afb945201aa43c2d6a1,CLEAR,"DARKNESS, LIGHTED ROAD",DRY,IMPROPER TURNING/NO SIGNAL,3.0,43.0,3.0,3.0
092b4a612de9287940e6c43c95af2fff20787f258d0c1c423ce8a8f9e6621654482652448eb9c4e9dcff5a4c29e59eeb0970062e86f007a651b1315c93067ff5,CLEAR,DAYLIGHT,DRY,IMPROPER TURNING/NO SIGNAL,2.0,38.666666666666664,3.0,3.0
092b52a1979acc57dad434539fc8da05f3c094637d46b8b79fddb505a4f16f5355bc0c991ab8563d9c36229d9a8fe5314d017323d30484ec377439490e10ab1f,RAIN,DARKNESS,WET,FAILING TO YIELD RIGHT-OF-WAY,2.0,30.5,3.0,3.0
092b7c94c842b916f3e9204c69aa28ced779dc365d62010fa132a9404263b3232605fe9fe81cca7cba84ba2b51720d3ee4923519949800792c79e9f5420c7398,CLOUDY/OVERCAST,"DARKNESS, LIGHTED ROAD",DRY,DISREGARDING STOP SIGN,1.0,81.0,2.0,2.0
092b8dcfa168fc3e1cbfb38959e5649b28e746fdbb58e7211b63bbcf47dcd07c45b67af000bef7f41dea70483a9801dc72268b7b64c5bc15310a7aaf40a681d6,CLEAR,DAYLIGHT,DRY,DRIVING SKILLS/KNOWLEDGE/EXPERIENCE,1.0,34.5,3.0,3.0
092b9cc48ffad86ec5b4e3e2d899729f65c062e4665b342b4b6d6ae0658262820c03441861491bb784b99215cc96739f08a84de1729b336188891ed598c97001,CLEAR,"DARKNESS, LIGHTED ROAD",DRY,FAILING TO YIELD RIGHT-OF-WAY,1.0,27.0,3.0,3.0
092bf0997b2cb839c447122eb7014f947f5a9a17d56b43079b2f48dc57c407cd8178ed26e794344969e3c3677d0453fa02d71537f6a29920cd63d15dd1615fde,CLEAR,"DARKNESS, LIGHTED ROAD",DRY,IMPROPER BACKING,1.0,34.0,1.0,1.0
092c0489a01adabd12fd41941ec5752aad64b15e23a4a6aaf7f9e86191e431beecf3a39881fb86437bf059e57204ddf23dca5d6734db178418d8b4bc2b40933c,RAIN,"DARKNESS, LIGHTED ROAD",WET,FAILING TO YIELD RIGHT-OF-WAY,2.0,42.0,2.0,2.0
092c7f9adac90ce9ffe021a60dea92c00cd784807ecd61cf4301e6b45dc0b26f39fbf1c9516595fa5ab0de1617fc357d949e7c441185ffc44c8a33aeaeb9823d,CLEAR,"DARKNESS, LIGHTED ROAD",DRY,DRIVING SKILLS/KNOWLEDGE/EXPERIENCE,1.0,24.5,2.0,2.0
092c8d23d7a1fd1fb423e6897532f687414bc77f6e30bdd2f26283ea0cc10441255a9b9de5a0e0ff0f2f668505a463c14c4eaab6f7c054b20d03470496ef060e,CLEAR,DAYLIGHT,DRY,IMPROPER TURNING/NO SIGNAL,2.0,30.5,2.0,2.0
092ca520dcb12b3f3b0106155ae2e3ddf4dbec9e2151b97108003c3824b43a6d06de5e3731c855833e4f0eedfbe0cbf2dc2617cde1ea7de217fe9620243c2103,CLEAR,"DARKNESS, LIGHTED ROAD",DRY,DRIVING SKILLS/KNOWLEDGE/EXPERIENCE,4.0,44.0,1.0,1.0