crash_record_id,weather_condition,lighting_condition,roadway_surface_cond,prim_contributory_cause,total_vehicles,avg_driver_age,total_people,total_injured
0936163d5740b3a9d707e1a5ef703ee5238a773c41fa7ac4a70f6ce718ef592cf3727b98cf61dc799c2f0354662ef6046fb2804c6d8a028b14723378d02afa69,CLEAR,DAYLIGHT,DRY,IMPROPER LANE USAGE,2.0,57.0,2.0,2.0
093619bd1c496834d8f12d0c9e344004721891db1e8a7204a59ce3cf09246b156e8bdba9fe604d325a5ac608d3e342835695730177394df25812d0d9817425b3,CLEAR,"DARKNESS, LIGHTED ROAD",DRY,IMPROPER LANE USAGE,2.0,45.333333333333336,3.0,3.0
0936412e5b7d82a829d89979dff8082b09e77bd3f4593f6e4fcde337324f281a335675d26fe4d893babe98dcbe7085f0483109154191e499cfc9ddf64322a474,CLEAR,DUSK,DRY,IMPROPER OVERTAKING/PASSING,2.0,41.0,2.0,2.0
0936906e9de8ffc32d11ca4300abbbb8d7255292f46168e91f3ed5167c3b4c005c7bbf6de05615e61acd4e38f391c612127c2b46d63aab3359f5dd1023577065,UNKNOWN,UNKNOWN,UNKNOWN,FOLLOWING TOO CLOSELY,2.0,51.0,2.0,2.0
0936a6f1e379879e4ce1735469a4097c49980bbffbf7e67c8e0ccd32f4ab617fd877d8ef9b27dd5464a08c776c4d431e04d3a4712434e70ca0dee45173edbdc3,RAIN,"DARKNESS, LIGHTED ROAD",DRY,IMPROPER LANE USAGE,2.0,23.0,2.0,2.0
0936a7ba22e60cca3e15d26b912e75adc3d841e4ae7b39e796f0ef4b0fd9c365e66fbf56c0ae11a14e283ff456e4e95c8be05b27f181128b93ffaf44378bdc0d,SNOW,DUSK,WET,FOLLOWING TOO CLOSELY,3.0,39.666666666666664,3.0,3.0
0936b0abb4cb193e274654cad310e062d80ac09f73018673c36dfe331d8007dbc086bd3b866b0cc64d17add808526ec9f0a76889d8ac9b57b479435ff086a2af,CLEAR,DAYLIGHT,DRY,FAILING TO YIELD RIGHT-OF-WAY,2.0,66.0,2.0,2.0
0936f655e80ffca3b188fd4a1dabd6ee81c72ad49ceec3ac912c85407b1af587b9bdb5c544738dece9d187186e5c67bbbd5c310c20e71f4cb2f1a82c98fbc2e6,CLEAR,DAYLIGHT,UNKNOWN,IMPROPER BACKING,2.0,39.0,2.0,2.0
09372153993c68a729d64c72d91291cff839d4f2901cbd820281d6feccd3a22d4359e498d631853e95007fe00cb1b0d36e1d8783976201151e24baa098184011,RAIN,DAYLIGHT,WET,FOLLOWING TOO CLOSELY,2.0,47.0,2.0,2.0
09372a9055c6d54fad6665cc29a8621924ad8b722fa62b2fcd5b77d43db4bfa9749162d1f3bcfdd731f63ac06c297cabfadd3d8120e098da36d7e07ee666b8ad,CLEAR,DAYLIGHT,DRY,FAILING TO YIELD RIGHT-OF-WAY,1.0,26.0,2.0,2.0
093739cb8505619c020eff5ce50cd28d60bf701c236160146031792b0d446a76793b3d4a733c361ca87d6801dbf0a1b06d854214d58293153c3639149f4ca558,CLEAR,"DARKNESS, LIGHTED ROAD",DRY,FAILING TO YIELD RIGHT-OF-WAY,2.0,25.333333333333332,3.0,3.0
0937433908acad478b009399fe0b5fb25416993c567406bc41bc5e6fadaaafa6065e6f90c435e5fd24c4d04b2e6723164ee06f95224f7f86dc529da02398659c,CLEAR,DAYLIGHT,DRY,FOLLOWING TOO CLOSELY,2.0,69.0,2.0,2.0
0937464eef81f16779c9b21602688f2745b0066fc88f873f418a1029ed9f89ecc1d9f044918ff489017135ba3e6d8889a7f418405678b67be2d1aeb005e01b40,CLEAR,"DARKNESS, LIGHTED ROAD",DRY,FAILING TO YIELD RIGHT-OF-WAY,2.0,43.0,3.0,3.0
09377c9976bfb6479ca48117dbcdba786d9a7cfcd791067e21a3f57115ef2e5d3fda2923d33ec7d5043c85fbc768f6959cbc8173aa8a4e5aba53f47d9b84e428,CLEAR,DAYLIGHT,DRY,DRIVING ON WRONG SIDE/WRONG WAY,4.0,53.0,2.0,2.0
0937a31a9bb84f595bea22930989ee667df1652c7706f79cd4b71a21b4e1f431aae8cfcabb6dce87acdc324811c188f84d5ff2f7b520caafcc1679ca0e0b8bf8,CLEAR,DAYLIGHT,DRY,FAILING TO YIELD RIGHT-OF-WAY,2.0,18.333333333333332,3.0,3.0
0937e5a56b84f8b88ea8709673d95223fcab51eb9ebbea98686fba8dd66bb1da5de1b7ea5d62276284129df56d076d50bae15fe9c88c5b6981e6f06384970fa9,CLEAR,DAYLIGHT,DRY,IMPROPER BACKING,2.0,37.5,1.0,1.0
09385592c76776d004e7c5cd741ee465979614aaf90f050c1e2d4ebac8cae769fbfb8ad717d0b42818c7815180302daff8120ecdf31427f4397f45583b82ffd2,CLEAR,DAYLIGHT,DRY,FAILING TO YIELD RIGHT-OF-WAY,2.0,33.5,2.0,2.0
09389e06d1ac0a7109249c86e95ebaf031f38ff6203bf25923033f2b4562c3f5a6734c458e18ecf3ad1e82956edf405b08b7c8347403f160c41be684b55d3c90,CLEAR,DAYLIGHT,DRY,FOLLOWING TOO CLOSELY,2.0,72.0,2.0,2.0
0938cf070f2ef159fd36ad3b46ad5232a0438f1fc8ab29bdf5641da6d07c0b60636a4226a66e00ce76e72db7a8da88abc10529b739df01af0232aa384de1e915,CLEAR,DAYLIGHT,DRY,FAILING TO YIELD RIGHT-OF-WAY,2.0,26.2,5.0,5.0
0938d6bdce38823b239a7b3b184c42340d10552200ee8956138ddcbb5fba47076ed0e8b2206ca92d86f55fd6aec18124c4105e948479f59f376b54c410e01aff,CLEAR,DAYLIGHT,DRY,DRIVING ON WRONG SIDE/WRONG WAY,3.0,37.5,1.0,1.0
0938d7072cabb10a446b233aeaefcd8c99e97e012a6b6f3f4ab7d3e15ab9213841add34cf2e2e8946b4cbf39c571c77390497536461b245262dad3508f8254a6,CLEAR,DAYLIGHT,DRY,FAILING TO YIELD RIGHT-OF-WAY,2.0,25.0,2.0,2.0
0938dbceec9dd61ee2c9da5f771f65ad91f86c46b870ddb1a98911fac965e1f3d296eb5a4f3241c6f1cc611a10e815b4e451c4be1042a70b12b57dd00a7b7d58,CLEAR,DAYLIGHT,DRY,DRIVING SKILLS/KNOWLEDGE/EXPERIENCE,1.0,16.0,2.0,2.0
09390e94db9a1378f7af9a484b28adfd19d87f65d1d9469887c005a54ec5d4361ed71f962a4d7ce0b0179e75b7e6e77aeaaf5c1350957b67faac713512dbc910,RAIN,DAYLIGHT,WET,WEATHER,2.0,41.0,2.0,2.0
093914738f884ee3f5fbe2a44ca541f705a9a4afef126ea60df49ece87c9975d65fa9359e28a20551a4b3ec844e230193b7e7b7d8831f5ab27fe40a99d6ec819,CLOUDY/OVERCAST,DAYLIGHT,DRY,DISREGARDING TRAFFIC SIGNALS,2.0,28.0,2.0,2.0
09391ce8a99429e83032bb917f25f930b7fc31ad9adf8d90f4455268efaf33faaffc04d425ced8131a7c98b03dbc0a4aa9565e6145a263ae8ae02a2115605dca,CLEAR,DAYLIGHT,DRY,FAILING TO YIELD RIGHT-OF-WAY,2.0,32.333333333333336,3.0,3.0
0939b44b55e43304d9aeb927de0a4680f42fab8466e3b37fb0d336b9d9f25003028c33317c66df37e09652f7048bf17689e1e20f476b332db26ec42645d7fc16,FREEZING RAIN/DRIZZLE,DARKNESS,ICE,DRIVING SKILLS/KNOWLEDGE/EXPERIENCE,2.0,37.5,1.0,1.0
0939f392b192915c1e77bdb93aa1cbd80d39ba274162da6580a43344e979cdce55c523a752b1b4b052cefff176d882ae048aa4f30cd18283e8b341ea2b1f75ab,CLEAR,"DARKNESS, LIGHTED ROAD",DRY,IMPROPER TURNING/NO SIGNAL,2.0,34.5,2.0,2.0
093a30b84c0abb90bd913083c551932b21fb652ad727e4a06a50c767cae57a7bd5c0d554156a5e71cf1c21617b7c350574bdf5ee74b9bf686197ae099daa16f4,CLEAR,"DARKNESS, LIGHTED ROAD",DRY,IMPROPER TURNING/NO SIGNAL,2.0,18.285714285714285,7.0,7.0
093a6a1437db5c1bcecf4a8531d4f86c12d01c0808b9ff27d73b2f0c41f28b17893b998c85d01d164cc94982641462fb941c028e22c12e89a272c0f7c24bc2d9,CLEAR,DAYLIGHT,DRY,IMPROPER LANE USAGE,2.0,56.5,3.0,3.0
093a7ad861068874bbe9ee74e5c67dcfafd942d75849ab69174787f5fbe4d3e6dcc2fe0707285ae25a919afbf8745fccc129fa073953f96273d8f83344c6acac,CLEAR,DAYLIGHT,DRY,FAILING TO YIELD RIGHT-OF-WAY,1.0,46.0,2.0,2.0
093a838d419018728ed4a0b7d614fc1142d7c806e74aa6d1352672eb537c16b91895c9748643af0583fd463439488a79cc13eee5b4bfb6bccfb482759d540798,CLEAR,DAYLIGHT,DRY,IMPROPER TURNING/NO SIGNAL,2.0,37.5,1.0,1.0
093a8a04f2f3379042d63db1df1d9d8e246a3ae6a1ea60193ebe391401bb75afeded273d98148c1189ae19c64bb791d9f2f84f0d96772afe941716bbcc34a632,RAIN,DAYLIGHT,WET,FAILING TO REDUCE SPEED TO AVOID CRASH,2.0,50.0,2.0,2.0
093aa129312f973e2996555f9a354d84a1aa2ec3c58a56821a856550ad6e2eb75340b82bd2a51a4b68193eb254edff60b231781164696acfb3260145af8383d0,UNKNOWN,DAYLIGHT,UNKNOWN,IMPROPER LANE USAGE,2.0,30.0,2.0,2.0
093ac6d9a27e39b1aeb12bd849d3f5ee6b92ffe30393de56feff944a50bf07d12a81beab3a061bd562855988ed49ddf2404071c764b9c824f35576021d927cb5,CLEAR,DAYLIGHT,DRY,IMPROPER BACKING,2.0,35.0,2.0,2.0
093b08b592f8fdf32d473549fde5f316b949f156e09a5b504f3321bd5219d474d1c1bc5348ac12bbf408b37d9ce1ef1b4b3f0d8128207b5ad1a7e4d15104ef1d,RAIN,DAYLIGHT,WET,FOLLOWING TOO CLOSELY,2.0,55.0,2.0,2.0
093b1395dc760911c0cfd9a6339a884a418e95a18af89e7e43c1e6332e90a67008e7351773c896f2f0f941e36fefcc62419e926e4cdacb0b24439e4a495eda5f,CLEAR,DAYLIGHT,DRY,IMPROPER BACKING,2.0,37.5,1.0,1.0
093b1747313523a217a3020e53bb571ae03a20ea3a748e30acf610ec421337f920c45cf5900857a7745acaba6378a6c4721d2f6f35f42ad1895fc7cbe4eba0df,CLEAR,DAYLIGHT,DRY,IMPROPER TURNING/NO SIGNAL,2.0,48.0,2.0,2.0
093b2232774284dd0a20f8b514888c8440167b1fdc18694f09707d99ad4892e8c03202900b37ae02fd1296fa6290df9570da8ed82f2ab5b3bbb3c890bd99eca8,CLEAR,DAYLIGHT,DRY,FAILING TO YIELD RIGHT-OF-WAY,2.0,31.0,2.0,2.0
093b2ee850e0ff55df3b9a02b0ab7953354f9571db524e8ec8d6caacadc2ae4ada97215db5c8bca40fc2ae4643d903e7ac46282d69858fde3f607420b94aa289,CLEAR,DAYLIGHT,DRY,DISTRACTION - FROM INSIDE VEHICLE,2.0,22.0,1.0,1.0
093b400778c1acf6f0d3d9028bedcd742ae09469a95f0a72a84bfa668b2b044d08d86205233f53057b9423ddb95e5a9e70a0a5a6bfb6646ba6667fc1ff00e7dc,CLEAR,DAYLIGHT,DRY,IMPROPER OVERTAKING/PASSING,2.0,67.0,3.0,3.0
093b7646a6740e8eb2c1e4603a204635f8ee6c8bf552c9a77df8cc6916c91dc018e5ff5cc621f7695cf04e16312b19b5d2d8d54fe2b831ef856076fe61a58d06,CLEAR,DAYLIGHT,DRY,FAILING TO REDUCE SPEED TO AVOID CRASH,2.0,48.5,2.0,2.0
093bbea4eff6157b663b34de720950a7906e20f7a37f67312ffc8e151185f0faf23f81f1e236ccd08fb71e061fcf8bdbc04d1f257079cc5a220fe988a54c0794,CLEAR,DAYLIGHT,DRY,DISREGARDING STOP SIGN,2.0,20.0,5.0,5.0
093bbf2bd332fe2f5dd940233a64abd5ad9cb1cc83e8bed1cb2dad3eeca1a183a4b39560f66b7fe892a9bbd12aa10b6dcc684d1eb920416425c6079dfc5d47b2,CLEAR,DAYLIGHT,DRY,IMPROPER LANE USAGE,2.0,53.0,2.0,2.0
093c3976583ef672a97d9b960b2e3b78cbe6310bc188a8ad6cf1161ef4cc81647f53d403770a5aea3ff940601d49d7eaadb7e30424a1e1106f14cdb6597de620,CLEAR,"DARKNESS, LIGHTED ROAD",DRY,DRIVING ON WRONG SIDE/WRONG WAY,2.0,29.0,3.0,3.0
093c499089b53dc9112f2fbf63bfa0157450169213935815b51f4ba948009f6df7e6d0dceef95b2801edc003dbbc200da4388e41efc69a448882e1209b66b7ed,RAIN,"DARKNESS, LIGHTED ROAD",WET,IMPROPER BACKING,2.0,50.0,2.0,2.0
093c9ef16f1cdbb7b7f2ba1fbe60458da15aafeac7d86a9bf273e389e79fa867427beb24fd4b7395bb2d557dba512c6788c2f0c1a4625956f0d9e689e130ab8f,CLEAR,DUSK,DRY,FAILING TO YIELD RIGHT-OF-WAY,2.0,40.5,5.0,5.0
093cc3c533ffb1b1ef51c52b264901fd7b4ab91e8e9e628d8d72dcc6ecb4572c5ac11d6a6bc9b1dc92f0d84f6976499a8b6e4476f0fbe6eced34dab12607f7e1,CLEAR,DAYLIGHT,DRY,FAILING TO YIELD RIGHT-OF-WAY,2.0,33.0,2.0,2.0
093ce50eae0f42d27420a8bd806b041cd1b09a02224ff0991b2dffacd8a0280f00466d6f8c94602621bcf225ef731bc2040dd8943426519dbcb4c1690b51f73e,SNOW,"DARKNESS, LIGHTED ROAD",SNOW OR SLUSH,WEATHER,2.0,33.0,2.0,2.0
093ce573c4b699029ede24de4e3644d588898a81a2843effd9fcf356dd7fdff9a897bef9ef66f58234ecb711827c416e3846ecf610af10a475fefb463c7790bd,CLEAR,DUSK,DRY,DRIVING ON WRONG SIDE/WRONG WAY,2.0,48.0,4.0,4.0
093ce72f5f7f89ab24d26588efe8812c2eacfcd311f20f2ad84d137aed4d611759250f29e915d6c209463590a0e0e5f742a754b661da169ac58ab6fdccaae28e,CLEAR,DAYLIGHT,DRY,IMPROPER LANE USAGE,2.0,37.5,1.0,1.0
093cfc3cb897d029a7b0632ef1ec5ca371d6a690dffcad3529ad24fbd52024991ec6be3b9cbe528b37e79b0e5720da9c9d994d0f0c375ef6317a1b229302fa2d,CLEAR,DAYLIGHT,DRY,FAILING TO REDUCE SPEED TO AVOID CRASH,2.0,41.5,2.0,2.0
093d350238b0be75f743b284a2749a30ea21e3febb1da420cd54acceb201a052902640ad04abd2beda1bf8b3874839590898cd19525ca7614d344a5dd8ae5495,CLEAR,DAYLIGHT,DRY,FAILING TO YIELD RIGHT-OF-WAY,2.0,54.5,2.0,2.0
093d431a5649dbda356bcfc78c6903dafde5ff94427b4beffab42d18cfe19515d2729c59ce394cfc03b8c7a1d246d20079404bc4f7fa0b6afda7853abc8fdbd7,CLEAR,DAYLIGHT,DRY,FAILING TO REDUCE SPEED TO AVOID CRASH,4.0,34.5,6.0,6.0
093d6aaa8a67f0688eed3c4c37b70a922d0c3ddc44afeae62ca4d6a607ac464372cb6db9e457474b77c2d8bcad6748f2354cd5dea9d42198a6a069eea6e5b133,CLEAR,DAYLIGHT,DRY,DRIVING SKILLS/KNOWLEDGE/EXPERIENCE,2.0,51.5,2.0,2.0
093d76a801a7d86af5e7cb59b648fab49866ddec2a94a254ea4e532533927fd7a65864bffaabe98149db36374f1de17bc9c00f051d5513bc1b9d18cb8de079e2,CLEAR,"DARKNESS, LIGHTED ROAD",DRY,FAILING TO YIELD RIGHT-OF-WAY,2.0,27.5,2.0,2.0
093dce25e96f7b830e844f8c2e6e3251f090fdfb3f77f094b34e55e052900fe716b0ac66584b5694a4561205048330d6b721f2e6a2211242692ba64a97a3b724,CLEAR,DAYLIGHT,DRY,FAILING TO YIELD RIGHT-OF-WAY,2.0,31.5,2.0,2.0
093ddc4be5c15cb7853c0b4d6b7ef72a9845c9d1b33c14d0ccd3c310ceee61ec07474f808c2925cab0935907159b9f3503e782f8fad911779f5d202e36ec5b8f,CLEAR,DAYLIGHT,DRY,FOLLOWING TOO CLOSELY,2.0,41.0,2.0,2.0
093e1b6d2bf141646ce59b99d5c7f647aa7f982bb43d29259ca8b1f4e9549ae29345eae96db726a94ed0e4889278a81635f16761f0bdf6b764ac6f276f4e2025,CLEAR,DUSK,DRY,DISTRACTION - FROM OUTSIDE VEHICLE,2.0,28.333333333333332,3.0,3.0
093e36792e3587ca3a8f6887847afd8d482d791bc8db642b5635349f1aa25e8728ebc524138cb1b1d8c549cd6f264bab6bc39c1a3860d855d1c45c0bcbac488f,CLEAR,"DARKNESS, LIGHTED ROAD",DRY,FOLLOWING TOO CLOSELY,2.0,47.0,2.0,2.0
093e6a59df12b70a7c9e11f2b5192b2a1a752397d52989f18763353d3088bae047e4c6de04a618b36a6180ba3a1d7dd87a1c3cebefb5bca44d49b1002cccb921,CLEAR,DAYLIGHT,DRY,IMPROPER BACKING,2.0,19.0,3.0,3.0
093e925289d2842368c21077d2d6dcef776f2ba0625c0c8328c6b8e563da979bac27f77333ba58d8e38995b85a0f01ec75465dfdeb246f996cfd721fe8346c55,CLEAR,DAYLIGHT,DRY,FOLLOWING TOO CLOSELY,2.0,30.666666666666668,4.0,4.0
093ea4d937a9b32795747ea775b1b3466d514976de13aa03ad790f6ea9f88b3496ed2b9bb9a7451795f1382b72b2322f95f2d4c6a8513338d713ad9f0f8583ef,CLEAR,DAYLIGHT,DRY,FOLLOWING TOO CLOSELY,2.0,34.0,4.0,4.0
093eba7b2cce5f6f53e9fd82c0d6cee72dca845e28078ecbd62c36b3a403ed3fe871259e97d1a2e72b55e24c73035b1ee8f1647e79d3df6f859972f05646fd05,CLEAR,"DARKNESS, LIGHTED ROAD",DRY,IMPROPER LANE USAGE,2.0,29.0,2.0,2.0
093eca9515482c7650ffbb69c23d548138154e68209e04146ca6148f9887d7314e5890a2f9d0369bcfe7c26cda35df2b0c5381292cb514f498791cdf060f7276,CLEAR,DAYLIGHT,DRY,PHYSICAL CONDITION OF DRIVER,2.0,25.0,2.0,2.0
093ed38dbaf60b7f05182272ac5ed6e6d102f4ca997ddb007462a199476957e04ca1862c5c2cd54841f6b2ff91307c37936ae7ad072f8a6316272e46a7c12369,CLEAR,DAYLIGHT,DRY,ROAD ENGINEERING/SURFACE/MARKING DEFECTS,1.0,55.0,1.0,1.0
093ee99e34f1c9516afb5d4b5f9378ca7f1e040d53bc5ee585a8f53023291b9ca3ea3cd4aa143e2181c2afe585450d2d377f492a05d2995a843f6e3354813a1d,CLEAR,DAYLIGHT,UNKNOWN,FOLLOWING TOO CLOSELY,2.0,35.5,2.0,2.0
093ef25025f294b582fea42365d570f4f5e1ddc29d65840c4314cd0f682e6aae1bebc404dcd1a7c3d903b9fb0785b53420a74674083030e7d4e384ced30774de,CLEAR,"DARKNESS, LIGHTED ROAD",DRY,IMPROPER BACKING,2.0,56.0,3.0,3.0
093f06cb27a335f19c347cb3f068849473d3eb0301e925235d662abf89fb68ea6e3aa56dc9e56d8d7ef19cb18638e5a42241b73f33cd6a1f04842bb14d9d8f7e,SNOW,"DARKNESS, LIGHTED ROAD",SNOW OR SLUSH,DISREGARDING STOP SIGN,2.0,33.5,2.0,2.0
093f1503d48bf3d5e2a7ae9b42ebd729c6c26bf6453a5530a79bcb65d937c53b131f53e16ec9ff464fa9218aab46003d14c266b8f39d7d602b87ff4e601d44c5,CLEAR,"DARKNESS, LIGHTED ROAD",DRY,FAILING TO REDUCE SPEED TO AVOID CRASH,2.0,47.0,2.0,2.0
093f21e01984da926a48f7bf3b09b326583d6a496173f14d56f4dc3ab4ee163eb353c252dc903005eca6c6fdb605bba2ab16abb19e2ae9580c1eb48542734aa2,SNOW,DAYLIGHT,SNOW OR SLUSH,IMPROPER OVERTAKING/PASSING,2.0,24.0,2.0,2.0
093f7a24d4e213da3aaf3c4d59c31b555cec92ff14333db74f42402618f329d159bb928410897f3b9922c244cdcbdf9f6b3895e4160ab34dae64a6eda6d846de,CLEAR,DAYLIGHT,DRY,FOLLOWING TOO CLOSELY,2.0,32.0,2.0,2.0
093f82aeb4e5ea582d80792a98ea791c3f0dda3d45ac809ae6a49da2b5894eb1b3315e6a4a4855e1a6b72097a0c97d5825f8e5e97b7408f778620621092bb34e,CLEAR,DAYLIGHT,DRY,FAILING TO REDUCE SPEED TO AVOID CRASH,2.0,30.5,4.0,4.0
093f88533e4e05fe762608b903aae0c71f7981afe1e7d75eff548aecc71b713f91cde61c0cecd5554845f09c956d3f1d65ea7c23bf048093aa86ebedeb67c585,CLEAR,DAYLIGHT,DRY,DRIVING SKILLS/KNOWLEDGE/EXPERIENCE,2.0,39.0,2.0,2.0
093f8948b0b2c9357e52afab41a77fcb4f0475c92ad4abcc080fa15f10420f0523648ec19669e643518d541eee9fdc8baeb367ec3accf7dfdbb157b30394b1e6,SNOW,DAYLIGHT,SNOW OR SLUSH,IMPROPER OVERTAKING/PASSING,2.0,49.5,2.0,2.0
093fa1dfd01705678be04a6966c8599eb985225a3eba3879b77cb0c245ebe35faacb22de2515073cdda359eb5f4ff279a74bfec6a17ded769cb8b296d7770373,CLEAR,DAYLIGHT,DRY,IMPROPER OVERTAKING/PASSING,1.0,40.0,3.0,3.0
093fb619255dc6ace431fe46672d64470a50b883d9ff4c97bcc5b869bd391421569a478acce304a716061c6cb458e211b4013ca322eff6026f0fbb43324c3816,CLEAR,DAYLIGHT,DRY,IMPROPER OVERTAKING/PASSING,2.0,35.0,2.0,2.0
093fc24cf0d63df8bb9858e38fa8316e57a9e03188a608fac5ab17efdc947f5630a33894fda4c5cd63d975afcea1667871b365458660c1007f9f1f11963550e5,RAIN,DAYLIGHT,WET,FAILING TO YIELD RIGHT-OF-WAY,2.0,33.5,2.0,2.0
093fc70c184723e4b491ada8fbb55b961b81bb314e72ebf50ac5800d2e34a9b64ed6602da8398ebb2c54d40587b10805ae7e4f0a3de4901b6e6e294b1e2c6d8c,RAIN,"DARKNESS, LIGHTED ROAD",WET,WEATHER,2.0,31.0,1.0,1.0
093fe3260ad4c52f1456dcf973d95029140e98dcc6eba6810e51c083d8844fa061f25252dd74657af5b462dbce7b5747d98ca5457d3f2479fb81529940ce03b3,CLEAR,DAYLIGHT,DRY,FAILING TO YIELD RIGHT-OF-WAY,2.0,49.0,2.0,2.0
093fe80bd1208d8ddce0ecfdaef21d6847a7597e8244476ff37a185d4c5d0cdfe5823466ffdee346ae03642804c0ee9be650056b0fb8944b65bb1bba4081b0f5,CLEAR,DAYLIGHT,DRY,IMPROPER BACKING,2.0,37.5,2.0,2.0
093ff96f9259491e0e12a17446cd37bf5de728948e555bff2d7d9f7f406597d33a8f756082bd372b608c540117df2e9104d8f192e6e4bc6eef75bc17688e8c20,SNOW,DAYLIGHT,WET,DISREGARDING TRAFFIC SIGNALS,2.0,49.0,2.0,2.0
09401641edff6ea0830e18f1f2750320e1818e2121dd5c0d80d483f1536420873bfd8b04a14317bc74abadde2b1031022856356da277d7a1cd1fc1b28cce57f7,CLEAR,"DARKNESS, LIGHTED ROAD",DRY,FOLLOWING TOO CLOSELY,2.0,46.0,3.0,3.0
09402f63e22d0f8116ce698cb49ab0b29c0ee873f1abc216e3f8c6b14987fe9f82c2899cb0e07850f0207f73314689dc208b725f5d6bab500ff8c09a0752df27,CLEAR,"DARKNESS, LIGHTED ROAD",DRY,"OPERATING VEHICLE IN ERRATIC, RECKLESS, CARELESS, NEGLIGENT OR AGGRESSIVE MANNER",1.0,23.0,2.0,2.0
0940912adadd9e181dbb6863f219f44b0e4272c13192af400d1ad509d120f8cc03f0b39fb17745a9f3e843c7425f634240af6bba7d594db0c30fe3c4a9de1af9,RAIN,"DARKNESS, LIGHTED ROAD",WET,WEATHER,2.0,46.0,4.0,4.0
0940b5380b060c309f34cf428e79825e58c019f787e6dae03c286afb81b6fe543a993a181724cec262e734235af88bd3e908274bce2f4204c12723fa2a342122,CLEAR,DAYLIGHT,DRY,FOLLOWING TOO CLOSELY,2.0,42.0,3.0,3.0
0940c68e167e3bdbe0e697fad7d25cbb078c77afb3a12011487e87426dab43dcfd886f23dad6d7f283baca92d18c6d6737fe9ac4ef8f358fac3b15e2ab8c163e,CLEAR,"DARKNESS, LIGHTED ROAD",DRY,DISREGARDING OTHER TRAFFIC SIGNS,2.0,26.0,2.0,2.0
0940d56f2ffd7d534168ad9973ecb8ef160f30046c678f4d6da99a599e62579bf10b058b2e2f993321bbe5426738ea50daa7bce7c3680af15bbf60ca06e545b4,CLEAR,DAYLIGHT,DRY,"OPERATING VEHICLE IN ERRATIC, RECKLESS, CARELESS, NEGLIGENT OR AGGRESSIVE MANNER",2.0,19.0,2.0,2.0
0940f33404ab9676eb03c733aa9b688ef4d10ac4517651344659fbd1d103c94113311d4f7569eab42c29107aa9ae23d60324dc877453c2a540d4ee69224d8683,CLEAR,DAYLIGHT,DRY,FOLLOWING TOO CLOSELY,2.0,27.0,2.0,2.0
09413ebc70a59a7612af8d23a1a8fcf306a43074fd2c7d96cb26fd1458a431c075ac6f5d65509e3040041a45be54e34643c71ecc4eadf5166f8a758857a24966,CLEAR,"DARKNESS, LIGHTED ROAD",DRY,FAILING TO REDUCE SPEED TO AVOID CRASH,3.0,37.5,2.0,2.0
09414942120075a4e85db87caf228e20159b361d504435ea9ee96ead7b715140e1af8fe2afcc3d5dd70fa33de92a3df95e6f2467fd50e83d871265c6bfbe3cd9,CLEAR,DAYLIGHT,DRY,IMPROPER BACKING,2.0,29.0,2.0,2.0
0941b286507956f2091582f2223d08c097a89a9d2ad186b25df48449ff25df6a98e44d934f1bd4d2817c51059d2edf837f88dd908cea8c8723ba58161136f18b,SNOW,DAYLIGHT,SNOW OR SLUSH,WEATHER,2.0,29.333333333333332,3.0,3.0
0941b2bd0feb1e8050154fb2815861a9499fb291025b53d97146d40a594b2984a3772a8327aeea8227fd68ff8cc624d33752fa8bcfce635db0b7a8db4c3ac28f,CLEAR,DAYLIGHT,DRY,FOLLOWING TOO CLOSELY,2.0,22.0,2.0,2.0
0941e4c8c22983fa3e1289ad7d50f39afde16a37054f0f685f4c21aa67a0db81569363df434d59d7a31b68a888039789e113253516c1a7ab98ac12507a68c954,CLEAR,"DARKNESS, LIGHTED ROAD",DRY,IMPROPER BACKING,2.0,28.5,3.0,3.0
0941e8a254d2b94024a7716af13c72da05c32fa34a4a584f99591daf884a9c1e7a4ed014d71672f25ddc0a16ec014e44ded22d8d6729b62579129a839eea5faa,CLEAR,DAYLIGHT,DRY,IMPROPER BACKING,2.0,37.5,1.0,1.0
0941fddb375a1f4269580054c8f69890bc2e1cb2af5bba59dd89c5689e4d718002b28daaf0e76f2e395beaf51ef5a3381509041d8106eac1b31b5b0a54cf27d0,CLEAR,"DARKNESS, LIGHTED ROAD",DRY,FOLLOWING TOO CLOSELY,2.0,33.0,3.0,3.0
09422a2ddd95538b00892f657a5b19a66a07a81965a2549926504d9606c6fc1dcb8c636a6077e52a6ba21038d09e9bf7870f3f95f68feb34e5738e28e1d689a6,CLEAR,"DARKNESS, LIGHTED ROAD",DRY,FAILING TO YIELD RIGHT-OF-WAY,2.0,24.0,3.0,3.0
09423555528b4114541027298506ffb2fc0cc6fe9f21f729a1c9e50ae16a13928fdb44a290abbf895bedd64fa4f08cf059d60ff883d69c1793ad238476c81801,CLEAR,"DARKNESS, LIGHTED ROAD",DRY,"OPERATING VEHICLE IN ERRATIC, RECKLESS, CARELESS, NEGLIGENT OR AGGRESSIVE MANNER",3.0,28.0,1.0,1.0