crash_record_id,weather_condition,lighting_condition,roadway_surface_cond,prim_contributory_cause,total_vehicles,avg_driver_age,total_people,total_injured
094256914886459a0bad821cd0935719836bbfbd0e5245a40a0132aef498ccc13c8d5d8c49758659132a5d892947ee2d5649b4a9df57bfa24bc40472169afa61,CLEAR,"DARKNESS, LIGHTED ROAD",DRY,FAILING TO YIELD RIGHT-OF-WAY,2.0,25.0,2.0,2.0
094258a19e5faa10839602896475aaa87ae9339bd3b4c3eabee7819bc5fe26cfd0bccf5735bad0bf8c128e8b3aaec5261a9a701f8c0945a13510e83068c1de48,CLEAR,"DARKNESS, LIGHTED ROAD",DRY,DRIVING SKILLS/KNOWLEDGE/EXPERIENCE,1.0,32.5,2.0,2.0
094273c11eea75e77c590a31fb4460895d5b5c86c5489503bc384c80a2a556f730dfe89a9cdc432547069e895b0cf8998195c6fe78caf7e04ca631fab903505a,CLEAR,DAYLIGHT,DRY,IMPROPER BACKING,2.0,56.5,2.0,2.0
09429167994becff6c6392a488a63db96dc89152ae58031bc5f0b3a28508fa654e9b3076ca506426f36f9a130f9b4a3c8dac90789cc773c42e7c5b6546bd2488,CLEAR,DAYLIGHT,DRY,FOLLOWING TOO CLOSELY,2.0,38.0,2.0,2.0
0942961fb282102f50b96b7d6afc13718eb4706a9a5e21ccf0aed281886178b50978245e29a5113ea0beca4e78e113579fe728123361f43bbfb22edfe9d64ac6,CLEAR,"DARKNESS, LIGHTED ROAD",DRY,PHYSICAL CONDITION OF DRIVER,2.0,31.5,2.0,2.0
0942993020ab2720adc43cce678885a7ab764310af8ac7ff40056657198d8807061754dc667ffc43f515b58477c1319ff2b085a0bafe2fce174531f1268f0630,CLEAR,UNKNOWN,UNKNOWN,FAILING TO REDUCE SPEED TO AVOID CRASH,2.0,45.0,2.0,2.0
0942a303dff9c4f8a7707c59b35308164e030c63292219fababb7d84d59ef35092da2e5a5f688a51ce62e12fcc1bc05799830022e6c2d2ac2e4764fed4717a42,CLEAR,"DARKNESS, LIGHTED ROAD",DRY,DRIVING ON WRONG SIDE/WRONG WAY,3.0,37.5,2.0,2.0
0942cf7a21917b94429bfc1c88045323ebddfb060531060adcd412a7065b8f45e787113ec71c0daadadc30b92f01702c2c012d98a1ce30087dd1c101ee58ddad,CLOUDY/OVERCAST,DAYLIGHT,DRY,FAILING TO YIELD RIGHT-OF-WAY,2.0,31.5,2.0,2.0
0942d868884c65b0e8a2e7a2201dfd7a0f33fc49b10e0a174ec81d328ea856e66524975ffd65c5123cdc05373786f9c71d1b4b71a8b7b3c8ec7673fc63c3ce2a,CLEAR,DAYLIGHT,DRY,FAILING TO YIELD RIGHT-OF-WAY,2.0,47.0,2.0,2.0
0942e2fed9f221d3bfd5e6156826d97a4a59f6a22c7c65cee6196073528b621aafcb868857fc4fd3bc660f8440ef6bc4a1830de4dd03c4bc7265f2dc4b6d8773,CLEAR,DAYLIGHT,DRY,FOLLOWING TOO CLOSELY,2.0,45.5,2.0,2.0
0942ffca1aad1a1190f00d8948f54fa1e5b4dacdc144713058c85d67521c1071d805d88f905cc3319116604e4e712f094522485808f2c7002dc90c26cf994e1e,CLEAR,"DARKNESS, LIGHTED ROAD",DRY,FOLLOWING TOO CLOSELY,2.0,36.0,2.0,2.0
09430e596219cd7ccde7431944ba31cf311ad210a36479fc4a091ca8c71f19d6e32acc451b70d46f2c397cc4f12043e918df050a33ffff6c2cdd3347c2cac69e,CLEAR,"DARKNESS, LIGHTED ROAD",DRY,"OPERATING VEHICLE IN ERRATIC, RECKLESS, CARELESS, NEGLIGENT OR AGGRESSIVE MANNER",2.0,37.5,1.0,1.0
09431a52cc3af1d72b1d80e7a25039ec3a19f19aaf6174756ebc4ded94c47286915b95729ed27d5383c9d9ed07219d8a666f0e1eab6d53863f7c84394c1fdbe8,CLEAR,DAYLIGHT,DRY,FOLLOWING TOO CLOSELY,2.0,55.333333333333336,3.0,3.0
09431bcb48606ab8899795b970438a055b5452115e95a74e1aadf4fdf699478671fcfa9dad2ca34f98ac574b6e74f5273f9cf9945e1fb8b32cf3e2664833e67b,CLEAR,DAYLIGHT,DRY,IMPROPER TURNING/NO SIGNAL,2.0,16.833333333333332,6.0,6.0
094348c687b78b8174411827b5984cfc67e434d218d086504ed72a9c810bc3b7e7ffc23f4a5009d29a9e6f17e2b156598f2c334e3ddbe902b6c4dd84113c809f,CLEAR,DAYLIGHT,DRY,IMPROPER TURNING/NO SIGNAL,2.0,39.0,2.0,2.0
0943993aebcd1688fe1f784f59b15e89197220e35d6b5619c7299ee51f3cfdf786c4858703c47414979b6291a3dddc4e3fd25e2ebd98410e5766b3d9da8ea633,CLEAR,DAYLIGHT,DRY,FOLLOWING TOO CLOSELY,2.0,23.5,2.0,2.0
0943a4f3cc4f467df38335cdba63d35db8eff605ffb139e46b996de6e938f6ab79fa9dca747ad81ec88cd7c0d4726a1ca34871145f2395f53026ec46f00fb352,CLEAR,DAYLIGHT,DRY,DRIVING SKILLS/KNOWLEDGE/EXPERIENCE,2.0,23.333333333333332,3.0,3.0
0943abb9c849f89c792d6e46be03bf692b450816a27d68d80bfe7fe8453780d8b8ba1e602cc84fa710b2e878e7b5ff99ba90ac40819f1640cf0e795ecb57e41f,CLEAR,DAYLIGHT,DRY,IMPROPER OVERTAKING/PASSING,2.0,36.666666666666664,5.0,5.0
0943cc0d3bbbff24e2b4d1423476bda99599ce687c5a59877dc77f00e71fee5ec073c4c87caee8574246dbe83874ff2bcf9d7f8cece7d059c836b30a8c828bfb,CLEAR,"DARKNESS, LIGHTED ROAD",DRY,DISREGARDING TRAFFIC SIGNALS,2.0,34.5,2.0,2.0
0943d46b095a766997863e2c959915b7d897918a1a6c90615eeca89353329e02eef7ca203e15b67725afef27e4fa6a7fabdfa22b00486b1fa971b781c42e519b,CLEAR,DAYLIGHT,UNKNOWN,FOLLOWING TOO CLOSELY,2.0,32.5,2.0,2.0
0943d93fb3528569b96530cd3ef9d838227ea343cf3938cb605de4697ea7b74f3f72a901dbb29a6227cf9340c5d307ab4f615359baa02d26f445e903598c6a16,CLEAR,DAYLIGHT,DRY,FOLLOWING TOO CLOSELY,2.0,52.0,2.0,2.0
0943fc20ac2a52bf78f19ea02154d15c2367d6d9ef4d8e5c71802a4494d2e10b8139ca9002f71dce4f6c254252b635260509eee7f309a2dbe71bbe48b523c2bb,CLEAR,DAYLIGHT,DRY,FAILING TO YIELD RIGHT-OF-WAY,2.0,23.0,5.0,5.0
094404a1ee14956cb2e2dd70fa6d987a38fcd7c2cfd4a9323d0917ead4cc86d9a399d171975657ef4dc4531f3a4551bdf264fb5f045695968fd0f370c13a8b0d,CLEAR,DAYLIGHT,DRY,FAILING TO YIELD RIGHT-OF-WAY,2.0,37.5,2.0,2.0
09440b5b7b5f4cdbe4cafaf52823e4e969307215d43a87d0b73045205c815ea2b1d3743f8581e578ea29ce04a97a3d5d8f29b926f900a6faa6e092d1a809b49b,SNOW,"DARKNESS, LIGHTED ROAD",SNOW OR SLUSH,WEATHER,1.0,24.0,1.0,1.0
09442239db8eebe956161b110c57dbde01f14d92bef490b50d97d0d3748108609df5514bf8b2b2545e7eeb2bc4cdac79710067a6296c3aa442651bd7428c8943,CLEAR,DAYLIGHT,DRY,FAILING TO YIELD RIGHT-OF-WAY,2.0,37.5,2.0,2.0
09444a6cde258bb42dde97a670facbc416841b861227b2cfa8043847da59667a3be5ab59da9d4f65c8e399ac92601d1d937ae5773625c44767077e364136d516,CLEAR,DAYLIGHT,DRY,IMPROPER LANE USAGE,2.0,70.0,2.0,2.0
09444f5ee04f91235f0ee3f65bec34463381b600611c9a098144b686fb31bf493174045fdf3faa99f2ff970bd782df3708f9cfc05f1043626141129dcb934f12,CLEAR,DAYLIGHT,DRY,IMPROPER TURNING/NO SIGNAL,1.0,26.0,2.0,2.0
09445b054b31b7dca9a6a3d30554a27702fe259c59f8386955f36784f2f83f83edd09e92c9bc3a0059a42b28fb22282475c121ea2053573e734cc3ad42030760,CLEAR,DAYLIGHT,DRY,FAILING TO YIELD RIGHT-OF-WAY,2.0,38.666666666666664,4.0,4.0
094471dab2d3122dba364364e540837206d1a475dbf0f4494362c74881b1a04c3c51e6f419c757f505650f92dac8411de6e49c7629370861092c87288a76320c,RAIN,"DARKNESS, LIGHTED ROAD",WET,"OPERATING VEHICLE IN ERRATIC, RECKLESS, CARELESS, NEGLIGENT OR AGGRESSIVE MANNER",11.0,34.0,1.0,1.0
094474c6af0d0c0e015e3168dfe363fa899cd58a70434b69e91605951c6c4f18661e316c24c52dc17959d453ae42506ae0dae25fc6691928cbaf94048c2467b3,CLEAR,DAYLIGHT,DRY,FAILING TO YIELD RIGHT-OF-WAY,2.0,52.5,2.0,2.0
0944838c9cc9c7ecae4bacb17490b0048c9b905a58daec3e25cd76275263b53df0b906fd97042427f5aa8b16d8998ea1399a630d460c1d47a59d5edad109e0c9,CLEAR,DARKNESS,UNKNOWN,FAILING TO YIELD RIGHT-OF-WAY,2.0,33.5,4.0,4.0
0944a7109cc14a539fe1699892149bddf930ee9cdf834e0ea2a86d2b5af55a11f784af265ff13a02c839f51df6a0aeb81f9b92669215f7372107c334fc33b261,CLEAR,DAYLIGHT,DRY,FOLLOWING TOO CLOSELY,2.0,48.0,2.0,2.0
0944d26b29bb9eba0a7f57f282bdc9a455df5d381de4e6a43faddca2aef3950da30092fea5905e254a446549bfe7efb4bed8399fa58a02eb28d03454ece164ba,RAIN,DAYLIGHT,WET,IMPROPER OVERTAKING/PASSING,2.0,53.5,2.0,2.0
094506d48d04669ac16fe9f154d6423dc8a44a9406be0f122959e4e5ffa42b733085d87b9dc8be61d67b02b2dfa53a53f29dc1f70b4819702337577093f1cd74,SNOW,"DARKNESS, LIGHTED ROAD",SNOW OR SLUSH,FAILING TO REDUCE SPEED TO AVOID CRASH,2.0,30.0,2.0,2.0
09451f470f2a1939d7e561a28e4d2d6359083f0528b7c0542a478000cbc65d9b97c14dc47607699fd78bd0af0ea42c015f0016c51ebf84e4f1f077fcdc720740,CLEAR,"DARKNESS, LIGHTED ROAD",DRY,IMPROPER OVERTAKING/PASSING,1.0,66.0,2.0,2.0
09453ca577103675919b93d70571bbbb160d171e8499d407adbb1b183e396e4aa54fee367491331a73463de2a08c4aec5ce5b71c80eecb58f42527501c88bc34,CLEAR,DAYLIGHT,DRY,FOLLOWING TOO CLOSELY,2.0,31.0,1.0,1.0
09453fbf94c43515dd6b738f67ff6d865f02645bea7c8e34fd8b0203e97ac6378caf4cfa28202e4d7b19baaab5bb0e0604080a02a6fbb902dc3676a9a81df9ce,CLEAR,DAYLIGHT,DRY,DRIVING SKILLS/KNOWLEDGE/EXPERIENCE,2.0,37.5,1.0,1.0
094552030352a34711d053d919d3c52912930077a2df2abfe10e7e648c70f21b1d97091efc1537ad5399f898f009c780e19077aed9e1fd528927e8ee4851418f,CLEAR,"DARKNESS, LIGHTED ROAD",DRY,IMPROPER OVERTAKING/PASSING,2.0,37.5,1.0,1.0
09455b51e8f87052c8a1f0a5b357437ee5957c3d05c434d6b9b67172ce5462ada62559d677808f6c265e71d842b0e2526ba5fb31cfdbf8f2cf6378328a4a901d,CLEAR,DAYLIGHT,DRY,DISTRACTION - FROM INSIDE VEHICLE,2.0,37.0,2.0,2.0
09455ced41be6aa18fddb816e79e39f41c0194598cd9cfefb011be21864ab389b5b0f49fd80bedc339d913ccf4070604f2edfc7548bd6ef4f8c2f7efc12e3997,CLEAR,DAYLIGHT,DRY,IMPROPER BACKING,2.0,22.5,2.0,2.0
0945649312b7f7dbbb56b44a9048a2a6388eae62804d80b0951e5413af8e744bb5dcaa954acfc156b239c4eb21a2eaa77f52964029c94f2dde5be09972b34fc6,CLEAR,DAYLIGHT,DRY,FAILING TO REDUCE SPEED TO AVOID CRASH,2.0,67.0,2.0,2.0
09456dac7afd1656f6126e2ecef47d99a93d6c7e832dd05d80bd48d7001a2692726758e32ca09b4b184326a00f3c9b2cf956af4d207d727394ee008fb64228b0,CLEAR,DARKNESS,WET,IMPROPER LANE USAGE,2.0,56.5,3.0,3.0
094575ecf21f83c6d3e7f08191479c27039848038de752219dfb1f2356c976d608c33b8bea502ef337525ad80b09a68322e399731fb1d2691907e98907b7a39f,CLOUDY/OVERCAST,UNKNOWN,ICE,FAILING TO YIELD RIGHT-OF-WAY,2.0,39.0,3.0,3.0
09458aba5350f5449c840e172f1c91aba728c82f052c8aba03acb2e53dbe525ee29ec1ddee8463611e19a5bf3b7c108324a1b49a7ff99cc7fe795f5e8fa5d225,CLEAR,DAYLIGHT,DRY,IMPROPER OVERTAKING/PASSING,3.0,23.333333333333332,4.0,4.0
09458f0a3b046ce97c718663db56e05f90edd47f622f27e407ae5f91b26ec7d40caed47965e107b590774c253e261a5a231b302decf6095ae21785a6c7f275c5,RAIN,DAYLIGHT,WET,FOLLOWING TOO CLOSELY,2.0,25.5,4.0,4.0
0945b0321c646592101602958376947995e28839156636c34d02e34c1210b97d8532fc56e1193be792f9d763ffed212d9b4df0bcede27e2e3936deaf92659129,RAIN,DAYLIGHT,WET,DISTRACTION - FROM INSIDE VEHICLE,1.0,36.0,3.0,3.0
0945b2a00e6ab00b26d950248fe74f816314494f87ce43bf80398f9556e04d4b47d0ca70c6e22eec6306e75b8fefc643b70a31ecf5e41511d0303227c059bf72,CLEAR,DAYLIGHT,DRY,IMPROPER LANE USAGE,3.0,25.0,3.0,3.0
0945c7cf07d8633a6e6edeca1a2e9a154bf23bbc54ab2e04f4bfd561575beb15a68ce39e3914223e2b41e020d52caa0acdce23ceeb2414bb24a5ca28d18d7557,CLEAR,DAYLIGHT,DRY,IMPROPER TURNING/NO SIGNAL,2.0,47.0,2.0,2.0
094600421378cc25fdc173b74f8f62072458b30bda5b90ab3bcc200669d89e86ce5661442dbed50563afb23a6056f377cbe43e069a40e1c3fc93c6682112587c,SNOW,DAYLIGHT,SNOW OR SLUSH,FAILING TO YIELD RIGHT-OF-WAY,1.0,35.0,2.0,2.0
09460a12dedaa60d7b98ebcf40bce3602fe891dca65f8fde83e6012d07495e42b437a2ebd08b34c44403dcdd80fa613216f28dfeafbb7a87849d59b11f58bee8,CLEAR,"DARKNESS, LIGHTED ROAD",DRY,FAILING TO YIELD RIGHT-OF-WAY,2.0,42.0,2.0,2.0
09462f180ea0b7b81874f0372422aa5979b0dade2ec444d4b7698e59ebc124fed156a69e998e50413460105d5004d42de3b132822482d7afaa69654387491d29,CLEAR,"DARKNESS, LIGHTED ROAD",DRY,IMPROPER BACKING,2.0,37.5,1.0,1.0
094637fbaa3f080d0ba3df1518a1b841b7d2116f27f0dcf46526eda97e9ffeaa53f4d90aa800fb3aa980fc9219143752f6db298960b4e443a4241e3310ce8a38,CLEAR,DAYLIGHT,DRY,DRIVING SKILLS/KNOWLEDGE/EXPERIENCE,2.0,47.5,2.0,2.0
094641c1708394a5bb1f0cddd4c82a19a6de75f70f19527cb96b3481a8e4e443b89e97cfe11336d10d2d53e6ab336364c589914a7e1ee64ecb5d755da0ce2347,CLEAR,DAYLIGHT,DRY,"OPERATING VEHICLE IN ERRATIC, RECKLESS, CARELESS, NEGLIGENT OR AGGRESSIVE MANNER",2.0,46.0,2.0,2.0
09467f6b19ca1cd59a2aa1048b6c29f34772aa6c9220c7c011ef483cccc3c8785f641099820b4287d675bd7b435a59574e336f9710c9264a2b05e6702eb21944,RAIN,DAYLIGHT,WET,IMPROPER TURNING/NO SIGNAL,2.0,73.0,3.0,3.0
0946b08a870e7f0d71270ed4b5025573f25af20b4ef6dcb608190be55030d849949f8c3eea3261ee0ceb1336dea3912597e677f9d32fccd9b5f89ef9827a62c4,SNOW,DAYLIGHT,SNOW OR SLUSH,FAILING TO YIELD RIGHT-OF-WAY,2.0,29.5,2.0,2.0
0946ee4ac959ef2b87f6c1633febd4a21007ec84a165c8f4466479ec806ce96041077446576dbc62dd144dc764bf0dc87e3c162663dd59bfd4cd3699b4ed1be9,RAIN,DAYLIGHT,WET,IMPROPER OVERTAKING/PASSING,2.0,61.0,2.0,2.0
09470efcd8f86301b8af9d723d5378b097d988084afab0f7180e9b1ab15d8549d51d4025932fb912ad72eda338dfa58a1998104459a199aa42dfbca88e683c53,CLEAR,"DARKNESS, LIGHTED ROAD",DRY,DRIVING ON WRONG SIDE/WRONG WAY,2.0,43.5,2.0,2.0
0947115b92189e379190921e4aeaf79c7e899f76fabb25dac7b9f91e9942adaddd5e7e93b3a642c809140f5830b8292406f4c02c2d3a53ee1df75a8152365a91,CLEAR,DAYLIGHT,DRY,IMPROPER BACKING,2.0,42.5,4.0,4.0
094712249d3a60bde938bb497fe222a584a4e881622c628707550152e6b9884f1270a4241b93de812a18345deae841a1e82599dab0b22ca7d2ee60e8e53039ba,CLEAR,DAYLIGHT,DRY,DRIVING SKILLS/KNOWLEDGE/EXPERIENCE,3.0,60.0,1.0,1.0
09471b1b42229d04a5ada549d9ddf5f8b1a69434c95be7bae1788584c34bcfaab2eef07d5ac06ae3b76b49980025e79f0464f4e1f7425e8a4e989990e7ddb7b7,UNKNOWN,UNKNOWN,UNKNOWN,EQUIPMENT - VEHICLE CONDITION,2.0,30.5,2.0,2.0
09473565465fa1e05864d68a005df3d1427eddbfc900930f487f09ad63a522289b40e97de3b510a9b2a5ec56a0bb4640ea5a1e82ff6d716e4ccc591fe81c3b74,CLEAR,DAYLIGHT,DRY,"OPERATING VEHICLE IN ERRATIC, RECKLESS, CARELESS, NEGLIGENT OR AGGRESSIVE MANNER",1.0,37.5,1.0,1.0
09477ef2e26c618123600f58013a8e4602481aaff98ad764b46c69cb08fcb761c8c286d2a8f5d8e7f3bf5e434be6ae930b9426d871604f60882ce0fe09c97278,CLEAR,"DARKNESS, LIGHTED ROAD",DRY,PHYSICAL CONDITION OF DRIVER,1.0,28.0,1.0,1.0
0947acf4eb990c4ac2e35a1483686abd80ea89f3876ae807268359f3db2cc3c9fbb360d74d4749cb6f0159bafff850d7b3b6b3e53ec39b08f3ecee1eae0ef48e,CLEAR,"DARKNESS, LIGHTED ROAD",DRY,IMPROPER TURNING/NO SIGNAL,2.0,43.0,3.0,3.0
0947cf69d0dcb37cff84621d8ee50db4d07f7372a333075896d4b3dfa66d33f2052ffd9c3af11e32ccde8a3fc9e929c8589ab1154ef20b4e050e840a1fd54d45,SNOW,DARKNESS,UNKNOWN,DRIVING ON WRONG SIDE/WRONG WAY,2.0,30.0,2.0,2.0
0947ff3633c2507c95d6e55f02ec52fc7b9418a6ec6a56663e305e37394e23328bb0fd50a8a9f600289382354497dc1036fa690ca536c8b3fb8bb08ca9f18069,CLEAR,DAYLIGHT,DRY,FAILING TO YIELD RIGHT-OF-WAY,2.0,31.5,2.0,2.0
094822b64041ec8810da1d8216c1c2c34ec1cc65b56db92698bbe88877eaf56bce656b4d06150f76e60e73406dbb3b785d81d50ef3633305191f9197249b5a63,CLEAR,DAYLIGHT,DRY,FAILING TO YIELD RIGHT-OF-WAY,2.0,48.0,2.0,2.0
09483e646d810c499e2244c750d50b1f9b6aa3c649293f2620657d1c34c5d17f7d7ae492d448571dbba2a393ac8f027d1a01e357dfabc2483803fcc8acd50eda,CLEAR,DAYLIGHT,DRY,DISTRACTION - FROM INSIDE VEHICLE,2.0,24.25,4.0,4.0
094842eda1d83a1ae913841296b16e82b488b010138fc1c8c9a925a4ab152572029e085ba73fd35984b5f65443e8d8a7901f868259ce065d57b33c789d3b3fcc,CLEAR,"DARKNESS, LIGHTED ROAD",DRY,"VISION OBSCURED (SIGNS, TREE LIMBS, BUILDINGS, ETC.)",2.0,23.0,2.0,2.0
09484d5bd0fe9138b588139910acdec2ac30489d3657bef00d9f213ebf6cdb8d42772e16bb106dc90491c22f6e5cec1941474ffbd4c21884cb1ed29fd094dcec,SNOW,DAYLIGHT,SNOW OR SLUSH,FOLLOWING TOO CLOSELY,2.0,42.0,2.0,2.0
0948659d448a8ceecca3460a5bea36839af89e77997cf10d46cb0a6144e97e57cc46e8fdfde9009a9cf94b519f558f4b25fe587e61a7cf56525fd2a8b05a3e77,CLEAR,"DARKNESS, LIGHTED ROAD",ICE,IMPROPER LANE USAGE,2.0,21.666666666666668,4.0,4.0
09486872c54f46623df38c2a0cf5ebfd593185ffabc7ee0f89d99fe3eae89985e1fe2146b5e6de4a3a2ba071831d2dba213de762a0a6d827f40ae39e96b401e3,CLEAR,"DARKNESS, LIGHTED ROAD",DRY,IMPROPER BACKING,2.0,24.0,2.0,2.0
09486fe54485cb3d57f7cd9067dd61952297f9ed8478ef8d9f9f22fe22d4d22a1527d03e209ebe0a6d48d7182d16285f8bddb94fdfded528c4ded3f36c50f853,RAIN,DAYLIGHT,WET,FOLLOWING TOO CLOSELY,2.0,46.0,2.0,2.0
09487732a6bff11906493513a21c11de858c69c829562710258f53bcac9e27e1316bc6f6b2f3a5ad864ca93bfc1b79f9cfd394a7447d57e92aa5dc593d0f31d9,RAIN,DAYLIGHT,WET,IMPROPER BACKING,2.0,24.0,2.0,2.0
0948cc3eea8f0484990ad575bfda1d028ca4d9f94082b3af0a2481027e2156a11f880fa2d8478f975513d1d1cabd838f53b135e9a5ab36caa99e7f1a19f20614,CLEAR,DAYLIGHT,DRY,IMPROPER LANE USAGE,2.0,21.0,2.0,2.0
0948d22cf8fe472e738a13b82994f27ad83836b2af10008c7be3103606db01b3512261c9c3e27976e84380de373d6b982b5917b27140ca4a30d6dc0925fb17a0,CLEAR,DAYLIGHT,DRY,FAILING TO YIELD RIGHT-OF-WAY,2.0,43.0,2.0,2.0
09492653710a3ee1653ca3e6a26963093a87c1d2eb815d1eed7686b3936df59ec251840a6475ae82e473f724a933c55d17d0450d325920f2fa2f3a6789f08d34,CLEAR,DAWN,DRY,"VISION OBSCURED (SIGNS, TREE LIMBS, BUILDINGS, ETC.)",2.0,31.0,4.0,4.0
09495bdbff5a58ea47e7f6b42985831d05f312cfbf2592c0fb1f4e534ff50666423d65a040884b2be199f5e1af393327ef012e9c0d3cf90186ba84f1b2342a4f,SNOW,DAYLIGHT,WET,IMPROPER OVERTAKING/PASSING,2.0,25.5,2.0,2.0
09496ddbcbc0ad8fafdc63ed7043a2508e146640ac12504e7aca59a47c526b228b8baeef7fb9b172995a7bf609f2eaa0c970ff51735affb8edde5cd646903125,CLEAR,DAYLIGHT,DRY,"OPERATING VEHICLE IN ERRATIC, RECKLESS, CARELESS, NEGLIGENT OR AGGRESSIVE MANNER",2.0,39.5,3.0,3.0
09497afe3f34b0663aeffe9472228e81dfeb25af6e2c951eae6661a2b8c2bd762e61c0bfaab80d2ee878c1bc30e3b3de3e0dc8203b2d4a360ca5255ac5d8c88e,CLEAR,DAYLIGHT,DRY,FOLLOWING TOO CLOSELY,2.0,32.666666666666664,3.0,3.0
09497c781c124af285b6662d8d6647ae40e5c0b3d00ad1243c17c58191842ee75bce183a48f4f59f4dc45680f9d2b4de22d5a797dfeb6e3b1d710b5699496697,CLEAR,"DARKNESS, LIGHTED ROAD",DRY,FOLLOWING TOO CLOSELY,1.0,32.5,2.0,2.0
09499d1f2e1629198b23b71e2e6ac46d1bcbd65094d87b8cd192423767a11361a5f3d93f96c94611bfac28e03d152e6d028c3c9bacdefa221afb63ac0c0d6fac,CLEAR,DAYLIGHT,UNKNOWN,IMPROPER OVERTAKING/PASSING,2.0,34.0,2.0,2.0
0949ee2908000f32bbc432eda2d96f33db2c3f0438a1ce50d8bd0e28576399d004c2fc56f31b5bb129b6618df57f869234e68d6146acd77c7f48910354322a3e,CLEAR,DAYLIGHT,DRY,FOLLOWING TOO CLOSELY,2.0,50.5,2.0,2.0
094a2587aba997595db7f0635c0383df623b6e9866e81baaba6c6c5a1b1f8a79d04da632e3e1455d1a0834cff62ffacd778c67e4a96a00f883c496a183b1507d,RAIN,DAYLIGHT,WET,DISREGARDING TRAFFIC SIGNALS,2.0,61.0,5.0,5.0
094a26d060f09fe3bb808df04087dbc05b754e25d8ef283d5310015c782f4e6842183ffc85337ad76d839f217b9b8d88629893a16de89f82d12c477a6f92056b,SLEET/HAIL,DAYLIGHT,ICE,WEATHER,1.0,9.333333333333334,3.0,3.0
094a5ff2f04521a63526331d9840594a706389ba628702a3fa292b6b0d72e618d5ae1c47efe683d76a0d249deb471ec866b0455af43f3999330880a29fffdb5d,CLEAR,DAYLIGHT,DRY,FAILING TO YIELD RIGHT-OF-WAY,2.0,44.0,2.0,2.0
094a7eab2280f42715a252eec8d3ffa87a1de3cb6f1ffcdbb32303d03081d99daa4fad4b2ecf14ca3d43a475bb6e7be5eaceba1948587aef399a55f0ace16c6b,CLEAR,"DARKNESS, LIGHTED ROAD",DRY,DISTRACTION - FROM OUTSIDE VEHICLE,1.0,32.0,3.0,3.0
094a86330905110dcce434cb2377eacca5030d61705cbbff9d77c4bedd61cbc6850e99ca8b2bed9c69f0483528b5145b08199f897a4f7013b493cdae6766e5f7,CLOUDY/OVERCAST,DAYLIGHT,WET,WEATHER,2.0,41.5,2.0,2.0
094a8af7bd6432712368d6488d36b592be4da57d1fc835f0c08114aaa9103c6d2823fa88e83aab7a5fd498b642d967be2888a7d935d6d9f7ea7a42b64e3d075b,CLEAR,DAYLIGHT,DRY,IMPROPER BACKING,2.0,34.0,2.0,2.0
094a91399ddfd4185a2a67f21a6b6d5f5a46ccff575d8f47bb3f91cbd4287023598376cfa8c41325dd49c21f3094064c652268458e5bb3e8aed8342ee514c192,CLEAR,DAYLIGHT,DRY,PHYSICAL CONDITION OF DRIVER,2.0,30.4,6.0,6.0
094afd5d6c48579d9eb30040a0f027268f085a6c4cd221f777ed1123344ebfe640a4802ea0e23ee7d6130e84c2ff89251fe3fb07e4dc881457458a280e2f4b49,CLEAR,DAYLIGHT,DRY,IMPROPER LANE USAGE,2.0,37.5,3.0,3.0
094b02bc58b6f50cb6b480d76f6d6696d1b92c450d904f6f174488627cec77e3d580cd31c779ce6ca960b6e3c4f6791e89ad01626e9ee66297fae7c8dead1872,RAIN,"DARKNESS, LIGHTED ROAD",WET,FAILING TO REDUCE SPEED TO AVOID CRASH,2.0,32.5,3.0,3.0
094b04d1e76be9cae65d9c1cef957383b67910d378d2b4a62799da14cd0736f9e00ed10fbe3bbfd141ef17397daf28a7434e88b0c678d9ce071cd19c07cb7c59,CLOUDY/OVERCAST,DAYLIGHT,WET,PHYSICAL CONDITION OF DRIVER,3.0,52.333333333333336,3.0,3.0
094b0f497ff98b6b8ae496ce6023133425ff9ccb61a08c515cbe8b6b4bc2e44af8ad7929c1c59b23c9c7270cf34129af001f5c69b8cf6957c8b0d25bd2686959,CLEAR,"DARKNESS, LIGHTED ROAD","SAND, MUD, DIRT",FOLLOWING TOO CLOSELY,3.0,30.666666666666668,3.0,3.0
094b108a9109d03d0774aab612b493d395734fe85c9acba3d697248202fbb8988e6f57f9f4186578bb1c97eeb2155a2628721b5be9bce1d8d25aef2d20b64a7e,CLEAR,DAYLIGHT,DRY,IMPROPER OVERTAKING/PASSING,2.0,39.0,1.0,1.0
094b1a2797e8939ebd1224ef8a6c0931baef67921cc5732d8325ff76b8a85f42367bd77f8bcb31bf160b302b8ad013ac6c33e0dfdc621a3e70be78d9d4421dc1,RAIN,DAYLIGHT,WET,WEATHER,2.0,37.5,1.0,1.0
094b392979ccff3795e09ff204f68eb3f126d47c4f8c34dcef8c26c068d87321ee0be6023eda480a9f3487878267571b66796ebe8fefec44e29f47e0652c8951,CLEAR,DAYLIGHT,DRY,FAILING TO YIELD RIGHT-OF-WAY,2.0,27.5,2.0,2.0