crash_record_id,weather_condition,lighting_condition,roadway_surface_cond,prim_contributory_cause,total_vehicles,avg_driver_age,total_people,total_injured
094b8fc0b8106e317c8bc4f47f7b4ba2e10586e8c7195ab5b1e10f4cfa43225468a3cbba82206eb0aa150a895083712681f9818f7212b4e7ccc4a62c6a50f7eb,CLEAR,DAYLIGHT,DRY,FOLLOWING TOO CLOSELY,2.0,57.0,2.0,2.0
094ba02a581572382fd426b5919c760962ea766d8cc1ba2accee03217671d0ed0cf8169db0cd158f4e89c17cafb381c8e6aaf4e5fbf27c8a0615a7c78f0582bd,CLEAR,DAYLIGHT,DRY,FAILING TO YIELD RIGHT-OF-WAY,2.0,74.0,2.0,2.0
094ba626928e1f856fe4b5fdf59cfa9f0ed28b9a7bcb03c6b8bd8df57f8274748c867b9e9a89cffbfe177d8ff7552a837de5c17dd4f37e29c5d0007ee1ab933c,FOG/SMOKE/HAZE,DAYLIGHT,DRY,FOLLOWING TOO CLOSELY,2.0,33.0,2.0,2.0
094bd95e2bab03eaf361fbcb176d914658f8c78d26d1dd81857762d0f0d847cd854e5d0ea302e095e4889812296cb2e3fbd8f9bad74d62a66b9b349edc49e545,CLEAR,DAYLIGHT,WET,IMPROPER LANE USAGE,2.0,55.5,2.0,2.0
094bf326954066b6292f5f40d06431654c9c8e6bfd8437bc39cd1bee817b951776624f0a57fb7a0dd29f6dad276642f64e2b5379906ae4286b59a842791a9af1,CLEAR,DAYLIGHT,DRY,FAILING TO YIELD RIGHT-OF-WAY,2.0,49.666666666666664,3.0,3.0
094bfef77ed23ecb83c4778907f866981a7aa4646f9ae125b4788a5f8e9230f806a13085f8be01b457c754072768dd209a94baff824891ec8b7998b71df9aa72,CLEAR,"DARKNESS, LIGHTED ROAD",DRY,FOLLOWING TOO CLOSELY,2.0,41.0,2.0,2.0
094bff9d63f73cc8a385c33a7beaa4945e9364d2c684c257c0bccf57ec10ade1a6c1f315820edc70803714898a48c9b49f676740d1144338cf048a5b41914908,CLEAR,DAYLIGHT,DRY,DISTRACTION - FROM OUTSIDE VEHICLE,2.0,19.0,4.0,4.0
094c0db0c8698a471d1cbdff917373a2977a0bd00c347cfb3d9ac3a931b12915087fc541ec026d49ed5ccfe9d781687947ddb28048b4e7d0681d3e2e43fb16c2,CLEAR,DAYLIGHT,DRY,IMPROPER BACKING,2.0,49.0,2.0,2.0
094c12692246418710e6fdfe304313504eca7bc0b96e9e267a4a01ccda4efac1beb55f730eac1c9681b428a1abe909663b101ce8893004c96d29f85b111101c0,CLEAR,"DARKNESS, LIGHTED ROAD",DRY,IMPROPER LANE USAGE,2.0,37.5,2.0,2.0
094c5e7a2573ef3a13281a6e70bb51023441a550b828d7b32b9bc9849e20c60cebafae2a0069741a4b2356a78dfbc6742b016f282380e2d3d984f00a13a87626,CLEAR,"DARKNESS, LIGHTED ROAD",DRY,FAILING TO YIELD RIGHT-OF-WAY,2.0,27.5,2.0,2.0
094c652836e2eb863f4cac53ac08fc3e3888eac554da48f2eba259e438ecbe1371fdee56329107bf41f76d438a2b9eb3ca48e7383eb34f7b25f1c8170c419fa1,CLEAR,DAYLIGHT,DRY,FOLLOWING TOO CLOSELY,2.0,27.333333333333332,3.0,3.0
094c6fd31b3d82a59c522891af8bd3f1ea20142902b2db706543b0a20f67e88d41b5b599bf889a3e289c38ddbb5c47ec1f8671d0e29eb204fc454fa9fe8b5b0d,SNOW,"DARKNESS, LIGHTED ROAD",WET,WEATHER,2.0,30.0,3.0,3.0
094c7b57ebee71308c984ccc55f2029cbf0cb4d9f5573672345056620019338a227ba77eb3f251431e7c7eb50c75ca4b21e751d937f12de2e9a374653f98e781,CLEAR,DAYLIGHT,DRY,DRIVING SKILLS/KNOWLEDGE/EXPERIENCE,2.0,15.74074074074074,37.0,37.0
094cc506a9f6d28f0c96ad75cf05569e5be2afe416e6ecc4a0b6f98ee45d6bf47cdf42290d28704076289227784f4b546b67f4bc32ca94cbb130fb14f7ca7013,CLOUDY/OVERCAST,DAYLIGHT,DRY,IMPROPER LANE USAGE,2.0,31.0,2.0,2.0
094cf5e9c97e1f35222b2a9547d33eb4b3ddd7d457727a78559049e980de0fa74f77c324a541b18ed02cf9f10577c1787ed9ed42e1d1354866521c041962ef7e,CLEAR,DAYLIGHT,DRY,FOLLOWING TOO CLOSELY,2.0,49.0,3.0,3.0
094cfde54526fd627cf5a6f5da863fc3028c571cf15913e943bacb3708fafcd33a60271ede94439003e06aba1cb7fc85610bf0feb86b3ce81a3d6084a0c59c63,CLEAR,DAYLIGHT,DRY,DISREGARDING YIELD SIGN,2.0,56.333333333333336,3.0,3.0
094d029898463193bec113be954b9a26d2f195bb60d17b5406bef07781f47cb84448dd355341e3ccf1b113c3530add80edc8634984e1e9195b39fa6ee5befbfb,CLEAR,"DARKNESS, LIGHTED ROAD",DRY,UNDER THE INFLUENCE OF ALCOHOL/DRUGS (USE WHEN ARREST IS EFFECTED),3.0,24.0,3.0,3.0
094d216facae8643fc6d636685da6726609197382e6c9dd1244145f6eb913af24da52c6ee5e4c14b37a28163b2a491ce1373fe3923e17b89196aa64911a53b42,CLEAR,DAYLIGHT,DRY,FAILING TO REDUCE SPEED TO AVOID CRASH,1.0,25.0,2.0,2.0
094d59bf64bd1f13a17b59433e84462396a477f988948f60c317378ddd0577dce9a0b647f4028d95bedaf75c2068d3ba25f0993cc5ef0d85193644298eb2cb76,CLEAR,DAYLIGHT,DRY,FAILING TO YIELD RIGHT-OF-WAY,2.0,64.0,3.0,3.0
094d663c2fbf5a334cdbea404e0fffeba32872e1d4a6010c31f91882a447200e2653046c188fb66a8ef919a444f17b09fbbab449daa9f21572412383afc64d65,CLEAR,DAYLIGHT,DRY,DISTRACTION - FROM INSIDE VEHICLE,3.0,26.0,3.0,3.0
094d6ab3c64969d833b72cfb385dd0f917328e3eab2543f6c45dd1dfe2be4c300017c647a4094117e17ac5bda9e5929322c39d406649203d51d2268ab3c4329e,RAIN,DAYLIGHT,WET,WEATHER,2.0,41.5,2.0,2.0
094d809ec8acd7e31349a126cc298a551241a7fb5ad2e9c25ba13854a2feb0040f256db65d23a557ce600b6ea64ea88de713d63806044e34ffcaca6d496cf1c5,CLEAR,DAYLIGHT,DRY,IMPROPER OVERTAKING/PASSING,2.0,56.0,2.0,2.0
094d8dfbcc1c74f3ded7ed354d22d452baaabe2a98948077f977a34a1f30a361909fa9a90253fbfccf42587334524e60f6dbfde6b7b8964d3b06b7751642f695,CLEAR,DAYLIGHT,WET,FAILING TO YIELD RIGHT-OF-WAY,1.0,27.0,2.0,2.0
094d9d8a5aa593f3ab069069a20548015c4a8117a6d63000339a5ae312fc91f34447ea688d20e84ba7fbcffbe218342c0431be0a44cb4f28e9f8b631adb85488,CLEAR,DAYLIGHT,DRY,FAILING TO YIELD RIGHT-OF-WAY,2.0,38.0,2.0,2.0
094d9da7ca3209de0f89ed1b02e8cc2bf8339c5fa1cb0e672c40c76d69d3feeb68874fd190bfbbdbe811c8c873c2cf8a34eaa921b3b84150ace98656d2e33257,CLEAR,DAYLIGHT,DRY,FOLLOWING TOO CLOSELY,3.0,25.0,3.0,3.0
094da15d9a12947ec4f5c8579fd6ade41a7a2f804692402783e912e6a6a4c632081091da53c90b8f038d9e9db0e559a04a395c92f97856fe5c77402e7156590f,RAIN,DARKNESS,WET,FAILING TO REDUCE SPEED TO AVOID CRASH,2.0,41.5,2.0,2.0
094e2e9c61dee7f8ef54e1bfd1567773550ffa5fb1971a3e37432ea752550625b020372fedd5b45ecaa3112a960904c22684e70c988ef7e30886fe07af080bbb,CLEAR,"DARKNESS, LIGHTED ROAD",SNOW OR SLUSH,IMPROPER BACKING,2.0,37.5,3.0,3.0
094e3b92e5de9c6678d7d59384bae61bbf1799808dca61040c4d4b950d5ed432bcfdb6de5f7af83abb1251979f8ebd874f016385d1859f27302eeb5a34891818,SNOW,DAYLIGHT,WET,DISREGARDING TRAFFIC SIGNALS,2.0,51.75,4.0,4.0
094e4b0d5cc10b4b9c1b75148041d5830ad0d728babcd0d252ce921072351130c01022b15694cb1006ae9180ad9cf84459bfc905ff2cce9513a50750e2cc1e9f,RAIN,DAWN,WET,WEATHER,1.0,34.0,1.0,1.0
094ec2f11ea3857cd9fd02a34922d76250d559a7206835cd048449d19e74fe0fbb21f97f47a17d1928c212a199b6462c75038ce4e0a52112b887a2b9811e9395,RAIN,"DARKNESS, LIGHTED ROAD",WET,FAILING TO YIELD RIGHT-OF-WAY,2.0,42.0,2.0,2.0
094ec4485a754d43772ce0c2592f120bce0ed5536ffbe064d43f58fbaa6473f924fb54fb3239c5d3f3d1a7d7fe7094fdb45e7297054c3a9a27ee311aa302185a,CLEAR,DAYLIGHT,DRY,FAILING TO YIELD RIGHT-OF-WAY,1.0,34.0,2.0,2.0
094ef43765acb4d40414cf25170b0f18b9789567acf4fa709172f372a26131156ec31f5b27546f79bdcd4f2bcfec6d15c0d13f4d0dc01fd0dd875aad2c9a9ff8,RAIN,DAYLIGHT,WET,FAILING TO YIELD RIGHT-OF-WAY,2.0,56.5,2.0,2.0
094f1e83eb2ca25e407b88a5e654eb97c61690de8dfe5e5fba6fbac3bdae913779326029816187c43d748d4e86884fc0394cc89a6e7bf8ecc2b3a1a1b7e5bcd9,RAIN,DUSK,WET,IMPROPER BACKING,2.0,37.5,2.0,2.0
094f20cf0996993cbdcdbf10d9627286a05640a4a313ea7681c430790dedc394a2638fd3ec9745b30e85bdb68aa99096195890d186d3ef4b622291f6c531ed27,RAIN,DAYLIGHT,WET,FAILING TO YIELD RIGHT-OF-WAY,2.0,37.5,1.0,1.0
094f32b1f6b2ff5f6709f2a0491f1c2481b1ce0fe1b43b97f666cf0317d3bb3c27c342eaddb14448c0c936e5269ab44e0e21cc278da94c0c218ad82be9612501,CLEAR,"DARKNESS, LIGHTED ROAD",DRY,IMPROPER OVERTAKING/PASSING,1.0,44.0,3.0,3.0
094f4403d8127e72e06f14f1bc79b23bf2b9850e3b71e4ccef5d8240cee8dd3219c9f1ccd977efe7820fb7c4e0a4e8629388a14026ef9d6525614d5bbbeab8c7,CLEAR,DAYLIGHT,DRY,UNDER THE INFLUENCE OF ALCOHOL/DRUGS (USE WHEN ARREST IS EFFECTED),2.0,36.0,1.0,1.0
094f81ae40bf8549c921af73bd5a07df06552afd00aece5c1ed6be4a75dd842b70845e1664d92492daa4b322546b8a968b854b3fee92a29373b4f415082095a3,CLEAR,"DARKNESS, LIGHTED ROAD",DRY,FOLLOWING TOO CLOSELY,2.0,41.5,2.0,2.0
094f833cb84d67819aec2ebc93ecd9eceab7b720a65858f8df94ce15928a5487a8734394876a794518c0527ad4c2f7e9d4a1a356c76c2beef8a658115c9cfa07,CLEAR,DAYLIGHT,DRY,FOLLOWING TOO CLOSELY,2.0,36.5,2.0,2.0
094f94db3746d5326cfa6458ddb2387d422302ceb5f6776ec3917c01767ebeba2a30c814d2c9a7967c1dff74e1cf8617b3ca9275844d8c56bcaad9acbf58a305,CLEAR,"DARKNESS, LIGHTED ROAD",DRY,FOLLOWING TOO CLOSELY,2.0,49.0,2.0,2.0
094f9c8bc71cec08eea6a0baccb2bbb98c0e9a472cbab4630e7cf9d85175be35598c9bc48ea45ec06046de7e0cc3ec57ecdce69b51e937017b458b5e7929d3ee,CLEAR,DAYLIGHT,DRY,FAILING TO YIELD RIGHT-OF-WAY,2.0,11.5,2.0,2.0
094fb5b5fa4d834365179e6c948dacdde2b31214d902b57c02a7e1a5de702329d0e4d841d083647b7824be2f27e523652c3c48995fe619635e06eb82b4bb4c8f,CLEAR,DAYLIGHT,DRY,DISREGARDING TRAFFIC SIGNALS,1.0,12.0,2.0,2.0
094fc7066a86038d100b0daf1df6551ad676e9fc6d8443bd6c4681b40900c0b2c0b0d54e4f6f4475a758d80bfe3d6d6e2c6362bf373671e3130ac79a8636d315,CLEAR,DAWN,DRY,FAILING TO YIELD RIGHT-OF-WAY,2.0,31.5,2.0,2.0
09505e8fdde4df0310495bc25b482903a987897612eefbd1a7a1cdfafa0bae35cd95a33339807f9b71e3bb70dd09a2a45115128d3df3f1683aae8ae51c8defd0,CLEAR,DAYLIGHT,DRY,"EVASIVE ACTION DUE TO ANIMAL, OBJECT, NONMOTORIST",2.0,30.0,3.0,3.0
095068a81fe3f1e82dbd16838ba7691d25a66cc187b1461b2584d1d20017436327561d8314cb964da5ec389583ed52a103e19569b0abc805578985517fd7161d,CLEAR,DAYLIGHT,DRY,IMPROPER OVERTAKING/PASSING,2.0,42.0,2.0,2.0
0950b2541d075baa6e07442eb289bdd71615d314d100edca9f762a1ff9ff1d8d1ab413608b3ef6731cc15e1d1f74e601b4708d0b6707641cab40627564e55c6e,CLEAR,"DARKNESS, LIGHTED ROAD",SNOW OR SLUSH,FAILING TO YIELD RIGHT-OF-WAY,2.0,26.0,5.0,5.0
0950cd06a2f624e0fec05c33183ec40bba00659164db0ee2fb6292220e10e31eecdd65d3d4697aaa65173b8fb9ad80875912f86927bb46d575ab8563f9a0b938,CLEAR,DAYLIGHT,DRY,FOLLOWING TOO CLOSELY,3.0,41.333333333333336,3.0,3.0
0950e720cd1be78f352592bf5c6d2f1681ac95d0de09d17b43bc1fce85378ef1d35dee13a97ba3d5ecdf025ff9de064db62677cbc4afbd4f87d98eff2837f0e4,OTHER,DAYLIGHT,WET,IMPROPER BACKING,2.0,55.5,2.0,2.0
0950e88c377ad2682effa37466b18b754518a12a397a4d4df8dde361c2f58a74c6bbccf724996a6949fd78808fdb251057548804ec7259f55e4826dc28871071,CLEAR,DAYLIGHT,DRY,FAILING TO YIELD RIGHT-OF-WAY,2.0,37.5,2.0,2.0
0950fb873f9f62296872a0f77bf03bb91a9c87638740f71eb39c0cc9695f3f2ff44971b689e6f6eaa63236f99cd5c661fc9de22f6d75b49aa5623571241f56e9,CLEAR,DAYLIGHT,DRY,IMPROPER OVERTAKING/PASSING,2.0,37.5,2.0,2.0
095108ed91d1a51905f791abf8a32cd0241ab9707850492978736f31e34843baee658ea58a692b3b52ca631ff5ef115588b1a353ec876697e415826d7151a818,CLEAR,"DARKNESS, LIGHTED ROAD",WET,FAILING TO YIELD RIGHT-OF-WAY,2.0,34.0,4.0,4.0
0951127a912cb935077215e13e76c6e9ecfb59964b726725249503793530e75139b51fa8fd523e6fe6e48f49c47e015a715e841ce0cba3be456dc11e81889e97,CLEAR,"DARKNESS, LIGHTED ROAD",WET,IMPROPER LANE USAGE,2.0,39.5,2.0,2.0
095131f0194e921207642a43f37c4a0b665d5046ea28df27913ff656ecf0497155567a0cd479ccf67549e6df0afb9492471d79b9ba24b1f87a68debaa7690801,CLEAR,DAYLIGHT,DRY,IMPROPER OVERTAKING/PASSING,2.0,25.0,1.0,1.0
09519562cc4762cf89b7b553ee07f6e5e0367a8f4b03ef9a55bbe1511bc5872c9b4fde6776e36df8cff34126afbfcd6857c0b5d61d2c4234f7d6eb9db127fc6d,SNOW,DAYLIGHT,SNOW OR SLUSH,DRIVING SKILLS/KNOWLEDGE/EXPERIENCE,2.0,26.666666666666668,3.0,3.0
09519875ce1aaf843ffffbc692a1e6089544013fccbdc9c237948d3e184b8fe94a3d459d2ff6b5339605d9805d03f5553b9e86db534365b8dbdd60d2becdb28e,CLEAR,DUSK,DRY,FOLLOWING TOO CLOSELY,2.0,29.666666666666668,4.0,4.0
0951ce2cdae8578457366c53a3b3b47dad012fe1db84e6446056c623cbb334e5d054cb10e86f978876b62ef7e3f4a52623144becd8056b62303b0797cb1a1648,RAIN,"DARKNESS, LIGHTED ROAD",WET,FAILING TO YIELD RIGHT-OF-WAY,2.0,20.333333333333332,4.0,4.0
0951e5d982ace71e6aa2b38bb84703cf44fb168a41bbf616ed693734142650c1464783d2c0fc89549769c5f5c679f23f683495aebfa55215b1e2037e56d992ef,CLEAR,DAYLIGHT,DRY,FAILING TO YIELD RIGHT-OF-WAY,2.0,50.0,2.0,2.0
0952140f913fbc302e27cf268d4aaa22d7cf284fa93c0aea0fff0b87dc805fea96afd6dfa8c8e427392237202bd11bcc72eca8812bcd353fd8da929e953326d8,RAIN,DAYLIGHT,WET,WEATHER,3.0,22.0,2.0,2.0
0952156f262e8d7298a9cabd1316cdbf2e4f5c260357208a714a037ed10c354f4271859d1f8a7a55e46b703ee725cf064d56d96e2336157ce0f6ac4fe25eace5,CLEAR,DAYLIGHT,DRY,FAILING TO REDUCE SPEED TO AVOID CRASH,2.0,27.5,2.0,2.0
09523ad30b56a88ba9faad768fc757648596ba59ac81f6af698a55c663d821bd77dd48d221f1446a057311574ba4148eae89bf687b961159065712203be3062d,CLEAR,"DARKNESS, LIGHTED ROAD",DRY,IMPROPER BACKING,2.0,40.0,1.0,1.0
095282c6b039c4efff27df80b5ffd86e55e9dec776f20d0d0f97d6b6b0001147be030b86b5ba281ed4b25523dc71ec5e9fd8176df597ce7013a08cb55b55e212,CLEAR,DAYLIGHT,DRY,FAILING TO YIELD RIGHT-OF-WAY,2.0,22.0,2.0,2.0
0952a2aa4d26324316b8504c435c20f60ac255076231820941d994925524a72c9f739696c827a0459a7f705e2771eec23a56d01a70c505792e8073f0aad74293,UNKNOWN,UNKNOWN,UNKNOWN,FOLLOWING TOO CLOSELY,2.0,46.0,2.0,2.0
0952bc76018134fda7089f8227a85bac4efd38dd3e6d6919fbd760ffa6e4647a95baca47c4e315f41d5e27269d4274e893e3c2447b056763a3f1053afc1ca68e,CLEAR,DAYLIGHT,DRY,DISTRACTION - FROM INSIDE VEHICLE,2.0,31.0,1.0,1.0
0952e462afa2183ba8b12cd9da0a14befd26092ee02668c73a17926967064588b8ba9fd9992913ead49a4d4fe27de79bf1b9c55245600e2191c0ccea6ae3f854,CLEAR,"DARKNESS, LIGHTED ROAD",DRY,IMPROPER OVERTAKING/PASSING,2.0,44.0,2.0,2.0
0952ed57667007ca95aebd9e18bb8260a9e95448f568fb053dc866d86b24a529a776fbdb17a5d917dd85709c5dc061473c29a8107417f5622fc8b64bebc726ca,CLEAR,DAYLIGHT,DRY,FOLLOWING TOO CLOSELY,2.0,32.0,2.0,2.0
095305de90f0074673f4cf90892c41b1a73218b43fb80c2cb014d84db3978bfcd5171ccfcc543a753285fcf1904792ae3403922bcb26b5da9015d7dc25df4c09,CLEAR,DAYLIGHT,DRY,FOLLOWING TOO CLOSELY,2.0,54.0,2.0,2.0
09531cb68d05c447249dcd577f1591c43465f394b2e3a613db4ed988bcc1c99f835c3c1fdc76823915703b830fb6bfbecb444c2c80b678481f4b196dbfbce6a4,CLEAR,DAYLIGHT,DRY,FAILING TO YIELD RIGHT-OF-WAY,2.0,71.0,2.0,2.0
0953229f25ff4687266b917d04f3a060048e33696d4ffd81243c1848dfb60ac24b8f34822e9e91c776f8fb92ce8a997b69d9e02878f1a6125cf3718be2c92b61,CLEAR,"DARKNESS, LIGHTED ROAD",DRY,IMPROPER OVERTAKING/PASSING,2.0,29.0,3.0,3.0
0953277629a4e7bed1573e795d0172cedcc0a0978c0e509387a78420eaa115ab76049c7c033ea6e8bbcad9beab5fecf645bbc2b78202881b5cbdedef0aad77b5,CLOUDY/OVERCAST,DAYLIGHT,DRY,EQUIPMENT - VEHICLE CONDITION,1.0,27.0,1.0,1.0
0953334c54acc24eda3852338742f9e10dcb9881d41fedb87f5548a039f8f8d8fe2ce48106c5512efc7034c2a048a935460459f15f83233ee803fd0ad1fa9f3e,CLEAR,DAYLIGHT,DRY,DISTRACTION - FROM OUTSIDE VEHICLE,2.0,21.142857142857142,7.0,7.0
09535c3334706667a7e860281df281307fc92e9af2e8938e9e7d1d818e29b805840d80979626bf22a0fb4e9fdac07ec02fc3572773a077accbb771326900dff1,SNOW,"DARKNESS, LIGHTED ROAD",SNOW OR SLUSH,WEATHER,2.0,43.0,2.0,2.0
0953b69953775aeed294a27424955dc3325d7110d4599fc5f262c99a74e1a672440da2563e2678497673f94ada5bf21afb8fad660f900ea60f12f4e54a28f0bf,CLEAR,DAYLIGHT,DRY,"EVASIVE ACTION DUE TO ANIMAL, OBJECT, NONMOTORIST",2.0,49.5,2.0,2.0
0953c1b157097f6b762106d0577558094c643dec8c0c1261522f063a05f9359318f187598ceb39de4f43d4b3a088b83e5bcb94cb5188546b86f27d11e38fd235,CLEAR,DAYLIGHT,DRY,IMPROPER TURNING/NO SIGNAL,2.0,17.5,2.0,2.0
0953c34159e6f1188c9563c85ce403c6094af1f1e25538cbc00e8bed34dd761d43236008f3dd9545ba246d40bda6a738d7262cfc004342052fa93537c9d5daed,RAIN,DUSK,WET,DRIVING SKILLS/KNOWLEDGE/EXPERIENCE,2.0,27.5,2.0,2.0
0953dff242c3e7505a8984415407192d137f55dabe9e151acc9904e2f9e1f93d10ab9f5b808ade23c4618360a6e16cfd2a6aa7b3c4b72e087af15826c5722084,CLEAR,DARKNESS,WET,WEATHER,2.0,41.0,2.0,2.0
0953ea392b2dff769c6e4da933a98ea74dcbbc9cec796c19c5578d1074f8a9f8d352c37e05620826fdc94f4f08df9196faee9da62c7cb2e7e072e2b26198a005,RAIN,"DARKNESS, LIGHTED ROAD",WET,IMPROPER LANE USAGE,2.0,42.0,5.0,5.0
095453038b468c425c5c9065bf1a8264f87246efbfc0009d71d85b6451956d68d13a4d22a26a17e1cefe632bbf1a29290b3b6c716150623ca15f13a64f72fe63,CLEAR,DARKNESS,DRY,IMPROPER LANE USAGE,2.0,37.5,1.0,1.0
0954607ee5ef3030e95585a15bbe6c6f986be25799c8663f60682a04b2b8171f98162ecd5e26c070205311bd41ac4a71b52f4470ad76a9d2b9b6016a849919d8,CLEAR,DAYLIGHT,DRY,FAILING TO YIELD RIGHT-OF-WAY,1.0,24.0,2.0,2.0
09546eaf4505f058a2c6bf2b893f9e6b2eee2054929eec95824369ca494ac101681e6886d003f461c649e3a6fad25110ade6562982e2bccb593d8122162d265b,CLEAR,"DARKNESS, LIGHTED ROAD",DRY,DRIVING ON WRONG SIDE/WRONG WAY,2.0,35.5,2.0,2.0
095513bc62737664aa165fe746deecdc319bae0572029965235412e7fad0d53c26c16333824c7b1ffac3dfb22d9c82c55876006011d445c4cd869a76a9246af7,RAIN,DAYLIGHT,WET,FOLLOWING TOO CLOSELY,2.0,38.5,2.0,2.0
095519623564804ca71414c1a6c382ccf83ea107ce03e1a2eee22f71db6f360d22c916b6ecbaf809acc7d036a746183d870ca5a32e3138de55619877c9fe54fc,CLEAR,"DARKNESS, LIGHTED ROAD",DRY,DISREGARDING STOP SIGN,2.0,54.5,2.0,2.0
09556d09ff59394ecf7a049ebd2fb85d2c53fbbf57d4066b39f0dc41b8b384bc1e389ecd06909cee9d1ee4c4f75f44feaf38e0b6bc9bca68a9fb0316aa09d5b8,CLEAR,DAYLIGHT,DRY,DRIVING SKILLS/KNOWLEDGE/EXPERIENCE,2.0,29.0,2.0,2.0
0955805c2f642f72ef464a4b4f1bca399059619df61def230091eb2b3286dba155978afce40bed30048e1f65b8892648be993024637bc28a6952972a2ed20de5,CLEAR,DARKNESS,DRY,IMPROPER BACKING,2.0,37.5,1.0,1.0
09558b9abc7343c6bf9e9490b7d6d52bbdcfe9868a4981057e52d3582a59d7de2207f5c782b4bbfa7ce41be1da94ca1276a366fc1f45d5d74884bcd0fea9b251,CLEAR,"DARKNESS, LIGHTED ROAD",DRY,IMPROPER BACKING,2.0,49.0,3.0,3.0
09558e2f3de3e43f49e21eaf0c74309c177b535db5d7446ec8c04b0013f051f6be8a4903acf073610d2b37f6e0102028084c10f1f9abc1eb81f8e04b94037630,CLEAR,DAYLIGHT,DRY,IMPROPER LANE USAGE,2.0,38.0,2.0,2.0
09559b74e5324382ad450fd8af538b5ad6ff24fd3e29ba3544a223e720fbb094b00db7542fd3ffab5b370c678ea03362eee686f5b5577539523d7900c264c363,CLEAR,DAYLIGHT,DRY,DRIVING SKILLS/KNOWLEDGE/EXPERIENCE,2.0,55.0,2.0,2.0
0955b5256c62d4543410486b5d56b28a20cd4d515e57a052ba39017a3ebadf936bf6618f8cee7ffd738379db6d07750245d4312aaa22e218e5fb2f03670f6620,CLEAR,DAYLIGHT,DRY,IMPROPER OVERTAKING/PASSING,2.0,19.0,3.0,3.0
0955cb2879b99fe4f6f208bf621b4fa50bbbbf7e7a7a9eda33ce62d881807ced71db5d5ea0c0ba2f34a6db8c457d834ebf01e659e4a5b0f9476e90bddb2b9064,CLEAR,DAYLIGHT,DRY,FOLLOWING TOO CLOSELY,2.0,35.5,4.0,4.0
0955d1be6b491b4702fdf6936ab7fc7e727fb005d85c8445f8c735291e9f4952bfd7f39482a18af0d36f50c356d6148559167d2a6302edee2b419da080b239aa,CLEAR,DAYLIGHT,DRY,FAILING TO YIELD RIGHT-OF-WAY,2.0,50.0,2.0,2.0
0955e324994bd8b55b8d8cee37cafe6f6b3cd1c32501923c55d7de30e829719c079f115c399c900a314fb36be323d3f5af0870b560f87b204a32f6813279861f,RAIN,DAYLIGHT,WET,FAILING TO YIELD RIGHT-OF-WAY,2.0,24.5,2.0,2.0
0955e722a78d6b65d98b1f9df121be69cd22723b68eaaff0c9e5d59c9da95fced9d555063a70987d7b16ae6c845453dc7df66132b1d6bca7c8b86b00371b47a4,RAIN,DAYLIGHT,WET,WEATHER,2.0,22.5,2.0,2.0
0955f2d84a423f00612193d6cffe1d0b6a74be87d87f05548fba3a19c6f32f9bc2c0b167323412933c1d30f1e48e1cf4f9e2ccbd86037ea5d8148ed07194a176,CLEAR,DAYLIGHT,DRY,IMPROPER TURNING/NO SIGNAL,1.0,43.5,2.0,2.0
09560b0d581a98ae2592eb022458432d9236006868d9b93e85f38efdcc2fa9be0fef11419a334815e9ec989647b3a80a651c120af1bccce9a8e9d26d48e830a5,CLEAR,DAYLIGHT,DRY,FOLLOWING TOO CLOSELY,2.0,41.0,2.0,2.0
095612dc84dc08ab89edfae2fe803e1c1eb6061d1bd788a85dacf480b8d1e43c38d683ae31b78c247c432fa9f43f079c0cb2bc2060ffe0ea0d3fe56cc3528310,CLOUDY/OVERCAST,DAYLIGHT,UNKNOWN,IMPROPER BACKING,2.0,27.0,3.0,3.0
09563b29af27c1b32ccc28e4ed53e2aff46a17a7bacc42a679aeb5c0238e52e20328b862e7a57206ff610ee65105d560f2f75dc0ce3d1dca283ec74512779590,CLEAR,"DARKNESS, LIGHTED ROAD",WET,FOLLOWING TOO CLOSELY,2.0,28.0,2.0,2.0
09564b3b9f46d1f9b65e00cf0ebb63ea49cf8b4f643c5f98d6e2a60f0b83423264ff0e3b23710e2b4626e5d530b124886ab6d2d91a0413535734c302c3f5d62c,CLEAR,DAYLIGHT,DRY,FAILING TO YIELD RIGHT-OF-WAY,2.0,52.0,2.0,2.0
09568338c2620c988e576cd64ac2da307ba93601e1657459d862c094951044e678e499e94c1c8126e2312e8c4da3530edf27eb5b78dbcfd2752d17a251964492,FREEZING RAIN/DRIZZLE,"DARKNESS, LIGHTED ROAD",WET,WEATHER,2.0,37.8,6.0,6.0
0956931e4c9a67332805ec97a0b264f28a05fe408f1cd32a6afb78c804013b274d256b06e1913da9cbce6a64ee929300a6de614f06c7ddea558668bfb4679f64,CLEAR,DAYLIGHT,DRY,IMPROPER OVERTAKING/PASSING,2.0,37.5,1.0,1.0
0956bf7474a1cd25611a2a3d7600bf5dd1bb6c61fa8b104628775ae502519f7c751795d47e0f3a4abd979364212c07dc03359134e5bd2f8b71f964b1ba13ba8f,RAIN,DAYLIGHT,WET,IMPROPER OVERTAKING/PASSING,2.0,31.666666666666668,4.0,4.0