crash_record_id,weather_condition,lighting_condition,roadway_surface_cond,prim_contributory_cause,total_vehicles,avg_driver_age,total_people,total_injured
0956c5df8028abe8ffa1aea9b304ce604da649add5bef4185050cc34f8f89c2f89c1d80f1ad484d0af5d7cdd9e8ed6f9a00f924214bda376577a65e0afcc8282,OTHER,DAYLIGHT,ICE,WEATHER,2.0,32.0,2.0,2.0
0956ddadabea9b5cd348395a01d5d270c15b8ee64ef6b7e1e66bc8000ed2f210b7a3aefa28b09bf6d6a6552385c62b5b795d2e682192b603c39fa49155599561,CLEAR,DAYLIGHT,DRY,IMPROPER BACKING,2.0,48.0,2.0,2.0
0956f409158632bcdd829fe82d813f15a434436a5317e9aef1213085810cc1e6482278ead701377503bd2b72ed7e9a28b9fb0d49d699c1705e7df213eeea062f,CLEAR,"DARKNESS, LIGHTED ROAD",DRY,DISREGARDING STOP SIGN,3.0,26.0,3.0,3.0
09570665a6f65f3326d7c35e500cb52f6f8454d7cd2319851ac6b5e920935e6fe1ad2e29450003a167db4b5bb97cc585638bfc105b423ca44584913750844ccb,UNKNOWN,DARKNESS,UNKNOWN,DISREGARDING TRAFFIC SIGNALS,2.0,37.0,2.0,2.0
09570738715c768a8f32f8828e3b2a8e0d0d98ab62f104afdda971eab09b29841ddcc3a607cf3568d0360ad63942a4b6f883a34fc28eb1c88c6a7e6402fd21fe,CLEAR,DAYLIGHT,DRY,FAILING TO REDUCE SPEED TO AVOID CRASH,3.0,23.0,5.0,5.0
095728d435583b672a21b38cc8bc4c824fbd4cbf6d5350ed06a4648a60bca208d16792a5966441690607b1c6b3c6912ae1ad6de4ab7f911f45035005e655f0f6,CLEAR,DAYLIGHT,DRY,FOLLOWING TOO CLOSELY,2.0,33.0,2.0,2.0
095769cb972fb7e2e63c858a1bbadf12eed0cc1d8f91c35018516c16f535d00d2b752e8d4f581024ee15f5f61585547c914fb4c29a9f241bd42615b9f3daa41a,CLEAR,"DARKNESS, LIGHTED ROAD",DRY,FAILING TO YIELD RIGHT-OF-WAY,2.0,39.0,4.0,4.0
09578a2dd9ec503a7a5f00be236470198f495bdb4bc414f21b6ad252d39cad46fb823d5ef791c52d53682c6a9f768ce05ece3e15892717a915dc7ccef5ba7e29,CLOUDY/OVERCAST,DAYLIGHT,DRY,FAILING TO YIELD RIGHT-OF-WAY,2.0,12.0,3.0,3.0
09578b4b31e0644f98aa71fa3ea529f5b9bbb5c059e805e4e295c5d8e26a075a48ef662933092151e12948a2e4613f56a9e67b0e5a5324f17acff2946f2d00b5,CLOUDY/OVERCAST,"DARKNESS, LIGHTED ROAD",DRY,FOLLOWING TOO CLOSELY,2.0,29.5,2.0,2.0
0957a7238df0e006c4084f2ac39b038097b6e74fcd9a4ec7d18a50bcf773638d5d134829755c5fa5b0fdab6490e7c6a6398a69c537346eed90ca4291ebd19a18,CLEAR,DAYLIGHT,DRY,IMPROPER BACKING,2.0,31.0,2.0,2.0
0957cad74c080cfc222d3297efd77180082d7198e320b6b9097ef7d3b0fa5413916bb5a50e164e9dc84ce4a060e950f702c6811e68f4426a54e245c872bb3a6c,SNOW,DAYLIGHT,SNOW OR SLUSH,FOLLOWING TOO CLOSELY,2.0,44.5,2.0,2.0
0957dabe2fa07dd9028577725984e2eae60f6c6f811820e58c197352fb7489309131d05d1452cdbadcf9fe620d0f6942588fb3a621d729ed07ff92251d213374,CLEAR,DAYLIGHT,SNOW OR SLUSH,IMPROPER OVERTAKING/PASSING,2.0,30.0,2.0,2.0
0957f85127f8cf93c5d58792878467e5a31cca0f5e168ccda60791432b9a936f5327694c663a8ba341690ab03558686450bdf123aecce7534c97df9606563ad6,CLEAR,"DARKNESS, LIGHTED ROAD",DRY,EQUIPMENT - VEHICLE CONDITION,1.0,31.0,1.0,1.0
09580a45326e69634422c4f91f0bd3eaa8f304660d8b11784bea17acc0754b00225d8e6fd6e743666c100aab3dcfb7da0445f0e990e10bccdd2dd9ece35a6ed6,CLEAR,UNKNOWN,UNKNOWN,FAILING TO REDUCE SPEED TO AVOID CRASH,2.0,31.0,2.0,2.0
0958243bb834c3ac940b603d62ae972c9f193da33e0de1584a0f848da4bd425a400cb37a538b5f84570aee76dfab466c7e501bfcdc8fb4452f9fd642d748690e,CLEAR,DAYLIGHT,DRY,FOLLOWING TOO CLOSELY,2.0,66.0,2.0,2.0
0958383113f8194cef2b348457bba4444fd5cb7f834c37fcbe8b397c1eda7172d69f2ae0b3eb051e7d73ce7114f70b3a64046bc04e9885bddc186b1ee0a8570e,CLEAR,DARKNESS,DRY,IMPROPER LANE USAGE,1.0,38.0,1.0,1.0
0958563f30506040086fb77267f1d035087cf3d679d48456c02aae5a0bfd981a0015a75d9abd6801184f22802c635a27602d48483c6d794abed0ae29b8fac989,CLEAR,DAYLIGHT,DRY,IMPROPER OVERTAKING/PASSING,2.0,52.0,2.0,2.0
095869e2a57db16d03eedc026b1344b5cab09399939e590c6d8f02acdd1c718b212934716dae6f960a1bd1a294a7a194c10fa2e8b7083980678d3f8bb78113ad,CLEAR,DAYLIGHT,DRY,FAILING TO REDUCE SPEED TO AVOID CRASH,2.0,30.666666666666668,3.0,3.0
09586a899c1371fa43ab03bd1a91a93bec062e10d6d21a9ef1f7dfe1ea8cb02939e7df97cb7b62c3c40e0cdf41f28b21ace5db8c5185eac0812a06fb180e3122,CLEAR,DAYLIGHT,DRY,FAILING TO REDUCE SPEED TO AVOID CRASH,2.0,22.0,2.0,2.0
095896a13110112ac8a3ce174bbddc8ca968e031319143c29a0f68cf0a8a782064aba15592535acae25af9a67a96b36b7fd46d52a25d775ccdfb519be0bf2882,CLOUDY/OVERCAST,DAYLIGHT,DRY,FOLLOWING TOO CLOSELY,2.0,43.0,2.0,2.0
0958a471511f05264b1f906c937906e78767746b7e643cd45ea3b6b032e791819b3838f54f9adf68718995d0f1957c1144df93653554989148bdf08d42874821,CLEAR,DAYLIGHT,DRY,FOLLOWING TOO CLOSELY,2.0,52.0,2.0,2.0
0958a9d4f907f4f25a6f47f40d55c280febfa2f99f573e6c9168f3960a3e7f61432ea64c5592310250ad156f7ab09698887207e8bfca6460e0562a8b74a89aa5,CLEAR,DAYLIGHT,DRY,DRIVING SKILLS/KNOWLEDGE/EXPERIENCE,2.0,30.333333333333332,3.0,3.0
0958ad13b29d5a5769793c1caaace6cb3e90d3a1bffd8b500ca05d6df59db2bd2eead0081977e3c7e03c989f47c3316e7756f85a851bcb15115ff0edd60ad659,CLEAR,DAYLIGHT,DRY,IMPROPER TURNING/NO SIGNAL,2.0,40.0,2.0,2.0
0958b4759814923b0f890623abf74c1e550d9c437b3bfef6fa9d754b40a80fb70d2b16a56fc3af9a207b544bed72d47965164320ff2680f960969415ab78ec8f,CLEAR,DAYLIGHT,DRY,FAILING TO YIELD RIGHT-OF-WAY,2.0,54.0,2.0,2.0
0958cac49e52c9d9b7f1d672b14193c7ab4f093e1b797973b070979938b00b25c1df24e462b0f7225bde77721ea6ac2b73f8c705604c72f1cfc41e8ebd8fb07c,RAIN,DAWN,WET,PHYSICAL CONDITION OF DRIVER,2.0,20.0,2.0,2.0
0958d768db59ff5c203a3eb4bf539f3eae7ed0434dbfa8d08dd9ab2473871c8da1150e74d3807da10d448ac6db0db2ff113e479dcddf1ed6883fb6feb0f9dfaf,CLEAR,DAYLIGHT,DRY,FAILING TO YIELD RIGHT-OF-WAY,2.0,54.0,2.0,2.0
0959161b7f715d6fd6fd0c9e9526b04654e080af95e60adbd388e80e2cddd8cb98616820bd5c7f1586578f532b478dd00471fdbd0892a2487e4c7779dca2b456,CLEAR,DAYLIGHT,DRY,FOLLOWING TOO CLOSELY,2.0,51.5,2.0,2.0
09592827bb213b944c05186dabb652862681e0e08f9e6ed760b8dc8ff4647afcedef8e4c819a29ab627bb1bcaf24634521aa43d4746485a6fd9c0cec2565e9d6,CLEAR,DARKNESS,DRY,IMPROPER OVERTAKING/PASSING,2.0,37.5,1.0,1.0
0959285e1e928b5bd92afdb294adf4efe4c3fd710bc0c8410023d934809fc4b92517147a7d130296b829fc8c35a1227e3808a177f469be09df700cca1238e697,CLEAR,DAYLIGHT,DRY,DISREGARDING STOP SIGN,1.0,20.0,2.0,2.0
095939905c0e9b964780865270a098818f07e30936d13e2b006d37613d8a6db8280351752c9b10dbebc520ce11a3932daf2f76e5c21367d89418652f695114b7,CLEAR,DAYLIGHT,DRY,FAILING TO YIELD RIGHT-OF-WAY,2.0,35.0,2.0,2.0
09598b817141515fba5b877597a63b0cd255d05e8e5c9f02e30cc4dc9b7975b9bf8c429fd690fca49e798cf66165e566b7203e128e6bea65953fa8264d9c2067,CLEAR,DAYLIGHT,DRY,FOLLOWING TOO CLOSELY,2.0,38.5,2.0,2.0
0959a6efcd6f2933889720da30f65e0438147dad24130eb8d5cb7fa002f87684d4c05d0642456d3f3c28b1ac45c300a9efc844f3d4f3958e9468c2ae4aff383d,CLEAR,DAYLIGHT,DRY,DISREGARDING STOP SIGN,2.0,28.5,2.0,2.0
0959b06e0f971cef0250bbe579a48813b2910b40eb517d4f8b3c05d194608ea5c504e2b4529b5e95406f57a4c118e7fd173f77cf21328d4dee0401e46255dca1,CLEAR,"DARKNESS, LIGHTED ROAD",DRY,IMPROPER TURNING/NO SIGNAL,2.0,39.5,2.0,2.0
0959b8858799df1714aab5c0a9e49f2885446c7b6c3c403b7a32179578bdccf6a1539ea4e3aed4618f2b3e631a980639e547013a4b08c3870808b396efdebfde,CLEAR,DAYLIGHT,DRY,"OPERATING VEHICLE IN ERRATIC, RECKLESS, CARELESS, NEGLIGENT OR AGGRESSIVE MANNER",2.0,24.0,2.0,2.0
095a03b815ffb7999a39676cdc42a342bf2795d232ae46682f5456fdbbc0a208021fea4380bac83b2caa0235bd2150ac186baf8f3d218bb8a47566d076491898,CLEAR,DAYLIGHT,DRY,IMPROPER OVERTAKING/PASSING,2.0,37.5,2.0,2.0
095a34735d16e725616a33060eecf07329197910a69e22bdfd4d7d587889bd0ba5838e70754cd2a6ab36d1aee6769a25b472f5c4dc88257537a534f78d29b3d2,CLEAR,DAYLIGHT,DRY,IMPROPER LANE USAGE,2.0,36.0,2.0,2.0
095a3c8b5d717aad8a86ad4fcfeb6c5fbb88d9a7d27ad55f37dcebebeb129bc74608a585b8f9624d027c6d0a05bd74ea06345be3aeb51242151c11d69db875eb,CLEAR,"DARKNESS, LIGHTED ROAD",WET,IMPROPER OVERTAKING/PASSING,2.0,39.0,2.0,2.0
095a4a476ceab6c8062eeb4b7e1fd0c4f0ff70a7e217995d532948d2c49ad0531f9fb927cc0b5b6bec06a4f0d3276181f8f2e09165d62130dcd0414280e23695,CLEAR,DAYLIGHT,DRY,DRIVING SKILLS/KNOWLEDGE/EXPERIENCE,2.0,34.5,2.0,2.0
095a8fd441c0dbf7b3a31f1ac500de4d9dc92a10de7a2034cbf716e018c7fc29812466dab0158c67051222b8ccdb847e743e1597376b5b1ff76b0b67f11fd277,CLEAR,"DARKNESS, LIGHTED ROAD",DRY,FAILING TO YIELD RIGHT-OF-WAY,2.0,31.0,2.0,2.0
095ad9444ad02c885975d0ccf7c736646442138b4952792d24a40b25d95288b7eb985265f49bb2faa9a07ec2d5b1406b41eba4b16d656131352417c993627d4e,CLEAR,DAYLIGHT,DRY,FAILING TO YIELD RIGHT-OF-WAY,2.0,49.5,2.0,2.0
095af5301b60974807609ba6328884a60218e74a447b83d4bfd2a8d0a6aa93e6be797c688208fc9155c2de1adde9730e3ca394e425df4936671ff0604231e8a5,SNOW,DAYLIGHT,SNOW OR SLUSH,"EVASIVE ACTION DUE TO ANIMAL, OBJECT, NONMOTORIST",1.0,31.0,1.0,1.0
095b2d96c6949e818c2be8b9593009c34f227dd276b012cc2dd12d7f6a1ff1886fb804b12a3a222cab8aab8f1eed69fdd4971e1280f9d22a4534c5461591581d,CLEAR,DAYLIGHT,DRY,IMPROPER BACKING,2.0,13.5,2.0,2.0
095b44f95ffbaa6f9db25e61c93de946db6cc7c927f6b08aca8b89f8d180164013560006ceef27eaf08371d030614ac78f96f91c2e7befdc65eda06a3c87af57,CLEAR,"DARKNESS, LIGHTED ROAD",DRY,DISREGARDING TRAFFIC SIGNALS,2.0,43.333333333333336,5.0,5.0
095b51920da971cf44e1748658ed29bcc1fd99606bafeafdfecd5de1463177ddeea5cf72c52ea7c4a1cfda7acc072e5b14ed584989e26cfdd83a871963411eab,CLEAR,DAYLIGHT,DRY,IMPROPER OVERTAKING/PASSING,2.0,34.0,2.0,2.0
095b6207fd938be44e8c03337f7a4ccfcb01338a6fb9d34138ff1a8cf2d67da1e51b92cd3685db9c083da21d8c89ffeec950e46d7d228da03e94ef5e5addccdf,CLOUDY/OVERCAST,"DARKNESS, LIGHTED ROAD",DRY,"OPERATING VEHICLE IN ERRATIC, RECKLESS, CARELESS, NEGLIGENT OR AGGRESSIVE MANNER",1.0,29.0,2.0,2.0
095b90e9bf0f4f73ec9e822cd1752bb363a94d3de3946469f859c0c9e651865945974d73cb7de391b280938feaf48e5bc486f6880f9aa5482b945f868c2fb723,CLEAR,"DARKNESS, LIGHTED ROAD",DRY,DISREGARDING OTHER TRAFFIC SIGNS,2.0,31.0,3.0,3.0
095b9f6d6f78f129d78be55697dc9cf06c92e20d2020f4bb37e3d350a867c4c5e1b9a23b98f3d4fbbc71a91ac2f57c93e2023c8a2537e37b5dc7db7335af0fa7,CLEAR,DAYLIGHT,DRY,FOLLOWING TOO CLOSELY,2.0,41.0,2.0,2.0
095c46733f847c6b1a68fa10382accd2fc4be2c306e093942255bcc380b20110d2611b3c04ce9685f461a762f11ad342abd14403e9c38ab65993c035d5b73053,CLEAR,"DARKNESS, LIGHTED ROAD",DRY,FAILING TO REDUCE SPEED TO AVOID CRASH,2.0,49.5,2.0,2.0
095c5904fb5f695f1240cb43252d244d59212bfc320604d13d0ef09289e06c9c9efec5d72c4b30d5e5fc2fbf802188f26aa293dd2df72164498af32be50a73c8,RAIN,DAYLIGHT,WET,WEATHER,2.0,37.5,3.0,3.0
095c6a5b4df0b019529ec8ea2375b00c9956111a7ae51a8cab36b6dac3fd7e0c7c1a131ada096db1f9e42014740fb2b0fce1c7233706c033fa898b43668e41f6,CLEAR,DAYLIGHT,DRY,FOLLOWING TOO CLOSELY,2.0,39.0,2.0,2.0
095cdec1d8d2614bc01cbdfc2b2d31463b06d323c1aaba73569955d249e147a404f145f27ae94e65ea161608fd7090e92ebe06c68d29405d073361d61274ef64,CLEAR,DAYLIGHT,DRY,FAILING TO YIELD RIGHT-OF-WAY,2.0,36.5,2.0,2.0
095ce0bce248090ac63b0ea7ee06db60c5f213d380b9d8bad137dbf9413515104538f7e53cd5e6101a2a838121bd094034479a9d24e273a63dd1a322088717d8,CLEAR,DAYLIGHT,DRY,FAILING TO REDUCE SPEED TO AVOID CRASH,2.0,46.0,2.0,2.0
095cec26d9c9c72623de64d4cbd36ba3caf77fc8b439b991082c05beb9a249904188afde72b111f3caf314c61858d5b3b7e55c3fe3fb33e6d9252c7239a221e4,CLOUDY/OVERCAST,DAYLIGHT,DRY,DRIVING SKILLS/KNOWLEDGE/EXPERIENCE,2.0,51.0,2.0,2.0
095cf8ec22a16d653ed2355ba641d01e29476f780bd827ea868fef3ac497d3342b31d6b1d1dc455a12a8b1d3c5051ca279911ab0e3832fc4585cd2747e9efa2b,CLEAR,DAYLIGHT,DRY,FOLLOWING TOO CLOSELY,2.0,52.5,2.0,2.0
095d0bef729e5438a356cf02b6561a190106e2fc9c7c3c5c12e6d56fa16e0a14c4826628615c5036c4c5c32019475bed4caddf74fe9a3eb6c8e64c75987c5439,CLEAR,DAYLIGHT,DRY,"OPERATING VEHICLE IN ERRATIC, RECKLESS, CARELESS, NEGLIGENT OR AGGRESSIVE MANNER",2.0,22.0,2.0,2.0
095d17800da06a65b5e3035785be11932b7658014a8a90ef77f6075a8d912c7b90038acd5dfae845422226fd7f11aa11972b4843a8533c2fd5f7ac1bcf192068,CLEAR,DAWN,DRY,FAILING TO REDUCE SPEED TO AVOID CRASH,2.0,39.0,4.0,4.0
095d1870ca85d2c1e369a898fa0b2024a6988722446ecaae2abd2d2dbccd3924166a76cf50fccbe258bb8e449d5e5f693e4d0fd488c9950d8bd86e128862810d,CLEAR,DAYLIGHT,DRY,FAILING TO YIELD RIGHT-OF-WAY,2.0,35.0,2.0,2.0
095d47387e55eaaf3b878da30bbaa12e093b42adc0f49b22e93903b13bffc7cb51b6376dd02832591793c0462c213dd0823b2b21a32253ad9d2c773b769c1a5b,CLEAR,DUSK,DRY,DRIVING SKILLS/KNOWLEDGE/EXPERIENCE,2.0,22.5,2.0,2.0
095d7d45ec2f0aed7555fc9d7cccc6c4a11316e5b45fec92ca1fb9e404404a5d4dd3ddef2404ff35ee0e44bf2b9e4ea0c93a07c25cdbbe52f83f48ad9028277e,UNKNOWN,"DARKNESS, LIGHTED ROAD",WET,IMPROPER OVERTAKING/PASSING,2.0,46.0,2.0,2.0
095d96e100fe180b8d77ac4efb5d84bf1b445f00ece456a9f9b5be74d03809e02957d14a1709edb87a1c3b5a2f4a3581d184cf6fd67ae285e687cfee3f26ee15,CLEAR,DAYLIGHT,DRY,IMPROPER BACKING,2.0,45.5,2.0,2.0
095da46d35531a5953ea3947faf177c11281b4c9a598f73ca024cbaa63f840dc91e9d07cc38bb94971cdb6c81a9c7d85f81f918a934c864657889f3d2f22130d,CLEAR,DAYLIGHT,DRY,IMPROPER BACKING,1.0,50.0,2.0,2.0
095dd6e33e59a2c051dffa458d356419aa128aaade16f2fee741c1fac1eeb15bd4b835b64ec3f378c350e508b4882867341f5d9f182ff4b29cb9ac0f491cf768,CLEAR,DAYLIGHT,DRY,FOLLOWING TOO CLOSELY,2.0,66.0,2.0,2.0
095de2b67274c9c862385d754d52a7f001f45c7e599041702427973b8edaeda8e696151db8a064679fbcd6812bbe1d14d8c52f527304e4cccf0953a26e862855,CLEAR,DAYLIGHT,DRY,FAILING TO YIELD RIGHT-OF-WAY,2.0,17.5,2.0,2.0
095dfe22af8e4bd5404ae7f201d33b3e9348b36d7d4c4b408225eb7bb1483b2a386ca9442c2bf3da84b9df9212cb8f418c2f538c87e5cbae95410a209e8d850b,CLEAR,DARKNESS,DRY,FOLLOWING TOO CLOSELY,2.0,15.25,4.0,4.0
095e3965852e4ef525a29cfde9a996f1be912c8a2665b2c4d9df6cfc6b67550c7b175cb94ccd910e3d2116f62b03417c94188378b32268fdc67a409d45cbd6b3,RAIN,"DARKNESS, LIGHTED ROAD",WET,DISREGARDING TRAFFIC SIGNALS,2.0,40.5,4.0,3.0
095e6e39f61feeeeafe071a91d432ccb35313327b751f046d323a5efdf2b4a6bdca6abc961a58d2e2b5d5de727407f2cd9d7b4a629a2fa2ec254ae42e64e13be,CLEAR,"DARKNESS, LIGHTED ROAD",DRY,DISREGARDING TRAFFIC SIGNALS,2.0,38.666666666666664,4.0,4.0
095e8d5a66c56bfcdcb78fb5cfc14f064c112d23c02912c916011b89934453681b9315ba1577886d5d71bb3c1386a509fcc6232fc1217baa6b0fdcf04f8c236d,CLEAR,DAYLIGHT,DRY,DRIVING SKILLS/KNOWLEDGE/EXPERIENCE,1.0,57.0,1.0,1.0
095eb2aeeb2a7547ed6aa7dd627318b1e4b505e9e21178ac2b399e97f57bcb0dd9af803411d4c4c5b9c5647e825ea2e1687fb4b9fedc28719fe86161ad48da37,CLEAR,"DARKNESS, LIGHTED ROAD",DRY,DRIVING SKILLS/KNOWLEDGE/EXPERIENCE,2.0,37.5,1.0,1.0
095ec1e41474b35fc6fc6752eee807fd5047359713468e2f69f546566b4bf9a696c2b0471ba3eb9172c3efe5cbc710eb75c440797ebbd82f5342f7ce0afe7145,CLEAR,DAYLIGHT,DRY,TURNING RIGHT ON RED,1.0,50.0,2.0,2.0
095ec9b150aebec2b94add9170d697a5f25f1e6c13f82f167c87f4d456f01bc9881f61662934f0ad93405d92f2270f8b271e2164e9727c88b0ac03574cffa432,CLEAR,"DARKNESS, LIGHTED ROAD",DRY,FAILING TO YIELD RIGHT-OF-WAY,2.0,38.0,3.0,3.0
095ed60b01ee951f51ee84bded094fd7f10949dec61e7688883438d036a46d9b5e64343e260c3f9acc17d5f6fc0a3f942fe5ea12ad691644d46d62bf3bc1b06f,CLEAR,DAYLIGHT,DRY,DRIVING SKILLS/KNOWLEDGE/EXPERIENCE,2.0,31.5,2.0,2.0
095ed9a3b10d58bf73f339dc9caa7493cc910b1c8e1affa1ad7bf04bceb3df7431e7e5f20fd528b16e55057132f3e5480fc81c10fb07fc9d117fc9252c885b22,CLEAR,DAWN,DRY,DISREGARDING TRAFFIC SIGNALS,3.0,46.0,2.0,2.0
095f03c941562697f4af796a1e46772838d3e87d25161d7d58340a4aec2400a7b4eebcc039d046828a60d9b92143812f5a9500a444214417bec531612f8b7351,CLOUDY/OVERCAST,DAYLIGHT,DRY,FAILING TO YIELD RIGHT-OF-WAY,2.0,34.0,2.0,2.0
095f33b0560218f87d91c0e1a62592cfdcdca3bc05b14c4fe6eb0ba0a9b35f26233b27847eac55c5681f5e8f0583b734d9f944202fe1c16ae74dd3aeb7d68df7,RAIN,DAYLIGHT,WET,FOLLOWING TOO CLOSELY,2.0,70.5,3.0,3.0
095f5e0a2395fd019f86e1a845edc017a1ece12ac1b3d38e6402cc593c7814393c9be654a0818d25b6f80c3915d92717615f4bc582a9f271222d1b942b4be714,CLOUDY/OVERCAST,DAYLIGHT,DRY,RELATED TO BUS STOP,2.0,59.0,2.0,2.0
095f7d65cd86c7341f0c6d27d22b99afa0e01b59f153bf71f25c22a2200474b6757c8dbbfdca31f9b35bdc89ef51d8c3fd4045723f9538884884ab5c7d1b2358,CLEAR,DAYLIGHT,DRY,FAILING TO YIELD RIGHT-OF-WAY,2.0,57.666666666666664,3.0,3.0
095fcdde6aa22a0b52da000048edc80c4190360b2bb18c9c9ea7f60de425b83f17bd55e15ee0384e30edd15e73a5c2d7cd9249fca6ba7e56c37ac39610d74595,CLEAR,DAYLIGHT,UNKNOWN,IMPROPER TURNING/NO SIGNAL,2.0,61.0,2.0,2.0
09600f8681f63ecc79527caff044855febefa36d50e8bbd2e1cb8ca3fd01f5b53f3cd2be22ca9f710c992095297fe6ba638acd3fe746292874144421f100ac26,CLEAR,DAYLIGHT,DRY,IMPROPER TURNING/NO SIGNAL,2.0,41.0,3.0,3.0
09601da13517a4dbce594656eddba4dd96e23be76417929eb32d058d0a95cfc33eb6c46e55fa25e5c0560cb04da01b6725b4f00a987ecffbb600be32879d3b6c,CLEAR,"DARKNESS, LIGHTED ROAD",DRY,IMPROPER LANE USAGE,2.0,20.0,2.0,2.0
0960422813bbebfa846f584ea638c7272e230401a8d3e0fb18bb2d9e51e867e43442604c4cded2fc987cd3e3688151b44d3c0e629304e20f83a103c5ef3496f1,CLEAR,DAYLIGHT,DRY,FOLLOWING TOO CLOSELY,2.0,27.5,3.0,3.0
09605352917bdbe2ec630aa3cb7068993e729a7685e90af0daf1f07176337d7c00e7f5aec13fc82580a3c1e0abafaaa6f133cda990c09bc5932ef2355bc8e1fe,CLEAR,DAYLIGHT,DRY,FAILING TO YIELD RIGHT-OF-WAY,2.0,29.0,2.0,2.0
0960536acad2eb8721fd6a920a8a5fea1a529521368be41ddf50d32d323d23637d7b66c4d76d27fbb4e282813809ff4bd1fd205958f9695894178e1d73ccafb8,CLEAR,DAWN,DRY,FOLLOWING TOO CLOSELY,2.0,29.0,2.0,2.0
09605e62b76fad84deee4ab371e115c0ef10e3f49b49a9e3b7f94e5871507b273da20a332a661a584200ab99c9f95ce5eb4d4de3bd261b153986d20da525a186,CLEAR,DAYLIGHT,DRY,FOLLOWING TOO CLOSELY,2.0,60.0,2.0,2.0
0960d10c9cf7f82f46415fffa2c86a418009df20cbd4721c7502f80435ce3bf751bbee94adfb99256f1cd2d9f78a87d42edaa15315a224a8fb4ff0f867987777,SNOW,DAYLIGHT,WET,FAILING TO YIELD RIGHT-OF-WAY,1.0,36.0,2.0,2.0
0960fee12fb439fc6856950705fa4e04ccc711b5b43ecb8050dcb25f911f3562c6721f57cbc1bef886f72dfe7e558a370f95e747254a4ad7b4a7ce2faa7de832,CLEAR,DAYLIGHT,DRY,IMPROPER OVERTAKING/PASSING,2.0,36.0,2.0,2.0
096128393403499aa5257bf8b5e4f8b83b15eefe2e2acb3fb1c97f978951c7ddf332a8a913611a611df9057f4eb0b85d6ae5707692de9aef476a7b0588460413,CLEAR,DAYLIGHT,DRY,FOLLOWING TOO CLOSELY,2.0,46.0,2.0,2.0
09614434957bffbf515eb5ea138b0591ff4acaa7a3060191d8a5eaffd452783748945f43cc173b56e463c35df814cdf37340b48300a91ba0f99c0a368bb5a7d2,RAIN,"DARKNESS, LIGHTED ROAD",WET,FAILING TO YIELD RIGHT-OF-WAY,2.0,22.0,4.0,4.0
09614ea2398d33abb2b22ddd2a92919be39c97aab6ce8701577c77bb71aa274029b4e6c49738e962cb0c4db45b87606e6a5a743bc0a2d44c8263463040ba74ca,CLOUDY/OVERCAST,DAYLIGHT,DRY,DRIVING SKILLS/KNOWLEDGE/EXPERIENCE,2.0,86.0,1.0,1.0
09616395fde90933f6ced420b7a6930e6f225550b74a4e2a9dd642b99fbf0cee7314be4ad5f6f20bcf37f6274b061f4c5ecb2502284689836a4706b1a2817be2,CLEAR,DAYLIGHT,DRY,FOLLOWING TOO CLOSELY,2.0,69.0,2.0,2.0
0961a8331b29f4cf6347abf126dafbda3827d0f082a87be5bf80a7eaef2237c857cf7ae8bd5d33ff64bcb884bb83045817fea884a01924f649133536426b6d09,CLEAR,DAYLIGHT,DRY,IMPROPER OVERTAKING/PASSING,2.0,48.0,2.0,2.0
09620052426b4beb5231dc16a5681e5d0c75a85f2c03038d7af17f83a5b24805ed8ecd618956bf4b76079200b32219adf9defed85bc4f8d71a048d5dab91e993,CLEAR,DAYLIGHT,DRY,FOLLOWING TOO CLOSELY,2.0,43.0,2.0,2.0
09620cd7838cd43bd0c4719ddfffab3f41e99bd01a350c957f618f3a4d283d40dd8ba994b2e1c3d04522f60e600b2456766a70d176d79c01c18f46327c52b417,UNKNOWN,DAYLIGHT,UNKNOWN,FOLLOWING TOO CLOSELY,2.0,41.0,2.0,2.0
09622124fcca462739ca22056df25d25d76bdc90833b541ef8df16400a825ac8f1c4d2e6ad507f6e066435d500ac2498e391f1c0896eff875a9f6c7728e26157,CLEAR,"DARKNESS, LIGHTED ROAD",DRY,DISREGARDING STOP SIGN,2.0,33.0,3.0,3.0
09622b8c8a027b99137ad587d23de6ed1718b3b4836f4763ce3043d1fa03b997710c464a60c10f8988d7889bf3437cc1bd20ca8c658fb4d642f66fdfe4815083,CLEAR,DARKNESS,DRY,FAILING TO YIELD RIGHT-OF-WAY,2.0,15.5,2.0,2.0
0962972a5b42f2743465959cd37814e79267d3590a231ad56834fe2a248bf530339d076910cdb480e6d7fa03412ccddefb5f4bde416006e263f9a1abf4393d05,CLEAR,DAYLIGHT,DRY,DRIVING SKILLS/KNOWLEDGE/EXPERIENCE,1.0,32.0,1.0,1.0
0962a4d70f0a46913e0ec5399da1a36195095cdd78d2a851f6b70775a37089c5f4ad2205acb4539d3557d3271d13870d65596d232458f5c136ff52bfc2aedfd2,CLEAR,DAYLIGHT,DRY,IMPROPER BACKING,5.0,30.0,1.0,1.0
0962cb85ad452b7bd0d0c5eb63b3bc0df3ffaa98f272d7957376dac187858aeb765f7b207c099e012d194dd59834e5b30e043ae4f75d0b7de636df9c245dc471,CLEAR,DAYLIGHT,DRY,IMPROPER BACKING,2.0,37.5,1.0,1.0