crash_record_id,weather_condition,lighting_condition,roadway_surface_cond,prim_contributory_cause,total_vehicles,avg_driver_age,total_people,total_injured
0962f2b9d5c33f79c73c9cf24207139eaadf57af16c0e026cc5b5a38f34669add3e5d702d82fda685480d97541e791ed3e9acd214a0eb04f05493e3af38808ce,FREEZING RAIN/DRIZZLE,"DARKNESS, LIGHTED ROAD",WET,FAILING TO YIELD RIGHT-OF-WAY,2.0,29.0,2.0,2.0
0962f4a0c7d29bca7f9b0a6557fcf81d26a8600ae691b3902820624ca79f1c5db68ec4477c731331a857dc9a10ff78c741f50f30fb0b44c982ec12757f2ad266,CLEAR,DAYLIGHT,DRY,FOLLOWING TOO CLOSELY,2.0,53.0,2.0,2.0
0963143e00079f3324c120e1e5199949212bdecf603cab6551a6e113b8e6b92bdcd3ef98ed920e792a56c0e4b48ce348d0852e5ba2c7807d5569c70c7bd21d67,CLEAR,DAYLIGHT,DRY,IMPROPER LANE USAGE,2.0,33.0,1.0,1.0
096327996504e6e7755102b8fc819813360f1de9b302bbc44e3f36bfb2bda1f74e9653ffd3445f310a62b14cf31bd08d2ea368d47d17129b3ae1110a3e259bc0,CLEAR,DAYLIGHT,DRY,IMPROPER TURNING/NO SIGNAL,2.0,47.0,2.0,2.0
09635fa7c14fe7c6424eacdd2c4d5489a8f976a4d23e7e430a3b92fe146b9bd396047bc182793f63a35b6d2d805effa0260a56281d693e89927f22dd2acaf05f,CLEAR,DAYLIGHT,DRY,FAILING TO YIELD RIGHT-OF-WAY,2.0,38.0,2.0,2.0
0963abb10685a0e85a4552dd3887994378cf2ba25f259d0b34adf5decbf5311984043ed3c7fa125aaff0d18c03ee8a4e99308113fe30b32a647a6351794b6511,CLEAR,DAYLIGHT,WET,FAILING TO YIELD RIGHT-OF-WAY,2.0,39.666666666666664,3.0,3.0
0963af57cf44cdc2496904ec1120f1128876933f8fddcbe13144d50f844e19b64f824be5aa2f0440e6fe2edb33c2fe556b25c33e3ade3b14447cb58f97609cfd,CLEAR,DUSK,DRY,DRIVING SKILLS/KNOWLEDGE/EXPERIENCE,2.0,42.0,2.0,2.0
0963f203a0c1eb61cd826cdadabdf2ca62fcc608e771471b62d566cf5ce18ad95bcd7ae9016be97867e9addfeae2b13615eacea72d44fed00f4a7865a4a71fcc,SNOW,DAYLIGHT,WET,DISTRACTION - FROM OUTSIDE VEHICLE,2.0,49.5,2.0,2.0
096415a01b88e909e770dd13fd2dfb6e15bf4c8f9a287a347e57b178aded93cba360dff082d6d64d7c4398db6eb9bb926d7d02012bf2bb9751b2c4da9f9ea697,CLEAR,DUSK,DRY,IMPROPER BACKING,2.0,48.0,2.0,2.0
09643e42a1b0965ab24dac709a753df419b9e21ae8475cb60a658ef41657a32836b4516de69be1f70922afae2f0491aacbe178ccec6aa62efc083f2120176b10,CLEAR,DARKNESS,WET,FOLLOWING TOO CLOSELY,3.0,31.666666666666668,3.0,3.0
0964527aa4fc7a559249f08ccffb418edf422deea53a016f404fd3be1b0cd79e3f9b16371726d8448a2b83de0f0222e560d3147262c7cd481f9f951f8fed64e9,CLEAR,DAYLIGHT,DRY,FOLLOWING TOO CLOSELY,2.0,38.5,2.0,2.0
096466707f0b0c5c13de2773e3f04b78235f3c66034cc10d1ae8ab0628696089de08bca8d0943d8127b18e693195ce01fd3e7f24dfd547b153cee37dd78a65a5,CLEAR,DAYLIGHT,DRY,IMPROPER TURNING/NO SIGNAL,2.0,35.5,2.0,2.0
0964810ca015002b0a08520828b2dd284a3f3e62fe2dfdfec058e3681fbbb247b3104fc257f56b566bb6d129732c081112d8e4c0921010ab53734643e4b9219c,CLEAR,DAYLIGHT,DRY,FOLLOWING TOO CLOSELY,2.0,37.5,1.0,1.0
0964836faf0ee6bc29b409a9807d927a0ce68eb0164fa74d8788f183350aa88941b7037cc86ca13489ed4af5efc39480a7e2284181059078f8a966bded947a7d,UNKNOWN,UNKNOWN,DRY,IMPROPER OVERTAKING/PASSING,2.0,37.5,1.0,1.0
096493c3fbe77ab7f7e68f65690ab7b74614642e4378a7507bf263d39c5a63fb4643e5d425e63b4bfc897f86507fdc350ccc9869249859e51d3804d40d9a24c6,CLEAR,DAYLIGHT,DRY,FAILING TO YIELD RIGHT-OF-WAY,2.0,64.0,2.0,2.0
09649f105291c01408f40b4b9b202af6ad5749f75f5e15f87b8e87e5205d4b980b4ee39604f1f76f93157860bbc355c4af7939d7025419f94c1fb3a9c1060c90,CLEAR,DAYLIGHT,DRY,IMPROPER OVERTAKING/PASSING,2.0,47.0,2.0,2.0
0965103b3343dc5cc8f385879f68810e24a96f201c72b7b046f08ab39993979f559444c4026289d6da42ace3bef885636b1e27c0e75d2409a0a5a57ff6078969,CLEAR,"DARKNESS, LIGHTED ROAD",DRY,EQUIPMENT - VEHICLE CONDITION,2.0,25.0,1.0,1.0
09651706eef81c71388a3b766007e86ead85989d3fa682b077edad1a04149a2a4974a95aaa870f9c6d829487aa8524ee270b488101452cd78ce5a95c8623d6c9,CLEAR,DAYLIGHT,DRY,FAILING TO YIELD RIGHT-OF-WAY,2.0,47.5,2.0,2.0
0965269d993961b59bd362a33226fb75f8f78cff10101f2e348864516dd7349798b976e365385b55a3747e4ca43668a0aaf48d53ec87c8fc2629aa9a8b6894d8,CLEAR,DARKNESS,SNOW OR SLUSH,WEATHER,2.0,37.5,1.0,1.0
09656b7311ba72e3873d49880537b08f7b7bd719abe4c3b5171890fb8b5e84cf9d0c46cd39670067d1520e4d1734d946971a3b86b8e55f731a4892735e7f00e1,CLEAR,DAYLIGHT,DRY,FAILING TO YIELD RIGHT-OF-WAY,2.0,55.0,2.0,2.0
09656e135ef7988e6d9ea03f6eaa25f806f8d4c6a8537f7fcebd7f7c56305b68c5453fa932742be6faa69e900d6362092c905de9ae0535f0e0d4ff63be5dbc1c,CLEAR,DAYLIGHT,DRY,IMPROPER OVERTAKING/PASSING,2.0,37.5,5.0,5.0
09658238eaa0ca518dc25dbf785e3fc1ee95dd655eee530bab36f1832a75f72dd4fc301aed8a0e9affef5a3f13a16b82b8b740f75cec7503c74f19f40834671c,CLEAR,"DARKNESS, LIGHTED ROAD",DRY,FAILING TO REDUCE SPEED TO AVOID CRASH,2.0,24.0,2.0,2.0
096587ec7ce09c57fa3bc77b472a12473f874e05bb0eea62f53561a7972350b87910ef385ec75e52d855fda01b5fa3fc1a6cdcd266b6e6826b1be528ddc0e89c,CLEAR,DAYLIGHT,DRY,FAILING TO YIELD RIGHT-OF-WAY,2.0,67.5,2.0,2.0
096593699ed29618c59ed197d96d3ce97550c7f54fcfece1ea441502948b6db1bb721143951d333543d47a4f072db3d2b91256a6bd52f0aa32958a106bebfb29,SNOW,"DARKNESS, LIGHTED ROAD",SNOW OR SLUSH,WEATHER,2.0,59.0,1.0,1.0
0965e73243d25607f0dea382747f06d04702432db75ed3995cde8ddc64b8fe449fff54f5a9129f4e944c72212a5bcb4f6ee0cd4388f3bc6838d073ba98e96511,CLEAR,DAYLIGHT,DRY,IMPROPER OVERTAKING/PASSING,3.0,31.5,5.0,5.0
0965efdb5f6bcd25b7190dce1c12462e70aee505f906867652462fc06c1edb9be7ac55e6ea4b0c39325b3d029d5b14e49deeb3bb8e275c617f924d426534f00d,CLEAR,DAYLIGHT,DRY,FAILING TO YIELD RIGHT-OF-WAY,1.0,44.0,2.0,2.0
0965f61bf035493536c45132451a7e6d076f3d2bcd8438eb4f12384c6b727431478e415efe1c4bbec41e45fa953e1689a6534aa5d509b8cf261fe0a9c404d8ef,SNOW,DAYLIGHT,SNOW OR SLUSH,FAILING TO YIELD RIGHT-OF-WAY,2.0,42.0,2.0,2.0
09661b860529c7d34351ca700d2165eaa2b5d60fa4c2ea5eee56971fb9d2eba5de06468ce9b9f1110690cab1e5bd31e3580d9f1fc59bb8943e1c58c60423abdf,CLEAR,DAYLIGHT,DRY,IMPROPER TURNING/NO SIGNAL,2.0,37.5,2.0,2.0
09662c344b0ecb535b9c6c7fd6779e2bedf601e0d569f754ddd95864ad4a247a3617ce04047bbbb1f37a8cf01c12d9cf9b78cd273d9e5fe919271e0c271d7c6f,CLEAR,DAYLIGHT,DRY,FAILING TO YIELD RIGHT-OF-WAY,2.0,41.0,2.0,2.0
096655beffd95517c51ba62b3bc38130eb0a0cb1caa1a3311a9ed4c65a639bd84553a595f1307cc45edc2404bb2784b08573afe4cfd86ba3830417515550985c,CLEAR,"DARKNESS, LIGHTED ROAD",DRY,FAILING TO YIELD RIGHT-OF-WAY,2.0,50.0,3.0,3.0
0966861b4bd177da4ae2e024820eda2967b14d1e321a2719402fc46e760ddad80e43f6de743a080eee65e17d532baaa0389bfcbd224db4c46d1d26f5de1ad21f,RAIN,DARKNESS,WET,WEATHER,1.0,28.5,2.0,2.0
096693c3c9992c9e7a18e157d46b8c8371d033134087aa098849d87aae5e5eef46635780fa9c87425be5cd619fee02753f2dcd18ff5dfc99879c3d245409b1a5,RAIN,DAYLIGHT,WET,FAILING TO REDUCE SPEED TO AVOID CRASH,2.0,59.0,2.0,2.0
0966f94403565719971f7b47700c51170af21c510f48276dd99186f7874123f7f67bde7b7066fc4a8b140bf463efa03672b56fd6b65e7b351836ce8058b7e7a8,RAIN,"DARKNESS, LIGHTED ROAD",WET,FAILING TO REDUCE SPEED TO AVOID CRASH,2.0,34.0,2.0,2.0
096722362697882ae6da0d8c2c0a541480e58f7393063483369768ef5661353e7f715e573d2634bc30830200fb6ff72737e2294be94ab9af6e5bfcd770cc7b20,CLOUDY/OVERCAST,DAYLIGHT,WET,FOLLOWING TOO CLOSELY,2.0,47.0,2.0,2.0
096727dc01ee2b67a7c676001498b3340c11ba730328d778598092dd5c9f45c4e756d53803bff84c1c537e277d643be8b915439a49d5e83ac2c373bba548bd0f,CLOUDY/OVERCAST,DAYLIGHT,DRY,FOLLOWING TOO CLOSELY,2.0,25.5,4.0,4.0
0967375e78d4628fcc227dac09f32d2316f1198d15ca29eb7475aff6067fd90361b2e6e7e532fa9a33ab2e0a846d4ee4a03a6c378c4683aa3efff2c5f4ce30f1,CLEAR,DAYLIGHT,DRY,IMPROPER LANE USAGE,2.0,33.0,2.0,2.0
09674bb0cecaa74f627b20c40623b0d5a60d32e3636f3e32b2e5d1bbc59112719f36b61933e7e7a7ce756acace04fee3c4ce48e51c058ef397fba2388c93bd1f,CLEAR,"DARKNESS, LIGHTED ROAD",DRY,FAILING TO REDUCE SPEED TO AVOID CRASH,1.0,53.0,2.0,2.0
096764b5d3143329caddd266d8a8e500cc1d6d4406ae7e3bfbfedea901df50035007e2b449026204ae6851f15562aba12c38eae0fa5202d104a21dd3fff5dde3,CLEAR,DAYLIGHT,DRY,IMPROPER OVERTAKING/PASSING,2.0,35.0,4.0,4.0
0967892a9d97faa944740115df4e7ea498427c5291c806964a9a270c86afb496546bb3c47d618c7cd7bb68860253e4ed4f184e2b6281b777b346d4d7fdba9cc1,RAIN,"DARKNESS, LIGHTED ROAD",WET,EQUIPMENT - VEHICLE CONDITION,2.0,32.5,2.0,2.0
096796edbe1ea162015f9b6566bff3437ed4ddee2dc7e6704b3d83a4f2f706f231b15e20c1a9cb0339c9274063dc1109cda7f4e1a4e6da8b083dfa2a51f0d963,CLEAR,DAYLIGHT,DRY,FOLLOWING TOO CLOSELY,3.0,30.0,4.0,4.0
0967a22574a4a700414d1a0532201453f3b96ccdbb7b4581108dd6948abdec4f603ad89017f80c1ed5bbe9e4d6bd82c86ded1efe3ea7ce02af7c06c9a3f7cd85,CLEAR,"DARKNESS, LIGHTED ROAD",DRY,FAILING TO REDUCE SPEED TO AVOID CRASH,2.0,44.5,4.0,4.0
0967cafca2c2ba6012668d6dd6fa57d1697cbff9a8c9a4617aa207c330be7a6dbf6353d0e247979d0b6746a02fbc30a95ab1b11429661d94d27fa8c37b1471a8,CLEAR,DAYLIGHT,DRY,DISREGARDING ROAD MARKINGS,2.0,28.0,2.0,2.0
0967d72ac77b7279873d40bfdee66798e776d3acdfd71badb468a1bedbedf764718a9288569a80354d51d059b139df67fec7d660310e68c7a021ba1861f39f31,CLEAR,DAYLIGHT,DRY,FOLLOWING TOO CLOSELY,2.0,44.666666666666664,3.0,3.0
0967e3bd63692d99eedd49a0501c14a8dd472daeee61e89d63cdc4e4ce44f3dbed488cc2832a7c9e3457c8d5cab1ea33f61c48ad9651604865dc4cb8bba92fcc,CLEAR,DAYLIGHT,DRY,IMPROPER BACKING,2.0,31.0,1.0,1.0
0967fa671e836ca5ba6a8148740e92de1f94d6f9ae1f390e37210200b72fffa510b0b4346a788f1ad17ed80a30cc1b76630e9b9e5fda886a0479d074de9898b6,CLEAR,DAYLIGHT,DRY,FAILING TO YIELD RIGHT-OF-WAY,2.0,29.0,2.0,2.0
09680011531f067dd4cb59749df08e214ab878f4908d40f5c0809c9ed95fa91085c38a812cc1135d5b6248f4758577499d8c5a00741310989ba446f0c5ae2089,CLEAR,DAYLIGHT,DRY,FOLLOWING TOO CLOSELY,2.0,29.0,2.0,2.0
096808917aaf8a0b6ec489cbef6f591b9b8f8c41b04d9c354a7a4bae54cacb45e2a24bc46095f008cc139e7e0bf4da668f9742cd9f5c67947a2d0dd4940eb8bb,CLEAR,DAYLIGHT,DRY,IMPROPER OVERTAKING/PASSING,2.0,17.4,5.0,5.0
09680bf28c3dd55eba31902e9fdbdefc9120446c7df29ed1418a64b0e1e40c4a1f3a2382affc7fba4cca3c87bf4d720d5954562b0093f552b05ae0c7b746a0ba,CLEAR,DAYLIGHT,DRY,DISREGARDING TRAFFIC SIGNALS,2.0,23.5,4.0,4.0
09681ab8d073ba17dcb6047be87d28f3158f3b7c681685fe30d35ee0d705514886245d5262a3b3968f8500944de7dc5a4b9486126d94e81a86c8ea239572a57d,CLEAR,"DARKNESS, LIGHTED ROAD",DRY,FAILING TO REDUCE SPEED TO AVOID CRASH,2.0,25.0,2.0,2.0
09682a7217f47deeb7c248b955dd6cf1f275353afd1daedebc58ac16f60a938023b786eef6866d738d3acb7f23e3f2e64e3ada4332c7b1344dc84ea6a746e158,CLEAR,DAYLIGHT,DRY,FOLLOWING TOO CLOSELY,2.0,52.5,2.0,2.0
096845d971875d242c44ce1140e1b062a215c239819554685f4dcd36b304823e11c0b6d1c3f417a1ed10bf422222219e15b360bb265358e3d50457a1a61b33b7,CLEAR,DAYLIGHT,DRY,FAILING TO YIELD RIGHT-OF-WAY,2.0,34.0,4.0,4.0
09687987b252aa9985177b33c90639b717eafff7e3017a8e1278eb903b4f343759450b17330709bba980ffa2f25931bbe3a67b967db82fa059b89ddf2b0cbd78,CLEAR,DAYLIGHT,DRY,IMPROPER TURNING/NO SIGNAL,2.0,35.0,1.0,1.0
0968b57ca231d10258a33931044a7826f524b987a4d2452ac8d2d325ed04eccc4a495ba6971b2de70fbf7a6f23e4355972b3b055ac55d2a7693abf99d92a5019,CLEAR,DAYLIGHT,DRY,DRIVING SKILLS/KNOWLEDGE/EXPERIENCE,2.0,22.6,6.0,6.0
0968c3c3f3683622d15a39e29602eab1d919baa3fd9a320783f080ca5c386d0f4d12e35b5c4e191f7d0299be21d98fb769dffd7c59ea728dea056a43d9edf34f,CLEAR,"DARKNESS, LIGHTED ROAD",DRY,DISREGARDING TRAFFIC SIGNALS,2.0,60.0,2.0,2.0
0968de20f5389b46feaa2287a08ea73129f006d7b384a519190c4cf60feebd187cfb51118e05b32c5e422cab14b77e7ff625b49b93fc897f74be2397cabcabd4,OTHER,"DARKNESS, LIGHTED ROAD",UNKNOWN,FAILING TO YIELD RIGHT-OF-WAY,2.0,40.0,2.0,2.0
0968ebd1632638f20b76d8ee2a9da250685cbd79cdeda9ed9c8e6d9873f0940d62339cfbcc94bf3f650ea6b3fcae783ace012451f829069fba1c284df994c9c3,CLEAR,"DARKNESS, LIGHTED ROAD",DRY,PHYSICAL CONDITION OF DRIVER,2.0,25.0,1.0,1.0
0968f7f04c7db4c79149be776bb6c76ac8fd79603f7960acc02031f1152a4674a86511f55743d1c5dfa8668eec8fbd32b591904d8bcc7b1c291f87eb0083ba70,CLEAR,"DARKNESS, LIGHTED ROAD",DRY,FOLLOWING TOO CLOSELY,2.0,40.5,2.0,2.0
0969156c8d288d96b585214d3a0c8e5711c922322d1502d0e7caa8c87ec74cac8b78f055497440f26a8d5534a8bc945fa2feac84c66a8356898e84f05eb9e89d,CLEAR,DAYLIGHT,DRY,FAILING TO REDUCE SPEED TO AVOID CRASH,2.0,45.5,2.0,2.0
09693ba6c6b8eec4df699027665f02238d23414dab3ae8d5137c25058581da4e83862cce20a62527cc89d93a0521d3aae4fc217768c1796328965ce5a0b6f3d8,CLEAR,DAYLIGHT,DRY,FAILING TO REDUCE SPEED TO AVOID CRASH,2.0,33.0,2.0,2.0
09694d05ebd0919b38a06720c0f1fe237fcbed0374929159f031890bc77bde0c4446c0760d7778b4b01a46b21b01531e50776ddc1aa838d9e5502a2137254200,CLEAR,DAYLIGHT,DRY,"OPERATING VEHICLE IN ERRATIC, RECKLESS, CARELESS, NEGLIGENT OR AGGRESSIVE MANNER",2.0,37.5,2.0,2.0
096954af715a149b15bf841c509a40c31cf15f95a88b830529fbfe9d9f24e4b9028da0d47ca43bceaaf35d0fdc683145a3b0e69fa781efa0ea67b4737d3a6f57,CLEAR,"DARKNESS, LIGHTED ROAD",DRY,PHYSICAL CONDITION OF DRIVER,3.0,36.0,1.0,1.0
096990742db762c4dcf750824d943b5c87b46db4d2cdf380b3a4f1d66edd897a061c631555ed35ed004d9ad9b15e2ccbb6fbeacf68000a64e0d2cfc17abe2973,CLEAR,DAYLIGHT,DRY,IMPROPER OVERTAKING/PASSING,2.0,37.5,1.0,1.0
09699d968ac7e4d66a3669cd1db69c4f957119cc3f64ac6a40cf25c83db4d15f513ee3b6693bd2cb492a8c903054e73fc83ec0e8f6591577f893b870bf0b422b,CLEAR,"DARKNESS, LIGHTED ROAD",DRY,DRIVING SKILLS/KNOWLEDGE/EXPERIENCE,2.0,30.0,2.0,2.0
0969aa3718eadd7e40c5513cf53a5f35db7f6499117f7aab288528bc383aee5a705cd661a796444c280df8efbcd66755fc281e5b2663a1bd33f5aac5c15e89ad,CLEAR,DAYLIGHT,DRY,EXCEEDING SAFE SPEED FOR CONDITIONS,1.0,37.0,1.0,1.0
0969b9233383a759d70c52fabcd0e148d8dee6a3bf15b1642c716880954ebabd4e2b130a341de30cc21cf82329a53d1c6d45516ba370fde39f976de2c03274b8,CLEAR,DAYLIGHT,DRY,IMPROPER TURNING/NO SIGNAL,2.0,15.5,2.0,2.0
0969fe24bc0aab29e36544d7ae06be62fa15cc274dec59d50a83843054707dcc45d1e06d006f878b9f5c4a7441460c93b81e22de1312c5409f5a63b55e0bc4b9,CLEAR,DAYLIGHT,DRY,IMPROPER BACKING,2.0,37.5,1.0,1.0
096a147c178c609bd511bc5142eb1c0ed7ce2ac75cccf026f2685994ed4217abac77024764fa895a89371909989dbb12c239ab0702d7f30b277c50a9fba0bbb8,RAIN,DAYLIGHT,WET,FAILING TO YIELD RIGHT-OF-WAY,1.0,31.5,2.0,2.0
096a41aaca59736a1d7d39e87e5e9f0f0bc1354d8bbc15fffbeaf1ae815e9771368507d843519412af6ec1c92f2cf7dd46c770f3ce808b70644d7eb42c48cc8f,CLEAR,"DARKNESS, LIGHTED ROAD",DRY,HAD BEEN DRINKING (USE WHEN ARREST IS NOT MADE),1.0,37.5,1.0,1.0
096a4214d411391a0d5b7cbd1226fb9171c70151b1962eadac71b08cb75c2b470f1a2b9750c8e1dd88250b47574cbc950e51aa36dbeebd7088c3a0d580fc9e45,CLEAR,DAYLIGHT,DRY,IMPROPER LANE USAGE,2.0,32.0,3.0,3.0
096a5bc0cf18f357c08d338ca66f185dd3772b9bda15d661844e54fe62d74df6f36dc61f2fd325be352557993fa82f20b27b7d733352ffd1e2b546d1af0f6430,RAIN,"DARKNESS, LIGHTED ROAD",WET,DRIVING SKILLS/KNOWLEDGE/EXPERIENCE,2.0,36.0,1.0,1.0
096a6418c6680691eea0140718347f617aa27b98af49fcd23fb148151c588e76d6437ba7a85e4e285a7ed8567f2e75ab0140c763fde051d0d4abc11484b90bfa,CLEAR,DAYLIGHT,DRY,IMPROPER LANE USAGE,2.0,34.0,2.0,2.0
096ac550fe93376ea7201b2f85ee4e5aac4e5cbe4f790efed39598b98cff59eb2816148229dd4a6e75751be7cd2a9c4a801cae0169ab80be387f48fcbb88c501,CLEAR,DAYLIGHT,DRY,IMPROPER OVERTAKING/PASSING,2.0,74.0,2.0,2.0
096ad2acd6eb269c94a34aa3abc17d4403908b3d043d8cdb344487e697794ab5d54a95c616b2238cd978ba85dae2ac4f2b231e06505a60449bfc83ced1267521,CLEAR,"DARKNESS, LIGHTED ROAD",DRY,DRIVING SKILLS/KNOWLEDGE/EXPERIENCE,2.0,45.5,2.0,2.0
096adb7c50da007b17f42a6ad29b304467cf59d072de5b8678eab9437f0cfd3649c20720afdd8d169de18f485ca104d8c28130f2e639c9f57ffa05b53b560933,CLEAR,DAYLIGHT,DRY,DISREGARDING TRAFFIC SIGNALS,2.0,35.0,3.0,3.0
096ae21e30740ffe0c7a479128ae9cbe4f6c4b51876958a727242adb1f0814764748d6951fea3cdc1a6e8727e9fd93cfbb98de46e3fc57391029f748903c96fc,RAIN,DAYLIGHT,WET,IMPROPER LANE USAGE,2.0,51.0,2.0,2.0
096affda9d29c39166213512619a72806dce668fdfd2888c638e6ddc641980b7805dc9ba5ee33de7b388be9cd2974e1397babffe41985f5186f1e249fcb32b40,CLEAR,DAYLIGHT,DRY,FAILING TO REDUCE SPEED TO AVOID CRASH,2.0,22.0,3.0,3.0
096b241204be6128b98bbd73bbde483f35a3cf4ac0791fede4da8160bcbed8f9ec806b67e757197d40f72ea2017864acb56a35afb058d8b8f4ba3d9beb146246,CLEAR,DAYLIGHT,DRY,IMPROPER OVERTAKING/PASSING,2.0,33.0,2.0,2.0
096b2ce9e7069bc467ac344bb61ce78ae46e569603dc6e9b8e3a89d63b24bdbbd868c21a6822b9bce8cba841d51bc0a18cf1441edfa0669f31cc42d0fff397b4,CLEAR,DAYLIGHT,DRY,IMPROPER BACKING,2.0,37.5,1.0,1.0
096b55c28b07d4df8d0b6bf36751341db41b558cc4315f41e78a8260be93f277215c97d8127730045718ab7ef2ebd9842abacc9861a6f57c5707efe2c6960200,CLEAR,DAYLIGHT,DRY,IMPROPER OVERTAKING/PASSING,2.0,53.5,3.0,3.0
096b5eecf2a697c932582d3a387bd31a098451437350b18111bcf779da20ff4732ef3b29c57f26627b4fa4eb77e0fcb23532b6f2942ff2c2a6394ef6f38d0f0a,CLEAR,"DARKNESS, LIGHTED ROAD",DRY,FAILING TO REDUCE SPEED TO AVOID CRASH,2.0,52.0,2.0,2.0
096b80d0bafc056f49fef10050d9e46bd2419efde69e273cba7246b8465d2f1670259037977bbc9d4d49a0a2d6329225494e939563dfa5da10b8f805dfe9aa2c,CLEAR,DAYLIGHT,DRY,IMPROPER OVERTAKING/PASSING,2.0,27.0,3.0,3.0
096b845d668fa4549e4691a3d8aed4793bff356430bb558ce716b0cc76cda1e1d494415d31b7bf879165ecd405dcb85baacf443d2613a9d07bd60007b948595f,RAIN,"DARKNESS, LIGHTED ROAD",WET,WEATHER,2.0,33.0,2.0,2.0
096ba1fdffbbea23aba27d25dadb8ebd544c9f2014091409895a4273b8c030832a5848dd0d8358b0073646fd24ecdf409553d1a89a655298e17bfed2fe015cb6,CLEAR,"DARKNESS, LIGHTED ROAD",SNOW OR SLUSH,FOLLOWING TOO CLOSELY,2.0,24.0,4.0,4.0
096bd320c95fb837bb2fd79150eaed00384199079949a5b29b32074f88a8e2b21d22200e1c13093ae6eca59e801291bb0a944649d58a5ac30f27a98c00b9d2b4,CLEAR,DAYLIGHT,DRY,DISREGARDING ROAD MARKINGS,2.0,48.5,2.0,2.0
096c240893cb66a91de1edcea6e7720fd6f5c655db1062c9362c5002477813afb868305ebcd7c0014b27a43c494ee496f7b5ef0363e81f89a082fda7d1942f04,CLEAR,"DARKNESS, LIGHTED ROAD",DRY,PHYSICAL CONDITION OF DRIVER,3.0,21.8,5.0,5.0
096c383436c5d5267ed5415f0f82c596544aeab106226f9c34b4f95cfae95d524026b77ebd58885b45d721be2f8d00345b198f6209e2a2fb4c59b409f3c80789,CLEAR,DAYLIGHT,DRY,FOLLOWING TOO CLOSELY,2.0,25.0,3.0,3.0
096c42937cda15d6d06f6f876fb2a8d537cdb2cffd932cedf5f3522a65c8605f87a6c6bc17e54dbe8451b89ddfaf55931066309e9437202089af7bcf0e3b6233,SNOW,DAYLIGHT,SNOW OR SLUSH,IMPROPER OVERTAKING/PASSING,3.0,51.0,3.0,3.0
096c7a094c152e7c1768c6472dcc02cb653ecec4a28a9b505a4a69d63eefc9eb4869fb8855cec67911fe60e66bcdd8fdaff45ea4584240fa8e331f049a843e7a,CLEAR,DAYLIGHT,DRY,IMPROPER OVERTAKING/PASSING,2.0,34.5,2.0,2.0
096c8661df48a93f453436580c3b3c729dc146e7f2795109d7db44cb6cb61b0aef1293f4a182871f315a57e76dcddf27936aa449718c9a56db8ac836be33e977,RAIN,"DARKNESS, LIGHTED ROAD",WET,IMPROPER LANE USAGE,3.0,36.0,4.0,4.0
096c8b83030c0263de48ec2deceee4ed8cf381aad155b7611f10ca5e7174c3930d08d8328421b1917fa6324831c3b3d41e6faf1bd3ea0af8af383c089e16231c,CLEAR,DAYLIGHT,DRY,FAILING TO YIELD RIGHT-OF-WAY,2.0,54.0,2.0,2.0
096ca504ce4b365e34a265e8f3c2e2fba006f430cde26f22bd16414386dc2baf7a3d2ff0a8ef2f928bf710efc51d879a8ad072d7b27bd0a46cc9b2bb451502ca,CLEAR,DAYLIGHT,DRY,FOLLOWING TOO CLOSELY,2.0,51.0,2.0,2.0
096cabe542d12b5b04b40c9819932ed1f16cbb2c4955a663ae2f2f2daded8d0674028876e573fa7d9f669080fa25011b97492b015d6911fcd5ddbeab0691ef36,CLEAR,"DARKNESS, LIGHTED ROAD",DRY,DISREGARDING TRAFFIC SIGNALS,2.0,27.0,5.0,5.0
096cadcb1282f784576bdee516e1ba9fe949266dc1bebd6446703c4d8cdadda7367b5b5af07a9087c48d51d56a3736b98a69594d35bdbdb507ed78c542b58579,RAIN,DAYLIGHT,WET,FOLLOWING TOO CLOSELY,4.0,22.857142857142858,7.0,7.0
096cbab4afd0703a562408597573c223e0a87196b1c264fd1e9756575a8dd8bd433bb44d8e20ea8a7cafd4f4a9aba74fd4f22b57bedbd40ff4afe57dbcfd32eb,CLEAR,DAYLIGHT,DRY,FAILING TO YIELD RIGHT-OF-WAY,2.0,43.333333333333336,4.0,4.0
096cf9ac57f54f9593b7852b309594efbccc849cdfde5e7a8c41b9ae9524cb4c4718d2bd4faa818c80942c107be2ae6e0b6b78f1f7bf81f1a9ca6d6dd7b21438,CLEAR,DAYLIGHT,DRY,IMPROPER TURNING/NO SIGNAL,2.0,35.333333333333336,6.0,6.0
096d26024590612cea031855e6b0d2eb23e2070170f378f834fb241a8df3f85fd625a4753c2367791fc35dcf9834d6ece9e8fe244a0aa408d03d1f2ff965f40a,CLEAR,DAYLIGHT,DRY,FOLLOWING TOO CLOSELY,2.0,51.0,2.0,2.0
096d3f9c7d3ca85172dbe270c71624ad106c5d56df90fe44302f03017384201276e28e16a1ad08d5074003cb317de63e830a3cf4b4b5f4f76a6437fcf0fd2ba8,CLEAR,DAYLIGHT,DRY,FAILING TO YIELD RIGHT-OF-WAY,2.0,30.0,2.0,2.0