crash_record_id,weather_condition,lighting_condition,roadway_surface_cond,prim_contributory_cause,total_vehicles,avg_driver_age,total_people,total_injured
096d50bee0ba41ab69b6279588fe08d2a62bb772d8c4a82b713d6081cea13539ed429761f9d86ee3a7cc25a70763e047549b9c4683f735861001d90ea890405f,CLEAR,"DARKNESS, LIGHTED ROAD",DRY,IMPROPER LANE USAGE,2.0,27.0,3.0,3.0
096d63da4fa15c6247b71afd101b1f6a40c4685271bf01a4bb37b59459d215a62aa9c6b9342c08a8b8198407e27d107f9a12613a51340d610ecf60a9174be199,CLEAR,DAYLIGHT,DRY,DRIVING SKILLS/KNOWLEDGE/EXPERIENCE,2.0,49.25,4.0,4.0
096d6badf5d73a1dec6f32c8c04416612f4c76d8ecae7caa189b283253900390654c9aed55da88ee46bc7f8afddf890686dbde9aae246555ccef64273783a986,CLEAR,"DARKNESS, LIGHTED ROAD",DRY,FAILING TO REDUCE SPEED TO AVOID CRASH,1.0,16.666666666666668,3.0,3.0
096d74dbfe3ec2c5548a93ec35d3f3f8a5c0332ff3ee30fa2e669d743cd39151c75e279b087411c798576107f75a0e9261e51c3ef2cc20a1bce1f125cb20d3de,CLEAR,"DARKNESS, LIGHTED ROAD",WET,FAILING TO YIELD RIGHT-OF-WAY,2.0,49.0,2.0,2.0
096d85a5427c77d9597e77e7e354f55c3410b4db31aefb480d4cffa34ca67a7d48eab60cefb53511fc75e8837efff408d35ac4f11ea140abe22a64f4d786d205,CLEAR,DAYLIGHT,DRY,FOLLOWING TOO CLOSELY,2.0,48.0,2.0,2.0
096d994367332dc89b383029547966a94ba6839cf6c4bd8db8d19943a18c6f153791ca3eb02daef821bc0b1b33a12fd6c4f565eb01c4dd0f021007141d82c4dd,CLEAR,DAYLIGHT,DRY,IMPROPER OVERTAKING/PASSING,2.0,33.0,2.0,2.0
096dbb7e7eb1ab5ad1ea42e024e2ddb4ca5062eeda0c39001042795dd5f24824bf055d36f2644868ceb951ab0ee5a8940c0fbe75a909ad6b4030d6b06f99ca23,CLEAR,DAYLIGHT,DRY,FOLLOWING TOO CLOSELY,2.0,31.0,2.0,2.0
096de49eb7c1edfdd2df98e9b85d4ac5eabf327a998350f12176db843cd8d797cc037cfa73ad08da00379a4a770dd2e472b1fb604ea21ac58952f4fa7511212e,CLEAR,DAYLIGHT,DRY,IMPROPER LANE USAGE,2.0,51.5,2.0,2.0
096e0029c2570a6141e7b0d8934f54af2aab4f7fd023f2404f94924c0903bb145f746050f951ed65e120c18a46df8e30787d086c30fbea7a0992533c75871473,CLOUDY/OVERCAST,DAYLIGHT,DRY,FAILING TO YIELD RIGHT-OF-WAY,2.0,74.5,4.0,4.0
096e1d72cc6e07cc81ef91d28efde4f7010d446ea56ce548e571e7b7baff603ea3eaff4c7b9344ce7042938908c559f8b8a52f29d52f9edc5c14f5b1bccf5607,CLEAR,DAYLIGHT,DRY,IMPROPER LANE USAGE,4.0,29.333333333333332,4.0,4.0
096e598404e2925a8b3bcaa0ee1c45dfa80bfc7e8bf8f30510cc39ba142865471cbf3ac04e8e7632cb10df5f82b5107047d76fc06e8edfb5b48b9d41cd0b489b,CLEAR,DAYLIGHT,DRY,DISTRACTION - FROM INSIDE VEHICLE,1.0,37.5,1.0,1.0
096e7cf2057d641bfe9d9f2305413e311f4cb25cf5f64d0a3e2bee523d311cdfa257bc8866aebe8f566e94e276f7712e5c6096ab7260d788597c8f533a494707,CLOUDY/OVERCAST,DAYLIGHT,WET,FAILING TO REDUCE SPEED TO AVOID CRASH,2.0,61.0,2.0,2.0
096e874e0510e38997119238d2addadd84bd63ecfdeee5c3dbe9e707399249a511a77900b4804f1b1486a9a89f6e2f32149d36887641fbf8a1ca52e363088352,CLEAR,"DARKNESS, LIGHTED ROAD",DRY,IMPROPER LANE USAGE,2.0,28.0,3.0,3.0
096eacc19d16779a1c63e1ad7d5b803d14593c71721dc0fdb5a95431425ccad90e123c6fa3b16a7385fe1866cb540dd7cba2fee37bdf4c5fcc804a71e1968780,CLEAR,DAYLIGHT,DRY,FAILING TO YIELD RIGHT-OF-WAY,2.0,29.0,2.0,2.0
096eb13776dacd4149143edaa3d5ec6d9f17748c8a247279e0caa2b49df55f101acd774e733f5694b16ea0255e560dff1f56db34eddf9639f4246a75c0a113bf,CLEAR,"DARKNESS, LIGHTED ROAD",DRY,DISTRACTION - FROM INSIDE VEHICLE,2.0,27.5,2.0,2.0
096ed74eaebbcd4e8d4a625c478c87464b555f49700a5d3acdc14d365e9246f27f3911ac644431e3c53e1784319c72f15db43937239227e7b78e5cb013ac32b7,CLEAR,DAYLIGHT,DRY,FAILING TO YIELD RIGHT-OF-WAY,2.0,46.0,2.0,2.0
096f732c41bf8b4825d2669c41dd4e855c82022cf9668befc6e5bd565cfae2b1b8be88c308a9f0ed6992d45236ca8828733cc3413bc137b7e90bfed19351a538,CLEAR,DAYLIGHT,DRY,FAILING TO YIELD RIGHT-OF-WAY,1.0,41.5,2.0,2.0
096fac95aeddc4a12ce318f05ceb6bd51d03101e16b14d93534ab8e0ff7c07a833203cd17552cb3e4365333e7220d06819630b42c02298f922ac85002e922c20,CLEAR,DARKNESS,DRY,IMPROPER OVERTAKING/PASSING,2.0,36.0,2.0,2.0
096fb8b5bd86ee1ec77e5f74ee123824fdfb64ea7f0be56bf2f5b1195db08bec31e3398310b80fcbabaf0610adb20194adeceaebd3c6812c4022ef03d6b6cc52,CLEAR,DUSK,WET,FOLLOWING TOO CLOSELY,2.0,25.0,2.0,2.0
097016e5d818e3f82ba1738274050f8416e59f9266aa8e4d5350dddf432b9b0d5d0f5e4a9166d7ed9ddb552af7f1223401ac0bf9056153aa55785c3856cf4cae,CLEAR,DAYLIGHT,DRY,FAILING TO YIELD RIGHT-OF-WAY,2.0,59.0,2.0,2.0
097027573b26b744573b2c53cd5c363d3f5df1fbb43c4371291856e978e64660b619f0ef4144779d80fe2ec9787b298a52e5f1bd14b37d242693cc7d57730e01,SNOW,"DARKNESS, LIGHTED ROAD",SNOW OR SLUSH,WEATHER,1.0,33.333333333333336,3.0,3.0
097028c0caaa4a26e5fd4266b94c687d9bfdf0270a80718f84d89c3be58bf970ed40bc5d384c79ff6aa9de49a3fba154798abe514886e6472efe47eaea8ed4af,UNKNOWN,"DARKNESS, LIGHTED ROAD",UNKNOWN,"VISION OBSCURED (SIGNS, TREE LIMBS, BUILDINGS, ETC.)",2.0,31.0,2.0,2.0
09703ec6c78ff9c5584531540307ae6cd2409ac77cd1cfe65c27b8d046863d8626e8290c4bb98629cf96c8fb4f6623e7d4ede9887039561ec2491005a400774e,CLEAR,DAYLIGHT,DRY,FOLLOWING TOO CLOSELY,2.0,34.0,2.0,2.0
097044e1fdcd128dffe0eee670efd54c52b52054856459b323b1caff2170c1ce714dd64db8c372586c9965ca16c776dd87c74fcbf8799fd413060ab829e02801,CLEAR,DAYLIGHT,DRY,IMPROPER BACKING,2.0,21.0,2.0,2.0
097049e50e5eb6179965097016605c42142a1265f0d7ef824b6bf2aa38508da73a92c7f2b35dfac837c92a10080cb0ebb01d56f1e8cbb83de73f0582785b0d45,CLEAR,DAYLIGHT,DRY,"OPERATING VEHICLE IN ERRATIC, RECKLESS, CARELESS, NEGLIGENT OR AGGRESSIVE MANNER",2.0,46.0,3.0,3.0
09708c248a882c33ceb93c06d090fbe91b8295b516686c53f96164b8a7810e129da4ddaaf3a16b173b39b13aa8e98c4622ac4f39f11fffb0e245a6ed021ae308,CLEAR,"DARKNESS, LIGHTED ROAD",DRY,DRIVING ON WRONG SIDE/WRONG WAY,2.0,41.0,2.0,2.0
0970bb277483b655bc2fdea9f7a6a185c380e62a4b36b91f844fb2bef6fa5bf54eca48a2f72a322bd6aff5cea40a7268be09b1fc9aff0c2802cc34b49ac3cf08,RAIN,DAYLIGHT,WET,IMPROPER OVERTAKING/PASSING,2.0,37.5,2.0,2.0
0970dc89e0d5c08b4c249f67fd28a6e95dd00167e98d3776cb88229a9d2e3bb3e9e9e1555c317b24e7d77f30605f93a29be53cdea010039eddd58abdb467d73e,CLEAR,DAYLIGHT,DRY,IMPROPER TURNING/NO SIGNAL,2.0,29.333333333333332,3.0,3.0
0970e97a9d3c50717db82087d16b1687eb34308aa532e219755b645fdc17b56bf678834ef066bfa0aa9fd30f91e618d04e47b06be18b4fd39443096cef85e710,CLEAR,"DARKNESS, LIGHTED ROAD",DRY,DISREGARDING ROAD MARKINGS,1.0,31.0,1.0,1.0
0970ea017571d85077a6a4cf077059709e2f7d0ed4d2fac4f13fb049b9bdc0c94cb0912c063616d5c1e4069bb042eb76e8226c75f2465fd56d5d1ad7145d5542,RAIN,"DARKNESS, LIGHTED ROAD",WET,EQUIPMENT - VEHICLE CONDITION,1.0,56.0,1.0,1.0
097109fb6cf9583a7e2cf2a0398e4ba245c8b52e05650627919a5c5044775ce35aeda22db434c265293ecd79fcf2c8f5889e2b3b9ed6dd21a956aaf41bc7f227,CLEAR,DAYLIGHT,DRY,IMPROPER BACKING,2.0,41.0,2.0,2.0
09711924560f8fe9a33d67c6994a4cd5fb933a3d166979d7ecdc0ac32e673f6860bc0355c05c162fe2519ac462c2d4dac6807ccc3dcdb1bf9c26e00aa0a58461,CLEAR,DAYLIGHT,DRY,FOLLOWING TOO CLOSELY,2.0,26.0,2.0,2.0
097147145fa33a9e0cab87d6424097431fcce7bc89c6381df2941000e1d67c188b2a1c95ed95c71e20a7e3972fcc9513afb0caa9cd8ec3cdc523fb4a18e6b4da,CLEAR,DAYLIGHT,DRY,IMPROPER LANE USAGE,2.0,30.0,1.0,1.0
0971564664e1ec6178cc3122423a60d9b89e9d5e63274fb17a93ec95e897d22befd3c6568c03973f0f7f6cb3aeee16d7248f210b16981ac23f7199a2ece9faf1,CLEAR,"DARKNESS, LIGHTED ROAD",WET,FAILING TO REDUCE SPEED TO AVOID CRASH,2.0,37.0,2.0,2.0
0971affaa0d980ce7566a3d86193e93123e5e59585ed4c588f45f6fd084ed30aaf4509a15e9a3b003210ebd6e14585365d539ba5cc5d6ff4e5eb5e974b68c7ef,CLEAR,DAYLIGHT,DRY,DISREGARDING TRAFFIC SIGNALS,2.0,52.0,2.0,2.0
0971c0e0b4c64fbbc11dc7795cfbeca2fecb3dccd6fac5fc06d94a0215c67166fe6461b5dbfe1772094c173172af0474d1ba14ea788ca2b89b88f550b5d5fe44,CLEAR,DAYLIGHT,UNKNOWN,IMPROPER OVERTAKING/PASSING,2.0,43.0,2.0,2.0
0971c9012f0aa6b4df9c66dae2bd0d63575da09059e7cd9cca8b4cf270277b477838bc8660e610d96a6d43ebcb6565ed028c1c2ff80fa2b68e7134a2eaa6860a,CLEAR,DUSK,DRY,FAILING TO REDUCE SPEED TO AVOID CRASH,2.0,30.0,1.0,1.0
09720121ae00adf41b7de2068a15bbfadaa2c9f0383d6d9b218a0e0450c2d808c9f255249aef74aa0d40b0eb5b4ec935c972215188894faf59ee8a503da695ee,CLEAR,DAYLIGHT,DRY,IMPROPER BACKING,2.0,48.5,2.0,2.0
09720a2a25f5bf1a72244828e566b75ae702eaacf5a00533562d4e870f8b1da175c3d1c62a3242289b00760ad12fb911f25eec2a3173a11e8e2e0c986f9408fa,CLEAR,DARKNESS,DRY,FAILING TO YIELD RIGHT-OF-WAY,2.0,44.0,2.0,2.0
097238cabf4fb6fcf40bc755776a54059ef6959331918ffa641f5068717797350589f2e191502971a5932d757115d77e89c83eb1fe6ed6ef814f5bca8a439120,CLEAR,DAYLIGHT,DRY,FOLLOWING TOO CLOSELY,2.0,46.0,2.0,2.0
0972783df82af921b9a4aece6da35ce6fc774470506e1ae519563d1ba4321e86b35030e91a8277b7f0fd9f1ca4936183fbfa6d6d5f1b02e07cc165d0b7a8d218,CLEAR,DAYLIGHT,DRY,FAILING TO YIELD RIGHT-OF-WAY,2.0,23.5,2.0,2.0
09728be46a522d8f8d73bdc5d7f397978f1dc29247f5dd8e0919d2a7cf9945a7a3c548a36d0eef39ee5e0c4746d837e529fbc69c301782ea0db4fb4e10eebcad,CLEAR,DAYLIGHT,DRY,DRIVING SKILLS/KNOWLEDGE/EXPERIENCE,2.0,52.5,2.0,2.0
09729f27a6ee39a1982f4659883d14c12e57a9703c8b74d08f2a1292c61bf13dc489b7988f1d3f4bc5e7a27404deab6f61449527abd8fe1239940e8b94eef4f1,CLEAR,"DARKNESS, LIGHTED ROAD",DRY,IMPROPER TURNING/NO SIGNAL,2.0,32.333333333333336,3.0,3.0
0972cd8bec8cbdb4bfe8b373e75518a130a940a5fec242790be47d54797b87f2bddabbea83fef2c59354f4711f6e417fee267d8539ca61a2e8093468e706600b,RAIN,DAYLIGHT,WET,IMPROPER LANE USAGE,2.0,29.5,2.0,2.0
0972e375f7b027c06bf191a4a79feae3b1d9357d6126d53b299045494aeadb92472eebe2e412762393222cebc76d33d17b2acffc624bcbeefb534c1a54347acf,SNOW,"DARKNESS, LIGHTED ROAD",SNOW OR SLUSH,DISTRACTION - FROM OUTSIDE VEHICLE,3.0,21.5,2.0,2.0
0972ee52b011d5728f606801ad157924535cfab87d2a7c472a54006970363b79d8e47f139e72fd951645822f775669bdccc033d2f239b81941cc50b0248002ea,RAIN,DAWN,DRY,FOLLOWING TOO CLOSELY,2.0,43.5,2.0,2.0
0972f9a0318739a892967ad59ec054ff406919416fee9dbc6c83531f3ac3e8852154042ae6e69f4ebcd468f59f7587a8cbcc7b63f8d1878d8bf73bd54e54c12c,CLEAR,DAYLIGHT,DRY,IMPROPER TURNING/NO SIGNAL,2.0,37.5,2.0,2.0
097300ccb2639f1d5435a3e31fa266e8462301c01d7ffcbd8efcdfc43eb4223adc5fe313ec603c8804aff661ffbc3e935ebfc98ecbfd2b07c83e1ebc37c40354,CLEAR,DAYLIGHT,DRY,FAILING TO YIELD RIGHT-OF-WAY,2.0,22.0,2.0,2.0
09730574f2b667f17b7243691013b931b2529a89810b25df7d16c62c48862fe06d59a0e8244d0afa2dd807b701a700a88d5c503f10126dd153e76ada5c96482e,CLEAR,DAYLIGHT,DRY,IMPROPER LANE USAGE,2.0,26.5,2.0,2.0
09734a6dd2a8de61afe8f490efd4a6a321da162c3d8da6d818c09cc9302247d5ebc7b844cebf60d7d7aa446efdb15204467d540f73d37d2f1ed1a5af0d355fd3,CLEAR,DAYLIGHT,DRY,IMPROPER OVERTAKING/PASSING,2.0,57.0,2.0,2.0
097362e76b77f7b777e6c4c5100cb41471c8a88381f88eed13f88fa6cbc4c0a1ce8bb6d6eb6cc361935f2581fb852537e0ffd590e9a2b80ca1bf0bacc638e676,CLEAR,DAYLIGHT,DRY,FOLLOWING TOO CLOSELY,2.0,36.5,2.0,2.0
097386cb34fe80e7c6174e212eed436d1d459eae9517823926e7ef4c776c92ac52e870cdf1b0f1c79d5eada41fca1987253de02e002c460922452127a1816066,CLEAR,DAYLIGHT,WET,PHYSICAL CONDITION OF DRIVER,2.0,40.5,2.0,2.0
0973e3db48bdfbb5ca3109de44692362a647504455d29ad5cf99bc101a29b17cd091f9feabbdc01de530fa42ddb4ab9da629201099de50ec849832b701e5b135,RAIN,DUSK,WET,WEATHER,2.0,37.5,1.0,1.0
0973e8d38a14b1bf84daabfad0f0fbbee1817e5d7ec047686529950388ead7c2a0877604a93779d2c9cb8c6cc776f82ef6d9087f8fc25350b9885a805d39c26f,UNKNOWN,DAYLIGHT,UNKNOWN,FAILING TO YIELD RIGHT-OF-WAY,2.0,35.0,2.0,2.0
0973f88d00c012cdd7a7eace7484268e9e80620f1fb43629bb7eae8bfb9aa26eac3e26b0383feedbff32e1a1550f28c4c58e373868529b15cd6f5800c043fc88,CLEAR,DAYLIGHT,DRY,FAILING TO YIELD RIGHT-OF-WAY,2.0,16.333333333333332,7.0,7.0
0974355ae8d10a804695ad5ee4d87750565ba1dc5d7bcd4dc2ea7d072e4a1783a6bea516909e7783430424f39f91d449dbcfe6fe638131b16685554ed1b73059,CLEAR,DAYLIGHT,DRY,DISREGARDING TRAFFIC SIGNALS,2.0,36.25,4.0,4.0
0974444330ee087ffded748ea7a7d80e3da258e328b17998d4ac7ad761959ef25f0abb4987a1c6019a9605ddf5ea784d8b7acf84f36a546a6589b38ba77b59c1,CLEAR,DAYLIGHT,WET,FAILING TO REDUCE SPEED TO AVOID CRASH,2.0,30.5,2.0,2.0
097449f232e58c705fe788a1f28c3f713a8cde9c0826adfd5343df9815cb6b99cff4ac84ccc009443edf0501e1093d2d1701e6fa806bd987d09c26f6de1537c3,CLEAR,DAYLIGHT,DRY,IMPROPER OVERTAKING/PASSING,2.0,31.0,2.0,2.0
097454e7fc4c4fe03e2ba4e646946b70a6cdd5c0fb841be2e51b9d7f3c46bd093e8dd298b72dac66eef9859a82a47bab6180d04aff7878eb57f6f392464b9f03,UNKNOWN,UNKNOWN,UNKNOWN,DRIVING SKILLS/KNOWLEDGE/EXPERIENCE,2.0,33.0,2.0,2.0
0974587391cde091f1a07376cf49d7877f596877b17ea7380d21751b64079e6b91e3982f7860b522d073d286dc0ac67d9bb9290b652d01a41c51ff5ed27d0a23,CLEAR,"DARKNESS, LIGHTED ROAD",DRY,DISREGARDING STOP SIGN,2.0,22.0,2.0,2.0
09747fbad50a0a5e0324da86cdbba34dd2ef74ee44ea4ade75bb974872e012a34d4a7cc9eeb43f157783e8e3dae2122cb845931abf82525ab3d25e8eb6f5fccd,CLEAR,DAYLIGHT,DRY,IMPROPER OVERTAKING/PASSING,2.0,35.0,2.0,2.0
09749cea153df64e1342405d0129c8699c20bdc2d4623ebd09f4cd679f76af51f3465f3ec84f6557681888b6a398437099f33f42bb9d4617fb99b77513338451,CLEAR,DAYLIGHT,DRY,FAILING TO YIELD RIGHT-OF-WAY,2.0,51.0,3.0,3.0
0974ed95ee307fa4984e8ea257fd52340e1ae647f5e70d76ca3f03daa96aa94d0b4244e67469f30a31b93ecd3fe90544c244cb92cc558c5631da15e746bd31f4,CLEAR,DAYLIGHT,DRY,FAILING TO REDUCE SPEED TO AVOID CRASH,2.0,42.666666666666664,3.0,3.0
0974fafcd563699738a9d54b348c54c94412db6dc3a67be8701dca57ae1f6863793a935743be1dede219ae301b4c76e940c333fa47b48b1ab6d199d0891bcf91,CLEAR,DARKNESS,DRY,DRIVING SKILLS/KNOWLEDGE/EXPERIENCE,2.0,37.5,1.0,1.0
09753343380504ac2436fe4a877ef573eef27150b06c4731ad52df763445bfdf9f03cf0e853b64746564bdb252b24c218c539ca2ed2c2912824d57387d5d1c83,CLEAR,DAYLIGHT,DRY,FAILING TO YIELD RIGHT-OF-WAY,2.0,53.5,2.0,2.0
0975c288c5903c7aae92ce4e167f1f6d486c8173d783054856030fef50e8933f34ffb308ac132fb6ed5d55e1bf2f3b0dcb4ad95d565735fe461eb29580ad591c,CLEAR,DAYLIGHT,DRY,FOLLOWING TOO CLOSELY,2.0,34.0,2.0,2.0
09766e1dbe5e99ca111befbea71a2a7a164d42396a6b7c2837e9e766a620f4ccccbae6b70e4f02685c23e422ecd2ee5fbad8115bd24429c12b244b27789fe835,CLEAR,DAYLIGHT,DRY,CELL PHONE USE OTHER THAN TEXTING,3.0,48.0,4.0,4.0
09767791ea2e883de8bb9fc3a135a9585a3da5bb19e11563e678df1ef802181e345d214b4b9636a1a95fcd8ce742e04afe5478a556b6b94c21f386d25c271037,UNKNOWN,DAYLIGHT,UNKNOWN,FAILING TO REDUCE SPEED TO AVOID CRASH,2.0,48.0,2.0,2.0
0976ee065c29de6f16be75233ca94c059f7de7b6fbd92f6f853880f89cab0f08463e6b0172635de624b3126e981c6caa5b888ee8cd80ed1ae991332a50a4138d,CLEAR,DUSK,DRY,FAILING TO YIELD RIGHT-OF-WAY,3.0,31.25,4.0,4.0
097704d02e1502a8c8277250a65dc1e86abf7dc343c97f2fc64747e2e71f87efca652a26f6e30fc6a06ac77333be07e9694cf4c6669db3b38c25a92f77a7a173,CLEAR,DAYLIGHT,UNKNOWN,IMPROPER BACKING,2.0,33.0,2.0,2.0
097714790c6b41ed3110b8746c1b2ee96efa57ccf4dcf441e6b4e5ae9cce14d1b5f1b821cbe3d6ef9aed09909477d38ed270cafdcd915d255560a07acecbd43d,CLEAR,DAYLIGHT,DRY,FAILING TO REDUCE SPEED TO AVOID CRASH,2.0,41.0,1.0,1.0
0977152fa934d5538139d661bf10c49e9af62a069e047fdd35b24a87efee3baae2ee60fb570b6612b3692fc73aa7ffc3171624bafa25e2f20bea89c384ecd13d,CLEAR,DAYLIGHT,DRY,DRIVING SKILLS/KNOWLEDGE/EXPERIENCE,2.0,37.5,1.0,1.0
09771f1676bad066c25b6b0567ff8c42fc76612a46266162f2843e77c34ffbe0a4c73c58b996a3e37d5de697d004fddce45e1b1611d709da9b8c799a38ce5daf,CLEAR,DAYLIGHT,DRY,FAILING TO YIELD RIGHT-OF-WAY,2.0,24.666666666666668,3.0,3.0
097739710a38ffcf821cb0ba13a489f78bd2da80b32bc091aba0a475a08253c69c0cc56f40fe954af3579acae8e6209bbb014333df5caceb1b9eae4f4a17b11d,CLEAR,UNKNOWN,UNKNOWN,FAILING TO YIELD RIGHT-OF-WAY,1.0,22.0,2.0,2.0
09773f6f61d5850f5ebda836d4c332c71be6ffc63c5f45ed0fa91950958b4dcf5eaa4ad02a9e48d0fa4bdef0f8c3c757044d22e106c6ff67f7aea7bc5e2565b0,UNKNOWN,"DARKNESS, LIGHTED ROAD",UNKNOWN,FAILING TO YIELD RIGHT-OF-WAY,2.0,55.0,2.0,2.0
09776a392782b3516d1455b15f899bf44f8198677ddaaa305406bdd94fdc6f76ab8d3f1ecdd5a82288a7de5641095fe4c70535125df07a6763ab9670ad366df4,RAIN,DAYLIGHT,WET,FOLLOWING TOO CLOSELY,2.0,61.5,2.0,2.0
0977a7c87bdef83e60903bff764377a319e67bfa8a8179586c383cd21292a9f079c951a34885e7a4e9bea4454ac496159d0a896de304f9a7513bba892d187452,CLEAR,DAYLIGHT,DRY,FAILING TO REDUCE SPEED TO AVOID CRASH,2.0,62.5,2.0,2.0
0977aa13c932e433a470e2382b30c57b281b6816c818fecf17e9281ddf0c84abc677e7ad55ecf2413773bb963c2215c75eae2d471508452eabde63d2297da65d,CLEAR,DAYLIGHT,DRY,IMPROPER OVERTAKING/PASSING,2.0,59.0,2.0,2.0
0977aff568c5a6bfc5864f3bfd417ee8d198fe88867cac5e59dbbf8bb86fe21dd78284a93dceb0cebab38b13375118726f50a8a6a6d0a8d58ec509d2c00ffb6f,OTHER,"DARKNESS, LIGHTED ROAD",WET,WEATHER,1.0,31.0,1.0,1.0
0977bdebc6a0478ba065adca5195c962c6792d0a466bea31eadbba22d841799268a0cb4ed314bc32e2253cbecef5f18291809f2aeb43d20f2ed74d758bafd278,CLEAR,DAYLIGHT,DRY,FAILING TO YIELD RIGHT-OF-WAY,2.0,71.5,2.0,2.0
0977d9b0821e47186591c48483f0dd30c39d17a88d57931b4cfefb2913ea8da31eb7736aea14fd3c39ef65ef9c69b8d67dfe253c780b69265119b82bd64f3cc2,RAIN,DARKNESS,WET,FOLLOWING TOO CLOSELY,2.0,23.0,2.0,2.0
0977e0ef7dbf2629d50ee5a7c2b2870f81ba65883ecb258b6bd83b9734544e6c307dfed0b90570238b902d390301acc8ccac04d4d9030a4f0fb905739fd1ce16,CLEAR,DAYLIGHT,DRY,DRIVING ON WRONG SIDE/WRONG WAY,2.0,30.5,3.0,3.0
0977eaffda801a9185997a95581d8240b5f2ac77c62d68e6c7bb97a9c913fc07ec10efe214bf3ec9720e7e0fb7bb9218dcde68e858de7199d39032c80d051797,CLEAR,DAYLIGHT,DRY,FOLLOWING TOO CLOSELY,2.0,43.5,5.0,5.0
0978141e6424e5507567ceac9e0b49517b1cb7b3b0832ba734f01e8e27db01d85df6bf6130fd80d710de79ce267aba052028b5f98111c317c1d0daac076f1971,CLEAR,DUSK,DRY,FOLLOWING TOO CLOSELY,2.0,37.5,1.0,1.0
097815ff65cb2b52b6d5b4a1f1cfceee162d5e6569b46d89e2a9fdb0a54a9a8414c9edcff51632ac37d9144a611926ef5848084052339f9b28872338fd21fb51,RAIN,"DARKNESS, LIGHTED ROAD",WET,FAILING TO YIELD RIGHT-OF-WAY,2.0,40.5,2.0,2.0
097826d49333742cea383fd07c0b2a07878ebd2f844189b7df569218a8a6e5427a581a4671b55c3d719d85943a728e914987d6e60f83635f35287d4b144432fc,CLEAR,DAYLIGHT,DRY,FAILING TO YIELD RIGHT-OF-WAY,2.0,38.5,2.0,2.0
097852b74773edefc29e320abd434c0c80b8d0b9494dd88c06bb2d8d0887593ad3b3c38f1400412f679ea65685b40cb12f8ff35e29f66f2c8f8eda6592b421a2,CLEAR,DAYLIGHT,DRY,FAILING TO YIELD RIGHT-OF-WAY,3.0,35.0,4.0,4.0
0978703a0b0cb479d84607adf86ab64166972bbe5c095a33b3cd6d510aac7e0084b9822b2d337d5ae70f721ea1ba9c2aa570c325b4d54543b2565ffa956faf1c,CLEAR,DAYLIGHT,DRY,IMPROPER TURNING/NO SIGNAL,2.0,52.0,2.0,2.0
09787700b3738a17c4255db3f20be3d4e1e01c0b382ba4dcec6b4e80b98dcec604fbfa5d334bac4fc12b325cb780656d105d2737b4536acd072b6a0608a46194,RAIN,DAYLIGHT,WET,WEATHER,2.0,36.0,2.0,2.0
0978cc20dd2636eb69ac14f8430962e9bfe8435af77cadbbf0ecf408cc6daaffdbeb19be4563c7e25252b0a0b71a22228ef1bc8c8a4f593db1d636c1b1ff8f88,CLEAR,DARKNESS,WET,IMPROPER BACKING,2.0,37.0,1.0,1.0
0978d47c8fe0afd7aa06acd608a9d008f53a08bc3a5cfa292cf954f73551eeac7804992e55e2b55b84726a2a7395ef34e4176a1c1c7f191ffd079d0f2c24ab93,CLEAR,"DARKNESS, LIGHTED ROAD",DRY,FOLLOWING TOO CLOSELY,2.0,34.0,2.0,2.0
0978dfc3ae814392a34369ff662396f847f0c248cf974a31ebee0fec1d3712ad9e7bddb2f2ffc26d21ea746dabde0fc0ef2ebfc370a52e30fe4534aab5411257,CLEAR,DAYLIGHT,DRY,FOLLOWING TOO CLOSELY,2.0,36.0,2.0,2.0
0978f6c8f137ffcf88a6a2d688270ff1e423586664bba53d7865bab859d0bd32f70709e3a068f237f0c4f02b804fbea5f51f0e61259de5a67db790ae7904df3c,CLEAR,DAYLIGHT,DRY,FAILING TO YIELD RIGHT-OF-WAY,2.0,72.0,2.0,2.0
0979036eb0c0357639b498dd1e52d3f7819beacfa61474f07622ca98fb413daa53485a102225045a771d3d7a842cf8aff244be992f95e0cf2f11b587c8b9ad3e,CLEAR,DAYLIGHT,DRY,FAILING TO REDUCE SPEED TO AVOID CRASH,3.0,44.666666666666664,3.0,3.0
09790dc28e5e78799f9dc639b843eb42474441bf9060038a8bb71bc35e2fbdb4dc0c91b64355047d2a08203d493ec671bf4b09d1241d757c87ab53f9110e2130,CLEAR,DAYLIGHT,DRY,FAILING TO YIELD RIGHT-OF-WAY,1.0,37.5,2.0,2.0
0979440fcd827f715bc0c09e8ee78ef370ba19c99bb50dcf5e5b13a80b98513183caf9f8cae3eb19b2c39e42762541dbb25a658a5ef0f38b1bc5eb3dd0cc3aa2,CLEAR,DAYLIGHT,DRY,IMPROPER TURNING/NO SIGNAL,2.0,33.5,2.0,2.0
09795cf5d1556fe65de356e8e44a8e4211b80415ec2c48b3b0478942999872bab5aa85b9a20e6eba8b67d104fb5dd4f2e9c97bafab18b399ae354e9d26af7bd9,CLEAR,DARKNESS,DRY,FAILING TO YIELD RIGHT-OF-WAY,1.0,58.0,2.0,2.0