crash_record_id,weather_condition,lighting_condition,roadway_surface_cond,prim_contributory_cause,total_vehicles,avg_driver_age,total_people,total_injured
0979641a6c9ab2ce61faf4ef96d7550ed7687b54769b6eb5d92328d0a4ed50ec15122da4ff3c9e483b75cd9b9bbcb454de477673a48497971bca8c3aa567ffb8,CLEAR,DAYLIGHT,DRY,FAILING TO REDUCE SPEED TO AVOID CRASH,2.0,40.0,2.0,2.0
097977b704ae01b12b3db98bfddbbb9541f92dc743ed46cb5318185601f3e37511bbef0e38c9b37e97fd90f45b9031c5f34081486b77873ac1f8e297d93366d3,CLEAR,DAYLIGHT,DRY,IMPROPER LANE USAGE,2.0,42.0,2.0,2.0
097989b266ae48b7fb86157ce2c015bfe42acfb9d83d057d8cce18d1c1d0b29681fa2263270a92bf78fcd1d5b006d852fcb95a2d956a3d66cab1e5e4c01653a2,CLEAR,DAYLIGHT,DRY,FOLLOWING TOO CLOSELY,2.0,45.0,2.0,2.0
09799effd0590b32ab92fa58792663e694f2d9f77cad991b35bda0d1a6d8573d3a0456b65d19ebea53a242d7584e438f1f5c441a5586e22035d0fc30fe0125e8,CLEAR,DAYLIGHT,DRY,FAILING TO YIELD RIGHT-OF-WAY,2.0,62.0,2.0,2.0
0979b9cef8913e03eeb35fd0e039b60adddc6c665678b5d2b83c863b89d55782862cf463f2bd7bb30f92f96bf1b44c2888571d6fe1057ff96a19add95739ce0a,CLEAR,DAYLIGHT,DRY,FOLLOWING TOO CLOSELY,2.0,52.0,2.0,2.0
097a1444a0dad27c07bbc0995ef9a614b2a7947ece18643236cc5e3815e57fc6bd10b09f15f6fd1172622ffd2415d14aff417829a78478c2f3dedf73b14cb4d2,RAIN,"DARKNESS, LIGHTED ROAD",WET,FOLLOWING TOO CLOSELY,3.0,34.666666666666664,3.0,3.0
097a21680f44a46d25f72e2b446e4401731618017a9a98d53c2e472ab44c25b56d0b6e1f03a2963e7625dd54df451441d99778dbde619670139da4927b442f38,CLEAR,DAYLIGHT,DRY,FAILING TO REDUCE SPEED TO AVOID CRASH,2.0,32.333333333333336,3.0,3.0
097a3b04274f0f3f23c67fbccf131eeb92ca3481a093052433eea41627679793f5a78112a7e9a60007ceb927d6cbbbcec6b45174e21f9fe54da8ad4a01e5c584,CLEAR,DARKNESS,DRY,DISTRACTION - FROM OUTSIDE VEHICLE,1.0,56.0,1.0,1.0
097a44f3e52fba45010951b50ab7ce818e111d18d3b9eff265f5bd2a286b497f3317d5077196f7a38cfba1454f16d08734455b7ed05d03edb8c89140887dc3cd,RAIN,DAYLIGHT,WET,FAILING TO YIELD RIGHT-OF-WAY,2.0,22.5,2.0,2.0
097a6d0655e8deedcef43fb912a803a9cc6f378aba2079a5923278d237dd037de5c05f502b028177bf30038f1643284d3769fd0cc458872d6ea9cc64b34a7cfe,CLEAR,DAYLIGHT,DRY,DRIVING SKILLS/KNOWLEDGE/EXPERIENCE,2.0,47.333333333333336,3.0,3.0
097a9ec7f6ef61130524204dd5ccef4dfd87a1fb0484b1a4db0a7c05e001e525e2e60090d29c38219424d216395f9cbea8b40e14f8b42b4292c0ccd41499146f,CLOUDY/OVERCAST,DAYLIGHT,DRY,IMPROPER OVERTAKING/PASSING,2.0,32.0,1.0,1.0
097aa66bde23df6b0be159562eb1e901ea24f099fc1331d7208ec611a31c1636fa27fa617cc51e1bdc36f2aa59cd34c34105047e9e512d19fb2ececd337b80f5,SNOW,"DARKNESS, LIGHTED ROAD",SNOW OR SLUSH,WEATHER,2.0,37.5,1.0,1.0
097ae79da7f536bf83e96973219e33e84866fe9d77c19240542eee50d51d96ab74d85b53eb63cbc98fe4f7045336e4c5dd9d7ad20c482eee8e4ac98953dec5a7,CLEAR,DAYLIGHT,DRY,FAILING TO YIELD RIGHT-OF-WAY,2.0,32.0,2.0,2.0
097ae94cea966eaa5db693c9cbdf70de8610bc41d3f145e583df49617ca947bcd7dcfa304f7b440ac8c84f7060dabef6ad61a34ff08b849d7c5a15501d8adcdd,CLEAR,DAYLIGHT,DRY,IMPROPER LANE USAGE,2.0,61.0,2.0,2.0
097b2a27a21c21a46814862835c756844efc8472f312ba61b6cddcc843a0dcd914a71f54167a26690398dc17c10eb44c4151476f8ee6517941afbe73ff29e045,CLEAR,DAYLIGHT,DRY,FAILING TO YIELD RIGHT-OF-WAY,2.0,34.0,2.0,2.0
097b4f4ce20d9351c8181ed6bb65d864287c5781f2e3c59c72e6ea5827bb57b81f4410d7d1d20704d4bd193fc540fd582778eb955f399ce2487195ec6f006ace,CLEAR,DAYLIGHT,DRY,FOLLOWING TOO CLOSELY,2.0,42.5,2.0,2.0
097b661519954105f999e037bb9fad837716cd86025ee6e3f618a580ac6d39ce751a05071251db6f80f78e3de087bdb467b37189307c06e096d541fe64152fe1,SNOW,"DARKNESS, LIGHTED ROAD",SNOW OR SLUSH,WEATHER,1.0,61.0,1.0,1.0
097b8b848d15a5c8f9eaa8966d5e2d0aa0b7e74806ed5ca404cd19fb253978d13539870788c3d08c225dd1b1dc2f18f82b7648dc2119ecae38af300def416210,RAIN,"DARKNESS, LIGHTED ROAD",WET,DISREGARDING TRAFFIC SIGNALS,2.0,19.5,3.0,3.0
097bbd67cef2d28ba126403ad46a84543a8dc374a1c9581f4ac31e7ff1793bdb2612bee6a8d57086d2ab5ad86350fe659ee413584c5f3db8eaf115f838ed5675,CLEAR,DAYLIGHT,DRY,IMPROPER OVERTAKING/PASSING,3.0,23.5,5.0,4.0
097bfbe8f2c8e8b80b9162d6f9beddc12ec81841e0b54b3e59b3b0ab34de7155e832d67b939607fe856e528cb1be05affe387da5956402f7e0b8dfd65a34d664,CLEAR,DAYLIGHT,DRY,FAILING TO YIELD RIGHT-OF-WAY,2.0,18.0,2.0,2.0
097bfe49c79bd6b257684bf2b1e1747ed2dd58146f23fe6a05552e8b9029ce049099cf7b2585bb0174407b40108509431d6900fedbc027f36d8fa0716b7ab4b8,CLEAR,DAYLIGHT,DRY,FOLLOWING TOO CLOSELY,2.0,45.0,2.0,2.0
097c02eca6211f7d0cd0990c73345c1e7506d99534a6b0e5540318d91ca2a86e54ffee153cf1b44cc78c6ce2e2715abd4ee4acdb266a2a87644ec2a8dac5d0a5,CLEAR,DAYLIGHT,DRY,IMPROPER OVERTAKING/PASSING,2.0,19.666666666666668,3.0,3.0
097c10fd34d4c11b4f1194acd05750db1ca2588c18e5e640d952daa7b6a6ff9546a2efc24ef5e6d4dbff54fcdcfe927aa22e94ba2321b5fe095efc813f27fcc4,CLEAR,"DARKNESS, LIGHTED ROAD",DRY,"OPERATING VEHICLE IN ERRATIC, RECKLESS, CARELESS, NEGLIGENT OR AGGRESSIVE MANNER",3.0,24.166666666666668,7.0,7.0
097c1d38860cb48617441f013dd53d7535baf7507c07c660c1509fef2b2efc0da586208968f799c2d9c3b609aebdb64402d573ffe699ce70d6fb6e34511e1aa5,CLEAR,DAYLIGHT,DRY,FAILING TO YIELD RIGHT-OF-WAY,2.0,40.0,2.0,2.0
097c29e14c912d53d84aa1d8b7af50f54fb25f1dcb4ec29f266d36efbfac4f1308025ebccdc7e0a8e7ef26e7b306b34c19f4303d16297015fe4096cde6842e0f,CLEAR,"DARKNESS, LIGHTED ROAD",DRY,FAILING TO YIELD RIGHT-OF-WAY,2.0,23.0,3.0,3.0
097c41c766b92babcfbcd32c1d23f8578d79799cc1172c15ae007868a9c3ab50fdd44ea3528e3c93a0ee9c02355bb07b0282643fad8a608de8feb69e1eaccf70,CLEAR,DUSK,DRY,IMPROPER LANE USAGE,2.0,37.5,3.0,3.0
097cc62e07dc68658d368010766e2ca70cea6c280b1de06a52000189f2089fe195bb08fe8482d9deb788900b87a63ac4f572d38c59f0ba39e13101c721f39a2f,CLEAR,"DARKNESS, LIGHTED ROAD",DRY,"OPERATING VEHICLE IN ERRATIC, RECKLESS, CARELESS, NEGLIGENT OR AGGRESSIVE MANNER",2.0,33.5,4.0,4.0
097cd63519d17c54080c24ed178626777ac5fb55ce52bc52481bc8dc1726248739a487a9449623996efd74e22c692c52c5dae4f3a10d7468df7b6269d231f9a1,CLEAR,DAYLIGHT,DRY,FAILING TO YIELD RIGHT-OF-WAY,2.0,37.5,2.0,2.0
097cdfef1d792cb511382f46b52da695a63b2a0f6a4c202ba831728291757bd9e3866541740650802a8d4e29ee487101f0fe6f8bd79aea9fb1bd4ff10c7aacd4,CLEAR,DAYLIGHT,DRY,FOLLOWING TOO CLOSELY,2.0,43.5,2.0,2.0
097cf71bf6aa7e388e9f87e57cd1c3a07f2a847f18228d7ce0cec8ef79f0884363020df180e48ac602269ca918ef40a11392575923464eaa27e7be99fe726949,CLEAR,DAYLIGHT,DRY,FAILING TO YIELD RIGHT-OF-WAY,2.0,25.0,2.0,2.0
097d1002d7c11aafb1ce0f38513914c8e29c37a3f8b0711e2e1bee7c205428b56c8ae34a7f249335ebb0907ec8171053c429c4a5cd3c73b3a2384a16aee742f5,CLEAR,DAYLIGHT,DRY,FAILING TO REDUCE SPEED TO AVOID CRASH,2.0,27.0,2.0,2.0
097d2eb3229dd99b9e93e31723b894c68d83ce01f2204f86e9d9fc13f28e4b328d422a0a062cfd47ec97519d4f564a70e010cbd13d89ac10ccde8cb796ffb23b,CLEAR,DAYLIGHT,DRY,FAILING TO YIELD RIGHT-OF-WAY,2.0,56.5,2.0,2.0
097d4db8f48a8266c6a4442832e28b4d8adcdcaaf4f1957a3d23c6f2ee7d9cf5be0b7c579f0a52834be60d9fcf971f89d26afa1f1e6431c800bccd64aa85237b,CLEAR,"DARKNESS, LIGHTED ROAD",DRY,FAILING TO REDUCE SPEED TO AVOID CRASH,2.0,21.0,2.0,2.0
097d5fc55cfd3e0c9972ed4be2e03e68a1293df9b5b5413f21f11877b73c3e1124f9a332c076dadca606abc289ff360ae8a3d5fd3817c9b18326754d319ca40d,CLEAR,DAYLIGHT,DRY,FAILING TO YIELD RIGHT-OF-WAY,1.0,44.5,2.0,2.0
097d658684399063fbbd375f4210a0bd1ddbb13c532ed4c01e3e0cba4260de7c83a367dbf734981768847a4fbc241c1998115835ff72e88ea3f84e9b4fbec2d1,CLEAR,"DARKNESS, LIGHTED ROAD",WET,FAILING TO YIELD RIGHT-OF-WAY,2.0,34.5,5.0,5.0
097d7ef33ed195def697c3d6cda0bbd010532f02bc294f30a85a1b1e1f03dc4a7bd96b14243c19a4d8eca157a16fe340cc6b75b2180a7c014b62217ba7ea9459,CLEAR,DAYLIGHT,DRY,FAILING TO YIELD RIGHT-OF-WAY,2.0,32.0,3.0,3.0
097da72724b6f40b17c71ad48bfdaf2f8f516e4ef7a46ca9d6b92aee64934d2819c630cda16e71b3e0c66eabd54cff6faef094139a2e65bb394ae5206a735acd,CLEAR,"DARKNESS, LIGHTED ROAD",DRY,IMPROPER TURNING/NO SIGNAL,2.0,60.0,3.0,3.0
097dc82fde3549fd8bbd57afdee7381f4559b66da5a159f76e96b204ca914cd6b362b6b612ea08255d5e1e31a1efcd617b3cf4be7b5176106ddba492a13ed891,CLEAR,"DARKNESS, LIGHTED ROAD",DRY,IMPROPER TURNING/NO SIGNAL,3.0,47.333333333333336,3.0,3.0
097dda3bd8b7f274f01d1a9c9caa972e5d4c7b08915aca2c4f8907e7c868f5ef9cb044dddd1df9ce4a9100f9dbe09b0c2b452abcf4f840f69bdcb0a816a781db,SNOW,DAYLIGHT,SNOW OR SLUSH,IMPROPER OVERTAKING/PASSING,2.0,15.5,4.0,4.0
097ddd9438ca94a11a12e59d1513daacbe6241a0074b3d2a887f685680b3a4e0cd358fb952e2a9535ae743f3d56514c616069bf06a57123bc8ce0d5c822cea6e,CLEAR,"DARKNESS, LIGHTED ROAD",DRY,FAILING TO YIELD RIGHT-OF-WAY,2.0,49.0,2.0,2.0
097debe212692fcd7301100aa5f112b3ba88df4f54bcb1d4ce10551d5328102606734b431d4ea02da16efdd03d83e938eb8f912b2dfa763ca724b5b04a8e52be,CLEAR,DUSK,DRY,FAILING TO YIELD RIGHT-OF-WAY,1.0,25.0,2.0,2.0
097e163bc9bd259ca984a2148e49fc23b307e6318ddf196fcb372f6325d79f617a62a6a046b98f982e090ddd03e476126d987e84ef55daba17f5a334f02eba05,CLEAR,DAYLIGHT,DRY,DISREGARDING TRAFFIC SIGNALS,2.0,25.0,2.0,2.0
097e1ab971234d2a61ed3e0a5775166c0b5670c4bad9347e19f62d8c407aa52977833d9621c31931d30ed85c8bc915af132334ce6f706acd2082d664ddf8d14c,CLEAR,"DARKNESS, LIGHTED ROAD",DRY,FOLLOWING TOO CLOSELY,2.0,33.5,2.0,2.0
097e43170a9b5cbd3aad68aa1227f5a94c45a7d22019d2b2c8bc47c5b07079f1057abac53163517a898e48f5a20873fb4238b417fc7fcd8b70ccd0b8eff18b8e,CLEAR,"DARKNESS, LIGHTED ROAD",DRY,FAILING TO YIELD RIGHT-OF-WAY,2.0,35.0,2.0,2.0
097e511361638d87c97b0fb382a58cf1c96ecda0afd2d45cff7dcf392aaab99191abbe24f391f2ef1c5b5f592926b3b412ed8e808c874abd168b0e653da01784,CLEAR,"DARKNESS, LIGHTED ROAD",DRY,DISTRACTION - FROM OUTSIDE VEHICLE,2.0,24.0,3.0,3.0
097e536e4b2ce28fa4503c1a5893d4f83755a68460decdc46b76126c07faac98e097f4f690af319a9e706e3783f220db390b07f57c5162391df0f035af324d5a,CLEAR,DAYLIGHT,DRY,IMPROPER OVERTAKING/PASSING,2.0,40.5,2.0,2.0
097e5b7d1ac44d62be71a65bb529c72ebfbd1efc467605f159e90b32f4fea6ce38c683ee87f5078d0ffac17e04628b9b1ce12c01685f468493f2b936a05c9bb1,SNOW,DUSK,SNOW OR SLUSH,FAILING TO YIELD RIGHT-OF-WAY,2.0,37.5,3.0,3.0
097e85a3d2d1f8a30bb497cc278aa191cd02d78b866f6d3796458e7c5c6a1283d17eb49c3e936182a6375a162ec908fcaf99b6e8c722d0168d380c7b69363e54,CLEAR,DARKNESS,DRY,IMPROPER OVERTAKING/PASSING,2.0,45.333333333333336,3.0,3.0
097e8a4652eb897b32120f3d4d984be463e13c8ac3b189231b0e6509cd48805e4d802bc6012e8a52dbbf1fabfaca01ac8c0f49b93ae6eda89dc38e2113941d15,CLEAR,DAYLIGHT,DRY,FAILING TO REDUCE SPEED TO AVOID CRASH,3.0,45.0,5.0,5.0
097e920159dda8f3aa23373cf0a263994fb6c2d13c018bcbfd4ccf6d8ecf2e1a1a552fb77302b2e1dcd22a299044918150ea2692eab588a526feb1540fc6fe71,CLEAR,"DARKNESS, LIGHTED ROAD",WET,FAILING TO REDUCE SPEED TO AVOID CRASH,1.0,25.5,2.0,2.0
097ea59ed5a4e187cb68a1211239e464eeb4b7397addad72871f0f5712f6186c9ed3bda23ceeba6662f564c7565762e0295f9ac41ac30d2cf9d1d48100f74834,UNKNOWN,UNKNOWN,UNKNOWN,FAILING TO YIELD RIGHT-OF-WAY,2.0,34.5,3.0,3.0
097eb95ff3e26f44b8ae8f38890128a3ca6158d1cd41f5a3fcb2491b1cac2eb87ad2d281f493e3200223480a6cfbe09e014466bb06428a512ffbd3c84c42d677,CLEAR,DAYLIGHT,DRY,IMPROPER LANE USAGE,2.0,52.5,2.0,2.0
097eead1dd103394990a6fcd2f7c6575f7e9d9b849bed003e5db631b27ef73ed3f7631014b0db98983ff9938570c26a448536b4f0a9575bc2192f9a89e215977,CLEAR,DAYLIGHT,UNKNOWN,IMPROPER LANE USAGE,2.0,32.5,4.0,4.0
097ef604236fe5716595844f3cc497cdbe4c5b5d6df4074a457642cc0f757d111153d3df127488d43b0dc53773ef9f7d0bb43cffa1a1668c806effe733911e77,CLEAR,DUSK,DRY,DRIVING ON WRONG SIDE/WRONG WAY,1.0,23.0,4.0,4.0
097f3a17dbf5ed68f0ea8df07cb31a1513840f143679df8767dae8b66f92588c46b17c60308407e59996c6a5b9a2647edbe1e041563bbd88dabf0243a3b7cd99,CLEAR,DAYLIGHT,DRY,IMPROPER TURNING/NO SIGNAL,2.0,37.5,2.0,2.0
097f43e06f348ea990bcb1eaf7a1e6c3d2bba3230d3f5e6473571a53ec2c3b1dcc632bd67c92b899b71044e684f9e725da5a04ff2987ff321e8383a0b02819b3,CLEAR,"DARKNESS, LIGHTED ROAD",DRY,IMPROPER OVERTAKING/PASSING,2.0,62.0,4.0,4.0
097f5d0de8a01c4d6d225a033d5cf420224295d749b488a3767c33ed05c42ba32328f53a71d0b4ade965593148477b52b996599e6f0b660c4e401817e0137705,CLOUDY/OVERCAST,DAYLIGHT,WET,FAILING TO YIELD RIGHT-OF-WAY,2.0,50.666666666666664,3.0,3.0
097f609db456a5f355ecd0fa069d2b6bb5487765f5813507bed8cce447d5d1f49a7c51dfdddf7566a6fdf11a12f2101ccbb384b3760f49dc2604b5657d2edcb5,CLEAR,DAYLIGHT,DRY,IMPROPER LANE USAGE,1.0,45.0,2.0,2.0
097f71bcf898192056b17992e3efbb2b94cb4a24b2669f8424262381aa58da2b91dc1e76446ed7a4452bf786c77c2747fc6348f03857afab993731fd916c4917,CLEAR,DAYLIGHT,DRY,IMPROPER LANE USAGE,2.0,38.5,3.0,3.0
097f73db4371f2170c68454786e5cf963a39ee0c423e7227adf6cb618e3b6c6573c27957454031bf4ebab0b1a6479c36a07b19e65c5089ceeec918fcdb1de327,CLEAR,DAYLIGHT,DRY,IMPROPER BACKING,2.0,42.0,1.0,1.0
097f862abf4768fc8ea0dba35d64c94ba07fcb55e2d78442242c7280b9bcf1b52e892601ff87bd3c7ed3d0fc5fb95446f7c92419bea36ac7db438953b4d9fcfa,CLEAR,"DARKNESS, LIGHTED ROAD",DRY,DISREGARDING YIELD SIGN,2.0,44.0,2.0,2.0
097f93f0fccf99353e27528bc0f25bf79abab51ad0ead4773d4869ce7930c4700a095afcbcec7d4eba72434eb7053c94644be4890e2b3afb161942474c47c643,RAIN,DAYLIGHT,WET,DRIVING SKILLS/KNOWLEDGE/EXPERIENCE,2.0,37.5,3.0,2.0
09801ab62e8f01dd03801ba23743ce73d076f513536a2398f0eef7fea36cd3a110c7b86570fba9f47829371c90e81e347269eb0600f56cd191120af6cb2c1008,CLEAR,DAYLIGHT,DRY,DISREGARDING TRAFFIC SIGNALS,2.0,50.5,2.0,2.0
09801fd0fc3e6daf5f66ac4c379eaceddf321cdda5fbe98917febd89cd97abe97362d32f7c251e1dacc27382e005af7dd5f567e25f4226c9f3679b4f2f37d1f6,CLEAR,"DARKNESS, LIGHTED ROAD",UNKNOWN,"OPERATING VEHICLE IN ERRATIC, RECKLESS, CARELESS, NEGLIGENT OR AGGRESSIVE MANNER",2.0,37.5,1.0,1.0
098051986a67e9a74a5999cf1fd7136b62a67a583a56b9710b065da1603076074b6764bfc7e572269818f4e42e58fb9d390bfe68d6381c62557bf0289c23fa75,CLEAR,DAYLIGHT,DRY,DRIVING SKILLS/KNOWLEDGE/EXPERIENCE,2.0,37.25,4.0,4.0
09806d22e71f978ea1fd3fb83d911da62a99da8ac56514a1dae4ed6ddb6ee3a481c1841120b238565c1a2f2f16d3f476ab434f2bb15ffc522d45ca795dfa0ace,CLEAR,DARKNESS,UNKNOWN,DISREGARDING TRAFFIC SIGNALS,2.0,55.5,2.0,2.0
0980714d7b1f0ab24dcf39d1edb735a7e926d536f03e106dfbefe0fd885c30b42fd6ae466743634ca86796f9d3c721065b0a49f1fc5201aac64545cea8c99ccc,CLEAR,DAYLIGHT,DRY,FOLLOWING TOO CLOSELY,2.0,54.0,2.0,2.0
098071d8ee44e616343d55d8db20626d906c37aef0837c4dc447742fc286dfb544f9544158b50dcd7fc0a6a3fff8ff975c1cb7059d42d4e1105633d1a71fd35f,CLOUDY/OVERCAST,DAYLIGHT,WET,DRIVING SKILLS/KNOWLEDGE/EXPERIENCE,1.0,56.0,1.0,1.0
09807f257d53224d8b54aec9455d52db66ae6692a22d05b3bdad004c9098ece100ac614d9141d767e6aece821c9881b32137e731f6a1787af6c64e7cc6c40eef,SNOW,"DARKNESS, LIGHTED ROAD",SNOW OR SLUSH,DISREGARDING YIELD SIGN,2.0,21.0,4.0,4.0
0980808439d17d4f72950eb6953f854fa6034f5e8b441684512897c3ca3c701c10915588854cfa6b07a2df82175570040f6bab2281c21dd3c572f242a314fb7e,CLEAR,DAYLIGHT,DRY,IMPROPER LANE USAGE,2.0,50.5,2.0,2.0
098097c0e68427bbd536debf403230eb1c38dd30646137f0ce1f6211b038a190f1969afeb80fae656e1f00adce1fe0d1bde9efaeb3003e9f62828d3ae980f857,CLEAR,DAYLIGHT,DRY,FAILING TO YIELD RIGHT-OF-WAY,2.0,43.5,2.0,2.0
09809c57ffbb1e95dc506e0d0a0f5f2aeb8f1f5819a5c1cbfa82956beb9761fe0bdb09ab47e750712c607f666c73ab5c7926497f32d9d8a5a475177b4e21ccec,UNKNOWN,UNKNOWN,UNKNOWN,IMPROPER BACKING,2.0,45.5,2.0,2.0
0980a9b2b8f264c1fa5b22e30dfaebf854dd4da605dcdac2c944ee0e32dbc7c5c1e2df153a43d14c2aa902f4e9cef5b955e3dda564b9fb5e4a681409ae14aef3,CLEAR,DAYLIGHT,DRY,FAILING TO YIELD RIGHT-OF-WAY,2.0,27.0,2.0,2.0
0980e260f2a3db066b9b57e454697d6d4ebd6f5d0703e3ae42701d79cc39e195ee109355cf2a73cc4caa7842106c26c267532e986fda534bfc6a4028d477eb3e,CLEAR,"DARKNESS, LIGHTED ROAD",DRY,IMPROPER TURNING/NO SIGNAL,2.0,36.0,2.0,2.0
0981728d64da0b0d6ae57e48c780188c8dfbcfa2b131cfac74e2684596d59d7d0967ae94d8949a7bc8d8aa1f56151386f2a22d088725e75abe3db9da82d1d281,RAIN,"DARKNESS, LIGHTED ROAD",WET,FAILING TO YIELD RIGHT-OF-WAY,2.0,20.333333333333332,3.0,3.0
0981b7b2cd21a16fb3dbb49e37c4021f1ac23f4ae1d95121402e7ceb23f48de90d20219b58b0b85bcc6e8cf24537c94b066e21c2fbb95bc1f6a77b8c90dcb1fc,CLEAR,DAYLIGHT,WET,IMPROPER OVERTAKING/PASSING,2.0,33.5,2.0,2.0
0981d0636ee3bdbca0fb2b47fe416236dc14ea7a49bc57ed0848ed45a3399b547234fe7e6c514898edf9ec78012b1c8d30093cd341f684bfde3f7af936c8a6cb,CLEAR,"DARKNESS, LIGHTED ROAD",DRY,FAILING TO YIELD RIGHT-OF-WAY,2.0,20.555555555555557,9.0,9.0
098217b8c3709e0252afb4ec29e7ec9a8af8471377f907f4900958eb8cbc6e37f5d4b8aeab9f02b0973a885e0419d15aba8af1ff324b5a9e2343943094a9f8f9,CLEAR,DAYLIGHT,DRY,FAILING TO YIELD RIGHT-OF-WAY,2.0,40.5,2.0,2.0
0982234c4527044446cb9174a82f7fe3b247cf48edbbb553ad2ae876493a5215e2b422c2c807ce4608ea859759bfd853d718c5f22cfda3b6ebc4f8b006036005,CLEAR,DAYLIGHT,DRY,FAILING TO YIELD RIGHT-OF-WAY,2.0,52.0,2.0,2.0
09822c0904866ce597b88e5313a58137d7bb8f71b229b09b4c11982570d5e32ac63c729549014f2441fba9c7dc333068431e43da6fdd21f297f2e29cac1d304c,CLEAR,DARKNESS,DRY,FAILING TO REDUCE SPEED TO AVOID CRASH,1.0,42.0,2.0,2.0
0982336ddd934b25092997eab4b3f4aa3edad23ace15353d2313b1d4cc19c46714a26efb083d4c13b220665c0bc00dc6617800e17f48233ce39066ada66fdd6d,SNOW,DAYLIGHT,SNOW OR SLUSH,WEATHER,3.0,41.666666666666664,3.0,3.0
098292aacf624d7824054bc386ce4c0ccc5ac2677bb4bff1c0851c69d060c26c6c3bbde2087c4727299a410f635739ffc6a272d8a240dc52f84185b457dba4d9,CLEAR,DAYLIGHT,DRY,IMPROPER BACKING,2.0,33.0,2.0,2.0
098295e63a7e1082db75cffbdc7d5949c04507583ca3331b23e99b67c9d6922f18b03a3c5645f5b1c7e7aff822dad540def5d58ebf01eae9a5a2f9d77e3323b7,CLEAR,DARKNESS,DRY,DISREGARDING TRAFFIC SIGNALS,2.0,24.0,3.0,3.0
0982ae6646dda25251d5c4d27ab3e7a8c4ef5e76c5a3825a52d5e6eae4e9dc1f9e2dec7c7cfcda3cc3b0dac9e99a2102ad85193ff4bb7606fcba1b4d6715278f,CLEAR,DAYLIGHT,DRY,DRIVING SKILLS/KNOWLEDGE/EXPERIENCE,2.0,0.0,2.0,2.0
0982efa175212c45ad3ca892f198815ae0886a71a7b7e175e1efbacd884506f44d7d3dc848982b54e5feffbba240709b202235956b24d718f647c5e49e323a60,CLEAR,DAYLIGHT,DRY,DRIVING SKILLS/KNOWLEDGE/EXPERIENCE,2.0,15.0,1.0,1.0
09831558e57e720590a5c812e91395d8444b5eaeaef30c1c93d16c8e71b2ff09d5379822f02f2e1a4da460dd5536151cb366f3b3d597c614ed1a372995ebb875,SNOW,"DARKNESS, LIGHTED ROAD",SNOW OR SLUSH,WEATHER,2.0,46.5,2.0,2.0
098333f134cbc0d0207f3015bf1671434ec2855b51124e8fa3bcc86266b3949133baf1e403c6c74c3415ecc5e21ad361231ba18dcbe7ed838727a6325b8fa6c0,CLEAR,DAYLIGHT,DRY,DRIVING SKILLS/KNOWLEDGE/EXPERIENCE,2.0,25.0,1.0,1.0
09833c3e7d856303b5ddb3461fd13228e1f89516ef01ce5b5c3e5f43259a20f37894304c465a7ee924b7b5254807d279be795240e7f8e8b0f2222b6b3e9851d5,CLEAR,"DARKNESS, LIGHTED ROAD",DRY,IMPROPER BACKING,2.0,43.5,2.0,2.0
098343ab044d9e557e05af611eeb91bdfab14ebef4d9de1941ddd6a7f562c53a4ccb47d559184d71b74c037890844a235b05e93c7c6f3dc479e26ce5e7b907cc,CLEAR,DAYLIGHT,DRY,FAILING TO YIELD RIGHT-OF-WAY,2.0,42.5,2.0,2.0
0983588ba4ce639f768e2050cb748a0b8bfbb26fb4b28ade96fe8f764ac8d938001c813cb92e28f9be62884c13ee0efca72b5a012429f565eacf751c1b99e660,CLEAR,DAYLIGHT,DRY,FAILING TO YIELD RIGHT-OF-WAY,2.0,16.833333333333332,6.0,6.0
09835f323a99c11b68563c831586d734fd8af59e65c027a55d82d27bf2d9efda8de61052a200ca3d56b5bdc7c33fc52368b63e27a8fdd3a7b63674c217747300,CLEAR,DAYLIGHT,UNKNOWN,IMPROPER OVERTAKING/PASSING,2.0,70.0,2.0,2.0
098362b24f1f70c36af0885e26cd4c65f9a81ff494bcc46de870517a87a8955aea104ac1cb17f01d0806c0cf940c58adb6a8e6f236db76fc3b7a2bd4230c777f,CLEAR,DAYLIGHT,WET,IMPROPER BACKING,2.0,35.5,2.0,2.0
09836338f0730a091fcc68b4d0e32fe0b3ef4945a9991c4dad8b9ccccb478ddeead23da772cf721eada497c46212f664c5fba1aa3e5fd471f076f04b2a3f3240,CLEAR,DAYLIGHT,DRY,IMPROPER LANE USAGE,2.0,27.0,2.0,2.0
0983e222968d82ee91bd6417f50f9230f76251cc0eaffa257f386bd61bc8545f41c4d4763c06827853b54d0043d3f4a570009bed5a14eb59a6881024c63dd36f,CLEAR,DAYLIGHT,DRY,FAILING TO REDUCE SPEED TO AVOID CRASH,1.0,32.0,2.0,2.0
0983f502cfe6b7da2381cdacca9d9c83dd23f1c11df49cc3ad876a667c8bfd6b5426a2d0cd4af92ec900cb333549813f8f6eed71a947133dd7c60389e0019202,CLEAR,DAYLIGHT,DRY,EQUIPMENT - VEHICLE CONDITION,1.0,64.0,1.0,1.0
098416f2fb45199930947b1bc26bfc043d9fd1c23fbc4357b10994c8301519ed4690bd52228c5b46e7133bb2ab02f214c5da9ac7df94d08269089c8930ced36e,CLEAR,DAYLIGHT,DRY,IMPROPER OVERTAKING/PASSING,2.0,37.5,1.0,1.0