crash_record_id,weather_condition,lighting_condition,roadway_surface_cond,prim_contributory_cause,total_vehicles,avg_driver_age,total_people,total_injured
098441ff837f3c873ba209f6102376941d14ae6a351698d05661c6ac1dda8a82e3c7b0d766c3f534c0664497c114da33ce1bc38748aff91e37f8162e88d9bf86,CLEAR,"DARKNESS, LIGHTED ROAD",DRY,DISREGARDING TRAFFIC SIGNALS,2.0,25.333333333333332,4.0,4.0
0984500da5513ad6e21921bddba0207fe0ff15c7505ee0f0aa43ad69526e7cf7e914c0fd1b8167fb4d16514bd6b6401b466a6eaafbdda808f7204d7b5a86463c,CLEAR,DAYLIGHT,DRY,DRIVING SKILLS/KNOWLEDGE/EXPERIENCE,2.0,47.0,2.0,2.0
098457c3332e0c199a2eea25ec132c7b2c93016dcf12e00546a42443402ba8c82d669b444065b042184b23d42ccd0bbd393269fd6af7ff2dc02871466d2690df,CLEAR,DAYLIGHT,DRY,FAILING TO YIELD RIGHT-OF-WAY,1.0,32.0,3.0,3.0
098458a8a55e08ab11a10b4a8f3837dcf2d235148919508b94a7ce836aa4cd831f6db679766c00c304855fb94db9de32c6ae8c3bf790b56d8438a062e0344dbb,UNKNOWN,"DARKNESS, LIGHTED ROAD",UNKNOWN,FAILING TO REDUCE SPEED TO AVOID CRASH,2.0,27.0,2.0,2.0
09846797fcb50bd7b8c1295d426820c4e8dd63aa93dd955e3ba1d08dadcbff620f4d692d361010e4ef09070ed270fa1f4c1df0db03776fe32772ea9a832ea179,FOG/SMOKE/HAZE,DAYLIGHT,WET,IMPROPER BACKING,2.0,47.0,2.0,2.0
098467e6d4ffc7031e36d0b071f9c5ea54de86a26b06c878b3bb03ff486c09fa483d3a9a9f86ed98e1aa1e26967221223f809cdf957f371493913778b11fa89e,CLEAR,DAWN,DRY,PHYSICAL CONDITION OF DRIVER,1.0,65.0,1.0,1.0
098484adf454fbc59da7e47c4ab0cf98ebc56a59d0aa0e59a05b3b61ba093ab91db9b5b308a28d7bbb591c35082049fa0b8eba7b17c652a8c17168089f113e27,SNOW,DAYLIGHT,SNOW OR SLUSH,DRIVING SKILLS/KNOWLEDGE/EXPERIENCE,2.0,37.5,2.0,2.0
098487297669cd4e2382bf258b03c6c29126ece3d0d44eb40ac2cde930b88d3e8c6b46361f35ccd2174d6f3bdb830b82932dd8c6af7eb744884d65c2b7624713,CLEAR,DAYLIGHT,DRY,FAILING TO YIELD RIGHT-OF-WAY,2.0,28.0,2.0,2.0
09848f26d9c5d49018f25e90f3bee619994b94e2b8d5309deeaec96914a6e18a85ca346e4a5add1c8cbbddce30380d0b914ccaf7ce90258bd9ab37b44140802a,CLEAR,DAYLIGHT,DRY,DRIVING SKILLS/KNOWLEDGE/EXPERIENCE,2.0,68.0,2.0,2.0
0984da4dcd0db622c76af7dffc8f7171f3269021d2b14052910a6491a6d95744be04ed0944f446f8bb9bac4aed251aedace2e5eb442d150b958f67413b87be5f,CLEAR,DAYLIGHT,DRY,IMPROPER TURNING/NO SIGNAL,2.0,66.5,2.0,2.0
098536a9f31084335303c69b8fb8d5f924ecba8644cb7ed817c06024a33ed59ac5c595a33e728d00a5433c8d444414b1e9dd544fe3d6405e1ea38dc73383c732,CLEAR,DAYLIGHT,DRY,FOLLOWING TOO CLOSELY,2.0,43.0,2.0,2.0
09853b3df465560d16d3a31bd06cfde944cee9bd99513bae274d89bd6ca71fb0b1ff15af40f2fdc2dddb01d33dd9ad2df26ccd75ce391fd6ca2dcd8dd152b3d5,CLEAR,DAYLIGHT,DRY,RELATED TO BUS STOP,2.0,24.0,1.0,1.0
09853fe5e1d64c5f54ce514ca756e8feb1e66e700a0a8d0a7eabf6c8e004c82fc351e9dee0be1d41b0e794c6bc10a9c56bd097f419f7ff4b71be81a0b54a9e77,CLEAR,DAYLIGHT,DRY,DRIVING SKILLS/KNOWLEDGE/EXPERIENCE,2.0,66.0,2.0,2.0
098568be8ed1100cd84ff63f67657ccfe0f5046259631616ff27dd7e24b67f063ad53048dc574f5a8ed24cb885508544bcb311484be357ffb2ba47c9471b9dbd,CLOUDY/OVERCAST,DAYLIGHT,DRY,FAILING TO YIELD RIGHT-OF-WAY,2.0,47.0,3.0,3.0
0985716cf51b87ee51f5569d0c402cd816292dea1afa98c900f6133f42c3a96229141dc31546465cb45cc1f2cb62c05a5a5ebf23f5535360ca4bdad072667801,CLEAR,DAYLIGHT,DRY,FOLLOWING TOO CLOSELY,2.0,33.0,2.0,2.0
0985759bbbec312659d8e7d7859183618dc8b7cffb34241037cc9c992b805c594c1a53b07cab7ee5d2a03bd01677ab580245da3314cd326f41cb9c0a25b47907,RAIN,"DARKNESS, LIGHTED ROAD",WET,WEATHER,2.0,42.5,2.0,2.0
09859eeef99ddf2ac6f919a834633dce5d9c35fe8b2551bee8913ba54f9ea479f9bbbd02bc657353cd913684a23b7d45b506be41dd6f8b6278ed44ada0f6255d,CLEAR,DAYLIGHT,DRY,IMPROPER BACKING,2.0,37.5,1.0,1.0
0985a854d9c0136c80c6b60550bcc08e81b50ec83761f8689389fe3bb00b54b89e54e1c0a4414dc2c5e1f6994d7906100f6a48bb80a3d09d3d47f49d7a545597,CLEAR,DAYLIGHT,DRY,IMPROPER OVERTAKING/PASSING,2.0,27.0,2.0,2.0
0985a877c0e3707d98377d03827d6e9c7d4d6a3c16542f0ed4e44a57565b136468ab435cca83730d417bdba8715f90c3d467402d563f85f20e4208449cb82d53,CLEAR,DAYLIGHT,DRY,FAILING TO YIELD RIGHT-OF-WAY,2.0,24.5,2.0,2.0
0985e1c737bff8d9da8b5d1f1069b51d05d469dfe4d806c8a07083203c2845b075e2f4903d366b97ce81c33b8e3bbe27bf6c5a8262cc9d07030837fdce95afb1,CLEAR,DAYLIGHT,DRY,IMPROPER BACKING,1.0,56.0,3.0,3.0
0986330598a778f20b02a150a4c8fbaaad8d07f870af25b60559814620b62b77d79b09b03d9403bc075a308125446e93169f1948cd23aed2d6cd95417a68eaba,CLEAR,DAYLIGHT,DRY,"OPERATING VEHICLE IN ERRATIC, RECKLESS, CARELESS, NEGLIGENT OR AGGRESSIVE MANNER",3.0,38.0,3.0,3.0
09866d2beb6ae87aed12c028b2892eecb41aaafdc7024a5e6d5d79409aa5adeae20a71ef583d8974022f4913197ce4279954fd1df119af57ab6872de77590c59,CLEAR,DAYLIGHT,DRY,IMPROPER OVERTAKING/PASSING,2.0,88.0,2.0,2.0
0986abcb6aa5023dd8761d061b9b7a2d1629065c68f6212459f62f7603258957d368901fad646d9786021062ff5cf4f9fb3cd505e34340a8b72966b71e26127a,CLEAR,DAYLIGHT,SNOW OR SLUSH,FOLLOWING TOO CLOSELY,2.0,61.5,2.0,2.0
0986d2629c451c0059e896c7594349d024d4a1eea4f33fbc54eda23a3f924888a23fd5452d6973b33e0693a0947ff6a744b331992c1aa325f7882553f32e28b5,SNOW,DAYLIGHT,SNOW OR SLUSH,FOLLOWING TOO CLOSELY,3.0,31.0,2.0,2.0
0986d7a59cd58bea15f9f71a0f55d385ec6462f2a2cf16634cb56f3c16dd8eefc96cd396c828ed4c2d2d3e44e26fb01fdcb1023df15b29cdfe832c6b800720a5,CLEAR,"DARKNESS, LIGHTED ROAD",DRY,FAILING TO REDUCE SPEED TO AVOID CRASH,2.0,47.5,2.0,2.0
0986ddc78f0cd1923ec0b03f4b777542e3916469b55b9d0223321872e1a43f7423b1b42c42168630d2036bcc0ddeb84f1cbe3900365d7240b75dfc8efa0dc1b3,CLEAR,"DARKNESS, LIGHTED ROAD",DRY,IMPROPER OVERTAKING/PASSING,2.0,18.0,3.0,3.0
0987373990f289170b357cdeeead9a5977e392c459aa37c11962b951179027c88782a60a041946f70c5b1a2d242c9ba64762a345307e473d76e37f4d3bfe3578,CLEAR,"DARKNESS, LIGHTED ROAD",DRY,IMPROPER LANE USAGE,2.0,31.0,2.0,2.0
09873c7729ac24f00911fb7fbe92bbddd322050a14133e80a9b4e3dec522e676bd96e22db6c8a0a2dcf2e9da1934009ad2411c4fac5df44a1e259bb0ddb134a8,CLEAR,DAYLIGHT,DRY,ROAD CONSTRUCTION/MAINTENANCE,1.0,0.0,1.0,1.0
09875fac3cd461b6c8aeff1dccb4b918ca9ec842afc015598fda1da9e06dee54136c6b73ac8dc5105096fa6d51414da16ca01953a2d6395fb314b22ecb9ab4ad,CLEAR,DAYLIGHT,DRY,FAILING TO REDUCE SPEED TO AVOID CRASH,2.0,64.0,2.0,2.0
09876ca1fd9559f8773bda40a9ebee333f7de912d92413a0998f28861c88b280fc294c0494a017694b30a7c5206947c7c038af62a1f25e73d5c30393e6b92316,CLEAR,DAYLIGHT,DRY,IMPROPER LANE USAGE,2.0,37.0,6.0,6.0
09878354e4b910dbbe68b65aaf94d91062462639494c994f92bc090eb6c7ea628e79d788625ef085f0b405e4d8df89f043c48c4623e4a7639227668e4a2393e1,CLEAR,DAWN,DRY,FAILING TO YIELD RIGHT-OF-WAY,2.0,21.0,2.0,2.0
0987ba14797d006eb322a28130f3957ac475d05958eef287dfe842798a3daf3806315046bc4257dce5e3bd24698ee6105d8b4d90c97df8b46f42db279809af5c,CLEAR,"DARKNESS, LIGHTED ROAD",DRY,FOLLOWING TOO CLOSELY,3.0,24.333333333333332,6.0,6.0
0987cfd74ece20f2ca2c6c345e30eb3ea1fbac7bd97b3171421b118d5e4a45704999583c3c61efb0046db883d1a9a46e2f75c24d7277470014a3b199f8c144db,CLEAR,"DARKNESS, LIGHTED ROAD",DRY,IMPROPER BACKING,2.0,0.0,2.0,2.0
0987defb78a404a1f9acf96e03ec354751965be24839be3e75276f34d9829618072fd269cce29c6e52283b25c8c8968e79aa4924f62622edc1fa9e1f11e95395,CLEAR,DAYLIGHT,DRY,IMPROPER TURNING/NO SIGNAL,2.0,55.666666666666664,3.0,3.0
0987e56d7c7b52d0e7d310860017517fab6081213416b52c911d641649b8c06f5739a36d8a80b6bc8b904fa9c2850de3d7c3f72e64e00997090909654d2b206f,CLEAR,DAYLIGHT,DRY,IMPROPER TURNING/NO SIGNAL,2.0,37.5,2.0,2.0
0988236390018f0c03646f34a76e27d516bb33cc8b88a13af586833963f30d0242fe062163e3da14d3b7b2075dda1e15341f74201429bd32c3104ac980a704b7,CLEAR,DAYLIGHT,DRY,FAILING TO YIELD RIGHT-OF-WAY,2.0,36.5,2.0,2.0
098835ef28708083617c030dc2ebccdfeb90fa1070d9a32a158f7b8bd08c560ca1842d60d5f55970572c0393fbe4a9b3604c86ce8450da9e15db32a787f9c5ee,CLEAR,DAYLIGHT,DRY,FOLLOWING TOO CLOSELY,2.0,53.0,2.0,2.0
098836c81e56d873b6b56809c80300655e03ea128f81c7f89f76e5f261a21ba83ef504c5a855b0ac132562efcd3bbf67f2c037c5af05ed6889c07e1539e603d7,CLEAR,"DARKNESS, LIGHTED ROAD",DRY,"OPERATING VEHICLE IN ERRATIC, RECKLESS, CARELESS, NEGLIGENT OR AGGRESSIVE MANNER",3.0,37.5,1.0,1.0
09883e594ab2ddcb2cb91e7b54c153e1e369950c1f27ebac159a4f4d358cd567806f09a682a77decb32331794f1388d46ff7111769304531fff1a08e82460d9f,CLEAR,DAYLIGHT,DRY,FOLLOWING TOO CLOSELY,2.0,19.666666666666668,4.0,4.0
0988649a2e12de2e9a30b587bc4ceb49d79120c6e828a0d9e6e304f637b319a85c0586848a30d6108e97eba04e42c99b0bacb15c18d5d0ebc8d93dc7be233022,CLEAR,DAYLIGHT,DRY,"OPERATING VEHICLE IN ERRATIC, RECKLESS, CARELESS, NEGLIGENT OR AGGRESSIVE MANNER",2.0,37.0,2.0,2.0
098867f177316e5d378f42220fe1bade25b08a7363016544bb69ef715dd7201b65dd773a5a5a109a41e82d812864f92f5490be9a95b7e9a2032ae67b999e4bcb,CLEAR,DAYLIGHT,DRY,IMPROPER TURNING/NO SIGNAL,2.0,46.5,2.0,2.0
09886f3aaa31b7ca456215f0d8e77a3253d5e788f195ed09f110dae33f79cbe4750d13d01b22c5b04f7e02d4273a5bcc22e3a8736aa30f739cde5bb8447c7bc3,CLEAR,DAYLIGHT,DRY,FAILING TO YIELD RIGHT-OF-WAY,2.0,53.5,2.0,2.0
09887ce8188baa82fa0b454a65df753314b26504cb51889a0bf53e9af9231a2aeb382f00504d92869b4f9f6023c47af1bbcb6bdec4d573e783c36eaff4e1ac4f,CLEAR,"DARKNESS, LIGHTED ROAD",DRY,FAILING TO YIELD RIGHT-OF-WAY,2.0,51.5,3.0,3.0
0988c3c73f2a391e7fedfc99e2077ce6c27e56ab61d252e2552027109fc2f8a896b334409b86f268d8b8f2258ba6df3eb5a9e5b238dead46ecef26e98ad4d4e6,CLEAR,DAYLIGHT,DRY,ROAD CONSTRUCTION/MAINTENANCE,1.0,23.0,2.0,2.0
0988cae81ffafb3ba3445d075bef8be6308612d588f8b2e5da3aa360b840f53a156f9285a680e0dc0d2f2ba236fa94e382ee207edc13e322a133722a89377dfa,CLEAR,DAYLIGHT,SNOW OR SLUSH,WEATHER,2.0,33.5,3.0,3.0
09890ce56ae447241421c2b7cca526a5cdff2f1b7195c3135d6f38173aa2ed280cd9065889783cfe75e668cd47fdf190b80529497952751522d3649c81271473,CLEAR,DAYLIGHT,DRY,FAILING TO YIELD RIGHT-OF-WAY,2.0,59.5,3.0,3.0
09891aff72b251a5cbfead42151faece517adf5849dccafc93a10debb4f7d5716ac0460473f35f5bc87291760fb38720dae5cd1519410b76e67c13afbdcb2081,CLEAR,DAYLIGHT,DRY,IMPROPER TURNING/NO SIGNAL,2.0,48.0,2.0,2.0
098950a622b6a2b5138130383c233dd6260b683415226e85e9214cbebd862807fa6f422dc6861b2d87c475543d2a27e1493d4330ffb1bf17283341ad80818e48,CLEAR,DAYLIGHT,DRY,UNDER THE INFLUENCE OF ALCOHOL/DRUGS (USE WHEN ARREST IS EFFECTED),2.0,18.666666666666668,3.0,3.0
09899c634f48c84cb42e95607138f08f6e15764a10c47dd373283dcdd895e6df272f9310da40996c03a9bcc88b742e4140fb87bb10c08814804f17ba449153dc,CLEAR,"DARKNESS, LIGHTED ROAD",DRY,IMPROPER LANE USAGE,2.0,37.5,1.0,1.0
0989b96a183485adc832dbdb050b2150c64b543f14e173e05df90681f31fda9bb167fe70348f44627de6df7a4c10e8b419942a6a168d8e9010d4d4588d914e6f,CLEAR,DAYLIGHT,DRY,DISTRACTION - FROM INSIDE VEHICLE,2.0,25.75,5.0,5.0
0989dcfc308a3996258068e1a21234f67ebb1c205852724fce3f9871e90b077ebee539fd535cfa5c28b8756b352fb90ec763aa86ca807040982cdd8a6f3eb3d3,CLEAR,DAYLIGHT,DRY,FAILING TO REDUCE SPEED TO AVOID CRASH,2.0,36.0,2.0,2.0
0989efa82a1a244eb53d9b032d9b4306c6940eed6a693ecf6f26e80396ef95c35d4e033307727c3fb528d2c4770be4dcd79b64f45072ea13a4f32dcc35aca5dc,CLEAR,DAYLIGHT,DRY,DISREGARDING OTHER TRAFFIC SIGNS,2.0,35.0,2.0,2.0
098a07b67e40d8cbc4d4afa8b392ced371ca434fe57cc500fc8d3a93a6d96eaf80e3c3e9a794b5ac8950efd359f61c2a6f31eb95fd2ac3f4351f8d39ba9ffbeb,CLEAR,DAYLIGHT,DRY,IMPROPER OVERTAKING/PASSING,2.0,56.0,2.0,2.0
098a224a44057abdbb6d313462ab69bcd2c04d43d57b8c9e87d4ca53a365c6f145e0e9e596d8c7f972cc860519f96818d81aa9184e2621b54c99d20d64161f49,CLEAR,DAYLIGHT,DRY,FAILING TO YIELD RIGHT-OF-WAY,2.0,37.5,2.0,2.0
098a2803a827e29f58111dd4b628edda9a67af7852bc5cac4ae16319fb626d33079672a5ad94fc2f07268b629e49a6598a6a72485cd400c553bff6b766b4647a,CLEAR,DAYLIGHT,DRY,DISREGARDING TRAFFIC SIGNALS,2.0,20.0,4.0,4.0
098a3407d15303111821e1418ece800e446389b8526dd667f54fbd17106f11393d3b81d4c9d13c5f731b28a04be20d76d9a368f930fcb952e97227361aa365e6,CLEAR,DAYLIGHT,DRY,IMPROPER OVERTAKING/PASSING,2.0,27.0,2.0,2.0
098a3ad99789a1201f126ef6d00c319451781e41dc3537f37de535fcbf5c00ff364d54d2a4a05eea8e26f3fb741fb25be953dd577f6f7b1af6eaf0d673c99fcc,CLEAR,DAYLIGHT,DRY,IMPROPER LANE USAGE,1.0,44.0,2.0,2.0
098a4d97833c872d178ee4b8aa3831e88e6b263c8cbf1a9b14c7a01322d1a26725c72eecb0da21b32a659f8136f5d85f75031f54aa316b77f1ea8449de61d278,CLEAR,DAYLIGHT,DRY,FOLLOWING TOO CLOSELY,2.0,41.0,2.0,2.0
098a5c80fd40ece5ad0810feba55c97e0335cd9a0404a3d24d1f0c177c5d4ca8a2a5cb9fc71e66c3b33d1a97ada5119bb61cdac96663dff9f35bbd46e2946a66,CLEAR,DUSK,DRY,IMPROPER BACKING,2.0,64.0,1.0,1.0
098a88bb9661f582e39b03793759b0694bf96671a6d7c3f6a0d7eaafef84f4a080dad5b79aa5e48aad12cba962dedc9a34df605aa790d5edb004b8a0ea2b1151,CLEAR,DAWN,SNOW OR SLUSH,IMPROPER BACKING,2.0,38.0,2.0,2.0
098aa6f6354dcf3298e438d56b39e401d2a3c43019a348b872163c60e6d3c338af51809b3621e303c3fc705b9ae5c24bdf2bd59fbfaf05389f66dd5ecf299fa3,CLEAR,DAYLIGHT,DRY,DISREGARDING TRAFFIC SIGNALS,2.0,45.333333333333336,3.0,3.0
098abd93bda8f233986a443ab11b05493ebb83af62dddf9dd74e5516aeab7baec520d6cace1c5a178f9aa4f586fa8b1a9f01111514d3bb4489a29a3d5fa47f0b,CLEAR,"DARKNESS, LIGHTED ROAD",DRY,FOLLOWING TOO CLOSELY,2.0,27.0,2.0,2.0
098aedc07f95bb8226c4bcc52465eee642ea413a761ba23eeec2d6c5eaa13a356b1d8b5c3e0f15b1688ca8bc2bb072923ebaecf880b39ba19ac1b7a817b094bb,SNOW,DAYLIGHT,SNOW OR SLUSH,WEATHER,2.0,44.0,2.0,2.0
098afa9abeb2b1d3b1cbd2929ac40a5aee88939ec3e97fc5538d9a86ccc14c62a243e3f04f3d805f70e780bc0c417ba173526fd33060010dfdc3c24981eaf7a7,CLEAR,DARKNESS,WET,FOLLOWING TOO CLOSELY,2.0,32.0,3.0,3.0
098b2d1d2db3297a666e8f7bc03491867c0066964386284c28507e89de9400247e79503943d2f279bd0c5ca588da65f2fb375ff24b7ec1d4caaa21118261fa06,CLEAR,DAYLIGHT,DRY,FOLLOWING TOO CLOSELY,2.0,29.0,2.0,2.0
098b31dbf7909d354d7d8718873ff41f897ed7962dcae1e19faac178679fd70c91475d50c7df7386adf2860ed4315e2e10dc5a1b408e0442c5597b511acd00de,SNOW,"DARKNESS, LIGHTED ROAD",SNOW OR SLUSH,IMPROPER TURNING/NO SIGNAL,2.0,28.0,3.0,3.0
098b4d6c720abe1da2ede1c6f37e639254728461f65470ae668b87785875f167f9cc96e8457c9760254d7b1927234b905e7798168ec504984a9166548123aa53,CLEAR,DAYLIGHT,DRY,FAILING TO REDUCE SPEED TO AVOID CRASH,2.0,48.5,3.0,3.0
098ba3940f5ea45f925e79567a68bd9c10690fea2d27b00fea93f9777afa96abf8cdea1fb41a19d3dc37e58c7d1d06794a9575e76b11535703360fc6ff035916,CLEAR,"DARKNESS, LIGHTED ROAD",WET,DRIVING ON WRONG SIDE/WRONG WAY,2.0,37.5,1.0,1.0
098c047faafdaf589545b294f93a390ae1b03d8fb168f823f7922ea88f514dc52f2fb20a405b877712d2b2ed8bff79f9a8002668a28879bd07384189c3931a25,CLEAR,"DARKNESS, LIGHTED ROAD",DRY,DRIVING SKILLS/KNOWLEDGE/EXPERIENCE,1.0,39.0,1.0,1.0
098c0b05f95101745fbd2aedf608967ea161d485be32816ef0ad593569dd5f072e82125ba031899b0ee9b5924fc3c218912b8b4bd611d817552e57c9b1162fc1,RAIN,DUSK,WET,IMPROPER LANE USAGE,2.0,50.0,2.0,2.0
098c0d206059b34e7e94621882630e3a8cd9417849e8def0686baeb74dae9dd2f40d0bb62b7d39c4c14ea0cd55fa96d42e7b83dbfb76537677656c2ac6ff9f41,CLEAR,"DARKNESS, LIGHTED ROAD",DRY,FAILING TO YIELD RIGHT-OF-WAY,1.0,32.0,2.0,2.0
098c0ea993d196502804eded134356cb9eb826f63fd63a48eae64f4e3ef46795205f6de813119b2bee0f79128f6d1f5f0dd5cf5e4cd044e2f362fc495e37da7a,RAIN,DAYLIGHT,WET,WEATHER,2.0,32.0,2.0,2.0
098c1cf6ba0c021738be60fb2b8ea642ef7e74cbb27898d8bcf9e94543d6508f934cdea611677f5b4acb550596d1f20ddaccfd893cc99812e8e467d86eff46ae,CLOUDY/OVERCAST,DUSK,WET,FOLLOWING TOO CLOSELY,2.0,48.5,3.0,3.0
098c251e88bfb11c3e1f2beed0dde0b10533860c117e7333ffc76ee25e90a08486d5236e0b7e082663046f745b6e397593f820860724afb55936af448280f0c7,CLEAR,"DARKNESS, LIGHTED ROAD",DRY,FOLLOWING TOO CLOSELY,2.0,46.0,2.0,2.0
098c3fb8e6f0e6637ab4f7872973e4e6aac74fc887c133aee272e155bd5ca2f2a33e6dfb0f75ee4731ef672a1c30339db0520e743a6e13f794d5c450bcf2ba79,CLEAR,"DARKNESS, LIGHTED ROAD",DRY,IMPROPER OVERTAKING/PASSING,1.0,31.0,2.0,2.0
098c82cc09e4b9dee301f3da17a64c647d85bff21abe5aaa1002532ba32d17b6847726ee9907255131d133936fe30ea4a30e3733a08bca126e32e9f97ce9568c,CLEAR,DAYLIGHT,DRY,FAILING TO YIELD RIGHT-OF-WAY,2.0,39.0,2.0,2.0
098c88f0c9b0aa7790b6e93c791adaf9800d31d3f1a132b39cc86971be00c99de541ff8e39b1981917aa519014c1b3b8ccdaf19ed7ad623506bb9f2d8b9f1b29,CLEAR,DAWN,DRY,IMPROPER TURNING/NO SIGNAL,2.0,45.5,2.0,2.0
098ca464994991d3144255442934a3ba91e95b50b86e8215aee2525d97239b81c9626fc68b0df2d8b482429d0fffc339958f071e2818ef0fc04329aefb56a443,CLEAR,DAYLIGHT,DRY,TURNING RIGHT ON RED,1.0,37.5,2.0,2.0
098ca4678c3238791212ee9443b7861ea1ada21c1a2b32d024014408704dccf9f4cf74184a15094751baf21618528dcf0b49421ac3f388c6a3d2ddc95eba6b9e,CLEAR,DAWN,DRY,UNDER THE INFLUENCE OF ALCOHOL/DRUGS (USE WHEN ARREST IS EFFECTED),5.0,45.0,1.0,1.0
098cc9d0aa6db47f6edcec1bc398c21c40cf7daa2c10fbc60d7b846ece6edf675829a6dfaa897b51ad10277080fc527586feadd88444337c4fa348715f020b6f,CLEAR,DARKNESS,DRY,IMPROPER OVERTAKING/PASSING,3.0,43.5,2.0,2.0
098cd20b801e5a4c79ae8e27094470d0a1a807fa5285e4249143232bf966d9044a1ad4e638b1527cdabc85bca018f1224d76cb2cbe72aef3449845a9a68de87c,CLEAR,DARKNESS,DRY,UNDER THE INFLUENCE OF ALCOHOL/DRUGS (USE WHEN ARREST IS EFFECTED),4.0,29.0,1.0,1.0
098d23014bc49c02df572a4bced8d2c60f18eae3e40ce5165604255c0a7a2893f56f31836ecd32ac661530c88e5a2a9211b5c377cb3827b28bc44ca71afdd65f,CLEAR,"DARKNESS, LIGHTED ROAD",DRY,FOLLOWING TOO CLOSELY,2.0,49.0,2.0,2.0
098d6293ec51d67a969099add9dc892fc8ac9db057235ad4c2ebc8bbd01e5c1e2645dd0951f0c837f7f2e2c30e68e7804ddeaf5481687bbd6f3f198b510ef8eb,RAIN,"DARKNESS, LIGHTED ROAD",WET,FAILING TO REDUCE SPEED TO AVOID CRASH,2.0,32.666666666666664,3.0,3.0
098d7de29f3b0ecfd1b07b82409c28d1e507e733f7d540960d3ae53eb21a4c8c64c511631a7cddc1b1bcc62214a81cce6f4b1d83aad501161859bb8a1f7e15ab,CLEAR,DAYLIGHT,DRY,FAILING TO YIELD RIGHT-OF-WAY,2.0,38.5,2.0,2.0
098d7def4dbdac6c200e72c971c56a844cdce4699dbc06b602e4fe04f1664cbbf15d984bd663765a1767f4ea95343b063bfc6cc8781aefd00db4bec402ffd58c,SNOW,DAYLIGHT,WET,FAILING TO REDUCE SPEED TO AVOID CRASH,3.0,37.5,1.0,1.0
098dc9f4e2957e73ffe9254bd5c80c5832b253c77cfd2b09d1eb14abc23d29437ff12e33e64d8dc2c7bf4010d1ea51125ec75a5d30b0f54e0a116d3d7757a981,CLEAR,"DARKNESS, LIGHTED ROAD",DRY,DISREGARDING STOP SIGN,2.0,37.5,1.0,1.0
098ddae0e83f0fba0d7b979b0b87ac791fb1dc44c85c4e7566080a97802627c20bd609cad4a496a01e3ac885b8376660f58731185685ec866e7d7449919eaed0,CLEAR,DAYLIGHT,DRY,IMPROPER BACKING,2.0,0.0,2.0,2.0
098ddf25b4054dacaa2ca7c514ff0b209d274d83d8a02bc3bd5f292cebc6c7b87373d6502285162f0ab760bd477e5c047f08a794a14002d01ac7a0b9cd13437a,CLEAR,DAWN,DRY,IMPROPER LANE USAGE,2.0,47.5,3.0,3.0
098dfd530ed79525c9412bd89a8398e6ab97318195cbbc2eff6915cd06a27822a84456cf75a3d2f6a355812bdfc430e68de90f6d77ac40c1829f537258486e34,CLEAR,DAYLIGHT,DRY,FAILING TO YIELD RIGHT-OF-WAY,2.0,25.5,4.0,4.0
098e23f605e2ec0dd32162899dd2d7cae03784e304c2b3ec32f6f30a4cf91fd34459cdd4631252581dbcd2b80275d3684116677c4cf53b5f3ee005d8eb5cac99,CLEAR,DAYLIGHT,DRY,FAILING TO YIELD RIGHT-OF-WAY,2.0,25.5,5.0,5.0
098e45fbcc695e349fb38b1a9251308ad1bdabd9809f7f8efb0f67cc5688c01baa4062818cd3c418d881b38454dfac4c86726fce72e4d464f69f6958c2d26791,RAIN,DAYLIGHT,WET,FAILING TO REDUCE SPEED TO AVOID CRASH,2.0,38.0,2.0,2.0
098e531e9a3792d64ccad16696984183bf035c8b5626fa45cff7a76eb3b8016879575319aa5097af66f562e465c1342b8e763b58bd864d35a8211ded9739fcef,CLEAR,DAYLIGHT,DRY,FOLLOWING TOO CLOSELY,2.0,58.5,2.0,2.0
098e6ed66d59559148c3271ec4ad5eaf82e365bc9f17caa8ce7ca2d7bb1154da79bd8b80df1f9c971b25a74d417d63696bdb2470faece002274877566b07c5d2,CLEAR,DAYLIGHT,DRY,FOLLOWING TOO CLOSELY,2.0,28.0,1.0,1.0
098e86c265ec15478aaeac638834ecc5c9598738461a83a85910636095a7d94e8c7c0a02da25e55db791223e73205f48318ed4da98850c42decb3aad9e861984,CLEAR,DAYLIGHT,DRY,DRIVING SKILLS/KNOWLEDGE/EXPERIENCE,2.0,57.5,2.0,2.0
098e8f7f90e3ac0e35361458e75d86a08a2cff84ef32d72aa4fcd62b446e25a5b5a3a1aa4b26d98e59965698cfeed6e204d20b65662f32a0556856289d308e7d,CLEAR,DAYLIGHT,DRY,IMPROPER OVERTAKING/PASSING,2.0,12.5,2.0,2.0
098ed9b0ed11a117cfb7fe8f925c4ec70022b557ff23128a6a15ff24746e0a403841b13cdc8bec562461c6966353916f3077c8bc8ee42bc74cf4b1e5f7c50781,CLEAR,DAYLIGHT,DRY,FOLLOWING TOO CLOSELY,2.0,28.0,3.0,3.0
098f0bd5e232098983cb4ad2a8abd07eb85240a67a5f3dae7304889b6749a5b0be9e28c2d7c8ea2e0a899186703b3050de373cd5cd9d928760d4b2acc032e012,RAIN,DAYLIGHT,DRY,DISTRACTION - FROM INSIDE VEHICLE,2.0,48.0,2.0,2.0