crash_record_id,weather_condition,lighting_condition,roadway_surface_cond,prim_contributory_cause,total_vehicles,avg_driver_age,total_people,total_injured
098f16936cff5c8ebd2dd13cf2ee0ee87347ba3029567d7c31648c9bda32622633234406ae2a9c870133a07728f4f2a43410331a24a6b4b249d3bf7700849cfa,CLEAR,"DARKNESS, LIGHTED ROAD",DRY,FOLLOWING TOO CLOSELY,2.0,78.0,2.0,2.0
098f8be424cfb11d2d9e12e60b4248cea7a45847310371229fefd9dbcd979a20391029877b825fc17957028eaa615c959193cf4f8901087ebd4936818af294aa,CLEAR,DARKNESS,DRY,FAILING TO YIELD RIGHT-OF-WAY,2.0,35.0,2.0,2.0
098f9220b00a977d586020662e8d3c44eaaa98480a760557968894cca6ee101cfbf8f9d936224c6acd42029216f511bd282aa4c9952ccbf51a62555c2f36fabc,SNOW,"DARKNESS, LIGHTED ROAD",WET,FAILING TO YIELD RIGHT-OF-WAY,2.0,42.0,2.0,2.0
098fa106390f6d0e3dd8346899b5cf3b48b2a37e7259e2424719bf6ba11ab49fdd404a15e46f3307ac3de20513835c139e247a7e5514f203e75395c5c311bb9f,CLEAR,DAWN,WET,DISREGARDING TRAFFIC SIGNALS,2.0,36.25,4.0,4.0
098fb8463679a503ae30cec52497228f36c9c4af51897a065ba88f5e6259b055567f1ea70e34a813b3daad9a5c814625b0bdf9b357f2d1190af90f9da5248d69,CLEAR,"DARKNESS, LIGHTED ROAD",DRY,IMPROPER TURNING/NO SIGNAL,2.0,33.5,2.0,2.0
0990214c97dcf2125c4063be12a638f16eb95bf3f59886323abd7e64a903fb2cca4723a636a597616f38223abe3560c58ced4836b0e2bcfdc1466993654825d3,CLEAR,DAYLIGHT,DRY,IMPROPER OVERTAKING/PASSING,2.0,34.0,2.0,2.0
09904243ba5861e359b33d3210418a9ebe37d6d8d3c8518e3c6d6d604f45b360bbbc38a632c01cb394cde02383231ea518814838676111da0281993b24bae25e,RAIN,DAYLIGHT,WET,WEATHER,3.0,43.0,6.0,6.0
099065cfd6c920bdb9c48fbcb9aa68e204f9f3ef29778550d4c4f0a6b0b1020da524fcbceca8703a4956fd2b0478c30c0433f268b330abcb39e269ccfa18cbed,UNKNOWN,"DARKNESS, LIGHTED ROAD",UNKNOWN,IMPROPER OVERTAKING/PASSING,2.0,22.0,2.0,2.0
099077da7607f7e08572081680fb562614ede0620b1658d1628c78be42d5b115539793204b2dd3f989da64b68a1bbeef1e5592f892edbf737e4128f8825c5b3f,SNOW,DAWN,SNOW OR SLUSH,FOLLOWING TOO CLOSELY,2.0,37.5,2.0,2.0
09907dd2bef9a9522b9f8ca8969d4e8d4d4d85c53decb651001d81ea362fff2e90d696cfef57bc5015ec26773921b00af659e24ca4d5314d835b559698d0315e,CLEAR,DARKNESS,DRY,FOLLOWING TOO CLOSELY,2.0,20.0,2.0,2.0
09907ec66e89a04019a8dbcd5fe2f3c0f75e07338a0404a8bb0c61ae31cbcf1324c81a6404db3dc5c960a9cc0901ab9e1bd19a03a19313fc5313ca995904cc07,CLEAR,DAYLIGHT,DRY,IMPROPER BACKING,1.0,38.0,1.0,1.0
09908545394e4364692ece599beb3ba2c593209952d2e90ad6b500cf94a6be2f9e31e891c9ed6d4b596a3bd353d7366281aa9e2f3b07c940592dcce918c5a38d,CLEAR,DAYLIGHT,DRY,FAILING TO YIELD RIGHT-OF-WAY,2.0,43.0,2.0,2.0
0990ab5b7e374441da64cb7c70b85789fe1bee9a7567e8e2e1061e79c81001b0caab8cd0b55e626b8f43482bce093e530b47e5f77261c739216fb07ccd8ee27d,CLEAR,"DARKNESS, LIGHTED ROAD",DRY,FAILING TO REDUCE SPEED TO AVOID CRASH,2.0,30.5,3.0,3.0
0990ae66a5408e69c16eb62d9a1cc6eb49e01f7e2164130a84d6e23585b4708c9772bf42fcc17726548bc62943107b5711def202f7eb30829fcbf799a3adf835,RAIN,"DARKNESS, LIGHTED ROAD",WET,IMPROPER OVERTAKING/PASSING,2.0,41.0,2.0,2.0
0990b38ef60c9266563bf425435a01241e3b36099666aa1fa624380c291a252e2911ec6c470e16a2e6f667bff81d67c04045106df616ffe8c73d9d388484d20c,CLEAR,DAYLIGHT,DRY,FOLLOWING TOO CLOSELY,2.0,29.0,3.0,3.0
0990c72158a13453297c7645b22271631916fbb3234d5f6e868c9a0e588d2c912680a187fe28d4c23f1e3b16d45dc0521281df336b8242a249e532fd6c47c1be,CLEAR,DARKNESS,DRY,IMPROPER TURNING/NO SIGNAL,2.0,28.333333333333332,3.0,3.0
0990d60cb5df18926d1f364391ede989b2b7a1313d4faaec1dfb2d3d7b0e56d13a9f2a9144fc18c0a830330e0d025f6585d185aaa2bb56508565304f05a11720,CLEAR,DAYLIGHT,DRY,FOLLOWING TOO CLOSELY,2.0,49.0,2.0,2.0
0990d6eac0eb0eedef96f051838d02876f684d35a013eb149b120cb679d5c7bc80a9b18cee95cb5623f0493d4887a2e8bf4930b84be0363d9ce6a708deb9e80a,CLEAR,DAYLIGHT,DRY,FOLLOWING TOO CLOSELY,2.0,33.0,2.0,2.0
0990f36c2b8e742572de3febbd04686751c16801dfdf7be2b51f4ec28af0b086b9df93ac23019862af0e5afc5704bf24f308c5295b53ead4d7647a43835a9a4e,CLEAR,DAYLIGHT,DRY,FAILING TO YIELD RIGHT-OF-WAY,2.0,83.0,2.0,2.0
099102330ee1f78affd9ab1164a4206aa7a716dd6049c4b7e6ea1906975988f7fcc49de9b861bcfa76e059b3e980a27b548a2126b955b8b616793c2e1f2858fd,CLEAR,DARKNESS,DRY,FOLLOWING TOO CLOSELY,2.0,16.0,4.0,4.0
09910bcdbe5735998b5c9569228ae61b56cf0c40071e3ec69b6071c1551f9829ac27ff5eb84f9b21f5efb3d96627d5ea278b52dfb4330cb0911f6baad3ae47dd,CLOUDY/OVERCAST,DAWN,SNOW OR SLUSH,IMPROPER LANE USAGE,2.0,30.0,2.0,2.0
099126f08bc66c22ecbfc91b3c8a0240144b8de444b603956751dd31d145bd43f2b5d6bfd9498f7f9cc3bc472100b28790d3330e15994b8c852ee28a0fc02050,CLEAR,DAYLIGHT,DRY,FAILING TO YIELD RIGHT-OF-WAY,2.0,23.0,2.0,2.0
09913993afddfd1c289cfe50611e210acc0069f42772c366d2209782675edcc0ba7ac210f108ea47ff5a32750dcd0b86f8f3d8b8feda9b50f934693553d080fb,CLOUDY/OVERCAST,DAYLIGHT,WET,FOLLOWING TOO CLOSELY,2.0,50.666666666666664,4.0,4.0
09914e0daab6f0f0ff0aa5f06e8476eaf069c8ca9e5823c49b9ffae2a8acbe3b78fba313adba525939949b3d580024882cd64fa52879c0cd6186fdbd34cfe2c1,CLEAR,"DARKNESS, LIGHTED ROAD",DRY,IMPROPER TURNING/NO SIGNAL,2.0,39.5,3.0,3.0
09917f66c7907401f71d4e77ac99598a8749d8dbe4e26001d495083393b6d9cbbb91f94f3e7372f3993f80a18d49acf5765fd01ab53b74b0258ec35ed64f3b72,CLEAR,DAYLIGHT,DRY,IMPROPER OVERTAKING/PASSING,2.0,29.0,2.0,2.0
099187d976e8757833de59fef7ef87f9ab497ffa2d4c6442be24b33bd50c895e07eb5ce35859e782d35674415d1d40619f6ae496433ff8eef04f39aa3c68ecd1,CLEAR,"DARKNESS, LIGHTED ROAD",DRY,DISTRACTION - FROM OUTSIDE VEHICLE,1.0,35.0,1.0,1.0
099188dad99357ca71d973b67fc69e05e923fe4d0dace49343154a69bce078433ed6821d832f0c97467e03a7a7f7529cb25ec146a6fec7272b20ccfb2b2a53d8,CLEAR,"DARKNESS, LIGHTED ROAD",DRY,FAILING TO YIELD RIGHT-OF-WAY,2.0,19.0,2.0,2.0
0991b2074d265e1f94069cc083452439e84f35ae8ebc7f08463d2150943d57cfc67ac4ebde2b238bb6ebcc542a2dcd26d4772c098ddc3e19f97b1c8563ec4169,CLEAR,DAYLIGHT,DRY,IMPROPER TURNING/NO SIGNAL,2.0,43.5,2.0,2.0
09921b039da561c5f8018fb44ddb8ffd4948b1457695cb429f4d7a3784d70bdbf84d372361933cc09891a2fda3e13098220611bb73e2c7d172cd6989c131634c,CLEAR,DAYLIGHT,DRY,FAILING TO YIELD RIGHT-OF-WAY,2.0,44.5,2.0,2.0
09925239ff861511f7d72c81212fe86bafb2e51fac7f45598f07a8d9b286ce4a6fee5654c7f11828359901706907c4424c804eb7f94235570ee791da343c12b0,CLEAR,DARKNESS,UNKNOWN,IMPROPER LANE USAGE,2.0,26.5,3.0,3.0
099264ace1848947737ee8fe1bb61d1e8210a09b8cd62b150d53055037a1d981da02a447eeb6b6946e791d992fc3a998250c9b3ba68fd572f6e05844a78dedb8,CLEAR,DAYLIGHT,DRY,FAILING TO YIELD RIGHT-OF-WAY,2.0,39.5,2.0,2.0
0992694a252b556b93ab0598c657e94576f9ef0a34f7bec9a667c673be55be73fe1b645ff1d07166d8eb56170a3c5b908b5c2b8c53c04e5454b32ae57418dde0,CLEAR,"DARKNESS, LIGHTED ROAD",DRY,FAILING TO REDUCE SPEED TO AVOID CRASH,1.0,37.5,1.0,1.0
0992e9b0c3ba77c8ebb1334c14aa7ed82a0041287ccfc67c90b2f120864d46f7de80d9e3704a74b6e2b4cbc9bf99c1839e835b7b0412a5125834ca231cb90b3d,CLEAR,DAYLIGHT,DRY,FAILING TO REDUCE SPEED TO AVOID CRASH,2.0,37.5,1.0,1.0
0993010e2369cdfd1a427ca8690cc30dc87f1d9d1c96edf7c4949b6e3ab8fbf1018a52b42113493919b959f8eb292f3405e656836fa4ef2ddebb45ba232523e5,CLEAR,DAYLIGHT,DRY,EQUIPMENT - VEHICLE CONDITION,2.0,48.5,2.0,2.0
09935815db3e4e089d02ca98cf431f66919c78b90b7abd87f1e39954edeebe4335a7708d24851902d5917235def5ed182a086fa8200487790f8bfcccfff520d2,CLEAR,DAYLIGHT,DRY,FAILING TO YIELD RIGHT-OF-WAY,2.0,33.0,2.0,2.0
0993cde3bdf945adc9dc6ff4c889e30b0d06be5c6d4ec0d9a5ad1d136ef1f9100422c79308a155452c55976b7e15c0e50db1cb8d678744e1ab7057c41598b3b9,CLEAR,DARKNESS,DRY,FOLLOWING TOO CLOSELY,2.0,31.5,2.0,2.0
0993ceb4d6c44454c43f332204a2684ce2d9e7a6001c5098489ccc28a42aec5cdb8a4658190a0cc0b93004b22ba5945d78e4cc71f9acf5a5fd9789775c30a00a,CLEAR,DAYLIGHT,DRY,DISREGARDING TRAFFIC SIGNALS,2.0,19.5,5.0,5.0
0993dc1f41969cb51771fec999af65cd40144b8388361a37cec36f18ca93d29da958c2d619520277c7805a73fb439e91d8c8128f5eb64a1e2c21285ea3bc9298,CLEAR,DAYLIGHT,DRY,FAILING TO YIELD RIGHT-OF-WAY,2.0,22.0,2.0,2.0
09940d0f8eb47b985503dda7d8f20fb3d9ccd77a1ad11e111042a0bfa789583180162fe8ce64722d07a81b8b16c0bc39dfb871a8fb2a313acf66f336dba47896,CLEAR,"DARKNESS, LIGHTED ROAD",WET,FAILING TO REDUCE SPEED TO AVOID CRASH,2.0,27.0,1.0,1.0
09940e50e8a1c3beac66d93601eace3d5232770ba688a19481d089cc2b01e0cce5ab51076140c1dd91fe100876f44ce4a78d2e79b15b9e3530dcf402818a433c,CLEAR,DAYLIGHT,DRY,FAILING TO YIELD RIGHT-OF-WAY,2.0,57.5,2.0,2.0
09941d7ea695c7e5550784d52c0e702658494f14915ab3d256ffc73ac874241df2856d651a49ec202aaa52e19f74f0d26d4c3fa7aad8656bfb5557bfe18e799a,CLEAR,DAYLIGHT,DRY,DISTRACTION - FROM INSIDE VEHICLE,2.0,67.0,2.0,2.0
099420ad6b3a1f824962e81044f29d11b6c497473caefaefbe9180a72d26b9f4382e575837edd2f837e9a41e31cc073eac3ae05d01b4dc2bfabfa62c2e93fc9b,CLEAR,DAYLIGHT,DRY,DRIVING SKILLS/KNOWLEDGE/EXPERIENCE,2.0,24.0,2.0,2.0
09945e932fefc4c497ffc35129e96037cc3f9d066ca9eece06684456ac637b5d77b8c40dc1f91efbc00f34db6462c581974d1d9369855efc57e5562c5b430056,RAIN,"DARKNESS, LIGHTED ROAD",WET,EXCEEDING AUTHORIZED SPEED LIMIT,1.0,37.5,1.0,1.0
0994823bb995a86a00ad1b78ac35ea4214eae9a207a3737b260c3389240e1d4cb6de77bff792a74dcdbe845aed47eb624e63b50b06c756d8daaf86afab495ca4,CLEAR,DAYLIGHT,DRY,FAILING TO YIELD RIGHT-OF-WAY,2.0,36.0,2.0,2.0
0994a4e59ccac99942bd44be6573fb0ca5b92423d75864c22119cb69108e10aec9c1a4f9cf27ef16b82d66e3378979583c4428acc4c7e8a8d266a01504440261,CLEAR,"DARKNESS, LIGHTED ROAD",DRY,FAILING TO REDUCE SPEED TO AVOID CRASH,1.0,37.5,1.0,1.0
0994c4a265113b8b48d175a36717d468704f06bac2486a7015668e2c153fda8d2384fd5d4825e72a167fd8ff3c3c34321fac8bc8f5a08ba0ca0ee0b5a5e6c3ab,CLEAR,DAYLIGHT,DRY,IMPROPER LANE USAGE,2.0,39.0,4.0,4.0
0994e463369bf5e105216d041e7b5d81de79b963bf2b1b3ee9afa05657f6e664b2049f57e75d10638b492b09d05559d2aacd570be35f43f4054014d67939bc71,CLOUDY/OVERCAST,DAYLIGHT,DRY,IMPROPER TURNING/NO SIGNAL,2.0,59.0,1.0,1.0
09950c3cfd830566dd0fcad91ec314f0fa93641dd81066a8bb22eab2f5a272643c86affe8a1a1d457175bd8fb571b2b4c23efba237a3f3724efa7d2e01fffbcf,CLEAR,"DARKNESS, LIGHTED ROAD",DRY,FAILING TO YIELD RIGHT-OF-WAY,2.0,24.0,5.0,5.0
099511e1bd2f55a4ba8636f63c02783c66b57483318716daaeb143d10b0a8fc8b7caeafe013ac83b725508e901359b843ecd0e64419dc7a165fed1247152b028,CLEAR,DAYLIGHT,DRY,IMPROPER OVERTAKING/PASSING,2.0,30.0,1.0,1.0
0995197fcede14570f7bb4ef07832cd6da549de918d8dcfc3bd1c73f308b4a62a4a14228847f7b3ca553bb2575e07f71d7ac87b08146230e20937da66c7dd140,CLEAR,DAYLIGHT,DRY,FAILING TO YIELD RIGHT-OF-WAY,2.0,49.0,2.0,2.0
0995350d039286c964e17f915fa2b3deb284d97251641cf0b4fd3fcc37460fa81f0b59b9ad5dae079eb35c399002ae89554d8f8b1fc54ab1fb27349be652cb35,RAIN,"DARKNESS, LIGHTED ROAD",WET,DISREGARDING TRAFFIC SIGNALS,2.0,37.5,2.0,2.0
09953b4887005db23443009191a23b725403792f40cc211ab646bf30e83b8cb3adf88c48c5e7000d9c147268d76725c3800619ec0688bc76081a23c8f9d4c470,SNOW,"DARKNESS, LIGHTED ROAD",SNOW OR SLUSH,FOLLOWING TOO CLOSELY,2.0,39.666666666666664,4.0,4.0
0995583103a2d202e6f3abc048d090579514b5494705b3eed55557344e134197a93ce6dfbf3987c7999b8b3f3db7a1b179cda5639a8e0dce8f29d4636e54c7a1,UNKNOWN,UNKNOWN,UNKNOWN,IMPROPER LANE USAGE,2.0,37.5,1.0,1.0
0995694f837d058b59c8bbde92a6fb1b22830ad697f64c67665d6b34b068532cefec9ffddad6d8c1a1881e35f672e89a275c3126f1413c32568bab81434c6f3e,CLOUDY/OVERCAST,DAYLIGHT,WET,ROAD ENGINEERING/SURFACE/MARKING DEFECTS,1.0,36.0,1.0,1.0
09957fa7761054f923b1cf3f034dc1c38ce8f3573face966409c42b7829f12ea58a0139c1d8d0ed0072ccbaaf46e5e4e380048ea66425c0180d956b52dc1349e,UNKNOWN,UNKNOWN,UNKNOWN,IMPROPER OVERTAKING/PASSING,2.0,52.0,4.0,4.0
09958098c54376485596c5d0a15ea3a39540535c80ccc3d0f01799de6a6465bb641121124066d95f11dd1eaf7943e48f819a5117b74cdd19219cd8fe71cefe4a,CLEAR,DUSK,DRY,IMPROPER BACKING,2.0,21.5,3.0,3.0
0995ac5619d24827d661e6a514d385bd9226baf12b9c0a957417ffdaecc62115a6440563090e15b1f8ad42bc152b84bdbb4a93d4f987049a95edfaef3c978ff6,CLEAR,DAYLIGHT,DRY,FOLLOWING TOO CLOSELY,2.0,44.0,2.0,2.0
0995af462a3f0af26703e417febd19650e888c01e9eef70903ebf9c2b64589bcdb44f5d6aba0509806dfb02041317230b78a0d86e7a0bd572ba1dd2ffbdcccef,UNKNOWN,DAYLIGHT,UNKNOWN,IMPROPER TURNING/NO SIGNAL,2.0,40.5,2.0,2.0
0995c66ed2c5eccb08db7499848d6bc3a76f6cf4316f2cdd2b73e863ad01c4e144662ec45e71523627c35588ade75c763522fc92acbb2ba98b6817502f621f3a,CLEAR,DAYLIGHT,DRY,FAILING TO REDUCE SPEED TO AVOID CRASH,2.0,29.0,2.0,2.0
0995ded61b65e70cd1e92f4e342b9567807526e698aaeb55fe16db42cbbc3fc124a1ec98924bbb54d6e40bc2f8a00f6e7344eab9d0f38dcc997f8d1e2b86660a,CLEAR,DAYLIGHT,DRY,FAILING TO YIELD RIGHT-OF-WAY,2.0,46.0,2.0,2.0
0995ef4b9915c04d693c64f16156749d1f2e6a9a7b3e8d63225ccc5a50ba4c12b96055fbd3e6fb0bdd4117fd46c20377462c96ceab9bb82780ed4e4aa6c7461b,CLEAR,DAYLIGHT,DRY,IMPROPER LANE USAGE,2.0,37.666666666666664,3.0,3.0
09960480eee3b821c68b59da7679d61014e4ed5e7df0affe5dc4399d4c10942ed19778c8a9b034e2318f16cdd0574f5e87ee4f7796c1fb7b9d29c943c96ec82e,UNKNOWN,DARKNESS,UNKNOWN,DRIVING SKILLS/KNOWLEDGE/EXPERIENCE,2.0,37.5,1.0,1.0
099620b32d8bf63d8e446ee2717d8a73b82f785ceeabd0525299f192a67403d9a0683dbbea4ff227aaf73729d3e74dcdc78aa4ae6d8717585e5651ef688d192b,UNKNOWN,UNKNOWN,UNKNOWN,FAILING TO REDUCE SPEED TO AVOID CRASH,2.0,54.0,2.0,2.0
09968b0982afb0b0c1ef4c3136e110043516e69df4656d0c5a9484e097ff6a71019cf73be3ffdff78aec42ab5a5651ff96286a12634bae8b900a7d477ef0226a,SNOW,DAYLIGHT,SNOW OR SLUSH,FOLLOWING TOO CLOSELY,2.0,21.0,2.0,2.0
0996b0d25c4f171368a6b1a067f8d927605092ad6b42eef3d1126d80e8cfb1e56499fefafa4774f6325ca50608f26550719817bd56be8a468ce8f75b2d24a2d1,RAIN,"DARKNESS, LIGHTED ROAD",WET,DISTRACTION - FROM INSIDE VEHICLE,2.0,13.5,6.0,6.0
0996c6c338b642eac4e21a54fe5410f8fc2d165f71faff1a6c49c0a73de34ac82c07dbeeec99ec5e2aea4f0ea06da5d948492fba5700ceb8396fcb683119536a,RAIN,DAYLIGHT,WET,FAILING TO YIELD RIGHT-OF-WAY,2.0,41.0,2.0,2.0
0996ddae124c4555d02003e97837a53bf77a7c8db9c7a22c9f6ba262aca351aaccc9687cdd929adbc82325342656871a6a8ad710c2c12bc5f05709dedc5d8713,CLEAR,"DARKNESS, LIGHTED ROAD",DRY,FAILING TO REDUCE SPEED TO AVOID CRASH,2.0,44.0,2.0,2.0
0996f93a2b45692f339eb5be921353d69fef0cdacd151a84600848e964dc7c3b66803bfdec170eb6c406707b6d1526a83f389401fa0f734530bffffafcbccac0,CLEAR,DAYLIGHT,DRY,FOLLOWING TOO CLOSELY,2.0,48.0,2.0,2.0
099729258dd193c52965dd9329012cf7de81120a6ea58db25b353000bf62df81d2f0b85711f46540516b48c501b8a3c2f12e997e826aea88b1b3abea169c9e80,CLEAR,DAYLIGHT,DRY,DISTRACTION - FROM INSIDE VEHICLE,2.0,30.5,2.0,2.0
09973789cf4d96243a125a88196e4dc6563d33a95db5b621e811d8cbe67e6bdb78c21a74d905f7458150e09ea60f50e1705f37d5a21bb535edb7b5463725f70c,CLEAR,DAYLIGHT,DRY,FAILING TO YIELD RIGHT-OF-WAY,1.0,27.333333333333332,3.0,3.0
09975018e4799ea5198231aade15b386d692d71a63fef25514a277b2e1a3aadada74faf3552f9c1fae0c51c4786e1b441390741271f73ebc2f557ea1933fda36,CLEAR,"DARKNESS, LIGHTED ROAD",DRY,IMPROPER TURNING/NO SIGNAL,2.0,39.0,2.0,2.0
09979d04491d5e82259973ba17b27b5a9910b84f3b7940fa2d87f95d430132959ac3732e579f46e24812aaa699127df6e87cfc566f082204cacc84fa58ebe992,CLEAR,DAYLIGHT,DRY,IMPROPER BACKING,4.0,40.5,4.0,4.0
09979efe0f215cd58923a6b59529c3508feef2d292123554c94f8302408ef17c45a22a3723658ea539f7eb2666fb10837deb4687bcf76a13d3672aa83d9dc867,CLOUDY/OVERCAST,"DARKNESS, LIGHTED ROAD",ICE,WEATHER,1.0,24.0,3.0,3.0
0997a13a2d2d840d2a03aeab358c083bd4c17770f572b97d7c35a3f8435122c188fee80432b03ed67773a6f91db7fa3345d106c2a6282e49b1f69820ea9a6501,CLEAR,DAYLIGHT,DRY,FAILING TO YIELD RIGHT-OF-WAY,2.0,36.0,2.0,2.0
0997ba091708a3bc65ef1e6bb7d7876574ebbd3e35d730dfe2ce7e764aac31d8837317f0203139a08a90b030e0bd2c7bce777975044ebe3487dc5055fee41814,CLEAR,DAYLIGHT,DRY,FOLLOWING TOO CLOSELY,2.0,27.0,2.0,2.0
0997c205435ba7352c199d2c638b777284699755e034c389bd5c7fd90f39a4905545a1e9b6585ab6b239d8ea9350f932e9bbad19f14e5f6446c0fa5a886644dc,CLEAR,DAYLIGHT,DRY,IMPROPER LANE USAGE,2.0,62.0,2.0,2.0
0997cb99a94cf7c6c2e040c8a1be7b9aa38e824db102397105f8cf8599820bd3326d3a338a7d1321ec1b231b9308807b6fdccd88f0da7a6257cf57eac52fb0de,CLEAR,DAYLIGHT,DRY,FAILING TO YIELD RIGHT-OF-WAY,2.0,40.75,4.0,4.0
0997dd2021a10273fbd2e60db0e0fdfd9808e14279b1bd0b5634dba6b426a0ff07ce45dc41e46f9e241d2ec13a61526108a096be98e016d107899be3137d9626,CLEAR,DAYLIGHT,DRY,FAILING TO REDUCE SPEED TO AVOID CRASH,1.0,18.0,3.0,3.0
0997e7b5be9a75251900cdb3e47acb6569e4c0127c18e72bab22c3a07d6a7971199e2c739cdf46a988d2a58579579a157a20ed0d29257b174f87ffe5e9903b1f,CLEAR,"DARKNESS, LIGHTED ROAD",DRY,DISTRACTION - FROM OUTSIDE VEHICLE,1.0,29.0,1.0,1.0
0998313d2cc893971f10e91d0c23449b186749d74c9e0590531ff34f5124786c670d34a3d8842dd5f47b8fa7ebce4bbadc14eeb8555e52d43b513fea64796dc5,CLEAR,DAYLIGHT,WET,WEATHER,4.0,38.833333333333336,6.0,6.0
09984c69449fcbe5ba7f81b31f428e351ee1f36e22450315966e4f1a74db61879a31bf5fda65bfe7d6ffe9ecc7d2218339130148759c9c2cd584465de1a6f718,CLEAR,DAYLIGHT,DRY,FAILING TO REDUCE SPEED TO AVOID CRASH,2.0,34.0,2.0,2.0
09986c9f74034d8d0b9c963cab5d5fabef1519faac2118dc598236c649d0fc888fab9d6978ed0ea09a679f9995da83df431539c230a784d5d43168ca8b03ef7e,CLEAR,"DARKNESS, LIGHTED ROAD",WET,IMPROPER LANE USAGE,2.0,44.666666666666664,3.0,3.0
099879f4cf59d4891bd37e257ed59d1bc98c6260866050a0c3bad629c1e984c7ac3b6a24d12539d2a0c920c10469d36f3ea8da742fbd8e28fd081b39980451df,CLEAR,DAYLIGHT,DRY,FAILING TO YIELD RIGHT-OF-WAY,2.0,33.0,2.0,2.0
0998d39c80655e144cc58908c8c940195f100cf9b6473347cb289d1f7aefd32ae80574d6d80c3a96f14036d883f3e5743bd9993f3e7c8ec8cf25f3f1616487dc,CLEAR,DAYLIGHT,WET,FOLLOWING TOO CLOSELY,2.0,47.0,2.0,2.0
0998d47ef7c1a4557023064074143a08db4e48372eaeff435914c5bbfe04743a989e222be3bc5d382e4bc89fa21c8201986595bb702b2a382d753a7d849b89ca,CLEAR,DAYLIGHT,DRY,FAILING TO REDUCE SPEED TO AVOID CRASH,2.0,39.0,2.0,2.0
0998d9d7d2f0605893addd2bbd16cf71223702ee5a168171546afab8c6e335ef396f8b6f767502a0df2ca98efb2ecb719ebb54ef1d44f5d580cc1b52efb3a422,UNKNOWN,UNKNOWN,UNKNOWN,DRIVING SKILLS/KNOWLEDGE/EXPERIENCE,2.0,28.5,2.0,2.0
09991b10966371422e6317b2361a37463fce5b0e02848eb902ae1c96843dfb778eac7fc7751d5fa45df40fef0469dfc0f9ac31e1e62838f33470cf22f7501b41,CLEAR,DAYLIGHT,DRY,"OPERATING VEHICLE IN ERRATIC, RECKLESS, CARELESS, NEGLIGENT OR AGGRESSIVE MANNER",3.0,27.5,4.0,4.0
099930ec7544ee2aa87f3d25005d4d14025137c198442e31e02485337ed294f95df9fc482671606dd5328b0dee0586bbfaf5a692556d82edabd8542f45cd9cc4,CLEAR,"DARKNESS, LIGHTED ROAD",DRY,FOLLOWING TOO CLOSELY,2.0,64.0,2.0,2.0
099964d85e91865c4b2607ab13dff68bfcd15a280a40acbbcf8e206d85293e692ef459f0996278b14602a8a80e8f8459566471b2dd5c661191a9fa36b8b97772,FOG/SMOKE/HAZE,DAYLIGHT,DRY,IMPROPER OVERTAKING/PASSING,2.0,32.0,2.0,2.0
09996e8950f372e26632a1d23f80e55be0c8fde8c06ec6424f76bd45c77183339108e2cbfe2f368233c00f48d5cc0a159ff77502d6b66623a84a16c75b98c7c2,CLEAR,DAYLIGHT,DRY,FOLLOWING TOO CLOSELY,2.0,32.0,2.0,2.0
0999822dd474ad64b70a26ce597c3c2d1b926760f6aff147832dea1fce91faeed32eff5250ffbfc5869d587b997370ffb340bd10a836f0b730eb67b7cad7e53b,CLEAR,DAYLIGHT,DRY,DRIVING SKILLS/KNOWLEDGE/EXPERIENCE,2.0,55.5,2.0,2.0
099983b65b228fd328fde7b45f873a3091c7f18228100338da3cf550a5e1bd714ce8c78eba37ea9fc08db1500347db6856db5aa3e2931a9d73b91bbfac4f0d88,RAIN,DAYLIGHT,WET,FAILING TO YIELD RIGHT-OF-WAY,5.0,22.5,4.0,4.0
099992a1006add89705251401905879cfdfaddc79f6aef4508029dd039a5eac6d6d8423f0816349f326268dd904a7210a65375a7e04cf5b47f551b4f25fce1b1,RAIN,DARKNESS,WET,WEATHER,2.0,37.5,1.0,1.0
0999bb7b2d40b22ca56bb1a6cd2ee02c5ec31b6d59e993078314c5ea8c55159e25316bde58632dfe6d45ce785cd54b5e9c89d08c81c6514004a3a139f87d67c6,CLEAR,DAYLIGHT,DRY,FAILING TO YIELD RIGHT-OF-WAY,2.0,46.333333333333336,3.0,3.0
0999c56556753181f478a008549f83e710951e334ded7c5303213d40eb0795bdb19c1bf08dccb1ae149de660d698ac73f78159bb327ea43857356ee436f6ff1a,CLEAR,DAYLIGHT,DRY,FOLLOWING TOO CLOSELY,2.0,82.0,1.0,1.0
0999e2a063bd5cf3a8d1f87746aa133803d5c8ad3c072a5f4d008afcd64bbfbceba01d0d18666638ff3bd0064528c9528a7ff279a4923a24295760c84115caf5,RAIN,"DARKNESS, LIGHTED ROAD",WET,FAILING TO YIELD RIGHT-OF-WAY,1.0,12.0,2.0,2.0
099a27b942faf7bc1b5b37adf266fe92b22e2a9ec52683fac047c8231a97a9f0ba842a3fc513c9a0818144cc128138d8fbb0af70f165d708bba886e5b0743e5a,CLEAR,DAYLIGHT,DRY,FOLLOWING TOO CLOSELY,2.0,49.0,2.0,2.0