crash_record_id,weather_condition,lighting_condition,roadway_surface_cond,prim_contributory_cause,total_vehicles,avg_driver_age,total_people,total_injured
099a7149012b4e4b3e7bee69a392a0bf83f2a2e05e98edcbc582f40b1f384d3adb460f488e57e9793eaef757e852a5f881ca8b7f25645716e9e2653121cc8b21,CLEAR,"DARKNESS, LIGHTED ROAD",DRY,IMPROPER OVERTAKING/PASSING,2.0,66.0,3.0,3.0
099ab5874d8aef40b2049d30d58dadfafcc5af9fa18a2ab20114522c058b09d966e45e4dcc95c5f9c2bd2b8b4cce1112c478ac234c70d087de0c547aa4111b66,CLEAR,"DARKNESS, LIGHTED ROAD",DRY,IMPROPER LANE USAGE,2.0,40.5,2.0,2.0
099ae9d513677c92d6052790ab1cca97d2fb36c98a771cc28ea9315b9c2cebe8b495e92100ed63117746f174f08aa7da43f26fba41a63f0c25fcd6fb6a742265,CLEAR,DAYLIGHT,DRY,FOLLOWING TOO CLOSELY,2.0,55.0,2.0,2.0
099aeee4eb86a3713682fa3b0d75568132ba14d864efea19223b4ddc7a79f9c1d9acf43ee669efb81d11d92bc8ead2e6ba5e95acd9d6e54e56b3a3b9c7e6d410,CLOUDY/OVERCAST,DAYLIGHT,WET,DRIVING SKILLS/KNOWLEDGE/EXPERIENCE,2.0,44.0,2.0,2.0
099b289ae82eaada2f4fee64400dc76a8d4574a2ec1e0d6b5c43857aaf4919df43dce30afc82ae67c179edfce9242db26c93e8b781c6c8f30c50018f22c06bee,CLEAR,DAYLIGHT,DRY,FOLLOWING TOO CLOSELY,2.0,37.5,2.0,2.0
099b57d4d0136af635e91f5975fd4252af67f4f263a0518bb83bd36ba98808cecd0fa74640735f8868ccb8d306302f64474d205d252a542854c031f49dd92b08,CLEAR,DAYLIGHT,DRY,FAILING TO YIELD RIGHT-OF-WAY,2.0,30.5,2.0,2.0
099ba547008ba9c27a102686df9ce2085c809df2d7827835cbf6c3cf42e3a6f1e15be79df3fe1a8dbfaa881f74d948928dad00f5eab3b92581fc764e4fb647e9,CLEAR,"DARKNESS, LIGHTED ROAD",DRY,PHYSICAL CONDITION OF DRIVER,2.0,33.0,1.0,1.0
099bbfac56e99cbb14bfdc2cbbb6136c3fce1c7f17314174b4b390194e1107bd4146373a738396eea24a812b3d15f6391802315c52b62d826da9037f13c698d9,CLEAR,DAYLIGHT,DRY,FOLLOWING TOO CLOSELY,2.0,46.5,2.0,2.0
099bc0150fdc1d33545c83b954fe477712d186a80e81d5c5b3727b3fa4a9b1c996fa8382d4098b56160bc6aa2f92672c97e647574dd7086bc87b413ecd4b1c82,UNKNOWN,"DARKNESS, LIGHTED ROAD",UNKNOWN,FAILING TO YIELD RIGHT-OF-WAY,2.0,39.0,2.0,2.0
099bd649a3337c39402ab61ee40216937920850adc723e6db3d18a78c6cf41a329dce5dbd71092ee42b242536ff4193728c9b042ffa3e9f277fd83efc4c2eb2d,SNOW,DAYLIGHT,OTHER,IMPROPER LANE USAGE,2.0,42.666666666666664,3.0,3.0
099be1bbf31a56497c0a97fe35fda5d45a1484c1b7b8c963bf895325c557555fbf2b847c8d007c697f3b9d48d2bae62b390f4cacbd3c92805023b358beb09f9c,CLEAR,"DARKNESS, LIGHTED ROAD",DRY,PHYSICAL CONDITION OF DRIVER,1.0,33.0,1.0,1.0
099bf8afa0a0e7d5e9f78487af29b0a2e15d124b1cd881a6325340dd19228937464d413aa1395e449299bf71c08b3c8bb0040f12ad71fbd1576d81c7d3949c4e,RAIN,DAYLIGHT,WET,UNDER THE INFLUENCE OF ALCOHOL/DRUGS (USE WHEN ARREST IS EFFECTED),2.0,29.5,6.0,6.0
099c0990bccd026519bf1eb2e511cb58b23898777cea07588b890cfc563ddeb4f448d2be116d024e7b040d4be12f505e5bdaf7643e61c4ad9d57fc5c75c2ca36,CLEAR,"DARKNESS, LIGHTED ROAD",DRY,IMPROPER OVERTAKING/PASSING,2.0,43.0,2.0,2.0
099c2683ceda341fa0abec9471f4ed17034b5170d05e69c8583b181d53992f3504b38a611008f44e098c26bae7ab126c6250382fb493d37045223735cbcacb3a,CLEAR,DUSK,DRY,IMPROPER BACKING,2.0,23.0,2.0,2.0
099c4e2ce55536f5fd65ed71cd52cad69c0231abe0ca84c4bbb94cf8ac3201feef661e24ad5987141e95f9d69270baf9e26c72f8e07159800c1d3cc83a0d21c9,CLEAR,DAYLIGHT,DRY,DISREGARDING TRAFFIC SIGNALS,2.0,39.666666666666664,3.0,3.0
099c567ecac618c58e615827d1783152be3f6d84601929bbaa8feca087051c6882ce486a1c29bb57ec225f5a83cbd63fa5796dde52760bbb22d8eb559185271a,CLEAR,"DARKNESS, LIGHTED ROAD",DRY,FOLLOWING TOO CLOSELY,2.0,43.0,2.0,2.0
099c61a9fbeb8160e060f7cbb423c6275a743c5488aedc6ec539153e65a6dfd7fbeaadb68c0ace94a4ad6e8a192b287681fda09dbed375302c8e2e1361896311,CLEAR,"DARKNESS, LIGHTED ROAD",DRY,FAILING TO REDUCE SPEED TO AVOID CRASH,2.0,37.5,1.0,1.0
099c76f9680ecb74df2ba983d832171f5fb7b646b916d6078f614eb7a2f32da41c82a7b52e0b8b28339dc82d11475588c669349513def56ebf50dd65fb941ce0,CLEAR,DAYLIGHT,DRY,FAILING TO YIELD RIGHT-OF-WAY,1.0,49.0,7.0,7.0
099c8113410a92bb655dbef2b53f7a2a6bfd96b4c70410c31b94029a94152792ab14deaacee4c14d0927583bc25fdd68ccafe9e541145a2f659125853cc56836,CLEAR,DAYLIGHT,DRY,FAILING TO YIELD RIGHT-OF-WAY,2.0,34.5,2.0,2.0
099c8aed6db2a59657e843fe9025b6afe20950ae275711e9dcd91f5ba6dc1f28f95298ee54215b998d12c4b1d03478ef9e2ff2d375baf1c80d8ceabbbf6a76aa,CLEAR,DAYLIGHT,DRY,FAILING TO REDUCE SPEED TO AVOID CRASH,3.0,34.5,4.0,4.0
099ca576b00fb2e6459c731f962917c00d7f7601231ded3bb70af9a8b20e8b3dfd17e963b74875c93d4fb002bd654cce324c74b0bd8b2140d7d8c2156b34b8fc,CLEAR,DARKNESS,DRY,FOLLOWING TOO CLOSELY,2.0,39.0,2.0,2.0
099cb067d1cce5e7519837b62fcda12c9f62f133ed940aa47298446635011483f2b8a502bb4342c0d4d81db8612a90b7d3d342f15a94af0c38574c7d767560b9,CLEAR,DAYLIGHT,DRY,FOLLOWING TOO CLOSELY,2.0,31.5,3.0,3.0
099cc4a413bd2b46177c87145e5e8da6d98388816116fe83f2cbd7558a2a5ad5d641a537549c446f50bd6ae291f5f339df034d5c30db69d2340d8d0863a2fb9b,CLEAR,"DARKNESS, LIGHTED ROAD",ICE,FOLLOWING TOO CLOSELY,1.0,57.0,2.0,2.0
099d06155fd28fbf449cca69dd5d368f3fff99c5a5025bbd2ff3dbc169d2d8667b7ce066fa1019be83e7fbba4d3c7e0c601ac93119a80f91fe4aa68626876fe4,CLEAR,DAYLIGHT,DRY,DRIVING SKILLS/KNOWLEDGE/EXPERIENCE,2.0,58.0,2.0,2.0
099d27ab2776f7b65a689a2feadbf861e51f6ce8702b98a1192c8961d8a1e5983dae348002aecbff8853ee737523986e3206545eb6bc99af61a77879d5129453,CLOUDY/OVERCAST,"DARKNESS, LIGHTED ROAD",WET,FOLLOWING TOO CLOSELY,2.0,41.0,2.0,2.0
099d2a594a5e7ad43548bd6226e4294090894f9f91c9860c53d92c238c30a3793e86f80d3884c395682e90e89489c775057df5450e58d43cc71a6823126c8ae4,CLEAR,DAYLIGHT,DRY,FAILING TO REDUCE SPEED TO AVOID CRASH,2.0,37.5,1.0,1.0
099d3b47886c248e75bbcf5631a4182e101f8dfa15d2cd931115b14c93fd3a9307b0b9520cddbabb1c0701b0ab141736fd909910d4fe3997d6a95a6fafb91ca3,UNKNOWN,UNKNOWN,DRY,FOLLOWING TOO CLOSELY,2.0,37.5,1.0,1.0
099da2ca88efbc4b6444281ee39b6cb68c33f575b946c8db0e2eed412ca455941a4d008edbb14e8a14860d1abd5cbf119dc03030094b0bff4b4f9d30acf4c994,CLEAR,"DARKNESS, LIGHTED ROAD",DRY,FAILING TO YIELD RIGHT-OF-WAY,2.0,37.5,1.0,1.0
099df41db1fd6f05d5013783aaae3e76c91a26d89838cdccf02e37592847c60ef05bfe963f6944044d1dcb7610b24f6a969e3db6f2ae9904c99d67220ec8e36d,CLEAR,DAYLIGHT,DRY,FOLLOWING TOO CLOSELY,3.0,32.0,3.0,3.0
099e9e3aeb90cd37c5291a9e19b076ca73f3f43639c7270c6f1eac26f10bdb675886e14c5e938d67f9a5948a096f6297c376e6589a5b8412ab59a2645731adaa,CLEAR,DAYLIGHT,DRY,DRIVING SKILLS/KNOWLEDGE/EXPERIENCE,2.0,40.0,2.0,2.0
099ea38bfd9244a395bff658595dc94348c10f486a2c143e844a47963a062650b1e5230916be732a72d8e0c7f451e2f3b1b4db8c86324e0fe401eb3f5505e1f7,UNKNOWN,DARKNESS,WET,FAILING TO REDUCE SPEED TO AVOID CRASH,2.0,37.5,1.0,1.0
099ea3b14969d6ccb2c7f111aaa211d1c31cf461a07a91d0fa648741f3943de43c06a754c9da3999782a6bed02c606a7fd4c15d3735aa610093fb46429282004,CLEAR,DAYLIGHT,DRY,FOLLOWING TOO CLOSELY,2.0,23.0,3.0,3.0
099eaa071bc31f32a32e705af1bbdaa2a514047059320c52132ab4edcdcc590cfca1eccf5e8d32b3a04f65708355c304f30340be2529d5a5ce867f9ad4172bdd,RAIN,DAYLIGHT,WET,IMPROPER LANE USAGE,2.0,37.5,1.0,1.0
099eab39362aa22c734defb139a05a0850832a26d7ce07305c272112a830d07117d9a65d36c5c69573dccc1fb925db55d1f9aa9c2cf06146d9c504c862c413ab,CLEAR,DAYLIGHT,DRY,FOLLOWING TOO CLOSELY,2.0,40.0,2.0,2.0
099ed3882a3d68d70fa2947c1a1dfa6dff86558596df6244dd6ebd72b3e75e50b307639735c19fd9c2294422c3fb655e42c31144cf0c85e20aaa58bbbe6888bc,CLEAR,DAYLIGHT,WET,IMPROPER LANE USAGE,2.0,29.5,2.0,2.0
099ee1bb522c785dc01ba5e5196ecf863cc8a5ec46c351cf322e8586af048e00066eee0e9326985cfa722297d9aa7b9908b50ff93b29f074333cb7b420e02be4,CLEAR,DAYLIGHT,DRY,PHYSICAL CONDITION OF DRIVER,1.0,57.0,1.0,1.0
099f02773d1dee8af1a67f4a42ff142ca0721c57b695ab6a5bd98be101970dec42c30fd792503c1b5a1003cd38e86ed978b941acef5b7bf1f9476b3bb050ba1e,CLEAR,DAYLIGHT,DRY,FOLLOWING TOO CLOSELY,3.0,37.5,1.0,1.0
099f0b397c34366b7ce997558e6a2ad74558e734a65d4ec1ebf77c4eec02fb91bda1a4285253deb9ef2667811a539036f2c7f592b134e2f2d5ef511fe0775e11,CLEAR,"DARKNESS, LIGHTED ROAD",WET,UNDER THE INFLUENCE OF ALCOHOL/DRUGS (USE WHEN ARREST IS EFFECTED),2.0,32.5,2.0,2.0
099f55a59cc209fa1ba91ad6f7c394c5a6440c18c48d93fbfa347c4796a914ad6fc9a09c2128392a651b629309a22ca3dd1b1e1295d388c34969973b87fec693,RAIN,"DARKNESS, LIGHTED ROAD",WET,IMPROPER TURNING/NO SIGNAL,2.0,22.5,2.0,2.0
099f7e1ea03b5573873454b873f460b2c0bf053fc6e95d3af141e5657d23ea51b20819e3e4f4948e13e460571a177cb88dd622f935d7e06db8f9b89b78f9a27c,CLEAR,DAYLIGHT,DRY,DRIVING SKILLS/KNOWLEDGE/EXPERIENCE,2.0,37.5,1.0,1.0
099f8efc5d771cdc6f92373ec84b9f0f9bc3a0fbf563e6a34d783b497adc75d40454a6b7c4a2755e6fb14f37113168143713a8657ee96173bd563a434a56e6b7,CLEAR,DAYLIGHT,DRY,IMPROPER OVERTAKING/PASSING,2.0,57.0,2.0,2.0
099f9bae2e1fe0b3f5e56d3a68032a3c04066ce7291a82509cd620eaf4440aeda0f97a5472547fdb8da3974584fa113a5a1eb093a3893156bbeaf1439b46914d,CLEAR,DAYLIGHT,DRY,FAILING TO YIELD RIGHT-OF-WAY,2.0,53.5,2.0,2.0
099fdaba64336fe64a62f081827d73aea21cd85453f8be8829eac88ddaa7e6623c60f64da85cba89df6d32ebd36a3bb91e4de0a3a689cfa738960a54540fbe6e,UNKNOWN,UNKNOWN,UNKNOWN,FAILING TO REDUCE SPEED TO AVOID CRASH,2.0,37.5,1.0,1.0
09a01b545a54b1d8eceb2ef9237033c4fff9fe4dcc85788b7bff05f4245909ddf906ff68735f4c864453d557e1251fbed99c8fc2147717d14fa7db23e6c2b63b,RAIN,DARKNESS,WET,FOLLOWING TOO CLOSELY,2.0,30.0,2.0,2.0
09a045f63b89b3096d47136b6267a53dde428c8c1a2c69a684e41bc02583750355693b2a5c17db3ee47b853b180be7b6b12e988d3b558791991d4b84d6204278,CLEAR,DAYLIGHT,DRY,FOLLOWING TOO CLOSELY,2.0,64.5,2.0,2.0
09a0472728a7c0b51a2c29e6b8726f9ba056ae57fb5df34cced939de4c2c2bb0408afef0fef8eff4fb037cc467da08544fb495f445ec72e85ad09c74fc83b5a0,CLEAR,DAYLIGHT,SNOW OR SLUSH,EQUIPMENT - VEHICLE CONDITION,2.0,28.0,1.0,1.0
09a06afd66c47e6a5d46915f4c08322c4377d666cf7a8aeca94ad62f3769afdd610886d038084365ec79f28029c14f48622d71705af162983f0faebb5ed26a0b,RAIN,DAYLIGHT,UNKNOWN,IMPROPER LANE USAGE,2.0,33.5,2.0,2.0
09a071bfc42d2280f869062845da911f337f3e896c22c1661711fb8ebf3a086740f2e41df4a2a280f4a3b98d91349ab7489b327f1fef0d66abbf8e8e0eb5bc03,CLEAR,DAYLIGHT,DRY,IMPROPER BACKING,2.0,54.0,2.0,2.0
09a0a5d6cb80fbf961a99c2410b8e81f4dda3e39b58ed8fe12ccb6c81b1ffc9b29d4c626686315dd1e8719c04f69cc24aeddc89c21688eba71dbea2f0d86fc45,CLEAR,DARKNESS,DRY,DISREGARDING STOP SIGN,2.0,20.5,2.0,2.0
09a0c4d8c3dddd18624d28593da2b67060be698eb2fa59955d0183c96f1e34e43982ded0825ddcdf2538029aa12d6a7161a2900631ccce5537640ed6a93fb52d,CLEAR,DAYLIGHT,DRY,FAILING TO YIELD RIGHT-OF-WAY,2.0,58.5,2.0,2.0
09a0d65e1d44c200197987fed00229f96c8b83fa8d5c239851ad8f0c3ef659e9ab8ddbf4c49e93ec8b2f5db4a7a0c127f5cb40509bff9e06197024058b6e4707,CLEAR,DAYLIGHT,DRY,FAILING TO YIELD RIGHT-OF-WAY,2.0,32.666666666666664,3.0,3.0
09a13801ab30a10c9bca7ea8610fa42054bd9ffc5bc90827743e1ba9f6be54aac8b892bf5d37776addb7bfd88f596cc31c13040f6b99f6689df2858088dd6ed6,CLEAR,DAYLIGHT,DRY,IMPROPER OVERTAKING/PASSING,2.0,28.5,3.0,3.0
09a14b7a45d807652b0de04291f59bab1041b8715fa5f3b8c0b327bcb1326023f9773585c233f5a4db4f3801ab17cb4abf00ecc1dfb444aa3b57e74a0c2e8302,SNOW,"DARKNESS, LIGHTED ROAD",SNOW OR SLUSH,IMPROPER BACKING,2.0,38.0,2.0,2.0
09a14cd2cd27e49be40027d18790c1c8ea172def17ed97c283933646fb259547121cb7bbf256d8ce0b855fc2fbfe2f1ddddd53e69fd5a69ccf861a4ff04b9540,CLEAR,DAYLIGHT,DRY,FAILING TO YIELD RIGHT-OF-WAY,2.0,52.0,2.0,2.0
09a16540cf3f5cbd65e95757eef3ef499621e32273fc084b3e49bc7af1b14d49a9f60ba6c3bdfd2599c4b303685ea2d365bf0de10b36da720602b215847e8ab4,CLEAR,DAYLIGHT,WET,FAILING TO YIELD RIGHT-OF-WAY,2.0,44.0,2.0,2.0
09a17378fb919d2788928b87dc783bd2f854d522e5e610be67dd08c9eddb6290144ab0a611e25e4e0d45c8b6ef3fd86b7e4f1ee9af05894e744eda344e6ba8f2,CLEAR,DAYLIGHT,DRY,IMPROPER TURNING/NO SIGNAL,2.0,39.5,2.0,2.0
09a183801da519e8a77f63c876935635e08c539dc2231e588799897591b502b19bb934e9c011d10a16727358a7c6b935f2e56741708fdd7a6e0a6e3874feebff,CLEAR,DAYLIGHT,DRY,FAILING TO YIELD RIGHT-OF-WAY,2.0,23.0,2.0,2.0
09a1a61efbb4070066e1736153e4accac785a090be8d7403deac2ba15801a2a7c79f69c454309efd93fac24621bd51422a4836840c5ca9105123b5ba3739912d,CLEAR,"DARKNESS, LIGHTED ROAD",DRY,IMPROPER OVERTAKING/PASSING,4.0,27.4,6.0,6.0
09a1d9643a8e6fc045aedd24aa4d2eedcc531996eadf317f9a252353d2f80f6487217663571106c77d34d3f6a3c605bb94fc7632584d3434191b68e5d663936c,UNKNOWN,UNKNOWN,UNKNOWN,FOLLOWING TOO CLOSELY,2.0,53.0,2.0,2.0
09a1fc001855d3e26e63bfe13c59abe75cb2d7034fd7831d17b4d477cc289e43d0aea0d3f16148a4c3b5f2339f27b61e3f9d575fd963e1481ac8192890e8d0a7,CLEAR,DAYLIGHT,UNKNOWN,FAILING TO YIELD RIGHT-OF-WAY,2.0,71.5,2.0,2.0
09a20d14d7f0933ca013e2b9532d3af2902292b7f2782bbac54d9e974f3982287dd86ff5a69e1b708249afeb5c291eb0692d115532a9d17a30529af8ded3af4e,CLEAR,"DARKNESS, LIGHTED ROAD",DRY,IMPROPER TURNING/NO SIGNAL,2.0,31.0,2.0,2.0
09a20f126771b22ea0aabf83caaf8b2221a95d5b57be5856c6c1229df0cdb670b59e66bf4d40d0d966e641fdeeb0d87308f13c5081a2a6680e0ae4d13ef84246,CLEAR,DAYLIGHT,WET,FAILING TO YIELD RIGHT-OF-WAY,2.0,47.0,2.0,2.0
09a212d1789082313bc6f964972a3edbb2e2f8707458f36e8b05023327b2130267194c8e9152263aafa128796053640955495feeeca28935f41285099451c24c,CLEAR,DUSK,DRY,EQUIPMENT - VEHICLE CONDITION,2.0,50.0,2.0,2.0
09a21a0940171634d67a89e24803074d29e685a94741aaac9af29cb4e91de6708ab6ceb166764b34fe8a4f091d94ca0afccec670fe0254e878885b407c79d786,CLEAR,DAYLIGHT,DRY,FOLLOWING TOO CLOSELY,2.0,37.5,2.0,2.0
09a225894b66197ad3bc9b9f8c8d5493a2827fa75cb659a35caeb73205ad14e11941e817f8d202a09b0c56a6bd4487f2b1e07566b65975caba69613e310e8733,CLEAR,"DARKNESS, LIGHTED ROAD",DRY,IMPROPER LANE USAGE,2.0,37.0,2.0,2.0
09a22629b7cce12c72a77bcc4863a8331303737960686838afb916ae0dce6abd6278eb16e60c61b3a15bbbf9eff1cdbce46cbc378c453dc7a175ab507c273cd0,SNOW,"DARKNESS, LIGHTED ROAD",SNOW OR SLUSH,WEATHER,2.0,31.333333333333332,3.0,3.0
09a2413c56b5c2052fce8630e42e663bebedccbc594cae5967b900a0243f2963f2ffb2b932cb560003dcc3f7a01d37254b00582694bb4e7ba97c26180fa7271b,CLEAR,DAYLIGHT,DRY,FAILING TO YIELD RIGHT-OF-WAY,2.0,51.666666666666664,3.0,3.0
09a24a67d0ee85dbae5dec1457b548b4f5b1d852ab59529640861a6637f60f2c0716cf544c1a973f95e7583ac57f2c501cef93ba65df9a2e5cd0511897186901,CLEAR,DAYLIGHT,DRY,FAILING TO YIELD RIGHT-OF-WAY,2.0,25.0,2.0,2.0
09a2674da1919cba5b1fd1ab8fa66cdc2ac4ab6c3a4196866051814034c2eca3944191c769f8c63f92ffd57b78d982260cbf6012ba62d202ab7f5a08c4482732,CLEAR,DARKNESS,DRY,IMPROPER BACKING,2.0,26.5,2.0,2.0
09a273d053ebbe8eb39f515844e836ca4021861ae154fc56d403df88f5462e83d35f362f26470b0e9ce9fac206688730823e86462ba04ad7af877cdd4db5401b,CLEAR,DAYLIGHT,DRY,IMPROPER OVERTAKING/PASSING,2.0,42.5,2.0,2.0
09a29235e419c207f3c050ed0cc07d87e94009cad0749234e7a209302f810eb7d963f715acd23120a59cf5f582f59744e0449f2a0851a2bfbf6fd832797b66a2,CLEAR,"DARKNESS, LIGHTED ROAD",DRY,FAILING TO REDUCE SPEED TO AVOID CRASH,2.0,38.5,2.0,2.0
09a294edb058bbeef46cc667cec4f4f5c0e8226184a9283b1863ea92a7da2d95f11f5704672e1f13b277c43176d0eb142f370d14bee9208ecc3b02e6ca1e0f74,RAIN,DAYLIGHT,WET,FOLLOWING TOO CLOSELY,2.0,16.0,3.0,3.0
09a2b29850ef07e934ac00a5bbec9973103e8396947e08d62307bb43c3bbb4c8e676038af7e53e20cef4c0aaf45770046a4598838f4e1d260871b9dc77e7b57a,CLEAR,"DARKNESS, LIGHTED ROAD",DRY,FAILING TO YIELD RIGHT-OF-WAY,2.0,40.0,2.0,2.0
09a2c2afa509be66cdca35d12572d1c71c8a29dc435a4e3dcc89d973ba9922d660de5723a13f7a6b2c48e7d1fefad2960398381a6e432f946605b69df4167b43,RAIN,DAYLIGHT,WET,IMPROPER OVERTAKING/PASSING,2.0,52.5,3.0,3.0
09a2f5f943ef521ff95513b9500f170bd2cf4c7a7e482128d518fd4ce5b2d863a31303c0511a0de127a5f59fcc7b324f7ba289688e44892a76a48a48abd08094,CLEAR,"DARKNESS, LIGHTED ROAD",DRY,FAILING TO YIELD RIGHT-OF-WAY,2.0,51.0,2.0,2.0
09a2f7ee66578f58886ad4d93e856233edb2ab6a56675ce2dfc9c6bb254f2d6c51c7f0956d81044c18627711cec07a5639dd4354ff199a5c233dbe11f910e167,RAIN,DAYLIGHT,WET,IMPROPER TURNING/NO SIGNAL,2.0,32.0,2.0,2.0
09a2fc853cdb165ebb62f8a158d01f044664fd9b03f1a6aa23085c9bab577cee79f68f9cd1b01622bab2e29b24a7c16421f7f59158565a638230ba4e5782071f,CLEAR,DAYLIGHT,DRY,IMPROPER BACKING,2.0,47.0,2.0,2.0
09a31d484fc397d2a31c39d501877714942450874ce7fdff338d258b9a4c1dab3cffa389ab7c8e22dd2dd6992c7d7f569867189cb60b51308c55e06827c0c6fa,CLEAR,DAYLIGHT,DRY,DRIVING SKILLS/KNOWLEDGE/EXPERIENCE,2.0,21.5,3.0,3.0
09a3205c162669a528e27c6d31f7083644448f421cf388d45b37eb05bf75f93c408a0a526ac541b34df60c8fa5cf292c62b3427c43c508ff1876eea2f1c8ce65,CLEAR,DAYLIGHT,DRY,DRIVING SKILLS/KNOWLEDGE/EXPERIENCE,2.0,57.0,2.0,2.0
09a35457c8b80000cbf0585c071ffdcd8b95f17b317c9357d6042f9fd0a73e8f4eef8f4468ead1d0d72b2080f61ecf54dcc04a2aa65cd0b7a88104ee8065f0cb,CLEAR,DAYLIGHT,WET,IMPROPER LANE USAGE,2.0,42.0,2.0,2.0
09a370fe0d35793be81df71f8e32e6867e2e702c381346440a7772e45bb243c8256828120e51deaef83b407a0c9fc7b394069636aadf15201f369e7e7cac9618,CLEAR,"DARKNESS, LIGHTED ROAD",DRY,DRIVING SKILLS/KNOWLEDGE/EXPERIENCE,2.0,37.5,1.0,1.0
09a39b81c6e082c1cdf05aef5445188c0301ccef71124ed54385d4c884c8a9697f84c1cd6f6651c07ba93aa96bd3f10542ada60e42fb92fec13a98082ef9e64c,CLEAR,"DARKNESS, LIGHTED ROAD",DRY,"OPERATING VEHICLE IN ERRATIC, RECKLESS, CARELESS, NEGLIGENT OR AGGRESSIVE MANNER",2.0,37.5,1.0,1.0
09a3a01a22073f46a432da101f152d2e47b53533841f2ff2078bf435ffdf94fae4ababc9a254f3f2f065e45578c7e9b05068c149cb5fb946a33348cc8404a732,CLEAR,"DARKNESS, LIGHTED ROAD",WET,UNDER THE INFLUENCE OF ALCOHOL/DRUGS (USE WHEN ARREST IS EFFECTED),1.0,29.0,1.0,1.0
09a3ac76287bdf94c43def61d0aefeaf0a5121eceef9b260bfb3a4bc0b6af903b9a5a10de6c81effdd761c60cf1a06fc16b13193412f0dde5f9498af6deeb94d,CLEAR,DAYLIGHT,DRY,IMPROPER TURNING/NO SIGNAL,2.0,47.0,2.0,2.0
09a3bad55c7a40419ce03a0e01abab891792f2f96b9a2d1206e3558941b9fe749fcb3ee281b158328e2e30ae67f5b81419df451d4101857f67549e846d41dfc5,CLEAR,DAYLIGHT,DRY,"OPERATING VEHICLE IN ERRATIC, RECKLESS, CARELESS, NEGLIGENT OR AGGRESSIVE MANNER",2.0,37.5,2.0,2.0
09a41a98684fe7c0595dd038040485017fc6a5c94bc2070f0b9e126c2292753ce752f9c499119b4195393b46fb02e9bcf7fcd06c856ddf8cf8dc31dc88b712fd,CLEAR,DAWN,DRY,FOLLOWING TOO CLOSELY,2.0,38.0,2.0,2.0
09a4a92cce69527f6a77a17e9d522d1e22c283fabcab0659d4ef2aac0bbc4a02112b5d51b5e2c38ccfca12337b984d84f4246b426f7c513a133f7f0cf7917b25,CLEAR,DARKNESS,DRY,IMPROPER BACKING,2.0,22.0,1.0,1.0
09a4c697b0cb0a2ea45c74bfd64ce9aac750010efe464ebdd60a31dbefb3ff9cadec1844cd5a7040dcc59027f8dfb375af57ed8cc909979bc9c19113f5322c56,CLEAR,DAYLIGHT,DRY,FOLLOWING TOO CLOSELY,2.0,56.0,2.0,2.0
09a4d7466f8032718f0e47eebe6f17e34fae0afe7ca262023f6fa6f1d8ffcaab04b3a26dcab22367f7aedd60b9981cd99f589638cf2506f69b043c8a7f4a9edf,CLEAR,DAYLIGHT,DRY,IMPROPER LANE USAGE,2.0,56.0,4.0,4.0
09a516de094f12301b023a6ddb8b442b1a4fdc81ea6bf5687f157e78393fca38c4aa8d1b97f8755ee5c1315c3e655bd45d702a373ebc626563e8bc9ce16959d5,CLEAR,DAYLIGHT,DRY,FAILING TO YIELD RIGHT-OF-WAY,2.0,48.5,3.0,3.0
09a51c713514d45b463d79a6c576fc21b4113d2b176b82a6f882171c02de16f5a229d8cdf472a48cfd36d3df30a9efc523a758645dbb00c6efa22c2c2a48336b,CLEAR,"DARKNESS, LIGHTED ROAD",OTHER,ROAD ENGINEERING/SURFACE/MARKING DEFECTS,1.0,42.0,1.0,1.0
09a52b5ca88ef2b943b4c2286d6df60967232cdfea39ae641df46fba8da62493efe62101b874e21b7a97ad0b38ca9524a33a14e38183c8dd604fef42afdfb4dc,CLEAR,DAYLIGHT,DRY,FAILING TO YIELD RIGHT-OF-WAY,2.0,24.666666666666668,3.0,3.0
09a52d8a29f340fd4534cc68f9cc63cfb2b67c6436921ad13848e0e1ce73b2ec1f193429adad4eeb982d4a9d4d42020a25f675bd81b3d20aa5fd48453fb6b080,CLEAR,DAYLIGHT,DRY,DISTRACTION - FROM INSIDE VEHICLE,2.0,50.0,2.0,2.0
09a54570ff50d6035779510005a626dcde81e815dca89449cfcb2d02037381d43c871dd8cca70a7928374c33657054312430f9f05f0b555893de031935d7988a,CLEAR,DAYLIGHT,SNOW OR SLUSH,FAILING TO YIELD RIGHT-OF-WAY,2.0,41.5,3.0,3.0
09a5905dca0f16a9e0d36215bd286c6d37753aaf35229e4c00628a7ae8de015366b88b68e6a0d84e6073a6b7730221258dc29aa6c511a8ede9c506841d997982,CLEAR,DAYLIGHT,DRY,PHYSICAL CONDITION OF DRIVER,3.0,49.0,1.0,1.0
09a590f04fdb543433b7a2f0760b7d1411cfe5ea6e02a7c90351cfa0363f16d6a34d6ffc0aae16a03c38e4317801bb49ef59cd13834a3176c5416782999354c3,UNKNOWN,UNKNOWN,UNKNOWN,IMPROPER OVERTAKING/PASSING,2.0,23.0,3.0,3.0