crash_record_id,weather_condition,lighting_condition,roadway_surface_cond,prim_contributory_cause,total_vehicles,avg_driver_age,total_people,total_injured
09a5a000530a94a9509a4b14f798e15ddcc640f3285118ddf70d5d9866764b196aca8c890a12f82fb65c2e95c459f8a9c60aa7de2975f53a84901624f6ee982d,CLEAR,DAYLIGHT,DRY,FAILING TO YIELD RIGHT-OF-WAY,3.0,32.2,5.0,5.0
09a5ab7b26456297dd2057b28d7aac582d8cc7448b36e17fc37c9d2d3aa9648aaf727dcc936813893d20b2584ffda81e6054732aea98b4e1ee1cc9f054138f79,SNOW,DAYLIGHT,SNOW OR SLUSH,IMPROPER LANE USAGE,2.0,44.0,1.0,1.0
09a5bbcc5dfadb4a5c9bffab914d10701aa991cc1dde5ff51839d215ce948de7c98b6e8a77c552130c0ba5ebc19c86609985605887c4d83b09c13d45dd4b9adb,CLEAR,"DARKNESS, LIGHTED ROAD",DRY,FOLLOWING TOO CLOSELY,3.0,34.0,3.0,3.0
09a5c7fa992c631482f0affdd004f3e4df144a9d16ed232334abe820895f8e6cb8f1b0e7382d221a30b913bce132cd023996b46f91fea7c902e479d643c4875d,CLEAR,DAYLIGHT,DRY,DISREGARDING STOP SIGN,2.0,27.0,5.0,5.0
09a5cdbd489a1dd6013bcd7f887d740ba80800b2d96348d461f7cdafec58f4f8920b37827088f6e946a11ba3a0180bff8af7c62e0d1c80b554fcfe93a8420207,CLEAR,DAYLIGHT,DRY,FAILING TO YIELD RIGHT-OF-WAY,2.0,55.0,2.0,2.0
09a5d067dfeabcf752248a181111877582cd247f46ac0a4b3258271f9a065a8b4665778fdef055f03f1a41970738ac77fc0e5b256b8277632edf54de7d73303a,CLEAR,DAYLIGHT,DRY,FOLLOWING TOO CLOSELY,2.0,29.0,2.0,2.0
09a657fc0481eaf69e8f8a59c610b1f767f5e9bc143edecb2f72169e6b888aec232960afaf46022a98f875ea3907d5039e04a72cb887923292cee8650f937e79,CLEAR,DARKNESS,DRY,IMPROPER OVERTAKING/PASSING,2.0,20.0,2.0,2.0
09a677385cf2539d88bda8b72d65432371566b6cf108c181ffa538b27d00703820e8d3a949f6368b8c3753747d1c2032191b136c921ece15f01a205e378cac9e,CLEAR,"DARKNESS, LIGHTED ROAD",DRY,FOLLOWING TOO CLOSELY,2.0,39.5,2.0,2.0
09a69b3b8087fdc82454ff704d0cf0bb2ae6bfde0aecbf889a5a9be515bcb683ba18a88ff3740cd45953b84584ff8e915f6f8d89c8294f9270ec6a867f3331c4,CLEAR,DAYLIGHT,SNOW OR SLUSH,EQUIPMENT - VEHICLE CONDITION,6.0,34.0,1.0,1.0
09a6bcc80b59769a679d8173157c3e4e4db2d87e2436916f9ac7581149b6f11bc502a9294a7ff027824f300a31e5000c594db6554b165deebb4e6736a9cd58ed,RAIN,DAYLIGHT,WET,IMPROPER BACKING,2.0,33.333333333333336,3.0,3.0
09a6d4aaed8413f4b07a76905d17a4ef5af36447ac38f83acdc3b997140bd3bbc916f3073e79748cde82afd462800b3beb35afd068336d65459c3da922397a61,CLEAR,DAYLIGHT,DRY,DISREGARDING TRAFFIC SIGNALS,1.0,30.0,2.0,2.0
09a6d8320e5ca97eebd8545faecf0bd9a9ab1e5b1a8ec975c448a922b0d81bd3f3a34fe40de2832336e1b3b07f12460a3dd6ace26c12fe96f7b37aaf5513fae5,CLEAR,"DARKNESS, LIGHTED ROAD",DRY,"OPERATING VEHICLE IN ERRATIC, RECKLESS, CARELESS, NEGLIGENT OR AGGRESSIVE MANNER",3.0,51.0,5.0,5.0
09a6fc1613559b14a97ed67a87219c567a48c1f684570157bcae53f5e04fb3dde7a04f78d3b62a2c73ef9e36bad1c4a39e9ef170a5038beae3836231bf99c2b6,RAIN,DAYLIGHT,WET,DISREGARDING ROAD MARKINGS,2.0,42.0,2.0,2.0
09a7057bc3cbd450d718f8be10204d2cd457a9866669b43d9beb68894d2bc7b1475436e77fa550a371e2da7e0332f2de8511557cdc05f1225b6571da9af79a2e,CLEAR,"DARKNESS, LIGHTED ROAD",DRY,FAILING TO REDUCE SPEED TO AVOID CRASH,2.0,49.0,3.0,3.0
09a72980d1737bd49ab354e603d11b64a2559d5e1c8533c4cfd6b2a2d84e3aa56e888f6626e372abf7484e1d0be8d2d4f2d9f621b3298d0d43bec9904de8e065,CLEAR,DAYLIGHT,DRY,FAILING TO YIELD RIGHT-OF-WAY,2.0,42.0,2.0,2.0
09a72f582200e11c23f6b56593def02a6f234ad3af2af09c7b4988e5f5f17f471f9cbc3d4f279db85524a9559e16718c27ba74feef5c20cba642af0876198054,CLEAR,DAYLIGHT,DRY,FAILING TO YIELD RIGHT-OF-WAY,2.0,58.0,2.0,2.0
09a73908d26cc8c5bc486fc4dc8d47b2300436a5db4794b06ff0cdbfe23853b23dc36303aea388329b54c83a34421121c353bb9931b1900b00e712d4c2cfc433,CLEAR,DAYLIGHT,DRY,FOLLOWING TOO CLOSELY,2.0,35.0,2.0,2.0
09a752f6776d881b66c8960315c7ddcb770cad5b58a556eef20104c300d158565d07024de9431af976b0d18ef2df9302b2e8c42a105919a8407c6970bf5b24bc,CLEAR,DAYLIGHT,DRY,FAILING TO YIELD RIGHT-OF-WAY,2.0,22.0,3.0,3.0
09a75832430e6ec46a726f49975a553bfc203edb2a54368286ea8e8f58666290f2bc0d90e4abedc34123f0814160bedc0a0d35781b1e8970c768059bc7bab10c,CLOUDY/OVERCAST,DAYLIGHT,WET,FAILING TO YIELD RIGHT-OF-WAY,1.0,20.5,2.0,2.0
09a784fb14471f0c2bfc001d07180f5483099d4553d2b08593a0307cd5928747c14ba10ecaf0eb1bb06bbb5aea2400498c89d4f6eb9f2189586900f3446cbffa,CLEAR,"DARKNESS, LIGHTED ROAD",DRY,FAILING TO YIELD RIGHT-OF-WAY,2.0,37.5,1.0,1.0
09a79dad0e429865427d91824f1fb606b4f956e3496c71ca3024f78ba4477ee671c961b9ab3b619d3fca8cf50f2201fece33bd18decc30ab745917f41cd7ace0,CLEAR,DAYLIGHT,DRY,PASSING STOPPED SCHOOL BUS,2.0,49.666666666666664,6.0,6.0
09a79ff44dfea4db70f0565e8dfc7788737ee18abce97f8c495d0bc3fc14ccd23470a58bd22224bcacd5a82c46440afea835cb0f50ceed2a49bd5eabb946b3bd,CLEAR,DARKNESS,DRY,FAILING TO YIELD RIGHT-OF-WAY,2.0,31.0,2.0,2.0
09a7ba85b75f24e2df5d1a7c4d868f945b4946cfa5081fac07562131977525be721f835373a0cacd121c455641476a1892ccfaf1d377d975d826a2019d483f80,CLEAR,DAYLIGHT,DRY,IMPROPER TURNING/NO SIGNAL,2.0,55.0,2.0,2.0
09a7d5e2a4f063b05c88c2b11ffabc4f3e95631af8c073e047d5923fec0c6d8858605f8367ae35106b207f53ab9c318deaf4d00ca60d11ae8471ae0877054ef0,CLEAR,DAYLIGHT,DRY,FAILING TO YIELD RIGHT-OF-WAY,3.0,49.2,7.0,7.0
09a7dcd1618b497c714bdf049a595ef8d7554add23c9da3df12a4bfda665bb86807981bb091c259a3b1dda8b72e997d1abaade0950bb0ff1d5450d2ac086ad5b,CLEAR,DAYLIGHT,DRY,FAILING TO YIELD RIGHT-OF-WAY,2.0,41.5,4.0,4.0
09a7e0ad196dd809189652d85785b09b3fa2399789d12448bc6773fafa044dcdb120b3fa9e6279b862dba72612294c4e73e6dfcd67f3f9e0d0d1a21fd5a73484,CLEAR,DAYLIGHT,DRY,IMPROPER OVERTAKING/PASSING,2.0,29.0,1.0,1.0
09a80c5a52074c8858ef1050ca6980939dcd3988c2028fa2ff167053561f2e52750e3de7d977f20a41e3a9062fac7100d4d3271784b7bbd97b940f6027606fd5,CLEAR,DAYLIGHT,DRY,EQUIPMENT - VEHICLE CONDITION,4.0,20.5,8.0,8.0
09a8395a4a127a1eceb45ad0a0bc9cb5d72fc50049fdcb3cf1ceaab01860868b2e338dba913b7cf43f123ebff540ff987691a410e464f5346048d9de38111d82,CLEAR,DARKNESS,UNKNOWN,IMPROPER OVERTAKING/PASSING,2.0,47.5,2.0,2.0
09a850636573d9d84a50175e2bb43244dbed91ea270123558b49fa0dd0f68129ff3cc6d9937d51abb6dc8f283bb84124e6a081467a2bc71b31359ebc5f2f9a4d,CLEAR,DAYLIGHT,DRY,FAILING TO YIELD RIGHT-OF-WAY,2.0,39.0,3.0,3.0
09a87d99819b6e86f1dea06da5ef8a39db598f271e85dc19515bdf530d4f0d6acc33f8fa33a77ed31ada3db4baef1240a0f0b6129967ac6449ebbc06e921b412,RAIN,"DARKNESS, LIGHTED ROAD",WET,WEATHER,1.0,60.0,2.0,2.0
09a89615aa6ec28c3f241e1b5d58b4e968404669f70159226a102465f3075a65bb2f77135d854963c8d534c1fc7d2eb2b5f83fda2003ceb042e686da83acc1c1,CLEAR,DAYLIGHT,DRY,FAILING TO YIELD RIGHT-OF-WAY,2.0,37.5,2.0,2.0
09a898493b801498599e1ea3e4460f52a8107ed681bac6ddde12962516eb908ae9e4f68af21c35caf03aa282ec88bd97a29e074a004004329ff34d4a8292c12d,CLEAR,DAYLIGHT,DRY,FAILING TO YIELD RIGHT-OF-WAY,2.0,64.5,2.0,2.0
09a898feecd5473814d9476fb890878b0246a2836544795508fcb6d99f6eb51b8e8ae8ffd16bec3a9d8b6be39fe74551e71ed51df48085fb8048746fead83533,RAIN,"DARKNESS, LIGHTED ROAD",WET,IMPROPER BACKING,2.0,27.5,6.0,6.0
09a8997fa535e6cb525adc93f88f394236ab369f35cd8e86d11f6f29c824c0071d2d0d8388a60ebe8855e504dba6357e34b8175e53b296c16a5f9967a80b99ff,CLEAR,DAYLIGHT,DRY,DRIVING SKILLS/KNOWLEDGE/EXPERIENCE,2.0,42.0,1.0,1.0
09a89d1b3625fab76c93e826dcf3ff1c5970c94abc0822ac061787f083a8def7fcf2090c61ad49fa5eec3a3fd74028914a564f620ad9a35a3b3d3e0e214cb44f,CLEAR,DAYLIGHT,DRY,IMPROPER BACKING,2.0,37.5,1.0,1.0
09a8aa18ee07275df2afa8438f18cf10e653367698e2e37cd751e81fdf408ace58ea975cf873e5d8a965a0d2323c0e25ccc670a74c061186b409b6965b8d0093,CLEAR,DAYLIGHT,DRY,DRIVING SKILLS/KNOWLEDGE/EXPERIENCE,2.0,37.5,1.0,1.0
09a8c64aeabf622080abbf8b004a515d9f9c99050b1b348f01ca254e6ab01aa8762ac6d50321b6d024eddf7744b6aba0d558840f3fd4c6b9263497b3a52eb74e,CLEAR,DAYLIGHT,DRY,IMPROPER OVERTAKING/PASSING,2.0,23.0,2.0,2.0
09a8ca0a65ff9b1cee7b208a7ccdddea0254b1b8c74ecef707e6eaf5a5a7c9a40307721c44f37e3108eec0dcdc4214cfa6cf462316efeec412c47205d3090839,CLEAR,DAYLIGHT,DRY,FAILING TO YIELD RIGHT-OF-WAY,2.0,56.0,3.0,3.0
09a8ec0f4461f208a2e314a81d4605d69472321725acaa7ab79aa61e9846d8a7ad7f92d2d26776d674fd9c1b2b6ff0588aa1c584ff7676ac4b6b3f07662bb3fb,CLEAR,"DARKNESS, LIGHTED ROAD",DRY,FOLLOWING TOO CLOSELY,2.0,65.0,4.0,4.0
09a916eda283dd7167cd02408207ccdbedffeb8710b6f6613ec262571f34296438fd3991a07caca786903cf42993130631ef301eadf41dcde296b317558117d5,CLOUDY/OVERCAST,DAYLIGHT,WET,FOLLOWING TOO CLOSELY,2.0,40.333333333333336,3.0,3.0
09a926c3b243167a31d910f5d448d456043f387e92243e359d5600db3c1f4bb8ecd6b572abbfdd7dbaded8ef1b6d71c13ffecc7b1d6a25bb523534d8deef5ae0,CLEAR,"DARKNESS, LIGHTED ROAD",DRY,FOLLOWING TOO CLOSELY,2.0,31.0,2.0,2.0
09a93cb6b54a38ed7685b8b75b2283a936c2c5e1d9d6e188385a1788523a86902363c35bc9108fa865adfec7fcf61d5d5ad0818858517f5c9972dd23da59c00b,CLEAR,DARKNESS,DRY,IMPROPER OVERTAKING/PASSING,2.0,34.0,2.0,2.0
09a95e09960b290b3c738aa2e9d66ce9f3c45eaa56b52e6df011bc278906b36916bd1fe123053c3494a9d88c4fdf0510b6f60bcbbd803bba8317003ba4b89bfb,CLEAR,DAYLIGHT,WET,IMPROPER OVERTAKING/PASSING,2.0,51.0,2.0,2.0
09a9632f853101b55299c89d1a8535f03df0828f2fb712a14d6025848fc91f93ba3a06c810123e203b8dfe999fb1ab14383e059a3d7889163a990b24110c77fb,SNOW,DAYLIGHT,WET,DISREGARDING TRAFFIC SIGNALS,2.0,56.5,2.0,2.0
09a9673891e5dea5540d92758e0f38c3eb2b05d8f194298ac84ff9457a9db448271ff6a46dd96e1c50aefad4079624f8550a6a142c11ec434ea3db9aea5619cc,CLEAR,DAYLIGHT,DRY,DISREGARDING TRAFFIC SIGNALS,2.0,33.666666666666664,3.0,3.0
09a9759c753bdde48ab1412cb880643a85b85551d01f267ca7dedb5d50fb0bdb0367d94f2e665c62e766de0058962f083b5b96f585f8a13bf55912c21f933c51,CLOUDY/OVERCAST,DAYLIGHT,WET,FAILING TO YIELD RIGHT-OF-WAY,2.0,37.0,4.0,4.0
09a97aee551b05ddf41f86d7bf0fb73441b28cc3c65e9a3d0abe2ec60ccd45187e2a05c4960d5ca8c431ef74ded15da8342f43b6efffc03a8a587b1d5c216a5c,CLEAR,DAYLIGHT,DRY,FAILING TO REDUCE SPEED TO AVOID CRASH,6.0,53.0,8.0,8.0
09a9848c3ec3e8388522f7e6027b9f916739b2a2a66646a701d7336835c2c6acd752441e6fbbcef3a8b684348f84ad5ce8f3e57e3eab1c79198bc9dfc736a7f2,CLEAR,"DARKNESS, LIGHTED ROAD",DRY,FAILING TO REDUCE SPEED TO AVOID CRASH,3.0,47.0,7.0,7.0
09a9932f3dd3eb420bd131dd360dcc5bf6efede7fb4d5c97e506e470a82ce9b5b1425c3ea576cd8962b8ba62347f03f47b756c01b947178c0d749ec0b1ad8f7c,RAIN,DAYLIGHT,WET,FAILING TO REDUCE SPEED TO AVOID CRASH,2.0,36.0,2.0,2.0
09a995ae7efdee95bf69e8ca6043f216973017a5b84d3c81fb086407b8e05167a3d4ff3fe4816e63bb5223982d37535f52e54ad5bdd53db8e4d23fafb572cf4f,CLEAR,DUSK,DRY,FOLLOWING TOO CLOSELY,2.0,73.5,2.0,2.0
09a9c472989db62bb5b45eefbd63715c451da41c06818df914bbc9ebe4c8dae5eb65876d03b68a095e467fcd281f01f29e9e39e7c3103f1030b2ec8e4b92ba20,CLEAR,DAYLIGHT,DRY,FOLLOWING TOO CLOSELY,2.0,24.0,4.0,4.0
09a9ef25ec560764e7435a8249881359035a5d08e0f06f066199aac86e8cccb777df8cec550ba3f65fc0a457643211418fd8ca3258015f9c2b081f683c42d938,RAIN,DAYLIGHT,WET,EXCEEDING AUTHORIZED SPEED LIMIT,1.0,37.5,1.0,1.0
09aa132eeb450a9d194c4c7705c9547a4446b5d3c0e89101d6f5a4efc9ad8a591a03a45ccef24bfadab89f57e00c2c731317dfba7f7cafcc637b5198f18ed107,CLEAR,"DARKNESS, LIGHTED ROAD",DRY,FOLLOWING TOO CLOSELY,2.0,24.0,2.0,2.0
09aa2acf5c6c78df3e6176617d7bc87c7935d38f97861bb9de4e05dbbd275f251fc3beb95a77b84bbfe528f0e154f1dc359d2edb5c647388b521c81fbaea213f,CLEAR,DAYLIGHT,DRY,IMPROPER TURNING/NO SIGNAL,2.0,40.333333333333336,3.0,3.0
09aa2ce7e41888187adf27f6ca82a43ffae3ea1a565c6fff0a2e0be0f0fa35e84000eefae0e9b385fd0cb7a078be0953ddef7cd0faadc3219016640ac04631d7,RAIN,DAYLIGHT,WET,FAILING TO REDUCE SPEED TO AVOID CRASH,2.0,24.666666666666668,3.0,3.0
09aa2f1cbc6bab52b02d791fd5bcc8a138cc4e92e5441f717ed9cfe71289bf0b30df2a5b572fd72112863d10a0e63bb8090d967b55f2404e92daaa9cfc9ae871,CLEAR,"DARKNESS, LIGHTED ROAD",DRY,DISREGARDING STOP SIGN,2.0,26.333333333333332,3.0,3.0
09aa4740a0e636b210e6422c51c084cb55d2db1a640c77d69c0349e6235a0cc561a632c5b7aa402e2f17d7544676589757626465d1ebc8a826f2cc605316e164,CLEAR,DUSK,DRY,IMPROPER TURNING/NO SIGNAL,2.0,49.5,2.0,2.0
09aa9fef4513f4a6874f8f65a169ab3d78789fc1e3d9c5bb40a0fbd57cd5ee374330061154af3c181e9e9c81cfd0c606476eae2f1c7d2ac6d613d93e8692e982,CLEAR,"DARKNESS, LIGHTED ROAD",DRY,IMPROPER OVERTAKING/PASSING,2.0,20.666666666666668,4.0,4.0
09aaa343780d780a7449792432a8e6f9f42e6b363a06e6a2c60b4d151aa0af03d69607392f41c80d0554246dcda1dc45590835e47353d0ade78b18ec9e7e70f0,CLEAR,"DARKNESS, LIGHTED ROAD",DRY,FOLLOWING TOO CLOSELY,2.0,34.333333333333336,3.0,3.0
09aaaf00b91006b4adebff4a65de387d9df1a6acf8d3acc85c31e3631d56d04861965fa51c8d5a71a95c94674389a1e3eff4943824695262f4e1ebc34a1201e1,CLEAR,DARKNESS,DRY,IMPROPER LANE USAGE,2.0,37.5,1.0,1.0
09aab28858ee83e6efc421082901c81f3af909c331d0729a60e4719fa04c4d8589e718608b8c3d32392b73d5569b0a4854911de64bc419d0d1876bf520d77ea5,CLEAR,"DARKNESS, LIGHTED ROAD",DRY,DISTRACTION - FROM OUTSIDE VEHICLE,1.0,31.0,1.0,1.0
09aadcf0e6029dcb1f20483a04214ba839f3c47ee34a5b16df45d1ea9ea1a83df0bd20e470a8c0fe18a784752913edbd2f3a5e99d40208db610ddd8e04f47cb2,SNOW,"DARKNESS, LIGHTED ROAD",SNOW OR SLUSH,FOLLOWING TOO CLOSELY,2.0,37.5,2.0,2.0
09aae68608f1ed6596f81d665c1fc9cdd72fd122f3ea097aa1e225ec726ca64b3efcf00aa05c5b1c8ddf893f44a4b3cb5c2ac97b9245d3eaaafc385abd12a44f,CLEAR,DAYLIGHT,DRY,IMPROPER OVERTAKING/PASSING,2.0,26.0,2.0,2.0
09aaffd25e299784224c952371b12ff8e3e63323eeb984efd815098cf898aa4c26e99fe9e0c8068517c6ead54ee38e62b052fff16540c0ae7712b3d6c52a3b47,CLEAR,DAYLIGHT,UNKNOWN,IMPROPER OVERTAKING/PASSING,2.0,47.0,2.0,2.0
09ab078112f66d317a490ff9901a468594d786279c935f483b8303971a28b4966e4677d6cf46145fd74b695221db093445a261a5b00842d3ae5819c6a9064179,SNOW,DAYLIGHT,SNOW OR SLUSH,FAILING TO YIELD RIGHT-OF-WAY,1.0,28.0,3.0,3.0
09ab3d0236a18600fcd693493662a88e59ad33454e2af8f0298eb3dbf09ef15a8fa5bb9f1535527ef24a35134d28f1011a79673d4917f5db96c88c2fa93754e7,CLEAR,"DARKNESS, LIGHTED ROAD",DRY,FAILING TO YIELD RIGHT-OF-WAY,2.0,64.0,3.0,3.0
09ab45ac0a21d0d0498804ccd6bf63da1d33bafe659c322cd26f96ceb5b7a9606a03a26a2a477f2bad887f3813d313b811f23e9854067762f06825048211e50a,CLEAR,DAYLIGHT,DRY,IMPROPER LANE USAGE,2.0,43.0,2.0,2.0
09ab55f96b5c9935cad7d4b52c19fb9449365d7287111ca86040a59289ae2b840a3c3b24d2deedb79f64cf120091bd1e1cb35e75cc9b5e0308b1af60a65d7fab,CLEAR,DAYLIGHT,DRY,FOLLOWING TOO CLOSELY,2.0,19.0,3.0,3.0
09ab665a4929b4f9cb8fa3a0c9091725280faee5dd2aeafec692dadbc8c3496756e43c80b02d084ef35465cb70083aaf125307aecbef63a2c17343bfecbc50aa,CLEAR,DAYLIGHT,DRY,IMPROPER OVERTAKING/PASSING,2.0,27.0,3.0,3.0
09ac2036e7e1705f1ebb17ca98ed4198c275e42927bceb1a86a0551eaa9c03ea7cef73010ebf7fb7f71df86fcd053efbb2d391ce1d718f002b64d55b2f699062,CLEAR,DAYLIGHT,DRY,DISREGARDING TRAFFIC SIGNALS,2.0,25.5,4.0,4.0
09ac34c963fabaf3603c1dfc4db9c7e09bf94623bba60c20b9c8ca9294ccba8efa03457b054f127de49429e2080b895c662b8b5387c79cfaef49b1f6423d1df2,RAIN,"DARKNESS, LIGHTED ROAD",WET,DISREGARDING TRAFFIC SIGNALS,4.0,36.25,4.0,4.0
09acb36b808cad9985e16bb6940e6efb2c3063d47952ceb1e05be530cdbe52c187ede691c751d871f0dba4abb4fc391ee601567b2a57f3b5750974ccb51cc2b9,CLEAR,"DARKNESS, LIGHTED ROAD",DRY,"OPERATING VEHICLE IN ERRATIC, RECKLESS, CARELESS, NEGLIGENT OR AGGRESSIVE MANNER",3.0,75.0,1.0,1.0
09acb6bab3c05d68d4c3a0da6c464688e246f5a4308960b2510fb30c34a6ee333f24cac7a3eb113c787b4a32d5ec323e9664f1eba9d3f4769d6ec86a4c03a4db,CLEAR,DAYLIGHT,DRY,FAILING TO REDUCE SPEED TO AVOID CRASH,2.0,37.0,2.0,2.0
09acf583804295692d897be430b9d7917d9113012118180a97c6ffccf9b013fa522a370cd9f831621957c35e9f2cff6275ddb9dd544c45e69726f7964fa5428c,CLEAR,DAYLIGHT,DRY,IMPROPER OVERTAKING/PASSING,2.0,36.0,2.0,2.0
09acf7c756e59d6eb6f7eb85af7a9f949dc5a690dd780a06c6403f0fd5852d9e949e9b51dbb4e05f392e048f7ac074b25f26802cfb544836e5f65242a0f891f4,UNKNOWN,DAYLIGHT,UNKNOWN,IMPROPER TURNING/NO SIGNAL,2.0,15.833333333333334,6.0,6.0
09acf89d3e4c97c5b81e94269d9e96b626c289b8d38b66be1772f4f65ce39132a07addf18e77220bf9dba7fa1a1dac5cc51ff0b07e7f6353cb26c83ff55a01a9,CLEAR,"DARKNESS, LIGHTED ROAD",DRY,IMPROPER TURNING/NO SIGNAL,2.0,36.0,2.0,2.0
09ad155c83c17378aa6d9d49c0ae2e24126beb1713f340ad95bcac310b453f43f0a6839ccbcf592fd78ffcdc1810e2ddef270204904e5406e86cb04e97a815ca,SNOW,"DARKNESS, LIGHTED ROAD",SNOW OR SLUSH,IMPROPER TURNING/NO SIGNAL,2.0,41.333333333333336,3.0,3.0
09ad15edf049e3906914d78c37923d985704dd63498eb191e96899b852a8850097597d5cd187f52bd8d30fb1c078cf872634e4e305a11fcd9b3cd2a0fb01a408,CLEAR,DAYLIGHT,DRY,FAILING TO YIELD RIGHT-OF-WAY,2.0,60.0,2.0,2.0
09ad2b0cbed5140b32e04abeabf8f7e27aac7701a178f472465a11b4a1bf0009a06cf05234aabc56986dfa9ac2f9fd2125d52a082f5147b9ff9b1593ddd535eb,CLEAR,DAYLIGHT,DRY,FOLLOWING TOO CLOSELY,2.0,64.0,2.0,2.0
09ad4496356d6d7e024be9033ee9e3ea82c6c243045db4eb78c4bed8f0dad4aac00fde9163a622188a558c1dcc3469d17c5c646d110359f231151fe4d490277a,CLEAR,DAYLIGHT,DRY,DRIVING SKILLS/KNOWLEDGE/EXPERIENCE,2.0,60.0,1.0,1.0
09ad5e0f0dbf021875c32ed7328c486f00ff21a0a813e64f7505015234ce78962edbfeedd9d987f8e9fe0d2c4387b6aa35f7fd61354982586c1d692a39d49b3c,CLEAR,DAWN,WET,PHYSICAL CONDITION OF DRIVER,2.0,30.0,1.0,1.0
09ad8abf0dfeaa5704a1d740d30bfa05fb09388a135fc4e4ed39817cfebd3d815270685be726850c54046fd49108c2d49d22ea5db301c8cd3736d308a69f1405,RAIN,"DARKNESS, LIGHTED ROAD",WET,FOLLOWING TOO CLOSELY,2.0,30.5,2.0,2.0
09adb6114e729757cb71d4b2861762849a74735bb5b8ce10bc7f8359931f80d51b61f40b9bb9ea40014df80aac7c1202dce95611981335527e2c478ec51c6828,RAIN,"DARKNESS, LIGHTED ROAD",WET,FAILING TO YIELD RIGHT-OF-WAY,2.0,49.0,3.0,3.0
09ade155c5e430e20ccb6beb21fb89dc56697e734c0dbbc9a1bec4a9e92ed5e6d5eb18d18ad943a9aeca578d65b1629580f41108fd9558032ce63d3ceb118a20,CLEAR,DAYLIGHT,DRY,IMPROPER OVERTAKING/PASSING,2.0,47.0,2.0,2.0
09ae0007f9147ca7b3f909406790bcdd24cc5889136dd40b615d02d96564566e99843071b730c81b3261fc8b162d0300242f7a7e85449df7601048b420df90c0,CLEAR,"DARKNESS, LIGHTED ROAD",DRY,IMPROPER LANE USAGE,3.0,35.0,1.0,1.0
09ae3f78804916fe66aa0795581c5a622846c1dabdad26dcf832490e84f29132a70b5d17057b68b638f989701639d9282edab724c74dede24862d2b1aa8e8d39,RAIN,DAYLIGHT,WET,FAILING TO YIELD RIGHT-OF-WAY,2.0,43.5,2.0,2.0
09ae4200901505ee22462a7da8609a03b645972aa0472aa91bf56bdaa77e2b022165d81bee6c13c8d90af7b288826a6637aa2d959c8b1229ce2f691dbb54ab99,CLEAR,DAYLIGHT,DRY,FOLLOWING TOO CLOSELY,2.0,40.5,2.0,2.0
09ae4962ff52d207ca2700bc43100062405ea53c4f12f439526297134981056e920ea3346f08bb293dcff6963127198c24bd5713a482514dce2d53484e3ea7c0,CLEAR,DAYLIGHT,DRY,FOLLOWING TOO CLOSELY,2.0,44.0,3.0,3.0
09ae4a3bfd64d63f144fdaac38616b3f9421acab3e235f9b50f43d36a89ea4ec3c8e4c2b64a4f7e524ea8481c622ae8e4031a43881458983ace74aa436556401,SNOW,DAYLIGHT,WET,WEATHER,2.0,59.0,1.0,1.0
09ae5c2ef80b1d47e7a808b690d10b2e4e318ad4361b3dcd86387a6e87580ba52d42d7ff0d889454abd7d22a360e7ec53caed51382c3f767360d0fe9a011014a,CLEAR,DAYLIGHT,DRY,IMPROPER OVERTAKING/PASSING,2.0,30.0,3.0,3.0
09ae73cb3ecc4db15891130ec1b634d7baf478db4a5ad9047e6786f58206310d789f7e78f36247237197a70a0359d62b8220d0878b24ab5a8e8ba558f5393d96,CLEAR,DAYLIGHT,DRY,IMPROPER TURNING/NO SIGNAL,3.0,53.2,5.0,5.0
09ae970a3b1bd775109162ee9a2bcd9d479f669b639192d42f29c3353b1a7ec327d750bd2d770886c07e942721d21a3c784142610fd963ab8b13053ffe2822da,SNOW,DAYLIGHT,SNOW OR SLUSH,FAILING TO YIELD RIGHT-OF-WAY,2.0,45.5,2.0,2.0
09aea7c12cc69e6f1bd34f635779210beb5e35a80989a4a969472ce30fff2bdbb56e8b2a685ff221e8bf965975908ed2a3fc0f79e3304e8cc25f6447e60b0954,CLEAR,DAYLIGHT,SNOW OR SLUSH,IMPROPER BACKING,2.0,37.5,1.0,1.0
09aeabd0f644051918cd5854b48323ab1481f4d911532451af8a7cb0eaecfe5581ffa299ab4afc381a22b3e298f11fc143446b8fa7278ab9a873db2b2dfd97bf,CLEAR,"DARKNESS, LIGHTED ROAD",DRY,DISREGARDING TRAFFIC SIGNALS,2.0,58.0,3.0,3.0
09aec5287703e3be8878570b3136189fe61239dcfac1b89df6247ca551bfd7f7d7aeb66874d838920d8b68ac7004c9c7653e3f54e4ae88debee2a1c03d8fa46b,CLEAR,DAYLIGHT,DRY,IMPROPER BACKING,2.0,77.0,1.0,1.0
09aee22a154adb24b597e3c9b696342ddeac0585228c6e59677891b126226f8bfb8787b12266e0f2d30ce2c81d4b9202ecb95dbef350d775548a32944b0bd829,RAIN,DAYLIGHT,WET,FOLLOWING TOO CLOSELY,2.0,50.5,2.0,2.0
09af25e6719d4e913360008a6be4200c420349075d260f42d31cd6952e7d5b6e89565a4e98886df9fb0d5f37ef1a88ed2526bbf4d86a6b9b210ecc47ff131996,CLEAR,DAYLIGHT,DRY,IMPROPER TURNING/NO SIGNAL,2.0,31.5,2.0,2.0