crash_record_id,weather_condition,lighting_condition,roadway_surface_cond,prim_contributory_cause,total_vehicles,avg_driver_age,total_people,total_injured
09af47a1b80aa8b35c35d1f6339946ddc7401b7314995a5bf0a837d45edf5bcd25660281e0437d2385c06eafa541f62adb96de7678e830219c14d6043d22b9f4,RAIN,DAYLIGHT,WET,FAILING TO YIELD RIGHT-OF-WAY,2.0,35.5,2.0,2.0
09af6a1f660e8788fbd1af823528b3bae14576b135a453b6276c2096454636976fd9412c3e65e7a4b021767fe6036f7df80194db6dfd67ac87d3b9770f4ff0b4,CLEAR,DAYLIGHT,UNKNOWN,DISREGARDING TRAFFIC SIGNALS,2.0,56.0,2.0,2.0
09af6dc75753a8a1f78df390804c4df27541ca466a4c406d8fbfe906f1f7fdba50d1eded21de7df2add5c6ac111cd8aa1ada0ba4940f02d9f569701764b8bd01,CLEAR,DAYLIGHT,DRY,FAILING TO YIELD RIGHT-OF-WAY,2.0,40.0,2.0,2.0
09af7f83d9f6e2d4855dd571425d11a2fef040d2a8fe162a7d7ac798e9641edcd61bb694c5e94b26facda60169b218331e4ec694823012f42184787134590ae7,CLEAR,DAYLIGHT,DRY,FAILING TO YIELD RIGHT-OF-WAY,3.0,24.666666666666668,3.0,3.0
09af83c846f4d686ae284a1a88ec573337c49543bcc77a8c87c592045fcfb72cf96df35cb1768ccb5b8631500871e93dcb84bcf79260558fd6a8aa44f23a7947,CLEAR,DAYLIGHT,DRY,FOLLOWING TOO CLOSELY,2.0,32.0,4.0,4.0
09af84b91646dcba6e57f0e9373945f97ce691924649a36364ac96462cf69bc83ce8d5a418ea7c36fc54552ebd2de47005254ce288e2d4e09d80c8c1d2487465,CLEAR,DAYLIGHT,DRY,IMPROPER BACKING,2.0,23.0,1.0,1.0
09afa3f31240131bf746f857d266a53235b74c7cadd251185bd92073b77935dacffefd97110ad86ff860052c1443527dee7f0e69c075f82b1e82db643b77d95b,CLEAR,DAYLIGHT,SNOW OR SLUSH,ROAD ENGINEERING/SURFACE/MARKING DEFECTS,2.0,35.5,2.0,2.0
09afa8027abebe4ffe6bfd61361fae928c2e827240e5c9ddf63cf3dbe0d91ac6af0b303fe5836ab038f07cb5a810c2aaff35ac6daead0a730cf8644a4929f2de,CLEAR,DUSK,DRY,FAILING TO REDUCE SPEED TO AVOID CRASH,2.0,41.0,2.0,2.0
09afc9eed886646fe478ccc481477ec9f9701ad1e93079feeb1ca8c9ecadd41f77f896e4c2fab76f510f14969d385040ff78cca0c751d7f4ef5661ccaf1d586a,CLEAR,DAYLIGHT,DRY,"OPERATING VEHICLE IN ERRATIC, RECKLESS, CARELESS, NEGLIGENT OR AGGRESSIVE MANNER",2.0,24.0,2.0,2.0
09b004cbffa39706a209c3133efb285a202df585394b2622260b8d9ea16b60ccdffdb147c88bf43f66da71d845b9d44020aee9c46c95cbc3e95f2066c13ff24a,RAIN,"DARKNESS, LIGHTED ROAD",WET,IMPROPER LANE USAGE,2.0,47.5,3.0,3.0
09b0089a3347188f0ca276bdb3f37b5e3658e6246d6ad88302ed9fbb292e72b1fbf08da36d3ff7dd088563fc03aa58435bb53625a5b73cff1c94457c2b997373,CLEAR,DAYLIGHT,DRY,IMPROPER LANE USAGE,2.0,44.0,1.0,1.0
09b0398abbee270b20177144e91de43e51d6c6fca1577523b18a23176edee6c9c5f507a59ca35bfb14a62d167e6da42823040e04d6cb1edc8bdbfa22d96853db,CLEAR,DAYLIGHT,DRY,FAILING TO REDUCE SPEED TO AVOID CRASH,2.0,39.0,2.0,2.0
09b0970839304c95a40e9cd2fc9b1294dcf8f81899a3c07b5f7e4c225802c849c83d02a2e0ea15929a65d80a8659cef7a316528e72a124a6094472ea8c074d18,CLEAR,DAYLIGHT,DRY,FAILING TO YIELD RIGHT-OF-WAY,2.0,30.5,2.0,2.0
09b0d45e2254462271288f6e2b9a4a1725dad75669c94413c2a7afb2e64832e99218b383341e112497e06fa0480abc7a0169ae872dd0ccb259094154a4bd40be,CLEAR,DAYLIGHT,DRY,FAILING TO YIELD RIGHT-OF-WAY,2.0,41.333333333333336,4.0,4.0
09b0dd77095a6a1d15a31c7946e0562bf4252eef4212f53a8f1b35f226ef3532b4e7acdad1a9f900a12f6c3b00f2f51a0c005169c20e5d46f182d873538ada5d,CLEAR,DAYLIGHT,DRY,IMPROPER TURNING/NO SIGNAL,2.0,53.5,2.0,2.0
09b13c27972a68a65d5271a5ad110198cfe2257b9ed2e195e2fb7fd76dd778a295384feeef3bb2f52a1fdd412366d19a36884b18eb5792113e7a9e134c721eac,CLEAR,DARKNESS,DRY,FAILING TO REDUCE SPEED TO AVOID CRASH,2.0,39.0,1.0,1.0
09b13e80e53aafccbb871b456ee2c31168636fcbbe92d6ebc923fda3663533fd11e374f640235cf1cd9b093e8dead0849beaeb3d3ae44683b1b88b463bf95114,CLEAR,DAYLIGHT,DRY,FOLLOWING TOO CLOSELY,2.0,39.5,3.0,3.0
09b141059b66dbeda627a56868b592c5ec929323da7750e36d54f473122517b8106eb7df9c71b8a4b4f295d2fa05647eff50162dfdfd52cb0707d9adf3dc3fb7,CLEAR,"DARKNESS, LIGHTED ROAD",DRY,IMPROPER OVERTAKING/PASSING,2.0,37.0,2.0,2.0
09b1475f6e8ad4c99a4a2d26de11d247ef8b67cb70bc26315a4b5b785e66d51a040b5ef79f1e038d23beae3d5ced2895b89af7a7424e918dcca57e8f75872fe9,FOG/SMOKE/HAZE,DAYLIGHT,DRY,IMPROPER LANE USAGE,2.0,31.0,3.0,3.0
09b16873592a6cf0230fd594b942528b193dce4ef0da4b85fa2427aa46e9169dff1a8d5dcee9e957c60ed307f997ce0aeb5a42f60d177f21f0b1047edc3b3768,CLEAR,DAYLIGHT,DRY,FAILING TO REDUCE SPEED TO AVOID CRASH,2.0,31.666666666666668,3.0,3.0
09b16944cfc58640661bdf2207fbd524e2055a0706afde535cd203ff392d058453bf820eba9e2e2b39b3ce60075527cfd9c73bab42380d7a24987ee5f8131e65,CLEAR,DAYLIGHT,DRY,IMPROPER TURNING/NO SIGNAL,2.0,39.0,2.0,2.0
09b176ba3588294cf6fa4369577ecea59923ea8b8b7fd8009f4b348ce7d5d13234d6063a46bc7a99fd35d87d5e944c030f4c09460436327977a6e794360c6d91,CLOUDY/OVERCAST,DAYLIGHT,SNOW OR SLUSH,FAILING TO YIELD RIGHT-OF-WAY,2.0,52.0,2.0,2.0
09b1a4b5dd53a97ae59c2b29028063a2b6b98863483e167ffa2a130cd9ab4a0f2cefcf6a7cb76c09ccbcead193a88f76f1cbd254c7595b46b800921d8a204c65,CLEAR,DAYLIGHT,WET,FOLLOWING TOO CLOSELY,2.0,20.0,5.0,5.0
09b21d75324015cf7c5f29ed01e558c0f81fe8cf545bbce10695ec46c60487757c19e4fe8d6cd0f45f18e1f3e5ecbd3e1b72e4f8afd7c972f8b4c14f0f92765f,CLEAR,DAYLIGHT,DRY,FOLLOWING TOO CLOSELY,2.0,38.5,2.0,2.0
09b21fdf606dbeb6366f1d52c42d6bb780b75aad121c4738512c6a39b4252b0848b2dae487e3c368f4b864c02aaf40ea6637ea930a774b53bb1ab132f3fce88b,CLEAR,DAYLIGHT,DRY,FAILING TO YIELD RIGHT-OF-WAY,2.0,28.5,2.0,2.0
09b22ff52dd32ca893d99f41dae919b6de9cb3d13ea16d6970f521f4ea560d6fec37daf60d3bc2c9ddddd33831cdeb8b31a4d0586ac478aefb8e642940fd4a8d,RAIN,"DARKNESS, LIGHTED ROAD",WET,WEATHER,1.0,51.0,1.0,1.0
09b24c996e311ef5e3facafc6e400ac91b0e494addcedd01778fc0364c5776b709e5f5512fc69699d223014c3fcab0c0d158a3bc938fc63c5e789a1ce1ca8e8f,RAIN,DAYLIGHT,WET,FAILING TO YIELD RIGHT-OF-WAY,2.0,59.5,2.0,2.0
09b26ef90f4476e466545f12554004c291816d779322b4a65101274937a9099d2ad84532c87916174a48a8497f60f5a7504d8be3edb6c6a90ad9653c50965b3c,SNOW,DARKNESS,WET,WEATHER,1.0,23.0,2.0,2.0
09b28ea9d93a8728d4aabb282ecd9a81e2afa930caa9218940589cb3448e64e68328efff1708729eded40f1145e5e1cc0aedb1fd3c0a305ed7cd44ef8fd93dc8,CLEAR,DUSK,DRY,FAILING TO YIELD RIGHT-OF-WAY,2.0,26.5,2.0,2.0
09b2c76ce932c6f7bf401467d19339f34b5c0ffa8987aeca4acefaa01791840cef5f5d8770a2e48b4bdecb47d6e371c2aca9f551ebaf1058b75114d0838086a4,CLEAR,DAYLIGHT,DRY,FAILING TO REDUCE SPEED TO AVOID CRASH,2.0,43.75,4.0,4.0
09b2d46ea500f920fc418844f90b264b2c9ed63857a79bc6bd3cb1df37180f79ea7a591ba5e95d7d828cab39430f7432f965a7b91b088e565c1b2141a1e8b93b,RAIN,"DARKNESS, LIGHTED ROAD",WET,FAILING TO YIELD RIGHT-OF-WAY,3.0,44.666666666666664,3.0,3.0
09b2e6e8687111d322e51c11f90856f7430846d24659f176689ac6a72f834594fe926133364c6268b2892f351667130af0f99670606ade2b357e2fc6fcfc95ff,CLEAR,"DARKNESS, LIGHTED ROAD",DRY,IMPROPER BACKING,2.0,42.5,2.0,2.0
09b2fb4e04e0e2e22d722d013a4f4542f087b0e373957169d0265a1960eb6ed1e0b4a3b8448f8051197be1af10034be0400e7d105d1910f2fd309114a8a3ca2c,RAIN,"DARKNESS, LIGHTED ROAD",WET,FOLLOWING TOO CLOSELY,3.0,35.0,3.0,3.0
09b3075aa10fb740d08551a2217757725a637f514a30929486586e373cf8fc71b9d6e1053e4f3e5afe584897e5fb217b09293ea901273827c3d05ac0bb0fd0d3,CLEAR,"DARKNESS, LIGHTED ROAD",DRY,IMPROPER OVERTAKING/PASSING,2.0,35.5,2.0,2.0
09b34bc31e3239bfd8f44547385f2f7d83a449c09b4df3ba9337f03a69450843c795525c7e8493c21dd80e600a47c5975011ec41944508faccefb60b1851d916,CLEAR,DAYLIGHT,UNKNOWN,FAILING TO YIELD RIGHT-OF-WAY,2.0,35.5,3.0,3.0
09b353953be652950254e44fb3aa24f4aa2be49e745419ee009ef160ddb4b1ff41f6a1e3a4240d3c2cf4aadbc6b61f5b05280dcb6c91fde18dbc73248d34a048,CLEAR,DUSK,DRY,IMPROPER OVERTAKING/PASSING,2.0,33.0,2.0,2.0
09b36c29a204e44de2c30e6e05d0d7d48a12ce80b3eda53536f6926d76f4b4f256b0a2431ec60ac26dcad15488ae09f35bee0aafb9860b6a148099c3302c698a,CLEAR,DAYLIGHT,DRY,IMPROPER BACKING,2.0,47.0,2.0,2.0
09b3c0a93d757911c91a928930ce31a58f83fc4364ea73e5023e0f7779195ed490f8e847e4f2a06978e6218984c502d7d9a813e830d4fb02e8b851116df007cd,CLOUDY/OVERCAST,DAYLIGHT,UNKNOWN,"VISION OBSCURED (SIGNS, TREE LIMBS, BUILDINGS, ETC.)",2.0,50.5,2.0,2.0
09b3c30b587727a7fab2bb498b68557b2e269456be3ab29ae99d4047cda13370778695ea78e6bbe8aa5f37818ff8ddeaf12e65b5b2f870f01f57e6837f745020,UNKNOWN,UNKNOWN,UNKNOWN,FAILING TO YIELD RIGHT-OF-WAY,2.0,37.5,1.0,1.0
09b3ebc7368b722745858f228e34e28067ead9560be5fef2c48aea8a99dcabe1b36c9371d26353801c0de9b65f1bb1a22588748f8173e2ed49064931410ea73c,CLEAR,"DARKNESS, LIGHTED ROAD",DRY,IMPROPER OVERTAKING/PASSING,3.0,24.0,3.0,3.0
09b403086a93b713527f9411e3785936ff4e373c972d7a29caaea94e5374b6481656f23846c65a0e2601cfc013caca9309f82024e7bfbf7ac9705c0ab1038d26,SNOW,DAYLIGHT,WET,IMPROPER LANE USAGE,2.0,33.75,4.0,4.0
09b4300c3bb02038cd76f5b50a44d024508ca2d1dbbd5728ce715d16c6b773c4438d88b55daa8a0587e4017e8d0394d4df8879bd74437c2557fe3ad2d3465c09,RAIN,DAYLIGHT,WET,FOLLOWING TOO CLOSELY,2.0,29.5,2.0,2.0
09b43337849e472c3ebabe7ecb2077a658fca78c59b46264c44de6463ad09415c26c0f59ea7b0ec110ef7558c9c454f7b850e9f54af6de5aa821c05a9f0c3409,CLEAR,DAYLIGHT,DRY,DRIVING SKILLS/KNOWLEDGE/EXPERIENCE,1.0,26.0,2.0,2.0
09b44739cf6d7357626598c243e78e3402d2ef6f69753ccebb16f066312eafd751aafdc58281aa5ea12ac685c20d06f0aa918913b5bcb154f8ff4d2120d12da1,CLEAR,DAYLIGHT,DRY,FAILING TO YIELD RIGHT-OF-WAY,2.0,45.5,2.0,2.0
09b469866da1753011b41228e51a3a535ccfecc608473b956c38471611e4d52f7612e7c71391e50aabbd083539272aed3dbd9f8b1efeaf099bb64757d0ba8ac6,CLEAR,"DARKNESS, LIGHTED ROAD",DRY,PHYSICAL CONDITION OF DRIVER,2.0,66.0,2.0,2.0
09b4730177608623117b98a4e947f94e3165aa35cea77284762703feb9f62da8bdab41586a92ca0fa8826b38807024bfbc8777983309546968e20c04b5917f62,CLEAR,DAYLIGHT,DRY,FAILING TO YIELD RIGHT-OF-WAY,1.0,37.5,2.0,2.0
09b499c63eff40287acb93773481059913963e513913993a735b3a03b9870478d1590e0a0a34975e3aa19c3222b56e89214b60f3680b4767a327390a2dc28424,CLEAR,DAYLIGHT,DRY,DISREGARDING TRAFFIC SIGNALS,1.0,52.0,2.0,2.0
09b4b421c0478c3eecd51804dca342466796d97c430636179e8859ef716241d473a359f49cc1a9486ddf88034975ae8c03f05cf3d9f9f7d556f1b05d3b15f66c,RAIN,DAYLIGHT,WET,FOLLOWING TOO CLOSELY,2.0,26.0,3.0,3.0
09b4b7c8a957e2a7d115f23ef58e920dce8e2366d2e1bb62c9b7a7e559e7c8313780c9139aeb49cebf70329a30139361dfaab74045c6ec28040e6b4fd252e2a7,CLEAR,DAYLIGHT,DRY,DRIVING SKILLS/KNOWLEDGE/EXPERIENCE,2.0,70.0,1.0,1.0
09b4c5b407c540af661720e70ca68a4135c04095e4136ed460bb8979a477a6a0b242a2a2fc10317e641c1f0236109d2bd62c72f27d273598f47c2c0f086dc216,RAIN,DARKNESS,WET,UNDER THE INFLUENCE OF ALCOHOL/DRUGS (USE WHEN ARREST IS EFFECTED),2.0,29.5,3.0,3.0
09b4fe46a7ddc1fe3ff1c4434d3e28944ce72a44f3ef07bb5ebff8fc0f8ae1d1808f60317e7bb45074bc3a7ee172d79e30a76546bf42bf35e958e3f25b69b18f,CLEAR,"DARKNESS, LIGHTED ROAD",DRY,FAILING TO YIELD RIGHT-OF-WAY,2.0,43.5,2.0,2.0
09b5317a593dd73846bf8f5773058e8787d1c01ed471d57c020352f1bc47b8006dbf8b9aa8549f8fa903270cb1e15283cf5ddcce31337afe945a00643aebf7f1,CLEAR,DAYLIGHT,DRY,DISREGARDING TRAFFIC SIGNALS,2.0,37.5,2.0,2.0
09b5432f8dfff26a2abec33e2c24269065bae1537be13aa1924a97734b3a50f4a2b5a28fec3cfffed79bf98e86efa36f2d44f72866eff9aa463739b3ec033b86,SNOW,DAYLIGHT,ICE,WEATHER,1.0,23.0,1.0,1.0
09b54e6e10fe14b982f37954e418b30eaa2e32560ef76de6ceaa9c992c49a2ad5cfe6a0240dc62f334b3bd5ec189d63a32fb96a09e7e719be894a632a3593399,CLEAR,DAYLIGHT,DRY,FAILING TO YIELD RIGHT-OF-WAY,2.0,59.0,2.0,2.0
09b556120d85ed5d8d470f0679e947478057e92bd2062036f4ce9c6f0adc9dd9839e0999332e918cc7168e413e13e7e0a7b62c60c2f3b4bab63bf8083ff85362,CLEAR,"DARKNESS, LIGHTED ROAD",DRY,FOLLOWING TOO CLOSELY,2.0,37.0,3.0,3.0
09b556df9e90aa832162a456e1991e2f0921e2ee5257be9a91787051c6caf49b2b082ede931f17b2c2bf14ae1b7e69f3aff6bbfbf5d69c1b6aec9d13822517eb,CLEAR,"DARKNESS, LIGHTED ROAD",DRY,DISREGARDING STOP SIGN,2.0,28.0,2.0,2.0
09b56e6dc4d800b238c93c99cd5feb9bbaa545181bfa0f4778d8aab1a9315dca6b0e045e98d25318c0767d653ef5c3eed1c1ff3f3b1705f3f7aad21ca0de9e25,CLEAR,"DARKNESS, LIGHTED ROAD",DRY,DISTRACTION - FROM OUTSIDE VEHICLE,2.0,29.0,2.0,2.0
09b5aac51a2a0aa225681d6e38affc2c1add03e63e614f3ff7419af91aaee1ee5a2aa3e9beb40a9396a577e8bb70404984c0f2a0705bbc838983d25d090fc5f5,CLEAR,DAYLIGHT,SNOW OR SLUSH,DISTRACTION - FROM INSIDE VEHICLE,2.0,37.0,1.0,1.0
09b5bf940bd606215e69909a5312ba0a9d1a34a8a38763d5116387f59bf2b01566c89504b88a0a4e84379d7e98218ea20e726414edaa995ef6608de11773c395,CLEAR,DAYLIGHT,DRY,FAILING TO REDUCE SPEED TO AVOID CRASH,2.0,40.0,3.0,3.0
09b5c37836238b6d82f5706e8459bdc0d5304a803a6c15924eb26d70c04111debc1b6e61549add3e81923b0c9899c6f5e78df5f74ab56af1ca538eebff6bd9e0,CLEAR,"DARKNESS, LIGHTED ROAD",DRY,IMPROPER TURNING/NO SIGNAL,2.0,26.5,2.0,2.0
09b5f5e8bd291613cdebec9a503090900e922a45340e6b5540467fd9b261fe737be30eb615e906f52b35c4a7982a121e646295fc570959384680443c9b586867,CLEAR,DAYLIGHT,DRY,FAILING TO YIELD RIGHT-OF-WAY,2.0,49.0,2.0,2.0
09b64c627c2ffd3aea59a68520362ab98d8c5f871d4a4642e5032f656ca0d577326706517669ea5aee3d6102864737009ade701d2f7e5ca7463a26ceb55387a3,CLEAR,"DARKNESS, LIGHTED ROAD",DRY,CELL PHONE USE OTHER THAN TEXTING,3.0,25.0,1.0,1.0
09b6601044926f4f61f9f3d9e7a215da064402b9cad15cf50b216c2bd529aff3ad8018aa51cd8cf7f55b32a287997f0df2c0b982d0a6d549154bfa1a9ccce8ec,CLEAR,"DARKNESS, LIGHTED ROAD",DRY,DISTRACTION - FROM INSIDE VEHICLE,1.0,29.0,1.0,1.0
09b69929b577fb3132a7f01d98bd4ddaef1d6d298129b23559099b2a5a9b728e52c19d853f05f6ebc4e0c0459f7c8f919ddf261272266d43e1dbba616a740cf2,CLEAR,DAYLIGHT,DRY,DISREGARDING STOP SIGN,2.0,33.0,2.0,2.0
09b69f16b69ec04357f6367f2cccee028627dcfe844e475222221f328b0abd2acf8a7b25bda9ef4b8aa4c3771749180c993fee2e44f0badb08e5afba9349154b,CLEAR,"DARKNESS, LIGHTED ROAD",DRY,UNDER THE INFLUENCE OF ALCOHOL/DRUGS (USE WHEN ARREST IS EFFECTED),1.0,17.0,2.0,2.0
09b6a2e2624c1f5500155179244a254533411eba23cd545b6b76b1e94bf3a6e8d6561683cc0df51667a38673a147b0bfc160cd3c47a90320e8d78f02e5b9e0b4,CLEAR,"DARKNESS, LIGHTED ROAD",DRY,UNDER THE INFLUENCE OF ALCOHOL/DRUGS (USE WHEN ARREST IS EFFECTED),2.0,52.0,1.0,1.0
09b6a83d211cad7bc82ff18d0eec2dd0002a453e3e6d37b7e68de797ec2000ea393c48e195a0c904f43b503d5a35ebcf87dfeb640d77b12be4ee4d501b66d0f8,CLEAR,DAYLIGHT,DRY,FOLLOWING TOO CLOSELY,2.0,36.0,2.0,2.0
09b6acbc2a6bc65c35ea2a4b1e25af9862b069f9c8eb1ba414f52a33d1e6abd0c5948cf6ec85a5c9a6a96e9019faf85f079b34f3e54ec7797e848530e9c9c8cc,CLEAR,DAYLIGHT,DRY,IMPROPER OVERTAKING/PASSING,2.0,23.0,2.0,2.0
09b6e7b17d39afbe87faa4f3cc740d824ea4028a92120f3477ccac934f0ab3387d11b4bb354743c9d741694fb6523368d9e4f458c314ebfc616745e44eb20e1d,CLEAR,DAYLIGHT,ICE,WEATHER,2.0,37.0,2.0,2.0
09b6f61569166a4f5997059c06f174068576a2cddfc57351681869de592a022f764c31de46df8c590947f9ff36e8099c609fd3878e0094a11879d7c00eae2bc4,UNKNOWN,UNKNOWN,UNKNOWN,DRIVING SKILLS/KNOWLEDGE/EXPERIENCE,2.0,44.0,1.0,1.0
09b7227bd87e2fdb0cdd4adbf5f1c8f5cf57767671a74095cef656d2478bbb62ff646026425c3b501b8c02734102ae97eda48ce9f5d43f2821a2ca1935b84731,CLEAR,DAYLIGHT,DRY,IMPROPER BACKING,2.0,56.0,3.0,3.0
09b72c9cc3094a4d22447edd6e6c8419b9a74bc36e3dfb1792ddba2b8f5fe874cf5742415e397068071cde9ec4b6993376911da3707dd946979f7663a632e0c1,CLEAR,"DARKNESS, LIGHTED ROAD",DRY,DISREGARDING TRAFFIC SIGNALS,2.0,36.666666666666664,3.0,3.0
09b73af96dcc8e6c26e39985f6930fa78f718f6a93b12bbda0daead3f3561e519bc4510785e9238fe4b0567d3815c55a9fa0311d7cddbf01a5469033a84b72a3,CLEAR,"DARKNESS, LIGHTED ROAD",DRY,DISREGARDING TRAFFIC SIGNALS,2.0,56.0,3.0,3.0
09b774231bd7ce977c18777eaa76199f576e94d2678573e3f2146ac795c23723d41fb5f0bb224468d14634cd4ef2238d9064da0007e05b8c996f257047f74906,CLEAR,DAYLIGHT,DRY,FOLLOWING TOO CLOSELY,2.0,44.0,2.0,2.0
09b7779c8296833b6b54591b1c77e10bd3897a94ea76ef1c2af2818afa524071c33004a23d1f75cb711e657ac12ab08e8edd26a1cf9cb18fc81fc539e89d1649,CLEAR,"DARKNESS, LIGHTED ROAD",DRY,FOLLOWING TOO CLOSELY,2.0,29.0,2.0,2.0
09b7907119201d40f6edf78e905baf5d903ee9649b0f516994f41e1fc2e58d62779145427c69903435b118eda1dbaa7bddffcf53ff7d19d20ad66cb56863ce9d,CLEAR,"DARKNESS, LIGHTED ROAD",DRY,DISREGARDING STOP SIGN,7.0,59.0,2.0,2.0
09b7a13fc2e898864b36500ef0d27d956563a32066866409fc00210e4eefd980fdbbba264f44cd0838b7cfd8659f948cbf78862b35db88210199f31b687cc08d,CLEAR,DAYLIGHT,DRY,DISREGARDING STOP SIGN,2.0,7.0,2.0,2.0
09b7a50635828ed0e49612d4009e93b3ec04dd977834e6ed9ba98ec810c126b45c3af6d0528187dac4cdcccbc04c5238c78d6707dc7b8a45ecdcfd7671a91414,CLEAR,DAYLIGHT,DRY,FAILING TO YIELD RIGHT-OF-WAY,2.0,38.0,2.0,2.0
09b7dbe448a330164a92c2733665fcbac25c9c316f5aa289d18b5b2ed26c9c5a3095aa4e21f861bffbea6dc1432821683198d3bc08f1c1f6d38fe1b0991a45fd,CLEAR,DAYLIGHT,DRY,IMPROPER LANE USAGE,2.0,39.0,1.0,1.0
09b7e016d62db7cd0e4e36bfc05a6d5522204df883b8c99bf56e88cff3d07fb7cc4237e9ac06aaa499b9b794f596c5cb721e553faf4c134ef1f02fd7965e9a78,CLEAR,DAYLIGHT,DRY,IMPROPER OVERTAKING/PASSING,2.0,37.5,2.0,2.0
09b7e287698e43c3de52afdac395a4c27086e9ddc7dba17819427404a076c6aed4060be42a8da4c71adbb659873a7a2790c5fa8824c21048f89f4be0b833833c,CLEAR,DAYLIGHT,DRY,DRIVING SKILLS/KNOWLEDGE/EXPERIENCE,1.0,51.0,1.0,1.0
09b81f5480d8bf57136e28cf7fb0288c1fe493e291722eb852916fd032429f11892192ef19381454914cd74f5577ea548d5b21e9a345ed6c70fddf09464f7026,CLEAR,"DARKNESS, LIGHTED ROAD",WET,FOLLOWING TOO CLOSELY,2.0,37.0,2.0,2.0
09b820f74bb753454ecfd7f830364cb03b06f597bb195dccaf51354136b33ddc46488de2b62683c17f0d248c190904381b0edfdb7cd4d3aeb7f90484bcd3e18a,CLEAR,DAYLIGHT,DRY,IMPROPER BACKING,2.0,61.0,2.0,2.0
09b831c11ac059b9808573df029214cee9c6e64687f5d4f5732497fda2432503246a9ecf1454b017357c6a63d577ae341fafa3811730b6767c186c1f9bb83142,RAIN,"DARKNESS, LIGHTED ROAD",WET,FAILING TO YIELD RIGHT-OF-WAY,1.0,30.0,2.0,2.0
09b85a3cb4738af152a978402100a2385171f33e37167b5d2e6111b06e6bcff85dcca41134fb3816446cc1457900e2c414eb77aa0ee7ebc5ff3d1905f72234c8,CLEAR,DAYLIGHT,DRY,IMPROPER OVERTAKING/PASSING,2.0,59.5,2.0,2.0
09b878b3f76d6491c0bb57a104ccf5c6baa7869f6ecdd80ff0a12dd9a95fa48ec87ef0f5af2f253b31c51d8dbb439ebe7eead41b9f5eb8a7fbb367de5867ee9c,CLEAR,DAYLIGHT,DRY,IMPROPER BACKING,2.0,37.5,1.0,1.0
09b891c0cbe7b828425ef04ae88b9e4b428265afa1a248792549312f1922a059c672c0d3a1a4f8634ba23b41dc0bbbf87807db8dfeb1d4220bd918579d4dd428,CLEAR,DUSK,DRY,IMPROPER OVERTAKING/PASSING,2.0,53.5,2.0,2.0
09b8960b03df7c800c636850f2efe8af680d12bffb88d3d45aa39ffedb7762d06db163f3d4b104f567d59ea8ff22b765fff8158ac3e47422f5f8f50242937eb9,CLEAR,DAYLIGHT,DRY,DRIVING SKILLS/KNOWLEDGE/EXPERIENCE,2.0,54.5,2.0,2.0
09b89a3a55ef8c18ecbdeecda149f173f08a1b69d8cbf03d34c5e2ecb90727cefbd0e98e86e693519631f54aaf523cf72a674596d451195a7bd58347fbbc6a3d,CLEAR,DAYLIGHT,DRY,IMPROPER LANE USAGE,2.0,25.0,2.0,2.0
09b8befbd6d31c126a611faea74f8448cad1447706c441f92e7eea8aece17eeec0df0a8f41f193ac61833f0187edebe90fd53cb24f6d521214ccc864db0f4173,CLEAR,DAWN,DRY,IMPROPER OVERTAKING/PASSING,2.0,37.5,1.0,1.0
09b8f262665321169e3e018237751131c8e14ff1d9800d0f6a548cdce1f6651568946cc7df284428c591c74999de4143881ab50f383492ca7a85cd3f85b9a795,CLEAR,"DARKNESS, LIGHTED ROAD",DRY,"VISION OBSCURED (SIGNS, TREE LIMBS, BUILDINGS, ETC.)",1.0,55.0,2.0,2.0
09b907ed3f36fdd73e53ede9a64f79ade9aadfac03e64e3b044eabe02cc44afcb3dfd6a9a84a7fa2d4535c2196a735ce9e6f33a72a5d66fc38f491f7c75662c2,UNKNOWN,DAYLIGHT,UNKNOWN,DRIVING SKILLS/KNOWLEDGE/EXPERIENCE,2.0,32.0,1.0,1.0
09b99e9950cad1b5bc5158bb6aad2a8e07932f65ee60495440a377484eeae05255c85e3d839e253a40dda00a4f0b0a27f92d42d1270cfaab25d57c03a4e97160,CLEAR,DAYLIGHT,DRY,IMPROPER LANE USAGE,2.0,24.5,2.0,2.0
09b9bc6e7188e343c32ed9e94fd180baee4772be7f67653d9da257e2ea409c817752a62f344d6e001a77f3497e95815282c681d0c468fd33e3354180c0ac7291,UNKNOWN,"DARKNESS, LIGHTED ROAD",SNOW OR SLUSH,DISREGARDING TRAFFIC SIGNALS,2.0,37.333333333333336,5.0,5.0
09b9f5bcf39d65af731bfeaee0d2045e4e8f7779b2f3617c48c49fae19ac07c32f6274a4c1de76a9ec146e761fb390741484ac6ba85099619592c654fa30aee6,CLEAR,DAYLIGHT,DRY,FAILING TO YIELD RIGHT-OF-WAY,2.0,46.0,2.0,2.0
09b9fe20671253d34b20b38d585aab8afb3a4bc4053b8929b9aca4290f2fdfeb6ec0035984a74b8411f0c69ac88e8eb1bb0715c34625a9e8073a368ffad87e9b,CLOUDY/OVERCAST,DAYLIGHT,DRY,FAILING TO YIELD RIGHT-OF-WAY,2.0,26.0,2.0,2.0