crash_record_id,weather_condition,lighting_condition,roadway_surface_cond,prim_contributory_cause,total_vehicles,avg_driver_age,total_people,total_injured
09ba02df109a2d0e083fac72b0d953dd309c969402d91bbd2e7f611a08fb63e5e3bc871da44110e2469669ee406f79ad85692a3fc0a5a56320e5bb79e11ad275,CLEAR,DAYLIGHT,WET,IMPROPER BACKING,2.0,27.0,2.0,2.0
09ba233444dbfc4fead44fcad65b1d6178944155d6522eaa57ea63823bdcbba4c66d4d6d3657d67ab3bdfdf7c75cf96086adfcadffeba3218656876060e5588f,SNOW,DAYLIGHT,SNOW OR SLUSH,FAILING TO YIELD RIGHT-OF-WAY,2.0,48.0,3.0,3.0
09ba3055896e5c00518c28e34c726233d63159a5ce48e3ffb58846cddc48bcf001b0ba11ceee71f52103c08ef4b6fc60cc8a822b6332fa541cf3afecb52ca6a8,CLEAR,DAYLIGHT,DRY,FOLLOWING TOO CLOSELY,2.0,37.5,1.0,1.0
09ba44bddea4fb6c15c5cbe3d62d9206e5c1a3d804bfc811a9647adc34b657b73dc45266c1852989cd71eb310765e88ea36a7af24da40c69ee819e50392e1e70,CLEAR,"DARKNESS, LIGHTED ROAD",DRY,FAILING TO REDUCE SPEED TO AVOID CRASH,3.0,37.5,1.0,1.0
09ba4ecadf9a5fcebf31f8e14376564aff22510e456a064918fe23216b68b227ce99f33f14eb798fbf65ab95f8c596bf8551ba73d1494a1cda5b238daca4b132,CLEAR,DAYLIGHT,DRY,IMPROPER OVERTAKING/PASSING,2.0,37.5,1.0,1.0
09ba78f1097efa11a4c437a3c4dd4cdfd2dd7199ae486aba1fafe7566cd7a0c9f6a8cc6ad43502928e4920ae7e91c218e60692cee9c55774dc99a01660cfe623,RAIN,DAYLIGHT,WET,IMPROPER BACKING,1.0,25.0,2.0,2.0
09ba81340985f56b2ee6868eb8929b5e24142ac62d9213300a5aba64f4083d0f1ad42e8ab29a7894d22e3c8cb2f60d87f45a84b1772b7426bf7457697bcae545,CLEAR,"DARKNESS, LIGHTED ROAD",DRY,FAILING TO REDUCE SPEED TO AVOID CRASH,1.0,29.0,2.0,2.0
09ba8b69d6b7cd90a3049e06854e56887af2d99afb3d50b42b3134f240cf819634f49806bfe4f23bf2efdac3560a5e4396bfbd7b23d18f586373993d26d6ba93,CLEAR,"DARKNESS, LIGHTED ROAD",DRY,IMPROPER TURNING/NO SIGNAL,2.0,30.5,2.0,2.0
09ba9528e4bb699ab6ce83d2b3d279a5916c8ca2651336dcea8a31a708e9ad5e229a59f8d6932c0993f3b76a197308d6b4d97b452e9c430ec9eae81383e8aa01,CLEAR,DAYLIGHT,DRY,FAILING TO YIELD RIGHT-OF-WAY,2.0,37.5,2.0,2.0
09bad5de6626b52e9d60e0fdc1d2292c016c1be6d82eefb7ba8e1b1070bc0f8ecec7600a7733542d6d3ebd2c0488b01e188c14585a8c9801aa4adc2d0aa8e651,CLEAR,DAYLIGHT,DRY,FOLLOWING TOO CLOSELY,2.0,81.0,2.0,2.0
09bb0d8685f7bea2855acd63a42199afa7f40f651b8756f959d3451166d2f0f5097ae81e3cd39d029094de7d3565ae1563b0d85e5fb954abf7df1d4e1f57ab0b,CLOUDY/OVERCAST,DAYLIGHT,DRY,DRIVING SKILLS/KNOWLEDGE/EXPERIENCE,2.0,40.0,2.0,2.0
09bb249821f6c24e8f783dc3dad07ecb6e0933ef87716205cae852449d1e98962a5834d7b7edaa3b73ebe9ec13864142f8e61f07209008aa36e6c164bc2b1afb,CLEAR,DAYLIGHT,DRY,IMPROPER OVERTAKING/PASSING,2.0,41.0,2.0,2.0
09bb96a4671cd1653321a4f0e6ab9b5a0a832aba7353e0e30f86a8d5562bc51092d006c21d80df56f936175d0a6732fa328d07c39b85ad56d6d6cbac5ac93e4e,CLEAR,DARKNESS,SNOW OR SLUSH,FOLLOWING TOO CLOSELY,2.0,37.5,2.0,2.0
09bba146cee2bb1c9871a650f491b54998f87c75d07d2f1e3e66463bff39d4adccf14747a5801d42b57ac9c04ade4012ee6f4c462dbaf95566d5bca3c22a1b55,CLEAR,DAYLIGHT,DRY,FAILING TO YIELD RIGHT-OF-WAY,2.0,46.0,2.0,2.0
09bbbb4b542a14c683b5bb2960a15cfd8c174b358090ae72f6c8358a45c66d5011395ad76dce25f9d6e9627c9ac6c04704ed2c25329b645abdfe1e86e879e1bd,CLOUDY/OVERCAST,DAYLIGHT,WET,IMPROPER OVERTAKING/PASSING,2.0,41.0,5.0,5.0
09bbcc43bbe9d66a10e8eebd42f8018514098b46ee05129ba0bbab9b07db39875d998cf398441498f408c2de2dde1f27966530399e29d817a472867e940b7432,CLEAR,DAYLIGHT,ICE,ROAD ENGINEERING/SURFACE/MARKING DEFECTS,2.0,31.0,4.0,4.0
09bbd0a74ce01e8f91ce059daddbf53c17b633d5cbf8df84c1c438654579a12d13b10eae58e441ce5bf5d9938cf0d4580d610d41ba19540a349791f53ffb90b9,SNOW,DAYLIGHT,SNOW OR SLUSH,FAILING TO REDUCE SPEED TO AVOID CRASH,2.0,28.0,2.0,2.0
09bbdc15351a77102479fde989b2001a6ad4d4adcd044e2ab196fca083d0d37487c724d7c6eebd41f932343ae5bdf08dbbaf409d366240444ce38aa193852842,RAIN,"DARKNESS, LIGHTED ROAD",WET,IMPROPER OVERTAKING/PASSING,2.0,29.0,3.0,3.0
09bbf83921317a8e4e4c0a913bf399d2a03902ebe417a9ab7d1d5841c3d7c4852e133f49841b05f121baa978e92d9214ef3779c716a7508ee59709873ac98df4,CLEAR,DAYLIGHT,DRY,IMPROPER OVERTAKING/PASSING,2.0,50.0,2.0,2.0
09bc0182476f960c7a5587ed2b83b67986dcf08745f2aecab286b136934062d2890c0893c19be752e9082cfaac849cc3e930d7420d680e06ec02e765ce903663,CLEAR,DAYLIGHT,DRY,FAILING TO REDUCE SPEED TO AVOID CRASH,2.0,21.0,2.0,2.0
09bc321299365cd20d1b72b0402f67abe4f573bdc670a6a990242139bc53c742610d57b4b1a997ea3515f02516a8b3af993da9c09cee99b528c75ed5c0132c22,CLEAR,DAYLIGHT,DRY,FOLLOWING TOO CLOSELY,2.0,29.0,2.0,2.0
09bc43b304e2bdd143271147dea1d9e3d17539b9d888fe37c15b7d15c694994430b5cf0f09226fb138ca9a55c9b770e0b18a02b680f840dcc92f072bf33a1645,CLOUDY/OVERCAST,DAYLIGHT,UNKNOWN,IMPROPER OVERTAKING/PASSING,2.0,29.0,2.0,2.0
09bc4449f8f21ab3e9539f2f9aa7c6f2b50fec86c5a8e759355b937b85938293bc1d1cf6bccd1bdf2f453aecab38fefa228e31670633bae75b4a5fdfc4dc939a,RAIN,DARKNESS,WET,FAILING TO YIELD RIGHT-OF-WAY,2.0,31.0,2.0,2.0
09bc6e0258f1eeb951bb6bcac155a752465086097597d306dc992acf8591cf84fd476d898c5bb6aac98c7ae601e3dad7d4119ffb1a22b95d7fcaa3a6a9759b88,CLEAR,DAWN,DRY,IMPROPER TURNING/NO SIGNAL,2.0,44.0,1.0,1.0
09bcca02f24d0a07b2c9fc3c0ec776d3027b32b71f1776fb0cbd8198b692eae4a5ef0e25af00e82a2c57ef50833205c8b6ed3af52cea3c1c368b47d13dde76cb,CLEAR,DAYLIGHT,DRY,DRIVING SKILLS/KNOWLEDGE/EXPERIENCE,2.0,62.0,1.0,1.0
09bccaf2693dc7143db97f0549eff2946136465b9fd4b3db4c7162adc1de602ce5a177597596c0ed4f001509357dc4197609ae03b138875640225ce1cb6fdd57,CLEAR,DAYLIGHT,DRY,FOLLOWING TOO CLOSELY,2.0,39.0,3.0,3.0
09bccbc51134f5ee9198515e9a21a30f07d3042681dee718a4f6dc7b2aefba453c2d92b67f5aa5aa3a8e919927f5862548b1eae23fabf069322fd43f4bf3f959,CLEAR,DAYLIGHT,DRY,IMPROPER OVERTAKING/PASSING,2.0,33.0,2.0,2.0
09bcdc47d97b8d91470bb94dcf18582b8f5b3d71f98d359ff2d981f2df8a92ca5d70f95120d1283cf051440cc7d80d91d2372f55e7b064c557bf34e5a1bd01bd,CLEAR,DAYLIGHT,DRY,IMPROPER OVERTAKING/PASSING,2.0,67.5,3.0,3.0
09bce4b335f77bfffcbf026df1819eb9fdffb30239f0ae03a882c6c2b48836767b949070a85bd105caa45e1d8a0ada01c1f6d233f3d70c0274a6e0c9ddd6ed2f,CLEAR,DAYLIGHT,DRY,"VISION OBSCURED (SIGNS, TREE LIMBS, BUILDINGS, ETC.)",1.0,54.0,1.0,1.0
09bcf7e03538f56cc28e7cc15d0ac131c3f3e2e9a64d42613eef66e9a9f12628e2ad62b50d5c0b907d7a9d5013ecfd246107772b24533ecc20b62d9d8b1bd04c,CLEAR,DAYLIGHT,DRY,IMPROPER BACKING,2.0,37.5,1.0,1.0
09bd5372c6109fe1ce483a522a6ba441da6c06ec806b7aab0ebf36c8907b05b48615fee553bcb58d5e4bddabb4d47ded17c1d1967c575d7a71b9c311b42c8912,CLEAR,"DARKNESS, LIGHTED ROAD",WET,FOLLOWING TOO CLOSELY,2.0,30.5,3.0,3.0
09bd69f7a082faf75c0650eb9e4b315ee5ad1b7794c4d3e2c25affc6d41db858ff3994a7352bdddb2dfa25bf49f408d9d2c5f6fdcc2809b92d49f32fb7fb9b23,CLEAR,DAYLIGHT,DRY,FAILING TO YIELD RIGHT-OF-WAY,2.0,32.166666666666664,6.0,6.0
09bdc9ff1134155378692d31c455e7fa4458e1cfc0c6885452eda89a6eeadf31fedcbbf90cead6f35762cae32121951bfe2e1619c5a34ac1c7969a271c39fc47,CLEAR,DUSK,DRY,IMPROPER OVERTAKING/PASSING,2.0,18.0,4.0,4.0
09bdde15562cb772b037c4646846527bf76fe38bb431841273370b7b9cf0e3ab28e9eea05bc15ad76cf6af29d91f9c9bc068cecc0e371b50f0cbb87fdf43c641,CLEAR,DAYLIGHT,DRY,DRIVING SKILLS/KNOWLEDGE/EXPERIENCE,2.0,40.0,1.0,1.0
09be425911a1f0dc0a41a0e21f28fd38f4024b2493ab616b67a59ce61fdf3405a41590b111367648cd180533e28c8071397d4d49efa11c15a1c21a20a6e4ad1f,CLEAR,DAYLIGHT,DRY,IMPROPER OVERTAKING/PASSING,2.0,34.0,1.0,1.0
09be6f20ca02e2aee975d9855cf1470ec279c0d15dac7ab54d3223173855447bf86b525fd1b640c246f356c6273ef6caf852ff9e3a80b6af6b4219c020241bec,CLEAR,DAYLIGHT,DRY,FAILING TO REDUCE SPEED TO AVOID CRASH,2.0,50.5,2.0,2.0
09be734ade0436f942d09a3caca1b57ee18cf3350b1cd06a08869c68abf7c02a2c60b0890b37f4c245604094c9bf27f30a59021651deac36ae1f729fd3617f7b,CLEAR,DAYLIGHT,DRY,FOLLOWING TOO CLOSELY,2.0,37.5,1.0,1.0
09be801bfee73037b42b16a64b2a1008318862ffcbd7ffd50465f133a6a2ddfa359b15d349b8f6afc0cbb641adab67c1548c2eb2a3cfbd7da6fa8f0da18c61b4,UNKNOWN,DAYLIGHT,UNKNOWN,FAILING TO YIELD RIGHT-OF-WAY,2.0,40.5,2.0,2.0
09be9ab5ef535a67a760123fbfb477cf5d43bb7105ea96ba953a5f5bcc826021089536cd106a258bd3a49d83b4f44ee0d89196a0e660fb44c1963caa446c8811,CLEAR,DARKNESS,DRY,FAILING TO REDUCE SPEED TO AVOID CRASH,2.0,37.5,1.0,1.0
09bea96615cbc35abafb26fa5a86d44fac793dace0669d7591970872862cb00176af3faac52f48202083dd34776c3356060f36f03a8b80ca41a5623eb3cae90b,CLEAR,DARKNESS,DRY,FAILING TO YIELD RIGHT-OF-WAY,2.0,38.5,2.0,2.0
09beae92e6e631a92191725f6fe10207e1585ee028c2811ed5d4524c006d38a277e553456bc50101d3d05cd6410b3e34ff0eb2b8f04bfe3dbe6995e7e3273698,CLEAR,DAYLIGHT,DRY,FAILING TO YIELD RIGHT-OF-WAY,2.0,30.5,3.0,3.0
09becb06a48d05bbfb20f223ce33355991f295b88de8646cbd07b10986f3302828fe6728ccae2d0c2652f6b74d49b0f82c782c55a1281511dd2e921ab986db38,CLEAR,DAYLIGHT,DRY,FAILING TO YIELD RIGHT-OF-WAY,2.0,34.0,2.0,2.0
09bf07532e0600ff1cfb9d5f52d7883288b1570850ef5eef6d1dced6a58c27ea5bae9e3141497804bc57bd33c55499b9f68c41c5248c6c488c014241b0ea72ff,CLEAR,DAYLIGHT,DRY,FOLLOWING TOO CLOSELY,2.0,26.0,2.0,2.0
09bf0d8da6776500881c96e363d45987cb80d15eb6dd05878551f87bc14e56478174bc0e74e7959a5d4f4af7d777db12a52e551bd293dcef106017844a89cc61,CLEAR,DUSK,DRY,FAILING TO REDUCE SPEED TO AVOID CRASH,2.0,86.0,1.0,1.0
09bf2adff1fffd54e342c9cebbb6f510050c7f67b143ba20161038e0aef1219ff799e2dd443cd4766c665291a15b237a69db6df63b27532d8d99f1403bf0192d,CLEAR,DUSK,DRY,OBSTRUCTED CROSSWALKS,1.0,51.0,2.0,2.0
09bf2fcead2a2427f342cf4cec0ccebf88f78e45a7f2ac9048176b43b5f97849f6825dd31d94af1db148fd1a8eeb13f404c0f41014ae9f8a174f720108b052dd,CLEAR,DAYLIGHT,DRY,FAILING TO YIELD RIGHT-OF-WAY,2.0,17.6,5.0,5.0
09bf3186e6641dad1b4482e74343e56fac9893fcef55f137603078dd6bb93a0eeb24711ce752b77f005c77dfc9ce3f344a59877ca90ea85acf1abe8f94d5becf,CLEAR,DAYLIGHT,UNKNOWN,DISTRACTION - FROM OUTSIDE VEHICLE,2.0,30.25,4.0,4.0
09bf3f37abbf96f21f22a7d8cff7853a09e41ac9c54f0074050336c24dca332a324cfb67e6eb325cd2b1b1a5bd3fef06d57783279c9274c6aac8be71327d4185,CLEAR,DAYLIGHT,DRY,FAILING TO YIELD RIGHT-OF-WAY,2.0,24.0,3.0,3.0
09bf5d1b5b67c6b7a5e40cb98b6be663834854a6915c5b86d300a3d51bbaf5aa1f39f7effb7edbf3468a480b29f2904c303193f642efde49d3a4569fa2def35d,CLEAR,"DARKNESS, LIGHTED ROAD",DRY,IMPROPER OVERTAKING/PASSING,2.0,41.666666666666664,5.0,5.0
09bf614a0f4217f9b08b4d884964d38d85aba9e55c9689a5c4986374a6579632f03dc5795a5f0923aab4f7c868c80b879a3520bec40a9247f56864e385ac5b49,CLEAR,DAYLIGHT,DRY,IMPROPER OVERTAKING/PASSING,2.0,45.5,2.0,2.0
09bf7df1f7555b20d587da5de7bdeba4d43bf61a601991c4c8781e4cdb838f0a02ed35ff417c2aa04792236660f3d47ce568e627f220ed7d75696527b23721c5,CLEAR,DAYLIGHT,DRY,FAILING TO YIELD RIGHT-OF-WAY,2.0,17.666666666666668,3.0,3.0
09bf98260b7aac434db6df7e93abbdde399f8b846a009ed187f814d5dd42b00498fcf20f45ee24874bc614ab97c128b8aa1609012082d41c570ecab0b2eeda2e,CLEAR,DAYLIGHT,DRY,IMPROPER LANE USAGE,2.0,44.0,2.0,2.0
09bfe2751870fc9c72a96b77bb551e0ac4323c11b6e5a547b4157b63221de15d6830e23d365ec49cf82de77ab0b2039f87a1220e2a00d688a5f1958407438051,CLEAR,DAYLIGHT,DRY,IMPROPER OVERTAKING/PASSING,2.0,68.0,1.0,1.0
09bfff7a506a4a22011dafbdfdf2dbde100a2f28d7f385951ee65b94e7d3c1ad392b2a6ee66791397a59044bbca6cdd4dd52635f2eb87c7ad285df24fd5dafc5,CLOUDY/OVERCAST,DAYLIGHT,DRY,"VISION OBSCURED (SIGNS, TREE LIMBS, BUILDINGS, ETC.)",2.0,35.0,2.0,2.0
09c059386d4a5d3370f496f0cf3c7f0e3e591ba7269fc36b8efd8c39fc60199c456ef9284d3ff8a34418a9c1ba30d8fe9dd1c0b0af631e4f1e08b32b6c9122e1,CLEAR,DAYLIGHT,DRY,IMPROPER BACKING,2.0,47.0,2.0,2.0
09c06222455cec2b45f4bfd89dc4b4c760352668e86c8118400935b0797cf80ae317c385836e0c9f08c3f5efde87f76135cf31a97f8e06cbda37a860022ee3c5,CLEAR,DAYLIGHT,WET,FAILING TO YIELD RIGHT-OF-WAY,2.0,43.5,2.0,2.0
09c0a24a36f18ee04d0849c0022c8c0f59cec38e44ef77ca4802e0ff48c63eadb66fc4fba3e7b3ca5b3038a4c04112485de51ce43df5dee70a78a615eab78506,CLEAR,DARKNESS,DRY,IMPROPER BACKING,2.0,37.5,2.0,2.0
09c0a4b8105dd47d369477546934bfb279afcf05557aa89b70e7b80e5ea33ba486ea684b3b38fb2eae7925bd23433446f6bc91b94cc5d3b43caa923f7ff3f166,CLEAR,"DARKNESS, LIGHTED ROAD",DRY,FAILING TO YIELD RIGHT-OF-WAY,2.0,27.0,2.0,2.0
09c0b3131cb6d36477a6f8f41f4b26f646fa82b3cc0fbd94f85467d83b97e199a4e5f963a83b2b6ff69e88bb2f49e2bf65cd537c3fa5c82ae75add3e60a6fd6b,CLEAR,DAYLIGHT,DRY,FAILING TO YIELD RIGHT-OF-WAY,2.0,46.0,2.0,2.0
09c0c4499c259ea2bee687cb6340afb9de7b6e2243e06e32412f3b9593780a9826d91f51ba806fc6f63452c86af30b708ffd0b47381bfcfb06b99845639cbc3d,CLEAR,DAYLIGHT,DRY,IMPROPER LANE USAGE,2.0,46.5,2.0,2.0
09c0c96de63d02651cf677bee9350f668a68ada31df5cea7861279547991918877618d7a44507a3aee49b4e56f95edf7385752ce35833f374cfa7e821299692a,CLEAR,"DARKNESS, LIGHTED ROAD",DRY,DISREGARDING STOP SIGN,2.0,41.5,2.0,2.0
09c0ce4c66254573577a81c8604e1adc20b865fa12e45872835b0cc81f69c68ee295aad773d7ed1f3ed7c7219bbf17dc5baf125ec634f335f322e6f019a4cdc4,CLEAR,DAYLIGHT,DRY,FAILING TO YIELD RIGHT-OF-WAY,2.0,53.0,2.0,2.0
09c0d8d5f0c3e66038cb6aafe8d6f776d6c6b9952b1f0311f71dffd6e7a2b37d9fde29a7c922669d2704053c73827ee94b1219689f7739ef625dcb4af3f1adf6,CLEAR,DAYLIGHT,DRY,"OPERATING VEHICLE IN ERRATIC, RECKLESS, CARELESS, NEGLIGENT OR AGGRESSIVE MANNER",2.0,61.0,2.0,2.0
09c0f0a4d0d399ff7772c5fed58ebfced1a2e5232ec7d5bcfef987a4f24dd61b9423ae7e54beb91f10e1c6477858ebe6439f01f47e8300c94746e82f9cef4525,CLEAR,DAYLIGHT,DRY,FOLLOWING TOO CLOSELY,2.0,48.0,2.0,2.0
09c102ea0b7c84c7f2a9121b7820a6a77c041ff648944f64b660bc49465dcd7dde5c704cb083bfbc1eec78992dbe57b52c350d573d77eeb139122f0417e7112a,RAIN,DAYLIGHT,WET,IMPROPER LANE USAGE,2.0,35.0,2.0,2.0
09c1188d21381ed0ea4f0c85772cfd93e31a024e74102ae5c64addd1592acdff0988ead6868a88397902062289dd0818ba0448332f3a96974c1a82f0e0e501ae,CLEAR,"DARKNESS, LIGHTED ROAD",DRY,DRIVING SKILLS/KNOWLEDGE/EXPERIENCE,2.0,37.5,1.0,1.0
09c11ab2bf71bf3995dea63895247c4f0003d9a60308dee8b63e4c7f2cd4e2ef548fc476655f42b1ee7fac08e8d5f5a1f09b9e15459c110f483f4398b1a870f9,UNKNOWN,DARKNESS,UNKNOWN,FOLLOWING TOO CLOSELY,2.0,28.5,2.0,2.0
09c1308d582d8a465a62ada69d6e915f592e1537ddb42bf0fa65af0055be29de5cff2dbd91c429ea0a88c3ef85d4ba8ed86582bb4530750db6483c00c618c112,CLEAR,DAYLIGHT,DRY,IMPROPER OVERTAKING/PASSING,2.0,31.0,2.0,2.0
09c131baf851cf73e39a9b57325aa1d79d9d1a79d6ee8d770e9ab7cb394d32ea2665211f0e904543e3ea051cf518493d74f72199c97e9da4e7c4eb5015d1a900,CLEAR,"DARKNESS, LIGHTED ROAD",DRY,IMPROPER OVERTAKING/PASSING,2.0,44.5,2.0,2.0
09c138db8edc2aecf99e4b0d311c73a47f088d5f493d670f2a4c1a513e3c0851acac75d74c47c9b34ea5e0b0c6291148c846c8a063727d0a46728fc4c9f99d3b,CLEAR,"DARKNESS, LIGHTED ROAD",SNOW OR SLUSH,WEATHER,3.0,28.0,2.0,2.0
09c14c8fecc8f4a78c80a07948951f7fedfe20539d67853c4bac760c44db51002a3d19947c56fff8718a12775cb7ade7afaaa910351a7bafe51431258238634a,CLEAR,DAYLIGHT,DRY,IMPROPER LANE USAGE,2.0,48.0,2.0,2.0
09c1772313f6fed28db32a013f1793e660c71379847c7c2d8aceeef981c13e4eb1179d665608d2c586f6b81471888dfabb22baed2c357230ffc6ad4ba30cebad,CLEAR,"DARKNESS, LIGHTED ROAD",DRY,DISREGARDING TRAFFIC SIGNALS,3.0,37.0,2.0,2.0
09c181823cf400561d1484c01ea936541d6a2ef402efd1c3cf14a133ebd2ba5756612a68380278af9c60784d38189b49dddd25595449236844b0364897e6b24e,CLEAR,DAYLIGHT,DRY,FAILING TO YIELD RIGHT-OF-WAY,2.0,29.0,2.0,2.0
09c19fbef4c09d5c3e475251a4427227c4b9a986f53b2aed99b8bc39b668e95a1e40b79ae065948aa0328dabe76330ea618e27e30baee09a57cb2603885aea31,CLEAR,DAYLIGHT,DRY,FAILING TO REDUCE SPEED TO AVOID CRASH,2.0,45.5,2.0,2.0
09c1ae8644f9bdd5049598f86c2000be1f68ed055593cd3fc172d85d998e0fb0af564bd04c8011af2ae51b606495d305c1896a2911f566be62704610eb6adfa1,CLEAR,DAYLIGHT,DRY,DRIVING SKILLS/KNOWLEDGE/EXPERIENCE,2.0,0.0,1.0,1.0
09c1bc6e58a2fe4dc4d73e1c4f5bf52fa2c7c04702d70dc5e6451f01dbc36b478024f7888bd9a408a2937e80500c7e8c4681d2067dc56defc701030c1c1e04f7,CLEAR,DAYLIGHT,DRY,FOLLOWING TOO CLOSELY,2.0,37.0,2.0,2.0
09c1c590c2679166158be0a2a37ae6c188e864ec1ad356598ff12b10b156d3e6f0190cf950dde14f2bcbd73f430a798ac8f0691ef379153064a150ea8416676d,CLEAR,DAYLIGHT,DRY,IMPROPER LANE USAGE,1.0,53.0,3.0,3.0
09c1dcedaee382f76ab5970284fd39e38dc7720fa7855e52f080ce32deb2ad04923fdf2bf471c83a5aa86ec10394a7c374ccf946c53a752c172c5cb91faaec4b,CLEAR,DAYLIGHT,DRY,DISREGARDING TRAFFIC SIGNALS,2.0,22.0,4.0,4.0
09c1eda67217a751e069c1ef95f611578f03f678c2d79b75bb4e8b44ba4b4afc82816d7fc28e1bb7fa4ebc1da5b87aaba22c44e384a1969962692b8b6b6c8b6c,CLOUDY/OVERCAST,DAYLIGHT,DRY,IMPROPER OVERTAKING/PASSING,2.0,36.0,2.0,2.0
09c2102866608adfef6a34ec54f4ca602e437cde5132fce912f39e676c1094ce02f0a5de7d9e3eb9ee8deb01fa8f663f233d45613c03a8d75146e22844ff017d,CLEAR,DAYLIGHT,DRY,FAILING TO YIELD RIGHT-OF-WAY,2.0,43.0,3.0,3.0
09c21b4006cc1d840e3a9459c24db2d54281638b6cf2b28e6bdf153310712ba84e605a502712b539c1345132ebd9db4f61986df710cdc83e105ffdefcc000297,CLOUDY/OVERCAST,DAYLIGHT,WET,PHYSICAL CONDITION OF DRIVER,1.0,28.0,1.0,1.0
09c221840a9b188a2c9d7c794b0a8390ab217499a9985a955143468cb963ad990ca8c59b146edd9f649976a9e1a9b1e933218a2c8ff4f85b4e0f3dd2c5ca0435,CLEAR,"DARKNESS, LIGHTED ROAD",DRY,"VISION OBSCURED (SIGNS, TREE LIMBS, BUILDINGS, ETC.)",2.0,30.0,2.0,2.0
09c22270e26961e660547d1232f8b43d6dcaa813d756c9317ebb0eb05542bcec30672126c8aacfd9943f70da6c24c47a582e8a04b012c14c43e72e9043382afc,CLEAR,"DARKNESS, LIGHTED ROAD",DRY,FAILING TO YIELD RIGHT-OF-WAY,2.0,32.75,4.0,4.0
09c2870329ddfdb933dfe2ce4b1714ef94ad1d5bca4a4e6ff5e7dd5fe3b18bd138e138cf6f9a0cd834edbf34e9c541ac96ca36440d4100f070069d63bb3e48f6,CLEAR,"DARKNESS, LIGHTED ROAD",DRY,UNDER THE INFLUENCE OF ALCOHOL/DRUGS (USE WHEN ARREST IS EFFECTED),2.0,56.0,2.0,2.0
09c2b8e0b0e2ebd7b313055aac27434f230d4bc737e21a51adca6ac99f12a3b5f92defcdcfee9e36207bb4d650aaffc8b53a11c20a09fafc4d56f1fc22dddc55,RAIN,"DARKNESS, LIGHTED ROAD",WET,FOLLOWING TOO CLOSELY,2.0,35.0,2.0,2.0
09c2bfbebac67d4805b49a0474c6cfb6a2f8845e59c630cf54077746689c6d7a85152e93c22a5a8e0890a1626d4ee007476038c257cbc17f5022f22146f10bb7,CLEAR,DAYLIGHT,DRY,FAILING TO YIELD RIGHT-OF-WAY,2.0,37.5,2.0,2.0
09c2d49ac1bacb6e0e166e80946b3ac6d281623525ce04203f11e7379f10b933995a4dc05719e9231def547834dd368b88155147066238d86966085b5003570e,CLEAR,DAYLIGHT,DRY,DRIVING SKILLS/KNOWLEDGE/EXPERIENCE,2.0,26.5,2.0,2.0
09c30cce65c0f1e178572e7384b33920d8b8fd3db43e0107126a1d6be49715fa48f9d1d7c808778e16fa1da511d876f713f0c1c293c6fe1d32362503ae2a2033,SNOW,DAYLIGHT,SNOW OR SLUSH,FAILING TO REDUCE SPEED TO AVOID CRASH,2.0,30.0,2.0,2.0
09c342b1e48a70192dd52e545b387e90fea4ec8042572d8886547706644f1d26f12e1f407ed6971d87bae956dec19e310e75b1c67da6fc35aa19e9a96aeedfdf,CLEAR,"DARKNESS, LIGHTED ROAD",DRY,FAILING TO YIELD RIGHT-OF-WAY,2.0,22.0,3.0,3.0
09c3438cb69f4111f3d6183f46739700ea1ac68b7947f6e99ed5889eeefbe65930b003a684f0c7b25d5c915cb3b6dba61a756641d03968d573c5c0323a8a9faf,CLEAR,DAYLIGHT,DRY,FAILING TO YIELD RIGHT-OF-WAY,2.0,6.5,4.0,4.0
09c349e8d2234b7f3bea4b37220ecbc554365d585c11a624d359cd1ae9ed249d7446ca0fd8de4b972942fd4eb1a85876c2f5d62defd04f673341408b5111a777,CLEAR,DAYLIGHT,DRY,DISREGARDING TRAFFIC SIGNALS,2.0,44.5,2.0,2.0
09c3571a47047c687401bb0397e8b9c87f88165be49b0a296accb1ba5a071560c5d5bb8e1fc0fce3e0599563a9e1ed74b0e4b98605bb5a0f51f4d67efda64704,CLEAR,DAYLIGHT,WET,FAILING TO YIELD RIGHT-OF-WAY,2.0,13.75,4.0,4.0
09c39c3f8d395f1bde79a5e7d8a5f381104abc845b5774c2685bb4d0b444c2e0ab4ffdc48c73d5427b449bc44521cd16eaa969e1f4f472d96da1cd2b7af2fd57,CLEAR,"DARKNESS, LIGHTED ROAD",DRY,IMPROPER TURNING/NO SIGNAL,2.0,61.0,2.0,2.0
09c3d79a7faf17b347343249d6f5746d13d5ba40944c4fbd1da85fce8627589baf840857a4458a3adf43de27504fa5e285835bae791c00c64c35c6e40088b2f3,CLEAR,DAYLIGHT,DRY,FAILING TO YIELD RIGHT-OF-WAY,2.0,35.0,3.0,3.0
09c3da4a36245f4f9707b651c2322c80bce155215096c3862a66cf61805dfd5cae6a446b9d792f0e45159954a40ce1971b18b5be76a78499b24d78385ac9f260,CLEAR,DAYLIGHT,DRY,IMPROPER OVERTAKING/PASSING,2.0,26.0,2.0,2.0
09c3e53382612ec067e6d500fe3e0bd89c862608a8686f7d5e4664e0195e984b56cdf52af842cc1a9fcc91f6dda29d2850bad4c73a5f08775ebd482c0a4c1a0c,CLEAR,DAYLIGHT,DRY,IMPROPER LANE USAGE,2.0,41.0,2.0,2.0
09c3f01e81c19b4135e03a8f4e2e6768a6c47afabe2c3937cf51c02edbb2fc0902e0a43d627e6e7bee882bc1ad1aaf3c66e82718944c690d8c6e0cc38b107999,CLEAR,DAYLIGHT,DRY,FOLLOWING TOO CLOSELY,2.0,22.0,2.0,2.0