crash_record_id,weather_condition,lighting_condition,roadway_surface_cond,prim_contributory_cause,total_vehicles,avg_driver_age,total_people,total_injured
09c430060647040a060e9ce205475f5404a848f4216d9157ca84d8b933df971a38885fc186808a28da5eabb894065e80c080b7e34fc603eec8bfd46a932ac188,RAIN,"DARKNESS, LIGHTED ROAD",WET,FAILING TO YIELD RIGHT-OF-WAY,2.0,45.25,4.0,4.0
09c4461304b15616aa102ace82fbe01e25350c14829c33fe9d12c739c2a94b2ea72173c91ce58cb24ffad7fa93aeb1d5c01fbccca604a53dfd5d523be71ab8aa,CLEAR,DAYLIGHT,DRY,EQUIPMENT - VEHICLE CONDITION,2.0,33.0,4.0,4.0
09c44d73acac88dc09ad72cbb4308d30aa999b1ad814e858635eb8b995b80654adfa8a3074d9b40d8e99dcf9b0f5e323ffa86928a229f2ff5f961fc532eaecc5,CLEAR,"DARKNESS, LIGHTED ROAD",DRY,FOLLOWING TOO CLOSELY,2.0,33.5,2.0,2.0
09c4554075a53d9db2c8bd3c5d2f42bfdb53d33c7f5b8b72e3a7054d8f81b44fc98ee043f1ed02fb17627052f80525691b4ecdbd5bc8db4a506ceb4f5b521fb3,CLEAR,"DARKNESS, LIGHTED ROAD",DRY,DISREGARDING TRAFFIC SIGNALS,2.0,23.0,2.0,2.0
09c48c487c3f479047cdbe4a9ee959588f48e41f29ebdb55e08e2d0f5224df401e78fc806b2788d55214bfe02661d53fce2d7f1cfba9ae75da036c13eb2d99ca,RAIN,DAWN,WET,DISREGARDING TRAFFIC SIGNALS,2.0,28.5,3.0,3.0
09c49e8ec883b05f8baac7db05a4c8820e274455ffe9767cf21714bf35cfa63d92773faf03a9edc4b595c325752c2a8830c9f1d969d1ce6308d00fa3acee21e0,CLEAR,DAYLIGHT,DRY,FOLLOWING TOO CLOSELY,2.0,45.0,4.0,4.0
09c4bc238ebb51776d6401e98d3468f14ecc727a9a2a2f5bfc56ca611d57928b375f6e59298d3ef5d9f5c54eefe2b5d420551c669e3ad9414f0792b38b4fecd0,CLEAR,"DARKNESS, LIGHTED ROAD",DRY,DISTRACTION - FROM OUTSIDE VEHICLE,2.0,35.5,2.0,2.0
09c4c5bb60f9818e1fdf26ae5a51b76376598b9fec33eef6b23dd0b19b7695e6d61307efbc6a0cfd4f243578dc58892fb0451c4df166d023dac9a0e28b0e745d,CLEAR,DAYLIGHT,DRY,DRIVING SKILLS/KNOWLEDGE/EXPERIENCE,2.0,69.0,2.0,2.0
09c4cf6a63ace25374c92d973f990be31282461aed121bcc522261f4f41aaa5a44719e5823ca692b0ef1403e74b3ff64a91120232e2bea409d690e93d0e4caea,CLEAR,DAYLIGHT,DRY,FOLLOWING TOO CLOSELY,2.0,48.5,2.0,2.0
09c4e980ce1dbeac486bbe58c713f0d8a3c2fdaa241a52d58339b70a6af4dbb4879e152f2a24301f9147f9d7338c5b346511e09969786314df77d9be0cd99e0a,SNOW,DAYLIGHT,SNOW OR SLUSH,WEATHER,2.0,25.333333333333332,5.0,5.0
09c4eb92c1a921b12e76891bfcec2ccb16cb8cfc802759a54c9f65bb90ceb2a97e8fa0cd7a95c23e0c78700a0532131a556e48af695ec6949204492775a609ad,RAIN,"DARKNESS, LIGHTED ROAD",WET,FAILING TO REDUCE SPEED TO AVOID CRASH,2.0,41.0,5.0,5.0
09c507338299193476dfe8836461c9ef7098c52a3ca714a2e3ca2fbf1c07adba9e13ca52f5787e8aaa7cc7ce7ca4fe14115cb4c254e545f441fceb1650fdb8e9,RAIN,DAYLIGHT,WET,FOLLOWING TOO CLOSELY,4.0,28.8,6.0,6.0
09c523296a88f2c5ec3012ebd3e58452023a0d76873041a1f008f03c938498cb37b32c603bbb8824545f26d1662342504920af2b8653458a1ad3a811ed0fae30,CLEAR,DAYLIGHT,DRY,FAILING TO YIELD RIGHT-OF-WAY,2.0,57.0,2.0,2.0
09c53ca2ae1168beb021b02a100676a535ae0f4a3f6caf486e0d9457e91efbb90e377cfe9cdde5a588d8e0afde5cfcd5fdfea351acb594565cdc20d7126b0761,FREEZING RAIN/DRIZZLE,"DARKNESS, LIGHTED ROAD",WET,DISREGARDING STOP SIGN,2.0,60.5,2.0,2.0
09c5650e05dcf8e05579d5163a75972f80e6cb7fb7ab088e5d78eb55c8e79b3b4401f3de048cf3ba68f974f43c1ee54bd0af10ecccd3145d3ab3f41cc105d0e7,CLEAR,DAYLIGHT,DRY,DRIVING ON WRONG SIDE/WRONG WAY,2.0,32.5,2.0,2.0
09c58256fe4a5c2969766f1523a0a5b8ab99e2e899eeefc3dc7d89af525bcb69f652e0d970add2afb248c7642cf3dacfa06cec3c30a3227e1843768a2f8ac822,CLEAR,DAWN,UNKNOWN,IMPROPER BACKING,2.0,26.0,3.0,3.0
09c5932a43f834b1d144f67f067a577c0b7fc3954923d2f8ee6a2f76652ecb92a3fac96c1f10260ebb5ae02eaa730351ac056fe6ffa7ffdd5b3f1fb0ff8080e9,CLEAR,DAYLIGHT,DRY,IMPROPER OVERTAKING/PASSING,2.0,25.5,2.0,2.0
09c5b040ba27e7fbcfb62ac906fe4425fdf6cc594f99568b72e1664105e236f0b85cde03837ac8838aeb2919605d37e44ba4012b42ab2fff924833649a317026,CLEAR,DAYLIGHT,DRY,FAILING TO YIELD RIGHT-OF-WAY,2.0,26.0,2.0,2.0
09c5b54c60bc67afa67bc118759ead6f70c133827b163df296b5fa55255b6029df9c099654726b25a766e38fe164bd08873532c341aee0bd4b5327016755995f,CLEAR,"DARKNESS, LIGHTED ROAD",DRY,DRIVING ON WRONG SIDE/WRONG WAY,3.0,37.5,1.0,1.0
09c60094dfa122658c8ae54c869a8c2bfcab44d31126b978e0df817aba881c07f86ffd4e0e46496352c58c6313f178be0b1c3377f983848f78b2d19db0041e65,CLEAR,"DARKNESS, LIGHTED ROAD",DRY,CELL PHONE USE OTHER THAN TEXTING,3.0,44.4,5.0,5.0
09c6261ac78d60db558348b3ddbd1198c179d8a872e89a382c3b9f49a688d3ad18a4b9c774dbcbad4a74052953dae15974e7f20c0a20f1fcfb800e769b2931d0,CLEAR,"DARKNESS, LIGHTED ROAD",DRY,FOLLOWING TOO CLOSELY,2.0,49.5,2.0,2.0
09c62d510ca8d9b9b1080091687637ff120f674daedf828f4cf73da6c91c7cce64d5003f311ae4726988f3184436b92d8921bd10e254bddc892e13eb14fa4da5,CLEAR,"DARKNESS, LIGHTED ROAD",DRY,DISREGARDING TRAFFIC SIGNALS,2.0,30.0,3.0,3.0
09c637ae8704f84ada8d1e6a2e78e2efe6f6d17004c059ef68480fbc328c02ee46e934f9bab1525a7873ce606cc1ff85843cb3615ff3e22065199b1f9fa1080e,CLEAR,DAYLIGHT,DRY,FAILING TO YIELD RIGHT-OF-WAY,2.0,46.5,2.0,2.0
09c63fc6be02137db7c0b817f792dd6c0fc234142a8619f48b20588534da14c22e712baf5130868e866d53eb343de89199dca2fc3cb51e7b952332d9fd6c00b6,CLEAR,DAYLIGHT,DRY,FOLLOWING TOO CLOSELY,2.0,42.666666666666664,3.0,3.0
09c64c72096cb4e28e0ae64bd6d134b498e89dd84666f838917f7aab7601ef231f4755603ad3e1b89b94dafce37ebee2c5993384107168ae39b7ac198eb88250,RAIN,DAYLIGHT,WET,IMPROPER OVERTAKING/PASSING,2.0,31.0,3.0,3.0
09c64cbe49948ce993589ee5e9ed1c9d060fd71e0fac1690d7df9b5626cfd667138b8c66ce9b3e0be1a7b722fa69366ccbc2a280f6e15718fed43d90fe4c5c24,CLEAR,DAYLIGHT,DRY,DISTRACTION - FROM OUTSIDE VEHICLE,2.0,43.0,2.0,2.0
09c667e52847b3030121368b1a2186f576b62401f687f726b77e4adccfaf72f0c566b8c2d744be03de4dd6b2a7bbd3148bda6ecfb15f219f930fd68e6d41412d,RAIN,DAYLIGHT,WET,WEATHER,2.0,25.0,2.0,2.0
09c687a0e6ca891fdd2f898613ec8ae4a6d4240770e1a7609c1ec2931f0935217c13a09f8d97b2332f9ca34cf652f650f67d60be03d18b922c293a1535cea49c,CLEAR,DAYLIGHT,DRY,DRIVING SKILLS/KNOWLEDGE/EXPERIENCE,2.0,55.0,1.0,1.0
09c6b7f45acbc7e28bd830ac49cbc425af1cbd68663ec5340cd40d1549f7c5f4e0983219e87acc079c039bdc09572bff19de52135d840e16dd65187cb3afdd16,CLEAR,DAYLIGHT,DRY,IMPROPER OVERTAKING/PASSING,2.0,46.0,2.0,2.0
09c6baade39479dd53867b34a783b26cf8a0919ed2b1a4355234ecffe89f87b7803e0252375fe2d241fa2fb9d3dd59ac89b8edc10901993e7cd5f54a4b859610,CLEAR,DAYLIGHT,DRY,FAILING TO YIELD RIGHT-OF-WAY,2.0,33.0,2.0,2.0
09c6e8afb4e224684a2c1cf0f9645b4cf6e7033ff0b3ecd1f1c3cb80401114e45043cc74e7f0627a7b34d1a5a9244c10b45c01cbb8b469bb4b433f0b67730a3a,CLEAR,"DARKNESS, LIGHTED ROAD",DRY,DISREGARDING TRAFFIC SIGNALS,2.0,24.0,3.0,3.0
09c6f200d1772296c6879afdfff404baf1ff7a62d4d8b4977c17ea40762359a32dc35bce4d83686d764458055d3a8e536315c5c5909f3b3602be8da88fb7c94f,CLEAR,DAYLIGHT,DRY,FAILING TO YIELD RIGHT-OF-WAY,2.0,30.25,4.0,4.0
09c71847922feae28387334b1c77528890164d19410110ab47fc36b824d415f8e6e0a5077f81ab8fedc6c9fa9ec864eb81abe5f24f0cb42f5f35b56c14781f39,RAIN,"DARKNESS, LIGHTED ROAD",WET,IMPROPER OVERTAKING/PASSING,2.0,51.0,2.0,2.0
09c7404db8cedf53c497a3520d96a4653dbf58352cd6e09324e4bb8b5e1f4fd8ef966ac23d90523c0677af5d589164b828181dc3a5efb43bbd2baaff73d707a6,CLEAR,DAYLIGHT,DRY,IMPROPER TURNING/NO SIGNAL,3.0,24.857142857142858,7.0,7.0
09c760e932cb5606b0afd89f18686528186a14aacf8772b5d378c29fe353b3445f2e67d727b25ffc1c19bc67658f246b72c3512e8826b65ce50ed5b6f8f27feb,CLEAR,"DARKNESS, LIGHTED ROAD",DRY,FAILING TO REDUCE SPEED TO AVOID CRASH,2.0,37.5,4.0,4.0
09c78835b4721ccc958337159899c13e3708b7a136e7411f0b6358cf6c7f0306688d1cd885ca5c74572dfa7b867831bed33792a1ac33f74eef19d5af266f9dd5,CLEAR,DAYLIGHT,DRY,DRIVING SKILLS/KNOWLEDGE/EXPERIENCE,2.0,64.0,2.0,2.0
09c78dfe7331f0fa480ce2328da838aff4703621aecf31116fc640798736c4608fdc7364edf395dd15454e5e9d6e32c8c958a4a87b348b30445e90c4b3cd76ad,CLEAR,DAYLIGHT,DRY,IMPROPER TURNING/NO SIGNAL,2.0,43.0,2.0,2.0
09c7c18548e88da25a4080a8ba7de384d787e7de71e7c2ae91168f1843d0c4b505b4d12943521f4129fa49c196eea51ba1cab56bb4cce8ff2c14d2aef2f447e2,CLEAR,DAYLIGHT,DRY,FAILING TO YIELD RIGHT-OF-WAY,1.0,24.0,2.0,2.0
09c8431e478514a6debf159c5dcb8096cd0b546528587e55a7eaca0608d5e58ee2df3716fc481e8dbf612ac49feceb8bf4c44a5082379fd61f73b97a29b1f925,CLEAR,DAYLIGHT,DRY,IMPROPER BACKING,2.0,37.0,1.0,1.0
09c84ad7e80837d78048a7fd420a7a3c2a67ca21fcbc7ee0563d606f3c10067ac8db909d16140cd176b33cddce72703e37958fc553bd51fc552f062418db23af,CLOUDY/OVERCAST,DAYLIGHT,WET,FOLLOWING TOO CLOSELY,2.0,41.5,2.0,2.0
09c85e85aec3dc7b9ba2c78c06cb8fe12045a96d89a5b2eedaa7abddc321fdd5bf5ba08d69f9d4a831d5e97c35431c504833bb437b5d853ed1da211683eda59e,CLEAR,DARKNESS,DRY,PHYSICAL CONDITION OF DRIVER,3.0,24.0,1.0,1.0
09c874b4aea446f21728a6d1050e3ead9a038b83fd9c18e26544e3616c91bd52f7f7a8194adaeeaf10febafdeb2b1c750cf230ea4864089d01e9bbbbf496e994,CLEAR,DAYLIGHT,DRY,DISTRACTION - FROM INSIDE VEHICLE,1.0,45.0,1.0,1.0
09c88bd10ef6294a34399c70545c8e27ae7265828e07676b4c79705e0cbcdf99f3667aaf26bfbd82c083f57c74c48f01c9aafd0e68f006045c7e0ade4443f04d,CLEAR,"DARKNESS, LIGHTED ROAD",DRY,FAILING TO YIELD RIGHT-OF-WAY,2.0,21.0,3.0,3.0
09c8a4d835f5d459e47bff109a72c6daaf3eb18e617bd8f7e80def779aa507e26ccfb55c1be75ebb377f2600b9f821630adca5e6edf18fe5a6836898a4b6e864,UNKNOWN,UNKNOWN,UNKNOWN,DRIVING SKILLS/KNOWLEDGE/EXPERIENCE,2.0,37.0,2.0,2.0
09c8aa3062a1a40258636ab2ac48a2e8b7a57ace4dc6b25288a446afc7affc6bb94676bf98d104b14bbec9b6b35fe1d123d6c514d1955c79f01f840269e02671,CLEAR,"DARKNESS, LIGHTED ROAD",DRY,FAILING TO YIELD RIGHT-OF-WAY,2.0,51.5,2.0,2.0
09c8e02df5d878470e91f467e13d30ab2e6410fc194e6e22bf61f5205a0e383e50481d6c48dd96776d554735501c008e14e40afa54818f1a92f237f6016f4b18,CLEAR,DAYLIGHT,DRY,IMPROPER TURNING/NO SIGNAL,1.0,28.5,2.0,2.0
09c8e3fc38b0ab4e5211222a4ea7e96e5622ef9f63450b45b67dd393c50f3ffa008303dc19fbc33470c402ccd6bcf44781b12f079aa0dec892b4f583091ec93b,CLEAR,DAYLIGHT,DRY,FAILING TO YIELD RIGHT-OF-WAY,2.0,28.0,3.0,3.0
09c90b9a3f37cc0ad91701fcd0ef71f1695c754134cc72fa5996ec1af9bdb97bf7ee563150bf2d3731433208ae7287fa309f7e11f1fdaad736e5260e26e210e2,CLOUDY/OVERCAST,DAYLIGHT,WET,IMPROPER OVERTAKING/PASSING,2.0,33.0,2.0,2.0
09c969854e56f37f550dcf05a686f8a5dcf3cd00f4ddea5eb6daff97f0992922bc97b17d05bb5a073a1c7d6d862a5b409d05540c53219aa98b07c43bd7926c6e,CLEAR,DAYLIGHT,DRY,FOLLOWING TOO CLOSELY,2.0,40.0,3.0,3.0
09c9ad480c1072a134cc612ce119004add0efb76c180e82c474db5b98d098cc6b72fe42bb20f56d5286a81e4fc9d350517d21cc550433bb1bacfef3f1531dc8f,CLEAR,DAYLIGHT,SNOW OR SLUSH,IMPROPER TURNING/NO SIGNAL,2.0,27.0,2.0,2.0
09c9c20df17b9d33f14a009f8b8821d77080d074b986d4eb25c32c7c5b20d9c2acb773683573ca11baec6bdbb636e898ccb8a48195ea49f0512db37404ee7f0b,CLEAR,DAYLIGHT,DRY,FOLLOWING TOO CLOSELY,2.0,18.0,4.0,4.0
09c9cbaf332b386ca2b7a93984007072ef71195fba4b3f731720c8625cc151ea087a647d59d6540976134d67092b8f1ff9c973142e793fcc4e221c77b2020bb6,CLEAR,DAYLIGHT,DRY,IMPROPER LANE USAGE,2.0,37.5,3.0,3.0
09ca389dbad1c94de311f620dbffbf6ef6cacba43538f6ad9be04aff2158e4f73206014b44af31fc91f4945ad7fd2c731df6a4bfe95b25ba328348f485355146,CLEAR,DAYLIGHT,DRY,IMPROPER LANE USAGE,2.0,34.0,2.0,2.0
09ca3b069577bb90058468a222f7162eb9d971e888d27aced055315bc182ab885280e05b4e13dc04a3f726a3f54f84676db724ffe85cc39c303a0c6a30d12414,CLEAR,DAYLIGHT,DRY,IMPROPER LANE USAGE,1.0,68.0,1.0,1.0
09ca474878556c0a791c191a9f740f5daf3874db8de224429a2c8f9facfe4712494612e12f59c854f06747b3162bfa3943073d82c1ec271f57dbed18ec652c4f,CLEAR,DAYLIGHT,DRY,DRIVING SKILLS/KNOWLEDGE/EXPERIENCE,2.0,62.0,3.0,3.0
09ca5a6a8d4f2ed5096d20c60a56b3ae0c1dbd8bb00619c9d71647988928ba24feb364887a910aea0f3b4586b3c8e5bc95cff418d450ce6ee36a76deff8737a6,CLEAR,DAYLIGHT,DRY,FAILING TO YIELD RIGHT-OF-WAY,2.0,23.0,4.0,4.0
09ca5cb1e744bf4117a9bf36ef92620760c1e6d6a9fd28f4cbe7052ad2cba5fd5286254320bcf2044a16ee9559f8d6b750707799de3d0165fd5b084e09b720ce,CLEAR,DAYLIGHT,DRY,IMPROPER OVERTAKING/PASSING,2.0,43.0,2.0,2.0
09ca6f06061aa258154256b950ea6a2a18d5599a9821faa4105489d1b8e0450d84c1469bbd38c8f9f5e9ff0468f62068687160cc934316bed1b47264f9e3a9f1,CLEAR,DAYLIGHT,DRY,DRIVING SKILLS/KNOWLEDGE/EXPERIENCE,2.0,40.5,2.0,2.0
09ca8af53314d36721568de7f354538645f8e289d863100a1481b1cd0e18234becbf740a7bafb0944e8a936eb7caab3328be44875cd61458903b2503fc400a50,CLOUDY/OVERCAST,DAYLIGHT,WET,DISTRACTION - FROM OUTSIDE VEHICLE,3.0,29.0,1.0,1.0
09ca948d2cae4f914626562284d8a3731721f78fb4b9e4c5b813525187f15f9183c867ec76c5a588ddd65b9a6046f9ed410c0ceb3a3cb277797183f44b8a32a2,CLEAR,"DARKNESS, LIGHTED ROAD",DRY,"EVASIVE ACTION DUE TO ANIMAL, OBJECT, NONMOTORIST",2.0,57.0,2.0,2.0
09caccb7c6a5ee5d9150f4c3b69ec50d9694b4fa5d8fe1acea074fba76d049300da7e429d97d347b2169ef59cb962a6c3188ab637f7babdc185d8e0696bba844,CLEAR,"DARKNESS, LIGHTED ROAD",DRY,IMPROPER LANE USAGE,2.0,69.0,2.0,2.0
09cad104e1d1023a9a29f285b85d68895bca036f23cdfe66fbc087c9e73d72b40c84af50cd18b2497799358e97d769b1e7d6b8708fae8b63c1f3568fe88cd8f7,CLEAR,DAYLIGHT,DRY,FAILING TO YIELD RIGHT-OF-WAY,4.0,23.0,2.0,2.0
09cad6a67caacb1a6d86d02a98dc9e369ec425e91d36475d55ba7dec6a03e662a562236aa164dbd042fe9a9f28c33ab76e22978a1620a6954c76a8a35cb8ba4e,RAIN,DAYLIGHT,WET,FAILING TO YIELD RIGHT-OF-WAY,1.0,81.0,2.0,2.0
09cb120eb5212fd40a2df4d2e7029a95afba6dc01cb916a0867f2aec2d3166771fdada92fcb87a4be45ee9c281059440ac93d01c876dd4b27d5adda095e54c65,CLEAR,DAYLIGHT,DRY,IMPROPER BACKING,2.0,37.5,1.0,1.0
09cb12addc875a90bf236ca26f353ddbdeb57d89beeea92ab1213a12cda9454392c85207c41372f9b2ff95d7465126b1e405c59e5fda084907fd259e2a0c50bf,CLEAR,DAYLIGHT,DRY,FAILING TO YIELD RIGHT-OF-WAY,2.0,47.0,3.0,3.0
09cb3c194d7840d6c74b39e16c29a7f643cfe2c78ab2d999906f1a4ec7f35964d990599d5e594020d37f3807b8c9537899cac5fe855bd98879afad429e16bb65,CLEAR,"DARKNESS, LIGHTED ROAD",DRY,FAILING TO YIELD RIGHT-OF-WAY,1.0,46.0,2.0,2.0
09cb40eb760defd0b8ed3dcff8e062bd597dbf6285c423bb13d117a9cf201516221f9d399fd2907631d0ad81aab97f533fdfd84d2839654f96eb5f8d968ff2dc,RAIN,DAYLIGHT,DRY,DRIVING SKILLS/KNOWLEDGE/EXPERIENCE,2.0,37.5,2.0,2.0
09cb87dca06c5054f52ad956f66acf982969785c7f75620183d79dd16159661615e46395a497a159d91ed263548fb359c64874234a461e1c82b59ab7243fb601,SNOW,DARKNESS,SNOW OR SLUSH,FOLLOWING TOO CLOSELY,2.0,31.666666666666668,3.0,3.0
09cb9a713a8d653ba59f394730e7084a064b3f852aae2c79c90969fcbc07440ded43b8d2ae105316b6757967fba5c98f60f74831a3d6f251fe1a10852f7846c0,CLEAR,"DARKNESS, LIGHTED ROAD",DRY,FAILING TO YIELD RIGHT-OF-WAY,2.0,31.0,2.0,2.0
09cba8aae19f517293e08b121bc304bfb4b44197d8d24db2deb18d1b49bfee9f974bef38745d533cfef33a686a2ba1abd4c2722932b975a4d5871bb8104b0b31,CLEAR,DAYLIGHT,ICE,WEATHER,2.0,43.5,2.0,2.0
09cbabc663e63523a32b75ca757ac2a813a49d22b67aff7df8e39b6ccf3cd63f17b306f3db91d083f1b8290dfd76025c1a542c9acf639850e85e21089570afcf,CLEAR,DAYLIGHT,DRY,FAILING TO YIELD RIGHT-OF-WAY,2.0,29.5,2.0,2.0
09cbb4d98195d6e42c112e93a1c8d8c12c9509e0e799cc2f3d798b4810cf2d3228f99ba1cd8de1140580ab4b62b5b0543096cc249c3a8d7288e7f6805703d125,CLEAR,DARKNESS,WET,FOLLOWING TOO CLOSELY,2.0,52.666666666666664,3.0,3.0
09cbbb86199c141dff0b1eaba747598bb52f48528ac5e77818b8105cc65ea562855596c73772c6fbfd296ff8abd6d03cf47d29e908ae45ac713153ef32166a66,CLEAR,"DARKNESS, LIGHTED ROAD",DRY,IMPROPER OVERTAKING/PASSING,1.0,38.0,2.0,2.0
09cbf9376c66a73dd5299c569b06214e0c9376c1930027256fc6a4302797f14ddd4a86c303695d51f77ac457ba1a6ad110f069537ae4d59123de4fe922088179,CLEAR,DARKNESS,DRY,FOLLOWING TOO CLOSELY,2.0,44.0,2.0,2.0
09cc1cdd341c19d685290d252ea3962f58249550bd686669a4133a4f856604e45e7e5441a02ce853caadb28e95911782f0dbf714d522626313f6dd6e932a6626,CLEAR,"DARKNESS, LIGHTED ROAD",DRY,IMPROPER BACKING,2.0,37.5,1.0,1.0
09cc3c68eb2da80d385304c19585d1871c84336f02fcde074176434534d738b52de6c651675da902e077b4e4d3f22da16ed89665030f14f91dfc4481b8c9de85,CLEAR,"DARKNESS, LIGHTED ROAD",DRY,FAILING TO REDUCE SPEED TO AVOID CRASH,2.0,36.0,2.0,2.0
09cc53de1daaee780ac2a9e977586023d9a9a4bfcc83a5adf926a958dc954c151db62f5dd9d241aa5022dbfcfc7478e284db99288aebf338a47af2e93954743c,CLEAR,"DARKNESS, LIGHTED ROAD",DRY,FOLLOWING TOO CLOSELY,2.0,64.0,2.0,2.0
09cc58121bf123447d5c9b5a68b0bf8129bdf10ce58918ba03808ba45330361378b1a9bad790db106ebef6b6c6c07791371d23517e52bc1aa85562efdc3ecd0f,CLEAR,DAYLIGHT,DRY,IMPROPER TURNING/NO SIGNAL,1.0,37.5,1.0,1.0
09cc7b964d9cfcf6c49bc76a9d4962e8d43782bf1250ab2135d24ee3524725072ab1319a926cd367617ba5f0437491f40d85ad6107bd8fbb9ea307b0290a70c8,CLEAR,DAYLIGHT,DRY,FAILING TO YIELD RIGHT-OF-WAY,2.0,36.5,2.0,2.0
09ccbc1c32dbec3f7e7c6e78ed5c6db74fdd0c9d837d494f51a6b10a095f021ca894d36003482c46fde85fecab89d988bb2d6e0bad0a0aac2ff76b0bc59995fc,CLEAR,"DARKNESS, LIGHTED ROAD",WET,IMPROPER TURNING/NO SIGNAL,2.0,26.5,2.0,2.0
09ccd35625eb90dbdc4365d1adf345acce7830d6df19d043611c4a05306a4ebbfe2d63d49badd9bcf0c7f0f12f0d6c15198440cde5716eef09a3cd7f7bd0be54,CLEAR,DAYLIGHT,DRY,FOLLOWING TOO CLOSELY,2.0,30.0,3.0,3.0
09cce233441fc753bf523a12870b5e56e8a5b4e49ae4af732fbd3401f20ca594b290797c7a4bb70ea225ea948da46ad3d636e9941ab7eba6ed03f8e4891f66b4,UNKNOWN,DAYLIGHT,UNKNOWN,IMPROPER TURNING/NO SIGNAL,2.0,46.5,2.0,2.0
09cd099fd5f19bbe3ef567329ef0b67a94e4328d30edc62009c401d6c0a85a39c9580539b9d1a3c1a970f5c9b2179520e4ae0af99ec8578de633a68b06a94161,CLEAR,DAYLIGHT,DRY,FOLLOWING TOO CLOSELY,2.0,41.0,2.0,2.0
09cd4f36bfcdb111b25595526125eb794af3f429edf16c37f26a3855d2b8b6a3bf231ba8630e45ef3b7c87bb953f17804d72a29183547ab9e96206aeb2c0639f,CLEAR,DAYLIGHT,DRY,FAILING TO REDUCE SPEED TO AVOID CRASH,1.0,47.0,2.0,2.0
09cd6f27a38e2116577b93816d7a9f6993ad9d106285ecdcc5e5c4ca5989bce237cba42e86b179ad539b42a23feebd4071bec5abb2cf7c4c3dc44af9a8f020de,CLEAR,"DARKNESS, LIGHTED ROAD",DRY,DISTRACTION - FROM OUTSIDE VEHICLE,1.0,60.0,1.0,1.0
09cd897f290861a0f834f96b1bdeff2e2dcc4720c35b3a5c347f1f304c12bf1f7ac24000a6e9bf76e3028645ea799ab722ea9d9790660ecda67bdc0845eb143a,CLEAR,DAYLIGHT,DRY,IMPROPER BACKING,2.0,37.5,1.0,1.0
09cd942272b50764d08681976af98879298b07d2c58f9e980b29b585992a6833e5117aa1d638f5f6e6d037c32e658a68b4f6df05db72a64be26f307a7a4b0ab0,CLEAR,DAYLIGHT,DRY,FOLLOWING TOO CLOSELY,2.0,31.0,2.0,2.0
09cdc6f568e3b382ffa3b0fe39a17b1787e10e2c9ccb95009bc32eff015922e9fd8e5f3aa84779d0e181a0f7b0b466cd2c1f4ec40920d5d21ed4067abd9b8628,CLEAR,DAYLIGHT,DRY,IMPROPER LANE USAGE,2.0,48.333333333333336,4.0,4.0
09cdd272c2bd38919729e31ab0de0b348c086708beb1c726f2e98a4c5acd778c0461304496a40075159fd35d7dfc90020acacf0ec935a812fd121315028664c4,CLEAR,"DARKNESS, LIGHTED ROAD",DRY,FAILING TO REDUCE SPEED TO AVOID CRASH,3.0,24.0,1.0,1.0
09ce07e689fc2b61d9c3e383da4ba9edcff8ee20bd86b4b4885004581d8f1836752d2213bfa2f4a3cc5ef830a6ff5f132a970bda88940d69ccddf8ed1165c576,CLEAR,"DARKNESS, LIGHTED ROAD",DRY,FAILING TO YIELD RIGHT-OF-WAY,2.0,37.5,2.0,2.0
09ce0c989e3b2b87d0a5a294d7e41576f3a22ce4bf7e43ed79998078876bb133607444122baee8fdf7961265d46a6ccc7f0cab5ee88fd3a0ea9633eee155865e,CLEAR,DAYLIGHT,DRY,FAILING TO YIELD RIGHT-OF-WAY,2.0,16.0,4.0,4.0
09ce24b1b385cb2de80172f29c0bdceea0c9dd577c53598fd1a248cc427e4990cc4d5c7346f629fd3f5abb7aa739863ea6e0a12e7f8df6f164248bf669062f05,CLEAR,DAWN,DRY,IMPROPER TURNING/NO SIGNAL,2.0,27.5,2.0,2.0
09ce29b4f558eb101a84a6a6c69260436cf93d55b7f57a9b824d0c95ad384dda383d581db1ccfd29d701b6bbdcb3b5c2db6daf2e77b879bd524ecec72fc89f91,SNOW,DAYLIGHT,WET,FOLLOWING TOO CLOSELY,2.0,52.0,2.0,2.0
09ce2d2fc5ed1e859b9ca4b95850cf5cddd83e5c080b595fbd873a28f70cd8dffc289e64bcd7b9b0ad6dde3ed0532becd9b92f90a3e0db52567dea36b381baf8,CLEAR,DAYLIGHT,DRY,IMPROPER TURNING/NO SIGNAL,2.0,29.0,1.0,1.0
09ce35bc89cb71d635885d1260d055762a9174786dff2a6a3ebf345368f9a985fed944546f74ab4520e7f1aeb26e81d8651ef71cb59f8f29ab1a336cb1e56324,RAIN,"DARKNESS, LIGHTED ROAD",WET,IMPROPER TURNING/NO SIGNAL,2.0,32.5,2.0,2.0
09ce3d74ca4fbe4a08a4093bde42564b5603a26b38bffe70f67f1299f0e6774a4ae07f582ef0e4b4db8f325fefba868888e317c50fd6231015a35aaecb02705e,CLEAR,"DARKNESS, LIGHTED ROAD",DRY,FOLLOWING TOO CLOSELY,2.0,34.5,2.0,2.0
09ce615a99497cfb3b6bcd92643f8a55b5cf7b9570b1753c9fb73a0261c0c19b1c5a5502566935cbc3e3f7b30f909bd60e06004718833a143b015750ea29c841,CLEAR,DAWN,DRY,FAILING TO REDUCE SPEED TO AVOID CRASH,2.0,46.5,2.0,2.0