crash_record_id,weather_condition,lighting_condition,roadway_surface_cond,prim_contributory_cause,total_vehicles,avg_driver_age,total_people,total_injured
09ce82b0dc9f4ff43b244253c8c3f6e5c968326c357be59c48c1ed6e50681db5fc6e28c9818de83c2648b1aa761d3a7bb4a589233b4815c57051c83d973a8978,CLEAR,DAYLIGHT,DRY,FAILING TO YIELD RIGHT-OF-WAY,1.0,50.0,2.0,2.0
09ce8a4c988ecd854e15601e5af27af39970d0dccd3e2719f6b78dec3d26417d390e7578b76a0c970898198746735e3c24d20612d0a13272dedefe1979dcd894,CLEAR,DAYLIGHT,DRY,PHYSICAL CONDITION OF DRIVER,2.0,46.0,2.0,2.0
09cea7f75645373bfe8f80f0d559809deb86bf0c21d8da7e5fbf79dc48d034b2ed4c6d00cee8f7807a228dec58de459aef92838f44be3ab0321cf68ba7647b20,CLEAR,DAYLIGHT,DRY,FAILING TO YIELD RIGHT-OF-WAY,2.0,24.0,2.0,2.0
09cecf64609bf23860f6219b4052d5d97d5e9b756dfbd4a405cee730bfa7fff372e3b4b54a5e03901cf5a03c98c4a2e6d91191a25507edfe6c06b2c292e01b9a,CLEAR,DAYLIGHT,UNKNOWN,FAILING TO YIELD RIGHT-OF-WAY,2.0,50.0,2.0,2.0
09cf038ecf2f842d3e9c443f10a6fc8fdd42f7f8604e16f1997e2510054e8893656e518bf780140ab3503700d0e0dde6c038911b9896ed99de24d5299283f46b,CLEAR,DAYLIGHT,DRY,IMPROPER LANE USAGE,2.0,21.0,2.0,2.0
09cf080f5ec420addbba10111f223d78a496abf71b13c3fb0d042a5999e6017185ee28de52cb7e4103f971d971d54008fd604cdcfb7ff0dc99591892350cef65,CLEAR,DAYLIGHT,DRY,FOLLOWING TOO CLOSELY,2.0,49.875,8.0,8.0
09cf0ec24018bae4fbac12b6fed1fd2921ac73157bc8b084ab0873b986eaa1df6a5e0ff7800cc8f10e047fd8c103215aff961af3b0b34723f214d85b2ce74811,CLEAR,"DARKNESS, LIGHTED ROAD",DRY,FAILING TO YIELD RIGHT-OF-WAY,2.0,45.0,4.0,4.0
09cf13cb073a67dd235578423e9f6f0d4e9c4823262b15e561ea91f8929d68a9ec2c79b80eec0eda33c5c7653e81e71cf2d4be90e15c044d2caf2c9cf0caff00,RAIN,"DARKNESS, LIGHTED ROAD",WET,WEATHER,2.0,46.0,2.0,2.0
09cfb5a084a9aab29836621294bba9390f5eddc86452cd59be9ae6cf22c9719adc27f3d47ce1a05a75d13b3bdf1301c1eff2c5df00efda64165fcd0a032d3149,OTHER,"DARKNESS, LIGHTED ROAD",WET,FAILING TO REDUCE SPEED TO AVOID CRASH,2.0,31.0,2.0,2.0
09cfb86870cf7d38fe22a6d4d7b9d5a93b1483754c78c7c4ebd5e11d9d6f156a561ad33ba938e3a4487d7b592b9c67228373c9624acce177d97aefdf0b97e5fa,CLEAR,DAYLIGHT,DRY,FOLLOWING TOO CLOSELY,2.0,47.0,2.0,2.0
09d0103c9d6cd7f72fa7bd51ffb173f87545754e6f3ad6f750db0090b6e40e91735f836752ecd3fae32151a5270b4bc82bf16ce7a2b60dbac2da5b2dd9754219,CLEAR,DAYLIGHT,DRY,IMPROPER BACKING,2.0,25.0,2.0,2.0
09d01347298c927104dc51d47670a6b697f49ad770f0e0e63396e54985b66e9e67173cfa3c92140c2bf0851dd6ba93ec24364d9da888a55d2c44b9b4096b9b75,CLEAR,"DARKNESS, LIGHTED ROAD",DRY,FAILING TO YIELD RIGHT-OF-WAY,2.0,39.5,2.0,2.0
09d02205d9243697880605d617a7ea56c5b75963d5fb0a4339fa96c65db76dfd7865d38b63499101d7fa3f6bc82295b922088c0f0e1859b6e95c3b74bf4e26b8,CLEAR,"DARKNESS, LIGHTED ROAD",DRY,IMPROPER BACKING,2.0,57.0,2.0,2.0
09d0caa0d721b93f56675a656b7d2616395e603907308734701cb679d0a9d8140562b74c3038454eadcb5728167eea9b6da5c2f12de3634ae622811d7ee6f581,CLEAR,DUSK,DRY,FAILING TO REDUCE SPEED TO AVOID CRASH,2.0,42.666666666666664,3.0,3.0
09d0d63e20ec49c97fa3f1836e102ddd7c9a8b015bcd513d4639e6824126706c80faa40de406b7598010f09ddb59371247e8058c540cffe216c50df6ca5e31e2,RAIN,DAYLIGHT,WET,WEATHER,2.0,39.0,2.0,2.0
09d0ed5844b6a3a5f2498b4f99dfd4d7d9f6ce8d1bf6926cada6265452d16613b69ca4923ec0bd89bcb809d1be0d2dfc858322497102a603ad3053b2117cd256,RAIN,DAYLIGHT,WET,WEATHER,1.0,37.5,1.0,1.0
09d0f30a58c766097c3bbf4ab1fda657ebd1a20065cfcfc916e4a40c5d5c6efeaa6f4be9c42d727d7f3e4d5a3d51700589a000d316b2762a23ee7256934a8337,RAIN,"DARKNESS, LIGHTED ROAD",WET,IMPROPER OVERTAKING/PASSING,2.0,56.0,2.0,2.0
09d11cb394e17be342c482eff9034c269762f60e8b9741622a695f07f5c8ff88f7d008d24c8df7cb2c662dd69d35610bf39bed4f05cfa9bc057193a63565ace0,CLEAR,DAYLIGHT,DRY,FAILING TO REDUCE SPEED TO AVOID CRASH,2.0,63.5,2.0,2.0
09d1700aa4c904c0c508db71932fccf22541c107fbe48071653813c96b5b06061a43b1758f12600763fc90fff099b6a5a4d6071069e2e55aca36cf405300ba85,CLOUDY/OVERCAST,"DARKNESS, LIGHTED ROAD",WET,FAILING TO REDUCE SPEED TO AVOID CRASH,1.0,19.0,1.0,1.0
09d18339ef8a9ddc2225f51831c16766ac71fe053269ef13b330975d003e2f2f14d07ad5092f35d802e7a7f825580c3391dc9cf0e402e9aa5c67764caad5c31e,CLEAR,DAYLIGHT,WET,FOLLOWING TOO CLOSELY,2.0,44.0,3.0,3.0
09d18e657342b3e9a1109f4e8a443a65428438b61f0cb7ff8d24a5859740b3c5f0e9c830225866f9a846deceacd88a8e1c6a32dbb3bb2263320a704c50f7112d,RAIN,DAYLIGHT,WET,FAILING TO YIELD RIGHT-OF-WAY,2.0,37.5,6.0,6.0
09d1a1a49ded32c238c90588e91798a2491a33ac6639e72040b68562a6ea97fd1b2c88bea13460cb791b858ac33986bb5da71c1b1dca388c01054fc96bd12758,RAIN,DARKNESS,WET,FAILING TO YIELD RIGHT-OF-WAY,2.0,25.0,2.0,2.0
09d1caf0906460fba46d87e0b35a10e637b71251a425e4cb72cce2a27ea8adec7881050a239a61559c7a6ca42229e33d852ba35c5fff731cf1d49b640f917f45,CLEAR,DAYLIGHT,DRY,FOLLOWING TOO CLOSELY,2.0,56.0,2.0,2.0
09d1da0a5c9b1dcebb09f6ee410d14e90a2ef5ba0fd08ecedf4f01349d29c9d5df2204858a8977a102ec1af76410f30f202e939c12a7380f2deb9456154a138c,CLEAR,DAYLIGHT,DRY,FOLLOWING TOO CLOSELY,2.0,37.5,1.0,1.0
09d206042ec895d2fc10556aead6c8a37ac51b79fbb1219f2ebc6bc56b0b7897d959f716aa71aa90f4d332c8da86466a5c0b6ed870de025afc4b63f41f6d227d,CLEAR,DUSK,DRY,FAILING TO YIELD RIGHT-OF-WAY,2.0,52.5,2.0,2.0
09d2183ec9957551540179d24d703a57d7427ebb1f7f7fa8587e11a271750dec0558514f5f4dc74ec261ffd5dc5ac40889f846182d121fcde83ecceace2db305,CLEAR,"DARKNESS, LIGHTED ROAD",WET,DISREGARDING TRAFFIC SIGNALS,2.0,33.0,3.0,3.0
09d22ee6d2153f6f04ae1458da4249f96661aa112f72d12a57416ff94cc4f32875fc972ce6ed2fef271661b17cd1f2eeae2419af654dd1d31ea566096c8a5c77,CLEAR,DAYLIGHT,DRY,FAILING TO REDUCE SPEED TO AVOID CRASH,2.0,57.0,2.0,2.0
09d236cbdc777a2e4f85d9d19ea692b529195f05dde8ae942d28e35d298413bdd570f1073d38ecefc3b78e0cac10ac43f65018fc3a47a617dd54cbf09757107a,CLEAR,DAYLIGHT,DRY,IMPROPER BACKING,2.0,52.0,3.0,3.0
09d23a7f8a636f74317d33ca44027c29ab9411a21de09b7ff3951b4a0499ecbdfe89aec169bc430950ae0cc2cdf6b17bd416f5ad29d10caa7b5188db1c3ba9ee,CLEAR,DAYLIGHT,DRY,FAILING TO REDUCE SPEED TO AVOID CRASH,2.0,48.0,3.0,3.0
09d23bf39581beb80ed5518287758521bf9110ce4c4baf86624309a5c6527f94c4121f3b062184773a707d898347c0f05acd65885acd3aac45515d1fbbc5cc38,CLEAR,DAYLIGHT,DRY,DISREGARDING TRAFFIC SIGNALS,2.0,40.0,2.0,2.0
09d24354182105b154db1f62f0184bd07d71fa4f9dbc774b768512b34b659c6f8101697ae7d80cdd3e0577f180c59e87a958237cc288b6e5fd02f9651d7afb54,CLEAR,DAYLIGHT,DRY,FAILING TO YIELD RIGHT-OF-WAY,2.0,28.0,3.0,3.0
09d24557d0a4342ef8b76632a2f8fc17320c080d9106ce79a6877f14f447f480d2d0086638302b31ed7f3b2b676fa34933e8bc868c80e15179169f2456db097f,UNKNOWN,UNKNOWN,UNKNOWN,IMPROPER BACKING,2.0,37.5,1.0,1.0
09d254c846df628ec14dd048c0ccc9a263ffcc6e9e77cc79c650641ef2da128261f2e27e4f86bc2a079f47519baa473c3c7570a345043b5d3637100c19f0a79f,CLEAR,DAYLIGHT,DRY,IMPROPER OVERTAKING/PASSING,2.0,31.0,3.0,3.0
09d2638936a65d929067daf9f71759778d9a6150757e026a107ca028201690d6cc32de1baea96f9c5588cad07d0daeb07a4f0f4bb3b84af4ffdea4a7b6a16182,CLEAR,DAYLIGHT,DRY,FOLLOWING TOO CLOSELY,2.0,36.333333333333336,3.0,3.0
09d2a2a8b838608898c629ac57866c6305e7f19e7ad6fcb5c7d549244351df93eb76de5e5f7e7ffc148482c0c5ad8e8df56d481a93eb6627ddff4be5e4452ee3,CLOUDY/OVERCAST,DAYLIGHT,DRY,IMPROPER LANE USAGE,2.0,22.333333333333332,3.0,3.0
09d2b8406c6c7fbb22ac1d658d0cea3e077737f14574d2e066fc00dd60a6712fc4bd4f717d4e4af4478c3f188565026ff0e8468009c0b268616dbcc23e9c4a70,CLEAR,DAYLIGHT,DRY,DISREGARDING STOP SIGN,2.0,61.5,5.0,5.0
09d2c1215e0777c09cd096a1cd63bb30aadb6816dabc099fd505c16f6945e01c2404d44d5839e3320a235098e92fa14c77f6d4861330792a8837f1db3725938e,CLEAR,DAYLIGHT,DRY,IMPROPER OVERTAKING/PASSING,2.0,67.0,2.0,2.0
09d2c8c0d4412c2b5af5745eb15f1759ffb8d1545265758a9b47202b79f21525e60d011cb7ac4620fbabe3713ce3be840287f38bbc803696d5902d8e383ff901,CLEAR,DAYLIGHT,DRY,DRIVING SKILLS/KNOWLEDGE/EXPERIENCE,2.0,30.5,2.0,2.0
09d2dbf886a6914acac7bd03a8d911064f49988bcae57410cb4907de3526d2c81247f317e4dbd9430bb8bd8dc29c9cc7966f8141715e36482ebcfa723ca4ad3e,CLEAR,DAYLIGHT,DRY,FAILING TO YIELD RIGHT-OF-WAY,2.0,60.0,2.0,2.0
09d30eca8ce1a84a5610a849ddbb3df815c6548ce1fda6a4002a4802213564105cc68a0e2947fd6e8437a52f37e71b56bc5da20e0bae83de4b72df94ac512197,CLEAR,DAYLIGHT,DRY,PHYSICAL CONDITION OF DRIVER,1.0,29.0,1.0,1.0
09d32dd3d051f60d41b28a56d3593750ed92615f0c71989d5d700e5765dba105fc95c7bbc6c867ff38f5cda6964c88ed3b7b801016e51f238f9a7c0bb5ed2d20,CLEAR,DAYLIGHT,DRY,IMPROPER OVERTAKING/PASSING,3.0,37.0,3.0,3.0
09d33a25380e87bc2fcb5acf6f82a163d92f86c9c738cbab09b94c0f507797cbddfaa0388f99a307b81881f56818f18b92104f77946961cb7317a6e061b5141b,CLEAR,"DARKNESS, LIGHTED ROAD",DRY,IMPROPER TURNING/NO SIGNAL,2.0,40.5,3.0,3.0
09d33f4b03718e1ebc450b142d91f4393533f7172e6f4359952d9c13337b04323891eb3ff8e7010e3c7b774484562b133160caa430e06995b2df9bb396273ff5,CLEAR,"DARKNESS, LIGHTED ROAD",UNKNOWN,FAILING TO YIELD RIGHT-OF-WAY,2.0,37.0,2.0,2.0
09d3419cdec3aa4831cb4e0d9351a0f33c4f007fce9e5fcae6e250b6c231fc0f1ac8ce3b32ae80586ee4ce7268c4b69d81b0da9c226d18dfbc855c476b54e258,CLEAR,"DARKNESS, LIGHTED ROAD",SNOW OR SLUSH,FAILING TO YIELD RIGHT-OF-WAY,2.0,38.5,2.0,2.0
09d3478e2c35bb488da2dd938b7d6abfd7608e3247318256b2b5be47530a1f47f8edd7811f36e2c8adbe779fc997b0859ff9b89fd59c4985d8cbeba9331c4416,CLEAR,DAYLIGHT,DRY,"OPERATING VEHICLE IN ERRATIC, RECKLESS, CARELESS, NEGLIGENT OR AGGRESSIVE MANNER",3.0,37.5,1.0,1.0
09d39315f6412f5c0f5ad851d6d47b24e5dd7db83a63b27b04912f4660f09bdbb8c925f7cc4b340dd95c5bc0075fdb7cbcdb86a05772a38510218792d8128c27,CLEAR,DAYLIGHT,DRY,IMPROPER OVERTAKING/PASSING,2.0,49.0,3.0,3.0
09d3a2da71dbb5770a857f7f93e92c6dab7055b8f5bf920a78fd1db91e7d48fd7dc18de8627282064bc07b74929df14f74962740ff81232b461a1d784c955dba,CLEAR,"DARKNESS, LIGHTED ROAD",DRY,IMPROPER TURNING/NO SIGNAL,2.0,25.0,6.0,6.0
09d3b5971421986de638daa61e6ebad156f24d775fa311009d8be879e68bdff9fa5973edcd9ff16d7eada978dc16f4da29889ed96fbf2f4d8c594770987c67db,CLEAR,DAYLIGHT,DRY,FAILING TO YIELD RIGHT-OF-WAY,2.0,22.5,2.0,2.0
09d3c48cc84a8c211275a11c99fe5944ac41aa0a7bdbe5921f3480891fb55003b65e936be2adb2ded9d3f0ce0a14dbf42a470276126c348cf02361264e5b90c1,CLEAR,"DARKNESS, LIGHTED ROAD",DRY,IMPROPER OVERTAKING/PASSING,2.0,46.8,6.0,6.0
09d43e117cd73041dc2df13a33568353af04e4a912e6969f8b39ee8e8f5a45bba056ef76b52d5388e76800728a7cded2986c6c5d68cbf6535153d6b88120851b,CLEAR,DAYLIGHT,DRY,IMPROPER BACKING,2.0,52.0,2.0,2.0
09d44d85debde97aadeba5be60b8a1948f2b861145c95db9211705df2cfe024d859ffb62a4ddd8e37dd4534aae4c830c9fc39147c1fa3e90700f96b67c7b4fc2,SNOW,DARKNESS,SNOW OR SLUSH,DRIVING ON WRONG SIDE/WRONG WAY,2.0,37.5,1.0,1.0
09d46341f0d59fa1c61aec3e94c6ec703e386cb898ad47d2ad18d2f775e96f93715fa0ce2dd1dd1e2bf274f37aa88a8cbc881a7fe96935db933baf0e81d541af,CLEAR,DAYLIGHT,DRY,FOLLOWING TOO CLOSELY,2.0,37.5,2.0,2.0
09d4c03ee8cf53c04d85dc0b9ef91dd1680826b464368248e3b20291480554c9a6e1b4097bd322f0e9b8945223df38dcf8509ec53435573ae57620c83f04f824,CLEAR,"DARKNESS, LIGHTED ROAD",DRY,FAILING TO REDUCE SPEED TO AVOID CRASH,2.0,49.0,2.0,2.0
09d4c4f66f6d1beb8ce23af15194dc1354a6e92860134558cac7545068e0194c6729526b99b4a84da92c36e823ec005c33387abf0b14471f182b0d4eca4718bf,CLEAR,DAYLIGHT,DRY,FAILING TO YIELD RIGHT-OF-WAY,2.0,29.5,2.0,2.0
09d4d0146b329fa9bfd6dbfa3c11b83a7612877e53813bb67069b37dfd74f0b568e77f1d564991b5b7305838e9d8bf7557995738a1eb928e93259f99833760f6,CLEAR,DAYLIGHT,DRY,FAILING TO REDUCE SPEED TO AVOID CRASH,1.0,29.0,3.0,3.0
09d4f9bb84bc70fc36924f5c66dcf5600d89a04217854c4c311cbfe4f8ecd17270736b2fd8483673dc633ff7c72c38e7f28a856b720ed9b172b87334656961ff,CLEAR,DAYLIGHT,DRY,FAILING TO YIELD RIGHT-OF-WAY,2.0,74.5,3.0,3.0
09d564d80f1176e3945b8943c305ed798a6e74de14daa183a1a9c029f3090d57d1fd83ee6c41880298bb8dde5c1c88475bb8541bd6c6d2127551bf651622d8b7,RAIN,DAYLIGHT,WET,FOLLOWING TOO CLOSELY,3.0,44.0,4.0,4.0
09d56c2af1a3fd2043bd10afcce40d18e25281d2021c9268e46036df559cf8e1a7eff70c5b5ee9192363e424c373879c4ff3b497de9d50bb6d56759be1e019e0,CLEAR,"DARKNESS, LIGHTED ROAD",DRY,DISREGARDING STOP SIGN,3.0,46.5,2.0,2.0
09d57de48ee050f93814b9ddad84138fd632c5f281b691ecfc30b8d050a682e7bbd902e1797fc1d45d0cdabb582b29753d0b782ffc3f61e8210bd81c2267d8b3,CLEAR,"DARKNESS, LIGHTED ROAD",DRY,IMPROPER BACKING,2.0,46.0,2.0,2.0
09d58f90be20f4ad4ea17dd690d9eaddd3383767d2adee13667b49565076a57f0360ae9e31b906db67178c8e3c7c1d1070e13ceb08be3396fe694d1ab4bf594f,CLEAR,DARKNESS,DRY,ANIMAL,1.0,19.5,2.0,2.0
09d5a030a3fba9892a64e39dba6d54fa5f39c6d9c404424a088746b97b1436f693bfb30e0831d24220c44236206de3d23f565ee2e750fa3b8b6498f7e99d1e11,RAIN,DAYLIGHT,WET,FAILING TO YIELD RIGHT-OF-WAY,2.0,34.0,2.0,2.0
09d5cbe8fd5b778f503d43fa05091e80aee61b4ea1c60e01e944311ecf15ff9d106e45edf7431e33d5a0d2c76fd4cc34513231c29faf378cbdf7f27adfcd82d5,CLEAR,DAYLIGHT,DRY,IMPROPER BACKING,2.0,34.0,2.0,2.0
09d5d625a0701362b81de2fc2aa821f77f755865b99a2167faeb8dfdffaf8bf5cb718f09c995264a8b5911b23f11c7982a7d01caf61ada6b5fcaf59e79c0bb55,CLEAR,DAYLIGHT,DRY,FAILING TO YIELD RIGHT-OF-WAY,2.0,49.666666666666664,3.0,3.0
09d5e3c3de50f88edf4a1f3218ecaabc9dbdbdb5c5327b6ed0b9b71f5fa8c3e1005f2bf45f18ef9ff4817d6463a852510224c42f182461abea06544520d407ca,CLEAR,DAYLIGHT,DRY,FAILING TO YIELD RIGHT-OF-WAY,2.0,55.0,2.0,2.0
09d60be6630e834b58051643a5f7fbd309d82341dd37adcba951d8777dba369f1777d7545b9dfa10d1c8df78f0e68097f3f394b92c7a612b636a106e671a4d77,UNKNOWN,"DARKNESS, LIGHTED ROAD",UNKNOWN,FOLLOWING TOO CLOSELY,2.0,37.5,1.0,1.0
09d61c342ec5b7ba15b26231471d89bc7cb732eba4b3a1a55a2b6d7a1de7bb501ed8730ff9879c67f07361eaf2b031ed7e63a993364ad44a8d05c1a17eea6c63,CLEAR,DAYLIGHT,DRY,FOLLOWING TOO CLOSELY,3.0,45.333333333333336,3.0,3.0
09d68e812fb32cd24a99a8930237e83c498a24f1f2b5b33795bff7600dbed3e49df5cef56ce9c0a1caa99657da1d581fd97526127c5d0a5e5c1d418274f0a7bd,CLEAR,"DARKNESS, LIGHTED ROAD",DRY,FAILING TO YIELD RIGHT-OF-WAY,3.0,32.0,2.0,2.0
09d690617450758632d82274f7500e94816968619fcc071728ca9573a1d8fc3bc23cd711c9d8683edf6aad029f0d513591c3a1032a729340c081955c88af8a0a,CLEAR,DAYLIGHT,DRY,IMPROPER OVERTAKING/PASSING,2.0,71.0,1.0,1.0
09d6c15805323b5328784d4667f2985e70c0c9b0c0ce86c5154484ad6de32060852d80b2e3d46fd9385e210d277914400548dc89eb5c5b96b3f5361e5027f14e,CLEAR,DAYLIGHT,DRY,FAILING TO REDUCE SPEED TO AVOID CRASH,2.0,37.5,2.0,2.0
09d6e81e3639ce05e3a6f8df30d8151fe4b4ff5ef4d9b510370412ab2dcee4b8a5a092eaea40b9d4ed66e3ec8b231867c400e4b3c79d1344b7789ecdd1575db0,CLEAR,DAYLIGHT,DRY,FAILING TO YIELD RIGHT-OF-WAY,1.0,40.0,3.0,3.0
09d6f079c10f6d9208a61a7ed8cf30dd72c19b8b4b55ca4bb47d2e188ebfebd4837c7c850e1a476a418e071d7f0ce477219fce6879ccf85e651d8a64eda22deb,CLEAR,DAYLIGHT,DRY,FAILING TO YIELD RIGHT-OF-WAY,2.0,37.0,3.0,3.0
09d7124b673ab9e9daff1b913dba9aa919e9327b7c99a623549c9981c350d0184f52d68868eda03466cd2030434f5928dd12d056d8ef1435ccfdb2b3f8181590,CLEAR,DAYLIGHT,DRY,"OPERATING VEHICLE IN ERRATIC, RECKLESS, CARELESS, NEGLIGENT OR AGGRESSIVE MANNER",2.0,50.666666666666664,3.0,3.0
09d717dcae8dd4f696432d92355c09a003fc3fc2fafde3794d520904ea8f42dbffcff5ca1728ec00ec8e94f5ad745d350dc300e8f0e34c7b8510cd53633c1254,CLEAR,"DARKNESS, LIGHTED ROAD",DRY,DISREGARDING TRAFFIC SIGNALS,2.0,24.0,3.0,3.0
09d71d61460fd1e7c16d553b5f345c67d65913bfdf580b3e33a1574416f65a400b922cb7033a148554be758e0f431d0db4b7171f4014c5f8416b5334cb5c2112,CLEAR,DAYLIGHT,DRY,IMPROPER LANE USAGE,2.0,35.0,2.0,2.0
09d753b387130430a728716d2b76e4c41e1843805de2227ab01423d77ba25d52772d50c1877facd33694e9d9a066461b7a8db560d42cd69107bd02e935cdf2aa,UNKNOWN,DAYLIGHT,UNKNOWN,IMPROPER OVERTAKING/PASSING,2.0,30.5,2.0,2.0
09d7595159cda9b4a2872aa58f7626e972715f68d24af7c17cbb25a722108ade61188da224c714b721dccb3a54aacd404c51edcdc3909ab5b45dd4395326542a,RAIN,DAYLIGHT,WET,IMPROPER LANE USAGE,2.0,24.666666666666668,3.0,3.0
09d760a92b952891345b30d046a95eccfc39b14c155b8c4ecc473813382971280a5e7a91e2512895f329ccdfbdb5f931dd3cf73b45a94a272bbca02255bad1bb,UNKNOWN,DARKNESS,UNKNOWN,FAILING TO REDUCE SPEED TO AVOID CRASH,2.0,37.5,1.0,1.0
09d78e30fd72ab5cec9881268e55ee8d2da906b0b536d5d4fdf5a346425b80a77667744d6eb8b7fcf66cb7fe27b964526dc01eae03338b05f4a2cd4dd74b18cd,RAIN,"DARKNESS, LIGHTED ROAD",DRY,TURNING RIGHT ON RED,2.0,38.666666666666664,4.0,4.0
09d7acdb47ee0ef7a11b9190736b2245005ec8ff7292421b66d71648ef1632646e46d18c06a650aad6b22583bbc1f70608a47d62791e1165aa44dd4789a34d6a,CLOUDY/OVERCAST,DAYLIGHT,SNOW OR SLUSH,FOLLOWING TOO CLOSELY,2.0,31.0,3.0,3.0
09d7ea56ee5c00f024ce2dff86adfaef099112db9833a19820ce5132237a9551c9db899905ba3127fe35766d47e72287304a24b0133e57966ad0f4d47140af55,CLEAR,DAYLIGHT,DRY,FAILING TO YIELD RIGHT-OF-WAY,2.0,40.5,2.0,2.0
09d8188924bf0400dfbf8c6419fa80cf33deb5b9cf688c1bdc67e8edc356c8e6a427ae4eeed77d0c67207b304094315866192ea95e84efb3c24e31584e9b9f52,CLEAR,DAYLIGHT,DRY,FAILING TO REDUCE SPEED TO AVOID CRASH,2.0,22.0,2.0,2.0
09d831d85a89ebff7de3579cfd667a17a0990127b5298feb274d090dd418b4e51f3db4e9c000e180037b77c1ec9ee510f9b95aafc41ff0651ccc1b88d298cb51,RAIN,"DARKNESS, LIGHTED ROAD",WET,IMPROPER TURNING/NO SIGNAL,2.0,30.333333333333332,3.0,3.0
09d832516787dfdb89a8a9aab8cc68dcf13c59e4fdcc82322367eccd83c4b62eb849d7cbac33eb9d0d8bb6460f7eef0f6f9bebaee660f9113b4e476063096fb4,CLEAR,"DARKNESS, LIGHTED ROAD",DRY,FAILING TO YIELD RIGHT-OF-WAY,2.0,19.75,5.0,5.0
09d836c0ee2698860a53b61a89b485017026cc8dbc61d980bf2c792732fccff2c7dd2dc7b7f22fd43033c1298c675741f870c743209d7ab98326000e636e24d5,RAIN,"DARKNESS, LIGHTED ROAD",WET,FOLLOWING TOO CLOSELY,2.0,30.8,6.0,6.0
09d83a015b2006f2f0ba4ffa6aabd66de24d226da67076fec715c73a007e7bef59e7e71b8d9834be5a162ab3b20fc99b17b5055f42439ba3b705a2e6fca5f0a1,CLEAR,DAYLIGHT,DRY,FAILING TO YIELD RIGHT-OF-WAY,2.0,39.5,2.0,2.0
09d8476f81cd0cdb21780580fa327b9d248170e1597b9f41e8f4c99f4702ffbe4a92c85a9abdccf49376c930e083a645311a467a9f86155dab66eb7f2f6a83d3,CLEAR,"DARKNESS, LIGHTED ROAD",DRY,"OPERATING VEHICLE IN ERRATIC, RECKLESS, CARELESS, NEGLIGENT OR AGGRESSIVE MANNER",2.0,26.333333333333332,4.0,4.0
09d8674746c15729ead2a0c04b53b6da8d41a1767a536d4422fddd058c7e1994b997c6f7ff7704960588f5d69dcb324b00a37ff706f27cbd0b56d0a07dc6b34c,CLEAR,DAYLIGHT,DRY,FOLLOWING TOO CLOSELY,2.0,36.0,2.0,2.0
09d8cc289363c3d5801eb4105abe225bcf24fd17c1f65b0678887d1771bba97c2d50dec9f0feaf3fcd25f901f2103197b99b43268e9a064fc9c92336cee9b301,CLEAR,DAYLIGHT,DRY,FAILING TO YIELD RIGHT-OF-WAY,2.0,20.0,3.0,3.0
09d8e76c683469c2136f8e8536b1e0658a6003c3764e79a179f4948f48afa53f4421c401390d73ead49b6c0c97d06e57963073e5d3042b6eddb114b95320bd05,CLEAR,DAYLIGHT,DRY,FAILING TO YIELD RIGHT-OF-WAY,2.0,55.0,2.0,2.0
09d8ea674e3e7d045669984046566b9c1d9297fa0c705b853bb259e651583f792b29ebd2e050e0802386487f8645ba740a04b99b0d7064b18868f42deeb22158,CLEAR,DAYLIGHT,UNKNOWN,FAILING TO REDUCE SPEED TO AVOID CRASH,2.0,20.0,2.0,2.0
09d8ed2ba34c20743d499b58c41a1a57593416214961255c369b944302761d22fbb8abef443dba10618104e0ebf5f3390560a6ec70b0a7b087f5c39e5f6a9a89,CLEAR,DAYLIGHT,DRY,IMPROPER OVERTAKING/PASSING,2.0,24.0,2.0,2.0
09d920c6bc75e2b64870f4136220576e93634cacf3a86ff7513df14e264df4de9a4fdffdd7e5cdf1794d81f843baab4eafe1b0d37c9e185ab70ced7851962757,CLEAR,DAYLIGHT,DRY,"OPERATING VEHICLE IN ERRATIC, RECKLESS, CARELESS, NEGLIGENT OR AGGRESSIVE MANNER",2.0,36.0,2.0,2.0
09d922dde8349db039ebe5c3b32114db564951cb6d7b6783484f0c647fc98b5f9f5b72d2f4d155ff0ef2b97dcca91175d61f3541e8d9deefb75d88276009435a,CLEAR,DAYLIGHT,DRY,FOLLOWING TOO CLOSELY,2.0,55.5,2.0,2.0
09d92d84e519b151b8e31126b361921371f8894ba8d4dcf850502226a08c4028034c95bb026060c4faacc834a9e1ab47e64624aa077b0092efddf73e9fb612b8,CLEAR,DAYLIGHT,DRY,FAILING TO YIELD RIGHT-OF-WAY,1.0,27.0,2.0,2.0
09d9712880020343cc7a051121876b8fc5c1320c4a79a4336857d580275670104d593fb1fb922a658648359bdbe804581e8e3e44db986bfcffca3d105a61034f,CLEAR,DAYLIGHT,DRY,FAILING TO YIELD RIGHT-OF-WAY,2.0,39.0,2.0,2.0
09d974de63c90b505b3e19dedf3a9c83255c84a9c3fba0a877b2c0f0241a00bc03517971e80bcc98bc9c48df9dd29dec7cfd2feba50167452f61526bc42146fb,CLEAR,DAYLIGHT,DRY,IMPROPER LANE USAGE,2.0,60.0,2.0,2.0
09d9c24645339a9f83ebf0fae541cf97ade3e8194cfcc2da9c0d8535f3259480703137e66d99fce90c6b7e0d1c832288762d6b52267aec1adc40a564935d3971,RAIN,DAYLIGHT,WET,FAILING TO YIELD RIGHT-OF-WAY,2.0,23.333333333333332,3.0,3.0