crash_record_id,weather_condition,lighting_condition,roadway_surface_cond,prim_contributory_cause,total_vehicles,avg_driver_age,total_people,total_injured
09d9f81e86f2413e969752c57395d7c4c0b0cc520c32cbb68b4c25511209a657f8695b47574adf824e4e80412b55b79c1b9feb1ae245b554a8dbca1d11ac0a04,RAIN,DUSK,WET,EQUIPMENT - VEHICLE CONDITION,1.0,33.0,2.0,2.0
09da106b61a51b2303c2d58de91af45e2200a59777eac09c6c897fe3e0fd6fc372f6713a0ebe26fc70c892837d9a695e098e2e1924355bb43b16848eb7b485ee,CLEAR,DAYLIGHT,UNKNOWN,IMPROPER BACKING,2.0,56.5,2.0,2.0
09da16928bcf40f2d6b8959d483b4689ef63632082838c625200a738d2168f0cfa334cb67210e42a8d745d500e0a398f293c7ad31afc8463031c758efbd637f3,UNKNOWN,DAYLIGHT,DRY,IMPROPER TURNING/NO SIGNAL,2.0,16.5,4.0,4.0
09da1ec1d62fe099babbddb7c2b26d2760be25b651a5b9f74ec3dfc741be3ee1af26278c9f6a1701ed483188750b57e79b0952bc4bff060bb3ed886e72f2a833,CLEAR,DAYLIGHT,DRY,IMPROPER TURNING/NO SIGNAL,2.0,38.5,2.0,2.0
09da299f4d4766c54a79259adbf049663d08441689734ea16ec63afab8f8c495adc77895b21af3f0b0fef320b69d89382c99e9d48bf54d554b9ec38cdb455078,CLEAR,DAYLIGHT,DRY,FOLLOWING TOO CLOSELY,2.0,33.0,2.0,2.0
09da2c45b571fabd9d76cdc7e69bb750c3dcb9b595e367f6b7defcd25bdc5c43ed075e42b35e2d435b2388eb1e96d863c39de49bb71e6cb1ebde79913e2a7469,CLEAR,DAYLIGHT,DRY,FAILING TO YIELD RIGHT-OF-WAY,2.0,31.0,3.0,3.0
09da2fbd05f74fde6b2cb5028cd89d7e922e30c01d5b5b6296232c62e1d8cffcbbf5ed2cb8a30bf7e1a8281d2c6e42c7313d69f1ca4057b1b090923f7ea2e4ee,CLEAR,DAYLIGHT,UNKNOWN,IMPROPER OVERTAKING/PASSING,2.0,40.0,2.0,2.0
09da6c9205e6e34583887fa8182973d4c30d52d716c3afd0247f98f2beb7708773a4dbbaaac000aba2d597bed9c2cb7de7cdf1ed6e47bb38a90073ada1854888,CLEAR,DAYLIGHT,DRY,FAILING TO REDUCE SPEED TO AVOID CRASH,2.0,51.333333333333336,3.0,3.0
09da9695502c4f18b25b01d376da1ea17acae2e119a34a84b5b50aae5184033c49163f63653ac2d279b2eca813c3b2ff8e5b43605bad946a497087089d6ad986,CLEAR,DAYLIGHT,DRY,FAILING TO YIELD RIGHT-OF-WAY,2.0,59.5,2.0,2.0
09da9c7556347b6b163b05b5aa2faa8ff9677ee26ec432ec51cf63f8afc21cb55821da6c8edcf4f13d2d503fe04270a3e74843bcac31afe80e58aa9bd855c6b4,RAIN,DAWN,WET,WEATHER,2.0,45.0,2.0,2.0
09daba73db39b7a7821dfb4ff8f897b0277b36f2ae529bc5981e12ff6ce09fd73d567d8cc66d8f668193bd2ce3031bed222bab2758290b67d55693a0eb40a661,CLEAR,"DARKNESS, LIGHTED ROAD",WET,FAILING TO YIELD RIGHT-OF-WAY,2.0,36.5,2.0,2.0
09dae2ea75f4239af1201f97889d22b9026a9c2b78c13e6550e3c722e3512b1d567e77b596d6175b78629a6177698ba8115daa9b65468d0afdc1ad2566d86e9c,CLEAR,DAYLIGHT,DRY,"OPERATING VEHICLE IN ERRATIC, RECKLESS, CARELESS, NEGLIGENT OR AGGRESSIVE MANNER",2.0,25.0,2.0,2.0
09db32f0f537842388041d7a224e0d5e057ab9d1c4e709ad42b56554abc49f08bd9897bfdc321de4ab547580f663b760c01d6c39b9ae1da8235db99f90fe2133,CLEAR,"DARKNESS, LIGHTED ROAD",DRY,IMPROPER BACKING,2.0,36.0,2.0,2.0
09db620764ded5fa3a392dd03916e8ab73a724620e2f7b1b6b2b7f6ce38c571001aa142c915ae8fbdd636cd0721bca0e5f6c0db435d48f82af9874ed25811796,CLEAR,DAYLIGHT,DRY,FAILING TO YIELD RIGHT-OF-WAY,2.0,48.5,2.0,2.0
09db68ba569891eae05ab7bd0dfc71d169f4a0216ed9e33d7824f4032c83a767aea0403ae053bd9c0f26096d0855036a0d894c8880662324b6bc07d1001ea704,CLEAR,DAYLIGHT,DRY,FOLLOWING TOO CLOSELY,2.0,40.666666666666664,3.0,3.0
09dba4de28a1aa3c26f31ba0316a9f9e847ec76ad97efe5b899cc414dd63a6a56d28a18c5110d7e4510403d3401589852c34e496e8e2db8da9d0a6bfb11a0944,CLEAR,DARKNESS,DRY,FOLLOWING TOO CLOSELY,2.0,48.0,2.0,2.0
09dbc09e3d5d9b8037de05a00c9428792d1f6729d613542479aeb1f1a2e36ef878eccbe7605236c954fe14834324e46a60a024f7d46619d96ea330fd82bb4dfa,SNOW,DAYLIGHT,DRY,IMPROPER TURNING/NO SIGNAL,2.0,23.0,2.0,2.0
09dc12c3ec638373146b8a824d66fae57a42ecf9ac0771677d2ba61a733f8b6378079e8af6b65fe0f5bf9fa01aa0eeb03a5879e25895c136ac61393d11b58bf5,CLEAR,DAYLIGHT,DRY,DRIVING SKILLS/KNOWLEDGE/EXPERIENCE,1.0,21.0,1.0,1.0
09dc20c0396b17fc0e7f09701dbc860b1a9efd2209e7b765ffe4f1f6492220bfffdd7b8d3318775b8003365958ee8a67c11d23063bbb5617f50e6f650a73aae0,CLEAR,DAYLIGHT,DRY,FAILING TO YIELD RIGHT-OF-WAY,2.0,35.0,3.0,3.0
09dc352b2b5b5fe2a109e092845801fb283378391b86ae98b616b9dc6dad39b3589e9257ea51aa8d139e46cacf75b36dd0c3ba199cc08a1596a6a7dc055a5c07,RAIN,DAYLIGHT,WET,WEATHER,1.0,24.0,1.0,1.0
09dc3f4da2db98d6ebd0edaf6e9a6e3883291fbbb5b100f941db1468b768ecefafee3332b09c57f9d56e9ca582a9276dd5665f4943360eaaa0f0be3224856b0d,CLEAR,DAYLIGHT,DRY,FAILING TO YIELD RIGHT-OF-WAY,2.0,18.5,2.0,2.0
09dc51501242c3b42bebad332507ed5a871db262e10fbc077318ad57453786eb02fa6b01fcdc9bd744b1b2342972cb0de0a113a733f4558f6d74f7eda6d4b36a,RAIN,DAYLIGHT,DRY,DRIVING SKILLS/KNOWLEDGE/EXPERIENCE,4.0,50.4,8.0,8.0
09dc67af13d7d28ac2f88947182d924a3d5cd6fe9d0d717caf160f698564d22ca7631088af22df3957f4f4fa06954a15ed262fc3c05fd0ed47679a02c926befb,CLEAR,DARKNESS,DRY,IMPROPER TURNING/NO SIGNAL,2.0,60.0,2.0,2.0
09dc70ccaf9a612ec4e33eee9c1c20d8947ad522931f8783e7565e2acad453cc8e51a86a724fa6fd0ded469e81d166d504b2919e9bb44f82c5980d8787e689d1,CLEAR,DAYLIGHT,DRY,DISREGARDING OTHER TRAFFIC SIGNS,1.0,40.5,2.0,2.0
09dca2732508b320c6f4c1f1e9f69541dfbc3af4505a86e1a88f263ec2d8260c1bf827a7db78b9c0c593dde3480d2d594e16709acf8a3cee148a4184e59246db,CLEAR,DAYLIGHT,WET,FAILING TO REDUCE SPEED TO AVOID CRASH,2.0,40.5,2.0,2.0
09dca5549a28e9ec56d8e43f191bf11486e3c466a0546e4136894989a7c6643d0b8d1dd06d94ada40e418befeee3b88d47941a4e102d108aa719d4aa23a6c590,CLEAR,DAYLIGHT,DRY,FAILING TO YIELD RIGHT-OF-WAY,2.0,37.5,1.0,1.0
09dca69549307dc92905d85b5ea7ead31038ac451bd0541a0f578cdf4ae88a65d703466e2646d3a7bd660cbbe09d10c60289d1e6b55146c36a6cc8ad3ad7154f,CLEAR,DAYLIGHT,DRY,IMPROPER LANE USAGE,2.0,25.0,2.0,2.0
09dcb7bf0233cd70a9c8e0277e422cee5146f11b4d685947c4a5ef463947c825a65956483de88ea25a7c510a95dff2e818299ffa4d1421d08b0abda79e277a1f,RAIN,DAYLIGHT,WET,IMPROPER OVERTAKING/PASSING,2.0,23.0,2.0,2.0
09dcee050f44a16cd5f7913b08f750a158f1b3b2145188eed6131009698f6e1ee970ae0dbf7a38404a2ab10bc043c7f7b66c4210e5172e5778c95c207f974c58,CLEAR,DAYLIGHT,DRY,IMPROPER OVERTAKING/PASSING,2.0,47.0,2.0,2.0
09dcfa3602f592a3fa26494199ba355731cf8fdadc912ebf1c6f44970d9bdfdb5737cac35d72a99fea6f2bdbc11976ae9f7e04d706ee7c868f2d3f124d7109c6,CLEAR,DAYLIGHT,DRY,ROAD ENGINEERING/SURFACE/MARKING DEFECTS,2.0,56.0,2.0,2.0
09dd1725ede430f36506fde44a27eed10f6571cef38bbfccca73ecab584519150ce746c3be5340c56cef4913396b6e11625da1bb6a542ae2b86c7a50f7d806f0,CLEAR,"DARKNESS, LIGHTED ROAD",DRY,IMPROPER OVERTAKING/PASSING,2.0,29.5,2.0,2.0
09dd3f8a0a149c0552edf9ac7b56488132b5d0951a9cd096697bf497bea3cb70f2e87d3e69765387af7a59c2d3b24327bc51f4bbd68ba9bed2d28fe580f96761,CLEAR,DAYLIGHT,DRY,DRIVING SKILLS/KNOWLEDGE/EXPERIENCE,2.0,28.333333333333332,3.0,3.0
09dd4917d13f075dd66e717130bb3b27be28607756e98ea6ddab71daf256e428530a8037715ceacd6a1e78dbef3e3b6efa493e538efd3fab34a0b017d00de905,CLEAR,DAYLIGHT,DRY,IMPROPER OVERTAKING/PASSING,2.0,48.0,1.0,1.0
09dd49ca53dd8c913b05ad98176318c6e8f046a99b40c03c469a80e7043816b944501351e27b4537d9bfc20075f4eb6525d684981173b0bee9348d4549fbb4c0,UNKNOWN,UNKNOWN,UNKNOWN,DISREGARDING TRAFFIC SIGNALS,2.0,46.5,3.0,3.0
09ddae32d812d2b62d11689d5f456e5d9c3e1b191855633574316484a71251cce78d8f7232a88ca5c6b243bb94bc35a8e56b0480fba0e28f74620cc2c941165a,CLEAR,DAYLIGHT,DRY,DRIVING ON WRONG SIDE/WRONG WAY,2.0,17.0,3.0,3.0
09de0184518b8e680f234c5dffcca1d504b1f0351cd4e00eecb26b25b4c90e8ef997a35c84777a0717577572c8ab54af3a8319bd83b8ff6d524f094b7fa3ef12,CLEAR,"DARKNESS, LIGHTED ROAD",DRY,DISTRACTION - FROM OUTSIDE VEHICLE,2.0,53.0,2.0,2.0
09de27b38bcc61439fdc95cc2f1b7a50a3132744057a10b9b2ae617debc62d21862798d620da98228814af623bcfdac562dd89d91e9643ecd8577cae4a16d51d,CLEAR,"DARKNESS, LIGHTED ROAD",DRY,FAILING TO YIELD RIGHT-OF-WAY,2.0,44.5,2.0,2.0
09de42a285cff2012df08f46ff65501c8934a799a32293f65bf30d0ba293d911d15beaf928cc74b4f678000df442453444b917d608a6426332a9abcfa2723390,CLEAR,DAYLIGHT,DRY,DISREGARDING TRAFFIC SIGNALS,3.0,46.5,3.0,3.0
09de444716b93bb8a6315cf71cb2d7e0e3f01e6f059eb924d776b676cf50dfaae672a85d3158c71e93652ed7593427bae23fecbfa0a2bb873a6879cd98f66e9e,CLEAR,DAYLIGHT,DRY,"VISION OBSCURED (SIGNS, TREE LIMBS, BUILDINGS, ETC.)",1.0,56.0,3.0,3.0
09de44bcebf99472ecca276bd636a88374d88d911f27365afdc6248e423816b43fc88df74d216b29a89948faf7e8c48cb56fbd4e480669185c50da7cf3389e78,SNOW,DAYLIGHT,SNOW OR SLUSH,WEATHER,1.0,29.0,2.0,2.0
09de5ead1e12e08a10dd111ff30768ad7f3a792880b2b4eac5b99e43a4b818fec91e44471f16a801551a9a9bc2a5579997c099226c4df53c4b2c94dd680951f4,CLEAR,DAYLIGHT,DRY,IMPROPER TURNING/NO SIGNAL,2.0,34.0,2.0,2.0
09de66b166148fe04b0b2f033ba13daf09821f18cf2fe0301fde52600d28ae8db89df56a2390096069bb77b3e341fedd1bfee51c31588e2f33a926878d58450f,RAIN,DAYLIGHT,WET,IMPROPER LANE USAGE,2.0,48.5,2.0,2.0
09de9f14cc82acd0bc6d437aea97997d59fef9b20aff412848058d47295584ac43e6a7511cbbf20172d4fae267797a08252b93f27eec846a55613f33bc3cca59,CLEAR,"DARKNESS, LIGHTED ROAD",DRY,IMPROPER TURNING/NO SIGNAL,2.0,31.0,4.0,4.0
09dee3e2e6c04d4077101356bb59a856ca8bd4f97d466eac6e53840572135312fcd7bc933768021414412961f25cbfce4f3919fab0cff7b4de061c1d207b5d0c,CLEAR,DAYLIGHT,DRY,ROAD CONSTRUCTION/MAINTENANCE,2.0,26.5,2.0,2.0
09df048108218f30e9c99bef22d43d4ac805d3c3ac554cecbbfccd1302b2bb8f2b5fbe864084724e45445b8d9d2fd47485d2188c160d8ee8f000c45ee57aa126,CLEAR,DAYLIGHT,DRY,ROAD CONSTRUCTION/MAINTENANCE,1.0,39.0,2.0,2.0
09df1fd0570fd070bb38f7fd6f4a629d6c4b02dfcafc7a9461558e80bbe8d7a48a28ee8a0cf0aef69cb0b00baa2057b4f65fcdc05288a300f6508982b238e014,CLEAR,DAYLIGHT,DRY,FOLLOWING TOO CLOSELY,2.0,37.5,1.0,1.0
09df566a2af3e95e65c797704c26a82d6c36e35717ae7af0208cbc489fd16a1360a129371356435406a27e6a6c840a52d35a5579d27fc2721c4f6825c3a482f5,SNOW,DAYLIGHT,SNOW OR SLUSH,WEATHER,3.0,28.666666666666668,3.0,3.0
09df5b839b73837bfb195ac6558d695fa94d59f126958d288cb8f9703abf99e49aa7a63203d8211b306d713fd7628feea5f32992b2f86520c66ced553ee0ddd2,CLEAR,DAYLIGHT,DRY,FOLLOWING TOO CLOSELY,2.0,26.0,4.0,4.0
09df706f19e884fb50630a98fbb8455893c90e14cd5ea55e53e611ca78517dd31f102e9ca174fb79b27d072809476c4d5c779b120e7e990c5abaa69e653e5a3e,CLEAR,DAYLIGHT,DRY,FAILING TO YIELD RIGHT-OF-WAY,2.0,45.333333333333336,3.0,3.0
09df76a23a29c4abcfd074ea543c9c003706ed66bc3292032d701057e92aaf67198d1f10b5565e2e4e512cb282eb65247780015fb58c26b71b9d954c4b00ae9d,CLEAR,DAYLIGHT,DRY,IMPROPER TURNING/NO SIGNAL,2.0,56.5,2.0,2.0
09df862a62d962b19dc79fb0bc142e363f561ead51d81b9bea9986e20ee0071a84680fda72331aff2f535f0162255b51f8c77fe1e3c81f13d48c36e8b5625570,CLEAR,DAYLIGHT,DRY,DISREGARDING TRAFFIC SIGNALS,2.0,30.0,6.0,6.0
09df8c906c375bfc6d5f4a1fa560e73cfdb1b64a34c1ba65b956f2d7e0f0edcd394839d50457fe1dac2790fc6c6f2d729aab52862632797ffd4e6a62680b5df1,CLEAR,DAYLIGHT,DRY,FAILING TO YIELD RIGHT-OF-WAY,2.0,49.333333333333336,3.0,3.0
09df997bb8ff87975504963ec7f4325401449c934b5fcf060786671e7a430a2c790366ac36c93b09808d1b648bc2a56fec42245d3a4676765561fdbfa4d9d3e6,CLEAR,DAYLIGHT,DRY,FOLLOWING TOO CLOSELY,2.0,53.0,2.0,2.0
09dfad71a08a8860bc5dfc5c41e9b9166d86d65cddbca86809c7ebec7fcdfe5147732cbf9f63344ab8f55df84357b577575f2d5ad745569c5d8f175ff2024adf,CLOUDY/OVERCAST,DAYLIGHT,WET,FAILING TO YIELD RIGHT-OF-WAY,2.0,59.0,2.0,2.0
09dfbbbd9f6c6c36aada046bde722c013d976f5f11e9df0d2d8cdb6ab930daada6b5e44cf09c57490ee29fff91ea67201de57fb24589ae3cc5c0e177eef01680,CLEAR,DAYLIGHT,DRY,FAILING TO YIELD RIGHT-OF-WAY,4.0,51.0,3.0,3.0
09dfbcf142a3dee210e81b079faad40f181046f2489a75d295247a01a700b44d4b81defe7071497535537e30294ca24f58c136c73b8bd4f3e44cb24f46b12bd9,CLEAR,DAYLIGHT,DRY,FOLLOWING TOO CLOSELY,2.0,32.0,2.0,2.0
09dfdfa2e50b488a9c21f9aeb9e54021c0da5f1073b53d249ff40b8db2f70cea82bf56bde1762b35c2c350c5b111897b7d77a1f2d3518e9b80646c5661cde3b2,CLEAR,DAYLIGHT,UNKNOWN,DRIVING SKILLS/KNOWLEDGE/EXPERIENCE,2.0,23.5,2.0,2.0
09e020cb339e49d6fcf62b34c348a717e757d4c28fa7c7c692745834ad2e345edb204fd69e763219afc3e68256f653947368577b76cae95266bf239646b4d663,CLEAR,"DARKNESS, LIGHTED ROAD",DRY,FAILING TO YIELD RIGHT-OF-WAY,1.0,27.0,2.0,2.0
09e02fa80e790fa1d4be2847ab1a3b449c55c9895bed6987ca486dd35a0fa9e9d1b318e77340e3a106291dfb99997c8e52905643cc1af961f55d7047892803a6,CLEAR,DAYLIGHT,DRY,DRIVING SKILLS/KNOWLEDGE/EXPERIENCE,2.0,37.5,2.0,2.0
09e031a0b5906583b0601d853c8231e2a2c3a8eabd0b2b54bf198440cbda4a35868c88dcece982ebf092174d33462fe731886399776f6050cd520252db7895e1,CLEAR,DAYLIGHT,DRY,FAILING TO YIELD RIGHT-OF-WAY,1.0,42.0,2.0,2.0
09e0362a08bc3ff82fef35780b43d1fa989c42095c16ce1a25174edb67bac227e4d3a6db10fab4926600494b9ce8425c069f85512de2b4f923398aab20c308c9,RAIN,"DARKNESS, LIGHTED ROAD",WET,DISREGARDING TRAFFIC SIGNALS,2.0,32.0,4.0,4.0
09e08e8c568eb67b2cf635d2519199405caae0da9eca5f0209eb6d1944fc14e5635a0e16f165c333cdc0c6da1699ab2be3f1ea22c6dabc0c8637faefe02039a9,CLEAR,DAYLIGHT,DRY,IMPROPER OVERTAKING/PASSING,2.0,29.0,2.0,2.0
09e0cbc7a1fcce505a747b81a5276c8d46a0b6d96d8de662186c57ae8d6f673d4050b62bde6196435b4bd2854325240a03d3f1724b16a3e13ec6cb90cfb5152d,CLEAR,"DARKNESS, LIGHTED ROAD",DRY,DRIVING SKILLS/KNOWLEDGE/EXPERIENCE,2.0,51.0,1.0,1.0
09e0e3f81c809743752b008812cbeaf881254c0565e51ddd2075d9b9744d44e224b9218c754d52ef27217200ee626600fdfcf2a2b0083f8e91768f620ab804a6,CLEAR,DAYLIGHT,UNKNOWN,FAILING TO YIELD RIGHT-OF-WAY,2.0,36.0,2.0,2.0
09e10f7f5b4fcbf056c7fa774d3f2418b75454a71f8509756969685f519d7eb89e52e1cb6f0b0fe2fdf407650cb26228a07fe87d5471e7ddb6e8a4e20957b218,CLEAR,"DARKNESS, LIGHTED ROAD",DRY,IMPROPER OVERTAKING/PASSING,2.0,36.0,2.0,2.0
09e11cf8c5a3801fe40ff00e7a19a35484fef670783becfb63bdd5bf7feeba13b67c9fbbf6ba62abd3c38c0c1624b8dad032c0992a0853078f869f215ed526ec,CLEAR,DAYLIGHT,DRY,FOLLOWING TOO CLOSELY,2.0,25.0,2.0,2.0
09e14adeeccad895fb3ae314b595364204465fb2cbce64d6a9e4104cc18cbe3033c3e0441fffa316925c19298df756107b1d9db2e02c8359b5d3783c3e0b0138,CLEAR,DAYLIGHT,DRY,DISREGARDING TRAFFIC SIGNALS,1.0,62.0,1.0,1.0
09e169e8877aaf8b95bc3a8a3b410826d60d0876846c55b8b807ff2f00022e9275cc4d798e0a5daed4cd543cebddf125041595d2b61cd504ce8303a34540bf63,CLEAR,"DARKNESS, LIGHTED ROAD",DRY,FAILING TO YIELD RIGHT-OF-WAY,2.0,34.0,3.0,3.0
09e1781d737e7c0b25e00818463bb37cf8f116ae11434963ebda3ed914dd00ae80a51cece46fb2d1b24b4412746c5e8b56c1cb31bcfdcb12828236a179490dd5,CLEAR,DARKNESS,DRY,FOLLOWING TOO CLOSELY,2.0,36.5,2.0,2.0
09e18fe37227a72499a442bb2a9cb1160055267d2931047a6ce143859a6b0670e45877f9dc840167c5a3b4bade5c84fc77ee5ee6c32100421e57bd726212d3da,CLEAR,"DARKNESS, LIGHTED ROAD",DRY,IMPROPER OVERTAKING/PASSING,2.0,53.5,3.0,3.0
09e1ab5a62429d48984861b4d6bb1aa8e049545b2821a6ab7b2922f9d5f761d36b21f3c87b19174fe81ec77c051f9d87b899ec7c67c4d63c9543a223c811fa80,CLEAR,DAYLIGHT,DRY,FAILING TO REDUCE SPEED TO AVOID CRASH,4.0,49.5,2.0,2.0
09e1d8a59a06cc7bf620a8a387ec7371f3dd0f3ec4fab79023229cad7490a6a53e4ab223a15fa539fa2fdd6a549bf52bb0e24e890fdc842cce6e5f914f765e2a,SLEET/HAIL,"DARKNESS, LIGHTED ROAD",ICE,WEATHER,2.0,35.5,2.0,2.0
09e1dcc98f03f95cb9b5064fb6a5f7c0fcf5f43152849aeb69db0e4dc216a4343a66f0a6fcb3d2e80c9b0377d6ab0eeef8a550a5f0733b9dd1bc5afdf9cc1809,CLEAR,DAYLIGHT,DRY,DISTRACTION - FROM OUTSIDE VEHICLE,4.0,37.4,5.0,5.0
09e20b2ac0a03740f6cc61e5bee9b5eccceb541b743e5f9af47716ec05370be6f8d0015ccd4ef5fe622b582c376abb601a275a5508777a61ed46271610bf3497,CLEAR,DAYLIGHT,DRY,DRIVING ON WRONG SIDE/WRONG WAY,3.0,37.5,1.0,1.0
09e20f68d32f96f9d0f46e9192585a557b11ec4b1436b20cba9e8d9f8d1c14b659602faf16b5517590bf1af46e6f380f82a08b2683c0a4d8a0e97de48d6165e8,CLEAR,"DARKNESS, LIGHTED ROAD",DRY,FAILING TO YIELD RIGHT-OF-WAY,3.0,56.0,2.0,2.0
09e22e658228d6e47dee3f9e0439b45768ef52a333b29c978111ecd4023d6ef12ae1402a2f4664f378cb821b7254a3f0cdc7cca6c397f8b6e3a4db68d5556ce3,CLEAR,DAYLIGHT,DRY,IMPROPER BACKING,2.0,59.0,2.0,2.0
09e230ba64430df103480f6a68b175575c32d1d1cb6d19cde9a7a51977de8a7b3070851949c44ac6577234ff9d42f598cbc69cddf5469584ef77cf54bcaa4f47,CLEAR,DAYLIGHT,DRY,IMPROPER OVERTAKING/PASSING,2.0,42.0,2.0,2.0
09e25f4ea48335be5cbe505a32375ca751c26ede9f3c209c1e5869ea5bde35364860aa0fedb66b0ebfbd8643ecbdfc51f8b55f5876f39a1e6a4a17bce1aefc09,CLEAR,"DARKNESS, LIGHTED ROAD",DRY,FOLLOWING TOO CLOSELY,2.0,48.0,2.0,2.0
09e25fddb5474b554df0eb854a7a0278b5f8336d53aad3e534da71cd91309ece16c595f235f7e4f28f2b02c1a47382a7886edbf39b472f17446284075ad50886,CLEAR,DARKNESS,WET,FAILING TO YIELD RIGHT-OF-WAY,2.0,33.0,2.0,2.0
09e26cbffbe56758fd3058f3ed9a7f3ac1a7e2eca00aaa8543f9b7cfe0372c5a69bea28795f0284017dadcff4a3cf16cbf844d0ba91fe75dfc2f11e56cd68a21,CLEAR,"DARKNESS, LIGHTED ROAD",DRY,DISREGARDING STOP SIGN,2.0,43.0,2.0,2.0
09e270d44f6f9bb7c4ea1472bf56ae767a6656d3d3fe83285e2369793ccf2ee0ed5c3cd68106750c3deee4c577085583796f675c08b62243ebe748d005393496,CLEAR,"DARKNESS, LIGHTED ROAD",DRY,IMPROPER BACKING,2.0,37.5,1.0,1.0
09e273ee7c37ee76cfe9c3ee9e49b32d94ff4a18beb1cd0721a9ac31c6a8f2fe498439ba71d1f364d3bb7cce05c1620668d52ad55b823b26348709e60c525a3c,CLEAR,DAYLIGHT,DRY,DISREGARDING ROAD MARKINGS,2.0,43.5,3.0,3.0
09e27e19ec3f00c8ad84880f5445c29b581f3705c6149f6af5adc74a4701db774bdf40c018c3e8bd86491092117f5af5d1094d685a6c8912126e2b1e92643b48,CLEAR,"DARKNESS, LIGHTED ROAD",DRY,FAILING TO YIELD RIGHT-OF-WAY,2.0,30.0,3.0,3.0
09e28d8443f88f32b3a725c70bbc08465fb0e9462a80266806b97efbc404e8874b51b8ee98c5223393bb16c88099c085b7215bc67c5f070341fc87af64f84081,CLEAR,"DARKNESS, LIGHTED ROAD",DRY,FOLLOWING TOO CLOSELY,2.0,46.5,2.0,2.0
09e2917af177fbc92d2d9d9a712d36d6077ea105f6a410184d11ce2b354ad1ebf10f30e08dd382395ca63baec33f64c9798f7d31e9857e9917f089d061af6534,CLEAR,DUSK,DRY,FAILING TO YIELD RIGHT-OF-WAY,2.0,29.75,4.0,4.0
09e295f7933e6f62400d227544cd976633f01825c281ccd4b05de31039e435c5dd43a357ae1ba48659fd22747d4e0553fd3b4ea80daae2c3fae7d3f624b02823,CLEAR,"DARKNESS, LIGHTED ROAD",DRY,IMPROPER OVERTAKING/PASSING,1.0,37.5,2.0,2.0
09e2a2450a282900bfbc93f6693a87a4148ca3851c2acfbc4cf0a2789bb064127d189c27224ca018efe60f1443d660e743f5050e137e16049014cb1ff8e5cf99,CLEAR,"DARKNESS, LIGHTED ROAD",DRY,IMPROPER LANE USAGE,2.0,28.0,2.0,2.0
09e2cc7b8808c5473338836cf27ad71dd51eb9b6a928d4f00638ae61b0edb11f6a811df3c4d75fb36dbbae4b41970bff0b57b52829d2eb6f8a3d499df6f0d254,CLEAR,DAYLIGHT,DRY,FAILING TO YIELD RIGHT-OF-WAY,2.0,24.75,4.0,4.0
09e2efba27119e0e4b88a588d0227b68e68d980ad7bb289067764a2a3b3d2b3bfce798e3c4edcbdc1245a6af204e7b9e746c9b44c9faad0411894af4d8c118dc,CLEAR,"DARKNESS, LIGHTED ROAD",DRY,DRIVING ON WRONG SIDE/WRONG WAY,2.0,38.0,3.0,3.0
09e3259fbb7786b4373e96c572b1c5fe17b6bf01080a3989dafddf0945891869e28f41cfa3d52984cb3c01ef1dd43ffa1f949d4c15a843b6077e2a28f9426f31,CLEAR,DAYLIGHT,DRY,FOLLOWING TOO CLOSELY,2.0,37.5,1.0,1.0
09e33e73b563b6630032207fe9f2c64f3a6cc35b4c16fd340baabc927c40254c0ce42d688f7604534e7a147185153f7efecf3442a3ca3fc5fc6787fc71abc396,RAIN,DAWN,WET,WEATHER,1.0,26.0,2.0,2.0
09e349d908c4ff3272baf324ab155b431d01208c87903dd2534b436a56ae8ef3bdb52d594d03d32099dff253fbf4118cf376bc16a55bd716e844aa14d1bf40a5,CLEAR,DAYLIGHT,DRY,FOLLOWING TOO CLOSELY,2.0,36.5,2.0,2.0
09e34e40f7c52654d18bc0c1e494378de5febe81f4d74dd51089d82ddf4215c50bcf7d400ea7fbb8f84fab9fa6055c47c811d400836a7255d5ab0326def4ffea,CLEAR,"DARKNESS, LIGHTED ROAD",DRY,FOLLOWING TOO CLOSELY,2.0,43.0,2.0,2.0
09e354a97d3f45a918fa3d61fbd13359ee6c381ef3c8b448fb97436db9df026d8dbe195a65a4c9f7c6782904c2656c8c077918590a221078b8c6f64ddf183081,CLEAR,"DARKNESS, LIGHTED ROAD",WET,IMPROPER OVERTAKING/PASSING,2.0,36.666666666666664,3.0,3.0
09e3c2b24235877a23106ed379276d8c897b1a96a935a84ee453011e1411675c4cd8748057d464199ca2cd93d0c79c03ced4f5576b2cbd99c32e63fe3d234a5d,CLEAR,"DARKNESS, LIGHTED ROAD",DRY,FOLLOWING TOO CLOSELY,2.0,54.5,2.0,2.0
09e3ed5aa5b4367460c67d5efe7d0e7b4642a58065960c817b6ca2f952228d1b07a29ba16d12be9b27db73c43c34060c4ed6d17031dda2a6065909029ca90f53,CLEAR,"DARKNESS, LIGHTED ROAD",DRY,IMPROPER TURNING/NO SIGNAL,2.0,32.5,2.0,2.0
09e3edd30891e7bea36183a78693968d046778388256d6e114a5ff1402754160f2a145d4316fe4831260f55ecd43f3b641fad303ed86be02936091f7ddedc126,CLEAR,DAYLIGHT,DRY,IMPROPER BACKING,2.0,35.0,2.0,2.0