crash_record_id,weather_condition,lighting_condition,roadway_surface_cond,prim_contributory_cause,total_vehicles,avg_driver_age,total_people,total_injured
09e3fe564ac57375a01ae49d138a9df3ef5b30f75944deb7d7e4c35d55db7a306dd2c89172cddbbdecbafed1c45167cf91aedfbe88f66432857457c2724aa619,CLEAR,DAYLIGHT,DRY,PHYSICAL CONDITION OF DRIVER,1.0,72.0,1.0,1.0
09e41a1aa8062eebf5616679f2d53f5aedf1138a18c7406f89269a083b1d8dd9689e85351b52b188a9c5e9d79a4f0668a9de4355d5db87248f0c50f093e05498,OTHER,"DARKNESS, LIGHTED ROAD",WET,IMPROPER LANE USAGE,2.0,47.0,2.0,2.0
09e42e6d9139c4198eb4e75e639e7d9ca5125e4c80e310fb1ca39ceee1cd474fcb3f05cd79ecf2b1ab4f099f9f8c5b9b1aa8092eb5c96e08441dd7a079c02e56,CLEAR,DAYLIGHT,DRY,DRIVING SKILLS/KNOWLEDGE/EXPERIENCE,2.0,57.0,2.0,2.0
09e43cb92bcd4da1263d49f4c1a7705501bed6d6b48772c3874e75a9c8ac7337d9a89b16d1f4fbcb594b34710b08eecf1546964ffd1f2f813733879c629e5458,CLEAR,DAYLIGHT,DRY,FAILING TO REDUCE SPEED TO AVOID CRASH,2.0,45.0,4.0,4.0
09e450312c67df03f6ec09d8ffec6e018d7f4aa2c553abee6032ea781b45d87a66560fe81e5518a0cbae0733284fa711417728de122322d0b62ebb47841ff9d4,CLEAR,"DARKNESS, LIGHTED ROAD",DRY,FAILING TO YIELD RIGHT-OF-WAY,1.0,60.0,2.0,2.0
09e4a54dececd378610a4e6134a3e0adec9eaf12a3461dc347deb32f4d0495e82feb866e2c26844d4db5bfaa6c9dbcf050c2eea197f7888e0f2aebfa7e8d60e8,SNOW,"DARKNESS, LIGHTED ROAD",SNOW OR SLUSH,IMPROPER BACKING,2.0,24.0,1.0,1.0
09e4a75d35587f5d1a610d6988ee585a49350e483a126eb20b2ce712a082d73315ce9c60c7f1c113634c04eeb25b5b6d896d676a9c207300031d1a27dbc952e1,CLEAR,DAYLIGHT,DRY,IMPROPER LANE USAGE,2.0,51.5,2.0,2.0
09e4dc10bb17aa1fbe08206c295fe369776aa951eb7312f47734391373e0659d6e7c55b8e2aa60a1858e3fc3fe7e3911e8ec1033c077dfedefe0642af87a76a9,CLEAR,DAYLIGHT,DRY,FAILING TO REDUCE SPEED TO AVOID CRASH,2.0,29.0,2.0,2.0
09e4e75636e18648e6d6a469f5874c1c0b06e789fe3664a06e70ba3acb57ef3b0662a6976a4930118f1504d3ab60e63d633f99ecb1677ee0f8b56a6526e6bfa2,CLEAR,DUSK,DRY,DISREGARDING TRAFFIC SIGNALS,2.0,54.666666666666664,3.0,3.0
09e4ef913211231917d077af5f2e640414d5904a6d3554bd6430e279ff235fb10fef1491b65ba86f1d3f04ce3037c4e7ca7eb1e42e8a0b434260a48f05e60529,CLEAR,DAYLIGHT,DRY,FAILING TO YIELD RIGHT-OF-WAY,2.0,22.333333333333332,3.0,3.0
09e562f7220587e2f0bb2829c8f99cf769434dce3f7a7a991ee7e963ec10a30dda3b3d3145b937d5ae235961c695d10a11dd371fc827350b86f203b815b4ee50,CLEAR,DAYLIGHT,DRY,IMPROPER BACKING,2.0,36.0,1.0,1.0
09e577cf1112a5b399bbd58e37f1e6b766c65275a3dc5fec90723cc26f13944164b0e6d445e7a948037baac091e858a9bee314f540569c101c1198f37598e9ce,CLEAR,"DARKNESS, LIGHTED ROAD",SNOW OR SLUSH,FAILING TO YIELD RIGHT-OF-WAY,2.0,47.5,2.0,2.0
09e5d69e2dcfc2da6dcb0fff6bc713fa6755f17ef535ea636e506a7f9299e4cef54ff8a474f868cab8c5d9516768580d8cc2f578c597fa3f0ce5143ce51f5da5,CLEAR,DAYLIGHT,DRY,FOLLOWING TOO CLOSELY,2.0,52.0,2.0,2.0
09e6173c7a9b4c597cea3e05ccc9ac766802900acbe7f9a6ae0d270d555836161fb458398febb71762d1b781dfce18232f3a781450480bac98ce76bbc8c411a3,SNOW,DARKNESS,SNOW OR SLUSH,FOLLOWING TOO CLOSELY,2.0,42.5,3.0,3.0
09e64caa74c683fba97e2ca2af8a6e8cd3f138a26ccfbd036ae80cb2e9c87d216411b155b4c3d71268a3453e4cdd8e5e686e5de4389550254609a83e25f6e0d1,CLEAR,DAYLIGHT,DRY,DRIVING SKILLS/KNOWLEDGE/EXPERIENCE,2.0,23.0,2.0,2.0
09e64dc675c7b4d47dbf22b46d979a7146192621a134e909a88b322cb652a5ae4fc448b096c1ae2cde835fc6b94752e50e6d3d37ce633f2f18e7866f8f2e6bad,RAIN,"DARKNESS, LIGHTED ROAD",WET,FOLLOWING TOO CLOSELY,2.0,33.0,3.0,3.0
09e659113bf0250029031349453eaa5bb392b01c223903020cc55ad234f57a72b049cae470bc3bc76571fcec301aef36c9af016b2dc0dfeda30b55be78a0549f,CLEAR,DAYLIGHT,WET,IMPROPER TURNING/NO SIGNAL,2.0,25.0,3.0,3.0
09e687123c7d6b490cb9c71f666ba5b0c1554a160a82e4087eba9176f010fb9c74884163b3b958bd77522dcadf8034e41822d10351430c02f1775e8e255c8aa9,CLEAR,DAYLIGHT,DRY,FAILING TO REDUCE SPEED TO AVOID CRASH,2.0,30.0,2.0,2.0
09e68eebc0eff73b98c1f4c05427eb4d7a2097a2479e4d0973521346fbafcf591197b0410056af393909e4916fda4bc15e108920a8340fe41803d34967467b83,UNKNOWN,DARKNESS,UNKNOWN,"OPERATING VEHICLE IN ERRATIC, RECKLESS, CARELESS, NEGLIGENT OR AGGRESSIVE MANNER",2.0,43.0,4.0,4.0
09e6b02fb53bc17b2f0c6be1608f9b8d6efa3e1cf206d85b056380871274a1148b779144f286c0b64a1dab3e359ba2ed5f719e8576920f445a194d5bdc6e71ec,BLOWING SNOW,DAYLIGHT,SNOW OR SLUSH,IMPROPER LANE USAGE,2.0,70.0,2.0,2.0
09e6d46a0574002a3496ba1ae20f7a470d4f0d732b92462d3bcdcbaffca2ccbc1e87f42ff738d517d1632a3133358c9a79066d11a246fa01a95689e12d696849,RAIN,DARKNESS,WET,WEATHER,1.0,22.0,1.0,1.0
09e6e12fb3040d23f4274d4beb8bc7b3cddc38839899d083685c6e5d141b325640bf808be6fdbaf36d675da07a8af0af457fdd411ed745217335410aacdfb330,CLEAR,DAYLIGHT,DRY,DISREGARDING ROAD MARKINGS,2.0,35.0,2.0,2.0
09e6fafaba81251ab7e6641db78425684ec2c10545fa67f1695e2420ce65cddde12635c24048afc4813271866df0e87ff3212f410a27b8012f63b631c3618189,CLEAR,DAYLIGHT,DRY,FOLLOWING TOO CLOSELY,2.0,35.0,2.0,2.0
09e7570c5c128799e140d2d0841d7c00baa3de4a6b49c9dcbc34736832696dde057d097d18632e431470831053fef526b63a27679a8dc5079dd92f6cea8586c9,CLEAR,DAYLIGHT,DRY,FOLLOWING TOO CLOSELY,2.0,50.0,2.0,2.0
09e76dc9b52c917966ca30954a6f7c1e4e85687e280a2012947535d1b7129ef0e77feb2b6431e97c52a64fa3c512d9f215edc73349867651335290911fb5ea92,CLEAR,DAYLIGHT,DRY,FOLLOWING TOO CLOSELY,2.0,54.333333333333336,3.0,3.0
09e76e79acc1948be88954e3a87c870e1495b31344a6bd7e0453ef98c93fdd82ca313ae8bf92c864867c36374368aaa391dfde79f418500309c968e1de53fdb6,CLEAR,DAYLIGHT,DRY,DRIVING ON WRONG SIDE/WRONG WAY,2.0,65.0,2.0,2.0
09e7860a4be20ce3747ba7279d4cb995eb26ec389c41a3c4c050f2c6d4da9175e6e4e68654b0553f61dbd4ab4cc435f14aad22df0ed38e25dbab3b9218574442,CLEAR,DAYLIGHT,DRY,FAILING TO YIELD RIGHT-OF-WAY,2.0,32.0,2.0,2.0
09e7940e0670df23cd457638e20f800604329aa53ba0d09f0653e63cbf3d5aa1af4f99d3b0389360288aa4d29d20eb2cc964d57309b0c08435350420255f1062,CLEAR,"DARKNESS, LIGHTED ROAD",DRY,DISREGARDING TRAFFIC SIGNALS,2.0,19.333333333333332,3.0,3.0
09e7b3f30684e5632876a42884aed8b530fd107fdb2d044e1fad8d2d091b1cc42ba5063dd625c918b17d5a507e8471f2697c257a19ea35b8159e00b6e5e47acc,CLEAR,DARKNESS,DRY,EQUIPMENT - VEHICLE CONDITION,2.0,36.0,1.0,1.0
09e7cf0cfdf1fd736757a66187ab7c1be966c5e7cc676d1f1063167e615f3127f5ae7b60e3d486a3ed3f0138933a5dad0249870090ec695a5a0d6491343f5915,CLEAR,DAYLIGHT,DRY,FOLLOWING TOO CLOSELY,2.0,34.0,2.0,2.0
09e7d276c12ed9f8da5ed2798a78cfb29f5cac36cd30358189588e73e638ddfd64abf25c1e654828cc92b7bcc0d7c32372207913715897b9f1fe18a21f85d1d9,CLEAR,DAYLIGHT,DRY,FAILING TO YIELD RIGHT-OF-WAY,2.0,19.0,4.0,4.0
09e7f11b473460393d0a126062c403b125abee8dc48ab967557900e85f755086d35609f10f631b15aedb092ec11bf342bcfacf01b5bffe2c3d2046f33d721166,RAIN,"DARKNESS, LIGHTED ROAD",WET,FOLLOWING TOO CLOSELY,2.0,38.666666666666664,3.0,3.0
09e7f374ecdc804e4db2491341a3fe4278609841c952aecb975353205acf9f4ded2e43c4d675ad8ac55d133b4ad1782b341d6424e646b69d719362e2de15a44f,CLEAR,"DARKNESS, LIGHTED ROAD",DRY,IMPROPER TURNING/NO SIGNAL,1.0,24.0,2.0,2.0
09e7f66f55a5069514682cd3a9f5b4511f4b7fa41c81302a8bc0918aec3f302d6563f0aa5f6af238d32d9299c8cc6e8fd3b43c6a9a2ab96ff56cee86f87b7f26,CLEAR,DAYLIGHT,DRY,IMPROPER TURNING/NO SIGNAL,2.0,52.333333333333336,3.0,3.0
09e7f67e3b15c03ce3616acdeed9f14828430f99fb382d78314322aaa11cf60753259cf837275449aca9d23598754e875a8cd4d886fb47b6ca289c11d8591df2,CLEAR,DARKNESS,SNOW OR SLUSH,FAILING TO REDUCE SPEED TO AVOID CRASH,1.0,49.0,3.0,3.0
09e85af384a887dc287c5e90f35f54b634ca35f1dd23bb372c7353712de07a2c6f55224c1fffe226326e02d4e52714809ccf4097a5771b6599d2626fef45fafd,RAIN,"DARKNESS, LIGHTED ROAD",WET,DISREGARDING STOP SIGN,2.0,27.333333333333332,3.0,3.0
09e881baf7839b91f406cf0d4f0d68141bce5e6763389e99c5fc850dfff67093129a416cff11bffca29f63da4ff2f13b370448e3ccaac4b62dc8b2fcfd10e6fb,FOG/SMOKE/HAZE,DAYLIGHT,WET,FOLLOWING TOO CLOSELY,2.0,32.5,2.0,2.0
09e885f74d7317a0b22c7a714f2a1b5320832e89ed4be183406a0cf9426277dae0a5386b85dba322975f171c94a0530bccbba05cff0f370826de8d2f3a95782f,CLEAR,DAYLIGHT,DRY,IMPROPER BACKING,2.0,23.5,2.0,2.0
09e8a66c9845f73dc30248b1c02a75fb0e19443f7d8a67d1f46da49e75629cea22cceff3f0cd8b8628d087cf6a9dc05e510c8b0fbda9543f1073d1b70a11f684,CLEAR,DAYLIGHT,DRY,DRIVING SKILLS/KNOWLEDGE/EXPERIENCE,1.0,40.5,2.0,2.0
09e8bf73a0dd7814189a20cb393e8442bd3037429abc9610678957c6daa0da06f41add1e70fbb52558121c24335c1dbe7bb40e8029f1b0956047254b486a8d73,CLEAR,DAYLIGHT,DRY,IMPROPER OVERTAKING/PASSING,2.0,20.0,2.0,2.0
09e8c83fce999043651d7f69ce111a51612cc45f54948dc6a541b74675986a96d56a96625e372ab6908c236d58d9a27e2375d8ee18aae0b734beec357f15b2fe,CLEAR,"DARKNESS, LIGHTED ROAD",DRY,IMPROPER LANE USAGE,2.0,57.5,2.0,2.0
09e8e10924aa6a272a2a31c48d979939d515ebddd7dfea3480c5c92413a575c1797671d1c23192a57f152eb2b19041bdcd3f036f7e6f987ebb4dec70c9029fd5,CLEAR,"DARKNESS, LIGHTED ROAD",DRY,"OPERATING VEHICLE IN ERRATIC, RECKLESS, CARELESS, NEGLIGENT OR AGGRESSIVE MANNER",2.0,32.0,4.0,4.0
09e91085e00b2a799d9e694768f17f58884c45809267a0925f33042199bd153b31793cc7fd4c02fdf08a2f12d72c594a36ca49bfdaeabe211bf67845969b78ff,RAIN,DAYLIGHT,WET,WEATHER,2.0,34.0,3.0,3.0
09e929c5991952364523be3107732e9ee162d650880738a4bf2e3fab7f429c2358d3610506339705a5a880797cd7f637665c9ff44c3f3afc38160560c43942f2,CLEAR,DAYLIGHT,DRY,FAILING TO YIELD RIGHT-OF-WAY,2.0,64.5,2.0,2.0
09e93389165c5315c7ef97b039cb4f403cd701595c735129824bb2d8c6b698401cf710ab113d539981298960640aaf879d20897c45d5cca1cad88c1e4c64a099,CLEAR,DAYLIGHT,DRY,IMPROPER LANE USAGE,2.0,37.5,1.0,1.0
09e93dbec740b31221f7c14b22e7b956cb948d321dcb4808ea2dfe06d7e377a6b3c5a93ea2c75267ef1005f783c4903b3889004f52222f85232060524e3daf02,UNKNOWN,DAYLIGHT,UNKNOWN,FOLLOWING TOO CLOSELY,2.0,36.0,2.0,2.0
09e9593d40b8cd5b31f44b7a7f1ec67fed61356cde1a41eaaabb3182ca4a0454505bbb3224956d97ec799309b343c9bc68268a459c05672c594906c5e265ba9b,CLEAR,DAYLIGHT,DRY,FOLLOWING TOO CLOSELY,2.0,51.0,2.0,2.0
09e980de795ee2de7160f8434e9b628a33935f37d015a827f2b446530f7f3ee8f41a42a6541f4d38a4f361186edc954376b17b084afacfaa7550d11355876abf,CLEAR,DAYLIGHT,DRY,IMPROPER LANE USAGE,2.0,64.0,2.0,2.0
09e9c9cce401796eeb4254db3f2a852498a62220170c2c72e6574b88a8f005a0583bac083e608d0ed85280650576b06c1010c1d2a17774d5ca6912754610be1a,CLEAR,DAYLIGHT,DRY,FOLLOWING TOO CLOSELY,2.0,27.0,2.0,2.0
09e9dc308007f12fd0946bad76dcc0cd0c173b58ed6b3a3991e6775715c73c441db418b5781ee6ac59b46cdfe020c8528d5b1b30bbbe43ce91612704f1c7c16e,CLEAR,DAYLIGHT,DRY,FOLLOWING TOO CLOSELY,2.0,61.0,2.0,2.0
09ea01ea15c24c174cbba78ac4f2ccd2b22c9e109e01e327046a2dca7377ea557b9af6baecdbfc6cfa37dcb2018c1c28f93432672141dadf5640679862708609,CLEAR,"DARKNESS, LIGHTED ROAD",WET,FOLLOWING TOO CLOSELY,2.0,20.5,5.0,5.0
09ea4110364e727a46264bbe22da33be76c13d8e502e4fbd9d6666a90f3fb67ae232df629aa08a649b2a6711f2463662b5c603d9978b4c965e72500b47d61d21,CLEAR,DAYLIGHT,DRY,FAILING TO YIELD RIGHT-OF-WAY,2.0,33.5,2.0,2.0
09ea6232d2bae18b642ee4c32431fb14261727f40b283d59bbbd8cd833d0d3ddbf168e23a9f75cfd7b26a1db4f9b3701b71a2d0fe43c57fbb63b95dd24a6d771,CLEAR,DAYLIGHT,DRY,DISREGARDING STOP SIGN,3.0,43.0,3.0,3.0
09ea8575c319c67a0c960842127201f385693ec560764101fb860230d985736bf2ac43e535465b74ec847057bb9e38a232f14aa8c63b7e47417d266fa9ee1712,CLEAR,"DARKNESS, LIGHTED ROAD",DRY,FAILING TO YIELD RIGHT-OF-WAY,2.0,75.0,2.0,2.0
09ea8879183d52a50489079531546394340f92d9d5d9038c3a3c0cd018213414aaf8c3ffc2197b9fcec5cc59b6541de7103c711b300a26c40c7fda79b5034151,CLEAR,DAYLIGHT,DRY,FAILING TO YIELD RIGHT-OF-WAY,1.0,14.666666666666666,3.0,3.0
09eaa4455bef9bfda571428a838ded81a91c6c7c4a01a8df291fe19a87939b3d9c093aceaa7ddecf28204565495d26118858ce1f18f13b3d57613d25cd21127f,CLEAR,DAYLIGHT,DRY,FAILING TO REDUCE SPEED TO AVOID CRASH,3.0,50.0,3.0,3.0
09eaa88738d516a5f559aa3199b3d3f392a14cb59e57309c578ff9b586a88eebdae4b7c6b81cfaabfcaaab150225c0c26fec840c3ee8dbce1eeb29ceeb6a79af,CLEAR,DAYLIGHT,DRY,FAILING TO YIELD RIGHT-OF-WAY,2.0,47.0,2.0,2.0
09eb11a0d19278d9cf1a6896bfea444d2acdf098291b815ca3d0c37880f7989820ae9b2d55a7425bdd5bb7cf74851d66dbeb016ad5cae3928afa5a4fed2f44e7,CLEAR,DARKNESS,DRY,DRIVING SKILLS/KNOWLEDGE/EXPERIENCE,2.0,24.5,6.0,6.0
09eb1801f1c39b7e8a7d2199001b6ab4ec8865ce5e84cd55b5e9a041067e201dd2089d8d4170847f86f0e9ad569f4194e01ea8549fad32e28d9c8679be4178c3,CLEAR,DAYLIGHT,DRY,DISTRACTION - FROM INSIDE VEHICLE,4.0,22.0,1.0,1.0
09eb1a702019a5b6d422f592edfb5b09dac5a0f2ccce6a94692ffa12e4f7808535513575d85380a99a68298d080a5909b3a44cf7edbb53e6a69dc9c7e17e4550,CLEAR,DAYLIGHT,DRY,PHYSICAL CONDITION OF DRIVER,3.0,39.666666666666664,3.0,3.0
09eb9098bf247150372d82cbeefb2abeb74e4ffca52192ca5e06993e960e442e115c043f080af67ab75fe8b82070a4d91aa4db738782b3cb54de1aa0c2023112,CLEAR,DARKNESS,DRY,FOLLOWING TOO CLOSELY,2.0,22.5,2.0,2.0
09ebbef81452f5389692c02c8a3cf5f48d0ebee9100162d1f3e80e791eda9b331e1140054c9de3a879c2d518f208b436f2d062eced101c77ee15431f7d680d3a,CLEAR,"DARKNESS, LIGHTED ROAD",DRY,UNDER THE INFLUENCE OF ALCOHOL/DRUGS (USE WHEN ARREST IS EFFECTED),3.0,22.0,1.0,1.0
09ebf5c7ea6d88b92db317e2331c2a251a1ba91aeaa6e0339e934c1edf6fd83eeedd5aef01ecc9630a38599cb8f3d1c14470a940aaaca08f52ca17ada12b1e33,OTHER,DAYLIGHT,UNKNOWN,DRIVING SKILLS/KNOWLEDGE/EXPERIENCE,2.0,51.5,2.0,2.0
09ebf7345994d949bba381f4abf6e144a53e3657bc0679425d44af51b49ec29109cf1945eef7b8213662ae2941bb5c33b023653191c7e6d5db0e9ff050da36f2,CLEAR,DAYLIGHT,DRY,IMPROPER TURNING/NO SIGNAL,2.0,58.0,2.0,2.0
09ec0d2f204ee55aa4894fd1c973b911db60b1671b8b1401a5da73ebe0fb8f496ea643ecec11b6322681b7eaafab3027264ec78baba16e34f650a38f1ff959ee,CLEAR,DAYLIGHT,DRY,IMPROPER TURNING/NO SIGNAL,2.0,25.0,2.0,2.0
09ec1a910fdf3557702e877cc36bed21771bc014dc8a06aa4e9e70ad994ee03e465c7a924fb2ff6b3657f2b7fe6adb5b76cb4392937214c98ca24c7bdd811b4d,CLEAR,DAYLIGHT,DRY,FOLLOWING TOO CLOSELY,2.0,56.5,2.0,2.0
09ec27576daa838a4410170283a1d743189b371368c633635f0ffc7b90eee58cb6eead4b23f6c4ee4dad0ee4d0379ca52d244ed4f862501da223ecf4e8b9a6ca,CLEAR,DAYLIGHT,DRY,FOLLOWING TOO CLOSELY,2.0,59.0,2.0,2.0
09ec721b0d39a411e5cae293e2962c93fe83a5bfacefec65be08a05c409ef9020685359b95dc5eb025ddfb775b67eaffb3c4056f27b718c23ff0404a3653933c,CLEAR,DAYLIGHT,DRY,FOLLOWING TOO CLOSELY,3.0,25.75,4.0,4.0
09ec73f2fbcc9083a7d8dc6b6bd5b630affa6c4fc7402539a5dfce01733828e0f39b8cc704e383ff613f0e15a22fb789d74741409f0fd08cbd5c73abdea3755a,CLEAR,"DARKNESS, LIGHTED ROAD",DRY,UNDER THE INFLUENCE OF ALCOHOL/DRUGS (USE WHEN ARREST IS EFFECTED),3.0,39.0,3.0,3.0
09ec7484790ee4aa5b52e6fe3e8a07e25990814e85cdf3a0390dd31d0d1eb40a743567a12ad0624e205fee6b5d8942a1855ad31e7aaf6be7806ebcc4aaabb628,CLEAR,DAYLIGHT,DRY,FAILING TO YIELD RIGHT-OF-WAY,2.0,23.0,4.0,4.0
09ecb338a9d92318e81754d871a053e4cc7b108c85bd2db37c563b54fa7777261008adc25ae121f05e9e4d630138c47e2fb96b346cc71af4277a43fee6bfd33c,CLEAR,DAYLIGHT,DRY,DRIVING SKILLS/KNOWLEDGE/EXPERIENCE,2.0,37.5,2.0,2.0
09ecd1bb6d84df34e4bc3c0278f8caf03a95fbdd5fffea65d4005e11802dd1dc71cd353ad9c51e624139b900a8c9f323ee51115b193bdd3ee4b19a504d303e57,CLOUDY/OVERCAST,DAYLIGHT,UNKNOWN,IMPROPER LANE USAGE,2.0,31.75,4.0,4.0
09ed05c11cbab7f0986bd460da7c6aeab19438d6c5726c67d2a632ff7fcf50dad37cbf1331fcf074a622f4f6a26a1e99788717a70657bcec1a1acf2d297ce7c7,CLEAR,"DARKNESS, LIGHTED ROAD",DRY,FOLLOWING TOO CLOSELY,3.0,27.0,2.0,2.0
09ed234ebff3c75093524378f88b03ce66e03dbae7c10c2613af1f99eeb8334e89bef6ef88c955ceda1657890f037a638e8341a0890eb12938c0e5351aa1183d,CLEAR,DAYLIGHT,DRY,FOLLOWING TOO CLOSELY,2.0,34.0,2.0,2.0
09ed41e9b83f23630d6c056f75946afcccb97e9994d97f287fc4aed629ab52faf087e4b874e20871b440523be4687abe7a2ef11cf7ec300cbc74c315d5d0280c,CLEAR,DAYLIGHT,DRY,IMPROPER TURNING/NO SIGNAL,2.0,42.0,2.0,2.0
09ed421c70f5978d45c36bb16c1c372b81bd042d9e30fa07c8238a2ef5d44b4a0ce4841dbd32014af4c1c6620bf8fd93b17c1d8dc577581c7a266c4d013883cf,CLEAR,DAYLIGHT,DRY,FOLLOWING TOO CLOSELY,2.0,40.2,5.0,5.0
09ed68e9a71da32b62e9c0fcb56ec1075ccfc1d5cd3a65c69e8297b249d0cc39e88f69361cca30a464523b5b5dee5970c6b06147419c69fb072f3860cde2a385,CLEAR,DAYLIGHT,DRY,FAILING TO REDUCE SPEED TO AVOID CRASH,3.0,43.0,2.0,2.0
09ed6b4b7b5156b3a40f5c0f8a04a4ae0988868b88780b13e83eabcc4cbcb37acf5c52dbcbe0c2924ed6fc2f557cf6a9f6d36ece8bf05ebb422f2a887b31c04f,CLEAR,DAYLIGHT,DRY,FAILING TO YIELD RIGHT-OF-WAY,2.0,40.0,3.0,3.0
09ed7672e7770efa131169bcf325b28b334c891edf965a62c0b6b02247f5bbaecd1f23c8f09be61dcf63f98afca4fcfb47142d89b40d6d7b03fb8504f953b811,CLEAR,DAYLIGHT,SNOW OR SLUSH,IMPROPER BACKING,2.0,56.0,2.0,2.0
09ed87d155c70a48446e9e11ba6a2196a3683bb96965320f9a076aa4bde048a9b943574d6430165f7a8593d43adb2022d6648f35746af0ed0e9594ce8d667b33,CLEAR,DUSK,DRY,IMPROPER BACKING,2.0,39.0,2.0,2.0
09edd641ff143ab15f625cea38301d07424afc934a43b77b5a1c483a979eef45e5c4a8e71185d4bc429b25801975b402cdc372f1ad3d5388b56db6ac4e5076e0,CLEAR,DAYLIGHT,DRY,FAILING TO YIELD RIGHT-OF-WAY,2.0,66.0,2.0,2.0
09ee0cd48551f0e1850ae43671c5c300f48e0a414933bcd9a920a1683471230dffa4d0800d2072fdf9d7fcbbd94b68eda84745d506c4ba1a60b61ec6f71fb36c,RAIN,DAWN,WET,FOLLOWING TOO CLOSELY,3.0,39.333333333333336,3.0,3.0
09ee1162d6cf7543be101338821d5f2b9ef790ca78a16c1ed12323cc4ded9ada817e834df672e5476b3766e2a89812d70b5f697db958ad84b0b5e58875b29d0a,CLOUDY/OVERCAST,"DARKNESS, LIGHTED ROAD",DRY,IMPROPER OVERTAKING/PASSING,2.0,83.0,2.0,2.0
09ee2bfc4d3bc3ae903213de07f8a820e7d6cf48ed09166e171e3f43bd9f2b30e1ecc11fe7912520ecb73de767c1ab65db5f2cb2477f1983327881d52788ae15,CLEAR,DAYLIGHT,DRY,IMPROPER LANE USAGE,2.0,61.0,2.0,2.0
09ee5a0d0a7be16963f0b45aa70a93fec89a498aa786daf441b9352ffc04f2226afc95c4f5990ff5b1f8e305cb21e2e662b980ac3e3a8b618aabd6c0e25aadca,RAIN,"DARKNESS, LIGHTED ROAD",WET,FOLLOWING TOO CLOSELY,2.0,27.0,4.0,4.0
09ee75aae1ee07187c0e7e2ea95acd27266b70af89a195e31e243ed50ab97fe3922d1ed75ac56330f598e8f5657ea7ad0e19146c741b598f682630ad5fdba75d,CLEAR,"DARKNESS, LIGHTED ROAD",DRY,FAILING TO REDUCE SPEED TO AVOID CRASH,2.0,27.8,5.0,5.0
09ee775776c7492da5716edbe9cf56a590adb742d6ce47d9380f9facbbc582b59d099f60c1d40c3cfacca548990ab1397feed81a764b801540c8525a581ed86e,CLEAR,DAYLIGHT,DRY,IMPROPER LANE USAGE,2.0,41.0,2.0,2.0
09ee81a7fc5469f2e3e0e89fd82380a9aca4a9ef7c54ed9e6ff030c869a578e83605c560d6ccc275e8030e17daa373d42a73ddc41ceb282b82a6a74b84fe7c92,SNOW,DAYLIGHT,SNOW OR SLUSH,DISREGARDING STOP SIGN,2.0,55.333333333333336,3.0,3.0
09ee8a13cdc749fc8dabdb9e7ea42d8ef7d74c486fc378c0c0517fa6ffdf8c53aa389c608db04b3d8e073ebb6e84ed2515719ce89d5f7b3f0a8a896b6262d1d0,UNKNOWN,"DARKNESS, LIGHTED ROAD",UNKNOWN,IMPROPER OVERTAKING/PASSING,2.0,22.0,1.0,1.0
09eedd14174d2b079d59dccb025ebd0396681cdb9235a8e2141dfa3e48270033dd8175e44ee1c50b741be460fd72d16a13197716ae5898a2aad2eae68a796b45,CLEAR,DAYLIGHT,DRY,FAILING TO YIELD RIGHT-OF-WAY,2.0,28.5,2.0,2.0
09ef175cf0ad2723e80934927fe67284a3c9f5e5247d3b877374dc58dcc3fc5d7e2ffe7d5927eb9e89154af27c09d8ebd88b0f1db42b4f51ec3d4db50794bdcc,CLEAR,DAYLIGHT,DRY,FAILING TO YIELD RIGHT-OF-WAY,2.0,50.5,2.0,2.0
09ef38db2688b2521ec841f1a4f6d4359585c2b5944e7702ba19769f2a70cc6ae2c34c7c896375b7ccb5f3921b378021707f94db2235eeaf7adc25a7fc2822c3,CLEAR,DAYLIGHT,DRY,IMPROPER LANE USAGE,3.0,80.0,3.0,3.0
09ef7352869b50d3ded0f53129c47401b4e003a77410206af0478fcd64826d60a88fe574c2f96ca2118f19507ea8a00a4e371e16f18a190ae6c4a5c72f511068,RAIN,DAYLIGHT,WET,DISTRACTION - FROM OUTSIDE VEHICLE,2.0,44.5,2.0,2.0
09efbab3a2db298136f7098beb4a8234424166f7c2452cd1517bb39c3ee882f99f5ad0b8fa63945503f499c00659aa7cb84895c48e61eda92de915ab6be9b339,CLEAR,DAYLIGHT,DRY,FAILING TO YIELD RIGHT-OF-WAY,2.0,50.5,2.0,2.0
09efbc9ee3a1753206824075980a839db407acb4b727bddc2f38796d4fc4659521c641079d750380c3a64a9557b3f26b3273d74006d27f8906a2be638158adae,RAIN,DAYLIGHT,WET,FOLLOWING TOO CLOSELY,2.0,38.0,2.0,2.0
09efbf0640a10b79313942327347a17ffa68ab700ca7da194079a87a73ca5c37e0487fe0f1721df8547efe8bdbdb46cdfc743e395ae5072670264a45cb7a3b34,CLEAR,DAYLIGHT,DRY,FOLLOWING TOO CLOSELY,2.0,47.0,2.0,2.0
09efd6cc434bac4f43204436fb344fe97286fd9a5cd31f5841f481908ccb08564b91a62acaf280bd6fc55655e5624bea337d43fec8a269e09d26636dd3d89506,CLEAR,DARKNESS,DRY,FAILING TO REDUCE SPEED TO AVOID CRASH,2.0,24.8,5.0,5.0