crash_record_id,weather_condition,lighting_condition,roadway_surface_cond,prim_contributory_cause,total_vehicles,avg_driver_age,total_people,total_injured
09f00ab7b07d6a25412e60a0f01de737ef06b9de10af2588853ba9725003f68f8c9c90f4a0bdd8e34d9266ff0c8d7210f6a61d2e18e09ad20e1baa974833e56a,CLEAR,DAYLIGHT,DRY,IMPROPER TURNING/NO SIGNAL,2.0,23.0,2.0,2.0
09f00f57aec6f4b9320b075e01ef718c4b83aebfc608deaa9f1ba38b90adf532b9cc33b710c89622d7f110fffa8af4ef6be7c9058a410e57d47c135840b9f648,SNOW,DAYLIGHT,WET,IMPROPER TURNING/NO SIGNAL,2.0,37.0,2.0,2.0
09f013baf084768e525e940798ee0d5d3374b392f1c08c58abda14d55f6fd2f215e2085398678539bc9b8051f5a06b799f64dc84142e244084794a5415286523,CLEAR,"DARKNESS, LIGHTED ROAD",DRY,FAILING TO REDUCE SPEED TO AVOID CRASH,2.0,44.0,2.0,2.0
09f019bb10362c11c343c33ae0b9365d00b39e26c3b968b6b341e97ce2a778701983aed2c98b1672fba6cd1cf2338d8b218eb65d990870f303b5a4fa0dd1d8fc,CLEAR,DAYLIGHT,DRY,DISREGARDING STOP SIGN,2.0,21.666666666666668,4.0,4.0
09f023052f08838a02c6be5a88ee780446741c184c1bb5c67533f63c6d594d972de137e20d98cfc13552487414a3f6add8dca506160ed67108a71ad6e7dfde78,CLEAR,DAYLIGHT,DRY,FAILING TO YIELD RIGHT-OF-WAY,2.0,53.5,2.0,2.0
09f03cf3b2afef8b41adb60a634658a4a4655fee0e66e8f7270b2b38bd8706454ea5d6cc01bd1adc77654e8e04cfde254f027ac999988226a13f380903e1bfda,CLEAR,DAYLIGHT,WET,FAILING TO YIELD RIGHT-OF-WAY,2.0,41.333333333333336,3.0,3.0
09f062be376582b9cdac449cd217662521e3ecd4ba3222d04c54c8bb27809f678c79f9039aeb5d76533db55d89bb4a7eecd8fd7006575c417f7af058bcb87059,CLEAR,"DARKNESS, LIGHTED ROAD",DRY,FAILING TO YIELD RIGHT-OF-WAY,2.0,25.0,2.0,2.0
09f0af67bf9f91e7254009d31febdb6b4650f9f35a2c9425d7455d3ebf4fe2249bb73f55f25d9aaeaf1aa6eaa6c39438503c7aef68b8b55f8adaf2c38bda21cf,CLEAR,DAYLIGHT,DRY,IMPROPER OVERTAKING/PASSING,2.0,33.333333333333336,5.0,5.0
09f0c88205c32d745a31c7da563724cb86b0b35ce8d91237c9f42a1db6bf7e288c7cff271e142190a6eb780d670786beb5542b3909c075d1f67151100ce19695,CLEAR,DAYLIGHT,DRY,IMPROPER TURNING/NO SIGNAL,2.0,17.0,3.0,3.0
09f0f20b5e933980f51ac73d7ca6873ba7821df791e4ccf845274ec80bdef54765318310ba1d166d0a5b787dc0bda2f09fde819df1845d0916c434ca2b91a22a,CLEAR,"DARKNESS, LIGHTED ROAD",DRY,IMPROPER LANE USAGE,2.0,43.5,6.0,6.0
09f0fb0a5107b4984d9e5fe36ba5ee8b9a618f35fab8192de0b6f6cf29fe55c4d12ee8b3c426f402abfe2237a112293c2df0c2541fc6f9c3fb3144ff993817c6,CLEAR,DAYLIGHT,DRY,IMPROPER LANE USAGE,2.0,60.0,2.0,2.0
09f0fb5fe5327325adf5d286fcd3ea30d51a61ec31bcaff9686ea0ab63c767bd503640022943a96dfe677f519cdc18578a01b4b409cd34050733d4fead352fa2,CLEAR,"DARKNESS, LIGHTED ROAD",DRY,DRIVING SKILLS/KNOWLEDGE/EXPERIENCE,2.0,37.333333333333336,4.0,4.0
09f102d2cc9f174274ab01e440e560d5bded0cd208211fa1f65d06889829d7bbbd1edcdb1c46993fdf3b1ab0a6e7a418e0183912c4cfc93df9d55a3a522c800e,CLEAR,DARKNESS,DRY,IMPROPER OVERTAKING/PASSING,2.0,61.0,2.0,2.0
09f1199e1f90595e24b8883065586c1289880f3cc6c3146dfd45ac3a1c3ca5fc0123109cc6c68b417f47db3054e796a01673afb683159c5ee5e1980ff7e099fe,CLEAR,DAYLIGHT,DRY,FAILING TO YIELD RIGHT-OF-WAY,2.0,19.142857142857142,7.0,7.0
09f172908c00366e94b3167127718e91b7684763cd29f93fa1a2ce19c0f3876bb8763dca138131b5548d8a74d7966f03ed66ba147f4a82caf56ed20fda500e99,CLEAR,DAYLIGHT,DRY,IMPROPER LANE USAGE,2.0,47.0,2.0,2.0
09f17328f7fdd0c15f14276100da4ea662dcacf6f688aeb46d7faba4c96325d0c549aa2e4321f7207d5e7ce6fb781987afb4ba0cc094fe66e802b255551bcfa2,CLEAR,DAYLIGHT,DRY,IMPROPER LANE USAGE,3.0,37.5,1.0,1.0
09f17901d9ce95ecc258064c71efa8f5f3ae2aec03ab854432ab1ab6d994755231546da7d911ddb4ab6b3bacc9ea8e0c566ef71c73abebaa0a5b1b0a7c79415f,FREEZING RAIN/DRIZZLE,DAWN,SNOW OR SLUSH,FAILING TO REDUCE SPEED TO AVOID CRASH,2.0,52.0,2.0,2.0
09f179906156088b28c9b22c5bb53b7430772016eee604326022b30af6b79f7a93f71f71eabbe5cf5100c3468a511dad36188dc0f2411f6083aa01c0eb5f104f,CLEAR,DAYLIGHT,DRY,FAILING TO YIELD RIGHT-OF-WAY,2.0,51.5,2.0,2.0
09f18dd1df57be6fff5127484e108dcdd3997abc49b70c3c399943c4df258d564345f3ebf9a25f97fe3d94741da8fd447631b9a3eecab7dabd4ba9f14b255546,CLEAR,DAYLIGHT,DRY,FAILING TO YIELD RIGHT-OF-WAY,2.0,25.5,2.0,2.0
09f1b89d7e5fa1e6b42563a5dc22a0ff14fac8a702d63d3083d4f57767d9876d22790bf02922b92381fb813367de048710e5bc96ce75b4766142a6f7908e165c,CLEAR,"DARKNESS, LIGHTED ROAD",UNKNOWN,DRIVING SKILLS/KNOWLEDGE/EXPERIENCE,2.0,37.5,1.0,1.0
09f1ba541554e3a24957671c51c83d315713da6a85ba1c7ce56d767f8354bc2a71a3e00d1e7448d9a3b6335a1c200f2995100a3bffda8897dfd72cf92a78bb9d,CLEAR,DAYLIGHT,DRY,IMPROPER BACKING,2.0,54.5,2.0,2.0
09f1d20970feb59dacfc820a6d198910237e10eb157df1eb713cc530d056d8824353a49488e54fe53642b361f6f6ca5306632d3ff7d426443504571949a64022,CLEAR,"DARKNESS, LIGHTED ROAD",DRY,"OPERATING VEHICLE IN ERRATIC, RECKLESS, CARELESS, NEGLIGENT OR AGGRESSIVE MANNER",5.0,37.5,2.0,2.0
09f1d57eca37ebd98892d3ee66ea954e91b58209b56e80dc2c315d3c6508b57bf8d5e13f8ef7efbc3702a3bb231c3f33f114c3e7b1b7764113c17833eaf0be70,CLEAR,DAYLIGHT,DRY,FAILING TO YIELD RIGHT-OF-WAY,2.0,36.5,2.0,2.0
09f1db7c1f1973b104f864e9c433112c15f76eaa1ae8439eb5ab543bd7a15cbb57d075934d51ac48f1b061af55d3c7b205e163654e7b97576b1b3a3d735b0946,CLEAR,DAYLIGHT,DRY,IMPROPER BACKING,2.0,37.5,1.0,1.0
09f1e09abccdb0929d23a78c60be2e92b185bc1e1f70cae51dab24bf5dce968eed1f54d82b6e8f7cc1b80c1cc19aab7561c3f15a79ed7202034f966e20d97de5,CLEAR,DAYLIGHT,DRY,IMPROPER BACKING,2.0,42.0,2.0,2.0
09f213a2cee3f800fc91153b890149e0a9a09759009317eb6b5d4370e66637b77c3abe6b7e7869266c21ad84280f05fff1db2c4cb8b9b3cdd77fb224a8685a29,UNKNOWN,DAYLIGHT,UNKNOWN,FOLLOWING TOO CLOSELY,3.0,32.666666666666664,3.0,3.0
09f23b4d664104c774aa0e7da8f9698a27b20b62dde275d17a29de37c2334cae97f829a24cdd7177a9905b5af258c6363df3e57cdc2b7c6a0d98a2e75499f111,CLEAR,DAYLIGHT,DRY,FOLLOWING TOO CLOSELY,2.0,36.0,2.0,2.0
09f287491046f26ae8b59e10488c8233f9cab5df262ebd2a88ded1ced12852571bfbf71db6bf109fa62fefc46531f0c464ebf251748df77313d6957872ea6a99,CLEAR,DAYLIGHT,UNKNOWN,FAILING TO REDUCE SPEED TO AVOID CRASH,2.0,45.5,2.0,2.0
09f298297fc604a0c883d64052fee3a7f2c5cb59766c41d4d32c551854754983b2b3fe0831c754d431f9adb6e6af558a5f9f78b6a66cb3db883590ca30a8b556,CLEAR,DAYLIGHT,WET,FAILING TO YIELD RIGHT-OF-WAY,2.0,22.5,2.0,2.0
09f2b2899485373d38afa3a45ffe6111e992ccc0042c66cbd5b39026fe3a3f2b78a2e83dd7c18b2e24a5fb01e6f01d171399618a52c01e5d41463e58e2363a6f,CLEAR,DAYLIGHT,DRY,PHYSICAL CONDITION OF DRIVER,2.0,62.0,2.0,2.0
09f2b5a6e740a718bd76b209c863fb734bd7ad8fe04f276f93a55bb5d0fd91f42f3aa75249895744a2b44326d26e6048b497c4f40d634f9ee4734d40ffc3cf8e,CLEAR,DAYLIGHT,DRY,FAILING TO YIELD RIGHT-OF-WAY,2.0,24.5,4.0,4.0
09f2bf056a7c1ede83cef920aa7653492fa0c2a63945df70a5e785bcbc36e31369a3e307ea17a1ae360f5ed7cf38b960bdafd4fb385d76259a5cbb9f4e570354,RAIN,DAYLIGHT,WET,WEATHER,2.0,30.5,2.0,2.0
09f2c264285f5606d8c3e853194561117ba99e6657e30be0c65fb76bf3799190318ce3f7a1afd63b2b13044c29219a28d31d5d5a59cf198e1cfed7c1f3787ba9,CLEAR,"DARKNESS, LIGHTED ROAD",DRY,DRIVING ON WRONG SIDE/WRONG WAY,2.0,48.0,3.0,3.0
09f2d3ae254480b5fbd9d8ce3d594b4751440178b393f6523cdbf4f4b46d129930acdecb070bb809caab2a271ca6db7ea8b18be58a78dc867dfcb5d1f22f4a25,CLEAR,DAYLIGHT,DRY,IMPROPER TURNING/NO SIGNAL,2.0,35.0,2.0,2.0
09f2e08295b7442c85938dd264a41930490b3523203823de0a08a40c8661058cbf03947c882fc0684d3c5f851eb85afd93b22464c8f10e45b2a6d935584d441c,CLEAR,DARKNESS,DRY,IMPROPER TURNING/NO SIGNAL,2.0,23.5,4.0,4.0
09f2e41f060de141445302e7a2a9fe459973db1d9282f366fc6bc49761e5e778ad3b4d9d51bf8e2613883f427b118f9172612da30cd852f811dcc138cbbc3d17,CLEAR,"DARKNESS, LIGHTED ROAD",DRY,FAILING TO YIELD RIGHT-OF-WAY,1.0,32.0,2.0,2.0
09f3117e34f14baab4b643809c436681dfb1639a0df7e0c7a797ddf0dbab2d1b65aef502b02dac8bd924889756299cfb8fe1054c8e75ac8e4b94e07d6e6517b5,CLEAR,DAYLIGHT,DRY,FOLLOWING TOO CLOSELY,2.0,69.5,2.0,2.0
09f31e55f9e8bf591afef72d61b2736c507af32f76c806c4ef3d792f749d9b5764817abe8bf1877b2b92f77158501c2324f373ceca0a37b0ca9b750407f9f028,RAIN,"DARKNESS, LIGHTED ROAD",WET,WEATHER,1.0,32.0,1.0,1.0
09f34acab5997ed4126166152a338b9a70969562e67dd098c3d7227bce34ab0b7e93da30c9e7b3ccb2dba022daeae3277fbc8bd1d77c01e41d883c8f6ce8cd1a,CLEAR,DAYLIGHT,DRY,FOLLOWING TOO CLOSELY,2.0,32.0,3.0,3.0
09f35b95cca79fbbfee157a47a78ec1202956e0146ff439ebd8d357c90b0ec0ff835880f4ebe3e4d83d8916b624b797f2a776d9df4b39016202d44ade956a125,CLEAR,DAYLIGHT,DRY,DRIVING SKILLS/KNOWLEDGE/EXPERIENCE,2.0,37.5,1.0,1.0
09f35fcf6473f1b23066957188b6ca40612ba08f7d4eed4e7f90e8ed9f990c2036f7d768979672c3737d0e94f8ad1b7fe42551d1437f2b828696ac85e490c7e2,SNOW,"DARKNESS, LIGHTED ROAD",SNOW OR SLUSH,PHYSICAL CONDITION OF DRIVER,2.0,41.0,3.0,3.0
09f368e98940ec5aeca98976d71deae1d709d9dc03082e9482140e9d98ffacf219de0ebf413a30043bb397b00437231b83dc6f743499d2d0836ba584c5835a6f,CLEAR,"DARKNESS, LIGHTED ROAD",DRY,ROAD ENGINEERING/SURFACE/MARKING DEFECTS,1.0,31.0,1.0,1.0
09f386807c1056e37a78db9f9debc250f3a4716e418a05d5a9e35f80ca38543280b73c72eb068a20cfaef5760780c58bfb7a3a1f91fb635c32234ed96ed1463e,CLEAR,DAYLIGHT,DRY,FAILING TO YIELD RIGHT-OF-WAY,2.0,34.0,3.0,3.0
09f415115a05899d3bb29fe7d021118fd55896fd261c82222c7a5a646c30574c046f49dd47f81fc1c0c5cfa8896060890e90b29705f69b77dc3698267fca7ea2,CLEAR,DAWN,DRY,FAILING TO YIELD RIGHT-OF-WAY,2.0,28.333333333333332,3.0,3.0
09f4278e32745d450085e605338ba3c4e10519759b98b2793ce7517d5ba74f42ec26eadf473f432b55e1fbfee190659f2193921848249398b5396b8ba17f99ba,CLEAR,DAYLIGHT,DRY,FAILING TO YIELD RIGHT-OF-WAY,2.0,37.333333333333336,3.0,3.0
09f43964395de0524ee6d3677ae2ae4be0e6b477de189e112f644467284e9354d554181501f2228b43320f0971052c8ecd2c81132e1a362bde2f85e17809053e,CLEAR,DAYLIGHT,DRY,FOLLOWING TOO CLOSELY,2.0,53.0,2.0,2.0
09f45f8aa5e7ee6bbe2d41ae566ce16d1bd1de73f658708f14350f9bceb120244e10c1a0e6f686f9d6f025606d91caf34591ed6980cf360658fc6a1855a8e605,CLEAR,DAYLIGHT,WET,IMPROPER OVERTAKING/PASSING,2.0,23.0,2.0,2.0
09f470a66a993cd5e529ea81316ff9c97b517c10d5eeb99911b8355182ce7d49563b33232e658a43e71c1810c2ee3c08896c37ad2376b928947a3ed8758bc941,CLEAR,DAYLIGHT,DRY,DISTRACTION - FROM INSIDE VEHICLE,2.0,43.5,2.0,2.0
09f477b40b5d462919e996f50f8e1c082d6297b2a9357dfca93dd1a1f73261d81ed973c9b3088e7bf301b4afdd9ff5e56f3db51afc25b5f55f2ab148600f6e31,CLEAR,DAYLIGHT,DRY,IMPROPER OVERTAKING/PASSING,2.0,52.0,3.0,3.0
09f47990296e03b7041122600c0abe11e1642f4a67e444606f89dc3260e65655633d338b4ce315bcf5c7339ec03a6f6c964c187ed27fe2eb402c96a405c26f48,RAIN,"DARKNESS, LIGHTED ROAD",WET,ROAD ENGINEERING/SURFACE/MARKING DEFECTS,1.0,40.0,1.0,1.0
09f4c6baed8f41b5f0df9e6070003c0d3c095c970e6d1fd077fb363395acb4709eb19b55d43cfdcb9b13d3e1c95cbfe752f1eff59acfc9271c708fceba2fc6f7,CLEAR,DAYLIGHT,DRY,FAILING TO YIELD RIGHT-OF-WAY,2.0,39.0,3.0,3.0
09f4cfc81c045b03f8361e9273f12fc9be7b25a1258fad51397e77a1e60a1028fe0e28cedd661c703b76eb6cb080c2ef8cad9de85883b05623442c896a685b27,CLEAR,DAYLIGHT,DRY,IMPROPER TURNING/NO SIGNAL,2.0,46.0,2.0,2.0
09f4eea10bb7f0cf849f0349ff734d66d3d4e8e3802f1457d2941b692b44be9d22f4b1e62866bdbb3a7ccbe53d4eb18d0eface3d787206f7f41d0b4307028550,CLEAR,DAYLIGHT,DRY,IMPROPER LANE USAGE,2.0,30.0,2.0,2.0
09f4f6cbfb1a5f97af139d8ba255ec11c85aafad840a9f5a8c78ec05bfa5e946a6f97fab05ec47872a718039e190708097a2059177bf207d2f5be2f602ab9d8c,CLEAR,DARKNESS,DRY,FAILING TO REDUCE SPEED TO AVOID CRASH,2.0,40.0,2.0,2.0
09f591a3e66fa2bb8661c9bb3696426e6df6544083e8abe7b2a420b041cc706aecf20aeefc1dfb9c8587d687c0b1d613e6e5061a8c229c9e0bded546f2797219,CLEAR,"DARKNESS, LIGHTED ROAD",DRY,EQUIPMENT - VEHICLE CONDITION,1.0,29.0,2.0,2.0
09f5cd6b06ab1409bded8a667bdab8281ec3fef554c4568407e3b3fe5865a3f77fb09510c6db74a03a018171e4a76a5f88007a2e975079355876531a63012a07,CLEAR,DAYLIGHT,DRY,FAILING TO YIELD RIGHT-OF-WAY,2.0,46.5,2.0,2.0
09f5e5aba7e158012e292462c9d3d7f1b06d85ae5f146a46cc8c95692839f18d0519e44ffa1e26c1f1008e67f0a58b0b0719875f53f47d8d5b0f9071d819e2fd,CLEAR,DAYLIGHT,DRY,DISREGARDING TRAFFIC SIGNALS,1.0,20.0,2.0,2.0
09f5ed3e5cb04c1dce156c9be3c80aecc3e6208a687f956db3ad670e62a7b9d6e07cec10054086254c1e72a20bea178b243a5f12e15e45d2a2437a610d046b35,UNKNOWN,DAYLIGHT,UNKNOWN,FOLLOWING TOO CLOSELY,2.0,37.5,2.0,2.0
09f600ceb2fe76e529b87afc367956df0062d2e1de1730f5cfd3404a00c34a78fb202ebd879d129ebf3df2084af847f3f7765014165705e6eea5ba183e22a141,CLEAR,DAYLIGHT,DRY,IMPROPER OVERTAKING/PASSING,2.0,37.5,4.0,4.0
09f620ad4694aa768b8178d7c3884f149d1136eae2512296883d790c3d5ecc59bb41ef381f23482c4b5a5d45225bc25a2813264117257222ed590c328fc97070,CLEAR,DAYLIGHT,DRY,IMPROPER OVERTAKING/PASSING,2.0,55.5,2.0,2.0
09f658ae3266d7f1985ed7206d99c6c28e911dd116a8da96d56afa08724d62fba3a11dcf986aa2dc40980bc298f069eb732dba7c2cc71aac99924fbafbc02e06,CLEAR,DAYLIGHT,DRY,FAILING TO YIELD RIGHT-OF-WAY,2.0,37.5,3.0,3.0
09f6710a7eb1a819f5ab731b731a13a365a07667453e514800c78801da8d445e43fece92b29d182d5572807c9f44805abf018cdd878f0ddb32db43f3cff49f00,CLEAR,DAYLIGHT,DRY,IMPROPER TURNING/NO SIGNAL,1.0,21.0,2.0,2.0
09f6858844bb53a9ece07a88d3808bc4042a5f70f220e086e41721347fe3fc9c20b4ddd410669d1ce34c3747d4eabbea44243ae98614e0b616b12fd79bb25cb2,CLEAR,"DARKNESS, LIGHTED ROAD",DRY,DISTRACTION - FROM INSIDE VEHICLE,3.0,46.333333333333336,3.0,3.0
09f6ba28814c531d6eeadcc3627241edbe26496082c325d583594420d610053d851ec88d78ca070e194445c1b3a36f73ee84d4b36f6e7b23d26730d253f31f67,CLEAR,"DARKNESS, LIGHTED ROAD",DRY,DISREGARDING TRAFFIC SIGNALS,2.0,40.666666666666664,6.0,6.0
09f6d8607d6584374de91e90e153b32ba0e4d483aa0bebae15342584d586b4a2c84c3d0778c65d838bcc7904fca71f214ee0eb71c113ef94a7078108016be382,CLEAR,DAYLIGHT,DRY,FAILING TO YIELD RIGHT-OF-WAY,2.0,15.0,4.0,4.0
09f6f8552603fdf346d4ca891f4f0d11555e8b62e7c180342724b4ec47b43ba25299082275f807944564771eeb9ad52e9e8aa9a350a349683a4550ccb5e7ebf6,CLEAR,"DARKNESS, LIGHTED ROAD",DRY,DISTRACTION - FROM INSIDE VEHICLE,2.0,49.0,1.0,1.0
09f6fba7be488121f8c0c2fb124507bddd7da44ef2c717368791eae584d6ba54a03bfc5c9d35f15c9ca836ad22d498fcd234b083c54b725f2ed071bc104e94a6,CLEAR,"DARKNESS, LIGHTED ROAD",DRY,IMPROPER LANE USAGE,2.0,45.0,2.0,2.0
09f7165b6aa0d16148b924f935fe089c43a076a6c0097ecb515bd8128e9856f8da68441a140f4c14a599f7a01e472ff0c507ed827e4f0aaf37c52eaf76d2205a,RAIN,DAYLIGHT,WET,"VISION OBSCURED (SIGNS, TREE LIMBS, BUILDINGS, ETC.)",2.0,34.0,5.0,5.0
09f7212029c3fc5614e40bbe2eab4dc4f9feca71ea178cd911b06f8e706b0223a9048b910cd4dab9cfb5ee5d4fdb70555d00fd01e66d6d4acd95fe76e225ad2b,SNOW,DAYLIGHT,SNOW OR SLUSH,IMPROPER OVERTAKING/PASSING,2.0,50.0,2.0,2.0
09f78aafeefe9f3f1e8670a1f8b1d34a45f04aff660ce67d9304e4e29505215bb3455071fffffa01c3ed1ad39b920ece805ac37b92451650ebd28c57567f110c,CLEAR,"DARKNESS, LIGHTED ROAD",WET,FAILING TO YIELD RIGHT-OF-WAY,2.0,32.0,2.0,2.0
09f78f7c73c591a64ebe6005ec8715ad3784cdd10cdf566bdddcf2cd8d6b34b40554394bf97d6b43dd8148ba59c4e11f6c2f21942ac6f00ffc90cb95ff16ea6a,CLEAR,DAYLIGHT,DRY,"VISION OBSCURED (SIGNS, TREE LIMBS, BUILDINGS, ETC.)",1.0,37.5,2.0,2.0
09f793d38b964392834a47b4abebcbff5242f33fe9cd19d1ac9a4112971af9849f3443e7c3942f230741284fa58baf415905ca87d1a38aef1d2b6fd507932f4d,CLEAR,"DARKNESS, LIGHTED ROAD",DRY,DISREGARDING TRAFFIC SIGNALS,2.0,24.0,2.0,2.0
09f7d013fac4e758a23dacbdae79c2cb882b35e565d7dbdd373cd9e767647c0fcfd3ecd1067f46f8720c2a6b456c1be64719e7f859b98329434445c6e9a8e1cb,SNOW,DAYLIGHT,WET,FOLLOWING TOO CLOSELY,2.0,28.285714285714285,7.0,7.0
09f7f44d94d24c4368ca742a837d054ce09da581d8328be20ae442bf3984e39cd4605632896514dbd39a31e7cc846a887b60a9bdb0db8380ee392d6c0f0e9633,CLEAR,DAYLIGHT,DRY,FAILING TO YIELD RIGHT-OF-WAY,3.0,33.333333333333336,3.0,3.0
09f7fbe1a29b26abe232e75fc032af353853f5ba08c3287f331defd1ec16e7bb2b3a6d1a0f32dcff5a9f5afed62032c346c4dee9b04c711f7308bfaf1d5efabb,CLEAR,"DARKNESS, LIGHTED ROAD",DRY,DISREGARDING STOP SIGN,2.0,32.5,2.0,2.0
09f8275d0b9ebd8b979188dff3abdd58222fefce7ecb80ef55c114883694b50d80d158c191238be93d39d4551291b960143555a0008dc979a32f462b60f6074a,CLEAR,DAYLIGHT,DRY,FAILING TO YIELD RIGHT-OF-WAY,3.0,34.666666666666664,3.0,3.0
09f8547ffb03a90bee22926dec280ea1ebdebe2036ee892e4268e4d2f810edfce62b91b633b75919c8f2c60f67ba124aa4eb6df2ba20061a81374e904f9ffae3,CLEAR,DAYLIGHT,DRY,DISREGARDING TRAFFIC SIGNALS,2.0,40.0,2.0,2.0
09f86c39ecf220d308764431cc06297214ad8c96428e99a70f8f17f026a8dfca59f0bcd9c7071ac5e1479bc0cbd7279c4ecda4381364b4e833a85f2cd9dbf29e,CLEAR,"DARKNESS, LIGHTED ROAD",DRY,EXCEEDING SAFE SPEED FOR CONDITIONS,1.0,37.5,1.0,1.0
09f884aeeb0c0eff46a3a934f274cade3894418cb62ad6f3d42d5f3142dc2d2853aac6f9ded7d5ac938e33655c23f8c9a2c0aa3935ac9f0d1246292c50f731a9,CLEAR,DAYLIGHT,DRY,FAILING TO YIELD RIGHT-OF-WAY,2.0,24.75,5.0,5.0
09f89220fdfbd45ca4bbe923ec729821b1fc3a0aab06ebe8f5117f25182a38ca5afe4113e915756a398737e91abb7842d64e09d6a1c8cb59dd1ef2fe0d8d6467,CLEAR,DAYLIGHT,DRY,IMPROPER BACKING,2.0,37.5,2.0,2.0
09f8b9b063133acdfd2152844b708ea2631fbf08413e8eb56a07ece5b42502d17d9a1489696cd1870eb0fce4451a41fced011f484d5a91c0bcb7b3978754c45f,CLEAR,DARKNESS,DRY,FOLLOWING TOO CLOSELY,2.0,32.333333333333336,3.0,3.0
09f8d7ea1cc425c918a445e983fe2758012878b9fbb00e8dff37630e3e9f5fe44ac6e1c29c457460f7ded3a737ad81a8f8be3554cf9b808b11d9c20bb00ec902,CLEAR,DAYLIGHT,DRY,IMPROPER LANE USAGE,2.0,45.0,2.0,2.0
09f8e973f9a5cebf0b8ae5eb49505cb96c261009dd8f4c3215db086abea8ea8a046b2e5a253874c7b86a98734eefa4ba0f1b7b79dd0bff6d553a56b8fbe38de5,CLEAR,DAYLIGHT,DRY,IMPROPER OVERTAKING/PASSING,2.0,0.0,2.0,2.0
09f908a035dc578ddd1808806d865fb55aa7878779cd3f87e7f4922ee7eb3416070b310b9cb0d06aa411e4303f014e6454e0fd82d76d065956021a21f6905e07,CLEAR,DAYLIGHT,DRY,IMPROPER BACKING,2.0,46.0,2.0,2.0
09f95fac46c883808f665d50355703aab2957775c2ab3beffc3bc84c66b5b38c97a8ae30193ae2cd377fec7ffa2da7cda81cbe956e77774c0f31079a7da18762,CLEAR,DAYLIGHT,DRY,FOLLOWING TOO CLOSELY,2.0,37.5,2.0,2.0
09f960e56e2d91c96610b8df5007aa768cf34d0ee4d7315bd3bb7908f6b274959214bcb0fb165b9343deefd4304db68f0b5d73b00100242f38fc03fe4bd2a28a,CLEAR,DAYLIGHT,DRY,FAILING TO YIELD RIGHT-OF-WAY,2.0,19.0,2.0,2.0
09f98a5f74aa6425c8863e57b81f44fdf7900db43f060965c8896786814cb008e3685f9ea61af24a6e667c5106c4d4785e000e73f9e298b93eb5d1d180475f49,CLEAR,DUSK,DRY,IMPROPER BACKING,2.0,36.0,1.0,1.0
09f997fee9fd6ff9219fa09dd8ab36b19a3edbbcc56835e1e81f505adbfcffc7d8760ffd59b12b7c02c4b4590ea5f9ded3abbe988e401b7f0caa788cac192659,CLEAR,"DARKNESS, LIGHTED ROAD",DRY,FAILING TO REDUCE SPEED TO AVOID CRASH,2.0,39.0,3.0,3.0
09f9a929dab70f8ec423b9d4fe7c1aa14cb2e6d7fc586b5dabe01ba271dc1a3c74506fd5c51c07e294dc334121a18f9df5148ed9d3404f79920a478d40a96ad5,CLEAR,DAYLIGHT,DRY,IMPROPER TURNING/NO SIGNAL,2.0,30.5,2.0,2.0
09f9ac1247f604c42f726bdfa827f753063b9e58d17ce483473f7f9d23f420fb326460b0d068005f5a8b2f3180552676598c054b1243b15d3f62e1929f5d018a,CLEAR,DAYLIGHT,DRY,"OPERATING VEHICLE IN ERRATIC, RECKLESS, CARELESS, NEGLIGENT OR AGGRESSIVE MANNER",2.0,22.0,1.0,1.0
09f9aee8ae4c46db862330bd1b3b583620bded18cb6c3877ff9e2d219b59a7158988b434876036be88dde47d358d155f985a4c7d038715b921382b746b619c27,CLEAR,DAYLIGHT,DRY,FAILING TO YIELD RIGHT-OF-WAY,2.0,64.5,2.0,2.0
09fa1d0825f3f438e3d0ace0105f1b29e123421f70783680773b16b42bf1f3e2006763f7471067344b4ad689565fbbfd78c7664e74b5e187a83f2df205922ba0,CLEAR,"DARKNESS, LIGHTED ROAD",DRY,IMPROPER LANE USAGE,2.0,30.5,2.0,2.0
09fa206a37b67f376189bf8e73858b00ab0f944c33ba9c029cc50067fb6120a4d324a19a33fc9e7352cfae2450ef6013029765f71864b2455b702a86ca65af89,CLEAR,"DARKNESS, LIGHTED ROAD",DRY,FOLLOWING TOO CLOSELY,3.0,16.857142857142858,8.0,8.0
09fa32633948383751501931667aa451f1dd99654c6a570523d6bca1f3fd31ebcade34f8699af159d4385ac9eb285e704891aeeca956d9b3022542b24c69869e,CLOUDY/OVERCAST,"DARKNESS, LIGHTED ROAD",WET,FAILING TO YIELD RIGHT-OF-WAY,2.0,37.5,2.0,2.0
09fa42617728032f5e7f62155dc967e01dcf48812f1454f21ca77f553619744c5f9f0f9be71955104f31b73daf083915016191c91290d55bcd470895492dddb4,CLEAR,DAYLIGHT,DRY,IMPROPER BACKING,2.0,37.5,1.0,1.0
09fa45358587af7cf20440cdcfe2670ea5e5f8c220e88706dfc47fd7ebf46fe9a25e8e6aeffb604a809ff4fe8c908bff94ed4a6d50c20ebc28da3ef604fab35f,CLEAR,DAYLIGHT,DRY,FAILING TO YIELD RIGHT-OF-WAY,1.0,41.5,2.0,2.0