crash_record_id,weather_condition,lighting_condition,roadway_surface_cond,prim_contributory_cause,total_vehicles,avg_driver_age,total_people,total_injured
09fa53c02124477759a1806904b985bb734043733ad3e5562b8e62c260fe98af77598505a61d03999626d713e817c2d06efe7b8fcbc450fe361af7016e0311b8,CLEAR,DAYLIGHT,DRY,DRIVING SKILLS/KNOWLEDGE/EXPERIENCE,2.0,35.666666666666664,3.0,3.0
09fa57e5f64b3a4a9b024cfa5e5c5388bd01554acddcf51ca99f1eafe406c8769ffadb38321c9cb89fb55826e3a77322c06b0f86ff08446653f407ec445fd178,CLEAR,DAYLIGHT,DRY,IMPROPER LANE USAGE,2.0,25.0,2.0,2.0
09fa6d161dec1ceccb325e043af27484d5169c40b9710212ad1cb644433827c029e997d7507c8e1fc3b1ceac4534851773b70aa2baf362ef3f63e7e822d3b8b2,UNKNOWN,UNKNOWN,UNKNOWN,IMPROPER OVERTAKING/PASSING,2.0,49.0,2.0,2.0
09fa714d595cf0f6a2ec1b8f596ec086ffb7d765f42179a5af3f9264dfac8036124a8e11e037d36a60117a6f7c88f78327653939fbcc8c16a53a6b1d9d020668,RAIN,DAYLIGHT,WET,WEATHER,2.0,41.5,2.0,2.0
09fa788a91be5520080eb9653daa13efda3d6964dcfccfc2f16e43c82149b353fa508e08bb2816270adad3054b7e5c8cdc8ceaaaf412b32318476f483a16d57a,RAIN,DAYLIGHT,WET,FAILING TO YIELD RIGHT-OF-WAY,3.0,50.0,3.0,3.0
09fa80bfa84fcbc05d50d18a88b635eef46554b5f3c92312be2169b326fe802b6498983aa09a13e65a658aeb3b649753321d3cd82bc77bf1828137b48dfd88c0,RAIN,DUSK,WET,FAILING TO YIELD RIGHT-OF-WAY,1.0,0.0,2.0,2.0
09fa9322624e44fbb65aca2fed45e02dba4415a8a7b4ac3db7f0de7ca96398552efdf04f6037d3639fa761e884886956f07b4d1c9ea94d6d2243b49c3d1f0859,CLEAR,DAYLIGHT,DRY,FOLLOWING TOO CLOSELY,2.0,37.5,2.0,2.0
09fa98ae1a2679d2c05fea9af39e81ed43daef28397f23322e7f55850d15be294b09fcafb5bc5838c80353b394974607db192a9b25d712a1451be8ec2f5a8b8d,CLEAR,DAYLIGHT,DRY,FAILING TO YIELD RIGHT-OF-WAY,2.0,74.0,2.0,2.0
09fae77b7f70d1015741cd2757094051f5a278bd85761817780bdcac1ee99f79cede27347e96ec33a42c1b6da7a728ab70192d4663c8a77191290e11bb348578,CLEAR,DAYLIGHT,DRY,FOLLOWING TOO CLOSELY,2.0,26.5,3.0,3.0
09fb033192b99505c3967ebd91f75c5f45d528f896546c3feb54d5d20ce9e77e44c3fefefbe08be32bcb35e5a5c62774d97a139a1b5dca6110edf793195e4795,CLEAR,DAYLIGHT,DRY,IMPROPER LANE USAGE,2.0,36.0,3.0,3.0
09fb36a6b766f75d55af530691271046b9e8f47bf934b04b1b89fe5a0f34ccb78d1b0b3910857a51dd386a2374664de38b09487d8e87fe1583f64778ef4b7255,CLEAR,DAYLIGHT,DRY,IMPROPER OVERTAKING/PASSING,2.0,43.0,2.0,2.0
09fb3d8b0645c86a05fd5aa77e5dba330b3d8ec6d186550ce58181d77847272e408755b154bd401984dda880203562fac83ac3d43565e009dbb5e63debe978f9,CLOUDY/OVERCAST,"DARKNESS, LIGHTED ROAD",DRY,FAILING TO REDUCE SPEED TO AVOID CRASH,2.0,23.0,1.0,1.0
09fb44984ba06fca613810f6a6ea330d1a95495a72295d0e9e33cdfc3a04bf0b5a24a1a1e31bbe1bd66b7a73afb9f1224ba1188ec40daedbd6f6d3f5113055dc,CLEAR,DAYLIGHT,DRY,FAILING TO YIELD RIGHT-OF-WAY,2.0,36.0,2.0,2.0
09fb53f87b5287099ac0ce768adbb6d33004a8da9240b921711c661298dccc8e1c0a91dfa92388bcef0e3fee360fe819cace8ab8010482601b6b6d847d9f4a10,CLEAR,DAYLIGHT,DRY,IMPROPER TURNING/NO SIGNAL,2.0,36.0,2.0,2.0
09fbbcd106eecf49229d4a2e1782982184ba31976772c84d0a5aaf7093275a434f812c3ff09c69c3938250c5da03e276a663b67f1ace59d8afb312c61e64a023,CLEAR,DAYLIGHT,DRY,IMPROPER LANE USAGE,2.0,23.0,2.0,2.0
09fbc4d476b7b8016248f44ac62febc2565e1e49ce63dd47538867bb334596b59224b6975feb55787a0be3bd7e85b0e263cc0f349239a394b60d0870d1cb4d0f,CLEAR,DAYLIGHT,DRY,FOLLOWING TOO CLOSELY,2.0,58.0,2.0,2.0
09fbd86f1b2f6e6d744e2ac97093732d06bccc1d0d985558f2dc8cc67dcf1c1e4cc9c8e2f1c7d9c5490af1316bb60d27f7d80721d2e6893f49ac328f9c36bf88,CLEAR,DAYLIGHT,DRY,IMPROPER LANE USAGE,2.0,36.0,3.0,3.0
09fc39d153365d665167036199439355df1624bcd7694c788506078a272445182070070302ad18af1bdbdd9b3692b81ac05fc7a4cee6ebe461c28e3b6df37c3b,CLEAR,DAYLIGHT,DRY,FAILING TO REDUCE SPEED TO AVOID CRASH,2.0,38.0,2.0,2.0
09fc48c90298585c2ab35a2dffe62b6b2412d154d02cb385dc293f26c8f8f62de2cb8145ed44990fae418353ce22d2cc15be72c9d464c49a54e62aa89b8faa65,CLEAR,DAYLIGHT,DRY,FAILING TO YIELD RIGHT-OF-WAY,2.0,73.5,2.0,2.0
09fc4d73e1097755a4ecdda14b0c386bc2f22dd90bdfed405b753dfeb107f5eef10ce6416d8fa3f0e366b4c9ed7066d0c9e75a21cd8b2b71c2466a523467b618,CLEAR,DAYLIGHT,DRY,FAILING TO REDUCE SPEED TO AVOID CRASH,2.0,26.333333333333332,3.0,3.0
09fc61e851a1c5277bd7d6ca834a824ed54b3e5381f5c438770df7a98c8386de6f56250f37c47785e654c795bd2b93b17d9d254ef0e904117b58632fefa2fb4e,RAIN,"DARKNESS, LIGHTED ROAD",WET,WEATHER,1.0,20.0,1.0,1.0
09fca82e4c1f04855d2292ba0e6cce186b0e3647011e7c8e5bb14f9d850c4bdb0aa9329d2a6e5047c3c9e1041592d58d79168d2a046ec2d26f83d3c53130f8c8,RAIN,"DARKNESS, LIGHTED ROAD",WET,IMPROPER LANE USAGE,2.0,38.0,2.0,2.0
09fcc9887b18b0c0fe11d5ebab415f8564d2c07ff4a0a61ee251c6d7942f6a3e57f1087fb6fbf00c9dc1ace64d2c4e7c2c672511216d67ba02faabb58ae6f597,CLEAR,DAYLIGHT,DRY,DISTRACTION - FROM OUTSIDE VEHICLE,2.0,43.0,2.0,2.0
09fccbca4120b7dbc8139a11daccca3f59b4615f48efef1c949b953bf9c9e67076de51324297dd0f2e969b2e39952bde6809d265325c077fc12a5d14e9ba4a3c,CLEAR,"DARKNESS, LIGHTED ROAD",DRY,FAILING TO REDUCE SPEED TO AVOID CRASH,4.0,40.5,8.0,8.0
09fd18005009aa789a8d48dc61f5be1cb20b2daeaac5f18704a48dc50333b279857a18df65834b22fb37621f697742321e1e8bf745609ab7486bcc3378a80b84,CLEAR,DAYLIGHT,DRY,IMPROPER LANE USAGE,2.0,61.0,2.0,2.0
09fd2e305ae35abdc451dc9797a5e87a6534638ad523b23ad02219da67fff978acc2dada9c3c07cb04ecf80a0ada6a29af0101cbb1057a5e228c8646ec8fa53f,CLEAR,DAYLIGHT,DRY,FAILING TO YIELD RIGHT-OF-WAY,2.0,41.666666666666664,3.0,3.0
09fd390e0cafeb5964f45d09753936ca5446eab0767e9f2a28a366bb8429228f0d8dc7bdaadc70350b8c4038613ab2248922a897b52c494f173fa6e1af4925e1,CLEAR,DAYLIGHT,DRY,FAILING TO YIELD RIGHT-OF-WAY,2.0,41.5,2.0,2.0
09fd440b13c24fadbd39c751415f0f6b24ac431c4a18f5c904af7ae3dc1fe839ccccfa2406ef04d3feaac869f360893f7e7b7883d5cdb2c103ddfe205d63673d,CLEAR,"DARKNESS, LIGHTED ROAD",WET,DRIVING SKILLS/KNOWLEDGE/EXPERIENCE,2.0,50.5,2.0,2.0
09fd46cda1e5bca1b77c5242cb16deb0ad1b1cb3498983fbd4653517f6ad1c5ebcd44046e570a84a17fdbd68bcdfca2ccde8a0833e4a9e638e6ffc57b4ced2f9,CLEAR,"DARKNESS, LIGHTED ROAD",DRY,FAILING TO REDUCE SPEED TO AVOID CRASH,1.0,0.0,1.0,1.0
09fd7f80a9b68f91d4ffcca633855ee07c2b27374949da90369b445eacd39b61029faf997257053ce861c4dd201db5168c062ce4e3720c3b818f4f28b6ae20fa,CLEAR,"DARKNESS, LIGHTED ROAD",WET,FAILING TO YIELD RIGHT-OF-WAY,2.0,31.0,2.0,2.0
09fdd34d6a60d94bedb6c63f5284be341ddfce1009d7ace34973b05b28a853e19d94561c80342721a4ceebc39f084a2a56fd1fa278c3db86719a5bf41edf4852,CLEAR,DAYLIGHT,DRY,IMPROPER TURNING/NO SIGNAL,2.0,35.25,4.0,4.0
09fdd5626e449da391e314719a969d57e3caa95743f213799c7fda64253656301c26e5f26d3893fa8244260965e64da15dc856c7836cefb0d754ad5996f498d1,CLEAR,DAYLIGHT,DRY,IMPROPER OVERTAKING/PASSING,2.0,45.5,2.0,2.0
09fde504c96865f1f3f706f697b0bce20dda44054e037deae1afdae49d37b7e5cff36e2f6989b7d9cbc425cf7721bb1263909c0d101ef837ecb8f3457f4879e2,CLEAR,DAYLIGHT,DRY,FOLLOWING TOO CLOSELY,2.0,24.5,2.0,2.0
09fe158b62f051f2fd62098953225404e5417098a1c60e772cc9aed192aeca700e617b288618ce63ab6dd987794c6f6fd3db57874f4c47616b4752120ac19bf7,CLEAR,DAYLIGHT,DRY,IMPROPER TURNING/NO SIGNAL,2.0,34.5,2.0,2.0
09fe17f89d6ab39f9b5f9ee69b83e1fa482ebc30c895af6e68bd1ce2688a8c64c3c9896b7478b8ebb24bcd0a8c6ce4e3fe05b1bd75c60637d08b8ee8688a6a5c,CLEAR,"DARKNESS, LIGHTED ROAD",DRY,FAILING TO YIELD RIGHT-OF-WAY,2.0,48.0,2.0,2.0
09fe24f9ff17da3939ee682c895a539988466aecdeb9d07c2c3783de6069f325a2f99f672c93415f0e5de2c367ec4f0df28a922ed1e2d342b0675a322bddda90,CLEAR,DAYLIGHT,DRY,IMPROPER BACKING,2.0,57.0,2.0,2.0
09fe324346bc19fd8e3b0dc4cb7760c77f16038ad96dbf2abd2a7109bbfec57f85c9c6466d412fff34998064e98e14d5f4cf637c6b4ce165573be3855a4d5558,CLEAR,"DARKNESS, LIGHTED ROAD",DRY,DISREGARDING TRAFFIC SIGNALS,2.0,20.0,2.0,2.0
09fe3684ffe62012b937bcae0f7ce253ea3308106d0faf83cc5b3c5330b195215193c7b6c7ebdd9aad323f8b923a680779a2f3ab95d4c5cdde06a4ef18abc740,CLEAR,DAYLIGHT,DRY,PHYSICAL CONDITION OF DRIVER,2.0,48.0,3.0,3.0
09fe8726844fb45e14df05f6ce029287f3894ae9d1463b83416d4a4e437f985285e3f68024778131eef3b4d8faa12704c5f51d4d8000fd81b1b5882f70a9834b,CLEAR,DARKNESS,DRY,FOLLOWING TOO CLOSELY,2.0,20.5,4.0,4.0
09fea38ba555784be2d05d368cb2a54671b8bbe57ee7c8b88a174d3591f3af5b452dd26fe968d1e1025869c75d5fbb4c7ed8e46fa7d4cc2e8658bbaea6c1cb8c,UNKNOWN,DAYLIGHT,UNKNOWN,IMPROPER LANE USAGE,2.0,37.5,1.0,1.0
09feb226984e4130cdfa6bfc8f9f87363052558a536aa5cb8434ae3f0fd304610e5f4df4c62d792346877afeed541fbf39b1f666cfd4dc890428d6fa30095e49,CLEAR,DAYLIGHT,WET,DISREGARDING TRAFFIC SIGNALS,2.0,54.5,2.0,2.0
09feb7efc761d0241734731a2b236e984960f74224f192ae6ce68ed2d5c8e7c01bb2bf46e7be49864d9a7176a8baaa3284e8c92446874715b804b0fd451f8407,CLEAR,DAYLIGHT,DRY,FOLLOWING TOO CLOSELY,2.0,37.5,2.0,2.0
09feb9be1d48972934421075d6fe173d41beb69b204a786889715ea13d3e3cf7c9bbc281e9814b085e1602dee7959a905c6dfa0eae15a551ed81c74fdb297447,UNKNOWN,UNKNOWN,UNKNOWN,IMPROPER BACKING,2.0,48.0,2.0,2.0
09fec74612f5377e3ed861b2c82f9fc0bb4247eeeeefaa70349426a267d85d8449400e13aaeeb1dadf96560cd438322ce9973f0376c0d599b28dc0edb48aa407,CLEAR,DAYLIGHT,DRY,DRIVING SKILLS/KNOWLEDGE/EXPERIENCE,1.0,56.0,1.0,1.0
09fedea82653a31d92289664d0960c5e7cd5833d6a6512efa199a97d4719830d9de76a59ba17f9733f1367f065824c86a77d16a658378d3a3adfdd2c4140e6a5,RAIN,DAYLIGHT,WET,WEATHER,1.0,40.0,1.0,1.0
09ff00030570158ee92d4114cfd50ce417a7d808fa2d7bebcdebc8941fa2dc9e9617b2ee799b07a704bc9695c1b4436d5f68131f51c964977541a0d9d8d98eef,CLEAR,DAYLIGHT,DRY,DRIVING SKILLS/KNOWLEDGE/EXPERIENCE,1.0,30.0,1.0,1.0
09ff10b69b40a4d22ea908915254020cd37b92cdd3156758436343e5e1029b1bfdd89b2578c2c7c92d77eb43fa94ee527c3b071882fbbf7b7a84de97fea11d39,CLEAR,"DARKNESS, LIGHTED ROAD",DRY,IMPROPER TURNING/NO SIGNAL,2.0,20.0,5.0,5.0
09ff1976acd83f35b39ea359045d4fef9b1b6a2a811769b5bc7d65ce99cf283bbfbea9feb80ec204aa0fd1acda3650552b1152d03f5a3571ad93006721f762c9,CLEAR,DAYLIGHT,DRY,IMPROPER TURNING/NO SIGNAL,2.0,60.0,2.0,2.0
09ff2de7ccd7326569ba809d2d1c2601fc77977c363511837f538dfd92b990e49b42df22d9b62cfd2751bcca2decae95bd32ada81ce9a02420412df2feecc8f9,CLEAR,DAYLIGHT,DRY,FAILING TO YIELD RIGHT-OF-WAY,2.0,48.0,2.0,2.0
09ff9221d237752cdf15bf34cd1e82fcd6582728f21210effcfff79001606db8e4ea7ac332a7aa351f1c827dfbbe0677ba2dccdb15570bbe2edf3d6610ebb043,CLEAR,DAYLIGHT,DRY,DISREGARDING STOP SIGN,2.0,45.6,5.0,5.0
09ffe73a73eab4fb59d40808afa91d99091adfdf818f5b6e652137743f444432b2d9cf248b4fc33f9f8af61b8529e7dd2d2bc19664a09756b463930d46d6f419,CLEAR,"DARKNESS, LIGHTED ROAD",DRY,FAILING TO REDUCE SPEED TO AVOID CRASH,2.0,37.5,1.0,1.0
0a00191dc8df1b6c5e60d37ec64a27edcf4f572b7fe0f924bbdb70dee6117383064d142771d26b705b73e5e2873b6c82f4e15a386bdc42f2bba6f89786ea5c28,CLEAR,DAYLIGHT,DRY,IMPROPER BACKING,2.0,53.666666666666664,3.0,3.0
0a00537ea994bb38472c46d614b3f82f41543ad352dc8ea5cf1cf775fdd366294cbd541803eda7b03e3a99e74627c6f523f08e2735d70a493eba58ac5e4b5684,CLEAR,DAYLIGHT,DRY,IMPROPER OVERTAKING/PASSING,2.0,24.666666666666668,3.0,3.0
0a00bef61cd58b49d87987e5339cdc41283d5e5f6a3f9807062e880ac6deedb82a5efaf01523d30471f947bf634d40f8e8fd42943de3a5ef798afc1e11cfc8e7,SNOW,DAYLIGHT,SNOW OR SLUSH,WEATHER,2.0,37.5,1.0,1.0
0a00da00d59a5d333ea8ed2ed4db50528dcdebff7988840c14102af6e8ca5189f1134b2b88967a1576bacf6bdd8622037d0b178dd4e5be003f8621322608e44a,CLEAR,DAYLIGHT,DRY,FAILING TO YIELD RIGHT-OF-WAY,2.0,29.5,2.0,2.0
0a00e5f50ba130367f9c7075caff7c2aa7f0e6b74e4909589b0ed3d8e7f7afc667f02b0a951e103a9a4c288dd28866fd46bfb7e5563244e450e8c7d2dc14538b,CLEAR,DAYLIGHT,DRY,DISTRACTION - FROM INSIDE VEHICLE,3.0,40.0,3.0,3.0
0a01050b41dcd3d9268f38a129c4958b88e5ef84885d639ac16f0eeb87d88705b4879744d0bf0771dbfa6201d5673e1a9e11b252026de2ed8ba69241ca9f108c,UNKNOWN,UNKNOWN,UNKNOWN,ANIMAL,2.0,28.0,2.0,2.0
0a011020c4bd1f45969951d6bdae90e49725c065fac3a126440a256eeafc052c492808a0cda3f533dba45a7ee068ffcdacb4c5f9a8b7caff06552af474a2f2b9,CLEAR,DAYLIGHT,DRY,FAILING TO YIELD RIGHT-OF-WAY,2.0,27.0,2.0,2.0
0a01268186be00662a40cf21906770009aa2fb30f723cf8b8d83c73082952c27eda884130f3a24caf770d9c27abcaa9867a59e0b36a21427e50dc6d0368f07b4,CLEAR,DARKNESS,DRY,FAILING TO YIELD RIGHT-OF-WAY,2.0,34.5,2.0,2.0
0a014af448f7d4042f4554270b59f20f6cfc4f8babb73262efb2fd336f9b3d2311a1efb382d7f6ec8d04a89579823eca4e4e3ac1b5dfec48ad8bd9ccde8b669f,CLEAR,DAYLIGHT,DRY,FAILING TO YIELD RIGHT-OF-WAY,2.0,38.2,6.0,6.0
0a016ae4ea83db1543205a3271b6d56064e71717348d808804a199c6d1578d51a93ef6a59faab979a75e8ff3c851d187013b713c888b75106cbc6f222361776f,CLEAR,DAYLIGHT,UNKNOWN,FAILING TO YIELD RIGHT-OF-WAY,2.0,20.5,4.0,4.0
0a017ff3c2006753b049543531c56bda0f0fed17a1c59b67ccd8a0133e271b155de7cecb86f16848798e96e5ea5f90e3e99db0d92dfc08b542f72f6c88f44bae,RAIN,DAYLIGHT,WET,DISREGARDING TRAFFIC SIGNALS,2.0,39.333333333333336,3.0,3.0
0a01efd6aa58ac1dad1f8f99cd5175199ab6a49d32cc6445ddd05f6c9e459cee24fb03c5526e88fda2cd6c44d0e26336ffe49eed3481d14752a052bf3d3e9b09,UNKNOWN,"DARKNESS, LIGHTED ROAD",UNKNOWN,ROAD CONSTRUCTION/MAINTENANCE,1.0,47.0,1.0,1.0
0a020034f4b8426eccd47bd747baeafa0050df3e5da6eff06d71077a551a4611b743ca4cac3fd49308b6e584830dd8b6565ca3da163e4deb2b4e5b40eee58294,CLEAR,DAYLIGHT,WET,"OPERATING VEHICLE IN ERRATIC, RECKLESS, CARELESS, NEGLIGENT OR AGGRESSIVE MANNER",2.0,49.0,2.0,2.0
0a0205f451417a55a407d1c5f43bb692be2ec8bba8eb9cc3e6c3e2cb31b83ab3916d376db6ef5c676e7f1908a1b1c7437f24e368f27017324653db9eb7943313,RAIN,DAYLIGHT,WET,FAILING TO REDUCE SPEED TO AVOID CRASH,3.0,28.2,5.0,5.0
0a023165ae18c64e1e5014408299adb44f818456042c81ce6d6957d8a4103e1b8e41e25d2988917bfc1c0cdf623d58e9b2b75b49965244cd54427c71ce89b0a0,CLEAR,"DARKNESS, LIGHTED ROAD",DRY,FAILING TO REDUCE SPEED TO AVOID CRASH,2.0,45.5,2.0,2.0
0a025411000f711caf25acada126be40c429e66a73eaa65e30237d65091ab496dfcc2717ac29a55fa9093a6b673be67724dc8787e64d514495cbec4a52f34c3a,CLEAR,DAYLIGHT,DRY,FAILING TO REDUCE SPEED TO AVOID CRASH,2.0,31.333333333333332,3.0,3.0
0a0284f3ccd14142c58e311e99d3b8cf7536253f095790f2e3adb5e790a79f6ca7bdedb38a973581fee07fc45f7e965d2bcd7d000e15491b739b34295820a1c7,CLEAR,DAYLIGHT,DRY,"VISION OBSCURED (SIGNS, TREE LIMBS, BUILDINGS, ETC.)",2.0,25.0,2.0,2.0
0a028c485658e35af5c918418a3b8092f2823b649d23b977d87843a8012a01ae215de7148530d54dd235802227c6f7097eb67fab6351164283cb7183ba2d1580,CLEAR,DAYLIGHT,DRY,FAILING TO YIELD RIGHT-OF-WAY,2.0,50.0,3.0,3.0
0a029d9a9ee7ab53f84154fdf701c77e7234cdf5d4e3828233dd6cd6d145b4e47abdee59f1c9cb15be9b50765879a2d4781608f67e8b55f0ab6dcf1bd946448d,CLEAR,DAYLIGHT,DRY,DISTRACTION - FROM OUTSIDE VEHICLE,2.0,31.0,2.0,2.0
0a02c6743b41748fa59fd6c8c7ed33b62091f366e97872b51a74cbcb7f386f8c65e80c8e0cdedbb35cc36b0a9b540b0fc460241702453f7e1fa286f45aa1c536,CLEAR,DAYLIGHT,DRY,FOLLOWING TOO CLOSELY,2.0,32.5,2.0,2.0
0a02d541826e38e21482bd6524a15b0efba3221dce9d911e7806d0a9c9e3c8771adb8afee9475283b7c4ad9013765617722db148bfd9b4342beb5f7db2913a3c,CLEAR,DAYLIGHT,DRY,FAILING TO REDUCE SPEED TO AVOID CRASH,2.0,29.5,3.0,3.0
0a031156ef60a49cef062d80e0c11987373fb2cd1ef43840175285c58a07f0b9cea71e6164bb0b0936486f7c04e0c9a83c5c4901db45fdc66bc6ff91fc5e4571,CLEAR,DAWN,DRY,FOLLOWING TOO CLOSELY,3.0,29.5,3.0,3.0
0a033f822f23c8c8204b6d1807f3bb90616ea150730016f482cb14821d4753e7a686f7dd79e7f850bffb97a4f3db42033561624cea3c47f761e1d756a635f66c,RAIN,"DARKNESS, LIGHTED ROAD",WET,FOLLOWING TOO CLOSELY,2.0,37.5,1.0,1.0
0a0348ff6a6156d7ef778536b326f1d2d6e9519da3db1bcfef10e75f808c57718e592b5cccd2163e58fcce91c773a886e9ed1d59de49261208ea5eb611dc62f7,CLEAR,DAYLIGHT,DRY,EQUIPMENT - VEHICLE CONDITION,2.0,26.75,4.0,4.0
0a037a2963f0d6cef36e084e2c2732ee6dcda4f89ffc31910b0eb0101f476f20de9fd2abd56e96113f6ecff845d058e47bdfbbab286132d2d2d2b9596b2a7c53,CLEAR,"DARKNESS, LIGHTED ROAD",DRY,FOLLOWING TOO CLOSELY,2.0,29.5,2.0,2.0
0a03f018a8a52f43316d3c5d19ff15cc0bf353c1914681b51752c144c86175553c90de323602f192c9cde9e3cec033db02d539863f7c9716fbbfc18404c7750e,CLEAR,DAYLIGHT,DRY,IMPROPER OVERTAKING/PASSING,2.0,63.0,2.0,2.0
0a03f48db7ca7e8daa524eec2145f56522fc8ca47cb6a12497e28ef720af6f56de47da5cc3daf97c78266eba82ebc725c6f8941ce9bf20be40cfba0509617850,CLEAR,DAYLIGHT,DRY,IMPROPER TURNING/NO SIGNAL,2.0,33.5,3.0,3.0
0a0413b417f6a4bc8f43f65c213edb7a0ef91b12568453d7b0d40d811f0e1b04c0fb466cc08b0e8ffaa54f4e95a40863ec26b5d495b72bbc19a4fbb273bec7b7,CLEAR,DAYLIGHT,DRY,FAILING TO YIELD RIGHT-OF-WAY,2.0,35.5,6.0,6.0
0a0424bbb3b3ac723470406073b93d8a9ba92f891bc0e8d28bf4b199a04788443609bb3b181d6ad2d3127355b37475fe53071f708f537bd2f708b1af3f6154a2,SNOW,DAYLIGHT,WET,FOLLOWING TOO CLOSELY,2.0,38.5,2.0,2.0
0a044a3cc442a9e105a016eafaba3853aea8c9522aac7fa8e8e68250e11154556ee8778395b430faf9b13fe8957a294bd8792fa76069f67ac9be0b3c3dd36098,CLEAR,DAYLIGHT,DRY,IMPROPER OVERTAKING/PASSING,2.0,41.0,2.0,2.0
0a0451bdabbbbb8a5c3400e6a0fafe09b6e3e19a7f8e2b0078c220d22b4e35c3e262306624fad7eb931aab3ba35d1acd2a1f9e75a39096028f2a95ae5cac8321,CLEAR,DAYLIGHT,UNKNOWN,FOLLOWING TOO CLOSELY,2.0,40.5,2.0,2.0
0a0453ce7f327c50e904a6472e330f37c8662581d71b261e85bdada7efe25c8da7762f8cc03dc3ee652e6de3f7abc494631e714971f25e078fa6d2d016bf8298,UNKNOWN,UNKNOWN,UNKNOWN,IMPROPER TURNING/NO SIGNAL,2.0,45.0,2.0,2.0
0a046e470317a217a1270a5ceab21715f956ca59ced7a8a0b4b873955373a86de00e59e83e0ecc764eda3b72cde5e60397cc8f77b4697750738ad3db554e69aa,CLEAR,DAYLIGHT,DRY,FAILING TO YIELD RIGHT-OF-WAY,1.0,50.0,2.0,2.0
0a048f68ede40ff2012c67bff44c5adc824ac0ce1ff821e21c80cc567b397275a9a6565d543a1a23d955b755fc63a576d08ec1b9362a5b8f108f9d259b1f35fb,CLEAR,DAYLIGHT,DRY,IMPROPER OVERTAKING/PASSING,2.0,21.0,2.0,2.0
0a04cab57a2220546e8741ca153073e927c0bf0b46b4e1ec8a9dc510590b022ff040dc2dddf745f4a7ced3bb1aeecee8f11490047cf28caa8657858da53badf9,CLEAR,DAYLIGHT,DRY,FAILING TO YIELD RIGHT-OF-WAY,2.0,29.5,2.0,2.0
0a04e29b286f19ab26f678aa8ce6ab3c8cf92931e1ade2ef771cc3ee0a345cd639f0a30f28b019af84fa5ef81d6b13219a02cdfbf6d21423cfaa9a5dd3cb0d9c,CLEAR,"DARKNESS, LIGHTED ROAD",DRY,FAILING TO YIELD RIGHT-OF-WAY,2.0,39.333333333333336,3.0,3.0
0a053ead6617b49ba06ef1d5531a717fce316a56db2798ff86d2ea112132b4241bb66b574bde833d6f5832a278b7471f862ddd883bf38b9340f8a2dc960aa4cd,CLEAR,"DARKNESS, LIGHTED ROAD",DRY,FAILING TO REDUCE SPEED TO AVOID CRASH,1.0,18.0,1.0,1.0
0a057bf756d2a0e91a91931b478f0aaa08711e96a1d5101a22ea2b15e4501d97830793bc601b119d7ec9169a214f9471c715ec301de9570a1d50896e510eab55,CLEAR,DAYLIGHT,DRY,DISTRACTION - FROM INSIDE VEHICLE,2.0,64.5,10.0,10.0
0a05a5d0493ba5c1ca7b4af0e90b0b170da0a4c69b2c5c52a3b1eb346b5d6d1fba010abca908ef241d041c69911b9274f30f2efe45a841fe453d4439eb079196,CLEAR,DAYLIGHT,DRY,FOLLOWING TOO CLOSELY,2.0,21.5,2.0,2.0
0a05ac13bd89356f4af7a701cee26996fa12dfff31fc14cba6c317b1776446ca4bcf0c5831616e89a0b99d3a766b5b2860d7c23143a5768e5d7b53974ee095fd,CLEAR,DAYLIGHT,DRY,EXCEEDING AUTHORIZED SPEED LIMIT,2.0,57.0,3.0,3.0
0a05b6c4a120401e84d80dbb9a3d6c3bee8f9df29989d57d29b160fd45d9c5a16a0a19a00382cdccae52e61b349e1d2a70bc1dcc1237d643589d8b8404f12077,CLEAR,"DARKNESS, LIGHTED ROAD",DRY,FAILING TO YIELD RIGHT-OF-WAY,2.0,42.25,4.0,4.0
0a05bec847cbdd10336c7b12ce457be3fb373aa0bb5e58e01a2a56f723797b98cf503449ff19c70e27bbc7580a4b2567f0e9a561b2d4d10b752c137e5107bb58,CLEAR,DAYLIGHT,DRY,IMPROPER TURNING/NO SIGNAL,2.0,60.0,1.0,1.0
0a05c7877781c2c814cdb0945ff1d7eda48ee5d4eaf3ee1200d17dd2d8d5135c8290fada0dcf384aa80428f154823e39c5a51ec19507d75780816981cce29f6e,CLEAR,DAYLIGHT,DRY,IMPROPER LANE USAGE,2.0,29.5,2.0,2.0
0a05c99cf4349460e5d8ffd9e94bf224121c80575ca4a4cc38bb2a40b746cf126b55242e09a3cc82c710b2961f1d55dcc46a2b442596e96e25ea05d4e8ba7f7a,CLEAR,DAYLIGHT,DRY,DISREGARDING TRAFFIC SIGNALS,2.0,34.0,2.0,2.0
0a05cba14b7f94514d1f81db7d4b1ad8066be8e2b51d2a3f087ee87b87799124f5d09ac8c5848556c80bd5275af023fd7062c60746c8fbb89d344485577b42c0,RAIN,DAYLIGHT,WET,FOLLOWING TOO CLOSELY,2.0,49.5,2.0,2.0
0a063e507f5858df77b74c8ce42ab3a5255b8ad52d6e6bde1cb801a604eaa7ef930af57f64e42546160af6f5e8fb30e114d679249c0fb68c90390373c06a31cb,CLEAR,UNKNOWN,UNKNOWN,IMPROPER BACKING,2.0,37.0,3.0,3.0
0a0663b579afba6965a572c6bf5a85f1ae1b5a6e857f45ed2c858f2970e355762bfba056f9bc376f8a4f6df6911a34128df642a28e1b1c9c66d15c28400b7be8,CLEAR,DARKNESS,DRY,DISTRACTION - FROM INSIDE VEHICLE,2.0,51.0,2.0,2.0