crash_record_id,weather_condition,lighting_condition,roadway_surface_cond,prim_contributory_cause,total_vehicles,avg_driver_age,total_people,total_injured
0a067b7628d59b3f83c93317bfa80d0f117279a74a87de905b1ade88b0b6187381de439a88819ae7b53a5a07be4434772a23336d25655fa8be40fb4836634a18,CLEAR,DAYLIGHT,DRY,FOLLOWING TOO CLOSELY,2.0,66.33333333333333,5.0,5.0
0a06876666e1529ef721c698490743222fccbbcd852fbe65494f3000f087b373783818d306214668a34f91485979f07dc1f9cd35b44425a2dd3d871af61680d9,RAIN,DAYLIGHT,WET,IMPROPER LANE USAGE,2.0,60.0,2.0,2.0
0a068864bdfeb156c7bbd368ff2125cf6fdc00cd46f2b1dec1e0c2e1eef849d05e344d7bf2c392f81b56463082d59c01b946eb9cfa5f0517dd8b4944ffd82b0b,CLEAR,DAYLIGHT,DRY,IMPROPER LANE USAGE,1.0,54.5,2.0,2.0
0a069436018ee9a386789cc0a5286474bc5cf21cadde71cbc8abd75e66616e20fdcbae0092d7635c8ec84c2372d8e9407105ec9ec008649a414fb3ff6df867ba,CLEAR,DAYLIGHT,DRY,FAILING TO YIELD RIGHT-OF-WAY,2.0,48.5,2.0,2.0
0a06aa195621799e4544ba6739589c2855eaeabf3bc9e6e56091a0af80b65a03486a23ab01a03018cae5660c36a6a983a373c5eb7998436198869eda3186808b,SNOW,DUSK,SNOW OR SLUSH,FAILING TO REDUCE SPEED TO AVOID CRASH,6.0,43.5,4.0,4.0
0a06ae1733c48ba515907e4d336e8cf7988441d3fc469fdaf4984f22e161d7b1034fd0f3fe68adab9abecbdab0f36fc15512dcb6fe7c2f5c8888c9f56d9a916b,CLEAR,DAYLIGHT,DRY,FAILING TO REDUCE SPEED TO AVOID CRASH,2.0,52.0,2.0,2.0
0a06c33621cde92801db9a8487922ab818564b8ea6d98446e29266db4c23353aa31ae4155ba7a2a592d76dcaa7ecddc4648780ba93eb6a8862cb027d23a0dafc,UNKNOWN,UNKNOWN,UNKNOWN,FOLLOWING TOO CLOSELY,2.0,43.0,2.0,2.0
0a06cfe5c83a06f52ddaf2924973e9b5b81652fa5d68a024aafc10e3b009fa2fdf186dbfbe23585a92c72811458f557febfb8f3f6a0bbb9bfd6b62e7210126b1,CLEAR,DAYLIGHT,DRY,IMPROPER BACKING,2.0,22.571428571428573,7.0,7.0
0a06d4a49445f2e8dc925703c27bc4ba3bf71bb271fbb8d752bcec5cd0e4e6d5bb373bbed436e5db8c851a5a95d69cd29674785aae5b20d5aa494e5c122c1561,CLEAR,DUSK,DRY,FOLLOWING TOO CLOSELY,2.0,33.0,2.0,2.0
0a06d58cc1cb02977850f8c2bb316d448b18afba967c9f7cb40ac3698b61db0004b0c19d01bd4268ca5904e9ba50bedfe3dc4d75bb459a2f5747b58b58665446,CLEAR,DAYLIGHT,DRY,FAILING TO YIELD RIGHT-OF-WAY,2.0,50.5,2.0,2.0
0a06e1f22b327cee6705b2bc0780eecd14dcdd967a48c27f615861a661f54872edd5d9a7ccebabd93d95a6d80a28f4362b79c5fa778a116cb6c77136985a5aa6,CLEAR,"DARKNESS, LIGHTED ROAD",DRY,FAILING TO REDUCE SPEED TO AVOID CRASH,2.0,35.333333333333336,3.0,3.0
0a06e24f51abd256055282577a9f18b0dc545c7ef2800871c26ce63dc88b8df4d824412ad4adf6aaaf7a4ba63075ddc42defddb7b75716e0381e5c7f38568eea,CLEAR,DAYLIGHT,DRY,IMPROPER OVERTAKING/PASSING,2.0,22.0,2.0,2.0
0a07077f6ad979732271ea07965cbf7248f1858c7b084e83abb7ac39f4615f7e825ad96298c0086f19a2bbc434e8d9e149aa9e3e11a6f65cf6fc53ca6dcf485b,CLEAR,DAYLIGHT,DRY,IMPROPER OVERTAKING/PASSING,2.0,61.0,2.0,2.0
0a0744a82cf9c6065f72ab5b67d7c1a000ff5b55ac25a3c9eb017b36fd3982be26960da875c7bebfd1c63807c17105ab9d30cbba14cf43301fa3b29a139fa809,CLEAR,DAYLIGHT,DRY,FOLLOWING TOO CLOSELY,2.0,43.0,2.0,2.0
0a0747fb5f060fad05fcfd30c08fc2f28229bef457bed9b7c10fb23e4ff3d125244ed6ee91ec240114f3110b01c4d0f8b994b2feb61764b9aab9abe060d62118,CLEAR,DAYLIGHT,DRY,FAILING TO YIELD RIGHT-OF-WAY,2.0,35.333333333333336,3.0,3.0
0a07514dab91c55f53039be5cf89600293b6859975bba3299acd1cb6aa9c0c311be55e52ff4b9bd9f4709a2117a48d0f9681871e19f785dcc836ae450695632e,CLEAR,"DARKNESS, LIGHTED ROAD",DRY,IMPROPER LANE USAGE,2.0,24.0,2.0,2.0
0a075a6757a1e73caf6324e2eba2bc57aeb4a013d825987928e0bdda1c0fb423756ce59527c8e09502016dbce29634cd29e29dcb0a133c9d94fb3babc1ce20f7,CLEAR,"DARKNESS, LIGHTED ROAD",DRY,EQUIPMENT - VEHICLE CONDITION,1.0,32.0,1.0,1.0
0a075c86023d50f1cf46a16a075c885f802a1b8d2aa29d2bf33efd6a50e2813168713f23ef49f7d5ec5e1a9586f5b309ad8cc225399b6f3f4d237a3ff92bf2bf,CLEAR,DAYLIGHT,DRY,IMPROPER LANE USAGE,2.0,67.0,2.0,2.0
0a076e67df740538836613126a6b5e05b52b3560b8143eb5cff7b9c608ab8ab0c8bdfcf4093f6d29a1a1ebe0d20a89cf0ab98b13391178afd03961977a7a68c2,CLEAR,DAYLIGHT,UNKNOWN,IMPROPER TURNING/NO SIGNAL,2.0,30.0,3.0,3.0
0a077128d8928e12927d79cc8e2937e76ef2808ed194183539acf25400973e47cd5b11344d653852d53b45bd185882908e68f05320a9f9b4d71bc45e96be3390,CLEAR,DAYLIGHT,DRY,DISREGARDING STOP SIGN,2.0,31.0,2.0,2.0
0a0772b3e65cf530a04648e131df47db7685be0844acf75e76ab4fbfabe1e2af5056d2402b94b05de20f6f06bc0a3b4d985c5abcb39e2ed80a3a0ef008a04fd6,UNKNOWN,DAYLIGHT,WET,DRIVING SKILLS/KNOWLEDGE/EXPERIENCE,2.0,38.0,2.0,2.0
0a07e4a92eb8348a5f559190edee3a8a0981ba179c4f33abec8154b876dfbf9cb3f76605270f8ceb6d2ecd68ee35ac4e0a4cfa04978d11af86bd5c33b6e6367a,CLEAR,DARKNESS,DRY,IMPROPER TURNING/NO SIGNAL,3.0,37.5,1.0,1.0
0a080bee9119ca287717607527a6a45d94b892c2dc73fc4037ce32378501d15c0fdf355252ce16e9f7dacbc54206de95e496d5f25d1ed41cbbae9212d928a92e,CLEAR,"DARKNESS, LIGHTED ROAD",DRY,PHYSICAL CONDITION OF DRIVER,1.0,32.0,2.0,2.0
0a081129dbc8d2675a7fc365f93552ba6373ee4742c3e8106ea4256769f52b0803e0f3b9fa11d8384feb0ca1c3020dd84a7488194d2ac2353d92e66c8dceb42d,RAIN,"DARKNESS, LIGHTED ROAD",WET,WEATHER,1.0,23.0,1.0,1.0
0a081a356000c4807dd9152ad5d3ecddd054eb0c44a9c93935048d90293c4ee4a25934482af23a2a2180082e280dffb9d8eb10e9ca190165dad368795ffee738,SNOW,DAYLIGHT,DRY,WEATHER,3.0,41.333333333333336,4.0,4.0
0a082270ad951a58c4e679b6f230229162cf90872ad3c446cf689ff39ea027a9751c60fc936f596234018de4548d300c6b78cef980978d8236ba156a3b04b947,SNOW,DAYLIGHT,SNOW OR SLUSH,"EVASIVE ACTION DUE TO ANIMAL, OBJECT, NONMOTORIST",2.0,46.5,2.0,2.0
0a0846c336c49ed61b4d3af7f187dce3c0c8a735e077b122d84ffdd4b0b335d16d7cb802d9516d9bb125ad1dd9a12a79343530a590df1ac01408a2a247f8c769,CLOUDY/OVERCAST,DAYLIGHT,DRY,FOLLOWING TOO CLOSELY,2.0,42.666666666666664,3.0,3.0
0a0862cca44cc1a173578a4b00a4966ba185d4d0cc888b19317d56e6b549b2a257d3f33716bec9979d2b432c095815cc2cdafbfbd4461dc7a18448a718dee0a6,CLEAR,DAYLIGHT,DRY,FAILING TO YIELD RIGHT-OF-WAY,2.0,36.0,3.0,3.0
0a08aefed5f1d8bb6554353f51705ae294c6b32486e1e8238f26f78c8d2044084deb85b00b2c2f08457fea6dc19f92fdffca03a00c75366eac9ab6b7784050db,CLOUDY/OVERCAST,DAYLIGHT,DRY,DRIVING SKILLS/KNOWLEDGE/EXPERIENCE,1.0,15.5,2.0,2.0
0a08c2f90070fd5629b251a378a5dc4da50ff9960d03633f54b944128c460b980ad9b953b8dd135ad5219109b2bc343e56a8fe1024c5a9c07693d11595eb3251,CLEAR,DAYLIGHT,DRY,FOLLOWING TOO CLOSELY,2.0,25.5,3.0,3.0
0a08c704186a8514d4d36af626151704a1df441486ba8f56846b9b63be8f9064022c395971ff62ccebf9d1819325721dff99f40714d26c2890d2baf18bb2300d,CLEAR,DUSK,DRY,"OPERATING VEHICLE IN ERRATIC, RECKLESS, CARELESS, NEGLIGENT OR AGGRESSIVE MANNER",2.0,37.5,1.0,1.0
0a08cb3462d4a86c24a9500b8bbae4c542a6eadd185ef3397b7f39a06b2801e4dc012c4b54b57255305980b92766630796f2736c177575a961199069bb5598b5,RAIN,"DARKNESS, LIGHTED ROAD",WET,WEATHER,2.0,47.0,4.0,4.0
0a08d140de503af3b86e52d7acac003db54add5525e98f98ec98e811f7122334b1fae5eb9cdf58b8620524f2968d3016b843b609c5dff2b8b949298ccc3093f4,CLEAR,DAYLIGHT,DRY,UNDER THE INFLUENCE OF ALCOHOL/DRUGS (USE WHEN ARREST IS EFFECTED),2.0,39.0,2.0,2.0
0a08d3c934a9bfa07df1dc9d5644cc8bcb30d54bcbacd5bdfd1dcddc3cc3f7ac1fcf5fe31ca5c87d3f001cb1b5dd84a45fddc75e97f740328fbbd442c06eedfe,CLEAR,"DARKNESS, LIGHTED ROAD",DRY,IMPROPER BACKING,2.0,14.5,2.0,2.0
0a08e3166848a04d75d879f6e115eee98629d231a6d5f500fd2593e9937451a0f99f8a7c69cce7eebcf7175198be8b3ea0a88698e441f38465ed4b8c1cbae4d0,CLEAR,DAYLIGHT,DRY,FOLLOWING TOO CLOSELY,2.0,24.25,4.0,4.0
0a091a02ae34d334be65cad5a3f93e67c2e2f92703e5ee0adfe4bf76297261b7452863e63063166a6938a9d9216f9429fcbbffa4e5472d7279f2766efc426ffa,CLEAR,DAYLIGHT,DRY,IMPROPER OVERTAKING/PASSING,2.0,49.0,2.0,2.0
0a091d6dea5b8c098afb0656b7f5a9ad452b60527395f9c473c8908197f95a5ed65b3e2351e8f001ab4470a5943101ab22c1758f93ab3119c88828d89b0d8ad7,CLEAR,DAYLIGHT,DRY,FAILING TO YIELD RIGHT-OF-WAY,2.0,33.5,2.0,2.0
0a0930f050c3673e5b511c66740ef23b2b9d1832cd38912c31aa3d48f602887580c878e187062854ca82f0d15426f862e62d81a5a2ee6df33402a10aeb2fd6f3,CLEAR,DAYLIGHT,DRY,FAILING TO YIELD RIGHT-OF-WAY,1.0,57.0,2.0,2.0
0a0937e74853878b40377668d4c9adae6d319faad37ec67d213a61ba895d2a21dc8f54f5e3254cf45540d686000b06aa59a207b9ea8147c9615c781c26a49e08,CLEAR,DAYLIGHT,DRY,UNDER THE INFLUENCE OF ALCOHOL/DRUGS (USE WHEN ARREST IS EFFECTED),2.0,43.0,3.0,3.0
0a0947db59b094cd9292fba3856d1362d56b2fc0ebded0b159aa7bed97414b6f00f648e9d17f677796590a0ffc0b823783a25dde697e180d9625616b73e302d7,CLEAR,DAYLIGHT,DRY,IMPROPER LANE USAGE,2.0,34.0,2.0,2.0
0a096074baed89c2d7aa956a7cbdfdf066b628d71c0ef49e602c3a981435f051f577be8fc26f80ca6f35ab47427f4f93b0f9c41e463460bbe6d58d14e99ed5e3,RAIN,DAWN,WET,DISREGARDING STOP SIGN,2.0,55.5,2.0,2.0
0a09c08686fd5cccf82095c47141c4469cca403ea88808508183ab6cd33cebc6436d844c38e5402f5a16d82dbf96e3f2b7f7cffde32041e4767f3e1c7bddcda9,CLEAR,DAYLIGHT,DRY,FAILING TO YIELD RIGHT-OF-WAY,1.0,40.666666666666664,3.0,3.0
0a09e49d9b5fc2702b28b3b8a0434c6a50b5996d6e0194edeb1d1491e93edbe7e53f035770ceb0c5830e3bd4a286af17a2c4532f69cd1230260d2eb83fe48a85,CLEAR,DARKNESS,DRY,FAILING TO YIELD RIGHT-OF-WAY,1.0,30.666666666666668,3.0,3.0
0a09ec3fe661efb159e03d1dfde46e55817b760eb41b7a71c0348a3da8f091a2423ebfdf877154cfbba6a57afb022ab57d5667718df725ad9234bffb6a687cae,RAIN,"DARKNESS, LIGHTED ROAD",WET,FAILING TO YIELD RIGHT-OF-WAY,2.0,37.0,2.0,2.0
0a09ed608165d27bd84f75f8afe8bbb294b46b8180e6fcec97360d6918d8646fa0c57d50163d757f5c20840e05b951998470585b849128d3960d80e7c4f9cf5a,SNOW,DAYLIGHT,WET,FAILING TO YIELD RIGHT-OF-WAY,2.0,25.0,2.0,2.0
0a0a13a644adb8a46e0af943aa78c0200f20ac7f5861b9877d5fc5543ff55e241b453fd26696e45ada9390e3a63f34ba739314bf0fbf8a02f046363fa3009c8c,CLEAR,DAYLIGHT,DRY,FAILING TO YIELD RIGHT-OF-WAY,2.0,30.5,3.0,3.0
0a0a2541cae2500a9132667f735a74e90cfb3b579190fa30ab9ba5135d8618d8d1cd00c517008151487992947f3f2f531b359148dab281ddcc4fcd604910d771,CLEAR,DAYLIGHT,DRY,FOLLOWING TOO CLOSELY,2.0,34.5,2.0,2.0
0a0a58be9e79bc32ea1227a1fee2a3ec52f0e81b2a10d8418a987418ebc969e650cda8264ec8be338b63bef502dad7dda3147927f74fc6e1a0e21fc41e20ad54,CLEAR,DAYLIGHT,DRY,DISTRACTION - FROM OUTSIDE VEHICLE,2.0,40.5,2.0,2.0
0a0a60a9cd1886b1427252a22c6925f5989307cc72c830ee590d181573da9e323175a1ec3fe38faabac1b93508c4d4c64a0427f99d54dff12da6f7e4d7c3fd1b,RAIN,DAYLIGHT,WET,FOLLOWING TOO CLOSELY,2.0,27.0,2.0,2.0
0a0a7a434c43484748ba015ee71b62e9a35916547241713cea0ebfcc84d042b6b2e88cf91a5fd8185992982f2d062ccfa47b704dc67e29e699d513c8eb81892a,CLEAR,"DARKNESS, LIGHTED ROAD",DRY,FOLLOWING TOO CLOSELY,2.0,42.5,2.0,2.0
0a0aa3606c0991f26395527e113133b524d4dedc888f9a3ce60b393fd0ef708fcec1982eb6b87c4f8e71355f28ebd2670d025421651bcb983dda345d29c1e0bc,CLEAR,"DARKNESS, LIGHTED ROAD",DRY,IMPROPER OVERTAKING/PASSING,2.0,24.0,3.0,3.0
0a0ab33a8e983b233fc443e7496d11fe6d4d722cae0bbb5100a56228de402934dcf785aa6844ad2626d148007291893b1fc2208dc4fe79a0e03838b8a8fb2fc9,CLEAR,"DARKNESS, LIGHTED ROAD",DRY,IMPROPER BACKING,2.0,29.0,2.0,2.0
0a0ad6119184c084d8b62ecd352531b07f1fe6570ed9d301f2ebd34f2aa2025e97c2046f3eacf69a008a6c1bfcee228c57f3ce105ffcaa4411d46fc7c5b70f9c,RAIN,DAYLIGHT,WET,ROAD CONSTRUCTION/MAINTENANCE,1.0,50.0,1.0,1.0
0a0ae5349e82d4780a930eec1aabc5f158748a60bdb4c16ac66ce768c01d6350a96bc9cf73b24e754227ae1cae3d060e4ac0d448e2a6d002e6d176f00d0fcdc1,CLEAR,DARKNESS,DRY,FAILING TO YIELD RIGHT-OF-WAY,2.0,61.0,3.0,3.0
0a0b0fdaf809cd5e2eb7a259ee18703350893adc03d330524e9bc645c9052e07ed5af7014a0c01074d0788f5595a3240ae5eecccb2edc7ffbd84d43161b36024,CLEAR,DAYLIGHT,DRY,FOLLOWING TOO CLOSELY,3.0,38.25,4.0,4.0
0a0b40b05ecf523dfa7960fec9a0433037e7b68493317c371db310f34556da149cc402be89d4097e0d3fd080c8ca81a3f0cd7f8e8236ce16eff38c1d31b90e4c,CLEAR,DAYLIGHT,DRY,DISTRACTION - FROM INSIDE VEHICLE,3.0,69.0,1.0,1.0
0a0b5258e5671bb083ab8b3aeb692253f60abce52fe0dcc5b11fe776f7c687fd08fe50bf2b34534532a8a398073894b4130d59aea18faada03ba7594d612371f,CLEAR,DAYLIGHT,DRY,FAILING TO YIELD RIGHT-OF-WAY,2.0,19.5,4.0,4.0
0a0b7a91b645050c489c07dff69168922c9a5e41feeef04c7901d6d51795d95bf579e1add39c977d57d4b874e1b05e3d642225061ec8e461070f0d999dc5a0f9,CLEAR,DAYLIGHT,DRY,IMPROPER LANE USAGE,2.0,28.5,2.0,2.0
0a0b98559f6d1a7a6afa75d655d95726ad8000eeb9fc1080f6c9148b1994c1072eb14fc5a862a5d7291ed4283004647ce6d34f13cde7c2aa24051a6c37ff064c,CLEAR,DAYLIGHT,DRY,FAILING TO YIELD RIGHT-OF-WAY,2.0,69.0,2.0,2.0
0a0bb289fa047dea803e96f003b085f0d4fe0e57bd870284239115dd1cbdd723d741da0e03273b3bd80ff7222d3a6cda090d934882e9c01bc0dcbe2a9e1e7d3f,SNOW,DAYLIGHT,SNOW OR SLUSH,WEATHER,2.0,24.8,5.0,5.0
0a0bc82674539bfa13365d7158b72d5280f7497f3ee124c69e178320a05e0b367f1b7c9afad61985dfbb88291fe7837c14da51c40265273d301d24b80cdb4a08,CLEAR,DAYLIGHT,DRY,IMPROPER LANE USAGE,2.0,37.5,3.0,3.0
0a0bcab859621135f1efec3fbe8de830a80a96f5e7a1798f1bafe3121fd7e99933d57c9216067d1b61066889742c22edc690fbba28b532456631cd3241c2dd6b,CLEAR,DAWN,DRY,FOLLOWING TOO CLOSELY,2.0,40.0,2.0,2.0
0a0c2ecd14e2307e86d48f3a59699b7135682b000c3087df91e964efb7dc812c9480bf7226d8c96c63ec7b6c20b4ca7a0a3dfc37981a5ec517dda1eb443ddb69,CLEAR,DAYLIGHT,DRY,IMPROPER LANE USAGE,2.0,22.5,2.0,2.0
0a0c311cdc347be7447c826734f8c02982d7b0e7bc29dd35fe5114824641722983d8a2cce21c78ea3cf25d040fe2cf9b1f6719be6e6e6e4baf7c178710a3798a,CLEAR,DAYLIGHT,DRY,FAILING TO YIELD RIGHT-OF-WAY,1.0,39.0,3.0,3.0
0a0c38139d5363d6c324ff44aab28cea1cb928ae1cf8afd198422b2fd33900678a65f66e8ebb8fd6ac73a1468bd11371750d0b4b68cba362fd4bb8f96ea56419,CLEAR,DARKNESS,DRY,IMPROPER BACKING,2.0,28.0,4.0,4.0
0a0c619d52802ae9d1b6b68f4d13f990d1c47adf04f28b6e9978f63a6fb10aa44bb5c9196fd84aa1575a2d9238b078573450fff6d4243f20b12fb42983187eba,CLEAR,DAYLIGHT,DRY,IMPROPER TURNING/NO SIGNAL,2.0,23.5,2.0,2.0
0a0ca499cc62f3a97094cf1b640317c8fe73aebead666982870d6ab9e1a075644ed45090940638c19a00eeee13575853aa1f05a2193f7c1d010efe3aedfe25e5,CLEAR,DAYLIGHT,DRY,FAILING TO YIELD RIGHT-OF-WAY,2.0,36.333333333333336,3.0,3.0
0a0ca7ceb2a99be82f9f42ab8568518dfd8b018f6d2c0fedb68a7f558a9164d9e95a74c2f5938b288a9505dfb09ef37cae16f18b0dc24b792cd2ff32041b523b,CLEAR,DAYLIGHT,DRY,IMPROPER OVERTAKING/PASSING,2.0,37.0,5.0,5.0
0a0cba93cbd0b47aa4d508c36d5405e7d7f1ba3959776edee049252ea8894c34961ac5ac6927cf864c4a12321f102c814449c90c01635ab043b2a2178065f0a4,CLEAR,DARKNESS,DRY,IMPROPER OVERTAKING/PASSING,2.0,47.5,3.0,3.0
0a0cf0b103570cbdd3c2aee3a3ec54396e622b08b6c2fe0b9e1e85e7fc4df994aefbf22563b824d4a21b70feed577cd33732ed0d07e25dce148fb5163119e71d,SNOW,"DARKNESS, LIGHTED ROAD",ICE,WEATHER,2.0,17.0,3.0,3.0
0a0d0df432a11aa00c82b978594ec77ea92e1185bb567a39c17e75ebb0d6b0131defcffaffc8cb86e6661bd931b5e7e9b7acfd251e335f0f12e4a493da4d8833,CLEAR,"DARKNESS, LIGHTED ROAD",DRY,FAILING TO YIELD RIGHT-OF-WAY,2.0,40.0,2.0,2.0
0a0d3c257a40d88a73bb8cd7824fd6384ec4891cbae5cf85dca7b16c8ec172d44e78b1f26cbcfe7545ccee43399000542ecbb5fca77023055a3f832cafe21b67,CLEAR,DAYLIGHT,DRY,IMPROPER OVERTAKING/PASSING,2.0,34.0,2.0,2.0
0a0d4f8a71aa61c207139154753288db1417208d601a03242bda3c41b05a66a8f489b526dcfef1cb7837fda786ed5827b3b7b3dfafeaad44e581a2fbcaf78085,CLEAR,"DARKNESS, LIGHTED ROAD",DRY,FAILING TO YIELD RIGHT-OF-WAY,1.0,38.5,2.0,2.0
0a0d896f67abb9e57f4055b17a43ac75b6ac644cddbca6359a1323ffff0eafab8bee12bb29298a95444d71a07aaa9dcdcac1e5faf931c36f10fec1aa34b4c68c,CLEAR,"DARKNESS, LIGHTED ROAD",DRY,FAILING TO REDUCE SPEED TO AVOID CRASH,2.0,22.0,4.0,4.0
0a0dc2c580d628efe9667bb7c53e2a3fe15c50686fb7afb1da9ce1516ba1ccff6cb5df277312278942d56b3237d6b4852397aa1234735f31e982485a3e435cb4,CLEAR,DAYLIGHT,DRY,DISREGARDING ROAD MARKINGS,2.0,52.666666666666664,3.0,3.0
0a0df9ef2e3cf9ec5312b02b0a7de08474edeae09b76e3f0ead7d1c3356ad3956e0d390bed585f911bb1dd3ee9857d7d52a4af72f72c1f8d5f447c3a30a369bb,CLEAR,DAYLIGHT,ICE,FAILING TO REDUCE SPEED TO AVOID CRASH,2.0,26.333333333333332,3.0,3.0
0a0e016e1a2fc17ef7dd1414a5f2f1c158aee9ca2ab49b744809603aa455ae83e7d75b4f55f7efeaaf71198f27ddfa860e1e2e4832b3e6b429c6eb7fd0a1c05e,CLEAR,DARKNESS,DRY,IMPROPER OVERTAKING/PASSING,2.0,24.0,5.0,5.0
0a0e37ca25b3eb21f82be44396780efd4322dd2f6c96c7eb126df945365adfdc45fee51dc9e42bae1b9d40459ef091443e74919ae7c9015e2f98ecde4bc4421f,CLEAR,DAYLIGHT,DRY,IMPROPER OVERTAKING/PASSING,2.0,41.0,2.0,2.0
0a0e46e28725a14a873e280057b98b4af18b57606e6a475b1742a9b5616be3e63013af1cb90e8865d5c504a72ed2caeb497a261bb2155fa92806fd74171e0a2f,CLEAR,DAYLIGHT,DRY,IMPROPER OVERTAKING/PASSING,2.0,64.5,2.0,2.0
0a0e5dcf8c882a5c9cd0e28e311fb10b51f7d63c4ee25d5de17f255b72b2697872884d978ab4f9c72eba94d4cf5e0bd41bea28156087594acb3d71a7b986081e,CLEAR,"DARKNESS, LIGHTED ROAD",DRY,DISREGARDING TRAFFIC SIGNALS,2.0,26.5,2.0,2.0
0a0e891063eb24854acc2ea3504ac1f8b976d1147abb7a41550ffeb452bcaaea6a5e0198691abdace2acfa9ba7f821ef8a92b0e466df59110e78835f5b98a007,CLEAR,"DARKNESS, LIGHTED ROAD",SNOW OR SLUSH,DISREGARDING TRAFFIC SIGNALS,2.0,33.333333333333336,3.0,3.0
0a0eb820f0d590da094c2ad19c73f4bc5c83e9e758b1d23cc9cded8995fd55ffb5d9ab07efd54a804e2debbcfb6ebf2932eaa7977c74aa9e97febd3588352341,CLEAR,"DARKNESS, LIGHTED ROAD",DRY,FAILING TO YIELD RIGHT-OF-WAY,2.0,21.0,2.0,2.0
0a0ed1a6ccfa3a996e5d72baf06402a4987fd9395f2a1d6621debc27effd866cc0e5cef1a92b7e6689c8051586447ad31665a666379543a2ea111b4d69de2370,CLEAR,DAYLIGHT,DRY,DRIVING SKILLS/KNOWLEDGE/EXPERIENCE,1.0,48.0,1.0,1.0
0a0ed3a528c8eef84a4245a43a3f4d2ecf85de78cca6c3a78ec16d4cac65cc6c197c4d6e0db0dc526dbdddb51296e4839dcd7b7606f780b14e95967a6a345081,SNOW,"DARKNESS, LIGHTED ROAD",SNOW OR SLUSH,IMPROPER BACKING,2.0,34.5,3.0,3.0
0a0ef9b7add1e54ff969b4aefc0f73c39bb72c4bce299044a134b6bd14fbb34b0a050c8329d9f4e1c857efd1a0c03c85ae2ab55d8bba13ae11e666d8e81cc93d,CLOUDY/OVERCAST,DAYLIGHT,DRY,FOLLOWING TOO CLOSELY,3.0,49.0,3.0,3.0
0a0f111c8427884c093907776b2e47b2824cf8c986338ab8d617c361f34d1bcbe5ee84bc8f54bfd3572df0f56e3c572833d9fbe0d5d920033beee636a84d7ac3,CLEAR,DAYLIGHT,DRY,FAILING TO YIELD RIGHT-OF-WAY,2.0,34.5,2.0,2.0
0a0f14702c21b5c76bdccc7ffc48171855c0e043b66aef4a69a5ebdeea2fdaccc7867fe76469ee5a2c5a77dcbbbb746e491bec324bf094217e1912d72650f1be,CLEAR,DARKNESS,SNOW OR SLUSH,FOLLOWING TOO CLOSELY,2.0,46.5,2.0,2.0
0a0f2a82d8a8894457861656d99a98a0e132c4908c95be0ea4e85e7b4ade8852d24411be38d379a9d1e03892a5bd42b0411c811b85881c6e7272bdeda9cf292d,UNKNOWN,UNKNOWN,UNKNOWN,FOLLOWING TOO CLOSELY,2.0,30.5,2.0,2.0
0a0f7c4cb31e5e1280466c30f8ce182c588ec910e1682effc8485a3568979d4557fc1143338826d753a2d3582c5a7fa7b0cda9ed39d80255aca2dd2edc677706,CLEAR,DAYLIGHT,DRY,DRIVING ON WRONG SIDE/WRONG WAY,2.0,17.5,10.0,10.0
0a0f7ed71d18f3fdba370546409624fabeebc333043c9821459c44349e973a1d2f9cac277322485cc660a2436e425a02e4708f2f5f1a6a2e612bb287cefe7e5d,CLEAR,"DARKNESS, LIGHTED ROAD",DRY,IMPROPER OVERTAKING/PASSING,2.0,51.0,3.0,3.0
0a0fa40ff9a2c20a05a561bead5fd72d92a7487975d209cb6255fa155cc6ed3bc8c48c4b4489324775ab0204a1fe5d998a3f1c5a60ad7d036c637e727b349526,CLEAR,DAYLIGHT,DRY,DISTRACTION - FROM OUTSIDE VEHICLE,3.0,45.333333333333336,3.0,3.0
0a0fb48cbdc98cee454130cf6ea06235d3c35187e99f10306ea585d39aa569d02b54a899c246b63762775b68048bf4a1d949feeff5f8665198725faab4737fc9,CLEAR,DAYLIGHT,OTHER,ROAD ENGINEERING/SURFACE/MARKING DEFECTS,1.0,43.0,1.0,1.0
0a0fbb91b116e8f0c4fe00c9b7a7e6ff565e4af35ace10f17db4e5b8bd15ae765cd1705d3dae3809c113dfc15ff2a2003742a0baccb37fb42dc982a08f937205,RAIN,DAYLIGHT,WET,DRIVING SKILLS/KNOWLEDGE/EXPERIENCE,2.0,61.0,2.0,2.0
0a0fc5d8420e0365c315da80c6396635c3619e1cc731a8bba4f62bb8595d938a49143ef1c60b093b8d2dd7bc0b23a3f47f2f502e75a86c5e2bb2da22787fb2be,SNOW,DAYLIGHT,ICE,WEATHER,3.0,68.0,2.0,2.0
0a0fc6371b82e82580c8643601ad7d7e6c00d4f20cd6f3fa9e06a221b66751d1df1ea84cfe0d9b778bcd4cfb7473156844f28ef4aa604e46026b6dff647c72fc,CLEAR,DAYLIGHT,DRY,IMPROPER TURNING/NO SIGNAL,2.0,39.5,2.0,2.0
0a0fc72e934fcea7f6fe53bc68356c638017e43c9832ebd64032e9ff248e08991d9201fedfce5b26e1b0db740358461617d669c6b1ab24635a974e037969b22d,RAIN,DAYLIGHT,WET,FAILING TO YIELD RIGHT-OF-WAY,2.0,55.5,2.0,2.0
0a0ff5d5a6081832d7d08f1d0898eb802f514f746d1858e3ef6e80e50ade4081daada1304dcead9cb2209391a30646976631ece118fabdb0234c092c184d78be,CLEAR,DAYLIGHT,DRY,FOLLOWING TOO CLOSELY,3.0,33.0,5.0,5.0