crash_record_id,weather_condition,lighting_condition,roadway_surface_cond,prim_contributory_cause,total_vehicles,avg_driver_age,total_people,total_injured
0a10272f55e3b919d9f547a60316fac88d6e85cb3ef9ea6d48d91a72b5714d13b747d9daff0fd246f8e1c6056164e237f2660736745af74dd7c8ff56c9ecdb13,CLEAR,"DARKNESS, LIGHTED ROAD",DRY,FOLLOWING TOO CLOSELY,2.0,54.0,3.0,3.0
0a102f371a2b5ff05e8e748251762384e806cbdea46b99e55f3110b6f6c4afc988b59b6f2e16b6addfd4d1a6ffe802b53eda1645152d2b7dbd97f7eec07a5c13,CLEAR,DAYLIGHT,DRY,DISREGARDING YIELD SIGN,2.0,55.0,2.0,2.0
0a10544ce1627adb6bbbc18916690b418f6e3b2e87559876ced2c6bd229fcf4110e6ce8836567fd3df145b5be59c59f716ea260b3c8cf6427c7a2d0700636df0,CLEAR,"DARKNESS, LIGHTED ROAD",DRY,FAILING TO YIELD RIGHT-OF-WAY,2.0,45.0,2.0,2.0
0a106093eb67112f211854d5e86501b7bda2e8476ed9148004d2a748d26d40ce8d0b018cc3aedf9a90ff5c5f759d3ffb372406ae17a92ae1043065fb52cd30f9,CLEAR,DAYLIGHT,DRY,FAILING TO YIELD RIGHT-OF-WAY,2.0,37.333333333333336,3.0,3.0
0a108d8e4a2701590dedfa1b3b076d104b198c35c3ad9deee22b3a3676dbcd71d77383870d907858dc73dda21f560258b6c02fc8e7d69075f38835b3f8a34a1d,CLEAR,DAYLIGHT,DRY,FAILING TO YIELD RIGHT-OF-WAY,2.0,53.0,2.0,2.0
0a108d9f20ace55bd81393765e3881779a91ba7336cf48fe062ab9817c93fb4734768275265e36f13194d2cf5886f10297e11889846ff24ec4452184d61a2476,CLEAR,DAYLIGHT,DRY,IMPROPER OVERTAKING/PASSING,3.0,51.666666666666664,3.0,3.0
0a10af9135d245ac10da89d5d50bfe4d82056fc0922ee4fc4afdc051e42e971098c39735ccd7482de31ee5154f17050b67ec461f385e91639b0826a699aef684,CLEAR,"DARKNESS, LIGHTED ROAD",DRY,IMPROPER BACKING,2.0,37.5,2.0,2.0
0a10bc27b01a71e16cc5adbf328d2433d44ec5125744ce6e41a99674dd91b4af723c88dd7008564c9656fd0d55f308510c97bc4078cbb3b45e541cbf5cfe4caa,RAIN,"DARKNESS, LIGHTED ROAD",WET,FAILING TO REDUCE SPEED TO AVOID CRASH,2.0,29.5,2.0,2.0
0a10e3e48669b51581145dfadefed9240f18c87a086a32035e802e4aa590f7e13b1b4ef5438cc687f445a6bf72ba7798f819e1021f89c079ff8bb997b8ca62be,CLEAR,DAYLIGHT,WET,FOLLOWING TOO CLOSELY,2.0,14.0,2.0,2.0
0a1109766b9f98664e22639e3f8376b05432d34c7259ea30b186559fadc9d096a8170709c7569aaeb3c857287460902edde260240d6974960822c3d0102b6be6,CLEAR,"DARKNESS, LIGHTED ROAD",DRY,DISREGARDING TRAFFIC SIGNALS,2.0,22.0,3.0,3.0
0a111e20db8e886a0b3e2c4d5c6217ed55a6402a49e3aa8cd002bf6941d74b399adb59c2178b50ad57a9e2c8c0c334d263ea91a135816d24394efdeae88e5576,CLEAR,DAYLIGHT,DRY,IMPROPER LANE USAGE,2.0,40.0,2.0,2.0
0a11615ec31f76636b52424a9541456a62e3692cdfdd15d50e05c72ddb5d8fd1e0b1325ad6b89a5b1ee7b300e9be883b5898b310c420512ac89df0b4befcdc76,RAIN,DAYLIGHT,WET,DISREGARDING STOP SIGN,2.0,33.666666666666664,3.0,3.0
0a117013e075ac269ea37b5344fa541cceb5a2af9227c5311d8790b4add5a5574b04fc06afb049bf0e81e332ee03a445d588f35a6aa25f6a44917ebe623b27c2,RAIN,"DARKNESS, LIGHTED ROAD",WET,IMPROPER BACKING,2.0,40.0,3.0,3.0
0a118a1fdd6eb45813f353e7a5088a6a11b7ae7f55907ba2fe42ab097cd8e3323aaf4b4bd793d4a8c54a234dbc7ce61c31952609282331a9e75a3e71144265c4,CLEAR,DAYLIGHT,DRY,DRIVING SKILLS/KNOWLEDGE/EXPERIENCE,2.0,49.0,2.0,2.0
0a118eff96396f1aa865d54d7db7b9f7e16c1be310e7a83f70fddf57c4113a1a559a05c70ed1c77d9220929725c3b366ae9e44feac38188dadde81ac1c892491,CLEAR,DAYLIGHT,DRY,IMPROPER TURNING/NO SIGNAL,2.0,56.0,2.0,2.0
0a119008fc0900f480a5e23c3d7c067495f28ede462942cfc549e8ebab50d2ac443fafd629c5978f2c1a58cef66aa7320400f9a1df57c4f4ec78ff4c57548f4e,CLEAR,DAYLIGHT,DRY,IMPROPER OVERTAKING/PASSING,2.0,37.5,1.0,1.0
0a119748548de4b1d6a7854189e0ed41652dcbf2cab1bfed28bce75df41b33c2b30a42c070e73a6f62176f4280da1cc654d6a9b72a1435090775177a4598a49f,CLEAR,DAYLIGHT,DRY,IMPROPER TURNING/NO SIGNAL,2.0,38.0,2.0,2.0
0a11c7237c8077f1f46f34b2316b2364909c653b7ae8c4c21b706fecc85d9103cd1568e71a20eaec0f1218883421ea23420e241817aa012c2cf76e7a506ad293,CLEAR,"DARKNESS, LIGHTED ROAD",DRY,ANIMAL,2.0,40.0,1.0,1.0
0a11ef190d6d6237e80af3aa1da76344e53c67dfda388d50e61db51ca3803b746c7f5f0478465b0346f7b3dce0714b3cc628d32322cb5eb65432e5cfd5838851,CLEAR,DAYLIGHT,DRY,FAILING TO REDUCE SPEED TO AVOID CRASH,2.0,42.666666666666664,3.0,3.0
0a11f4b552dd8daf8944c1a37f00cf7f4db3f24654cf893b61c0ce503aafb47506972f7f5308d9064b21077c2ee5bd5e61194190e374ebe4ca7eeb8f0ba822d5,CLEAR,DAYLIGHT,DRY,IMPROPER BACKING,1.0,63.0,2.0,2.0
0a11fe2b4342e354ec68cb04a9ebf10571e4b2b0ce5d69b382702dc1a0841b29badd79effa1a04944d3fdfc9c99aaaf0afed826abf81af73d259bbc5921440f0,CLEAR,DAYLIGHT,SNOW OR SLUSH,DRIVING SKILLS/KNOWLEDGE/EXPERIENCE,2.0,47.5,2.0,2.0
0a1205e6333065503cb1f9781038b8fc23cca1391a0938111c25f6e9f2ab5e1701ba239b08e0db45868eae5a9bc721c0473e01e3dcf4edd8ce31374a54da09e3,CLEAR,"DARKNESS, LIGHTED ROAD",UNKNOWN,FOLLOWING TOO CLOSELY,2.0,18.25,5.0,5.0
0a120b96fbe5f3dcc025ffa5f6614b517f9a42e82cece07dd0da7dc2925d19ca9642703297e296569660237e97c749eb1161e80c8d831590fe83dbe502034ba8,RAIN,"DARKNESS, LIGHTED ROAD",WET,FAILING TO YIELD RIGHT-OF-WAY,2.0,59.0,2.0,2.0
0a1266023badc2ccab4af7ed2a36bf13e0b8295503b1e76949d6f94517712a6dcfec008d566ff8c04e98c04c846e8d294de16d23058b77ede04943a32685bf1d,OTHER,"DARKNESS, LIGHTED ROAD",WET,WEATHER,2.0,48.0,1.0,1.0
0a127f0459df7124635a21d9d5968abab633870e45e6c1eed3a901ee4460adc3f7e68385b3d5277ff139e123437022beb6d7fa414e61a2c366c69e83874cc638,CLOUDY/OVERCAST,DAYLIGHT,WET,FAILING TO YIELD RIGHT-OF-WAY,2.0,75.0,2.0,2.0
0a128414e531931c8cfa4fb32a12f25f0ccfe8198a1aa9a180e1277074148c1689cfa30e5c2406d62639f58ca38137e50931a908789c0fcab24d07153badb567,CLEAR,DAYLIGHT,WET,IMPROPER LANE USAGE,2.0,47.5,2.0,2.0
0a12c8ad40667cf19663c6aaf9ce9a7307515dfaa1f8478a83f969f7fd2122d300c1eef4608fbf8f957c8bf58318879425c17359982be430b29c950b56d79f50,CLEAR,DAYLIGHT,DRY,FAILING TO YIELD RIGHT-OF-WAY,2.0,26.333333333333332,3.0,3.0
0a12d1330b0ec9b450abe20ff2e086c59a9a1c6008feef4cb0a1bed5e921de74a31f4d755f796e8f8d70c8d85f88cb7b658625ffad056d2a0e1ce1e636cd68b6,CLEAR,DAYLIGHT,DRY,FAILING TO YIELD RIGHT-OF-WAY,2.0,35.0,2.0,2.0
0a12f8183b2fbca91eb816b039af040dd428d571269a4997fdca269d18b64d13dcb957a3c17d8a91634a863513634ae94e8951241948c483485aaf4846a58fc7,CLEAR,"DARKNESS, LIGHTED ROAD",DRY,DISREGARDING STOP SIGN,2.0,53.833333333333336,6.0,6.0
0a12fc078548ac1ce94ee36e91ab6ffda0d916da43fd016c2aca1e51622ec1e586455d80aadfd42142e956e243b452fd26ccfea76608a7c6a95fda777e88fdeb,CLEAR,DAYLIGHT,DRY,FAILING TO YIELD RIGHT-OF-WAY,1.0,33.5,2.0,2.0
0a131e6e0540b6f8bcadd901008a28908099da71ccce00142e239cb99a5ce6834d2dc6c0104875b83aca3c629feea170720973dae976a5ef926923d8c35720ed,CLEAR,DAYLIGHT,OTHER,FOLLOWING TOO CLOSELY,2.0,72.5,3.0,3.0
0a132ddd3abf99e11488d086998c44d19252b744d651f9ec9ffda1605b7cbf73c77642ad213b697c216dbcab06aca5159bac47479183e902ffbd18decc821423,CLEAR,"DARKNESS, LIGHTED ROAD",DRY,IMPROPER LANE USAGE,2.0,34.5,2.0,2.0
0a1344026018b19b5b8d02b3291b0d380d79a51d216ced0c7ea4fa01b13a8ed44a87046a9219bf53cb2fad42e9caf60c136fa2d7907cbeb152ba1c9fbde8b373,CLEAR,DAYLIGHT,DRY,FAILING TO REDUCE SPEED TO AVOID CRASH,2.0,37.5,2.0,2.0
0a13484f4df87a573cba8c78e5bcc79e1b43cecf1effafdfa2a93b3093e47f4149018effe4942f988f0ee4801f2834782e675a548365b9cee291b890427e7d54,CLEAR,DAYLIGHT,DRY,IMPROPER OVERTAKING/PASSING,2.0,45.5,2.0,2.0
0a13535c18f37632603216798dffc0d3fc29b2098cc8c34f22d3c65d775fa49152baef6013c4f0930d100aa530b4496b7f12da8557aa9b8c8e89e6485eadcc4e,UNKNOWN,DAYLIGHT,WET,DRIVING SKILLS/KNOWLEDGE/EXPERIENCE,2.0,60.0,3.0,3.0
0a137e309d171c57a098fa7a7fa95f8d1a0aaa648fed30dd936ffe5c2fddf52c7def1cfe375ed85ba81c589a71b9780dcf52c836c25d0c2bf6a942225ac50026,CLEAR,DAYLIGHT,DRY,FAILING TO REDUCE SPEED TO AVOID CRASH,2.0,27.0,2.0,2.0
0a13c7ab2b91566979290a87e0468484534a7c9217b900bc6f9943adf1cdf4de1c6d8c03d07338783bf8e699df03457a2428d74ce4ce6ce5b2270d0f45b952f5,RAIN,DAYLIGHT,WET,FAILING TO REDUCE SPEED TO AVOID CRASH,2.0,33.5,2.0,2.0
0a13e35ad5b985dba8d2dbb5235027f12a2af42f51c48afa18911a0e18983efd92aa78192b6e7d9996524715a752934835eb613864aea9423a0a6e9d9c794869,RAIN,"DARKNESS, LIGHTED ROAD",WET,UNDER THE INFLUENCE OF ALCOHOL/DRUGS (USE WHEN ARREST IS EFFECTED),1.0,29.0,1.0,1.0
0a14561443e6fd0a195fe88369c2c9506af6be2b1095b8a14ac6ac4b156e7891ae3e36f86da21338d2d3a81d987ad392e1bc5ae2683ae779835b0ea405a9581e,CLEAR,DAYLIGHT,DRY,FAILING TO REDUCE SPEED TO AVOID CRASH,2.0,24.5,3.0,3.0
0a145fb4ef74841a3e9970dd42644e822cf608bb7d81dd18dd8c6c5f002dae567f45f4aca890dce101b0e1642553176ba81d3f331525927c127b1da440bb92dc,CLEAR,DAYLIGHT,DRY,FOLLOWING TOO CLOSELY,2.0,55.0,2.0,2.0
0a1477b04912f3ca624192887cda553c5060c8777d28760aeacf1e89265bdb72cc331d54ccfe781e4f4535397bfb82bd57b24f03e7ca0778efe36abd8fd52333,CLEAR,DUSK,DRY,FAILING TO YIELD RIGHT-OF-WAY,1.0,53.0,2.0,2.0
0a14796857a7bea21fc81c2ea30b8890f61ebf2f5993604fa67153c346b5aba582e080036011df06313a0c9813260d39ad629af33b7b25a37c1cb402e2d1de48,RAIN,"DARKNESS, LIGHTED ROAD",WET,FOLLOWING TOO CLOSELY,2.0,34.0,2.0,2.0
0a147ccb5e036312f0db1493f0e8293a106da00cef9ea5673f622df8e327236f9ae38dc1f236ba0edc7fdd6f2b3fa4e0696548459d3da78aae322bba04091176,CLEAR,DUSK,DRY,FAILING TO YIELD RIGHT-OF-WAY,2.0,21.4,5.0,5.0
0a14a1de67b988b5e298bc60524189c1359c62430722da0c25db8d3929f6c0e5be94ec8e188f1ca6c87a0c5dd771d39d9d1980e628636bc1c9cace22a582fda6,CLEAR,DAYLIGHT,DRY,IMPROPER OVERTAKING/PASSING,2.0,15.0,3.0,3.0
0a14b84b11752d7e043f435aa13b1cea386ec07a93bf61029a9000cd353bdaa0311fef5dab70e4262747d52935161a488ea5f59055439fd6e16fbbe074589d04,CLEAR,DAYLIGHT,DRY,FAILING TO YIELD RIGHT-OF-WAY,2.0,25.25,4.0,4.0
0a14b8ae8e85ee1da703a8b7a1557007f117722de88df7ca6ce2f99b52a7233c6d089f27aa6dec7dcced399233ede7ecf049c7eb6df0489a1b1cd9bde71dcbc0,UNKNOWN,UNKNOWN,UNKNOWN,IMPROPER OVERTAKING/PASSING,2.0,49.0,2.0,2.0
0a14c8c77b1e0ba8164a952326c56a1e77ca0dc04cf7f266436410ca68e2eae9f93c5a1a59af40d5deaf5e64de0dced07740644a9fc1e40a896cb88a483bef68,CLEAR,"DARKNESS, LIGHTED ROAD",DRY,PHYSICAL CONDITION OF DRIVER,2.0,45.5,2.0,2.0
0a14cfa1d37387e3eddb3d63587b19a62376db02fcc895b40023eaa33fe630d86433468ec0c400d661ae5c7d3d5f8c470b4dc7abf5bf63ff98f85de470b22ed4,CLEAR,"DARKNESS, LIGHTED ROAD",DRY,IMPROPER LANE USAGE,2.0,24.0,2.0,2.0
0a14eb40807a426b2927d013095ba3b8b671c5183e4a2abacf8e8c949c796470ffa7fb2e9c1a3b28976cdf972b80d92555ce0730c4af75293d468ba01a505c27,CLEAR,DAYLIGHT,DRY,IMPROPER OVERTAKING/PASSING,2.0,38.0,2.0,2.0
0a14ed767f248288fdd39b3251d5c010ca5d784bfebe423d42756f75fb2bf29dc504fb021c6cc204a094665b31012b6b39e502ddacf1ce7ba733a91d089a83de,CLEAR,DAYLIGHT,DRY,DRIVING SKILLS/KNOWLEDGE/EXPERIENCE,2.0,60.5,2.0,2.0
0a14f735ea635a55513cafe141b5e1d9608cb467027aaeb158a04fc8d3817b2089042d24ddeeedafe886451df812d1db01207b79bee07b042a4d67547ed40a97,CLEAR,DAYLIGHT,DRY,FOLLOWING TOO CLOSELY,2.0,50.0,2.0,2.0
0a14fdd66ea2d76fe2f6aac9b2abfaf3d37724267fe31f787494b5ce2b8748600e7827472fb48997fb6982a5903c26def9c7bd02c593757bdafe9240640848e5,CLEAR,"DARKNESS, LIGHTED ROAD",DRY,FAILING TO REDUCE SPEED TO AVOID CRASH,2.0,31.5,2.0,2.0
0a15091a73e37b037df88610c5c96e8a667ebbdf08dd52b2ce718969d93794329d922ea9f167e48d330fe1674bf374eccc2cec6b7092a7d3bfe1477604e6d12b,CLEAR,"DARKNESS, LIGHTED ROAD",DRY,FAILING TO YIELD RIGHT-OF-WAY,1.0,42.0,3.0,3.0
0a152611858d7fbde476bc041375a1888224ac252699330588a83a6b804c8bea79a9480faee7462917d4522142c83d3cb7ea5a128ca8d3c01436193cd4f826c5,CLEAR,DAYLIGHT,DRY,FAILING TO YIELD RIGHT-OF-WAY,1.0,44.0,2.0,2.0
0a156a5b96ba99b92822b54f106d346b0e7159d97a9c6fc30f49ce27fedb1a4d947ec57526cef4e33fa538673dedd67bb830b0acb8c59e5b393543bcc8e4f22e,CLOUDY/OVERCAST,DAYLIGHT,DRY,DRIVING SKILLS/KNOWLEDGE/EXPERIENCE,2.0,26.0,4.0,4.0
0a1581747f4ae500680254aaf1bbf78be8367413e195f8030a0ea866116d5c3a68b43556916f3b582726d7e0b2dfa392ab94176f3aac9d2af32ff1fa07ceb2b8,UNKNOWN,DAYLIGHT,DRY,DRIVING SKILLS/KNOWLEDGE/EXPERIENCE,2.0,30.0,2.0,2.0
0a15a22652095caf7ebd1f774abf50a3c42574e2ae52e24f63e2380d169dc514f1cf867a4095c08eb7d8e2e405ae3c353fe976b95b33fe75e8b93c76c47569f9,CLEAR,DAYLIGHT,DRY,IMPROPER OVERTAKING/PASSING,2.0,38.5,2.0,2.0
0a1604fbb138e9ca2f3d30d6d4ba87e7cbf91ea52fdce78ab85ac8e21d29c672d4a2179f4383b5abcd8ed1e1f97cd62ba952f6720901f118b06c75c28ec30ac2,CLEAR,"DARKNESS, LIGHTED ROAD",DRY,DRIVING SKILLS/KNOWLEDGE/EXPERIENCE,1.0,24.5,2.0,2.0
0a1647c8381557fe8d02086ff94f28ea950f9eb10b9b13490874b8cfb8ba2d12bc32f5279b5a81d10c60050136817d9ce6a630135ce202fc655c3940d27e4cfc,CLEAR,DAYLIGHT,DRY,IMPROPER TURNING/NO SIGNAL,2.0,33.5,2.0,2.0
0a165fe3ba88e3a43f39679356c417608447f230a16c7fc40dd1614aa5da2413ceacc9e62fbbbe3d4fb315c6e7ad8f9bb6ff304cca7563d235dc05c30c74c86a,CLEAR,DAYLIGHT,DRY,IMPROPER LANE USAGE,2.0,41.0,2.0,2.0
0a16766adbaa615e8ecaa9906f9afce049507e62bf79b9f6412fac9201dfaa8e6b1f5482cab18088449ea472856c41330d10c4327cdf02cb94bd1967cbe9b5f5,CLEAR,"DARKNESS, LIGHTED ROAD",DRY,FAILING TO REDUCE SPEED TO AVOID CRASH,3.0,32.0,3.0,3.0
0a1679445d50196c698a5a1f05ad0d9043a9aa6dda104a3dcbe5d5082d4280f83854665a26dc659d49f94694fbabe99fc596b5655fc00e97f7c02dae95a4322d,CLEAR,DAYLIGHT,DRY,FAILING TO YIELD RIGHT-OF-WAY,1.0,47.5,2.0,2.0
0a167b2262963a5dec305159f48b4ee14a7a4928a6823ff212de54071734de667a3c5f332e01b320f1a667b63b68501aa7561ab84f67f6f544ae5ab8f84af9d1,UNKNOWN,UNKNOWN,UNKNOWN,IMPROPER OVERTAKING/PASSING,2.0,37.5,1.0,1.0
0a168b6e04f4a8b78de051b74e88002baa84a498289c58bbe9c1732cd82f3ea77dd87de9cdeabb2d06a5d4ed262edef3df458f797d892242ed9d42482c9cc05f,CLEAR,"DARKNESS, LIGHTED ROAD",DRY,FOLLOWING TOO CLOSELY,1.0,37.5,2.0,2.0
0a16a5525f3c343ca153ce92d05af1f21d4831dc6d882a88bbd95f00f26b78fb71c9d0eb01a4e213f33859e79c72f3fd214e4a7a005a75334d1f361aa8ffabc2,CLEAR,"DARKNESS, LIGHTED ROAD",DRY,IMPROPER OVERTAKING/PASSING,2.0,53.0,2.0,2.0
0a16b0c5f3adcfd3e490ccbcdc1dd4b88841d002eebc6342c90285c25fb3699c0ec5b24ef58d546a64250aa0ca7f06e63116b31d8c585e47b3cb3cc38a3366a8,RAIN,DAYLIGHT,WET,IMPROPER BACKING,2.0,22.75,4.0,4.0
0a1738e339a9057912d5b8fe57363750a2d8491c2e437fc34829ba9694cc76e6be26bf48152348f088bf205726616b20bec7af5a28cd8574139795fea21a9b09,CLEAR,DAYLIGHT,DRY,DRIVING SKILLS/KNOWLEDGE/EXPERIENCE,2.0,48.0,1.0,1.0
0a173cdbaf2fc9ccacf7445816711b96547cf342a24be9f91177b5cb1d77ee33699b40a2d1c5fbea6732a2dbe48c148e412488edc8659cd3184399c051942e01,CLOUDY/OVERCAST,DAYLIGHT,UNKNOWN,IMPROPER OVERTAKING/PASSING,2.0,58.0,2.0,2.0
0a1748ca6c00b82555dade7ced558b33f1a0a9fb7d47b7b400175806207b0a97a04f3ec8ce43bc89f5c6d279b05a7016f811e4e9457a10fefba4fe88b3531deb,CLEAR,"DARKNESS, LIGHTED ROAD",WET,IMPROPER LANE USAGE,2.0,47.5,5.0,5.0
0a17526706a70346bbaec0bd20b4b862e9bc91f77a626ad1878b31ce50fcb8367d843d231a8ce53842c830f236fd8ce83a6200cb56eb84f3688f9fbb81301f02,CLEAR,"DARKNESS, LIGHTED ROAD",DRY,FAILING TO YIELD RIGHT-OF-WAY,2.0,28.5,2.0,2.0
0a17c14819071c21ce12fafa726c40b7106033f4b3997fce8fc12dd867b54e51ed1f346ca78daca565e25b363aadb0ea259f8ae837bd5e154db7bab62196f4c3,RAIN,"DARKNESS, LIGHTED ROAD",WET,FOLLOWING TOO CLOSELY,2.0,36.0,2.0,2.0
0a17c98cc5e2e08f6c59cdfe84495cd2e4a21bd7da94e8f23943a730970a2353dae4e3deaa1fb62e75eeb44e9b48f28438148a1153bc9ce93a704c967b0f7e84,CLEAR,DAYLIGHT,DRY,"OPERATING VEHICLE IN ERRATIC, RECKLESS, CARELESS, NEGLIGENT OR AGGRESSIVE MANNER",2.0,31.5,2.0,2.0
0a17ca5e273684c9147b26d27198b7f8821e76e040bbdc6fd8e56fdd1d02874421967d2bc3b37765142eb6c4c231f7e6ec0877c80a92fe3d8197cccaef7973e0,CLEAR,DAYLIGHT,DRY,DRIVING SKILLS/KNOWLEDGE/EXPERIENCE,2.0,18.0,1.0,1.0
0a17f8eea57e1de953d42929cb2342d8ab7af1fd677756af55949c14c1f6262083c80346d3efc95f02ba127070503f84c48ea3f01ac7a8ea6d35f6191fc622d4,CLEAR,DUSK,DRY,DISREGARDING STOP SIGN,2.0,18.5,3.0,3.0
0a17fe41fe1bb1007af6efa845a2bd6a0120cfbca8435b7d947d4dae32e618bd13f9cc48b18d8fb7c9b540779cbf659ea9d5100ae2dd2171219a59dafc600a77,CLEAR,DAYLIGHT,DRY,FOLLOWING TOO CLOSELY,2.0,57.0,2.0,2.0
0a180825380679127c7f8d16bbefd57750bc53600e02243a9ac099427ba6f73f4ff79fbf86ee09aa1163e4ac8d81ab24a5405ffea48f242a7b1110a403b1456e,CLEAR,DAYLIGHT,DRY,FAILING TO YIELD RIGHT-OF-WAY,2.0,29.0,3.0,3.0
0a1821cf72b01c7dffc35191cd6148c3ffe73fc7a2584dd863f14560e9999c5d680bebbc5ee94e0f14d19ebec82f89a8a930d38f333bfb46266ffa70242559d6,CLEAR,DAYLIGHT,DRY,IMPROPER OVERTAKING/PASSING,2.0,43.0,3.0,3.0
0a1824b17766bbefbb6b5271549ea9c660e8e8458bbbc0ff817a157a778b1e5983b50bdc7966eda7325e90e00b93f6f84978005d2a5b208c1fa934510047f334,CLEAR,DAYLIGHT,DRY,IMPROPER LANE USAGE,2.0,29.0,2.0,2.0
0a18579ad1e5799408a3234e6aaecd60f5bd6d5d4a9163685b5ff78842ea7c0d6e3cbbcfc770ff99b8762a8d11c346376c5bc46b27173d3585b7c8a08c4ee9b2,CLEAR,DAYLIGHT,DRY,FAILING TO YIELD RIGHT-OF-WAY,2.0,36.333333333333336,3.0,3.0
0a186a4fd9ddd65d86f83219822db07861b398dcfd5d615e42a6e369fe676dae94616ce0bc0c0a4a8fa333ebb1b964240bdcd75b8675bf9b385ee75cf123d009,CLEAR,"DARKNESS, LIGHTED ROAD",WET,FAILING TO YIELD RIGHT-OF-WAY,2.0,24.25,4.0,4.0
0a186f8fdaadb12324e29faada5c5e17dd5d05ecfdfab7a5ce2a0b48a87e3be804b77d661d2f1a8fd29d375aae06a4b9f99ede10c08fbe8866fbe585a0da132e,CLEAR,"DARKNESS, LIGHTED ROAD",UNKNOWN,IMPROPER OVERTAKING/PASSING,2.0,69.0,2.0,2.0
0a188436765af89b22e0eea0d9167763ff5d0f04966721df562a2bf82a97fbf4c7e182b2d9e2604e14c628e475a5742844f50b49912637d0c4ab148323593297,BLOWING SNOW,"DARKNESS, LIGHTED ROAD",WET,FAILING TO REDUCE SPEED TO AVOID CRASH,2.0,63.0,2.0,2.0
0a189bf4b2ae132af26ae65ee8286c6781c5de055bf56e2ad5b63b67725eca68926d809b3e46c287d5cfdf112127767b088849c1adce20e324326608d35c6b2d,SNOW,DAYLIGHT,DRY,FOLLOWING TOO CLOSELY,2.0,57.5,2.0,2.0
0a18a5e8087ecc9a6c52b47fdcd733676bbf5bc9d7420ba759071b40bc0a93b40cf9bb96884e6b46d6ffb0113d741832f91dd7d31e96ae95d81ba3ed130d534b,CLOUDY/OVERCAST,"DARKNESS, LIGHTED ROAD",DRY,FOLLOWING TOO CLOSELY,2.0,54.5,2.0,2.0
0a18b53ec6cc5bfcd4f421328f82817bc508c1c5be0091e64a487a43ccc27095dc7cfb171080a44249574b78c1331a43a1a7d8c107e8e26fa2a978be07570ee3,CLEAR,DAYLIGHT,DRY,IMPROPER BACKING,2.0,64.5,3.0,3.0
0a18b9b15441c50959def3baf970b9dd11871526206038ef5498e8766dd189f144a4f4d9636c03883171c74d08cb4ef8bbf6f6d50ebfd93a01186654f282b998,UNKNOWN,DAYLIGHT,UNKNOWN,FAILING TO YIELD RIGHT-OF-WAY,2.0,30.0,3.0,3.0
0a18f9d6f857901abe158ec9a268a9ef8806fef0822aa6498b8cb28f23f5be203bc2017c3466043f0945e7cf1b321e65efeef0fe820e136492571c5b9f8f4daf,CLEAR,"DARKNESS, LIGHTED ROAD",DRY,FAILING TO YIELD RIGHT-OF-WAY,2.0,28.0,2.0,2.0
0a190c591c4c6582b1155b8d5761d5c2aeb86637e0dfea05f923e9c9ac9fdf4284e5d6a0a35496abc1537da2eb4356157fb1b6a3ab432ebd15d37bdf1bad6def,CLEAR,DAYLIGHT,DRY,FOLLOWING TOO CLOSELY,2.0,22.0,2.0,2.0
0a192b751a05d6b0ff394e8fe7d452ea70e7440ee87ab2d74f3676b6fe83a62cbdbed7177ea28efa862cd14979711065a5e620a385085a3d43fb2b396e50d0f3,CLEAR,DAYLIGHT,DRY,"DISTRACTION - OTHER ELECTRONIC DEVICE (NAVIGATION DEVICE, DVD PLAYER, ETC.)",2.0,56.5,3.0,3.0
0a1935c2eca4509e4ace9db317c09900f15359837c3e45a4be58572e6e0fa81cc505e1e0421de99599bb8d3604dc900fe81c9659ec016f0b97957aef7f86ea7a,CLEAR,DAYLIGHT,DRY,IMPROPER OVERTAKING/PASSING,2.0,43.0,2.0,2.0
0a197e74b52c576f38f5e8897d2391aa2ff6e9ec80f011622b468a467ab21b514d6c0787bbd78903dd0a717192af7b2037f08e4f406472dc535f3176aac2d697,CLEAR,"DARKNESS, LIGHTED ROAD",DRY,IMPROPER OVERTAKING/PASSING,2.0,25.0,4.0,4.0
0a197fdaec93cf740d42e0b16564e83bac26906c1c402fb541af90ca225533cc163bbd3dede5d0cf98c2d04d38c68e3115c6f05bca2d3d14a21571d73a2d1679,CLEAR,DAYLIGHT,WET,IMPROPER OVERTAKING/PASSING,2.0,59.0,1.0,1.0
0a19ef723efd7309b17785813cc1bee17e12a8389a1ece2c1a55619da9110e5467dc3dd89e97c09c89fe24d9b3acb89a1d988530d3b4d985ab4b67c0210a21b1,CLEAR,DAYLIGHT,DRY,DISTRACTION - FROM OUTSIDE VEHICLE,1.0,34.5,3.0,3.0
0a19f32e6fb1e773e0ea16dda44d293ec0ae484b1eb4c9d884b1178fea1733b7c99bc0a8b7c92e858eccd6b3c5da61dc8ca9ea547442b5427fed8c2fde65305e,CLEAR,DAYLIGHT,DRY,FOLLOWING TOO CLOSELY,2.0,49.0,2.0,2.0
0a1a005df6a6a1ed688e5b1a4ec1e3f754ac9421a842f7441ffb856e5e53094142242e895b392967b6000ececc6187f4185db67fb1b05c0c87ab9a4650f4e91c,CLEAR,DAYLIGHT,DRY,IMPROPER OVERTAKING/PASSING,3.0,36.0,2.0,2.0
0a1a0ab210ac8651b03ae939381eeefa14bf4f5ebf594a989dde9e45156743b38f6d0ac9d218be19eca03d52482d6c12837583b9ebe1bc1754c4cb65cb106c75,CLEAR,DAYLIGHT,DRY,DRIVING SKILLS/KNOWLEDGE/EXPERIENCE,2.0,45.0,2.0,2.0