crash_record_id,weather_condition,lighting_condition,roadway_surface_cond,prim_contributory_cause,total_vehicles,avg_driver_age,total_people,total_injured
0a1a4870775d79820c4b684c36109f50297e62c9c8653cad1d885928db84b4349bee353d33aa72d9aa1cfeffa3ae68a9a2f4d30779eacfab6758282b1ae470c0,CLEAR,DAYLIGHT,DRY,IMPROPER OVERTAKING/PASSING,2.0,24.5,2.0,2.0
0a1a5b8073c985f6ae58daaca286dc1ef4356771031274eb8d048083ef4faa5352d6336e4490055cb29e0ef2a4de64d98709ee884fd35f4a5b023d1734e71e42,CLEAR,DAYLIGHT,DRY,FOLLOWING TOO CLOSELY,2.0,47.0,2.0,2.0
0a1a62a4db72d93d7ad8fe0c1a8dbe5e29e21074f99f6cbd43d6bc8dd2f3de0275bab91368293d0213636b306c7962b3d8107a03174056e97565952b3a0d3025,CLEAR,DAWN,DRY,FOLLOWING TOO CLOSELY,2.0,50.0,2.0,2.0
0a1abd2432ccdc4fede7da4d447d2b85a2396db0b37adb85cc11c21ae7861795ebe98b900ea86a312d4ea07f8128aab4536d4c3752027cfa1018681a92d0aeba,CLEAR,"DARKNESS, LIGHTED ROAD",UNKNOWN,ANIMAL,1.0,56.0,1.0,1.0
0a1ac500483e1cbbdd83f3d9f9f463fb40b1c5d1a087de7855768b759da0b36503d4368606bf7540437a4d6469603cf8ef177017e59cdee67665dd2e32549e58,CLEAR,"DARKNESS, LIGHTED ROAD",DRY,EXCEEDING AUTHORIZED SPEED LIMIT,2.0,30.0,2.0,2.0
0a1ae18f009ec3b8f6a110cf50237ea9bff11a061797a7f535625f1bb0a1e889cd22f56b6df53957592ae0e63fff92811c3c8be14fdab91da73f845fde436b10,CLEAR,DUSK,DRY,FAILING TO YIELD RIGHT-OF-WAY,4.0,29.5,5.0,5.0
0a1af25ef948e0ecf7869391c34069d5a2ea0c36ac91bde8657ead1eed839f7817d08f0951da2a75a9b14493e7fdc1d9c2082fdb2fc509500703ecb81707688c,RAIN,DUSK,WET,IMPROPER TURNING/NO SIGNAL,2.0,32.666666666666664,3.0,3.0
0a1b014560288da7a9585ba3a7e383fcbdc410e1cefbf75316db24f2b8110616cd34c35b2a46cbfb1eb40261b8e775807de8e171053034f7937e221ca0a24b5a,CLEAR,DAYLIGHT,DRY,FOLLOWING TOO CLOSELY,2.0,28.25,4.0,4.0
0a1b1fc9a36d5638d20be42d8eb9c9c0a98d85f23127dfe5f5298035bb09e56847f072e9141c182b014ba50306359fadfb7c8dda80247e5ecdeb0fdb2f4fd641,RAIN,"DARKNESS, LIGHTED ROAD",WET,WEATHER,1.0,21.333333333333332,3.0,3.0
0a1b2d1331234a226e151318db50bcbce91273cd3c0477392d13764808d9687a52d615424878e0d4952af6316074a14346337be4bd0d9c4457c1e61b123a691a,CLEAR,DAYLIGHT,DRY,IMPROPER BACKING,2.0,56.0,2.0,2.0
0a1b5eb74eb92fab953f5c883cbba2f96131dc4a589ebe80bec8b9a6bda931244b26b948e7df98e3ac9d4f3953c344a46de71c2e27d1e0404cf656eba08c4a20,CLEAR,DAYLIGHT,DRY,DRIVING SKILLS/KNOWLEDGE/EXPERIENCE,1.0,36.0,3.0,3.0
0a1b700fdd2655d5df3036911ef1203acba8c01afce308538ccd28e64a05e08794ecb6c1935a82111f56409f19fec9cd2e6915970dcbd3701e2378afc48858be,UNKNOWN,UNKNOWN,UNKNOWN,IMPROPER BACKING,2.0,37.5,1.0,1.0
0a1b958a30a3fc38d292b3adc8a63684bdc3cc17b240e68879de732c90b489fd90926bdf8ca875de4489bbaa59d1493e214f71e36c908aae6f603614cc472a5d,CLEAR,"DARKNESS, LIGHTED ROAD",WET,IMPROPER LANE USAGE,2.0,49.5,2.0,2.0
0a1bb6ba0d225a10099243bb020d89004adb51c1a7378f45e4fa9aac01071c9dcdfecee4b4158614ec0001a2f0eb1f41eb7579d7a6d557e5faf3d4ee7342dc23,CLEAR,"DARKNESS, LIGHTED ROAD",DRY,ROAD ENGINEERING/SURFACE/MARKING DEFECTS,1.0,25.0,1.0,1.0
0a1bdb675f9ee89926b8103452263e686ce041c4bb0b7f2bdd7780fcde1b879f4b9ef4c22d489b4f02dcfa5f67e13bf974fdd884c1906e7018df6898f20d8bb4,RAIN,DAYLIGHT,WET,IMPROPER LANE USAGE,2.0,33.666666666666664,3.0,3.0
0a1bec06d09332fd9bb72b4ff75d9be0304815ce1932148017d1c43adb7052694ebb4cec890dff8316e2f2d13ed66228cf09138b1e266c5f736fb5979376037e,CLEAR,"DARKNESS, LIGHTED ROAD",DRY,FAILING TO YIELD RIGHT-OF-WAY,2.0,17.0,2.0,2.0
0a1c2f6bc8d1e777051a50bae92e8881d04dcc6f853cacf82aff2c640cdc2df36b65af9a21b866833e0bf1e7d5b9d8563b88e1d6e399604ba9d7b4e343700b7f,CLEAR,DAYLIGHT,DRY,FAILING TO YIELD RIGHT-OF-WAY,2.0,24.0,2.0,2.0
0a1c434e9d17383fcfb9c436b563127013466f140257d3c54806eefb9683efa3593dac032e9934cce6191a7064bae27b00b37be882f719c08545f75fd81cbb54,CLEAR,DAYLIGHT,DRY,IMPROPER LANE USAGE,2.0,37.5,2.0,2.0
0a1c5d731f35d7f40c69bd99eaa6470775c37bca3cd98ca23f279d4d6f702e87a0641d99d28f250136a1cb799eef95a367db2fca2d27055b717e91354534f410,CLEAR,DAYLIGHT,WET,FAILING TO REDUCE SPEED TO AVOID CRASH,1.0,0.0,1.0,1.0
0a1c7c5e7ed884a905094dec4bb13220a5a72e20b804c7e90557c13a19012f09b228916f10029414d70f6adb9c8440a17e7221f633e2e6723f86415f550fb57e,CLEAR,DUSK,DRY,IMPROPER OVERTAKING/PASSING,2.0,35.0,1.0,1.0
0a1ca7f58ab05008a7a30ce55f379ce87466b32ed3a9e6696ee17a7cfc8809259af31b464dea4e0a5234d461e1685b0240e09f2e4dc32fbc15e4b50c0504a63b,CLEAR,DAYLIGHT,DRY,IMPROPER LANE USAGE,2.0,25.285714285714285,7.0,7.0
0a1caaf764db2da333ba59827dd505e76b60ff4269053f7b51c09a0b7513bf4ef411abc89be3cd1801623495386ba6e4a11cc2bfd3a35a96b60c314c5532cad1,CLEAR,DAYLIGHT,DRY,IMPROPER LANE USAGE,2.0,67.0,2.0,2.0
0a1cab7cead61ecfd2fab64b6249000b5fc732252401f8c70a95a52a1ae5b1ea357fa2b1ca524e23773c3c468f13653edbe45991fb77c14f7bdff7ddf47da4ae,CLEAR,DAYLIGHT,DRY,FOLLOWING TOO CLOSELY,2.0,55.0,2.0,2.0
0a1cb81b47d0c6bfcad2c092f11f46a984a7a93873010915fb200367194d08afb92ef365118822dd28c963aceeb6f1e3ed081f4fff311f8f7a1fa86408356d9f,FOG/SMOKE/HAZE,DAYLIGHT,WET,FAILING TO REDUCE SPEED TO AVOID CRASH,2.0,40.0,2.0,2.0
0a1cc8946cba7807958ae3ce499a7d36fd81beb071acd31a3cc2c30f73d1a8d5d9f4de7cfa559a52c52072ad819f81db1ba3ad159acb2ee5f0b87c199883251d,CLEAR,DAYLIGHT,WET,FAILING TO YIELD RIGHT-OF-WAY,2.0,44.5,3.0,3.0
0a1cca5f9327ca3dc8a868ed6f2628e9632fd468da9176f8499b966925faf4bae16c74399fe744bad0f885a98e466e53135005c50bc36969c69b0fc87fe58690,CLEAR,DARKNESS,DRY,IMPROPER LANE USAGE,2.0,44.0,2.0,2.0
0a1ceadc8657ee9a958cd09dc9386e0c09a67c4a2f6f8e578d396540da3b5ca021676d67f62e790f725c94f3bf7813de1d29bd372339233d265b79c930bd0291,CLEAR,DAYLIGHT,DRY,FAILING TO YIELD RIGHT-OF-WAY,2.0,29.0,2.0,2.0
0a1cedcaeab376599c5da3263b9f68dd27e8c1211ef17a77430ccbc925114a3fb62617cc91c983aaf698f730c77401f02d54a2d52b138ef615624ebffadb693c,UNKNOWN,UNKNOWN,UNKNOWN,DRIVING ON WRONG SIDE/WRONG WAY,2.0,37.5,1.0,1.0
0a1d0d94db148f61fc6645e7bbec9d6ae9edbc9021f9920ec8e25695056068c5cabac7084c9b12f53914820b29ebce063db8bf0bf870856f74369fd0ee5820ec,RAIN,DARKNESS,WET,IMPROPER TURNING/NO SIGNAL,2.0,30.5,2.0,2.0
0a1d1e9dcd8df41cca8f4790bae3f345c44d700f7af4f910d7e8d4035f0da5b55f2e42b089a45f89568413553667c8a66f9ef0d77df77b5a6c824eca3574d623,CLEAR,DAYLIGHT,DRY,FOLLOWING TOO CLOSELY,2.0,30.5,2.0,2.0
0a1d2eca9652e6407a8daf73f0104d1e7939e88b080247d73d276bec29febc0f789e661e04840d65415494e8013a5898e9c5893cf3e99d0d48802b8a95660667,CLEAR,DAYLIGHT,DRY,DRIVING SKILLS/KNOWLEDGE/EXPERIENCE,3.0,33.0,1.0,1.0
0a1d712c7483b16a17de56e3cda26009a1af3ddf3221e859a3b62066eade7132783267dc8228eb8a97f833b6d693bc9b41b8baabc7d406ec69c83a6c4e83e744,CLEAR,"DARKNESS, LIGHTED ROAD",DRY,IMPROPER OVERTAKING/PASSING,2.0,52.0,1.0,1.0
0a1d8fd35e84342365fb1c755213c7e8b076922fc6e0c6f4479c0d280863138323605fbd8cb98248ae2d6b28fdff2657ae0512bf6e722508c0917371f30064f6,CLEAR,"DARKNESS, LIGHTED ROAD",DRY,FOLLOWING TOO CLOSELY,2.0,30.0,2.0,2.0
0a1d9680aae8c56d7c8d1533ef38e1d1f2e849d5b9e6b61d935d4fc032601d7d00730799f62b6c07cbe79725ab7a998e2a13726c461c86488f2b2b7c29eb386e,CLEAR,"DARKNESS, LIGHTED ROAD",DRY,DISREGARDING TRAFFIC SIGNALS,2.0,38.0,2.0,2.0
0a1da886679334cc8d59243ca3ed932b177045e12e00caa7fecc03cec805a0a845dcb165e39d4bacb382991730a7aaaf8288732dc6af90734f8fd1338ba6bb63,CLEAR,DAYLIGHT,DRY,FAILING TO YIELD RIGHT-OF-WAY,2.0,36.0,2.0,2.0
0a1dadc37975f4ab7297d348183047ee1450e92e88ffa486ba361b686228bac9a8a288014d7cd4e70ff0552d0ef94d7673fdac347fb221f68874112d566f6a4c,RAIN,"DARKNESS, LIGHTED ROAD",WET,FOLLOWING TOO CLOSELY,2.0,48.0,2.0,2.0
0a1dc85f26df8252d05985acb1391ec0404ca3fc292c1d230c26379efd25abdcee38f4073c99db277a51e6875d53c0bcbf5aa4b4a7178f19c6d4859bf32cfeab,CLEAR,DAYLIGHT,DRY,PHYSICAL CONDITION OF DRIVER,2.0,37.5,1.0,1.0
0a1dcc5bd01bb3806892554250fe24aebc6566b95341d401ecd1a48ece97a24e45ae71e26026ffa65a825972fac59e68ce5a04532006f612459100ac512543b4,CLEAR,DAYLIGHT,DRY,IMPROPER LANE USAGE,2.0,44.666666666666664,3.0,3.0
0a1dddc3cf8750b07a99daac37af86ccca7a824df33e413b96572c5487b9b2080047e5759c3024ce92fc0097754e1530f6d5cbd2fc806193a2f1d3bf1e195499,CLEAR,DAYLIGHT,DRY,IMPROPER BACKING,2.0,27.0,4.0,4.0
0a1de3be49f833069375d7b64df78c630b415f716db4381ae15aef6cfc9a36915456ce8403c4bd5bfd7f1611908fc3b4135dc291892ee113b30bf61b5cb73d0c,UNKNOWN,UNKNOWN,UNKNOWN,FAILING TO YIELD RIGHT-OF-WAY,2.0,27.0,2.0,2.0
0a1e16d6f428e142b9ba0774be9654ce5a466fd6743cb94d0b49a6d959f1364e2c58a22813b744f2a47188600b74b13d7da3422bd98cefdcdc7a81c5db195dc9,CLEAR,DAYLIGHT,DRY,FAILING TO REDUCE SPEED TO AVOID CRASH,2.0,47.5,2.0,2.0
0a1e3feec99071a8ec86b0bf586fb0cab8ef037dc9e0f4f74358636ee40dc6071bb29d2995508dceb10b1d2188e8038da2ae14e4553df6d43d9c9ccd5ebec5bb,UNKNOWN,DAYLIGHT,UNKNOWN,IMPROPER OVERTAKING/PASSING,2.0,28.0,2.0,2.0
0a1e5337071667a2aaac4e9bb350d83aae2e1a77b929d2f988e717b63cc8882c185da2983bc3d33ece1bf8299a01b1b60fc65a61e0936258856f5265db63368a,CLEAR,DAYLIGHT,DRY,DRIVING SKILLS/KNOWLEDGE/EXPERIENCE,1.0,21.5,2.0,2.0
0a1e60c766f516b790a7c3656ebf223b2279e05931693e02c4d59eb807bd01f94f07dce5e960d39643410608fac631e24108978423d934577ac199cbf2b71e28,RAIN,"DARKNESS, LIGHTED ROAD",UNKNOWN,IMPROPER LANE USAGE,2.0,61.0,2.0,2.0
0a1eae010d0439f9546a4a68975f5ea7bd51c59f1e20ed5a432fea872d1555df59778fbc3546e7881eff622f6fa3271f0c3db65102a37ca33df145626a7bcd07,CLEAR,DAYLIGHT,DRY,FAILING TO YIELD RIGHT-OF-WAY,1.0,44.5,2.0,2.0
0a1eb7dac764d911d7740bdd4e8a9fa1bc77b54574299aebd350253f8059dfba069344be017d8266ad3e92c69a6b2a27d22e89bcc886559abd829d9f9fce775d,CLEAR,DAYLIGHT,DRY,DISTRACTION - FROM INSIDE VEHICLE,3.0,47.0,3.0,3.0
0a1ee20bcda40a8eee84ddb91053a613d97e09d7d3b4d7afa8f4a6537aed869065c4cfd2557f85be079ecf36fb32f57418c27bbb3b695db9c993d4e34b2e69fd,CLEAR,DAYLIGHT,DRY,DISTRACTION - FROM OUTSIDE VEHICLE,2.0,37.5,1.0,1.0
0a1ee93c5728ad253e5dc26c5dc9a1196440c2e70a909a6ea589ca740422ff87a32144c6934a42175486099a9c9bb073d43dbd0b544b0cf3c99f8f107a7f79c3,CLEAR,DAYLIGHT,DRY,FAILING TO YIELD RIGHT-OF-WAY,3.0,26.5,4.0,4.0
0a1f65dc8cddf4029bb67e1fd0426df5015bea9b54488c37762e643f32f2d2e811428195e2e3515523b9611587dad575c801274aa6e920339261fd27261d42da,CLEAR,"DARKNESS, LIGHTED ROAD",DRY,IMPROPER OVERTAKING/PASSING,2.0,37.5,3.0,3.0
0a1f672d8546eee57577ac0f2c3667e35f8539c58f285fc7f1cb29f3deeba539330daca3e8b1f62072755361f6db5143e3588ea4199c0c95909f85e2d551d2e7,CLEAR,DAYLIGHT,DRY,IMPROPER TURNING/NO SIGNAL,2.0,51.5,3.0,3.0
0a1f6f05d2697bdbff7777e6cb30ff842ff8df57ccf1b0e867f0f9c611b0d82ef6caa6dcc17fdb5cfcc1571e71bc7415301d1f5c434ffbbc202e6129b573a12e,CLEAR,DAYLIGHT,DRY,FAILING TO REDUCE SPEED TO AVOID CRASH,3.0,34.0,3.0,3.0
0a1f797a9ff601eff345d72ce676bd4a30091e59a20685a5d1b8e2d4de783efe97d5e5db7b9ad2f0ba0084252f32004973d785349c897ed1eb3f8bd7bf55c387,CLEAR,DAYLIGHT,DRY,FAILING TO REDUCE SPEED TO AVOID CRASH,2.0,25.5,2.0,2.0
0a1f7e18aa604ba5ddf2a2900aedf503711c7ba58f5dc5a6cd96d7481ec8a503039226307eaf2e5b926f77c3b7a42f5b5f12da10864de80b4cd34106064c1158,CLEAR,"DARKNESS, LIGHTED ROAD",DRY,FOLLOWING TOO CLOSELY,2.0,69.0,3.0,3.0
0a1fb63790fc44ee23e604bfe1f69a30a43c302ae8e938070c21c64bd8e59e1b0d5079dc2b538471d8bebf29a4eace7472f401884c623df37d17e04f34bcfef9,CLEAR,"DARKNESS, LIGHTED ROAD",WET,"VISION OBSCURED (SIGNS, TREE LIMBS, BUILDINGS, ETC.)",2.0,23.0,2.0,2.0
0a1fd6c96f2882c2de91759cbbe94a827c51e3e0f7c0f2b46824633c6cf15ac3828ae2204deb4adde87a30752445f1070b39722139478122925ddcb12bfeb30d,CLEAR,DAYLIGHT,DRY,FOLLOWING TOO CLOSELY,2.0,29.0,2.0,2.0
0a1fe657affd088739f7d25a9042afefe803cf174aba2dbb3b9f1e03e3f2967b01d85c207ef23e3169288e5976be02f9380339a451096a3191ff8f1ec6d163eb,CLEAR,DAYLIGHT,DRY,IMPROPER BACKING,2.0,37.5,1.0,1.0
0a2032df84bcdc8c5b0f834bc0af2bedc402bc54fb081303ec78f5d73e12543801081fb89965806b71599ae6a5c75be680e789616ef77103c059b916ecb0d71e,CLEAR,DARKNESS,UNKNOWN,IMPROPER TURNING/NO SIGNAL,2.0,34.0,2.0,2.0
0a20430e58281a3908d3020eeaae862788b882847066dd8ca58d303e2e046bc5136207414de5ee3ef3f6e1a331694b9719ec49aaa1f0819dab218747f5a8e182,CLEAR,"DARKNESS, LIGHTED ROAD",DRY,DISTRACTION - FROM OUTSIDE VEHICLE,3.0,45.0,4.0,4.0
0a204c0023fb3cce7edc521d8adaaf3b9abf79e101e037d16667672714065cfe8ae1122936e5850d34286c4101c2d66ba16d1c9cd754bd350f7c1f08ea35ae7e,CLEAR,"DARKNESS, LIGHTED ROAD",WET,DISREGARDING ROAD MARKINGS,1.0,55.0,1.0,1.0
0a209eecf935ecdc134949af17086689c7cfb3b2911603daf73cc62fb0ecd134a650ab5abbe4131d017051e5e676a77426ca20ec04cd22017c24d7a966efeaa3,CLEAR,DAYLIGHT,DRY,IMPROPER TURNING/NO SIGNAL,2.0,25.5,2.0,2.0
0a20dbc23278cf37a4a3d3e2e33a1fe7de5ef1012871658728d3e7c22944aca6123530c954ceb8db20e11ddae670fe1a8b812a934b260ab218c6c6c2f1feffa1,CLEAR,DAYLIGHT,DRY,IMPROPER OVERTAKING/PASSING,2.0,70.0,2.0,2.0
0a20de373a21ee02de085b23465d918f24299e74d54edabeb8077531b67dda9e86c848aa9e07145cf90b6a969216931fecb099a82df4f317c2d4c9173ec8ed2e,SNOW,"DARKNESS, LIGHTED ROAD",SNOW OR SLUSH,WEATHER,1.0,27.0,1.0,1.0
0a20e981d2f1905b3e8eb68e1cc560348bb9e9cdf2c968b88856a5568fb3bf6a86dd6a3febaa9eab83fa59144327e56908fc65b646918a7717c8d3388ef5833f,UNKNOWN,"DARKNESS, LIGHTED ROAD",UNKNOWN,DRIVING SKILLS/KNOWLEDGE/EXPERIENCE,2.0,32.0,2.0,2.0
0a210b1f06c26dcea50f489fd7e617a99ff14def4a8c8598dccc5027a4b0e72a8c676880cb900cdd0d54e7c25b6a02181ae6ec1f8367a6229c20fa56275a08b0,CLEAR,DAYLIGHT,DRY,FOLLOWING TOO CLOSELY,3.0,39.333333333333336,3.0,3.0
0a2119a8949e5ea71c84aa019811a9e3bef88a98fde2d476c9a028c87013f87733a9d073c46534d00e6876ef76016fc6f96256b47a947e28ff3f60bc1a4a9ac6,CLEAR,DAYLIGHT,DRY,FAILING TO YIELD RIGHT-OF-WAY,2.0,29.0,2.0,2.0
0a2195ed2a6d874bcf61a7b057e75672cde8e9795e1fbafc7c422e0a86d13e26624c2a97b616985bcb5a6290d6ac5579aba102b1d25b4ad766aa74971a5d98dc,CLEAR,DUSK,DRY,FOLLOWING TOO CLOSELY,2.0,22.0,2.0,2.0
0a21a61055e23806036dbab70dc9e38d442135d5829ca3c5b58fa7bbf5b801237279fba799bf5b6790d48a2d7000fd7052430ad5773dda27adb165991b5c0657,CLEAR,DAYLIGHT,DRY,IMPROPER OVERTAKING/PASSING,2.0,60.5,2.0,2.0
0a21b1f95d463e109568e3219a7de0b9048652a9d3ee8223dbe7d317a4440acead59b6b72013eef506c23a257ec592085034aae27cf3c9531095c42163dd3eee,CLEAR,DAYLIGHT,DRY,IMPROPER BACKING,1.0,64.0,2.0,2.0
0a21f01e5ded16963ee3beb81706362f7a217ac70b799746a29c48922dd85ac030d626b8cf3dcdb4353d15a7cd9ddf3fa8fd40be99ffbead94862a54106cabb4,SEVERE CROSS WIND GATE,"DARKNESS, LIGHTED ROAD",DRY,FOLLOWING TOO CLOSELY,2.0,30.0,2.0,2.0
0a21fbdb5d6e4ac7db8f64c2084800d43c16803392abc40b9b5ad700403bc0169b1f46fddc6b3fb2f87de87d28ea809a30debca12ab2fbb73f4ede4695fd23d9,CLEAR,DAYLIGHT,DRY,FOLLOWING TOO CLOSELY,2.0,38.666666666666664,3.0,3.0
0a223f5f922bf4c7891375d2c4bdc0cd425d9ee89ada93ee85fb6b3eb7f1139ecfbb22cd931f803c7e536ef5a6c3999ea75e86cb8b6828d42efa5cf705b016d8,RAIN,DAYLIGHT,WET,FOLLOWING TOO CLOSELY,2.0,39.0,2.0,2.0
0a225bd95089fe262de5caf43fd7bb47d9b07082ca6cef18a0fa65cb26f4f11245b2fbb93b397e77a1ecd782a3ae02124462277fe11153df3f9d510bb00fc28b,CLEAR,DAYLIGHT,DRY,CELL PHONE USE OTHER THAN TEXTING,2.0,41.5,2.0,2.0
0a225ffc74a45e9cda0478e904da921ca9733cc5a68d14de2b9c829bb1d52dbe22353921501ea2bd7aaf8e4ab22efd2376ef7a2f45199c638ee5c6b1b6092609,CLEAR,DAYLIGHT,DRY,DRIVING ON WRONG SIDE/WRONG WAY,2.0,30.0,2.0,2.0
0a229ba38822b71176ca0f5dc6f97a903cb3eb5889e230e4ae53e675d32cbfaee65cdae610dd8726f690652f614bb36aedb53841ea8140da0b0c4028a26b92cd,CLEAR,DAYLIGHT,DRY,FOLLOWING TOO CLOSELY,2.0,67.0,2.0,2.0
0a22adae2b334b5cffbf914a521976bbc11f0d0d9dae98c3c4727f8a347c8b400ac4805c9070662761c64517d6993ae8b7e6b6250d7dadd803df60bfff29c520,UNKNOWN,UNKNOWN,UNKNOWN,DRIVING SKILLS/KNOWLEDGE/EXPERIENCE,2.0,37.5,1.0,1.0
0a22e8a54c10c87fe03b4af14522dfc3d0666b6b63bece1509db10b900ad3ebc87594c88a344b6e7cda7e33395fa48192307bd4e3f205790e3af691c1f9768ad,CLEAR,DAYLIGHT,DRY,DRIVING SKILLS/KNOWLEDGE/EXPERIENCE,2.0,32.5,2.0,2.0
0a22f56baa9a18cf4d2cd72a2bb0db2387ff37ea41c9bb5b72b8476edf91d18fcdd3f6e7a516db048493ed751d116a3abc1668740dc50785414b2d5cdee7b6f9,CLEAR,DAYLIGHT,DRY,IMPROPER BACKING,2.0,20.0,4.0,4.0
0a235b4b5a7d4fa481bdc3dd7c513a719ebfb0272f12b2f4fd40f07f949ced4be660dfebabe6227057b52d40b8881f18d95b815760caeea13d104fbcbd075ff3,CLEAR,DAYLIGHT,DRY,DRIVING SKILLS/KNOWLEDGE/EXPERIENCE,1.0,42.0,1.0,1.0
0a235dd47d623fb6a34c311268e2741d4b68f9eeb0d7985f6ace39ec377c184cafeb7e7e67d0d97b1fee394dca700f9718029376c2c03457518e96e59d183973,CLEAR,DAYLIGHT,DRY,FAILING TO YIELD RIGHT-OF-WAY,2.0,30.5,2.0,2.0
0a23632f0c7f0a77f6ad013fd16c28cc8481c294fca7c1606c0d20756602335ad9d2a53b6abd346be4fef73fe6212d4549eb2f8af8dcf16530694229d2df1b22,UNKNOWN,DAYLIGHT,UNKNOWN,FOLLOWING TOO CLOSELY,2.0,39.0,2.0,2.0
0a2373125a944a63bb53c1943646c60b54ef350a5ba4c39bf37a9dccd5e0de1cad32587f747ef242f9e7d3e5e2aa546ff1509665dafda33d8493b818393ad463,CLEAR,DAYLIGHT,DRY,IMPROPER OVERTAKING/PASSING,2.0,37.5,1.0,1.0
0a23c2b4a5616cb757394231a7ca1441cac41067e1e86c96d1f0c9f6d910618d8f0dd299902ce71fed0c83ceaa23255f8ce332600c164b4c4395b3acbc842590,CLEAR,DAYLIGHT,DRY,FOLLOWING TOO CLOSELY,2.0,49.0,2.0,2.0
0a23c62275d1b47ee930c9613a1f77e6c1ac240dccef791efcc42fc10728336f0bc95c1aeed4ccbb6ec32fede349704b2de43467b7fa9226cde58bb3ec22501c,CLEAR,DAYLIGHT,DRY,IMPROPER TURNING/NO SIGNAL,2.0,71.33333333333333,4.0,4.0
0a23e78d0396333e6c15cad42a48cca6eb096abf2637694a05419ba72e29f28a1fe6935fdbb31298b2fb46c82cbbf49133d84c3a2d8a5457952aac9fc0e64d5f,CLEAR,DUSK,DRY,IMPROPER BACKING,2.0,47.5,2.0,2.0
0a23eff03d08baaa67847b99e671b5e8e2740ceb2eba998d54abd1b204f0a5709c3df8569be065071aa328f7c18356f8de2b87f0100f215ddfc0439e5276c738,CLEAR,DAYLIGHT,DRY,IMPROPER TURNING/NO SIGNAL,2.0,48.5,2.0,2.0
0a240c39a26cc3214a1fe01a4f6013653b4c2d089fd587928bb88c78814512b4b33fe53bf3366407ff3915179260c4f3a770c01683afee1a2e380d28ae296b5e,CLEAR,DAYLIGHT,DRY,FOLLOWING TOO CLOSELY,2.0,32.5,2.0,2.0
0a2432129ef06717517cd98bb42727354d0540ed1f38ee69063e0286c7d78d48bb31181862f65cbbe54fa44b26d59780bdb4a5cf667d8911e88f0c258c9ab073,CLEAR,"DARKNESS, LIGHTED ROAD",DRY,FAILING TO REDUCE SPEED TO AVOID CRASH,2.0,41.5,2.0,2.0
0a247d1eed89cd3145ecd250af8cd54a55a780be151c9bdb623ba5e7abd3fe546a211dc04f496d576ce2787208ec6dfa34a4ee01ef3322639bd7e64a4e42acb0,CLEAR,DAYLIGHT,DRY,IMPROPER OVERTAKING/PASSING,2.0,13.0,2.0,2.0
0a24af2a213c858a03658d3bc2a45af6d1c80c025ab5878a92b288a35b4cf4cf0f473f6bde786a4a4371891d89d71bd9ca9048a68687d0571342c86b05e24e4b,SNOW,DAYLIGHT,WET,FAILING TO YIELD RIGHT-OF-WAY,2.0,34.0,2.0,2.0
0a24b941e9913c7d792d245190a5bccf990d7e16d8b51131c13e4f7bf0288c0f6e55511ce4057959971eb5e90871a78274c0bfc808fb8c9320b56921d9dfc335,RAIN,DAYLIGHT,WET,FAILING TO REDUCE SPEED TO AVOID CRASH,2.0,29.5,2.0,2.0
0a24c53b15c460001560fc867c91d229c4e655754abdaab4d171d7637811810acdb8dfce46d9ca063700809d97fc41b0ece63b3f5bc647cc3b04d988dadd4d47,CLOUDY/OVERCAST,DAYLIGHT,DRY,DRIVING SKILLS/KNOWLEDGE/EXPERIENCE,3.0,35.333333333333336,3.0,3.0
0a24dd140f0733618fc4d88e7f09e284b878dacb0be26699e987ee027abaa1af8ecab3a8f75ba3c8c3927ad4fb472cd8c6eed0e34984412b530420e72eac6b56,CLEAR,UNKNOWN,DRY,FOLLOWING TOO CLOSELY,2.0,16.0,3.0,3.0
0a24f7338da1ce62b27653de3d20e5e3521cdc40ed465bc71ccc7ed3cb3e9437b397123fee5cd13651cccc63f82feebe33c854d3b90eb24c8e244dad1bc53c06,CLEAR,UNKNOWN,DRY,FAILING TO YIELD RIGHT-OF-WAY,2.0,41.333333333333336,3.0,3.0
0a24f9e229242728aa15d74589e55bf5f36b5f43fdefcd995e367757a28faeff458a7fb5f74a14cf6cf04fd76b4af421359608567322967028892822d7a76887,CLEAR,DAYLIGHT,DRY,DRIVING SKILLS/KNOWLEDGE/EXPERIENCE,2.0,25.0,1.0,1.0
0a250971fd4a3dede92de5301c305a69fe02368974a310a146d7d25668a44fa17fda7d0e9db749edebb9aea9d4852b520dd856c03d710c035b1a634b4788f768,CLEAR,DUSK,DRY,FAILING TO YIELD RIGHT-OF-WAY,1.0,16.0,2.0,2.0
0a2544c2b58c7a59f03f88be6bfd39d0cfdc5d65c43333ddd59afaa09d5d43fefd75ec37ed12c496f637483ffbb348e151213e4a8d79b58f1136bc8d57894b69,CLEAR,"DARKNESS, LIGHTED ROAD",DRY,IMPROPER TURNING/NO SIGNAL,2.0,19.75,4.0,4.0
0a255a62906db661b5094915da7daac17a2b4d38f7094c3ed33bf823fc4e47a84c06c5bcf6f3ee65403263970cb32fcb22dcd547416e49549187205ead3834e8,CLEAR,DAYLIGHT,DRY,FOLLOWING TOO CLOSELY,2.0,65.0,2.0,2.0