crash_record_id,weather_condition,lighting_condition,roadway_surface_cond,prim_contributory_cause,total_vehicles,avg_driver_age,total_people,total_injured
0a2563bb303238d51e184afeb664a6135409ba45ecb09c7a244688b63a0e285fb37402857527a017076dbb39306b15c221642c120bc1bde88f40c8a2ee90a9e3,CLEAR,DARKNESS,DRY,FAILING TO REDUCE SPEED TO AVOID CRASH,2.0,21.0,2.0,2.0
0a25648a5b62d2f282c5bdaf52ad3f13f8f68f961ba9078c3d7d7be4a6dbe272f5859997fddb31f1ce5f17cd34ebcdab27010928099fde2b18b10e423fd445e6,CLEAR,"DARKNESS, LIGHTED ROAD",DRY,DRIVING ON WRONG SIDE/WRONG WAY,3.0,32.0,1.0,1.0
0a2598a26014167c774387762d892df699c250a7f4f51f3cdc98b2ba156b2abe7a8ec4a7517af08fef712bc93a1140e266f06a8b876679f437db289e7798a65e,CLEAR,DAYLIGHT,DRY,"OPERATING VEHICLE IN ERRATIC, RECKLESS, CARELESS, NEGLIGENT OR AGGRESSIVE MANNER",1.0,33.0,2.0,2.0
0a25d2f052616b7421336c797638f661b7c382bbd5bd65fc8f51c6139fef9e982f816712e0cf0f00118a643c781a7a40527f8ce69884adb8ba0d9640de4a78a7,UNKNOWN,DAYLIGHT,UNKNOWN,FAILING TO REDUCE SPEED TO AVOID CRASH,2.0,32.5,2.0,2.0
0a25db8a2ebff87212fa8b2d6060155d9dd0f41b6fa5cfe0cf9327f761d9da9d55a0275b02c9f7ae747e5349a56339e0f4f9665cb77569099adfecf5e1ca85d4,CLEAR,DAYLIGHT,DRY,FOLLOWING TOO CLOSELY,2.0,23.5,2.0,2.0
0a25e3e5384221573288d993558e392fe15ab55281ce54a8296dd3b841b0bce4766332a5476c8674aa23bb3c773eca740a1f0969451824fade0e08ddb28d8ab9,CLEAR,DAYLIGHT,DRY,ROAD CONSTRUCTION/MAINTENANCE,2.0,41.0,2.0,2.0
0a25eaecd2c0a11a6fffd3fc2923d3deed41286041f862c20d388999643ed32e35f160b084cfb540e18fa5195ed79d5ecd316ce6d59dccf38730d77f35eaa9e7,RAIN,DAYLIGHT,WET,DRIVING SKILLS/KNOWLEDGE/EXPERIENCE,3.0,38.5,4.0,4.0
0a25f6e8f37f0800deda9fbf4aa03bc6fc99cde937b2b9cd5cae98ede04325ff354c52e362f4d2426e53855fc2730b6f6f341260deb6128051f178ceb0894902,CLEAR,"DARKNESS, LIGHTED ROAD",DRY,DRIVING SKILLS/KNOWLEDGE/EXPERIENCE,2.0,37.5,1.0,1.0
0a260620a9b6d5a4dd652c7f66faa58b8d1b37e39961d86ca1d0deb1920c9233ba89d091f0fd1311fa3b30acf2b594b5717fa08a9b28d17e0e837d9ad9c2f8fe,CLEAR,DAYLIGHT,DRY,FOLLOWING TOO CLOSELY,2.0,33.0,2.0,2.0
0a261ebd600a2f9d587f4063b18ec437fa3a5348227fc2a92f680e23ffbc5d29b2170f3f0316691c9c8fdee77bb145641c1426121845160feb229a5cc522886b,CLEAR,DAYLIGHT,DRY,FAILING TO YIELD RIGHT-OF-WAY,4.0,43.5,4.0,4.0
0a263b39eb719aa166c298461a8565db77daa787a1c5ee7b76884301e074b80b63d5c4766269fce19d030664d47e69facadfba3bd009e6d0fa5eb66a81759e5c,CLEAR,DARKNESS,DRY,FAILING TO REDUCE SPEED TO AVOID CRASH,2.0,30.0,2.0,2.0
0a266259de31ebc84880fcce195271146d69ea6877e2d415a5ceee2747687297f0bf8391f58ff5347020499d597519ec412a8291d8ebffc5285d17ab05e9ea86,CLEAR,DAWN,DRY,FAILING TO YIELD RIGHT-OF-WAY,2.0,20.5,4.0,4.0
0a268b7a52bc3dacd8bc0d083a53351ebb4ea77b2120035536f460c0d42c9b85208cb0c4097f133f71abc8009227fd6a45992dd3a0cf7d289f95cbba82501a65,CLEAR,DAYLIGHT,DRY,IMPROPER TURNING/NO SIGNAL,2.0,41.5,3.0,3.0
0a26bf210b71ca1c9ee3b424a4bf62c70ae4dc11a5875af0c7b3e508467644035f41fd38a7dc322697d93e5055073d0908dca1c8c8498ad71555a3884935b0b8,CLEAR,DAYLIGHT,DRY,FOLLOWING TOO CLOSELY,2.0,51.0,2.0,2.0
0a26c3d86cdff708a1d72c5b435def500d235ebd135fc4a11c6091bd85cc328e27ce715002c1629d74c51e779d9b3898884b2b20c067aeddf850e3fd80660fc4,CLEAR,DAYLIGHT,DRY,FOLLOWING TOO CLOSELY,2.0,26.0,4.0,4.0
0a26c5fb973d31f6b538d7d9bd789594215e0403b9fcdfc04afa29bbe9ce660f988b253f91e964b1f4c6f0435641e0efb6b15d98b207e8277fdcd4d5561f0ae8,CLEAR,"DARKNESS, LIGHTED ROAD",DRY,EQUIPMENT - VEHICLE CONDITION,2.0,25.0,1.0,1.0
0a26c9d298aa72d563faf9eab1739cbf209384f42b34a5a82eeff8f97c12afca4a83108a2341ada02dd0cf891310c4ae9c59733c1ccbc8a2dd0a746c0bec37a5,CLEAR,DAYLIGHT,DRY,FOLLOWING TOO CLOSELY,2.0,34.0,2.0,2.0
0a26f1b865adefe685f649aa7f769fa27d87ae6702c15f3d55da22be39b47b110a3a97654fc5c896fd15b349f540a224ebeb6f1c44dac65c463299da51a9dfa4,CLEAR,DAYLIGHT,DRY,IMPROPER LANE USAGE,2.0,37.5,1.0,1.0
0a26fba69d13150950f002ae4497b66370b951b4e6d49887da8a09c2941f021e2996179910baf254fa7365251aa9ec9d96f48219ac50f288eefbf8af55bfaa2b,CLEAR,"DARKNESS, LIGHTED ROAD",DRY,FAILING TO YIELD RIGHT-OF-WAY,2.0,37.0,2.0,2.0
0a271066349d7928874f7a8751e5ff370afa24ecf1f9246e4c199df91334afbcaf3d1688e06cbd6bb423b8e4c9aac4024be9d5f9f3fb98b84990435525552c1a,CLEAR,DAYLIGHT,UNKNOWN,DRIVING SKILLS/KNOWLEDGE/EXPERIENCE,2.0,21.0,2.0,2.0
0a272055be44ebe8433ee28b5351763287cda0c135e238ad55c9a2080bc5cf85fe2d03f41b6e4abb5a09de5ba99965408773aa2882199312221714b97d1f1adf,CLEAR,DAYLIGHT,DRY,FAILING TO YIELD RIGHT-OF-WAY,2.0,29.0,3.0,3.0
0a2723d3897e043bcb7e9e5f42c614a682e8ee76437acfd8aa83a4effd14281402f0f32c4851d15b090b8a79b16d4ad1bfee0ab2029df3c7f994c9312dec7157,CLEAR,DAYLIGHT,DRY,IMPROPER OVERTAKING/PASSING,2.0,54.0,2.0,2.0
0a2728498799950ed0b212e447dd4f60af0169e97df6ccc3b2ca4f975132ba780d4590fd0c6cd959aa6a350d1d584a7dd87e3c35bfca3fe392aa3c65cd076fe4,CLEAR,DARKNESS,DRY,DISREGARDING ROAD MARKINGS,1.0,59.0,1.0,1.0
0a273ba267e3fdceb7c0249b7f91baaa72fea250888d14d5beab9b2c1779808ea979caf3dcc06e753dbd55d3107d6ffa7bff42b94549f88e11b24be141ff2a98,CLOUDY/OVERCAST,DAYLIGHT,DRY,"VISION OBSCURED (SIGNS, TREE LIMBS, BUILDINGS, ETC.)",2.0,33.0,2.0,2.0
0a274458e9835c24c272750b533b9f280f1e56cfe440460b6faee45f5ae144df6a1696d0167194c3c8b7706e6f9278e2202a9df518545d11f4de3250ab0f742e,CLEAR,"DARKNESS, LIGHTED ROAD",DRY,FAILING TO REDUCE SPEED TO AVOID CRASH,2.0,37.5,1.0,1.0
0a27448fc20ccfa7dac327bba0314185619bb7df9b1dc99a408cefc914d65858ca4d66c0159ed48e2269c1aab5f74109912fa31ea33a0cfba88247e374fdcf13,CLEAR,DAYLIGHT,UNKNOWN,PHYSICAL CONDITION OF DRIVER,1.0,60.0,1.0,1.0
0a276c1dff7d85ecefeb8d26772a01f1f83f0f8455ce9d9a1d5f361e0dbe98e6dbf2b57508c3d57b0d5d254167be34146c66dcfa8b111aa26d4faf6b4071e633,CLEAR,DAYLIGHT,DRY,"OPERATING VEHICLE IN ERRATIC, RECKLESS, CARELESS, NEGLIGENT OR AGGRESSIVE MANNER",2.0,32.0,2.0,2.0
0a27866228034f88b100e7f28b1fef18f80ff12c502ac4f7f6a70ee9c979b81298f616293c6dba73f6c7313c88e4c943b7796be5fe84de6a499807e329cc88d6,CLEAR,DAYLIGHT,DRY,DRIVING ON WRONG SIDE/WRONG WAY,2.0,25.666666666666668,3.0,3.0
0a27a6ffe3d805b42b868dc216722c32d87a9421593d1085a739e744052a91b9e85c1ad6379b563575d7d330eb5c03e92286fa663ca0d553dc5c52e9a95fe0b4,CLEAR,DAYLIGHT,DRY,FOLLOWING TOO CLOSELY,2.0,39.0,2.0,2.0
0a27a8699f641ffc4279730a73726e2b00b41bbab94b846f1604340d3533841dfc8ec8621a178473e672d376958354447d950c7b9d6d27e274ebab707dd62171,RAIN,DAYLIGHT,WET,WEATHER,2.0,40.4,5.0,5.0
0a27aba825ec02fbfa17eaebbbb4a57daffb7670e08c137411529c9fb92e6fe571d7418d8234c9ea12b1406617c52c1c7a58f35597414e24db958bad81778972,OTHER,DAYLIGHT,DRY,DRIVING SKILLS/KNOWLEDGE/EXPERIENCE,1.0,58.0,1.0,1.0
0a27c1569b1ddf5b880aed985c59af25416a3a3a58400eff4f8c83329ea9ec1b15f8e280861449ac49b2548943f16a74bac80fbb4127c346dec6473f8be232a6,SLEET/HAIL,DAYLIGHT,ICE,FOLLOWING TOO CLOSELY,2.0,36.0,2.0,2.0
0a27f35f7b054efbb0d5e2964674fa549e44856d39f61896640e41c0457a19f7a92a23e05152c6e2c19479ea6ca4ae2ece93ece5e69e2e5254d33550451e5ecd,SNOW,DAYLIGHT,SNOW OR SLUSH,WEATHER,2.0,33.6,5.0,5.0
0a280feaae26db86e0666d10aaf87b906e8a125fed93a27401defd63df207c56799946293d480482acfabaa94f68c864cfbf5b2247a92221f4cf519b48ed9f01,CLEAR,"DARKNESS, LIGHTED ROAD",DRY,FAILING TO YIELD RIGHT-OF-WAY,2.0,23.0,2.0,2.0
0a286795e324433bfb22a46d3f0eba5a61d65420e38dc154566029779b52c831efd5ec3069bb25a45b52014d85f7c1a30ef56cb249718a77be5b39b9dd2e3a9a,CLEAR,"DARKNESS, LIGHTED ROAD",DRY,IMPROPER BACKING,2.0,37.5,1.0,1.0
0a289f12bce7e0f060301370a3e23a8eb9586c7c427db1e96478e3752636745fdb597a0844b596dbd9803d9e28b488836b2ff043a3796f4b98e1e500f5cf5fa8,CLEAR,DAYLIGHT,DRY,"OPERATING VEHICLE IN ERRATIC, RECKLESS, CARELESS, NEGLIGENT OR AGGRESSIVE MANNER",2.0,43.5,2.0,2.0
0a28cd85f543aecb2cc96f4c8df9a16a1d60f9c4e2d1486751d94e8239d02f7f2728f5d7eee13bf939071367e87775fb94fa41d68909cec1c4c4458ce6fc6f26,RAIN,"DARKNESS, LIGHTED ROAD",WET,WEATHER,2.0,45.0,2.0,2.0
0a28d050f8af2e2a43c6d360bf7ad080f7212b3471303eb1ea95e8f93cd2ca145dbdcc073b79056607e69738de1981315af26d27c5d22a6ca37b03778fd1193e,CLOUDY/OVERCAST,DAYLIGHT,DRY,IMPROPER OVERTAKING/PASSING,2.0,31.0,2.0,2.0
0a28dde7af0606644a5d6a9b8decc795b076a265d6f64105601664e31b399ac2d0d86c8eb9f043d328c229c383d3f7fbc9f32b82a29ee30aee752c0ed5c08165,CLEAR,DAYLIGHT,DRY,IMPROPER BACKING,2.0,37.5,1.0,1.0
0a28e079fe9a73937b29f601437a5598e6b0757826de7cc47fd791411eccf4d027463337f6cc26518d3f1323b68155c5c3cc840c9a706133b5b1151754597e65,UNKNOWN,"DARKNESS, LIGHTED ROAD",UNKNOWN,FAILING TO YIELD RIGHT-OF-WAY,2.0,41.0,2.0,2.0
0a291fdae2240494ce3f6827e09c775f39c47af88af2481504d7bde1f406f3afb6161f73f78d29e11ac13f5886a088d8aeb9bf5aae2e28ac2fddacfdac23fa8f,CLOUDY/OVERCAST,DAYLIGHT,DRY,DRIVING SKILLS/KNOWLEDGE/EXPERIENCE,2.0,61.5,2.0,2.0
0a292b57fc6750ebf1f76f354f5e980da53f46b630821f10f5e9d0bb950f5cbd9f9029a6c066ca83a6149a5b597093d93c0e026345483e0d1a1210a23a358e7f,CLEAR,DAYLIGHT,DRY,FOLLOWING TOO CLOSELY,2.0,30.0,4.0,4.0
0a295007f435221b06e6c34816f1b19d77a66b262c586d7cad3d6e54223b8c0179a1c6489d0e4f73913298a0eff2a3ebb7885c4a554d9946fe5da376f3ad054a,OTHER,"DARKNESS, LIGHTED ROAD",DRY,"OPERATING VEHICLE IN ERRATIC, RECKLESS, CARELESS, NEGLIGENT OR AGGRESSIVE MANNER",1.0,37.5,1.0,1.0
0a295784b8d3ce5affc1f914053a239396a98bdaa87036655cecb10634235231087f9a0c87701f5283aa3968db626bb60dd495e3f8df1bdacf15907416a94d43,CLEAR,DAYLIGHT,DRY,IMPROPER OVERTAKING/PASSING,2.0,29.5,2.0,2.0
0a29b0429c4d0e851fb03dfe40f88defd8bdc352a1ee8c8471eef8b5495039ca7a3b60a55860d9cd3f35279673c7549abd91758b8123cf8650c7400f4f427bc9,CLEAR,DAYLIGHT,DRY,DRIVING SKILLS/KNOWLEDGE/EXPERIENCE,2.0,37.5,1.0,1.0
0a29c5409ca3a94f5c31ce24dec760e5742d5c9fe1d1377fff7df91fe5ceb3fdc8cda5aad6d287c9e451b3358104d481ba73ea86b99522f6281f167671223130,CLEAR,DAYLIGHT,DRY,FAILING TO YIELD RIGHT-OF-WAY,2.0,37.25,4.0,4.0
0a29d43a05d40f4cba74d1cbd8b7c03de15a3dfd99b566f738b30772d9d0f7685083887ed0ba8e368b7f5a01d76ba4210b42e9893c4ae35d850f32c793f16e1e,RAIN,"DARKNESS, LIGHTED ROAD",WET,IMPROPER BACKING,2.0,25.5,2.0,2.0
0a29fe835278aaa61197a9718a7dbe5e38b76480c8a8809f20458238d34b4e79ae0f0ae82c41b24420475063cbcd09dfe44732ee9e095dbcca9714bcaff6ed86,CLEAR,DAYLIGHT,DRY,FOLLOWING TOO CLOSELY,2.0,33.0,2.0,2.0
0a2a266f0b1f2000c3ab4d96cff5ac5571d1deafb00e4d34d622f46b27a415a1143f737f7d720c56bb0bf0244de3592fc6b6ced57b20d298f206d6cfc8791473,CLEAR,DAWN,DRY,DRIVING SKILLS/KNOWLEDGE/EXPERIENCE,2.0,37.5,1.0,1.0
0a2a286dc72eb4f742b35f5a38abc9ca9c4177ac09a8356ff45b6cf6e9e05127a3d76efbf9ec38bf288a7e9479897533b8c175bd268c8c366bab611a7726af86,UNKNOWN,UNKNOWN,SNOW OR SLUSH,FOLLOWING TOO CLOSELY,2.0,37.5,1.0,1.0
0a2a33c6710419f336fc91ebb5aeb14af86683d1974838993b0052f75ea1c2c9cf0128fdceb950250fbfc2ad1232fef1147a4809b2959a3cf32cabb1126cd9e7,FREEZING RAIN/DRIZZLE,"DARKNESS, LIGHTED ROAD",WET,FAILING TO REDUCE SPEED TO AVOID CRASH,2.0,23.333333333333332,3.0,3.0
0a2a35a3e8906cdd52e97de1ae3355d1bc474ae88762dacdee473051c371d2325879f3a39dc095b747eda2fe175aaf47ad6df6d8e91c63fa34cf192005368ac1,CLEAR,DAYLIGHT,DRY,FOLLOWING TOO CLOSELY,2.0,32.333333333333336,3.0,3.0
0a2a39ccb050d7a91b26f6e474c9c3a0fc12e1e65d2b954f933a65cf0ed8cdacecbe1c57c1d4ee08e0b4566743b0a9a31b0cfa34dd9e232575d9e5f522fe6c07,RAIN,DAYLIGHT,WET,FAILING TO YIELD RIGHT-OF-WAY,2.0,36.0,2.0,2.0
0a2a44bdd1ac31c798d7e0fc29a1d0e36c7d931bb1461c082fba2ea1f6e8bee77357978ae5dafdc1c081980d0d27e4670b9296bbc4ac90cf9e299342a6e1329e,CLOUDY/OVERCAST,DAYLIGHT,WET,FOLLOWING TOO CLOSELY,2.0,51.0,2.0,2.0
0a2a48149bc2318e060b046e3446ab38558a34f19525a24eaa05fddfe5ef895295fef00aa7f9ff73daeaf862ce5ec70f090d8f195132d394aae70f6122901e06,UNKNOWN,UNKNOWN,UNKNOWN,DRIVING SKILLS/KNOWLEDGE/EXPERIENCE,2.0,37.5,1.0,1.0
0a2a6ba2ff13060cec9f1f3e7b157513fec920c9703ee09b0378d8c33e660d3a7de11c78e8a1c4004a20de8040dc571481bfdea411799d57c1fa2daa16fb888b,CLEAR,DAYLIGHT,DRY,DISREGARDING OTHER TRAFFIC SIGNS,2.0,19.0,2.0,2.0
0a2a75211c0bb62a0f6f346653af33f5879585b98485bea75e721d98844754b8367c904ce045d5ac1166ef638dc05baa4064eac964c24683c62b0a6c3d47a096,CLEAR,DAYLIGHT,DRY,IMPROPER BACKING,2.0,38.5,2.0,2.0
0a2a862a9aa7fec573ada5e06664892747d3b0da01f736493f5b0e137021c2cb81f180e1e5de08527418ad7860119ab1adf1589f78389f326b920938a41bd52d,CLEAR,DAYLIGHT,DRY,DRIVING SKILLS/KNOWLEDGE/EXPERIENCE,2.0,45.5,2.0,2.0
0a2aaba48a5498efc96cf35d380f1695db05decc3185aeae4b45505190abbbb18eac1afc00754795d01183ab57c95461f8d6caff02a80377698cadd83ecf4730,CLEAR,DARKNESS,DRY,IMPROPER TURNING/NO SIGNAL,2.0,36.0,1.0,1.0
0a2abe61d9d6438cf7274760b16fc0337a0e925ca794582ef9ec0575d7f789ad3d5a593a832cbcd66bdd07c9a32b833f3d406636f767b4c94d705dcc760aca9a,CLEAR,DAYLIGHT,DRY,IMPROPER BACKING,2.0,43.5,2.0,2.0
0a2b014661c8d878d8445f8ace7a4b2619f8405f165d07596140dad30ec84ec7cd403fdef311ca06277287ff6b3be8cfd2f844bd83961d5de49a33035e671773,CLOUDY/OVERCAST,DAYLIGHT,WET,IMPROPER BACKING,2.0,32.666666666666664,3.0,3.0
0a2b104c912882e62530f0c36f9836cae86f9949d03aa6ad3f7ae816a9a99f56277bd93401241edd79957867a35ae124c263db89d58d6b9bfc9fa4607130a8f5,RAIN,"DARKNESS, LIGHTED ROAD",WET,IMPROPER OVERTAKING/PASSING,2.0,21.0,3.0,3.0
0a2b1102e42f98da9359e5ceb2cfafd43124d38ebc17f9bc77703f1fc71ac8c844f7b0796dc64a7ab3bc0c8dc010b2e22e57303844c834fd69a1a017ea8dc33c,CLEAR,DAYLIGHT,DRY,IMPROPER LANE USAGE,2.0,41.5,3.0,3.0
0a2b12776ee8db5cf7f55aaaee7410339ff6d1c7edcf141d6c1f79b8bf91df15b26f987175dcfc85a8e7712ec9dceb6167742579311e0486735998afbdfd3e15,CLEAR,DAYLIGHT,DRY,FOLLOWING TOO CLOSELY,2.0,52.0,2.0,2.0
0a2b46c86e674e30143954dd861b174e27b2dcfdb84b2e9b176f5718ecfaf791252d6523cb902e61c9852114f07549e0effa9bdf9e5e1530472cf2d1a95a1e8b,CLEAR,DAYLIGHT,DRY,"EVASIVE ACTION DUE TO ANIMAL, OBJECT, NONMOTORIST",2.0,33.0,2.0,2.0
0a2b539a2e456f6931bdf136553dd9d86512aa2c589a000574767265dd91609e05d8ae67c10bb0e4bfbef8e6d8ad1e8177fa1d861fbaf9c0d31825294380cf76,CLEAR,DAYLIGHT,DRY,FAILING TO REDUCE SPEED TO AVOID CRASH,2.0,69.0,2.0,2.0
0a2b7b45ff86f0d0935dc43ac52bb73dfe9f55220dee2b4ddcf7a26bef57a329570cb590af0f4bb46173a38d18dacd99f5ad797d17e2896bef3e0b6075c4f023,CLEAR,DAYLIGHT,DRY,DISREGARDING STOP SIGN,1.0,13.0,2.0,2.0
0a2b7cc3f2605025b2e5959d572bec090ecce93861a7282ab8cb485b4921659c569353b641a79d47e5712959205c1894c59a811944002484dde06844e042776a,CLEAR,"DARKNESS, LIGHTED ROAD",DRY,FAILING TO YIELD RIGHT-OF-WAY,2.0,22.0,2.0,2.0
0a2bbf6e6e55721ec8ab5aff3e0d107b012a6ee4e171aa7db26263bad4c449e17ff140828bffb7cb3887cfd90dd5b7d8dc5d574310ecccea430d6e1990792edd,CLEAR,DAYLIGHT,DRY,IMPROPER LANE USAGE,2.0,37.5,1.0,1.0
0a2bc86cab4e1c84439f7b0c063c856e3005e7fa4c209c9f6e328141eafd05f8638206b5e71fce9987d9c6353e530d9ea47a8dcee18b5792ab45ac9917573859,CLEAR,"DARKNESS, LIGHTED ROAD",DRY,FAILING TO REDUCE SPEED TO AVOID CRASH,2.0,66.5,2.0,2.0
0a2bd49ac7814b4e80ee2ebb2b312f842879d39e6e3978b8fd0cd36e8d7b8711f70515046a1ec4bcd704dcf2a7fa87f6afb404065f8f41610b18740bac80688e,CLEAR,DAYLIGHT,DRY,IMPROPER LANE USAGE,2.0,36.5,2.0,2.0
0a2bfed136dd46a5664d4b0c98230a0151335a1a3eb066e93b947ea79017568d85f955302e58ff9e45d0a45fdda3783f20cfa2aaef99062619ab0b02d71fa83d,CLEAR,DAYLIGHT,DRY,FAILING TO YIELD RIGHT-OF-WAY,2.0,45.0,2.0,2.0
0a2c095366afa69975fef2feb7d5cdb1a5ccd2fd62da62ccfc1c71451c7307ce76d6bfd625d0b640edc2c3008021c126700b22fb1a68253a4d0febb64475dcb2,RAIN,DAYLIGHT,WET,FAILING TO REDUCE SPEED TO AVOID CRASH,2.0,18.5,8.0,8.0
0a2c218fe80da928466e056de7359e0a08ae803dde0f09d6635a926b3eb19399202846b8b8558610c5b9d1fa1f521ec4eea64b81d3f0bc802ea6b529d24bd0d0,RAIN,"DARKNESS, LIGHTED ROAD",WET,DISREGARDING TRAFFIC SIGNALS,3.0,26.75,4.0,4.0
0a2c33d8340433c5302d8dcf013b4219b339594b77d33e88603189a810ea9447f717150609b76b90503104da3b963712e8e8b823eed175b402c08e00eb2456ee,CLEAR,DAYLIGHT,DRY,FOLLOWING TOO CLOSELY,4.0,68.0,4.0,4.0
0a2c3cdc117327202f9fd4d2c3c68337f8ba9150ed299464183fa1d8d8686b08ca817edb81a680bcb5f7dae5e088b4cd38a6450edd096f98d5fb9ec8df7267d1,CLEAR,"DARKNESS, LIGHTED ROAD",DRY,IMPROPER OVERTAKING/PASSING,2.0,20.0,5.0,5.0
0a2c584d1561b3ab2741c474ad980a58ee408e920c69e1e364b81901f253ec48c6350f10cf1da443f6fc840fce8c7bee3daa9b1045c4aac375407b0b8dcb2267,CLEAR,DAYLIGHT,DRY,FAILING TO YIELD RIGHT-OF-WAY,2.0,22.5,2.0,2.0
0a2c65a623a33db74e54d5f3f1f291ab9eca05126c539d00482823db7f7ce73b4bd6ae554b615fbb7fbc5c1e9747cb5362ebb7ef16c78a735ff41992a11faf5a,CLEAR,"DARKNESS, LIGHTED ROAD",DRY,FOLLOWING TOO CLOSELY,2.0,40.0,2.0,2.0
0a2c865b8e892829e88f650b161541bd5f33fbfc5fb90a71a6a895e51b1d41e0dc01ee7a6f9d4348390bf4482bb30aee26d81208079d71379fc7dc3eaa863e6a,CLEAR,DAYLIGHT,DRY,IMPROPER BACKING,2.0,41.0,2.0,2.0
0a2c9a135b3c3237e7c560701aad2be6c1133657ab6b6b52b3d012f3d0243dedad4a225a53d631fc84b33ad412492cefae24c098f0d023d872c17bf271870bb8,CLEAR,DAYLIGHT,DRY,IMPROPER OVERTAKING/PASSING,2.0,47.0,2.0,2.0
0a2cd1cbba887346407b387c58b18cb6ce6569e59f3576da49096f42c6a76ebb6068d8f87574d6e2fd1fedd2970962745bb88dea7176cbb76dcb0020e6205319,CLEAR,DAYLIGHT,DRY,FAILING TO REDUCE SPEED TO AVOID CRASH,2.0,52.0,2.0,2.0
0a2d05d8877d20b89481b8fed268ccf27eb0ee384614c46e759ebcd2ff28fa255138113f698157637f4f235619244d33be819a231f8b27549e27b97e3dcfea59,CLEAR,DAYLIGHT,WET,IMPROPER OVERTAKING/PASSING,2.0,63.0,2.0,2.0
0a2d298f12228be525f7db97e71201f2cac7aec8558c91f3abcaf96def3bc103be44cc9d77ac9dce8846849b95e442def5616f1ae5981da15aaf7a4b877762ac,CLEAR,"DARKNESS, LIGHTED ROAD",DRY,DISTRACTION - FROM INSIDE VEHICLE,2.0,37.0,3.0,3.0
0a2d49bb76247ec49aa04069b4ace48694b2b2522278867108475747e77c0a1e93c39b41eaf7edc6f01e9d76d7040624300d92b34a25f877e81dbc9458eb2852,CLEAR,DAYLIGHT,DRY,FOLLOWING TOO CLOSELY,2.0,47.5,2.0,2.0
0a2d5ac280f7c0863b0908c3d8addf61b47a7ba327a9a30ed54061ff6eeaaabe0ec4a9be936c5e5a3a5e73584e45ff235fc7923a8c80285c5d687e2d4434a6b6,CLEAR,DAYLIGHT,DRY,"OPERATING VEHICLE IN ERRATIC, RECKLESS, CARELESS, NEGLIGENT OR AGGRESSIVE MANNER",2.0,36.0,2.0,2.0
0a2d714839597055ca3b533593a004f37b56fa4893fe91233d01cd93d497d3207cc1917cb44224bb1f5f346b99d179df00d66fd93a72dc84d4189ffaedacfaff,CLEAR,DAYLIGHT,DRY,DRIVING SKILLS/KNOWLEDGE/EXPERIENCE,2.0,68.0,2.0,2.0
0a2d7ffbfd46dfd6d30a53f4890063db224349ffa56d89b6911c68df57c0e8899b606bf0f9c340ccf63a4e86d49b35c8ed95608ed3de5b0338fb44ad5017fa23,CLEAR,DAYLIGHT,DRY,"OPERATING VEHICLE IN ERRATIC, RECKLESS, CARELESS, NEGLIGENT OR AGGRESSIVE MANNER",2.0,45.0,2.0,2.0
0a2da465f3af256c69adbdeda6c87df0ec1cdfd455ba96e4f93cda77feb914f0a4e08a039c376371c4c01a7efea9dbd9fac3e43cb7f3763e8ec49959f7b6caeb,CLEAR,"DARKNESS, LIGHTED ROAD",DRY,IMPROPER BACKING,2.0,37.5,1.0,1.0
0a2dda5458397d566ff5c677123e1fc8e846ffc86b9faae54444c782a7a7e79c135f0ef233cd88f9f77fba6fe54999548b9368966cbfd9e65351dce4a2454add,CLOUDY/OVERCAST,DAYLIGHT,DRY,DISTRACTION - FROM OUTSIDE VEHICLE,2.0,36.0,5.0,5.0
0a2df26fd8d4597bf84616cadc2af7db423f4b848098a6f700af6f022a5e028d87af2483bc3ccbf90982d405b71349d62082b949e3ad59eb22ceeb814b14b8b7,CLEAR,DAYLIGHT,DRY,IMPROPER LANE USAGE,2.0,50.5,4.0,4.0
0a2e13e1259d4d7cb37713bd4dc53a4f0d81bace41402e62a805f973c880d8980a5a24ff4e68717d51ea192deefe30a509084e92192b30c5ba1a8a41854a3ee1,FREEZING RAIN/DRIZZLE,DAYLIGHT,ICE,FAILING TO REDUCE SPEED TO AVOID CRASH,2.0,37.5,1.0,1.0
0a2e151f01e53342d448a23908db73f54f67ddcf28a3af8f8dc6d1acc519169ab6858b9267eda73cb222ffe0575a2921ac3300b71c84dfe6dcfbe3a9280fc7cc,CLEAR,DAWN,DRY,"OPERATING VEHICLE IN ERRATIC, RECKLESS, CARELESS, NEGLIGENT OR AGGRESSIVE MANNER",4.0,37.5,1.0,1.0
0a2e1f01f31b1950e7c79e6f6c61dd7cfc69dac787625d7309f645f8ada25826898d5bb28a6c5736abdde026682a37683ddfd3858da386b6965ef59ce266e5ef,CLEAR,DAYLIGHT,DRY,DRIVING SKILLS/KNOWLEDGE/EXPERIENCE,1.0,52.0,1.0,1.0
0a2e2bdddbf7c5a8f93c5effba3d6b946e2b37f19df1921848ac3cd681f7950c572ca65014b360604e6b320fa6445baa636fd5cda7fb2f555b6382d8611061ff,CLEAR,DAYLIGHT,DRY,FAILING TO YIELD RIGHT-OF-WAY,4.0,28.0,2.0,2.0
0a2e2d7f81dd0b8b200257b6713d4d88649b8758e8df0f69eeacab2d3518979948c23b5a9579f9bcc45a3f4b0bc53c847915defb5525f9f21a0699b0ccd6bc1f,CLEAR,DAYLIGHT,DRY,TURNING RIGHT ON RED,1.0,49.0,2.0,2.0
0a2e33956e58947c75b75f7801cb1a8d97adbe935d65176ef4697cfa7bedc298825951f5299dd578f9f046fab7acdf18675e8a6b48de4f4a8c6cb67c10f0097a,CLEAR,DAYLIGHT,DRY,FAILING TO YIELD RIGHT-OF-WAY,2.0,39.0,2.0,2.0