crash_record_id,weather_condition,lighting_condition,roadway_surface_cond,prim_contributory_cause,total_vehicles,avg_driver_age,total_people,total_injured
0a2e3d80376bd29ab36882d7a8fd08c70e553d03ce31613e589059a17c63cb65818920fe24f4efa5a0823284b97a7f9c186472aff0836da3d906798af6d854e1,SNOW,DAYLIGHT,WET,IMPROPER OVERTAKING/PASSING,2.0,46.0,1.0,1.0
0a2e4ce1cd2446a1d417fbf77f4eb120fa702181c312076befa29404ba4a29fb4e47612a721f7dcf13790c885527b8d5a708a4c2f322f77674d2932ae6bc62d4,CLEAR,DAYLIGHT,DRY,FAILING TO REDUCE SPEED TO AVOID CRASH,3.0,25.833333333333332,6.0,6.0
0a2e5d5561fb647cd5e5dadc0fccdf13689a87e168f58174f72b02493c94728803539feee72ca9ff66ed9b1e5f05f43734809fc8602ed24dbfccff2cc9d5f150,UNKNOWN,DARKNESS,SNOW OR SLUSH,IMPROPER TURNING/NO SIGNAL,2.0,49.666666666666664,4.0,4.0
0a2e69f7fc786e1c369702b0ae0ddd108fe153624e226bf18549eb797a30a1fbd0342a65becba0be6c036d04325a284c4bca6f13db608591b2c842d320cf3829,UNKNOWN,"DARKNESS, LIGHTED ROAD",UNKNOWN,"OPERATING VEHICLE IN ERRATIC, RECKLESS, CARELESS, NEGLIGENT OR AGGRESSIVE MANNER",2.0,37.5,1.0,1.0
0a2e7909454becdec7ec7e790e18fad57d8d9304afa53e4efab2c106c4c97dfc1f411368ab04e37cf542cd7f20afdc29aa7e28530719037d0b79a81db3339ec8,CLEAR,DAYLIGHT,DRY,IMPROPER BACKING,2.0,37.5,1.0,1.0
0a2e86451b51f9a0cbd2af5b0835f0a7671e285194d15765bfd2f836562c3baf53c35828cb59ce456e64cf29e4701674dde4512cc76dd6cefd1620c9eb386b7f,CLEAR,"DARKNESS, LIGHTED ROAD",DRY,DRIVING ON WRONG SIDE/WRONG WAY,2.0,44.0,1.0,1.0
0a2e9fe9e774069beb1572de0d0bd1b0ff4530a9118437577deeb2fdddbd580bf3ed189bb5418f795021a35038b05b4a959850d118b330442375c385f4d57022,CLEAR,DUSK,DRY,FOLLOWING TOO CLOSELY,3.0,40.0,3.0,3.0
0a2eb58d55eae458a1e60abf920b4c4721613697a5a59dbadfc99041a49a1a65296ee9b88caad254015d10b94f425686b882e40603bb1fd8da75d65988f86fc5,SNOW,DAYLIGHT,SNOW OR SLUSH,WEATHER,2.0,55.0,2.0,2.0
0a2ebd16f708be84ae691c5269a2b38bdc6b3d6d3bceabd2a53b9cce81b4c61ea08677a22df84d743fc2985b0364f9d5665f1deb3d46b7f156c432e511745afd,CLEAR,DAYLIGHT,DRY,IMPROPER BACKING,2.0,10.333333333333334,3.0,3.0
0a2ec42af9d54f09b2c31ddc90c126fd3f4957aacc75ba4e5bb7f75f8cd297d49276c931066e49596c66e3640581c047159c843feccfbeeb6b7ad8eae57fb4ad,CLEAR,DAYLIGHT,DRY,DISREGARDING TRAFFIC SIGNALS,2.0,28.0,2.0,2.0
0a2eeb593900b579ef2c0e7325ea7f4df839c279d2b2501d5ce3d32fbd68256937c8cb963cd6c056883d8051f1d5872cc7f4e513bc4685bf8626e6d489fda238,CLEAR,DAYLIGHT,DRY,DISREGARDING TRAFFIC SIGNALS,2.0,26.0,3.0,3.0
0a2f1dfd8cd77c85477b62e77e558f080f043b534c213450b4c16d4c544ae7014b54abc7ebfc09779d65d041fa73a2423b6629219ca5a3f9a4f17f562809feee,CLEAR,DAYLIGHT,DRY,IMPROPER BACKING,1.0,69.0,2.0,2.0
0a2f43f4dd61beb51d1c459646b170ebdfee6be5530d50eaf6cdcf89a807de4e01857db77a691f02b56718e6bcaa823065bf3f996cb761011db551ccaaad8679,RAIN,"DARKNESS, LIGHTED ROAD",WET,WEATHER,2.0,32.666666666666664,4.0,4.0
0a2f58b242a987b56a5ad97c5093b06d4133aa0f7f15e4e55f4cfebc282b45a5371911dedb8b3dc1bdf1a3c84ce34e6ec2fddf5a3a7f2cde9757fee6bcba9062,CLEAR,DAYLIGHT,DRY,FAILING TO YIELD RIGHT-OF-WAY,2.0,55.0,2.0,2.0
0a2f59ed2c87724c065485a021faca820d8152907ab1308969dcad79d1ba03cbabfcc0084a9c303c8b4f5d4d97ffb042a7b4b102697eec488df79fad6edf3120,CLEAR,"DARKNESS, LIGHTED ROAD",DRY,DISTRACTION - FROM OUTSIDE VEHICLE,2.0,19.0,1.0,1.0
0a2fa00c62c01e615d0158102af842bdc7d239427316a1cc36d2a1c0d0499faf76bc12a3e2eba53b044d351671fa56568c5d1edb5e34a234d7c7a122af12385a,CLEAR,"DARKNESS, LIGHTED ROAD",DRY,DRIVING SKILLS/KNOWLEDGE/EXPERIENCE,2.0,43.5,2.0,2.0
0a2fb250fdc3a34199de1a2a771f5c1556bb119a67d2a1855a91be6d03f74bee05dcb479d981b41743df2b98dbadd42a90407e735b0c9aba02b54b533ea61ad6,CLEAR,DAWN,DRY,FAILING TO YIELD RIGHT-OF-WAY,2.0,24.5,4.0,4.0
0a2fc3f625795bb3e6b19b781e64672736a51465e8205de1ea133176fbfdd6822dc0aae2ad7463cc2d1e1caec42858b63058d53c203540fa27b9564ddc1796df,SNOW,"DARKNESS, LIGHTED ROAD",DRY,FOLLOWING TOO CLOSELY,2.0,50.0,4.0,4.0
0a2fe85b15e2ab8405d58dd1c1f99f185c48dd9856d7a83838bfc8319b283a96cdad78be95b2237b9d99caa70bc2b760ee75dbaf3e404e999e4605b3b80e2dd2,CLEAR,"DARKNESS, LIGHTED ROAD",DRY,FAILING TO YIELD RIGHT-OF-WAY,2.0,17.0,2.0,2.0
0a3020e67c03e4b201550289c95a512a3c3bfa9adb488fe3de8fa80d4a935930d0b23bf5197afe8e6c15beb96842444b4ac4f0691d5986dabeed158d86bdcb59,CLEAR,DAYLIGHT,DRY,FAILING TO YIELD RIGHT-OF-WAY,2.0,37.5,2.0,2.0
0a3027d2100b673f5c54849f6fcbe7a2fa1cc492992ff0dff073a8d668ddfb6f72f6e70ad815f29e5d6aa8469bc141a3bb8633cfa854b3045cb1fc7b6d6ba1a2,RAIN,DARKNESS,WET,DISREGARDING TRAFFIC SIGNALS,2.0,25.5,2.0,2.0
0a303784c7b08cf93074fae6956a7c250c8b80bc9848ff68c93ece3a33b728cc340d935fb9bf43730329a14138dc7f0c406e99b7f25aff0e085a5e5eaa2b373e,CLEAR,DAYLIGHT,DRY,FAILING TO YIELD RIGHT-OF-WAY,2.0,67.0,2.0,2.0
0a304006cabdb10622091361914412bb6302b04143f85eaf57a0c9c8382ce1cc0cd70bd7a71bc077be1a9c2c3adb2b21886a496ee36786310c500dbdf9585da1,CLEAR,"DARKNESS, LIGHTED ROAD",WET,IMPROPER TURNING/NO SIGNAL,2.0,30.0,2.0,2.0
0a305845ab51ea3f6cb5b43de913d2e6029819c7e630828fc6cec12547b09a3367ec562b1d1ed83217133ce5ba19f81367174265bfd4e0c4ccc690b7e2cc626d,CLEAR,DARKNESS,DRY,FOLLOWING TOO CLOSELY,2.0,32.0,3.0,3.0
0a3087352c4fb9cc6f57ce83fe76e1547887347595e07ecd4ff596ffccac2e4e4de47521b31ba07038fef986a10af3554efb310ea94fa59253b581cb6c507e9c,CLEAR,DAYLIGHT,DRY,FOLLOWING TOO CLOSELY,2.0,72.0,2.0,2.0
0a309c58c9fff3795819201f01c00669ca2bceb0f304e71cd6b7f2e64377c23dd1aac553cf09ad00bf87b05d0657d348f50ecfe3d2d543e87910d75942b2887b,CLEAR,DAYLIGHT,DRY,FOLLOWING TOO CLOSELY,2.0,35.0,2.0,2.0
0a30b2247a8efe442c10cb26e99e5d8accd465d0f00ef378ce0828e911a7e2809ed38535da6fbbd165e43bf0771a3ae8763435b1919563ab183f2f828bcdbf06,CLEAR,DAYLIGHT,DRY,FAILING TO YIELD RIGHT-OF-WAY,1.0,82.0,2.0,2.0
0a30b42b4a7a2d7f6c1f48fee4ba600e825927617cd5a0aa3e9908e35528f73457fe0a70440d1617bc1b55dc67472bb603e8b1e842901f30bcf48f949ca2f9db,CLEAR,DAYLIGHT,DRY,FAILING TO YIELD RIGHT-OF-WAY,2.0,65.0,3.0,3.0
0a30c7fd4b2f17c16059840b7a36c8ee0605746b78aeecdfbe6598e371b5a9a474ff8b707514b8c5a329aa06f339273fd9991c0e91061207174821e57ecd7740,SNOW,DARKNESS,SNOW OR SLUSH,WEATHER,1.0,29.0,1.0,1.0
0a30d0cfa732025e0fe72c57ac019e2710c22b84d5fb1aeffb73240cd7e9cd166e5e12de59859a6f199885f81a8bafd2793e64f20a88bb83ed602eaa79786a45,CLEAR,"DARKNESS, LIGHTED ROAD",DRY,FAILING TO YIELD RIGHT-OF-WAY,2.0,32.666666666666664,6.0,6.0
0a30e497aed726367f8c03b1325d4e4d56cee2234f6e5bf98c636a1b952deecdf14c42b8e38e6c4b4307119ad8d25877daa6806eaf3165c221a5e2f20d6c41f7,CLEAR,"DARKNESS, LIGHTED ROAD",DRY,DISTRACTION - FROM OUTSIDE VEHICLE,2.0,37.0,2.0,2.0
0a30ec53a698b9e709991cd09316839d7b7cbac73499c891ab6659f9e6610e5c69c212a380649c3a7817895786686e8a57c8a28ab13552ffba29efda3b79831b,CLEAR,DAYLIGHT,DRY,IMPROPER TURNING/NO SIGNAL,1.0,53.0,1.0,1.0
0a3110a5040ca7bd5f41ce324c54dfe91341f936dbd165c2821602201142767c6c8145c264c8c16f994ebc1d894defd1ff0a9dca5d64cbd2925f3c72d88706d4,UNKNOWN,DARKNESS,UNKNOWN,RELATED TO BUS STOP,1.0,54.0,2.0,2.0
0a312891729d761cddb6c29e6082cce6917b7e4fd72fade84bc20bf8b5775e9fdd66048f387be8cafb8fff670b9e918a0dbb6d8431adcd737905f04cac6d9a5c,CLEAR,DAYLIGHT,DRY,IMPROPER OVERTAKING/PASSING,2.0,29.666666666666668,4.0,4.0
0a3145acb2155ff147cebb71abd3f88830fdc0d40e4b0af18a1cae1d81a456f1a41d45629f72f59dba07a53c996065b0892f6add24a15845de46324a433b3034,RAIN,"DARKNESS, LIGHTED ROAD",WET,FAILING TO YIELD RIGHT-OF-WAY,1.0,69.0,2.0,2.0
0a3178d79a998bd8a7bcc6ab493c48f6dd2a020e305b79bbeae5c39449aef2aced217c5c5d5914cc7ab509d5f19d06c7b214748c99fea227571d6571a4dc60fc,CLEAR,DAYLIGHT,DRY,FOLLOWING TOO CLOSELY,2.0,33.333333333333336,3.0,3.0
0a3190922d605a6ef99eb27409a85a035ba0582c57d9403c36e799e28b4d66cb5248bea7406f74a7107915c0d06f9b968940a6bca86e9f89eae562bd401b6e4a,CLEAR,DAYLIGHT,DRY,FAILING TO REDUCE SPEED TO AVOID CRASH,2.0,54.0,2.0,2.0
0a319558d50f998ada04cd4daa367b43ebf865d308bc14acfe3fac2f3f5cecd0ca7a39e5ee0e5ef33c88ceeeda5eafa1195a2ec749ae5978996dbdd4a0b6e376,CLEAR,DARKNESS,DRY,FAILING TO YIELD RIGHT-OF-WAY,2.0,40.5,2.0,2.0
0a31aba0c3f01bf23b572bde16ef8f2b4fa98ab64069c1f6e9ca63ab9a031e880eb47e640133b502d8a48fc7a69a7e361cb9a7a97723e106c3674781bfa1a414,CLEAR,DUSK,DRY,FAILING TO REDUCE SPEED TO AVOID CRASH,2.0,29.0,2.0,2.0
0a31b71bf923e1854c7f38243d15ce3c8ebfc082f5ddbcb17f453bfe49cc65c3bd92ab48fec8139b9a79ad145d72228b0726c917d4b8fe41b64b486aeb67ed8d,CLEAR,DAYLIGHT,DRY,FAILING TO REDUCE SPEED TO AVOID CRASH,2.0,21.0,4.0,4.0
0a31e8e203e090c2c0a85f80fe520c86ee9571e5ff6f49a8bad727476739c8fd51d9786a3bc226fff00d340f7a27a1ebfa1ae1370109ec8dbfae5496739547a6,CLEAR,DAYLIGHT,DRY,IMPROPER BACKING,2.0,40.5,2.0,2.0
0a3211dad924d54d30303d25729d0c3aedd12ab16c1ea17002f330764831f711447e400d08180eb7fbf1a45d487fc896094645ce85d5305f16c15a8dd6ab3b13,CLEAR,DAYLIGHT,DRY,FAILING TO REDUCE SPEED TO AVOID CRASH,3.0,50.0,3.0,3.0
0a3213bb238d8982868c97cf22ffb17fa2f08b715eb80b6b41e045a322edcea66d94932a91adf64c9ed61a03734e48168249017317cb0af64fb1428c0c6ebca9,CLEAR,DAYLIGHT,SNOW OR SLUSH,IMPROPER LANE USAGE,2.0,37.5,1.0,1.0
0a321d0ed9b6da2adc40cc71ee52b0005f49befbe8c50564208b344ee2c14361f1c8c8bf5acde41072d8621db1fead3b890b577e4a62ca9a9fe7d7ae0c455da4,CLEAR,DAYLIGHT,DRY,"OPERATING VEHICLE IN ERRATIC, RECKLESS, CARELESS, NEGLIGENT OR AGGRESSIVE MANNER",2.0,37.5,1.0,1.0
0a32304e8d999c7ec3897bdbe447c635409772bec8e12d8800ada4fa198d329d6b5faed5b653e71f4363fa6a31f93032eda2726bb0ed65881b7b3f07ff5117c1,CLEAR,DAYLIGHT,DRY,FAILING TO YIELD RIGHT-OF-WAY,2.0,54.0,2.0,2.0
0a32377861be906af990f1d895c6b7791623da3c5a0d8cca453f916d95ea2d283d18c7583dee35ecb8f44c733cb8fed2615291c708cae45c7ff04bb16d85bc16,CLEAR,DAYLIGHT,DRY,FOLLOWING TOO CLOSELY,2.0,42.5,3.0,3.0
0a327114915b80a39b686589d843c5e0776efbe9e32c772e26d1802395622f50e20f2221b67f73d5fe3a7933417226217b40fc82ca29ed7a08f7e9f99d37fa29,CLEAR,DAYLIGHT,DRY,IMPROPER OVERTAKING/PASSING,2.0,37.5,1.0,1.0
0a327e2e768fb4d6726099014cad386cc9258a3d082e6fc53bedb42bdbc36935d6ab4f7b4e60ce0b1a72b185a16489475c210d77ec39df8824739b3fbc436252,CLEAR,DAYLIGHT,DRY,FAILING TO REDUCE SPEED TO AVOID CRASH,2.0,26.666666666666668,4.0,4.0
0a328267d5f34c8f2570fc859d604b2f8d0ef730a3bf13c720c703cba5be29d983995e4a729503eecdee69b082a8922248a3d1f0ff261b7d19425bd2f03d1d9a,CLEAR,DAYLIGHT,DRY,FAILING TO YIELD RIGHT-OF-WAY,2.0,36.0,3.0,3.0
0a328545c0d857155f13ea2b97439c154d1ff94901201525bdb701a2268eefa016f2000d4c4cff202875935341bac52f77963f7408e8425e3ffc823cdaf140f0,CLEAR,"DARKNESS, LIGHTED ROAD",DRY,FAILING TO REDUCE SPEED TO AVOID CRASH,4.0,37.5,1.0,1.0
0a329dc05a67b400439c5c45823de6ff3572ea7d01848294286e24749638a51621367bd238bdde1beb6d340b781b611e892e1352348bdd6b8639b9c3bf94f9ac,CLEAR,DAYLIGHT,DRY,FOLLOWING TOO CLOSELY,3.0,37.333333333333336,4.0,4.0
0a32e19aba7bcdd5f814692cbdd943779efd61f3887d351279ed331ec878db79447b6fda23aa1712c82f4ca9aa5a889f87c31a3ad07d824ef6fb780d1477d383,CLEAR,DAYLIGHT,DRY,IMPROPER BACKING,2.0,50.5,2.0,2.0
0a32e6e065010847ccba376706942bac26a6fc0b49d0c7a9a47eae8b814609515e044620492225eb44a4fba1960d20ea2417c88ea2bfb7a2c2c85938cb704071,CLEAR,DAYLIGHT,DRY,DRIVING SKILLS/KNOWLEDGE/EXPERIENCE,2.0,45.0,2.0,2.0
0a3301681d4100e6c1cd30b8cc70bfaf0e1ddc1f30be0d66281ae43b07b54d1d59525cf686881f470b7437406f1926f9dddaded8049f975f00e55966be4b3230,CLEAR,"DARKNESS, LIGHTED ROAD",DRY,DISREGARDING STOP SIGN,4.0,37.5,1.0,1.0
0a331125cea0d1ceb19e07e2bcb8c5cfc7a077f3288652144462f5c3cdf4d4bc1395919dd61c8d89cc39f8e4143d7de91d86dc5bf4685547787107d4c0e6d677,CLEAR,"DARKNESS, LIGHTED ROAD",DRY,FAILING TO REDUCE SPEED TO AVOID CRASH,1.0,24.0,1.0,1.0
0a335d04deb5101df50956d9e13fc28cac6b2eb1f12e1443131a570f47949b48d927791ce966b69ade85652b50aab6a5c357f6d0044a690cfcc527a33ffdffce,CLEAR,DAYLIGHT,DRY,IMPROPER BACKING,2.0,34.5,2.0,2.0
0a33bd07e402416e06ba42a0f44148deb2718a73f4f3db699bc416774f0abbfcc255513e03152cf5d02ec57e76b23923721d8e833bf2afd18df6a7f776ad2e5c,RAIN,DAYLIGHT,WET,FAILING TO YIELD RIGHT-OF-WAY,2.0,43.0,2.0,2.0
0a33c6a68ed6c19428fcb7aa1fef50270440c4c55effba2ac27507f6aea213df3d5ffaa5403efc0df86d4ce21ccfa46fad8c39c52d6db219152cc116b641c9e8,CLEAR,"DARKNESS, LIGHTED ROAD",WET,FOLLOWING TOO CLOSELY,2.0,37.5,2.0,2.0
0a33cf6d5a5c4c8fae1e25282ccca551423442ec5ca6fdaf55c3ef5d78555aa74a0d9929ef06957ca03330f504e1011e92ad6ef5ce9b366670a5a67d53afc903,CLEAR,DARKNESS,DRY,FAILING TO YIELD RIGHT-OF-WAY,3.0,71.8,6.0,6.0
0a33d38c90a9c9608067db8d60f8c07d6d6d9b5ca3eab1a91b68c32b097fd0d220ce753915649773b3496310e4251394ac387facc68c835baab22b4da50b5844,RAIN,"DARKNESS, LIGHTED ROAD",WET,EQUIPMENT - VEHICLE CONDITION,2.0,29.333333333333332,3.0,3.0
0a33f0de6dc4a9d93c22b6013e4a2aaa8ebb9c3e8ee5b6e8a8eb5d4b1b57c44ae248d8be69e165c42b8784a94b8d37a6094226726edecc30623460f179f001f6,RAIN,"DARKNESS, LIGHTED ROAD",WET,DISREGARDING TRAFFIC SIGNALS,2.0,33.0,2.0,2.0
0a340facc19828b7a216fe1dfdf1367d13f5fedf851e149d2b9fd84dd0710fdc85fbe698fb3486b276cb2d7c22d83b206793aa708fae146f8e31e6781b6b8ab9,CLEAR,DAYLIGHT,DRY,IMPROPER LANE USAGE,2.0,49.5,2.0,2.0
0a3412370af529e4021b050f8a2154938339a2fcf299a284f58a1e3a58155130731c09ab42a80f32cebf41f069448ee038ffdf9404660153c73424f8408a4ad5,CLEAR,DAYLIGHT,DRY,DISTRACTION - FROM INSIDE VEHICLE,3.0,60.0,4.0,4.0
0a34434ee7bf60113432fc84672c7fd409fa3f679783829e3680f3cd0db31cdbb560c3e62dc73c7a4210b101fd4300b1e77c2e4f3df59149daffd32ac72bf320,CLEAR,DAYLIGHT,DRY,IMPROPER LANE USAGE,2.0,38.0,1.0,1.0
0a344f2f9bf81faa3d669b4b6f2557340b642bd8b8e597077a41907c4adfed691402fc3a849715adec744d34ae84d868845252c0410dab130b2b8c37b171e0a9,SNOW,DAYLIGHT,SNOW OR SLUSH,WEATHER,2.0,37.5,1.0,1.0
0a345658416c52ab46b172dff538ddf2223ea805da8a095b09b6dfba049e952389b8ecd443e51b8bf62a11a7f15f07525503200cce80bd9c5fdc6789bab577d9,CLEAR,DUSK,DRY,IMPROPER TURNING/NO SIGNAL,2.0,23.666666666666668,3.0,3.0
0a345ace7b3734455619108a56eafcce722e3c2753318545401b2b5f3796d2a1520e9852078a65787df64cf682dcb0153ba65eea9c6e42dc815d10f056dcc61f,CLEAR,DAYLIGHT,DRY,DRIVING SKILLS/KNOWLEDGE/EXPERIENCE,2.0,33.0,1.0,1.0
0a34896e32b985c4dc023230cf9e50a9436123689a138c64ff55c3f79b6f76678e23308639ef077a953d27bb31f2c2e56ae1e1aa6eb60f1958d6006c807b0f31,RAIN,DAYLIGHT,WET,DRIVING SKILLS/KNOWLEDGE/EXPERIENCE,2.0,61.0,3.0,3.0
0a34947c4faad5f0348b3ffb1927ffcf87274d899691f544a8d037d5eb44c4895e28b0275d0f7b9c0848c8150b3329a21ac588f1c9ae230abf60e48728d88178,SNOW,"DARKNESS, LIGHTED ROAD",ICE,IMPROPER OVERTAKING/PASSING,2.0,38.0,3.0,3.0
0a349e0d6b4619fefc72144fb39d364e7b246c835ca0010055e374bba4e9c66e746d88d4ed0c8c6e7cd1d8ce424fdba695f6b0121dd565bf33833b8b4aec198c,CLEAR,DAYLIGHT,UNKNOWN,FAILING TO YIELD RIGHT-OF-WAY,2.0,32.0,2.0,2.0
0a35169f53c1ff2e9e6dc608f86fb0aeae19187cd51ddd024d541d9e19b613fcd05c68d3b50bd13b4613b07de1475a4b101fed8308b0057468e87c6a3eb589a8,CLEAR,DAYLIGHT,DRY,FAILING TO YIELD RIGHT-OF-WAY,2.0,33.0,2.0,2.0
0a354cfac725d866dff0448146f2cd1a8f53b29b25bbbfde0d5f7bf02d5817831aacb63176edebaf2dd4a3aed08c8d5d5f36bde65d863050da4a581d58ef13da,CLEAR,"DARKNESS, LIGHTED ROAD",DRY,FAILING TO YIELD RIGHT-OF-WAY,2.0,33.0,2.0,2.0
0a358aa3f89389150fb929f40a2e60f7c7c8bdd821245552b3e006a3b2552d4c8e271b51e55d6168942772dc799e4cb3a045bf79ec4a65343f7cda0d97085f62,CLEAR,"DARKNESS, LIGHTED ROAD",DRY,FAILING TO YIELD RIGHT-OF-WAY,2.0,33.0,2.0,2.0
0a35b45645ad582079b3bf2bb66b1484082236fff970664674b02bdee268edb8fd25c0eb23b170ca57a2d975e0fbde0e12e34c3ea50d516902c67a593407cf1d,RAIN,DAYLIGHT,WET,FAILING TO YIELD RIGHT-OF-WAY,2.0,56.0,2.0,2.0
0a35bd59826c9c4cef78dee391b0bb85041c2925cc71525f6b48a14e7ba51ce1549052c5600bab125901472ee614942b720577884e0a61a5dae2515cabdc29b0,CLEAR,DAYLIGHT,DRY,FOLLOWING TOO CLOSELY,2.0,46.0,4.0,4.0
0a35f7021289f453930cce4493f04be77d0856123e937ddf226508bf00f6b3289ad006efb145c8f35eb67ee43445b1b6171fa3e2b5f2ca76e0c33bdca9a21ffa,CLEAR,DUSK,DRY,FOLLOWING TOO CLOSELY,3.0,24.5,4.0,4.0
0a35ff982e1c04ea6d0f555e153037054d0da4a690b87c8c1b808c73448e2d6ed62a0b553861da36c6553b9a8202396db0e8ad15189652c774c3a914f5ba744b,CLEAR,DAYLIGHT,DRY,IMPROPER LANE USAGE,2.0,30.0,2.0,2.0
0a36124d62540da95a32631ed7da72a177abce73cb0ba5987fb8136d20590869d5cd0152cb2d934c28fa6d615a092d89313b4c43d61bb47fe099328eb8740db1,CLEAR,DAYLIGHT,DRY,FOLLOWING TOO CLOSELY,2.0,45.0,2.0,2.0
0a361d712fb38c692753536e1c6ae7fc4bc28bf26ab25fb48c5114d3a6d83abd9c488c679da6aeb1c7b2d88b497b5053265e0a049924f18a2e0cc4d87c17807d,CLEAR,DAYLIGHT,DRY,FAILING TO YIELD RIGHT-OF-WAY,2.0,47.5,2.0,2.0
0a3637b0d753d71c5c9b5c334036189c2bc2efff203666798969d7269132c442252b41fce90f5f092119f2d9e2841466eb0ea3c630fa0c1d78b1f0cbbe2b70ab,SNOW,"DARKNESS, LIGHTED ROAD",WET,IMPROPER LANE USAGE,2.0,25.5,2.0,2.0
0a36462442a91093324899bfa98d6cdb952d87017b1081008b4996371321ba5631f8791a26478f2a5468ef631bd3655e0efeb5bc5a7a3e96cf55ac1a076da236,CLEAR,"DARKNESS, LIGHTED ROAD",DRY,IMPROPER BACKING,2.0,37.5,1.0,1.0
0a3652073746bf998c7b57ce9c37d5c996654fc019b23899e0270069c57345088d4bb0d80eb771f7215cc2949f80a5e764a1f8d72e397236fdc7202d870b0ad0,CLEAR,DAYLIGHT,DRY,FOLLOWING TOO CLOSELY,2.0,65.5,2.0,2.0
0a36572dca499c68120d3ef0ab076dd50c4a62c96c2db726af11f9e1978047d60d07cc55d7e3115d6f541f896a014252d3a290546246cedaa8a800793a98072b,CLEAR,DAYLIGHT,DRY,FAILING TO YIELD RIGHT-OF-WAY,2.0,14.5,2.0,2.0
0a36697b8f067839d46b3b478b3d4118599ab6829e60ebc85ac4127162a91fe2914941e08b76db16ec84446752eebda3ced8ba086eb93710bc5a10a51c9f7d75,CLEAR,DAYLIGHT,DRY,DISREGARDING TRAFFIC SIGNALS,2.0,44.0,2.0,2.0
0a36934aba207be2458c2ff00b97d50e23003cc95457537cf64b2d437f171273c29d2701824bd532b9ef63720d344dbc5e3fde964c09a15ab5be6527601a0a17,CLEAR,DAYLIGHT,UNKNOWN,FOLLOWING TOO CLOSELY,2.0,40.0,2.0,2.0
0a36e643a9790cecdbd4c44ee4fb956dafd8153694868586eab31071cb344298ba9766174379c73028be9513e7c2f340f73602676fec4cf0b0308e398d464f52,CLEAR,DAYLIGHT,SNOW OR SLUSH,FOLLOWING TOO CLOSELY,2.0,27.5,4.0,4.0
0a370714721e87c0c63da5c9fd0c5b690c9f146fe05ca513d4fcf1f9f0b562de21ca8d9a045727ffaf336bac027bb78685a858676565284e8aaddea87febb4b9,CLOUDY/OVERCAST,"DARKNESS, LIGHTED ROAD",WET,FAILING TO YIELD RIGHT-OF-WAY,2.0,49.666666666666664,3.0,3.0
0a370d96f02fb8a3fc69c472cddc5226f0ca82cc97746cd07df12ec2dc5fb868a5f8c385032641a64db25142c103a42f50bacd7f74be7c54449429e13ae24f59,CLEAR,"DARKNESS, LIGHTED ROAD",UNKNOWN,FAILING TO YIELD RIGHT-OF-WAY,1.0,66.0,2.0,2.0
0a37111ee605760978fe58e9c747f37b90a1e5ca5fcb976505909132a7f660f3555b1ec6f5c1db4bf6f40e5953e0b823dc6a52a309fb3f952fac50ddee633b6c,CLOUDY/OVERCAST,DAWN,WET,TURNING RIGHT ON RED,2.0,64.0,2.0,2.0
0a3716c26e504f7a7d7b68faf903574f16de243ef6ed6499d8f37f95735325a4a85407903d576064bb23884eef1370abe5d13e640ae1109281b6260b2d336fae,CLEAR,DAYLIGHT,UNKNOWN,FAILING TO YIELD RIGHT-OF-WAY,2.0,51.333333333333336,4.0,4.0
0a37401973ced1c0fb2d090a63b9a0f33fb168638739635f2986808514fb36dad267ab265e2c84461d40a5911231f9d6999dca0dd0bf47cff3632b28e8ad9df9,CLEAR,DAYLIGHT,DRY,IMPROPER LANE USAGE,2.0,37.5,6.0,6.0
0a375534c4d0349a818a953f93b9b8d85240e6ac6815ef6681aaf9ffa4c08887465d48076ef6585c36c9a6523fb6278300c29b0b979e0bea717595c7957a2262,SNOW,DAYLIGHT,SNOW OR SLUSH,DISTRACTION - FROM INSIDE VEHICLE,2.0,34.5,2.0,2.0
0a376db9e8e1bf4ebbf911ae9d60a9009bdda22b66d569460cfe49a66f0ea206d96e1832137e66851c8cf11c38c2e7d6563661717a759588137ee0d5bed3a0be,CLEAR,DAYLIGHT,WET,IMPROPER BACKING,2.0,42.0,5.0,5.0
0a37b5dc698974924cc2e46ba9d4f6e17c1db69104fb59b772cc5e285cfbfe874c9534d26cacaecbbf09fa92775a8b6d8d4c5fd1f15dfb7819ba4deaf5dbed5d,CLEAR,DAYLIGHT,DRY,DISREGARDING STOP SIGN,2.0,47.0,2.0,2.0
0a37fc905e6c0f97453888c2f971a0f91a12e791bd3f283b1d9cd3e428e21496199d1b06cfd560c2129b3de5928d5131221d26526f5cf5d684b7545e2d54a43c,CLEAR,"DARKNESS, LIGHTED ROAD",DRY,IMPROPER OVERTAKING/PASSING,2.0,30.0,4.0,4.0
0a37ff6da7fd171df7fb4af3942621387d0ec5c151670ea469f4c126bd78d91b467e504486f027a36aa77af8f015e67963165e92a0027237a54fac036c69377d,CLEAR,DAYLIGHT,DRY,FAILING TO REDUCE SPEED TO AVOID CRASH,3.0,38.5,4.0,4.0