crash_record_id,weather_condition,lighting_condition,roadway_surface_cond,prim_contributory_cause,total_vehicles,avg_driver_age,total_people,total_injured
0a3805a4bb790310e09e92357f9a802b76b873ae1fe32d0ce7fa638eec87f2eebf7be9e6359e312c8e999f5657fb9d64be29625b9c09524ebcbdaa2e6cc7f7ac,RAIN,DAYLIGHT,WET,DISREGARDING TRAFFIC SIGNALS,1.0,56.0,2.0,2.0
0a38726b0031be9292a42d42a1e827a10e42bef325d63653ae13f4727a7c0e73e527991c0195aabc97a69307fd9a399adba8a15b9c589ab4941c5433e6bbc85b,SNOW,DAYLIGHT,WET,FAILING TO YIELD RIGHT-OF-WAY,2.0,23.0,2.0,2.0
0a38764797e7d36b4e4cc95f4b9641d25df66eba19deaaea47da32cd8ec3b3c503047b2f5ae5ebae53d915fbd1b3cb5548f6e7f31e6ff9b65ec43538c276e232,CLEAR,"DARKNESS, LIGHTED ROAD",DRY,IMPROPER BACKING,2.0,37.5,1.0,1.0
0a387656580f3fb29077438b8740b8d5ec6df45979919de5f42a9689f71256dd623c5b73a455a6fa744635c5f66fe7c7b136146d3a0273f3421e0313f6aa2c42,RAIN,"DARKNESS, LIGHTED ROAD",WET,UNDER THE INFLUENCE OF ALCOHOL/DRUGS (USE WHEN ARREST IS EFFECTED),2.0,24.0,5.0,5.0
0a387f8a0858e5b2a3fe066cd68bb976cdb32e5b76be999ce8df1e86bb7362bb7c591ea92119db5ff4792f04e6f0192cb448de1694f9363d4537673c942cd1b9,CLEAR,DAYLIGHT,UNKNOWN,CELL PHONE USE OTHER THAN TEXTING,1.0,10.0,2.0,2.0
0a3887029a0c2652d1ecfddb582cf6f088593b0dfee1fde20363c78f4a42150bed22cf42f2a63f21ae98028811afc62bb536685ad9868016ee454c4cc497aa6c,CLEAR,DAWN,DRY,IMPROPER OVERTAKING/PASSING,2.0,53.0,2.0,2.0
0a388a6f2969f5ad9344551a4c4cd280cc22ed9412a1f9a51a811cdda29adb87f4d46217d72386722582a7e350ef3ec1dfb3bcf6f93ec7b17564b4ef290d311b,RAIN,DAYLIGHT,WET,FAILING TO YIELD RIGHT-OF-WAY,2.0,24.8,5.0,5.0
0a38b3358ea1c839a01a2331c6195461917b82441b82552839d08da445a38bb662171c102aa95609e2f44dabdf702dab0c7a40be8b4afd241b696986e27dcce9,CLEAR,"DARKNESS, LIGHTED ROAD",DRY,IMPROPER OVERTAKING/PASSING,2.0,38.0,3.0,3.0
0a38c79bc52774843f16837c864e3a49599bc9eee2d0ef14a2d0a087ea0a093ec76b5ef3b1d90702d3c8b4a04549a9a7cf78c77684f5d6144c7677677082ba71,CLEAR,DAYLIGHT,DRY,FOLLOWING TOO CLOSELY,2.0,29.0,2.0,2.0
0a38ddf892c845a6638584c4bb2e8d370c71430a159bf7e63c893c38e73ff54ecfe33f3c120a9b1d71b9fdf808ead780cef743fd5cbf7f4a23321b3c86f7a56f,CLEAR,DARKNESS,SNOW OR SLUSH,DRIVING SKILLS/KNOWLEDGE/EXPERIENCE,2.0,37.5,1.0,1.0
0a38e72e4575e484487f9c6786198634ab619223cd4548124649a216acaa74fc3f48c0b82edd1d71a6d677f357edde6e3177852898fefd15283192505d627777,CLEAR,DAYLIGHT,DRY,IMPROPER LANE USAGE,2.0,44.5,2.0,2.0
0a3915bbd9e790423953f50eb97fed1c527de0ba4b9fd77aa4d3849acbc7aeb6fe903080b9d004ea8d1de6b48e9c09db71fadd555f8041a9e18f69d34409e879,CLEAR,DAYLIGHT,DRY,IMPROPER BACKING,2.0,49.0,3.0,3.0
0a394ce3c37a244fa8a6368372487b3bc19d947400ae1370e4878045da8854e2a152104d76a2dcdc82796560234678a32904410795d2c7c2cb43b7e901c56069,CLEAR,DAYLIGHT,DRY,FAILING TO YIELD RIGHT-OF-WAY,2.0,83.0,2.0,2.0
0a39532d8ed1b1f32266ba00a175596e09af5e7c20003eda8c5b73d858724e33456ed2a456cd6fe2f450e41f722b12092f2f245179c05fd0d4132aee58fb96e2,CLEAR,DUSK,DRY,FOLLOWING TOO CLOSELY,2.0,16.333333333333332,4.0,4.0
0a3963f575213084bfc39cb5d766e2d9bcffa9e07380165ae314857dd1faf81de7942d49e50330e2eb032a9e6d5cc33cc896846aff5a0ac05692a8187aa31e11,CLEAR,DAYLIGHT,DRY,IMPROPER LANE USAGE,2.0,37.0,2.0,2.0
0a396843f5d0d2d0f2ea9d64f16d9bbc29de05cc2ce7caf7095092619d2626419aa06feb3b40c4c2d48de8dbc27501fe05e9078d5c4ef45892b94e168a43fd5e,UNKNOWN,"DARKNESS, LIGHTED ROAD",UNKNOWN,FAILING TO REDUCE SPEED TO AVOID CRASH,2.0,37.0,4.0,4.0
0a39a2fb2a7dcc26fba647efe52226d7aa6594cbc626a35b19bfb770744cfc4745acaa91a05c2849f234cb6e12122f733eacc8e6fee91baddf134be349336fb3,CLEAR,DAYLIGHT,WET,IMPROPER TURNING/NO SIGNAL,2.0,26.666666666666668,3.0,3.0
0a39b11ed902f75dc37f61a58ae9df6a4318975d8d40e0a951f0d13b40cf0b896eb24ad45565720af9ee9aa5d7978c06c604d6fe146be79084b9a9a5293e41ba,RAIN,"DARKNESS, LIGHTED ROAD",WET,FAILING TO REDUCE SPEED TO AVOID CRASH,1.0,37.5,4.0,4.0
0a39b263764e1c821836e5d60555766d7b40fe228f9177f6e297b77bad54372e00a8fcbdf449ef0cd73fffc2c2383704ee084916b2aa6f111f17b6b202c95ef6,CLEAR,"DARKNESS, LIGHTED ROAD",DRY,FOLLOWING TOO CLOSELY,2.0,26.0,2.0,2.0
0a39d02c5696fa3fe853c4866dabcad5fe06e4b63dcb6cc91ec8be15261c7c64b6599b51e99eff2e235d8930cef9518673c0ca79c723062980e2d1ffa2eb39cd,CLEAR,DAYLIGHT,WET,FAILING TO REDUCE SPEED TO AVOID CRASH,2.0,50.5,2.0,2.0
0a39ddec78424e11432e0348520a0657a5fff574e440f2e20a476dc82add5dc0607535222bb83435011cfe98d7b46d79d77a00e33736cd49d54b99c9777d3d82,CLEAR,UNKNOWN,WET,DISTRACTION - FROM INSIDE VEHICLE,1.0,60.0,1.0,1.0
0a3a015f371f27a8289eafc32e6a156859a6a5f3e841a2b6f5dd7b358220755ddd0c5daa94e1ae57bceef4b35d0411dce401b4d0ef701302d6c576354c56b5a3,CLEAR,"DARKNESS, LIGHTED ROAD",DRY,DRIVING SKILLS/KNOWLEDGE/EXPERIENCE,2.0,44.666666666666664,3.0,3.0
0a3a3b175d47f9208d93dd1fa22b92dea8364b4fbd4829f481889bae9d65157baff20ebe05e2b4a0ce1768d1c71a0bb00a087cf34d6bc176285b45bbc17eeb6a,CLEAR,DAYLIGHT,DRY,FOLLOWING TOO CLOSELY,2.0,42.0,2.0,2.0
0a3a7f409395836d927ca1365ec2d1d32ad42267f018e0a9f92cf39a210fdf8fb1ae9bd927d2b33eb6a217afe8100482c8d71ae356b3004b843eaaf24c2d8069,CLEAR,DAYLIGHT,DRY,FOLLOWING TOO CLOSELY,2.0,41.0,2.0,2.0
0a3aa9696b475c9843e747b2a7797cffa238aa3087216ed9de63d2692e589e03d0edcffded11b6bf1afd07946ba116d981099eb920b3af436c219646825a5180,UNKNOWN,UNKNOWN,UNKNOWN,FOLLOWING TOO CLOSELY,2.0,29.0,3.0,3.0
0a3ab4a0c0af7c2c588fe05a672d4a8bc6b56b2f5dbd70f19b75d0bb46fabdc8df2850919da7d5f27d44800ef8f3d028c953336e14ca0563d90770fb2ea9888a,CLEAR,DAYLIGHT,DRY,CELL PHONE USE OTHER THAN TEXTING,2.0,37.0,2.0,2.0
0a3abbae762d5b50a1fed4e3a568d2a566e9fa8e0ef74fb431d6375e657d9e57750427e5db91eee5d909ec5567cb749a694247e3d9fdee73e243faafca1e4eb2,CLEAR,DAYLIGHT,DRY,FOLLOWING TOO CLOSELY,2.0,24.5,2.0,2.0
0a3ad3a4535ad8273101467108c2df0cf1b511b0531157de281db15fbf09d14abd69283ce1774bcf6c08ad53b0468c701fe8957f1024f633007067c4254d9c6f,CLEAR,DAYLIGHT,DRY,DISREGARDING TRAFFIC SIGNALS,6.0,35.0,6.0,6.0
0a3ad7e1f0c074df988b1543179837d0bc3baeceaa70edd01ffad64e4be5315b2a10322ed4b4c95607e710d3585d8f8640dd50655cccce281c9adc9a55293218,CLEAR,DAYLIGHT,DRY,FOLLOWING TOO CLOSELY,2.0,29.0,2.0,2.0
0a3adf16fc47e35063c6458298447bbe59e466a91d874f466f705005e751f6b56bf74d2b4a566cc849dfd1b5159b1a8ad041123dcebc6d790786b1f4cfd6aee0,CLEAR,DAYLIGHT,DRY,"OPERATING VEHICLE IN ERRATIC, RECKLESS, CARELESS, NEGLIGENT OR AGGRESSIVE MANNER",2.0,37.5,3.0,3.0
0a3af84ffdfb39fbf5e8aac604a47088ebd3d706c6ea1525ceb06d80b3d4564838b895a215d8a9a9493a78fd4245c177375fd145cb2994d7d786f28aa496c43d,CLEAR,DAYLIGHT,DRY,IMPROPER TURNING/NO SIGNAL,2.0,29.5,2.0,2.0
0a3af8fd772e8a4b85fe9bc0fcd82b85dd9b7908de456189040f2ff70062b61105922b76d7b2fbdd68613dfff7f64aba4ba84ceef47dcb8ae804a096edb41c1c,CLEAR,DAYLIGHT,DRY,FAILING TO REDUCE SPEED TO AVOID CRASH,2.0,41.0,2.0,2.0
0a3b17f4618eaee461c25f34e0291b9ae82cd8dbb9df8d1fe55101e968a6a60ab7a9b0ba9b2ef7e1bc361f5351d2807ce6fc2de1d0a4e6ef03ac120b9521325c,SNOW,"DARKNESS, LIGHTED ROAD",SNOW OR SLUSH,FAILING TO YIELD RIGHT-OF-WAY,2.0,37.0,2.0,2.0
0a3b19c525af1883e007843bc7f606cda41c982c6a9ed718b627ffbe1d396f05155f8b6b65963835c6b908a48be929a28054443bb1d8c7611bf49c224e63bc7e,CLEAR,"DARKNESS, LIGHTED ROAD",DRY,IMPROPER BACKING,2.0,50.0,2.0,2.0
0a3b570f9b2f3bcec7f551935d4025b9a1cd4e1fe5a3738617fcbcaab5eff1001e4076203bf1c3c684754ae5d33c10627181a05b7ba0466444cdbc00d9ab2daa,CLEAR,"DARKNESS, LIGHTED ROAD",DRY,IMPROPER TURNING/NO SIGNAL,2.0,21.666666666666668,4.0,4.0
0a3b61850d2c38e232b70bf154fead13ac7d7c12c15cc0d66691baf6533a636fd04fc812d71ef2e2dff592792ca0914b21c9086cef0111b36415e8d0ee98ecee,CLEAR,DAYLIGHT,DRY,DISREGARDING TRAFFIC SIGNALS,2.0,42.5,2.0,2.0
0a3b6841470f60d479c3eda904164d4d3ef853d59e3201c51965f61d6dcd1fe33e2fdddf8003dbcace2c1bc79e10da2342544964930f8fc296c0658f43a22ff9,CLEAR,DAYLIGHT,DRY,DISREGARDING TRAFFIC SIGNALS,2.0,65.0,2.0,2.0
0a3b816fc3209ba193b3cd79358f4b305b50262f91367d0592c603ac07d5e3cf0f1e65631665840d49b8ec05bf4eadae28ffbe225bb6ed66d21989456da949d2,UNKNOWN,DAYLIGHT,DRY,FAILING TO YIELD RIGHT-OF-WAY,2.0,47.0,3.0,3.0
0a3b8cc962c035a2948186435122e556bd5bba51bd98822286214e80c9a03a6eaef29843a816b1cc85c62dedbb9a6b5f91abbfce8133c7cf763fdce0c062e063,CLEAR,"DARKNESS, LIGHTED ROAD",UNKNOWN,IMPROPER LANE USAGE,2.0,27.5,2.0,2.0
0a3ba6806928df47042341b676c26996bfc1fdcbc88b45019fa3ee07030a09607f997b9b49cc9bc26898fa8e79059a834110c055b6ea14f3dd83cd63f8b33371,CLEAR,DAYLIGHT,WET,IMPROPER OVERTAKING/PASSING,2.0,37.5,1.0,1.0
0a3bf3e3b8f31d19523da90bd1f5d72f95dedd240214bcba26c94ae2819c8aac64472e67e5b1af4577e7caadb90efae8fbe68dab2d2c5237b3e3149fdf2bee11,RAIN,DARKNESS,WET,FAILING TO REDUCE SPEED TO AVOID CRASH,2.0,46.0,2.0,2.0
0a3bfd03ace8625bf20e52e7e1853e062b1dc9e03532ec78ba9840b220473e96e7e557891f1ae8aa8b8152a3bafc7fd86074920b047e1ad148ddf481be72b0d9,CLEAR,DARKNESS,DRY,IMPROPER OVERTAKING/PASSING,2.0,43.5,2.0,2.0
0a3c01a7be802f5cb5cedec3ec51e3fa9923edc8afd6a5b94723ccc564958b0f394225bb766b1be4639b82cb757ba51a4bf19b7a1a5ee6f68426791ae670d1de,CLEAR,DAYLIGHT,DRY,IMPROPER BACKING,1.0,43.0,1.0,1.0
0a3c02ccf4ec38c6d7d588cfc074afbeed05b51a046fbeeac7958e7f2268c0a518aacaf03e6053614d6bf0a2e3155da9f72dd98b27078e43a29fba62112be181,SNOW,DAYLIGHT,WET,FAILING TO YIELD RIGHT-OF-WAY,2.0,27.5,2.0,2.0
0a3c2a4d0b013fba0c2c7a83ead74dcc2574261e32edc22358da3178b29470c3757ea68fdcd11045726eeebdc3b2bdec4c7b628f8decea71415b87a9888ea92a,CLEAR,DAYLIGHT,DRY,FAILING TO YIELD RIGHT-OF-WAY,2.0,43.333333333333336,3.0,3.0
0a3c499a5786cf35912a46d301cbe9849841aca96cb83929701eb4803f810c4f00624df63a7333c0d271cbdc5419f8c6e01d8c37b2df4e2451218be0c350ca7e,CLEAR,DAYLIGHT,DRY,DISREGARDING TRAFFIC SIGNALS,2.0,24.0,2.0,2.0
0a3c7dac0455444732acc813f631ed0c64764867b54a26a2fd8bc4cb7662c7189ed998aed3e86da41682a31e3aebd50e35e7f16afb4d3b21d9709e01004804ee,CLEAR,DAYLIGHT,DRY,IMPROPER OVERTAKING/PASSING,2.0,46.0,2.0,2.0
0a3ca6b245f301055886a9f71d1d2ca8cafa070954bdfef3e00ff147d4b268d3089a88c87dd1b15c9473b1a6a9a8f3a2f532528f59a96717a821eecfffa38d76,CLEAR,DAYLIGHT,DRY,FAILING TO YIELD RIGHT-OF-WAY,2.0,53.5,2.0,2.0
0a3caa265598e837b28d73290f1d5c564fbfc89c1a6ed86f18067ed8d3fb3dbd51ae00c6498f53dd43373002d440546560611601c7cb974de418db6f805f4441,CLEAR,DAYLIGHT,DRY,FOLLOWING TOO CLOSELY,2.0,35.0,2.0,2.0
0a3caa345e20aa9926b23fadd6494dfad60d0547c7540b55dd58a38f8ed4df787d6723428aaaeb222381a13deacea7d705593a408d79b1f3087efbf8c332be76,CLEAR,DAYLIGHT,DRY,FOLLOWING TOO CLOSELY,2.0,28.0,4.0,4.0
0a3cb6aa63ea47ce9db71499185d9dbf618381c4c815ac9a5dbee1b13d699cbe57d9eb52cb81895a850c1b14f5a4bca8347daa29b447210065df1b34d00343a3,CLEAR,DAYLIGHT,DRY,DISREGARDING TRAFFIC SIGNALS,2.0,20.0,2.0,2.0
0a3cd904b4340c566f4cc30f4a5e5af91cf85041b05fec5a6016ed585389f2c2299b55a612d20852840ae8ef48c57d96a0abe6d9fdd16887033c6be0764d8581,RAIN,"DARKNESS, LIGHTED ROAD",WET,DRIVING SKILLS/KNOWLEDGE/EXPERIENCE,2.0,41.5,2.0,2.0
0a3d1cecf476bf3a917c2948ecec69df4a664e0992b02feed97c420ee2e016591a7f5737b7f2d4fa2619c21d615c616df986efa498ab9f44fc565ee83cbc8aae,CLEAR,DAYLIGHT,DRY,FAILING TO YIELD RIGHT-OF-WAY,2.0,65.0,2.0,2.0
0a3d4204645f5a5fdd9abfb53d84c98d7b617fd9d84e82cf5d7fdf156f541b5546c47db457b4e0e123ee3fb89340405d4a7e1b9f4ad22028de77084af71551cc,CLEAR,DAYLIGHT,DRY,FOLLOWING TOO CLOSELY,3.0,28.0,3.0,3.0
0a3d635fdc4d2f659f3887ca94ba5d27d0a5e44e7d234303daf06095611307af5a5859c6510be632cd6772382d80af035aa1f8adb9a6d16725354fa3a76db0b7,CLEAR,"DARKNESS, LIGHTED ROAD",DRY,FAILING TO YIELD RIGHT-OF-WAY,2.0,26.0,3.0,3.0
0a3d7120b357f43bfa1d9603985921689e99d2e941fd28e173b5dd2a9e4480e3ea0873b1d8be34682d7e8ead0e9aac48fa9ad68621b35af6d82d8d5c1aba8ee6,CLEAR,DUSK,DRY,FAILING TO YIELD RIGHT-OF-WAY,2.0,24.0,2.0,2.0
0a3d9c6196017f5259aca239794331db05d20d41cb859eabe91773c10e01c091606d169dd3ac8b0d759cfda5acf82c2d8b6d9849450a7a9e72072f4996d7d45f,CLEAR,"DARKNESS, LIGHTED ROAD",DRY,DISREGARDING TRAFFIC SIGNALS,2.0,28.0,2.0,2.0
0a3da94afc393514a351506132edda9d8d1aee8df344649ba23c7683c60f401ebeaf9e224772c68b42dbd6c62cc935ee5618e43bfdd65299d5038b67aadd3d08,CLEAR,DAYLIGHT,DRY,DRIVING SKILLS/KNOWLEDGE/EXPERIENCE,2.0,27.333333333333332,4.0,4.0
0a3db9cc8cd5f42403196892d08da77b82fa24decebd2de31b2cc65ca944b8f139aa1d7a534875602411dfb4f819c045423209a8e7adbcf3e5cf1b85f9478965,CLEAR,DAYLIGHT,DRY,PHYSICAL CONDITION OF DRIVER,2.0,49.333333333333336,3.0,3.0
0a3dd25a6d0ef0e7d4a39f0923f5c5841918300d03bd20dd4d5264423c47962f330da8e5dd1db4cfa5e49c5150aceee7d93b64b2262e7b99ec1b8b3292cfe11b,CLEAR,DAYLIGHT,DRY,IMPROPER LANE USAGE,3.0,35.0,3.0,3.0
0a3e0dd5e69613689267b73a17bbbf3755a00c5a5eb6643128783ab001131fa7f19126533c5792b63bb3f03ff99f5e6e8d112dad6a0dc7de8fa26cfd3e03738b,CLEAR,DARKNESS,DRY,FOLLOWING TOO CLOSELY,2.0,32.5,2.0,2.0
0a3e29f2cc70d489c4b210c78823bd44f3cd957febd98b8833a4331d10f3108fdf8bf4ad8baf25c9be7b8067079903da50493b4d2ac9a40308ae7fe278f3897f,CLEAR,"DARKNESS, LIGHTED ROAD",DRY,IMPROPER BACKING,2.0,27.0,4.0,4.0
0a3e7556d16f94fad7403e599cc89ed7f3b853a633b616c1c2b344d9ab47f094c950ea2f4797acf707f07bab683365e7860f922c726136339549008051901e7e,CLEAR,DAYLIGHT,DRY,IMPROPER OVERTAKING/PASSING,2.0,29.0,2.0,2.0
0a3e7622edf61e8e505ce3b48c3f34a17c0aee78ab54d32009f3b458126f1c2dc980dd1a6df42090cc0450c3514dee5a4d04de72b98a4a1ba0ca4e76946420a7,CLEAR,"DARKNESS, LIGHTED ROAD",DRY,FAILING TO YIELD RIGHT-OF-WAY,2.0,51.666666666666664,3.0,3.0
0a3e779a69442e54c9328136ecab3549ba630e60e7140716480daea80d6cb961a3af1f2306ea6051012018feef80cdbe041bc8bcd3893d7b44bec096447be5ea,CLEAR,DAYLIGHT,DRY,FOLLOWING TOO CLOSELY,2.0,37.0,2.0,2.0
0a3e7fc2163064192c800c47b72ca3ab521a02ba255b8b3244122b21d5ea2e63251031471b4090b99fbd603ab65b6dccb7147d25b2646d41a69b807dd38366ba,CLEAR,DAYLIGHT,DRY,DISREGARDING STOP SIGN,2.0,42.0,2.0,2.0
0a3ea4c4880723654e2e6cdf4cc21ab7f29758ff47afa9b585ffec289fd85d92f89a77754b30da7bd71deec2ba5cd7694b391d148e3607a197c8b93a2677bcea,UNKNOWN,"DARKNESS, LIGHTED ROAD",UNKNOWN,FAILING TO YIELD RIGHT-OF-WAY,2.0,40.0,2.0,2.0
0a3ebbd70c299e0fe2b057a377c597b8a1c85f5a777e99af83693c32212b77363c4b85286f7f50729b3f20770c8f3520bc55531c6cfcc86e1df4071b52501cfd,CLEAR,DARKNESS,DRY,DISREGARDING STOP SIGN,2.0,25.333333333333332,3.0,3.0
0a3f50fd802132da5fe3bef78111feb2cf327d495c5dc60df3c0aee1e13a1df2bd77fc682b2b3a0334db6ffc40ea1e740f3e5cd4f254e5d8a10e108a3c1ebc1a,CLEAR,DUSK,DRY,FOLLOWING TOO CLOSELY,2.0,25.0,1.0,1.0
0a3f61abe446b4cc3ebf65490a544ff663b5527927e09c0bcd68a61a30ff15179d5f1f271affb270baca1f3747dcf0a08894f0d1bf8ffc7f722fd93102c425cd,CLEAR,DUSK,DRY,FAILING TO YIELD RIGHT-OF-WAY,2.0,38.5,2.0,2.0
0a3f7ae1d80254dec5c5c8b6166a2f9a8ef07ec80a615be065f2bcd0e8b992fe4a36fd33b75e2f81be20fcf4e14bc7e6f3c159e4e3736d3b606ff48dc96c2f10,CLEAR,DAYLIGHT,DRY,IMPROPER BACKING,2.0,78.0,1.0,1.0
0a3f9f37dafb44368de30a73255e15e91100d62e69a50b2839d2fc52b42819f7e540c327c439913c8a21b6ae4c6373f23208241d0341f546898abb06f26b6315,CLOUDY/OVERCAST,DAYLIGHT,SNOW OR SLUSH,FOLLOWING TOO CLOSELY,2.0,45.0,3.0,3.0
0a3fa7d6cd6ab30b314e9593c41e97b16af7e0b1895018ff2876f91eb8436d9cf73d6026b2eadccdf5b4954915936bc4ae161d1f038583a546580e3ac4084cb0,CLEAR,DAYLIGHT,DRY,"OPERATING VEHICLE IN ERRATIC, RECKLESS, CARELESS, NEGLIGENT OR AGGRESSIVE MANNER",2.0,40.0,2.0,2.0
0a3fb55874f38897af283f6f2056fee9572cc20a9b0ca4e7a052a0239754811dd90cbd7ecc659b3db20afccea7fe2c7abc79d99129afe85c61e0f1a3d2772443,CLEAR,DAYLIGHT,DRY,"OPERATING VEHICLE IN ERRATIC, RECKLESS, CARELESS, NEGLIGENT OR AGGRESSIVE MANNER",2.0,37.5,1.0,1.0
0a3fc8da271e9f3adb9b78dbfe51859536d48822aa307087559b6422ce0488cb7ca0515dcbef06f8da733e5f609ab2d6a102e15697d5df912d44483373f2f4d3,CLEAR,DAYLIGHT,DRY,IMPROPER LANE USAGE,2.0,24.0,2.0,2.0
0a3fddeadd7de11fca6bdb591de5c17bbdcb5f8eb1e44a8f0eda5da5a687229fc9995350f953d4a8aa9efde0b3ba58bf3d2b7ea68c5d3a519b4019cff7015385,CLEAR,DAYLIGHT,DRY,IMPROPER LANE USAGE,2.0,58.5,2.0,2.0
0a4017a9e2693866594f8c1434a0d0fba8b76e3b76cfaa776b6f395cd58154f069d205e9e6a262e81283d6a29add4bc40763632790287750391fe792fea85646,CLEAR,DAYLIGHT,DRY,DISREGARDING OTHER TRAFFIC SIGNS,3.0,30.75,4.0,4.0
0a401e3532056e43e520f18ea3501f4a5282b8a1c1043062be7f2c06678f8f83b308335e5a73efab3c5d7fac7eaee9bf74badcb57e80a038564fd988843edf82,RAIN,DAYLIGHT,WET,FOLLOWING TOO CLOSELY,3.0,51.0,3.0,3.0
0a40671ef37c458b6375be9e4ae02b8185a54b876772d9fde4693a095c2da445c957133409fa29c414233902d56e8326e1adb0e5c31c37e657ea29aec7e1902a,RAIN,DARKNESS,WET,FAILING TO YIELD RIGHT-OF-WAY,2.0,48.0,2.0,2.0
0a409d017b6acb3892c39a7338a99664f2f27e150341c9aae4181694948ffc0ca728a72613baab4d8bc957b5a64b0729d28b903ee673ccb5c59bfda270340e79,SNOW,DAYLIGHT,SNOW OR SLUSH,DISTRACTION - FROM INSIDE VEHICLE,2.0,40.5,4.0,4.0
0a40e83674168b0e31697376766d1c76cd88841d3305123bd623df00d256b3b61b2239f48e029710a748210c769b57f9757a28d8f10f7e71edf9b48eed4a7887,CLEAR,DAYLIGHT,WET,FOLLOWING TOO CLOSELY,2.0,58.5,2.0,2.0
0a40efc833b6a2f055a227e76ed8bd1bda6059fd2175351873685f9971d19b9a903d217cce66c336de8223508f394694dddfc390b2b8465ca5f12fceafffcecf,CLEAR,DAYLIGHT,SNOW OR SLUSH,WEATHER,2.0,43.0,2.0,2.0
0a411914002405ee1f300bad636d6e7dca9cc5bb6bf4f5c387fa039a565353a345cb53b782815ee9292e88d4959e01c7e6a8b3aa7f2079d6a77ccc6f37c00533,CLEAR,DAYLIGHT,DRY,FAILING TO YIELD RIGHT-OF-WAY,2.0,27.0,2.0,2.0
0a4124f725fb4178be82d3ddadf8e0ecf83ba548a4f9c5bd12be5ab6a1ddc31d257112ea6edf3accaf7099744e0ff56abbae9166bbc520216a632f970dee2f02,CLEAR,DAYLIGHT,DRY,FOLLOWING TOO CLOSELY,2.0,28.333333333333332,5.0,5.0
0a41407b72b6cabaab9b957c500719e85d492121fdbe34b21019a4ffc123ad4378ff030b2f0e1c8e4e4b84f83d0765fb27ba63eb3b5dd24eb8146d160b1f471f,CLEAR,DAYLIGHT,DRY,IMPROPER LANE USAGE,2.0,37.0,2.0,2.0
0a414e9b89da765f3e329a599f40f7960dd31ea8dcdaa7eb2476b99903dc217980b0267c9770026b8f46f490fbe2b390869d89220431f02c1c7e6c9540e610c6,RAIN,DAYLIGHT,WET,FOLLOWING TOO CLOSELY,2.0,37.0,1.0,1.0
0a4151e4ea2650cc9a8b1edbad64480475740abac52d0ed14053d68de36d4e414a03295831428be0b64008133d392972ca48bca0e00afe4a0c4b971d4d010fab,CLEAR,DAYLIGHT,DRY,FAILING TO YIELD RIGHT-OF-WAY,2.0,55.666666666666664,3.0,3.0
0a41571e587830a088c3263728d0ea5b8e8c075b65ec6894878413f7c65e640387c4f46a8c096e5e2c7921651d45226dd6b9c7b6c109d113bb87ef36daaed790,CLEAR,DAYLIGHT,DRY,IMPROPER OVERTAKING/PASSING,2.0,46.5,2.0,2.0
0a4189fd4e6e174025d53fb330cdd74aff238c92e322f7eeddaab9f87be4a3b7581cee34d97f7c2e79b67f5d429d4ae92f73387a30c310a025436d30fe30f9fd,CLEAR,DAYLIGHT,DRY,DISREGARDING STOP SIGN,2.0,44.0,4.0,4.0
0a419c39ff8ed1ab6ba1f27f056b689d3990339a4519e867725813b3a960b0f0b0359b96d9e510d46c98fdc3302577f712876d83666bc2c4cea1ec57c703dd2d,CLEAR,DAYLIGHT,DRY,"VISION OBSCURED (SIGNS, TREE LIMBS, BUILDINGS, ETC.)",1.0,57.0,1.0,1.0
0a419e4044f7c97b3fc15908bf7a2c94be28c7faddcb03d95249aab437a94df54cee8cb6c76f1f19b2e4d039a3d19bd4f07b8e4779d580666bb8e9b1dc0ff475,UNKNOWN,UNKNOWN,UNKNOWN,DISREGARDING TRAFFIC SIGNALS,2.0,29.0,2.0,2.0
0a419f802c1b8aa543d39342468ce18e60870e1f7b6533dfb0d3ef322e0e2ad2db948a3d3e96ac96989638e03cdf5814a8c24e433404b48565cee0c3b904ffc7,CLEAR,DAYLIGHT,DRY,FOLLOWING TOO CLOSELY,2.0,56.0,2.0,2.0
0a41adb156c60ac007f6d3671c8cac5e6eae4a6323daf0f9b12e69fb838306b121ad1da82e55e1c93728677ebd9408bc7bb0f190fdf00b07c15c8a14ce23d977,CLEAR,DAYLIGHT,DRY,FOLLOWING TOO CLOSELY,2.0,20.0,4.0,4.0
0a41d1ce46b4912282df4f3d498a5bf75f52213a14743f80c9056605e6b8bad4edb535dd753f49f1679b4e8c621fb3603fb7f8b0097c0a9acb8a9ba2c96c06b8,CLEAR,DAYLIGHT,DRY,IMPROPER TURNING/NO SIGNAL,2.0,25.0,4.0,4.0
0a41d261be8b899a3429b99cad855a87d33361f459f87ae29da8eef76687aecbd674fce34debb4f727b06c811cd94e63fbc6d1b54620060d798a3e5a6286c16d,CLEAR,DAYLIGHT,DRY,IMPROPER BACKING,2.0,37.5,1.0,1.0
0a41d6ee4ba4ed55177b1e570ab840719b802c87739ae16712d4a861ddc3606511f9c604421c5a66e1a495ce490512100b829965d4a6d28a5a3056105f9f304d,CLEAR,DAYLIGHT,DRY,DRIVING SKILLS/KNOWLEDGE/EXPERIENCE,2.0,37.5,1.0,1.0
0a420ad18cdda8402369479fa1fb2684915e277f74c1ef5e74ff59e739d3dee8ed8913d18511e5a69f09d630cd2d3700b64443525ec2002890d4773c86c212d4,CLEAR,DAYLIGHT,DRY,DRIVING SKILLS/KNOWLEDGE/EXPERIENCE,2.0,44.0,1.0,1.0