crash_record_id,weather_condition,lighting_condition,roadway_surface_cond,prim_contributory_cause,total_vehicles,avg_driver_age,total_people,total_injured
0a4225fcfa9133b8627ef2634eb95ea9a5e5924b8f6806de8f93872217324e152439b6e73d4832d1d25c903ce3528f2822c12fef7ba47f89e2dc9f3971a17e97,CLEAR,DAYLIGHT,DRY,FAILING TO REDUCE SPEED TO AVOID CRASH,2.0,34.75,4.0,4.0
0a4239ac10d74d0f6af4cae8b0a1ff596eaa4d46354cfbacfeed18443edbf693c85b2d85563bff628670c44b46b3ef5314b661c9dac287f323e63d1038489f75,SNOW,"DARKNESS, LIGHTED ROAD",SNOW OR SLUSH,IMPROPER TURNING/NO SIGNAL,2.0,33.666666666666664,3.0,3.0
0a423e902b6a0ab0d2768e4d04847248996a6d45f8c8ec2708c8f8ced62bc107684359f891a346909b9c25afa449113f2243b2ead1501ed75d5de3addae1ba16,CLEAR,"DARKNESS, LIGHTED ROAD",DRY,FAILING TO YIELD RIGHT-OF-WAY,2.0,24.5,6.0,6.0
0a42862ffa53d30be02cbb32d53fe9cd4df31f49b05310110c44435b8ca8aaca2fc0bc0c841ec88f5759c6f1b2efbe901d9ef91fccf6baafb3f4de01a4b4981e,CLEAR,DAYLIGHT,DRY,FOLLOWING TOO CLOSELY,2.0,57.5,2.0,2.0
0a428e946cca1436b4c7ac235ca1ad9dd4ef43fd0172f578a39e35288e12a72dac417572858db54dec5cb159c2e808b6c4a262507ef43397c2f81e5490d8b010,CLEAR,DAYLIGHT,WET,DRIVING SKILLS/KNOWLEDGE/EXPERIENCE,2.0,33.5,2.0,2.0
0a4293971638a79226d33d3ff2b7b9e76791b7bf1727fe7d8a5197347222b632634f474230d9a81e6e0346c1ad2e22e3cbe96c2c333e7b24e0333c0ec794e9a9,CLEAR,DUSK,DRY,FAILING TO YIELD RIGHT-OF-WAY,2.0,69.0,1.0,1.0
0a429d831d0caa74cac32640944a209871ad36a8cd0a7fb21dda0c917821370d1abfc928ef5ea35f58dbbdeedf99ed72056040f8471262e157ef90b3e8370625,RAIN,"DARKNESS, LIGHTED ROAD",WET,FAILING TO YIELD RIGHT-OF-WAY,2.0,36.0,3.0,3.0
0a42c8f816a0ee5c69356af3fc7a7735f311cd3b37995bbc3e4073b49e0a594754f7210fc4186c6a863a7665722f8cd9bdccb2e1c6f3041b717ea27b523af307,CLEAR,DAYLIGHT,WET,EQUIPMENT - VEHICLE CONDITION,2.0,58.5,2.0,2.0
0a42d94081c350e33d9a90745a475e91a22b61ff4efa570683bfc519c5d041be4015ab7e29b3a77148c22a34f7225c962d03c86633cd14fe8c0b8ccedd74eb2b,CLEAR,DAYLIGHT,DRY,"OPERATING VEHICLE IN ERRATIC, RECKLESS, CARELESS, NEGLIGENT OR AGGRESSIVE MANNER",2.0,23.0,3.0,3.0
0a42ee111ea16554697e3110e878779447e22a7a4f4ba93238ca4abd3d7410a950a90e1b58455bf4a8dd66e92987eb5955e0f9ae3c6aff27eba0f16347cbe153,CLEAR,DAYLIGHT,DRY,FOLLOWING TOO CLOSELY,2.0,52.0,2.0,2.0
0a42ee86b82392ddc3ee398c05b2a61a1e40601667b101acc03848cf21030dccb4bf068fac00d0044348f7938b9b44b21b391c1afef25f9e8474ba35134f823c,CLEAR,DAYLIGHT,DRY,DISREGARDING TRAFFIC SIGNALS,2.0,28.5,2.0,2.0
0a431b6790a17cdfe2d84a63d51a204971e644687babca40a38c1abfdf22b1f42a5c1ac5895c1474506aff116a442409540b4ce6598d961e1e9892ecca167237,CLEAR,DAYLIGHT,DRY,FOLLOWING TOO CLOSELY,2.0,53.666666666666664,3.0,3.0
0a433045beb0cadd3fec242a67ebfa6f258df6361037faa288778c69569de28dd0e5246d07b68cfb950bc4e9971b4d5d6358d32fa033bf6cf556809f721a030f,CLEAR,DAYLIGHT,DRY,FAILING TO REDUCE SPEED TO AVOID CRASH,2.0,27.0,2.0,2.0
0a4346400373a338721a31f5f17c27aea8c030e8098c0ca108f0fbe68a8ce7a8874e42437e6d19a01cb4f1747dc7a7f7879c8096f2c5157f3988b991412b97f3,CLEAR,DAYLIGHT,DRY,IMPROPER BACKING,2.0,37.5,1.0,1.0
0a435529170e5ce0e67e742362532992f27ca46b2791dd2e4e28f71a09c5543e6eedc7671f795f76e22e00d22777a38ede638b8852d6c1bb62c1009277d61d94,RAIN,DAYLIGHT,WET,FOLLOWING TOO CLOSELY,2.0,30.0,4.0,4.0
0a436d76e6abb144e852dd93b50dbdc01993685ba3599bf12f94037114b20115d1e4c6fd60f1bd826821c2bed44e9bf9c984cea39c309dea40ca718868f19e2d,CLEAR,DAYLIGHT,DRY,FAILING TO YIELD RIGHT-OF-WAY,2.0,42.5,2.0,2.0
0a43768cdbbcf313329084309789683c9c84ff19bdfbf40dc2562cbc47d0d12056cf4df37b7a6f132c1a4bdc317a6ba0f6cdb8e2559eec5d3ed6dcc0a374cf12,CLEAR,"DARKNESS, LIGHTED ROAD",DRY,DRIVING SKILLS/KNOWLEDGE/EXPERIENCE,2.0,43.5,2.0,2.0
0a43a9284c613d046ae0232e74c071e5749542078e1fa162b7fc4ad2501dd0596d908f6e3caeff36b6e1c1b4721edbe74b2f5b65a693dbf093bad12f441f5793,CLEAR,DAYLIGHT,DRY,IMPROPER BACKING,2.0,40.5,2.0,2.0
0a43c30a04cc1f9a1a36916d6f4a2b82a915522fd601ce2239ca504e7f3d61029d5bd2f8ee12087d5654cde54ddc3b10c7ab578685e64601f086de73d4d7889b,RAIN,"DARKNESS, LIGHTED ROAD",WET,WEATHER,1.0,37.5,1.0,0.0
0a43c4b8249bce3db5387ea882413eb1f5a25aaee0cd6d54890e0e8b8e1f7922a54e9c280ac1c69b189201853a60a7bc10cc1a665d79582dddd41adb66dc9916,CLEAR,"DARKNESS, LIGHTED ROAD",DRY,FAILING TO REDUCE SPEED TO AVOID CRASH,2.0,37.5,1.0,1.0
0a43fa8ea1736789867357cf1d066fc837c72c0d045bf0714c2cd9e6510cc6c6c84e3ff9400dd3cbe45381e83ed965364a4b7ad06cfd9813df9cff1f94c37c1e,CLEAR,DAYLIGHT,DRY,DRIVING SKILLS/KNOWLEDGE/EXPERIENCE,2.0,45.0,2.0,2.0
0a4434654ffed815afb96ffbad1701761b9d9abd97b4a2ef0254e7a51714ea88f8b396a62ae96cacf7e34c617499d8d3153c24a311aa957d31ae0247cc138564,CLEAR,DAYLIGHT,DRY,FAILING TO YIELD RIGHT-OF-WAY,2.0,42.0,2.0,2.0
0a4435cf1a3a42131d3d7780d3152942a046f43b4017aa3e771af74cad655f961a6bbbfa8a936925fdb56a6709cd36df01815a766baf3023751f76751af4f9e2,CLEAR,DAYLIGHT,DRY,FAILING TO YIELD RIGHT-OF-WAY,2.0,29.333333333333332,4.0,4.0
0a4452d8ff2c7c23baa56da16c56865ff7564e9a746f8ee7c561c2bbf074f89fcd83aae7cfa13baed2865b9f59bf993255781437f8b06b5e8392609ac98a13a3,CLEAR,DAYLIGHT,DRY,"OPERATING VEHICLE IN ERRATIC, RECKLESS, CARELESS, NEGLIGENT OR AGGRESSIVE MANNER",3.0,22.0,6.0,6.0
0a4473e822517c77dcb48f65912b635abd4c19bf3aa7254560021b093c9a5cb8f9e8a6d46fd6d4199f25caf766daecd0dfa783edf827d279052230c3dbd3b3fc,CLEAR,DAYLIGHT,DRY,IMPROPER OVERTAKING/PASSING,2.0,74.5,2.0,2.0
0a447472afb1faa2d23ae5f023b09aadfc0c2596036dfa54c6bc53543302167641f6af6a2fb87bd39e0f2e75f97b9627b1bfe2b1d7212ec62bf43f060a964c8c,SNOW,DARKNESS,WET,FOLLOWING TOO CLOSELY,2.0,37.5,2.0,2.0
0a4488022e6014da883d898808fc78e3f42c0acf9e4e28638a27df1efb9c2420eb48d2f21d06bac976684d1c148086238a6f9f246db852166f808497ca98208b,CLEAR,DAYLIGHT,WET,PHYSICAL CONDITION OF DRIVER,2.0,23.333333333333332,3.0,3.0
0a44a676158bc53e11b91b6ba7177cced3d92539853e9bdf8bad9e4137b785072021658487d7badaff224fc2389a16f8ab38a34b1133e44e5a937b75a3ddcd55,SNOW,DAYLIGHT,SNOW OR SLUSH,FAILING TO YIELD RIGHT-OF-WAY,2.0,26.333333333333332,3.0,3.0
0a44b2b1f3433058fca311fb5a149d03a9c9c469bff9ebaa0d9b506a77e4ed6c89d1d28c86196bfe1ded7923d47adbf0866142dd9c4b8609a9c3f650167b9746,CLEAR,"DARKNESS, LIGHTED ROAD",DRY,DISTRACTION - FROM OUTSIDE VEHICLE,2.0,28.0,1.0,1.0
0a44b9df62ad5b7dbfaa3b71804c7381879662e5a35224333bdcac44d5849c8e25cda350f08cbfd86652b7af260183fa41f07dcecf0df46b4131d476c59af474,CLEAR,DAYLIGHT,DRY,FAILING TO YIELD RIGHT-OF-WAY,3.0,42.666666666666664,3.0,3.0
0a44e05cbcaafa6bc12a507e56da36e26aab41c7026982e82e22285dcb4ddd46a2c7c961b389f6163813a509a8d53448c4fb308a3c0def34e630da39056e70dc,RAIN,"DARKNESS, LIGHTED ROAD",WET,FAILING TO YIELD RIGHT-OF-WAY,2.0,30.0,2.0,2.0
0a44edc34358dbe18f6e4332ea4bfa8ceb6d935967e9d2f7d5f98b06beabb44660529c990cf039c45f2f531b9f7609104146222b53092d04b64e79fc43f588f6,UNKNOWN,"DARKNESS, LIGHTED ROAD",UNKNOWN,FOLLOWING TOO CLOSELY,3.0,37.5,1.0,1.0
0a455c9b2626102898781b859eeb7df21fdfedf355290abdc5abd307c29177e39b8aaeaa4f95fe5439cecedc794f3d83249a260fe8e4ed0009a5730623b4cb58,RAIN,DAYLIGHT,WET,"VISION OBSCURED (SIGNS, TREE LIMBS, BUILDINGS, ETC.)",2.0,35.5,2.0,2.0
0a4565873515af067852d62ed9be1e609a22810aa701e3a17a04a3f8552ea375eaf2eb2813ab3deeeebb547535c3c0248f42181b1b7128e83e24f034d1f0f413,UNKNOWN,"DARKNESS, LIGHTED ROAD",UNKNOWN,IMPROPER BACKING,2.0,33.0,2.0,2.0
0a458bb6fdc4ad20d910740539221e425c5e3d7e9ffa66942a5fbd19c61ae01cd025a3aed36e09fa21509a0ff6413487f3bef70752492eef77550d46a5ef8ff2,CLEAR,DAYLIGHT,DRY,DISREGARDING YIELD SIGN,1.0,30.0,1.0,1.0
0a4590d5b0d976ae7364401e017d2cb312006dee5855d645328584cb6e9c576986aa24399bdc1994417726ca1e61253eb7f510844bade6d8e2968177c64b0c29,CLEAR,DAYLIGHT,DRY,DISREGARDING ROAD MARKINGS,2.0,52.75,4.0,4.0
0a45a5cba0a282a9facc03a2aa0901ab55879a326981a9d4506ff9310b92a9515f26326a8e7663b07565f37581d1a29cb1d6decd3b19be28fcdef4953016544f,SNOW,DARKNESS,ICE,WEATHER,1.0,26.0,1.0,1.0
0a45c91435fa93c67a7ec65b5c02a7f390b9cc55d521d1e3a6c77e30cb0f6f2c4ad318ddec3a76c512f95cb21dae75a99de7e99f61e4317b32a7f4d0c995493c,CLEAR,DAYLIGHT,DRY,IMPROPER LANE USAGE,1.0,23.5,4.0,4.0
0a45e2d5c886ebf87f14d9a9b1a9fda6f0dbdecbe5c0f63781773b60e38d36d3364c2a809d1aba534d4d1d6d622fe4318f45f0ce0b92be82afecaac5706812f4,CLEAR,"DARKNESS, LIGHTED ROAD",DRY,FAILING TO YIELD RIGHT-OF-WAY,2.0,20.0,3.0,3.0
0a45fa4d97729ccf4fea4bd219508e40d76d5bdf31f6d413759b2732825c311ff872aac583c77265514bd10d86751d281829eca5031dbf53bc622d81c905ea2b,CLEAR,"DARKNESS, LIGHTED ROAD",DRY,FAILING TO YIELD RIGHT-OF-WAY,2.0,8.5,2.0,2.0
0a46000ff0c146e8f39f9fd5a23957b3198a30232af579600a9ff8e4e3ec019255f80521f5c2ac3dad79165cc9aca26423e382e413a886aa8879f9f4254c015f,CLEAR,DAYLIGHT,UNKNOWN,"VISION OBSCURED (SIGNS, TREE LIMBS, BUILDINGS, ETC.)",2.0,28.0,2.0,2.0
0a460ec400f311cefb71e5eb0c2b4fc455b68abd65c9b3eb006bf2f92cc17b955576f6bafebf4f0e49020f5bd1eb2d6ee3108fa25f52e2e41a3da3cc647c466e,CLEAR,DAYLIGHT,DRY,DISREGARDING STOP SIGN,2.0,37.0,2.0,2.0
0a46122015eacb8bb47eedec2d6ca1e26d2bf41d81464006c9ce4e1be7921fe2779a4d307311ed3a21f01b01407a843c63d03fe0cc1a25634ca0846ee8d5fd9e,CLEAR,DAYLIGHT,DRY,FOLLOWING TOO CLOSELY,2.0,48.666666666666664,4.0,4.0
0a462585549571d1fb572aa8a8eb3394a1b93824cac282b450214f57c163b9fb915365d68914f6c8353be1cd9dc411d03282fefbab8e29a1b44288874d4723d5,CLEAR,DAYLIGHT,DRY,TURNING RIGHT ON RED,2.0,39.0,2.0,2.0
0a462c553eedac5c003db6e5b92d02e9506c8e94dd5443354eb13cde92a841a582b32a349039925f7e5c812beab963118a05b7e7651db9d19eeceefed005d8e2,CLEAR,DAYLIGHT,DRY,FOLLOWING TOO CLOSELY,2.0,47.0,2.0,2.0
0a462ce63ead0b7704fa36e8544e7e3ec34e79a8cb1180c43ccf6ac9307cb5d0440fba1e780486fcebbb8d393778629bc583499743a99683b080c25c149a0800,CLEAR,DAYLIGHT,DRY,FAILING TO YIELD RIGHT-OF-WAY,2.0,39.5,2.0,2.0
0a46542390a901b538593bca6291dd623fe58231e5c4f02938375ca7391e6871abcf0799edd3b4ff41f3f34ca4722a82c713c38a120f7eeec6addbc88e140c1b,CLEAR,DAYLIGHT,DRY,IMPROPER BACKING,2.0,37.0,2.0,2.0
0a4686bae9a7f6f9e8dd7d04fb423eb473ca7e3e9f17605539dd506f09ab83744c496173529cc319d559e199f9596b5250f6e058e08b2ea719d50c999a69a242,CLEAR,DAYLIGHT,DRY,DRIVING SKILLS/KNOWLEDGE/EXPERIENCE,2.0,42.0,2.0,2.0
0a46c19ee08c199021793648a8a1b3330bdd66fc4101a41447f0e32f7623834ab613dd94f092247148e8ed8c4924a95a8159970ec9e646d59e3bea6905d71d3e,CLEAR,DAYLIGHT,DRY,FOLLOWING TOO CLOSELY,2.0,50.5,2.0,2.0
0a46dd6334646da3411b22081df6ccf5430d988cf973524650a782fe8773ea817cd8c087ac239e3020bbcc293c29e448b11c167380141562b5d0a6af47a35254,RAIN,DAYLIGHT,WET,FOLLOWING TOO CLOSELY,2.0,49.5,2.0,2.0
0a46f6362f6b53f8ff4985e2734d69e07ecb1ede54ba5c55afc4025500bee89fe993ce55e7dbd74cb614f445712f7d4adc1da52c0a345b5545ca10ac9e47a900,CLOUDY/OVERCAST,DAYLIGHT,WET,FOLLOWING TOO CLOSELY,2.0,48.5,2.0,2.0
0a47643e74bd1228647cf3f86c6f0f290cb1f0dc4a2fb8408d8eb0cc1245797af49c355dfafe13341a968eaea8062be0919724aeb6125b5f0a26146f9b669e10,CLEAR,"DARKNESS, LIGHTED ROAD",DRY,"EVASIVE ACTION DUE TO ANIMAL, OBJECT, NONMOTORIST",3.0,36.0,5.0,5.0
0a477b05ab6691dfb962e899ebbea2524bf3b7f08b59384d11010ea77f7e39aeb4ca3190c06a31e81cd5627366f5bfab0638dc35cc2c045e787e67cf184d7e14,CLEAR,DAYLIGHT,DRY,FAILING TO REDUCE SPEED TO AVOID CRASH,2.0,37.5,1.0,1.0
0a4788a482cf6da09a057c7d43e634f12c640b0a738f5f163955c88f40a2a7a1bec99026ca4ab509c36e18574af36560d3f2917f73a8ce32e8943de15f393793,CLEAR,DAYLIGHT,DRY,FOLLOWING TOO CLOSELY,4.0,52.75,4.0,4.0
0a47894c6897df7da64b9c39c260f2a528bedfa539a0e65e96dea00b221612d428578080929a2bc06ac699ddeecd9dd183719463fcf53a705a6a5109a47b56da,CLEAR,DAYLIGHT,DRY,IMPROPER OVERTAKING/PASSING,2.0,38.0,2.0,2.0
0a47d3d31b9245269407afb36bcc406d1b7df65bd5b5fbdaab71fa4aac20ec6209ffbef2ac5bbb93b94120ad4a15faa3bfde77cd33d0e6ef7eca507ded2c4948,CLEAR,DUSK,DRY,ROAD CONSTRUCTION/MAINTENANCE,1.0,36.0,1.0,1.0
0a47dad18c5cf2c848217bb15bf92bc34c26a83c7dbfb90c1fbd10f0201c74a65a90e9345aee2f1e8269ddb812a755cb7abab964493adce200c4aec7964ab33f,CLEAR,"DARKNESS, LIGHTED ROAD",ICE,ROAD ENGINEERING/SURFACE/MARKING DEFECTS,1.0,23.5,2.0,2.0
0a47dfe5322263c5f6ae45b00608a71e0b9d08732e95725f3941fd07e3e6a11389467e5b344cb63e949bdf6e5437edb7eb0ff89499586859670acc4cdecd2436,CLEAR,DAYLIGHT,DRY,DISREGARDING STOP SIGN,2.0,49.5,2.0,2.0
0a47fc0b8c4f2550bf541c3889ac2a591c29818e8063cfcf68edc54943330763c0ba33991e0c7058813828099e19e2a3348dc3a8939f6b36cde5c3b0bc7d1932,CLEAR,"DARKNESS, LIGHTED ROAD",DRY,DISREGARDING STOP SIGN,2.0,32.5,2.0,2.0
0a4802799497b486a39a58354f3bf2dbeb858ee7f5a84056ffd9beeae5e2a664ad5319785546312b2be98b364d93b608b14c644a743d744d35013c606e67b161,CLEAR,DARKNESS,UNKNOWN,FOLLOWING TOO CLOSELY,2.0,22.333333333333332,3.0,3.0
0a481208f573a7cf9488f8fe46c8005758ca12dcee04ceef7689db5ef07f1c2ad9bc02a52637ccc99eb1d35efd7b066eaca8104cd1df57f2334150e23bafff18,CLEAR,DAYLIGHT,DRY,FAILING TO YIELD RIGHT-OF-WAY,1.0,25.0,2.0,2.0
0a48189cbc18b5e84bf8c38d346a38af956a712f24cf23fda70547ad3a89b142cd9eba640ea2efdeba21225c83bdabe100c2d89de88f03b48df578749d7e98ca,RAIN,DAYLIGHT,WET,IMPROPER TURNING/NO SIGNAL,1.0,51.0,2.0,2.0
0a483787f20ae7916b5259214d010493efc866471c7f07db9e9eb02071a520b6b5a286ff2e6d8c8bacdc0b12848f950d6941b8effe80adb2decc50cab43fd2eb,CLEAR,DAYLIGHT,DRY,IMPROPER LANE USAGE,2.0,47.0,2.0,2.0
0a4874e27acb9e76a3fe8433f15fb50064cc55eca0267051c11ddfb1fb2e1af8afde37eeb009ae91e0fefdda5dd90658d6bcecbc909936adbc6c0e30e219a2d3,CLEAR,DAYLIGHT,DRY,IMPROPER OVERTAKING/PASSING,2.0,32.5,3.0,3.0
0a48762311c7cd1bd1dbe4521deafa03bc99cb6787c05eb8874d702016be8088ef3b2cd3008fd0b423d2dab433d0aaf30657396230c93332b3f2a4180a176f1b,RAIN,DAYLIGHT,WET,FAILING TO YIELD RIGHT-OF-WAY,2.0,37.5,2.0,2.0
0a48963e66096786bf8f98722206f7bac74fc299e6eb481d37ee543680e0af41761daac51d4ede4088863d78876926b670b517f17ee6a78f2c60d6c5b1c3cbba,CLEAR,DAYLIGHT,DRY,FAILING TO YIELD RIGHT-OF-WAY,2.0,26.0,2.0,2.0
0a48990d2d923d60c4ec1dcb819e5550f28e5bfaba642d964dc8fe5ec57bbef1c6ebd8f70d396702530c794d0148cd90c3c836532dc305eb5b5af816ba1fadb7,CLEAR,DAYLIGHT,WET,IMPROPER TURNING/NO SIGNAL,2.0,26.0,2.0,2.0
0a489da4c686a87979c5a7f45982a9a3afa06590e2d21686babe50fdf6fca70d09ecbc51b4e06d6dfa371040628e26893c0f8b26a32b10eaa8548073880502cf,RAIN,"DARKNESS, LIGHTED ROAD",WET,FAILING TO YIELD RIGHT-OF-WAY,1.0,19.0,2.0,2.0
0a48dce77b31d424935575191b01e4eb8491194cdbbcda35ad7ca1bf9659a94aa503a5cbe98715d9a4e5e15e96fa0ca8ccfe99b6c3a5e5cec0db7563421669ce,CLEAR,DAYLIGHT,SNOW OR SLUSH,WEATHER,2.0,22.0,1.0,1.0
0a48e240cc05ae262ac50c80c4ea32d67d78bdd849d4d6a1664ac6f8f8c04d2afc091b92fc15a16f4d3eb7adb4c5ee0eda4add19e6fb0aec303c367fc1605de5,CLEAR,DAYLIGHT,DRY,FAILING TO REDUCE SPEED TO AVOID CRASH,2.0,24.0,6.0,6.0
0a48fee84e4c2e028e93c04b41e597a12df55ec5068f298f9b90d0a68d362adbc4d0d9e95d91d11fa44d64bdf8d1eae99719634b21128c862daeb8f6be0e0571,CLEAR,DAYLIGHT,DRY,FAILING TO YIELD RIGHT-OF-WAY,2.0,60.0,2.0,2.0
0a490df6ef5a80f88483796474ef0259aa2c9b7d387286f9acb788e5ef386031e80dac20325d1c63e66171bd7b46a92ad920e5fd290a2c5a5ae434ad0649f1da,CLEAR,DAYLIGHT,DRY,"VISION OBSCURED (SIGNS, TREE LIMBS, BUILDINGS, ETC.)",4.0,52.0,4.0,4.0
0a49391d31eb40796cf44b61c893a2bd5d59c18a48c18a5f6e6acc1b9e5c3d5f1e4abeae27d15e584a750c4ff6f71e370a67336d2114859138160596cc62cd4b,CLEAR,"DARKNESS, LIGHTED ROAD",DRY,FAILING TO YIELD RIGHT-OF-WAY,2.0,30.0,2.0,2.0
0a495c61623b7aa84f2cfcd0fc5c751921dde68d5e36cf013e5b2bd9502771fd8a6c1b1f21bae6024afd4a09065c4e3ec183755a6a0d3c4c1587d02ea9631965,CLEAR,DAYLIGHT,DRY,IMPROPER LANE USAGE,2.0,34.5,2.0,2.0
0a4991af34454eda3c69b51a71bdfcb300a94632f46e5c61bec87934bf39e83a64a65a386e536d07403aad40356951009d76663f4c3901c1665e017e86301734,CLEAR,DAYLIGHT,DRY,IMPROPER BACKING,2.0,41.5,2.0,2.0
0a49c94aca0dbcd01ab7d9bf1b61877f005701d6c51fe94ebc04b8b9a646b379bb3103ed3caab911dceca291faebe1ad45940f15def03906d234345dce54696a,CLEAR,DAYLIGHT,DRY,FAILING TO YIELD RIGHT-OF-WAY,2.0,39.0,2.0,2.0
0a49d80b80f8b6a49bfd0fd859edb6deefa98dbc9cee8e966e3200d7c6ef07562f53e1e98d006f3cf5e98c02569635e0f9a226fe6bc8314f7e21d7f338bde395,CLEAR,DAYLIGHT,DRY,"VISION OBSCURED (SIGNS, TREE LIMBS, BUILDINGS, ETC.)",2.0,53.666666666666664,3.0,3.0
0a4a0d1e0bbcd9c1c3dc22aa24760b3e3ab788fd4055ae24f9a68ecf11988a57169a3c181c9d6ef1973b18c65bf20930494092de8f626190f5b74d30e3c4f0cf,CLEAR,DAYLIGHT,DRY,FAILING TO YIELD RIGHT-OF-WAY,2.0,37.5,6.0,6.0
0a4a35bca0c495a29461c3a5e6bc24825d0a92c5ee6fb7d832dd0b2441b595f888846ce8a114e8532d705a6546a41a12c44b3acf93d3f18f5a8d3fef9f7ac0e8,CLEAR,DAYLIGHT,DRY,FAILING TO YIELD RIGHT-OF-WAY,2.0,34.0,2.0,2.0
0a4a612ea98d744a16eed09e376728c78c3ea5613976d9ecfdb2b2eef27feafb4876c55c6e951819e24136bd738edc04446f2ac900f45d9c4a0098025942d5d3,UNKNOWN,UNKNOWN,UNKNOWN,FAILING TO YIELD RIGHT-OF-WAY,2.0,52.5,2.0,2.0
0a4a699e45a8e0014cc76f036d90d9a46f42db7e8d9891c18720db711877df6b6d41bc26a31df17672b9782834bc0c33bb78a5d1330dbad133ad99358cd3acf3,RAIN,"DARKNESS, LIGHTED ROAD",WET,FOLLOWING TOO CLOSELY,2.0,32.0,2.0,2.0
0a4a845926a7e35bfb11f33d76ef8235771f93a03df149816523d9975abc3be9dee29cec72586f3c7ef4d285d777558d208d3ca43557d83694bed559b9423c29,CLEAR,DAYLIGHT,DRY,ANIMAL,1.0,31.0,1.0,1.0
0a4a98135eb4c1780472ee75042572790a2dd8f5d685079e2b5318ec0450ea4ea0a7f8f5fa343c30428e86fedfb3a494eb7e4d1412170be0b70b6c732420871f,CLEAR,DAYLIGHT,DRY,IMPROPER BACKING,2.0,31.666666666666668,4.0,4.0
0a4a9a926f9510d3036ff8115d418711e4ed533af4873d8095f763ea5c9fb05f7ad674dfc6570cae7faa0d765cd3d8529e736b861635f24daa3f9d382c6cf53f,CLEAR,DAYLIGHT,WET,FAILING TO YIELD RIGHT-OF-WAY,2.0,33.0,2.0,2.0
0a4aab9df576d45e92c9af82ebf52256580e83a5b1f70777dee5dcce1387e72f775a5c760910b6fd8ecd210a389dcb2233791eca90c9546fba1960fa42d04eac,CLEAR,DAYLIGHT,DRY,FAILING TO YIELD RIGHT-OF-WAY,2.0,47.5,2.0,2.0
0a4ae51c578f9d77124af7891320c9be2915da427050ddcf8f523c9f3cef64c7b9f097532a0e86dacdcde58f7ad3de6a2b0ffb5128144d2d9d627b2b6f9e6809,CLEAR,DAYLIGHT,DRY,FAILING TO YIELD RIGHT-OF-WAY,2.0,29.5,2.0,2.0
0a4af8c7fa52d20be88b6e5151b8480c66192241fc1f8a12fe85258458e29f1a940b637d52dbc8252d0e14e1db2a5d2d627ee57d3fe7d84e142d51d2fd8f6312,RAIN,DUSK,WET,DISREGARDING TRAFFIC SIGNALS,2.0,41.5,2.0,2.0
0a4b2bef5acaa852ecd791dc01795fd660dd82650c67d143c2c2eed3fb674be510fad95731da7e93078c7b65f60491efc2d4e54416b7cc5906ac2ea6b0bd1b0f,CLEAR,"DARKNESS, LIGHTED ROAD",DRY,DISREGARDING OTHER TRAFFIC SIGNS,1.0,45.0,1.0,1.0
0a4b38bf436d89176c727e522988a717fd7dc9f9f5296e5abb540c1cc8b5fd1bff64febbd4023bf302e61f84a264d1821a82df0662cfea5a964e78c66b0fcff0,CLEAR,DAYLIGHT,DRY,FOLLOWING TOO CLOSELY,2.0,58.0,2.0,2.0
0a4b552e942d0cacc99f6aebce8d0068053fa8a27786c2094db748e9110967385d6f4b926779fbb77b08d04cc3c20db35f67a6917ebb8f48324cc912b87563d0,CLEAR,DAYLIGHT,DRY,FAILING TO REDUCE SPEED TO AVOID CRASH,2.0,44.5,2.0,2.0
0a4b5a3b27d7856e307682a8f3d342c7b41beb2a5554e18e18a801a3021f70209d5079fc7a490635ef9b1530706d7ae64bc1042ae542135c60c8e495ce035752,CLEAR,"DARKNESS, LIGHTED ROAD",DRY,DRIVING ON WRONG SIDE/WRONG WAY,2.0,44.0,2.0,2.0
0a4b7eb193c12961c9adf86b7f7de16afcb2054465a3d216aeeeb1388c9a4850db86c1a497f9744ae8f142043e79905496d5efdc1440ef814757ae5db9382b95,CLEAR,DAYLIGHT,DRY,FAILING TO YIELD RIGHT-OF-WAY,2.0,35.0,3.0,3.0
0a4b8d401165fbd1b5db0e33c30930d20c0fbf2e2ff2588408c76ac5664e53696f39a8e6f91744b3e31c45b1b76e36b6dfef0a43aeab6f0b46a79c3bcdc674de,CLEAR,DAYLIGHT,WET,DISREGARDING ROAD MARKINGS,2.0,19.25,4.0,4.0
0a4b974d2458e088b235f3ee9515372a63cb51b92b76c60b8073d721e23f6a4e75b44bd789905c0d7d64af806169ed556a15cb6aa396379e06c6c5e6b1ea22be,CLEAR,DUSK,DRY,FAILING TO YIELD RIGHT-OF-WAY,2.0,41.5,4.0,4.0
0a4bb8227a9d2cecf15a6d6c49ff8e3b5f1f7cb0687ea9ea0236be93e8ff39118784e39ef54d713fb9d41be8aa8943f42dc8707c711cab8bbcd3c386891b2dbd,SNOW,DAWN,WET,WEATHER,2.0,40.0,1.0,1.0
0a4bb900599e39c2143cd6ee4bcb5d4148c35f130e27dfa55bd13b8e4aab8492212d3e5a8f4aba5c35f68f7a8317de1c4c91402b374b074ae1807eb037e658a0,CLEAR,"DARKNESS, LIGHTED ROAD",DRY,DISREGARDING TRAFFIC SIGNALS,2.0,56.0,2.0,2.0
0a4bcb65a338456b16245594f2caa96811d6af6042b21a3ffaf7bb0855c6abac61630c28c6161de0cc2e628d044e0338a7f5b76bc259e794979f6b2e7e85abf6,CLEAR,"DARKNESS, LIGHTED ROAD",DRY,FAILING TO REDUCE SPEED TO AVOID CRASH,2.0,38.333333333333336,3.0,3.0