crash_record_id,weather_condition,lighting_condition,roadway_surface_cond,prim_contributory_cause,total_vehicles,avg_driver_age,total_people,total_injured
0a4bda828f3526184b264d22bbc787fea2ca98e5baaa3468eae641c76047f8129f8a70cdbff6a29119732956b9875512368b4a34bb737ed824e20d59891d9e6e,CLEAR,"DARKNESS, LIGHTED ROAD",DRY,IMPROPER BACKING,1.0,37.5,2.0,2.0
0a4bf748e9cb537169e1db976edc81e6607c82daa95715fe4a46ca35f4850f0b4b02ae103c0a267b4dcdc00dc51c395048b1e25ae60195e66177b29785724f56,CLEAR,DUSK,DRY,FAILING TO YIELD RIGHT-OF-WAY,2.0,23.5,2.0,2.0
0a4c05ca8167839346121a4ae0d0424ab64b3ac50112e9f016d6aef10973366df51ed383d5d8ca8c7e1b73dac2447a53f25f4f8a49413d835e03c8b5f9cf7166,CLEAR,DAYLIGHT,UNKNOWN,IMPROPER OVERTAKING/PASSING,2.0,40.0,1.0,1.0
0a4c6161c669082c0ddb845e315511589f2347808e8cf43f21a7235bf95d831626e1ce02f43c91b20d4f2b741e803ef895a909260da6aaea0c51481640df753d,CLEAR,DAYLIGHT,DRY,IMPROPER BACKING,2.0,35.0,1.0,1.0
0a4c8766a1209a8c8d7a68d4f0ad0cdd52f893a47a1c37115e7824d15349350b945d53d00fec65a13018834be3e02ce87cd2c454f387c093ecf8905eae9d3bd2,CLEAR,DAYLIGHT,DRY,IMPROPER OVERTAKING/PASSING,2.0,85.0,2.0,2.0
0a4c904284e1ce3764d4efbb5bf1b0428ac2164b166dcf01afd67a75e339d2f584e01bf5772e94d8a518a62f3ca7d62787128a7013cc3abf66b2dba6e810ed30,CLEAR,"DARKNESS, LIGHTED ROAD",WET,ROAD CONSTRUCTION/MAINTENANCE,2.0,41.0,2.0,2.0
0a4cac16581cbf8bf9652314127ebfd799c47d7ca544b630e66faed06e682013246af8dd774e2d533e7f84a0d9a47c5af229f3ccb9f9a48854aff19f0de0fb9c,CLEAR,DAYLIGHT,DRY,DRIVING SKILLS/KNOWLEDGE/EXPERIENCE,2.0,22.333333333333332,3.0,3.0
0a4cb25042eb816396fdef42ad0b7ca04b35d31d7b97d9c25c51b28cf7705f5de03ee1f19f40750d48e2e763f5948937a30a2a2ca6db194ccdae9e8a3330b9db,CLEAR,DAWN,DRY,DISREGARDING OTHER TRAFFIC SIGNS,2.0,37.75,4.0,4.0
0a4ceafbb2c1bca570b1f0becec9f02d06f0f64dacfaebbbe042c21733423db1fec30cc7fbee30cd94b2a019f14d9d1682b2d421050caf357cc71595e4fd215b,CLEAR,"DARKNESS, LIGHTED ROAD",DRY,FAILING TO REDUCE SPEED TO AVOID CRASH,2.0,48.5,2.0,2.0
0a4cf4a9670c94b6d6b0524275821bd915e28b5684eab6fc4131c9b5300ae865c85090502150377360ff8eba15d1afe0397a85596278e64a55c276b5c00ad92f,CLOUDY/OVERCAST,DAYLIGHT,DRY,DRIVING SKILLS/KNOWLEDGE/EXPERIENCE,1.0,63.0,1.0,1.0
0a4d0f36ae0f963444fb342e8684678ab8c1bbbb786fc031df33e78547addd1c8a800b994fccd447439c4f2d1890cb7f54faa6ca38e3af138ae22dabebd60f5a,CLEAR,"DARKNESS, LIGHTED ROAD",DRY,FAILING TO YIELD RIGHT-OF-WAY,2.0,23.0,3.0,3.0
0a4d227953fff9d7786201ae7c254652ca2f067678d686632c8c3c3c87dd601f58cc337e1059c1d32d4e7c400ee9aa7fe3ff9a08995c6206ee0a2a8ebbefbc99,CLOUDY/OVERCAST,DAYLIGHT,WET,FAILING TO YIELD RIGHT-OF-WAY,2.0,40.5,3.0,3.0
0a4d35870a0e2bf2d829d8ffcb1a13ee9e10fc430b8914d0fbb8f8d1c69c28ed08fc783cddf3d77af922175b0de83a93c31f7bbdf477521723b02290770ee588,CLEAR,DAYLIGHT,DRY,IMPROPER OVERTAKING/PASSING,2.0,79.0,2.0,2.0
0a4d3d841910f00eae0d97988863513f16c148640fe0563c667c71b7e4e8dfc9dff6497e641a2ecb3a9a3abaab4da62faba9b898c4c3550e37db68fd284c7fcc,CLEAR,"DARKNESS, LIGHTED ROAD",DRY,DISREGARDING TRAFFIC SIGNALS,2.0,44.0,2.0,2.0
0a4d4237d01624a56c817bea70a918ee57e514226122285c8f2f66e85e24eeece4fc0e8b125cb024ae931dd286853392967730664539125a12e4403faa712344,CLEAR,DAYLIGHT,DRY,FAILING TO YIELD RIGHT-OF-WAY,1.0,30.0,2.0,2.0
0a4d85eb23e02b724b496cfbc7e15d3f12c8a3a5d12bf8f91e869ef0f4f92230363f8fe0d67fb2c44fd3288173ec9461ee33e883dbf30daa218efe48900384c9,CLEAR,DAYLIGHT,DRY,FAILING TO REDUCE SPEED TO AVOID CRASH,2.0,33.5,2.0,2.0
0a4da87595fad7bad0d44dcdb4baf9e18e8c3cbe04bfcdf4e5cc41048513c7c9537f438287025a6a852c319871829455876b7c887b6609bd42d0c102d4068d89,CLEAR,DAYLIGHT,DRY,DISREGARDING TRAFFIC SIGNALS,2.0,42.0,2.0,2.0
0a4daabcb3425352036e8d35526ef04da0149cf3cb3bc05f37fd3ac4280f286ecdc79e0de426828b4c9e3366197efd3d0ea9dbdbef065b81973001a917673d24,CLEAR,DAYLIGHT,DRY,IMPROPER LANE USAGE,2.0,38.333333333333336,3.0,3.0
0a4db1b0118ad15157aa9d7c8b5cb592b162c38ef66223b5e77ce255d0ca012c5dbcc66e33d35b2ed3aa0424c5c45d71e7999e1e1b1625d21b1a6364256679a2,CLEAR,DAYLIGHT,DRY,FAILING TO YIELD RIGHT-OF-WAY,1.0,25.0,2.0,2.0
0a4db7cb5202d17d5ff4197e5bb61bdcce9a88d462516c4a932db2c183e274a5ebfc0fa65e11973436ac700bcd1fffd175c8b24c44205f032a994698d4505458,CLEAR,DAYLIGHT,DRY,DISTRACTION - FROM INSIDE VEHICLE,2.0,50.0,1.0,1.0
0a4dc58843020dacc4dc1c28d315dd82d5eee054e7580e38a4e7e0fa81a3ea6e8bc590e574a69173fe525cb24f364d68cc81a4bb0d33e903cac1632b4f14898b,CLEAR,DAYLIGHT,DRY,FOLLOWING TOO CLOSELY,2.0,44.0,2.0,2.0
0a4de8823f83c993c6ad59604959e05bd510beb43a2a6a6ce5e441b951e82191bd08675730416ffe1d41d5773486f1f5c99884b9fbec1f13fb5a9d617798dc7d,CLEAR,DAYLIGHT,DRY,IMPROPER BACKING,2.0,36.5,2.0,2.0
0a4e03baef43e7713bce5e735d5f0f93943850ad1e14237515fc7d3e0d4f396a9ddd2ab5f508f87735a31ec346ecd06024941551fc6cba7aad6a38f3c48591c5,CLEAR,"DARKNESS, LIGHTED ROAD",DRY,IMPROPER LANE USAGE,2.0,44.0,2.0,2.0
0a4e2e6f639ea8cb455f0eeb4b10464adc618ce3be35fe3159acd2e57290046d2a905a90b7b3e57436f9b327a77bfadee70b9b492aa2c96ba6a227d538bcd573,CLEAR,DUSK,DRY,IMPROPER BACKING,2.0,32.0,2.0,2.0
0a4e50571083d8d216914226d2a203d60f8d5dbacc8c2e7b0f5dd4ec4690a7d1f0f82ddd086d663cb95907e7aaf5c7f200799f490a227d2f1b7300a69bfc14ae,CLEAR,DAYLIGHT,DRY,IMPROPER OVERTAKING/PASSING,2.0,51.0,2.0,2.0
0a4e68b7a6b443917844e66aa791f8c57bad33cf67d7606153e7c7cb35aa0907d79bc471346412e3bdfb80742dcb4c7088b5f4d852419b45fc2bacffc0c9d24e,CLEAR,DAYLIGHT,DRY,IMPROPER TURNING/NO SIGNAL,2.0,38.0,2.0,2.0
0a4eef9cfec0dc99cbea1d914a942da82bda9f3c57275b68dbbe7944bc3c0b8395cbffdd842d695210323e29f5ecb0223a5b928eb1b35ff478222834f8f8d707,RAIN,DAYLIGHT,WET,IMPROPER TURNING/NO SIGNAL,2.0,63.0,2.0,2.0
0a4f1a8379840fbf0c6051e8f9bfee11137d268bcf5a36a472b9cfdd197538d8932aab069dcb41533fd62d39a11160d1899a3b2f5ab5bcb467cfe09f07af0c50,CLEAR,DAYLIGHT,DRY,IMPROPER BACKING,2.0,95.0,1.0,1.0
0a4f45c5ca2b647c8ef003d41d3e31406b952d6ff0af1157c0feec9a3b49f585897fd09dd5b9455c6eec413c953cd9c26fb2593731e7ab1c8d2096c039ad2c53,CLEAR,DAYLIGHT,DRY,FAILING TO YIELD RIGHT-OF-WAY,2.0,51.5,2.0,2.0
0a4f4bb05148fd610f246168e6eb69d8c3a299e86b0e55c6d99216a35cd5d2e9c7060d58cfa1a4e5c8d5cfc406c6f647a6ad14478c5d4ca363e3c4fcfa16267d,CLEAR,DAYLIGHT,DRY,FAILING TO YIELD RIGHT-OF-WAY,2.0,37.0,2.0,2.0
0a4f5cede72ba4cfab29bfce27489e48e4f701676e85d7436f4d8a5772334e8c58aeffa5aaf7ba14cf47cc0765ad3358d10c765ef4d37cedea25d1cab72b9a67,CLEAR,"DARKNESS, LIGHTED ROAD",DRY,IMPROPER BACKING,2.0,58.0,2.0,2.0
0a4f638dd4fe4c9c7d6d5ddc5055ae9034f52bc1a2fa31ac6af03f0fb9a4960c4d9ca816424aa58eecc7bd72633f6eccbde9dbcb0dc2358a901a4b473170b5ad,CLEAR,DAYLIGHT,DRY,FOLLOWING TOO CLOSELY,2.0,34.0,2.0,2.0
0a4f64eea3daea1ce7df22193a2da0c95d0ca206249d61593bf24149d6c5c466f5fc5e293a912dbd864408ab01cf58f97f575c850ea766cc8fbe51857b644912,CLEAR,DAYLIGHT,SNOW OR SLUSH,FAILING TO REDUCE SPEED TO AVOID CRASH,3.0,25.666666666666668,3.0,3.0
0a4f66e00a361cec5d58e6bcae7100ec3d858dc57a316f263f513ebf41779751c2b033eb872272281bdbe338441af81cb80cf5dbbe64e49f217228a52a3d19e9,CLEAR,DAYLIGHT,DRY,DISTRACTION - FROM INSIDE VEHICLE,2.0,53.5,2.0,2.0
0a4f76bc71a23d4d31581aa5157d4cbd3f58b98abc01c2d067316ca3ad85f25f09068521e129f0fe264d016c1b6d01789cb4b148f842254007d57a86f0e23cd3,CLEAR,DAYLIGHT,DRY,DRIVING SKILLS/KNOWLEDGE/EXPERIENCE,2.0,48.0,2.0,2.0
0a4fe726aabb9bd32466078f13f1d180c6da23954bfb06cf93ac04debc761d64e7c56ff4d1f16dab342c4d34b5946bb9feb301707cc7ae198ac074bab014ac3f,RAIN,DARKNESS,WET,FOLLOWING TOO CLOSELY,2.0,28.0,2.0,2.0
0a500c5e71a5c4c2fee8d24d4fc58fec8f82c1ddd3995c3e9118430455393860677f26020e4ff5ee3a0a9b52cd3bd552658dcb996ca50106da52367a6d5a2ae0,CLEAR,"DARKNESS, LIGHTED ROAD",DRY,FAILING TO YIELD RIGHT-OF-WAY,2.0,30.5,2.0,2.0
0a50572f1cb5033fde1a138bc882807e9c4427b8901751967a4a69c8b0ecadc0f69fc88a121b65dcf3a4f70ca52a1ba7d57b628f026e02dc0b52d8641f8fb634,CLEAR,DAYLIGHT,DRY,FAILING TO YIELD RIGHT-OF-WAY,2.0,30.333333333333332,4.0,4.0
0a50573574429e30f6ba04b011f6c8c621426dca6fad57329cc7093d84bea3714c350de8e73cc8bd6c7235d07fedadfd9521aa36fa977e3ad59c1fb865ed7061,CLEAR,"DARKNESS, LIGHTED ROAD",DRY,FAILING TO REDUCE SPEED TO AVOID CRASH,2.0,23.5,2.0,2.0
0a509c1c10b21ba13fb6f8aeaec6f9d646ba32b91655ac9fc6c7fe55968082ae6ead1fd06a941d9aae90464b5700c02284ff2aad509a9b540bb8ce7ace5f3ef2,SNOW,DAYLIGHT,SNOW OR SLUSH,WEATHER,2.0,42.5,2.0,2.0
0a50bf275764addf414f57eabf176d21b97a8ed2a0ebffd9eaecba6a7e3f93fbc958e66988915a0c2eb10a7a51ab218720765d2721673fb4a8dc6b7d5d85c4dc,CLEAR,DAYLIGHT,DRY,DISTRACTION - FROM OUTSIDE VEHICLE,2.0,34.5,2.0,2.0
0a50e1fb7e43c6302815219d42163c07e22f62d7c740ed67068478d3cefc3b373b4b1f12e5abe26cd72be018149a9cfb1a36383108841af89ac2ebfb82f4e60a,CLEAR,"DARKNESS, LIGHTED ROAD",DRY,TURNING RIGHT ON RED,2.0,25.5,2.0,2.0
0a50fd8df8e4636dc935b3248034f5dd915baaa38b2a2a32c89f56cc2c6b9a77996dde1a3074b9ba222fea5dac5cdb8931b839f93099054f0ddad47dadc6c7ea,CLEAR,"DARKNESS, LIGHTED ROAD",DRY,DRIVING SKILLS/KNOWLEDGE/EXPERIENCE,2.0,26.666666666666668,3.0,3.0
0a5106a4bed20e40835d0ec0ca412749acbe948cb7f0c30379440a044006bc197bc5fa0fd569744c9c2462e22c877c8d4fff3ed06cef1e3956779f3bed559457,CLEAR,DAYLIGHT,DRY,DISREGARDING TRAFFIC SIGNALS,2.0,50.0,3.0,3.0
0a5147f068a4e4e3cc416b732c534581a013031b803874f7ab419f43cd62dbac22e04acbad8b124457ad27ea1117295dd8fd2bae5346010914647d2c941a5fc7,CLEAR,DAYLIGHT,DRY,IMPROPER OVERTAKING/PASSING,2.0,68.0,3.0,3.0
0a515db4bff3435a2393a981dd9c40a6c76b4e0881824a896f52bebdf05cd78d9c92971a05317566faf6fd83f336560cad7f3c13b42c67def621aae74b5e7a11,CLEAR,DAYLIGHT,DRY,IMPROPER BACKING,2.0,69.0,1.0,1.0
0a51633bc33915b4fc70bb4613d7ac89fee5ff7a3d7ac1a77db4ca2d8c596f43197e533ba0fc7ee86063cb9d50f861d1950c261fc34596508956509d8e4ebc10,CLEAR,"DARKNESS, LIGHTED ROAD",DRY,IMPROPER TURNING/NO SIGNAL,2.0,33.2,5.0,5.0
0a51670661efd0b84bcfed656ee09fd99ec5cff3f3330e40e610b8fa67ab64f4ce2bfa9a40a9d0e217ef636fbc3b7cacd717f195650e155b8d215bfe2f601273,CLEAR,"DARKNESS, LIGHTED ROAD",DRY,FOLLOWING TOO CLOSELY,2.0,30.5,2.0,2.0
0a51704f149cb90d68529ffc2d6838ef0bbb359fe9bf2a86baeffe99872fab498dd8048ef38c2e0bdaef869dc99d65146c18ad91cdefec7fda8563fe1e1dfe12,CLEAR,"DARKNESS, LIGHTED ROAD",DRY,FOLLOWING TOO CLOSELY,2.0,49.5,2.0,2.0
0a518d6851aea2c40ad56961f0dec17ff175ab9532d86d00d486e73dfb30025eb5e3e7bcab47a4c7bc295605a289669241b13da6f9b95da77bd93a82bf495a9a,CLEAR,DAYLIGHT,DRY,FAILING TO YIELD RIGHT-OF-WAY,2.0,65.0,3.0,3.0
0a51c6a37232b36e83ab2bfa4b94c46dba1c464b13c3667785b46ad0c4ae7111b49a11e5d1bbd0bc39b088a894bf57491aaa200341e06bc7d9aeac891cdb2f6a,CLEAR,DAYLIGHT,DRY,IMPROPER OVERTAKING/PASSING,2.0,39.0,2.0,2.0
0a51db793f6efb1602308cf8de438fb5ac1d57b63d1696681f611c8432737ca2863d5573b8f87cfd15605fce971f2450ab58ff375e7e2138c5e6472b9a17cfc9,CLEAR,DAYLIGHT,DRY,"OPERATING VEHICLE IN ERRATIC, RECKLESS, CARELESS, NEGLIGENT OR AGGRESSIVE MANNER",2.0,36.0,1.0,1.0
0a51f5feb5fba9e46f1214c50ed7197354ea3614ebdc7645f2c4bbfb0dbd1a1da189602d89694b72ad1319d31a0a071217e2351c1f60c970d26b21ad9362d638,CLEAR,DAYLIGHT,DRY,IMPROPER BACKING,2.0,16.0,1.0,1.0
0a52128d2f593c295f2d204f1f672391b808e339d6b52c062b3875fd5424415b07da53ea137f111fc9019e4945f9d8891dc906fff7bc7293a46d36c03717d5c1,UNKNOWN,DAYLIGHT,UNKNOWN,IMPROPER OVERTAKING/PASSING,2.0,36.0,5.0,5.0
0a524b4c05f1fef09e04b8d07c3bad996203a3257f46201a0d1f72f26e28266330d776a7bb2b5e3fd270362efb9c3e3a8a011fc9a40556ae9833a4108ede206d,CLEAR,"DARKNESS, LIGHTED ROAD",DRY,DRIVING ON WRONG SIDE/WRONG WAY,2.0,59.0,2.0,2.0
0a526afb685bd118d95a609be9832f49276aa6d56832be9ab317e42026e6ce1fbc1d9b66b7106599a17b8f240f6aec7b3bb3c7af83ce2da475c82fd125908aed,CLEAR,DAYLIGHT,DRY,IMPROPER LANE USAGE,2.0,49.0,2.0,2.0
0a528b190da48d3bd1a1dd0ccdb4842bbaa7a6fa30c2164839d415fc80adc4dd3daf14f4d462e8b57d5442fb3cd47c3eccd82fe51ccc6d16f411c39a14ba2d84,CLEAR,"DARKNESS, LIGHTED ROAD",DRY,IMPROPER LANE USAGE,2.0,37.5,1.0,1.0
0a52942232ed714b5cd6765bb91881c3c8aa5c549053fa313921853ccc28ed08e6ac23b90209519faac91381e4ace2ab1ae03727140b9829d4252a6a25ad02c7,CLEAR,DAYLIGHT,DRY,FAILING TO YIELD RIGHT-OF-WAY,2.0,41.0,2.0,2.0
0a52f068eff56ad0beb5fe46ec3e28fc87e06e9fc176eda57d1bbcad767620e3e84734ac9dd70047c752208c55a405f38f93e5cdbd5e613c5b590c268b3b5840,CLEAR,DAYLIGHT,DRY,DISTRACTION - FROM OUTSIDE VEHICLE,2.0,48.0,1.0,1.0
0a5335d7bfa3dae068fdf4e8f284bf75b20f8b9ab952fd0c12dba3041255ab8a5b137ae0d0e6e231994c38926bffeced70a8f620ce5da47e25f10d0716e63d23,CLEAR,DAWN,DRY,FAILING TO REDUCE SPEED TO AVOID CRASH,2.0,46.0,3.0,3.0
0a5361c15d5ebae520bcec584c965c98ad39fb948994ee42d61fdf97ca744741b1a12dddf3323115a4eced503b41cca09a467393fed56a5b3bba0a77dbdfc37d,CLEAR,DAYLIGHT,DRY,"VISION OBSCURED (SIGNS, TREE LIMBS, BUILDINGS, ETC.)",2.0,28.0,2.0,2.0
0a537bad5704c6d8bb9fe5cd09f1d2c5aeea922003984e88e9a315308e6c8b6ecd39fa37ddd89a138f2ea2b276c77ba12050b21999904860a3a3e8ca79712eef,CLEAR,"DARKNESS, LIGHTED ROAD",DRY,FAILING TO YIELD RIGHT-OF-WAY,3.0,54.0,4.0,4.0
0a539b96c402d99c3eb516f761a4c96c006afb2afc8cf88d59049ed3a020f6ef3945fd3d570a680428bf903e1f041e70cdc3eb9b77d8a17d8f586082df8a7f18,RAIN,"DARKNESS, LIGHTED ROAD",WET,IMPROPER OVERTAKING/PASSING,2.0,38.0,3.0,3.0
0a539d83f7af3ae500ce023fe131a35da8e52277858e9e0f843ec86832dc0dfa303889c5eb5650e53621589229c3eb7a07dffee2bfc262f1a59754b81692c95f,CLEAR,DAYLIGHT,DRY,FAILING TO YIELD RIGHT-OF-WAY,2.0,32.5,2.0,2.0
0a53b98b55c92946bbfe991d6982893bb66a1a4d10e5a4261e0533733746c6a0fd0c9149c4d3e6e59f4bdf1be8d65fcb72780f345e73880d26e8bdb8974cdb19,CLEAR,DAYLIGHT,DRY,IMPROPER LANE USAGE,2.0,50.0,2.0,2.0
0a53c9a4b73f5864f11d34e87d3d52fb25ad09322ab29b56d7eb486c5ece5d5b5a544249e5d7e92c7c2c129dca8b40f7f5619be191556f54f6a66f14687ceb8b,CLEAR,"DARKNESS, LIGHTED ROAD",WET,IMPROPER TURNING/NO SIGNAL,2.0,54.0,2.0,2.0
0a53e2e78621e68fd5e9c37b3b899eac879cbd29c7beb7f6b882084ff7cd2116936072adb160cacb96e9fbd3fea4377f2d998df1fc71c45148a5af4559ef5713,CLEAR,DAYLIGHT,DRY,FAILING TO REDUCE SPEED TO AVOID CRASH,2.0,30.0,2.0,2.0
0a53f6e01ecf5b9166a63bcb2fca5a727868bb903b1213d713eb65ac13b9edb39ab48e35977f0390153a66a615259a98cd289d72bd921a8c0f3df383a5f1bf7d,RAIN,"DARKNESS, LIGHTED ROAD",WET,FOLLOWING TOO CLOSELY,2.0,66.0,3.0,3.0
0a540e162a43ee4d699a97cee61e28b26b98c8416da600081d0abfefe7a0e9da5864c63c418727e75ced953df60302b4e66ac685bcf9b5e01a5132f92c726f94,UNKNOWN,DUSK,UNKNOWN,IMPROPER OVERTAKING/PASSING,2.0,59.5,2.0,2.0
0a5432b9f9cf953963626d7bcebdfe9ec3094cd384f2c1ec12909c284d803dd7dfd4f8726d992762b46bed06fd2770f17838efffa02953c23efb870fcf898c7c,CLEAR,DAYLIGHT,DRY,IMPROPER OVERTAKING/PASSING,2.0,47.0,2.0,2.0
0a54368981d17810eb5011cb860f05a224e6fb694da9c506742f1884307605ca936afa67d3d43d1f5045c377ce1b388d04e48c30ce577a0bc3a46cda67ac4942,CLEAR,"DARKNESS, LIGHTED ROAD",DRY,IMPROPER LANE USAGE,2.0,52.0,2.0,2.0
0a543eb7c17be095a0c63c19efa0f9ec251ddc98228d19c7f83894c06e7db3899389961b661f20a8196ca44ce964f0ae19b26573e7db0c24bd82631ed9bffecc,CLEAR,DAYLIGHT,DRY,FOLLOWING TOO CLOSELY,2.0,46.0,2.0,2.0
0a54659d5a741dea4678244ac3b6d1993295910eb3a2fced60fdcf30c7e63b3ad44d717486010e2969e93579881ba01814d3404b6993006681baec6700973255,CLEAR,DAYLIGHT,DRY,FAILING TO YIELD RIGHT-OF-WAY,2.0,49.5,2.0,2.0
0a546c0a87a1b3cbdd5e05f0911e6f2bfc0f2b1468d2d43ff1c01031e0839a780e5800e1cdc0895eda29502688b30d0175711fac08f675243f1e40aa4f1639aa,CLEAR,DAYLIGHT,DRY,DRIVING SKILLS/KNOWLEDGE/EXPERIENCE,3.0,12.333333333333334,3.0,3.0
0a54769d1170cd50a9d034a8f6ac47456b2141a395e683f688918259caa9031255d8860381449fb774f61669eaea8d2731efe5d0ad168a82bd562e4448cc75da,CLEAR,DAYLIGHT,DRY,FAILING TO YIELD RIGHT-OF-WAY,2.0,37.5,2.0,2.0
0a548d43f7a3160c92d7bfb79212b6b504713747aa0468af13719a7b06806543cd948fb9a888c508215d5992a37e18d1c444a0184e8138d43c2bce2cc017494b,CLEAR,"DARKNESS, LIGHTED ROAD",DRY,DISTRACTION - FROM INSIDE VEHICLE,2.0,35.0,1.0,1.0
0a54b86b31f920f1f4ed06aeb58e5e1089370dd01b0d145d1ead48bf933a5cefcbf9aa44ca9f388b61dfbab5db4f68c0b93526ad2ff055666cd12c8154df2d96,CLEAR,DAYLIGHT,DRY,FAILING TO YIELD RIGHT-OF-WAY,2.0,42.5,2.0,2.0
0a54bda8c1fad05cbd771db882e93620fca6026c629c171b60328241df2db87323bd041061635d0534f1f73557cfb9daaf2fe312a9293d51fd353d895dde24a8,CLEAR,DAYLIGHT,DRY,IMPROPER OVERTAKING/PASSING,2.0,54.0,2.0,2.0
0a54eb81ffc6020bfe7a2dfa86150c4ebb4c23b416dece1a12552ed53b7a928737ca0ae28006802afb3e0c372b353f64088dc1f1c33d394ee68f62fd20508690,CLEAR,"DARKNESS, LIGHTED ROAD",DRY,DRIVING SKILLS/KNOWLEDGE/EXPERIENCE,1.0,57.0,1.0,1.0
0a5504fe381a539f1b7bb3e4fb78773f4bcc8fc542a8d96c95a6e96e4688ef54a47a4f24e63d8b0c99584fa76479ff17441861b2d56bf6a06e5dac23f50f80d1,RAIN,"DARKNESS, LIGHTED ROAD",WET,DRIVING SKILLS/KNOWLEDGE/EXPERIENCE,2.0,37.5,1.0,1.0
0a550f792622dd53431e960a26e6cf87f1a68fabe094e6528edb720ae80708b11a60cab9471a68a49242a6efe919bb2332dd775b53f6a70592ecdd8e039797aa,SLEET/HAIL,"DARKNESS, LIGHTED ROAD",WET,DISREGARDING TRAFFIC SIGNALS,2.0,27.5,2.0,2.0
0a551d7bfbd6882ab6e4586dfe00c76609fd5675df1cbed7593a26e89de20794974e1c9e0d439efd30af78dd9f5a1f98ec79b663f651d38c7ff88808b4fc998b,CLEAR,"DARKNESS, LIGHTED ROAD",WET,FAILING TO REDUCE SPEED TO AVOID CRASH,2.0,23.0,4.0,4.0
0a552e40bcf2598024b0ab57cdf2d6d6afef52c343997e0bca9593697086e36bd2fa5c6c65e745fc437f74d5c3d44d384590076b0d55f51d7967eb5fbd2116b6,CLEAR,DAYLIGHT,DRY,"OPERATING VEHICLE IN ERRATIC, RECKLESS, CARELESS, NEGLIGENT OR AGGRESSIVE MANNER",2.0,37.5,1.0,1.0
0a555484f681c7d765aadf2c0b1b6000c50f809252ef0f36219d5bbf2f8a1babed39dc5e286b6639ef16dc3481acd2a0a418aceaf33b2e68384a12d05178dfc5,CLEAR,"DARKNESS, LIGHTED ROAD",DRY,IMPROPER BACKING,2.0,19.333333333333332,7.0,7.0
0a55591f22a2fb598106a21f36cc524f78efecfcce8916ac7f9b20dce0262933b0fc8e4d5176d7eea8699c9aa14b2c69a6cb0a7f830887efb01703a4d18095e8,CLEAR,DAYLIGHT,DRY,IMPROPER OVERTAKING/PASSING,2.0,49.0,2.0,2.0
0a557d626b2ec5a4daf8fbcfdb682f18752b4bf10c013815a1391ac1c31102951ccd4d83e8b9198b6bf8ba9b114c5e0e038bd52ee52921dff283b33e83679ae8,CLEAR,DAYLIGHT,DRY,IMPROPER TURNING/NO SIGNAL,2.0,50.0,2.0,2.0
0a557f02aae32215ec6f5dcb7a72544d359ac79824bcbf1079cda205bdd1016ab0fde4ca9e5e25bd88b15d0c5552e1fbe934b071332b474f1f55dedc4739aa00,CLEAR,DAYLIGHT,DRY,IMPROPER OVERTAKING/PASSING,3.0,30.75,4.0,4.0
0a55893a9a431d7f5f3bc84b0a33a582864c2399015ba73af0fb3b44d31f81daa6b0ea6c1f1bc3d40a8031bdcea09eaf7242c8864600103ca9a2b2c9da67fda6,CLEAR,DAYLIGHT,DRY,IMPROPER LANE USAGE,2.0,47.0,1.0,1.0
0a5589e26d4fbb573b293c293110a4fc244b3f4461264fbc53bcc59f02738ffc005c89f8faecaf2f4b03c35ee22a33e9b99f03d6b1d6a8e7ef7f02e711207256,CLOUDY/OVERCAST,"DARKNESS, LIGHTED ROAD",ICE,FAILING TO YIELD RIGHT-OF-WAY,2.0,40.5,2.0,2.0
0a558bb55d4e8fb17132101a89ab81161e35f150345d669bfb528e8ca840915ecebcdcfdc1e198e32e4e244ca2ef084c20457778748a373c8a6c71e0ab13e089,CLEAR,DAYLIGHT,DRY,IMPROPER LANE USAGE,2.0,37.5,1.0,1.0
0a558d268d26382c88e30ff3d25ffff65cf72d551d84fe9b4d1056e30b445b990ef6dc3141597290c8c7e5597c3e25d91e44454b00d59064365770338d28269a,RAIN,DUSK,WET,FAILING TO YIELD RIGHT-OF-WAY,2.0,29.0,4.0,4.0
0a55940c46eaed1140bd105f89ec346e841dc7f81f7fcc0b07bdd88df3de7179cf65a3df27b794adbb1915700db84de2fdd9318d3278466ce0975b293d1ea74c,RAIN,UNKNOWN,WET,IMPROPER BACKING,2.0,37.5,1.0,1.0
0a55973107b870aa854ff368830ccc38fb8d4b316267c9e2db60a5557488298df9f9919e644883d38752f262431fabcddd981fcdaae8e85ff41656e435a90fa8,CLEAR,DAYLIGHT,DRY,FAILING TO YIELD RIGHT-OF-WAY,2.0,20.0,2.0,2.0
0a55a880638f828a0e8e47258f61dc6a7a06e838628dcdb53b0396ced98d38f27270cffbe4ef7177c33c2a0a55c9eb8d617660bfefcaccce864711358d7e1f3b,CLEAR,DAYLIGHT,DRY,FAILING TO YIELD RIGHT-OF-WAY,2.0,39.0,3.0,3.0
0a55b93dfa1b5f7511d7dc06f700e3e7d3c3115a7527584660b92bd02ecf3ee842baa5d6837b22615ef5e4d02892ed83eb310ce493fe6fc683821c059a22c001,CLEAR,"DARKNESS, LIGHTED ROAD",DRY,IMPROPER OVERTAKING/PASSING,2.0,38.333333333333336,3.0,3.0
0a55bf1c7ef11919d59c8367006445f04c45d29f690de0ec4b2e0ecf51ec3ca2cefe39f107f77f4a3578c60053a0dafd15f950b3aea6f4cce3fec55dd6a8f2b8,UNKNOWN,"DARKNESS, LIGHTED ROAD",DRY,IMPROPER LANE USAGE,2.0,37.5,1.0,1.0