crash_record_id,weather_condition,lighting_condition,roadway_surface_cond,prim_contributory_cause,total_vehicles,avg_driver_age,total_people,total_injured
0a560823542100897a452b324d4ad311c45e33b8163a7a900fea6b81cb716117e836185545b98a8387099b5a3e46a137e19ca13d7309e3f5625b9194877d9b29,CLEAR,DAYLIGHT,DRY,IMPROPER TURNING/NO SIGNAL,1.0,50.666666666666664,3.0,3.0
0a560e0adcc6dec0e8503e1423d6f29a3ea29af86415bcab86244eccad3c5bcaff8156f3bb052ae507bee984235d59b50394511d031d5ce72be9bce71b07db69,CLEAR,DAYLIGHT,DRY,DISREGARDING STOP SIGN,2.0,0.0,2.0,2.0
0a56361b86e8890e97cff3d2a49afd0847d2285911d2b0b8555c281fe8ffee12fce4f758209d5868d204f672c8533570efa1e1be0a088ae42fe5e646767d7938,CLEAR,DAYLIGHT,DRY,IMPROPER LANE USAGE,2.0,53.0,2.0,2.0
0a563a3e067fac072c169f4597ef51bc70bb2b90a84caf83576528d99e6ea14932115a1db3d47471273b92c127c343e14fef775300d7c900e2effea73bb349d0,UNKNOWN,DAYLIGHT,UNKNOWN,IMPROPER BACKING,2.0,37.5,1.0,1.0
0a563e70096c724a854c5f0279d35a2d819e8cd109175d389445c5a6c7dddea48d9ba1907d05a9394ab1646c92cd8933f87420c0f18fd84b9aae101c0db9eed2,CLEAR,DAYLIGHT,DRY,FAILING TO YIELD RIGHT-OF-WAY,3.0,44.0,3.0,3.0
0a5653e034c236a4db3fb68c4970d41132dd7234847ed18db69e6f7b815da5a6250b553ba3c63311f95ec248eb30500abe0611451c59267919d7eb8172ed2ea6,RAIN,"DARKNESS, LIGHTED ROAD",WET,FAILING TO YIELD RIGHT-OF-WAY,2.0,37.0,4.0,4.0
0a566a2ab82b60be65f113b4a07c89d4d91478ec92bf6e5f81a661151efdea4f97d95e9942da64effa00c4e66847fc3a64f432caf5a9eb2284da427a6d44d100,CLEAR,DAYLIGHT,DRY,DRIVING SKILLS/KNOWLEDGE/EXPERIENCE,2.0,50.333333333333336,3.0,3.0
0a566d89c83791e4dfc8f81f1b458baa6b3817d69375a6535afbc45016a3596cc3d1106700437b3c39d1d814d3f02560e880de18219eed559636ef8ccb2ddd1f,CLEAR,DAYLIGHT,DRY,FAILING TO YIELD RIGHT-OF-WAY,2.0,33.5,2.0,2.0
0a567f67833272221b52617e2a87bd1dd2afca1a2f313031d3393535676e3ca875babcf41baeed94587098aedb55df75150b939d4ce26587102122c2e7804a24,CLOUDY/OVERCAST,DAYLIGHT,DRY,IMPROPER BACKING,1.0,38.0,2.0,2.0
0a568ec8daffe92220a6de09399db6eb9b213064c1527269feb2680b7fcfdd8dd567a659a853fd8a422307e619a44266f595f9ef0a12daee52b03550fef937d7,CLEAR,DAYLIGHT,DRY,FAILING TO YIELD RIGHT-OF-WAY,2.0,46.0,2.0,2.0
0a5693f1029de4cf4949f2e48e9a6edceafed7cb431f1d8e1a9d94a5e3659ac977ecb5ac1a555722a4870c4bd5080324e91361f1515118aab80d53e1b04e593d,CLEAR,DARKNESS,DRY,FAILING TO YIELD RIGHT-OF-WAY,1.0,62.5,2.0,2.0
0a56bbcd091035fdaf9f250ec9fcc6209f7f3ca69138c3d65cb663487b9999513367fcc30138485477b4abf05d5ccb78a68ad76d01e4d2f7100b3c9d92e359b2,CLEAR,DUSK,DRY,FOLLOWING TOO CLOSELY,2.0,43.0,4.0,4.0
0a56cc36426008071a91869c2bd706f062a5ede15b30d0b93aac53cab22f060d7496891c0d6072009f60ee0e6849ef8be647b698bcaaf81abe5df6c692962e5e,CLEAR,"DARKNESS, LIGHTED ROAD",DRY,PHYSICAL CONDITION OF DRIVER,1.0,48.0,1.0,1.0
0a56d6d85bdc3370952c1017a274d63fffe85d80c430bca4c69ab14503e599b68319fa9c24aedac71e586c6fe09fe29d9c5173f56b1eb379bf00765752215522,RAIN,"DARKNESS, LIGHTED ROAD",WET,FAILING TO REDUCE SPEED TO AVOID CRASH,2.0,47.0,2.0,2.0
0a56e1552d0885dec97d00d811cd42607a57a3e9fdf474be9c7c0c526399a2f650ac71654eb939c5e5b80fe84072ed14148a0827a1ac1ed9573b9806ccec5820,SNOW,DARKNESS,SNOW OR SLUSH,DISREGARDING TRAFFIC SIGNALS,2.0,39.5,2.0,2.0
0a56fed38b214850c70c662187087cc9ad7b4eadbc9fb05056ec32883432c4d7ec6d61eb9507f56bb81b841028028d45397397f72fab7705f72685d0f603b1f6,CLEAR,DAYLIGHT,DRY,FOLLOWING TOO CLOSELY,2.0,32.0,3.0,3.0
0a570172219ded2d13923483d776a69c7f3a75025e5d421ee3a14a6a5763c2ff1f421dc4036b0101110db3a29743306ef329c2d59876f4f3fc6aa8d31c189d3c,CLEAR,DAYLIGHT,DRY,DRIVING ON WRONG SIDE/WRONG WAY,2.0,26.25,4.0,4.0
0a57119930b1cdbe08a2188c3e924a68719f6ed60d8f0068d4cb522cec76af47c28f6fd396babc285d42a240b6ce233bb3851fdbf2e1b1e970b4860364982868,CLEAR,DAYLIGHT,DRY,FOLLOWING TOO CLOSELY,2.0,25.0,2.0,2.0
0a571cb90d1e3dedc105f944e57c5c7862e4e420022a51262defa89546a1c37d3256d9dd2d3e37f3d3c4c14faac3b3f5734b7f72d31b5c29d64da8c4d51d362f,CLEAR,DAYLIGHT,DRY,FAILING TO YIELD RIGHT-OF-WAY,2.0,51.0,2.0,2.0
0a577108a8f8a5307bca3170bc07337181570d4e4ad2bb6d865618d1c04a1de70618ecd5a0486d27346ed0af3263dff95246960f151e4649371eed8cdcd2e622,CLEAR,DAYLIGHT,DRY,IMPROPER BACKING,2.0,29.5,2.0,2.0
0a5779ec3a39a0fe8b8f487c0f00474c6172fa5336522245fc05a8993e24ea31c760caff137353d0854d7d56e2ee9fd7a3f3895ac05acbbef1a0d533e402561e,CLEAR,DAYLIGHT,DRY,DRIVING SKILLS/KNOWLEDGE/EXPERIENCE,2.0,37.0,2.0,2.0
0a577d30e4bc594ab20f38474df1cb50aa176548927b406eedd13b7d91cd38d6a19a410c2948628b6b502c194971d41798e649fc98268e5e535c00e8be6cc796,FREEZING RAIN/DRIZZLE,DAYLIGHT,ICE,FOLLOWING TOO CLOSELY,2.0,53.0,3.0,3.0
0a57ac50d6abad0ec3f03be0dad30e7db01bf3e57405cc61fb8be332e1a6c2dcec00388e1b420bf2ea6ab15d17d6c8ec58eed7bde606fc3e3190888177d3c08f,CLEAR,"DARKNESS, LIGHTED ROAD",DRY,"OPERATING VEHICLE IN ERRATIC, RECKLESS, CARELESS, NEGLIGENT OR AGGRESSIVE MANNER",2.0,31.0,2.0,2.0
0a57c0402013d0de17d1632c8d4f09d064f9f8af23e4a5083e89cb592a35f22c4220697796bf3f4b30f33b93803b7f923c4c686ca1f8061e8c0fc9cd17a9ce5b,CLEAR,DAYLIGHT,DRY,IMPROPER OVERTAKING/PASSING,2.0,39.0,2.0,2.0
0a57d18a57851de52df34f9e1bc1de79f6e5e6555c420f7ec50ffeabd1d8bee3808f557b8caa957b5530520ca520468a8bfdd189b36d9ee5de6e1dfd129c8b35,CLEAR,DAYLIGHT,DRY,IMPROPER OVERTAKING/PASSING,2.0,50.5,2.0,2.0
0a57ef4850dcce57c5fa3a6fbbec56895aac3b7d1864527aab76b4bbd7ebdeb88b881bbbd6e7e004080a060e3175e60c9237c3786bc4f9b133b95b07dc1f05be,CLEAR,DARKNESS,DRY,IMPROPER TURNING/NO SIGNAL,2.0,33.75,4.0,4.0
0a57fc428f71fd8a6257b638794f446ad74a741c3fd2c70c8acaff97a07fdb41d9150c7391cfc9c6895557546901228c4a56923cf44ba04ce5f1a533b63323bf,CLEAR,DAYLIGHT,DRY,FAILING TO YIELD RIGHT-OF-WAY,2.0,65.0,2.0,2.0
0a582c4f628267320e86ceefb6d504af5387153393eaa0dc4c5b2e6fe9788b51c2246c538891a63d2f0fa324e2d50074a7d9fea7b200acdb1d045050263e6b0a,CLEAR,DAYLIGHT,DRY,FAILING TO YIELD RIGHT-OF-WAY,2.0,36.5,4.0,4.0
0a58603368cc7c43aeb7dc1bfebb3f6a6b16ca597b2ef2796e0c18323653b67b9e5c9e5aa129f131679414612bb2c60e500392cf2987d52841c3fbf510c85a3c,CLEAR,DAYLIGHT,DRY,DISREGARDING TRAFFIC SIGNALS,2.0,38.0,2.0,2.0
0a586e972039e79c402953c15799dc95ae1c58372303e14941c795c8db82097764c0e01852cc71611d246f917fc7d1d4399d846110fa11402a3c1553d1755de9,SNOW,DAYLIGHT,WET,WEATHER,2.0,50.0,1.0,1.0
0a58a6dd4bcc2a59ce24112881d0b7998de76a960c47df69a6ad23138328d5764e8b452dfbefada6b93807cedad07851c8608eaea2d267799b46b42bcc5ee305,CLEAR,DAYLIGHT,DRY,IMPROPER OVERTAKING/PASSING,2.0,59.0,2.0,2.0
0a58de534f39f2beaafebee71df2583cacb58f47e04724906502311e2f9d189ca2428694656042c083aad473c1a3cc9b417bfc1d0a6c10b35590fc0e2072da1e,CLEAR,DAYLIGHT,DRY,FAILING TO YIELD RIGHT-OF-WAY,2.0,61.0,3.0,3.0
0a58e098148dfea9387d40ef5b1c2b09becdc5ae22e3778f73b1e0e32ee76290d016aba0658718e7e69b0a959bcb29c52d7ff7d490a5cba26ad79f9ba782cad2,CLEAR,DAYLIGHT,DRY,FOLLOWING TOO CLOSELY,2.0,25.0,2.0,2.0
0a58f381fd854a3418b07ee71c38b9ce365fb87f894c99b873f629c6fd709d8fce39b7ab6fcbbe78f45bdd7ec8ad84c9e8be0d9f518cd637effd1d5dfa232d84,CLOUDY/OVERCAST,DARKNESS,DRY,IMPROPER OVERTAKING/PASSING,2.0,65.0,2.0,2.0
0a58f9a6fe037b88399273410515f237fc24cc3bc400f337441493f69d32025b5a22650c9566f89eb6cd6f773055e4e0086abb4e2a13f26c82543980ad3a5361,CLEAR,DAYLIGHT,DRY,IMPROPER LANE USAGE,2.0,54.5,2.0,2.0
0a5920058f1abb3ef345121b9edc2800a1bafad652d1497ed885d06734bc085579dadc7db59191f1ce70eea1e5855214f9362bd6860e03f30bd702b14fd4f5d1,CLEAR,DAYLIGHT,DRY,IMPROPER OVERTAKING/PASSING,2.0,24.0,2.0,2.0
0a592548032b911eb2c245ce868af9bd493a6b0420ab8b1353d1b05892b3f66db9ee20a4afc90b1e20e4bca61150b94d3717fda4c298d97d7ab6d011540612bc,CLEAR,"DARKNESS, LIGHTED ROAD",DRY,IMPROPER TURNING/NO SIGNAL,2.0,19.0,3.0,3.0
0a5939b9976d5b1a4f7be02c47451cfe726f4bed30f90788c35ef603a7e8247ee0a8d098a6683c03c03bb5ad239b8b8c17ca1ce40229e0766df64c226d746afd,CLEAR,"DARKNESS, LIGHTED ROAD",DRY,FAILING TO YIELD RIGHT-OF-WAY,2.0,18.0,2.0,2.0
0a593fe4b27d9a1e6717c3e68b25da69f0b747a88d593df471423d995b1ab203974d607bfa36e82a94386dbd926a468089ef40fe5369e3f03b74f8109e738058,SNOW,"DARKNESS, LIGHTED ROAD",SNOW OR SLUSH,WEATHER,2.0,0.0,2.0,2.0
0a5954f1db77f7956761019787be6e7010f72bf8cf9e2fbea991c9860ce5092961d9b3c7b1623ba8b5df7fed8bdb73112b6168b09e9f254e0905afddd0ebc6f6,CLEAR,DAYLIGHT,DRY,IMPROPER OVERTAKING/PASSING,2.0,40.0,2.0,2.0
0a5959ca438ac4245de96b1f34c4b9c85505a308abfadce3de060b733f87ecf7b697faa58c4e3bf5684f82f1da766e61e203b7332a2c3703e605d340e78d77d5,SEVERE CROSS WIND GATE,"DARKNESS, LIGHTED ROAD",DRY,IMPROPER BACKING,2.0,31.0,1.0,1.0
0a596306d32d6765332f75b000ace0d599a402f8ce7ea68fcd6f56f278b8d350a7f5521be9be943b56f6ce4ea6813b9df28359adfee493fd07a6ea285ca2964a,SNOW,DARKNESS,WET,WEATHER,1.0,31.0,1.0,1.0
0a59736232c3b68513304a8fd6610e1a192cb9ae68084d890affa97eea8a15a74a525404b9881fed17b8b580627e89871a5de9a9eace85d01d1638392de47381,RAIN,DAYLIGHT,WET,FAILING TO YIELD RIGHT-OF-WAY,2.0,30.5,3.0,3.0
0a59a8f28259c5c5a0f2fca7e4eee84a43dc77d4bc4d4ee0bd8ac343d1184f25359443c2ce558c5e6ca957977c34d3d70c20944bcb75c133e986daba94f7aaae,CLEAR,DAYLIGHT,DRY,DRIVING ON WRONG SIDE/WRONG WAY,2.0,32.0,2.0,2.0
0a59fdde1fa4b0b316311207273c1ec865703f3a2b5b565a3b8cb4588ef15e7f0b8565ee75183c9f2818c50bf74f873a4458d3f46f2e2f5b3dc00a1608d91530,CLEAR,"DARKNESS, LIGHTED ROAD",DRY,IMPROPER OVERTAKING/PASSING,2.0,27.0,5.0,5.0
0a5a02b95f1798c6cb8713d1be2b93872926e42d0c3f1ebc9ac74072476519f72680ffe14144bc10591b2a6d0d00800c9d09a84cb07bdc18b42b9aa367df1bfb,CLEAR,"DARKNESS, LIGHTED ROAD",DRY,DISREGARDING STOP SIGN,1.0,27.0,2.0,2.0
0a5a11c1e2a5b608b102b213a88b914f6ea34e303a3931a9dac7cd5993ec21436dbe02e2230b057aefd7ad0f4ea2a2143a852d675e9c11e1f854660d0ed4d26a,CLEAR,DAYLIGHT,DRY,IMPROPER BACKING,2.0,44.0,2.0,2.0
0a5a1f39b95872d94a53cc3683fcfb3587ac866b394a79a25fe66e5b24cbcaef1b7c7ada8041ff712cf8f5af1b43170c8b022a91f48e931c0c7fe9d0229a8dd9,CLEAR,DAYLIGHT,DRY,DRIVING ON WRONG SIDE/WRONG WAY,2.0,41.5,2.0,2.0
0a5a328786fe97e4e58df8474892e140687a5505677e80855aa2c76448b12c6997f89b6b3c8c5000b8f4489d03220f4c3a9fa89ba34a6a1bf498c2398dae0cec,CLEAR,DAYLIGHT,DRY,IMPROPER TURNING/NO SIGNAL,1.0,64.0,1.0,1.0
0a5a4119f205aa2bdf2d9758fc40b024874cbcf8f5964fe753bfbb6ecb80020d86d1fe84e0be596a0f7b48adfb39776d9c20a6f8a034454182ea6f408cb4df3a,CLEAR,DAYLIGHT,DRY,FOLLOWING TOO CLOSELY,2.0,28.5,2.0,2.0
0a5a46b38c09674138dd09ba774ed6f78a4dbac97d81e1719153be145c10e0d7f3950ecb2bf333650737135876c5bed8e9db3ff6261041a4e29e9bc95e9a7563,CLEAR,DAYLIGHT,DRY,FOLLOWING TOO CLOSELY,2.0,36.0,5.0,5.0
0a5a4be7ee26bc9fbf6c9e8a26e250e8c9520399687c4623d77c51a3d2ed3f5aa48d4f935b1da7af4a9d1254900540a17753b1cbbeb1a88040667e810bb909f9,CLEAR,"DARKNESS, LIGHTED ROAD",DRY,"VISION OBSCURED (SIGNS, TREE LIMBS, BUILDINGS, ETC.)",2.0,38.0,2.0,2.0
0a5a7866bb3b76c216c734f9947fe17250db53ac10a79b8bd5faa5fbc91be8873a73fbf00b9e1c214fc143fc239219aa077309829655efed76bd1ad1b7e01e36,CLEAR,DAYLIGHT,DRY,IMPROPER LANE USAGE,2.0,25.333333333333332,3.0,3.0
0a5a7c7faf03f4b24696265b1e493576a2ee00d033f5fb05c3bac9f5ed5cfe2e234fed41ba6e4a685e0c2624e483954a50c2adcef957af5294a656f943913fc2,CLEAR,DAYLIGHT,DRY,FAILING TO YIELD RIGHT-OF-WAY,2.0,37.0,2.0,2.0
0a5a997c6345ea49472ba6d6d8056dd170badef0544f2c814838b8ace2c8a74aae977c0d42a06bf5c8c70d55c8bde278155d6b685e2eab8057118d0229159bc0,CLEAR,DAYLIGHT,DRY,FOLLOWING TOO CLOSELY,2.0,55.5,2.0,2.0
0a5abda1eb603d06b049d637e565a1dae57eb18c564f3c2c14d0985576c679038da3e30a36b0a542dd7c36d2fda0063e243142653af5b4eb67bb507dca0fe1aa,CLEAR,DAYLIGHT,DRY,IMPROPER OVERTAKING/PASSING,2.0,38.333333333333336,3.0,3.0
0a5ae7853212e95e5cbda5eeb391640525637431ff621622fad96b97da3eb3a4fe81b513e64606995808aece6cf80a806d33fe22c90c010f30cbbf9b6d3e1ba6,CLEAR,"DARKNESS, LIGHTED ROAD",DRY,IMPROPER LANE USAGE,2.0,30.0,2.0,2.0
0a5ae88d3175c827e9ed7dfa864ace8bc201b7ad4946cfd739e54cb0afa510e9cde1b8c7ae04d442b109212caef2c9509bafeeeb9af27769b8119adeb29da9c7,UNKNOWN,UNKNOWN,UNKNOWN,FOLLOWING TOO CLOSELY,2.0,27.5,4.0,4.0
0a5af1fdd23da5c8780ada4f577f02abfd44f756a78f8c4ef476fa4ae216d9ac43a6312cc8e92702e0602664dcfdf51a98d591e6194e7651b23a904749187812,CLEAR,DARKNESS,DRY,DISREGARDING STOP SIGN,2.0,45.5,5.0,5.0
0a5b45d8755ea7f122524db8dac29d2eb0a18ab9e1606706c6bda9868ab6b9be6ffe7d6c192da4a88b4db17d041573f220d3a2bfda64b0785ed2dba9e72e8086,CLEAR,DAYLIGHT,DRY,DRIVING SKILLS/KNOWLEDGE/EXPERIENCE,1.0,21.0,2.0,2.0
0a5b7da2f0440cb50b053d4a59a39438c5e6543e5c9ac90865341791090118d9b422671867c353fc75de597123bf3896c139ffcbba2786fb800f4988dec0ae60,RAIN,DUSK,WET,FAILING TO YIELD RIGHT-OF-WAY,2.0,32.0,2.0,2.0
0a5b90a237d71971479f97486b63e47ebadae467e8d61a2fb1da58df4ae94eab69f245dd17e8fc84ae31bea98506ed3136a3741f005f45edfe8ad8f96a9c44cb,CLEAR,DAYLIGHT,DRY,FAILING TO YIELD RIGHT-OF-WAY,2.0,47.0,2.0,2.0
0a5bad4b08126e907dbec119d014d4cc1f9fc3df92b341f25f20dd21622da5ad2054f49ce8f43b2da817326560bb27e1d3929e0737ff7ae441badb39e41349c5,RAIN,"DARKNESS, LIGHTED ROAD",WET,FAILING TO REDUCE SPEED TO AVOID CRASH,2.0,26.5,2.0,2.0
0a5bc9a08b76980dedcb56521a1ef1f11d4618f5efb702d6d99af9c3c0142bf09ea24760b2bb4e20e13b278d18688303a2ece98897054aeb903b224874a49a13,RAIN,DAYLIGHT,WET,IMPROPER OVERTAKING/PASSING,2.0,72.0,2.0,2.0
0a5bd6d0a5ebde34566224f1b80069599c39c3d16c117ac18cb9289ab92a2cc699340915e7b81cbcffd4b5b6adfc7bd07deaa91bc91a1f8b2d78582520c10cab,CLEAR,DAYLIGHT,DRY,WEATHER,2.0,58.5,2.0,2.0
0a5bf4b78f94b715c06774305b9e8fc2e9bfcaf1f3213dae2e676aa7a6849595e6db4c31b37f6c5cf360ba91c10f17bd62dda1f796f3be51b5ff3b14f4be24fe,CLEAR,DAYLIGHT,DRY,DRIVING SKILLS/KNOWLEDGE/EXPERIENCE,2.0,42.333333333333336,3.0,3.0
0a5bfe97aecea6569d1789cfc0e374d2ef3e545a1e2b7fbde627b854f5a035f70e0782a045f37f0c2c111c5a73cdb55b6c8516a1c1fb2fd40e7758b2bb8c0dcb,CLEAR,DAYLIGHT,DRY,DRIVING SKILLS/KNOWLEDGE/EXPERIENCE,2.0,62.0,2.0,2.0
0a5c06fac83b0947d25aebb8d9dd15970ef90a3d021a74b0db65629529a9532bb576a74695b9d5418587e8d6b2edd36a1daff983b338517023bf711d1a788d68,CLOUDY/OVERCAST,DAYLIGHT,WET,FOLLOWING TOO CLOSELY,3.0,45.666666666666664,4.0,4.0
0a5c13d3eb3ed6a3b8106e172f3d48ede454227d9d577ed89b6c0ead1d78f238c6f18d0d8d4717eb1761d5fbd85abf63621114c8267acb1f4020eba72d8e7238,CLEAR,DAYLIGHT,DRY,DISTRACTION - FROM INSIDE VEHICLE,3.0,21.0,1.0,1.0
0a5c4e9a5c1c9a87693af8c127f297bbd041c02476c5e8da7852fe5289d35195c90eadb79a6da75b8bb6028e17bb14b9afd7818fee4c453cd7527feb0c51348c,CLEAR,"DARKNESS, LIGHTED ROAD",DRY,"OPERATING VEHICLE IN ERRATIC, RECKLESS, CARELESS, NEGLIGENT OR AGGRESSIVE MANNER",2.0,27.5,3.0,3.0
0a5c60c69691fce1271a38c12de49770b230626b9ce85edb83aa24840930a372d098d5db4164720517aea8cb2d619b98a29d8e51bd518b009e4f37295b7fd6cc,CLEAR,DAYLIGHT,DRY,FAILING TO YIELD RIGHT-OF-WAY,2.0,38.5,2.0,2.0
0a5c727b1d7e848cc8c020b83570acca5dc1b8d16f16e5a70e02197d007eaafbb1ebeb0df53624e59a8d115d8357b17ba3a29c5e4a12e0eb9d4e26b23578a050,CLEAR,DAYLIGHT,DRY,FOLLOWING TOO CLOSELY,2.0,36.5,4.0,4.0
0a5c7e6dd8216756b9c24c1c764d11472eaead96a444a58b8bbe018f305c8ab22607ecd42208e50b974c0a022fc54fd3c9114a2f426f31b5746226fe1cbc6797,CLEAR,DAYLIGHT,DRY,EQUIPMENT - VEHICLE CONDITION,2.0,45.5,2.0,2.0
0a5ca175f1e77a3265ac01a16036643347d040b95ca427ef9d33b71d87685ca02c1dd815c28c1f6d630187024bcc6404b9e01264765c97d76f78c32ee4cb59c4,CLEAR,DAYLIGHT,DRY,FAILING TO YIELD RIGHT-OF-WAY,2.0,29.5,2.0,2.0
0a5cb6181e9c9b6fddf63b139ae2368074f6f766e959b3c089b2d28f7135169e5957fee49164d3541be6721a0ec5f623160cc3e86a6c21390e7f1dfb04fcf446,CLEAR,"DARKNESS, LIGHTED ROAD",DRY,IMPROPER OVERTAKING/PASSING,2.0,40.5,2.0,2.0
0a5cb653d0740f2018609a1525c76ce935812470e4c9824603c4811600eb0029f267a4179fc3d2c899a8f2617c2f418237104fd9984e3a90b214320eb309762a,FOG/SMOKE/HAZE,"DARKNESS, LIGHTED ROAD",WET,DISREGARDING TRAFFIC SIGNALS,2.0,68.0,2.0,2.0
0a5cbedc66b39e8cef43990a3334cca83a6fc664d46614f28c9c1a7a3fe77c3990f1c405957a229500050e7644d66000ede4b9c879b4205da9eb5e766c7d67f1,CLEAR,DAYLIGHT,DRY,FOLLOWING TOO CLOSELY,3.0,23.285714285714285,7.0,7.0
0a5cdecd73e9eb20de3b32124412bd48f7977de2d8b823deefba86249b72d340ea585051d47cf38137747ae587ae334edc5fe8d392dd9a66ff133a4bd258f235,CLEAR,DAYLIGHT,DRY,IMPROPER OVERTAKING/PASSING,2.0,38.0,2.0,2.0
0a5ce5066165bc04243a8ad3d93f78a6910f6af2377a5f3586a75c40caf0fedca91545f0d7bf33b54caea8cd0461e9a394ed849a66314dbb42d5fc826ac477d3,CLEAR,DAYLIGHT,DRY,FAILING TO YIELD RIGHT-OF-WAY,2.0,24.0,3.0,3.0
0a5cf504c77af4a162a69fd856a616e81de6b901412c034db3775a1f5e63a2f7fd11e8a14d62152188a07539287a7d2d0eeb0abdc78d98d731e1951fc3efc58d,CLEAR,"DARKNESS, LIGHTED ROAD",UNKNOWN,IMPROPER BACKING,2.0,35.0,1.0,1.0
0a5d0b7097a2af3f4d57a4ea156a2964d6acb66f71a68f9d08bb635b2fe267b3a3abe0618dc78bb18a2489e547c537891d7e100d3629eee255a8ba30557c9367,CLEAR,DUSK,DRY,IMPROPER OVERTAKING/PASSING,2.0,48.0,2.0,2.0
0a5d60b6e51463a67ed095ba764eda5bd10f13387dccfbbb6f30e544076e466bfc9f0d8f1d3cf2a99baddd739cf2232e3fcf31029871a5d01358969c740c6d0f,CLEAR,DAYLIGHT,DRY,FAILING TO YIELD RIGHT-OF-WAY,2.0,23.0,2.0,2.0
0a5d9f2b6a17582132f9508571e3a8de62c380b5e53816842fb4cca4a8a066a4ce01ddc7470f51a9d8b8374ebfab1b1ef2bf159cd1198ec8b5ef07986f43da42,CLEAR,"DARKNESS, LIGHTED ROAD",DRY,DISREGARDING OTHER TRAFFIC SIGNS,2.0,35.0,3.0,3.0
0a5da3392295e134788760cc34d8bcb2991f5564386afcab689f953e9c2bcc831950200211cd659f4c09c67d50f74d1ad0674e5d5075cd50f78640982c60a6dd,CLEAR,DAYLIGHT,DRY,DRIVING SKILLS/KNOWLEDGE/EXPERIENCE,2.0,24.0,2.0,2.0
0a5dbe6c61701a7dc28852bd2ecaaad38ead9328bf233b99e423bbe8656e720ad12ed8343a1d6613c18c84311393c66e55acbba42bc0ba4ae63b4a1002840b49,CLEAR,DAYLIGHT,WET,FOLLOWING TOO CLOSELY,2.0,58.0,2.0,2.0
0a5dc42eda61ac8c8e1a894830dd90d84599f4c283510ad1a1a6da1dd0a2b67505432eaa000b4ace61471433970d22a5b2104e0a3edc7670fd088f8b112afce3,CLEAR,"DARKNESS, LIGHTED ROAD",DRY,FAILING TO YIELD RIGHT-OF-WAY,1.0,16.0,2.0,2.0
0a5ddcb005c510223556312b7e61580c827befeeb736b458fb85948e9fb7096b00ad87765eb84ef5900dfde18dccac2902611236c89cd0ce4a8b025d5ebfd2d1,CLEAR,DAYLIGHT,DRY,IMPROPER LANE USAGE,2.0,30.0,2.0,2.0
0a5de39dfa5e799df3773c3e1d4bc16bd41b0580e2bae030680fcbb468a055ef834ae6d745c41a3b5abacb4dd19b1ba0ab245fb7aafa418eedf9504879781460,CLEAR,DAYLIGHT,DRY,FAILING TO YIELD RIGHT-OF-WAY,2.0,35.0,2.0,2.0
0a5e0446d6568e45f9bfe5210a53b656021aee323296177c87db94e3938ff0d2d0b659dd6e7f06d6833efc4cbaef237d1a3b0f8816fc1cf915c1f15c96743c1a,CLEAR,DAYLIGHT,DRY,DRIVING SKILLS/KNOWLEDGE/EXPERIENCE,2.0,37.5,2.0,2.0
0a5e6741e92ee3824cd6531095f84511f428958009af0e3281187949116b1ce89479da2fb9a8d6f4792d1da0b4930bb5d6b1601a70ac9645762233ace4765fbd,UNKNOWN,UNKNOWN,UNKNOWN,FOLLOWING TOO CLOSELY,2.0,31.0,2.0,2.0
0a5e9cb60eea6e609c7ee2a45458d9601ed57b0c966dd385061143207a50f7b24e56c23834df63809544caefea7aba0f92700bd72ddb71684f1f84cd1ac23453,CLEAR,DAYLIGHT,DRY,IMPROPER TURNING/NO SIGNAL,2.0,41.5,2.0,2.0
0a5f226b3ed332e47bb6db4acf9fc33bf70eade1ee5d387b1a2400599733d066b915f4f279784b20a3bd8702c425a650a4f3b325f80c76778fcb8120b7b106a9,CLEAR,"DARKNESS, LIGHTED ROAD",DRY,DISTRACTION - FROM INSIDE VEHICLE,1.0,31.5,3.0,3.0
0a5f356224e06b2e93e20532d8627eed9b483a48bac03000b5bfc30b3954ae450c7d2a476b8186499b7e8b755886cccae9a3e4904111868dafec54cc6bcf5e94,CLEAR,DAYLIGHT,DRY,FAILING TO YIELD RIGHT-OF-WAY,2.0,25.0,2.0,2.0
0a5f59da8bed0cf7e6ee9351a5444d75c028a2ea1dac255e4714b6adda8afe33777df61928c7cd3af761b88dfb6438f08e90999e62fb067f093117fd1a132fbb,CLEAR,DARKNESS,DRY,TEXTING,2.0,21.0,2.0,2.0
0a5f5d40206e9970e9d2efa27f42d23bc413fc1d68ebb63d7f32bd4b9ae84899b42ac844288392b150f7a0c6947eba7d4db7be8e4bef46e9276a13e782d182ce,CLEAR,DAYLIGHT,DRY,UNDER THE INFLUENCE OF ALCOHOL/DRUGS (USE WHEN ARREST IS EFFECTED),3.0,27.166666666666668,8.0,8.0
0a5f5debf31a4d358a0e9a69f9aff0b2c20865ef451431f07e0e61b859af75777a9d419480034cc9f15905df04d7d71063568a5f1ad06c3a26ffc8f89b2887e9,CLEAR,"DARKNESS, LIGHTED ROAD",DRY,IMPROPER BACKING,2.0,58.0,2.0,2.0
0a5f9d42b29a36172f2cbd319358b591cebf622ba19a3035fd96ded0432e7fb043365fb9c26568de57d46ca3ba57d24d3d6d9b713782eab310a070cc013e4c77,CLEAR,DARKNESS,DRY,IMPROPER LANE USAGE,2.0,26.0,2.0,2.0