crash_record_id,weather_condition,lighting_condition,roadway_surface_cond,prim_contributory_cause,total_vehicles,avg_driver_age,total_people,total_injured
0a5fe69264bc94d85e01198f112ed70e7b7d23d06944c8d638de34c7373c508d1d21411b08858856c91638719e917e13b4c1377fec3a47bb2da2672b1534f4d0,CLEAR,"DARKNESS, LIGHTED ROAD",DRY,FOLLOWING TOO CLOSELY,2.0,39.0,2.0,2.0
0a60378461ee8dea471ff51820b42edbb607e0b5c2500fb32836ddfd49509e4fda38b8d6b77e3a513d537114f64824f8aca6807b089dc455356b5359f8bc860b,CLEAR,DAYLIGHT,DRY,DRIVING SKILLS/KNOWLEDGE/EXPERIENCE,2.0,57.666666666666664,4.0,4.0
0a60850f7da6a95de02aba97d6961d35891f1f87a00da3454e1758c775fa2319fddfd6b8e97366a6122431616de87aa1ef9395b5ee280bd2899ab487749523c3,CLEAR,DAYLIGHT,DRY,IMPROPER TURNING/NO SIGNAL,2.0,37.5,1.0,1.0
0a6086bd88d86e268ce6af1ee67c3f5fae45e6823c157d2b09f2be0f45d3cd83064c9510948396af20c2331196955eea6ce167a19baae0e94286b2917cdc59ab,CLEAR,"DARKNESS, LIGHTED ROAD",DRY,"OPERATING VEHICLE IN ERRATIC, RECKLESS, CARELESS, NEGLIGENT OR AGGRESSIVE MANNER",2.0,27.666666666666668,3.0,3.0
0a609c6dbe7db7fab444dad2366625609f28aec4e17abd365ff51b390e5536fc0a1377eef42ee7100b08fd4324f0c1965861fafff0d48854b20951e4ec08b581,CLEAR,DAYLIGHT,DRY,IMPROPER OVERTAKING/PASSING,2.0,24.0,3.0,3.0
0a60c77c3a3664d06ca24885143557d5d1d71a1a73ac449c8ce2cc79610b3ca6640f3d8ef9693c1acd4dbb02395b294d287968b3deaaf094343db78976c04f31,CLOUDY/OVERCAST,DAYLIGHT,DRY,IMPROPER OVERTAKING/PASSING,3.0,49.0,3.0,3.0
0a60c95a1ea042b5cace097e06eba39f4b1239d2e341ba8de3d5fb3f9c98f6b684a6e11ed028be100180e29b311b184dc15ba488d9b1afaaef8f1f8c1f13a3a9,CLEAR,"DARKNESS, LIGHTED ROAD",DRY,FAILING TO REDUCE SPEED TO AVOID CRASH,2.0,30.666666666666668,3.0,3.0
0a60cd521a0373295220f63c44ea0c6bccdb30bfbca7465fa58acfa2ffa81fc3d12d49c2bc1e1a2b3cdb2f43f1db9a4ea42bc1eb8f22e82084acf0525fccc621,CLEAR,DAYLIGHT,DRY,IMPROPER BACKING,2.0,37.5,1.0,1.0
0a6137afd08defdef0837cd067acc54d1f1798e0c35b0187291c82aafba0c525e440225cc80e1fe1ea62d89f10c6190e17e231b657fa2a0997ce7d4db0ed8887,SNOW,DAYLIGHT,ICE,DISREGARDING TRAFFIC SIGNALS,2.0,38.5,2.0,2.0
0a618e3d84050d1f968df282d5409ac7d4e329644d058a3ab51033fc798f080fbe962f3c65545d455f3864a6da08736849af1266d6361e45e73e84a9507b6f20,CLEAR,DUSK,DRY,IMPROPER TURNING/NO SIGNAL,2.0,58.0,2.0,2.0
0a61a10c1b04392dd18a36b98c93a9b5059446368b43f759cda120c92a4748e16eb6c43de01bdabb3f37e293115e45ece851dafa09818502b61cfd942750a3b1,CLEAR,DAYLIGHT,DRY,DRIVING SKILLS/KNOWLEDGE/EXPERIENCE,2.0,37.5,1.0,1.0
0a61b7cccf44315f4f9f485f870b0c20daa0dfedf5ec26d2d87a01a601a3c202dbbad661fb98b298d00491a2dfb060d7554dae9a3703bb7300651ab0790722bc,CLEAR,DAYLIGHT,DRY,DRIVING SKILLS/KNOWLEDGE/EXPERIENCE,2.0,37.5,2.0,2.0
0a61d84f27ad0a41a6736f7dff5f8e4a36173de11774d2b7387a78bbc2750b66a7275718dfd921b94c6ed5c6bc8bdab373bd5d5d06a9bf154e169b9048e16a5b,CLEAR,DAYLIGHT,DRY,FAILING TO YIELD RIGHT-OF-WAY,2.0,62.0,2.0,2.0
0a61e60c1a48bbb7f315daf68615e4b66f78a1cdb99ee5ef491bc9f0725e0d6c5dd19c70b02892a35f6adb442ee2372c62ff8d95b48d5e314abc1fd1d0fa0efd,CLEAR,DAYLIGHT,DRY,FAILING TO YIELD RIGHT-OF-WAY,2.0,45.5,2.0,2.0
0a61f56bea1562e5c9869e75a0fcfcd6431dd2dfa877a4a7e0a66854d3e3686b25dad0b0f0a71633070526a498b8d54d5b52f69587bafb4e73aeec29c05e0861,RAIN,DAYLIGHT,WET,IMPROPER LANE USAGE,2.0,48.0,2.0,2.0
0a6203da7810c128e9ac8e0ea85be23fec8637fd5f2dc80f39a36c7487e154758ee77a38fbf71461d4b6671315a644077173e9dea32f06e4d551f9961aea6e67,CLEAR,DAYLIGHT,DRY,FOLLOWING TOO CLOSELY,2.0,27.0,2.0,2.0
0a620547786f5092f01f63f3631eeb8a043cbc1f012dbd991fc6fcdb04077f15f7de41e94d790369495adce2aea19d7abb91b9a6217199a16546d9edded5cdd7,CLEAR,DAYLIGHT,DRY,DISREGARDING STOP SIGN,2.0,47.0,2.0,2.0
0a6214832f4593165e8580af8c36ae305a528aa970e55a9ddbea496b586ab16a39df0f41dd34e54430190d3aeb2ab21060b4ab4eda499d428c0d9a3b875b55f0,CLEAR,DAYLIGHT,DRY,FAILING TO YIELD RIGHT-OF-WAY,2.0,37.5,2.0,2.0
0a6218b35c6177c4a45b09793fa1532178630974086e6481a55590e9831d61d28d3048828a43eb45cc2e573de84d918b5fcba79fab710c5d68155165e421dfa2,CLEAR,DAYLIGHT,DRY,IMPROPER LANE USAGE,2.0,37.5,1.0,1.0
0a6249c97f4b12507d2f56f67756ad6c1deb10db03618159694125fa9db0aa4698fce55e0a2f82f341d63f15b84b1189d6bc3370b5a29720a873932c959c418d,CLEAR,"DARKNESS, LIGHTED ROAD",UNKNOWN,IMPROPER BACKING,2.0,48.0,2.0,2.0
0a626626933eaed529394c353cccfd0da2ab33d17dc47cf56154c66aec93213dc1f26993718e30697599fa217c2cc32953efb71a9c3dd45f8a9885795e6e42ea,RAIN,DAYLIGHT,WET,IMPROPER TURNING/NO SIGNAL,2.0,35.0,2.0,2.0
0a629b1fc6aa17f6674eb5b8fec0d635121ba28e4cef5d07424b75f709de1e7320aaf79f63f150924ccc7459d1bf2ebb7f0379a05f52985b02a7951129a51f00,CLEAR,"DARKNESS, LIGHTED ROAD",DRY,FAILING TO YIELD RIGHT-OF-WAY,2.0,40.666666666666664,3.0,3.0
0a62b601f122ecadb76a9f0e88328d8f16d31549881b844105b105844f60baee20e144cbf999ea86b3f87773fed95f17cc0f6cfacc6786835d8aef8aee7582ba,CLEAR,DAYLIGHT,DRY,FOLLOWING TOO CLOSELY,2.0,44.0,2.0,2.0
0a62ec59616973df2dcb870c0a7173b51397c5de6df13d7e33fa2612e1f676a234264d74b746f2e8457c8c66e604008eb8876475db03bbd2e2a1568419fae649,RAIN,DARKNESS,WET,IMPROPER OVERTAKING/PASSING,2.0,37.5,2.0,2.0
0a6301c97afb1946cceb6e48114a6a0571bc976eb89977b5bec8831ace8b312a790f1f4fa3318adcf03aac788bd9bc3ed08b3b577132495f9391893cb3e8ca13,CLEAR,DAYLIGHT,DRY,FOLLOWING TOO CLOSELY,3.0,62.0,2.0,2.0
0a6310f67e3ecb041be4cd246cdb125622bfb2b4321f3ad22d18f73875848df2841b4498062684e8a6d7cf42b27d0ff446976b5f94832ebb3a5d1b0c933d544e,CLEAR,DAYLIGHT,DRY,"OPERATING VEHICLE IN ERRATIC, RECKLESS, CARELESS, NEGLIGENT OR AGGRESSIVE MANNER",2.0,32.0,3.0,3.0
0a6339129f797f5187ce67b553a2fd7c5b143a79932d2dab688678178578d2acd1b0ee1391d1a97c102e0b6897d54d81c90967b1a0a300fb3144a6885229e0fa,CLEAR,DAYLIGHT,DRY,IMPROPER OVERTAKING/PASSING,2.0,34.333333333333336,3.0,3.0
0a6339524dbaf7d9cc593a0dd404ec96dc89e12f184ca85e511aaec31401708a6ce8e39733de5a3879bb7b3417b9e97745414e63507bf3f576dd5a806be8d7aa,CLEAR,DAYLIGHT,DRY,"OPERATING VEHICLE IN ERRATIC, RECKLESS, CARELESS, NEGLIGENT OR AGGRESSIVE MANNER",2.0,19.0,1.0,1.0
0a634bf3a9f4b219ab939cf755da9aa9a3c7552c75d6190b9dbfcaedda71b516de05fe7bf1d50f08df254add2693fa48d597b0222bb78318a13d7214f585d1d9,CLEAR,DAYLIGHT,DRY,DRIVING SKILLS/KNOWLEDGE/EXPERIENCE,2.0,48.0,2.0,2.0
0a63599016f2728fbf2bea1eda288a527a19433fee3cdc1475093d03a01d9d11da7420822d016836b7a7774343e8db1c73f0e4f0f66209c522ff19ab40718883,CLEAR,"DARKNESS, LIGHTED ROAD",DRY,IMPROPER LANE USAGE,2.0,40.0,2.0,2.0
0a637e0d884c45b3a0bbbd1fbb9d3ce4e9b3c7bc6da1748e63d5f0a813bff12b9ad99b38b36fce214369c94f6cabfe1f9676b50ba14ecd10e61e768e51c38edc,CLEAR,DAYLIGHT,DRY,IMPROPER OVERTAKING/PASSING,2.0,43.0,2.0,2.0
0a6387060e7a1e08a0279d80eea6fd0fe6f1afbcc62e941146cb92d4140c5eee22db42652e8786f50efb71fcdd0232ba1ff2ce595b59fd00136540ad1fb06ce4,CLEAR,DAYLIGHT,DRY,DISTRACTION - FROM OUTSIDE VEHICLE,1.0,52.5,2.0,2.0
0a639796f0787d3b8549e55fa8e7be9ff85c9f4bd2d64539c1a8c5f5966ce807892bde4bfe8f4171f9afd202be36ac5fd78e0626994ce688d9d8222e0b928a74,RAIN,DARKNESS,WET,FOLLOWING TOO CLOSELY,2.0,35.0,2.0,2.0
0a63bbb03fc0a1b05baf4e98eae589e8e6c478089db6e5f88daaff1eb28e486af48e0b6d7d7f0fb85a99ac4c2b7567907925fcbfbba76a1b03a708039c7da742,RAIN,DARKNESS,WET,FAILING TO REDUCE SPEED TO AVOID CRASH,2.0,37.5,2.0,2.0
0a63bf1bf97db02939d5d94e8b0791752ea26c8f02dbb24d1d8467d7889bb4eb058b3316098f0b62e3378abbbd8b665a5461489c94dff488e4620515db86daf0,CLEAR,DAYLIGHT,DRY,FAILING TO REDUCE SPEED TO AVOID CRASH,2.0,34.5,3.0,3.0
0a63d5a317e3b177c569f3dd1ced40f5c5db4824822745a1607d60af889a6b0021b1e258d6afe9e9a3f5aab76e3b72c65d9fe65effda3463c6d0d95bc897e3d4,CLEAR,DAYLIGHT,DRY,IMPROPER BACKING,2.0,37.5,1.0,1.0
0a63e19e35d42a4d208a8b0d905b7b70e53fc261e9f8b2680e07e35726a3c26490949a1adaa474d72d09082bf5e75ddb6d19cc6c88b03b0aaa5f656e3a3d54a8,CLEAR,DAYLIGHT,DRY,IMPROPER OVERTAKING/PASSING,2.0,65.0,2.0,2.0
0a63eec98bc312c519c356bb7378f5ddbc4120be80d2d01f64948901925f779afbae90c5ccdf7b14f11f1a98e8395729adabbc427c5733a235b37f6dfa46b727,CLEAR,DAYLIGHT,DRY,FAILING TO YIELD RIGHT-OF-WAY,2.0,35.0,2.0,2.0
0a63f2fff8da5997eada467d8a8e06aebf766d65255087cde450071b1edf68adc77220cc375ce303cc71d7af2dd5694d05f208955d40b1edd5484e40b917a9ef,SNOW,"DARKNESS, LIGHTED ROAD",WET,IMPROPER TURNING/NO SIGNAL,1.0,37.5,1.0,1.0
0a63fde0d14325cb9de4d6c162b10c70699eb4d3696201d3ba0cafc80255eceb2359a5f8854f11f11b6b7c7a88a476ef0eb009d43515eeb14f7ecebec3bc3a7d,CLEAR,DAYLIGHT,DRY,FAILING TO YIELD RIGHT-OF-WAY,2.0,27.0,2.0,2.0
0a642c1347a156270ee83bd4d7b6ff5657fb86149d2bb21bee58a405d6972a3f73975c7cdb8ab3bd43109cb2a8655e71c9525b5d16d55a5160741bf6d6f52fd1,CLEAR,"DARKNESS, LIGHTED ROAD",DRY,DISREGARDING STOP SIGN,2.0,81.0,3.0,3.0
0a64466ef726eff7e922ef156eb7dffcc485457f94757762d66cad840e4886d269b07420ebfd32542e6d804d36203f3811e92fb3c0a5dfb27afb10bbba41e6a6,CLEAR,DAYLIGHT,DRY,FAILING TO REDUCE SPEED TO AVOID CRASH,2.0,30.5,2.0,2.0
0a6447d746c30568ff4a2ac25e7387ba1188cb8ead7cebdcbc604faf94cb117a0e8b2237c8d6594c9b8da193fa224fc5c0eba0b1de4dac4bb6224c3bbf1bbdbb,CLEAR,DAYLIGHT,DRY,DISTRACTION - FROM INSIDE VEHICLE,2.0,32.5,2.0,2.0
0a645077f0a4dac16723cc4a226231e1e0f2b8ad607502c8a55c8119d2142ed9e98b2cd07f8231655402e81c460fd917859231d457e74e397ac43a602ca08778,CLEAR,DAYLIGHT,DRY,DISREGARDING STOP SIGN,2.0,68.0,2.0,2.0
0a646c28aeb32c83d06b2ffab30c908d267e92784e8d5d0435994e3ae98e13c8092516e07758e7fec197e4536bc35b61471c551d826e458db2d04548b135a4d3,CLEAR,DAYLIGHT,DRY,PHYSICAL CONDITION OF DRIVER,1.0,28.0,1.0,1.0
0a6472560c21f185d804e6c938de43c6e09f8babb3757d9f06fcd2b9e8dbd7d6784f5749b16602dfa4f562a355fbf9b343024b5533f3b70a01233e9b58cbef72,CLOUDY/OVERCAST,DAYLIGHT,DRY,FOLLOWING TOO CLOSELY,2.0,48.5,2.0,2.0
0a647a1dff73b396da3774b258d1adfe677d4e342c9be6b141c22b3af871328686c55f0ec8109d890a71bf4720eb2988ef595cdc424462423b21d4122b7b6158,CLEAR,"DARKNESS, LIGHTED ROAD",UNKNOWN,FOLLOWING TOO CLOSELY,2.0,61.0,3.0,3.0
0a64b7226fe6e743549aba68a3eba62547d2cfd95927d3f12490b8bb52ba56252314b2f597836fb1fa70ba46e9143a4e380d1328f0a2f7a1ce3027463e8ef9da,RAIN,DAYLIGHT,WET,WEATHER,2.0,42.5,2.0,2.0
0a64b8d6ce0dfefad3b85ec5417fd52c0dadeb52e2a364fa26ac3ae86ddf1e02264445e20ecd4703f54ecb24ac92835d173659215aebede617d2167007fadf1c,CLEAR,"DARKNESS, LIGHTED ROAD",WET,DISREGARDING TRAFFIC SIGNALS,2.0,40.0,3.0,3.0
0a64be3bb9b556eba7c62e1ba74e02c642bc6e711a2628b8a145c834a208a17232146541634d4a198a01fe8a12523ae1d6b3e343e25c7a2c83e06a650211992b,RAIN,DAWN,WET,WEATHER,1.0,37.5,1.0,0.0
0a64bf099f1a2d8aef9a69b5aba240217416533bf0871d6008b57f3fb43be3a93c7a031e2b8123181cbf1e10e6211fda3a45ede0867a30c1c6e65a5436ce7444,CLEAR,DAYLIGHT,DRY,FOLLOWING TOO CLOSELY,2.0,29.5,2.0,2.0
0a650384159d81408e9b17603907fbadb5f5e6956d4dd4daeb9b304517258031fecd846c7aaa86753c1c278b5d51072bc2fecf6218f07754ee698cd02db4bba6,SNOW,DAYLIGHT,SNOW OR SLUSH,IMPROPER TURNING/NO SIGNAL,2.0,25.0,2.0,2.0
0a6512d6b27aab0c6e34603bb7adc513f52bddee62226d16872beb3bf6a5410b0122e39f57df403427629e12d13cef5a6391fffc302bac6af7450092f211bc61,CLEAR,DAYLIGHT,DRY,FAILING TO YIELD RIGHT-OF-WAY,1.0,44.0,2.0,2.0
0a6518efcadb3743e3d7bdd6e53fe07baa24bb4d955862c9c77a66ad028a16d6562a6e34625cf9c6327f0d9f0ac4ecd87e16025b4db53d9ca32928a1ee990d4d,CLEAR,DAYLIGHT,DRY,IMPROPER TURNING/NO SIGNAL,2.0,27.0,2.0,2.0
0a65369636faa3597e62cf88c145b19166866a42949d5f4c1b892d619eb5b61d59e8b391c9d9f1e2a8cb3b60f943154729121454c84364003c1fbc6ede8e6007,UNKNOWN,DAYLIGHT,UNKNOWN,IMPROPER LANE USAGE,2.0,34.0,2.0,2.0
0a65394a19366d859ebda77c2bfcabe86a353a793ec4f65bf8709a0daf35a076a580108163526fd9f64f77b7ab5a5c8631fe1e677df15283df6f1fa8bdd96b95,CLEAR,DAYLIGHT,DRY,DRIVING SKILLS/KNOWLEDGE/EXPERIENCE,2.0,23.5,2.0,2.0
0a654d127140c052f937664072150f6b9e32fc675c0e9acf8abbc41e8aa0ab2e914dfc90a71390571603c498e38c60910ebdc03a02c2cf93f5197d1767dffbdf,CLEAR,"DARKNESS, LIGHTED ROAD",DRY,DRIVING SKILLS/KNOWLEDGE/EXPERIENCE,2.0,42.0,1.0,1.0
0a65534dd8ab2c99a7ad38bebbd8049f126e2aac472433734dee86918a2eebcc75d6bae06e66c182ca880bfe1dc7fdb567cac49759f5b4319ca3e0eae7be049a,CLEAR,DAYLIGHT,DRY,IMPROPER TURNING/NO SIGNAL,2.0,17.0,2.0,2.0
0a65652c15bc868acbbb81a74426af4340be82734d4e1800c82a83b6eead0c207c438d8414870f1913229e657ec88d02b68bd3ee900282a9cca20c4b5e5948ec,SNOW,DAWN,SNOW OR SLUSH,WEATHER,2.0,49.0,2.0,2.0
0a658721b9992dca9bb586dbb63459288ba5bd4c4ab5ee86a7b0247e4d9491d4be587193345a970a5530d0c21c10dfc9e4201392c9e5ce9e5fdc117213c0d4bf,CLEAR,DARKNESS,WET,FOLLOWING TOO CLOSELY,2.0,41.5,2.0,2.0
0a65a06699adf22454b72d60afb4a46931cd412c8d3355cb69e91172a4e8e050f7f0fec58fc37f58c4e67b8071a98fb02702b1456242354b1dbf2c5fdcd57220,CLEAR,"DARKNESS, LIGHTED ROAD",DRY,IMPROPER BACKING,5.0,38.5,2.0,2.0
0a65ef0a666015481e924d098f334bc5a892a3af73f6221eeaffd2daebd73a869e571e796ff5486bcb0741e03031e118acda5516e6654057d2d0e92b508d7e60,CLEAR,"DARKNESS, LIGHTED ROAD",WET,DISREGARDING TRAFFIC SIGNALS,2.0,19.4,5.0,5.0
0a65f719b2058f5089a80fbaedc21ff98daaee49a868812e7549651f9169a21316be10ed1b3352742f5f670a35a524c4135a0f0f43abd432754ee83607df4338,RAIN,DAYLIGHT,WET,DISREGARDING TRAFFIC SIGNALS,3.0,51.0,3.0,3.0
0a65f790674f131687c19e8437727b19baacf685a1c38916f8a1f0ce419402568c39a4742555e52d0e9570ba5dbe3dd23db8191b046e3c44b89b94ffadbc7b3f,CLOUDY/OVERCAST,DAYLIGHT,DRY,RELATED TO BUS STOP,2.0,26.0,2.0,2.0
0a6642ed7d959916724c2a5a9761d70fe958ff8db2620491128955407bcf11007416f3bd0e34c9f75e02fa6646b929e62e8fd03a1ed3027373fda72621415bdc,RAIN,DAYLIGHT,WET,IMPROPER OVERTAKING/PASSING,2.0,45.333333333333336,5.0,5.0
0a664584465f285a412ef032302a55575abe5c64211192e3c3b8e1c16a7505511e666e5ca59152ad13f51f07d859f19a370af65ed028154b04f0d00d216c962f,CLEAR,DAYLIGHT,DRY,FAILING TO YIELD RIGHT-OF-WAY,2.0,35.0,4.0,4.0
0a66599bcbea4da72aba6bc686fa2d26236934fcc0defaa41742fb126bbfdc4eb70d0ff1b261211879d2326f4740bc64ead1f663f97435cf2ad69a3dbd81b37f,CLEAR,DARKNESS,UNKNOWN,PHYSICAL CONDITION OF DRIVER,2.0,31.0,2.0,2.0
0a6663ef90765bad9d7569f138ed3988d614e4e446d7e08092a298be68e99318f0e7ec2544e1e9e7ffc3ce7cfc24dbe804e32833a87f168ef7318262cc76d662,CLEAR,DAYLIGHT,DRY,IMPROPER TURNING/NO SIGNAL,2.0,28.5,3.0,3.0
0a66715833fc5f41d247e03fed42aad7a022cb9a5b2a5afd5818949667fe9551977f652b64ee408858a459f455f8a36184c909cfba3a8c0bc2e9ca6afd7109f2,CLOUDY/OVERCAST,DAYLIGHT,DRY,FOLLOWING TOO CLOSELY,2.0,31.5,2.0,2.0
0a6671ee6c89a590dd3fe66e0184396412f49807d3c4604d1cab1fc3c07cda96e38192fa7c42630785dfcfba208876e9d5aba0bd2c0c23b67382a43e6355a70b,CLEAR,DUSK,DRY,FAILING TO REDUCE SPEED TO AVOID CRASH,2.0,28.0,6.0,6.0
0a66b062d1a3b581f35114e367cb685ad3051ffafd2c525ade9257a9bac9f3bf456f5cb19465555767ef2ed26e093948f8b4a84958fd289ca8dd1f71f8528f15,CLEAR,"DARKNESS, LIGHTED ROAD",UNKNOWN,FAILING TO YIELD RIGHT-OF-WAY,2.0,43.5,2.0,2.0
0a66dcbd7d745ee9df10c0e5827e4ad02e4e5f68da437aa2621eda5af828d1821bcd56d51f44d49c87863e829116e6251426b41b4ddd5319a3914e67311aee9c,CLEAR,DAYLIGHT,DRY,HAD BEEN DRINKING (USE WHEN ARREST IS NOT MADE),2.0,34.0,2.0,2.0
0a671845bb245f91357680b973b672f146531c77b72e4acd2dabfe10ce86c64484efad076f960b3d9dc6be7a4926459b73344e0789b585c63d6606e047abfdc0,CLEAR,DUSK,DRY,FOLLOWING TOO CLOSELY,2.0,54.0,2.0,2.0
0a67409fddc297e8dc825f1519c5229372a8fea2c597df676e41b7b4ce7e8cd17a4eed700a330a144e39c6979687769d3172a01600f0ce0dd6e3689a00d0826a,CLEAR,"DARKNESS, LIGHTED ROAD",DRY,"VISION OBSCURED (SIGNS, TREE LIMBS, BUILDINGS, ETC.)",2.0,37.5,2.0,2.0
0a676b4abd718fc03bb5bf04c5ddd34c2c284d6f25a97694bf93276470ba7059932924635197ad23f323f22ceb6eead31b3cfa07b248a998fe9649cebc7f4cfe,CLEAR,"DARKNESS, LIGHTED ROAD",DRY,FOLLOWING TOO CLOSELY,2.0,28.0,2.0,2.0
0a6789dadf53b0f706502b372718c9c7897a9a0afd9c3d449097cc58da3a73f93b8cb055740133bc8154f8efebfde576cc5b89a7a1c51d9298e2c24d599d0d17,SNOW,"DARKNESS, LIGHTED ROAD",SNOW OR SLUSH,WEATHER,2.0,47.0,2.0,2.0
0a679b93292d8d115f4b32ec177e042e4e7999917231ba6375e7113f70679e09623a467342e7fd00a3a5975cbf6c3f8f7364041519cec5ffc276444e6e73d317,CLEAR,DAYLIGHT,DRY,FAILING TO REDUCE SPEED TO AVOID CRASH,1.0,37.5,1.0,1.0
0a67a22a389a3fb36e283982384d8aae0cbc7b6b00aca127e00e0c173dfa825a2598031a58e8bdfcf3dea7141d577c23c2c1f54bd2e54fa8ad133b136e17ce1e,CLEAR,"DARKNESS, LIGHTED ROAD",DRY,FAILING TO REDUCE SPEED TO AVOID CRASH,2.0,37.5,1.0,1.0
0a67a24fc84ed25d65b3f4eaf45b6afbcca268dbe8fdb07063190fa8b9ad979935c1f9c77c1736cd34091637ac9d11f363a83d08c242ff0b8c627c750fcfe463,CLOUDY/OVERCAST,DAYLIGHT,DRY,FOLLOWING TOO CLOSELY,3.0,47.5,4.0,4.0
0a67b1a3ca8766b0df93b0024f498a56b1353b3804b02a0d7053b2541712116e62e5521d1d7f2bf270c2b74dd5686ed804da7385a5fcaae511d6dbe8bdb295a0,CLEAR,DAYLIGHT,DRY,IMPROPER OVERTAKING/PASSING,2.0,20.5,2.0,2.0
0a67b82481bbf8ec4343032d36cd78592b7b1539ea8366e64828734d24ba44abbfe28b93ec6fc1f3cb2cbdc747f4a1928a14301dcaa3843bff886d2c5d38df25,CLEAR,DAYLIGHT,UNKNOWN,DRIVING SKILLS/KNOWLEDGE/EXPERIENCE,2.0,51.0,2.0,2.0
0a67bf3f60c16998755c461afd195faeb6d8926b2065a812f641741c437f8df636623da358dbaacb480142a13f4f1793ae2ec82f18937f3ee8e8432bcdc4ac61,CLEAR,"DARKNESS, LIGHTED ROAD",DRY,FOLLOWING TOO CLOSELY,3.0,46.333333333333336,3.0,3.0
0a67ee08c463dced102989deaf1dfa0c8d534d5ef074497eca08cbfa5b58fb27d7cde778358a6e3897221fc145fd8696187feac03359d1ef92029635cb6c9f70,CLEAR,DAYLIGHT,DRY,CELL PHONE USE OTHER THAN TEXTING,2.0,43.0,2.0,2.0
0a67ff2f0a14721546904ddfb907f2bbfb91b58d0ef4986381e3e6c887a4eb107a956cfd27de47bf72278ef141912e3672e9251fb742d5e7ec98f5d680d29faf,SLEET/HAIL,DAYLIGHT,DRY,WEATHER,2.0,46.0,4.0,4.0
0a6824799f7558faf26730d3f4ca1eb6795093607bf76cfba85e2a8d6b816e14b6af3a9b92a71a1d0fff6b134534c3fee518e65d5c57582bee627fca15d51a80,CLEAR,DAYLIGHT,DRY,FAILING TO YIELD RIGHT-OF-WAY,2.0,37.0,2.0,2.0
0a684437eb283bf29eb20575c190fe974f4a9875d9425a2e1587347f29e5e47091b0ea8404c23d4ce2dfee3a33f6f1416030b4ef884ef7708df60a2622f0b82a,CLOUDY/OVERCAST,DAYLIGHT,UNKNOWN,DRIVING SKILLS/KNOWLEDGE/EXPERIENCE,1.0,37.5,1.0,1.0
0a684517c348ef52d6f24210f0c277b06e99c0644c964a2711e76b382541b7019b2a51607f1269241aa6dcc6527cfcf5c88e28393a93a50ac223be06b3455297,SNOW,"DARKNESS, LIGHTED ROAD",WET,FAILING TO YIELD RIGHT-OF-WAY,2.0,25.0,2.0,2.0
0a6850cd0e8fe50b56ca68d43c64f5ac0a4055e3c927192eec2eca8b647810406bd8b9a16bc2ae238262369c4618dd0c8ead996d92534285cc2499d24af0c60f,CLEAR,"DARKNESS, LIGHTED ROAD",DRY,UNDER THE INFLUENCE OF ALCOHOL/DRUGS (USE WHEN ARREST IS EFFECTED),2.0,32.833333333333336,6.0,6.0
0a685343b59df6483e311efada4d22d7be368f6202206bb7fd1b2ffeb4480a78304bb923a7779890444c425bdaa6ea8765491905cad463476ba83b7223ca4fc6,CLEAR,"DARKNESS, LIGHTED ROAD",UNKNOWN,FOLLOWING TOO CLOSELY,2.0,54.0,2.0,2.0
0a687b257ba75ddf0d8ece4809651e0209f7aedf8c2fbb6785dfa94df7aac90678186b0fc646858cf87fc92482705331a1e07184cfe9cb739c178e24a1054e64,CLEAR,DAYLIGHT,DRY,FOLLOWING TOO CLOSELY,2.0,25.0,2.0,2.0
0a6888d6ec1dd2c6a774a4b7c8ad05eb65fab3ce6a12a8f3713587997b673f03d4788cc29c8f620cf36aadfa8ba37509ff709d23cda058bce1a2d6404b7c96ea,CLEAR,DARKNESS,DRY,FAILING TO YIELD RIGHT-OF-WAY,2.0,38.666666666666664,3.0,3.0
0a6889a244ab58a0da329692f813fda0010bc00d70ffdc198d7e676472364c37caa45686175b1fba868a74923a394a4caa8ac9867a642e92542b74b3bb231eec,CLEAR,"DARKNESS, LIGHTED ROAD",DRY,FOLLOWING TOO CLOSELY,2.0,49.25,5.0,5.0
0a688f97a81b612afb841cffad22347af28ac6fc140bfc5c17e82bbaef18f4d854b041e6b335e328c4cb36f83e9b469b1725160929d91b2bff6ee367f4440b8c,CLEAR,DAYLIGHT,DRY,IMPROPER OVERTAKING/PASSING,2.0,41.5,2.0,2.0
0a68a7daadc71c5841716a1001765a11a9fc2904c118f8f0d989994fd50cf662840406d9a6d4f215c4dbd461c6249798468df0b15da1a222cae125e375dfcdfd,CLOUDY/OVERCAST,DAYLIGHT,DRY,IMPROPER BACKING,2.0,43.5,4.0,4.0
0a68c0b2050173d9a8503f3e9311ce8d7ceed0d784365be1e7e075f013eaf3f00fc44eead784dbfd75a3c82f3303dc171be9dc595070d9947dee264e5df63f18,CLEAR,DAYLIGHT,DRY,FAILING TO YIELD RIGHT-OF-WAY,1.0,24.5,6.0,6.0
0a6936e9543fc904ad4b8ce4a8a7ff674474f7052f115836744b97be45233d36dfb3b1ce5b27138bc5c97685421b7b5d8f464750b5f4515ec53bf8dcda5831a3,CLEAR,DUSK,DRY,IMPROPER TURNING/NO SIGNAL,2.0,32.333333333333336,3.0,3.0
0a693b3c498d352f3b8ef720f5436df8b56b644a69df71caebae4d678f15a01dcccc788b44e20aeaa3a504f1017edfa88f2ab25501b251f45f83372b478ab6d1,CLEAR,DAYLIGHT,DRY,"OPERATING VEHICLE IN ERRATIC, RECKLESS, CARELESS, NEGLIGENT OR AGGRESSIVE MANNER",2.0,32.0,2.0,2.0