crash_record_id,weather_condition,lighting_condition,roadway_surface_cond,prim_contributory_cause,total_vehicles,avg_driver_age,total_people,total_injured
0a6941e29377b41ad20e58521f0de29f5a896d8eba8717f77e08f02208b1a8455cf941bb3e11210c9d77d8117d9dbd985d28a8835e3522abcee62a412588f45b,RAIN,DAYLIGHT,WET,IMPROPER OVERTAKING/PASSING,2.0,24.0,2.0,2.0
0a696b628191d68cf34e46944d3c950c91eb78a7e9c8b81fd9a22900b7916efd52a764190d57ba64e48a3211c6d187696d3c55ae202f12c561ac781b4cc2ee08,CLEAR,DAYLIGHT,DRY,IMPROPER OVERTAKING/PASSING,2.0,42.5,2.0,2.0
0a69755ca30f4249fd0f31512280355d65cf7f463ada2019e1b1100c105f439fe7683b7d9f6efffe69f4b349e97f09885d87e285ae124157fb202a2ca60beca4,CLEAR,DAYLIGHT,DRY,IMPROPER OVERTAKING/PASSING,2.0,36.5,2.0,2.0
0a697a1fa8307fee518ebfd2ac62e2eb8aa194914e28d37033ab0185e610a8be9f09d25566555c960330edd4aafdcc9f6fa4d647a1177fafe63ab22150cc3f25,CLEAR,DAYLIGHT,DRY,FOLLOWING TOO CLOSELY,2.0,54.0,2.0,2.0
0a698d6d4b9dcb488adb05777710409ddadca239f7f846888ecc6245005215febd5eee7cb85515010466e292e79e4be472603e1ec204325a51cece5583b3edf9,CLEAR,DAYLIGHT,DRY,IMPROPER BACKING,2.0,52.0,2.0,2.0
0a69c8ddc2e94536e88b6cf4567eab23ab9050a2e651068acc7d016c0a14b3e16467cce151b7326d91c213807291a9dbde00e5e29c441f3b83239de454dd9637,CLEAR,"DARKNESS, LIGHTED ROAD",DRY,FAILING TO REDUCE SPEED TO AVOID CRASH,2.0,34.25,4.0,4.0
0a6a073dba80b5bb8d4d19c1021c9d8adf631b10819bd3a63e7413fd10baa16de109df1f41b0fcf43438b4093395d1e51b95abf1c8c7400177fe87cda5c6bf4b,UNKNOWN,UNKNOWN,UNKNOWN,IMPROPER BACKING,2.0,47.0,2.0,2.0
0a6a27f004d7119b5adb92c7837e5596f64940a24f09bf306463fe3e97134f5f3e870305258917ed155863c00622ed0880e095a4bd663e63c4cfb4d02e8b6d97,CLEAR,DAYLIGHT,DRY,FAILING TO YIELD RIGHT-OF-WAY,2.0,60.0,2.0,2.0
0a6a4604742e9cc324bcea78fa6d64c12355ffe26bc8ecb9d2af3ce17634677cd48bef3b8efef0b1825886901bbfce355304ef60a11e8fc9a65da0e363a4d448,CLEAR,DAYLIGHT,DRY,IMPROPER TURNING/NO SIGNAL,2.0,47.333333333333336,3.0,3.0
0a6a6d18e22f7f7a7138ecaa27155555da07ca4742a92b5085eba676f270e90d54aabb9b9a0a1a0e6dc286df333bb7004534b7b7e07c66c6519ca936758332fe,CLEAR,DAYLIGHT,DRY,FAILING TO REDUCE SPEED TO AVOID CRASH,2.0,49.666666666666664,3.0,3.0
0a6a76a1bdd2d334060e12aa7e7073fcf5715bb25dc8ff26204e9d97e292dc9fcc86bb08cde255c3a83ee6041e1e0e706713a0bc0282871bde22ccf99588994a,CLEAR,DUSK,DRY,FAILING TO YIELD RIGHT-OF-WAY,2.0,39.5,2.0,2.0
0a6a84791fc2567bd7302bed34dc58a4c9f34597007e883cce3dbf176cb2fe6f5bea868b568549ef472baefbfb6bfdc783caa617daacc76c49cebf69ca930f9c,SNOW,DAYLIGHT,WET,FAILING TO REDUCE SPEED TO AVOID CRASH,2.0,51.0,2.0,2.0
0a6acb890a8dc143eccf222171b0fffbb4dcc40772e199a7b57f6cb8becc6fc7347ae37f6aea7eb69ca5a60be183a9a3d9f8ea99cdb9914be30c17c3d79127f5,CLEAR,DAYLIGHT,DRY,FAILING TO YIELD RIGHT-OF-WAY,2.0,37.5,2.0,2.0
0a6b10c8e4d8e4e32bf17ab79cb05d84d3e9b0c485d74690ca78bd13cdfdd16d2ab55431eab9242240e0f9f9ed801d5b767e6ce92610b776c09320e335a899d0,CLEAR,DAYLIGHT,DRY,FAILING TO YIELD RIGHT-OF-WAY,2.0,27.333333333333332,3.0,3.0
0a6b111b909205872349a861b469d5e47d2eecb96012f0c89aeae7da552309f9e43c744aa170683c19062472407c2b9a31b3758932066d9991911443512a2584,CLEAR,DAYLIGHT,UNKNOWN,FAILING TO YIELD RIGHT-OF-WAY,2.0,17.0,2.0,2.0
0a6b2e2e285353c4c51594581bdcddf788408a17fc315721caf9a833af94d41f977e09076a0955a1c99121618937c2fc3b2f23424bc2cbef77114c23f9ecae26,CLEAR,DAYLIGHT,DRY,IMPROPER LANE USAGE,2.0,60.0,2.0,2.0
0a6b3bd32d4d874b7b2b7f81fba1c071dc675f3ac58a14e3be1aaabf7d236475c19e68c4289f740f7944147a167bab6b4b1e5c9b95128bedd747dbbd7b12b3ef,SNOW,"DARKNESS, LIGHTED ROAD",SNOW OR SLUSH,IMPROPER BACKING,2.0,37.0,2.0,2.0
0a6b3c2f5875474e276d09d3d36638c23a8e524529eae38bb0d408e02a1e52d5c532c771aa3fde5af930ca80e0cba62766fb2bfb821550206453439b0d76d923,RAIN,DAYLIGHT,WET,FAILING TO YIELD RIGHT-OF-WAY,2.0,43.0,2.0,2.0
0a6b4f325ae2eca2e8294dcc03c15a0373d60ec9b60f4083da2d90bb08af82b61222fceb9c4ae826bec4c8670f6e1f11053744dbad058da9d6d6051d0e2e2c18,CLEAR,DAYLIGHT,DRY,DISTRACTION - FROM INSIDE VEHICLE,2.0,34.333333333333336,4.0,4.0
0a6b5578e8e8af5b902d365d60e6e3bbc4e0f8367d1b7af8b5d73530640d511ecdad3ce4871ffd6c935198c8284072d8f40b06bda09a596482973d4d571b4c96,CLEAR,DAYLIGHT,DRY,FAILING TO YIELD RIGHT-OF-WAY,2.0,32.0,2.0,2.0
0a6b563040cb81c8bd9f4e5bd9f48950f5b41acd59dbe11438ccc30ff8633b737dcdea17f6275307c0041f6d7738cebe821a1f665288d197cb2ef4bbb2ea0dbd,CLEAR,DAYLIGHT,DRY,IMPROPER LANE USAGE,2.0,61.0,2.0,2.0
0a6b592e7f5ca2bb7a8febc47752fb729aaa4a58e0f650fbedd248bdb8fed9bfbb79cb01e505228814cff28143af43cfc0965a9f5dfd5d3407778fdaf5a4b801,CLEAR,"DARKNESS, LIGHTED ROAD",DRY,DRIVING SKILLS/KNOWLEDGE/EXPERIENCE,2.0,26.5,2.0,2.0
0a6b614e8825b9dfe2d7830e7e28db44e8be410fd4362aaab091a44f1a3539a9a7987d59876c8cc7c975ebf283a1add8fe616490e5942171b6c22f070b61c854,CLEAR,DAYLIGHT,DRY,PHYSICAL CONDITION OF DRIVER,2.0,34.0,9.0,9.0
0a6b8be321c16428bfe42355228f450713ea4ced829ce212de745d0c0c8c4345dd1679bb41fa91ceb1c4ec5fbc3b442b9289120f064dcd2b1f9ff6698ae123de,CLEAR,"DARKNESS, LIGHTED ROAD",DRY,EQUIPMENT - VEHICLE CONDITION,3.0,45.0,3.0,3.0
0a6b8d6280b1652f3f6e053159ac6fc7e08f0873609c70771f4c59d0c0659c27088c5f766279a7fd23e3d2be6959fce990c6955399016931f2f686be88cda164,CLEAR,DAYLIGHT,DRY,IMPROPER BACKING,2.0,44.0,2.0,2.0
0a6b9f7815155b79e054162777aca3f2d469353294cc6a94714c0621e8cccb4e2416ce258f933515080eb631ae63de9a031f1d85166983b1f8de2527df18c2d4,SNOW,DUSK,WET,IMPROPER TURNING/NO SIGNAL,2.0,24.8,5.0,5.0
0a6baf080b631fa7ff42dd9337d7ed1202cd04cb1490618b83c7ac732ae225fd5f2236b7242a11f94c91a5dc8f8be01a571b55ffc3e281fba8ae4e730f0651d4,CLEAR,DAYLIGHT,DRY,IMPROPER OVERTAKING/PASSING,2.0,63.0,3.0,3.0
0a6bc326c51743690aefdd01f12adb11d42fc6dbd518c350954ab5815d3013724323631f0e55820c8bd053a538ca7e903b19b21e22837534962afde0e0b43f54,CLEAR,"DARKNESS, LIGHTED ROAD",DRY,FAILING TO REDUCE SPEED TO AVOID CRASH,5.0,37.5,1.0,1.0
0a6bcee6892db49c6efbb45b7d4b1d891e9993209278f5e0f9477c5b46510e65ae6325accda1f4ac6420691eee99ee3f723731107d0047b127b26612db83d841,SNOW,DARKNESS,WET,FOLLOWING TOO CLOSELY,2.0,53.0,3.0,3.0
0a6becd14ea5d7d3398bf82f60e993a96bca28c57ad1b675b1f13531d7fe99506dd762f66ca1781f5136adc2152b6514e094c730db45cb82f8266a3d0f600476,CLEAR,DAYLIGHT,UNKNOWN,FAILING TO REDUCE SPEED TO AVOID CRASH,2.0,41.0,2.0,2.0
0a6c02b90f67392b1fdc3687cb181723fe774c82d4bd9b6bd3c8567200f907f7db4859a20c0ab71eb2429b13744163c379ec8ff5d610d3eb38f39fb395aea7ef,CLEAR,DAYLIGHT,DRY,FAILING TO YIELD RIGHT-OF-WAY,2.0,37.0,2.0,2.0
0a6c0c3cab1e0fc55a154658c60f957493a48dacdf7ca2c5462820e046c0693d798a7b2868ac64d6a65a3e2d837942e46051201e3edfe9753152e427fd7c860f,CLEAR,DAYLIGHT,DRY,EQUIPMENT - VEHICLE CONDITION,2.0,26.0,1.0,1.0
0a6c24715c0112133e1b11cb314a087524e5ef10ab0e1d8362ddcbdddd66b806b37b71b2daf23504bafb8344dba3fda1c6a528f85233a357e9bda062d594e33a,CLEAR,DAYLIGHT,DRY,IMPROPER LANE USAGE,2.0,55.5,2.0,2.0
0a6c42ee2fcb30ecd190a988c261f488f802301892909221526371b046448941ea544088d539361e8d162dbf395cac11b0cffdd45f90fa744fde414cc577ac9c,CLEAR,DAYLIGHT,WET,FAILING TO YIELD RIGHT-OF-WAY,2.0,41.0,2.0,2.0
0a6c44c979800ec9079e27f3aa281389b96facf2ad2a5bc8775e065c6402f70ac7ac3bfcbeffa5a256cb2bc32160b0b504e075cc9b3041bd1b597a00ec246c77,RAIN,DARKNESS,WET,IMPROPER BACKING,2.0,44.0,2.0,2.0
0a6c5205a0a1bd54d6b1c65ae45bea31821897f3e4d43f1c0cd9feee26be0ed0ed505a697fbf6ed490d2d12258a6dd957852d937cd3ce0db3de20c02fe8f7bdf,SNOW,"DARKNESS, LIGHTED ROAD",SNOW OR SLUSH,WEATHER,2.0,28.0,1.0,1.0
0a6c609906c0935038369da35f34e3716a392c7779e09a29a2ed4c2b2a3cbc5d047b87359242808794cdc5676360e30516bdb51c6b5b572864598ebc35f14092,CLEAR,DAYLIGHT,ICE,WEATHER,2.0,54.5,2.0,2.0
0a6c67ab7e1c3582036f9bb666229682958ba7dd285396f173456a36898569c7c0f8c8eca6f90974278943ae35a467253f7452f669ae73295fea17746c7907e5,CLEAR,DAYLIGHT,DRY,FAILING TO YIELD RIGHT-OF-WAY,2.0,40.5,2.0,2.0
0a6c7c235d69318945f7fbb97bdc43e4d2d69ce197c000b6ec2edf14d5671e4a8b9baabd41af3aedec32e5d3a165d649267125df17c2957cb7fc8d3036e6b01d,CLEAR,DAYLIGHT,DRY,FOLLOWING TOO CLOSELY,2.0,37.5,1.0,1.0
0a6cad29de8748ef1224c60421e1d94ad211d32882284ea6ee94b2c4e47e1fd0173a036725980019c293830921e7abd6576890bdb20790475759167a4e32d3cf,CLEAR,DAYLIGHT,DRY,IMPROPER BACKING,2.0,39.0,2.0,2.0
0a6cccab88838a951e492f76c59f1cf85431b7193c2699a01fd8d6f598e18535a9d005dff15197dec5a825a051c416056a97db7050da595643a93fa07abfea67,CLEAR,DAYLIGHT,DRY,IMPROPER OVERTAKING/PASSING,2.0,37.0,3.0,3.0
0a6cdeaceb90717077dfbd2d46da08b5f4668f0ef4f51567950310ef76f59cde0d756eb2508f05cc0d79d12a3781884275917085c8b301a3de053f6d52d19c70,CLEAR,DAYLIGHT,DRY,FAILING TO YIELD RIGHT-OF-WAY,2.0,60.5,2.0,2.0
0a6ce9a316dddd9bfe18d1d3198a352b13ec92286ac030f4b0a3bce840df97abbe88c1c505eb3daa109d3ded47fa5a08506380a71570444fdc8cb5d637431d44,CLEAR,"DARKNESS, LIGHTED ROAD",DRY,FAILING TO REDUCE SPEED TO AVOID CRASH,2.0,36.0,2.0,2.0
0a6cf56c13560c6330ee25437de044f00acf7b2c8407fc3ef1268f650c44478d5f68927df48e0e1f714dc7ecae0ac9a9f7aa9644238c4c97592dc8efa545ccf1,CLOUDY/OVERCAST,DAYLIGHT,WET,DISREGARDING STOP SIGN,1.0,30.0,2.0,2.0
0a6d070c694173489f2d4b45c9a3e64ca9b7937a871d67ef821d9ad25992b11441795867d72fb5adc2efe0f6f94bf6924f50e5158ed559969197834b8dadd322,CLEAR,DAYLIGHT,DRY,IMPROPER LANE USAGE,2.0,48.5,2.0,2.0
0a6d0d10c252a5ad2f661840ed5480f3b103f69fa6f107221f0e19f24f5e092b358ae581dee929221ed2c3849badff5243e6165816fd83397960926328e86e8b,CLEAR,DAYLIGHT,DRY,FOLLOWING TOO CLOSELY,2.0,42.0,2.0,2.0
0a6d4fbbe0aeaaba5e356a40837ca324beef1d31eb35c3625cf69b0497e00346961bd27496540044062e8198896cf0e161a623930c46df91de2947b5a54a0441,CLEAR,DAYLIGHT,DRY,IMPROPER BACKING,2.0,30.0,2.0,2.0
0a6d5a5d2e06ce1a414aba2fd81707a8176e5444e48bf0c61f97ee7038a6acd11c4cdf2d4c445cff0f91eb4247b05b13f97431756b0c81fd96349aa4933f1da7,RAIN,DAYLIGHT,WET,IMPROPER OVERTAKING/PASSING,2.0,23.0,2.0,2.0
0a6d67771f278e86c71ab7d39ca12a68b461a23f59ae48279c05ee40c8e8741be1fe58f7b41d5c9a544aa87f1db89e867934fbeb4533b953a113513b06fa897e,CLEAR,DAYLIGHT,DRY,IMPROPER TURNING/NO SIGNAL,2.0,47.0,2.0,2.0
0a6d6c7920fc231ebaea8da7861741fcbdfc710afa308608918f3079c1679487edf2f06702a2a5e9286bfb6f8d2610bf2afe59847b41474bbb7ef9a6e6d503dc,CLEAR,DAYLIGHT,DRY,DISREGARDING TRAFFIC SIGNALS,2.0,42.666666666666664,3.0,3.0
0a6d783942d60b47119623fabbf08cca95969caf9e372dd186dd7f9360cb83e9d9a84f04c0dc8de15b69a6beba1e681b278cc4caed9f52e6676790c80a224a12,CLEAR,"DARKNESS, LIGHTED ROAD",DRY,FAILING TO YIELD RIGHT-OF-WAY,2.0,50.5,3.0,3.0
0a6d7cf7d7bda38359b6a58b4dedd61a111499307d7b06a96152546a542e14029a37cdad835c48588d10ea8d02f68f8ec9e893898c462e0792510f6cd5932a3a,CLEAR,"DARKNESS, LIGHTED ROAD",DRY,IMPROPER OVERTAKING/PASSING,2.0,31.0,3.0,3.0
0a6d860ca16240b0ff08a4df7e93a462305881cc704d23381ab9d63ca3f8c36986ef479e4b879e2080185ac6b72a6f7b99b1aa212d38ecd33b75ab4c52034de5,CLEAR,DAYLIGHT,DRY,DRIVING SKILLS/KNOWLEDGE/EXPERIENCE,2.0,42.5,2.0,2.0
0a6d994413b685443ce2406d7967f01c58f69bdbf38b673a984f62838328a88aeb131cf8f19a300143bc1b2da2704f69aa0acf02840422545ac3b7b753bae8bc,CLEAR,DARKNESS,DRY,IMPROPER TURNING/NO SIGNAL,3.0,40.0,2.0,2.0
0a6da419e0737a29f13ccb42c50840f7ff005e704c65170b2c51e5ae102149cf0a03c9d9f22106332043de83d6578a14292a5f118e76e23181007733a49a9a0d,CLEAR,DAYLIGHT,DRY,IMPROPER LANE USAGE,2.0,51.0,2.0,2.0
0a6e0649b2a8b74a50719bbd17e7f6ea402b001056f8c1d2b42c88b50d3dd835621f149e4009749a42d553195315107abe86f1f79c17398a89e025a2ed4d5549,RAIN,"DARKNESS, LIGHTED ROAD",WET,FOLLOWING TOO CLOSELY,2.0,36.0,3.0,3.0
0a6e1188b9710bf832e077dfc267828616973a44ef959235edb769aa29f35325b21fd154e97e49a8c678100cacb4bc547b539018e98453d1311d4912f1b6cb1a,CLEAR,"DARKNESS, LIGHTED ROAD",DRY,IMPROPER LANE USAGE,2.0,23.333333333333332,5.0,5.0
0a6e24d1f27a8248eff02788b4e1712e9d1c8d31094b21da3ce14fec14a9a0e85760e76e2687e239b70ad8bcfced9db34a5fd56139b75766fe3262a5381d3fb5,CLEAR,DAYLIGHT,DRY,IMPROPER BACKING,2.0,36.0,2.0,2.0
0a6e3d7d9d38598fde0af0bfc8f3d582a747a4fb37c3c6aba8958ff4edadbae51b078c0641b5a820e3d3842594ff4ef98a100741c02aa41898f0893097d8864e,CLEAR,DAYLIGHT,DRY,FAILING TO REDUCE SPEED TO AVOID CRASH,3.0,35.0,7.0,7.0
0a6e85d9da507d13c909899b58e3e49bc76114777d0503caf7402b5d6ae72689b43c351525def3dd874ad44fb918760127bb41834f409170cc375da5f3b67cfe,SNOW,DAYLIGHT,WET,IMPROPER BACKING,2.0,58.0,2.0,2.0
0a6e8a25fc33d913679ddfcf034d5920efb54d22895be648f411fef4f70f995efc3c803632ae4542f5288dd16d1777d0b2c10375d52af53c215153ce83f1de8d,RAIN,"DARKNESS, LIGHTED ROAD",WET,IMPROPER BACKING,2.0,37.5,2.0,2.0
0a6ee0f78bfa018ba6f446993c9c23e7c38f4d8dbec95f795ec02a4adaff122a1744ea9a2e23e62382280200d6b0b6c401524b5b71a835d5b21264b21e08efc6,CLEAR,DAYLIGHT,DRY,FAILING TO YIELD RIGHT-OF-WAY,1.0,48.0,2.0,2.0
0a6ef00cbe36744cb7ddf5a16749a5c5ac6c2949559ee8a97a3cfdac2422303849f8d39a9e9a2b3ee3f5b93183b5d0d8eb6e9c1465a3d02be901ef64fbeb8ae6,CLEAR,"DARKNESS, LIGHTED ROAD",DRY,UNDER THE INFLUENCE OF ALCOHOL/DRUGS (USE WHEN ARREST IS EFFECTED),2.0,45.25,4.0,4.0
0a6f02b45a74827b28eb142ae621f0a7d64979eb9db9064e74d7ed5159710598f83e706bd01eef2e31d031d7a154164fb0b8bb41ef49e8bab7ac382951abb53b,SNOW,DAYLIGHT,WET,WEATHER,2.0,39.0,2.0,2.0
0a6f28570316a8573739cb5ca311285598949db9e20dac9b378a6724b5e3650392bc3ebcc597e8e81a609c784b3ea11418114994a287821eba0cad1d467b1d9e,CLEAR,DAYLIGHT,DRY,FAILING TO YIELD RIGHT-OF-WAY,2.0,31.0,5.0,5.0
0a6f3d0c8c41b3e6cf854d5ed5bc2223534e82557fa947128921e792be4b76a773d969c2aa26b95f43009c46c7b489d661775bb46c6cccfef3ab8fa8f923c947,CLEAR,DAYLIGHT,DRY,IMPROPER OVERTAKING/PASSING,2.0,37.5,1.0,1.0
0a6f4faf31c87eb1c62b265f27a1fb2b32a1813a564f16b3f5e6642db99d4873ae0971a5a7f85a35e97c45e5a487c8297d60d54328767c93034ddd6e8ddf60db,RAIN,DAYLIGHT,WET,DRIVING ON WRONG SIDE/WRONG WAY,2.0,49.0,2.0,2.0
0a6f52e08ab97f1a8d8239abb36c9559e21c56e5b2d48adabc75e75d99943fbf2e17a148adcfd57737026fa83d1f67154c2a32056e63f2014d5bec5beb5cc2fc,CLEAR,DAYLIGHT,DRY,FOLLOWING TOO CLOSELY,2.0,27.666666666666668,4.0,4.0
0a6f63866e18bff8e38c1648d23e1858f57a7a39e2742590b8e2201e43692358675d4eb5139556233023332f3a5d04b9a94c82f78a469a99cb0201f65254a677,CLEAR,DAYLIGHT,DRY,FOLLOWING TOO CLOSELY,2.0,67.0,2.0,2.0
0a6f718ec604f6d63c34a3e8aaa35ec8976b5147eab9a607654efa324f8a7e94824ed8a85511a9f126d0b7061f62f41ab0348d8fe6096dce01ddbbb06fdb1d6b,CLEAR,DAYLIGHT,UNKNOWN,IMPROPER TURNING/NO SIGNAL,2.0,46.0,2.0,2.0
0a6f80c7feda2601d0df286899590e7905570952dfe69cd26e110c30afc5691d65d4e91edea23ba6384b26921eefe4859dca7519743a9fde2403923cdc5ea31b,CLEAR,DAYLIGHT,DRY,FOLLOWING TOO CLOSELY,2.0,21.0,3.0,3.0
0a6fc157621a7a3d17a30dbece3e269ba8428fd64f245292ae0a2c3731f0d513a8707990431dfa60b9a31b711b74be451d81124407d49cb91d90b150fca857ff,CLEAR,"DARKNESS, LIGHTED ROAD",DRY,DISREGARDING STOP SIGN,2.0,41.5,2.0,2.0
0a6fdd34685bbe88c0204b16c02f662119e6edd58b2d889c30a151f19aa00acf732ef51e5d5ed833eed6d3f55b091c72ee78dca03968a8034931150e308184be,CLEAR,DAYLIGHT,DRY,DISREGARDING TRAFFIC SIGNALS,2.0,28.0,2.0,2.0
0a6feb6fde8d5b1a126ca53a116c13c48ef8f35a49e792160c8f332248f5f330b68e971942fab16fc3462fef8ca2fa7bf6a584c84636c9f8a3896a96d3f30d6a,CLEAR,"DARKNESS, LIGHTED ROAD",DRY,FAILING TO REDUCE SPEED TO AVOID CRASH,2.0,47.5,3.0,3.0
0a6ffa2994ffded2cd2ddb019c8a6082455bbc5e25281fcc130dae5b7602acf0ed290f2db8936611a9cc81ab1e4e6e8314069b3a1e90e92f572e63998d45e3b3,CLEAR,DAYLIGHT,DRY,FAILING TO YIELD RIGHT-OF-WAY,2.0,49.0,2.0,2.0
0a7002e89ac758b351eb28739c8098ede8aa80ffc81998a91a90dad1d466dfc6bbe1d991fde376db263e2c27d1055ec055b0f9ca5b57224bea487968984296f4,CLEAR,DAYLIGHT,DRY,FAILING TO YIELD RIGHT-OF-WAY,2.0,43.0,2.0,2.0
0a7045763aea5d0683d88daf65791717cd2bc3f2fc7e1e2db58bc4ab5336838773695482ece5dd21b925ce80c4b2c90729edf2c37b6984b3e3d0a04059614c50,CLEAR,"DARKNESS, LIGHTED ROAD",DRY,FAILING TO YIELD RIGHT-OF-WAY,1.0,48.0,2.0,2.0
0a7069307144cdac5ded8f26d6e9e306cea00c5650e23cbf5e7ef7f73fd34a13a5fedbae680e86e2db1b7a5ef7ca174a3e665ae1e94218f0384e15929915bdad,CLEAR,"DARKNESS, LIGHTED ROAD",DRY,FAILING TO YIELD RIGHT-OF-WAY,2.0,35.0,4.0,4.0
0a7092a6e0d3bd9447e851de771430c816762d1acabd95173ba5da1405ae2172f0adb5833ea959bf24d6ecf30b497f87108eadeb08f056b2e5b660216ba3c730,CLEAR,"DARKNESS, LIGHTED ROAD",WET,FAILING TO REDUCE SPEED TO AVOID CRASH,1.0,23.5,2.0,2.0
0a70a97d8e484823b50cebd10434b34e8cc4cfe6c6303b80df1cd5e6106eee214c8c5eabe9e1920842dcde55c24afdd5e8edebb3ab7576359cee69e385b8ff08,CLEAR,"DARKNESS, LIGHTED ROAD",DRY,DRIVING SKILLS/KNOWLEDGE/EXPERIENCE,2.0,43.0,2.0,2.0
0a70e82d0fa7937d0ba1620457bec7a23b7ca6eca9ffbd86d35660ea40acd0896e3f09610151022d85d87c2ce88a7ae93e1308f0c183be73e8bebf0ae862f50a,CLOUDY/OVERCAST,DAYLIGHT,DRY,FOLLOWING TOO CLOSELY,2.0,25.0,2.0,2.0
0a7149695d5dad3e7769183631a89144c1b5a8f9a3eaa557c745a6f15f93298c06afd70273a36a5aaf9f6bc57ffd642972f9a57df29b8cf4ebfeb51097292a44,CLEAR,DAYLIGHT,DRY,IMPROPER OVERTAKING/PASSING,2.0,46.5,2.0,2.0
0a71590312968ecf281cc92de167570bbc9d72cc69691e77667461f7b36292fe3fb4eda34de87012b53f59a4a0bd02e66416ba9fda2f43b17d66d7c3cf252226,CLEAR,"DARKNESS, LIGHTED ROAD",DRY,IMPROPER LANE USAGE,2.0,30.0,2.0,2.0
0a718a4bc14403f4be9c74e9eb1a192886c335ed11621f177cee7913b7b91538e89fed117f58cc41522a6a3ccf8548adbf2847377ea356ba0eac13ff8c5cc709,CLEAR,DAYLIGHT,DRY,IMPROPER LANE USAGE,2.0,57.0,2.0,2.0
0a71a9d423169475b8e275d2f42f8ffc012f1ffe3d46e51b47b9fdaa1e37b759beb5a5db0d9bc291f551634ebf670d4506abdc593a615a7b357bf208608bd333,RAIN,"DARKNESS, LIGHTED ROAD",WET,FOLLOWING TOO CLOSELY,2.0,37.0,2.0,2.0
0a71c6252f8d9915e1adec8412df131b08f1d991dd5156a9a08b9a9595c649a3736160a21ba053c6ec927f865621c009e41efa6abe9fd1b3cb68b242e8c747da,CLEAR,DAYLIGHT,UNKNOWN,IMPROPER OVERTAKING/PASSING,2.0,67.0,2.0,2.0
0a71ddeccae93fced8479c8266cbc35f78108da14c5b5a2e54ab8079a819118692af8aa4e05375bfbeea3ba958bbd9abe5cb45c49c6f623f063d8972602e7f38,CLEAR,DAYLIGHT,DRY,DRIVING ON WRONG SIDE/WRONG WAY,2.0,37.5,3.0,3.0
0a71ea112615c94c253d4b5352ea295fe2254027b2b730bf2e592ba9c3bd3abd0a81b8909941a40993e4ff4f27738312d224d669c53c4b68c7efcf7f633503f3,CLEAR,DAYLIGHT,DRY,FAILING TO REDUCE SPEED TO AVOID CRASH,2.0,58.5,2.0,2.0
0a71f6572745bc44cd2be2ddf0ce3d67fee028bb12c192ae79f53eab1ead6b1062ce1011a78182b7826a6e40cb3971eb1918708b49d3e1c0773becf594ac3034,CLEAR,DAYLIGHT,WET,FOLLOWING TOO CLOSELY,2.0,57.333333333333336,3.0,3.0
0a72943b9b3d0337aa2518d598b5105e7329d684accc8ff4eba19fda2424f1d43627e314b5bf8d124c3997a713078639c05340ddae754d5792c512d5fd9e2f17,CLEAR,"DARKNESS, LIGHTED ROAD",DRY,PHYSICAL CONDITION OF DRIVER,3.0,26.0,1.0,1.0
0a72a3c1697344d691685a828550afeea5bd3b20fa8c26c4b36cb5123a4f35ed80744340f655c3da349b289c739930299b7e8d0fefb199ca925dc2a4d723344a,CLEAR,DAYLIGHT,DRY,FAILING TO YIELD RIGHT-OF-WAY,2.0,39.5,2.0,2.0
0a72af355df1340d8603e65aa6e4ff60b6249e2a2fd3f8b8fd0c7ffc1289627b6d26787ead1f706476ad1e05740fb8a24aacad0bd73ad96570921e5de53acc52,CLEAR,DAYLIGHT,DRY,FAILING TO YIELD RIGHT-OF-WAY,1.0,75.0,3.0,3.0
0a72b3248b7d2355df5e30d3a9ac0decb963f49c6db26ee6589d1b07fb9a7a0c6c5d5ffdd004650a5486438d2abb9435eb3948a7f7536b758b3cf103a14c5a7a,CLEAR,DAYLIGHT,DRY,IMPROPER BACKING,1.0,56.0,1.0,1.0
0a72b4ebc17dbdd32c760e32370e8f71bbecc03ce1aaadc519660c0d04b192e04304e11d2a5d0b632be9c69d78f6a8d8d4369ba43aa8ae4b52ae88b71184b8b9,CLEAR,"DARKNESS, LIGHTED ROAD",DRY,DISREGARDING YIELD SIGN,1.0,26.0,1.0,1.0
0a7318a904674e9d0361c6c49345847227f146af176214584df8f04293cac79f2d8ef7267b52b87d04664c2b323c29bc4343265e00142f79e10d5661a21fcf6c,CLEAR,"DARKNESS, LIGHTED ROAD",DRY,FOLLOWING TOO CLOSELY,2.0,38.0,2.0,2.0
0a731e5a8148a82ef3a3b4ec03462a4c161d71563c23a8cb660f6970e5d7e68a19d283d3d1ca8b1863b0b1aeeef4e128993fb0ae4f2c91882c50de2f989f3db7,CLEAR,"DARKNESS, LIGHTED ROAD",DRY,UNDER THE INFLUENCE OF ALCOHOL/DRUGS (USE WHEN ARREST IS EFFECTED),2.0,58.0,2.0,2.0
0a73740ad0a6faf5a135d2798d178021b9a2e1004e3e165041b4a6325bb719777e5d98ca96285400c67d419719d23552a3678bee219164078e436b44ef438f0a,CLEAR,DAYLIGHT,DRY,IMPROPER OVERTAKING/PASSING,2.0,57.0,2.0,2.0