crash_record_id,weather_condition,lighting_condition,roadway_surface_cond,prim_contributory_cause,total_vehicles,avg_driver_age,total_people,total_injured
0a737949d3c96ce52546083ff82d53892138faa7464d3171c7573b6ef29ca2d075fc40fb208079644fc0388ed1189da600f3cf97d436c2bf7c2934d20fc685e7,CLEAR,DAYLIGHT,DRY,DISREGARDING STOP SIGN,2.0,40.5,3.0,3.0
0a737e447c283565b8fd3359a6c06ba4fcaebcc0ebeaf3c1a3356b1512ea35de7b9ac87c7cbc98eb8b86d0a98e0293acb2f34ee625791d47e609c3b6a49519e6,CLEAR,"DARKNESS, LIGHTED ROAD",DRY,DRIVING SKILLS/KNOWLEDGE/EXPERIENCE,2.0,24.0,6.0,6.0
0a73c386b4d785095bae14faea493f1e64fe44cb9170c6eb71bec4fed10c296acbb2304466f70cc84c271dbdef0aacddd675ee037189c5110bf9345eb1e7cd20,CLEAR,DAYLIGHT,DRY,DRIVING SKILLS/KNOWLEDGE/EXPERIENCE,2.0,48.0,2.0,2.0
0a73e80fe89a844ae87181b30a178afb9a018b9a915b1af7c7f8cab30374075a34d74c6f215b41d8c61f54b77a3ac2b8bd74c6a55ba2a2a1b113778b0d226126,CLEAR,DAYLIGHT,DRY,FAILING TO YIELD RIGHT-OF-WAY,2.0,71.33333333333333,3.0,3.0
0a73f1b384042f2456112a1859ec5a1c6652f19e4c1ecdc6252d5e5e48d341a34da053dcd2f7c227b039e62ace76f30da2d4441f1cd6f05511f6ca8e245b3403,CLEAR,DAYLIGHT,DRY,FOLLOWING TOO CLOSELY,2.0,40.0,2.0,2.0
0a73f8f500e2396acc68020d2ae8abc9b738c72e375b6f99be7e840d1ef250674578bd3a9a20db80762c919d0ef310fd1dc9150c10066fda6e3a32caf37472c1,CLEAR,"DARKNESS, LIGHTED ROAD",DRY,FOLLOWING TOO CLOSELY,2.0,24.0,2.0,2.0
0a73f97ee26ac04b5e40f56e2c92b21e3a2b98e3901eee09d1b34522f578a0de05ff5e99458b3f126fb7041fb21655c707504651483b8d3707eaaadd626131fe,CLEAR,DAYLIGHT,DRY,DRIVING ON WRONG SIDE/WRONG WAY,1.0,33.5,4.0,4.0
0a742298d787a5e886a37c0a56eff21b31420997883805f326850e69c9d27d24617a0a6dc1fd27c8bb1d1b78235ff558116e891fdfdadd472b2bd9d976c1f3c2,RAIN,DARKNESS,WET,FAILING TO YIELD RIGHT-OF-WAY,1.0,63.0,2.0,2.0
0a747f548da8521f7fbc65dbf2a4bd983b33489dca45acefe1e8731ef7c9ddeff21b4f6f738270f05780661d6a37f57e1542d1cd24bf543877216a6cf0b62fd0,CLEAR,DAWN,DRY,FAILING TO YIELD RIGHT-OF-WAY,2.0,22.5,4.0,4.0
0a74b3dfe1984ae59775b268ae3edb8a8e98c2ec6179698ed9cbb685e357bacd4dbee448c72961529712adb917540d41a369084074145b1c5cbe2e0fe790d9e9,CLEAR,DAYLIGHT,DRY,FOLLOWING TOO CLOSELY,2.0,38.5,2.0,2.0
0a74c6bf7c2da3c680452d954c6bb4a6cc4ff3c03492b26ded7c3d3e3301520eb332ca7cd82ad26893de87268e497fe93309961da9db5997fae21fba3ddefedf,CLEAR,DAYLIGHT,DRY,FAILING TO YIELD RIGHT-OF-WAY,2.0,30.5,2.0,2.0
0a74c8bd83951b287794c85d844695109fcb286f95b74cc646e10b6c495dd64b03f3c52db7fca52f65bf5075338f0d61ffb0ff7b4331d210c8fdca2567d8b144,CLEAR,"DARKNESS, LIGHTED ROAD",DRY,FAILING TO YIELD RIGHT-OF-WAY,2.0,28.0,2.0,2.0
0a74ccceb64a815c0466e832a2c4418dfb5f33f8219ea13e51cda2d5ab6f0089e187eeb53a96851946bd146272a468fc02b366b0af317c3638251821017fe188,RAIN,DAYLIGHT,WET,FAILING TO YIELD RIGHT-OF-WAY,1.0,44.0,2.0,2.0
0a74d93ce2be4c06d88b4e25c74cd549d2d92a35a7b1b23336f95e926bc48de76b52e9be8728dd0d21bb1f46e27cf711e98b005492a3400ca70f7eac745859b9,CLEAR,DAYLIGHT,DRY,IMPROPER TURNING/NO SIGNAL,2.0,33.0,2.0,2.0
0a74e440cbc52b8339551d337525717153013cd797e397cfe721d967ad6d7bf6fdf4f53b4ac470665e5de12336d0461672d15d8484ab9e26932c7a9f25c2d818,CLEAR,"DARKNESS, LIGHTED ROAD",DRY,IMPROPER LANE USAGE,2.0,37.5,1.0,1.0
0a74f233b6b89674a49f5221320f63c751ae6fc9afe75cfa58e48dd864543db68679df41b3ad94d8bf6fa4b990bfd5686d3568015f3d72ee76388bfa7f010a72,CLEAR,"DARKNESS, LIGHTED ROAD",DRY,CELL PHONE USE OTHER THAN TEXTING,2.0,28.0,3.0,3.0
0a74f7b4dcb49e43a9f8d1edb5fa05e267b90df88bd80181e35653e6d531a912b12f1bb69c07290967a426df275806fd3881a89a6378c10308d2bf29041a9a48,CLEAR,"DARKNESS, LIGHTED ROAD",DRY,IMPROPER OVERTAKING/PASSING,2.0,29.0,2.0,2.0
0a74ff5c983dc8c1f6533e7a91b5817872ecda4d57a814fc0bd274d4569af85f426ff3d702b21d8dad4bf979b192055e18b8a455655958c5abb1662f6567623a,CLEAR,DAYLIGHT,DRY,PHYSICAL CONDITION OF DRIVER,2.0,81.0,1.0,1.0
0a7507b4ebcb1eafb38fcce43c101516185e79ca16ffe6818e563e66dbcc98447cb5679b520a01f30702e2c1e6c5f8a9419fc06882352ca8a0c0c4cfc0f7bdd2,RAIN,"DARKNESS, LIGHTED ROAD",WET,EXCEEDING SAFE SPEED FOR CONDITIONS,1.0,57.0,1.0,1.0
0a750f1c5b98418e41f410c9a4f9434551456e0646a22f77f19c16aded82fdaf0fd49ac3531421f2e4a16b6a48fc47d4ad36e7c57c205d4fb273e509fbbae632,CLEAR,"DARKNESS, LIGHTED ROAD",DRY,DISTRACTION - FROM OUTSIDE VEHICLE,2.0,46.0,2.0,2.0
0a752f33c1ebdebed6cf51ebdde5874bc7b7cd3192974be43e8dc939ea43665dd027ecd2e254e2d6d7647d3d32c409e06bdb23fc9c5167350c509498d887904e,CLEAR,DARKNESS,UNKNOWN,IMPROPER OVERTAKING/PASSING,2.0,42.0,2.0,2.0
0a7544fb5208ef93552db735aedbe6684859c3caee965a371454b007c99dcf975dfe7f5f4150cbf4f033f22c6410b721387fb3e746672404e65f644326b3f7c3,CLEAR,DAYLIGHT,DRY,FOLLOWING TOO CLOSELY,2.0,37.5,1.0,1.0
0a7546b8418f7a0d2cf81921112dbdfa6ef28b088d1bfba36142950ac210e7829452d7a324a772df1c749d8cd1c3bba306eeaa9aeae1e25007cff480b7368013,CLEAR,DAYLIGHT,DRY,EQUIPMENT - VEHICLE CONDITION,2.0,39.5,2.0,2.0
0a7556596af37afc2ae697046cf4ea0536fa748aab9f543871ec74b7f57479ab449aa712bf277a7f5d6f8e17c359bd308fa0cffbd7029e7e7bfd8e246e70318f,CLEAR,"DARKNESS, LIGHTED ROAD",DRY,FAILING TO REDUCE SPEED TO AVOID CRASH,3.0,47.0,3.0,3.0
0a75860f92b9691523131e02226898630e5a87b71b279134cd999c98cb92392e4bc8936264e25b532c3a5d71e88e4c76052d250c4d1e54e36001dbc5171a43b4,CLEAR,DAYLIGHT,DRY,EQUIPMENT - VEHICLE CONDITION,2.0,26.571428571428573,7.0,7.0
0a75a5b9462a28253dc27e4e9409278a1eecd69b9ff3b0f0f860172a6cc7428b291d9d659a251afe2a6d9865991b141b118055b2455360a778310be21811a611,CLEAR,"DARKNESS, LIGHTED ROAD",UNKNOWN,CELL PHONE USE OTHER THAN TEXTING,3.0,23.0,3.0,3.0
0a75db18286eebdeff6500582245e6b360c555501041819ac8c0dc73de302cf1488962159db97d2d6389449c37ee56c4b3adfa8d8dabc763323e274f669c0d22,RAIN,"DARKNESS, LIGHTED ROAD",WET,FAILING TO YIELD RIGHT-OF-WAY,2.0,36.5,3.0,3.0
0a75ef42aa09f9fa4e627c271b66e13bae13fa8ea0379196d203fcffc8699096384b5441f37ff00ca95059c08f3bd69b184e08a3a7d3d76b7d28172308c81673,RAIN,DAYLIGHT,WET,FOLLOWING TOO CLOSELY,2.0,39.0,2.0,2.0
0a760efeff5afff78878eb9f7e6e8c4e3c68ce3fe55933a5098e65c5b17b35de4474b0be6ae2cf8a881e7618eea075716bb703e98141eaa2d9c874cbbb542820,CLEAR,DAYLIGHT,DRY,FAILING TO REDUCE SPEED TO AVOID CRASH,2.0,50.0,2.0,2.0
0a7614fbb903d6a5cd6e7d5e336fc1712956a5598227934d805070bf04a66fda8dfb86c34adba8d1cfd781ff1b91cd88a93eea757d19416920110859d0e875e1,RAIN,DAYLIGHT,WET,IMPROPER LANE USAGE,2.0,28.5,3.0,3.0
0a763ec5fea512285a2be1e4803d6a6b402f42bde9ed71c1f752ba6d3441dd3f9e7a5af3236c88cc81f63a447b8703d58d03eb3c3d61cdc77c29739744d10d0a,CLEAR,DAYLIGHT,DRY,IMPROPER BACKING,2.0,39.5,2.0,2.0
0a7646d5394ff31ff51f27931e96b98abc7f3318f22e7ab75106f0abc12b6f95c37a75ec1ebf7f2ea7dade543d14647b114223e1b85c06acd03ed42b18e1c73a,CLEAR,"DARKNESS, LIGHTED ROAD",DRY,IMPROPER LANE USAGE,1.0,18.0,2.0,2.0
0a7675df9295427a67e1ef111e41d3616d71f2b3a8edf56f8802171e3105623731d8c2048833ed98d2627452cbfc240ecfed1504057f5670cb22d9127e393f85,CLEAR,"DARKNESS, LIGHTED ROAD",WET,FAILING TO YIELD RIGHT-OF-WAY,1.0,33.0,2.0,2.0
0a767f8e82c3e7a2a9ef588baf93ac2e52ebaf6f1529380321adcd63e29e33654712524c379ac2c155b8f929bb66630dc950dc9fb7716df2f20c6b5925c2a7d5,RAIN,"DARKNESS, LIGHTED ROAD",WET,DRIVING SKILLS/KNOWLEDGE/EXPERIENCE,1.0,42.0,2.0,2.0
0a7694b40d3f4deb2f930f9537b8ade10f1d3ba1a922f67fbfa3021a26ab8fc0463128a0e2b2c233a215573ed45f4e61a2d9d26afc7bae75731caba98e4ff7b1,CLEAR,DAYLIGHT,DRY,FAILING TO REDUCE SPEED TO AVOID CRASH,2.0,21.0,2.0,2.0
0a76cbfe45b8022e6f7139a92fc69d9aae29b1e4ba2049c3e360b44a884e1d0321dc3ac60324898099aaa79873755a1fe1e829c60835bb97b5c881da49399dc1,CLEAR,DAYLIGHT,DRY,IMPROPER OVERTAKING/PASSING,2.0,34.5,2.0,2.0
0a76d1fb2349238c34b21d9e4f52b479eaffa33694acbab915afc02af0db732df0442197a2487faa086db1ba59f82824a599739f8567f93276f220c8f8c15d50,CLEAR,DAYLIGHT,DRY,FOLLOWING TOO CLOSELY,2.0,42.0,2.0,2.0
0a76e6ec37aa913dd229d56859e2950fe2e6c872b2612c4f3d72d97345a6b8180a44b427063624cf9c372c50e1346062578b6a4e97580a00a0a539a7be69528f,CLEAR,DAYLIGHT,DRY,IMPROPER BACKING,2.0,34.75,4.0,4.0
0a76e7062f5289b5cd8772e1aa01bd95308263cd2cbfc5f9fcf372f0a48e1020d03c54258d9dd14944da2a87b10423175bb7ed9ef4049a9a2439b99d763fe1e0,CLEAR,DAYLIGHT,DRY,FOLLOWING TOO CLOSELY,2.0,30.0,2.0,2.0
0a7732504581f9066cc550ee8d455e5aa88353ff3985ae5574ecc1f900cdd1d349bb68b66d0bcd6f345d1620596c09f399823ba03cf151db3e43c18db1e6209c,CLEAR,"DARKNESS, LIGHTED ROAD",DRY,IMPROPER TURNING/NO SIGNAL,1.0,20.0,2.0,2.0
0a775d2b0680a42ac6b1c31c94590e3d9e60abe0800e2ab55e935f6434f72a4aea4ed04c9966169b87e7d38d8dec1109a43b13942a8d06a25ff4af3159985598,CLEAR,"DARKNESS, LIGHTED ROAD",DRY,FOLLOWING TOO CLOSELY,2.0,36.0,3.0,3.0
0a7784ab0a23ebb72377bdbf5f5e90946f46907994339aaacc24ed36f4cfcb755b75841acfe9927e99c364e3e24de60cb68ad258b8be5b31c72b5b58fe6848e8,CLEAR,DAYLIGHT,DRY,FAILING TO YIELD RIGHT-OF-WAY,2.0,18.5,4.0,4.0
0a7787c9d97223e4c94219dcbdb22ecb4778dcb0b47bc2e223063db21e21ac1835903812196d3777b4dc8b4b609bb5fb0fc355067b33fef5ca17e20df9d84ecc,CLEAR,DAYLIGHT,DRY,DISREGARDING OTHER TRAFFIC SIGNS,2.0,30.0,4.0,4.0
0a77a12acfb3e07bc19eb37a53a696dc6b697802655c394090a4915c9cc67c12eb839065b332348a1d33014cfc9578faeedfa0d07036d82dae16ab7939c7dc54,CLOUDY/OVERCAST,DAYLIGHT,DRY,IMPROPER OVERTAKING/PASSING,1.0,21.5,2.0,2.0
0a77af466f0474c313076fd7c4257714314a0c07b3ee0e807f7741d334a0958c04f404c930790a9678b8df8d49c368f1372adcdd3dc63f3bfacc87beaa7bd967,CLEAR,DARKNESS,DRY,FAILING TO YIELD RIGHT-OF-WAY,2.0,31.666666666666668,3.0,3.0
0a77f50c571fabed64ee09fa9e0a519b4322573dac7c86145096e4c736c2f29d55c747627c1285001b703cbea0d653504d51d17c0e1202385dcf1be377fba0d7,CLEAR,DAYLIGHT,DRY,FOLLOWING TOO CLOSELY,2.0,51.5,2.0,2.0
0a782cc8b5da6eb160b6f3d77cd49f8d3c5c7b88a74321274bc6a809fce610379118e5f317a1f6b9942db48e8a1d9f99abf1258816e9c7d7572fc75e655b323a,CLEAR,DAYLIGHT,DRY,DRIVING ON WRONG SIDE/WRONG WAY,2.0,37.5,1.0,1.0
0a78518a46a3761bbb7e5e66dd96d76ce2ef750b9820ebd0b920ab1a46686ebca7ce93b5461b5ee6370ab9357f991c91985fc6ea797069d6ae55b532460dbef1,CLEAR,DAYLIGHT,DRY,DRIVING SKILLS/KNOWLEDGE/EXPERIENCE,2.0,31.285714285714285,7.0,7.0
0a7885bc8607f2dfca7ea45f839198678691e2fc2488ae63d42b81900d54be664b4358380da9fce9690a67e60f85d344b776f77a195183979c3811886c46d0e8,CLEAR,"DARKNESS, LIGHTED ROAD",DRY,FAILING TO YIELD RIGHT-OF-WAY,2.0,17.0,2.0,2.0
0a78c5889d5d19598635ebd4d2580ac7941d2342d4694f91ddae8abf76527dd0b9e11558e36ccd65814a55ce476d125a22e3927677f12b35f3af6ba7a1b68bc6,CLEAR,"DARKNESS, LIGHTED ROAD",DRY,DISREGARDING STOP SIGN,2.0,31.5,2.0,2.0
0a78e3c71258669c5c4b713b2f8030337c7f61a699134e5d2f95039b37a5470ffd4b6a42205c268e4d7c27a8d89b4abef0de315b92f26f14ad72c3c5cc4d0cdc,CLEAR,DAYLIGHT,DRY,IMPROPER OVERTAKING/PASSING,2.0,25.5,2.0,2.0
0a7907173d492463d4f5e85d992a281bd66bd8b166bdcae651d7aecaa85f02f1c510e3c46183bc06f72d53701045f6fcd36bd09c789c09896f2cb3dfae18ea30,CLEAR,"DARKNESS, LIGHTED ROAD",DRY,DISREGARDING STOP SIGN,2.0,35.666666666666664,3.0,3.0
0a7917f8e7b045973ec2830ed7c3e8484b4725e6f883099ee8905b6d93839fe0ee2728f4f037e6ae57c022dde88b58b1ba35826c897efba8e4b26598d94e8c86,CLEAR,"DARKNESS, LIGHTED ROAD",DRY,IMPROPER BACKING,2.0,31.0,2.0,2.0
0a791910e65b2c64da04ce4182a4b30cc6a8d86aac3b14075d27c487044f681cbfcabfebfa6bdaa544aed0fb483187fdc420b68c75f5c29b96f9d7358461535c,CLEAR,"DARKNESS, LIGHTED ROAD",DRY,DISREGARDING TRAFFIC SIGNALS,2.0,19.0,2.0,2.0
0a791fb3b4a99cb4528dea1a680909e491b80ee61e2b73e7d74d79e6b94731e250b4f8a3cd8e826a077607725a665ff20f53cdd1af747ba182412724b969eba6,CLEAR,DAYLIGHT,DRY,FAILING TO REDUCE SPEED TO AVOID CRASH,2.0,45.0,2.0,2.0
0a791fd1f080d53abb19981e82d83d020a39a08534975d7f29c298b3a20ab359eb0c1303d9847ff209b34b3a0ae7e0ddb1c530e8f0aec41a42003fcf50cb784c,CLEAR,"DARKNESS, LIGHTED ROAD",DRY,FAILING TO REDUCE SPEED TO AVOID CRASH,1.0,32.0,1.0,1.0
0a7936c7cbdbfc716e23ac8b1908cdfa3fc92ab9578199848cd7de907f027cc0353ac52b772a0d4b1975e7c6b76ba5a4f3e39d7f215d170a383af53dd0cdc768,CLEAR,DAYLIGHT,DRY,FOLLOWING TOO CLOSELY,2.0,35.0,2.0,2.0
0a7944b14ab010cbdbe886a71547f980c49b60c9e824f693404f1cf84542ac5de81fbd4f8457806a0d4e43da7becfb447e0a67810d51a8803066cab364904000,RAIN,DAYLIGHT,WET,FAILING TO YIELD RIGHT-OF-WAY,2.0,53.5,2.0,2.0
0a79515f1709a2196a0e5295a90abbd149c9c3163626c3d408c8372717ebceb3ac044ff9b3631ca8467d259ab33d1e5cd5723eb05ae0936e8667b5d474ab9df6,RAIN,"DARKNESS, LIGHTED ROAD",WET,DRIVING SKILLS/KNOWLEDGE/EXPERIENCE,2.0,20.0,4.0,4.0
0a795317e3e1b662955e802e6968f72fa6700bd5dea84a6f45eb1ea7774bb0ff40e81929851d2acf2de80fc36f70e7d1dc5d439049f4c1bdd9e2bd5b245dcd53,CLEAR,DAYLIGHT,DRY,IMPROPER OVERTAKING/PASSING,2.0,22.0,2.0,2.0
0a795e2048c6da67bb02fca49be6c389a3f69f7403831f4958ec5deb50c4accfa717f10ce6d85663d1a66eafbb3880592f9eeac3aa89ade245b400003970f060,CLEAR,DAYLIGHT,DRY,FAILING TO YIELD RIGHT-OF-WAY,2.0,20.0,3.0,3.0
0a79731690bc84ab7915e8ea67cb174c259a10695dd7eb91c1964bbab46bdcd690a335681249a29725759a87f46a3e4753c5e94860a015fe16c93b34720c84e8,CLEAR,DAYLIGHT,DRY,FOLLOWING TOO CLOSELY,2.0,37.0,2.0,2.0
0a7974b9ead72fa88f1f97bc82dade8356128e629ae3942e43d971600b36fbf7bf6454e83ffbc02288b6bd8edd44da0c24239aeeb32e9630f7f011c9238d16d3,CLEAR,DAYLIGHT,DRY,EQUIPMENT - VEHICLE CONDITION,2.0,79.0,1.0,1.0
0a797683755d8148a046a6de9dd1787518db75c740d78a23b2f68f6b7ea322e27af4333d5876dad353f1f754f1a99192569b808c95fd3ef42d9e66ab5d977b39,SNOW,DAYLIGHT,SNOW OR SLUSH,IMPROPER BACKING,2.0,41.5,2.0,2.0
0a79b0d2cd341bcfe5e356bc7cb9f483c721ae8e96467c0ade613b848929aadda00cb64d5885ea48960350f4b8c7f12e1299c8078cbea03d91616d0b5cce20e1,CLOUDY/OVERCAST,DAYLIGHT,DRY,IMPROPER OVERTAKING/PASSING,2.0,26.0,6.0,6.0
0a79f1884c112b994f01b233206629b0cf8d3c687f108451c285a9b455fb4181d4b049fcae2aa013fdd7797bbb804614cc6d11adad641b667896056967f3c7db,RAIN,DAYLIGHT,WET,FAILING TO YIELD RIGHT-OF-WAY,2.0,36.0,2.0,2.0
0a7a04d20aa076bf30e1701302823575406c4f8f9b7a2a17361cf6025c0312c357820f6ccb20f16a603f8bcb76d77328228b33a8174f1cadc3e3c50e22957a23,CLEAR,"DARKNESS, LIGHTED ROAD",WET,FAILING TO YIELD RIGHT-OF-WAY,3.0,46.5,4.0,4.0
0a7a6d8e944a8c5c349a2b4ce2208c8753e74740bdb48de9063d1ca3a9a615c73634dff7e7622c9a32cae7793ee89016f09db64e609513b81c53479877ef9364,CLEAR,DAYLIGHT,DRY,FAILING TO REDUCE SPEED TO AVOID CRASH,2.0,48.0,2.0,2.0
0a7a8e3a24500c83a5e8cb90d68e733c6023a6e6eaf2c21bc50e1eacdafaf37b11601c4c5a4c084766cc5f5fac0f24df80097f637bbb95e5bcfabaec2fbf7769,RAIN,DAYLIGHT,WET,FAILING TO YIELD RIGHT-OF-WAY,1.0,35.0,2.0,2.0
0a7a90c99e475106744ce9715a0894eaf9d11e442ffd97121361a8e4cf7dbd22c0c930708bc80db6e57f9798cfa1b8783bbbd2f1b98057c74ae4ff3a40c3ba75,CLEAR,DAYLIGHT,DRY,FOLLOWING TOO CLOSELY,2.0,46.0,2.0,2.0
0a7aa35a050ae5494f16ef4351ab497d95d1e8541e10f491769c223845df86f68bd8d253f22a1ab11aa5f5e43992939d2c7d3c35a2d7a633ae509346149eeed5,CLEAR,DAYLIGHT,DRY,FOLLOWING TOO CLOSELY,2.0,46.5,2.0,2.0
0a7ad658336b952223e986d7a70e9faf360e77712c270fc3d668ea8e3f0ff1a79167bc6d8a662c2479d44b94d3eb4982bcb248036500e38ae1f0eccb2fc61f7a,CLEAR,DAYLIGHT,DRY,IMPROPER BACKING,2.0,37.5,1.0,1.0
0a7b263a34a79aa9592cc35587d3972c94897b68fe82439c3d473d7a703e723b955eda7fce09831c588a8a4c179fceb225dbe18b99a159935d1f8ea7c3923d18,CLEAR,DAYLIGHT,DRY,IMPROPER BACKING,2.0,50.0,2.0,2.0
0a7b3c57a48b08007073259f2ba83aad818b7a2354e904d3df1a685d586a34f59d8362f65162a6adb435a1cd673fc78193ba705e9c43b24e300bc77c1df60c89,RAIN,"DARKNESS, LIGHTED ROAD",WET,FOLLOWING TOO CLOSELY,3.0,46.75,4.0,4.0
0a7b3d348b6f36582d6030bad829910653130b5016a20ff8fa8568a00bf12fc694609028d25b0cb93e6d37e9cea7b934ee1fcc02bbb112e4789de65140586821,CLEAR,DAYLIGHT,DRY,DRIVING ON WRONG SIDE/WRONG WAY,2.0,40.0,3.0,3.0
0a7b4b5795235447e40424ee1667b8501239995312bbbabd15eead05dea3c1fa9b5ea682b318bd48e408bf3a7e56df6348ccd5db46b40bcdfbfe07a52b07f497,CLEAR,DAYLIGHT,DRY,FAILING TO YIELD RIGHT-OF-WAY,1.0,21.0,2.0,2.0
0a7b4ff2628b929b8b3c7e0a99953a7610346f0ded52687ee454efd5cac696b2ba38a18b6dfd329c95da8be11c8a1119db9e1a0327d24ddfe05a34cce38fbd68,CLEAR,DAYLIGHT,DRY,IMPROPER TURNING/NO SIGNAL,2.0,33.666666666666664,3.0,3.0
0a7b7c0e7ac9077711a42bbca6bc385429df7ee022609eee0e9110ac843f77076596206e0b40a9e66c72b90a9a314bdd55d74f7d9f9f75ef837d59d96f8cbcbe,CLEAR,DAYLIGHT,DRY,IMPROPER LANE USAGE,2.0,40.0,2.0,2.0
0a7b8100702bc0fae7d66d36a3e0aca16c12f4f86a67a3dd1bc1ffe84ee042ccff0e484a8c814221a7a94a344ab2033074fcc361ac3fc0a44e09d76412ab273b,UNKNOWN,DARKNESS,UNKNOWN,FOLLOWING TOO CLOSELY,2.0,42.5,2.0,2.0
0a7ba883c46a0b4e5d88d46e2527ec2b3c5684cebc4bf2cb2fb13888c2c9349cf1991abb0c12f88f23ad24ca0d6fb360ad944aefcb3b8afabace6fda1dd8e40b,CLEAR,"DARKNESS, LIGHTED ROAD",DRY,DISREGARDING TRAFFIC SIGNALS,2.0,37.0,5.0,5.0
0a7bc84c53206736ecea40d6103a4197bc378f1af8eafbb6cb988c1c2c0c0de9b8c82cb52be9a976202e8a9796fca546788514f28cd2ff87f6c37fa791c325d9,RAIN,DUSK,WET,FOLLOWING TOO CLOSELY,2.0,38.5,2.0,2.0
0a7c4073ce55872d3312ab9eeb3168285a6d4a5b32706bc1e7ba8649094457fa91d4f6921bbe6170f1e5c60355dd7db05ac2b8fdb040c3fb98b0a8d2ce8924b6,CLEAR,DAYLIGHT,DRY,FOLLOWING TOO CLOSELY,2.0,72.0,2.0,2.0
0a7c6798be122f67d3fd0e3c889f71be50baa16d319886723da695735fd6554568e97dab5adc5eb9bec5ca933bd2b0f6dc16e857ce6116ba7f3713cb4978dfec,CLEAR,DARKNESS,DRY,DISREGARDING STOP SIGN,2.0,74.0,2.0,2.0
0a7c8d5662c827d8fe89820571cdc87437fe82af91a98947b966c1b761a5929236efaad099ba8401c80c4e2b9816b514fa58f850a28ff7d8ab51e9129b0601d2,CLEAR,DAYLIGHT,DRY,EQUIPMENT - VEHICLE CONDITION,2.0,33.333333333333336,3.0,3.0
0a7cc1276254e4419bbf68c3ebfdd14c7d3700c36970dc3bbd9f25bf344ce64bb2a932a48f41937aa0d350e6aa2d8abf2f7600db5f2cf22a7ce7d4827b5e2b33,SNOW,"DARKNESS, LIGHTED ROAD",SNOW OR SLUSH,WEATHER,1.0,74.0,1.0,1.0
0a7cdb997c5e1a5005d33b232d719f007263fa543acf22c920f709fb9ca07a9ce8986d0e5b147a1f3560283d73c2e329fd5d1eaf0eb3a39399ecd1608276418d,RAIN,DAYLIGHT,WET,FAILING TO YIELD RIGHT-OF-WAY,2.0,49.333333333333336,3.0,3.0
0a7d3ece921938dccd31c1ab6886637d5178317b47348942d0033a0fd3fd843a303c386db4c71cc10a54b428d3bda19ff98d03a70e4bd911df3edff918b75f9f,CLEAR,"DARKNESS, LIGHTED ROAD",DRY,IMPROPER TURNING/NO SIGNAL,2.0,30.5,2.0,2.0
0a7d4de23d69e8aa35de4bfdbbbcb9eecf69f487b3b71cc0c70118649a2573b139a8e79b2da7c5c8ccdd0da84de88b6963ac34392fc9ac929f36679debe6ff18,CLEAR,DAYLIGHT,DRY,FAILING TO YIELD RIGHT-OF-WAY,2.0,63.0,2.0,2.0
0a7d53c6796056262e0410029e8fbea363812a2baebc0325011ef36e0320b1b95c3d7b40d748cfe1c7915ce466a86a97f731e432cbba074b6d9e2a2847666be6,RAIN,DAYLIGHT,WET,FAILING TO REDUCE SPEED TO AVOID CRASH,2.0,51.5,2.0,2.0
0a7d769c94e7060858cd438e24dce16ef79e918351f5ee3907d820787bb2227b9a20fcb32c3677c28ad8e8be66f1bc8bce5fb37bc09c5f1bd125a0903405a2a6,CLEAR,DAYLIGHT,DRY,IMPROPER LANE USAGE,2.0,39.5,2.0,2.0
0a7d851c3b060981d61b37aa839494212a9829d6ae6b0c4ee1e26a7ce6b09c0d90e5364c4a3a3fda03af1735ab9d35f04cd93297991fbc6e8c215700dd721f66,CLEAR,DAYLIGHT,DRY,FOLLOWING TOO CLOSELY,2.0,34.5,2.0,2.0
0a7d9c044d8de3fffab575048a35d90ab6061600bdf3f6059b1d74fc098f47177090795bb3aed77cb8e9e40a3aae900e2896ec9fbc0056202bb5a42e2b7a9fe2,RAIN,"DARKNESS, LIGHTED ROAD",WET,FOLLOWING TOO CLOSELY,2.0,28.0,2.0,2.0
0a7d9f78015fab7d18c2436d7cb3dfa209d8e5254a609d64fee201085a6f5239f19a2e0c1369520ed2d49217849cd63d917cffa5634e5f62ab9b249f57e87053,CLEAR,DAYLIGHT,DRY,FAILING TO YIELD RIGHT-OF-WAY,2.0,43.5,2.0,2.0
0a7dc5b76e23e8d5f3552397c015d76758dc5c04d301caf8e40d2b8c76e8e96d0fa9c63e115d847ffaf54c715b154df0632bbea5a65a9f9f188f1866851e3f6e,CLEAR,DAYLIGHT,DRY,FOLLOWING TOO CLOSELY,2.0,36.666666666666664,3.0,3.0
0a7de634cb28a628626570739cc36918e5e7ef6bcd1a97f395dec1f584d7261ab596436c3796a528e85d895542cc485087e265c662249574f518bb98536354f9,CLEAR,DAYLIGHT,DRY,IMPROPER BACKING,2.0,68.0,2.0,2.0
0a7de8038d31f9830260787c4c6de731398d5048a0ba3197d625c7295e7b352118165324c00f7ebce19a8a8a238a8d41327e6c8033717ab5bcd7aa7e1ff57d55,CLEAR,DAYLIGHT,DRY,FOLLOWING TOO CLOSELY,2.0,29.0,2.0,2.0
0a7deffea24e29e1aeeb13c6cd365d17d0d44f400a9ad9052bbab030a6797151145d534c2cd9e5f7042ef05213961c9486a4f49595f09ef141d8e613adfb8c02,CLOUDY/OVERCAST,DAYLIGHT,WET,FAILING TO YIELD RIGHT-OF-WAY,2.0,20.0,3.0,3.0