crash_record_id,weather_condition,lighting_condition,roadway_surface_cond,prim_contributory_cause,total_vehicles,avg_driver_age,total_people,total_injured
0a7df363cdc4babafe7bcbf7ffa7af4ea89f5104bcd52942f32dae2716b28e9d5bdd136e486cc2acf3f2fd9fdfeadae21b9e40fe00c37ee1f1359982d04c2c67,SNOW,"DARKNESS, LIGHTED ROAD",SNOW OR SLUSH,WEATHER,1.0,27.0,2.0,2.0
0a7df594e97b80697a965bd1b7da49c2b8d3faed88aab4a5cd4e1cdb581c264513715f8c9ca4da62feb894b3c59270ef8e4106c31ca0eaa7087e9a283f1c8f54,UNKNOWN,UNKNOWN,UNKNOWN,FAILING TO REDUCE SPEED TO AVOID CRASH,2.0,26.0,2.0,2.0
0a7e2d30097b323a619b6ec3bebf5662a1764a7a5dc33ec394e09c89336ccb6da7e334d9e852a31e967dc50f3d1fb934f0db91dce52519f9fc2ae56af64013f7,CLEAR,DAYLIGHT,UNKNOWN,FAILING TO YIELD RIGHT-OF-WAY,2.0,45.666666666666664,3.0,3.0
0a7e3718df0db616e3e31568766b95dfe116e2e96f74ce3142c7333c8b96d20b039942e4fa02cb01257d723fc980eb467e5840516fcee01f0990bfbb4be55c77,CLEAR,DAYLIGHT,DRY,FOLLOWING TOO CLOSELY,1.0,18.0,1.0,1.0
0a7e799415da626d228eedefbe79e3b20e15d3ab08bd4571707042c75fa7da4185d11f33e77e1be7fcd1b76d31b95cdb59d1e5f217ebba3379b02c62bdcdef2f,RAIN,DAYLIGHT,WET,DISREGARDING TRAFFIC SIGNALS,2.0,25.0,4.0,4.0
0a7e843c9dec5a4091ea8289c0da3a31011cd9f681c36d94686d69483c865aa0f541c42db2b8d6f3009c9f7f7fab2d4ee8029107391f47de25adfdd5174a7a83,CLEAR,"DARKNESS, LIGHTED ROAD",DRY,"OPERATING VEHICLE IN ERRATIC, RECKLESS, CARELESS, NEGLIGENT OR AGGRESSIVE MANNER",4.0,37.5,2.0,2.0
0a7e847f1a2150e28760b7860112792118b1ad913971c1fe4523be4f14e83e05b0b2b65ff7cf118e3a2024a73958bc0fd564e508944f1d5b0b10cfdea5092c48,CLEAR,DAYLIGHT,DRY,FAILING TO REDUCE SPEED TO AVOID CRASH,2.0,52.5,2.0,2.0
0a7e95ca55cda48be502d12fdb5fc9ac5801aec8f667080cb7e6eaf0cdb485b1b9f8a03f6a1d90d2c12c29d9522919e8f52869396cc1c679f6eddedf21874fde,CLEAR,DAYLIGHT,UNKNOWN,DRIVING SKILLS/KNOWLEDGE/EXPERIENCE,2.0,54.0,1.0,1.0
0a7efbd1f97f40ee761a50fe82e75254f73fd86e27c4d8b5bb47a7baef640e648ae5c0a8093e75f3ef7d2c18ce246ce7985538055099e19263c71c8828da58a3,CLEAR,DAYLIGHT,DRY,FAILING TO YIELD RIGHT-OF-WAY,2.0,44.5,4.0,4.0
0a7f0b572869b593da63a60535a430a6433033904fd314c874b5cc87937e85a949b22457f7f13e2e36034ebd2ec52fd548c0eeb42d5da3e25eee6d8e6ec9e9ab,CLEAR,DAYLIGHT,DRY,DRIVING ON WRONG SIDE/WRONG WAY,2.0,17.0,1.0,1.0
0a7f2af9b8873b2b4cf96c725c5fb280c89008a2ddd70250a7c6e1aea802edb4ed90aa1c196c50ea0387bb58565550d298d8169d4d3d12e1b01c6090619e9073,CLEAR,DAYLIGHT,DRY,IMPROPER BACKING,2.0,32.5,2.0,2.0
0a7f360db2c3b7e4a3134ecca0ffb9f205841c35237a85a74385af1ac2c25a258ffca9733f31e65dc226175a9587f975e8f65f3c1887c307f67c651cee63e16c,CLEAR,DAYLIGHT,DRY,FOLLOWING TOO CLOSELY,2.0,24.0,2.0,2.0
0a7f4770a445309402745a37b76ded92237ead7b786abdc1b988a2967e8e8a7c196ffa044257b82b58af329928228818f62a32f702ab0ffb92d47d2021b732f7,BLOWING SNOW,DARKNESS,SNOW OR SLUSH,FOLLOWING TOO CLOSELY,2.0,44.5,2.0,2.0
0a7f861c6f5458bd7febe09757edeec3077ceb5df6556b14062318f62b6c48b76ff70e49aaf777ee1cd5b0a1802092c7f031d0c316ab49240444970aefe6d505,CLEAR,DAYLIGHT,DRY,DRIVING ON WRONG SIDE/WRONG WAY,2.0,37.5,1.0,1.0
0a7fa5e13459394a3989d8f5d773bc0dc026a51f91d083ea2934acfaff4505c6f31edc2d0d60473df47203cd46f6df1a23585edd72bb9298f0fbc40e6cc111f0,CLEAR,DAYLIGHT,DRY,FAILING TO YIELD RIGHT-OF-WAY,2.0,25.0,2.0,2.0
0a8040d3e827ac335bd453c5c1bfe5f6f39fd11e0d6a0b1fd37ecacfe516b29a8519f8e0eac6cc24b300e83ec2752cbe1d798255465b50e83584e6266f98847a,CLEAR,DAYLIGHT,DRY,IMPROPER BACKING,2.0,37.5,1.0,1.0
0a8059de03fab2e239ae283552737f49302b831c5d1eccf2dd16693075c351f20648b50ac78d2ae64ce6869037461a0ca17e94f0ae57e32ee88d0ea234d6ac28,CLEAR,DAYLIGHT,DRY,PHYSICAL CONDITION OF DRIVER,4.0,49.5,4.0,4.0
0a8076b42620032fab40645c110ac7b1a8dd78ed3570fae53ed0688b300a437e03f87efd4b53aa970bff0e68942b77fdcc17482f3f7499e47b0ed2bdc50038a6,CLEAR,DAYLIGHT,DRY,IMPROPER OVERTAKING/PASSING,2.0,31.5,3.0,3.0
0a809a66798871409dd82b85ea500acca371a1e9462e1ea3f5e0be337b8b45de1e460366f02de5507f04276dafa144aa1eca2d14fd67722f45d4c8f8ee8810dc,CLEAR,DAYLIGHT,DRY,IMPROPER OVERTAKING/PASSING,2.0,32.0,1.0,1.0
0a80ea7f1258bc42b48e33ed2668dfc917a7ab9390d1a6e6ff1b7f4ed6e9d180181321f0396fa675f769b049fb076f0dab84e751308b824ef80689a25c9b8a01,RAIN,DAWN,WET,FAILING TO YIELD RIGHT-OF-WAY,2.0,39.5,2.0,2.0
0a810b65c483ba5823f1e82868c3e9c29945bc8a1dc679c59c23318ed9b158845348452de2f3ace472c508f5657d26e5139329598cc84304d5c83e55d751c010,CLEAR,DAYLIGHT,DRY,IMPROPER OVERTAKING/PASSING,2.0,51.5,2.0,2.0
0a813e78a071f6fbd8141dd7b3f12fe1faa55362bc835e0433ac1a2fae45a84222d8d4b7efb46205f3bc67ed5f974147d9c9c3942b575227236938a9f4f4c479,CLEAR,DAYLIGHT,DRY,FAILING TO REDUCE SPEED TO AVOID CRASH,2.0,48.0,2.0,2.0
0a8143b00d8b6e388f507efc1f0ffc8da6fe2d45d3729a5b017ff6efd1a3c018552f58d9e242ca73ab6dbd2aab3bb9310a0e2a17c942d0e3061226ed80db73fb,CLEAR,DAYLIGHT,DRY,FOLLOWING TOO CLOSELY,2.0,42.0,2.0,2.0
0a8158792ed47ebf6d96846909d8bc7b8fbec87381f955076e9e9ca67bf1b8e885ab8f686e948d184c58b7d44e1c759541a1d1e98e4cdd50843e6a275ddc4346,CLEAR,DAYLIGHT,DRY,FOLLOWING TOO CLOSELY,2.0,26.0,2.0,2.0
0a81626f68159ed50eadf71b9b8c9d200107ad3df98ceee11648fe725e8a6d11fb2963c4af0121645e85f0986bd7d2033935967933a0b186fe11791d219a8301,CLEAR,DAYLIGHT,DRY,FAILING TO YIELD RIGHT-OF-WAY,2.0,43.0,2.0,2.0
0a816b22c344c3aa5def739a083bde40b783411ae444227ec0d083b03daf17048bdd581e1a8b09f2c3f79bd7dfa84397cea7726869f5bee3549d2c44b93c96b1,CLEAR,DAYLIGHT,DRY,FOLLOWING TOO CLOSELY,2.0,30.5,2.0,2.0
0a819f32465eef405f4c1e64e21538ac7baa760b66bad2e1ff6a6013b0fc67debb2371ade4eba6be54a7fab814ab21e9da53e181f749edbfd76d803b175b07a0,CLEAR,DAYLIGHT,DRY,"VISION OBSCURED (SIGNS, TREE LIMBS, BUILDINGS, ETC.)",1.0,61.0,1.0,1.0
0a81b2d9e4a4cd49dddbca8d25460248fdcd39d58ee7e3bde721c5a4b49bf252329037746802af61914440bf36b173815063fed9f784cd619cf1f59a548a245c,CLEAR,DAYLIGHT,DRY,DRIVING SKILLS/KNOWLEDGE/EXPERIENCE,2.0,67.5,3.0,3.0
0a81ca072eea749ccde8c9d508af00816a9acc80d57e22de78ba0a9219ccd073183c28ad33e707b3f0b013756f8a6db0cd6dcdca622cf48737b3838892e4e24b,CLEAR,"DARKNESS, LIGHTED ROAD",DRY,FAILING TO REDUCE SPEED TO AVOID CRASH,2.0,25.0,2.0,2.0
0a81db1e1f63eac561f12716f344d21ab2e484f377a36dc441ac0ef91b2d448f0bc61c61c01fc2f9d67a703f8183e872d333e7b17dacef2308895795275051be,CLEAR,"DARKNESS, LIGHTED ROAD",DRY,FAILING TO YIELD RIGHT-OF-WAY,2.0,30.5,3.0,3.0
0a81fffc336b39891a630069fb58bd7bb414fdfec9f734abdda0418570edd77e55e724bb7629511e0c1e7abb076b05a3eb71d642656bfbf9cfb31e56b9f7aa9e,CLEAR,DARKNESS,DRY,FAILING TO REDUCE SPEED TO AVOID CRASH,2.0,30.0,2.0,2.0
0a820e05d2d6fe50e315f9abec0e0dc20d42ec81595e6cc04ca42d5bc1cbc07d34117aa46995d6e58a46447094dfd3fdd1da19ef808b26e607514cc63b997588,CLEAR,DAYLIGHT,DRY,FAILING TO YIELD RIGHT-OF-WAY,2.0,35.0,4.0,4.0
0a82378d6e0a34bdb8efc0102b8bf43833232f0b1feef08bf3ae20be47e45ae53181a03f05df64215a8d65f0de2f3bf6d231d0144ed4c96df7ad46e697f9c391,CLEAR,"DARKNESS, LIGHTED ROAD",DRY,IMPROPER TURNING/NO SIGNAL,2.0,15.0,2.0,2.0
0a824a4d4f420ecec56b2a02106ae7ca9b646ea1372bc43c7a70b65a89e0e759f4b6bc0aac6cfd7f23384ced8e650e6e407830510faaf0144089ba7f0786c1fd,CLEAR,"DARKNESS, LIGHTED ROAD",DRY,FAILING TO YIELD RIGHT-OF-WAY,2.0,41.0,2.0,2.0
0a8266bc5f044e4f4df24f4430b32f08dbe6afaab9191b3d33c4a9f0ab96712be5fb7b85c68864c13f7d6a138311a70b023e992d70dfea15eb7bde19726157f1,CLEAR,"DARKNESS, LIGHTED ROAD",DRY,FAILING TO YIELD RIGHT-OF-WAY,2.0,27.0,2.0,2.0
0a832f2fc9bbf6e3ee212d8dfe552b5bdeba9d56ddf6060899c631b82669357813ef5f8fe37e12e692bdeafa5f29db89bf6ac912904e28b006efee46da5d4331,CLEAR,"DARKNESS, LIGHTED ROAD",DRY,FOLLOWING TOO CLOSELY,2.0,46.0,3.0,3.0
0a833a2916a35b0092aca04534f547038ad1b58a8d50a06e874288fb537ec7c3779f38f84d85019c2034a001561aba1168e4bf46a80ba0ccbcb9ba26a45e8a77,CLEAR,DAYLIGHT,DRY,FAILING TO YIELD RIGHT-OF-WAY,2.0,22.25,4.0,4.0
0a836fdc7a7313e308945044a31b4a25def0b29997ab342a25b9ba2b73dcec1b5a5baba8bbeb46ad44a57664f692c803b3a4402fbe3a9b634f6c836faa37adc3,CLEAR,DAYLIGHT,DRY,IMPROPER LANE USAGE,2.0,27.5,2.0,2.0
0a83875874e0847ac1735e8855ca12bc5cc5197b892c20b40de1b991202db94b862f0b50c1d5dc60ae16ae8a604700c65a09288ab5bc7aa11c4c07c826a33bd5,CLEAR,DAYLIGHT,DRY,FOLLOWING TOO CLOSELY,2.0,55.5,2.0,2.0
0a838f69e6ec385bbf07930db70cb3c351e92a96716c7194b3a26d328a9e81b1765f2e0f2c6194b04c73d673458b7e84ec4ef4a2e58c96788335e842d2e381a6,RAIN,DAYLIGHT,WET,FOLLOWING TOO CLOSELY,2.0,48.0,2.0,2.0
0a83bd07111b2aecdaf6d340dde07c9ce183117e518f29a47c7d830f35def9aecd888aa870d9e9cd0725843d4e105962f23c0ff5896add11dbe52409d54952ad,CLEAR,DAYLIGHT,DRY,DRIVING SKILLS/KNOWLEDGE/EXPERIENCE,2.0,64.0,5.0,5.0
0a83d192ee8ec62fe8d022d148b67f8b27f98d4a7f40b5f089e02f8e0427eb5332fc7667bdd05d82007e4fc1045866d1e94d9de391af329782ff6496bf606900,RAIN,DAYLIGHT,DRY,IMPROPER TURNING/NO SIGNAL,2.0,34.5,2.0,2.0
0a83dc1ac16651c39e4f51365ffc0e39283beb7f981a5d9b0c554f87c417c74d0fb3a7c23c53ce33c7205a1cb4b394b5a0723b25cc14c57942aea37ceb542b4d,CLEAR,"DARKNESS, LIGHTED ROAD",DRY,IMPROPER OVERTAKING/PASSING,2.0,37.5,2.0,2.0
0a83ef168c8d7ddee4b01bb0031d4ace5b8e09e55e77847686485319598e4901630315c65c3c86283e60d83b9a2c827a46bb1f774b5f6c1d4f0c21dd7ff172df,CLOUDY/OVERCAST,DAYLIGHT,DRY,FOLLOWING TOO CLOSELY,2.0,34.5,2.0,2.0
0a8403f36d7ea9296a5acb5dc655b08c49d5486e6ab84f4b4da5e6a9b476594f7a502a29a3f280a9b97004e224bcca108ee3f2cd23320084dfbf53604a7eb352,CLEAR,DAYLIGHT,DRY,FAILING TO YIELD RIGHT-OF-WAY,2.0,47.5,2.0,2.0
0a84222a362ea3f36ef6bde1403623da9d23249c279a37964c8a7819e4b506729fb62f4c4eaafac86cd7657f6f0784269c0d6a2cf4eac55b12def8174bbcf28c,CLEAR,"DARKNESS, LIGHTED ROAD",DRY,IMPROPER TURNING/NO SIGNAL,2.0,30.666666666666668,3.0,3.0
0a8430e188ad2306b41fadc9e3eaee381284e19bff90978889ec0ec7dd7116fc87d44cb964bcb2c7fef3ca7b2a16d218d088d97ea46f048a891bf2a929e12a0f,CLEAR,DAYLIGHT,DRY,FAILING TO YIELD RIGHT-OF-WAY,2.0,58.0,2.0,2.0
0a843212f4e042083100fe6bca2302c7c095f7d0e5d48687972505abab4c4599cca95fe6aae13b779e9bf7a4a28c86955fe026ba3dfce767f19d56a47146a1db,CLEAR,DAYLIGHT,UNKNOWN,IMPROPER TURNING/NO SIGNAL,2.0,57.5,2.0,2.0
0a84428cee9952e360d26d7fa1afce30f6413af39d28110612c1e64fcc7958334c34f1832c28e03f5ee19b831004c5723c6896edc8a8e491e1cc8c3a28874153,CLEAR,DAYLIGHT,DRY,FAILING TO REDUCE SPEED TO AVOID CRASH,2.0,28.5,2.0,2.0
0a846f6dab35785998ae5e82528143bc493906e85035e71a0a43786ba876f58841164278fcb0b088f99586e741b110a96a76e9f7b7af00826f8454a7efceb0da,CLEAR,DAYLIGHT,DRY,FAILING TO YIELD RIGHT-OF-WAY,2.0,44.5,2.0,2.0
0a850b11abb83f23ed3c6723868bcfc8684ebd134b616f81ed56d4c3f0adebe2eabbf2b8eeb0e6a8a21503d00519c87564545fcd6b3f1f869935f7eac74696e8,CLEAR,DAYLIGHT,DRY,FOLLOWING TOO CLOSELY,2.0,50.5,2.0,2.0
0a855999f76ec37792eae15129b3261e489acec0a39ad21b0910cccf21fd329981d10d6bfe141b4f3fff56561a0d9b674a68895f2d13448e703f2acb3d971da4,CLEAR,DAYLIGHT,DRY,IMPROPER OVERTAKING/PASSING,2.0,33.0,2.0,2.0
0a855aea03c5e6e6332735d2ece8ebfa48cb996afd79778d27d4a72a2bf89f107c6d81ad213d73dfe6fd62a2032bf07ee14cdd43032a9a67d0a7c8d3428595e1,CLEAR,DAYLIGHT,DRY,IMPROPER TURNING/NO SIGNAL,2.0,36.5,7.0,7.0
0a856450152dd166829ab51990952a3e4c57911aa4bbb0a1013d2aee66aba6c9934164698155fc1f63aa7e1a48d87b7f0a3f626253ec1863d5645a031294bbb0,CLEAR,DAYLIGHT,DRY,FAILING TO REDUCE SPEED TO AVOID CRASH,3.0,55.0,3.0,3.0
0a85a74554f2508dc0fb208b0b62ef7b09aadcb918bdee6b5df507d4cda1b51aa6db264824aee55eb3c079293dca5787c5715dea8ba1ffde54e09f88e4edf0f6,CLEAR,DAYLIGHT,DRY,FOLLOWING TOO CLOSELY,2.0,43.0,2.0,2.0
0a85b7fb6d9b543b44466546c880039b627f650eb592786aed683f96e352c35bf2ee1fe5ba4784fd9af11e484d88061797b14b7c8c52f2a04210582837b75472,RAIN,DAYLIGHT,WET,FAILING TO YIELD RIGHT-OF-WAY,2.0,44.0,2.0,2.0
0a85c5000f6d56109ad06efc0d22e08e1f64bc9fcb0b8625bfc6cae496229e26efe7ebb74269a50e5465a6dfa4749775ab956c236821c0afb371f35bb1c2b9ec,CLEAR,DAYLIGHT,SNOW OR SLUSH,DISREGARDING STOP SIGN,2.0,28.0,3.0,3.0
0a85faad345ba270cba1c359b13541636e602f76c6a6c1fab3cc00d9781f03a2ca4fe4deb522bfffafaea84c932d3876e72c0bbe6bda86520c2727ba0d5b2ff8,CLEAR,DAYLIGHT,DRY,FOLLOWING TOO CLOSELY,2.0,63.0,2.0,2.0
0a85fb19eb52911999ac5087ae34da0ae8d70d189bba2fc8707d2833ef349bc4f34bbd00e51d7e9dc0419a9cdcd9e449ba23c7540b47c4f7f0f3c47a1278488c,RAIN,DAYLIGHT,WET,IMPROPER BACKING,2.0,32.0,1.0,1.0
0a8621eb12afe97dbb289c0a012d7535be8befd4351fee0a57f5c1cb6435d9abd36226cfaa5720edac592105823efc6080300be13924240a7dca0e672824fa8f,CLEAR,DAYLIGHT,DRY,FOLLOWING TOO CLOSELY,2.0,47.5,2.0,2.0
0a8647ccc3e1d47d9e1e0c4e0e065eda7c115215ce9eff2bf5e243b561555272d6812b98b890716256a7bdd7613c0ead0a6956ce50a7e41c0a8aa04602fe77fe,CLEAR,DAYLIGHT,DRY,FAILING TO YIELD RIGHT-OF-WAY,2.0,38.0,2.0,2.0
0a869c33652ce50b9a8652e3651ffccaa42e972e3a78ee0581120503a310c481049c33001a2fba4aa1dab8209d204cbdc9e10e96d01ebfb81e569379ea76f0c3,CLEAR,"DARKNESS, LIGHTED ROAD",DRY,DRIVING SKILLS/KNOWLEDGE/EXPERIENCE,2.0,42.5,2.0,2.0
0a86b31a1ac6f6f51f8a73cd07aca545ea17b9209e0da6c7456c40a29e46fe169ab5b8d1a9983095da80a94cbb080429af2c5b16e0d1e15ea8f3900bb1c87f49,CLEAR,DAYLIGHT,DRY,IMPROPER BACKING,2.0,43.5,2.0,2.0
0a86d86fa087acdf4d2a49109f1fa54bee75c464f311a9ab1628025825c1df858f1d9f659fbad2e14cd656055ab429b0c625c57199f703380f2645baa89758c2,CLEAR,DAYLIGHT,DRY,IMPROPER LANE USAGE,2.0,34.0,2.0,2.0
0a874c422916459c2d61d4afe8472be6032abba9ecaa91b4cdaf9206d8aa283289f83f1c8d172b92d7c7eb5eedd9a29ab8e77391d344cd27f35d8cab668c8517,CLEAR,DAYLIGHT,DRY,FOLLOWING TOO CLOSELY,1.0,43.5,2.0,2.0
0a875565bbe3264cfbd0dd07e316f5559fe51456c8feb0e3f4a8e9d9a2c7936565759b6f0ade3f688ba8e68444895c1bd8433f88790c1b137f49f90a8e7edbe0,CLEAR,"DARKNESS, LIGHTED ROAD",DRY,FAILING TO REDUCE SPEED TO AVOID CRASH,2.0,44.0,2.0,2.0
0a876954315ded0275f94f4cee67b2a2ec804de6e4ee521137ff0b0b157d2f63353cbb43e2eb063a310391c0613da624216358c068e1664e51c0c01d8573fdc1,CLEAR,DAYLIGHT,DRY,FAILING TO YIELD RIGHT-OF-WAY,1.0,54.5,2.0,2.0
0a87c941dc913b755f23299b19d07934915f8b3d2206b6491d9f70045bbb543750597247fe2b6f0e35d2782e0479ee378b83193f6f5989bacef9598507e8c055,CLEAR,"DARKNESS, LIGHTED ROAD",DRY,DRIVING SKILLS/KNOWLEDGE/EXPERIENCE,1.0,39.0,1.0,1.0
0a87dfb6b032c0bebb497c590bd23271677c7f7d35a21f39fecd1fe73dfde6015dadc2c89c4b8bdab1b57308e6e87d2b0af3559921ac373cc9330956ab32d65a,RAIN,"DARKNESS, LIGHTED ROAD",WET,TEXTING,3.0,20.0,1.0,1.0
0a87ee66dce18ce8595a603305a56034dc1da2ca50ec16600185bb5fa0adeaa91dc0b28f65a85cc8e15ff9aa00a68be8d4329da0d7721629f4f7a4ae22630d25,CLEAR,DAYLIGHT,ICE,FAILING TO REDUCE SPEED TO AVOID CRASH,2.0,25.5,3.0,3.0
0a885635d053c09dfd1ce683dd627f309ce3ee462b37ac41d6f6d6612b7b486e66aa8f21d39b84e53660a36da33ad3221c66775d791b78a57cc2bc3cb56cf78b,CLEAR,DAYLIGHT,DRY,IMPROPER OVERTAKING/PASSING,2.0,66.0,2.0,2.0
0a885aa4904bb10f9c52b83266025f6023a4a77bf181174a8b646a9835ab927af64f20c55ea6cd309f3b70f430afb84bc08fa535f5eafeb90517ea30efbdb6e6,RAIN,DAYLIGHT,WET,FAILING TO YIELD RIGHT-OF-WAY,1.0,37.0,2.0,2.0
0a88a454e811dbd0b3b66fdda0b4dee10f5790159b0bee5da79ba597d3758b64509acc0ee3c35ed59eee94b9cc4cbcb54ccaa9a2cce964677ac6116c45e329a0,CLEAR,DAYLIGHT,DRY,EXCEEDING AUTHORIZED SPEED LIMIT,2.0,45.0,2.0,2.0
0a88aa5092ea2c0c4e9210d42ccd6d4afb49dca01f9dfcc5d17426f4ba05fec96111371f98231596d24f0441078db5ba997ddeb64ef086902b65d23bb52efb8b,RAIN,DAYLIGHT,WET,DISREGARDING TRAFFIC SIGNALS,2.0,51.0,5.0,5.0
0a88be57c9bcf43261594e09499b1354f3c0bc1aeaf9b36b8964ec04713afd4cb26f449f449ce53b439c496c27e176e1a2027f9a69b99c585b3ba060441c9a31,CLEAR,DUSK,DRY,"EVASIVE ACTION DUE TO ANIMAL, OBJECT, NONMOTORIST",2.0,37.333333333333336,3.0,3.0
0a88d2e1fd8cc40b9e6e8c8314d6f931d155e46649c8ce65ebf26ad1d975f42746a84f81e03ac5b75738eb4e25060d20c1f0cd963967fe74abcf236902052d04,CLEAR,"DARKNESS, LIGHTED ROAD",DRY,DISREGARDING TRAFFIC SIGNALS,3.0,52.0,4.0,4.0
0a88d2e6db2ce299ecd742a2795592a46fdc0adc8ba8348bcb893758c1643978c4299c662a4ae2e396a85e9122b17654919b5f558830f8d45b6075a6b98c17d1,CLEAR,"DARKNESS, LIGHTED ROAD",DRY,IMPROPER TURNING/NO SIGNAL,2.0,28.2,5.0,5.0
0a8919b224439fe749badb826afda7f72bbc8bdad13198b9cc1ff65eaa82d5cd19e4c5d6ee073b33b7fb19611d5d881a4772736181ae9bb6e1890c31d2465bfc,CLEAR,DAYLIGHT,DRY,IMPROPER OVERTAKING/PASSING,2.0,47.0,2.0,2.0
0a891dfca5aa2e3d0aeb2123c6311670d6d67bf4848880286c0fe3e3b90fb8bde38991fc79fc50956d11ff68641a1f817387f496a8eae38caecb0203b9f459fe,CLEAR,"DARKNESS, LIGHTED ROAD",DRY,FAILING TO YIELD RIGHT-OF-WAY,2.0,35.666666666666664,4.0,4.0
0a892aae7a0c2aa55234ad3d02ea7713098b4e1d195f0368aea18cc25c4dd7669d29f994cba739e393878ab439f79760992ec5c1bc0995c5f472dd10e05577aa,CLEAR,DUSK,SNOW OR SLUSH,DRIVING SKILLS/KNOWLEDGE/EXPERIENCE,2.0,35.0,1.0,1.0
0a892e01f5245991ab7e70cacd36410c9065667c793b6c140aa15c070adcb45f823e549a865de4a6990b223565ea3b8c170d0a49ff1810af3aa25bd05ea83bc3,CLEAR,"DARKNESS, LIGHTED ROAD",DRY,FAILING TO YIELD RIGHT-OF-WAY,2.0,33.0,4.0,4.0
0a8959e36d0826ff91c9d3a1254ab99c66675572ede2b6b499e74756a937f3800b294d4b1a4078554fa79f52be53f0aed49aeb4fdec98691550e6648b3c8e968,CLEAR,DAYLIGHT,DRY,DRIVING ON WRONG SIDE/WRONG WAY,2.0,53.0,2.0,2.0
0a895e09412146f4cea1d3ea6a7437d2602f358085282926ec6d656da24e1e46afc395968b24f5059efbef40167d5382301d59993dac0d784c65feb04606702a,CLEAR,DAYLIGHT,DRY,DISREGARDING STOP SIGN,2.0,14.833333333333334,6.0,6.0
0a897af882a5c83827b2af1bbf3f5d0116b1fccecba0ecdf025c0280a097f7d9b64e8e9a3dea4a06136dcce964558acf41ea6029e1290d689ae87467ebaa0a56,CLEAR,DAYLIGHT,DRY,IMPROPER BACKING,2.0,37.5,1.0,1.0
0a89873578a0eab515fc383e86d8a6eb5cc8bf02c3a6a2ab4baae56c30db44b7d8f86d692a77b26466b5288e86346989923fce92fde4ff9a2c09c23c0d96e842,CLEAR,DARKNESS,DRY,FOLLOWING TOO CLOSELY,2.0,22.5,2.0,2.0
0a89a34873e76d1b1293373b213a5df490a3aa93a6a7b507ecb10bc308073e5ef8ecf9fa134786b4ed29d26782bbe31b58720f0a24230e6963a9d7225076b623,RAIN,DAYLIGHT,WET,FAILING TO REDUCE SPEED TO AVOID CRASH,1.0,22.0,1.0,1.0
0a89b464573ff22c28e0118dea8022a25b83267756f069ecbda3db1153dd741275fd8699d2b2d41190550cba076df2bee1ce6f5b564941bba9304e9b032b25e4,CLEAR,DAYLIGHT,DRY,IMPROPER LANE USAGE,2.0,35.0,2.0,2.0
0a89c5c15cdb1920fe83a8d3f29ed6f8c6e67982dc5cac6f3d0bf9ba1a551dd9accd6453890490895b8f82f627e2c7427ba7eeb6692503994c7e99e4e0522124,CLEAR,DAYLIGHT,DRY,"OPERATING VEHICLE IN ERRATIC, RECKLESS, CARELESS, NEGLIGENT OR AGGRESSIVE MANNER",2.0,52.0,2.0,2.0
0a89cded3138dc50e0abf6fd7307369ed01064e4a1a8edd01e2f27e14f66438a0fafd196a597f116d4ad5092edb48f33749eab8fddda0a4189e23b536c517355,CLEAR,UNKNOWN,UNKNOWN,IMPROPER OVERTAKING/PASSING,2.0,25.0,3.0,3.0
0a8a20b2dba3c548bff7ec24f5939e0b0669b7a94d4b4d99abc3eaa22cdb8056f35da4401c154efa2b70aa3fbb242b36ee23af80867e1f04a726bf17c0bf48a1,UNKNOWN,"DARKNESS, LIGHTED ROAD",UNKNOWN,IMPROPER BACKING,2.0,61.0,1.0,1.0
0a8a6c7a66464ce0a98c09b34c5009603da1b66eabb36e2b3833f2db5e15c65603ee5a3f2f409fa61599b41eca480506e70136746d34425dc0e2b3c6687bad1c,CLEAR,DAYLIGHT,DRY,FAILING TO YIELD RIGHT-OF-WAY,2.0,29.666666666666668,3.0,3.0
0a8aad312b27f4f087cc5a35b145af9a51129a3dc7b260b44012b19d8e3bc5abb740942fb29f34817fe99c63d2a11dc8175d3dc992adcb893f82498296d6afb4,SNOW,DAYLIGHT,SNOW OR SLUSH,WEATHER,2.0,35.0,2.0,2.0
0a8abba928af4b43e8ad3c05ce69def1d6ee1a079a879b1b4cfdd796a511baf6d0c8d4f4d2e7d4a7ea26dc7fadba272cf0d023251f58091b544235d1cce92eb5,CLEAR,DARKNESS,DRY,UNDER THE INFLUENCE OF ALCOHOL/DRUGS (USE WHEN ARREST IS EFFECTED),2.0,39.0,1.0,1.0
0a8b0fe7369b817c26907124739b27d30fca722f6415bf6953da965b69663d4ed7632113c6c58840e38609040407888fad426919088bf2afb88476b5cb384ca1,CLEAR,DARKNESS,DRY,FAILING TO YIELD RIGHT-OF-WAY,2.0,43.333333333333336,3.0,3.0
0a8b4424fc79aee37f2a742f9b975d919ca8f4f1031231588f8c65cd35a7c1cff4fcffdd12887fa68e1399a46f9ffd19a17d89e38ac2a8e3bbbdfe367539c272,CLEAR,DAYLIGHT,DRY,"OPERATING VEHICLE IN ERRATIC, RECKLESS, CARELESS, NEGLIGENT OR AGGRESSIVE MANNER",2.0,37.5,1.0,1.0
0a8b5074fb7b15d78e27fe52bc0b8d20bdad54f7733360786ecdaad172adf5fd7b0c3613d31a6df5bb713ec4466482493139d75d69a7fb8a8072c79329584e5e,CLEAR,DAYLIGHT,DRY,FAILING TO YIELD RIGHT-OF-WAY,2.0,56.0,2.0,2.0
0a8b544d68b5a6b3cc7f5d0729ec10a637d4bada0efd2cf4fb8fba5d023b3c9f30334a0798d94c3c51ae6bc958445fe9f9928376b58ff80ab820f48e3c90a50e,CLEAR,DAYLIGHT,DRY,IMPROPER OVERTAKING/PASSING,2.0,38.5,2.0,2.0