crash_record_id,weather_condition,lighting_condition,roadway_surface_cond,prim_contributory_cause,total_vehicles,avg_driver_age,total_people,total_injured
0a8b7ba5690952b3af0a0d693b9b47150c0775d0831ed410fd02f102db6192b31790b3434428a6993cf846ea6c2185eca16508317c12c567a49451d6025bec73,CLEAR,DAYLIGHT,DRY,IMPROPER BACKING,2.0,46.0,2.0,2.0
0a8bffc3a87b79abeedafb2d8a4146074c30b432a6136da2a142708d64b927d9ade6e07e71487ba94d577dcee7fb6bdbd49d48132947a34bd42a05cef9a16797,CLEAR,DAYLIGHT,DRY,IMPROPER OVERTAKING/PASSING,4.0,20.6,7.0,7.0
0a8c18863ea91d65b7be8ed863c3f1b7e86b87aaa6ddd8f2213f560885aae28aab12073230395b1d13acfa7ab60766dbea441f2214c03a7ed58a75889ca3763b,CLEAR,"DARKNESS, LIGHTED ROAD",DRY,FAILING TO REDUCE SPEED TO AVOID CRASH,2.0,41.333333333333336,3.0,3.0
0a8c37058c1a495ab57a10fa074a3b8a9449505d6f633de189490b727bebe4a5f731e5c814892d44e489104139a59ce83a935dc1d82f821f27895a4100720712,SNOW,"DARKNESS, LIGHTED ROAD",SNOW OR SLUSH,DRIVING SKILLS/KNOWLEDGE/EXPERIENCE,2.0,35.0,2.0,2.0
0a8c5745d9e6d9b3dbbf36c706c02fec87fca5718805111d204de9118ae9db976f5ab972474be519dc427d55ea614680414d940000abc320cf0f35b21480c6fd,CLEAR,DAYLIGHT,DRY,FOLLOWING TOO CLOSELY,3.0,37.666666666666664,3.0,3.0
0a8c7e000f2e505f5486c782c654990cde4656368204129e74e408d7e85fef1a11a4c00336697a2fe13fda70ab03bb921ff7d3e0427ae5c463c4ce862266b0e6,CLEAR,DAYLIGHT,DRY,FOLLOWING TOO CLOSELY,2.0,31.5,4.0,4.0
0a8ce0dd2fd5cc4877efb28c46bd11dedeb6c63ae65a52d9fc547aad5424f696e82fdb6a5da2ef4cd3a3827da4b7272c3363a94b76dafe010559310459a3654d,CLEAR,DAYLIGHT,WET,FAILING TO YIELD RIGHT-OF-WAY,2.0,22.0,2.0,2.0
0a8d08906a8edfb03e7e8cf92126a9f4c6a2bf69d3fb73984570052944be3559ea6247da57007fe64c22a721d619f8bd871c55c4877b0c9cdbafdd30a58e2698,CLEAR,DAYLIGHT,DRY,IMPROPER OVERTAKING/PASSING,1.0,31.0,2.0,2.0
0a8d14f7da63c7a9e0dce6e85d87f3b3ccfef463a85132e19716e73cc5587af63217c05a0563e8d342c61a8d1d55194ab4cc685e826bd6d162618df63ba66eac,CLEAR,DAYLIGHT,DRY,FOLLOWING TOO CLOSELY,2.0,49.0,2.0,2.0
0a8d1cc5b3658855ef2c60d4c7d08a9272f47f47adbb8d2f9b80d3a9b2f3e49dd5cf75c180fc77cc4ce65b9699ceba002abeff8aa2219499da12048ed3d608a0,CLEAR,DAYLIGHT,DRY,TURNING RIGHT ON RED,2.0,41.0,2.0,2.0
0a8d5b6fe3bedef5efcf9bd77234272dedbeb845d77a9156a78b6cc4b959f7934ecdeca63d44fc2cf7454cceaec8bec67616d3535ab6b99b0d083816e5d61535,CLEAR,DAYLIGHT,DRY,DRIVING SKILLS/KNOWLEDGE/EXPERIENCE,2.0,46.5,2.0,2.0
0a8d6c82e280bcaca175c1b04b3dbe32f4bd0da58d65db2de8fbdd243d1901d39b4b52cc7b1f27bb29c8e9e281f2f8e4de6b4161ad06178fdd43a6ee97536948,CLEAR,DAYLIGHT,DRY,FAILING TO YIELD RIGHT-OF-WAY,2.0,30.0,2.0,2.0
0a8d78803cd066deaae7553701636eedec5f27cba12025e2b3a7ea24cb230aa939eb578b826940158ec4a7beadd7a5ec7a53695307b750eb1712a71117f84989,RAIN,DAYLIGHT,WET,WEATHER,2.0,44.666666666666664,3.0,3.0
0a8d8abe38ebbc2e63a733f83e268d4a2577e9e69ce24d1fb1d5bf694b6aa0245764e8eb6bcb109f9c855f580bacc29f67037c66bbce7ec3591b46081b7916b5,CLEAR,"DARKNESS, LIGHTED ROAD",DRY,FAILING TO YIELD RIGHT-OF-WAY,1.0,24.0,2.0,2.0
0a8dc1f2fdcf6bb705ab549aa36f821a5253ee415449378555bb77bc8cdb2366db155ff7653016ca9582300c23a48d46ab30189b01b5cf5a170465d1ec09240f,CLEAR,DAYLIGHT,DRY,DRIVING SKILLS/KNOWLEDGE/EXPERIENCE,3.0,57.0,1.0,1.0
0a8dd05c35e641d828f846e42acd8598554d7e167e747867cb06cd769cec745cef275c4ece70b785d514cff8db392dcd6f33b4ec14ed69116bf0157baf3e61c7,CLOUDY/OVERCAST,DAYLIGHT,DRY,IMPROPER BACKING,2.0,51.0,2.0,2.0
0a8ddf631422c76255d6a693acead65ef14a8d6a8bcbadb958328db8d6088436d6372c48cb201625284c27669bc90e8e901929f8fb7469f0d2826e6c0b05f65d,CLEAR,"DARKNESS, LIGHTED ROAD",DRY,FAILING TO YIELD RIGHT-OF-WAY,1.0,21.0,2.0,2.0
0a8e04b0411dd6d8dfac4b0e285cd93ba2cabd71949e5e4374c1e63687d3999a87c1dbc6b1064c0e6da78958a6560c26caf9f51e730a974426b2deac3c235c07,CLEAR,"DARKNESS, LIGHTED ROAD",UNKNOWN,FOLLOWING TOO CLOSELY,2.0,36.0,2.0,2.0
0a8e3d7526a53b7777acc88f8115221410e7dcc14826902190b8a08a6298597acecb456d07ae8ec013677fbe9ef1d5510a04e66ccae66629a17e483d61f96b36,CLOUDY/OVERCAST,DUSK,DRY,FAILING TO YIELD RIGHT-OF-WAY,1.0,35.0,2.0,2.0
0a8e74d817914bf34ef00d6173d53eec503202303dfa704981eb6210571d0bb547d7d101a0ae969bd0c7cf46817f797dc723ea6f37698d89749e47748030ea6b,CLEAR,DAYLIGHT,DRY,FOLLOWING TOO CLOSELY,2.0,43.0,4.0,4.0
0a8e962ed00947fed1fcc1ecfd3bbcb79e0fbb9d5d46b6be62de9158e46491c7e4deb978dd7858f21851f93aa91160300d2784eaa752c8c02669d16152655f31,CLEAR,DAYLIGHT,DRY,FAILING TO YIELD RIGHT-OF-WAY,2.0,54.0,2.0,2.0
0a8ea576f22b08ee3edb6e86f1e6614021e9acd68e907fe478f34df66703720911b239a54cd6ceef7e5f8c48b15e2dbf1e796d6a084191b27c2349453f7718dc,CLEAR,DAYLIGHT,DRY,IMPROPER TURNING/NO SIGNAL,2.0,36.5,2.0,2.0
0a8f3de4e0a444452d26e060177fbd1f7cc9f0d5d52202c416767cc0426146a592b2a42e26c635c816fd207005d4bfb543a2c2488f3c768eb1bd4ceb5a86e5c0,CLEAR,DAYLIGHT,DRY,FAILING TO YIELD RIGHT-OF-WAY,2.0,35.0,3.0,3.0
0a8f54d36a9fa90492397e43f2eba7562268d1cdc0c9b0052b0d8b3a9262a0bb3947d36f5b934aee6be1b2ddfe4fe84a5d0ef5f112f82db73058ef0f7d896613,CLEAR,DAYLIGHT,DRY,IMPROPER BACKING,2.0,26.5,2.0,2.0
0a8f5dbb7d1450c4346221281e5a02310e161c8e0f8def49db216145e44f1c6ca2f7746823e7cf9c9ea12e38a1ca66a28e912c90f183016dc26233d7a8713db1,CLEAR,"DARKNESS, LIGHTED ROAD",DRY,FAILING TO YIELD RIGHT-OF-WAY,2.0,36.5,2.0,2.0
0a8f88f041e722987881f16d44ab04f6d45e88f01a5000719d820f90d86186e8a68fe303b0cc79586ae7602813da578b861cdd30a28258477ec76cf729965dd4,UNKNOWN,DAYLIGHT,UNKNOWN,IMPROPER BACKING,2.0,32.0,2.0,2.0
0a8f91520e66bb07ac32502ff3fa1368b7f9cd70d790481fe3373e1b5e3ed80a04f9364130aead8eed3b87ce3703b8f841c8577bcd51659d674e5b8df5e21d6a,CLEAR,DAYLIGHT,DRY,FOLLOWING TOO CLOSELY,2.0,35.0,2.0,2.0
0a8fb7f12785c73ca64df70120e69bb577e3203fa267836469a2db67a23cb4f3c15f2ddd352fea1cc966693933fd6cf5cf0285358f4399fe356dd2dcfe6e029e,CLEAR,"DARKNESS, LIGHTED ROAD",DRY,IMPROPER OVERTAKING/PASSING,2.0,37.5,1.0,1.0
0a8fc38803725493c6aaf48f1a697e6ff5c5481fa40103f6d2d17487a45aad2055ea48501571d4bbba358042d7caaf9efb9fd9a74ece51f788f8a5480e077928,CLEAR,DAYLIGHT,DRY,FAILING TO YIELD RIGHT-OF-WAY,2.0,32.0,2.0,2.0
0a8fd5752509c6196c0c0cb280e88260d133a209bb74dd6588502f0e8aaa1b06ba56e2857b260dba5bb8eb5df9ab33700abf2aea838705b5f0dbf34096892577,SNOW,DAYLIGHT,SNOW OR SLUSH,WEATHER,2.0,36.0,2.0,2.0
0a9022cd551655a40e189bd7f7b699b4b52c74a0f60138a3d8962fddee02a4c0286a9c4febb53008725f507a7ca8afef49e98ce28de45f6d5960c48e159995a2,CLEAR,DAYLIGHT,DRY,IMPROPER LANE USAGE,2.0,49.5,2.0,2.0
0a9032e0a6f82e5625de690535b3cfb0b8b72b6cedc397ebd6e612c47eb15682abd6118241bd115b8415599cb3339b48035bd3593ad894311ddcd7871f9e65dd,CLEAR,DAYLIGHT,DRY,FAILING TO YIELD RIGHT-OF-WAY,2.0,33.666666666666664,3.0,3.0
0a906a404b39178d64839538782526d35c25443cf55164a50463b2649926a4d2451e2d20f6ed86187b5744bb8e1abaf9411d136f76569d782723a253e607a3df,CLEAR,DAYLIGHT,DRY,IMPROPER OVERTAKING/PASSING,2.0,56.0,2.0,2.0
0a907932e263d16096da5350cebc57eaf1f50f5fe93beb7f7c5f7428560f3bbd31776c00483d2f2a63008c0c55c3a28f574ed10917016443fec39b119024e822,CLEAR,DAYLIGHT,DRY,DISREGARDING STOP SIGN,1.0,59.0,2.0,2.0
0a9079e108deec7aeef31cde564bbcbce095b265782b7737acf8aa31145793e9629e826c9ad0eee2d98d0ca1ae4fa654e2d1d25675dcf9b904012ff164bb3e36,CLEAR,DARKNESS,DRY,IMPROPER OVERTAKING/PASSING,2.0,49.0,2.0,2.0
0a908335f077a08eff568fef9c75599da7f7bf5e85f2ddc1602f393ed3982a28d3e08fd059d3b8365edc2ab3a230cf26f876a39adcddcfa218f095191039a767,CLEAR,DAYLIGHT,DRY,FOLLOWING TOO CLOSELY,2.0,40.0,2.0,2.0
0a90b8a8aa236bdf6b0600ce31e4ebb710d3030bb0fb74b2af3b230658d72af32dc68dd67fd0af414ebd388a438fef41d953f46c4fa10c99813976b88a6eca2a,CLEAR,DAYLIGHT,DRY,DRIVING SKILLS/KNOWLEDGE/EXPERIENCE,2.0,48.5,2.0,2.0
0a90d31e3e7da668cf785f9473f7cb1c7301616aba9c76cd5b01663448e9ef745fff6cb9a53afc9401cd7c9e9b6156d04aa5f0b2a079a6c60a94bd8bd530906a,CLEAR,DAYLIGHT,WET,DRIVING SKILLS/KNOWLEDGE/EXPERIENCE,2.0,60.5,3.0,3.0
0a91085ef9c945144db44685ef5063d36cea4bdfb573ce093dd8401af8d35d58dadeccca6fa2e69c2e9c3795f4ccb1155ce191df1ba5cefecb9ff64634c99016,UNKNOWN,UNKNOWN,UNKNOWN,FOLLOWING TOO CLOSELY,2.0,53.5,2.0,2.0
0a911caa6d2182d34ca001850e8dfe3c030d8941dc169d379bfc70aa61434b2e90d50d151d16c7af53b51d57d503c3e4620c6b1f1403a87ccf3a0fbba62e9a6c,CLEAR,DAYLIGHT,DRY,EXCEEDING AUTHORIZED SPEED LIMIT,2.0,37.5,1.0,1.0
0a912c52554f8716901f194a938a5f36bbf0389f9185465ea10e80cdadc6b79fa4fbd8e3f37a69d7fbe970efdace0d1ce21fe8e7d3dff8a1062ae452343ecbd6,UNKNOWN,UNKNOWN,DRY,IMPROPER BACKING,2.0,52.0,2.0,2.0
0a912cb31b1b14edaaded91f8e1d1633c8dd3505e97ca29930a37310c08e801e57ab66c3b6953c58fb948a048edc6377afa412faf763a8b4f08a21add26c4f74,CLEAR,DAYLIGHT,DRY,IMPROPER OVERTAKING/PASSING,2.0,41.0,2.0,2.0
0a913a81439676586df868f23fe1bebba59f8f8ac36e596d087ddaa55cd5437e1f6d072bd4439c7eb613e480376eda1c5fca7b002a428a1939633216260fdf06,CLEAR,DUSK,DRY,DRIVING SKILLS/KNOWLEDGE/EXPERIENCE,2.0,34.333333333333336,3.0,3.0
0a914338c381d94356e0a469d11d37f4cc200a74f9ffa081c6bbb9a619f946119136d53dd82374c3b3be2539e62974bf16c0a4051fe89776e88e43aeb062c9ff,CLEAR,DAYLIGHT,DRY,DRIVING SKILLS/KNOWLEDGE/EXPERIENCE,2.0,36.5,2.0,2.0
0a91527c7ea5fe1b79f2ac59c6c098dfcc35d10f8625e7376e26cc5b5708b01eef8863768f81c65e411e7897ec9c11f9e4ac51c2aaf0ecb3adfd42e72a8f7e03,CLEAR,DAYLIGHT,DRY,FAILING TO YIELD RIGHT-OF-WAY,2.0,53.0,2.0,2.0
0a919730aee76e0fe4ce48b79928d91b951b99de89597dffa09c93f069b51a645c7d5c6433114b638c365fdf24e4305e85b632d250d93026da1a1f7889877776,CLEAR,"DARKNESS, LIGHTED ROAD",DRY,FAILING TO YIELD RIGHT-OF-WAY,2.0,29.333333333333332,3.0,3.0
0a91c8c8095e377d6f51e22d62618f75119f9c9f6c0c4ddc6bc14a6364927cd5b3caf07e1965b2bec2e8500bb8923d364e8d02e33c3ec73439432740ce99a885,CLOUDY/OVERCAST,DAYLIGHT,DRY,DRIVING SKILLS/KNOWLEDGE/EXPERIENCE,2.0,51.0,1.0,1.0
0a91e0aa6c52c05ea1db9e7c2b3abdae8361749adada7dd1e74a170342849f405850a0226cb9d0c58f5501ae9a7a8b534795716b42a7a5396966c29aa0f75d33,CLEAR,"DARKNESS, LIGHTED ROAD",DRY,FAILING TO YIELD RIGHT-OF-WAY,2.0,27.5,2.0,2.0
0a91ecb2cc7e3d2f6b99619d9abd6db91d27cf5d684e3c873292deae5a6403274efbfe4bed2a139b7fae3254b9f36cbe2bf0d0d148c699d14c954417869d1eef,CLEAR,DAYLIGHT,DRY,FAILING TO YIELD RIGHT-OF-WAY,3.0,33.0,2.0,2.0
0a9200a1cc322d4bf3da3c7faa5d9295bff444c9177c778b95bbee525c320bcfa5c3e6dbe2252b1b6862b000e8648e56648004cbad144c5b44e2f151f1b08230,CLEAR,DAYLIGHT,DRY,FOLLOWING TOO CLOSELY,2.0,44.0,2.0,2.0
0a92192fdbd3451a714ffa5ce1a7b1a7f019473b64bacabfd82975c0d6a5ae3b08e6a7f12e7157e19cca3d435c9b9dc87e69ecccff63d753ae52258f304358cb,CLEAR,DAYLIGHT,DRY,DISREGARDING STOP SIGN,2.0,37.5,2.0,2.0
0a9223c6d48bd79c7535a532728bf120003c6f8e911b3d998e8517750e6533b3cd77baefd1dbd1764d39120ae0f42053a28123599f95a80c921eae3cdfd53a20,CLEAR,DAYLIGHT,DRY,FOLLOWING TOO CLOSELY,2.0,54.0,3.0,3.0
0a927413e4f6ae88d0dafac273a775a202e991fb8bc9e73efa560f83747035723171013b8cdb45c5fdcaf6b649faf7bcc1984812d5db74132c1b47d4454c06ed,CLEAR,DAYLIGHT,DRY,IMPROPER TURNING/NO SIGNAL,2.0,39.0,2.0,2.0
0a9280a4846c30362df0e5670b8fe57bce11c7e901696b43952daef7ce184c594ee3518ad0f9ee9be711242535a7509eb70dabcb3c13dcceb1d423f3d25fb2c7,CLEAR,"DARKNESS, LIGHTED ROAD",UNKNOWN,DRIVING ON WRONG SIDE/WRONG WAY,2.0,37.0,4.0,4.0
0a928a8fc80abfe70dc6fa3bc646bf2d425f333c7909eee354d28f393e5be99a3536283f8da4a93752998644df27f7f94283f1bfb0defda555c36a283a5f0b36,SNOW,"DARKNESS, LIGHTED ROAD",WET,FAILING TO YIELD RIGHT-OF-WAY,2.0,18.0,2.0,2.0
0a92c0f4e6ab4a69582e97150a4d816593e870b976581c2313035aaee2d9a576056f5a8703ef30a7d72a06d22e2ea1bfe5d84aab9e9f6492ab837bddb16376b0,CLEAR,DAYLIGHT,DRY,IMPROPER BACKING,2.0,47.5,2.0,2.0
0a92caf73d7cf57786233cb6f50cbfdf2e42c0362b641308a2dac9ab65e1d60c6e249374fee4db0bf81969d90c8f3ae1e678214d5a39c62caaa89916119d66ad,CLEAR,DAYLIGHT,UNKNOWN,"DISTRACTION - OTHER ELECTRONIC DEVICE (NAVIGATION DEVICE, DVD PLAYER, ETC.)",3.0,44.0,3.0,3.0
0a92e47e0a6f79d3308479117c29efb3767546b42a84245e751d17138bfaf7080b4ca9f428042d0c68ccaf8f1b0585a4e18bb19459011ff26c261003760b5f1f,CLEAR,DUSK,UNKNOWN,FOLLOWING TOO CLOSELY,2.0,48.5,5.0,5.0
0a92ee1c91595d20fa9e8ce9b1d44d114e194f2fa5a25aa17c53c48e9200d675427bfd90584ef234a6b8780b5b8af92e22373c2022e32e6273f72e25dbfe70af,RAIN,DAYLIGHT,WET,FAILING TO YIELD RIGHT-OF-WAY,2.0,47.5,2.0,2.0
0a930f544c4eb89cc14a0c7cfe1094d6197491be834b6f6b68f8aebc24b73ad86712501e48c2d974f4ba9f1463a1d829e42c9fd6c4470732b585bd3fa1580e63,CLEAR,"DARKNESS, LIGHTED ROAD",DRY,FOLLOWING TOO CLOSELY,3.0,45.0,3.0,3.0
0a935b0786b649cdd975b7734b7f71a4024d00a4217552ba2f446517e73b0af59efa311aad30b87bc6973c88b538e53df1cd1ec7cb35d3a1848710fd0e8c41ab,UNKNOWN,UNKNOWN,DRY,IMPROPER OVERTAKING/PASSING,2.0,37.5,1.0,1.0
0a9370920aa03387de2c469bd87e398d8612cb5094bbb9e576bbf1553e354ca5e0437f2e8e05a131f90c00f5d43654aec2ceb35e440131e9b00bf707d7f3ac44,CLOUDY/OVERCAST,DARKNESS,DRY,FAILING TO YIELD RIGHT-OF-WAY,2.0,21.0,3.0,3.0
0a93760237ee09a4f69d893c983f85077ee71e9dc23b770bba747367e4f7bc53653d2631b8c53a8518a069cbaaf0f7aa7a7c848bf80ebffe106e2e55925869fa,CLEAR,DAYLIGHT,DRY,DISREGARDING TRAFFIC SIGNALS,2.0,46.0,2.0,2.0
0a938be411b00afd8f027528e0e75205b9833df6a75934925609b79f377a17b6d1d03f1c641260df9ad4fadce4f9216814e068629e6c1cc4addb630a761592bc,RAIN,DAYLIGHT,DRY,FAILING TO YIELD RIGHT-OF-WAY,2.0,29.5,2.0,2.0
0a93f9e3d5d7eedf9ae4c49ad4640678b1a7dec67053c489e44fd521f64b01396e25fb25d1b0b742548f5cce820d5166762ea02718b4c8db96c4d3e39d087505,CLEAR,DAYLIGHT,DRY,IMPROPER OVERTAKING/PASSING,2.0,29.0,2.0,2.0
0a94022d83f262e7a72471cbd1acbb22e4b1b5a84ff0d1e0978567b5994914c2882992acc9c9b7da68092199b567476ef38a102701afdcee608c0728f27c92ad,CLEAR,DAYLIGHT,DRY,FAILING TO YIELD RIGHT-OF-WAY,2.0,29.0,2.0,2.0
0a9426399427dce577b4e4ba2afa36f7c4ef6a1f3c6cb2e3bddd873ad76f775b907b4f49824e2d5091cb507fe850dfa723a420eec3187ca009cc1a31bb26a904,CLEAR,DAYLIGHT,DRY,IMPROPER TURNING/NO SIGNAL,2.0,39.0,2.0,2.0
0a9434fe3e3bb65f7334ccf24518a2018941a9dc47638cade32c9e8890abee16e1676d7fd81a4c39197227526f2fe900465b34157b7382b3ee8fbb12b3aba444,RAIN,DAYLIGHT,WET,FAILING TO REDUCE SPEED TO AVOID CRASH,2.0,31.0,4.0,4.0
0a943892487945174dc3561d945afaa532dad7d1ed607b4ee96a28a0a8ab2c9a5353b9440756cf6b54467e04a813a79c695f4e87991f5eb737e7d39bcbe5d64e,CLEAR,DAYLIGHT,DRY,DRIVING SKILLS/KNOWLEDGE/EXPERIENCE,2.0,21.0,1.0,1.0
0a94996d52c973b443b78af89e712c4110f0e48309184e4cdc96294ced8f58643d7c994c7f416d5a9421120add72bf66a2fbbb95f570a7f309f2d00a9f87c687,SNOW,"DARKNESS, LIGHTED ROAD",SNOW OR SLUSH,FAILING TO REDUCE SPEED TO AVOID CRASH,2.0,23.0,2.0,2.0
0a94c8edc541652343b74052afac53196fa960c9fb563418553d36bc0b52ce7f0de6cbc5249e05d518b91c5459dfdb35dfbd50d75140156a0d44d364b20752d0,CLEAR,DAYLIGHT,DRY,FOLLOWING TOO CLOSELY,2.0,39.0,2.0,2.0
0a94ce07f6ba78da49b72a2d0f2c27e2e2003142c9621fcea2802cca711a0433ee8ead7a4e9a0f3f1030e1cade4e261e3eb74fb432f6fe51fbbc57d1b9dfedbd,UNKNOWN,"DARKNESS, LIGHTED ROAD",UNKNOWN,DRIVING SKILLS/KNOWLEDGE/EXPERIENCE,2.0,63.0,2.0,2.0
0a94d891e351648f7bed20dbbd666550f071fd61e1ae1d4f99fa4de2ca6df45490cfb4ee20ac92076794612bb839d7db2873974194749c2e2eca37a5e39bea36,RAIN,DAYLIGHT,WET,DISTRACTION - FROM INSIDE VEHICLE,2.0,45.5,2.0,2.0
0a94e049ed2256ed923d231a71fc28a903bf51ce4265205b48ed38a59ad6265fa36842af0fb2b28026366f91260c0a351966007ee5f09f9d507c48545d85f25a,RAIN,DAYLIGHT,WET,FAILING TO YIELD RIGHT-OF-WAY,2.0,13.0,3.0,3.0
0a958bbfe27a9206a6bb34dfff3f672b9845df8662586a601324d37cb59d4bd68e800c006ba16d048277a9af1e57c5e65fa9df433a1559e963e0208c4f212be3,CLEAR,DAYLIGHT,DRY,FAILING TO YIELD RIGHT-OF-WAY,1.0,20.0,2.0,2.0
0a95e5df5d4e0c8b3fc03db11bdef606c97d4faf2049728a44549d7aab0dbb48432f6bf86f6e30242ffd94b6c6c1ff23bacda9f23df4fb0c240d4b3ce13fe76d,CLEAR,UNKNOWN,DRY,IMPROPER TURNING/NO SIGNAL,1.0,65.0,1.0,1.0
0a96357524f6bf7f47e5705a25a5c93b710708bb31405d660f18aee1ce3f1b8afd8baef192233d353d4c91b34532e1f9f8cb256e1ced05305ae338538b8b15bd,CLEAR,"DARKNESS, LIGHTED ROAD",DRY,IMPROPER BACKING,2.0,28.0,1.0,1.0
0a9663c743279bfab057311b5c0846ad5b3be398735c2ea52378af998655808acc1655d1f7a8e76713a3887a907915c99efccf092bf3142d0bbc2210f213c274,CLEAR,DAYLIGHT,DRY,IMPROPER OVERTAKING/PASSING,2.0,37.5,1.0,1.0
0a966a491e85b13fe8702e6620b7f9bb35d838b16658c01ae7ace1f0e89ea5fd227d60c89e4e41ccf6c29b007f03ff87c076825f6e4821cbc6bad09c7d4c5dcc,CLEAR,DAYLIGHT,DRY,FAILING TO YIELD RIGHT-OF-WAY,2.0,50.0,3.0,3.0
0a96b9810609082bcc62415c97f0cdaa62cc42aa6acf74af730476e461b3a422693b704c8851bdbce35abdee6e0a8bae919e28f5bfb0f41d65a5cbc9b0913da3,CLEAR,DAYLIGHT,DRY,FAILING TO REDUCE SPEED TO AVOID CRASH,2.0,32.0,2.0,2.0
0a96bb555c04fc8e955f863beefbb8a8c9723fa2eb6d6cb769394a6ab22a5b5c860870260a29ec76e5acaef689ba725796869c6949536eaaa0ca7213203ed651,CLEAR,DARKNESS,DRY,FAILING TO YIELD RIGHT-OF-WAY,2.0,19.0,2.0,2.0
0a96c3c071b83fa0c87926428215c78e9b43a579ea2073f956ccec3f3671aa354f6f2469886af1d77b4985f30a7c8b1d4af7031470904a60ec6b82fc0a5eb5e6,CLEAR,DAYLIGHT,DRY,IMPROPER OVERTAKING/PASSING,2.0,59.0,1.0,1.0
0a96c808e40759b0675c94c78b1ff55d7bbc3757d3b4d18b9b7687e2dae02fcad0eb41e2020e03f0b6aa06d01090061e5e59d0fad4674380920047ca9f8cd5c8,CLEAR,DAYLIGHT,DRY,FAILING TO YIELD RIGHT-OF-WAY,2.0,35.0,2.0,2.0
0a96cc0c1da96fea6b95343ea2b29ad3d2f03d8f20b6f9ab1a90ab43e9394f55fe29bcab149f955d74179471f12b714ecf91a07265b35241b8774b6069112189,CLEAR,DAYLIGHT,DRY,FAILING TO YIELD RIGHT-OF-WAY,2.0,0.0,2.0,2.0
0a96cf4abd3da6fed347bc0d57cd8c90f403c6ff211ff88c8f8cd927175d0115154ea9636ab054a65d78abf6b14813d5ce7d05e2d08aaf9019621433dbea71e0,CLEAR,DAYLIGHT,DRY,IMPROPER OVERTAKING/PASSING,2.0,59.666666666666664,4.0,4.0
0a96deb4c301772159085bd1f25f8ed07db4e1188fad29f8d0fac52c3c27b2cc8bada1f529956b3f24b0b2f8ccd6f357fe1bef56a620abdf876c650d62969be0,CLEAR,"DARKNESS, LIGHTED ROAD",DRY,UNDER THE INFLUENCE OF ALCOHOL/DRUGS (USE WHEN ARREST IS EFFECTED),4.0,39.111111111111114,9.0,9.0
0a96f11f963689a0e1cf7ba5fefb6559f30914c30b03f64ae82bf8154be26184ad9d283395cb4d14b7ad2db4c98358c26969183154b07223b170086c0e5cbf51,CLEAR,"DARKNESS, LIGHTED ROAD",DRY,DISREGARDING OTHER TRAFFIC SIGNS,2.0,37.5,2.0,2.0
0a97202b467eeac5cf89ccb5f9ff03b077c2a8e412e769726bee7a2b5bfcd3b06fd24bb004c963bd43a17ca8a98f8010f77c119bb4c41ffd9cc2b017564f875c,CLEAR,DAYLIGHT,DRY,IMPROPER BACKING,2.0,57.0,4.0,4.0
0a974ca378cf9850f4761ffd398742abb583013351998b8244ef3f33ffc6c21ed6a45117743981902b43cf1a2641508d68d28d79fc5b7f78a4452defc004682c,OTHER,UNKNOWN,UNKNOWN,FAILING TO REDUCE SPEED TO AVOID CRASH,2.0,37.5,1.0,1.0
0a975ec5127b4ef7ae2ad5a61b518ef7377bbcc34f0c9cfcf82183a475e4ac91654ceec1d265f9fde715c1e63665a1d16d33acba1554a797c73117d9120845fc,CLOUDY/OVERCAST,DAYLIGHT,UNKNOWN,IMPROPER OVERTAKING/PASSING,2.0,33.0,4.0,4.0
0a9789656179f73438160f421d4db8f6568fa8991a3d6aa5a933840ba578b4b67215edfe111ece3008900040c844bb537fb9fd0140717bfb9f5fcac602d1f4aa,CLEAR,"DARKNESS, LIGHTED ROAD",DRY,IMPROPER OVERTAKING/PASSING,2.0,32.0,4.0,4.0
0a979d997d0a4a64f3f685bcc09908bc4e122a9f1cae18872c8a3b33dbdf0f1e5ca5fb02dcf48d2245938b0cb76c195450b04c89ebc63a68f95b24e870659abd,RAIN,DAYLIGHT,WET,DISREGARDING TRAFFIC SIGNALS,2.0,24.0,3.0,3.0
0a979e2b12984472de39ed4b41bd3d4987572eebc8bb036286ec6af103ea407f2027945db4172b4dabea17d58bf285614977e713b5ae901b78ad5795334e3d8b,SNOW,DAYLIGHT,SNOW OR SLUSH,FAILING TO REDUCE SPEED TO AVOID CRASH,2.0,39.0,2.0,2.0
0a97b5d3986c25de8df3ac425f86f941076fb1da20925d2fa3542ff9445912c124cf638d611e44f34025de4df8a3d80484570e572228f9b549eaa252e52ed305,CLEAR,DAYLIGHT,DRY,IMPROPER OVERTAKING/PASSING,2.0,53.0,2.0,2.0
0a97c7aee13ea81eeb749675e3ae38e7817d8a7a3a2061c402e2615559f2898c655d142a46225cb00975ac03e2266fe5f3f29ef7eb24b4d808aaf742a4ccf157,CLEAR,DAYLIGHT,DRY,FOLLOWING TOO CLOSELY,2.0,50.0,2.0,2.0
0a97cd38e6e5e76b72a45081ba1b9c8de7844c7ff7490a1151695ea609de98e05035043124e0c0907b28e5964fac2a8021ddecd51e951075af415d16fbca9907,CLEAR,"DARKNESS, LIGHTED ROAD",DRY,PHYSICAL CONDITION OF DRIVER,2.0,90.0,2.0,2.0
0a97f0d606633fcd7e8651a623a83d538781b4f0d6150d173478658ed95299e7c44265389484abf3232b417d4d8f07e4eb7b2c1b338942874f6868f890e77403,UNKNOWN,UNKNOWN,UNKNOWN,IMPROPER OVERTAKING/PASSING,2.0,23.0,2.0,2.0