crash_record_id,weather_condition,lighting_condition,roadway_surface_cond,prim_contributory_cause,total_vehicles,avg_driver_age,total_people,total_injured
0a98039f1cc510bfb85dfae81517064763c087e645df00c99a29d341fe407f6b6f2582f3bc08588c74795ea176429402bc7afb1778357732965e0cd99b274c3a,CLEAR,DUSK,DRY,FAILING TO REDUCE SPEED TO AVOID CRASH,4.0,57.0,2.0,2.0
0a980cee21791b0ba5a04add3eb3eef2efbcc0748eab259de71d1c0dc189c5c19e9cfdd0bcd43842a0c603bf9ef129305983bfca43f229e4775cda8c7c1ab1f3,CLEAR,DAYLIGHT,DRY,FAILING TO YIELD RIGHT-OF-WAY,2.0,48.5,2.0,2.0
0a980d5fcad3d0e6b6fe3377bed9e1ec7a8187861cac1d28333daa87246a4cc67b465c7b5d12978660150652ac496be414998995ff3b6538bb33d2ebf0526854,CLEAR,DAYLIGHT,DRY,"OPERATING VEHICLE IN ERRATIC, RECKLESS, CARELESS, NEGLIGENT OR AGGRESSIVE MANNER",2.0,37.5,2.0,2.0
0a9811d06b0165273d22c9a41dccb73253fee547b5e3b383f61024aa9ce26c1a2a98b5ea6c30a1352da12a629d4b5ac6f8f7b9b1f91ae3726ccc72935b35b9e0,CLEAR,DAYLIGHT,DRY,DISREGARDING TRAFFIC SIGNALS,2.0,47.333333333333336,4.0,4.0
0a9820b638f112b114d1beba662e8d77f193733ebf4aba94fca6426c7cd80e76b395aefcbb0522569c26b4234f6b0c919eb504b1e554cd732558f7224fca8c24,CLEAR,DARKNESS,DRY,IMPROPER BACKING,1.0,69.0,1.0,1.0
0a983184878d5ae805fbff3ce2dc0d0c9400e8f873b3667030dd072b771110706740392d9e6a1358fd3cb2be974bec00e82fce745dfdb993892b2a703d968f9c,RAIN,"DARKNESS, LIGHTED ROAD",WET,UNDER THE INFLUENCE OF ALCOHOL/DRUGS (USE WHEN ARREST IS EFFECTED),2.0,31.4,6.0,6.0
0a9868210ac77b839fd90bd71627b695a7aa427af95283fc829d04307a7469d9559ab9e279759f91902f32a50a72a7382937f619c39a985688b138d985ec2268,CLEAR,DAYLIGHT,DRY,FAILING TO YIELD RIGHT-OF-WAY,2.0,42.666666666666664,3.0,3.0
0a98700cd3211ce0046e5be6b28d07911a212ab61cd2e54ae6f32513b03d06787a54df2a1074bc299ec842d44442875d318f9a4ff29035d7e097f7c979573943,CLEAR,DARKNESS,DRY,"VISION OBSCURED (SIGNS, TREE LIMBS, BUILDINGS, ETC.)",2.0,58.0,2.0,2.0
0a98779df2c2194d9940983e81b496256bc07d2bf0c32b86ac28bc195370cb83cd9f88a8d09cc8d429695b34f8fd22e41d5a8602e129b043682e504f4ea94280,CLEAR,DAYLIGHT,DRY,FAILING TO REDUCE SPEED TO AVOID CRASH,3.0,43.0,3.0,3.0
0a988d17958aa797361d63bbecb3a4050801399a4f2581ef635b69ad3ec04846f155fed0ed7d4a1a110ad2ad6b995051d37e75c64680bc6f47829d2ecf601a53,CLEAR,DAYLIGHT,DRY,DISREGARDING TRAFFIC SIGNALS,2.0,25.5,4.0,4.0
0a9893ce4446eefefabf890cbd1082e5cd859d791e9817979fb6b27b8a9259316e2013547b558caae144722101ed2ea5291c085303b7a7cc7c264db307bb6faf,CLEAR,"DARKNESS, LIGHTED ROAD",UNKNOWN,IMPROPER OVERTAKING/PASSING,2.0,51.0,2.0,2.0
0a989b951f7a720b46a492f5c9e927ee2d1db52d38e118e9f4b22b1e80d9358b244a414a93d24944807d90c3c9d588a3a8dd6870f3034c0c38136b908395b00c,CLEAR,"DARKNESS, LIGHTED ROAD",WET,IMPROPER TURNING/NO SIGNAL,2.0,49.5,2.0,2.0
0a98a2e8fe877528a84ede46f05294d57c08a55146eeb13c82c588d4d1c5c376590c89d3fa27bd7b3729ce76e2c1cce98182d4fb2399ea08f08daac2c35a4c13,CLEAR,DAYLIGHT,DRY,IMPROPER OVERTAKING/PASSING,2.0,27.0,2.0,2.0
0a98cf61640a69d9bd6b5beeb08323db7d31f7c271da6e0cdfc08fbc5b78679c725da2eb78f7fd281bc8ffd7dbd1f94c5daa45a6526480ff27f5934d1f628d4e,CLEAR,DAYLIGHT,DRY,IMPROPER TURNING/NO SIGNAL,2.0,44.5,2.0,2.0
0a98e03d0d081defe314f386574e40055e1ca27f83f12cc549b48d429ecc020f602005ff2ea0b1586fcfbfc864803bb6067709fd057f8bdfd1da6cf74b293669,CLOUDY/OVERCAST,DAYLIGHT,DRY,DISREGARDING STOP SIGN,2.0,19.333333333333332,4.0,4.0
0a98f314a90ab5a760876e4276e64f85c137a1419d6eb615fa193339e6588824548db2b38dbd9da47ac2e77b96d94f6115273b69a6bc7f369776ecd37ab32bff,CLEAR,DAYLIGHT,DRY,IMPROPER OVERTAKING/PASSING,2.0,20.333333333333332,3.0,3.0
0a99002ffd6dc82bfe6e392961e1aad3b1cf65d4e6e1fa39b82adb185da65c9f599997db93122e3009286b120bd87ea833d77d5611296b50b5e4d7741863e52a,CLEAR,DAYLIGHT,DRY,FAILING TO YIELD RIGHT-OF-WAY,1.0,63.0,3.0,3.0
0a9916bc03407a5ef8becede5db43307df433684fda3237c7a74f225b99ec8cbbcfd4e5675ffd98f51d82cb1180b1b5bd202c06d3881152b237aeb76399f0fc0,RAIN,"DARKNESS, LIGHTED ROAD",WET,FAILING TO YIELD RIGHT-OF-WAY,1.0,45.0,2.0,2.0
0a991d65bb6afc73ec50cc9cdf6de017fc6b23a37b622fa36b1bb56a463b8adf227d3f87772d3ae7b95702575b0fc47889bc93cc591a3c9412b3232dbada26b7,CLEAR,"DARKNESS, LIGHTED ROAD",DRY,FAILING TO YIELD RIGHT-OF-WAY,2.0,32.5,2.0,2.0
0a993d606688244c1cda7e03d7290154ae6f195c43fba927de47a8c8e55b43e34a9e7bdd94a113e64e6b729015c330f390b549819a7d0871ccb1bedfb77b5829,CLEAR,"DARKNESS, LIGHTED ROAD",DRY,FOLLOWING TOO CLOSELY,2.0,27.0,3.0,3.0
0a9969548e11d31968a859834d4f606263ca512d59b92201a09e8aad1e0663bf74b7dad08b2aa2692c71692be0aeecaad5a8635f7212f596f9562282b572b2bf,RAIN,DAYLIGHT,WET,DISREGARDING TRAFFIC SIGNALS,2.0,31.571428571428573,7.0,7.0
0a9975e62bc63751a8674414a4d579964d88a3807f0f7b9c9ac3f5dc380424382d3e61679f682f4c43f1b51baf1855aff970633f04f67b03b8e939cbbc37e48a,CLEAR,DAYLIGHT,DRY,DISREGARDING TRAFFIC SIGNALS,1.0,37.5,2.0,2.0
0a9988130acd75356e35ba2d313bc1f2d58e780044cc7ed56e47de069aca8844ab106579e5f79c2dd7679f9ece9f621e67ffe3b4a9c7ab08f9c99c2381a53e3f,CLEAR,DAYLIGHT,DRY,IMPROPER OVERTAKING/PASSING,2.0,48.0,2.0,2.0
0a99a66b0d7e42125862dffd9de4baf7192bf60e8e40bcd2e1d3420b7d46beca304cd3ca06d6266629ff6986d4d7cfe6853937936533e7292141d53ec1424872,CLEAR,DAYLIGHT,DRY,IMPROPER LANE USAGE,2.0,56.0,4.0,4.0
0a99a6e67069764c0ca225a0be8a7972a3dc7339ce1fbcd58ec41da523cb35bc0d099a0e125cc616c58e5c51bfcf88c5ec31676a61cb79f3a48064e7f24df7aa,CLEAR,"DARKNESS, LIGHTED ROAD",DRY,DRIVING ON WRONG SIDE/WRONG WAY,2.0,28.5,3.0,3.0
0a99b43ad5fb21aaa34be960a4e50af8e72d795299eb88ef0929d9c44431d7ea0534529a35983e185c40b70e75814ce3c948dfbc0afaa888ff29df9ead69eb1f,CLEAR,DAYLIGHT,DRY,IMPROPER OVERTAKING/PASSING,2.0,51.0,2.0,2.0
0a99d39724b70053be8176359133794a613cccdf1093edb4ce8df2da48f4bdc3b69cda818447cf02d407a924292fcea984ec498644209879e95d3169c53a7883,CLEAR,DAYLIGHT,DRY,IMPROPER BACKING,2.0,37.5,1.0,1.0
0a99df50e56dca1460158fb8bb5896f4e1cbe66177c09d362272b566bc86ea05147e011d73728e7fbef35f57796d0f9c79456b769a14f6eae1dcbf0de9b4840a,CLEAR,DAYLIGHT,DRY,"VISION OBSCURED (SIGNS, TREE LIMBS, BUILDINGS, ETC.)",1.0,32.0,2.0,2.0
0a99f1387b5de580558fd85e97511dc19a123ed5fcca73fd8d66665a345658650a75ccd2d90b6d35c940500f5690be3bafbccb0d39ace3e2a53b6529b867f098,CLEAR,"DARKNESS, LIGHTED ROAD",DRY,FAILING TO REDUCE SPEED TO AVOID CRASH,3.0,27.0,3.0,3.0
0a9a06e7480d7bdb15adac5201f8c62c582aff368b31c2329eb5d81fcff57a69b74ee62158fb6dd48d594b814871edbe2123b612e08eb14b9871168b97eb8b3f,CLEAR,DAYLIGHT,DRY,DRIVING SKILLS/KNOWLEDGE/EXPERIENCE,2.0,20.0,2.0,2.0
0a9a3c6096d54505b6a509a2fd04ace46daddc92751d560a9c53ce20999d827ce07fb59d19800a419e0df26bdc49cf01603d546ee2d6516f2bf1e8c06c1c2a65,SNOW,DAYLIGHT,SNOW OR SLUSH,DRIVING SKILLS/KNOWLEDGE/EXPERIENCE,2.0,22.0,1.0,1.0
0a9a472f6078d15d11162aaa8c6ecba2552786b21d20d926c0bb833a9aafc9de0310765338d9ddd34c004f12227e557bf89b0e1c61631e1df01b2a563e22ae7a,RAIN,DAYLIGHT,WET,ROAD ENGINEERING/SURFACE/MARKING DEFECTS,1.0,47.0,1.0,1.0
0a9a619eeed9c1185b2580abe3a916a3060b7c3809a8c08849b07724ad67ae660b260f9b62674cc8d25fdba1495878a4d16d88aff135e15362766f29fbe11b2c,RAIN,DARKNESS,WET,IMPROPER LANE USAGE,2.0,25.0,2.0,2.0
0a9acea73861ae5340fa202ca8bba087a4adab759dace096f3cd91b4881a2d20c873b439d17faa4193296021c005b5610296b139a696adbc80f80a264b645e96,CLEAR,DAYLIGHT,DRY,IMPROPER OVERTAKING/PASSING,2.0,37.5,4.0,4.0
0a9ae266a50a49b6ef4a06f9da7e8add830ac49ef018c460ebffc78ac9d17164d98194f7c50f08d392cb99ef947e239f75e4bda8665e0e54fa6b7750d2d13374,CLEAR,"DARKNESS, LIGHTED ROAD",DRY,IMPROPER TURNING/NO SIGNAL,2.0,40.0,2.0,2.0
0a9aebb691b440488d497ca30634875349659c150f73aa821d1281ddb83841b3a9631e8163e7425b1986c9d8c13f96066fdecc42db750d557b048a5ed3765221,CLEAR,DAYLIGHT,DRY,IMPROPER OVERTAKING/PASSING,2.0,33.5,2.0,2.0
0a9b1e28efc5bac05fa1604c9af4834c940b08983f63b9a9f9c56515b4d360059857a53cd29c05545051fc19a29c2f08b32b2416ad0ffa9eb531df8395eb46d9,CLEAR,DAYLIGHT,DRY,FAILING TO YIELD RIGHT-OF-WAY,1.0,62.0,2.0,2.0
0a9b2ea047cccf52bf595b3c664c078040b79a98965e23dc43e36489616eaf84060b62b9706e2d556198ecce20634b822893f0f5cc9548951370171aae4d5700,CLEAR,"DARKNESS, LIGHTED ROAD",DRY,DRIVING SKILLS/KNOWLEDGE/EXPERIENCE,1.0,19.0,1.0,1.0
0a9b3b9f68a80fce5e4714713a590c9d17bec34a319c503678ba7db2719e7be23e3b4a63590c89f96d96c91ee4631ffa3dbbcec4e0c52e6539e6f1b678c10d87,CLEAR,"DARKNESS, LIGHTED ROAD",DRY,DISREGARDING TRAFFIC SIGNALS,2.0,24.0,2.0,2.0
0a9b44516c2a710beee3f3443b5e7d22f0625bddf8d7f840591b168baf3c69ffc054280b9f8b3505963108169ecd20efacb957233f9d5e8b3cfae264ac2b1800,CLEAR,"DARKNESS, LIGHTED ROAD",DRY,FOLLOWING TOO CLOSELY,2.0,38.0,2.0,2.0
0a9b582cca5effc24a8de529f307aa30b3046b513dc418664be7809b8ca06e9042b48956e04e697510949b4956340bd5cd4d6bcc4c32f38f39ab95b6624e1426,CLEAR,"DARKNESS, LIGHTED ROAD",DRY,FAILING TO REDUCE SPEED TO AVOID CRASH,2.0,33.0,2.0,2.0
0a9b6400edd38ce719346c3f620e0a3dda89bfee416d231bdd11a6bd0ec8427ef529b77f073235af93e5b5691d8abb5663b73e7c8988fbe9508f320580e3ba40,CLEAR,DAYLIGHT,DRY,"VISION OBSCURED (SIGNS, TREE LIMBS, BUILDINGS, ETC.)",3.0,61.0,1.0,1.0
0a9b8addd6d51973fdd39a7e9246fdcf4e8db214cc26f82ba94dd6aea3fbe027ca23b68997201848c5c178e10ead621b4735f1996ffb4ef35d99d9be60254cc9,UNKNOWN,UNKNOWN,UNKNOWN,IMPROPER LANE USAGE,2.0,39.0,2.0,2.0
0a9babaae038f9a52b1c5bed3196e85a3cfbee26fe8081ba87def3972558d2cc5f48b07a45c7911bf4ec7f1b38952b022973606e1231069776bab950733abf43,CLEAR,DAYLIGHT,DRY,DISTRACTION - FROM OUTSIDE VEHICLE,2.0,31.5,2.0,2.0
0a9bc3f6fd717763dbdac76627f4818fe63890f03990861b97b070678f753fdba1d6c0f43c3d7c95b9a1a8707f2aa94245fd1fac20de12c9d84a1e34dc58aead,CLEAR,DAYLIGHT,DRY,FAILING TO REDUCE SPEED TO AVOID CRASH,2.0,10.666666666666666,4.0,4.0
0a9bd8e9dcd4c6b36dea796bd311684193e6feabe063dee6b4c17616a630382476672e2c2356ac5de030214e3ed6f608536eb240e98b03d4a47218c0e99fa895,SNOW,DAYLIGHT,WET,PHYSICAL CONDITION OF DRIVER,3.0,49.0,2.0,2.0
0a9be975dc8053cd466188955d764296f191d0131e359771dd199dba88c7f8b0a29dd912054ecf12c03955b9d04a71e09a88858b52b0828185911c2627ac4fce,CLEAR,DAYLIGHT,WET,FAILING TO YIELD RIGHT-OF-WAY,2.0,45.5,2.0,2.0
0a9c084abde6e1d08e3e225fbfd3a338ea6e604350c4894ce531abe8a7c073b686804ddcc9b7898f8cbe589e5e2869a59727ab06e83de46b37d39c37dffcfe15,CLEAR,DAYLIGHT,DRY,FAILING TO REDUCE SPEED TO AVOID CRASH,2.0,37.5,3.0,3.0
0a9c37deb259bd02f28058a8958036fb05d9c17978e143dc6958ed7f15e9d996b5952d89c8571cb2b20cc96f2dd85d816db7dc10c1db0fe018374f6665647f9a,CLEAR,DAYLIGHT,DRY,FOLLOWING TOO CLOSELY,2.0,37.0,2.0,2.0
0a9c52dbe998d4afb975f2a029208d4961ebb789d2756552a014f1c905afaa455059668d0796590298bbf776bd7b23d34f447c05465549b9d0e2c432517da8d6,CLEAR,DAYLIGHT,DRY,IMPROPER LANE USAGE,2.0,48.0,1.0,1.0
0a9c7528ec842abf0da9f232197fa20ff4bc4e3550bdb8dfd6c5e2eff8b21130141c63fffcab647af108c091881b14a50bef765009de604aeff986fde03b2306,CLEAR,"DARKNESS, LIGHTED ROAD",DRY,FAILING TO YIELD RIGHT-OF-WAY,2.0,41.666666666666664,4.0,4.0
0a9c75efcad9033646338b757298480e5717456525504c422b6a23939d069c0cff8c5a715ce70c94c47bd4a6f795b2bdbeed202664d9e70c1fcfd162ab163d48,CLEAR,DAYLIGHT,DRY,DISREGARDING TRAFFIC SIGNALS,2.0,36.0,2.0,2.0
0a9c93235c2f5713838c5a4d444021cd292ba715d88ce4f49979e945294c52f5b06534b86be274f9a5abb52cc83fb94a387c94a69563379a1e6b7fe1436c90ac,CLEAR,DAYLIGHT,DRY,IMPROPER LANE USAGE,2.0,37.5,2.0,2.0
0a9cb1f2486e880cc741149283346ca91a87c587a8b9c586a9f486d263d4095c39cab9354daad7f91dcd04cbeec4adef674672e71afcb3238c500a97bfcf9371,CLEAR,DAYLIGHT,DRY,FOLLOWING TOO CLOSELY,2.0,49.5,2.0,2.0
0a9cc545e97df4b212b778fff5f8a2b90425ff35e81b653f1754fc704f4fa5faec22ba772a00df88b675f9cb21130ebafea79d7871096168d5800f80942bae44,RAIN,"DARKNESS, LIGHTED ROAD",WET,"OPERATING VEHICLE IN ERRATIC, RECKLESS, CARELESS, NEGLIGENT OR AGGRESSIVE MANNER",3.0,42.5,3.0,3.0
0a9ce4e452771a8b90fdf87e5fbdbe4c094ff9402b95d5a279e0d567a747adc35b2306c990f3c505cbcb319e2c8fab5724b2e863ccd1f7ce91dcc4c2ffe67d9e,CLEAR,DAYLIGHT,DRY,DISREGARDING STOP SIGN,2.0,67.5,2.0,2.0
0a9d25fee811de3608fe6a69e6716fda825bc76fbd817084584c4bad9834ab7e6d698c65033087550027d964b82e9b3a2a7ce8ab69925e520bafe116c4bd112f,CLEAR,DAYLIGHT,DRY,FAILING TO YIELD RIGHT-OF-WAY,2.0,31.0,2.0,2.0
0a9d3f49fcea42c2594a2eee6d16da52819e63f490036951d9fd1314d3205ec22fc9a9d1c9e817335b07089aa08c451a3e7b261b105f4b5e5db82f1ec723746a,CLEAR,"DARKNESS, LIGHTED ROAD",DRY,EXCEEDING AUTHORIZED SPEED LIMIT,2.0,41.0,3.0,3.0
0a9d5302ab40bfecabf462e07f3b4450b60f1fa9cb38cc0cc16d798d3fdcfbc1832e53c7afc75d977a6413bb36c51da0a07fcec7d66640f2da113a07606940cd,RAIN,DAYLIGHT,WET,FOLLOWING TOO CLOSELY,2.0,56.666666666666664,3.0,3.0
0a9d9912250dd0119afb5c46f2fda34e6cb899fc61da70a7da4eb6949c3fb0595e41cce6a89f004e26f9a8d10db0327a86390fc96401ded0b90054b1e7ebafde,CLEAR,DAYLIGHT,DRY,DISREGARDING TRAFFIC SIGNALS,2.0,53.0,2.0,2.0
0a9dc6205cbe35334cbd9f29af6e273c54680f3285a40b9a76bbde07ea300fc6e396d5f1cc4a5b2639f4e5e8b21c8f86470702b4b8f807afde6532fcba5f52fc,CLEAR,DAYLIGHT,DRY,DISREGARDING STOP SIGN,2.0,52.0,3.0,3.0
0a9dcc1d163f56cdf797b5a2c3a0b33e1f9906aab8f9821032adb31053b2dde87ed057512faf43ab49bc437ae3c74288cbf6b1f202e0fde619fe0b45cad46f84,UNKNOWN,"DARKNESS, LIGHTED ROAD",UNKNOWN,DISREGARDING TRAFFIC SIGNALS,2.0,41.0,2.0,2.0
0a9df5af1a4c9c5b9732fb6faa271a35b1d368b8ec70ed6af1b20270f8043417906b4fd9cc7db0616746aff4fa4f807c394810035fc3a1bc2caa0866860fc74c,CLOUDY/OVERCAST,DAYLIGHT,WET,WEATHER,2.0,32.0,2.0,2.0
0a9e476a94be26877141de0dece696738ee9f2e7c7737fca70cdfa6ec01574c0a8ad223d32eea582e32769c3caca30fa5797aec36fda1038baee93ae48739356,CLEAR,DAYLIGHT,DRY,"VISION OBSCURED (SIGNS, TREE LIMBS, BUILDINGS, ETC.)",3.0,26.0,2.0,2.0
0a9e6631430f9bdf6ddc95b0071a5e1045eab0007b90a11831ac7c24e824592989a445ab03bcc5995fdbc1ed27715052c91fefea1dc024a4a93729db91c7df9f,UNKNOWN,"DARKNESS, LIGHTED ROAD",UNKNOWN,IMPROPER BACKING,2.0,37.5,1.0,1.0
0a9e74a36b1c505d76edbb491d0ae0c287937ad695176f9de9b174d069fffecc10de1c0832f56abf82c60fbf24d70901cd98bddc667c31f7517510f9b9bf61b9,CLEAR,DAYLIGHT,DRY,IMPROPER OVERTAKING/PASSING,2.0,37.5,1.0,1.0
0a9e843891218385d9eae281fa133957c1b6f25c89d2a2db19445a5ccfc76d04d5223720e7c551a25e17c953b2a57189ea3ec90b9e5d8319fb3004f18a83e8d5,CLEAR,DAYLIGHT,DRY,IMPROPER TURNING/NO SIGNAL,2.0,44.0,2.0,2.0
0a9ebd8a044ce3b074f68acc05039e7aea00bb4fbfe203ef0f3ac63fdf8f871dd9c88ba341b00ddb1985609621f64272f065268d430a82af18e9e74c1e13ce5d,CLEAR,DAYLIGHT,DRY,IMPROPER BACKING,1.0,35.0,4.0,4.0
0a9ec2991edf32b2140931b8ce88c4abfd899ce8f77fbd1a67448c66a0c3d22ec5f8b35b74a82189c55da155cc8f4cbe1672846600a643a86748b1daed84884b,CLEAR,"DARKNESS, LIGHTED ROAD",DRY,IMPROPER BACKING,1.0,0.0,1.0,1.0
0a9ee0f6d4cff892f41d3ae08131bcef3c02f5080306e98d6f4477a46a75a9f85fcea1e612c5885a0bf4bfff99878ceadf4cf0f3691d4f17b7bd5180009e51c1,CLEAR,DAYLIGHT,DRY,FOLLOWING TOO CLOSELY,2.0,36.5,2.0,2.0
0a9f18f01652eeb1a7fbfc743b285c3ea05f48e490646566deba2b9923420112013adb76d57414242c507a54d71e7d882c6fff3f75b1e6553ef51303a8a1507e,CLEAR,DAYLIGHT,DRY,IMPROPER BACKING,2.0,52.0,1.0,1.0
0a9f1dbf5ea2fd452b48a86b7020b74d6b7a55477c7a778adc533fdceda8c28f03ef5f85a9ed414879aba1855905b07f9a80ce95013c572eb694b9a7e29e9f3f,RAIN,"DARKNESS, LIGHTED ROAD",WET,FOLLOWING TOO CLOSELY,2.0,32.0,2.0,2.0
0a9f432e93a07af2d36c546477afb12d53b237089098b1c0a329185828633e5ca066f34da50727d3c37c204e39cdbc6b972d07d3b68b99c2818e932ebb3cfd6d,UNKNOWN,"DARKNESS, LIGHTED ROAD",UNKNOWN,FAILING TO YIELD RIGHT-OF-WAY,2.0,29.0,2.0,2.0
0a9f90015a150dcbe2da0ea5aa826ed939a38bdb3a7217531b4c81028b4b43476de7cd53d09acb544ba08062b21e555123b6de1269eb2b476a06bc7768bcc9cd,CLEAR,"DARKNESS, LIGHTED ROAD",DRY,FAILING TO REDUCE SPEED TO AVOID CRASH,2.0,58.0,3.0,3.0
0a9f9029c261b7023d72457b1fb9ba95588e9c1eeb99a91411287ea3e67cf32650b3529ee1975880208346200b74c66ea28e72e1ab70dff62ad127ffda7698cc,CLEAR,DAYLIGHT,DRY,IMPROPER LANE USAGE,2.0,37.5,1.0,1.0
0a9fb0eba4cf30ea19ea6d740463fb5bddd66de76ba048f0a7f7f9c2a316128ebded5888547ec190749298f099a50f3a1ab8d1764f1a7f374d995d96e8935eb3,CLEAR,DAYLIGHT,DRY,FOLLOWING TOO CLOSELY,2.0,42.333333333333336,3.0,3.0
0a9fb99db1fa21bc7794b00872adfa91a3ce1b5b284cbc8410ff89a3f0c6b337525f40d12f44544d7aefa759f6e2bba39ca6c29c4a2f94b46b1e1894455a67ce,CLEAR,DUSK,DRY,FAILING TO REDUCE SPEED TO AVOID CRASH,2.0,34.0,4.0,4.0
0a9fba7d9a21794c1ec302dad104ed18b7578174190c7e121974d3a25ea3713a42527ae5c30cd1ff5b0f5e3991f9ceb2e659d4ba1d5a7c7b8c7f06e19c96d6d3,CLEAR,"DARKNESS, LIGHTED ROAD",UNKNOWN,DISREGARDING TRAFFIC SIGNALS,2.0,35.5,3.0,3.0
0a9fbd9b25d672ae1e2b5b518da5411bbc0d309a5ff6fbb011eb5f00c055c618cc4d33ed4d287e4ce035c8002694d920a305d2b6f3bbb6ed1c541149e2387777,CLEAR,DARKNESS,WET,DISREGARDING TRAFFIC SIGNALS,2.0,47.0,2.0,2.0
0aa01bd6efd8d868e6892902f0320a237704d878e631fa8f3f23ac94abbc44e4b9e74aeb8b4846e155517ce20515e366b40a910f608da6762b8ec7f7a8e8a105,CLEAR,DAYLIGHT,DRY,FOLLOWING TOO CLOSELY,2.0,34.0,2.0,2.0
0aa01eb5f8438c59dbc76c9a5a6872585267ae0cfce6e958ffaf1c9bfae628c936cfe9e7648b8ad85ba788e56f2aeba4fb38ae3eccf41b17c5ec49be3a28c12f,CLEAR,DAYLIGHT,DRY,FAILING TO YIELD RIGHT-OF-WAY,3.0,30.0,2.0,2.0
0aa05522c9ab19e189058fb271c760c17f0f752fe312706cd5ea0398d2414d86ce0f13ecc0cf13f0aaff801d14715b6f2e60f748dfd0acb38878249b8f719721,CLEAR,DAYLIGHT,DRY,IMPROPER BACKING,2.0,25.0,1.0,1.0
0aa06baa9627c593282a9bcf8d2e158ebb7c4587b0fedb6b352ec53dce005bb4b2fd14180bcee9c09ea77f732a599e70d5862843eae537f43532312b4bb5f2c3,CLEAR,DAYLIGHT,DRY,DISREGARDING TRAFFIC SIGNALS,2.0,25.5,2.0,2.0
0aa07bbb46740e5823828107fa9511246d5083eefec2c220a1ea56c13ce0379be226789c31d44a9b479dc2c5bebedeadbacfe09c1666853db458e8cd84c36692,CLEAR,DAYLIGHT,DRY,DRIVING SKILLS/KNOWLEDGE/EXPERIENCE,2.0,28.5,2.0,2.0
0aa09b18e7d27663326c38cb0ef3e276b6e1a70c2c18887597166eb0536ebac9c64b628622d64e56e53d84a59c6b05175839d575954f34f6087ce75bbf849487,CLEAR,"DARKNESS, LIGHTED ROAD",DRY,FAILING TO YIELD RIGHT-OF-WAY,1.0,38.0,2.0,2.0
0aa0a2c7467a636f40a7fccf3f6ea38ca9350353cc6ce7835796a8120d57d2602dafe6d2ecd370b95449e0b84fb7a63de3cab92ee74bf04d063a80d97fe2bf86,CLEAR,"DARKNESS, LIGHTED ROAD",DRY,FAILING TO YIELD RIGHT-OF-WAY,2.0,58.0,2.0,2.0
0aa0a2fa3cd6eddd477f3deeed3c848003adfe0eeddc0768e7e2848d22c26ead1daf6d1d0d950731a26e87fce189815919ad21b2ed69874453a38331e4efc021,CLEAR,DAYLIGHT,DRY,DISREGARDING STOP SIGN,2.0,26.0,2.0,2.0
0aa0a824a37b95b0a53bf52db578125023f1cd0f8ed63be62c650c5e4e66646ed86001dcf2387853ea977fc19047b8a0660dd35aa4bce35c320d82f16e57b020,CLEAR,DAYLIGHT,DRY,IMPROPER TURNING/NO SIGNAL,2.0,37.5,2.0,2.0
0aa139147157cd3dde75df46985d1760729aaced9bd04322f3e7106bbc34cfa8d6d00e1baf44a62559b1fbbbe5ef55e446a8a4c51158769bca4be8aecbd6f560,CLEAR,DARKNESS,WET,IMPROPER TURNING/NO SIGNAL,2.0,26.0,3.0,3.0
0aa1479ccc2cb4fc127bc45433e0ebb9c6cf744e61216874aff48afc0a42ac127cfda46236af96abec77008147acd125fdac84a01ffca1c4eab19774c51d7383,CLEAR,"DARKNESS, LIGHTED ROAD",DRY,FOLLOWING TOO CLOSELY,2.0,32.0,3.0,3.0
0aa1689c4d3cc5463236bce03784e694389deb9ce83b23df9f6162bd1421b527390c054ceb16ad9b9a87db200cfaa1962d7c1b7abf3dff6341852c7340150852,CLEAR,DAYLIGHT,DRY,IMPROPER BACKING,2.0,24.0,1.0,1.0
0aa17d06219a6291c618cd6686e878c614072944b0001f0eefc4d0f73908617069189cd2cbaa5140b42c4e319b9d79282cd7f7a455459964b0c9e45441cda942,CLEAR,DAYLIGHT,DRY,DISREGARDING STOP SIGN,2.0,37.5,3.0,3.0
0aa1abe433d27384781812c2c8b09aa84612d7de383a7bbfa60c596990f80d7969e808cd738791fb5661cf98104fe9ddae80837cc0fb48ce2456204fcd395ef8,SNOW,DAYLIGHT,WET,FOLLOWING TOO CLOSELY,2.0,33.5,2.0,2.0
0aa1eba2209a0a90be4acf62615bb15ef7ba904ebf603dab41e78d5b94744d12f2cdf5d7eb18280392a4f2698767bf7dfc6547a88c7740ee45c3493388a4053c,CLOUDY/OVERCAST,DAYLIGHT,DRY,IMPROPER OVERTAKING/PASSING,3.0,35.333333333333336,3.0,3.0
0aa1ef9ed212defcf6e076f2b4138c0ff706f0523874ab7498994943fdf36c1c199879a2cc5e09ebf940fdde3c6d2467635a97a0135bbea9f7497428410df703,CLEAR,DAYLIGHT,DRY,IMPROPER BACKING,2.0,51.5,2.0,2.0
0aa21060ab4cc8ccfd7a52a7d07b1bbb686fe3215ecd64c8621a799bdbac4bda4d37c6f7350944e6c03af4a1d408ca9e33614f0f35054fc13885aeeff683cbab,CLEAR,"DARKNESS, LIGHTED ROAD",DRY,DISREGARDING TRAFFIC SIGNALS,2.0,40.5,2.0,2.0