crash_record_id,weather_condition,lighting_condition,roadway_surface_cond,prim_contributory_cause,total_vehicles,avg_driver_age,total_people,total_injured
0aa21495f827e410c090c9e6d9aa6b120ee122f8617a019e94914c675b7126f1444fe1734864a13632923dca2b3464d354ad3a16fb5900f63aa5cb134c1e5fd2,CLEAR,DAYLIGHT,DRY,FAILING TO REDUCE SPEED TO AVOID CRASH,2.0,23.25,4.0,4.0
0aa2235b802ce0060520b4b48553414af416b7049cf9fbde7cbc9bae1d3a58268c3d6c00602adaca61d26f37a19bcb4185caec96c7d7f6daa94c099236ba3d32,CLEAR,DAYLIGHT,DRY,FAILING TO YIELD RIGHT-OF-WAY,2.0,30.0,2.0,2.0
0aa22cfe4ec602c5109559d6ce11d10f34624a9753dc9c0684c013e9fac3ac35a8b24519a069254246bfeff2c0ad85cba230a1ebbb113f8b4411f1865cd4ef0b,CLEAR,DAYLIGHT,WET,FAILING TO REDUCE SPEED TO AVOID CRASH,2.0,48.0,2.0,2.0
0aa26c74d8b970d1a82923989ceb77eca02d1f31ed1d7352b8eab0c9d6a7b182ea45020dcf3cc4862bf2d19b98c7bee16b93a01f7eda6f9a937e725ff2f0f86a,CLEAR,DAWN,DRY,DISREGARDING TRAFFIC SIGNALS,2.0,54.333333333333336,3.0,3.0
0aa2992ec58fc437242572cc8bd6902ded48e4ea8e5d9616e85f6ec5688e7c0b4cd0d3cd28b993434803c4b337f2b7a744587e2c6109b7ccbf6df359e8c4abcd,CLEAR,"DARKNESS, LIGHTED ROAD",DRY,FAILING TO YIELD RIGHT-OF-WAY,2.0,32.5,4.0,4.0
0aa2a38fd4eac676dbfa1091148b749d6d0c22f2bccaa6067c9039b5350acd83fc3c081fcfe6ca429955610e6c263b73d8f709cf752c07c8a4cd0fa7ac235e94,CLOUDY/OVERCAST,DAYLIGHT,DRY,FAILING TO YIELD RIGHT-OF-WAY,2.0,59.0,2.0,2.0
0aa2c7ac977232c01ad0ee63cde6a19b989d0eaf37787e376b66d4dd482faf4a0764fcc98da4a488e4966e61da227d595fd9158619ccdc022209ae20fcebf8be,CLEAR,"DARKNESS, LIGHTED ROAD",WET,FAILING TO REDUCE SPEED TO AVOID CRASH,2.0,36.0,2.0,2.0
0aa2ef4106274702143bb6174034029904dc2d9c8e16ebf3638d1f3821e8c03839e65792f48b83d03cc7804baf7b1c865712985cdc2fe15ea9204a3ac6518884,CLEAR,DAYLIGHT,DRY,FAILING TO YIELD RIGHT-OF-WAY,1.0,24.0,2.0,2.0
0aa2f688a829dbfba25c4445d45eaaf906e5bd8ce752bb52a93e2b11f2412bff7c1ef241fc32af3a1304408b1f49ffc1863b35cd9b69d357c0f4b5e0fc664d6e,CLEAR,DAYLIGHT,DRY,FAILING TO YIELD RIGHT-OF-WAY,2.0,28.0,3.0,3.0
0aa3168331bc21f06c5f3beaadda84aae5264ded396c628e2e2115153171913364790bf4045d45898e6db572d26725ba553ee52de23aa17011c5f8f343a180b5,CLEAR,"DARKNESS, LIGHTED ROAD",DRY,FAILING TO YIELD RIGHT-OF-WAY,2.0,50.0,2.0,2.0
0aa328d942389b536afa2cd80ea41a8414ce751fdee683e2c20c79731f1e5457d370ad4fd5d83586b7eefd39574e353942c806d0647460dcddd2137ffebae7e2,CLEAR,"DARKNESS, LIGHTED ROAD",DRY,IMPROPER OVERTAKING/PASSING,2.0,49.0,2.0,2.0
0aa33020e3f6d747138f73319cba82959dd1ae4eacf6b5a455b4e68a6487793b6e7743a40df54c16743b3693003a82a76011111135e1187ed80f02af8205c677,CLEAR,DAYLIGHT,DRY,IMPROPER OVERTAKING/PASSING,2.0,47.5,5.0,5.0
0aa339dc3ec1904d616de70929368b05d5e461a410b281056dfefcedf195fceb7fa10280ad187dcebd816b107920cec6471262d04a44904b10bcb723f3527a33,CLEAR,DAYLIGHT,DRY,FAILING TO REDUCE SPEED TO AVOID CRASH,2.0,49.666666666666664,3.0,3.0
0aa340fa8cf226d3ef0f3af059f6240306108dfa3eaf8cd7b21be62bedf120c7b0de458756dbed48b0a878cd0e0016a95d3de6379c64b1984555d14d86455e56,CLEAR,DAYLIGHT,DRY,IMPROPER LANE USAGE,2.0,52.5,2.0,2.0
0aa35cbfff14a3578d18a41ea3b8ac5c169e42d6cde03f3d59fba92b7616592b570b039a6de4ee36fbbe61827ec78f3780fd0d4e48960000ca38ddeb2e7e93fe,CLEAR,DAYLIGHT,DRY,IMPROPER BACKING,2.0,33.0,2.0,2.0
0aa3789f42edfbe922ecd33413763d2972b440894539f5ff2596986eebb25f8c16c5f26a4d12bf589081ae2d6b0bbb8d13b779d86a25f440e052cfa6e63f353d,SEVERE CROSS WIND GATE,DAYLIGHT,WET,FAILING TO YIELD RIGHT-OF-WAY,2.0,40.5,4.0,4.0
0aa3bf3b4bb8fa0c42906f266118af470a807288cfc51ed9a3b4a8334b6e5e4a2b6503f7ab5b307f1b69b476ec846f616ec0006d7370c4d538de39d3480227a6,SNOW,DAYLIGHT,SNOW OR SLUSH,WEATHER,2.0,41.0,1.0,1.0
0aa3d230bed37ea8cc3bd6d82f2898c52fae5ee453957be3b91172bd2c57a31d1630b6825e10ecd1ca5438dcc7de850ab99d8835f5307bfdbce7ccf8b3fee668,CLEAR,DAYLIGHT,DRY,IMPROPER TURNING/NO SIGNAL,2.0,37.5,1.0,1.0
0aa3db0e3e618336a63bf8f980fe18bfab39e5e7e9ec652880349b9aeb71d4ef3184e20dcc15a4a6ae9f0eabcd92bd4dd9e75733a971f28f65de1d3d5db7d75b,CLEAR,"DARKNESS, LIGHTED ROAD",DRY,IMPROPER OVERTAKING/PASSING,2.0,78.0,2.0,2.0
0aa3e924739bdb89791dafd0868a12d4e8bf5ff6a5074377f6d4f09ff606ee1f6e08ef8eac9f9fede9c8e08d0d3401975bb270f58ccb1dc4616755121ae3618c,RAIN,DAYLIGHT,WET,FOLLOWING TOO CLOSELY,2.0,44.0,2.0,2.0
0aa40e018701d0126b42438a995954a7c335a53ef8a71fb265bd7c1a13a1a5f2818b5364b85145aa12c100a6bba8fc30d13cb4ff158c05c9e17908e7a5c21965,CLEAR,DAYLIGHT,DRY,ANIMAL,1.0,37.5,1.0,1.0
0aa44e40989a20bd02b5055140cd876cfe25c94f3150670236d14dfac6ddd40b485feb451a9102b389fda02939daf4b3c1cf1239f6011dc2b159779b924bd3cc,CLEAR,DAYLIGHT,DRY,DISREGARDING OTHER TRAFFIC SIGNS,1.0,61.0,1.0,1.0
0aa4513ddb54a07478a1a1b6f4a8a5827edf3df93d7c783e0e69ce4ac8f2e5246d3c0a1476054256299865f67cb2c7894c3942cfc84449a84aab662bb36c0d9f,CLEAR,DAYLIGHT,DRY,FAILING TO REDUCE SPEED TO AVOID CRASH,2.0,27.0,5.0,5.0
0aa456f6bf994efa73fa9ce9d69a0d2ee291b2a73b771606f9f55fdffac45123a00f0ce63cc384ef6ac1f80af33798f932d33c9f36e3b3ac27d27170b1369e51,CLOUDY/OVERCAST,DAYLIGHT,DRY,DRIVING SKILLS/KNOWLEDGE/EXPERIENCE,2.0,34.0,1.0,1.0
0aa45a43df540b906dbb1a388c1bb74390cd36e8731104368703e08ea290a3ca4a5efa8360cd10f21e78fe0a82879054197c39bc7df69a57fdf2798bb0108e00,CLEAR,DAYLIGHT,DRY,FAILING TO YIELD RIGHT-OF-WAY,2.0,12.0,4.0,4.0
0aa46aa510df8bb059cf7f4bcb5978745f6be0769f3e331215a0629ad2f38ab0fd41a099ddc3656ecce4b0da6e35b1b47f08748596233ecdd81f1849ac467c07,CLOUDY/OVERCAST,DAYLIGHT,DRY,"DISTRACTION - OTHER ELECTRONIC DEVICE (NAVIGATION DEVICE, DVD PLAYER, ETC.)",2.0,35.0,2.0,2.0
0aa46ca74916dba90869a9223055b0ba989a9a1e1c86f7c1d166523c10f9ab572064addb35a987db5338f8a2436f7c2f521ec8bd8dd89f889cee86ff6161e447,CLEAR,"DARKNESS, LIGHTED ROAD",DRY,IMPROPER BACKING,2.0,37.5,1.0,1.0
0aa46d1db065bfae27872ad8e6dd1a2d70e4a83cd06bc9ce9d7ba7ba73b1a4604bb29e4d40550142815ceb9527421d326049160e29066afd0d502495fbbce72f,CLEAR,DARKNESS,DRY,FAILING TO REDUCE SPEED TO AVOID CRASH,1.0,21.5,2.0,2.0
0aa470e1b1635922f9c5b2dbbf9297eae780cd2d46412c38b2bde3d47dbd946936db592f1aa8582a0f8d890ed29479fcbe47761b87e6475d60b00d95df9a40a1,CLEAR,DAYLIGHT,DRY,FOLLOWING TOO CLOSELY,2.0,35.5,2.0,2.0
0aa4bb368283c2965409cb892480db93e2e0adb78364b21970603d7926f71faa265ec526df3ddee3a5e5d683c948a6244fe77be3d8c85b437dd5813a554b8193,RAIN,DAYLIGHT,WET,EQUIPMENT - VEHICLE CONDITION,2.0,35.5,2.0,2.0
0aa4ccd89061cba45c122b2f4cee3a8fb28bc8ddf16dae6b69e54c967705a2307fa6543a9da6134220a742a067cb73011a1544a70247737ca9df4087b57672d8,CLEAR,"DARKNESS, LIGHTED ROAD",DRY,ROAD ENGINEERING/SURFACE/MARKING DEFECTS,1.0,46.0,1.0,1.0
0aa4ee020fb2de1c035dceebda99024cad2aef7d0f22ec60d35301347d305d1e571b0da19c1e1826ea88f13178bc4c46acb7279b5dbe15c8f73788e856930d4f,CLEAR,DAYLIGHT,DRY,FAILING TO YIELD RIGHT-OF-WAY,2.0,71.66666666666667,3.0,3.0
0aa527dfff2e0a64abacf895f869362854da6a8200a35652495193e54e0a552a26b3d965f8458b5ecbab2e19b209456dc170362c7ae481c83170077fa079d763,CLEAR,DUSK,DRY,DRIVING SKILLS/KNOWLEDGE/EXPERIENCE,2.0,39.5,2.0,2.0
0aa548f80075a8d7eb851bdd4238bd4c1c3ffb481203e60a9a5428f2ee66b2d7c01fbb6c931e67f953070167b055f2d58b8329a7ebf1137c7126e1898788509c,CLOUDY/OVERCAST,DAYLIGHT,DRY,"OPERATING VEHICLE IN ERRATIC, RECKLESS, CARELESS, NEGLIGENT OR AGGRESSIVE MANNER",2.0,37.5,1.0,1.0
0aa56584719a69fff0657e7fb39ce4ecdef92d34a365e14d6e6cacbed0bc07ab44c01eed4ee2a3cd81b725f84ee36b6f1a1e49b2f8f367316007b38cd50aa907,SNOW,DAYLIGHT,WET,FOLLOWING TOO CLOSELY,2.0,18.666666666666668,5.0,5.0
0aa56bc511cd0e8a201c1e39667d7265d2ba901718b8e4eb488ae2107d6730b5a8cf4c61948650e59fb79d53616660f71141367ccabf000a4bd9ecd2653f87a0,CLEAR,"DARKNESS, LIGHTED ROAD",DRY,FAILING TO YIELD RIGHT-OF-WAY,2.0,32.0,3.0,3.0
0aa5770665773369fff2f954ca6d19f4b138e74307ac93c47f40f6ba9514920412613cd99c1c194f7fd3695fe957c4344d82ee65e688312449484c5452b26762,SNOW,"DARKNESS, LIGHTED ROAD",UNKNOWN,WEATHER,2.0,25.0,1.0,1.0
0aa57b024b2480009d66d97f5ff90c29fb230175b8343e911259a077a4e7b9629e627acd508a3f1a8c5747e57be040380a6c4aa4a6fbe61a41d26322aa70c63b,SNOW,DAYLIGHT,SNOW OR SLUSH,FOLLOWING TOO CLOSELY,2.0,35.0,4.0,4.0
0aa5a00fdaecfaf61562bb4b0604bd2b40eb117d9b2468a161617c54ac26a6d7d105c6f0fd5db1dde83a5b3f97b561f44940bbb585e0a51709e1adcfb2193021,CLEAR,DAYLIGHT,DRY,DISREGARDING TRAFFIC SIGNALS,1.0,37.0,2.0,2.0
0aa5a649b9370be21cf9fea0b89e6bcb6e478dc13d470e3c4b08a4c0536676ee996ba3a2737acc6b08687d0f02f7ed81c46bb5b7b7ba93018a81a7e6decd4455,CLEAR,DAYLIGHT,DRY,FAILING TO YIELD RIGHT-OF-WAY,2.0,44.5,2.0,2.0
0aa5b8e37736b4aedd6d8b4650aa6e00647485f207cf1f514e77ea3ff89e082b09ceb52682b65b473b4f05aebe01e48b9b59e189ac6792222c35a3e5341b3e7a,RAIN,DAYLIGHT,WET,IMPROPER BACKING,2.0,36.0,4.0,4.0
0aa5daeb17d65e83d3a130fca599d46249923abd3da0037563a6db2d99f93df8260eb0527bbd96699488d58e13b950ad40ac21145efe5e957a06dbf6cffcf75b,CLEAR,DAYLIGHT,DRY,DRIVING SKILLS/KNOWLEDGE/EXPERIENCE,2.0,37.5,1.0,1.0
0aa5dc46df76853cc145db7e906ad73241a25d7b39c655207aac8c56ac5e6ce8a666675be39f46c36c48d2925a046b9cff6e01328ebb5db589de3f41d9094d1c,SNOW,DAYLIGHT,SNOW OR SLUSH,FOLLOWING TOO CLOSELY,2.0,43.0,2.0,2.0
0aa5e1ca67f72a116cb4d573ec0582c518e0e3aece480b2b5e07a105ec973fbd4e777c73b59c65037d449314029247de570be941b2b24d6b91776544a460d83f,CLEAR,DARKNESS,WET,IMPROPER LANE USAGE,2.0,61.0,1.0,1.0
0aa63252588d55d818c6dda51afae327ae5f3206245e5039419dc49911ec531929b3b569a682043238514ad1f3003a71f7c44d34a7f05bc67e5f58ed068ff4b7,CLEAR,DUSK,DRY,IMPROPER LANE USAGE,3.0,47.4,5.0,5.0
0aa646644fefaa0592fde45f369c93df59a01ac08f9dc8398fa2e40ed6fcc332402d6b6a11b22f9fea94cf8bc834550d05dc7e16f0547309d97ea34a3478127e,CLEAR,DAYLIGHT,DRY,RELATED TO BUS STOP,2.0,13.5,5.0,5.0
0aa66bc92631fb81f893643559cd5af520caa32d57558a708e15d21a67c382ba401bd73ca5dd055ccc48f04086745f028e3c9ff5bf2c9419f3bd9d4429957d16,CLEAR,DAYLIGHT,DRY,FAILING TO REDUCE SPEED TO AVOID CRASH,3.0,34.666666666666664,3.0,3.0
0aa67ab923283c6ac3cca6be55f6c8d9b73f4629eafa81d35ead567a54151315b13333409f089771554152c4e96d11a168ddcff4c9643d50ba2b9e3fa1514edf,CLEAR,DAYLIGHT,DRY,FOLLOWING TOO CLOSELY,3.0,14.2,6.0,6.0
0aa6862e1a7b9c647803b5a6a785965028ed0787fe2fef2551f6a7d8a0eed12e76ffb4987cfcdc4513f7197b3badb79ca4b16ad30c75f79c2c6f0a6b161b5c59,CLOUDY/OVERCAST,DAYLIGHT,DRY,FOLLOWING TOO CLOSELY,2.0,37.0,2.0,2.0
0aa686da43f9cff0e58604fc4423248656772bee40a7dce7d064a4854d64531b432ec7f8d37fb7bbda4d613571a2af2aed13e391d56a92ca7ce81de0d13a5010,RAIN,"DARKNESS, LIGHTED ROAD",WET,UNDER THE INFLUENCE OF ALCOHOL/DRUGS (USE WHEN ARREST IS EFFECTED),3.0,52.0,1.0,1.0
0aa690bc22a6541458c66612fb5546e2e3182066c39e365bf924b602b62dc0bb11972cede4509bf30bcbfbc1b168985b4a1b0cf931ede89e0e06e2219ac925ef,CLEAR,DAWN,DRY,"EVASIVE ACTION DUE TO ANIMAL, OBJECT, NONMOTORIST",3.0,26.333333333333332,6.0,6.0
0aa695dc16f8930af30bbfa7fb35480500f80e0b696ae0e791ff61ff14bc7282027f64e2d2d185d7458c331b5fe70681ffeea4ffeecdcf72d50e949607d7741b,CLEAR,DAYLIGHT,DRY,FAILING TO REDUCE SPEED TO AVOID CRASH,2.0,44.0,1.0,1.0
0aa6a8c9d4fa02b387e48b85f9e8ee5063ffe06cdb1e43946dbc74f3ab13e19eb0e599669f6265260a4a2b7cbe8a33cdd12d868a79159c86fefe6c8fb37934e8,SLEET/HAIL,DARKNESS,WET,IMPROPER TURNING/NO SIGNAL,2.0,27.0,2.0,2.0
0aa6c05d903e881e0dcef8eb8b0986dc863a0f583fbaa32168bbf294b46601a848bb15c031816340169c6da4219fdd60ba741d72120613b2990182917e8d369e,CLEAR,DAWN,DRY,IMPROPER OVERTAKING/PASSING,2.0,39.5,2.0,2.0
0aa6d282c8b6352b8892b69cf7a497bb1a00241e4d013b8bdd5434d1974ac8dea1d37cc8b6673e265b44d360a9be98883d5ccdeec126aef14547bf7c7474b6ba,CLEAR,DAYLIGHT,DRY,FAILING TO REDUCE SPEED TO AVOID CRASH,2.0,20.0,2.0,2.0
0aa6e34696b11e1a54f0d6dc2e6082b9d51502588dd846ceae4ce2d7c8fc81363b035e7dec485e2ebd64e90da09a4a18141f0df1ba9b9cf5243e4256050203c8,CLEAR,"DARKNESS, LIGHTED ROAD",DRY,FOLLOWING TOO CLOSELY,2.0,40.0,2.0,2.0
0aa6e4800246c81394d9433b71fb9abc0ee00e2374f53ac28ec4abe8defefeeedc8505d697ea75436084ba01ee691d9889f6b246f96c373e983c912b475e12e0,CLEAR,DAYLIGHT,DRY,DRIVING SKILLS/KNOWLEDGE/EXPERIENCE,1.0,46.0,1.0,1.0
0aa6fc22437e2614303abd2dac287385da1a990e43b6175a9d9812c8e460198b71ec2bddeb421159d06526026a96c27fceb1870e6fd9024f7ac584003a33b51e,CLEAR,DAYLIGHT,DRY,DRIVING SKILLS/KNOWLEDGE/EXPERIENCE,2.0,43.5,2.0,2.0
0aa704e769bffcbb48853c6a556ab9635c541511a70e2c76438622cb98b636e9561a1489ddb1b0c71b85faa7f4b93e40c60c7dd51ce0837feb98051b9cfc503c,RAIN,"DARKNESS, LIGHTED ROAD",WET,FAILING TO REDUCE SPEED TO AVOID CRASH,1.0,37.5,4.0,4.0
0aa70ef8542505800c20a486abda5274cf81cb11ede2d357401f387725da4cf3e3c9b0856e7dc5df332e5dfb875adf07a00d236bc61d833dea9735e8d4a61d83,CLEAR,DAYLIGHT,DRY,EQUIPMENT - VEHICLE CONDITION,3.0,43.5,2.0,2.0
0aa718b9b7cfd32ecce38cb81fde80fd221ac784adf07de35ebc69df57ca2e2d90b32e56dcbca52886d574905b4bad1dab29f94f52379a2c71d381f970b48571,SNOW,"DARKNESS, LIGHTED ROAD",SNOW OR SLUSH,EQUIPMENT - VEHICLE CONDITION,3.0,54.0,1.0,1.0
0aa74391feb304e531ad03d9da8acd733a57bd9e73866ae7e14a0e9d24f18aaa90788ae3e0d7c4cb2df76426087599a38a102127551bea3c35bfdcd2a9760bcc,CLEAR,"DARKNESS, LIGHTED ROAD",DRY,FOLLOWING TOO CLOSELY,2.0,42.0,3.0,3.0
0aa747520f773fa8c8366605268a3aeaf30ed1196349036879f5a553c6f0732d5f4b5a8745b1f38f98ea51a8fa274898865c433a876ea3c9291eb77f442db8fb,CLEAR,DAYLIGHT,DRY,UNDER THE INFLUENCE OF ALCOHOL/DRUGS (USE WHEN ARREST IS EFFECTED),2.0,30.5,3.0,3.0
0aa75933863b38cb9033562153b28621b47e2cf2c26e642720bee54360875b4d69c236127ead23609ba22e30cb4213aa35ec3f0f3af66cc2e0bc0487e4a8f9b4,CLEAR,DAYLIGHT,DRY,IMPROPER BACKING,2.0,52.0,2.0,2.0
0aa7dc1d235adabed1febb6530ca2e12577ed2706809135260a4560c3aa176b8d94aa8498e3d3e6650621c55564f1eaa90e7f1a3f17b277ce08ac18f420335af,CLEAR,DAYLIGHT,ICE,WEATHER,2.0,28.5,2.0,2.0
0aa8115b397797c7ee038dba4c87705f66e5218089818d834b8e285bcd8025f815378d85f4dc1b2fbd8e8b4f31a4cb73f10f644601e472de4f191534219467ba,UNKNOWN,UNKNOWN,UNKNOWN,IMPROPER LANE USAGE,2.0,37.5,1.0,1.0
0aa8618cfc19b68dca537fa3612eeec7e9f61b381dee73dc835c0b148ca28d594a44ffc520eb82c8c9255f8f8529198b0967c77b778c24343b57040395c07195,CLEAR,DAYLIGHT,DRY,DRIVING ON WRONG SIDE/WRONG WAY,3.0,30.25,4.0,4.0
0aa87cefd0f48bf24cdb2e0f9365fed1e69dc38e1b707ef1327a37babecf7d32f21451ddc31b60644eb41ab436f35833ce7951a3424bece774fbeb9e6c023162,RAIN,DAYLIGHT,WET,FAILING TO REDUCE SPEED TO AVOID CRASH,1.0,21.666666666666668,3.0,3.0
0aa89eb798f71bd60bf9f4a469b9c43df74f45c3a531c52baf7790739a882f52430f808e6ee2c03b5b8fafccf05d2b4f3cda38986ed1e4d42324cc6b07eef340,CLEAR,"DARKNESS, LIGHTED ROAD",DRY,DRIVING SKILLS/KNOWLEDGE/EXPERIENCE,1.0,31.0,1.0,1.0
0aa8a2dc0ded809ce51ba4dd137c006a7a84339d951fa1f984968a3ca2f501d8977633bd6004e046ae603da352a781420474f6cd973d0d9df62e90331f258d61,CLEAR,DAYLIGHT,DRY,FAILING TO YIELD RIGHT-OF-WAY,2.0,33.0,3.0,3.0
0aa8dc2f1cc74ddcb3ebf514852a6453c46598261f10e837cd3f8e14f1d2e2fb4df5a40ca9883fde320be8c7cc6c69a44652c44141742135527ccdf448a42102,CLEAR,DAYLIGHT,DRY,IMPROPER BACKING,2.0,35.5,2.0,2.0
0aa8e6c1ef154f5df605f34226d567113ff63165dbcdb0b25b248c753b47bc92735e8240ba85b79ead89a7c30e6c17481344fde0ba493464ec7abe197fd018f1,CLEAR,"DARKNESS, LIGHTED ROAD",DRY,"OPERATING VEHICLE IN ERRATIC, RECKLESS, CARELESS, NEGLIGENT OR AGGRESSIVE MANNER",2.0,22.0,3.0,3.0
0aa8f185eea759eead967622e8d09fe629f2915066ca2510fe2a4451425c8bf82eb0736864c277210a7b853b2e00e8f408ad4d54156a5d59ad0ca629a82df629,CLEAR,DAYLIGHT,DRY,DRIVING SKILLS/KNOWLEDGE/EXPERIENCE,2.0,37.5,1.0,1.0
0aa8f6c4abc454b57a05b39cbbbeb5472c5ad2bc8bb906f49e1c28a880039cc5b42bc6f29e403953857c52c4de9d13ffd95793306a0e80bf1d9431adb9c77405,UNKNOWN,DAYLIGHT,UNKNOWN,DRIVING SKILLS/KNOWLEDGE/EXPERIENCE,2.0,25.5,3.0,3.0
0aa92aabebc80aa499f47d242e420eb0c05bedd0ff2bd6423a34565c2eb2ef5c705660911c796a423b85725343a27a7827912d393f952ba245a7fd8dbb94a403,CLEAR,"DARKNESS, LIGHTED ROAD",DRY,DRIVING SKILLS/KNOWLEDGE/EXPERIENCE,2.0,27.5,2.0,2.0
0aa98233fa6fa362e08cf51ff788d278142d0692f5a5b4cccf91bf7807f754a4106d83d018139605dce264f378969dc19b6e38ffc2d15cd55fc24032d92b0028,CLEAR,DAYLIGHT,DRY,FOLLOWING TOO CLOSELY,2.0,61.0,4.0,4.0
0aa9888a126132025df1ca31d889e505c4648679249a3e6b9f763d1bda8fae739a851d7be422b53afdb72566c3d1e2c551a17bb09ff64d4f48d7557a162d0b8b,CLEAR,"DARKNESS, LIGHTED ROAD",DRY,UNDER THE INFLUENCE OF ALCOHOL/DRUGS (USE WHEN ARREST IS EFFECTED),1.0,55.0,1.0,1.0
0aa9a6619ea2522fa5d59c368aa27a312424b72df13c0e1af0249895bfd904b23db7f85024e555fe6e72bf728d3e216cb1c0bbbabc1430db332acfa3163c976b,CLOUDY/OVERCAST,DAYLIGHT,DRY,DRIVING SKILLS/KNOWLEDGE/EXPERIENCE,2.0,44.0,2.0,2.0
0aa9bfef5891f1824e77b1fc239707db5142793b654eaedfd10c2aa32daa99223654132fc4926b0aef38eebe729afcab3a38f4435209f048fe75976e13874f53,CLEAR,DAYLIGHT,DRY,FAILING TO YIELD RIGHT-OF-WAY,2.0,32.0,2.0,2.0
0aa9ce38fc338c65cbdcae35ee6fb9cb73b3faaadf9f34a60b738f13d12d50d2aa31966c7e6b92a8ed10d9d955a94b31a56bf5ca2ced6d7a0401657cded8ca33,CLEAR,"DARKNESS, LIGHTED ROAD",DRY,UNDER THE INFLUENCE OF ALCOHOL/DRUGS (USE WHEN ARREST IS EFFECTED),2.0,29.0,2.0,2.0
0aa9ed811c4695c2489bd4bd2bb728bfa335c5343b0f3064268ef165939c4bdcde5e7c2750c3bb743b43fe254d59684d0cd89527e544283739c7f1574f2e777b,CLEAR,"DARKNESS, LIGHTED ROAD",DRY,IMPROPER BACKING,1.0,37.5,1.0,1.0
0aaa129b8279052b0ae4832ec16129e395fea550533ecb020ac1cc97fb7dd7be5d22800c287f39aa89870e176f5ab411e9f94cf7700f302648134667ea5cc94a,CLEAR,DAYLIGHT,DRY,FAILING TO YIELD RIGHT-OF-WAY,2.0,41.5,2.0,2.0
0aaa28fe5cb09ebae1ecb17e3fb89498916bad7b9769983bb3af2c73244c853006ca63c425eb900ae520c8247aa585c89aebb3926ed9e4fca8d585db7d6b71fa,CLEAR,DAYLIGHT,DRY,FAILING TO REDUCE SPEED TO AVOID CRASH,2.0,37.5,3.0,3.0
0aaa4e956555d9e8ce2a9594ff968b98710ec2e0dd1a2d3fce20c64ef36e28b01ba2f732de3a4b7c87738d5f0d28620c9dc94be120b3662477ee12d9f78fb887,CLEAR,DAYLIGHT,DRY,FAILING TO YIELD RIGHT-OF-WAY,2.0,26.8,5.0,5.0
0aaa685fe2463ed16004ef47cf5f32f0ffede84e9082b9bd7e4c1e68d3f2e976789cebeeb159bebd58172bd071ba6d83dfa57fda02418225ced0dc6d98cdb0d1,CLEAR,"DARKNESS, LIGHTED ROAD",DRY,IMPROPER TURNING/NO SIGNAL,2.0,27.666666666666668,3.0,3.0
0aaa977ea0fc848ea8074104a0f5812b993bbafcc8328e9fffc3495d469461485cdedc5cc009e9767cc3c52ccda1465c51a1f761c3bd604a104ea14891be617c,CLEAR,"DARKNESS, LIGHTED ROAD",DRY,FAILING TO YIELD RIGHT-OF-WAY,2.0,59.5,2.0,2.0
0aab029364919f16727be1dbe6bc4b2d64c66a864c29786624885abc74bf772fe3986de345d2beabfd13d76022ca02bf4b1905929c48acb98411ebdad9e2a2bd,CLEAR,"DARKNESS, LIGHTED ROAD",DRY,FAILING TO REDUCE SPEED TO AVOID CRASH,2.0,26.5,4.0,4.0
0aab28f78ef5bf5c4258c6a03f10c3e8de6b694a0d192879f8ebb4b2afe7beafd2fdb87c1ef983bc57ee530543ab2191dec2b5c0089f9d097d18c8ddf294239b,CLEAR,"DARKNESS, LIGHTED ROAD",DRY,IMPROPER BACKING,2.0,59.0,2.0,2.0
0aab4aaebb9a9327b2c53d1193be6ba5943668ce5c131b0c37d59e9902b53ce3354c7d2ec3a8f4f5e10868f64a4683ddc3c7f21e784d93be6ada001128ea4038,CLEAR,DAYLIGHT,DRY,IMPROPER LANE USAGE,2.0,45.0,2.0,2.0
0aab8db3bb684b7d5de80a9ca4786d5da978fbea5749e315e70307b8e53f209ab1b04d70a355ab0be0625b01e0d85deab13f19fa9ba0fd101ff9940a9a4fbe80,CLEAR,DAYLIGHT,DRY,IMPROPER TURNING/NO SIGNAL,2.0,47.0,2.0,2.0
0aab9cd2b9479bb3118064277d91113a6ecf1a3636b21109ee1deabbf127d184a555c2390d81c9164e4a9cb530b0acb57a03b8d827e067f95f9358338aa695ae,CLEAR,DAYLIGHT,DRY,IMPROPER BACKING,2.0,55.0,1.0,1.0
0aab9ce1c6d054a9c3089f7be18a9b744274f229e180612c0f5ffd44beae630c7f235fe53a5af7441b8ce1cc95b155f7f123634d1e93d7aba5d440342ebc9fe7,CLEAR,DAYLIGHT,DRY,"VISION OBSCURED (SIGNS, TREE LIMBS, BUILDINGS, ETC.)",1.0,31.5,2.0,2.0
0aabb6399e45c6b83da620d00473e171edc95b9c580f9ee0b7c90e23190d0b383b92f289616416c5607a74c1204c0c40cf396bcf51278058fbd5e1bd2036984c,CLEAR,DAYLIGHT,DRY,FOLLOWING TOO CLOSELY,2.0,25.0,2.0,2.0
0aac093e1b190678146b1e2fcb96828e1ee4a0bdeeb0e86727d2627fd27958d5886f969b2f6960b628c66e0b5fc85171a52c9af132683ca6706bd72af0cc006f,SNOW,"DARKNESS, LIGHTED ROAD",SNOW OR SLUSH,FAILING TO YIELD RIGHT-OF-WAY,2.0,26.0,2.0,2.0