crash_record_id,weather_condition,lighting_condition,roadway_surface_cond,prim_contributory_cause,total_vehicles,avg_driver_age,total_people,total_injured
0aac1cf8c465466d5dfb1f04d875ca18d21bbdd0ba4d864b047e5dccd5f2a30f59a12037dd86d674482c66b0611f2ac35c6455e04dba277993a45c29b0066cca,CLEAR,DAYLIGHT,DRY,FOLLOWING TOO CLOSELY,2.0,60.5,2.0,2.0
0aac3b1470bdd1267f7346726eef9ce77e5f5c4654d9fae64877d4f5defdae77fade2fb5c9bb8d63a5c8f820ebea176dc9b30be8390b8ea065b2c181461ef528,CLEAR,DAYLIGHT,DRY,IMPROPER TURNING/NO SIGNAL,2.0,42.0,2.0,2.0
0aac43e10d8f002fb3a32710f9e43ba534e838aa23d3697310d413f4a3ff4a65740f7684e3599ec762001059065a117a92487e4cea7ef1ac1d3d701aece2abe7,CLEAR,DAWN,DRY,IMPROPER LANE USAGE,2.0,40.5,2.0,2.0
0aacc720c33d14e155bd4c93b5651dabb58d479dfaa1b1e8f718661119455b02615758629d1f1f28e8f2125e8534b790bf01324c16a9bce06ea27dfcecbab661,CLEAR,"DARKNESS, LIGHTED ROAD",DRY,IMPROPER OVERTAKING/PASSING,1.0,29.0,3.0,3.0
0aacc8861e4dcda4e085368e3495c28b01a85bda8cb312d24c2c629a0d546d5fd024177394e64aef3c056ffb89f027f89eac08203bbad352e10e3f997148f3af,CLEAR,DAYLIGHT,DRY,FAILING TO YIELD RIGHT-OF-WAY,2.0,32.0,3.0,3.0
0aacdc5f240d2814df25697fb8667b20e0055d332602292005f89e03d5ae96c6e9f298fdd4bbe5bc32cfdd80ecaead8d422c2577bba75abc2232d2d41cad8c7a,CLEAR,DAYLIGHT,DRY,DRIVING SKILLS/KNOWLEDGE/EXPERIENCE,2.0,72.0,1.0,1.0
0aacf0ba9f44334e9fdb42e7e5701d8c156ba2a0045c6f2bc3b27692eb44d346fb69f6e8b45f5956d135629424fc5d8ec3265b8db8771955404dbdc8f36df476,CLEAR,DAYLIGHT,DRY,FAILING TO YIELD RIGHT-OF-WAY,2.0,21.0,2.0,2.0
0aad04b5420a31f691f9846571935288dff7cece154fcf86b717bb41cf08ef19c4a7af840a36628e7500419a478077418f08b6d36113a274300eb67a6144d88e,FREEZING RAIN/DRIZZLE,DARKNESS,ICE,WEATHER,2.0,30.0,1.0,1.0
0aad168bd9c5f1e4781238ee64efdd9911a2714d59188824ad59bf1d3239a78dfd88d1611512e3fa50abf98b2ddf0b12d3a06af0f7fd3a9a888abf44ee562d3f,CLEAR,DAYLIGHT,DRY,IMPROPER TURNING/NO SIGNAL,4.0,39.333333333333336,4.0,4.0
0aad4fa5f0d36fde901eeacaed813f1cf60b55eb5049c964549485c2118e6b8d71e6c6a3ac8a11f3806d0c5432679a041861bb72fa7b5206efc170060996f8e5,CLEAR,"DARKNESS, LIGHTED ROAD",DRY,IMPROPER TURNING/NO SIGNAL,2.0,31.0,2.0,2.0
0aad55694ad93f9714b56f0d5c1a607a72a9320ff6cc617b91eb7f458ede8254d875890a343f7c389ff4d4d6ff2070928d0113aeaf0fb3246274cc4047543790,CLEAR,DARKNESS,DRY,IMPROPER TURNING/NO SIGNAL,2.0,28.5,4.0,4.0
0aad691ab42399c3580e03e6c730e16e5f0d1a9ce69d76c5b19ddbea33134a150da9169c373ba33b4657995524e97dd1cb0d41a1278c537913ca518d576aea18,RAIN,DAYLIGHT,WET,FAILING TO YIELD RIGHT-OF-WAY,2.0,65.0,2.0,2.0
0aad74c49c924c831dc5bd768c7fc3f2d0752fe16cef7dd3b6fa524bed843689c710478237e956fc66919bf660e009e90281d1e8e78f3d99cbddafdc5c573aac,CLEAR,DAYLIGHT,DRY,FAILING TO YIELD RIGHT-OF-WAY,2.0,60.0,3.0,3.0
0aad777f02997043797a60807f10dc119237bcb15043744f1ad7163df9a57e422e6137bef8c33a70d42c7eb7a5e2018117301ba81132596e03f25a34f8f9e508,CLEAR,DAYLIGHT,DRY,FAILING TO YIELD RIGHT-OF-WAY,2.0,48.0,2.0,2.0
0aad7fd23cb26b7ee5620b23d7a2adeef6bc9b635c7ae768fe32fb35b9e1aa767fc53f9dadbf1be35defeec2324f10cba2c57bb569179c45f3658fd71b53113d,CLEAR,"DARKNESS, LIGHTED ROAD",DRY,IMPROPER OVERTAKING/PASSING,2.0,43.5,10.0,10.0
0aad82104c99c0338396a08015869ed026abd67e4342186377fa33166a5d08474d02d4282a3cb4b751b04b17860a6e0ab004800612a7b55102c9fc08083a1b57,CLEAR,DAYLIGHT,DRY,IMPROPER TURNING/NO SIGNAL,2.0,32.0,2.0,2.0
0aad8c193f1e310e44246da95a9fabfde115dbcc0b1b6838fc3bec994e05ad673bd1d3b7b556786f281ed4d4ba485689e5df57dc901fdb32ec2a42c05cb50613,CLEAR,DAYLIGHT,DRY,FAILING TO REDUCE SPEED TO AVOID CRASH,1.0,20.666666666666668,4.0,4.0
0aad90a58a3d482caffa72753e14fd3acf706641b923bf3d66d2c3834dd6d76ba920bcd31072f603ea00595296c3fde65624687efb648faf744b083b1f85e4d7,CLEAR,DAYLIGHT,DRY,FOLLOWING TOO CLOSELY,2.0,70.0,2.0,2.0
0aad93c63479bcfa9cfe7b47329122abb57d2a95ae78ca88828d669e6de5ef3f5a18a6ae1ed2ceb99d45c089152b73f59ab43b7c0a5214e3bd4102ca83330243,CLEAR,"DARKNESS, LIGHTED ROAD",UNKNOWN,FAILING TO YIELD RIGHT-OF-WAY,2.0,40.5,2.0,2.0
0aadbe771ddfd81d1a784e155e93ac8819a9ce75a267cdd9e99f0ebe38259851af3912c6e1795550318ba243887dd0fd3c4b9c1ffdbed415863d5869d1d0f994,RAIN,DARKNESS,WET,WEATHER,2.0,33.0,4.0,4.0
0aadca3e6d406eaecfa6990047021388fdb37e10df0b4873b65fc1e2ad2788a1311dd69d464c0fe8e230ade819ba5aa75c3e62a1e1877cc278294f1f80cd6192,CLEAR,DAYLIGHT,DRY,DRIVING SKILLS/KNOWLEDGE/EXPERIENCE,2.0,39.5,4.0,4.0
0aae0aac9c989b58ef1edfc122862402bff65be5cbb408d965e7ce455ef28283bb4585f3fc881cd533fcb73dce940177e018833689e812695039ef5b5fd32bfe,CLEAR,DAYLIGHT,DRY,FOLLOWING TOO CLOSELY,2.0,28.0,3.0,3.0
0aae78ffe3af9d43aff980dbea0a1bee338f5d2bff32e3e897ea145bf544281b38982629d4ec1024fdd4ca8ad61a4988fde9e9f9de1fdc884981effc6105bb1e,CLEAR,DAYLIGHT,DRY,FOLLOWING TOO CLOSELY,2.0,43.5,3.0,3.0
0aae89bc47aace9981cc1f8f78f216eea87d6a31984238e8824100e394a6485d15ede28bfe94206f236fc780659632c31ea238760c6afc694f3c5f47c1b55858,CLEAR,DAYLIGHT,DRY,FAILING TO YIELD RIGHT-OF-WAY,2.0,62.666666666666664,7.0,7.0
0aaec999c803fa60f4e1cfd3a5e53e3ffbba7da5ed3092d1a7197b84bc6795f2513213b83d7966643c9238a71599d7e52c18c0843072a4ae115e1eda5766a496,CLEAR,DAYLIGHT,DRY,FAILING TO REDUCE SPEED TO AVOID CRASH,1.0,26.0,2.0,2.0
0aaeed47c00ea0744a85e6a2af9e9a25e6787a1d5b78ba47bd53dec72faa38d5e272a1e32f259fd655a903dd5a1bdff6898c0a99277bc05858dba0a1b02694a6,CLEAR,"DARKNESS, LIGHTED ROAD",DRY,ROAD ENGINEERING/SURFACE/MARKING DEFECTS,1.0,31.0,1.0,1.0
0aaef06c911b189de8375752fc1fcb40bbc906cb6ad7ce19f5db4b0ce0249a4bb4ceb18dfbaa9b35eca2536c536d17f0bf0e469bc7685ba29bde6ac13db0c60a,CLEAR,DAYLIGHT,DRY,IMPROPER OVERTAKING/PASSING,1.0,55.5,3.0,3.0
0aaf121b2e2a8176e2dcdd51cc02efc5bdf6a76a0e8445319e42c0eac5397431d9bf9db399fde38f46aeaa9626a88a7842fdb45334168c45e5983c3bf1675fbb,CLEAR,"DARKNESS, LIGHTED ROAD",DRY,FOLLOWING TOO CLOSELY,2.0,26.0,4.0,4.0
0aaf212a62711778cda49dc0f39e093192a521be4bcb17fdf872f5cbe81db19b34372c262ac3884d08592b6cd10c8055183ef8a8a06fb2935879a7f0dc4b93c5,CLEAR,DAYLIGHT,DRY,IMPROPER OVERTAKING/PASSING,2.0,37.5,1.0,1.0
0aaf355794afb37a357a77f509805e3f097fed7fb406895d4f05edd08a901d45fd2cb20739da9f36f1b923538e1f873763377f50e8e2327cd8e2b481e34aaca6,CLOUDY/OVERCAST,DAYLIGHT,DRY,FAILING TO YIELD RIGHT-OF-WAY,2.0,16.5,2.0,2.0
0aaf52a5983d6b20bdf7ef67deecc2f6727a87a4ddf46ec943cc24b28a915c0c4047207187f0d16c0953fe5347fa5446a2c9be90badaf1df6f88d6c957de123e,CLEAR,DAYLIGHT,DRY,FAILING TO REDUCE SPEED TO AVOID CRASH,2.0,60.5,2.0,2.0
0aaf9c9c0f100d58cecc12a07a93e5f8c08dd992b1c89ffe15517e538eb44d9c9ab0f39d33150724fee497e96246c2d47ec2c254a1ce84ed7b4d611f61f6815a,CLEAR,DAYLIGHT,DRY,IMPROPER OVERTAKING/PASSING,2.0,34.666666666666664,3.0,3.0
0aafc056228c0aa63adbf196097fb75f2921a3baf4484f792a1bd2083958a2d8feaabc52f6004451fc1cebc5d56d799c0914e3eca6882174b74d7145f5e77607,CLOUDY/OVERCAST,DUSK,DRY,FAILING TO REDUCE SPEED TO AVOID CRASH,3.0,42.75,4.0,4.0
0aafc668b6c0793fb63d27bc1d9af84bca0c462906c04c4e5e31eb6b05dd5fe50f30be9e9c49b0714aff395da17e289eff7772ab5b075a954d30afc27066f1ae,CLEAR,DAYLIGHT,DRY,IMPROPER BACKING,2.0,45.0,2.0,2.0
0aafd67a616f3e6d9fcb1b89801e679fdd77f8a15c47ccf709643904588dcb6087836a95f6034dc8264c7f0ebd1d7c5a2c5f96c1536a411bbc0cae77c5cccd77,CLEAR,DARKNESS,DRY,FAILING TO YIELD RIGHT-OF-WAY,2.0,33.666666666666664,3.0,3.0
0aaffde3240b9a37ae4f11ee0cc90594926440483f46d7c169cfa6c0f9538677de33c9cf22e4e0fc1b1859177624ae44e2b0f15a2ce3d3b7abedd2533891c383,CLEAR,DAYLIGHT,DRY,FOLLOWING TOO CLOSELY,2.0,48.0,2.0,2.0
0ab026268e549a9fdd28efa7651a7a397ec86d8e9cb41944162262082f81395ffe0f894318e2a605b26675af7a0ff18028f4f7efe296b60284fecd3315ed499d,CLEAR,DAYLIGHT,DRY,FAILING TO YIELD RIGHT-OF-WAY,2.0,23.0,2.0,2.0
0ab039c7664cf5f01c9f19774348cc5e49b8082b38696cc5ac086961a4f1add9eb6569e4ab5692374d0420897906a71400f32f83473304575dfb139d2f8b2108,CLEAR,DAYLIGHT,WET,FOLLOWING TOO CLOSELY,2.0,57.0,2.0,2.0
0ab053f42336910d4b8e201c42d795b093f57209528580d3a1839d01143165fe8fb933e5a81c761b97ac147b7ca486d65ae077029c53689a01dea937815534cd,CLEAR,DARKNESS,DRY,FAILING TO YIELD RIGHT-OF-WAY,2.0,37.5,2.0,2.0
0ab089a9c44518d4f7196d47b7a58ef7522a3d25c2aed196f2e4a7cf086a155c5f2eae9a46a69c3de0ae702a9aba0a7386018a608a40749b4a6de343ccff7c44,CLEAR,DAYLIGHT,DRY,FAILING TO YIELD RIGHT-OF-WAY,1.0,37.5,2.0,2.0
0ab09ec6ff9ded603ec5fd51aa5117169b61035ceba176af8dbb1336a4afda034ab40b6fc3f23b493f059ea60218622970c016b9b77ddada94b8b7e95f26aad7,CLEAR,"DARKNESS, LIGHTED ROAD",DRY,FOLLOWING TOO CLOSELY,2.0,33.0,2.0,2.0
0ab0ad7817229ca0af4980e1d0ce8dbea7e95dc2fb7b66b4dfb15e29ce83ab8e04bbe99903440cafc9fb4819c2843dfe370359285281d8bdb06d8a07a9670024,CLEAR,DAYLIGHT,DRY,HAD BEEN DRINKING (USE WHEN ARREST IS NOT MADE),2.0,44.5,2.0,2.0
0ab0bda089da587fb73f9954c49d706bcf55f469ac3d3314c724a762a4fe197bce7d1fb8a19dd18d1c4186bad82dcc7b65c56c55b71e23955b3b987671a2d39a,CLEAR,"DARKNESS, LIGHTED ROAD",DRY,FAILING TO REDUCE SPEED TO AVOID CRASH,3.0,23.0,2.0,2.0
0ab0f1a1da3ba9d43c6c5c0c6541432337dd1dccc7c0dfe004f2dd69bae12c98d61b51cf2de6816b4a0deb86e7ebcacbec9a884ae582ed9fdf562056bfc0d22d,CLEAR,DAYLIGHT,DRY,IMPROPER BACKING,2.0,31.0,1.0,1.0
0ab10f0a6451812b60b41d820490b5c39f4b53f5d6c89373b27e79107e7570b42f913ad5be08a0c9811c6ebfe3bf6528103b614ad2d630c4b02961b96fa72713,CLEAR,DUSK,DRY,EQUIPMENT - VEHICLE CONDITION,2.0,51.5,2.0,2.0
0ab1163aa9a63e0a1353a03dcc1dfe099e72db69187f103faf550e056dbe8bfbb76f4a91a22d38d87ab693fa9fd798bfb608617d0d744bae393a8fbe18e46376,CLEAR,DAYLIGHT,DRY,FAILING TO YIELD RIGHT-OF-WAY,2.0,39.0,3.0,3.0
0ab191401e469f935d7949ba0df23b8b53158098df11378ec8c7fa605c6f23df3689aca1313b4f64bdf9395e01304fdea0aa1d3512a861926a23f3ca948d0685,CLEAR,DAYLIGHT,DRY,IMPROPER BACKING,2.0,39.5,3.0,3.0
0ab1a673361658566785c2dfbf5a5d690dcd2682f0feec0f993c6381152dde8a321c8506133bdf21d7cc27c5b3ddc0dc778cfac706a7b5dee1feea6e345c683e,CLEAR,DAYLIGHT,DRY,FAILING TO YIELD RIGHT-OF-WAY,2.0,34.5,2.0,2.0
0ab1cb6316f8b0017f079347af8e9f5d67702ebc428e09a1dfe98871ab11b7f5c5358991aea6f67b0f028e5a79d0a3c85284980672282a52825fea8bddb224cf,CLEAR,DAYLIGHT,DRY,FOLLOWING TOO CLOSELY,2.0,34.0,2.0,2.0
0ab1cd6b32af22b2cc5d3ba09bc8cf63c2016b790c9350ba9a30a7abee777b79136c30765df6f0ae99432cc6b309ce911ce421b24fb1758191652de6f02265fc,CLEAR,DAYLIGHT,DRY,FOLLOWING TOO CLOSELY,2.0,38.666666666666664,3.0,3.0
0ab22c47061f194d19896e73297894baeb68f24e0ade42e1c89311466fc9341cde03843d318ff79fc97139502ba18a5ddf695e5fee819706835d9f7bc0b634fd,CLEAR,DAYLIGHT,DRY,FAILING TO YIELD RIGHT-OF-WAY,1.0,42.0,3.0,3.0
0ab230de7c0205e80edaf90f0d7ab00c4147b70ef4a13b5aea1de7b6726e1ad6e1e1695070db06fb4a83d9a1fe1ad00abbe703347c26a76768172ebaa0d487bb,CLEAR,DAYLIGHT,DRY,FAILING TO YIELD RIGHT-OF-WAY,2.0,38.0,2.0,2.0
0ab23a9daca84d6f9610fc08ce4d2044ab2910e08ec67db345733e666dd0c2517343c0be3cab8f401a3c87cfd294edf4592bf6eba6eb1fe6cb9efe807ea75918,CLEAR,"DARKNESS, LIGHTED ROAD",DRY,EQUIPMENT - VEHICLE CONDITION,2.0,45.0,6.0,6.0
0ab24c75e0397d7c23e5eaf3069b7cc6805f60f3a07611c142b5027e1b901e5cd7426a020fbb74b6386347aea05cd6c1ee8b4a82c59c18ea9da642b66a86c598,CLEAR,DAYLIGHT,DRY,FAILING TO REDUCE SPEED TO AVOID CRASH,1.0,24.5,2.0,2.0
0ab2685847252e6e7b8967ba854ed6de557ea6f4e797ffc2707f51e6504bb08eae97d8f3a46e8a733ef8c5fe62fce098615a4fd84a87138239f6159d12202e5a,UNKNOWN,"DARKNESS, LIGHTED ROAD",UNKNOWN,IMPROPER TURNING/NO SIGNAL,2.0,44.0,3.0,3.0
0ab2bd7a15ef7d89d749beafb615ec38397ae9190d13727413c57760bf1d42d9cbc31d7acfc68934a16958b79770edf150dd60703ee2964c82c589f38379be71,CLEAR,DAYLIGHT,DRY,FOLLOWING TOO CLOSELY,2.0,33.5,4.0,4.0
0ab2c5dbb5a540ec99fa340908e03cc73bcdc4c69b3410bf0afe7e145d1885eb3e5e8ffc064c03c730fa5c92ecce988b716b8f4cd50123bf1229003fc52d27f9,CLEAR,"DARKNESS, LIGHTED ROAD",DRY,DRIVING SKILLS/KNOWLEDGE/EXPERIENCE,2.0,30.0,2.0,2.0
0ab2cdf0227c1fee972f0342dc865c3c21ed2b8c9179bdbb810d2e3ebc3236a9ea0e9b79ebbc89ba8308b92da11958378838464602933a750227affcbc43bf70,CLEAR,DARKNESS,DRY,FAILING TO YIELD RIGHT-OF-WAY,2.0,39.0,4.0,4.0
0ab2ee5a7d61fd215f50be82d1ad26580b76594f2e51d202181863ca06243653cf395c5d143ac73725de5e9cc243b12a96d0d6feaf57a42bd34f2af6b32f1f09,CLEAR,DAYLIGHT,DRY,IMPROPER BACKING,2.0,30.0,2.0,2.0
0ab311e4d6122b40f58902312068ce8b5d0435753a8cec921f336edb89aaa9c22180aa9d47fa68cefdda2eff11d193362381fe89f93c823c5ee6d9aae77500bc,CLEAR,DAYLIGHT,DRY,FOLLOWING TOO CLOSELY,2.0,30.0,2.0,2.0
0ab322c878b77e708f75476b25718d033f7b786c83eca0e2c097a369d15f381af5ad064fe2d4cb717866fc6b599e9a92607e1dd5aa22535a8d995d8c616161f4,CLEAR,DAYLIGHT,DRY,"OPERATING VEHICLE IN ERRATIC, RECKLESS, CARELESS, NEGLIGENT OR AGGRESSIVE MANNER",2.0,28.0,2.0,2.0
0ab35433cf36150911289c0c75d960849290a7abe343371278ce602491621e483f2a8db9c86bb1f57fe55b8b2fde7783e7795c635165199222c058db0c0222be,RAIN,"DARKNESS, LIGHTED ROAD",WET,FOLLOWING TOO CLOSELY,2.0,33.5,3.0,3.0
0ab36fa798cdd562531b3ec3099bc558d15d67798b5360c66c2fdfe3dbb4588c4a04edb3a8130153d73146a8d72867e6571c5dfd8a303b4e9b414b83b81495e4,CLEAR,DAYLIGHT,DRY,IMPROPER OVERTAKING/PASSING,2.0,40.5,2.0,2.0
0ab371a8ceb34bf2542a74c064e6577620d6fb6652233ecae09f5a2e7a337fb3aee1d30e4af6e7dc4ca8abcc31b12a97a39f2d462cca636c4f85b5fa0c826be7,CLEAR,"DARKNESS, LIGHTED ROAD",UNKNOWN,FAILING TO YIELD RIGHT-OF-WAY,2.0,43.0,2.0,2.0
0ab3758fe8af536abd71b80fe2bcda815fc0951a3aa6d9b60a97cc26405e3017290b214d512bbba09e9a3c3ccddd155c9ecf1922ceb7bb9a53b77fc77cf7a41b,CLEAR,"DARKNESS, LIGHTED ROAD",DRY,FAILING TO YIELD RIGHT-OF-WAY,2.0,24.0,2.0,2.0
0ab3b32ace7674b3f9097924b1dc69c4763b035a8877d079fd28148a79381994ebec8c578e3a749586af491bcd0b202c9319da1bcf89ba0f755f939d2e425f3c,CLEAR,DARKNESS,DRY,DISREGARDING STOP SIGN,2.0,48.333333333333336,3.0,3.0
0ab3b7b21cafa04b7cb88af887f63eeb14014fa67a18ad53830279728f86f0388008e6cbcf22c791f6806822a21629c7627eb3575f37c2f4e622074b01535337,CLEAR,DAYLIGHT,DRY,FOLLOWING TOO CLOSELY,2.0,50.0,2.0,2.0
0ab3c2c848a486a90813b7a77a9ab5e611dbf3c57d3a2bca5892fd5b10a1263d5c42861ec349405ddb6cb234596db01b02cbaadd5e5350bce379b153fd338535,CLEAR,"DARKNESS, LIGHTED ROAD",DRY,DISREGARDING TRAFFIC SIGNALS,3.0,54.5,3.0,3.0
0ab3cecb9b468893e7178b803a8a186693792830ef1c0e4fa7aee0995a487efdcca12448aaf638a38a689de8e748f47636972f6d385eb25adabb48e5bc2d053f,RAIN,DAYLIGHT,WET,FOLLOWING TOO CLOSELY,2.0,46.0,4.0,4.0
0ab3daa1ae16756ccf9bb4ab7f8da48bdaf27d0d62c8d54b012f52e7c11cb3bfbb2d9e3c343b3507018392add34f560ae85d7beee5cc5359c467411ee7bccccb,CLEAR,DAYLIGHT,DRY,FAILING TO YIELD RIGHT-OF-WAY,2.0,35.5,2.0,2.0
0ab3e4f45a4a8b54e17408b4d84ca1b8589b68ebaa1465bf258b1aeaa7b44149c0225bd7b0c7d2681084fbb1c9ef9a39b591f9022e1397e2f861e3431d321dd3,CLEAR,"DARKNESS, LIGHTED ROAD",DRY,IMPROPER OVERTAKING/PASSING,2.0,21.0,2.0,2.0
0ab40cfdc5ac7f3d3c39e67efe4882d89bad106667973a8030657fb7c4509da1577c7154e026d8536256fa734f6fe18cbb9771f81e1e5dd849191d107e51a560,SNOW,DAYLIGHT,SNOW OR SLUSH,FOLLOWING TOO CLOSELY,2.0,75.0,2.0,2.0
0ab40dcf6ceea729a29ec167fec1aaf1f047544ac80a8ec124e944dbd3f685b9419138ad9d509a01f496903f83b5983dc3915ae3b82088c10c36c02baddf75ec,RAIN,DAYLIGHT,WET,FAILING TO REDUCE SPEED TO AVOID CRASH,2.0,26.5,2.0,2.0
0ab41c47bb8f5510948229a04c043f5fa9b239c05b49b465e4f0ee7a408c5fa1986441dba67c5b2808b4606494c4aedf715ed9277870dce5bccc082319e46047,CLEAR,DAYLIGHT,DRY,DISTRACTION - FROM INSIDE VEHICLE,2.0,18.0,1.0,1.0
0ab42c53a5ed5534107373d16bb52c7266981df3e8b759994f2721cb9cad7a736d8b1f32e5b74a1425f46f89a9f69e59b777d58b51db573d24fa90e3b3384584,CLEAR,DAYLIGHT,DRY,FAILING TO YIELD RIGHT-OF-WAY,2.0,36.5,2.0,2.0
0ab42d3dfaba220040aa82263c78b8069ea20e42317d58b7950867cf0781be4806f935fcc5e76ccd8d51b8bc3d570ca7532b85dc03180cca780272884f90d087,CLEAR,DAYLIGHT,DRY,DRIVING SKILLS/KNOWLEDGE/EXPERIENCE,2.0,35.666666666666664,3.0,3.0
0ab4408ff1251a10d5331818acf2a5b8644cd6fe689c006ca8766f7aeb9261cd69b3e5caf4a747ad9a2bbef89edc8421d29445ba68bb678001bb1bea0c5326e5,CLEAR,"DARKNESS, LIGHTED ROAD",DRY,FOLLOWING TOO CLOSELY,2.0,19.0,3.0,3.0
0ab44de20e71f55d6882a0a489b798c7dfccd89bbd5fc37a9ab02629d83553cb2fba3bd0c589e98c8037581580a7114a34dfd0cb2e379b6064064c2c3d079819,CLEAR,DAYLIGHT,DRY,FAILING TO YIELD RIGHT-OF-WAY,2.0,53.0,3.0,3.0
0ab4547c37642af68c6bb5ef26044701a3404d007272b05304b84fb7f45bd9c56cf978d665c37a182d8657ad87e6881fdce7ff2275b542fa824fcb6df4c9b418,CLEAR,DAYLIGHT,DRY,FAILING TO YIELD RIGHT-OF-WAY,2.0,55.5,2.0,2.0
0ab4771ad52c7fb3f1cc5cee2e178c464fbbd2f389be0239eb6fbaabd9c9c339d358b3e91dc5fcfb9c7a34184136c5c6d7899a12a02b502683c99ce260fafd0e,RAIN,DAYLIGHT,WET,UNDER THE INFLUENCE OF ALCOHOL/DRUGS (USE WHEN ARREST IS EFFECTED),2.0,54.5,2.0,2.0
0ab4b13b99497aeb27c74a11389fec99e5635d2b5500e130380f200f0c3de6963defd1169320f6b9e7fb74e6eb57fe89bc759fe700624cd35ed85fbd72205c06,CLEAR,"DARKNESS, LIGHTED ROAD",DRY,FAILING TO YIELD RIGHT-OF-WAY,4.0,33.8,5.0,5.0
0ab4b72d95cb07008f12eab96010a0818ca6fc13ca17fe2d90bec59dd2d037fb8928347405dd37915e39311df43da6b4ddcc1ffca1c625343189cc91e5b855d0,CLEAR,DAYLIGHT,DRY,IMPROPER LANE USAGE,2.0,42.0,2.0,2.0
0ab4e4aec0db1b3eabbf77d1ac08f541486ce041db2c91475c6c22c31d462290c5f1c47d221f368a0307db0e8dcf8441371165a408a5414bf1853f7524fe5231,CLEAR,"DARKNESS, LIGHTED ROAD",DRY,FAILING TO REDUCE SPEED TO AVOID CRASH,2.0,33.5,2.0,2.0
0ab4e5b40e31321d8bff35b8faa00f079a1924dd90ffe4bd5aafe0fbab2d646cb59d4463a4de0dd5da237069b8c50a64535fe21f824b595ac4771de06dd82826,CLEAR,DAYLIGHT,DRY,DRIVING SKILLS/KNOWLEDGE/EXPERIENCE,1.0,38.0,1.0,1.0
0ab4ed22b4572a83421252f569d032228a6a3d924e47ef7646aef829bafedd92c737edcdf1fdd783d2da9ca639c43a0b2f1463cb25b9bb34b7fa06993cae52c1,UNKNOWN,DARKNESS,UNKNOWN,FAILING TO REDUCE SPEED TO AVOID CRASH,2.0,0.0,2.0,2.0
0ab50ef59d3aa49933f58a2e69bb186fa49b0fbd8b33eab7db4f9f2fe63df4d9b9980b9d2d8d67bb484d438f70e8e7369e5a2a23c6d28bc2271dcada4a3208d3,CLEAR,DAYLIGHT,DRY,FOLLOWING TOO CLOSELY,2.0,28.0,5.0,5.0
0ab52c44919f86cf4b28931805ef9618c2a55d904ce65541ef725157e6f1dc2d1b56bc195b0942894d13e7bd6cc93fd5014c76c4a637ceffbbbc8a44204ab9fc,UNKNOWN,DAYLIGHT,UNKNOWN,"VISION OBSCURED (SIGNS, TREE LIMBS, BUILDINGS, ETC.)",1.0,67.0,2.0,2.0
0ab536391f77d885dea62f190197b904d879bb455b62092263dcdc9554542e63f3a7b11c745d065993abdda5a0ccf5dd96a077f33bb66ac18aadefa064c1a054,UNKNOWN,"DARKNESS, LIGHTED ROAD",UNKNOWN,"OPERATING VEHICLE IN ERRATIC, RECKLESS, CARELESS, NEGLIGENT OR AGGRESSIVE MANNER",2.0,24.0,2.0,2.0
0ab57b6dbea4bb52b5bd8f954a6c369d3b5a62266e981e112cfebeaac56e25c43b23b7f667f0da394f37141b43128eaabe6b7c811495104b6fbbedb32d006af9,CLEAR,DAYLIGHT,DRY,FOLLOWING TOO CLOSELY,2.0,49.0,2.0,2.0
0ab5800fd6cce736e33520f4370370554120f438dbc70e8bce43841a841349cb1f9898851f2245a28459270cb0f09e654a25f0211ec297d7d094c54d6f9064dc,CLEAR,"DARKNESS, LIGHTED ROAD",DRY,FAILING TO REDUCE SPEED TO AVOID CRASH,3.0,28.666666666666668,3.0,3.0
0ab5a6e834fcba62568f1ea1dd53a43306e5cb7cfa69116b96c75322826c53e82bfd990777cdb1dab2b157bf6d2bc0a814453a8d03acb62c4f6971d79d46d575,CLEAR,DAYLIGHT,DRY,DISTRACTION - FROM INSIDE VEHICLE,3.0,26.0,1.0,1.0
0ab5a75f1d4c641d3d794876ca8bf7711ad5b0d78b80be4543d6744cfc583b6c779886888f5a0feb6556a17575b46f3ac8674feb333c62a5a7865ee7cc2c84d0,RAIN,DUSK,WET,DISREGARDING TRAFFIC SIGNALS,2.0,43.0,2.0,2.0
0ab5da890f7992ea89d23cab816a3bf7d71d2cb70589db7d143f5397ab4b34fb82d9b95d379887f1733c049f28d1c7fd338a18f6f34cad7f0aa75462b4edff7e,CLEAR,DAYLIGHT,DRY,DRIVING SKILLS/KNOWLEDGE/EXPERIENCE,2.0,56.5,2.0,2.0
0ab61524f7f25b1aae60d46a23ba5d76e325650d11b3f6071b29f2b02aa8cb93c151fbae171df1d0f2a15dada395dacceb7161db8f70b09916fa978afb104d0d,CLEAR,DAYLIGHT,DRY,FAILING TO YIELD RIGHT-OF-WAY,2.0,18.75,4.0,4.0
0ab64680d30574108892e21635eb3a7858905842d564866511209949e2a8b94d80db4f76ee8f31f05dedd8aa33e7726878b20e35db32d35593638a7ba73174da,CLEAR,"DARKNESS, LIGHTED ROAD",DRY,IMPROPER LANE USAGE,2.0,28.285714285714285,7.0,7.0
0ab66a9d074f998ab807e34d6044ef592d6bbdaed85de34c0e1bd256e264f11ae85908027b13349d1d29469a0d7f3b0cb07de432c68e94dd11f663112c72e888,CLEAR,DAYLIGHT,DRY,IMPROPER BACKING,2.0,38.0,3.0,3.0
0ab685bdbe270d6ea2a8521ba83730c584e2bc5bca84654b205af53d1af7d1651a922e2e8056cf60eb3930d26ce704c612c3f44179e430b98507cc1d8ec2bb54,CLEAR,DAYLIGHT,DRY,FAILING TO YIELD RIGHT-OF-WAY,2.0,46.666666666666664,3.0,3.0