crash_record_id,weather_condition,lighting_condition,roadway_surface_cond,prim_contributory_cause,total_vehicles,avg_driver_age,total_people,total_injured
0ab68f284cd3daf6e86bc48b5aa6b4d7b6ab85235f2c17b982be4f0f1b1586bdd0cfc4ff4225ae9e354b10816b90d655584cdc13ccf8a2bdd4446f236d1df293,CLEAR,DAWN,DRY,FOLLOWING TOO CLOSELY,2.0,30.0,2.0,2.0
0ab6b6a09fb8d25b8df9c85f1f4a96d92725b772a6e6f66110d010d1b8b224a68014e38fd5327c6059b55af14e6d87284bf1759535768f64ac059a8ebc7b58a2,SNOW,DAYLIGHT,WET,WEATHER,2.0,24.0,3.0,3.0
0ab6bab44d42897f6f90e7f917e3cccfa26bd3a7c11243a39e0f318090de817ceb7d94d4cfc081264316740719758bea8d8f067e32048cfaf5ef63b566add9c5,UNKNOWN,UNKNOWN,UNKNOWN,FOLLOWING TOO CLOSELY,2.0,57.0,2.0,2.0
0ab6c64783b53fd133a467197203df1efc049aa4d9f9fee1e362bbfbff3b16b1a77cb18814f86e2b30d6c5bbe63a354076ce0cdc549c19df61121f16bf7a26c2,CLEAR,DAYLIGHT,DRY,FAILING TO YIELD RIGHT-OF-WAY,2.0,31.5,3.0,3.0
0ab70e458550b2bf4655640c6e60e0ec792c4f62f658336abea2a253b2defe1769a49bcb2c748e8b7919a5c7a3a135d5bc8bd3c8f1318af8b3df94c9478e5676,CLEAR,"DARKNESS, LIGHTED ROAD",WET,IMPROPER BACKING,2.0,52.5,2.0,2.0
0ab71f0c826813a75f3b9ade046bc0ab2dfd7fbeeb3f5a39a77bf157d70741a30fdfce33437f668df16917e3878fc727181546f56f821e90beae0e654b4391b6,CLEAR,DAYLIGHT,DRY,IMPROPER LANE USAGE,2.0,45.5,2.0,2.0
0ab725a371bdf4c943e491cd2cec01c36073ccc13e571cdc539e50b3009d7bebafb5df843c420435b59ac313e167e4bf8ff4a76bdc7d5fda232cf1940f05b2d5,CLEAR,DAYLIGHT,DRY,"OPERATING VEHICLE IN ERRATIC, RECKLESS, CARELESS, NEGLIGENT OR AGGRESSIVE MANNER",4.0,37.0,10.0,10.0
0ab72cb2430b93422a341010b2fd789c88eca0c52cc725213d3c8d4620d1ba1022ce42b809e035e1286b876a21bf12e35120cfcf36753de6b80d402662ac93a5,SNOW,DAYLIGHT,SNOW OR SLUSH,FAILING TO YIELD RIGHT-OF-WAY,2.0,72.0,2.0,2.0
0ab73862243dd30ab8418a8d74c030f99059d63dd063e23954197344d554727dec25534586e2b8ae7d8b5829b0a151778bb959bd957d096215b7f1c3e2250897,CLEAR,DAYLIGHT,DRY,FAILING TO YIELD RIGHT-OF-WAY,2.0,36.5,2.0,2.0
0ab777141f4c41edc3ea5616a48e6ab805e7afe17c55fb78e42e48a2c8aa5c87dde5c651682c92309de88bcf4b871782ed7793b7e6480be69dc8438bc422cefa,CLEAR,DAYLIGHT,DRY,FAILING TO YIELD RIGHT-OF-WAY,2.0,46.0,2.0,2.0
0ab777a63fa6bee084cc46380a223a6666dd681a13ab4da2166ff36b63f5240e879127d8c81a410068ee443660b16db6b1e0d7d84308f6a0b87d370f08fbb001,CLEAR,DAYLIGHT,DRY,FAILING TO YIELD RIGHT-OF-WAY,2.0,72.0,2.0,2.0
0ab78137cf205c5c86bfa22f3f39d52a47f448c0d20db3831bafe6c5b82916aa08fdf635e701b360308525cd5143ecd93ebf171cea755902ffaf422f94a937bb,CLEAR,"DARKNESS, LIGHTED ROAD",DRY,DRIVING SKILLS/KNOWLEDGE/EXPERIENCE,2.0,63.0,2.0,2.0
0ab7af1e08fde5cea0c7e5c93ad486e1eacec06a13837d7458a06eba6d43d084f9c9c28ddf84e5d8e2151638cb4fe7e1f54ef6de1ea90533cd6b65964b648506,CLEAR,"DARKNESS, LIGHTED ROAD",DRY,DISREGARDING STOP SIGN,2.0,26.333333333333332,4.0,4.0
0ab7d8711fe4f55650287e0da97c206c2ecc1964e58e5c479f6264ac1ef7ec8600a7cab80da6b25bb4bb259da8c4714886a3dfa910cd6ab23a582c7125618865,CLEAR,DAYLIGHT,DRY,IMPROPER BACKING,2.0,51.5,2.0,2.0
0ab7ef8a2c5b0dab9b7048fa888b4f19a6ece0022755dc7cf88703f09746870df6fb48d4782fa631942240f559692e8cceb92d9b6357bae9f54696975a687579,CLEAR,DAYLIGHT,DRY,IMPROPER TURNING/NO SIGNAL,2.0,80.0,2.0,2.0
0ab847610c3249a567b31ea5c92f70b3f9729e510be4fdfa3ffdd6fc1809df5df533e926925c96c3af4d03da44e7f38bf4b1e3d71df09801c503cefd7e3de2fa,RAIN,"DARKNESS, LIGHTED ROAD",WET,FAILING TO YIELD RIGHT-OF-WAY,2.0,39.0,3.0,3.0
0ab84832d4143d17604d7131f53fd03cc944ce0d87ea9d13ec8196e78c2567772bbe432e9b83ca7be15bab8ab3ea023d357fbe43abefff9b6f305c2fd356ac0d,CLEAR,DAYLIGHT,DRY,FOLLOWING TOO CLOSELY,2.0,46.0,2.0,2.0
0ab87454f4b604266d1d2a89359ddbb8349d53058d425f0fe3db87ba920ef51938ee689cf8fb3cd76ac76e60ea3b8b8312b8115373f80804cb46fb66d6a32e2a,CLEAR,DAYLIGHT,DRY,IMPROPER OVERTAKING/PASSING,2.0,22.0,1.0,1.0
0ab8acdc6078c1f25364a34dd77e105d1fa3ffc63f5fa955bb2e86e76b00bd3da887ec108c4fb0193304036e26a2b0d43eaf000fe19f554bcd7a5d238f3d8e8a,RAIN,"DARKNESS, LIGHTED ROAD",WET,FAILING TO YIELD RIGHT-OF-WAY,2.0,21.0,2.0,2.0
0ab8b51fabc765ed698d326030d264afc5cb78ffb0c8712e33bba3c105878acc2d82a621f091990cbaefd448fbbfcd3cf159c0314f50000934152c3fa8083254,CLEAR,DAYLIGHT,DRY,DRIVING SKILLS/KNOWLEDGE/EXPERIENCE,2.0,62.0,6.0,6.0
0ab8c19e47f93a64db3b7976f8419da6adc3f8e6de6f4051fae0843ee5984b73cad4b046657cf40c46f9d18a6e71c820e9bcb58554aed3d1352cbbb763b22403,RAIN,DARKNESS,WET,FAILING TO YIELD RIGHT-OF-WAY,2.0,31.333333333333332,3.0,3.0
0ab8c9ba35520832885ee96dc4c48178f3d8cc2b91e60d1e7aee1f69bf286ac3d313a05659e581145195dda61b099dd07b31bb7366cb0991eafe31a7e8b5b313,CLEAR,DAYLIGHT,DRY,DISREGARDING TRAFFIC SIGNALS,3.0,53.0,4.0,4.0
0ab8d4aa789c80124f5e3840d76e9f48223261f03365a31413177c5d32db2179b69d8bf793b0c79d959364f7bd1be900fb843c5efa7dea81efe4c190dbe2fa09,CLEAR,DAYLIGHT,DRY,IMPROPER OVERTAKING/PASSING,2.0,37.5,1.0,1.0
0ab92dc2f3f4365b90dad4ed99911b6f7620b2317fff0679b7a779bd8590b434895c9c92a7a5fae6acce8e2311ced3fcb6e18cf6d4ec30297aca8efdd400e653,CLEAR,DAYLIGHT,DRY,IMPROPER OVERTAKING/PASSING,2.0,31.0,2.0,2.0
0ab9764fff59b290fff5341abbc401f676667b78ef41c1e6465323acab29642f5e019d9d7147cd0c19f7374e50213f0dfe5a3bc7432495e3969cd3b25be09215,RAIN,DAYLIGHT,WET,IMPROPER OVERTAKING/PASSING,2.0,46.5,2.0,2.0
0ab9d782cc588da0d059b3096a21236e033176d0dd5d515b210b15ccca8afc5db19f0293a5db866e9e862dd9b6f0c2cf9dab5a22ffd50e46fd37c4905bff510f,CLEAR,DUSK,DRY,DISREGARDING TRAFFIC SIGNALS,3.0,26.5,2.0,2.0
0aba1824a05bb494e7636e15b27ef1d08b755f56546885dd287712d1dc752e8c1862b18d04506746f9028b5ae5a211d4809a4dcdb79ce605daf94cd026d2d9c1,CLEAR,DAYLIGHT,DRY,FAILING TO YIELD RIGHT-OF-WAY,1.0,65.0,2.0,2.0
0aba622392ea1de345d02693390804fdeebf45183a1fc3ba1da1b02f64ee495e6f3b6fab4da982a61eb5734ad813bbebb457a41b671556026e3b24e9f4ce49f0,CLEAR,DAYLIGHT,DRY,IMPROPER OVERTAKING/PASSING,2.0,47.0,2.0,2.0
0aba8e64eca2400d0c03c08497a80d9cb756226ce6abfe0663f9f62d3a366b4fc25bb272a6f7e1d5fce28b1c94fb966f19eff1d828648ac13fceeed30be8c680,RAIN,"DARKNESS, LIGHTED ROAD",DRY,IMPROPER BACKING,2.0,37.5,1.0,1.0
0aba977ddd3ff1fb199c6f7a78414c3495762f23ba8b1fd76d2d2204c4894cda6a05c45beccaa7b648b0d911e4878407ac3894f64bdf2a5c17df6d29bb61ef86,CLEAR,DAYLIGHT,DRY,IMPROPER OVERTAKING/PASSING,2.0,26.0,2.0,2.0
0aba9caf207a40c23e95d03925231c8a948492622d785a0c2f4b98e0ef4d8b96b012798b704d36ce364dadb4a6e31b42629d41df8677a89d7073789db949edf8,CLEAR,DAYLIGHT,DRY,FOLLOWING TOO CLOSELY,2.0,30.5,2.0,2.0
0abaa1af3997047cc2a89fb441b58ac0e58a241bdb53c6a65e3631809e5f7538a3d5c870c44c0227e5687dc5a02595ac9db20b89990cbb23b8cca9828ef28c08,CLEAR,DAYLIGHT,WET,IMPROPER OVERTAKING/PASSING,2.0,45.0,2.0,2.0
0abab4289c6d29c666afc6b6e47e9f29496bf9e0cd19fc5c4b3d837d64b2992a7a6e9cf56359c481967d70ad78198b371f32799c41bfc5bd7faca6e2bce1f159,SNOW,DAYLIGHT,SNOW OR SLUSH,WEATHER,2.0,41.0,2.0,2.0
0abac1031286de3d5574e4d1af4ffbc0d2d4dab2df36dd654fa795820b38c686fe1cc58b37d99f8d9f96ac54911cd2464fd9f4d14b8549af37892694df2352a5,CLEAR,DAYLIGHT,UNKNOWN,FAILING TO YIELD RIGHT-OF-WAY,1.0,47.0,2.0,2.0
0abad31433440c9b1fad89b5afa7523d717c9ce5f4c7a791b80155f8e0cf9f5eb1041fdc4c9e87b121c65b2cb6fc5f160f311b144e99c8c769f29938459113d0,CLEAR,DUSK,DRY,FOLLOWING TOO CLOSELY,2.0,34.0,3.0,3.0
0abadecc43c154159ede69ea040a35e831d3cee28f3c8e5294aff92304d39da8f0748d398afd51ec56019e7c9d0aed7a5e237e2c9a7ff3077c8c8922b19e8569,CLEAR,DAYLIGHT,DRY,IMPROPER OVERTAKING/PASSING,2.0,19.0,3.0,3.0
0abaec542ff133183036bbfb6ed46c6a60406afc04775cef5b891795eff08a9d61af461282eed79a831e47c0e9aaf500be48d33acb44846dbed9e6e87bcd39bc,CLEAR,DAYLIGHT,DRY,IMPROPER OVERTAKING/PASSING,2.0,39.0,2.0,2.0
0abaecac025ab120c36b8d92ab78eae683ee2f2252aa619bedbb331d8d9fccbafb26c12a7cfd6107811c6e640e1641e455a5ceaabce376029562ba0843820b0a,CLEAR,DAYLIGHT,DRY,IMPROPER BACKING,2.0,66.0,1.0,1.0
0abaf5852ae335f4483c60ef672bad72a25a5cf655f40ab73f762bbed13f9783a1eba51c550563dc764688364d486ea8883c45b3199b3d3efce9f2b735c8e9a2,CLEAR,"DARKNESS, LIGHTED ROAD",DRY,FOLLOWING TOO CLOSELY,2.0,35.0,2.0,2.0
0abb3510c7a35eef972497264917c2fe5a648f319fc895519a0c267b3c93b3821df2d71fa9ffda2cfabf930a5ba0e41bb18912ed6319b85b2346a1cbaed6b5c0,CLEAR,"DARKNESS, LIGHTED ROAD",DRY,FAILING TO REDUCE SPEED TO AVOID CRASH,1.0,51.0,2.0,2.0
0abb4eb750e6e20dd9a5cce76b957081c912eccd50a62dd1424d604681d3a7a28c42f84697df67d30f69adf0a769301b16bdff34df6e869e67fcb313ed181150,CLEAR,"DARKNESS, LIGHTED ROAD",DRY,FOLLOWING TOO CLOSELY,2.0,25.0,5.0,5.0
0abb5ca2fc947ea0e7ca8880cad9bd8fbe9be2a8cfe13eeaa5cd676b20b597c26e0ce0e47cdf70182667824a8701c9a2d137a3491f3c7c571e7bd43793b50b50,CLEAR,DAYLIGHT,DRY,"OPERATING VEHICLE IN ERRATIC, RECKLESS, CARELESS, NEGLIGENT OR AGGRESSIVE MANNER",4.0,14.0,1.0,1.0
0abb864c6abf9b277b3891e325e690937679beaa83993bc5980f5ddc9f2270aa8e638e692da3119d018de470b9ae06c6ddfc6b1ce8a3b9fa530d74476b9a2749,CLEAR,DAYLIGHT,DRY,FAILING TO YIELD RIGHT-OF-WAY,2.0,38.5,2.0,2.0
0abbc209d5d67246300ab890fa24070c90f7885b6f1c0ed29a71f9374d38951a6a604673200c1e14845409ee20cb3cb9c8ded199730f23fe17f5e1556fd0ce10,FREEZING RAIN/DRIZZLE,"DARKNESS, LIGHTED ROAD",ICE,WEATHER,2.0,37.5,1.0,1.0
0abc251a4388b6e3df0652372b8bdc100c21a85126e62b41201611e0e7d3cf4492fc6d4d5d63f2c87653d9d51b4c35dc67a622080b9ff60750c14fd02edca5f7,CLEAR,"DARKNESS, LIGHTED ROAD",DRY,TURNING RIGHT ON RED,1.0,53.0,2.0,2.0
0abc27fc4119c3f6cf75ee22231f15fa9a35e0be90098174a7f8ae547f9b7fbd7041dddfcefc8ebb2e10fe678cac287db18a9d85ebf5d3b6c69d56f824cdb7dd,CLEAR,DARKNESS,DRY,IMPROPER BACKING,2.0,37.5,1.0,1.0
0abc431c701dae2c6ed1bb067a133cd806cac88c2482ba0684e1e66f7a4ec48af6f05ccfea5f29292a49135be44fe624cf9353a0bcc16b131de79b34e1436570,RAIN,DAYLIGHT,WET,IMPROPER BACKING,2.0,34.0,2.0,2.0
0abc59fe80cc5bce5a949241276ae11719e7c729e034da7df3cb6442735e3ccfb495e538ff754884d4c50ddbdf2b1ded935d20796503b6816dbc240e778e117e,CLEAR,DAYLIGHT,DRY,FAILING TO REDUCE SPEED TO AVOID CRASH,2.0,22.0,3.0,3.0
0abc5ec0fc9e8f4b8a4095cc2dd667086b9e1c001211edb65ac46d863d48505a8e369257456a8aee2899df0bc1d01cf630a6f7426f382e32edab5e2cd458fa02,CLEAR,DUSK,DRY,IMPROPER LANE USAGE,2.0,50.0,2.0,2.0
0abc7a81b07327fe180b10c7adf5ea1a9763f852730e06db88e8f8de0bafc5c064def8f85269e690975fa372771b61e7bc5d273224cd4e4414d90eb65b0faa9b,CLEAR,DAYLIGHT,DRY,FAILING TO REDUCE SPEED TO AVOID CRASH,3.0,26.5,2.0,2.0
0abc80e370142365bc4e801166bcd57c24a29e6a38e662fdeb53b691e4528efdfbc7e1c02fd8efe5ed228f6a0a5a2ec22cabb49096119c506b0eab82f53ea520,CLEAR,DAYLIGHT,DRY,IMPROPER TURNING/NO SIGNAL,2.0,46.5,2.0,2.0
0abcd2af9a83582585ec9a09b72682679891b63655eb7e096ae0086323985e4b5e0a37f496d1d68cf4437324a2a11822d0e8eb9b94bb5502c052545718c947aa,CLEAR,DAYLIGHT,DRY,"OPERATING VEHICLE IN ERRATIC, RECKLESS, CARELESS, NEGLIGENT OR AGGRESSIVE MANNER",1.0,37.5,1.0,1.0
0abd19f22468caa67f967a1f4197128d159edfd3c347d2c24bf120688fe6ffec70dc492ff467ece5fa9b2c2d6ee7a2d8dd5aba05260cfa06e9723cfb62843597,RAIN,DAYLIGHT,WET,FOLLOWING TOO CLOSELY,2.0,43.0,2.0,2.0
0abd5afdfc16e5cfb79333fee628c16809775c9d108a4f72f68c7b7476131a839fee1f14d3731323dee708c62ea1ff9085eb874442f8e091004ab4557a2568fe,CLEAR,DAYLIGHT,DRY,FAILING TO REDUCE SPEED TO AVOID CRASH,2.0,44.0,2.0,2.0
0abd727382ad90f70c36524d086fb3df24d1eaae7aac393cda220152733b8552d5a530572f725290050d7ae26e7eba6cb1a911321209f1a9525fb56fce208232,CLEAR,DAYLIGHT,WET,FOLLOWING TOO CLOSELY,2.0,49.5,2.0,2.0
0abdb40e7d41ce612a36f38f49a0aa7e7017027aa9c9e1e34892339183d995f3f258f16ceae9a84c4171dccfd8060e4d5fb9b0e23f9fe14824913c3e31d9c6e2,CLEAR,"DARKNESS, LIGHTED ROAD",WET,IMPROPER TURNING/NO SIGNAL,2.0,42.0,2.0,2.0
0abdcb5edb011ad1e3f0e4fb467b8cef66153ce518f66cbe78ca282f8f1dfe3df728a5c7c315746bf0910e3ff801bc52d83fce619b154cddbafc61e366449be5,CLEAR,DAYLIGHT,DRY,FAILING TO YIELD RIGHT-OF-WAY,2.0,47.0,3.0,3.0
0abddc47eb483b7fb6a3e5fbf53c77c29908360569acb70fea1dd89b6363156d5fa12d12b852d7b31801da6bd710f96d6950660637050b38d747861799c37f96,CLOUDY/OVERCAST,DAYLIGHT,DRY,DISREGARDING STOP SIGN,2.0,27.666666666666668,3.0,3.0
0abdfc2d015444e9491724cf0f143b5bd25ac857ab077eaa1d408046aa5003ea925108914b5944c4beeb1cf0c403fd9eab44a1981c645567214f5e1dcbad0b9b,CLEAR,DAYLIGHT,WET,FAILING TO REDUCE SPEED TO AVOID CRASH,2.0,40.0,3.0,3.0
0abe1b5bdfe2e3acb92ba4fc5e760af6dad117ec259c2552a5445016ac4fb118c1bf8f02f2fc9f0254a010f48b68d74f729f1a43170c879758a2e7c349aaa50f,CLEAR,DAYLIGHT,DRY,FOLLOWING TOO CLOSELY,2.0,49.0,2.0,2.0
0abe1e6f80a11c6304ce47981ca95d18c09440f47d2fa231d89a29edcfc35b26fa20c0611bd8d3ecddf54eb176aa3eeab890ea8282bc81dcdbcb286dcbb204f3,CLEAR,"DARKNESS, LIGHTED ROAD",DRY,FAILING TO YIELD RIGHT-OF-WAY,2.0,37.5,3.0,3.0
0abe3bec557ac3ed2b86e15dad3176199d67a52df8aacb3bb04a1121085f04933ffd8f9205e655f8890fbe3ed230ab3ecaca75d8202237e9498c251972d04320,UNKNOWN,UNKNOWN,DRY,FAILING TO REDUCE SPEED TO AVOID CRASH,2.0,37.5,1.0,1.0
0abe8155118f55abe0b2828cf259153c3988fc7f6c08ca2d1ed8d28bb3be61faac45849f39df0ba2c966483bb3fca6fda08293866ae0e0f46c3de2f653963bdd,RAIN,DAYLIGHT,WET,FOLLOWING TOO CLOSELY,2.0,43.0,3.0,3.0
0abe923e40925f36069643743cc13f7931a7dc7aa92b993ea972cf483a98e925f8c5aa0b1a2f035fe43ade70abc376d08bfd17e42b52918a774f82287e747877,CLEAR,DAYLIGHT,DRY,FAILING TO YIELD RIGHT-OF-WAY,2.0,32.0,2.0,2.0
0abead330cc4934ecf4c265bbd5c3a0922220bf53770e348d7faeea0d72bee39c33f06ba6c182aed97da8505cfdd250e72eab5e87a28aee909a536c007521764,CLEAR,DARKNESS,DRY,DISREGARDING TRAFFIC SIGNALS,2.0,26.0,2.0,2.0
0abebc448cc1e464a75e7e79590e9d5d24b6c6ec06dc1e8bddc171c1c0c21bca2913292f10739e951aa72ed5c6232a213d8dbcc1b0534196ddb3ff10a3966513,CLEAR,DAYLIGHT,DRY,DRIVING SKILLS/KNOWLEDGE/EXPERIENCE,2.0,24.0,1.0,1.0
0abec7263248d4aa16ba7b3e3f0350e0ea998ec4c023f9aba458b7f0695e43101ee16afc91913a067d0240b56b21c26ef8429e753e25355b01dc3a07322d3569,CLEAR,DAYLIGHT,DRY,IMPROPER BACKING,2.0,34.0,2.0,2.0
0abed63e2bbac70e1d03534767f9991938905db4bc563fa79ab4505369d70f661ece4d9300c6b509bc3c3d868d9fc5b0b5413b76536e76faf343fa8e54b6f812,CLEAR,DAYLIGHT,DRY,IMPROPER TURNING/NO SIGNAL,4.0,50.333333333333336,3.0,3.0
0abed725eda12b32615b7b96ffce79f3f88527e4a2d2dcd46504fc53b722aadae3407c320972b2c816bee1cbdb49cd599b4743d1acf7a7eda4f9842bb88b0e50,CLEAR,DAYLIGHT,DRY,FAILING TO REDUCE SPEED TO AVOID CRASH,3.0,37.0,3.0,3.0
0abed923e3b398549e3c1ea8aaf5608d2685e3958bbe349ebed811a6320a2c23bd375d7197aa8c36547fc168120a5d48eadd120bd0f582fd1588b62f080977ed,CLEAR,DARKNESS,DRY,"OPERATING VEHICLE IN ERRATIC, RECKLESS, CARELESS, NEGLIGENT OR AGGRESSIVE MANNER",2.0,37.5,1.0,1.0
0abf1bfed9156fef8c94c0b54f790b3bc2154bd7de231af666288e9f65b28bb1ee99937a40f37c474a6b412a91935f8eacc61438016e4e9ff20ed20d0d6ad43c,CLOUDY/OVERCAST,"DARKNESS, LIGHTED ROAD",DRY,FAILING TO YIELD RIGHT-OF-WAY,2.0,37.5,2.0,2.0
0abf2c4b8d497409b24199db0c9b755c6f2e7a7148bfd0605e675b167ea07d550f1890e0c82e948dc1fd1ea7cca4506f567eee9ea9fa9364b7b244ccb6f31647,SNOW,DAYLIGHT,SNOW OR SLUSH,IMPROPER BACKING,2.0,34.5,2.0,2.0
0abf2cadf644bb92c8d3ee4cedf5f3604ae4ede3174405d6dbdcd7c6b00584ca1961c00c3981000acb7ab4a29f7b3536e457e2bacb6d3f946f3add0739271311,CLEAR,DAYLIGHT,DRY,IMPROPER LANE USAGE,2.0,55.0,2.0,2.0
0abf47c836eb8e15e7559b6ce3a77c76052e0aef847f4de861df5a956ab886fc1932ff9a531d2b3468d2fb1f994f2345123ac6b765cebd7ac17b4fb6337f4d3d,UNKNOWN,UNKNOWN,UNKNOWN,ANIMAL,1.0,60.0,1.0,1.0
0abf4b228a86188b2f10af19761fbfe3ba85d055c2c1500e64baec8fc653e244f46924ca0611af57a84e91369bf862d7db489747799e26a7e9535caf3d318959,CLEAR,DAYLIGHT,DRY,FAILING TO YIELD RIGHT-OF-WAY,2.0,30.0,2.0,2.0
0abf5aebee09ef326e5b7896e2d929057ee0dc1ebea3909ba25bb24d7ec6cbdbf0147569a76598cdc44e1aaa0c37464594d9eebfad4c52e29c9d17ee5270809d,CLEAR,DAYLIGHT,DRY,IMPROPER OVERTAKING/PASSING,2.0,57.0,2.0,2.0
0abf73bd9011fbd253e3f2ad3ffead93c438d85cef4e74bcae42dc758aece35c214e74d8cfe4b8f559e270aa8b4455df3ca0c823a077669f709c2d9f54edb9f2,CLEAR,DAYLIGHT,DRY,FAILING TO YIELD RIGHT-OF-WAY,2.0,51.0,2.0,2.0
0abf9e79d3f0085f35fe386ecf911570e19f31d177ffec33cd7fc1726c9d29a9e0c4c7c7c740eb87ce23f6fe7729450180ce542c1893b855bd25bfdb587372c0,CLEAR,"DARKNESS, LIGHTED ROAD",UNKNOWN,IMPROPER TURNING/NO SIGNAL,2.0,41.5,2.0,2.0
0abfa5e1d70dea82dfe073bd6a5d387c488b1cca59802a85361fff07e99935c748b67f5a10ac28c18aad7794fffcf33d1a2657fb6269a5ae10fd8f24c61c2de3,CLEAR,DAYLIGHT,DRY,IMPROPER BACKING,2.0,36.0,1.0,1.0
0ac035139efb1c47453a6a1084c609ef364c427d139b21e067141699995dd7108e948633ed84d812fd146ae291689dc0df95cac448ba01467b7f2541c352c726,CLEAR,"DARKNESS, LIGHTED ROAD",DRY,FAILING TO YIELD RIGHT-OF-WAY,2.0,58.0,2.0,2.0
0ac04973dabd722e56dd7c08dc4fb656e18791032bb507db5a249b02ff9f7ad5e3ecc94eae5763ef209fbfaf863616a6bf41e6da9a0a74570cda006eb9a06b7f,RAIN,DAYLIGHT,DRY,IMPROPER BACKING,2.0,32.0,2.0,2.0
0ac068ced4110319d6d364f9d7315876cc15534e07d65d3d6d200b3752db158241352ecda88b5917edf2ef7fdc275f5ee47a3de48bed1ec3638fb97733b0423e,SNOW,DAYLIGHT,WET,"OPERATING VEHICLE IN ERRATIC, RECKLESS, CARELESS, NEGLIGENT OR AGGRESSIVE MANNER",2.0,41.666666666666664,3.0,3.0
0ac08636b5b19a88257f0fe073bec492c31b18e3d69589e94fbc835c5ed5b11a347537a4ebf51e60f2285081f81c2320f4b7fe832321572148204abed65b3ed2,CLEAR,DAYLIGHT,DRY,FAILING TO YIELD RIGHT-OF-WAY,2.0,30.333333333333332,6.0,6.0
0ac09f694a8737057dc5138562f12a63809249248e73cdc7c5fd765ca72cc897840d6caa4a775b4c45ee9ae387c059783150932fdb51925ed66b031256eb43d3,RAIN,DAYLIGHT,WET,FAILING TO YIELD RIGHT-OF-WAY,2.0,46.5,2.0,2.0
0ac0b0b5b1af7186076613b032824b693dded188588012db6bc4f4d1d5ebd2d5809060e0ca9ae2a43ba33c725b987c5f665cebf91cd468d7de6d348426ad45c6,CLEAR,DAYLIGHT,DRY,FAILING TO REDUCE SPEED TO AVOID CRASH,3.0,54.0,4.0,4.0
0ac0d1e0586dc23d47937d70a9150dca5f9676ac4aaeaf2f5ea71c999bf174235de1e4b81ddefb9e7e5a9ad2d9fc7342329856c7066e9c6ee4d215346763b681,CLOUDY/OVERCAST,"DARKNESS, LIGHTED ROAD",WET,DISREGARDING TRAFFIC SIGNALS,2.0,25.0,2.0,2.0
0ac0df33060af83b74f8171b3d5b57cd3245909a64ba2f9340f7b696d4d802c14aa2b0c6faddc2bf1bc57dc3eab531899599b5acdeb64fea58ca73de95a4027b,OTHER,DAYLIGHT,WET,FOLLOWING TOO CLOSELY,2.0,42.0,2.0,2.0
0ac10a6a9b2a947c60fdfbf0af62a17e962c0b736a98f84c628db95747f3ab099c2d21807b73871bd23ac318a19fcb83320ba0e3d20eb58e0d828f79d9aafe5b,CLEAR,DAYLIGHT,DRY,IMPROPER TURNING/NO SIGNAL,2.0,36.0,3.0,3.0
0ac10b56b2abf40f04df5a7e8952de051fc1ba3fa8fca5fc6e3244c367b39a8861342932d243a9dc15c7b870c92f549d4e824ba3592ea6ab68daf9dd50ec08b9,CLEAR,DAYLIGHT,UNKNOWN,FAILING TO REDUCE SPEED TO AVOID CRASH,2.0,31.0,3.0,3.0
0ac12bdb2515efb97a260716b547f4849c3371cbfb2c970cfe667210a49e2f4d7b32f9741dd56c1a0bf7d4a2fd5d9333727b9e02df47f73bf074b23e098e33ea,RAIN,"DARKNESS, LIGHTED ROAD",WET,FAILING TO YIELD RIGHT-OF-WAY,2.0,35.5,2.0,2.0
0ac144faab69fe6b8f16e124ff4b27ba86643eedc39b657cc2ab07e56c00aaeec79742f5ca2eb497428f32c33f5782fbd350242428558ffff829e501496bc2ba,CLEAR,"DARKNESS, LIGHTED ROAD",WET,IMPROPER OVERTAKING/PASSING,2.0,35.0,3.0,3.0
0ac15b4926f1a8c23b187bfc2e22aa124c47db32cf3ff32a6277b8ef28b4903fbe222b0a562fc6995b0b7e5e9aef05861ee2dce5a9d0daefff21f1ab14c3ba9a,CLEAR,DAYLIGHT,WET,IMPROPER LANE USAGE,2.0,28.0,1.0,1.0
0ac172ad07f3f8a53500b479fd46a61e0b3233e111d1dbe3318822cecc4d9e2cccf979242f02251561d08ad8320fad2b7fe328ed12c7dee7e6fc5422b97a5653,CLOUDY/OVERCAST,DAYLIGHT,DRY,DISTRACTION - FROM INSIDE VEHICLE,2.0,25.833333333333332,6.0,6.0
0ac19b9a192a6c92c675c83c28669d60da9bcdcd5fb63a1c217bab92c610d7284e9a9be260d9c4cf327d5e9adfafd613c3d9cd73c1d1888bcd1e7dee3eacbc87,RAIN,DAYLIGHT,WET,IMPROPER TURNING/NO SIGNAL,2.0,37.5,2.0,2.0
0ac1c3fbcf36c517f1f8c53094df8981191fd054ef6fd7b01e1a452b9dca0d2003bf6a6d8738a5125e13a0307f5389a27df1aa3fd8302b2dbe2041fc1d407f9e,CLEAR,DARKNESS,DRY,IMPROPER BACKING,2.0,17.0,1.0,1.0
0ac1d0e7ce460308ac86929eb4c752cc1242cfa050f1dbe7dcbcef440dd26efd22ad47904fec84a9c59f16ba6afd5a0e1acfc23ee1614791db7ed2a4ba440dad,CLEAR,DAYLIGHT,DRY,FAILING TO YIELD RIGHT-OF-WAY,2.0,27.0,2.0,2.0