crash_record_id,weather_condition,lighting_condition,roadway_surface_cond,prim_contributory_cause,total_vehicles,avg_driver_age,total_people,total_injured
0ac1e8aee48721f31057c31f04c76b80ded4a40a5305a648519bf40fe4a269764f9833122a117f577236a4933e7ec5dbf2e43eb5d3c1cf906ecffc28cf737e9c,CLEAR,DARKNESS,DRY,IMPROPER TURNING/NO SIGNAL,2.0,14.5,2.0,2.0
0ac1f339f5d5e8ac6246bfe3c2f3cc4f29d9dea7406f6aca36d3fdc872be604fad6c25ead07a3982c4975a4daf63b201b480ec02c2a5c3f6a917d132d80f6390,CLEAR,DAYLIGHT,DRY,DISREGARDING TRAFFIC SIGNALS,2.0,40.0,3.0,3.0
0ac2253bdfd7a4ae645201e407873cf8070196c6c0e2d5f3d5fc1b8bcf88db25c3e3bc839568e7999ebdeb75ef80298d9b42cb9c99c17e0142524e0b15727bdc,CLEAR,"DARKNESS, LIGHTED ROAD",DRY,FOLLOWING TOO CLOSELY,2.0,33.0,2.0,2.0
0ac234cf839919e052c996e84f90dc52fa9ec867a62284a0336812c2dcaef4b8a9b6bda83a45338f765155efdb5b7ae40b8781cc5ffdaa6be4b2be5880c12060,RAIN,"DARKNESS, LIGHTED ROAD",WET,WEATHER,1.0,27.0,1.0,1.0
0ac249dcdd55b4bcedb0babea04da43d0989894196b79f48f207adc9c5aed98173b972b74ce92dfb9aac9714ca39a87a488063470a74f3045bbf82411ed57055,RAIN,DAYLIGHT,WET,FOLLOWING TOO CLOSELY,2.0,35.5,2.0,2.0
0ac293c4a68079b84f4a0bc3fdc942e109749d33d3dfa1feabedc3c98152065ff1df4888543dfe1a9a9916460eb7bbe4333bbd3126d85b5b18e5ed5a1d8d1c86,CLEAR,DAYLIGHT,DRY,FAILING TO REDUCE SPEED TO AVOID CRASH,2.0,40.0,2.0,2.0
0ac2a7c3cc83b73e43eae38aa39f867105e9e375fd4ed96aa409254def2f58c892b57f90a30df2c68625ff5b2cc8b51338af14393737360c80ea2da3f7dcf450,CLEAR,DARKNESS,DRY,FAILING TO YIELD RIGHT-OF-WAY,2.0,37.5,1.0,1.0
0ac2a90f7a3df3621433a87fa665dd8eafa699ba4671db9c62e9e3f8ed9e4d9d460bff764cddf356f8f1ef5d21366baed2580f2c5567f9c77db23a719eac2ad1,RAIN,DAYLIGHT,WET,IMPROPER OVERTAKING/PASSING,2.0,37.0,2.0,2.0
0ac2d1320f14a1d63b79ca19978ba695428c0d779bdc24f5b630cddec00095276c77ffb73101844f9086f462dadc93c0d6f11fbbf52706fbdec9782181dd7ee4,CLEAR,"DARKNESS, LIGHTED ROAD",DRY,DRIVING ON WRONG SIDE/WRONG WAY,2.0,49.5,2.0,2.0
0ac2f876c1ae421805af823648e729cac12b3078fc1e2c6329ca123e2c5c75920b40d656aa318bf3e57dcadcd461917c0d2bf33654c78d6600002da9cc9a889d,CLEAR,"DARKNESS, LIGHTED ROAD",DRY,IMPROPER LANE USAGE,1.0,43.0,1.0,1.0
0ac32d765c9a591aef35abfadbc5c8d6e1958f531acfe5ff3af6cadd0aff5bc4ee38cbc31439947ba87fea886c3b289c04e6404e6797711da569f4e3b74e5787,CLEAR,DAYLIGHT,DRY,DRIVING SKILLS/KNOWLEDGE/EXPERIENCE,4.0,39.5,3.0,3.0
0ac340e96b582f86790f96f71c12edf2ac74c9f847967cc14ef70a5f2e81045bff6c0cc778973e28750e6f21166cb363bdaaf2c2a0b98978ebf20cbfcc31200c,CLEAR,"DARKNESS, LIGHTED ROAD",DRY,FAILING TO REDUCE SPEED TO AVOID CRASH,2.0,36.0,2.0,2.0
0ac34a40317b6a1e7da110ffb0678868b0bc832fa7e9d1d55f0e8dec4a614a0c75fb5c326d4ca1d4d53f7753018cc4c4673a2fb3a1b6735ef06dba78934dd386,CLEAR,DAYLIGHT,DRY,FAILING TO YIELD RIGHT-OF-WAY,2.0,36.75,4.0,4.0
0ac34cb77247fb4f4159c6f28cfeaf76a4a50938f395f512885dbcaaf54a875bf2af6075ce1173acb22200be48e17eb098eff62aa4c842f1d272eb9d0f4f24f1,CLEAR,"DARKNESS, LIGHTED ROAD",DRY,FAILING TO YIELD RIGHT-OF-WAY,2.0,35.5,2.0,2.0
0ac35af405655464905fea2c11cd3ce035814afc9a331a80ae21f030add59f366a8f3814c42a788400e0a2e9faeecbb932b1d1d8ac99d9b085a249681227969a,RAIN,DAYLIGHT,WET,DRIVING SKILLS/KNOWLEDGE/EXPERIENCE,3.0,37.5,1.0,1.0
0ac3cb9816eb26e511ecac5e2458a11dbaa114edfe70a0c5d7b60b7c97d26e0829fa42818ff8304796b74a228e7c08675266c17a503e54ab2c6325032f21c286,CLEAR,"DARKNESS, LIGHTED ROAD",DRY,DRIVING SKILLS/KNOWLEDGE/EXPERIENCE,2.0,27.0,1.0,1.0
0ac3e1d803cd59bad51e966af879ca0a08d7b6c7da1f240000e01b3e906fe06cf28bd5ae24a106e06468041d0517dd6384d7428124e079954116e4254eb24cae,SNOW,DAYLIGHT,SNOW OR SLUSH,FAILING TO YIELD RIGHT-OF-WAY,2.0,68.0,2.0,2.0
0ac3ea28b44ee6615075dd6e06056557193fbf4c433eac1f9601796b46588cfde3f1c0c2d8fb8c3037a834cbfb1cbfe49bf8ece00c7207a7f46a4d58f3cd5e19,CLEAR,DAYLIGHT,DRY,IMPROPER BACKING,2.0,37.5,2.0,2.0
0ac4040add3ad436d38550642439c83ab268d77ac0fc21b5641dc534dae901db10e4c37ed2fc36da84d1f83567268a570535b0c3be0226de2d70edc39a37d50e,CLEAR,DAYLIGHT,WET,IMPROPER LANE USAGE,2.0,37.5,2.0,2.0
0ac40c73448f2d56f2553072efeaa0a1fe2e85a28567ccfd9598dfe5764ef88bfd712a232651c6a0177f1d1ab673f50f6b470d44e4a6f7a1dcd103ded1ca3a73,CLEAR,"DARKNESS, LIGHTED ROAD",DRY,DISTRACTION - FROM INSIDE VEHICLE,2.0,26.0,3.0,3.0
0ac418c6a48a553af68e36a64cc3ca77a43b67082faa9535c574d4eb3dd417d22124db8399ac7fc3ec12d171fd1c8347bfa2d67553d5de67ff5aa0d578a1acd0,CLEAR,DAYLIGHT,DRY,IMPROPER BACKING,2.0,43.5,2.0,2.0
0ac43c6f2a24e9dd990ea393ebd8c7386b6e7e974671a592de57a2d9c4feb5e650365cba2a4729a7d8ce8f3b90de6c6c49afbb5d0024b69c3d0d6c14093d5cc8,CLEAR,DAYLIGHT,SNOW OR SLUSH,IMPROPER BACKING,1.0,57.0,1.0,1.0
0ac441906db76b68ab895646a8028d9c5b7f2d6bfdc1c19f3a92190b48ba0e6b2c39baec0565565e44c98b7c7ec6d2e51dfa4248866bc8752cb9e116c360b46c,CLEAR,DAYLIGHT,DRY,IMPROPER BACKING,2.0,31.5,4.0,4.0
0ac49c26e1176334ba2a23d1a65b2b9a6687655d3ffdd89b6c9ad298cfba236060e8e6e4e9aee787edb723d0a4dc4776a1ab88c62d44d47bfb85fd8fa08237eb,CLEAR,DAYLIGHT,DRY,"OPERATING VEHICLE IN ERRATIC, RECKLESS, CARELESS, NEGLIGENT OR AGGRESSIVE MANNER",3.0,46.0,4.0,4.0
0ac4a06bcaada4bfe3f19ca755d2fd226f3466de42e826490e8f9a3d9766971aec59a7aebbee96f47ac13697bebdb0df9918c427369d89cde9ebd2628a09e7f0,CLEAR,DAWN,DRY,FAILING TO YIELD RIGHT-OF-WAY,2.0,38.0,2.0,2.0
0ac4f498a9074fc064665c1bceef853630c2142806fa741c3c602f5247b10ce39786709f0eb505d26eae5d4ec02eae4dbf5c0b3451a85b38a57617b33c1e5090,SNOW,DAYLIGHT,SNOW OR SLUSH,ROAD ENGINEERING/SURFACE/MARKING DEFECTS,1.0,47.0,1.0,1.0
0ac504266737f381f4e1a78eb3466de8d579c9917b446bcc7dfcfa03fdef3997cdfc89368d4b6969d02a76a142e725ff31e04b382297ca021b7e71e4b0a09781,SNOW,"DARKNESS, LIGHTED ROAD",SNOW OR SLUSH,WEATHER,1.0,53.0,1.0,1.0
0ac50cfb2b3fd4ad697b54adc219b36ca978ca173497d342958035b1c125e36337f30b1db21ab595fe1042cf67366dbdd1f676911731387623539cdac0d65fb9,RAIN,DAYLIGHT,WET,EQUIPMENT - VEHICLE CONDITION,4.0,56.0,1.0,1.0
0ac5174ccce2d51d4fc78d2ed9c676f338e72ed313633ef26e32ec89ba75d11983bb9e9caf45175b85b7c3682074fbacf59bf0fb4e0af1fd90530ddaad4d8031,CLEAR,DAYLIGHT,DRY,FAILING TO YIELD RIGHT-OF-WAY,2.0,27.0,2.0,2.0
0ac529ece092f4acba1e4fb79771066370cf099c822cbf656a8e90790ecdd93270eed95376b1de63fbbd4174e9929ea518accceacc8ed12698950562a1283095,CLEAR,DAYLIGHT,DRY,DRIVING SKILLS/KNOWLEDGE/EXPERIENCE,2.0,39.5,2.0,2.0
0ac55c3e246ffc0329db22361cc2d681abf9656f9b76bda9655f1773b457b29cc3d75a64f6ee94e2b835ffa2539682262b91317176c5f4bc7d44ee855c36dbc5,CLEAR,DAYLIGHT,DRY,DRIVING ON WRONG SIDE/WRONG WAY,2.0,36.0,2.0,2.0
0ac579d3a598e3114463bbf4e2fe68195572229e117a3268abd539eab9899d2dc047eb7da52565936050fca3238664f0b2a0ffb228635962715d6df7bbb29e25,CLEAR,DAYLIGHT,DRY,IMPROPER LANE USAGE,2.0,67.0,3.0,3.0
0ac5a658ea24270b1ebdc8f0cb5dd62f165e84ced43dd4fe612d7dfeea951d794c7e1eae3e9928ae8808b1016cce84b61f75c227180608d9a4265a32685c5d73,CLEAR,DAYLIGHT,DRY,DRIVING SKILLS/KNOWLEDGE/EXPERIENCE,2.0,27.0,2.0,2.0
0ac5bb9a1afd90d6320b1b3a5a92fcefd2891a1446a628c52c18f0f19b56105772002552905de170f299cb311c31fd49840937b76f138fdb64bb79adeb552fe0,CLEAR,DAYLIGHT,DRY,FAILING TO YIELD RIGHT-OF-WAY,2.0,60.5,2.0,2.0
0ac5de5800783aa8847f77bee7095a6f4f5b9a0e2245187a4f04de613803332d7244a68c4994401c2128e08b15a317e0734956783853347fde8fb1c1fa771c63,CLEAR,"DARKNESS, LIGHTED ROAD",DRY,DISREGARDING TRAFFIC SIGNALS,2.0,48.0,2.0,2.0
0ac5eb202c3485cd3fe6c21c70a4acacccbec84d8b99fdd8e196e772a9bd448d6a58fe5505b370e8a1efd37de40d11a9bcc0b271ead1985a7b62d11d27363e17,CLEAR,DAYLIGHT,DRY,DISREGARDING TRAFFIC SIGNALS,2.0,76.0,2.0,2.0
0ac5ef0e9175260863c7bc961cd16cc6a2aca5c5e97eee3f7d20eabd9cb5f87565934375138953f9b117813bf4cf4597c10574a99450df9c07784f11aeb5b454,SNOW,DAYLIGHT,SNOW OR SLUSH,WEATHER,2.0,40.0,1.0,1.0
0ac5efa015683c18b16e2afd7f4e10f6aa5d8f7930df6c11d2752843406b90f03f24e3865b7a36ab2a8b04ebf26bdd0e826680b38c066c2c22d2e51b2b506121,CLEAR,DAYLIGHT,DRY,FAILING TO YIELD RIGHT-OF-WAY,1.0,55.0,2.0,2.0
0ac5efc0b1b1def478b21abe4be560bb1230dcd462c9e74a832464d18b6136444867bee76d9309948ddbec0b7f55233f71eb8ac78247a11de0c50808bb5deed2,CLEAR,DAYLIGHT,DRY,"EVASIVE ACTION DUE TO ANIMAL, OBJECT, NONMOTORIST",2.0,74.0,1.0,1.0
0ac619c4a0a72670acd7ca41f43cc9356fc743fda5083fe9107743daca5cfba09c781c9d79f7575ddb526dc9b0196033f73af0225a1500d9fad2339304157a6c,CLEAR,DAYLIGHT,DRY,FAILING TO YIELD RIGHT-OF-WAY,2.0,60.0,2.0,2.0
0ac6549ff676504545d46ddecf0c847247fa5db0412279829843d63271361eb38b26cb54a390367bbdfd57a8ccf8a5f717ff1ffd817eed95b42ecfcc75956415,CLEAR,DARKNESS,DRY,EXCEEDING SAFE SPEED FOR CONDITIONS,2.0,53.0,1.0,1.0
0ac6646fe56d396474b90afff37969503aeeca5d1865056230cc2110f81243adba390bf274d1625af1ed5174f91eba9cea13511c3bb9ebc4d7afdfe92c809b51,CLEAR,"DARKNESS, LIGHTED ROAD",DRY,DISREGARDING TRAFFIC SIGNALS,2.0,41.0,2.0,2.0
0ac66775e118e06c1c3781146f6b90c269a742dea5a11a4b80b143c203253d605772b8d9713fd70411a43839f5d11f887aed683531e98b40b358da482dbf10f7,CLEAR,"DARKNESS, LIGHTED ROAD",DRY,FOLLOWING TOO CLOSELY,2.0,32.0,3.0,3.0
0ac66b7e79ce60051db56c250f709af09d0c1df424965bf3aec32d55bc79a22c9771e94c67289ad8f72dd9babbe7248a106ca5fe909afcfa662e39d715483202,CLEAR,"DARKNESS, LIGHTED ROAD",DRY,IMPROPER OVERTAKING/PASSING,2.0,34.0,2.0,2.0
0ac681be6d746f86f36c42b856e1b7a4bcf09366e17917badace2faea667d68adb68c4e2d792e8a1329333ffab79f6ab52a171f77cab7d51ca8df8880eeeda4b,CLEAR,DAYLIGHT,DRY,DRIVING SKILLS/KNOWLEDGE/EXPERIENCE,1.0,55.666666666666664,3.0,3.0
0ac7054df8b45460d0195ff5f84e396c1c8503296d7b943a3ffb8142c4bd1e83996d0520a2eaee39e90eac49e2f380f422dda9f2cf86dc38dd332ed022ba0837,CLEAR,DAYLIGHT,DRY,FAILING TO YIELD RIGHT-OF-WAY,1.0,11.0,3.0,3.0
0ac71ffbea23569985d58f06d0a24cb6b7d696153543945867d9845b1d989fb0569383c873898bbaea0a35966639b8529fe783d9214dcc1d34b53f882e5443c1,CLEAR,DAYLIGHT,DRY,FOLLOWING TOO CLOSELY,3.0,33.6,5.0,5.0
0ac7272cecaf38d853feceecc7faf5b5ced26e7d6e39b7e127d2dc25304975fb8fec118d05cd7e258a5a9308ad05baa88ad2672861a5b5d1e07d94ed8029ce3f,CLEAR,"DARKNESS, LIGHTED ROAD",DRY,EXCEEDING AUTHORIZED SPEED LIMIT,2.0,32.0,3.0,3.0
0ac75f30433bb68fc8c40af5bb7c67eb50e87c0b66156aeb8cc65dc7f9d71393e2a6b7bc19e520bf645cba0737267a36dc3252feaa60b9ad2ce52b7c9859385a,CLEAR,DAYLIGHT,DRY,"OPERATING VEHICLE IN ERRATIC, RECKLESS, CARELESS, NEGLIGENT OR AGGRESSIVE MANNER",3.0,53.0,3.0,3.0
0ac76ee95500c622041a37a319f8b879673c291dff93531fa88e8741c4b3ba6c81df6813c53baeb6b8df5c4b695b77ef0bf755062da1ba22ea44943c24b4f2d9,CLEAR,"DARKNESS, LIGHTED ROAD",DRY,EQUIPMENT - VEHICLE CONDITION,1.0,18.0,1.0,1.0
0ac7794d44b453e73bd9c6d2c2ff10d661b2076f6050db75f3f2798e9a04eb5aaf48b9da707d54416d1187678de9c744ce38d185d2687ffc3d79c2fe87c473e8,CLEAR,DAYLIGHT,DRY,"OPERATING VEHICLE IN ERRATIC, RECKLESS, CARELESS, NEGLIGENT OR AGGRESSIVE MANNER",2.0,37.5,1.0,1.0
0ac7861b5c9928b7694eb08ad9cfdcf8026b5dd15667889064f332c6e7174f697e498391ba197e5c35b5b3eed7f4f0f31ca83a462dd2aca91e5afa79a8d99d58,CLOUDY/OVERCAST,DAYLIGHT,WET,ANIMAL,1.0,47.0,1.0,1.0
0ac788fbf05db146441192829b07b81c52124bf4513ba179912aa7c73edc108d28ab2ffc1f8ce4b9a0e8df8aac340634121f6860e4730027a91b9065f31fd634,CLEAR,DAYLIGHT,DRY,IMPROPER TURNING/NO SIGNAL,2.0,49.5,2.0,2.0
0ac7a998574364b50d54d49746f029cab587e174445bfcc84b17bd41fe297a4011f74199b0dda8bc25c70b462420754494f899fb9d5999f57742fa30bd7e815b,CLEAR,DAYLIGHT,DRY,IMPROPER TURNING/NO SIGNAL,2.0,19.0,3.0,3.0
0ac7dd6d2f9bde8adb9f870d32a93c3d3c04e79e9c2942aa0844a1028f9f8e7c80f8e4ae2385648007f60db542618e69c01bde42197a148c5ce609f6d96353d3,CLEAR,DAYLIGHT,DRY,IMPROPER OVERTAKING/PASSING,2.0,59.0,2.0,2.0
0ac809c7eac6e44298da253b09b54f443cc9e5289731b712e807181f4a98a4bf2ae407ad542090328378a2d6ffe7768e04593d188ce5d4c7340c38a0cf295b33,CLEAR,"DARKNESS, LIGHTED ROAD",DRY,IMPROPER TURNING/NO SIGNAL,1.0,37.5,1.0,1.0
0ac819d34624944b99d050c3853028a959a393a5e0cf93523d7e206a7045ff0acb8c37558835b631791b7ac259e158b66eba332d2d6e9bc876d8f4adab042063,FOG/SMOKE/HAZE,DAYLIGHT,DRY,"OPERATING VEHICLE IN ERRATIC, RECKLESS, CARELESS, NEGLIGENT OR AGGRESSIVE MANNER",3.0,30.75,6.0,6.0
0ac8271512cd2a33d1db73359d7d40001f5a7f73c708c86535e58db536fb836c25e1c28be0d3f9496d41a93dc052f2142d6064d1b4331c3282f6a76cbabb12ef,CLEAR,"DARKNESS, LIGHTED ROAD",DRY,IMPROPER BACKING,2.0,36.0,1.0,1.0
0ac89d6a6eb8135e43eb0a6a8617fc149fc4592f712c07391661eae05626aebbcb2b2ea8e21eb273cf0979a9a60affdfa7d99ed1075f633305059115553bdfe5,CLEAR,DAYLIGHT,DRY,IMPROPER TURNING/NO SIGNAL,1.0,33.5,2.0,2.0
0ac8a549b011869fe415fcf0868548716b2984a9827e02ce86636a5171b025f4aaa75ba4d5d469073b883832e5f3f30079c464aace9d98346d50a376a98e9fcd,CLEAR,DAYLIGHT,DRY,FAILING TO REDUCE SPEED TO AVOID CRASH,2.0,37.5,1.0,1.0
0ac9137779ff5455c320251858909ad048ece4c043c9d5c453343dad7fa7c39b721607e5ee05a3353605dc1309393c14b80948a4d0bb3edabd064bb70132354c,CLEAR,DAYLIGHT,DRY,FAILING TO YIELD RIGHT-OF-WAY,2.0,51.5,2.0,2.0
0ac934afcc7fbf41d45a06e7e3da8d546e3842ae733b79c026fa9167468cd6c6bd01fbf43be27b0dd6a5e4c0f950845a696f808fef0063ded74a1bf1953764d4,CLEAR,DARKNESS,DRY,FOLLOWING TOO CLOSELY,2.0,41.0,2.0,2.0
0ac9b0e6fcb16dcec16308c2e5940bda759b81fffefc1651acb33284db1f24e8ee76780a4c328a5c1c993c083d3f1d1b1fed0d2d910664f1410c363b63ec2871,CLEAR,DAYLIGHT,WET,IMPROPER OVERTAKING/PASSING,2.0,33.0,2.0,2.0
0ac9e389b2a21b06dbb98427b02ed7d40c6eb26673020d58983b3160cd502babb80e50aff17a7b2c373c867acea3ceeddffe1111118da9e1bf19528ac7751265,CLEAR,"DARKNESS, LIGHTED ROAD",DRY,FOLLOWING TOO CLOSELY,2.0,33.0,2.0,2.0
0ac9fc52328ea0c97dd655bb2542585c3bfd4eed607dab9e94031e1252bb552178a9cab7e3627d0fdbed5c7e698865c93166c9c48e4a69d4ca733eb66abc930c,CLEAR,DAYLIGHT,DRY,FOLLOWING TOO CLOSELY,3.0,30.5,5.0,5.0
0aca29c0965112cac83f8149244eeb45ea33577762379ead6d3e4a98bfe6d6701b1fab030bf30991535e1eb1f6c34df223e520fd67a34915c016507caa126eb9,CLEAR,UNKNOWN,DRY,FOLLOWING TOO CLOSELY,2.0,21.0,3.0,3.0
0aca3a89c699410ed573da681707cb455c79d586d94b41589c4598a3972a2bb2609315e8806f164c083e8c2f356446ca47e4a7bc800907c9e51b2fcbe08ee589,CLEAR,DAYLIGHT,DRY,FAILING TO YIELD RIGHT-OF-WAY,2.0,32.5,2.0,2.0
0aca8e1db03b8542a6a9dd43192ec0a2c52c409ae1018bfbef5f9b24d51fc93b384c97f11bbc183b97196fbb083d425d1a709a1640719d6d4c97130f368638c6,CLEAR,DAYLIGHT,DRY,IMPROPER BACKING,2.0,30.0,3.0,3.0
0aca974dd450a4d9819b4e5a5154e9b30a37b8b86b65b0a60c3a1b0cca5787bcc956428a7a57d3ccde42346801bc3f4d8138cd7a31671d76a591349399dc67f9,CLEAR,"DARKNESS, LIGHTED ROAD",DRY,FOLLOWING TOO CLOSELY,2.0,52.5,2.0,2.0
0acaaabe2d780b450c4cf98e54eca8dca69191b356c7893a61b4e5b95e3f80fdffdc452a3d580d81347752753e68d45410da61be575d80503cb5b934cbf5b4eb,UNKNOWN,"DARKNESS, LIGHTED ROAD",UNKNOWN,IMPROPER OVERTAKING/PASSING,2.0,50.0,3.0,3.0
0acab4e6f62fff0fb88075d03d450d875f928152c32b9c1a50974996b4ae609d8ce7b660515f6bbb25d6db6fa250410e3f64ee50ab3bac53a0cc8519b35a60c8,CLEAR,DAYLIGHT,DRY,IMPROPER BACKING,2.0,26.0,2.0,2.0
0acb002a4efcc0e13d6c0ed365d15e594e569be220ee313e558bb32d267baeb88bf37fdb7ffb4bff4c393c678579c53951b670ad3b33ca7a917a11c4f4395bc3,SNOW,DAWN,SNOW OR SLUSH,WEATHER,2.0,27.0,1.0,1.0
0acb0ea7dd43061ab59aca7e75e058cffa632df12b37c70cdd5e382b77e991d420e98ceee7e58064407ff8c7cf085ba8724aa13654d0c890d9d333e05824f3b9,CLEAR,"DARKNESS, LIGHTED ROAD",DRY,FOLLOWING TOO CLOSELY,2.0,35.0,2.0,2.0
0acb3c2a31a4bba3c8324a3349d8a925ac2cff8b0bf825c44cd21f2b5eed54e2c661bc24df33b617be7eede9c505e5d1fbb06a59d099be0027e7aea071c2efd8,CLEAR,DARKNESS,DRY,IMPROPER BACKING,2.0,37.5,1.0,1.0
0acb85910cecf47600e5504838492dbd44c251ee918d15e34d5a6d3d76cd07d29abb42302983d8dc9a3240afcc532d085b4d170f4d47f6a465c20bb215481604,SNOW,DAYLIGHT,SNOW OR SLUSH,FAILING TO REDUCE SPEED TO AVOID CRASH,2.0,37.0,4.0,4.0
0acb9da7accbb20523829987183aed41fe447b369a6fdc8c836ebc325d83ebf5bc4d1cbb8f50b8d0aa1791ad12fe785ffe7a1c5e376ca748f976ff185c487358,CLEAR,"DARKNESS, LIGHTED ROAD",UNKNOWN,FAILING TO YIELD RIGHT-OF-WAY,2.0,29.0,3.0,3.0
0acba8ee498788ef67f83f8cec25be8e85ab2b48f18f313fdbcc244d6afe617b29dba100a25120cdf1e868b4335dec9ed534c9d531bffe074ecccc89779beb9c,CLEAR,DAYLIGHT,DRY,IMPROPER LANE USAGE,2.0,58.0,1.0,1.0
0acbb1fcd6b1858a3449be3dfb590148f76167b09a97aa3bc2f2d6875746f84171b8dace4625d4017e9b3c2b74a7d8ec609c4c51f9a71a18d87da38955dd99aa,CLEAR,DAYLIGHT,DRY,FAILING TO YIELD RIGHT-OF-WAY,2.0,32.0,2.0,2.0
0acbb88a10dba97b3d1543ab57077d3d4fa8d280bb6dfab72c53041b34486ce508b0559fc340a4ec2ebbf608da8e6a7bed800ba6b83b36184347972d2a7454ff,CLEAR,DAYLIGHT,DRY,DRIVING SKILLS/KNOWLEDGE/EXPERIENCE,2.0,29.0,2.0,2.0
0acbbde2a8396d73462a8c0bff651a1d97acd29d460595b2bf0e28c0e39c111c14b5e92c9cd3a63c29a71da75ec26a497a1613fcacdcd56ec0b927a6ea6a8d12,RAIN,DAYLIGHT,WET,IMPROPER BACKING,2.0,17.0,2.0,2.0
0acbc7ae8e249a88f51786cb3a6bb36afe033faa1ac47f6168667ab1ed40438b67c54c9ee8f06eb6eedf98ffdf4c6622a0b5e7c8b4a168a15751107e8d24ebbb,CLEAR,DAYLIGHT,DRY,DISTRACTION - FROM OUTSIDE VEHICLE,2.0,34.0,1.0,1.0
0acbcbfb89a2877ef46d6b6dedcf60ab08acf05e79f8f1db59fc68036a104d6a5e5dc9f1cf52de42e818578eb304744fa3b75c45025368a55e376598357342aa,CLEAR,DAYLIGHT,DRY,FOLLOWING TOO CLOSELY,2.0,36.5,2.0,2.0
0acbf22b3b93864a743015f94af9317f692930dd568939d4e338b03652e3883da103ca6310569ffb58a2363b707ae2689bfa571addb5c3c44b0e7bca97f75844,CLEAR,DAYLIGHT,DRY,FAILING TO YIELD RIGHT-OF-WAY,2.0,43.0,2.0,2.0
0acbf6201f454727dbd602aa8c2ac1f9ce29427631b892ebdd691476e5a757dfa87850f1a5b7576b4289252358f68380492fde68ad4f6180d7e490a06eda0b34,CLEAR,DAYLIGHT,DRY,FAILING TO REDUCE SPEED TO AVOID CRASH,3.0,28.5,4.0,4.0
0acc069f5a9c3f1ed2f573c852e7406c586119964fadc07520160e31d6cf89f10ba7597058719ab05fbb53afd810085ec7ddc9e834d3684b7af915094eac97f0,CLEAR,DAYLIGHT,DRY,IMPROPER LANE USAGE,2.0,49.0,1.0,1.0
0acc22978e2db77201f4f8229ab619114ce6b83183dd4c66630019de000dd08e6ff8dcb72b67302ae4be9c4c8dbf4215baf6e0caa3f25f931b1b42ae5edaa539,RAIN,DAYLIGHT,WET,IMPROPER TURNING/NO SIGNAL,2.0,62.0,2.0,2.0
0acc5ace3ff60be8aa72625355c016af380ee20575855ae578b9052f949d24ab2ea874f2d9f4dfb07652acc4aedde1f35d5f2672b395acf0e065d8b3ece21861,CLEAR,DAYLIGHT,DRY,DISREGARDING TRAFFIC SIGNALS,2.0,38.0,2.0,2.0
0acc6e1e368b1c64b44c52c07b7e1ee5cbf8be143096bfb4bde6ab4385d8ba762acf0a4bc216f6ee92f0636d60ec08992bac89e50af2025116ba515bceb84b1c,CLEAR,DAYLIGHT,DRY,IMPROPER LANE USAGE,2.0,39.5,2.0,2.0
0acc6faf6ed892e8f9a34b1d2dc5bddf0a2c5c6ebdd11ef4d6d80aaa0298e5784132c25d39a6ba67fb3662fbe16368f153aeca86acce992c74fe1964a559d73f,RAIN,"DARKNESS, LIGHTED ROAD",WET,FAILING TO YIELD RIGHT-OF-WAY,2.0,32.5,2.0,2.0
0acc9ad44735029d087e171ab254b1633a115a0f7a9f52708eb11bd0a4f7c6aed25f83d434805453df483766e686682bc0ff8d5c387f131c9602d19c4fedaa2b,RAIN,DAYLIGHT,WET,FOLLOWING TOO CLOSELY,3.0,34.5,3.0,3.0
0accac129c4b974ae0ce3628f25fbdd660906c81f7fda373277464125070553b8d3ee586a45485a4c7c5eff5a2eb5693755742be7cfca79d43ebe0c97b26cf00,CLEAR,DAYLIGHT,DRY,IMPROPER OVERTAKING/PASSING,2.0,22.0,2.0,2.0
0accc19fa310fda8a1c43606e09e7133fc1825d02d51d29b7f013b6ca8cd8463531fce6cd0315a47823e14f0a8713f8e06b01b5228a700be0515c5b70b9147d0,CLEAR,DAYLIGHT,DRY,IMPROPER BACKING,3.0,37.5,1.0,1.0
0accd0c7c06341300d9b4648664e3264ab29ca2c1f9fcac2a1143c3765671b30118373880615f7db621a8620df4239004883b338984cf47bf4f7eea8f6b3917c,SNOW,DAYLIGHT,SNOW OR SLUSH,EXCEEDING SAFE SPEED FOR CONDITIONS,2.0,41.0,2.0,2.0
0accdde370bcf2d818e2305b41cb0cfd597bf3f837a970ba9a18987483d05c08fd83de7e26283ceec8c08652a599fcc3801fd583e3bfd90f2ab658c3fe3b1106,RAIN,DUSK,WET,FAILING TO YIELD RIGHT-OF-WAY,2.0,34.5,2.0,2.0
0acd12ad057d0509eb1abc844e1e4a7dea287b14274ef7f94f748ac10517816f063ed9b2d5e45ddad61f8190a81a5b30cedc63e0dcc428fce4f3eb104b4fba2d,CLEAR,"DARKNESS, LIGHTED ROAD",DRY,DISREGARDING STOP SIGN,2.0,51.5,2.0,2.0
0acd194c76339605fe805440ac09cedf913fda6d7d7706fe66e086d4da6263e366295fdc79dc90730854e761b06268678df51b60d72dd70ce1bb35fe6532c4d6,UNKNOWN,UNKNOWN,UNKNOWN,FAILING TO YIELD RIGHT-OF-WAY,2.0,29.0,4.0,4.0
0acd340496b64460d71edcfee7a2ab11f7eb794341d53655999ac670c99af847d24b8795908adf5d02f37b35e0eae1563e9313008039d6c19b1764fbfd167e35,SNOW,DAYLIGHT,SNOW OR SLUSH,IMPROPER TURNING/NO SIGNAL,2.0,37.5,2.0,2.0