crash_record_id,weather_condition,lighting_condition,roadway_surface_cond,prim_contributory_cause,total_vehicles,avg_driver_age,total_people,total_injured
0acd64748a9a0b8736311eb3e217572fff2fc3ed37d87270fdd1354b2c7717bf853c5465a369ffae564b5e1aa96c1ec8686a1bc8150a166c874becb526784caa,CLEAR,"DARKNESS, LIGHTED ROAD",DRY,EQUIPMENT - VEHICLE CONDITION,2.0,29.0,1.0,1.0
0acd6d19aee03a1cf4b962bebef8e34dc34f1ac6c580d2e9a6eb05b68be703fd06be60c8b25ba81126d3a84b04f37f42299ed0a6458718ffc483024e54457c2a,CLEAR,DAYLIGHT,DRY,HAD BEEN DRINKING (USE WHEN ARREST IS NOT MADE),2.0,29.333333333333332,3.0,3.0
0acd76aa280ecb916d3f71849562afaebd6b8ad39259abfbb61ea34263a53069fc9aad489fc70acf001721170a78905f8e4b98b6c4e9a6e30160b460f4a37693,RAIN,DAYLIGHT,WET,FAILING TO YIELD RIGHT-OF-WAY,2.0,39.75,4.0,4.0
0acd823b8cd83bcdebacf577419eb4aabbf8359744cdec03e69bf0c8f4e64cdfef8526e7c48b006f9dccd25f5cb5b6e1f0776b6ab0e20627ae1036436439601d,CLEAR,DAYLIGHT,UNKNOWN,DISREGARDING TRAFFIC SIGNALS,2.0,57.0,2.0,2.0
0acde234f22f4e244e30a3d0c543409c7b953a0b8af033baec34b80cd25566d58ced8fb2676ec38528505f41ed07e564820b77081daa81696f6566332eed5033,RAIN,DAWN,WET,DRIVING SKILLS/KNOWLEDGE/EXPERIENCE,1.0,30.0,1.0,1.0
0ace014711ce4a16c37f145a85a64893104c65c5a5333a5a89cf51400cce6325399a9193e09b43313ee12505fd1b9801a06ad82502c4792d060b9e5d15375432,CLEAR,DARKNESS,DRY,IMPROPER BACKING,2.0,37.5,1.0,1.0
0ace08bad33017a25a7f59b079b41a64ee46d23de8599a83ebd6428615e61624ac37c20c5268cb7373fec0f306c3a0b2be0174c4af742f16a0b28d5f78607e02,CLEAR,DAYLIGHT,DRY,FOLLOWING TOO CLOSELY,2.0,51.0,2.0,2.0
0ace68e456e892841d87454265c5e00fa3e60802719041c8c8024a8f28aea23d8d384e05837b1caa238e339125a6792c0574aa6962517ffe0f72702929064363,CLEAR,DAYLIGHT,DRY,IMPROPER LANE USAGE,2.0,44.0,2.0,2.0
0ace692e773e3d5e837747332d4639d26bfd429ca04d64b31e6846e1876c210665d37d7613130f8fdfd4948030bca0e45438ecf11346ec9dcf9b432dceae61a1,CLEAR,DAYLIGHT,DRY,IMPROPER LANE USAGE,2.0,61.0,3.0,3.0
0ace774f98d04798879121d19e7eeff634359609e0312d21a7a120dcd1dbc44fa9ef159da1c045a08ba9e2961b3d6b5d1c85b4068756b525b1deda0022c62456,CLEAR,"DARKNESS, LIGHTED ROAD",DRY,IMPROPER LANE USAGE,2.0,19.0,5.0,5.0
0ace8f353a2f0ccda0f0bf7eb45002b76495e0bf1e82a908a96a2e0469f03e1e649a76fb111f2bbc153fdbd706acb6df15e46b3b3049dbdf07d9e91c3846025d,CLEAR,DAYLIGHT,DRY,FAILING TO YIELD RIGHT-OF-WAY,2.0,20.5,2.0,2.0
0acedb16e9a4117aafcda17f632e632719824b8eee5176a953a9486023a7838bcd6bdfa2815d04b8d4316988c8d62216db7a99828ce230706c2610e349f2d4fb,CLEAR,DAYLIGHT,WET,FAILING TO REDUCE SPEED TO AVOID CRASH,1.0,23.0,1.0,1.0
0aceefb8b4427965e15704e2c74c44b09ba70487b94e90415001948050cc382ea71a06ec6f1c30fa520cbacfe3474d4c690a4c058f162957359b3c6268e1727c,CLEAR,DAYLIGHT,DRY,"VISION OBSCURED (SIGNS, TREE LIMBS, BUILDINGS, ETC.)",2.0,47.5,2.0,2.0
0acf025e3428fef689e5e85b82988712ba18de9b7b55182bf240767c8ad6b5125692c2cfabc5731ea885bf45395e8f71afb92b6fbf28a711209a89a258fb717d,CLEAR,"DARKNESS, LIGHTED ROAD",DRY,FOLLOWING TOO CLOSELY,2.0,31.0,2.0,2.0
0acfac33170ffa6f546d855b57862c1fad88872ca7f48cde4ef789c702b651aaff170246d400f1fee461618d54bf78e96a40efe9880c5a3eb155151efb6eb9af,CLEAR,DAYLIGHT,DRY,IMPROPER BACKING,1.0,17.0,3.0,3.0
0acfc29c1c6137a9efeaa84b2d9fd5b75446c06629cac49c13ef47f498bd6947776156e71bca59c77eebaea47db90ba7ff2ebc544d07f0130d7813717ae359bc,CLEAR,"DARKNESS, LIGHTED ROAD",DRY,FAILING TO REDUCE SPEED TO AVOID CRASH,5.0,37.5,1.0,1.0
0acffa78282e69b6b6f2a51cba637a00925735becb8fed39decd2a075e103e44d4c7b445a46ce7e8f596b38219f06ee8532d977b679acbfb5940af798dc7f4f1,CLEAR,DAYLIGHT,DRY,FAILING TO YIELD RIGHT-OF-WAY,2.0,51.5,2.0,2.0
0ad04578502dffd085b632ed372c48bcd77522caae04176ce311fe73107c25dcfbc9803bcc5f85a6063bafbd95cd28131cbbe8fbc5316c6fcd1f846c2452cf1a,CLEAR,DAYLIGHT,DRY,IMPROPER BACKING,2.0,26.5,2.0,2.0
0ad057856bc1360ae053caf4a15aea25975e2a7a54f9da49dfe2844adaa004b8588feb3cee203aa5c71e8aa6c6503aa0235e7e6940284b33203885a4b71daa2e,CLEAR,DARKNESS,DRY,FAILING TO YIELD RIGHT-OF-WAY,2.0,19.5,2.0,2.0
0ad07840436716dc9b28330a3684714026e0782ba9915b34cfcfe45a2812617451e9cc07846f52445eb53b3827d0a686c56f5eebad326f84a5c201f526521b7f,CLEAR,DAYLIGHT,DRY,IMPROPER LANE USAGE,2.0,72.0,2.0,2.0
0ad08f94d662251c7c3478015f809a18b74a50cb288a6db798a21983fb82c3f9f0b0fbbacac96ff76cb68f1ca1baacbcf5d9eddd18a8adf7c14e1d03942a6c92,CLEAR,DAYLIGHT,DRY,"VISION OBSCURED (SIGNS, TREE LIMBS, BUILDINGS, ETC.)",1.0,52.0,1.0,1.0
0ad096c0cda270263e0c36435cd01c07e8edf4fe2c5409d4b5e3ec17023f329c8b81ade95c0154cff169ada308aa0a47f5b4eac122310f605050948d7881e3c7,CLEAR,DAYLIGHT,UNKNOWN,"OPERATING VEHICLE IN ERRATIC, RECKLESS, CARELESS, NEGLIGENT OR AGGRESSIVE MANNER",2.0,22.0,2.0,2.0
0ad0a477962c2e6505c46dc2936156a3149326cc3ff649f55b8d35540c1dd48327093ca9bbecab7832a3cfcb2f65b5f61f7ef9ed1a292f748b52b2ab176b82fd,UNKNOWN,UNKNOWN,UNKNOWN,FAILING TO YIELD RIGHT-OF-WAY,2.0,40.0,2.0,2.0
0ad0a9e9fdccdb2ee7f6aab87c56556aa18a838daa1d5f15030015a19924bbf6ff2f446053f109cc44741f01b74b816012851c0c42a24738d0fdef75007b5fb0,CLEAR,DAYLIGHT,DRY,IMPROPER TURNING/NO SIGNAL,2.0,26.0,2.0,2.0
0ad0fc196e750cbd624df34d9bb9e870390301e648266e7c36b363149dd6b2c67c379981d8a4451ed5bc8a65dffbdf84eb881c3e9a2dee652ea2782c26cecc4d,CLEAR,"DARKNESS, LIGHTED ROAD",DRY,FAILING TO YIELD RIGHT-OF-WAY,1.0,35.0,2.0,2.0
0ad0ff310b59b66b53a5429645f1a2310c16665662ac9067c893b330baf3947d44f1b3438e0b0af552d7cc8dda9a6d0d50957d21e48620ec9e05efb03fcc2167,RAIN,DAYLIGHT,WET,ROAD ENGINEERING/SURFACE/MARKING DEFECTS,1.0,40.75,4.0,4.0
0ad1022fac40fb2acfee17046400d1f070cfa91cfa564c4470d9358f32939a4465d6a0cf73cd863bea00fbeddb23a450a5c688e27f9a0d0a5b383ca08524d099,CLEAR,"DARKNESS, LIGHTED ROAD",DRY,IMPROPER BACKING,2.0,37.5,1.0,1.0
0ad11e243ba6a38b94a37d9d4b4f4686983349080e1283dc77b4eb48ed1ff218be480330053d060e9c195afc05e9e555d876fbfb500c883e9af45738b941dc67,CLEAR,DAYLIGHT,DRY,FAILING TO YIELD RIGHT-OF-WAY,2.0,17.0,2.0,2.0
0ad13ae8205c3d8347cf2057d0662b4789f9b28d636e3f6d2dd86b9affd1d079cb8f17888b4e98ff668e683e35c1f0906598e56dbaae50c35a07bdf8e3564b26,CLEAR,DAYLIGHT,DRY,IMPROPER BACKING,2.0,41.0,2.0,2.0
0ad148a119694b138cd95d69084b558fc7627470a556190132b206a35cde296e9eb5af679b4fc60d2a22d31dd2fb0979bf3fd6f910556b335579c6f98288eeea,CLEAR,"DARKNESS, LIGHTED ROAD",DRY,UNDER THE INFLUENCE OF ALCOHOL/DRUGS (USE WHEN ARREST IS EFFECTED),2.0,43.0,8.0,8.0
0ad149d6db5b6a84bc242b6cfd49c050d8cb67c3293b5bde1c5e4cf197faaae94699e3389e9714d8beea0bc022e79384f33c02d64d03855452cb123fbb4a3141,CLEAR,DAYLIGHT,DRY,FOLLOWING TOO CLOSELY,2.0,72.0,2.0,2.0
0ad15ca619238cbdd478cba29ed823d49f894dd9f6df82c10e3f87e0ed2cf7ea1ac9d570d5c9c76d908dfdcb9620ab2ac5ebf2fc5038ed51f0c59f063309454e,CLEAR,"DARKNESS, LIGHTED ROAD",WET,FAILING TO YIELD RIGHT-OF-WAY,2.0,43.5,2.0,2.0
0ad17cf7494a2dbcd2cd2d131829eb9e1718f936dbe3435776d48c805e326a1aba0ea840eedc3498dfa5f6a0600ee41820d97856b0da439333ce4c7b4fa74b95,CLEAR,DAYLIGHT,DRY,IMPROPER OVERTAKING/PASSING,2.0,31.0,2.0,2.0
0ad17f125f16eaa68dc13db40c988c6a4949c96b816c8dd3bd2ea4799d3fd5642db321da48a686daee59825e320e25db43b11fbdf0db86821cb1734c46caa066,CLEAR,DAYLIGHT,DRY,FAILING TO REDUCE SPEED TO AVOID CRASH,4.0,49.5,4.0,4.0
0ad19ae5f058b66ef7aeee7d1242f470aa843891fbcc4493acefe06ae63bf5a65730d212e171ad636c84e06f951dda8d7e48832d024140abff500b509e926a5f,CLEAR,DARKNESS,DRY,IMPROPER LANE USAGE,2.0,36.5,4.0,4.0
0ad1b389051dfdadb34de57fe7db3c3c91eb473380648b6b2e40c719094d32210db764cb425a90b34713c131134a6ae2510434ec31dae6be1c949d8b3a627ec6,CLEAR,DUSK,DRY,IMPROPER BACKING,2.0,28.0,2.0,2.0
0ad1ffb4c1cf5607cef15a705296f086de73c263f02c8e2152c584d9939d75b95ded7ef7ddfef025da659a114f4bcb750c18c73dfaa4ac95828d0e38264ed8d8,RAIN,DAYLIGHT,WET,WEATHER,2.0,38.5,2.0,2.0
0ad2014c92567a3132afb92b52fb01ac0b4c9b50a217b237e858b5068b9ff983946ec8f81b749f78154b2c1e193b16268f2fc6e2dc03237bfc2731685271bff6,UNKNOWN,DAYLIGHT,UNKNOWN,FAILING TO YIELD RIGHT-OF-WAY,2.0,45.0,2.0,2.0
0ad23e8efab5822458ef8009f6035e56d8ae489f4b2c3cb9f3794b363eb6e6c2ec40c5c362864b42618bc2b107af3080f09b82a31b22ca4cb8844b652585a825,CLEAR,DAYLIGHT,DRY,EXCEEDING SAFE SPEED FOR CONDITIONS,2.0,21.666666666666668,4.0,4.0
0ad28ade32b2a3a48e9d376f92a9e95c3ad495fb5880e1889c4e546221674e0f124bb239f1dc04ad6c3e4bd4876a3d9e6bb3f063d4ed4efa6923b96956e76780,CLEAR,DAYLIGHT,DRY,IMPROPER TURNING/NO SIGNAL,2.0,45.0,2.0,2.0
0ad2ab57a26f9c1bbbfb1b5cdf7efb6b2f26c2be933ae09ab5bc150577f8726f31892b64a23b0fd1d855f3931467e93636fb0e6a8f21bba65c20a245faeaa1a7,RAIN,"DARKNESS, LIGHTED ROAD",WET,FAILING TO YIELD RIGHT-OF-WAY,2.0,35.5,2.0,2.0
0ad2aff51379944bf24e9f5c5d7e9268043e8d52c8fee87b8db7144f8031a82ffde3548ff10bedfdce2f444f8c0a0aa207ad2f3fe1be22da47a763a368c59b68,CLEAR,DAYLIGHT,DRY,IMPROPER TURNING/NO SIGNAL,2.0,28.5,2.0,2.0
0ad2bb7e1a8d820fd7fa3f88dd4c23fb888ded7880fb4cebc69d00f7f6c252e73f14ef67dc9aec12b968e4db7b7d32af82f8a7f090de606ad356473c1493fb44,CLEAR,DAYLIGHT,DRY,IMPROPER BACKING,2.0,33.0,2.0,2.0
0ad2cf145068f6874eebbea39786dfd792f682e10a83b2fb96ceb9861c8c693f2d32c696bf2da8df914a2bd562df20239d9decc97964c49476af03c7c91a6a3b,CLEAR,DAYLIGHT,DRY,FAILING TO YIELD RIGHT-OF-WAY,2.0,52.0,2.0,2.0
0ad2d45b61c47570bcc317dba9becf1b0cd8b1bc2ec1a733d8a7e0ab23c25ba0f566420774707221139149a2804af547e1b7c6af58b8333b44257196bee6a645,CLEAR,DAYLIGHT,DRY,FAILING TO YIELD RIGHT-OF-WAY,2.0,37.5,2.0,2.0
0ad351dded746c0173e1b33f03c9357ee9743fa36466d0005610282d3d358159ef8904f053e389badbef13e918697d7661337447cf9cbca0ad7febb07ef0560e,RAIN,DAYLIGHT,WET,FOLLOWING TOO CLOSELY,2.0,25.0,3.0,3.0
0ad368f1048180a020dfeb6d0447764c64920671d21dfdc25f66104acbf9c881bac2ebb3ca31af3c48e6dc4813fc465ea11951f3ba48cd65c75d13baaba0ead2,RAIN,DAYLIGHT,WET,WEATHER,1.0,25.0,1.0,1.0
0ad3793ee692212ffdac9eae45af88c833e728bba88eee570c8ffa0809a8d5d34b7095fc49e0b9362c85c1dc782dc5796b94ed8c1e6b4071d045c8581533779c,RAIN,"DARKNESS, LIGHTED ROAD",WET,DISTRACTION - FROM OUTSIDE VEHICLE,1.0,38.0,1.0,1.0
0ad3858b48d1663c4891030145c31c30c8ff77caa8db7b0ab08f572bb18d012d668e4e64a316949b6631cf2e69c259e19d3a429850f66c297626cbb4e3343c68,RAIN,DAYLIGHT,WET,DISREGARDING TRAFFIC SIGNALS,1.0,36.666666666666664,3.0,3.0
0ad3910f1bc94ea2b8e000d047aac0d3a29f548d4cb9604640918508fcfe68039c7d9582d0979fbbcbb13ed3afabb6a9dce44f6f3e9c63a6738602c646b21f96,UNKNOWN,"DARKNESS, LIGHTED ROAD",UNKNOWN,"OPERATING VEHICLE IN ERRATIC, RECKLESS, CARELESS, NEGLIGENT OR AGGRESSIVE MANNER",2.0,29.0,2.0,2.0
0ad3922e5c8455bf16cb3ad703ee1fbfe5115b1da1d1e7032b095e9fe959fccf069143e6bbf6c3b7ccea1ec5d89710d75b2e65fd7686076245fe8896d879acfb,RAIN,"DARKNESS, LIGHTED ROAD",WET,FAILING TO YIELD RIGHT-OF-WAY,2.0,36.6,5.0,5.0
0ad3eb1202b8675a91bf10ed5792ca26e4525c76d28cadccab5f1449dad7c127b5c35aa9c4354cb49bd7996dbf9c8a207565ae0b242a8aaa6582e2dd60868f29,CLEAR,DAYLIGHT,DRY,FAILING TO REDUCE SPEED TO AVOID CRASH,3.0,30.0,3.0,3.0
0ad417406391a266ba3ad8624c2d8711d0c54207f184041be29acf93038c26f4632047d56abce50d1d4cdf73ad54c25b62ff0859534d02a8eb35cdabfda64fe6,CLEAR,"DARKNESS, LIGHTED ROAD",SNOW OR SLUSH,IMPROPER LANE USAGE,2.0,35.0,4.0,4.0
0ad4368f7425791970d19a0575f9eaade7978135e47a9958150270fcb8507edfe74836b9808e9ba4c0ff0b05f4780ff18b16d7b3fad3d490f1dd1ca609602583,CLEAR,DAYLIGHT,DRY,IMPROPER TURNING/NO SIGNAL,2.0,43.0,2.0,2.0
0ad44c289587e486cd758c5ab21c6cc6202d3c12c67df9b01fe0f1f5186422423e5d22390e0e4aefa6525f647e13e13f0953c61ca1cc11d74d8fcb60b5723650,SNOW,DAYLIGHT,SNOW OR SLUSH,WEATHER,2.0,37.0,1.0,1.0
0ad451f74b1e1e35e6b8a1f590dd5c52325e44e005fc506f577bff201d43c6592806afe92fcdad8baeb007abc4a7040b1ddaa59a529ab37b772d82dc91bd404a,CLEAR,DAYLIGHT,DRY,FAILING TO YIELD RIGHT-OF-WAY,2.0,38.0,2.0,2.0
0ad4a08d3f4eff43d308820319e7b9e60d1527a858bb006cc8a71d8026e97a61440efe675e55783b008f6a8c4cc32da26be71a2ae6432bf8bb9959fc57925592,CLEAR,DAYLIGHT,DRY,FAILING TO YIELD RIGHT-OF-WAY,1.0,52.0,2.0,2.0
0ad53b0f942a30232e33b04dd593063b782c9ade4bf9f6c15e12761d90df4854f1dd195ca700d569c1bc5b829ffa3d4485c4b8c41874fd3eb64328567ffd0b7a,RAIN,"DARKNESS, LIGHTED ROAD",WET,"OPERATING VEHICLE IN ERRATIC, RECKLESS, CARELESS, NEGLIGENT OR AGGRESSIVE MANNER",1.0,28.0,1.0,1.0
0ad579a76aa8504bec01df6a89871210a06846ed31a23e9cca5e08f9438ab01f7d58858e1f136f3ffd41e41f8e561ed7e33e74a0f370e36138fdd6f2817b5fe2,CLEAR,DAYLIGHT,DRY,FAILING TO YIELD RIGHT-OF-WAY,1.0,26.5,3.0,3.0
0ad5befa699fe1582897d2dfde23a65b20c44f685fa0a387a5bdfe0c7da49d5666294aef77fcd12a384176f61a09374fd80280e1591a150b5d38498936796e5c,CLEAR,DAYLIGHT,DRY,FAILING TO YIELD RIGHT-OF-WAY,2.0,25.5,2.0,2.0
0ad5d0dea5e8029ed584c66f154e6e1cc12ca968c02f7546a07479acc454ac4c925bbecb394cb61e0fc5fc0d5525bda4d4a6f9f69577eeb5c10f421ab13185d7,CLEAR,DAYLIGHT,DRY,IMPROPER LANE USAGE,2.0,52.0,2.0,2.0
0ad5ee904258b07fe622c5532e1cbb1411f9d43fefe2314e1825488314a6a8e5c6f8bc0ee2a5af6e85b2f6fab63e13ad5a609667a54de717273af85fbd827af1,CLEAR,"DARKNESS, LIGHTED ROAD",DRY,IMPROPER OVERTAKING/PASSING,3.0,34.0,3.0,3.0
0ad600c745af06e5a662efa1039c8726e6359befa56b8ae12f13474ae134468fd8e0fde89ff6c93bf4e1b3f77187c29f57878b416e82a63332f50c712409d076,RAIN,DAYLIGHT,WET,IMPROPER TURNING/NO SIGNAL,2.0,53.0,3.0,3.0
0ad606c36ae564c159457a4119345104dba498b1209fd78b7740f614333008ca4b2deb3b501ce4102c716c9d8c0ae4b3bcb65315236ecdfcfddc15420a3f364e,CLEAR,"DARKNESS, LIGHTED ROAD",WET,FOLLOWING TOO CLOSELY,2.0,39.5,2.0,2.0
0ad61b813ef358b5808c8103f56055f1989c352d5d6eee6d98cff121f55a962ec1ee0751d66c380082dbe7ab50bf2f7a4dd717a7d152ea8fab23da7812f25ff0,CLOUDY/OVERCAST,DAYLIGHT,WET,FAILING TO YIELD RIGHT-OF-WAY,2.0,26.5,2.0,2.0
0ad62902591c8b4f82d3fdd60b9dde30d92043676463f27e987fd2b0980ca3c6f26bfc662a36799236df015d6b3536c6f5387417121a19ab02997393956ac188,CLEAR,UNKNOWN,DRY,DRIVING SKILLS/KNOWLEDGE/EXPERIENCE,2.0,37.5,1.0,1.0
0ad63c241c8bcda8fd949cafa18acfd1aac2131a164394da7ab3b7d4c89aceb991dcd8df389938e60715a679e37d4e7681de23f7777a12dfa98fd95cc938f2da,CLEAR,DAYLIGHT,DRY,FAILING TO YIELD RIGHT-OF-WAY,2.0,35.0,2.0,2.0
0ad65163fe45e338c08e7580d6e7efbd4b833bb3ca480d3524dad4fd0a622d4e8f1516c41f38471f11bd85c83da71b0a589015b1e808fec68b25f3028e6638e9,CLEAR,"DARKNESS, LIGHTED ROAD",DRY,DISREGARDING TRAFFIC SIGNALS,2.0,35.25,4.0,4.0
0ad675b6600fe6a92883c7ecb4216426db612b364a0f3fc2836aa0586940b7b818da21ce513eb18d5f2c1768389ca0a5d534983547926e429e0ef5059abbd60e,CLEAR,DAYLIGHT,DRY,DISREGARDING TRAFFIC SIGNALS,2.0,61.0,2.0,2.0
0ad67f0657f74b01b74bfa5d64208c396bea929bea270b84ffa2ac659febacfe413d5ce04f392aae2fa1350e1782363b6f3d248caa92cbeff3cd57334ee379d8,CLEAR,DAYLIGHT,DRY,FOLLOWING TOO CLOSELY,2.0,34.5,2.0,2.0
0ad685ed59c71534dda06b35c60b23d0461a34227e3837db4ddb16b541404980c86760ee2ad5f892ad1429a7be49d3491ccb45ce746908f95284f79e80cb811b,CLEAR,DAYLIGHT,DRY,FAILING TO YIELD RIGHT-OF-WAY,1.0,57.0,2.0,2.0
0ad6b16a778f126d87ee6e254a1891923eea0c46f9ac1d79a2feb0e344ccc8063dfb10bc7e0299d700df7af7f228f60193488ff7fc87076c139034710d19ca42,CLEAR,DAYLIGHT,DRY,DRIVING SKILLS/KNOWLEDGE/EXPERIENCE,1.0,37.5,1.0,1.0
0ad6d23f3f7dc356f635f868d9661d9fc325512e0b5edf8f14c81d5648653ce9b4021b1c0ec19fc9535cf39159783ad8769054cf34c8cd8d5f73578e488342bf,CLEAR,DAYLIGHT,DRY,DRIVING SKILLS/KNOWLEDGE/EXPERIENCE,2.0,21.0,2.0,2.0
0ad6f43347344c0b4bc5fff41bd14b231668abf2908687266e11b1423d359f3a0463a980cab090fe66bdf09f2c2a20d84c8388e0f4f81a310985a8c61ad40e92,CLEAR,DAYLIGHT,DRY,IMPROPER BACKING,2.0,44.0,1.0,1.0
0ad71160b3af966f42dd2a987f27850a52bd52d716544abfa0734f8e63f2a381ae292cd9546565ccfb059cc89ad4c076e9b88fcc9c6e80afa9dffb1fcf7891ff,CLEAR,DAYLIGHT,UNKNOWN,"OPERATING VEHICLE IN ERRATIC, RECKLESS, CARELESS, NEGLIGENT OR AGGRESSIVE MANNER",1.0,37.5,1.0,1.0
0ad75dfd3f7c2fcf787f7a7ff7b99cab17bfc9445b1e8bf6c25917febd63047039cf588b657432d11516e81ede11cca633851c59ce288354aa4e9267be7420aa,CLEAR,"DARKNESS, LIGHTED ROAD",DRY,FOLLOWING TOO CLOSELY,2.0,45.666666666666664,3.0,3.0
0ad797c367d5c738ab27ec2644fe6fe9991523cdd29f1de19e978f3671db71b9b25f84354224c47253dbefefad43aee53303b7105de8558708582acd0e99ebc4,CLEAR,DAYLIGHT,DRY,FOLLOWING TOO CLOSELY,2.0,37.5,2.0,2.0
0ad7a6550f2345da0a304ea0d40a483c1b05db9b40b88a5a3009dc9adbbbe8d9341b09ad724ed489ee68ab3f8f96ef823a723ebbba73fb19c861a2cd6b128a47,CLEAR,DAYLIGHT,DRY,DRIVING SKILLS/KNOWLEDGE/EXPERIENCE,2.0,62.0,2.0,2.0
0ad7b3ee43c7fdf693fda19866b7a16eab3fca2cc87e0fc378f8e9f9bc64c8518ee0efb3092dc7deb063d1b4af7589328f67a9f30ec895c693318ff701adb8ca,CLEAR,DAYLIGHT,DRY,CELL PHONE USE OTHER THAN TEXTING,2.0,41.5,2.0,2.0
0ad7d28bf4ef6f08cce731e59e8bdf7168cd22c07854416abf389dc9773a5c28edbae9f874695e406438da7e1653da73872e411f7911dc91ccde7b4616398fbb,CLEAR,DARKNESS,DRY,IMPROPER OVERTAKING/PASSING,2.0,68.5,2.0,2.0
0ad7d7a26b7d51c14ed839ee053155aad5f3996e52eb888ebe691abe84accf024babaf946f1ad70b051b5bb392bdd95452d395c10b7a383667703717104058b3,CLEAR,DAYLIGHT,DRY,FAILING TO REDUCE SPEED TO AVOID CRASH,2.0,50.0,2.0,2.0
0ad7e520d026544536f840602312f03d43636fedc51aa3fe16a785e38b30ea84869fa92d1eb86d17a854080967fdfda82b2d3050e825f2c8a1b69083d745f39a,CLEAR,DAYLIGHT,DRY,FOLLOWING TOO CLOSELY,2.0,21.0,2.0,2.0
0ad7f45dd8c00575b670405f36cdf799fdd0e6c02b980cdb933a2671629b3608e4b72b04b5ecfa3c8461dafc9c02d1f0744935857179f6c10bde131ff870c945,CLEAR,DAYLIGHT,DRY,ROAD CONSTRUCTION/MAINTENANCE,2.0,68.0,1.0,1.0
0ad7fc28fd4e4061a8c6d009c379903015786b5162d24fa2a67e99342be3175883231d8fbf6ece2b9b064c6619fed14f4aabb56fffcd0cdbf3c6c5a9682bc2b8,CLEAR,DAYLIGHT,DRY,IMPROPER BACKING,2.0,23.5,2.0,2.0
0ad81d069f740d1337bfa6479f5c0e4f2b238415a059a6d78b4f65385fd2a7c54465b461fb52097011c6463c9de3b4206d5b1db9dcf4a6833ac5198e6cf35cdc,RAIN,"DARKNESS, LIGHTED ROAD",WET,FAILING TO YIELD RIGHT-OF-WAY,2.0,57.0,2.0,2.0
0ad835db3b918139bbf6f486efddd9a53689e1defb6decf96e812c8d3bd3a2c79a72fcda3b2efeb5fa1afe0765a743f707ae74c936237f0cb0dd71a0282d5f82,CLEAR,DAYLIGHT,DRY,TEXTING,2.0,58.0,1.0,1.0
0ad83a8a60281535232f9034712ef0334336be24e23f986331b31669c980a2f970eb0d2f0747132994c374517ef87d68ef632d7c1ffbe5be44535febdc1df0db,CLEAR,"DARKNESS, LIGHTED ROAD",DRY,DRIVING SKILLS/KNOWLEDGE/EXPERIENCE,2.0,37.5,1.0,1.0
0ad840eb414e5da408e4b87e6568353cec62de1878ab7c70a839a6a86695af95e344c75a03a8cfc150b760980030b74354d2a0707fbbfb59835496f884d5b10c,CLEAR,DAYLIGHT,DRY,FAILING TO YIELD RIGHT-OF-WAY,2.0,43.25,4.0,4.0
0ad84a080076462e0f08af0c401733cbc6677a475092c945c33168339e9ca7a5b6403b98e86ede7237703beedc1f980b217458afe2f33b5c04636c9dc4ce4d4b,CLEAR,DAYLIGHT,DRY,DISREGARDING STOP SIGN,2.0,19.0,2.0,2.0
0ad84f9bf65506d1a071a2f98dad223b9dc34599d174dbf6c3dbb8532154bf354b147efb82e0af324e6958e68d4f6b1f24f7735db0f486a09015a266ccd2606b,CLEAR,"DARKNESS, LIGHTED ROAD",DRY,DISREGARDING TRAFFIC SIGNALS,2.0,38.5,3.0,3.0
0ad8547d993a5a33637fabebca8110fc9bc22b738d02d2c756546f3b148e39f0103237b1373a04b25e44712938834a8e2cd263c59fed0d93b7af6768ad19a6a0,CLEAR,DAYLIGHT,DRY,FAILING TO REDUCE SPEED TO AVOID CRASH,2.0,43.5,4.0,4.0
0ad866165050ce7c4a3fb06cd7a82386d6a9cd7a65b70fb64ebe79ea93b4c8d6b885afecb13774ffa7bcb2358f30d2c0bba9fadba2c67555443851785dab593a,CLEAR,DAYLIGHT,DRY,"EVASIVE ACTION DUE TO ANIMAL, OBJECT, NONMOTORIST",1.0,21.0,1.0,1.0
0ad876d4e2190cc6db7eecd70f415f9a9bff7641d3bea002b6ed85eab42609e6436a4be18dab656a3513f9ccb12b47609ac33a96e83fc4998f9880f979562a39,CLEAR,DAYLIGHT,DRY,DISREGARDING TRAFFIC SIGNALS,1.0,44.5,2.0,2.0
0ad877bad425a460090a728550c3feef6bb1633b06287a5be849f4cecd9bd57ed694ccf634eeccfaa48a65f21cad3a38b4575ba1cbdcf1e493277f8205db2cd1,CLEAR,"DARKNESS, LIGHTED ROAD",DRY,FOLLOWING TOO CLOSELY,2.0,32.666666666666664,4.0,4.0
0ad88b07f8fc84b36a60b65c947b8b18a82b0551f48085016d679443a6ff4549b665ede23b852f81dd93ec8c04615baa9ddcdf90c6de4e67cf50b37d744beb1b,CLEAR,DAYLIGHT,DRY,IMPROPER BACKING,2.0,53.5,2.0,2.0
0ad897b95408fdd0c97988e80f819d02e349caae8c23113d0474636fea491edcaea8249eb87da5551a8322ca1909ea482d3f746a3eb145bcf2b66bed8fd110cb,CLEAR,DAYLIGHT,DRY,FOLLOWING TOO CLOSELY,2.0,31.0,2.0,2.0
0ad89a4d4fca56f63082fff487fd39a9ef157c1354bb4801e988896d31a0d1e074448abb5ff0a3248a509fb7bc0eb0a702b9e306830b9a3df1c93dce4a64155a,SNOW,DAYLIGHT,ICE,FOLLOWING TOO CLOSELY,2.0,27.0,2.0,2.0