crash_record_id,weather_condition,lighting_condition,roadway_surface_cond,prim_contributory_cause,total_vehicles,avg_driver_age,total_people,total_injured
0ad8cf7fbe587d951336f11659aaaf4f3037ec3bbe1af0e5f47266ba8d46989c6aed1f537b8b7b75c669f2999550dfbab21597e5848ff50ece2a80375545cc6c,CLEAR,"DARKNESS, LIGHTED ROAD",DRY,DISREGARDING TRAFFIC SIGNALS,2.0,49.666666666666664,3.0,3.0
0ad8da5c6c85c5db8d53debfb6ad8ad453ba8fbf5155a1d567c745dc377042cb3788079a2dadab94cddbede4e7154991e008ed3679d29082b4897476ccf93716,CLEAR,"DARKNESS, LIGHTED ROAD",DRY,FAILING TO REDUCE SPEED TO AVOID CRASH,2.0,37.5,1.0,1.0
0ad8e5d772ea0c757f6c71611ad2e3661629127385c0b5ed85ac8d417fc2b847a62dbebc8d795866be043f62b5513c46ae59007a0f9b101570847aac489eb767,CLEAR,DAYLIGHT,DRY,DISTRACTION - FROM INSIDE VEHICLE,2.0,37.0,4.0,4.0
0ad8ed72dd3daf1e49160a92f8b95bd33ac6dfc162be23f07a9c1a01077fc8fbbf63561743cf6c75cd05af82416451086bda9d4b20fa189f44f066024a24e9b5,CLOUDY/OVERCAST,"DARKNESS, LIGHTED ROAD",WET,DRIVING SKILLS/KNOWLEDGE/EXPERIENCE,2.0,37.5,3.0,3.0
0ad8f150926096d786f984e70dc1f7c67f0ea1b9ba0b3501df5eaec99bc8a9d1e6a149b31d42dff2b36e77995cad6748bca0e9a4a74ceca6d0fb519060c2f1ae,CLEAR,DAYLIGHT,DRY,FOLLOWING TOO CLOSELY,2.0,63.0,2.0,2.0
0ad8fa123dc3aa90a6ff826fbaa1a66b7857098c45d17d40ccfbbd248c7b94bfa627c1ded5835bccabd8b000973fa012bce5180a7a8c9f824f4cab6381b1f9c2,CLEAR,"DARKNESS, LIGHTED ROAD",DRY,FOLLOWING TOO CLOSELY,2.0,34.0,2.0,2.0
0ad91249b7fb60c339ac1e4ec3253f69659c57d294b988969e88e0b64dee16385cacbfd06c0ef47a9ac5f19910b5d7191a6cba2257018ba762d7d19e1cb184ff,CLEAR,DAYLIGHT,DRY,FOLLOWING TOO CLOSELY,2.0,46.5,2.0,2.0
0ad916fab95b51007128deb673a063ac92ee4b494992e19a4a4917dd57b4a35fbf9fa839cab7dd2c28b3302b5696856db5f91a79301094f9a68b417d5d5c0d61,CLOUDY/OVERCAST,DAYLIGHT,DRY,FAILING TO YIELD RIGHT-OF-WAY,2.0,43.0,4.0,4.0
0ad919ccd5231154ba1563c0b159b13028669fe79c1b9057f72838c9a04d00cc9f2061aa7f4a29a69c5b075f45b6ff341de63237ef34c93d7f7faaeab49c2004,CLEAR,DAYLIGHT,DRY,TURNING RIGHT ON RED,2.0,41.0,2.0,2.0
0ad975d072b6061005120f651fa7edecc52e376f5c4b9d8be3e7a211fcd9e51ae548406cd717ab1b2a02bd7137800db6a7651ba4097f5d82a82cfe29357e0eca,CLEAR,DAYLIGHT,DRY,IMPROPER TURNING/NO SIGNAL,2.0,32.666666666666664,3.0,3.0
0ad9a8f5da86b52b63a9e75ae091057ca8ba2a38e3d953cedc55d2f64969fe14d356e172638cf8d742eb0dbef533befc6283df90575a33731d61ed31a05fa773,CLEAR,DAYLIGHT,UNKNOWN,IMPROPER OVERTAKING/PASSING,2.0,20.0,2.0,2.0
0ad9c4c44b60a7a4b4aae4414d1175d8746b990b6bbbdff7c3a4bfce802a24c4e04967f833aa8f2416072d21ddbdef4b7da8cb8ca2f1cc5b2f759617310e6719,CLEAR,DAYLIGHT,DRY,FAILING TO YIELD RIGHT-OF-WAY,2.0,60.333333333333336,3.0,3.0
0ad9d816f1bdc9a8c0edc83482bbfe5554ea129a40e4a0c4566171c33a1fef4b5979f3d63f0bdc80963529e48c03ae34989a5bcd69f1d6a26d38375e30b22e48,UNKNOWN,DAWN,DRY,FAILING TO YIELD RIGHT-OF-WAY,2.0,65.0,2.0,2.0
0ad9febc0d22af743b26bb58f55f3c98f3dde7166feb28adb7df958f96ff792dbca6e650736c26445f92df54b1e60c817b231e8cc42f06fa0ea69815694c8602,SNOW,"DARKNESS, LIGHTED ROAD",SNOW OR SLUSH,WEATHER,1.0,73.0,1.0,1.0
0ada00dcfabe734f9e7ef311c54fc10f2a0b29ddd27025407df5261fa0704895656e34aa099fef7f86ee792aa5678689f87da757835703c8fa758fe5237c9003,OTHER,DAYLIGHT,WET,FAILING TO YIELD RIGHT-OF-WAY,2.0,51.0,2.0,2.0
0ada2096669d586bcd011bb7e76476408a1e1bbf1cb3db28b51b009adaebfebdfce3fc48f1d6e06d4e2c654d8087498f44a91b7aa80eaf84bb93b36ef8db1780,CLEAR,DAYLIGHT,ICE,WEATHER,1.0,51.0,1.0,1.0
0ada2d69d1f6a59cbe7cb106a206a590dd2455a2289324797389d774954fbaf4b684ff7420c631ba5ca1cd17e485d987cff661884f3a11628417a6769915ff98,CLEAR,DAYLIGHT,UNKNOWN,FAILING TO YIELD RIGHT-OF-WAY,2.0,18.0,2.0,2.0
0ada3a769f899e29b5fea5fd61f0583045d437c61b3cdbed4c3f7a4d4a74a4064be1be4f5f9a3adcb109642db473d962c97dcd06865d437735563801f79e06d8,CLEAR,"DARKNESS, LIGHTED ROAD",DRY,IMPROPER BACKING,2.0,37.5,1.0,1.0
0ada40672142ff20ab35807fc19c728d00409e384fb1fac2983ab538cb9d5a250577c36b6738a33086d41c3b2d893e473866a2c5cbb074cdca7698254bc37011,CLEAR,DAYLIGHT,DRY,IMPROPER OVERTAKING/PASSING,2.0,35.0,2.0,2.0
0ada4b069117658caa87b14bc93599081bcdd69e9ff98bc5308281eaf59178f276071e07b03792635cd075547f7e1554ccf590238429f6c8bdd54a7fc646ffaf,CLEAR,DAYLIGHT,DRY,PHYSICAL CONDITION OF DRIVER,2.0,88.0,1.0,1.0
0ada5192d0662c3275529d52bc036ec9986476e1c940635bfcc8436d8110df3a49e6a94796aa4e62ae5d09d75965475ce29f1a46af1bb3de7ecd667f451bde5b,CLEAR,"DARKNESS, LIGHTED ROAD",DRY,DISREGARDING TRAFFIC SIGNALS,2.0,36.5,3.0,3.0
0ada785519cc70b8cf5b783edb997d033b5bc5441e7902a8beef99a1ffcd3dc0b9b033e08bb37d3b68c8b090be1557c4319b732054c2f4aaf2674c11b2c2363b,CLEAR,DARKNESS,DRY,IMPROPER BACKING,2.0,26.0,2.0,2.0
0ada80223afffa90deb2e71af1ab8d9fe2d32c3287ef354b4e1a20a206c9ce7488779bb2847168d176c6876876aad7d05ed4e871dc4e9baa2bbf0cc6a56aef4a,CLEAR,DAYLIGHT,DRY,DRIVING SKILLS/KNOWLEDGE/EXPERIENCE,1.0,37.5,2.0,2.0
0ada89344e403892a02039fc47dd551d282fd64c966c64ecfd7f3143e4d134524f036ec4637f9e5551302e1ef07ba9c6d1ba1b5e37204099e60871180467ab91,CLEAR,"DARKNESS, LIGHTED ROAD",UNKNOWN,IMPROPER OVERTAKING/PASSING,2.0,21.0,2.0,2.0
0ada93694b75bd940ff3c0e47ba0d0b69c34f480850844b1b94d06594ed0767c0402c4f1086ed24f12f192a2431b7036bcbdda695d0c1af783eec125182d3cc1,CLEAR,DAYLIGHT,DRY,FAILING TO YIELD RIGHT-OF-WAY,2.0,69.0,2.0,2.0
0adaa3201cbca9d18be6c0c0555f2bf7224090303b21633b6cb573b76f32d88c7a80b8f6fc7338d1f69987dddb35c3fbf3a35e822450e5dc24b9e54330a1501a,CLEAR,"DARKNESS, LIGHTED ROAD",DRY,FAILING TO YIELD RIGHT-OF-WAY,2.0,27.0,3.0,3.0
0adab7e63e2885fabcedcaaeaf1293e10b3f6184d4fd45bd5b38d608577a843904d89ebb699af32593540d4738f1a4400ea828c0dbe6109a0f224104a7360d0a,RAIN,DUSK,WET,DRIVING SKILLS/KNOWLEDGE/EXPERIENCE,3.0,35.0,2.0,2.0
0adae523e7df5749aee23c01ace060a65525137dfe48fe82c9ff4b5a2ffba0a351ad3c75b9990ebaba5a79ba8c9ef785a8799a75e78ad45dd498e2868ad70fd6,CLEAR,DAYLIGHT,DRY,EXCEEDING AUTHORIZED SPEED LIMIT,2.0,46.0,2.0,2.0
0adaf07499654d44851943dc9577366912dc5360f0955eef6939f3e210e3c8fb00934a375df2a2abd951a84f5c9acfff61bfbec8ad99bd628a7b59815ae84ff1,RAIN,DAYLIGHT,WET,FAILING TO YIELD RIGHT-OF-WAY,1.0,51.0,4.0,4.0
0adaffcd1d8b020311b06620c11f3b1abe6bc3fe2780a558235977f518c4a0302720c6b14c33b3fc7ec2896c101718591c7e0d1896cd901be35d6c9cbb581107,CLEAR,DAYLIGHT,DRY,FAILING TO YIELD RIGHT-OF-WAY,2.0,37.5,2.0,2.0
0adb13d275b044a4b87b12a0f9cbd2ce5c99adf39d76440215431efaf2571381b4e4d08b70a573982ba5a4b88c99c021e3884602bd259a6093c3091f21ef98e9,CLEAR,DAYLIGHT,DRY,FOLLOWING TOO CLOSELY,2.0,26.5,2.0,2.0
0adb7b26ba298e88f5f29b5279824e5fce112509f493a0f8c4d986a890a3ece5997d091a16614e3a523db4e488ae9e63c98cfe9133628f7a4d3a9845d48f2a1e,CLEAR,DAYLIGHT,DRY,IMPROPER OVERTAKING/PASSING,2.0,49.0,3.0,3.0
0adb7f016474772e807484108740e60464697d896ff6824e0a53ec14a16657d6709ddee22289659b5e342b2a716bd0833a28f503c678ca458f5fc7db090a0df2,RAIN,"DARKNESS, LIGHTED ROAD",WET,FAILING TO REDUCE SPEED TO AVOID CRASH,2.0,32.333333333333336,4.0,4.0
0adb8e698fa97af83801e2fe49c5084004b5d83dca08f421aa158e5499434c0f252de2e9026a876a3031a465bdcb630522ea7cdf81aa5d17289b9011a8de72f1,CLEAR,DAYLIGHT,DRY,"OPERATING VEHICLE IN ERRATIC, RECKLESS, CARELESS, NEGLIGENT OR AGGRESSIVE MANNER",1.0,37.5,1.0,1.0
0adbaa51626ce055304972ecf975c19afe7dcdcd7ce4f1869a2299fed59419afba1863bed5431a2423aa147e335b211e54519faa9084e62aa883cdd121ab5b94,CLEAR,DAYLIGHT,DRY,FAILING TO YIELD RIGHT-OF-WAY,2.0,50.5,2.0,2.0
0adbf92599ae63692408de2084706b2be520ab27b3d3e5e4dae239cc295e5c7f6e675d1d6249f43d68df50fd3e1fbaaa5b2774520d2cdcf416b84fb83ee8b284,CLEAR,DAYLIGHT,DRY,FAILING TO REDUCE SPEED TO AVOID CRASH,2.0,34.5,2.0,2.0
0adc0bac19aa0cf5b97d7ac2c25bf88dbce151409eef1a5f78ff07a4e54f39b673a9f59dd01b5fb5939324040650685f70947bc9ae5fa24f42b3f79f92f01be0,CLEAR,DUSK,DRY,IMPROPER OVERTAKING/PASSING,2.0,28.0,2.0,2.0
0adc48d2afac270ded3d545bf07b72ef11de9da95957736389348c8932093dc9125b1c8605c611d6dbe8cf7d10df4b30207d485715eec87b43c2c6e87e33807f,RAIN,"DARKNESS, LIGHTED ROAD",WET,IMPROPER LANE USAGE,2.0,22.5,2.0,2.0
0adc4cddf108f2965948cd7a3f4bee165fd37f082cea0985e81185172f4891d42de1d04c1fd96d64e7a0d0392bfa1d63fc3ebe3b420aa4fc673e18a54dea5911,CLEAR,DAYLIGHT,DRY,FOLLOWING TOO CLOSELY,2.0,16.5,3.0,3.0
0adc89cb3d050196e26b3117bbc3136a650bc028566f8e8e6ef41d71e6a6eb8566f191463e1e92c7c6e9213cdc55c9720372e1ffbd4eb557c9939e37f6702958,CLEAR,DAYLIGHT,DRY,DRIVING SKILLS/KNOWLEDGE/EXPERIENCE,2.0,65.0,2.0,2.0
0adca0e420703078b5b0fd6eeb895ab9a3ce866984a013e49e0a945d1dfe15098176a6785a2c6a3fbec783487f377b0f21bc52ca1b2ccbfdaf0549f017d46450,CLEAR,DAYLIGHT,DRY,FOLLOWING TOO CLOSELY,2.0,54.5,3.0,3.0
0adca16828f586704902456a1c2b2bdd60ac0a875a186790abcde83cd18420b5b361d5d74ab4ae7fe965be90b3d2f12ce24bfd4acec22d8882b71525a5e52d6c,CLEAR,DAYLIGHT,DRY,IMPROPER OVERTAKING/PASSING,2.0,39.0,3.0,3.0
0adca3ff06c86fcb1b34ad0df84b9e9026448e64e226b33af2a2b711ae02b3ef18f8939ed387f386e8b499cfb299df6213a1d3af8d9d42449975f92d53e5a8ee,CLEAR,"DARKNESS, LIGHTED ROAD",DRY,FAILING TO YIELD RIGHT-OF-WAY,1.0,54.0,2.0,2.0
0adca6d91160d144859be0e87a7a1f0a81e0316d0df73937958a0229e60e83769105530eb57a80aa5c273335e25078324a97c7bee35a454fc5de39463af43317,CLEAR,DAYLIGHT,DRY,FAILING TO YIELD RIGHT-OF-WAY,2.0,26.2,5.0,5.0
0adcb48e74aaee5e8401bddd0f9d260a585713c6f70fb84b5472128d691bd0932a9e5cdbad89eaba170d94ac49601c6d8cfc66fb05ccd3384bab05093009b651,CLEAR,DAWN,DRY,DISREGARDING OTHER TRAFFIC SIGNS,1.0,32.0,1.0,1.0
0adcbf09ad1982653020fb4d86f8988a05620feb068f902a40947e4bb3cae14c329b2635032edb3cfd6797227d6f0c51ee6f097a95f499c1b1a405fbcaaf546d,RAIN,"DARKNESS, LIGHTED ROAD",WET,IMPROPER TURNING/NO SIGNAL,2.0,39.0,2.0,2.0
0adcd0c42f56b2687399d4f490e449b39859a6ff0f74c095c2318907352cbacd7e2463f14fcb2aef347684e3ca7bdcf8a139c779c8ab3270e188f789005bbb74,FREEZING RAIN/DRIZZLE,"DARKNESS, LIGHTED ROAD",WET,IMPROPER BACKING,2.0,22.0,5.0,5.0
0adcd86e668addd7139e4517cedab7ca01f22082f1534e91967c418cea46e766b8e40218cc3c2b5de2414d88db54e328a303cd05dd05ce16d12e3b2b77a9d321,CLEAR,DAYLIGHT,DRY,FAILING TO YIELD RIGHT-OF-WAY,2.0,67.33333333333333,3.0,3.0
0adce8aa47d66215740c6ff8faaffb77c6c617c417b481ffb7222e815480a9f271ce94468a43526e29a94e38a13d803151890e88e47b25d1334be02f87e12d4c,CLEAR,DAYLIGHT,DRY,FOLLOWING TOO CLOSELY,3.0,29.666666666666668,4.0,4.0
0add0ea0dc40ab99fa9078bfd770b83882d82976f2512ce6137a786185a49923b370ad4829db574fa5c9769059d006ca9832ba7ba6727999cd234bf7e56a84ff,CLEAR,"DARKNESS, LIGHTED ROAD",DRY,EQUIPMENT - VEHICLE CONDITION,2.0,31.2,5.0,5.0
0add1406b558546974e39698b07673c344d060e16e5b16995b38807d509b6bdc043c3376a5d31d0a7f4716f7e472bb90572afbef550431b2aad1733aa42b6067,CLEAR,DAYLIGHT,DRY,IMPROPER TURNING/NO SIGNAL,2.0,71.0,1.0,1.0
0add2aeb45c3a90ff1091438307224c149f16720a06671111f99a9139a6b23a038ea6b7c7b80c775ba4364021c13ebf0b4807012194a2bd686c7657003b82da9,CLEAR,DAYLIGHT,DRY,FAILING TO YIELD RIGHT-OF-WAY,2.0,53.0,2.0,2.0
0add420b4e28087da5f409305f52d698a3cf3599032c25a147d4ea7c74bf2921eef232f5eb2f6f94521248564fb7706226b8646afa779b89f23d204681bbf986,CLEAR,DAYLIGHT,DRY,IMPROPER LANE USAGE,2.0,36.0,2.0,2.0
0add4b9278833afebf6e92c9966fdd4546b5cd049df73dd92cb4f2e1ee4ebec6e2d1afde72c9ade4eefb0acf236423833d635764020639c1733f3507107cb551,CLOUDY/OVERCAST,DAYLIGHT,DRY,FOLLOWING TOO CLOSELY,2.0,29.0,2.0,2.0
0add4f4d5fa52d765b697ad4995cb3c726cd44a8967ab6d653bcf610b284388e137a90bbad31951616057df1aba030bfd770d932748f2cf36e6df447c18e9eda,CLEAR,DAYLIGHT,DRY,DISTRACTION - FROM OUTSIDE VEHICLE,1.0,43.5,2.0,2.0
0add578664a5fc6b5248d03ff5cc3fcdce8eb1ea725d396519ad5f6cedb8b741c855e897c41dbe7270d68ae0999144e1a19bb2e6be537693a2c4ddd684416bfa,CLEAR,DAYLIGHT,DRY,IMPROPER BACKING,2.0,37.5,1.0,1.0
0add5ade26e9282d0830dbb692fcdc17196ed133426e058e2be11f965ce89c670a62cd091d2cbf458b34fafeb65f44e05eb5d33fd1cb64f8ac6e9ff826aa0f76,FOG/SMOKE/HAZE,"DARKNESS, LIGHTED ROAD",OTHER,DISTRACTION - FROM OUTSIDE VEHICLE,1.0,34.0,2.0,2.0
0add5e773c0911456ae77d372d4d8fb676dce716199e1d0ce1c6fc01b2673688c715b61361340aec1840385c98211eeb945650b399f4bd4ad8a4cb52a7f6c068,CLEAR,DAYLIGHT,DRY,"VISION OBSCURED (SIGNS, TREE LIMBS, BUILDINGS, ETC.)",1.0,42.5,2.0,2.0
0add6eafadfc0ed3806fe9309a1a71967fb98b6892edafe2a8c187e98fd51c1849c34d26afb9531c6a8f1db47405bdf5a383b769f838ebc4a523979647a4ccda,CLEAR,DAYLIGHT,DRY,FAILING TO YIELD RIGHT-OF-WAY,2.0,49.0,2.0,2.0
0add9c237c5a23138c1660322490b049aadd8732b4b56fa00e6066efc7d1129bf4ee6cfcc7366437ee81035ff0a605f80761ee20bd2c21ef3a1fc0d1e7366a58,CLEAR,DAYLIGHT,DRY,FOLLOWING TOO CLOSELY,2.0,37.5,2.0,2.0
0adda3a7e485af8523af1a37bd18c927893209ca731e41a0dd1c5588666f4d364953320e33e7006cf9c5783dd9953a0770f6e86d5c86e49fe200d4f686ae331d,SNOW,"DARKNESS, LIGHTED ROAD",DRY,FAILING TO YIELD RIGHT-OF-WAY,2.0,23.666666666666668,3.0,3.0
0addacc0c0ad4d4cd6658af99d855e7b201808ddc75190e7c5990ed15fa24376dd74dd163bc424b37911bae4205706d84d1d1bde5612a9fc37c05120805f5249,CLEAR,DAYLIGHT,DRY,IMPROPER TURNING/NO SIGNAL,2.0,19.75,7.0,7.0
0addc6a807ae072fd293af266d9758cfeb36a46249bf22629e39b2ee8b241f9bd6f24a40f26f26e921fd37493d4267df157abcd52f3ddb33d7e64bc2eb250d53,CLEAR,DARKNESS,DRY,"OPERATING VEHICLE IN ERRATIC, RECKLESS, CARELESS, NEGLIGENT OR AGGRESSIVE MANNER",2.0,43.0,3.0,3.0
0addfe918499e84910a9f751a1f63ed76ec3c90d16a15151770bd509e0f992fef814264a4daf056428099db059f315c016e57400512e0a86ffbfbdc194c72744,CLEAR,DAYLIGHT,DRY,IMPROPER BACKING,2.0,16.5,4.0,4.0
0ade14d3d024d9bfd15f53183ef2d3003cae8942cb2b5642ac9cc9e15d4dc19da1d71b2d6861ebc92430742f696ba7623656354afd3948bbb522fdfe9d378935,CLEAR,DAYLIGHT,DRY,FOLLOWING TOO CLOSELY,2.0,37.0,2.0,2.0
0ade3ca86884ff85ac5db87b0300eed590c1a6ed17d1a1dd6224c06fab05617634da913c301a54b9b95180c4c329ca695e62f86be7fba0d23f5fd084c347df90,CLOUDY/OVERCAST,DAYLIGHT,DRY,IMPROPER LANE USAGE,2.0,40.0,2.0,2.0
0ade492f227b17b1cf21f447a8ba8f249c679f8b01b10b513d497ac984422fc7e140d17410df6232de4a3b1e975e852a375280e89e3f1edc4f5109447cc9e3cf,CLEAR,DAYLIGHT,DRY,IMPROPER TURNING/NO SIGNAL,2.0,35.0,2.0,2.0
0ade5f436da9becdaec638aaa0509b9b4b59e8d7e29e9a4d6aad9b59b343f870aca0b4043aa4f4772a2fb074a73bad41093623690e31320eb93b9025276b2832,CLEAR,DAYLIGHT,DRY,IMPROPER LANE USAGE,2.0,41.0,2.0,2.0
0ade67b94954b6754c888b22e0ed931e5f982684be8271cc666298118efdd6e52f4375f6a9487e7fd321f7a62a6f1cbc77ab5d24ea427e647c8c4198589a9967,CLEAR,DARKNESS,DRY,DISREGARDING TRAFFIC SIGNALS,2.0,39.0,3.0,3.0
0ade84c5abdcf9b6a38a6e08781fdf518e5bcc504bca82f490345fbb87a6243730f11fd5a6ccdc6c11543f16effeef0cb7f22d20d18f93d40090c51d7cfbcdba,CLEAR,DAYLIGHT,DRY,ROAD CONSTRUCTION/MAINTENANCE,2.0,33.5,2.0,2.0
0adea69b8e6f50b8d62bf8346eeaf8c37d37a0a464328034403e23df67e80836bc4636f2a43dc88112e0ada7eb946738187037af23788be5ff5e54a226b46126,CLEAR,DAYLIGHT,DRY,IMPROPER OVERTAKING/PASSING,2.0,30.333333333333332,4.0,4.0
0aded0e0be869ec0c3890834a76c1fc506b0d503d9181404c82514022578f154efd1607b80b0eed029c5cad61b30f67949bb16615a991544d1567750112c93d0,CLEAR,"DARKNESS, LIGHTED ROAD",DRY,UNDER THE INFLUENCE OF ALCOHOL/DRUGS (USE WHEN ARREST IS EFFECTED),3.0,64.0,1.0,1.0
0adedfc6a38c4414820389bf15d2a9e3d2d0439ab6d6eab7a5a1095c647a94a3c4ad20d7852431851c16365057e7de1d57d24489a081fbb3a246ba36deab11c5,CLEAR,"DARKNESS, LIGHTED ROAD",DRY,FAILING TO YIELD RIGHT-OF-WAY,2.0,42.5,2.0,2.0
0adf13f3f0159b3ae389a37135adef976f09c6528b876dea520d5dc1a0c4f0a97688841a3132a745a7d7109ef9cba06ba9be4bbe08714c40ced1831550982829,CLEAR,DAYLIGHT,DRY,FAILING TO REDUCE SPEED TO AVOID CRASH,2.0,44.0,3.0,3.0
0adf736b4af6d64a9446f7039c719c3e2f3b94742e9118865b95c8f12608ee7419a17d89fe293f3a590bb5a61e97ce550baa8e72a9d9a63c30d5ac919926981f,CLEAR,DAWN,DRY,DISREGARDING TRAFFIC SIGNALS,2.0,41.0,2.0,2.0
0adf826810e5cc8887016dd93d6f8e9d829bab457a21c493a7aaa107a6559604b638c0f9dad4acf7acf7bd773f54394e4448d2d80366fb80e0bba36dba5b64e9,CLEAR,DAYLIGHT,WET,EXCEEDING SAFE SPEED FOR CONDITIONS,5.0,42.0,2.0,2.0
0adf88871d5eb29e507b15e9a4933ab1832680aa14d9714fd71cfcd4dd499e3192389270e3cf0bc8221e8717390a50043a677cb3f5e00045ca28f1ca72677060,CLEAR,DAYLIGHT,DRY,IMPROPER BACKING,2.0,27.5,4.0,4.0
0adfa02d12a6e55174590c5dd782a2a8c91d37a872d90a825c4957bd0a30d51fc096070d8b31d005295b08f2ab9df2f09d2c1d5a9fb5a0b11894cfffe67b508d,CLEAR,DAYLIGHT,WET,IMPROPER LANE USAGE,2.0,37.5,1.0,1.0
0adfa035abafa9f7de9bd1d3be6b4feeb62d0116f8a064353dc6c33e965272d560c50166f22e1316a2f353b3d860919245f7ad22206af46fa7b6f473caa1b3d0,CLEAR,DAYLIGHT,DRY,DRIVING ON WRONG SIDE/WRONG WAY,2.0,54.0,2.0,2.0
0adfa564e713bc9a5b9b045bf0dd552b8cf5e1e30459c5317704dfdf0fbe5458660bffde52899874643fb004558066567975cc848babc76251b4a7d9eb49b9f0,CLEAR,DAYLIGHT,WET,IMPROPER BACKING,2.0,51.0,2.0,2.0
0ae003bf1f18cf435172ad4b816fc4b2d75ed8eeeee97c4708b13c69d32d40c237283c971f088b26b1780e466330d094079a8973f3aa88a41dc67b34ad66d11e,SNOW,DAYLIGHT,WET,IMPROPER LANE USAGE,2.0,37.0,2.0,2.0
0ae0040dae7366823b5db5830b4bd9473f5dc33afc662c8dca1056e871b70c131940eaca954248f813ef1c7bcac9166ca107a7c553a0ebb4ad92f93182464f19,CLOUDY/OVERCAST,DAYLIGHT,DRY,DRIVING SKILLS/KNOWLEDGE/EXPERIENCE,1.0,40.0,1.0,1.0
0ae00a7478c91a1df85c94ed0502a360bec7c526eb993ad68b689694addfdc50d694cdc1f67614fd94f8b96bff1c4ae0f29bae15edd65a071952ccf335200722,SNOW,"DARKNESS, LIGHTED ROAD",WET,IMPROPER TURNING/NO SIGNAL,2.0,32.0,2.0,2.0
0ae01ebb9d11e0155d4451c5ecd5fa94c98fe7debb560a6686b1d9922f5b40ec02ffa030fb927780e36b745bbcaa3fe6ebe17629bf75d2e9c7a480103fe12856,CLEAR,DARKNESS,DRY,FAILING TO YIELD RIGHT-OF-WAY,2.0,42.5,2.0,2.0
0ae0234f98b0df42483f698e8ba2cf495c805598c738c2e033ce865486acae2ecc61c89eca2399cf12421210ffda4d96195f1d4a18cc291e691aa44a3a604a62,UNKNOWN,DAYLIGHT,UNKNOWN,FOLLOWING TOO CLOSELY,2.0,36.0,2.0,2.0
0ae072d4d341ac3d52e832301ceccb7a6bb70c8981ab6514739e7a5016671b61afe0034c6a0af81a5a5642f6c8b84a9a11333186e6b4cb392ba75db3d68c2316,CLEAR,DAYLIGHT,WET,IMPROPER BACKING,2.0,25.0,2.0,2.0
0ae0adcf596954f788b7e6874712f00af8ed468749e20edf2d8e0b6f8e59442ad65755aa67025c0f3012800703377db78a8312acefd2831513dc610b06bc27c5,SNOW,DAYLIGHT,SNOW OR SLUSH,IMPROPER LANE USAGE,3.0,56.333333333333336,3.0,3.0
0ae0d8d1166fc23e7739b9058917149dde7e3b17e2932ef24e60fd6da7944f4cc614c2d2962ed6e6d96631bb6a5165ec8aee5982a5aa4ce7b00331d374f9f55d,CLEAR,"DARKNESS, LIGHTED ROAD",DRY,"VISION OBSCURED (SIGNS, TREE LIMBS, BUILDINGS, ETC.)",2.0,22.2,5.0,5.0
0ae0df269dc35e0196ac265fce466aad5aae9bf96c459defeba05d940fd91bf928cb44751863d991602de808767754de1175e0e751f40ae8771ab532480fe236,CLEAR,DUSK,DRY,DISREGARDING ROAD MARKINGS,2.0,37.5,1.0,1.0
0ae0e97f0c3aa5b4bea691ca727fae115f1b9d810fab6c57e4b6dd71ac49a1f3c7eb66b4bff01cc7a11b5ee1641732452bda9721ba884df2f1b3dd21464f0d43,RAIN,"DARKNESS, LIGHTED ROAD",WET,FOLLOWING TOO CLOSELY,2.0,62.5,2.0,2.0
0ae0ebcd1aa7b184b488d3fbfe7dff2dce4639d07e6aca7ade8e6f25c57415086beaf61a247fd053e232e8bc0e71244071ce63197c9da170c4f93b7f755f72c3,CLEAR,"DARKNESS, LIGHTED ROAD",DRY,IMPROPER TURNING/NO SIGNAL,2.0,42.5,2.0,2.0
0ae0eeea0e687cc2b44805cb623e1a2e75839b66da1cb59230cd624974d2caa5db1911e3936b49d6f756b7bbe85e9dcd23194dcd08ceed361b87d7b898b8e5f3,CLEAR,DAYLIGHT,DRY,FAILING TO YIELD RIGHT-OF-WAY,2.0,40.0,2.0,2.0
0ae109fa57d8592b9797267a28056834c6fca74214f8058ae12ce5264ed565e6bb347813a2a6d2e85b72d32280e97c15026b86625394135fbf71e01e3599f5fb,CLEAR,"DARKNESS, LIGHTED ROAD",DRY,FAILING TO REDUCE SPEED TO AVOID CRASH,2.0,30.666666666666668,3.0,3.0
0ae13f111f941bb0eda698476244c5536267a698a92d45c7be3e49799fd02cb59acf8cd68ca1e277b54fb8ae45c1f854b9aecda966f71498e756bf9f77424d11,CLEAR,"DARKNESS, LIGHTED ROAD",WET,UNDER THE INFLUENCE OF ALCOHOL/DRUGS (USE WHEN ARREST IS EFFECTED),1.0,64.0,1.0,1.0
0ae1579ea2d5ebe94eed1571c3b38ccd594601a278ab3e9a67409fd6048b6a56695f630c6f3d0f174cb142d442f3a6112255f7d6829967cd2619b85b5d15a886,CLEAR,DUSK,DRY,"VISION OBSCURED (SIGNS, TREE LIMBS, BUILDINGS, ETC.)",2.0,32.333333333333336,3.0,3.0
0ae178c0ba55ccdc7846de42726f16acf19b994b4c6e28f4cd8cdb146a165ac4f10df9afe4049d9d44cecad6501dd2c4e7b1630d89d022644f409afe374d601d,CLEAR,"DARKNESS, LIGHTED ROAD",DRY,DRIVING SKILLS/KNOWLEDGE/EXPERIENCE,2.0,29.0,3.0,3.0