crash_record_id,weather_condition,lighting_condition,roadway_surface_cond,prim_contributory_cause,total_vehicles,avg_driver_age,total_people,total_injured
0ae186afb3b55b9eeaa107c81de6cb31f182e6931833b143dc6b21e0dbf6aa4df036d9eb2fac85a8eaf2f1009fae47075af14f221acea26fcd73f9725105bbf9,CLEAR,DAYLIGHT,DRY,FAILING TO REDUCE SPEED TO AVOID CRASH,2.0,28.0,1.0,1.0
0ae19209614c9b21b98317acc71c2b377ac1ce16e6b066cee48895a93e24ade1a013900ef91bd83928c548dcc94ded4545758dcc0575a40e5acf6eb025375db9,CLEAR,DAYLIGHT,DRY,IMPROPER TURNING/NO SIGNAL,2.0,34.0,3.0,3.0
0ae19c57f7ec70eb0601c2e6b8e4700c845da3cd9508e552a3f0da65fad6d347730dafe569fb32509ca7df2bd2ab3b079eb35820a61aa70afcaaf4e991e27bbf,CLEAR,"DARKNESS, LIGHTED ROAD",DRY,IMPROPER TURNING/NO SIGNAL,2.0,52.0,2.0,2.0
0ae1b7cf248ddf53bc4273bc33038b2ddf7886a21aa496aa06ee8dcb3d3ba21b6d732874462daab6bbf2d7f8d967a81ff4a43428b0c83acf414f2ac27a155384,CLEAR,DAYLIGHT,DRY,FAILING TO YIELD RIGHT-OF-WAY,2.0,22.0,4.0,4.0
0ae1ca2afb5db2a4086c70a7119d905ede728004f4bd4a52db3a50e478f72c9174f64e08bf1794773446429394ead3b26024d3db1540bd990ddafaea65d82c35,RAIN,DAYLIGHT,WET,FAILING TO REDUCE SPEED TO AVOID CRASH,1.0,46.5,2.0,2.0
0ae1d239613ab0a2cebc6b24d641e053ca62ecb348fc9a45bde12c5459e37d51c22b88e984feebe39d6101e0eca7b374cbf11fce0b11c43ee5cd80da5a70ae91,CLEAR,DAYLIGHT,DRY,FAILING TO YIELD RIGHT-OF-WAY,2.0,45.0,2.0,2.0
0ae1dca3fc66fb59b77a8d2c8e68c0cb7baacd0a1813aee197b64300d2d58f5cc337aff61600b08adbf3af6805f9e7e9b24de9f97909a68e79c855faaf640f67,CLEAR,DAYLIGHT,DRY,FAILING TO REDUCE SPEED TO AVOID CRASH,1.0,19.75,5.0,5.0
0ae1ebfee1a65a67ce401f485186049e293b8538bc0c710ded3439b96e396fd0a97cc8c0c5308b5fc84a5ee117386b1acb8c8f0bc1a772aad05af1e99b2108d9,CLEAR,DAYLIGHT,DRY,FOLLOWING TOO CLOSELY,2.0,18.0,2.0,2.0
0ae1edd1dec6319ec4e8583eb214bb44bd9e309c4793b6a42de36e03f9e601274829bc0c0705ac25871b69d0cc4970cd9e901908733a9d160818c45ddb89301a,CLEAR,DAWN,DRY,FAILING TO REDUCE SPEED TO AVOID CRASH,2.0,44.5,3.0,3.0
0ae212fc76b5b1ffd7cfb42676ace651d252f622b5eae7b0f5b3ffe8f701b984ff7697fe41c26f3333f3305446a8bc43dc7e8770a6eab4f51075391029563798,CLEAR,DAYLIGHT,DRY,DISREGARDING STOP SIGN,3.0,45.0,3.0,3.0
0ae25f5348afdb9f62804c99be4083296067f971e443db1e157d11b703066f573416ab2af0deaa7a65a7d58e0d89b9d60d6eaa4f5f6033cd7c36b32f7d6c361c,CLEAR,UNKNOWN,DRY,FAILING TO REDUCE SPEED TO AVOID CRASH,1.0,61.0,2.0,2.0
0ae28d7ff4928c0b25a9426970638cbcf72e82d5a0c681cbd8f72645462a8ff61846680a896b4f657ca61637cdf722ccc6086a3fbd2e10da879f8494d2c20adf,CLEAR,DAYLIGHT,DRY,FAILING TO YIELD RIGHT-OF-WAY,2.0,41.0,2.0,2.0
0ae29e779dea632f8ed6afc5811c4e8932a14d73cd20a3e5c69f815830908caf8ec3b82bfe562ac1d3ea51eacd5f3703d94d3cf78b4125ae1450670654bf43b2,CLEAR,DUSK,DRY,IMPROPER LANE USAGE,2.0,61.0,3.0,3.0
0ae2be1330915231e130256dc1bdd9ca7745d1e5ddd297618e3e8f8f263fb5145f627bc8ab3724effa3a175ad50fa836baa9bf931446a5e891917dc80d8aafda,RAIN,DAYLIGHT,WET,FAILING TO YIELD RIGHT-OF-WAY,2.0,24.0,4.0,4.0
0ae2f64954ea33f33d2345615d7d9026cfd9908127dea73d9fe3d49e138ffa6b20168c037260d186bc608fe324f2613b2947460d01f2718a84f30b18525bc962,CLEAR,DAYLIGHT,DRY,FAILING TO YIELD RIGHT-OF-WAY,2.0,44.0,2.0,2.0
0ae3084ce9580c4fa54fb8126ca8ab251073883f57f6a157d03774231043adbb1a6dd1d2793244225535642869efc50cd9d77e22f4bd9f9a5ab65ca09b5846a0,CLEAR,DAYLIGHT,DRY,IMPROPER OVERTAKING/PASSING,2.0,20.0,2.0,2.0
0ae313d33ef3d0ff2aab90a1acbb9a430ac3727bfb5e05953c772a1f649eaa6a917e7b8fc272e20d406a13d35e766410ad4ef6333b8e027cc0f0de9d39f9f85d,CLEAR,DAYLIGHT,DRY,DISREGARDING STOP SIGN,1.0,76.0,2.0,2.0
0ae35b0c2166760f5d1097a3c482889c80c9d7d106d48df687d3d565ac19f80bfec677424d7f80fae573eca79001e929e8378186442a779a2908a7fd2c8591b5,RAIN,"DARKNESS, LIGHTED ROAD",WET,IMPROPER BACKING,2.0,26.5,2.0,2.0
0ae360c8fed856c514f62b6edf736e6d7f346125db34ad26731b37b062f8b959a9d49173b6edf63388ed8553e45050fe65c25d4728d8927ac930f4473dc5dcb9,CLEAR,DAYLIGHT,DRY,DISREGARDING TRAFFIC SIGNALS,4.0,48.0,6.0,6.0
0ae378123c12d6779a601dcf2363ab245ea97488fd395bebf5fbf575b9e38c169f6d0906ec4a524675907e6635e10a400c896c317168c179ecc6bf69e46d3af9,CLEAR,"DARKNESS, LIGHTED ROAD",DRY,FAILING TO YIELD RIGHT-OF-WAY,2.0,53.5,2.0,2.0
0ae38929a95cd1bf6e3b1b30dd27bc88c3f171cc596d791546bf4bd4d55db34e7ab0c7fbd2e5ae6d473e332ed67fa7ea66bb1cd027a7daf427a311883bedb777,CLEAR,DAYLIGHT,DRY,FAILING TO YIELD RIGHT-OF-WAY,2.0,19.5,3.0,3.0
0ae3908ae67320de3a82fd71fe26ef6dfd5cae421fea06512a6c01288e8d26c9c25aa0c0519deac44c80e5db1a9f93d23449417351d9bb811762ca915bb3e0e3,CLOUDY/OVERCAST,DAYLIGHT,DRY,FAILING TO YIELD RIGHT-OF-WAY,2.0,62.0,2.0,2.0
0ae3ac03ba15a538a8b94570f64a0bf5e3094bbd03036e1d780b834c8463f6bb1fae02e2baf69a8816406aa8419693f2850d76ba8ec197046a4add4cdfdd4990,CLEAR,"DARKNESS, LIGHTED ROAD",DRY,UNDER THE INFLUENCE OF ALCOHOL/DRUGS (USE WHEN ARREST IS EFFECTED),2.0,21.0,1.0,1.0
0ae3fec085bb335f4d8141ad16510513c61fea00b72646514d4690c2aa15df7324817a114b81ef2576e328b423c8f744e310515429ed04081a41b5cd31d3fc82,CLEAR,DAYLIGHT,DRY,EQUIPMENT - VEHICLE CONDITION,2.0,57.0,1.0,1.0
0ae404c330f2fff4efe4f341ff69bfd0c7460b5730d02c0ae9dd9f09756ee23b0cdb13031300865cc6fddb0914a6ce0d1a5e4760d5042a3fdb418c70b52aa393,CLEAR,DAYLIGHT,DRY,FOLLOWING TOO CLOSELY,2.0,41.0,2.0,2.0
0ae43c96ad460bbd29fbfd3d76975d360116807f8b8bfe9b819d37ed5d75ee4601e04d00ebdc30f4db4b5ea699555e03eebb7a20d8b8325c8a4ea9f664f832e0,CLEAR,DAYLIGHT,DRY,IMPROPER BACKING,2.0,64.0,1.0,1.0
0ae46fa3c87517e5d66b9cf4c17e529d4dcab776bde081e3d5628963ac2ec5877883eeba0b6b7e42c43a72942aba31226bac78088a30a5db7afae1e29588d33f,CLEAR,"DARKNESS, LIGHTED ROAD",DRY,FAILING TO YIELD RIGHT-OF-WAY,2.0,31.0,3.0,3.0
0ae484c60872d4ec2df74d63a6a567fa0292d5e8c21e6ce52e6361dd4443dfafdea5c6cdc409934de6c3d8d36240bfa51c4044efc5e9a10cb51df986f9bb92d9,CLEAR,DAYLIGHT,DRY,FAILING TO REDUCE SPEED TO AVOID CRASH,2.0,41.666666666666664,3.0,3.0
0ae499e78f73adc468c2591e1ea2685e409ece6028f24eb5a4b59b28a1f6f7240c8cb45a8833f7e7ed9d5a3594e9bed93bd68bc811a46fccfdde7118d76575f7,CLEAR,DAYLIGHT,DRY,DISREGARDING TRAFFIC SIGNALS,2.0,30.5,2.0,2.0
0ae4af47044bc7b3daa941062b22120b756aa3b912949809263028921f16796f02e350407e34ba6479f9cfd44f5735c2eee519676f91bf1f19bc131609f7618e,OTHER,DUSK,DRY,"VISION OBSCURED (SIGNS, TREE LIMBS, BUILDINGS, ETC.)",2.0,39.0,2.0,2.0
0ae4ddb9ba8fdf2f961dcca7b88b5d33c8b258c0ef2782bfdaaf4adf52fe85ed05661184d0c6aa50b2830dd320831ea1d3a743a6f644891f93475aa4ee4428f2,RAIN,DAYLIGHT,WET,FAILING TO REDUCE SPEED TO AVOID CRASH,2.0,59.0,1.0,1.0
0ae4e15023e8510a77ae9ebd1517380713578af76faeed7fc3895135b9bb2dc206eca50dc15b374e3fd9737901b20252e2dacf5d1e0311fc21e63bc19338b853,CLEAR,DAYLIGHT,DRY,IMPROPER TURNING/NO SIGNAL,2.0,50.5,2.0,2.0
0ae4ebd82a71e8fe792c5f490f109b6777fbb3908b1c2a4b8ffe2e8c6dc74d231750f56a0547e6f8a039d5943aff31076c960b0cd9aac7fef8d25db3d09049cc,CLEAR,DAWN,DRY,FOLLOWING TOO CLOSELY,2.0,31.5,2.0,2.0
0ae4f5accbf5dbd33dc774f5aad4e7d29f78ba008d275ce5ef11f2349f013165d0102690dc1bef6512941d7dffd0e4c1585b78af189ad19aec4488aad1ae076e,SNOW,DAYLIGHT,SNOW OR SLUSH,FOLLOWING TOO CLOSELY,2.0,33.0,2.0,2.0
0ae50644326a8ab3872db04106d89b35593148be9f827ac72ee45901a738c582572d942e6197064f3ee2b83f2b2241761a415319477d9fc61064ca5221134757,CLEAR,DAYLIGHT,DRY,DRIVING SKILLS/KNOWLEDGE/EXPERIENCE,2.0,37.5,2.0,2.0
0ae50dac9d9c5defe59b39efa14053db9e229032bc3705daee60096d224b47f167c6890e0933bc89bd3cf263697d0726b3b18b6b56c0a2167b620c9f9eb4a5d9,CLEAR,DAYLIGHT,DRY,FAILING TO YIELD RIGHT-OF-WAY,2.0,58.0,2.0,2.0
0ae51ac4827d24e284949f3693851cdc0dbce02c66f56997047a880a1f1be76fccdafb06088dfa46cd28ac7837fd50615049e4bc3217e039f66fff8100ce58b7,CLEAR,DAYLIGHT,DRY,DRIVING SKILLS/KNOWLEDGE/EXPERIENCE,3.0,24.5,4.0,4.0
0ae5417dfc11ff9662a563289da9e6e3b39d28817652a6f863ce86ac426f8a2cbf2f87389383e04a90521401ae7a1aef57c65ddeb1575ed88396aeb3acc5bb67,CLEAR,DAYLIGHT,DRY,IMPROPER BACKING,2.0,55.0,1.0,1.0
0ae56a19efd84d55d240cdc32f273af4417eb976c711b1b094d86e458da2cf8b8ceab1b507526d718632a4f0d7061d5018838b66833b984f26455cb13b237302,CLEAR,DAYLIGHT,DRY,FAILING TO REDUCE SPEED TO AVOID CRASH,2.0,31.5,3.0,3.0
0ae56e4814f2aef896904fd7699e878ac0b85542f0f57a3eedce098650fe8c7fee5b3cef0f2ddd64944a0e109feda55cc4bb9a80027b0c45ef58cfb4eb9f3387,CLEAR,DAYLIGHT,DRY,IMPROPER TURNING/NO SIGNAL,2.0,27.5,2.0,2.0
0ae5709762df7c505bfaef2d8301883ad462a85e83f0e5e6f312a137f5e31634129572e903e7c3946acbfafc4d0c258106d5c7af5e6fcbe5a7eb03c2730f80a9,CLEAR,DARKNESS,DRY,FAILING TO YIELD RIGHT-OF-WAY,2.0,56.0,2.0,2.0
0ae57de005f29be787df674164d73a4a07d2b8efbda45000f46c4ffb5460eb54692f6ca45da04d575f998e1cab5dbb3eb569b8037e417a7233dc87359e4e4895,CLEAR,DARKNESS,DRY,IMPROPER BACKING,2.0,28.333333333333332,3.0,3.0
0ae586fdef8d856b10989d6a99bef41d1d418effbe982726555588c021ea817d746630d17a480fa8fa03f2321581168d7968dbd01ecd38a80c234235c425d683,RAIN,"DARKNESS, LIGHTED ROAD",WET,FAILING TO REDUCE SPEED TO AVOID CRASH,2.0,31.333333333333332,3.0,3.0
0ae59c891d6ad5afd65f3f7c053a97457697ebb67b3c0ec8977946a97455e0f9b9d9ea0443e5c48149cd66eb6358352a55240ac64f17dda98c0b97c7b998b803,CLEAR,DAYLIGHT,DRY,FOLLOWING TOO CLOSELY,2.0,42.0,2.0,2.0
0ae5b51515295d7f21a85c19f51255bb65e6d829470003325058fba3f18d0e8994d9bc2e17e4dbcd3fe8c05f81b736b4b88f53f9f7effb97f40e377175914f83,UNKNOWN,DAYLIGHT,DRY,IMPROPER OVERTAKING/PASSING,2.0,37.5,1.0,1.0
0ae5c46e836f51d47abcef17fc622c547943afc5f28e4a7348c105f7ad963eb6ad3c3eabb5004f1196a239a1916772363f8156b9b90ca5c79dc87549df06d22d,UNKNOWN,UNKNOWN,UNKNOWN,FAILING TO YIELD RIGHT-OF-WAY,2.0,37.5,2.0,2.0
0ae5e26c922cd0413cbe2a4dfda3ccc761dcf8843615ecf3d3b2f2da49c74ee1964dc94a64faf014305ec3a102faedbf8c1c6813f5f4ae26c2fe190c46019c43,CLEAR,DAYLIGHT,DRY,FAILING TO YIELD RIGHT-OF-WAY,2.0,49.5,2.0,2.0
0ae61dc4d655e1c2911eaf189ec9eaf221394b90664e0a5a5c093c88d7d0ccdbfb869634ea8fed6d7aaf3ed4cff3ada9ba963c28e45bf204e8fc18ca1ccc41bc,CLEAR,DAYLIGHT,DRY,IMPROPER TURNING/NO SIGNAL,2.0,39.0,3.0,3.0
0ae633df98828e627841ed85c5d14db7ad89d26355f1cb16db2a2aa587b5456dbcf5783a78e40244fc493907084a5ce6822990d33181fe32fbf0a57d610b369f,CLEAR,DARKNESS,DRY,DRIVING SKILLS/KNOWLEDGE/EXPERIENCE,2.0,30.5,3.0,3.0
0ae63475c1ae334a3df32e1021328aea391a912db0e33d218323e1ea3f28ef6d077a055d1f7db78d9311e4bbac095ea2861052f4498296a3aa94659ab88acfcc,SNOW,DAYLIGHT,WET,FAILING TO YIELD RIGHT-OF-WAY,2.0,46.0,2.0,2.0
0ae63f04bbed51bf4288aa314f5a9436642dab10522bc36518161981dcf08bec5ba8160113347ff092056d0f42c3a20144f04980f724d83e26c5a5a51d25ab54,CLEAR,DAYLIGHT,DRY,FAILING TO YIELD RIGHT-OF-WAY,2.0,38.0,2.0,2.0
0ae659e7f84c1bb423b5f6128b45a39712608fd5c150a27a89096fdb64cdc1ea53ffebb1afec765d947d37335239071c6fac5d4068f8b97a946ac09e4cbff3f6,CLEAR,DAYLIGHT,DRY,FAILING TO YIELD RIGHT-OF-WAY,2.0,49.333333333333336,4.0,4.0
0ae6a4653d775f46f653a6e3558698008a12056a8cbd01d650afa6f54141701f2808ab17e04345738a06c4a48d3d23b29dc119eb828f3dc4ab09f79ce9bce14b,CLEAR,DAYLIGHT,DRY,FOLLOWING TOO CLOSELY,2.0,31.5,3.0,3.0
0ae6d646ff2a50d9dad4aea48ff5450657a3671351b5d5e7ba7997756ff45d0eaea325ae0e59b02c2fdebee94e6c6eb0f8b243a98b7d3e8af6928586fd034f89,CLEAR,DAYLIGHT,DRY,IMPROPER OVERTAKING/PASSING,2.0,29.0,2.0,2.0
0ae725537841630d1976d71b8427fd49491a0b299856f581187ae8e064028db52616453357f58c914d282f4dd72a2a2391ea750aa1b90bf7a9eba2918f273cb9,CLEAR,DUSK,DRY,DISTRACTION - FROM INSIDE VEHICLE,2.0,49.0,2.0,2.0
0ae7660c3936dc746dbe5f767775ef2f0aeb6fd12f35a804c3fa60f46bca331d55ad59ed906d9f3ee1bd48cd46d43f0a6838858a768a23f420e75f710531cfed,UNKNOWN,UNKNOWN,UNKNOWN,FOLLOWING TOO CLOSELY,2.0,20.666666666666668,3.0,3.0
0ae78416c66ae24d23d8e04f1519954e901b56a57de52863d9cb9c5add97fc2dbf5cc0e7aa7036ecf921ea3dd93f01225c2883f6b1cf30436883d5cba15df8a9,CLEAR,DAYLIGHT,DRY,FOLLOWING TOO CLOSELY,2.0,33.0,2.0,2.0
0ae7b13226823cf1ac30b8a842de23be14bd9de5bcc61cc8f83b67a6c01fd520e35449920d9d9960209488951e2b2ef853744b794c2a80e223efb35e87f3e5e3,SNOW,DAYLIGHT,SNOW OR SLUSH,IMPROPER LANE USAGE,2.0,42.5,2.0,2.0
0ae7b8b651a53f874ecafb479a0ea59f645a5c1328ea8431010655b9aca2d636bd7b78562a20fc0c9aa076dcd3498429e67432412a5773018cbc8517c53e7434,CLOUDY/OVERCAST,DAYLIGHT,DRY,FAILING TO YIELD RIGHT-OF-WAY,3.0,37.333333333333336,3.0,3.0
0ae7bf9890acab853f91fb8e6b205be3d5992a143b90e41beeeafea034458a47aff9a0989d70b75697c4511126379d861ff92931cbbbdd638cdf337b4eb0253b,CLEAR,DAYLIGHT,DRY,FOLLOWING TOO CLOSELY,2.0,69.5,3.0,3.0
0ae7cbf2bf2ad9c67dc6f77d1ea523d65357614b876414b0a0787a8011ab4398e3e178e8ec5ab1652c08476f901214aae96ae5baecaee0ba6f8ff5fb7fca8a86,CLEAR,UNKNOWN,DRY,FOLLOWING TOO CLOSELY,2.0,60.0,2.0,2.0
0ae7d3e20555f05e84b1abfc645dc1422a224a928dc213e37f421119fd16e8193ff716e21af38138b20650d38fa9620b030855790ef771c45884b7efe4be8495,CLEAR,DAYLIGHT,DRY,FAILING TO REDUCE SPEED TO AVOID CRASH,3.0,31.25,4.0,4.0
0ae7f38cfba188a22b593d207778426e6f5e5be61a203cf8cbc9d12fb42d5bd90330b52ad4b572af9ebd5cd6c0f128dc53ae349507d8b1891e5213082ae5f2eb,CLEAR,"DARKNESS, LIGHTED ROAD",DRY,FAILING TO REDUCE SPEED TO AVOID CRASH,4.0,34.6,6.0,6.0
0ae7fdbd1085263b713d901a520e2e6b996b509e629437c726ab87b0a8acfd61d8eaba3476e27495d50009e5a5ba339095e67647cc6e8bf148f3b79afdb855dc,CLEAR,"DARKNESS, LIGHTED ROAD",WET,FAILING TO YIELD RIGHT-OF-WAY,3.0,38.333333333333336,4.0,4.0
0ae804bce76d0d95109e1864d47d9bd56127130b3e0e757543458baa89dbcebdb3e4a0d68117273b0507326ed2ccfe58aad1cf85184a9c1eb494d815d913571b,CLEAR,UNKNOWN,UNKNOWN,DRIVING ON WRONG SIDE/WRONG WAY,2.0,21.0,3.0,3.0
0ae806a2ff023791bf7e03a3baa2d1bafdbd570dac2231c66148f31df7fe78ee6839d617bc5c92a6a2ab880f61613ae25f0e3e2203d292020cf8e5f8fac13819,CLEAR,DAYLIGHT,DRY,"VISION OBSCURED (SIGNS, TREE LIMBS, BUILDINGS, ETC.)",1.0,47.0,2.0,2.0
0ae813af00a3f9fec2a2c2cffe6d7f91ec3ee52de118665ecaf41acb268b0722a7dd494674258996fe21c90a6c1704db8d77864962382b31085669bfbdb0a641,CLEAR,DAYLIGHT,DRY,FAILING TO YIELD RIGHT-OF-WAY,2.0,72.0,2.0,2.0
0ae814f7cbb09aa636f6911271535b762b1b09b01d09d15b8df8b1aab5421a0681622c510174df42b48d9619e2422a927dcb6206ed6a02801421501322ae2a95,CLEAR,DAYLIGHT,DRY,FOLLOWING TOO CLOSELY,2.0,28.0,2.0,2.0
0ae82038117488206c2cdafa49c04d6df2b348eec29fb6b6b56ed6b5fe5645e3b1538a6fcb2d370450aa6104da118ff88df3fcedd1eae18ee90c9423c6f614e8,CLEAR,DARKNESS,DRY,UNDER THE INFLUENCE OF ALCOHOL/DRUGS (USE WHEN ARREST IS EFFECTED),3.0,36.4,6.0,6.0
0ae8259575828f1e8d1d88911ed43d174fcf88a4dec21285fd3582e42344095ea8040c8455c20e79d33b79b402ebfcdcd7933642f90a243557e9f2687f141664,CLEAR,DAYLIGHT,DRY,FAILING TO YIELD RIGHT-OF-WAY,2.0,26.0,2.0,2.0
0ae8390b819df6f31c4cb828a0e0bc183fadfc47e1da514e540ff447d1a8299c6a08420bea13ce04a150b346a77c3d1b79089557feda76dd5cc28f679d3fd878,CLEAR,"DARKNESS, LIGHTED ROAD",DRY,FAILING TO REDUCE SPEED TO AVOID CRASH,1.0,30.5,2.0,2.0
0ae84c8811e26f3a6f01dad3ee4d9d87244beeb737f2babbe1703ac3a45508b970cf8884274a88b6d9f453ce7351bec1b7a0316ae9b13c29c7ec12123454fda9,SNOW,"DARKNESS, LIGHTED ROAD",SNOW OR SLUSH,"VISION OBSCURED (SIGNS, TREE LIMBS, BUILDINGS, ETC.)",1.0,50.5,2.0,2.0
0ae8abc04aee4e34a7dc3acbddca1219b91df1018ba551b0e204739ddb9f5fbc3b9aa6797d0d715c1595943a3c265d10f5013cc1bffd3aac2bdaafd830a10799,CLEAR,DAYLIGHT,DRY,CELL PHONE USE OTHER THAN TEXTING,2.0,27.0,2.0,2.0
0ae8ae9f90757f21741878b8c4ec17c6902d5284d1f4b263a1918d6d67495c5d75c4f917f856cae1fc1cbcb51bfa1e514f393e95669da9d245b07fbc2eb3859d,RAIN,DAYLIGHT,WET,FAILING TO REDUCE SPEED TO AVOID CRASH,2.0,36.0,2.0,2.0
0ae8b89189d26becd4436c3ee4af44e8dc05cff8f9562a5e3950d84e30ab32f9759d1c2f8a8c13d8379c8bc9535e4c878911c016fbd4eefc5f18b65b0107639c,CLEAR,DAYLIGHT,DRY,ROAD CONSTRUCTION/MAINTENANCE,1.0,37.5,1.0,1.0
0ae8bb4c230a313e12d9e8be367b693b77ce617272d81d13dded1d64ba8a0fd8664422a0ea8c7751a47ccf70158ad8bb9107368c005e1e74f544466055995780,CLOUDY/OVERCAST,DAYLIGHT,WET,FAILING TO YIELD RIGHT-OF-WAY,2.0,31.0,2.0,2.0
0ae8c51d31fbcae3dd69fcd4ffc3c73942005a3ea7a6cbad42dbb08d6a9a6cfd0147cbdbf5969d59c19de1bd2dda6528d0554e62013ca37796d441d458cd4901,CLEAR,"DARKNESS, LIGHTED ROAD",DRY,IMPROPER BACKING,2.0,49.0,2.0,2.0
0ae8c84fe555223a869ecd6e584af6675067f72c7bfb9ffc30245185c236feed4d0aa9cd3ef13a8748258ed4e76f2f5969e7c6e6e65c4cc00d9c80a95ec3b189,CLEAR,"DARKNESS, LIGHTED ROAD",DRY,FOLLOWING TOO CLOSELY,2.0,54.0,2.0,2.0
0ae90ac948ed8753459954f1e8d7e78da996a5242a8a1511cd684771c7bb9ef6fc3329d24587a4becbe1fa1ac514585eeccad8ee219347141ffa9812ec548098,CLEAR,DAYLIGHT,WET,FAILING TO YIELD RIGHT-OF-WAY,2.0,33.0,2.0,2.0
0ae925ace164f49afbc45ac2106f3f9f333ba5c31c7dcea24971a4fbff5669bdaf2da042c0a497a9d39e4170695e9dbc78bf4c02b40dea5a33a2c643ebaa14c8,RAIN,DAYLIGHT,WET,DRIVING SKILLS/KNOWLEDGE/EXPERIENCE,2.0,38.333333333333336,3.0,3.0
0ae928cde1bbdddbe9aac62d22ead03d5821de10c6831546300df816a96443f815475e76854ca52be016b1340c5c8dbd83341d1a9d7a06ed7b5401587ae11756,CLEAR,"DARKNESS, LIGHTED ROAD",DRY,IMPROPER OVERTAKING/PASSING,2.0,40.0,5.0,5.0
0ae928dc5cc855a9bae3ce1ecde316decee2b92d3dc15d79c521664bc716cceb449c3f109d42124798d53d5bc8dc27c1802ddc5bce6432207438b8ae6618fa3b,RAIN,DAYLIGHT,WET,WEATHER,1.0,20.0,1.0,1.0
0ae92e9a5e0f4148f627a5bf9c44c2294867166b218f03ea583618e5e1a3bfb52e60d05fe8feb76d3db3512f5805b3dd1bc793d951975bd26e7b7c6975d9fb37,SNOW,DAYLIGHT,WET,DRIVING SKILLS/KNOWLEDGE/EXPERIENCE,2.0,56.0,3.0,3.0
0ae942a6124b82e8e21d5a06c89ecd6bae6dd63e0f2650aad0acc88248353cd0621455426dfac0cc3ead45fd3eb87bc0a7e96e95dde00ec4ef650824d205d4b2,CLEAR,DAYLIGHT,DRY,IMPROPER TURNING/NO SIGNAL,2.0,21.333333333333332,3.0,3.0
0ae945f55151caff4ef7de729c25bb9270fb703804ff9472d215969f74301c395b40676122e56b0cd1a808800e8b9f06d730e70bf299e39a146afa8c60ff681a,RAIN,"DARKNESS, LIGHTED ROAD",WET,IMPROPER LANE USAGE,2.0,34.25,4.0,4.0
0ae94e9017200008b62b4fcecbe4aa4e0b5a75abfb9ede2278cfc29c5cbba2f8645b5389fc75ece9a60e947b0164e35c215b422c0620e161e2d857f4a31780cc,CLEAR,DUSK,DRY,FAILING TO REDUCE SPEED TO AVOID CRASH,2.0,43.0,2.0,2.0
0ae95225741afae12bc357aa271deb6cfd0d0261a9df2d412b42a467e2557f5cb521c957a8c91a130948d028799ea3a4081626707afc036b1fa408236465bd35,CLEAR,DAYLIGHT,DRY,DRIVING SKILLS/KNOWLEDGE/EXPERIENCE,2.0,20.5,2.0,2.0
0ae9c928bd7502e39a362b77061a20bd3de469e7443d3a06d4c55f31dc4f624b25423a9425eaf18a12d7fb81531c37f17f8b355653e41347d99f10d66737a4f8,CLEAR,DAYLIGHT,DRY,FOLLOWING TOO CLOSELY,2.0,42.0,2.0,2.0
0ae9dc9d2c14f9e98491b1a5960bba2bfdb61f46d889ec77af23dac453b81487eb9ed23559a15ac03bd7cedbf3d35b5b549f3aa0c66f8c31d0c6c0fb58dae0c6,CLEAR,"DARKNESS, LIGHTED ROAD",DRY,DISREGARDING TRAFFIC SIGNALS,1.0,30.5,3.0,3.0
0ae9f7e11e6a9b82d89da619496124466420140cf6b72a703de9c02601413b8ff06c62df4a497099a34e9452618d9afaeb8366f0832f8668893e2bfe3271a9c1,CLEAR,DAYLIGHT,WET,IMPROPER OVERTAKING/PASSING,2.0,35.5,3.0,3.0
0aea01f59b5c5f63aa9ac53aff869ef027bc65f7539d2fe3da3982f5ed6d352e795090623c0a492580b90a85ff2bcd01306ddb2e5a7008582a091d5260557de8,CLOUDY/OVERCAST,DAYLIGHT,WET,FOLLOWING TOO CLOSELY,2.0,21.0,2.0,2.0
0aea21b1de938b129ced20d396999b8edf1dbc850bfe2476b57c3561e8c810ed25f5d5f1cd7109ae676017181a2b87e540573715802706642ac9f3cfa34f7870,CLEAR,"DARKNESS, LIGHTED ROAD",DRY,FAILING TO YIELD RIGHT-OF-WAY,2.0,26.0,3.0,3.0
0aea49d0cdfb0909c495c101e76aa9e5b35466d42bb5bb48ac766c0de1c2e93d168ad6aa58bd7e03978303bcb3fc555c2c7d4333029c893b9de2cae9feca5f24,CLEAR,DAYLIGHT,DRY,FOLLOWING TOO CLOSELY,2.0,33.5,2.0,2.0
0aea618fae943ac85bb4bfcd5d98b237c25618dd69be843e60443ca542d49648558a8776dbe156fe16549f1a0992846b8214dd531acc0eaf6de2564aca6ae6e4,CLEAR,DAYLIGHT,DRY,FAILING TO YIELD RIGHT-OF-WAY,2.0,40.333333333333336,3.0,3.0
0aea6267cb65d6b29e9f251c1d812a448ac0506031d435f910445c555f1eda4dfffc9df5b12621b067e3010c8c85b743a1cf4fd2f1225504b7e30aa5dca2b434,RAIN,DAYLIGHT,WET,FAILING TO REDUCE SPEED TO AVOID CRASH,2.0,25.0,2.0,2.0
0aea73ffde1611f29f6ee510010dbaa5a9834f10e81ed88754436433c726d91d8202d99b04678fe1ff1bda74742fb3c7aaefa9da809395a9d4c8179c6cad2dc7,CLEAR,DAYLIGHT,DRY,IMPROPER LANE USAGE,2.0,29.0,2.0,2.0