crash_record_id,weather_condition,lighting_condition,roadway_surface_cond,prim_contributory_cause,total_vehicles,avg_driver_age,total_people,total_injured
0aea781ad8e8c27bdc49893ba5481567222cd21818739ec55d8aaa76c8529115c74de3848eab0564e9ae0028eb4e7129032e1e1cde170023b8bf56026721a343,CLEAR,"DARKNESS, LIGHTED ROAD",DRY,DRIVING SKILLS/KNOWLEDGE/EXPERIENCE,2.0,37.5,3.0,3.0
0aea903dcc3054bc4586ce0a20851dee06f9d89f7d839a9f052daba942148318b460c9f35f387cdbd1fb261c91d4828280d638e7bafc66de33aa1ae4d8988f48,RAIN,"DARKNESS, LIGHTED ROAD",DRY,FOLLOWING TOO CLOSELY,2.0,40.5,2.0,2.0
0aea9611761193c058b703fadb1d1c24da27bfe192a1493df083bdf5c7ae638e20b3d706fae6ebb7104f62868394a2c2d9d9397c87b7c49ccceaaea93ec4891d,CLEAR,"DARKNESS, LIGHTED ROAD",DRY,FAILING TO YIELD RIGHT-OF-WAY,2.0,48.5,2.0,2.0
0aea9c8ae189c7e4cff9da04a6dee691f758539c3bc8ffc6d568299bce8f2b04aff4e34b04143e9e8d4d673412dc4f58cdda3fa466102197f57bcc7eb9883dcb,CLEAR,DAYLIGHT,DRY,IMPROPER TURNING/NO SIGNAL,2.0,35.0,2.0,2.0
0aeab8c53cb217f9a8018f1c8a5285054cc4709641319c140f285ee0dda585f0fddd2eeea4634b73e64fdf19adae1c0052938488dac6941ba11fce1143ab2980,CLEAR,DAYLIGHT,DRY,RELATED TO BUS STOP,2.0,53.0,2.0,2.0
0aeacdb58ebea41506ddf8395fedd27cb2f60f4e6398f84de5e72584b6fe545c9a309c8e21ac67770974dd2f73b4453cdfcad400c74a23d6f140d6bda20030e8,CLEAR,DAYLIGHT,DRY,FAILING TO YIELD RIGHT-OF-WAY,2.0,39.0,7.0,7.0
0aeaf432fc2fa416eb74b1b70055ad58b54d3fd063ce6e65160c8c71b5b6e938deb6ca64b08a75ba806db50f24ec0eab502fcc36389ab0340cc5f139ebb58f47,UNKNOWN,UNKNOWN,UNKNOWN,FAILING TO YIELD RIGHT-OF-WAY,2.0,24.0,2.0,2.0
0aeb20a87c76ddbed8941d4c051c1a82c1b02ba2aee631b035de6f76e495e5f97f4eb9cb4bede65724e5e2a0a3c9f63152c7188793de976fd3cd77a9021e1f29,CLOUDY/OVERCAST,DAYLIGHT,DRY,FAILING TO YIELD RIGHT-OF-WAY,2.0,29.0,2.0,2.0
0aeb4187be763235b703e7671592c5e0fe3cef260d15a42cfd6ccf91d9d6d544c5a7a3586a3055efdde6aacac4ac347bd3fe9eb1ab72d301b1c48cc4034ccbaa,RAIN,DAYLIGHT,WET,DRIVING SKILLS/KNOWLEDGE/EXPERIENCE,2.0,40.5,2.0,2.0
0aeb55bb8abdc3f8e7ddb4200b2855a868ee4bcaa5c88f9fcae532762314ab34c8a2290433ef2a002e4f714d998787992d73379caf4f4468b995f57f6713e5f0,CLEAR,DAYLIGHT,DRY,IMPROPER BACKING,2.0,67.0,1.0,1.0
0aeb687b553997f8dd1bdf6a0fd938f13107803061ae93dbc6c647978db8f6ed530fe0bebdf1c63d13c6cdc7cf63b56cea8f2764de0884b3c3a7f78f18be64cb,CLEAR,DAYLIGHT,DRY,DISTRACTION - FROM INSIDE VEHICLE,2.0,26.0,2.0,2.0
0aeb6b9fb50de4dd4861af7fdc43afebd9e539e040e4908745e758493b7ca6b061b8bb2471b4089e4501a0c8914f6727536aa551cf47d9c526776f6e41aee004,CLEAR,DAYLIGHT,DRY,FOLLOWING TOO CLOSELY,3.0,36.0,3.0,3.0
0aeb6d0d69fb828eccaaba9a49496862ddf8a0e2126f0f0fd7e2ea5c913a1878eb9d1c5f596ab89f02dfc91c199f58f13f0cdadf3855d4eafe0b10e2aeac9c1b,CLEAR,DAYLIGHT,DRY,FOLLOWING TOO CLOSELY,2.0,44.0,2.0,2.0
0aeb6fb6b772699c9d189f8a399e17405ba678ab827b264696d32b0390b4aba874ee7354d67acf3549cb5a62ca25415e39a5bf8aaf655f920c21b38f3931ceac,CLEAR,DAYLIGHT,DRY,IMPROPER LANE USAGE,2.0,46.0,2.0,2.0
0aeb86ddaaeb162a4e2df19e78d86f3dfff7315c3761a8c837588255dcfe4cd923b1498627bb886c6db2ed3d720592653bd040da30bcb398d203e1c52cc32f10,CLEAR,DAYLIGHT,DRY,FAILING TO REDUCE SPEED TO AVOID CRASH,3.0,29.0,4.0,4.0
0aeb8fa7912ad5b940c2e36ea42c1ba299836a8b182ce07c953272beca7b4be71c48add02310fdd3a645b28e24c2813415393f760c0b2fb1360e8ab4b9cce5c9,CLEAR,DAYLIGHT,DRY,IMPROPER LANE USAGE,2.0,56.0,2.0,2.0
0aeba6144a94adf96bb78b5c7e0152359a300325b10f218be2276ae1436af092c37704d320ad7790207fd9bdd716b49ff1e5dd78c666ffae0d251f400e86c9b1,CLEAR,"DARKNESS, LIGHTED ROAD",DRY,FAILING TO REDUCE SPEED TO AVOID CRASH,1.0,42.0,1.0,1.0
0aebaef248546be7bc575d1ae3fd77912ac765a8568368a216907cd1c270541d680e7dcecb583e4444dbad878f1da5e1d0173989c761d200e980ad6501553a85,CLEAR,DAYLIGHT,DRY,FOLLOWING TOO CLOSELY,2.0,48.0,3.0,3.0
0aebb383367ecbfc730e0d5b27610b872070ebf06a4bdc017fed11d5209a8c04a01264583b8631eb22164da7ad988ff7e35223f1ac6a4e49e11cceec0b0127ab,FOG/SMOKE/HAZE,DAYLIGHT,DRY,FOLLOWING TOO CLOSELY,2.0,57.5,3.0,3.0
0aebca31c5e6c1c79b2454422f9858cc5a34ca2a7798893b2ce5feb628a805441fd08b3b991adadd1558a375294100f0461bac6d0635676e9a6a4986baa848ea,CLEAR,DAYLIGHT,DRY,DISREGARDING TRAFFIC SIGNALS,2.0,26.0,3.0,3.0
0aebd6f71b795b58067c6c268860cdb9f03ad192ce9e768f8f29a27c76c0476d464fddff67b6c83595517f8a8d7f5114a69b191c41dfdff9660d0a29148aca31,CLEAR,DUSK,DRY,"OPERATING VEHICLE IN ERRATIC, RECKLESS, CARELESS, NEGLIGENT OR AGGRESSIVE MANNER",2.0,25.0,1.0,1.0
0aec1ce9673d0f042c7e74c4ee810fc226d7e4c697413b8170fb27cdb20dc9a942c2d3e3b07185dbc0813f4ad6bb2416edbb6b39acab8137b821187d33d52628,CLEAR,"DARKNESS, LIGHTED ROAD",DRY,IMPROPER BACKING,2.0,24.0,2.0,2.0
0aec3fba3b14520ece5554e0cdcdc16fa313746601fc4421cb902dfd44128b41b59536448abeb076151984317336c7a847208e73a819a72d3a70a2450ec74562,SNOW,DUSK,SNOW OR SLUSH,FAILING TO YIELD RIGHT-OF-WAY,2.0,27.5,3.0,3.0
0aec58b359deb9981a7c131db3bcf0abd0a34c60cc72bd7002fd7074b133539148100e679722d525b2d0e37410330a8e8f20b626d7713097b0dc33e3c87920c7,CLEAR,DAYLIGHT,DRY,IMPROPER BACKING,2.0,32.0,3.0,3.0
0aec6566aef3d764dc00fe7fa438681eadf2eb9ef3e3050c4aa43abc12c17248093fd41514209f39b9847fdedabe40e070c1e4695f3feeed044b6c59da48e1a1,CLEAR,"DARKNESS, LIGHTED ROAD",DRY,ROAD CONSTRUCTION/MAINTENANCE,1.0,23.0,1.0,1.0
0aec71e1c6e951601072ec18c517751a90c59c5d670a5b24e1e2e131b373a7b9701832d5c1844d1f9d9129435cfb5ad9944c227d3ee35002ddcbeec3438d8e00,CLEAR,DAYLIGHT,DRY,IMPROPER LANE USAGE,2.0,47.5,2.0,2.0
0aec7b0c047f58bac7ed750f3a897e0b48c44628f709096791c0397a3e2239082f4de05b6905e7e2684769c5f1df2c256cffc809036d43e02392093e433b37ce,CLEAR,"DARKNESS, LIGHTED ROAD",DRY,DISTRACTION - FROM INSIDE VEHICLE,2.0,35.0,1.0,1.0
0aec86f27e1205c95e5da9154cbba914e1bfe071f73d859cf7161b247203d9095b551b7d95bee286e8ae247a8b187173b11ad2359bf0175cf21fdd91ae541ca1,CLEAR,DAYLIGHT,DRY,IMPROPER BACKING,2.0,86.0,1.0,1.0
0aece171127ad8fc7df1a7b3b02581be8ea566038e07d4f7cec94bb73511f96de4d7dd3eaf7b33c19c1aecedeb6d155d4366a0a3df0d39e95b7853ad9734a0ea,RAIN,DAYLIGHT,WET,FOLLOWING TOO CLOSELY,2.0,43.0,1.0,1.0
0aed00c7d960f3755f2fa1e502353c840937523c062b02dd5732cf022f94126a5a400e80fff2726174cc5d82d70c00bd79fcbd56dd76017c1e11879620e258cd,CLEAR,"DARKNESS, LIGHTED ROAD",DRY,FAILING TO YIELD RIGHT-OF-WAY,2.0,25.0,2.0,2.0
0aed120995b3f46460a1d5344ff3e5e263935e5f61e44fbfe93ae451b5512ddabdcc53443b73e49d7ad301af06f074b8225f6820a996da5554b778ca2f3272f1,CLEAR,DAYLIGHT,DRY,FAILING TO YIELD RIGHT-OF-WAY,2.0,32.0,3.0,3.0
0aed21b302f71e6659b9d48eeff9ced9c3b170f229ee704da10a8086f0995775117cb380b5908c173dce01f08e43e074eba1e8c6d8efdd3fd184211f02727a42,CLEAR,"DARKNESS, LIGHTED ROAD",DRY,FAILING TO YIELD RIGHT-OF-WAY,2.0,37.0,3.0,3.0
0aed22f758e1dfb96814f5d0be0362fc16f66aff72b05b69a749173e90da63b4bed02f976d039f99de12f70cfaf717ab9512547c690990f1f4c9ef70033d0142,CLEAR,DAYLIGHT,DRY,FAILING TO YIELD RIGHT-OF-WAY,2.0,49.5,2.0,2.0
0aed5e1dee04e6b21dd51b2e87e747ff47021c135e82d10a57a2112d5fb81d7bebcfaf3d6726f45880959c0593816f9ccf363685ba2239b4a15434e2af605d69,CLEAR,DAYLIGHT,WET,DRIVING SKILLS/KNOWLEDGE/EXPERIENCE,2.0,37.5,2.0,2.0
0aed620f63c958871e4e67965a6a7217fceda2a1449371768f8550f0b0d6dcf35ed5e414288a6c5afb3223c5b9108d388bf40c969ae9a83996b04b73ca80030f,CLEAR,DAYLIGHT,DRY,DISREGARDING STOP SIGN,2.0,42.5,2.0,2.0
0aed69aa1d198a916779959c3f137f362429bac8802da40fbcde2af2077072a2a3322b0491a8a60a061cb9442bdd99ca0d8164dc73a5babd726ed616d6cb971d,RAIN,DAYLIGHT,WET,FAILING TO REDUCE SPEED TO AVOID CRASH,2.0,53.5,3.0,3.0
0aed93a00a1dca3a9f958b488ec195b8d5fae899aa0a0515d37cbf84ae24f2355f1d8bb1b13b76994ace3ccf3c9839870d884f54794c84e36d3c9bd37cd0f78d,CLEAR,"DARKNESS, LIGHTED ROAD",DRY,DISREGARDING STOP SIGN,2.0,28.5,2.0,2.0
0aedd089edeb7921af121e66c88a16b4eea532a7d7a8c91534dfd6ce7fb912ef7bbfcd6b856e4004221ee88ea7b1f763af17c6dc9dcc3df676cd9fd20baf033c,CLEAR,DAYLIGHT,DRY,FAILING TO YIELD RIGHT-OF-WAY,2.0,28.666666666666668,4.0,4.0
0aedd62fe7f5f3f8b20117612ca21e5111f6eade072ac8b178f4c744a306e6079e78c94c4a14a1e60742c9f8d2fa5250ebb00a6eacbf87ea2300d28a1b60ccd2,CLEAR,DAYLIGHT,DRY,FAILING TO YIELD RIGHT-OF-WAY,2.0,36.666666666666664,3.0,3.0
0aede7ca418328a03ab16e9b500334abc48119db3a55e52c84b487c8f25d2d336306d458db036d42f0b4b29cf0ca8d17ddde01e6f4b870900d3ceaa8b71c467c,RAIN,"DARKNESS, LIGHTED ROAD",WET,IMPROPER OVERTAKING/PASSING,2.0,41.0,2.0,2.0
0aee310172e821d1c6852c64c9791289e459afd679c30d2a0e0f4dce305876547c78fb6d9e4fc70fd196a7536f827c72b515b0e42b009cc7797c160550389905,CLEAR,DAYLIGHT,DRY,FOLLOWING TOO CLOSELY,2.0,37.0,4.0,4.0
0aee6491dd81f5b1bf8b1605a2cfb112f08510d22a043416008b78cbe6910c3e6d66d4b8af5a3fe0bcd42a42c08e0b0176426805d3778b401efcf77d2272d9ee,RAIN,DAYLIGHT,WET,FAILING TO YIELD RIGHT-OF-WAY,2.0,28.333333333333332,3.0,3.0
0aee863a1e4158ad1f8d6af7db5e5b31c1150cde10e57c0e00ab49d5967f671dccec7b45985ae5148e275bcedcb03ba3c663c954c9c93ceaf4d7fa4f0cea9390,CLEAR,DAYLIGHT,DRY,DISREGARDING TRAFFIC SIGNALS,2.0,38.0,2.0,2.0
0aef02ecad571b7a1a2d666b85e4bf20ee270943a60749a30ab593b4311f78868f0152e37363a0411eb488950d0c171ca934f8cf6a3ba6fcd9ae52b3a292d15d,CLEAR,"DARKNESS, LIGHTED ROAD",DRY,DISREGARDING TRAFFIC SIGNALS,2.0,36.5,2.0,2.0
0aef0f328ea18126c7094e65478b6aec098b85f5c6537b49d91da8de7df84dd0957a9d9cb4c1a695cf5167d35878ce8b2d4aea6182ed6bdb5ef996bd9977ac54,CLEAR,DAYLIGHT,DRY,FAILING TO REDUCE SPEED TO AVOID CRASH,2.0,37.666666666666664,3.0,3.0
0aef2161450d8ec6fe364dcb0ec5ab8334faba9d84afcde63d2b8dd0989399825785d0bb68148754ae604449a24fe001f6a4c835a9ac5aa28136913d06097191,CLEAR,DAYLIGHT,DRY,DRIVING SKILLS/KNOWLEDGE/EXPERIENCE,2.0,50.0,2.0,2.0
0aef37bd45d04ee26301960e4266414ebbc2581df8c045b695d3b839d054dfb0c2a9c59d7c82a4244c804c14c10d9457898802c341f3bf549e5ee57dc6d59ce3,CLEAR,DAYLIGHT,DRY,FOLLOWING TOO CLOSELY,2.0,36.0,2.0,2.0
0aef42bb816f724e561a5fb237cc1de3069e2a38f80b554a1e9f7b51c95ed5eca74036bf836031e5f7d66d6b11d4c9bd76744f566d6dcc2b66b507da644c6a2b,SNOW,"DARKNESS, LIGHTED ROAD",WET,IMPROPER TURNING/NO SIGNAL,2.0,57.0,2.0,2.0
0aef4eac6efa548f4c845e89d9171ace8dc18961a13aea1592bacf6d4973c359e569f3f4f976d6a88083fea632101bc80488590aac44a336e45a3173a9d34c45,CLEAR,DAYLIGHT,DRY,FAILING TO YIELD RIGHT-OF-WAY,1.0,43.0,2.0,2.0
0aef69bb54d10e410183bab35fcdc313c9ea32c864b5f90c5a73be835d6e69d70bfe43f30cd305f08a60df47755eb4356705235d484168d18b617657cebbf081,CLEAR,"DARKNESS, LIGHTED ROAD",WET,IMPROPER OVERTAKING/PASSING,2.0,21.0,1.0,1.0
0aef7b054742816357875055a2a5459be0cbf2129c4fe8c814a210e1e2253763aa4767f422f3da8ce9f4988e92700bcf4b73a2b42148cd34ff6516a8017154e4,CLEAR,DAYLIGHT,DRY,IMPROPER BACKING,2.0,0.0,1.0,1.0
0aef9454a4a8fb39ba23d20b8d9d324eec2ce69b5c18e5d8a15c6f144ed9bc47641b13c8d36e3e06e573ab5e96e496b82747ab71870c65c67fe12b65d3533d2f,RAIN,DAYLIGHT,WET,WEATHER,2.0,66.0,2.0,2.0
0aefde78e6acb0a70a96b5eacd1a94e23c8c012fb6281b203e20c0a681f068e7360b192cb88321671d2c8d1e3c2ab32811a2b8d295684299ae9cd3e4a2ae5411,CLEAR,DAYLIGHT,DRY,FAILING TO YIELD RIGHT-OF-WAY,2.0,55.0,2.0,2.0
0aefff418f7a2daed606f777b41152b13343ddf79c5367ab7d44c959a54ba2bcd13effa84569e26d75fe3b52e85c669e5927c62946a33074a6bbcf9cacdffb57,CLEAR,DAYLIGHT,DRY,FAILING TO YIELD RIGHT-OF-WAY,2.0,56.0,2.0,2.0
0af014d5db9a51f7d309b62a1b4930314dfafcc038c2cc22098b9ec99f992b17955ae54cfbb6bcd0d0939b7c5eb89454b01a55620ea02d64041b15741e431e23,RAIN,DUSK,WET,DRIVING SKILLS/KNOWLEDGE/EXPERIENCE,1.0,17.0,1.0,1.0
0af04d16dbf0f6a9a5a8f2c50d67e993b5e94eaf0f934560621425e9d7d1705ca3c60f89f95649afe6ac23780573cf45ffedc928bd6ba18236247bf2b1620858,FOG/SMOKE/HAZE,DAYLIGHT,DRY,FOLLOWING TOO CLOSELY,3.0,34.333333333333336,4.0,4.0
0af061c79cb6b51cd40b898d3b67720fed34723b2d9b0a252586238e7811246df27fa943fdc0b235967284d1a519551cb1cc6be1e16ca46e70e29799aeadd82c,CLEAR,DAYLIGHT,DRY,UNDER THE INFLUENCE OF ALCOHOL/DRUGS (USE WHEN ARREST IS EFFECTED),2.0,52.5,2.0,2.0
0af0754b45a5e5d03b639caa0c970b4d1b56ae702a7dcb4ddd2d953b485b5bf40f28200f6947cf31fab1b755281774a6926acb479e742bc90fac102e7c1a5398,CLEAR,DAYLIGHT,DRY,"EVASIVE ACTION DUE TO ANIMAL, OBJECT, NONMOTORIST",3.0,25.2,5.0,5.0
0af0847bb50eb66d96579da964e08197835f70b2a875b3421d2627c204a8c90915faff8149d0dcf42c5e148e899bc4cec4c60dfc91650464f960cab763a0c63b,CLEAR,DAYLIGHT,DRY,IMPROPER TURNING/NO SIGNAL,2.0,40.5,3.0,3.0
0af08f80d195032c97bfa2f7a52a2da97c65a273197afadfad615f76a112a54772c0aa27988b1739ad306a6343db5b33fa63267e691ca53169ab9a87a4aa96ac,CLEAR,"DARKNESS, LIGHTED ROAD",DRY,FAILING TO YIELD RIGHT-OF-WAY,2.0,54.5,2.0,2.0
0af0d016a3d24b70d83950aa359902bbfdf6edd6b40729346381f9045d5d20fc598496e577b79c587d4e44a107254c45904b49f5223d771f5b931013c77f7f48,CLEAR,DAYLIGHT,DRY,DRIVING SKILLS/KNOWLEDGE/EXPERIENCE,2.0,33.0,2.0,2.0
0af0d7b3d0fe6a1d1a27313a88410c81981617859d9f85c4fed919147b9a6007541491028be580e333b682fd64811d3791f34d960f970288f36c3abb1873a5b4,RAIN,DAYLIGHT,WET,FAILING TO YIELD RIGHT-OF-WAY,2.0,22.75,4.0,4.0
0af1026740fcbe1a70250d14475a7d94198788ce150b0cbf9d647de630ae5eb6b4248d8cacfd7f971714901bb8fe70711cabff4173e404e264e6234177ea37c6,CLEAR,"DARKNESS, LIGHTED ROAD",DRY,FAILING TO YIELD RIGHT-OF-WAY,2.0,22.0,2.0,2.0
0af113d88d2eadfa1dc7a832a995bbf67656632460a411a12e5f9f5b05ead25a6d510b01631b0e717e7ac3d1963f28073450ab5be325fce8ea10635f1c3650e0,CLEAR,DAYLIGHT,DRY,IMPROPER OVERTAKING/PASSING,2.0,45.0,2.0,2.0
0af11ca0354e5a9333e79ca2bd522d1fce0edd8aceba78126de22797aeff224b40506d5a3b1fe945846b2e1b1827655b2df1abb43e20ee6539a862985180f622,CLEAR,"DARKNESS, LIGHTED ROAD",DRY,DISREGARDING TRAFFIC SIGNALS,3.0,37.5,6.0,6.0
0af12feef0b405f1c49beddb981dc2cc47d21822b5c112a749aee44f2f2d8153d4bdb519471db44372e5d3e12fdd8671d1c6521932f6fc4790dc91b1d530e5b3,UNKNOWN,DAYLIGHT,DRY,IMPROPER LANE USAGE,2.0,37.5,3.0,3.0
0af14d7b09f0b774b75a3b176015ad7896709a1cbe36701dcea7907e9979b06c1011185dda4446aa454eca2618a15ab79f7aada86ae4c0b6325df9bfd5d2f1de,CLEAR,DAYLIGHT,SNOW OR SLUSH,WEATHER,1.0,0.0,1.0,1.0
0af188de699e5c5ef634e4a35138da22a46b048a0c204dcada430681c39f788b5d08ae863a501bd4e17565ae9c79968715d1ec76a38f9bc7f75b08513bdd1986,RAIN,DARKNESS,WET,FOLLOWING TOO CLOSELY,2.0,37.5,1.0,1.0
0af19cad38181271dd130b55cfd513f1620c36c9e69fd1dae8dded8db209503e50f26a63d35f6ffbaa4ebb6661314c0b1ecd803edd7fd1d6a651276f88050578,CLEAR,DARKNESS,DRY,IMPROPER OVERTAKING/PASSING,2.0,37.5,1.0,1.0
0af1e0a2e1835909e83eaf40094ee5c67ed6b11a0a86c0c9249dc065146b901528f062495b004b2c3d09c40325442636611f4ab7b4766ff7d7340d8c9043c2f7,CLEAR,DAYLIGHT,DRY,IMPROPER OVERTAKING/PASSING,2.0,37.5,1.0,1.0
0af1f47388cd7db6d19dc09c7b2c62cdec4e226b6b76194e3875cad89e8bc5dc31f276a0f00be46a4da627f344bdb6c661643d63a88fefbca35ac926129752af,CLEAR,"DARKNESS, LIGHTED ROAD",DRY,EQUIPMENT - VEHICLE CONDITION,3.0,26.0,1.0,1.0
0af21b4375091703d589206e44aca976ff967b60044b480882b20e45a799b65f563c6130b94bc4b40958fbc4e2983ae6e83acdf628a084eaaca768fa91b17f31,RAIN,DAYLIGHT,WET,WEATHER,2.0,34.0,2.0,2.0
0af22dbeaf43a495fcaefb530dd5235f8a3c4ad3cb651ba5b38a0a53ae4b5d40d466777173b274446b77af8f8f2a232e089ca4bb62da544d4c8a7b4dbb92941b,CLEAR,DAYLIGHT,DRY,FOLLOWING TOO CLOSELY,2.0,30.666666666666668,3.0,3.0
0af22eee5115747a083942f2a7dcf782eda460e96980d56bd096a6405d57369c490a6fd49471ca70e51c00680f12d70c9574f25a9933e60534340e5ea5db3e66,CLEAR,DAWN,DRY,IMPROPER BACKING,2.0,0.0,2.0,2.0
0af26a229a8dfd9dcbbaf22b5f3caabd18537953a76ae3943bf011bd1d9b23888c323257633fdc14e74449db3c424fb9fa53512686cf718757aa1539564ff786,CLEAR,DAYLIGHT,DRY,IMPROPER LANE USAGE,2.0,37.0,5.0,5.0
0af2712953a81f42ca48a2cec611522deaf9d2e13c2e90bbc0dd1187e5da0e68b7e0970df9f4fd27871a717ceb7044ee4ccb9eaf263990a7144bf63d53f5f5cc,CLOUDY/OVERCAST,DAYLIGHT,DRY,PHYSICAL CONDITION OF DRIVER,3.0,32.0,1.0,1.0
0af2842b3f70a0df5db7ad1ba7473bcf1aa1b414c95642e611a19ca190a02890cbe539315e1799544d02c76d4b80db9173ab59b037c9397e4fe65a6a5e5d4189,CLEAR,DAYLIGHT,DRY,FOLLOWING TOO CLOSELY,2.0,37.0,2.0,2.0
0af2b9748ca6c232419e629caadf9bd43f1cb44601e5794d59794370b3da3c19351808bfa2522fff0580805187e53c29b4d2c85311b3b387b2f3424c2e49a13a,CLEAR,DAYLIGHT,UNKNOWN,FAILING TO YIELD RIGHT-OF-WAY,3.0,36.333333333333336,3.0,3.0
0af2c0765f4b8d77315d67b93737f27ef09ba2aa083da917301863d178d0ec44c500c5f488ddfadc62ea95e23e6ab0a90d356876932082c71719cabdfe890aac,CLEAR,DAYLIGHT,DRY,IMPROPER LANE USAGE,2.0,37.5,2.0,2.0
0af30221b352d3674694fa38c2bd9f181748bb3a698c81be1a3975c9b84c906b5f583f1e7a9577bb4d982d1b43fa278cbe9ecb4dbf97b479f48822505a0ad994,CLEAR,DAYLIGHT,DRY,FOLLOWING TOO CLOSELY,2.0,60.0,1.0,1.0
0af32366b769611f9e078983409efca7565eab947d469de02bddca8fc16eef5c429dc00e6017ebaa2fb455d061c461364d75fa41252a7adf1f0f6f68ab173db9,CLEAR,"DARKNESS, LIGHTED ROAD",DRY,IMPROPER OVERTAKING/PASSING,2.0,38.0,4.0,4.0
0af34bf0714d155e9ec457a9d957abdda6d72438493bc469a27f57dc145599ab3811222749621560419ccbda4f4a25b464a3eb96a2c9f297aa1d35104bd3fc92,CLEAR,DAWN,DRY,FAILING TO YIELD RIGHT-OF-WAY,2.0,47.0,2.0,2.0
0af35e46c47310f47753165337d141fda09089ea64e8e95b023392ec6cda1dd499a10b2f4e82339018d03527bc79404d3b8989c782ca945a3c4907cf103644e2,CLEAR,"DARKNESS, LIGHTED ROAD",DRY,FOLLOWING TOO CLOSELY,2.0,24.0,4.0,4.0
0af38175a8ae5d0daeafb33dfa8e655e469202128416f61dc18be0ed1a89c287d61cbf5670b07b4330c082e222cfaa526cf93e657798098f4a2d3f3ffd734e63,CLEAR,DAYLIGHT,UNKNOWN,IMPROPER TURNING/NO SIGNAL,2.0,31.0,2.0,2.0
0af3858f2bc1af9e9ef53eefc9212b78245d14dedc0df5e566ddcbab0cd64f43395bed90c0e309306c2b6ed02d528198d59303d0b6f3ab20cd77b0a3f62b5705,CLEAR,DUSK,DRY,HAD BEEN DRINKING (USE WHEN ARREST IS NOT MADE),2.0,37.5,1.0,1.0
0af3b2ec20cf8a2a48ede6e39b6e08882782ce40bd2fc446aef6e4c3fccce9106a5f7c7de62052709651cf121dac871384eca18436534d3f23d9368c0f3d7b16,CLEAR,DAYLIGHT,DRY,FAILING TO REDUCE SPEED TO AVOID CRASH,2.0,47.333333333333336,3.0,3.0
0af3e3c25356f15a2fe1f675efbb8064ab5748b9199d25cafc8cc6a14eb580103eaa42efe48baf612b2bbbf715342d0a84d91bbc181df11ba92fff214f393ab8,CLEAR,DAYLIGHT,DRY,FAILING TO YIELD RIGHT-OF-WAY,2.0,46.0,2.0,2.0
0af3e7e8aa602eee6db66cd8a0f26efbc40d041ccf4c782791a5d31db8e9d4467f7b5c6ab4412cd7390d99836af4ec8136185a6cd189cadfc3cc8c849f83c35a,CLEAR,DAYLIGHT,DRY,IMPROPER OVERTAKING/PASSING,2.0,40.0,2.0,2.0
0af3f41adb41338bb883c966394fefd471d2b177b5e3cf82dee865c59d0e8554440c43dfbd28698c7ab64f3557f33de53011af8b67b553c5097b1af6601b99e7,CLEAR,DAYLIGHT,DRY,FAILING TO YIELD RIGHT-OF-WAY,2.0,49.5,2.0,2.0
0af420e3f957ed28fb4193794372bb45b45fae22f25692bfe4abf4c6bb617f414769a810548a8c02f390676aecf5033ee8b50b8439fc7955f46edf54649d083f,CLEAR,DAYLIGHT,DRY,IMPROPER BACKING,2.0,34.0,4.0,4.0
0af44bda9927a6f8945377ad13a2ff83a2db9ab4218a9aba7504b44b70a49c0b8a1673b902e3e63f0e8345b7eef791e295514d74cdda9b09fd2a915d6eec4700,CLEAR,DAYLIGHT,DRY,IMPROPER LANE USAGE,2.0,31.0,2.0,2.0
0af455e41b941771aac16a14cb9e75d316a3dbe6c39d3b2ac2d80169e67c3f84d7bb4275b2ca4ee0b6c5d2d5d9812322bdc0b07d6fee2f5dcd9a2a8a2d400159,CLEAR,"DARKNESS, LIGHTED ROAD",DRY,IMPROPER OVERTAKING/PASSING,2.0,32.0,4.0,4.0
0af4cdda13accd9b30f764828fbf3952eb7b8abe405ca2b4a1514dfb5996cc19d9ca7558e2a253528cbe219ff029cb98f58b542e661ca858d79258ab435f9595,CLEAR,"DARKNESS, LIGHTED ROAD",DRY,HAD BEEN DRINKING (USE WHEN ARREST IS NOT MADE),2.0,39.0,2.0,2.0
0af53f7a99fde3d9f21393636cc56bfa152c52e1adad8a4124ef1998ecc204e966e9c6898a12361c23c1884b129a45afb066cdaedfde4ad916538fbf7f70ab38,CLEAR,DAYLIGHT,DRY,DRIVING SKILLS/KNOWLEDGE/EXPERIENCE,2.0,55.666666666666664,3.0,3.0
0af5463420672cfbeaa63655bb23885f9b53154cff9af3cf6eecf7c865632a881f8eb08105859bb2dc2b0113fcf97070fa952c454e3ad3308552e32c9d165d68,CLEAR,DAYLIGHT,DRY,IMPROPER OVERTAKING/PASSING,2.0,29.0,2.0,2.0
0af54d185b093e6200b8e0a11279e415aa7698edf6db242ab5ffd5e48cbc80772835b26463c735b1fbb24b4c9a66a9d18db8fd746e07992e59edf2513b84fe0e,CLEAR,DAYLIGHT,DRY,FAILING TO YIELD RIGHT-OF-WAY,2.0,47.5,2.0,2.0
0af5619062fbdfc3cde37a84d82d9d3380c601efbc71050158c8d759fdb3daa2d67bb5d314b11d05943893335a51631925e594fd2597362dc000f0f8c7c8280b,CLEAR,DAYLIGHT,DRY,FAILING TO YIELD RIGHT-OF-WAY,2.0,37.5,2.0,2.0