crash_record_id,weather_condition,lighting_condition,roadway_surface_cond,prim_contributory_cause,total_vehicles,avg_driver_age,total_people,total_injured
0af572c826b02b5de58ff33f2074b1922b60dd34af7dadf4ddf23e1e1186bef2653b2c318146ecbaa8f363a897869634ee518c8dc2d0e077196ec06b1c0aad03,CLEAR,"DARKNESS, LIGHTED ROAD",UNKNOWN,DRIVING SKILLS/KNOWLEDGE/EXPERIENCE,2.0,37.5,1.0,1.0
0af58b58c73de608500bfa248c87411de05a4c84b3bb69523b1c2ef3fcef0aa1b5db96bd5eb6f530211b08a4a2432bfdc5db10a932321abfe69bbbabb2eb113e,CLEAR,DAYLIGHT,DRY,IMPROPER LANE USAGE,2.0,48.0,2.0,2.0
0af5c4e961541870573e3404bf55a25077b725afcba04f25170b36427b2b6cda4388d2fd85c3036667ebb409aa9aaa697866539b1242c1103662e44480496941,CLEAR,DARKNESS,DRY,UNDER THE INFLUENCE OF ALCOHOL/DRUGS (USE WHEN ARREST IS EFFECTED),1.0,31.0,1.0,1.0
0af5c9c7cc60c9badccfc19fd9e1b55243f6791a39f2097fe7f59f0fa9fb5d3b6aae711d195304829382d78542d9d20dab182ae09fc50d85ff84caf92100265f,CLEAR,DAYLIGHT,DRY,FOLLOWING TOO CLOSELY,2.0,24.5,2.0,2.0
0af5f93f1a1c932e99be73664128059d6e54c504da2706ac32c20c15dd8a3875fe6c65a94696bfd19a143aba78e3f1a3c06e14c854ae31bf96da0a8c928a78ed,CLEAR,DAYLIGHT,DRY,PHYSICAL CONDITION OF DRIVER,2.0,26.333333333333332,3.0,3.0
0af6110a07191111741280e38d412e2337b097912d315d19c1defe082ea8495efec6b66fe23ab4ccbc7a2bd127ae996565c2adbe84ce3f8cd5b72c9b803f9b1f,CLEAR,DAYLIGHT,DRY,"OPERATING VEHICLE IN ERRATIC, RECKLESS, CARELESS, NEGLIGENT OR AGGRESSIVE MANNER",2.0,45.333333333333336,4.0,4.0
0af617f3a765214b82653f44119bb225c92e1128c55cbe39e2ce63a9a6e2117d76889253242ca264968652cd5993160d192cbfde893aab8c5ae9a0bc5cf21d8e,CLEAR,DAYLIGHT,DRY,DISREGARDING STOP SIGN,2.0,30.333333333333332,3.0,3.0
0af6180289852db78661c24bea999f27af5d182a02e3579c57cef4eb88adbd29dffb8a85df61dc5d7de45928aef3116084d4a3c92a57624d6a0b800f74d6c5d2,UNKNOWN,UNKNOWN,DRY,IMPROPER TURNING/NO SIGNAL,2.0,31.0,1.0,1.0
0af623acce8dba4d6cfdfda181bc79ce53d7fdd062f7e4ce080d89bd25b708b2c8c847f545650a93352853b79bbb958a386a9fc93906a5015eaf01c987d243a2,CLEAR,DAYLIGHT,DRY,"OPERATING VEHICLE IN ERRATIC, RECKLESS, CARELESS, NEGLIGENT OR AGGRESSIVE MANNER",2.0,59.0,2.0,2.0
0af6309f80635365e3509d8104242bf97fbe4ce3c2632c683a4c8df6e83f5b953ebdc56ef6195cec5d24f15839a40752b910db49e467665b818a0232a95b2f3a,RAIN,DAYLIGHT,DRY,FOLLOWING TOO CLOSELY,2.0,57.0,6.0,6.0
0af641d64a538a6cc9aeb5dd718ec08267a619c264d04ce86235d70e70649769f071eb85f8ce13860a28eec5105a4f85cb90cda0bd7945157be8cf9356eae3cb,CLEAR,DAYLIGHT,DRY,IMPROPER BACKING,2.0,37.5,2.0,2.0
0af66018be1812d1eb071384a89f6d8dadb7b9c3e4a5ac9b5b3010d1b69dff8f461d804aa010dbd8a4436318bd60c4254c991575f46080ac524e69f56962d565,CLEAR,"DARKNESS, LIGHTED ROAD",DRY,FAILING TO YIELD RIGHT-OF-WAY,2.0,42.0,2.0,2.0
0af693e79bb5872e9543fd19fb01fb5e40846afcbfb96d0f0559402e7bacaf2f46dc9b17577b4cb49e8a30c8124170d051008618d351b75f105bbc4af6a48914,CLEAR,DAYLIGHT,DRY,ROAD CONSTRUCTION/MAINTENANCE,2.0,22.0,2.0,2.0
0af6a6815753bfe14c56212dcdb915d4be04d9494adda82186cb9064d758c6aceed355bd6c028f9c04ad4cbc2b9b3567354545ad1259f7981dceab0d1ef43315,CLEAR,DAYLIGHT,DRY,ANIMAL,1.0,65.0,1.0,1.0
0af6bea771868ee189508e2de9f30e718271fb8e9d1cca2c6d8256f5c1c5f62b6dcfa80232cb101239f78f7a8acbf5c57bed59caaa2d541b55824b443beff0db,CLEAR,DAYLIGHT,DRY,FAILING TO YIELD RIGHT-OF-WAY,2.0,70.0,2.0,2.0
0af6f777ae79bad3ae89f45cd65858d155f4d79f79ce670c2098e22162887de7217da9648792eb83ce494e5e3c1e43a9b0c6e09a331fc28b55d5a2a508805dd8,RAIN,DAYLIGHT,WET,FOLLOWING TOO CLOSELY,2.0,27.5,2.0,2.0
0af73f243784f9885b42df2f53d2e68d5a3dc0df05fcdb89e6fe697a38a3663010192074155cd9c452d6171f538b13270cac8def98d526bd4c71c756f7d6d68d,CLEAR,DAYLIGHT,DRY,IMPROPER BACKING,2.0,45.0,2.0,2.0
0af73f5ecb1e5dc026aee94c9e08c1a9b5d14f3850c89e1940f21f7250ba4404470d63c66ed023c79255d845161fd67cbc0355dde182a786cb1e23f56359797c,UNKNOWN,UNKNOWN,UNKNOWN,IMPROPER BACKING,3.0,39.0,4.0,4.0
0af76f162bc84ffb6bad7efa094f94f45126cf5540ea705480558992fe870e9addc397aa28fed162c5d17c6e3d5bf1ac1709ba7c7c0672a501bfec3b4dfa1345,SNOW,DAYLIGHT,WET,WEATHER,2.0,42.0,2.0,2.0
0af78374f0640a8703cb6ff48ace39e169ce5bb941e55546e8fe8038faf1a614cabf106ea4e03705d256bee2c60128c1a4bc5f792a8bdf51fd83e040dd2fb9ed,SNOW,DAYLIGHT,SNOW OR SLUSH,FOLLOWING TOO CLOSELY,2.0,32.0,3.0,3.0
0af7902fbd7496c4582ef97c969db05f9a428e46729a8d23577509e98ffa7f706872956e46b63f15bc152a93aca35997c34691aa4a69b1fb266ad84f5f7e8231,CLEAR,DUSK,DRY,FAILING TO YIELD RIGHT-OF-WAY,2.0,27.0,3.0,3.0
0af794e35b3ff279adb8eab9ee0563b37fe6e879aa4c3863cc66b29fa9a8812400459099c37f2b3613684e1d00ba5da8935c9f2412b3337d6c0ed89b778bbcf0,CLEAR,DAYLIGHT,DRY,IMPROPER BACKING,2.0,24.5,2.0,2.0
0af7aa2c2c96062a91c4a3b83367f5b33a5b2d607959f8d0086cb4810f3a35fb75c8abe6bf4ff778ddf4a4b0a14b0653c6d630c842f10034e3dbc31f2659d23f,CLEAR,"DARKNESS, LIGHTED ROAD",DRY,IMPROPER LANE USAGE,2.0,29.333333333333332,3.0,3.0
0af7bd9067c4fa304d2f35cc9e2eb397d0b95d3fb84c43cd5ec18cbff3cef95d0a4a81c948f73cbb99cfdb78e5f62d6ab792e3b9640f442b9c6fcadc441ef5b0,RAIN,"DARKNESS, LIGHTED ROAD",WET,IMPROPER OVERTAKING/PASSING,2.0,37.5,2.0,2.0
0af7d89c8cbd89b7501347a95b12ba03c62e51072545bd434b9b473675dd6cb5eb76c6ef7a04e57a32b9d81ce20f67f85f3982099379109920da1e903ed78f67,SNOW,DAYLIGHT,SNOW OR SLUSH,WEATHER,5.0,38.0,4.0,4.0
0af7dc2005d061e80a9a8a0618a4e255b2fa99a933d18c312232d8ab3e8c6a9dec5fb47294bb14b9ae138a7f0fbce3a75d306b434e8854a36341e31849a8b91c,CLEAR,"DARKNESS, LIGHTED ROAD",DRY,UNDER THE INFLUENCE OF ALCOHOL/DRUGS (USE WHEN ARREST IS EFFECTED),4.0,23.0,1.0,1.0
0af84820bd1dc3377cac74a758a48e3fbc0e28ea2470f3d645208872fef7ceaffee08da71ea4e18f6a25e54d2508cacc90fd8ba8a34afc4cb8551a9a3fbb7819,CLEAR,DAYLIGHT,DRY,FOLLOWING TOO CLOSELY,2.0,17.0,3.0,3.0
0af87c000888b26b753d99022b54bfe598e150d46557bc8020806e202eb4bcff71a18a8f88b70d59a2ce4c9d1e6128c03bec6b1701728e91a46701c88da3f4c3,CLEAR,"DARKNESS, LIGHTED ROAD",DRY,IMPROPER BACKING,2.0,37.5,3.0,3.0
0af8990f5a70319a5914d37ed6506e7a31a88f1f562271d3868c869661e86d8927ae07dedf6825aa0853095d7e4816b9850f9c6545e9eb2864e342695d4e6a66,CLEAR,"DARKNESS, LIGHTED ROAD",DRY,FAILING TO YIELD RIGHT-OF-WAY,2.0,33.333333333333336,3.0,3.0
0af8ffe9cd5ed344562e1f29d29af02d9f644b07414fa8ee1f96d22901e66fb14f883e7643172fc665f987c479debb8fa46112c433cb0620f0ac3dbdcd608c4f,CLEAR,"DARKNESS, LIGHTED ROAD",DRY,DRIVING SKILLS/KNOWLEDGE/EXPERIENCE,2.0,44.0,1.0,1.0
0af93c4177dd5ab05d244dd9ae70b5fa995ecf77f765d8760f3e19cf4ec591e7af0d8419e57e70d62ba0a650763e94b6300d92e7fed93e97385c532dfff3350a,CLEAR,DAYLIGHT,DRY,IMPROPER TURNING/NO SIGNAL,2.0,56.5,2.0,2.0
0af93e20734a6892d0f1c7479e678c37785e4d8e3bd37a7ff6ec1d830c8f3885a0f2055833b1ade1615287efda59fdd65a46eee200f8848b7be5a54985ecd59a,CLEAR,"DARKNESS, LIGHTED ROAD",DRY,IMPROPER OVERTAKING/PASSING,2.0,32.0,1.0,1.0
0af95f7123e02368f83ae69e5852c581541eca30fd6f75b44b760687953000b3f08374a50f0df170f10197c196ee06b34000d19dbcc252ad47dbd51be11dbe2c,CLEAR,DAYLIGHT,DRY,IMPROPER LANE USAGE,2.0,37.5,2.0,2.0
0af9608704dce0a7d0ea35e34fd3229b775dd538f3b686f4e252680b39b06e7f07f8f0abc194a8014bb027343dd9d5ac470951bf1f98fd8627d73e49d4e30536,CLEAR,DAYLIGHT,DRY,IMPROPER OVERTAKING/PASSING,2.0,60.0,2.0,2.0
0af9986334cc9a38bf6446c8df48ec377159df2b0c3265de5ee1843a4a623828dc6758e8d968eee450737200138adcd0bb59a6c6d08320c4bab36e392f0a694f,CLEAR,DAYLIGHT,DRY,FOLLOWING TOO CLOSELY,2.0,50.0,2.0,2.0
0af9a30ba3f5fdade2e4436a58657c9872a8efe07f42ad2a597c925e0739647a09724f6afb00bbfafb1380fec29995012902d10a9a677e01a4cc5a8aad1dcc71,CLOUDY/OVERCAST,DAYLIGHT,DRY,FAILING TO YIELD RIGHT-OF-WAY,2.0,44.5,2.0,2.0
0af9e7ce106e135d7cc69e1d639e99ef8e3e74745d172ffb8dd39cf58e7649356e60e4fa154d559b4936ef4078df7dcd62882a80953c64ecbb33b11d2abe505d,CLEAR,DAYLIGHT,DRY,FAILING TO YIELD RIGHT-OF-WAY,2.0,17.0,6.0,6.0
0afa226fd543023a3a400e2915fb00559380129976a75b4c9947c43efaf212f52e817ad7cc53d9f185aad00ba15322ff29f9693b66f6a01aa5df50cc7a522c5d,CLEAR,"DARKNESS, LIGHTED ROAD",DRY,IMPROPER OVERTAKING/PASSING,2.0,25.0,3.0,3.0
0afa277348136f3a4d29501e1615e229f59d81f1ab56319d3aab7480fd841d6ac3246d43f1d8653e8fb77b2a3e07194be875380cfbb2be374d57efd9783143d7,CLEAR,DAYLIGHT,DRY,FAILING TO YIELD RIGHT-OF-WAY,2.0,60.5,2.0,2.0
0afa3ca5e28d1dd4c4bccdb91917504e718dae022ead4948aa5684f94a5c56941e82420e5e79476497b6c293f918505983e7798257bbd4b795ce16b31d1312df,CLEAR,"DARKNESS, LIGHTED ROAD",DRY,IMPROPER TURNING/NO SIGNAL,2.0,42.0,2.0,2.0
0afa7bc2e7203f66bab37bb65ff4da6c7da812f5da694ebc31efc6eb1c2c6d2e9925cbc1c468f0afbfeea37f587f835b0fa1fd9c477705c6025a8f94851ec3c9,CLEAR,DAYLIGHT,DRY,FAILING TO YIELD RIGHT-OF-WAY,1.0,61.0,2.0,2.0
0afa844e97b377469b99422d35d4923c22a26f2a2a7bdefd0055c32fb8d4cb8a3a6e3528ab09b1587214d3b19f17a9596068506d8cf9ef1d86eed9607231291e,CLEAR,DAWN,DRY,ROAD CONSTRUCTION/MAINTENANCE,2.0,60.0,2.0,2.0
0afaa300170e546ebc23b4fd5a79340ac35d8c84874652ba12459b840f50807bc202659ab3b4e8def048cdb49447b9eb24d535df50423b34e84139a8c7a97bd4,CLEAR,DAYLIGHT,DRY,FAILING TO YIELD RIGHT-OF-WAY,2.0,38.0,2.0,2.0
0afaa7cf890001c121bb3826383ecbd465b7ca15e18eb82779d38316d0b8e4c67f0d72d047b0db8f31b155aad2228b9b3da1d043df8f53708929656aed812dbc,CLEAR,DAYLIGHT,DRY,FAILING TO REDUCE SPEED TO AVOID CRASH,2.0,51.5,2.0,2.0
0afad2c7ac0a29852013b75985003370ba462fc1bf72f0da922499c4f071d47deb4036333494484ca115e9b47f9393bd170000ab2faa4c3f9b164f27388a3055,CLEAR,DAYLIGHT,DRY,FAILING TO YIELD RIGHT-OF-WAY,2.0,65.5,2.0,2.0
0afad5bc08d66a354d1d5cab3a60c623b1a3e93de64fb474e8dd139523029a7800552cb4fef27759ce2308dd583c281e38b8f4e7b4012542d7f15fb2e1b0decc,BLOWING SNOW,DARKNESS,WET,WEATHER,2.0,31.0,3.0,3.0
0afadbd8c8585626a652780ec38ac9b1804266dc7df5e27d4890fd3c1c802079e354b2d3baf4f72c1b3221fea19e331b10aff71dd92a39c80bb19cbe0a3eea9d,CLEAR,DAYLIGHT,DRY,FOLLOWING TOO CLOSELY,2.0,29.5,2.0,2.0
0afaf1ef453616d922e3700da8eaa8e97547fb8b1f60d367843d105f69ef839c041c5a1978a392b144de3f34262c61b4c724a3e3f0b2d7f09f8a5f47d296eac3,CLEAR,DAYLIGHT,DRY,FAILING TO YIELD RIGHT-OF-WAY,2.0,27.0,2.0,2.0
0afb5d84c8da64ab6a629b6b9c821a613d1cba32997baea41a003eeac9a9a19a583a79438469918710c7bb05f4f431dc9009d056690a2632ce49773956441844,CLEAR,"DARKNESS, LIGHTED ROAD",DRY,IMPROPER BACKING,2.0,48.0,3.0,3.0
0afb926fae0c9c4d2c7616c4d479d3d584e582943e2ebc7f7167b06a016c81e4e6ad9d09b5e7991ed7eb1706f4953e0574dad830552926f959aea068c498e801,CLEAR,DAYLIGHT,DRY,FOLLOWING TOO CLOSELY,2.0,45.0,2.0,2.0
0afbbf4f80c52b596dd9d24e9dc3a1452e12ee742b32002c76e1e5521a0f06f043c6f25ce6b11334f5bd039e2f6145c8c4a1a6a5bb4af0a3b7a0d5e4a31ca880,CLOUDY/OVERCAST,DAYLIGHT,DRY,FAILING TO YIELD RIGHT-OF-WAY,1.0,58.0,2.0,2.0
0afbc4b1c5a3a0017dad8da60f2e08a20849a0ddb78efe7806e63fcd4b0b2878fdf0e5743fb5bce96f752adcdbff46077e9e1b0c7f598e8e35da6324f860c81e,RAIN,DAYLIGHT,WET,FAILING TO YIELD RIGHT-OF-WAY,2.0,34.0,2.0,2.0
0afbf64231cd304d2942dadb994cc03009ccf0e59b93c6878f20de364e1bcdf9209fcbf2158c179c7900cd502c8c0170b60c465a5a00296a918fda94a442376f,CLEAR,DAWN,ICE,FAILING TO REDUCE SPEED TO AVOID CRASH,3.0,40.25,4.0,4.0
0afc17575bd9afd57ee01e12c93ec121ed53d767f43102d9ab5ef457b683d093527002bf7d217d5b97f38c112e826a6ddd69d973e2e1f9f9d1abd6e317dd712c,CLEAR,"DARKNESS, LIGHTED ROAD",WET,FAILING TO YIELD RIGHT-OF-WAY,2.0,28.0,2.0,2.0
0afc1fb54dc74c215575f399413b6ea52656dd6496e87a765fef2c0284dbf9f0693564e13fb900d561593d81aeab2ddc1c8f573adfbc82081682999e6455cd3d,CLEAR,DAYLIGHT,SNOW OR SLUSH,"VISION OBSCURED (SIGNS, TREE LIMBS, BUILDINGS, ETC.)",2.0,34.0,2.0,2.0
0afc4bae15970a4ae037f04e9bf59aa1d7198069aafdb59a4234c7d9c3041455266cb59f7a9f0675cb28d2eeddded01faa3870603ddc4aacd296dd51e739176d,CLEAR,DAYLIGHT,DRY,DISREGARDING TRAFFIC SIGNALS,2.0,30.5,2.0,2.0
0afc7ee96dddc714cf64bf2266c7cd9d6122f54600df4ea3047367d3afdd6794130cd568ed74c192d90837a87ff8eaf6610537cae286f527ac7848279f947ba1,CLEAR,DARKNESS,WET,FOLLOWING TOO CLOSELY,2.0,35.6,5.0,5.0
0afcac9cfcc28b732a2453c8ef25f1b5bffef4cfdccd9026e778c87d6505583a890d2313923141ee86179607ed3c12da43b2d86efdb0a60ec8b46daffa11e71b,CLEAR,DAYLIGHT,DRY,IMPROPER OVERTAKING/PASSING,2.0,24.0,2.0,2.0
0afccfcf116204a6948720d5641aaccc0e5d7d25c180edbf0af3fffa09e8caa07fec16f4d8bb5f95b45f41789a5464e4bed74e19ec2f342eca9408cafaaddf5c,CLEAR,DAYLIGHT,DRY,FOLLOWING TOO CLOSELY,2.0,69.0,5.0,5.0
0afcf072cdca969403b9552362f03e2d6519e2cc90a81bbd47adb4e6ed61b0983d952b95bfd7b2493ec410c82c1a6e0a21bfd7db23d5bc69551918e0d119e51b,CLEAR,DAYLIGHT,DRY,FOLLOWING TOO CLOSELY,2.0,50.5,2.0,2.0
0afd0f9458e47a48ea8113242fda007ebc96d29e90ed4e82ade3179a2492e6424c862c1259204556eeee6a34b7e9585d3d7e908e3df385cd5a3fe359690fc5c9,RAIN,DAYLIGHT,WET,FAILING TO YIELD RIGHT-OF-WAY,2.0,52.5,2.0,2.0
0afd3cd340a46839133980b32fe6ca0343f38be2f331aa48999cede99962717ce3157998930d3d16b5dae208734f340c77a8e77f1ed767543b768b8bafd6e2e1,CLEAR,"DARKNESS, LIGHTED ROAD",DRY,FAILING TO YIELD RIGHT-OF-WAY,2.0,24.0,2.0,2.0
0afd3f5b01b2a35b1762c5d9dfb3b5a00e9254e54fafa5cac2e5e4d04c694f040638622990b719488d45b62d245fbe40042d9196e935822f367da2ef9f5c699a,CLEAR,DAYLIGHT,DRY,FOLLOWING TOO CLOSELY,2.0,37.5,2.0,2.0
0afd43697c54321628c54a052fc30fd4dea88b63f8a07e26edb49f0980f10a8c07c807788cf1207562c0af09d5e220ba39e808505f86541e89d1a55b7b71ee95,CLEAR,"DARKNESS, LIGHTED ROAD",DRY,ROAD ENGINEERING/SURFACE/MARKING DEFECTS,1.0,27.0,2.0,2.0
0afd56143a73e103a3299fffed0a564928d2b0d89d60119582d7b5bca37a2681af1abd93be086917cf7fd51bdcb77913ede82b32c37306d34239e3c16112f9f7,CLEAR,DAYLIGHT,DRY,FAILING TO YIELD RIGHT-OF-WAY,2.0,31.25,4.0,4.0
0afd602ab62acf200af6d9e9c6622e27037b1a760e9be665483072bed865a503166468511a2731077ea6597f438f360893fe48db429ac63d6a2a906b5530a07b,RAIN,DAYLIGHT,WET,FAILING TO REDUCE SPEED TO AVOID CRASH,2.0,26.0,3.0,3.0
0afd67dc8771cb8b9cb372e3d140698aad183ad18776229b25ca28df9d21abf538823b3ec677b464ab9d3503df26dbaa8ca28b9507b8a7324b602b0712c75e65,RAIN,DAYLIGHT,WET,FAILING TO REDUCE SPEED TO AVOID CRASH,2.0,49.0,2.0,2.0
0afd7534923eb30a9892c85079dccf7683309b416f7cb762c21ecb4a4df8ac7f1d215558b0218f972bd74d729e3246105cdb7490a1e738c90313c4926df4dc2d,RAIN,"DARKNESS, LIGHTED ROAD",DRY,FAILING TO YIELD RIGHT-OF-WAY,2.0,39.0,2.0,2.0
0afd7b7a94a068c942f69ca42b7556b63188673325ce56ff0555bb416fc0217c147a31d94c31c5c1fd9700c3b45c0d17d8e3d6a55e1fcc9b28eeace1dd67a127,CLEAR,DAYLIGHT,DRY,IMPROPER BACKING,2.0,21.0,4.0,4.0
0afd98ce496fb71a5719fa24ebd645ad965f8db33830947928eacce18ac448dc003af7df008adeab338c220f817390b8c5521ec60a590db5a88649070018f734,CLEAR,DAYLIGHT,DRY,DRIVING SKILLS/KNOWLEDGE/EXPERIENCE,2.0,68.0,2.0,2.0
0afdbc6920edc05a835118e81c1db1bafb890c7d884bd91fd8b67656aa2cb80c22a152083ad3cc71cda047a65be00b4d338009904f2e4af6441836c73be5e03f,CLEAR,DAYLIGHT,WET,IMPROPER OVERTAKING/PASSING,1.0,27.0,1.0,1.0
0afdbfc05a343706b50eabe3a8e1e9c3db778df88b949f8dd5222b1b7189a2e2fc3b5aaa903c5ce780087724df8ce8df715ca3a6a0f523b737225c941c266611,RAIN,"DARKNESS, LIGHTED ROAD",WET,DRIVING SKILLS/KNOWLEDGE/EXPERIENCE,2.0,33.0,2.0,2.0
0afdca2a2f6d3042ff596ae66d0da41ab76f785ad5542ee3a26dd1bb17a287f2f234b274f13d24ccb517d26238221e33237b4cc002f4f1f4e688b23ff2f0fcaf,SNOW,"DARKNESS, LIGHTED ROAD",UNKNOWN,IMPROPER OVERTAKING/PASSING,2.0,31.0,2.0,2.0
0afde8359bd1646021037684dc928a2ed63732d20ea430c7ce5063f35cbee0f72d28acabcc77d3a66f75430fabc7222d1dab51873c018533aa99b35ebc7f146e,CLEAR,"DARKNESS, LIGHTED ROAD",DRY,DRIVING SKILLS/KNOWLEDGE/EXPERIENCE,3.0,46.333333333333336,3.0,3.0
0afdf41511070dc47a1c8543c7e5f698bd7145017cd66daeb512951402bd086e68598e4c7f5fcd6449bdfd213d2ca227f52e4a1e8e906aac0c4ac281d81c8ad7,SNOW,UNKNOWN,SNOW OR SLUSH,WEATHER,2.0,62.5,2.0,2.0
0afdfa41d5e3d6f2e5051f70ac083a485d10deb179ed8198eae986799c7e63dd453015389fbfea60262be3e67460c6a572e079905af796caca23d6253c4ad522,CLEAR,"DARKNESS, LIGHTED ROAD",WET,FAILING TO YIELD RIGHT-OF-WAY,1.0,29.0,2.0,2.0
0afdfdd3ac64f727efe0f0bcb9c51c983ac7285347f1792eafa4c8c1140e209944228a45bce2fddb2e33a26d102721beb367faf5f9d43067024207f535a4cf76,OTHER,"DARKNESS, LIGHTED ROAD",WET,IMPROPER OVERTAKING/PASSING,2.0,22.0,2.0,2.0
0afe0536b6ce01f86465c46312ac77b4655aa9043a392134ef510b389f8c61d81aae8f6fec797be51c5439bd991d14cf263ec9c3e21b47b697ea236fd7aacf70,CLEAR,DAYLIGHT,DRY,FAILING TO YIELD RIGHT-OF-WAY,2.0,62.0,2.0,2.0
0afe0dc01029df44509a9f33b7839f62ea91e1d89ed605b66bd3e470348a53b946e23f8e5201fff12188d746f941819e6f485ee76ed3791f5b1ce1bcaf5afc2f,CLEAR,DARKNESS,DRY,FOLLOWING TOO CLOSELY,2.0,33.0,3.0,3.0
0afe27222e812b491ed2f87d4a3ac3adb4bee33600bbecc77e6d25d4c42c35b897caf78a4fdc4831a6256582b5f2ad5dbb6a70c2b8b321b3e2e324b64d675e6e,CLEAR,DAYLIGHT,DRY,FAILING TO REDUCE SPEED TO AVOID CRASH,2.0,55.5,2.0,2.0
0afe608893562558b8e4fd3a441aafc748de1ad771d7409e973c013bd80885afda99d1eece52cab0f41b112ace51e61d3dad2f457b8a0cd95ed175a93d24ad9f,CLEAR,DAYLIGHT,DRY,EQUIPMENT - VEHICLE CONDITION,2.0,32.0,5.0,5.0
0afe9683dd71b4f115fb991a5c3b384cc1ee7c1c56d30c5fabe2f705b543a6050d4a3fea762e9ecfb24711f2711294e412843abad2a5b20b394669cbb33e22e3,CLEAR,"DARKNESS, LIGHTED ROAD",DRY,DISREGARDING TRAFFIC SIGNALS,3.0,23.6,5.0,5.0
0afeb1d87e0f9eeeb4a249c6d9dcbca66179113e6d06e0e6be61ea4ead7135521612e707ed6f09c9cde026e7de2a5f8d2500f47e4199ed08ec14f11f65f5f081,CLEAR,DAYLIGHT,DRY,IMPROPER LANE USAGE,2.0,36.0,3.0,3.0
0afeb59b61e8052efc6620f2d5812946fb14acc21e5e8cce7b87925c2408ee79d8e39b8ee4c56300d4142b0f4e337afb7f19479c5da3aff1f83711be50d8d75c,CLEAR,DAYLIGHT,DRY,IMPROPER BACKING,2.0,40.0,2.0,2.0
0afed19ee3482a81a1febc1b176b4edc081c18f6bf52ca3b46aec7e9dba7861e7fbcc944ef96c9014f4f3928cc2d9fd91f0095e91cb81e346fdea94649e3b1cc,CLEAR,DAYLIGHT,DRY,FOLLOWING TOO CLOSELY,1.0,56.0,1.0,1.0
0afee57286dd1a9e17cd0d21554e7f36d144b6690bae509c43fd83f40a8da6d33b027569e7cc740ad742be3a3adc5403aca97980b14f55150509cd934868da2d,SNOW,"DARKNESS, LIGHTED ROAD",UNKNOWN,"OPERATING VEHICLE IN ERRATIC, RECKLESS, CARELESS, NEGLIGENT OR AGGRESSIVE MANNER",5.0,23.8,5.0,5.0
0afeed4a6c901956436100de4ff2560f3c7ac7139a1ee4558a29784df61cc0c1f505f00f097cdc9ee3c8647cbcf51d4af183970656c4e6d605abcae29bfe954d,CLEAR,DUSK,DRY,DRIVING SKILLS/KNOWLEDGE/EXPERIENCE,2.0,11.0,5.0,5.0
0aff04bdb1b657134fdd7ccfdf9aa332f8802c326efa68b24e493282866f1d36466095b27ef988bda0aa7bc25091104bca450fe6cdd347e2cd0d8777c47f3884,CLEAR,DAYLIGHT,DRY,FAILING TO YIELD RIGHT-OF-WAY,2.0,32.0,3.0,2.0
0aff12a9c2b21ea1603c8b107fb9b179e548f94f80358b0cec45212f5ddb30615d29f35d2cb40283849ef1a3bb35bef36e9256c7c062ff51fd2d075b4484438c,RAIN,DAYLIGHT,DRY,FAILING TO YIELD RIGHT-OF-WAY,3.0,40.0,2.0,2.0
0aff3342196b7c6d3896a59d4fbeb25e6f8a25ce7ec47e6678d6fdbc49cb9be17c610f078773b2b4a8fb033196baebfa971a97983d8a1ad7bf8cb29b85cbdee2,CLEAR,DAYLIGHT,DRY,FAILING TO YIELD RIGHT-OF-WAY,2.0,60.666666666666664,3.0,3.0
0aff3e1c8352a70e9a246301740fcdf0fa4d560e14ea25b486969f428de6ef4e48c35fdcf8a794a878d4e92c97a6b1b7d806d50b729b4946dee7fdc90161a03d,CLEAR,"DARKNESS, LIGHTED ROAD",DRY,FOLLOWING TOO CLOSELY,2.0,34.0,2.0,2.0
0aff55eed4a3a95798b1f77ca15f1fe3b5726184a4bf9ff601482d3e78ca6b8587fd132f6d22eed8f6401dcf8399cbe6ad141cb267c3771cdb97cd87fbd266dc,CLEAR,DAYLIGHT,DRY,RELATED TO BUS STOP,2.0,40.0,2.0,2.0
0affb457cebcef4cb52a6d95a58a79112b56f1b36db9d86ab8b4b042eb3c929e1b273556b8e82b82c084e11d17d54ac62f41b0218c360e0c2fdaabd07a3090ca,CLEAR,"DARKNESS, LIGHTED ROAD",DRY,FAILING TO YIELD RIGHT-OF-WAY,1.0,19.0,2.0,2.0
0affbe23b7bbf6ecfc1a3295d21e9738d1232d30dc38800777a1ffea0aa3ddf00c8fa6cb12143395e8b2383b73f1937e2817466e2f00dbf1d662a0e4a700bdcb,CLEAR,DAYLIGHT,DRY,FAILING TO YIELD RIGHT-OF-WAY,1.0,24.0,2.0,2.0
0affc5914d05ef7f884d2ce00c1170b65289ff7114e3f80101ab730b625e8fd46de140b825dd2ab8083997987e08c87f0a3aa2213ba3253364ecbdcab76f0154,CLEAR,DAYLIGHT,DRY,FAILING TO REDUCE SPEED TO AVOID CRASH,2.0,57.5,2.0,2.0
0affcc9a4844f048968576942360db248c26f580494e69c592060e022c2cdd5507eb9861b12bad71d887237573fbba9d879a6acaa42c711757a071b63eca1cdf,CLEAR,DAYLIGHT,DRY,DISREGARDING TRAFFIC SIGNALS,2.0,66.0,2.0,2.0
0b001a9ef02c4cd566b2b286088387ef5384337e5a68926f9dfe53bb97b7c214f8f3133f67b3ff76502bbafaa3c2ea285c14cd59b467d489101e97460492fbb1,CLEAR,DAYLIGHT,DRY,DRIVING SKILLS/KNOWLEDGE/EXPERIENCE,2.0,28.5,2.0,2.0