crash_record_id,weather_condition,lighting_condition,roadway_surface_cond,prim_contributory_cause,total_vehicles,avg_driver_age,total_people,total_injured
0b0020a2c95a48d36a308960504673056df51627cf14e20dd131ee71c2565d3e5c6f8b9cccc1e498a784a9c02baafe3694f55d44dbfbb6803fb85eb5627f4f43,CLEAR,DAYLIGHT,DRY,IMPROPER OVERTAKING/PASSING,2.0,26.5,2.0,2.0
0b0028eb09d134eb56bd553730a8065fc8ef36408669bd187daa993977994207f20e0cfcaa6d22b8fa0ff007f5eaccd31902cc604fef573a0c613d4fc61aac1e,RAIN,DAYLIGHT,WET,FOLLOWING TOO CLOSELY,2.0,37.5,2.0,2.0
0b00382e513cb5862a6f8b37448558d0676deec4ed70c377f56299616e7afcc0c47010e508ad180b1865be83c3010012862a209eecbd80a17d6431bbf6775e49,CLEAR,DAYLIGHT,DRY,FAILING TO YIELD RIGHT-OF-WAY,2.0,39.0,2.0,2.0
0b003e60652df2660d151e739d96d2a9432b5501507399a895b9eb5ae2904170d7db966bf67ceab6d7b5961e97da632148e88a75e9c7a13446f912f5dafbae1b,CLEAR,DAYLIGHT,DRY,IMPROPER TURNING/NO SIGNAL,2.0,19.0,3.0,3.0
0b006e6197ca5d312c5d5239468c291994dad2bd55161d450d308db06553008ec9275fbcc1654a4887fdf598e38320c0800949dfff54eaba2e0f6a28a2f4d4ed,RAIN,DAYLIGHT,WET,PHYSICAL CONDITION OF DRIVER,1.0,62.0,1.0,1.0
0b008de5bd431800317ab8d26c6918449f67c395a5a99f6ac2b5875ea9b1ed25348e0a4fc41fe475e8d33e52615cc324a909cfb1505440e9bfad67de0e32e895,CLEAR,"DARKNESS, LIGHTED ROAD",DRY,FOLLOWING TOO CLOSELY,2.0,72.0,2.0,2.0
0b009f9caf022e0a5852386f45d09beef3a772daa849584772163b7267ed3ab170e56dee6dc9516db65b054ef8b00e4ecc2794c0d5ed073fc50fc595c054b779,CLEAR,DAYLIGHT,DRY,IMPROPER LANE USAGE,2.0,84.0,1.0,1.0
0b00a13a034770e71da5c22db1c90ba3f27bdf25be63e96473c31cd432a167593f812da434967e7191b34664d8788319df5eaea2bfbdd0909828ee88b04aa7a9,CLEAR,DUSK,DRY,"OPERATING VEHICLE IN ERRATIC, RECKLESS, CARELESS, NEGLIGENT OR AGGRESSIVE MANNER",2.0,39.0,3.0,3.0
0b00ba7bbf8c4f7397329f7b69cca5619953c4891e02218c520e1e67385c632ea823076a4175ba07c58c2f4a19ed5347e5091e4c1d46b58394208a68395f70c2,RAIN,DAYLIGHT,WET,WEATHER,2.0,41.0,2.0,2.0
0b00dc4a5022135e2e6959bab9af0b04b8a4bc11217e92550966f7776a7ddde15ffa71fa32ffeaf5731ad4bd118a859710b6edc84de813cd4b3be0f02331e23f,CLEAR,DAYLIGHT,DRY,IMPROPER OVERTAKING/PASSING,2.0,22.0,5.0,5.0
0b00f20464b4bfd78687c20e8b3d81ec9473756ffc8fa0d788d1f85f764437f21965896c0cd9cfe8a899edfc383283d8454d459b9406cfd20ab4b984c7b97b5e,CLEAR,DAYLIGHT,DRY,FAILING TO YIELD RIGHT-OF-WAY,2.0,27.0,2.0,2.0
0b010be65bd339d1086aabb4040687058d0361b1cfc2beb86ee5cc0dd98eb3e175790bd327983f8c38bb123860533b4a792fd7a37b57ddedcb4223f5c1034805,CLEAR,DAYLIGHT,DRY,FOLLOWING TOO CLOSELY,2.0,62.0,2.0,2.0
0b0110a07f5910b8da96ef3542be126b3c115a3ede24a6cce47b0019ab6e34a4b0069532922ec22a2cbbc6f1c06a120074534af658b07e8b400f9f26e9d4c7f5,RAIN,DAYLIGHT,WET,DISREGARDING TRAFFIC SIGNALS,2.0,52.0,2.0,2.0
0b0113b4eb16650432a1db261bbde481d1c36e4a83c4a99edc126b582e71ee97893f307b6fc64deb0350ddceb38244c2eda070bb50743a4d60219972808d2633,CLEAR,DAWN,DRY,IMPROPER LANE USAGE,2.0,25.0,5.0,5.0
0b011bed1066d750d8e081da6f02556f33c76bebd9724e03191f5c3a777a962e03068fa2a10ed6134e78c471b663a36cd390ed005575e254ea0ce7468a022ad9,CLEAR,DAYLIGHT,DRY,"EVASIVE ACTION DUE TO ANIMAL, OBJECT, NONMOTORIST",3.0,40.5,3.0,3.0
0b011c2e1aa5a676975b7ec0602321b83ba38d5be38abeadc7421f86ea9933cf7295317d6310b6bce226ce9f9ea5313e292754eddd9a77e2b64502d8b7eac48d,CLEAR,DAYLIGHT,DRY,IMPROPER LANE USAGE,2.0,58.0,1.0,1.0
0b01312cb52b3979e615802dccd14fcd92a3c74d75ed0aebcbb83fef25cce595cd7f53885827c0f5cec3434e318cef303ed5750dd90e2b1f3f11bc97fe67f45c,CLEAR,DAYLIGHT,DRY,IMPROPER TURNING/NO SIGNAL,2.0,31.0,2.0,2.0
0b013ae30e2cb2740703e9bbff30f9cee2968da14b7cb2f030994daf3c9dbac9a23c848b2429b2e09ae756eb99a400a367e02f1ee1138f6dbdab9a158c3a96b3,CLEAR,DAYLIGHT,DRY,FAILING TO YIELD RIGHT-OF-WAY,1.0,55.0,2.0,2.0
0b0170c7a2b95a31b107c4cff089210722cf40034965170591a55ffcf04fb0320bf7b441611aee38e0e13fd2663b293239f1a82f7401c24cd4700ce5bcb10e1b,CLOUDY/OVERCAST,DAYLIGHT,DRY,FOLLOWING TOO CLOSELY,2.0,61.0,2.0,2.0
0b0173c54a42340da32dfe21fc109fa72287b84f86f6f1020982b804281960b72d66422845d77bc06a4153f6e374950654afc03ed59d5ccb047c39c80d679855,CLEAR,DARKNESS,DRY,IMPROPER OVERTAKING/PASSING,2.0,31.0,2.0,2.0
0b0175c2080216f1fc758dfeef1d79965b291bed137a586a47c8742559bafaa46e42e23c71ee311376e35cb9fb86dbb34bf82b8f9071e505b9c05d20ca038abd,CLEAR,DAYLIGHT,DRY,IMPROPER OVERTAKING/PASSING,2.0,46.0,2.0,2.0
0b017cb1df7037366bb83dc04cd9d0a3b3fb740c052199d402a09a1126013ce5dc0206c83648daa3cc318f139fb03c9eda08fabd4e634c4f7f1dc37e5095696e,RAIN,"DARKNESS, LIGHTED ROAD",WET,EXCEEDING AUTHORIZED SPEED LIMIT,2.0,44.0,2.0,2.0
0b01967db0d78abd7f393c90d972793023c23996fa1790d7a2208d6e9be07333db7dae0a15eb5659917bda7c8a47a179a1b2e751853214ed1972046d4115ff57,CLEAR,"DARKNESS, LIGHTED ROAD",DRY,"DISTRACTION - OTHER ELECTRONIC DEVICE (NAVIGATION DEVICE, DVD PLAYER, ETC.)",1.0,34.0,1.0,1.0
0b01c62cdb3d1986d22794ad0d0ddbb5bb9672b76f07e8d48d32a2bf71ded4495f8dc845c8ed280f0dc2c4045f3e590d9922c0c0c1ae5ca480235bf9732977ea,CLEAR,DAYLIGHT,UNKNOWN,FAILING TO YIELD RIGHT-OF-WAY,2.0,40.5,2.0,2.0
0b01fde49c95a06da558bdc4da19e0c626f75efa34a547992071242c2f54c37a51dcc65f476415fc03695ea542665c01f7c48d03a9fac09350a95f1d209808c5,CLEAR,DAYLIGHT,UNKNOWN,IMPROPER BACKING,2.0,21.0,1.0,1.0
0b020b954cd68199e74d875d4fcfe398b471cc248b39dfb9c6424222c99d210c0d5c398f4a7407285e2165a501fdda9c42e1d987ac5c49c006c2e55c737661c1,RAIN,"DARKNESS, LIGHTED ROAD",WET,FOLLOWING TOO CLOSELY,2.0,59.333333333333336,4.0,4.0
0b0213793ee1244fc71765efbc2d79233a131bb13dab3fd93d28385fc6637a2fb46a19aeb9e10e6e90f9e0561b8317a7169aff4955e707a72c7857432e8339c7,CLEAR,DAYLIGHT,DRY,FOLLOWING TOO CLOSELY,2.0,53.5,2.0,2.0
0b0219854385ce9ed01e7748e2c8a01eb0ea3e640c5fa09fd56aeed64aa15d4837f7ff6753a6026022034f6889c584ff0bc953748c7df38e533c114861311bb1,CLEAR,DAYLIGHT,DRY,FAILING TO REDUCE SPEED TO AVOID CRASH,1.0,42.5,2.0,2.0
0b027d3d554d215b58e3a5395a25d52d285716342233bbb778b71742a68bc848491e9b67ec97d5a931856332a1cd84622bf5d8257654a716fcd8254d75977d3b,CLEAR,"DARKNESS, LIGHTED ROAD",WET,FAILING TO REDUCE SPEED TO AVOID CRASH,2.0,34.0,3.0,3.0
0b02838a1c1fc5f042be02ac6a58bdefa769301fdafaa0feca6ac263a23059c40364b4ed63169902d8f5c8989396f86d7e4534c20ee7558db6711b427ee9932e,CLEAR,"DARKNESS, LIGHTED ROAD",DRY,FAILING TO YIELD RIGHT-OF-WAY,2.0,43.0,2.0,2.0
0b0298d98c6a1a44a66cbdcaba0014180c666363a060d0b95a1ece5f6609bba07352d475587fa00a57610c6c9024f76be569b281bea75234b811f5e34bfa95da,CLEAR,DAYLIGHT,DRY,DRIVING SKILLS/KNOWLEDGE/EXPERIENCE,2.0,37.5,1.0,1.0
0b02b2c5a376cc67bb1765d4a487057c08826ed6bacbfb63eab25e1a540feced7455b77c36ce8227ce1c852900415cdf546a6ff4b9c0ce63747459d73344808c,CLEAR,DAYLIGHT,DRY,IMPROPER TURNING/NO SIGNAL,2.0,19.25,4.0,4.0
0b02bd9b82a75d7ae848fdfde4c4f568be95d325be956893a6f8663d55912104195f680a49505f76a16e69556719d02e3297db8db3ea3703dd32073067710006,CLEAR,DUSK,DRY,FAILING TO YIELD RIGHT-OF-WAY,1.0,35.0,2.0,2.0
0b03467cf37cd753ffc2eebeafda093ee72ed976e460a82ef31ebcfb1c64cd46cbd65ce99117ad5e9f02bd320fb248b5623a5c67cc21151044c2800bc023d789,CLEAR,DAYLIGHT,DRY,FAILING TO REDUCE SPEED TO AVOID CRASH,3.0,66.5,6.0,5.0
0b035a160c560f34c884e88aa4ba6c604386d90e6899a4056a6b41edcdbb2087eedb9a1497c92b5ed6b41b4a0a20f535aecc9736eb3cd477ec54fc4548a162f4,CLEAR,"DARKNESS, LIGHTED ROAD",DRY,DISREGARDING TRAFFIC SIGNALS,2.0,36.5,2.0,2.0
0b038648c00a9728b6e81a33da7881e3ded2fd1802bfbb81c805038cc232ac1c1e16cd0ab1c2764c2d43a08eae7781b5a4df6c702933d3d6d04cc1f24ae9a36b,CLEAR,DAYLIGHT,DRY,DISREGARDING YIELD SIGN,2.0,35.0,2.0,2.0
0b0386c84b56566c362e8da094346c5ea512afc5e0eaf9061b3394e8959a9f647b17d60bc6cec60488011e3057c204db0477ef66068889dd419efc6fd2c1de39,CLEAR,DAYLIGHT,UNKNOWN,IMPROPER BACKING,2.0,37.5,1.0,1.0
0b03cbeb98035d02ffe49955a1b066f606ba637c7e0a7637f28a0fd179535811faee8e1a27ce15b714fdb731d18793ce2051261b3e42bc248c57b2ef18919368,RAIN,"DARKNESS, LIGHTED ROAD",WET,FAILING TO YIELD RIGHT-OF-WAY,2.0,41.5,2.0,2.0
0b03ed9a610dd5c09a51347e3bb3f65daf93ad6848cc42044d7cbb69648375dd0fed6cb420ed5856d0a1b1fea1d88f32a238d0b6f076dafa39d3cfe4c27b21fc,CLOUDY/OVERCAST,DAWN,DRY,IMPROPER TURNING/NO SIGNAL,2.0,55.0,2.0,2.0
0b03f5389adc2aaccd7a5916bc4f934dc5d9e4cf22dd5dacc3d222f74046e7a73f7dff93bd01e23dae562ee18bd51c19dbf90f7649b357525416d4ccf4621323,CLEAR,DAYLIGHT,DRY,FOLLOWING TOO CLOSELY,2.0,64.0,1.0,1.0
0b03f687c44b1be4097a4948d7374a4367ffbc81180739b25c770ac90a7187e641f3053d2ac07a1c7c595905657efbbaa038a1260888720cdf73a5cf4acd81d6,CLEAR,DAYLIGHT,DRY,DRIVING SKILLS/KNOWLEDGE/EXPERIENCE,2.0,55.0,1.0,1.0
0b0406b4d11f060a1a138e195c704dc92eed4f1c4b019c07ec91ca69e27017c9aa2a8063a89227d35aa867feee24f5a21eb7b5d0b3ecbd04bcdb5e6412bc0590,CLEAR,DAYLIGHT,DRY,DRIVING SKILLS/KNOWLEDGE/EXPERIENCE,2.0,56.5,2.0,2.0
0b04178e807ea195e8e821402734f8f244c0bb890786f6cab10278c9909698841ac9786154da871d59a7c8c55162642bddb336c5f3b54dac4e223a7a5a0871b6,CLEAR,"DARKNESS, LIGHTED ROAD",ICE,WEATHER,2.0,39.5,2.0,2.0
0b041950263a292658aac848a9ef43c99bb9750747bb4f65930fe19f6ac1f051bd4784c01e05e42a7631846ade409c5deeb951969d2f5c7f0e43f330a5345628,RAIN,DAYLIGHT,WET,FOLLOWING TOO CLOSELY,2.0,45.0,2.0,2.0
0b046c8f2a7117baf27adb20c7d7af5c67a9200501da2869c1e191e3b3169ce9489ad2ed017b6278b8b8f1bcdbcd23029f6486e3efb8ac9604bbd6541ca7bad2,CLEAR,DAYLIGHT,DRY,FAILING TO YIELD RIGHT-OF-WAY,2.0,30.5,4.0,4.0
0b04826a03029a8b92fb805ed0dcc7d9c9dec97f300bd9dc5be9250f2b79a0dc40b6299a511a3163ddb222ad14e492a40547cf227c46b5368c9efa103f815e3c,CLEAR,DAYLIGHT,DRY,IMPROPER LANE USAGE,2.0,26.0,2.0,2.0
0b04a6ad7d959a8a3faa20accfae8ec0727d4929ee70bef4079593968b624f69f736a1d7735ae6e6ba71e15e84b0f1b82b9439d98b25169e9f0b1b5b47d40c06,CLEAR,"DARKNESS, LIGHTED ROAD",DRY,FOLLOWING TOO CLOSELY,2.0,61.0,2.0,2.0
0b04a6ebd32bed34881f47109cf152f7fe1aa82c213cb2a6736f72ab6693af9c0c2c4af2bd05bc0ce10a20a22fd82f7fc1cb361b5aafa4ef08020460d3ee90f6,CLEAR,DAYLIGHT,DRY,DISTRACTION - FROM INSIDE VEHICLE,2.0,44.0,2.0,2.0
0b04b1174c02d02ff051dceabbdfba638e259df3920541c80aac6c916b20dc6c252122046840789a00fbc93f30dbd29c39faccb63cf40a942c2e76e3af9d1bac,CLEAR,"DARKNESS, LIGHTED ROAD",DRY,"EVASIVE ACTION DUE TO ANIMAL, OBJECT, NONMOTORIST",1.0,19.0,1.0,1.0
0b04b282ae4182f0853594877dd53910d12c0e8ce07293b230c571a05068e64f8dedd672af6eeb6cc0bbf0c82ada0cab4ca240e9ae0af15774de796b98947fad,CLEAR,DAYLIGHT,DRY,EXCEEDING AUTHORIZED SPEED LIMIT,2.0,61.0,3.0,3.0
0b05103494e5e0e4138211360316279642a7e71285bacf952fa1f1b471470056cedccf9dc14a7a4e163db49220d170a9a635b2806180ea6d231016889dfb1ea7,CLEAR,DAYLIGHT,SNOW OR SLUSH,FOLLOWING TOO CLOSELY,2.0,33.0,4.0,4.0
0b056521eea7e2593bc48f0bd24a62cac5ac1c5a574a663046812fddfb24d70f16e51b5edfba44a9026843eedf1aa2630e509357bdbc9e5778dd458782e7d9b1,RAIN,DUSK,WET,IMPROPER OVERTAKING/PASSING,4.0,26.0,1.0,1.0
0b05734772eb59c8abdd7f13a65ee5a5e7820b314872d48da72db1f5a972fc29933c5826ca6914377447e5d2e07db5403580ba569476a85668e6672b33c15b02,CLEAR,DAYLIGHT,DRY,DRIVING SKILLS/KNOWLEDGE/EXPERIENCE,2.0,36.5,2.0,2.0
0b057c5c27b19b91e6a37f4fe29c9337272b9a0ef383c854c29cb7e64249ec84e5f90b6126c1acb003ed86a9921e95b685de7245223d747c98b862dc413926b0,CLEAR,DAYLIGHT,DRY,FAILING TO YIELD RIGHT-OF-WAY,1.0,40.0,2.0,2.0
0b057e2a2215778b7a42c9a26604ad5978d4fb9ccafbf56c31f0e140293dcf0644f7b09609f1f9050774c6df3118180e8f4ffb5106880692692e9c482689e934,CLEAR,DAYLIGHT,DRY,IMPROPER TURNING/NO SIGNAL,2.0,49.0,2.0,2.0
0b058760a08b37f4ba4279bd18adb0d22179834c4a56439710084adb533cc9f0da33411dc731cdfd971effdf20fbb27bab20bb20b7e0a5d50353c5ef88e40739,CLEAR,"DARKNESS, LIGHTED ROAD",DRY,DISREGARDING TRAFFIC SIGNALS,2.0,39.5,3.0,3.0
0b058ad1533e795dc0c98402d64cb7043c49b430c4f9c68a351a66e65f242562df22617f40641869dbabba4022a6b3bd704a850efe05fc55915cbe9492ffce8b,CLEAR,"DARKNESS, LIGHTED ROAD",SNOW OR SLUSH,IMPROPER BACKING,2.0,37.5,1.0,1.0
0b0590d6803f6bc5f450df7e84c68e64749318307eaea98cfd505194baff6d3c7d98f044f1707e65afd608ca6dd919cac728a8eabf27ffef803e5b0aa1c81550,CLOUDY/OVERCAST,DAYLIGHT,DRY,IMPROPER BACKING,2.0,26.0,2.0,2.0
0b05a330e964207dc6c45880e51e48b0d8ec9ad1169e88b0ea8b5a38f78544e98f32a75cfd9a91b78dce6b4ede4758462d31cc61eb97aaad586b210d267f74d5,CLEAR,DAYLIGHT,DRY,FOLLOWING TOO CLOSELY,2.0,54.5,2.0,2.0
0b05d98e500c41c1c7f77b176c0e5f2cc853687de617c634da48f29a9d4e8d7a5ccc8c8892957e46bd38afa84d96171b2df2891b6f889b6851c32ae8e34e73fc,RAIN,"DARKNESS, LIGHTED ROAD",WET,FAILING TO YIELD RIGHT-OF-WAY,2.0,48.0,2.0,2.0
0b05dae11bed4bbdad52789951707de4e9b715596471d949f0711eb0ca04d85bc73ef7d25f70ad689d56b0ccfe79bba9c9d7c9422afbdcebf3c1f494e62742aa,RAIN,"DARKNESS, LIGHTED ROAD",WET,FOLLOWING TOO CLOSELY,2.0,53.0,2.0,2.0
0b05eddd26a4399ee53e85753eb9596060a9ea0298f956357e6af8d5600e4d2e40e46afcad27fa656d9fe987fb5833b6ffb79e12221778586b19e4f7d55f294a,CLEAR,DAYLIGHT,DRY,DRIVING SKILLS/KNOWLEDGE/EXPERIENCE,2.0,33.5,2.0,2.0
0b05fc5441e275e0aa53c6d1e13f6aea88e0065389a5c267bb1996af7e5f23230c2f44e34518a80c6ceda753cfaa07ac0380d4b9a89b1e7269da04959da2fa8b,CLEAR,DAYLIGHT,DRY,IMPROPER TURNING/NO SIGNAL,2.0,53.0,2.0,2.0
0b068ba6f6048e29b539fda02a3b4ced475addd1a9454c4ec4a29161b8773b636692670d7251b6152d30e12f1f7a93eeb58a944875b47e0a041463b37ad8df58,CLEAR,DAYLIGHT,WET,FAILING TO REDUCE SPEED TO AVOID CRASH,3.0,25.5,4.0,4.0
0b06c2bbde4471fbab36e3bc27761907b063273be69287757a6eb5c9ad363e873d0c5d8764deeb2fd3c3d5a94a5c33aad19d0feb0fc54d4388e7601b7751dea1,CLEAR,DAYLIGHT,DRY,IMPROPER LANE USAGE,2.0,37.5,1.0,1.0
0b06e80f155a622f17902a2b78fa56761e734165fbd02cee178daa91f772e061e9d514c25861548f46e7b4da1049e4641f1134e69a7d4dabba90cc81f6249c6f,CLEAR,DAYLIGHT,DRY,FAILING TO YIELD RIGHT-OF-WAY,2.0,57.5,3.0,3.0
0b0703fb92780a7efc598b72e594b38e3c9b008fe61f365f4ec9452b0e1109ba1bb5993cbb06b2394771daef78bda6892f164fb2127ffc8bbf9cbb52cd408de2,CLEAR,DAYLIGHT,DRY,FAILING TO YIELD RIGHT-OF-WAY,2.0,75.0,2.0,2.0
0b07246c9821a7d31f2f60c54c8975825f10934eada80d680d0a62162ec8831a4e885a85c7c86a0b8bfffa332975a03da3f471e45e1585ec8b43ee7e80beb885,CLEAR,"DARKNESS, LIGHTED ROAD",DRY,DISREGARDING TRAFFIC SIGNALS,2.0,44.0,2.0,2.0
0b075a18ee16c687cecfc525f79f5d628d8f692d3dc34afd84cb1124422b214cfa4f9a61d07ab324cfcab5096c0b0a66336fa491da2c921c7634844f0f5214a2,UNKNOWN,DAYLIGHT,UNKNOWN,FOLLOWING TOO CLOSELY,2.0,37.5,1.0,1.0
0b075f148d77c7a89f7a722938a8327cd314498ca75b75501380fa2044c8ae1d7c2b3dbf70d83630545c4233615ef99d63c0988f4ec354dd6eb610703a5cf294,CLEAR,DAYLIGHT,DRY,IMPROPER TURNING/NO SIGNAL,2.0,35.5,2.0,2.0
0b0783beb68d2d0804ed40771a271e4aad3dfb5bc4e30babc2068bd260821329b77d5d5310b188e9371cbd5a41da19e2f3bfe36ab2ff81edd657692b55214e14,UNKNOWN,DARKNESS,UNKNOWN,IMPROPER BACKING,2.0,18.0,1.0,1.0
0b079d30ba3edc759d574a8e80536d6a469bcbf821896a30188d0af85770699aa248a573878732d6b69533f0c96bb4a0957b36d9123c12dde332e17f73c73152,RAIN,"DARKNESS, LIGHTED ROAD",WET,FAILING TO YIELD RIGHT-OF-WAY,2.0,40.0,2.0,2.0
0b07c9ad4ff0c16f12efd755e7280673f81e888a993a48b5bb2b17172a03b1b7c84e859029e082e4e8e08e8c4536bb522f87fed10e9d20ded17adeb25fed3168,CLEAR,DAYLIGHT,DRY,FAILING TO YIELD RIGHT-OF-WAY,1.0,41.0,2.0,2.0
0b07cf4ca4aeba0ffed3a4f16c2f94d485803a5553be98245089585d28898609ff32be7576ce114a07b86e6654123058f30231bdc58240b1ec2a49243002fc65,RAIN,DAYLIGHT,DRY,DISREGARDING TRAFFIC SIGNALS,2.0,65.0,2.0,2.0
0b07d8ead0f0041485fd59d411ed5eac5690175206744c50f535cd1197284f09b9e19fd9968670d096e298524ee649b4b5046a5982438f80602b59a338024787,CLEAR,DAYLIGHT,DRY,FAILING TO REDUCE SPEED TO AVOID CRASH,3.0,53.0,3.0,3.0
0b07ef9979ef30b941c51efd339677c6caee92e70bba1eec386615d321ad3557e3bbedae60b087cfc56adef97ca2e933f561b2d56649f2dfb017f428bdbde03a,RAIN,DAYLIGHT,WET,IMPROPER LANE USAGE,2.0,39.5,2.0,2.0
0b07f73601a06da6bbe66c4c6e949e728acfb34e49c1e6f58cd655ffd735661872b7ba367514865594617788a72e81939ca7affa3d9921790985d3866f35c313,CLEAR,DARKNESS,DRY,FOLLOWING TOO CLOSELY,2.0,31.5,2.0,2.0
0b07ff20a9d2334ebc832a51e8ed3ec08ba43cab801888dd991b4478814f24666262f39527c6fa131b2c8b2002c126b3442d1aead00283abc6aa79053fd74c99,SNOW,"DARKNESS, LIGHTED ROAD",SNOW OR SLUSH,"OPERATING VEHICLE IN ERRATIC, RECKLESS, CARELESS, NEGLIGENT OR AGGRESSIVE MANNER",1.0,37.5,1.0,1.0
0b081a2b576aaad51aa8dec7fbfad9e399390d758f6a94e14ad41797dc4f5808c83b875599e7ad4106eee7c07dda24ebb7033b211b31c71083dd57842ec51558,RAIN,DAYLIGHT,WET,FOLLOWING TOO CLOSELY,2.0,39.0,2.0,2.0
0b082d8f22d691079235ecb190169d419dc44f737b96c7e2145c36e136f84a65ffb8c88bf33317340fca2130e9c227d0e55865a87880243dc6eb245cc4f4d742,CLEAR,DAYLIGHT,DRY,FAILING TO REDUCE SPEED TO AVOID CRASH,3.0,0.0,1.0,1.0
0b084bd4edca7afa923668666a53b402e2b11e7bb255115937be05a971485e6bfd9ad8d5753840fc9d4b7844595c2ab469d3e1a908e8be56389ff30c80eebe70,RAIN,"DARKNESS, LIGHTED ROAD",WET,FAILING TO YIELD RIGHT-OF-WAY,2.0,39.0,2.0,2.0
0b084d1d9e12ba82b8b63aac6508cbdeeba972f82f63b5f9140cc09e63e447a9005197ed49254c74c5e35549989c1d05d770de7316a007a5115949259bcba1b5,SNOW,"DARKNESS, LIGHTED ROAD",SNOW OR SLUSH,IMPROPER TURNING/NO SIGNAL,2.0,41.5,2.0,2.0
0b084d83731dcf22aa023b6e56bf8c2c16b44f133ca62df635e31d39f9bc45a16ced82bda58949665c850633dd6973c73114b3216c29f10fc470be636a112875,CLEAR,DAYLIGHT,DRY,"OPERATING VEHICLE IN ERRATIC, RECKLESS, CARELESS, NEGLIGENT OR AGGRESSIVE MANNER",2.0,42.0,1.0,1.0
0b085411401f0c4dacebee6856041e4c9c928c8d6dc8564cb8eeeb31d3556c21a7295d676f2a139ae3f2e01a01eec16f1b70642f1f73199a4decdfc19f3222db,CLEAR,DAYLIGHT,DRY,DRIVING SKILLS/KNOWLEDGE/EXPERIENCE,2.0,37.5,2.0,2.0
0b086b610f41d9d5ce738d23dd8be55e428c016b78a2391ae5cc536c941387fcf78afea3f9cd8f338aeb1076d64dec931fb234f10a40beb6fb79586ddf1b238d,CLEAR,DAYLIGHT,DRY,DISREGARDING STOP SIGN,4.0,34.0,2.0,2.0
0b08816450c796c0db54f367625c004424bd8cf8d738fbdceadde945f8e6e3ffd106e166fad44da3f6f6f18c26c0834a9dee6c73c1c0673554ad7660d4fcc32d,CLEAR,"DARKNESS, LIGHTED ROAD",DRY,IMPROPER BACKING,5.0,38.0,1.0,1.0
0b08872aae668df03333e899bae29ba702321daeeb6cb1b8327a58aa416f561b55c111f1dcfac3a98c9bd165b7e17052a32c4bb8501c55248e23ccbff743b103,CLEAR,"DARKNESS, LIGHTED ROAD",DRY,ROAD ENGINEERING/SURFACE/MARKING DEFECTS,1.0,31.0,1.0,1.0
0b08c0a368b90b15ba7fdc58db13c3f58448a7a613780248273fea1863b833b185e8800f2139e6505ae619909cc2b09caea951eca1c7a121d7eaf0c8b77169f8,CLEAR,DAYLIGHT,DRY,FOLLOWING TOO CLOSELY,2.0,27.0,6.0,6.0
0b08d245bf0e5f374106efcf5171539be4583ca388ff6cc6f1a68a3e7b35fa4651c52ede8b31bb7811475c95c0bd8bb6896d91b1c826c33a7468a845199ed82a,RAIN,"DARKNESS, LIGHTED ROAD",WET,FOLLOWING TOO CLOSELY,2.0,29.25,4.0,4.0
0b08d7b5a0c3b7261cf4dc268bb40d39793638a80f4393a5b0706daa666f423c5e8e6e63ca408d03b6eb6e076c1bfb627a29d3d1998b08503915f160593733b9,CLEAR,"DARKNESS, LIGHTED ROAD",DRY,IMPROPER OVERTAKING/PASSING,2.0,32.333333333333336,4.0,4.0
0b08ecbc40886a71b86ccdcd2720f8f01a57132cfb8ebe5425df999a33f0782bff27f1136a9b891b3da6c356cf5d64409c674649d08602ce04de040822da3294,CLEAR,DAYLIGHT,DRY,FAILING TO YIELD RIGHT-OF-WAY,2.0,48.5,2.0,2.0
0b095b0756a459dbe6231a044c0271660b3b3648a8fba882cd85ca3d9be93c5542bd8469c92d74f0a3dc043b3bae04fc4689c8736ba89490180bfd65091a7623,SNOW,DAYLIGHT,SNOW OR SLUSH,FAILING TO YIELD RIGHT-OF-WAY,2.0,37.666666666666664,3.0,3.0
0b098e3575dd4e908d20b100d98a6dcdb757d783d95659fe53dbc748d4e24ef2d66ff97a7c8cb780efd5ff82f164341f552b16a9bf6276c651a5a625e8ffe611,CLEAR,"DARKNESS, LIGHTED ROAD",DRY,DRIVING SKILLS/KNOWLEDGE/EXPERIENCE,2.0,42.0,1.0,1.0
0b099ace8166fd744f213f3ec95a3b236806aa9f783c6484e56f0f40f86685fa42c1d0b02b9a954909d690f65c0adafe1b28f2653c130e03e0b32ebfbca1784c,CLEAR,"DARKNESS, LIGHTED ROAD",DRY,FAILING TO YIELD RIGHT-OF-WAY,2.0,65.5,3.0,3.0
0b09d6644ab4b250576eadc5dfbbed7ce0e7777cdb59bd7d69d6c41c077432a8f774a9825ae2ff4ca75c3db8a25de3f34e56bc6f947a16fabc33046e1de8c73c,CLEAR,DAYLIGHT,DRY,ROAD CONSTRUCTION/MAINTENANCE,3.0,38.666666666666664,3.0,3.0
0b09ebd2e85b2ace15d80d565099a75bc871cd43cf819b6dfd80594e664f844fb601a5c3862d8e2fc78c534cd7561507f21d018a249505ed9d432681a74dd25b,RAIN,DAYLIGHT,WET,FAILING TO YIELD RIGHT-OF-WAY,2.0,29.0,2.0,2.0