crash_record_id,weather_condition,lighting_condition,roadway_surface_cond,prim_contributory_cause,total_vehicles,avg_driver_age,total_people,total_injured
0b09f20a490908975d033b0107850a148567a486164e681fbb90cfa811419bbcff61509211bb6583afee85bf5cd8e17fd5a270c20a9f7e70c34bd98486092e01,SNOW,"DARKNESS, LIGHTED ROAD",SNOW OR SLUSH,DISREGARDING STOP SIGN,2.0,16.666666666666668,4.0,4.0
0b0a3321d20ddd4624f95da63d45b6d724ddf01d7d2df3723315e24f63ce2f183c982f4872b5d4978d4accefcba5fba50fd472ebcc599fe3efe1ac659267e20c,CLEAR,DAYLIGHT,DRY,IMPROPER OVERTAKING/PASSING,2.0,58.0,2.0,2.0
0b0a382bd719cc6840cd92c6619ba596dd78826a9e5e67fd93e06b3dd9ed4671ee03a3a9a6a48c413db83b0a1107eba4e3e2c99bf5b0bb53cd2a3a73733aaa60,CLEAR,"DARKNESS, LIGHTED ROAD",DRY,EXCEEDING AUTHORIZED SPEED LIMIT,2.0,44.0,2.0,2.0
0b0ab276fc81e86aedafd1123f050ac1a513ad9d318b4ea09a03309bc18c3cc8060cfedda7e141379742be51bbde408e8af77983b702cdcb0c85af7cf9f1dd70,RAIN,DAYLIGHT,WET,FAILING TO REDUCE SPEED TO AVOID CRASH,2.0,27.0,2.0,2.0
0b0ad1a4e3e258186262f7be9ea91faac856da3b54f9aced809a66c321bf5655235676dd0a19956be1be1e3137958864f88c457c55ed0e2d26098d6c7014d83c,CLEAR,DAYLIGHT,DRY,DISREGARDING TRAFFIC SIGNALS,3.0,44.0,2.0,2.0
0b0ad5c041bff52f71cde81afee1adcdb2956145ade566283da65919fbe97bb78dc634770e28af461a9243a5a2660d29eb636439407619cfa19aeb7419912dee,CLEAR,DARKNESS,DRY,DRIVING SKILLS/KNOWLEDGE/EXPERIENCE,1.0,37.5,1.0,1.0
0b0ad8ad85d439fbd40b74f7e70018a1ec0f5279a6069e32ed0fbc4cc19d4474891cf8469be62040daa6fc99a35d16bfff7458ffe187ae724edcc94711baa99e,CLEAR,DAYLIGHT,DRY,IMPROPER TURNING/NO SIGNAL,2.0,49.0,3.0,3.0
0b0afd3368ac410affabdd9cd8e8daee65a3352b1b4eb78f2840acd4813597a75974a2a65c4a7c5ef20fabcc14df6128292599cce613e12410d2c557068056d2,CLEAR,DAYLIGHT,UNKNOWN,FAILING TO YIELD RIGHT-OF-WAY,2.0,35.5,2.0,2.0
0b0affc722e9632f28a90370fa6e09cb82d71444a295bdfafd2696d23f5c8c76b8eaffe9143a2584bf5717e4ada61aa504def4a5c25a6b6b5c1381a87711f60c,CLEAR,DAYLIGHT,DRY,IMPROPER BACKING,2.0,55.5,2.0,2.0
0b0b1ead98feb181d9e82d7fbbe7bc14fd43009fead5350df58919ba0524d327964425dce647afcff41bbfdebaea89c8225a40f774e06fdcaad5f3f0ffc1a84e,SNOW,DAYLIGHT,SNOW OR SLUSH,WEATHER,1.0,33.0,1.0,1.0
0b0b24bdf4496f066de07819678ac48adbe517750036bdded5a80f30d5681659abf7ee9010e82420d87b3d6d768cc0a628d3a4abdfaf7491341ac639b2a254ec,RAIN,DAYLIGHT,WET,IMPROPER OVERTAKING/PASSING,2.0,25.0,4.0,4.0
0b0b2df001944b8ac6051003d311491d93d5f78544349c0654f89c21a63973c4d31d64de1e033d9bf67eafccbcc0aceca101608bc62560e800c3cf977224b797,CLEAR,DAYLIGHT,DRY,IMPROPER OVERTAKING/PASSING,2.0,45.333333333333336,3.0,3.0
0b0b8b8711d83d998be89b41477bdb2909907634d3db2faab9af5e88f5ed9e4719c621df2063613e7aa2fb6a431ddb6eb78fbc2119a981e94e790bc66185898f,CLEAR,DAYLIGHT,DRY,IMPROPER LANE USAGE,1.0,54.5,2.0,2.0
0b0ba0dc2c60a8897029239d3cae8ec4d88a9468927b7bcd2945d8c61598125d3e0b6d99b78a5b48fc0ec7b0f5bce27ac5bd3e2a37284194eb2619fe51b2b042,CLOUDY/OVERCAST,DUSK,DRY,IMPROPER BACKING,2.0,27.0,1.0,1.0
0b0bab7733dcbe5fdd468397c4058518f7beafd7b5c4daddfae4d35edf37c394de0fe51b1e0b086f3953d8d89e54932f8483e240babc6ec8de8a65edd3098315,RAIN,DAYLIGHT,WET,FAILING TO REDUCE SPEED TO AVOID CRASH,2.0,64.0,2.0,2.0
0b0c50b302e8a1185d83c15ca55540afd6044a30d24fb21acd6fecf4f75a5fa0edb3caccc9279c3c87f38bd76331864cf31b8a22d2921842886082c357db85a4,CLEAR,"DARKNESS, LIGHTED ROAD",DRY,FAILING TO YIELD RIGHT-OF-WAY,1.0,33.5,2.0,2.0
0b0c522faa306790ef27703907002c109781606e0842a9f0cd58223a5b80cb5d1f75bdaaed9015ca0d228979b9ba1aa064b7cf8e8718f1c47219f050066e01a2,CLEAR,DAYLIGHT,WET,DRIVING ON WRONG SIDE/WRONG WAY,2.0,42.5,2.0,2.0
0b0c7b1b8e078c1d30f0ab9458017f65bdbbdc0f361bd7bda65f6a28f9bfb4609e4e8e58c70403fe08c6fe8b226b2b577c7df4b6544898f5fcf4ce17b4d6c317,SNOW,"DARKNESS, LIGHTED ROAD",SNOW OR SLUSH,DRIVING ON WRONG SIDE/WRONG WAY,2.0,60.0,1.0,1.0
0b0c7da67b6011cb6818ef24a63afc12ca2f6124ddf5423bf91a3a98a69034487464c4019bd50f30c5cc95c1de3548c0b77a9271abc3f82712285b32b9e78611,RAIN,DUSK,WET,FAILING TO YIELD RIGHT-OF-WAY,2.0,35.5,2.0,2.0
0b0c97e9aa080f0ebcc62555f83a7cd6360680a8ad855762ca7c29c338d7d7144aa32d62fe7cb75413d388632550cf6f547dc69e88e68c961d2f4656d898fb0a,RAIN,DAYLIGHT,WET,IMPROPER BACKING,1.0,30.5,2.0,2.0
0b0cadd0e149fb8c05ed903f58cf1fb10feeb9b552f95c8745f9d7ea5f613bc91d063ce7e79f8470e8dd0ef2a81bd24b0492552402ab728c39b92a0d68bda028,CLEAR,DAYLIGHT,DRY,FAILING TO YIELD RIGHT-OF-WAY,2.0,39.5,2.0,2.0
0b0cbd8d30100e10a685a089e9d6aae6c2baa7f1825a0719aa5e20b539c1c7723d5caebaf2aa4239b072d26780087f25a6667389c4a33f00520ec93cacc02fb1,CLEAR,DAYLIGHT,DRY,IMPROPER LANE USAGE,2.0,33.0,2.0,2.0
0b0d12ef066d0f889c9254e3b53a6eb3f8a67f50ee732635979e3c2c196f1bf3789fbd212ab3a40e8379425aee3b322e29247d433fdf1cb60fa235d45745bfa8,CLEAR,DAYLIGHT,DRY,ROAD CONSTRUCTION/MAINTENANCE,1.0,27.0,1.0,1.0
0b0da2820415bf4d422e69daa7a30f5c574a2bf42909c492bd0a44eaca9ecc24940fd7304a68ee368c4953829fea2b38e6bf0c28695f82705677f9586e65fe74,CLEAR,DAYLIGHT,DRY,DRIVING SKILLS/KNOWLEDGE/EXPERIENCE,2.0,32.6,5.0,5.0
0b0dc9e7e06e8bbace2cf97394e15e21e57a0032d7d7c7fbb4ae9269dd0ac52636e36279e69a96c94504b20f9ae41ff8083e5edeed563afc9f86008976651b96,CLEAR,"DARKNESS, LIGHTED ROAD",DRY,FAILING TO YIELD RIGHT-OF-WAY,2.0,45.0,2.0,2.0
0b0e35e9428604bc8e40b94a5379076613ad052dac5f7100c7900d0e1f9e5d09c8b362a4f7e06ee580b4d6ced66614bdaf6f49551ac60c7ed04fc97fdcdc1581,CLEAR,DAYLIGHT,DRY,DISREGARDING OTHER TRAFFIC SIGNS,2.0,35.5,2.0,2.0
0b0e44798bd0eab64052bb0b103a55e6a3af3e9c771b4e748a42ebb026a7b88885290f14fec6e9735b5bb19a277fb55abb94a72dbbe8e46c0cf83e305147fa57,CLEAR,DAYLIGHT,DRY,IMPROPER OVERTAKING/PASSING,2.0,51.0,3.0,3.0
0b0e669d285cebc92619f09ddb11a06d42109936721ab24bcd8dc1be1db1baad14805107792b657643cfc11b3fe45a5aff2c412a211ec0ccb4ea08e3640763ee,CLEAR,"DARKNESS, LIGHTED ROAD",DRY,IMPROPER OVERTAKING/PASSING,2.0,44.0,1.0,1.0
0b0e730d27a4805e0c65bffb63f966968b3d7f5096aa597e4c705e64624201573884e46bb326d1efbfa09f7e37a792d4d4bc29aa89b1a6b12afed23e604f5d47,CLEAR,DAYLIGHT,DRY,IMPROPER BACKING,2.0,35.0,1.0,1.0
0b0ec40821292049559960c830398a93117e13af3df7ed97c74d0b25bbed73cc6b3a5319013e6ba7b1e8db1b7e591e3130fc5a62a74dddd48402da0ec09bd7ac,CLEAR,DAYLIGHT,DRY,IMPROPER LANE USAGE,1.0,26.5,5.0,5.0
0b0ed51f88ba1dfa366e3b743b24992629c5bb1c53923760696a35dbb4cea5375027601af18017c9c950407b63e4059529cd0e3e6cfcdb697cc00750e951d9f6,CLEAR,DAYLIGHT,SNOW OR SLUSH,FOLLOWING TOO CLOSELY,2.0,45.0,2.0,2.0
0b0ee173aa6d5071a19dd564cbab2c7c371caf8670906084bb18d4d8ac476d591e45766119ccbb04ff24ae7679bdf244fbd632de6bd8d6f41507aaa2d2c03ae7,UNKNOWN,UNKNOWN,UNKNOWN,IMPROPER BACKING,3.0,37.5,1.0,1.0
0b0f0710ca87e5a1c2b6d928a70cc648126a985264b770bd84d2149ec36af52fefc7c94d22903ec7ad6d52d8c6d13c39ce3b3c63df0e236bd3c02c566b9918f0,CLEAR,DAYLIGHT,DRY,FAILING TO YIELD RIGHT-OF-WAY,2.0,26.0,2.0,2.0
0b0f0bd6a1bf454f317979c8b5fea24229a216b736bd44c9b8b3cbedf7b87e4ac3b3500a4bbaef412f3266725a3b90ee787de0db3f3ce3e159015d4318373813,CLEAR,"DARKNESS, LIGHTED ROAD",DRY,IMPROPER BACKING,2.0,41.0,1.0,1.0
0b0f0e990fb4df0fc79fec5a237fa1670b32ea7628c36b703de70e444260c4d6fe5e9614653f605b5388e5d32194cd7622f12a061186772cb4272043d4dc36fc,CLEAR,DAYLIGHT,DRY,IMPROPER BACKING,2.0,58.5,2.0,2.0
0b0f72e8e38ba27a2487c94a39814ac666c8654d7d89308c639b18b1f5ac197e89c6ec571e7bd99b649b58a01eb155bff3fb5f51f95ec22b6e6825ed97d8a453,CLEAR,"DARKNESS, LIGHTED ROAD",DRY,"VISION OBSCURED (SIGNS, TREE LIMBS, BUILDINGS, ETC.)",1.0,39.5,2.0,2.0
0b0f947a785b210e14c24ede63a72fec520aa75761a1ea0bce211698bac2f631183fcadf66575acc2f093d591cb7e2e49cf1f347f498368eea31e7467c9b9153,CLEAR,"DARKNESS, LIGHTED ROAD",DRY,IMPROPER OVERTAKING/PASSING,2.0,20.0,4.0,4.0
0b0fa770d17db03328a104fdbee1807e040af8fc927c2470b0c2b735bd6962ddab9af90e9f93ef2806de4ccbfbd492a9b20afed9f02a5b759023e53772fe7022,CLEAR,DAYLIGHT,DRY,FAILING TO YIELD RIGHT-OF-WAY,2.0,46.5,2.0,2.0
0b101de6a2c23457475ee9c8d3c5dddbb59480143cac21a69e7da54bf77f22dc50596c02085d7055c034a6e5c2c28f8da0cc060fb1bda57644fb33fbaaff989e,CLEAR,DAYLIGHT,DRY,IMPROPER BACKING,1.0,36.666666666666664,3.0,3.0
0b103abcf7b6c26ab7bdacc52e63e6520dd13f90b5d3588b8d177ab5963e0eefb7680c3050e1e7d01db6dcc761da7671f0714bd35a6a9847669f79cae9773e0c,CLEAR,"DARKNESS, LIGHTED ROAD",DRY,DRIVING ON WRONG SIDE/WRONG WAY,2.0,32.0,4.0,4.0
0b103fc31ed0f31b003101f0a1caa5d698b4335fa27708e5e246ef430915fac68aa095dc130059485dc004a0c38550e96713f5962532c6d8c68822339df89ffe,CLEAR,DAYLIGHT,DRY,FAILING TO YIELD RIGHT-OF-WAY,2.0,46.0,2.0,2.0
0b106714f96e87d24e4b1f42af0e3034be5ddcf3f4e94fa3bfca4bc9b84b895920c16c8da354c0d407bd6c462c64b1c362fa9b34ff4c6afbcc02ab20ef093406,CLEAR,DAYLIGHT,DRY,IMPROPER OVERTAKING/PASSING,2.0,48.0,2.0,2.0
0b107e306ee8148a1f9812220f68edb8ae87d9fc14f0b7d68a3dcd341448fa32a2b901018dacd6a9dc9de3119f50c3a9d1874c977b4c60a7eb99354e56a08e87,CLEAR,DAYLIGHT,DRY,FAILING TO YIELD RIGHT-OF-WAY,1.0,35.5,2.0,2.0
0b10a9b763271de30cfe0d64219f868a75d39582162b34181e405f9c4d9b57e4c6e4efbe5960fc8eeec70f1cd46c99b963c1978b09801c882a9331a76dff7ca7,CLEAR,DAYLIGHT,DRY,FOLLOWING TOO CLOSELY,2.0,25.0,2.0,2.0
0b10de506f556ee1750298ed5a4af30fcbdeaaab6c64ee0f9d2d54c812447ce23aed4ed6370d964e5dcd90f8cb85968d60b000dcd81732797919c99c3785dbe7,CLOUDY/OVERCAST,DAYLIGHT,DRY,FOLLOWING TOO CLOSELY,2.0,37.5,2.0,2.0
0b11449e7a8806600b879d7a65c40e1732051e7b8afb34f54a6978521936ff7169e3afc2b1ec7bbc011bf3ff6192b760d1b88ea0535a4094da2447f7fbb13e13,CLEAR,DAYLIGHT,DRY,FAILING TO YIELD RIGHT-OF-WAY,2.0,39.0,2.0,2.0
0b11465f635216d51af0c8b87d02fd456f2ab05391b663d0c16bdca9bb571ac7954622b18999c5ecb997bcd5d383c5b7a0878775e3299fcc3c0caa9e604a7c02,CLEAR,DAYLIGHT,DRY,FOLLOWING TOO CLOSELY,3.0,36.0,3.0,3.0
0b11552e66070eb8c3c0007e1e57677c62394a62d276c38b145cba8a088a7ce676cc70c60fb4ae6e5a4f52fdd1f2af81fc8c6920ea349e6bb23abcfc04c6928a,SNOW,DARKNESS,SNOW OR SLUSH,FOLLOWING TOO CLOSELY,2.0,52.5,2.0,2.0
0b115f7837cb3789de09fd900d8519ae703ad26fb42a5d5a65b1038f94ec62d8477126fe595c0a85537daa0f6905d99de83eb2ffc968818df590e2a0251b1768,CLEAR,DAYLIGHT,DRY,IMPROPER TURNING/NO SIGNAL,2.0,66.0,2.0,2.0
0b11658c825fa314e029b6acdcf3cc97b83a93ba91a65a236d8d12c9c2235f4d76c957034b93cb1be5009622294498a0b4e79eef1120e6fe306b1c51a7090b3d,CLEAR,"DARKNESS, LIGHTED ROAD",DRY,IMPROPER TURNING/NO SIGNAL,2.0,29.5,2.0,2.0
0b11a1aa79dadd683c6c6864d33f754988435930ea885df7c04299b1c3d66a3122543899d5c12d104d601e539171b2e0e2720400bcf77f6c9e964aaf389c06e1,CLEAR,"DARKNESS, LIGHTED ROAD",DRY,DRIVING SKILLS/KNOWLEDGE/EXPERIENCE,2.0,31.0,2.0,2.0
0b11a4608beb8c82cf527ef6593aa243ad79270f18e0b318fa2aadd7037af3b62aa49f837cd87d9828c61b3d4700a6b4c34f0f861dd6867a3bb90912de5579f9,CLEAR,"DARKNESS, LIGHTED ROAD",DRY,DRIVING SKILLS/KNOWLEDGE/EXPERIENCE,2.0,37.5,2.0,2.0
0b11bd60daf7f72a512dc7a46814384d4c3f694e864c9458333d56971d26d1c9748514d532efcd0b1c00b12afa0294c7d3592a77758903bd67e6dd6026bcfcc6,CLEAR,DAYLIGHT,DRY,FOLLOWING TOO CLOSELY,2.0,39.0,2.0,2.0
0b11ccadae354697cb7b023bb94ca3e8edba685c204635610b2dda2cb7b556e21d38f323aed26f496974ba81ab0a9308643ffd4c53f0d9613c90a399044bade3,RAIN,"DARKNESS, LIGHTED ROAD",WET,FAILING TO YIELD RIGHT-OF-WAY,2.0,29.5,2.0,2.0
0b11ef07d33020f41da6124572a7c9e431780872bbadd45550edb54120420e2cc3431ad693ecd74e541718e8d6b7f32780122f0bb90f26ea3897fb28cebd437a,CLEAR,DAYLIGHT,DRY,FAILING TO YIELD RIGHT-OF-WAY,2.0,53.5,2.0,2.0
0b11f67e5ae2807d4907eebf435dd0cc3ef91f849370837c697eafe74a10182e6ddd801ecf0e3ddf72a5484a2dd478c26dfc22b98fd89b50776799fda531ea14,CLEAR,DAYLIGHT,DRY,FOLLOWING TOO CLOSELY,2.0,40.5,3.0,3.0
0b12077563432e9b43c1e559176b856251c8c6b08f78562c7bc21aacb724fed38b5186c64561be62bec0e4cba3e8619d511a0141a9981030cdffb589f68ad042,CLEAR,DARKNESS,DRY,IMPROPER TURNING/NO SIGNAL,2.0,38.0,3.0,3.0
0b1239941199ffacd6d082f45f9ce9e977a70d4bf9c976f5971f816218ad7d47e6a7e907ab9a54b97e7454b58d7d88c24e49f67e6116693fd6872dd830b983d4,CLEAR,DAYLIGHT,DRY,DISREGARDING TRAFFIC SIGNALS,2.0,44.5,4.0,4.0
0b12758f08565f75f30e49f3255be79c5eca60116dca1eaae0dd249ef1cacfe0b36a01a6020abbee2d9a9e52e9a97c97eeaf83eb1dd83f1cf15e9a5f258222c0,SNOW,DAYLIGHT,SNOW OR SLUSH,WEATHER,2.0,39.0,1.0,1.0
0b1286983974ab15d8d705a9bfbc208d5d2eafcb6bcfa926b5eaf0e2f0687bb4a78f59fca0d0f318f786fce6d53079db0c3d058abda3daf2a3946dcd4887446c,CLEAR,"DARKNESS, LIGHTED ROAD",DRY,FOLLOWING TOO CLOSELY,2.0,41.0,2.0,2.0
0b12d5874fda11f6b79b4090068ffdf7b7958702feb11745285ebe47b3baad0564343a087ce611e2e84d353139b253e70ecac84d0e1cf6a6c9f8b022d661e69a,RAIN,"DARKNESS, LIGHTED ROAD",WET,DRIVING SKILLS/KNOWLEDGE/EXPERIENCE,2.0,37.5,2.0,2.0
0b12e00b9a5fc3acc9b4da66dd2f7edcb7c020dde313b64dde572842f3f14704977bcd9903384b9f2f4a73b9d51c579e979c26cffd5254b33a91e01446b0ba74,CLEAR,DAYLIGHT,DRY,IMPROPER LANE USAGE,2.0,38.5,2.0,2.0
0b12e193482c101fc751c5057df56366c1956542ee88bf919e07153d5e9868cf0a989b28cd5ad879231692562b2677025453c1521fe669012e934e12745e1bb7,CLEAR,DAYLIGHT,DRY,FOLLOWING TOO CLOSELY,2.0,57.0,2.0,2.0
0b12e55ca3ac512f2ee7fe57a954d406c77b25a9324762818b926ed23eea283c98b4c0b5304cb0708db7bfe2ce62b8f742848ec7872f7ecbfbfa5bb51a57f646,CLEAR,DAYLIGHT,DRY,EQUIPMENT - VEHICLE CONDITION,2.0,31.333333333333332,4.0,4.0
0b12ee5a262f2909ad1b96f56006cc2ba71bb876387889197ad8eceb453ba0dd6dd64aa89d9aefdcf087f9f5e0781dbcc2bae482b0a854ee1ef88df1b3047c90,CLEAR,DUSK,DRY,FAILING TO YIELD RIGHT-OF-WAY,2.0,37.0,3.0,3.0
0b1323d20388512f6e550d5c59a86b9f53593d5c7152daed2baa4bf64a664c595f98133cbc65e1013127253c25197d0dfa17eb516ab048a8a707eef94703249f,RAIN,DAYLIGHT,WET,IMPROPER TURNING/NO SIGNAL,2.0,23.0,2.0,2.0
0b134bd03df5c293468666bcb406a8ba484b9fc5ad92b099f741637d7db0e2131eed484de8a7fb9935f1f9b0111fd46d4e170fd00bb3c4085d00526eeb5e57a5,CLEAR,"DARKNESS, LIGHTED ROAD",DRY,DRIVING SKILLS/KNOWLEDGE/EXPERIENCE,2.0,34.0,1.0,1.0
0b1356eabee1ee500fa6b74d2d8bc7dd516ed5a6e26444dd293606b9e365df4ffdd792a4f6253ed59d582285e014bdf0b4ed3c62cada23be411b060a583e97d8,CLEAR,DAYLIGHT,DRY,DISREGARDING STOP SIGN,1.0,72.0,2.0,2.0
0b1383737a2afed6c95cf18a5e2462b2c0b2a1223eb11181223f463cce7d0b896b6aede14f245800369e251b91063385d68d204c3f545d76bfc5cde3bee083ed,RAIN,DUSK,WET,FOLLOWING TOO CLOSELY,2.0,28.0,5.0,5.0
0b138ce93998f9cb3902132082d4f3990eb50f915c5b4c8b6b10e7ac7fc30464036f71fd4f0807a6fb935f41612fcb5999f2a62000c34b20ad5c3f6f7aef5ed7,CLEAR,"DARKNESS, LIGHTED ROAD",DRY,DRIVING SKILLS/KNOWLEDGE/EXPERIENCE,1.0,37.5,1.0,1.0
0b139f2b36b8a23fc58e1e9dd84ca02d9895a1ee74b63ec9de9d10f48fe97f1174b32732d3de308339afd99367238ae3fab608eedcfd70c0bc50a89678b4a6f3,CLEAR,"DARKNESS, LIGHTED ROAD",DRY,FOLLOWING TOO CLOSELY,2.0,31.0,2.0,2.0
0b13a390a0ced055dbecd562bf27777ae3a0dadd3bac8e35ea5b7a4647acebba8d34d657b2d6dd2c26652a4d17f7753ae3aa482822fa83e5a925a40af7b8728f,SNOW,DAWN,WET,FAILING TO YIELD RIGHT-OF-WAY,2.0,46.666666666666664,3.0,3.0
0b13a6cf432c0a4cd81dd1f08df1fc44a260419890189e0413aa82d7e764cc7269e7f2de3070a580185cd89af834c8387fc6f3955c3899370a814ac96ad4a70a,CLEAR,DAYLIGHT,DRY,FOLLOWING TOO CLOSELY,2.0,38.0,2.0,2.0
0b13b9358dcbe6faae27270e2f9ddc22b1422baef9920722be40e83f4c23e3066a6594cf0c64995a21c9d398c249924dfe203b1de338178318251af66febdc5c,CLEAR,"DARKNESS, LIGHTED ROAD",DRY,FOLLOWING TOO CLOSELY,2.0,46.0,2.0,2.0
0b13d6ef799066296767a6033e5b165cb2aca92816be5d73d63042fe4f0b9e20a58e630ab72b24fb077bf04836df8776200daf9c7629a273d95ab36733bc27ed,CLEAR,DAYLIGHT,DRY,FAILING TO YIELD RIGHT-OF-WAY,2.0,25.0,2.0,2.0
0b13dafc71dca47b9be32104197d1912101718e41bc413d9735aee2e7ab266dbe94177ca438215491c955aa07123f26250e7a89779c8946325a7aef5b7c26319,CLEAR,DAYLIGHT,DRY,DISREGARDING STOP SIGN,2.0,46.333333333333336,3.0,3.0
0b143b098a4f084e5151c62f2098ae4a56a0f530d2528a06f28b1106071ac738cda17ac67d7818ea6f5ecbb2f0735f2a3699f8c4200e9e2fcbad33a0f74ba921,CLEAR,DAYLIGHT,WET,IMPROPER BACKING,2.0,28.25,4.0,4.0
0b1465beff39200feba1ec184ec49b4642105041c6570cbff1ba907281264ebbc6e18c90372722c338adb3b79e45569d56a774010cddc5a879699f0a2efec6f4,CLEAR,DARKNESS,DRY,IMPROPER BACKING,2.0,37.5,1.0,1.0
0b149a07b012e86f94a76600425367eef4d4adf9ca2832ff28af423575c9886e84247540199501e4cd924095d2303187bc4f0efb7c0db40bbb9a4bd2621de740,CLEAR,"DARKNESS, LIGHTED ROAD",DRY,IMPROPER OVERTAKING/PASSING,2.0,34.5,2.0,2.0
0b149f2e8ca695259ef847f7b87811287dbd0b77753f281d08844846ce6d8c1ead1649650d25ffd613bc10c4fc0b2dd29341e69bf60e4529132baba82866f85e,CLEAR,DAYLIGHT,DRY,DISTRACTION - FROM INSIDE VEHICLE,3.0,45.666666666666664,3.0,3.0
0b14c17a2f400441d4d2bf97fa1c4ec1ed1ce34b6505a1fddd20465e9eea715f0ab538d684ebed4e23479c1a33e7d6da5d602ade7d7fbc19e81ab24d42ff2c54,CLEAR,"DARKNESS, LIGHTED ROAD",DRY,DISREGARDING STOP SIGN,2.0,31.5,2.0,2.0
0b14f864436d574a1b711b0bcaea509b46bbdd48e13374692692e472a750c501a8437f9722757ea3e5778695d0451e0df5da0355719ef8d322e3ec19f4018a3f,CLEAR,DAYLIGHT,DRY,"OPERATING VEHICLE IN ERRATIC, RECKLESS, CARELESS, NEGLIGENT OR AGGRESSIVE MANNER",2.0,27.666666666666668,5.0,5.0
0b1526199443e3ca6af8016b12d34eaf7371163e0d7792b40d12d3a04ad0957904dc46668f7c16c19c329393b46bebf507f5626017e2bcc4711591c053c00e54,CLEAR,DAYLIGHT,DRY,FAILING TO YIELD RIGHT-OF-WAY,2.0,35.5,2.0,2.0
0b157858df4eb32f04c1e46d1ffe0f67b27edfd26ddd34473c9dbc0000e00549fa599ab0b4aabc6fdfb7b4494150a8be89f5339496b56d6b244f88b5358630af,CLEAR,DUSK,DRY,IMPROPER OVERTAKING/PASSING,2.0,66.0,2.0,2.0
0b159038c20b32ade588101cbac96e39295e0e51d9d668f5c4f103436101d26c3bffeff0c944c51df6eaec338adadfdefcf287ce693377e4409c8f2f9558e9d5,CLEAR,DAWN,DRY,FAILING TO REDUCE SPEED TO AVOID CRASH,3.0,28.0,1.0,1.0
0b15af2962edfc1781a7a1d6944f545f4432df8d460d07aca6ef1ef5d95209f91587dfb3c2586ef288c5758417dfd88ff682a289f52126c57cbd91cc9bafc26e,CLEAR,DAYLIGHT,DRY,FOLLOWING TOO CLOSELY,4.0,23.8,6.0,6.0
0b15b294ce1d1353686c08eaf713e20445709d310e387dd820c092fec1a8aeb829d08d8ab5342d62943acea3c55965cd9bb81f342c23a65d96cfe38a042ec51e,CLEAR,DAYLIGHT,DRY,IMPROPER BACKING,2.0,31.0,2.0,2.0
0b15c4949a8875c014c6890b8ff67ff11d5603f441df2465247c6c4f4c15d6534f6e4d781f14035d78af912851e5c3cf5ba6de78fd372e88570e51335fa4b6b6,RAIN,DUSK,WET,FAILING TO YIELD RIGHT-OF-WAY,2.0,36.0,2.0,2.0
0b15e5668d427cf7e665247d7b8988946a28a2fb54e983bc12ab2ec157c4c98b95b56a02f6fe518b0a9b74a27895aeffdbad0a7bd9da727a2c25e85382260475,CLEAR,DAYLIGHT,DRY,FAILING TO YIELD RIGHT-OF-WAY,2.0,72.0,2.0,2.0
0b165137779ff31f9e0b5797dab24f6e2d13aeee42f4c27f07102199011f086ce5d13eca143aedd706e23ac1301ee45dbd823e11fa14f6507f710c7e59dc5a88,CLEAR,DARKNESS,DRY,FOLLOWING TOO CLOSELY,2.0,26.5,2.0,2.0
0b1659a0e91a77286b51fcda8acc9a0a6c1e928f210104333481ba2971f86750b94e78076f5fe179e7cf3328536c7f2d4bc02d6c591628d5c743cbdc60e0e37c,CLEAR,"DARKNESS, LIGHTED ROAD",DRY,FOLLOWING TOO CLOSELY,2.0,32.5,2.0,2.0
0b1677c90527ab1ae8afea20e0115acbbed0ee7c7d4946761067f853adfbc2bbd0d3b21bc3f3bba26b1d655468c223b75cdbcc7e1d96ca5288699a5a205f7328,CLOUDY/OVERCAST,DAYLIGHT,DRY,FAILING TO YIELD RIGHT-OF-WAY,2.0,42.5,2.0,2.0
0b16804f03e0627c6bcb5489efc44e496e1b18d1c0ab1ed9cfd0a6e6564e97db729314fd61850cf210886fdc32d1adc33fc6b79a1a46885e1c525aace0a92c2a,CLEAR,DAYLIGHT,DRY,DRIVING SKILLS/KNOWLEDGE/EXPERIENCE,2.0,59.0,2.0,2.0
0b16948cfb836ee1852f6872ced25f14ecd2655a5d31edd2ed2178b9c6989afd4580455d12ac525c9a3daf04e7d10b25f0c2d938b35b6c2f599a9ea12971bde9,CLEAR,"DARKNESS, LIGHTED ROAD",DRY,IMPROPER TURNING/NO SIGNAL,2.0,37.5,1.0,1.0
0b16c22b277e3029f086eb4e505b172ff5a0ddcbe195124f72228b8c355b955ecd8d7636e45a7b68a72556b0178220638398a2370c8f3a62f0b512d0ea5bb89d,CLEAR,DAYLIGHT,DRY,IMPROPER LANE USAGE,2.0,42.0,2.0,2.0
0b16c791debedd79eb127d2c18de15cca450f16e8b8259c32d331819c3c9c28233541b934833a399a3eab690b9479976b659a2332ea3b2e5d188c69cc7c9534f,CLEAR,DAYLIGHT,DRY,DRIVING SKILLS/KNOWLEDGE/EXPERIENCE,1.0,37.5,1.0,1.0
0b16e4bb5a00d929a6d2fe2d42ae469885c83ab6af32feda555b630840516f14cbf3ebace0ebe00ae01f4541c3a01bf2368af04e4650a374177ad841e80fe83b,CLEAR,DAYLIGHT,DRY,IMPROPER BACKING,2.0,37.5,1.0,1.0
0b1726827335baf744c6958e4b17aaaa185c87737bab0880d9dacc3afab6b0bd79a203fbcce4843e6b2005561e04fc7ab2914c4cb6da71658f6e5759e06d30b6,CLEAR,DAYLIGHT,DRY,DRIVING SKILLS/KNOWLEDGE/EXPERIENCE,2.0,35.0,2.0,2.0