crash_record_id,weather_condition,lighting_condition,roadway_surface_cond,prim_contributory_cause,total_vehicles,avg_driver_age,total_people,total_injured
0b17330fa4efb6a45975369ced2e2fe38f0d188386c4893456d1067e3da74d7d9b014bbe5de8787c60eeba0950a7bf584429c2f766f5b746ca86e79e942ab987,UNKNOWN,DAYLIGHT,UNKNOWN,DISREGARDING STOP SIGN,2.0,39.0,3.0,3.0
0b173e1bd276744a91b1cd1f5009d313c40c4d995ec82498da24fbb8a6d1c9d1d5dc2bd5b0c310ea7776eab31aa17c1a3582e9656cc37a867de883925edb50e5,CLEAR,DAYLIGHT,UNKNOWN,DRIVING SKILLS/KNOWLEDGE/EXPERIENCE,2.0,34.0,2.0,2.0
0b1742459385d79c8f848393bb14e44cddc1de2e48d2e964d0b35c7d656101d165a16773697e59b58d56a863c89891db3b18f85f1bfa1796c67e39494c10b878,CLEAR,"DARKNESS, LIGHTED ROAD",DRY,IMPROPER TURNING/NO SIGNAL,2.0,31.0,2.0,2.0
0b175b75dc45ee2150673a4bc8b566e054c43f271b88d5f8ecea56b4e84b5d5d5de075352301fc169d3ff14918db8ed500f523e65f8c78ef7a194811f7eafe1b,CLEAR,DAYLIGHT,DRY,FAILING TO YIELD RIGHT-OF-WAY,2.0,41.5,4.0,4.0
0b1781295646120cc9612aca126c00269b27ee326a2db4de3587e7bda6fcf45fd8c003ab77228644acd2424c0334413faed0552057de399f42407efe057421c7,CLEAR,"DARKNESS, LIGHTED ROAD",DRY,FAILING TO YIELD RIGHT-OF-WAY,2.0,36.75,4.0,4.0
0b17822b7e2f6e972b1f1a6931347ae49dbebd18d86797db05e7803a6ed11582082a30897d241a0e8ee8f7a1414eaa61580d8d3e1a0fdcffb2cbb1d1349b6d1c,CLOUDY/OVERCAST,DAYLIGHT,DRY,IMPROPER TURNING/NO SIGNAL,2.0,70.0,2.0,2.0
0b17db719cef1dae88f2e26d33a6710fbbdc5d4565f33ea6c58fffde20b86b98f081cc4e547a17918e325184e922f7d1e03f834040a1c59e4b6748a9f9e44ee5,CLEAR,"DARKNESS, LIGHTED ROAD",DRY,IMPROPER TURNING/NO SIGNAL,2.0,46.5,2.0,2.0
0b17df02f64ca29d69d9f0535aa8220e6b6a9130340399e1c5678b2b6e692396dec48462f3607fc9a82729f63bd4ee736401c0e2122574d62b59b1bd35506783,CLEAR,DUSK,DRY,FAILING TO YIELD RIGHT-OF-WAY,1.0,21.5,2.0,2.0
0b17ec12db638ea671e0ea4947f2155c0eb84f3e7ecc2cdfbb690b40d341ace704f01cdd516ee95d8077e12faed1115d8b3fe92befa558f45664a80c847d905e,CLEAR,DAYLIGHT,DRY,DRIVING SKILLS/KNOWLEDGE/EXPERIENCE,2.0,57.666666666666664,3.0,3.0
0b18128ba0808520d9c97f427c393252b0df4723187d921be035872b9c5785dbccc84823ddecd94a403ed409a214c4dded40b80cc47dd2fcc624e2cc4e597b20,CLEAR,DAYLIGHT,DRY,IMPROPER OVERTAKING/PASSING,2.0,54.5,2.0,2.0
0b1846301248697752404302fec3c0d39070bab0a57b0e7217016f1d5a7bf4f03a0abd2c160bc6b2d03df19dda4daec748f6b19310aef1769c9defb1116e6fed,CLEAR,"DARKNESS, LIGHTED ROAD",WET,FAILING TO REDUCE SPEED TO AVOID CRASH,2.0,37.5,1.0,1.0
0b1879c2708f0a568b9ddfce424ff0b794dcbf56857eee72e0486d6326f1effcf68e9d2862fa9d6147e124a6dc0ace66e9fd69200b5885e5bf603a64b8f65e1e,CLEAR,DAYLIGHT,DRY,IMPROPER TURNING/NO SIGNAL,2.0,33.5,2.0,2.0
0b189868a01825be584f46a2bab93702e08b5a07bbbbeb4e3252770928365e54ce9bcc47aa4b9d67fd9ea4f40f8406deb726e0775911baad8c445313f006a43e,CLEAR,DAYLIGHT,DRY,FAILING TO YIELD RIGHT-OF-WAY,2.0,73.0,2.0,2.0
0b18a3f30aa74c5030bf417fc2b32b15ad059d612dbaaa2f4709d789c18ece165c89137f8fab809a1cdde225e8c224c7a0fbb04d54ff59c428e1184d3d8a7ab4,CLEAR,DAYLIGHT,DRY,IMPROPER LANE USAGE,2.0,32.5,3.0,3.0
0b18d442be9fedb6c328a4935efd20aa43292106940cc5e20981ed863a68e8cfad2e6e9def28fc62d54f414ef0d50755a1d93a6861d29e13ec66cfeefd05ef3d,CLEAR,"DARKNESS, LIGHTED ROAD",DRY,"OPERATING VEHICLE IN ERRATIC, RECKLESS, CARELESS, NEGLIGENT OR AGGRESSIVE MANNER",2.0,37.5,1.0,1.0
0b18de0c504ff3a4c50290a5dbed27357fd11769863bf841e37cad857eb045968beecbd800319e7a7c9e5889ece1f4ee590cb32aaa95081f7e1ba962ec762abc,CLEAR,DAYLIGHT,DRY,FAILING TO YIELD RIGHT-OF-WAY,2.0,54.5,2.0,2.0
0b18df53cb64840e27451264fb3139f92690ecc015fb248251cc0b95eab698934d08e6701098161dc0e8c0591352b4959cf5bebde4c4a6bdf2df9f634354a4a8,RAIN,DAYLIGHT,WET,IMPROPER LANE USAGE,5.0,37.5,1.0,1.0
0b18f581ce447618f91ff9a601ee6c67daef364f62e2543620494aae807a62b4b38a434aae278d8a94a1d88786537ba3a1d412d6ba200b70714472db16929538,CLEAR,"DARKNESS, LIGHTED ROAD",DRY,DRIVING SKILLS/KNOWLEDGE/EXPERIENCE,1.0,28.0,2.0,2.0
0b19208906e9cb2c099707ef21211c1034b69fdad2117ed6adeca33920510a93912bdcb6c65beb69a42e90e89af675f0055601d442d2fe2c8f41e30c4e1553c0,CLEAR,DAYLIGHT,DRY,IMPROPER BACKING,2.0,48.0,2.0,2.0
0b192fa1f4afcfb0ecc3eb542026d1a3fddb66167d4edd6749b7213b23f5b2f87890ea5bcbeb507e9b31f8ef9835186feea271f2fb2f57e0ef27b3532cb99c52,CLEAR,DAYLIGHT,DRY,IMPROPER BACKING,2.0,67.0,4.0,4.0
0b199c9b2aa785c68b4385cac91bfee7e61842ad7c64ba22e831801d2ed6f24c970b18fdcdafecf151a991decf40b5489776ae7f8fe011b74a81441bfabf27aa,CLOUDY/OVERCAST,DAYLIGHT,DRY,IMPROPER TURNING/NO SIGNAL,2.0,30.333333333333332,3.0,3.0
0b19a1911629fbbbd4c9a7f0ea8ccd8683893b0f6bda9cc59bdafce56cf87372297aa7fd42614053c7bb2546e69c16a03a40d3469e9ee5b640b29cc9a9baffd6,RAIN,DAYLIGHT,WET,IMPROPER BACKING,2.0,23.0,4.0,4.0
0b19a37faf0f21fb1540fcfa71b01e81990525a7c718ce3c915198696a66cbf633cc8a29a8767adacf630b3bbde8a5d48c72e84ae7d038975fec878052881878,CLEAR,DAYLIGHT,DRY,FOLLOWING TOO CLOSELY,2.0,43.0,3.0,3.0
0b19d977395eb7977b2b0fdf352fed46fa78096486c974c9ecbfdb4d38a1bc484c93fea795506674eb7419128d01f1668d21d222e096b7917fb097133fb51776,RAIN,"DARKNESS, LIGHTED ROAD",WET,DISREGARDING STOP SIGN,2.0,37.5,4.0,4.0
0b19e33ef693e6acdba27feb8d6619fc157190a69d938b2c8cbdb3db92845eb4a99d3da07837113b515440de1f9a8ef4d070463c736bdb2c15c5576b887f0900,CLEAR,DAYLIGHT,DRY,FOLLOWING TOO CLOSELY,4.0,47.333333333333336,4.0,4.0
0b1a2bfe5f482d51a4279a2fb45472d8947d0cbb8b3fdaeb277dfd0dba0e6d074a1b742230b7d21a6ca18d46fb95b418c6271205da97bccbd57b90233df64835,CLEAR,DAYLIGHT,DRY,IMPROPER OVERTAKING/PASSING,2.0,37.0,2.0,2.0
0b1a35c89f44793ca3661026ace5e87dbd193c1008096bfb8f4e9a116ff2a112a5535d76520477c22bac4102da72957af1cacd401b902e98a27d21f7966322c1,RAIN,DARKNESS,WET,WEATHER,2.0,31.0,2.0,2.0
0b1a9c13d2bf4ea434c307a446de5aacb7157fa43bc95d16b28478f069191f8d099e3ce5b54a5fed7e6291786f1aefd554d37d882769c5e4cce59835b5b35154,CLEAR,DAYLIGHT,DRY,FAILING TO YIELD RIGHT-OF-WAY,2.0,44.0,2.0,2.0
0b1afc2d3d2ae597a667c94ee6b715a31edc8cff7606629aa39826b7b1d81ecf57f204d298820b4eff9e5acc8e0b368ca7666a915fed2bc846728173f779c258,CLEAR,DAYLIGHT,WET,"VISION OBSCURED (SIGNS, TREE LIMBS, BUILDINGS, ETC.)",1.0,21.0,2.0,2.0
0b1b1fb92c843429fa2f7bf76aefc4dbba89ef2a3ff3af8b8bc0b421f35476b46a066a42c614e0a6d1746a5fff4e5c53af0a5249f8590e889a643d3d340d3630,CLEAR,DAYLIGHT,DRY,IMPROPER BACKING,2.0,51.0,1.0,1.0
0b1b40515a3dd258312900202d542cec4996e4189d08094a8331f7ffbb0beb919cd77ec5aefeca2a456b9b9cb69ec55bef16456d8f665033f1db2c06be3ec758,CLEAR,"DARKNESS, LIGHTED ROAD",DRY,FAILING TO YIELD RIGHT-OF-WAY,2.0,0.0,2.0,2.0
0b1b5242f084841c57e5221e5ba56041d1b8d99b4c1fabff82bef54586cbbd3089589bb898c674988ab7355a30ef1ee76bc4b031e0a5d6a49419c72e1b719afa,CLEAR,DAYLIGHT,DRY,IMPROPER TURNING/NO SIGNAL,2.0,33.0,3.0,3.0
0b1b5a6db046d525db1e66aa33df61001b9ea42b8e167ad3b6e538b4e3abeac4ef0ada7d44762ba4eb1482c7a0ea57539210cd520cecb372b757a781e9f6a74d,RAIN,"DARKNESS, LIGHTED ROAD",WET,FAILING TO REDUCE SPEED TO AVOID CRASH,3.0,30.25,4.0,4.0
0b1b6816887b3a34c8308d6d9eb66e487667ba848a0f72ea14d94d9223efce21029fdd271c836e4f21f6456f4b4b92975741f684096fcacd6dd1567661183d63,CLEAR,"DARKNESS, LIGHTED ROAD",DRY,UNDER THE INFLUENCE OF ALCOHOL/DRUGS (USE WHEN ARREST IS EFFECTED),1.0,25.0,1.0,1.0
0b1b75cb2b2642c1b1efbd13983039d51280462bfad4f6512d4693e083354c39b030e30ce857aa5ca47782157a88ca5687fe2b6113299c2733aaf5e084e66443,CLEAR,DAYLIGHT,DRY,FAILING TO YIELD RIGHT-OF-WAY,2.0,22.0,2.0,2.0
0b1b75f813b189d9cccb488696851e9e8bfa7477c95f4d585b894ed1e5e64d1c8e6098db67957b9e4d80827fc4173146fdffc1a1dc71ada17d2276907c7f3a9d,CLEAR,DAYLIGHT,DRY,FAILING TO YIELD RIGHT-OF-WAY,2.0,44.0,2.0,2.0
0b1b789b7ea2233fe809c964d3cba31f2ade3f3f2187a537a65746cc3aa2bd7c26ce577c49579deb68ee19f2310fd69f063d496eb1ecb09242b265ba5cbb76cb,CLEAR,DAYLIGHT,DRY,IMPROPER TURNING/NO SIGNAL,2.0,25.333333333333332,3.0,3.0
0b1ba6aa4c0ea84f6aac5859aab8643ef273984a296aa4730ad0f8bc12d99c0415bc287f38e746eb064eb6cba0fbb1c309757518a13831a26c1f0f9bdc4c0709,CLEAR,DAYLIGHT,DRY,FOLLOWING TOO CLOSELY,2.0,36.0,3.0,3.0
0b1bbac8392f27b5edd18ec56dfd58d80d6d6c46b7097b16cf91592c6c2ce800e39f4856a33129b63200e7ed3e0e6fd8fd614ef2f675b7b9031d96537c69d8aa,CLEAR,DAYLIGHT,DRY,FOLLOWING TOO CLOSELY,2.0,21.5,2.0,2.0
0b1c3d010b7f74c98983eae7dfe4c6f29db6a2b269eacb4945c690d07be6b7105d6020c7199944b494de7f194fd899ab329db3cdd5497251c478a156eedefdb8,CLEAR,DAYLIGHT,DRY,DRIVING SKILLS/KNOWLEDGE/EXPERIENCE,1.0,84.5,2.0,2.0
0b1c4c91298ff94297ffd1d57cd8e27825d8168a3b5aee8fe50c642ff87ac1b48a47e41d63a57bfe3361f5840261220415c8c14bd2ed66d0a2f01fed7dd2332f,CLEAR,DAYLIGHT,DRY,IMPROPER BACKING,2.0,37.5,2.0,2.0
0b1c508a45d9dc2460919c1bf48e008a94ea80607338b2aa9b0ad03caeaaf7e511ea69edfb6e8c2c7cd819e4dc6ad8c48ff180937c4b42be2112668ec9490aa5,CLEAR,DAYLIGHT,SNOW OR SLUSH,FOLLOWING TOO CLOSELY,2.0,36.0,2.0,2.0
0b1c5843227772e87458cd260e5ef6ed909b2f5addfda4b254aa1ec92f3c9506a89ddab12b576855b48b98f3bcb4a98ea8bf2c68e90e1f011a6b4f07aab0e23f,CLEAR,DAYLIGHT,DRY,IMPROPER OVERTAKING/PASSING,2.0,48.0,1.0,1.0
0b1c63006d0da9095a42c537af1d46e60275e3882515961f7b4dcd9db7063e468cca4902859717d1273769d0d16200b1347971ccb7df992a943d4261cc467cad,CLEAR,DAYLIGHT,DRY,EQUIPMENT - VEHICLE CONDITION,2.0,72.0,3.0,3.0
0b1c8bfd5a5527b26cf506cba1589cceaf0c2ecc03b5fc8f9e265d0e651dd5ec7ed7183c9afe52dd62810fd0c3ca118078ac133ad17765b19c2b318011b61884,CLEAR,DAYLIGHT,DRY,DISREGARDING TRAFFIC SIGNALS,2.0,23.666666666666668,3.0,3.0
0b1c8c3ff7c7b939613331ebaa332fa1b60430f87304f81a906deff357de6f7770339d76f2c262b370557fcc8b2118bd982431022140bd6bacccb513109857e9,CLEAR,DAYLIGHT,DRY,IMPROPER OVERTAKING/PASSING,2.0,37.5,1.0,1.0
0b1c9068fb25d8665b8fc233f39ba13c2f45dbd57768c1045fbde49a0b80a3bd4fb9cd668a7766c15b586324c416d571464f7be3ff98f7be7bc5066ed3d1aaed,CLEAR,DAYLIGHT,DRY,FAILING TO REDUCE SPEED TO AVOID CRASH,2.0,54.0,2.0,2.0
0b1cace315034b38ad2f048364655b3adaa8002c6c65ae03e082603a8b6c12b84ac1ff53f729c61209eebecd931250646c1353c14f25201bfff83c7a05a802b5,CLEAR,DAYLIGHT,DRY,FAILING TO YIELD RIGHT-OF-WAY,2.0,55.0,2.0,2.0
0b1ce91631d51773324a2b44320143f9ae12a1fdddbc9d4eee93e1bb1d3d83e57dc50d15d3dcbd2650f9a5f473125a3b32461163cc47fce5347c8eeb2ccda440,SNOW,DAYLIGHT,SNOW OR SLUSH,WEATHER,2.0,39.0,2.0,2.0
0b1d12638ed97389ee4dc2011bfe10968cbd7cea87269e054c66da7ba00576dee5f5c1b20a578f963d8462f55fdba0f1576a9622477e5745357f07c250ddc5d4,CLEAR,DAYLIGHT,DRY,FOLLOWING TOO CLOSELY,3.0,38.5,4.0,4.0
0b1d34d599204e4f4f9c929ceb1ea90d0eb1cfc786a579f822c6252dfe79e48ca7919336669a57ed8a78311f9296be57c392473e9f2123b55375b2d90bf3217c,CLEAR,DAYLIGHT,DRY,FAILING TO YIELD RIGHT-OF-WAY,2.0,63.5,2.0,2.0
0b1d4bf195c82303a746053dca78af313cdb598d4109cda43f047d096f4fc214b34eda650ac19ffc72f56bb0e4869bdc8f3ce7a4715d1b101b954a22d7cacd47,CLEAR,"DARKNESS, LIGHTED ROAD",DRY,FAILING TO YIELD RIGHT-OF-WAY,2.0,37.5,2.0,2.0
0b1d5c3262f3ca2446d62deabe3aac93b0aa31d58ce7a2e0849a832cdcc8e58dcc682fdb181ee79f62c1c4ac874e2fb1839b90a1198ca5d933ca05727910dc9b,SNOW,"DARKNESS, LIGHTED ROAD",SNOW OR SLUSH,FAILING TO REDUCE SPEED TO AVOID CRASH,2.0,37.0,2.0,2.0
0b1d6667ec5c2e5a1861d0e6afae4e5d14230355a45f6da3a0270e08c7b1d85f42f3f27acbbd4d31a5993ac6c3a758b2d37bb19c816c42d468f79f55b3476e82,CLEAR,"DARKNESS, LIGHTED ROAD",DRY,DRIVING SKILLS/KNOWLEDGE/EXPERIENCE,2.0,27.5,2.0,2.0
0b1d79d34c16786b54b1e04f92f5767df798b7c15a49ed706448c653b4bb07d8e702b7772a186c1bf572fe05a5c333bffeff43bf548134c1a534cbf436ac287a,UNKNOWN,DAYLIGHT,UNKNOWN,FOLLOWING TOO CLOSELY,2.0,34.5,3.0,3.0
0b1d7c2bd05c1ed3eeedc6b0839c09bc5db977e16f5ad3c204c3624ea76e6c4c19ed930f08bce99d61260c43374457f1f1d7cd47dcfc166c39bc9f4106a8ade8,CLEAR,DAYLIGHT,DRY,FAILING TO YIELD RIGHT-OF-WAY,2.0,43.0,2.0,2.0
0b1d87255a1d6e7c0bc36f8f80a5a20ec739b6a34ea1d7653e68dcb2be19252ce7c6bf9fa627ad84a791d53f330900bf0175a683e1c23ef62242553e154c6170,CLEAR,"DARKNESS, LIGHTED ROAD",DRY,EQUIPMENT - VEHICLE CONDITION,3.0,36.0,2.0,2.0
0b1dcb866e4d3ad3463ec79df6664a2f2105fa4002cd0277953cb0d65774eff1f65748cbf2cf83c336e8e800b27b00327eb7f9ee0e6f6d5a0b8e8a74cfd67e6f,CLEAR,DAYLIGHT,DRY,DRIVING SKILLS/KNOWLEDGE/EXPERIENCE,2.0,45.0,1.0,1.0
0b1df27e555e3996e482117134fabd8f54bf037e9d3842fe01057cae1ef5f88a5596800334f796303f07503321dcffb1060bf229b0458d0e375c903b4f3cb15f,CLEAR,DAYLIGHT,DRY,PHYSICAL CONDITION OF DRIVER,3.0,68.0,1.0,1.0
0b1df56a82549017088a640e0e3ebbc8292a49d6dc26b99756ab8b646b3b22907226524486816c2bc42efd8b40919e147ea22f47e0cc5b5271ac992d4b2e9299,CLEAR,DAYLIGHT,DRY,FAILING TO REDUCE SPEED TO AVOID CRASH,2.0,25.0,2.0,2.0
0b1e040bc791eae8090be173d7f99ad720804c68ac9265aaa17ddbaf00e235e61fc945b714b37761cc9fe9f0b15621b978c8f1af0ab5e240592ce180fb430708,CLEAR,"DARKNESS, LIGHTED ROAD",DRY,FOLLOWING TOO CLOSELY,2.0,50.5,2.0,2.0
0b1e15854b04f26b52a715569123e7616128881affa60c0c7fe7b99ee21ab0533ae2e0811cdedef972a6e159146579804680ca6da143cf880cfed3ea8bd99fc9,CLEAR,DAYLIGHT,DRY,FAILING TO YIELD RIGHT-OF-WAY,2.0,24.0,4.0,4.0
0b1e1d0fc8b4fcfe56ef5f20a32d3c862ad7c95f3bd9bedbf4cff70cce20d2247ec1b237aeec2e668319ad1fe0955eb58a0a353ef66118de1db5fd36f94fb18a,CLEAR,DAYLIGHT,DRY,"OPERATING VEHICLE IN ERRATIC, RECKLESS, CARELESS, NEGLIGENT OR AGGRESSIVE MANNER",2.0,47.0,2.0,2.0
0b1e2a9e313cec7af82946999219883412f910a1eb30ba719d5f17676caf2508025ae3dec96ea4c852b6bb02eb0000239cfc4c21b2adf4339497de5bba098417,CLEAR,DAYLIGHT,DRY,IMPROPER TURNING/NO SIGNAL,2.0,37.5,1.0,1.0
0b1e3255f3d97891ea59cb8b70adac73bad7458d904eede13a0d87fa84557a97ea893054f14e8177218acb3a829386d52bff506c9cd9c5fd3dbeac4d9f44798b,UNKNOWN,UNKNOWN,UNKNOWN,IMPROPER BACKING,2.0,59.5,2.0,2.0
0b1e373e74fff9cbc0a381441f12869b41021468df4108045d1187078ccd30078d13e36dc38b903dba1af0324df2c387f6df0fca4e00ce1565d3a477d56b5f30,UNKNOWN,UNKNOWN,UNKNOWN,IMPROPER OVERTAKING/PASSING,2.0,44.5,2.0,2.0
0b1e546993b3a8c9dba903daa8eb43cd7ee677174a5140d64bddebb5fe67098cd41e656b307020bf66cfbe88042c619db803dac086b6c764b4873dda10047c42,CLEAR,"DARKNESS, LIGHTED ROAD",DRY,DRIVING SKILLS/KNOWLEDGE/EXPERIENCE,2.0,32.0,1.0,1.0
0b1e8a3d1a4972d0fe635e719dcfe64b319e7da625bba8d288a2d282eba2ef65635dd85b29e8ce3adf7a4b2250472ee0c4642c7993dca0ef87d58e4d74d5c971,CLEAR,DAYLIGHT,DRY,IMPROPER BACKING,2.0,37.5,2.0,2.0
0b1ec28952dda5c57c68bca1412b4d2203ec52e8f87bb74c35ccc3684fc88f4535086c3707ae30ad419d90f01396165d7ab44d6e972200149f5cbfc2b8b23610,CLEAR,DAYLIGHT,DRY,DRIVING SKILLS/KNOWLEDGE/EXPERIENCE,2.0,30.0,2.0,2.0
0b1ed647779b69ee6217036b29632e3bc78171a7638e2e24bfc6c12d8d1360010a373811d7b4d1d4d20b4619387ea48fd9e5a689ec4ee242d54fccc5ba599ea6,CLEAR,DAYLIGHT,DRY,FAILING TO YIELD RIGHT-OF-WAY,2.0,39.5,2.0,2.0
0b1edad17e4006b89b4101d88475f9809e28cbbb3dafb20245ec5e1a380768bf3d651b6ac64c3a7647e7d2d33f03374666257ed99725e9bc9f483bb5ff5137cd,CLEAR,DARKNESS,DRY,IMPROPER TURNING/NO SIGNAL,2.0,44.5,2.0,2.0
0b1edc2940db7c55e1584127d119d56ca64cfd9524d022558d1805a9fef881a428a0aa209340471075bebe6efc16598352823447679920cdd17f52fdd6914602,CLEAR,DAYLIGHT,DRY,IMPROPER LANE USAGE,2.0,50.0,3.0,3.0
0b1f0ddb249460365c2f694136b7f529d2423d8df80eb880bca38ba83080a3d76a0604667a5dae9a7aadd19b10539851578fd3271775bcf0f95183aad01c971b,CLEAR,DAYLIGHT,DRY,FAILING TO YIELD RIGHT-OF-WAY,2.0,56.0,2.0,2.0
0b1f19d801c00aa11e866045a00b84662fd372b27d80b80dcf7fb39e4e1cd22fbebc369b9892aa54d633ceb582b63e86e7dc688b8748ad717dcbdc9aff272c27,CLEAR,"DARKNESS, LIGHTED ROAD",DRY,UNDER THE INFLUENCE OF ALCOHOL/DRUGS (USE WHEN ARREST IS EFFECTED),1.0,66.0,1.0,1.0
0b1f2dee4df8b256fb2e77c2150793d5d356958006fb04571f7d879ce513d84a7f0efd104cc87f96a68847af25f6bbfea0873a8fc0d24b3512a022b05db28b82,CLEAR,DAYLIGHT,DRY,FOLLOWING TOO CLOSELY,2.0,37.5,2.0,2.0
0b1f67ce5fc2f30447b3bf718c4d540ac204eb1d222b0af7e98f88b19ef962108ee38ea6d199389869c7ab69af9970b7f3b4a92f4690e3a28a67bb0251009576,CLEAR,DAYLIGHT,DRY,DRIVING SKILLS/KNOWLEDGE/EXPERIENCE,2.0,42.0,2.0,2.0
0b1fbddc86717065b17e610640880438ecf95c41edb75233e22116b57a6bee1eeedeb62af7240570961b8895c2f8388f057a999a94e293e652a497b2a15ee070,CLEAR,DAYLIGHT,DRY,FOLLOWING TOO CLOSELY,2.0,52.0,2.0,2.0
0b1fd0987c4369d3de7eb67be5627622d55915864497a12ca4f17df226e088197a8e7cfe54974b598181bbd418a7022a96eca5504b790fd7c65ce1052a95220e,CLEAR,DAYLIGHT,DRY,FOLLOWING TOO CLOSELY,2.0,49.0,2.0,2.0
0b2000d3a06752a82833318dbddac80f89953176ce7da353c0beb64f5a9c84efa395e4f4c744519671db0ece5b1fd8e8088779d0139776d5611dbbe1d260c7f5,RAIN,DAYLIGHT,WET,FAILING TO YIELD RIGHT-OF-WAY,2.0,25.5,4.0,4.0
0b2005ed9de941c7d780d24288efaff8d1b1d4f9f475cada48882524429ff943537f5ae463e9881335d2350937d5250d6fe175e081d53a8170824b403b84c0fc,CLEAR,DUSK,DRY,IMPROPER LANE USAGE,2.0,37.5,2.0,2.0
0b20167eacc90cf90c7ebcf998af4ead7330fcccc34fab06fd8f6e3c3f23dee5319597356e8eb9bd807ca2e47b6d4c6eca8ccca75f720f19d216f7a63c7bab6f,CLEAR,DAYLIGHT,DRY,FAILING TO YIELD RIGHT-OF-WAY,2.0,27.0,2.0,2.0
0b2018c964ef84858925bf7b56549b6c40770a26d49a6a37edefa29fc62da9f820fc1b4c9fbedc569b2bf05488a3ef20ce6fc86f1068f2c54848f2db4a97816a,RAIN,DAYLIGHT,WET,WEATHER,2.0,45.0,2.0,2.0
0b201dbef546a75446d1ac055fc6ceecf3d4c8587696f99520ef86597793f64199dcb003b87b348a5ded5ab28a910454c06ef5d0b970f90599145cdb3cfa42ab,CLEAR,DAYLIGHT,DRY,FAILING TO YIELD RIGHT-OF-WAY,2.0,57.0,3.0,3.0
0b201e6dc2bdb3333f1462cf9157f0c617197183e7677dd28b17b93959150e6b1dbe1c810667899dac5f626217b67fec2ef7cf82b81a43d6c7109b382246dc95,CLEAR,DAYLIGHT,DRY,"VISION OBSCURED (SIGNS, TREE LIMBS, BUILDINGS, ETC.)",2.0,62.5,3.0,3.0
0b20243c85006c066b46cb00bee11db71c6cd0cce047e155521c24ff95211d9feedf9ec7e8ecea7bbaefc5689f222a00c2b5994c5f6ac68351b07057bfa54cb0,RAIN,DAYLIGHT,WET,IMPROPER OVERTAKING/PASSING,3.0,38.75,4.0,4.0
0b2088fe142e073614a96c7d4f2ab2ba218385b9b527cbcb41273d4f86ed6cc8321f0ff9b28f737c7e62af1f9632c483ae92bae487584ca3c2ce9298c708a8ea,CLEAR,"DARKNESS, LIGHTED ROAD",DRY,IMPROPER LANE USAGE,2.0,25.0,4.0,4.0
0b2089584009fa4b7b08b2a1155ccbc11acad9c99b253f35e7413245493412c42a291e103f3b935b6588e06e1d80bfe667272e19c79f65b158ce9975e0d3d6f8,CLEAR,DAYLIGHT,DRY,IMPROPER TURNING/NO SIGNAL,2.0,38.0,2.0,2.0
0b20935f5939cb5f0a4dc052f0f5a4052b04d59f79749cbc463ca9b74ed14ae0039c2009f6e4eaca827b9ca8b9c5a091339bf59df9b78850a1cd30bbdaf3a529,CLEAR,DAYLIGHT,DRY,FOLLOWING TOO CLOSELY,2.0,56.0,2.0,2.0
0b20bb3cbc3f3529fca9c9ff3bc88763bf13a4889040b59275755011314c203a1729c42d47fe86e814cce981a7b51513002f1f3e5d02b5c7de983e03c3037df5,CLEAR,DAYLIGHT,DRY,IMPROPER LANE USAGE,2.0,58.0,2.0,2.0
0b20fd96c5318d1c3e5b450b82d5d51b27efc4387c0bd740f861815dd7a5f7bc7d42b099559fe7b66bc5d0e5c46a62cf5d5863f5f74a805322191eb08c8192fd,CLEAR,DAYLIGHT,DRY,IMPROPER BACKING,2.0,53.0,4.0,4.0
0b212d0252e8580cb71f2946f33ee2ec494de6dce71773668e68feb3d98bbb514a0682dfbc098eb839520ec03053655675c7adf8cbdddc3c57d5ff4c4e87b11b,CLEAR,DUSK,DRY,DISTRACTION - FROM INSIDE VEHICLE,2.0,36.5,2.0,2.0
0b213e2dfa477f2aac3072481206e2408788f3fa2daf95597714e26a07b65f0b07922524eda3a696f0149c14c90d739da57a682b711d5713a18d64215a3e6274,CLEAR,DAYLIGHT,DRY,DRIVING SKILLS/KNOWLEDGE/EXPERIENCE,2.0,37.5,1.0,1.0
0b215763561708ac872ae4221113946d37d9014d16fe218e00c1e0092bac1db11a71382db882eb7e974aadd6c8db4a819e632ad072333388f5a2c320d0e5b4cf,OTHER,"DARKNESS, LIGHTED ROAD",WET,FOLLOWING TOO CLOSELY,2.0,43.5,2.0,2.0
0b21611fceee4dd2a8870efc4df93138dc6158efddfcf47f170ebf686be87bfa93ac81a5b3494ec7869e1dd3dedb5f26c9dc61f697c07e5fff6433c3eb28f106,RAIN,DAYLIGHT,WET,FAILING TO YIELD RIGHT-OF-WAY,2.0,38.0,2.0,2.0
0b2164e73830ad7651a678bf9cd2328db79e3d1b01d15408ff1b4c101380770bfdf0fc41ef6328b61752bb3af19063f65fcbf0ee0ec720847222f12cede07cfe,CLEAR,DAYLIGHT,DRY,IMPROPER OVERTAKING/PASSING,2.0,19.666666666666668,4.0,4.0
0b216561f07b1dd6c3e230d8c9f3aefe9877091429ff246806befd3e2e430fc6434914eaa2ccb247276132873e0df08fe619474a1942f11f7bac5256b5300baf,CLEAR,"DARKNESS, LIGHTED ROAD",DRY,FAILING TO YIELD RIGHT-OF-WAY,2.0,19.75,4.0,4.0
0b218624af1c57b45b9f6f994845e2fc138cafe8e179bf317c915af5a47e254a0e0ba23a4f4b3dffcb516254e328d338568449570b1212cfe28efedba0e34e4a,CLEAR,DARKNESS,DRY,DRIVING SKILLS/KNOWLEDGE/EXPERIENCE,3.0,43.0,2.0,2.0