crash_record_id,weather_condition,lighting_condition,roadway_surface_cond,prim_contributory_cause,total_vehicles,avg_driver_age,total_people,total_injured
0b218fcf7a75f3cc2cbb471e5b66defeb41399573f4ae369bb8da558e60f130ef07c2c60768ef33ee595838d18681b2d30facba74e9815ecd4a18f4707f9d0d7,CLEAR,DAYLIGHT,DRY,IMPROPER LANE USAGE,2.0,66.0,1.0,1.0
0b21b163775e959bd5c40492e49ba3f98e04decd7eab297d837743504adb299b63f1623975c86cff14b05602fd29d897ae5249e7049671f3f3689c46bdbe58bd,CLEAR,"DARKNESS, LIGHTED ROAD",DRY,IMPROPER BACKING,2.0,37.5,1.0,1.0
0b21b7851e1b8eca0984aeac6fa827ab6c47d074b8c7a2065ab412050262f2e2e9778d9ecb9f62fc10e3d81790b262325979af9410079eb5f1418f6039472a8d,CLEAR,DAYLIGHT,DRY,DISREGARDING TRAFFIC SIGNALS,2.0,30.0,2.0,2.0
0b21b86dd28df8a1dc0a90b7d36f2bb1a70774c5d01d0722d021b7fa2e3ba77a796e3041d648d9c43dd64de3ad64f63706f26ab6a190480f33a68315b8da145f,CLEAR,DAYLIGHT,DRY,IMPROPER TURNING/NO SIGNAL,2.0,22.666666666666668,3.0,3.0
0b21c4bd8e44f1fe4a7c71ce4d9a7b3cf620fbf2669a408d2f7a1ec3558e300b9eaa707c9454f3e4e15dbb945c9a60e4e4de60028d2347978e218bb5416f2c0d,CLEAR,DUSK,DRY,DISREGARDING TRAFFIC SIGNALS,1.0,45.333333333333336,3.0,3.0
0b21e8c1ebca56e617e0b02dd8572fad09a889c823ac679f327332d891e4076c7e8413a816d03eb1977a33791688e5600b494c4d299d369f8dfa4af3d5c14f1e,CLEAR,DAYLIGHT,UNKNOWN,DRIVING SKILLS/KNOWLEDGE/EXPERIENCE,2.0,30.0,2.0,2.0
0b21e9d449276c9ccb766338bb9b6ee5363a65cb5232a3f78d000d3fce0bfc3c4e0e122c4f0ce19d176dff6a65f6cf51201bd794657f567a96d6ddb7c06830ea,CLOUDY/OVERCAST,DAYLIGHT,DRY,FAILING TO YIELD RIGHT-OF-WAY,2.0,33.0,2.0,2.0
0b21ea1244189e1c1457f746cbc57fb96843f89f8457b5c572ce53f84c6048eed67a1224b4cc4b2ed2c49f3e67e563f43efedca38c4f572185f98b7cf95d2b87,RAIN,DAWN,WET,IMPROPER TURNING/NO SIGNAL,2.0,32.0,2.0,2.0
0b222a700e7873a75abbed06e911b917fadf5cf09f7db321b092c559bb36acbedd520b468df68515e8f161bd8bac35fb72e8555596de74ab288a20401398750e,RAIN,DUSK,WET,FAILING TO YIELD RIGHT-OF-WAY,2.0,31.0,3.0,3.0
0b2240a3c9ad9302308c81e4220a455588b63a7a15dcfaf1da00005ba25bcda23814eadf1e7b09f6cae6a8d2532fa6c277346b20b779fe80874fabb7d705c32b,CLEAR,"DARKNESS, LIGHTED ROAD",DRY,IMPROPER OVERTAKING/PASSING,2.0,47.5,3.0,3.0
0b225c3bf6580c7199abc652cfda6d4d5b58f96e78d2aa01c973493a01b132cf9e751c32ee81574086ece77673e2281afead3d280be1a902f18a83c2b5e7543b,CLEAR,DAYLIGHT,DRY,IMPROPER TURNING/NO SIGNAL,2.0,51.0,2.0,2.0
0b2277a57d78ee363d30df85c035b3789df0dcded3f41234259857902e96b044d5234329a29af6482d0802280725d3584d367b0cfefabb0983128467d36a99e5,CLEAR,DAYLIGHT,DRY,FAILING TO YIELD RIGHT-OF-WAY,2.0,41.5,3.0,3.0
0b228deb76dda75bc9f20f457dbaddbc87b478c6c87a42b43f80bd0c33af3b4e31459927dd021c2df0f6b90a36a1e07b2d819a2d3cb6b58905fc903626fb85da,CLEAR,DAYLIGHT,DRY,IMPROPER BACKING,1.0,63.5,2.0,2.0
0b22b7442d2f532218243317045f41c421abc93d02db315e5091e38ac690de3af5c85d9d0feaa32c1db9a6f3852c68573e807b15e469b2dc68b7967bf3695aa2,RAIN,DAYLIGHT,WET,"VISION OBSCURED (SIGNS, TREE LIMBS, BUILDINGS, ETC.)",2.0,27.0,2.0,2.0
0b22ee87ab7ced8550e8e7c86365d180a7096a7bde732402bfcd42d65f58c6006f2e38b21f23426e150afa0a6cb2bff168c2e0d72f6ffa8cb44b922c36813060,CLEAR,"DARKNESS, LIGHTED ROAD",DRY,FOLLOWING TOO CLOSELY,2.0,32.5,2.0,2.0
0b22fce7d88bf1e0aef656e79ace2474223833a256c78f944eefc73079f0067285a72f964127c74de446f4174ab1b3678db1f11e578417b5471ff44bc4c95857,CLEAR,"DARKNESS, LIGHTED ROAD",DRY,"OPERATING VEHICLE IN ERRATIC, RECKLESS, CARELESS, NEGLIGENT OR AGGRESSIVE MANNER",1.0,34.0,1.0,1.0
0b2307f40575df13575c6c56bfb0bcc40c7b4cc5dbd1f9be611e8f3e92e082f68a1f9554de94d50c32576c996a4b709ae8eb52ed7593a15a0734ef7a6efbd6ad,CLEAR,DARKNESS,DRY,IMPROPER LANE USAGE,2.0,40.0,2.0,2.0
0b23181c868f0012a90637f45acd1954fcc56ec2c609a16f643112635d4bfb74f508b1b2bb551c6e27818d6155050e37177d6b326193100720828a927c6cee51,CLEAR,DAYLIGHT,DRY,FAILING TO YIELD RIGHT-OF-WAY,2.0,25.5,2.0,2.0
0b2344d5a97f131f51c175f88a43c39f64251b1f41ced153d77e327ea1a5d30c1c9ae4e003f076b6b0621880975ad50d82206383208646356db65d18f222a5a3,CLEAR,DAYLIGHT,DRY,DRIVING ON WRONG SIDE/WRONG WAY,2.0,34.0,2.0,2.0
0b234acb2dd36ccd7128949d1f98c5f6b41be4cc7c3b2f3f35a6d1ae867861f397a2a62503296283ac1a17e6f590ba7f531d78de6a60057684b437149921dc0e,CLEAR,DAYLIGHT,DRY,FAILING TO REDUCE SPEED TO AVOID CRASH,2.0,66.0,2.0,2.0
0b237fae49f22148834112b70eff319efc600042672cc2b505fa23ebf88c8b85da37cc20bcd8f660f35d1181960f6bbaf44ed0a77a4e3eb797c72dd8cd4e39d4,CLEAR,DAYLIGHT,DRY,DISREGARDING STOP SIGN,2.0,35.0,2.0,2.0
0b23ee5ade7a22f901fffd40a408a0fb1f86650aa381d2bd70209b58902c10f9b7dd1e988ec47bca36819d0f4bc540a8fe3970dbf244abe7245821331e5aed80,CLEAR,DAYLIGHT,DRY,DRIVING SKILLS/KNOWLEDGE/EXPERIENCE,2.0,37.5,2.0,2.0
0b23f88657c9d4b996be10ec9d0331630cf0cbed75a2dbd4efa9de238823e39aa6c79ae8eb768fd1874a8f89d8c4415bec1749aca85091524ab08746c13cde46,CLEAR,DAYLIGHT,DRY,FAILING TO YIELD RIGHT-OF-WAY,2.0,18.5,4.0,4.0
0b241d360ce1eeddddc8496b405ade4214ca2849f1583539ab114a6b62a1cda4d10b38c03d4b78f15c23f1230fd67ae17368677494e4695ee9161b1876bfc8f8,CLEAR,DAYLIGHT,DRY,IMPROPER BACKING,2.0,35.666666666666664,3.0,3.0
0b24223893a34b337dcbd0fc222ac450f384400592354bdb414e33dd584829456f6b28a845e58e124dc342fe44a3797abb49b2d7cad25a7847629776effa3bf6,CLEAR,DAYLIGHT,DRY,IMPROPER BACKING,2.0,61.0,1.0,1.0
0b242273708a385f14d31e25821b5782e4193a8b387c5ad54d943ee8343483bc31e9ac142109241e06ae5e95f152d21d6f4ead4816a436014258920c606a6cbf,SNOW,DAYLIGHT,SNOW OR SLUSH,WEATHER,2.0,16.0,1.0,1.0
0b243f2616e5f854c741158e621b584cccd051826f45970a043519e1ba3ee6600494eff44a8be121cc1de3042cdbf1673e879d483279ebc533b3290fbb5c3183,CLEAR,DAYLIGHT,DRY,FAILING TO YIELD RIGHT-OF-WAY,1.0,79.0,2.0,2.0
0b24555cbfab70adc63c40aa5c74493b1e15a2eddc82f408fdf3d52aaf88b050bdd40511c4bea3706d68cdc94856c2409c8d129930f6566206c9083093595811,CLEAR,DAYLIGHT,DRY,IMPROPER BACKING,2.0,48.0,2.0,2.0
0b2486aa471d0842204e364050fa12b16a1e7d3431790c6519b57843dc5403c7a25d7b8b14c56e6c3a902f377a0e691289e2a1cd31d656fb855553649ce5f015,CLEAR,DAYLIGHT,DRY,FAILING TO YIELD RIGHT-OF-WAY,1.0,60.0,2.0,2.0
0b24c2c75be8af8d7c8502cc214c7d8c0ad77b49b3ff763f533661f680d7ae27727ccf0a06a47e21414f2aa525a00d61cc20ca4a40dfdf9cb8d27942cb7b41ae,CLEAR,"DARKNESS, LIGHTED ROAD",DRY,FAILING TO REDUCE SPEED TO AVOID CRASH,3.0,37.5,2.0,2.0
0b24e0e14aa4c80f257528028dc871bdd30b49a76e75c32d8f50f52dadd8c1c64e55f72c01214e1600c17bc9f760eecb1b9090c52ef8bd86d4cb026148c1ad1f,UNKNOWN,DAYLIGHT,UNKNOWN,IMPROPER OVERTAKING/PASSING,2.0,43.5,2.0,2.0
0b24f0e898f4d34f50d8702cf3959068ebab5d676ad32ecd3ce81237851f8e88c3e53cbf94a93c509329d03cd91f4fe86b5675282c4b7d0348b1e718652080ca,RAIN,DAYLIGHT,WET,FAILING TO YIELD RIGHT-OF-WAY,1.0,39.0,2.0,2.0
0b2500cf41189a1e3b6d45be37d17207a3b27a6125148480b242e8a26d788e030a53d2a39bb77e167055dbfc84478b4e222c63411806ff9ed2437a6b04935018,CLEAR,DAYLIGHT,DRY,IMPROPER OVERTAKING/PASSING,2.0,63.0,3.0,3.0
0b252280560c6ab15f72764250664fbcd287991d383018b1d980137e3d53afca309ddee6170ff50f45da2ac1a26ca0b9d35ccd6682cba94d6a92f93904c31753,RAIN,DAYLIGHT,WET,FOLLOWING TOO CLOSELY,2.0,52.0,2.0,2.0
0b25799053150daf26cfa60eb758c5c13263257c99ce5bf76de048ddbb21bcb2e267e5d2d9355d6ffc87d7c933441aab9cf4571c19fb491e070e0ecdda6b7e77,CLEAR,DAYLIGHT,DRY,IMPROPER OVERTAKING/PASSING,2.0,24.0,2.0,2.0
0b258466c7ad81afc5da4a1e3750f763e4a09e0ab477e0d1a4b370a026090f9bc1f98b2fe0f52da61d01bb0d335459cfbf08c845f29ae9fca6c0c4d086d9d2dc,UNKNOWN,"DARKNESS, LIGHTED ROAD",UNKNOWN,FAILING TO YIELD RIGHT-OF-WAY,2.0,46.0,3.0,3.0
0b258b8ec6131172eeb799a68dbfd80e3e44457a2b3096f65d835bbd99c7a06836ef11e0cf559c8722aad107f344d00a3ea066fa4783a088157b95fc949319f3,CLEAR,DAWN,DRY,FOLLOWING TOO CLOSELY,2.0,52.0,2.0,2.0
0b25c28e9c890cb33cf27390bb669aa02e373945ef608ccfc23c56f0ac24df073b31a7276ca8c276231e4eab491d7dac1b6407b8cb15ef86b5b07f617de392af,CLEAR,DAYLIGHT,DRY,FOLLOWING TOO CLOSELY,2.0,47.0,2.0,2.0
0b25ca164435de6d4624bd413e3d46aea1fac95d85e836063300b8430c1f44c6c0f17af0cb71fda3c526eb440047dae635f72ad2b4931600a4d6f3a082b7fe0f,CLEAR,DAYLIGHT,DRY,FAILING TO YIELD RIGHT-OF-WAY,2.0,29.666666666666668,3.0,3.0
0b25cd010a7c0ebee48f67cbcc1b85a898238217c170fa6eb7e4722a29a958a44e8b39fa030fb4aa03510746d429f09d96d195d64a223d6b5f632843f1e7de15,CLEAR,"DARKNESS, LIGHTED ROAD",DRY,"OPERATING VEHICLE IN ERRATIC, RECKLESS, CARELESS, NEGLIGENT OR AGGRESSIVE MANNER",2.0,33.0,2.0,2.0
0b25dda65b10173bdc094850f2d5b58240ee42b52bdc2e8c87a0e3bf5c7a229dc1ba47bfcbe80206f5bbc33d089cd85a4007b6692df6f070a74acc8ff99d4af2,CLEAR,DAYLIGHT,UNKNOWN,FAILING TO YIELD RIGHT-OF-WAY,2.0,16.0,4.0,4.0
0b25e08f31f3ec227b189d9f36acd90b506fd53261a7b2d1f4818bdb45b61b41b2e095959f2c03e0f592b4b38e1969366ce670d7a4311717897b9ed2071baecc,CLEAR,DAYLIGHT,DRY,DISTRACTION - FROM OUTSIDE VEHICLE,2.0,48.0,2.0,2.0
0b261f65e4a9675aa8ca6f6e74cba40c2a32b5be41b622f3e9fb71628a3412cf26ce41503ed24c9b9003b656b5d188de700bcc12a5486a53a03c50a00513b7d8,CLEAR,DAYLIGHT,DRY,IMPROPER TURNING/NO SIGNAL,2.0,79.0,3.0,3.0
0b26281212ddcf728e82aa18c2dc3d5c486e3310c7ceaff94e2791ed231303c56b87e1856d4a8219eb0bad369a75916d29cee7d44db6e2287f77ab477dfc46bc,CLEAR,DAYLIGHT,DRY,FOLLOWING TOO CLOSELY,3.0,41.0,4.0,4.0
0b267532c6d30ca0595d2781fb053b0377962aad95e7db97003bf37157d3e0f5ca410617ec85556b47fc528523763dd4b4e641df91fdf55e6bce15a4264a2e0c,CLEAR,DAYLIGHT,DRY,IMPROPER OVERTAKING/PASSING,2.0,56.0,3.0,3.0
0b2696a0704a5388d3c3b72fbbd5edeb72ee653aff3b3f162e830cfe70164dfed698af83009a502c5a3fe7cfcc7ca9f9b15e09770d42925b1b7e6c7ce2330c64,RAIN,DAYLIGHT,WET,WEATHER,2.0,37.5,2.0,2.0
0b269ca08d33174c2cbf22bc90872b33b87eff8d6685ae1d68c0178f39a083e58b2f245cc9e325ec714c45aa582724ce87773b17e651395a78c6b6cf3cebef69,CLEAR,DAYLIGHT,DRY,DRIVING SKILLS/KNOWLEDGE/EXPERIENCE,2.0,43.333333333333336,3.0,3.0
0b26c0ee92b8dc3e3ba0365a5ab7ec3ab9d19071723be14f2caa6456c2c54a76808a186903b1b6333db986ea1edcde7de72f9d1c271559315345333fd6d04299,CLEAR,DAYLIGHT,DRY,FOLLOWING TOO CLOSELY,2.0,44.0,2.0,2.0
0b26d8c08e6043464a7527f5427c90084c3297e49c79399a09d9e5a59afaae7dfbd381907d0cb8cc60d2a4f39c44506372e0728277e4eaf8b5625a79935ec1ec,CLEAR,"DARKNESS, LIGHTED ROAD",DRY,IMPROPER LANE USAGE,2.0,35.0,2.0,2.0
0b2706942fadeb9725215a377f7b5f6254d3ac0acc8e8b57f4e74aa695d1c03136f3eca070e5b3398b3af7ebfa9c8bf6d8bdc086a8fbe52b6ba1cc8b07a55b61,CLEAR,DAYLIGHT,DRY,FAILING TO YIELD RIGHT-OF-WAY,2.0,59.0,2.0,2.0
0b270db0a8dbe68b2909fd60817013e92b65b2a106c19ae3b841806dbb703869c3bb8172acc51e12452cd44bae76bddf5d8fe91cc650a5e31049a6958f7fc462,CLEAR,DAYLIGHT,WET,FOLLOWING TOO CLOSELY,2.0,34.0,2.0,2.0
0b2710c4eaf70c4da28696eed85c9731a294c4b39953fde05a7749c4fb88d962dbfb1eb3ba664d5294a4f8aff6f27393847286da067e2a25c3a8106f7698399b,CLEAR,DAYLIGHT,DRY,FAILING TO YIELD RIGHT-OF-WAY,2.0,49.0,7.0,7.0
0b2727e8922eda06091399a10a5cb3520ec0d362628673402f2fae40a49ce42245cd61e7d1e8099201fb81f6694fa70108280f731f399c1b018dd3ad79877421,RAIN,DARKNESS,WET,FAILING TO YIELD RIGHT-OF-WAY,2.0,50.333333333333336,3.0,3.0
0b274ead56c7ee39556c3f119ec69aeca5c35bcf440abcbad66759798f4047ce06b444bfc34f85e86108b410c8aef17787831c3dfc669b570e23bd7511b9c62d,CLEAR,"DARKNESS, LIGHTED ROAD",DRY,FOLLOWING TOO CLOSELY,2.0,35.5,2.0,2.0
0b276fdb0eeff75733fa59773160c8da8306a8474277f39b170ca64588f729241859491c198e44301d11e09c929bbfcc27b6fc8f1f28aee7d7f13e652553b93e,CLEAR,DAYLIGHT,DRY,IMPROPER OVERTAKING/PASSING,2.0,36.25,4.0,4.0
0b2793e9a5f5792246aac82059cffc26d7eee04811fca498b28978fe054ee455188051e44f833b6e93efc76726bfc0afe181609fd840bf53403f2d3cdc09ee0c,OTHER,DAYLIGHT,ICE,WEATHER,2.0,51.5,2.0,2.0
0b27d75913ac328f97814393d39f438edd3faba85cab5d67e4fcbdb029f60c8a300b4f4250ad4fc0a930f18fb3fe419574f5802443b0032eea7f6473ca8ea2bd,CLEAR,"DARKNESS, LIGHTED ROAD",DRY,FAILING TO REDUCE SPEED TO AVOID CRASH,2.0,44.0,3.0,3.0
0b2822512a59838de9821a25396de4a910339c3716adbbc4d96548767ec537e292cd5c20afad84956e14d4390ba53760d85bfd86f10f936fea0d5579c262e218,CLEAR,DAYLIGHT,DRY,IMPROPER BACKING,2.0,44.0,3.0,3.0
0b286a2e817f9e7f3a7ee7cff7e35f71abbbb91767d5b9af9fbe80a77bacaf4618c7a634ffa9d992e8f6478c5c8b054dff0ad9c9baaa1fdb8ed326f6d468ad62,CLEAR,DAYLIGHT,DRY,"VISION OBSCURED (SIGNS, TREE LIMBS, BUILDINGS, ETC.)",1.0,33.0,2.0,2.0
0b28964dc1fabf6eb382412125026dc7f73379e2335a6cf4e0074153f06c31680c5e7a9a07d326446a11616af2fd2bcb43d189753c68c514095c9b1766b7787c,CLEAR,DAYLIGHT,DRY,FAILING TO REDUCE SPEED TO AVOID CRASH,2.0,39.0,2.0,2.0
0b28a6ffe2b9599e247e5c564eef12acefaba63cadf96452d4555bf11aff92b71d3b30f4e603725ab8731988c538e4d918250f0f4c612eae0305717601418e5c,CLEAR,"DARKNESS, LIGHTED ROAD",UNKNOWN,DRIVING SKILLS/KNOWLEDGE/EXPERIENCE,2.0,26.0,4.0,4.0
0b28abeaf9aecee9a6c969f6c6c0a9c7b332865a4f6eacd48cd2f20d12c7c5dc3873c37c6eb79216bd90ecae52cad0e0261ac6fdc6d27738b41d94638bdf263e,CLEAR,"DARKNESS, LIGHTED ROAD",DRY,FAILING TO YIELD RIGHT-OF-WAY,3.0,35.0,2.0,2.0
0b28af2f51e4d919029168712d5a62ea795e8619201e60c101036f672ec310df1e6abc91c53432137749ba1d5a644604925fa383191b37981fea8e5442c9fa43,CLEAR,DAYLIGHT,DRY,IMPROPER LANE USAGE,2.0,44.0,2.0,2.0
0b28c20f736bba31efc168c2376c0c7f2289963131f9c9c56609b5877af080e363612e54483d5fe01245b3d496826bd71d3b4a038c4f5f586f1d4c45e449062e,CLEAR,DAYLIGHT,OTHER,IMPROPER OVERTAKING/PASSING,2.0,34.25,8.0,8.0
0b292555838dd3607c4557726fe6267400d1ce3f5571f5d02c4ddba65ae009df2736b0d52fb9391406e618fe5bf2915f8143599e2e16434eb91117a8f2f20d33,CLEAR,"DARKNESS, LIGHTED ROAD",UNKNOWN,IMPROPER TURNING/NO SIGNAL,2.0,37.5,1.0,1.0
0b293f27f45e76994b90cb9be2b90e7379e42587c32117e87555892cadc50c9116dc2b14b328731a6445a51bd603693a3225fddd39ab298a8ecfa32a1b61ab72,CLEAR,DAYLIGHT,DRY,DRIVING SKILLS/KNOWLEDGE/EXPERIENCE,2.0,37.5,1.0,1.0
0b29569e5fac9ab55eb254588ca46d4c2390f26950c759fba3f5d38233ca9889d980020bb2f8fe386e3c2d76b081bf9f956cafe7b4b0cec9e93bf34c423dd81c,CLEAR,DAWN,DRY,DISREGARDING OTHER TRAFFIC SIGNS,2.0,28.0,3.0,3.0
0b295e41d265d02abb70bc3e37560bebea286608232a7ca9db1d3c9a767c9960d03e70552110e502d10c86ffd51343774712e19ec71417f24fcc80565f9351a4,CLEAR,"DARKNESS, LIGHTED ROAD",DRY,FAILING TO REDUCE SPEED TO AVOID CRASH,2.0,18.875,8.0,8.0
0b296fd5f64e4da345aa78634a29d6a44e2034727abcbfad343cb1992bb67ab72cc53ce7648a6399f18b5d3015a6a889f05f4c08d6ccb11f78eb6403a2614db4,CLEAR,DAYLIGHT,DRY,IMPROPER OVERTAKING/PASSING,2.0,39.333333333333336,4.0,4.0
0b297019646d786188007c83a1c1768b782a83034e59833ee6b40e1800446b5cacf1d026eb029c04d63e8d4c6cf59cedf416a1770bb0ca8b7750f15d7a3f7e4a,CLEAR,DAYLIGHT,DRY,FAILING TO YIELD RIGHT-OF-WAY,1.0,27.0,2.0,2.0
0b2974eb1322e113b27510510a804ab88f2b5d097d1e375b174e651b21a5949866f77c34ba54f46f606985e3a877498ddfac0bfc1185225ec1b414fbbb901d5e,CLEAR,"DARKNESS, LIGHTED ROAD",DRY,IMPROPER TURNING/NO SIGNAL,2.0,44.0,2.0,2.0
0b2993e1c330be49a3654cf3b39cc551c80c1f38c77a3996c483ffa7dcff228a9b515a6a4885203eb08251e9ed7d569db01df7bdbd7865cbf6c8cd99c510647f,CLEAR,DAYLIGHT,DRY,DISTRACTION - FROM INSIDE VEHICLE,1.0,36.0,1.0,1.0
0b29b6a76dd2ed46af55d36fbf60da5d509e0527919b17b2a7d1d22d5a348e02093529d46c8a40579867db1cc5953c640a54f249440726cfe15ffabf5344a1d4,CLEAR,"DARKNESS, LIGHTED ROAD",DRY,FOLLOWING TOO CLOSELY,2.0,45.0,2.0,2.0
0b29c6ca38efdbb4a04f4685c6b52b8448d72f363ebdb70c4ace8a5ebee639979185e01600d0a40cb3b3bbcbfb360a83db21395bd077524f22d12757a69f3a68,CLOUDY/OVERCAST,DAYLIGHT,DRY,FOLLOWING TOO CLOSELY,2.0,40.0,2.0,2.0
0b29d2aff62d50de813646e5eef411947b6bdf7d7f3d3bb7a46e298248a3211b07c5d5ddea199de988a422378e06efde90699d92cdf3e2c24c2d3a743c93dc82,CLEAR,DAYLIGHT,DRY,FAILING TO YIELD RIGHT-OF-WAY,2.0,50.5,2.0,2.0
0b29f16f984dfb1e891fc058c789e38fa354ab53529fefe789c03921d802a8423d5b3529936e8a69c14628ee76aa2cb829abf611b42c6096307a34beb723d0c8,CLEAR,DAYLIGHT,DRY,IMPROPER OVERTAKING/PASSING,2.0,41.5,2.0,2.0
0b29f3246a792c1935448118e55c7772819dad7468394fbaa1665c95a95d4b6208587d8ecfc0437e4d10740aba480fabab384fbda5063445a68453f3303800b3,CLEAR,DAYLIGHT,DRY,IMPROPER BACKING,2.0,31.0,3.0,3.0
0b29ff10996562223198b87ccc0f0f8f59ec04ef659f815c9d89db747b97983fcd516a8c2600101ba993f12c709c0726ed24a4eb1f4961ca8b7ff2774f5d2abf,CLEAR,DAYLIGHT,DRY,PHYSICAL CONDITION OF DRIVER,1.0,67.0,1.0,1.0
0b2a23618aecdee6113ef258c5df38ab80fb5cf20accd2f204f3c25f97c17713ba1948d844c1d5a59f1463c61beee3a3922284f84bb0ca81beab551e81cf98e4,CLEAR,DARKNESS,DRY,DRIVING SKILLS/KNOWLEDGE/EXPERIENCE,2.0,37.5,1.0,1.0
0b2a349820ba60e407df794f0c18250e5c138262d16b84fbc8d240380b629a10759d7094b71ab6f40cb8d5e9e4d7409ff7934b24338c1c874e1e383f7f5c5845,CLEAR,DAYLIGHT,DRY,FOLLOWING TOO CLOSELY,2.0,29.0,2.0,2.0
0b2a4a6f80c967f70fc9386d205eeeae46216419bdf6ebeee5ec807c4a76240a0fb3648aef9b4da3002a95c9d3dc4d7852142d0dedd0b91dea8f1e63143eeb06,CLEAR,DAYLIGHT,SNOW OR SLUSH,FAILING TO REDUCE SPEED TO AVOID CRASH,2.0,33.333333333333336,6.0,6.0
0b2a7978b999c0a6f258d3c58b0985d8b58011890a8a86622dfa5dde2aa55d95875f8fd03768d6289999e2fbf48eb4f64b405e8c8b0d65d65337f1781cc54f4f,CLEAR,DAYLIGHT,WET,FOLLOWING TOO CLOSELY,2.0,18.166666666666668,6.0,6.0
0b2ab569c8220a0171df2bce6c078dd8029f4916f005ecb03745e4d7136371508836cc91817c44f9a411f0ad50738eb2fce6a86312b42c0b4516695c66d2df38,CLEAR,DAYLIGHT,DRY,FOLLOWING TOO CLOSELY,2.0,25.5,2.0,2.0
0b2af5828fada53327eed74a30e6365b173130cf83af4c781d48021390eacea12699df18f72f3fae3a3eb19bd946ca50c909c22c30d1e02c6d4912812b2904bd,CLEAR,DUSK,DRY,FAILING TO REDUCE SPEED TO AVOID CRASH,2.0,37.0,3.0,3.0
0b2b1e07471c79214e09328e0eb66c5d05f6e22f0a922fd5ea3f3d7168c77ba4db6f580f47b7c0d28914db943c884aa375552842bd759f750f11224775edaeeb,UNKNOWN,DAYLIGHT,UNKNOWN,FAILING TO YIELD RIGHT-OF-WAY,2.0,22.0,2.0,2.0
0b2b272b56f82e5e17e85f7427e17da64d8801da887c89c175321d71da11bbe23fed17c89dd79c013703bd87c9d29045beade28faf6aa06219456fe17b593b86,CLEAR,"DARKNESS, LIGHTED ROAD",DRY,"OPERATING VEHICLE IN ERRATIC, RECKLESS, CARELESS, NEGLIGENT OR AGGRESSIVE MANNER",2.0,26.5,4.0,4.0
0b2b3141e492aecfff2c929b0c2bca3bc161e0092c0ca007de71dff6b97fe460d42f277a3b6ccc3e83e7025db5e5240c6f17d4539e3c15bf5d644e0e16ec8b95,CLOUDY/OVERCAST,DAYLIGHT,DRY,DISREGARDING OTHER TRAFFIC SIGNS,2.0,61.0,2.0,2.0
0b2b375beb43f1efd9b41fc6d3160f35c3b42c60cc38107be8863ba327842f20c412821129b72e83883015db84204339a8ab30ac95e53cfe948d8692f1a42c72,RAIN,DAYLIGHT,WET,FAILING TO YIELD RIGHT-OF-WAY,2.0,28.0,2.0,2.0
0b2b3a44f5e20acd44f5ee7be3de7f9be00e1b6e16fcf7af50dc1f5f78a884687df2f441ca32521eb431b53e2dbb19a953abd19b8396a88b9eb877c5b4923bd8,CLOUDY/OVERCAST,DAYLIGHT,DRY,FOLLOWING TOO CLOSELY,2.0,31.5,3.0,3.0
0b2b3e293032051484b8c40c9a55f6491238ab0ba4f8b2818fd582d4539e8da2d2078cee920cbb8fce3629bf1642f4371a57c7a80a27f504b0b0baaf230e9330,CLEAR,DAYLIGHT,DRY,FAILING TO REDUCE SPEED TO AVOID CRASH,3.0,48.0,3.0,3.0
0b2b5d1458802ab676eafb38cfb13049c71ab37fe8b2cc0aa849eaa01608a73690e264ef859ae9af15cb8ad0200986a32d7819e3b361e5d9cb35048d1e78d07d,CLEAR,DAYLIGHT,DRY,"DISTRACTION - OTHER ELECTRONIC DEVICE (NAVIGATION DEVICE, DVD PLAYER, ETC.)",3.0,29.0,1.0,1.0
0b2b81ea9854dfa7bd8123b352f73edc9f130ba9a6879f762d33b93c3ece82fa5f83fdb619f89253c9172d0c099548790bad4cf2b61b6645db7ec1f254df9d4e,CLEAR,DAYLIGHT,DRY,FOLLOWING TOO CLOSELY,2.0,63.5,2.0,2.0
0b2b8895effdb84dbc98727be8d631abbe6ed3a1add75f03059426f167843f62b9481178d341be35438499cc4f6eb499bd83cea5d22e38f965f2da24664cfad6,CLEAR,DARKNESS,DRY,DISREGARDING TRAFFIC SIGNALS,2.0,37.5,2.0,2.0
0b2bc74b22d246fb0055e8f4ff1ad725c9c3214716f778bc2fb9da70e82ab8a0ebb74cee48b9b93ef2a682f38784b68b0ea09d107eb1040ccb25337691ec87f1,CLEAR,DAYLIGHT,DRY,FAILING TO YIELD RIGHT-OF-WAY,3.0,39.0,3.0,3.0
0b2bcecea0a0193c51eff13ae439d54d3c47c5838a301ac11939c4a708711bce0e3bcac2ae49079827085e5c03ae92d417c68c2a328c9c70b73d3c212143b16e,CLEAR,DARKNESS,DRY,FAILING TO YIELD RIGHT-OF-WAY,2.0,18.0,3.0,3.0
0b2bda180451aa35b4673e0cad6f4e024667cd979b9f3d59f5e8590b6a27063bf742c416e904391a15c44966f73c2b62495053b585a7b2c8e67da36439f948a6,CLEAR,DAYLIGHT,DRY,IMPROPER OVERTAKING/PASSING,2.0,18.0,2.0,2.0