crash_record_id,weather_condition,lighting_condition,roadway_surface_cond,prim_contributory_cause,total_vehicles,avg_driver_age,total_people,total_injured
0b2bef61f37c336823417fc6015759aa7cf2578b88ebe8040d8014fc1a2b31dcdd673f8efc0648309dbb17a3c1a50c0da3305112de91136ea27f81e460206c3c,CLEAR,DAYLIGHT,SNOW OR SLUSH,"EVASIVE ACTION DUE TO ANIMAL, OBJECT, NONMOTORIST",2.0,15.0,3.0,3.0
0b2bfb8e96c5ee27388e2b624b7e333860b0b5e2460b705ad6909ae2ec20e5ee773a707e4ce38fcb5a4c857e6a6dd1faf6125bfe67fc5402b4f8e1d76d74df33,CLEAR,"DARKNESS, LIGHTED ROAD",DRY,FOLLOWING TOO CLOSELY,2.0,53.0,2.0,2.0
0b2c05c17c6ebb20bb0d89ec8def0995762ee3d8367fcd39e333ed0bfdcc6981fc56ede26af7455180f5ab95700e566536053b3665d56defda14f33c209b2b5d,SNOW,DAYLIGHT,SNOW OR SLUSH,IMPROPER OVERTAKING/PASSING,2.0,36.0,2.0,2.0
0b2c3d85ab8b053c0a72935af7bbab0409745b37c9275ddd144dba9c9986f87e44e439f68832c034f779079bc4f0b23c93e30c68c794aed6d44929889e1de52f,CLEAR,DAYLIGHT,DRY,ROAD CONSTRUCTION/MAINTENANCE,2.0,59.5,2.0,2.0
0b2c727296ace24994ad4166a0f8a4e388707b8a2803ced83bbf07f86297df90de7b053e10c6daa90a8722b534b335c8baa6b7beda3921b155bd58f2b7fb7efe,CLEAR,DAYLIGHT,DRY,FAILING TO YIELD RIGHT-OF-WAY,2.0,16.333333333333332,4.0,4.0
0b2c787e6e1c56c1d22d52764c4141b6e77ab91323f7b120fefc740e2b344c13fba799d0d5c132be9b583a9fb2d0ea86d66d05fda03fd722dd3779e3f64c827e,CLEAR,DAYLIGHT,DRY,FOLLOWING TOO CLOSELY,2.0,46.0,2.0,2.0
0b2c79b99253844c3f96b526603447838ddff25c5de51aa5b3a6ab3f79c0f51e0f393c9c29c7cb4e3d691861209071ef71ada3767901ee415cd80dd963b60ed4,CLEAR,DAYLIGHT,DRY,FOLLOWING TOO CLOSELY,3.0,35.0,3.0,3.0
0b2c888d7a9e13850479e6db2ced60ab2ec1202d4231e83f4cedef54df32b81378b09bc287bb79b8db6d591121de3a855120d84262f329766e0c01a2ac48e424,CLEAR,"DARKNESS, LIGHTED ROAD",DRY,PHYSICAL CONDITION OF DRIVER,1.0,32.0,1.0,1.0
0b2c9576f8bdd20fdd3d48b4cd8fde289663ad400bb612564e75c7dc1f17c2a198bb5e022edebc2f1a1b9be1f887eef0fd07ef124136a88c70b19554f64b4932,CLEAR,DAYLIGHT,DRY,FAILING TO YIELD RIGHT-OF-WAY,2.0,32.5,2.0,2.0
0b2ccd18896ff6ad5e4ff698903305afd87fdd6f23d0217b106e9df75f5aff282b6a37189520fa051b4c2de1d8e930e8b1d555f61eaebf69081a77606dc48876,CLEAR,DAYLIGHT,DRY,FAILING TO YIELD RIGHT-OF-WAY,2.0,62.0,2.0,2.0
0b2ccf890198d3cffc8ff00ad8c421c5b8b103b48578b9f0efd957f7e516c5e2aa434724e0b40a651bbe2c26d79105dbc83ef7b21f724af4d08d36c66d011fb3,RAIN,"DARKNESS, LIGHTED ROAD",WET,WEATHER,2.0,30.5,4.0,4.0
0b2cdc2d6ecf22a50ee12e44c4bd49e9b3fcc2fbdd0f90667787622c53b6ef1142bada0e9f71c2e29b970386fe8cac04d82db699b3bea463a825422cef3373e6,CLEAR,DAYLIGHT,DRY,FAILING TO REDUCE SPEED TO AVOID CRASH,2.0,37.5,1.0,1.0
0b2cdff18375ad996302c6d3606c373616a269250ad1ee96c441537c35ef60761f996ac6fa0fa26ec077956d0380e06bcb9f4efee663b86f2ad960c8667e3094,RAIN,DAYLIGHT,WET,FAILING TO REDUCE SPEED TO AVOID CRASH,1.0,46.0,1.0,1.0
0b2cfcf432221d6974ed15b8e2552018bbddd911dafbe0896bbb3c74b413b91b1aef18d9d9fe380e8436dfe008c5f3624a446c4f2f7935fa21b8c9b61773f1d8,CLEAR,DAYLIGHT,DRY,FOLLOWING TOO CLOSELY,2.0,53.0,2.0,2.0
0b2d595430b7b0290fcf3688c91af2680c2fba482de987653134726da470d3d901c2093add1171cb0a3edfe45dfad8df93a4ed540788e3f21d40db951c67db41,CLEAR,DAYLIGHT,DRY,FAILING TO YIELD RIGHT-OF-WAY,2.0,21.0,2.0,2.0
0b2d5d9168f2e435331e8ac76f88edaad84ccae97e3ff63a8244d4da36188aed03a97cf48abd84fe2b223128fe5781f127dfb21565a2696e71d14b55266d5980,CLEAR,DAYLIGHT,DRY,FAILING TO YIELD RIGHT-OF-WAY,3.0,31.0,4.0,4.0
0b2d66288f59153202da2df1044b93a88c00343572e094061c260247bae78fc7476cefa91de62a948e802d0b48d5bf40b8be7dc1af45a52963a78b612ba898c1,CLEAR,DAYLIGHT,DRY,FAILING TO YIELD RIGHT-OF-WAY,2.0,27.5,2.0,2.0
0b2d7ec8bcdb1ab1661ae5cec659519be3c8a3f09b1320544355ba05eeb11fab66d62e60280e89980dfbba314c36ba8c1ff7c0f2636cceea942eebfe4207c9c5,CLEAR,DAYLIGHT,DRY,FOLLOWING TOO CLOSELY,2.0,75.0,3.0,3.0
0b2d8f33b2effb4c6a3776e95d29432b63c0157ab66a67be064dfbc557d95f45e2da7414ca8d0b6bad523ecc875d50e60ae75c14c6f5186667e4133c76b3d20f,RAIN,DAYLIGHT,WET,DRIVING SKILLS/KNOWLEDGE/EXPERIENCE,2.0,44.0,2.0,2.0
0b2d975ff0d1d6e08707e6c5dd053fc5b66555151cb35cc92868c51622e01e3bcc7d62cbbe4439faa6445fd6b0ffab26365810d95c4f4ab7af6b0e3a682ec118,UNKNOWN,DUSK,SNOW OR SLUSH,IMPROPER OVERTAKING/PASSING,2.0,23.5,3.0,3.0
0b2da17018026ae8475ced9997acc43f95f769be38cfc4638a59057b6a48f23416fb7044db1083e07e025f57b4c9239d70690c1ce339e8aa5da0954558591e4a,CLEAR,DAYLIGHT,DRY,IMPROPER OVERTAKING/PASSING,2.0,21.666666666666668,3.0,3.0
0b2daa2b5f947ae2214f84ca9de376aa1eb7e5db2b102b751ea7f6aaa7cf843267fdded45936daf836a381e241a966bbc6e533365ea49b656b0488a1a3f32b87,RAIN,"DARKNESS, LIGHTED ROAD",WET,IMPROPER OVERTAKING/PASSING,1.0,19.75,4.0,4.0
0b2dbcb45642e684b6302352df005fddf1923c706c5032a6832dcd237fed958b2748bc7024c795234fdd36c0b52e0e5a1cc532fbc984d0ecf0a286719b5d683c,CLEAR,DAYLIGHT,DRY,FAILING TO YIELD RIGHT-OF-WAY,2.0,60.0,2.0,2.0
0b2dd8849a2117c9856f49d15e9c1be77d931d5b357eeae0c05ddaf4e52dcbbeb51d47740ca6ca12dd7fecbf56508a4fc18733711e03e644829dccfb08bbecda,CLEAR,DAYLIGHT,DRY,FAILING TO YIELD RIGHT-OF-WAY,3.0,35.0,4.0,4.0
0b2df94b23ac49dd5232a5285d9c63c9f4a5174c7ec83e99dc21dfbddc1c88adaf0ba5efb5276c439ac6f4275b33020243bc5b51b3ffe06e4e46ec8b931e10af,CLEAR,DAYLIGHT,DRY,IMPROPER OVERTAKING/PASSING,2.0,37.5,1.0,1.0
0b2e0e0c276c65af57b92744c910f393716852cdffc48423f70639bcbb19308e28da89a9334705c26a4e6a8048e9a9308b44bf968f3b6716b76b5fe9ff21004d,OTHER,"DARKNESS, LIGHTED ROAD",DRY,FAILING TO REDUCE SPEED TO AVOID CRASH,2.0,44.0,1.0,1.0
0b2e44d4087f35ae6ed7b86b2589093e22b153ff6c0f85c6edc256c9e7640ab62385e3126567f8e75dcbf5ad598fe843f4e12e5a0ecbba9c6994dabdadf2c266,CLEAR,DAYLIGHT,DRY,IMPROPER TURNING/NO SIGNAL,2.0,21.0,1.0,1.0
0b2e46119d6ad9682b72e143266c7dcb6e3abd82716fdd18fc03abbd8c6626ab725b928e40f4dcb8b0110129fef289c90b33ac89df2b9107c3c113c6f14432f6,CLEAR,DAYLIGHT,DRY,DRIVING SKILLS/KNOWLEDGE/EXPERIENCE,2.0,34.0,2.0,2.0
0b2e4c965f0b2edd5291145ed37a6e687ca31c7b65a939dc824d1f69998bc21fb5797b9dc837a8a88d06e1fc9819fbc26894615419e97d213fdc3fdf59d28f0a,CLEAR,DARKNESS,DRY,FAILING TO REDUCE SPEED TO AVOID CRASH,2.0,35.666666666666664,3.0,3.0
0b2e5fa6f556b1e61823af42e62fe5233175ff7f942e6426ef8eb8aeaa05695e9a0ffa14c8e086fc0ed0bf0dc8c1e01d97d809e544f9e350e10834d7fe3f3018,CLEAR,DAYLIGHT,DRY,FOLLOWING TOO CLOSELY,2.0,43.5,2.0,2.0
0b2e62c880351f8f89dabb861e2e119051cc5de7bb22e6ab5b8674770d7a7a694e139c4c8298f20f6fb9fcf31fc81aa72ab99a6d8a0ff252b08d21e14aabb586,CLEAR,DAYLIGHT,DRY,DISREGARDING TRAFFIC SIGNALS,2.0,38.0,2.0,2.0
0b2e7a3e093981e67ad1bd73d161b93a44cb7396a736832104ecb9dfcd870d37ae0ada9bedcf7b561fd48771e5108724764c64187b1df80b33b5eee9e70db98c,CLEAR,"DARKNESS, LIGHTED ROAD",DRY,IMPROPER LANE USAGE,2.0,31.0,2.0,2.0
0b2e83764190fe257bf6a52a9d4eb6c1a1f207523f6ecd495133ddf7aca5e7fe04487f3af6c0e315efab008da039215986ab0713d72918b993bf21f1266d6e4b,CLEAR,DAYLIGHT,DRY,FOLLOWING TOO CLOSELY,2.0,75.0,2.0,2.0
0b2e8eabe8ef95f64b41966e9113c100544219d19846067258f3b622e72a3845862f540305ded168ae56a090e633a39f33c6142c0730252652f418b03115e33e,CLEAR,DAYLIGHT,DRY,IMPROPER OVERTAKING/PASSING,2.0,46.0,2.0,2.0
0b2ea48c019339b30e5fd5993b6cb96eafa99063f4760b705bed8a4b65c2f3b14931d6f75445d1409cb90e096667e1e50078db71e6392d73a166254514c65119,CLEAR,DAYLIGHT,DRY,IMPROPER BACKING,2.0,37.5,1.0,1.0
0b2f0f6763f34e2f978b35601e967c5908b9aad9817dfbccaa5fed1a6ab24a34fc6b22e182b05003e79ff71cf97259a47f2aad5ac99c9cff71544c45f6160737,CLEAR,"DARKNESS, LIGHTED ROAD",DRY,DRIVING SKILLS/KNOWLEDGE/EXPERIENCE,2.0,21.0,2.0,2.0
0b2f3446ca22b26066f70082cb31475812e6e1011a8eb66c7e753e87c14026e1ca894fc9e5a9b65ba63337cfb18ff3146a27002215a421a071786f3a8bcb278b,CLEAR,DAYLIGHT,DRY,FAILING TO YIELD RIGHT-OF-WAY,2.0,53.0,2.0,2.0
0b2f3cdd11fb9c3710cbdac17878b7cee7c45453a7d661516817b83c461237953eeda9c1bd31d0910540f7749ff0d1502e92b4fb69b9db15ead140daae07dac0,UNKNOWN,UNKNOWN,UNKNOWN,FOLLOWING TOO CLOSELY,2.0,56.5,2.0,2.0
0b2f67d31f04c28831de084abd54049e106bb167ab6bfd1ba0b561da15ee1616804599fc7cde7d7152dcb89d748f755cf10bc4008a1aecbbac9a179577e02373,CLEAR,DAYLIGHT,DRY,FAILING TO YIELD RIGHT-OF-WAY,2.0,37.0,2.0,2.0
0b2f72fb9f89d4b29ae1f02b8a7b3d7f70159a7884b2c56cea5dc0305f6ce4ec9964c11c3c5a8030a77258fb75c3045b82c67b81b2640ae76a156ed67f16aa4b,CLEAR,DARKNESS,DRY,"VISION OBSCURED (SIGNS, TREE LIMBS, BUILDINGS, ETC.)",2.0,32.0,2.0,2.0
0b2f8186048d10f3b289314ee56d75effac3f5480d9ac62bcd8d2ac1d6bcd98dbe4bad125ef11e9053dc0dfdd2470d3b60b749ee1491a193416ca8e3c95aad1f,CLEAR,"DARKNESS, LIGHTED ROAD",DRY,DRIVING SKILLS/KNOWLEDGE/EXPERIENCE,2.0,24.0,1.0,1.0
0b2fa404c9e8951482c82818756810b4488036b645be67e1439f56d45f5a8a0a62405a807fc356080798fd886d6f59378b6122c6aa0fce35af7577d3bfd0c4b5,CLEAR,"DARKNESS, LIGHTED ROAD",DRY,"OPERATING VEHICLE IN ERRATIC, RECKLESS, CARELESS, NEGLIGENT OR AGGRESSIVE MANNER",2.0,31.0,5.0,5.0
0b2faef315526f3bc9d59d8330f432dfc2543b3d4a2d3608cdc4cd8a9b2acabde15dc83b2a286fde46ff553932e549412d3310b812d487a60efe5b129ec0c7a2,CLEAR,DAYLIGHT,DRY,DISREGARDING TRAFFIC SIGNALS,2.0,45.5,4.0,4.0
0b2fcf19b813f8fdff9030ae16a964817b1e682c2b697f98fc0d7d081d2ba13ac1825bd51bb882bdf332f0d662fbd56bdd0a1c465e8d9bc0a20586ab30c79437,CLEAR,"DARKNESS, LIGHTED ROAD",DRY,DISREGARDING TRAFFIC SIGNALS,2.0,40.5,2.0,2.0
0b2fd3be3c981db7cd813f7a9f3bbd94c27c7e1aff7f39711e9167bedb4589c77f1657aef43af0047e8f8609120ef895c9ee00215a0ba3d78fe5a6eb3ba1fe2f,CLEAR,"DARKNESS, LIGHTED ROAD",DRY,FOLLOWING TOO CLOSELY,2.0,30.0,3.0,3.0
0b301e762124853d3fc755621b449cfd184ddcb05d18c8e7aec4477724f5cfad49efebe86e197da9c8c3fc9603ff6caf198e097147ff30265b85519a76df1735,CLEAR,DAYLIGHT,DRY,IMPROPER BACKING,3.0,53.5,2.0,2.0
0b3031d29862f674f51faa7fe49bb963c8f5639f15fedb8a3e562cc376e8750676b0cfeb9a16517f1d6efd62ee75deebb73281f20133f091cb1c27c7778ee708,CLEAR,DAYLIGHT,DRY,IMPROPER LANE USAGE,2.0,39.0,7.0,7.0
0b3034c868b67b801c67dc80fe97ac6a2909d38cd252b7cb00b41980f9f8d493e80d871e7aceccef03178c490183bfc5d81d34b69b47e34c0fd5fae23eb69410,UNKNOWN,DUSK,UNKNOWN,IMPROPER OVERTAKING/PASSING,2.0,53.5,4.0,4.0
0b3059b7378831b566535939451d5e3b14acbb8b8fb961b0d40f6b0de428d04b3dad93b2b0d28e86f98912079b05a67c8f500ab950506ea52d55533a7b6e5dd9,CLEAR,"DARKNESS, LIGHTED ROAD",DRY,FAILING TO REDUCE SPEED TO AVOID CRASH,2.0,31.5,2.0,2.0
0b30777472416950a6f2c29221c69da1d67ce87cf412d035052184b3572ec079fdc10981113072c53fc8e290224356a337824c2089b3c61ee71b205ccc792b5a,CLEAR,"DARKNESS, LIGHTED ROAD",DRY,DISREGARDING STOP SIGN,2.0,42.5,2.0,2.0
0b308ceaa94d1e3721ef2f56795726c2eafe920b707a93e7c551b65aaa975c9a97858a5cccc7baafb78ec091a8bccd9e3bb22dd4670c58d93b1a189dd05ec831,CLEAR,DAYLIGHT,DRY,IMPROPER TURNING/NO SIGNAL,2.0,41.0,6.0,6.0
0b309112ef1dd27535ae6b7a7559eb0b68d6030d6d988320f74c61a56f4b1b5d992b2d0fac3496711e356c8fcbb9e9fc4a96cec1756552c1ba59a807b84b9bb7,CLEAR,DAYLIGHT,DRY,IMPROPER TURNING/NO SIGNAL,2.0,28.0,2.0,2.0
0b309214d43cfdc5ed686444b56e2ec99632b1391e168480f98a3f792cff6b08a549ce964b236fceb9d11aa11ad17ad5131911023fc82f4a39964b8988cfe896,CLEAR,"DARKNESS, LIGHTED ROAD",WET,IMPROPER BACKING,2.0,38.0,2.0,2.0
0b309f84b0c3d8b8fa02d977175868adf28fb8ec27c98efed80c0603390c1dddcf5064f2e783ee50e687722599edddbc8e40d6abde663c5c72c2598a142cc944,CLEAR,DAYLIGHT,DRY,DRIVING SKILLS/KNOWLEDGE/EXPERIENCE,2.0,48.0,3.0,3.0
0b30e81e0242436b469b501fe0a02808483af91fb621edbfdc079f92a35113c62beaf68eb0701c0d9295abbd83de9d7834b2167126e629ad867d41699b0870d1,CLEAR,DAYLIGHT,DRY,FAILING TO YIELD RIGHT-OF-WAY,2.0,28.0,2.0,2.0
0b30f172e5711d67f213d284dcc846b257859270d0a1eb2dca1dea5c1bd1327a45d42298095cb19d98edd0690c8534798acfc908f1d9c3159aed3263f0556658,CLEAR,DAYLIGHT,DRY,"OPERATING VEHICLE IN ERRATIC, RECKLESS, CARELESS, NEGLIGENT OR AGGRESSIVE MANNER",1.0,37.5,1.0,1.0
0b30f25da9ceb097a113d488a53bb75bde6839dd449c4f88599a1f650fbee81c51b4492b978b9e5d367227d0c70ac7c7299956d2869207baef3a94415eba3cce,CLEAR,DAYLIGHT,DRY,FOLLOWING TOO CLOSELY,2.0,21.0,2.0,2.0
0b31075123cf092db31921326343a28b26678c6ba03358f33c6e51993da019c023197206e5e236e2222838d5d8f8ec11da038d1614e25367099fd4957dbdd805,CLEAR,DAYLIGHT,DRY,FAILING TO REDUCE SPEED TO AVOID CRASH,2.0,58.0,2.0,2.0
0b311b047f3b0f73b22e541550be976f54cd033d2ebf17d474f25d6c202e7d6f037a0a005bac47a75c539c915ed1c5bdfe5a25745e3333496181c30883a40675,CLEAR,"DARKNESS, LIGHTED ROAD",DRY,FAILING TO YIELD RIGHT-OF-WAY,2.0,52.5,3.0,3.0
0b3129b3425f49ae71cf42173efa025955482960c78d732aec69e2b8b912322bf0abf1dfac25ca50ea1be89c78d7dbb8f74da44de8f0a27eb115f3613b626a78,CLEAR,"DARKNESS, LIGHTED ROAD",DRY,DRIVING SKILLS/KNOWLEDGE/EXPERIENCE,2.0,30.0,1.0,1.0
0b312cba2a68cbeea124f230279dcfd60a5c69204e0778dad48a23001e3733af827603689a371935776dad0e0c062b621311d90d8b29c625e5fa4a0834c6b378,CLEAR,DAYLIGHT,DRY,FAILING TO REDUCE SPEED TO AVOID CRASH,2.0,19.0,2.0,2.0
0b31377157bd6fd769102dc97aaddc218c66c404bca3c6d179540b252689de4ba74bffb85ec8002615b93e9b21c230ea409d9cf53ec52ffc1c1adba285a95d19,CLEAR,DAYLIGHT,DRY,FAILING TO YIELD RIGHT-OF-WAY,2.0,22.5,2.0,2.0
0b314e9ede190752fedcc72471482c220ac434e207b3c0aa2a76131121131cae99a68251f5933f2e5aafc1b7808b857f3a61528bc54a7c0e2f320126f88eaabc,RAIN,DARKNESS,WET,FOLLOWING TOO CLOSELY,2.0,24.0,2.0,2.0
0b315f2dc971f7d984d8335e4f2ce9c4fb36b61bdd3ca943d2fd54165ecfdc59071af75651884255c7785c8c390bb0ffff18ab066cd37b156d9db6c47b79ddb0,CLEAR,DAYLIGHT,DRY,FAILING TO REDUCE SPEED TO AVOID CRASH,2.0,17.333333333333332,3.0,3.0
0b3189131f9be930ea35501b6e96db29c89342e85b356738b7d4a1b50a3c6eb28ba2c6c18612b2d03d2b2e006e2a0baac4548a3571b5784de4c7e3f78549bd83,CLOUDY/OVERCAST,DAYLIGHT,DRY,FAILING TO YIELD RIGHT-OF-WAY,2.0,42.0,3.0,3.0
0b31a7115bf43289ebdff91e5a51834d913dffcdb3e153f7509c02953ba86875d4965e514d1799387949a40518778d8c0b413362221e1973018c9e29df0a42c2,CLEAR,DAYLIGHT,DRY,FAILING TO REDUCE SPEED TO AVOID CRASH,2.0,36.5,2.0,2.0
0b31aa37dc688f7d1abdcfe51d54215be7c471156251801acbf91b3981620789e1a65878e3feefe3eea326bd312bdaa4840e83bfc41df9392fe51388217d3a15,CLEAR,DAWN,DRY,IMPROPER OVERTAKING/PASSING,2.0,29.0,2.0,2.0
0b31b7daf2844b79b5ea47ee883e155018e6b2e961c8f18decb7893cf25cfb5433725bebfc383d70fe20df7f49daa3c50c6b44dc2acb6b57556d4314301d7939,RAIN,DAYLIGHT,WET,FAILING TO REDUCE SPEED TO AVOID CRASH,2.0,27.5,3.0,3.0
0b31bf5051d417cff79d030e5db30e0e2e1e10d26288ba80a1ce526ddc232f0dfc4ec30af8ad03d62b6fcc3733f92c26179d51dc3b36167ebbe8708caa993f59,SNOW,DARKNESS,WET,IMPROPER OVERTAKING/PASSING,2.0,41.0,2.0,2.0
0b31c010861b9eeb9f9af6b008c2c2e8990b412a9b1d19c86e11ca241c7b5e0c271a28591a684cee4a670d7ee5ae59b85ca3538425c20445379b4e19a6c542c5,CLEAR,DAYLIGHT,DRY,FAILING TO YIELD RIGHT-OF-WAY,2.0,52.5,2.0,2.0
0b32236304ca4d15d517c72e20d97792c892a02450ad344432b9775e302a5f286a7d318b112b6c6bb544b6747198123dffef5eebeefcb8e3d20ff191debc27c2,UNKNOWN,UNKNOWN,UNKNOWN,FOLLOWING TOO CLOSELY,2.0,37.5,2.0,2.0
0b326415822144e9bcde5d60b0a1fc7924af12fd653115d0a0ca330894679cab451e49be9dccbd541a710d9b51b53c2a28a1f26985aecddfe7792379eeea65f4,CLEAR,DAYLIGHT,DRY,FOLLOWING TOO CLOSELY,3.0,23.5,6.0,6.0
0b326f85cd87f8957941e309a265112e91c2296d0246a7f7541eef8ec76be819d1892dd5a1de96e8af3cbc3f0b29bca56843a2f78009a05c4d5f23a7f0399dee,CLEAR,"DARKNESS, LIGHTED ROAD",DRY,DRIVING ON WRONG SIDE/WRONG WAY,4.0,38.75,4.0,4.0
0b329bbf3ab61d1020cc00ffce1dfd56fbca220dbe1d56f2c20005832803c5c856c8ce5e4a1ec8f79a314a24b02e608aad78c86f1441128c10db4d2b41dddbfb,CLEAR,"DARKNESS, LIGHTED ROAD",DRY,FAILING TO YIELD RIGHT-OF-WAY,2.0,35.333333333333336,3.0,3.0
0b32c08954c485c3dab40fe56fe47d85432e71a4fc2ae8d7d37d2bc4c8eda56c65cbabc0e0ba26e5206c5396c86ba62bf725b83a53b90599e663c3d4f277c8dd,CLEAR,"DARKNESS, LIGHTED ROAD",DRY,FAILING TO REDUCE SPEED TO AVOID CRASH,2.0,32.5,2.0,2.0
0b32fc610d61a213309915891822c67890d7486387b2c9e1e2de090b8b7d99cc37bb08542a1d0584024a69d2b969010147cb3126f591ca7b0d0d063d68fa104d,CLEAR,DAYLIGHT,DRY,FAILING TO YIELD RIGHT-OF-WAY,2.0,37.5,3.0,3.0
0b330097b22a2abbac6541114f5cec35ad73fcbcecea247bd424236cddc2da3cbdd58f16e929171b101ce36c8d03bb578ddd25e9ff4c42d18ec93abce453182e,CLEAR,"DARKNESS, LIGHTED ROAD",DRY,EQUIPMENT - VEHICLE CONDITION,2.0,38.0,1.0,1.0
0b3345a1dbce27738dbe2cf45387f8b40673083f210363960b410f7625de8de8f4f1cc1a5ddf02810cae7beff323144a2ec45cb80a02acc89396b57d3718bf9c,CLEAR,DUSK,DRY,IMPROPER TURNING/NO SIGNAL,1.0,50.0,2.0,2.0
0b3346e3961f25f356eb12596095c93974cc1349a530676be04d7a05ba89dd51d9a1bb50d5b1a510f395f5cfa8a32ff0ee7534f637fd1d32e70caf7e007fd94f,CLEAR,DARKNESS,DRY,CELL PHONE USE OTHER THAN TEXTING,2.0,43.5,2.0,2.0
0b335ed7384da65c8ef8465f5885fb573aea78ec96b7ca1b3ecad33b7c9a0ba1e358ac41add0fe5c0308542a70d2e55b80b777bc3b0beb898cff269462dc137f,CLEAR,DAWN,DRY,IMPROPER TURNING/NO SIGNAL,2.0,28.0,4.0,4.0
0b3360695ffe953b5002bb2a732747b12078d29c89c538f8fa1ff6d981002ed8cc96b2b3f9cc0e5b388b4aadfc55dfcfd769ebab7c4c5114ae13ccfe447bba2c,RAIN,"DARKNESS, LIGHTED ROAD",WET,DISREGARDING TRAFFIC SIGNALS,2.0,34.5,2.0,2.0
0b336984b910c72c817b0a4112252ddd549f17e45986fe11feac97cde17130906d9ee87fa5a9fc8df37cfcb8e2dfe79dcad11cad3460cbb591ac288033c58641,CLEAR,DAYLIGHT,DRY,FAILING TO YIELD RIGHT-OF-WAY,3.0,35.09090909090909,12.0,12.0
0b336d943511287d1f919dcc134ffba940383ae8577f14062edcf0218ad76154930e387652439acff7a2f7692e0f553d3410cdbdba7283a424d82bb1675c7347,RAIN,DAYLIGHT,WET,FAILING TO YIELD RIGHT-OF-WAY,2.0,41.5,2.0,2.0
0b3391442e95bd76551975c5b2db3b66d82dae5ad8696bfc382937a26104ce07db7417fafa5bf08625ca09347e7c5c9b8fe25f049346efa0d71db57cd19d9879,RAIN,DAYLIGHT,WET,FAILING TO REDUCE SPEED TO AVOID CRASH,2.0,41.0,2.0,2.0
0b339a0429ce5169b83548566c4d994e63e5ff35172b144d2de4d829fa4c7d58b6a256eefea5705334751f8bd17a10e80c2721d73d2b77c3b9bc47abef46ffc9,CLEAR,DAYLIGHT,DRY,DRIVING SKILLS/KNOWLEDGE/EXPERIENCE,1.0,28.0,1.0,1.0
0b33adeed8ccaed6e59f841c3f070195dff1d0d9a6529af68faffeb2a14327a741b5a28fd92bd6fff8d30850b6efe1a9d1d6119dba24c62f08579b32a666f482,CLEAR,"DARKNESS, LIGHTED ROAD",DRY,FAILING TO REDUCE SPEED TO AVOID CRASH,2.0,19.0,1.0,1.0
0b33b6bd730a5df5717dc271eed29829c207987d002d22f5243d391179b10f4eddb56dfbac506969179277a4b6c5c0c8e4da5c87e2ce013d61d9911a5f52a488,CLEAR,DAYLIGHT,DRY,FAILING TO REDUCE SPEED TO AVOID CRASH,3.0,28.333333333333332,4.0,4.0
0b33c15fe39bdada8799626887fb667daf17429ebeecafe4c01e5c08ad70e55a2addbbb78800fce1cb7d2c7cb4864da733af28eb952a22394b90548d90eb8f0f,CLEAR,DAYLIGHT,DRY,UNDER THE INFLUENCE OF ALCOHOL/DRUGS (USE WHEN ARREST IS EFFECTED),2.0,39.0,2.0,2.0
0b33e1aad51f6c24748d7879ba65e1e72f197311319b7862065bf28a6865515c9e86baea79de0f734a265ea7d95e252a636068ee09a0917efffb6dc7bb99a4ac,SNOW,"DARKNESS, LIGHTED ROAD",WET,IMPROPER BACKING,2.0,37.5,1.0,1.0
0b340876f3a7c96d4b7347b434ac4dcce9c7e96ab2158e6ca0e1f9cc9be7d33f7f66021d6ba07606e6f8614f88ac2ae5b9e0d6bca697d87e8d98eceb07306c45,CLEAR,DAYLIGHT,DRY,DRIVING SKILLS/KNOWLEDGE/EXPERIENCE,2.0,24.0,1.0,1.0
0b343830a0de8c4cea69a065f742f8714141dddff1b1062e3e7b5d9f9ab6b845108abc53ec6dff6b9a19e997dfa86c6e363e9c6011eb7c0b3419dca8c32e1736,CLEAR,DAYLIGHT,SNOW OR SLUSH,EXCEEDING SAFE SPEED FOR CONDITIONS,1.0,34.0,1.0,1.0
0b343c34d3fa8a05a2e74ca4a4264572236e61bffd63c4d513b4a076a578ff464e0db6b03b2ba47f0b7a32a391014906d2cb4750a9730e689cd6c999b59dcdeb,CLEAR,DAYLIGHT,UNKNOWN,IMPROPER OVERTAKING/PASSING,2.0,27.5,3.0,3.0
0b345386eb43445ae5ddc6c2692f7d99c16c40a0013c5a5b3f122f576996333c9a3a2b673bcfc8a30fbe1579ba6a219d14b2cc4cd5db10ea3554e61ba1bf23ba,CLEAR,"DARKNESS, LIGHTED ROAD",DRY,IMPROPER OVERTAKING/PASSING,2.0,37.0,1.0,1.0
0b34677b1bdd5af16fe6c83f06187175776fcf3c9a8cbb89a4922662c8da38f6a238511e651c079559c194a8699b49272a036f61133c3c8de3222dfd287675cf,CLEAR,DAYLIGHT,DRY,"EVASIVE ACTION DUE TO ANIMAL, OBJECT, NONMOTORIST",2.0,48.0,4.0,4.0
0b3493a4d474ff75751ea2ab3b4f60c592e638c96b04d544afa27160b28c69d42ef9c18fc6ed656def84687c095882a93d474acd960189da5ff75b7ab7dfd538,CLEAR,DAYLIGHT,DRY,IMPROPER BACKING,2.0,37.5,1.0,1.0
0b34c5f3488d54ce91f22ce6f0effff0b67f685635b135b5fa3ea2eb56e7272fa87f94071bc5904880db41b67736772ad1dd21276d5580d2f3a6bd0594d6c65c,CLOUDY/OVERCAST,DAYLIGHT,WET,DISREGARDING STOP SIGN,2.0,34.0,2.0,2.0