crash_record_id,weather_condition,lighting_condition,roadway_surface_cond,prim_contributory_cause,total_vehicles,avg_driver_age,total_people,total_injured
0b34d7f0469d852fdc2650bace8daeadcf9ce49a8bfcdef35cf5eb96df05692f949bebe20d47025633962434aad59aa873bda877584fc5c20dba1be895e337bf,CLEAR,UNKNOWN,DRY,FAILING TO YIELD RIGHT-OF-WAY,2.0,37.5,1.0,1.0
0b34e6906d25eb2257217b0c7ebe0785c04d5426bfe9c0c5e9c0539c7612e430134326454f3cab2fa48301335f5e340e0f3cda43c56df55a12b8ad2ae275fe28,CLEAR,DAYLIGHT,DRY,FAILING TO YIELD RIGHT-OF-WAY,2.0,36.0,2.0,2.0
0b353b2e7faba747cde31cf5c2f7021bc4959df698570d6ccd2e10e14648e8d9fd80a19c6844b9e644925cfa0d71b77700ef5876fb6d1755f0d9cce473c2d3d0,SNOW,DAYLIGHT,SNOW OR SLUSH,WEATHER,2.0,20.25,4.0,4.0
0b355432ff26e45ba90cfc7de33594b00b631302417347e739fbd96028195d420bec5bb68e6ab17f3f74e02e8322370cd2244b67c6120e22479f93bdadd6fa2e,RAIN,DAYLIGHT,WET,FOLLOWING TOO CLOSELY,2.0,37.0,3.0,3.0
0b356c7399084fa13c6335c7795e9cf59b2bf718e646e3e34164395573caa27786ce331873671a739888edccc5455bc874c69d26cdf32838f7f588e6bcfa75f0,CLOUDY/OVERCAST,DAYLIGHT,WET,FAILING TO YIELD RIGHT-OF-WAY,2.0,27.0,2.0,2.0
0b359874586d5f5974b5db47d7c4a794d479450c99a59f46638d7dcaf0ced5b5b34fe34174f5fe442a160417f03837f251ba267d7794f49f0857999274f39f3b,CLEAR,DAYLIGHT,DRY,FAILING TO REDUCE SPEED TO AVOID CRASH,2.0,54.666666666666664,3.0,3.0
0b35b3ba9df6f1c80fc6055e5b7431dfc9d2dfa7a5c04a9ce60a9071f150c310d905a6323b7ace6d64dc0a9eebb07eab98df05c9303b2c0216ef7ecd750e3d58,CLEAR,DAYLIGHT,WET,FAILING TO REDUCE SPEED TO AVOID CRASH,2.0,23.333333333333332,3.0,3.0
0b35cc4d84438685b728a359b58550ad8990311790ff4fc52598797a26f58f8546e1140b529850fb9ef5ffa3b6e3a54dffece4db0a347174fd7d871e9373d951,CLEAR,DAYLIGHT,DRY,FOLLOWING TOO CLOSELY,2.0,48.0,2.0,2.0
0b35dea9af6c50077b199340905c560791f7f9eb4d4aec4eae2f93b2e71646637230d698cfe383ad1239c84092345d0575f59c44113c1521580bab46bbf9bac1,CLEAR,DAYLIGHT,DRY,FAILING TO YIELD RIGHT-OF-WAY,2.0,32.0,2.0,2.0
0b35e7c19f143a910041dfab25a8ae30e8a2a92e6b9c8afacfa824ae08a28256b538635c791c4d573805d7c39d4bea7ec05232efc03ffb97e22a02bd16e95015,CLEAR,"DARKNESS, LIGHTED ROAD",DRY,DRIVING SKILLS/KNOWLEDGE/EXPERIENCE,2.0,24.0,2.0,2.0
0b35f22149dbd0682f399f9684e12599998aced0cdc8823886957dc390127fd4ab74450d35d670cfe3a3bbb61cd350af766b3fde7400129065b4fb6e6ed6026c,CLEAR,DAYLIGHT,DRY,FOLLOWING TOO CLOSELY,3.0,26.0,3.0,3.0
0b3606434aadbce95807bf44d82f97117267334fe63eab220e4c9123a51fa6d2a896133a702e9bc813f3828adffe7c98a38bfccdf2bef073130a348ded63664c,CLEAR,DAYLIGHT,DRY,IMPROPER LANE USAGE,2.0,37.5,1.0,1.0
0b3638c5eb247418ba119c8af4f837427cb14695bc7a0fcc65e60a22734de1755db9e018d49d38a2038e6bce8c30075e664ee342dd854c13eb7ec3346204c09a,CLEAR,DAYLIGHT,DRY,FAILING TO YIELD RIGHT-OF-WAY,2.0,35.0,2.0,2.0
0b365e281598c8d17e60280765b687ac147a82c32e11f7bcd660640d91140ded2811a0d1db90029be7c3fe44df15d4ac2fde1c6c4a0515197b10c21f90c4afbd,CLOUDY/OVERCAST,DAYLIGHT,DRY,EQUIPMENT - VEHICLE CONDITION,2.0,26.5,2.0,2.0
0b3679e0b368496037de281c502f6ed77b482cc5a520cc4905684116b1fcc91805c6919dc9d84808053c36b7de1c7f13e3f742b3f0dfa9f0d980b74a9f2f05c1,CLEAR,DAYLIGHT,DRY,IMPROPER OVERTAKING/PASSING,2.0,27.0,2.0,2.0
0b36998a212df9c612454a1235c3d792858c652ee0b82bffa7a6c7575cf5a2b8c2cbb489fcf47f248fdd4558067266c417d2370770717a0ef944cecd67f3699f,CLEAR,"DARKNESS, LIGHTED ROAD",DRY,FAILING TO YIELD RIGHT-OF-WAY,2.0,26.666666666666668,3.0,3.0
0b36abce9859c83246926980ba935711073f5464c0317e5915a317399fc4beb2c50bb42c6a5223f7aebd2fe741e1cf8fb5df367a7ff52f242c39ee99c47addf5,CLEAR,DAYLIGHT,DRY,IMPROPER TURNING/NO SIGNAL,2.0,42.5,2.0,2.0
0b37089c3b836617369e7098dd2b8f2dc4aa343d57b5ef188eab8e120340cb602c143a1295e1c6868771734085f6e23cec0ed331afbae75654de53423ac8722c,CLEAR,DARKNESS,DRY,PHYSICAL CONDITION OF DRIVER,2.0,36.5,4.0,4.0
0b37271ba58c297cc61aa9507e82110ddd37fc335ae98df5ad362ebb50c9e20010558c1fc9016f8ec72c94a6b56d64e91a40f34034f4ff58d2e50fee89bebad7,CLEAR,DAYLIGHT,DRY,FOLLOWING TOO CLOSELY,3.0,37.5,4.0,4.0
0b3744a25c16e6a8e817c9297f456e43b75a8717698d08800195e23b9c21bfd7dcb8b41544cc8fab610898bfdb2c52480245e3dbd2d0b2ce3f000dbaf21c9e1a,CLEAR,DAYLIGHT,DRY,IMPROPER BACKING,2.0,34.5,4.0,4.0
0b3752844dbb81a3584eb377dc5209d4fc28184b473a35a1e10554b302e12a481f2a7d889ad020dbc1125448fc2c9484c7ba6aad226d6eebbe39c0bc5f75a89b,CLEAR,DAYLIGHT,DRY,FOLLOWING TOO CLOSELY,2.0,28.333333333333332,5.0,5.0
0b3769efad4fc265e9f9646cb385319155a1974b447c7c3eff4ab9839d3a9ab04159b692d95aec18bf2f890acf858ddb8c2281e9c3f988fb3cf298a311c9b182,RAIN,DAYLIGHT,WET,FAILING TO YIELD RIGHT-OF-WAY,2.0,28.0,2.0,2.0
0b3790a970d9bb55d61b5354bd73310cfbd2d6ad1b52a5eea3684da8abc4e0baaa18973e28acf89fbcab6593994fff727e63dd7f6b12acbfd15a58b211886557,CLEAR,DAYLIGHT,DRY,FAILING TO REDUCE SPEED TO AVOID CRASH,2.0,39.5,3.0,3.0
0b37aa1d5d14e0d92a212a7a1071e00982b98aab2610fd41ed7d155e2f84e7879b1e02211e1243142ea18f1f8965383cbabc7a88c43b0b9ffc81683725d55b8c,RAIN,DAYLIGHT,WET,IMPROPER LANE USAGE,2.0,26.0,2.0,2.0
0b37d7c898d7b65602c3709db4deb708e4cdf23a8b85fa02d3e11d980a50fdd0b6568d6d3272e3a2f5c2119ef7e8a80fd07cefdb6e8cec51fe70f027ba041b08,SNOW,DAYLIGHT,WET,FOLLOWING TOO CLOSELY,2.0,34.0,3.0,3.0
0b37e3eef52e7f66c15fd19247d69c547ad2a38fd52f6b54c30db19366ec622c4b8206ea951d9fccae9b76e8097ffa242f2f871ba00ec969badc2b6156adc669,CLOUDY/OVERCAST,DAYLIGHT,DRY,"VISION OBSCURED (SIGNS, TREE LIMBS, BUILDINGS, ETC.)",2.0,29.0,2.0,2.0
0b37f7271796f028e0201fa6605ee958290d9e2878680b5d4107358cc0f4a10f047b33f7822f1ff68d31d2af895270a15a38984e974722ddc53a949645c6d4ad,RAIN,DAYLIGHT,WET,IMPROPER LANE USAGE,2.0,56.0,2.0,2.0
0b380bb13f1a0085088e52f1ad07eba63b6c763446dc5e1e07337e29381628c9d598147e9f28c85fc8943958d5f8f72380ad7687e733db70864b82d412b376b1,CLEAR,DAYLIGHT,DRY,IMPROPER OVERTAKING/PASSING,2.0,37.0,2.0,2.0
0b3810512d3dbe1baac528e0d1734a715d5b311569324faff41af215ace16a5ed50144116780674c18deaa8d63251e9004302834a487da547d3f52297a0dfb6e,RAIN,DAYLIGHT,WET,FAILING TO YIELD RIGHT-OF-WAY,1.0,25.5,2.0,2.0
0b383a63c44eea219e455f173eaab01f03fa0ff0c478273c34cefb315da5b46f71542649c74937bb5c177c35f9c5e3a333487f7da540650ccc2640439ffbc472,CLEAR,DARKNESS,DRY,FOLLOWING TOO CLOSELY,2.0,27.0,2.0,2.0
0b387277591f4476386cc45d21a8d54062a57a0454a6500fa372aa7cec84ce74689f80c18906dc4e90645dddef2000e443a669b194d5553af77e474c0f2b650d,SNOW,"DARKNESS, LIGHTED ROAD",WET,WEATHER,1.0,53.666666666666664,3.0,3.0
0b38a25ecd0280f8b6ddb01d59b82dc9b568f27f5474a24d311072b86d3bd3a89cdfa6f9a16c42ba422cca7ba63e8ed2637c63cc579aacf45bcae421679a29e2,CLEAR,DAWN,DRY,IMPROPER TURNING/NO SIGNAL,2.0,35.5,2.0,2.0
0b38b66605b408a44f12ce814987f2507169346bac2cc635e706f8cc4338c0daae03a8c2bbe1690bdc2a3698cddcd9c74f2d751b4450d5e16817cb1909d938a1,RAIN,"DARKNESS, LIGHTED ROAD",WET,"OPERATING VEHICLE IN ERRATIC, RECKLESS, CARELESS, NEGLIGENT OR AGGRESSIVE MANNER",2.0,22.5,3.0,3.0
0b38d63e93ec8e0381d261bcc425f6d48b9f2beaa33d60b4758fe097ef53f6f57333996e8706859da8dddd21d7dd3d922d050d5d98f706fbe563d5afac2821e7,CLEAR,DAYLIGHT,DRY,FAILING TO YIELD RIGHT-OF-WAY,2.0,62.0,4.0,4.0
0b38d8af79956ef24ef796ccaa51b64fcec6b90da900cf5e14a8c81ce17b902155d89a44b4314d23a7bdea6ac1e32a868a6f298089ff4b717a82b2d6c2dfad86,CLEAR,DAYLIGHT,DRY,FOLLOWING TOO CLOSELY,2.0,40.5,3.0,3.0
0b38ebeafdb9ac09f547c4e161021f53697078f77dad44669b9680840c0eecf9ac109cb99edc0e24d5ea47693538cfd6bb7c6ee212199877088b3ae4bff0d075,UNKNOWN,"DARKNESS, LIGHTED ROAD",UNKNOWN,FAILING TO YIELD RIGHT-OF-WAY,2.0,35.5,3.0,3.0
0b390d59d9b1638dc16975e1a31220bb9418c5efe8ef34442688ab837fc899fd8d0aa7c6ab7de0e5b463dc3300a538a4b492e1fb5e350601f877ddbabbf6eb79,CLEAR,"DARKNESS, LIGHTED ROAD",DRY,FOLLOWING TOO CLOSELY,2.0,58.0,2.0,2.0
0b393e460c7d252363e3b6814dd0d5b6d92ed6ec5a1320ad3e8d189ec2d720b6c18f29311abade65fbaa6448f85f2731dbd4421c169e724c3764df14e6727598,CLEAR,"DARKNESS, LIGHTED ROAD",DRY,UNDER THE INFLUENCE OF ALCOHOL/DRUGS (USE WHEN ARREST IS EFFECTED),2.0,30.5,2.0,2.0
0b39445c969a55f5919c342f12c88a40cd662f765ef32cfbcd3d58cc4dcbff10402e44d799a2d826f88efa6529c770b7e2c41c1f5f57ed01cdde40d4031bc312,CLEAR,DAYLIGHT,DRY,IMPROPER BACKING,2.0,49.0,2.0,2.0
0b394584b5925429b5cae1b20e22713ece6dc91defbc42d635c5345ff81b403b67ff6f6213d732c7b6d53f8c4ac5bb56ffe93b376e4b85f1e6a46a0bd71fdfb8,UNKNOWN,UNKNOWN,UNKNOWN,IMPROPER LANE USAGE,2.0,38.0,2.0,2.0
0b3948d52176b5a12f0ec3986e0616856b7c37f689e195583393ee1b098ab5a27927822943465ac634ca77acacd6c77a0d43a500b507545d0d2f45657c58969f,CLEAR,"DARKNESS, LIGHTED ROAD",DRY,FAILING TO YIELD RIGHT-OF-WAY,2.0,47.0,11.0,11.0
0b395efd04fb9d8dedb28cdc2097eaf0c7852b79010f8c93b6b4eb9b9daaff58c66c7dba063e4231446be5132b0b77df043e8302aabb77ed031f797ecba63ae6,CLEAR,DAYLIGHT,DRY,"OPERATING VEHICLE IN ERRATIC, RECKLESS, CARELESS, NEGLIGENT OR AGGRESSIVE MANNER",1.0,37.5,1.0,1.0
0b39afa7385f70538d6f9d17f35027cc78045dc2b6640bb9ea6e723199c8249e70fd33d6d6fbd4197b130c1668c601b2bfc680f4363933b16c8acfd70e456c26,CLEAR,"DARKNESS, LIGHTED ROAD",DRY,IMPROPER BACKING,2.0,37.5,2.0,2.0
0b39bd87ad65fff2806a4b79643a0ada9ed09b4f9e101078363087176c6f2cbaa09e44de8ec83287b542eda37c627934ccb1d99bac3831b2f47d64273d08b438,CLEAR,"DARKNESS, LIGHTED ROAD",DRY,FOLLOWING TOO CLOSELY,3.0,45.666666666666664,3.0,3.0
0b39cd4d978123bddccff30eeaa6d53703342fda6e48c375654e6c91dc207d7ea5dc8d1bbc30c89e4434202c514d938d8ff70299b3b2c12065386490af63fce9,UNKNOWN,DAYLIGHT,UNKNOWN,FOLLOWING TOO CLOSELY,2.0,34.5,2.0,2.0
0b39dc113c8f752f6609764700b01f0eab6a452aab8c516d3848f196b7c179e4a801c7afcc4cde84fe4bf29d7e427693f7a7f5f7429bc2eb9719c14e31ac1995,UNKNOWN,UNKNOWN,UNKNOWN,IMPROPER BACKING,2.0,37.5,1.0,1.0
0b39f5cfe605dfcf12376c0b8c389b97ce81d19b4df003ba8a0e2f9227b27f91b9d1f54129966900408136f82a3b4dd747d1f5fe54ab278349067e3c067489e3,RAIN,DAYLIGHT,WET,WEATHER,2.0,58.0,2.0,2.0
0b3a4f57ad1bf01cb6b094bc357372b8d929a4f4fb2d7dce3165841a085c3bb0b4ad672d953626dbbafe0742cc942ab5957bd7e3b1455f277f0fd147bd5c1af4,CLEAR,DAYLIGHT,UNKNOWN,DISREGARDING TRAFFIC SIGNALS,2.0,32.25,4.0,4.0
0b3a6f9ce8e8459749049427f48fd66ae518706ad68a95f78ac100a21bce93c86fb96b60fc440796f367a1cde619a099bb232bf6c6e00df3a25cb0a1dfdfa782,CLEAR,DAYLIGHT,DRY,FAILING TO YIELD RIGHT-OF-WAY,2.0,24.0,2.0,2.0
0b3ae3f94dd322348e300784d307686604467585d658df2073088b35d6cf518f44ffb79cf05710749685ec7482771bd5ff2633d381a8ee41a98dcc0ce7311752,CLEAR,UNKNOWN,DRY,DRIVING SKILLS/KNOWLEDGE/EXPERIENCE,2.0,23.5,4.0,4.0
0b3af4615c16310a94fc72830b23097e243170de592c88a6b4cf97a7905f50a157b09e667c50093ccac3501d66fe645376c2000ad68362bae098d1a751e8f81b,CLEAR,"DARKNESS, LIGHTED ROAD",DRY,DISTRACTION - FROM OUTSIDE VEHICLE,2.0,37.5,1.0,1.0
0b3afe095da36c9de465f7c9b4d7c968ac6bc7ac6d7f3d419316e08024a4bea05b5f4086fd2d0885aac3e32450489d09e032486449411d7f138623875ccf6cfb,CLEAR,DAYLIGHT,DRY,FAILING TO REDUCE SPEED TO AVOID CRASH,3.0,37.5,1.0,1.0
0b3b1f49775b70c0ed5807929f1f7ddabf1a0cd568674a367e3f8adc2eff59b3755e16be323cf20a3650c44e9e2dfaa5e0291ffaefc6ce995578ddeaa5fee982,CLEAR,DAYLIGHT,DRY,FAILING TO YIELD RIGHT-OF-WAY,2.0,53.5,2.0,2.0
0b3b1fbfb244bbbdcca85ca426115df3622b9270c76302c6d7b09e3e8d2ee233f96838322b0de0d76d53a9d69a4f3f1199218cd2ef252577cf1766b0fafd5600,CLEAR,DAYLIGHT,DRY,IMPROPER BACKING,2.0,32.0,3.0,3.0
0b3b5a2186191d3ebb1747284fc7bdb4a667fe5633f50e0635259219752eea2eee1aea80a0bfaad14ba49931bd292156ddf0b343867dabc8e40478aff9042b26,CLEAR,DAYLIGHT,DRY,IMPROPER OVERTAKING/PASSING,2.0,28.8,5.0,5.0
0b3b6d8edabbd62573aab2ba581ee0fffa9b6aa4b047f67a29bd2770f15552c2472963536aa83c45cd05c6ade643794544dc50b7b5d20f63e0c12f5d77ebb940,CLEAR,"DARKNESS, LIGHTED ROAD",WET,FOLLOWING TOO CLOSELY,2.0,30.5,3.0,3.0
0b3ba5297427efbfb3cd094a907277457d9eb3dbb647f08fde833963d79850f044189478420f46ab276a556bbba7063c419b71552125847803facd9edff3d311,CLEAR,DAYLIGHT,DRY,FOLLOWING TOO CLOSELY,2.0,36.0,3.0,3.0
0b3bd70e0ac2792daeded46b94155e9595aec7ce59b2055feca37a67859ac6972bc7bedb3f455bfa94bc4ded7d0d88943b673155cc053b26b2a720e8bbb80b29,CLOUDY/OVERCAST,"DARKNESS, LIGHTED ROAD",WET,FAILING TO YIELD RIGHT-OF-WAY,2.0,26.4,5.0,5.0
0b3c0d42e4a9d6f5fc4e3fbff49b33e08f96ff99da28d31d558727f95f0a27f9220df568223f75313a4591ee10377bfd2f7a8099e17d4eefa2cb5b0701e94411,CLEAR,DAYLIGHT,DRY,IMPROPER BACKING,2.0,61.5,2.0,2.0
0b3c2d94366ef09811104176d007e767afad87ab423738929104ed19764d3e4fe1533d09c4f792d79010950f67bc26c9303d92ff0d21fc6dfc94b3b0affcb20f,CLEAR,DAYLIGHT,UNKNOWN,IMPROPER OVERTAKING/PASSING,2.0,30.0,2.0,2.0
0b3c3e6e492dd1abab44416f4f962820b0cf3979cd50f1ecb4625859dcd20e8840c098c8095d84d5866f1e5aaecdc9b0ab7e99217a4feace34697b00e696c36e,CLEAR,DAYLIGHT,DRY,DISREGARDING STOP SIGN,2.0,25.0,4.0,4.0
0b3c4ec309e19448b480b0a2c0fc6be9afbc22377fbf8c2008415b8d7dd3c746b693c5a000e2b50453442b94a69a411195d3c4fbe4b20eabb4c3e6ecc1155f15,UNKNOWN,UNKNOWN,UNKNOWN,FOLLOWING TOO CLOSELY,2.0,44.0,2.0,2.0
0b3c950f54c9f27dd076f4a0e60c04921bdb8e0c70677012b02e9fe667592462d325a1f762511fe960819e749a1c945d1f6397de6bdd33cc9084145e4d845bdf,CLEAR,DAYLIGHT,DRY,FAILING TO REDUCE SPEED TO AVOID CRASH,2.0,32.0,2.0,2.0
0b3cdbe8e69bd0bcbc116054d7c8661f40f9626957e1af596e776f62ffa927572601a86b989af1c617c7a7a64912895605931d1d124887f3f26f3308af5be7c8,CLEAR,DARKNESS,DRY,EXCEEDING AUTHORIZED SPEED LIMIT,2.0,52.25,5.0,5.0
0b3ce7c492c44fc98fcbd632bfb454f12845358a1a76d514767254e7cc50f6e448bc60bbbba087a8e501017b4a6da31af4e8204ab0242457f9a3a3942b10c094,CLOUDY/OVERCAST,DAYLIGHT,DRY,FAILING TO YIELD RIGHT-OF-WAY,2.0,37.5,2.0,2.0
0b3cff893910c198b4b48b18705fa4d53b52cc4cabf6a07a585c95ba16107fb2cad3ab65b365685e797dc4538a0eeb40593f67db0fdef210a5d952de038b4fdf,CLEAR,DAYLIGHT,DRY,FAILING TO YIELD RIGHT-OF-WAY,2.0,23.0,3.0,3.0
0b3d03599d640624369d6c7d8f7b283981dd8e4f6f649fd976e10b7a276bd470629b4c7be9552b680e213d197a6121d5ec08447d0db54eaef8646e455d91ebc7,RAIN,DAWN,WET,FAILING TO YIELD RIGHT-OF-WAY,2.0,37.5,3.0,3.0
0b3d11d0afe7c06b28363be5dbf738bfe2bcedfdd0fd2e1f99527fb33ff3ec51b71cb205ebb85ab9ff19b89a10390fa5d505d2e840dbe1337f7a8bfeafadc766,CLEAR,DAYLIGHT,DRY,IMPROPER OVERTAKING/PASSING,2.0,46.0,2.0,2.0
0b3d173cb3a5da26a1e745a0e1faa0c9c72584670f06010517dc3d49c044990c540263eb991de1fb1d2f1022364edea7f26b0a12b9cb4220f641e274a57c446d,RAIN,DAYLIGHT,WET,WEATHER,1.0,28.0,2.0,2.0
0b3d45a724abe80edc71237779d838aea5d8130e2dad4352dcd3edb97d14703bdc949f888005167acf9364d52372678913afb298c4c823bb6afcb211b8b781fc,SNOW,DARKNESS,SNOW OR SLUSH,IMPROPER OVERTAKING/PASSING,2.0,37.5,1.0,1.0
0b3d6a82640d9258cf4f1a0835699445ce2bd9613c426e9477deb69d783f116243538f3e17900b15518d2e048261923a8c5ac7a2fda096858895d1807de52d2e,UNKNOWN,DAYLIGHT,UNKNOWN,FAILING TO YIELD RIGHT-OF-WAY,2.0,61.0,2.0,2.0
0b3d8eb98c155e56ceb156db705c3d9fb7d0d6b02295f2612efc4a54af07b191ee62e2362fb2bae54d539bcc8dc3acd756be922122ec0059dd04f359170ebe42,CLOUDY/OVERCAST,"DARKNESS, LIGHTED ROAD",DRY,FAILING TO YIELD RIGHT-OF-WAY,2.0,53.5,2.0,2.0
0b3db893253e79e431f89314c0a34ebe2885edd526dc3b43f60126c9e9adeeeeeaecd0f9c90d33408afbe40d2951bab4379dc9b78bd019cd6bbdf8d69fee2e85,CLEAR,DAYLIGHT,DRY,FAILING TO REDUCE SPEED TO AVOID CRASH,2.0,56.0,2.0,2.0
0b3dbbc93fdb160429abade33cf8372f6ef06f9bbc3bafa1c88bd3092c29af10de00fff11fa376e3a03be47ccc7f61edfe4b2fdc384de771191c44cbde3aefa5,CLEAR,DAYLIGHT,DRY,IMPROPER OVERTAKING/PASSING,2.0,39.0,1.0,1.0
0b3dfd5afda28d678fa034f1d048022a2ee84f267856b2848564d836dd2a02ba571f4fc610058086cfc062b2bd1e3ab2d61651f95036605e12fcfe14f9f359f7,SNOW,DARKNESS,SNOW OR SLUSH,WEATHER,2.0,32.0,2.0,2.0
0b3e0ecc79dfce17a7f24524f389b8f38fad5eeeb26ed0292b0111be1e0146e0dcd3921ba0903c403fffefeddaddad21271d5f1d3c610b0d81834d3b3eb5aa7c,CLEAR,"DARKNESS, LIGHTED ROAD",DRY,FAILING TO REDUCE SPEED TO AVOID CRASH,2.0,46.0,2.0,2.0
0b3e1179dea656339df124a32a99e4b7cd8ef4563efa352e63870bd79eb4afda0456dc2520e517aa4fb4f1715c7295710d8861f288a7b3138a9bcf38966e3236,CLEAR,DAYLIGHT,DRY,FAILING TO YIELD RIGHT-OF-WAY,2.0,57.5,2.0,2.0
0b3e316bffaeca9017b25b4400f644cadd885bd11f739e7a35910d3072c8edf64e7dcd55d928e898f071bd83011f408265397da89678aefe525175799d3dff1b,CLEAR,DAYLIGHT,SNOW OR SLUSH,IMPROPER OVERTAKING/PASSING,2.0,63.0,2.0,2.0
0b3e32b9ea8880d000819dc98c92a9f13ebed604c7ff34cc10967b852b404a78766cf6c567f90ff9780e63cd3fb7ca39e75e29dded241f38bf7fc01038d9af36,CLEAR,DAYLIGHT,DRY,DRIVING SKILLS/KNOWLEDGE/EXPERIENCE,3.0,43.25,4.0,4.0
0b3e53688a96bf2b2834e8b81193d87970e3a4ca5576640d16790fcad8556b37182c36a111cb3afca130dddc6aee4a2b85612058bfa079d086ddde9b9d6b7ce8,CLEAR,DAYLIGHT,UNKNOWN,DRIVING SKILLS/KNOWLEDGE/EXPERIENCE,2.0,24.0,2.0,2.0
0b3f00c01507b172b64d02b68aee7cc2778deb8bfc92a6aa3e42cb454069c64db2b04089a3fc12d5a57893a4c624ab9f212d24626a7d972dfa84f1d2f9426f5b,CLEAR,DAYLIGHT,DRY,IMPROPER TURNING/NO SIGNAL,2.0,45.5,3.0,3.0
0b3f059d3b6d9fc1e6aae471bb957eebd6c2e421f1c3264b3c09ad7b67c83099aba116d520c4357c6d4f60fe6398b81572fa0c5b64587ede1f1f4588d7a3a179,CLEAR,"DARKNESS, LIGHTED ROAD",DRY,IMPROPER OVERTAKING/PASSING,2.0,39.5,2.0,2.0
0b3f0bee2a3e3b24e02dcfe1118bef56f46dc8a6335175c27e57006f50b138c823c9c42fc75d19065cb84a4153b5a0d40b65e93d2eabb42256b256fed2bccdb1,UNKNOWN,DAYLIGHT,UNKNOWN,FOLLOWING TOO CLOSELY,2.0,40.0,3.0,3.0
0b3f2aebe7fe33353d77d6009f7b8eccebe7e8177fb2ce9f3b8f567408ec41449ce414b7a456c576513581ebc16544688413b0e4070128493489dde7317ce241,CLEAR,DAYLIGHT,DRY,FAILING TO REDUCE SPEED TO AVOID CRASH,7.0,18.75,4.0,4.0
0b3f352e32f17b756c2138ff7e75036543efe771e1cfdc8cc7eb571ca315c64af864ed296d2d3dd9be1b12dfb4e7e096d62a8a30099c380c1d9039850088d4cc,CLEAR,DAYLIGHT,DRY,FAILING TO REDUCE SPEED TO AVOID CRASH,2.0,34.5,3.0,3.0
0b3f4c56513a4e7d7c75a0e3bdd72dd309a6b12296c4ccb8cc192e39df2ddeeed9909887abb388570c68b2ebc68fe05d6cb391c5198a9b6f7846f58ef67949c8,CLEAR,DAYLIGHT,DRY,FOLLOWING TOO CLOSELY,2.0,39.333333333333336,3.0,3.0
0b3f56c2b73a36a6c8289d46f6eef12f97ae7d942f8b25fddfa3904adec00de2a9fbc205ba5f9d4accd00932eb5064aa6bde7b1495cfc0094eeeeae1c4af5b37,CLEAR,DAYLIGHT,DRY,FOLLOWING TOO CLOSELY,2.0,42.75,4.0,4.0
0b3f60e14f5848a33fbda4fe0040131a889de6fe2e9c7ab47b36aa84f27add18b4230ba037f179a5e94908272d889d9c383f4f928fc592e7766fddf764076200,CLEAR,"DARKNESS, LIGHTED ROAD",DRY,DISREGARDING TRAFFIC SIGNALS,2.0,71.5,2.0,2.0
0b3f90679b12bcbeaaad181c23e69f8983ac93a82999d9f31f2f0eeab37a09ed0730042fbab956cc7fb9d73f767e05e61a02bf62e43b214c87c3d01d28497b1b,CLEAR,DAYLIGHT,DRY,"OPERATING VEHICLE IN ERRATIC, RECKLESS, CARELESS, NEGLIGENT OR AGGRESSIVE MANNER",3.0,44.25,4.0,4.0
0b3f92e7fadff634ae38d73725dbda786c51c4d21d52bcb740fab9df9b5881f3ab0c3392736ba8123fdf4089e991651f53a8842ebebf4f00d8269c15dedc4d9d,CLEAR,DAYLIGHT,DRY,FAILING TO REDUCE SPEED TO AVOID CRASH,2.0,32.0,2.0,2.0
0b3f9af40579902d902f290725842662930829bb0df2c502ff11f578b18e82580853faa6aa2ed9f3b1efa853430c067068fa125c1da0ab70f6e90747aebe89c8,CLEAR,DAYLIGHT,DRY,FAILING TO REDUCE SPEED TO AVOID CRASH,2.0,24.0,2.0,2.0
0b3ff890de7057a116f5000c35b689ddb93a0119f04d3c501f00e223a7dd66aa2e2607023d2f9dff455a2fe383674b74eaccb85b6c234e6a918a944668ee77b8,CLEAR,DAYLIGHT,DRY,IMPROPER LANE USAGE,2.0,39.0,2.0,2.0
0b3ffc48bd6e602bb311765cb05d1b83a25534b0cd348b46d96470946aaaa6577a7e19387e23b4460240342ebb6cacff5bfd6f758e135ee858b825b39397fc47,SLEET/HAIL,DUSK,ICE,FAILING TO YIELD RIGHT-OF-WAY,2.0,30.5,5.0,5.0
0b400bd7a577cfc4be46c8fa77f9ae49b30bc354fd33662c6592ef856f07c29b49f7db62c52ca13d989e93af2806f382e51a0e7f0d95f871597e3a1a21a2874c,UNKNOWN,UNKNOWN,UNKNOWN,FAILING TO YIELD RIGHT-OF-WAY,2.0,28.0,2.0,2.0
0b4031df467e326d7c4fa007570706f882bf5cc182a4d1e7a1d9ae594b7e2168675d6d12ff79a762c9ce3a403f14e5f7ad139dd7271515cc28f0d043cd9071ce,CLEAR,"DARKNESS, LIGHTED ROAD",DRY,IMPROPER OVERTAKING/PASSING,2.0,46.666666666666664,3.0,3.0
0b407d2410d33a31e3368ac801f88a46137a63aa65151af9ea911d52ed8335712ccc7563efecfa43b89c342deab15e667800cd2356ffaef4bdd166a6912f70c3,CLEAR,DARKNESS,DRY,IMPROPER BACKING,2.0,26.0,1.0,1.0