crash_record_id,weather_condition,lighting_condition,roadway_surface_cond,prim_contributory_cause,total_vehicles,avg_driver_age,total_people,total_injured
0b40e7cc57c8a76b4b0d354edda7542ea64ae1e27aa55e6c4cae3246c3d22a9455bf71a84588d00b1f64acb1d4874d7b8838ee2d521d84219807cf2028e0a4b7,RAIN,DAYLIGHT,WET,FAILING TO YIELD RIGHT-OF-WAY,2.0,22.0,2.0,2.0
0b40ee5652d6efefed27b1af3eee96c126cda22d87e76c8bb8b96ef17fef64a40671c46b184faa4005c2b0abfb38b294208b19b8f0cdfcbc840f175bf09e2653,SNOW,"DARKNESS, LIGHTED ROAD",SNOW OR SLUSH,PHYSICAL CONDITION OF DRIVER,2.0,38.0,1.0,1.0
0b4137a995233696456adb61e9df6d6ca206c5f96c7de575a86aa4663e724a8bc4551cef3664f566d83023a924d86e0344ab74fb31d9b2672aaed7ecceb22fe4,SNOW,DAYLIGHT,SNOW OR SLUSH,DISREGARDING STOP SIGN,2.0,49.0,2.0,2.0
0b41462927ca0c45e59ad1919fc4890ab71289392f8b0ac3909cefc3b3ed27b3c3156f0be4dc2d5f6f1c224c80196ba73423d39919431d943a2b025107b582f3,CLEAR,DAYLIGHT,SNOW OR SLUSH,IMPROPER BACKING,2.0,83.0,1.0,1.0
0b414ae9fe6cc5fddc70a16235f356664959f6c7063ad18480f769648556dcdb30317a94872ccc737b7907255c94a89d550a160fbb2c22d7c383e939a38ba23d,CLEAR,DAYLIGHT,DRY,FOLLOWING TOO CLOSELY,2.0,24.0,2.0,2.0
0b41d5b947466dcd37ec7474c6affab18abde4fbd79883f2de92f629f152aa3b24d7030f63333e9e49d1a46c681c091f0b09b035fcff057b6ffacd692e77fa67,CLEAR,"DARKNESS, LIGHTED ROAD",DRY,FAILING TO YIELD RIGHT-OF-WAY,2.0,47.0,2.0,2.0
0b41e5dd10d1cad314131a92527809bcb65113f8015a1d7461160eb7dab48272446573b90eae7c694ad8abdda1bc38f17cb3bf3679da1947ac10016210e530f5,CLEAR,DAWN,WET,FOLLOWING TOO CLOSELY,2.0,37.5,1.0,1.0
0b4215d489e883d40a1d2e33c237445d925ce45f2e1de4488a8c5f23ebb5eaea50816f45c4f5ec09bac9539086d3a579ae7ce218ce1ffdcf219861acc5295140,RAIN,DAYLIGHT,WET,IMPROPER BACKING,2.0,30.5,2.0,2.0
0b4229bed73d17f0c3d2592ca237d1d1dc27964f172f55d2f580c471d1d8d1ac737012d4962a3b5a61730911fbc66dd7df208c929dc70b800bcffadbd46f0226,CLEAR,DAYLIGHT,DRY,PHYSICAL CONDITION OF DRIVER,1.0,41.0,1.0,1.0
0b422ce0e551256e83509054f41efafd8365bf3ced1e5175e1280edc8941841710f7ca64af58202c43156e2420bd2cdddddfd3854e8e3168e06ab33ce5fd05f1,CLEAR,DAYLIGHT,DRY,DISREGARDING TRAFFIC SIGNALS,1.0,48.5,2.0,2.0
0b42364afc112a7e38cc6fcc3f84010f3f62aa407fa22d27d6966c1e1d61c7a84f7bb074916178fffcc8136378dcf96ff28a790e4ee3042d53748adb4621bce8,CLEAR,DAYLIGHT,DRY,DISREGARDING TRAFFIC SIGNALS,2.0,40.0,3.0,3.0
0b423eba9e60e1a5d1b1c41a806e0828b0467e72a352a361cff1e6e9e51cac51c5fa4fe7e8e2eb2a2f09c64504dbfa995c466c5ccc709e1cb913b37a0d1b3636,CLEAR,"DARKNESS, LIGHTED ROAD",DRY,"DISTRACTION - OTHER ELECTRONIC DEVICE (NAVIGATION DEVICE, DVD PLAYER, ETC.)",2.0,44.333333333333336,3.0,3.0
0b42a12661e767e437a29c3235f4f7722d37860278b2aaf716d6f9fb9815bd15cc1ed5797dff7b76e2803dbc1cdaa9f22d3ed42921deea11b314245f95fc0c8b,CLEAR,DARKNESS,DRY,"OPERATING VEHICLE IN ERRATIC, RECKLESS, CARELESS, NEGLIGENT OR AGGRESSIVE MANNER",2.0,37.5,1.0,1.0
0b42ce93c42ff11f46d2137e60a72595e59fd47b16ca37623bc47f0e91c8fc2f0a3dcb428f46df39bec88cba2ff7f14a84c8eefd9eb5ea84a9de708036897495,UNKNOWN,"DARKNESS, LIGHTED ROAD",UNKNOWN,FOLLOWING TOO CLOSELY,3.0,43.0,4.0,4.0
0b42f17bbdb22571cfa3bb8fe21d9cb55e1f0e6d5426ed28b7d54a2588ec7c12e093376e6d1c6db1f7b8c596e20aa238170b5250caa4328b0645a6cf6e1f8c4f,SNOW,"DARKNESS, LIGHTED ROAD",SNOW OR SLUSH,IMPROPER OVERTAKING/PASSING,2.0,43.0,2.0,2.0
0b42f55481c5d418d31bd5889b5de6c0ae2a83cb4aa7051f76ca6f15ef9a4944a40dfb7b6921824a7b5d5866c483a0e129f588dc094a3ed347754b64f619cc63,CLEAR,DAYLIGHT,DRY,IMPROPER LANE USAGE,2.0,39.0,3.0,3.0
0b42f635863c2fae5d9c54c5356fa96cf7519d37d0463b5848530e79e8bbad0722fae2a04d32138f1e3f68799b7f2616b6d998f5f25c9228963a1de3ef965584,CLEAR,DAYLIGHT,DRY,ROAD CONSTRUCTION/MAINTENANCE,1.0,47.0,1.0,1.0
0b430f0ac4a1019209d00c48615f027ef92e47344ec9e294229cda4be3207192b9d2bcd73eb0c79df5a3d16ba229027ad5b6e980f4e8b1b28f3d9f8fc9fd7471,CLEAR,DAYLIGHT,DRY,FAILING TO YIELD RIGHT-OF-WAY,2.0,48.0,2.0,2.0
0b434a2b7f4f030bca6497b5f0b0c5e1d3edd2279b56ad736646bd2b96bc5c179693a5266b1fbc0ae93ab242b489a3e0ec3beaa493292ff6366dbe5469ebc4bf,CLOUDY/OVERCAST,"DARKNESS, LIGHTED ROAD",WET,FAILING TO YIELD RIGHT-OF-WAY,2.0,43.0,2.0,2.0
0b43540c56d853d99b863ef391c6470069cc797ad0bebd4295684d9e34f3a825613aec2161511e76d1a5b85617a74a92e685b263830808ab9f034cbe4588b816,CLEAR,DAYLIGHT,DRY,FOLLOWING TOO CLOSELY,2.0,37.5,2.0,2.0
0b436f5bb32fd82825bd093cae4b542c8860860803737318c4d224a666595a8ccba87c8862dfe0c289c033bf4b6213b4f3de241e4241c3a6116643de444bdcb1,CLEAR,"DARKNESS, LIGHTED ROAD",DRY,FAILING TO YIELD RIGHT-OF-WAY,2.0,24.333333333333332,4.0,4.0
0b438d8d73202711ffac7c32ddc3fda2cd5ac1ad52f62b41e528dad1858b11ffeb601919b7fea9a665d2feb3ec881797cf499b50e96caeb7f90b715e2ca7d2af,UNKNOWN,UNKNOWN,UNKNOWN,IMPROPER TURNING/NO SIGNAL,2.0,69.0,2.0,2.0
0b43984d257ef7d143b49d22ec00d6db64528c3078e41a38fe830be327d4a3ad7e85e5f9301cdc23251f3e720ca4adba005cff998fba22c684a66e4856171254,RAIN,"DARKNESS, LIGHTED ROAD",WET,EQUIPMENT - VEHICLE CONDITION,2.0,51.0,1.0,1.0
0b43ce112e2e5fb603d9d24c3f8be3fb9e80f966ad3830ebd345b9468cee68218b3005ec7c9d18f745de885bf045a25f100f40d82bad04ee71b2d420297e60da,CLEAR,DAYLIGHT,DRY,DISTRACTION - FROM INSIDE VEHICLE,2.0,43.0,2.0,2.0
0b43e1e04481a81a17d15a82ea8a8d6046fb67ae23370b9e0a12f2f94cbbffd14768127add3d3087d2d070df6ba71bfba111707ad7856c9e81dcba861216199b,SNOW,"DARKNESS, LIGHTED ROAD",SNOW OR SLUSH,WEATHER,1.0,41.0,1.0,1.0
0b443380132477555ad3615e18d4d7c88d9867c11b2fb2adf5331d880eeeb5c8ac060d41092e15af28c72743581886eda7f2cf44f25f7f76ee8b16597568084b,CLEAR,DAYLIGHT,DRY,FAILING TO YIELD RIGHT-OF-WAY,2.0,29.5,5.0,5.0
0b4443a23a50c35cb0e9ff2ca5a238b9a3795acffae47220007f975941658577e083e064421ae4a6750716084c66705abb40ccd22a8bc3b064bc1b8a75f5c6e1,CLEAR,"DARKNESS, LIGHTED ROAD",DRY,DISREGARDING TRAFFIC SIGNALS,2.0,47.0,2.0,2.0
0b44566900cd2ce38e859e773215ea86172798d967b7fbebb0c1d6c57b151d91c92a5088290ef76a5797ca3d49e8e982b40fab2f7288d6c9328efdb4a9caa709,CLEAR,DAYLIGHT,DRY,RELATED TO BUS STOP,2.0,32.0,2.0,2.0
0b447e4b3eef184ec9b8df884a251dd8857b69a1108a0849795652e89b00895640a0daced2767d607be5401ef61c16cfcf45cef7062ae32c22152016b5ab37bf,CLEAR,DAWN,DRY,FAILING TO YIELD RIGHT-OF-WAY,2.0,20.0,2.0,2.0
0b4482c95bac386d239be9fc90f99bf5819a3a5189b9b001f0492bdd8a7259789c67e2ea41ba9eacb0b373e11cbd0f07b6b544abe067420690638ee5bd7fccdd,BLOWING SNOW,DAYLIGHT,DRY,FOLLOWING TOO CLOSELY,2.0,70.0,2.0,2.0
0b448fe47f81fec1c3e529c328b3eb25f46593bfdd9fb432827a84b1efd462252540ce83af363764629646766c353bad89161dfaa6381bbb015398eece50b860,CLEAR,"DARKNESS, LIGHTED ROAD",DRY,FAILING TO YIELD RIGHT-OF-WAY,2.0,28.666666666666668,3.0,3.0
0b4490111b492b9004803bab07bc1ccf30bdd69288cc099ebc02a42c09a0e7285c94487245dbe72c34daee6d437ea311baabfd6df0a0b1aedfc350d7bbf7cd7c,CLEAR,"DARKNESS, LIGHTED ROAD",DRY,IMPROPER LANE USAGE,2.0,36.5,2.0,2.0
0b44a0e8e81197e05e23957fbf0cde0f86c19a715e988020d9ead4191098029f6641451f49ff7d149309f479b02544039f991d687dcb49f1683f77610a58cd48,CLEAR,DAYLIGHT,DRY,IMPROPER OVERTAKING/PASSING,2.0,37.5,2.0,2.0
0b44ad1b3de950dc5bc6b6d41fcf02c7bda60f3cc6ba38f948dc7c071289a588136ade64418cea1104f8b141ddc501911945ddf081b2ec1aed6ae69f60e76f61,CLOUDY/OVERCAST,DAYLIGHT,UNKNOWN,FAILING TO REDUCE SPEED TO AVOID CRASH,2.0,49.0,2.0,2.0
0b44c968dd1f74fe3e519aca6093827c0c5cf1d9d32965bef6d37498f8a390620921e6f2201ab9f15129a31d058460a341f6649ae3ed094a8bc75ee59f88b425,CLEAR,DAYLIGHT,DRY,IMPROPER OVERTAKING/PASSING,2.0,30.0,2.0,2.0
0b44c9f7ae5093e1b628e5b4d2414c152d8c632815c95d7cf88319552f4b75d7ea01670d1bb66a342788641c13629c881bac483e2212f395412a6d4cd62bb7cb,CLEAR,"DARKNESS, LIGHTED ROAD",DRY,FOLLOWING TOO CLOSELY,2.0,40.0,2.0,2.0
0b44ffed10d88c1314346447668e083a5f4d49d5c6fd02ecbaf4b9a976b3da1f6f17f68ac365d55723f19b282b7ea742814ad09ee800f0f311510cd242147d2f,CLEAR,DAYLIGHT,DRY,IMPROPER LANE USAGE,2.0,29.0,3.0,3.0
0b450365695bd00a1eef02b4f633568d67ff4b76dc679564c990ae9d5e11f427371b5f739de90b22a341aeaad93ff8b677b6b042a24f17fdb2893a077f170704,CLEAR,DAYLIGHT,DRY,FAILING TO REDUCE SPEED TO AVOID CRASH,2.0,42.5,2.0,2.0
0b4510096486cf86a213fb36e6fbc40aa980bd83616c677ec7a30beefe424444886363e5af42fd697246d21cc0fd1f413afa5796e3be0684bd58b31021b486b6,CLEAR,DUSK,DRY,DISREGARDING ROAD MARKINGS,2.0,49.0,1.0,1.0
0b45139e5bd79bede9833352eea2b601cd53c758ffca3c9ef3caaf82f96d88ef56e5616f2db91ccee7f83959ec99c7aefc7caca173a91f1e632a24067cac85f7,CLEAR,DAYLIGHT,DRY,IMPROPER LANE USAGE,2.0,27.0,2.0,2.0
0b4519d26560f1efca99cf1357b185023ba1a21491d7dfb1a777853dc0bcc449a1039260245da7aa163cdd84f9ca0437c88fea19d7ccde4d146df2d537f01b31,CLEAR,DAYLIGHT,DRY,DISREGARDING TRAFFIC SIGNALS,2.0,26.0,2.0,2.0
0b455e89106455ed3a1e6bb27687feb364ff7bfa00512ee570d4adbcb4f91826329121c0ba8b352264b2e5ab1ed9f17393aca8c312aa43cb5ae310fac3e7ca08,CLEAR,"DARKNESS, LIGHTED ROAD",DRY,FOLLOWING TOO CLOSELY,2.0,33.5,2.0,2.0
0b456993aa3c582136e9c023a429a164a1208c9c10e5d97b509844ea0b11e3bff0862a9a6e3fd3ee050565f9563405745e992692f1302e18000324a3f29cce50,CLEAR,DAYLIGHT,DRY,FAILING TO YIELD RIGHT-OF-WAY,2.0,45.5,2.0,2.0
0b45921ed9e159fdd13b4c573e5739cb30f00172c95b361578ffd9644f7eeccb9e80ac8f735b03dfbb6eb186383bcb3535cc8f818667f3e38ad000c21f12bfa2,CLEAR,DAYLIGHT,DRY,FAILING TO YIELD RIGHT-OF-WAY,2.0,60.0,2.0,2.0
0b459a575d134db6edfb0b15a88dc81277a08c151e270e675a8d0ca8e273f2b2e34544a0cf551c428a0e576dea8dc5842986550df2a29e8a5bd5647ceed1e3bb,UNKNOWN,UNKNOWN,DRY,FOLLOWING TOO CLOSELY,2.0,37.5,2.0,2.0
0b45c2b6263bba2b08ddabb3f94e44c2a451293cd6e78f25a150d5b1430b152c9eff7e0ff606fc3b54cd9c22eee7bebbfe14767682f5d41f102554975825997b,SNOW,DAYLIGHT,SNOW OR SLUSH,FOLLOWING TOO CLOSELY,2.0,40.0,2.0,2.0
0b45d30f79a83b2e091b829685834c4f90a5a45df23a14e684ef1d3b146bab1524e1ce8525108e093093291967b7544e12bc13b95ba08e05eb026b33adec346f,CLEAR,DAYLIGHT,DRY,FOLLOWING TOO CLOSELY,2.0,0.0,3.0,3.0
0b4629b0b1cc24e5726acfacc22631d4d2b717ef316316d35b30c81200df4d2b1758545b443aadb18d88819dee4e2f23d2aac7d17c9148e6214f670c650257aa,RAIN,DAYLIGHT,WET,FAILING TO YIELD RIGHT-OF-WAY,2.0,27.0,2.0,2.0
0b4645c1023e4d270decf4d9a414fe082742a6e13f5c9f597055045e40c759710c9f1bd5359d5ead51321886ea21cb94387c2b9b973eec819a5521baf4cd225d,CLEAR,DAYLIGHT,DRY,FOLLOWING TOO CLOSELY,2.0,22.0,3.0,3.0
0b465391cfac73014b89f01ba01af1786068fe6dbe313efc3fe51b525fe49e751ee6223745cd83608c874af458c93ef18df24461d3e4d6d8151f2d9938af2121,RAIN,DAYLIGHT,WET,FOLLOWING TOO CLOSELY,2.0,27.5,2.0,2.0
0b466386b9d501774a3ce4eb23a884f1d9ff719ecc2df327a3d87e45d995a40202a4524e8013f146286fb3c7f15abe77fc6dcc0a327d3623fd18ac73f4f16328,CLEAR,DAYLIGHT,DRY,FOLLOWING TOO CLOSELY,2.0,39.0,2.0,2.0
0b46ae378993abbfb5dec99256104ef642ac6c475216504e467578198ba6b155eb405c1046d2fb53e92a92ada8b395cea9549f41afec1b6fd3c42de4c82fc4b0,CLEAR,"DARKNESS, LIGHTED ROAD",DRY,FAILING TO YIELD RIGHT-OF-WAY,1.0,35.5,2.0,2.0
0b46b98462c2563e3fb86f4078cd3bb8b8b235f349ef39708b0a350c0cc0f2dd3ca1b28ca006c2120d5fb6564786d78fca7420b0be10cb2228d95c710cd81d38,CLEAR,DAYLIGHT,DRY,UNDER THE INFLUENCE OF ALCOHOL/DRUGS (USE WHEN ARREST IS EFFECTED),2.0,39.0,2.0,2.0
0b46c68e10d3800134dcd7211b8ed34f32a7d50b57ed8b087dd6c0620c2d91093cac3150cdf47964173b9e6535a75d5c36b9b735925732fd803239135f1c179d,CLEAR,DARKNESS,DRY,FAILING TO YIELD RIGHT-OF-WAY,2.0,41.0,2.0,2.0
0b46ce8f0cd9008355db47463792eaf261d9783c438074148fe0151cc4f49a080e75f49bb457316a89e57b18c8fb2b05771807e22a027d54d34d46d5f1fd65e8,CLEAR,DAYLIGHT,DRY,IMPROPER LANE USAGE,2.0,24.0,1.0,1.0
0b47009041048d94b13fb6b00aaaa207917eecf23439d32c5be6555128d380e6219bc40256b280de01ed27561042191088ccb70a6e53520c0b341d518c574caf,CLOUDY/OVERCAST,DAYLIGHT,DRY,"VISION OBSCURED (SIGNS, TREE LIMBS, BUILDINGS, ETC.)",2.0,54.0,2.0,2.0
0b47025b429172eed995f2aa07bb10ede4254f49de49c32d9a60fd4d3ef4ff77ff158b9b7a9e8d0285cc5947791b7bd69953c362bc43109b9b7d31fa1ffcbda4,CLEAR,DAYLIGHT,DRY,FOLLOWING TOO CLOSELY,2.0,39.0,2.0,2.0
0b47071c2b1af57a21c73abbbe0ce4c5e344d4f1a8f36e3dd0f9ab2498593f0f488a0d730f3fabdcbe25102ff9d730204499077ac64138ede17d9db8308e5c21,CLEAR,DAYLIGHT,DRY,PHYSICAL CONDITION OF DRIVER,2.0,26.0,2.0,2.0
0b47082b9b24062ed07f8315229641b803208383acf19567444a3ff572fea8b4636914b8b86d7f4c61ad3c2534840d0d855f279919848064888e00328c1c81e0,CLEAR,DAYLIGHT,DRY,IMPROPER LANE USAGE,3.0,37.5,1.0,1.0
0b470cba436c72ba250ddcb975d88c8208386e5f5048e6b814bebf83f63caea28905b89cc716ec88ba4553029a780b7c3cb3863af493b991937a7022deaec05d,UNKNOWN,UNKNOWN,UNKNOWN,FOLLOWING TOO CLOSELY,2.0,24.0,2.0,2.0
0b4745307ded0a8bd382a30f3c9f97109deeb11cfecd4d3bf7b5d4e8d9187d12457ff1143f644650895c914d1920cfb72272e105681f283e8e93e36d6f2c5095,CLEAR,DAYLIGHT,DRY,IMPROPER BACKING,2.0,37.5,1.0,1.0
0b476261299160fe0e3cb13c39a7b2c5d6c9371eef37ed2f2dd9e008ce7dd134f5569388cd76539c5cc3a5da68e3c940c63d8290ba0ddd5723428bf2da9b4538,UNKNOWN,UNKNOWN,UNKNOWN,FOLLOWING TOO CLOSELY,2.0,43.0,2.0,2.0
0b478cc953035acbeacccac32ab768f43ef571cadd769122ddfe880642af3f101098b8336b62a66958e75740468635f158cbb26cfc16e0a90cf148731e117aa4,CLEAR,"DARKNESS, LIGHTED ROAD",DRY,IMPROPER OVERTAKING/PASSING,2.0,25.0,4.0,4.0
0b4851be00eb2ba1cb82954a5cb57af9a190233ff53e48aadbb454a723dbca9d2e7f3724548c69998e272fb0e8aa49e2c8cbf8cd0aee356d57dfaba7ce6b5deb,CLEAR,DAYLIGHT,DRY,DRIVING SKILLS/KNOWLEDGE/EXPERIENCE,2.0,29.75,5.0,5.0
0b48c176a4b216429f5040c1bf438f4da8f05b9ba7d44f2c08bbaa7c61466402348f29e70d3502ac8c7378a086e7fbd5eae2627b1f4e25b0c7f0d2883157f4a7,CLEAR,DAYLIGHT,DRY,IMPROPER LANE USAGE,2.0,81.0,2.0,2.0
0b48c89a5b3fc822a42b6e77c8bc6b4d5f0f5e2dd32bc04c072ac5d6ecf517574e7a7a9798ab86f3430fcfc2268aba611e2c69b16bee0fdeb2aef9e619ae1549,CLEAR,DAYLIGHT,UNKNOWN,"EVASIVE ACTION DUE TO ANIMAL, OBJECT, NONMOTORIST",2.0,24.0,1.0,1.0
0b48daab4cee3613ece4fd6a8bfafd2509345c1cbb819648cccd12b783de98e4b00037388141ac1383319a881c3a2942cf2ae07393250b095852cb18fb0bf2b9,CLOUDY/OVERCAST,DAYLIGHT,OTHER,IMPROPER OVERTAKING/PASSING,2.0,32.5,2.0,2.0
0b48e1bf026c61f38f2a23888f5430c5a462275c781d8a7737db7b971136c7c678343cf79df0b083a7a4a9c9fb72f8fbe82d2c79b7c567c8a4a72b802432b338,CLEAR,"DARKNESS, LIGHTED ROAD",DRY,DISREGARDING TRAFFIC SIGNALS,2.0,64.0,3.0,3.0
0b48e5f0f8db6a6fc19f0a690641b1555b94f198ad7020bb12376dc3866a4ac65bf67c4effa1fd9d634aa2ae393e4773e79f97416f2bfc9dd3f68f4dcf19ea89,CLEAR,"DARKNESS, LIGHTED ROAD",DRY,FAILING TO REDUCE SPEED TO AVOID CRASH,2.0,37.0,2.0,2.0
0b48f4bbeb3f07cf16e952e79d719d638ce7034cab2fd2c25d005b1fb2631556a2b2e640f3057e21a59dffa76ef3423906adf09b926ee169f92730f7e0ee2242,RAIN,DAYLIGHT,SNOW OR SLUSH,WEATHER,2.0,31.0,3.0,3.0
0b4901f5105decba6396bb2c7bd3a3e0ebcefdd79e31289ff5f05f8fe80a4376a634e122265cdb47c23707c5af02df5af9a7727d31a0eb17a02fb95fc47ae218,CLEAR,DAYLIGHT,DRY,IMPROPER OVERTAKING/PASSING,2.0,17.0,2.0,2.0
0b491a5f30dbf5a2b427c18d5dd5c9a3c29d9f9b638b6e772da7f996b9073017853802912a69a41fa06692ee63f2f377e08797314c65c723208a9dc404577670,CLEAR,"DARKNESS, LIGHTED ROAD",DRY,UNDER THE INFLUENCE OF ALCOHOL/DRUGS (USE WHEN ARREST IS EFFECTED),2.0,44.0,1.0,1.0
0b4945dcfcee5efe61ea6d0f9fcfcf1d7cdaa47add5a8b018ebce6c51a5b23bc478e76582d91bd7dae662076d2876aab742711d8df75904be3825ce9816f72d3,CLEAR,"DARKNESS, LIGHTED ROAD",DRY,FOLLOWING TOO CLOSELY,2.0,26.0,2.0,2.0
0b494937fa746e19230ea63a598fe52f0c5769c7890fbb39a8edc164d280b4a9df5364571a48f67b53205aa7971850e6c0032a960fb7a865a5ae373ccff62117,CLEAR,DAYLIGHT,DRY,DRIVING SKILLS/KNOWLEDGE/EXPERIENCE,2.0,37.5,2.0,2.0
0b49892a1e7ad2ef0f78f0c23c3770a2cf4133faaf092c7ae0a007a1c3ff8d0da2f24ee03f70be5182fb0d4e28a0e7c4a0598f7afc36a62f3862328063ff9af8,CLEAR,DAYLIGHT,DRY,FAILING TO YIELD RIGHT-OF-WAY,1.0,62.5,2.0,2.0
0b4996e03cbbe1b3e1ac974b89940cbb9a8bfd87a536f5d1a67f42dda2de29d6ee74396773bb1d0326f82baf92d650e364c2fb7d3183c27f62b376f8455a9d6d,RAIN,DAYLIGHT,WET,DISREGARDING OTHER TRAFFIC SIGNS,2.0,48.0,2.0,2.0
0b4997cc8dcf24a5814739793a1bbb1ee3597429b5bc3b6387331e73cb0a0699da80b6dc395393d870262d7a871edb51dc8b67113190e4b27b868a991db208e4,CLEAR,DAYLIGHT,DRY,IMPROPER BACKING,2.0,63.0,1.0,1.0
0b499a4979b9b525d90139070c56800d204e0c4f7bf9c0e528d437cf84cdb3136357958f895e4c304d841121586bd050c392f2579c529a1a54a7906a22615517,CLEAR,DAYLIGHT,UNKNOWN,FOLLOWING TOO CLOSELY,2.0,24.0,2.0,2.0
0b49aff08a49ea69a49931343f199846d9208d27fbef9014c0461114af1a1d0df903465f7d30505928ddeece986a6444ae92b5aebf98a4e8cebf04ca477d2b78,RAIN,"DARKNESS, LIGHTED ROAD",WET,FAILING TO YIELD RIGHT-OF-WAY,2.0,41.0,2.0,2.0
0b4a0df413e0d6186751f693321b2a54385a887df95a6db4e78c29673f166c44d0b876a1faa21fd510898795a5130e26572fb16a67a0b286068ca7c5f8f78a36,RAIN,DAYLIGHT,WET,FAILING TO YIELD RIGHT-OF-WAY,2.0,33.0,3.0,3.0
0b4a107a91f5eef468d5779e4080f50277fc22c26cc9756fff8a5cead1e45115f9f0e40c629b26a46654975b6d677156039da8aa1e37c3915ce07a6a974b7490,CLEAR,DAWN,DRY,IMPROPER OVERTAKING/PASSING,2.0,34.5,4.0,4.0
0b4a3045a69609230c431760a32413fcb7e4653e525352c4fcd8ca745d0a67addc44b4756eddeff9d28131e01d7cc390f479bbed840b5296011db5f6d1ac1405,RAIN,DAYLIGHT,WET,FOLLOWING TOO CLOSELY,3.0,41.0,3.0,3.0
0b4a5ece873c63afd993c9a898dfd9852949e66ca761abfbf7b26247f8a24fbf8cc996261835efc3e4abe30a259e74a1c8af3dd0da7924702bdd7203b75ad726,CLEAR,DUSK,DRY,FAILING TO YIELD RIGHT-OF-WAY,1.0,29.0,2.0,2.0
0b4aac14e5cdfa36978edc0c595efbb62884dde62e6301e39a6e8eeb0385421fb9cdc5ef44b8524091a448b7a955d9dde8bab2163d6bc55f6cff404a2d205189,CLEAR,DAYLIGHT,DRY,IMPROPER OVERTAKING/PASSING,2.0,40.0,2.0,2.0
0b4aaf29b5462c20ef6dbc0c63793c19c2a10befadc8d4a7a1b7871d52acf31d4c582f5bc5ac75617372b50d14dabfef557f2c0b514563c3476190a097508808,CLEAR,"DARKNESS, LIGHTED ROAD",DRY,IMPROPER BACKING,2.0,37.5,3.0,3.0
0b4adb6c48cc859c4520103217caa87fdbd5a9d8ea358b6c4983f6661dcb0a75b9676ba0b475ed159558c5e5e7772678f7a5eeb7c1fb0c65780cd1d261d88788,CLEAR,"DARKNESS, LIGHTED ROAD",DRY,FOLLOWING TOO CLOSELY,2.0,27.5,3.0,3.0
0b4b0b72e6fc7fe130b94b5b7359f1636d714a0c4d691102881350690956e8b71fab6d42262b4189161c9a803cfe0a01b64795a6b4f299fd4beb814da2885a31,CLEAR,"DARKNESS, LIGHTED ROAD",DRY,DISREGARDING TRAFFIC SIGNALS,2.0,43.5,2.0,2.0
0b4b14c28a83cdf76418bcc3af47ea6bbf5ea475033d808f709d2be48d9f53749b97a768894a1c8c1969ee5646db6b5bbab1825783a01fd05bdc7acf227427fe,CLEAR,DAYLIGHT,DRY,DRIVING SKILLS/KNOWLEDGE/EXPERIENCE,2.0,35.0,2.0,2.0
0b4b26e2ccbc1f004043e7d7fe08f8127de6b6b37618200bb7897e83f52e3990ce32c9754e3f300bb2f6dcded633742741ffb7a3f7b426dc84822aa02f13bdc7,SNOW,DAYLIGHT,SNOW OR SLUSH,IMPROPER BACKING,2.0,55.5,2.0,2.0
0b4b3a6c2c9a295a9e3f2b56381fed9183e6cbbf4feb7ed700a7e69af1ae88675785fb693adee72bbaa3eefcb112c468ce33c70d4dd8969fc4f7a203c676a76f,CLEAR,DAYLIGHT,DRY,FAILING TO YIELD RIGHT-OF-WAY,1.0,62.333333333333336,3.0,3.0
0b4b6dd2135e4e32d6ddd14e9a278dc9a8715ef0178c810ac2404e4463bb5b5308d8ad6aa681f6698eb903b9f21e25c13e606de5ae9745982ccaae804074456e,CLEAR,"DARKNESS, LIGHTED ROAD",DRY,IMPROPER LANE USAGE,2.0,21.2,6.0,6.0
0b4b7977eee1427eae743d92a9006b81645f54e0385a0e99264b453be8daad6c2e71c7cdf398c2760f3d6379c46837c5aa3609005282cc7598b43537669c78cb,CLEAR,DAYLIGHT,DRY,"OPERATING VEHICLE IN ERRATIC, RECKLESS, CARELESS, NEGLIGENT OR AGGRESSIVE MANNER",2.0,35.0,4.0,4.0
0b4bb382f6e570c72b57e5acd8c59865e5b107c156a786ffae2d2007d43f928549dc2d74309133d07bdc3034a1df47f360171377f40a87741263e38343cc3d6a,CLEAR,"DARKNESS, LIGHTED ROAD",DRY,FAILING TO REDUCE SPEED TO AVOID CRASH,2.0,37.666666666666664,3.0,3.0
0b4bb472b4f69275528e48aebf2443887dcccd36862bed991e82dd8a85f678958d1751f7870a5ad2db64ab7af42e524a3a8bd4ade2eed1e9071182e675e517d9,CLEAR,DAYLIGHT,DRY,DISREGARDING STOP SIGN,2.0,21.75,4.0,4.0
0b4bc301261cbfe65d98d569fd1d3bb12c60b0c8ec0d746fc28840a62ef7ed8af23defd700db58b31e2fc2e6573934278cc61156669a528891ad493a5c21cefc,RAIN,DAYLIGHT,WET,EQUIPMENT - VEHICLE CONDITION,2.0,30.25,4.0,4.0
0b4bd625e3e6d1332bd456773e6a43838501c99e5e43cc0284eb5e43b5e723ba23dfcf70d2ae534d88c0cbd7eed4fb071fb0841ac8b712487e7b76f88532aeaa,RAIN,DAYLIGHT,WET,FAILING TO YIELD RIGHT-OF-WAY,2.0,33.0,4.0,4.0
0b4bd8fb4ea40171d8c6fc7256771de6951db2cf530b018f9dfc1237e825f11491d468f4ca352b61cff7c159d5ee624114a292f6dba00d081133ff200d3ad354,CLEAR,DAYLIGHT,DRY,FOLLOWING TOO CLOSELY,2.0,53.5,3.0,3.0