crash_record_id,weather_condition,lighting_condition,roadway_surface_cond,prim_contributory_cause,total_vehicles,avg_driver_age,total_people,total_injured
0b4be4a9ac3b256714011fe143ac59d7f2db016c05061587f0cea772fc1018e604216459a8b54e640e8c256f94dd6482e77aeef3c66c285be3f7fedc645f2a9d,CLEAR,DAYLIGHT,DRY,DISREGARDING STOP SIGN,2.0,40.5,4.0,4.0
0b4bed4c676751e5f6dfc67a2d555bc4dfac62dd5ab594c16b6736e2fff7b4e9509a830f962e7c0e81a25b980c131f42b54e4ec4a2a783438c6ec42a6f01468a,SNOW,DAYLIGHT,SNOW OR SLUSH,IMPROPER OVERTAKING/PASSING,2.0,29.0,1.0,1.0
0b4c1b673e3c14eb3edf6a4d5b7ce02f710ce5226f5cabba3a680e08b645eebd3b3ccadb9dd2e8d366270430242b1b8dc0d039a0cec84b31c2d310aa815c3076,CLEAR,DAYLIGHT,DRY,IMPROPER TURNING/NO SIGNAL,2.0,30.333333333333332,6.0,6.0
0b4c1dc9f2bb8d26a76b80fbacb0b655a9310379cc30f7bfc87c4b2b86c3c28a0ddf8a0f30b48b75adf12ae6285d4c04d477d7393b1169cab010eba476d0f375,CLEAR,UNKNOWN,WET,IMPROPER BACKING,2.0,37.5,1.0,1.0
0b4c21a0319749de990a3a91d46f93d8a94640a89e959342fd6674e2a3d1007864ddf87d3e1a984d3b682a785d70480d919ca3e7038c13daf3d5348804df7ef9,RAIN,DAYLIGHT,WET,IMPROPER BACKING,2.0,28.0,2.0,2.0
0b4c3b6df5ccbb7b2f0cf230766491191193bbf3bdab7d6c8d860cc4e8dff5c21a7fd77e92f063675fdffa85eb9cd9bc293e291eddd1aebfb7a4535cbd9ac754,CLEAR,DAYLIGHT,DRY,FAILING TO YIELD RIGHT-OF-WAY,2.0,28.5,2.0,2.0
0b4c47e62efe0b0e577456f6fed045c8236ea8f86ed0d642cccd331ce0d58dfe313bc9eefaf8ff72305b648c84c902b5cf9b9e8132c0d020696a4385c6423c1e,CLEAR,DAYLIGHT,UNKNOWN,IMPROPER TURNING/NO SIGNAL,2.0,46.0,3.0,3.0
0b4c4b1c78d591e591d6323d1c6a3433946507c3b8c7b3c1deaa55daa1891334163f281d4502f069ff79dfa923e3ad86e71e07e839ef99fbacc73c71b3b07c34,CLEAR,"DARKNESS, LIGHTED ROAD",DRY,FAILING TO YIELD RIGHT-OF-WAY,2.0,50.0,2.0,2.0
0b4c4fd0771c475d005e9189edb5945172c8404fdfb0971d6b696407bc626b9fe1b926b10f08b313cdcfdcadf72433200808d633baab96658f8c4079ee53ea92,CLEAR,"DARKNESS, LIGHTED ROAD",WET,IMPROPER TURNING/NO SIGNAL,2.0,50.0,2.0,2.0
0b4c634ad2501c727ea5b673fce473d53c84b09f1b9b0d2c5e9c7fab13502762324bf96b6e7aa25f6c84ef6db5f131239380f6982ca09a8839e00899355a4042,CLEAR,DARKNESS,DRY,IMPROPER OVERTAKING/PASSING,2.0,22.0,4.0,4.0
0b4c6828fceed3842940c5c25e4614238d6013deca6563ec0db00a0074ed7d0899b39d2f9d14baa158ad1b9eea8336c6777d9a14cac0a9e2b4c734393bf8b909,CLEAR,DAYLIGHT,DRY,IMPROPER OVERTAKING/PASSING,2.0,25.0,5.0,5.0
0b4c78b5f3f61b9a1aad326bd6c7d4254ebaf8f939f557f3aff954e844223402332281eddf169ea6bc3cd83c0796537aaa6eb373ae35a9b2b34aa07a5e814f4e,CLEAR,"DARKNESS, LIGHTED ROAD",DRY,FAILING TO YIELD RIGHT-OF-WAY,2.0,27.0,2.0,2.0
0b4c86ffbe18a5caa18f22f5fdea3c1b8c80d0eb2c88aa49d68aaead5972696829dd689c47418b1b584fee13fb2b862859d5c88a2db84df350fb3aed332760d1,CLEAR,DAWN,DRY,FAILING TO YIELD RIGHT-OF-WAY,2.0,42.5,6.0,6.0
0b4c8b533b448d1f6484cced5f5dad9a96f607c9c3e0e18a581b104dc2b0a236517ec04317139ff54305eb9a4fcf0ea927b87bd269e7f76361dedd8979065d35,CLEAR,DAYLIGHT,UNKNOWN,DRIVING SKILLS/KNOWLEDGE/EXPERIENCE,2.0,39.0,4.0,4.0
0b4cb3bc86fda9138bc92b03bf0f7f309db84f6cdf578afcc28f0ed0549fb46dcfda6585d5076087972a1725b4a8e1d2f2dde8c424246e7b4f76b6895a0b032c,CLEAR,DAYLIGHT,DRY,FOLLOWING TOO CLOSELY,3.0,37.75,4.0,4.0
0b4cd33ce1004694f64b7b3d3dcce5f9cc8134aeb4912341bef5eccef4602bfc21551ad94abd3d08bff96c9b2b5f35832ec5ddf29b26c02807b74d784e5fd992,CLEAR,DAYLIGHT,DRY,FAILING TO YIELD RIGHT-OF-WAY,2.0,48.5,2.0,2.0
0b4cd9bfb767d2e309ebce61d47174818acface386233bf9a6c55809875abac42aa1ba997c1e2b4f60826a54af4d61cb3db9ee984a08cb73c02df58687230da1,CLEAR,DAYLIGHT,DRY,FOLLOWING TOO CLOSELY,2.0,27.5,2.0,2.0
0b4ce271b9c6ac51c80b573bea68db04783923fdca28f0ef3b5286fcfd66630469d2460746dd34520278fa9fd783ed4f97c0f95eaeaf45167d690c13b495eda3,CLEAR,DAYLIGHT,UNKNOWN,FAILING TO REDUCE SPEED TO AVOID CRASH,2.0,27.0,2.0,2.0
0b4ce3a01a01cb86b141c4fa9e212591fa2b32e930fc85d7abf295a8b2ecc34c4507fc8c88857c1926a58790edfb8a6f1fac16e3382c70f6f457ba8ebcede59d,CLEAR,"DARKNESS, LIGHTED ROAD",WET,WEATHER,3.0,32.5,2.0,2.0
0b4cf8f068e26d0873289197e88f1bbbd9d0a06ede2e3a28c6eb036cbb9bd9ef0f305c2078dafec657aafb0f6a6def0abffe3a7fd931d79dd7264e83cdc77bad,CLEAR,DARKNESS,DRY,FOLLOWING TOO CLOSELY,2.0,48.0,2.0,2.0
0b4cffe10a0f2161ede1cb264dceea35aa3c72774f8ed20b3438845697da3f4d804ba12d9fd69573297c665fc322544ba182a9cb430e5f4816876c991bc7c844,CLEAR,DAYLIGHT,DRY,IMPROPER BACKING,2.0,34.333333333333336,3.0,3.0
0b4d175cd64415923323c1afbdc826286f9038e34b018e86a86bd644fca26d75ae6aefa2959689d48a0ae89bcaab1dcbf46018474d82d898610b863c8e8d72bc,CLEAR,"DARKNESS, LIGHTED ROAD",DRY,IMPROPER BACKING,2.0,46.0,3.0,3.0
0b4d71968e09b3a63f88ddce46dccf2f47f396307a14841b90c02c0be12b059e99fc31f3e8ad817e545ffed114e6b01ef93b7026d8fecbe016e15cd60a816f49,CLEAR,DAYLIGHT,DRY,FOLLOWING TOO CLOSELY,2.0,41.5,2.0,2.0
0b4d986702bdfb71c8f7325b14bc7c503879276904fecf632de0b41963d4accd3cbc910288435ecb13e7210d5ce1ca168dacf5f06ede198581dfab310b3a2779,CLEAR,"DARKNESS, LIGHTED ROAD",DRY,"OPERATING VEHICLE IN ERRATIC, RECKLESS, CARELESS, NEGLIGENT OR AGGRESSIVE MANNER",2.0,37.5,1.0,1.0
0b4dd6cca9f6630701826101cfb3dee9a95b3c72a11db351ffeefcb879f5e2173cda660a409d0810df0942e21ec5755ea7bc7f35a5166214b15435efde625926,CLEAR,DAYLIGHT,DRY,IMPROPER LANE USAGE,2.0,37.5,2.0,2.0
0b4e30cb717e01dbcea6f21f5a4e33da5db78620cb68332d38b71b923f6c7d7d9a90086b56ee3e27be55f50dd1b0aa74a72a45d6321973be372b4ddcd923e26f,CLEAR,DAYLIGHT,DRY,FAILING TO YIELD RIGHT-OF-WAY,3.0,40.0,6.0,6.0
0b4e63f2654ac9716ae3ffe716f467b08854059f98dfea29bc1a5c3c32ace8523af1d70a182c092db2670e0beb2e818eaa7cd3f461fe7a64d0d2971f10fa6001,CLEAR,DAYLIGHT,DRY,FOLLOWING TOO CLOSELY,2.0,43.0,2.0,2.0
0b4e6a20ddc2bee54ac48cdd1e7904a187bf8f0a0b03e652dac4f4b1893e16c077bc766cb06ab6faba7c709a586763f7026428547fbea5a3f323182c206bf527,CLEAR,DAYLIGHT,DRY,IMPROPER OVERTAKING/PASSING,2.0,77.5,2.0,2.0
0b4e856c878a8f6d3fd522e183104e797cf2465ccd6436ddd288146ab39fa79e3f120faf6023b2dd8febffd93438ac8bb601bb915db97ae02359e22075c01fa3,CLEAR,DAYLIGHT,DRY,FAILING TO YIELD RIGHT-OF-WAY,3.0,40.0,3.0,3.0
0b4e92346121edbcfe639f8f30c34fd7980c1b4308c5304e39e1aba25d3cf158ff82af7e33d6c4e7b06e7e544dea6f606cdf473ed38543fe6f8967c44aeabb1b,CLEAR,DAYLIGHT,DRY,FOLLOWING TOO CLOSELY,2.0,38.0,2.0,2.0
0b4ead5e22444ca862de5958df8afa6aaae2ddc656c23988503ff19243556f51ce47c15f73455adcecf4422adca4b69abfc06c59ae8f250512b50e2365f6ca21,CLEAR,DAYLIGHT,DRY,FOLLOWING TOO CLOSELY,2.0,29.5,2.0,2.0
0b4f0f98eabec4737ee34ab2b4362151147f2e59a2b5a8b958c246eb462e98b283360525dc4b2a8cb7e3c81920ac9b420b6e7b08f01a86f0901a0b1921bd948c,CLEAR,"DARKNESS, LIGHTED ROAD",UNKNOWN,IMPROPER TURNING/NO SIGNAL,2.0,28.5,2.0,2.0
0b4f17151353d9991ffe38b527249d70f450eea3760002e02f56c7b5f3f19989b22288723978424538638b5e363df2051b5eb7afef4fd3fd61cec9c45d7b17ad,CLEAR,DAYLIGHT,DRY,FAILING TO YIELD RIGHT-OF-WAY,2.0,39.5,2.0,2.0
0b4f3b58cee99a59d5a683608fc0331136ef941b93cde7cfe32e3eecaed90c28b3397eacbb3bdb44c78383ef3adbd08269d35f75eec6d25adebe864d8d06e1f2,RAIN,DAYLIGHT,WET,FAILING TO YIELD RIGHT-OF-WAY,1.0,37.0,2.0,2.0
0b4f4e533c4b2a9586db38962389fbffb595b045b4a73aea8a29a8f7ae75170def84c8d05b9475cf1b219e83f45a707859da5aff10bdcff441bbeeca9243fca9,CLEAR,DAYLIGHT,DRY,FAILING TO YIELD RIGHT-OF-WAY,2.0,54.0,4.0,4.0
0b4f804b0b7509de5d23f8038b3de90d9df55fd0e20d507f04d01d462d97d8e14b9af8d266c5fe5a4ff63c1a7898c13a4b5dc75cb0a61729466d3e45862e3c17,CLEAR,DAYLIGHT,DRY,"OPERATING VEHICLE IN ERRATIC, RECKLESS, CARELESS, NEGLIGENT OR AGGRESSIVE MANNER",2.0,26.0,5.0,5.0
0b4f8e760ea76835b1a02403053587527a038b234ff8c6c02977bea27151c35586c97b3bed1792fc654c0d52329fa7ab39a0dff9a2793310a6a49db46491a889,CLEAR,DAYLIGHT,DRY,FAILING TO YIELD RIGHT-OF-WAY,2.0,37.5,2.0,2.0
0b4fa075f93871b7099e3d3bb0c5e3bd22d95043a6bbe017a63534b3672b39b7041e9c8348a20fc08e242877df72eb6a2cf9730f12a36fb16331ce5b7e7429c7,RAIN,DAYLIGHT,WET,FAILING TO YIELD RIGHT-OF-WAY,2.0,27.25,4.0,4.0
0b4fd2b5d4491286b303eba651e4255b048669f489c58d6c39b90b7c6c46754902d9c4935b4f99382e7688404bee84df49ab545d989f4863a772657db1c9193f,CLEAR,DAYLIGHT,DRY,FOLLOWING TOO CLOSELY,2.0,36.0,3.0,3.0
0b4fdfed67a39c99f97cf684856afd31c2212b32044879de62f256779c5555e2d0032f2b67551b1bab1ea3516d2339e56c209f7c8040f3f358ef976dcd7ae495,RAIN,DAYLIGHT,WET,IMPROPER TURNING/NO SIGNAL,2.0,44.5,3.0,3.0
0b505fa8996bcf5a9f97dd438cc647b6b406cf7df8f8313f81adcad4913e8bc1b95e2b4bd0c9331171590cb48633863c7e0f2ca221af57b0ca7339a4fd92485c,CLOUDY/OVERCAST,DAYLIGHT,WET,DRIVING SKILLS/KNOWLEDGE/EXPERIENCE,2.0,42.0,1.0,1.0
0b507358e2abc09619881f4e7e5a4dde7f1ae3160ad75466be5874c74234c5dc524a014b0e6e0e76ee838edc936597dc326b27ec21894a18e1572365c24507af,RAIN,DAYLIGHT,WET,FOLLOWING TOO CLOSELY,2.0,51.5,2.0,2.0
0b508931c6b0f8b3a50e97b13b4da80aa6d070d91cee01ffe7736e029bde5a7b58f48b6ef50cff7d3af544e1c39dba46bef37ec299a66cb845040354f725d45e,CLEAR,DAYLIGHT,DRY,DRIVING SKILLS/KNOWLEDGE/EXPERIENCE,1.0,31.0,1.0,1.0
0b50b54400795eef09c48067964dd0c24a73dee039629b97cfb27efd080092dbfb39907f6e5ab29dee39120f0d8a201d9cbf2d3bb0e27da72df410b356537506,CLEAR,DUSK,DRY,FAILING TO YIELD RIGHT-OF-WAY,2.0,32.0,2.0,2.0
0b50c1b273c8aa3a16ef7c4e40be33f4f61b79b0087a5ab194cdc768c00092215a20f3b9ab48cc03f47ac3aa82a28545ab6ad06e494e6becb7b2b98e4e2f07a5,CLEAR,DAWN,DRY,IMPROPER OVERTAKING/PASSING,2.0,33.5,8.0,8.0
0b50d61ecc27c9114924e476e8fd7f37208cb011c991553dbba9f566ae95c2c3fd2ab2a40f17f6acee22b00412f9966ede6ca6958e714f086a99e0de9e911e39,CLEAR,DAYLIGHT,DRY,FOLLOWING TOO CLOSELY,2.0,43.0,2.0,2.0
0b510bea32c0d4a345b35e4f62d1b6cad74ba0cc718d8e4f852bc3dc307f2874f88905323ad76b9a6ef9ad3f419ad0e622638ff744968d5970b8a83806590e98,CLEAR,DAYLIGHT,DRY,IMPROPER OVERTAKING/PASSING,2.0,38.5,2.0,2.0
0b511604c28fdeb62faf5038bb413a6b178cad73cce922ecc6fa3ac0c0059029f7d95f738bd76f0b69e2d61117bcaefc2f05ed5af085321986287d7a34d9c22e,CLEAR,DAYLIGHT,DRY,FAILING TO REDUCE SPEED TO AVOID CRASH,2.0,80.5,2.0,2.0
0b51318042d0af37a66075b0a5abe4633d8ff35f6b04b62a7352d31a90e93aa7c0ac4e323e22babbe46dd5df49021b839b9bb82b7e54ffbacc1b155e9e39baae,CLEAR,DAYLIGHT,DRY,FOLLOWING TOO CLOSELY,2.0,44.0,2.0,2.0
0b516ae574f4fc61c72081cbbce971681b02b559b527e24d99a53bb12df63537cd8ec45e2392d918d3e3ad3c447aadcc3def910b954d2654bd19cc7b878bb0b5,CLEAR,"DARKNESS, LIGHTED ROAD",DRY,FAILING TO YIELD RIGHT-OF-WAY,1.0,54.0,2.0,2.0
0b516c115ed093f34b4c672c087c343e9ad905ed2732ca78f11157f3889a0151e019600ce0f73df6d37b4844447aaa93718e3e451e9d5bad3e092a2356f06cef,CLEAR,"DARKNESS, LIGHTED ROAD",DRY,DISREGARDING STOP SIGN,2.0,19.0,4.0,4.0
0b517a7ce66f2150f6c1597eb4b17d942982bcaa4fba9e3d8b85d64a22d9a7853ffdaf4b09fa18252b7dcb98fd2bc57b43039f92204e6910809b0c3b13e1e3ff,CLEAR,DAYLIGHT,DRY,"OPERATING VEHICLE IN ERRATIC, RECKLESS, CARELESS, NEGLIGENT OR AGGRESSIVE MANNER",2.0,24.0,1.0,1.0
0b5189397b79c75b076c652e20ebd0555efbc9c37792c088e853c642ddd63de6a8068003a4b74e49ef9a161a439a1906b90a8370de280dab7696625c23ab63e9,CLOUDY/OVERCAST,DAYLIGHT,DRY,FOLLOWING TOO CLOSELY,2.0,25.0,3.0,3.0
0b51a662a48480afe19d89b643fec85dac35a6c918e6267ae35ea4a4328e52c405782c25f7d9b035131327a56e25d616872ebde5b9c330f64f4d63ae34b907ba,CLEAR,DAYLIGHT,DRY,IMPROPER OVERTAKING/PASSING,2.0,28.0,2.0,2.0
0b51cfc904d2ff75c32373d3439bf918a0252a9911d2e8e1404a1182c37dbb511c19eb73c3ca57a53df328e9c32e14b9a3bfca1c2595d239ec06c35a890ad151,CLEAR,"DARKNESS, LIGHTED ROAD",UNKNOWN,IMPROPER BACKING,2.0,29.5,3.0,3.0
0b51e4c77b5152af3f675862e2c7f3173f7b6e78814a2593edcf7fca34a2c93f729cea6422bef46b7520eca0203bb8b2e2f59f9f8e50fe143fcb2c54e7b7b64e,CLEAR,DAYLIGHT,DRY,FOLLOWING TOO CLOSELY,2.0,44.0,4.0,4.0
0b51e779f596e9832600199516ba20d4d37c0eea9fa16c9a71743dc4fa2a7e70c598ad3bf3919ba42b6fd4e3b59a97307a45f1e21cbf3fba13e79510df9ec0db,CLEAR,"DARKNESS, LIGHTED ROAD",DRY,IMPROPER LANE USAGE,2.0,24.666666666666668,3.0,3.0
0b520abf26f0d08ffd002e8adbbecb9ff01d717103f6b38f34a5eb828e6792d15fdfbc0734738e59fdffc1f92300c749e8947fc9316ba47526d773a458d30122,CLEAR,DAYLIGHT,DRY,FAILING TO YIELD RIGHT-OF-WAY,1.0,51.0,2.0,2.0
0b522279c41168cec5622bebea42ba7a74805ccba58cbd2fd1401e3e2add74dcc3192c194040ea48336598dea8cd6de512ea473b72cfdfb8f6daa929335552f7,OTHER,DAYLIGHT,ICE,WEATHER,3.0,35.333333333333336,3.0,3.0
0b5243742f7958cd7015f2d44cf8d5a05c4c96cf31649b05be208d54fd5b65fed87046650f3b1e3d8443c2f273b2f92247b53d165b34acacac407324e61a2c77,CLEAR,DAYLIGHT,DRY,IMPROPER OVERTAKING/PASSING,2.0,42.4,6.0,6.0
0b52692cb3427bb588ce8db03eb3287bc551092b18cc0566a734e02f86aac841a639f2283eef3d35a3ebce45263665a9e35b51497470f06d17e2fc6eb26a0e95,CLEAR,DAYLIGHT,DRY,DRIVING SKILLS/KNOWLEDGE/EXPERIENCE,2.0,37.5,1.0,1.0
0b52ba8c3edcf4117b5d1f03f55efa42d41373daf9ec9d94c7e17c3f91bdd938006e29095b5386141489b620ae6ae4d9a019191551bc2111272c8e24a6a998ec,CLEAR,DAYLIGHT,DRY,DISREGARDING STOP SIGN,2.0,25.0,2.0,2.0
0b52eac11e0b63478de72b35ef8414427756f9b2372e6ff9f12d5abfe738c1f0834e31da7c4e3c5da22a7cea4372d64a6becac006e96a6b20b63edfd11f1deb1,CLEAR,DAYLIGHT,DRY,IMPROPER OVERTAKING/PASSING,2.0,36.0,2.0,2.0
0b531336082102d59d1b9dbbb110a02ce2546e38b921ecffa4782d0c63cdfc8efc0a7c85707f9e59ccaa68f614d5fb1ce038cb97d616c9b2fd9f74542a0b5152,CLEAR,DUSK,DRY,FAILING TO YIELD RIGHT-OF-WAY,2.0,37.0,3.0,3.0
0b53428890e76c517e348977f7a277720d74cec8fdc3d74ca484beb64a848f8213af89399ab97c3ea786d2a3d013c616831596b54665f66527b3a35127816e43,CLEAR,DAYLIGHT,DRY,IMPROPER OVERTAKING/PASSING,2.0,73.0,2.0,2.0
0b53446fe86a84388f63809da99be25c35f9f7c710b4fbf5a5d4ca9908b42e992401e20ca3b129d55fa64d248b15a8b0c3785865da63283ffa79a589cd24d0a7,CLEAR,DAYLIGHT,DRY,DRIVING SKILLS/KNOWLEDGE/EXPERIENCE,2.0,62.0,2.0,2.0
0b534eb7a1afac99a9dab4fbfaa0ad844dd88872613d8272f658932b09fd640f832237bca68d8704e76b0b3c169092e0df796cdf050017bbe86322b808546d7b,CLEAR,DAYLIGHT,DRY,IMPROPER OVERTAKING/PASSING,2.0,35.5,2.0,2.0
0b5351d7addd799d1508941fa4c6f808e81698ec0a16c20f12406e54caa622ee6a391655b3eff7811e047f26b862c7fd4c803ca25ddb3597b00735c0079080b0,CLEAR,DUSK,UNKNOWN,FAILING TO YIELD RIGHT-OF-WAY,2.0,27.0,2.0,2.0
0b5386d0190216fff5b7ca552164efbfaae64b010269d0c7420490da8f43ed0098ab81765e76dc7b253994ba8c1a4ca369a5892f2ac13287e6cfbd4d09481e87,CLEAR,DAYLIGHT,DRY,FAILING TO REDUCE SPEED TO AVOID CRASH,2.0,20.0,1.0,1.0
0b53a381ad0840990b721a407b3b1b941f72d9eb0785e141b412614d78f08a6850aa4e68598d1cd246b28875f67e7db90e4bdb180b9d86c97863ca4199e6c949,CLEAR,DAYLIGHT,DRY,IMPROPER TURNING/NO SIGNAL,2.0,24.0,1.0,1.0
0b53b97a7ce0e8b2baf144bd4ce8584b38597a64c8c4a36d9f5f0fda5ca6bf32ef5d205ec2d354cc40b02f46d5a08c1dfe90dce91f8909b4ceadc4fea094ec80,CLEAR,"DARKNESS, LIGHTED ROAD",DRY,IMPROPER TURNING/NO SIGNAL,2.0,32.0,2.0,2.0
0b53c08b5653105ee27d703e48addb664efc404a63ddbdb80bd109d3290d0e72a7607b22a9ae677aad9884e0267f411c089d9ca9b1f8050be4c9f1cd9da259e8,CLEAR,DAYLIGHT,DRY,FOLLOWING TOO CLOSELY,2.0,29.5,2.0,2.0
0b53cd8fcf47ee3842debf9506b50b44ff88d30899eeda78b7d69a32f5c2bd81e59ccb6b03e1f64158bca6410fb615cc82fb0feb2562667bc95810f99118103a,CLEAR,DAYLIGHT,DRY,FAILING TO REDUCE SPEED TO AVOID CRASH,2.0,39.0,2.0,2.0
0b541ac5065768aeac58b854b3de393e2fad206a7a96e1b3ce1b3fdb1284187289c55f3d4875935ee93bb5b31df8fb836940feedef227d79775bf78d1fda9543,RAIN,DAYLIGHT,WET,EXCEEDING SAFE SPEED FOR CONDITIONS,2.0,30.5,2.0,2.0
0b542605fef0bfa9f9e8849050b9f77d7ad592ac94ec303ed4193c731a4a1579a51e2e5c5ef6a80d9c4d20c93bcd8716d9d927aafc49a4a92eede1dd1cb7941a,RAIN,"DARKNESS, LIGHTED ROAD",WET,DRIVING SKILLS/KNOWLEDGE/EXPERIENCE,2.0,74.0,3.0,3.0
0b546475a1d228ca8ede9f59325fbdfbf6b3cb12e8cc6b472ba628890f76e8d1a4509032fa4ff251ad5dd0338fbbfc664edce2a9ac0c883a82461bcc3a20292e,CLEAR,DAYLIGHT,DRY,FAILING TO REDUCE SPEED TO AVOID CRASH,2.0,26.0,4.0,4.0
0b546ee2cfb76e16e347a95034ec5b51abc1f90e78f1acba41b81ecfc0152bfa9ef62b4275eca1aae9940ca15a387794025cc4e617f4fcb895b6ef0ea6878433,CLEAR,DAYLIGHT,DRY,FOLLOWING TOO CLOSELY,2.0,23.0,2.0,2.0
0b54a491ca5f0175c371359d643a52efc320c58486a3da4ac7ff80a94a50f275d6045d9559db75a2cb0a7a866c82c1495035157633ad5a437a4b27eca79f25ab,CLOUDY/OVERCAST,DAYLIGHT,DRY,IMPROPER OVERTAKING/PASSING,2.0,57.0,2.0,2.0
0b54babc597ccc5aeb706e561c847b010dc39cad302e4daf385a59f9f901e84733af4e99150b03a2556e7e060c26eca8c87b280d0d6028765671484610e31da8,RAIN,DARKNESS,WET,FAILING TO REDUCE SPEED TO AVOID CRASH,2.0,39.0,2.0,2.0
0b550bcfb34771dbb4e8e9f172a1f0a990c524d095d3704721cb830784ee6ec3bf07aabb12517f535bc2a14679ac381f6992778fe3499790478289ca37295ed5,CLEAR,DAYLIGHT,DRY,FOLLOWING TOO CLOSELY,2.0,56.0,2.0,2.0
0b5513163a89767a98f8700cfe54b8072792e3e6621e51c742c0e233ffd07f6243ee1ae9ae9ed9673013334d7fce722f84805b9f8a9c213ab05da84d5d20e50e,CLEAR,DAYLIGHT,DRY,FAILING TO YIELD RIGHT-OF-WAY,1.0,26.0,2.0,2.0
0b555c63fa7d9dc04a81cbaae47a8d2759ce6061e9a256b676e9e34177a00c0c0dbbc39e0b0cb71230524b4d24cf5a0f9c1644670ff1936957a69b8f79d33ef3,CLEAR,DARKNESS,DRY,FOLLOWING TOO CLOSELY,2.0,23.0,2.0,2.0
0b556432c01585426c6b402969abf2eaeb15a3eb47144eb7706abb038e869cad03b4107c283a3116e65298ed2e3a6163d0d712ae14f033e034ca3f8da77807ad,CLEAR,DAYLIGHT,DRY,IMPROPER LANE USAGE,2.0,43.5,2.0,2.0
0b55733a8c3431c5a67f479c164f873e1ebbb9ba34c8806c6e456f2cb6967a7ca5b0f7c3397afd784691015c2aa0c451932ccacbf875e32bd2a3b31999cd289d,CLEAR,DAYLIGHT,DRY,FOLLOWING TOO CLOSELY,2.0,13.666666666666666,4.0,4.0
0b558edeb40de1976153f0f022b9e2fe3debf3bbfff8f274e8b3c7c69b349f161f01fa731e0d337a62d50095b3a2ee9806668bf17f05603804525b193b3e1ea1,CLEAR,DAYLIGHT,UNKNOWN,FAILING TO YIELD RIGHT-OF-WAY,2.0,33.5,2.0,2.0
0b55b85cc3c20d9039b110cf604ba157167de69edb59645cc3b25acea9255846458a2b19e49ad234f06fc410c553d4fa8a380a045c4d1a5fde7d4e40ef5e2c54,SNOW,DUSK,SNOW OR SLUSH,DRIVING SKILLS/KNOWLEDGE/EXPERIENCE,2.0,37.5,2.0,2.0
0b55d97fcf3db15aac3fe630271e89fd4345a1eb48d6014155d2a2d6fdf55b64f6e5752400b44c73e6e0133ae62d3d4c874f5224e163a90ec17defeca927c4b0,CLEAR,DAYLIGHT,DRY,FOLLOWING TOO CLOSELY,2.0,56.0,2.0,2.0
0b55e92e78f606c578f8acab387af1ef69276d653d7e6a0fb6fcff5f553418938c22fafd7dfd5bd1ca0ece74ed049322085ca9edab1ef845d06090d100a3da55,CLEAR,DAYLIGHT,DRY,DISREGARDING TRAFFIC SIGNALS,2.0,41.0,2.0,2.0
0b5609bad45eed4c26f538e586dc4331258a23aaab3baa8961522e74fa864d47deca4ee9d0f9e58b9b17651c62c2b94c5d3bdff8c8a62c6b9cc9278a2c163672,CLEAR,DAWN,ICE,FOLLOWING TOO CLOSELY,4.0,55.0,4.0,4.0
0b563b1038dc8767fb6a14d63c72ab44a8086697ed375762d19ca4998bfe9ba58109dadecbdfa40f16ae3b9477211159e40ca5cd9089e58df4d936577c997119,CLEAR,DAYLIGHT,DRY,DISREGARDING TRAFFIC SIGNALS,1.0,63.0,3.0,3.0
0b566d3ca60f2dced11b7e275629ad809d4cdd6624232646c065c1f1852b6352137f2a5b2f476a4dde0b209235c3b1e6e75bc4154cf60db937bddf56105cd43a,CLEAR,DAYLIGHT,DRY,FOLLOWING TOO CLOSELY,2.0,34.5,2.0,2.0
0b56c37bdf89b1347895446ed53cc22abe17e30de14195783ec8db10aafb062a136b999f23ba0cca1a76b480af3f73127af24a0b95c7fef6759db3919620649d,CLEAR,"DARKNESS, LIGHTED ROAD",DRY,IMPROPER BACKING,2.0,35.5,2.0,2.0
0b56dfa7a26d02a24c3f4d8b0ae0413254e9b3ceb854cfd5f60b044672fb84bc235562d549b4b1d93384b52d5a06e330ed16a0990e1fb285f644c591f54925c0,CLEAR,DAYLIGHT,DRY,DISTRACTION - FROM OUTSIDE VEHICLE,2.0,17.0,2.0,2.0
0b56e2259952bec514c253089fb4ff366f82db32b66b3bf30e773cb5bd6f51d351b2d2eca2bf3b2d5816aee53c7ba72f3097d30d510e1c206d0dbf4360f82dbc,CLEAR,DAYLIGHT,DRY,DRIVING ON WRONG SIDE/WRONG WAY,2.0,43.5,3.0,3.0
0b572492c7e2d3e978170d200aa1a04c7c040aafbc47475ebfbda354fdaf58ec5a94928e5fc3f6ecd7d8f11fb0db0b01e5025ede1cefbd8a5cd498b58567e7c9,SNOW,DAYLIGHT,WET,IMPROPER BACKING,2.0,43.333333333333336,3.0,3.0
0b572f7b267992bd8799da5c4192aec449f7727733974dea88078a8258178dd8991b532805dcbc7c1bfc383e50512faf4a661cd068c569762da54a4d44d8b5ec,CLEAR,DAYLIGHT,DRY,IMPROPER OVERTAKING/PASSING,2.0,27.5,2.0,2.0
0b5744ccbc9e535fb47f8b42df986acb910d9ca45ce7140b2c9e9759291681939a9c8a1a9f3f5112c1cf5dde5a05fae1ab393ef9f58f56afb7b58ca7fc7b49ca,CLEAR,DAYLIGHT,DRY,FOLLOWING TOO CLOSELY,2.0,39.0,2.0,2.0
0b57501c1e2b1a42d514536baf76e2706c9849caa472c14c3185f6348ed3413153c9cec170c95ec54a668f1695f7c90304f22b9898d6286a544ff1f37957519b,CLEAR,DAYLIGHT,DRY,IMPROPER BACKING,2.0,40.0,2.0,2.0