crash_record_id,weather_condition,lighting_condition,roadway_surface_cond,prim_contributory_cause,total_vehicles,avg_driver_age,total_people,total_injured
0b5750e359698d9ef8d6bda62146ecf155308fd7b2c3e992ddcfca3adee07204d7d3e24718e1e0035491fe93fcd64c5fa554df3b22249ba3916970c7bc27bbde,CLEAR,DAYLIGHT,DRY,IMPROPER TURNING/NO SIGNAL,2.0,39.5,2.0,2.0
0b5751fe5c36b57a0ea65b74848144b5a4bfc76a108a898fb6522f6898a9fa96cfdc309a006595bfd43fa7f5e9cbb799e0ca1a52462c32e0441ecab56487cd8c,CLEAR,DAYLIGHT,DRY,FOLLOWING TOO CLOSELY,2.0,38.25,4.0,4.0
0b575674a07300d96c6558ad7e4dffae322a5417b5ed867e9ad47bb4087490a8977073e5e21c4f262c38f33254e47e8720684e732304346de3d87b2c31c0134a,RAIN,"DARKNESS, LIGHTED ROAD",WET,FAILING TO YIELD RIGHT-OF-WAY,2.0,71.0,2.0,2.0
0b57874a8e6816fc4a466069d3c115b6ddcb4a6b40eb39cdba25d83c02cb9cbf8a6bb7bd24ef6041d4435fa15e62afd81ea555881881c4f79549f54c4294d66c,RAIN,DAYLIGHT,WET,WEATHER,2.0,45.0,1.0,1.0
0b57e2752e56ac0b272b929c1c8f045f29790efb1214ffc37a3d239eccca73a8d3a21b2c5d822e973d2fbe3cb05fcbab67e1d145a3d600083a790b9a0d1c4281,CLEAR,"DARKNESS, LIGHTED ROAD",DRY,"EVASIVE ACTION DUE TO ANIMAL, OBJECT, NONMOTORIST",2.0,39.666666666666664,3.0,3.0
0b57e4df71bcf9408bbb7dbe91ca03313ded3e395b9521a063b9692a45c9860eebed5ddd50b49a44b8c4cb2f2211c73f6112f55d9134fa67df7c1dc22ec4c715,CLEAR,DAYLIGHT,DRY,FOLLOWING TOO CLOSELY,2.0,52.333333333333336,3.0,3.0
0b57e5597188a1de1b25236eac1256fa99953da5d40894b80c277a1d0699c9eccda9c6e140eaaa64caded7df67071ed3a174146408ce13b7dcf65c7e9f803dd3,CLEAR,DAYLIGHT,DRY,FAILING TO YIELD RIGHT-OF-WAY,2.0,58.0,2.0,2.0
0b58709072d7b9a8494c7698efff59436566a9dfcaffeaa450f59be2a96f61cd09b2c2e5468599e81c5a52078c152236e8d8515bbb82a8213cb16f0937453b0e,CLEAR,DAYLIGHT,DRY,FOLLOWING TOO CLOSELY,2.0,30.0,2.0,2.0
0b58a9274ce0ae647021023846e7d2c52b487a082e034f57f51d8f0cb355b41008ef0baa5b03851dca34d68838115e7b3958dc4d3b777123704100f8248e5e5c,CLEAR,DARKNESS,DRY,FAILING TO YIELD RIGHT-OF-WAY,2.0,45.5,2.0,2.0
0b58f29b98bb7bbcee2c4316024c3aa86206f0ab8c48df7d44363651def94e97e3bbaf50e6391b4057cb04a6899aeed285d6f972ae9262d357658b1f0a5c1d36,RAIN,DAYLIGHT,WET,IMPROPER BACKING,2.0,34.0,1.0,1.0
0b592ba85ad8d7c3347474c478c353d3f5f0ae0b60222d50c0ee50e4051cd09da576c99411ae3f70f1c8028de40d35da5c61e6e622c5d91e86473c39fec0447d,CLEAR,"DARKNESS, LIGHTED ROAD",DRY,DISREGARDING TRAFFIC SIGNALS,2.0,46.0,3.0,3.0
0b59432815d74baeedf85a00368af26f0439b69983a772f6d69822267d68f4b48395081a75500fec5fc4aff6ae4b190581f43d923c4e4cea5fc1915738349e2b,CLEAR,DAYLIGHT,DRY,FAILING TO YIELD RIGHT-OF-WAY,3.0,54.75,4.0,4.0
0b596c0c241a4a3ca62e9f18a58e57f59b967bc4fd25d0bd605ab2ae0d6d48199758a3c1563331b5bf2d45c88d7db66d4141236934611361c2bc89b64aa47389,CLEAR,DAYLIGHT,DRY,FAILING TO YIELD RIGHT-OF-WAY,2.0,43.0,2.0,2.0
0b59a1ba83850a224831758fc31a3f47522c1e7a3efc41e155217b7011ceb2efcbb338848e518e11e599ed4c97751b491d5a509dced173ce52a3c23e82af2452,RAIN,DAYLIGHT,WET,FAILING TO YIELD RIGHT-OF-WAY,2.0,43.5,2.0,2.0
0b59aec844af9e09fce9563fccef4a057d7c788728bc5cef11f2b7306e24f87af48e25f2265b0d55d96c6789a1006b51078283e9062d8e8be020f1055ddb2b68,RAIN,DAYLIGHT,WET,FAILING TO YIELD RIGHT-OF-WAY,1.0,21.5,2.0,2.0
0b59bdefe4bc1b41c96005f05af6248038af3c7e60344abae469b173f9f1260350c76afa057f963b4ad08659371b4c8c6958b2053be80eb9beb42de5a35043fa,RAIN,DAYLIGHT,WET,"OPERATING VEHICLE IN ERRATIC, RECKLESS, CARELESS, NEGLIGENT OR AGGRESSIVE MANNER",2.0,63.5,2.0,2.0
0b59c7c0973b18924ac2f2a50ae1c2b5e54887248b06fcfb543bae9fb8188217dabb35ca77955d2ba902a295735290963ce8fe77517a30acdfbdce08a4ef9502,CLEAR,DAYLIGHT,DRY,FAILING TO YIELD RIGHT-OF-WAY,2.0,58.5,3.0,3.0
0b59dff2f54623a5539da585d4f0f2d264d58cbe752d2135fd608e948f8887115e3509a3ada99b8155684c1f7fdef4fe685713b0d323efcca276d1ee61d2fc53,RAIN,DAYLIGHT,WET,IMPROPER LANE USAGE,2.0,53.333333333333336,3.0,3.0
0b59e82c36faf024c7ce73a2f524252e841b6e5d9e8f25fb7074b44b8a34a9093f0430939024e2b1600c7b13d0a721b29657c56306307cafc29ae7c066836803,RAIN,DARKNESS,WET,FOLLOWING TOO CLOSELY,2.0,46.5,2.0,2.0
0b59ef5a61d44e1394d859ea1501b081e47285cafcd875115640d0130f26302a5552fe5f793f8b3e0de234fb2b588c246f76c2ea6c7cd69d1e0d7ded729cca61,CLEAR,DAYLIGHT,DRY,IMPROPER OVERTAKING/PASSING,2.0,37.5,2.0,2.0
0b59f029483242f3742dfa8bddfa740db3d8f4375e736986f99c03a4950530f214d403605dae3e7bd4efdf46a66a5115e2d3b85a794d5d6d83aa8f683b8de34d,CLEAR,DUSK,DRY,FOLLOWING TOO CLOSELY,2.0,32.75,4.0,4.0
0b59f4bee8802759fcc554dcc7e51902066c4941e7950e0a65841caf010e945a3450bbd1a008b28ec612d48b4fe8120e47ef46b8ca92ad0ab7b5478dcc5f573a,RAIN,DAYLIGHT,WET,FOLLOWING TOO CLOSELY,2.0,50.0,2.0,2.0
0b59feaff8af5947e25720ecb21e48912ae18ed8016bef797a9e77bc68f4b1f5e78be6d447b478cc1da00c32914132a9705cdcb653f261dfd93bc76556ca07ef,CLEAR,DAYLIGHT,UNKNOWN,IMPROPER TURNING/NO SIGNAL,2.0,32.0,2.0,2.0
0b5a0348768e998c70927a60e8b82f846d56f3dd85640868bfc5ffef432df38e6072928d9b59bf2acb4b139bb361c37a8ab3561b21dce1595ec724c6fa5535ea,SNOW,"DARKNESS, LIGHTED ROAD",SNOW OR SLUSH,FAILING TO REDUCE SPEED TO AVOID CRASH,1.0,37.5,1.0,1.0
0b5ad8f0b680562441ca2bfb688f327d06162fff1762f7f565e2982ba62821685a1e5df33b78a44377403c92808a8c8e45bfdc27fcee01121ff049ff740a0099,CLEAR,DAYLIGHT,DRY,IMPROPER BACKING,2.0,32.0,1.0,1.0
0b5b7731bb0055b594265ba876a5de2e9bd44e51ee55e20377d33a31b50f9ab8f3b760cc241891ab288f7f22a855e00c9116f36cc699b5fc3126e955e0a31bdf,SNOW,DAYLIGHT,SNOW OR SLUSH,WEATHER,3.0,37.5,1.0,1.0
0b5b77a15c397feef2a049f864e48ae7ecb710b1e16b39664edf1e238607f77cbd8906c567ec9ff7be4064b79903df9aed241aa6d8b627fcc91c5d6386e73f2d,CLEAR,DARKNESS,DRY,DISTRACTION - FROM INSIDE VEHICLE,2.0,22.0,2.0,2.0
0b5bda3ffe58aab9c51c38bcedcce0a10e6087355984e0e2be1a50154a13240c66e9f3e65d6d615ed14d0bd5dc458a8d01c812472e8f4a958b55f36c68c5245d,CLEAR,"DARKNESS, LIGHTED ROAD",DRY,FOLLOWING TOO CLOSELY,2.0,86.0,2.0,2.0
0b5c23476cd8e636feee491370116bb97636669be3ecd0f9ed22f73674843fe47ab280235894b3a36fb5ca3ee5233228613bd8a12beff7bd26031d602a19e1ba,CLEAR,"DARKNESS, LIGHTED ROAD",DRY,IMPROPER OVERTAKING/PASSING,2.0,87.0,2.0,2.0
0b5c23a9542843cba1addba0b3bc85146323cdd4b94f0fd38e4772cf1e07cdab451b4bfd0fe868e185279457019b6e8c538b4a626ce926395218a7475fef9363,CLEAR,DAYLIGHT,DRY,FOLLOWING TOO CLOSELY,2.0,52.0,3.0,3.0
0b5c29be481c542db1959768d79eb01951f4d48dc6e41d0b5183010437d7a98ee5892eb0e48a1d56faee9498ba8ffba7cd999437f577aac9c2428bba15bff5b6,CLEAR,DAYLIGHT,DRY,FAILING TO YIELD RIGHT-OF-WAY,2.0,19.5,2.0,2.0
0b5c4595abbbfd0225e83a43296c0581a2aef2209fd057a11a13eb4a5cb456e0ec1e61efb6c05a38edb76a5c230e81cde97c7be9b314841d81ddc03a8f574b4d,CLEAR,DAYLIGHT,DRY,FAILING TO YIELD RIGHT-OF-WAY,2.0,57.5,3.0,3.0
0b5c45a163beef50a8b14ccc2b038d7fef36594089f45ecaff61ac1d6ae760247d181504b9c8c2205cca9c74b6e18510c25696e359a8dd8e4d050136f04caa5d,CLOUDY/OVERCAST,DAYLIGHT,WET,FAILING TO YIELD RIGHT-OF-WAY,2.0,48.0,3.0,3.0
0b5c9ae3e936fd93a9c9dab85e638c0cb848a586a18551136fb3ae64d9ded27c813aee7ffb42704d65f640a3c54d2b023b17e13f255720cda15a41b8052ea867,CLEAR,DAYLIGHT,DRY,IMPROPER LANE USAGE,2.0,51.5,4.0,4.0
0b5ca895a44fa94db2276597ca85fd625ff7cafaf3ed5fce928b9c519b6b33dbefae918ea4482c09ca8fdd084085b2dcc578022fa2c2c41b7bf87e994026ef84,CLEAR,DAYLIGHT,DRY,DISREGARDING TRAFFIC SIGNALS,2.0,28.0,2.0,2.0
0b5cc6a97b4ecb0cb59dacf62b4e70a8e2db31f0b693fd97eb7e6bbc49c52904025a1e8493a2fb9f53b84a30989aeb4836535c2eca3c37b70208e8e5d636d1e3,CLEAR,DAYLIGHT,DRY,"VISION OBSCURED (SIGNS, TREE LIMBS, BUILDINGS, ETC.)",2.0,38.0,2.0,2.0
0b5d04206a6eb0306adcadaf91349726396e2ac18317ba897e0a8b948d267e8cd882643933110aef6e6590664e97195f239c866cc71d6f712d836c99c05b3af0,CLEAR,DAYLIGHT,DRY,IMPROPER BACKING,2.0,60.0,2.0,2.0
0b5d055dbe46fe11a8f811f53c287a0511857460c82df511d58c008b26ea2bcbb37c8f1c371a98a660321e3da026be781bfeec5dbd3d3f79fc6bdae1bf38d997,CLOUDY/OVERCAST,DAYLIGHT,DRY,FAILING TO YIELD RIGHT-OF-WAY,2.0,23.0,2.0,2.0
0b5d1e68d441334eedfd71a441c8c66b1ac0f1e396ceadce30d77cd156fcde0b2dafcfeb5e14f64b02d235e7882336f6f48d5fc0d9d3c2790c6f192b7210002d,CLEAR,DAYLIGHT,DRY,FOLLOWING TOO CLOSELY,2.0,32.0,2.0,2.0
0b5d360033b31def8101c62042712eb8ae4b4524db8652fe9aa5ddc316b339769867901104fd8a086b7bea09a9191b8fbac5cf8508c3be6f98ad4521077a01cf,CLEAR,DAYLIGHT,DRY,IMPROPER BACKING,1.0,74.0,1.0,1.0
0b5d387ae10a9080d8452c69e6f6debc8a765fdd01e2460637e524321125965a528eb512106dfd54daff96fec6e71fd30735ef2ac9bd6cb9f5aeb4ca830d774c,RAIN,DAYLIGHT,DRY,IMPROPER LANE USAGE,2.0,66.0,2.0,2.0
0b5d3c9bb0f86e18364d4b25926b9ed13e8cd3e394f42e1f68b1be4d895176c4fa857fd0d2a7f6006e28a4f45d27eb2e40c49ee7ea3b6a77f5ae01e9a4001992,SNOW,DAYLIGHT,WET,FOLLOWING TOO CLOSELY,2.0,55.5,2.0,2.0
0b5d430d77370521ed9181d321051a72ebcda842e44f0eaa114941d938b80c49fe640097e9896d963741f2fd9c7c40ae3d1c1a3213ca03362ce01261b188c06e,CLEAR,DAYLIGHT,DRY,FOLLOWING TOO CLOSELY,3.0,59.0,3.0,3.0
0b5d43f71d2bb26b88d6f1fc9869a05ffc57204eef525ba72510fdeb435711286dec583ae3d02668fb9082eed0a30779a47e75d5a31943eabb2e65edf13ff955,CLEAR,DAYLIGHT,DRY,FAILING TO YIELD RIGHT-OF-WAY,1.0,27.5,2.0,2.0
0b5d61e69c1e2de484f9569e7ba04097ed8a2baca48c03d2c651e5a930ea6d2cf9b2a24aeac486a9dd1a52e85d95787b8b9175a5886d391cf7badaff3fb16000,CLEAR,DAYLIGHT,UNKNOWN,DRIVING SKILLS/KNOWLEDGE/EXPERIENCE,2.0,39.0,2.0,2.0
0b5d71c05d2d486fcde8edeea75ca13acdaa51adb014550b0d1094365c64db290c8d499bd77a07235462909e7dd3d077e73436debc02e67c95131a5701bc0be1,CLEAR,DAYLIGHT,DRY,FAILING TO REDUCE SPEED TO AVOID CRASH,2.0,27.0,3.0,3.0
0b5d99a9fcfbca43d074122ecd038e3216934661a06098eddd0ab552fb27be49044378fd2ab6c60fd961da12d3d3aced5a97994038a95854e62fe1918ca7f88e,CLEAR,DAYLIGHT,DRY,IMPROPER OVERTAKING/PASSING,2.0,53.0,2.0,2.0
0b5da91b0e91a7931e4f4d50cdfc637959aad4f75c07b985e64a72f04c7cc7f9f5dd551fd77a8da8884a72c580bbf406fead5b8c894be86462ac6c79b339bfea,CLEAR,DARKNESS,DRY,IMPROPER OVERTAKING/PASSING,2.0,51.0,4.0,4.0
0b5de21a9da286fe0ca708d8582092b10e16239faeb6c977c4af3712779007cd6cdcf929d6929508e67ab9bedb0f0eedded88e8d2f71c07d3ebc3992e7057fde,CLEAR,DUSK,DRY,FOLLOWING TOO CLOSELY,2.0,22.0,2.0,2.0
0b5defccf11da33ee613fd3825c9f501864d0e6a9cbbc38b953df858eeb0d0a13c9c404d54faff450b3ad235a91da904a6cba81b1d7c0dbff2cbc8f021ba2241,CLEAR,DAYLIGHT,DRY,FAILING TO YIELD RIGHT-OF-WAY,2.0,33.0,3.0,3.0
0b5e019b4ada4d829f3be7d75119deff8b6901acdb558674f9aff39938f1cec85f5c6ca9d28a312c966058e1a2b3bcc9992840ea027aa1ca90708a18dc05ae17,RAIN,"DARKNESS, LIGHTED ROAD",WET,FOLLOWING TOO CLOSELY,2.0,28.0,3.0,3.0
0b5e105baca91231a33b9ecb9b5fe3b433c60d64c1bedf18635f994b8e5ab6086bc60b17d3cbb85be42b99dd23819ee2cb9da608892d14e8902c97e8019279a9,CLEAR,DAYLIGHT,DRY,FOLLOWING TOO CLOSELY,2.0,42.0,2.0,2.0
0b5e1691ff77027bee283024194fe53f5ec44c76331053416c2947e915adf26d1b8f32de5a78113456bc29c56ac9f8b3011906ecdb6351cc722a29105156d312,CLEAR,DAYLIGHT,DRY,DISREGARDING TRAFFIC SIGNALS,2.0,25.0,2.0,2.0
0b5e202ba59fed80c4ef461c5534c2ff8d8f35d3508bb5356a7251d628f4638f71ac508cbed966a13c8f7aa55f46c49a51352a58bbddd6c7d995f8fd8967a73d,CLEAR,DAYLIGHT,DRY,DISTRACTION - FROM INSIDE VEHICLE,3.0,45.0,1.0,1.0
0b5e5d8e7d3f8eb42dcd15d443877c76c00428fbfcd36fa154a107f6825cc1ef537eae679b1adb919d8a13aea686ff82fac40184a2d283e4d32bd2200c36a839,CLEAR,"DARKNESS, LIGHTED ROAD",DRY,DISREGARDING STOP SIGN,1.0,26.0,2.0,2.0
0b5e8e14d5bc8bb550d3a3a37013173ec0736ef007866c88c770de31712a3f56dbfe14b4e87c0f6ea03b63a266cb19029470336cdb061a7fcd3928fdb52f244e,CLEAR,DAYLIGHT,UNKNOWN,DISTRACTION - FROM OUTSIDE VEHICLE,1.0,33.0,2.0,2.0
0b5e8fc3005bd5874e7e4b2d644f77f59d1b518d849f3cefeb96959f1993c200cf15dc711be0cdff4a2c341ce715d9a038b6264f70ed3f33aa506e88c1b508c7,CLEAR,DAYLIGHT,DRY,FOLLOWING TOO CLOSELY,2.0,27.0,2.0,2.0
0b5f6ca88377df6bd61949632b29abf2c93e7e17883f12b88e61310382a89aa653095677933361383cadbd190edf072287bfde263c3b315f772beb4bf3ae9818,CLEAR,DUSK,DRY,IMPROPER OVERTAKING/PASSING,2.0,20.0,1.0,1.0
0b5f77c65a95c6b91382eb32b434caf3c5f3467c4a45a472ac22addd264de7d605f578a817f02b3317baa64fa8278d284be6bc1fdd48cdac044ac992fdc2e8af,CLEAR,DAYLIGHT,DRY,FOLLOWING TOO CLOSELY,3.0,42.666666666666664,3.0,3.0
0b5f785070e071be7ebed265b4ace8e1ff5744dd99e7a2c36736434ed927e230ad670fe58c55a9156a7c0a571263c1fc335b8faccd86dbf9648ed4406eb3819d,CLEAR,DAYLIGHT,DRY,"VISION OBSCURED (SIGNS, TREE LIMBS, BUILDINGS, ETC.)",1.0,40.5,2.0,2.0
0b5f814636f89633ae6d528e30e39acc050d7e37bccc183dcd28341ca1e9a978d0e9ccda768b95bcf547745bf35fb0a56086bfbe4aa72c3d6d1bbe6c0d8faa3a,CLEAR,"DARKNESS, LIGHTED ROAD",DRY,IMPROPER LANE USAGE,3.0,46.0,1.0,1.0
0b5f99c4d8e6ed2aa9aa5ea9899facca57a0bee431b1c4a56627808a89213ddb824b196ae2af3016e071325e6706210bb1b4a8dc006a79ddc1f46cd21b04e4f0,CLEAR,DAYLIGHT,DRY,IMPROPER BACKING,2.0,28.0,1.0,1.0
0b5fb9b6af473ac2f3da02f3a95e2c3975279d3bea35f2fe5ad1275f081e4ff425cbeab41ad7746b0abbdfa521649b58992698184a3d2f4aebfda297a00c7609,CLEAR,DAYLIGHT,DRY,FAILING TO REDUCE SPEED TO AVOID CRASH,2.0,29.0,2.0,2.0
0b5ffb94449c088db667c553fd2860a88d7dcd9d8f04784a094b21bef990efb1d3f30bc6b5f238fb5a2e18ece219a3e421fa171a4eb6521a0d4a0b7f0883e504,CLEAR,"DARKNESS, LIGHTED ROAD",DRY,IMPROPER BACKING,2.0,37.5,1.0,1.0
0b6021b75e3b6eb63a4dac2bf354e08932504eb71f1fdc7d531e746e2e7bfa8c1c3ce08fdf081045ea25286eac7c2c041b3609d8bafc4c02b6251a314d7d3e6c,CLEAR,DAYLIGHT,DRY,IMPROPER BACKING,2.0,37.5,1.0,1.0
0b6039c25f6ecaf7b88a286a6e155d32eb7f5904c82d204c6f74b8031ccae4a66f3f1c4fdcb56fe13b5de4c3a45112325caa0fac3e873a3a11725b27af8b00b2,CLEAR,DAYLIGHT,DRY,FOLLOWING TOO CLOSELY,2.0,51.5,2.0,2.0
0b603f6e26b5d6a7c4398b545fe9113828d5587051025e47581ebc4e2ef8d8ae6f8c5ab889cd62b6834081f3fb0260e2cb40db2f67d0492eeec80c1b61b14f1c,CLEAR,DAYLIGHT,DRY,IMPROPER TURNING/NO SIGNAL,2.0,37.5,1.0,1.0
0b60e495b4a2a9d4dfe731333f4d38945126546e777a20a61d81035d2815c69aa258e2d5b85af1d4f9a8b3ceac40335023876613a1a2954ee5281d20ff29da62,CLEAR,DAYLIGHT,DRY,FAILING TO YIELD RIGHT-OF-WAY,2.0,30.5,2.0,2.0
0b6102b0c5f276e4d9658bbfb427acda90d8b7bc57f09416a281e1eb24e9fe15f2ec83e45e28939abfaf7812588bd801f823ae857807ca5659b9874911fee406,SNOW,"DARKNESS, LIGHTED ROAD",ICE,WEATHER,2.0,35.0,2.0,2.0
0b6118fce634db04ab87e7cdf4ff7b9a9b804b225d164ac5f4e35d1f957a3165013317d833e7b71b6ed80566a81d3e492ee9104b8cbb64899bf1e9530e533c96,CLEAR,DAYLIGHT,DRY,IMPROPER LANE USAGE,2.0,40.0,1.0,1.0
0b611fc38d716c6bccbc8d2d11ccb06fb231c375c5abd164af4911cb5de9eef3b95ea916c1d346d677c3f129ae2aeee3f9751ba5394044878d636e6c86bac771,CLEAR,DAYLIGHT,DRY,IMPROPER OVERTAKING/PASSING,2.0,41.5,2.0,2.0
0b612b71afd53a52428c9a44d745b76306291471a151b1470a66bf9e4bfcfcb0b0a83af0482b5cbf68839d166fed31910174115d62f673cf730344210bd86014,CLEAR,DAYLIGHT,DRY,IMPROPER BACKING,2.0,36.0,3.0,3.0
0b615f435c4d9de6ab65c365ca6525591c29bb62fb99823a7f3e9713c48d872a928f3f2e7a41a3645432730a78dd22a5990fc51e992fc796667da14dd9b53057,CLEAR,DAYLIGHT,DRY,IMPROPER TURNING/NO SIGNAL,2.0,19.5,4.0,4.0
0b617a5d0d936b349ea08bfad9bff6eb7a0ff845c0a3adfd0a1a6eeb1872ffe3b87c4f0bc2b0d3a07e5a103d1d6048e89b79ca38113ffd013765b6e145a2ddf7,CLEAR,DAYLIGHT,DRY,FAILING TO YIELD RIGHT-OF-WAY,2.0,36.0,2.0,2.0
0b61a3bc60672ee251336f897f2e0eb1cc9fabf45476784a306c6139bc7cdd8e55d15daa693018a50b01674c8f1de26c408c47689b9fddd24cde5b26d8cb0080,CLEAR,DUSK,DRY,FOLLOWING TOO CLOSELY,2.0,53.0,2.0,2.0
0b61a44a989be968f5a5b0785b2d72a389987b45aa4e2e53fba8ead0582eee02c78fff2e74133e03c8b968e942fb3dcfd911b0cb153ebd2ef5849df113439421,CLEAR,DAYLIGHT,DRY,FAILING TO YIELD RIGHT-OF-WAY,2.0,36.666666666666664,3.0,3.0
0b61cb4dc7b5b562079b65ee2eaa85f5e87032f7fd1a48a46900252a4f773063307e1e0d02441f1304e93551d9658dc0f66b0099016511d74bdb0ad12b474125,CLEAR,DAYLIGHT,DRY,IMPROPER OVERTAKING/PASSING,2.0,32.333333333333336,9.0,9.0
0b62026e60f0e91129b7b70c0d08ed120cf5470bbbab8aeca6b850f1c71c7154004eae5cad4271920b6eac2d053eea4a9c96c59a1f4a9d748101ec550bbe355e,CLEAR,DAYLIGHT,DRY,IMPROPER BACKING,2.0,31.0,2.0,2.0
0b621d0384e6b4da422660f15b7d1cd28869f1868b95e1456f5c7c49f337537a7ae4111076fcec90839357cdd69cd350045f2633b025bdf9c603efc8005da8f2,CLEAR,"DARKNESS, LIGHTED ROAD",DRY,FAILING TO REDUCE SPEED TO AVOID CRASH,1.0,56.5,2.0,2.0
0b62272229b5dcd48cec34b172c3d9ac82ca02db61f9a7eb1c8b7a482054e90de2a2f13a7118e909877d5720c61c48f8bf67ddd0fae5aabb827f3b71fa9b5527,CLEAR,"DARKNESS, LIGHTED ROAD",WET,FOLLOWING TOO CLOSELY,2.0,23.333333333333332,6.0,6.0
0b6229c56d612431dda1c2f29bc0478ee79a4bdd58fda76e397fecaa986445067269cc03bc80677a9c1e89fc091ae5e033e2925e9f7e44afc7fd2694ccedbb37,CLEAR,DAYLIGHT,UNKNOWN,IMPROPER BACKING,2.0,70.0,2.0,2.0
0b622fac5a40a9dcf159b545e67747939ee960f84ba08436c6575ed0e010137890553c703fdddc56ed576f1c653e6b3eb2013cd0211c32f95c16b78a5d0105b2,RAIN,DAYLIGHT,WET,IMPROPER OVERTAKING/PASSING,3.0,55.333333333333336,3.0,3.0
0b62347f0479d569dc89ab7b6f7fa8b3b99c21a70036cc5b07061ef71670986dd88f09ed8a71d888f93f37d604c73eb5a7a0cf59b951acdcbd7d989bf549836a,CLEAR,DUSK,DRY,FOLLOWING TOO CLOSELY,2.0,37.5,3.0,3.0
0b624cc3a9867d6e9984388a760a8197250570b6de83019dce690d54e07a9268f5daa2573b37c7bd2b3eb4a7e0eec527a8fa64d115c59e3fce5094421a657cd4,CLOUDY/OVERCAST,DAYLIGHT,DRY,FAILING TO YIELD RIGHT-OF-WAY,2.0,22.0,2.0,2.0
0b6278177c945697decb99b0e35f0e5d9babf6488982215b5e8b97dbcaf15923db28be6ef9e6b1fe6c3849f4a1287645bd05d98bb7d041f7d92d5d281baa3f97,CLEAR,"DARKNESS, LIGHTED ROAD",DRY,IMPROPER TURNING/NO SIGNAL,2.0,41.0,2.0,2.0
0b6283c721edf9fb3ac4c236efb9e032f93827d1eac45fe1bd54cae708a852a903b2af307e91db7a6978d76be406fea3423da7359736240efe48c13e05f0fa72,CLEAR,"DARKNESS, LIGHTED ROAD",DRY,DISREGARDING TRAFFIC SIGNALS,2.0,33.0,3.0,3.0
0b62980acea8ae8fa7a2fad3c06157582908341c02915905bc4d0c47c1e7de2b2e05c572b0c2d973faa9e7ac2813038b47c0960cbd0105f3a13fba02b1969808,RAIN,"DARKNESS, LIGHTED ROAD",WET,WEATHER,2.0,31.0,1.0,1.0
0b62d781d6f8eee575658a64a421e0ddb767c836ec3f788d6a7a3fb65b439856bca276b4eb9cfb81a7d5694f5431d565b32691c9e22659a7dca04490901d5e27,CLEAR,"DARKNESS, LIGHTED ROAD",DRY,IMPROPER BACKING,2.0,35.75,4.0,4.0
0b62de949cee57c0df2db518209254edf1f18584fd6ced0e47b6dc91b79625c7dfee00bf960e581a1d6112dab48ca9be7a41be2484e247c926599d5b39cd35fb,CLEAR,DAYLIGHT,DRY,FAILING TO YIELD RIGHT-OF-WAY,2.0,53.0,2.0,2.0
0b62fbf93d9187dba254eec675ea6cdc48ffcece247f0cdccec388aab51e75f598913166087b1b00bf12dd9e1b9b603857f0ccf4c4d5adc54d153dd077d536ff,CLEAR,DUSK,DRY,"OPERATING VEHICLE IN ERRATIC, RECKLESS, CARELESS, NEGLIGENT OR AGGRESSIVE MANNER",1.0,37.5,1.0,1.0
0b634a777616a9dfb6f7b0e0de77e9d6a7114547f639c82ca9a0f5f9c9a86455b89cda8acfdf521951102ce410a073b0bde8798ae04b3b98babf5126b64a5bff,CLEAR,DAYLIGHT,DRY,DISREGARDING TRAFFIC SIGNALS,2.0,17.5,2.0,2.0
0b635a86213ffa0a2919b532bff2178554b9160b58d2dfd21f57b96197f5d1e5d3e3affd3c3c4fa748cad3acd698f52f4d2bb90c328d5b7f88b94594bcc43495,UNKNOWN,UNKNOWN,UNKNOWN,FOLLOWING TOO CLOSELY,2.0,60.0,2.0,2.0
0b637a6917cd95215c38a03f41542f74a47bbcebc3fd17158dbe693b13e1cad9e18d347b12ac2aee1378a5a9f6c764c7dc9f7a9ce3b015a84adb9451460bf8c4,CLEAR,DAYLIGHT,DRY,IMPROPER TURNING/NO SIGNAL,2.0,49.0,2.0,2.0
0b637c90835dfaef2a108dc5c1c13da8aaeb241ce86a231ebcaf329647d04c270339135aa3042269ed7058b99187eeffcbb28b1db04c1634756b93976d5a8340,CLEAR,"DARKNESS, LIGHTED ROAD",DRY,FAILING TO REDUCE SPEED TO AVOID CRASH,2.0,20.666666666666668,5.0,4.0
0b63ee1837ca7f8da2198fba038262f169b8709836bb3eaca631429c1520fa8c0b88fdcb87caea88974e60c4d00c279b10c3ada5ff7b48d27cf7f9a4ce1132f0,CLEAR,DAYLIGHT,DRY,FAILING TO YIELD RIGHT-OF-WAY,2.0,50.5,2.0,2.0
0b64096bbbec541937cd60d0efa6841b92f2346f9f4b6af9eb7c47aa90400d608aed9884db3f1a0ced1cd30ea2d9999aeda517c3cf31fab813b2572b679d995b,CLEAR,"DARKNESS, LIGHTED ROAD",DRY,FAILING TO YIELD RIGHT-OF-WAY,2.0,27.5,2.0,2.0
0b64111baf4cfe10ec41468a05ceaff8f9d709b4decc677a7a44e07f13593c89a10b9579cccb455a231ae7027ecd6b4ebc458e26458daaa725a04ea95acb7b63,CLEAR,"DARKNESS, LIGHTED ROAD",DRY,IMPROPER LANE USAGE,2.0,33.25,4.0,4.0
0b6426a59d364aadf761f90e4a9cf9ccdc2a890d77e763b0e4104b5e8561980baa5e0fac6ffe4bfbb8c98b036154d70e46c9bfa5d08486b034a2c0e0feb71d4e,CLEAR,DAYLIGHT,DRY,FAILING TO YIELD RIGHT-OF-WAY,2.0,23.0,2.0,2.0