crash_record_id,weather_condition,lighting_condition,roadway_surface_cond,prim_contributory_cause,total_vehicles,avg_driver_age,total_people,total_injured
0b6440eb356d03082cbf778389d5ee7d8aa0cf6155438c82192ce2db7b02174b24c5ae9323f58ec4a221bfe04d2072453a1ad3081878c5448b990e6342d5bce3,RAIN,DAYLIGHT,WET,FAILING TO REDUCE SPEED TO AVOID CRASH,3.0,61.0,1.0,1.0
0b645f3320be7ebbc7e71dada21c39b7195bf15a5c44f68ab457fe192c40e6da5a7ffad5a917c2f7eee3554180bffbbb6b9835000b0a23ff959cd3e379919155,CLEAR,DAYLIGHT,DRY,IMPROPER LANE USAGE,2.0,33.666666666666664,16.0,16.0
0b647545407bb5c4bbfefebdfbd3ac3b74d8d3d4ed801f29f35a4ff36af951a1fcf07a354aee847547d400f5ed35bd5a8c3ef5d436a64ac65e51ea1137173565,CLEAR,DAYLIGHT,DRY,FAILING TO REDUCE SPEED TO AVOID CRASH,2.0,44.0,2.0,2.0
0b64827665108cdd1347784a04aa88d186c9aa746ff5e3e0a178663df5210061d7c9973f074745fd75b664609ee3e2147c77a0bef9e4b2438f013b01df3c525e,CLEAR,DAYLIGHT,DRY,FOLLOWING TOO CLOSELY,2.0,23.0,2.0,2.0
0b6486e67c89748fa9fb2d40fcbc7454edaf3750dfcd98aba8b9383934c402d6959cf622b772896c54ccd21599dd7d25264727005328ec4f21163f5c30872490,UNKNOWN,UNKNOWN,UNKNOWN,IMPROPER BACKING,2.0,24.0,3.0,3.0
0b64c1a4d43024168ed76707bc199d9955255a26f567f8bf0e0912126af33a56b505fba6ae08ea8f74d2b972f4c404f3e29d4f70bccd955501e0d218db06cc06,RAIN,"DARKNESS, LIGHTED ROAD",WET,IMPROPER OVERTAKING/PASSING,2.0,29.0,2.0,2.0
0b64f2e7f3f7285a04ce295bcea2478b5ffa2b4d68caf498d82d77b7203d1b7cde3e7ceaa764c6f606577cbf57737cbdd8be6f118deb61856ed39d16e90d7752,CLEAR,DAYLIGHT,DRY,DISREGARDING STOP SIGN,2.0,28.666666666666668,3.0,3.0
0b651896940491ad6330f7348a4ace35c4df2bd797f542110e6e2af9887c112b6377ad482097ef4a9a9bee30ae5e30280cf3f3ab72cbf886c163e57ed29be2ed,CLEAR,DAYLIGHT,DRY,FOLLOWING TOO CLOSELY,2.0,45.5,3.0,3.0
0b65480359db9d8610d5b001f0ceb93104fd9861a1944dc9ab383918337041e5779ddd3f012fdac7ac3b5518603d251be484a7afc067ddf080ef89eac6db8684,CLEAR,DAYLIGHT,DRY,FOLLOWING TOO CLOSELY,2.0,20.75,4.0,4.0
0b6575051039010d89e7c993f40fa6c13bc178724d61172635fcaf43baad021c0ce3b8de0f9b254410653c496ec810972c93eba1373e9b6b51c251016abb02b8,CLEAR,DAYLIGHT,DRY,FAILING TO YIELD RIGHT-OF-WAY,2.0,70.5,2.0,2.0
0b659bcee1c75556a288bcbc274eee0ebedcc80457268d4de755ad942347873a0d29f1919cf5276b27f747271663c1851a661d43eb9ebe4f0acf0fb360e3984a,CLEAR,DAYLIGHT,DRY,FAILING TO YIELD RIGHT-OF-WAY,3.0,21.666666666666668,3.0,3.0
0b65b1fce344e18279a0b36f89609b2ad6f0b6cfd85bd7b3516c4758157e961244569c4fcb12026ba1d9eb63a13534a718eb6d6f716f751b5564a6a55bbcd47a,CLEAR,DAYLIGHT,DRY,FAILING TO YIELD RIGHT-OF-WAY,1.0,60.0,2.0,2.0
0b65f11fd67798e8f66eccf554d0ceb96779425325d5baa1e382912a25296e1f7c4e9df05b7cffa3f4b61b06e5109ee491d6744097ebb518ce0fb9fa9c6d52e3,CLEAR,DAYLIGHT,DRY,FOLLOWING TOO CLOSELY,2.0,36.0,2.0,2.0
0b65f36481b6f01e954f707308f1a91498b6427ef347d75dd857f74c9e74a03403412be32b60e37acc643c008741a6f40294cc735e86d535022b1214fbff5f7e,RAIN,DAYLIGHT,WET,FOLLOWING TOO CLOSELY,2.0,48.5,2.0,2.0
0b66025a722520a89ba1527b46ba0c5393604b956331b5f8056845ca1f24c193bd8077ce4d54e05c532f9608974cc9f2b214acecef0e4958eedebce2a17aa349,CLEAR,"DARKNESS, LIGHTED ROAD",UNKNOWN,FAILING TO YIELD RIGHT-OF-WAY,1.0,29.0,3.0,3.0
0b660c714d03e7651012b4e85af48c462092f938af47ddd901610df7c75568d0bc1b8fd350889bd09277c95d03c7ccfe3c7b18cd1125bb7c76ad2c53a97498e6,CLEAR,DAYLIGHT,DRY,IMPROPER LANE USAGE,2.0,52.5,2.0,2.0
0b6616fbb2f05e44fe78344c24f0924fed273e8881e5d7aa676cf980fb40579b29e3b9f5cf31faba5fe0cebfdb2c9e5277e9c0fe3a7cf4be62ac59798f7416f2,CLEAR,DAYLIGHT,DRY,FOLLOWING TOO CLOSELY,2.0,47.0,2.0,2.0
0b662cda84a90b60fdf2dccd787a34f5a3db9240139601c361d22b07f6dd2e33f111e378155f35fc8053872a28802412f11cf92d394e6c49a09b41a6f9c249aa,CLEAR,"DARKNESS, LIGHTED ROAD",DRY,DISTRACTION - FROM OUTSIDE VEHICLE,2.0,37.5,2.0,2.0
0b663e0d62009fe2c4a16883cd619b0382fe2e87b41135beb1445d3ab428938862a39b71a1c1cec74c64426653282e0c4601925090166b2d523fb66abf594cd2,CLEAR,"DARKNESS, LIGHTED ROAD",DRY,DRIVING ON WRONG SIDE/WRONG WAY,2.0,23.666666666666668,3.0,3.0
0b6658d632f4883836f22ffa8d3dfb65b72ce98644fd72a8b2a036926b426f9bd09be4e4256133ef9640a8141c93aa832acf6578874b2dc8faad13cba7c4d281,CLEAR,DAYLIGHT,DRY,DISREGARDING STOP SIGN,2.0,52.0,2.0,2.0
0b66735e3119e60d9c95f7eb032e544a00c312d4f37a83bf24ea1dc3f714c287e6e62161b501e66b494fb168c42ac4ca12ca2a0fec5efd3121dd212dbeba41ba,RAIN,DAYLIGHT,DRY,IMPROPER BACKING,2.0,70.0,2.0,2.0
0b66a627722c5d757d81557d87864579831c475d2f4a0344db8fd83add12eb8c9e17883feca3e45fa58eb3bb1497e63eab44e74395e3ac250af4af24a243cfd0,CLEAR,DAYLIGHT,DRY,IMPROPER TURNING/NO SIGNAL,1.0,54.0,2.0,2.0
0b678adcf3bccce0b803159ce6e5cff1d78a2a0667951bf2908bee711111bdef2b2e6b5c3762f4e9df974618a41cc8c5e135bd4593fd8a016862bf8d3d2a8e6d,CLEAR,UNKNOWN,DRY,FAILING TO REDUCE SPEED TO AVOID CRASH,2.0,36.0,2.0,2.0
0b679cf82a1064e256a920944a5dbda7b8837190eaa77b682df8539948bb3f47f49d2c888d769c88e41add3a10738e69c9d8268e7bc3f80b60071d6851767b6a,SNOW,DAYLIGHT,SNOW OR SLUSH,IMPROPER TURNING/NO SIGNAL,2.0,33.5,2.0,2.0
0b67bc283c64a988f2aca01ce754c3da4017a2a6685ed2be13a9604de54309a2069f0f0aa6cdde11d94a481ef170c5ceba4a682c5ae6cb93c6b2ef42c580fbc7,CLEAR,DAYLIGHT,DRY,FAILING TO YIELD RIGHT-OF-WAY,1.0,26.0,2.0,2.0
0b67c1eb42db81392ce357f73c062a8f8ffa695d9b5624459b65c0dee381ab9bdd9acaf19da11d1120d10f8aaa20a8b13d18165bfe626e36412462df73e3b90d,CLEAR,DAYLIGHT,DRY,FOLLOWING TOO CLOSELY,2.0,54.333333333333336,3.0,3.0
0b67efd53ab8a2b15cd02b9043483af6542c63da74c4c81f63f5c5cf5948f433a3d3c8f8d6a40106aefbcde4e7cf7159a84fb598bfd38506d3e4ae62ce0291d9,CLEAR,DAYLIGHT,DRY,FOLLOWING TOO CLOSELY,2.0,54.0,2.0,2.0
0b680bce3f4e86be2a91d819a4b0246689c53a1dc93be8e1cbda2a26ae29f0e809ce1295253962a22145347c6d2d42f30d41b1cd1c72a6e30eed845a14cb3b5c,CLEAR,DAYLIGHT,DRY,DRIVING SKILLS/KNOWLEDGE/EXPERIENCE,2.0,27.0,3.0,3.0
0b680df249785edf1150018015122c9deeba402900aad6e17569669bb5e4886e0ec53c7068322bc59a31bbdc2a49be21ce9293647069f26eb54df361773d4bf5,CLEAR,DAYLIGHT,DRY,DRIVING SKILLS/KNOWLEDGE/EXPERIENCE,2.0,48.0,2.0,2.0
0b6860b0698fb2a89095fae5f009a51924228dbbba84310295018814c6ed1354f75abfb0a650e5fe4cdf3229d1a49774e0045e9058f6816b97c1af5565b9aa33,SNOW,DAYLIGHT,SNOW OR SLUSH,FAILING TO YIELD RIGHT-OF-WAY,2.0,53.0,2.0,2.0
0b688a0564dbbd3ddd4ab831ceb6fef739c6eda5c09f572577ebcbee96eadef25ca063152320fbaf01b689b8e4068c1c2d04022d2b01e240d9f3a5cd3235cd86,CLOUDY/OVERCAST,DAYLIGHT,WET,UNDER THE INFLUENCE OF ALCOHOL/DRUGS (USE WHEN ARREST IS EFFECTED),2.0,59.5,2.0,2.0
0b6893f1a27aa1a66aedba6cc4f06db86c99cc7a86c5050f7472362b571e365b68d23c3b4e0f051b3c47d69a637bc1b51dce9c31022dc768e6531a3e1f337d4b,CLEAR,DAYLIGHT,DRY,IMPROPER LANE USAGE,2.0,30.333333333333332,3.0,3.0
0b68cb13c13362fc3da6f3f672e422fd8dd1472ac66ec3a35baeefccd69eef4b18e6fef71acbc9104446de9fe6c440f2e1048b2992ae5712cc76b067ff7d3c45,UNKNOWN,UNKNOWN,UNKNOWN,IMPROPER OVERTAKING/PASSING,2.0,37.5,1.0,1.0
0b68ee46eba3a21a48c4cb5f7014e0c7ee6f8ef52f9ac3c1d3b0ea9057dd525ecc45fa55c46bb1586bbbc5472bdcf1f00f73bef824c027345b96fbca4ea23685,CLEAR,DAYLIGHT,WET,FAILING TO REDUCE SPEED TO AVOID CRASH,1.0,48.0,1.0,1.0
0b68fcfa0374983aed6d9fdb668a2012549b9b158de840362647db1767c0277d46e0e5e3e80e4b6362e6ebab1a1a62cdf54be3a7704fb14868c4b47f51f417e0,CLEAR,"DARKNESS, LIGHTED ROAD",DRY,IMPROPER TURNING/NO SIGNAL,2.0,30.75,4.0,4.0
0b69007a3fb6305728efdfff526705871945058185372fa19a450ca586e6053cfa8ea890d39fdcd861c54712add33d6df8acbd76e6328edefebf4f17126a751b,CLEAR,DAYLIGHT,DRY,FAILING TO YIELD RIGHT-OF-WAY,2.0,54.333333333333336,4.0,4.0
0b6905139f681a51956a086663428c5e7fe5fc4ce77eb584e28db6487ee3165f5136117d3eb76bcb4608eeffe4f32e373f0ae54315fa947cbcc84ebc9d4ecb2e,CLEAR,DAYLIGHT,DRY,DISREGARDING STOP SIGN,1.0,32.5,2.0,2.0
0b691cfec7958089fc752bdc246efc1d407308b463808c6972b665955bdfb49b3ce6dbc16aaf0e741f8e4ce20bb8926ab073109738a942467ead40fa0282d947,CLEAR,DAYLIGHT,DRY,FAILING TO YIELD RIGHT-OF-WAY,2.0,46.0,3.0,3.0
0b6931ece47a1ae02ed9a441c02b9d597ba35e2da3510b33f17785ea65ad81268d2a78c2af190ab563ad3d687074565163f2e02b1de43d93928bc385f501cb1e,CLEAR,"DARKNESS, LIGHTED ROAD",DRY,PHYSICAL CONDITION OF DRIVER,2.0,61.0,1.0,1.0
0b693fa1509a590ad88c3b7fff66b6d7b1045f3200fcfdc6df7c5ad7c5ddbe589e84d64ab215158257d88db225bec26799d621291abbe5a5168e7c0dc6c7959c,CLEAR,DAYLIGHT,DRY,DRIVING SKILLS/KNOWLEDGE/EXPERIENCE,2.0,37.5,1.0,1.0
0b694db8d37dd24fd992fa8be002f24fc22ed2d2678a0552c4120e5bc984674b7d2c50e5b8b9fc1cfb78483be6c7381453131128f83ba6b29725bab868affffd,CLEAR,DAYLIGHT,DRY,FAILING TO YIELD RIGHT-OF-WAY,2.0,68.5,2.0,2.0
0b69704ef50eab81efdae6b6d41c7bfb78b1bb741cdd1ee1865c16641eac4aed2123d9091224e8b0da2c95772d57b58416be5883c0f5c0166b2410eb15d94211,CLEAR,DAYLIGHT,DRY,FOLLOWING TOO CLOSELY,2.0,28.0,2.0,2.0
0b69711d9a28f57fc34d1675b3522a6caa2b2ef175f9655a7be2ecdd782a5e1eaeec11b4c06c1ebd63cd643fab7852ecc3af4519edbdf9ef338262a10042f16d,CLEAR,DAYLIGHT,DRY,FOLLOWING TOO CLOSELY,2.0,41.0,2.0,2.0
0b69ac8043c7f7ab9fef4251985dedf58fc06d23380cb649de85eff3e3e30728086dd3b3aaa1e6eb3faf6ae1f6b4d9af26a00b545806f0dc08ef42248dcf608e,SNOW,DAYLIGHT,SNOW OR SLUSH,FOLLOWING TOO CLOSELY,2.0,33.0,2.0,2.0
0b69b1c02c6952b1db8d19642849b0ec3f43aea636fe1c2f88aac909552854c276ba3262d0accfdfb8ad5edb6f771e1096321c69107254fe053e4c5f551a4240,OTHER,"DARKNESS, LIGHTED ROAD",ICE,FAILING TO REDUCE SPEED TO AVOID CRASH,2.0,26.5,6.0,6.0
0b69b953528619b05704bf2c7493763dfe4cf003f8b10fa1b593622135e2a4647f73d4500cc1e5914de0733916ae27d9d1e952c86c0ca4e84dc36e882a8c22da,CLEAR,"DARKNESS, LIGHTED ROAD",DRY,EQUIPMENT - VEHICLE CONDITION,2.0,19.0,1.0,1.0
0b69c00b9a5105f1e163db8f05416142297f5914abf6253133dcb01a36fb8eb5093453e79d232cebb3a649dd0a2029981ffa3ff69265b01d5487299aca60826e,CLEAR,DAYLIGHT,DRY,HAD BEEN DRINKING (USE WHEN ARREST IS NOT MADE),1.0,37.5,2.0,2.0
0b69f66215c2a76999b1c4fd5d15c640d19e5affe60070dc6b0371bfd5211e997725b7143ffa009eb8f8d3e0cc0b1a0607e8e4bbf141b2ef11128eabcc3501f5,CLEAR,DAYLIGHT,DRY,DISREGARDING TRAFFIC SIGNALS,2.0,18.0,6.0,6.0
0b6a2c6b32e7e454534aaffdfebb78fec8f7da7aa8b878f57dda5c3b5a72b783a97dc34a7ea5008044bdb5aaff3778bba0cd19ecc8f5e2ce68d4497a6e2a7d04,CLEAR,"DARKNESS, LIGHTED ROAD",DRY,FAILING TO REDUCE SPEED TO AVOID CRASH,2.0,27.25,4.0,4.0
0b6a4176edeea4797d5c63c2e8587e2abec8b236907dd7a476b2af24f64ed7510df81bd48b96180b47d2284f0251df6d4a0ad0fd81522deb7d06bd8e83d01c0c,UNKNOWN,UNKNOWN,UNKNOWN,FAILING TO YIELD RIGHT-OF-WAY,4.0,30.333333333333332,3.0,3.0
0b6a41e4179254295a286135e6d3c71bc767e28be1ba3359f8ee7587242004839db9d464d3f5167362f5d771372e1e31172a4f2b74c7fafaf7e8505e592ff394,CLEAR,DAYLIGHT,DRY,IMPROPER TURNING/NO SIGNAL,2.0,41.5,2.0,2.0
0b6a4c69f32fcf1f7aef2ae5eb4e519e638438ea060248d3161af4df0c4bff80bbea2181e7a0121a946f5308b8676fee3672eb7252b6a22d35a3334ee9a50745,CLEAR,DUSK,DRY,FAILING TO YIELD RIGHT-OF-WAY,2.0,45.0,2.0,2.0
0b6a513012feb1283faaf2994d6c7d72c5f26bdfd782f09b933723c35737ee9d33cd6ef7926124b687a3528b0bc1b613d6fa7e9a1aae2a2e0e039720dfea0810,CLEAR,DAYLIGHT,DRY,DISREGARDING TRAFFIC SIGNALS,4.0,53.5,4.0,4.0
0b6a7491deec483dc85f83da9b96bc81a425ff4476eef42c1b0d998517ac4feb94b1d3b7e1d0b170a27eb4c37df5c9ab5b789dc2330f78f83832f77b84c12a38,CLEAR,"DARKNESS, LIGHTED ROAD",DRY,IMPROPER LANE USAGE,2.0,26.0,2.0,2.0
0b6a9a2731b421aec123b747e727f00268004d3ed25bf1007ab6915785a0d0283b0750bdb95b577833b4a90f46699745da9a094c7085932c15f5a7a2e020d4c2,CLEAR,DAYLIGHT,DRY,IMPROPER OVERTAKING/PASSING,2.0,66.0,2.0,2.0
0b6a9bbb53d1cc4a4d2d1e3b5c2f6322802df07fb71664f50393cc72eaeb7bfe53bc80b66b2e62de34c9a2f2f96722358897a2f371ba935a55660f214699aa4c,CLEAR,DAYLIGHT,DRY,IMPROPER OVERTAKING/PASSING,2.0,29.75,4.0,4.0
0b6aa2f0af498716ce9838b35d6308d245854c98aec0b9f74a1721cf3345ada298caed902fe4ccdd046713610d8e1fb7db3bfabc2327c82e9d283606cbd64654,RAIN,DUSK,WET,FAILING TO YIELD RIGHT-OF-WAY,2.0,36.0,2.0,2.0
0b6aeccde216aab400c3f71fc9421e811f61c170265d927675ad4f7ee30053808e1ffa56f4c75479759cd3a54bce4aea5b3214b6a1c0cdbe4623fc2b1d9bd20d,CLEAR,"DARKNESS, LIGHTED ROAD",DRY,IMPROPER TURNING/NO SIGNAL,2.0,44.0,2.0,2.0
0b6af313e344bea19728aa94f41e72de6eea12469df78f7685fe83e0725ebd0ce9ff39146c5499947880d65d38e5b2c473102aefb29906a51af0d7367382d752,CLEAR,DAYLIGHT,DRY,"VISION OBSCURED (SIGNS, TREE LIMBS, BUILDINGS, ETC.)",2.0,29.0,4.0,4.0
0b6b49d003de9ec1454d7231f8c0eb592162a59a34ddc39ea5a25b417c795a942fb1b415660782e5beefc10f2f87108229a85e239a8cb9f3cad80496f2b47e5a,CLOUDY/OVERCAST,DAYLIGHT,DRY,IMPROPER LANE USAGE,2.0,37.5,1.0,1.0
0b6b5fcc45abb58815d4e1697cef0b4e1da2df4f0c3c91c0a121ea7a15a4bfd13e47a3ee017098236b74a4c8365342ce9b824aec067098245b77a8e9cd10061e,CLEAR,"DARKNESS, LIGHTED ROAD",SNOW OR SLUSH,FAILING TO REDUCE SPEED TO AVOID CRASH,2.0,32.25,4.0,4.0
0b6b64ba1c36b7baf07a2940926f1ade3ead4f63fc40bd6ae6bc10ee952a6625c0a34d9e7654618c90390acc1459ae3593dbb285c55e0c8ebbd834d37b5977da,CLEAR,DAYLIGHT,DRY,FAILING TO YIELD RIGHT-OF-WAY,2.0,32.0,2.0,2.0
0b6b87afbf3d239cc345cc771202c5ce389a0615ce8d95394f8f690afabd235afd24c47f0de94a8a308f0eed944894d95a5e94cbce625d89a3f54b14b294ab75,SNOW,DARKNESS,WET,IMPROPER OVERTAKING/PASSING,2.0,15.142857142857142,7.0,7.0
0b6b88457335ba7afd2da94a7cc95ab4f09c1bf4cc4ae011c87b2e64b1e196521fbf5f56f727c087c69886e55de6f2e41045491ba306b7759a68f6c6e4cc6ea6,CLEAR,DAYLIGHT,DRY,IMPROPER OVERTAKING/PASSING,2.0,18.75,5.0,5.0
0b6b8e46d1be845acd66b47564c285684da0d6270d02f0d48302511add2716fce2a4a7ad70b9880ddbfbae8b9fd5bc3a0ec6394ee97c8c1897012130f27fc636,CLEAR,"DARKNESS, LIGHTED ROAD",DRY,IMPROPER OVERTAKING/PASSING,2.0,62.0,1.0,1.0
0b6ba54a952c59436bef49548a7d3be285c13844a8635e6761ea6fbf344ad1878aa907c0696ec6947b894fd3ede46cce0377e1cda753310f530e7f1d9193493a,CLEAR,DAYLIGHT,DRY,IMPROPER LANE USAGE,2.0,49.5,2.0,2.0
0b6bb6774ace6f422d1e0e63f8274fdd533ba9924fdd1af1a30e3816c0df9003665baf33b28da6717b7cb6982b2765dee18436d7f6b53cf2fba60a741a8afab9,CLEAR,DAYLIGHT,DRY,IMPROPER TURNING/NO SIGNAL,2.0,43.0,2.0,2.0
0b6beb0346bc5ef6df45f84cd8c8dd0afdce107b9a72d02cac6e0f917f9a2cab9aa19425fe817e69c83595e04191854eedab78f3106f9d27bb7fab00d4280d5c,CLEAR,"DARKNESS, LIGHTED ROAD",DRY,FOLLOWING TOO CLOSELY,2.0,54.0,2.0,2.0
0b6c142fff9a75c143672e57a4b6a52b8327545f7bcc874ed5243d02571325bb598e05eacd5e968d3d4dce8e18710dbbb570253fcd381d56ff9a6a292f5ce2ea,SNOW,DAYLIGHT,SNOW OR SLUSH,WEATHER,3.0,22.0,1.0,1.0
0b6c80f583ecde2b7d6614d38b3ad74080e0277080d8a700a5616ff99fe7fdb64d74816eaf344604b7f4d5329b17f6634f6f96e8107af4e54450611dfe165475,RAIN,DAYLIGHT,WET,DISTRACTION - FROM OUTSIDE VEHICLE,2.0,38.5,2.0,2.0
0b6c8e587a3361df81752297f4a1dee305daed4941da18400eba9c1166f61ad53cd8b6edc80810f409a78526a487d4fecad55e0ed4b53165c3af2929e9ca7874,CLEAR,"DARKNESS, LIGHTED ROAD",DRY,FOLLOWING TOO CLOSELY,2.0,33.0,2.0,2.0
0b6cab3553807ec21c87569fe139fe1ef4a2680cfe21a88e48eae337541164f111fcf5adf6a240b0e44e78c99a7d095d55ae916f5bd7db78856aa8ba8289d067,CLEAR,DUSK,DRY,FAILING TO YIELD RIGHT-OF-WAY,2.0,25.0,2.0,2.0
0b6cb381cf712bbda4b1a0669071804e6ad4d67412109faae16f26eeb4fcb61de5f4f3e3c086059565142093c431b4d4a722c422fc7c62c0f5158a14c71e907c,SNOW,DAYLIGHT,SNOW OR SLUSH,WEATHER,2.0,51.0,2.0,2.0
0b6cbe5fa8bf8d91c38109b29a189487693e3c404e9c557031afc3c0050adce249c004f54f1d5b2897415c9ed32465e30af49110211a3e281dafdfde9212e1a2,CLEAR,"DARKNESS, LIGHTED ROAD",DRY,IMPROPER TURNING/NO SIGNAL,2.0,31.5,2.0,2.0
0b6cc98927773b08a84b04ea107077976210b65255883ff0bdbbdb6ce9f074497a204929a477ec9d71f9ee73038c06d2b8267e37161f891ba72730811662e5f3,CLEAR,DAYLIGHT,DRY,FAILING TO YIELD RIGHT-OF-WAY,2.0,39.333333333333336,3.0,3.0
0b6d09427e2f4b4526ff52ae5e0d45c8d5c1ebc703ac13e3c64a1903c44f2a3a809a411a5856d32a1ab5b61c869c1cca86b3b02fd6ec4ea198682ef67a1a20f0,CLEAR,DAYLIGHT,DRY,IMPROPER BACKING,2.0,28.0,1.0,1.0
0b6d2acd3554b47aed43c7080e2fadfbb86026009af5be63450d1b7ace26abab7c2a2b2f6566df34edee5d97e57061d5e296af95f0378dcded302b39998478ba,CLEAR,DAYLIGHT,DRY,IMPROPER LANE USAGE,2.0,56.0,2.0,2.0
0b6d48f4837355d10a29c8ac1dd30c6cde34771ec4d79e6ed94cd94250c200bac05989d3b19130224ef35418cc7f6869e782a4708c0f4ed84a052ec0fa0402cb,CLEAR,DAYLIGHT,ICE,IMPROPER LANE USAGE,2.0,41.0,3.0,3.0
0b6d657e1a238ad85c300143cab8529041d6918191cc2965f1a5a5b9c96db776b249f4b0abcbdaa13015ebf264cf8a11f042acf93fb9b7640c4678168a8b96c1,CLEAR,DAYLIGHT,DRY,IMPROPER BACKING,2.0,37.5,2.0,2.0
0b6d8d2331309e7ee68609a3183d79cd581d45e047f6c94fabb82431e41d2519eb9b1fbe290222059b0224013bcaab8328572bead74a69e2c79d3ff37b49e580,CLEAR,DAYLIGHT,DRY,FAILING TO YIELD RIGHT-OF-WAY,2.0,64.5,2.0,2.0
0b6dc007f0ad0bfcefeea118e2608d7a7bf709639c66ffe2df1a110b593ce4d96828aad5730f70b6283d3a60145900108bf2224a8b02b83e0a6602cd70e6bb94,CLEAR,DAYLIGHT,UNKNOWN,DRIVING SKILLS/KNOWLEDGE/EXPERIENCE,1.0,58.0,1.0,1.0
0b6ddca767676be749a074e41bf1ea9e7d26ebabfa018cfd893699da9bce9e0f2d733bf5a085bfc8f7547551b1f081944ed79930abf587ee6891a49ccc61f991,CLOUDY/OVERCAST,DAYLIGHT,DRY,IMPROPER BACKING,2.0,48.5,4.0,4.0
0b6e1e570f4794338710fde3b53307701e13dae2c9d93f0a6f643d2eed5f5b0bb810c7f50208e77ad020144ccc9b2c88877138daad2dacc0ba40215c7bf24fec,CLEAR,"DARKNESS, LIGHTED ROAD",WET,IMPROPER OVERTAKING/PASSING,2.0,24.0,2.0,2.0
0b6e4ffb50065462a0ae9c8faa8e7c30d16548daf0be763c5f2d61e9c6fa37aae39ceb3efa2714f3d0aaee170fa771276e4113aaf7b67d71ad28c3c276a66a87,CLEAR,"DARKNESS, LIGHTED ROAD",DRY,FOLLOWING TOO CLOSELY,2.0,36.0,3.0,3.0
0b6e60657a11f2888bd8642cded4aaddfd76e20f38841bb6e532d15b4238670338c2ba16f6ff44ce6526e032fad941fb43f1afd39880daa93193e76276577b2a,CLEAR,DAYLIGHT,SNOW OR SLUSH,FOLLOWING TOO CLOSELY,2.0,33.0,5.0,5.0
0b6e94c0ceb555cae5de2e71307bcfd409d016467a1f491b8072ca5bcb1008a3f05ec19afe5286f6f07a374fadc9681e979259fd4e3c9555250ed8f5f6427b46,CLEAR,DAYLIGHT,DRY,FAILING TO YIELD RIGHT-OF-WAY,2.0,46.5,2.0,2.0
0b6eb46207cf6977a6a8aa7138a3ca8dd615cc5cb229abddb7a354010ad8e65965903c6b0f14883f3d82601c744412f1431caaaab6421d473945bb1b343ea441,CLOUDY/OVERCAST,DAYLIGHT,DRY,FAILING TO REDUCE SPEED TO AVOID CRASH,3.0,47.75,4.0,4.0
0b6ed5822855ed14bdd958cfed053e95c0d7210ea66c3ace4a3de12e3c1caed07387db1c63e812c3b648eb7a8b9fe6fc39a2118de0b3a38d511e3529245bc958,CLEAR,DAYLIGHT,DRY,IMPROPER BACKING,2.0,22.0,2.0,2.0
0b6ed7080e3b2bbd8f0f1cb0af160d134eed01954c6d829425a3e93f3c529f50fad91698b64d600dea13a4d70534fa5c5d251a45c4967ff82cf7cb39e9bf5466,CLEAR,"DARKNESS, LIGHTED ROAD",DRY,DISREGARDING STOP SIGN,2.0,41.5,3.0,3.0
0b6eed9946dd1ac03465e300f68a7d5c9dc76836cf5b3eaf9ccf0f8d7f6344afee7d6547c75ffd8ff317363b21e34f35171f2cbebaf74d5561687220e5a7df50,CLEAR,DAYLIGHT,DRY,FOLLOWING TOO CLOSELY,2.0,42.5,2.0,2.0
0b6f4b17f41cbe7996136bb0a25efce81f72f078170c22301983a6b62b633f74e8654bec4f63559c336babec3f01f7da9bfbb785198f04f09329f140b556e2f7,CLEAR,DAYLIGHT,DRY,IMPROPER LANE USAGE,2.0,39.0,3.0,3.0
0b6f5701c23406240846562e0323874cd81b677bf9d4720b765233f3682ad2013fc16f0a2544baf4ea870f65e13716f26b441c5c63f2f7db3389b4ab839201dd,CLEAR,DAYLIGHT,DRY,FAILING TO REDUCE SPEED TO AVOID CRASH,1.0,31.0,2.0,2.0
0b6f639f60f0667f4c24dbb8bc1504093760acad6ef2f398774f3be528c670b9f553de2bd6723103feab5fab5d8ceca7cdd7c0eab7d7508851fafd170a53a584,RAIN,DAYLIGHT,WET,FOLLOWING TOO CLOSELY,2.0,18.5,6.0,6.0
0b6f80b3504d0c36ad98c74a92ed1acf12d92550ffe2143e8a7115997e2ae19e32fc4c475fe2ac08a20df4227ca4614e03d701d13635f7d778e84553e67bb69e,CLEAR,DAYLIGHT,DRY,FAILING TO YIELD RIGHT-OF-WAY,3.0,19.0,3.0,3.0
0b6fa3bddb060523591502a460f07bc53bdd1651a5c9416e5915de2e17e68244e20508dc164c5958f043179459d1c21c59a1d616be1b9c12f69f313fdcafeef6,CLEAR,DUSK,DRY,FOLLOWING TOO CLOSELY,2.0,28.5,3.0,3.0
0b6fc5949475c5907ba34e14263be6dd8f21104c7014e7f8ecc182f7bfb690abfcc4181df3bceb1660a7c9c22631ef1b3f1ee1194a3191ffc63d0b38a22b8dd0,CLEAR,DAYLIGHT,DRY,FAILING TO REDUCE SPEED TO AVOID CRASH,2.0,33.0,2.0,2.0
0b6fdc9e29b63679e4227c68d144fd37116a0aa2ded6154bb2993f0446f86a71dbfc60985db96323fe2ccb082ad3a7f20b6f23863abd8eb62edd485e4da552ca,CLEAR,"DARKNESS, LIGHTED ROAD",DRY,IMPROPER LANE USAGE,2.0,35.0,3.0,3.0