crash_record_id,weather_condition,lighting_condition,roadway_surface_cond,prim_contributory_cause,total_vehicles,avg_driver_age,total_people,total_injured
0b6ffbe6507bd207cb1f1855a178992d7246c880f636d3dd7c4ce1b46bcc9a9100a8ed79ae9c6e41a95608404b22ef238e945bb41f370e43f7b2cda644e14216,CLEAR,DAYLIGHT,DRY,DRIVING SKILLS/KNOWLEDGE/EXPERIENCE,2.0,74.0,1.0,1.0
0b7003b9baa968cf5022417c65951d92a43ef1f45fd98639be0f9963732816bdf02a3e88905b7bb2afde138198332d8b88f3ff5fe80022f87c2890245eeb1380,CLEAR,DAYLIGHT,DRY,FAILING TO YIELD RIGHT-OF-WAY,2.0,45.0,2.0,2.0
0b700594798951d5663767ae78bb213d1b22e27727ae7ed2237d9c379d20f49f126f940e268a686fa6cb5f29d551222b32bd02a8258121763fdf874ed738f2ad,CLOUDY/OVERCAST,DAYLIGHT,WET,EXCEEDING SAFE SPEED FOR CONDITIONS,2.0,37.0,3.0,3.0
0b700fe0908c21b4b28110f6a4c193f51ad5675d25a448c4adbcf19e7b4f67090eaf002ca0e0785631f396ce2e9f8afc7a5a5a90dab080268f5d8f7f279734b4,CLEAR,DAYLIGHT,DRY,FAILING TO YIELD RIGHT-OF-WAY,2.0,27.0,2.0,2.0
0b70306a3afb6041d310e73624fd11df7f149c6009c9006c6ac064627a3e14e5f546b6003a3b547f7cf88d91e01fd6372af0b5b528fcf5194a55507be7e54382,CLEAR,DAYLIGHT,DRY,FAILING TO REDUCE SPEED TO AVOID CRASH,2.0,28.0,2.0,2.0
0b703a4ea565e724de91e899aace8af9c7296bb6daed062cb7fb7fc70cd10838338b7dd1ae439f40c73f2273aed327e363b5ec62935ab48cfdf006a6a375f51f,CLOUDY/OVERCAST,DAYLIGHT,WET,FAILING TO YIELD RIGHT-OF-WAY,2.0,23.0,3.0,3.0
0b704014b96e8e0e637fda8b2877844f45248b86c7ae40c74b03dff0a27be941a2042066da92deb707e626062137883b905d687c3173b65a1b0d89d35e8bd9c5,CLEAR,DAYLIGHT,DRY,FOLLOWING TOO CLOSELY,2.0,51.25,4.0,4.0
0b705f5c687fabb05529b3cc2e112e6eb35ccf9c83ec5e6a5f944fb31ef93333042196974b08afb47a589a5ad3e5b9bcea94a552374844edae073a6b65acae9f,RAIN,DAWN,WET,IMPROPER LANE USAGE,1.0,69.0,3.0,3.0
0b70768a7c9d14224225654fa74c9ffb5f565e1f6f2eb65b6f4be46bbf798e35ac09e9ec939545ceb1d0a6239ca9355bbede3be70612fa0dc66a3d1d2bac9e2e,CLEAR,DAYLIGHT,DRY,FAILING TO YIELD RIGHT-OF-WAY,2.0,19.0,2.0,2.0
0b708568dc40933c8927ab62026de1131da2e1ef83e3e3563f355a3ff93f23e7898769a86b10fe90f85e75a8d8342b1522f4fdadaac6694c5c9175790cca0824,RAIN,"DARKNESS, LIGHTED ROAD",WET,"OPERATING VEHICLE IN ERRATIC, RECKLESS, CARELESS, NEGLIGENT OR AGGRESSIVE MANNER",2.0,37.5,1.0,1.0
0b7093a902b66b35284f9db37e0249dbc15ccd54f7ce2323439b33551505c03e74db50a226892d3f885d011a596f490af314d29f68d56089b8a42086c53829d9,CLEAR,"DARKNESS, LIGHTED ROAD",DRY,IMPROPER LANE USAGE,2.0,18.0,2.0,2.0
0b70b9c5948e1bd6d01d9daf26e2edcae179c83c3874790b8b3ea9063e2be37b63e034005f8067f4987c2f4bb743bde59e02db08a803ae778c2acfa296d92aa1,RAIN,"DARKNESS, LIGHTED ROAD",WET,DISREGARDING TRAFFIC SIGNALS,3.0,21.4,5.0,5.0
0b70ba0cacdd451025f7adc2ccccd0b3f5811fc4ee33285e1c4410a1c69429a7a80cfd3b5611c918cf6c2b55c9c366394b60ab4aa5fce0cd6d1dad041a6c5be5,CLEAR,DAYLIGHT,DRY,FAILING TO YIELD RIGHT-OF-WAY,2.0,35.5,2.0,2.0
0b70c6281197b6a82eb1859ef49cefa39791ef33c58da21f061a98767f093ac45d5db71267b6df192f24f29dfda5920fc2adfa9682f9e61ff901c0be8795c225,CLEAR,DAYLIGHT,DRY,FAILING TO YIELD RIGHT-OF-WAY,2.0,32.5,2.0,2.0
0b70c95d3ba6d4794cb0c0a9d064de7ac102604dd026d0695a4401e75c1c55cd4d59668d3419616c417e20bf3a7df4f57d2b23b67c56e5f6b12bd6d304c7af43,CLEAR,"DARKNESS, LIGHTED ROAD",DRY,DISREGARDING TRAFFIC SIGNALS,2.0,23.0,2.0,2.0
0b70d100727e901932606eda8a24ab1df94f6679e210596cee7f1c2b0b8b5f35ac5fe2a8977001b670bcd75dafed646a90e79f344a99cbebd327a40f99ed1347,CLEAR,DAYLIGHT,DRY,FOLLOWING TOO CLOSELY,2.0,55.5,3.0,3.0
0b70d5a292d2a3d21c482ffca15442c14016a4fc3e2b38d0b7740f116cf76103e263770785ac3540b66e4b3ec166d4b4a87dd2d1965718f535dccb635182b2ce,CLEAR,DAYLIGHT,DRY,IMPROPER TURNING/NO SIGNAL,2.0,42.0,8.0,8.0
0b70ee0d93f2d74300ce1204d92c2f9ac25f6e66da252530fa432a6ec8f3b1eafaec1c80204de43054eaf66f3da607fd96e44dbd716e390e96f9b664094f621b,CLEAR,DAYLIGHT,DRY,IMPROPER OVERTAKING/PASSING,2.0,43.5,2.0,2.0
0b7102d5ff13efc55a3cb2f94f656c1340c1877d73ddee57c0110537f0e6677d48ee9820132e121b1b6b7087fb43694f61f4117d99c6b578744e8fb3ed964084,CLEAR,DAYLIGHT,DRY,"OPERATING VEHICLE IN ERRATIC, RECKLESS, CARELESS, NEGLIGENT OR AGGRESSIVE MANNER",1.0,37.5,1.0,1.0
0b710ae1afa6ff2808ffacce32d6daf6eb08fee154067fbfdf434afdf4b2e8639d61bda8070b84ae1cec6f56745138af943bd5972d134373396fe3c2cb909861,CLEAR,DAYLIGHT,DRY,FAILING TO YIELD RIGHT-OF-WAY,2.0,35.0,2.0,2.0
0b712a698c552f3a80da44629563fbe9ef9177b473c4ffa92dbfa886c49e220d8b7b636655fa97247d43a33895537949a7e3c091b0f3a9248538d2807f669941,CLEAR,"DARKNESS, LIGHTED ROAD",DRY,FAILING TO REDUCE SPEED TO AVOID CRASH,2.0,26.0,2.0,2.0
0b7159a9722cc3001cbf9fc2044448af97386a9cf01dc27e97e71d925f95b10a7edf14812f4b0343ab373c4ed852c672f5d1fd9e1d27a5e011c85119e0269861,CLEAR,DAYLIGHT,DRY,FOLLOWING TOO CLOSELY,3.0,39.666666666666664,3.0,3.0
0b7172b2af0a031d44df88a8d34657d2e90a6542e76bfebd5b54179de96df0cca9dc10a7d071fd59534b62c3e6a00b604e409d67bb8a08e37b9542177e4ff587,RAIN,DUSK,WET,FAILING TO YIELD RIGHT-OF-WAY,2.0,36.5,2.0,2.0
0b717398b1669bbf20a0fae87b7eb436e763eb14ea79df97c408ba4eb7bcb11e61698e67cde0805a2e6547e2e1e5cd3e1f05e0b09b0b56d8d33b1181d7755fcc,CLEAR,DAYLIGHT,DRY,DISREGARDING OTHER TRAFFIC SIGNS,2.0,18.0,2.0,2.0
0b717645d1c4468b0048d86e6fd0e3d76488bd9f1567af1bde2098ee91e03394fc0e2b867430d87c32428cba1f2418d65474ceddbc97a78c0615874847eb66df,SNOW,"DARKNESS, LIGHTED ROAD",ICE,WEATHER,3.0,35.0,4.0,4.0
0b71a7280c05d2cc58d4d3d6ab925c00022ae20d2ea28ee07313598460dbcaa89c618e7964a2ec7a3c481d4530ca91e3605bb4c667a0b3264e0570fc5753f259,RAIN,DAYLIGHT,WET,DRIVING SKILLS/KNOWLEDGE/EXPERIENCE,2.0,31.0,1.0,1.0
0b71b568da8ca6a0cd2da26618243f4abe332d771ad1982e5c535d18e609ad1d5c676c154a4d36aa0753c36169e50f1126b6e0eb5e5701a3e2b0be46e8813ad6,CLEAR,DAYLIGHT,DRY,IMPROPER OVERTAKING/PASSING,2.0,33.0,3.0,3.0
0b71ca67c357a14dd3553624dbeb419f4e9eb98ca276e689c9650fbbc6162d0a6ba7ac47ec7d9a5f99505d9d2165cdf341183249cc806152034042887668112f,CLEAR,DAWN,DRY,FAILING TO YIELD RIGHT-OF-WAY,2.0,13.142857142857142,9.0,9.0
0b7200b8d0a323c23e630010c759c7206377117e16b0acc36f06be4c8dbdcfc0d2df869a2fb3ec17f740a49b8f7f4fda8960e2e0f75182cac03d261613196821,CLEAR,DAYLIGHT,DRY,IMPROPER OVERTAKING/PASSING,2.0,54.0,2.0,2.0
0b723ddfa2a1b849e7cd9363482bcb467e341ab43d349e30f2b32a5515c06d970f87c3b07d79c1c27fbc45ae5ac0b0a7c5e0e825b4a937f8e0f9969f19512e75,CLEAR,"DARKNESS, LIGHTED ROAD",DRY,FAILING TO YIELD RIGHT-OF-WAY,2.0,28.333333333333332,7.0,7.0
0b724caf8081365a08c2802319ccab418c0578a4bf9fee97e36a68dd357ffea01a308154f917a3c4aa9861b13b40e7b20b35aba65bcaf880f383dc4b7287a727,CLOUDY/OVERCAST,DAYLIGHT,DRY,FOLLOWING TOO CLOSELY,2.0,29.333333333333332,5.0,5.0
0b7294a2aa77a79e8cf7ef610b8c92f7c9f13d48c77e24e29d6f7d31bc71517e595fd525792adc7a5c14a49deb93a3ce614954cfde3a56ee97c6d8a966dbb63b,CLEAR,DAYLIGHT,DRY,FOLLOWING TOO CLOSELY,2.0,68.0,2.0,2.0
0b72b7b99dad3193a0e510565fc4b21dbc32f7450e3172e21bab26552d2b0a1a17a526a4da0880b834be586b737267fd7c9d8c1db5e814ed11823af7fae02f9b,CLEAR,DAYLIGHT,DRY,DISREGARDING TRAFFIC SIGNALS,2.0,51.5,4.0,4.0
0b72d42939f0f37c6de72a012008ca671995a2104e96328b634be6dbd91e74c4403b67908eff417af03f3b19f0f314118ecf0d20bd459a9b3710c4db0f274a4b,CLEAR,DAYLIGHT,DRY,IMPROPER BACKING,2.0,47.0,2.0,2.0
0b72e348e870a0e7f57b5d301432fc18e6f1cce8c943709b971a59d60521ca1617e678ef3db062afe3241689e195e551c3e01b9899a921812d031b69f629f0b8,CLEAR,DAYLIGHT,DRY,FAILING TO REDUCE SPEED TO AVOID CRASH,2.0,35.0,2.0,2.0
0b732cccc49b6e0d90abbd70ac1ac7775fbd0a4dc9d29493e23e2e166261b3d3e0ab092311e3b4acb5e2e423fd2df8737c2fb2cae753eee12d10d8d086a8ff91,CLEAR,DAYLIGHT,DRY,FAILING TO REDUCE SPEED TO AVOID CRASH,2.0,36.0,2.0,2.0
0b733935e5ff10c68c493e47b0320b45243e1dcd9f2ad3ed86f63c8fa917af60ed1627fcbbf420c06f7a7e511ea6c2815d3ac33553d557b5ca76522e2257700b,CLEAR,DAYLIGHT,DRY,FOLLOWING TOO CLOSELY,2.0,37.5,2.0,2.0
0b738da5a140b2fc5a46be648213b604035aa54186747d8782c3305604ae3ed2ebbf20c9c3bea96cae7303953b76f53002b6dc0c50fff223d27b706cee9b4347,CLEAR,"DARKNESS, LIGHTED ROAD",DRY,DISTRACTION - FROM INSIDE VEHICLE,3.0,30.0,5.0,5.0
0b73948b7d7030dc5821d9ac79caadf84967bc5d9dc425082e490041513d0b91aaf846e10212ea9a12136656da7524e816aefb353dfa0335a025f8b2e248ff3b,CLEAR,DARKNESS,DRY,FAILING TO YIELD RIGHT-OF-WAY,1.0,38.0,2.0,2.0
0b73b78d0046a2541ebb0c3be7d98dca42271b063d14210c008242b1c1f8605ff518ad8f30ea2c62e9718051e890903c00c9130d0876a8eb54282ccbedf768fc,RAIN,DAYLIGHT,WET,DISREGARDING STOP SIGN,2.0,60.0,3.0,3.0
0b73bccf12a6c88786c2960f5153045d9681e944b5c2120e826156bf72e48cdcb8114748fa5d77607a521dfa1141ba0279fb4a5b8bee32f65530c63f75a57acc,CLOUDY/OVERCAST,DAYLIGHT,WET,WEATHER,1.0,55.0,1.0,1.0
0b743d242b617a0efbeb6581371308e61364ff70a136559f86add9a77ad93507d83420e612fe2eff6f5b6eebd6c90bcc3cad22d31fb5347ce46643d46f57ffe5,CLEAR,"DARKNESS, LIGHTED ROAD",DRY,FOLLOWING TOO CLOSELY,2.0,37.5,6.0,6.0
0b745ced4910959e9e0904a8b498a59fe76f8cbfb4d68b0166c2a95b2d132ef5cee5fd854bbeb31e751ef7e1cbd8a8289a23a2ba68827436d57ec68840ebad2e,RAIN,DAYLIGHT,WET,DISREGARDING TRAFFIC SIGNALS,3.0,40.0,5.0,5.0
0b7484a8ff56e039d4bfd2ee34844ee2ed323240e82612e2b41e2e8c075fcd3cb337b027f0dfdada0447043018bf51c6a1eff106eb225781836eb1646dba5fa0,CLEAR,"DARKNESS, LIGHTED ROAD",DRY,DISREGARDING TRAFFIC SIGNALS,2.0,25.75,4.0,4.0
0b74b12162aedee8e5873551461a14fde8d79a37799372a4efea01531124f85615c83d8d277b1cd7dea0b80f5e67ac1b74a6d940679fa4bafbd3405ff4dbefaa,CLEAR,DAYLIGHT,DRY,DISREGARDING TRAFFIC SIGNALS,2.0,29.166666666666668,7.0,7.0
0b74c86d39d54c9840985def2593928bd89a36ec26b264f1b4798198d86cf10fe07573b44482e4244454952af8581ee70f164e5544a6449299809a76f59d5f38,CLEAR,DAYLIGHT,DRY,IMPROPER BACKING,2.0,37.5,1.0,1.0
0b74d2f2b1df66edc140ef797af762d311422eb5cbfc55b23b1e2262ddab88391ef8e9acf85237714e665d60bb6f0c2e173d4897bcec519d903c4fe0cd5ffcbb,CLEAR,DARKNESS,DRY,FAILING TO YIELD RIGHT-OF-WAY,2.0,26.5,2.0,2.0
0b74d9910ee5c9ca367a3b1a7023c7bf444cb8a04311e3943fdebf7597105da1181f8fd0e5aacc0dee7afbdc0eac191a5082e7f61913a061d453bc7c8ff789b6,CLEAR,DAYLIGHT,SNOW OR SLUSH,FOLLOWING TOO CLOSELY,3.0,47.5,3.0,3.0
0b752c902830584368c22d2bb7448f1387091773ca4a41bed398d96c113ee5d4225a0756630e923d4829e3cb0ec41650f00187faa2b96b1cd83e25ef5a42aecf,CLEAR,DAYLIGHT,DRY,DISTRACTION - FROM INSIDE VEHICLE,1.0,31.0,3.0,3.0
0b75359abc99cbbcac42fde0df444553909a8b606df1ed6963c2053c58d509c9d3b4bead4566375d7e9f3bee5da69c482f2b1472e80fe921efd24514cb816c88,CLEAR,"DARKNESS, LIGHTED ROAD",DRY,IMPROPER BACKING,2.0,48.5,3.0,3.0
0b7538f0bcb0dc07a458f1c175b7e12a9843dcbbad7d00309fccac81daf4e1e0cc96eee3d6330b38e540b0504de668ca47f530f616da158816ca03ab5320f182,CLEAR,DAYLIGHT,DRY,FOLLOWING TOO CLOSELY,2.0,19.0,5.0,5.0
0b75580c1d2a0f46138177eaa05d6f62a51ad4e75bd3be6574fe9d5f62e4d6176d350996122239dc7724ddd003b61424c4b6ef01fd4cebd94c7ecb5aaa7d17db,CLEAR,DAYLIGHT,DRY,IMPROPER TURNING/NO SIGNAL,2.0,21.0,2.0,2.0
0b757fa7d5ff17c92485acdb14ca7b16caed23c7a232ccf5935f78660598e418838a31fa56b379fc1baa8073845e664c2e9791a51ed1edd549933ad07be8bf7f,CLEAR,DAYLIGHT,DRY,DRIVING SKILLS/KNOWLEDGE/EXPERIENCE,2.0,33.0,1.0,1.0
0b75b2ff9c7ff4cd5288ccaaf24361f3d110d1892257a49b136cb5b039c408e5f9537a4d99f611757b4f8bc83e4b786414370b645df8ed7da914272bf9ef37df,SNOW,DARKNESS,SNOW OR SLUSH,WEATHER,2.0,35.0,2.0,2.0
0b75b7f4ed79822961dbe4ce1be43b25c0ee295a40b7b1ca9d7564b0c1019ed8987fe68450d3f4f3aa2e590239c0478b2406d7c139cf96f1d5b670cdfe83f0ab,CLEAR,"DARKNESS, LIGHTED ROAD",DRY,FAILING TO YIELD RIGHT-OF-WAY,2.0,38.75,4.0,4.0
0b75c9988386118130a34666ed9255a59eeb5c2ad0c1fca4685810ecfbdf77664bfedf73987ac13d751761291a07ffb51548057621d26c837473fe9df15041e9,CLEAR,DUSK,DRY,ANIMAL,1.0,37.5,1.0,1.0
0b75fee175b9059527107896d37d39954b0de3fe651d9ce65d25b9e83aec7199a4667dfd07bcd5307c2a350e385506ca77be1f8ea1f5fe3c7169e2d9b3fac6c7,CLEAR,DAYLIGHT,DRY,FOLLOWING TOO CLOSELY,2.0,35.0,2.0,2.0
0b760f87d6f681a688b8891b59f8b439de869af15aed83b4a28fcf51a850365c3c5a0378424f79655eaf9b636a5db78d9b3096e1331fe5c79294d2423d6aab46,CLEAR,DAYLIGHT,DRY,FOLLOWING TOO CLOSELY,2.0,61.0,3.0,3.0
0b76697a9f7ba43555be0b7c2f881cdd90f92a0d7a39a842996a5ee8f669af118c012a36f63f808ae028710b7525bc6390c2a112dc15bb23086ea73717e9e929,CLEAR,DAYLIGHT,DRY,FOLLOWING TOO CLOSELY,2.0,54.5,2.0,2.0
0b767f50a7326454bf89ae45658c3c3f42e937b0fd625bc65600c659423c33a2687dee11764c3a89cce5d8d9f2a70dfeb6831588a533aa56c2549ae06d2a41f1,CLEAR,DUSK,DRY,DRIVING SKILLS/KNOWLEDGE/EXPERIENCE,1.0,37.0,1.0,1.0
0b76a264ba5262500293e9bece9fc69cbbcfd73d8d133d3d51957ef1d5e0711de0413e6b663c106e076a8c54be5652781338475a8474f4b95fa6dd6ce5dd5b11,CLEAR,DAYLIGHT,DRY,DISREGARDING TRAFFIC SIGNALS,1.0,41.0,2.0,2.0
0b76de34b4974d81a3364b302502fba80c9eb4086fc3e9cae5f6f4b3854214a4eb2f25450f4be70440f66a1db5a7804dde14d44d01c9b7db5f489b3b01f6054a,CLEAR,DAYLIGHT,DRY,IMPROPER OVERTAKING/PASSING,2.0,21.0,2.0,2.0
0b76e90fb2895130350aba265b7584e86c1d97de5cae385e72de635a5969c9ae5696c84a8da93694a675d5704cb1ffd8b1c10452d49862f58cba5689cc445b71,CLEAR,DAYLIGHT,DRY,FOLLOWING TOO CLOSELY,2.0,44.5,2.0,2.0
0b7708b13a8be2e936e9fca3954a2dc6a093a7b17c2c9ecf72e54e24f66a0a910035d0a94ad1da00a8ef46edfa27b399341775c3afc5f35e292ad4ad001537cf,CLEAR,DAYLIGHT,DRY,FAILING TO YIELD RIGHT-OF-WAY,2.0,32.5,2.0,2.0
0b77135731e1994d843c10e1f9550223b3d8e417a8f3b63430b45f612ceb0e7462c5e7bb887ba7b493fab70aae3cb108df5988fafdf0b032c683dd4a94f3c14f,CLEAR,DAYLIGHT,DRY,IMPROPER TURNING/NO SIGNAL,2.0,25.0,2.0,2.0
0b7770132ff6cc6f6b446877cfd0d9fa4e94ca8148d44e4aa2e17146aa99cbff381f63f281c26e525620bebed442b19ec5921639fbde69fa35c43588acd916ee,CLEAR,DAYLIGHT,DRY,FOLLOWING TOO CLOSELY,2.0,23.666666666666668,3.0,3.0
0b7781562c089ec23e0de077a83713f93d727ac03b7688f6557b4d246ac78d56549337972a2b901e82845436372454b9c8f1a120c0997a1dc7a537547670bfb9,CLEAR,DAYLIGHT,DRY,DISTRACTION - FROM OUTSIDE VEHICLE,2.0,66.0,1.0,1.0
0b77a68875641c03b79acaa189f64712e2613112015097c09602e63ff52ca2e6ef5712bd0e64de2f97453619f85d7e116ec574669d0173db911c767463d245c6,CLEAR,DAYLIGHT,DRY,IMPROPER LANE USAGE,2.0,44.333333333333336,3.0,3.0
0b77c5e2138cedd159403ac38bccc41af4b9490dc5822f465fc1332d87db47de2ad7052f8678f6848a348eeb91823e55b2dd0c079bef56aedb1a01a906e3d395,UNKNOWN,"DARKNESS, LIGHTED ROAD",UNKNOWN,ROAD ENGINEERING/SURFACE/MARKING DEFECTS,1.0,50.0,1.0,1.0
0b77e65f3b483d9444d7a95c67e5c2f8f06e5a5bdc4de2c74605c711ee5b2fcb503f19c5a292dc6bc2e06215e4836a90a49ff7c6fb99a5e4826487f2e2e1af1b,CLEAR,DARKNESS,DRY,IMPROPER TURNING/NO SIGNAL,2.0,34.0,2.0,2.0
0b78469682cbde4900e8fc4927be679e980848b98c58530fc5e17e654f845141737778a3d2bfdcc3f1c6a90179fff791f1f60ea02d4a6850361fcaf10a9c91bd,FREEZING RAIN/DRIZZLE,DUSK,WET,FAILING TO YIELD RIGHT-OF-WAY,2.0,26.25,4.0,4.0
0b78478b9cf458004d29e2366e347a57f4939e5a3ba6116099d148921d443b3ee08e76f06c104039f032256505485a36ad98e78a9f4f586a413640c157254c91,CLEAR,DAYLIGHT,DRY,DISTRACTION - FROM OUTSIDE VEHICLE,1.0,40.0,1.0,1.0
0b786476a02f90199e9acfb28b59cf952e4207767626db0c915a67fca08ac1778ffdcb2a381142a2f88c3570ec13959a2fcec2eb05b757471d41116102fb4b69,CLEAR,DAYLIGHT,DRY,FOLLOWING TOO CLOSELY,2.0,44.5,2.0,2.0
0b78716bb0bd72fb218ed8dda0580571a5815bbf38b93f42544139bef38774b88891b9af7635ebd2eb1b0c59b82567285116cfef1c0260cdab939617db0c1ba6,CLEAR,DAYLIGHT,DRY,FAILING TO REDUCE SPEED TO AVOID CRASH,2.0,26.0,1.0,1.0
0b788fe947f620975ac8fd030c46f84dffd0818d018787a5522043273bb87be8343235f84c7abf48b4891cc40d8c3d52ca2121c407da22bf9412c7ed03004db1,CLEAR,DAYLIGHT,DRY,IMPROPER OVERTAKING/PASSING,2.0,45.0,2.0,2.0
0b7895b6826ddce61834a2e8972d51ee05422681e2a1ea5a0de9b6b5e9bd42f2fb40aac5d427d4b757148b4771615456d43abb8c882bd00b238a91178e14853a,CLEAR,DAYLIGHT,DRY,IMPROPER OVERTAKING/PASSING,2.0,54.0,2.0,2.0
0b78ab30b16a73b2d789f5dfde2ac3c8211dc6f4aee0d7fd99bae1bf12f6fb0fe82542ae27885fec6acc2a604d15ef3d52130bca0f7b0f6680163ccb7e834699,CLEAR,DAYLIGHT,DRY,IMPROPER TURNING/NO SIGNAL,2.0,19.0,2.0,2.0
0b78b721a66081fec14c2627d32845fbad118645c40bbcfe1ac9afb0ba28afdc58eaa109b6831a0e305f3a8ffa82164aea2b591f11a03ca792f345cdb15f70da,CLEAR,DAYLIGHT,DRY,IMPROPER BACKING,2.0,46.0,2.0,2.0
0b78c21d9051a63d6eef6d9969b94508ff4b6e45bb3ccbb84b985a7dc35272c19c845911191d32889963cba864cae2ff36d673eb43403758be4bed519396d8b4,CLEAR,DAYLIGHT,DRY,FAILING TO YIELD RIGHT-OF-WAY,2.0,42.5,2.0,2.0
0b78cb14714e6a8014e437ee739e8d2ca74c33d0a4dd38bc98c6065dbe4da35fa4a3647f4b255a33fbbebffda0ca93c96fee5f283caaf955d115e46c8977a987,CLEAR,DAYLIGHT,DRY,FOLLOWING TOO CLOSELY,2.0,22.5,2.0,2.0
0b78e88beafd5ee40a9906d9ddebf20d2bf8dcefe9c023f6603689b915222a267ceda24e2f2643fda3e34b74d51f2bcf3abd787e538d7a507351b301c2beb56d,CLEAR,DAYLIGHT,DRY,IMPROPER TURNING/NO SIGNAL,2.0,38.0,2.0,2.0
0b78f1d585919d4742d8f9421897e2f13ce79674db6dd3dcc5811ae6ceee8372238616db64901afeb6a9553f7372c0ef9951abfb459189941dbe16797b032cce,CLEAR,DAYLIGHT,DRY,DISREGARDING STOP SIGN,4.0,50.0,2.0,2.0
0b7902cb73c18e82e70c88d846760e7aa6c1ba4299d7b7bc4c3f9cf29caf88f16778c74dee10769ba134e032a09d300c8dfefa90750678acf46f985db65a48b7,CLEAR,DAYLIGHT,DRY,FAILING TO REDUCE SPEED TO AVOID CRASH,1.0,25.0,1.0,1.0
0b790894037f43e54d3420c5eb8bc9022785840b7b64b34953f5b4f1cad38121aab54c134ee9f2d3619f6eb83cf4bb040d0e0be89a94eceeb717be9e1872bf3d,CLEAR,DAYLIGHT,DRY,FOLLOWING TOO CLOSELY,2.0,51.0,2.0,2.0
0b791f1c30001c8e5f88f8835c7d1bfc811636b6ae8374af150e251aa2d16b9db57cb2281e39328f09fe45d455f2cf8708a94f31d200a7e3b63571199bf994b5,CLEAR,"DARKNESS, LIGHTED ROAD",DRY,FAILING TO YIELD RIGHT-OF-WAY,2.0,60.5,2.0,2.0
0b7920c67bfc8773e6b6101d3bf2e0f4c013113f2eb209db04d0fd91d0309ad2b0c8348ae56aee54b3883df932cb733071639f87bd776d04a25724919c273ccc,CLOUDY/OVERCAST,DAWN,WET,DRIVING SKILLS/KNOWLEDGE/EXPERIENCE,2.0,71.0,2.0,2.0
0b7943dc350ba3d04552d4b463c7872ef955ecfdea1564eab3bb53e0cb3490108d4243f21a03ac0b213b1ece49687cff0eb9c02458ac2403d0d35876b92817cd,CLEAR,DAYLIGHT,DRY,PHYSICAL CONDITION OF DRIVER,4.0,68.0,1.0,1.0
0b79bb1d5bb19a2380a75863479b33fd166cc7a4799c2b6c41a03cba9a99ff8d97551441d74b3824a509ecf6f518a6cbfc194f22da29f70f382b99dcef8b6c29,CLEAR,"DARKNESS, LIGHTED ROAD",DRY,FAILING TO YIELD RIGHT-OF-WAY,2.0,26.0,2.0,2.0
0b79c918958fa23a6bf183d215fbc940d40ad9a9949966f3104d4bac07b3bb40fe8a74517caafb4813ef14169572f4e737731240cfb935e7d29bec67d0607100,CLEAR,"DARKNESS, LIGHTED ROAD",DRY,FOLLOWING TOO CLOSELY,2.0,60.0,2.0,2.0
0b79da0ceaab417ede99ff02602a7e0aea04005008c79470751dab8bf9391e51600c8f92cfc56d04b41da4077b699b7748651435f6fc3d28b309548ed3c84055,CLEAR,DAYLIGHT,DRY,DRIVING SKILLS/KNOWLEDGE/EXPERIENCE,1.0,70.0,1.0,1.0
0b79fe4983767d87a41ddcaf071f5b4cdafc03ad981649579e2b8ce4593cea50190cbe92247ba851fa1b7215e28acc8f57f2643fa9128e05209c6becc61812df,CLEAR,DAYLIGHT,DRY,IMPROPER OVERTAKING/PASSING,2.0,76.0,2.0,2.0
0b7a1d7d08e8430dfe86e45a810aabc0112b379b3b0c16e5633030ab213ededf9a4c058d8621a6106c1dfff87f6c02f8ddb6b6514b3392eade7f1e82f9a86a33,RAIN,DAYLIGHT,WET,FAILING TO REDUCE SPEED TO AVOID CRASH,2.0,40.5,2.0,2.0
0b7a2fe13195f103fd3ed151c802fa183632483138e516ed336b09ab8a0ef80af4a46bd5471a1f744221dff3e869ad48c6ee8adfaf4f40115ffd7eab988984b5,UNKNOWN,UNKNOWN,UNKNOWN,IMPROPER BACKING,2.0,37.5,1.0,1.0
0b7a4070e2acf021c3b681c1ddf85272c47115f29a0966944f273e981125861a1cfddfdf83c6218fd6f15e898437e9e41146575bd4205d460aa078cd4c02c370,CLEAR,"DARKNESS, LIGHTED ROAD",DRY,DRIVING ON WRONG SIDE/WRONG WAY,4.0,37.5,2.0,2.0
0b7a5fd743aa4b0cbbd6baea1202dd92c50ff11f4e2ac5fabb53dbcaff94d1bc401f74f33f4fbf93cbe4e9f5c15094288a5fa6465e4a533fa6b10bd48d535a3d,CLEAR,DAYLIGHT,DRY,FOLLOWING TOO CLOSELY,2.0,43.0,3.0,3.0
0b7a79cd2f69f0da77b126bc3138b89db2fa56f26371931e7af9b782c5cdda1cf37cd0be2dbb41fbac8d638f228c03f87d37b98cbe5e3bf8c286cabb3910e4d7,CLEAR,"DARKNESS, LIGHTED ROAD",DRY,FOLLOWING TOO CLOSELY,2.0,43.5,3.0,3.0
0b7a8661aa351b9ae25d4a820a00102a25c51cfc700aabbc1d26506590941660bc39b66b92d5d7d8d3147263f51630a526ea16a90d12c2d8974d6743d87c3f08,RAIN,"DARKNESS, LIGHTED ROAD",WET,FAILING TO YIELD RIGHT-OF-WAY,2.0,26.0,3.0,3.0