crash_record_id,weather_condition,lighting_condition,roadway_surface_cond,prim_contributory_cause,total_vehicles,avg_driver_age,total_people,total_injured
0b7a910004739f116094ea2850738bdb5f578eab920700cba575c6b6e88bb673e743a568523942861120d7fdb092dcbf7cb83eb52fd552765538d0641226c8b5,RAIN,DAYLIGHT,WET,FOLLOWING TOO CLOSELY,2.0,47.5,3.0,3.0
0b7a9544512a16f99f44f2379e7897f3038345bd49091b1bbde811853df877f049228c711db8cd994b9346f38e312f55384e990e8679d9a61d26c6e1710994bd,UNKNOWN,UNKNOWN,UNKNOWN,IMPROPER TURNING/NO SIGNAL,2.0,54.5,2.0,2.0
0b7a974268b9b10c8e9b2b3cd482a1e12841a1cdb2ed51c56d01d7edcd1220e81db99e5b1d026dcbf879f4334d1b8ae677724f994bfef00c816abdd117f51806,CLEAR,DAYLIGHT,DRY,IMPROPER BACKING,2.0,26.0,3.0,3.0
0b7acaa64d62c9c9aa5e9fd752f5299745a5507f7166cf05ce4323714b053e8ca297255d1dc90eda341b83e0e329de4d401f78802f45ef450c294b565f54c694,SNOW,DAYLIGHT,WET,FOLLOWING TOO CLOSELY,2.0,49.5,3.0,3.0
0b7ad7b77c89e35f5ee7360cb9c5c34fbfb2081a3d0391f920f8eda4ef891eb6ee8d7d7c2abe68f57fa5a433e27a98abbdb0ad6d9a3807bc53863663ec31dc0e,CLEAR,"DARKNESS, LIGHTED ROAD",DRY,DISREGARDING STOP SIGN,2.0,39.0,3.0,3.0
0b7ae94378c7043f821430b7c973e311758cf06efbce0577bc199aa17a984c3a6c7f69fc7dfffd82043d63bc812d0e15c3173f8b98d3b91c3f481c191671b511,CLEAR,"DARKNESS, LIGHTED ROAD",DRY,FAILING TO REDUCE SPEED TO AVOID CRASH,2.0,35.0,2.0,2.0
0b7af0cbb79cc6b7d747369f21daa1c6f5addd9912c3687d54434c9edd380b6f2c98190df8c1d18075cf9c4817de0e0248dfa9e204947845c12b9566f5b1121b,CLOUDY/OVERCAST,DAYLIGHT,DRY,DISREGARDING STOP SIGN,2.0,70.0,2.0,2.0
0b7af19a64f6cfdf5e014bc7f8debf2af3eca0c7bbf0da3658c88ca585e728a115017c77e81939440077e2b6fc2014a48dab8a342f0ea6420b9f56b0e1b7ea51,CLEAR,DAYLIGHT,UNKNOWN,DRIVING SKILLS/KNOWLEDGE/EXPERIENCE,2.0,36.0,2.0,2.0
0b7af3233d49b6f6720a33c9348245dc4bf0953b637ee66eac6837a5104be05265cb3d1fe8ec5923af025f72221ff800f8c8deaa468bb05487cdbe4912918184,CLEAR,DAYLIGHT,DRY,FOLLOWING TOO CLOSELY,2.0,55.0,2.0,2.0
0b7b19b61fd3781a4fde42ebb0fea8695db50d2a3a54c5a33ac35ecfe7cd2a5e07a531c77ff8ed4af9691715a77ee73b1bd4dbc2945c77d16275a0c1941538fe,CLEAR,DAYLIGHT,DRY,FAILING TO YIELD RIGHT-OF-WAY,2.0,54.0,2.0,2.0
0b7b4de5fb8800db632531efd16ddd483c48d73833c5f53418f9c6c53223d0883cdb4f57567ef1a0c0c7e241a2429366f04c32af6a9f254b6ae1aa7b0e52f64e,CLEAR,"DARKNESS, LIGHTED ROAD",DRY,FAILING TO YIELD RIGHT-OF-WAY,2.0,34.5,2.0,2.0
0b7b4e75bfa3efb672d6e23d03cf60b6d025e48bcbf72d3901b9b2f8da5903d166d8dbff67434bdfa74435b17df3205b62f6f85bed12b43a1bb0187b72562920,CLEAR,DAYLIGHT,DRY,"VISION OBSCURED (SIGNS, TREE LIMBS, BUILDINGS, ETC.)",2.0,35.0,3.0,3.0
0b7b541baa8f63d8fb65a43e79be188f25299b5aed3bc6f42390c92d3db08f0e77a84b683f7546055d2105658e8327077a3a84f6b658371d180bb463fbb86230,CLEAR,"DARKNESS, LIGHTED ROAD",DRY,IMPROPER BACKING,2.0,25.0,2.0,2.0
0b7b66980df6d69b8edb38a8d0f7b18bfdb00305ac35f83e9d31a64136b53316e4d635da114d60c905a5b5025fad6fbd76290bb4c5597e49fd511ac5b4058365,CLEAR,DAYLIGHT,UNKNOWN,IMPROPER OVERTAKING/PASSING,2.0,37.5,1.0,1.0
0b7b6e9d5d5e76cf0a020e2302e54e4c6767d14a7d5b1b569f7c0974e14bc03819c6dd2eed37ea2546a12ab3afd2737655032659221522ae5afff82a81616f0e,CLEAR,DAYLIGHT,DRY,FOLLOWING TOO CLOSELY,2.0,62.0,1.0,1.0
0b7b867ff770480bc3933185bdf7a25c47e1fcb4c5e6ff73a8e43f6b0b08af2d96c7a0ebffabb1ecefe11403752fd16cf3bddd4cef92ef04eb25f90f8e55c359,CLEAR,DAYLIGHT,DRY,FOLLOWING TOO CLOSELY,2.0,27.0,2.0,2.0
0b7b874d5de58261b4a5ca1f889570eba20bbd6bbef377b31b7d965d127a00d31c2b6af939d47fb188a118f2dc30a8b37a51c32bf8c5b7d8d58c48b8d2b60375,RAIN,DAWN,WET,IMPROPER OVERTAKING/PASSING,2.0,75.0,2.0,2.0
0b7ba428a7cb73018f9aebc797c30cd2a703e61bc2d8d3b53c9cb8254f5ceb842b819712ac9a3f40353e667d9612b0c4161f9ad1a9d2b5e3003f3449fc94ffd2,CLEAR,DAYLIGHT,DRY,FAILING TO YIELD RIGHT-OF-WAY,2.0,22.5,3.0,3.0
0b7bc52653c4557062ed098c42bfdc193145f3ffe65d8e4c3db4a2690dd8437682846a03c48e22415f64349a8ed6628f87d0eac0ae3e1b757a646adde70582d7,CLEAR,DAYLIGHT,UNKNOWN,IMPROPER OVERTAKING/PASSING,2.0,30.0,2.0,2.0
0b7be15210e65586f7317001125b37571af162828d80dc8757fcb245763766b0e42f89f6146b4f790b0c59e1d59e22c5ce425e215246a89b3f7bf244d5a69385,CLEAR,DAYLIGHT,DRY,"OPERATING VEHICLE IN ERRATIC, RECKLESS, CARELESS, NEGLIGENT OR AGGRESSIVE MANNER",4.0,37.5,1.0,1.0
0b7be5e45cfb2e03cb18060b33ea2a0c0a886d94ccebc8a82a55f6605d9c819271957f605b767784c427e856843e3e21c2d0d136442589306fc3f7b8fe1d1d91,CLEAR,DAYLIGHT,DRY,IMPROPER BACKING,2.0,80.0,2.0,2.0
0b7be720e27f92c82bdc5993aeecf00820886069ef39d1d9db0937d63dd56d55e0e91e61bec250d27ba3ab48273bf5f72de88713111f1e5b9437195d67581094,CLEAR,DAYLIGHT,DRY,FOLLOWING TOO CLOSELY,2.0,43.0,2.0,2.0
0b7c0285a8b59806b4e74f1e1c9d3d646dd56dd83f93bbe0cd1e6cd937e170043b4afa51cf053e8176492d91391c3daf2c6b41a85a3d4f357c383eac720d6c68,CLEAR,"DARKNESS, LIGHTED ROAD",DRY,IMPROPER BACKING,2.0,46.5,2.0,2.0
0b7c0463ebe97f4f5bdfa260c251cf164c61826119ef19a283e1fc59ae738a3564732b927569276fbc65a26463a03a50ba794fe55f414fcd0dff79410f75ed78,CLEAR,DAYLIGHT,DRY,DRIVING SKILLS/KNOWLEDGE/EXPERIENCE,2.0,67.0,1.0,1.0
0b7c177c408597955c1702719acff99b4158a616fb000e0eed8be54f723ca626b6cf392dba137bea222f64170d3d81d985740a9063c1150e8afb0bfeb9a97320,CLEAR,DAYLIGHT,DRY,IMPROPER OVERTAKING/PASSING,2.0,37.5,2.0,2.0
0b7c4411e758d4a9b0a839c4411d1e87ea54b9b5507baf7cc744b090960262b3c0765a3a015beca3775cba25097d9467e7a9143a8d5d5ed1253c5c3f20eac0e5,CLEAR,"DARKNESS, LIGHTED ROAD",UNKNOWN,IMPROPER TURNING/NO SIGNAL,2.0,25.0,2.0,2.0
0b7c71695da09b73fc3da3f6b717e4f0eb43c119f2f3cda7c53c39def91ed89234969bbbb7ed901b61fbd823b2634fea9fadc9fce4685d4b5bc9db28f29f6285,CLEAR,DAYLIGHT,DRY,DRIVING SKILLS/KNOWLEDGE/EXPERIENCE,2.0,70.0,3.0,3.0
0b7c8322f8acfee759500c6f36e68eb38651f529c7b2c737d14a4cac7958175217b7848563c7805477e5d902d63902d6a728501db51a89df930b04cf255cd142,CLEAR,DAYLIGHT,DRY,FAILING TO YIELD RIGHT-OF-WAY,2.0,69.0,2.0,2.0
0b7c888b1f92413c0cdc1df3d4e9dc04eec17e8746db6953f0005a7a187b78702569fb5353b1c317469c59e222dc63d5f28d5005c8311fffc4eb817d72142eba,CLEAR,"DARKNESS, LIGHTED ROAD",DRY,DISREGARDING TRAFFIC SIGNALS,2.0,56.0,2.0,2.0
0b7ca582021dc32d6f23636864ef2f3baae60f5420a0c0335697e77674681dfec3d6fb177ca366c33e92beca68f601928607f82434641ef3d2e110043fdfaefa,CLEAR,DAYLIGHT,DRY,DISREGARDING TRAFFIC SIGNALS,2.0,34.0,3.0,3.0
0b7ce4a54876a40b1cf0429dc0e4be822b444453cc388932d783beb532d132447722a82e374d2604b1a06958b12df30594190ac66ec715a05b11bff8d7e6ca1a,CLEAR,DAYLIGHT,DRY,FAILING TO YIELD RIGHT-OF-WAY,2.0,57.5,2.0,2.0
0b7d09f18071394596bae71475a884e62e9c6dd4dc04cff9e2be8afcbd9cdb83a76f9678e96b1dd425b22860345f49f0812eb7860e77fe6156b85ad12bd67c01,CLEAR,"DARKNESS, LIGHTED ROAD",WET,DISREGARDING TRAFFIC SIGNALS,3.0,40.333333333333336,4.0,4.0
0b7d0a7e13d5223d0ac54294530f617a8df390bc944688191ca244ef58360e01d5d99cf16f42d5466e126e8e67c99cfb3eb21ea4122e0182121284317d49778e,RAIN,DAYLIGHT,WET,FAILING TO YIELD RIGHT-OF-WAY,2.0,43.5,2.0,2.0
0b7d2fd1d85b0885f7277c605fed9ec77332807b20a939f404617d4b012f14aae3092fcc5fad93bf5672d697c6244e3c49b6782ce2362f9449b3c6f0d32e8c0d,CLEAR,DAYLIGHT,DRY,FAILING TO YIELD RIGHT-OF-WAY,2.0,23.0,2.0,2.0
0b7d7581e6c1c185cf8792e20a1cab4001d90356f057a7a8c398aad3b65723e092fdcafb4fb28e0282d26f641632d118817195cb18f6081cedf5d8fdc303d5f3,CLEAR,DAYLIGHT,DRY,FAILING TO YIELD RIGHT-OF-WAY,1.0,35.0,2.0,2.0
0b7d9af2bf8f9190d062424843596767361b6067baa9ab91f24201da887aac7396301c5861f174559709cfd7e78c8759d3cc9250a4bd3f9639854cc432f706b0,CLEAR,DAYLIGHT,DRY,FOLLOWING TOO CLOSELY,2.0,64.5,3.0,3.0
0b7da7ce4d0792c2204742697b5247f07e252b91648770a7ce568e5462bf80633c8cdf78ea4796ae764a0cf365e8c16c883bb1fe987ff6c8f9987b0f3a4902f5,CLEAR,DAYLIGHT,DRY,IMPROPER BACKING,2.0,37.5,1.0,1.0
0b7daefe3d843b8f1c996d20bb05a9e7f75d2add8cbef703ca06a89aa27930ce0acb0655f5cce5ccb13898763264d3028e358051ee8cec00203b752db2252f3d,CLEAR,DAYLIGHT,DRY,IMPROPER OVERTAKING/PASSING,2.0,35.0,2.0,2.0
0b7db1dc07463a832b9b3bee12346622745979ad1672b24782754808205330d0726818ea1eccf3e93d641878815a86b2272d3732afbe8f900308da073a5ce97c,CLEAR,"DARKNESS, LIGHTED ROAD",DRY,IMPROPER LANE USAGE,2.0,39.0,2.0,2.0
0b7db8095f0029f1a20916451cc41f1807fd045ca95600e5c24c230b57da29eac47fc654abfa45900549f98ad89b918fa576765c58541dad80e2f6e9f9e8ab9e,CLEAR,"DARKNESS, LIGHTED ROAD",DRY,FAILING TO YIELD RIGHT-OF-WAY,2.0,21.4,5.0,5.0
0b7dc1955dcf06a08f48ed0421d904201ba51ce20d920419c81f8a2b29017aceb1cdfd1f0a950f7fea55e37cd63eaf091cd4240a29dd79374e7ccd393f2dab1e,SNOW,DAYLIGHT,WET,FAILING TO YIELD RIGHT-OF-WAY,1.0,71.0,2.0,2.0
0b7dcc7d17a0b0281c7424598aed58d586ae905c1bba24d0065bec85204f35c71950cbde4a6da5af6f4418d38c1247cfcef2befd9d8f3ff5c78ec60cfdfd98d2,CLEAR,"DARKNESS, LIGHTED ROAD",DRY,IMPROPER TURNING/NO SIGNAL,2.0,23.5,2.0,2.0
0b7dd979d0e329ca762cde45afe4170b505c88ac0887cfd94675760ad555a31c2a7ec035ed802ca6d9bfea3e3ceb963bd1600c96aab680cde95f264dd2bcd278,CLEAR,DAYLIGHT,DRY,FAILING TO REDUCE SPEED TO AVOID CRASH,2.0,46.5,2.0,2.0
0b7e1d8fc52ad484720b785a47022e5b959161fa0453e1c6827c34f5a6b0fe436f3e1db51762ca45b379ad7988b72cdefe37423cb01dd76d4759ca7e224cd96e,OTHER,DAYLIGHT,ICE,WEATHER,1.0,29.0,1.0,1.0
0b7e23b6e5ca3b80d2661fd8a6f9092ded73a17a85e6d1f153de6b6ecf0ac0949ff5dedda27dd9ef7556993f7c539f488d9aaa386037f21ad5e752fc11375c79,CLEAR,DAYLIGHT,DRY,EQUIPMENT - VEHICLE CONDITION,2.0,51.0,1.0,1.0
0b7e3ec7cdd7af730a8bbe4500a978f6932e119246cbcafcef98ba030c63b28440c030b96a89a7999cdfd29bfd8bdd2478eb2ad5e71baa1e6990762d727de4f1,CLEAR,DAYLIGHT,DRY,IMPROPER LANE USAGE,2.0,24.5,2.0,2.0
0b7e48e7d24affac70ccad19a5e52844686eb78370788fdc16ab99ef2489f7401793320ace7c5a0fd895fe5d824fa00e1fc40df1c63f4b3d2f2202885cc83719,CLEAR,"DARKNESS, LIGHTED ROAD",DRY,UNDER THE INFLUENCE OF ALCOHOL/DRUGS (USE WHEN ARREST IS EFFECTED),3.0,43.0,1.0,1.0
0b7e6118936329be7984c72a397707a6b6d1a2d5caf512ba051de2f3b6aa825ce7d9ff932c8e9ae2f12aff2a11f5b9ee01793fa49178ac4afe2bc55243041d4c,CLEAR,DAYLIGHT,DRY,FAILING TO REDUCE SPEED TO AVOID CRASH,2.0,37.5,2.0,2.0
0b7e9457be1495db3554ecfef9fb4477e898192157a85d745b0f467169ccfef0ac7da5e06be9e87bb78d811d1f95490b0d955a610c2a527d50456d78f0ca9b73,CLEAR,DAYLIGHT,UNKNOWN,FAILING TO REDUCE SPEED TO AVOID CRASH,2.0,36.5,2.0,2.0
0b7e959b89809f9292aecf32e16a4f52f22c686449edaf42373c618dbaba1873403d44605296b5f6ac811e51129cce710d3a7128544f60ae89aa62be79824634,CLEAR,DAYLIGHT,WET,IMPROPER OVERTAKING/PASSING,2.0,42.5,2.0,2.0
0b7ea4317f108fd2524f1c4b184026c93142635d5873f14cb8854c078f9046b4ea5f0378ca5d148689a4ccb76ce25b4a1cb7484f8e8a68980393d1a6379237f1,CLEAR,DAYLIGHT,DRY,FAILING TO REDUCE SPEED TO AVOID CRASH,2.0,68.0,1.0,1.0
0b7eb12a279da1bfa2cada29b67998ab9d6a58df2ebf84616d256cafb65e65c8a2b701eccba4f1c73a6febf9605e27b3781bcbf9908040440f6958e856b39a36,CLEAR,DAYLIGHT,DRY,IMPROPER LANE USAGE,2.0,36.5,2.0,2.0
0b7ee76acbeb5b03e57e35bfdd41d618347da4c8d5141e8fa6dd27305c8848ce5a36e1d66fb7a1015d23a8af2618412c684644d8b31834654ccb076ebb1a865b,CLEAR,DAYLIGHT,DRY,IMPROPER OVERTAKING/PASSING,2.0,18.5,2.0,2.0
0b7eeb48c1e3a0681ec3f263498d4434715b81af07e40d65e085d5a55e9edf1de5fba0a9cae3dffe29fabc20688a3db0f0e67defc48fb314dd73573abc078dd1,CLEAR,DAYLIGHT,DRY,FAILING TO YIELD RIGHT-OF-WAY,2.0,33.0,2.0,2.0
0b7efa799275519b90f6d1fd7c657adb347115698908fc58c4329bb2602f52aa9fa4da82684873b44929e2982783d8e03ea0489e27df3128e82b1912d1f51046,CLEAR,DAYLIGHT,UNKNOWN,FAILING TO YIELD RIGHT-OF-WAY,2.0,37.5,2.0,2.0
0b7effb08550adf31c83bdf676b54cc484f64d92f6e876297203019b37e3fb48a44c7fe4ce50f447dd3dacf996e6807ee9809db55dbac7c4fe29c407b254bc87,CLEAR,"DARKNESS, LIGHTED ROAD",DRY,FOLLOWING TOO CLOSELY,2.0,32.0,2.0,2.0
0b7f01d716c41487c98d4813baaed0559aca13942a38853b1399e134df7ea14a5f7f5b94338471620be5428e3e4ac0b8343ff6c426a1ca4cfe9cfefc2130ebc1,CLEAR,"DARKNESS, LIGHTED ROAD",DRY,FOLLOWING TOO CLOSELY,2.0,46.0,2.0,2.0
0b7f117c62019d7987ea9cf33d4c0ce7aabb5206b60501f2b3ca8e9a03a0d5a3f15d690d13b1d64d1ec4a3526dc19da54f140cabfb6f12bf7822bf1fc9fe08a1,CLEAR,"DARKNESS, LIGHTED ROAD",WET,IMPROPER OVERTAKING/PASSING,2.0,37.5,1.0,1.0
0b7f227aa22a262f03568d32934826dbd67569537e2cd9d6d510d107d72da491915f40413409df93c3e63a0d6e3c8f4c512938a5a7f6027060373e88e6cb5af5,CLEAR,DAYLIGHT,DRY,IMPROPER OVERTAKING/PASSING,2.0,44.25,4.0,4.0
0b7f2e284a5d60a6ea72c5150dfd29aad72560a8f299a6412e5fdf6802cdfffdf216ef9f38422e67f759eaf7f3e143440f945e3b1f38ea08430d488bcf5711e5,CLEAR,DAYLIGHT,DRY,FOLLOWING TOO CLOSELY,2.0,61.0,2.0,2.0
0b7f32942ecee629aa4c19926fb5d52a30982bde2cb7a1ff3b948317af4069ac813f2453a5cf031ff0660ba6a577caebcdef9ca9b63606e2001966aa9d7d5ddb,CLEAR,DAYLIGHT,DRY,IMPROPER BACKING,2.0,30.0,2.0,2.0
0b7f6ee2b9c78137333c22a966f9b5fcccc592fcf24c7828608cf85f6c395f27dd8321e9e47378059b8dacad870282ab3f00b55357f4b953802f96dc9097ae5f,FOG/SMOKE/HAZE,"DARKNESS, LIGHTED ROAD",WET,IMPROPER OVERTAKING/PASSING,2.0,28.0,2.0,2.0
0b7fa1c598a4e15b5b8ca542573f2479fa01056787f2d1cefbb5f233d5c03b380f48c12f04d4f795d0bb17cdabb00d9bf3ee680c570265cfe010311837b01a57,CLEAR,DAYLIGHT,DRY,IMPROPER OVERTAKING/PASSING,2.0,35.0,2.0,2.0
0b7fc7d9daa6c2e5abc557c53cfc40068a90138661a2c61d21023b6060e97cad3d4d9faaf16431466798558666267d999ce357b9ac9af6653b61d75eb42bd371,RAIN,DAYLIGHT,WET,IMPROPER TURNING/NO SIGNAL,1.0,23.0,2.0,2.0
0b802c2203ffec3b383c36164f137b15e499008fc28b46b1350d9b867a5a78c0d51a406730a05fa9f7a15c7c66a3365cf246a85a984ce39ab68ae31271756e00,CLEAR,DAYLIGHT,DRY,IMPROPER LANE USAGE,2.0,39.666666666666664,3.0,3.0
0b80d9378dba3c230b883e34becbb8375ccedd461d6c55d4c0fae0f1429a99acbe84a68e43242719691058c6d1baca3f7ec6f166aaa11a227bd672302fe7a90a,CLEAR,UNKNOWN,DRY,DRIVING SKILLS/KNOWLEDGE/EXPERIENCE,2.0,37.5,1.0,1.0
0b811f73d2d8e1d78f666e81352e81727bc77e6bceb50efea3b461dac531be0352638418a647f4580050e21f93e7174e7be6b926666663265274db4b8c5d0b48,CLEAR,DAYLIGHT,DRY,DISREGARDING TRAFFIC SIGNALS,2.0,36.0,2.0,2.0
0b8145601e957c98e89f6e5e4de644c7c12ba5cbb440e9a766f1a6167bf1b5edfbefc3f3491a3770183b112ab08c4b0796d1fd2f8079b78deaa48ff072de8dcc,CLEAR,DAYLIGHT,DRY,FAILING TO YIELD RIGHT-OF-WAY,2.0,37.666666666666664,3.0,3.0
0b814b6cbd16f7d3fdab87bafb9d6d3effa772800461117df86759df4c0d2468dda282c89847133a35b894c23bbd1895a5af47c22d69e4a5368eb82a3c4839d1,CLEAR,DAYLIGHT,DRY,FAILING TO YIELD RIGHT-OF-WAY,2.0,44.666666666666664,3.0,3.0
0b81501405e7292181af81b09030221e7bd5f37cbd04911eecc61478a3302377c3b25be44a96a94aff7565fa9091cdbac656464636580da241b311a56141984f,RAIN,DAYLIGHT,WET,FAILING TO YIELD RIGHT-OF-WAY,2.0,29.666666666666668,3.0,3.0
0b8150e9f0462623afc562db073e3203a365404242e42f6146a6f2e7ea4141b6c3965c991ea13de722bf0ed35440191ab51b7ac58777c44ecbbec3e23a829daa,CLEAR,DAYLIGHT,DRY,DRIVING SKILLS/KNOWLEDGE/EXPERIENCE,2.0,43.5,2.0,2.0
0b8165bd81d72ed466676c4c384bd40bc701f127faa8b3bd6b7521d356c38f790baf1c6979c05332e33b572e899fd8f06d33f27c48d8243f6051e1ac69f0ac56,CLEAR,"DARKNESS, LIGHTED ROAD",DRY,FAILING TO YIELD RIGHT-OF-WAY,2.0,45.666666666666664,3.0,3.0
0b81841e02866f8007780a962e2394b9a11e010c0e7c913f3fd80ef582b03d4bc9eeee0255cb7a795edd85b219be9910927b6edc91471e8684e7434b9b44a385,CLEAR,DAYLIGHT,DRY,IMPROPER TURNING/NO SIGNAL,2.0,37.5,1.0,1.0
0b81c9f942affa0661e91645ef039fea0f4d33acedd3cd1da611474cc2d188b8047a9095b692e5ea40e7edc1aeb56470c3a74ed8f4d9e5f605a03c20a5600c3e,CLEAR,DAYLIGHT,DRY,EQUIPMENT - VEHICLE CONDITION,1.0,47.0,1.0,1.0
0b820b5cb322bce97418af5173fc584b3ab22463d7f6b726a7990aa8b3f0c9991b89034e65f8a8581b580f170058b38c5b89e22ce1f48e63060b8f29eee7adfe,CLOUDY/OVERCAST,DAYLIGHT,DRY,IMPROPER LANE USAGE,2.0,51.5,2.0,2.0
0b822449525b2812026e1b56e2df66e76673b69195541c5ca1490bb1e6f5e00b11d083720e14ab44a2be31b566030f3c3078c6c65d93a04d764ac20da0678451,CLEAR,DAYLIGHT,DRY,"OPERATING VEHICLE IN ERRATIC, RECKLESS, CARELESS, NEGLIGENT OR AGGRESSIVE MANNER",2.0,37.5,1.0,1.0
0b828405bfb0f0b794a807290bfea3ec83d60c244074040e00550e4ddef81c6792190a545c7b9fcefde1ae537dba66d36683ce1f902176fcb32089c2e5022224,CLEAR,"DARKNESS, LIGHTED ROAD",DRY,FAILING TO YIELD RIGHT-OF-WAY,2.0,43.5,2.0,2.0
0b82a50a8e783f982fa6459de042a43b06cd42bf49b92dcac38d5205063e33e676deab1f788f1478c9e0b374c616ebd636104945a2985105627d4a36b28c0f7f,CLEAR,DAYLIGHT,DRY,DISTRACTION - FROM OUTSIDE VEHICLE,1.0,23.0,2.0,2.0
0b82bed000899cfe8678dd410b6a5ebd32edf6fdec9df272ee1de58d11f83608d67979257d0452a66827c32cb418309723fbbbc2a175ca89d579a1a68be71c3d,OTHER,DAYLIGHT,WET,WEATHER,1.0,23.0,1.0,1.0
0b830c244040e5f6e014f7ee992dad852951aeab20c82888092d9d4be7ad959e3e28a42eacea6b4ee9c0b76dc52223856c911df7eff77d2c322ada4e2095d25e,CLEAR,DAYLIGHT,DRY,IMPROPER TURNING/NO SIGNAL,2.0,59.0,2.0,2.0
0b831401c0322feabfa4e3b4bb54f9e8a21c61881a3b4d5bdedcb0c3d44ac48ead066b2e156e894739ee10930a87fec8d73642809cd3404fbd90d830873700a4,CLEAR,DAWN,DRY,ROAD CONSTRUCTION/MAINTENANCE,2.0,45.0,1.0,1.0
0b831f5c758d5aac0506ec960c648666fbeefbf040a6a89f4652bc40380f039d2e294a94d552cbaf60c8e4e2a54f05a6ceab124cdd026e7e1714697a27d9765a,CLEAR,DAYLIGHT,DRY,DRIVING SKILLS/KNOWLEDGE/EXPERIENCE,2.0,50.0,2.0,2.0
0b8341ef2ad4251e66b7215d8d2cc510233a1e979ac54999e695cdd9dc0d2db620263b1fc3c9c1a0e83b6a0978123484b08179e81e2d11a86f246f91b6c404fe,CLEAR,"DARKNESS, LIGHTED ROAD",DRY,DISREGARDING STOP SIGN,2.0,26.333333333333332,3.0,3.0
0b83c6f970ef45b37f4754da298cdf4706e85b906be388376d647ff729a8ff37f7b0d3c3a550cccdd7152ca97465afa410cd5f6a015c02d54d562475899a321d,CLEAR,DAYLIGHT,DRY,IMPROPER OVERTAKING/PASSING,2.0,37.0,2.0,2.0
0b83e645e989cc69d1da746495824cc2e1ebbf8270e0aae91a5aaa191e5dfa6a4e71ff47c505582f3ead809566d70a2c98841153eb06a3db76887b7ba769fa96,CLEAR,DAYLIGHT,DRY,FAILING TO YIELD RIGHT-OF-WAY,2.0,38.5,4.0,4.0
0b840974141c3d7666112d299146bef88c5cb81fe6feb15f60faf572986e762582ad192ebf57caf329f8f84f29d8b3c889dbc80633b27554d435ddb0e4b0abe4,FREEZING RAIN/DRIZZLE,DAYLIGHT,WET,DRIVING SKILLS/KNOWLEDGE/EXPERIENCE,3.0,27.0,5.0,5.0
0b8426734b2045a3aaabe35a878b43db5c9a0dc342f7646ca822e5b7509e9517fbd9e41fa5d6e03d1876d005563f6d9d63a5606b34143950e7dcb72b903e0cc7,CLEAR,"DARKNESS, LIGHTED ROAD",SNOW OR SLUSH,WEATHER,2.0,37.5,1.0,1.0
0b842d251fdb6ca2394e9771e84e9a4e46915cc821afbd1b8926f000cea8e53ff262de323af490005c71c752ac3c6951c2c2294602aad586fd33315871e32e83,CLEAR,"DARKNESS, LIGHTED ROAD",DRY,FAILING TO YIELD RIGHT-OF-WAY,2.0,63.0,2.0,2.0
0b8443308ba5cc59b61a98f6c6b118183674ba14a7943148a76725503057094f922c8ee9d4f750968b42f2db52fd515eeb2608e58ed6886e2d557cc254658c8b,CLEAR,DAYLIGHT,DRY,FOLLOWING TOO CLOSELY,2.0,79.0,2.0,2.0
0b84c4152c2a0f8b26fbf56e1833855c47f5983984d98696125f05cbeb1309fc80aff8eb2d78c377daf94c20d4b2fbdd8d1ac58f085a59ed84260f1f72b5bc5c,CLEAR,"DARKNESS, LIGHTED ROAD",DRY,FAILING TO YIELD RIGHT-OF-WAY,2.0,40.0,2.0,2.0
0b84d7165c330cc2ffb225db49b088ea4434fa07abf6a15db9bb645273e8e4836ac87d11685d2120164eb4a9af30cb8e0b46aed7f3467b1bfeb9f16234f6c1d4,CLEAR,DAYLIGHT,DRY,FOLLOWING TOO CLOSELY,2.0,37.0,2.0,2.0
0b84f36a9da64e888ff86a8ccf476c40ca9570f19065d406015cc76f8dacb1434ede2710977e0115b391e74cf5a1de197970c3135c5c2bb85bbe4d2d7ca67343,CLEAR,DAYLIGHT,SNOW OR SLUSH,FAILING TO YIELD RIGHT-OF-WAY,2.0,42.5,2.0,2.0
0b852859e0e409533f1a2eeb31b8f903b13a51d3ce66f677147a416bc2a2be4034f8b5464ef4e3059bd75726511ed818cdc6b970716c322eb3732919ab6b1ae9,UNKNOWN,DAWN,UNKNOWN,EQUIPMENT - VEHICLE CONDITION,2.0,67.0,1.0,1.0
0b854075946f61fbc085aecbfff2c8e62e5d75618196b758eaf74a2c3054740f7b6e3811dac00e94f17f4c2b6c0a7a27ffda8b82d04c727a18f01a8b5cdb0ac1,CLEAR,DAYLIGHT,DRY,FOLLOWING TOO CLOSELY,2.0,54.5,3.0,3.0
0b854db1ee30e36a64269f7c86c6a035cd704b353641c348ccdf65481a23eacdc4db6b62362053f1f01e8d5feee36bee6b60d48b444f2db252e24eea8abb09eb,CLEAR,DAYLIGHT,DRY,FAILING TO REDUCE SPEED TO AVOID CRASH,2.0,32.0,1.0,1.0
0b8586beffa9210fe73041b004d9de9e6537dd569e7ab2b8a9b466c3f658be0b59f3651b9a69f3677d432f8fb430053cafaa6e4d3a40f13fc9f5f0fe02cf6070,CLEAR,"DARKNESS, LIGHTED ROAD",DRY,IMPROPER BACKING,2.0,18.0,1.0,1.0
0b8587c06641b0ca8d0ab7453e203f6bb78fd960d948c400ddc95ae691bab8541d1f731e452a60833c8a6a8fcc8b38f182e639e2a01b3330848c13763c84fc4c,OTHER,"DARKNESS, LIGHTED ROAD",WET,FAILING TO REDUCE SPEED TO AVOID CRASH,1.0,21.0,3.0,3.0