crash_record_id,weather_condition,lighting_condition,roadway_surface_cond,prim_contributory_cause,total_vehicles,avg_driver_age,total_people,total_injured
0b859a76cbf3e3ee89fec25f026e8b16cca8e3b15e0179d189f8c44efbdbeafd759f0c272157db88f2471d59aa16ac7753f963e1c07e7c00f3d70f1ad985707c,CLEAR,"DARKNESS, LIGHTED ROAD",DRY,IMPROPER BACKING,2.0,45.0,2.0,2.0
0b85c3f6865b760a4f043c04270fdff72eab4910c9742fb313a706d0b930788dc3a0ed4aa322f1334b0abf6eac4bf1d4011127402074cb22cefe8e421f216770,CLEAR,DAYLIGHT,DRY,DRIVING SKILLS/KNOWLEDGE/EXPERIENCE,2.0,37.5,1.0,1.0
0b85d11c218275e3cd88a4be5d3369a561edb5726461d6918702d34fbdb164d9f75c73e9012eb4f8ae76c8df3f6dc691d63702b202d6487ae79c590a1d5ffb78,CLEAR,"DARKNESS, LIGHTED ROAD",DRY,FOLLOWING TOO CLOSELY,2.0,18.0,3.0,3.0
0b860ee75a07efed21552f8c389c90588898c1c516b17de80fcf8aa0de61f62b8bfb11b224394772a592daeab660f96f829240dbce694f3204793ac0f09c0bcb,CLEAR,DAYLIGHT,WET,DRIVING SKILLS/KNOWLEDGE/EXPERIENCE,2.0,28.5,4.0,4.0
0b862da482639ce0b940222eb812d84e14117d67719ad645fd3128f559b5bae600e62e0c61963c31b58f36376222dcdcd90a8d179e933097fa649466c3a3f0bf,CLEAR,DUSK,DRY,IMPROPER LANE USAGE,2.0,25.0,2.0,2.0
0b868f08cf665f42ccb100b25d24c05b0f48ac7ffb49493c3545d931cd3d972daf0c90132c89ae7ca91d069636f8165f7095379d5d912c1025b4d327c2e89c40,CLEAR,DARKNESS,DRY,FOLLOWING TOO CLOSELY,3.0,45.0,4.0,4.0
0b8692981f86576ad7dd58e7a7c9613a377521d40eb459121a2576646f831c3208232975f3b162097bc46d91ad6b94cbef9ac4f283c8654d636911fc3a961681,CLEAR,DAYLIGHT,DRY,IMPROPER BACKING,2.0,33.0,2.0,2.0
0b86a80440fe8c109ed759b6dd68e7e094c1184650a16361b0cd34f48424f35d528ec1f0d0c02e13dd45389776160d6cfcfbd1666ea22fa822c59b69bdcd7d0a,CLEAR,DUSK,DRY,FOLLOWING TOO CLOSELY,3.0,35.666666666666664,3.0,3.0
0b86cbb971ee8fb0d4000ae009b16f411d3aa6f5b9aa3a5aca35a2c4e06ec7e352cc3180f8c97d64195b1178941c1aac7276c2752b81492ad321109d83dae5ba,UNKNOWN,UNKNOWN,UNKNOWN,IMPROPER OVERTAKING/PASSING,2.0,37.5,1.0,1.0
0b86edb12e006909d975e733c056d5199599e4374348e26d951095263f8d2814dd6d1df056324a4ebec413d0e73c8cbf5954af02b67bbea9dfd6c5630532fcf6,CLEAR,DAYLIGHT,DRY,DISTRACTION - FROM OUTSIDE VEHICLE,1.0,51.0,1.0,1.0
0b870ca44119a0a764a18ca6aeedfff06796c7034e650d270963f63cc54216bbc1e72219266f667a6601eac551937def48b4fed8d1f5c228ee46339d29e0c102,CLEAR,DAYLIGHT,DRY,FAILING TO YIELD RIGHT-OF-WAY,2.0,48.5,3.0,3.0
0b871c608037fb7d146c8deaa9a47c1b25f633647991c5a85bf976c420fb95c268429c9ec6132beb9e4788a99407a4de8f39ed5817889a938ff652c37fddc578,CLEAR,DAYLIGHT,DRY,FAILING TO YIELD RIGHT-OF-WAY,2.0,40.5,2.0,2.0
0b87415ea86c1ab31f8a3d25fbea3ed9173167e5b300a6d79c6dc815ed93fabbb8db8a256be6b9356550421dbe3dfbcb2f6bef2143e7bf34d0798c9eb54e4c49,CLEAR,DAYLIGHT,DRY,DISREGARDING STOP SIGN,2.0,20.0,3.0,3.0
0b878c68ac198908b1351e876ce2fea23fbad1e3ea9073ebfd7ca5326d3d8853d6046534b8227893356b209bbfda49b7b11c1ff920e8b1318a11a3cc5b3ad41a,CLEAR,DAYLIGHT,DRY,IMPROPER BACKING,2.0,33.0,2.0,2.0
0b87b405b98b5d2551b5321b9d14ccd63b1bd7086aef9cc5c0c921dc09d2408a214d5c775308c77c5a49c8f703bba65f9da648c39c4e54d95d1f8c712c24e269,CLEAR,DAYLIGHT,DRY,IMPROPER OVERTAKING/PASSING,3.0,36.0,4.0,4.0
0b883afec1817fc52f7fd74edc9bf159750ba0514ad6b82802254acd58866f58f6763a077f3af478c8755f064a7cde1aced1c7a058bbdd8245ec412ded07fead,CLEAR,"DARKNESS, LIGHTED ROAD",DRY,FAILING TO YIELD RIGHT-OF-WAY,2.0,20.0,2.0,2.0
0b8851f4639765b546bf5318733ff3ca819ff90cecd2407e21fe2d25095e12e8c3442e0d53f737f6306a46147d22ca114f0fbd53bcaee72abeada6609cc9b805,CLEAR,"DARKNESS, LIGHTED ROAD",DRY,IMPROPER LANE USAGE,2.0,18.0,4.0,4.0
0b885a8331453de56b3e60ad8743a0fdbbdc9216013f32ef5c3af6e7ee7a6e862dff4b5d7afee0ca3b8246937e092d32f7a71996a50d0dae9792825741f3b397,CLEAR,DAYLIGHT,DRY,DISREGARDING STOP SIGN,2.0,47.333333333333336,3.0,3.0
0b885e9c6b9af7059f7909850701a2050dcd834f9ff0d0073d28efb57d23e3c5a7c8651de6f5658494090e63c43ea78b6d4cb56230f688ac6301d5c53c70edf0,RAIN,"DARKNESS, LIGHTED ROAD",WET,IMPROPER OVERTAKING/PASSING,2.0,23.5,2.0,2.0
0b8868546355969a654b484380a3964e4d0e12ed65a813e787bca22e7bc3d285f8cbed72e3282132ea6818bba1670e001bbf29952098420689c32d000a956a84,CLEAR,DAYLIGHT,DRY,FOLLOWING TOO CLOSELY,2.0,69.0,2.0,2.0
0b88f5b44d24d1b9a15fc1cc75d106b0078dea4e20f975828692c20725fa17e662ce1d28df61da9f2c5ec46af7f99e4d959ec3e8f64026a786d77f7719f68bb9,RAIN,"DARKNESS, LIGHTED ROAD",WET,IMPROPER TURNING/NO SIGNAL,2.0,35.0,2.0,2.0
0b8943a882fcbc897d8e21b8c86974b3be9b0b7d7d9226f21db57921151bd1eeef00db0cb541ceef511d23730470fa39335a6459123ac677d6332d1507f35afb,CLOUDY/OVERCAST,DAYLIGHT,DRY,IMPROPER TURNING/NO SIGNAL,2.0,40.0,2.0,2.0
0b8951bcb7e83fa6f3f4257178ae6bc8274f46efee3657dac90293dd55890ae23976333b50e31dce7d6399f7a0b4109e606db62a9b9e491ed89e6f556bbf146a,CLEAR,DUSK,DRY,IMPROPER BACKING,2.0,20.5,4.0,4.0
0b89ecef7066c49ee70980f1e53a18db388a1cdf2a5dda515ab2a4aae94ce8bcf828cbd25c73c015a46c73739febdd7eea1379e36670472909ddbace44641464,UNKNOWN,UNKNOWN,UNKNOWN,FAILING TO REDUCE SPEED TO AVOID CRASH,2.0,36.0,2.0,2.0
0b8a1ae679f53c723ac906bf0f1abb7bf50af04737e5ab51171e1bf112447c2b82bd0efc9db9d171242b416ec7418f0b9aeb0c5fccb03bddceaa2071580f1b3c,CLEAR,DAYLIGHT,DRY,FOLLOWING TOO CLOSELY,2.0,26.5,2.0,2.0
0b8a1f3ae18c60bbfe6bc0e0ceac4c37dc94dcb79957cba55f801ced76702f674f7ed23d027bf3e047f5e2ce7d2a38fdb97f4f2b2596337721b2099d827a5f15,CLEAR,"DARKNESS, LIGHTED ROAD",DRY,IMPROPER LANE USAGE,2.0,37.0,3.0,3.0
0b8a3dc8a7042615c5e4523869f432f1c1d6a8a912dfa9c3e64d80a3041dd27d0e3b2c2a39b31cc2219e79ae9b50756abe69b810d5caebaba90334964eb49994,CLEAR,DARKNESS,UNKNOWN,DISTRACTION - FROM INSIDE VEHICLE,2.0,31.0,6.0,6.0
0b8a49d7762db1bb627ec96a5dc5e9ad1b02f25580bb851fd43d12d9284a36728f861ca821bf01bac286481e722e0b77500ee0deec6c2c815e8d7c4ab524f5ef,CLEAR,DAYLIGHT,DRY,DISREGARDING STOP SIGN,2.0,37.5,2.0,2.0
0b8a716c02fb2d7b91c62b62017d49220708cc3b2e0c6bd067cb7aa54160e8a1bdb61e4a1ae1fc61bac62c1486aa7550c84b05b3b4fb30d35116a1fc94ec5ba9,CLEAR,"DARKNESS, LIGHTED ROAD",DRY,FAILING TO YIELD RIGHT-OF-WAY,2.0,31.0,3.0,3.0
0b8a8f30c37e57077d0cedbba003e26695fce3067deaa4bf8f265eb2e08083015e709686af18abb5fa7c881fbcb8253738f5bf14839104274bd6a614b50d1474,CLEAR,DAYLIGHT,DRY,IMPROPER OVERTAKING/PASSING,2.0,25.0,2.0,2.0
0b8aa600ad3a477e7778b752a70d01f63e89092b8f7017634c2d192a6cc4a5e80b34014dccbe35fc7b028ed398ee42b73003881556205dac0708d17ffbc07346,BLOWING SNOW,"DARKNESS, LIGHTED ROAD",SNOW OR SLUSH,WEATHER,2.0,63.0,2.0,2.0
0b8b166410562eebb89b461764ecc73ff711feb60f916dbaa01943e054a8d891797a16c589508a85e7e5c9d07d1a3eef08ee3aab6597768cc16fc22ede15d4b1,CLEAR,DAYLIGHT,DRY,IMPROPER OVERTAKING/PASSING,2.0,47.0,3.0,3.0
0b8b35324c0f2adf4f71c1d641372cecf3ff7586d20c417b95b372c835980199ef993fac6dcb344032163e2b4b087266c4c6f2c7653693af38cce9c43bcd863c,CLEAR,DAYLIGHT,UNKNOWN,IMPROPER LANE USAGE,3.0,41.0,3.0,3.0
0b8b8f285c5f65abd98bc5990678d60b4dddc6c8c1f620f7e9f1a1380c9314b37ae0119634feb4a07096a3af20a9a0822c5f3151dd9456d14f0c22817b82997d,CLEAR,DAYLIGHT,DRY,DRIVING SKILLS/KNOWLEDGE/EXPERIENCE,2.0,37.5,2.0,2.0
0b8bb8de936bba8470e055bdf8dc692a397822ab30568c3bfb1cbbec0a859eacc5b70b9e8216bae5c5cdd0f77dbd39977d32dc4ccfe4009f170e4eec3b18a1ef,CLEAR,DAYLIGHT,WET,WEATHER,2.0,34.0,2.0,2.0
0b8bbaa3dda27fe197b5027dfb49c744b7a3376100940fcce3b8c5c57973dadc9920355a47e679415eae9e4eb958602fbc68149f8c9ba9be27fac36d4976468d,RAIN,DAYLIGHT,WET,DRIVING SKILLS/KNOWLEDGE/EXPERIENCE,2.0,31.5,2.0,2.0
0b8be829ea2f33adbc1298f6b2b06b79fddedfc9c60c436d1e7d62750372c911e1967e85e925bd507cd8a4e11668ee57ce7e42c3ec68561c0299e6e0f67a38ad,CLEAR,"DARKNESS, LIGHTED ROAD",DRY,IMPROPER TURNING/NO SIGNAL,2.0,29.0,4.0,4.0
0b8beccd5686b946df5aa751d938bed07f0748680b843884bf686cd65d27ad7c7117a55c6110955537b5d436ec1953090888ae4b1c6ae54f64794703e2315447,CLEAR,DAYLIGHT,DRY,"OPERATING VEHICLE IN ERRATIC, RECKLESS, CARELESS, NEGLIGENT OR AGGRESSIVE MANNER",1.0,16.0,3.0,3.0
0b8bf12f0536333f6a94c3f1845fcad7231fbbae9d17699476917022ebd0bc89216869f6eec912f10e937fbae745f6e515a7f320c4641c3bdc096cc53422b9cf,CLEAR,DAYLIGHT,DRY,FOLLOWING TOO CLOSELY,2.0,53.5,2.0,2.0
0b8c07c8244aa47cd1f1c61a4e5b8822488ce63dccc96613ab86ab82bba743aa8b92b7e28c058a5f717f25f7aa8d25cfd4d0f1901d92fc3cfbd9f27d0d67b071,CLEAR,"DARKNESS, LIGHTED ROAD",DRY,IMPROPER LANE USAGE,2.0,38.0,3.0,3.0
0b8c20d7470597cf95ddfb6dd151f5abbee0f8c61057bbf1b7f8b4b1449c577b6befd878297416b0235b1253f35639b5ef3107d434cbe829038156255d0b9fc3,RAIN,"DARKNESS, LIGHTED ROAD",WET,WEATHER,1.0,25.0,2.0,2.0
0b8c4d46cfb06bd3466f2dd5ba3f3449d35b1a740cb9042075455a5c2b300cd2dc0d2c4a7e268ab78dea1e79048853d562db3040ec017f61cb4d02ad91d2ef1b,CLEAR,DAYLIGHT,DRY,"VISION OBSCURED (SIGNS, TREE LIMBS, BUILDINGS, ETC.)",2.0,57.5,2.0,2.0
0b8c8bc5a0a24d0553582391c0e69a57821791290f32c1f627622e8b2945720cafec8b101fc7f1cb6e2c37ba2be1e4013f4f00139ab3ade1dc278e5db6e41f9d,CLEAR,DAYLIGHT,DRY,FOLLOWING TOO CLOSELY,2.0,58.0,2.0,2.0
0b8c8dad9712cf8fa3074150f2f9093d214d6b7612660c818abcae55f8f0a20bd35ad8e395e492225f69c7787ce8166c2bae342a94dd19e266ede47b2d95c619,CLEAR,"DARKNESS, LIGHTED ROAD",DRY,FOLLOWING TOO CLOSELY,2.0,47.5,2.0,2.0
0b8c94e87ab1b00b94540aaa03587786e53fddd052b4bf27636fe029cc2cf0c4aabed11ea54cf404e99374b8051e43c23bef77959b1d24ef52b958e7991377ee,CLEAR,DAYLIGHT,DRY,FAILING TO YIELD RIGHT-OF-WAY,2.0,22.0,2.0,2.0
0b8cd4592222fc7ef58d911aa8d7236f8208d38c4ecf37c3ad8f8b1374e243769528732946a21515f27596c32094891c595921f6ea1fe9f77c73b1672e13efb9,CLEAR,DAYLIGHT,DRY,FOLLOWING TOO CLOSELY,2.0,47.0,2.0,2.0
0b8cdd79d8709bc757b208dffa14ccc362cdf5dc10789facb69edbe3fb47c40268dd70814051f528e5910c0627d72babfa735b18b742b8fa1ce26345c4f6efb4,RAIN,"DARKNESS, LIGHTED ROAD",WET,FOLLOWING TOO CLOSELY,2.0,19.5,2.0,2.0
0b8cdebeb85832eb940d8f24b9820e39f5c33abd916ad914851ae84b6dd7d74996f28d3657cec7aa4e58d4d9085ff5443d3775670e81348280559c994a01dc86,CLEAR,DAYLIGHT,DRY,FAILING TO YIELD RIGHT-OF-WAY,2.0,58.0,1.0,1.0
0b8cdf5517a9ff0f24b4212a705222dab6388f917113a8230cc17e067979c0a9a1a31efbca3dcdd1c284316068d982013b15709c881c35fabb46fbe05b65b3e4,CLEAR,DAYLIGHT,DRY,FOLLOWING TOO CLOSELY,2.0,25.0,3.0,3.0
0b8ce0658f1c5e4875b066f32185d5981d71b8a822fe264d848e2dbbfa3a118b8729d4a8905d3073f68516bec2aa9da5a716c8034157ea5a0ae30b8cefa2d098,CLEAR,"DARKNESS, LIGHTED ROAD",DRY,FAILING TO YIELD RIGHT-OF-WAY,2.0,36.5,2.0,2.0
0b8d25b0c94286b265a7f32360b2492c0486367c882fe3beb74286703875580cdc0ec935c25140a3b17d2682ced4a8da2df7e72d5346836103018cd788307d7e,CLEAR,"DARKNESS, LIGHTED ROAD",DRY,DISREGARDING TRAFFIC SIGNALS,2.0,26.0,2.0,2.0
0b8d83534982bfdc3e9b88cd825965980925f131bf9ea6273385f0d926fb45b3ab1435f85375e09796811ab65f42a5820a8cb510d84b93eeb9932011841f2ea2,CLEAR,DAYLIGHT,DRY,FAILING TO YIELD RIGHT-OF-WAY,2.0,31.0,2.0,2.0
0b8d8608e55fc4f9724b5ceaffb366191fc1d612ac5583ac37beec3cdc329387505755164d7aa7b732299087a524f98413e3ad0f7de3c878734ebb3a94277e29,CLEAR,"DARKNESS, LIGHTED ROAD",DRY,DISREGARDING STOP SIGN,2.0,24.0,3.0,3.0
0b8d8f347175edf6cb985d7cf9bcb16be37758105d3f36ae685c87f92d473d61b9349f96392e0e7bdc8879a9d408e484169b198d3dc56d09e0b412b5bd1ee1b6,CLEAR,DAYLIGHT,DRY,IMPROPER BACKING,2.0,30.0,2.0,2.0
0b8dbd92e1491e26d209884f126c8101c2c60a57d88150596f800905dd5d7175210cb69587996b532d3f39fd5c930955167e1768cc43ad96aade3265eeef2d1e,CLEAR,"DARKNESS, LIGHTED ROAD",DRY,IMPROPER BACKING,2.0,26.0,1.0,1.0
0b8dd147cc3cdf1d62d70c4e2f376ce8b18d222b7d5548c80a55586fcb9bae6cc6cea113fd92d1f9f58470f67692b2aededa749b751a1022a143b05d15c50f9e,CLEAR,DAYLIGHT,DRY,IMPROPER TURNING/NO SIGNAL,2.0,22.5,2.0,2.0
0b8dd32fc524a42fdf1a89534a662ede7f80152d893dc590b9d9a6c540634cf503e0aa6e6919ee73dfc964a57eebed4f38063185e662eee5351dcb22f6f962e5,CLEAR,DAYLIGHT,DRY,FAILING TO YIELD RIGHT-OF-WAY,2.0,28.0,2.0,2.0
0b8df79e00c1c39d8b4d19bb50bd9ee72cbb9789c7aae20641713c0f8b794521123f9ca3f692e8767064aac9a7f9aabbd12ce702087941206e388021911dbf53,CLEAR,DAYLIGHT,DRY,FAILING TO YIELD RIGHT-OF-WAY,2.0,37.0,2.0,2.0
0b8e084653c8167912ebc979dc9506d7bbc2e17974e1478650bd89e40105658d4bdf9c4dd52dd5c060765513c6e197c401dfb13f8d040e8317184b9dbf48ce59,CLEAR,DAYLIGHT,UNKNOWN,DRIVING SKILLS/KNOWLEDGE/EXPERIENCE,2.0,37.5,1.0,1.0
0b8e10cbed25a564993fc1141792d3e21bc0c6ab1a2786ee53e660521703842b7803c6d17d4405074e9ae7af12214d4b359a7d1b12bd2c18c403e07363b8b710,CLEAR,"DARKNESS, LIGHTED ROAD",DRY,FAILING TO YIELD RIGHT-OF-WAY,2.0,44.0,3.0,3.0
0b8e2204fe6415c2a2a54697cebd8e381e02363986afaf8dbb455e8bcf8024eb5f1e1eb9a04ecb4fd1e0f00eaa66daf0ed57db4e1e7c0c5ceb74347a9b5e195b,RAIN,DAYLIGHT,WET,TURNING RIGHT ON RED,2.0,22.25,4.0,4.0
0b8e4589117fa5ca0e78b0c10c9bbaf763513b4ae4840146b61df7c0142b07806a24e84ffbb07048a53a61766a238b71ade584a55f620787761315e04a0d5d68,CLEAR,"DARKNESS, LIGHTED ROAD",DRY,FAILING TO REDUCE SPEED TO AVOID CRASH,2.0,31.0,2.0,2.0
0b8e66f5877348d8e195f3e8e61f405fce5aa2bd442a5ad07231c35303eb8890641b23a2e4c07c7dce64c489a428f2a757c1c46e590f75dc10709cb0e7a1446b,CLEAR,DAYLIGHT,DRY,FAILING TO YIELD RIGHT-OF-WAY,2.0,27.0,2.0,2.0
0b8e6d99b3441a87a1667399a56d7319ba0ddf22f58376b9c3d511d782e74236762f319c3ba3877d1acb7b50e91bc5a53d7265a8e6dce4daf7cb034b841c6905,CLEAR,DAYLIGHT,DRY,FOLLOWING TOO CLOSELY,1.0,54.0,2.0,2.0
0b8e809085b50e9dd2a0a4ea2b8118d4d66318446f76595470201d35b4192390fbcaedc098f06bd6b9c14f7a424039dbab8a258adcba25567c4ec73fcb3b8c12,CLEAR,DAYLIGHT,DRY,FAILING TO YIELD RIGHT-OF-WAY,2.0,37.6,5.0,5.0
0b8ed737e8512623a1fa1686b1e341039c011a98f7e849beaea62359f9e84c2e269a19fd17d0dfba5db8651437d22efcaf73690aa7f16659640202d6aa24b64e,CLEAR,DAYLIGHT,DRY,FAILING TO YIELD RIGHT-OF-WAY,2.0,48.0,4.0,4.0
0b8edb8a93cee562895b1b6443cc933781b8da7094b81af999056dbf587504369e5504ce0e935ce0b99b809f3e0c3e91199c6335423e89536e9ea823dfbd4e7e,CLEAR,DUSK,DRY,FOLLOWING TOO CLOSELY,2.0,48.5,2.0,2.0
0b8ef96354801ab0af8f059cb2fcdcbbedf41ae12d5ce0d7df48a9ebc98ef4ea257078b5c27118ef2cf063ae455c7b7d23da069affc56b316996b8c8a7734656,CLEAR,"DARKNESS, LIGHTED ROAD",DRY,FOLLOWING TOO CLOSELY,2.0,34.666666666666664,3.0,3.0
0b8f16882f3d86d31078d68e20817469374719c20f6cce4ddf849634f3534da4135b25537ec3128166ef242df3ba8d5c81805beea6e571ecfe6590dba4cc6b90,CLEAR,DAYLIGHT,DRY,IMPROPER BACKING,2.0,22.5,5.0,5.0
0b8f3fb5b5712de22daa4179911fa6a1e32d01fef7c96a2f8c4963e637b225a5e2ecc7a895cd4f14653ed405c455f6cac0c1cc23c334c82c2f2234de50683021,CLEAR,"DARKNESS, LIGHTED ROAD",DRY,IMPROPER BACKING,2.0,37.5,1.0,1.0
0b8f6805687a5474d282d4cde65fd1ac733af040142e3d9201f3560d7205157fe24fbf49705c9ea835c0126145082a35410ec31926355add60f0a8b4f408104f,CLEAR,DAYLIGHT,DRY,DISTRACTION - FROM INSIDE VEHICLE,2.0,30.5,2.0,2.0
0b8f84a88324d68a90c494667d0984d81950e6649f45385d23a35f1c588a3a06f327aecbc6fbe2db687cda2f4cc1f11b16b4b1bd4cd7847477d220a11d87c416,CLEAR,DAYLIGHT,DRY,FOLLOWING TOO CLOSELY,2.0,25.0,2.0,2.0
0b8f91d7d1e4bf1c4b3698b753c90255c6c318dc26ace04bc358c7beb9c1230bee3ee1b2324f8a110af68a2b29c566112a479abc98406fa93acb31c403ab3375,RAIN,"DARKNESS, LIGHTED ROAD",WET,FOLLOWING TOO CLOSELY,2.0,37.5,2.0,2.0
0b8f94797ccc39a0ff354cffee6e53c21dc8b3e91e8cbd462e2595290dc8f54c5393b6fcbcd9b34c9c99a0e7d39ec52940d48a6f6a73716b19e6e9a7b904b420,CLEAR,DAYLIGHT,UNKNOWN,FAILING TO YIELD RIGHT-OF-WAY,2.0,45.5,2.0,2.0
0b8fd4ee3182b792b221f24d43f58e99ff364a43d842298661649c5492b9254fe45ec3fa8a89143a3208ba51a0f67ed95b3b0cdd0490ca839c784a698f08f92f,CLEAR,DAYLIGHT,DRY,DISTRACTION - FROM INSIDE VEHICLE,2.0,29.666666666666668,3.0,3.0
0b8ffd84b52673ec9fb19d80573d3324ac32dd7970146106c22fb88584ae0ec132f58befce5f2b809cd1f4b4ec5f5ecc05778c4e4614c2907dd3029319e83907,CLEAR,DAYLIGHT,DRY,IMPROPER LANE USAGE,2.0,31.0,2.0,2.0
0b8ffe0a447c80015927c4b5f2e10d445cbaa6c94c4cf7119900fec3867e93a2c6db9fd875801eac5fb3e4fbd0f4510d59c9c022a53088c83d1c9928eb04a1cd,CLEAR,DAYLIGHT,DRY,FAILING TO REDUCE SPEED TO AVOID CRASH,1.0,75.0,1.0,1.0
0b90251c63bb5dc4abeaf2fa1f88a06e1f553782165cc57eb92914cd7d6c097b0513cf6ffdc8e6578d1c1194315b7aec78e72c87ddb29a99f4bf393097d1682b,CLEAR,DAYLIGHT,DRY,IMPROPER OVERTAKING/PASSING,2.0,48.5,2.0,2.0
0b90d2f4de8ece5868e82a5bdf270273980c70b90659e164c1d3f56cb2c949bd80f13690fd0841fcc7f0e0569263c293a6db00d0b81afb0796e43b89e69f7269,CLEAR,DAYLIGHT,DRY,IMPROPER TURNING/NO SIGNAL,2.0,44.333333333333336,4.0,4.0
0b90d7d8c0d98c78f39f6a09263290fe866c54ccf9942306b1648c4b00168032fe232c4aac126fb3ed7ad552d50f47aa80506c7581bc5b31cc4ce1a5ad8728b2,CLEAR,DAYLIGHT,DRY,DISREGARDING TRAFFIC SIGNALS,2.0,31.0,2.0,2.0
0b90f3b9908293d77d9e6e3ba36236fe3341a51e56d61c5b4863876ec8a2488c1d542a16e835d0808d5aca1478520876776b1083b475acf04dc22e353356e27c,CLEAR,"DARKNESS, LIGHTED ROAD",DRY,FAILING TO YIELD RIGHT-OF-WAY,2.0,40.5,3.0,3.0
0b90f6480376400c12649e9acaa838e59d12cdf69e48f88465c9f4119bf95eabe4e5e761b227bc2c132935b76f4b32c754a64cbe4b20bfdf42d92aab85844852,CLEAR,DAYLIGHT,UNKNOWN,FOLLOWING TOO CLOSELY,2.0,68.0,5.0,5.0
0b914f6aed7b70d3aa86b976658310d8a29269833c61cc1dfdb9e909ed141998ded8a8db880e3adfa29ccffc93ede46e53818f2b6abca5fee6df196e3fa007d7,CLEAR,DUSK,DRY,FAILING TO YIELD RIGHT-OF-WAY,2.0,42.5,2.0,2.0
0b917027087f73d4b6bbda937b17f57b5a74dde4f39ab5af914fb02bfda7b4aff25c88b84eecc927867348d7fe12c28c28e15dfd35516f377f531fdea66774e6,UNKNOWN,UNKNOWN,UNKNOWN,DISTRACTION - FROM OUTSIDE VEHICLE,3.0,22.0,1.0,1.0
0b91839c1bf1c6510a4b85f340e0c67314ec6a864a8ac003a2908b532c6d14329baf0a2c490e29fb742594a9812a3a2b8a4122d3fb7fba364270b53cb5758130,CLEAR,DAYLIGHT,DRY,IMPROPER OVERTAKING/PASSING,2.0,39.0,3.0,3.0
0b91a0eef012d4b73ff8f9915314ff3c56551dae0c5f80ff760dca9bc16d63a703397e7eb195ea0bd0de3566ad6c04d27a7a4885a50574ea88301bb861fdc4d7,CLEAR,DAYLIGHT,DRY,FOLLOWING TOO CLOSELY,2.0,65.0,2.0,2.0
0b91b2a995a503167f4daecdb6de2acc44889f03b53da93321d2223a53f2b904210c5e7de2dcdf8f28c7b1e9fd33778dde5083a9978c4ccd900e7f88eabdd538,CLEAR,DAYLIGHT,WET,FOLLOWING TOO CLOSELY,2.0,41.0,2.0,2.0
0b91de2ab7330b746b9a7e83f1b928076e262d5beb1214a9b85b256adcfd2236f1a7d72c05b80c35bd618f4d8ad3f61aaca6a931084f985c814661c4673bdd7b,CLEAR,"DARKNESS, LIGHTED ROAD",DRY,DRIVING SKILLS/KNOWLEDGE/EXPERIENCE,2.0,37.5,1.0,1.0
0b91ebd0f7b219c136d73bfc8ad14e9c3195689844683afd7a652692125f0f1ad06358b28bc0bb0f3eae4d3d7cebbfdf14f43d95249ad243321d1ccf4dcf2a45,CLEAR,DAYLIGHT,DRY,IMPROPER LANE USAGE,2.0,75.0,2.0,2.0
0b91f715d78f0483e4e954c89b0a50e66a3de1cae1c43c67f61e7d25b448745a47bcb6ac2d8047f41d42f97e1c5fc398dbaca9e69d69519b222cdca7fc80cd6f,CLEAR,DAYLIGHT,DRY,DRIVING SKILLS/KNOWLEDGE/EXPERIENCE,2.0,20.0,4.0,4.0
0b920572b3baea570d546335e29cfd301c09eb1149cc65ce95c9a86193f21e39c6aeefbdde8a38b383c92628c0e8349b6f073807c7a5f95fa9a792510ba48e10,CLEAR,DAYLIGHT,DRY,IMPROPER LANE USAGE,2.0,24.0,2.0,2.0
0b920ab243363a86dd467562e8893e3df027614bb94af2c16399b9263346f2aa3c802ee13ba112f8f5944764a9eb7bf6b52350a3790a4dbb9b67a82003305e10,CLEAR,DAYLIGHT,DRY,DRIVING SKILLS/KNOWLEDGE/EXPERIENCE,2.0,22.0,1.0,1.0
0b9271dbe333a4d5d0095919bc83cc9a695e6f530d6b9a193aa3da41239ab4d35198668ccbbb96a341047c9e76b6003098f2ba7b10e6ac67b00b17c2c2e8742b,SNOW,DAYLIGHT,WET,FOLLOWING TOO CLOSELY,3.0,36.333333333333336,3.0,3.0
0b9298bbfd18665354ac570b20cdc1c1f69915dc897230054cf6cc3c4b7e5ab6bfb40206b8610b17177932955e1c557d06a716ec8d4669fbde5be3ef1d967759,CLEAR,DAYLIGHT,WET,DISTRACTION - FROM INSIDE VEHICLE,1.0,37.0,2.0,2.0
0b9299ae7cbd61faa605b0215895c0e1272631f17a8be343958bcbb699243b93046b117fe446d80dc926395587b4de3e5b4db2623b7eb0e178d8123e3a59d4b5,CLEAR,DAYLIGHT,DRY,FAILING TO REDUCE SPEED TO AVOID CRASH,2.0,61.0,2.0,2.0
0b92a30621e696907848d56b89d483218b1777f66945ec0fc6861870c8d9789c015e31472c5640d2a90af07311ca9c56b62a9449529f38148883cf08483de973,RAIN,"DARKNESS, LIGHTED ROAD",WET,IMPROPER BACKING,2.0,37.5,2.0,2.0
0b92e88ca03f0a327d68ad195b7dfb46653c720079d9cd5eb3dd675cfe8fca54e62ad906c027591e0ac5d0b91fd646eb2e29a72bf06091e5cfb95bc57e53f7ad,CLEAR,DARKNESS,DRY,UNDER THE INFLUENCE OF ALCOHOL/DRUGS (USE WHEN ARREST IS EFFECTED),2.0,38.0,1.0,1.0
0b92edb93182ff10b6caedecd886dd3047250db6d1e27582a29cc6a1228125c5c685e63dddee4d6a861ef81ada69871fc8b046c059e3cf80c8a905cc2eefafbd,CLEAR,"DARKNESS, LIGHTED ROAD",DRY,IMPROPER BACKING,2.0,40.5,2.0,2.0