crash_record_id,weather_condition,lighting_condition,roadway_surface_cond,prim_contributory_cause,total_vehicles,avg_driver_age,total_people,total_injured
0b9306fc621c7e75bce295dab438c5c0659c00c53ef36a96e051462f7da07120faefea9c3648813f0c830e7016cfc38919648df564d42941121030b77381122e,CLOUDY/OVERCAST,DARKNESS,DRY,DISREGARDING TRAFFIC SIGNALS,2.0,30.0,5.0,5.0
0b9311439ef51ffd0471a0612bbf9d9edc1b35771e3170e3128feab3c44acf61dce539587adc745f24ff68e0066804b9da95322ec4da5ebc4f865edf3964b631,CLEAR,"DARKNESS, LIGHTED ROAD",DRY,DISTRACTION - FROM OUTSIDE VEHICLE,3.0,35.0,1.0,1.0
0b932bd7b7b7e1be0da0ebf46152887c1bc228a4d33bddca29939e746bcf06efef3a80d6f11fcd9e795d0fd8c6c0b35099301552df47f6ffd82212d746e4629e,CLEAR,DAYLIGHT,DRY,IMPROPER BACKING,2.0,49.5,3.0,3.0
0b9332bfb22353d3ba6fc1c327f94093dfe9a08b70b65a0fb767625d5a4e39760795e75175af3716e6620589954314127057c2c53211a5722097d2f7ee222f97,CLOUDY/OVERCAST,DAYLIGHT,DRY,FAILING TO YIELD RIGHT-OF-WAY,2.0,66.0,3.0,3.0
0b9342a4a3deb5ec6328ca086380d51349f2533785279eadeb8bec495f836abbb6cba9814ac5e10ebcf2cddaabd21d1a0417b03a6ac3befeafcf09162eecd4fd,CLEAR,DAYLIGHT,DRY,FAILING TO REDUCE SPEED TO AVOID CRASH,2.0,32.666666666666664,3.0,3.0
0b934b89ad2e6920b0a769d3e7771f610380cc4b26e17c6cd52765bb566a6133399c75fa87a569d0e3c4f62086799c7810a26f36a4d7dc2351edfdd2d18daf4e,SNOW,DAYLIGHT,SNOW OR SLUSH,FAILING TO YIELD RIGHT-OF-WAY,2.0,37.5,2.0,2.0
0b9354714680e1593342d48eff453c6f6e92db2834b492281508248e46df53d59a3b1788b8ac28db84bf0304bde5ffcf1084a6ba816a40e0c03dd3ab52d69c3d,CLEAR,"DARKNESS, LIGHTED ROAD",DRY,IMPROPER OVERTAKING/PASSING,2.0,37.5,1.0,1.0
0b93960b658d404735b4da48ab2290b9b5776df90d93e7d9cdde59890485b98f27e9b2a82023bfc7a939c05cc68684fc8a14e92d777a19d117678f7b5de87ec9,CLEAR,DAYLIGHT,UNKNOWN,FAILING TO REDUCE SPEED TO AVOID CRASH,2.0,37.0,2.0,2.0
0b93a8762dd9853c9ace5578a88d34261b831bb9955259498d9e3bfc8a44a1e86e46d92c4787203a3d15dca0caea93ef8995fa98ffefac33fbeba4dfba0ec676,CLEAR,DAYLIGHT,DRY,FAILING TO YIELD RIGHT-OF-WAY,2.0,44.0,2.0,2.0
0b93ac753997cacf719f54a6cac1c1013f3e4f85c1a49425815849efd7c9ef7bfc23aab36cc9f2d115581eee29a47b642d9c90481a3bb44aa7fb80e6382d9005,CLEAR,DAYLIGHT,DRY,FOLLOWING TOO CLOSELY,2.0,22.5,2.0,2.0
0b94118b2ce791041de6b4587a23df418662aca18322252967134b26847cd0ee42e0d5332058ee1bb1e345af466bd42f12f60731394dbbc9cebc5ddd26da0e63,CLEAR,DAYLIGHT,DRY,DRIVING SKILLS/KNOWLEDGE/EXPERIENCE,2.0,31.5,2.0,2.0
0b941f60bdd2957235e910c5c04a08f950a794eef2fe75fa52cb1f1130a124be3098645d5554ef4aa39c78268c7d3eef89d24fcc99721c615e8b9e40e878aa2a,CLEAR,DAYLIGHT,DRY,FAILING TO YIELD RIGHT-OF-WAY,2.0,24.333333333333332,3.0,3.0
0b9422d7748bdb216eabc466f1029112b34b07624a3e41ec043f53b2f8eec344eb1666f6ebef02b4f189088d8f04f6fa8c57891f08365ef2b4de969ce4b5941d,UNKNOWN,DARKNESS,UNKNOWN,FAILING TO REDUCE SPEED TO AVOID CRASH,3.0,24.0,3.0,3.0
0b9426f9a668937a68c7cf0ffce9eac0dd44b25f911304d4484f93a58d453f540c5aa852272457ad566b97d473116066fccdbc6cc64b8a6e90b831df1f4dd342,CLEAR,DAYLIGHT,ICE,WEATHER,2.0,26.5,2.0,2.0
0b94803875922605c7b2f2cf4c44854ddb1336a7cdb0dc3f85f281dbdde29b779ebb9ad64225154ce9818f917ee6464010dbb5ce0df4979382e6859fecea2506,CLEAR,DAYLIGHT,DRY,FAILING TO YIELD RIGHT-OF-WAY,2.0,50.0,2.0,2.0
0b949e07ba157cd1052681573e540fc0005e6fb98fd68d8a9e16cccb4aadf24d10c29ecd0c03fdb8dce26e0b4b257f783fa68bc9e83a76ba624808163dc8545d,CLEAR,"DARKNESS, LIGHTED ROAD",DRY,FAILING TO YIELD RIGHT-OF-WAY,2.0,50.0,3.0,3.0
0b94ae34e728f9fe89b0deed5453e01a3da1c34e26955977cd8c177d06d711f016d13db72273400e488aba3e45d02c17b9ab17e3e5af941f204231236bbb4ae2,CLEAR,DAYLIGHT,DRY,FOLLOWING TOO CLOSELY,2.0,50.0,1.0,1.0
0b94b47b668c1ce710d2fbf4080ba62bad94b360ce01609d3efd879ea1c2a3f368b3c69ad9657a044389b8930a9a631f62b9abb213d6e6e17d3f3d1796b2253e,CLEAR,DAYLIGHT,UNKNOWN,IMPROPER TURNING/NO SIGNAL,2.0,57.0,2.0,2.0
0b94cb2ef5d2ec1b5c900f065076062fa8a21864d3400e210c1342c2e19a2b7c1b3f247a7a1165f9067e9bb6d7f6c42ab513c0fdcb34571cd9bfb4c89c0f904b,CLEAR,DAYLIGHT,DRY,IMPROPER OVERTAKING/PASSING,2.0,23.0,2.0,2.0
0b94dc9d122c29a0e92aa3656eac70dcf4c2b4fcf7680c10e7a2d9be6349761c1c6e42b97c35f55c6164aaf9bfaa8a8a3ff52b30b71fa8978b1d6cd2853a3f1f,CLEAR,DAYLIGHT,WET,FOLLOWING TOO CLOSELY,2.0,43.0,2.0,2.0
0b94f5790113ac98b984a24144bd60028b9354c0d8c684ef1a0018238936d60ffe2a697ce51ecf4f3a0ebf13588d680fc7a79e847e407e2cda0639ad4dc4dce1,CLEAR,DARKNESS,DRY,UNDER THE INFLUENCE OF ALCOHOL/DRUGS (USE WHEN ARREST IS EFFECTED),2.0,29.333333333333332,3.0,3.0
0b9502c55d69b908313d79a039544ef29dfc61f0531a37b26971bdcf826bec14489db5046efbff47b0f075d46294ae96b0fe80925667f024bb4e6da309c6fac0,CLEAR,DUSK,DRY,FAILING TO YIELD RIGHT-OF-WAY,2.0,35.0,2.0,2.0
0b95324e8b9319f7959f189084c30c51ee252fa140332ece65c26bbcf2af8798652c86f0afa87dce07046ebd9c8f007008df4f0c900a82d79869bdc5e93f721a,CLEAR,DAWN,DRY,FAILING TO YIELD RIGHT-OF-WAY,2.0,45.5,2.0,2.0
0b954bbc0d99678383fdfcebfee907bf91b73966e1d014a6ffb02d99d265e6ea103d12cf5364b3e01b8d94a764e21c4c912c9e5fac252c1c07db087c28dfaeb9,CLEAR,DAYLIGHT,DRY,FAILING TO YIELD RIGHT-OF-WAY,2.0,50.0,2.0,2.0
0b955b99db82952c748bf838dbdeff41c871b41204f4edfe68f83d137f38c57ee024fd0a6a799e88fe06ae71048a8cafd6f87a1392c4a99b5208f8bbcf336a7f,CLEAR,DAYLIGHT,DRY,FAILING TO YIELD RIGHT-OF-WAY,2.0,52.5,2.0,2.0
0b95671369de5eeab574fa4cbed9846264003b009710f345f67e062c419896ee17925e413956dffc3f51c6b295b66a2dc6d70572207b2305fc52c8651f7153a8,CLEAR,DAWN,DRY,FAILING TO YIELD RIGHT-OF-WAY,1.0,32.0,2.0,2.0
0b958dc80eb79d421097d0449e267f667c7cadea1eddc1a6a289222c523ff2b590ab6edfe45687db9f55055f1388e03332f001be341db3c8b9ab54faea9cbf5e,CLEAR,DAYLIGHT,DRY,IMPROPER LANE USAGE,2.0,37.5,1.0,1.0
0b959a482176866083fb2cc40b9a957c47c4c90538d1493fe87640a212e94a21bf0b63f571413a17b51a4f31c96ce686bc980dbb4c1a1ecec5fed75201dba171,CLEAR,DAYLIGHT,DRY,IMPROPER TURNING/NO SIGNAL,2.0,43.0,2.0,2.0
0b95cdd04481fff7851877fd29c4610dc08ff99feafdd89bb5e3f8ea96b753e275f4ec4731a63f5ec7a80cc2ed2ecb7bcf93797ce281a21659e1ce9544d22a55,CLEAR,DAYLIGHT,DRY,IMPROPER BACKING,2.0,33.75,4.0,4.0
0b95d1c72e51ec02d596270f831346af36bfbee27e66d37db1be12a39ce3511d71487f78c0b6ae96a2377db72a19c7f2849e1058c9cc48b901fea775dce5ae35,CLEAR,DAYLIGHT,DRY,FAILING TO YIELD RIGHT-OF-WAY,2.0,54.5,2.0,2.0
0b95e341d7e2bdec31d35055c7cc35ea9d1dd8260c5c2bfc14416fc849fa6a02e4b2f9ac80ec05a66228d25216d76c3cc55de33a1a0202931a8290b82e27e0c5,CLEAR,"DARKNESS, LIGHTED ROAD",DRY,DISREGARDING STOP SIGN,2.0,33.25,5.0,5.0
0b95eca6c1ccc6fdf72e19adf810670b8a7eb768bfeeef5a727f95a425e5b263f948b916855f60bd0eb21d744a9330e298409e05aeb7ba2e5bd3abecc0b10b1a,CLEAR,DAYLIGHT,DRY,FOLLOWING TOO CLOSELY,2.0,16.5,2.0,2.0
0b962a29eeb944bf43bb954aa5a478a746503f1f9ecff7dc3e643db5f23f0bcda1c2af725da85553ff1b6a474b13c2cf4f9071caa556cf61d99d4e26861265de,CLEAR,DAYLIGHT,DRY,FAILING TO YIELD RIGHT-OF-WAY,2.0,41.0,5.0,5.0
0b962d8c7903c025218c366b1cb699f8fee8275a9b8d119e081870269fd590eb36a5caa526f67e75de4d5a0e0c985a2506196785f6f2a72e97aa2f4feb347488,CLEAR,DAYLIGHT,DRY,IMPROPER BACKING,2.0,37.5,1.0,1.0
0b963e2d54d214039fcb12b921322fe57cba78ccb8451cba55c742844ba3e7b1ae6a2cf774f5ac734518b45b3f59d5a4e83f0492ee64c83cc8d76f711f49c84d,CLEAR,DAYLIGHT,DRY,FAILING TO REDUCE SPEED TO AVOID CRASH,2.0,37.5,2.0,2.0
0b963ffbe88c16f6378925410cd06a4e3686bed3e88ad0a6591629a6ca9e02ba951c6a2ad1ccd1dbdb4b28a85615bb737b7f35206771f0345b729142b354e9c3,CLEAR,DAYLIGHT,DRY,IMPROPER OVERTAKING/PASSING,2.0,15.25,5.0,5.0
0b966af9b1a2704789d35a506182b8b1b3958ca73b1f5e91497a9acdc7b97837e4624226b552e7b31c6a7f434869f9beb2213a560af4785117fb0c35bcbe9163,CLEAR,DAYLIGHT,DRY,FAILING TO REDUCE SPEED TO AVOID CRASH,2.0,46.5,3.0,3.0
0b969a4b90545b06202bb52261436006e179dfefdfd9ef73f6c5463e86432824496c219e0b87d3a8a098a8aba9d8e14e0f483be1b8b7c0b1d2a200ba07e63c83,CLEAR,DAWN,DRY,FAILING TO YIELD RIGHT-OF-WAY,2.0,43.0,2.0,2.0
0b96b21eea1f3bcb91d063aa99c1bb2e4cea15a978dcc04a889d497dcea9a6b86d24e6b78989c612d81c80adeadc81426668345beeea42df587ef0da0d51a5ae,CLEAR,DAYLIGHT,DRY,FAILING TO REDUCE SPEED TO AVOID CRASH,2.0,50.0,3.0,3.0
0b96c1b32ecf56345d0769ca05cf8e8e182329159043e51842c9ce4e0461a60a7f61f3b6c1783dfef33f124f2eacacda30ba53d97087f84473ff0de3ecc63405,CLEAR,DAYLIGHT,DRY,FOLLOWING TOO CLOSELY,2.0,68.0,2.0,2.0
0b96d216aaf9cc74fcab383cee66b5b8897f098b6d4a5396255552dca56c68688d6a59e623fb16e514c9117d038b32ac00f4a889e15154107984dcbb6c8d4649,CLEAR,DAYLIGHT,DRY,IMPROPER TURNING/NO SIGNAL,2.0,41.5,2.0,2.0
0b97154a33990d3eddd5665a25ed006f4ad98536f91b0db362b7a013b03cf35dc7b97f3e097fa50d2e3fd849fc5e54e2ed32ed39e001d4887475c8cd80e33143,CLEAR,"DARKNESS, LIGHTED ROAD",DRY,FAILING TO YIELD RIGHT-OF-WAY,2.0,53.5,2.0,2.0
0b971f476a5b10d89bfcb7689835788d20bf2179f4a00de0545a311f2f9f12849b6e40fd386c7b03e1731e2d4db0d61d52e57d22af669c428cc068a34f12fc2b,CLEAR,DAYLIGHT,DRY,FAILING TO YIELD RIGHT-OF-WAY,2.0,34.0,2.0,2.0
0b973d73bfebabf673db0b511918f30965ffc03ab86b42028af7b587d6744a8d720097afeedf158d523f144311b6c648061b40a2598360a00dd37df0700a387a,SNOW,DAYLIGHT,SNOW OR SLUSH,FOLLOWING TOO CLOSELY,2.0,29.5,2.0,2.0
0b9748945fda13ab7000e5dff9e4031cff750ea446fe5e8e0c00f9f0df4c600cc499a8853185aea28d9f4116aafebe5703930fd896f14c1740f546d19e5950ae,CLEAR,DAYLIGHT,DRY,IMPROPER LANE USAGE,2.0,45.5,2.0,2.0
0b9788132d410acf46d6f9c76e5190aec4cccf7b8b7429f417fc7c732f1fc53a1a9da58b4d49d344ddda9129a7f5fc63faa6c2d739e30bcb830926ef8f35bf6a,CLEAR,DAYLIGHT,UNKNOWN,IMPROPER TURNING/NO SIGNAL,2.0,27.5,2.0,2.0
0b97b6847be0d798d45733d68bc4840a36d3d34be6504c0a9798cc06e433b19451a95e50e0c36a81c75f5f8bef5f702e7d4b3a8de53c8b6acbf84de854cd3f14,CLEAR,DAYLIGHT,DRY,FOLLOWING TOO CLOSELY,4.0,43.75,4.0,4.0
0b97c1c526cfe6cc9194cd0ce366a6be405d734cd22293d1533fa58ab06715b1a6f6da8f59ac98e38705f06cc2ba1c63bac2afcddd199dd7fd49bfdcd35a634d,RAIN,"DARKNESS, LIGHTED ROAD",WET,WEATHER,2.0,33.0,2.0,2.0
0b97cbcad5aaed40da0ef1e040500be7dc1b6bd61de46ab225d5525dfb1558c9fded6ff9b6c3def138856b0e1676395c69ce1c8ebc20a507c52923fc2a6205f7,CLEAR,DARKNESS,DRY,DRIVING ON WRONG SIDE/WRONG WAY,2.0,45.5,2.0,2.0
0b97f4222f9b3b30ff0bde2a9ee64e7a054c9c788e6fa495cd1938dc4d546ec1eb8b84747a0747b4f6fccd9ce1c28ee71634d655e06cc606a43c6671873ce5d4,RAIN,DAYLIGHT,WET,FAILING TO YIELD RIGHT-OF-WAY,2.0,9.5,2.0,2.0
0b97f6d2202f3733f57e764cd27583cc86476347a0c487ab2d69c3a5746ba22fc45cef7b26f6e8417a734e5f2a2a278f19f32ff445f7110571de08f0861a967c,CLEAR,DAYLIGHT,SNOW OR SLUSH,FOLLOWING TOO CLOSELY,3.0,37.0,3.0,3.0
0b9807a6fcfcb87a8fc8dfefc995bb60abf76601ac01e04fd2c0b30e7ec90c1823afa0584c360dd96d32cb069f7a8b7ddf0b4e3bc2b19e7a1313ea72c42ceae2,CLEAR,DAYLIGHT,DRY,FAILING TO YIELD RIGHT-OF-WAY,2.0,33.0,2.0,2.0
0b981d9e7b992c47f408efa9e8d71f7bdad434382ecbe7f450e6673e203e3ad0dc8f244f822120e9b5f9acb29634ac59ffa2b109072d0ad97fa930df7a26a5e5,CLEAR,DAYLIGHT,DRY,DISREGARDING STOP SIGN,2.0,46.5,3.0,3.0
0b9823b284f11a7f86fae64bf7665ef1a4e3fa380f5dff7277f89fda68c498924a9c65f81a9f61b8af542e42c391353978a90cf1a458daa0b0cdaafd05211ec1,CLEAR,DAYLIGHT,UNKNOWN,FAILING TO YIELD RIGHT-OF-WAY,2.0,34.0,2.0,2.0
0b9826670e2e65d882dbe5d62daa0c5a4ac649ca6f5127a0404c28976f45a5a517c4e60e5928be1151fc7610a0205a606d1cd4e040a3777578906f906335d46d,CLEAR,DAYLIGHT,DRY,DRIVING SKILLS/KNOWLEDGE/EXPERIENCE,2.0,31.0,2.0,2.0
0b98303198101ef5b52b7fe9b0fdf8ce3f51973324a482ccb541ef6d7892ee3de6a5bd290ac8c63df56bdc038d2de090f272e23235f35949db3c26c45da2f556,CLEAR,"DARKNESS, LIGHTED ROAD",DRY,IMPROPER OVERTAKING/PASSING,2.0,55.0,2.0,2.0
0b986cb6329336d50fbc3788ba3f3a83735fb6b8abf4084be339fa46b0b4b4b8377062658ada69767e30b42cbc19801296a65b61846be891179087a1dd83edf7,CLEAR,DAYLIGHT,DRY,FAILING TO YIELD RIGHT-OF-WAY,2.0,48.0,2.0,2.0
0b9883aa4d7221117ec55417baa1b7a1233d4e3b5b720f3b081117b05b04902254ec553ec0437d970ca5529356eed7047cc193a90ce2b5ed45e574b84af11c1f,CLEAR,DAYLIGHT,WET,DRIVING SKILLS/KNOWLEDGE/EXPERIENCE,2.0,67.0,2.0,2.0
0b98c5fadda16b3369d3e3588a56bd197d4d41278d98908e5b36061138751a2cdb065520bfe3d7ee77c85ecf406f58919151a94035fe84dbd5ca9aea63905b66,CLEAR,DAYLIGHT,DRY,FAILING TO REDUCE SPEED TO AVOID CRASH,2.0,37.5,2.0,2.0
0b98cabfd349633ab5e0fc940084ea08526f38348b1e4a50454145eb453f2f2645dbe0531e5759b95a715907162e1ac91e691f1cfca4f15633928e0f0a0ef9cc,CLEAR,"DARKNESS, LIGHTED ROAD",DRY,DISREGARDING OTHER TRAFFIC SIGNS,2.0,21.0,1.0,1.0
0b98ff00e19f14289753ec88440ca4e47e2720075b57db6684f49b97227a2f908574f61e41a647112cfddae8433e426fbbd71c83eb16adc7b74456294e3db977,SNOW,DAYLIGHT,SNOW OR SLUSH,FOLLOWING TOO CLOSELY,2.0,29.0,3.0,3.0
0b990b0c7f11a0fcf07815154d5666f86e6baa965ee070cd60588f7cec503e2a438771d43b632b829e75737607542ddd1d95c400358e5c1b44fd2b18b64b409f,CLEAR,DAYLIGHT,DRY,FAILING TO YIELD RIGHT-OF-WAY,2.0,25.5,4.0,4.0
0b9911efc58d80a1da583281b54d9aedd24e0cc3329c1cf5ebc9d2db6553d213f355a99af7fbda387f40bc27e9f4c9808971089e382f0f720b29b5f366c0c453,CLEAR,DAYLIGHT,DRY,FAILING TO YIELD RIGHT-OF-WAY,2.0,31.0,2.0,2.0
0b992483ffd457996d69fec688a2b48cdc820a5fd3a331536d310bce5cdcd342042f54303bd84bbfca961c5c7bf7efe621db6f1fbd24a9f9fa7c7108a62ea93f,CLEAR,DAYLIGHT,DRY,FOLLOWING TOO CLOSELY,3.0,52.333333333333336,5.0,5.0
0b9928790bd66fb0e82e40951e453baca760903834a8b2711ea16b4d6f00f9a3ab0358182164bf63a55178c8e4d5ebe912477d8ad77889287eb037548680ef7a,CLEAR,DAYLIGHT,DRY,FAILING TO YIELD RIGHT-OF-WAY,2.0,45.5,2.0,2.0
0b9944942b39c9124e3aa30d2f043328c291b9eaf3c3337389f3e0bd41974af0a5f454db8bee074cace0713b2fca9287fb6d8b83be6016184d51c13424da1820,CLEAR,"DARKNESS, LIGHTED ROAD",DRY,IMPROPER TURNING/NO SIGNAL,2.0,18.285714285714285,7.0,7.0
0b994623f29c74cf0897c32fd935b36dae210832422e522259c63ac59273f153d8e79801353423c23e08fe2b410d4e818cd138f209829e4bcd65f2f73fb655d4,FREEZING RAIN/DRIZZLE,DAYLIGHT,WET,FAILING TO YIELD RIGHT-OF-WAY,2.0,19.166666666666668,6.0,6.0
0b99581735ddb3b7126b225d77ebda3e2682c410c3d6c2b546a5a7dfabfa4d650424f627fe6da9bd2190d44027c1d5fd95cb75387acc1fd589d8fb7424441c77,CLEAR,"DARKNESS, LIGHTED ROAD",DRY,FAILING TO REDUCE SPEED TO AVOID CRASH,3.0,37.5,1.0,1.0
0b995f5fb1553ebee7934cb9e4a90c81bda9e9085ddf6a2adb3cad8c5f722710a449ec2e84c271e0b68a26bb61c90989544f6730693c6f4350886955adb29fe4,SNOW,DAYLIGHT,SNOW OR SLUSH,IMPROPER BACKING,2.0,38.0,1.0,1.0
0b9963879a4f9611cfc2a07a8b2b1b62cc6d8302e3800a7c9597ea09fdf9655756d4d7a134ae92923714b78e17a5ff557a669483caeb765a8c0da329846e47d5,CLEAR,DAYLIGHT,DRY,DRIVING SKILLS/KNOWLEDGE/EXPERIENCE,2.0,31.5,2.0,2.0
0b997434bd0a0baaace55b90d54df72ef85b79cdb3949a74a0dff5d04911aa84cb3904e4823797bf834dbaa16ad7ebee77e1a5dfa78d6ca24b2977d37f3c9775,CLEAR,"DARKNESS, LIGHTED ROAD",DRY,DRIVING SKILLS/KNOWLEDGE/EXPERIENCE,2.0,27.0,2.0,2.0
0b998e0683112de3adb93243d6f1af76e940c9c94163a7f42804927b836720a36cef814dd5f8144b680a875490ee0c3e2821fb7ba450b0e2ea1ca497cde68171,CLEAR,DAYLIGHT,DRY,DRIVING SKILLS/KNOWLEDGE/EXPERIENCE,2.0,62.5,2.0,2.0
0b99926643137b8a30b6bf5aed4f438a2d195c2de5272b03f8e8968c7775eee04ca08398c93f6e119b2c8e292ff5e65253fe6ba93fdb9294bd3d149d4519552a,CLEAR,DAYLIGHT,DRY,UNDER THE INFLUENCE OF ALCOHOL/DRUGS (USE WHEN ARREST IS EFFECTED),4.0,50.0,1.0,1.0
0b9992b548376d0f1314a60386900b7c09a9695c79693e6b5eec59536fb517af6152142338ed04d9fdef0c833f2e9508ac12c05319a81d55853ad4319f7035b3,CLEAR,DAYLIGHT,DRY,DRIVING SKILLS/KNOWLEDGE/EXPERIENCE,3.0,37.5,1.0,1.0
0b9999e207e36b0612691c26f6a306962441208012412a5be9f4dcbe42fd7b95e92963e49d017b05cf3503e837bf20376cf9f9dfd60e59db6879b07a0f235dc2,CLEAR,"DARKNESS, LIGHTED ROAD",DRY,IMPROPER TURNING/NO SIGNAL,2.0,20.666666666666668,5.0,5.0
0b99a168a0fab5c2e0d01c3501046e15b2392b005a4daefa10a0d6b53575ba500664806e8af5ed94a83573291deac8c5159f896957dbf6f2c0eba15f58a4d489,CLEAR,DAYLIGHT,DRY,FAILING TO YIELD RIGHT-OF-WAY,2.0,57.0,2.0,2.0
0b99a2e6cae9236074f3ad9d3a5ffbd44d1313ad8aeabc1f0d3f8c69519107cd324837835acb5917ca4940fa8e6ba66fa8fae0d6d332ea3ef1c9be1eb09025b2,CLEAR,DAYLIGHT,DRY,"OPERATING VEHICLE IN ERRATIC, RECKLESS, CARELESS, NEGLIGENT OR AGGRESSIVE MANNER",2.0,52.0,2.0,2.0
0b99abececfff1d300caf8202affa287bc1a0f88e9bf2f887143ba29d9c71a2bd54658d57a1b3ac91f9c604033f76476af0a1d0cc4684fb7526b998dc5409ce3,CLEAR,"DARKNESS, LIGHTED ROAD",WET,FAILING TO YIELD RIGHT-OF-WAY,2.0,35.0,2.0,2.0
0b99b4998ac184194549aca36520ee6d73d3a64f22ab21ce9d78b27980aa56466f0afb0ae9b1cae65cedc036fa1da9a2a9a1d392300442db08a689d25461d778,CLEAR,DAYLIGHT,DRY,FAILING TO YIELD RIGHT-OF-WAY,2.0,53.0,2.0,2.0
0b99c84168dc66a44a6e9151954a7c4a422aeba1ae02ef08983d39d3a80c9e77d31351c3925418d31ddd4110d9f1b214dc3c4f9a3a76564434a4737052cc4d5a,RAIN,"DARKNESS, LIGHTED ROAD",WET,FAILING TO YIELD RIGHT-OF-WAY,2.0,42.5,2.0,2.0
0b99e9c0bba2318b318f6fca07d495a93f512b828b7c23c1116cc2ed58bf1bc81be4d587dda5d4983f967c12afd9529179af9214aba089f1d0585ed32c38d8cb,UNKNOWN,"DARKNESS, LIGHTED ROAD",UNKNOWN,FAILING TO YIELD RIGHT-OF-WAY,2.0,32.0,2.0,2.0
0b99fa21f66051db8b8099b4bfa1734f687e15e9929ed6ec7079216c202af34fd15533b2a6f93c8aea4fc5775797399da7c13a9e052e758be612eaadad57e0ac,CLEAR,DAYLIGHT,DRY,DRIVING SKILLS/KNOWLEDGE/EXPERIENCE,2.0,41.5,2.0,2.0
0b9a04e04f2bb00eedac338b36a4a19623bfa2b7d80977cba8e2d90c38e5d9e59606edfb8d3d590533477b6d55af56a5110c708767dc44d4bde2272f02abb1b6,CLEAR,DARKNESS,DRY,IMPROPER BACKING,2.0,25.0,2.0,2.0
0b9a16ef32362fa668872fb36501b4d0884b1ca72d9af9baa1a38880ed04217486c379c5930cf8167353bd8c89aaf6204a70a28b49bdf57d155c265502059265,CLEAR,DAYLIGHT,DRY,IMPROPER OVERTAKING/PASSING,2.0,65.0,2.0,2.0
0b9a18e5a69e6239df0779da26dc803c631d579b9979c1add022d79116446c4963c169640625d252b2f8296b66c5298174374888b5b76597328fd60fd7d08ef0,CLEAR,DAYLIGHT,DRY,IMPROPER BACKING,2.0,81.0,2.0,2.0
0b9a1e4531417752ce6d9c026eeace24c7f4059c09f166309c89c3455dad16826d3431d4e42a599381bc0d70a26a23bc029dcbbb388269729734bbefb956a426,SNOW,DAYLIGHT,WET,FOLLOWING TOO CLOSELY,2.0,55.5,2.0,2.0
0b9a4e8c070b079fe6a463010926e9df2e822d1894b6b3cdbc2d7a71d4f37e69941b78113cf075952a0ca36f66dc26062b30bbdae8faf970c4fd8affd8cf3608,CLEAR,DAYLIGHT,DRY,FAILING TO YIELD RIGHT-OF-WAY,2.0,26.5,2.0,2.0
0b9a5a16c1b91b8f82fe0a7897d554d82e3770a1d66a1c3f796220c709b67a64a6511d5ecf8a88a825a71697c69ab8ee5f2d36317e7d032c275cc351983bef09,CLEAR,DAYLIGHT,ICE,FOLLOWING TOO CLOSELY,2.0,34.0,2.0,2.0
0b9a693f3caea0704376d63369c26f650d5ffde73badc95c66d49b36572423428f99c27d645d448004e15f2b3500d5c80fafbeb851cfa72b3143fba418434af9,CLEAR,DUSK,DRY,FOLLOWING TOO CLOSELY,2.0,42.0,2.0,2.0
0b9a9b8a7af8c81cae70888aa18503875858b5d74e99427b6973a7a5151d75c9b06fb43f6da6eb549d7376051cb76f55b5b05da731ed1480793b5d2328782941,CLEAR,DAYLIGHT,DRY,IMPROPER TURNING/NO SIGNAL,2.0,35.333333333333336,3.0,3.0
0b9aa99bb17ea14e9ed37980a27d51d31e88d3de79cfa060994449dc39712b717b1ad7418466b38e5a6ea0d5955052ea2f9bf6a4f9f854a96ef5e73bc309d53e,CLEAR,DAYLIGHT,DRY,FAILING TO YIELD RIGHT-OF-WAY,2.0,42.5,2.0,2.0
0b9ab1761b489c8e5e5b343dca8a048e62fe4126786c4b25d4b67c75aae79e670a8fdb68906c896e21ac5d14010c7c73273ef9c744181574b71eb5c9ddeda705,CLEAR,DAYLIGHT,DRY,DRIVING ON WRONG SIDE/WRONG WAY,2.0,20.0,2.0,2.0
0b9af31a434471a79a4c62b988b391fb3e02d627686f929b4b3c748b91f2c5930588d80a9bee5c5585b0b1cbf2cf118b73a41c5e09aedd7ca11c3a65e736fe11,CLEAR,"DARKNESS, LIGHTED ROAD",DRY,FAILING TO YIELD RIGHT-OF-WAY,2.0,12.333333333333334,4.0,4.0
0b9b61d4b9419e2747adbfac4e429307ab252b2fd1dc56b3abd5b9ec399902c05afcfd8b39354f03ebc9a0a2fd832170cffb875dd31ec085705bf4afd24d038b,CLEAR,DAYLIGHT,DRY,IMPROPER OVERTAKING/PASSING,2.0,70.0,2.0,2.0
0b9b6a0c20a3484c91f063896894ddf520177a683d43d5820cfbe204795c0d7032b0f8ed6706e5e209bb70fc497006ab728b6f3f08d3177d2b6022ea1263822e,CLEAR,DAYLIGHT,DRY,FOLLOWING TOO CLOSELY,2.0,31.0,3.0,3.0
0b9be218d1278e4ac8cba9b852f6eb9419838af2f02523047290fb185867f6ffdc7968b0c0a76f31ebb404764728f981a34be0fc7eb9b73f16e4737235f7f16b,CLEAR,DAYLIGHT,DRY,FAILING TO YIELD RIGHT-OF-WAY,2.0,19.333333333333332,3.0,3.0