crash_record_id,weather_condition,lighting_condition,roadway_surface_cond,prim_contributory_cause,total_vehicles,avg_driver_age,total_people,total_injured
0b9bf517a9deeae53be7a61d2b46971e531095f77a17016a269dd4b849f620375dc56591c784055eab1399fd701c13c06535027e7c2f50b3e7bd425df859cd0e,CLEAR,"DARKNESS, LIGHTED ROAD",DRY,FOLLOWING TOO CLOSELY,4.0,37.5,7.0,7.0
0b9bf7d1a246867e42637c977cceb577733b19ff41e5c8a2cfb1d0b63373ca57c8e7f74278e66e70eabddb2dd78b436154975f553c08f163f560d48ff3d2b783,CLEAR,DAYLIGHT,DRY,FAILING TO YIELD RIGHT-OF-WAY,2.0,53.0,2.0,2.0
0b9c0e948b7bec5065b5524fdac74a922a124aa6d63d16f64fc14a090afc6c38bd3ec0996ef12b3f09b442c06df010e50b2579017632a70b8cef26094ff16f92,CLEAR,DARKNESS,ICE,ROAD ENGINEERING/SURFACE/MARKING DEFECTS,1.0,32.0,1.0,1.0
0b9ca8b43c01cd755bf0035d2326d8b4f4c7f14da046eed74cc25c69d85ac70fb50dcb5981e5dbcdb5173b993e4a54276bcc952da91b66b3d4e28263845455cf,SNOW,DAYLIGHT,WET,FAILING TO YIELD RIGHT-OF-WAY,3.0,42.0,3.0,3.0
0b9cc0bcd472aa7249e4056a5d17fed5f795c77aebc7c6844a5d2bc8a2516edaa7339fb7e6e31305db67fa7db8c9b671ec5b499b4f80bf590a68994d152c21a5,RAIN,DAYLIGHT,WET,IMPROPER TURNING/NO SIGNAL,2.0,34.333333333333336,3.0,3.0
0b9cd2254efefe29b42ebe9bdb2760ef0cb483c935ac7891238f10becc45d4e617fc2b3c7fa176e7418e149cb9601356113aad971ca7cf59a9ccc37e67960c8c,SNOW,DAYLIGHT,SNOW OR SLUSH,DRIVING SKILLS/KNOWLEDGE/EXPERIENCE,2.0,37.5,1.0,1.0
0b9cd7eb935791e460599e43e5e138815091cd651774a042330542983abd7bb132177229ad67f615c2221edaa6b3c88e36d0443a9e35feb9bd179a6ec2d4ffec,CLEAR,DARKNESS,DRY,FAILING TO YIELD RIGHT-OF-WAY,2.0,48.0,2.0,2.0
0b9ce804d9412a3790faa1a3ae3fac7fd5ed3a246a1b3a6e9f89af9df751c0e5b3c8417f3689a0022badf9ecc241df5693db232c39690f7337e92c9a03cfbaa8,CLEAR,"DARKNESS, LIGHTED ROAD",DRY,IMPROPER BACKING,2.0,37.5,1.0,1.0
0b9cf30bb7c0e0af7c63880ee0c3497ff206bba2b942d8d107b9e1aa618de5ede2bb6b1f76635316ef2534f9fb1e5f062e67bec80804a8f12686001d26756ad3,CLEAR,DAYLIGHT,DRY,TURNING RIGHT ON RED,2.0,29.5,2.0,2.0
0b9d245294aabd928a65db92cc27b7a60e845cf2a8c3b8051bd20eacb97793ac28e7ffce3334629262106111f7a1c25114fd56f6d198bd3b6c91ef6279e81874,CLEAR,DAYLIGHT,DRY,IMPROPER OVERTAKING/PASSING,2.0,45.0,3.0,3.0
0b9d4ece6a800a2be7115ed5ce7c63eb22496ef827993435b9707c0ceb3a466dce3e7d2cd02e306382504692b87a6794764c3b6fb1c13b205b5916ad9519be85,RAIN,DAYLIGHT,WET,FOLLOWING TOO CLOSELY,2.0,29.0,2.0,2.0
0b9d58b1d57bbaf556db69fbedbfacbcdbfb8555feb7752e967e8aaae90319d117eeb6835263547ffc6499860bb29713794d0cfe1f5a6d7bde1c395768ab0b04,CLEAR,DUSK,DRY,IMPROPER TURNING/NO SIGNAL,2.0,22.0,2.0,2.0
0b9d5d4f239252611b4d67d8ee2440b1e8ec2459cf41349d5e3148616ffd650e9b27f37b9542694360dfe861094251ef393b62ad2148c65042ebeeffeafe8cce,CLEAR,DARKNESS,DRY,IMPROPER OVERTAKING/PASSING,2.0,31.0,2.0,2.0
0b9d69f9f0df7fa404a6a3c3e31bf89fc3aad3c545f5f465013322fb1ad61accf800bee65c181ecb87071769a28a0aadf455ab390ff843bc4d07b8ee53f3dae9,CLEAR,DAYLIGHT,DRY,ROAD CONSTRUCTION/MAINTENANCE,2.0,27.0,1.0,1.0
0b9dc6caffc311fee6209ebad5b9da3fc795a7fc367c30c12baf1c898b695c4ce097346a102f8cf96b22257bcacc6912958e78770f40fab6d350e0068335f1ae,CLEAR,DAYLIGHT,DRY,FAILING TO YIELD RIGHT-OF-WAY,2.0,37.0,2.0,2.0
0b9de7979491ec850f5620cb714857a19650b9632ab8db26ca8fcf7c2723d91dc713958fd28bcd6665d01aeb5f577554792f29c71d6d907ed2ace0415f2374ae,CLEAR,DAYLIGHT,DRY,IMPROPER BACKING,2.0,51.5,2.0,2.0
0b9e058d458a8da8e4f75864a933d130d929794aad552e17c61fdf3b939f1de2f5e09b4a63fd13746cb6b58f5645e23880b11e22ec7b7ddfe2901569df62ba31,CLEAR,DUSK,DRY,IMPROPER OVERTAKING/PASSING,2.0,35.0,2.0,2.0
0b9e177a5f380b2109e24ea8270ab9a0c1ffae9c2663346e41b58e629735e0ba112a0f0baf55a82a8a09f00ba3526d6089cddb57d8fdb8a4c296141cd881f55f,CLEAR,"DARKNESS, LIGHTED ROAD",DRY,FAILING TO REDUCE SPEED TO AVOID CRASH,4.0,33.25,8.0,8.0
0b9e428252d856c2ac5d8838eecf7659df92a748ee50ea7268c6f2f4bd067e306c6214546a66a1e1b71dee5175faef19b98e8fb559a59d7c4f0fd2813645435d,CLEAR,DAYLIGHT,DRY,DRIVING SKILLS/KNOWLEDGE/EXPERIENCE,1.0,37.5,1.0,1.0
0b9e6f04e0cc9c7de4cf5d8e7b4d4bb653ee3734ae26105b9992fc28303aee98721b7b239e608128fdef71b049c7526e9b83503f216116218d84678ec09e43f0,RAIN,DAYLIGHT,DRY,FOLLOWING TOO CLOSELY,2.0,64.8,5.0,5.0
0b9e8b51325b3b59eafb148ccc108f086648f5bddb509ce9e8263e9c9ad4752c2b95bfd57daa0a5e8ecb3b476638acbaace8d227fe991ce529134aa518e8d73f,CLEAR,DARKNESS,DRY,FAILING TO YIELD RIGHT-OF-WAY,2.0,55.0,4.0,4.0
0b9ec65ad3e64f921d3dea786f257d7f8b6bdff3ffd40ab16e50f5765b8292b827a93b88c6bc61f49c714917ba33c4e77d79bea78d2761776b86c22af8b59ca5,CLEAR,DAYLIGHT,DRY,FAILING TO YIELD RIGHT-OF-WAY,2.0,43.0,2.0,2.0
0b9ee179d23546217b753648b589f518e91fa333df62ca47c6af8eae178c2ee76d0be5928fd8e2164301155af8afbad2742c23b3cc62f843324039fb91a9a659,CLEAR,"DARKNESS, LIGHTED ROAD",DRY,FAILING TO YIELD RIGHT-OF-WAY,1.0,29.5,2.0,2.0
0b9ee253c836f2e536c49a0bde96c20e5f35d93388979f26640d5394fc461403fc2f8b27a8abe75314bcc766e899b6395fb1829c819f90f5b8be0c526ef061c9,CLEAR,DAYLIGHT,DRY,EXCEEDING AUTHORIZED SPEED LIMIT,2.0,37.5,1.0,1.0
0b9ee4314206961cf5710f0cd260c719b9f69f9e0602c393e46f3c6d2740a5299c40fbfb1ca4a5a94c0ef34a1c599e8e81d8e4c618c409800d48a2693d5440cc,CLEAR,DAYLIGHT,DRY,IMPROPER OVERTAKING/PASSING,2.0,35.0,2.0,2.0
0b9ef2dd2ee6b9a860336801bd59b3c1ac918f8a37f608a5edd08eb0c8d1a937060e3ffe193f21855f194f78458c43181816b23fa10dd0bc5b7a2661a954ff04,CLEAR,DAYLIGHT,DRY,IMPROPER OVERTAKING/PASSING,1.0,51.0,4.0,4.0
0b9f0a0696c8fb1c12306a1b16cfb6d141d79a107c52c7e37d6a007e71b46c1c8fd8fee53caecf708f00b99dad04152d271d51e298c826b6c9904372ee570c05,CLEAR,"DARKNESS, LIGHTED ROAD",DRY,DISREGARDING STOP SIGN,2.0,32.25,5.0,5.0
0b9f11c2a3d5c1c7aaba1d772f2b019994c253f7a69b5b3b09686f2cbc4d81effe9a5a73824ce33e46b2f668931384347a331872183ad801694dfe20597c21f6,CLEAR,"DARKNESS, LIGHTED ROAD",DRY,DRIVING SKILLS/KNOWLEDGE/EXPERIENCE,1.0,24.0,1.0,1.0
0b9f12ec30dc87977988c3f0ba689a8e128a4a27983567bf789fcbafddf77f261ca0b102822d4a379b5e4894ad4341e21f073a827981d423ec0ccbfdcf44b0a3,RAIN,"DARKNESS, LIGHTED ROAD",WET,DISTRACTION - FROM INSIDE VEHICLE,3.0,24.0,1.0,1.0
0b9f20bbfa995d88a00f7fb28674895b4bf66a69a86b75da4096351550f58e80fc7b9b1f034a2769669b2911f691046ff7ab9de68a719f906242f3f48603fef0,RAIN,DAYLIGHT,WET,DISREGARDING TRAFFIC SIGNALS,2.0,56.25,4.0,4.0
0b9f2ef8a3e57c7133f42cfe7ad5a9e4143fb0fb058913df689a94d84c412ba775d3611bb40c19c091afb8ef6c97bc77fbd44fbfa819c4c9493bfa0ea658a4a8,CLEAR,DAYLIGHT,DRY,FAILING TO YIELD RIGHT-OF-WAY,1.0,73.5,2.0,2.0
0b9f329859204191edc0b1254f5b8a0dcde655fa8d57e3e39a9cf8564cbcadae6b35b2285e90fd47c33a3426f3f43a92f134c197de90fb33a7c23f2838359e8c,CLEAR,"DARKNESS, LIGHTED ROAD",DRY,IMPROPER LANE USAGE,2.0,60.0,2.0,2.0
0b9f530775cd6a24daf68602deda1b0de0c2aa460c73f04ec7e73c93042a4a12a1ae6ac0f6619d40ebcd624f19eab8d2e2360ee744ff613c1d6f5547850d09e0,CLEAR,DARKNESS,DRY,UNDER THE INFLUENCE OF ALCOHOL/DRUGS (USE WHEN ARREST IS EFFECTED),3.0,45.0,2.0,2.0
0b9f9447ffd9fe41d34b78fc45b35cdf7896774988ce2972f4696afd6b2af5a7a48a60d2bba9fccf1627485688f28477fffb1f4a3b2bc6988e00caf08898a0ca,CLEAR,DAYLIGHT,DRY,IMPROPER OVERTAKING/PASSING,5.0,34.166666666666664,6.0,6.0
0b9fb54156cd9e6b9c0a6ac38e6a077595d53ec08fc5dc456f7e151c6c887175747461a8f54d6e14b8d616daa2f15252863feebfff67901e6d7d67c2f6665d81,CLEAR,"DARKNESS, LIGHTED ROAD",DRY,IMPROPER LANE USAGE,2.0,37.5,7.0,7.0
0b9fd56f908c20431b455ea4daff44d383e8b6aecada96409990f8e34d974a624d42d32b0d0c8d94eb50c9e384f6b7173ef2af3b8cd0ecd3f660f6429e8ebd8e,CLEAR,DAYLIGHT,DRY,IMPROPER BACKING,2.0,54.0,2.0,2.0
0b9fda3dccd239268dbd7f94f0a5ae3a3723f2682b18971942dc4c87d7c627c31d93fa2482f528b638f4ff146eee93005e14772d80373da6255e6ecd2e4813aa,CLEAR,DAWN,DRY,IMPROPER OVERTAKING/PASSING,2.0,38.0,3.0,3.0
0b9ff03ef56f501874eec308816ccc40cb3a73269439fabe23c3da01d88b5efc5b05fd1d30d59168c7e6823cd65cca5d50f3a4ff9d2dffc8d1b8e3f79ac56dee,CLEAR,DAYLIGHT,DRY,FOLLOWING TOO CLOSELY,2.0,35.0,2.0,2.0
0ba002b545cc4c4a341a4d9d287e5af35d647478513c1cb0a887ceade4ad01cf6acb210671bb2b9b9378904fb820654d7aa5e19fcfce8e51c47ea2d57274e2b1,CLEAR,DAYLIGHT,DRY,FAILING TO YIELD RIGHT-OF-WAY,2.0,24.5,2.0,2.0
0ba02a48696f38bacf89ce5b1e96745565e50b36a1a09b3df202fb1f8b83028927027c865545c2a6233583c44546b39034b2d520565d84262dd82625320d9a04,CLEAR,DAYLIGHT,DRY,IMPROPER LANE USAGE,2.0,21.0,2.0,2.0
0ba04ae0b31967f6db392cd7170f7acf25579686f45251588c0b6ef96b6eb3b10087b19381ae3cfdec64ff95ef05b933acd188ecc6303752f52745dad9ff185c,CLEAR,DAYLIGHT,DRY,FAILING TO YIELD RIGHT-OF-WAY,2.0,49.5,2.0,2.0
0ba05a3d2e9db32b25c495fc964c59d05ad9c989c83f857b04541c595723fa2b16c4715b1ed75c856f2bba10e74a62aa9f25aee6ccc1ea10902d4be1fdd75b63,CLEAR,DAYLIGHT,DRY,FOLLOWING TOO CLOSELY,2.0,23.0,2.0,2.0
0ba07d230f2f930b5c8ceba928dfcabe7802628f454cdd88bf180bf91d62551af1f2222df3d551417e905f848e826b29eff86ea2196d2c3d3e3ed6e6d4a70311,CLEAR,DAYLIGHT,DRY,DRIVING ON WRONG SIDE/WRONG WAY,2.0,43.5,2.0,2.0
0ba096c83d5de0fa87b71d5ea24e4eb6175185c7713c3750f6cb77b6bbad4a059f0d454b5a43532782242007989430cc7833ea469618e741b5177e66ab9182ce,CLEAR,DUSK,DRY,DISREGARDING OTHER TRAFFIC SIGNS,2.0,43.0,2.0,2.0
0ba09e76def72699fab9277be8252d264a20dad433721f3e32e648e121a999661b6d92eb7a9cd4e3b73329df0cf0b3bec8f439dbd796e006bbc59fcf70f7bead,CLEAR,DAYLIGHT,DRY,FAILING TO YIELD RIGHT-OF-WAY,2.0,28.5,2.0,2.0
0ba0d425640ff4bba430b3d280c7ac660e3b13f30bd39e74a416b15d6347d3400c6227a62048ac2fbab8b0781781e0aefe910b3ac353796bc06b411eeec352d9,CLEAR,DAYLIGHT,DRY,FOLLOWING TOO CLOSELY,3.0,35.333333333333336,3.0,3.0
0ba13444844962e28d42b73f586608a3e2fa1b39c278507b3dda6a001e2cbe7941581c972716b890051baac13fb60075db2cbd42160cdfce4c62c37bef9d445b,CLEAR,DAYLIGHT,DRY,FAILING TO REDUCE SPEED TO AVOID CRASH,2.0,59.0,2.0,2.0
0ba14202196f0a3f95757d78aba5e942de1c97921cd2347666f4c9db20e767889a2e902d9967e7e0fdcb5a63d8cd533f286c50a0b0e57fc32124c9884042b6f2,CLEAR,DAYLIGHT,DRY,FAILING TO YIELD RIGHT-OF-WAY,2.0,44.0,2.0,2.0
0ba1706cc04ba4984654da0a008396286f32517d33f627deb51a46c9a09fb3cf465bd3d217251b724ecee68218f2b2e3a991fb73051465c281747c4fe49adb9b,CLEAR,DAYLIGHT,DRY,FAILING TO YIELD RIGHT-OF-WAY,2.0,22.5,2.0,2.0
0ba18fddb70b1d733264f1d61753469ccf7aecddb9f25891f3bc70e6cf2b8e96fa2f5ea032624341a9ea832f8592b5b76a7fc55616b387435cffdc82add03dac,RAIN,DAYLIGHT,WET,FAILING TO YIELD RIGHT-OF-WAY,2.0,42.25,4.0,4.0
0ba199520565184a5699c5711d096b44f2e8a50dcf3b4990dbb3d5b72df5949c694995ada984d3443b0b561857f0404764ff1ae8e91645c969e290142af92ce3,CLEAR,DAYLIGHT,DRY,IMPROPER LANE USAGE,2.0,51.0,2.0,2.0
0ba19d593eb6ed271658866d424beb9d6a2aa5e932c526fc0dca1bc405b1902a8ebdd8446e325ed1e7e3185fcdb22d06fc6abacf81bd4758bec0b48518ae185e,CLEAR,DAYLIGHT,DRY,FAILING TO YIELD RIGHT-OF-WAY,2.0,67.0,2.0,2.0
0ba1aa73ba271ba59eba1c577142d81cf92b174b76f8af52a867a6236d9a14341e543334520f869adf7ce1789d546406e998b4d99460a25fd20c1a51b4c03ddf,CLEAR,DAYLIGHT,WET,IMPROPER BACKING,2.0,35.0,3.0,3.0
0ba1ae99d4640250f24b4167b2d0e3494de1dc29ad6c2a73a58a358ca70d16865c503ec32c6c5c54b1caa80a91958813f6405062ee82c35bffcd480f878c512a,SNOW,DAYLIGHT,ICE,IMPROPER TURNING/NO SIGNAL,2.0,31.0,2.0,2.0
0ba1c370a89aa3ffa66e967e6c7ae48f9b89c131e81992ac73169cff302c175adebe2b37447e56f887f601c9709a1993a3cd9949378758e3163e04ae5abb2d75,CLEAR,DAYLIGHT,DRY,IMPROPER OVERTAKING/PASSING,2.0,40.0,2.0,2.0
0ba20fe8cc6b35e03fa74007413fb77c3a61cef2e84964097905138682766aaf2d85e9241d3dbbb1adfea9b78d2ea09a829d6c3e0b48a69c7b35601909a88531,CLEAR,DAYLIGHT,DRY,IMPROPER OVERTAKING/PASSING,2.0,34.5,2.0,2.0
0ba21c51d7521e94fa80c416d7343987ec20e7688581ed9302a4379803d911b4e4e12108da746c1eaf714e528049aa11dde2e96d94100817ca46bf458e385306,CLEAR,DAYLIGHT,DRY,FAILING TO YIELD RIGHT-OF-WAY,2.0,41.0,2.0,2.0
0ba248cbfc773cbe7b077d13e90622e03127a19398b290f2f9f0988ad4d3c84e528787502050f7a79e6ac0ece8d09c43240ba7f7f8f9e0c3b96981669cda2747,CLEAR,DAYLIGHT,DRY,DRIVING SKILLS/KNOWLEDGE/EXPERIENCE,2.0,47.0,1.0,1.0
0ba253d114b55b3c856030cfdeee86e39522055b0e241b75a6821130251f20a2291e20b5c3aaceac95b60db51dcef30e25f398a7b7b25c5dffd4edc5a747a487,CLEAR,DAYLIGHT,DRY,FAILING TO YIELD RIGHT-OF-WAY,1.0,62.5,2.0,2.0
0ba26a3ae6f42d41cd278383609707c70a527a9d96afd595af61d4b30d2804286771e45f34b0ac04f93a8c7b801ee69cd7dd426c9f672c2a8d869f5f459b4b59,CLEAR,DARKNESS,DRY,IMPROPER LANE USAGE,2.0,52.0,2.0,2.0
0ba2e7ee10837fac40166a0aadc3c8c9ac4bbe3cfd024cfccad71af298f839be55646c2d2e2466c3536c2a4ae02f7afe2c89f4a0dc4832f371a182b3a53ca895,SNOW,DAYLIGHT,SNOW OR SLUSH,FAILING TO REDUCE SPEED TO AVOID CRASH,2.0,22.0,1.0,1.0
0ba2ecfc998a513ea5729e3e8336409848773562bdc2a837959e8d13e08a446b3ced74f8593e923ed3a51ddc143175aa12bdef59f786b8700832a7f76e54d018,RAIN,DAYLIGHT,WET,IMPROPER OVERTAKING/PASSING,2.0,55.0,2.0,2.0
0ba2f9d4f2d06d8dc41e4953b04f432d2eee5b106d28b77dfb1447882af12352005fbcdb20670eb22d92d9752bda6d849791210fe4cbe02d2e6959674f051861,RAIN,DAYLIGHT,WET,DRIVING SKILLS/KNOWLEDGE/EXPERIENCE,2.0,34.0,3.0,3.0
0ba3264bec735bcd0ca779848593381d3b2ec8e0c069762b92cdaa4fb84776686a9e598566cee48a1e1793b81604cf94b2cd1c757d616bafe340f8c84983c73d,RAIN,DAYLIGHT,DRY,IMPROPER LANE USAGE,2.0,34.666666666666664,3.0,3.0
0ba3289990fea7fd66b218b478e6b3645f10d7cb28ac48a826e93ee138e409790855a97ef59598f0a99d997a760847e8a15224520829bbdd5aae5e746b931ac5,CLEAR,DAYLIGHT,DRY,FAILING TO YIELD RIGHT-OF-WAY,2.0,48.0,2.0,2.0
0ba35193ec00a546262d0977ac901fd5003c3bea48b65d16c38486ad48d62cd447563716baeddeafc4944896e593cdbf97f2a4740c8e6a568bbc5e54513cc924,CLEAR,DAYLIGHT,DRY,FAILING TO YIELD RIGHT-OF-WAY,2.0,42.0,2.0,2.0
0ba373bac212d8b2cf239edde8ae41d0f9b6de026acf9316c5f00d4fc0a45ca34cf3f51a05778f3dad6f269f5397f76f1c1a154ca4b0d517b6a1d219610e7360,CLEAR,DAYLIGHT,DRY,IMPROPER OVERTAKING/PASSING,2.0,37.5,2.0,2.0
0ba390db906564ee9a42e03ef4b3b3553e92f43c37a4f5389e8a4b0e01b22ea014813cac1c178c76b9df87b5721cbaf9b8ad7d6212e971854a98fd49fd456ad7,CLEAR,"DARKNESS, LIGHTED ROAD",DRY,FAILING TO REDUCE SPEED TO AVOID CRASH,1.0,72.0,2.0,2.0
0ba3a747a87cdac50dcd9f5d667139a55ce42b085fcb28f94c54744f4857a11aeed836f0c03f34486b762576deb211b44f3a33d3ec36cfd20733c58154a832c6,CLEAR,DUSK,DRY,FAILING TO YIELD RIGHT-OF-WAY,2.0,37.5,2.0,2.0
0ba3aef82ca9fd4b261c99f6546dcb00fe3769f0e720f89e860e80ee198091494a737c9c95c2ce11344d898f8289b691627158a63a96c3e7395cf68280715cdd,RAIN,DAYLIGHT,WET,FAILING TO YIELD RIGHT-OF-WAY,1.0,23.0,2.0,2.0
0ba3f731d1db2cb8af06dbd7e150ceadf5992140340519d5fb8682ad894911840e430336ab7da22ca3fa1adbaf1a344a0321561afc70a9a55d39a13467279c03,CLEAR,DAYLIGHT,DRY,IMPROPER OVERTAKING/PASSING,2.0,19.5,3.0,3.0
0ba424aaedc7aa3aa567c2e0484ea9bbcc7a0cb21d3e1972505592aa3e42ea92ff79f2251a46fc0c677fffb0aa69312bab9c3e506de47cfba530ebc04deaa1e9,CLEAR,DAYLIGHT,DRY,IMPROPER BACKING,3.0,74.0,1.0,1.0
0ba45792e31b628afe8c9bff17751b05ac4538be35ed7500a5105cbb2cdb3f10483f4f4f3dd0abe654f85a013b4fda1641cf32e7c50c39f978a43eeee997d848,UNKNOWN,UNKNOWN,UNKNOWN,FAILING TO REDUCE SPEED TO AVOID CRASH,2.0,37.5,1.0,1.0
0ba459a3a4aa829460a2079ef8fa119923e9210f7992139a228d903c9f8606afc731c80f502eaee13c9abfe1a3bb634901cc842e88678c70d26542ed7c4931c4,CLEAR,"DARKNESS, LIGHTED ROAD",DRY,IMPROPER LANE USAGE,2.0,31.0,5.0,5.0
0ba46204b535d0d108e694ae0c7825138179d0d347bd26b44584eb23d335d97d0c746081f09d8a8f5722118a3204f07a452dab9f7bf2b70f6a767af3ad66a54c,CLEAR,DAYLIGHT,DRY,ROAD CONSTRUCTION/MAINTENANCE,2.0,54.0,2.0,2.0
0ba48914e798c56994daa9a0957e842e55f281d42f3fe4c42cb1021db3b367764da8479c296f33fa85856d2ef7f3e6dd6c57db502fc1cd53fd88f67aeae16fcd,CLEAR,DAYLIGHT,DRY,DISREGARDING STOP SIGN,2.0,58.0,2.0,2.0
0ba491217fe91420b3b72d131339cde3dcdfd18eff1579eea6afc30e84352abb10a0b95e5c522711158f30c90e5b91ffa2019a82599fe8050db973e1d1e188a5,CLEAR,"DARKNESS, LIGHTED ROAD",DRY,FAILING TO YIELD RIGHT-OF-WAY,2.0,42.0,2.0,2.0
0ba4bf1f78fb5593eba17edad3f42dbde35e4d7235f57d0f2a54cdb73bbdbbb9dbb6d3f5574498ed771ea96e85e2f645c1d5b510f52d876db895b4c256f45c5b,CLEAR,DAYLIGHT,DRY,IMPROPER TURNING/NO SIGNAL,2.0,32.5,2.0,2.0
0ba50685fd50e43dfa5e9d80b567a83ea62f915e6dc239d6a4d0d4499538adb2cbebf64ff34b8caaf39ce7a20a69314a26761e273677c9506e037b3193be71fb,CLEAR,DAYLIGHT,DRY,IMPROPER OVERTAKING/PASSING,2.0,70.0,2.0,2.0
0ba53495a91535a5913bb4ae27c7e9b0259dcf1f71209f0d8baa1de9f895219d7f34b2791a6c92d9059cc00936270be66efc6bc59cfb284a753f3c81fd7e7b7a,CLEAR,DAYLIGHT,DRY,IMPROPER BACKING,2.0,41.0,3.0,3.0
0ba5531213251ce95a57a13521b3665d3275cdcca580ba2fa5d411699263fb870a681fa362d2c479d0dfeb9004dad965caf6e575c0960e5b8acffc517ec33798,CLEAR,DAYLIGHT,DRY,IMPROPER OVERTAKING/PASSING,2.0,19.0,3.0,3.0
0ba5603b1b03d10887875c8871c71b28a0b293ad4f782843b246b611a6855e87f72e330c8be38e19ddb0bd3e6665317a38291799172721d3e783b0c9db59ebd0,CLEAR,DAYLIGHT,DRY,FAILING TO YIELD RIGHT-OF-WAY,2.0,18.4,5.0,5.0
0ba577dbb5e06a6bd6377e50e0015861029b0445a7f415203768471f8727eef3a2ff8bb2fc63f71bc39293d14c2069f69e0e91df12a7e260a8d9ff19d4334335,CLEAR,DAYLIGHT,DRY,FAILING TO YIELD RIGHT-OF-WAY,2.0,33.5,3.0,3.0
0ba5cd99a122fffdc9f4127e4418268d9857f8710f55916fb6cd7dfb53c30ad9d383b06ee42a6314663914fcef61538a72a4eb6cedf41ce931cd409bd8064a46,CLEAR,DAYLIGHT,DRY,DISREGARDING ROAD MARKINGS,1.0,30.0,6.0,6.0
0ba5da25bfc2f24f5845cae876e9a0010370184f6d22a79baa70b2fc9650bca1023b1e1968beafab44871563594331ab2b18278e340c3c61a0d872d0bc451959,CLEAR,DAYLIGHT,DRY,FAILING TO YIELD RIGHT-OF-WAY,1.0,42.0,1.0,1.0
0ba5de6c2dc684163e346c4c4da923afd017344d58bd071f1eafe99cf1b145a2fdc0e8af82ba75b6a0b7d420f6273e8a09701521cc19a8991420abe8af5cddf5,CLEAR,DAYLIGHT,DRY,IMPROPER TURNING/NO SIGNAL,2.0,20.0,4.0,4.0
0ba609a3804fbb0140bf794f6a7fa61dba3b782e8feaff6ff2338194104cdd90bc8cc581b41de186d0cceb0f087d1093ea69a63cff8b69a8718788b03d523186,RAIN,DAWN,WET,FOLLOWING TOO CLOSELY,2.0,22.0,2.0,2.0
0ba6178c9b76cc9b71ff619f2160bd88b9702c985d6a339d99211e5d1266d8bd067a891653980375b8ae3a1edfd114e870e92b5e61f805820d307eee19d9c356,CLEAR,DAYLIGHT,DRY,IMPROPER TURNING/NO SIGNAL,2.0,30.5,2.0,2.0
0ba61cf53b862d3b478f9bf9290ac3e06d9725a0076f055f9cde63cdd43b7c2e6da7cfc38a1ef61ac1281b7195d9383f1a6075fb29fd62e7784be83c62d03913,CLEAR,DAYLIGHT,DRY,"VISION OBSCURED (SIGNS, TREE LIMBS, BUILDINGS, ETC.)",1.0,33.5,2.0,2.0
0ba61fd4ebe06eec09ffe7a979475a1e70a945fffd44f8d194d31d032a24e941a4d7356ce5b1e1ce5a15fe3a1945e84b5f50df30a5624c91835f993526710b91,CLEAR,"DARKNESS, LIGHTED ROAD",DRY,FAILING TO REDUCE SPEED TO AVOID CRASH,1.0,26.0,3.0,3.0
0ba629def4845525898953490606523c23a568def09e003b416128b5c62e7b69e6e146349a2b8958cf94a761506de90fe083c5c181d55045c0eadb2601a0ffc1,CLEAR,"DARKNESS, LIGHTED ROAD",DRY,FAILING TO YIELD RIGHT-OF-WAY,2.0,40.0,3.0,3.0
0ba6569ed049ffa76db331516f66b789a5c3841e3c6e813307a1071828365f402a8c3eec841d5eabe4c5956b724a26e42c701c9a3d04e04784fa13ea63af38e7,CLEAR,DAYLIGHT,DRY,FAILING TO YIELD RIGHT-OF-WAY,2.0,25.0,2.0,2.0
0ba677150672ae2a05b843fdafc3a429f0a5a700d50f10064adb107ead717bc5ffb6082585ead4db6cd28eab289651301783d13a04da4c69f9a3da4db49f294c,CLEAR,DAYLIGHT,DRY,FAILING TO YIELD RIGHT-OF-WAY,2.0,26.333333333333332,3.0,3.0
0ba6773dfb388906c856745c900cecd9d56658e23e191a62440e1985e9fd3ba24faab41e3cd71e151e09fda7c65ae48b067b8e9ebc8e88592f36b8312bfb47f3,CLEAR,DAYLIGHT,DRY,DRIVING SKILLS/KNOWLEDGE/EXPERIENCE,2.0,61.0,2.0,2.0
0ba67a06e30470f232b3faaba45686522f98548af4b6c59b32d8690078af6c315b77b807388a470dd4a648557389fed12585f552ba284da6b254d32e96ac2de7,UNKNOWN,DAYLIGHT,UNKNOWN,FOLLOWING TOO CLOSELY,2.0,62.0,2.0,2.0
0ba6845f6b72c2c59bda3630a75f4509b180fe88a3cd9a31ebbe835df8d384c7e1cc357ae2a5718be11378f7cf2c493a2e47b3362e372916d7ec25b8754f3184,CLEAR,DAYLIGHT,DRY,FOLLOWING TOO CLOSELY,2.0,42.0,2.0,2.0
0ba68b7c0d858e8fb0bc89afaf5e214fc39cfb8f389bb9685da2310ec35483b0805da188beb11c31d406eb28347aaf2bdd37b5b536c84d19e6bf93947303601b,CLEAR,DAYLIGHT,DRY,FAILING TO YIELD RIGHT-OF-WAY,2.0,43.0,2.0,2.0
0ba6b4db3ee95779c712442a6794f63a15349da48cfe980e4f1f410c0ca7598a89b797d51179b74bab1f412560676ac81e4b2b52c1843afba7a5f88117ccbfd9,RAIN,DAYLIGHT,WET,WEATHER,1.0,34.0,1.0,1.0
0ba6c06d0f6fc8189886ca7feaf01dc418e9c3907d71b7077590181e7e7f060a1bafc5fe00be1af53e81fbff1db184ffa91c8959a9e10ac152cce37a017e256a,CLEAR,DAYLIGHT,WET,IMPROPER BACKING,1.0,31.0,1.0,1.0