crash_record_id,weather_condition,lighting_condition,roadway_surface_cond,prim_contributory_cause,total_vehicles,avg_driver_age,total_people,total_injured
0ba6c3539bbd6ca37a16c8c9e22786ea038fce375edd8ea89386450fb4790cd6c169c6a7a7fded3a19e6ad88f238ad2c74d1d29fdb686c8d5622f620b719e4c0,CLEAR,"DARKNESS, LIGHTED ROAD",SNOW OR SLUSH,IMPROPER BACKING,2.0,27.0,2.0,2.0
0ba74eac04e5625f54dde3421eadde6eba0e1a7336130d626d0ee2e528546ccb1005363c62db9ce04da6d0a788a383a64152d643d4082ea698bbbb4b261a3293,CLEAR,DAYLIGHT,DRY,FOLLOWING TOO CLOSELY,2.0,29.5,2.0,2.0
0ba76d090c407e284add642b141afaca3f5ff8144a63ecf710e28ecc64ed14d679a51a12b4d6f421b18462fb0286156bc51dfe004ae73a1df57d50fba1dc6f3d,CLEAR,DAYLIGHT,DRY,DISREGARDING TRAFFIC SIGNALS,2.0,39.0,2.0,2.0
0ba7701116644be35fe0cc9667c0894e96ad63962cc5f659d3619b0ee2c6b3abfea4076d26b867e312be2e0ef9879920eec9caf4d5ecf88843baaa58b40dbebb,CLEAR,DAYLIGHT,DRY,FAILING TO YIELD RIGHT-OF-WAY,2.0,42.5,2.0,2.0
0ba775f782d330ab1873b286626f3f9186d8309374db00e29c96462e78901693754149db43c92c70464dc3b93432f15ca2791f6026525a7b2251877313ea5c47,SNOW,DAYLIGHT,WET,"DISTRACTION - OTHER ELECTRONIC DEVICE (NAVIGATION DEVICE, DVD PLAYER, ETC.)",2.0,38.666666666666664,3.0,3.0
0ba77781112f3836d38a02da9503fd2388027b4c1e0408556b1401b0a0805ffa97773c1911e2f4984c4789a7e3701a1131298858f74dbf9580f6d4c2b80fd233,CLEAR,"DARKNESS, LIGHTED ROAD",DRY,FAILING TO REDUCE SPEED TO AVOID CRASH,2.0,54.0,2.0,2.0
0ba77f6e10c29871f07f14967cf12f7433a860f14ed0fa762c1967eaf09050c39926a6918fb6658f3784c555ac3aca04863ccc750524b0ebf42ddc93cd5d604e,CLEAR,DAYLIGHT,DRY,IMPROPER BACKING,2.0,50.0,2.0,2.0
0ba78b8e4a9f31e92a1abfa5aa75bc7028e3c0a54a4ee361c1175bea39741d25b8898b95320a5c469a0e112199eb7533508ab53694490bde4a25e192f2a3e888,CLEAR,"DARKNESS, LIGHTED ROAD",DRY,"OPERATING VEHICLE IN ERRATIC, RECKLESS, CARELESS, NEGLIGENT OR AGGRESSIVE MANNER",2.0,31.5,2.0,2.0
0ba79b0505a3e5ebe1962aa3063b2cd21eaf1c7998e456f4e1fe5c253b34f89fa5a8e97d34dba6cb53ca993aa78e5d738ea0d557a9246ff870bc3143340cbdc5,CLEAR,"DARKNESS, LIGHTED ROAD",DRY,EQUIPMENT - VEHICLE CONDITION,2.0,24.5,2.0,2.0
0ba7bc77dc26140d5537ce7502ef0e86e453c0c5f865681fa2af9fad906f18fa7f187899ca66e614ea357d6147cb33a257d291587304860b8c2eb7c34fe445ad,CLEAR,DAYLIGHT,DRY,IMPROPER OVERTAKING/PASSING,2.0,56.0,2.0,2.0
0ba7db248aa2e107a79220a7eed5b86c26c72a962aef9e3191fa2080aa96cc73b750989052ba8e81936ae98cb11cf812bafdd181b21abdd2a1b549097093b8f1,CLEAR,DAYLIGHT,DRY,IMPROPER OVERTAKING/PASSING,2.0,35.5,2.0,2.0
0ba7fa1923ce1e466f717a99f25f35365d471279bc602d36fab80ee06e80fc61b490dbcfd9d9cbddfc788d148a6caff0caf4fc041832363b69874d27d5f6e3ac,CLEAR,DUSK,DRY,IMPROPER LANE USAGE,2.0,43.5,2.0,2.0
0ba848919d70369aed3ecb0ace2cc52340d8ee7ac5ff57a87e413d92a9a6562da775255bf0b16ea271ca7df42311311cf81aa066d333db02f85bf2ebee170d52,CLEAR,DAYLIGHT,DRY,IMPROPER LANE USAGE,2.0,52.5,2.0,2.0
0ba865253adfc390da5649c613a6e169a098ca6e93d90c8f67b65ea385832bc8d397c1d947a2eac998dda52576491e3d95b65f3e23a88f6b8fe7bb39756d5cfc,CLEAR,DAYLIGHT,DRY,IMPROPER TURNING/NO SIGNAL,2.0,33.5,2.0,2.0
0ba86982c0b6954d5153b9e1a0240d6bbf625abe47c8257bd77c5c8b1f43c7dd8483b105084c2d9c17cc275df5fe2aac1f9b5a771987afc69daecefc80b57d8d,CLEAR,"DARKNESS, LIGHTED ROAD",DRY,DISREGARDING TRAFFIC SIGNALS,2.0,37.5,2.0,2.0
0ba89b0483d1b0b2492477d201e283d5dd387a2a7f48ad160e691925b69eb3cb4dd1bdb177a8a388b0074d2e544c1ae0c36550799c7fa861c2b18a3a4a765195,CLEAR,DAYLIGHT,DRY,FAILING TO YIELD RIGHT-OF-WAY,2.0,29.25,4.0,4.0
0ba89ffcdb7a552cb83f1945f7550f8cb4de524f029b4231441c3bcb2f4cf19630a4534a0a5e76649743b19e47567f8e8569291c68910a480d94481cb42d6d8b,CLEAR,DAYLIGHT,DRY,FOLLOWING TOO CLOSELY,2.0,41.5,2.0,2.0
0ba8d4f0e24c6da2f9a15498159cf53dea5120562cad5070ebcace10f1e7018b9e1348a1698363cf2d9ad76213106121e73e6bffc7dff20e2dec01ad7e9c5997,RAIN,"DARKNESS, LIGHTED ROAD",WET,IMPROPER TURNING/NO SIGNAL,2.0,31.0,2.0,2.0
0ba8d589ccc12e8414a5d290f45ce7a2cf2d972561fc54dc0c621c97a75d919059f3756cd18430f9fe1a84b7ba3b44ebae385c1998fe14b618ccf2226ab461a1,CLEAR,DAYLIGHT,DRY,IMPROPER BACKING,2.0,57.0,1.0,1.0
0ba8d5dbacdc3b5f969a0c6f220ff550ffc142d60806503be2cc9b70359402b8a065f3cdad0e9182f44b2c4f9e5873ac6310655299c521e00ffb0021f8e540e3,CLEAR,DAYLIGHT,DRY,DRIVING ON WRONG SIDE/WRONG WAY,2.0,56.5,2.0,2.0
0ba908b6d0ae01e543ed5996fcc36e1e6b50614b4d9ef79136cf3ca85ccb2df83015a6212309fbb3a45cacb17a1516e32fddaafa12483d895b996a10e11dc798,CLEAR,DAYLIGHT,WET,FAILING TO YIELD RIGHT-OF-WAY,3.0,25.75,4.0,4.0
0ba90bfd9ea05821742fa1b73ad0d97108cc26435ea1abacce6757f6deaade18bc30499be6fa8a6419ed859ffeb66edb057bc325294f2e74f67c3d312a271b75,CLEAR,DAYLIGHT,WET,IMPROPER OVERTAKING/PASSING,2.0,44.0,2.0,2.0
0ba96439066f2347f96fd738b56199f3352d3c3a88388d1791c065b0b9c3cfe551d47e3cab6045cd67716ba1e3989349ade48d9232de38d2806f213352fcaf6c,RAIN,DAYLIGHT,WET,FAILING TO REDUCE SPEED TO AVOID CRASH,2.0,44.0,2.0,2.0
0ba9a4decf289e45231ab5a846b8dba05f121ea2aa2ac7a96e4db34d7bc493923973e1e6498b75c38b34ffd3bb0911221d96a13d773312333cdf22155ff540d9,CLEAR,DAYLIGHT,DRY,IMPROPER OVERTAKING/PASSING,2.0,56.0,2.0,2.0
0ba9a52ec31e3c2d57a7915a1f5ce111b6df415331fcda5a19642db8a1cc588638db827ce033ff401f0fe069e53ab6790e31ca9c058db203674af75f39b09723,CLEAR,DAYLIGHT,DRY,IMPROPER BACKING,1.0,23.0,1.0,1.0
0ba9d8aad1390c0804bcadfc63cba5b4bcedb76c49c0b792925a398f6908f248b8e7d86e42663f927035646518b0aef6f6424543778a1c3504a07be43fe20457,SNOW,DAYLIGHT,WET,IMPROPER OVERTAKING/PASSING,2.0,44.0,1.0,1.0
0baa5de1fa154c2fba6c0a4bc4dba4b30efaef7f787f1faa23eda91e56f418b7ab87c44a99fbc9ed5c778be7d62f6e03040f4eb8729a459d1f1227198f8d41a9,CLEAR,DAYLIGHT,DRY,FAILING TO YIELD RIGHT-OF-WAY,2.0,36.5,2.0,2.0
0baa765d7cc84e3a8ed91eee6b57e18d59e9dc77cb3ba576d537cabc63ef75f353f6a0fc7585173b69bbb7358558d11ba5864dfe610240df0207154b25f9f917,CLEAR,"DARKNESS, LIGHTED ROAD",DRY,FOLLOWING TOO CLOSELY,2.0,44.0,2.0,2.0
0baa8ad873d06511c0f32187cfaaac8c8e0b077c25ebaeebff4436771470eb340b2ef519ed9c3de7816c00a7593404525366815150ea108e00b518d0815e19e5,CLEAR,DARKNESS,DRY,FAILING TO YIELD RIGHT-OF-WAY,2.0,37.5,2.0,2.0
0baa913fdc1200b2520786ffc46f074706a1262b678eaa04424d99e40f32333c42d35d89ae2dd139e20f35ae7a1bb41ed416c6dbcae1bae4e9d664284f372d63,CLEAR,DUSK,DRY,IMPROPER BACKING,2.0,40.0,2.0,2.0
0baaaa1e0fc6977ff5a517ea8117b8d521919370106e86ad8371572f32aa6e9b5d3caf040cf58093f8952d6c33bfa74f178a6b7057283af524f532b037ad712a,CLEAR,DAYLIGHT,DRY,FOLLOWING TOO CLOSELY,2.0,53.5,2.0,2.0
0baaac393eed8e7e5cda85a359c76975dcfcfd9c69948218e2d52d110ed8590d75d636096001f894da0c19df374acaa821673a010d601f5e74aacba66ab03060,CLEAR,DAYLIGHT,DRY,DISREGARDING STOP SIGN,2.0,54.0,2.0,2.0
0baab5a9bae72bba2f50d2da068074fb39f5c61b95160da0ccad834ff83f12ec6e67bf2097442cec6de338b724cdfc14f41f71a8bd43ba837fcd09198da4235c,CLEAR,"DARKNESS, LIGHTED ROAD",DRY,FAILING TO REDUCE SPEED TO AVOID CRASH,2.0,73.0,3.0,3.0
0baad345be2cd49c8d5ae2f17beede452b7263d564edee8b0cab726abb2c1a31c126c27fe18bb6e6f24629996a23b62a4b3f848a8599f0c4ce2667189452be24,CLEAR,DAYLIGHT,DRY,FOLLOWING TOO CLOSELY,2.0,25.0,3.0,3.0
0baad428b8110fd26c7441afcfa9060c5f0a3d9a7282a8b51e559a79ec8d69c5dd07b3cb281ac1de32ed037160306de9cfd2a18abe9ab7846d87cf600d8e064f,CLEAR,DARKNESS,DRY,IMPROPER TURNING/NO SIGNAL,2.0,28.666666666666668,3.0,3.0
0bab1e54da036762716107073940b3b7a22d667ca1a2f249973f4a967b77d9ec979680216df5be68e53e3a9355cd211d070f5e1bf5a4e1fcc654f0f0f94c7dbb,CLEAR,DARKNESS,DRY,FAILING TO YIELD RIGHT-OF-WAY,2.0,60.0,2.0,2.0
0bab64e87ed64be0d28d22a3fba311bfebfdbc8867e49117e0c18053cdce3769a60ccb8f8b13d9f7304a9d77b79638963f42eec0b0e0b6d4508eafefd1ecc3a8,CLEAR,DAYLIGHT,DRY,FOLLOWING TOO CLOSELY,2.0,20.0,2.0,2.0
0bab9cd8228ac562fba78fb7e29f1919e0db5290f06041c72f337b75ab97413716ffae30329f49e194bf17f69625b7fb333392836502e6974b59387aba400ba2,RAIN,DAYLIGHT,WET,FAILING TO YIELD RIGHT-OF-WAY,2.0,37.5,4.0,4.0
0babab69319f1c3066a09f75957ff215c15fd776770d90015c6ab39ed792647807c67c8d89062f43fda0764641fa5bc0ce3d8f2bce92df82998f336fb65a6ff1,CLEAR,DUSK,DRY,CELL PHONE USE OTHER THAN TEXTING,3.0,27.0,5.0,5.0
0babdd64c2b452d2f4c973c4bdd655bb6b073257e90ce4e86208c019a59f067453ea69633480999b2804f1eac37659a85d6ea788fbb4d768fac338ab44ad33e2,CLOUDY/OVERCAST,DUSK,WET,FOLLOWING TOO CLOSELY,2.0,46.0,3.0,3.0
0babe69020c36f4d6371319f0b37c1d43898e7041dd23cf3a35e61642e0723e99b7fc3f76b44f06643c6403ce3146aa23862e590a5d72708a26ecfdda7e126da,CLEAR,DAYLIGHT,DRY,DISREGARDING STOP SIGN,2.0,27.5,2.0,2.0
0babf06878baf014664bbc0aec09e751e08733aa5540fac73c57134664adfa6079232f63d7722e61498dda639da35688ca459782d642914784f67c5f7229c967,RAIN,DAYLIGHT,DRY,FOLLOWING TOO CLOSELY,2.0,49.5,3.0,3.0
0babf861f882f852a214bdda426364fc09d97d6b72ed1de5b0a5fdf74bc1eb95bad6b2e0da298d9893767745a5e67237156478ce2923ada07c656beabec36c20,CLEAR,DAYLIGHT,DRY,PHYSICAL CONDITION OF DRIVER,2.0,37.5,1.0,1.0
0babfb3720606911d98f0b38e5f9b1f2cd1fa01fe983df26e8bf575089a49cb6e439a7a9ea8af6a82fa966af2af2a7ba9d26b4112ab1a19488965ffd75881107,CLEAR,DAYLIGHT,DRY,FAILING TO YIELD RIGHT-OF-WAY,2.0,49.666666666666664,3.0,3.0
0babfbb419a878c3beaa3e388ee407cb153de441f7707672b29f5655bf48af449a36a1ac00bf86b3d847b62bb5fc1f54cc0471b67e284f4f3c3df52c9db585ba,CLEAR,DAYLIGHT,DRY,FAILING TO YIELD RIGHT-OF-WAY,2.0,33.0,2.0,2.0
0bac15c37537eddb0f2b7ecf3ef8946842251852c8e33522d7051b8b330e978d18628866df9845c4abb9ac7d955a9d67aa914cf4623dc2c3b1fbf85c5b65ed12,CLEAR,DAYLIGHT,DRY,FAILING TO REDUCE SPEED TO AVOID CRASH,2.0,33.0,3.0,3.0
0bac460802a7ddd2e3c4713a55665713899e2a371a5134a1327e71d7eb494a25fe8e60277919fd80e297d71b1d3fa18b44214f8c36c7f0d584dbc2e6666c1ca1,CLEAR,DAYLIGHT,DRY,IMPROPER TURNING/NO SIGNAL,2.0,21.0,2.0,2.0
0bac79369aa7c96eac30d11410708afb08b4d6d124bc70256be4c101414fdff3792f25cb3874429945acb1a1a743ca9ee9099569147d8696d888280bcfe48786,CLEAR,"DARKNESS, LIGHTED ROAD",DRY,UNDER THE INFLUENCE OF ALCOHOL/DRUGS (USE WHEN ARREST IS EFFECTED),3.0,30.0,1.0,1.0
0bac85434dc7321f101a7665c56f7c13445c366d5ccda29b2fb9919965f6d64fe9dc04c726e3f4f0c7420a787d6c8911b7c6030568c45a41b541dd98b0ceb6b1,CLEAR,"DARKNESS, LIGHTED ROAD",DRY,FAILING TO YIELD RIGHT-OF-WAY,3.0,21.0,3.0,3.0
0bac89dadc3acbe4a942c77c66713fe43305a0ae147711c8918725e04dc04347908b0a6bbad0ccf53ec11fbb843f6fcb617016bb3eccc20381e128ec6466b30b,CLEAR,DAYLIGHT,DRY,IMPROPER LANE USAGE,2.0,40.0,2.0,2.0
0bac8a0b5ad6bcee1e6c12fe25de5661ff4e6cce52345bc0f85ff4132e6b433b8d4d3ddd04a7a189a657aacff0e5b00b2c5b897689deda125e24556946124e1b,CLEAR,DAYLIGHT,DRY,IMPROPER BACKING,2.0,39.0,1.0,1.0
0bace9f2acafd1661ac894a975376ae3dba98e312f9984a0a77075b1866b76bdd67bab98e57ef9abc38ff9940bd9d1cb9cb5e76c2354ba5c4bce03c2d51da2e6,CLEAR,"DARKNESS, LIGHTED ROAD",DRY,FAILING TO YIELD RIGHT-OF-WAY,2.0,37.5,1.0,1.0
0bacf4a3a65275662afc881c25241c3d5ad6dcf4399c82c442a8fc813ffacfd385042a0636a28ef5c1934c77e074f5747d3a02c4f75de5a785c1ebf5eb361757,CLEAR,DAYLIGHT,DRY,IMPROPER LANE USAGE,2.0,26.857142857142858,7.0,7.0
0bacff57248ffd3fe643321c007732a6e9fbaa9b62900cf1aa48e3976cdbb1f135cee0c7e93f64aa4b1a3996515fbd24cabe7ded5204ecaf278706c3cb43fce8,CLEAR,DAYLIGHT,DRY,FOLLOWING TOO CLOSELY,2.0,35.5,3.0,3.0
0bad248497722f6b94f61a56cb245eebafe63bef87b3a878f53335a0a95deedb08ea3ba8674dcbc0bed596e1fe90199b7ad43ae6a7852133dd27538c5408b1c1,CLEAR,DAYLIGHT,DRY,IMPROPER LANE USAGE,2.0,54.0,2.0,2.0
0badbd913ef5f1b32138e242340f453b10dfd4787013636ac80a025b7fd9cfb1031b021eb228e8c82d526943b28e6e227e974d5cfe05b265d5ee45523f6219f6,CLEAR,DAYLIGHT,DRY,DISREGARDING STOP SIGN,2.0,53.0,2.0,2.0
0badc5af02df506bd624d1b00f98b4a6553d2ddaa7e206aeb98809181e97ce233e07f3c7efc26704c39b27447bfe6c304ae913aeb4936b1566c6a35dabaef4a9,CLEAR,DAYLIGHT,DRY,IMPROPER OVERTAKING/PASSING,2.0,37.5,2.0,2.0
0badd8ebd301e5408fc1b9c19b40a036cdf003ca3365e0b737391d05a2d704df8332e173f5991b026bf837ae47bcdb00a2e97b137214afa881ec682fd95e49ad,CLEAR,DAYLIGHT,UNKNOWN,FOLLOWING TOO CLOSELY,2.0,51.0,2.0,2.0
0bade8126f25975d2e1405e909e498f8c6c02e2bf3a7c0c38fc400698d44a2d1c03cfefb82171b2e1ee1642f9df1f479a6cefcd0bb294c1c5fb72deed0942482,CLEAR,DAYLIGHT,DRY,FAILING TO YIELD RIGHT-OF-WAY,1.0,33.666666666666664,3.0,3.0
0bae36219e8d3a75a784db6045b0f4d0d4380829597c9e9e238f03e7592a7cee20710cdd620b5753fb2d173fdc685fb157767147af6a3614a2e3c37688f6fb28,CLEAR,DAYLIGHT,DRY,FOLLOWING TOO CLOSELY,2.0,31.0,2.0,2.0
0bae4144ae51c3296d430e894908079eb8a092fbbe1e471ec2ad460a0041ac611407556e3eff9e92557dea3e7aac1fd9005d78e6e978cd6f23b32c837697654c,CLEAR,DAYLIGHT,DRY,IMPROPER BACKING,2.0,37.5,1.0,1.0
0bae4f3176485716a305a4bd579830120f416f5b97b3fa12700f050b76bf7f3d6932b7053e61ea3a4e83ab705dc95b4bfac2e3cf8bb072c23ccf3fdb337d7242,RAIN,DAYLIGHT,WET,FAILING TO YIELD RIGHT-OF-WAY,2.0,23.0,2.0,2.0
0bae747b7be9d56fab63f6db58a2cc3a9480ef86e4095d43d73360c8f7a0b31156b91e9d025cefba9b69ce19e711b8258806cc3850213e36125f799feade45b0,CLEAR,"DARKNESS, LIGHTED ROAD",WET,FOLLOWING TOO CLOSELY,2.0,36.5,5.0,5.0
0bae82d09bd983c3b0df3ad2f5096af46e70f86b0a1be018b129f6b4a6efe0a48f1cc9fbd93d320cae07fa81f5fe8378852630df852565d1994d814d192a542c,CLEAR,DARKNESS,DRY,IMPROPER OVERTAKING/PASSING,2.0,24.0,2.0,2.0
0baee61cc1649ba253fc3aa56a11ce3993db87e0f1a2dc20719efeca9d9ea88ea61d0978c7d2191eb69f547f9ecb637c16817a678d6b2f1ec9d77806e27d1d76,UNKNOWN,"DARKNESS, LIGHTED ROAD",UNKNOWN,DISREGARDING TRAFFIC SIGNALS,2.0,33.666666666666664,3.0,3.0
0baef0a465bddfbf6ffa9dbe7d720d883feb13bef60c213ba5d559e979cbf108a9e49ffac210669b7c87a977d94cdf48512238f11bfcee9cccf7910bb3091412,CLEAR,DAYLIGHT,DRY,DRIVING SKILLS/KNOWLEDGE/EXPERIENCE,2.0,55.0,1.0,1.0
0baef4698e66269989e8d25de358b57687052a725534dce040c11ce060985b4130c20d4e3720b43b890bf665f664e8b724a5335d5380d8f51d7a34077a4f50b1,CLEAR,DAYLIGHT,DRY,FOLLOWING TOO CLOSELY,2.0,38.5,3.0,3.0
0baf2b09321693d76b46288101cfae8b4101791794e1a86f78533fe5ff4060aa61479bf96929de95c266f965ea2d4025aead2a544f18cd725656a6dd6c7b539a,CLEAR,DAYLIGHT,DRY,IMPROPER BACKING,2.0,37.5,1.0,1.0
0baf6cef4e7e20b57525f6cc8c76e2f74c793e4df75331b04128c32ee2be626975a2f97238580d5735ce4300334182cd9ac3ad0ee8328321dcaaa7a34e1aaac1,SNOW,"DARKNESS, LIGHTED ROAD",SNOW OR SLUSH,WEATHER,2.0,22.0,1.0,1.0
0baf7bcaf784d0bc468043d1b810c6d44e4d51592e481b1b0a0edde72e16823b7b35afe10ca947bba3d79b1d750b62d9b25e6a0ce71c0edfa7a64417c5c57c0f,RAIN,"DARKNESS, LIGHTED ROAD",WET,IMPROPER OVERTAKING/PASSING,2.0,29.5,2.0,2.0
0baf85171f27d461a754d25d9a8c216b2da1ab07681db168369d462e163df941f9c087e395116d72456583c8749d7df469a7fc463fa8ddd3da8c62ffefa9f9e1,CLEAR,"DARKNESS, LIGHTED ROAD",WET,FAILING TO REDUCE SPEED TO AVOID CRASH,2.0,35.5,2.0,2.0
0bafae633b07944589bcde4ca1a3391ca7fa7aaa9e6fd0f9a2e2dfee7e831780995375cdccc2c512c9ecaf51c6bdc8c1703f2e63ad4bc579732e90a86e1011a8,CLEAR,DAYLIGHT,DRY,FOLLOWING TOO CLOSELY,2.0,32.0,3.0,3.0
0baff492f38cbc575428033c634e29c34c83e477f8d697aeb4573fad4cae7420b253a5e34c7b234572620771e01961cb3322f0cf322a911941442343a237554c,CLEAR,DAYLIGHT,DRY,FAILING TO YIELD RIGHT-OF-WAY,2.0,57.666666666666664,4.0,4.0
0bb004ec5a2fe4665e28217b92b3853d121c9305ad2c2272b68ee7d46f5fcd4a56fc0b10cb97beeb69416d5722e7666a2b74f52aebb33ffe076f5ede3ba3c233,CLEAR,DAYLIGHT,DRY,FOLLOWING TOO CLOSELY,2.0,48.0,2.0,2.0
0bb018d46e64e41dc5c73eb71e14c09b0d074a4f383318fae4b60e9efafa8cb79950804b735b1eab1e1e056003cfc29ade7af77880c347eb5702bf9768cf9cc9,RAIN,DAYLIGHT,DRY,IMPROPER LANE USAGE,2.0,48.5,2.0,2.0
0bb03bffcba588f7d3d5e09994f21339dbf8bd27d362d3daec4f54cfc3f7da28e24a10f5929955d2b71a3c8b888fd5b220a1f9dd69b81ee4ea26da74d950eb54,CLOUDY/OVERCAST,DAYLIGHT,DRY,DISTRACTION - FROM OUTSIDE VEHICLE,2.0,50.0,2.0,2.0
0bb043a7244f43df9ec65fb4caa4beb923210aa2ab4d26e8ba6f88cfbd368edf8942213bb81b4fbfdcad80e37a2fb5668d8eed3d080488a0d8ecba79febb93c9,CLEAR,"DARKNESS, LIGHTED ROAD",DRY,FOLLOWING TOO CLOSELY,2.0,29.666666666666668,4.0,4.0
0bb0b06f0e543747982badfb571985df410e505e9b410db0b95a233c4d030bf7cfdf4dd82a17ea3e74b1d77c2a29de19f12704728e0e61719df4ded9c1b3a343,CLEAR,DAYLIGHT,DRY,FOLLOWING TOO CLOSELY,3.0,61.0,3.0,3.0
0bb0c046d1499413a24b812f3a6524cde5d0cc2dba04a3b973bac3b603f8d3324c72d9668719fde4ddf1c5fbdcef3a916b5a0561d30f45d89e367fca7edecf35,CLOUDY/OVERCAST,DAYLIGHT,DRY,"VISION OBSCURED (SIGNS, TREE LIMBS, BUILDINGS, ETC.)",2.0,28.0,2.0,2.0
0bb0e88ce6b940d593805cdc620be477bf3434e8ce9ee5cac9d8be7baec8a0e384947a53b98467e17178179ae056c704a4d99a413e8eecee364c9a53d19619b8,CLEAR,"DARKNESS, LIGHTED ROAD",DRY,HAD BEEN DRINKING (USE WHEN ARREST IS NOT MADE),2.0,33.5,4.0,4.0
0bb0f5d888355a89b0ee01aeb398bf91081ea2b9edad277bf62a60cd9cd138aad0c0262ba8e052e18ae0262143ae17954bedf3d7504dd5f060af0aebc7da447e,CLEAR,DAYLIGHT,DRY,IMPROPER TURNING/NO SIGNAL,1.0,68.5,2.0,2.0
0bb116376b3f61913d7e4d10633988d7ac97320d69424506bfd85a9c33dc5d426141346fdfd26aeb3049f8f544400d7c275f021d41cc98e96a8c58fad9ff94da,CLEAR,"DARKNESS, LIGHTED ROAD",DRY,FOLLOWING TOO CLOSELY,2.0,37.5,2.0,2.0
0bb13faba774f1d756b9afd446d02282ef112c1b83173640b4b55f12245802c1fe2a909a9a8349fbfed9767b08600fc0353e883db8bb9404d431b77a93ec74e2,CLEAR,DAYLIGHT,UNKNOWN,IMPROPER BACKING,2.0,35.5,2.0,2.0
0bb1521586897f53e9243178a4f75dc17e6a938daf49e87727c4305d4a3a772b719ccf5f56f1c70dab2acc90c37701893bfac53c45a43cfdbc328ab3cc8ed5b0,CLEAR,"DARKNESS, LIGHTED ROAD",DRY,FAILING TO REDUCE SPEED TO AVOID CRASH,2.0,48.0,2.0,2.0
0bb15bfa0236755464203311ac6c0e2f6990591aba8be8c322beab1fb36fad7a0e164d0548ee8cb79693750347063f11a5c8a80399d83763b614b57ef25aa05a,CLEAR,DAYLIGHT,DRY,FOLLOWING TOO CLOSELY,2.0,44.0,2.0,2.0
0bb1a04888b219bc84930e197b5580bc6702ee998d6f39a8cd354711aea6d85ecff1b0677c95659f9ff6fee9c1fb36f06a045b748594c6788b359333bc452b1d,CLEAR,DAYLIGHT,DRY,FAILING TO YIELD RIGHT-OF-WAY,2.0,36.0,2.0,2.0
0bb1a058ed1e4ee932219ac7b820803c660175e4fe0d57c6c31db5094d5893537c8b343742101870888f6c59e6ae378020977ace3f597e7f987dfec6ea7e61de,CLEAR,"DARKNESS, LIGHTED ROAD",DRY,CELL PHONE USE OTHER THAN TEXTING,3.0,27.0,1.0,1.0
0bb1b203c14d683cf03f2e1530f52fd2b9c82bf6f9ea27b086812fd48a191d92937709e9ff845de102fcd5739634f4f6985c5122c27a0bd48f83830570dd24a7,CLEAR,DAYLIGHT,DRY,IMPROPER LANE USAGE,2.0,37.0,7.0,7.0
0bb1b91f6fc535a5cddf543925d584350d2b48505dbcdfedfa09160238ae2236f932267721ddf66ccc79c8a3f06bbfb036e95414b5a406f8591608ce8e43ca1d,RAIN,DAYLIGHT,DRY,DRIVING SKILLS/KNOWLEDGE/EXPERIENCE,2.0,58.0,2.0,2.0
0bb1f45691e9709b63de59228fe59299bf90461c696c91e57d478f66803a00cd7a8a12f30ceab74d3bf4b4f109ab5238c979841f641ebf821e3bfc3c60a1fd68,CLEAR,DAYLIGHT,UNKNOWN,IMPROPER OVERTAKING/PASSING,2.0,25.0,2.0,2.0
0bb2195bb58bd2186eff567e70c70760e8c3ac8aad8d1ce163602b7ba935057cc79b0169f4546b64765c8ec245cf85b62b45866876c74d5100e83f85adfe95fe,CLEAR,"DARKNESS, LIGHTED ROAD",DRY,IMPROPER LANE USAGE,2.0,26.5,2.0,2.0
0bb2269141972b4ca43682793c010acb51c8f3d082764d5151e4207aecbf8adaf7802990d2e9ea086977c93c6f0b83faea85370a5d12cf06938b991e95229600,CLEAR,DAYLIGHT,DRY,PHYSICAL CONDITION OF DRIVER,2.0,37.5,1.0,1.0
0bb24584715e87f624f868326bdd3a2b2249ce1d565f00b4dc4c13ac1e66d76d91288d0bbcb94fbb93dadd24e1630cab775303f74062707a7e4072a2c43943af,UNKNOWN,UNKNOWN,UNKNOWN,IMPROPER LANE USAGE,2.0,24.5,2.0,2.0
0bb25a3c8b68dc87adbf253fece92a4b8fe2d612b258b904855d2369f87f5f1f023134e1d66336c39fadf8fdd94a796600b32e566259fd3401ab81ac19265de9,CLEAR,DAYLIGHT,DRY,DRIVING ON WRONG SIDE/WRONG WAY,6.0,24.666666666666668,13.0,13.0
0bb273bcf9ec5c7f585b6db1ecddb84673a91ee411b348b9115b569ee4000d82622a9e21a84c806232a86cdb7248b5f414a4e411f16b8c51e6dfd335aa5cdec6,CLEAR,DAYLIGHT,DRY,FOLLOWING TOO CLOSELY,3.0,50.0,4.0,4.0
0bb275405531deba681bdc74fa4524120eb254dc895464858313c42b41ecde769600f9e181749e252a46a16da40215109a8ccee9438200ebd0c960e1560de4f0,UNKNOWN,DAYLIGHT,UNKNOWN,FOLLOWING TOO CLOSELY,2.0,59.0,2.0,2.0
0bb2d6c2cccb3713624781b41fcdbd0b56fe8492b79bb88e7556a9eb8a84ca16bec3f667819fd62840b08beb60867815b9b3ecd64867746e580c11ce542af4e4,CLEAR,"DARKNESS, LIGHTED ROAD",DRY,PHYSICAL CONDITION OF DRIVER,2.0,37.0,1.0,1.0