crash_record_id,weather_condition,lighting_condition,roadway_surface_cond,prim_contributory_cause,total_vehicles,avg_driver_age,total_people,total_injured
0bb2db31d1cb93d3ad07327f2c518bff98bfe2691da7da8c3fcf1f297e599638fce65f63f439f0c29d1aa4e198179a12352f238f6a3ff519b6c01dc7ff8042e7,CLEAR,DAYLIGHT,DRY,FAILING TO YIELD RIGHT-OF-WAY,2.0,37.5,1.0,1.0
0bb2ea42461c06bb9f41a089844dc93ee48484f4f34c0f204cd40b498e297f835c5a8fcc65e1153b050d1915230d42cbe364d9c12681d4dcfc1dcb22ebeb26ca,RAIN,DAYLIGHT,WET,IMPROPER OVERTAKING/PASSING,2.0,39.0,2.0,2.0
0bb2fb06b3ed2e599aa330a07943e28be2a1547c93ce727e71b473022abc55cd7299e8bddcd5ead4869ed9604fa5ba9813d9f9e6dedf0d95c1d0db422af80f38,CLEAR,DAYLIGHT,DRY,IMPROPER TURNING/NO SIGNAL,2.0,37.5,1.0,1.0
0bb2fce4fede3dfd384021e85776d50d460e0f31d06b22cd9b4ee21ae81f347667a08b308f41e3389e026086f9eed6c0b0db28cac8d7fb00219fea27a2163a14,CLEAR,DUSK,DRY,FOLLOWING TOO CLOSELY,2.0,36.0,2.0,2.0
0bb300a90a5be06d55ad7e2fc9f1026be58d514ceb6e2d67bb67cca2cd5690a115533cf7000dfde2c1ad283ef720878ec39e220e4142d8e3bb13ce0f6555dea5,CLEAR,DARKNESS,DRY,FOLLOWING TOO CLOSELY,2.0,47.333333333333336,4.0,4.0
0bb303380eaca4e14ed8f28031a91ac6fd7320fa59a2173a3358d1402c8e9969d98c7c26ccce6c6141d255a11877829537486cf90a6a47449e316de21a69dd21,SNOW,"DARKNESS, LIGHTED ROAD",SNOW OR SLUSH,FAILING TO YIELD RIGHT-OF-WAY,2.0,44.333333333333336,4.0,4.0
0bb3089df2c64e13002c04cd3b5b7f4f134e9db01f731b7ec0502e08764290be02c2743b73585feb75d892d9907ef94fe036598a4ebc35ddf9a767b2007d7a2d,CLEAR,"DARKNESS, LIGHTED ROAD",DRY,"OPERATING VEHICLE IN ERRATIC, RECKLESS, CARELESS, NEGLIGENT OR AGGRESSIVE MANNER",3.0,38.0,1.0,1.0
0bb30dee607cefffaf46cfc6edca5560d0af6d0a44a6ac5597528ca6c76471590bab5750decbcfa1eb7f8ffd9b16df0d29cd140bbef0e66e1518474941b35498,CLEAR,DUSK,DRY,IMPROPER OVERTAKING/PASSING,2.0,53.0,3.0,3.0
0bb32c2da966a7dee7759cb951eb0935b27f5ff190d7614e5dcb0e2d671868ab2f7773fab4db758cf4eabbb8f8c4abcec0c3797907f0c1a8a5fc11d032ec9307,CLEAR,DAYLIGHT,DRY,DRIVING ON WRONG SIDE/WRONG WAY,1.0,48.0,1.0,1.0
0bb32f854b208576687e1fcd8dff0b1b29227c2c8bdd83fdd4bef08f3e43a19397db6fbf04f4345bb73a73739b7da84991396f2ef1318a6cd40813c044ac477f,CLEAR,DAYLIGHT,DRY,IMPROPER BACKING,2.0,45.0,2.0,2.0
0bb33c193b4f79a359f4ee6ac9fba2e6b1d4b4ae9c13ed98902f67bcdbc4ba084a2d79ca0b1548a280b35d6e71e5fd180cefbdd5f4c8ce2337bb854a6f8f3395,SNOW,DAYLIGHT,ICE,WEATHER,2.0,22.0,1.0,1.0
0bb3449d8cbfd9b6c1c5fcfada19f06f5b9b393d6c59d1dd5304994357031c316bf180ddb1ccea19bb791ca4f96607266af8c68aa884b769cc9ce05944a23d01,RAIN,DAYLIGHT,WET,FAILING TO YIELD RIGHT-OF-WAY,2.0,25.0,2.0,2.0
0bb3662ac238de4e668a287ee2b51b94809a0e51ba367493d31b80d5c521b1f6f725018259fe34f3251a350408180b5af690ae62cb96bcb2ff7ea28f916cdf68,CLEAR,DAYLIGHT,DRY,FOLLOWING TOO CLOSELY,2.0,38.0,2.0,2.0
0bb36e787dbf6aa9d1f079f2f5a2fe5c1cccf40161e7fbf4e3d7d371dc3a210ec632ac0b1d33b62f3751b1431c089273b80f7148e4f8d1fb7d8b441e2f92bc23,CLEAR,DAYLIGHT,DRY,EXCEEDING SAFE SPEED FOR CONDITIONS,2.0,33.0,2.0,2.0
0bb374043ccbaa6b99059fcc5e9b64cc0b2f903fb90a129e549c6e455d746881954df103708acda3c242772b3134f662d689496d7d86f1c309dea7d4630a0959,CLEAR,DAYLIGHT,DRY,DRIVING SKILLS/KNOWLEDGE/EXPERIENCE,2.0,28.0,1.0,1.0
0bb392da2687580794d41901f260180e12352d92101bffa3a63ab2c198fbecbc8886fcd9833a05d240729934bd4f917f773f6bd9e4fd0a2aa037754e17088872,CLEAR,DAYLIGHT,DRY,IMPROPER TURNING/NO SIGNAL,2.0,43.0,2.0,2.0
0bb3957f023a6fe8d7fc2966e2cac7e12ae790ba63bb17653d04067ea456d883a666b99b2d235167e5fa6e2f6f6d97d851c0e1154f778c1323c39028f706d41e,CLEAR,"DARKNESS, LIGHTED ROAD",DRY,IMPROPER OVERTAKING/PASSING,2.0,29.0,2.0,2.0
0bb3b2bfd5fc6dfec827ffa98fc205c227007181b5283ce2c76b0be6efc340d9bef0d25f3ee9649f29937b58174c3263544c0ad1c306b429bda187fc7f1374b1,CLEAR,DUSK,DRY,FAILING TO REDUCE SPEED TO AVOID CRASH,2.0,57.0,2.0,2.0
0bb3bf20922091ad794fc31edde2081feb501ce45b79a27de14a45d9455f2ce8657dbc05bebc906883f2d3e2887567b7c2543e63fb08269086f27f5cdf45393b,CLEAR,DAYLIGHT,DRY,IMPROPER LANE USAGE,2.0,43.0,2.0,2.0
0bb416ceed6c75bcc444e66b72e9dc4493808b1fac1d6bfcdd658d526c47a93566eab3dea61305238331c6abfd7a52c871abc94a77c7b91f4038ed4cbb4d8960,SNOW,DAYLIGHT,SNOW OR SLUSH,IMPROPER TURNING/NO SIGNAL,2.0,37.5,1.0,1.0
0bb41a6d75e40161e8f319dabda095193581dc06def31a62fad6dbcdd003aa8262fa0b9635ec23bfca9f0a799a8bb36df2c2d58067d8b5032de52652e904805e,CLEAR,DAYLIGHT,DRY,DISTRACTION - FROM OUTSIDE VEHICLE,2.0,43.0,2.0,2.0
0bb422abe93278b772e029ff1cd6e1cf2bca735ec730e0385942cff0ac81f5d295a44ed75ffe84556c8315221698eca0527f8d2b475db4b82b28bcb46ac92c40,CLEAR,DAYLIGHT,DRY,IMPROPER LANE USAGE,2.0,28.0,2.0,2.0
0bb4335024b3415684a6943716e0517dac9ec96e1418a63d6faf5468e0bdbaddab17998050da057b218411b6dabfc006910998367ab3c562416491a5c408e391,CLEAR,DAYLIGHT,DRY,IMPROPER LANE USAGE,2.0,32.0,2.0,2.0
0bb436094a363477292cc482908593296bc8b53d978162ce5e70c7542882f40da2506e5f838d53d9ce3eb9f258e5562c56c687d9092f548ceb8ffd01825e05be,CLEAR,DAYLIGHT,UNKNOWN,FOLLOWING TOO CLOSELY,2.0,33.0,3.0,3.0
0bb451f4c65d19b08fc57ca862c8d9371d69db66c1b1ef05ac3b10186d327ec093cbaa6dd495a9e85db894f62e5aa8f14273e988ed5764e23a7d3ee696972b9a,CLEAR,"DARKNESS, LIGHTED ROAD",DRY,FOLLOWING TOO CLOSELY,2.0,74.0,3.0,3.0
0bb46840256ea44c7bde095c3ba67eb8d7b8f1c7c5cdea7d7b93b2ab2ffb63124934e54b87b5353327b1e2f8b4ce70ccfe2f1f2fac2e0eaea79b2f0a0c4a2aea,CLEAR,DAYLIGHT,DRY,IMPROPER OVERTAKING/PASSING,2.0,37.5,2.0,2.0
0bb46e28b644bef999e4e1ec111f7deb7084ade997a8889834ca554fba10fd7f6d730963753892cc6e9f8a0c3824342facf3f8d529a142186f632d9b8beb8924,CLOUDY/OVERCAST,DAYLIGHT,DRY,FAILING TO REDUCE SPEED TO AVOID CRASH,2.0,46.0,2.0,2.0
0bb4a3dde2def17a06db91891d5ccf867aab5c73f561f8bfed6ba15269e2301bcf26cf284b14eee3a3d06157bbe0d9e24439c338247c8e071c7edf27485cdd95,CLEAR,DAYLIGHT,DRY,EQUIPMENT - VEHICLE CONDITION,5.0,43.0,3.0,3.0
0bb4cc2a9ed1aba063b5a2c3ce3dc4af75c63c381c906a06ca79f2a261d3856d3984fa8e637550045b947b873a17afe4688f5847761f04ecdc8fc66d9ac2712e,SNOW,DAYLIGHT,WET,"VISION OBSCURED (SIGNS, TREE LIMBS, BUILDINGS, ETC.)",1.0,37.0,2.0,2.0
0bb4d5514e9415ba8873c604565434a594b5c8271273b97af558a4e357499b5230abf3eb8e2073c8e0059c7334c3af5259ab547731cd89192d1a100bbd1886ef,CLEAR,DARKNESS,DRY,IMPROPER OVERTAKING/PASSING,2.0,62.0,2.0,2.0
0bb4d73513985f9f871230bea5885fd6c4a0a01022320318098d2432687e69aea02d80d8c500925401b651f626941bbd4794b644afab1dfde8c4b8b04fbdefae,SNOW,DAYLIGHT,SNOW OR SLUSH,WEATHER,2.0,52.5,2.0,2.0
0bb4e815fadf6d3d47ba068ea2c469fe82d2bdcca82a166d80e31db70f844b99d646539d9a77573aeae3319129be9caa2c1e22928e73dd3573ac04dc410e3222,CLEAR,DAYLIGHT,DRY,FOLLOWING TOO CLOSELY,2.0,37.0,2.0,2.0
0bb4f8f07578e972ac58cab9342659fa19fe7adeef185e278c1b1600f13acdca285b242854020876d26acc92c81030527ce1584fb52cfb476be366949344987e,SNOW,"DARKNESS, LIGHTED ROAD",WET,DISREGARDING STOP SIGN,2.0,32.0,3.0,3.0
0bb4faebe3228a07bb1383f6458a630485d007e73ee4863bae61e39b869bf5090cc349da42f31d1d1e49316c1ab3a89a9667118c92e4f0e0336bcf03f718cfc9,CLEAR,DAYLIGHT,DRY,IMPROPER OVERTAKING/PASSING,2.0,44.5,2.0,2.0
0bb508ea497d6798c02a8ded88519a5f165cc44528aeed9b7a32c794307666bbad202c4053e16965a853d7cb8eb01dcdfdb8839cade394a6e0430a60b1c7a7f0,RAIN,DAYLIGHT,WET,IMPROPER LANE USAGE,2.0,47.5,2.0,2.0
0bb53b10db8e12fc15829b84ec409ba6ba9e89d558ba9b7ba88b006ad72221bb26786b022f380b8038a17016ec691e54d3dc61da806324690b4caf5675b90920,CLEAR,DAYLIGHT,DRY,IMPROPER TURNING/NO SIGNAL,2.0,26.0,2.0,2.0
0bb544511417abeb7e392e4230cf212b2218da578f237bbffea560ca27af1268e3120cfb82ca2b22da28eac70b84175b5945852b7657a5fd0357435f3a8ffce2,CLEAR,DAYLIGHT,DRY,IMPROPER OVERTAKING/PASSING,2.0,48.0,3.0,3.0
0bb54677f9f3e542065a18cfa93f1d388c17fe049c16738a214c4c3507d50b1c285544a2a6f90ed1448a05ee0a21e691777abfec4bffc187e45008284e7f4a31,CLEAR,DAYLIGHT,WET,DRIVING SKILLS/KNOWLEDGE/EXPERIENCE,2.0,36.0,1.0,1.0
0bb562fe8cdb4f46b8ec8ca1bae5ac95ef957e43d8046c0eec2722e4d68696afc27cd2206b1b9e5473f99de693d1b6636d96d3c5eb083d349428924b2c1d9555,RAIN,"DARKNESS, LIGHTED ROAD",WET,WEATHER,1.0,37.5,1.0,0.0
0bb58e4c5b13901fb7259ed2ebe85695a47b4de9f3ccf1c34bda089bf1cf7256d32461918903dc44dae4efc1b2e110a0855901f4f8f729773a48fb502238fb9f,CLEAR,DAYLIGHT,DRY,IMPROPER LANE USAGE,2.0,45.0,2.0,2.0
0bb5be3f773f389e0f6c48740a404789274487e800a4686454f90bab4f84ece2f4f029effd727372dd939de32e911595dd050fd38ac9831bb9f9a95ee013f471,CLEAR,DAYLIGHT,DRY,FAILING TO REDUCE SPEED TO AVOID CRASH,2.0,37.5,1.0,1.0
0bb5d1526f3375978c45404ba9bae2d98a6c91765575a560412bdd41cdb8941ff566b229db98cb60b737c2b746fcca582d7ab1c01cfcd7341be385a9d9947ddd,CLEAR,DAYLIGHT,DRY,IMPROPER BACKING,2.0,26.0,3.0,3.0
0bb5fdda551bca5676007ce8f7513bb3139536fff579679366ea9c04e0158b4faa36f55a91e240e4786cf4c0edd3029a734972df834fd024afecc1e08020946b,CLEAR,DAYLIGHT,DRY,DRIVING SKILLS/KNOWLEDGE/EXPERIENCE,2.0,37.5,1.0,1.0
0bb616e1fecc999beece1399214d66bfc6fa6a59b0ac0f2792c9c0bed5ef2a659c305a8b8502d6560ceb1d0fd5e4ae2ceaf30ba4526b0e0fd639fd2db18b6b34,CLEAR,DAYLIGHT,DRY,FAILING TO YIELD RIGHT-OF-WAY,2.0,39.5,2.0,2.0
0bb62b29cf95ee2acfb47987308fc728ea4a1c9da66eae859cfc6757fd8329e3f3eaf45d2f086a4fa493a76489d03eb8bef1e042b5a8df6b07898285580c4f09,CLEAR,DAYLIGHT,DRY,DISTRACTION - FROM INSIDE VEHICLE,2.0,37.5,1.0,1.0
0bb642f83499eda1a1704e1ee9ae4696b0a24d12b0d53b8c7c209bfc34bee19f9f8783c509e42c22b6b72b2b5e4383ef2699e64f2044699df751cef510559bbe,CLEAR,DAYLIGHT,DRY,FOLLOWING TOO CLOSELY,2.0,22.0,2.0,2.0
0bb6576d78897dcedcdad4ed0c7b2c141254d01d922911272535e9abe80d3392042e1b292c40669f691a4798b974d79bef192415a4ba3dd12d68748b2f191363,CLOUDY/OVERCAST,"DARKNESS, LIGHTED ROAD",WET,FOLLOWING TOO CLOSELY,2.0,28.0,2.0,2.0
0bb69e1366308e6421de317d22e9635534a5783f0eadcef47e0f444661bc62d266e79407f3c27f12d9e178441d4c4350710100d8b249ab5bd35e6512e9a00153,RAIN,"DARKNESS, LIGHTED ROAD",WET,FAILING TO REDUCE SPEED TO AVOID CRASH,3.0,25.0,1.0,1.0
0bb6c7782cb087dc1e6c057ac00aef8986477c399f792bc7b80a762bd1150a5158165cd2cea7400c42be4d54da95ba588e38784a8c104ce78b5f460bed400ee1,CLEAR,DAYLIGHT,DRY,IMPROPER LANE USAGE,2.0,65.0,2.0,2.0
0bb712c25b6f32ee8c3a1b35e540f944f6712785542a8c84e98992498692403caf48caf444046d1938686f64e8eaa360bfc6e1f9e2b12fc2e10757d1f9820752,CLEAR,DAYLIGHT,DRY,PHYSICAL CONDITION OF DRIVER,1.0,34.5,2.0,2.0
0bb7228a4a71694b35750afb694f2dadc78996b78858146bfb1c06537dd23a6d24f5fb92f62ce4d6a51078dac36481a2b3a3d4016c883111c89049360d06b2b2,RAIN,"DARKNESS, LIGHTED ROAD",WET,FAILING TO REDUCE SPEED TO AVOID CRASH,2.0,48.0,2.0,2.0
0bb7346c81b287f3a3d622628b34b1d396f968ffdf8586d8032d50f169a9f711759793d345ead3954804975977758825688788ffa27fe283892dc2756a43dcf4,CLEAR,DAYLIGHT,DRY,FOLLOWING TOO CLOSELY,2.0,41.0,2.0,2.0
0bb75979543b3b4d3b69ad468de8dcc002b45366d376e3c85d7939ad119a33b67aa6fc049bf6219cd98bb57c8ffd1302e561f24680cf6e4332e8223c723388f1,CLEAR,DAYLIGHT,DRY,IMPROPER LANE USAGE,2.0,27.0,2.0,2.0
0bb783fe5e2d47e03530776d614ed91e9391b154f45edf6eedcd791dbf4817cb989fb5f11344779cede3edc2912b8db0ebc5365605ac2cd20c205e4e2d75d462,CLEAR,DAYLIGHT,DRY,FAILING TO YIELD RIGHT-OF-WAY,2.0,65.0,2.0,2.0
0bb7ce68681157cbe6304f851c22c9b31806df9863b79afb3fad78e5c43d2f7af8b486cec95bfd6a308343127a2ecca7075864f92b950e8077a41245cb542285,CLEAR,DAYLIGHT,UNKNOWN,DRIVING SKILLS/KNOWLEDGE/EXPERIENCE,2.0,59.5,2.0,2.0
0bb80dd13eba2fbb37bb48c82720d5ff5bc981c009f83aea215d40da0457ca0845122349f10df054e967f9cbd1420cb083e5f4e2403c7151fcafc653c5d23124,UNKNOWN,UNKNOWN,UNKNOWN,FOLLOWING TOO CLOSELY,2.0,37.5,2.0,2.0
0bb87174b60e420713861bed76d3b57e75a6c121c38b8464bc9305885dcfdde5cd607c9d31ef9390756a2a3a53ff3df417585dd615327271c5b6eb64444bff9d,CLEAR,DAYLIGHT,DRY,FOLLOWING TOO CLOSELY,2.0,36.0,2.0,2.0
0bb87ab07a3479a6706fc144edc8afecad30c7a4236dcb7a03b513155825e13756157bd182087239ea61810f9df04639ec3fbc8801a4de16c305f8b9d7806a6b,CLEAR,"DARKNESS, LIGHTED ROAD",DRY,DISREGARDING TRAFFIC SIGNALS,4.0,25.0,5.0,5.0
0bb87b55c79bd36574c2c310d94fa931c8aa824521a3667ffd409f44e9ed09418259d5e17f9e929d177598050fce2c0cc06322006a35bbe9feebc7d9a3c80447,CLEAR,DAYLIGHT,DRY,IMPROPER LANE USAGE,2.0,33.5,2.0,2.0
0bb895baca0677885e97a55e8bfb7f102be4b2230566e72cfb50e0e49e68186b736336128c71b604d2f441d138ee03fb4792001ba0ae959319fe401dcea5830a,CLEAR,DAYLIGHT,DRY,IMPROPER TURNING/NO SIGNAL,2.0,37.5,2.0,2.0
0bb8a2da579336c2eefdf26fe8b0bcd38fd71938838ca9986c6d3307ed609e2fd55f5a02ddb6dcaa7b62548c0ac157f10205748cd17c73cd2441868c85f2b00f,CLOUDY/OVERCAST,DAYLIGHT,DRY,FAILING TO REDUCE SPEED TO AVOID CRASH,3.0,29.0,3.0,3.0
0bb8b04ea162dbeec5153f4afb5f81b6e26e5e6a28c5ff673ae4a85c17477b66f560bdbdeefbf5f62c29e339bb990073c261558e7300f47ab900e0edff447093,CLEAR,DAYLIGHT,DRY,FAILING TO REDUCE SPEED TO AVOID CRASH,2.0,33.5,2.0,2.0
0bb8c3826954c170f4b19fb751fd5fb000b1e7d7bcbbd2a9803ae22a8ce7b731bf5a7714e704b6d561b1d04d4fd9ced90e25490b03d0a7653b6db0892a36b83a,CLEAR,DAYLIGHT,DRY,FOLLOWING TOO CLOSELY,2.0,28.0,2.0,2.0
0bb8ce1d02cd5fee9213551ff069be97225378f68ef3e7d67f4c48a786530a9ac83b45fd61ec2db1aaf8a2edf344932fe31bc933b0f0fa18506ae6f9597be901,CLEAR,DAYLIGHT,DRY,DRIVING SKILLS/KNOWLEDGE/EXPERIENCE,2.0,36.666666666666664,3.0,3.0
0bb977d2e30ae9818b15209f50a9fc26ad20fd468982cab5930db7e62e661a8f7b8f8b3f60172baf9e1f7860fa637e92eedeecdc2675c9e061a5d031aee3a219,CLEAR,"DARKNESS, LIGHTED ROAD",DRY,DISREGARDING TRAFFIC SIGNALS,2.0,42.0,2.0,2.0
0bb97ca1d77100421087ed5f290bf03a9c4f498d62adb61350df8391f369afc2728daf736303757ce23feed24a5de00dfc55d5aa63eef41cfb40da9dab9da034,CLOUDY/OVERCAST,DAYLIGHT,WET,EXCEEDING SAFE SPEED FOR CONDITIONS,2.0,25.4,5.0,5.0
0bb988cff0db06411aa534821d7c2214f1b753441ba3b72c89c8ad4f49384f1b3349457b35a4bd1acb4d2adc7e014d6dba0032abefe68954d9111dc6e23a9777,CLEAR,"DARKNESS, LIGHTED ROAD",DRY,FAILING TO REDUCE SPEED TO AVOID CRASH,2.0,47.0,3.0,3.0
0bb9ad2d075c9c576d3f84165974f3c5844c69c7c866e04eb1560a9036b2b2bdf9b754ac289102565191bfb2a88626f615ab610cf1c199d94dca1d958f315d56,CLEAR,DAYLIGHT,DRY,FAILING TO YIELD RIGHT-OF-WAY,2.0,18.0,2.0,2.0
0bb9bb8b6dcace9db0e336aad702081da15a16010ac83b9329aad93eb7ea4f9237c4ff1ec0fb8a526d4e09048308dae896c2415de83984b6ce51181f06de2099,CLEAR,"DARKNESS, LIGHTED ROAD",DRY,IMPROPER OVERTAKING/PASSING,2.0,67.0,4.0,4.0
0bb9cbb0390fbe6267df9ed1eef0c83b134f8afa2bb8c3511b5bad308e7d7036186c95ca1deb40c372abfe00b07c5165aa7ed279573ac033e8c5919cfe0a4d1c,CLEAR,DAYLIGHT,UNKNOWN,"OPERATING VEHICLE IN ERRATIC, RECKLESS, CARELESS, NEGLIGENT OR AGGRESSIVE MANNER",2.0,37.5,2.0,1.0
0bb9d6e49dd93d12d9ca98ed6d8cfe39210e6394ded1c3492f62e46055dd221dce5bb1942e49040594e905364f6731203d4659a8482b7bdfbd2e8904b384e60c,RAIN,DAYLIGHT,WET,FOLLOWING TOO CLOSELY,2.0,27.333333333333332,3.0,3.0
0bba28e8782531d3c98038bbe9cddaf40c1d0c4796057036cf6626f4aad156bc2526cb19ce67b94cc5ec8d043f3e14401d9cbd0eaf4f7c1aebc56844406ff1a5,CLEAR,DAYLIGHT,DRY,DISREGARDING STOP SIGN,2.0,19.0,2.0,2.0
0bba5c9192545790524c2af43b8c423619f8d37f9e72acca1feaacb62ea5f2f94f13a68751762dee900d07cf77c545a5fda1aa12886a701076c6311720bcbfef,CLEAR,DAYLIGHT,DRY,DISREGARDING STOP SIGN,2.0,34.0,2.0,2.0
0bba8ce591c992be90705aff613ff41937e6240e03ff4e67faf7a17ea633345616d2a6dc91b40e0e0401b31371c466b52ea4bc1bf55a2589fee5463205777c2a,OTHER,DAYLIGHT,WET,FAILING TO REDUCE SPEED TO AVOID CRASH,2.0,24.5,2.0,2.0
0bbab601ef711d2f051190714f7cc9d838c01ab201a3d9752b85f81a60e8d170dd0f1bee0c64e5b1e79a3b2ebd6ea73c4de2606193bb19886372dad43be5a27a,CLEAR,DAYLIGHT,DRY,IMPROPER BACKING,2.0,74.5,2.0,2.0
0bbb0aa98fa6ab4fd55d2baa51b02e3dd3958bb68b30645e7b2c51c6eac7fd6e0fd00533ef8d5b251a61d93add3a2b6f294ba6289bf78893f101e5c443907bff,CLEAR,DAYLIGHT,DRY,IMPROPER TURNING/NO SIGNAL,2.0,27.0,1.0,1.0
0bbb0b7cb43fa4d540b64c7b7ff1d366dc30453bf16e63b82c470286ed7df8d0ea1c06def6ab8ba8836c7cd5bb1c999df99fdf6f53229173984001a683d97bd7,UNKNOWN,DARKNESS,UNKNOWN,FAILING TO REDUCE SPEED TO AVOID CRASH,2.0,37.5,1.0,1.0
0bbb36d4b37c7920f33156e27dace06b96793647fdac319ea4cfd1b4fd527942de8cc34a36f2694515c8b0a00f1382a828b2cb41e1aae440a0a12e57d8d5ec17,RAIN,DAYLIGHT,WET,DISREGARDING TRAFFIC SIGNALS,2.0,34.5,2.0,2.0
0bbb4bdb798dfd13f0133df50b2fcb98944852cab105a1c4b587aefe846a67d4a3df56894492a96636327a4e4b1a4b606c4eef40fb20e1dc717ad006a58aa180,CLEAR,DAYLIGHT,DRY,FAILING TO YIELD RIGHT-OF-WAY,2.0,13.0,2.0,2.0
0bbb72d0608bba559b999fef057e29b14f5308bf4f9a21bdf3ca2a15e50100ac0eb97b09b9c0764a130e7351dc41acecb701d8b2eecd14c847f756811257e3ee,CLEAR,"DARKNESS, LIGHTED ROAD",SNOW OR SLUSH,FAILING TO REDUCE SPEED TO AVOID CRASH,2.0,18.5,4.0,4.0
0bbb7ddd27311701746e6f9a56738ac4c1d38c833ab955de45865689e06a5b2a5fa4c99c96b924921ac635449253744e215af2930794fa457a29f6c92d8d0389,CLEAR,"DARKNESS, LIGHTED ROAD",DRY,UNDER THE INFLUENCE OF ALCOHOL/DRUGS (USE WHEN ARREST IS EFFECTED),2.0,37.0,1.0,1.0
0bbb903c91fb83bfa03363a9e9395f49e2abbefa1acc0b20ca3efc2868cb97c1e6fd00d22e763c152d026ea2c6b9567c9af5533eaae6d9a5864fd892fc10e0a5,RAIN,DAWN,WET,FAILING TO YIELD RIGHT-OF-WAY,2.0,41.0,2.0,2.0
0bbba4cf6323406aedabc766bba3a54b6c613f7cb5c87d4a6d4b0198dc3a0d68f984dc67cc921933b884533c0d8bd2c779f1202bdef1061ace1bd11fda2cc289,CLEAR,DAYLIGHT,DRY,FAILING TO REDUCE SPEED TO AVOID CRASH,2.0,36.5,2.0,2.0
0bbc0f80a3b1ee6467fd0ae3c3e7721393762ae0d4f7f5cdba4a11f0d705e6f9199985f3b62ea9ac3257421a4b1705e9269476f8353521a3ce7bfa89b3943ee6,CLEAR,"DARKNESS, LIGHTED ROAD",DRY,IMPROPER TURNING/NO SIGNAL,2.0,23.0,2.0,2.0
0bbc189bb11c29e970131a63dc8ff5e48c37d1908f563f9caa3921dd0ef32b1163bce71a5bf886408bdb2a545b5622df33c8c099060b590edf1928902b919cab,CLEAR,DAYLIGHT,DRY,FOLLOWING TOO CLOSELY,2.0,38.5,2.0,2.0
0bbc57701490d337f5281ead61a46270d9da989e65cab2bc0e4ba72575a7439029fa819007d797f5b3540f6d1953f47489b80321318fa09da6dfc2a27b8ced21,CLEAR,DAYLIGHT,DRY,FAILING TO YIELD RIGHT-OF-WAY,4.0,46.666666666666664,6.0,6.0
0bbc585e33dd1b3616e664b506966d511b3c7c5bf74555a5e4b9982ef78dcd5496cb3a4f01ae3591b35d33bb774695ed208c3e22a8c4c31fe35d60db9c6e8466,CLEAR,"DARKNESS, LIGHTED ROAD",DRY,FAILING TO YIELD RIGHT-OF-WAY,2.0,34.0,2.0,2.0
0bbc5e0fefa256beaacf007e9e1946371b9aad46d36f41716c9305c177fd6b9534928691a4ded2f929c8225338043715567bdcecc4eb98145e658bd1f503af02,CLEAR,DAYLIGHT,DRY,FAILING TO REDUCE SPEED TO AVOID CRASH,2.0,37.5,1.0,1.0
0bbc61e9ceb775f887277900ef42443e19db429a8cf2b769eee0184d0710978f40343e002eb7eb3c0e9638e897aa3eea24bca441aa7c6bfc564f9f90d7a4f15b,CLEAR,"DARKNESS, LIGHTED ROAD",DRY,IMPROPER TURNING/NO SIGNAL,1.0,40.0,4.0,4.0
0bbc67c1f21b43301f63f1bd3833c20d31ea679fbfde26d6bf684bd2bec1721a600778075d30a2f86fee510a45197d0b04f1597176d57bd1daffc3012a0e748d,CLEAR,"DARKNESS, LIGHTED ROAD",DRY,UNDER THE INFLUENCE OF ALCOHOL/DRUGS (USE WHEN ARREST IS EFFECTED),2.0,43.0,2.0,2.0
0bbc6a99848b965189743eb5da149b51f51797d239eeb812e61325ea81c693919e9df39601fb34cd254f1a6b1a68517763aa4f3aa4078019193b8da2f6136cb1,CLEAR,DAYLIGHT,DRY,FAILING TO YIELD RIGHT-OF-WAY,2.0,21.666666666666668,3.0,3.0
0bbca43efd4be450be77c626596df9eac410f91ec5d09e560b66ffe141b95fab410d4dc905978a02cdd7ba782c7555682ca77a97750a831ece0e218ec64b6572,CLEAR,"DARKNESS, LIGHTED ROAD",DRY,FAILING TO YIELD RIGHT-OF-WAY,2.0,32.5,2.0,2.0
0bbcaf057bcc7ad3f80c9f49522dfa8d58c48fadcd3cd1453be5e8d961c03e95f3ce46c183d65b4ce890311a79ce68b2187776f529b42e03b8bbd65242abd106,CLEAR,"DARKNESS, LIGHTED ROAD",DRY,IMPROPER BACKING,2.0,21.0,1.0,1.0
0bbcf29d5fbda2276827367b84b7f82839824b2ea5cb804dbe15be2a8cbbe28ba81d1c3a53e60f85876e57a94f591d1a75df9dfca87d1e1ae0cc6f7d92856939,CLEAR,DAYLIGHT,DRY,DISTRACTION - FROM INSIDE VEHICLE,1.0,83.0,1.0,1.0
0bbd5bcf173b788f274b9b84c421819653183822672987a879ca1980c814bcbece05d2805b1de0daa1c43cb6cc9e081adb3df1091b2b3d014cf12d9ae5c0861e,CLOUDY/OVERCAST,DAYLIGHT,WET,FAILING TO YIELD RIGHT-OF-WAY,2.0,46.0,2.0,2.0
0bbd7934551e8ac859bccfe3daa554e3125a4f4da4cba7fabda2331cbd97568c8b7ef5c23c90fa9094183f613796bf285550c2fa2fe68fbcdacad34c0b2dba8a,CLEAR,DAYLIGHT,SNOW OR SLUSH,EQUIPMENT - VEHICLE CONDITION,2.0,72.0,2.0,2.0