crash_record_id,weather_condition,lighting_condition,roadway_surface_cond,prim_contributory_cause,total_vehicles,avg_driver_age,total_people,total_injured
0bbd81a59586b80ea49c0dbe7c2de35398b561caba6b3e1781400063670d1c99bf67025eb71879e2e2aaa9d7dc97a55bdfdaa06cc0b8f303e52090b1de9e3015,CLEAR,DAYLIGHT,DRY,IMPROPER LANE USAGE,2.0,40.0,1.0,1.0
0bbd81bc776ad2a591b8b20e939587da7a75148f458fe5b80d850fd25fcd66ccba8a36ac7226337ee98ca1e471b560f9d26448f2be7ea9a62ab896d0167df39a,CLEAR,"DARKNESS, LIGHTED ROAD",DRY,FAILING TO YIELD RIGHT-OF-WAY,2.0,48.5,2.0,2.0
0bbd8778740efc279129384f118e1488d060a14408bf346ae4cbd26ea256dac9c1dd44a9f1d4bb630c223700e8d789962d08076fe6d61960302413b2036e31bb,CLEAR,DAYLIGHT,DRY,IMPROPER BACKING,2.0,29.333333333333332,3.0,3.0
0bbda33e1df5faab6644fe49be4d4492d9b6c87e92b244844a2d2101e74a8d82de9399008756fa80240e892a3efc8f2fe229411ce19a8822cb2e022c28b51040,CLEAR,DAYLIGHT,DRY,FAILING TO REDUCE SPEED TO AVOID CRASH,2.0,52.0,1.0,1.0
0bbdc4e4a402ddb15141b4867adaff56b209d6e317ff48febea7380e5891f367c366f845ea04200597cf82aad920fc2ad7197e1ec320ca9897520ab2cffe78c6,UNKNOWN,UNKNOWN,UNKNOWN,IMPROPER OVERTAKING/PASSING,2.0,53.0,2.0,2.0
0bbe03d2ccf6f51521deab0e03249cf2483323351d9ae19639e5ca71e3dcc927113193baedf4f088109e722efd09b0c453ea6387f105f252069f8859640d839b,CLEAR,DAYLIGHT,DRY,FAILING TO YIELD RIGHT-OF-WAY,2.0,31.333333333333332,3.0,3.0
0bbe193c3f5d5b06f6d8977354ea2b2b76ddac69cf948173a88aed850d57fee0ca00b6004e09a2d9784d615061748f25a3cf4986b44d14f566b51886090b3192,CLEAR,"DARKNESS, LIGHTED ROAD",DRY,IMPROPER TURNING/NO SIGNAL,2.0,27.0,3.0,3.0
0bbe835c789c875006930d19f2a34c56953df9d72a1550bb9454860ea0e2ab84b52c98dc3c6a0f46135b2c16ea2e1386ce5d114f550b03dd400059f123a60616,RAIN,"DARKNESS, LIGHTED ROAD",WET,IMPROPER TURNING/NO SIGNAL,2.0,43.0,2.0,2.0
0bbe8cc2318e197607a9248e64920b5174e1485505131706ebbe27f71c58e047f407d3e1e163e5397210f8fd0c318b7fd01b4c2cb9a350b70814dd4c7918989d,CLEAR,DAYLIGHT,DRY,FOLLOWING TOO CLOSELY,2.0,24.75,4.0,4.0
0bbe8e82707e7a5b2902f670b75056356295305d41074f1e46dd5c86fb373825318c8dba6deb8a2159457caa3d70c8a7cb42d80f7a1bdfe140268f160f27248c,FREEZING RAIN/DRIZZLE,DAYLIGHT,WET,FAILING TO REDUCE SPEED TO AVOID CRASH,2.0,36.5,2.0,2.0
0bbea25c8fac606398d4d8b53649fc7c6c5a207ca16a5fdff7affceab0c5f8b9d99b41d741a0fe1b29532d405cc7690a87cddcdf5babe0cfb5f56fa3b7d31ed4,CLOUDY/OVERCAST,DAYLIGHT,DRY,FAILING TO YIELD RIGHT-OF-WAY,2.0,43.5,2.0,2.0
0bbeae674a1f1b212e893b5ae21e78f3907b7c6e852b965593f4b954dcdc296e3a89899c81e8c448e1dadacd411c6d58681490f440dace7bb61b7e5206b3c62a,CLEAR,DAYLIGHT,DRY,IMPROPER OVERTAKING/PASSING,2.0,37.0,2.0,2.0
0bbeda29225dc620a164242d96a1904af6e36a0e0ea427e59e4a398a8f255beba2496955da85908ac70ce5a479d92d27c4995c7c1f94d42e65fa3c02f81d1f72,CLEAR,DAWN,DRY,DISREGARDING TRAFFIC SIGNALS,2.0,59.5,2.0,2.0
0bbf15b86ba200dd84b2a252fda48cf43c517f1783e055e6aff9624f2a07a326b1e8ee67c089947452bcbaf4b7c98c750865dbe2332bf4862193de2be8e9cad2,CLEAR,DARKNESS,DRY,FAILING TO YIELD RIGHT-OF-WAY,2.0,22.0,2.0,2.0
0bbf16f0ea4ac2e15794b3dfd367415daffe1fd998e172fc438f3d0f52a4e8c13e57353328635dac276edfd3e7a37681c0e6b54d9861ac4d289994cd43bdd31a,CLEAR,DAYLIGHT,DRY,FOLLOWING TOO CLOSELY,2.0,56.0,2.0,2.0
0bbf1ff7469b9d244a7be382d261eb1fae950bfb9b1bb3800ce54c4cb7470a79be7bd49f8148d0838eb736ca2dc4d3ddbcf6b3fdd0b11292eced51a6df84c838,CLEAR,"DARKNESS, LIGHTED ROAD",DRY,UNDER THE INFLUENCE OF ALCOHOL/DRUGS (USE WHEN ARREST IS EFFECTED),2.0,28.0,4.0,4.0
0bbf3bee00bf8994e3b100686dbded15f6a2a296ab29d972d0c61c39b4d29927c15657f2732897c952937ea0edc25b95af51d62f7695ce9972fb32498466c1a1,SNOW,"DARKNESS, LIGHTED ROAD",ICE,EQUIPMENT - VEHICLE CONDITION,2.0,44.5,2.0,2.0
0bbf7f5b1efcdbcae183884b1f0126f61dcb06ace77a07a42310505e29b65ed7566c0a6b554d54eada49fd420d17f68815c6a0b5c2ffadd74a4e9fe546325357,CLEAR,DAYLIGHT,DRY,IMPROPER OVERTAKING/PASSING,2.0,38.0,2.0,2.0
0bbf858dbf628d03765dbf2ab91963d0fead85fdff93e067845667dc4bb2ecf382a2131307a7f97e3f877bbc506a46c28abced603e712bab8608404e3eb3832b,CLEAR,DAYLIGHT,DRY,FOLLOWING TOO CLOSELY,2.0,38.0,2.0,2.0
0bbf9c8c1f5df755b31410e73404da4636a1ca00160b679fc09f6d9185f4ba472edc4d02c377b013854992d63fcfcbc3b6dc16c39abcec0c636eaaaf1ec966d9,CLEAR,DAYLIGHT,UNKNOWN,FAILING TO YIELD RIGHT-OF-WAY,2.0,46.0,2.0,2.0
0bbf9e5d6da87ef449dfdff229f31798e326cc8715b08d587c074a399b0b87b463d9624cbd92f9361fa30aebff7c531a6f1d9d5403511f2ac17f268934fecda0,CLEAR,DAYLIGHT,DRY,FAILING TO YIELD RIGHT-OF-WAY,2.0,51.5,2.0,2.0
0bbfb237ffaa8cd43f5551f26bdbb94a25474f797f1ff133e4357dd514f02b37cf490494a523ee9bca52df082c364ea0d5bd2fff6339a445ed9e5de5eebf5024,CLEAR,DAYLIGHT,DRY,FOLLOWING TOO CLOSELY,2.0,24.0,5.0,5.0
0bbfdeb6f7ddb96c89593871e1724569f1b09614f7aae35c5d271eb4a6e2fe4b33c3f7571d61920ab6c6dfda1c3a624760b5ed7c8f957b90d3b5a6822402f928,CLEAR,DAYLIGHT,DRY,FAILING TO YIELD RIGHT-OF-WAY,2.0,16.5,4.0,4.0
0bbffbead6556b0a88cacfb6c2813ec1cd4b1d7730937eb211589a600e3b1cbf2493ecfe493a381573608fc1cf99b3f3c32482f31bf1e8605bcc4d4f62ccf83a,CLEAR,DAYLIGHT,DRY,IMPROPER BACKING,2.0,37.5,1.0,1.0
0bc00ecc91b76bf84b53f7d5033ba34ae1ed8499a14d3c6e40e0fe47df053fda80ba727a55d307eef865ae179312b2b05bdd69356b865cea8d80e21ad1dc389b,CLEAR,DAYLIGHT,UNKNOWN,FAILING TO YIELD RIGHT-OF-WAY,1.0,57.0,2.0,2.0
0bc01b87dbd0f4f7fa25e46ae072439c15ff953cb22ea0e2b1cdb8dc44c65d96a0bbcd01c4224a0a8bab0372432471b2c27d8f2328e6a1a717ed7af49a14c7ac,CLEAR,"DARKNESS, LIGHTED ROAD",DRY,"OPERATING VEHICLE IN ERRATIC, RECKLESS, CARELESS, NEGLIGENT OR AGGRESSIVE MANNER",2.0,24.0,2.0,2.0
0bc01dbffaa80a0e448028a2fa8b614826dd0402ba73cad6cb6c6ef45733bf5a33a9a9e1f7074c1bdbc61a6ef34a2a0eef0dcf5e262263689845db7c6d82c2f3,CLEAR,DAYLIGHT,DRY,FAILING TO REDUCE SPEED TO AVOID CRASH,2.0,35.0,2.0,2.0
0bc02a4bc60ac5b08df6acba98277d78526cb7e98f261746132083df0ba7829383f86b4a78d9b4f95688e625b3c0efb3a133284288371da9517b1c8c9ea0f8ec,CLEAR,DAYLIGHT,DRY,FAILING TO YIELD RIGHT-OF-WAY,2.0,29.0,2.0,2.0
0bc02cd5f094df02c7408ca18a0226704fe952c2c9b7128587b277ef60ebcad5f749a3720c5230c4b5717f22e57cad82c1b3f20310c39574dd2d3f00df178b8b,CLEAR,DAYLIGHT,DRY,FAILING TO YIELD RIGHT-OF-WAY,3.0,26.5,2.0,2.0
0bc02f8cef2021a5554e555e66e50bc674e1743e6782c5ede194e8f86ce89315a3369e5dc01b6e8a580d7230f25e212d21c7f293871a1eee26fc13405dc2de61,CLEAR,DAYLIGHT,DRY,FOLLOWING TOO CLOSELY,2.0,19.5,2.0,2.0
0bc03ed2e9073f16aec526794cdc424f0d243eb847d026acf379f41a58b63813703891646ff4e8326a72b298f289dbd159fc25403249686b21ac39958fd99629,CLEAR,DARKNESS,DRY,"OPERATING VEHICLE IN ERRATIC, RECKLESS, CARELESS, NEGLIGENT OR AGGRESSIVE MANNER",1.0,26.0,1.0,1.0
0bc070480d1d92778d56f300597a1fd10d115c80d617b436709083d7e8c10ca020a1b5ca59d51b966d6823fd7e34ed2f503f3f7417b5a758503afd2d43b1a5d3,CLEAR,DAWN,DRY,FOLLOWING TOO CLOSELY,2.0,59.0,2.0,2.0
0bc087040f49d2860dcc1536a7897a7da4cfeb7c5858bbb2221dfc27ad13e0b35994815ffbe88bc4ebae2ab6bfac19b118899d70376be5043ffda6b0faec9374,CLEAR,DAYLIGHT,DRY,FAILING TO YIELD RIGHT-OF-WAY,1.0,13.0,2.0,2.0
0bc092a5267ffaf65b5ffa7ff4a5b2ddb36759ddfa8a3ce40ee088e66085b3e23de23a95444157ce112644e82ec98301b1ebe761e25ca5443e2df96328a2bc92,RAIN,"DARKNESS, LIGHTED ROAD",WET,UNDER THE INFLUENCE OF ALCOHOL/DRUGS (USE WHEN ARREST IS EFFECTED),1.0,25.666666666666668,3.0,3.0
0bc096b9deaacf193bd9fec40bb50231b6c2f35fc02903d7418c8822a17e575d220c6564b987837ca2101c9b3d6a9aa93d36d609e2ab7ea8f2c891d50ba7118b,CLEAR,DAYLIGHT,DRY,"VISION OBSCURED (SIGNS, TREE LIMBS, BUILDINGS, ETC.)",2.0,39.8,5.0,5.0
0bc09f4446382004ee9d34a10d1da3c26db59053482476483200ac430a2e7347ab1e4264735bdc18f09a2a5a8f8efe6ca029239734f5618b8130faf72276afaa,CLEAR,DAYLIGHT,DRY,IMPROPER LANE USAGE,2.0,38.0,2.0,2.0
0bc0a0d3d8dbfbb24270349727120be58e3b90359fab126ec60cdcdc93d37309b9a7a62a1163bcdcb96a341c80b434bc703f7f1cd205e8942dd0ac0e8a4df6da,CLEAR,DAYLIGHT,DRY,IMPROPER OVERTAKING/PASSING,3.0,27.0,3.0,3.0
0bc0d1ec6458dd85db10f12db87fdb4893e1eac9aab5d884aca734fe491fb12d1d6e4aab3cbe072380e6d67f3c2a3bbfd395c83133b62c476c1009868a8cb4df,CLEAR,DAYLIGHT,DRY,"OPERATING VEHICLE IN ERRATIC, RECKLESS, CARELESS, NEGLIGENT OR AGGRESSIVE MANNER",2.0,24.0,3.0,3.0
0bc0ea7eff83dc58aa68cae3b40fd437211c1d8cccdf8696ce0768217d53400600efada40d99c80e4cd35685748ae26f412f2f808061125a115310250bb25a15,CLEAR,"DARKNESS, LIGHTED ROAD",DRY,FAILING TO YIELD RIGHT-OF-WAY,2.0,41.5,2.0,2.0
0bc0fccec8b1e962f8c7012832b15222da64c25555507b5100b86e90204559d0ce71559c7aa8e50a7851cb93720c480117fbec651f2d21cb0cb7b3cc29f676d4,CLEAR,DAYLIGHT,DRY,IMPROPER TURNING/NO SIGNAL,2.0,33.0,6.0,6.0
0bc1103d759c576f31aa853e45b0c2164b05aa69a63032dc7b20312dab8dc03d87cab3702c796dc233df044c495834066cadb039a1655f6a92febe93d901a2c9,RAIN,DAYLIGHT,WET,FAILING TO YIELD RIGHT-OF-WAY,2.0,65.5,3.0,3.0
0bc1192b4f3842a775d70e8deae0271b9d2ed0057cba5ec47b28b2f5168b96592c37f2a5963c3dee6d9786a350997abbdcc6d4034f10ee0e504a6378cf013ec8,CLEAR,DAYLIGHT,UNKNOWN,FOLLOWING TOO CLOSELY,2.0,42.0,2.0,2.0
0bc156517f03bdcf4f1942bcf49abdea0fe8aff962adefd5048bfa342d18c2ff95d0d24b95fbeadb69eb031968ecebb7905eac0edd836d858f6fd230677e4508,CLEAR,DARKNESS,DRY,IMPROPER BACKING,2.0,55.5,2.0,2.0
0bc171c64b7786ebce971fd02811f49de72ae2a811e96c73af838c484c3850cbf5bd6ef7fe313ee63ded108f8733500a8bc784cd5ac9db5ca7ea8bd440c69ab4,CLEAR,DAYLIGHT,DRY,"OPERATING VEHICLE IN ERRATIC, RECKLESS, CARELESS, NEGLIGENT OR AGGRESSIVE MANNER",3.0,57.0,4.0,4.0
0bc17261b428dec47723e5fe4dc269872166b61b7b06dd34edd14a3bbde3e197ac556bbc8e3ac5abc9604fc4a7ebae35510209f1d0d5601963e8a660828ce6b8,CLEAR,DAYLIGHT,DRY,"VISION OBSCURED (SIGNS, TREE LIMBS, BUILDINGS, ETC.)",2.0,44.0,2.0,2.0
0bc1893a3ff092690d358ae825c7c99dc2256e37732241e54357392cd3fd23f9eda418260693857c09c938724520cb41a5e24013f2ed74db37e527a145fcb390,RAIN,"DARKNESS, LIGHTED ROAD",WET,DRIVING SKILLS/KNOWLEDGE/EXPERIENCE,3.0,30.0,1.0,1.0
0bc1b39c36635a1407e69ae22daae210bb7e189d5c84248e41339ffe14ed82fa1c1687af7593626cea97d5ec43f9509045dba37e736d0719eb37e3a01427e34e,CLEAR,"DARKNESS, LIGHTED ROAD",DRY,FOLLOWING TOO CLOSELY,2.0,38.0,3.0,3.0
0bc1b6edf0fe2ab305c3312c3d93889a635a99e94144da79898f153391b397144459b661752fa415338964fcc7878c2fc4ddb9cb72cd0f33d1118b0a40913265,CLEAR,DAYLIGHT,DRY,FAILING TO REDUCE SPEED TO AVOID CRASH,2.0,51.0,3.0,3.0
0bc1cc3937d7f95cff7d2cb2c00bc866d6539f5d9c1e7ee9dc63722006f5faf4935594e0b3abe1df71b3e7a1f76d8b3e2b0d3367427ee2c02dc55080f69acb78,CLEAR,DAYLIGHT,DRY,FOLLOWING TOO CLOSELY,2.0,53.5,2.0,2.0
0bc1cf6b3c4c1cf7202960ebf0241fefa12accc5f0195bda6dc7fcf5a256ef5b7a69b69e552ad7333297c34ecb5607f496aee27c73037a54dc041301ce78c78e,CLEAR,"DARKNESS, LIGHTED ROAD",DRY,IMPROPER TURNING/NO SIGNAL,2.0,46.0,2.0,2.0
0bc1d53d5138ee20cca744c46842f6f46a5ec6d270dc90d27f03c3d37e3ff3cafb7f65ba5894dacc04911ab9a1c64dba719f608f7817afbd01aeb59917c3b9ba,CLEAR,DAYLIGHT,DRY,FAILING TO YIELD RIGHT-OF-WAY,2.0,25.0,2.0,2.0
0bc1e76e6300c860861cbb561a9a08560134ac4e3ed9084fe6e66906a571702be5d5904f3886e56d7dbd32507d69524e216f57593b796fed5b185268a945faea,CLEAR,DAYLIGHT,DRY,FAILING TO YIELD RIGHT-OF-WAY,1.0,33.333333333333336,3.0,3.0
0bc20e39dd6a53a084a3bbf7fd503692868cc44198950c61dad8839140b01ec4dfb9d8912e3acbad4ffd1a6a02c38d3f7f1ce901c93ec0466a74d9f104555eea,RAIN,"DARKNESS, LIGHTED ROAD",WET,IMPROPER TURNING/NO SIGNAL,1.0,19.0,1.0,1.0
0bc2103669103c662a39726b8705d34a92ef18167695349affd6a7d7d4724f0efa3dc94f1cdcfe9dcda0ce951888afb93d2119b19a2c3869bc5168c97635325f,CLOUDY/OVERCAST,DAYLIGHT,DRY,IMPROPER LANE USAGE,2.0,36.5,2.0,2.0
0bc212673ef8267f66570b97135796da1a21f27fe31865a25ec839285160cc0614dbb8640f8a776c9fd1490cc58e2883692e0309495c33dedab68a8554c9fca9,RAIN,"DARKNESS, LIGHTED ROAD",WET,FAILING TO YIELD RIGHT-OF-WAY,2.0,17.5,4.0,4.0
0bc22d7da997e324c246430f793afba0a78d4041e4104dc1a254fb756a205993b65599ec3d49578b8774df2f29d72eb53b14249ed03106c9bf42ca576d2403a1,CLEAR,DAYLIGHT,DRY,IMPROPER LANE USAGE,2.0,30.0,2.0,2.0
0bc237be1718b6a5ce61c4a1512f71f1e609eed707d80371fdede76703c7b35f880d34331ca2eedd41c73dd8466e3025f76f18426ed9ac44f605279a2cc67f7f,CLEAR,DAYLIGHT,WET,DRIVING SKILLS/KNOWLEDGE/EXPERIENCE,2.0,53.0,2.0,2.0
0bc251adb06366da00ef67384e0bfb6084402f6329f7839f98a255317ea66262526620eae4d9bdc56781f4f6269a439bbd8fc44e52821aebb2d58afc62cae655,CLEAR,DAYLIGHT,DRY,FOLLOWING TOO CLOSELY,2.0,40.666666666666664,3.0,3.0
0bc27caa1fa540fcd4ff0b30efd8ecf739b2398d4b0f1f0abfbe51804f97df042ca2ffb9af93f5a0fa27bd041ac6a7a04e734cb4e21f41741632b1816d424ba1,RAIN,DARKNESS,WET,WEATHER,2.0,31.5,2.0,2.0
0bc281c8cc3f1df86267b99d218764ccf064c1713b05801f4d580562fe5d05587c64f871aa3f71196d515d31aef3e888b1931cf03ba6c94106adbf6c4ecd555c,RAIN,DAYLIGHT,WET,FAILING TO YIELD RIGHT-OF-WAY,2.0,47.5,2.0,2.0
0bc297cf2adbe46cb56791fc01fb26975a056ce8ad926b72b66f4e1ce9bcda245bd23b4212b2b67595ce0692e53ef884581ff53869481a3a752b28f6a5664b0e,RAIN,DARKNESS,WET,WEATHER,1.0,35.0,2.0,2.0
0bc2bb838eadfd3821d2b7d4d59c79ce3c8b3c352682e352e274c06718790490019b285d79d4fc48061c74d0499eda1cae2771ba799058502b38638d47278f16,CLEAR,DAYLIGHT,DRY,IMPROPER LANE USAGE,2.0,31.5,2.0,2.0
0bc2ef57d75cdad694d5c68dc493a5245b8888e016208e7211d5f107e05d5107682935016d91f18a52101593c073bc916a002e41ad4cbcd5163e8ae8e2e706f9,CLEAR,DAYLIGHT,DRY,FAILING TO YIELD RIGHT-OF-WAY,2.0,31.25,4.0,4.0
0bc31fc2a54af106d29d6cd88f3edf7ac6439e21ce3ba641d8bfa8305413c83940775d82fb6c7b69c9454d421c49f4487288fb86e38d2b7f86a09a5ce8fca048,CLEAR,"DARKNESS, LIGHTED ROAD",DRY,DISREGARDING TRAFFIC SIGNALS,2.0,35.666666666666664,6.0,6.0
0bc3237ad39220c24c5555ec524494c197532d012ce05c7fdcb0cd8b696dd8de4fe5eb67ebcd2acff5e67634b5f9ea39fd3386fbb6d68b46d76cbda4496ae9b0,CLEAR,DAYLIGHT,DRY,FOLLOWING TOO CLOSELY,2.0,54.0,2.0,2.0
0bc32383f61e605843fb0f496e068833059d3520b0c80c3314cfc04c05bb5f404bc9f746f811890207c926b9a1db2c19d5bd07a6ba79e8946d752eac86d2734b,CLEAR,"DARKNESS, LIGHTED ROAD",DRY,DISREGARDING TRAFFIC SIGNALS,1.0,29.0,2.0,2.0
0bc34493a796df9d4d2db61413f34ced12db7a5bd3161b1829810014d96bdf782d1f0d52fb83ffe850cf0b53e2916dfd68f74e4ac460c310c6ea7ffe2c52b459,CLEAR,"DARKNESS, LIGHTED ROAD",DRY,IMPROPER OVERTAKING/PASSING,2.0,34.5,4.0,4.0
0bc34c16be89abdd8a8d416ded3cc4bca29bf7bfd013833acd1044026cb4f2e8206a377d477a7bcce16b7704227c95c089f38e2fae48c87f4a0871ffb8df6400,CLEAR,DAYLIGHT,DRY,IMPROPER OVERTAKING/PASSING,2.0,49.0,2.0,2.0
0bc36a2de96aa58e5b59f8e9d1f81322e709eaa1623c15e84eecd434bdc92a31811dad29981326af71dfe0e5c730d351b92c71b9606af71b36f7cfb3a5724049,CLEAR,"DARKNESS, LIGHTED ROAD",UNKNOWN,IMPROPER OVERTAKING/PASSING,2.0,31.0,2.0,2.0
0bc37bc52561284ab0a5e15caca450af6d6cf513ec0fad58774755bcc1766266ba27382db01a146ac277fd56b06b8ff9f3f7705c311903c8812a074a9eb32a57,CLEAR,DAYLIGHT,DRY,IMPROPER BACKING,2.0,55.0,2.0,2.0
0bc385c5c4d2457badd85923fcee6602ceb8c687f9ed23a57e490e7365cce6b70ae20100b34fda24751a901df7ff1e8ac775b7e382a0e70bffaed5231b9ebe06,SNOW,DAYLIGHT,SNOW OR SLUSH,FOLLOWING TOO CLOSELY,2.0,35.0,2.0,2.0
0bc3912f99fadc8a88ed8376f9cb91af158e55f9e18ede119d0c8f91a8b82e84dc076d0a8cbd3febe858b4d511a89c131113e44cd29480ee83b63f5d3265bf48,CLEAR,DAYLIGHT,DRY,FOLLOWING TOO CLOSELY,4.0,26.666666666666668,4.0,4.0
0bc3a34c43ff0e7d31f091d25d3b4665286ba3470bf0dc28ec8dd1704d88967cd94e404791eb519ee5fbd8a60058acb2ae5cff44900e7f79c7543fef5526463e,RAIN,"DARKNESS, LIGHTED ROAD",DRY,"EVASIVE ACTION DUE TO ANIMAL, OBJECT, NONMOTORIST",1.0,36.0,1.0,1.0
0bc3b51e0df168baaafb58f336b2dbb3b345cebb299365c7c88765d692e3b011ff07e7424bf7294ee48eb1e16ebd4d3afccdd196cc9d88cfe5330ec35e80503b,SNOW,"DARKNESS, LIGHTED ROAD",SNOW OR SLUSH,UNDER THE INFLUENCE OF ALCOHOL/DRUGS (USE WHEN ARREST IS EFFECTED),1.0,26.0,1.0,1.0
0bc3c3161079919cbe7de10cbb412a362d1092a6c2857c979298c5be34276d0b81ab95150df18a6a146ee8d5068780eaca7cab4a2ee1e00fd3aa20844ec0a1f1,CLEAR,DAYLIGHT,DRY,FAILING TO YIELD RIGHT-OF-WAY,2.0,43.5,2.0,2.0
0bc3ddf12ac9c1cd20df822d988c3b4ace319a7450b54c99e095dad59d8685141aaee3945e16c025e52d663dadacac13d966eb613beb5c88190322553792ea9b,CLOUDY/OVERCAST,DAYLIGHT,DRY,IMPROPER OVERTAKING/PASSING,3.0,50.666666666666664,3.0,3.0
0bc3e4b90c5d5cb5f4d86b606505432d4c23e93253d1590a1ebdf2b4261f0e875abdfeebbd40decf3734418636d7b4782c366f6feb95ae517425794c24ac7795,CLEAR,DARKNESS,DRY,FAILING TO YIELD RIGHT-OF-WAY,2.0,44.5,2.0,2.0
0bc411872c1d499e940128e97a6a31b8c1ee67096a950fbd91ea6da795656d932dd8fecca6f95d74be4e2d4add94e3f78c09f644a1af145cb85343e24ea80520,CLEAR,"DARKNESS, LIGHTED ROAD",DRY,IMPROPER TURNING/NO SIGNAL,2.0,27.0,1.0,1.0
0bc415031fd92ddc68af77d563637263feb1a9a3d8fa5c79910f56c940eb711c5860b49d2bad64b32888d0fa260f7625f2d2db8a5ca4ad940f304822ac672b26,CLEAR,DAYLIGHT,DRY,FAILING TO YIELD RIGHT-OF-WAY,2.0,26.0,2.0,2.0
0bc415c57c5998c8cbfd235d1d3e4d195622ccde9f322a4007537791f26472fe09039670463dee60b6afcbba15985d4fe1c6251c9dc1ce2ed37fcf13ae91850d,RAIN,"DARKNESS, LIGHTED ROAD",DRY,RELATED TO BUS STOP,2.0,50.0,1.0,1.0
0bc427b8a7c005019644099ad12c6aed236310407295bc6cb58233f8a5f2189c06d7f1f3248646093927260dea17bbf0411057352bd8184eef36fb8e219e6657,CLEAR,DAYLIGHT,DRY,IMPROPER OVERTAKING/PASSING,2.0,34.666666666666664,3.0,3.0
0bc42e709f47c84c1bd78acc4c4c9945b5402e84cd9476a90e42a9d421139663528bff647a995216982917f681573a876a7fffa47ebebc0e346bdb2e424583a9,CLEAR,"DARKNESS, LIGHTED ROAD",DRY,IMPROPER BACKING,2.0,37.5,1.0,1.0
0bc4338db6d1c49f9af11ff849db20c205a78e6823db1cda4736f379f984535e5cb9ce6ad976763fb64e1d9428f8143c2ca43c3ffde5139b7e70b6033e292347,CLEAR,DAYLIGHT,DRY,IMPROPER OVERTAKING/PASSING,2.0,59.5,2.0,2.0
0bc4a2738d0d0a7273c39662d1d45564a9cd6caba6366ac0fe47a81d544bbdcb169f2e5f30cc52e1050b963b3d9b00cfc984407bb5a805f0b64b78df0c8f6969,CLEAR,DAYLIGHT,DRY,FOLLOWING TOO CLOSELY,2.0,28.0,4.0,4.0
0bc4e2406b23fc1f8b31e1199a045fb54803f5fb8caaef9b85e2cf1b66ac3f07e0866b48006e245fa73f22d2ca410e26396ad78a1546f7b773066e4216be5bc0,CLEAR,DAYLIGHT,DRY,FAILING TO YIELD RIGHT-OF-WAY,1.0,43.0,2.0,2.0
0bc4eb84417dc16824040f780f06ee91811317305fda36d8781832ed306403a4564e5b15057a3d977d5f1fb9bf020594c12822750adcf3b7cfa3b0986248307e,CLEAR,DAYLIGHT,DRY,IMPROPER OVERTAKING/PASSING,2.0,55.0,2.0,2.0
0bc4ef76708c14ab4b78dd28cc5e1b4a63e095c4cff94081558634e9554938953940214852f661cbdca8a6e454dc9f568c3796420d17ca1f293e9cead61937c3,SNOW,DAYLIGHT,SNOW OR SLUSH,IMPROPER LANE USAGE,2.0,39.5,2.0,2.0
0bc4f4b56d7f3019381d09147105267567fb9f9c8dccf476777d10297a53ff678452eeddec33461e5cffe7e0f9d8a22bd6e1210932d847a2c43661687da27374,RAIN,"DARKNESS, LIGHTED ROAD",WET,WEATHER,2.0,49.0,2.0,2.0
0bc51d776dc879c582cdf909071136b9cf64586dbc4babe1bcfdc7553e2b9a51db0325f6c5abfa5fcfb3beec271458ae1b138c39d3350d6f4fb2a16536639a10,CLEAR,DARKNESS,DRY,IMPROPER BACKING,2.0,41.5,2.0,2.0
0bc5210a43ca38487b189e060e4a57c6b27df38407d0f27d35204d23f13464f6efaa02d784e89feb9bbff4cc2edafa4f1015dd824fbbcdd002ebdb11a40079b6,RAIN,DUSK,WET,ANIMAL,2.0,10.666666666666666,3.0,3.0
0bc5227742ca9f40aa9518104e2cbeb065708b5db11d13c8a53c70f075e263c0e46b722ff8897c83b60c137e82ebb15c723996838b75d819fabf9ae48c22aeb4,CLEAR,DARKNESS,DRY,IMPROPER BACKING,2.0,32.0,1.0,1.0
0bc5322c910d9b0d46a142e6304c3f91589ec1873d055814820392add66d1446867b628b6a2dedaf2fd3d7e355b54fc0ab4f39ca81d6e2add9b27c75c080cf2e,RAIN,DAYLIGHT,WET,FAILING TO REDUCE SPEED TO AVOID CRASH,2.0,25.0,2.0,2.0
0bc574ce223927b55c1dfe8dc8a667a96a30221a2eb605a8c94431b6f212a6d86d97a68849742a83690e00cbbda5652ed1831aebb9bd4c9d4b4b7c3e9a5c000b,CLEAR,DARKNESS,WET,FOLLOWING TOO CLOSELY,2.0,29.5,2.0,2.0
0bc59636ab0146707568f3ffae78578efe37d1f0a0940df03e56346c35d5d3cb5df22c7a536e45e02a7699962da029f183b2d885166ffee7c3a50e02f8735c85,CLEAR,DAYLIGHT,DRY,FAILING TO YIELD RIGHT-OF-WAY,2.0,37.5,2.0,2.0
0bc5a343429c5013b386ca9b52b51a7cba2d6c4bcbd7f3ee3f446ceb1b5179d2c2c08efb8d95a71fd10d148d7b4f9f7f38c2d4465eb898c2477756218094c57e,CLEAR,DAYLIGHT,DRY,FAILING TO REDUCE SPEED TO AVOID CRASH,2.0,36.0,4.0,4.0
0bc5d6e2e957be5bfd539a44dd278f916dcffe54214a0e0f0ecf0ae0b17326b932c1c83ccacb79bc277ae2d9e3c17f660a86378c62f0f0280b6505915feeb512,CLEAR,DAYLIGHT,DRY,"VISION OBSCURED (SIGNS, TREE LIMBS, BUILDINGS, ETC.)",2.0,39.0,2.0,2.0