crash_record_id,weather_condition,lighting_condition,roadway_surface_cond,prim_contributory_cause,total_vehicles,avg_driver_age,total_people,total_injured
0bc5ea45819cf18e9ebd543feba50752e4109e876911861c86d44b3e4f4516af8d57f113b6b522a8fde0e32ca3ae6d3b2a038ac1d576370ae9a411f1f250181d,CLEAR,DAYLIGHT,DRY,IMPROPER OVERTAKING/PASSING,2.0,19.0,2.0,2.0
0bc61656ffe883f582c0d0649e31432b14cf71846c34d4485bec7844e2b864401080ad66e36b04dc3a69129b5b080aaf73ef5b4e8d097ba682720a9532c48213,CLEAR,DAYLIGHT,DRY,DISREGARDING STOP SIGN,2.0,68.0,2.0,2.0
0bc66116d33fa2cb6285337ff5d7b700e98a3443d85821101c880b8506b29210096ed92e6d533c1bce390c9eb4e81f8c6ddbf1fba48ea3403f5ad2625dc021b7,CLEAR,DAYLIGHT,DRY,IMPROPER TURNING/NO SIGNAL,2.0,48.0,3.0,3.0
0bc661e262663c2cd53befc96255f897819370d58fccbe8b9aeb741f5aadbcb9bba21e97c92bc338509643cc11ea12234c63cb339343c93f7813dcda7b4b1b0d,CLEAR,DAYLIGHT,DRY,IMPROPER OVERTAKING/PASSING,2.0,27.5,3.0,3.0
0bc67988887e99f5e9af10c1741b4e615a6ae6f8386b30ddaaf3f2124823c6aba2788e95806d1741452fedc0569c6bf62740563a7cf4144ef5d2f41f7c775dc3,RAIN,"DARKNESS, LIGHTED ROAD",WET,FAILING TO REDUCE SPEED TO AVOID CRASH,2.0,50.5,2.0,2.0
0bc6a42b4c2e46664c82ffa97e9c9be36fdcd32acada8c99a82488e4c4725d2fab2c9052edfda802084ca8624d4107770a3f57f089880b17990140bc061ca3ab,CLEAR,"DARKNESS, LIGHTED ROAD",DRY,FAILING TO YIELD RIGHT-OF-WAY,2.0,50.5,2.0,2.0
0bc6a64517be82384fa0b07b49ed9e449522147d08eb62d1a65089297938797a0b3e4caef704c0b1c37f9d380ad21c01dc4a1603b083944a7cc7ae8fb0e0696a,CLEAR,DAYLIGHT,DRY,RELATED TO BUS STOP,1.0,57.0,2.0,2.0
0bc6df6bb1736a0dd6a0e7ef49eab2b1bb13641a2d076a55c75ac3cb971d37c3abe23c445dfdc439ff1349ae606c9e842a2a091dbf258252e70e54f177984d06,CLEAR,"DARKNESS, LIGHTED ROAD",DRY,DISREGARDING TRAFFIC SIGNALS,2.0,18.5,3.0,3.0
0bc6e0afa2c4229ac4b801f4c2e8a04876820e4b30c03f350644ece069dcebdddc06445a4fb953f2e4721ad2b65ae6309112fc4658fc31cbea981518567b3f97,CLEAR,DAYLIGHT,WET,IMPROPER TURNING/NO SIGNAL,2.0,28.5,2.0,2.0
0bc6fc423f80caf9d583312d7e1909f98591f8cd107d02b8470faa1776908e544df0a8a108ad0a46d921c3413bd85acbf21b90dd7a714ea83fb199b29fd232d4,CLOUDY/OVERCAST,"DARKNESS, LIGHTED ROAD",DRY,IMPROPER LANE USAGE,3.0,44.0,2.0,2.0
0bc71cc7a2153aba5f11e00ac34d33e38b94eb8cd7213bcae3b0aac524223c897fc923186cdd167bd668c117b6e9dbed78a5351233b708a0abe376b80eb4155a,RAIN,DAYLIGHT,WET,DISREGARDING ROAD MARKINGS,2.0,44.5,2.0,2.0
0bc728f58a59a2fcbc8d68bf229b115aacb42a99e70df97e24ca35bff2affc88cd9fe50c881115004a6416828e381611f0c8d324b25b4efc47cb4a3d4795c026,CLEAR,DAYLIGHT,DRY,IMPROPER OVERTAKING/PASSING,1.0,32.0,1.0,1.0
0bc7a620fcfd6087e05569f438f1d8e877cde9b76dcf5b08335993f242bb4864437bae9cfa6bb960ed7b3a5463eb2d60525fafa9e28ca4a2731206f4b998e3d2,CLEAR,DAYLIGHT,DRY,IMPROPER LANE USAGE,2.0,40.0,2.0,2.0
0bc7b7eda0f3a2331758d289d1d3f292ff8a363fda60f1c5f91760a4ba217ae2a2e0d00432951fecfd223f0b50eabdba4a3881c2779588f5733b87b3e66c0527,CLEAR,DAWN,DRY,FOLLOWING TOO CLOSELY,2.0,41.0,2.0,2.0
0bc7c21801e36ae58bd276eb311138f27bbf42f997b8c69d124dd8cd3a4b0d354366f7b6acd4405c1c17ae49f90fdeacef58a646827b982c87645424dde3617e,RAIN,"DARKNESS, LIGHTED ROAD",WET,FAILING TO YIELD RIGHT-OF-WAY,2.0,51.0,4.0,4.0
0bc7c287969da4c988128b53b7403a40775e34c2808c1ae86a12962fb863959b7b32a9e6a77f1b016d694a7dd52a640b3f6a440bcf391b032462cd80035be463,CLEAR,"DARKNESS, LIGHTED ROAD",DRY,FAILING TO YIELD RIGHT-OF-WAY,1.0,39.0,2.0,2.0
0bc7db24ff7da079c2d74d35ab30959e69012046c87afbb06b1cf77929b5fd7f49d06f24e0150cadefbfdaa900e46ab9f66c1cf961dd3c05dd8680206f0637c0,CLEAR,DAYLIGHT,DRY,EXCEEDING SAFE SPEED FOR CONDITIONS,2.0,40.0,2.0,2.0
0bc80cca3bd752f4f8d49140d9fba76b0652904edabe2059c8b2eb8759d1b4f8fb442371084e992a0c158de78516e12277ea715be7a3d17a95cb2a96f090fb2f,RAIN,"DARKNESS, LIGHTED ROAD",WET,FAILING TO YIELD RIGHT-OF-WAY,1.0,45.5,2.0,2.0
0bc81303168c4504ba2ba10b31b4113927c6eb281f82b18212466e586320fb7681666bc0eecd512122fe666eccb849a0a179c3c1f1fe0e74a17ffe403fdff63b,CLEAR,DAYLIGHT,DRY,FAILING TO YIELD RIGHT-OF-WAY,2.0,25.0,2.0,2.0
0bc81a9a55ecacee3e04e01b639f41a285146e6e50b51035e10614bb1a3f5924c936b07988122bd06afc902bee83886c6ddaea03eba547bf9f47ba0c9b8018df,CLOUDY/OVERCAST,DARKNESS,WET,FOLLOWING TOO CLOSELY,2.0,34.5,2.0,2.0
0bc868f2ba7323a56aada7b279ab8fbbafaf8d3d8781a52378e887060749d352efdef69396151127ff8b159d29721519c0c53433cb3f8b3b9a189186ec0b422a,CLEAR,DAYLIGHT,DRY,DRIVING SKILLS/KNOWLEDGE/EXPERIENCE,2.0,32.0,1.0,1.0
0bc8c40a9b83b360c3aa7728190fe0c81e344fdc06e7ee20ccbd686fa98d62f384b5596d3d531395b812d1ff5dbbf8596911f3547c120b4c19b6a41de1a58266,CLEAR,"DARKNESS, LIGHTED ROAD",DRY,DISREGARDING TRAFFIC SIGNALS,2.0,42.666666666666664,3.0,3.0
0bc8ee7670fdacf96a738f724569f90256c1e50d064723f821f3d6f6bfa5ab6eb0d77c1faa63127af3ff1a0d37f326d3813b0380cc0f8734a6b138b9fb0f4a2a,CLEAR,DAYLIGHT,DRY,FAILING TO YIELD RIGHT-OF-WAY,2.0,36.0,3.0,3.0
0bc9194af28e72baf3ca0fc1e35ff75fd3ffe3dc5e1ade21a368c2cdb6657ff8e913e2cf80633b4de73ef76f0556559b5bf3efbdefc777b26f173cac118c0943,CLEAR,DAYLIGHT,DRY,FOLLOWING TOO CLOSELY,2.0,33.0,2.0,2.0
0bc92a12ddb5f37d46ddd75f6c0c69809fe24de45d57eb97655480a6ea2f5a425ce0daeeabc088c8982dcfbc8ed49e1afd3528d9b7c6e4d43847f2e77d89f548,CLEAR,DAYLIGHT,WET,FOLLOWING TOO CLOSELY,2.0,23.75,5.0,5.0
0bc930cb9f53badc781f884b7be5bfc24817c13db803319156ae016eca2062db29ca2d92336e5b1cac9847dcf5c862fa222299eb5169935ce6867e5163e449c6,CLEAR,"DARKNESS, LIGHTED ROAD",DRY,IMPROPER BACKING,2.0,37.5,2.0,2.0
0bc93a3539e17681b5f6384c8667caf96af5187a9d953e18f0554f599cfca0132eac61cea474eaea98f1071063c293c95621f0385dd688551b9f61e974a90f41,CLEAR,DAYLIGHT,DRY,IMPROPER OVERTAKING/PASSING,2.0,37.5,3.0,3.0
0bc9608a54941e09ffc4384a108163c759e85cbeeed5d13370189d66a734eaac7b09a853d9198b9591a8c1ed63ba0b5d23f57ff9dda1362bc9100b6d2895d5e4,CLEAR,DAYLIGHT,DRY,IMPROPER BACKING,2.0,65.0,1.0,1.0
0bc9800e91923177047c748d56dbeca7823b8550a50f8bbe853dea63e79f1920fc960d1f6bf810f2efa33e0f3bbe741e178b19ed8d9a06cd94f8df038f273dc0,CLEAR,DAYLIGHT,DRY,FOLLOWING TOO CLOSELY,2.0,37.5,2.0,2.0
0bc98764a420cb6d55d40650b816aab869f4cfb2a3e5e18939cbbaf2351e9da3bda4c6339cfb0755339518bd19a4f565d856d6829d17f4a766be6f8c8184226d,CLEAR,"DARKNESS, LIGHTED ROAD",DRY,DISREGARDING STOP SIGN,2.0,27.333333333333332,4.0,4.0
0bc9ba8d0d85e1418fe674e943b18013d57122b2e7774462a076d729970d4e71158a360ee64a351a59df97bb765e2ef22475e7052dbbc0a644b9b21effd8f3b4,CLEAR,DAYLIGHT,DRY,IMPROPER BACKING,2.0,48.0,2.0,2.0
0bc9e9494e93e0a3663c57ca01c68caef9b68a205532ba3ce839d86d7ad78d528ddfa8d0cebf04be547ffa1d425e65f10341f35d3117b5f88bfa28903872988d,CLEAR,DAYLIGHT,DRY,DISREGARDING TRAFFIC SIGNALS,1.0,47.0,3.0,3.0
0bca207c2b8f5ccf8c8b32690cbca11b1b3d279b86e34327a70bb515754e151ce3a407bc4a347673a40284ac1b9be79dda82ffb9e8282ceb5e64d02c8c697ae7,CLEAR,DAYLIGHT,DRY,FOLLOWING TOO CLOSELY,2.0,34.5,2.0,2.0
0bca69b6cc83b2c394c02e66259470cb157c81f9dc688990c940f6b69fe73c451d00065aa5dc1921e1f5e7575e3033fadcf4bd175706946dcfc45aa3945adbbe,CLEAR,DAYLIGHT,DRY,FOLLOWING TOO CLOSELY,2.0,20.0,3.0,3.0
0bca6b97e0176cee59b8fbe6d40a4ada619d80a9aabe5c59b5cf286bd61ac309e44050e9d04554f8081e6bafe26baaa60bf532865e941f4f36ae9b7eefc58de8,CLEAR,DAYLIGHT,DRY,DRIVING SKILLS/KNOWLEDGE/EXPERIENCE,1.0,0.0,1.0,1.0
0bca8f6e3599391782df583bbb2ee77d78df93ba1342aa35f1b1681afe5f1cd399e3c69ddecf26f34ffc79ae591fb50ce2767169db1aabbe8ca40c57798d5431,CLEAR,"DARKNESS, LIGHTED ROAD",DRY,PHYSICAL CONDITION OF DRIVER,2.0,25.0,3.0,3.0
0bca8fe5f7b4c9d38a52c4ef8c2659d1bddd8e952f9aef4a1af5459a865b82b906dccdfe9546b4cfd05239af6243656d68acc05ec9b6202a448b5a56a71cea5d,CLEAR,DAYLIGHT,DRY,IMPROPER LANE USAGE,1.0,47.5,2.0,2.0
0bcaaf0e4107a410984b0bdb380d6bbb094177427b2fce3c42da425a91235b765e4752d1a090340f0d8f643de3d11d2d69e9ab6ede2918fbe07765273dc07627,CLEAR,DAYLIGHT,DRY,IMPROPER TURNING/NO SIGNAL,2.0,36.0,4.0,4.0
0bcab4a42b980a94f6523b70149de55933620a652c689569257f27d7c8170302494dc3312d7524e131c2e1f2bffbbf9d2bf9f4499524c1618545a5a763b52582,SNOW,DAYLIGHT,WET,FAILING TO YIELD RIGHT-OF-WAY,2.0,33.333333333333336,4.0,4.0
0bcac9127cb0de2f1e8cb6ec99ced4453b7a14f4d071447c065796652b0fc47d456451b16d89fbf4c81c6a9dad655121b132aa16be2b8cc6a3eec43f5f3a6260,RAIN,"DARKNESS, LIGHTED ROAD",WET,FOLLOWING TOO CLOSELY,2.0,34.0,3.0,3.0
0bcb2abe9e542b8f6ee1964a0cdf64396252b6e6cd082639bbd39bcf9e9de053f088095307fbbf8164455da954a8abd3e8cbf6e8148d2f0bd57dac3cfff8e191,CLEAR,DAYLIGHT,DRY,IMPROPER OVERTAKING/PASSING,2.0,34.0,2.0,2.0
0bcb610ae639d31e785e0ac842d36d192a79999c596bf176fada5243d32feed9cb362974725299e7503471d921c4dc2c9e5448063328add6f75d3340cae52c8f,CLEAR,DAYLIGHT,WET,FAILING TO YIELD RIGHT-OF-WAY,3.0,41.75,4.0,4.0
0bcb98f61c8ad19dcea6276f8b67761089eaf6e9ab1efdda18c5bd3b869a9ff3383f32b996b5c0c09ca753bec5cc755fd9021eb6f55e4c9e12c259cb421c087f,CLEAR,UNKNOWN,DRY,FAILING TO REDUCE SPEED TO AVOID CRASH,2.0,37.5,1.0,1.0
0bcba51c46cc8376b599575fcd7d4fd0faa0dea9acc76e0e314caba3373fda66507ce14535aa56337e11dc1ea21e434823e45625d33312ce46c4fa1fcf4cc84e,CLEAR,DARKNESS,DRY,IMPROPER BACKING,2.0,47.5,2.0,2.0
0bcbca0c43254d01d7cfda5378138f9d52703b18a067cef8492f00d5a70c214f8d056b18b94e9234154cdcdfc50525fd46e73f04d8b14922f80d3d5071f66d19,CLEAR,DAYLIGHT,DRY,FAILING TO YIELD RIGHT-OF-WAY,2.0,64.0,2.0,2.0
0bcbeed7a9204d6c80b9bf967991fabfa9a1dfaf3ea7fe0b33176ba74aa3c14e73e042f340a6b2a82b8a56cd5240bfca71bc70fa902aac5b147535f0c3b4845e,CLEAR,"DARKNESS, LIGHTED ROAD",DRY,FAILING TO YIELD RIGHT-OF-WAY,1.0,40.0,2.0,2.0
0bcc4bb5f8ae85aab0b339dcd7464780a965d02d79f4db09369104f07841aeb44ee7c877d132593f636267746e32f4cbea2ca9a6ee02bab4596762f2d3cdd762,CLEAR,DARKNESS,DRY,FAILING TO YIELD RIGHT-OF-WAY,2.0,46.0,2.0,2.0
0bcc595ccd11c603e80544dd6bce9a425cf616037755bd00586825992ab2cf022adf4a27af13539fa6f751a4269414d293001634a6c9eee656d68690c18c1037,CLEAR,DAYLIGHT,DRY,IMPROPER TURNING/NO SIGNAL,2.0,50.5,2.0,2.0
0bcc5c5790a708a114322b41bc0ae882d9dd30dcf31eb26c12d305e720e62026d7d44cf684f0cfb6c4e521fa3880170b7fd81145755985680c048d765ffce1f1,RAIN,"DARKNESS, LIGHTED ROAD",WET,FOLLOWING TOO CLOSELY,2.0,43.0,3.0,3.0
0bcc5f816cc64db36368f398d350953cf77a78afd30968339f4cd48e247048510a3dff6d2e608dc773d34a189ac751bfd2761bd31c170b116b7e65e74697312a,CLEAR,DAYLIGHT,DRY,FOLLOWING TOO CLOSELY,3.0,50.0,3.0,3.0
0bcc7165ec2dff2650f6ccb5befe7b04dc51b955fee8a21357575628ce6de019e2393b2944fa01c2f891d9885ed7e817c4f8b33430e01608919ae39e47257c29,CLEAR,DAYLIGHT,DRY,DISTRACTION - FROM OUTSIDE VEHICLE,2.0,43.5,3.0,3.0
0bcccf39593c821f7a268183c17134f07ff179d3f86cb040806693ab96ba4389d73c76769b2deba8fceae9823f7a2c105e8e1d4944f53dd845785c892457e4fb,CLEAR,DAYLIGHT,SNOW OR SLUSH,FAILING TO YIELD RIGHT-OF-WAY,2.0,49.5,2.0,2.0
0bccdc217dd434640253be2550331c4069b15ffc0f5accaad1211bb9339c66ab50e754d4b0f37eaa560139d5449272418415f409c4703935f23eadd2da62ec45,SLEET/HAIL,DAYLIGHT,ICE,IMPROPER OVERTAKING/PASSING,2.0,75.0,3.0,3.0
0bcce62910be2a31429f16fa4d8fad0f42cdbf72ddd5a2f37effe9dcbcf2e32611f3bcd11019d1d862e205c630e9c521be20026314123454b1ca0ac5b20770e5,UNKNOWN,DAYLIGHT,UNKNOWN,EQUIPMENT - VEHICLE CONDITION,2.0,59.0,1.0,1.0
0bccf997a5f7d2625e6d37acbb25bb51eddcc5d0f5842ad3b7de40f697e95d901f615e1a1e87cf0e24a97657b3ee58816a2a4d08315c17a4ae11c50adbceaabe,CLEAR,DUSK,DRY,FAILING TO YIELD RIGHT-OF-WAY,4.0,27.0,4.0,4.0
0bcd15de48e2013e667afdde17fcfa7d90268691b546ff25a2eaba33443561967329ad1c9182085ed01e2d20329ecaf289dffbb8ee09793c5d767d07af3117a4,CLEAR,DUSK,DRY,IMPROPER LANE USAGE,2.0,49.0,2.0,2.0
0bcd1c16f860e30d3937047111c24e23386f4d741bcb0cdc29ab4277d7c9c1555e7c564c1c40083481bbd2f1420be4451b777da4ed182362326a13a620843035,RAIN,"DARKNESS, LIGHTED ROAD",WET,IMPROPER LANE USAGE,2.0,40.0,2.0,2.0
0bcd216019fc25310af73edc4becb074842859032fa0490282b35206650feef33f12d915b7a449497b9504a9eeb9c7f5bb26cf1e78eb186a257fbcb8a4d424d0,CLEAR,UNKNOWN,UNKNOWN,FOLLOWING TOO CLOSELY,2.0,58.5,2.0,2.0
0bcd31d09bbc85826ecfd38dcaf755d1a2fb2480edd14c143bda089bdd827bc1d582d08cd89128bdd9013f84b5ae91f1c946b6d22833d530f4a5c21614249e3d,CLEAR,DAYLIGHT,DRY,IMPROPER TURNING/NO SIGNAL,2.0,41.0,2.0,2.0
0bcd3b2694f2c4b0f1c94a7a6762c33856702c304deec050a9f227cf3b9c3a8a41ee0509775b4d4b9fcf1c8b422b90bcee52b592532e125d9f341808036c9991,CLEAR,DAYLIGHT,DRY,FOLLOWING TOO CLOSELY,2.0,45.5,2.0,2.0
0bcd42572e534caeafbbc60128d0d90a61f54263d3b56cdf83444397f1b2733ae22e7a5c6fde8b3106755aecbd2817fb611f7a375eff1bf78705250274a10763,CLEAR,DAYLIGHT,DRY,FOLLOWING TOO CLOSELY,2.0,33.666666666666664,3.0,3.0
0bcd7b3c9ffebf59363b7dea60402e62cc321db5f8a44915ce46023d4df0f8d71e2f96853a833d9b07a257728ac94044e9398669821979ca47c6c0a666071d27,CLEAR,DAYLIGHT,SNOW OR SLUSH,FOLLOWING TOO CLOSELY,2.0,26.0,2.0,2.0
0bcdc39901b1173eceb6fdec7bc643438b42e1bef27d5c6173c66400920c253922f39a2a752d83f32ac8cac1bd3500b1c303dd278ca1daafcdb7089947551cad,CLEAR,"DARKNESS, LIGHTED ROAD",DRY,ANIMAL,1.0,50.0,1.0,1.0
0bcdfef2c3e3610b019bd4a19e52781d1c41205bf986da483caf569edb3b2f8d340323bc36395fc46c14f3e851339c588ddaaded7b70ec9cef6824ba79e87679,RAIN,DAYLIGHT,WET,FAILING TO REDUCE SPEED TO AVOID CRASH,2.0,32.5,2.0,2.0
0bce0486f0b792a7eecbaba15812794d4607c3b0a9b191bf6f92ae4ac9279a50cdd133fc47597375856a87d321373ca017568a711278fa5e0791dbe2e03b7324,CLEAR,"DARKNESS, LIGHTED ROAD",WET,DRIVING SKILLS/KNOWLEDGE/EXPERIENCE,1.0,21.0,1.0,1.0
0bce09b2dfb7c1fdf0239a6b18fce4b7bdcc0aeea9de71a152187b838401d6971ae5c76ec695b6f25ba9ed67171566330ca35a43e6a746a900033259848a1e36,CLEAR,DAYLIGHT,WET,IMPROPER LANE USAGE,2.0,53.0,2.0,2.0
0bce1a28a1a127f8911c51ba6974fccad8416450da5539bcf48429e18bb2302330b3df57226fa7d3a1bc4be7e0ef92a9ee5feaa93e36e1882fbb9a2f533cc566,CLEAR,"DARKNESS, LIGHTED ROAD",DRY,FAILING TO REDUCE SPEED TO AVOID CRASH,6.0,37.5,1.0,1.0
0bce23aa9a889140051e70e0437e185673f03528630a5a931d80ad5a43b816249e45411d2524bfe0b4e9e5126d6e7c548e13adb45d683802983bf93c10506c4f,CLEAR,DAYLIGHT,DRY,IMPROPER LANE USAGE,2.0,44.5,2.0,2.0
0bce2527d3ea8dc92c0a8645109bc97b61db6bd6945493c5738f39bb29360074490d4831a05885a7af2b37eae8c11562a0fbe403be102a171839b64f3f9a1c74,CLEAR,DAYLIGHT,DRY,FAILING TO YIELD RIGHT-OF-WAY,2.0,37.5,2.0,2.0
0bce3730aa3411e10c87bacb6e1ce47ca2cfad73bbfaf3389a288bab4f78f2cdf7fa397e90ca1b546f31c4603eb12863f6243322ba344b27ad2538786ebb328c,CLEAR,"DARKNESS, LIGHTED ROAD",DRY,FOLLOWING TOO CLOSELY,2.0,25.5,2.0,2.0
0bce41701d5eb8648b80df0f44db0976243847d66797b3f041a5b9f7be8bf1b039c99b573ad0aa1be702071220dba9ec357d58d3449fada0125ca88fd0a65844,CLEAR,"DARKNESS, LIGHTED ROAD",DRY,FAILING TO YIELD RIGHT-OF-WAY,2.0,40.0,2.0,2.0
0bce5ff54cb4b9ea9a09e3667f8884fe6283ab2491a0c5244f5afb9e92850b2815f6693c868c94da8c6ceb40355db7f1826aad6689eb41c53c3ee70b38ce4b07,CLEAR,DUSK,DRY,FAILING TO YIELD RIGHT-OF-WAY,2.0,31.0,4.0,4.0
0bce6a16553f2f310f04b584fe859ca7aa4dc3dfe7ef5cb00bddd67f37741fc8b0a53f0816d412b4c3a670fd3bdf8388666900458ec6da87cc3b7db40a4d3b50,CLEAR,DAYLIGHT,DRY,FAILING TO YIELD RIGHT-OF-WAY,1.0,36.5,2.0,2.0
0bce6adee5d925181349e994159302cd8d7f49c6b0ac218d8ec7af8720ad31af5ef499200765d2ca8847e3b9e080ee08f958a6e11b455c44d1c7fffc884e9c54,CLEAR,DAYLIGHT,DRY,FAILING TO REDUCE SPEED TO AVOID CRASH,3.0,34.333333333333336,3.0,3.0
0bce6db3a53b4494bf3805a8c6b424c4765cbabb3acdfd7c05e772d6d5e9c0bfc7c1a206d018cdf4278afb1d44f383ba3f12d5e13820b2ad370c1e0df04494c6,CLEAR,DAYLIGHT,DRY,IMPROPER TURNING/NO SIGNAL,2.0,37.5,2.0,2.0
0bce76886686c116013a879bc6c05b57031e97ba8760c0f73c2f4737f138504880f94aea8e42c69a4a0b6c5ee267b502e3e4e7fccec89f3bc54195c7636b3ca7,CLEAR,DAYLIGHT,DRY,IMPROPER TURNING/NO SIGNAL,2.0,27.5,2.0,2.0
0bce86c7b36a67606aa1f2b5073eeb47a87c3b4f60e52471e18de5d64a909f7869bf307f81ee23fbc8b6f49fe0f2fc23b06eb3db649c2b546aa6c22e17042f85,CLEAR,DAYLIGHT,DRY,DRIVING SKILLS/KNOWLEDGE/EXPERIENCE,2.0,38.5,2.0,2.0
0bce8db182924ce7ac5344107d13ccc23ca17ef9ba15c0d4b0b5ffd825af584b59d0e6885ef20df88e50d744a263601b434075317944024d0116c95275d23446,CLEAR,DAYLIGHT,DRY,DISREGARDING STOP SIGN,2.0,0.0,2.0,2.0
0bce96a4e506ca3a1e794e25fd50069aa70151534431dddf23d6a878baa261581a013c12d795fa0d2619d4c9f21b144ce3ce4700ca6f39765809906cf674e765,CLEAR,DUSK,DRY,"OPERATING VEHICLE IN ERRATIC, RECKLESS, CARELESS, NEGLIGENT OR AGGRESSIVE MANNER",2.0,37.5,2.0,2.0
0bcee7d024bfde1c3cecbc282604ddab16846411f5cace53d1169a79e830b7b0ae44c8ac64556baf59ce0784cf62b040b8787df53e480454725b8a00d8b68fbb,CLEAR,"DARKNESS, LIGHTED ROAD",DRY,DRIVING SKILLS/KNOWLEDGE/EXPERIENCE,3.0,59.0,1.0,1.0
0bcefe25e5d2fecb51996362c4460b7ea9603c028f9dc65e28bef610552df4d1062b7a8c1def35c5860be3b8cd88d2b2aff0900f3bfae5679a7b89010fd1495a,CLEAR,"DARKNESS, LIGHTED ROAD",DRY,FAILING TO REDUCE SPEED TO AVOID CRASH,2.0,49.0,2.0,2.0
0bcf02231c0765cc81a02bf8f7e9a867025a3c9726c698740eebf3119ebd7bfa7eb1f3d2d93532cd49a3e49c9a6efc0c25f23ba34f622c3013a07db8e6fe6a12,CLEAR,DAYLIGHT,DRY,FAILING TO YIELD RIGHT-OF-WAY,2.0,38.0,4.0,4.0
0bcfab11abb3b9b73795d47417233b6dff1e64ca5279f314397aaef033606ac8adbc53e7ebfeb882f6bf140c18615643e5c9c178fb6f9b52202b5060afe40bb5,CLEAR,DAYLIGHT,DRY,FOLLOWING TOO CLOSELY,2.0,51.5,2.0,2.0
0bcfea4ded26233cf3c908d3603a0996081c4e9c3fb00f5e50222b5d2e925e3a9002967e48febbe8962c0ffa506d3ebbfb1d4d36ff5e1d2eb8683b453b168167,CLEAR,DAYLIGHT,DRY,FAILING TO REDUCE SPEED TO AVOID CRASH,2.0,37.5,1.0,1.0
0bd00b0e8f1db67b223214480b656c22129add99924d7eed7853d7d412c9104cfbaf73d1ab9e8d362320ddb09db4be905219dcf799f1185f249b6993ba2dda06,CLEAR,DAYLIGHT,DRY,IMPROPER BACKING,2.0,39.0,2.0,2.0
0bd00d11b19dde323f2fff0d294d78193dbe0afed7471760556dd2bd282f41b97c3a0a8eb166f6b42f7a78db14394dbc876f39cac57b2844c3b5809f1e34fae1,CLEAR,"DARKNESS, LIGHTED ROAD",DRY,IMPROPER LANE USAGE,3.0,37.5,1.0,1.0
0bd00f9ccaa9f6246e65b554ced5e7a9679ee95ea35897f3d1048161fd7cff766e1bc5b89005dc5a1aac6bc28a55d396623bbf37c0e5928ae434ad4026e2e9d3,CLEAR,DAYLIGHT,WET,IMPROPER LANE USAGE,2.0,20.0,5.0,5.0
0bd036048502cb413c7b64f413c4d828ec7a95eb980971de8da765b4e305e9c3d50d735e6693080a48f4d0e4563f6b56e1c5f2ed141ef3eb5cbb39370ef0a1e3,RAIN,"DARKNESS, LIGHTED ROAD",DRY,IMPROPER BACKING,2.0,28.0,2.0,2.0
0bd072868f4ad6c5cc4cb40cd077c50b460cdb0087f0595effb5ce3e4bcb6d5c6ac90264ee1691c096fa532c79990b86899b1155ba665352425a612262699c54,CLEAR,"DARKNESS, LIGHTED ROAD",DRY,FAILING TO YIELD RIGHT-OF-WAY,2.0,36.0,4.0,4.0
0bd0875da5a77ae487ed4360d9a9f83e8291b46850f49ff923668c26abf2729b8c8549637c2649b80fb0769431fa4fa5eb1cf8a72d312df4e4565c6a56328963,CLEAR,"DARKNESS, LIGHTED ROAD",DRY,IMPROPER LANE USAGE,2.0,22.0,2.0,2.0
0bd08ba6ac055ff8aa5abb3652cd3f8fc597a49fdf2bbdc9a356afb18d85c20644acf1ab165258930c1e09bdf799be6fc5c83b0b11ef0ad5b38e60e86d2c549b,CLEAR,DAYLIGHT,DRY,FAILING TO YIELD RIGHT-OF-WAY,2.0,31.0,2.0,2.0
0bd094975a13a9d14cdffa676e2f113aa2130a7d365d1f677f3d5b6f93aab7e02b73487d39b1fc990e23690fab910181832b7c253edc42816a30d5e72c91a371,CLEAR,DAYLIGHT,WET,FOLLOWING TOO CLOSELY,2.0,42.333333333333336,3.0,3.0
0bd0c210e4c4137c249aef0305ff9474197e63a4bab088cc1d78d855ec58018ea04f4c22963f96de0639bd813a24e508aa39b6941e82981f6ceacb549974f352,CLEAR,DAYLIGHT,DRY,FAILING TO YIELD RIGHT-OF-WAY,2.0,56.0,2.0,2.0
0bd0e58f8af516a0a79454004eaea2f83681034dc5ccd4d87bce0ee5adc04ef1d7a7b2080615adb633518e93d2f2b8e183edacfedee871d73dabc21c0c2cf820,CLEAR,DAYLIGHT,DRY,FAILING TO YIELD RIGHT-OF-WAY,2.0,43.5,2.0,2.0
0bd11221be6a24a1664e7970ccf665c56752dfef7ff6f51c302a107aa7405e2a8acfe1472cbb348c2624edade581a582bb4940e093e37ad8437226a9d9a2d94b,CLOUDY/OVERCAST,DAYLIGHT,DRY,IMPROPER LANE USAGE,1.0,48.0,2.0,2.0
0bd11622229e04716d02665b382a46f813a7ceb55f7ba5102d8b672591af198862c0f03d3da588f832dd3cbe0d99df6dac6d64171120837b5d69095bf80c8b9e,RAIN,"DARKNESS, LIGHTED ROAD",WET,"OPERATING VEHICLE IN ERRATIC, RECKLESS, CARELESS, NEGLIGENT OR AGGRESSIVE MANNER",2.0,36.0,3.0,3.0
0bd12398c0dfbd0536c4dbf9ac09a92d70d4a92f772910568ba604d9ace8dcd590e64c4ec8d66ab7133ada8baf8a0b3fab1287b9c3722aabe9740d80552c02e6,CLEAR,DAYLIGHT,DRY,IMPROPER LANE USAGE,2.0,37.5,2.0,2.0