crash_record_id,weather_condition,lighting_condition,roadway_surface_cond,prim_contributory_cause,total_vehicles,avg_driver_age,total_people,total_injured
0bd17140ffcad4aab1fcc9b271a7afcd6628218aa75f560a858b3384f4bf810528216ede8d42821b42fccdc51b0ea4472b7484d98439c8f52026b035ef722b15,CLEAR,DAYLIGHT,DRY,DRIVING SKILLS/KNOWLEDGE/EXPERIENCE,2.0,37.0,2.0,2.0
0bd185a0336699c71f912549ad85674653b0665ea098fa2ad1346609d15a848c7522511c8767fc77a5fb7740eeaaa7db0bf60ae4e45227d4d7cb4f4e165d16e2,CLEAR,DAYLIGHT,DRY,WEATHER,2.0,52.0,1.0,1.0
0bd18dcfbef990157b64f82633eb808a0b6939d951dca2d9d5c00392f5b99693e99d56fc1a16286a9ff71cbbc8b9d3f9abf473e6ea79a7160d425d3e430dbc71,CLEAR,DAYLIGHT,DRY,FOLLOWING TOO CLOSELY,2.0,34.5,2.0,2.0
0bd1c67156f00930671d417238cfa1e74fe1841823fa6e63eb1b090b20bb327b7165f19ed2f775c8e3f9b50eaf697aa03c4a97c0ae069cbd98584f1bef661627,CLEAR,DAYLIGHT,DRY,FAILING TO YIELD RIGHT-OF-WAY,2.0,33.5,2.0,2.0
0bd1de462597888d14cdbd80aa65c911d4529ae530ac64fa20459f9c3deedc6c8df54003d4acdf5d8fe15053eaf6ba2f6322a58f74cf397e2564fc2c24c47e7d,CLEAR,DAYLIGHT,DRY,IMPROPER OVERTAKING/PASSING,2.0,55.5,2.0,2.0
0bd1e05f83cccc3a2473c0599b1099a5f94a91013283f86832be66b7cbee982eceb2901dc75447b0f5ad4cce1e878e7ca8ac288818849820220dc62fe4269600,CLEAR,DAYLIGHT,DRY,PHYSICAL CONDITION OF DRIVER,2.0,77.0,1.0,1.0
0bd211161814d4193b69689756494878fe8273ac36027352a58625e49e333bcdc913829300393ee8b19ed1518541819c4989509fbdf74eba96ce532e735a6dcb,CLEAR,DAYLIGHT,DRY,IMPROPER OVERTAKING/PASSING,2.0,37.5,2.0,2.0
0bd2250589eb611450e4678fee0599130e93a4f933e4873a5dccb37fd2078e6b1b42dec160d1944455365dc9e055e3144901d8ed8f4b171ad1643e9e0438dc56,CLEAR,DAYLIGHT,DRY,IMPROPER BACKING,2.0,55.0,1.0,1.0
0bd22acee96ead978024bb08497ffc92f0ce10cb4606f1d1dce6c545c477b2851f3e078b25af87b747c0d47fd6d043d0b4ae8a2e17c050f6ac6cba2e63389a64,CLEAR,DAYLIGHT,DRY,IMPROPER BACKING,1.0,37.5,2.0,2.0
0bd265193eebb7ab33a8f7f9b9839e5fc0f52bd331548acc6c6d290ae51bafffd5d7f67a332b16aae6c80706e42afc8d5cce8d858af0edaf3beac18db008391e,CLEAR,"DARKNESS, LIGHTED ROAD",DRY,FOLLOWING TOO CLOSELY,2.0,49.5,2.0,2.0
0bd2660d3bcb0b02e17aaf3c58cb5044a18c88c4198c3f5cce6f7fe7a6bc9eb24d7a7585359a1920bcbad66a0e4d2f19f715c2654a26327eb2fdbac1cbfa2dd9,CLEAR,DAYLIGHT,DRY,FAILING TO YIELD RIGHT-OF-WAY,2.0,37.5,2.0,2.0
0bd271ba4079f4dde5be5f7b37eb2835f62889af58d210e1b1319bea0e4a5ea92c1385b8e385373cb344c4c22e92079b412917d7e8d9fd725a4c451bbe3e5da6,CLEAR,DAYLIGHT,DRY,IMPROPER LANE USAGE,2.0,52.0,3.0,3.0
0bd2b98a9e628e79f13f0c986d345b0e43ea66a8b437ddca75e37f4df853ba779bf9560ca3d81f6fde31b79e84fc9b07a6f20b3b3e34e44750f2e8d105f786f8,CLEAR,DAYLIGHT,DRY,IMPROPER TURNING/NO SIGNAL,2.0,40.0,1.0,1.0
0bd2bd7a97f13fe953dc4d0d11e04adf674a28dc42a1b4323b151d0a2af5deb1e5ec0bff0b69249eba09180a2f912d1d55e757c5877ac857eb48960a4de9f7c1,CLEAR,"DARKNESS, LIGHTED ROAD",DRY,FAILING TO YIELD RIGHT-OF-WAY,2.0,53.0,2.0,2.0
0bd2e450e257118facbd2a93b7f36ea4418f481ff652d9c02b55c8a58a4ef4e3d0522e1ee70d8cfa239904ddc0c74c3b9fc01867bac2dfd2a782eb139951eeb7,CLEAR,DAYLIGHT,DRY,IMPROPER OVERTAKING/PASSING,2.0,45.0,2.0,2.0
0bd2eb1049a2c975ac24332ee796a1ff25e175b97bd26d516fc3d258da11027139de42d6a3e33a6c3b5b333bf6bc5d2b29e00f2f67e2519bc3544eebc641994d,CLEAR,DAYLIGHT,DRY,IMPROPER BACKING,2.0,47.0,2.0,2.0
0bd2eef9cbd98df5b46c3bcadbec9a1e86d6c01794b882e0099580c6e5591ab082a53e276f6fa80feeaeadfb2a10625eda34be448b700b317348b97e17073016,CLEAR,DARKNESS,DRY,EQUIPMENT - VEHICLE CONDITION,2.0,28.0,2.0,2.0
0bd2f88412c4e0fb34148153d4bcc5df2723e5dddacbc04671b441f8b6832a204528d0197f23d151bed77726c3eaa7632f6b998b0aecc4a466ff70d3df8ea6a8,CLEAR,DAYLIGHT,DRY,DISTRACTION - FROM INSIDE VEHICLE,1.0,52.0,1.0,1.0
0bd3227d28eaf183c7fb5534a7689b9518f06e1deae99804b46540d5b61446a0854b2d1c90c441066a0c218693624ef038f401709a559c227baca7c2957aa021,CLEAR,DAYLIGHT,DRY,FAILING TO YIELD RIGHT-OF-WAY,2.0,53.0,3.0,3.0
0bd339db28cb4486e2fe17acc4db6056412f074056dfe41785131c8292210afbb046888d869965407d44182a3604a7eaace34fb39dbde271354456abdb4c1f65,CLEAR,DAYLIGHT,UNKNOWN,IMPROPER LANE USAGE,2.0,39.5,2.0,2.0
0bd391ace98adc221d454d7765147305ac01c2f58c1785af1494faf51cb48f21a871bf42d1bf8b409075cc10afebc29d4eca06b159b82c213e5d3bab54371033,CLEAR,DAYLIGHT,DRY,IMPROPER LANE USAGE,1.0,40.0,2.0,2.0
0bd399ececc110a886271dd886e52f84f606c26347ca518e420c605674b0b9b3d83d4d117da186dc9c8e28609d6001345e332be9a1461fd1847b7ffd9ca01ce0,CLOUDY/OVERCAST,DAYLIGHT,UNKNOWN,FAILING TO YIELD RIGHT-OF-WAY,2.0,52.25,4.0,4.0
0bd39f13de76ccb80087715e7fc2cda35ee2ef0888627442013ce4d8a10d36d1acaba577b7af6c87c6da2227912af3de8c054afc693fe1f3b5ef6d204c8ab7ae,CLEAR,DAYLIGHT,DRY,DRIVING SKILLS/KNOWLEDGE/EXPERIENCE,2.0,19.0,5.0,5.0
0bd3da3b7060248a3181895a6715a8d38c7b3344a8353f17e2ac2efd7b92e884bc9b5d44e37b211fb03cb5f903fab0f436ec05776c8050947f728af3d97b8519,CLEAR,"DARKNESS, LIGHTED ROAD",DRY,IMPROPER OVERTAKING/PASSING,2.0,2.0,3.0,3.0
0bd432fe649aa11b2f795d61a7f62ce200bc277423b5a3325c0d92b42458e4071bc3404ec33eb6281e09251965f84229718d8750b817533a9e8dfc50dae10c4d,CLEAR,DAYLIGHT,DRY,FAILING TO REDUCE SPEED TO AVOID CRASH,2.0,35.0,1.0,1.0
0bd46e73e0d9d1623960f33061344a0a62f057c9026bed7795ceb1d966d2f5f350cdc2648e1adcb0bf7b918411a2178b38272ca937c4f54ec098890079811cfb,CLEAR,DAYLIGHT,DRY,FAILING TO YIELD RIGHT-OF-WAY,2.0,22.0,2.0,2.0
0bd46fc742aeaf076c9b4312a214bfb538c0e3feffbcead5f43551ae08f300ec9ae9cf828a21891f7077aacc6bc37eceacfc3f4cbfe62d1e43d0c320c448b7ac,CLEAR,DAYLIGHT,DRY,FAILING TO REDUCE SPEED TO AVOID CRASH,1.0,37.5,2.0,2.0
0bd4b8b145e77fd600989e6f738faa66cd63e46d7ceb8377b1ac1bd10df823e05134aecc9692cf369e6550bd60bbca44b9bb3f731ecebfb470fa0fb272fd805a,CLEAR,"DARKNESS, LIGHTED ROAD",WET,IMPROPER OVERTAKING/PASSING,3.0,33.666666666666664,3.0,3.0
0bd4c610992ff98d6d0f00a14ad226b912c5f7853a78724366c61a3576db49dfde9f11ff06fc4809be63b4523414718dacc3870aea26cbd1730220d9bf147d70,CLEAR,DAYLIGHT,DRY,IMPROPER TURNING/NO SIGNAL,2.0,33.5,4.0,4.0
0bd4e15af61a316b3ec0142d010e091ea88b58d75e1aa6016ec9b5c86c93888d08bf31bb8bef6da0ca9685ac2a9839d0b5e9b1d0e8ace482cc1486db893f07e3,CLEAR,DAYLIGHT,DRY,IMPROPER LANE USAGE,2.0,44.0,2.0,2.0
0bd4fb3065a3800533dcec0b15c51fe738544e135213e8bafa60000251f3bb470f8343a65d71b85d1ac9a0d8b756927dce9291b3ba354177e92af257320ba06d,CLOUDY/OVERCAST,"DARKNESS, LIGHTED ROAD",WET,WEATHER,1.0,37.5,1.0,0.0
0bd4fe35df98a3b2dee0240867508ad25fd4119fd2303524037779cba6be030bee60b135265a81b7bbde243cc4dc0beae4d286fcceef46e354c2d04ac6752ced,CLEAR,DAYLIGHT,DRY,IMPROPER OVERTAKING/PASSING,2.0,37.5,2.0,2.0
0bd51235bf2f20368ca7b5cc2d660d47bf557d47f45be5627e7e62b2904fd3071a12d9e3723214c2957e4fdbddff1e5bbb1978f46839482603c770602990e43f,CLEAR,DAYLIGHT,DRY,IMPROPER TURNING/NO SIGNAL,2.0,57.5,4.0,4.0
0bd5198790ea1a0f19e07b174521a763a50171810fc334d56e5ee2c65353a63a9d727e6f6496105e9f72648fc85241d9ef0e0c20bd57a7998258614974619634,CLEAR,DAYLIGHT,DRY,IMPROPER TURNING/NO SIGNAL,2.0,30.0,2.0,2.0
0bd53cb61dd08b2cda9f056589f322c0b990308dc7b0616a82a304b91bdae37263e13b5846f8544b62da2d154a4552233ed5e510516672b8cf6744c0f8b8e339,CLEAR,DAYLIGHT,DRY,DRIVING SKILLS/KNOWLEDGE/EXPERIENCE,2.0,39.0,2.0,2.0
0bd53ee177523734de95c35e1c754d65f20bdcfdb309a63f3e277785e33cf94d41fad47cb44758f71cc6268d358ddbb46b33c1cbd5109bf7c51f7f77b03e71c7,CLEAR,DAYLIGHT,DRY,FOLLOWING TOO CLOSELY,2.0,62.0,2.0,2.0
0bd54167e05d6b125b54f4f8cc2a41823b559f6ca8da2ebae14a403d0641a46f38f66317e1dfbe524d1931bbf5803e50f992b136fa24943b98ec96388529a1e7,CLEAR,DAYLIGHT,DRY,UNDER THE INFLUENCE OF ALCOHOL/DRUGS (USE WHEN ARREST IS EFFECTED),2.0,42.0,2.0,2.0
0bd543f6648041e3ad49150994b36268fe60c8569b643f07796607affda5253b5daa1ec7ea00193e20fde38d389f9e53792d04c3123346ec50b019c7a95e2db8,CLEAR,UNKNOWN,UNKNOWN,FOLLOWING TOO CLOSELY,2.0,37.5,1.0,1.0
0bd552d805e6b345d3bbdf6790bc2ded93b13728775e38d2318e223419cd6f38c053e4a8d1948c70e82d9a28fbd4fa39c22bff2f435494b7a25cfaf47f9f801f,CLEAR,DAYLIGHT,DRY,FAILING TO YIELD RIGHT-OF-WAY,2.0,37.5,2.0,2.0
0bd56f637cb325110d0f6cc11af5b71b136e9046df214e2451d5d154227fd3d5cb1cffaca81ffb3864fbea0dee8f6cca3cdecce32c1ffeff4290395d557ea7f7,CLEAR,DAYLIGHT,DRY,RELATED TO BUS STOP,2.0,42.0,2.0,2.0
0bd577e92046b5bceed9df69700412db359d169d7f81e3337ae8a32f0b99be8e963807d81e21b2327b613cc68f588cd44fc762bb4096cc7165f28b229c83f940,CLEAR,DAYLIGHT,DRY,FAILING TO YIELD RIGHT-OF-WAY,2.0,79.0,3.0,3.0
0bd587531fc5e3812c95ded2dedf15fd7d4ff761e6ad6536e8a8232cf398759357ed8b26c2b81ca83a2afc1e1bbc06ed897857475c2fbfc7eec650f6e8c7a720,CLEAR,DAYLIGHT,DRY,FAILING TO YIELD RIGHT-OF-WAY,3.0,57.666666666666664,3.0,3.0
0bd591e8aaff8e8266a0fdf3850c2a2dffd51b88bdbd372e965ec5cc0f9b94c617a9cd70c9f8775f321641fcf3819352cf1e936ee7848868ab836743f44e2d49,CLEAR,DAYLIGHT,DRY,RELATED TO BUS STOP,2.0,37.666666666666664,3.0,3.0
0bd5a2b4b4402cef95023ff56992a3f83980850209eddc16b7b2a3d1a5043d6f3c7aba935212ab399e7aa09ed60392deb63be005837686a15f50000beb7525b1,CLEAR,"DARKNESS, LIGHTED ROAD",DRY,FAILING TO YIELD RIGHT-OF-WAY,2.0,38.0,2.0,2.0
0bd5a3f82314936eec744a45d36e701c5a7c632f1f8a18262d8d8b8246f37921cb2bbb935970119f9a7bf6e8594b9d49f4b168f30b75bbc73e370dad8df78fb8,CLEAR,"DARKNESS, LIGHTED ROAD",DRY,IMPROPER TURNING/NO SIGNAL,2.0,44.5,2.0,2.0
0bd5a5957d78b99237d6ba2b6aa6f63770611da04c9febe2981613e066e425f9bf8c202c4874d6e1d6dc2cbbfa473e6053045d65d1a6458f30177361d2bc6926,CLEAR,DAYLIGHT,WET,FAILING TO REDUCE SPEED TO AVOID CRASH,2.0,53.0,2.0,2.0
0bd5fb1d8387a011fa08e8fcf7bc246777276c7eec90ce7617a8a706a4041511aeffbda0d2490ea91c1a39feb12dbcc30fa09c756452fa06775371b56f1310bf,CLEAR,DARKNESS,DRY,FAILING TO YIELD RIGHT-OF-WAY,2.0,36.0,2.0,2.0
0bd60b67530bd2c9f7c7d7c770bbdbc7afdba68996be887acc8fbdb3066a6aab00a03a006b9acd0da9e9af596ae1170e4c15a2db96daf2a5d37645d1fe78097a,CLEAR,DAYLIGHT,DRY,FAILING TO YIELD RIGHT-OF-WAY,1.0,22.5,2.0,2.0
0bd62121f19698f2086d279a8f84cead8a59b2c671c75542bd776565664cf9fca04b5964af45a64ae12697a1589ab23c61bd5cfb292ea4eab267efe8fa062452,RAIN,"DARKNESS, LIGHTED ROAD",WET,IMPROPER OVERTAKING/PASSING,2.0,27.5,4.0,4.0
0bd635dd3e41e5df4ffdf06586cd074aed0613a8b86011fe40e3bbe9a96133b4eda52e0137a0b431ed6b9b19b0c81d371766779e5bdd74f3586df980408e3fad,RAIN,"DARKNESS, LIGHTED ROAD",WET,DRIVING SKILLS/KNOWLEDGE/EXPERIENCE,2.0,27.0,2.0,2.0
0bd636775ec84cba6eea6844fb4d056c0241f1c399041e5a0c4da5283a4586a24c316fc1ec811f0f3c00cc3bfd9c4aff2bfcbb5efd4e3261b16c913c4236dd24,CLEAR,"DARKNESS, LIGHTED ROAD",DRY,FAILING TO YIELD RIGHT-OF-WAY,2.0,33.0,2.0,2.0
0bd659967f93bdb10004ded46e21e5259139780f240446782876d105a51dfbe4054790022be6dce6a1e1625188c86720b09adfe84407f0c1d6bb2868d3a4acd1,CLEAR,DAYLIGHT,DRY,DISREGARDING TRAFFIC SIGNALS,2.0,29.333333333333332,4.0,4.0
0bd6612a49e2fabf66a78ca2c1506f1ca792440c893dc01c7f94f29695af438a94ac3b83bd73df4ca160aaf1bdc310317a684a13cba02662f454c6cfc9c8eb59,SNOW,DAYLIGHT,SNOW OR SLUSH,WEATHER,2.0,36.5,3.0,3.0
0bd672c151d4f7699e3a7ccec922efb0ba8ebb2b2c5f2e894f16362265707b3e37e25087b5ab9c5e3e53453337be87b355e718fc38ca8aeb272e6fc4ffbbe95e,CLEAR,DAYLIGHT,DRY,"VISION OBSCURED (SIGNS, TREE LIMBS, BUILDINGS, ETC.)",1.0,48.0,1.0,1.0
0bd6af90841924c0f547221efa25f2aa4bd0da81c05d8585fcfae2c007b0ca60e21619fe896803a0280aaee4bc49b131595423c2b3b0549b952299dd67f68847,CLEAR,DAYLIGHT,DRY,FOLLOWING TOO CLOSELY,2.0,22.25,4.0,4.0
0bd73f2c4384f73848b52bc95c45ff33019296992bc563e6b30dc67f716bd4fb06d2694a32fb420406760f721d449240038264c6fa6e3ec1f26a98e8e774b503,CLEAR,DAYLIGHT,DRY,DISREGARDING TRAFFIC SIGNALS,2.0,52.0,2.0,2.0
0bd7540407e420a8851649ded680fc83ee5a1783a94e86d8ed9c06eb2a3ec90259a4a2872d1536b71d4b22d85a05a138919c3884011a3d46451b42c8d54d3b88,CLEAR,DAYLIGHT,DRY,PHYSICAL CONDITION OF DRIVER,2.0,40.0,1.0,1.0
0bd760abc3b88f75595d70f968c111ad093c78754248cdee8f04173581dc59667c6251938af67a4aca7ea698c6762f05acdda441fa81b3f5de7aedaa058692bb,CLEAR,DARKNESS,DRY,DISREGARDING TRAFFIC SIGNALS,2.0,48.5,2.0,2.0
0bd76765df5b0a2cec2e90aa2d8691221854822bcb256abdaae3b0f9deea59fb67a15b3331baad01bf87bd03646b05ae087f8984c2d129b72296c441464c44f5,CLEAR,DAYLIGHT,WET,IMPROPER TURNING/NO SIGNAL,1.0,63.0,1.0,1.0
0bd77cefd4611de5390eae6c123e781a760e3eacdf32bb0b735d07bc8ef7c9d8bbd47dc289876adf2ac6929aed612488c783367c31a0f500e96d155f3c8826ed,CLEAR,"DARKNESS, LIGHTED ROAD",DRY,PHYSICAL CONDITION OF DRIVER,1.0,28.0,1.0,1.0
0bd7919d48c52abeab667d60b5b91fd46d722508e5190f0cb6d880a85dfed1b265a47e32005ee3ce7f71d1b0b829d31d0dca2aa5e68527c716f3f57d800da2e1,CLEAR,DAYLIGHT,DRY,IMPROPER BACKING,2.0,29.0,1.0,1.0
0bd79704b7ba37f46e64e619bd0288448b796ed2edd7c03138e32506f5b055ebdb9fccb554e093e4af6d741736dda40704998c4ad9c1e4c6352ea9e27e001447,CLEAR,"DARKNESS, LIGHTED ROAD",DRY,DISREGARDING STOP SIGN,3.0,24.5,2.0,2.0
0bd7d1d1793b8372afda209914f3c7bec32b6174d5e0882573129d0d4787e6fb17a20f5c3c2020818103ea44b3975988d15d838339ad7c9afb70bb3e90251306,UNKNOWN,DAYLIGHT,UNKNOWN,DRIVING SKILLS/KNOWLEDGE/EXPERIENCE,2.0,37.5,1.0,1.0
0bd7f4fb779fe1fef9aef6a47ce44a2e386a36ed80976f69a164ea6fb935b2a7217210a842dc50865ee2e2cb981552c4e26d74fe10ecaacbb1d858af5f8434e5,CLEAR,DAWN,DRY,FAILING TO YIELD RIGHT-OF-WAY,2.0,38.5,2.0,2.0
0bd80486028602d8782195cace10d30086a3082a6b2a1552f0dfdb1ac9ff3684261ebaffc9b270a650c27a22d76c29e1867e09e1cf8b306cc5b9ea45bd7a6864,SNOW,DAYLIGHT,SNOW OR SLUSH,IMPROPER TURNING/NO SIGNAL,2.0,62.0,2.0,2.0
0bd80aa1da0d3895646417cd2c61212695257073109ede70792f2633817cbe5ffa773ee2581054300db1387060146f82f7c0916ce689d6188e9a401cb7c50537,CLEAR,DAYLIGHT,DRY,DRIVING SKILLS/KNOWLEDGE/EXPERIENCE,2.0,18.0,2.0,2.0
0bd8114e083b99dc1117c42ad3b0bd96b5a4871dd934c34133505ff4e95c682ba7f221b0eb6e7fa579cd23695f429551981f5dc4bb9e61c40ec10239518d17bc,CLOUDY/OVERCAST,DAYLIGHT,WET,DRIVING SKILLS/KNOWLEDGE/EXPERIENCE,2.0,34.5,3.0,3.0
0bd81600bf04a1d8d7cb4db402c3823a243b7cbf9a1f8a44c6aa3d686b7d4c0bc54dc141694435667e27baa6b7ae656e17b51035e79ff116b7af54f2ea46e8dc,CLEAR,DAYLIGHT,DRY,EQUIPMENT - VEHICLE CONDITION,2.0,29.0,1.0,1.0
0bd828d7d3e7649be986a5afff7a98f02a4a16ebe1aabd48b6b457a28f76796790c14700c8042c7e3ce54963ff3b5fc1dd50b44193d7da974cb99861a8737f6b,CLEAR,DAYLIGHT,DRY,DISREGARDING TRAFFIC SIGNALS,1.0,37.0,2.0,2.0
0bd82f5b72a8af8a3e932945fbbe417b256327fd83346bbee15cd7b0f426d1b643b2b2bdd5b55fe1436bdabea4ac17cd2822caccf795c37a31f4496589b6062a,CLEAR,DAYLIGHT,DRY,FAILING TO YIELD RIGHT-OF-WAY,2.0,24.0,2.0,2.0
0bd85d26e4ff0b14a2cf40a4973c80acaca9c9db8bf3bd2c16af4c780a556d730c9918571a68c31275348d973f741b6534ebdda0e47c187d32b9c263e97c3c6a,SNOW,DAYLIGHT,SNOW OR SLUSH,IMPROPER LANE USAGE,2.0,32.0,1.0,1.0
0bd861ba5eec89de929af6874970d4c3e94eeb9b3b136197e014af2cb07cae961588fd53e1e028d28707012478fabd0166be889edd834a39c3dceb0657c56c18,CLEAR,DAYLIGHT,DRY,IMPROPER OVERTAKING/PASSING,2.0,38.0,2.0,2.0
0bd8a2a153c90810c84e43cb55cee5550ad643a59a0f0c7327471dba4111452338b665c657447b2c739b00c5a99d355440c7b64bc268142d79f3e16aa591697c,CLEAR,DAYLIGHT,DRY,DRIVING ON WRONG SIDE/WRONG WAY,2.0,44.666666666666664,6.0,6.0
0bd8c4c37a6a810bbf439f7ffebf02b7576b47a655566a2c8ff255e5664fd8a49bff02d1c7487af14748498a297949399fe7950e4de22a5dff2962669539734b,CLEAR,"DARKNESS, LIGHTED ROAD",DRY,ROAD ENGINEERING/SURFACE/MARKING DEFECTS,1.0,31.0,3.0,3.0
0bd91aa1db104ef6abce215b17b12b05448359aee00013a6884719dcab6515c7474bc5e6ab6bc8e8ac50614e5fee87b8689029f389fa3f3265537a5bc3996537,CLEAR,DAYLIGHT,DRY,FAILING TO YIELD RIGHT-OF-WAY,2.0,46.666666666666664,3.0,3.0
0bd91aa5b675f82af61d4f1cee84eacc14e8d49164a349da83c4e2e2cbf3f527542ed677b09164cb0107e77b5ccc1df1ef4c779ecbfea5c4ecfd32d8805391ef,RAIN,DAYLIGHT,WET,IMPROPER LANE USAGE,2.0,37.5,1.0,1.0
0bd91c0a59753b10fc1f0e0111e10e85c5b0b3115787740ef398fff3d07922dc8ef3b5d22f83994cc33a58fdf32df66dd4e81634434849e95daebc0d340d90f9,CLEAR,DAYLIGHT,DRY,FAILING TO YIELD RIGHT-OF-WAY,1.0,19.666666666666668,6.0,6.0
0bd9209de98df2b7b56560d4755f65af7aa64967a331132e1f9536473876159a229a279de8672dbf4d88f2501c2283098e44b7a8cd3ebb729cb691afc4583c8a,CLEAR,DAYLIGHT,DRY,DISTRACTION - FROM INSIDE VEHICLE,2.0,42.5,2.0,2.0
0bd93e28129338929ecec510d1b9924859b81a8644c4516ce662a853c05d9fb01c4a1df935c97541f56094af3463e47f842d76b201eb858e8bf596934d117cab,CLEAR,DAYLIGHT,DRY,FOLLOWING TOO CLOSELY,3.0,24.0,3.0,3.0
0bd95aae327acbcce21ab43e30d5c21eb5493be5234d4c4b8a04f09be5a2c753eb206988e8b757af2cd8b216e0da425d63c10646cd3a0a617284d586d974233d,CLOUDY/OVERCAST,DAYLIGHT,DRY,"VISION OBSCURED (SIGNS, TREE LIMBS, BUILDINGS, ETC.)",2.0,62.0,1.0,1.0
0bd967bf2abb1b45780044e53b40569a676b994b5f21992206372b7b6f58f0f4cb795d899274968a5a68616c2bd32ac42a149d431983d88a3a21c8048bdc7275,CLOUDY/OVERCAST,DAYLIGHT,WET,TURNING RIGHT ON RED,1.0,28.5,2.0,2.0
0bd97064918d563e254e6b1e78c273d53fee37aca7820c03967b043e4834e3d8325f82d0c0c1b67460e1fad6add01d4531351d5523376bcad5d6bd999c58302e,CLEAR,DAYLIGHT,DRY,IMPROPER TURNING/NO SIGNAL,2.0,66.66666666666667,3.0,3.0
0bd9a2da1b1d8423150b3e9d9dc4151f72efda924957f21fa69fd342f80f65029357ef28ba2aa2bada7f669bfd89e877b48059c483b070bdf2ddfc05a8f864dd,RAIN,DUSK,WET,IMPROPER BACKING,2.0,60.0,2.0,2.0
0bd9a3cedaf6e1974fb30b9603080c11f0cd9b6e29e655511b8d4b9da308be17edc3907633d996ad956f579b6305e3367ddc16edd621ea3d9e023cb43033ade0,RAIN,DAYLIGHT,SNOW OR SLUSH,IMPROPER BACKING,2.0,39.0,2.0,2.0
0bd9ace61238a0eb770d2bf6ac0243185ae5e90d858bcf889d79fd7e8da41194b574c60005a3c23346b52a65c78f6fb35610cbdbca110825d1c5a3220bb4c43e,CLEAR,DAYLIGHT,DRY,FOLLOWING TOO CLOSELY,2.0,38.333333333333336,3.0,3.0
0bda093c798eef03460809d3bd0c0f3f82a055602dc5c6f1f4c45fd4337ce05f4f6a76b507e6731e3fc821fdd766e2e880b8eeed1d4d5c407c95618aea76f918,CLEAR,DAYLIGHT,DRY,IMPROPER OVERTAKING/PASSING,2.0,21.5,3.0,3.0
0bda180474269e8241dbe7d32cc7b52135f8117d8043ab4ee6a8f146e1e567335d5cb48c64efbbdc075c7b01bb5cbda27bf82c9760c71922c1d9cc3e62687779,CLEAR,DAYLIGHT,SNOW OR SLUSH,FAILING TO YIELD RIGHT-OF-WAY,2.0,21.0,2.0,2.0
0bda19161cb81828ac925b8801a88860d4a97859f447467082eda9a12fdc42994f2a4be8a849657a192322f2582908bcfb688a341b0d77ffc72840a963c41d63,CLEAR,DAYLIGHT,DRY,FAILING TO YIELD RIGHT-OF-WAY,2.0,70.0,2.0,2.0
0bda2321fd628b4c51547beefadf4a7a08a74b7a53734f01f5f73ed530061a6ab05852d371b1dd0702999955d6a67912fb8659c70538085bc3bfe948b1d60795,CLEAR,"DARKNESS, LIGHTED ROAD",DRY,FOLLOWING TOO CLOSELY,2.0,38.0,2.0,2.0
0bda2c229cd9bc18e562f8f6a749aec825da406008f94410205fe171cced3b3c19ab09d5c46009ece8ae27ed694b2147f0562bb6c4afad6fe3346ca25edb41d7,CLEAR,DARKNESS,DRY,DRIVING SKILLS/KNOWLEDGE/EXPERIENCE,2.0,37.5,2.0,2.0
0bda2f0e22f6d0e18f41368d6c85c3e46237073585dc166d1bde22300ba2c982698ca46f7a57c379ed85a9763bf7a01a921d040bcea8239d1bb33001277c5f31,CLOUDY/OVERCAST,DAYLIGHT,WET,IMPROPER OVERTAKING/PASSING,2.0,48.0,2.0,2.0
0bda4c71fbf4c2c98072349c3354e3cf76b0256df84485c67dccbad51705670b72da248911a5cd6bf20ab9dcbe274d625d2121d1ab680a3137818ec2ac4675e1,RAIN,DAYLIGHT,WET,IMPROPER TURNING/NO SIGNAL,2.0,21.0,2.0,2.0
0bda4fa968b7b584120fa2672b5302d819b5546292ed5be281748d13c4e908628ff36634a086c8ad1ab85b4b02ed2137b6abd185b14410b5a6041b22eda95af2,CLEAR,DAYLIGHT,DRY,IMPROPER BACKING,1.0,83.0,1.0,1.0
0bda6ccb4c85c9bbbbaf0dacc3b0485081157eca56ffceca0f14aab35e85a9bc0c7d77c5f2ff4beff1c5f20db9e5ab1e32aace480f052f82f973d562cade8ea7,CLEAR,DAYLIGHT,DRY,DISREGARDING TRAFFIC SIGNALS,2.0,45.0,3.0,3.0
0bda80c1efdda24626fdaf0cd8047f4921aabcd3c082eba1efde11c1c37176a89c45799ad8e875149a92db5e712971db42ad74d9a8a467ac6078551b3a6deded,CLEAR,DAYLIGHT,DRY,IMPROPER BACKING,2.0,88.0,1.0,1.0
0bda87099598803e3ce0e98fc3138a5bffd58f27f7a8b21fbf4b4a5bd1547238a1095902c534c3de050f253cbadea49a33f549e924e01ad02694deef1fd52aba,CLEAR,DAYLIGHT,DRY,FOLLOWING TOO CLOSELY,2.0,80.0,3.0,3.0
0bda90c718a042fe4339fca01bf76b21c2782846373740f27b51bf75dc8825e45ebc76e3fe90fa8a1f3436e5aabbd4b691ea3e9523024a106d7f29794eb78e22,CLEAR,DAYLIGHT,DRY,FOLLOWING TOO CLOSELY,2.0,37.5,2.0,2.0
0bda9205ed7780c54e2ea94ac8710bb4ba18e93244e6c6a58214ff79995857bb65f5809b9a883f7e41ce496ed91b35ff5bbc4d26887dddd505413f6ff7413e46,CLEAR,DAYLIGHT,DRY,FAILING TO REDUCE SPEED TO AVOID CRASH,2.0,35.0,2.0,2.0