crash_record_id,weather_condition,lighting_condition,roadway_surface_cond,prim_contributory_cause,total_vehicles,avg_driver_age,total_people,total_injured
0bda97db756d364c0f67fc486939bc7e12ee07779512f2dac08a7fe998759f6daaa6a4e3a99d71bbf54dde86061c20598112092e6a0406c60aaa893072b3ebe3,CLEAR,"DARKNESS, LIGHTED ROAD",DRY,FAILING TO YIELD RIGHT-OF-WAY,2.0,24.5,2.0,2.0
0bda98803bfa84ff6f69b2c7574cc3daf735282bc587cd22d2b013a247a5ca2ac9e464a831c49d6afda5fb3dd67145df82989bae7133aac6110ce53d1e5e5cce,CLEAR,"DARKNESS, LIGHTED ROAD",DRY,CELL PHONE USE OTHER THAN TEXTING,1.0,32.0,2.0,2.0
0bdab35f2d528701c587a6eaf3f0b37afc2c4ea0208d549186f0897691d4819a5dcf64a7315733da7ede17974b58dc23ab3903ca7226540e0d1538f277c65e89,CLEAR,DAYLIGHT,DRY,FAILING TO YIELD RIGHT-OF-WAY,2.0,66.0,2.0,2.0
0bdaedec24fa26f83e2987832f272c1917106fa94d095cdb1cae1487ae65647cb284d958dfcd90ba071b40b4ff558a40d3ea652fce25d52ab0052d7eb722cae5,CLEAR,DUSK,DRY,FAILING TO YIELD RIGHT-OF-WAY,2.0,59.0,3.0,3.0
0bdb0f133492af448be8b3eb8a57eb20a2145a66d23bb291fcedd8a4beb0bd424035889edccc3202233a3734aa5e55a07c44d0a6425c8f06b780726e233facee,CLEAR,"DARKNESS, LIGHTED ROAD",DRY,PHYSICAL CONDITION OF DRIVER,1.0,67.0,1.0,1.0
0bdb2450acbcd4d4ad40be177978c80bb611d412c61f38e081c5ad9d4bcc33674daedcb1d9eb15138d787fc3cd08b831928bb2210b5497a437ee17cf8a56314b,CLEAR,DAYLIGHT,DRY,IMPROPER OVERTAKING/PASSING,2.0,31.5,2.0,2.0
0bdb32c14d6f4061d180819d118358c169ab9f780e463872ffb8abb1c4cc57ce361b4fea96dcd2d41e9fb6629af7c030a37de36d6b382108914ffb56c5b0a269,CLEAR,"DARKNESS, LIGHTED ROAD",DRY,DISREGARDING TRAFFIC SIGNALS,2.0,24.0,3.0,3.0
0bdb635b695ca2fc3c816db7ba0a0d1dc892b08483b5e913830123ad9ef00dc4b3c7fa16de7d01469b91692562016db0f439a6cc6b0721d09751bb5e295c8e48,CLEAR,"DARKNESS, LIGHTED ROAD",DRY,IMPROPER OVERTAKING/PASSING,2.0,27.5,2.0,2.0
0bdb6e094ad0ed6827ae1e3b7d2c7654e424e6385b043a999b90ce8fd91f47c9e7c85d68a5e526e84d90eb19f354e38c50e7c5a9dbc76bc838126f9cbb881cbc,CLEAR,"DARKNESS, LIGHTED ROAD",DRY,FAILING TO YIELD RIGHT-OF-WAY,2.0,26.0,2.0,2.0
0bdbb4da04ec1a02aa04e05d5bf3d47b20656de160965270fd26f7820a241faab4748391982f1e8ef73f12a8ab07a12a0bdee3a4fe2d65bcf5cf161f34297792,CLEAR,DAYLIGHT,DRY,IMPROPER TURNING/NO SIGNAL,2.0,19.333333333333332,3.0,3.0
0bdbd674bc6b30c82833edcede00558126dab483ed0847b64c8534d6b5ad67316c50eebe7c0697df936dab3f83a7080c00fb51548819769ac40e1338262b6636,CLEAR,DAYLIGHT,DRY,IMPROPER OVERTAKING/PASSING,2.0,39.0,2.0,2.0
0bdbddefa8cbe4172a85c5b3b8e36799725d64081498dd5da501c994868845c581379174e00b103a70ba5d94798cf0e2f064d877de836229b0a2dfc9b16968cd,CLEAR,"DARKNESS, LIGHTED ROAD",DRY,FOLLOWING TOO CLOSELY,2.0,41.0,3.0,3.0
0bdbe778fa74f08269056b40caba9d8d1d2277008830dea88f3644d795698cbf3b68c14026972ad0b00c31124c17e65b2bb864a78f425ae9d0ff751d461418ea,RAIN,DAYLIGHT,WET,IMPROPER TURNING/NO SIGNAL,2.0,32.0,2.0,2.0
0bdc128b06a58f6b97654478afdd96b71d6f9d9862c724148705ca2d02ca30fb98a5b87317a6da8b46d931f674c4c35f0fe5cd1d952b4192014ebae09017bdbd,CLEAR,DAYLIGHT,DRY,IMPROPER LANE USAGE,2.0,60.0,2.0,2.0
0bdc172acf836fd07b03e5fe51bf142c6b23a2349fa7f6d5bedf3813e4d47af539cbd7bcbaf7556dbe86aee671aeaab629d0b25004e1da0c17e98a6c59c97a5b,CLEAR,"DARKNESS, LIGHTED ROAD",UNKNOWN,FAILING TO YIELD RIGHT-OF-WAY,2.0,23.5,2.0,2.0
0bdc25cddc53a8ba6a739584386641864e72400acadea866e5b871b55250a5f4123ae11690026dfed255fce1301f06703ab445373dbae70f9ed99334d937b876,CLEAR,DAYLIGHT,DRY,FAILING TO YIELD RIGHT-OF-WAY,2.0,27.0,3.0,3.0
0bdc324ff1cfee7a3cede568ae3812a47a2df501350430cb49655e364aa697bc7c40f4ee40b0bdd996ad8a15202bc03213ee84e65cc62489f6fe37afefce18ed,FREEZING RAIN/DRIZZLE,"DARKNESS, LIGHTED ROAD",ICE,WEATHER,3.0,60.0,1.0,1.0
0bdc3d080f1580f48ce811d1e0cc5c5125a7a42797c54556c586a44db356dcba777da6fb2a7739c8ff420af5335af3093414f74efcd8318280a517821b5992ce,CLEAR,DUSK,DRY,WEATHER,2.0,38.0,2.0,2.0
0bdc4cf055309fb8477f2560098d6812bfc4427add63a9dd7731ca8b8613fbfb4f1b9eb8e4d4aeae3a0744bf5ab610cbf4e99566bb5c65b1f6060f953c6c09d1,CLEAR,"DARKNESS, LIGHTED ROAD",DRY,DRIVING SKILLS/KNOWLEDGE/EXPERIENCE,2.0,46.0,1.0,1.0
0bdc5f0534848cc1d8c76b42216bd5de3d753f4fe1d4b256b10ac1ee3baba94a4697e8828f9f1ca850cf88e5ef21b8bc226715ca4618772df61f86384562ce49,CLEAR,DARKNESS,DRY,DISREGARDING OTHER TRAFFIC SIGNS,2.0,10.0,2.0,2.0
0bdc704e7830c75f38ebc45448885c49b6ec9d76fb4e16671ea4a27657e3c392a0e925ddf66f7a000e98d6b9d0dbb247da351280219a8adfb788330facec64ff,CLEAR,DARKNESS,DRY,DISREGARDING TRAFFIC SIGNALS,2.0,30.0,2.0,2.0
0bdc842d091503c5fbc7458f2c968c18a0ae570afc3d82c6809adeb7062cf4f5dab41efcc24cb1879619754866e1f78b716f977457ef87ad70a0e49ff06c3d72,CLEAR,DAYLIGHT,DRY,FAILING TO YIELD RIGHT-OF-WAY,1.0,60.5,2.0,2.0
0bdc86e9f76961e7f3f890fdf4e0fb667dcfe5ca72adba1c06330e6cd92309b76ed776bba40495a3a3d108d6867c2b0e6904245426da90bc47a7642147a080f5,CLEAR,DUSK,DRY,IMPROPER BACKING,2.0,43.5,2.0,2.0
0bdcb7fe06cf59449b21eb417b987955d4f36367f8c10fbbe982dc965d4201b829137d055a1a9a69108069dff000de06d10245945b27a62d1f38f95e75e5d55d,CLEAR,DAYLIGHT,DRY,IMPROPER TURNING/NO SIGNAL,2.0,47.0,1.0,1.0
0bdcbbcfbd00a209f58324ee36f4e94826b33e1950b774a1a643d2b111073ee3825cd5a50222044a587b1c4a8916ecbe21ad4ab7edabe0b4125771488c19b658,CLEAR,DAYLIGHT,DRY,FOLLOWING TOO CLOSELY,2.0,55.0,2.0,2.0
0bdcc3a887ea7062f587be5500bb5c97c46a9df3f9944e065d73646564217a223c90746d719488226de9820704efc7953d54ba9223cd63b077321e13babefd93,CLEAR,DAYLIGHT,DRY,FOLLOWING TOO CLOSELY,2.0,22.5,3.0,3.0
0bdd417e9ef126cc181da8fde14b5354c2b8a100eeb8a76922f1164eb78ea7a52d1f32095ad3c122d8326fadd31c51f3940e2095f1d1355d12655974379f0c75,CLEAR,DAYLIGHT,DRY,FOLLOWING TOO CLOSELY,2.0,50.5,2.0,2.0
0bdd6b0d40f57a6892d2d796d9de8734625dda0ed6444f3c2274499a28b6815353bbdb723394730b191ce8d8a420e9ef147bb8ece8085b86dd49d03c25453351,CLEAR,"DARKNESS, LIGHTED ROAD",DRY,FAILING TO REDUCE SPEED TO AVOID CRASH,4.0,40.25,5.0,5.0
0bdd882f231f25d50832a248d80583badca81721d3f82a1811af71420f7d3644faccfa70a70f53c96b5de2218241e82c22f396d3a477c860321bce685f613bae,CLEAR,"DARKNESS, LIGHTED ROAD",DRY,UNDER THE INFLUENCE OF ALCOHOL/DRUGS (USE WHEN ARREST IS EFFECTED),2.0,40.0,3.0,3.0
0bdd8fcef42bd512cecbfd9b2f497c334b68b63db0906c5459c2a325ca7063a491adba82b6cbd6d37943c794106c281ec98267bffd87f43074cf920f010fb4e7,CLEAR,DAYLIGHT,ICE,WEATHER,4.0,31.0,2.0,2.0
0bddda18f4ba3b5e63e02f356e38f88e1b5362ca7972e8fd930f3de76cb6a3263f0ca75dd2baa94468b7bf604a1cfb2dec78c3351305b7723767c8845ae4f2d1,CLEAR,"DARKNESS, LIGHTED ROAD",DRY,FAILING TO REDUCE SPEED TO AVOID CRASH,1.0,75.0,1.0,1.0
0bdde7af58456cc0e5579faf4d46cd2874a9f7816cf5165ddc797a3ae3d482d412fc9f5a280fd543238df94d5a49578fe09e11b0fa93085aa939d7b109fddd30,CLEAR,"DARKNESS, LIGHTED ROAD",DRY,FOLLOWING TOO CLOSELY,5.0,19.77777777777778,10.0,10.0
0bddf7c23b00c918322ad160042517b18537ba9d6fd90f53783d24212762af17147b1b1d695f889df2745ad792ff40c666d7218a4d6cc0b384e4f3598e810b96,CLEAR,DUSK,DRY,FAILING TO YIELD RIGHT-OF-WAY,2.0,25.0,3.0,3.0
0bddfbf191f4a8218f5fe19deba5947031c5ca8837c7f2dd891d8d156fc1d602b8b86dd9da5aab3c6af7a170bf09070cbf4d3986ab793018278c9e3da5336621,CLEAR,DAYLIGHT,DRY,IMPROPER TURNING/NO SIGNAL,2.0,34.0,2.0,2.0
0bddfc494f27a024b55282966ba67e81c96ee049795a7c2f81862b15288daba0ced24b2dbba8297f099324d78750673a74be977c5f2e690664458983c1f11dd6,RAIN,DARKNESS,WET,IMPROPER TURNING/NO SIGNAL,2.0,74.0,2.0,2.0
0bde322d1a84da52b9c0f33b82958f679e2f87d5ec219d56a06ced6974a9773dafa85386fcfe838279ba3bf0edca1a807b181c21e490304f556c2668a7b21609,CLEAR,"DARKNESS, LIGHTED ROAD",DRY,IMPROPER LANE USAGE,3.0,37.0,1.0,1.0
0bde3ea4c9d42faae465f8f231bbb6eaf44f570033271e3064178a981a3535869b354b1b50b6fe9bd652f8cf2c2bf7a220c2b84943dbc7317761e9b95ebca7c3,CLEAR,DAYLIGHT,DRY,FAILING TO YIELD RIGHT-OF-WAY,2.0,36.0,3.0,3.0
0bde4014ef5fc2b14512b3e0df484c39ad3c9b13173ce8b9a5c9f769090d5c3661945ffeff17e5c7813f32ba95b0379b2a0196ffa5b5f92ffa413d1118490a49,CLEAR,DAYLIGHT,UNKNOWN,FOLLOWING TOO CLOSELY,2.0,44.5,2.0,2.0
0bde4648eef59150a45e8e529a6ef00b235cefac2e431c92d84f0f176f1e520ef472a2a72bf3b54d8fa2df742fac6ea2f4728c59ba89cbd45da4e8697ff6260a,CLEAR,DAYLIGHT,DRY,FAILING TO YIELD RIGHT-OF-WAY,3.0,42.0,4.0,4.0
0bde6c4f8e350251319e00108414035663bfae9dd26d5ed39e7d3afe89153fcb071ac95232fb52e140aef9f797e1393ab2f43a2d6ae5b621c92580fafc85d2f1,UNKNOWN,UNKNOWN,DRY,IMPROPER TURNING/NO SIGNAL,2.0,23.0,2.0,2.0
0bde7618bf422a893ec8881865b3c2912c384b51bd65436a1b7d73f5c4b582f4778106bf2c2c3673f553ee3afb2ba1ed54eea523255add283d7999ae5f5ca098,CLEAR,DAWN,DRY,FAILING TO YIELD RIGHT-OF-WAY,2.0,31.0,2.0,2.0
0bde7c2f0c89175f14e2d4f8148da8c00a057c7795f9b144fbde37c29ce741ccfa49d918d0271bd58e5ba640f6fc3ebd4f32461d82b0f926b50613980a44f55f,CLEAR,DAYLIGHT,DRY,PHYSICAL CONDITION OF DRIVER,2.0,37.0,3.0,3.0
0bde8f2e4b8f602001dffeffedd5c61200858f6c229185d90c9e753da6479ab7e16df617daae9bc733259b8ed5f89b8364a30d0e276465471ac46ecce496ac9b,CLEAR,"DARKNESS, LIGHTED ROAD",DRY,"OPERATING VEHICLE IN ERRATIC, RECKLESS, CARELESS, NEGLIGENT OR AGGRESSIVE MANNER",2.0,27.0,2.0,2.0
0bde9da2d914539c6ae68dc337429874069fd8268b4c017b4ef9ca814e18f04b1f8f3867fb0a52537706de8af9b02b2375a270a437543ab093d4628b2950ad78,CLEAR,DAYLIGHT,DRY,IMPROPER OVERTAKING/PASSING,2.0,19.5,2.0,2.0
0bdea71cbf77905e6a1b193db6f9a247ba1b2687a5d0e813510f934cdc3f5f0d2acc0aa528f83571ef73bd3a6cd92b64e5c75b14ec507ee77a01f6b3db598b49,RAIN,"DARKNESS, LIGHTED ROAD",DRY,FAILING TO REDUCE SPEED TO AVOID CRASH,2.0,41.0,2.0,2.0
0bded0807358de58293ffb6a65afa3614c0bb4e03c298fc9625236b14551298b116b7e5f4f98d7d82174aa5e734f718c52f7c187a88bfb2dce8c52e6556980ba,CLEAR,DAYLIGHT,DRY,IMPROPER BACKING,2.0,42.5,2.0,2.0
0bdf114dcfdd7de6db672177d7802914887b6f16dae6657380dcf2b827f20656bbb670366cd829b18d5ce7bc4dac34b94964e6a1633112abe3a8b760e18f9581,OTHER,DAYLIGHT,DRY,FOLLOWING TOO CLOSELY,2.0,50.0,2.0,2.0
0bdf13433c3bda93eafd2891a00eee12acdcb2ac46c4b33d6025499c43ca59270b9a86def5c0508370ef018b158984bc54bb8bbb7bbaffa9969d6926813a29f1,CLEAR,DAYLIGHT,DRY,IMPROPER LANE USAGE,2.0,66.0,2.0,2.0
0bdf50850a6d22d43f0d4be0ab7a895468e4394204ada584077aa3cec061c8c5aa4a292686d2c8380fe35b9a3866f5efbf40fb9bd180366e9869715f6fe5d9b5,CLEAR,DAYLIGHT,DRY,FAILING TO REDUCE SPEED TO AVOID CRASH,4.0,42.5,4.0,4.0
0bdf620d2c4f085bc7a321dbe168d9d6b45e9d5320b83187972622822a5a57b748419004f928055b179c35ed3df1f1f6652bb8093f695ede3bea9564e81937c8,CLEAR,DAWN,DRY,DISTRACTION - FROM INSIDE VEHICLE,1.0,48.5,2.0,2.0
0bdf7bbfb4028e791bb533821d5d9b39b91310ea8b0dad4f28530dde11927966796bda80284ddb7835bdbd209274db3181ded84edc12dea8daee6c274acdf24d,RAIN,DAYLIGHT,WET,FAILING TO YIELD RIGHT-OF-WAY,2.0,22.75,4.0,4.0
0bdf945c4269171760c86fd2fbbc8ee84a91458382f619d65a3a9ee43a272c58298595f7e278c9ce34778d71b42ec4098260c64623dc79c3965b17739d5b6c46,CLEAR,DAYLIGHT,DRY,IMPROPER OVERTAKING/PASSING,2.0,21.0,1.0,1.0
0bdfa189004de6a2635e160e4925ec6a541347e1c0ad4cbe5f0136830b7fef34543b7f90782458dcb7e8d08ece13e5b27c90ef64206f603aabda21a5415613db,CLEAR,DAYLIGHT,DRY,"OPERATING VEHICLE IN ERRATIC, RECKLESS, CARELESS, NEGLIGENT OR AGGRESSIVE MANNER",2.0,24.0,2.0,2.0
0bdfa516d4c78dec6f21508fdab30be9b88e78707f102f5d591df4aef6a80e04f76f334bc06ab32f86465a49903bff914c3054bbc8d25088bfaae47654eda89f,CLEAR,"DARKNESS, LIGHTED ROAD",DRY,UNDER THE INFLUENCE OF ALCOHOL/DRUGS (USE WHEN ARREST IS EFFECTED),2.0,48.5,3.0,3.0
0bdfc7da2ffaf8be73f0f63db6675f8795ca1f1d2edac68e17da592497fe4b9912aacddcec4521593ad31d4b10ad6340aad185de7e2b48bc38d4e236487f5d1d,CLEAR,DAYLIGHT,DRY,IMPROPER TURNING/NO SIGNAL,2.0,52.0,5.0,5.0
0be010819e07b4322d43f52e05a6ba6cabf3941a724ac7f75011a9e8395c323b7fd614baee7d172687f03e75182d8403b24667400f7eea06e8d4df1e3e8b5781,CLEAR,"DARKNESS, LIGHTED ROAD",DRY,FOLLOWING TOO CLOSELY,2.0,25.5,2.0,2.0
0be04c2ca98255e5bc9ac747ed98660dd87e4ef836aa3c57ee9506b78c4f6f09b0ee31d52cf927274a7c6eb918af85752fd0747ec27687c7b7a4edb2e6d3f709,CLEAR,"DARKNESS, LIGHTED ROAD",DRY,DRIVING SKILLS/KNOWLEDGE/EXPERIENCE,1.0,63.0,2.0,2.0
0be07c1be458dee982dccda26d4270a33821eb516751b7fe8f10646a62a79cee8ab6a869240326e91d6dd64d53d389a93717d4c2dde09dd0f2226e8f236caeef,CLEAR,"DARKNESS, LIGHTED ROAD",DRY,FAILING TO REDUCE SPEED TO AVOID CRASH,1.0,75.0,2.0,2.0
0be086317a4227fdf57df72e9ee7d75559d8a1d77dfdd834e4a994a7cae000a678d65d5f78c79cd96cd38c73ccc8e62fd43ff95a16cfd88c75a6be85f361e017,CLEAR,DAYLIGHT,DRY,DRIVING SKILLS/KNOWLEDGE/EXPERIENCE,2.0,43.5,2.0,2.0
0be0f09e2ac57ad96c66c6cfb854df497347dccbbb4d57487a64d94c495c2170bd5ad3e2d7a0ace85a19e62a916385a2b68c339efd080a2714b1118459017369,CLEAR,DAYLIGHT,DRY,FAILING TO REDUCE SPEED TO AVOID CRASH,2.0,31.0,2.0,2.0
0be0f6b565d511f2bd6584888159ab9902c2ed094c8f6c4039aeac5980b2c5ce426b339233e63dcebb97867b942485905355bf54acd3147a056c01307fb12806,CLEAR,DAYLIGHT,DRY,FAILING TO YIELD RIGHT-OF-WAY,2.0,56.666666666666664,3.0,3.0
0be10b032b4784130d576b9140f60e6343a898d355cac57286bf682b2039ed5f9626fbf7acb318188876b107374ba20a68a7968e13b8f8edb44f1e981a1bea1c,CLEAR,"DARKNESS, LIGHTED ROAD",DRY,FOLLOWING TOO CLOSELY,2.0,29.0,2.0,2.0
0be13986626ce381917a49f7811f38d79ea151cef6b2322903bd4bb7550913142d9e6d41f9026b377d136d94aa589147e79f5116887430079820b042be1c05d3,RAIN,"DARKNESS, LIGHTED ROAD",WET,FAILING TO YIELD RIGHT-OF-WAY,3.0,27.0,2.0,2.0
0be159e7b038570e2f7a9e15f1c1dbf0858e23531a6cbe800c8851c0bb84a7e177d4d18b634273513bb188a550234df1f5e40aa53d7f54cf7034fa7defa85759,CLEAR,"DARKNESS, LIGHTED ROAD",DRY,PHYSICAL CONDITION OF DRIVER,3.0,44.0,1.0,1.0
0be182e924411c0e8eaabf427c1ff358cacb691c86a41675fac34514cbabe4ca8f8caba7fd59a1e4f0fa7c176916c8a5452a9994352d66fa6c28bf408b007955,CLEAR,DAYLIGHT,DRY,FOLLOWING TOO CLOSELY,2.0,43.5,2.0,2.0
0be1ad8167599d6f0f4937049bc6f199aba4ba824c2ff214fa8428d72094543029d9cc777616f25e5b23d2e4f68bd24dbb78955a80d7172340e5b08064f80e59,CLEAR,"DARKNESS, LIGHTED ROAD",DRY,FOLLOWING TOO CLOSELY,3.0,19.5,3.0,3.0
0be1c2f0bbd11dad6898b0fbdd277d9652b09e051ffc9d0bbbfef5ab41c869841376f00e39727ddefd27f9da5cae4886d1724cce38469b0e3ccd8f19ed7515bd,CLEAR,DAYLIGHT,DRY,FOLLOWING TOO CLOSELY,4.0,35.2,7.0,7.0
0be1c5380c1a331ed08235612b6f0eb06fd5a24d63338da5f5b6d3864253ae4a4604453fa226055e971bbfe19180c2fc8a1e01525796284fadbea19725fb0b76,CLEAR,"DARKNESS, LIGHTED ROAD",DRY,IMPROPER OVERTAKING/PASSING,2.0,29.333333333333332,3.0,3.0
0be1e316c03338eeb93a84940a5ebb67c60bd8b28183b56052845c7e6d406e6f237c81f11245f4f7308f80de188370004fa5320a142f25089ae8346fb445e91f,CLEAR,DAYLIGHT,DRY,FAILING TO YIELD RIGHT-OF-WAY,2.0,39.0,2.0,2.0
0be1fe779de950ab4ab7816fbd0fb65ebbf24e04e231791d29ed08ef24a4c1c9507aa29f5345551a08d554e34b00ffba8c6f031ffa20abd4023f3f8b3f65668b,CLEAR,DAYLIGHT,UNKNOWN,FOLLOWING TOO CLOSELY,3.0,48.666666666666664,3.0,3.0
0be2056d1c1bc9df261fef73a7b34e3c1a62eca5de42b23501f233dc5193075f6bac96ccdfbe9fadeefad53f872ca95e0d5ac43df5fcf89c080cbca160204258,CLEAR,DAYLIGHT,DRY,FAILING TO YIELD RIGHT-OF-WAY,2.0,26.0,2.0,2.0
0be217cb85ffab1a78f03b8e4ac8e09b49935b5a95452ced05c72cff3094acd706acd26ffc97fc712b0736b11abeb619ca9ec7eef27ceecd502c081b66dd89f8,CLEAR,DAYLIGHT,DRY,DRIVING SKILLS/KNOWLEDGE/EXPERIENCE,2.0,39.0,2.0,2.0
0be22f6428647947837f8933f361a4c7b986c5d69288b31309ba1a7aad20e0a23c8855ef6f0d79e6a743c03e321b413e7e51dae5fcace9d740432887640c11da,CLEAR,DAYLIGHT,DRY,DRIVING ON WRONG SIDE/WRONG WAY,2.0,51.0,1.0,1.0
0be23e83c20245e5d5816b96d9ce2725676fc143e258a1195399fd9fc43173d0a5977ddeb99e272f91dd19fef7b41ba954a5e916e870a783a108fc935daf4239,CLEAR,"DARKNESS, LIGHTED ROAD",DRY,IMPROPER OVERTAKING/PASSING,2.0,46.0,2.0,2.0
0be24b3aaa13529b6dd23191122d235fde06387286cd5e8887b958c42f9d5904cd3a1ce118681168c2a4cac5ab33e0cf2eecfb13fbf4d90ff01b17c6053686a2,CLEAR,DAYLIGHT,DRY,IMPROPER LANE USAGE,2.0,60.5,2.0,2.0
0be286e3fca362dd475db6eafa77ecb076b4bb6a7d5b24d9f499a5d8eca793048bec39109a38ca36c89becd745f02c2ea33ceca4a0c228132caa561c2845a2f4,RAIN,"DARKNESS, LIGHTED ROAD",WET,DISREGARDING STOP SIGN,2.0,29.0,2.0,2.0
0be2945c4c9f9c91be36aab006aea829d292908bb770176e7e3bebcdab90c6a89603b2e462f9d133a53ab5f0e47d0a72cdd6fea5452e324fd327209535d44fd5,CLEAR,DAYLIGHT,DRY,DISREGARDING STOP SIGN,1.0,50.5,2.0,2.0
0be2a68b3610bd0b184f97f7e134145579b0a375ac430e5f953f07a97618361bbb2672f07b3e6e53e744d41c75dba277550489c47aa30dbcd0e6163e924f1914,RAIN,DAWN,WET,FAILING TO YIELD RIGHT-OF-WAY,2.0,37.5,2.0,2.0
0be2b2b84a5cd2997e3669a7c1c75641586a45d02542447165a7ea572ac13af6488821b8c9a50b20a80c0967cc3526fe987e7f5fe49cf2536a2ef3f8ba17b400,RAIN,DARKNESS,WET,WEATHER,2.0,28.0,1.0,1.0
0be2b9440dcbf6f00158a79f9ad0ef8b76fb8fabfaa07ff50f4ca1cc20e2ab28a033fe259db0baa00c7cb167236f6717998cf5c2569494a2e7b2f0afbbbca5cc,CLEAR,DUSK,DRY,FAILING TO YIELD RIGHT-OF-WAY,3.0,33.5,2.0,2.0
0be2bba0e620772d6bc680ae7cbf4d6c8cef30283251f0b93973e786a5a8554ae14b88aefc150009b256022a84622839f4e45f54f62e851da6e598c1864da48c,CLEAR,DUSK,DRY,FOLLOWING TOO CLOSELY,2.0,52.0,2.0,2.0
0be2d057f8fdad6c4cff14670953cca7a6ed249e2a3ea38d77d9f03de932c436d675388f400b0168500de14b4ba23d85be48c3dad238b42ef1ccda74ae998f65,CLEAR,DAYLIGHT,DRY,IMPROPER BACKING,2.0,24.5,2.0,2.0
0be2e5d94c3757dc4d0535b415535ea74275164378e3bad7fa79be1e407ffe8db92449725810184cd482eb5c8d24f0fc4a9a61ea2d4fd832183f6263ff4ec053,OTHER,DAWN,ICE,WEATHER,4.0,45.0,1.0,1.0
0be2e9574ad0d6324514583fa9c6fa9f53ccf596f96dac3635eddf59be19869998b466a7d3039e678c7e3c3331947a74725319c9bc6ed01d5f0d69d498f87186,CLEAR,"DARKNESS, LIGHTED ROAD",DRY,DISREGARDING STOP SIGN,2.0,34.0,2.0,2.0
0be30bee81581dfbf6318b94a01b4985baa8b9d7733d2c45fdf464c2a97142e2a54fb51e4da5432c6eecb9187e9bb58bcde120ac2a86ec7688273f73a384f8de,CLOUDY/OVERCAST,DAYLIGHT,DRY,DRIVING SKILLS/KNOWLEDGE/EXPERIENCE,2.0,33.0,3.0,3.0
0be33019ebe6d8d486c5281c4f41bd12e4c779e9275cdaf9be1088ec2feba690fc1bc8b29e884ea41468267b883143c2eddb7167023e467f6babda43106564c3,CLEAR,DAYLIGHT,DRY,FOLLOWING TOO CLOSELY,2.0,31.0,3.0,3.0
0be34bc9287b8a6b74e541359f810c09ed3c32102db1614d00acc47796c8094fe63746012f954818906f914758156f8754f4e66da0e91de5b77decd34eb6db2f,CLEAR,DUSK,DRY,FAILING TO YIELD RIGHT-OF-WAY,2.0,42.666666666666664,3.0,3.0
0be34e3e4dfee53355540aac05b15af9526b1529223af0c6d1c43fd32ed0ae38b7921adb70a3be6e862f42977b6f536f0db24ff1d9df7a918903e78e0a87c88e,CLEAR,DAYLIGHT,DRY,PHYSICAL CONDITION OF DRIVER,3.0,37.5,1.0,1.0
0be3521d5182b2a043c8b5a544689c5d08c26b81b68b88c5ec733cd839d3b1885ebbc9e294c12762b64058876b3912c2fb12e44e7147d0268c1d1130e77865c6,CLEAR,DAYLIGHT,DRY,IMPROPER TURNING/NO SIGNAL,2.0,37.5,4.0,4.0
0be35e36eb52e185267cdc64d3db9d282d26494a34809182aa061de936ab0adb8c4d77e86c927aa4a5f15067cbb9d45c7941cb4f5a8653b2c9da6cc84cd396e0,CLEAR,"DARKNESS, LIGHTED ROAD",DRY,FAILING TO YIELD RIGHT-OF-WAY,1.0,53.5,2.0,2.0
0be36579575cc0e2bfe91bcb179a24b82ea056e9f330fe67e781563ab9d7ed7bd35c80c58adfd020fa7b061950b1a06672cf68e8cad45de10b191d584aa022b0,CLEAR,DAYLIGHT,DRY,IMPROPER OVERTAKING/PASSING,2.0,52.0,2.0,2.0
0be3685835b67396f72c479fbbaf97075dd3002f2ce3683127861a2670df707990d1d8cd4bd1cc7eb54d2d97ae15ee238e07d5e7dc5ac906433c90557fd79327,CLEAR,DAYLIGHT,DRY,IMPROPER BACKING,2.0,61.0,2.0,2.0
0be3bcf384fb71687cec0eb231e22392ed479a663c17c201a8e494f5c897aed33198b51338975cae592536a199d7ad541bd191e78d271c2a8af39d3cb86786ae,CLEAR,DAYLIGHT,DRY,FOLLOWING TOO CLOSELY,2.0,27.2,6.0,6.0
0be3e12d5a4f3a2c08225151fb7adf017fe9f3b72a4a9a4558b4ea1d4eed94e97efad1b1220d5886b454114e170604c29a11f1a3c3f0178516881cbf6554ad23,CLEAR,DAYLIGHT,DRY,IMPROPER OVERTAKING/PASSING,2.0,36.0,2.0,2.0
0be3eb60e66d2ce6aec05d9ce76d5686e7722e01d410b139514eabfe2022463d1dafbdee58208c980f8d4cc82dd0634f28940328df0a6deaad1cf47cb6905c6f,CLEAR,"DARKNESS, LIGHTED ROAD",DRY,IMPROPER BACKING,2.0,24.0,2.0,2.0
0be3f5ffff10a0a0a9951356f284cd0bceca1cc910a87f3a6aae1f6a640055daa580e68bca1260ea20171ec4c4db17da48f0b21b5153a285ca43eefc64b07ac5,CLEAR,"DARKNESS, LIGHTED ROAD",UNKNOWN,DISREGARDING TRAFFIC SIGNALS,1.0,37.5,1.0,1.0
0be40db909ba84f3adf4cf67920e73f222be2be3029972270e8145042ff4514a6b64bf001729b42049bd5981e95e773052df9b91e48a43c503d3a27760872abb,CLEAR,DAYLIGHT,DRY,IMPROPER OVERTAKING/PASSING,2.0,39.333333333333336,3.0,3.0