crash_record_id,weather_condition,lighting_condition,roadway_surface_cond,prim_contributory_cause,total_vehicles,avg_driver_age,total_people,total_injured
0be41223010eeba31b93fab3f0a4d1709c40527c20876189625e7a9b91735ee4b1674a22b573abcd8cc8f2e40b7699f333df8db6ad8aceaf29df1c64a3b64fd4,CLEAR,"DARKNESS, LIGHTED ROAD",DRY,FAILING TO YIELD RIGHT-OF-WAY,2.0,49.5,2.0,2.0
0be426fffbbb5ac77cfa8759ac11571d19cb79ce464762640245245114c6e0b97c99a32184812b686fb8c0c330a526a36e71ea248e674d33d58400ef611e11a2,CLOUDY/OVERCAST,DAYLIGHT,DRY,FOLLOWING TOO CLOSELY,2.0,49.0,2.0,2.0
0be431c4b65d4cc5a51e94568a18f6fb8dde5e39cbd1a5f829ad183a959efff1da3c9c4e5e75879ccc9c09cad192aa44c27decd3ed209416d22167908047bee0,CLEAR,DAYLIGHT,DRY,FAILING TO YIELD RIGHT-OF-WAY,2.0,60.0,2.0,2.0
0be44dcbfafa94f5587a4ea1bbbe07323d3d8ff28526aa5bfd8379260fe2db2086ea8f63c734862a741418b8990b84108be0146be282b1643a70b4ab6b9ee594,CLOUDY/OVERCAST,DAYLIGHT,UNKNOWN,IMPROPER OVERTAKING/PASSING,1.0,64.5,3.0,3.0
0be45cc80197bc86f0cb44a93171a18e4a42bacedd6940aedaae84c5635ea898c569726e6a656760a00fe6cc10a4d2027169e884ec1f597b1c5ca8142f443af4,RAIN,DAWN,WET,IMPROPER OVERTAKING/PASSING,2.0,45.0,3.0,3.0
0be46b966b0047ce8df76417a8fd6785960e41c9e67cfb03936b9084635b1630f96e510aef29936ecf47863c758cf0bb0634fd9263f2e7e6ef90a96f2edee468,CLEAR,"DARKNESS, LIGHTED ROAD",UNKNOWN,DISREGARDING ROAD MARKINGS,4.0,45.5,4.0,4.0
0be4b461569ee389fc64f2994c07eb999f81cf6fdbe896536e07102e54b0198d2e0416e77166b11955cfe97cb4b05923d115ff5924aa39ea96f33f6c6dbf718b,CLEAR,DAYLIGHT,DRY,FAILING TO REDUCE SPEED TO AVOID CRASH,2.0,33.5,4.0,4.0
0be4fa3d6a10108fdd2f5d19763316fbf44f463221df3c3eef869dce6c2ecb8542353f513797f9f281ad4faedfc04bee0684a8ce73d0a4b68b420b2165121c27,CLEAR,DAYLIGHT,DRY,IMPROPER OVERTAKING/PASSING,2.0,48.0,2.0,2.0
0be5153f2b4bab65914789c6d8eb3af4659b1cae331fdfb1068e7836744b2ba8d47e331b4dd3b1489ab10c5f077749e500e4f3d9ffb624440c1a93bcc9b80a10,CLEAR,DAYLIGHT,DRY,FAILING TO REDUCE SPEED TO AVOID CRASH,2.0,55.0,2.0,2.0
0be523107ffcf1ffc61c70b61557a98171c04186f5b47f05f5abc8073749f5296e69ff438de68ebf4f283c721e7324ea91f0feec0295386307e66d58b292a635,CLEAR,DAWN,WET,FAILING TO YIELD RIGHT-OF-WAY,2.0,25.0,2.0,2.0
0be53094b7083f3b698e10837d2f32b52d797bd47642a3e018286e637a6cfcd4be93eea9d8060de6f1973c3aaca9d52ce0c5438eb7e6f0e2abf41e21a52cce5a,OTHER,"DARKNESS, LIGHTED ROAD",ICE,EXCEEDING SAFE SPEED FOR CONDITIONS,2.0,20.0,2.0,2.0
0be55fa6cbd291a3f2abd93f4f363ebea9406dc8112d8c5e674eb0a375a28e6f6c98da026359bb51fa189708a71b0e6129ddea6ccf29ee1cc4219af190cd562b,CLEAR,DAYLIGHT,DRY,FAILING TO REDUCE SPEED TO AVOID CRASH,2.0,23.333333333333332,4.0,4.0
0be56f8d67e30496217b21f79bab3d85eba790e9acd27028f1c21db306c86ed07e284e21f94f2b4e2d689783956dd9fdfc1bcbd7a5f50ae90692d2e6df75135d,CLEAR,DAYLIGHT,DRY,FOLLOWING TOO CLOSELY,2.0,61.0,2.0,2.0
0be5994fb6b52c3f85421786421bd81c500b1ccf0e630eb5874eec398abf03bedcc46e390f806280ca95f615ef69bb4a2b84419317b7a4d38f86b105c2164737,CLOUDY/OVERCAST,DAYLIGHT,WET,DISREGARDING TRAFFIC SIGNALS,2.0,26.0,2.0,2.0
0be5a3f0a3523dc34e26d029f3cf646822415f5f4dc6872c0c16dec7128ac51050286adcaf6e455c3092e2acfbc597989f1648ad31dad59df6ba363e69139166,CLEAR,DAYLIGHT,DRY,DRIVING SKILLS/KNOWLEDGE/EXPERIENCE,2.0,24.5,2.0,2.0
0be5a6c2f76b729ab99c0d833b6c3e08f8c476d6acd0c7e779b10708fcb70c7d47d6b8ac828ba6668da2ed66e699a08485d211b5a078c996db2d2f0d9bbac12a,CLEAR,DUSK,DRY,WEATHER,2.0,91.0,1.0,1.0
0be5b5c0040d552b24749ab544c1d4f61cee69c7abc1f428ca4df2f806f7b5ce721c166b5c300f1026255464e3adbae72a3cf05ead8e56a7150c6f29222f4e97,CLOUDY/OVERCAST,DAYLIGHT,DRY,FOLLOWING TOO CLOSELY,3.0,54.333333333333336,6.0,6.0
0be5f407640232e2a6de012b6982f41d6c74dc2bd828611e1d363beea43efd4c9484a643fabc26896d50b23932a597422cec6f57239f676aeba5f42260218ec5,CLEAR,DAYLIGHT,DRY,IMPROPER OVERTAKING/PASSING,2.0,39.5,3.0,3.0
0be618d47b08440f54b8dd7283b31325c0d5ffedb64742e16bd381efb1bd1170545a00823588212088037e33f1fb18c9a5e77c00b569b5fb35263b703d3b7dfb,CLEAR,DAYLIGHT,DRY,FOLLOWING TOO CLOSELY,2.0,52.0,2.0,2.0
0be62e8351501b138d00425a47ef29a18b44b4dc285fe11236213bcf6b0d3ee24f4352b4359d6e5bfcb2c75906287bc78597eb3de3b517ec27f06e3e69b88756,CLEAR,DAYLIGHT,DRY,FOLLOWING TOO CLOSELY,2.0,36.0,2.0,2.0
0be6372bc330b7d9bf6a4769851c4b7e126b9bf07209f073ed02d5334dcb24fc658c6df0e4e6b14dacbcb5be8c16729b52daaef0870222f1c34596b237c9f80a,CLEAR,DAYLIGHT,DRY,FOLLOWING TOO CLOSELY,2.0,21.0,2.0,2.0
0be64fbc195a0cdc796c8f37bedd8567a1fb98199773a3252b5db9f192ff41869df109da5ae13797806972c4e1afe806547e3c1f426b164f4cd74e822bc4639f,CLEAR,DAYLIGHT,DRY,FAILING TO YIELD RIGHT-OF-WAY,2.0,39.5,2.0,2.0
0be68c682bd0331749f77859a12db36d4e2a596f77b5e81a9cdfaa180494ed50a25a9bd3608a4d1bf2c6845f7bdb0fa75ba5e19cf8cfddb4c1f20aa57119dfb7,CLEAR,DAYLIGHT,DRY,FAILING TO YIELD RIGHT-OF-WAY,2.0,40.5,3.0,3.0
0be6c5207a7c83ce8c9d2b47047b615939f52a6260e058022b77e0cef8b01091fbb26dabd31b89cac0350fa947430d5e1e7c1367aabf5ad2b8579bcd190914dd,SNOW,DAYLIGHT,SNOW OR SLUSH,FOLLOWING TOO CLOSELY,2.0,37.5,2.0,2.0
0be6ccfdbc1216eddce244b24d4883d1c3c043c5c17e69ab93bdc1651848d1214aeed62bd8008ae2921af931a93dc5aee1ba09299fa5bfd58e872cbf52b87493,CLEAR,DAYLIGHT,DRY,BICYCLE ADVANCING LEGALLY ON RED LIGHT,1.0,36.0,3.0,3.0
0be6dd8d9b1bf87e24c8abe054f95d39237cc3203bbb08e817f12685aadb436b62d2fce6d93e5d4083157710c970b99f0200b9d59cda27cdf0b0175638d617f1,CLEAR,"DARKNESS, LIGHTED ROAD",DRY,DISREGARDING TRAFFIC SIGNALS,2.0,49.5,2.0,2.0
0be6f0ce3abb48a4cf64bfc5b1c8ccd646015b2cd318ca666f78fd1abbeccd383e9562fd35309441751fcc7ca33f0700bc4cb9ae225776371d7d523b8acd47ac,CLEAR,DAYLIGHT,DRY,FOLLOWING TOO CLOSELY,2.0,35.333333333333336,3.0,3.0
0be702091fc4721eab8e25cc9b63bf432af9a7722e3a1c6099f10922d9c048086c26dd93c397cef2a2ca4b6ca66d783861531bd6f99ebbb5e232beda433f20ce,CLEAR,DAYLIGHT,DRY,DRIVING SKILLS/KNOWLEDGE/EXPERIENCE,2.0,28.333333333333332,3.0,3.0
0be70385983e4c510fe4c0b2075937341b86a9538b4ddb47397cfc31060626f96d34da1d05ed62859718bf6f5da49ce5aa7734ee2e8e77adf63839f8c742d685,CLEAR,DAYLIGHT,DRY,FOLLOWING TOO CLOSELY,2.0,39.5,2.0,2.0
0be72afc38c82bcff9756b4ff9e88728eed25af90115f72979c8b2b49e7e8701becae5979145c7b478b87e4bd2574aced5bb87a67ecaef5d9e8d18cb058ce7df,CLEAR,DAYLIGHT,DRY,FAILING TO REDUCE SPEED TO AVOID CRASH,4.0,19.75,8.0,8.0
0be731ba7662b6e77c40e0ece3799b39d44e7f39e8113471ae3002d1722cd03ca275e81d5616e12598b222d744aa3b39dd4f50b93d381a1ef5c30236da75f000,CLEAR,DAYLIGHT,DRY,FOLLOWING TOO CLOSELY,2.0,54.5,2.0,2.0
0be739e5e6ae84a8331a37c6169b6da3662d6d16d586381e21026f5754247183f6e3ecba85ad346789035ef218060a05e63a66517ae62525d57be193aeb80647,RAIN,"DARKNESS, LIGHTED ROAD",WET,"EVASIVE ACTION DUE TO ANIMAL, OBJECT, NONMOTORIST",1.0,20.333333333333332,3.0,3.0
0be73c147670b64605b5cd7542a55dd50f2a7a2f82c774afb12c4b070891f6845cbd490bd1f513f96c4c49f4bd7d401b9cfa11ea732f3982d8dbb35357e3601b,CLEAR,DAYLIGHT,DRY,FOLLOWING TOO CLOSELY,3.0,30.8,5.0,5.0
0be74ac1b57ea36e6915f85c8c133699dd2e6e940346857e284e4b1d7c90aef5ddc442b283a197ba3208952c6aae17ce3e4cbe10b8f7612fb19e841ec450048d,CLEAR,DAYLIGHT,DRY,FAILING TO YIELD RIGHT-OF-WAY,1.0,30.0,2.0,2.0
0be74f5e8e218bab4032295bee53fd762654cf46ffea41b8adc919c004b65a4c42fd034600d36ffeb777676d12dda26c2ccedf35b4ca327b2d582de80f5d8adf,SNOW,DAYLIGHT,WET,IMPROPER LANE USAGE,2.0,37.5,1.0,1.0
0be7701af75772c524494aa3700264191ca5802292378eff6e130ccc08b92440f1fdc501d9c94ed38e605e1de9051ee83641f17294dc456ea9bc71a2962ca7b1,CLOUDY/OVERCAST,DAYLIGHT,DRY,FAILING TO YIELD RIGHT-OF-WAY,2.0,41.0,2.0,2.0
0be79172a876644be75c8a722d9bac14d9ca9217dae2abeec99889261c090018f85fe96e0a5615e8e098fb46057f225c917cadff99fd75506016afeed9088438,CLOUDY/OVERCAST,DAYLIGHT,DRY,IMPROPER BACKING,2.0,33.333333333333336,3.0,3.0
0be7c84507a98dc995b29dbe3489ac89e1179d99fede3c3f722ddc62ade17b1e99d395f436442843ecf8e4d7d8b2418670178bb981cc3f2a01771479f54d1563,CLEAR,DAYLIGHT,DRY,IMPROPER OVERTAKING/PASSING,2.0,34.0,2.0,2.0
0be8056e9b2668819f90dd7cd3fc86b1e069f5c5251f68f2fd0a5526ff5c25830853d7da81c01049fd9b1380bdfe03829e1af1474ee42099900862cdaf7fa2c1,CLEAR,DAYLIGHT,DRY,IMPROPER LANE USAGE,2.0,50.5,2.0,2.0
0be80dc1f9da19ac00a9674c7df11665844dad1a3739c99e2bcef7e0ff5e39a539c3c89ce5c6bb6cb92d987b124219046d6a5bf792ebd450c964edbc3db7eceb,RAIN,DAYLIGHT,WET,"OPERATING VEHICLE IN ERRATIC, RECKLESS, CARELESS, NEGLIGENT OR AGGRESSIVE MANNER",1.0,62.0,2.0,2.0
0be81a4f55a84eb54a0ca1719ac5837d609c3b42f8c01d36d7800c40ee522a9476429d0dcd2bbf20eab55513ef772274674921e98aae2f722d716946f4c29fb2,CLEAR,DAYLIGHT,DRY,FAILING TO YIELD RIGHT-OF-WAY,2.0,58.0,2.0,2.0
0be81fc046b91f3e46dca3aa1f61bb34b4948031f942198ff1988192d6011cc7e84aabbb6b7fa6e249e9699e8ed6193f5a987de3e66e2c041f431a8226a621d5,CLEAR,"DARKNESS, LIGHTED ROAD",DRY,FOLLOWING TOO CLOSELY,2.0,43.333333333333336,4.0,4.0
0be83e52385eb4e774bec159a7cc0843f5fcacea4ac5f032b6e8c9cffd2b56eefc22fa92a50fb825b9b62e7f87c7de68938c0b69e3ea62b732488c5bb424b776,RAIN,"DARKNESS, LIGHTED ROAD",WET,IMPROPER TURNING/NO SIGNAL,2.0,34.5,2.0,2.0
0be843210594afce2617cad27ad4b7810f55b6cbbee79cb19ea0643d9d43f158bfcc3249cd799cda0ee213098f8336311ffb697a16bf393934d3a0037165ea57,CLEAR,DAYLIGHT,DRY,IMPROPER OVERTAKING/PASSING,2.0,12.25,4.0,4.0
0be897e1938697ba5b141428dbb78ba156cf344150c0bc6e10b0fc6a6f13ca417616b592f9c00c857be652c0e29367662c791c3d429f7b3dd8b0221f234ef4bb,CLEAR,DAYLIGHT,DRY,FOLLOWING TOO CLOSELY,2.0,21.0,3.0,3.0
0be89dfb98d21a16240c4272b10e49add0bd5cf00da3bad08479ee1b31c0199b8b1a57cce9cad2bc87390f3cc850046169f8f189ab27c2d57506f4c3db8ba7cd,CLEAR,DAYLIGHT,DRY,IMPROPER OVERTAKING/PASSING,2.0,40.0,2.0,2.0
0be8d7969e5949a963593317d993cab4afb635c3617acd15e086891c94d9ac5180c1789625b15cc0b37f9cc6444a2ee2e0731f512dda36ef2c1cf6f3eaf02679,CLOUDY/OVERCAST,DAYLIGHT,WET,IMPROPER OVERTAKING/PASSING,2.0,37.5,1.0,1.0
0be912691fee03c39ac799e81f63d141185ad881a1bcd730290090c9c93a92ee600c57126f8920671cbfe6d97ce4c2ac2e4ea2ab85441938d93f19956118ba54,CLEAR,DAYLIGHT,DRY,FOLLOWING TOO CLOSELY,2.0,57.5,2.0,2.0
0be92333789edf843702ea4b143a9f9a042a58d4b1e56635cbdfbcc94111f1447e84e5239c4b92322ebdfa555067550e598c1dcd61856bce77ce67dee2d8f2d6,CLEAR,DAYLIGHT,DRY,IMPROPER BACKING,2.0,30.0,2.0,2.0
0be9237d809cc1f64f33dc407423f5b319ac20cfd397d037f0aece6994f64beb0611c30c609416075836653e8b363806f349617bce719eabfcac4f836bbb2910,CLEAR,DAYLIGHT,DRY,FAILING TO YIELD RIGHT-OF-WAY,2.0,21.666666666666668,4.0,4.0
0be92bb89a38a9427da174b69e1b8328120f689abe1bfebe453e3860b0086b708ae2b82c4a3c0c2ffb68b3e0bb65f34cbac0defde0ea274ad2e41b5e59dfe01c,CLEAR,DAYLIGHT,WET,DISTRACTION - FROM INSIDE VEHICLE,2.0,66.5,2.0,2.0
0be93e89f28a372424a574f6938c167e7e231a36caafe5ede511c8f9b90ffa49f4e6688836cf67df38c9436a8d9e0ca1a44f74c94e5f0c3ffb2b5690a865834d,CLEAR,"DARKNESS, LIGHTED ROAD",DRY,"OPERATING VEHICLE IN ERRATIC, RECKLESS, CARELESS, NEGLIGENT OR AGGRESSIVE MANNER",3.0,59.0,3.0,3.0
0be9499266843670d51e0a79956cfe89a3b9606c893cc975e0a9a9d1b7f87295277edfd7b03c18ad16cbba29d05558456c043d89c8a0565002d9a5da3e96e41b,CLEAR,DAYLIGHT,DRY,DISREGARDING STOP SIGN,2.0,59.0,2.0,2.0
0be97253922cf80f2baf836881e7424ca1983292b66a4d99e60f1ec9c397177ef49f531aa173c82220a4dcde9c60d70ab5179cea4fd52dd3071aff215229c1b9,SNOW,DAYLIGHT,WET,WEATHER,2.0,28.5,2.0,2.0
0be99adf2e2df99e206f6b1bd195821eb2ed4915190021dd8f1019b8d017b7d45acf9563895c878b633051e7e7ead3faed33c22eb374c2075942dbb1a1e3a1f0,CLEAR,DAYLIGHT,DRY,IMPROPER OVERTAKING/PASSING,2.0,37.5,1.0,1.0
0be9d757207a9f07d143e95e44552ecee9baba946234e78d5b25ca1584961d6cddab6171c1928caa61056673b6af01d96a41411c4c629bcdad0e4f840b0b8de1,CLEAR,"DARKNESS, LIGHTED ROAD",DRY,FAILING TO YIELD RIGHT-OF-WAY,1.0,15.0,5.0,5.0
0bea0fdc885b5606088180d9da719ff3a2485fc0ba9e57f01a64de35086e090ffbaaf0c9ba0fd9f2bcb4c7ec582ad9ea7331e0f5bff27232716f0fe56839cd44,CLEAR,"DARKNESS, LIGHTED ROAD",DRY,IMPROPER TURNING/NO SIGNAL,2.0,31.5,2.0,2.0
0bea1264ae8301839c7c30e046e8497c1ea560b0b27cf36585b56a1d56b4f2e8ba8a7fc18470ee5ee480d7be09b09b52bb6be8075aa2ef07b40e593df2476228,CLEAR,"DARKNESS, LIGHTED ROAD",DRY,IMPROPER OVERTAKING/PASSING,2.0,24.0,2.0,2.0
0bea1d504bd9b63c43f8820615092db579b0515024def070457a86fcc1f7ae23f91ecaee331659e9525cb8eb75fbd8695a77bf4102f0ee8b94f3a840bde4d5ca,CLEAR,DAYLIGHT,DRY,IMPROPER LANE USAGE,2.0,24.6,5.0,5.0
0bea898d9b7740e758da0fb1554ba68b3851489b8b32e62df57e94286c39e958a6807ff1a37c5494de528f076eeb98a11164fffe7324bc780d6f325e558b3bad,RAIN,DUSK,WET,FAILING TO YIELD RIGHT-OF-WAY,2.0,19.0,4.0,4.0
0beaae0f9a0348ae2456f3c199a33b9938b1128960de2135719784f7c1d242700b64927ac956485dc4da5dbcfdd449c2ac40ccb32898f79d0dafe5798288e975,CLEAR,"DARKNESS, LIGHTED ROAD",WET,FAILING TO REDUCE SPEED TO AVOID CRASH,2.0,25.0,3.0,3.0
0beab7e83873f4b55ee9819a9d30481cec45d25e37e88ddb8e05cd0bb83b766bd703417749877b1cf19ef7d87380dd8c880d485f6e8dda21f693f6a3a8376df2,SNOW,DARKNESS,SNOW OR SLUSH,IMPROPER LANE USAGE,2.0,38.5,2.0,2.0
0beacceab13db95abb34f2998db900097b6c8e8710f5f1e7c06722d3e372fa37e2aec2d750ba0ae74c2def64a3a51c0606408d43e786de7026fbca4bf3e543d2,CLEAR,DAYLIGHT,DRY,"OPERATING VEHICLE IN ERRATIC, RECKLESS, CARELESS, NEGLIGENT OR AGGRESSIVE MANNER",2.0,18.0,4.0,4.0
0beae234517232c8b9d1bb34c036a792452dc111e5db7485f0d66967ca45aedca13c4727425adb774e4a91eedc28f0f96c7bf8855f2ebf5132e272458f76c5a5,CLEAR,"DARKNESS, LIGHTED ROAD",DRY,DRIVING SKILLS/KNOWLEDGE/EXPERIENCE,1.0,20.0,3.0,3.0
0beb00b148c25049fffc67ce101308492226fc7189c6e98d2bc9d24e4043dca2d5f3de08eae383d13abb5e1c66589df843a7a72b5ebc919e496a479db49639f2,CLEAR,DAYLIGHT,WET,EQUIPMENT - VEHICLE CONDITION,2.0,29.0,2.0,2.0
0beb1cd60e9baf7a97a9be4bb08cfac639eb2192ca529814b72f4bbd176fc4b65eb2434f37e1cc67246769450090ecd01996153ed83fc93b6a5d1f086af994bb,CLOUDY/OVERCAST,"DARKNESS, LIGHTED ROAD",DRY,IMPROPER TURNING/NO SIGNAL,2.0,12.666666666666666,4.0,4.0
0beb1cf48ccc1581ef9a3b841da1da84aff99c4569ee2cd5d22c7f306cda8d67b92bcb070b4cf65c3b7692bf32c5de1c1fc3a2d5910385105a6dcf930c1e1809,RAIN,DAYLIGHT,WET,"OPERATING VEHICLE IN ERRATIC, RECKLESS, CARELESS, NEGLIGENT OR AGGRESSIVE MANNER",3.0,18.0,4.0,4.0
0beb65d519d846ac57fa1533f125d3971fd76c4d045accc2af2816feee2fb99826359d5202d45832f3e6ca9cc4d72b7574815b2712170851ead6114d605e0094,RAIN,DAYLIGHT,WET,IMPROPER TURNING/NO SIGNAL,2.0,42.0,2.0,2.0
0beb6a64512a7b0a2c941d5cfcef3c0e680986356dbae2965a28e454fa7a02c26ee5947d3c6d8357959837e65d858ac0618b495a9e241438afebd71b8b2c5a3b,CLEAR,DARKNESS,DRY,UNDER THE INFLUENCE OF ALCOHOL/DRUGS (USE WHEN ARREST IS EFFECTED),3.0,28.0,2.0,2.0
0beb8c6fa42e251f14c0c2d8b3a84c98e73dc81801fa51e6a25601d3f89ed7c48e356613e3d50651539e50b08051549972dcef3a05dbedf865dcb0c12c9b9763,CLEAR,DAYLIGHT,DRY,RELATED TO BUS STOP,2.0,38.0,1.0,1.0
0beb90c29bc7e53959cf71e06dceaecbdbe6c7f78b0fc915d80d61f5e9a3c2228424414313d35fab8618dc8c5757aa0be593d18a9b42117c2d2b82435442c860,CLEAR,DAYLIGHT,DRY,DRIVING SKILLS/KNOWLEDGE/EXPERIENCE,2.0,35.5,2.0,2.0
0bebc461c7a058c08dcbf412990f89ec1bb7b0a3f22bfaf7b33cf5e4c1a73beedb97a9942d8eb48b0f67f794b7932b86d82fa86ad47c85a4325955d3e57cbc87,CLEAR,"DARKNESS, LIGHTED ROAD",SNOW OR SLUSH,IMPROPER OVERTAKING/PASSING,2.0,32.0,2.0,2.0
0bebcfaf03deb5e1158f7fb6a60f54d7cc7a485c6470d2e511cb3d176c0781df90a7d59bae9e534c205e5ffcd2d1e87eda27f91727170d63f49d49eaf669152a,SNOW,DAYLIGHT,WET,FOLLOWING TOO CLOSELY,2.0,35.666666666666664,4.0,4.0
0bebd4e9654ce2d4cc4416140451910c0e1ce19875f882ff56572f8c384bbbf4fc52fb561f95039d636c5746bad05724758e825fece5e11e7d04dec4f66b38a3,CLEAR,DAYLIGHT,DRY,IMPROPER LANE USAGE,2.0,37.5,1.0,1.0
0bebee72f8195c4e8f6d14c9daff20101809a213cf717b6b381eb1791cfe70524216be0d9a027d49112a87f48dbd6c411cbfecddad39d2d18d7d2d46b8cc1076,RAIN,"DARKNESS, LIGHTED ROAD",WET,"OPERATING VEHICLE IN ERRATIC, RECKLESS, CARELESS, NEGLIGENT OR AGGRESSIVE MANNER",1.0,25.0,3.0,3.0
0bec0570b83f7c0531993c4aac4d57e271567d148cb7f64969f1ebee493c203a760d9c5dffd0b426f5332cc4a7546411dbe644919c3862f636b80a734d4679b3,CLEAR,"DARKNESS, LIGHTED ROAD",DRY,FOLLOWING TOO CLOSELY,2.0,28.5,3.0,3.0
0bec1ff1a7d9c75f53812076a43474c7b286cb8e9e607a0675c412634c718d7506e03aa8eb5a96a43b6bd1d33ba55a695487af07b2adfdc13403056de85af2e1,SNOW,DAYLIGHT,WET,FOLLOWING TOO CLOSELY,2.0,25.0,2.0,2.0
0bec73f44ed8c5884264af98008b8ee4702e4d90e37c70162e68d08a613e5bcd667c48bac12ed25e4cb9c3eebaea01bccc71688b49ca7ec4b90b133085687a65,CLEAR,"DARKNESS, LIGHTED ROAD",DRY,EQUIPMENT - VEHICLE CONDITION,1.0,17.0,1.0,1.0
0becd045ee6abd53c85521bea10d1349b4f18cc1e5d5f7b7d7d7b5e33e803d321001a2e7286dd1bafb4f66292b7deef0b5562f02dfcde190f6e33a0fc16811d2,CLEAR,DAYLIGHT,DRY,FAILING TO YIELD RIGHT-OF-WAY,1.0,25.0,2.0,2.0
0becdda918ea7077b0d256db3241afe94cc390cdb3e8b50d73001f5093bc29fde6fd14bc113d3fe7ead542e8c2b38be1bfeebe7aab4f77284211371ba3667435,CLEAR,DAWN,DRY,IMPROPER LANE USAGE,2.0,37.5,1.0,1.0
0becf8443ef240c986a8fe2f401fad463031effb61b3a11f358fda2caaf7d9a3701af7abe288d3b8e03f3a5d293416bb51794a3089af4b89b82c5491128887c3,CLEAR,DAYLIGHT,DRY,IMPROPER BACKING,2.0,37.5,1.0,1.0
0bed03bf711357159f55e8a76c61889e671fc0c7bc9f4c3c6f1bf148f5b4257ee20e05674dbdd21698344aef3e5e220b8428f332e1f62f1e67406ef1a01ef7af,CLEAR,DAYLIGHT,DRY,IMPROPER BACKING,2.0,37.0,2.0,2.0
0bed0a9c119e8be508b18600e4449de20811c6f0380248bdcff3b8103df494aa7a2685171ef3f04137c79ac688af21123d9a66106577019551de995ca7530309,CLEAR,DAYLIGHT,DRY,IMPROPER OVERTAKING/PASSING,2.0,46.0,2.0,2.0
0bed16c4896ac98f5d7fdc394dad64a4b91726f0ae87003cb2de880c21da3a32adc424050ba8f9f89511472c9bff383fa716a965e23f236edb8a9a1d98563fea,CLEAR,DAYLIGHT,DRY,FOLLOWING TOO CLOSELY,2.0,37.5,2.0,2.0
0bed634f71ac73cf0a45005817d5af5d7c5a93fdf227548a7777933b6ecfe369e76555d846ae942a568afb884f5cbc52b3126deaba1a3e944e328c65799ca930,CLEAR,DAYLIGHT,DRY,IMPROPER OVERTAKING/PASSING,2.0,28.0,2.0,2.0
0bed7ab95aaf13d8201ac8a2efb48aab97cc52b64d05b4bb868f8f597fbd1a753dd257744cec8ca3942255f22d338ccca7f742a60dd1709be0864baebd9654dc,CLEAR,"DARKNESS, LIGHTED ROAD",DRY,FAILING TO YIELD RIGHT-OF-WAY,2.0,24.5,2.0,2.0
0bedccb6ff0f085c3dcb98012cf22cf8d8eeb241b5e0e7c89a9be63e8177740ccdfe2d8f4242cff3f40cb911792913b6533b7eac821ee02c4ab0404d2ba1a0b8,RAIN,DAYLIGHT,WET,FAILING TO YIELD RIGHT-OF-WAY,2.0,55.0,2.0,2.0
0bedd970efc673845488c2271cab6e12f46fd7347f40cbb64800d0dba9980fa386fd07f2822ca2129e5c66388de5949a59fc58fc7e59fdc26d959409ecd2c182,CLEAR,DARKNESS,UNKNOWN,DISTRACTION - FROM INSIDE VEHICLE,2.0,26.333333333333332,4.0,4.0
0bede55fce145277f07cca778d3b9b8f0704d2e51f70e04d3af79022d2e1c94fe232b1ce8b3677390896c8d918c644c85c80a1ffda186a327afd6ed5f6b5f1fa,CLEAR,DAYLIGHT,DRY,FAILING TO YIELD RIGHT-OF-WAY,4.0,25.25,5.0,5.0
0bedf8cbd813fa4adddeec48e866d24f99d111eab1c4094b198f130e311cf1e502ec0ce90943252c2fe67359ca94418bb79dd426fcc2a9a5536b9a73f9740fbe,CLEAR,DAYLIGHT,DRY,IMPROPER LANE USAGE,2.0,68.5,2.0,2.0
0bedfe41bf525130d52af6c3c3fd884079a1fd8efd8801c4715602db6339759d9f391a833bc563825bfcf2e1ad93fda824b5662ab7312e43b3ee43c4cb53cb37,CLEAR,DARKNESS,DRY,DISREGARDING STOP SIGN,1.0,28.0,2.0,2.0
0bedffac67f2d4b0cfc457a3d260fbf293f70121a4de4ab55bab1965cb9ba677dd9216b3cca962e050f4eb4da4337b4f149c261961cf8fbc5b1280d0059d7ea2,CLEAR,DAYLIGHT,DRY,IMPROPER OVERTAKING/PASSING,2.0,24.333333333333332,3.0,3.0
0bee16b45c30dbf09f413fb357f9c130f903e103665750b471cb565b5d05156e25b597df71b4a4244eb60dee64c9fcc5a2d0d6891c497995ab9118a3baaa85d9,CLEAR,DAYLIGHT,DRY,"OPERATING VEHICLE IN ERRATIC, RECKLESS, CARELESS, NEGLIGENT OR AGGRESSIVE MANNER",3.0,19.333333333333332,4.0,4.0
0bee4a374b11358783396bd10e1fdc5a85ca6e20ec839541a85d0703e0228734da895492623a4e65aa97f8063aadf6b702d1be80402ed78f12f5471d37fe2e60,CLEAR,DAYLIGHT,DRY,IMPROPER TURNING/NO SIGNAL,2.0,32.0,2.0,2.0
0bee53df68b3804fe0af5d99a254801317b73e70a3809b4e1e08b5651be00fd787d60de33c1b535beb61b6edfab59573484d7dea36dba19aa847d16dcc645e88,CLEAR,"DARKNESS, LIGHTED ROAD",DRY,IMPROPER OVERTAKING/PASSING,2.0,41.0,2.0,2.0