crash_record_id,weather_condition,lighting_condition,roadway_surface_cond,prim_contributory_cause,total_vehicles,avg_driver_age,total_people,total_injured
0bee7ba3afe052ede5ff67c0683dec25ca6f8e9eb8631040567ccebc3233b9686dc973238c805a444a29d06a3e905de65af5373829cff0e5f97b41ecab576fdb,SNOW,DAYLIGHT,SNOW OR SLUSH,DISREGARDING TRAFFIC SIGNALS,2.0,55.5,3.0,3.0
0beeab03c99a476348498cd4387e4fc768a891959ed1e66a0ae08897ae181c5f7cbb156c1a28c07085fc124b112af04c7aa1b734ce73f7682a51b3487daf7bbb,CLEAR,"DARKNESS, LIGHTED ROAD",DRY,EQUIPMENT - VEHICLE CONDITION,2.0,33.0,1.0,1.0
0beecca37cc74eae702d96626b113f106a8aa0902c0f7411b531b9af24319e000f34cb9dbe8e876fe76716d7ed10e2a3f8742b456f961f05574b5447114c9f35,CLEAR,DAYLIGHT,DRY,DRIVING SKILLS/KNOWLEDGE/EXPERIENCE,2.0,48.5,2.0,2.0
0beed7c23a2122edb9aed03409e9b2d4c1a801b70f4da3586cb687211356c789591c51f1264931da09e0c80442398b11ca7868af649de75c9c1e04a7c9f5a253,FREEZING RAIN/DRIZZLE,"DARKNESS, LIGHTED ROAD",WET,FAILING TO YIELD RIGHT-OF-WAY,2.0,48.5,2.0,2.0
0beedf9be626b13a0dbb276cafcb77585bed39b154d339f42671cfdbd4177506373b8982ab76337d55d9f9d79697191a210ad0161a0c0c1b23922cad8eee564f,CLEAR,DAYLIGHT,DRY,FAILING TO YIELD RIGHT-OF-WAY,2.0,55.0,2.0,2.0
0beee5a561269f963e1763c567ead80b0ee10fbc3fc93c5758e7433fe08d1e991885582b092a61cf2e02a5942fb7581982c4d080af0a95697aacccb30c531bfa,CLEAR,DAYLIGHT,DRY,FOLLOWING TOO CLOSELY,3.0,27.5,3.0,3.0
0bef05f8398c87707a517af87136b2638b9b44803b2198c9872542d841a972e89dd068fdb30524f5764e230975d12621bf8dc7c5a9c31ed75e163913433e409c,CLEAR,"DARKNESS, LIGHTED ROAD",DRY,IMPROPER BACKING,2.0,37.5,1.0,1.0
0bef18a544708ad2530f3dafc788b2ca155da039e08b120d59b5ad7b92eef00c0af3088d527f979aecd16933f66fbd602ffcbd758a6f9178e45d088ea4b10d15,CLEAR,"DARKNESS, LIGHTED ROAD",DRY,"OPERATING VEHICLE IN ERRATIC, RECKLESS, CARELESS, NEGLIGENT OR AGGRESSIVE MANNER",2.0,28.5,2.0,2.0
0bef1b04a2d257f400b9457829332284f0c478e6617982149c4808884806bb9948a7b3e7bff327cc6c385719a07a33cfcfd8440ec1d408000964f1fd1545c0df,CLEAR,"DARKNESS, LIGHTED ROAD",DRY,FAILING TO YIELD RIGHT-OF-WAY,2.0,28.0,2.0,2.0
0bef31ffb874f6396ebcf74b73f58729ba17a2484c7d9b676eaca1e049e0a069d70631581a6c0d72eb31323707c35ce6a27a368e1022ebcb930a2e7bd2999497,UNKNOWN,DARKNESS,UNKNOWN,IMPROPER BACKING,1.0,35.0,1.0,1.0
0bef44bf946a1541cb4aa5ce01658570bf3dbbf12fc0cc863af43742dab9d58e6f740136eca4ae6e1d9628abbd1f569862cf7228617fb1c588ba55204671a11e,CLEAR,DAYLIGHT,DRY,FAILING TO YIELD RIGHT-OF-WAY,2.0,20.0,2.0,2.0
0bef59fbfbd4f650d945c42e4832d69a438fd22a88aa475f2bb98773dd753a2f580aa01fdd26e518604f47fb8859a0d4317ff70e8d7f1c65a1a0d1af0d242b3d,CLEAR,DAYLIGHT,UNKNOWN,IMPROPER BACKING,2.0,45.0,3.0,3.0
0bef7c6312ab9cd7626da756875ced157e9555ab755e2b2c5d9122f7e32c53104b0695a47f222f2a35d5731c7cdd9647f6fe71cbededea624659727e8fef9a54,CLEAR,"DARKNESS, LIGHTED ROAD",DRY,IMPROPER TURNING/NO SIGNAL,2.0,36.5,5.0,5.0
0befac0aee313a26259891c624f24d80f28ba6621905576bd1f525878e9bb498f9acfecc0aa0f4114c1a9d74dfda19dbeed0be87c4dc369cba9d1357d5d0607d,CLOUDY/OVERCAST,DAYLIGHT,DRY,IMPROPER TURNING/NO SIGNAL,2.0,22.0,2.0,2.0
0befb0430a09953def22428b94f33ca7a734220f697e8e3d863895773fb25edd7ac2a748075d9297be847032a3ecc875ea383737a551907d596a6ffbddb6a196,UNKNOWN,UNKNOWN,UNKNOWN,IMPROPER BACKING,2.0,37.5,1.0,1.0
0befb424ba56a1bbd3e156c7e31326914f9d03a3f56e10d61f5bbd291e6e915ed0d8366607a2fc5b08621c770f7b62dc9c5c7a8751098217d693bf4857e7bb76,CLEAR,DAYLIGHT,WET,FOLLOWING TOO CLOSELY,3.0,21.0,6.0,6.0
0befd028b15f91010bd35d01b4ba85ac938851d492c755e5f7c543566833c3d34c976fa61e0f8ecbc7efa0f4811f936918a28edd3c2762c0238baa5716fad767,CLEAR,DAYLIGHT,DRY,FOLLOWING TOO CLOSELY,2.0,34.0,2.0,2.0
0bf016445871bef81ddf81184df6d70ec0f2e410d5c1231a8bcc993f47c7d380b4a5e6e4aee8aa15b607225906e32741cd8430698b976064566ff5013d785873,CLEAR,DAYLIGHT,DRY,IMPROPER TURNING/NO SIGNAL,2.0,37.0,2.0,2.0
0bf02e6cf40e040ba8e170548be08289d1c28be1c0df022bc76610b0d36c7deea86e89bda166f7a7d224e54d61ae0ba9d583be88d5cadcf9b0c88b9cb31250e0,CLEAR,DAYLIGHT,DRY,FOLLOWING TOO CLOSELY,2.0,41.0,2.0,2.0
0bf0457df76059a40d6fdee5338a84dd6d46d7dec8dbcb95e4547094dbe8e4820dd1d3f21bc9245c577454ee439bfe09566a9e9648af3dee5d9ad9e60f73a228,CLEAR,DAYLIGHT,DRY,FAILING TO YIELD RIGHT-OF-WAY,2.0,43.0,2.0,2.0
0bf04f44deb91f5dea6b83ab4be728eda88d8c680ce3606ee0d00b47fe8926a2738d5cadf93d9ad2b40a535a02c899872c6273a2d9c0d85c069f43cd7f936846,CLEAR,DAYLIGHT,DRY,IMPROPER TURNING/NO SIGNAL,2.0,35.0,2.0,2.0
0bf04f4ca033bd8232b14182f32d68471df3fc5722e00c912cfe2cee7374e471f1ec8618dcfd99f4c9d95e30787060bc19c8d176c6cf6dca9b9a9d3183585847,CLEAR,DAYLIGHT,DRY,FOLLOWING TOO CLOSELY,2.0,40.0,4.0,4.0
0bf0538bce9edbdb82e7cec642cd1b513c523fab38f80734a2dd164fc3a8c63931d5e3c672f39840ee0c682544fdaccc4168637faefff46ae05d2819fd32a607,CLEAR,DAYLIGHT,DRY,IMPROPER TURNING/NO SIGNAL,2.0,64.5,2.0,2.0
0bf06411d3fcb0dcc7ef46af93578d036192106d6eae3df9fa6a54a910b36be961b1e6a25ca5635c509db2b1bf725a3ee3d6c003889c0da36d0b8d3820e31dd7,CLEAR,DAYLIGHT,DRY,IMPROPER LANE USAGE,2.0,63.0,3.0,3.0
0bf0c3fb1dbaf160cb2cbda34f56a728d721e3ffba20975640e3358247b6efab7c372289d3732a40606081d7c634cb66d02506c90dec35de0d69e14db13b47ae,CLEAR,DARKNESS,DRY,FAILING TO YIELD RIGHT-OF-WAY,2.0,37.0,2.0,2.0
0bf105f496453b24f324d880976dc25b5ab2d2f3b794dab1ed84dc5a0a5828e315bc00de65906ff83720abbac0f0b931f893d04d86b98802dc9bdbac9c835c21,CLOUDY/OVERCAST,DAYLIGHT,UNKNOWN,FAILING TO YIELD RIGHT-OF-WAY,2.0,34.0,3.0,3.0
0bf12d9f5943863388671cff65b00b72ef3ba89537a3d574b7e2581221d687c406dac03b633739ef8f060a7306b4f2aa10aa14aa734c525865616c861937ea23,CLEAR,DAYLIGHT,DRY,DRIVING SKILLS/KNOWLEDGE/EXPERIENCE,2.0,39.0,2.0,2.0
0bf14c624517a655c2aa29f9e66dc042f3a3f5fe6912e8237a6673b8f7aafc9f548ccff8d2859b90ed89d394ddb54c39123566b3270cdd8c4aa35852795d317c,RAIN,DAYLIGHT,WET,IMPROPER LANE USAGE,2.0,51.5,3.0,3.0
0bf14eacd389f9d8e7b85f87789805c8f130254f5669e65059dd303b7b3f7124ab2066eecbe7bc5049f37b7d178b73369797800248c193ff5373b2edfe8c8398,CLEAR,DAYLIGHT,DRY,FAILING TO YIELD RIGHT-OF-WAY,2.0,24.0,2.0,2.0
0bf16e26d901988661a75ff8a6be1358fea372674169ffe0043cbd84975a01ba6c442403975adf3ada45ff40ad0f6e168d4e77b0629c0c763d876b938914f83b,CLEAR,DAYLIGHT,DRY,IMPROPER TURNING/NO SIGNAL,1.0,51.0,1.0,1.0
0bf1806d088bb9b6c7b4b35cb36cb53f43cea04733968482108cbd1d648f2898db8f9a31df94d1c8687a38474b44e1e77c65eba0af1b47cff677316bf8d06117,CLEAR,DAYLIGHT,DRY,IMPROPER LANE USAGE,2.0,37.5,2.0,2.0
0bf1c35fee83b0e772f9ab289350d22bbcffad934227b270d581038f35c585b48db603bd321cbf973eabccecc8973900cd5ccfc451c6013bbc1fc11c6bf413e6,SNOW,"DARKNESS, LIGHTED ROAD",SNOW OR SLUSH,FOLLOWING TOO CLOSELY,2.0,27.5,2.0,2.0
0bf1d52d035f3c8e90e76770aa59d2886c7c098fcdfab74eedaaaf1633bda0a572db7a6f73d1c086b8b65bb4a57de25c5dab76b1ecf4fd4c227f5ca0e3a49b80,CLEAR,DAYLIGHT,DRY,FAILING TO YIELD RIGHT-OF-WAY,2.0,52.0,2.0,2.0
0bf20d3a2d6556a9bf9aa69002c9e6f5525275fb3f0751e32e9771e78606ab4e111f94d6f0b0f4bcaaeeb177d3e1fc8b69e501f7450ff932628f91b31d08142e,CLEAR,DAYLIGHT,UNKNOWN,FAILING TO REDUCE SPEED TO AVOID CRASH,2.0,27.5,2.0,2.0
0bf213f28d364d279c455e4c11e584135b91f31048cfb33161dd9381e6061c5f638431d0001fa17aced77576e1e5cca8c432ed711e1854b243b9f63d48acd280,UNKNOWN,"DARKNESS, LIGHTED ROAD",UNKNOWN,IMPROPER TURNING/NO SIGNAL,2.0,37.5,2.0,2.0
0bf23aa2772467864d597f1fa28c44aa93c07196517a785f3a795b27614031518fdf7c50a6411176fb39216f0f0e547fd89f3d3fd7144cdd24e86eb63ec5d59c,CLEAR,DAYLIGHT,DRY,"OPERATING VEHICLE IN ERRATIC, RECKLESS, CARELESS, NEGLIGENT OR AGGRESSIVE MANNER",1.0,37.5,2.0,2.0
0bf23ff6c47e2995bb0b06464f38630b7251e13eafffe9d3fafb64b546da3ebcdb02960c1cdc59a5ba74f788f80af67abfb4c9e320b9c5e44ba057f615f29d15,UNKNOWN,"DARKNESS, LIGHTED ROAD",UNKNOWN,FOLLOWING TOO CLOSELY,2.0,25.333333333333332,5.0,5.0
0bf275aeff8cff3b6fe96f54fc6ce66a242b85442959fe9c4e025af81a63b93243507be05b579b721cec19506f66e78051448c8317313b99429b215eeab50f2b,CLOUDY/OVERCAST,DAYLIGHT,UNKNOWN,IMPROPER OVERTAKING/PASSING,2.0,49.0,1.0,1.0
0bf27a046435d0ac1bf1ea03c557283a629188edea1f55764aabb9830659be00a44e3e74141590ad75d9a1d41a0ce8bcacb73a6fd8f8af7047946002adbc946e,CLEAR,"DARKNESS, LIGHTED ROAD",DRY,DISREGARDING TRAFFIC SIGNALS,2.0,47.0,2.0,2.0
0bf2828bb260fe0dc470d3c978b0f6314ae494326aceb147a288970dee1672e2835784bbd7c6f5f098806495f6f364d77bd35af4945ce5665284a642aef5b062,CLEAR,DAYLIGHT,DRY,DISTRACTION - FROM INSIDE VEHICLE,3.0,26.333333333333332,4.0,4.0
0bf28d8eb0bad4eed311899f062bf021374df6f398b6c4c172c93e1423c75eb4dba90b70d0969fcaf6cdf21b5dcb39b82716456fb9bffd2c6deb5eb13266ccc6,CLEAR,"DARKNESS, LIGHTED ROAD",DRY,IMPROPER OVERTAKING/PASSING,2.0,38.5,2.0,2.0
0bf2941f083d235656c48cb1701294a42989ce9f93a81c148aad5f435ad4bf2a51739778cc945f7e30596d3eb40337845ce341cb4fbcdd6bd83bfc7abb9d66d1,UNKNOWN,"DARKNESS, LIGHTED ROAD",UNKNOWN,TURNING RIGHT ON RED,1.0,56.5,2.0,2.0
0bf2a481e98399c86ce389b966bdf52727ad077a3085878208ae22de1cda08f11a9b0ce7f29d276cf69ce70772144eea6ec09155e2882d6d0d5865e72937067c,CLEAR,DAYLIGHT,DRY,DISREGARDING OTHER TRAFFIC SIGNS,1.0,48.0,3.0,3.0
0bf2ab1918aba7fb72f414d40488147423aa46f3ae75e658ddffd0edc65fb22fd3fcdc8c8b477a712f6fa94663947f3169c05fffdde0e11da67bac81850fd617,CLEAR,"DARKNESS, LIGHTED ROAD",DRY,DRIVING SKILLS/KNOWLEDGE/EXPERIENCE,2.0,35.333333333333336,3.0,3.0
0bf2c2a36685bb40572e30080f629971ece141391b61be4c88978674210a05d30aaef8beb498bc21f04724ba49bb575fdd926dcd3ac5088c009c33472796509c,SNOW,"DARKNESS, LIGHTED ROAD",SNOW OR SLUSH,FAILING TO REDUCE SPEED TO AVOID CRASH,2.0,24.0,3.0,3.0
0bf2cc2544fb6c2599364ea34781e270751a6a4ec624ddcfde7445ec7ec0ad410e4a6f761a92ccc1231a09344f52f0a344df8d4b76aa5c987a953b8c039bcd25,CLEAR,"DARKNESS, LIGHTED ROAD",DRY,DRIVING SKILLS/KNOWLEDGE/EXPERIENCE,2.0,31.0,1.0,1.0
0bf2cd851bcf3d90dd12bab766861129da9d53493d812cfcee53752df763bb8b6f4726235d1fd11917d5544111899145cb4283ed76514c9e13e29b264d944ede,CLEAR,DAYLIGHT,DRY,DISREGARDING TRAFFIC SIGNALS,2.0,45.0,2.0,2.0
0bf2d59f50f1618130874032244a55c59d9e9c8b11b169ba5e3dddcc1f330a397af24ce2640aadf1fe31a37d8d676bbfaf345007b5292573d3c4b801b2cbcedd,CLEAR,DAYLIGHT,DRY,FAILING TO YIELD RIGHT-OF-WAY,2.0,65.0,2.0,2.0
0bf2fc30ae9536276c542562d75bbcfae823833ab9cdc2d734870083457291041a8f2136dc1ad5b5b95b41515de1905fef5423699934ea2c2ba1a95486676590,CLEAR,DAYLIGHT,DRY,IMPROPER BACKING,2.0,53.0,3.0,3.0
0bf2fd923863b168608f6969a691c71ee89f4f0dfa6151cfcd89f9530ce5403c6d2536a4b0e14335a0c484f156cca267ae8a4e9983a06e8cfd99d8b20f62ff2c,CLEAR,DAYLIGHT,DRY,FAILING TO YIELD RIGHT-OF-WAY,2.0,31.5,2.0,2.0
0bf3474a26d8e21e8420caa175a2a092688a649935fc38ad5f04a5f05ab5734f466c2e497bdb0b50d02f0d961f4e8cad700ae0c4c4662c68f021c875f13292ac,CLEAR,DAYLIGHT,DRY,IMPROPER LANE USAGE,2.0,53.5,2.0,2.0
0bf39122590c877ffd8a8d9d1ca75ad9309cb702ebe0c060a5ed2921011ff4c3d35d119a126a4fef018c4a6eb3cdb80b11650cc43092f124f471e56529ea476f,CLEAR,DAYLIGHT,DRY,DRIVING SKILLS/KNOWLEDGE/EXPERIENCE,2.0,34.0,2.0,2.0
0bf39e78183c7fdb3accaefd831f1e7e257ae67dc9cc89e843a0cc2d3171c5d7214e00ca9dad346c235265fb3ec724416f2fec1a5a0b2f83ede18c2ea54a3489,CLEAR,DAYLIGHT,DRY,FAILING TO REDUCE SPEED TO AVOID CRASH,2.0,25.666666666666668,3.0,3.0
0bf3d73d85f79b956f908e568a1a910e2adf1e88bd834bf4628ad18709ff04b532931f307987fc2ea4e7247ba4cbb14ecb090fcda92b90b9447c3681d0c2346e,CLEAR,DUSK,DRY,FOLLOWING TOO CLOSELY,2.0,39.0,4.0,4.0
0bf3e4a6c92301e7f35212c8cf34f5d7a0cbe365fb66559d8df089cc4dabbdcdea405996e70a21bd2656b10e3e53fbd4d745b3b12520f2ae24d7b0f0348e761c,UNKNOWN,UNKNOWN,DRY,DRIVING SKILLS/KNOWLEDGE/EXPERIENCE,2.0,37.5,1.0,1.0
0bf3e54f061ac7c89acd8d2f6131d1d28eeede2e2ded9173147cce975aecc840d15f09133949edae977e7e7d0b5236cbb334e4caac5488ffe3534f56d0d5f4b3,CLEAR,DAYLIGHT,DRY,FAILING TO YIELD RIGHT-OF-WAY,2.0,30.75,5.0,5.0
0bf3ec6a3e7b6c6bba8c5d0e1e18762ce5a5c323e0ee6995200f136f7e1ad8c57cfe7b2c17a4eafbfc2e32260a8b495c505af19ce40a33058f956ae1907d8bee,CLEAR,DAYLIGHT,DRY,PASSING STOPPED SCHOOL BUS,2.0,49.5,6.0,6.0
0bf3fd386ca09045c8c81610bcdf4ab61d58a36067b5c8b9b9b469dd6f79e8d84112d32408893373984523706e0c3f9b32c917cdf7466375c5e261776602d49d,CLEAR,DAYLIGHT,DRY,IMPROPER LANE USAGE,2.0,35.0,2.0,2.0
0bf400f6963e2d9166527be23075f609c81712c53f4f165ad60371302d12f0d9dd6187cb4d7e1edcaffb367509167a5d9731697d856ecae8a17818b0c1cb8ebd,CLEAR,"DARKNESS, LIGHTED ROAD",DRY,"OPERATING VEHICLE IN ERRATIC, RECKLESS, CARELESS, NEGLIGENT OR AGGRESSIVE MANNER",2.0,37.5,2.0,2.0
0bf41882a97fdad6d08106d3171a128b302d812ddb190f904aba34ab465c886ed522f23e87abb5ffd90d37436cdd12008d0a9e84e1002395dfb8be12cf0bb475,CLEAR,DAWN,DRY,IMPROPER TURNING/NO SIGNAL,3.0,34.0,8.0,8.0
0bf41bd6c719ffd371a6c4f19a0f29de9bcbaf19eb87efd2b9b5b6bdccdbace4008245fa5bf179a4f1976d5f234a1f0ff4869f0829c7507553dbcb7facab67bc,CLEAR,"DARKNESS, LIGHTED ROAD",WET,IMPROPER TURNING/NO SIGNAL,4.0,24.0,6.0,6.0
0bf46129d80072088b8b1f5334f4fac8ae9a2633612a38d5a134ca905562cc73f8529bf12182ad5b2defb5e8a60523994a453306edf0d0857a139528708e6023,CLEAR,DAYLIGHT,DRY,FOLLOWING TOO CLOSELY,2.0,34.666666666666664,3.0,3.0
0bf48f5a871c63a1fa398a482c5ef8e30233f1b045c8b99bc3c36672cd3e77d0d9a6087a7ae923521d09d01f761ca0cdb3cf6e195196606a23bcb28f9112b072,RAIN,DAYLIGHT,DRY,DRIVING SKILLS/KNOWLEDGE/EXPERIENCE,2.0,47.0,3.0,3.0
0bf49ce68ef73d4420aa4b35cedeeb84f4678de3b132a5507cc3277393e1cea4c9bed730099892f7870cc1b3e7832ee2b2d53e9b648e08618556c491b6dc45d1,CLEAR,DAYLIGHT,DRY,FAILING TO YIELD RIGHT-OF-WAY,2.0,23.5,2.0,2.0
0bf4a8cc6d0fab01ffeb6c11c834606f7ee093c444964ee263b4c68ae5658baeef776a95164b5bb318e67922cfe19fa9d824e96d49e3e30920cddb62df668741,CLEAR,"DARKNESS, LIGHTED ROAD",DRY,IMPROPER TURNING/NO SIGNAL,2.0,24.0,2.0,2.0
0bf4b4fec4ee26b429b4ac87360ddc41eb936f076c7ea70927784342f35a5ccdc412c9ee5acb4d5b3191717ad272f26f6fef20a4ac9c172b0b26d47a2a041300,CLEAR,DAYLIGHT,DRY,FAILING TO REDUCE SPEED TO AVOID CRASH,2.0,37.5,1.0,1.0
0bf4df0c7274e5227737abd52a817d4766fb24dad6825e78dffbe5fe12a8b19c681da69e91a1f3a6040942db722f5b6087c98ca3c0d999c869963210b8f3cf1b,CLEAR,"DARKNESS, LIGHTED ROAD",DRY,"VISION OBSCURED (SIGNS, TREE LIMBS, BUILDINGS, ETC.)",1.0,33.333333333333336,3.0,3.0
0bf50d371fd3e2105434c747a2fba6859d7c1eb227dc21634435cb9180850286af129bc19ebecd291135bf880dbc4d82b1f6c27471300c7fe9e98d7ce75b8c8c,CLEAR,DAYLIGHT,DRY,IMPROPER BACKING,2.0,16.5,4.0,4.0
0bf51b20347fe100047459e00a457c9f980a0648c03e6c2a02bdb95865d54ae43a3ae2911f51029e3f6345172a3c5679ae42f1861afd9bebdc4d33486fb1c8d8,CLEAR,DAYLIGHT,DRY,FOLLOWING TOO CLOSELY,2.0,44.5,2.0,2.0
0bf5351baa8a46554be6d9b8f9efc23830f2fb866082d6f51afe79bfdc88b450b7c96f9b2904d792844ec30914a532bdfbaeb07fe1ef13c69c7cd9a828c01fb4,CLEAR,DAYLIGHT,DRY,FOLLOWING TOO CLOSELY,2.0,29.0,2.0,2.0
0bf53f3a05580f9ab6fa105c70b47739c6c4f58459a7956e3a9b57fd5446c095afe707424125fa600dea798c85d2613d03301b1faf60ed02895dc690bfa2ed42,CLEAR,DAYLIGHT,UNKNOWN,IMPROPER BACKING,2.0,51.0,2.0,2.0
0bf55e5f78b06ac69ca882a82947826af9a4c6f7a0c2bd49b022fda24ad5bd7eff5aae79ed78f3204102e9e1e66bcd089c8afe311785e77ff375669c15411867,RAIN,DAYLIGHT,WET,FOLLOWING TOO CLOSELY,2.0,49.0,2.0,2.0
0bf571bbcb082c323d8021ce17e222086580a63f0ca45a5a47948e6987eb3952bc8481e85344ea0a2d6af133b228fa49929a9de56359c38bd2ee90c3156c4ad0,CLEAR,DAYLIGHT,DRY,IMPROPER OVERTAKING/PASSING,2.0,39.0,4.0,4.0
0bf5a41b543d9acd494812cbfe56207f7bd80094c7d9fa0286803174fc99cbb990370cf19e8e2d220c99c98ea91dece2e21db083237d164df17760ca2f4ddf3f,CLEAR,"DARKNESS, LIGHTED ROAD",DRY,FAILING TO REDUCE SPEED TO AVOID CRASH,2.0,44.0,3.0,3.0
0bf5b10424fa47dcaa5a3928ac88935ee0947456b23e9f172d1909b85d5b7fabd262baa2d1fd3133021baf5643a729572bc240a9240748f7b215cd71f565cf5c,CLEAR,"DARKNESS, LIGHTED ROAD",DRY,FAILING TO REDUCE SPEED TO AVOID CRASH,2.0,37.5,1.0,1.0
0bf5b49267eaeeb552d059cf994dc3107a7adbc9da1222bf8cfecea379bd10138b02ee1689b183ec2093f42151b9bcf22eb4bd7d1c6e6774e8ba8c31b44348af,CLEAR,DAYLIGHT,DRY,IMPROPER BACKING,2.0,24.0,2.0,2.0
0bf5fc9eb928a3521cd24801412c7d0b254efc0b379158387ff656425745e07a6612afb467c9968495541d855c5ac933a380d1a5e6712e1be3533c3c5ec1cb53,RAIN,DAYLIGHT,WET,FOLLOWING TOO CLOSELY,2.0,46.5,2.0,2.0
0bf609398d46a19975e57cf41e6adeccc20805cd809e24fcaa5895257b177166f74298000cc94ce71cce3c310a06becebd74dad526e299a19c3a2df6a9b836ea,CLEAR,DARKNESS,DRY,IMPROPER LANE USAGE,2.0,60.0,2.0,2.0
0bf6271d0046021c5302dadd5a1fe25652ecee7ce0fd872f709b4690e5dd612c1d5e71ff1912983b08d9a84d94e929ceb0974ab6b4782827b11d14397155548e,CLEAR,"DARKNESS, LIGHTED ROAD",DRY,HAD BEEN DRINKING (USE WHEN ARREST IS NOT MADE),2.0,37.5,1.0,1.0
0bf645a365b3fab5932b6d9f5fa7d4b4a3116480d24dc9613c0b970e62b72d3697b9c4c37873d770c9abe2d38407f747e89a48c464c46c5fe423c5609bd6cb7d,CLEAR,"DARKNESS, LIGHTED ROAD",DRY,IMPROPER BACKING,2.0,20.0,3.0,3.0
0bf64f10c0cdb93290b666400f758ea8dd4ba7d6343f27f21daf58efb193501077c6aea0749fad430185c9bcc82be4891c482a77469ed5938d775cf78311878a,SNOW,DAYLIGHT,SNOW OR SLUSH,IMPROPER BACKING,2.0,37.5,1.0,1.0
0bf689607b918dcb506a86c468e6544a6c17d0ce533f63961279dfe7c88deae4c3f8729993d63e7cad800e0ef72376b2462eb2ae6c250b709378c43b18062f49,BLOWING SNOW,"DARKNESS, LIGHTED ROAD",WET,WEATHER,1.0,37.5,1.0,0.0
0bf68a40ace4c96cc6fb25d579b621c24ee008af3fbf68e3cc48bd5bac68f39a94bb2604fdf36724fe6b60e5d746445f09a435fc500158b0593ac43eeced6844,CLEAR,"DARKNESS, LIGHTED ROAD",DRY,DRIVING SKILLS/KNOWLEDGE/EXPERIENCE,2.0,24.666666666666668,3.0,3.0
0bf68d796fed9c58d59caf7f8a2756cc67aef6c787bc124a66db9c4dc0778dc33bf5392daddfb471619da50c57d04591df0dfb416859455967da9e9b2b286edf,CLOUDY/OVERCAST,"DARKNESS, LIGHTED ROAD",DRY,DISTRACTION - FROM INSIDE VEHICLE,3.0,19.0,2.0,2.0
0bf6b843b5f45ff60d0024e36265dfa3ee71eac8cfbad4aabb5f1828e5f08e07b799e0069fa3c1639742caa5294e64bcd59252b0823fbd97a36dff69347bbbf4,CLEAR,"DARKNESS, LIGHTED ROAD",DRY,IMPROPER TURNING/NO SIGNAL,2.0,46.0,2.0,2.0
0bf6c9c97a3259b760a7f994bd7f9c740aa4448157865d53c171a5195796a7eb01b981529797e6284f4c5b5c5e4f199803b57e7f000cd557b48098683e7a1270,CLEAR,DAYLIGHT,DRY,FOLLOWING TOO CLOSELY,2.0,37.5,1.0,1.0
0bf71a1d09695783db756594301ac9ffa84ebbee04c41c325a473b5768b4d4b74610285d3b4c023209a18b51fbc42c6107a86bf72b0a510b28a0855cb7bbd0d5,CLEAR,DAYLIGHT,DRY,IMPROPER LANE USAGE,2.0,36.0,3.0,3.0
0bf72853f8024047f108d476f10d109bb903f98d949e7d6031dd4f1007bb1c39374de67eeaf47016219ba61df8531e66d3c1da035f95d6c4a77435b23f0155e9,CLEAR,DAYLIGHT,DRY,IMPROPER OVERTAKING/PASSING,2.0,57.0,2.0,2.0
0bf7632563e2f02aedaa8759a5baa9e91e20a968add78f24d77f3d9e72ca2052875944c8d6ae5574202454d7089137a4578fa770f9dc25bac939b75dee4722b3,CLEAR,DAYLIGHT,DRY,IMPROPER OVERTAKING/PASSING,2.0,42.0,2.0,2.0
0bf76a9c326ae12346eac52edb8ef658b1115cc4605299ae099727ad04dc02fc8c5053be5c17aee0e3280d047fce8d5e9bac6eb9b5201817ce024367af52279d,CLEAR,DARKNESS,DRY,FOLLOWING TOO CLOSELY,2.0,25.0,4.0,4.0
0bf77590f2a5246d860d15b78ee4718849b8d3a3737cafc1042135159a1620fd8e4e53b0bb516ec0434d9bd8b24e1de7cc87e924e0bb299634f13368029f365b,CLEAR,DAYLIGHT,DRY,FOLLOWING TOO CLOSELY,2.0,44.0,3.0,3.0
0bf78c5626566230e550fa334efc555866cb49f389107bc2edf442661c177208850b1ef0865051ddf1b90ef00875d698633cb6fa12a1e7c0cc7cbda15ab937b6,CLEAR,"DARKNESS, LIGHTED ROAD",DRY,FAILING TO REDUCE SPEED TO AVOID CRASH,1.0,37.5,1.0,1.0
0bf7a3aa1d8df22ef7915b6206de86473f3cf0dae5f8819bca986b943410e44ceac4635200dcad1b8889c08d4c2faa317cb526972f0c0875d3d3f99a0a230d9d,CLEAR,"DARKNESS, LIGHTED ROAD",DRY,FAILING TO YIELD RIGHT-OF-WAY,2.0,27.0,2.0,2.0
0bf7c06a6f4d8b4e28909bd85dde1ad1ee970de2f3688b04412e9072b7f899eaabf05435477bed4f5c042a0bf50915202a54f355f111876fb7c0049d20db6c83,CLEAR,DAYLIGHT,WET,"VISION OBSCURED (SIGNS, TREE LIMBS, BUILDINGS, ETC.)",2.0,26.0,2.0,2.0
0bf7dc9fdd3719c95f90105bd42ace7bccb428b0c89a19907378d348c12dc7eeebb016f7151514d369cc231db29b04921ad47f930d7b656b84af1c6950ae8116,CLEAR,DAYLIGHT,DRY,DISREGARDING TRAFFIC SIGNALS,1.0,36.5,2.0,2.0
0bf8315aa8af40d413db1b3a871e380aa299b05a9db38c983f1926e289f05e7bbc6648fd8893c4a9ef045ccf4a42fa78f8acfdeefbcbf6708ffb41eba4a22131,CLOUDY/OVERCAST,DAYLIGHT,DRY,FAILING TO REDUCE SPEED TO AVOID CRASH,2.0,19.0,3.0,3.0