crash_record_id,weather_condition,lighting_condition,roadway_surface_cond,prim_contributory_cause,total_vehicles,avg_driver_age,total_people,total_injured
0bf8503207a6c061844fa7aab53cc1571cebee0943c82c2fcd82ecdb42f7553cf6af1bc3d7890d6f9de2958b1b95820c33b78b14b37b1f7fe356fc611877ab7c,CLEAR,DAYLIGHT,DRY,FAILING TO REDUCE SPEED TO AVOID CRASH,2.0,50.0,2.0,2.0
0bf8667446b7c9bcb1d7cbde618d928e313a0454365bbd8dd2bd10e78f857182e480c3943b0a38927f595a753d1f61310408e8b5fbc2d037e9f67fd9abe3b092,CLEAR,DAYLIGHT,DRY,FAILING TO YIELD RIGHT-OF-WAY,2.0,24.0,2.0,2.0
0bf886619f336e2d38b1dae899e8250a9360649195bcfc6a0d35503a4d5893a23b26e07194d2459efb85e8266d6c7ec889c2b92e9bcd96c8ef73c0364a3efa33,CLEAR,DAYLIGHT,DRY,DISREGARDING TRAFFIC SIGNALS,2.0,34.333333333333336,3.0,3.0
0bf888b634d44df75fb9d9d31f74c270430f2cb6cd14b72bcdacaf571dc271f5bea9629ce090db6e2c2cf5f5875d311418a870fdb9dd0452ebdc80ef1d273281,CLEAR,DUSK,DRY,EQUIPMENT - VEHICLE CONDITION,1.0,42.0,4.0,4.0
0bf88a6646b47038c6cf96b4e466b5c7743107d0a8c380bc170cb6b512241b8a4b66b3dddbc4128281542dcd47458bbeb2ee989f92bb8fe95a43327db13d165c,CLEAR,DAYLIGHT,DRY,FAILING TO YIELD RIGHT-OF-WAY,2.0,21.0,2.0,2.0
0bf89707c0edad8de23ef92cb5a115695545762518d5331eeb592cba850feef2ab8eea663b66a73c15b2661fd5e1f90ae4101e4b762a7750bd8361306d31007b,CLEAR,DAYLIGHT,DRY,IMPROPER OVERTAKING/PASSING,2.0,37.0,2.0,2.0
0bf89a30f7e4b61004af63423879e1cb6c8aac73c191354bd0b20ac504ffc58e66d73a51873cbf43a071e334f8123a663a85d261e20aa3586ebd1687a975594b,CLEAR,DARKNESS,DRY,FAILING TO YIELD RIGHT-OF-WAY,2.0,52.0,2.0,2.0
0bf8bcdac99bc12b5fd6f4503866d9fa1f212a3ec7dc3b615df47fd1ffd49b3afec47690aba70eb9b1b87b6d3dd3aafe2b1a9e1df78b90ff625445fc4d754260,CLEAR,DAYLIGHT,DRY,IMPROPER OVERTAKING/PASSING,2.0,32.0,3.0,3.0
0bf9362b93fe429ae8df5d7ab8823d3c3e9170909546f08f8c111233a99b9992c71f3280f9aa92beef4de5b5ec35c1fc60e116633d994c381bd7dba2d555c153,CLEAR,DAYLIGHT,DRY,FAILING TO YIELD RIGHT-OF-WAY,2.0,53.5,2.0,2.0
0bf958df4626a5adf852e96b5add492586dbc9b14e0d5bc77e03f3463ff97a4075934634572a30206ba35088c9bde42a44fcbc77d195b9ad41bf99e083cd550b,CLEAR,DAYLIGHT,DRY,DRIVING SKILLS/KNOWLEDGE/EXPERIENCE,2.0,33.5,2.0,2.0
0bf96187a071983bf624b1fb603a98620d86edf9d08e3362eae603f5564590fb347276c5d7ba6f121f387dbf0214da7e3a6dbde7929ad71389e05e4af9bcfa30,CLEAR,DAYLIGHT,DRY,IMPROPER BACKING,2.0,20.0,2.0,2.0
0bf98a21af4ee19e3d6a61cd9155736e2dbfdd9b94e23daae283c362ff092792f2da26e31c36799bb79af5263ccc65f4f9209e45b203b176ade090af163d7632,CLEAR,DAYLIGHT,DRY,DISTRACTION - FROM INSIDE VEHICLE,3.0,37.333333333333336,6.0,6.0
0bf9a7365e863dc16f70b7d7f0081ccd2a3fcacd9103f0cacbdee2911f379a3481aa670ed43a6838d1273074c4b98303ec1ebc205da6bb95577d2b829637b2e7,CLEAR,DAYLIGHT,DRY,FAILING TO REDUCE SPEED TO AVOID CRASH,2.0,24.0,3.0,3.0
0bf9d3b22240ffb291e3d0f1e6343b733f12a5d695da6c2b86a913b69d81d2b8531f9cf1c6e392d3086fb1465d177993dae3fa80e7dc95718af60829958449ee,CLEAR,"DARKNESS, LIGHTED ROAD",DRY,IMPROPER OVERTAKING/PASSING,2.0,46.5,2.0,2.0
0bfa169f85a1f715310de28cdb75667ba7b9c8b7dca22363ae9ae3dd7c172b3803ca4059634109732254d6804a9c29497eef9d367a5f5823bda5b9daea8b3a38,CLEAR,DAYLIGHT,DRY,FAILING TO REDUCE SPEED TO AVOID CRASH,3.0,68.0,2.0,2.0
0bfa1dbb76d617d20c14afeb5c466ca31052970cecd19ccd84f64be480b90c549fadd75770447e330ed7875ef1d42d64ee66e347a7f9c069e19e51746eaa34e6,CLEAR,"DARKNESS, LIGHTED ROAD",DRY,PHYSICAL CONDITION OF DRIVER,2.0,25.666666666666668,3.0,3.0
0bfa36f31eecc36e6f94e3a7129a605f61985ab4da9fc17cbdae37fc0eb4037e1b6b297f6da599491e6c3a13be0ca58526bae049d2eeb9bfc6d9c4d93cdd1d3b,RAIN,DAYLIGHT,WET,FAILING TO REDUCE SPEED TO AVOID CRASH,2.0,44.5,2.0,2.0
0bfa58d03d2ed63f9f9fa277533f6a09360f525d1614a505b5897dd667248f11971ec4998057a62d3e4e16b65c6615918456684d77904349cb816cfc0da9608d,RAIN,DAYLIGHT,WET,IMPROPER LANE USAGE,2.0,34.0,2.0,2.0
0bfa5cc2c87a607383af8cab961729d90afeecec17cc1d742fda2a68442ce8e6c3d74830f1ed090f67bb2f78dec62e6e8d9573eae0926360c8d48c1b67c28dd8,CLEAR,DAYLIGHT,DRY,"OPERATING VEHICLE IN ERRATIC, RECKLESS, CARELESS, NEGLIGENT OR AGGRESSIVE MANNER",4.0,32.25,5.0,5.0
0bfa66de08d3464f9b15bd6a17789b9cb7478de3320d6c02b5746946b0a7ba10ed818bbb60294cd458fe654b9c1e579013110188d61f090ce600ad4e8156068b,CLEAR,DAYLIGHT,DRY,FAILING TO YIELD RIGHT-OF-WAY,2.0,23.0,2.0,2.0
0bfa9741004e210888b592b10157be0a9eb0ac29ff58464d5dec137912f845b5f80f9eadc0c17782729721098fa095a568aad85a6e2a28c347e9af2049d2d268,CLEAR,DAYLIGHT,DRY,EQUIPMENT - VEHICLE CONDITION,1.0,17.5,4.0,4.0
0bfaa1c11f617cd209620cfb0ac54fca00e57ac70c7d3095c7e3fc2014e26e29a381551d3bac85373a8a5ce82d3b60cfe2153831e6b468a9580b975f2fdea281,CLEAR,"DARKNESS, LIGHTED ROAD",DRY,IMPROPER OVERTAKING/PASSING,2.0,24.0,1.0,1.0
0bfabdf0b824d4cc1a96d2da9fcec5b593332ac34b37f196e6ee6b794f2414dcfe9ed281cb417699b0dcc7950b9f3cf60d9f5f325b8a6a5b58db8c4d425b6bfc,RAIN,DAYLIGHT,WET,WEATHER,2.0,36.0,2.0,2.0
0bfaeb63a41a159756e064d0df3e2605b3c0fd1b7f4b862785559d04b7b55b59435ce299b86f467901838e7785230d9c10087cb4c9a6882d94a7aa338a690d96,CLEAR,DAYLIGHT,DRY,FOLLOWING TOO CLOSELY,2.0,57.0,2.0,2.0
0bfaf21f71c248d88cda8de9d639393bc62a851a9a6db5dadcc3ddf84cc736ffe557c1be629f15be8cb726383faaa8b7340d396a96cbd6ea9107543fd25515e0,CLEAR,DAYLIGHT,SNOW OR SLUSH,"OPERATING VEHICLE IN ERRATIC, RECKLESS, CARELESS, NEGLIGENT OR AGGRESSIVE MANNER",2.0,29.0,2.0,2.0
0bfaf7c7ef752995c1d18b6c78698b255803e7ae002073272cdc54922afddf4014b6c17f32444e221cf508fa0c9d5714f5b641bd74b5873e578ac46315483d53,CLEAR,DAYLIGHT,DRY,FAILING TO YIELD RIGHT-OF-WAY,2.0,12.5,2.0,2.0
0bfb368d02a1835316da9547e90fad03225ff4c861528cde4cf5a037dcfd1c2ad395a32f03150e65af9be1b56ea3daa0c9c93a2c304aa44b50c2613af404bddd,CLEAR,DAYLIGHT,DRY,IMPROPER OVERTAKING/PASSING,2.0,63.0,1.0,1.0
0bfb5d700b1ec8f1fa8f03ca8cb79e55762b3971b557b941c6ac4f497878b2b17831a9bb629254a638ce17eaff4667827100cfa5ebb9fa005eab6179fcf4cbba,CLEAR,DAYLIGHT,DRY,DRIVING SKILLS/KNOWLEDGE/EXPERIENCE,1.0,23.0,1.0,1.0
0bfb5e7813ab24a89a82f5ea4e3f7a7d87bd4bb74b9cce31e286f7cf82600559b074b0e09c40b940dc7cc3d8f5acd84381b0e40e62834aea11ed3414533e6e0a,CLEAR,DAYLIGHT,ICE,FAILING TO YIELD RIGHT-OF-WAY,3.0,32.0,2.0,2.0
0bfb864159191720ad60d76d9c66840b607806c81855d9e705c7f5945b17c1ec671736e6e7c236de5248723dd281231c646e6dd7c4e840642ebce592111e3f97,CLEAR,"DARKNESS, LIGHTED ROAD",DRY,DISREGARDING STOP SIGN,2.0,29.5,2.0,2.0
0bfb9061d778a18de3238664ccd7cc08429a8e3fc1fc85f3131e3693cb10871adc2900424bd4d332d6abe875ee80ba18430f42ecc27602de28bb1896f0ec4dad,CLEAR,DAWN,DRY,FAILING TO REDUCE SPEED TO AVOID CRASH,2.0,29.0,2.0,2.0
0bfba119b6503e61f8725d0acd0ffbeb3194b4b16189d627d5558b44bcf3b13133186aab7f34287558384cd658a27f0d9f09c3b23549002cc3a09c1b6089e62f,CLEAR,"DARKNESS, LIGHTED ROAD",DRY,TURNING RIGHT ON RED,2.0,47.0,2.0,2.0
0bfba6201c07957d35c320d621931433f3765934973e152c000ec8b0d5a6c3058865254b4802d81e6a354715227785a8956900ee7a348a231d21d14fb57187e6,CLEAR,"DARKNESS, LIGHTED ROAD",DRY,DRIVING SKILLS/KNOWLEDGE/EXPERIENCE,1.0,66.0,1.0,1.0
0bfba6a97440072984b09f47924e7e5f08f8bd62a65cc4cbcca37082a05e895c09719620da8118360909ec7cc97eacdb72c5554425a5042dcb42125e8c8f2894,CLEAR,DAYLIGHT,DRY,IMPROPER TURNING/NO SIGNAL,2.0,38.0,2.0,2.0
0bfbb1cae1b1a79af8d7a8aa26affafedd6b9d2a1e23a14283d32dd563f956d4f486a6a2ee203eed6e8a759c28db9bfdedebe1cd1d07d93a0071a83e337869ce,CLEAR,"DARKNESS, LIGHTED ROAD",DRY,FAILING TO YIELD RIGHT-OF-WAY,2.0,19.5,6.0,6.0
0bfbc5aa50e7bbf82567f6ed28f0387b8fe9b19f5d0e846f24e78124558690aa2101c0fd6f108beb6e2ff3573467713d78bff13b05528b5cf1ead04c559f63e6,CLEAR,DAYLIGHT,DRY,IMPROPER LANE USAGE,2.0,34.0,2.0,2.0
0bfbe4bc9cc9363c97c6553def4c4a5fe414e3d3fe18417c1faab2288599a654718d4424d1aa15476094bbe39eb0d9830dd875501b32f2f0e12ddc71e698cd87,CLEAR,DAYLIGHT,DRY,FOLLOWING TOO CLOSELY,2.0,65.0,2.0,2.0
0bfc41b064f0dd9649c66cc3c3814d9af955db4ff24fb1eeeee10c31c59daceb2fd8152996c53d9dedcdd5fae20910d01be4074feccd125ab13ab9192acd3786,UNKNOWN,"DARKNESS, LIGHTED ROAD",DRY,IMPROPER BACKING,2.0,20.666666666666668,3.0,3.0
0bfcc01ce6a28d2bdeba7248b923619d3120be6947a7dd8ca36e0da3600f40d387d39576d03483794fd9a0e1692704721bdc922901ba0f33ccdeca986ffddea8,CLEAR,DAYLIGHT,DRY,IMPROPER OVERTAKING/PASSING,2.0,25.0,2.0,2.0
0bfccfa61e589ed61d879ad9f592454c7378ff9194f6769518c7b26e48dcbf7d4157976b467a4419be09d7461e4629f99e058c9ee9ae489c04e432161c0a2b1a,SNOW,DAYLIGHT,WET,IMPROPER BACKING,2.0,52.0,2.0,2.0
0bfcde0c3f7a29e1ef748a82327c8830bf67ce63ca38a624a3acdd48c6012fe670ce558be9bd1612ceb136cb733850758b57acc021c1ad0b033d937e799e4e0d,CLEAR,DAYLIGHT,DRY,FAILING TO REDUCE SPEED TO AVOID CRASH,4.0,40.0,5.0,5.0
0bfcfdcdfa410c0ffb7c5047e259dbf25619337c015420f0b53adac13883d1992b0bcdfe51d20fdbf9bf4ce1eeaf14b22c279b6f598ff82ddce7eb446f7b74bd,CLEAR,"DARKNESS, LIGHTED ROAD",DRY,IMPROPER OVERTAKING/PASSING,2.0,31.0,2.0,2.0
0bfd204b54aa4c676cf66e90e807b601685e373623e99378919835328b711dd2a4c3ffc412efe9fdd763075a2784a86d14fad18a524d3af5fe86ea0c46fa9523,RAIN,DAYLIGHT,WET,FAILING TO REDUCE SPEED TO AVOID CRASH,3.0,32.833333333333336,6.0,6.0
0bfd65b50d9e1dc592cafb771f1c42931a04b790e598c62f60733f2e4d1b503aeadc4de14dccfb25a460b176e2abe7f11d9c3ca258351db0500b20262fd3c9e1,CLEAR,DAYLIGHT,DRY,IMPROPER BACKING,2.0,41.0,2.0,2.0
0bfd905d39ad77953ea9848a25e0923f9407bef15530becb7163e2d9275727835073281cae77d485c468c6d9f75e32102d3539ed7690bd5253d646dd53e592c3,UNKNOWN,UNKNOWN,UNKNOWN,FAILING TO REDUCE SPEED TO AVOID CRASH,2.0,37.5,1.0,1.0
0bfd950fd580dcd1d2fb563c20a6371ff8cfc1428f3c111f4e729ec818a633e4ddae57fe7e933307ba5d4c2c4a8784e30c8bdea938ef631626fa19ed83294966,CLEAR,DARKNESS,DRY,IMPROPER BACKING,2.0,37.5,2.0,2.0
0bfd95a0670b6648627b5a85c97b1df3a9f0ca60dfc9890b733e2e83e00e072272fcf2160ccf0cff0662b69397e6015835815f123f89815911c74dab6c124cd8,CLEAR,DAYLIGHT,DRY,DISREGARDING TRAFFIC SIGNALS,2.0,55.5,2.0,2.0
0bfdebc2528714324927183955eb6f074820277eb70910f4279a57200c8465579fed3e4d1bea8351a2eef048ee544cc8b56a837859ea8a39d9bcb8a260367991,FREEZING RAIN/DRIZZLE,DAYLIGHT,ICE,FAILING TO YIELD RIGHT-OF-WAY,2.0,20.0,4.0,4.0
0bfe09070f0eb914efa1d72d87e4f447674c6939a3df21d48e1ae4aecccb541c93039346222096c8c399ed64f05ec0d8dad5f5a3b714dfeb406982f208301040,CLEAR,"DARKNESS, LIGHTED ROAD",DRY,FAILING TO REDUCE SPEED TO AVOID CRASH,1.0,45.0,1.0,1.0
0bfe0d7d953aeaea72205ddfab588a6db1cd625dd815ebb62521c97f7c1758b7cdcf950808fb42f27f2568b6100a656c5d9e0534102161bc83d9d52a20a5ccca,CLEAR,DAYLIGHT,DRY,IMPROPER BACKING,3.0,82.0,1.0,1.0
0bfe349cea518db5a69d42ca81b2c783846f48b86bd06373a6c2f0c6569c42175b82c6620f4c5eaa6e776a645fcbb4d91a449667060d4722c63e66e07d14d75e,CLEAR,"DARKNESS, LIGHTED ROAD",DRY,PHYSICAL CONDITION OF DRIVER,3.0,67.0,1.0,1.0
0bfe765e4c7a9e61b756e643685e550cd828ee0408c504e719c336fb9173da8f6d1291c79598f721707528a907293fdbd18baebdc6f420949a5a962661a52545,CLEAR,DAYLIGHT,DRY,DRIVING SKILLS/KNOWLEDGE/EXPERIENCE,2.0,41.0,2.0,2.0
0bfe8e1bb710a5de58b9fa735dee945fb095d4fedb87ac969ed3cef482ce72b9053fd290cde000b54c505ac51d7acd6a82d010caf677e807ff3f7754a57c59fd,CLEAR,DAYLIGHT,DRY,FOLLOWING TOO CLOSELY,2.0,49.5,2.0,2.0
0bfe9f6ea571fe1d7b18561cc535294ca93c34e650fa2b36034167dae4a557de24c6103fbf8720815945dc01ad960cfb04023f40d9ea72e34d285fc3facd63ab,CLEAR,DAYLIGHT,DRY,FOLLOWING TOO CLOSELY,2.0,46.0,2.0,2.0
0bff05b5450985fae40defa4b76e63cec3ff815c7065781d0046bef202effb4e99dacee43898bacf6268e40e16ac2fcc78395893e3ea3a3d97facb322b3bf3da,CLEAR,DAYLIGHT,UNKNOWN,FOLLOWING TOO CLOSELY,2.0,36.0,3.0,3.0
0bff1b992d63cbb2165dc9519b0adef704c28990a49e87374bf9b0eef7ef8c3bd796f2aa85ab879e3ab6edebf9b89450be55679b8097227b01079c4b8b5834b5,CLEAR,"DARKNESS, LIGHTED ROAD",DRY,"OPERATING VEHICLE IN ERRATIC, RECKLESS, CARELESS, NEGLIGENT OR AGGRESSIVE MANNER",2.0,35.0,3.0,3.0
0bff6e1024d6481fcc2d72e3e43b2e862169faa514f26e198f99b44096536408dcbd4b3344151742b19e6af665b7e0703b96a3d172d0935865aea2c25c124af1,RAIN,"DARKNESS, LIGHTED ROAD",WET,FAILING TO YIELD RIGHT-OF-WAY,2.0,21.5,3.0,3.0
0bff8490584e20b45264f9914e979cd39bccc140a174273467358bcb21bc6336a649c24a35b57ae7aade09a6ddd861e380db8b9bf227f7aeb88fdec65552c247,CLEAR,DAYLIGHT,DRY,FAILING TO YIELD RIGHT-OF-WAY,2.0,22.5,2.0,2.0
0bffec0f7bced6ecf068b55f340e2fa5a6603c1525236fb4f70e7c087afdb620b8db57147b5c40b11ff2f71a7fd6f40c475d6021ef7025471e6dc01ebe5fcbcf,CLEAR,DAYLIGHT,DRY,FAILING TO YIELD RIGHT-OF-WAY,3.0,0.0,2.0,2.0
0bfff78a91f23d554739343f1db3441c8a9adfc69aa60ee8abda7ebbc0e0190d6e965f17cc412946b76e338e85e0d3f1e99f84107738ac0efc64ea3d35f6ec39,CLEAR,DAYLIGHT,DRY,FAILING TO YIELD RIGHT-OF-WAY,2.0,46.5,2.0,2.0
0c00258de568cd1fa1c4c254798ec021302d3dba46f82bb07b016af01959e30a82fb4d2efde935305ee63ecbcc8f16180b9f0f9661558df55c736003b5217257,CLEAR,DAYLIGHT,DRY,IMPROPER OVERTAKING/PASSING,2.0,18.0,2.0,2.0
0c0058e945b1ac9f0ec042070773091abeadb0096226768f8a1e94ee7d7b2e24c5c376a25f6df59b0d972a01561281a517194a0503393899ac9f15ca7495e078,CLEAR,DAYLIGHT,DRY,IMPROPER OVERTAKING/PASSING,2.0,31.0,2.0,2.0
0c006d3f139faaccd1ce59a16e197a82a42b04713251f97ea126da307f6bda7bb856cff594fc51f404d9467fc0be9e477ca5c26805a5729890ca77b299e40725,CLEAR,DAYLIGHT,DRY,FOLLOWING TOO CLOSELY,3.0,36.0,4.0,4.0
0c00deb4e32180b6e619e1dbcc970b3722d7edf8bbfe1c3b81ded189596b742f3c91d5c02043dcd761ff09f9a346839b16cd20dde866ccbfcc619ab85ac11dc6,RAIN,DAYLIGHT,WET,FAILING TO YIELD RIGHT-OF-WAY,2.0,41.5,2.0,2.0
0c00e4dfbf3abaeed5a56a868a02429fb23cac2d481e58093d6ae872dc7f589010f4ce444c499125010d33e01160bae3d9a12b181ad5667a78243eca3c6cea7c,CLEAR,DAYLIGHT,DRY,FAILING TO YIELD RIGHT-OF-WAY,2.0,25.0,3.0,3.0
0c0136de2bb7d4f35ff668f5bc4921aba2fad93e5c7a31795af5ef3559eb74c199ea80e8a6b8a6b6e558a9d8aa353fac8427e6a77a26e2c6642d38eac2bf8ed2,CLEAR,DAYLIGHT,DRY,FOLLOWING TOO CLOSELY,2.0,27.0,2.0,2.0
0c0146928cb455225571dc9946f6ae8a500e9f3071bddf96290feef881d8da67591ff7f54162861a8f482decc4cabb60b41f25bd4b18cbc3c490a0793b6984e3,CLEAR,DAYLIGHT,DRY,FAILING TO YIELD RIGHT-OF-WAY,2.0,82.0,1.0,1.0
0c0180b51a6bd79fbd1a4f86578f668338e8d92f196d8446b1bcf6c549ea1f23687e308ceb9e0469022bf63dc533599a820de7f446df8ef8e6468d8a04a256ae,CLOUDY/OVERCAST,DAYLIGHT,DRY,FOLLOWING TOO CLOSELY,2.0,45.0,2.0,2.0
0c01f94626e352e98d503a01e3d91a3b07653daa5eb16d5766d0339960750ff58a40adccf4c1f3539e536ea4f113db78dd10d5e467ac57a209a59c13f83eb601,CLEAR,DAYLIGHT,DRY,IMPROPER BACKING,2.0,37.5,2.0,2.0
0c01fc30cdac1fbe092782c0c543b8338b1abaa3ea58c1bc044590fe6c0df6760b9444b8800d770bf530ec41420ef4dde96f78a1e10ac68f980958492fae36e2,CLEAR,DAYLIGHT,DRY,IMPROPER LANE USAGE,2.0,59.5,2.0,2.0
0c0228acac8b418311d31812b67e2f2b37e81652064cb1e4e98751a9a1d27e376d065521e63d7427c330c27e0bceb64ce87ff2af2c8b8ab0706c8d98ea630fff,CLEAR,DUSK,DRY,"VISION OBSCURED (SIGNS, TREE LIMBS, BUILDINGS, ETC.)",2.0,42.0,2.0,2.0
0c02496f150bd9e1ffaf06e94d4f43982178a34cbaa9126be6eef9e5b07329380fb49305f9e8a3e2e0ebda1b3842ba62a9de1f806cbe425833a1c99870141fc8,CLEAR,DAYLIGHT,DRY,IMPROPER LANE USAGE,2.0,26.0,2.0,2.0
0c025cd8de116b54ac152b26bdae17f75957525f758396d04340d26a820dc8a65d61055809ca3bf10e98c8fb15a2ea4b3ee8e70f843ea2564606d8f89622afbe,CLEAR,DAYLIGHT,DRY,FOLLOWING TOO CLOSELY,2.0,41.5,2.0,2.0
0c029472ca2c42dc5901372edc24cf40ce73d5b1e56d35d8dc2cb0df3d8d960cad1a5d395a869a5304db6c88d91b01f00151a4416b4711447ff552226e53d11f,CLEAR,"DARKNESS, LIGHTED ROAD",DRY,FAILING TO REDUCE SPEED TO AVOID CRASH,3.0,37.5,1.0,1.0
0c02973b09eb1a285039969efae621ab293be59bf4aaff8fe0b0a4ed9b3e289499dad2257faeb0697e97c92fabf8cd90832103ab083221def73520584db0c7dc,CLOUDY/OVERCAST,DAYLIGHT,DRY,FOLLOWING TOO CLOSELY,2.0,35.0,1.0,1.0
0c02d089aa82f73f43a0da7855e63f3fb00331ad0cb2b40b253692b2e156a7fb0a7a8775dd583909b5fbd1ea7263d76dfd01ea7733a75d3c0dff8dfed6bd9013,CLEAR,"DARKNESS, LIGHTED ROAD",DRY,IMPROPER BACKING,2.0,22.0,1.0,1.0
0c02db7f5d3b5ee1ac79fde584f850fb142c0669edae11199283005fb8fbee426a1d5571c348fb2b209b1b609dca4214855ff138591e119e96411c6015def98c,RAIN,DAYLIGHT,WET,FAILING TO YIELD RIGHT-OF-WAY,2.0,55.0,6.0,6.0
0c02ec4cd50f243af8da147b19af814993ce3a057a27d7b1f546f82eb77f0e1c9afe011166d1cc8071708e8c2aa8f1dddeb3867ce10a53f154bf675711cd8528,CLEAR,DAYLIGHT,DRY,FAILING TO REDUCE SPEED TO AVOID CRASH,2.0,43.5,2.0,2.0
0c030150d48a10ab42b7e5cf7e131ae179bc1d9daab4f4240cc72a0d8d156e14320cad038090ea6741f1e589e165af211f1d8813b6ffdb4d1aeb650fa4ad86ea,CLOUDY/OVERCAST,DAYLIGHT,DRY,DRIVING SKILLS/KNOWLEDGE/EXPERIENCE,2.0,45.5,2.0,2.0
0c030dc21fa8fd8a2bb0f8378b0b722c2f68d744d627d395e5956ed4d9aec6b3a9cd1eb0e62ff4f01989459a15d774c13c1f8a4b03bd43fc1d558c39e1c58525,CLEAR,DAYLIGHT,DRY,IMPROPER OVERTAKING/PASSING,2.0,66.0,2.0,2.0
0c032f2960b1cf6d7cc2701df5f2bc0e76f952bbb2d80f5d4698084f1607cf020e7ba83eb31f788a03af4da9e4b17c5b99b72af6b9c662cf72de7b917cf51f96,CLEAR,DAYLIGHT,DRY,FOLLOWING TOO CLOSELY,2.0,29.0,3.0,3.0
0c0370450f60b75338aeb74e415d0666d903d31e464c02867c972f0f88310438436aa770797e426439e87863fdcb34c00a9cc460d62be2317df7d8f2ee1f80a4,CLEAR,DAYLIGHT,DRY,FOLLOWING TOO CLOSELY,3.0,35.0,3.0,3.0
0c0380342203fcce6b079e967177b749ece1433b1e4aa5a9a40d38c29c826df9c9a550936569e8c0ddd59482ca2957d3786786ef53f1df1ec047d1ad6912fb5b,SNOW,"DARKNESS, LIGHTED ROAD",SNOW OR SLUSH,IMPROPER BACKING,2.0,37.5,1.0,1.0
0c038517d239b30c0d44930888327b96d51a2e70606d137cf408c90442e54372448d5a2b49f031056d561cc9536e6b3025c0d01c9a815707f98f3952d4e0af1b,CLEAR,"DARKNESS, LIGHTED ROAD",DRY,FAILING TO YIELD RIGHT-OF-WAY,2.0,22.142857142857142,7.0,7.0
0c0396ec46dec215d7c1039b32f2b8007037f56e3cda39ef61a875d3c1ef0fae49c1a43eb954ea3d78f4e764dbf842ef55ceed6adbc524ba6ea3e3036c3ebe26,RAIN,DAYLIGHT,WET,FOLLOWING TOO CLOSELY,2.0,40.5,2.0,2.0
0c03a8031d56c6ebe5ecf90306efc19a3ff40228b3aaa6732634db99f4d2043fef9cff8f5836dc524b9604b4335e9ba50ad86f98beb3755fd1ee80f7e22d68f7,CLEAR,"DARKNESS, LIGHTED ROAD",WET,DRIVING ON WRONG SIDE/WRONG WAY,2.0,49.0,2.0,2.0
0c03d62485e5128d91b223229193aa45c95072924c58638e4a97f561a6d814e0331c2c79ab20287dff69ec554de88c832478969a80395bcf68a8ede5611a5100,CLEAR,DAYLIGHT,DRY,DRIVING SKILLS/KNOWLEDGE/EXPERIENCE,2.0,46.0,1.0,1.0
0c040abefbe692810c3ba15a678326d232c0611687f25d13eeaebefb47f33f7194d69655a4c92571ba716e308975c95e78d9e3f87404702eeba0c235bf596360,CLEAR,DAYLIGHT,UNKNOWN,IMPROPER OVERTAKING/PASSING,2.0,34.0,2.0,2.0
0c0449b0cb028d3efb60877fa604cb93008b09b3d40f8b46e17cc441c5553917f3135ef78ba70b8772265998d124854987f2bd49758efbd563113e59dfc30c7e,RAIN,DAYLIGHT,DRY,FOLLOWING TOO CLOSELY,2.0,38.0,2.0,2.0
0c048e68e8700340a431d39657ff21c2c87a73c32bfd823db4fc0d3f909e3500f3fc55987247539e23e22cd2f3460b4a5c5cd9b613ec5bc9e4b2cd0232184263,CLEAR,"DARKNESS, LIGHTED ROAD",DRY,FOLLOWING TOO CLOSELY,2.0,28.5,2.0,2.0
0c0498f691c615930cabac3830cbd3597fd3a605f8ead4505ba3508025ce18e72688e1179764c3ab13516f3d950e143a61eee1cd4c9601e8ea52bf48bd8bad0c,CLEAR,DAYLIGHT,DRY,IMPROPER LANE USAGE,2.0,36.0,2.0,2.0
0c04f6dbf3556f623df8cb279499a23e43b9c15f5e900b59c4491d39e079ee353de45c7ff9abaddfae95775c13961608cfbd6961a63bfc5aedc4149bd2e7d822,CLEAR,DAYLIGHT,DRY,IMPROPER OVERTAKING/PASSING,2.0,38.0,2.0,2.0
0c050542096e7df19ac63a2b03266657cd7b4815ab5f820ba9db3e7fd035cbfdc96e0de4abb86c9ed95b6650a0cbdc65ff0e24ff4c421e18606be33cd36eaf13,UNKNOWN,DARKNESS,UNKNOWN,IMPROPER BACKING,3.0,32.0,2.0,2.0
0c0508ade9edc6e3f1f18ed1a25d2e07473a8273a6207cc23105befb234f0e2c3cb113075e5112cbcbcf0dcd30f299f87e462c42299d7c892be005e2ffcb2c84,CLEAR,DAYLIGHT,SNOW OR SLUSH,FAILING TO YIELD RIGHT-OF-WAY,2.0,24.5,2.0,2.0
0c0552b60d23ff71b379162c85e6e447c07e090dd5b890fe5222abfd366d51c3d1aaa1d550a8811b2dc820e3b03cace0700dd75b7030fb08315b1350e9205872,CLEAR,DAYLIGHT,DRY,FAILING TO YIELD RIGHT-OF-WAY,2.0,45.5,2.0,2.0
0c0556cb5bd6aaedb5a568b9ba84015f760f5053232961e5f36a089181c417a099bfc0b2bf941b4694edbd7d2b11ba5ee6fcfd69be91198efd5f7cde3c6a65ba,CLOUDY/OVERCAST,DAYLIGHT,DRY,ROAD CONSTRUCTION/MAINTENANCE,2.0,43.0,3.0,3.0
0c056d45ac07d4269478e591ad30c82d91e4612b01fc05319fb883806e0a9571e08c5782b2cf168fe39e3c10be16f3567143cf9881cb501bfe7f0bb55b5355d1,RAIN,"DARKNESS, LIGHTED ROAD",WET,FAILING TO YIELD RIGHT-OF-WAY,2.0,33.0,2.0,2.0