crash_record_id,weather_condition,lighting_condition,roadway_surface_cond,prim_contributory_cause,total_vehicles,avg_driver_age,total_people,total_injured
0c059f1f564b294f739564e8588fe0520e5fe3ff0381c1429558156a8f77df4779d29c2ec55d24dadc02dfdb591b4b5d8bde156dc866ef22f4932916a8f03ad2,CLEAR,DAYLIGHT,DRY,DISREGARDING STOP SIGN,2.0,16.0,1.0,1.0
0c05e84651d8836112f3b4dc23cbe10742ce36df25b66b55804707834bb21b265d82bb4324656181e7a1a65b05369b041182d25af5a27ef52fce3163e579125e,CLOUDY/OVERCAST,DAYLIGHT,WET,FAILING TO YIELD RIGHT-OF-WAY,3.0,56.333333333333336,3.0,3.0
0c0614cafd3bb322b3ebaeabbd012861610c3a6cf49ba300bf79be4453a595ef396a03ee1d1cd32a7b5b584cd2af04aeb70d1959f4d9efb5916a5735f6cc8116,CLEAR,DAYLIGHT,DRY,IMPROPER OVERTAKING/PASSING,2.0,44.5,2.0,2.0
0c063e42f288e87baf4895c5c4789c228e32206d36f65488c30f89e194d4a8ccee6916b2796842ee9813fdd5e7977b70595e6a8557a803395d1a6868948ecf1a,FOG/SMOKE/HAZE,"DARKNESS, LIGHTED ROAD",WET,WEATHER,1.0,37.5,1.0,1.0
0c064b6736ddc78d6159fa41b2d6df5628cf845fbef455f28904d6896176fa065de6f17b9a86e9b6e0952ee3bc7bfdc59da98905ac6035178583221f8506fe0f,CLEAR,DAYLIGHT,DRY,IMPROPER BACKING,2.0,38.0,4.0,4.0
0c0665126960d4b64e944334b57ea80962a081b8768e94af130eca1c79501af4970cbd1dbe699c20ff0499621c2fea93a2ae71b888485572a56d17282f5e3d2b,CLEAR,DAYLIGHT,DRY,FAILING TO YIELD RIGHT-OF-WAY,2.0,42.0,2.0,2.0
0c067e2e8b2c8115d44aaa1cbc3982d21c1e7aec91dff1fa739384572bab1dcad881e5877f014a6c1eff06389dc129eb5c8016a216f2281b548a3c5ae03f74e5,CLEAR,"DARKNESS, LIGHTED ROAD",DRY,DISREGARDING STOP SIGN,3.0,54.0,2.0,2.0
0c06a42de8db0c738f4a4a839697c37cae010de535f62a713fb87542cbffe392aaae2ec487ca1555f5364b1ef58afead7bf7f8b7af373912c47bda1d9228f62c,CLEAR,DAYLIGHT,DRY,FAILING TO REDUCE SPEED TO AVOID CRASH,2.0,64.0,2.0,2.0
0c06e9ba0c72a30ef366d4a55d24236afb0e885b349588e0973de83fd5b05d38afd16aada48f82f03d407da8884ea90bd91f28b3fee61c0b060082a489cda32c,RAIN,DARKNESS,WET,IMPROPER BACKING,2.0,52.0,1.0,1.0
0c06f5691ebdb539e7f9d529b349ec9cb3fdf4722e09c119df4de215ed80f5cc14eaad7e3b2676015c9527ea902e207f5f3ffc559f687024a0305eea7d908aaa,CLEAR,DAYLIGHT,DRY,FAILING TO YIELD RIGHT-OF-WAY,2.0,27.0,6.0,6.0
0c070c3f3f1729c061a42814bc70fe477f6ff318d3f7a4f5abf7269d2a71fea045e9f8e42f445d812d7038c0993e2304313ea177cb1f01964c63267d8cd8ea86,CLEAR,DAWN,DRY,EQUIPMENT - VEHICLE CONDITION,2.0,18.0,1.0,1.0
0c073b70875ebb2c3532c81ab65e417b6d315d0b23e51d63df3a2120b7cdb4766fee3777c1cd823ce385f772e4e676174eaeae17fe797ede36ed74e6041b5001,CLEAR,DAYLIGHT,DRY,IMPROPER BACKING,2.0,57.0,2.0,2.0
0c075144cde907a7446e25cf2e73bbdc1bb24b326400976d8fe3bac038aaef41a18e459509d112e71339cd52f75d0970976a286fc240502cd97cfc15f1140b5f,CLOUDY/OVERCAST,DAYLIGHT,DRY,IMPROPER BACKING,2.0,30.5,2.0,2.0
0c0752c518bb10abe23426d0b11df45caec2b4b9b397922c3dc380a5a652736624746a25ab76e385ac4de9bdb9544067ffa39ab0dc45c1de2e77441a69476d3b,CLEAR,DAYLIGHT,DRY,IMPROPER BACKING,2.0,23.0,2.0,2.0
0c076b0d7442f7745b18d27653dd08cf47a6eb3a7719d72c626fd15f289e1ef41a3822f62cc95b03322c1592f81f107b23c89a0660260095e7d0f9be15fda965,CLEAR,DAYLIGHT,DRY,FAILING TO YIELD RIGHT-OF-WAY,2.0,38.0,2.0,2.0
0c078275de698d521e1cdc3ae118c997c3c84b68a9e2ee426fea03cb48b159b91c73fb8909c73bf4181a7ddea96c978fa8d12831e10d2d8684ce373d309c2f11,CLEAR,"DARKNESS, LIGHTED ROAD",DRY,DISREGARDING TRAFFIC SIGNALS,2.0,39.5,2.0,2.0
0c078d8c0dc2b478d6d87e0f6e9260d8ad20dc2cc50d211930e94650249251f9d75f85d98cd2f71d47143cf6c0c9c077411d6006d2c79fb522426513ed1dd7a2,CLEAR,DAYLIGHT,DRY,DISREGARDING YIELD SIGN,1.0,27.0,1.0,1.0
0c07b3dce56a5f635a20f4b6b4daea829e2d61443408e3a0b7359dd5ab810393ef3616d39f07f0464b9d8f832c40b42f036b89ba8ef6c8b75fcb2f8a4b5f702b,CLEAR,DAYLIGHT,DRY,FOLLOWING TOO CLOSELY,2.0,37.5,2.0,2.0
0c07da3f9d1c6cebac0304c5acdc291b54e4e966238e68557f756d8d5fe9f094487d6537aa01c841b81b63b862bd4835a0977bd3863974623d9429f4db642f76,CLEAR,DAYLIGHT,DRY,IMPROPER LANE USAGE,2.0,43.0,4.0,4.0
0c07df66eef9a2547423cf4d02b01c42fb9a8059797ad28e5b2f61d154b1d6281cc403ff4427e4fc2c0cfbadbc7b039e28126b7489cebdc5097a35b27cc40dd6,CLEAR,DAYLIGHT,WET,DISTRACTION - FROM OUTSIDE VEHICLE,2.0,60.0,3.0,3.0
0c07e696cabdddfd09c1f8b527f9350aa5ad9ebb8e7dd027f307efb342f59b52e75445455e9fc50b48223c67c9923775a1d1f75f8abe3b1108644a2df1c81f0d,CLEAR,DAYLIGHT,WET,FAILING TO YIELD RIGHT-OF-WAY,1.0,48.5,2.0,2.0
0c0820891501a364f4ea32b8c4fd4e94c7a3682a15c0e5bfe6533d17c83d71c1d1c19789d7c185bc24a3f3a7c8a1aad18060334e2ea1d1ff36524f96d3b24c1f,CLEAR,"DARKNESS, LIGHTED ROAD",DRY,DISREGARDING TRAFFIC SIGNALS,2.0,26.0,2.0,2.0
0c0850e8ca7ed4c6b9b886d0f662d08ec6029bd0d2d75407db3b25197acf7470ef33680e7da4c625671458d316c943d9327e9a22d4eaf199e509e96108218822,CLEAR,DARKNESS,DRY,FAILING TO YIELD RIGHT-OF-WAY,2.0,24.333333333333332,4.0,4.0
0c085f2da31e0db0abc60293c8ec77b9e3ef01a2cd4f05621001d260628ca29e5eae17a20123fdf468d4365d339ca165a58faa1425cf2be95d1f7326489ba642,CLEAR,DAYLIGHT,DRY,IMPROPER TURNING/NO SIGNAL,2.0,32.333333333333336,3.0,3.0
0c086292356c15d68dbb38593b4aaf34dc861d83feea3c32c9a36af32fcd395728e1fa1c651b76c3390e50781991c717c430fb6ccf19b517c268c1e676bc4da6,CLEAR,DAYLIGHT,DRY,IMPROPER TURNING/NO SIGNAL,2.0,75.0,2.0,2.0
0c0862b61f66d674c106e01813cdddb88b070e431bf33e005eabe30bdce9fc4d2b52cd6826545b1b892159ad351b566cd26f6ab5af2c740b8c4c67e60fe386ed,CLEAR,DAYLIGHT,DRY,FAILING TO REDUCE SPEED TO AVOID CRASH,2.0,63.0,2.0,2.0
0c08709610b40f4d946f80a157238810d5cc300b9ded3b6f953fd3985abb7bf4543e519b783997460f0e3ef76b1b4eba9b110f4a6adbc3d1a582051455c1c295,CLEAR,"DARKNESS, LIGHTED ROAD",DRY,FOLLOWING TOO CLOSELY,2.0,55.0,5.0,5.0
0c0881d0b2a81805e653c78a748f9aa2d5119ef1c3d81b6ddf9e8a53d41eb176817ea1c84030b5a33f88ba1a95ecd3f353cefbf93e4c4f5bf042930f0daf8bfa,CLEAR,DAYLIGHT,DRY,IMPROPER BACKING,2.0,33.0,3.0,3.0
0c08b4d64bd8f68660b6826768d61cf817048ce11ec846956dc9000333cf4db5b3cf9919d92a2546442eae28c92ce2cfd7b252eb4db59566281dd884bf9225bc,CLOUDY/OVERCAST,DAYLIGHT,DRY,FAILING TO YIELD RIGHT-OF-WAY,2.0,40.0,2.0,2.0
0c08b9af4fb00dc628ffca3f6216d0d2f5899718a564a57b40d343aeb233751f1fb15d512c7df57fe3dc032e6aeb292e0664e868c148db381e5ec8b0d03ccee2,CLEAR,DAYLIGHT,DRY,DRIVING SKILLS/KNOWLEDGE/EXPERIENCE,2.0,49.0,2.0,2.0
0c08e6cd1e1a79b422e4f994b9a45ee8ff78100439f4e7362435125ee2176539e0a113372a80dab507fcf1c2d99fb11f6e14b9fdeaff5f9e2ab98f32fdac1f3b,CLEAR,DAYLIGHT,DRY,FAILING TO REDUCE SPEED TO AVOID CRASH,2.0,23.333333333333332,3.0,3.0
0c0908a0317d2b8386f4fbce16a21b68bc8d7aedd6c704b649317cd0bf7c397c1b2d17fc8a0a47c56a4a36977569a4d5fe25441d03f2e46031a1222031ff2746,CLEAR,DAYLIGHT,DRY,EQUIPMENT - VEHICLE CONDITION,2.0,55.5,3.0,3.0
0c091f500f4af42e0c10dc43653d125d5a6dfb8efabf832d767fe74e0c4d4bb0fd80002ea81e42e30f48d50c0507d92d181c965a52f45c9562fe17b6c1684ce5,CLEAR,DAYLIGHT,DRY,IMPROPER OVERTAKING/PASSING,2.0,45.0,2.0,2.0
0c0926fc99c2bd440c4fb75e22e35b1eec048e3987185339eef8fcff087110c62a88a7e11b2dbbcdfc4e5937d0416124880d279541e1370e80db187c800d5b77,CLEAR,DAYLIGHT,UNKNOWN,FOLLOWING TOO CLOSELY,2.0,40.0,2.0,2.0
0c092b27204d9853846b5a31e6e7b83856fbc396a7d609309081ee3b5dded1b360d5ed578234993f1cb96ecf4bfb62174b4ab6545284dde8a90d66785dda03af,CLEAR,DAYLIGHT,DRY,DISTRACTION - FROM INSIDE VEHICLE,2.0,53.0,2.0,2.0
0c09786ef9dea046b4249a2edaa8a3ade3426e98d8c012c546f7dcba504e86a65095a884bd799b0d0a9ccd2541600ee9936e8858a19179935563d28b63b2bbd2,CLEAR,DAYLIGHT,WET,FAILING TO REDUCE SPEED TO AVOID CRASH,2.0,34.0,3.0,3.0
0c097ae357fd3cc6f0b3ae162ae9a48c95fae9e03188c6215b49899e8b57a354f2d69195bd50f27408ffdd0fd3cbbdb552d65cb60a100f46190745c6da6bdc6d,CLOUDY/OVERCAST,DAYLIGHT,DRY,FAILING TO YIELD RIGHT-OF-WAY,2.0,30.0,3.0,3.0
0c098841d3048fa2b1f66780555856c0d09403f074367d71d6138c847f25dc845bf5c810e80ce772bc2c9476925092792d53353dae7585ff4c9bff390233e9e2,CLEAR,"DARKNESS, LIGHTED ROAD",ICE,IMPROPER TURNING/NO SIGNAL,2.0,47.0,3.0,3.0
0c098c7e96ecefe7493dbf8304ce2abe7e7f61f419bcfdbb7064f438820748f1c1470543ad595eec4ba2814262d0f0f20b477f5aa55d2e330cea8f23ce7a8e2c,CLEAR,DAYLIGHT,DRY,FOLLOWING TOO CLOSELY,3.0,50.25,5.0,5.0
0c09bea555abdfc0d086877e239776e0972e806d49b06880b55fc9346af15e423efce72f6c5ea5edd3f26ffee3818b88c2d30d01aa2cf344439838e23ba00c85,CLEAR,"DARKNESS, LIGHTED ROAD",DRY,IMPROPER TURNING/NO SIGNAL,2.0,31.5,2.0,2.0
0c0a16cbc3262d3167a04e858d51997d8f691d58a49935d7939d322c8e94192523480f9ef7f1c3a02ecd2b401f96604342725ff602f9b889e5802381ae3f7dab,CLEAR,DAYLIGHT,DRY,FAILING TO YIELD RIGHT-OF-WAY,2.0,47.0,2.0,2.0
0c0a31806eaa723b3055688a0aaf332e16afdb4285dea7185c255ba55702cda4491734610b18c6f6b1c6f706c7d14d7f9bbec5c1dce7a86338c10b5956d44b6b,CLEAR,DAYLIGHT,DRY,DRIVING SKILLS/KNOWLEDGE/EXPERIENCE,2.0,37.5,2.0,2.0
0c0a59cecb0a76ce02ffc8e1600cf1cf955c6804f6a26e2b5d7dc871b7c6eb8c81c91132470bdb190b5bb68c78cb164eb04554161e5ac726084a9486ecd61e96,SNOW,DAYLIGHT,SNOW OR SLUSH,FOLLOWING TOO CLOSELY,2.0,51.5,2.0,2.0
0c0a60f709ba7657487f100d0e13621e8c1d14b896df5298fc1b98d83d5a9144c4570824428de1ed429c41868fe224fbc5c2f761eede49cabf3524a21f133e51,CLEAR,DAYLIGHT,DRY,IMPROPER LANE USAGE,2.0,51.0,1.0,1.0
0c0a64bc54d4a41f10c6992eee6bde11e4d03d01b4fc952a6307ae6397fc4b57725932f1c87da76bd98527b726344a387d21629ca915797a5d74049cec6c4120,CLEAR,DAYLIGHT,DRY,IMPROPER BACKING,2.0,9.5,2.0,2.0
0c0a81abfdfca01781ac02c2ccc0562aa16b5b101608d27c6bbc7680b07d0bac3908e8ccd45f1b29d0161d9b3f8652d2d0c3ad4485dd8ccc3c576f53238ed5c4,RAIN,"DARKNESS, LIGHTED ROAD",UNKNOWN,DISREGARDING STOP SIGN,2.0,34.5,3.0,3.0
0c0aae9baeabeed6cbf2ca2549e9ef19916cdbd526c6b6b3f9746f803a770faa775460a143906fe81a1f9f7793b7bd256e5db035d0b54d2ea9462905fee86032,CLEAR,DAYLIGHT,DRY,IMPROPER BACKING,1.0,48.0,1.0,1.0
0c0ad88f11f36269a9796ffe6efbf07e1bf533bc2b0990b1543d0c81a3de0d1a80858e6f7afb733fc0102ced46caafa9ba4cd5c0985cafa8b2f24efbe9166f85,CLEAR,DAYLIGHT,DRY,IMPROPER BACKING,2.0,35.666666666666664,3.0,3.0
0c0b1b64b480e20d06526de54b133a72b949d15c0afc16ce5998928f9b54c1324de92c8acce7fba1575e57a7583da91cec22c0ad53c283013dca6ba47d6b4bd8,CLEAR,DAYLIGHT,UNKNOWN,IMPROPER OVERTAKING/PASSING,2.0,44.0,2.0,2.0
0c0b84b221eb1e1ab5d862d1d7ffd381a291ecefffa6460a7f0bcd0a0f34398e0a158d31f6d99e9f05372138799f906537209dd572c18e9971d5393ade92664d,CLEAR,DAYLIGHT,DRY,IMPROPER BACKING,2.0,34.0,2.0,2.0
0c0b9c5fafb5e6ba97d677f19a2787e0bcf60a65bc42ba2cfc48d40866dfbef033dcd22637b13278ca53b5fe4476a17eabea30058691df21a5399e4e7ab3e4d3,CLEAR,DAYLIGHT,SNOW OR SLUSH,IMPROPER BACKING,2.0,32.0,4.0,4.0
0c0ba46c610aa686bee436f2951e54dc654c0512275bf76c80c5565020a787da53d7724620c8753ff64f1557844b8adf9672b317f14226becb6bbaea68ed3092,CLEAR,DAYLIGHT,DRY,FOLLOWING TOO CLOSELY,2.0,47.5,2.0,2.0
0c0bb5a9b959cee72a6120db4f0f3e5cf7bf82303311b5d92404d7ec8a7dd54d0f778dba173efbedfcb9fad956ec55148e93a201e35f879c22e3efdce9f2707d,CLEAR,"DARKNESS, LIGHTED ROAD",DRY,"OPERATING VEHICLE IN ERRATIC, RECKLESS, CARELESS, NEGLIGENT OR AGGRESSIVE MANNER",2.0,35.0,2.0,2.0
0c0bfda6b4fd10229ed38c3a9d8f54eb73b98bf1bc66a9453abeb95292e1603169b04d2df525a8544fa1369f394a0a5ff25dcee17b0b5122fa83f5f4c4e70be1,UNKNOWN,DAYLIGHT,OTHER,ROAD CONSTRUCTION/MAINTENANCE,1.0,62.0,1.0,1.0
0c0c20bce34652aebc598dfc4af90a3aea8a0d660738dfb5c9fa9903062e4f7561bcbaca4787a93d3a4b04bebe02c11fa2e9c053dbbc088b869cf0357b051010,CLEAR,DAYLIGHT,DRY,ROAD ENGINEERING/SURFACE/MARKING DEFECTS,2.0,49.0,2.0,2.0
0c0c23e067fb432885d923db785fdbdcdef5e4b276513ed96fc4c787e22e3d5b67ec0098b25ca6e848bfb13a83717c5b923012398916db5f89dd8ef5818b343f,CLOUDY/OVERCAST,DAYLIGHT,WET,FAILING TO YIELD RIGHT-OF-WAY,2.0,37.0,2.0,2.0
0c0c24726b8e721133188ccc5e84b582c2bdbee50e20e67ba69f9c8dfaae6ca41ced6c71823909a2e3e418fd93e66277d343b2cf723ecc4cee9e103f1ec94ede,CLEAR,"DARKNESS, LIGHTED ROAD",DRY,PHYSICAL CONDITION OF DRIVER,2.0,24.0,1.0,1.0
0c0c329ac5bf445b0e13eb9aa0df9ad16d660c651281d2155a4f38934442abcb4731a953fab86bf08335779959a4f21087639cd65f28ab32aa10bd6ccfb9e604,SNOW,DARKNESS,SNOW OR SLUSH,FAILING TO YIELD RIGHT-OF-WAY,2.0,24.0,4.0,4.0
0c0c4081be7c71d404480e60c4895c554779f4eefcb8c7b9952e27b7f3bb4af2c9f1844357a4af434e447df31041cbbfe16b9b4e6c3dc7166d1c3385770c2ce0,CLEAR,"DARKNESS, LIGHTED ROAD",DRY,UNDER THE INFLUENCE OF ALCOHOL/DRUGS (USE WHEN ARREST IS EFFECTED),1.0,27.0,2.0,2.0
0c0c42861742485f8892d6e4e525dd2798f7e67e77a535fd4bd9a2de4401c9b2aefcd5bc6c79b3d119c315f88b37f0c5ad8d270b43948700d3355ac2a4c371cd,CLEAR,DAYLIGHT,DRY,FOLLOWING TOO CLOSELY,2.0,54.0,3.0,3.0
0c0c578d553448bf2053b91fa495fc0fc7bb6fd3b91fb816bed8ddcc3ddd466e633bbaa92d04c2e548175237c3d7ddc94bee2cb0791a5b1fb938ec751ca72210,CLEAR,"DARKNESS, LIGHTED ROAD",DRY,FAILING TO YIELD RIGHT-OF-WAY,3.0,42.5,2.0,2.0
0c0c84bd72cbef2d0a6d16f0b82ed5171b223a77b9ae79dde1faf6dd7a83fa82443376f8a35d381699c2ad407ce49c6c9c4eb572f288523eda75386648fecf54,RAIN,DARKNESS,WET,IMPROPER LANE USAGE,2.0,41.0,2.0,2.0
0c0c92155070c678ebdbf8e7b1b7575047bac03645040455e533606e132515576897f4131499a2e9a2b15e91e2a52e52f34ab556a69eb9939f689a593d703049,CLEAR,DAYLIGHT,DRY,IMPROPER LANE USAGE,2.0,62.0,3.0,3.0
0c0c954238431d10b296a3cd2e22697f0a541d301f457eda93a31078fc2af63f47142eac6365e6857c487679c888700c3761c7477368966c7397849d1ba02e11,CLEAR,DARKNESS,DRY,FOLLOWING TOO CLOSELY,2.0,28.5,2.0,2.0
0c0c99d5aec9ce512a2bc5d97385a5db2c3fe4e00e30d6e94e59a6b4aa1c39986f72fc26659f65f3d7b2cbded1d7d2cdb52822cc8031124946860b9d6dd55590,CLEAR,DAYLIGHT,DRY,IMPROPER TURNING/NO SIGNAL,2.0,47.5,2.0,2.0
0c0c9a7023ea8843d6ea5a06d248358eb203c66d548db1ac5cbdc2b9538ec3d1107b6cd697c8ced2c8868b62b5360bfcd0953509f661c5cf92a1c64565bfe33b,CLEAR,DAYLIGHT,UNKNOWN,IMPROPER BACKING,2.0,62.0,3.0,3.0
0c0cca7f6924c3eca17f54f88cb46cdfb7f6aa90f4206209efb411ba374f4e352c7e56ada45b3520e1a01c8ccd32a3a1fe1bc94b8a3ebd8330166cca8fd07f86,CLEAR,"DARKNESS, LIGHTED ROAD",DRY,IMPROPER OVERTAKING/PASSING,2.0,26.666666666666668,3.0,3.0
0c0d0823e3431511be9fda3c6767a6203c662ae191db3a93488b2c50a6b1ab608a3de421bc832a9ca4d5bc1eabdc385eb65c711a19161633fe69b310ece5833e,CLEAR,DAYLIGHT,DRY,IMPROPER OVERTAKING/PASSING,2.0,37.5,1.0,1.0
0c0d13ffbebaabb9fdb2b7691abfca6bea96df96aa9246f28e20134b0571138526756dabfe2835cba098db233d179eabf556a7a6fd8c30b053b9a01c9d027efa,CLEAR,"DARKNESS, LIGHTED ROAD",DRY,ROAD ENGINEERING/SURFACE/MARKING DEFECTS,1.0,30.0,2.0,2.0
0c0d15b7bb108b9bcf37d3a0821ad4997f9514ae24d0eea293bb7c4df90c329480abf1eb574abea447a228208096551826acf88421dd1fc3ce0f058c868dd355,CLOUDY/OVERCAST,"DARKNESS, LIGHTED ROAD",WET,FAILING TO YIELD RIGHT-OF-WAY,2.0,22.2,5.0,5.0
0c0d47d8cbe975f6469c4f80d1f85eaf5df7ce4750e70bb3dccf3c719cab845000e5f7010870406e54b3ccd6095adeb53671fec42517b42ec530627ef26ceb5b,CLEAR,DAYLIGHT,UNKNOWN,FAILING TO YIELD RIGHT-OF-WAY,2.0,26.5,4.0,4.0
0c0d6c0a382f02a7574907760a424eeb0efc0129a39327cc18a9c9e79c6176caf2b9377f9071bc8ac21517af62f76270c518849e3884e66aa403bd220023afe0,CLEAR,DAYLIGHT,DRY,EXCEEDING AUTHORIZED SPEED LIMIT,1.0,19.0,1.0,1.0
0c0d6c9ee4049801783ca3eca5512ccecfcfe9a97c6079a3b36b836a7ef590138c59bbbaf35fe476c7b137686998332e1c924ec1e7768d340b8330599755aa58,CLEAR,DAYLIGHT,DRY,FOLLOWING TOO CLOSELY,2.0,53.5,4.0,4.0
0c0d71676392a4002a8fadeea309fc742ed5e475d96d47966e85fc34eb78d6355a4eebf6c295d86cf268815993ff285f96b0f855225eda08c7ad41d22594c3f0,CLEAR,DAYLIGHT,WET,DRIVING SKILLS/KNOWLEDGE/EXPERIENCE,2.0,35.666666666666664,3.0,3.0
0c0dbe666513b56c045c12d3577646c6d38dfd008e4d71bb9e6195968540f91b78064464a005684540cc4bcc3cab31ab5d30b10f875f185dfe87fb0b04a432ea,CLEAR,DAYLIGHT,DRY,EQUIPMENT - VEHICLE CONDITION,1.0,34.0,1.0,1.0
0c0df19e0b4859d6a7d66970c15a8bda158eda17792146856f36e289634e3afe58c52ec2fe4f652faeeb3c0de71c95840e2034e98493d617b1ee21187e5e0f96,CLEAR,DAYLIGHT,DRY,"OPERATING VEHICLE IN ERRATIC, RECKLESS, CARELESS, NEGLIGENT OR AGGRESSIVE MANNER",2.0,74.0,2.0,2.0
0c0df2768226b0c8cb603ac59da6851363dadd9edb68e966205702cac0b31eca27a9d52da1c8b1bb379b11e89562350c9b2813a0962c2522f1fba6c1f370a912,CLEAR,"DARKNESS, LIGHTED ROAD",DRY,IMPROPER OVERTAKING/PASSING,2.0,63.0,2.0,2.0
0c0e093943c8b982aa3aabfe7e11b70ef17303c8f729330f681f9f989c3e3fffb5da8ba53d64123ec0a2bfe0ed450930dd6ad8b9aee57776ba4f63612ae90041,CLEAR,"DARKNESS, LIGHTED ROAD",DRY,FAILING TO YIELD RIGHT-OF-WAY,2.0,34.5,2.0,2.0
0c0e263e7b7fc41cae75230df340a948a2be6b71a2856b4b1b42ed25f276c273d4e52bbf274bc4ad9e769b3eca86b54009a9963bc47f8fb9afd803ebf765ecb3,CLEAR,"DARKNESS, LIGHTED ROAD",DRY,ROAD CONSTRUCTION/MAINTENANCE,1.0,24.0,1.0,1.0
0c0e531a4b9bdf912ad80c0e990d34dca927a57c758049e8de5b0a723bd4762c767c0e70ef474e8c86fab314a133c98e10373bcee63818c6e7f8f4df7bd2f99f,CLEAR,DAYLIGHT,DRY,FOLLOWING TOO CLOSELY,2.0,27.333333333333332,3.0,3.0
0c0e5ae7e820b1ffabe0f8344421476e8cea9b5e3662c67c5aa3bf2dbde6fe400c3d1ee7c18053dea76b72017d1bd8b971bd6abde8230bea7b4f092f5635af2c,CLEAR,DAYLIGHT,DRY,FAILING TO YIELD RIGHT-OF-WAY,2.0,25.0,3.0,3.0
0c0e5ea7e3cc62f4dcbc3dd5ab905ccacbea266d55282b2ca2370434b5850ac6534334b253aaaf1fcc354faea9ee36b2f3f9a453d69045f9d01acc02fa52c94c,CLEAR,DUSK,DRY,FAILING TO REDUCE SPEED TO AVOID CRASH,2.0,45.0,2.0,2.0
0c0e92dab42fe6404226d2e444c80bb4390e78ae34b358e057830347172516be8372ab639da30b2d7675639aba18100af3e22efe4c5a138380d864b2a824a688,RAIN,DAYLIGHT,WET,FOLLOWING TOO CLOSELY,2.0,48.5,2.0,2.0
0c0eb1b473c3995e073e091f08ca6e4925af0266e998c1da4aa843d4e08726a72bcc2d674b06759c7e59693025c075bf43fc8662046947eca0fbeb891bf59311,CLEAR,DAYLIGHT,DRY,FAILING TO REDUCE SPEED TO AVOID CRASH,2.0,23.8,5.0,5.0
0c0edd74ef64b230ac4689c5a0db35b70262adca2ce2ef85f50dde2f4339c02996a00622bf390877a11019ad867f2952b190ae031f8af188f823724c8f33e644,UNKNOWN,DAYLIGHT,UNKNOWN,FOLLOWING TOO CLOSELY,2.0,89.0,2.0,2.0
0c0f3e12dc44366d0ac3dbd6665dd8119bcf6215e0e64eab23f57ab91540b48cefd45bcadfcb26bdd05f02f012b62700a075fd64cb5343b76ca310d75017e3ae,CLEAR,DAYLIGHT,DRY,IMPROPER LANE USAGE,1.0,25.0,2.0,2.0
0c0f52e380dd5094c234b55850fdc978504434cc5be039c79b49d464e7972ecbf98dc6329147ab0521b24f693f04de2a0a531485ee9e9902d1ffe20099abe510,CLEAR,DAYLIGHT,DRY,FOLLOWING TOO CLOSELY,2.0,31.5,2.0,2.0
0c0f55f781c78d49b5cfcc0922743d86d1ed4700b15661b88ad7efdd03d56fb15514c3a92ee880ba52dd10d8dd21bf9599f8dcb4e002c1b8d672b5a7af6ec0e1,CLEAR,DAYLIGHT,DRY,FAILING TO YIELD RIGHT-OF-WAY,2.0,22.0,2.0,2.0
0c0f6ca1676eae5901639fe217d059504d1181beb0d7bbb9318f8b34a14858aded1f91b6a363dd6010a26132ecb364e247aedb332f6e3abfb4f8d08d70af54a6,CLEAR,DAYLIGHT,DRY,IMPROPER OVERTAKING/PASSING,2.0,19.0,2.0,2.0
0c0f74dbd5b9d33b83276866563826d21c6f9ba2013968eda4e2b1f255ed250f9517774abc1dd00de12a3c7e228ded9cc7d1ad49f6f7af145d439623326b11b4,RAIN,"DARKNESS, LIGHTED ROAD",WET,FOLLOWING TOO CLOSELY,2.0,59.0,2.0,2.0
0c0f9f303d9f0cea69a573d596feb3786a190a86dc8f5391092f9d8477d83f7315df9d8977907923b7ee6b4b29a259a209ab2aaca01079985db9466430f187f0,CLEAR,DAYLIGHT,DRY,IMPROPER OVERTAKING/PASSING,2.0,52.0,2.0,2.0
0c0fbc52865197503b1e1cfddc3101c40c30aceec26bdc0e5634f7a5d3ab98d756412159aaeffc48d146ef4b8fc932fe6fb11cec5ac0b59688d2bb649cb8e3e8,CLEAR,"DARKNESS, LIGHTED ROAD",DRY,FAILING TO YIELD RIGHT-OF-WAY,2.0,44.0,3.0,3.0
0c1034dde6ae2959e93d71e5ea05c446c8b4dd5d63493c8ba8151fea13a0119e4094cf2c734212f0c97be05ebd52f88951615049c14b6a830ee81ce873e478d5,CLEAR,DAYLIGHT,DRY,"VISION OBSCURED (SIGNS, TREE LIMBS, BUILDINGS, ETC.)",2.0,47.0,2.0,2.0
0c1058c803e98fcf0920ad4a9a6af74c7e9fc6fd1911f419dc489d522879cdd624e2a2acde80597ffc823450f7f89a67cf0a2e8c2aa8400289015e30b7a09f3c,CLEAR,"DARKNESS, LIGHTED ROAD",DRY,IMPROPER BACKING,2.0,37.5,1.0,1.0
0c105d993b56341939014cdf1b400f85eb478e1e30cf03a53a62b02edc193d44b0349e2375e38b42866373662a851f7488d3d6b86de0bbfd72c34fd48ab80afa,RAIN,DAYLIGHT,WET,FAILING TO YIELD RIGHT-OF-WAY,2.0,35.0,2.0,2.0
0c106d0e74209cc34a52544bb49bcfbc9f2eafb75528bdd5884b1e24f7f31d4b16cfcc8065bef65c2ef1768dd5bb35de6bb08ff6e12785d229ed242f7c7af18b,CLEAR,DAYLIGHT,DRY,FAILING TO YIELD RIGHT-OF-WAY,1.0,37.0,2.0,2.0