crash_record_id,weather_condition,lighting_condition,roadway_surface_cond,prim_contributory_cause,total_vehicles,avg_driver_age,total_people,total_injured
0c10785b1f589162d3c6c707eb971e1772508dfe18a43f3e25afeab8056a62a69d721dac9ee6346dc0ec6564f0e090f8a7d9a1e6fcf29ff6d3d235f293461c23,UNKNOWN,UNKNOWN,UNKNOWN,DRIVING ON WRONG SIDE/WRONG WAY,4.0,33.0,4.0,4.0
0c10af245974074ee534632fd94e0b00e4878993ecdae4a7c174b0a7689d2a74b548c47b69a391bc4032809aee81153b2cf53eaa0439d7511b956293be25663b,CLEAR,DAYLIGHT,DRY,FAILING TO REDUCE SPEED TO AVOID CRASH,2.0,37.0,2.0,2.0
0c10b74c43f251d6a6da965b4cbbd7ce41e1c8601fbf90b611d9a44d2c082fc6c3b579ea1a635ddc72c1a40cd45753400b67f623e13ca8b459c958f7869ccd82,CLEAR,DAYLIGHT,DRY,FAILING TO YIELD RIGHT-OF-WAY,1.0,26.5,2.0,2.0
0c10cd1762c81d9f8711226a5e24e7a8bfd1357ed45a384ce4b1396c34fc8a912aaf3eeff88a896741b7e36467d4351a82d5df95533e36ebd2ae48f7bdd8f31b,CLEAR,DAWN,DRY,FAILING TO YIELD RIGHT-OF-WAY,2.0,29.666666666666668,3.0,3.0
0c10d9ddf81742584931fc0999345e2d960cf1cce6b706c3ee74c9758abb4fd57bb9463f3cd8fcda1ad5da498b89c2720bcfb6ea72589f95e50b525aa1d8e087,CLEAR,DAYLIGHT,DRY,DISTRACTION - FROM INSIDE VEHICLE,2.0,29.2,5.0,5.0
0c10dd13c41079b119465b5a216e46ddae362e8b9b50a043c29d6de5a7ca26dfb56045e1ee1a9be424e957714b9bd720e89893bca0d100ed55a68cc88cbfcad9,CLEAR,"DARKNESS, LIGHTED ROAD",DRY,IMPROPER TURNING/NO SIGNAL,2.0,49.5,3.0,3.0
0c112acb905ebaa645b080294dd6f529c4bb753c95921c5997bb553253882d872f949b9588ea9af8ecb1b0f864a400474dd42b0f2277b5f3175b829e92de2e2e,CLEAR,"DARKNESS, LIGHTED ROAD",DRY,FAILING TO REDUCE SPEED TO AVOID CRASH,2.0,27.0,1.0,1.0
0c115b16e98f995e39548e143aba55db35f07b9ee95f927f5abda502203cb188199104b5582ea3ede35af003ba4907b6d9ae7f0b7597fa09ac0d48356a4736b1,CLEAR,DAYLIGHT,DRY,DISREGARDING TRAFFIC SIGNALS,2.0,63.5,2.0,2.0
0c116d749a02097b537b0ab19ff19120c190257e2f952b497877adb88b0d12fd57a976860478f0e4ed883dd2b51647a1333f6aabcaee62e89c944e0553de4835,CLEAR,DAYLIGHT,DRY,IMPROPER TURNING/NO SIGNAL,2.0,23.0,3.0,3.0
0c11a18f90b6db03d817a40377b697da5a1e47dd5dcfc5111ff41983205d1114410ddaf67d686d1fdaa8f889ac8994128ca7a02b4df46d2c84af5b6dc7e2af72,CLEAR,DAYLIGHT,DRY,FOLLOWING TOO CLOSELY,2.0,40.0,2.0,2.0
0c11e42395dd5f81e33a36fe02317508ea097787907a3e96e1d1f2a3381e97367fc5b8f84b255ab9b9cc4611deebb22d137aebfffbf2baa55783aa3251180f36,CLEAR,DAYLIGHT,DRY,FAILING TO REDUCE SPEED TO AVOID CRASH,1.0,40.0,1.0,1.0
0c1203be412f8cf7aa949466333f7c335da64990907f6a7aaa36acad4a5b10164d6d835da497a3748faf7b7442fd42de9584802fc9b77afe5a0286c073dafbda,CLEAR,"DARKNESS, LIGHTED ROAD",DRY,FAILING TO YIELD RIGHT-OF-WAY,3.0,31.833333333333332,6.0,6.0
0c12291570c0dea50ab70b7f120b4f009751be2b717cb24582e75138a2bcc3b1e11e5615a1cdf512421d2a8f83520bae257fc5bdac7dbb66440a8b1ae8f0a3b5,RAIN,DAYLIGHT,WET,FAILING TO YIELD RIGHT-OF-WAY,2.0,44.0,2.0,2.0
0c127f656a147880b886b05452904e5958ae732e0caf1dafac3670bafae586c61d1af40a7ac8ae80e0200904fb313c784e1927d6092456a5b033781578c89b8b,CLEAR,DARKNESS,DRY,FOLLOWING TOO CLOSELY,2.0,22.0,5.0,5.0
0c12998c4d14a2c5e64a2b46a2f197dd089ab54cdecf3420622d79012c9abe059c2c7aa638f32a2a039ac30cdefa412bb22c8be42e12ebda915febb664342f39,CLEAR,DAYLIGHT,SNOW OR SLUSH,FOLLOWING TOO CLOSELY,2.0,37.5,2.0,2.0
0c12ccfcb7972914ed0952038d22f7aced1c588ac962bc10f8e4ab515112c9b1ccf38268a323f2efe323ad849860c0a93ba570d3446dc149ae7380abde284af2,CLEAR,DAYLIGHT,DRY,DRIVING SKILLS/KNOWLEDGE/EXPERIENCE,2.0,42.0,2.0,2.0
0c12f03a2362fd07782d7762bb87897966c1e712db518be2f0b21507a18fc7f325bf368c5d2af0663f5d8cc41c265bbbd10f24f5a217a96b201b4aa0876396d9,CLEAR,DAYLIGHT,DRY,CELL PHONE USE OTHER THAN TEXTING,2.0,37.5,1.0,1.0
0c12f35443bf252a9b64ad773f531306789ad9a6c1a0d8aca5c6f31f7e29a81e520aa7a0633b4857c046df4d6a8e937239ecff0b571414199b5e05a4931e472c,CLEAR,DAYLIGHT,DRY,IMPROPER TURNING/NO SIGNAL,2.0,39.5,2.0,2.0
0c12fe51c520b4e029ae7260910783631ee66eec78161a768f752835696a34ce1bf80cf40c7f1c66ddf76afe29ab5cd5e5b3492e0ba07b102eddefcbf240e68b,CLEAR,DAYLIGHT,DRY,FAILING TO REDUCE SPEED TO AVOID CRASH,2.0,38.2,6.0,6.0
0c131d79ce5806ddcd6f5d714e82cf2196dc0127175c4c4d6fb4f13ddc96081c988f3054594c8a53dae6084b63fea3b792f107d6a4d82aa2f683eb3784fa5d97,CLEAR,DAYLIGHT,DRY,FAILING TO YIELD RIGHT-OF-WAY,2.0,58.0,2.0,2.0
0c1340b0108447c8c63f01cd399a101f3b6a5fe6a00eab321782d3213a262b423a00a86cd93507f2d3c927da1957e2f053b44ffdef3eeb9ab5744764a8722c09,CLEAR,DAYLIGHT,DRY,FAILING TO YIELD RIGHT-OF-WAY,2.0,63.5,2.0,2.0
0c13509210487fbecbce753eb4182ac31065f3a6ecba004dee030314bcac79336dee70f64356ad995a115785d820563d5ffdd2e2123dfaa430f5bfffba790cbd,CLEAR,DAYLIGHT,DRY,IMPROPER TURNING/NO SIGNAL,2.0,46.0,2.0,2.0
0c1353f662e4d46ac85c9ac53f6131101efb4d80c355fa12e270cc4af8581d069c079d09d65b3d93f8ecf0f7e7163513ef3c9101d790eed69395190bfc41b1a9,CLEAR,DAYLIGHT,DRY,IMPROPER BACKING,2.0,33.0,2.0,2.0
0c138494ffb8e3f864e6539780d824d161594d078f8c95681daad2472506009efa5d90e9c6070550771f23ed6ca4545edf4a94f471fcf0cbf4c26952fda0dd00,CLEAR,DAYLIGHT,DRY,FOLLOWING TOO CLOSELY,2.0,40.0,2.0,2.0
0c13a28a0b212c9151af8e35d06a2826d35b721f3e90505671f1f43048fb64516754d75c7b5457f4dc7392802b44bfb9886f1eddbfe36c573b0a8613c9cc4d21,CLEAR,DAYLIGHT,DRY,DRIVING SKILLS/KNOWLEDGE/EXPERIENCE,1.0,59.0,1.0,1.0
0c13bd4cd2f6b8d6a36f8e6e6118a77cc5e111e449be287e0b3737baa4711e6290f1c6e7458e55b2c694e4b45b373280cbb2b4bef50393c982616cf6359afe48,CLOUDY/OVERCAST,DAYLIGHT,WET,FAILING TO YIELD RIGHT-OF-WAY,2.0,50.0,2.0,2.0
0c13dc2a73462a829f216c82a032fff30570d3b63fe24bacd5c22a5c83ad209da368a716dd0a0f6ef7704dc4ff0ad7a0b36f646c2372bf4858838dfd36fd5e41,CLEAR,DAYLIGHT,DRY,IMPROPER TURNING/NO SIGNAL,2.0,46.0,2.0,2.0
0c13f5436e4790d4281d2c66919573524b36e23ef11f916671d6d5e65de5103e1748921773bc9c20385a64da3e637c84e65e18fe17593ed60d0e4b55472c21ef,CLEAR,DAYLIGHT,UNKNOWN,IMPROPER BACKING,2.0,30.5,2.0,2.0
0c14339590ec0ed6e0063b1195af5fc5c7e06e551db93e1359d7db492425daa5035a5db425136fcfa093691c11befd2c53f3ede2c145818ef12fdb606fbbd009,CLEAR,"DARKNESS, LIGHTED ROAD",DRY,FAILING TO REDUCE SPEED TO AVOID CRASH,2.0,33.0,1.0,1.0
0c1437099035895979088a15fa2c41ef5eaf9fb0c300a08c69aa4c3e6bf57be4599fd4852211e00ffeb8957f403935ee34d82c8ca525ab1aead9d8a361fc1eac,SNOW,"DARKNESS, LIGHTED ROAD",WET,IMPROPER BACKING,2.0,41.666666666666664,3.0,3.0
0c1449cae2dbcbdd603e7eead61a3f5a1e08ded63d1b6efa383c37cc6226aab17a64d0bf3a3385158750efd283b74a14d811f35fee773afa0f1c0e4d2225b7cd,SNOW,DAYLIGHT,SNOW OR SLUSH,IMPROPER LANE USAGE,2.0,58.0,2.0,2.0
0c146ca04e4a51b67d1dcd286f26752377400c8f5093ff8139cf5eb24324fab356eeae319bf29165a752a4a2329a8533712aca094469b6ca748cd0a8c26748c3,SNOW,DAYLIGHT,SNOW OR SLUSH,WEATHER,2.0,64.0,1.0,1.0
0c14c812e72552f0efa9217ae790652154336a95a217613d71fa9096d9555ea7b8f6c8b3ed5493978cae532d41eceb4287f73faedf8173e227ef15bb5b5d0a95,CLEAR,"DARKNESS, LIGHTED ROAD",DRY,FAILING TO REDUCE SPEED TO AVOID CRASH,2.0,29.333333333333332,3.0,3.0
0c14e6b74dcd18aab8204cc7d5a3812a347d2f09e3e609ca1a1bb8be1243476aebd5df89d31d7f9894f1f8799ff737afd9056facbf267ab00a68344a2ad475e8,CLEAR,DARKNESS,UNKNOWN,FOLLOWING TOO CLOSELY,2.0,30.666666666666668,3.0,3.0
0c1522f2884aeda5429c86d8fc62780edb9fd22dcad7f71bde8bcf84981c727fb0234aef2a6c3da1a063c5ed6ee915bc6080757fb64a7ed2e746d6f4b775815a,SNOW,DAYLIGHT,SNOW OR SLUSH,FOLLOWING TOO CLOSELY,2.0,50.0,2.0,2.0
0c15255ef39a3a5430b4ed98058d966de4b24d9cffecd11ab069584ece13d934bc09cc9a45f3f21baf9b8681df5d2dff6b1a6b8675515b8b92e7047084536613,CLEAR,DAYLIGHT,DRY,DISTRACTION - FROM INSIDE VEHICLE,1.0,37.0,3.0,3.0
0c152fcc54a4d6ba8af0b2832e3c74bb6792d560a6cb6fef0779f5057e8349d5b5e2df3b9e8d2142dba3f1ca7927e87898a7c32aa6accf3f559e1063818375ce,CLEAR,DAYLIGHT,DRY,DRIVING SKILLS/KNOWLEDGE/EXPERIENCE,2.0,40.0,2.0,2.0
0c15494d7386f1467bf93a8c3ed8d67d862f96ff8cea03dc2b16432f1e2476df55370b15cc20f593b2f9b92faaab2327de964078d55b8d432cde71305fc9ab38,CLEAR,DAYLIGHT,DRY,FAILING TO YIELD RIGHT-OF-WAY,2.0,53.0,2.0,2.0
0c157c45bc9cf61e5cf24680f328c077b1bc552150814e123619466a59342c8048fdd1746328b1c1f35a9818504d1b6e0e97d0a28ff7cc73ce4f696a5b54bc5a,CLEAR,DAYLIGHT,DRY,DRIVING SKILLS/KNOWLEDGE/EXPERIENCE,2.0,37.5,1.0,1.0
0c15a1d98f62685907aa5ee32c62ce8fc4bba3056540a2e3073ca4f96748015a6ce8c299ffb1dd58f448c2a6c4b3a1eb8b79e4dd9d2c7c49393ef0241cca28bf,CLEAR,DARKNESS,DRY,DRIVING SKILLS/KNOWLEDGE/EXPERIENCE,2.0,37.5,2.0,2.0
0c15b43ac6557b1d71559f756ab1797cfba8f7808cf56dae68b9fed028cc3d8d95ade15532a956e157e265d642776b95e38d513fb8ae7dd3d2a67a05c692c9e2,CLEAR,DAYLIGHT,DRY,FAILING TO YIELD RIGHT-OF-WAY,2.0,30.5,4.0,4.0
0c15febe5b50fc2b0d482bc3b5b691786105a43d41d85ba4f9da18a9e004842a92ad5746e01301fd5bb2370046039917029d8d79eda1608a34f1f332f18f0429,CLEAR,DAYLIGHT,DRY,FAILING TO YIELD RIGHT-OF-WAY,2.0,42.5,2.0,2.0
0c1600f4387b922ab5792dcb30212c3b7bac2d2930d94f661b47c4affcfafde55de09d8e75a2403ea6596906855bb689ed784d41a105ec237877796d54e2da5b,CLEAR,DAYLIGHT,DRY,TEXTING,2.0,37.5,2.0,2.0
0c160c3e70d44e8d3c9239a7fbbf16ab3797538819e2665e08ad3983b4def63514bfada3bc2c8ae4df6e90a14d4f31173294d2f8d42bbdfbb84cc67d7c749627,CLEAR,DAYLIGHT,DRY,FAILING TO REDUCE SPEED TO AVOID CRASH,2.0,55.5,2.0,2.0
0c160cd2587307c906f3580f92a3ef834def9c53fee5e563d863bd64c7a21d0816e6365380be54c4beaff8b2b7d12ed1b50f7b4396cd0d3b91470591f6be2db2,CLEAR,DAYLIGHT,DRY,FOLLOWING TOO CLOSELY,3.0,43.5,2.0,2.0
0c160ff69f119afbfeebfd168ec4842285269977564fa60ed0f91b1571beb2a0bdcbd523f8c6b2354bff43060b36712b3ba2568984ca0e50ab41fc4f3a83eb67,CLEAR,DAYLIGHT,DRY,IMPROPER TURNING/NO SIGNAL,2.0,67.0,2.0,2.0
0c16542f482590f0f29eecef9083dce61b7d5bdb0aad97fc613fc666573339423075fbd29c3c52c724d2db237d7290cf7cc5f71c0ffab383bfd48de3b5427f37,UNKNOWN,UNKNOWN,UNKNOWN,FOLLOWING TOO CLOSELY,2.0,40.5,2.0,2.0
0c167f20061d408dc82b6a5fc563219db5de613196207047c19a09f82691deea528bca2a4545507302c1a00cf8ea9e90752081a9bea1a8b53fa93e748ec27fb7,CLEAR,DAYLIGHT,DRY,FAILING TO YIELD RIGHT-OF-WAY,2.0,38.5,2.0,2.0
0c1681aa17d53cbfdcc3eaf44e8669b304073309c720875e662b260b0ddb4393466eb7b862c52069a213a5ed01eea8d1d8c60e9dcf88a6871d06e582237ccce7,CLEAR,"DARKNESS, LIGHTED ROAD",DRY,DRIVING SKILLS/KNOWLEDGE/EXPERIENCE,2.0,33.0,1.0,1.0
0c16c250e209639c255817acefe2dd11855c46b03128137963801920cbf2cabf7a4917ae172a0af46db6414562dbe3ccd00fb5693bdbb81399479ce3450cf11e,CLEAR,DAYLIGHT,DRY,IMPROPER OVERTAKING/PASSING,2.0,61.333333333333336,3.0,3.0
0c16c3b42680a4225ca39e416a127b2c2b12400694b62ab34bb91907d87f70ecf0d6d2f9ec120f98d3ae7fc3283d2cde1b054ea3156ce8c60b1598a12ad5c563,UNKNOWN,"DARKNESS, LIGHTED ROAD",UNKNOWN,FAILING TO YIELD RIGHT-OF-WAY,2.0,38.0,2.0,2.0
0c16fcbf1bba4701a568a7c9d26aca6f49c4fab0103d2d19be221994e6ee4cdb9107661a637bff28c99a90509df6f5c3fe018195b38608c8c9a941c40a3b2630,CLEAR,DAYLIGHT,DRY,DISTRACTION - FROM OUTSIDE VEHICLE,2.0,19.75,4.0,4.0
0c170915bebefb0f01764138e1fe575ac5d654578dd049f40ea8c3fd5082f025b9eaf1bdef0db2772e3ac801bc5ba7494de885a878154b7209899bd7e536e0bb,RAIN,"DARKNESS, LIGHTED ROAD",WET,WEATHER,1.0,26.0,1.0,1.0
0c170e91f9d8d1df39b105bac888e7d10ad23bf850dd133e252ffa2ed06f1818c0b27a33054f5a07cebfee2f7e8445cade6c3eef3b12b083bd8a8cc6ef147bdc,CLEAR,DAYLIGHT,DRY,IMPROPER TURNING/NO SIGNAL,2.0,29.0,2.0,2.0
0c1724cdfc99b4191d45e2ac501e0198c14617f99c96028b457205641f16c17743f99d340d17f4c1490784116cc6eb5928388ed749eb2fda745f14d2adff0811,CLEAR,DARKNESS,SNOW OR SLUSH,FOLLOWING TOO CLOSELY,2.0,18.0,2.0,2.0
0c178284b74c9c51ba88034d4f86e89ddcb9dc9bfdeff9687ff13611c3a4e743b40cc7297c21187c7cd821b93daaf518a1556582a2d6b3f9bc8327e15813499c,CLEAR,DAYLIGHT,DRY,FAILING TO YIELD RIGHT-OF-WAY,2.0,39.5,2.0,2.0
0c1782c7e54f89750a971f8a9982361005d5dc26a282dd9a1edf901e2c522c4405d01662c73d22390456505d776c40aaeb580a5e3164c3bd815e14c399847350,CLEAR,DAYLIGHT,DRY,IMPROPER BACKING,2.0,76.0,1.0,1.0
0c17b057d9a508fff6a5c0c45c770ca84e0aa83e7cf2660dcc641dfdcfb371b087a2627152bf83c8d1e13317f27012d35c5641958c0d576b80b11b22102d600b,RAIN,DAWN,WET,"VISION OBSCURED (SIGNS, TREE LIMBS, BUILDINGS, ETC.)",1.0,37.5,1.0,0.0
0c17c08659424c931a4d604211169d3fc1584ed5e936dbade7a96a1feb3a68e5b4be20bc5b42e1328062bf4c609c91e1257e0cb275229dfa996952d03661e39d,CLEAR,DAYLIGHT,DRY,FOLLOWING TOO CLOSELY,2.0,33.5,2.0,2.0
0c17d816efb857333e716b0df9a8dd5459bfafb8a38b4094b19d3f93b0f3d37d5aa42f1cf791b356ce91e858ddd1597c88dd6d2f1eb5b3198f93d785f90606a3,CLEAR,"DARKNESS, LIGHTED ROAD",DRY,IMPROPER TURNING/NO SIGNAL,2.0,55.0,2.0,2.0
0c18043e2a5920a0546b39e0d3c508144eca9ffb9d271d2b6b03b71700b2c07168050d2dbfeb6e11b1f83383a29a44a4db40af209e459f24ca17b144212c64db,CLEAR,DAYLIGHT,DRY,IMPROPER BACKING,2.0,50.0,1.0,1.0
0c180b15caf58b483854491817e26290caaa64ad4588f97f000e0a197219d1bdb5084afc7e4c59961309660801baf5d0a4314cb7a62f3a6bf77d1bf194714487,CLEAR,"DARKNESS, LIGHTED ROAD",DRY,FAILING TO REDUCE SPEED TO AVOID CRASH,6.0,42.0,1.0,1.0
0c1827cc1b9482c75462def8ccdf18e2cb87ed112091cc08d59d4e3581010a96cc6312bdc9f0506ae4cb7bab97fb50503352ed9520e01a84c998a17624f3d545,CLEAR,"DARKNESS, LIGHTED ROAD",DRY,"OPERATING VEHICLE IN ERRATIC, RECKLESS, CARELESS, NEGLIGENT OR AGGRESSIVE MANNER",1.0,35.666666666666664,3.0,3.0
0c18424325290e9749ede78df806193222605f3689ec85529266cf5baab4a9ad89d6da8659224453bf1f8c669bfd37f23a06bd0e84e4fc3927496b7df297b55b,CLEAR,DAYLIGHT,DRY,FAILING TO YIELD RIGHT-OF-WAY,2.0,37.5,2.0,2.0
0c18641f0582b70c52d95137dd00a069be1a4dbd74080ee93e2dcc2959a74565a88396174551c8509050598c17216070f6c2f11ccbff59f5dac3bb7639f64e4c,CLEAR,DUSK,DRY,DRIVING SKILLS/KNOWLEDGE/EXPERIENCE,2.0,31.0,1.0,1.0
0c18edc2a9836edead211976ae0d729647a64699e60abd44f7db8493ad52d13e94d323e0d064cacb317c4c77a7c39c833a28b68d8e9335bb39157c113d0efcda,CLEAR,DAYLIGHT,DRY,FAILING TO REDUCE SPEED TO AVOID CRASH,2.0,47.0,2.0,2.0
0c18f48d72c84f69b251f1b7a092a86c87864efd04f9d2049cca71c2f6ef04ef68b3ee0e2c63f3c78cb17628f624b0ffa491af2a1ba97d9c0888eb57a4e49522,CLEAR,DAYLIGHT,DRY,DRIVING SKILLS/KNOWLEDGE/EXPERIENCE,2.0,44.0,1.0,1.0
0c190aa73247b4784deeca9d0586e003994eb8f8e1e4a1058df42ac96a9079c5bf597ba7f3a6d9d9ef9bb9a32a6f5915891243a54b66c27fa1d83f88f4dbe098,CLEAR,DAYLIGHT,DRY,IMPROPER OVERTAKING/PASSING,2.0,54.0,2.0,2.0
0c1914bfa109d68811e30b4fe17293e0a940af06f8980fe5ad0639997870c3612952e64f2f65141ca86795e9d5b40ae83d5b96734dd824caa97e669e02b4028d,CLEAR,DAYLIGHT,WET,IMPROPER TURNING/NO SIGNAL,2.0,41.0,2.0,2.0
0c191e4045e2422ee6123b9469857cb0374321352e97444a4da44111c0f50d267065e96f6fc3be0cc149e50982f9ba0aef222d1e7b928689bf463052e0918485,CLEAR,DAYLIGHT,DRY,FAILING TO REDUCE SPEED TO AVOID CRASH,2.0,51.0,2.0,2.0
0c192e43f9fb8b8b21a6cbbde22623a471ebf2dc8d0d2de44a0d3227fbed487a1efd0e160e8e0bc8acb97834b2856cc0f07d2f28224a7edb2273f656acbcba6c,RAIN,DAYLIGHT,WET,IMPROPER BACKING,2.0,57.0,2.0,2.0
0c1932f23b9bc1eb5f14a879cc0d0be2faae0e7511f7d61a3528c09b22b7a28ab3a35b9ba6620e77209c05f41460e040d333873f18e1338d2f14e4b1ea90e970,CLEAR,DAYLIGHT,DRY,FAILING TO YIELD RIGHT-OF-WAY,2.0,48.5,2.0,2.0
0c193b64b81f365d1d7ba467d5215e7eb32fcc684e4ca48c34751f2ddfb84b00bac14a9aa7ea735b0dcc597f79fcd1c35e1e6a7b29c5d4043553ca64a357a87b,CLEAR,"DARKNESS, LIGHTED ROAD",WET,IMPROPER OVERTAKING/PASSING,3.0,30.333333333333332,3.0,3.0
0c197a6e5b812787e06a6adb219c9a8414ae43ea14ca39fba7fdb136a566d99223037d5e3247cd2f7bb99005f768f161c3f4b862362d42f274a8c355d5004dd7,CLEAR,DAYLIGHT,DRY,FAILING TO REDUCE SPEED TO AVOID CRASH,2.0,28.0,2.0,2.0
0c19b6d6776f006adf89aec9e543f60df9b79eca7b8f8805e79249c58038df39bed65e4577c72485e02ef30210f53f7553d3b03cfb58cc3cfd73091ca7572ee5,CLEAR,DAYLIGHT,UNKNOWN,FOLLOWING TOO CLOSELY,2.0,37.5,2.0,2.0
0c19d0e9cb1e927257a43fc476c8c60830cf7808c01e75206080eb7d6a94a3df65a9066200ff89da2eff7146964d4ba22dc690a10b12ae9117397973ddb6067a,CLEAR,"DARKNESS, LIGHTED ROAD",DRY,FAILING TO YIELD RIGHT-OF-WAY,2.0,29.0,4.0,4.0
0c1a284ce767cae49022282b5e19c5d3fe2a07284ca7c75dafa1a526358c38baa9954df44dcee0cf6bc5d50ded269524b844dae8153499054d4b912bc389dfb1,CLEAR,DAYLIGHT,DRY,FOLLOWING TOO CLOSELY,2.0,60.0,2.0,2.0
0c1a34263fcc1d042e24bceb4f4cbc2b1ca659e6883b43a6fdacb30a0b6d80b554e54fcde2b7c8e3abb7f14db27c853a7b30bcbe826618861d95fdeddedcfeda,CLEAR,DAYLIGHT,DRY,FAILING TO YIELD RIGHT-OF-WAY,2.0,39.0,2.0,2.0
0c1a719f1f9f19e01d00233ce205b36a9481384017dfa1762137b85c7e05e2dce35eee59879bc9f3b82e97be67da58329e0a76c73521da6480a7ad128e51299a,CLEAR,DAYLIGHT,DRY,IMPROPER TURNING/NO SIGNAL,2.0,31.5,4.0,4.0
0c1aaa9ba2efeadae032fdf6ab754efb3c31ccbf8fc38581a2da81dbe38aaa7d97fbe7fa1aae4d5a3e1165e9c9f02f75c4b90a351040d64a390f7210a0e2071a,CLEAR,DAYLIGHT,DRY,DRIVING SKILLS/KNOWLEDGE/EXPERIENCE,2.0,54.5,2.0,2.0
0c1aac0a0f4c9ccd94a34135f1e875ed75b83d3231ef540d465db5e21ade71a781a97309146f0c1b1a7122f945a34d97b16158425df93e7f42ede54e7c05cf61,CLEAR,UNKNOWN,DRY,FOLLOWING TOO CLOSELY,4.0,45.666666666666664,4.0,4.0
0c1acdd9fced1375c9d05bbfb38848c0754ad5a4dad8e4790ef84af64b781dba3e0ba832f8d2133122853a552cd054512e1649126d68b5b08e0955fe3af4723f,CLEAR,DAYLIGHT,DRY,DISREGARDING STOP SIGN,2.0,57.0,2.0,2.0
0c1ae96223d58454d0661d23ae202c5a1f59fedda365f1649f1525f21bf9357162d88d260c7efb5c974b4996f2c335071a62bbec43f0999dd420e9339b5545ff,CLEAR,DAYLIGHT,DRY,IMPROPER OVERTAKING/PASSING,2.0,44.0,2.0,2.0
0c1b456bd67c520c3dd071eea6cc42981e45c6e9200bc9fa2e4f4cc529954400e868522c0f862979ff9225ec1469b9ff6251b73bfb781aa799da5aac8c418b82,RAIN,DAYLIGHT,WET,WEATHER,2.0,22.5,3.0,3.0
0c1b481635d3fbab694638f61801db43a411fd9a8e2cfb9ade5184aa12f674fc4f0312cf580faeb2f91b989f2476534b7c0b4a485a1dc8a4249ec259a9441f99,CLEAR,DAYLIGHT,DRY,IMPROPER LANE USAGE,2.0,48.0,3.0,3.0
0c1b5973d79dcfa0b5196963da41cf56ea3737207065167a9ad7ee10c9a7c255ec18ab344ba90683284b9e619d4f224d0c83af665fb45d8489b4b844f32ea8b1,CLOUDY/OVERCAST,DUSK,DRY,FOLLOWING TOO CLOSELY,2.0,18.5,3.0,3.0
0c1b67cdda42288785dbc9b80380111c7d8ceabd280757f2d0f7c8679ae64033b882b2fc95b883bc12f8f5a8a59ac41cb4306008e46d981acc85d46040cf5808,RAIN,DAYLIGHT,WET,IMPROPER LANE USAGE,2.0,44.5,2.0,2.0
0c1b7979c87deb5c4f0e24e5d5d211b7767d7602cc45ccaceb122c083c97ad1e50bc6470836f1e68fe38064ebab6f1fde018ae5fca42e3cfea00d05ee83d0c83,CLEAR,DAYLIGHT,DRY,FAILING TO YIELD RIGHT-OF-WAY,2.0,36.0,2.0,2.0
0c1b7e89b5112e80c0583331bb5866a0327a02147ec9eb18d1d9e237714b32f7ae1ceb1c0bde792dbd2ba6fac26d90fc91172b6b4ce56ed120a4961f7e3818d3,CLEAR,DAYLIGHT,DRY,FOLLOWING TOO CLOSELY,2.0,58.5,2.0,2.0
0c1ba261b3473279d8137aec25f59a04e5ea547032eabbdd67b37d74b235f4ad87934fdb05c05e255488fcb223379c25b8cfffaef38f1b2088264bc7273dccfe,CLEAR,"DARKNESS, LIGHTED ROAD",UNKNOWN,FAILING TO YIELD RIGHT-OF-WAY,2.0,25.5,4.0,4.0
0c1baba13354a023a0597096787630a8df1aeb77e2289d6ff9a9b67640c702fa3942b13f403318bb33415cf6d1e4e4fd09a70cd2ba32d13305a1e850a535a96f,CLEAR,DAYLIGHT,DRY,IMPROPER TURNING/NO SIGNAL,2.0,31.5,3.0,3.0
0c1baeb2037178d303f1ae8d13167a9ec2825211e99b5178fcbcb39048031927caae10bbeae80ba059279690012d79ad0c07d58c1107d0ae8a71ceb4a425b9cf,CLEAR,DAYLIGHT,DRY,IMPROPER LANE USAGE,2.0,54.0,2.0,2.0
0c1c01a47dac8e13eb073a8786c48ef620f945e23c7c32bf6c918f0a5b5bb7aac0c9805aa3568bc6f8081760df9396f990826b016033816ccfdee900be9cf343,CLOUDY/OVERCAST,DAYLIGHT,DRY,"VISION OBSCURED (SIGNS, TREE LIMBS, BUILDINGS, ETC.)",2.0,25.0,2.0,2.0
0c1c063b06eb90c1f774a9537fe1cdc607297e971301859b4c71eab9f6fe37c796847aa7153fa0486d0c8e1cf467b2d8c7605feffba5418da9c4d87a9bb59c72,CLEAR,DAYLIGHT,DRY,FOLLOWING TOO CLOSELY,2.0,58.0,2.0,2.0
0c1c2646620bd29a141ed350a98509cc7cf04940fd924be49f96046233a1784ad976dd8d084d36bec4f6264239d4edf187f96f57ed2f4aa1b57322132c806c53,CLEAR,DARKNESS,SNOW OR SLUSH,FAILING TO YIELD RIGHT-OF-WAY,1.0,34.5,2.0,2.0
0c1c693d2ee2b45352f0f676fc5fddf1ddc720deef84e9b2fd49e5b6c72ddebebdbfd1a67ee3eac281bdea368d3a16ceb277498b4bed5ea0fff5c2fc2ba554a1,CLEAR,DAYLIGHT,DRY,IMPROPER TURNING/NO SIGNAL,2.0,40.0,2.0,2.0
0c1c8d5717969d5ee48994c1767f2ad72786298f385c7671f94af80c68c332db78d48af8e604a366e88699ad0002cccf8e0fb989adcc167eb0501970e7ac805e,CLEAR,DAYLIGHT,DRY,RELATED TO BUS STOP,2.0,30.0,2.0,2.0
0c1cd09e4619d50dc09862b03acf4f583b2c1502ad6416c550c6f5799a3c055fecf13111bbd4ac08c095938d97954939507ba61f82d6f3da00566b9b3041702a,CLEAR,DAYLIGHT,DRY,FAILING TO REDUCE SPEED TO AVOID CRASH,7.0,18.666666666666668,3.0,3.0