crash_record_id,weather_condition,lighting_condition,roadway_surface_cond,prim_contributory_cause,total_vehicles,avg_driver_age,total_people,total_injured
0c1d43a2a73cc84968969f66667ebf092d9676ded21c36cd0a17f55f1b2f06a2d2bc94ec2f9a0db5c354e20340bb8d4b6dbf4426c4732b2eda5bd431ef2d86df,RAIN,DUSK,WET,IMPROPER OVERTAKING/PASSING,1.0,39.0,2.0,2.0
0c1d48ba9c5963a64e30505c8c950a3bfcd15286f01fcef25455ebaea6cfbf5bd25ef48c89620a3ef04269b31d667b50726f0409fe32dfc4462c88331e71d386,CLEAR,DAYLIGHT,DRY,DISREGARDING OTHER TRAFFIC SIGNS,2.0,33.5,2.0,2.0
0c1d4b4eb837e605a093c76cca7b362ec055f50e2b197b453ddb784a520facd0e2eeeda1ba97e38099b46e596325bc97492448a389fe049f33462a296b52480a,CLEAR,DAYLIGHT,DRY,FAILING TO YIELD RIGHT-OF-WAY,2.0,47.0,2.0,2.0
0c1d625412475a0daac3f221ae03ba2e3efe23f36cbfafbe537e461deeeb10c2230f221c927d44fdcfcb63dfce03443eb551b15aa48288b60845192febef0800,CLEAR,DAYLIGHT,DRY,IMPROPER LANE USAGE,2.0,37.5,1.0,1.0
0c1d6cf0784d9e47cf5a0e776b2689183b15180af4128d664a470093ac2bd58023535b36dce7923e17e04c91cbf865a1d6385e96d0daf08add7d1994482a1d6b,CLEAR,DAYLIGHT,DRY,IMPROPER TURNING/NO SIGNAL,1.0,23.5,2.0,2.0
0c1d795b8866ca1ede77b73420ef01cf28f69739720e36a4aa69383877d08ff2834633906edb854090c84c02dd01d02d5c2dced415d2f2f90e5b5762c182d0a9,CLEAR,DAYLIGHT,DRY,FAILING TO YIELD RIGHT-OF-WAY,1.0,45.0,2.0,2.0
0c1d7ef72474d589d1cc2cf6e6c66d173576614ffc24eda0d5076391d25c9e81cd4aab7b41e645164a68ff104dc285217f0ef098f7e57c41668dae99e60dc322,CLEAR,DAYLIGHT,DRY,IMPROPER TURNING/NO SIGNAL,2.0,30.0,2.0,2.0
0c1d8541c38fd57e4095d7d0f82912927d41c304b2f082a22c32a2bdee095762f88b72eda54c5d41686268ec519cc94144efce4d8f9f47ff99db1903d5cc2335,CLEAR,DAYLIGHT,ICE,WEATHER,1.0,22.0,2.0,2.0
0c1da8a4d8f7d30fcde2f9f4cdaa0e50aa5a99a5ef449d09ce06e58d7bbee4ed60822e75badf6fee5293c30f91d9c9a5c3e8c0bbf9be9eb396f9dcf347d67702,RAIN,DAYLIGHT,WET,IMPROPER TURNING/NO SIGNAL,2.0,35.0,2.0,2.0
0c1dabc465e56781216537c4acc8786f3ee304617a9a54e7dd7ead92582d44f2937e818297bcc316a5e043eef273ed0502b0c8e06e1b7955212a38c422357d31,CLEAR,DUSK,DRY,IMPROPER TURNING/NO SIGNAL,3.0,42.333333333333336,3.0,3.0
0c1dd92e1124c6e56e82dafc1dd5d64642055acd081153366c2f2d7daee3e6b34a99d5b0b05e6b4a9a0003cc3c248d714775da2f3a2df46d7c3caf7888f59304,RAIN,DARKNESS,WET,DRIVING SKILLS/KNOWLEDGE/EXPERIENCE,2.0,29.0,2.0,2.0
0c1debd932fa5444aab1d81b31504e4dabb3ed9a40942a67f12a3d331d73ed2df0565bf751bfc729dd0a0b1ef7727a189981eb64a39a84f4236da9fb3a85096e,CLEAR,"DARKNESS, LIGHTED ROAD",DRY,FOLLOWING TOO CLOSELY,2.0,31.75,4.0,4.0
0c1e32948ab52f63429b84139d6c1381b6c125837e8cde779bb77b7869b18f3e413574c256c7878ed6ffbff9c3d99071d0015e84e365380cc25f8bf24e5430fc,RAIN,DAYLIGHT,WET,IMPROPER TURNING/NO SIGNAL,2.0,71.0,2.0,2.0
0c1e453b8b3909a5b3a3d45e9007067e1edac2a8cc9126072cae912ac4142d8d2c3d249436b2c0e51113b49283f14013f45969f382360592a8610a69e615be89,CLEAR,DAYLIGHT,DRY,IMPROPER LANE USAGE,2.0,25.5,2.0,2.0
0c1e77de87a896564d94f559ff8bcd0e1a2697e40438b905d5064dbb2a12ece65326ae45aac8835377a3cbe561ff4236543f493d7150931010b8e7fe79fc2dff,RAIN,DAYLIGHT,WET,IMPROPER OVERTAKING/PASSING,2.0,52.0,2.0,2.0
0c1ea086e63b2f497004561c194fd7e2d23336307258491b7752ceb6b55f6e6de4d3f289e8e89afb1d81165fd00bc3afe3d7f6ba0fcde665ceb5282a7dd5b4c0,CLEAR,"DARKNESS, LIGHTED ROAD",DRY,"OPERATING VEHICLE IN ERRATIC, RECKLESS, CARELESS, NEGLIGENT OR AGGRESSIVE MANNER",2.0,33.0,2.0,2.0
0c1eba3cdf4a6ac7b0f0c6ac3df4172ed11100cdbb80caee664c0600adcfe7278c37676345559df72200bd26c8621c96ef4d1e8000066ed4ed675956f5b19c84,CLEAR,"DARKNESS, LIGHTED ROAD",DRY,FOLLOWING TOO CLOSELY,2.0,25.333333333333332,4.0,4.0
0c1ed030a1c2d8dcdd9c23e393ac4b240358a8d231b75d96c5eeba8ad19fdf87a89cfc07aaf2bdc5d5b8f3c0d684f65a2575da78d3f6c54b1bac16805891153a,CLEAR,DAYLIGHT,DRY,IMPROPER BACKING,2.0,49.0,2.0,2.0
0c1f7fcd636dffb6f66e3ad4b75c25f4deab2baaf0ed8dfca82793cd92abebac459d9a378a80e18ae55739c9da131a0cadbb7b2fd61123990947bc4a2ca2037a,CLEAR,DAYLIGHT,DRY,FAILING TO YIELD RIGHT-OF-WAY,2.0,33.0,2.0,2.0
0c1f89dbd665049cc5e457be5ef6a737c8a9d7b926a5abcc4daf55561f1d1d45ac960eaff277b07e10a93e6f97d09775a2597ecf1ba966b038d6cbfca35d2cc7,CLEAR,DAWN,WET,FOLLOWING TOO CLOSELY,2.0,37.5,2.0,2.0
0c1fa9759d27f8f5f060b6dd9aa0d0f05706b2be46d55424622db9c4f46c9a920e3f6af5694bb0235a6a00fec4e2f9ee514e07a09beb2997501d13e0e498861c,CLEAR,DAYLIGHT,DRY,IMPROPER TURNING/NO SIGNAL,2.0,27.0,2.0,2.0
0c1fbb1d8a0c5aca19eea220114cd0c3b592a8e64282fc3dfd118ca47511b1dac8dee5d40717e393b1dcc243ca759b8f74c25a45c48e258717ea2bd8279596e0,UNKNOWN,DAYLIGHT,UNKNOWN,IMPROPER OVERTAKING/PASSING,3.0,52.0,2.0,2.0
0c1fd7b3bc04f3cdb3b08b492a9c1b67f3fc64342a2baa18189fb0737938c04249529433c1bab0884fe49e708fbf3240190551dbf15d705dc8c011fc22c58c36,RAIN,"DARKNESS, LIGHTED ROAD",WET,FAILING TO REDUCE SPEED TO AVOID CRASH,2.0,31.0,1.0,1.0
0c1fedbaa518772002cfc07bfaaa8595e5712d8b7b71cec664e5d28b90d8a960bd1081532303932468a4b45f44d1e4602b6adc42a3cd8187476039d27c6c55b8,CLEAR,DAYLIGHT,DRY,IMPROPER OVERTAKING/PASSING,2.0,54.5,2.0,2.0
0c1ff5f7e1dfd9cd152f4e37e0cd443f1744962ec037728a5d21f57830e49fde6e6ac3ab2b46b572c952ee39edd0c9a6a50479284491e9f791a597c270812196,CLEAR,"DARKNESS, LIGHTED ROAD",DRY,IMPROPER TURNING/NO SIGNAL,2.0,37.5,1.0,1.0
0c2018aeed59d41206986ca1c46da3fe1a6cbc227e08d4b0027b51b46ff9d8e5088df79a0e82f115af1a3564ebad4d043284ae555a34f9a6bf8d66efa04eb1a1,RAIN,DAYLIGHT,WET,FOLLOWING TOO CLOSELY,2.0,42.0,2.0,2.0
0c2038d17555ee9a3a15842fe3eac8a754247b1ba5d2aaf8efe31d5cbc6ef6daef4c2a0fd3001397403c31ee7059649933195876359c9be60e0cb06f9529e534,CLEAR,DAYLIGHT,DRY,FAILING TO REDUCE SPEED TO AVOID CRASH,3.0,42.0,3.0,3.0
0c2039653babd54878a9c540ed958f84827adf707aac1321db8ce9e64829a1df8be40a70a6a5d7a54b82814c6d6a411d02972a352acc39be957c95dc8c938810,CLEAR,DAYLIGHT,DRY,IMPROPER OVERTAKING/PASSING,2.0,48.0,1.0,1.0
0c203afd0b68ee3ab9d3607612aa82b181b91e2467605925f50b50f78208cf9be1de7882766e21245cac179b6ae132320b1b4a0807c9a981bd5b2d83fb8e0e2b,CLEAR,DAYLIGHT,DRY,FOLLOWING TOO CLOSELY,2.0,41.0,2.0,2.0
0c203c4cc8cd510a1422c8436bf7cf12e98c6869cc52228a14263bcf53fa21076a964d731147c249db8f8e4fcde5e4c0b7c01da4a6a6d4fab1b64c1450ab130d,CLEAR,"DARKNESS, LIGHTED ROAD",DRY,FAILING TO YIELD RIGHT-OF-WAY,2.0,22.5,2.0,2.0
0c204b2d4dcd3d7c797c02a52247a34e2385afd91cd38b2d95c639e408915656ee36452c14380d0ce5587afc5e0a5b48029ab913cc6f171cd1d6c1949633775c,CLEAR,DAYLIGHT,ICE,WEATHER,2.0,36.666666666666664,3.0,3.0
0c20571993b2931c10e13bd27e5d3a110bfa40c4fc914943244b147b7f34f5bbced5da8be7db98ae607d4dd77f320399ff1ef8729ed2d92210fe218033457674,CLEAR,DARKNESS,DRY,IMPROPER OVERTAKING/PASSING,4.0,49.0,2.0,2.0
0c20743a9d7eda3bd659dbcac98011398cde99406dfe2035386a3bad5a8e366405b879fc72ce9abb3e3a3b4215d26a814fd144fce897830df6718c0f129f00fb,CLEAR,"DARKNESS, LIGHTED ROAD",DRY,DISREGARDING TRAFFIC SIGNALS,2.0,60.0,2.0,2.0
0c20ad465a1ad7f9f2ff87667aa451514027c4488cc8cfab9a01e60d25a07323600c30fa9536cf78993ef8b2b6bb6dd2f8dbbc6538a1fbaa6829877bb1a1ac5a,CLEAR,"DARKNESS, LIGHTED ROAD",DRY,FAILING TO REDUCE SPEED TO AVOID CRASH,3.0,23.0,1.0,1.0
0c20ae3b9ba2800ea22213124c9b1ce7ac15862aa3727161e039b12d0faa63a4c5c1358cd03e32f3f65e246557e7b2aa9aa264e0dcc8b1fc557f7a5776f1e53a,RAIN,DAYLIGHT,DRY,FOLLOWING TOO CLOSELY,2.0,20.0,3.0,3.0
0c20b7e8355dc1e0c014f1457753877a6cdecbe5964f81919c5801968fb3d9ff9443f4b4411786c265f86771a84db0a91e3fc43f95dfc9a7da1e8742a43b5a69,CLEAR,DARKNESS,DRY,IMPROPER OVERTAKING/PASSING,2.0,37.5,2.0,2.0
0c20f1e5250ba2e21bb60dbfef5b37b4fef9fe781977e8ddf2c35306719b56909be440a585a37d7ad14341f872b7c9c66ad8656150f120fa87f7db5be828512b,CLEAR,"DARKNESS, LIGHTED ROAD",DRY,IMPROPER TURNING/NO SIGNAL,2.0,20.0,3.0,3.0
0c20f98b444684b0fa9dc7dc08a0d89ac470382114f5c999b59b148be10deeeb9c7d353c45b6e018d88cc6c48d554a46af2f83fc9793f3641304004711a0d3f5,RAIN,"DARKNESS, LIGHTED ROAD",WET,FAILING TO YIELD RIGHT-OF-WAY,2.0,24.0,2.0,2.0
0c2120dcc4e96f8e530dc9cf4ebf5467b95ec0e5953859a80214086f3c6fb60ec351d629229ea1937931e5681531e0dc65e779ebf190991c8c2f7ff94eba58ea,CLEAR,"DARKNESS, LIGHTED ROAD",DRY,DISTRACTION - FROM INSIDE VEHICLE,3.0,33.0,1.0,1.0
0c212450068bd85b8725dd2eb2ac696bddbb79671389006c02599beb62fecbff1bb8582a01cd194afd2e2b027fbd046bc4c8855efd636a1864d229920104100e,CLEAR,DAYLIGHT,DRY,FOLLOWING TOO CLOSELY,2.0,39.0,2.0,2.0
0c2163cc5e3f6a6fa4097e3aa207069e784de4dc20aea4cb5f295302b8cbe4b08c0b22a7dec6bace8e026ac82f742186152adc8fd76612128b7ce388904bf83b,CLEAR,DAYLIGHT,DRY,IMPROPER LANE USAGE,1.0,49.0,1.0,1.0
0c216e067b5581e8396d20380365fdffb7ccb7d2a0a26d2094273f3c67dc11530b21a7bc16efbd0a7cc60058d2f1ce1b1091cf275b9961e260e4889eba8ed2a7,CLEAR,DAYLIGHT,DRY,FAILING TO YIELD RIGHT-OF-WAY,2.0,40.5,2.0,2.0
0c217485566985e57bd90e8b8c653832b6bf358bd3488e3439ac14223460588896b59eeece93bb883f712d4e9f83e96d759476dcc72b980802520f63ca6eb605,CLEAR,DAYLIGHT,SNOW OR SLUSH,FAILING TO YIELD RIGHT-OF-WAY,2.0,35.8,5.0,5.0
0c2180b45b0cceb1d5715c5cdc99662fc706ec2fab3725c7ea8634218095358f2fa50f6b3fd7acb37dd4cf62a5ca46b61f8ea370446895341e88f2832d06dd68,CLEAR,DAYLIGHT,DRY,IMPROPER TURNING/NO SIGNAL,2.0,28.5,2.0,2.0
0c218ce2349a4d6ae5e1a593829e12ebff7fbdab8573a060348dccb16a67f2189ce513ddb7b9d5f24c9d58dc17b5c5d85f0d29c25135ad5834342a78df437735,CLEAR,DAYLIGHT,DRY,FAILING TO YIELD RIGHT-OF-WAY,1.0,34.0,2.0,2.0
0c218fd1ec333c28076958708c39601901bcc68ed37c0a1a42289d6e0b85de624b676e3b9f3c93c83d6dc6c69f49a3b1777070e617d4fa24ebceac62404aac49,CLEAR,DAYLIGHT,DRY,FAILING TO YIELD RIGHT-OF-WAY,3.0,34.0,3.0,3.0
0c21a323c536341ce860fd62000f43bb5764ef4df23ae3a42318c98742d25363ac91a32392210945311416f626a124e50b6655e215be04df7fba0da9a88833b5,CLEAR,DAYLIGHT,DRY,PHYSICAL CONDITION OF DRIVER,1.0,20.0,1.0,1.0
0c21a8869ee29807949cf7aca4f2e4189135a0dd30b4ce93632566ca0a649233c10784fec6e041e2c1c4525bf52a8f2c9521d6984e4cb5747625e1724e9eaea9,CLEAR,DAYLIGHT,UNKNOWN,FAILING TO YIELD RIGHT-OF-WAY,2.0,30.333333333333332,3.0,3.0
0c21a89c8d2399375deb4cf5dde8c83e1f3a7d0f02e474ceecc8d21fc70d6283ac50097aba9ec2bc423e21c3c92d434fc10f8c4b590efe0bb4d008af9741de18,CLEAR,DARKNESS,DRY,FAILING TO YIELD RIGHT-OF-WAY,2.0,51.0,2.0,2.0
0c21d073ff10357461e3cb9d415c7caea99f41b41ace034c540ea71836761c40429ef0483c625f2d6f47d9aa8246ba7698c60558bd45d9ff334bce4df40df3d0,CLEAR,"DARKNESS, LIGHTED ROAD",DRY,FOLLOWING TOO CLOSELY,2.0,42.0,3.0,3.0
0c21def57eb0c614680187fa383a2eef4b0388d2c7e5a0dc2c0347f55556e3e21f14d6f9abf9492e1fbcc048f9294d9f6cb9c7f5a3625d987cdb38c4ce905cd3,SNOW,"DARKNESS, LIGHTED ROAD",SNOW OR SLUSH,IMPROPER BACKING,2.0,59.0,1.0,1.0
0c21fa579c33abacaeb88b55f2a4ce03a0e090926febff2c8249d3473a5e44976052ffc9d8d7e9be4411c1f9703e5ceccb19bc2da1e6e4bc480d1c2d9760dc49,CLEAR,"DARKNESS, LIGHTED ROAD",DRY,DISREGARDING OTHER TRAFFIC SIGNS,2.0,38.0,2.0,2.0
0c22397cf03c3a9ed58dcfd6348a9274fb75e6bed43a0f1658d7a655e4afd3742136bff1af4faa7977d66143baaf5410b5e9369812f4178da7c841dd516ab9d0,CLEAR,"DARKNESS, LIGHTED ROAD",DRY,FOLLOWING TOO CLOSELY,2.0,36.5,2.0,2.0
0c227d53b7afaacdb6be1b9317068980f5c5eb5e25905650b8a5a224113122454130efd672bfd1c05d51adc385474aa3906d775ff34bdf141ff83acd8528c834,CLEAR,DAYLIGHT,DRY,FAILING TO YIELD RIGHT-OF-WAY,2.0,50.5,2.0,2.0
0c22820b688c70633f04f564efaafb6f725c710c56e5b0c5f5125c025a4f0b45fdb52f5089f5ce5c6d94dcd6e666062e68b698cba0a5005c1b94ae033bedb0da,CLEAR,DAYLIGHT,DRY,FAILING TO YIELD RIGHT-OF-WAY,2.0,26.5,2.0,2.0
0c23050d593c6edb7f116d4ac74427139beea4bf9a873113489b815964458a8b6d4e94962a4d526711bad8f8b02f0e5f7fe8c87f64b0063531db557d17f748da,RAIN,"DARKNESS, LIGHTED ROAD",WET,IMPROPER OVERTAKING/PASSING,2.0,37.5,1.0,1.0
0c231cde59b98c58d2821a730b4bf78ba3e61d489f0cea89d57193ed812dfb05fbe2bda50a5c6d627a63048cdd751b34f8a4369760b17e79c93f3e8e21dc6e96,CLEAR,DAYLIGHT,DRY,FOLLOWING TOO CLOSELY,3.0,36.0,3.0,3.0
0c234f733bf32b437bfe8d95eb59d41ed10a4b7319da60314eacbe2d53c9e32b7af79400f63dcf4075ca3b25e06f14d859ab1743cec47eb5002326581ec2d7d4,CLEAR,DAYLIGHT,DRY,FAILING TO YIELD RIGHT-OF-WAY,3.0,40.0,4.0,4.0
0c235965f72e40301adfdd15fbc352f974a7e4d8aec02b892291b5bd391314f126f8cb8bc79a96575a703c35ca59120efd89e97edbe33ec1331d9897fa231057,SNOW,DAYLIGHT,SNOW OR SLUSH,WEATHER,1.0,45.0,1.0,1.0
0c23644e4aac66d342980d16c9bc488fd50a76d2e3fbbec8312f11c8151f3b5a178937a364ea176003c5dfe815d7ac1c9904b94dc9da68dd949c94d49f4f925f,CLOUDY/OVERCAST,DAYLIGHT,WET,FAILING TO YIELD RIGHT-OF-WAY,2.0,37.5,2.0,2.0
0c23d8eff03b7fa0d008b37a0c93b91f371be3bf0e110df62e2bc6a1fbf78e52959e7f1148a8ec2f7c71f517bc1a19dc57a8d96f512a0a47d91f28de82ef241d,CLEAR,DAYLIGHT,UNKNOWN,FOLLOWING TOO CLOSELY,2.0,44.5,2.0,2.0
0c23e41b1c0bd7019bb70235c4dd67c22b5d76a2628f51f2ac4e9c6ed9e84a69cec043a7ac3b174261b47a842b5a7b863870df5b74357992077cc7732c2d46d6,CLEAR,DAYLIGHT,DRY,"VISION OBSCURED (SIGNS, TREE LIMBS, BUILDINGS, ETC.)",2.0,27.0,2.0,2.0
0c2446fa42e59ba561e0dd75c2abcd5102e35e92b7d03e806cbe933457345c19269dcba0bb9109850d8969bd7d94aec1d040bee69a6c01dc23195e1f43ef8670,SNOW,"DARKNESS, LIGHTED ROAD",WET,FAILING TO REDUCE SPEED TO AVOID CRASH,1.0,37.5,2.0,2.0
0c247f4b66042e3af477bdc24bc4d65b29937d72531bcd74c024c395d47fca298649f9a1d8d443b5d6b8c272e9d52daeeefac3882f88fe3fac4fcdb3dc30a59c,CLEAR,DAYLIGHT,DRY,FAILING TO YIELD RIGHT-OF-WAY,2.0,28.0,3.0,3.0
0c2493fd70946b87f43e478c33b8391f96286f8e0902d5348a783fdb3394c23876e32f5665fdfd7ab4bb329fcddfe1950a58766340f2cf912920669ecfc9cf27,CLEAR,DUSK,DRY,FAILING TO YIELD RIGHT-OF-WAY,2.0,41.5,2.0,2.0
0c249b9537dabb99dbf7dca69d0cb8f9b4683f6a8d7797cc73256a16c2e8ff31de6d0fbe3f449b075df62abef9a25d2d6f7104549ee17e7b59a8c2e22f2e6f24,CLEAR,DAYLIGHT,DRY,FAILING TO YIELD RIGHT-OF-WAY,2.0,49.5,2.0,2.0
0c24d14e9cdd3583ae9d7ec8b26e08af7f68f7095092164409c414224686db6a31f6da0dbe12bfbaa8588f6006ea55fc479dc887aa3cd752671034728e231c9d,CLEAR,DAYLIGHT,DRY,FOLLOWING TOO CLOSELY,2.0,48.0,2.0,2.0
0c24dd0bfc836349acf65b39e8dbaecb83f3b65f968af8e5db123ac92fa596a031465d818d606472bf5b410f5461fe3c5c19090cce4521223222ca5b3d2f922c,CLEAR,"DARKNESS, LIGHTED ROAD",DRY,DISREGARDING TRAFFIC SIGNALS,2.0,28.5,3.0,3.0
0c24eaa652d23a734329b08b803cfe691c47b6a5d5e9c6ba2235d13515f2d189b63f1917677a59c0454afa94f0a62ca21e20c90864e6b268bea3119101961f81,SNOW,"DARKNESS, LIGHTED ROAD",WET,DRIVING SKILLS/KNOWLEDGE/EXPERIENCE,2.0,29.0,1.0,1.0
0c24eb66f6b504810cfc7f95085fc1de28140cdaeb08373378ef98553a58d99faffe636fcf5c5e79b5b0391c63ae301a1228966d5798d7a2a3216e92f4ed856e,CLEAR,"DARKNESS, LIGHTED ROAD",DRY,FOLLOWING TOO CLOSELY,2.0,37.5,1.0,1.0
0c25028fff88b7257212ddff573c271be84978b404d9b678babd9e1382f77105ce05d336f9ab244aca259d399b9ad32491e70ae52107cc6754edde803141a642,CLEAR,"DARKNESS, LIGHTED ROAD",DRY,IMPROPER LANE USAGE,2.0,33.0,2.0,2.0
0c2513ed92f2ac155f589623db7267802ce03909b5e5ae756793fe1adfe85f6c4ffe267f01061faa3531122135625cac7b6f73a028a6d5f8e1aa7fb6728f0f03,UNKNOWN,UNKNOWN,UNKNOWN,IMPROPER OVERTAKING/PASSING,2.0,45.0,2.0,2.0
0c2514180281062cd5bfc9a6f7420eb439d3bf56f3dfa416e2be6dd00ae2ac5a780a229cf80c63606640e8e0125fa3aa8bbbaced5a54dc63306892ddc5c2cdd7,CLEAR,DAYLIGHT,DRY,FAILING TO YIELD RIGHT-OF-WAY,2.0,42.0,2.0,2.0
0c252e12515893d8bd50b599c27f4526857c78e7b1051070af5a5158ccab99e68400797fcca9ab4e8132a897bbcde753f763bb8013e192d2cde044c99d12a4bc,CLEAR,"DARKNESS, LIGHTED ROAD",DRY,IMPROPER LANE USAGE,2.0,28.0,2.0,2.0
0c25390af80c7c67ffddfff1325f8747d292f7c00cde2deac3861a56d3c0a2a0b0b78cc99d849cf1946e713f04ab24a52e500dbaea8a60dcf833ef860340adf4,CLEAR,DAYLIGHT,DRY,FOLLOWING TOO CLOSELY,2.0,42.5,2.0,2.0
0c25eec1ed4e317bd129a51481a52c4de1008f2bff4c0407c7b9861e3478774cfb264b4b00bdb4afe1c2868a36abbb262133f1f31d6af333b132d5f609006c89,CLEAR,"DARKNESS, LIGHTED ROAD",DRY,FAILING TO REDUCE SPEED TO AVOID CRASH,2.0,14.0,3.0,3.0
0c26102e6b0d2d07e0cb4fbb3fef20b018e0e5da0528000c01790e4ede86341a79d096697e81f2183d04f633f2400a30024c8e7e852d066a9ec60c200e01d576,CLEAR,"DARKNESS, LIGHTED ROAD",DRY,FAILING TO YIELD RIGHT-OF-WAY,2.0,35.5,2.0,2.0
0c264b239690a8e2971d7309155787b8383f99b568a01e603a58277fe778ecc30174a99038fc74bf748f98be6e67a32e96609f160f9faea7a0bd31278e9441dc,CLEAR,DAYLIGHT,DRY,FOLLOWING TOO CLOSELY,4.0,49.75,4.0,4.0
0c26574bb9918dd125be65395d7c03e973761b3ba1cd42e42074bfd56541e43baad4c8ac86ff0999903d0e47a41a169fc9344ba8bcd4bd113afa587b62133f99,CLEAR,DAYLIGHT,DRY,FAILING TO YIELD RIGHT-OF-WAY,2.0,44.5,2.0,2.0
0c266ca106987f0ef44c556f5bb73b71f5477e1ab24132831d1a784693d1a243ab88b031dcc81baad3350c07c1be115acddfa40d63ab775108789c966c9b26a2,RAIN,"DARKNESS, LIGHTED ROAD",WET,IMPROPER LANE USAGE,2.0,76.0,3.0,3.0
0c2683d11b0a370b28787480ef258d96a46649b0a7194eac2816475ad67a3e1d48cba2d5cb17808b17873fe1ef39929dbce6d3211ec06717cba7b7ca444383a1,CLEAR,DAYLIGHT,DRY,FAILING TO YIELD RIGHT-OF-WAY,2.0,37.5,2.0,2.0
0c268c7a781ee1e503adf1c457914910fcba83fe8c29bc963ee506e5256e7724c0606fdb59ab54ee6b7399a9b373a95270e8a9ad40b8e3abc58372e9b8804939,CLEAR,DAYLIGHT,DRY,DRIVING SKILLS/KNOWLEDGE/EXPERIENCE,2.0,26.333333333333332,7.0,7.0
0c269da1f18b37faa50bca5da493a5c708ba0551178a8d1eb93b14824d2e53597012ccc0ed56dc26a29f52e3f17ee68389c61634ed1aa126eb4acaa9b167e17c,CLEAR,DAYLIGHT,DRY,FOLLOWING TOO CLOSELY,2.0,33.0,2.0,2.0
0c26e0dc44a9d65ad60ddcd7b0c2e6dd5e54f7ad0086d576902f43e381529fe040cf6cef27a716c386e9f5a6074a91c91ef46bd9a6c172c3630d894454bd9a7a,CLEAR,DAYLIGHT,DRY,IMPROPER LANE USAGE,2.0,37.0,2.0,2.0
0c26ebf26fbdb4c0dbf995e7242710052f06ecc1a8bb3fbcd236a9d0483b8db67c739020941d37b0fa6d8a9ebc2cd442b69723b0b13e2d598edfba00895e8214,CLEAR,DAYLIGHT,DRY,DRIVING SKILLS/KNOWLEDGE/EXPERIENCE,1.0,48.0,2.0,2.0
0c27253acd6ac1b6a474e9efa47e86341336ae00214a3fdcc349e4a0f5785046f9dfb301cfd5c5413bfd96f221f1d51a3dfeb62f098a0ab5d34ea881acc2c7dd,CLEAR,"DARKNESS, LIGHTED ROAD",DRY,FAILING TO REDUCE SPEED TO AVOID CRASH,2.0,37.5,1.0,1.0
0c274f997cf1c36f6abee9a50388be69c81ebea6646b097525fcc4d03921aed075125dc27493f8f0783c88324a0cb95a9228a0fdb95b2c74dd33684e3e9b8ca4,CLEAR,DAYLIGHT,DRY,ROAD ENGINEERING/SURFACE/MARKING DEFECTS,1.0,37.0,1.0,1.0
0c278342be0daa4d08777b912676daf184e046ab3a8e15b6ccd2b65e48a76fe4faa20c580598290d1f5ae5a87d23c6c8f0a3c15881c4d5d61426deefeeb03702,CLEAR,DAYLIGHT,DRY,"OPERATING VEHICLE IN ERRATIC, RECKLESS, CARELESS, NEGLIGENT OR AGGRESSIVE MANNER",2.0,54.0,6.0,6.0
0c278917b91ea157c2dff7e5a6297b827371c0c79119cfec8ab832bb67de40f33c2a87f9717b6dc19e4961d2ff44837fc77524feabb41c7a041fc0759a7de556,CLEAR,DAYLIGHT,DRY,FAILING TO YIELD RIGHT-OF-WAY,1.0,41.0,2.0,2.0
0c27986382a1fb6132caa35d5bbecc7890aff57d931e82925bc2c9efafec3a839f7bf92f0b0fa88680f3cf738a6884b665019a7477823015e157dee55046141d,CLEAR,DAYLIGHT,DRY,FAILING TO YIELD RIGHT-OF-WAY,2.0,30.333333333333332,3.0,3.0
0c27a8f1b060f95600c5a4b8c90ee1218bba999fc25d856edb58b6c608c2de46ba8255a49fe49e9c2c4fb4217557c727e0f26730e6d8921a0b9af1333af9473e,CLEAR,"DARKNESS, LIGHTED ROAD",DRY,"OPERATING VEHICLE IN ERRATIC, RECKLESS, CARELESS, NEGLIGENT OR AGGRESSIVE MANNER",1.0,21.0,2.0,2.0
0c27f65b016598bb6b63a806db260ba778e57b773dfc095b0feac17836dd84e629505b75a36f0e05baa608cb8c74461cf0683ec098be4095a241516e938f8a65,CLEAR,DUSK,DRY,DRIVING SKILLS/KNOWLEDGE/EXPERIENCE,2.0,45.0,2.0,2.0
0c281a0e88d905b9100b2d67df0894ec77b27d0c016c19eadf762f2ff818b2db12cd58865175e00e4bfb8e2e84f4aa5fb75139f7252697d0f1852c68b8b7a8e5,CLEAR,DAYLIGHT,WET,FAILING TO REDUCE SPEED TO AVOID CRASH,2.0,28.0,3.0,3.0
0c2839c0b9116b946b875884e4202b84436994f762d75f0dfe58179fa947bb7911947ac55f76f292443cf507a1df11bddc0cd55d39cf24ac094fe902a571f0b6,CLEAR,DAYLIGHT,DRY,FOLLOWING TOO CLOSELY,2.0,19.5,2.0,2.0
0c285a668e4fcbc4264319145922cbd768b9bb83a2880e22d8bbcdd56250895cd8c1bbb9f5accfce0f4686527b7d439ed8d6a592dbecb398ff1df9e3ebb6d139,CLEAR,DAYLIGHT,DRY,FAILING TO YIELD RIGHT-OF-WAY,2.0,46.5,2.0,2.0
0c28c5851580e1790ea9f08571f31de7e96a1196f7aafbaa5cc54c2fcf77c9d495c5ec3e581eb193fcd885bc94dd73efb84cfe0a598ff6f343c43016b2415dbc,CLEAR,DAYLIGHT,DRY,FAILING TO REDUCE SPEED TO AVOID CRASH,3.0,40.0,3.0,3.0