crash_record_id,weather_condition,lighting_condition,roadway_surface_cond,prim_contributory_cause,total_vehicles,avg_driver_age,total_people,total_injured
0c28c78c5cf5bd5e88ecdd7052bb363c6da35e25f5e10bd28b2ba7c58b45bee92e7977da9331a12b9e189f4ff96b077b20848cc5a94858419cc2032266b86f12,CLEAR,DAYLIGHT,DRY,IMPROPER BACKING,2.0,40.0,2.0,2.0
0c28d0ce0643470d92b5936a575ca688e5fe86d7c31eef25174260307442b28ccc790dc597c1d539e2400663a7aa89ff0444f046c7dfe3e3cc7473bca8123b31,CLEAR,"DARKNESS, LIGHTED ROAD",DRY,FAILING TO YIELD RIGHT-OF-WAY,3.0,32.5,3.0,3.0
0c28e7b0e7e16ff2095f6f8308cdc65a67cf5a9bf6309636d50559736b8f15f84673f14d0b89552915505907efeb289d9afacc38ef704f13b8000d0e378bc07a,CLEAR,DAYLIGHT,DRY,FAILING TO YIELD RIGHT-OF-WAY,2.0,29.0,2.0,2.0
0c2902704dda09c53cebbb73d21d334a5fd03146953e8df4f41e48d866ea1121d5433b254903e70f1a90453b6d7e5677ed5431594331d3471510ea2835d0a3b1,CLEAR,"DARKNESS, LIGHTED ROAD",DRY,FOLLOWING TOO CLOSELY,2.0,38.5,2.0,2.0
0c29193dbf9935d99f09d7bb634f0cc90dfeefbca4cc0906a2abf03d44eeb729e7fbea2492c9e1863cec3e8fb22b762511e274f141cb536cc8a8f54d6ea6eec8,CLEAR,DAYLIGHT,DRY,FOLLOWING TOO CLOSELY,2.0,51.0,3.0,3.0
0c291cc6820b427fa0ffd452d52e6a55f87b9b802a8cdde47900619321489a79c1e5e6023bd0c6f681fc34ad588a5e8ddf6aff7c119890b4b335c13e1ca610ae,CLEAR,DAYLIGHT,SNOW OR SLUSH,WEATHER,3.0,71.0,1.0,1.0
0c2925dd1b60b2483275ed2e7dc77e3ceaf16c0792300fc0f48f18153c22cbce310f14a83fec2b18c6c7c85dabfe4bf58769ce8db889db4697a2dd5e591e90ae,CLEAR,DAYLIGHT,UNKNOWN,IMPROPER BACKING,3.0,23.0,4.0,4.0
0c29502a3cb914b232a3443bfc602e1a34773fa61b2db04b5b6098bdc076952bbec0c668cff934137b91f8ebce9213d53d695c606e281a05ad3b4a87ff425bb8,CLEAR,DAYLIGHT,DRY,FOLLOWING TOO CLOSELY,4.0,47.2,5.0,5.0
0c29a20d036ef1b6853d913fc66c92d3ac53ef5ed7af84199fc38f408ff29014106923178b0667c979985d796d076e00bb33f005cc8da96334b908a2683eefd0,RAIN,DAYLIGHT,WET,FAILING TO REDUCE SPEED TO AVOID CRASH,4.0,34.0,4.0,4.0
0c29b62728073049fb82a1fb84a40adfc1430d1966dfe8fa1771ed12f4533a78ffd582e1191fa1729be1e2df782f2fbb2939316314001f92e369456c3259783d,CLEAR,DAYLIGHT,DRY,IMPROPER LANE USAGE,2.0,26.0,3.0,3.0
0c29c99fd8a78af2800ad64c57c5c3a95967d01ebf8827ca00943657eef58748d774ec6c42e7685befef368ebaea6e66ff6107e380fd19e3320c77661d9cb3d9,CLEAR,DAYLIGHT,DRY,IMPROPER OVERTAKING/PASSING,3.0,58.5,3.0,3.0
0c29ef7cbba1cc7799b381cad37a90832d971d714d133aba48ebe55f334a383012ce4680e2141d7596c248f6f96dc1abcb347f682604bb2316306bae0e4950ef,CLEAR,DAYLIGHT,DRY,FAILING TO REDUCE SPEED TO AVOID CRASH,1.0,12.0,2.0,2.0
0c29f2baab4066e8ff55449f14c04c3aa281559b917e01132e3e94a3a754d7810a1b37f98b7a3960754c86848a50148f443b456f3b1f0393da271dd83b7cf908,CLEAR,"DARKNESS, LIGHTED ROAD",WET,FOLLOWING TOO CLOSELY,3.0,56.25,5.0,5.0
0c2a0279a9a2d732752867957714585783aeaf1a57502dfe068a2d022ea6f0e9c884a84866ca09e1846966234ac3c265c72eb1ff89d29beb749c2811139e8399,CLEAR,DAYLIGHT,DRY,FOLLOWING TOO CLOSELY,2.0,31.0,3.0,3.0
0c2a7857519a7c1f799ceb8e08945179dd82643aca17df2d043ef5ccaaf362df0f01bed75266288f430e3c4af7ff431a45b52dbcf1dc421ef7ae3d1ecae05028,CLEAR,DAYLIGHT,DRY,DISREGARDING TRAFFIC SIGNALS,2.0,14.0,3.0,3.0
0c2a80ae58c5b8093d3a36a11f41f74c8058c4e21f26b5d9e18b56a7e142f41d9bec6d2ff261fc8fa79ba21090a071994290e7efbcf2c6bd9e7cb3cce42274c1,FREEZING RAIN/DRIZZLE,DAYLIGHT,WET,FAILING TO YIELD RIGHT-OF-WAY,2.0,34.0,2.0,2.0
0c2a9357b16e352a8e88523360661d1fa288da0ccb8a26af979bba34654232e09f0e88dbf7dff88d99326e87d080a1b055cac05728225bf8df5451cfdc758322,CLEAR,DAYLIGHT,DRY,FOLLOWING TOO CLOSELY,2.0,40.0,2.0,2.0
0c2adfc0af7ad00a32bfc8768dcffc64e3e8a8de13376ae3dfd14666d066d950ab17c3bcc8ff9e79f8b092840e3b18d3115878f972ea9a68a5cc295645f45d55,CLEAR,DAYLIGHT,DRY,IMPROPER BACKING,2.0,37.5,1.0,1.0
0c2ae88ad562fd9554660272a9244e1303483a26c86549d7bd7fd2d077f6d908d5767afae618193b13bf751b71cedf7db1ece651334deb0199a50739781ec2e4,CLEAR,"DARKNESS, LIGHTED ROAD",DRY,FAILING TO REDUCE SPEED TO AVOID CRASH,2.0,30.0,4.0,4.0
0c2ae937d717bb0f98a043530ac2226a07a7939567a0eabb90c76d385629a72025c122de94d553feda5d915cef01a092c229bd020a46fcea404206842dbb3837,CLEAR,DAYLIGHT,DRY,IMPROPER OVERTAKING/PASSING,2.0,37.5,2.0,2.0
0c2b00a64f901f24d8d64e9a5297abab5425db14af0cf54ac200ff21765dbe1d0a697b3199933d88a956b81389e782447fbfb68c30e68b9707a071b00aac899a,CLEAR,DAYLIGHT,DRY,FOLLOWING TOO CLOSELY,2.0,29.666666666666668,3.0,3.0
0c2b08f072cc1423b758ae316acccc0d22f84f87ea8e15103aca41a0c6ffd43b40edebd039f9a2e0925b407bbcf7d5e86a497bf91a59800b1a51ea7cb1d1c968,CLEAR,DAYLIGHT,DRY,IMPROPER OVERTAKING/PASSING,2.0,23.0,3.0,3.0
0c2b1aa5ca32bee6daffb6e8166bd1b98f741bb908bfc410d99320da5bb8c366f83cccbd93297d8dc7988c7c6b1a9bad7ecab700a13a56f5cc7191d0302a1202,RAIN,DAYLIGHT,WET,IMPROPER LANE USAGE,2.0,22.5,2.0,2.0
0c2b3975e56af4284a4c5a888704ea5bb57396dabe0eaadf4198089b1e37fb5271986269fb1457cf62c33abadcf8e8b62bfbf65a7e19b10c3b5cdf65f2bd083b,CLEAR,DAYLIGHT,DRY,FOLLOWING TOO CLOSELY,3.0,62.5,3.0,3.0
0c2b3c837a614fcf947f052e13a723a79d245c1ce324c2390085c3cd5bf1cdd6e6d3f7471d69bab70026ef8a7bdf45ecc56f99cbcf83eb30e17994561127a5e3,CLEAR,DAYLIGHT,UNKNOWN,FOLLOWING TOO CLOSELY,2.0,65.0,2.0,2.0
0c2b5c5891dd85dbb554899e1351492fe145a03d8ff08afeb3d0c52978166c58af683dbb67212b0307e50fd78ed5450435da45926229aa1703e00ed870aaa2a5,CLEAR,DAYLIGHT,DRY,FAILING TO YIELD RIGHT-OF-WAY,2.0,29.5,2.0,2.0
0c2b638c996cf3bf4c7594eebf74a4f32a0fa20726a166f6e4e7563a86515eb203f40902254d85454b7ecbe0a84b855c1e56f771a76eb57c786d961f797f3b75,CLEAR,DAYLIGHT,DRY,IMPROPER TURNING/NO SIGNAL,2.0,37.5,1.0,1.0
0c2b7d22c017608ee6c83ba0b5d7549de8014e5ce8bf8c5c5f056f5fb3fbb2a15e0a5a058b36d6f9951cd7a09533bc929b8aab020e93997521a1d9ce1a5cdae5,FOG/SMOKE/HAZE,DAYLIGHT,WET,FOLLOWING TOO CLOSELY,2.0,42.0,2.0,2.0
0c2b800b2d132daf9aaa02f4fc049ca7a720af5cb15e2d14fbd9c75e27c48adb9db44603cc7eae5357947fff975dd79ce6d36eea178070da0d37f89b2de5a456,CLEAR,"DARKNESS, LIGHTED ROAD",DRY,IMPROPER OVERTAKING/PASSING,2.0,35.5,2.0,2.0
0c2b9544e1c82ed34370bc6d563fb21c01b873b5c4f7730fc2795d5e059ff395db2e731ef4305cb87bf2878de7a6856ec3b4540829d146887d602ff651529128,CLEAR,DAYLIGHT,DRY,IMPROPER TURNING/NO SIGNAL,2.0,25.666666666666668,3.0,3.0
0c2bbd13bee6fa3bac53473aeec2fcc9e038d687267cb9d239898a819c5d299e530b50e47ebc93b2ab7acc9262b64ae9626d302a3bb50bc22cbbc782c1bfc845,RAIN,DAYLIGHT,WET,PHYSICAL CONDITION OF DRIVER,2.0,56.0,2.0,2.0
0c2bcf91da3565e9615dc87be37598aa5dc3cd7cb542917cfbdfa153565ee7e60ba7a890d1417f08bf64ccec6907f012b5f4923e089a48ffdc60927529978d2b,CLEAR,DAYLIGHT,DRY,FAILING TO YIELD RIGHT-OF-WAY,2.0,25.0,2.0,2.0
0c2c0826b62ac4a0ad1b4d63b576096cdb1d456fe4dc277d171c5d1a3dd730069d8af36d80d16130545973093d4c21f9f0204d6aba50e8b8d27db5a4b2c768b9,CLEAR,DAYLIGHT,DRY,FAILING TO YIELD RIGHT-OF-WAY,2.0,70.0,2.0,2.0
0c2c0f16f03f57582a4664676b826a3d0bf5f03ad345e57599bcbc78d493877c2d046e594597a4aa33e8964ab4bb2c5dcd3f184b4a6649743d74174d49dfd3f7,CLEAR,DAYLIGHT,DRY,FOLLOWING TOO CLOSELY,2.0,61.5,2.0,2.0
0c2c173b6057f2f05c21da9f5dd60abe0b65ab8cca0b024158b66842865b40753cd2584582a6bf6c8c1b396c7b74dadb4c85923d419c84483320630eb80b4e56,CLEAR,"DARKNESS, LIGHTED ROAD",UNKNOWN,FAILING TO YIELD RIGHT-OF-WAY,2.0,38.0,2.0,2.0
0c2c1b5abed924e6d94d3b7b13a737ab21a719f8101dd7fc7dbdf4a49fb4fc5032203635c63e595e2eaff68dc9923fa3d87984f0c2e56af7e1aaaf78bf7acd7c,CLEAR,DAYLIGHT,DRY,DISREGARDING OTHER TRAFFIC SIGNS,2.0,77.0,3.0,3.0
0c2c232229a695b86ec3e3bf14ff93bfdec25c1217a6e5aaa366501cc9f58272f3052eb5f6f7ed9a6efabd9a417f20d6aa3892fccc5247d610826969c1ea0678,CLEAR,"DARKNESS, LIGHTED ROAD",DRY,DISTRACTION - FROM OUTSIDE VEHICLE,5.0,44.0,1.0,1.0
0c2c2861d65b2e59f1b6798319bf839da6df919d4bc5c514096007e4e92f72abee5914edbf05f93ed6f89046d4231b3b3bafe164cba2c845ff81bedc7531553c,CLEAR,DAYLIGHT,WET,IMPROPER LANE USAGE,2.0,36.0,2.0,2.0
0c2ce3d5320c2b09438160bc251c204c2f083ccdb6838dc0f94174828a43f2d77e5dfac4e9ff69f86caf8d6c91f980256d1c3f049912c578a6b6324af48a319c,SNOW,"DARKNESS, LIGHTED ROAD",SNOW OR SLUSH,EXCEEDING SAFE SPEED FOR CONDITIONS,2.0,28.0,2.0,2.0
0c2d5aae025493335a91be0566bda71384a0b3eb3992af38f8cc09a36e4578ea0ba4125a6f783237688f91ce767a76ded9a53b41c5e3d40abcd3e357a0b31b6e,CLEAR,DAYLIGHT,DRY,FOLLOWING TOO CLOSELY,2.0,22.333333333333332,3.0,3.0
0c2d5ff511441adf4959fe10c09ead577704af4212e83b0eb272f490d614117e014d9bca65612e98f5e1ce75886c7ee5ad556fd5f088affe65600eb93d3f050f,CLEAR,DAYLIGHT,DRY,IMPROPER OVERTAKING/PASSING,2.0,51.5,2.0,2.0
0c2d729d56f6976b71a494bf18634c60928aa159a49bdd170c7555f01a6ebe9b53efc256b798804162676eca685ae54a9d7e893282a9223196993c679422381e,CLEAR,DAYLIGHT,DRY,IMPROPER OVERTAKING/PASSING,2.0,37.5,1.0,1.0
0c2daca34ed336868ed25189c7c9c1aa178f3b08961941f890ab641bbe496ff2a32195b183c1c173b90666ab56c266451e145d91487a3f670477a8b41a91fff6,CLEAR,DAYLIGHT,DRY,TURNING RIGHT ON RED,2.0,41.5,2.0,2.0
0c2dee162034a7449fb33069689b67eda9362423c60caf5af272012859f8d5960ac13f8bb3966ff13f3e73131b0e8edcdafd21cc51807db9efae934ac15454f0,CLEAR,DAYLIGHT,DRY,IMPROPER OVERTAKING/PASSING,2.0,40.0,5.0,5.0
0c2dfe99fb42f4b094022327827eb298e9160e01dabf21a5eb0ea2a9b4cb19b7c288ed0e4ff28f904522a54a03b7237bacbffb3099864381aaf617ef800292fb,CLEAR,DARKNESS,DRY,CELL PHONE USE OTHER THAN TEXTING,5.0,25.0,1.0,1.0
0c2e121151d497e5001d9cc85d9a41d4fb3b661ea7b78ae02ddd2e0b5fb1683059213962eb59e1d3462849c1e22765174b163ab9c12f7d0a5db2ac7c42d3afe8,CLEAR,DAYLIGHT,DRY,FAILING TO YIELD RIGHT-OF-WAY,1.0,56.333333333333336,3.0,3.0
0c2e3ed170caebdf5ae9028d3615611d2f77c6c115a7e558fdb226ac5462355ec9b400c0aaaeae6b0816c6ec16d7cda2440bfb74688ba09189dcbac0ade40939,RAIN,"DARKNESS, LIGHTED ROAD",WET,WEATHER,1.0,24.5,2.0,2.0
0c2e7d48b3335392637c6b1e5321ba56f392f1d98a28d79eac19476cf86366cc47e39d281ee4bd293708b3e1e3316a509d816ef53839fdd87bd5668c86ae521b,CLEAR,"DARKNESS, LIGHTED ROAD",WET,ROAD ENGINEERING/SURFACE/MARKING DEFECTS,1.0,52.0,1.0,1.0
0c2ebf80c3a6bb197849bbc49886375d32069071949ef3a628c00639a53eb623a7ec7ee654e7c626e9be0774c538c87f00a5e8823305652ac98d243149aeb422,CLEAR,"DARKNESS, LIGHTED ROAD",DRY,DISTRACTION - FROM INSIDE VEHICLE,4.0,31.0,1.0,1.0
0c2ec29c7daaf3f951eddca0172a3f18314bd014b97acfb93bef295ea5f22bf3db12f97197b5fc9d8ccde4a6bbb6847d4fdb81013013aae84b2dbc9551f690fa,CLEAR,DAYLIGHT,DRY,DRIVING SKILLS/KNOWLEDGE/EXPERIENCE,2.0,66.0,2.0,2.0
0c2ed0a6b1223268eba03431e9daf327d409366b4ce1df480f2d02a17343815afb37fc80b378b30f6d77b0b9bfcd222eace828e9d5b8253f790bcb65eb662122,CLEAR,DAYLIGHT,DRY,DRIVING SKILLS/KNOWLEDGE/EXPERIENCE,2.0,29.0,3.0,3.0
0c2ed198c71e18effe195a0a7b1c2387cef21a61ef8652bcfe88770f75f38f0c5842237bfe361dbf02496f11889b06241eea71fc3f3dcfde9123f2c2f983c281,CLEAR,DAYLIGHT,DRY,DISREGARDING STOP SIGN,2.0,39.0,2.0,2.0
0c2eeaa2bd0086408139b28d53fc4017dccf7e3988fd1cfb8174405037a79a50ceddfb71e4d4134b30ff78db4aa573e48eaf0d1ab41591ce2a46b9c2a1f1d162,CLEAR,DUSK,DRY,BICYCLE ADVANCING LEGALLY ON RED LIGHT,1.0,24.0,2.0,2.0
0c2eeea1e62c842e8d57169892aaf658c8e669defdbc834d1d443f784ee69b81d746a34fb170f6c7ad0777d48c2143605533576646b870b4778899a059cea267,CLEAR,"DARKNESS, LIGHTED ROAD",DRY,FOLLOWING TOO CLOSELY,2.0,27.333333333333332,3.0,3.0
0c2ef5eb157234e8dede29b2bde6847f80837035d3d77e878e6808af7968c7d7b32bc0d61216589766482f391ebb4ce5bc5342b243eb0e562c33e6f50740d91d,CLEAR,DAYLIGHT,DRY,"EVASIVE ACTION DUE TO ANIMAL, OBJECT, NONMOTORIST",2.0,38.0,1.0,1.0
0c2f160e5a1f2a1cee95b72b612bd6da4ce36b27182946f4889b9ff59355bf89c18550dc429e07d03752bf43a6ff6fb7f2b3562d75f5fa846347f827c83c87b9,CLEAR,DAYLIGHT,DRY,FAILING TO YIELD RIGHT-OF-WAY,2.0,37.0,2.0,2.0
0c2f344f841d6cd4c3f32578eb78347ba49768db437a0e05d6902993ed766fdad54607d027a2ab40012a92c2241e14aa1b10cc80cf5d04c3fc26f874795654c9,RAIN,DUSK,WET,PHYSICAL CONDITION OF DRIVER,2.0,34.0,1.0,1.0
0c2f5baf37b43aaed26f1b05bb6a6202775a255807d13560c904eb22769d8e27787e3a7266903b3c0a524018b42b2b06904f24786bbdc4ee59e6592a5f070589,CLOUDY/OVERCAST,DAYLIGHT,DRY,FAILING TO YIELD RIGHT-OF-WAY,2.0,45.5,2.0,2.0
0c2f66664c9a7300cc4d698a942a41b27b623ea96c14dfefbb547c16dc03948ca8da7b465f219a5663f976ad18218d9214c338904cf2ab60faef50aeef13df9e,CLEAR,DAYLIGHT,DRY,FOLLOWING TOO CLOSELY,2.0,69.33333333333333,4.0,4.0
0c2f9070e8a11e0d0080a8ae3605c6e137d5c5bfc2196fe6f725987e3b3fd5d4a85b6d73fe4ba9abb89e65fa3ad7f4f9a4811cf1b44465ad80aebcba906c1b89,CLEAR,DAYLIGHT,DRY,IMPROPER LANE USAGE,2.0,59.0,2.0,2.0
0c2f97fdfaa9a8a9cde3331a6e9a0d9bd6cf80c52064becee21c387a43f8d02796b5e4c747c2678c7a8d93bc6c7b5689f35a64a36a617308035e2cf82d390d2d,CLEAR,DAYLIGHT,DRY,FAILING TO YIELD RIGHT-OF-WAY,2.0,44.0,2.0,2.0
0c2f9cbeb5d9a39afde0d729279d6e34a13b2581baf34a76caf28c8e4ff23796dbefd9b65bfefdd4ed210586fde41499c449f7e88ebde31b4d203fb08f440f78,CLEAR,DAYLIGHT,DRY,IMPROPER BACKING,2.0,24.5,3.0,3.0
0c2fb4b2eb37f797e77c26793ded97f379e0495f23b31baf2b4d55439d12b626ce7470c6b12f38fdf7301033968b2b7af2da85a9c944872ac54c1995374f3683,CLEAR,DAYLIGHT,DRY,FOLLOWING TOO CLOSELY,2.0,49.5,2.0,2.0
0c30159c4ad44d22b45dbb5e72fee8a6d15006fb3c967b01c5c7f1011e009aa1ec75095c90f7db73f0e139086443aa9655c8dbbbf32bb56bb9411642bbd2dc84,CLEAR,DAYLIGHT,DRY,FAILING TO YIELD RIGHT-OF-WAY,2.0,40.5,3.0,3.0
0c3017b447bf0e69b6e14a1ad477a3759b2a9ce178d4cbd84cc60d1988eafcbe13ef039b8901b65eed1828bc6923f1edf428b68f587540b9b19d1ced85731f59,CLEAR,"DARKNESS, LIGHTED ROAD",DRY,EXCEEDING SAFE SPEED FOR CONDITIONS,2.0,15.25,8.0,8.0
0c301b7d7d1446eacddec4b6b073b8a73969f52a6736929541aab005aa5afca1db48e355c31d871ea58788ca0432fe77f92bc9e2732b3102541d421708af1421,SNOW,DAYLIGHT,WET,IMPROPER LANE USAGE,2.0,24.0,4.0,4.0
0c303b1cbeacaaee9f5b3f0db4a0ea873ef1602b8c04cdbfa16eee53947bc9b2bb24a4cf21c048c1531307cdc11724674502a1bb61921bd4af6ef65b919d7c4e,CLEAR,DAYLIGHT,DRY,DRIVING ON WRONG SIDE/WRONG WAY,2.0,27.0,2.0,2.0
0c3041f1439378bf6f5fc909895f4161d63fe4b75bc14279e633c2718af8c6ad9019f1a6de84a97da7b82efa7db00c974f91786349c469d11fc7ebd6958083bf,CLEAR,DAYLIGHT,DRY,DISTRACTION - FROM OUTSIDE VEHICLE,2.0,32.5,5.0,5.0
0c306be6a54321901bfdb5ed37f8182b091eeecaf8ac3aef876336f6ece152891bc4cbebbe3b7dcdff797203a1f6660680f801e84c1269bccbf16c133519a614,CLEAR,DAYLIGHT,DRY,FOLLOWING TOO CLOSELY,2.0,49.0,2.0,2.0
0c307a16b4cb08b905460a5c82e1213bddc1739bc756883cc54c7b44c98aabea68bbe7773ae7e03441e934d505aba0fd27186db82b32aadfc1c6a8e1a516002d,CLEAR,DAYLIGHT,DRY,FOLLOWING TOO CLOSELY,2.0,30.0,2.0,2.0
0c307b3e8421c0813ece8337cbef3b688c2879e97a43e19a11d2645a49c28497dded3fb3c03af92759746bb2aa0a0988c939ff76446caa47e8a47707599367e3,CLEAR,DAYLIGHT,DRY,IMPROPER TURNING/NO SIGNAL,2.0,39.0,1.0,1.0
0c307b4200b03f87764b6d54f104b37b97ac88825e63eadad47485759306e4e73f58e995e094728caa6dfad342b4c66514a5a2e66405cbec349b8456c734ac8a,CLEAR,DAYLIGHT,DRY,IMPROPER OVERTAKING/PASSING,2.0,45.0,4.0,4.0
0c309d01611405195558c86fee3c6323ce51f229d3a15902a680ab7ef3da02dbedb745ef0e2d6e387454353ba8a754df8d5deea9482620095f1c1925e68669a1,RAIN,DAYLIGHT,WET,FAILING TO REDUCE SPEED TO AVOID CRASH,2.0,17.5,2.0,2.0
0c30a10cb46c91fea592081688f3cf443b5fd6a691dffbba69d385641ba9f67a35623a308bd1e9aad3c0aab5fe449af6c44376f767734468a129573e5304eb93,CLEAR,"DARKNESS, LIGHTED ROAD",DRY,IMPROPER LANE USAGE,2.0,41.0,2.0,2.0
0c311004ef7cf657ed4a3f641ad1ba5269e59757f65633bea35a39601470321eeb1a37a9d945cfc4333c2f9df93c09d989e766a92a7eaeb9a48ed99ca0edbee3,CLEAR,DAYLIGHT,DRY,FOLLOWING TOO CLOSELY,2.0,0.0,2.0,2.0
0c31377594e1a24e5495115582ab7dfa4b8e4a9d7304facbcbdfd1927755b91de12b10c56d020eeb79db1fc4f7f8d084f5b5a3f6ae9d524d57a6158cf93c0f5a,CLEAR,DAYLIGHT,DRY,IMPROPER OVERTAKING/PASSING,2.0,46.5,2.0,2.0
0c31490b5972520e72fd62636713532e457005c67df41fd7221e73b7385b8eb87201a9a65671fbcb2b77597ce355a3159ee49d604fc07559c06235a712640250,RAIN,DAWN,UNKNOWN,DISTRACTION - FROM INSIDE VEHICLE,3.0,32.0,3.0,3.0
0c314be4c92a21dc6d569fb1a8b77d183085912e7ee66fa3295056dd7fc76775e8e3dac7a3ecfc92eea20a6299347411e7400c867de11039f30d4f3de1e18212,CLEAR,DAYLIGHT,DRY,IMPROPER TURNING/NO SIGNAL,2.0,36.0,2.0,2.0
0c315218322ee139466f50f0bb426694dba0c260bbd5b8ed48d754fea3e797d658b65f5114a3db237f10dd1242fa3266967b43739a770d2e24c6b8a399afcb6d,CLEAR,DAYLIGHT,DRY,FAILING TO YIELD RIGHT-OF-WAY,2.0,21.5,2.0,2.0
0c31548f44d74b4ef6135083d5832e370e20f29a407b2995c0fa9cce9f1eef5fb49cb0ab6f0a59a8b47f41eedb02443a67335eb13c6452d0d00533ddbb76da0b,CLEAR,DAYLIGHT,DRY,IMPROPER BACKING,2.0,37.5,1.0,1.0
0c316c2e889bc043d730fd44375fcf6aa11bbe5d47a140de5dde05f66ab3380e4d608a9c107bb389b1958c2ff82823107f8c7a63d3d6998dad5c0244c34134a4,CLEAR,DARKNESS,DRY,IMPROPER TURNING/NO SIGNAL,2.0,44.0,2.0,2.0
0c3181b85f0bccd00610df11772cac5b495fe4659eada58cb3252760e5287a80e8316d28386423266c92bc3581dff34193ab988fe7c14ea674ea148731c977b0,CLEAR,DAYLIGHT,DRY,DRIVING ON WRONG SIDE/WRONG WAY,1.0,37.5,1.0,1.0
0c3196659e86a6b22142c9cdcedadedc12796b9ccbcc6cb9f80bd544c566844ff1fb3bb6df280ee2e78e028aa6538624c7a010b783cb571e6acda625b8d6d831,CLEAR,"DARKNESS, LIGHTED ROAD",DRY,FAILING TO REDUCE SPEED TO AVOID CRASH,3.0,40.0,1.0,1.0
0c3213bc98f97adc6448f5f160ae9c2ad20a767127e07f3203fac89852655cb72c5b7bafad2f5bee1430438928315dc05070c50c54a686f863785a25e1550073,CLEAR,DARKNESS,DRY,DISREGARDING STOP SIGN,2.0,60.0,2.0,2.0
0c32283a08e8ff4628f593339f4a0131c1078065aeef64493066d323bd3992deaf6f9cf6bde5f43de275d535bb7db6557345f77a13d41b152f1f8bc34e8f6d54,CLEAR,DAYLIGHT,DRY,DISREGARDING TRAFFIC SIGNALS,2.0,39.0,2.0,2.0
0c322aee6b6b441a9b292f24a579b26bab70270e20f523db92a888e25185eb0b61ca795302e22234020797d175f455d0f130828e6a1800b49c2524f9021b48fd,UNKNOWN,"DARKNESS, LIGHTED ROAD",UNKNOWN,IMPROPER BACKING,2.0,22.0,1.0,1.0
0c325c6e95ee19ab5639f364ac2cd7b0a50abeda228d3bd1a0739441fc516ff693a8b882838d0f4208d01949565ea043b75657aefa931f9ac7a2593643a498c0,CLEAR,DAYLIGHT,DRY,IMPROPER BACKING,2.0,37.5,3.0,3.0
0c327b6abd921669f0190c72360f7d93e935556e9c18b074272aa0d70fa2bd305b9731f02199003f87021623a5fcf8c5b3eb380af1a49b9d5b065fd2380fca55,CLEAR,DAYLIGHT,DRY,FAILING TO YIELD RIGHT-OF-WAY,2.0,33.0,3.0,3.0
0c32827e5239ad04ac72ef1e73180c496cf7021ef6c07e0451cbf5ac6e53ad68794e87213e53b56ad8cacd9ec0b6f248edc6dbc30fd5fb455c1d737e3859ddd3,CLEAR,DAYLIGHT,DRY,DRIVING SKILLS/KNOWLEDGE/EXPERIENCE,1.0,46.0,1.0,1.0
0c328c6bf0329193c01da27f3eb972112cc9cec51db78c3ec1c09ba7bb16608a59412211001f4effc3a8a32f9d0f8457ff16eaa64e90fd0b7f8be5a5a7617dc5,CLEAR,DAYLIGHT,UNKNOWN,DISREGARDING TRAFFIC SIGNALS,2.0,33.285714285714285,7.0,7.0
0c32ceef4412f479e759c5018d59faf1bf6aad386199458e2610dde75df99eecb38ea3deba815a7764e60e44f1fe847e6c04172c30d4904f9c39ab5a4780cea1,CLEAR,DAYLIGHT,DRY,IMPROPER TURNING/NO SIGNAL,2.0,62.0,2.0,2.0
0c32f6e7d1e7ad2b92b2ee184bbda46d211ee9a0433adf2aaa27c12bb5fb82d6ed95a7e7b679ecebf6671615dfa16378ac45389089f984d597439f471cb9960c,SNOW,"DARKNESS, LIGHTED ROAD",SNOW OR SLUSH,"EVASIVE ACTION DUE TO ANIMAL, OBJECT, NONMOTORIST",3.0,29.0,3.0,3.0
0c332095159b4b628ca2a5bf1c4ad51847f9c763d31aeca1f90a6b3232a4c9b90644ed1935131d82510db3206c7cb07240696c221a48f17bdba78ad923e38b0f,CLEAR,"DARKNESS, LIGHTED ROAD",DRY,FAILING TO YIELD RIGHT-OF-WAY,2.0,52.0,2.0,2.0
0c334467acb6917a455a831976b227e62a309a34f4a7be6807d3d582a68ee4ff2fcf336ee5e9cce367e92b240759644d9f5c53bf4caacf5510b9b7914bdd53d2,CLEAR,DAYLIGHT,DRY,IMPROPER LANE USAGE,2.0,49.0,2.0,2.0
0c3360c1ef225cbb91822d37c8b0cff90cdb950b2846ba877c51dd9e5c5bc778e6bf07928a516746f27b4f466f11ef7a59ae8653ff14d3ceaee1a97f5dce9521,CLEAR,DAYLIGHT,DRY,IMPROPER OVERTAKING/PASSING,2.0,30.0,2.0,2.0
0c3365f3cf6208f32b8009de37e3f350e2026035ea8e5919d645faf1e48dda12537c68c67a56a2b8e4c9372b28aa1b21e769f3f3c81b1a1e0b2ddda9d5dd237a,CLEAR,DAYLIGHT,DRY,IMPROPER LANE USAGE,2.0,37.5,1.0,1.0
0c336ac9cf8e210578b8ae9a280ada753c8be97584e10429df6605afcd0e95dd4e56503dcbc3f13e8c3a8771e6b87fc61e5b01bc5567c5fcae378856eace6a4b,CLEAR,DAYLIGHT,DRY,FAILING TO REDUCE SPEED TO AVOID CRASH,3.0,48.333333333333336,5.0,5.0
0c337a7b4e57c8ebeb7c5c644f5e8e6bd33f67a309535c0fc746a754e5baa15e2f8c2feead897d85caed02522d443eef8096f22e41584d9290de3fabf5ad5bad,CLEAR,DAYLIGHT,DRY,IMPROPER TURNING/NO SIGNAL,2.0,31.0,1.0,1.0