crash_record_id,weather_condition,lighting_condition,roadway_surface_cond,prim_contributory_cause,total_vehicles,avg_driver_age,total_people,total_injured
0c3392cf81c3b3a61cc648be05ab3363180a6a2d596f3bc07a93034ce8d9ca015df554e777ce271702c57355dbafda16968c9c9726fa3e471d62b3cd76349e1d,CLEAR,DAYLIGHT,DRY,FAILING TO YIELD RIGHT-OF-WAY,2.0,39.666666666666664,6.0,6.0
0c33be0cf4db0022fe0687b19ed2230e13c42f910baf75b6924278f4bf3306fbf590f51cfce6fa062764e39d9ed22d150a16dcb38eb8481d16a77b6456ab23b0,CLEAR,DAYLIGHT,DRY,IMPROPER OVERTAKING/PASSING,2.0,22.0,6.0,6.0
0c33c022c090c376dcde01adb7d800955d100f9682cec981423da4492c4f884f153182abf078ff0841b299650458ad94a9c41fe21c8d87cb52515b4dee84845b,SNOW,DAWN,SNOW OR SLUSH,FAILING TO REDUCE SPEED TO AVOID CRASH,2.0,31.5,2.0,2.0
0c33c75dff188f372677f190d0b1479a76c550aac35914fdeb5d725b557c2fb8c91577224e9784acac71bfbc1417c6e6576c17d6ec0d0e82e8df2685e5c401c2,CLOUDY/OVERCAST,DARKNESS,WET,FAILING TO REDUCE SPEED TO AVOID CRASH,2.0,44.0,2.0,2.0
0c33d611fcbfeec0c190117497fe0a344568dfd5b0de032727b880f3461058ddd4984f722ef89330c7b336914607b821c74539bb9a610603149d1ca6b2902c32,CLEAR,DAYLIGHT,DRY,FAILING TO YIELD RIGHT-OF-WAY,2.0,16.75,4.0,4.0
0c3405a3defde61f9cd72257f302f5a52716cc0f831ca20ad88654d8424845b1ff92ca0a1a594e5818773d184863197386b6023e6c040a9c8d6124ebe008164c,CLEAR,DAYLIGHT,DRY,IMPROPER LANE USAGE,2.0,28.5,2.0,2.0
0c3416d8f31cfa33c5c80beee31d2863d97afd16490cf233a9e3abfd7c1a55d2a8ddd362a30223fab345b50e99e670c6a27e99bed8239e61e69e81ffc430d7ae,CLEAR,DAYLIGHT,DRY,FAILING TO YIELD RIGHT-OF-WAY,2.0,58.0,2.0,2.0
0c3467b1d14b5c15f35d2f8a30a07e8c8340e987ed09af43fa8405c14b972c8114ded089959259f38a82983158c1243d95e935f13e24db2e560728a8b8f00595,CLEAR,DAYLIGHT,DRY,FOLLOWING TOO CLOSELY,2.0,32.5,2.0,2.0
0c347f80a99b68d5af91ee6da4f4a256688588656761d57aadd780a9fddef318f7127e80874d7354c5795e95eba99ceb23f3a4d3d1885b099accc16f12d96a92,CLEAR,DAYLIGHT,DRY,IMPROPER LANE USAGE,2.0,22.0,2.0,2.0
0c34814ebcac9ccfec5dbf7c7ece7622f5515109840ccedae4a64f80ecca85ec33d306b7e8fd7128e90977ae1e33a4dbab6de58bae20baff4ac45f965658cbe5,RAIN,DAYLIGHT,WET,DISREGARDING STOP SIGN,2.0,24.5,2.0,2.0
0c348fb2e462724a747b3e2acc58dafbdc1345ed755821171cff21fb8bf86503cff6a546f2f0109034e9bb60d4db53faf5d787ded4854fa0257a8338a685fde2,CLEAR,"DARKNESS, LIGHTED ROAD",DRY,IMPROPER LANE USAGE,2.0,46.5,2.0,2.0
0c349aef5fda445559566ad85772d174f8b5d0591c665acd569d89b7ffb936285f1277e6f7c35aebedce6c559671d13959a1767735ff127feb92e2e2801524dd,CLEAR,DAYLIGHT,DRY,"OPERATING VEHICLE IN ERRATIC, RECKLESS, CARELESS, NEGLIGENT OR AGGRESSIVE MANNER",2.0,21.0,2.0,2.0
0c349e25adf6a42025fcbf1e8a57f9bbf1352b0cb6c95f4fac7146cdcdaf6ed65804f460b64547ca21e761b8ea36bb01ff35b56a2761dcbaefc6a608c82cd62b,CLEAR,"DARKNESS, LIGHTED ROAD",DRY,IMPROPER LANE USAGE,2.0,54.0,1.0,1.0
0c34aecb3b2a8b7396e2aa5b8d3ca44af846452421f89e49f7249637fe82e3386fe1950c477600cd35842d6802c4af357d7153d0252c4d20873de6561bbbf66b,RAIN,"DARKNESS, LIGHTED ROAD",WET,FAILING TO REDUCE SPEED TO AVOID CRASH,2.0,35.5,2.0,2.0
0c34c4a471402c1866e52566406183bb68c851de80fb266d5b1cc3cec8f7144a4cf573181a1763d7a269418074fb41d80d13ca20fb7813971ed0e667ec8d0e4f,UNKNOWN,DAYLIGHT,UNKNOWN,FAILING TO YIELD RIGHT-OF-WAY,1.0,22.0,1.0,1.0
0c34c81c978b1066a639a365ffb794735899e6edb29d3498d56b2df12c980e0ef784f38950d98dd4ce2d0b612b44e22b8e3c4df5ca52610659bd71a7d774cf57,SNOW,DAYLIGHT,SNOW OR SLUSH,WEATHER,2.0,44.5,2.0,2.0
0c3505073f15205c7043513523b79e72f8fecf0284fae44e0135e04925cb6c2875958e96e7147bb5c821cd52bd95ba803632b0d4154ee5c45b1b452c00a1524f,CLEAR,DAYLIGHT,DRY,FOLLOWING TOO CLOSELY,2.0,56.0,2.0,2.0
0c3510e8e9b79b2362f786436a1c2748e16014f258ac2b63430ab48f28c2c3c079d614f275c1d93f3d35ddd768cbbeb68ed322360e265309eaaebd2eb5ed7527,CLEAR,DAYLIGHT,DRY,FOLLOWING TOO CLOSELY,4.0,44.5,4.0,4.0
0c3516ae4b4036386913492e8b6530f2b443c381bf9cd0775d0a48a8c0c214f82d9c554939c6fed2ac0f8287ccaa1aab33a1d7a17791a4d024684daa6f58d0c4,CLEAR,"DARKNESS, LIGHTED ROAD",DRY,UNDER THE INFLUENCE OF ALCOHOL/DRUGS (USE WHEN ARREST IS EFFECTED),2.0,34.0,2.0,2.0
0c3521bafb4c63476df7695f878f11c601c12591e856fac50fae98e3fc7572ec5f75959b216c6ab387641ba95a3a43394738ffa5734ab9fc9341b016572df443,CLEAR,DAYLIGHT,UNKNOWN,FOLLOWING TOO CLOSELY,2.0,37.0,2.0,2.0
0c352381b0689a5a8fc498ddcb45baf31ab0f19b61418e3987aee350d25255e6150234e7354317f0d446c0bba7efbe5fe71928965ef19dad687ca274699959d8,CLEAR,"DARKNESS, LIGHTED ROAD",UNKNOWN,DRIVING SKILLS/KNOWLEDGE/EXPERIENCE,2.0,39.0,2.0,2.0
0c35312c4d9fa5d3e10b0f871d1a18e0ff31ac4c3c2574dd3f485874bdc84424aef39ba6be9fad337cbbc0a9f921dc058e6b01da217e646c11511e7800a018e5,CLEAR,DAYLIGHT,DRY,DRIVING SKILLS/KNOWLEDGE/EXPERIENCE,2.0,37.5,1.0,1.0
0c3538a1b6087da33c13ddeec77af2b61dae12c14a0598e7424953253cb7761a30505178d3fcc3a45de175a4cbfedc57a113ad80a03a89e86ca046b3f74403fe,RAIN,DAYLIGHT,WET,FOLLOWING TOO CLOSELY,2.0,23.0,5.0,5.0
0c3549bdce174f26ed1ee65fdfaeff6edfdf232bdbce2c2949f49d5667fb4651a4601a3b458e98b5ee8a58357d98687a6d00b07857331b3aa06b7bc0b81fdcf2,CLOUDY/OVERCAST,DAYLIGHT,DRY,IMPROPER TURNING/NO SIGNAL,2.0,32.0,3.0,3.0
0c354a892ee0974832dfc6b8f592b2d067366d6cac10767c75f4ed701468156e5ea6be6802996dafc8a65acf9e0f8370896357eaa5402427b6be533e9b2ef308,CLEAR,DAYLIGHT,DRY,FOLLOWING TOO CLOSELY,2.0,31.0,2.0,2.0
0c355fdb1d21dfdc195eff5ee21f5600ee766220879eca24a47adfb42653ed9b01bbc107c2ad05e236ead48891e893503a8881f8aa4633e91a623ba28a682a9f,RAIN,DAYLIGHT,WET,FOLLOWING TOO CLOSELY,2.0,66.33333333333333,3.0,3.0
0c359f941f0333bd457c0adedf8c4d5dea2c1e85b78b4c2f50bfc9b24672896c6349a2c1b8265ab8ade50f5b54fcb4f8a52dc288ff0a13f31eea3ed7e5dad359,CLEAR,DAYLIGHT,DRY,FOLLOWING TOO CLOSELY,2.0,31.5,3.0,3.0
0c35a9d59928f1ce8e71934e31fbc9cff2e18457388863a31967b1feb0b78f268190b671f70f375668990cf0a7ba011bd6f7fa154ee5f8f50a9b07fe1eaf0785,CLEAR,DAYLIGHT,DRY,IMPROPER TURNING/NO SIGNAL,2.0,21.0,3.0,3.0
0c35eed7a3a3d00d4ed10547ad6857076733df883f8d2e53992582b0bb130f609fdb9ee00941b4dce260efa3865b7fdea5e026ef3296a7b6caa2b1fe4c1c0cc0,SNOW,DAYLIGHT,SNOW OR SLUSH,FAILING TO YIELD RIGHT-OF-WAY,2.0,44.5,2.0,2.0
0c360178fc2da201f6e8389306da6ac33094a507b3ad7f0c9b0329ec876a4e21c612567929097322a4ab3b5c7c3a79264d184653911d9a6cc36f13e16ae2e1fe,CLEAR,DAYLIGHT,WET,FAILING TO REDUCE SPEED TO AVOID CRASH,2.0,37.5,2.0,2.0
0c364aa2e1ed50e0b2427c6027e47de200e135361e1cfd1fd9899ca1cb1e8afa600ef1f0ee6935d9b72475edc9415206263f0e56e75af3662436e15fb0636d87,CLEAR,DAYLIGHT,DRY,FAILING TO REDUCE SPEED TO AVOID CRASH,2.0,63.0,2.0,2.0
0c365459984bbc67c11463c7e90554105a2e6bc3e482583ea59536e5a3e94ba3a4cff3eb936cb55f33872f47307813622490d07f46782971875fbe2fa527735b,CLEAR,DAYLIGHT,DRY,FOLLOWING TOO CLOSELY,2.0,28.666666666666668,3.0,3.0
0c36555f2a2e5204c1352729d51b4f5161a9bf1b6a781bb4f2c899de2739f70f7e5bb05bf86ecb9f0202b4bca7161e467fb6a3b30337d60ff673b0464f20b0c0,RAIN,"DARKNESS, LIGHTED ROAD",WET,FAILING TO REDUCE SPEED TO AVOID CRASH,2.0,24.833333333333332,6.0,6.0
0c36615a005c10d8736dfb933fa730a57c17aed4f3d425bb8c70a3945809986d1b5adbadfe444c66c8a6c674f903a1c9f187fff277164a65f926e93a96b2e0cb,SNOW,DARKNESS,SNOW OR SLUSH,IMPROPER BACKING,2.0,56.0,2.0,2.0
0c367ab5adc712dfeb8ef4f3ac8851040f7cbf7ffb2a80f03e3e2dd586c3b711c6b784a5dc2cc0387be587e5376e90018a8798d278164abeafd3bf3a6fa67def,CLEAR,DAYLIGHT,DRY,IMPROPER LANE USAGE,2.0,41.5,2.0,2.0
0c367de71051b4b2fcc50678dace8747193095df664e191c77843df678ddbb80c45f2f1ef51d873aebdb9f7f00826f3dcf4da4485951dd6e5a5c15188e01e320,CLEAR,"DARKNESS, LIGHTED ROAD",DRY,FAILING TO REDUCE SPEED TO AVOID CRASH,2.0,31.5,3.0,3.0
0c36a3ff1b91a5d8efbc98832f864b2647bd348c87aebb6f14ec4e23602b77afe6841b56bc1d3db3e7e0b00b839a3414da75f7eb5215bfae8c03b9c540ac6a25,CLEAR,DAYLIGHT,DRY,IMPROPER TURNING/NO SIGNAL,2.0,33.0,2.0,2.0
0c36c17ec77dfe4abd1ba3baf5903a0aae709a68c8ac1231292674f68a84cd7998bca0bd6665d906a3eb1aeeecf8872fb2372a3b479dee299eff8c775fa01729,CLEAR,"DARKNESS, LIGHTED ROAD",DRY,DISTRACTION - FROM INSIDE VEHICLE,2.0,36.5,2.0,2.0
0c36c8f1a93abc37917c3e8055e7152f1cca8c9666ec973828e906cadf294fa64a2983c54a5a0e007294bc6cadb080016bdf4e683ba701fdf3147364d1306b5c,CLEAR,DAYLIGHT,DRY,FAILING TO YIELD RIGHT-OF-WAY,2.0,63.0,3.0,3.0
0c36c978f212b664e33f9bc0f9cefef51e7c823707f02d01c79a06a2d32cb6082d509aff7f14a9d87430c32ff70e411e8e88c1b4138c4e2ce0abcf68fcf1c981,CLEAR,DARKNESS,DRY,FAILING TO YIELD RIGHT-OF-WAY,2.0,28.5,2.0,2.0
0c36f0c01664d4b85dd0b0d91163b54a67bf91fe455a3b862e1745e177661e612473ac008f46db18f135ff47b39d8daa248b2fe4afce946416f7bfac53293af1,CLEAR,"DARKNESS, LIGHTED ROAD",DRY,UNDER THE INFLUENCE OF ALCOHOL/DRUGS (USE WHEN ARREST IS EFFECTED),2.0,32.666666666666664,3.0,3.0
0c36f2d9ae421e7e98926d57dc45516534151be727d64f42b5e856dcdde4dadf946a9fe23c0a9f6ef1ca11f7557bec2a12610184a5cb5e652d0b127603635093,CLEAR,DARKNESS,DRY,FOLLOWING TOO CLOSELY,2.0,52.0,2.0,2.0
0c370d1eb1dc03a215a3a9ee2429ba5717739a53d11c89d77545cc48726b54e9a3a469cdbe109fb6aa3c8121af5a2dfc88bb9781321da47355dc482f6a190269,CLEAR,DAYLIGHT,DRY,FOLLOWING TOO CLOSELY,2.0,40.5,2.0,2.0
0c373203b65b38f0042a94340df03fad2f86b67a076685f027124dcfa02c3f382bf77a5ca7dcab20d72584b265b655c6a9390a6e15da81ca62777ac4891c70d3,CLEAR,DUSK,DRY,FOLLOWING TOO CLOSELY,2.0,45.0,3.0,3.0
0c373bad87229851788011187bf9a8f902ee4c16f83f1899cacff81da7ab4bf485bdb168da26bd616bb3f0b87c0c10f194ab8bb20ef9fde857d440d6bd1cc432,CLEAR,DAYLIGHT,DRY,FOLLOWING TOO CLOSELY,2.0,28.666666666666668,3.0,3.0
0c3755bae1e26c47e01fa3e8a2986c48d7b9c2a13ec0e3077230c1486c2bbba72585da1b5c508238f051d8ff3aa235fdeb0cc79d178c1f30c5ba9060ecaa8b7e,RAIN,UNKNOWN,WET,FAILING TO REDUCE SPEED TO AVOID CRASH,2.0,46.0,2.0,2.0
0c375689eb003f234f9128df4cc63a5ab064eb62a6eea82f7d0cbb217c4348ae9b372ba92d9bb61847724853a1e3202cefd801532ade59802a9b6f1060573831,CLEAR,DAYLIGHT,DRY,IMPROPER TURNING/NO SIGNAL,2.0,50.0,3.0,3.0
0c375825fa44b8a78e1d4119ac5b9fbfe6a329fded1cabbdcf6155150e77913f1278dabda38cad837d794c1604bf2ed855eaed04029c2d83220a433c9dc6e4f1,CLEAR,DAYLIGHT,DRY,DISREGARDING TRAFFIC SIGNALS,2.0,29.0,2.0,2.0
0c3778b8e3d1242a43e936cda31a8342a413a9026065c952f4cb09c5913375f28948798a4f2e02301f90d643adc28bc18a50a2e3846f1b073cb01cc2de37280f,CLEAR,DAYLIGHT,DRY,FAILING TO REDUCE SPEED TO AVOID CRASH,3.0,32.0,3.0,3.0
0c3789b406e5903989e3c12d29f42fd11c20d263df746fe692984b461f075c5a3f95220830167d003efa3bc037b97fbb1240b7c54bb05841cae36491a394e116,CLEAR,"DARKNESS, LIGHTED ROAD",DRY,"OPERATING VEHICLE IN ERRATIC, RECKLESS, CARELESS, NEGLIGENT OR AGGRESSIVE MANNER",2.0,59.0,1.0,1.0
0c3792cc4178bd4b1f52cdefab4743cf37e15b5cc71ac626853c2971996a540575f531f8901ba9527f3906356dbc01a13229fb65cbc6e784a95dbdea7e7de723,CLOUDY/OVERCAST,DAYLIGHT,WET,WEATHER,2.0,35.666666666666664,3.0,3.0
0c37b2aaf2507ff3810d2417f826de4e57c56ad78788327217ca6a6f120b39d08020088c375183fb8573fe5e009205e476eaf610ace95cc18bd1a8e89c01de95,RAIN,"DARKNESS, LIGHTED ROAD",DRY,IMPROPER LANE USAGE,2.0,39.0,2.0,2.0
0c37e31d3f3f0e4114eed65440c846e1087fb8d2ece844ddb77e8f09db9116f97de1aea8ec9691fa4bd0c0565b0bcbce80d5bd5676862950a60b9c1010855690,CLEAR,DUSK,DRY,DRIVING SKILLS/KNOWLEDGE/EXPERIENCE,3.0,37.5,3.0,3.0
0c38031ff175a814f3033d104481ba8d5663b4e0bb8d3baa06ecee47c170930c11547dbf37d5b8f3c1bee9d59b27c7cf6ec556157f052d6264961c0311e57772,CLEAR,DAYLIGHT,DRY,FAILING TO YIELD RIGHT-OF-WAY,2.0,30.0,7.0,7.0
0c381a37de2176df1d50ce4aa2662ee087a38a2ad88f7de6a6843d53e358804fc87c6b0b62823b8fe4043b7d329fef94198bbdf94dbe1d8219439bf84f858fde,CLEAR,"DARKNESS, LIGHTED ROAD",DRY,FAILING TO REDUCE SPEED TO AVOID CRASH,1.0,28.5,2.0,2.0
0c381e203843733aa406a36447d83c299f8791723df4b9853956a8f96f217075da21584944aec5fa5dc584efdd9d5ea549020bacdefa1c8eddb2765aa1db8a12,RAIN,DAYLIGHT,WET,ROAD ENGINEERING/SURFACE/MARKING DEFECTS,1.0,29.0,2.0,2.0
0c38204c1424c58c23f3365e24b44e9f7c84ab042e43eea1669687c67d924907da1515c349b67df5e4680a6b39752a8cd554ea108cd899780e51a330a42a546f,RAIN,DAYLIGHT,WET,DRIVING SKILLS/KNOWLEDGE/EXPERIENCE,2.0,36.333333333333336,3.0,3.0
0c3828bee68047a9fb2d46ba33cc54724e14b0fa5e12ff7a671d1429e996c49a178ed4f4d6df2437d869fd1681e2e1747cc0535983bc7fa2717ba66370d83a54,CLEAR,DAYLIGHT,UNKNOWN,DRIVING SKILLS/KNOWLEDGE/EXPERIENCE,2.0,12.0,1.0,1.0
0c3829feaa0b5f47c41613031d43454026795ad83ffc428d4d8e305333ca701e3b74d429fb3caea32c73d3d932ae4c88ee51c75989f6cf8db3ceb9c4561588ea,CLEAR,DAYLIGHT,DRY,IMPROPER TURNING/NO SIGNAL,2.0,34.666666666666664,3.0,3.0
0c383f80c0cb12efdcbe758dd2abfd6262a7b688b3d818dfaa10e72e0a6b4c7fa27d54ed4d20b271d390d38eaa79bb2487584e981fb17f74303fcf1cf759d9c0,CLEAR,DAYLIGHT,DRY,FAILING TO YIELD RIGHT-OF-WAY,2.0,60.0,2.0,2.0
0c384ad43d97f5bbb9f2ecc997feec7300c7dc04a06fdb33e201c8c7b283569708465a59f78a36fc83914a5db2cc22e4e8817c27afc448224a95b60d2652cdbd,CLEAR,DAYLIGHT,DRY,FAILING TO REDUCE SPEED TO AVOID CRASH,2.0,30.0,1.0,1.0
0c384dc8b3a13af192f915ebc6f392f937590c0fd6c0675112418289a2d712e24ea27f5c1c8b36715c07d221b2822eb08081b4ac5e3416e50fef5644f201f1de,RAIN,DAYLIGHT,WET,FAILING TO YIELD RIGHT-OF-WAY,2.0,27.333333333333332,3.0,3.0
0c38561897522c469a31970622120f5d05a92f40ddc7d4dba395d6c969b931021e320de0eb920d1e01c4bb6ee121d0bbac062485aa5d3ec2204b894db7142998,CLEAR,DAYLIGHT,DRY,DISTRACTION - FROM OUTSIDE VEHICLE,2.0,33.0,3.0,3.0
0c38669a25cb297ef4963bda7c9abdedb11cade999aec764d16ee36f3b8251a64f320a5f5ab8a0b85af46072f691a8c0053cf934402ae406d5dba382ec621763,CLEAR,DUSK,WET,FOLLOWING TOO CLOSELY,2.0,34.6,5.0,5.0
0c3873a06a2664e4a1a63974ecd491682862f00cb7c100642ee07df5992693dbe7b33a74317c50e16ad5322d43787c76ef55a66b6c93d2bf8e0e235ed56d438f,CLEAR,DAYLIGHT,DRY,FAILING TO REDUCE SPEED TO AVOID CRASH,2.0,35.0,3.0,3.0
0c38a4fb49b01eb210d153409eb4490eebdb17a60e723247e274f794cda973b8befdf487b0872f7b790bda9fb4abb9c4a377093d1ad37f58624b7158370d4ef7,RAIN,"DARKNESS, LIGHTED ROAD",WET,DRIVING ON WRONG SIDE/WRONG WAY,2.0,29.0,2.0,2.0
0c38c1095907dfa2dc913407a11bc908d333855b35fd38b1727caf4e134dd6e59485af98bab315b1f81431758508d7146510407210c80c9199bd17f6745a6cf8,CLEAR,DAYLIGHT,DRY,FAILING TO YIELD RIGHT-OF-WAY,2.0,37.5,2.0,2.0
0c38f63158063d402fff4310a0ad7bdc3d0323c376108582683ecb6f1c56b6a3801c45edcd6162b7e0f9935672ebe3bde9125ab78083a1e9e41ea9329ad48103,CLEAR,DARKNESS,WET,FAILING TO YIELD RIGHT-OF-WAY,2.0,50.0,2.0,2.0
0c38f7fa062aac42e128ed60ee56aed9be3d8b74103899cd38bf6137e342d6ca81d2a38779dda893e3bc7ebb3883e340cb3630b98dab364b9f3ad60b6a385d3f,CLOUDY/OVERCAST,DAYLIGHT,DRY,IMPROPER TURNING/NO SIGNAL,2.0,24.0,2.0,2.0
0c38fc53e456d1e73e540cc14cd4c097ffa78f724bb555a7cd959f603e0b95e206014dacca4e6b8fb898c905f41178129cb08fc0cb756df26dd5445b45216fad,CLOUDY/OVERCAST,DAYLIGHT,WET,FAILING TO REDUCE SPEED TO AVOID CRASH,2.0,51.0,2.0,2.0
0c3922d60d2277f86edaeb08ed8a638dce7b64f022f4738bc026ef546ff18a54aa630f9b2c3020714d3ac15c25c2112967730d6b161fdc66102269d662632f11,CLEAR,DAYLIGHT,DRY,IMPROPER OVERTAKING/PASSING,2.0,29.0,2.0,2.0
0c392b3431636f5e95514f5d2ad3d681902ad54ac6d97e26160121c7f490c16a3d1e522bf9a09c480e6ec29489531808d23fcdf800d34c4f7ea6597d5eda83f3,CLEAR,"DARKNESS, LIGHTED ROAD",DRY,IMPROPER TURNING/NO SIGNAL,2.0,32.0,2.0,2.0
0c39343e2ebf20c0c4894eb04e6b272eaff8e7bee9f1c0802b0f0e7af120961beba20f3de3ce4c2a1776f312f48979ea8f8cbf97da5675f5b6029fb66ffcb2ca,FREEZING RAIN/DRIZZLE,DAYLIGHT,WET,IMPROPER OVERTAKING/PASSING,2.0,52.333333333333336,3.0,3.0
0c398587cd19805a324ccabd62859fd18c5d15114e3ac7c705d3eb6b1100f0c2e33729cb966bff483a483c5addf82a58159bcbbf4842393711e942fb6f2a34ab,CLEAR,DAYLIGHT,DRY,EXCEEDING AUTHORIZED SPEED LIMIT,1.0,49.0,2.0,2.0
0c398c7216d4a81dc8498ef6fa4342f28054420ee5ce15be8c28093c31924da5ca1eaafd3ec35d3fa49d1dcad9aa4328c3c23bd74300c4320b7d3f9a643ee34c,CLEAR,DAYLIGHT,DRY,DRIVING SKILLS/KNOWLEDGE/EXPERIENCE,2.0,28.5,2.0,2.0
0c39937686299fd3a0181a54bcca403ba1d7ef84cfff857b67b6c5f18d2bce2864689025f41e7d198cfdaa129c1982f040943371bbeac06dd4ae05808222c3d8,CLEAR,DAYLIGHT,DRY,IMPROPER LANE USAGE,2.0,12.333333333333334,4.0,4.0
0c39aae711bc5e1ba965de6b8bc16aa00554251075e13cec19d9bb30a55d50e3a6b318e2530b4b106686e983b8d4ba1e513ac6aa1f3b183d443f9aaa467c0ed4,CLEAR,DAYLIGHT,DRY,DISREGARDING STOP SIGN,2.0,20.25,4.0,4.0
0c39b4af943e9d841a4dbc06c9651599adbfdedf80cf195a6fd93c890534868dfd0d25ce3a517405e26e45e876772b6288259a735003f37508fa91d99cd9f09b,CLEAR,DAYLIGHT,DRY,FAILING TO REDUCE SPEED TO AVOID CRASH,2.0,24.0,2.0,2.0
0c39bdecbb306bce32cafd9a844c4d65bcf14c6f69276db4fc831f1a8ab5d42bef5c2f87054156c61361dd3c8c5c7792d93b22adfd5a88fd2c393d8297cae3d7,CLEAR,DAYLIGHT,DRY,UNDER THE INFLUENCE OF ALCOHOL/DRUGS (USE WHEN ARREST IS EFFECTED),2.0,35.333333333333336,4.0,4.0
0c39be792f5efbee3fbbff9c63dcbec28192112e7b073b7f6f97818b1ca6e0ae8ed6a9e10720d140f17efd1d38f7fe258d1d1878108a3564221fa677e67b7f88,CLEAR,"DARKNESS, LIGHTED ROAD",WET,FAILING TO REDUCE SPEED TO AVOID CRASH,2.0,29.0,2.0,2.0
0c39cc7acd0f7cd8911d56247a5b8d3a56f82dc58831ddc699d5a34f7a81f5b358ee8580e0a80c2fa94922ca31a76ec1106cf7355178678bc7f315e493681f6d,RAIN,"DARKNESS, LIGHTED ROAD",WET,FAILING TO REDUCE SPEED TO AVOID CRASH,1.0,63.0,1.0,1.0
0c39d103197955c961ed073558bc59d8779d7cf19dc3b5a064bc8c4f0e98dd75e722758376d59ba48c30d3fffc389cbc6c4690e811d4b671729b97dcfc2dbc50,RAIN,"DARKNESS, LIGHTED ROAD",WET,EQUIPMENT - VEHICLE CONDITION,1.0,60.0,1.0,1.0
0c39d1bf510333101f59e0dc2abeee73e3a7b6619687da7fd4dd892f7d23a7c9d9bd911d36c0ef14498267b610468d67c5c32ee34580cb50188c56496daf9690,CLEAR,DAYLIGHT,DRY,IMPROPER OVERTAKING/PASSING,2.0,36.0,2.0,2.0
0c39e2b2a59e4619dcb37d04300e3748a478079df5b58d380fba8397854e194e30dcbdc50868421377b56c309c4fb4e68f8388a137df4fd99921def4f27e611f,CLEAR,DAYLIGHT,DRY,FAILING TO YIELD RIGHT-OF-WAY,1.0,15.0,3.0,3.0
0c39fc05a78320317ce0b5c7254eb8099d81c398f6f809cf82faec8752dcecd3339f7a8e1490131cf5aeec5f307a21fc2e7ee1b9b2231b1808a16e296bdd68b5,CLEAR,"DARKNESS, LIGHTED ROAD",DRY,IMPROPER TURNING/NO SIGNAL,2.0,22.0,1.0,1.0
0c3a19c3d67737294da3ef8afa128da71d694fc0f8a909aa05044cccb7170186aa4a6f616e3dcc445e9351f31bd14d745144c1a2d94eb0724b246f12690d04ca,CLEAR,DAYLIGHT,DRY,FOLLOWING TOO CLOSELY,2.0,24.0,2.0,2.0
0c3a1fc6ed2ad13e0e719a5c0dc8418f306e945f30c8a832a75f0722090052f9f70c1b33cc86d862e7fa9f681ed05bbffdf6d76703e0b4f6161eb8d176d75ed9,RAIN,DARKNESS,WET,IMPROPER OVERTAKING/PASSING,2.0,44.0,2.0,2.0
0c3a2e6add60f9865b3440e5c80269e9280289dea037f249c58e29340aa8ac2f5a21a9496ff71ef04377e97e9ca0c04a07e72b825fc92bcf87562bad6d79ac16,RAIN,DAYLIGHT,WET,IMPROPER OVERTAKING/PASSING,2.0,35.0,2.0,2.0
0c3a2f86de6763de2dbca8c9ef557f0f2eadca370dc3d161b197d51d6a9601d424260a41994f0658905c21ea6ca51239ebcff1a7dffa0ef412ee05c706ee7340,CLEAR,DAYLIGHT,DRY,FOLLOWING TOO CLOSELY,2.0,46.5,3.0,3.0
0c3a3fc69868dc4c63705544fcab0b5b57a85e17c4bab6941da2f0aca4c8d9603f62437ca6b19a822771dea82b1540d560b1df1e080cd23b48f1a1e2480f48e2,CLEAR,DAYLIGHT,DRY,DISREGARDING ROAD MARKINGS,2.0,40.0,2.0,2.0
0c3a8f5d1e6856764ce6d745b15d812a4aece43e0b62fd1b69b1dc8a85b70f9065d9c7ece83af02ed0ec737c28c716c566be404d60db99c2a8bfc119ec74296c,CLEAR,DAYLIGHT,DRY,IMPROPER BACKING,2.0,36.0,2.0,2.0
0c3a92695de64b756fea2f6808150bfe5d15ca03d78ae8ba35edfb5b5516f991e27939d1c3845dcfe01a159cc85af1bbe46f52c9e81895b6d0c8a0e781e1e3ff,CLEAR,DAYLIGHT,DRY,FAILING TO YIELD RIGHT-OF-WAY,2.0,36.5,2.0,2.0
0c3aa9f8534668958a55e9f7df0561180038da0e3d9f3f8f2c286e4910e7cc798a913c6aca56c399e9b794b9c6fea005fd790d0251174e5d4cf85a8af01d2ed3,CLEAR,DAYLIGHT,DRY,FAILING TO YIELD RIGHT-OF-WAY,2.0,57.0,2.0,2.0
0c3ae0971eace9bf584edd7e0a2e35a62dc9885de2eafe703e19e84c663332aae2b57fa8dae55f82e4318d31d258508067eb224d0214aee9dfaf5b940f839cc9,CLEAR,DAYLIGHT,DRY,IMPROPER LANE USAGE,2.0,58.0,3.0,3.0
0c3af4c3fb1c926b49480f90e27cb19b293be010eb0c2e8e72e5a35ce7b76a70e69f1558f3deaf93231537ec525faacdbd5e024927ce0fa1c686524b18239466,CLEAR,DUSK,DRY,FAILING TO REDUCE SPEED TO AVOID CRASH,2.0,31.0,4.0,4.0
0c3af905dbf26cb85a87cd5405dcd8542b78c76f158de4e120188004f9e0aa86cb7c50efa42de9342f23fcc82d0ebac153816b92e9f2bdc6756528ac32e2252e,CLEAR,DAYLIGHT,DRY,FOLLOWING TOO CLOSELY,2.0,44.5,2.0,2.0