crash_record_id,weather_condition,lighting_condition,roadway_surface_cond,prim_contributory_cause,total_vehicles,avg_driver_age,total_people,total_injured
0c3b0a0f4efc000106663d0b64d481b9c6850d6c516052ec9c9b01f98693deac108cc4061857757fcd7e5cde126d2f047dde9292b0bf27c972e1ac06e868cff4,CLEAR,DAYLIGHT,UNKNOWN,FOLLOWING TOO CLOSELY,2.0,55.5,3.0,3.0
0c3b19cd842145ea6c0ddf87d4e3c9f2198d16bc9bd525d6a14307b2ed1879ad41cf4d4161feae11a6d5afa9566bdb7a93405fbb8c9551c25ba9628e44d19983,CLEAR,DARKNESS,DRY,DISREGARDING STOP SIGN,2.0,0.0,2.0,2.0
0c3b2b804e8d18ec21897ade96c603f4fe014ba11501f2b8f5a8f188b9f05fd9ceb683fdacbe1f790ea657bf4c518ca513f79ef61d46f5b261335ae410a3157d,CLEAR,DARKNESS,DRY,IMPROPER OVERTAKING/PASSING,2.0,22.5,3.0,3.0
0c3b38c65b3905b2c6b15e680eddcc4d7ab23a5b8f266a34fd1885fec08f2977e4ff03ef4bd57307a8c48bc771b7c35c1a9883c0af224825ddf6f54d3350a9ba,CLEAR,"DARKNESS, LIGHTED ROAD",DRY,IMPROPER TURNING/NO SIGNAL,2.0,27.0,2.0,2.0
0c3b46eb64a7d2feab9d61206c37134b8ebb7d8643ac0918a1fb64b43881313d6fadd947888850f23096d0fcf73a405d2d2fb9660383820b0acfcf7cf5ac35b4,CLEAR,DAYLIGHT,DRY,FAILING TO YIELD RIGHT-OF-WAY,2.0,45.5,2.0,2.0
0c3b48e599228ec1fef2968fbfe9095a3ebadb9cad796f9898c45b4bd6490fe058ca44d906957669c7e416bccda96582bbd35841dccdeda0c90992c0b8b23abb,CLEAR,DAYLIGHT,DRY,DISREGARDING TRAFFIC SIGNALS,2.0,56.0,2.0,2.0
0c3baa06a091d461a85eeb2ef69c0ef3585ef23b22d912c9f75075b0d6ca407415e4a39d78d391ef4af8fab25de7d96cb5746131c327d39ce0d8cbcf298500e2,CLEAR,DAYLIGHT,DRY,IMPROPER OVERTAKING/PASSING,2.0,37.5,1.0,1.0
0c3c1b0ed956c23e655819b9466201fb6d0ff2c398bff4fa151c11637a560665ac1bd0d5890ef66a90fb594957663570f627aa2ce1428749c97a5d4a97ff03d4,CLEAR,DAYLIGHT,DRY,FAILING TO REDUCE SPEED TO AVOID CRASH,2.0,16.0,5.0,5.0
0c3c26a1f8235bbfd1db26373da2629948ff5afb696f2c0474b47ae971ca7034694f1bad011454182004e751591eea9ebb7f03ceca1bce407f3095cdbaec334f,SNOW,DARKNESS,UNKNOWN,FAILING TO REDUCE SPEED TO AVOID CRASH,2.0,36.5,2.0,2.0
0c3c34a91c96166e5c2c738434089e40c58b145a1e5b31a8e03f4247727b1e13799fdf2113abae3b0862534ea71f9102749ffac87d367cb4bf8952f1e0931500,CLEAR,DAYLIGHT,UNKNOWN,IMPROPER BACKING,2.0,58.0,2.0,2.0
0c3c4cddfbd3ab2938e0098fa8b1da7c91c6a93ea5c0f982c5cb61689f4ebde672e1f70912c47332f9bbe15d87cf67e2179e7e68bae75f6346a6b76a6d42e3b0,RAIN,"DARKNESS, LIGHTED ROAD",WET,"EVASIVE ACTION DUE TO ANIMAL, OBJECT, NONMOTORIST",1.0,22.0,2.0,2.0
0c3c50f1b5eca977044fa39740f4549f50b6f5f668bc87c56d3030074ad0a244b760f22763861bba9b3f3c6ed1476aabdfef810756a8d958898b2d35854011f1,CLEAR,"DARKNESS, LIGHTED ROAD",DRY,IMPROPER LANE USAGE,2.0,23.5,2.0,2.0
0c3c5a65fa474a7c086a2706da3692e0d2b24cbb5707ddf802650a28552760dfe67f2d1a57b32527b7404605e6f16641833e5767de2f6ba067aaa8d5319535d5,CLEAR,DAYLIGHT,SNOW OR SLUSH,FOLLOWING TOO CLOSELY,2.0,25.0,3.0,3.0
0c3c64d60babc9aa645ad66e7a71197fec84e4810eac5e69f4de9c0d3cb04ebc1846944585f426ca840072eb788e5a250c829568abe2cbb6ac3755ab3e3841ce,RAIN,DAYLIGHT,WET,IMPROPER LANE USAGE,2.0,19.0,2.0,2.0
0c3c707274b3d0d4e8a5c3d7907da9f690accc2141ece8ed57d264a0e346461b8f1e4b11d45ae5c1a1ba5bb0e976975c03e099cb849e5ee2f5debf316a062d6b,UNKNOWN,UNKNOWN,UNKNOWN,FAILING TO YIELD RIGHT-OF-WAY,2.0,61.0,2.0,2.0
0c3c84e0e90e5b0e750fa920db02f4671393b1981a93a794aa7e402561619352c6b94e9a9a22e32720a89fea378694c2c3a985fcf6b5beb47ae8d01ca4dda79b,CLEAR,DAYLIGHT,SNOW OR SLUSH,WEATHER,2.0,32.5,5.0,5.0
0c3c9922bcd8311a86e655a0cbbdf265a9dfe8f8d99e48e4773aeb8b321ba7d1471c36a689022fb24643b15a9b4dd583efd52a6a75d8a88904c47fb8e457c610,CLOUDY/OVERCAST,"DARKNESS, LIGHTED ROAD",WET,PHYSICAL CONDITION OF DRIVER,2.0,52.0,1.0,1.0
0c3c9f64b7da503db8b3f0c482ab9c7f75ba830322b845fd25b8a09661a907710ec783dccaa155d2de3b412cf494b98c06e831806a828abf5ab5eb4afeafb670,CLEAR,DAYLIGHT,DRY,FOLLOWING TOO CLOSELY,2.0,22.5,3.0,3.0
0c3cacfad69f3853d2e95868b79e2a2a1941df9cb6fa4ac5abb039a3638d62348bfd74e8dcfabd7b6ee4eb23294f3df9dd4e8c7a4038a06c6677364eb18d081c,CLEAR,DAYLIGHT,DRY,FAILING TO YIELD RIGHT-OF-WAY,2.0,25.0,2.0,2.0
0c3cf7872e0900f054a1cd269fde4c8b7aec9fbddad3897b2e1c8b62f15f2f1b588957ffcd6d29cae8dfc3e54c071b6002d985346eb9976fd878f20387233c4e,UNKNOWN,DAYLIGHT,UNKNOWN,FOLLOWING TOO CLOSELY,2.0,40.0,2.0,2.0
0c3d0635649f819964c375cf18d39ba37bb2f3aa81f6a7abad6d308c5f2f02964a75c6fe2e570002e9ae025360f41e39817e26a90894fda13432970922f816f2,RAIN,DAYLIGHT,WET,"OPERATING VEHICLE IN ERRATIC, RECKLESS, CARELESS, NEGLIGENT OR AGGRESSIVE MANNER",2.0,23.0,2.0,2.0
0c3d0c70abce9852be17f7b3b89590d9599a0c91ee5a895324a0a7f01172537c547200ed7ee1a5767cb319b7ec90a8d9c4bed09ccc17e1a3b7cbad12cfb11297,CLEAR,DAYLIGHT,WET,FAILING TO YIELD RIGHT-OF-WAY,2.0,49.5,2.0,2.0
0c3d1e9364ba03c8d6c2a024262e77a4f78771d8b1c9c4dd8f17612ed5129e23ec73e8793fca2266fb78407afb0c93475bd3686a2cd779e915ac803957881636,CLEAR,"DARKNESS, LIGHTED ROAD",DRY,DISTRACTION - FROM OUTSIDE VEHICLE,3.0,27.0,1.0,1.0
0c3d3543e419d95534f54c0b39ef806c84b94e37cdda3f39cc2fe7d788a5ce987bf5539354cda4c77ac29a11e853fb8a45a90b5544c429f5416764429168379a,CLEAR,DAYLIGHT,DRY,IMPROPER BACKING,2.0,27.0,1.0,1.0
0c3d6f8d863213410502b9269fe0660121d6c70ce6f89ef6fcae5d82ecd81e62e892e9391ad085fff4ff832eaa929ad35fe31b1b03dad178c896ff4f23aee725,CLEAR,DAYLIGHT,DRY,IMPROPER LANE USAGE,2.0,34.0,2.0,2.0
0c3d7247658de067b2eb2958be91be6c20f29acd7366da194b1df525ec719b8b1d6b99b2fb4c9041ff330d59e4b0a1c06f71ff0bccca0ce1e837defc51697465,CLEAR,DAYLIGHT,DRY,IMPROPER TURNING/NO SIGNAL,2.0,34.0,2.0,2.0
0c3da0a3efe510da9369ce8a02d3b0b9f194fdd04e48149d3ab6c57698042a6fb107fad7ba1ca219f2ca3fe318cf65e521bda873516d26efeb7a0f509d40d93c,CLEAR,"DARKNESS, LIGHTED ROAD",DRY,FOLLOWING TOO CLOSELY,2.0,33.0,2.0,2.0
0c3da20335cd8a9b2833e9a7c80e87c24f066a60128a17712e06db7e882152eee267ee8b48649a3266338ad59bd27ce660b2c28bff540fd9c250032c27a35e72,CLEAR,DUSK,DRY,DRIVING SKILLS/KNOWLEDGE/EXPERIENCE,2.0,26.0,2.0,2.0
0c3de6c23a0000fd503538fb575628079bccc6fba8824e7f5b1a25b1c8569b0b4c83c11cb12cb67267c0d1da6fc82c3ca65cd86063705a718454a9265f6e24a5,CLEAR,DAYLIGHT,DRY,FAILING TO REDUCE SPEED TO AVOID CRASH,2.0,57.0,3.0,3.0
0c3df4f6cd4afed852a59b1aba39379dfc483b94698291d0ea4ad0de7c1fbac755386dfec52c0895658af1c828fc4ebc21aedb9474e1cd152f915de701d034e2,CLEAR,DAYLIGHT,DRY,FOLLOWING TOO CLOSELY,2.0,36.5,2.0,2.0
0c3e05bd2177208c04db0b6382be89a5fb7cac14e44583b957b0d210111dec0b4129f6ea65ff62cb8da01a421e1582bd212d1f531434ea6b88a6f408d95a812d,CLEAR,DAYLIGHT,WET,FAILING TO YIELD RIGHT-OF-WAY,2.0,46.0,3.0,3.0
0c3e0757d9901d03e18e104ce565ced3fdf8e06836d14f4bdf7c20b22edfba898f367305f6dd2c5c6c23b519eea4edf4635cff0e0b82899e90bfefbd73167e4b,CLEAR,DAYLIGHT,DRY,IMPROPER OVERTAKING/PASSING,2.0,32.0,2.0,2.0
0c3e0abe5cd5f2d348516207b1e3936a3036c8c202fd479984b0333d3c6ea8c190b12eec082806b686ac343a578336276d84023557fec9783fee9240f1b5900e,CLEAR,DAYLIGHT,DRY,FOLLOWING TOO CLOSELY,2.0,37.5,1.0,1.0
0c3e0b214df9bd08cd20df8d979137514c193c75877b1d698fb69cf5782fcc5aa752fb45b69477f1d6de46edf47cd3ac1766b20c66e998fed38d98b185183bec,CLEAR,DAYLIGHT,DRY,DRIVING SKILLS/KNOWLEDGE/EXPERIENCE,1.0,57.0,2.0,2.0
0c3e0bd8afe55d674acc78966412c951de589b656756ad7001a25e1f6f35cacb8d936103b585e7776095503a0166a2f761d17bb82ad92523a34aa270a14ae5b3,CLEAR,DAYLIGHT,DRY,IMPROPER BACKING,2.0,54.0,2.0,2.0
0c3e10674144ef5a98a45062916d5221723c042952abde06b5436feae32dc196702ef1140429a31c7efd9c628d851ca2d7ba075e2fe069b0d45368966db64355,CLEAR,UNKNOWN,DRY,FAILING TO YIELD RIGHT-OF-WAY,2.0,37.5,1.0,1.0
0c3e117cae56724da164277fec9e15628bed322ec56b12ebb263941ae3e47be778dbc8dba6ff48823fc6d4f5551d034f31b533d21425fd8eb88aeafb89d1cccb,CLEAR,DAYLIGHT,DRY,IMPROPER LANE USAGE,2.0,41.0,2.0,2.0
0c3e20c9835a5e190df010e59a02d5cecd27e79c94be2f260f21efd7e41bc03485e574722a3383501bc7e77d590a122d062eea9803b1901ca347a039f4d7f4f3,CLEAR,"DARKNESS, LIGHTED ROAD",DRY,FAILING TO REDUCE SPEED TO AVOID CRASH,2.0,34.0,1.0,1.0
0c3e2431d4bc578c6b38a6a709935c113727ba234806672513864011bd35aadd6650e10f5a84cea2fd9ea64112f492aee38388a0e4220c829a2f428031cca27e,CLEAR,DUSK,DRY,EXCEEDING SAFE SPEED FOR CONDITIONS,2.0,29.0,2.0,2.0
0c3e3b57cc7dfefbd349271f07b5fb3bff7a03a363201605528c1e18d09c540fb4acb88869b27963497f9b659fd81e442a9795d33df77f7108f441c43cf59479,CLEAR,DAYLIGHT,DRY,DRIVING ON WRONG SIDE/WRONG WAY,1.0,37.5,1.0,1.0
0c3ec565fd94621168dccbfd0a95097d0d96ab27241bfee94e818ce7a02c812e70f3ec53d4565670b568ab56ea4a9d6a8d88e18820ec5185f00f004f42147d37,CLEAR,DAYLIGHT,DRY,FOLLOWING TOO CLOSELY,2.0,37.5,2.0,2.0
0c3ed28e2419483006a018357df933bffd77eb3d292aea894585fbac9d9b55f00441a35b7c9a61dd9d673cf1c4eb8f8fae586ce170b62bc01a1be8342e421751,UNKNOWN,"DARKNESS, LIGHTED ROAD",UNKNOWN,FOLLOWING TOO CLOSELY,2.0,33.0,2.0,2.0
0c3edc320124280256ca22177d717f59f1ad9fa58479cc954ae01ffbce522e7e0283142f700967934e99c821ae25e12034bce9a960d7b4809569b69cdced3522,CLEAR,"DARKNESS, LIGHTED ROAD",DRY,DISREGARDING TRAFFIC SIGNALS,2.0,33.285714285714285,7.0,7.0
0c3ee90483f3e7ec63aef9e7dbfde70fd855f23af637b6d46a84484f6918113075da337a2cc0830202d1ab7527c12145baaedc4f1dda5354721e460e246eb6b9,RAIN,DARKNESS,WET,IMPROPER OVERTAKING/PASSING,2.0,26.5,4.0,4.0
0c3ef860d4e1d34c141552e3988f9994b50cd36b42a9bb03cf55b1bfa65e5e329d3e936c1f610e65446cb2a714139186cba5a7d0b997d1c773a5665e329f873b,CLEAR,"DARKNESS, LIGHTED ROAD",DRY,DRIVING SKILLS/KNOWLEDGE/EXPERIENCE,1.0,25.5,2.0,2.0
0c3eff917c1e2806e76bb318f768fa31c34e938d15a63276b5061df621d0cbd4fc3bab2593aaddfbcbc07f73a59c63aa8f32ea598f696afbd9cf85dfab7cf215,UNKNOWN,DUSK,UNKNOWN,DRIVING SKILLS/KNOWLEDGE/EXPERIENCE,2.0,61.0,3.0,3.0
0c3f137689beec0ae3570fd9c930031d507a341c715bbafaaa4a024b7aeb1204b8d92b98bf0a2fd28cd5e6ecf78de5adf5c85f249b7c87cb20341a347f7b55bc,CLEAR,DAYLIGHT,DRY,FOLLOWING TOO CLOSELY,2.0,57.5,2.0,2.0
0c3f18a9bebc4a5a7e1ea2a8df200b33f8ec65193d02f6432e6cd35e8bb914f064f463a9f0bfbbc5bccdfab36a3a48d115fb78e0fa42e8f0a3cb562ef9424ad6,CLEAR,DAYLIGHT,DRY,FOLLOWING TOO CLOSELY,2.0,31.0,2.0,2.0
0c3f1cc46de3a44b30041ff4148ad3b8eade17c41a33cd18cf03922be17878d1f3b37841883fee1b4b5684a9c668887e49439bfd5391874dc6253becfcb6fcb9,CLEAR,"DARKNESS, LIGHTED ROAD",DRY,FAILING TO YIELD RIGHT-OF-WAY,2.0,34.0,2.0,2.0
0c3f3d3b5845715438a2d639d9fc631602b973d09cf1dc955549fde9a8af5eaf08b70cdffd72f82b1f1ca10e9761457f8890a068699881191e1cfee73d332c74,CLEAR,DAYLIGHT,DRY,IMPROPER TURNING/NO SIGNAL,2.0,51.0,2.0,2.0
0c3f712597b05fa9a13c07f1dfd0960fde525d14c99b8044987e7692f4c3e9aea1cbea8499e2dbcc1333fb3acb107cd7822ad00c43e63e4ccf014bc4e93f3f18,CLEAR,DAYLIGHT,DRY,DRIVING SKILLS/KNOWLEDGE/EXPERIENCE,2.0,37.5,1.0,1.0
0c3f82d4e853a533e294f65ea82a4e7a021e80c711cd6727bce185d0bbeb038ba905aab6c8ba02b552acfaf704a79a411d48393f4733ef334263f7e84f93900d,CLEAR,DAYLIGHT,DRY,FOLLOWING TOO CLOSELY,2.0,37.5,2.0,2.0
0c3f9b921e677d09c06beba011c01d44e706ccf5b560195b9edcf1d09e515a720002385b1a956e76be66bff038a823375fb2c84241493b959cb16126ffb36c82,CLEAR,DAYLIGHT,DRY,IMPROPER OVERTAKING/PASSING,2.0,49.5,2.0,2.0
0c3fca8c8814667f4e69a9c1982e2678be6aa9b70e6ac1e6defc85afe9f66a21dfb54d006a71cb86fa60d5067db7cc1306f1cfe5615c3fb74a16b450b367bb67,CLEAR,"DARKNESS, LIGHTED ROAD",DRY,DISREGARDING TRAFFIC SIGNALS,2.0,19.333333333333332,4.0,4.0
0c3fcb8c6f1f75c52aaf58455ddf18b0fb6962aa80af03cbcd713f1d0385aaa9ad9ac1057a22b3f76b3cbc9312d241b5efd74d7b0c343b21dcf3395fb8d1061f,RAIN,DAYLIGHT,WET,FOLLOWING TOO CLOSELY,2.0,46.0,2.0,2.0
0c40237228a4c94000e5579be949c5252f2284f27e3df035c1e4d72834e7c25b331dc0aafde5179754db19a6c17057c471b5f7c7ee739141814b9e0c066bcc01,CLEAR,"DARKNESS, LIGHTED ROAD",DRY,IMPROPER LANE USAGE,2.0,35.0,2.0,2.0
0c4036956c3e6632dbe1c54dd526b739a13e6bf42ac3d684527470dee82d45d0b3736ee8d62984b7a12b6067c6848290aa9a5ea4456b25a0c1ebe8c1be62ccb0,CLEAR,DAYLIGHT,DRY,FAILING TO YIELD RIGHT-OF-WAY,2.0,68.0,2.0,2.0
0c4047a8669665228a145fd2dc9cd4dbb4b31c9a7ea25a2ca97591bd41ab24c991b2c1c5c753119d941574139abfeadf030fa6c5f5b55f02eb35755e91c4f440,CLEAR,DAYLIGHT,DRY,FAILING TO REDUCE SPEED TO AVOID CRASH,3.0,76.0,1.0,1.0
0c40617c533ee5be8967c676ca28720c4b1793ca553bca2d38d1f1a8ec40bf6c9312a82222eaea5006e14f9de7e433a6542a900ebcbb934a8f06fac15ee01e54,CLEAR,DAYLIGHT,DRY,IMPROPER LANE USAGE,2.0,48.0,2.0,2.0
0c4065f3b6a1c1802edb4f611b7b496e031ace0276b2b1ebf8fe6553c5502e7d2130a5164cf38066776280dafbe950a3cd8760e2c934130c2446dae195d95c26,CLEAR,"DARKNESS, LIGHTED ROAD",DRY,"OPERATING VEHICLE IN ERRATIC, RECKLESS, CARELESS, NEGLIGENT OR AGGRESSIVE MANNER",2.0,24.2,6.0,6.0
0c4088f95a76b87a9111b55fbfc29be3bcfc0eff990daf652702a8566598bbdb07e3a1a04787dc43e45fa1bf13a988edf475fcb70d22c218a9dc22747396f08e,UNKNOWN,DAYLIGHT,UNKNOWN,IMPROPER BACKING,2.0,27.0,3.0,3.0
0c4089c0744fd8e7355665d567e17e68d2654be9597d25e6d8ab603f1baa45726acdcaae39b77e50f75dcd403be7d538e2071db33ca9e19402d19c1edb8c5d8e,CLEAR,DAYLIGHT,DRY,IMPROPER TURNING/NO SIGNAL,2.0,49.0,2.0,2.0
0c408ef759c0a95c7d0b26538f9f0151674898120e48de0686ae873daa7d23d602ae503dd40ec3312d5898a1a5d1b5ae9e8f8f965088b6fade17eef615029be3,CLEAR,DAYLIGHT,DRY,FAILING TO YIELD RIGHT-OF-WAY,2.0,35.0,2.0,2.0
0c4091a28c8e75348faa65d84de266b839d7d2f35bd004c7a3018bb113e136ac5653d7dc4876e95c9004c0ce5a3568b730a5dc76524407ce027b558ba030b9d1,CLEAR,"DARKNESS, LIGHTED ROAD",DRY,IMPROPER TURNING/NO SIGNAL,2.0,37.0,2.0,2.0
0c40b2d3e65f95fef49bd37763969e4465abceda974c3026c4b0a11cbd6593bc4118f2be19b3a3bda78b1124f4fe9857043e6fed339bd373e018d7138488a3b3,CLOUDY/OVERCAST,DAYLIGHT,SNOW OR SLUSH,FAILING TO YIELD RIGHT-OF-WAY,2.0,44.0,2.0,2.0
0c40cee1fdda0783613b01b27b0d4359b511c121e7b526e21e1c3ddd048d72a20f28a9e4f472905188a89acb09947bef6a2b191bcfb8de9854597e391f6a3cf9,CLEAR,DARKNESS,DRY,FAILING TO YIELD RIGHT-OF-WAY,2.0,58.0,2.0,2.0
0c40e81f9189e0ba46cdd07396cc63c1f8987b6412566008c9959cf0c9ddaf082644a009c778cfed50ce5740c1f5f227aa0734f44b5c7097edc9b1715a2222ee,CLEAR,DAYLIGHT,DRY,DRIVING SKILLS/KNOWLEDGE/EXPERIENCE,2.0,33.5,2.0,2.0
0c4105883b3d424b74b11ef296a625bf11bd2a4d89c74becd585013bbd7a74edf4a9618326338a9d6a138edc6a96a179e705a5c407ff7d0b372c44f7ffc1e0c0,CLEAR,DAYLIGHT,DRY,FOLLOWING TOO CLOSELY,2.0,41.0,2.0,2.0
0c413529dbd7c066cc7dba0f4a2e4b8709ef6e87955106d105c9cb8e4f2ee10a3ee4e1cd0565fb75e002376fcd31ca4ca28e533539235db0a26f66d4bbd475ec,CLEAR,"DARKNESS, LIGHTED ROAD",WET,FOLLOWING TOO CLOSELY,2.0,36.0,2.0,2.0
0c4137443c38778984d9d30283c0ef12b73e77f0906e99825a04ccaa81ea69d6bfd0e26fd2417faf50b669b1675d97aeeea8b7cb1e5c89501992b03b017075ce,CLEAR,DAYLIGHT,DRY,FAILING TO YIELD RIGHT-OF-WAY,2.0,25.0,2.0,2.0
0c414eccbbf790feb57138e1e8e60dac0af4c9c0d3b6aa87349c297f9d84dc08effcb105a39ac7274263d820734037de332a46a9d9f95370df3e10463cfaba9d,CLEAR,DUSK,UNKNOWN,IMPROPER LANE USAGE,2.0,30.0,2.0,2.0
0c418794305478e2fe8ec7e54ca00a2b2cc64017abc420819ce571d81eb7c27c1a0e3b2aa3b5c1c7901a38b062c3c7050ed44509f4a4a4329eb28dec7f620db7,CLOUDY/OVERCAST,DAYLIGHT,DRY,IMPROPER LANE USAGE,2.0,50.5,3.0,3.0
0c418a0dfe05c7930b982f3353ae8ff5672f619914e38e2391840904311f5cdbe62d4148ba0a948878ab905d19c6b8d0b0c7672aef6b973e37fbd1c5d18dfb3d,SNOW,"DARKNESS, LIGHTED ROAD",WET,DISREGARDING STOP SIGN,3.0,52.5,4.0,4.0
0c41913697a31ede694d56ead88eaa52bcd0008f9b96e57eba485b11626074701a26a5a140ab8e6864721a21ef14a3203e18388541832b2113b03bbb7863ec1e,CLEAR,DAYLIGHT,DRY,IMPROPER BACKING,2.0,35.0,2.0,2.0
0c41b22e4d978fbb95b348042c892af00668693cde75c5595ef2d29a86cf36fce1a89b0974264eb4ea9e603cd92dd87469e75f9e356496351264183273c2559f,CLEAR,DAYLIGHT,DRY,DRIVING ON WRONG SIDE/WRONG WAY,2.0,29.666666666666668,3.0,3.0
0c41e63bf717db51f94f09295a4ca4e6bbbf2aeec70bb8029f7740f05370586a3e12ed209785a15d71ae27e98fcf3ee9ef41e0b3ac99f0cd92a9ce84ce02074a,CLEAR,"DARKNESS, LIGHTED ROAD",DRY,IMPROPER BACKING,2.0,43.0,1.0,1.0
0c421664560b6f1d5cbaba70fcc2853712012f47dfadb488c533969e49f1927ba08ba4719b59d77ac27e0b843ea4c6359ddbaba46fcd8c08e0cbc8555285dbd9,CLEAR,DAYLIGHT,DRY,FOLLOWING TOO CLOSELY,2.0,35.0,2.0,2.0
0c425875d908bfdd89294a524dfda5246536b8275c53989aef82ef2026fb7da68f3e86d911b02241d2781272df40130ae114d8dda550fbb14963edcd6e9e36ed,CLOUDY/OVERCAST,DAYLIGHT,WET,FAILING TO YIELD RIGHT-OF-WAY,3.0,32.0,2.0,2.0
0c4264426a5bd155bb34fe99df1cc5d2b5c12ed5507a16208f39f582301f13b5c00859238a43378a63872ddf17cf0f9b69ceb5d7226c1471f2bbade7cdd76899,CLEAR,DAYLIGHT,DRY,FAILING TO REDUCE SPEED TO AVOID CRASH,2.0,35.0,2.0,2.0
0c426a7ba83caf1e325e4d39d3c3db99b5d8f27e834a79670b8cdfb06d1c1d114dda64feed9861cbec8bbfa514a056f7e1b5e227c3ad57523bc22fd1196a6d7f,CLOUDY/OVERCAST,"DARKNESS, LIGHTED ROAD",SNOW OR SLUSH,FAILING TO REDUCE SPEED TO AVOID CRASH,5.0,37.5,1.0,1.0
0c42765db2bed27d51c83868f3490ef8b50beadefd4e59584d6c89c51bfe3439c0e7cb4984c6bc61f36d3b4f36318226835d9d1a7aaf3d7373fa194f759a30ee,CLEAR,DAYLIGHT,DRY,FAILING TO YIELD RIGHT-OF-WAY,2.0,44.333333333333336,3.0,3.0
0c429bc3f1d2f6979c991e11feb9f34dec84d3666947f48b9b798ed3333888b8de5d58cb5ee3fe7d2c53c38d14cc8c1efe73ff845c558aee29303c0baf66ada9,CLEAR,DAYLIGHT,DRY,IMPROPER BACKING,2.0,55.0,2.0,2.0
0c42b1ab98169def38f51c56f0db91514fae534b3aceb5f214b0d8a457b839e810cf145e77b0a722de566cef04baeda6e55f16a3f8b72ea4887c8b6164948547,CLEAR,DAYLIGHT,DRY,DRIVING ON WRONG SIDE/WRONG WAY,2.0,29.5,2.0,2.0
0c42fcd942e55e2c8ebe6655088ff1c3ebedcaeb41d9f26595664523bfa872625387a5c312aff9d4def78e46f01c7e222b4fb7019bc009f078144979e97973f4,CLEAR,DAYLIGHT,DRY,EQUIPMENT - VEHICLE CONDITION,2.0,30.666666666666668,3.0,3.0
0c4315b1b20fa4f9a42de7533637821eff69a4c7a81e8acc70631f2304c19886b0c2f4afeb3eb11215f505b7fef967867dbd8d1d29a9d30e15362121523d2f4a,CLEAR,"DARKNESS, LIGHTED ROAD",DRY,DISTRACTION - FROM INSIDE VEHICLE,2.0,29.0,2.0,2.0
0c43212a028cd9fdfb681e50d92d2b9597094702e782f45317ea191dd90ecc49b0a72edb392a7d8e1ffb0fa64b4bd242f39d1a9401d937648ef043de6f04c7f4,CLEAR,DAYLIGHT,DRY,DRIVING SKILLS/KNOWLEDGE/EXPERIENCE,2.0,37.5,2.0,2.0
0c4380aa7c6645c7e5414648c8fd0ca623944786117896e5cb53bccfab2fbbf52140e043f66a5c088f63d5c7b4528cee2777833f483116fcbca76476f1db7d1c,CLEAR,"DARKNESS, LIGHTED ROAD",DRY,"OPERATING VEHICLE IN ERRATIC, RECKLESS, CARELESS, NEGLIGENT OR AGGRESSIVE MANNER",1.0,52.0,2.0,2.0
0c439854bf725868df0ed6e3e38943123f96a59e7f2bbf8f42bb6e2633cac247e72caf88aba6ef70fe68a44e89facb5f6be5890329c53d743776157ab896ac49,CLEAR,DAYLIGHT,DRY,IMPROPER BACKING,2.0,49.0,2.0,2.0
0c43d66452838963b7a88694d44e773339b82045d8d5604a157af6a3c10af9598ddf8a576aabdbd40cb1ad509d8a0a753fc566904d8fb614b7762ad73f3e6d34,CLEAR,DAYLIGHT,DRY,IMPROPER OVERTAKING/PASSING,2.0,34.0,2.0,2.0
0c441d6f2333351211199cce0728754c110ac3ffb99c310334006a239dca558dbaafbeb3201b5282313d6698e0477c0ac50cc855a19d53b6095940aca1311c61,CLEAR,DARKNESS,DRY,FAILING TO YIELD RIGHT-OF-WAY,2.0,36.0,2.0,2.0
0c442c5579fd8bad18723f829f80d2423185be943347016515b2eb0932c5d9d39bc1160ed73b01fb72a76aac07404fff3bcb33149200073c55e1e182d12f9dc9,UNKNOWN,UNKNOWN,UNKNOWN,IMPROPER LANE USAGE,2.0,44.0,2.0,2.0
0c444210aac59262407adaa3ea0905a4a5f4f5b5fc20ff34e055021b2209b369a5f4dce37a3c1816e69616d8998832590055810a034c3c23898af25f36b15855,CLEAR,DAYLIGHT,DRY,FOLLOWING TOO CLOSELY,3.0,46.333333333333336,3.0,3.0
0c4462409e2d1dc7195a14154beba74c18a8c2feff7e6acce6ad86656b5ce20bf63fa1853448465966be8e024e26ea170588a729548fcccc1eeb568e25dab34e,CLEAR,DAYLIGHT,DRY,FOLLOWING TOO CLOSELY,2.0,46.0,6.0,6.0
0c447346f143d09d5c05bea987fccc2bba13a5c4b8bff0e0f40414fe145d790e6ae951be649e044a7b09b8305ba4262ecd96a6f0b696fd6cceb94ffe5bccb85b,CLEAR,DAYLIGHT,DRY,DRIVING SKILLS/KNOWLEDGE/EXPERIENCE,2.0,49.0,2.0,2.0
0c449105bce7d2abb7cec7626ef41710708e0b22711f0a393b45e77460903cb965ca9fadd203d2e1202741f8e2257aff286663bdbd5fe32630eec9df87279d5d,CLEAR,"DARKNESS, LIGHTED ROAD",ICE,FAILING TO YIELD RIGHT-OF-WAY,2.0,41.0,2.0,2.0
0c45172a7497fc4bd01f89feb1ba863bded03a244fcd5ef28c091956be37c8fd3621925d2415006ec2a3eef78c50e8d5c8d0721f1b587542d6379847deccd619,CLEAR,DAYLIGHT,DRY,DRIVING SKILLS/KNOWLEDGE/EXPERIENCE,3.0,37.5,1.0,1.0