crash_record_id,weather_condition,lighting_condition,roadway_surface_cond,prim_contributory_cause,total_vehicles,avg_driver_age,total_people,total_injured
0c45233ee5c7f8611562d7e98b6888061e16bc4420ccf0376269f6cbb910140dd76ffefcc281e3b63aab0e994c11e2045736fbf62d10a34aa28fa9b781061a80,CLEAR,DAYLIGHT,DRY,DRIVING SKILLS/KNOWLEDGE/EXPERIENCE,2.0,60.0,1.0,1.0
0c45258904c53267546ac120bfc48fcd6de15091d5e7bbe4018a24084630b6b8c7315bb57e55b9259962cd1af83a5babf7ee22050a47bce3bb20eba8586ad218,CLEAR,DAYLIGHT,DRY,IMPROPER LANE USAGE,2.0,53.666666666666664,3.0,3.0
0c45756ec64e2e4a7eee0b7f0e7e8ca3ed2fd1707fe0e03775133cbaf4c90251faa1b4b01320ed46886b184e4c648418f5529f1c9669d17f22c1d7bb48216718,CLEAR,DAYLIGHT,DRY,FOLLOWING TOO CLOSELY,3.0,33.5,4.0,4.0
0c458cf89f38cb0228f0aff7d01b8cca4b6adf73c0454dcace5da7ed1f2e60f1f0cd5176acefa8d1568093e900c89f08db05808eac5f85f18bb2a3f507a8bd9c,CLEAR,DAYLIGHT,DRY,EQUIPMENT - VEHICLE CONDITION,3.0,43.0,1.0,1.0
0c45c1b49f2461b2412e7d781ef6310c5825df0f8d28e5e975a8b99a9b59c8567d7a5d67003a6058c9cac564bd734265851f96ab45fa48032824e69f3df18fa7,CLEAR,DAYLIGHT,DRY,DRIVING SKILLS/KNOWLEDGE/EXPERIENCE,1.0,18.0,1.0,1.0
0c45d12b2afdbf928e8963fbaea5d958e5d4439c1061b45e625aa84507a00b5f0f7a5fc67adf396e130d02f0d0ba3938f1246d9167d0569ac84f49a7ded83a5d,CLEAR,DAYLIGHT,DRY,DRIVING SKILLS/KNOWLEDGE/EXPERIENCE,2.0,50.0,1.0,1.0
0c45eeefb6713144a0d4debdab6ff340587301776a9630a3ece18e436fb76b35a43507a926146ce53553806a32fa99dfe2b2acca4e1842fdad1b84e9b52cf1c0,RAIN,"DARKNESS, LIGHTED ROAD",WET,FOLLOWING TOO CLOSELY,2.0,61.0,2.0,2.0
0c4601bc36089328c5cb8f151609acb94db607543a25b8bd9ce0f03f5e4693aa65c82159db18d2b21f5369bd2baefd9640ba3d8968d61398c1a493278ddd2d00,CLEAR,DAYLIGHT,DRY,IMPROPER LANE USAGE,2.0,39.5,2.0,2.0
0c4635fded1db16d67779c1ebd8b3d3a91e37aefcc389d6c7666b525d3ccf7a13546f29e21bdcd9f3f137fcc9b32389b5755206e086627b8d62f378ecec6d257,CLEAR,"DARKNESS, LIGHTED ROAD",DRY,IMPROPER BACKING,2.0,49.0,2.0,2.0
0c4672c6dd46d208e9076b8ac067d22f4dcc477f98e335fc246071ef3f0245f5fa8c0f80ed3a4f2b6df4711fb57990046edcc0b0ead8ab249b3a4a35b2678bf0,CLEAR,DAYLIGHT,DRY,FOLLOWING TOO CLOSELY,2.0,51.666666666666664,3.0,3.0
0c46a243e9868583b0a59c3b0461cfbf3550916f26c05fede8dfd6fa6e879bc08cdeb452a7bea723fd6f9a84749ddadf5eb755ec2a63577c8dc65ba219f5c6ec,CLEAR,"DARKNESS, LIGHTED ROAD",DRY,IMPROPER BACKING,2.0,37.5,1.0,1.0
0c46c49b2fee526bf646866dc13a94822b34c592946f6300133cd7fb26d0a0ea0090a72c44c168d31f3b7190f2854627247e04200abb6b8a293de507823d3ce4,CLEAR,DAYLIGHT,DRY,IMPROPER OVERTAKING/PASSING,2.0,32.0,1.0,1.0
0c46def81dc6ea1d88796775db9aeb2a93378d3d67a639ec9a30ad2abe791f0b0919022bdec8fe8f584b6b209a9a5b3ec5dcc025daee9d00ceca4b26f0680796,CLEAR,DAYLIGHT,DRY,IMPROPER BACKING,2.0,49.0,2.0,2.0
0c46e69208a5658ba98017b9bf3284b5a30a5185e8bf63fe68fdf7626cd47390c796cd2f6ba3a5e2da51a2f93639711f4f815b5515af5a177a6ff7877e6a725c,CLEAR,"DARKNESS, LIGHTED ROAD",DRY,IMPROPER LANE USAGE,2.0,40.0,2.0,2.0
0c46f61be3dec72843844669b090b6cddedb66b2835876f38064ffb79c89dacc20c6c94e7bee3b877860ae64da7792991f220d3c6bf791c3cf77f927fdf2a671,CLEAR,DAYLIGHT,DRY,EQUIPMENT - VEHICLE CONDITION,2.0,56.0,1.0,1.0
0c46f85f7876915c6a5d748130245439d36e8a301e6d204a78bc568d0617b5413bde413fb034ba25ff9deb3f7eba9759e432be402fdf0f1614c34473ab17929f,CLEAR,DAYLIGHT,SNOW OR SLUSH,EQUIPMENT - VEHICLE CONDITION,1.0,23.0,1.0,1.0
0c46fa8cfd0dd86630cd2baaabb04e6a97732f2ff6c176295a87078e6b32893d0c4f4a9b7cfe467fd515eb745ffd30b2bab1d2d90d4ac0bb600b21273b63d203,RAIN,"DARKNESS, LIGHTED ROAD",WET,IMPROPER OVERTAKING/PASSING,2.0,22.0,3.0,3.0
0c4717add2d96b3f00a0c60a014a8cb46f0321ea95abfecd76d9c13f27a8139d198ba9939a85bf674eb1122bacbbef71aa9f3b1576f95bbfc705313e35018e01,RAIN,DAYLIGHT,WET,IMPROPER OVERTAKING/PASSING,2.0,16.666666666666668,3.0,3.0
0c472bd094ea24cf0d0369081043b9fbb78080426987db3dd54e62ef3e9c602a2d5bf4e60918595935e74f959557b5fd27b033a600c4f054089360f97eb45ef6,CLEAR,DAYLIGHT,DRY,FAILING TO YIELD RIGHT-OF-WAY,2.0,25.0,1.0,1.0
0c473e45de43d642bc10b68314066d4ea8ea34261e60f2c054fc2e18fc57894d071a1299b2059e7fd98a031cbe014b9a0cae8b41561f116f2adbb50349d3e572,CLEAR,"DARKNESS, LIGHTED ROAD",DRY,"VISION OBSCURED (SIGNS, TREE LIMBS, BUILDINGS, ETC.)",2.0,21.666666666666668,3.0,3.0
0c4755468d140f768879137203e8006bbcae32173a1fc337a99c8c393c86b19a4c483260c9a1c8f8fd179e714d9962d3f010306f779a75333d4249faf3f08334,CLEAR,"DARKNESS, LIGHTED ROAD",DRY,FAILING TO YIELD RIGHT-OF-WAY,1.0,48.5,2.0,2.0
0c475d11f3b6551029aad7eff02a5294ec3374cc982c1b604eef52347291396eac72e036fa50b1e78cccd993d5242d4150b0e6fd85a25e63f880e91489177a21,CLEAR,"DARKNESS, LIGHTED ROAD",DRY,IMPROPER OVERTAKING/PASSING,2.0,37.0,1.0,1.0
0c4781b40af67e4aa14a2b398a02f5a63404d51a218532b40040046d8c51a3731732a33e52daa4537f66780b1694f4a3122c0e97a0ea2501d4215f5b7fe94d8c,CLEAR,DAYLIGHT,DRY,IMPROPER BACKING,2.0,34.0,1.0,1.0
0c47ae22b0d012f1619fac75d375417af2afc97b46014bd32aab150d62fcbb913395110463781b079200eba34265c521b5e48e8c1c9946201e99b2da1b8c4f32,CLEAR,"DARKNESS, LIGHTED ROAD",DRY,ROAD CONSTRUCTION/MAINTENANCE,1.0,42.0,1.0,1.0
0c47bb4ccc8f3f146a663b5134f119de9740af19614ce343c4792ce693c8a753331b77a72e19c45f4d98e36505578f6445888b59e0342880246cd5365a797fd6,RAIN,DAYLIGHT,WET,IMPROPER OVERTAKING/PASSING,2.0,26.166666666666668,6.0,6.0
0c47d27eef0b5699979ec75be71e18db8dd4a6b4acbb6a0d3e9c16668ddd5cc2ff5605fbf15b91147e1963f4bfb5b6c5820c5b9df227d8a77099220b1ad05ef1,CLEAR,"DARKNESS, LIGHTED ROAD",DRY,FOLLOWING TOO CLOSELY,2.0,37.5,4.0,4.0
0c47dd5f5d72f58b950168fa31a0f7e92225058c4eebc51a1a0b5f7b5d0eb99e4bdd710f878a3ca3ee8e810b0a8c3fcbe63e35431dd15c23ececc505ddad7206,CLEAR,DAYLIGHT,DRY,FOLLOWING TOO CLOSELY,2.0,50.5,2.0,2.0
0c47f91a9c4800d904576cbd1817599ab255dc73fe98959231c1e1e5caeebeeae7b26b47022c6598fdbd140c605978db0aa3ad54e663e1503a815c0656329fd0,CLEAR,DAYLIGHT,DRY,IMPROPER TURNING/NO SIGNAL,2.0,66.5,2.0,2.0
0c47fccc2a79cd86e3034b8ef8473a9efe14e834e83a695fa306eb5ac813ceebb8216c089cad0cf98d209b5d147cd5f8b5f3fb9b704422c722f2a93559d0ca39,CLEAR,DAYLIGHT,DRY,FOLLOWING TOO CLOSELY,2.0,54.0,2.0,2.0
0c480a4ce328aa469ba40dc6b06a2bc2c461c119b18e18a6b3cd28ed49d9a0c1e80c1b1dffded60f5fbf07488dea38828a4336e87f39be003a384ce5048c04f0,CLEAR,"DARKNESS, LIGHTED ROAD",DRY,FAILING TO YIELD RIGHT-OF-WAY,2.0,42.5,2.0,2.0
0c480c378fa4a0645750ff71f8ab2d7cf7e382afde923c27cd0bd48c903bca190a46cc9745072c30705ffc382fec4c8b83b0fe537c51b379e6ca3a038af93eaa,CLEAR,DAYLIGHT,DRY,FOLLOWING TOO CLOSELY,3.0,23.666666666666668,3.0,3.0
0c4843a04c1e4df17504f0188443ecad18c6e740173cb83c578e4a8a17d90ce7ac3d8d583297dd7aea383b85cf4798e6086321aaa0743e0b07bc9b3e1e1a4a28,CLEAR,DAYLIGHT,UNKNOWN,FOLLOWING TOO CLOSELY,2.0,44.0,4.0,4.0
0c484e7d43d11c370ca9503d82e7a6adf18a98cec870bcfbc73e874a9b884a6867ecc477bffa3b340ba046304420a7156b9813e63bd8e9f7f858d98a08710854,CLEAR,DAYLIGHT,DRY,DRIVING SKILLS/KNOWLEDGE/EXPERIENCE,2.0,37.5,1.0,1.0
0c486dc541760e8ac132f9f86b2191f82f5214d0783f1f45658fc7068a5e2e7877ce90e2422aadb79bdcc36b45d5a3e00129cf58f296837fbe6391909921076e,CLEAR,DAYLIGHT,DRY,IMPROPER BACKING,2.0,34.0,2.0,2.0
0c487ed15b22ce2fdb973963d1d5604a8638be16507458f33c3b0f490ca2c5aa78cea1b349e69063a72e56b74f5eebcef7a8421f1306b1d2577c8a8ae42ff766,CLEAR,DAYLIGHT,DRY,IMPROPER TURNING/NO SIGNAL,2.0,28.5,2.0,2.0
0c48a7794b25c55f204a413be6ffb24cf5d843b7211c8a30617cf247ab4d57256f9f2914fcc786e9c9479d8427863db2cf762b6cc05d5e59b43da09ef60f1e3f,CLEAR,DAYLIGHT,DRY,IMPROPER OVERTAKING/PASSING,2.0,31.5,2.0,2.0
0c48c3f765559552d708382ec327ad3560d873dc3be523759fcf6ba984512ff5301b26e3a73dd884b1ce7d75917e21bb8fea31ae2c72651851542390aae38885,CLOUDY/OVERCAST,DAYLIGHT,DRY,FAILING TO REDUCE SPEED TO AVOID CRASH,2.0,44.0,1.0,1.0
0c48ee4a52105f7f1faa7c66e5fa20e513c132af138d3db56302b276e27221a49ac3a33f4492ebef00a85da0d6ca5aa519485167db94e4ddc084307cf5c572fa,CLEAR,DAYLIGHT,UNKNOWN,IMPROPER LANE USAGE,2.0,41.0,3.0,3.0
0c48efbb58b12822a54a9ab1244f1f0d1681c3bc56b3ba89f7909174596c5ade8fc20eae8e0755860eacef94989578920dc261fd8893b1068d9cb6d64108d3d1,CLEAR,DARKNESS,DRY,IMPROPER OVERTAKING/PASSING,2.0,17.0,4.0,4.0
0c4925914d22cbed88bafb316147d377722ec83d12997b49aca57c0130b97cfa9eb3dd7e3af2367d9746da5b614696f2855c32aadb97b339472ff72cc930e094,CLEAR,DAYLIGHT,DRY,FAILING TO YIELD RIGHT-OF-WAY,2.0,45.0,2.0,2.0
0c4949fe951185d2eafab54aef6ef6ab6fa7858f5993b6d7fcce5b2a17c51b52907dff97b71fe92d99c065734907cd0f14ec4d96ab3c6b1d59088893d1900c84,CLEAR,DAYLIGHT,DRY,EQUIPMENT - VEHICLE CONDITION,2.0,46.0,1.0,1.0
0c494c0010b74d814c3db80b5af20a35f23f46549726c9b23aa9a29ec76b5c8a4bba9e7e60148cf52177c0be2cc0eb262f92c2bb281f84170977ab71a4fd141f,CLOUDY/OVERCAST,DAYLIGHT,DRY,FAILING TO YIELD RIGHT-OF-WAY,2.0,31.5,4.0,4.0
0c495d33db1d3ca455f74203d31c4d44b0bc69ccf416d600bbb3d9c984781cdb4cb80b4f04ca12e1a1b1e7f51d75ce28314e4c481619cc8a6a7a935103c2723f,CLEAR,DAYLIGHT,DRY,IMPROPER LANE USAGE,2.0,37.5,2.0,2.0
0c4972582e0fa4f11272acb7afe6c936bf609bae936e47e56d98a0a94b27d2a8dab0459be3671170820704c78ce75f9f4ace9e7c6240d199edcf931b112cdb60,CLEAR,DAYLIGHT,DRY,IMPROPER TURNING/NO SIGNAL,2.0,37.5,2.0,2.0
0c4974567cd824f680548533252a13c2f74319af2cc2f0bc93205bb73b9a65a752aa1c862bd3781b76a648dcbbdcf8236ecc43f135b977323a252c8499440cf3,RAIN,DAYLIGHT,WET,FOLLOWING TOO CLOSELY,2.0,46.5,2.0,2.0
0c4976a4a5dcd6fa6c9914bc6414a961ccb70aafd7494285654b081434cdc9d9934dc27151ddb2e729e586421996da8f2f8f43162a163db0ab85645805225cef,CLEAR,"DARKNESS, LIGHTED ROAD",DRY,DRIVING SKILLS/KNOWLEDGE/EXPERIENCE,2.0,33.0,2.0,2.0
0c498a95e0a17cae0a49868b4d595b3cb1906688e360242b14ac2fede90331dd467453946a806b52c801edf1deac00e5c3a4a50e338f58ae96f2a79a9df65c60,RAIN,DAYLIGHT,WET,FOLLOWING TOO CLOSELY,3.0,49.0,3.0,3.0
0c4993cbd652df99b6f3d22d0dd20e7e6bebe6fb6133f774b8d68b9f3c7340527b39e07f17ac5d3b3870203ea2930ce549c7f55ea57d248f3c34557cb83e4e3f,CLEAR,"DARKNESS, LIGHTED ROAD",DRY,FAILING TO REDUCE SPEED TO AVOID CRASH,2.0,25.0,2.0,2.0
0c49a007d0bc59d15a9ed7e0804bd0917f533d8dc92e5bfb651dd2b6a4da2f8443d002c28304b57eb82a180d5ca17167dd684cd41b3d974cbaa49a9951c39d12,CLEAR,"DARKNESS, LIGHTED ROAD",DRY,DISTRACTION - FROM OUTSIDE VEHICLE,1.0,24.0,2.0,2.0
0c49a5fc51d49d09e68760a7b51664dbdae99b6cf3a22ec2eec41593a49a4f76a19e5993ea60a6832eb70485fb8176ad3eaf3ae90735f6277a3d151228cfc659,RAIN,DAYLIGHT,WET,FAILING TO YIELD RIGHT-OF-WAY,2.0,25.5,2.0,2.0
0c49e45781db0933ce7c7f5b19b3bc28e5bef0a9ec694c005115e0f7cfeab1e927e17627f396559fcda878cd4349618185d94b6daf5806ef9327a19cc2ea0c10,CLEAR,"DARKNESS, LIGHTED ROAD",DRY,FAILING TO YIELD RIGHT-OF-WAY,1.0,36.0,2.0,2.0
0c49ef4af2fa64cd95351dbc7d314a3ec07adefffbcd960f6d99eb79bd7293fa7fb01a6bc32ef0742b86dff0c151355c9f5c3ec75e8b03c68b144455c182cc74,CLEAR,DAYLIGHT,DRY,FAILING TO YIELD RIGHT-OF-WAY,2.0,37.5,2.0,2.0
0c4a013f22a0a4305e5f2a356f504429d76406a73823c1370be03ddf1576c76f9f6d926f9298df67876a71e4d9f493e72597c2617536c59b38e4bd0e7b2f1fd0,CLEAR,DAYLIGHT,DRY,FOLLOWING TOO CLOSELY,2.0,18.666666666666668,6.0,6.0
0c4a01da346e3ba7ac7beab2c0ecd2109c36c325fbbc4836ec8fb6f6611f508171bdade0d0a0603fbe8a75a2be9ac96a5ee1663925dbae6d63ccd333dd0f0139,CLEAR,DAYLIGHT,DRY,FAILING TO YIELD RIGHT-OF-WAY,2.0,29.0,2.0,2.0
0c4a103067369c88e7aacafb6066a408335f29d4a61fd5abdfd78ce7dbdf876c9b3a21ffa736f4054edb29a5b170245d876ac24ed1501bd952fc85d384b0b237,RAIN,DAYLIGHT,WET,FOLLOWING TOO CLOSELY,2.0,52.0,2.0,2.0
0c4a1204c5b71018547d02adbe51b389f323d91a5601244b1ecb868ca398c3a7db9bcfa4939e694b335d81bc9e152990d16179c881a61edffab3afb5faf91273,CLEAR,DAYLIGHT,DRY,FAILING TO YIELD RIGHT-OF-WAY,2.0,36.5,2.0,2.0
0c4a1247adfffb0534c1ec52f54d3b9aa6f3e55710a4c163aff9058d9037051924b38adca786f49921aeffe87a400c83342fd6a538fbc21058fe03600ac15c0d,RAIN,DAYLIGHT,DRY,FAILING TO YIELD RIGHT-OF-WAY,2.0,43.5,2.0,2.0
0c4a1b139d3801c8a30d9bafcd0cf423378068ff134eca31b1ab65f5f832b1a79ec2287454c52ddb5a965cc8e627fdd1cad16cbb0a2579dc2b8bb47fc47fa2d4,CLEAR,DAYLIGHT,DRY,IMPROPER LANE USAGE,2.0,50.0,2.0,2.0
0c4a236a8713ab91c660c7817fa854c94aa3ea1e69c7336ce8345e7aaf8b8e68a0a996d56d4269e10183cac7c17aa3da7462d07e59e081a65cec8d3f115318f3,SNOW,DAYLIGHT,SNOW OR SLUSH,WEATHER,2.0,45.0,2.0,2.0
0c4a65d8bd0baa141e834b41e4801b306d05382c24517360d0df2a2c39a8bf091e91c0616e00c052208f0a4e73bcd26a6df9a8b1ffa1f9b3dea279c771455bf1,RAIN,DAYLIGHT,DRY,DRIVING SKILLS/KNOWLEDGE/EXPERIENCE,2.0,35.0,1.0,1.0
0c4a776431b4d31baae3a42fc809ecaa011e831b770675713f8f1e1e4a22b91d85c44e06545394ed996632a41b9732b2fde83a482d30b457e14e9f5fa899899b,CLEAR,"DARKNESS, LIGHTED ROAD",DRY,UNDER THE INFLUENCE OF ALCOHOL/DRUGS (USE WHEN ARREST IS EFFECTED),2.0,21.5,4.0,4.0
0c4ad40591380f5b7fbfc485196ee260d7e29a28de16aab92e1eb01b11bd7f8c0d41b270e45cd69e7e0bc6dc9d2fb434ddd96e3abc9eeb3595ca3abe0b5a8e4a,CLEAR,DAYLIGHT,DRY,IMPROPER BACKING,2.0,37.5,1.0,1.0
0c4b0a115a031f35bf0cea9e6633dab38db2c2dc3ab8dc6df600bbbd0996598bd8c3513017acf7f85f2851041c5c97a637ba559703e6e1dac60d4fa25bce65a5,SNOW,DAYLIGHT,SNOW OR SLUSH,WEATHER,2.0,39.666666666666664,3.0,3.0
0c4b0cf967eda33209c345f4607d2c4ef80672b9460a919b502a1bb5cf7997e4357492ae9e321d65e8d15629aa4c980e79331a733b0f20c2dfbcae4dd98b4bb6,CLEAR,DUSK,DRY,FOLLOWING TOO CLOSELY,2.0,26.0,2.0,2.0
0c4b2980e9052990a5999bed16b9153bc082dfade5664b08f7b45e06a53cbb8c510527af8c2a7fdc570e36c05488d1dee107fbf86d82636f9c9cf090baa78a30,CLEAR,DUSK,WET,FAILING TO YIELD RIGHT-OF-WAY,2.0,26.0,3.0,3.0
0c4b5ec769df6974e26ea166f7ea85e80970bc56fe7f13484410e77f0c77f3362f2ceaa4133914eaafe7add926bf22d4dc1e1c4f0535d2315f4802e38157f38c,RAIN,DAYLIGHT,WET,FAILING TO REDUCE SPEED TO AVOID CRASH,2.0,64.0,2.0,2.0
0c4b844aa5eb0ee59e56c064fb7be5e7fdc6d466a3ab8561aff46cc36ad39c96778e878548d9eaed3dd9649387495ec4710fb92dbe76133b5e2b11dfb2bbbcde,CLEAR,DARKNESS,DRY,DISREGARDING OTHER TRAFFIC SIGNS,2.0,55.5,2.0,2.0
0c4b9c3df52111ac43f8a534019ae8213cec3d8eb555e28a9d6474394f28f54de757d5187906a27fc19c9a3d4bbb37d82a52f28f3ca96b6eea95eb54164c1f10,CLEAR,DAYLIGHT,DRY,FOLLOWING TOO CLOSELY,2.0,37.5,3.0,3.0
0c4ba2bc53fc5a813071da05056b150b66ac4b2628fdece8f7efff65a58619d5cca7320e59be320ac0893297d96f5d815bbb235716123151c48ac61cc4d2b9fb,SNOW,"DARKNESS, LIGHTED ROAD",SNOW OR SLUSH,DRIVING SKILLS/KNOWLEDGE/EXPERIENCE,2.0,43.0,2.0,2.0
0c4bc95514881662a4ca6d656e58c307618854f88b44924438c8bd8c0a52c1ab7cc707263905e97010d6e9b63f750e9ac2000d3e6aa1fc887b7f5fd3e1db43a8,CLEAR,DAYLIGHT,DRY,IMPROPER OVERTAKING/PASSING,2.0,37.5,2.0,2.0
0c4bda0cda34cda23728776c9562fcc801bfae8f8975522284854cb3ba6a6596025a4af5661dde5394bac4d5db7827f4b6376029256180a1ce6e6f721e77dcad,CLEAR,DUSK,DRY,FAILING TO YIELD RIGHT-OF-WAY,2.0,33.5,2.0,2.0
0c4bf8d928f0d41462928df88766e5ccb1e8ee59c4128fa79c27e2c06ce25f2c4c0b29228ec0039b26bc64b99b961813512a5f1cd45c5f3bf4cb5f3d9d6217f3,CLEAR,"DARKNESS, LIGHTED ROAD",UNKNOWN,FAILING TO REDUCE SPEED TO AVOID CRASH,2.0,59.0,2.0,2.0
0c4c257c8ec268f13824a0b350c831a45b5f049acdf163f47b25b7369aa53054cee445aaa36848e5754ca075040e13d7dbd7da821584c40c339fdfa4ecb34d34,CLEAR,DAYLIGHT,DRY,FAILING TO YIELD RIGHT-OF-WAY,2.0,0.0,2.0,2.0
0c4c80d01efc6bafde29d9fd195c7c83c4b9af75d78d3f8be6ad3af9e0872ac7c907cf6b44a7d98ce5b406394cae34fd2eff32059bbbd3dbd07fe14d0a9c94b3,CLEAR,DAYLIGHT,DRY,DRIVING SKILLS/KNOWLEDGE/EXPERIENCE,2.0,50.0,1.0,1.0
0c4cbc6bcec04b7030b2e023b0e368cd06b4ee06bf3145c774186c282936cd1d12f7594dc21e4f0fcb7e4f6b6be8e39b4d7825c6906e677c95f79541f2306f2a,CLEAR,DAYLIGHT,DRY,FAILING TO YIELD RIGHT-OF-WAY,2.0,37.0,2.0,2.0
0c4ce75e043d6fd96820eb7359ded2ce2a28662e1213224e4234c431915855c1778426e4c0d6ff3f6c16933a22c06e65895bb8033db098a7d64e47a0aaebefe1,CLEAR,DAYLIGHT,DRY,EQUIPMENT - VEHICLE CONDITION,2.0,37.0,2.0,2.0
0c4d2a767de0e50d9656d0ff964daae617eaab1777779443d2c3d25a2ce6bdc82491ae6366f0f9a96d6486edc45b6cc3b98ba07e492aa68ddd82b1914ff74e36,CLEAR,"DARKNESS, LIGHTED ROAD",DRY,FAILING TO REDUCE SPEED TO AVOID CRASH,2.0,40.0,1.0,1.0
0c4dc75d77455acd17f8e7bda0a8a4e0c570869d9e7028893d139183249ba1e2cee04ca885d6a73d4ca96487034c9301aa6dc5d349942d1d633ad21c5aa9fe50,SNOW,DAYLIGHT,SNOW OR SLUSH,WEATHER,2.0,48.0,3.0,3.0
0c4de25fe4c5d957d7b59ad7979d87f138ceac22589d66c35db94a3fa288aed428608c3eee56685f9f8031ed85fd1406e58f009497f7b1d9a42893efb3a98e3f,CLEAR,DAYLIGHT,DRY,EQUIPMENT - VEHICLE CONDITION,2.0,53.0,2.0,2.0
0c4e1aaf214064869fa1fbe953d797603a0f4c1b0b8c56fdd0ac3f758faa0483657ba9f5af7deac04ee8dbe373e6e4e77a0274d1fb4f83b9ac6262097f17cd60,CLEAR,DAWN,DRY,IMPROPER OVERTAKING/PASSING,2.0,42.0,1.0,1.0
0c4e355f8595a2049ac5b63aef4c7e15fa7d5f701a8db3b2da1758920c73ee280c6f10d872a78767a55a8990410ced7b153caa7fc7bcc3f65b0dc200c3b899d2,CLEAR,DAYLIGHT,DRY,IMPROPER LANE USAGE,2.0,23.0,2.0,2.0
0c4e41ffc0e48f9882990edf1f708f67dc1a213f822285e9aea6915e1d38f50c67bd1b424bedc46ab5b575b4a6cc4699d87f1ebe60eab313688416efb867ddd2,CLEAR,"DARKNESS, LIGHTED ROAD",DRY,FAILING TO YIELD RIGHT-OF-WAY,2.0,41.666666666666664,3.0,3.0
0c4e8bb65f5b69e9cb900abb5190b47c57d82beb352dec03504f1cb8d23e2173617fa9962695d99ee521f59b0874dbeed78c42c5283957a3a9adf6a449e5cf72,CLEAR,DUSK,DRY,DISREGARDING ROAD MARKINGS,2.0,42.0,2.0,2.0
0c4ea9e0d558449497669c9e23e0de5d0805a1baecae05bb13f9ca33510d09254ca8cb87ce83e51e2012273357444fcbf6446559bc3181688705596b5699459a,CLOUDY/OVERCAST,DAYLIGHT,DRY,FAILING TO YIELD RIGHT-OF-WAY,1.0,43.0,2.0,2.0
0c4ec9c9f8a34529bf458ad204e177660a42ad9102a3c0821baa17e9dcc080e9e8b2d5eed3262631cb5320010e71942d80a19216f3bc40d348fb9a70c5489b28,SNOW,DAYLIGHT,SNOW OR SLUSH,FAILING TO YIELD RIGHT-OF-WAY,2.0,31.0,2.0,2.0
0c4ed328d90a14f7828fba513b69472ebdde2bb12deab53de010360fb24ef9ad1d1f6f366e711e0379df32aa5aaadbd452409227bb575bc9762f76c749b212a3,CLEAR,DAYLIGHT,DRY,FAILING TO REDUCE SPEED TO AVOID CRASH,2.0,31.5,2.0,2.0
0c4eef5626a85f86ee8a7cf83f765388e606040c400a2a5ba5934d35226c5a47015b71d5e0222db1d9be00a3f67d54ba74c73ae1e6b6e3639d7b5e32ac082110,CLEAR,DAYLIGHT,DRY,FOLLOWING TOO CLOSELY,2.0,35.5,2.0,2.0
0c4ef71ab6b9d7bfd84c8c7eed45e4ecae1ab970268c1d2e2159bac49d7de40c143a41826d4a0b08d69c12b335e6edb5bd1371cad0f914c9be0e25e76bf98fdc,CLEAR,DUSK,DRY,IMPROPER TURNING/NO SIGNAL,1.0,69.0,1.0,1.0
0c4f0969a97ec8a1ad5af9525d977d0c21c27140261fbeaa4942c824e60d51923f648e55b3a81378746af6246d38d87839371b3f08f1a06cd15d305cfa0b6563,CLEAR,"DARKNESS, LIGHTED ROAD",DRY,DISREGARDING STOP SIGN,1.0,37.5,1.0,1.0
0c4f3e034053675a78f673243b317ff9260782c5cc0755da3e94efbf3c1060752d9e708057ddbf6e90fcb2225f3c38ca0302cfefc4926e5470df01252a16fa70,CLEAR,"DARKNESS, LIGHTED ROAD",WET,FAILING TO REDUCE SPEED TO AVOID CRASH,2.0,37.666666666666664,3.0,3.0
0c4f4676b71eb03828af76fb0dbd4f2b00e971f776e2736c29c58267088451a6352464872b07ae750f841c00ce7b6929ca41aac2df742fd3199f92d822bc920b,CLEAR,"DARKNESS, LIGHTED ROAD",DRY,HAD BEEN DRINKING (USE WHEN ARREST IS NOT MADE),3.0,37.5,1.0,1.0
0c4f72d23769713b8eb3c302c8bc0af2fafb7f8c8666347fc713a90de5154db292206a5bbb2c9261b33f591b99918f7298f0eba6e4ace9821eef4a58aa3d062e,CLEAR,DUSK,DRY,FOLLOWING TOO CLOSELY,2.0,33.0,2.0,2.0
0c4f80aa5454bd30a31a557622f1b4b4c7199d1938b5435c2b5982f61a3399747464f2cd1760e84dd761f27d29931c5adf3203d49c0f35ec904bd4b854bf20f4,CLEAR,DAYLIGHT,DRY,FOLLOWING TOO CLOSELY,2.0,84.0,2.0,2.0
0c4fabd1d9f4315e94103171ca4724da68ff538ee3a22b6e5fd7e1a086d0a1949e3bcc33b16ee0f87bbed4a6b07c423ac1fe7ad546e182348903d12f320a9a25,CLEAR,"DARKNESS, LIGHTED ROAD",DRY,FOLLOWING TOO CLOSELY,2.0,24.0,2.0,2.0
0c4fc5776b136237be03fa0085127c0149bb3bbaa509990088bf25bb5fa39c4638a07c3a81c00854bed6f6b2c5c77b8b3c96fe695c6a659442f6ce4dfc029e12,CLEAR,DAYLIGHT,DRY,DRIVING SKILLS/KNOWLEDGE/EXPERIENCE,2.0,55.5,2.0,2.0
0c4fef8f4f88c77bc707bb3d74a1b4d1c1252e4d35709bdefac5cc898713d81d5960544a7bd3d34f328029ba0bfa1208c84df2bb8cf0044dfb4b3e8c73d72691,RAIN,"DARKNESS, LIGHTED ROAD",WET,PHYSICAL CONDITION OF DRIVER,1.0,15.0,2.0,2.0
0c504de1ee582ce0261f054e454b82e4120b6981510716e43332f5f93209bf1c84ebd8816880ee1d4303dba7c08c30df5ee5438aaac4ff9ecfe92fb0732d0538,CLEAR,DAYLIGHT,DRY,IMPROPER LANE USAGE,2.0,37.0,2.0,2.0