crash_record_id,weather_condition,lighting_condition,roadway_surface_cond,prim_contributory_cause,total_vehicles,avg_driver_age,total_people,total_injured
0c506018ca052e52a62abc8fbd1cb7d9ad0cbc328eea69bd55a737a3d0a7658329d1e876d411d2a7ff6c7548c1031bc72ce3071cd6d32530ed89602ccf8370a0,CLEAR,"DARKNESS, LIGHTED ROAD",DRY,FAILING TO YIELD RIGHT-OF-WAY,1.0,42.5,2.0,2.0
0c50763abe12ab1228f6e41c32b925922228d32b7a41ba761cce30cd88d3bfc9534934e2bff9c1e6ec9fc7d970848161e1214e00689c93d9d028d88987452a1a,CLEAR,DAYLIGHT,DRY,FAILING TO YIELD RIGHT-OF-WAY,1.0,56.0,2.0,2.0
0c50a3590205666fa86f1111a1de955e584f39fd6eeed8e0cef443a0c01d239c84bd09a1923288dc3bbbba8902af9c50cbf2141ef0ede43c89e09541152b6d63,CLEAR,"DARKNESS, LIGHTED ROAD",DRY,FAILING TO YIELD RIGHT-OF-WAY,4.0,38.0,2.0,2.0
0c50a8fe648d77e79cdc6de609a4ffa755d02469f4e21e323489bcbae50160d141e93840a74bee5c15999e37a0b1343943e7c53ffe81a3d54d864b8871f468d1,CLEAR,DAYLIGHT,DRY,IMPROPER OVERTAKING/PASSING,2.0,37.0,2.0,2.0
0c50b73ce8466fafff8793392c97821d46485234d59215cf8454b363bcef09fb198738f679ca13ed100078157b76b5bab72396b5ea8df44f94622b62257c9ab2,CLEAR,DAYLIGHT,DRY,DRIVING SKILLS/KNOWLEDGE/EXPERIENCE,2.0,64.5,2.0,2.0
0c50cce4c70be9df8e3347963abe99c8e265175135f00e9c82185ef20b6f50a781ae1f9819b8a7da4cbdb2ffe44f8a4feb0de592e3427ccbe17fe261c629c35e,CLEAR,DAWN,DRY,FAILING TO YIELD RIGHT-OF-WAY,2.0,64.0,2.0,2.0
0c50e583b54436de1278bfba0d89da1dad6a13906186f0df129ff40057378ff06cf4cfbf05fd745e4b5c0a76bb7e4799770d0d4503ca14d3762462f1dce33d59,CLEAR,DAYLIGHT,DRY,FOLLOWING TOO CLOSELY,2.0,32.5,2.0,2.0
0c5121986dee2d370d0adc4bf832213a428ed155ff340fc64d6d89bf5fbd48f11d8ee0b6cd8766cc2a9dcf19b7bbab59b1e005620898ff225f895e87aee101e5,CLEAR,DAYLIGHT,ICE,WEATHER,2.0,42.5,2.0,2.0
0c513a526ef6ca153fdfe785011ea9e84fbdca209884444241ee488329ab6766e6491eab56945566d69a2ea6579c8607be5386893b07277569feeb0d50f856bf,CLEAR,DAYLIGHT,DRY,IMPROPER OVERTAKING/PASSING,2.0,42.0,2.0,2.0
0c513cbcf061d5782f9a8e868066b32cb6a21e505b45b3ae99d33133e986774fe81f1aa49799ab409ef500251ba4eb846bdaf63f8100c62506f82a6652d27ef6,CLEAR,DAYLIGHT,DRY,"OPERATING VEHICLE IN ERRATIC, RECKLESS, CARELESS, NEGLIGENT OR AGGRESSIVE MANNER",2.0,43.0,2.0,2.0
0c5170d00509861fcf41755956570fc48848bb01cfa9655c31fd1ecffab95b2245d661a3de39c722c2dc3fb0663e4bf2c9e1d372c55f9f7b89633b38f9c3e9ac,UNKNOWN,UNKNOWN,UNKNOWN,FAILING TO REDUCE SPEED TO AVOID CRASH,2.0,37.5,1.0,1.0
0c5178ef1a5ea46c543ad371abeabdf8a2caa2036dd3c321098b16524b87a23a7806f877c3f9c5d616834d8eb4b5ad869974ccb0da49180f9830040c91afe699,CLEAR,DAYLIGHT,DRY,DISREGARDING STOP SIGN,2.0,22.0,2.0,2.0
0c51aaffd9201c1d8602a5e0174ced25cfae053a15f31be284ae569884b3937242d3376b0d0ee1b6c7cd939f7c7878d55cf381345a49aca9e9afa20706a27df2,CLEAR,DARKNESS,ICE,FAILING TO YIELD RIGHT-OF-WAY,2.0,49.0,2.0,2.0
0c520e9668937620c81a82c972730eb2e0fa58f48e00f35fbd02a5d25fa4aeb5cd5b69a126a6c6e816f53150f3228e2f348d3f5a2498c4ea0fc40397cfe75ee3,CLEAR,"DARKNESS, LIGHTED ROAD",DRY,IMPROPER BACKING,2.0,38.0,2.0,2.0
0c526be2458dc85a97d5104239ed74de10f70f059e9d4ad19dddc4560361b9a4161c7b89a941e2f3d222897db55ac16afcbd8316193ebe7d0affc58bc3c67d44,CLOUDY/OVERCAST,DAYLIGHT,DRY,FAILING TO REDUCE SPEED TO AVOID CRASH,3.0,36.0,3.0,3.0
0c527b4790b8b781a77a2c2bfa246e575860bec84e33e30d94cd859a9fbd89306b791d65633757669a07d69c5c6046c3e3d87362bdd574c5b58231b8cd946b1d,CLEAR,DAYLIGHT,DRY,FOLLOWING TOO CLOSELY,2.0,60.0,2.0,2.0
0c529286dc9db1fa6f7bc24f6040906d4e9fbcd4e9141aa2bb36b6f5d07a477161f1ce6358d01afd4c7b8cea2dfa73f3b38ad41abb74498c23dff1df10f0833e,CLEAR,DAYLIGHT,DRY,FOLLOWING TOO CLOSELY,3.0,22.0,6.0,6.0
0c529355d86a1e2e2f1739062b87fa38b13ed8555428281113ee9bcbc941a7bc7e57b040fd58efcf74e3b1b666b64c5f91001e361232f0edf72308f806101607,CLEAR,"DARKNESS, LIGHTED ROAD",DRY,IMPROPER OVERTAKING/PASSING,2.0,21.0,2.0,2.0
0c52a5a9b573d4af63f71412204053db9a0d9259b0354246b025e2fcea1e1363016faa2cd0380fdb6f1965debf5790fd0b2227e907f597924f1e971e0eb581c0,CLEAR,"DARKNESS, LIGHTED ROAD",DRY,EQUIPMENT - VEHICLE CONDITION,2.0,71.0,1.0,1.0
0c531e01724b40769181878e2a1021f83f35144463e2c7269b8bfcc24424b42888603ce23707eec2c7282f2c67aa05951df1f34b7343b49e1b7aece271764b6e,RAIN,"DARKNESS, LIGHTED ROAD",WET,FOLLOWING TOO CLOSELY,2.0,42.0,2.0,2.0
0c535d985a177ed3e4d36c48f77aec73791d00e9e6ed12e2fe9028cd508510f8e7aae09349cd8f40aa53fd4446bd827fc39f6e318ce6d62375ef99a70463b216,RAIN,DAYLIGHT,WET,FAILING TO YIELD RIGHT-OF-WAY,2.0,28.5,2.0,2.0
0c535e518b6c74d80eadbf46828c00ee2b09ee788bd24227ec5bb4263fc7e77bed76949546f81d75bbe330e5934bb2848e0533f26913a2495ec0a25c5ac70235,CLEAR,DAYLIGHT,DRY,FOLLOWING TOO CLOSELY,2.0,37.5,2.0,2.0
0c5396c2604f776191f6b965b6bb23757ca5212ba14501335da95c142181c324763bfe0143293ccd0613803e26a6b71df4435726cbca4ded351fbd8264fff764,CLEAR,"DARKNESS, LIGHTED ROAD",DRY,FAILING TO REDUCE SPEED TO AVOID CRASH,2.0,37.0,2.0,2.0
0c53b2b9af8756e1df13bacce5610f9dac899a96802ba8fe1278ac9cb9cd85e2783cf7401a317b3a48b154013a78327dbb91c9075215a7b8d8b4cf2b8ba847b4,CLEAR,DAYLIGHT,DRY,IMPROPER TURNING/NO SIGNAL,2.0,48.0,2.0,2.0
0c53c51f5830511d836152fd169e47ea17ce67bfccaa7d4a919e15375fb330bacb99553351f1c44cc24fdd4b9f9ebe8300a4204dd61ba5aebbeb2790d30b990d,SNOW,"DARKNESS, LIGHTED ROAD",SNOW OR SLUSH,FAILING TO REDUCE SPEED TO AVOID CRASH,2.0,30.0,2.0,2.0
0c53cb0bd0d3cd76b268cb675c34c6078e1e682fba8263c2052be36e3de422463dfb7a941e9fd0a630a4a559052d252cfcfb312f7c9620df16500ce92dc717e1,CLEAR,DAYLIGHT,DRY,IMPROPER OVERTAKING/PASSING,2.0,32.0,2.0,2.0
0c53d52f315204d710a3716718e8265ed31248300e52d3f4334e87d8e1d2c11c2ab864f5386298f862e3e35938f5d1eb55399f5fceec4f0e0fdb0f47d3735928,CLEAR,"DARKNESS, LIGHTED ROAD",DRY,FAILING TO YIELD RIGHT-OF-WAY,2.0,28.5,4.0,4.0
0c53e25ae237ca30f3a4b08a1438406c4f1c1bb1e5dd0733a1bce211b365aad34af31c24373bd1e5754b05b87047c53eb96edc42280fd3e5b89b6926bd7c8f8c,CLEAR,"DARKNESS, LIGHTED ROAD",DRY,DISREGARDING TRAFFIC SIGNALS,2.0,24.666666666666668,3.0,3.0
0c5400e4b66931e2fb6d4901e4000777398c81ea48a3ef6ab057b1883551763605c26fb846c88265a185c6b9275c061dba7c847a8839d0d8f16c1c7de1a0d808,CLEAR,DAYLIGHT,DRY,FAILING TO REDUCE SPEED TO AVOID CRASH,4.0,48.4,5.0,5.0
0c54137f3d0df0b5ef246abf5c91ae1801d1f4f23dec4535cc007680ec85cd3a60aa402f9b6227e6d47cf71cc5e6747d516395bad02c447cd977b5ca4ace9ab8,CLEAR,DAYLIGHT,DRY,FAILING TO YIELD RIGHT-OF-WAY,3.0,41.666666666666664,3.0,3.0
0c5428aa5ad78576868e785542d845faaa4c5d43c8ca04f873a7b5c2287b9729253f9221393c57f16112cd745b44fbdd0f1508f4e3cb2bcc1f967eb41c2ef1da,CLEAR,DAYLIGHT,DRY,IMPROPER BACKING,2.0,24.333333333333332,3.0,3.0
0c5434b5a5c84dbdf9b14ce2522ef023c76ba66692e2c5fb946ed935cfe8c8235a581565653fcfd8665d48e791653d4a216625d98ce4ac18ad83316a88f96a7f,SNOW,DARKNESS,SNOW OR SLUSH,FOLLOWING TOO CLOSELY,2.0,41.0,2.0,2.0
0c543ad8fb96dd3e48ea36e1e6ea56cf32dcf761db5db2c4367c0e3192fcd5eaaa5ad1e0debfa6fda99e7090e7473c9249684885b87b953938c48d2ec74f4dca,CLEAR,"DARKNESS, LIGHTED ROAD",DRY,IMPROPER LANE USAGE,2.0,27.0,2.0,2.0
0c5466869a75c7553e92558a420ba2c8c2e56ebce38ad86b71a4cbc1a70803de8abeaae0e7890b962e14787ea050ee4fd09d77aab18d6d0ca61d4600b20cf971,RAIN,DAYLIGHT,WET,DISREGARDING STOP SIGN,2.0,22.0,2.0,2.0
0c546e9360ca9f3b95375436c793690c468266c4ab8c4d1f3346f80526a9d0060125228689f6e5ee522749ac4fea7bf0efe05fda87310445cdfc42cc96652eed,CLEAR,DAYLIGHT,DRY,IMPROPER TURNING/NO SIGNAL,2.0,33.0,2.0,2.0
0c5478a825cc06e6695494a59a6e5e237c10ac6718c15e2283ba2bd76e8affa106b26798793c4b1d781cb66e06ebf42679c0eb91e13888a7238ac1b844fd073e,CLEAR,DAYLIGHT,DRY,DISREGARDING TRAFFIC SIGNALS,2.0,51.5,2.0,2.0
0c549dc8508c8ae3fcedd8f279f621983d481aade4c542e6a6ab73beb8df1084cc6b8cd43896be4753001ee5ddde9fca952d5b4ec2b4c2f51398dab42194ff8f,CLEAR,DARKNESS,DRY,DISREGARDING STOP SIGN,1.0,43.0,2.0,2.0
0c54d5d8db7a9812a3c295f53c884865646c132394d5e5f4ba6ed68e1328fe6c06694ee16e1d87e001d4430add1160df4f4b9d054abcbb393402307b67c62080,CLEAR,DAYLIGHT,DRY,FAILING TO YIELD RIGHT-OF-WAY,2.0,40.0,2.0,2.0
0c54dd458073f6daa4f1e20713ec62b054333306988110a2dba26ea8a08018fd18b90dbd3b4b7f61416e94bc3580fdac338e8002b736cd49d8cd9fc3d0ee0584,CLEAR,"DARKNESS, LIGHTED ROAD",DRY,FAILING TO YIELD RIGHT-OF-WAY,2.0,57.0,2.0,2.0
0c54e728b82d2b33e1a06924946ce838e15e81e43744d4fe8760fcdd51396431c371283db59aa9c64a136f2def66333fa906ff1e0d2bad3bb11f5e5c7abc02cd,CLEAR,"DARKNESS, LIGHTED ROAD",DRY,IMPROPER TURNING/NO SIGNAL,1.0,53.0,1.0,1.0
0c550db3dc7e6208c7fc678e29158b884e107380131c57f60007b0aef01d8a28f33c171d613f05d9ed6ebbd5a27d4835fa9693e410c81fed5ae4727da59910e9,CLEAR,DAYLIGHT,DRY,FAILING TO YIELD RIGHT-OF-WAY,2.0,23.5,2.0,2.0
0c5530ace8609c875d42504fba9436217779e55963583849ff9afa8ca5657234c109b146219d0f54c8c12ebd6c6cc0b37889bf9b6a85dbdb771d1d1ee9f3e625,CLEAR,DAYLIGHT,DRY,IMPROPER BACKING,2.0,34.5,2.0,2.0
0c553274cbcc70504990503a7c22eef0c61db0699b0a60e2dfffdbb1ab27946c2882c67f3bbdc9542bb1199016da068e5ccc32faa41cda7e1c234443e8e70399,CLEAR,DAYLIGHT,DRY,IMPROPER BACKING,2.0,40.5,2.0,2.0
0c55637e779d17bd2f3b9f72b15f8ff803802a0cda1245b2366b6a7ce5395f9c6ca2a508117e32a11eb241ca971e177e206b1ad0b371863d4da16a11f17f179d,CLOUDY/OVERCAST,"DARKNESS, LIGHTED ROAD",DRY,FAILING TO REDUCE SPEED TO AVOID CRASH,2.0,27.5,2.0,2.0
0c556a6b1f4926ec230bde05392f91019fafcc83534caaf43ba2444e3987794d400a75897633f3ed87c20f5b0f1bb29d5d5362dd786dcbe1db34b109d7f65f49,CLEAR,"DARKNESS, LIGHTED ROAD",DRY,IMPROPER LANE USAGE,2.0,37.5,1.0,1.0
0c558642a459e447b338f12914b75c996b2da17824baaa77f4fbf89f1a463e6831cd0a985a4a7112f4f6e553d0f40180428bd7a5917c5109ad35cdc633af26e5,CLEAR,DAYLIGHT,DRY,IMPROPER BACKING,2.0,45.0,2.0,2.0
0c559f0c78267d929987ad21fff53a2bc2707cb627dcf61ce71b6ddd693d0ba3ea7c624a2b393534cd7cb9e20feba287c4402714b66d3604b7bc6e8a303e90fd,UNKNOWN,DARKNESS,UNKNOWN,IMPROPER BACKING,2.0,37.5,1.0,1.0
0c559f4a121a9597a9127c7b728a9c121b10445ecd81d9384c417822c0f8f5a2d35349265f185afac1a15f7488abdd8500fb4199dcd4755e67b2437bb5c45f39,CLEAR,"DARKNESS, LIGHTED ROAD",DRY,FAILING TO YIELD RIGHT-OF-WAY,2.0,20.5,3.0,3.0
0c55a222d1f0cf9991fafe3f2c8fb9d041cf0cf0bc1b12c95d712dc49d24e9972aa0dd3c0b7cad6e332420e2c5f618276fb7fec4f60bcef48da8e909baca4cbf,CLEAR,"DARKNESS, LIGHTED ROAD",DRY,FOLLOWING TOO CLOSELY,2.0,21.6,5.0,5.0
0c55f03808cd24c7e11fa910b4b036831e4417628a953705f75054dd8e3decbf705ce96bf277d57f7d48f68be3ea01060879c97b4cace72cba4bb3d59b4db663,CLEAR,"DARKNESS, LIGHTED ROAD",SNOW OR SLUSH,IMPROPER OVERTAKING/PASSING,2.0,33.0,2.0,2.0
0c5603a446cea925056e8974fc59bda4eeecfb673c759a7564dc0ee10cb4d0e19526defc566e2a44a21e8f6dda27139b14868ab4b46d956318182ce888fac31e,CLEAR,DARKNESS,DRY,DRIVING SKILLS/KNOWLEDGE/EXPERIENCE,3.0,28.0,1.0,1.0
0c562ba79ce23b227541ebc010c847162f07b142f00f2fbfd9cddf4f69ad6447c8a9cdd8f7294618436946d658978bdb0ac864822f590884ccdb2e1ed8c9ee67,CLEAR,DAYLIGHT,DRY,FOLLOWING TOO CLOSELY,2.0,27.5,2.0,2.0
0c5644f941d6f6fbb75377a79ab94bebcd9ec25a8f7fdf1f6e14703fc633e46afd003cfb2f2cbfa94a019036fba5aa4d68cd932839be96258c0ceb4d5c25a552,CLEAR,DAYLIGHT,DRY,IMPROPER BACKING,2.0,71.0,2.0,2.0
0c5647f15d3c02f906b5021d9f518b5c8cff0869d12911abc4e5dbdff6b0fdb699086e34cd78d7fe6cb4ff7083663272a61c7c183f0e97d6caee503833638d57,CLOUDY/OVERCAST,DAYLIGHT,DRY,FOLLOWING TOO CLOSELY,2.0,45.0,2.0,2.0
0c566a9ac8e60e2f68990d58bf0d705773e79b8533d7f3f766e081329bdb4b672bd8a053514e523e1467c8369f81c6974eb6ccb917980f6b756ea15e89afcae2,CLEAR,DAYLIGHT,DRY,DRIVING SKILLS/KNOWLEDGE/EXPERIENCE,2.0,37.5,1.0,1.0
0c566acf33a14269628af150b4f17727ff478de892409d12657379049e080e777f21d65f1b9717b465c03ae37f69c3c7a48e34d25a1a13bdcc066b94b3cd6fa0,CLEAR,DAYLIGHT,DRY,FAILING TO REDUCE SPEED TO AVOID CRASH,3.0,32.0,4.0,4.0
0c56844cb219410155c0eb3dd0a81eeee84027a1e70030310048cac919cf0fcfec6bba2fb0f09dac13613cd41e87020ab38de5141b5283d3ba9555df79d47438,CLEAR,DAYLIGHT,DRY,IMPROPER BACKING,2.0,26.0,2.0,2.0
0c56ae7a8339007e3c499b4ca311b823e5ca987dbfd936479174dc534b5135cd717a1b0a2dd754b349e70c8677f02bee000dd4ba581118e320133373ff7485e9,CLEAR,DAYLIGHT,DRY,IMPROPER OVERTAKING/PASSING,2.0,65.0,2.0,2.0
0c56d8a26c37ec1851642896e02e13c688950231cce3a0b44ad22331e95288d5a813352339d0ff16c8bbc3d817bd30b965893b9a00049d2b89528c4fd82b74e3,CLEAR,DAYLIGHT,DRY,IMPROPER LANE USAGE,2.0,39.0,6.0,6.0
0c56d8a3c1ec60964ff6ed44b73984a0e00d3a33309baaefeb9c40fe94faea64d453b41a31becfc225d9e133f07e0c8d9cbf2d13a669b10e23c5f99b7e165d93,CLEAR,DAYLIGHT,DRY,IMPROPER TURNING/NO SIGNAL,2.0,30.0,3.0,3.0
0c56fbcead87e3b48c2e0d1a1b1c0aee324d47b999703cbcbde1881151a05c7d554de94f51731332a54e4014e5e357afc1d1c90a5b11f8449091c31b438c2ec5,RAIN,"DARKNESS, LIGHTED ROAD",WET,DRIVING SKILLS/KNOWLEDGE/EXPERIENCE,2.0,60.0,2.0,2.0
0c570a8972650b9d7f1db7694171a535ee0e99f831aeeddb6a6c0f20264b7fa210be5a1f338ff7b10fb7c9d312301e2f4119396a40eec3e90560e12a9ea34ad1,CLEAR,DAYLIGHT,DRY,"VISION OBSCURED (SIGNS, TREE LIMBS, BUILDINGS, ETC.)",2.0,31.333333333333332,3.0,3.0
0c5712c3fff186f53761dd758a5f8b960cb5908f66e308d04f4a19799cf0ebfff458e626070f741a7df3fec888890474bf89193629309943a3ebae43e54aa0e8,RAIN,"DARKNESS, LIGHTED ROAD",WET,EQUIPMENT - VEHICLE CONDITION,3.0,55.0,1.0,1.0
0c5723832927a71797f8c8c62a3afc5032d55b90f4d1481e7f8d86f39161992abec36d53fd6fb1f3902b9c8058b22af1d1d0bdc9177201c12d25fccd10be229f,UNKNOWN,DAYLIGHT,SNOW OR SLUSH,FOLLOWING TOO CLOSELY,2.0,22.0,2.0,2.0
0c576a59a7ca3d0a47e2ffe70c2c0249d50baf6c31d7b2bc96a776bd2d8ee6994ec6eb450fa8c636e867900f6a3684e5e4428d21a0d09ba4f308f9c297cef51d,CLEAR,DAYLIGHT,DRY,FAILING TO YIELD RIGHT-OF-WAY,2.0,38.0,4.0,4.0
0c577b02936789175fe270d2a1792b8492e7f359a30ff26c475180870bfaae4cf9922812c79a1d6b45ca3d9e6232e2ddec8145fd069ae069ce72f1c4653ddcdf,CLEAR,DAYLIGHT,DRY,CELL PHONE USE OTHER THAN TEXTING,2.0,44.0,2.0,2.0
0c577defeeab1f569034ca8cb3e13c9819285f8faa5f9e02a7ad6f888bdd47557bf3d27dfd6f54d8b10430bb8c3c122f57fb468b3d3375450638aba577714996,CLEAR,DUSK,DRY,IMPROPER LANE USAGE,2.0,38.0,2.0,2.0
0c57a3825702e15427216e4959b1635963ba44e713d839fbf010ff4a2786d4d86960fff4da5d568b6dd54c1ebb3f47d7ccce225f6e223de10bda7b1a2cedab9b,CLEAR,DAYLIGHT,DRY,FAILING TO YIELD RIGHT-OF-WAY,2.0,41.0,2.0,2.0
0c57da966bdf64b67a3a24a23d042ae84322c58bbac24eb81bc2542648ada8c82ec03c676b907c7a5bf38724a01d094c4c71b68d374b5bc28f74590f52999c2c,RAIN,"DARKNESS, LIGHTED ROAD",WET,FAILING TO YIELD RIGHT-OF-WAY,2.0,54.0,2.0,2.0
0c57f8412b28820cd805955685769a8b884e5c2bb0a4cd3dbb8396a1944e9450ae281dd9b6575c27a1c5c98daf14920dd4b99491eda0c7414a062589cd34602a,CLEAR,DAYLIGHT,DRY,PHYSICAL CONDITION OF DRIVER,2.0,22.0,2.0,2.0
0c580a8230f0b8360467b7d5073801827a3012db676c03ee05ec706d9e2bea3dabc10e0a2bfa623059075fa232fa35aa2a4e90e1e595f0ae867749041e85208f,CLEAR,DAYLIGHT,DRY,FAILING TO REDUCE SPEED TO AVOID CRASH,1.0,53.5,2.0,2.0
0c580f8e3c4d5cefc8232f2cd63f2f89bba410e6e9ae2ebaf31ebbc9d02344573033a21713affc96062cb4a0e03d3d71302e8df3127019a93e2907d6c67771e8,CLEAR,DAYLIGHT,DRY,IMPROPER TURNING/NO SIGNAL,2.0,54.0,2.0,2.0
0c583171c492bc5edd08af9ae060f5fd7c9994c3aa5abacc4c511df7a0ebc37079f85beea12873e4b0a463ae4f5109fcb7b7473aa692952b6c5ed3adbaeb2748,CLEAR,DAYLIGHT,DRY,FAILING TO YIELD RIGHT-OF-WAY,2.0,43.0,3.0,3.0
0c58af52a34e5b7e4faac6a98b84aae448dc107e4e78cacfdccfa6020c5a0e4b69ed6aede7e12d594d22c58cf50b6ed0096472a4b80de782353d9336ff585f62,CLEAR,DAYLIGHT,DRY,FAILING TO REDUCE SPEED TO AVOID CRASH,2.0,59.5,2.0,2.0
0c58b07df4fe47ec6d1968c785b4d99ccefe5165bdb15845ea177ad8ac88e170dc7dbdfa2b445825b8947b9b42f0cec0ba0d57bebe1d744d6bc2bfca2a9012ae,CLEAR,DAYLIGHT,DRY,DISTRACTION - FROM OUTSIDE VEHICLE,3.0,35.0,3.0,3.0
0c58b138e6483d881bfd3921b07203056a4737a853662af28a51dde0705c472e2bf9e6945348c73b1b660872b282807ed9e9562de7e8e2e1636c39f45f7af39b,CLEAR,"DARKNESS, LIGHTED ROAD",DRY,FOLLOWING TOO CLOSELY,2.0,27.5,2.0,2.0
0c58c3346939ebfd60f89ab51591baf6932dde22cdceb3a35bddf76793aaf1468a35c3ba14b85eb648d660be8bd201a70a9cdbc3822e5a117d3e348cece6d3b4,CLEAR,DAYLIGHT,DRY,IMPROPER BACKING,2.0,52.0,2.0,2.0
0c58f8eccc313c19e57285b8fc4d38d88a6930a486d826a165abb4a091df87075b1941d6b54a8ecc512f24fa770b7fbd8f1957a8350f2d6df657cd77b0b8a2d6,RAIN,"DARKNESS, LIGHTED ROAD",WET,FAILING TO YIELD RIGHT-OF-WAY,2.0,23.6,5.0,5.0
0c5926da29c25f8e50080616d6de5789e2458eb13e42706eebf61317c4e9da9fbca5256d985ef3678120ea2ae2c18cddb51c338bd99b7e2f98af3676b42220cf,CLEAR,DAYLIGHT,DRY,FAILING TO REDUCE SPEED TO AVOID CRASH,2.0,42.5,3.0,3.0
0c592e8602b1b5fd81a0c1d495494c67319fc42e1d27ff5bcdaafc210ad77726540749d1441ae4f2becbf09b9779dc2ab0ab6a09633445c16d3c13bd73c29973,CLEAR,"DARKNESS, LIGHTED ROAD",DRY,DISREGARDING TRAFFIC SIGNALS,3.0,25.5,4.0,4.0
0c5943980e1426b96b6c105ac9ed220c57b6e1acffb81e07737a6e1b4307fc36725fac6de3cd51b9ab31773d4a6d8a956a1738ebbad1347a398aa7d7f7c3a87f,CLEAR,"DARKNESS, LIGHTED ROAD",DRY,"OPERATING VEHICLE IN ERRATIC, RECKLESS, CARELESS, NEGLIGENT OR AGGRESSIVE MANNER",2.0,48.0,1.0,1.0
0c5949855947004f9add992fe0354c6e368a7a82ddc349def1732c1933137daf5d23f28ba20c5bd8853e66946da6fff6f6802302f712f7819049110871e7ef72,RAIN,DAYLIGHT,WET,FAILING TO YIELD RIGHT-OF-WAY,2.0,15.4,5.0,5.0
0c59995dd08f55a1070c27087bbb524ecd5a3712baf31cb5e890e79a7ed5ae9002386f53e13e1d123e00e210e6e75aab1f034d9c739b473d1d0ddb835e5acc3f,CLEAR,DAYLIGHT,DRY,FOLLOWING TOO CLOSELY,2.0,65.0,2.0,2.0
0c599b4d0c2e14d1d8ab95784d2a03e518a8911cad36004e63e912761934a8334f0606d5966943ba364f9240641913f508fe4ba6933fd2f9d77e93e731d813b6,CLEAR,DAYLIGHT,DRY,FAILING TO YIELD RIGHT-OF-WAY,2.0,29.5,2.0,2.0
0c59d97765e05606eae5febdd6cfd3929496e6ebfac457ec440732df1b15e3fa92a41982fc04df307b56c4e3bff22178db3a4434773b1a0f124626f9ae9c6d0a,CLEAR,DAYLIGHT,DRY,IMPROPER TURNING/NO SIGNAL,2.0,24.75,4.0,4.0
0c59e33c4e84cbd76809de2f0f38c85a47d50d73a1cc0d0b7a95918e86a1ee2718f5226678d9076ae83a959ecaff55db5a9dcfd1394833fa730920cd37091b76,CLEAR,DAYLIGHT,DRY,FAILING TO YIELD RIGHT-OF-WAY,2.0,42.5,2.0,2.0
0c59e4261b89c10792215e1f095e509d2e2c8e52f3ded487f7b11b7c14ad4a0c2a8b32656296c1277ba9515f670ef57e991bd41750299f8110db404bf34e3752,CLEAR,DAYLIGHT,DRY,DISREGARDING STOP SIGN,3.0,20.6,5.0,5.0
0c59e9176875b6335cbf94ff1e46795232d47908f370d77b4c450c2a53851d19a25787e2e6ecb643fd1cb58322415a048ffb656089f42bebfa31af5c9daff9df,CLEAR,DAYLIGHT,DRY,DRIVING SKILLS/KNOWLEDGE/EXPERIENCE,2.0,52.0,1.0,1.0
0c59f20aaf71bc7ccfcbc1060d12b542715d5442d014a57143f5c7f63bf1a7e83c630b9a794d89d5d0154e00c270aa30be25869ab129f5f97ed4a694493f164a,CLEAR,DAYLIGHT,DRY,FAILING TO YIELD RIGHT-OF-WAY,1.0,27.5,2.0,2.0
0c5a32625d78305938d43d35eabfc507edaa402c301b4e1f870c976277cc97ef2247f422773251bb431e494a18636e174354a4a41c859e1d54da37829a8c50af,CLEAR,"DARKNESS, LIGHTED ROAD",DRY,FAILING TO YIELD RIGHT-OF-WAY,2.0,23.8,5.0,5.0
0c5a3e5022f1005db3cf4190c10fe7ded42133af956f4303365c2218d90e8da8da6b9105c1d1036fb3c60a6f66f720dd8704f86cd8e17e2dd4150b51b5e2e63e,CLEAR,"DARKNESS, LIGHTED ROAD",DRY,IMPROPER OVERTAKING/PASSING,2.0,29.0,2.0,2.0
0c5a531c510c07f75d82493756773ff660d7ff027fe05320f2fd81511343e72bdc7e9792f67f992b19d6b07dd364c04d58d51de9fcc4a4c25f7852cbabc90a03,CLEAR,DAYLIGHT,DRY,FOLLOWING TOO CLOSELY,2.0,59.0,2.0,2.0
0c5a71ce2c216c54d04088f7c99833ce7c95a9a2b34118b8e273f8f99a849ae252a9cd8657627a51c3b5f40f2f1711a341c2b772acf53957262fd43eab0682a0,CLEAR,DAYLIGHT,DRY,RELATED TO BUS STOP,2.0,39.0,14.0,14.0
0c5a75ae948ff0035e931248a349e8c2e0ec1c6c631bae83571a1ba63bdf2fe556728858ee910bba4056da96b50403a1fd54bf4618f7ba41b0b4dd411b37427c,CLEAR,DAYLIGHT,WET,FAILING TO YIELD RIGHT-OF-WAY,2.0,51.5,2.0,2.0
0c5a79c21e591d55f56f5be5fbc51f1b15ee3e3b6fb04d696d9ae9c68def54794dee98466d2e75b930ac96cd989cb8829820878bd5cf5f225e64a181682a2912,CLEAR,DAYLIGHT,DRY,IMPROPER OVERTAKING/PASSING,2.0,33.5,2.0,2.0
0c5a802cb602bf979494e526fd501e66911019f5255b33270b3a22db528da2c2f92a5e9f20f6be500d2bd70402e29a90f42f9ea5b9d71a002c9469b281166706,CLEAR,DAYLIGHT,DRY,IMPROPER OVERTAKING/PASSING,2.0,54.0,2.0,2.0
0c5ab2e16ee08a127bd210fc9c668e514fa789f98b4f49c1b0a6653d9c7476643ffa2b081c0b37ae3418d59a321c2fcb62c79121dec571915d17e77431d4f0e1,CLEAR,DUSK,DRY,FAILING TO YIELD RIGHT-OF-WAY,2.0,34.0,4.0,4.0