crash_record_id,weather_condition,lighting_condition,roadway_surface_cond,prim_contributory_cause,total_vehicles,avg_driver_age,total_people,total_injured
0c5abc07d7c8b839c2b42ae16b3343453f234c03f857aed55a7693c64df9caa736c86a8a31ba0b258327a7d176178fd71f2f0c2904dec1f74bee6beb389236d5,CLEAR,DAYLIGHT,DRY,FOLLOWING TOO CLOSELY,2.0,39.0,2.0,2.0
0c5ac5c59a3ed52a94b12dbaded8dd9d3e3d116000dcbc892314cfe0bae611edf01987a22d07e655e62c691778776087110d88cc2028007ed1e15ffd8a5e154c,CLEAR,DAYLIGHT,DRY,FOLLOWING TOO CLOSELY,2.0,45.0,2.0,2.0
0c5ae12b37ac7bbe5657f6a998c99c673b317c1feeaa3bdaaa04052016e78198d9545520b2072967e61d812cc821658804e6239d14a83f0c3f5095d0e666f229,CLEAR,DAYLIGHT,DRY,FOLLOWING TOO CLOSELY,2.0,46.0,2.0,2.0
0c5b0127fd04c23163a0c4b5d0e58c3c9f8d935fe72841e12b84ff83ea2c56b869de27c4a48fcb5bf9a1ba2b33f4d49cce217d0b262fccd8f7a71b30cd80f351,CLEAR,"DARKNESS, LIGHTED ROAD",DRY,PHYSICAL CONDITION OF DRIVER,3.0,19.0,1.0,1.0
0c5b11cf68e9a325656ad0ab3d881147647ad9f12423348053874f02ca4c2bf058edab2093d634f86807500f6ccee6df9f2e15014d674d4e4bc12f3fadb59a0e,RAIN,DUSK,WET,IMPROPER TURNING/NO SIGNAL,2.0,61.5,2.0,2.0
0c5b5c7ac1c2482deb892074173fa434363f06b9919aec386f8f73bc9e262c8a0aa696d9d9a08ba7c5ed5c36772e5b97efde7ad405f8825b8b6fca70934415ad,CLEAR,DAYLIGHT,DRY,FAILING TO YIELD RIGHT-OF-WAY,2.0,46.5,2.0,2.0
0c5b6c06034e2f4c2f06bdebe922a00fadb2f832b3ca70032d2a04b41a8d6f89e3501d531db831103c243257d67b65b691c149be1ed3531a0adebf0658893df4,CLEAR,DAYLIGHT,DRY,IMPROPER TURNING/NO SIGNAL,3.0,42.0,3.0,3.0
0c5b82e8828d47cf83e80f6d0199e16eefa68126fe50a4cf718bc1a418662d681aa502f69919e20b7a3404be8655b9a3cceb5b2b7d6a60ae0e08373a9629f21d,CLEAR,DAYLIGHT,DRY,DISTRACTION - FROM OUTSIDE VEHICLE,2.0,13.5,2.0,2.0
0c5b867d1aba31513b34b437c2d4cbaceade9c15c2315758318c4aa7d8dfb534840d93094843d67b10f86df02e80960d90f342d01817d440bf5110a63589d3e8,CLEAR,DAYLIGHT,DRY,PHYSICAL CONDITION OF DRIVER,2.0,47.0,2.0,2.0
0c5bf72e9efb3ae4e28fd40e7ea6ad6285852ec913a4ad75aa6255ac375a5347bdd83b7bd25acb8ac67beef2979d539ec982477bee5f1fe867ce1127c29e11c2,CLEAR,DAYLIGHT,DRY,IMPROPER LANE USAGE,2.0,52.0,2.0,2.0
0c5c1c8c788c087db44dc471d9845b740be7501005c0c5fe07b5072585805663d73f7cd6bc4cc0a0eca18949b3b3c25952d3f3ddf7f18443f2b4da2bc20612f8,CLEAR,DAYLIGHT,DRY,DISTRACTION - FROM OUTSIDE VEHICLE,2.0,40.5,2.0,2.0
0c5c22dba5295e2cb164c9e2b522136cca3acf168ad515081ed742b7aba38bdc46a60aae06c312da5c5d81634d56a40d99acf141bd32348af17f74b28378e5a8,RAIN,"DARKNESS, LIGHTED ROAD",WET,IMPROPER TURNING/NO SIGNAL,2.0,35.5,2.0,2.0
0c5c23d9536f33c11c11ffe90e16ff9e8eccc0d8ff12b60a14a556abb1d078509027a0de6dda5b91f1d5ad3f481cf2d2b8945aee10ca2e89de529b0491382347,CLEAR,"DARKNESS, LIGHTED ROAD",DRY,FAILING TO YIELD RIGHT-OF-WAY,2.0,46.0,2.0,2.0
0c5c4943dc0aa9aab14574740ad20604157eaa72608003fbe8c046da5ef3681e3522bd9c983e53d1a81080d17b02f11427e42d996640f091e0f83aace2ed9e69,CLEAR,DAYLIGHT,DRY,DISREGARDING TRAFFIC SIGNALS,2.0,20.75,4.0,4.0
0c5c868e609326232a25bae8b5cdae377422d53a2feb74a30e2d2b92d5cce24ca9e9b25359ec2b1e3d12b2c34d544f47f894b08698fc3840fd203d30b7b83d66,CLEAR,DARKNESS,DRY,FAILING TO REDUCE SPEED TO AVOID CRASH,2.0,25.0,1.0,1.0
0c5cb87830a157a9c31e9ce257526c5e9dad820abf68642b3fb07c64ebdd99281201a91e12e7d8230668fb1c9f4cd5a6a2a529a78da2c2d0f92facdc29432a7a,SNOW,"DARKNESS, LIGHTED ROAD",WET,DISREGARDING TRAFFIC SIGNALS,2.0,26.6,5.0,5.0
0c5cd10d1fc116cc676c34fa9f78c9c2029827f06f056a4776b6620ed8a178ed44f5a1315cdbeb9dfe066186139ab5313b8f1a7b38eadb30a4c53a9a56679ed5,UNKNOWN,DAYLIGHT,UNKNOWN,FAILING TO YIELD RIGHT-OF-WAY,2.0,29.0,2.0,2.0
0c5cf65ee80843ea3e528f1c99e47c2d2aef63acd6e6980432ed38b61b79c4ce2f15d4a7cb2604d69c0ef42690dc9c4b6afae469f5fc0044611f9d4c02d4bbe0,CLEAR,DAYLIGHT,UNKNOWN,IMPROPER OVERTAKING/PASSING,2.0,21.0,2.0,2.0
0c5d274341687121d7d4350188d54e24b435cb29991dfa0f45e1d993265104b2ba2734917e939d7d34ae6f3f9402b1db27c55e23fb4e149d9e516d258ca71d60,CLOUDY/OVERCAST,DAYLIGHT,DRY,IMPROPER BACKING,2.0,51.0,2.0,2.0
0c5da9659411b0e1b5484041cdca8caf49156a77eb8820e23c613563b2ebc3074afc2bf8987e9e050cb1e38b23a2d4a4387729e190884c2ac6d84a5d1f38677c,CLEAR,DAYLIGHT,DRY,FOLLOWING TOO CLOSELY,2.0,36.0,3.0,3.0
0c5db62820ccf6ac4da8b227fbfc72f12fa36e6cc1e0856e5f4f304ce62ace9d03a536bc1ba408855f4fd24552a63adc774ce2033739d6f14a3062dbc21ab8f5,CLEAR,"DARKNESS, LIGHTED ROAD",DRY,FAILING TO YIELD RIGHT-OF-WAY,2.0,23.0,2.0,2.0
0c5dc7dbdb4f9b97defb5229a1edc2053c3b88e1b156b32f4c9c90c5342f8b11a27f12474cb79c7c3381bd73075c10f48c4ede81afb77882c4b4fe633029fea6,CLEAR,DAYLIGHT,WET,FAILING TO REDUCE SPEED TO AVOID CRASH,3.0,38.0,4.0,4.0
0c5e2cf8db8836350d5b2a1457940b8f9a949cdea0c630a7c46f83fa685def9933342b61691f8f795e4ae790b8a901de951f40d913b05eab9692428b2260a29a,CLEAR,DAYLIGHT,DRY,EXCEEDING AUTHORIZED SPEED LIMIT,2.0,30.8,6.0,6.0
0c5e357694d8b958558b8cc401f7fc0b6469c7c4f7589bd5787b0a04bf2ebc92cddb558b4ec7872ce75bdce5b0a9d7ce62c57386576ed1d41a6c2f47a2a4c58f,CLEAR,DAYLIGHT,DRY,DRIVING SKILLS/KNOWLEDGE/EXPERIENCE,2.0,29.0,2.0,2.0
0c5e56b2b700b1c6d79742d819395aa818166eb5576561bacff611cb4f895d0d354e0cc244d18f77d7eb66002487ac043903942198ad5a4147177728c0a49f14,CLEAR,"DARKNESS, LIGHTED ROAD",DRY,ROAD CONSTRUCTION/MAINTENANCE,1.0,27.0,1.0,1.0
0c5e61f353f90dc03fe97bd938de526710c3a6f690179672ab546517914fa3bb666c0bb025b651b7f7eb186a6b08229bb5c895a5cc5b4495f0ed8cb534d70013,UNKNOWN,DAYLIGHT,UNKNOWN,IMPROPER LANE USAGE,2.0,37.5,1.0,1.0
0c5e86a23fdae484a83112e9755d75600ff881737f51a305cb5b3989512b2dbbe6602230e33b638be67b8fdd4901239c7e1cde519670e4eb1fa060109eab79c5,RAIN,"DARKNESS, LIGHTED ROAD",WET,FAILING TO YIELD RIGHT-OF-WAY,2.0,44.5,2.0,2.0
0c5ea1d533eef3c09de5937f22ded39c05f1439913cb41c48a3aa0460f3037d1fd79a15b8207855cd1214a40c56ee9aa23dce63197a04b38d7a756f2896db314,CLEAR,"DARKNESS, LIGHTED ROAD",DRY,FAILING TO YIELD RIGHT-OF-WAY,2.0,28.0,2.0,2.0
0c5eb6fa1999e7fe26a05f2df4660e5a33696f39a34045a33cef6463056687b0f201ae91262edcb96e9a72ecfc68bfce5d4a50c740ec745002af93e0476b2141,CLEAR,DAYLIGHT,DRY,FOLLOWING TOO CLOSELY,2.0,38.5,4.0,4.0
0c5ebe31a18399dfb5190e77242a2efbedc5cc9dacf7273a8fd7db080c0e1fc9a9a4c6d1ed4322399b994a704808e28b463f08fe22939e63527054813f5767e5,CLEAR,DAYLIGHT,DRY,IMPROPER OVERTAKING/PASSING,2.0,29.5,3.0,3.0
0c5eeafbe0e1a908eb00b69758a3ca99ccb11fde5980adfb4d9bb6a410cb4180f48217aed0d9140209c2da1f3fef17fbc1de6067c9b9b7ce9ec1c4d9ece06479,CLEAR,DARKNESS,DRY,FOLLOWING TOO CLOSELY,2.0,46.5,2.0,2.0
0c5f04db6dad8e2035079c4f8b7c1c2ece6485de07f932929a8c96fe5e1fd25ff7154e7d5e4f0db7ae13dbc18d56aa3c879f3008eaf2fde5b878d41275f5e2a3,CLEAR,DAYLIGHT,DRY,FOLLOWING TOO CLOSELY,2.0,36.0,2.0,2.0
0c5f9d8b9fa303f17bb59638e87b6baf849a8ea8e886eb75f4ab38c94f566d771e87b571bbdf9d591ffa675faf3f488832d85634c2cac5bdf9c649a848262571,CLEAR,DAYLIGHT,DRY,IMPROPER TURNING/NO SIGNAL,2.0,40.0,2.0,2.0
0c5fd6e4b1890270adad1ee2e280fd6df92e19bcf88bcdf10f76e956c9befc9fe069a5d9604073bc96f1546eba37fe987bc6777be93ca2686baf765380157cc2,SNOW,"DARKNESS, LIGHTED ROAD",SNOW OR SLUSH,WEATHER,2.0,36.5,2.0,2.0
0c5fde806e4daa03f7075cbb761011f036d8a8ac832b96469fc42e489adef59cfc8f04133f8fb38efc0101f977fb739f22e5d19cb8c5fca2480c48543d1aa7a0,CLEAR,"DARKNESS, LIGHTED ROAD",DRY,EXCEEDING AUTHORIZED SPEED LIMIT,1.0,21.0,1.0,1.0
0c5feda03d4c0dbfb73f9e20c3d107c3cae05334e9e7715e8298d9619d3d073c8a3a2d7c738270bb36d7707829ad46ff8f1bc6642aa3d2ffe471c4941283107d,CLEAR,"DARKNESS, LIGHTED ROAD",DRY,FAILING TO REDUCE SPEED TO AVOID CRASH,2.0,35.333333333333336,3.0,3.0
0c5ff83db714caf346ce25305392b9042b1c6aeaf4b0205ad65c1e2a1d9a44793c25827c28233cefd03bbeb570b5de105d117d719b9dbb9501b22f0dcc03a84c,CLEAR,"DARKNESS, LIGHTED ROAD",DRY,FOLLOWING TOO CLOSELY,3.0,33.5,3.0,3.0
0c6038a569430af1db2235fceaaeeefe212ca7e3891275c10665a21277117ce4ecdef4028e8e9f6f60ddd1c58a02a0d75d9e259c10572b07d586183ae7870d31,CLEAR,"DARKNESS, LIGHTED ROAD",DRY,DISREGARDING TRAFFIC SIGNALS,2.0,21.5,7.0,7.0
0c605d7811996695317fe7a995e3720671173a20ba997a7104435765508747f2f57371576a3473be63a4cf8344d6a52055445138f56329159dbdf70fc72a4f0e,CLEAR,DAYLIGHT,DRY,FAILING TO YIELD RIGHT-OF-WAY,2.0,41.0,2.0,2.0
0c607696b878f13c3bb725531eab14cd0fb92ec76acf1d26071e7c49f39e2831c03010fb122b14a61d7e2920b582fabd6745ae4014c7b7dc8e4b755ea17aa00c,CLEAR,DAYLIGHT,DRY,IMPROPER OVERTAKING/PASSING,2.0,45.0,4.0,4.0
0c60a649f8b3341183a78e350922c89ad8dec3d12b9224aa7e050f4beee1338b8872de225dec6bcafb16a0b1143149e3d2f66c7f18adf9918954336c0159f084,CLEAR,DAYLIGHT,WET,"OPERATING VEHICLE IN ERRATIC, RECKLESS, CARELESS, NEGLIGENT OR AGGRESSIVE MANNER",2.0,31.0,2.0,2.0
0c60d4456732366e495729139fdd4cc9e6cc96a2b3cde06d9f65f05ede02c57f177b420532d6cae69867639eca9500f26adafc2d12f8fd2d361cc5d604e0c2f7,CLEAR,DAYLIGHT,DRY,FOLLOWING TOO CLOSELY,2.0,45.0,2.0,2.0
0c60e5af05ba5a9682c0d9099cfd4d0710ac875c1d5d48be7bdcb85d8dc5ba566fd7a6905c131c717152d961678a56b82f8a6283f37e193357e94e09ee7b9288,CLEAR,DAYLIGHT,DRY,DRIVING ON WRONG SIDE/WRONG WAY,2.0,59.0,2.0,2.0
0c6115ebb7e9647e80acf799061cd9ac023afd8fc5fcf0ca2e733f284ffeaf52e59d576796965c2419d62068fa66552082c810c1e978becd072c28cc6564afc7,CLEAR,DAYLIGHT,DRY,FAILING TO YIELD RIGHT-OF-WAY,2.0,38.333333333333336,3.0,3.0
0c611ba89371f8de675b4372af3f093fa4ba3a5d0669968923cfd2dbefeca9ab5b349d2544dec627728ed84e1b20d002e29e084cb24a5dff8e5a41540f86d680,CLEAR,"DARKNESS, LIGHTED ROAD",DRY,IMPROPER LANE USAGE,2.0,58.0,2.0,2.0
0c611fc0613e3c1dd353ed338dbe93ffc426d8371a65da881362ad47007d80a48ee3636d115fb1a6dbd5b26b4c3b42452832e4d7597d611bfc4b1e3b65836d24,CLOUDY/OVERCAST,DAYLIGHT,DRY,IMPROPER TURNING/NO SIGNAL,2.0,54.5,2.0,2.0
0c6126797d1c8b9d17f18f46a2e515f044722a76aee26180470153c34b72be41d8a57d0c6f62d634548ac55c1f25acffb55b5cd4a025d4652a14ea97fe801839,CLEAR,"DARKNESS, LIGHTED ROAD",DRY,FAILING TO REDUCE SPEED TO AVOID CRASH,2.0,37.5,2.0,2.0
0c6131f5011f86f03cc819664096ea220dc60687cbbed192068c21b1f9cf24522bd7913f41fb622a77a699275e2211f98624760a3f6ced5bdabaf0db276a5578,UNKNOWN,UNKNOWN,UNKNOWN,DISTRACTION - FROM INSIDE VEHICLE,2.0,23.0,1.0,1.0
0c6189d08ff852016753dd68fd68d0c302b5d80e5089ef7074faa3d0a62f7088ab02a8337e6df672bcb3d1c4305121ffa3c49788a628dea04051e865b59a0b64,SNOW,"DARKNESS, LIGHTED ROAD",SNOW OR SLUSH,WEATHER,1.0,28.0,1.0,1.0
0c61b2f2356349c0d33aa9ef6ae1e46bc1416c863daa19aa0991c08f49d4fa547e97aec416754e22f7357f8b321e25f43a84643922c72fc0a61d9d751a3cfc76,CLEAR,"DARKNESS, LIGHTED ROAD",DRY,FAILING TO YIELD RIGHT-OF-WAY,2.0,30.0,3.0,3.0
0c61b769f2baadd281e599bcf51d695bb1965309f05ef90c632e6f2bcbbcd3300ce6fe8afe2960a681ac92aca759c0c24b706a5fcdc9f27ccfd6be9a69ab5ce8,CLEAR,DAYLIGHT,DRY,FOLLOWING TOO CLOSELY,2.0,17.0,3.0,3.0
0c61bdfb8f5db968815dbfc0cc5ad1b6f52a026b4019e0a0b81f01f51c9c7cb581126c7e73bd69aaaa0bbd4074c700446093452e879aed13e238fb41be73dba9,CLEAR,DAYLIGHT,DRY,FAILING TO REDUCE SPEED TO AVOID CRASH,2.0,57.0,1.0,1.0
0c61d3e766f8384d1b5e05abbe709b0388f127b023a0868881687311a43e6ec02ee8fc8e83dc0f54593720a3202a1da7fc9366834513d4d9daf72b98f9553e57,SNOW,DAYLIGHT,WET,DRIVING SKILLS/KNOWLEDGE/EXPERIENCE,2.0,28.0,1.0,1.0
0c6225fdb60a3c28090bb78f31fcd74d24aa15ce3c78e0d7283be0d80e4676183a071af34ccef9f7d3fe442e27f34af3aa1dcbcecc14582c05b2d62b036eb6ff,CLEAR,DAYLIGHT,DRY,FOLLOWING TOO CLOSELY,2.0,61.0,2.0,2.0
0c62420effe98d3d563b9226b85e6d2548b6d9c355489c395ec5e5b646ee996ee79f7aee3c7f1114e9b745cd86a9db7744151458d6f1976876cbe3c034f898db,CLEAR,"DARKNESS, LIGHTED ROAD",DRY,"OPERATING VEHICLE IN ERRATIC, RECKLESS, CARELESS, NEGLIGENT OR AGGRESSIVE MANNER",2.0,37.5,1.0,1.0
0c624c464ee2d766da5e79cf21c53582872f77f15c814e71805391adfee51098e8a351fe83f11d300b148eb2835b8103dfac0bd98d713fdaebf8239f1c8013e3,RAIN,DAYLIGHT,DRY,FOLLOWING TOO CLOSELY,3.0,59.0,3.0,3.0
0c6266d17b2684dd550c4d1fd63acda578682a94ba79e9db25ad65775f470f85a99a2f09be10c8aac457cfabdbf5d93d51f78f0323a8d3cba935b9f700f6c1f7,CLEAR,DAYLIGHT,DRY,"VISION OBSCURED (SIGNS, TREE LIMBS, BUILDINGS, ETC.)",2.0,42.0,2.0,2.0
0c629d6edabf7c1d528ccb2cb3648ee8bea9b02e402ae4132c39eadc60a8ab678d4c04016e809c562490a8f9d73fee2e5aa9b46d7432dc43ae7f2a758df3030f,CLEAR,DUSK,DRY,IMPROPER BACKING,2.0,37.5,1.0,1.0
0c62b01eb67df0a9879558ffa696a2fe8af08397152ab3b5bf2c263a5143e9e7b776e22afcbb71cc845a93cf22a2d790b9c5d107a20daa3143f67c5b754485b1,CLEAR,DAYLIGHT,DRY,FAILING TO REDUCE SPEED TO AVOID CRASH,2.0,32.0,2.0,2.0
0c62c1f471074510f0dade3a52e330a963ba7b3dec3bf380a9ab54ed2441f16e786a2d6f39647c05591fbe4c6b14be5192a8a2abb600e789d1ecc7e9d03fd620,CLEAR,"DARKNESS, LIGHTED ROAD",DRY,IMPROPER BACKING,2.0,37.5,2.0,2.0
0c62deb8a4809137b0ebeb7bd38d1b4bd702966abd0755842b30680d83914207d5da689300a00d6969a82ccce30c21ab0f31897689cb01bed84083030259631a,CLEAR,"DARKNESS, LIGHTED ROAD",DRY,FAILING TO REDUCE SPEED TO AVOID CRASH,1.0,65.0,2.0,2.0
0c62fa8e753bd25b1964703f7444cf501397da3dd19a84ab4476835a3177e55e9d331c45299a311b8d1b1eccfd8983d8ab919cace0209cc6f5078a7a9655fce7,CLEAR,DAYLIGHT,DRY,IMPROPER LANE USAGE,4.0,30.0,1.0,1.0
0c6300cf08ce560c37a8a88823ed1670bf4dca005e092d33e575e18694fa5c4442b4fbfbcfdf757f8d8dfa414b887a9455a7cf9bb3f2971a986bcd62b9e5a54a,UNKNOWN,UNKNOWN,DRY,IMPROPER BACKING,2.0,37.5,1.0,1.0
0c63087fd403464d626d65fde8e746a9f3fcf91d62191395a6d1106dae7faed18f1382649d012a15572a74f61d5df849461aa01f8390f1d58a90c526f0fba1cb,UNKNOWN,UNKNOWN,UNKNOWN,FOLLOWING TOO CLOSELY,2.0,18.0,2.0,2.0
0c631cb8da74bb475886eee5d82cef7076359d4c94c5be0055860253515ceca1b34743d0374ea8f7501808db252a4284f6b15618665d04ee1b5acfad3ed8e036,CLEAR,DAYLIGHT,DRY,FOLLOWING TOO CLOSELY,2.0,66.0,3.0,3.0
0c63d3877523882c169475c45ac8af75c1bc5f13a05e368503a7c6d930a611098349ee98f58a2f1117066da9054d0d29b8d8fc5cb0c75074cba81eb71aedfe1f,CLEAR,DAWN,DRY,FAILING TO YIELD RIGHT-OF-WAY,2.0,34.0,2.0,2.0
0c63d5532da11e924899c736156faca5a01ae5194aeec230f5db7efcac2f771170add45711341829ba9657a67ea31b2108844de89af14ed0e73b6ce936aead99,CLEAR,DAYLIGHT,DRY,FAILING TO REDUCE SPEED TO AVOID CRASH,2.0,47.0,2.0,2.0
0c6442927ca61f2986532611b08846c03b7e7dead90c411c1b58a7bc2c7cabc2e609872e2282c5487704ee5561ef2718ef8ab51dbcd458fdc3bbeec10449a666,CLEAR,DAWN,DRY,DRIVING SKILLS/KNOWLEDGE/EXPERIENCE,2.0,0.0,1.0,1.0
0c6453c61ac207064562becb7e393238a7461c9d0d9617214844d6b067420a2574c946b323643b7581855cf8ce4c7e821cdc32c021c88adf8983a91a8dff2c67,CLEAR,DAYLIGHT,WET,FAILING TO YIELD RIGHT-OF-WAY,1.0,37.5,2.0,2.0
0c6478f89b89786bb01df9487af462b471ca3b0e47490af6d2ff65bc79b1368eb34766b694944601806dd8a2905b892823546467a04b558a9e794f2b3e274cd0,UNKNOWN,UNKNOWN,UNKNOWN,DISREGARDING STOP SIGN,2.0,49.0,3.0,3.0
0c64797e392513f7eee6130ed8018f95e1f837511236613d9b43fbeb97f6d961efd88858819ea65634a8f373f92869b123546c462cf1d83e3e6dc459534796f8,SNOW,DAYLIGHT,SNOW OR SLUSH,FAILING TO YIELD RIGHT-OF-WAY,2.0,30.0,2.0,2.0
0c64a565ec03c9097feaabe0491d963112bb553e70bd57cc127d02432356b9185e520cb923c57308c6d0d3144f0fdc77c867348f305022436299b71607fc5747,CLEAR,DAYLIGHT,DRY,FAILING TO YIELD RIGHT-OF-WAY,2.0,36.5,3.0,3.0
0c64bbfef5b3235daebaedb9a5a968c9650558b1473b15540bb8b2c772ac473fd8591110df17bdc5664e252987f79a53b8e8245d99b3f9fe88721b64f6b69356,CLEAR,"DARKNESS, LIGHTED ROAD",DRY,FAILING TO REDUCE SPEED TO AVOID CRASH,2.0,71.0,2.0,2.0
0c64e0210999c5a1b13a8bddbe48540ec18eae17001dd1b828fc295b73aaa82eb3af4ed3e90e44016d2fac28cfe6bec978e65d35aa126068f4df71f181b66155,CLEAR,DAYLIGHT,DRY,FAILING TO YIELD RIGHT-OF-WAY,2.0,59.5,3.0,3.0
0c65126d875074830b1ba6fdc00d91c8e6d2f7c0a4036ffe42aad9593f15a5f5e51f127bdae980eb2edf4dc5f5203ca15bbd43d165157056ea36ceebc5b8fa53,CLEAR,DAYLIGHT,DRY,FAILING TO REDUCE SPEED TO AVOID CRASH,2.0,37.666666666666664,3.0,3.0
0c6547d1a2808cf68140eb0c55776df12fa95ecdcdcc83bc6ada0e76e6ebb50b0c5e1dcbcf1077cba612aff4ed566e475113c00af4cc35926d87567f3f3f71e2,CLEAR,DAYLIGHT,DRY,FAILING TO YIELD RIGHT-OF-WAY,2.0,25.5,2.0,2.0
0c654955ff5714cf012e22c51041a9eccc6c918e4a27d51ca0c55930abff4250ad1d2dcb0074456db4544e8e6907f10d80d68ccc3498a82b62d5342674ef5043,CLEAR,"DARKNESS, LIGHTED ROAD",DRY,IMPROPER BACKING,2.0,25.0,2.0,2.0
0c657bb8b7605d69804feb72e746123f2b777d96c36d4d80309a771a62cc4e48862ea0fd8f2d1f2c4c76bd2797b9545815fd0f8f50cdfdbe7e37058c376ce049,CLEAR,DAYLIGHT,DRY,IMPROPER TURNING/NO SIGNAL,2.0,32.5,2.0,2.0
0c657e4be42b15e59f5f050d067efa787d62f6fc23b1cfa533f50996f4aaafc27a867757ff0bc0ca1556bf458ba23cb71aec60c394d59dfea85d37189eed709d,CLEAR,DAYLIGHT,DRY,IMPROPER BACKING,2.0,19.0,1.0,1.0
0c658b2d6b43e994d3e0ee81c9d5f23190aaeac925d683e80f5d234ec6e8a4b821cc8b80c11875401dc89679d14a2bb3886b52f7544514f525fa8c45d3d5de07,SNOW,DAYLIGHT,SNOW OR SLUSH,IMPROPER BACKING,2.0,67.0,3.0,3.0
0c65ad6319d3eb0cfe3a26dfb0c86794e2e3baebc5e931af42980287889296c086dfa205cca66601beae5ef16ac58d7015638de8f8b6489b2fce4598dc0c1922,CLEAR,DAYLIGHT,DRY,FAILING TO REDUCE SPEED TO AVOID CRASH,2.0,50.0,2.0,2.0
0c65c5439a30763da6f0102eafdc7d32022536dc7951805dcec301ba47396c8b18a4b9d5559f7cb382b3bdfe05d7922eddcf269bf08a553c22699d9d29686b1e,CLEAR,DAYLIGHT,DRY,FOLLOWING TOO CLOSELY,2.0,58.666666666666664,3.0,3.0
0c65dcb4d6b45cd469a69cf17e96ef2ec198e74c95cb08b75ced516bfb4ef9245e10d41ac7ced9368112056adf7e660c682348b780790e5009c993493214ccec,SNOW,DAYLIGHT,SNOW OR SLUSH,DRIVING SKILLS/KNOWLEDGE/EXPERIENCE,1.0,51.0,1.0,1.0
0c65fc29436b5e1b72c59b17730c620b56d92dd717b1e7e50218bbc157fb86fdfe1d28b11584e965848f3a643eda583679555fb679fe945d877f08718b0a9617,CLEAR,DAYLIGHT,DRY,FOLLOWING TOO CLOSELY,2.0,47.5,2.0,2.0
0c661a2bf5a096531298acbdb3cf922aec035321e982db147420a038dc0919015454ed4c1174ac08bd7b9a092b107b1038d1be7e12bf82a1ac74ae0665e62164,CLEAR,"DARKNESS, LIGHTED ROAD",DRY,IMPROPER TURNING/NO SIGNAL,2.0,37.0,2.0,2.0
0c664971c9821644fbfb46c28db5508155b1a8fd222e555b084855355c3c633c09c6fbe3ef38d246daac1f89c080622bfe5e02c1de5a0a6b32bbce2e2e857107,CLEAR,"DARKNESS, LIGHTED ROAD",DRY,IMPROPER OVERTAKING/PASSING,2.0,36.5,2.0,2.0
0c664b9e36999dc380414fb6a76010e0363e2c322a7ad3612853c2645b409660e8fdde8868bc1f28901f1b46c73c0acfaae1ae4fee0fe3861d64476f03741217,CLEAR,"DARKNESS, LIGHTED ROAD",DRY,DISTRACTION - FROM OUTSIDE VEHICLE,1.0,32.0,1.0,1.0
0c664e5b9e3667069fe369bcc898bf487f504a0d09f814481e199a94f4e1252f44d83b2598c758699c37c00ed6e25ea77c26f57f3c9b29a909b290547a0947b0,RAIN,DAYLIGHT,WET,IMPROPER TURNING/NO SIGNAL,2.0,55.0,3.0,3.0
0c666fb1360739e9337156ca74b1908a4eb1aba8a31b180b55174ce46aa8be019c2bf21ea853fad388260e0273881b9db63a9cfdb06a1872e66a76383a258da4,CLOUDY/OVERCAST,DAYLIGHT,DRY,EQUIPMENT - VEHICLE CONDITION,2.0,26.0,2.0,2.0
0c66a14691f7089136dbb7ca11a3fc52f48d3e220a0f0ea433883f7979b1f45ac7fa7a404758abf7591aafffc82281611c0d10dd8ea357f8b6c172cc1ab24928,CLEAR,"DARKNESS, LIGHTED ROAD",DRY,DISREGARDING TRAFFIC SIGNALS,1.0,27.0,2.0,2.0
0c66a307c05f173dc06f549528f8f767457d963bbd52c331fd0a612955d23406fc711df050c412c74cca8a9bc233ea118f4a5aa8d5981fed1760eb5d7082262d,CLEAR,DARKNESS,DRY,FAILING TO REDUCE SPEED TO AVOID CRASH,3.0,41.333333333333336,3.0,3.0
0c66c10f6b7ce53592ae5afdcec1eda2a313e0a4b9bbad5c8e36f5409c9ef557302237c643983c7b3547a83de294cc51eaf794bddc1b7f0c8dd2825e09a19e1c,CLEAR,DAYLIGHT,DRY,WEATHER,1.0,22.0,1.0,1.0
0c66e321c13c585e58a84760e4ab2f72d2f14352fb9ccff269432330b91a1012f85b3c03d2ea17d39feabeb688746465b81a86156e321523ac504ae5a31a8995,CLEAR,DAYLIGHT,DRY,FAILING TO REDUCE SPEED TO AVOID CRASH,1.0,41.5,2.0,2.0
0c6717390a62e9c0cf4d9eb0473c73f90780f30b80722f9e010a127a99736144de7cdb1540916c1bc14dffe5125dab7a5ba103605dddc1e88e3a31b5185b6c07,CLEAR,DAYLIGHT,DRY,DISREGARDING TRAFFIC SIGNALS,2.0,39.0,3.0,3.0
0c6728756558d4f420c6d3d087ae346e24b2c51196566ba243d05f0eec49ad95a0028b16bea1c8efdbda4a44d4cc8ef7dea87b6e782073b2e72bc5c6f5e6dd13,CLEAR,DAYLIGHT,DRY,DISREGARDING TRAFFIC SIGNALS,4.0,34.0,4.0,4.0
0c67880e2d864b8f04ef484d958ba4db660c4727730b4011cc64b3ff4c16607cb1eb233806565c105cba65d2aa882a8cdf2e8b12a8141689b767dfbc33d031ee,CLEAR,DAYLIGHT,DRY,FAILING TO YIELD RIGHT-OF-WAY,2.0,32.5,2.0,2.0