crash_record_id,weather_condition,lighting_condition,roadway_surface_cond,prim_contributory_cause,total_vehicles,avg_driver_age,total_people,total_injured
0c679cebf44cb9ee8b26df82f2a16893a7eedf1afbec7f66d9ed0dbe24f829cd17802bfde650057464cb0296e06760496c76aad4268b58123f2395ebe67793c1,CLEAR,"DARKNESS, LIGHTED ROAD",DRY,DISREGARDING TRAFFIC SIGNALS,2.0,24.0,3.0,3.0
0c67ef9af5e671a89d5cd5b5d912adc9a7b6ff58f27b5484ecc3a726188d02609952eeaf3c08f057c1c772e63b48cb6910b0cc4e2e8750e5e9ddeb06a9d858c1,OTHER,DAYLIGHT,WET,ROAD CONSTRUCTION/MAINTENANCE,2.0,50.0,2.0,2.0
0c680ad8fa58c01645b894fd33e2bf964c787407dee90b1d7b89f56cbd4556b6e4cdc9e80d7c3e831053eca39989c8ee5a5f33bdf79ff3c35a32e2318af946db,CLEAR,DAYLIGHT,DRY,FOLLOWING TOO CLOSELY,2.0,28.5,2.0,2.0
0c6820229a67546bcc433f4983c676f49c9aec5417d6110cb52cf6758ab6b7e27c71793fcffc85a55e9e17f3193fae512e8a57b1a25cbf8c4d4ed355d3df1430,CLEAR,DAYLIGHT,DRY,IMPROPER LANE USAGE,2.0,56.0,1.0,1.0
0c684450f8324360e28416c75d76db7d83d7522b1fc1fcef6554d060ecc32374a0bd9f2c104b2e71bde7ff1b71202e88e7c5e59bc4ad3fbeade731289e973ab4,CLEAR,"DARKNESS, LIGHTED ROAD",DRY,DRIVING ON WRONG SIDE/WRONG WAY,2.0,42.0,2.0,2.0
0c68543a34a4c4b52b6cd343284fe2620917ed511b7b7eb7a3e17288bf299daf667d3bf03ddd4d3f625b6e0ee3b58c7d82ef072ecb7f1795cc727286cbb3dbac,CLEAR,DARKNESS,DRY,FAILING TO REDUCE SPEED TO AVOID CRASH,3.0,40.666666666666664,5.0,5.0
0c687d76979d8113da7b7e999dfd8bb2d230bf0cf58d0d6bbc525f5ecb4076bee840aa527a19eadc7625e25e3edefa6cd85c44792a38511399ac99a6aff16528,CLEAR,DAYLIGHT,DRY,FOLLOWING TOO CLOSELY,2.0,16.5,8.0,8.0
0c68862cf2f37040273a060a2e6c75a86b8f7d9b860e1bfd79a7f3a726a5a59ab89b57604d5183d506ff81519c023796615dfaa938aa479e241ab8bf58ba3ac2,RAIN,DAYLIGHT,WET,IMPROPER LANE USAGE,2.0,50.5,2.0,2.0
0c689ae18b17257ce0dd0262c2df517f4025f978ea953348d36f4ac48703e6449747d1dd34fb55cab8e5cfec148a823da76c548e474b86b90bd0e4d52304efd8,RAIN,DAYLIGHT,WET,FAILING TO YIELD RIGHT-OF-WAY,2.0,32.0,3.0,3.0
0c68fe5de22feb63742e2a576d227eecdea7e148ba39eb4fb15008e5ca2b0181593ad5953f50334ca50c2f62774a8085bb38e52db0dcaa9f494b45e5a40a0b9e,CLEAR,DAYLIGHT,DRY,FAILING TO YIELD RIGHT-OF-WAY,2.0,34.333333333333336,4.0,4.0
0c69141b50d952ea137a8127efd5d6f913a23be898a88e8d62e0ef7725141b3a38c29b2a823679abcd3c3c501a7bda66eda01e399f39286e070cec8c1430ef36,CLEAR,DAYLIGHT,DRY,DRIVING SKILLS/KNOWLEDGE/EXPERIENCE,2.0,45.5,4.0,4.0
0c693736b3ab40f4c016ae6553f9ccd53fa1d0cc029c43740ace4d431b696d12f54272759e69952365af7a62ed76c0b1277481c59957b8c6d7026d493a8f51d2,CLEAR,DAYLIGHT,SNOW OR SLUSH,"VISION OBSCURED (SIGNS, TREE LIMBS, BUILDINGS, ETC.)",2.0,50.0,1.0,1.0
0c694893bbe1a9dabb2777b92738f63d66387f770719d066503f1cfcdcbb09678616587731a1d6f480f474e4584f294d6cae8d38261747d811a53f2af20327b5,CLEAR,DAYLIGHT,DRY,FOLLOWING TOO CLOSELY,2.0,52.0,2.0,2.0
0c69a67472000c381becc7606a27c361269f1bec2515e7557619d61fc921a430c9fad240e4de327854a8ccff5cf84d65f8f9e2ba8ed315347f7f8107c3c584bf,CLEAR,DAYLIGHT,DRY,FAILING TO YIELD RIGHT-OF-WAY,2.0,47.5,3.0,3.0
0c69e1051c508cbee3a957404596ca3e8f535a2e39aa3093fb52b54296134bca1173fe67a404814c5baea4b948f1cc1b856687233a494f2e91592767926d0515,CLEAR,DAYLIGHT,DRY,IMPROPER BACKING,2.0,40.0,1.0,1.0
0c6a13db1818c54c84f7871915ef530dd227c2ea54d9c65a20f12d5591b1ecbd39c98805748abce1dce54964cdb5568c79f5eba9ea8632c4a3cddee75d290c1c,CLEAR,DAYLIGHT,DRY,FAILING TO REDUCE SPEED TO AVOID CRASH,2.0,63.0,2.0,2.0
0c6a4010788d4407e99058145cdf30d37a062b00c515563ddfe341daa9460146784c88d07e86bcd2558d57faa5a7535da1a9d465250e6412c7f307f699b4b54c,CLEAR,"DARKNESS, LIGHTED ROAD",DRY,IMPROPER BACKING,2.0,25.0,5.0,5.0
0c6a780ce02f784ce05f9c2a4cec44373d44c5e403556b3c1f99146c4d6e3b50823addef3817613e4e196be6aa2a2b291bf245c47533584d38c2f617cb57e4ea,CLEAR,DAYLIGHT,DRY,IMPROPER OVERTAKING/PASSING,2.0,38.666666666666664,3.0,3.0
0c6aeef8015d2af7682baa0d78dbb57ebc76cfae2a87b13e5c596709c9311e59cff61334e0baeb76b3dfa858f13dc74852d78736347ba56db5f70181f0e6d31b,CLEAR,DARKNESS,DRY,EXCEEDING AUTHORIZED SPEED LIMIT,1.0,37.5,1.0,1.0
0c6b1001fa6250972f05aa663eea5f41a1d583120f7542fe97d6cc5ccea2d6c10f7f5c9ffb86d231f123b590aecff89f3286c046b68f805c52f1f61487b14e1a,CLEAR,DAYLIGHT,DRY,DRIVING ON WRONG SIDE/WRONG WAY,1.0,56.5,3.0,3.0
0c6b147e6fb4c06a2bed684684758cb6e24034a3ddc808931e376f72c33c9cbbdd8fda8682360bbfd35df1bbfe1397b12c1a4fbb715d60a28a605a8aecc1596d,CLEAR,DAYLIGHT,DRY,IMPROPER LANE USAGE,2.0,33.5,2.0,2.0
0c6b6a51a25ee0cfe71f1495306e468e7f50126ac1472c70670b008a40b6d63460ac51c36ee53549d2a278e7c7d8751d5177e78ed6ab74c45f9d39ddfc9c2e7e,CLEAR,DAYLIGHT,DRY,FAILING TO YIELD RIGHT-OF-WAY,2.0,37.5,1.0,1.0
0c6b6aadee729f18327b80f9c69a2addf064c4bc1f2cabfee3747d6cc2270cf98f2bc02aeb03da8f34fbfb3f3f39e6c5fa7368685b45c8aa34ea0a73bb01695c,CLEAR,DARKNESS,DRY,IMPROPER BACKING,2.0,35.0,1.0,1.0
0c6b6dab1b8cf4c3c2afd102c2127e012dd1929807859eb10778d990fd0cd56f171157ddfa2bbfb7afd2d1786b8228de49d550202cee3899f8095cb63073a742,CLEAR,DAYLIGHT,DRY,"VISION OBSCURED (SIGNS, TREE LIMBS, BUILDINGS, ETC.)",1.0,23.0,1.0,1.0
0c6b6f1fc7c81b24d8dc723e5b59392a454ca598156c6b91ae5491892e077418cafc80bf87bc6dcad862cc886104b28cc4a175fc1c99efdc4f9ba03d5e261f1d,UNKNOWN,"DARKNESS, LIGHTED ROAD",UNKNOWN,IMPROPER TURNING/NO SIGNAL,2.0,31.0,2.0,2.0
0c6ba559a0c3ee73772c94163d7fa12670af30f8029f2398440a13001120ff829c38b48f8ad9f70527958d34cf9c0d04a42862d98bef222bf07c5e37416bdc24,CLEAR,DAYLIGHT,DRY,FAILING TO YIELD RIGHT-OF-WAY,2.0,41.0,2.0,2.0
0c6bab26031af74927005bb6fbcf4f7d090382df69d2ed0666008784d4b9d53e8e3b0a6d605fcab6565ca9d3a57a3567212bf0b183fc754e78630baf36517971,RAIN,DAYLIGHT,WET,FAILING TO YIELD RIGHT-OF-WAY,2.0,30.0,2.0,2.0
0c6bf9ca97752682a0290c14fdc34180d1e0e733bd984b7ac556bf3745a18fdd75cc5e14780bed1f6a300eb0ed578275157f5f477bad4c54f20ea0c4079b54a0,CLEAR,DAYLIGHT,DRY,DRIVING SKILLS/KNOWLEDGE/EXPERIENCE,2.0,45.0,1.0,1.0
0c6c0c7b0b1863c2a2ba06079fa0394fbc9c0f34c313f89c5d3806742368a283e6c482075a2989bbcaa0db8701820225af731189616c26ffb0652f3e261c66bd,CLEAR,DAYLIGHT,DRY,IMPROPER OVERTAKING/PASSING,2.0,58.5,2.0,2.0
0c6c1f76f5659450c8516144dcc1f3afb2cf44d5e928a831ad6d9ba899aa0b22bc72bc4c5d6c310195f53185123e2ff37501f6dc7905287d50303db3f9347ac9,CLEAR,DAYLIGHT,DRY,IMPROPER BACKING,2.0,52.0,2.0,2.0
0c6c53bd1e996e36c60fcb01d286cb199fdaaac7c1eca493bc63296199b617f27d956b3f406e2e384600526ac91210ba021033ba65978e848b391588916b0712,CLEAR,DAYLIGHT,DRY,IMPROPER OVERTAKING/PASSING,2.0,19.0,2.0,2.0
0c6c556e804fc34f884a215fe902fa9d36c87888afc77b70833c461471df9fe5eb818b3e7ad32c5adc3742f1ba551a8c7f3b5185dde617b69cc5117ca5db22af,CLEAR,DAYLIGHT,DRY,FAILING TO YIELD RIGHT-OF-WAY,2.0,57.5,2.0,2.0
0c6cb302ae84040038b67b275149b886acf798f10f11d5d28c8650f6487bc105beae5607a3764a319d7ebbe0cdfaace9f43cfebae07a8f371fdab2304b944380,CLEAR,DAYLIGHT,DRY,FAILING TO YIELD RIGHT-OF-WAY,2.0,32.333333333333336,3.0,3.0
0c6cb382a6073328274bd685e2079a029dc7ed920a4bfd5f520551699c43ee2b1de57a7df81c14dec554cff8148619900bc98778c6b097977d72dd9e10d213df,RAIN,"DARKNESS, LIGHTED ROAD",WET,WEATHER,1.0,22.0,1.0,1.0
0c6cc542324bfac3a8ea08a39779973caf0e25229a8ea3fce791c081e57c96f2f0628a4c224e73e42d9fbe2c11b971074fe4241541aa79cd34ef2896327cf2cc,CLEAR,DAYLIGHT,SNOW OR SLUSH,FAILING TO YIELD RIGHT-OF-WAY,2.0,32.0,2.0,2.0
0c6ce6f6d9cec75bde15c0c792b6870649983feaf59d84034077d6107ad3af60236caa36fbc345b6d2e7981e65cf1c4b165ded926b35251b2ab358489c3d225a,CLEAR,DAYLIGHT,DRY,FAILING TO REDUCE SPEED TO AVOID CRASH,2.0,32.25,4.0,4.0
0c6cee11c657b68f7f45e39df0f14460b5f4127c044f8ff8b53c8c3b54bb6f4b5ff306ae95297314338353a30a4b230dbe0ce547b4b6e4438b53266ffc06842a,CLOUDY/OVERCAST,DAYLIGHT,DRY,FAILING TO YIELD RIGHT-OF-WAY,2.0,57.0,2.0,2.0
0c6ceed42fb36fc96a22aa00cf19715ac9d30af676f3073795cd0b42664a3b7fc48c2fc79b08f2e8899672894c0cf5f340537dab6ac0bc59eb363756a0a6fba7,CLEAR,DAYLIGHT,DRY,FAILING TO YIELD RIGHT-OF-WAY,2.0,63.333333333333336,3.0,3.0
0c6cf3d3353922d072ae19dfe12dacd180bd4d64c5e8d5c56bce01b282a1c9560662ad86317b6c4ec6140720d19bd3450af78f1acd795bc8fca2f5e9a306ba2e,SNOW,DAYLIGHT,WET,FAILING TO REDUCE SPEED TO AVOID CRASH,2.0,72.0,3.0,3.0
0c6cff9f880b7c312e43c4e291e87435f7f98a375bd80a11f7a3bdf6443e9b6ab198b793849439cd29307ab4fb233ca94c1fe66a8370229a23b8454ffc987985,CLEAR,DAYLIGHT,DRY,FAILING TO YIELD RIGHT-OF-WAY,2.0,0.0,2.0,2.0
0c6d10efe1ac5e6b22a6dec4d4455cac62af4fe3fd0fa95744956f26a4672c33247c442af65e633d8f3bb06aba18c8e407a13ce1f126ac69c6864d103e13a85f,UNKNOWN,UNKNOWN,UNKNOWN,DRIVING SKILLS/KNOWLEDGE/EXPERIENCE,2.0,37.5,1.0,1.0
0c6d158e2de736fd1923a2e385c44599ba4392aa805e2827c350807f29e3a00c1ab24047a1aa848d16a9762d5608597a2c4263a590b2bb8b0d69e31c7cfc7367,CLEAR,DAYLIGHT,DRY,FOLLOWING TOO CLOSELY,2.0,24.666666666666668,4.0,4.0
0c6d2f2ad32d8237e49f06bcd603d02cb3c94018ab16ad6fd6a78f788b74dca7601a601d970c9c7dfee0e818f5c7261c2f376cdeb3629a3917b37eb9fe5ccaea,CLEAR,DAYLIGHT,DRY,EQUIPMENT - VEHICLE CONDITION,2.0,39.5,2.0,2.0
0c6d37a7ebc7a780aaae4b9c03152e3edcdb73d534a09aa7e6bee8dbb26cabb02f1212804819c2cbe1db604ba72894cf9d0db6683d95de1320670309d1693091,CLEAR,DAWN,WET,DISTRACTION - FROM OUTSIDE VEHICLE,1.0,42.0,1.0,1.0
0c6db8cbd70f0d522c1c6416c77edce49135a64e4ceff0561aff1400520b4c2313e2f8b78592300126af092045163377e96d7ea22a724c7e4ff9469ca402a3c5,CLEAR,"DARKNESS, LIGHTED ROAD",DRY,FAILING TO YIELD RIGHT-OF-WAY,2.0,37.5,1.0,1.0
0c6dc07f61539e0df2ff9ca4f75151cc9d705255028d3dc17b157d9e0d99b4073e7c867b63e27767cde5c11c40dfded97fd792b0129f2d6214f2ced0b71f0b73,CLEAR,DAYLIGHT,DRY,FAILING TO REDUCE SPEED TO AVOID CRASH,4.0,25.0,1.0,1.0
0c6dfa760b7f0edc2664819bff784a3040287f4fb0557c1a20e836c20036bbeb3c2cc0522ec1c298b7df85efdde3ca919fec4ea53844bd60965dcd42f1b73b76,CLEAR,DAYLIGHT,DRY,IMPROPER LANE USAGE,2.0,24.5,3.0,3.0
0c6dfca70dfee2987df1b503ef9392183b2c44688d7852ffd25197f28e1dc68843bdb974ef7f441dbe9c16d3145fc7744a9d805c6fd08577c46d801d9d36d781,CLEAR,DAYLIGHT,WET,FAILING TO YIELD RIGHT-OF-WAY,2.0,47.0,2.0,2.0
0c6e0d665f160885b2154b06469d23dd4b66e8e0b1a288cf793446fbe9afd47c7fcdbeeeffd30cc8b56e6a2340f35d0347ef49809e3f912d93e6a3b19180fc90,CLOUDY/OVERCAST,DAYLIGHT,WET,FAILING TO YIELD RIGHT-OF-WAY,2.0,39.0,2.0,2.0
0c6e32cfd7bbd42b32fa69cf07736937ec06d831b7b1e35513aa8672ad49c8a1761d539778b03279c84e44f735fda7728b9626b8d4b368e0902e6cf50bcc9d2e,CLEAR,DAYLIGHT,DRY,"OPERATING VEHICLE IN ERRATIC, RECKLESS, CARELESS, NEGLIGENT OR AGGRESSIVE MANNER",2.0,14.8,5.0,5.0
0c6e359299109c4a467ca3aa925c362023e109f4192b436bf538007d479447e14dc223471da3fb28559757064c05566171e57a4892c97399e20aace50e350ecb,CLEAR,DAYLIGHT,DRY,DRIVING SKILLS/KNOWLEDGE/EXPERIENCE,2.0,49.5,2.0,2.0
0c6e7059fe3283544c2a57d7cf9608f92c386c9777f1df158e7c8c4141a87e107ee4aa82bc9c9ef46c419b8b533de17111c2acd4a5f457e6d5074341fd62769b,CLEAR,DAYLIGHT,DRY,DRIVING ON WRONG SIDE/WRONG WAY,1.0,40.0,2.0,2.0
0c6ed84494a609bfad2111eaf916cb73e7b0800e92947189e289e11a5369457c3a4aa55c965091673020bce045ca7fb9ff6bb8bbbec411f3c763e580d96561da,CLEAR,"DARKNESS, LIGHTED ROAD",DRY,FAILING TO YIELD RIGHT-OF-WAY,2.0,25.666666666666668,3.0,3.0
0c6f03656248e8b581d3e6f0d4e7d8c61e544200e5b35d31bdfac3acc8737cea4df4385f7424a733b25bd7ab6463db77d635f2510d777e229a2791f255944845,CLEAR,"DARKNESS, LIGHTED ROAD",DRY,FAILING TO YIELD RIGHT-OF-WAY,2.0,61.0,2.0,2.0
0c6f1bd46b72bde5808f5e2e3b1c49bcfd18037b57f835588255df5a71a5521ac49ac130ef086ad9c6efcc1f6cb54e96381e65b061b37b3d73d663561c2355b9,CLEAR,DAYLIGHT,DRY,"EVASIVE ACTION DUE TO ANIMAL, OBJECT, NONMOTORIST",2.0,34.0,2.0,2.0
0c6f596901cc9ed5b40b16f6ac3626b663ccd470cbf4b3f7ca0cf8dd5db9b77c61f4d6b911850ebf0a2fd802151fb67e2d83757012812b72ab94362f86510231,CLEAR,"DARKNESS, LIGHTED ROAD",DRY,FOLLOWING TOO CLOSELY,2.0,19.0,2.0,2.0
0c6f9b6a3d1ff81fd31f3e02b7ff56ce746814c026f72cf6fd6ed81f5c98fe9a125b639e8d2f765a70311533c03c04b58bd4e332f0681a922efb6465db106ce7,CLEAR,DAYLIGHT,DRY,FAILING TO YIELD RIGHT-OF-WAY,2.0,22.0,4.0,4.0
0c70063ae90fbc6c8171ffef6882b28f73d7a87ac5391ab6bfb3e3184cb6c9d89f3b91b046280d9f9cfe3725a2ca8a3fbbcc26d5a958c8983a697ad6e343361e,CLEAR,DAYLIGHT,DRY,FOLLOWING TOO CLOSELY,3.0,60.5,4.0,4.0
0c7011c644de169be34aa90ccadaf09bd16d9eea0fa41ffc392e985dacfedb0bbf2857873649041ee8c3224ce33a0c4b8c91a44de2ee661a4d320d5508a6de54,CLEAR,DAYLIGHT,DRY,DRIVING SKILLS/KNOWLEDGE/EXPERIENCE,1.0,37.5,2.0,2.0
0c703639bfba9a23806ae40b6786557c98b2f230d8792f94fe4b3b4ca6136fd1dfda90fb5066ce32c2550c239d45a8125b9c6f14c5441b8d1b90f1d0e6770376,CLEAR,DAYLIGHT,DRY,DISTRACTION - FROM INSIDE VEHICLE,2.0,24.333333333333332,3.0,3.0
0c7041876b65e7ca1fe83793c6edcccc3a40644c0cdaf66fc3b9dc302a301686ef28fd0ce025192c41ce310fef64287859d5555d19e477b11e50c64f13a9117f,CLEAR,DAYLIGHT,DRY,DISREGARDING TRAFFIC SIGNALS,3.0,44.5,3.0,3.0
0c707cba7c09e04c10e186d3815a69cdde51fcdc85136d7dab85155b875a15414bc9278f6810cfb302cd5adc9253d32c7a85c3cba45d4e8aaadfb78dbd1aa2a9,CLEAR,DAYLIGHT,DRY,DISREGARDING STOP SIGN,2.0,80.0,2.0,2.0
0c707cf5feb47964b8f6b1d6222d23630fb7c11031bd918e9c1d78381e2d5c5950813bbd0d12c8c9d3e37f0b7c63b966af743b9693abceff1bfd59a989ae93dd,CLEAR,DARKNESS,DRY,FAILING TO YIELD RIGHT-OF-WAY,1.0,49.5,2.0,2.0
0c70a54b861fc8978a867004358b58a890416097ae0378da777dd66c907c87a3f4af36b60f309b7cc42a4faf0fee75e9438782329dc539d48e45428ae5afc76f,CLEAR,"DARKNESS, LIGHTED ROAD",DRY,IMPROPER OVERTAKING/PASSING,2.0,32.666666666666664,4.0,4.0
0c70db27cf0632e1425a5dc82657a1060be5ade1151ce7cf6aea241471b0dc1b424097e7223657af14ae2f0d04d6d6642fe559e98ef14045c8701898de5e7d19,CLEAR,DAYLIGHT,DRY,FAILING TO YIELD RIGHT-OF-WAY,2.0,45.0,2.0,2.0
0c715210725e523f5ed11953d6352bef3ea2ad7c39b150f2721e2d1b41ca328113c534e73326488804460cc515194858b0e560db09035a9f9ec08ce20d669ae0,CLEAR,DAYLIGHT,DRY,FOLLOWING TOO CLOSELY,2.0,60.0,2.0,2.0
0c717666b090a6d568d020b93119bc4a36cd7e8ff2fe1f9eae6efd63d20a601e52732821352fc415cf535d7f2f581c7473b14a7354c2858324001e2d72328c3b,CLEAR,DAYLIGHT,DRY,FOLLOWING TOO CLOSELY,2.0,49.5,3.0,3.0
0c718e4be05e38f021f1411241da6aa303e9439510bac82faef63c89812c7ad744a60d9bf5b6bfe62255baec0a9068a1ab6cea2a35e547c00dcf1bcbb9667e26,CLEAR,DAYLIGHT,DRY,FOLLOWING TOO CLOSELY,2.0,33.0,2.0,2.0
0c71a1e2ede2e15670d2947103edbb1e1f40dacb946fe88af809e15f3f35f7e26b72ec3a91f4577f76c4359797a67541b94c4cdaadba8e474de5f7c0dc4b414e,CLOUDY/OVERCAST,DAYLIGHT,WET,FAILING TO YIELD RIGHT-OF-WAY,2.0,29.0,3.0,3.0
0c71cb4da20285c92380461239279547884859502a9a44612ebaf121fe1177f198b8c3a6f329f8707cd3629e5541ab1b001f20cd6f9f15070bbe4d251ca54c14,CLEAR,DAYLIGHT,DRY,FOLLOWING TOO CLOSELY,2.0,45.0,4.0,4.0
0c71fed3ca19a972c39b0bd21012a6d2d94c94b69c4a95c19b069c4ee66ad1a72b3bfb07ab6bb9d96f9b15009be9157a3f9b9d9548f547bc84eb453763856fa1,CLEAR,DAYLIGHT,DRY,IMPROPER LANE USAGE,3.0,35.333333333333336,3.0,3.0
0c72130522efed1b59341c34955b08acd4029c2fe9ccc4326512ff6540c72c6dbb63c67ae52c44492c5a513c37d6a73fecacdfeaed3bc071f76ef5fc225d8ec4,CLEAR,DAYLIGHT,DRY,IMPROPER TURNING/NO SIGNAL,1.0,78.0,2.0,2.0
0c721f099a86a9739c390e0bc3eb26dfa51c28aa104073f9826c5c4c384be1f923947f7b2a9477db595be29c1fdd6908e424d2034b15a34a574adff05cb3c002,CLEAR,DAYLIGHT,DRY,ROAD ENGINEERING/SURFACE/MARKING DEFECTS,1.0,45.0,1.0,1.0
0c7221fcccac014394305f5b03810d0d59b3737999017102c945c6b4a005aab1b5d0b4603ddaa1498b4ffbfd3364f039d98f6546a6aa975408160b579265c332,CLEAR,DAYLIGHT,DRY,IMPROPER TURNING/NO SIGNAL,2.0,36.0,3.0,3.0
0c72429ea603880775db32c690acfcc8966b8ea771bacc3370ab5adfce5d4971b4c1e2c76e16cce3a320b3fcd48de06162382fce22e74bd0236f1d3d3e481322,CLEAR,DAWN,ICE,FAILING TO REDUCE SPEED TO AVOID CRASH,1.0,37.5,1.0,1.0
0c72454073b6bea2accfdc06b765fd609a90b4e0d8eaa04debe07a5b6072b1507d85836acf878aa396e8ef9e7051f29d6be39c02538937ee5d1f850fb6339f03,CLEAR,"DARKNESS, LIGHTED ROAD",DRY,IMPROPER OVERTAKING/PASSING,2.0,50.0,2.0,2.0
0c7247df7ecc58b6b03e7a5f81ad0ab382b937bc470aa91fb3e358814f76a8857afb9ef814216fd33a52f74d55ae1cc99247329ba47668b64e32be3cd0dd3064,CLEAR,DAYLIGHT,UNKNOWN,DRIVING SKILLS/KNOWLEDGE/EXPERIENCE,2.0,47.0,1.0,1.0
0c72a4e0b8aa0977cb791a2e79b83d43d65fce4c5adff1de0f02fafa56a4b176de60323e1a4736275229ddb860fc0a1dfd214c569f191cf3d3a857b035b2e161,CLEAR,DAYLIGHT,DRY,IMPROPER LANE USAGE,2.0,65.5,2.0,2.0
0c72a89275170b99d36d6b76410e69c9e0d43288fa4e1b8baacfe48abe58de7f15a9e7cf6ada174f65e8ba7b76b92d266e06aadd3aaaa2afb14e0a8d9190250d,RAIN,DAYLIGHT,WET,DRIVING SKILLS/KNOWLEDGE/EXPERIENCE,2.0,37.5,1.0,1.0
0c72f46268209c2229637efb0b5d0d604b838b7d771c046b21cb155ba5fe7397add6f77ea5c7c790fbe4e1a4d3f0748a17ad056d708555e9172dbd22e6139354,CLEAR,DAYLIGHT,DRY,DISREGARDING TRAFFIC SIGNALS,2.0,30.5,4.0,4.0
0c730002d05e13ee0667828f85808adb4ea73c3e53de44022f79ae17eef4f72d942dc658fa0c3f44da3c113ce3301b623298e4b6d3d530ed6f242028ce9ac72f,CLEAR,DAYLIGHT,DRY,FOLLOWING TOO CLOSELY,2.0,63.0,2.0,2.0
0c7312cce9dfcb0d775be4b134cd09c657d064066628424f588af4f8ee1ff8a5c9cd158c5f486023798594129aa314f899316929803cab91e0282914850b9a97,RAIN,DAYLIGHT,WET,DISREGARDING STOP SIGN,2.0,66.0,2.0,2.0
0c7325142985b0898eacb5674ea40eafb8dba867ce27edcb72267a06fa2671724ee15a63d33f4b770785e9faed14e1b778a13c93a89d5e583bd9b431b15c2833,CLEAR,"DARKNESS, LIGHTED ROAD",DRY,FAILING TO YIELD RIGHT-OF-WAY,2.0,27.5,2.0,2.0
0c7328d1e576cecda3d27937f0e19b9b8e6675c4a92049e46caaf98e09c1aa36193f86a01fabdf2db8339ff6a628a875c5b845273f37b92411664d2986cb6df6,CLEAR,DAYLIGHT,DRY,FOLLOWING TOO CLOSELY,2.0,37.0,2.0,2.0
0c733b341cee07eee7aba8b1c9bf282c6312e74ed534ea079f0170a14d51954fe3b5f88dc2c3829f3a12ff597b8cc54979ca6c847d83acc76110bf9fe40e8bac,CLEAR,DAYLIGHT,DRY,FAILING TO YIELD RIGHT-OF-WAY,2.0,43.5,2.0,2.0
0c737615bfd68c7f4e9e48ab3148ac50e80a42892fca19042fd6e02342fbd36901253d0c441cd55d06e8edb3e846b3f61a7b4fc277b0288eabde5e2ff00e7e47,RAIN,DAYLIGHT,WET,DRIVING SKILLS/KNOWLEDGE/EXPERIENCE,2.0,39.0,2.0,2.0
0c73819a086592fa671678a34b9da82915858d8d0a38718897a8bbbdb3138b30aea6c5bf3d7a34629b5306b8f2de60bf2339c834368500a50db817c3feffb868,FOG/SMOKE/HAZE,"DARKNESS, LIGHTED ROAD",DRY,IMPROPER OVERTAKING/PASSING,2.0,49.5,4.0,4.0
0c73a65c5b5d67deb977d3dae5a1912ac118154697c8424927856b6dbd8c90daf7e961bdb390e0a3d4669fc618361b7fc1032a9ab0a3ccae9ab246e47ff40c8f,CLEAR,DAYLIGHT,DRY,IMPROPER OVERTAKING/PASSING,2.0,81.0,3.0,3.0
0c73d71583c3c00b6b92f6d82dba0d44146dbf5c2ee4536abbec1d865341ef64c0857018efcb631af60151853f9395552c5a379743938ed1144e664f3e137a20,CLEAR,DAYLIGHT,DRY,IMPROPER TURNING/NO SIGNAL,2.0,39.0,2.0,2.0
0c73e5aec5e6161279ac03433edfc5961bebe99de23f72ef7763f747c39f7dcefd91ed2c07d5d3762e50995be5483534a1be9cf11346e5b65847016e6f078a75,CLEAR,"DARKNESS, LIGHTED ROAD",DRY,IMPROPER TURNING/NO SIGNAL,1.0,32.0,2.0,2.0
0c73e9d0ed13a682019563608c7c73bafc46fafe019c3d9cebe324c3a348d8367e6fd63a3903ddf6123d9445819764cf7c9f17500954a133e4debbb952ee8a2a,CLEAR,"DARKNESS, LIGHTED ROAD",DRY,FAILING TO YIELD RIGHT-OF-WAY,1.0,25.0,2.0,2.0
0c73ead92ccca13f9cc9dd4c94fc6033161fdd1df4f081047e2da3f84d9e383dee6739df9017d6cca326f5b80a4383e9438a76aa7dd3cbcea356ca75abb2adeb,CLEAR,DAYLIGHT,WET,FOLLOWING TOO CLOSELY,2.0,23.6,5.0,5.0
0c740fcfc98a1560bafb7eec4b9d28d4a355badd0380c7a38e079bb34f06ab940b5add9735b344315f240107858016ce4e117693c3d0b767088e6328e1b93d5e,CLEAR,DAYLIGHT,DRY,IMPROPER OVERTAKING/PASSING,2.0,78.0,2.0,2.0
0c7437cb0572e19fbd3af24fd8f5ead8d28ccf91ca054b3e33b182b5e53af9313108ee19b34cd2701b021d672353efbc54568c5072e6c0fd09db1e5c6614cc19,UNKNOWN,DAYLIGHT,UNKNOWN,FOLLOWING TOO CLOSELY,2.0,37.5,1.0,1.0
0c74426cb94d3a954c8d63166f155715739b9c3c4a03e259effbcb9220c72bc597950bf1092e42922274f52ed0b692ccca96078ba535717133cc57d38607d6ba,CLEAR,"DARKNESS, LIGHTED ROAD",DRY,IMPROPER OVERTAKING/PASSING,2.0,24.5,2.0,2.0
0c74495b6b14f8b767dc89e79a0fed53854877d6f80f53402cce19cc56d04d15623b94578f4a710d111057dc71bd035caf53ddabbcf4a29be1293be0f07a9f86,CLEAR,DUSK,DRY,FAILING TO REDUCE SPEED TO AVOID CRASH,3.0,28.0,3.0,3.0
0c74779ce4ba45e1f30df04299b594cbd22ae4775a40ba1bde6624380633cd501c045cd17b430abcc9fd9f8de5fc279f2dc0cc08b5e9aa203d24c4637e35b1e5,CLEAR,DAYLIGHT,DRY,DRIVING SKILLS/KNOWLEDGE/EXPERIENCE,3.0,36.0,2.0,2.0