crash_record_id,weather_condition,lighting_condition,roadway_surface_cond,prim_contributory_cause,total_vehicles,avg_driver_age,total_people,total_injured
0c747f5ff48d544118b11a5dd6480300aeef7e51fc58ac8772bdbf5f9269c3e4eb736cea21b72164ca565b941d312b56be67ee4a41de22439f1b2e466b479ac4,CLEAR,DAYLIGHT,DRY,FAILING TO YIELD RIGHT-OF-WAY,2.0,37.5,2.0,2.0
0c74b52a9f24739edc9790caf5e8764246a12ec5e7d5bab49371e28f342a1547c3f7fa47ed1af2abf85f5a39a5c95a6513566c8839e8eaa9d9c0556589d44d1a,CLEAR,DAYLIGHT,WET,FAILING TO REDUCE SPEED TO AVOID CRASH,2.0,27.5,2.0,2.0
0c74bd9435657c214dd57e395b62f6684a333155723c8ecfa614ed0d73ae63ffa64782d8b8586d62516e6d04a16b7848079753f6df1456ec4a7e36793dbd506a,CLEAR,DAYLIGHT,DRY,IMPROPER TURNING/NO SIGNAL,3.0,45.0,4.0,4.0
0c74c6d7d259d2ebeaf0804946d496d15f435705db634f71cbc9fc4d67d5d0db567766ff1ea92ce1171274a11148546818e89a646e9a7393a81f3acd0fcc041b,CLEAR,DAYLIGHT,DRY,IMPROPER LANE USAGE,2.0,51.0,2.0,2.0
0c74e44aea329b49b63622b3275d6d5a027ff7d0126aa82fe6c5c204f65ec3950c2a46d5aaf2d6982e701ab8afc52bda9c5bf140ba3308eccad09840a9058fe8,SNOW,DAYLIGHT,SNOW OR SLUSH,WEATHER,2.0,36.0,3.0,3.0
0c7502b55057a846f6e98e02bf311e0912bb4bce2ed9022b01f9bebd01f0c25e0801dbc905eb59ef2253d0a1ae64a35e165e7c252e84f151f68ca1e2c3b86933,CLEAR,DAYLIGHT,DRY,FAILING TO YIELD RIGHT-OF-WAY,2.0,34.5,2.0,2.0
0c7504ec274acc5aaaa6c8ba8b2cbcb633c61e1b1e0888bf670df653e079d7fa5b0b6aafd9734b86441b6ff407fad7d3bc05a6f0f6f9c4f955d9622fbb473f4b,CLEAR,DAYLIGHT,DRY,IMPROPER TURNING/NO SIGNAL,2.0,51.0,2.0,2.0
0c752260a848dc7f2e2b68ba00a1ecda2a76548a8c94c11a4ec6497d765ca3e9954cc6abc62d5161ad93ee473deb89d1f1d973d7fbe7d5e12b7a4bdf45f7cac3,CLEAR,DAYLIGHT,DRY,"OPERATING VEHICLE IN ERRATIC, RECKLESS, CARELESS, NEGLIGENT OR AGGRESSIVE MANNER",2.0,26.0,3.0,3.0
0c7528d7f2fcba59e65250c7e91983892cd7f2c1d367897831859616c126ffb3206eb3bf09da33b056cb215ee175a8a97fc7a4bfc02c2112aafdf0a26ecfceff,CLEAR,DAYLIGHT,DRY,FAILING TO YIELD RIGHT-OF-WAY,2.0,43.0,4.0,4.0
0c752a37c87ac1a27eb36e51995450d0822f4d0ef8d9ef5c5c8996c506e949b6496e252766d91d953b38843031fa9b4c64eca564c84498ceb7366402d48ae7d8,CLEAR,"DARKNESS, LIGHTED ROAD",DRY,FAILING TO REDUCE SPEED TO AVOID CRASH,2.0,29.0,3.0,3.0
0c754b598fd4e924c3bdd5c8f18ba8e5adfd5432ffab1108fb8ae45e3bba860d644d3ce3d63bc1629daa27509b39c0bbe8de305aa7089b50412d0f7cefda4845,CLEAR,DAYLIGHT,DRY,IMPROPER BACKING,2.0,58.0,2.0,2.0
0c7569755e4e350698525e052a7b621b515cd5314d640af20fa662159acdebcb75560b2c27c9848bd894f89190cabd0272589d9df8ee4e5f98b155ab2fefe36e,CLEAR,"DARKNESS, LIGHTED ROAD",DRY,IMPROPER OVERTAKING/PASSING,2.0,32.0,2.0,2.0
0c75a610d0f3aef89504fc809a797b0eeb0f74f72b9cdeb4d951b4c003e217df913156889005943f23df5ed17467a411ef61ce9ae546c84bbd3f335495a8ba6f,CLOUDY/OVERCAST,"DARKNESS, LIGHTED ROAD",WET,IMPROPER BACKING,2.0,67.0,1.0,1.0
0c75aab8f33e2ad056e3ccc20f1fc8175cfee65907c645e18d661fb481a06299d45378e4d76c520229ac172b8e571d4d856b4b5bce0478e6ca6d7c8704bfe1bc,SLEET/HAIL,DARKNESS,ICE,FAILING TO REDUCE SPEED TO AVOID CRASH,2.0,17.0,1.0,1.0
0c75b8bb3112c2ddc115af37d255f341792a6ea1787644fdbb1ce2521528e21881d58dfb0aa3c89274eb64db8cab3097d8d2c22e3eb5d803af95ca69cf87cd3a,CLEAR,DAYLIGHT,DRY,FOLLOWING TOO CLOSELY,2.0,34.5,2.0,2.0
0c75bac6bc5aa32f1c8f89d228d27a0979234e78dac6b480eaa1aa027db4b2a88aa6f78156f5cae96e863ba22529a0dce9a3669fc99299bdd5fcee2f972b60b2,CLEAR,DARKNESS,DRY,FOLLOWING TOO CLOSELY,2.0,32.5,2.0,2.0
0c75bc52e2344c6cff464ff2078aa59605e4243d274e06e560ee2bd61db99c85ecd71cfacce39ade42c517eabdd1fb12eda6522924454fda5315cd80b5df07aa,CLEAR,DAYLIGHT,DRY,IMPROPER OVERTAKING/PASSING,2.0,41.5,3.0,3.0
0c75c4d86bea55450806e1e5cccfd30804e476309f49d4f891bec608104a9b66348c85c3657fc2c3d1dd6472dc7b79598565e974676acfabb02871bfa8b149b2,CLEAR,DAYLIGHT,DRY,FOLLOWING TOO CLOSELY,2.0,41.0,2.0,2.0
0c75f49e841696e9f2582245d80fe171e9520ab0e0dc9073f1b6be1bc4c1a4994348b5dec02ff50282b9c50735966cf7aa928be9c47904dae1fadbe2e2877a28,CLEAR,DAYLIGHT,ICE,ROAD ENGINEERING/SURFACE/MARKING DEFECTS,2.0,22.0,1.0,1.0
0c76245841675082a83d2ff183334b153d29908da482973b73add20ff7631ba4d940577fa75b5a90ae249c3c0b33a562c3c27ea2d54fe620703631ce1cb12a4d,CLEAR,"DARKNESS, LIGHTED ROAD",DRY,DISREGARDING TRAFFIC SIGNALS,1.0,35.333333333333336,3.0,3.0
0c7648c5da26f5c3ca3180540613f1e523ac671943428c0c5efec4a636f741a272df9b858e674de36ea0bca157281c8ace817680f7b2c3e27c1f3fc1e2975356,CLEAR,DAYLIGHT,UNKNOWN,DRIVING SKILLS/KNOWLEDGE/EXPERIENCE,2.0,46.0,4.0,4.0
0c765e60ed555cf909e30d40a72fc8ee7057485c453558d741478464350f9b21f5c2809b4d6a1c167d34e5188dd065f9b579f2c8786e4e0ec9c67e3f2eb6fe86,CLEAR,DAYLIGHT,DRY,FAILING TO REDUCE SPEED TO AVOID CRASH,2.0,54.0,2.0,2.0
0c765f47f21eeb23591a89849a8d935a6c6d9a8d256623f72207f328110449abd9038d5d9d108b07b653f6b114251ce1190f60ace89c115bde115fe8d3c51d68,CLEAR,DAYLIGHT,DRY,DISREGARDING TRAFFIC SIGNALS,2.0,26.666666666666668,3.0,3.0
0c7661b8845e836ebad8bace8182c1bb315a178bed4c170b069c7178d420401753c46e60c871c70e506a506bcb9946297ebf44fccdab48f9d582d909c3734648,CLEAR,DAYLIGHT,DRY,IMPROPER LANE USAGE,3.0,40.666666666666664,3.0,3.0
0c768ef999349d8d8a777a8704946dcaa476a50950b750b99e650a1c262e01dccf959ba7ea273da74adf6fdf95032d3304e151ebf417e0e2d2b0e42b515a0f22,CLEAR,"DARKNESS, LIGHTED ROAD",DRY,UNDER THE INFLUENCE OF ALCOHOL/DRUGS (USE WHEN ARREST IS EFFECTED),3.0,52.666666666666664,3.0,3.0
0c76a5d9cec1d710c46ce1e4ded35faa0d12831ad3c6b52aac75921eb28926dd4a471b349fc96795cbabc9eabdce5598fb8fd96f2a54f97b94dc1378b7d5865e,CLEAR,"DARKNESS, LIGHTED ROAD",DRY,FAILING TO YIELD RIGHT-OF-WAY,2.0,43.0,9.0,9.0
0c76a85c1b3c09bee4db4168e3f806dfdb850b692fc626a59f5e06d250526d272a8a2b30a6c8c3c71e7b32b6ff5b424cbf49c38b990b70f50c714013a104db1d,SNOW,"DARKNESS, LIGHTED ROAD",SNOW OR SLUSH,DISREGARDING TRAFFIC SIGNALS,2.0,16.5,2.0,2.0
0c76af2460caa8061f603ea6094e5fa2fa6b2c443a115335bd9d9f37b6cf1ac2a48a77d69ff040c34c756a8dde0205fdab8991ec509870b53264dcc45cd6ec28,CLEAR,DAYLIGHT,DRY,IMPROPER OVERTAKING/PASSING,2.0,52.0,2.0,2.0
0c76da9c856d5424efe812a8cbf81add40dbd3579281daeaabd26078862110fb1b43d3a5c875a22eefff99e178ab8e3faa55f54a66abdbcdd0b45670727c4fef,CLEAR,DAYLIGHT,DRY,FOLLOWING TOO CLOSELY,2.0,33.5,2.0,2.0
0c76db8e01a1e0e8a7c4a71443d635f7634e23e3c1948c10f414ea27aacb90b5b8d8b928b1eee1a5da158743e30ca571e6c5bf395c52a18d416b570ece58d8f8,CLEAR,DAYLIGHT,DRY,FOLLOWING TOO CLOSELY,2.0,11.5,3.0,3.0
0c76f52f4e03cf3f446fff136f7644e9cc8a5661716e31a0238e19ea727fb6d869f57ba63708f658e9a7016e6ce3f25c4831371e6d4aea7be3dad22fbcd9e9dc,CLEAR,"DARKNESS, LIGHTED ROAD",DRY,"OPERATING VEHICLE IN ERRATIC, RECKLESS, CARELESS, NEGLIGENT OR AGGRESSIVE MANNER",1.0,13.25,4.0,4.0
0c76fc86387030f37cdfc93fedf6328cdf0347427dc3f52920a5edb4a78047a79b9d02ba40550f6fa295a3bc72c283cf07277c1bd4335cd0a1d3658e66b8f2dc,CLEAR,"DARKNESS, LIGHTED ROAD",DRY,DISTRACTION - FROM OUTSIDE VEHICLE,2.0,25.0,1.0,1.0
0c76fd07a0f41b6f346a40d48818b148e488caee4d22788ef17ccb49c1d12992a5b0b0f2fd3ee70d508e333f5185bd933739fbd4ec8815bff846739ee194444d,CLOUDY/OVERCAST,DAYLIGHT,DRY,FAILING TO REDUCE SPEED TO AVOID CRASH,2.0,30.5,3.0,3.0
0c771ffe425ea12162c69a3ca09e722b1dbe35cd0adefc83994a7465562b72349e54f61e9e556633551656127bda5dcc8ccca4cb1e2ffd8afcfb2d29fb65aac5,RAIN,DAYLIGHT,WET,FOLLOWING TOO CLOSELY,2.0,19.0,5.0,5.0
0c7750a24acecda574b2b3abff7a3eba03ef309d0cf84716110362bbc588c2ccb0cf49a218c446ad8088166f2bcb50c476e667f289b3cd499656b430ca0d980f,CLEAR,"DARKNESS, LIGHTED ROAD",DRY,IMPROPER TURNING/NO SIGNAL,2.0,31.5,2.0,2.0
0c775a6848a8282121c057935fa5ce6db85f3093692f98134ee670068cef3e384cf2853f1b79d9e3d1eb28c03d284bb6d5aaf216aea45132e25442dc89291398,CLEAR,DAYLIGHT,DRY,FAILING TO YIELD RIGHT-OF-WAY,2.0,22.0,2.0,2.0
0c77cc3260398f9241689f367946bdb101518510086d245913316c88ced0f7dc1f75ab355e25599c4f6cdbd5155a7a9bdf33c495900c7e58a1e75c3bf8893715,CLEAR,DAYLIGHT,DRY,IMPROPER LANE USAGE,2.0,32.0,3.0,3.0
0c7804862ba251f6b0cd8c5ffa724587c95694d864bc5140c0cc80321e769d8844e19f85cbf73b096b1dd639a41146521413a1e35c711818ee022220466b6210,CLEAR,DAYLIGHT,DRY,FOLLOWING TOO CLOSELY,2.0,30.0,2.0,2.0
0c78173efe1d7d6f55716939a030fbfbce5574bc6a71a7ccda829ee4c11c80da2ed701897296b1aef86fac6ab6dbe33310f093705fa652db77551f59def2deb3,CLEAR,DAYLIGHT,DRY,DRIVING SKILLS/KNOWLEDGE/EXPERIENCE,2.0,36.0,2.0,2.0
0c782a560e9597b6660a186a0b7c8ec759b2ea278a5de7ab823147d5a8535e8efdba0f9d5e94060ef49c2346ff75cabbc9ce24231c1812007018bf43649f62a8,UNKNOWN,UNKNOWN,UNKNOWN,IMPROPER OVERTAKING/PASSING,2.0,44.0,2.0,2.0
0c782d0dcdd6327696340b3e3ce8db0be3a316eb9372ae0328390a757468acdd6c1d2e5b47b159a075c76480c456fe31890b0d89a570d0e5704eb2ac0ea6ca7c,CLEAR,DAYLIGHT,DRY,FOLLOWING TOO CLOSELY,2.0,37.0,2.0,2.0
0c784958a2381bd582e4a45ba391f0c238a03c94856d3a28bfc35e3108846fe975b1c63ede6b027bf180c5fd584bde895522bfe42e504289c390daf76201c6b2,CLEAR,"DARKNESS, LIGHTED ROAD",DRY,DISTRACTION - FROM OUTSIDE VEHICLE,4.0,27.0,1.0,1.0
0c785670ed76c655123e510e091334ebf643b461754f1ba55ac9597284c401f43a0349624efa5a048c73dc4c082d822765bcc1707d28487b98881c69dbbdad6e,CLEAR,"DARKNESS, LIGHTED ROAD",DRY,IMPROPER OVERTAKING/PASSING,2.0,41.0,2.0,2.0
0c7891935bee5cedecebda33f93b754270848aee0ece0c6b4853ba0a6c945b4e852abaf24c1b7b75fb8e57fb58fadc0d8bcbf894fa8565939a6cf585bd220c33,RAIN,"DARKNESS, LIGHTED ROAD",WET,FOLLOWING TOO CLOSELY,2.0,62.0,2.0,2.0
0c78ab48f28f2e94213bdab3d4d94a35ffd9ed23994516cd6abeeb10f942fa8707b877e781968215bf2e8bfcb03b83228556fc8aa5fb82b19be014d209b911d6,CLOUDY/OVERCAST,DAYLIGHT,WET,DISREGARDING TRAFFIC SIGNALS,2.0,34.666666666666664,3.0,3.0
0c78b57b94022ba4c026eb6a5da5844ee8dbe3636f633f0f782032d6f36d58da60ee95c0af5f5fefc131028ebad359f82a95acb7560fb1b0d48bd797dd452636,CLEAR,DAYLIGHT,DRY,DISREGARDING TRAFFIC SIGNALS,2.0,32.666666666666664,3.0,3.0
0c78c72683951b4867169f42a578fd7ec5babaabd178c69ce5871b597f2527efdea6ba010e8a3f05c80c3c8e437d9b9789082e80c02758f022401044601d3814,CLEAR,DAYLIGHT,DRY,FAILING TO YIELD RIGHT-OF-WAY,2.0,26.5,2.0,2.0
0c78d1432434acd334f961268ffde53052481358ed9e62fd044f1e7cdfa3653f5401ee1330e170d3d00c48c9ca623d956661d9b292374deff76e7d1b8167cc82,CLEAR,DAYLIGHT,UNKNOWN,IMPROPER LANE USAGE,2.0,65.0,2.0,2.0
0c78d2f59a2374fa1a1ac730c829381e801b9b9905bd2684c64c020adc40f81366a1a1ce4b6dfebb2325b1965f3b6a9d17f4c06202fe2e8b82abdc23b0e804a9,CLEAR,"DARKNESS, LIGHTED ROAD",DRY,IMPROPER OVERTAKING/PASSING,2.0,28.0,1.0,1.0
0c78e6beecc938c06c1b4e35d863d727a2247116e470ae59439f96460ffaaf38c54de2f2d0015939ce60b72db078bf5fbaa6774f606dfd88e1c1d0d20754d920,RAIN,"DARKNESS, LIGHTED ROAD",WET,IMPROPER BACKING,2.0,42.5,2.0,2.0
0c78f906481118f2714acc1181fe06b60c9a52b89acf4327950c7125290b17b11cf9ddbe350195feef89fa663fda9aa87435e7cc7c5946f751fe5a7b8008eaba,CLEAR,DAYLIGHT,DRY,DRIVING SKILLS/KNOWLEDGE/EXPERIENCE,2.0,41.0,2.0,2.0
0c78fa6ee2892586725cf742f558b91d4e8dd942366063ffa90abe79c7924db5ad2d9732e786c5ac3da2d03a4e00a2537cf5046dc585d1bbe908b7c92a3b880b,CLEAR,DARKNESS,DRY,FAILING TO YIELD RIGHT-OF-WAY,2.0,25.5,2.0,2.0
0c794a2c6dc34cf5ad0594647dfa175e76e5340c00bf1a9f81743ef8502d57929f620c9a65cec29da665b19f15667c3c302ecbd10ffe75db222112809d75810f,CLEAR,DAYLIGHT,DRY,FOLLOWING TOO CLOSELY,2.0,52.0,2.0,2.0
0c794c3286276a9d06248ced9a5a0ea1123a024155fc4c905b7ad1a4ba6363ae9d7ce80ab30eda6d790b55eb198fce1e2ac18f8ff0692d385541021042f3ca3f,CLEAR,DAYLIGHT,DRY,IMPROPER BACKING,2.0,31.5,2.0,2.0
0c794f9698f2236f0591c16f13ea29344d4618f9a7d952e6eac603f9cabee1a59f5fdc62b80ad0deab21c25852709b16377ce9765a2a5ecc7b884e1493cc059a,CLEAR,DAYLIGHT,DRY,FAILING TO YIELD RIGHT-OF-WAY,2.0,30.5,2.0,2.0
0c797d9b5b713662387459fc8d3b04cd7729a1f2f60a62b190dcb5e3b2d65f5d4a95aa7e4561e73e27eadf1fba13fefe5e59aa4cbaaa18c30eaf72cc21725538,CLEAR,DAYLIGHT,DRY,FOLLOWING TOO CLOSELY,2.0,29.0,2.0,2.0
0c798ed31d3e6064e5dc5b569df57340f88786a82aa9c97f527b3b5969d523492e9771cc2bae43f7de154b57c8797231dcd5589744551f9cc70a45698f6679c8,CLEAR,DAYLIGHT,DRY,IMPROPER TURNING/NO SIGNAL,2.0,83.0,2.0,2.0
0c79b201e99ebbd6d59b090be5127e70b5848e19d6819ea9b3b9fad9a1580b34fc275b9eeb8566ee7b4cfd480dcb09be35e34bca334728257237389e1f17ca8a,CLEAR,DAYLIGHT,DRY,FOLLOWING TOO CLOSELY,2.0,35.5,2.0,2.0
0c79f3f54bfdc3ab460e2c748115a5f780d6702a6eab297de93df09c81a802b950a9195fd15a668d115fafb258366ab1efa7aaa3396e508d74438cceff634c21,CLEAR,DAYLIGHT,WET,IMPROPER TURNING/NO SIGNAL,1.0,61.0,2.0,2.0
0c79fba5c125923b6ec43a530f43c784a54be072da149c977cfc5e8f41cd878d961913cee1198f5b01dde3375a37c0e80fccadae4dba1e409531413ab9ab4d01,SNOW,DAYLIGHT,SNOW OR SLUSH,WEATHER,2.0,56.5,2.0,2.0
0c7a0e912a9cc37bc04c211f285e3349615e8a01f8c2748a819ace34d7f5c12afc41d12c77ef57f8551d0b2dba18689e8746ef2a9fddcf089fc3fc5f79090505,CLEAR,DAYLIGHT,UNKNOWN,IMPROPER OVERTAKING/PASSING,2.0,30.0,2.0,2.0
0c7a1f0c311572b529698254b2edcb5779e91f305eea1e277d120ac6742a15f413d71353c947f3d091058f6e88fb83fccee68ca13f38359f9f64bdcdfcfea372,CLEAR,DAWN,DRY,IMPROPER TURNING/NO SIGNAL,2.0,61.0,2.0,2.0
0c7a30c1db78ed7f5fc43dec45a4e85cdf78f7523215c92ea717ac1e2c7198622a60b215ed73b58b676db06a2f10b5c1e0fa05f797fe3436ea76bf0567675c72,CLEAR,DAYLIGHT,DRY,IMPROPER LANE USAGE,2.0,46.5,3.0,3.0
0c7a4c9a0347aebacb16d4f40162548400c7688505649bb0bb9bf0c1ce1c0c625580869034852713284b27db16b5deb6fa8e279e1873bebd798d9912e91b37eb,CLEAR,DARKNESS,DRY,FOLLOWING TOO CLOSELY,2.0,46.0,2.0,2.0
0c7a8b89c8561996e65a57b4ef79f62254dc9028282e99cd832f97baf9d574b46e97afa4d6580a682486fefa36b2d6b6ac18f79d946ea4bf8777c4be1b73ebbc,CLEAR,DAYLIGHT,DRY,PHYSICAL CONDITION OF DRIVER,1.0,24.0,1.0,1.0
0c7a921c86b980ca3d0ffd73e64c5d04ef8ed1474972c86ad0d6c857fcd288f64fb51b210fa46b390ed23720473471c35c6767d77caa68879a6564f308f0e46b,CLEAR,DAYLIGHT,DRY,FOLLOWING TOO CLOSELY,2.0,24.25,5.0,5.0
0c7a9e491c346407253e48ddb53ec1d4250e713d902dedd7db0d480929226c9cd03cf34881554f4710af0b5adb16c284dec87878937413cd3528adb78e52a77b,CLEAR,"DARKNESS, LIGHTED ROAD",DRY,UNDER THE INFLUENCE OF ALCOHOL/DRUGS (USE WHEN ARREST IS EFFECTED),3.0,47.0,1.0,1.0
0c7b15e2b7e1f8646a397dc0a68119232be80b4cb6304300a3818e8a7e3fd4a1b6544694936b6eef09e88e8683e648f33888d25c393882a418e51f7de9540c6c,CLEAR,DAYLIGHT,DRY,IMPROPER TURNING/NO SIGNAL,1.0,27.0,2.0,2.0
0c7b583b78cf9ce01d9553872b852dacef6da0032e96fbe0359b9f011c6e92e575d989372c2eea9d43fdb9da5fb4838e66284cf9b7c0867180b5245f530753b0,CLEAR,DAYLIGHT,DRY,DRIVING SKILLS/KNOWLEDGE/EXPERIENCE,2.0,37.5,1.0,1.0
0c7b786e661c2d0b6f5f5c288d5f15bcfb7004b4c6694261b457404cf8039bc61856b7469d398ea4ee38b521e1afcf7c5f83d0337f5254db0a0c5b167460910a,CLEAR,"DARKNESS, LIGHTED ROAD",DRY,IMPROPER BACKING,2.0,37.5,1.0,1.0
0c7b8b7d38461a585cd7df8f0e0f8e9d809f0638c448cb6122350da5bc403dfd270d60d2da7678c65970bd462e3266f48f4da9428745376361b075c14774cd84,CLEAR,"DARKNESS, LIGHTED ROAD",DRY,FAILING TO YIELD RIGHT-OF-WAY,2.0,41.0,2.0,2.0
0c7babb451f3ac7b73ad4b11c849b1beec995f033f0761ad5b359c325239cdcc130c740d5520a3d1aceccb3c26242777927f645ff9a88e6f7eb90d20dc21c8fc,UNKNOWN,UNKNOWN,DRY,IMPROPER BACKING,2.0,37.5,1.0,1.0
0c7bbccc9245de731974440d0d5270b509ef0729625b6c118ffe07de5688b90bb15875066fe5b6ea1db0c22811dbc9b906de8f01ad893fa98e63161f3a155f42,CLEAR,DAYLIGHT,DRY,FAILING TO YIELD RIGHT-OF-WAY,2.0,39.0,2.0,2.0
0c7bd9a8cdd780a31832164ec4b0b4a26711caf956cc9f8a6876b644fec6d4f7cdd7d4b2d46ba3cc4149eea19a3809cb4e0e35e38cc1c4264de615de6126795e,CLEAR,DAYLIGHT,DRY,IMPROPER LANE USAGE,2.0,35.0,2.0,2.0
0c7c192039d28a85f4f091cdc1ddefc8f3dac2380d8084127ee526b8cee3e4471d7151a41c46d7d6ed2ff49f4584f2cdf3d1ceb678c9d772451a03e76eceb33c,CLEAR,"DARKNESS, LIGHTED ROAD",DRY,IMPROPER LANE USAGE,2.0,27.0,3.0,3.0
0c7c3bb9c5025cdca74f8c9b2ed1c5b595b261fe65b9721a432e6e28ae725d64f80fa114695536725be0bf5414612b251b5abb1e8c14371cb863644281d86aab,CLEAR,DAYLIGHT,SNOW OR SLUSH,IMPROPER OVERTAKING/PASSING,2.0,31.5,2.0,2.0
0c7c5366153654e709ed0421d79fe2dc894c2b8e469fa956af678677454cbab1a18e7fde20e9c25a35a058fc57836d97625624b4905e6ecdd2cd27b9cac4210f,CLEAR,DAYLIGHT,DRY,FOLLOWING TOO CLOSELY,2.0,33.0,2.0,2.0
0c7c5fc48e9543e70ea01f972764e4de509c8228c0f8a423d925e87ca804d07bafaeb6c4d2e40d9b2db7c101667983a37122caef395b9b25b8250e6389687e6c,CLEAR,DAYLIGHT,DRY,FOLLOWING TOO CLOSELY,2.0,26.5,2.0,2.0
0c7c891d2aa6c3ded6425a7ceade1f4ed61ba52ca09b313a0b20654331d29d4478ca6cafdb2d166ab3db7fc86b3f1db473dbd74e8993ce02a16bc30cae8befcd,RAIN,"DARKNESS, LIGHTED ROAD",WET,DRIVING ON WRONG SIDE/WRONG WAY,2.0,41.5,3.0,3.0
0c7cba66267a36b1b802ed775e0c413b7706f871d85b9990a7645a2fca11499c0f16a28ad31dd053bcd1d588351fb16acaef9751a4a647815db21bce6dccb605,CLEAR,DAYLIGHT,DRY,FAILING TO REDUCE SPEED TO AVOID CRASH,3.0,62.0,3.0,3.0
0c7ce4365e29ba61ca13e159d4ca4c3ad814a63da503ae06134aa0bdbf3cfe96b5f88bce5b451f785889595421f12884df31c598dd37630e8b2e603b40fe48ba,CLOUDY/OVERCAST,DAYLIGHT,DRY,FAILING TO YIELD RIGHT-OF-WAY,2.0,56.0,2.0,2.0
0c7d1e368566aeebcfd95493f84928e3a22473122b080432267349db2aee20134a60e466dc293eed7bdc97dbf70015d64ec4bac6c594a3e6934c8a970bfc8bdd,CLEAR,DAYLIGHT,DRY,IMPROPER TURNING/NO SIGNAL,2.0,25.0,2.0,2.0
0c7d230405559762810a36ded205e7669d5013d55d274f0bf09c66e95b4328c0e3782d35d5c140f15cb5042072f0fef0ad741c3e57947ac5f8f7f4e68b129cf4,CLEAR,DAYLIGHT,DRY,IMPROPER BACKING,2.0,48.0,2.0,2.0
0c7d5a52d0c49af37492a4ae8c541d8137c8942ddd76e33a300abc28c87731713e56ee59dce021d5b380bbf2707715c3d1c06da8296148a1359706e3213a61a0,CLEAR,DAYLIGHT,DRY,EQUIPMENT - VEHICLE CONDITION,2.0,71.0,2.0,2.0
0c7d7b0258050fc3031006e6f3f393b571c0341ad3999d77879e1ff032dbe055fbdc6877af5b3189de085a4d322adf724d8e00f99d86e2864bd311ea19467db8,CLEAR,DAYLIGHT,DRY,FOLLOWING TOO CLOSELY,2.0,42.0,2.0,2.0
0c7dc62c7bd70bd7f7f4930f66b1d3e1fbf13d05674f936341c7bbd7d1052d30811ecd3b3ab54971df6a51640a1fc0b1e6cb50b43bb46c9f870b6f7de791f150,CLEAR,DAYLIGHT,DRY,FOLLOWING TOO CLOSELY,2.0,32.0,2.0,2.0
0c7ddda9752d61f3123c28bfc58cb869211ba1b61d461cca2bbf441e2355429ef62edb71200abcf155a8d2cd9e15af18e4b196b4a1b1c7bd18537dff8e7b44a8,UNKNOWN,DAYLIGHT,UNKNOWN,FOLLOWING TOO CLOSELY,2.0,39.0,2.0,2.0
0c7df3c0fd448bc6abbdc714c220bbba19db0e268cd003e2990d02ff22eb628dd9fcf8dee7e7951c6f927b6303a08010ce955b058e00785a8512299ae5612451,CLEAR,"DARKNESS, LIGHTED ROAD",DRY,FAILING TO YIELD RIGHT-OF-WAY,2.0,28.5,2.0,2.0
0c7df52ac4cdfb64be0f859086b86b5c99eca7d4dde8e36133d4e46efd7c317a14a2fe23f7fac58040fc0909530b5794e87852c49a32de4b041b0ecd7c4f7891,CLEAR,DAYLIGHT,DRY,IMPROPER OVERTAKING/PASSING,2.0,36.0,2.0,2.0
0c7e58b1f65461c4fb686e2c641f9bf0d2cb511c2106fcbdbd58b121e21e082503eb63ad116fc179b24cb106dd21f1f1829d45b44318219a25ff4f2bb4a1e567,CLEAR,DAYLIGHT,DRY,DISREGARDING TRAFFIC SIGNALS,2.0,35.666666666666664,3.0,3.0
0c7e8703d749f4c4c9aa47fd63cea1cc354e9172dab82243f1edec29ca835dd7e52b91e118248a3740252ac8fda2ef50f0a5aee9711f8c34af345e0d500ea076,CLEAR,DAYLIGHT,DRY,DISTRACTION - FROM INSIDE VEHICLE,2.0,19.333333333333332,3.0,3.0
0c7e9b619f07b516f184c5ce75390bf5dfdf9ce58da583fb0182878cccd90c0a2b88ef501c435994653800d6365edf311b6ee1e026d79b7bed93fc898c9eccff,RAIN,DARKNESS,WET,IMPROPER BACKING,3.0,22.5,3.0,3.0
0c7ebd6715150753e67e4b5c1cc72c397abf4bb8c8215c3670ca71a8471da13f15cdf129312c8526be141037d14a94962703a7cfd1fc3c26028c83b81e87f04f,CLEAR,DAYLIGHT,DRY,IMPROPER BACKING,2.0,39.5,2.0,2.0
0c7ed9ab6336c084df751de32b9ee2fcc5f58776896844f45bfda9fd3d4efbb79ca03a756c9a62c18e4cde87f2b686ea80f948e1632a72177751bc104f3bcc87,CLEAR,DAYLIGHT,DRY,DISREGARDING STOP SIGN,2.0,34.0,3.0,3.0
0c7ef39eafaf5dbd88664521a36d6d28e85fdbb70ec1b0b6786dfea7bd258c5b29774e97b418c51ff59e79ef741c5a11c9f85904786bd6474fe8ec0be611473b,RAIN,DAYLIGHT,WET,WEATHER,1.0,24.0,2.0,2.0
0c7f31edec63980a36f8daf02dabc1782ea04bd5ce200969e42386909a4c0362473e12ee57eeb6cac95deb588b183c7b598dfc084902900d6f53d1f0b87e53fd,CLEAR,DAYLIGHT,DRY,DRIVING SKILLS/KNOWLEDGE/EXPERIENCE,2.0,37.5,1.0,1.0
0c7f4c4a3045b770e34b3ea8bbe95301558620e849fd5064eeeab149ba7945a9c957e39db78873c7c6ab0a2d3bec87c40a131b777779c4d92313f87a400ec801,CLEAR,DAYLIGHT,DRY,FOLLOWING TOO CLOSELY,2.0,43.0,2.0,2.0