crash_record_id,weather_condition,lighting_condition,roadway_surface_cond,prim_contributory_cause,total_vehicles,avg_driver_age,total_people,total_injured
0c7f66f7b05f26a26d759d04caf1b602bf2e80e9b80aacab8cdde2130ab9d9feefb08b7d01c1c262e0b49b902cdb369e69abfce79518522fc802ea1241571065,CLEAR,DAYLIGHT,DRY,FAILING TO REDUCE SPEED TO AVOID CRASH,2.0,14.333333333333334,3.0,3.0
0c7f85de9dd521b00a2a44cabb093e9ec78352c68cc66662c0f6b2f0e2b21f4b6a13c07f3bac5d07139b357ec3366cc442467222193dd7c578051365afcb6962,CLEAR,DAYLIGHT,DRY,IMPROPER LANE USAGE,2.0,31.0,2.0,2.0
0c7f8940077bb25898776d857861126286b6e378e0578366e70f4e1d3569d87692c2bcbadafb2650fe40220bebab95f1e11c67015c0407d176a962325b7a93de,CLEAR,DAYLIGHT,DRY,"EVASIVE ACTION DUE TO ANIMAL, OBJECT, NONMOTORIST",1.0,34.0,2.0,2.0
0c7fa736274a8645075a402f1404f61322a2d1e3243071794674b1072fe8cc58bd256de02d680a0b03b0e43d62e7c852334594de4736198a9d8d40b8f167ac6e,CLEAR,DAYLIGHT,DRY,IMPROPER OVERTAKING/PASSING,2.0,41.0,2.0,2.0
0c7fafb6f74c572fe958281b1ae1e278db2621368ff2b61f683e20c63c45dacf4e8d2f8ff8236b356602f826181193d81d302ff36dc34ad88e0f8e61d138a177,CLEAR,DAYLIGHT,DRY,DRIVING SKILLS/KNOWLEDGE/EXPERIENCE,2.0,72.0,1.0,1.0
0c7fbe6d03212c4fbe0fc93ea88ac068742dcccd5728fd33ad40d131e4862a916f0f4532a0e8e8eeacc12b56211253b9824d25822a5fe98d80ec4a63c1dae0cc,CLEAR,DAYLIGHT,DRY,FOLLOWING TOO CLOSELY,2.0,41.333333333333336,3.0,3.0
0c7fd28551b0ed216cd51ab5376491807651ce1e5977f571ac9871a923febfb698ff554999f5a1440a5ce25bdd6aaf0d8ced7adb75f8337c7bd3584ebdcc4d18,CLEAR,DAYLIGHT,DRY,FOLLOWING TOO CLOSELY,2.0,37.5,2.0,2.0
0c8019bd44529d9bbd5eb997a3210c46cf3a1938d53ef6ff897cf184c323688059873d489b521ab2c4ed62b8d70a877ce6d28f840d6ecbb7d6436b77b0316fcf,CLEAR,DAYLIGHT,DRY,DISREGARDING STOP SIGN,2.0,27.0,4.0,4.0
0c801c9f3522466bd3c6f537c7f7a5621ad5b8e5cc346a305ef98b78628ddcc77e9805234c0bbafa9cc96a9278648c914cc7c7cee5c291e2ab870c47ac97ad23,CLEAR,DAYLIGHT,DRY,FAILING TO YIELD RIGHT-OF-WAY,2.0,22.4,5.0,5.0
0c802119458af45ae07352d93957d83ea506e3f2ed200fb8036c3efcd235fd4d5e1232ef4547e7f44c64f2e5135f2705556d0e4a94420976d7278c2a3acc8328,CLEAR,DAYLIGHT,WET,IMPROPER LANE USAGE,2.0,52.0,3.0,3.0
0c802463afd08b50fee45608e7ec1cdd274eb9e25d2147d707f5bad319b562fd6730ebc86513af629348641c9b682ffa5ed7902b45079311af8ee77348fe4195,CLEAR,"DARKNESS, LIGHTED ROAD",DRY,FAILING TO REDUCE SPEED TO AVOID CRASH,2.0,36.0,2.0,2.0
0c802ff2bf40abdc507e378102792cafb067457da1e530c26ee680b423a5284202d07ebb7ab10cf618ef6dd964b1b64b13cc3082f67149d6b91fb13e03d0a0fd,CLEAR,"DARKNESS, LIGHTED ROAD",DRY,DRIVING SKILLS/KNOWLEDGE/EXPERIENCE,2.0,31.5,4.0,4.0
0c8085081dc33655db1970a29dbe2f085452272e76bb3d57f55387d0f5ee38e05f1d6e71ecfbd7f351171b4e8cb6603e68b9ddc54f41826be940a3df0d11b58d,CLEAR,DAYLIGHT,DRY,FOLLOWING TOO CLOSELY,2.0,42.25,4.0,4.0
0c809a4c1345beda8f039828a8cecaf0204dbb60b5492cffeee6c9e43da114d8dd779b2d8dee6aa4c832661cb283c0d9c0b7a016d47f2f5d8354bb4eeaac863e,CLEAR,DAYLIGHT,DRY,PHYSICAL CONDITION OF DRIVER,2.0,28.5,2.0,2.0
0c809cca5cac90c49faf49f721eb2eb4941aef3233aa0a33f698ad5945aa90924166391a51fda6f3a36a81e36c31f97900ce34ff866256da0debc61c970af18e,CLEAR,"DARKNESS, LIGHTED ROAD",DRY,"OPERATING VEHICLE IN ERRATIC, RECKLESS, CARELESS, NEGLIGENT OR AGGRESSIVE MANNER",2.0,54.0,2.0,2.0
0c80bdc6be4d71450cc65c2309b4a018262fc119e4a394ee14079b7266078aeff3a553d8a993a33af09244df915d2a70a3b359b4f52077853ffc837d1e00ff84,CLEAR,UNKNOWN,UNKNOWN,DRIVING SKILLS/KNOWLEDGE/EXPERIENCE,2.0,47.0,3.0,3.0
0c81100a5a60765bab09dac37364f0685be85c82f2204c68dd8b486dfbb1e864579873ef5f42f4d07a5579fb2f8f0eb6fa8eac9f198a2e327588266f385faca9,CLEAR,DAYLIGHT,DRY,IMPROPER LANE USAGE,2.0,40.0,3.0,3.0
0c8115a2acaa56a2ae83b6e536c1973056ef6a8004fc68db8f8d01b76e97997ac178be2f15a1a25d68f8e07a87a6bd6fcd0a0a43bc391696842ccff37501e853,CLEAR,"DARKNESS, LIGHTED ROAD",DRY,DISREGARDING TRAFFIC SIGNALS,2.0,31.0,2.0,2.0
0c8116fe4214a8536ff2093585bfc4dd666c455f16fbb094cd7aebac25e71c60ba75b310a2f9f52ed00be4b2ca07666e92ffd8b8d629d1afb9ca73784c857900,CLEAR,"DARKNESS, LIGHTED ROAD",DRY,FAILING TO YIELD RIGHT-OF-WAY,2.0,26.0,2.0,2.0
0c813c6f63f9e97ba15bf2832cd58c165bed38b4b6d4b9655ead852bd86152a2b2852cb185ba0f3992ee3fcf4843215c8a0d35306d0a915a2402efa480add668,CLEAR,DAYLIGHT,DRY,FAILING TO REDUCE SPEED TO AVOID CRASH,2.0,37.5,2.0,2.0
0c816e0db620d19695da85ee5feeea7da44aac9a617f8a9a786e7f5cbd0eeb48919c2d520f4ab5156f8f07be6a086fed2b9047a9072364b61b4e3d94fcf6e1de,RAIN,DAYLIGHT,WET,DISREGARDING STOP SIGN,2.0,35.5,3.0,3.0
0c8199fc3c4d8264fb4497b61fbf0b63987967b617acdc16437754267967e61951116eddb58a7c2109e268fcdb9747d0c27134d33a16dd8f9a24453925dd4d09,CLEAR,"DARKNESS, LIGHTED ROAD",DRY,"DISTRACTION - OTHER ELECTRONIC DEVICE (NAVIGATION DEVICE, DVD PLAYER, ETC.)",2.0,27.5,2.0,2.0
0c81ad720e6b9352cae6633d6241c032a83e3bafdee561d1d7ce023f2f19861b4d8e9ec45bf6e0ba190bc9ba6202d31a93b29d7fe633921942f285ab4140ccd0,CLEAR,DAYLIGHT,DRY,DRIVING SKILLS/KNOWLEDGE/EXPERIENCE,2.0,83.0,2.0,2.0
0c81d0b7d1a94ce5afb396f3bc10a0b399a4ef7bdf1c57a99833e098fff9fa9bc84d6638fc0a0b194f2de1b2b3b9b5c0d510ff097363cd1f2f6e7af4941bf194,CLEAR,"DARKNESS, LIGHTED ROAD",DRY,FAILING TO YIELD RIGHT-OF-WAY,2.0,38.25,5.0,5.0
0c81f3782fcdd8439777a28b5610c9ae86e7e359a93d08741c337413005467a257855333f56f23a6243bc1c13238db0aa6f10857ecba47f219acfa0605498fed,CLEAR,DARKNESS,DRY,PHYSICAL CONDITION OF DRIVER,1.0,40.0,1.0,1.0
0c820f12e6732325e3d57a4fb6b3eee4099058e510e38f8e902e51aa8a7d637701133eae22726de83739b2e4051c5df743b211fd023b4c8eae2c2601fb6994b4,CLEAR,"DARKNESS, LIGHTED ROAD",DRY,UNDER THE INFLUENCE OF ALCOHOL/DRUGS (USE WHEN ARREST IS EFFECTED),2.0,56.5,2.0,2.0
0c822de8a8e2d1b2e4b9d28d00151ad90f0cf6bcf7a42751870cb3b722823536aa1fca4551b78975a63ffed15678a02020fd7ca15e08d2e2e2c510e956f0e64e,CLEAR,DAYLIGHT,DRY,IMPROPER TURNING/NO SIGNAL,2.0,50.0,2.0,2.0
0c823ad4653edd809e32684c79ee33286bec4e9066f19e7f5c19d9ed6bf25616800548fe96b94c46a7678de1a4e190a625bbe8e578739cd6059e2400c65ce815,CLEAR,DAYLIGHT,DRY,FAILING TO REDUCE SPEED TO AVOID CRASH,2.0,36.0,2.0,2.0
0c82410ab6d2f64623cfa8d76ad84b11a3e4cd762c897ffc8b657cee9d368f0021c674231fdc486e3e7d92cbe9a7b4c84f529af69727259118f0bbfccb80739e,CLEAR,DAYLIGHT,WET,FOLLOWING TOO CLOSELY,2.0,23.0,2.0,2.0
0c8278bbe5bd078389cc40bc8eee606f58a7775461cb59e2d91216884d360fa7940a227a5363c03ab880520d69e62bbf46e1eb5083265bba20fcc01a1102235f,CLOUDY/OVERCAST,DAYLIGHT,DRY,FAILING TO YIELD RIGHT-OF-WAY,2.0,42.0,3.0,3.0
0c82b0c9cca453d06f35df8a62884863da2914380b4bb512ac6cbc0af1e0361ef77355ac48256d3bb719e7207ff16d787c12976e43932bda1777c62aca772045,CLEAR,DAYLIGHT,DRY,FAILING TO REDUCE SPEED TO AVOID CRASH,4.0,38.2,5.0,5.0
0c82b1d19dc924bfe5a6d6a3f3b04ec6301f659c6ee0742fd88b7b1cdee8ce5bdbc555df72e437fe360d5aeb65169871b1c4db3bb04f6e27613151f76cce2f53,CLEAR,DUSK,DRY,FOLLOWING TOO CLOSELY,2.0,47.0,5.0,5.0
0c82c306df100325d61192118fb2c5b69107450625ea85b0aae965205c9a16959061656f162dc87b280836feed321d52ca67d9165a6e7fab3557fd4cede2e861,CLEAR,DAYLIGHT,DRY,FOLLOWING TOO CLOSELY,2.0,30.333333333333332,3.0,3.0
0c82fbd6c0bd978d2e99e5e285b44565d1a5a98d3fc1651ec1cab1153b8334940403b7f9ae8ec855454ea76b7d902911c0a5b41495d8b77e251c8e376e432f65,CLOUDY/OVERCAST,DAYLIGHT,WET,FAILING TO REDUCE SPEED TO AVOID CRASH,2.0,49.0,2.0,2.0
0c83055b023849264f6bc9d9b2269ed6db4cdae9612e23d23b23d03a9ef482f9175da309c53adfc357bbe310f20630db203a28b50e0bfc5896e3cb387c82d46a,CLEAR,DAYLIGHT,DRY,FOLLOWING TOO CLOSELY,2.0,32.0,2.0,2.0
0c831857d03440e253444cf218c883eb6ec9bb79f9b26a6048dba2af4a455dc189965f16f1d6f0f2d1fc10077059cb25e86965a93b96046affbfc3a8b4ca4456,CLEAR,DAYLIGHT,DRY,IMPROPER TURNING/NO SIGNAL,2.0,29.0,3.0,3.0
0c8330076050b2de6157bbd463ec3b759ce5378ceb3149eb680cb1b734163139e888126d5d4b505b9f322a1236d9292f662b4d66fd9f5d03a5fc4cc5debbece9,FREEZING RAIN/DRIZZLE,"DARKNESS, LIGHTED ROAD",WET,IMPROPER OVERTAKING/PASSING,3.0,42.5,4.0,4.0
0c83360ab1c1f41995df1396f77624e57238dc85d0bab70b2a353169213b18b6839e79874e536548802bafb4cb70b1dbc74e527a7bfbf4633b75c202a1ca3863,CLEAR,DAYLIGHT,UNKNOWN,FAILING TO YIELD RIGHT-OF-WAY,1.0,49.5,2.0,2.0
0c837bfb1bb8bff883c39cbfa52700d0bdfdbb604ddb666440a4646c29c74aa759d530aa4590fa63cd134e09985364b7cab6fdd218a4bafafc93af51953c1f26,CLEAR,DAYLIGHT,DRY,IMPROPER LANE USAGE,2.0,37.5,1.0,1.0
0c83a4a4fb9f36cc4fe79b670fcdbe3ca58c63e7538209161ac84ec30a3f5bd68ebe6364a99731b7dd077015905b2783f50b61d58d710e41f1f963a486103684,CLEAR,DAYLIGHT,DRY,FOLLOWING TOO CLOSELY,2.0,41.666666666666664,3.0,3.0
0c83a60fad1af115e77f27026f1a79c1056c73979d67f6f790f67c5d14d9c208ac9d3a1977dfba597090b1f8bb5b91e8d6fb7c65f4c19777449c79086e2cf1c0,CLEAR,DAYLIGHT,DRY,FAILING TO REDUCE SPEED TO AVOID CRASH,1.0,43.0,2.0,2.0
0c83b30b1198cc9719358377e473b0947bc686930d1c58fd59d98c6249fe7f3ba95716b8f3af0243c2af8b80bd385c2e02b7aeb8d467f213cc038ba234b43a4b,CLEAR,"DARKNESS, LIGHTED ROAD",DRY,FAILING TO REDUCE SPEED TO AVOID CRASH,2.0,53.0,1.0,1.0
0c83efd4d3c99a3e24d91d2a847347129a5be589deea00cd0f5f6be030969c77536a07ae5ccdb4ca23dc691567ebf6e2241f81b7b03b38aa1c0cf1d96a83d13b,UNKNOWN,DAYLIGHT,UNKNOWN,IMPROPER BACKING,2.0,27.666666666666668,3.0,3.0
0c84028ebc10fc484186d49573c6c1df2d5e5da840ad65c9d7669ec5f3447e2cc5c42c67d8a8bb654d68ca2c838920de3b2646e2f0c953fb66cda4f3b71b99bd,CLEAR,DAYLIGHT,DRY,FAILING TO YIELD RIGHT-OF-WAY,2.0,37.0,2.0,2.0
0c840d90d151ea2ec3f11325558d048c0e1f843792acb8cdd48b9b368d6b4001f022d7e29607da5b92cc849bc6e616fe8d5fb00854c6dab4024780a17841499e,CLEAR,DAYLIGHT,DRY,IMPROPER OVERTAKING/PASSING,2.0,37.5,3.0,3.0
0c844325542c593f08a22acdf33a436c613d5317ff0d4af4347ab27b45ff9a705e75c49169ab42db26b96ec17f13dc20005ec306d08dcb3efccfad9035b64dd4,CLEAR,DAYLIGHT,DRY,IMPROPER TURNING/NO SIGNAL,2.0,43.0,2.0,2.0
0c8459ea891296a6ee954539f5cd267e8c244e061a26266d40aeedd5010676a86cb3f0e25434427e4fe5d924b6a761be0f71bf00a2d0c40c7038e209c4413130,CLEAR,DAYLIGHT,DRY,DRIVING SKILLS/KNOWLEDGE/EXPERIENCE,2.0,39.0,1.0,1.0
0c846a719097913badb43b0e695eb279d9aa84d017e3232b38db691c61e90b1e7809afd218e92479247eb2eef97b2998ed3c45b92d4ba0b6e9c28d0826cf9579,CLEAR,"DARKNESS, LIGHTED ROAD",DRY,DRIVING SKILLS/KNOWLEDGE/EXPERIENCE,3.0,36.0,4.0,4.0
0c84a006e8a456296f34b67447509ec285b72fce68f7a177f4d687e4965887a73b9f3dcef55838d823f7931b88a60f4f392b92f3ade375c35699960bb3ef5f6b,CLEAR,DAYLIGHT,DRY,FOLLOWING TOO CLOSELY,2.0,34.5,2.0,2.0
0c84aa7c317c274d6a00c0cb9510ddb1e25c8283a7b3e3b83bd283b722838301c0842f3a836e8d0198f229caad7a7643c9f05f70176d62097154c65d554ebd0b,CLEAR,DAYLIGHT,DRY,IMPROPER BACKING,2.0,33.5,2.0,2.0
0c84b09e233d2bd5113c4bb0bd0b9dc15972c2806972962af7c76870cdde6cb4c7bae65891933b11cd7d4720017748a41fb4b02364561910de3309cf135c45ca,CLEAR,DAYLIGHT,DRY,"VISION OBSCURED (SIGNS, TREE LIMBS, BUILDINGS, ETC.)",2.0,31.333333333333332,3.0,3.0
0c84cac85ab0d7b36dffe0de669a83802b2b726f12481f94cf19ee6487d81bca7437fb7bef565c18a22ff276cc8d4f9c263077e996fbede1c94cad5732a2e3a8,SNOW,DAYLIGHT,SNOW OR SLUSH,IMPROPER LANE USAGE,2.0,36.5,2.0,2.0
0c84de88543ad202e3bbe7e8239647ddf4211dd67d40e945ab804ce2fa1ab047d17a1cb4b6b301576a20b92878206185612154adcfb45c5fd68a9696ed3efe34,CLEAR,DAYLIGHT,DRY,FOLLOWING TOO CLOSELY,2.0,36.5,2.0,2.0
0c84e0d936e06f1d730813a671c18b120ea657bd6cb59a157ca31298cc3ccf2c80f69ea261cff02227c8a974a3cf0fee3fa0f387c2b07f5a8bb33dda04e5b0ca,CLEAR,"DARKNESS, LIGHTED ROAD",DRY,FAILING TO YIELD RIGHT-OF-WAY,2.0,33.333333333333336,3.0,3.0
0c84f63cc6a49c1db33da3ca26610ff48af24c8dc2bd73693585396e39286521411b28f73f5573db24a1ff7aa499a3530cce4e27798f9641943d8bf53ef1dd2a,RAIN,DAYLIGHT,WET,IMPROPER LANE USAGE,2.0,37.0,2.0,2.0
0c8512626f6a52e530fd779b9b866ab1122ad567c3cfeb2252bb13e244db1a15d8860e7c34bca90dcd44e45d5a90e9ca42f5038d080ca9de76f955d57d9cd31a,CLEAR,DAYLIGHT,DRY,FOLLOWING TOO CLOSELY,2.0,36.0,2.0,2.0
0c85131eb499cdfd417ff1a5fcff0686345aac68dfdee5d09f08ed6d85584c06d66c140e9e5b536470bac932523e956fb27c6b88c3a2f3fb4f0fcdda8314c94c,RAIN,DAYLIGHT,WET,FOLLOWING TOO CLOSELY,2.0,12.666666666666666,4.0,4.0
0c8513fa3bef8e5e6f9a4086dd0ee79f0c25e32dfb89b0d5a0abb462589d38556fa9f2278eff3dc35769a81b041e994a46bac4e886c1fa40d50e530df7c060ea,SNOW,DAYLIGHT,SNOW OR SLUSH,DRIVING SKILLS/KNOWLEDGE/EXPERIENCE,2.0,23.0,2.0,2.0
0c851eef04c8f16f46d9fd886e9c4e831acc9a6da2d5b4716eaa21d0be287c54f7b21a5bb530f66d7a151d6664ee15865a0f345fbbeb41a73b49dde2e74a213b,CLEAR,"DARKNESS, LIGHTED ROAD",WET,FOLLOWING TOO CLOSELY,3.0,37.5,1.0,1.0
0c852f1b17c320834f6506c28454f2a20ce2ead9e70d5cb04ab878fee79f02f2d5f025178d688248b945566e6158705b7556b81260eb43d82a355ca6c64cf95d,CLEAR,DAYLIGHT,DRY,FOLLOWING TOO CLOSELY,2.0,26.5,2.0,2.0
0c85437f48d727cae56ae0404b3a9d8a16971ef7a2dcf734775ac6d87978eff9d9809c2db38819c5f5811d6cc97c308cc567cd39c289e58e57bab844110697e5,CLEAR,DAYLIGHT,DRY,FOLLOWING TOO CLOSELY,2.0,42.666666666666664,3.0,3.0
0c8566f1736d8dafc82a85376f85a40350a716fcce0e41ddedd38dfd39bd0c5d121d8bcf30864156c2a43d896bb04f8fa90ba0a48e402a0106450317fbcc22b0,CLEAR,"DARKNESS, LIGHTED ROAD",DRY,DISREGARDING TRAFFIC SIGNALS,2.0,25.0,3.0,3.0
0c85973401825255f572c51c18852063c2ac9c6a673d5324d48b034e9abaeb3fe7881f71ddda3669581c1427dbc55cf73deb85dddafa3c6f6dc46f4b16dd2eeb,CLEAR,"DARKNESS, LIGHTED ROAD",OTHER,FAILING TO REDUCE SPEED TO AVOID CRASH,3.0,35.0,3.0,3.0
0c85f660bcaba2756caba2bd5a302a7acc51bc1a5500ca75c4e22eca95625eca089b386b7367edeeaf1e904ec163fb310fddfcd514557118c7907221c8793a98,CLEAR,DAYLIGHT,DRY,IMPROPER BACKING,2.0,26.5,2.0,2.0
0c8624e631f6a233f175ce83bfd8f9997397759c2d45a057582cc8dbdc4162d9e1774b1af220bb0467e48761944c99d2ec64c202e879b288f948f95e11274081,CLEAR,DAYLIGHT,DRY,FAILING TO YIELD RIGHT-OF-WAY,2.0,50.0,4.0,4.0
0c8648d835d39f0191126910f3caa64a16365baa2dd5762dc53f69bc8a47670b46d8c75752bc6112e77625eaa6d98aea9f1221e47f6d152631432e10cd26a8ca,CLEAR,"DARKNESS, LIGHTED ROAD",DRY,FAILING TO REDUCE SPEED TO AVOID CRASH,3.0,23.0,1.0,1.0
0c866c868a27e0f9ba95d8b46deee4ca3bda50c87ae51c892990d80fa864f96db1aa01269d1e13af096082cdc287a49aaeab3a3db12bdc751a70fca7c2404381,CLEAR,DAYLIGHT,DRY,IMPROPER TURNING/NO SIGNAL,1.0,26.0,3.0,3.0
0c86b2dac1229ded9a7fdcf089b3c225c5363cd756e3d35639364f574262f43b3ddf4641dee0e212cb37b2d63ee199c3f040fc705373f3ba6f2d2f7036edd9b9,CLEAR,DAYLIGHT,DRY,FOLLOWING TOO CLOSELY,2.0,29.5,2.0,2.0
0c86bedddda4c3f5b3900c626f655aeddb4183dbd31159720602fc73c44a3e26e4277aa88ebbd70ec081f3625837c1c45365c940cc7adb6b432d87a7d439ae8c,CLEAR,"DARKNESS, LIGHTED ROAD",DRY,FAILING TO YIELD RIGHT-OF-WAY,2.0,36.0,4.0,4.0
0c86ce939fe7d5b8d56f167e4c3ed9fdba34f922eaba5c92ccc8ceca97f62ec9e26ff9d8f851780a8c828261cc0636222769d3767ddd119daf3b515ed78d47f6,CLEAR,DAYLIGHT,DRY,FAILING TO YIELD RIGHT-OF-WAY,2.0,49.0,3.0,3.0
0c86cfe713adfc87b3c090172afc80648c1ff88d349449247ba8794102c690c8d99dd79546b076e99a6265db31844f1e8fa15ac86cce721bb4dce995e542cda0,CLEAR,"DARKNESS, LIGHTED ROAD",DRY,FAILING TO REDUCE SPEED TO AVOID CRASH,2.0,27.0,2.0,2.0
0c86edf5764d553693ae77dba03362d4be831f242c17ac2044ae6d7a573a113ff59af286416478b5e7715592e3c8de6e7cbe6a7daf7617adc8bbfd7fc37c2b6b,RAIN,DAYLIGHT,WET,IMPROPER OVERTAKING/PASSING,2.0,19.0,3.0,3.0
0c873017bac4e8eb1fcbd377b9f286e43f93238d020a912a4a033ba1007c01799aecbbf0435ef6503f03282071a7a4d94fc619ebf572e2156d4e299e1cd06529,CLEAR,"DARKNESS, LIGHTED ROAD",DRY,DRIVING ON WRONG SIDE/WRONG WAY,1.0,36.0,3.0,3.0
0c8733a7cdedb3b533c77cc26a99f313ffd5652294b5af912ef5b4388e96a4106f5593af85a51213bb62edbb587c01b8cae3706f114fe30fcd5c38fa5885062f,CLEAR,DAYLIGHT,DRY,DRIVING SKILLS/KNOWLEDGE/EXPERIENCE,2.0,32.5,2.0,2.0
0c8750779dad1c6ae30e4a46e6bd82fe514725a464f3a4b3485f1d5a0ed180bd8a5124151d693d72f9cbcd0de6a6952d52209dc55e00bc52bfdd783c265841bd,CLOUDY/OVERCAST,DAYLIGHT,WET,IMPROPER BACKING,2.0,47.5,2.0,2.0
0c87764d36686b450edc8cbbaadae690a7c0aecb5d1b6078018ec1b733fd56e34caa3462e5de74656b22e4747361ef6a51f50751fb165ac7dc585a7dd84c9e8e,CLEAR,DAYLIGHT,DRY,IMPROPER OVERTAKING/PASSING,2.0,31.0,2.0,2.0
0c87b39a481cc040e260c79cd607638c90c4c86ae534d4745417796cf41f1e846359024bfe07bbd36148bdb1ca90cfe6f1df6629b5aefb672474db3ddd4af6d5,RAIN,UNKNOWN,WET,FAILING TO YIELD RIGHT-OF-WAY,2.0,37.5,2.0,2.0
0c87c224b1525c38a3ffe79070453ab906186dbebf39b9d2d2a8893773804281ea37004659d6fdf361dc250ee0d97de41146a06116f2706a33a9fb83f6f44dff,CLEAR,DAYLIGHT,DRY,IMPROPER OVERTAKING/PASSING,2.0,54.0,2.0,2.0
0c87ff06ae8609f8865043b44a4b1ae72797bee2973dc4e5a1c8cc89b09f1694413c31a1038a011e0e64845b15ae0b566a86e50f4aa6eda836e1924f357f69d9,CLEAR,"DARKNESS, LIGHTED ROAD",DRY,IMPROPER OVERTAKING/PASSING,2.0,37.5,1.0,1.0
0c880f9494362545a67d14ccdfa98ff507533f8058da30451ebc7582a15787a310cecc0a3e9d5f5d10340ca7e42afcf5a608b97d6195635887991bc6f36d4c6a,CLEAR,DAYLIGHT,DRY,"OPERATING VEHICLE IN ERRATIC, RECKLESS, CARELESS, NEGLIGENT OR AGGRESSIVE MANNER",2.0,37.5,1.0,1.0
0c8834d3be5c27cc41748d2a31c59a3b08ecaa630b4c9850b246bb844799265c05552f9bc83ed01f336db8b7aabe2fee9f94ea5081f874e98451802fd6087e62,CLEAR,DAYLIGHT,DRY,FAILING TO YIELD RIGHT-OF-WAY,1.0,43.0,2.0,2.0
0c885eb45699cdd97f6edb28276a639b3f8d227cac0ce9418513e828fe0303650950316997dbaf14d632ed97478637bb4ed20f8fc84b0bbbdcdf891ef5c3db38,CLEAR,"DARKNESS, LIGHTED ROAD",DRY,DISREGARDING OTHER TRAFFIC SIGNS,2.0,68.0,3.0,3.0
0c886763f82e9fa5c5e8d5ac7c69802020aa6742cde64ac062f30ca5788bbac0a520fb37df37392174df30fea72c6118f33510283c6dbd14a410f552e26d726a,CLEAR,DAYLIGHT,DRY,FAILING TO YIELD RIGHT-OF-WAY,2.0,67.0,2.0,2.0
0c88742e9b2684b2a6c86e061d3a1aaaad887b14650be68688892f17ae2dc28500481f16bd5889070756776ce22db79568dc8b43c4a7d484d1bc303ff1260552,CLEAR,"DARKNESS, LIGHTED ROAD",DRY,FAILING TO YIELD RIGHT-OF-WAY,2.0,32.5,2.0,2.0
0c88817d98c54d27adacf18b8b9f9369ebbd3f5121da44ee946d336765adead4a685e86e3108369c79dc735a1379bf0529e9d2e5a65550786382547e1644f02d,CLEAR,DARKNESS,DRY,FOLLOWING TOO CLOSELY,2.0,47.5,2.0,2.0
0c88b714f9fddde8ee7b24cc71d387833d338e265c0b359bbd735fda99308e4c0150821b79d8ca27a4be3617bab96e1f1b4b13ba861875c370d709eac4463b98,CLEAR,"DARKNESS, LIGHTED ROAD",DRY,DISREGARDING TRAFFIC SIGNALS,2.0,24.5,2.0,2.0
0c8942fac79f73ac4a06b81966f53ad3ddfab30d5665a96e6beea7eaec1fc6478a5dc383179840d1f2864fc3d392ffccf1bc4a4c9007959bcba2cf997d76dfa1,CLEAR,DAYLIGHT,DRY,DISREGARDING TRAFFIC SIGNALS,1.0,58.0,3.0,3.0
0c89617b93af83eecd3b0452448f8df1f826a2d34bfc689aab227c312f0ab22a345d08c635ae234505bdb5e9c34c40c85b06e3a47c1f08b21b047652096b8f3d,RAIN,"DARKNESS, LIGHTED ROAD",WET,ROAD CONSTRUCTION/MAINTENANCE,1.0,50.0,1.0,1.0
0c897dfe1537f9cd6d4627edda55502523b58728fa5499ee049e45678d0211be1592773a858d78de997a8c608343ae3afc73ac36a8068ed0dc1c29203638adb4,CLEAR,"DARKNESS, LIGHTED ROAD",DRY,IMPROPER OVERTAKING/PASSING,2.0,30.0,2.0,2.0
0c897e0fd2eebe6129e8d573bf4ac87d90182ac568dac98e8a3c7b606d387d3d9de8a5d39fa89aa49de12ffcebbdaa1e5aceb447734a0d4d1d2805bf0ea4aeb1,CLEAR,DAYLIGHT,DRY,FAILING TO YIELD RIGHT-OF-WAY,2.0,37.5,3.0,3.0
0c898f961f510e99db035054dd038bbe016668078f35620e8eb2c62764f4e1e58ada729265be3f43aed0e26aa48792a3f667e418af80d698efe23d1e46b1d543,CLEAR,DAYLIGHT,UNKNOWN,IMPROPER BACKING,2.0,63.0,3.0,3.0
0c8992e401680df39b9290fe79963061f54c810a519d62cb6010321b02dab15a63e25d17694bcf7db928718283ac0abc37d6a90b49fab88073c2aa165069b966,CLEAR,"DARKNESS, LIGHTED ROAD",DRY,FAILING TO REDUCE SPEED TO AVOID CRASH,2.0,29.0,3.0,3.0
0c899675b3a953176ea244af85a08b798d199317f1dfa41b686fd21d239f8243954b1656db01743146c24d4581a2918c87fc6b42b9f12ea514b6689e75eaaf72,CLEAR,"DARKNESS, LIGHTED ROAD",DRY,IMPROPER LANE USAGE,2.0,35.5,2.0,2.0
0c8999322243a9aabf490fe5905b7ba23dd93c9d4b17ab3c5f5378aa7ff2d61fb854f87bb61631d3ddfb9faa0c3de8411992b9ee8f27151b8cf48ba5da3d0cbe,CLEAR,DAYLIGHT,DRY,FAILING TO YIELD RIGHT-OF-WAY,2.0,45.75,4.0,4.0
0c89bea84e6cfee500e414bedffac7cb56f7e41d22317d2629790d0935b6d832b990217889009bc327a0f63df31ed44a85ed44229d1ab91e1e25ea0947a5d89b,CLEAR,"DARKNESS, LIGHTED ROAD",DRY,FOLLOWING TOO CLOSELY,1.0,52.0,1.0,1.0
0c89c89cb1dbd22412470ee80f1935d224926ac1aa27c61cbb984c134d6013b83673b90c51f0dfce4383a65845bbd1371baa505dc2db94ed2511942f02618689,CLEAR,DAYLIGHT,DRY,IMPROPER TURNING/NO SIGNAL,2.0,36.5,3.0,3.0