crash_record_id,weather_condition,lighting_condition,roadway_surface_cond,prim_contributory_cause,total_vehicles,avg_driver_age,total_people,total_injured
0c8a1c212511c937ddff1279717039aa2ded45eac460b5d97cd3a218fc54be6dd6a33a68eba0dd5757447e3201e250c56d56f36e95692c57ed12f4d8f98421f1,CLEAR,DAYLIGHT,DRY,IMPROPER LANE USAGE,2.0,54.5,2.0,2.0
0c8a31b4caac2c02859f7e28ec8bd6a71e4b1dd4ea6baa37a06cdfe54f2c3e285bbef072770f1d2eef8fef7e414835be62bc39559096cb6c76d8dc94ff2eccb2,SNOW,DAYLIGHT,WET,FOLLOWING TOO CLOSELY,2.0,48.5,2.0,2.0
0c8a786ef75cd7e0cdc4dd7d4b1745ed9a52ed452ab2213f2601f7d9a99c62196ab82fe075b00cf9032798c1d5859c1ae532b19c5c209435ae0b7fa5b4a1d334,CLEAR,DARKNESS,DRY,FOLLOWING TOO CLOSELY,2.0,56.0,2.0,2.0
0c8a9b8f046c7837251108920ffae837bd7ed79b2586cc9a1d18bfa6dc9f0a86177edcf585fd4c1c3dc3302bcad3d8992c3dc39c1ef1257d870fb5b111d65a5c,CLEAR,"DARKNESS, LIGHTED ROAD",DRY,FAILING TO YIELD RIGHT-OF-WAY,2.0,30.0,2.0,2.0
0c8aab56b4197a40a7203a785d3cac8e76736d7aa6cd94fde6bcbed1111d6670ddd0e88b577183a6e06e3e39a590d8d963e75c32fde4eb19d026c9a040481312,CLEAR,DAYLIGHT,DRY,IMPROPER OVERTAKING/PASSING,2.0,59.0,2.0,2.0
0c8b03c37c1a762bc975f89f0acc763c95caf85b45d4f306e2c22aaf76c0fb99ad8f6f123da37b69118941ebf134b701cc7146257adb3f059d8ffeff34a7e190,CLEAR,DAWN,DRY,DISREGARDING STOP SIGN,2.0,43.0,2.0,2.0
0c8b0a148cc53e2c32481a7f91fe5801a545231a4d080bbdf7bf8606c10a24f713dbc38ba0a4e0cdb68a1ec7e82ba4f63194ebc2ea230f9668252dfe40c96e6b,CLEAR,DAYLIGHT,DRY,DRIVING SKILLS/KNOWLEDGE/EXPERIENCE,2.0,54.0,2.0,2.0
0c8b18d2fcc6a5fa2eacb7980d751938b0c497dea8f90811a5fdb7d96b739a569e47ad66cc23a13d3736aa4f9c31c1a9e5d948e68945a996c3d1d7a25990fd8f,SNOW,DARKNESS,ICE,FOLLOWING TOO CLOSELY,2.0,41.0,2.0,2.0
0c8b232b3ee45ae63338b52335e5c92a53ab512f65a5be91596e4f3372ad2c162bdd730aa8106913c843245b3cca8215de231002ff0e0faa9604b2427e381da0,CLEAR,"DARKNESS, LIGHTED ROAD",DRY,IMPROPER OVERTAKING/PASSING,2.0,32.5,2.0,2.0
0c8b3ee11615c95ac36c9211b565b985701febefe20322b5fd28298c6c7d392934d9dcb8001cb84c2a7839762077e5ff65b1765b4830f80f71f1720db57821fb,CLOUDY/OVERCAST,DAYLIGHT,DRY,FOLLOWING TOO CLOSELY,3.0,32.666666666666664,4.0,4.0
0c8b6cea564d180f785e88d1d71990a6bf28e9aa59468e5ffa07bdc54e0e9ddaeeb3ddb57b5b562e31c550f7552b8e2b809b9a2b3ce735ef94ffd0b854385f88,SNOW,DUSK,SNOW OR SLUSH,FAILING TO REDUCE SPEED TO AVOID CRASH,2.0,38.0,4.0,4.0
0c8b70a892775962ab95e60bc370f51b9a4adfd6ddf3420cfa165fffeab1e5401217194f1d29d7a390f49cb1738bfca0f7dd7a1e6f913e30ccf324f83be53a70,SLEET/HAIL,DAYLIGHT,ICE,FAILING TO YIELD RIGHT-OF-WAY,2.0,43.0,2.0,2.0
0c8b799d543b05724df9f5c039efe5aa9f47cd4c205fec6e227345ed3b129e8199f0b4bb4232f6359b14d558c0fc0a441ff60235e05eb560c174d08652fe688d,CLEAR,DAYLIGHT,DRY,FAILING TO REDUCE SPEED TO AVOID CRASH,2.0,61.0,4.0,4.0
0c8b8ebaf63bf087841697dac2a8f8edde3169368a37fd495ba8fe6132fa72282e558fab0751421d4c98be59fef41f406d5260eb69463946203f0e1857827069,CLEAR,DAYLIGHT,DRY,FOLLOWING TOO CLOSELY,2.0,29.0,2.0,2.0
0c8be2242636dbbe6c79898db2bb548f7ebb87fc4c6c92cb2d4be53c3569c0192b2f9dd600b98c7bb4afbe3165750f2f62c41ef9c361650a243634c2d386bda5,CLEAR,DAYLIGHT,UNKNOWN,DISREGARDING STOP SIGN,2.0,15.5,2.0,2.0
0c8bf801b8c21bcd66a0e2873b35981670c871dfd7713c86ca4d1155f954bb491c216a1adb1f6a09b60f7d2d944881ff51eb95d28852e11b8cdc39b7137cedd8,RAIN,"DARKNESS, LIGHTED ROAD",WET,DISTRACTION - FROM INSIDE VEHICLE,2.0,35.0,1.0,1.0
0c8c1660f73a7dc3189b918ed986ab498b6075f0787aa9a281b80d53cf1d09a34057566ae9b1e07719eeda79ed31f95d1e40f4f73f0222262e102812d30cb4a4,CLEAR,DAYLIGHT,DRY,FAILING TO YIELD RIGHT-OF-WAY,2.0,50.0,2.0,2.0
0c8c245ded96aabba2a0b47faef3264cf6ca8276541a8074591f38c4d36c898dea04020e3492138d16b2c89a56999aba0e56ce6c89980828a4d2845ee9578cd6,CLEAR,DAYLIGHT,DRY,FAILING TO YIELD RIGHT-OF-WAY,2.0,45.0,2.0,2.0
0c8c3e1afc17c04ea0edabd797fe7d14d7fa2b12dd260ab18e6993c6b8537665f28ef827cd48dae10d1a9c786e5b6dcfdc1e9903eba404a6ba067018c03300b2,CLEAR,DAYLIGHT,DRY,IMPROPER TURNING/NO SIGNAL,2.0,73.0,1.0,1.0
0c8cac37ddec9e5407fdbfd87f4e5520953711490b5aaf539f30f74253c3ea451ba87292fe0925859596a618fb4d417f7107e63012dc73b9e740be7309ff230f,CLEAR,DAYLIGHT,DRY,"EVASIVE ACTION DUE TO ANIMAL, OBJECT, NONMOTORIST",1.0,57.666666666666664,3.0,3.0
0c8caf6740f16934fa105269f7b7e464780653f7f3eddc061e50e0bbf9e5849a53cba49d9d140db35c00294b0469b6a37ee190dbc3d1df0724b37d93d7d90168,RAIN,"DARKNESS, LIGHTED ROAD",WET,IMPROPER TURNING/NO SIGNAL,2.0,39.0,3.0,3.0
0c8cc0bd8b1d716841ca106fa0f733d8b8e85bcf6a855448434e98a98599132cce225ba93cf94348098f9475179328d0a41ca58ff563ae50ed4602f12ad59fca,CLEAR,DAYLIGHT,DRY,FAILING TO REDUCE SPEED TO AVOID CRASH,4.0,25.333333333333332,3.0,3.0
0c8cce7fc5eeb2eeb064e5215424949856b2c46551525deb46b9311104a00c9ca7b5ab5e95f3892d854800f87153114b4c0427694ed332771b2f3eceb9c1a6aa,CLEAR,DAYLIGHT,DRY,FOLLOWING TOO CLOSELY,2.0,30.5,2.0,2.0
0c8cda5040ede57960b0b51dfaf6f94acd5acb24e3b08690e3e35762c74d22be690f46b52e377a310ecf91630d65af4f5127d1dbc9da4bcc92b86bca4ebaba79,RAIN,DAWN,WET,IMPROPER LANE USAGE,2.0,37.5,1.0,1.0
0c8ce4135c36c35db248bba4ac4032b69684beccdd46930366208321d1c6671799c03d43ba6edb590967769526276bcef66c7fc1b34f9a0dac4fbc8b944475fb,RAIN,DAYLIGHT,WET,"OPERATING VEHICLE IN ERRATIC, RECKLESS, CARELESS, NEGLIGENT OR AGGRESSIVE MANNER",2.0,32.5,2.0,2.0
0c8d1c7cb6273ab46aa4bef45494b82a1028e3809d08de9a0f807dd565a0ceb5dc3934bd1e82d2ff77601ddf793b7f9f831dea275cea5f26816fd7d67f547f58,CLEAR,DARKNESS,DRY,EQUIPMENT - VEHICLE CONDITION,1.0,20.0,2.0,2.0
0c8d38d711de002d0c63a539c876ccfd81dd3c5524b02c2151ed19003da8e58cb7df66d363afe9f7f4dc1675287aca6b55c22d53ae319dbaf4eb660ffb70d01b,SNOW,DAYLIGHT,WET,FOLLOWING TOO CLOSELY,2.0,37.5,2.0,2.0
0c8d90f58bf0822ba36c67e20548862ee1e31ed19aeda225d7ebbeae73ec6b2bd2537ebc0edf623a641ea6758b3743a7774c3d5ec673c7ce52990fc08b861973,SNOW,DAYLIGHT,SNOW OR SLUSH,FAILING TO YIELD RIGHT-OF-WAY,2.0,36.0,2.0,2.0
0c8dbceef53485abf31fe5067eb6428940376c465169f1c043edf596fa02ef89c4590da9b57bf4a8ef457e651823af40d7167bf1913d29e5f181e193cd84f513,CLEAR,DAYLIGHT,DRY,FAILING TO YIELD RIGHT-OF-WAY,2.0,24.4,5.0,5.0
0c8def5a27a633a88c11a3570142bc995b0a7b7a1299693c5e11cb42f5bc9f206d1b2a29654c3b6a5e83441ea639cebc88d88b225d3ab503a1f773f7ce260828,RAIN,"DARKNESS, LIGHTED ROAD",WET,IMPROPER LANE USAGE,2.0,67.0,2.0,2.0
0c8def64d8c48fb2d9f4440132045d411e14295371ce395f3a4d822db3021c526500f07cc6d60cc8699b83fc0ad43971214a32d493c5e7538d1cdc51197b34a6,CLEAR,DAYLIGHT,DRY,IMPROPER TURNING/NO SIGNAL,2.0,54.0,2.0,2.0
0c8df6d205f8e426224678c90a8895e4768f83c0b9dce9b621772acd0b1e7d9427c99c9e213ed84dcb06249f9cd066fb481be6cdfc759907e56813df21cc1e70,CLEAR,DAYLIGHT,DRY,PHYSICAL CONDITION OF DRIVER,2.0,37.333333333333336,3.0,3.0
0c8dfa90cdbca78c5e7592eb6d25929f2de95168e93bf158ce86f28b00f0bbd920f651b72ff075512aa646c0c7ae5284006a76614f02c16775d3dfad29e49d66,CLEAR,DAYLIGHT,DRY,FAILING TO YIELD RIGHT-OF-WAY,2.0,37.5,1.0,1.0
0c8e00068406138e250912279d6c0d09e35cdba41186b07f05088658e82b31de6240945498c7bbf9a8b20d969364227a8cf498dc4b76de913d9dbff627d84428,CLEAR,DAYLIGHT,DRY,FAILING TO REDUCE SPEED TO AVOID CRASH,2.0,41.5,2.0,2.0
0c8e32d9133fc6db22ac872ba3577a30d886341920c5288a0332d96f6c73808938e4ec963e218211b63511101124273719a41b4d031a6035ec58589a8be762d1,CLEAR,DAYLIGHT,DRY,FOLLOWING TOO CLOSELY,2.0,68.5,2.0,2.0
0c8e4c05e44fc04ede6ffd00f056deed808bcbb502c595e901ac9830a144d4252cbc9ccf187fa622d3052f21e6e627a4f4b3b5ceb7b1ff48c6d92bc9cba87118,CLEAR,"DARKNESS, LIGHTED ROAD",DRY,IMPROPER LANE USAGE,2.0,37.5,1.0,1.0
0c8e6cb29e7fb4adf02ea6b37da23fce6fb3fe255a1313d59e3e324f6be32da3aa87f6407641bb6dc43d65991e1421bd39ef6c0302abfb2e8afe2d82f6b86a67,CLEAR,DAYLIGHT,DRY,FAILING TO YIELD RIGHT-OF-WAY,2.0,31.0,2.0,2.0
0c8e9dd946db4936413a886ff3fbf2a8d993f32a398f0e402923d17091dc4028ea9ffb2b92e92030de3c83c9b580525890a6d55f5fc49e20233130cb114f7ce1,CLEAR,DAYLIGHT,DRY,IMPROPER LANE USAGE,2.0,48.0,2.0,2.0
0c8ea5d580163738812694cdc7a5743f0d5b03028e3df727c19e2b362b3257c4590dce09e7ca1e964de0c2dc8bc7f967b0420d22320183f5171f4d21e12ed8aa,CLEAR,DAYLIGHT,DRY,IMPROPER LANE USAGE,3.0,38.5,2.0,2.0
0c8f486d3cd6f67729574d2a76dc2c6728bde5a6c943de5cc5028f7e9113a193a9f1c192f19feadeffba0f80f3f77412925e9de0e5671ec8a6daa4b17e019be6,CLEAR,DAYLIGHT,DRY,FOLLOWING TOO CLOSELY,2.0,28.5,2.0,2.0
0c8f7ff9ed6b98aba5c1ce71ed7bc3881e7740778b4776a808800c79a385ce1e2d16894739f404e3af3535a3edf9d63833db97abe50a42f129ba6a6c81a1095b,CLOUDY/OVERCAST,"DARKNESS, LIGHTED ROAD",DRY,DISREGARDING TRAFFIC SIGNALS,2.0,25.666666666666668,3.0,3.0
0c8fa40124fea55dd32d46143153451bcbb415717372a3d17489049686998d1921a350f23943d6c261ced2012cbe029783a890279ebd8181334a3005cd2791f9,RAIN,"DARKNESS, LIGHTED ROAD",WET,FAILING TO YIELD RIGHT-OF-WAY,1.0,44.5,2.0,2.0
0c8fd0116623a2008bb4b5ba3316d6241ea1e1aa78980fa17ff30a04caf1b202f106d0146585495832eed7c522e95060b61d12291f08f820793d893adfb19341,CLEAR,DAYLIGHT,DRY,FOLLOWING TOO CLOSELY,2.0,31.5,2.0,2.0
0c9005743606eacf1de85dc82f6519e903c01b8ef087fab39fa6e599ba0f601a55a37879409c30477dd34f04bd4b37ee710b4ea9cc67ce1c40b6f13629001404,CLEAR,"DARKNESS, LIGHTED ROAD",WET,DISREGARDING STOP SIGN,2.0,39.0,3.0,3.0
0c9016c923c5309dcd993a122271dbc9fbaa398c7d3e5e4d6b7ab80913ba748453e13d7c8ed1eb89367fd64e327d5adcfe0c70d986c08d2a9134819ad62c9b40,CLEAR,DAWN,DRY,IMPROPER OVERTAKING/PASSING,2.0,32.5,2.0,2.0
0c90274e4f100aaf29130962d839874154d330a3f99ccd2640b5c97551d4c41f920c0d01b97baeb67aa15f4ba8e89cc79f1b5ac25817eca565e15315fc0c2e66,CLEAR,"DARKNESS, LIGHTED ROAD",DRY,FAILING TO YIELD RIGHT-OF-WAY,2.0,73.0,3.0,3.0
0c90488900dedc504cb16a80c560eb5700c23a893aaffc4d013ae179bc1f7e00e67836f3d62740196c669760960d897828e20babd27654389b4729f3c4e04b3c,CLEAR,"DARKNESS, LIGHTED ROAD",DRY,EQUIPMENT - VEHICLE CONDITION,2.0,26.0,1.0,1.0
0c905acfc83e1b5d7b28fe37c6aad49102a2973f4be8b8529cd8b04a80dd22f3e3e33d0a1426cb51c35b7a0d9914489258abcd1eb07145c36801075c5962d78a,CLEAR,DAYLIGHT,WET,IMPROPER TURNING/NO SIGNAL,2.0,27.0,4.0,4.0
0c906f2ef58d5dad1b7cbf59b7ef632c547189de99662a074e5d4d04392532f336f55b76ddd96d5f148124cd436c6aefab86d3743e317df32b31486730c6f9be,CLEAR,DUSK,DRY,DISREGARDING ROAD MARKINGS,2.0,39.0,2.0,2.0
0c908734374b32a8ff84d2e018076dc519f25a0effe708762d26df32ac0aeada24076f382c12750ecab57b6cc7d26106af67c6a40412051bb3d34d71297dcf49,CLEAR,DAYLIGHT,DRY,FAILING TO YIELD RIGHT-OF-WAY,2.0,33.0,3.0,3.0
0c90b11c91dc6bed6e2e4e6b955f8b09d2d70871e7322c6c926b887a7d8213dcfdfe72affb3a370ae99960f3c7e5de56992e0e8df552998fb40339e4a7ac4338,CLEAR,DAYLIGHT,DRY,IMPROPER OVERTAKING/PASSING,2.0,24.0,2.0,2.0
0c90d95e9a4151d61a4c859fabecec1991fc9059901e56eab662a57ccdbec722791d871a4d62b5c908b9327f3b41c3aa7e80672adbb0bf300a6b195b4438c0fc,UNKNOWN,UNKNOWN,UNKNOWN,IMPROPER OVERTAKING/PASSING,2.0,37.5,1.0,1.0
0c90fbef8ebeda3a3c4c0b2267e78cb7c82fed39d05ee0107f6508bd2475cadd85f46ace7f835fdcb59f7bf60d71807753ce9463cd51473508a9abe62cd0c60e,UNKNOWN,UNKNOWN,UNKNOWN,HAD BEEN DRINKING (USE WHEN ARREST IS NOT MADE),3.0,44.5,2.0,2.0
0c90ffc1d367abf58ecd5e5e4525f414aa14ba4fef6058c8d04e72f0c8185b364cfe08d2450b49aadce063e507a85e8522e95d18f92a19a63b25e1e01ad3f7f4,CLEAR,DAYLIGHT,DRY,DRIVING SKILLS/KNOWLEDGE/EXPERIENCE,2.0,47.0,2.0,2.0
0c9134e49c77b14c5a260a2c45d830fcba4448c8da2ad58585022297c490147eb075597d329fe404fc3d62b10a7b57bb044adbf930800762988e332976294248,RAIN,"DARKNESS, LIGHTED ROAD",WET,EQUIPMENT - VEHICLE CONDITION,3.0,30.0,1.0,1.0
0c91389c25e1ae8aadee8f51d9fa76627a389e5cef86738c29bcdb6a8aa0bd2f45105d03b9bb54e2f13d110567064fc0ff6a0eca30e958f2bf72179cf6d7966a,CLEAR,DAYLIGHT,DRY,DRIVING SKILLS/KNOWLEDGE/EXPERIENCE,2.0,55.0,2.0,2.0
0c91422e0059176168481a576f43f555bf673cb4940b12bf3351de50d192b34859c2a674fd277ff89753a5feea34d94b0a23336c653395a0c9266838e52ed1ca,CLEAR,"DARKNESS, LIGHTED ROAD",DRY,FAILING TO YIELD RIGHT-OF-WAY,2.0,36.0,2.0,2.0
0c91684c3084ef8a0285123ef0d77094091ca48869144cbb7dce6b34b7d8349445cd4d5b2a494edaf51670b27be430f860895d10e822ee6822c076d22bafa8fd,CLEAR,DAYLIGHT,DRY,FAILING TO YIELD RIGHT-OF-WAY,2.0,39.5,2.0,2.0
0c9179c26a1b44ced637abddfef883f421d507c032c260119fc84223fa43ff48a850d967dd6ce555cb7a130c2f1be17aea27c1add6cfe4eac1fd2b11ed0a38e6,CLEAR,"DARKNESS, LIGHTED ROAD",DRY,FAILING TO YIELD RIGHT-OF-WAY,2.0,15.5,2.0,2.0
0c91ba3fec9d3513ee16c2d74f133f0d9889a676f30858cfb95f4f27bacb45d9080d56893581ac62d1dc0400f57b6e50ff8f95036e1b14dab05ff1dcbb4177b2,OTHER,DAYLIGHT,ICE,WEATHER,2.0,52.5,2.0,2.0
0c91cdb6954d0f76c98bcdace4dbf74b987a7336107256aac9d1564c9c00408c883dee61fe8c0a7b4778044c0a16e5b5adb7c9f16db42905a3f9edb9ff6f94cf,CLOUDY/OVERCAST,DAYLIGHT,DRY,DRIVING SKILLS/KNOWLEDGE/EXPERIENCE,2.0,28.0,1.0,1.0
0c91dd470e62118e31ce24fc6c4504d79da6ee85eaedbed84dbec6dfb5c7bb167304956560c7751186b712f68cd20d368659611ef966892613b87e9dc04743d3,CLEAR,"DARKNESS, LIGHTED ROAD",DRY,IMPROPER LANE USAGE,2.0,23.0,4.0,4.0
0c91f7240b5b2f5f6fd53433f2bcd5256ea8746dca14018725de67f7c3ac8f84e6ec2c770780cf13bd6eeb7f078effa2e4806bcd5d8897285c60604f23150920,CLEAR,DAYLIGHT,DRY,IMPROPER TURNING/NO SIGNAL,2.0,39.5,2.0,2.0
0c92380e2b939780fc53da417e8903e27ea38258e1a6a92c8b39acbaf4473ba11b30e701847d5cd76932fba13fb6445ade68e022064ea7be287e027eb875ff2f,CLEAR,DUSK,DRY,FAILING TO REDUCE SPEED TO AVOID CRASH,3.0,52.0,1.0,1.0
0c924044db08fed161c240e98cc3b0e3fee8a952e541c3319797ac975e15996136df0bc95432ebd1355021aeb5804c87d86de3fa4e70264d7d09e2b096c2d69e,CLEAR,DAYLIGHT,DRY,FOLLOWING TOO CLOSELY,2.0,49.5,2.0,2.0
0c9246fd7fed219a82e639a1b309a97685a975c2430bc21f2ea74e4ea9ca35d2874e25b4170af2082e349ad6ed263d287e810e3064628110513907cd3a955676,CLEAR,"DARKNESS, LIGHTED ROAD",DRY,FAILING TO REDUCE SPEED TO AVOID CRASH,1.0,32.0,1.0,1.0
0c925f7f20e3ce26445a02c63fd1145fdf8d2910ec23fbd01d9ce99ec96765c0de11f9121bff713619cef632039910f28b4a506ba79c232cb788e1e0282554f7,CLEAR,"DARKNESS, LIGHTED ROAD",DRY,FAILING TO YIELD RIGHT-OF-WAY,2.0,26.666666666666668,4.0,4.0
0c9287080f06b1d386c03bfc4e075e660418adedd215ba60743f5fb00a09fdbf4807774a0e8fab92f049d3733b68c4689c50e39a6a1990a48a9da5aa55a06e22,CLEAR,DAYLIGHT,DRY,DISREGARDING TRAFFIC SIGNALS,2.0,20.857142857142858,7.0,7.0
0c928774e06e277d43dd191771f0c8785767a8a3c2ef85063769c1e148eace89c4bffa0a454d574ec33bf841fe0afadd4b73f58d000952ac8f820fee42bd893c,CLEAR,DARKNESS,WET,DISTRACTION - FROM OUTSIDE VEHICLE,2.0,63.0,2.0,2.0
0c929d6ab1cb98b6f7ccfe4af7ff1ca53e6df09464da24de6f491cc40465cdb57abd6d9a572d2754fec6f80cecf2b0558e95e9477da7de583826d5d721f6fe40,CLEAR,"DARKNESS, LIGHTED ROAD",DRY,DRIVING ON WRONG SIDE/WRONG WAY,2.0,25.5,4.0,4.0
0c92a158b1f249067123a3d62e65eaefbf65ba06483b77c74db695c2d2db2b943b4cf7c55c8b664311335e3e07b8b27552bd8dc649ee1aa3789de89791b16a4a,RAIN,DAYLIGHT,WET,FAILING TO YIELD RIGHT-OF-WAY,2.0,38.0,2.0,2.0
0c92bdd75e14a18b133ec0d63c79ecf7cfddfe976411afcddc818e304c7d87352f8638579398bd689144dc8bea73794350daa684224328460a664812ee918b5c,BLOWING SNOW,"DARKNESS, LIGHTED ROAD",SNOW OR SLUSH,IMPROPER TURNING/NO SIGNAL,2.0,45.0,3.0,3.0
0c92c3fc8d6161e47eef74fd34cce718ec8d2ef40ab2eec6b2e3a45ad4ed7f2029e550face7600150236c4f38fb0e98195043e47bfcab497f4e5d22a0747baa7,CLEAR,"DARKNESS, LIGHTED ROAD",DRY,PHYSICAL CONDITION OF DRIVER,2.0,60.5,2.0,2.0
0c931ab13d4ef5e7f1ab4a209bf97cb2a033669637cb6c6803daa10fd52c38bdaafa9a51f9dafa754ade1cf6d6a4d76b505ad2ccb319d810a4330b95096d3f27,CLEAR,DAYLIGHT,DRY,FAILING TO REDUCE SPEED TO AVOID CRASH,3.0,32.0,5.0,5.0
0c931d8a75c0338f64dade2280a482890797f8816317cf91ed21c64e76c0ff98b3593155107316fb52a779021b1b33013dd2066aa0874f51d122bd904d7d7289,CLEAR,DAYLIGHT,WET,FOLLOWING TOO CLOSELY,2.0,46.0,2.0,2.0
0c933d3ed61157106f729be77f9089199a6e3d3704e8d3c85099c91bf72bad9c0f9b6b7f7a18ae9f0f7d757c4c24fa289a5cf5faa63da30b0663b3f5bb286975,CLEAR,DAYLIGHT,DRY,IMPROPER BACKING,2.0,37.5,1.0,1.0
0c934251897dc1f60e371fec9378d148f10c77bf56e1d6acf718085199318029058224449199f85e404c60512ce0cf591de7c19f221d2e2003aeea2f4428718d,SNOW,"DARKNESS, LIGHTED ROAD",WET,FAILING TO REDUCE SPEED TO AVOID CRASH,2.0,58.0,1.0,1.0
0c9343645dd4e5a564e12cce7fc670982fcf53fbdf3c67708300075ca182ae8810d6239d4456a400fc735bdd15d2a05ecdc2dc0cf387af25d1ba5636c93b5598,CLOUDY/OVERCAST,DAYLIGHT,DRY,IMPROPER OVERTAKING/PASSING,2.0,43.0,6.0,6.0
0c9354613d264695e795e43d017fc328b7340c8688c35aaff7f1ffb1d735c9b9aa13359f3773dcc461591e4f2fd6e04511ba541d27034c79da1bcb544fe83279,RAIN,"DARKNESS, LIGHTED ROAD",WET,ROAD ENGINEERING/SURFACE/MARKING DEFECTS,1.0,24.0,1.0,1.0
0c9379d8c06bd8fac008b32cd37996a262d4a304c662ec447ccf3318b1a2881dbad5d371f58b7b9d3b34223a6c2554254c2304b64915c30f4eff08de7e76de4e,CLEAR,DAYLIGHT,DRY,IMPROPER BACKING,1.0,37.5,1.0,1.0
0c938856a711c9538091137129a0f303d1fa57aa7ef246b63ffaff5e1ac67ca567a22b41a90b0825d8f3be0dacb50729275d1bf62707c7eb0b8a65e87241986f,CLEAR,DAYLIGHT,DRY,FAILING TO YIELD RIGHT-OF-WAY,2.0,32.0,2.0,2.0
0c939dea53cfe3ba62999d6c435dfe95bc2075449c396be82bf933ce3ce418af955081b2cfbdac8384fd497b2cf5a404c21d335e68d632f6b3ef8e7765fb4c2d,CLEAR,DAYLIGHT,DRY,DISREGARDING STOP SIGN,2.0,27.0,3.0,3.0
0c93c544b96cbf84b9ebcc2e25da5f830db20b0b1b16331342642b67d25e5bf5b948c69432acd39d98490d643aca3d40e8fe2cc2cf442d3f06d63d3a8a84b6c0,CLEAR,DAYLIGHT,DRY,IMPROPER BACKING,2.0,51.333333333333336,3.0,3.0
0c93ceff7dc06c2568d017a6b8ea074ae4ebb1c6bba5c4622cdde86380971709a81feb38cd396defc6f29b81963ecfc5982023fc98535004e5e5198be4de6f4a,CLEAR,DAYLIGHT,DRY,FAILING TO REDUCE SPEED TO AVOID CRASH,2.0,51.0,2.0,2.0
0c941a57499c097ec4a16d3fe7cd097baf03757cbca06e5a2f6de476ebbb7554288d6af45b8fa00610a2540355d9f14f25ad0d47965483ff5236b5261a1f86c0,CLEAR,DUSK,DRY,IMPROPER BACKING,2.0,31.0,2.0,2.0
0c9459d1d51f3f0c5eebe84f65c74c1c941f4dd3a9bd308acfbfa1b3db60409b9030b756402eb61fffc4420e159df1e5f2c3dc9387c45774db8051221d00d16f,CLEAR,DAYLIGHT,DRY,FAILING TO YIELD RIGHT-OF-WAY,2.0,34.0,2.0,2.0
0c945dcb30b455ff34fc4330bf95395529c5881a5475bfe974d76a5a30ef8bc4ebd29f6d83030b79f1b80f40310e971b0863176d31c0ab784e33963e5f44bdc4,CLEAR,DAYLIGHT,DRY,IMPROPER BACKING,2.0,58.0,2.0,2.0
0c94677bb77ff40a4e904f9f1887cb3ee8268fb462b336c7e122723214144b1bd030f14aeb997e560b66793c3fac315eee3005c3abaca9c85e63e192677a5617,CLEAR,DAYLIGHT,DRY,FAILING TO YIELD RIGHT-OF-WAY,2.0,44.0,2.0,2.0
0c94742890319990d752a8ab6cad4dc4493e38a042b7c942baf1e5603fa763627a62863b3e04089f508857e75673cc4b35e2757c10ea654097a253b502104f54,RAIN,DAWN,WET,DRIVING SKILLS/KNOWLEDGE/EXPERIENCE,2.0,51.0,2.0,2.0
0c9474d92b43cbdb3cd9cafed919b14d518e73ef0e73b0e9724229d271789b2221bca04c0351c7a1a7aa59f50fa3e0b6e7872021b616ce505b17f911675df9de,CLEAR,DAYLIGHT,DRY,FAILING TO YIELD RIGHT-OF-WAY,2.0,29.5,2.0,2.0
0c9488430bb50b042e3c6e4a206d9512c570a2f48be2a137b548285040a10d6f7542f60c58f4660ff8de44d8e8a16b5891521354631f572b19ad72b4dd125ad9,CLEAR,DAYLIGHT,DRY,FAILING TO YIELD RIGHT-OF-WAY,2.0,28.0,4.0,4.0
0c9492eb57f04aa1a51c95b8c69c1708a8ad303fabfa5975526856b0ef449a46daf32d56494450d20695feb04677e267a9da26315e55a2fbbca551b2f62e36b7,CLEAR,DAYLIGHT,DRY,IMPROPER OVERTAKING/PASSING,2.0,66.0,2.0,2.0
0c94b4dfd73b45df476e5a4503fc2c2f6d1ac80425226eaa95ae2fe27feca895a716af3eff211a2de6016e6f0e09743774ee6c912dc929134b30128b8d2ee226,CLEAR,"DARKNESS, LIGHTED ROAD",DRY,FAILING TO YIELD RIGHT-OF-WAY,2.0,43.25,4.0,4.0
0c94b742d4e3344c56fdfbdb9a680f26b595ac55cca775685d3a80df10593a765cd35f5a9dd55df31a57b6dff50659d9fe5e14e6498ab41e859be2a8d88f71b7,CLEAR,DAYLIGHT,DRY,FOLLOWING TOO CLOSELY,2.0,28.5,2.0,2.0
0c94baa610fd11b5038faa638a6b60a5771cce37d47f9c4de2af5dadf33c48e4d9ebbe2fcae2cec71788cb71c872a8bf722ea918080a694388c9a28cc86db23a,CLEAR,DAYLIGHT,DRY,FAILING TO YIELD RIGHT-OF-WAY,2.0,52.5,2.0,2.0
0c94df6e783dd93e72df6a098650738279c1aa308247de8a8cc08b3435b31b724933380d88d8427e15fd969e139d5d57c9d49bb2bad213b97cbb71e0dbab2b81,CLEAR,"DARKNESS, LIGHTED ROAD",DRY,FAILING TO YIELD RIGHT-OF-WAY,1.0,31.0,2.0,2.0