crash_record_id,weather_condition,lighting_condition,roadway_surface_cond,prim_contributory_cause,total_vehicles,avg_driver_age,total_people,total_injured
0c94f18c0cc017a06156608c90dc84d7f738e102208210d7ae4f6609613fe48f9886840ca0983d6df7cd423cef53ab8f8527b7aec69e0d9d908b6f1bd7574ce7,CLEAR,DAYLIGHT,DRY,FAILING TO YIELD RIGHT-OF-WAY,1.0,57.0,3.0,3.0
0c94f468fa8a02c51127af93acb29fa11684898275455c569d3f030ff68756ce9b3d1d47627bae37948301497cc0cef03f97eea1417fee397874259e0cf05154,CLEAR,"DARKNESS, LIGHTED ROAD",DRY,IMPROPER TURNING/NO SIGNAL,2.0,36.0,4.0,4.0
0c94f97732685f9bc1325c9151dea72eb479bb11345c6593940c2b3631bcda1ef09c45bcf52cb2ee37a44fbf5cfa1569c00773a32a77a5022478fe31d78d6ab4,CLEAR,DARKNESS,DRY,FAILING TO YIELD RIGHT-OF-WAY,2.0,45.0,3.0,3.0
0c9508ee7e3713d9b4c0d0887bf9aedfec7135fe28c530cc3140b1d8b7dc194e4a71c2e4840e88313846bcb865af0ec8aa25816f8d9afde720ffac7a3b4052b9,CLEAR,"DARKNESS, LIGHTED ROAD",DRY,IMPROPER TURNING/NO SIGNAL,2.0,28.0,2.0,2.0
0c95275f557dd2ff00b4a83560b0204fd88aa47d065ef4f1b59146341fa0e6a10f7d9ed0c3d95761312c6145cad19042e0c6f72b38ba049dc1908d18c8be3425,CLEAR,DAYLIGHT,DRY,FAILING TO YIELD RIGHT-OF-WAY,2.0,62.0,3.0,3.0
0c9532f5808dd5aa01f67c4acc9e1157ad11b66ea589ea56fb06dcc12963d1fb5a0007139006b0284da1cd1680e8a1b4621dddf46bb29610a45e7792fb38b4fb,CLEAR,"DARKNESS, LIGHTED ROAD",ICE,IMPROPER BACKING,2.0,30.5,2.0,2.0
0c954424dc2c08a6a1edd6b3216fa5417b5d7fc4b1154fd701696e464e28956a0e3d8719aff8aa961edde8a835ba9e98121531c563547e093baeab5a87ab2270,CLEAR,DUSK,DRY,FAILING TO YIELD RIGHT-OF-WAY,2.0,50.0,3.0,3.0
0c956b946478afaa96e1db3f77cd28c5d5892a9be8f49c763d23f11ed30a392dd0253aaf36e069e42559dc9cc083486338f7a4389f9f398c647e59d638c816e4,CLEAR,DAYLIGHT,DRY,IMPROPER BACKING,2.0,37.5,2.0,2.0
0c9571a59aa4969043b136b29820c3f3d11c04c9507f3a1ab08c23ede1d714dd3353a7bc8808ecc91a3851a1a7ae0cf46634a31f92e8c18bfd1dda305067ca4b,CLEAR,DUSK,DRY,IMPROPER TURNING/NO SIGNAL,2.0,28.0,2.0,2.0
0c957956e6440d51f5223a723d5bade686aeececb049cdd3a044c75b97d3b8dcf21b466e14b0077e3eac3884229042b3fb1cc36313d8b2c9258b9120c400dfe7,CLEAR,"DARKNESS, LIGHTED ROAD",DRY,IMPROPER TURNING/NO SIGNAL,4.0,24.5,2.0,2.0
0c95831e835652a3c1de060110a183739d633d009a8f87a89896f08d677ea43dd0812739331c348d2f65797f15b521160107919ffc9dbf2b9580e99b31110a04,CLEAR,DAYLIGHT,DRY,IMPROPER TURNING/NO SIGNAL,2.0,35.0,3.0,3.0
0c95aa1702e023b96366dcdec030cccd618487861984e0471cf17a308b603a69c2417b2e6c460d4a17489b61f97b1de4c4640e5326c0965cdd988b0dbf10d0e6,CLEAR,"DARKNESS, LIGHTED ROAD",DRY,FOLLOWING TOO CLOSELY,2.0,53.0,2.0,2.0
0c95bcd9ab98dac63d70915390f3df352554415d5baac798715c997ca64036dae4d65060448063632a0df354d690e6c9409c1f9b79f0176a8903d400e30b3398,CLEAR,"DARKNESS, LIGHTED ROAD",DRY,DISREGARDING OTHER TRAFFIC SIGNS,3.0,44.333333333333336,4.0,4.0
0c95bea9b1497e902991a271156d2e9fb69dc5aa355b4c0adf72258ccf5320b57baeb68e75b8f306ab0c1edbde0be5cf3bb3d39ff4a2f94370f439e6fcefe0fd,RAIN,DAYLIGHT,WET,FAILING TO YIELD RIGHT-OF-WAY,2.0,35.5,2.0,2.0
0c95c422e4202327c0a1e6a1d8ad25a4ee7f5208e88887789271e4f26bc70a4d03129d8c1c28937214eb0524e3d12c2a0eeaa3884e7700241f653863777b8cf0,CLEAR,DARKNESS,DRY,IMPROPER BACKING,2.0,37.5,2.0,2.0
0c95e76fe4492c351b7ced50d6bdde4bcc4901b995376f1faf60cc9094595deac256f122f1770e4bf3759f366dc6c31128dce8a6fde9c590b6a3edd8610a4e36,CLEAR,"DARKNESS, LIGHTED ROAD",DRY,DRIVING SKILLS/KNOWLEDGE/EXPERIENCE,2.0,18.4,5.0,5.0
0c962ec78f07d39d42cff3ff2a7dc2b82659e87a4d1b35e26009de224cad36b97856b452f0fb7943a8a2d3d6019038d0f112ffaeab810e3fae89457f92e98fe2,CLEAR,DAYLIGHT,DRY,FAILING TO YIELD RIGHT-OF-WAY,2.0,31.333333333333332,3.0,3.0
0c963ffc8f5027ea073e4c519b5cb0e91d617b20a840cc16c3d10f45d0a1513abb9868d7cd0ce544bf51c323df95cc9ba503be8a13db34e0de848de546dd39bf,CLEAR,DAYLIGHT,DRY,IMPROPER OVERTAKING/PASSING,2.0,39.0,1.0,1.0
0c965938c2a25d79f12f4d95b88103d4fee87fb0bb2b122f35d410dfbf8796abcd0360d686a68af6a29056d43bdd7aa0c98de087ec9ca7b78e98ec328bd589dd,CLEAR,DAYLIGHT,DRY,FAILING TO REDUCE SPEED TO AVOID CRASH,2.0,63.0,2.0,2.0
0c9660ed1a4a8d3d0d1d6fe09b0d83ede09ef4a07e6cb0d732e2cf1b59758cb9e45aae4fafe826894f284f1abe176844a98a47d3e86a6fa54c7da9e5a15e63a1,CLEAR,"DARKNESS, LIGHTED ROAD",WET,FAILING TO YIELD RIGHT-OF-WAY,2.0,37.5,2.0,2.0
0c9689f5602086e74b20c9f124b5380ccd01bd61591d72f7b3c27910ffbc97a87de5901f6d339c94d2be492b793cc0dd200bf6ec9182c04e74254a12be96166e,SNOW,"DARKNESS, LIGHTED ROAD",SNOW OR SLUSH,FOLLOWING TOO CLOSELY,2.0,40.0,3.0,3.0
0c968fe73ff24e4387a8ddee9a872c25972d4b05ebb98d0dc015b98e37486dd6169b1bde7b1f7105d0cfc25ee258eb6f4e68e5ed910ea928975b7ea1eaeab474,CLEAR,DAYLIGHT,DRY,IMPROPER LANE USAGE,2.0,61.0,2.0,2.0
0c96a040f242ee60e8ffd7a0477f21dd7b71b0ac9d4831f056ff81861e7502565bcaa5ba74fe5b4f37e27f9e3dd10e0a1e44d7c40629d7905db6dfad094c9632,CLEAR,"DARKNESS, LIGHTED ROAD",DRY,"OPERATING VEHICLE IN ERRATIC, RECKLESS, CARELESS, NEGLIGENT OR AGGRESSIVE MANNER",1.0,37.5,1.0,0.0
0c96e7b03192e0f2350579eeae40b3261de73ee69a85f4f84b57c3a37e573763fafe38ffa568a4acf037687f1585c8cb4aa171940a6aa66291bde403351d0eac,CLEAR,DAYLIGHT,DRY,FAILING TO YIELD RIGHT-OF-WAY,2.0,54.0,3.0,3.0
0c970d6db34a513618bd5ea0e010fae5f33794a01a5360e8dd5e26eccc8a2b1de62c5d527be71518e37dbd80cdd0c1203f44dd302b858ee59139ba692096a3d7,CLEAR,DAYLIGHT,DRY,FAILING TO YIELD RIGHT-OF-WAY,2.0,19.0,2.0,2.0
0c9712ecbedafaac13c9313bc22a18087800c35521c4e10d09d57c27145d6ad11d5a8b072998ef29b1d78b462257576d86cb71c183f11d6d14c6d942f47b197e,CLEAR,"DARKNESS, LIGHTED ROAD",DRY,"OPERATING VEHICLE IN ERRATIC, RECKLESS, CARELESS, NEGLIGENT OR AGGRESSIVE MANNER",2.0,37.5,2.0,2.0
0c97218e3ec68b39375525a5aa40eb9a274d7bedc8d04b8117669a2955e3b9b82be622b4664e309ab94ef3d9bb0c81ec64bd026b7e8060b6499466676bfc33bb,CLEAR,"DARKNESS, LIGHTED ROAD",DRY,"OPERATING VEHICLE IN ERRATIC, RECKLESS, CARELESS, NEGLIGENT OR AGGRESSIVE MANNER",1.0,37.5,1.0,1.0
0c972ec2d8a9214692bb3a716b54dbd97d38bd7bc1a29c88407a53d7471b2ed4af9727eb1f8f57e136a9c2f89fa48bc5e09adeb26585e857f2bac97f1361a2a2,CLEAR,"DARKNESS, LIGHTED ROAD",DRY,FAILING TO YIELD RIGHT-OF-WAY,2.0,38.0,2.0,2.0
0c972f61df44c878efb5382bfb25568ac121e9bdd55b811a37c5ee068a97931b0bd73812d7e470b6ba45aefdedbe39e81c68b28d97763e04c179c039b33bc57c,CLEAR,DAWN,DRY,FAILING TO YIELD RIGHT-OF-WAY,2.0,54.5,3.0,3.0
0c97390a94afd5c889d5c57ac0b26f6ac0b1d81a8239a9f905210a416a8738b8aa368bd96dd43cac8aa389e7cd2af59d279a627d068c613e25450f8647cd6d3a,UNKNOWN,UNKNOWN,DRY,DRIVING SKILLS/KNOWLEDGE/EXPERIENCE,2.0,37.5,1.0,1.0
0c973b113907da207c6913342c06b97e2e9251e61dfb118ad3046f1a0397b8fc5eef0443d90318438baaf7b3a11605bca6c578fe9a780c1d19e71f4948981fa8,CLEAR,DAYLIGHT,DRY,DRIVING SKILLS/KNOWLEDGE/EXPERIENCE,2.0,37.5,1.0,1.0
0c973ed4eb11f6d69b780cfd019009e28ca9eb231b03f2b9fb68511de5d67e512cbdf0a43c05abf5f03f8cd0d6d765fa8df92c197e284423b22a003d9afb961e,CLEAR,"DARKNESS, LIGHTED ROAD",DRY,FOLLOWING TOO CLOSELY,2.0,44.0,2.0,2.0
0c974d9dc844f9c8b4e620495ede3da38eaf69cad7b0f6f9d59363156eb40460c1f8e95b7891978762c97f384d733872adaa383f52f41a577bc2a2bc182f2052,CLEAR,DAYLIGHT,DRY,IMPROPER LANE USAGE,2.0,19.0,2.0,2.0
0c977a2a75d4fe5dce987f69f3bd1b7d74874a06eff11abf74584d8d9660da50d79cf3bbd87a29260c357ceb6b9fb20904ecbaf99f8da735e2dad707f09ae335,CLEAR,DAYLIGHT,WET,FOLLOWING TOO CLOSELY,2.0,27.0,2.0,2.0
0c979de1784c4f9bd0ff8c39a1a4de985e2f0403966d40b09011aae437d5ca049b86f497694872593720845ef23aae1e96eebd869b4eff64742f6d1ab7a6d423,CLEAR,DAYLIGHT,DRY,FOLLOWING TOO CLOSELY,2.0,45.0,2.0,2.0
0c97d5346c0816c48069e4915f10f6534c14890ecddd417b2cf35ab8ee8c61b2ac95c768f73c66e03ef2e837744682cc152dc6bd77dc04f687281b216611fc64,CLEAR,"DARKNESS, LIGHTED ROAD",DRY,IMPROPER BACKING,2.0,21.0,3.0,3.0
0c97e1e8d68a9ffbf033d437c6c5ab959d5d8d573a19fb07be3a8bafaf976fc5b783c1d8c5a7d1921ab83d1fe89f9b43638d14e8a16ff7564b4049eef17e3685,CLEAR,DAYLIGHT,DRY,FAILING TO YIELD RIGHT-OF-WAY,2.0,37.5,4.0,4.0
0c97f27834a6eb61aca42f21bdafe97cae0af216eb6bf975b425a4bcf7bef3159ed4a05b0e352d3f2c2f69367534554761b24f3163771574ad0b81c2eaf809f7,CLEAR,DAYLIGHT,DRY,FAILING TO YIELD RIGHT-OF-WAY,2.0,55.5,3.0,3.0
0c97f8cb08a12cf7063283b3ca6a37dca29a231eafe331b8668700d1d81778d5fee2092ab48f22d76fc909370fff15afb27a9e624ad05ddabd6fec5e80f03a89,CLEAR,DAWN,DRY,FOLLOWING TOO CLOSELY,2.0,47.0,2.0,2.0
0c980e4208f477d9af7c97f968d07927d236cbb7245fc65941d648aba5919bccc281a599e5a4f1551ecf2115119a06265d3d5e526020a0d5096ad8f1f42b6aed,CLEAR,DAYLIGHT,DRY,DISTRACTION - FROM INSIDE VEHICLE,1.0,41.0,3.0,3.0
0c9810187d9290e86584cc5dac05a59a28b6a7e5c75350ab21151d5d5b810a94f9398e8fdaad2ffa8548918379ed9120dda50a9bbca8c4b350530f3e9fd5310c,CLEAR,DUSK,DRY,FOLLOWING TOO CLOSELY,2.0,64.5,4.0,4.0
0c981bc51ca8581036e4d218aca6fa6e51198a79d89f8370a6fffedff651626674f04812ac04f04aaf8db3c863552c85911f9cf44ca23c4190d995c4f683ca6c,CLEAR,DAYLIGHT,DRY,FAILING TO YIELD RIGHT-OF-WAY,2.0,54.0,2.0,2.0
0c98364078eca4a90a6e6f3c87be0469dc9043ebf1bea4e53a706fc912edd65bd07202ee1f691169560441c535b87780a75b61e4f9a056b7e51cb909a4cdbc3a,CLEAR,"DARKNESS, LIGHTED ROAD",DRY,DRIVING SKILLS/KNOWLEDGE/EXPERIENCE,2.0,49.0,2.0,2.0
0c986802b777aafe42e3343c2c787aa4c09af58336209fa6f18bac260a259ab01a6473d7678c7b4ace8e8bcca2cef94eaca6309ac14602a5451a02e43c5b3172,CLEAR,DAYLIGHT,DRY,FAILING TO YIELD RIGHT-OF-WAY,2.0,31.5,2.0,2.0
0c98937a8e33dae0bc29c84365c290dac3123fd331d63595e2bf8a0142a6b81d727bbb77c07295276b0361c6c27689f3dc41f4ef629a5b7bc718a30a1b192c07,CLEAR,DAYLIGHT,DRY,DRIVING SKILLS/KNOWLEDGE/EXPERIENCE,1.0,37.5,1.0,1.0
0c98a9fe38ff521768ae202318f732642d510f85c992f628d111e2d31f1703ea5f61c0b4877477b9ee450f8ede9e615c4e48754fe3cc352d93a1aca6e93684e6,CLEAR,DAWN,DRY,FOLLOWING TOO CLOSELY,2.0,37.5,2.0,2.0
0c98d160184f9190d2f750d942cc9144be809871d0cc07bb926947710208229e74f4a8d14d6bfe85b336bc44765413b9a6433e40c2b8c749c4b955926ae39822,CLEAR,DAYLIGHT,DRY,IMPROPER LANE USAGE,2.0,21.0,3.0,3.0
0c98dd61e6f6668da88201eecc19d97233a5b2ffcf0280d2236b4f1233771fba626d6537040b5d6dd3572001c981712a5fc67759c27e6b0b5868f3fcee24beb8,CLEAR,"DARKNESS, LIGHTED ROAD",DRY,IMPROPER OVERTAKING/PASSING,2.0,44.333333333333336,4.0,4.0
0c98df85ca7bf1bfb49c3ee83afa4669f20b9c4a2174bc3946ff0646a71b7d5d9440c1f94cde50e183e91a790947dd71f2d25aa8bfe55d0ef74d5a5bea4eadaf,CLEAR,DAYLIGHT,DRY,FOLLOWING TOO CLOSELY,3.0,60.75,4.0,4.0
0c98e59621f34ffde17ba0ec1ca03f396cf02b28f3b4bd752620615ae5fc5c48d4abd3c843d81db301e98d7177fc7526e17a865ba5691cc9ead87ce3d1cd08d2,CLEAR,DARKNESS,DRY,IMPROPER LANE USAGE,2.0,32.5,2.0,2.0
0c98fa1e25ec414e022da7161ea959b246703bec995e6e8a1eee4d1476b97a84bd3ed271c963598bd539256c8cb37e8bc2751fbec19f14bda8f5e467c7819718,CLEAR,DAYLIGHT,DRY,IMPROPER BACKING,2.0,21.5,2.0,2.0
0c996f26eeaaab224864fce4cc48381a86e1e7bc44182c7531d26c3dd47ef1d795f7118c48f4e171b904dec9f05ff48be2e3203f94c4d3268b1984edfb22ec9f,CLEAR,DAYLIGHT,DRY,FOLLOWING TOO CLOSELY,3.0,28.857142857142858,7.0,7.0
0c998e13613f9f1a09d6993c79c7f1a60e047b15367c5fddea98546f3841f821034d4f598442f4677caa2a8f576675de4f3424679b5b54c3eb18d3ca1210b97a,CLEAR,DAYLIGHT,DRY,DRIVING SKILLS/KNOWLEDGE/EXPERIENCE,2.0,42.5,2.0,2.0
0c999ee0e6ab6e8565aebfa801a31eb0acccad0b7b4baa16792c06fd0b15a7ba045c5ac906be4c52e6b062ef13f73a910b4c9934793d936dd925d5f03031e3e2,FOG/SMOKE/HAZE,DAYLIGHT,ICE,WEATHER,2.0,31.0,1.0,1.0
0c99a94722fceabdcfceeb9d929dca45daa32d1f9aed673bef68f4096657d37432c672ea7d9a8b216a136f95b4cc8005b0c670defcb4198f1a9c45e3a0d03096,CLEAR,DAYLIGHT,DRY,FAILING TO YIELD RIGHT-OF-WAY,2.0,31.5,2.0,2.0
0c99ad30f12ba7a8a8fde331bc44269187e83d2cb9b065fd7eebf4f5def5be4e4dcff4c56ccad2f5a0a0c1b41051a28e78bfa26b430b42ecf7f68ed0a2db5409,CLEAR,DAYLIGHT,DRY,FAILING TO YIELD RIGHT-OF-WAY,2.0,30.5,5.0,5.0
0c99b9a433caf404d504b49ad5ac56931e80f4fd21f760f0b7eec7928f181bf5637dbbf86b8cbcc1d674ca9299b1b3cd58f0541d7c090dbde25955443ac88319,SNOW,"DARKNESS, LIGHTED ROAD",WET,IMPROPER LANE USAGE,4.0,49.0,4.0,4.0
0c99c470df1d9bec9b21da630610889a412e1bbb964f55e433e2f230cef6d50f6a88115ea9bc78300ddc23de9be180805212601059e1a69717c21eed4995e30b,CLEAR,DUSK,DRY,FAILING TO REDUCE SPEED TO AVOID CRASH,2.0,55.0,2.0,2.0
0c99c9e10890c529ccefab74a98f80bb3035e4c1e2870404ea144eb9243730966665fb834f3d88c883d9b336ea9a7ecafea27fda162e96f2d82595469478ae2a,SNOW,DAYLIGHT,SNOW OR SLUSH,WEATHER,2.0,26.0,2.0,2.0
0c99ece6d4f6e73828374dd288b6f1b670673e3ae92b85641627d116dfda1a21e7b40f2effe0dc6fa6c33a22ea8b919a4304c8996777fe5b966de4790c879fec,CLEAR,"DARKNESS, LIGHTED ROAD",DRY,IMPROPER LANE USAGE,2.0,65.0,2.0,2.0
0c9a1670a5b426d8099012778e95d8fd8fb4588e76d6daae2159424f98d42bb44bdbbaf7f1756f6c30fb5bedef8cbf5a2eddca153333d6695b21f202e811628c,RAIN,"DARKNESS, LIGHTED ROAD",WET,IMPROPER TURNING/NO SIGNAL,2.0,35.0,2.0,2.0
0c9a181d6812b22a64b1c004b25081977a610dfaf38d52565655dfb62840ba1f93d9f81188c6add8d8a344addc81b8897bb4ea2e9be4a99edff496dab7b78f05,CLEAR,DAYLIGHT,DRY,"EVASIVE ACTION DUE TO ANIMAL, OBJECT, NONMOTORIST",1.0,34.5,2.0,2.0
0c9a3f86f82d84cca645c5f6551adf513e4b06533307007ff32784499d5b2861cacc8f074dbe5dfbb59895c6db9368cfffcf02ca251341a4ec66b6cd11644881,FREEZING RAIN/DRIZZLE,DUSK,ICE,WEATHER,2.0,46.0,1.0,1.0
0c9a7e50149becae219534f68a450951b580a8760dbaf145f722f4d3bbb4371eaa21d1b5565e691b3c2ca98f34d1c61e3685d72dea4100b85696c589596c8b2c,CLEAR,DAYLIGHT,DRY,FAILING TO YIELD RIGHT-OF-WAY,3.0,47.0,4.0,4.0
0c9a8d5eda47a7c8c153ba1669a836cc5792d0a7670f3736f5d2f227b43ac98923c44427bd8395b6dc7c300e3a1943d264aa807498449824b3181c488bdb0238,CLEAR,DAYLIGHT,DRY,FOLLOWING TOO CLOSELY,2.0,41.5,2.0,2.0
0c9a95a5d1dd7a8f74017391794e2028470d593a3ecf8ab48eee690ec0bda65a09e165c4175207e4a209d852210e5b4b67f54016b83e7e4a782ae61cba244c06,CLEAR,DAYLIGHT,DRY,FOLLOWING TOO CLOSELY,2.0,38.5,2.0,2.0
0c9aaba7a8326675a70d866e9e685725ab3a54c81ccb9b7174bec80d4ab736fe3d773473fbe3690ae7e6d85b9c1bd0ac9669c85d59d7d922b284d0aa820c23aa,CLEAR,DAYLIGHT,DRY,FAILING TO REDUCE SPEED TO AVOID CRASH,2.0,49.0,2.0,2.0
0c9ac6f65fd755ba00cc7be8c9813ceee6476a7ebcfc28432e6e352efb169b39c058ffca6ae6126d99faa2b2146405d3782644b3984dd9bf4b6a24611672b35a,CLEAR,"DARKNESS, LIGHTED ROAD",DRY,FAILING TO YIELD RIGHT-OF-WAY,2.0,0.0,5.0,5.0
0c9acb75d9fcb9c002eb7f41ef964d849d3a1a5d5c18f524003d58d055628f7e926e740ff0852a31540ab1188dadf7a3a1a66041a2ec68da69e028a30b0b8dfa,CLEAR,DAYLIGHT,DRY,DRIVING SKILLS/KNOWLEDGE/EXPERIENCE,2.0,38.0,3.0,3.0
0c9ad47e9a8b5b3c211d11911653cf3c61e02d397b5b30083aa6788e8a99fbd5f4b8a76c387d250a60cb5c5af7c7280c3845c6998555d27fb9a97ac11e4a3618,CLEAR,DAYLIGHT,DRY,FAILING TO YIELD RIGHT-OF-WAY,2.0,27.0,2.0,2.0
0c9ada6dd5697e809dc1cf005ff38659a71a98a2ec57a9d939db9072b0eea23e3c958c08eba0548ecab0a5514959740527139c96568b862782aa7b9f1fe438bb,CLEAR,"DARKNESS, LIGHTED ROAD",DRY,PHYSICAL CONDITION OF DRIVER,1.0,37.0,1.0,1.0
0c9af902d94a3d7e4f6c44b8fe305c8e0f98a1e23c5e648ca405efa6e5e4e7dc6d2cf2b1788c1c7ade26752d65b6760556956ac7ecb0c58bd5b5aedc9a82ebd4,CLEAR,DAYLIGHT,DRY,FOLLOWING TOO CLOSELY,2.0,26.5,2.0,2.0
0c9b0b1f5a16a294446c3d728f1f845fec930089bc452ab1b34d6b1e4d98d2b338f15f27c4099cedb1d75c59a08b885a88b8649ada048c045b08af019331b68b,CLEAR,"DARKNESS, LIGHTED ROAD",DRY,FAILING TO YIELD RIGHT-OF-WAY,2.0,28.0,2.0,2.0
0c9b184d7f57277c8e1c1707296f42e52cc2620b9c2e6631b046bb3bcc69c03010c6019a32d3c0e1780144aebdf67d424a11c1ee522a01069229ec21bbb1679b,CLEAR,"DARKNESS, LIGHTED ROAD",DRY,IMPROPER OVERTAKING/PASSING,2.0,44.0,1.0,1.0
0c9b24c393306baf177f434ac16ab109b4a862ac1db4987537b9c92e8aafe6eb8d0089892c76b5c373212f10d6152d18312354bb4d3dd274ac81722577b227b8,CLEAR,DAYLIGHT,DRY,CELL PHONE USE OTHER THAN TEXTING,2.0,28.0,2.0,2.0
0c9b32753b044093ac841d82774c66c281275aaebffe80c648fac107637b8ac0a4c1535e738712a428ed35b60a706b27109c473f9a360cc7e5a848ec6509becc,CLEAR,DAYLIGHT,DRY,IMPROPER OVERTAKING/PASSING,2.0,57.0,1.0,1.0
0c9b7a39338f33283fd02fb1350f59e221d5d0ea3b6986eb9fef64d233d0f18e7c5b270384801bf6cc3233d34a88b7a733fd479350518cea25e49651ac8b1bd0,CLEAR,DAYLIGHT,DRY,IMPROPER LANE USAGE,2.0,43.0,4.0,4.0
0c9bb1ca2d70ac2bdbfe2fd8f70b6313963519fa09216d046e535ec6e9dcaaa15f01a4590f9553a462ee0a88c44ef19385d1043d45a00ac03d91606f69d32cb6,CLEAR,DAYLIGHT,DRY,FOLLOWING TOO CLOSELY,2.0,40.0,2.0,2.0
0c9beff17c02b2cf24f1b5b3c8e70e8a761a5701c024eba51d955a255146b252b7043ea5e1902f64db1bac1b1382e41de64071693850c6e4bd8a7b2b920aa3f0,CLEAR,DAYLIGHT,DRY,FAILING TO YIELD RIGHT-OF-WAY,2.0,37.5,2.0,2.0
0c9bf0c7940a8aa82d0ac18544342a0a0fdee8e8086684264a0254c8de7d15066f1a2069f8f3505b552608f831c4f02cbd877b15867408f2a576df15fb0b761b,CLEAR,DAYLIGHT,DRY,FAILING TO YIELD RIGHT-OF-WAY,2.0,44.666666666666664,3.0,3.0
0c9bfe70daa72802141e9db0822a693cd8899029eab735a04ffc3f4d4b228939ae21bf057e8e8d66a058b5d867bbd5a13797beb3902548405689cdcf9da892df,CLEAR,DAYLIGHT,DRY,FOLLOWING TOO CLOSELY,2.0,37.5,1.0,1.0
0c9c0813e5e1b96f0dc64712864476eee78dcf992b52534de47b2830a0144b99474f6ec59fc203cf025f1edb88aa5449c8cbdb36b923e6ebd025e8e335c8d836,CLEAR,"DARKNESS, LIGHTED ROAD",DRY,IMPROPER BACKING,2.0,28.0,2.0,2.0
0c9c0c64ae7f8a32c3e70ac6245f5ee9f6c0fab0b05f7bc899beb681b212aad48b73b7de075d6432145d5d816b69bb44def77f9fcef37af9a8f49d408249a740,RAIN,DAYLIGHT,WET,DRIVING SKILLS/KNOWLEDGE/EXPERIENCE,2.0,71.0,1.0,1.0
0c9c0ca3ef09d304168e2670481b726c8559e7e00e5546c13d1df68c8b999327cc38c136f5bd4035557ebcb55c52f0c80775047715dced428326caa859e86164,CLEAR,DAYLIGHT,DRY,IMPROPER TURNING/NO SIGNAL,2.0,30.5,2.0,2.0
0c9c18baecc5c8524573ba6d5fd6251411c3cc560c43be67b753a86035c19c7429934e33e02b98d11c4e15faf3ac46a44591787f50a9752131975f507f7359cd,FOG/SMOKE/HAZE,DAYLIGHT,DRY,DRIVING ON WRONG SIDE/WRONG WAY,3.0,40.5,2.0,2.0
0c9c2e9b95bd72015fc23e237a5f121ad2a57d563f44f2a6b55f905b2ed1c3bd629f42d84035840e5f14fb62248524fa4f8d6645e2b951bd8d6ecc6caf80bc5a,CLEAR,DAYLIGHT,DRY,FOLLOWING TOO CLOSELY,2.0,46.0,2.0,2.0
0c9c612a9e9993d7c8385956c287293e3f5785688b3381ddcceef0433181911e72767d9f40a5238aab4e2ab3f2254220c833b0a4fd21e949f8e60d185b59f3ae,RAIN,"DARKNESS, LIGHTED ROAD",WET,FAILING TO YIELD RIGHT-OF-WAY,2.0,31.0,3.0,3.0
0c9c6428b6e54a286cbac3e95c50ae00fdd3580c605f7c795a1f758a7fd217fb2dd2d08c67712a6cf169894c0afe8393e8ee41970cd704829991c3786105dd36,CLEAR,DAYLIGHT,DRY,FOLLOWING TOO CLOSELY,2.0,52.0,3.0,3.0
0c9c7e74395c8c575ee2b860ee1fd9903488584935abc51c4ae9bd4c6034c784c934f3a439c28208a32e00ce1d61ef5b77bd3d7dd8372011dda45c9956acd314,CLEAR,"DARKNESS, LIGHTED ROAD",DRY,IMPROPER TURNING/NO SIGNAL,2.0,29.5,2.0,2.0
0c9c86084319f50d205fdeeb3d2d8b8f3c91cf5da5abb1646ee305e4a4c8b9d1befa639b97d99a3ba5c04eea510f6c962f179b6fc39bebf64781cc59ca5a60ab,CLEAR,DAYLIGHT,DRY,FOLLOWING TOO CLOSELY,2.0,28.5,5.0,5.0
0c9cb4f3972ecba5a4d96f690d4b1e48d4ea11b1c3a2c1e95c960a98961448b17c31449531b6ee56d011ddf366e2fbe976cc93b75e2e848d749a2fb29fb89be3,CLEAR,DAYLIGHT,DRY,IMPROPER TURNING/NO SIGNAL,2.0,57.0,4.0,4.0
0c9cb6b1a711c776bf826adf3dbc9a83b1737af87e212261c0fd6ab59a26a8625d4d8deea9d3000b138e7452c5aceee9e97a46b5380a6a64ea091d1a3b4153da,SNOW,"DARKNESS, LIGHTED ROAD",WET,IMPROPER OVERTAKING/PASSING,2.0,36.333333333333336,3.0,3.0
0c9ceb139ec1873d33bf6b01edfd679b0c1cb753a93754829da6060436465973a1da0eca2c7fadb01be9a33a60f2cdd7416f80f8f0bef005d0e1f43c1d3aa58c,CLEAR,DAYLIGHT,DRY,HAD BEEN DRINKING (USE WHEN ARREST IS NOT MADE),2.0,49.0,2.0,2.0
0c9d2c1e856c7bbb555f6cf7ecdc65f884c7fb3664ce334beb7ad7d29e0d90e2483356cebb2261442296b7f2763a54006d6c2e3bc5cd88cae8c9c5a0eb2fb7c3,CLEAR,DARKNESS,DRY,DISTRACTION - FROM INSIDE VEHICLE,2.0,31.5,2.0,2.0
0c9d668b3d4c8eeca0bffe065269e8df085003f7f3143ec0db0f8d451f8a18dcabc34b2b1f7a3c13cfabeee386b696d8d81c505991add571cb2779a5c344c36a,CLEAR,"DARKNESS, LIGHTED ROAD",DRY,IMPROPER LANE USAGE,2.0,46.0,3.0,3.0
0c9d787656ad0c16a753bd1a9f9c478d797fdf92d3d14e7cd54abe3bf2c7a31dfedbdf6265ee37c544611bc0a30906fca94607a6ceb92439e48cd2dcc2616aa4,CLEAR,DAYLIGHT,DRY,IMPROPER OVERTAKING/PASSING,2.0,51.0,3.0,3.0
0c9d9e162beedef219a0c2618cfcff4c23329b31040252919d92d081a16ac30d677b83e3b9fdef16173dae72b01da4bf9cdf04517e6b6983b7e68819f3c208c6,CLEAR,"DARKNESS, LIGHTED ROAD",WET,FOLLOWING TOO CLOSELY,2.0,49.0,2.0,2.0