crash_record_id,weather_condition,lighting_condition,roadway_surface_cond,prim_contributory_cause,total_vehicles,avg_driver_age,total_people,total_injured
0c9dbfe1617b33bd09d9ba963ce1e31a0c3d5f84b6337eed3a55f824760e7a58c6f27c8fa8cb62956161d00a1547eb064029b810e3ba3c6e65bf2bd460db4e2e,CLEAR,"DARKNESS, LIGHTED ROAD",DRY,ROAD ENGINEERING/SURFACE/MARKING DEFECTS,1.0,35.0,1.0,1.0
0c9dd54f069192d664ca0f44b69cb36565c3d27a456e0581704c4904b957b1ea6023ec2e5ec2382784a33d417335906d2a347e8e7365dcc458f8d96e2b3b9d9b,CLEAR,"DARKNESS, LIGHTED ROAD",DRY,DRIVING SKILLS/KNOWLEDGE/EXPERIENCE,2.0,35.333333333333336,6.0,6.0
0c9dfb00a7fd1b2c6c00d007a923bd9715b677078060f6697ed15a4a95f6dba354559743318f4f53d748bd55fb19659188ef2ff9aeac080452d92795cafcafee,CLEAR,DAYLIGHT,ICE,FAILING TO YIELD RIGHT-OF-WAY,2.0,47.0,2.0,2.0
0c9e083a755a20e8060e1979447e3f5196c8a96f5e14e994c5de7dfc47bc9ab780d0afc65ac2435559eadc4c486bfcddc32b218330c7991406e481f9c821a3d2,CLEAR,DUSK,UNKNOWN,FOLLOWING TOO CLOSELY,2.0,34.5,2.0,2.0
0c9e4889d2adbad17f49abafd92b82e2b6bd006d2868d2761d8f0d083e3156ea8e45de75dbcd023fa0bc34043384c59cdaa3e0e5777d40e91d5881c9a8442d12,CLEAR,"DARKNESS, LIGHTED ROAD",DRY,FAILING TO REDUCE SPEED TO AVOID CRASH,1.0,26.0,2.0,2.0
0c9e52ab6821ab6449978351657511a25b7c85192e227440b5ba95af58bf435d67e197fd9f49dc34f56ca5ddf0bccd918374d9f77025ab90e988a451b5a24236,CLEAR,DAYLIGHT,DRY,DRIVING SKILLS/KNOWLEDGE/EXPERIENCE,2.0,27.0,2.0,2.0
0c9e5b52cc994b46c7b31450ad2c04dbd0621e1237594679ea647570d34a1cb86cda7e4b5e973d2ae95a6a4d580bae375d252ebcce529824425f6d7f7d83519b,CLEAR,DAYLIGHT,DRY,DRIVING SKILLS/KNOWLEDGE/EXPERIENCE,2.0,50.5,2.0,2.0
0c9e5e410577a3bc683574646b9e862a12f8f7f1f2255128ad2044824b1c7f172e3b27caee13e4d829d993fe3886a9cf24cc310ac4bf9d82e73815882d1ca886,CLEAR,"DARKNESS, LIGHTED ROAD",DRY,"OPERATING VEHICLE IN ERRATIC, RECKLESS, CARELESS, NEGLIGENT OR AGGRESSIVE MANNER",1.0,29.0,2.0,2.0
0c9e5fd4ebcf063f8dfd348e844299137e352c4cd42ccfb56e595542c5bcef9244260728e61ddd6982ee56b09c83b15fc86924dab0489a628e7cc2bed10a5e94,CLEAR,DAYLIGHT,DRY,FOLLOWING TOO CLOSELY,2.0,47.0,2.0,2.0
0c9e7260bc656dbabd7ecdb7349fa0dc09e7a740f21b1f3004a4bad25f539cc6a7692de74324d2e8349fe68a88f363dd506ad31bd231d7476bb7ed8d883eb23f,UNKNOWN,UNKNOWN,UNKNOWN,IMPROPER OVERTAKING/PASSING,2.0,48.0,2.0,2.0
0c9e72cc28b4f66b5867b69c83c1ad57fc384fb7b6fdb6f359530b534f6b4402c82578c286dc02a0d7727e7dc15a103ebb1e84ce8530b014407e8d8ec7a10bd2,CLEAR,DAYLIGHT,DRY,IMPROPER OVERTAKING/PASSING,2.0,35.0,1.0,1.0
0c9e9184bd6f4ff80ad03ef16f7a78f1c12a0148d84b8505c425b13a0e25960ee876334e2488e8230a891a9a94fa31ee4c3a78e0c3055ef0ac955e8b9d150fa0,CLEAR,DAYLIGHT,UNKNOWN,IMPROPER TURNING/NO SIGNAL,2.0,65.0,2.0,2.0
0c9ecd0bbd8af0f79ef9a93c4c89423ca6b1c86e89a2c74a330219495e6b62312e9fbbd0023dc807de8c9f20542a9533483218114f33b44e69d4713b454d3f67,UNKNOWN,"DARKNESS, LIGHTED ROAD",UNKNOWN,IMPROPER OVERTAKING/PASSING,3.0,22.0,5.0,4.0
0c9ed413ee58fee16e552a09a8374efd416e8a7cac5638be2b4d63bd8c39251413605e8463f23805d1eefeb40de48c97f8b7726efdfafca94e9678c114292f29,SLEET/HAIL,"DARKNESS, LIGHTED ROAD",SNOW OR SLUSH,FAILING TO YIELD RIGHT-OF-WAY,2.0,43.5,2.0,2.0
0c9ef2e402a1b3f23e3f767864fda005222afead1066394b470bca0c8fe919a0feaf136a46942b3f4a2bd98b02be19a3fae131548b3a3a03b5843261a672b9ab,CLEAR,DARKNESS,DRY,IMPROPER OVERTAKING/PASSING,2.0,27.5,2.0,2.0
0c9f20ef2ef1f7370a84b8fd04d404b02cfec40a8c3b66f1a0183c0be631ddc03d4ebae53264c02dc09a59d704c5f8a9756915dbc00b91b35f9bb50eff3cf6f1,CLEAR,DAYLIGHT,DRY,DRIVING SKILLS/KNOWLEDGE/EXPERIENCE,2.0,41.0,2.0,2.0
0c9f43bf0b21d4d3ea22d541dfe17d0a3bd5cec863c788de6a9eea2d798653087c680886fc6df310c441bd68b54d1eb96680bd3242a51cfeab0942bb939a05f2,CLEAR,"DARKNESS, LIGHTED ROAD",DRY,FAILING TO YIELD RIGHT-OF-WAY,1.0,43.0,2.0,2.0
0c9f65778836bea3e7e37b23e839e627ea1190b73d41b5899d39fd945cb45bb8bca3840c4c36d5c61bc7b1d2b997fe562309face9a24e73859ee521ac3808a90,CLEAR,DAYLIGHT,DRY,FOLLOWING TOO CLOSELY,2.0,39.5,2.0,2.0
0c9fad603454fb0c5fa60fac48bd6270d93bcf1fb8ec52f019a0a95a5d5cce2ddb1903b4f0efc49f8ab1d40716a3fbcc3a5ff88b6080ff6b1ebec2105e279f94,CLOUDY/OVERCAST,DAYLIGHT,WET,FOLLOWING TOO CLOSELY,2.0,37.0,3.0,3.0
0c9fd24969f7fa1593930071b7644f5e2cc7f7c795148c92b850d098adbe16b39c8c732d06c0e2810cafff8b558e8a76bd91bf98cb3a0963a4b50cbb65daea61,SNOW,DAYLIGHT,WET,IMPROPER LANE USAGE,2.0,49.0,2.0,2.0
0c9fe9ec8fbb79c83b4b993a8bc78b3380eab2dc9ee45cec821e6ce36f7341c6c563d9f91081afd543893e2ffb6caaae72d5406ed3b064f80fcff1c5b524a9e2,CLEAR,DAYLIGHT,DRY,IMPROPER BACKING,2.0,39.5,2.0,2.0
0c9feb945659e365d103ad6fa577afae713d797fd0c7ece54e0685d802d7954c8f5eeab372a0633d82312a2d0c180bca9dc29af1e3584d7998b4ee767cccca60,CLEAR,"DARKNESS, LIGHTED ROAD",UNKNOWN,FAILING TO REDUCE SPEED TO AVOID CRASH,2.0,65.0,2.0,2.0
0c9ff41367ec0b26256925f7c563965007f8f6705efd01fe14d8cd3bd774fc64be5d8f8668d8422a165f82dedc66a77804758a6e7aa20b50b6da8eb659ca06a9,CLEAR,"DARKNESS, LIGHTED ROAD",DRY,IMPROPER OVERTAKING/PASSING,2.0,37.5,1.0,1.0
0ca0374029b36176f53df8e402145fe83e0f919727e6aa107cccaae0b2318cc219d92248a377e78a4b5d4979094782b223b74774f2758f0dd2298f6249c55c9d,CLEAR,"DARKNESS, LIGHTED ROAD",DRY,"OPERATING VEHICLE IN ERRATIC, RECKLESS, CARELESS, NEGLIGENT OR AGGRESSIVE MANNER",3.0,31.5,4.0,4.0
0ca0395aed6ca0f26c12ce7ec95c1de33c16acde6d379b931e1406f81810d804e04b28d3cadf103a87eaebb7e5e22e8c5ed8935ea6cf96840555e0df4d87d002,CLEAR,"DARKNESS, LIGHTED ROAD",DRY,IMPROPER BACKING,2.0,46.0,1.0,1.0
0ca04b9c77c92fab5d06e0d4ad1d1cd192941d3c67d133439807e769a7251d4e4240c844ea6afbdae60c3516264e36a75de17d0542fbffa0afc9a16e09b98c0c,CLEAR,DAYLIGHT,DRY,FAILING TO REDUCE SPEED TO AVOID CRASH,3.0,50.333333333333336,3.0,3.0
0ca04f6e410552cf4fe0a9f1ac61ba8a81bbe82c693176eb0898398be807335262486d834946db47fe6c11283402868de1c7e8367e0d5aef9353e4d72bf991ff,RAIN,DAYLIGHT,WET,WEATHER,2.0,19.0,2.0,2.0
0ca0620e800123c37337fc518ed90394c8875319a6196dfec4d9aeb6354f2c7e12e45c64797df2c5eadca71be60a33bb59303ecc30f81177e774e61d26f8b7fb,CLEAR,"DARKNESS, LIGHTED ROAD",WET,FAILING TO YIELD RIGHT-OF-WAY,2.0,25.5,2.0,2.0
0ca0948cebae02195f91a4383033961caf1e3a73d5969fd85c0c8b90262da468c91fe877e0afc8191fd8ff9e611e38eb806bec374bb1ce3b36d5d17fbb2a45af,CLEAR,DAYLIGHT,DRY,FOLLOWING TOO CLOSELY,2.0,28.5,2.0,2.0
0ca097486b549bba51d3b4d8a31ad2cef97ca0345d9c9769390cc961841ff6552607539c1354eba57a494c8aa1844b3b43bd14098b994f79490e97cc27bdb178,CLEAR,DAYLIGHT,DRY,FAILING TO YIELD RIGHT-OF-WAY,2.0,36.0,3.0,3.0
0ca0acaa827a5d8113b45ba9b97292780e5c507efd5cb9cb688f58b55422503910178eeda193c81199d77a8b4a89f0565f522aa686ce363ac43fb69a482b75e5,CLEAR,DAYLIGHT,DRY,FOLLOWING TOO CLOSELY,2.0,45.5,2.0,2.0
0ca0d0426b4bd22e11634f8e376209da3f050e343b5abfa09cde2324260f614e8a1dbd1142d77aae2c4615e837ba774235bf73bccbc2839ba354d3fa03b3826c,CLEAR,DAYLIGHT,DRY,FAILING TO YIELD RIGHT-OF-WAY,2.0,42.0,2.0,2.0
0ca0e4eca7d0a67edb4c69e1bc60614694df8dbc6419d0600a7d716d77f0591e501f374651b67b5d9ac38b7a307ec6c148d640c2c121b7303e7197bd0565eb84,UNKNOWN,UNKNOWN,UNKNOWN,IMPROPER OVERTAKING/PASSING,2.0,32.0,2.0,2.0
0ca1429d4c32c66280b6002a58ced03c92f54edff5f7e87ae05cf43ad6e12fef1d92d8c5c97d132e15e06ef37f6d144e85a82e6c8a8faab494a5b3b2be11d3cf,RAIN,DAYLIGHT,WET,IMPROPER BACKING,2.0,37.5,1.0,1.0
0ca1506d1629eed2637f7360b4f1359e17a6f1a1a3a339a5de9d0bd45d635945b03aa8e42ddf57da2a41673bb5f277f5a97d49300c3b811857d08a1d2cbfed0c,CLEAR,DAYLIGHT,DRY,FOLLOWING TOO CLOSELY,2.0,32.0,2.0,2.0
0ca162132291b39144779c45da6e7cdbaf81dd7d57e45429580252518500bc4043e2088ddd7dd5c5eb8cbb10f1f8df36034997ca366054d7f8a43d273577f7c8,CLEAR,DAYLIGHT,DRY,FOLLOWING TOO CLOSELY,2.0,24.0,2.0,2.0
0ca16461d8eb1be9bf3f78d9214c30f723cb35e3745cce48a921d4a51df8bdf3f50073c0a254a172676b1348869d7e8f3f0794162db011d3bb5777323b7c227c,CLEAR,DAYLIGHT,DRY,IMPROPER LANE USAGE,2.0,29.5,2.0,2.0
0ca167dd8b5c67f54726c2be4656289e51bd5a49fef8ae7d88d4d64131150595a99f4a37ce220bcdff133a9617b99bb7787b42fb4f9923bae135150b15652d2f,CLEAR,DAYLIGHT,DRY,FAILING TO YIELD RIGHT-OF-WAY,1.0,45.0,2.0,2.0
0ca17a7668a4fe236da1ed5c1d864858e67b22c176c518dd335d7e4e8a0306fb705c8d331dc667442395f03cabf3574a2472deb80aa4803bb9ca3ef5c7fad666,CLEAR,DAYLIGHT,DRY,FAILING TO YIELD RIGHT-OF-WAY,2.0,47.0,2.0,2.0
0ca181e7a000deff2ac2804ff351a50788a6b25ef79b38c85e5f71deaff49996be1ea90efff98b28342863e6849908a6e1caac17f3094f86ca64f5747d799101,CLEAR,DARKNESS,DRY,FAILING TO REDUCE SPEED TO AVOID CRASH,2.0,47.0,2.0,2.0
0ca21f17c337321b2f05ca450f2554f3c171b82dfb78338b61eebd61ad1136261d5f055ae89f2cfaf95a498e7040bfd4c26a26fd8c77e0222d10b3fbcb698ebd,CLEAR,DAYLIGHT,DRY,FOLLOWING TOO CLOSELY,2.0,44.5,2.0,2.0
0ca26a296a431dcd22dde0e8e69e99e6a6d13844ad69aace19c9fdee590e78c20caf3c6a1b24d726dd55a6dcba5d060b45bab9627a9e416c6baedd18d0c5d7a5,RAIN,DAYLIGHT,WET,IMPROPER OVERTAKING/PASSING,2.0,23.0,2.0,2.0
0ca272b43f2afea07b5f12f6103dd08dac3c2f5ab0c6f7daa332a8b33986d0c5ed42ca5fa3a94b2019187afd858f43d2a51af709502f960a7491f0bdeeeaeed5,CLEAR,DAYLIGHT,WET,FAILING TO YIELD RIGHT-OF-WAY,2.0,54.0,2.0,2.0
0ca2779e47a9e0902affd10581c829353a25d7067a8f97c88220c0c393dbb894d25f53f7e4bc9b313b6707086c190398ebd2d41b069e74e74c40fe94f43c5614,CLEAR,DAYLIGHT,DRY,IMPROPER TURNING/NO SIGNAL,2.0,24.5,2.0,2.0
0ca2a86e95df150e7a187a9c6ad206f98fbe040d1fbbf4fbf96295019f72b785cc4310035f0053a47c82d398d246b5b81b9303470c79c645723228ad56458ca0,CLEAR,DAYLIGHT,DRY,IMPROPER OVERTAKING/PASSING,2.0,19.5,2.0,2.0
0ca2b6e96f266b69d181cecb6b352a454131a1637421c3e9139ff5412a13bf3c09b7505c16b0966b19e585aa509d3f419ef7247053e34e63362f5407a45e6848,RAIN,DAYLIGHT,WET,WEATHER,2.0,29.25,6.0,6.0
0ca2ccb7584844eb5160a45bff3efb0d9f75b904ffcf3aa8e40c50753105752377ec0b964d54e7cc58b4c47538d51eca6418f749ecef4d6a092027de44b616cc,CLEAR,DAYLIGHT,DRY,FAILING TO REDUCE SPEED TO AVOID CRASH,2.0,36.0,2.0,2.0
0ca2fdc1daa2ac01642f765bf0dcd6ac2ee6b39f67888fe6b53717134f80c9e939514fbb9fcdd0c46324cf6ff4a02e26a6836a94a39edfba040d4e049a8c682c,CLEAR,DAYLIGHT,DRY,FAILING TO REDUCE SPEED TO AVOID CRASH,2.0,50.333333333333336,3.0,3.0
0ca303678e091b33d9e084d44988289d411f4c2ac55c87a81bdf4059ebacf6abd7ac201e011bcfce24faaaf7b43ec660b5573fa72aef28611b61a287440f2c1b,CLEAR,DAWN,DRY,FOLLOWING TOO CLOSELY,2.0,33.0,2.0,2.0
0ca3389b1da29236fbc7a75eba5320ba39b203ec7a1e848ab00f3f8374a41bda05e157465350f41416461e30e3e4c484888d2ebdbfa8bacd0a88b95c47c68e1d,CLEAR,"DARKNESS, LIGHTED ROAD",DRY,"OPERATING VEHICLE IN ERRATIC, RECKLESS, CARELESS, NEGLIGENT OR AGGRESSIVE MANNER",2.0,45.0,2.0,2.0
0ca3ebd4e17e5f89a506e971283d4f8c34ef788cf2df7a13bf9cf7068c5173acabd70fd99a7ed830350c18a345fbcb53c01d2225df8bae797fbaac43f35c9bb4,CLEAR,"DARKNESS, LIGHTED ROAD",DRY,IMPROPER BACKING,2.0,57.0,2.0,2.0
0ca3edd444d65cf336324c138249ab6014045131310f808f47a7a578299cbb81917dfb0a41a3295d33986975a2caf61fc50c01d14374fdbeae0bf212eaa351b0,CLEAR,DAYLIGHT,DRY,IMPROPER OVERTAKING/PASSING,2.0,17.5,4.0,4.0
0ca41850aee6a71624a4c879f093c17cabf2ab80993c4c5d30cd6e46bb43464ff5a09026319e8f8950eb6df899926f73b83f726ac114e5b8d935fcf24c2f7ccc,CLEAR,DAYLIGHT,DRY,FAILING TO REDUCE SPEED TO AVOID CRASH,2.0,37.5,1.0,1.0
0ca427e1e37a835909f90fc7a64f0dc0eff13114a2db84ca23b48f5126079102a11aa7e7ed0f51131c041db4653c8763029cdc55fc793670cd8eafff8bd1f87c,CLEAR,DAYLIGHT,DRY,FAILING TO YIELD RIGHT-OF-WAY,2.0,39.0,2.0,2.0
0ca451b4c2672a25f2ed926267468a3c165a8b544c1035e4f8730260e56f341d7e8fcd8c73165faf009ff2bd1cfb46cfdf57de86fa175520eb735bc0e59aca29,CLEAR,"DARKNESS, LIGHTED ROAD",DRY,IMPROPER LANE USAGE,2.0,33.0,2.0,2.0
0ca4550518b027be83d8ef9b43bfbde7275906bd89d3d55f2831c36c463c3329939123b1a69e9445785571d8af1a845852a69546b44804c2cac0629010a536ae,CLEAR,DARKNESS,DRY,FOLLOWING TOO CLOSELY,2.0,39.0,2.0,2.0
0ca455881c49af69fd977be4fc9bbba352b8a64fe97440cdf82f88e64c604e1dc86735c0f04ad694a6963ab502b8651e2e47eeb94b757d49d18c9a23ec315cb5,RAIN,"DARKNESS, LIGHTED ROAD",DRY,DISREGARDING STOP SIGN,2.0,43.0,5.0,5.0
0ca46f4f8aa088b03ab39d6c2457af3fb1db09fa4140c6e05a7c0b2695e3165b5ce797532cc7ddaaf10d6eb0959c8bda6d2e5c2a416d68f7040cf6c10099c43b,RAIN,"DARKNESS, LIGHTED ROAD",WET,WEATHER,2.0,19.0,2.0,2.0
0ca47beaa073cb366218f4810a8a4f260741bc90800c4cc7ff8d0e043026866145d31a8ddef347d3348ddd4e619c9265c86fe6dfa0ad21d046d6edaef5857c1d,CLEAR,DAYLIGHT,DRY,DRIVING SKILLS/KNOWLEDGE/EXPERIENCE,2.0,25.5,2.0,2.0
0ca4c7e7d0fd09b9f7648cbca71a38876a9815022217371d7178c9a629b01c772efc9c936bfe4f3b0d2b9746eea893c3d94f2a452f764e4db63f29e82e1ef7e3,CLEAR,DAWN,DRY,FOLLOWING TOO CLOSELY,2.0,23.5,2.0,2.0
0ca4e6b6eda6ef6a855d8eda73fca8d023de049f180c191d168b3f73a8fa88ccc89845b89096fbe72330ec676afcbbd4adc150dfade38e117a09907ee05aabf5,SNOW,"DARKNESS, LIGHTED ROAD",WET,IMPROPER BACKING,2.0,25.5,2.0,2.0
0ca4f535561dcceb8217c3f2ffe5294b77695f371a9ea2422a132261265688af4aefb1164ea4c8ea4141873228dc439b4c68597088b0179bb4b21c29b53f0a49,CLEAR,DAYLIGHT,DRY,IMPROPER OVERTAKING/PASSING,2.0,37.0,4.0,4.0
0ca4fb316664959fab5d2355c8b6aaad34ed324f81905bb91884193195bb19daabae2f3f2a14683db1c83652b1161d2520e493196a88785857aaf1080c502b0d,CLEAR,"DARKNESS, LIGHTED ROAD",DRY,UNDER THE INFLUENCE OF ALCOHOL/DRUGS (USE WHEN ARREST IS EFFECTED),2.0,35.0,2.0,2.0
0ca51d14023249669cbbdab0ec571b33349bfd9b69133350d25fde22e9f55f273e08a41f5378f59b42b04cebe5c1578354c3ef7f38556b85ce74ca6e5411143b,CLEAR,"DARKNESS, LIGHTED ROAD",ICE,WEATHER,2.0,23.0,2.0,2.0
0ca529347ec53e3d10ba370368e4cf2f73c7df08a1506609ec8d922c9477244e35d3035535b1b79c4b85160504519bbf8396eca2cf4f2a80f60d34263a0860a5,RAIN,DAYLIGHT,WET,FOLLOWING TOO CLOSELY,3.0,23.0,3.0,3.0
0ca5338ef059324442f63f8b8d63cb29ac8775810084203a2b416f9b9461a8110a0358e9ec36ff9af3a608fa9597d5d5b855338402653c7d452ba9fe08707a65,CLEAR,"DARKNESS, LIGHTED ROAD",DRY,FOLLOWING TOO CLOSELY,2.0,21.0,4.0,4.0
0ca55c9ae17291ff11461a6a6453cafd4fd22e6bdf8bd0ed6c758e36d51821c6393a6b1c7fcebb622c6f834c27972184057773c517b2c16dc4a2d666cf7aca70,CLEAR,DAYLIGHT,DRY,IMPROPER TURNING/NO SIGNAL,2.0,47.5,2.0,2.0
0ca5751dcfc2d10da3a0aee78911e1e4cb80f9744b0e62a976fe7f06f016e248822610595521ed586f72228ddd8b3f543efda956108e40cc0b5de8e233c22beb,CLEAR,DAYLIGHT,DRY,IMPROPER BACKING,2.0,30.0,2.0,2.0
0ca57a47867c2ad76c1cb3256d936c68cd3435c488eac91a89b2d02a65bfc44e11479a87f2610d447ee33b8820a054847a5cbc680b90e6a80029751aef2004eb,CLEAR,DARKNESS,DRY,FOLLOWING TOO CLOSELY,2.0,37.5,1.0,1.0
0ca57dcd3bf8070ba24029d838ac378e6bda1f3225f854f087ef8f904bd8881dbf7a3ec3d62b99c6644c29220456d81be56434ca332f869dcaf9ac33a43ae543,CLEAR,DAYLIGHT,DRY,IMPROPER OVERTAKING/PASSING,2.0,58.0,1.0,1.0
0ca5c7c9523b7da194d9ae57a980a7dbce552918feced9d10708fb2d39c0e3845a7aaa4a71804d89521704c57b6c2ba9f3c6891bb01c6e4310c3a5c21dd33cc8,CLEAR,DAYLIGHT,DRY,IMPROPER TURNING/NO SIGNAL,2.0,36.0,1.0,1.0
0ca5d34d682ad549c898bbdaae3044d9bd0611b994bb089e98380c03a9c72243a4f59bcacd9dbdd1c2172553c6ae61426ae2dc523e5bc3f1bca5e7f8f385becf,UNKNOWN,"DARKNESS, LIGHTED ROAD",UNKNOWN,IMPROPER TURNING/NO SIGNAL,2.0,54.0,2.0,2.0
0ca5d404d131287eda085dd1baf6c8884793ab14612f765f3ec3bc7d0a96ffb7eeadbdeaa17edab46b89ad25d21fd4eeab27e3d56ef6e0e1887534895228bb26,UNKNOWN,"DARKNESS, LIGHTED ROAD",WET,DRIVING SKILLS/KNOWLEDGE/EXPERIENCE,2.0,47.0,1.0,1.0
0ca5e4afc344e2252e0cb1c9b98af24828027879505595ece4dac68b27fc646487132ab45527f726968c07adcf31f884a7a873080e782d8a61d2d1d85c4ba253,CLEAR,DARKNESS,DRY,FOLLOWING TOO CLOSELY,2.0,59.0,2.0,2.0
0ca60173b7cf6f858484b44e89f40c49845bef8d241ce9fdd9279f00ed6f1f494850f1a6d7343b3e6ff5c8b60f987594471e8ad3e396748d020c383079df90d8,CLEAR,DAYLIGHT,DRY,FAILING TO YIELD RIGHT-OF-WAY,2.0,60.0,2.0,2.0
0ca6021b3df4405657cc73ca65780c0162a153b2a1ba533654e6fe0eacbfe650b097c4217d251dc5524809516fa604bc51349f22a07e340017e6248e87f6f3a8,RAIN,DAYLIGHT,WET,FAILING TO REDUCE SPEED TO AVOID CRASH,2.0,46.5,2.0,2.0
0ca65dcec4732173b4a031f8e4f8ca3789da28510610d7f66edc73d107ff6dfd0c83106b80aacf37185886f6bb08d7efd28a8410ff880d2efac797c1db1d6777,CLEAR,"DARKNESS, LIGHTED ROAD",DRY,IMPROPER OVERTAKING/PASSING,2.0,21.5,3.0,3.0
0ca66208f4bc7c2a2138898c6ded12ecc5d8b0259d539baccb43750ec34e3ebfbf27e7ec0fe94cf2a42f33e1b874caf38c4fead6ca2915cc458b086bd0b77cd3,CLEAR,DAYLIGHT,DRY,IMPROPER BACKING,2.0,52.0,2.0,2.0
0ca67360c8561dad339f6cbe8ad514fddaecd4f6cf657c610bc49c22a705cab63cfc1f564998ce17262e3edfe12d097b28d1795c07c5dd3211ac19af93a1e193,CLEAR,DAYLIGHT,UNKNOWN,IMPROPER BACKING,2.0,45.5,2.0,2.0
0ca6b050abe740ed543c2b3f882cd092059a7b43e2c7696f481d625ceaa86f8e1de8e2db5f87de511e54b3e4e03b9a9f4d0636514de578a0e5ebc2eb813468a6,CLEAR,DUSK,DRY,IMPROPER OVERTAKING/PASSING,2.0,31.0,2.0,2.0
0ca6c30f80e5dc647ec5761986eb19294c8eacfe0aa39b3ee626e1fa2f123789e55a8545b8bbf0bab982eb7512cee9353dcee323bd7bb95d582c96724f5623cc,CLEAR,DAYLIGHT,DRY,FAILING TO YIELD RIGHT-OF-WAY,2.0,37.5,2.0,2.0
0ca6d9af6657390e19231a6c0a95365c28502ca4ea235aa7779967684a8dec4159b763d6e31b26f3eefbca9fa28312ba9f10d730f80f2bf308e1bd4c8aa64d19,CLEAR,DAYLIGHT,DRY,DRIVING SKILLS/KNOWLEDGE/EXPERIENCE,2.0,36.0,2.0,2.0
0ca70a19cde5fb1833d690ad8345e0c0994a46151f7ed369d383bee4ad9a04beea196bd215028bb1b305f496900e85e80de5b4b3d8beab3cac8d1f2385f7ab48,CLEAR,DAYLIGHT,DRY,IMPROPER OVERTAKING/PASSING,2.0,30.0,2.0,2.0
0ca73b868baffc88b26649062f9f98b2ac428dd5da4aa161d2cc9b85953b609a9b9c0e5cb20707dc1bf3d22640abb2ab1dc8be5e1041bce41d8a25357fcc3546,CLEAR,"DARKNESS, LIGHTED ROAD",DRY,IMPROPER OVERTAKING/PASSING,2.0,47.5,2.0,2.0
0ca7699db4dfbda481810b520afee3fe33800a1963c78ab7027b343ab402208244d59b1117a0e97cbfd873e5c63ed44d708d43457ddb5b18c68bd1c54fb5e67f,CLEAR,DAYLIGHT,DRY,DRIVING SKILLS/KNOWLEDGE/EXPERIENCE,1.0,16.0,2.0,2.0
0ca76b32de0380c10248046c229268a2b6260497a894003c8e4374bd1de7f96062be05a24813df979df9f00c33e6389fa8c2ce2d91f93fb00f6afea36747a31a,CLEAR,DAWN,DRY,"VISION OBSCURED (SIGNS, TREE LIMBS, BUILDINGS, ETC.)",1.0,44.0,1.0,1.0
0ca76e48bfb54565fdfba12cc9ad0489f0de8f5a6c150b0512dff9a314d5040fc9f3d1a0112885ec4a8b6153d87f05c5a22bc6a2f30bb9db05b9a92606bd7f67,CLEAR,DAYLIGHT,DRY,"OPERATING VEHICLE IN ERRATIC, RECKLESS, CARELESS, NEGLIGENT OR AGGRESSIVE MANNER",2.0,25.0,2.0,2.0
0ca7ffe822c0ef9effbabb2c933d14feb07e1f3993f648cc7279af0292f43d471a79375423d4bda619df1013a028656315840a9a459b80c869d1a61fecc1219f,CLEAR,"DARKNESS, LIGHTED ROAD",DRY,FOLLOWING TOO CLOSELY,2.0,32.0,2.0,2.0
0ca8687be9e122378700be2fe03bfddb37b42acbffd72368c9835ba25dc3311caf75ea83a93c849f7dc9b94fa790ff8e7716638f8e5aa526f09fe573ac3632c9,CLEAR,DAYLIGHT,DRY,IMPROPER TURNING/NO SIGNAL,2.0,45.0,2.0,2.0
0ca87cf05c0894b9f694fa77d5303cbd316bbf781e258a587c8bd922fafb78e822f6825f20e372541531f8c972f9e19259b4585420407af2ebf013b57c75d6e5,CLEAR,DAYLIGHT,DRY,DISREGARDING STOP SIGN,2.0,38.0,4.0,4.0
0ca87f507f7d37b7e42196a2f070a53ffd6430bda6ec29c09174fa421a1c622ca2c770ac93ff76c73cb43522618ff18b3c376369112b393aad44a2261d0b88b9,CLEAR,"DARKNESS, LIGHTED ROAD",DRY,IMPROPER LANE USAGE,2.0,32.5,2.0,2.0
0ca88affc71bd1d1450370ab474a735a107032ff6ab7e886f404dc6bc4c08c1b2390484f032965eb37ff111ec440cea35e9019056f3e5a47db336c4df20ebc7f,CLEAR,"DARKNESS, LIGHTED ROAD",DRY,FAILING TO YIELD RIGHT-OF-WAY,1.0,42.0,2.0,2.0
0ca8b91d07a0abba1de7622bfe0497a3d4b09fc426597b9a2bd03d0d590a95ab3be3bbb315fa7e77bc22ae2c7467a153a06c0e860a30de3407681c9c924f210c,CLEAR,DAYLIGHT,DRY,DISTRACTION - FROM INSIDE VEHICLE,2.0,67.0,2.0,2.0
0ca8c20dc130da4a36cce773a85077e412d17539631ae1a0a568aa22867a31b5e29841a264ea01c845246f1507f4a9b59681bbb949a8c59c49cc82a6dafe9649,CLEAR,DAYLIGHT,DRY,FAILING TO REDUCE SPEED TO AVOID CRASH,1.0,33.0,2.0,2.0
0ca90dfd8f36625557112623341539406a28d723864b2d5807b727c6c1fba7b6555857e5290ddf6012df6cd609cc86e04b0f0095cc73e1f0f3ae78e34f15a6ea,CLEAR,DAYLIGHT,DRY,"OPERATING VEHICLE IN ERRATIC, RECKLESS, CARELESS, NEGLIGENT OR AGGRESSIVE MANNER",1.0,34.5,2.0,2.0
0ca91db07e48fcc2b7722f5f1c4d39b61167a79599580b745bebbdafb32da27be50feacacd12893aff95481d4e9e6ce27a7b3ea809c4e856a098a67f831bdadf,CLEAR,DARKNESS,DRY,HAD BEEN DRINKING (USE WHEN ARREST IS NOT MADE),2.0,43.0,2.0,2.0