crash_record_id,weather_condition,lighting_condition,roadway_surface_cond,prim_contributory_cause,total_vehicles,avg_driver_age,total_people,total_injured
0ca91e9dff56e632b3e3e4a1454a640c49ca68b0bb7354b46ec3e75883d29add7e84631c9a66f0a5e2c89cdf46e6b8ed1d44c6d2ccf078486eeb99c93b3cd08c,CLEAR,DAYLIGHT,DRY,IMPROPER LANE USAGE,2.0,44.5,2.0,2.0
0ca964a1d771098469f48c03474fd66c653555eed74f8f69cc71e0a8f6ada941d1b7fc8b641d3d3696e2ab1e31b58e26ab434a5cf8506922bd874126e20b1f40,CLEAR,DAYLIGHT,DRY,DRIVING SKILLS/KNOWLEDGE/EXPERIENCE,1.0,16.0,1.0,1.0
0ca96a25ea2fde83e881a3c8ee2eee31d4260af0522f6e9b39ed505c02d978898a955bf020aead0de57060b9dd562875a412fdefea1093928032f9dcaa758cca,CLEAR,DAYLIGHT,DRY,IMPROPER LANE USAGE,2.0,54.0,2.0,2.0
0ca9980797d90f5a96b5630a3ac7cf5ab74f8040cfe47a0c67cac5ed9c0831fa5a8aa8154e48fea1792360e12ec81e63cb3009862497972af67a2c021c9aeaa1,CLEAR,DAYLIGHT,DRY,DISREGARDING TRAFFIC SIGNALS,2.0,42.666666666666664,3.0,3.0
0ca9d501da7152ebfbb39354fa602f16659c694eed9e98564f1e68469ab687856b56d1c38af255d5e94e6262269d446f66653298844c915ba058dec9fbcccda7,RAIN,DARKNESS,WET,IMPROPER BACKING,2.0,42.5,2.0,2.0
0ca9fd218bff210d2e82c5a372854f8197ae3c07a9663a502b5d088ace306248db1840c01358e7b558015f6538156c875c9105e5ec95810849871fc6715cbf62,CLEAR,DAYLIGHT,DRY,FAILING TO YIELD RIGHT-OF-WAY,2.0,60.0,2.0,2.0
0caa17c551d5fe4e438e9747a47ef0630ccd77d8e0713da1b0b612fc2e341297f909130df7339ddd39e1f6e9c8e0c934b4cfe3ec005d9ec77ae99c24864812f3,CLEAR,DAYLIGHT,DRY,FAILING TO REDUCE SPEED TO AVOID CRASH,2.0,37.5,1.0,1.0
0caa34e644f3da252d86cb18684fa02872e84e1ec4c9d00090c17f92d266c5d6b564d4b226948a320b74812400e52816b2f21740ea535663a22563e8f989d264,RAIN,DAYLIGHT,WET,FOLLOWING TOO CLOSELY,2.0,48.5,2.0,2.0
0caa83126200289f5c765e1225e231eb4b07873c93a21497e8ae8f7023134a620f49dc791608252f3da1a64e909d408a66b47ad01c31b4b568a8e3e90228342b,CLEAR,DAYLIGHT,SNOW OR SLUSH,IMPROPER TURNING/NO SIGNAL,2.0,26.0,2.0,2.0
0caa8649714ac8d6f6b35466ac2b3a32a652b63ace26ebb7e3bb9ae3df918393f5540e398df5cd68b9cf8a619e9237c9b7f70e4d4b0a5f50b5086cd3fe4ef9ec,CLEAR,"DARKNESS, LIGHTED ROAD",DRY,UNDER THE INFLUENCE OF ALCOHOL/DRUGS (USE WHEN ARREST IS EFFECTED),1.0,19.0,1.0,1.0
0caa87897225afa9b7d063194a10fb4f0d3846524fb95c4cb485d1666dd055097daf2e6cce451a1e6f41c3f54498c6b99cebaf08bcfee2865b74e6a559114e76,CLEAR,DAYLIGHT,DRY,IMPROPER LANE USAGE,2.0,49.5,3.0,3.0
0caaa730fac00fda76b162cad2c1079654677c0b767bf36726f980f76836f4ebab48884a971ab4f4d678b807e8a3c7f721bb513f2aadcde08bda86648265dea5,CLEAR,DARKNESS,DRY,FAILING TO REDUCE SPEED TO AVOID CRASH,2.0,35.5,2.0,2.0
0cab13e988898e5e6aa2214d9f99e8ba46b051bfef5d008255c3f1009b7c7f5250215448abbc5eefb32abdda1f1a2e174252c1eb336b6ef38e8c6f03a62b1ca6,CLEAR,DAYLIGHT,DRY,FAILING TO YIELD RIGHT-OF-WAY,2.0,51.0,2.0,2.0
0cab2c47eedafe9cfc855d75e1323ef1b946c1f1a13848044856d936023c173d3835589a192d21b79e36f02d95c45d816631a01c93e8d2d1d3aa491de36b1dfd,CLEAR,"DARKNESS, LIGHTED ROAD",DRY,FAILING TO YIELD RIGHT-OF-WAY,2.0,31.0,2.0,2.0
0cab56c9e45c8a7abb6fd47abbe33308b5f0ffc4bb4153e8f6941bcff6df3977848f7874408b9677b0fe078b5cc6bf8cfac265b2af7069e27c89bebdc324b2cf,CLEAR,DAYLIGHT,DRY,FAILING TO YIELD RIGHT-OF-WAY,2.0,47.5,2.0,2.0
0cab5d94e8458e7d4b62a27d668fac4ef757c0f03a423b9b740633d1db1ccd3b06dfea98a720966643dd7382f3384ed2d42ec26a272458dd3b2e3d00cb76b34c,CLEAR,DAYLIGHT,WET,DISREGARDING TRAFFIC SIGNALS,2.0,66.0,2.0,2.0
0cab6758434c68ebad296fbc6dd10c809705352ada7b6560ba118853384c167fd1cc65f16fe1bc6994c2d960fcaf8bb1703cb720570127d46a9b3e37ab6bed62,CLEAR,DAYLIGHT,DRY,IMPROPER OVERTAKING/PASSING,2.0,91.0,2.0,2.0
0cab7d4f64e5a68ef12a41791474305097cf275f3d756258770471d8b43ff92d694b81a1375df6bd5a8b831e203a94fe18c5579c533d2f56785d7ec8cd8c9cbd,CLEAR,DUSK,DRY,IMPROPER TURNING/NO SIGNAL,1.0,62.0,1.0,1.0
0cab80fe7aa3de3bec8dcd4a119204ff039a0f8ffe319ddb3a3117a3b0d6adf662825e93e9b5883f74ecf92bb73ad1c87ef031d2747dd459760868879e73069b,RAIN,DAYLIGHT,WET,FOLLOWING TOO CLOSELY,2.0,75.0,2.0,2.0
0cab98b9928fff091eeeb69c3a2ec3e6f3efe9c1f431d1b836f8c9a783a5ea8f9c799f5d0696a508c94aca8c767bf62f748677b24b3183133005523d7981c766,CLEAR,DAYLIGHT,DRY,FAILING TO YIELD RIGHT-OF-WAY,2.0,48.0,2.0,2.0
0cabd8bbec4a6a9e99bc733997bfd6b8890355453d978490f94505c8ed53d92cb918721255a73b7f8645b49facc12876a034349f7c818dce381b4a209d04ca62,CLEAR,DAYLIGHT,DRY,DRIVING ON WRONG SIDE/WRONG WAY,2.0,37.5,1.0,1.0
0cabe0dd86a537bb6afad2e22fe0dbfe3e487de1036bb4b97ca6da1fa02b32707cf9465e44aa9232e0aa012113a044f49ac1cac0bfa330155e233e44340e5e86,CLEAR,DUSK,DRY,IMPROPER TURNING/NO SIGNAL,2.0,58.666666666666664,3.0,3.0
0cabe88f51fcf3891d8986311f069723700a4f25964243020e21495afc89f2600fa238d2dec9acbc914c6d9043828f2c21c292fd1e954a27d3b264b9eb4866ad,RAIN,DARKNESS,WET,DISREGARDING STOP SIGN,2.0,33.0,2.0,2.0
0cabf7edd652219b459d66f4419c1efd15e18586518b03be32fe3fb1812ba06067db57376d13933cb7d499880a2f012149c24624fc3f9b288d2924c95ce86ac1,CLEAR,DAYLIGHT,UNKNOWN,IMPROPER OVERTAKING/PASSING,2.0,46.0,1.0,1.0
0cac42ea4f11bef344637939330ac739f018d69b3d6fa0b526d4eb89bfbebece0be7ffd78866430fe3049770cfa597e27d076c621859cd266849c6326a985a2a,CLEAR,DAYLIGHT,DRY,FAILING TO REDUCE SPEED TO AVOID CRASH,1.0,27.0,1.0,1.0
0cac6c0a61df9c5fcb4bf1a7959d69db484e36a31186300fa8c60f74220269b5d36b1fcb54e7a05c7934894a6d1f9f3f7059b14f961b1e8729f68dcbc71fa35b,CLEAR,DAYLIGHT,DRY,EXCEEDING AUTHORIZED SPEED LIMIT,2.0,23.5,2.0,2.0
0cac88db906385de3f310a97abd782528b2f835d345cc4ac01c4dcdfe7b528b55385120afd552791209ac3dc6095d2314c535c9f3f9a03f820f15b287eab39f2,CLEAR,DAYLIGHT,DRY,IMPROPER OVERTAKING/PASSING,2.0,24.0,2.0,2.0
0cacaeda720009bcd33c29b694a7134753a38b92eba3b7f92328ca6acb7ac9b493bec087bdddbc61697cf5f84c100e13a3387f493ece728a2a224e857ed05540,CLEAR,DAWN,SNOW OR SLUSH,FAILING TO YIELD RIGHT-OF-WAY,2.0,34.0,2.0,2.0
0cacccafd0addf060413e86c30967fbd94bb7b9de0e03e0d285b7af8dd701009f16b3a19ee6226d2d631797545a3b1dc32e72668c0a3a1d791df5ed94a3dff72,CLEAR,DAYLIGHT,DRY,FOLLOWING TOO CLOSELY,2.0,22.0,2.0,2.0
0cacf4db1c66c0935cf47d1984b9ab1460a29ffdb3a20297a1912bee0387220583eb130b5ad6250cdc53b6928ca49bcf9d0f25debea22924d0fc257ef84f8f7b,CLEAR,"DARKNESS, LIGHTED ROAD",DRY,FOLLOWING TOO CLOSELY,2.0,29.0,2.0,2.0
0cad19a96fcb18425b71131546e974acb55c8ac0ab834f8ec4f6e481c7a2821ec57520c1d36d9adafbfb0b9436169c62952fa6fab6ab4c47796160ba4f802b67,CLEAR,DAYLIGHT,DRY,DISTRACTION - FROM OUTSIDE VEHICLE,2.0,35.0,1.0,1.0
0cad31389383c023e89e26428f7b70ef12c92e247e7bbb743c360d93b43e350f5b45bd77c9a23df55f00260c7fcb4ee6e16bdbfec256c35e4bf234438deeb059,CLEAR,DAYLIGHT,DRY,IMPROPER LANE USAGE,2.0,49.0,2.0,2.0
0cad357a1630238e2cae4799b825038ac30ee68a9e2f020fbdbd8609498528da67286ddacc4bf7879e9500a3c22162eefed1a12d030d3111ba4a49d650d4b7fb,SNOW,DAYLIGHT,SNOW OR SLUSH,FOLLOWING TOO CLOSELY,2.0,61.0,2.0,2.0
0cad8e1082996e64ab0b937e82e60c010f5c8fb188f6c9c22c1f731b3061057b71c6caa53dac41115fbdb6cad19fa755e5004de40532951d0b0caf4736d6e436,CLEAR,"DARKNESS, LIGHTED ROAD",DRY,EQUIPMENT - VEHICLE CONDITION,2.0,25.0,1.0,1.0
0cadc2dc621e7dd7a9233e1c37d1c319ea04a788145bb1bd398ca0fa08933be72189847908ae49ae55586a2c7e829a2f090d59d1b914711ae0357d648c06f214,CLEAR,DAYLIGHT,DRY,IMPROPER LANE USAGE,2.0,29.0,4.0,4.0
0cadc3cbbf6f773e8778a60b6cca0b10b8dc90249dbc14ffcb04fed7223b4484a4f3672ca013828d3c58be29970178be5fa64ee2df8377301e96426fbb81c37f,SNOW,"DARKNESS, LIGHTED ROAD",SNOW OR SLUSH,DRIVING SKILLS/KNOWLEDGE/EXPERIENCE,2.0,51.5,2.0,2.0
0cadd32a5ee1c2fad0de1c81792862a8dbcab00cde3502c18cdcddcd9a2e24c8cae917a6c3494bba0d9e679214180290a3572d6973b3c3cf2271f2f0b3e7f3fd,CLEAR,DAYLIGHT,DRY,IMPROPER LANE USAGE,2.0,20.0,3.0,3.0
0cade1ba33b135869a20ead204133649c51b5a71a89002ecc5338305abb1875e3990de1c3e0c04dd9d973df78cc1a663ae7f0f1e88aa8bb294d8c342f732e466,CLEAR,DAYLIGHT,DRY,FAILING TO REDUCE SPEED TO AVOID CRASH,2.0,46.0,2.0,2.0
0cadf773d481b018538859e18fb27137da41b9b70b2139f06c95ed7db297201f56227bd49cf908ae8a9a8323907ad4763cdc5591385b2ab8bd15947b0de30c39,CLEAR,DAYLIGHT,WET,FOLLOWING TOO CLOSELY,3.0,58.0,3.0,3.0
0cae5adf3423d53529f3d806e9798b1007b233debd6fff96b6ab0c5d51d94f50290eb678976b4df24b8deb31231978e0d2d08ad2b9400c1ea6a949fe4e398f6b,RAIN,"DARKNESS, LIGHTED ROAD",WET,FOLLOWING TOO CLOSELY,2.0,27.5,2.0,2.0
0cae7513cbc4bfe905996388279bee8cabf9476c17d13a19b9bd74445b573669dbe6b3e0a5dc48774de71205c713ed017c1f84664a9b52da9fe324d9ef199c69,CLEAR,DAYLIGHT,DRY,IMPROPER OVERTAKING/PASSING,2.0,62.0,5.0,5.0
0cae8c41f7aae69e7a2fa82f7ec6e2a0bd59f5130558f2c0da0898b32d2cd8f5e61d00f1a88f42bb01af224eac1a4d5863b5482120dc628e94f8c9ab7f2c8375,CLEAR,DAYLIGHT,DRY,FAILING TO YIELD RIGHT-OF-WAY,2.0,41.5,2.0,2.0
0cae9baed23e3663a78dd87db4b1c76a2f08b5241ddbf1627a2e607ad5a61115d3a8f9d418483ee81ee2756f6df1a03eca8957fde9ec765319932239e79c58ea,CLEAR,"DARKNESS, LIGHTED ROAD",DRY,IMPROPER OVERTAKING/PASSING,2.0,55.0,2.0,2.0
0caeaa672318980074ab2a3def0dbe716dd0cacc69f1e069b9c2206be4ffc1b9cdf325843e207d01d7d334e52b09f07053d07dd1191a67d65d77503caeecef11,CLEAR,"DARKNESS, LIGHTED ROAD",DRY,"VISION OBSCURED (SIGNS, TREE LIMBS, BUILDINGS, ETC.)",2.0,34.4,5.0,5.0
0caef381d8c92019bfddb9ec01223a9ca319502155d1add13eee3e559fdae9455eaf738328b4e5f9381d9d6b8a66d2b0a9dcf3b37817c13adedb58766814d917,CLEAR,DAYLIGHT,UNKNOWN,FAILING TO YIELD RIGHT-OF-WAY,2.0,61.0,2.0,2.0
0caef92ec577448a9982920106044acf6b252ff36679232c515f3054f56916819a71a64ba47407c73598495e1144631901b4dc299e18d46125dcc811e219e826,CLEAR,DAYLIGHT,DRY,IMPROPER LANE USAGE,2.0,52.0,2.0,2.0
0caf030c4dc5dab3abb058620083117c6ab94823f5194b37a42431459a9cf0e0fcda7d8ef4760119963555790682bdc12b072f36868e5c43b81052120a7d7a45,CLEAR,DAYLIGHT,DRY,FOLLOWING TOO CLOSELY,2.0,76.0,2.0,2.0
0caf0810b6bb8e266540e03bb973c936b97e74e29a5b268f8a1d08c49bf57447e632ce3f33a0d79bd3b5c00372539461a857106105db410de14d1c899079c4ec,CLEAR,DAYLIGHT,DRY,FAILING TO REDUCE SPEED TO AVOID CRASH,2.0,42.0,1.0,1.0
0caf0bb82cf765dc7e06fb14808acc76ec40d06679aa728c68a02c5a0ad6863b9f49368080ec259145e72ec5c02ea02cd22bb9b294c1e91fb55a97130870bad6,RAIN,DAYLIGHT,WET,WEATHER,2.0,52.5,2.0,2.0
0caf284fd894ebf46be309a4dea08f7ea0e6f8b11b983e730328a335b7129c73bbe1357b131e49b76a3db4e27513e597c911673b05e11c34471a7f45aaf3d86a,CLEAR,DAYLIGHT,DRY,FAILING TO REDUCE SPEED TO AVOID CRASH,2.0,29.0,2.0,2.0
0caf28c689bf2cf74b7784081579b1ad23c44fbd8954ef5786902d8f7bbb46c830f53f8fb9098e65e416c35f9bc9881b2d40c0a7013d9a3da2e4bbdffedd84f5,CLOUDY/OVERCAST,DAYLIGHT,DRY,IMPROPER OVERTAKING/PASSING,2.0,28.0,2.0,2.0
0caf2c9f9a9717fbfc43694a0944c1b66b82b60d95097deca430ac37bc511307bbc9d673eff8991d27a78c64fc299ec7e932535c8b514bacad646417727c8191,CLEAR,"DARKNESS, LIGHTED ROAD",DRY,UNDER THE INFLUENCE OF ALCOHOL/DRUGS (USE WHEN ARREST IS EFFECTED),3.0,24.0,1.0,1.0
0caf5d55d50a8cdd2ceed81da2b0cacd56f07f10ffbd4ebc7acb6664c54a700eac965d4f52e057d08509d1890fe9b6c73bafe761c6f7c88fc539d7365df961a7,CLEAR,"DARKNESS, LIGHTED ROAD",DRY,FOLLOWING TOO CLOSELY,2.0,33.0,2.0,2.0
0caf91a80f187bbdc79296a9d60f38053cedd1cc68b9acaa1df3f78a97f3e09c63108d513610aa9859180fc1b52809e3eb533463613f97e867ef20332ca0693b,CLEAR,DAYLIGHT,DRY,IMPROPER OVERTAKING/PASSING,2.0,69.0,3.0,3.0
0cafa9cf2a44f4d63eb4dd6191ea164797fe1bb3e2520ce2d4351f9188ddbe8151d5b01f1f650d0f9013700896bcbbd87c0de31d2596944e6addd1a2adc2bd1b,CLEAR,DAYLIGHT,DRY,FAILING TO YIELD RIGHT-OF-WAY,2.0,14.0,3.0,3.0
0cafe8753d0c492311563009f8dd39a51b1a6aae95590cb3f4937bb145e58918a6862726f52773753a7c548db9dc8e8a2899a167abd59d79023c3092c4b540c5,CLEAR,DAYLIGHT,DRY,FAILING TO YIELD RIGHT-OF-WAY,2.0,32.5,2.0,2.0
0caff55802defea26ece52ecfde943606abf5d19d2b437c6a59fd8ce1398642e36ba2349962db6dde7cc7af02fe96d5e2a9380a013fcf1e7f0b5518983803412,CLEAR,"DARKNESS, LIGHTED ROAD",DRY,FAILING TO YIELD RIGHT-OF-WAY,2.0,31.666666666666668,3.0,3.0
0caffb95d2189375a08a11072ad504f2264272644b8f312c3f8b2d230b27aac0002f2b74112c3ce636cdb4bbbe50caa05d1591af4d74768aed357515d350af59,CLEAR,DAYLIGHT,DRY,FAILING TO YIELD RIGHT-OF-WAY,2.0,48.5,2.0,2.0
0cb0120cf0e0c745eee432da5d3b771372063f5f6d306c62f46dfc8e7f0cc84754a3081db20ad303a75e9f3715675722521aaf22060bf094d10ccb92fca234ce,SNOW,DAYLIGHT,SNOW OR SLUSH,FOLLOWING TOO CLOSELY,2.0,29.0,2.0,2.0
0cb040e012e4701d5286d1224c82206d4e18c0db01d9c27198467fa4b65fe02fbe1216cb81fa7422f4dec75575dc33714b7eec05e20833d95a5573e2e9c33489,CLEAR,DAYLIGHT,DRY,FAILING TO YIELD RIGHT-OF-WAY,2.0,29.0,2.0,2.0
0cb06c8bb574678f1e35b28e0cfb7fb330c83e6b5987ff724f88c7de45349c70ed02f674fd982e64b27af2aa0512d6292be6823267aa27691b79907b4ac6de74,CLEAR,DAYLIGHT,DRY,FAILING TO YIELD RIGHT-OF-WAY,1.0,44.0,2.0,2.0
0cb07cf0d5c2907962163552453fe5888e4e39527285e6c8fbcf9895cfb23b0b94e73f2344aa3ae38c2d53128013ab1055b1255bccddf1df944c9d067dfe2859,UNKNOWN,DARKNESS,UNKNOWN,IMPROPER BACKING,2.0,30.0,4.0,4.0
0cb07ea06ff6f2a6de517974ca89001b5d311478c7c146af16f6812821d4789c8488bbbf1d279677a80c6477e0a1bad382fd181668f363d81cb4635dceca8d80,CLEAR,DAYLIGHT,DRY,FOLLOWING TOO CLOSELY,1.0,30.0,2.0,2.0
0cb089144cf837e47821f96b9d2e62aa0e8dce7f8d22ecfea7c0a2b4e533ebb2a8ff4ca193b9c7ef86f64249659dbfe59c29d513efdccee03768509e19b99a49,CLEAR,DAYLIGHT,DRY,FOLLOWING TOO CLOSELY,2.0,25.5,2.0,2.0
0cb099aa12df93a39044bd0cf86d1818e1509586ccbc97eeef1f2dd8da243747ab16d56d318979daf11cb0d720918c8338aa968e57a8db07f748de449869a79f,CLEAR,DAYLIGHT,DRY,FOLLOWING TOO CLOSELY,2.0,58.0,3.0,3.0
0cb09f09070b9b5d4eff409d00f9fddc528b3450a5218adb5c7d5609b95f97ad3181b2d1a3ab58418fbd487d0e607ffb27c8b84b4fab3cc2e8b74ed2fd8853cf,CLEAR,DUSK,DRY,IMPROPER BACKING,2.0,64.0,2.0,2.0
0cb0a508c1d915b8f5bc07efccf8ced12276b8ceb3db8e4d36873b13bedbe4ea8a6276d3f8d3aa485afe8aa79cedeb44fea4e6cbdf5562c9c3c5091ab1952b2a,CLEAR,DAYLIGHT,DRY,IMPROPER LANE USAGE,1.0,36.5,2.0,2.0
0cb0c1a70a31e969564d738c63edb10da98493783b29e810ab9a0415b904bd8357b2dbf0f6563e255f10a5d49d1ca23c982a5a85dbe1132fe77e877b64232007,CLEAR,DUSK,DRY,ROAD ENGINEERING/SURFACE/MARKING DEFECTS,1.0,27.0,1.0,1.0
0cb0ffe3d1a89b3cfceed6f94d55c968401e1ecff1380c0da66f2be1315ce4887ae1abbf93a287828dd0c4ab0648df31500eddecd141255b71916b59f08c30d8,CLEAR,DAYLIGHT,DRY,ROAD CONSTRUCTION/MAINTENANCE,2.0,44.5,4.0,4.0
0cb100f5fcf271d8ab0e3ecdee54e8c5c672c3bc52f39a6c0c118e092189b13f42e372a4192454a8fa95926f0978860c5db44e6f2fb7b55bba97a79c25a13f3a,CLEAR,DAYLIGHT,DRY,DRIVING SKILLS/KNOWLEDGE/EXPERIENCE,2.0,63.0,2.0,2.0
0cb1066101029ab39755986b5562f6aa3c3bf685a104f8237e956ebc5581271182e5e018ec31288b2eaee220dc6b73fc719992b6a36fcfa7c2a91f64ca7829a7,CLOUDY/OVERCAST,DAYLIGHT,DRY,IMPROPER LANE USAGE,2.0,22.0,7.0,7.0
0cb10b614728d0cb91d3fad7f3acffdcb2bb674dd6e12cfccb0c22cad6f471948a084168fc618f88f7f82f1b3240c62efebf85ef205cc08952a29b1dd20a4db2,CLEAR,DAYLIGHT,DRY,DISREGARDING TRAFFIC SIGNALS,2.0,41.5,2.0,2.0
0cb1267e780f532b1474639c4720935eba89faecee6404cb3f4697573ec38d667f1ce0facd4b7de5fb767887f7ca9a8e722ae1c8aa61100cc2caf2bae67ced28,CLEAR,"DARKNESS, LIGHTED ROAD",DRY,IMPROPER LANE USAGE,2.0,23.0,3.0,3.0
0cb129caaac4898bc0b46de94f7ed488576b0532c795bf5002d966ba292e5d9eed296cd71000a644d0cb6783972e8ae51e6628b1d5afdfed3c9ebc1a518d2063,CLEAR,DAYLIGHT,DRY,DRIVING ON WRONG SIDE/WRONG WAY,3.0,42.5,3.0,3.0
0cb1398f733db04ba5851186c37db3d20146ada6610c8c5cb47116d0f0b21e2d3e9709b703ed4e499959f1c554fcc75ca6a4c1fffb56dab7bce0e605288673ac,CLEAR,DAYLIGHT,ICE,FAILING TO YIELD RIGHT-OF-WAY,2.0,18.666666666666668,5.0,5.0
0cb16f67176cb666298f646ce22f26706b4e14b5e911bf4111c24730019b84e8449c214631d6c648219e19b03de726b0f3e19a4f972eb254ad35565898b506da,RAIN,DAYLIGHT,WET,FAILING TO YIELD RIGHT-OF-WAY,2.0,39.0,2.0,2.0
0cb1b476bc14b1cccaf4d86912a78824f9f8485803f982af362746919631553f3565bd8218ee97406cea9a4ea715ff72d29fd4d513963ae33b32e4b92f0aef04,CLEAR,DARKNESS,DRY,FOLLOWING TOO CLOSELY,2.0,25.5,2.0,2.0
0cb1cdd6d93fc4fc602b21bbcc19b5479fab1620c208aac8c9071ef5103688c8413225731b1e72500610f91f99fd76b470bba3108bc4083a6e880b72b0919e3f,UNKNOWN,DAYLIGHT,UNKNOWN,FAILING TO REDUCE SPEED TO AVOID CRASH,2.0,37.5,1.0,1.0
0cb1d16acaee368b014ee8c56e4366526736643ba572c8a616f0e83148386d534a28b17cf2eb27ab8a9db5a94a54bd5bd2235d7eb80a89bcee8462c340697cdb,SNOW,DUSK,SNOW OR SLUSH,IMPROPER TURNING/NO SIGNAL,2.0,42.5,2.0,2.0
0cb23062aca1adf812ace10556fa072d9a91478c8e939fb289663d10d535a51b96e53ea5e7e2954703009d91eed85fc412444759198e9a59cacf354b2fb81e9d,CLEAR,DAYLIGHT,UNKNOWN,FOLLOWING TOO CLOSELY,2.0,81.0,2.0,2.0
0cb2320937230e694b1e43a236e9dd2ec5f27ffb63ecde16fad4b9a7d555932aa7add19d9f6d62fd3d326fb13cc1ba62360b2de77f9001dec263b257b5688e2d,CLOUDY/OVERCAST,DAYLIGHT,SNOW OR SLUSH,WEATHER,2.0,22.5,2.0,2.0
0cb241a3b2df2f0295e0cdaba58d5ab7353413b745a2e22e09c71545a49cfdab656fb7ef47041fc5f46d0ae490d6c804d8470a136299fe9f5c15b0bd17bd2c2c,CLEAR,DAYLIGHT,DRY,FOLLOWING TOO CLOSELY,2.0,21.0,2.0,2.0
0cb2542dd26a25be67032002b16f87970b2336eaf654fd4a389f4184b5d9c04b2066695178c2a5f5f8b3c191e416d5d3a0e3619c6d39d29d575bb87fa314122b,CLEAR,"DARKNESS, LIGHTED ROAD",DRY,IMPROPER LANE USAGE,2.0,36.5,2.0,2.0
0cb273315579b9ec8342b334821b4f143c715adb0a46fa866dd72d5a247045119aeeefb498c7daf6531051aa919926273f44378744534c32e63cda8cdd7dd958,CLEAR,DAYLIGHT,DRY,FOLLOWING TOO CLOSELY,2.0,23.0,2.0,2.0
0cb28e2d0c1f987ff09c0865cacec025c17e7df9b8d75ca95a5ce04f5b8f6d9dfc522f3cc816df4469df04d66579134fc5b1b7900cc251ad24eb2e547e878d29,CLEAR,DAYLIGHT,DRY,FOLLOWING TOO CLOSELY,2.0,32.0,2.0,2.0
0cb2a45ff5a4e30db6ee68cd16dc7851bc83a69ff60b4d24b92e14895fefd2e5d67d643bf47b0cdd76c308fc0c17edfaee81b9befb087735a36235c4d7be1ba1,CLEAR,DAYLIGHT,DRY,FOLLOWING TOO CLOSELY,3.0,52.0,4.0,4.0
0cb2b39c9e694ed619736a04a2c9dc2008ed85e723528b931f6a1452cef522cb2dd2b805e10983946a580025e98a0c91e90929463bf6c70f80b51dc8aa3e5cef,CLEAR,DAYLIGHT,DRY,IMPROPER TURNING/NO SIGNAL,2.0,21.25,5.0,5.0
0cb2dda7e62c33428003a8d0033cb6cfedbf409a0acbdc877a610388460408f6c935495f2058d30eb7d4f1f1e415b810d4a6813918ca7e08e76cddd3e61e93e8,CLEAR,DAYLIGHT,DRY,IMPROPER OVERTAKING/PASSING,2.0,63.0,2.0,2.0
0cb2ebc544a2120b661c7defaafabb238c8bff68a854e860af1d8075623ea033c764f2cfe1042a933ce7b2b49e34bd8eda95d5b0dae5bcc9da45f04accebaf42,CLEAR,DAYLIGHT,DRY,FOLLOWING TOO CLOSELY,2.0,23.25,5.0,5.0
0cb2ec03c557370c57aacbecf9219e1c6a83b15c7c250311190336001ff53d21a54c46ec5da1389639e798a27c841b163464e16f428f3ac3b6edc8aa66297b02,CLEAR,DAYLIGHT,DRY,IMPROPER OVERTAKING/PASSING,2.0,25.0,5.0,5.0
0cb30ef6312a81c49b0cee006732b0ecfc1feb7237a1555c8ec6be4f72461b8684fb027df15cd7d3645b9d13c1d3dec05b27ab152a8b370b8af44c1a8c2abd0c,CLEAR,"DARKNESS, LIGHTED ROAD",DRY,DISREGARDING TRAFFIC SIGNALS,2.0,36.0,2.0,2.0
0cb3195bac3eda99abf4e91fbedd654b689ab913ae84c3aaa9c4fd5ccca676de703af28fdd3f74ea339ae12a4abf8c4795a2d5e8222f65c0a7347996c51102a4,CLEAR,DAYLIGHT,DRY,FOLLOWING TOO CLOSELY,2.0,36.0,2.0,2.0
0cb353cc377bcb3961121f135880a0e79801fefc9377d4a32a115d1d1e2d7beb93301b06714615016345d7372044601d35471e60b042f3e7ee68eeb8a8156486,CLEAR,DAYLIGHT,DRY,FOLLOWING TOO CLOSELY,2.0,24.0,2.0,2.0
0cb361fd317526686d6b76ae262d9932be3ade29205b3e09ab42ca4d2ca8410df792be759abe5920aa1181e7a09d1d6e1178b183d789af295e3aa7cb051ef1ef,CLEAR,DAYLIGHT,DRY,FAILING TO YIELD RIGHT-OF-WAY,2.0,39.0,2.0,2.0
0cb39b24d784412118e71fba68629e98c7db3a376793aa51b04622c1cefd3c47d0600ef49411f5143b972a078956abb42a6edb13f4f7962040c6adfdc86d1939,CLEAR,DAYLIGHT,DRY,FOLLOWING TOO CLOSELY,2.0,45.666666666666664,3.0,3.0
0cb3ed56a8c13bab1005b0559d96d11e3e397b8dcd50257151bbfd60f791186a2d3c9a49734ddc8d100c3e7f98499b0b0967f8f46545a1dd78f952f84ab3aa7e,CLEAR,DAYLIGHT,DRY,FAILING TO REDUCE SPEED TO AVOID CRASH,2.0,37.0,2.0,2.0
0cb3f68f4b121ebe569eba2fd0f8c4c341bc4a9f98a49bed2217453546b9328dbded660388a6f615737a4bb5228a00c894169f92b615f1baab182fec8cb8611a,CLEAR,"DARKNESS, LIGHTED ROAD",DRY,FOLLOWING TOO CLOSELY,3.0,42.0,3.0,3.0
0cb43deb6a9216321c7791ed37d9cb534a6c8fc0d4064795a93d44887527effcecc4c7e91718216fb1e132b78459b9bbbc026549db233a1d16df44011c8aa5d6,CLEAR,"DARKNESS, LIGHTED ROAD",DRY,"OPERATING VEHICLE IN ERRATIC, RECKLESS, CARELESS, NEGLIGENT OR AGGRESSIVE MANNER",1.0,22.0,2.0,2.0