crash_record_id,weather_condition,lighting_condition,roadway_surface_cond,prim_contributory_cause,total_vehicles,avg_driver_age,total_people,total_injured
0cb446fedc7dda235ae985990efba26a1b231af6a7d92f4d2f0d9e4c09fbe652ee5f75e71757256179a33d817b0c28028e0b3c9916defc033d33da4991ea190c,CLEAR,DAYLIGHT,DRY,DRIVING SKILLS/KNOWLEDGE/EXPERIENCE,2.0,49.0,6.0,6.0
0cb44703f0a12428c61b53130edd48196cea06751098b4d115fbb67be6f191d71664e8783b998458557781c7f666bc2bc7f37a1a2ca0001d2a422ef57b4e56ca,CLEAR,DAYLIGHT,DRY,IMPROPER LANE USAGE,2.0,41.0,2.0,2.0
0cb454ebf114c4302086f54b2894f38f3b2cfd0efef08c69b0747763e3f7ea606845764735222844796dcfbe3cdc56194da42948e6ddadf4badb262f25777668,CLEAR,"DARKNESS, LIGHTED ROAD",UNKNOWN,IMPROPER BACKING,2.0,37.5,1.0,1.0
0cb467f4cda954f2a231e410e1dc61110a51d668c4de416fcf141cdfe54dc5fd70258204c853d9b0857f15df1e9d99e6ee059c3ecf26ed4536f08c9063ffbed8,CLEAR,DAWN,DRY,IMPROPER TURNING/NO SIGNAL,2.0,59.0,2.0,2.0
0cb4819929c37811148f04788a214b55a04771e08fdc4a2f79e81ee6fd71c44de285ef9aa336680607f9fbfb7a75fce9f6078face1d4a0d1328859e32a741866,CLEAR,DAYLIGHT,DRY,IMPROPER OVERTAKING/PASSING,2.0,34.0,2.0,2.0
0cb48fb57a26f8290f700843f8e38a48e18b750bb65ca8dd8569b74e97072c35a03810928c28d6637d11941e3e38a8ae064fde169e2576db7fe4cdb43868ee2a,CLEAR,DAYLIGHT,DRY,IMPROPER BACKING,2.0,59.0,2.0,2.0
0cb4ad287e8b01204b4d2c5708870e2f301076904be59c4940c8ec74daa3be4a93efabe81ad1baa525e9555c6a9d6705ec10d9c2a1674569c071ea769540c9e1,RAIN,"DARKNESS, LIGHTED ROAD",WET,FOLLOWING TOO CLOSELY,2.0,27.666666666666668,3.0,3.0
0cb4ad6c2468950834a8dd75912112b0501a7bbac11dc859bcd3ccd264a790d7af68c52d752514d31a2e3a55ba817e7c445e8e166ed90984de3e585e2ae7eaf0,CLEAR,DAYLIGHT,DRY,IMPROPER TURNING/NO SIGNAL,2.0,46.0,2.0,2.0
0cb4bbff44125f4321d1cdd4036bdca7ba2fda5f443f8214044ba57d0dc7634f6ef0059101ca63b31ccc7dad3cf37b690b804485a6464d525bd6735b8b30daef,CLEAR,DAYLIGHT,DRY,IMPROPER OVERTAKING/PASSING,2.0,41.666666666666664,3.0,3.0
0cb4c5c53de820bda7b695b3500e83ad288de5d623c899191dae9842e533c4a80006b10e3c56d9093caabe89ea275acafce5c81031004b55eff388ee49852203,CLEAR,DAYLIGHT,DRY,IMPROPER LANE USAGE,2.0,33.0,2.0,2.0
0cb4dc0944923b9d135c908a993784894ec90827cf07bf037702a5de9c6817fb169219ea97612050cdf69db308494c66b1e4f3ff2d454cc22585a25179b1276f,CLEAR,"DARKNESS, LIGHTED ROAD",DRY,DRIVING SKILLS/KNOWLEDGE/EXPERIENCE,2.0,37.0,2.0,2.0
0cb4e3772f3288714827a28ab0bcae95b6050e76cd0bfb7f08d4d9dc401d11fe9569c3050ecdca18a9bbdf3ee8fe6fc816538f1a313ea5939eb4247116b1458c,CLEAR,DAYLIGHT,DRY,"OPERATING VEHICLE IN ERRATIC, RECKLESS, CARELESS, NEGLIGENT OR AGGRESSIVE MANNER",2.0,85.0,2.0,2.0
0cb502f69e8ce3f39484c68b6a5c40f39a4fdb3f666b25d7d2952ae0b6a5597e458f0571dcad85e6c040ba0e7a62315c79c6567ec05caab206aa28a0c83a1cd4,CLEAR,DAYLIGHT,DRY,IMPROPER BACKING,2.0,49.0,2.0,2.0
0cb510ebf2caa27be69f473d8b667b9a6617b0ac725411471895195d7a2c4d8a62c20afef7228fb722a6125f122f0a7632dcf16761998fa9fe1e25c4878494ce,CLEAR,DAYLIGHT,WET,FAILING TO REDUCE SPEED TO AVOID CRASH,3.0,34.5,4.0,4.0
0cb542c35cd58451ac15cd04b34397bd747e66f942db9fdbe7397e5aae57a7b6aa93c83beb4ac683c84231f66c95a11b8ec79057265b472ab915ffebffc6a2af,SNOW,DAYLIGHT,WET,FAILING TO YIELD RIGHT-OF-WAY,2.0,40.0,2.0,2.0
0cb544c3377b16fec43bc6b29dc3919fde2d7bf342b7b5f4f6bdce43c031be421a119d154235f28a38af6a821b3137359c20ab2e4078dd788aa41ae117f26235,CLEAR,DAYLIGHT,DRY,DISTRACTION - FROM OUTSIDE VEHICLE,1.0,20.0,1.0,1.0
0cb575c3bc36619ff372e5c94e255fcf8bd8a68b4468cc358e8f946742960ce1bb78e15c1a880d55ef52374dddaf00e75513f0e60109d8ffcd93cfd88d31bdb6,CLEAR,DAYLIGHT,DRY,FOLLOWING TOO CLOSELY,2.0,73.0,2.0,2.0
0cb5995cd90e403afed4ae7130e10020905e09731bfd28f1e1bd34a9413b847f3ee40d21b859b49013cdabf0c3b665afdf9ed7a2bf82af0b9adec3d88e26d5ec,CLEAR,DAYLIGHT,DRY,FAILING TO YIELD RIGHT-OF-WAY,2.0,43.666666666666664,3.0,3.0
0cb59e13fdacd350534aab2e2c0e28ccd2c9528996e8da1a79dee860385322f0a2d876ca816575ef9bf3c2ea03a95766bfe338556686fb3249a545be3f47a70d,CLEAR,DAYLIGHT,DRY,IMPROPER BACKING,2.0,42.5,2.0,2.0
0cb5ab9d50d447af058a017940345fb8cd3aff8fc756079e9a74fae9397c0101664d8c8b3e013db3ceeab8cf197d9329534dff3c80f5df56356392c06c1d8f65,CLEAR,"DARKNESS, LIGHTED ROAD",DRY,EQUIPMENT - VEHICLE CONDITION,2.0,30.0,1.0,1.0
0cb5c88ba29440fb03e34954e631fabf2ba0d1936f3750c6a8b9d4baffb9fcfb4c09592e47825c9b04b60e24ae26bca4ec05ee43d0e0465030d63897562df966,CLOUDY/OVERCAST,"DARKNESS, LIGHTED ROAD",WET,"OPERATING VEHICLE IN ERRATIC, RECKLESS, CARELESS, NEGLIGENT OR AGGRESSIVE MANNER",1.0,26.5,4.0,4.0
0cb5c9f9f8a8e893ee8713822b48490c0b9ff97ccf3bcc7f0865d4a5a1e4a582fdd8b279582255229ca5bede8529c7475dda099472a3fb95f3970ed945f9dda0,CLEAR,DAYLIGHT,DRY,FAILING TO YIELD RIGHT-OF-WAY,1.0,28.0,2.0,2.0
0cb5d0702b9d61f527f81c3727e1535dda1c4393ee60af84b9783fde14471ab66a05062ddb8bcabe998b68e617703349e26a9c4038bbec9d6c2d57a963fd4465,RAIN,DAYLIGHT,WET,EQUIPMENT - VEHICLE CONDITION,1.0,29.0,1.0,1.0
0cb5d15c2560629f5b1904dbd8ecb3c514e69a555b216772e58e776cc8155a2f228f8b6db1e075b6ea4196414e54bac871f04ea87a1b236ed378ac8bb4770737,CLEAR,DAYLIGHT,DRY,DISTRACTION - FROM INSIDE VEHICLE,2.0,30.333333333333332,3.0,3.0
0cb5ec8a61eb2fa5f5c09abe9eae4314cd4e9e0f6caf65b53ca2b1ef525a32aaccfd48d5e4c97127420e7fd918b8d324676505c9c64bf8299a5bd3a7386f898f,CLEAR,DAYLIGHT,DRY,FOLLOWING TOO CLOSELY,2.0,52.0,2.0,2.0
0cb6453ed862eef6675f77b92b6ca9dfd093f036354ddfe20424be8f2b1eeeaa4a9704cd2e902bc49e615ecf9fec2e67767a12fae3854cabcc2e4c054a794406,CLEAR,"DARKNESS, LIGHTED ROAD",UNKNOWN,FAILING TO REDUCE SPEED TO AVOID CRASH,2.0,29.0,2.0,2.0
0cb6b284808d20d47ef1044e46a0523e64821569d2293b75f8ce68e9a90ab8337fedfb6bb39bfe16c276b9afb0bfc8d98b735b683150f2d60701e951fce32610,CLEAR,DAYLIGHT,DRY,FOLLOWING TOO CLOSELY,2.0,51.5,2.0,2.0
0cb6d98173b0e79c1411dead64f031fa8586890387f7eda2a8f9edc84354628f98ffdff7defdfb369a41f97d48c13301cdb59160af126d67c1d8199c0337365e,RAIN,DAYLIGHT,WET,FOLLOWING TOO CLOSELY,2.0,25.5,2.0,2.0
0cb6e984f7c5831852ef5f13e30032ae301ca514bdfa2782b28240693bf6f127c6705ee6d1d16aed21138979207abada0b3342cc83007bd1d4117a41c14205b2,UNKNOWN,"DARKNESS, LIGHTED ROAD",UNKNOWN,DISREGARDING TRAFFIC SIGNALS,2.0,41.0,2.0,2.0
0cb6f4c397bf9077dc0dd4f33fc0de8cea2bba04921dc8637979e9466c0007423f2fa94fa3c5975099e5e32bd21e7a757f2da5ea2e87baf88e50f4127ca94b22,CLEAR,DAYLIGHT,DRY,DISREGARDING TRAFFIC SIGNALS,3.0,49.333333333333336,5.0,5.0
0cb728ae307ef284c87a952e96154e3df12006c4c698559b5243de3f71b7dd0e6c4afe37ace63f1224f8d65b5ff7f7f4ef03f00cd08edfedd5c903f660eade71,CLEAR,"DARKNESS, LIGHTED ROAD",DRY,IMPROPER OVERTAKING/PASSING,2.0,43.0,2.0,2.0
0cb760091bdcbb7a08012a0690c510a2d53c9236e17666549987f49f1ba98f15594ae5ea44861f0db7f1164bf08c90fcd86711f85c221a8eaafee540b692f31c,UNKNOWN,DUSK,UNKNOWN,IMPROPER OVERTAKING/PASSING,2.0,36.5,2.0,2.0
0cb79847e154cdf46411f0ab4f2132164c8767376326651b4b708d9774feefab35f3c7ccf88a69dafcfb6aba8c0f0c25aee1d8c04b9c0312fe05ef82ea4f165f,CLEAR,"DARKNESS, LIGHTED ROAD",DRY,DISTRACTION - FROM OUTSIDE VEHICLE,2.0,47.333333333333336,3.0,3.0
0cb7b3df956030fbcf8b1d72a7473cfe2e48c9835472fbe26d2c92abf64f57dff556a7b69de501629eda2d8fc1626e95992379b13a613d497d8a906c26b0f818,CLEAR,"DARKNESS, LIGHTED ROAD",DRY,FAILING TO YIELD RIGHT-OF-WAY,1.0,23.5,2.0,2.0
0cb7cc831afc5c12c5dfd6ccf5bc148d05092fdb50a7ac868aa7642e59b87d07ba9cb6fef0d9d27fd10c8a4c3738ca2a26523013105e3e467d092546e44a5638,CLEAR,DAYLIGHT,DRY,DISREGARDING STOP SIGN,2.0,48.666666666666664,3.0,3.0
0cb7e088477f9706a99ffad4de47ab478dbcb8a7326eff3a8939101f9675ee0d9a51a71a01f01e0eed932abed58baeb58f29caca2329d104b898e344ddb95af0,RAIN,DAYLIGHT,WET,IMPROPER OVERTAKING/PASSING,2.0,32.0,1.0,1.0
0cb7fbe7d6539aced211139943843c43115973c8a166e417c402d70feb0db652e5c7c060e0ca46776cb7120bfb5fb698c546daac0296048276a1aee6c38145c8,CLEAR,DAYLIGHT,DRY,IMPROPER TURNING/NO SIGNAL,2.0,67.0,2.0,2.0
0cb7fe9ff3a996facead2c0d23b4705f81a33a4fe70f4bc4f63a14c867d1be04a9e0ae87937580638669855af6acc6fbaed9981450a513875c812959714e4a78,RAIN,DAYLIGHT,WET,DRIVING SKILLS/KNOWLEDGE/EXPERIENCE,2.0,37.0,2.0,2.0
0cb827a90d445b49d7f5bd6be646dc10ee369cd61c7a21eeafdf3131c273f57a78e7f8d9bdb09b0f1f3513a31bbbeb2207a7be82f48bf12f09269c2337a29abd,CLEAR,DAYLIGHT,DRY,IMPROPER BACKING,2.0,29.5,3.0,3.0
0cb87385afd7334f4f68302380d7710b8a5a687af4a0de2a9a531388c07c65ae38da8e462ea0d99d131bf44759643cc417c6f5f73817eecaa34aef996e802031,CLEAR,"DARKNESS, LIGHTED ROAD",DRY,FAILING TO REDUCE SPEED TO AVOID CRASH,2.0,38.0,2.0,2.0
0cb899d401297962e84dc9a60eee252e70887a6a22dec5f7bf5e12acfac4514be9eea06b446ec8c7ffc1d94654a8ffef37da34f654c30f1bd24e3b13a4f8cfce,CLEAR,DAYLIGHT,DRY,IMPROPER OVERTAKING/PASSING,2.0,82.0,2.0,2.0
0cb8ed5cdf63f0cc851ab0beb63bf7ffce2f1e441db2d4f1e03564ae6e3845beecc8e27496c9de1002b6fb5b410f191695cdd3254c53f9d9b88a5fd8b69b63f2,CLEAR,DAYLIGHT,DRY,DRIVING ON WRONG SIDE/WRONG WAY,2.0,35.333333333333336,3.0,3.0
0cb8ede1c9adc8471bd85f8529e28b519631f0900e43c7809d4018ac0bccad0b5786383bb4fda6874a9ac9f9850675454048d4c3c884a3f26f01c4eec322d006,CLEAR,"DARKNESS, LIGHTED ROAD",WET,FOLLOWING TOO CLOSELY,2.0,58.5,2.0,2.0
0cb8f2496a495d4333f2a60ad016488efbef43264347b3ca3205a8c5b0d7fc4423547bbb83ed275a59072cf291d1db22e7e325d324efe2acd78842dbd23ebcaf,CLEAR,"DARKNESS, LIGHTED ROAD",DRY,FAILING TO YIELD RIGHT-OF-WAY,2.0,25.5,6.0,6.0
0cb8f6fc0c6b36c63c4a885753fae5d6322d2f97076f7ec31d8e51ad1a6393f7264dcf5118f49a75d81e202f6a01b7db355569fd60ba3fd2be54838b2765beca,CLEAR,DAYLIGHT,DRY,IMPROPER BACKING,2.0,60.0,2.0,2.0
0cb8fccecf24106cca2dfb6c83474f49d7369d36752304b89c449795a0d7a59a65e7a645edd312e2502cbf430e5ee6e99b1de90fc2cfac94f49883bd19939ad5,CLEAR,DAYLIGHT,DRY,DRIVING SKILLS/KNOWLEDGE/EXPERIENCE,2.0,22.0,1.0,1.0
0cb94249ecb34f32a6674dd6d8ca622f28bac6d9f23f82e39fbe537792c0f88cacb0d6d6ce13697c056c29739344db3e8768bbc1403bb2be57fae15c2ea0bb75,CLEAR,DAYLIGHT,DRY,DRIVING SKILLS/KNOWLEDGE/EXPERIENCE,2.0,42.0,2.0,2.0
0cb95de2ce9d5b3f0c7c9f0caa7747b1b96c9ea0207523a28118f9aea239ba3abba85deaeae998d5371063ace73ed4796b3b517f5f2a5d9b1661bdbb3dc1e6f3,RAIN,"DARKNESS, LIGHTED ROAD",WET,FOLLOWING TOO CLOSELY,2.0,43.0,3.0,3.0
0cb95fbd468eeecd8fa4c58b3d26f3632d1ef1c1097d73c26eaa6dea67b5de6cbb0fe9c8f3375a42ca28cf4d619e86e02b3e8c018844bb85cf4ead799769f0d7,CLEAR,DAYLIGHT,DRY,IMPROPER BACKING,2.0,25.666666666666668,3.0,3.0
0cb9692c1fc0c929cc47dbd826dc1b3852fa5d71357973f0b74ca402ed481a53eab47ee04f727917fb8107e6f959d4b60f5f00308336b677479b604f9e983735,CLEAR,DAYLIGHT,DRY,IMPROPER LANE USAGE,2.0,46.5,2.0,2.0
0cb986fbda0b5dc1b406d7d2f8265b223da56b0d99b5446ab9014ae0b5a647ce8e9c95d75dc614e7bef3f404212a57be9ea3b03e84dbc204d10b53dcc537191e,RAIN,"DARKNESS, LIGHTED ROAD",WET,UNDER THE INFLUENCE OF ALCOHOL/DRUGS (USE WHEN ARREST IS EFFECTED),2.0,20.0,1.0,1.0
0cb996e4378c22f092949c7988bdffd257be4a535750d5be53cdfa67e02cfbd4b1851a8ba623fd36ede15ea17f63f04d3ca08ab4b353d68c541f1358125a4c71,CLEAR,"DARKNESS, LIGHTED ROAD",DRY,DRIVING SKILLS/KNOWLEDGE/EXPERIENCE,2.0,32.0,3.0,3.0
0cb9b10888b19eca45e05c97016f8cfee77f63d8d8e420a36e3023efd4ccc7fe96ec7ec02eea12bd380e9d97ea3980254dc4445f79b7f97f36021f963a812b90,CLEAR,DAYLIGHT,DRY,FAILING TO REDUCE SPEED TO AVOID CRASH,2.0,64.0,3.0,3.0
0cb9bdafc872d24c105586a5c5f9d50fd7f5f697be3f3c6db9114abcf3de8067e2f9b04fa36f13cc6a672675a1d793978bd47d0417daad167bea571d486d0ec4,CLEAR,"DARKNESS, LIGHTED ROAD",DRY,DISREGARDING ROAD MARKINGS,2.0,20.0,6.0,6.0
0cb9bdb04d799d23a4c123affc3cc910c22b5bd979bfcbcee92e971439c99aa0c1c3e96a255900ef6bcb86c235ac06d2829cb1a32ba49cee744681ee2d34f45b,CLEAR,DAYLIGHT,DRY,DISREGARDING OTHER TRAFFIC SIGNS,2.0,61.0,2.0,2.0
0cb9f3649cb00c0235366a10a00562c0d92522bcbba5ccae1a4ccb6a7bf40b306ca99ca4cd0172da806c5e509476778692553e2999eab6e091a147aa0dc3359a,CLEAR,"DARKNESS, LIGHTED ROAD",DRY,FAILING TO REDUCE SPEED TO AVOID CRASH,2.0,44.0,2.0,2.0
0cb9fd84d9b1e9431f97b6e0e42034101efa150e7f55d41783763e9860e2be7f7fef6de69278f824d2fb8def3fd732a7fc2053134acda7ea6557270c4a4f1f06,CLEAR,DAYLIGHT,DRY,FOLLOWING TOO CLOSELY,2.0,54.0,1.0,1.0
0cba10185130b6e6fb50b5b818745547a81def0b4d7dacc8d5ca74df871c3fe772ba759c0c3a340394b3473b461dafad8d1a17847176aaccb59df821b1f5574e,CLEAR,"DARKNESS, LIGHTED ROAD",DRY,FAILING TO YIELD RIGHT-OF-WAY,2.0,43.0,2.0,2.0
0cba2b670678153174492a0e62bcadc76bc7fd679b15c037d90d83176087b67e60c09a2691dc28a725fef538e0e74f43ad59f941b716852a707355190658bd07,CLEAR,DAYLIGHT,DRY,FOLLOWING TOO CLOSELY,2.0,54.0,2.0,2.0
0cba5d775135290ca23d0fb1e27ff203122f6271a92ab23b86d376b70751e99be9568043d3219b3413dd073d0fec273181f67485d26ba24ed870d6159e54e1d8,SNOW,"DARKNESS, LIGHTED ROAD",SNOW OR SLUSH,DISREGARDING TRAFFIC SIGNALS,3.0,22.333333333333332,4.0,4.0
0cba67abe9fdeb74cef3fd061db8195212270756fbee4d766beeadbb62446c850fda2157e32c44dd9042db33e6fa2fa8e61eb0bbd6abe0c37fa67b047d997f7c,CLEAR,DAYLIGHT,DRY,FOLLOWING TOO CLOSELY,2.0,41.0,2.0,2.0
0cba9848d26cb4422b0b8d517bddee152443a3b0374fb7ed4618e661d4c052bf99d6f88e9d16683c28c4ed67b969877ad50f9958af4092a6b87b43ab9b1d4b37,CLEAR,DAYLIGHT,DRY,"EVASIVE ACTION DUE TO ANIMAL, OBJECT, NONMOTORIST",2.0,37.5,2.0,2.0
0cba9ab67b85781bc12bee9f98e93aa3f7c0760200db22a671dcbee5c024e1db253fa46dab2f5eaec8c33ddef2913b5265d25eb607611d6ada7ec4143bd8e0df,CLEAR,DAYLIGHT,DRY,FOLLOWING TOO CLOSELY,3.0,40.0,3.0,3.0
0cbaa7e861c165ffdfd61a03a4475dbaced0fe490acdfcc63e13b5029063b84e8bab9ba00298b491517578bd3590489efd9f21e8adc59150653d9bbfc4bc6ac1,RAIN,DAYLIGHT,WET,DISREGARDING STOP SIGN,2.0,35.5,2.0,2.0
0cbabf7b709bc8a4b0c28a504d2770ee48f9ab352808992a0e26565b5e5e82d9e673258eb21ed96c958f9502f86c316d038446fd249284d1abaab148df017d39,CLEAR,DAYLIGHT,DRY,DRIVING SKILLS/KNOWLEDGE/EXPERIENCE,5.0,50.0,1.0,1.0
0cbad53abe4b330b70f3a0ceafce0616e9e5c4cf11ca95f0d94dae345d6d4014ef38adc5d8f70dd3818688264d8dac92d22e4cbdd3f72a06b4ed3cc421da9c7d,CLEAR,DAYLIGHT,UNKNOWN,"OPERATING VEHICLE IN ERRATIC, RECKLESS, CARELESS, NEGLIGENT OR AGGRESSIVE MANNER",2.0,33.0,2.0,2.0
0cbadd14a734c5179f95e1cc19c338e867472ade69e1151c36d787f6cca32cbebb2bcf227c405c9315fceea1dac59ae8ff48ad5ec2b0114d79703d4069aad647,SNOW,DAYLIGHT,WET,FAILING TO YIELD RIGHT-OF-WAY,2.0,41.0,2.0,2.0
0cbaf94f73c0f364bb5100fb84ce9106c8b4ca1fc6da9ea27bcb970f3c2c7ac9306712c62be7b682b30e4f6a66866854f21cf38bae6acd561fbdaccabbbd3abb,CLEAR,DAYLIGHT,DRY,FOLLOWING TOO CLOSELY,2.0,37.0,2.0,2.0
0cbb7d119c1899419431390a90afdb486713373917b20741692a7de03751b69e6f86c1fde4a4412d2ff3f411831448b0dcbf8d96f040542408ff88aab3e771d4,RAIN,DARKNESS,WET,WEATHER,1.0,44.0,1.0,1.0
0cbb8296180540d6fc864104e1316da3105196b8fac784236dfd3f359812f0fc083626309ec588cf021227666f7e180a45301f9a3a26efd19968a44f4cfbcfbd,CLEAR,DAYLIGHT,DRY,FAILING TO YIELD RIGHT-OF-WAY,2.0,64.0,2.0,2.0
0cbb8e4a6b900d141d83ebb344e4ffcfe613a74856b6e46fab535acf61f392f2f70b676b956c0326d993d23e6dbefc20d78da2162b5fde02f75dd19f840156a1,CLEAR,DAYLIGHT,DRY,FOLLOWING TOO CLOSELY,2.0,44.0,2.0,2.0
0cbbcf265ffd53b48ceb568548663fa99d721f649bf816ee0bdcf350d85ddab9bd5affa1c45b03c30b5a62f3a05fbb94d9b98662e586ed19d8f24de5a6cdcf80,CLEAR,DAYLIGHT,SNOW OR SLUSH,IMPROPER BACKING,2.0,58.0,1.0,1.0
0cbbedfce6f79dfcb59d0af90b2e1bb51bb001ffddc4ca4f45ed95dafbef2b58242e06e2df1a56e9e8403626985e56722b22320c2fc9cfcb7cf07fe6b79b0d2f,CLEAR,DARKNESS,DRY,FOLLOWING TOO CLOSELY,2.0,39.0,2.0,2.0
0cbc021eef823e69066107c179d1e9003d19cbd063d494b9bdd4edca8fed4215ec31143a1fd66d69db6cd5f38dcc48924716b657c1d1e9802ef7b994b82b2388,CLEAR,DAYLIGHT,DRY,FOLLOWING TOO CLOSELY,2.0,37.5,2.0,2.0
0cbc2988dc861a13f744e5b9fef6a872d0003a37955964d2b22493ffada839d3caf4193bf65af53dca3042bc73760015463c0b4140ef1deb0712b32d0a70f26a,CLEAR,DAYLIGHT,DRY,IMPROPER OVERTAKING/PASSING,2.0,34.0,2.0,2.0
0cbc7b15e8fdf05408b3f7de42d9c83b51d52ecbcdd7b3c9f470656aef49fc08e816fe9deb505a16a71a00e1650f44373e900bc6ae6bd5129294e04e8456b41e,CLEAR,DAYLIGHT,DRY,DISREGARDING STOP SIGN,2.0,51.0,5.0,5.0
0cbc8183420c169a05cde8ca0fbd3709f09a6ff0d8c037ad214b9d63bc6061549b5ab1904b467ad27efbf4032ad68c6729263212f3ac67d832e6ae6a06c98a48,CLEAR,DAYLIGHT,DRY,IMPROPER OVERTAKING/PASSING,2.0,44.5,3.0,3.0
0cbc83f878045447cfb1156a81ed9608fac202b17b89ac4fd4f4c8201b45ba8568dfe58071bb69a2e4f7f54502a55bf80ff608558f25a6a32e5e06815c1b9c72,CLEAR,DAYLIGHT,DRY,IMPROPER LANE USAGE,2.0,27.0,3.0,3.0
0cbc85d08c50aaeb00aff0d527eac8e7685709a32d0f22cc6d2ac21d8d5adb262b4890428282987338eae38413444ca9786af7a5f91b96aa15ab2f8720e90a33,BLOWING SNOW,DAYLIGHT,SNOW OR SLUSH,WEATHER,1.0,32.333333333333336,3.0,3.0
0cbd288fd57505e5747f1353a1ee4d7cd7cc34edbbff960f694010c35b99512109b97dab44932e1e92afdddf009550654acb4dc7f996a45e07b311a482a477a3,CLEAR,"DARKNESS, LIGHTED ROAD",WET,FAILING TO REDUCE SPEED TO AVOID CRASH,2.0,43.0,2.0,2.0
0cbd2968c3dbb570fb0cc2c3aa4f0cf29beeb7e3d445d5d90be4f24901583b6ef63c1f2379288c5a8fa4e2493ed7330719b26ff55235d34f0cb5fc788324bd91,CLEAR,DAYLIGHT,DRY,FAILING TO YIELD RIGHT-OF-WAY,2.0,36.0,2.0,2.0
0cbd64b4788c19777cde08e2b1ec46f8aae8586b2a3d510e401831de1b8ca8ccfcc944ecada980756ca9ec30c876b8c7511033712103b5c490d667b8bc4da19a,CLEAR,DARKNESS,DRY,FAILING TO YIELD RIGHT-OF-WAY,2.0,37.5,2.0,2.0
0cbd678ed046dd1d0055b6be6b88e06873977fa81dc35125eded8b609416f09afd9dc75dac320eb825387f2749008067ea236451904f6849d717a00d1ac398fc,CLEAR,DAYLIGHT,DRY,IMPROPER BACKING,3.0,27.0,1.0,1.0
0cbd852a9ba8c2a6319ec8cc16d5251ff756e608547137c37fcc7df0c09ea232b73e0689c1fbce7ad63b5a9bd52337c9da286abf197f40f1148e25a695f23e32,CLEAR,DAYLIGHT,DRY,IMPROPER TURNING/NO SIGNAL,2.0,73.0,2.0,2.0
0cbda36f3831b8eedd176ee00123c23dcc66e1f5ecb09e415ad4a4f3c8b6bcb9803b612800f9b0216b64759dc40ec2cd48addce9be927a11ca5b70193f4d97a3,RAIN,DAWN,WET,FOLLOWING TOO CLOSELY,2.0,47.0,2.0,2.0
0cbdaa439b9a681a87d6d1538cd67d233df96d424bbdc5866bd6942e7b123254a10c9d862f433cf9c86383d0266cf4f031160a372f52d516483e21c92b65f306,CLEAR,DAYLIGHT,DRY,IMPROPER OVERTAKING/PASSING,2.0,60.0,2.0,2.0
0cbe25e8675ac1182f5c28939b4e4791ca8fc84b5cd4df36dbf8dbaa8541ecbbe8a61c40000c9a9f46578c1f9983d74060c62511127b52ccffd2806c5de1fe64,CLEAR,DAYLIGHT,DRY,"OPERATING VEHICLE IN ERRATIC, RECKLESS, CARELESS, NEGLIGENT OR AGGRESSIVE MANNER",2.0,22.0,4.0,4.0
0cbe3655bbf0b94b394c4e11e91a45efa8ce5af86e4d69db2dec167a82f871d153679e64f2e569a2ec033ecd9066a9aff5d7e0f5a7a75f468463c5eaaf45ca20,CLEAR,DAYLIGHT,DRY,IMPROPER OVERTAKING/PASSING,2.0,30.0,2.0,2.0
0cbe412cdb63bc561cb97b9dad9dee12265125d8ad7e1879b8c3eaa7124db0b8c300a75eda29b258a443542f8845a4de0e63db92fe3a38c950049957b186a82e,CLEAR,DAYLIGHT,DRY,FOLLOWING TOO CLOSELY,2.0,47.0,2.0,2.0
0cbe51ee35dd2098e7f6e1e3ebf42e468aee788cb1386b79213e453ca68d57ff0d6160e2793dcc2ba9605caf2f623f02b932e0096c540e99ff3652139d0f8029,CLEAR,DARKNESS,DRY,FAILING TO YIELD RIGHT-OF-WAY,2.0,53.0,5.0,5.0
0cbe664d5097fbb74ee1e1f608040b2879bc71a9529126884154502d79edd34329216a341a68f5d9937c9a2c706b52749feed4efb6dbb2bc9a134c9ef20f9c4e,CLEAR,DAYLIGHT,DRY,DISREGARDING TRAFFIC SIGNALS,2.0,17.333333333333332,4.0,4.0
0cbe7dd7e7af602cd63c13e181f846ff04d515bcb9070928d60a6dd9b50f9c27f048cbe3793247ea8ad9c82af1fbef9f0e7ef08436a5762c0d21be47ffb9ca05,CLEAR,DAYLIGHT,DRY,IMPROPER LANE USAGE,2.0,30.5,4.0,4.0
0cbe89bb3e53638bea3b53da1655c4347c54bca940da236efda73e27c5fc7ba8bd83053293da966f97f983a1b305b50995713b4c4cc96d5e0179eef9542e45e2,CLEAR,"DARKNESS, LIGHTED ROAD",DRY,DISREGARDING TRAFFIC SIGNALS,2.0,27.0,6.0,6.0
0cbea831057cfa641936741eca4cb31dcb7f47bd1459843de638e98742af12630d15b68f0489717129d87a17e7cdeae20caafcb01e1028c97f96a9884033c87c,CLEAR,"DARKNESS, LIGHTED ROAD",UNKNOWN,FAILING TO REDUCE SPEED TO AVOID CRASH,3.0,56.5,3.0,3.0
0cbeb32e7e81c710f3f7578062556b3ac19479fa00c6231b78facc24ae967ec51f6f5fc234c02e632198aff229817b0ec70cf6b5801d7c8d360a5b1c9f2a952e,CLEAR,DAYLIGHT,DRY,FAILING TO YIELD RIGHT-OF-WAY,2.0,63.5,2.0,2.0
0cbeb927eec7a615969f18351bcbda5ad72b7813cc10a14a638382961728d49d60ff98f08e735a2455a201be87dfa0583f0cbc06de887cfb0b739a39c3f04d80,CLEAR,DAYLIGHT,DRY,IMPROPER OVERTAKING/PASSING,2.0,33.0,2.0,2.0