crash_record_id,weather_condition,lighting_condition,roadway_surface_cond,prim_contributory_cause,total_vehicles,avg_driver_age,total_people,total_injured
0cbecb09d445225d0995a98c4dc668001c18a538dc6e54b6c3bdae8e55410c725561bb5fe1bea132ad16b7d958e19ffba031d0741ea484779a6bc47e11e3cbb7,RAIN,"DARKNESS, LIGHTED ROAD",WET,"EVASIVE ACTION DUE TO ANIMAL, OBJECT, NONMOTORIST",3.0,33.0,1.0,1.0
0cbedb62e08c403d11691ca64eb79e0e7513a3f1caf6329a3bb2aaaad0e0e6ba555218d509782d6a682ddf1bebe5509dff1bb522ada73f946d61e6c1393d620f,CLEAR,"DARKNESS, LIGHTED ROAD",DRY,"OPERATING VEHICLE IN ERRATIC, RECKLESS, CARELESS, NEGLIGENT OR AGGRESSIVE MANNER",1.0,49.0,2.0,2.0
0cbee691a3e4369033b8b050554c10178cc0c1b68704d4e4864e8e7359347a77b6eb4e9207b1a444653e204091a31e3e0f1e79cf7c8a8d914015b91e5d228055,CLEAR,DAYLIGHT,DRY,FOLLOWING TOO CLOSELY,2.0,46.75,4.0,4.0
0cbf773b85e7ac3978e3ace2e5ba9625de6379abe751ea5f0021259e67c954af1d5e8cd0572bb153407599315cdc2e3c1b9c6bc330f480f3fad7a351c8bafe0e,CLEAR,"DARKNESS, LIGHTED ROAD",DRY,FAILING TO YIELD RIGHT-OF-WAY,2.0,32.5,2.0,2.0
0cbf9fd2dfcacdb76caaf9aa5713262867b6148dfd1eac02627bd4d2211f20fa3d38d1e93af5c12246a6a44ac7038474d896a1965005bd65dd6a63376b7ce78c,CLOUDY/OVERCAST,DAYLIGHT,ICE,DISTRACTION - FROM INSIDE VEHICLE,2.0,55.0,1.0,1.0
0cbfa58aa388cef2b66e30aa8a7f831e4ea8a30d3c788a29bcc59591dc44b2d67d9b5c79be1a5eabc6eeabc560922c7e6459ac031e8d64b21eca3558670fe096,CLOUDY/OVERCAST,DAYLIGHT,DRY,IMPROPER OVERTAKING/PASSING,2.0,67.0,2.0,2.0
0cbfa61c3fa597efd0e53133271288538d87df1b2a4fe3db8b4017307e2bf5f40376219dc2a8da7175b41b08441df53f63dbaaed72c02ca9efdc3730cdf9f98f,CLEAR,"DARKNESS, LIGHTED ROAD",DRY,FOLLOWING TOO CLOSELY,2.0,22.285714285714285,8.0,8.0
0cbfabb22067c30789ab118c2fa2dfab33ce000e9c53224633e5b3f59d59a8b81b98bd586f311c1403720f5e2738449db40764d9ba3b52f052fd4f6a6d68563a,CLEAR,"DARKNESS, LIGHTED ROAD",DRY,IMPROPER OVERTAKING/PASSING,2.0,14.333333333333334,4.0,4.0
0cbfc022b9f01a4024627fa72f78302371f5374164709dabb2bf1829fc22567ae6cd36d6de585579af0581975a4e949969b22fb5d4ebe723e0599b5ce871536c,CLEAR,"DARKNESS, LIGHTED ROAD",DRY,IMPROPER BACKING,2.0,37.5,1.0,1.0
0cbfc43882baa41591e0cc29e466ae368fd50d49ecb92666c9014c6d6cf7889597c7d8c17725614b7dcbe7b91c3e42fb86eb5d99bb2c5912af972b5da20d5b47,CLEAR,DAYLIGHT,DRY,DISREGARDING STOP SIGN,2.0,31.0,2.0,2.0
0cbfc9c6421639e662930ebd334d1941bb5e0d1f883e0c98a91dc168a19d4ae4d9d4ae3aed36139c7e009e03d4dd025f5e3398f91c54a3f7ba6f6c614a8a01f7,CLEAR,"DARKNESS, LIGHTED ROAD",DRY,FAILING TO YIELD RIGHT-OF-WAY,2.0,45.5,2.0,2.0
0cbfde8bfa40c89dee0e1fd2c52229a82c54b9ae5b33bf3e4adf748c1eff8095679272f447f18248dfd8e27115cd006aec1e879c99cd0cd78e06e31bb9c4bb6b,CLEAR,DAYLIGHT,DRY,FAILING TO YIELD RIGHT-OF-WAY,2.0,45.0,2.0,2.0
0cbff2b984d48cfd1f27c96373da20df53e1b0f914ccd8e093f43d4d0c43e54066f535ba80fb7cb2e99a2f546b4e9334d1555258a9f14a53fc67c61cae641771,CLEAR,"DARKNESS, LIGHTED ROAD",ICE,WEATHER,2.0,34.5,2.0,2.0
0cc009c78017d0c048278f283e612416b7918b8db549a6acd6f4a0285e4c124de463edd996ba45fac6030170195cfa6c1d8e4a4b60386006b9a3e84dc75ae673,CLEAR,DAYLIGHT,DRY,IMPROPER OVERTAKING/PASSING,2.0,60.0,1.0,1.0
0cc0205eef94d157ca487fd397c791327df120eb63f8ccf532a12a4ab604b536fab7bd1aa001ceb46a01f2b1d8b8dfd1e88303ee3108a711843a276c59124e89,CLEAR,DAYLIGHT,DRY,"OPERATING VEHICLE IN ERRATIC, RECKLESS, CARELESS, NEGLIGENT OR AGGRESSIVE MANNER",1.0,22.0,1.0,1.0
0cc024e18b002da14783d35fd9823c8ad7d697912ab08148ad5fb2caabf042110d397a60665b5e518f76f384ca15f16071d686153ce4e976bd97c18e70ea1e9c,CLEAR,DAYLIGHT,DRY,IMPROPER TURNING/NO SIGNAL,2.0,26.0,3.0,3.0
0cc03489e38d6d849e4e9e4d14c4bc3c8c9bba8f07b5aa351957936c6c26c4fac259c93baba5170b1f147d4fc87c26e9be28b241b75139fb17ff5db4818339d2,CLEAR,DAYLIGHT,DRY,IMPROPER OVERTAKING/PASSING,2.0,29.5,2.0,2.0
0cc03a11fc403074421a7b1acc518a0786ed2954b5aac214761bf62bbab25c18b0bb148f4dcdc4fad931adff987a0c3bf98d0588cbf698f2e78e5b6f61914cb7,CLEAR,DAYLIGHT,DRY,FAILING TO YIELD RIGHT-OF-WAY,2.0,62.5,2.0,2.0
0cc03a75bd81b91e3bd615b724bf06363d416b91012f9bdf13445febce8d8e62163bd13cfabdf59b271ebe73ffc3c89956da40ff4f74d7cb26b64d7dc482468e,RAIN,DAYLIGHT,WET,FAILING TO YIELD RIGHT-OF-WAY,2.0,22.0,2.0,2.0
0cc072e07b92c852397c44b1336428bc252129808ee6c8bc56c5d9620d40295f6abd8a3fa0ad5ae0c5c01e1d449b3b74db75029e31d25af3d284d6fddcb2ac90,RAIN,"DARKNESS, LIGHTED ROAD",WET,FAILING TO REDUCE SPEED TO AVOID CRASH,2.0,39.0,2.0,2.0
0cc092888fb67c6ef4434bf152fb50941ac38a2ec8abec3389a98115ebb1bc2b898284d138ba60e2f01a452e7377181db99cb939499e7c69d12c49c63d861ba6,CLEAR,"DARKNESS, LIGHTED ROAD",DRY,IMPROPER OVERTAKING/PASSING,2.0,37.5,2.0,2.0
0cc0c946d8b4449ef33e1b39a7636b8bca92e713bb123addec4cafbb772e0f77bc7def69362a1a15a79b8c6163f9c744e2f9b00be007b9eac24e6966cbd97947,CLEAR,DAYLIGHT,DRY,FAILING TO YIELD RIGHT-OF-WAY,2.0,39.0,2.0,2.0
0cc0d42f46943e3bfc1e9f9c2831e2c915119812d13296ae87c6717e125084c8b799319a808522e133a9ab2da1c6933462b4af33ca7dc1fa3fdb8297bc937dc2,CLEAR,DAYLIGHT,DRY,FOLLOWING TOO CLOSELY,2.0,46.5,2.0,2.0
0cc0f20e212e070b89250ccb5c2c9b82ced4b32a0a6d59035403017e3802cf978d8f30e81f1de5ae808cccb369d8fe2721bd24481f099f42b3ca4ce5cfcd8a11,CLEAR,"DARKNESS, LIGHTED ROAD",DRY,DRIVING SKILLS/KNOWLEDGE/EXPERIENCE,1.0,25.0,2.0,2.0
0cc0fe2f053bd98fcbe2ecd5b25cd990cc7f132b9f9689a3ea369e52f8521c61df4d5a3c99a8487ff8e202fcac4c7e94f95c3f9f8b90effed780cab96dd1a814,CLEAR,DAYLIGHT,DRY,DRIVING SKILLS/KNOWLEDGE/EXPERIENCE,2.0,37.5,1.0,1.0
0cc11abdbe70cd1a88f3a99bce6528684b53eb96923177f368d73edd235d77b57cf9b3de8b5f792b07ab33b8147143256d586711041b79bd40f148466c86ef31,CLEAR,DAYLIGHT,DRY,FOLLOWING TOO CLOSELY,2.0,65.0,4.0,4.0
0cc12d0d95650ac194b18dab189d94ddca0a461d7ad67a83e664ff705f43a358c2653b3678fc1cbe1157f36e371ad84d606c29062089deeb8c3ff01fc0f84f85,CLEAR,"DARKNESS, LIGHTED ROAD",DRY,FAILING TO REDUCE SPEED TO AVOID CRASH,2.0,49.5,2.0,2.0
0cc14d1a40691490a353fe57c60f945708eaa93c3bf4d7034cf19fc409978a74d3743e355a1f845c02528adfd2274988fc84cc29036365e6c1984eb27869fee9,CLEAR,"DARKNESS, LIGHTED ROAD",DRY,FOLLOWING TOO CLOSELY,1.0,58.0,2.0,2.0
0cc158d0761209411c13f5854b3778eb006b401dce462629e96fd19c116bd634e63090e126f403f6fb8d852d75fc9091eb0c4cdf8e564f76d3b6753f5046d08d,CLEAR,DAYLIGHT,DRY,FAILING TO YIELD RIGHT-OF-WAY,2.0,35.0,3.0,3.0
0cc1668e74602b1d07b2e907ced7b96d257ace7a22890bb63977dbd354ab4bac623c0cf532593151f5458ac5445420c7515a1bc48bd03c4345cbdca42e3f4d94,CLEAR,DUSK,DRY,FOLLOWING TOO CLOSELY,2.0,34.0,2.0,2.0
0cc173422f3635675d71bf6b07ef146305bee7ed1a1edae10f25eb6026064c19c31b37e6edbee2496a5802ac86f75c52c886c92652fa45372bc96261d79ed7f7,SNOW,"DARKNESS, LIGHTED ROAD",SNOW OR SLUSH,WEATHER,2.0,18.5,4.0,4.0
0cc177c2ce6465e22104965d2d79e68028849f1648f4be46d69e0ada49386c6ffec7b37bf777f1614886c666434cef5448da895f3a9329ffadf521da013a5bb0,CLEAR,"DARKNESS, LIGHTED ROAD",DRY,DISTRACTION - FROM OUTSIDE VEHICLE,3.0,49.5,2.0,2.0
0cc1b346d38a1d1e10305e9b7eecaf8ae6976fa92807d54294e2acfe2620188392c2ac5551904cf16aa9015d60a26713ea07cf0941656152f5bcef4cec6c6ef3,CLEAR,DAYLIGHT,DRY,FOLLOWING TOO CLOSELY,2.0,38.0,2.0,2.0
0cc1b53dcbca78aeca21fb117364d1082252084de3f8fdfbfc96bf65167c4ae215b688989e738f89dbc6b69336a2c8a5a503c9d468fe9854357100c4850eb871,CLEAR,DAYLIGHT,DRY,FAILING TO REDUCE SPEED TO AVOID CRASH,2.0,47.5,2.0,2.0
0cc1dff18d309118ef3be8a62eed48e58df12086b24f1814d578c7ca07d3df8fb8903220771d92fd459f606e220445b1a0f38eb42f3c0b5444788b80bf7b7cbd,CLEAR,DAYLIGHT,DRY,EXCEEDING AUTHORIZED SPEED LIMIT,2.0,37.5,1.0,1.0
0cc2400738369dba3adb1eb613fe7ec519227007ee58b0ca8822a3bb8abbfda07921da0e3c3b5b77bf3fd4c817145d1466c496d929e4b9e9e658bb56a3b3dc09,CLEAR,"DARKNESS, LIGHTED ROAD",DRY,FOLLOWING TOO CLOSELY,2.0,31.5,2.0,2.0
0cc26452022dce5b8fb5147bd87973690e456e4594992022e7d172f3604da12e1268af4e6178bc8c0add79bc36ac7bf47cd427a8f6408207af223040533916ea,CLEAR,"DARKNESS, LIGHTED ROAD",DRY,CELL PHONE USE OTHER THAN TEXTING,4.0,19.0,1.0,1.0
0cc26e7c8cb76c27759a5d46671c8bd4ffec4b932ac3772fa8d8f22c054c5d30d22089c0a37ac73cc8592c9ef4189cfded9232ffd83e0eab2ef23c82de723c8c,CLEAR,DAYLIGHT,DRY,IMPROPER OVERTAKING/PASSING,2.0,59.0,2.0,2.0
0cc26e861dde9e9ec85dc3f88c272ba8b1f356184e05c487ac3ade9eb149f7a171a00a0c52610471663272b7d492cd1d137cc99abaf5ec9c74af3cc9ddeea39d,CLEAR,DAYLIGHT,DRY,FAILING TO YIELD RIGHT-OF-WAY,2.0,36.5,4.0,4.0
0cc2ac2182b26638345dd42e403856933b1a027ba15385f92109fc4f5254ec1049acb265ee68583ef69d64cac22aa8f6e81edfb55c27c4449220e923f03c552a,CLEAR,DAYLIGHT,DRY,FOLLOWING TOO CLOSELY,2.0,26.5,2.0,2.0
0cc2b76a4afa5a6ef80e251fbd7ec15a528da6fc802599b3db49cacf77112d4d4d8d769c512bc8916b7226d8aecea2b682368a8533bd40246fd2f870444cba30,UNKNOWN,UNKNOWN,UNKNOWN,DISTRACTION - FROM INSIDE VEHICLE,2.0,56.0,2.0,2.0
0cc2b895f1f4119d1519b51b828914202c1bd8add337e8a16e7d225a735582893d0a04c0fbe9336c5fe009b5dc7c9134b31008bc964f88044b6502d146856d94,CLEAR,DAYLIGHT,DRY,"OPERATING VEHICLE IN ERRATIC, RECKLESS, CARELESS, NEGLIGENT OR AGGRESSIVE MANNER",2.0,67.0,2.0,2.0
0cc2ed731f2ad9e89bb33b862adfb20354390a732833b064097d7c08af6257bca1605b85bee38d2e98770e7b6f0e471f843e1889ed700cd03b049118f6855e04,CLEAR,DAYLIGHT,DRY,FAILING TO YIELD RIGHT-OF-WAY,1.0,37.0,3.0,3.0
0cc3068a64e47caa2a52312f45aa6ab144f78ba4f3ba4aeff7eb654d3ebbb5a7787484e31df3a5036c4fd1eea951ec87af4c819b58c270e90f0033aead101b25,RAIN,DAYLIGHT,WET,FAILING TO YIELD RIGHT-OF-WAY,2.0,54.333333333333336,8.0,8.0
0cc3164050e639601e640c96312946935e081d66a28d7f34e2b7cb95acfac992a7add1ea204a7a9cf20c03fd8e9f37c338800a1b035a326a0b2b76723d4aacba,CLEAR,DAYLIGHT,DRY,FOLLOWING TOO CLOSELY,2.0,56.5,2.0,2.0
0cc316bef18ae53b80ecb9285d17b2021185fdc559190b1071eb8f75465ab62f86970c84b41e1b105cd8aad56ce34012416c52d5955b800008b4031dd5936632,CLEAR,DAYLIGHT,DRY,FAILING TO YIELD RIGHT-OF-WAY,2.0,32.666666666666664,3.0,3.0
0cc367258557878cf49078582d394e7ead34bc69c92ea7ebd1574f0e5ffa08bd026946835378cf3586a0c1edccf5d123340ae1e902dd21ffdf3639e27cf59fcd,RAIN,DAYLIGHT,WET,IMPROPER BACKING,2.0,26.0,3.0,3.0
0cc3e3efc508ba9950d50f7a892930c10a57b14286226dd6ddf1c197278d9f43f5050d351457f61a31945e2e437bed888de04f3cd3b604c017a30f881f1f2af1,CLEAR,DAYLIGHT,DRY,FAILING TO YIELD RIGHT-OF-WAY,2.0,34.5,2.0,2.0
0cc3f07240935ee8345d5ff9c570d0a55c7a14d6bc7a7191a885500e498de164f805b6cecdd6ae48cdddfdfe67c150b510c5ae0f0f5e7efda550362ef622cf29,CLEAR,DAYLIGHT,DRY,FAILING TO REDUCE SPEED TO AVOID CRASH,3.0,72.0,1.0,1.0
0cc3f572a7ac4dc90add3ec016615f80d1f93d48faa94eb1a86cdeb2a326696b9eccbc1aaac0ebc1519a2276d2c0ac38ec17fae99409dbcc177aae3ce55fb2ae,CLEAR,DAYLIGHT,DRY,EQUIPMENT - VEHICLE CONDITION,2.0,44.5,2.0,2.0
0cc429b47fd5a2248de14efd803a4b0f548921514b247bfb70dcc9a9bad8455ec2db5424743b2f53635885a9d601870e507d3703f07057c072ab79c37b398f17,CLEAR,DAYLIGHT,DRY,FAILING TO YIELD RIGHT-OF-WAY,2.0,36.0,2.0,2.0
0cc430aadccb1abb30e0543db1064143057d7ef0025f94e6f2b0d299f6a5618a7b6971be780d7f29737c09d00e7eb39165b66d35fce068625b07dac7e52991a9,CLEAR,DAYLIGHT,DRY,FAILING TO YIELD RIGHT-OF-WAY,2.0,31.0,2.0,2.0
0cc44a0707e77cb918b86731f6981e443ee1cbd6eac2abb97576e2adb24e78e618944fcf3b963028cad217ded48dd904a56012833ee05f275ca7230e4587bd8d,CLEAR,"DARKNESS, LIGHTED ROAD",DRY,IMPROPER LANE USAGE,2.0,26.5,2.0,2.0
0cc454f6cf4e0666c15863669db77c29f6a6a4fe411d9132b8dea580bc4256612f8136a3281eff33622cb2e9d7166b864bcbe0e627e22087395e1d92d2ce6bc7,CLEAR,DAYLIGHT,DRY,FAILING TO REDUCE SPEED TO AVOID CRASH,2.0,21.285714285714285,7.0,7.0
0cc477a5053ec63bd9e953c6b7a0a2f0e2cb37f4ad31eabbad4625380a80c61bb4f0aeb9fdb30c20adb9b727aae27d454292224651c634611bb66531196c01ab,CLEAR,DAYLIGHT,DRY,IMPROPER OVERTAKING/PASSING,2.0,23.0,3.0,3.0
0cc4795e42d1e9516d0464485bbbc29e200c7b02bb578d3393726a16dc1552a7d1a64581579fd886b518dc02c1a1535fdf08e2764bb6d1a25ec3cb30c760bfe8,CLEAR,DAYLIGHT,DRY,FAILING TO YIELD RIGHT-OF-WAY,2.0,40.0,2.0,2.0
0cc495dc5365b12ef26092e09e23f65fa9a9986d07f2cc2594e971b453d1372ff5b755108ae51fedd586458f8c1796968cd27454f4b6724423afc2876e7c8881,CLEAR,DAYLIGHT,DRY,FAILING TO REDUCE SPEED TO AVOID CRASH,2.0,20.8,5.0,5.0
0cc497d4f739877257eeae28c902978387169eb157425a7b4efd063775bb9fa42efbe5fa88ded44c0a87f032dcc0906180e7233db17bf6f0968934d21714ce52,OTHER,DAYLIGHT,WET,FOLLOWING TOO CLOSELY,2.0,37.5,1.0,1.0
0cc4a13b09a5230933e1c14a120a2225f490539a909f0c1eba1408df388fa7039d575c975d9352d7eb0c9ffb0257ebd004a7ef0ce6534175d061357171a61966,CLEAR,DAYLIGHT,DRY,FAILING TO YIELD RIGHT-OF-WAY,2.0,29.666666666666668,4.0,4.0
0cc4a55742e2663b3b196640c9fa077ce7237c2458152b5e1b20e1515e5f74c7cc7e74685913a2e26412517df970e2822e833f31a2c09726548b27d07e256643,CLEAR,DUSK,DRY,IMPROPER LANE USAGE,2.0,41.0,2.0,2.0
0cc4b087144dcf24230af824af751b302492cc70d5fee5372f194e25338dfd84dd70630155d8038c94058e5203fdcf0b2214cdcf18b1e8a4d3279e512004c5b3,CLEAR,DARKNESS,DRY,FAILING TO REDUCE SPEED TO AVOID CRASH,2.0,31.0,2.0,2.0
0cc4cead88a772c9da88f9e85d7a9c56d8188dc574ffb0b9c6c20d21291b51d46e6a09aa29d42d7d97ed6e0c71344ea42bb28112c8e8f75202163cd064d77595,CLEAR,DAYLIGHT,DRY,FAILING TO YIELD RIGHT-OF-WAY,2.0,26.5,4.0,4.0
0cc5027413e3b2eae153c3c7b1765705dfaa47767b8bf11a4c326f57464f96df608b818a130607f8345059bce5e747213424073a4ed780030694d2b24d9cbcde,CLEAR,DARKNESS,DRY,IMPROPER TURNING/NO SIGNAL,2.0,27.5,3.0,3.0
0cc50646e90589817f8a85bb479654198cb175eaee349f8214b4cb590dce9df35d71e6ea7c8daa274080fad702182fd0353bcb03d0784a4b18bb8055b6135210,CLEAR,DAYLIGHT,DRY,FOLLOWING TOO CLOSELY,2.0,60.0,2.0,2.0
0cc552286488b1911753b81196e535927c68d05573fc240c9551334926a8e12865e05d9117e9292d6636e86f2b067780c1317b2763c3764ddf1a6a9b0f142ad1,CLEAR,"DARKNESS, LIGHTED ROAD",DRY,DISTRACTION - FROM INSIDE VEHICLE,2.0,61.5,2.0,2.0
0cc57de782bfa6521cde2ac2804041c30bdd39ab90c660f1df234797dcce6f70311ca02fe13a460e87290d6afa55f758afd137fff562b857e43ed465ae9e5885,CLEAR,"DARKNESS, LIGHTED ROAD",DRY,DRIVING ON WRONG SIDE/WRONG WAY,2.0,37.5,6.0,6.0
0cc584d835771960db8ea10341202e4a94189d6c14c09356b14844205434aa712e5176883c0f2e031736385291d3b46717e64d177e2fef0456b18df6fe86a7a8,CLEAR,DAYLIGHT,DRY,FOLLOWING TOO CLOSELY,2.0,31.5,4.0,4.0
0cc589dc28ea12b9d66e2ba495245bee5a83faf55f028bf9cac4fdf10d088085739f50236f1f2410bdf42e87543d3642705dd2a4042c97cf96b1f17c4b859be4,CLEAR,"DARKNESS, LIGHTED ROAD",DRY,DISREGARDING STOP SIGN,1.0,35.5,3.0,3.0
0cc5c5263b748a27d8ed73b3b314a0d3188f3fa2cb69144a9c6070a2df43dc7d7d30e12d0c737828ac1cc664c3df86e7c337b54ad22716644ff8b36e33a621b6,CLEAR,DAYLIGHT,DRY,FOLLOWING TOO CLOSELY,2.0,42.5,3.0,3.0
0cc5c55932c5b46723ae55babeddfaff7b2b92add46dc12e7eb866fac55f065df7677f95bca847f7d296c79c914725fd786c1d53d12e8a544c4694744541a9bb,RAIN,"DARKNESS, LIGHTED ROAD",ICE,WEATHER,3.0,27.0,2.0,2.0
0cc5c8a4f23a0cd4f6c593da3703df366828088282ad3e6f6f8dfe765fb59017d299338557a51a160a875a587abf3b596b0c5d9d395ae469aa884b3f82256d49,CLEAR,DAYLIGHT,DRY,FAILING TO YIELD RIGHT-OF-WAY,2.0,48.5,2.0,2.0
0cc5d13ea6c37319d3904e765fa63d915410e94a6a540b167db366ae672bcab145ee690c9ca0eb9a7bdb70c68e8d839755a476bea07306d934dc4f8db843c285,CLEAR,"DARKNESS, LIGHTED ROAD",DRY,DRIVING SKILLS/KNOWLEDGE/EXPERIENCE,2.0,26.0,2.0,2.0
0cc5db4f4620af5dedf37b3e6482503df70398c335c143904f3dfcec8f515df059b6dc27cba72814ef52fa3819d87d3f9de27d14b7ccf1ecd5bd028abaed5593,CLEAR,DAYLIGHT,DRY,IMPROPER BACKING,2.0,18.0,2.0,2.0
0cc5fb2196327ca5a3cf930cd4c588ee5354827c44562f14ee8d9dd81a6024bfcf0d84074b61b80ed5a51c70555e3e814193bf2c99e6eb2610687d8f73f146b8,CLEAR,"DARKNESS, LIGHTED ROAD",DRY,DISREGARDING STOP SIGN,2.0,23.5,2.0,2.0
0cc6017685a09f4f16c35a33f2f5b6f7eba3facfe3dc4a2c07f079b93886d698cd8e956517ad59cb6e1af96de5a18078a2f63128be52b643265cf41e25b8ea99,CLEAR,DAYLIGHT,DRY,FOLLOWING TOO CLOSELY,2.0,50.0,2.0,2.0
0cc63e9cd6ae562e2a3ca0a11b161d26c62eff728d50b347c55b625aadd61fb9ff1056ba398198d3e1732ed6c9133d3680c4c213c4fe1e813bf476cd11273446,RAIN,"DARKNESS, LIGHTED ROAD",WET,FAILING TO YIELD RIGHT-OF-WAY,2.0,32.0,2.0,2.0
0cc6a2d171cf549d58da7e5f8a352955ff9119f627500261d589c012b573c37f42c9e77f775626763d2ed59cef1e7e509ad38094ed98eb5351a089f28f3566f2,CLEAR,DAYLIGHT,DRY,FOLLOWING TOO CLOSELY,2.0,45.0,4.0,4.0
0cc6a5cd5b85cbb82a32a1a6d32d7f9f2d6ccfede70a523fce233c6e5c1e6e4575c7b999629c6e6e36091a2de09f221b50387f22bb271350eef997559228cf63,CLEAR,DAYLIGHT,DRY,IMPROPER OVERTAKING/PASSING,2.0,26.0,2.0,2.0
0cc6ae549dbbf77b68afa5aa5fc22d37a0d97d5b57a3b88e8d5b313ec47d4fe320f03ff677d9ccbbaaafcf01d725fc8db3b5312d7fccba30484b0b0105415b83,CLEAR,"DARKNESS, LIGHTED ROAD",DRY,FAILING TO YIELD RIGHT-OF-WAY,2.0,30.0,3.0,3.0
0cc6b35195e5bcfb43b70734f99445f5ae0e10d8cb5e1a036867f1e91949d75b06b2bd87e36504c479841ebc9945ba68152f597b23780883a6ae6e0b2efe0379,CLEAR,DAYLIGHT,DRY,EQUIPMENT - VEHICLE CONDITION,2.0,44.0,3.0,3.0
0cc6cd1037f452108d3bdeb833336dea3fd160f6cda5cb8bfe347be9e61306b37960270c0f0ca4b9eef299806ab829bbd3e62dad395ea1504d691c41ded2f30b,RAIN,DAYLIGHT,WET,FAILING TO REDUCE SPEED TO AVOID CRASH,2.0,41.0,2.0,2.0
0cc6e6fd7a686f1b817b5cb99b764ed36451e4c2e62d8479a79ec335fdf485f6600dbcb8ee7a0e0047f1fef7a18852713ba6ad1a353ed7f2d86899c3ceedd1c0,CLEAR,DAYLIGHT,DRY,FAILING TO YIELD RIGHT-OF-WAY,2.0,44.5,2.0,2.0
0cc714c1838202e8f9e14d446138c302eabee73fd7870e2537ee13700c8716e7c2209af9408495a03fedc120bd9ccf8f20d5c47031e2fb2a386b88f400979859,CLEAR,DAYLIGHT,UNKNOWN,FOLLOWING TOO CLOSELY,2.0,44.5,2.0,2.0
0cc73ab729b0fc1477137eebea4b70a676a48466786bc89cd7752a2f146f69274e45321295ee564f54f80618edbeea9187832225c693404dba94764042bd0686,CLEAR,"DARKNESS, LIGHTED ROAD",DRY,FAILING TO REDUCE SPEED TO AVOID CRASH,3.0,57.333333333333336,3.0,3.0
0cc74e15b3c2df6e86b175e7088c0ba03c4ceafcafe9096d42746d70eb0ed70968f0f69a43d86b8072b54919bb7f312a82aab3b348e97053ccfeab5b6111753b,CLEAR,DAYLIGHT,DRY,DRIVING SKILLS/KNOWLEDGE/EXPERIENCE,2.0,45.0,3.0,3.0
0cc774ca2a35c00a9ac045deb42ba300490e0d01ba7b73ec0e9afd311ea52712ba86b4f02fcfaa9c11f99eb7df97830dd6613c18f9ebe8116a544237b346d061,CLOUDY/OVERCAST,DAYLIGHT,WET,FAILING TO YIELD RIGHT-OF-WAY,2.0,33.333333333333336,3.0,3.0
0cc78415071fd6636c59a34f19996095e2840f6d339011cb6c714d7f0838d38d4c69ff792e6af0693979b08b18531f93b0278e2c3d75502ac58caa0cdcec23ed,CLEAR,DAYLIGHT,DRY,IMPROPER LANE USAGE,2.0,55.0,2.0,2.0
0cc78d0877555377e68c5be9159fea9520786aa79cfd3fbe4c9e4b1f7c157fcc1d223e600c0228578b002197942443ae73d214a62446eee1da47bf3c4405598b,RAIN,DAYLIGHT,WET,IMPROPER TURNING/NO SIGNAL,2.0,38.5,2.0,2.0
0cc79b662c16d5766eecee2739bf325cdac547b9ca0ffa3b6308ce303729f2ac627caa4d6648c98e60a9a0d50be5815ac656173f360bb26b8d735041739ef67e,CLEAR,DAYLIGHT,DRY,FOLLOWING TOO CLOSELY,2.0,50.0,1.0,1.0
0cc7b246be0cae898f2b8a679bbf5728f9ef7e96d95cc27c9468e068c8f007c63cd61cd4e822e4a66e094f10928de4119f0d06d3f6fa5edc901e28075ca7beb7,CLEAR,DAYLIGHT,DRY,FOLLOWING TOO CLOSELY,2.0,24.0,3.0,3.0
0cc7b479f707d6cd42616e2616138d2e9201718d9b631c7caebb9b1394f6a48393df6222e2f6fd04a4397fe53b71f5ddcd91b5957bfae50df64370bf07991c48,CLEAR,DAYLIGHT,DRY,FOLLOWING TOO CLOSELY,2.0,29.0,2.0,2.0
0cc7ca2d1a89f404f98d877f3fa06ec3d9e1460f1a161ffd56f2abb6113472b1821ad12d0cb5bcc7f828338917c5b2d582c4eb4a121f04ae4f7b242db55943bd,CLEAR,DAYLIGHT,DRY,FAILING TO YIELD RIGHT-OF-WAY,2.0,39.0,2.0,2.0
0cc7de20138683c9a72abd8fd7ef48cd013bdde5800b1081ebeb732279eddb601806c8a287aad40159b17d09474a359250026b8ff22fde1d19a9d4a26cd2353a,CLEAR,"DARKNESS, LIGHTED ROAD",DRY,IMPROPER LANE USAGE,2.0,44.0,1.0,1.0
0cc7f7e1d50c4063227cef33ffa8d5b86568defe30180f58e5fbae7f1ddd9c955a0e0f962b53b770ff3e62557f97705e8c6c416792857d966fb7e35f8e972e0a,CLEAR,"DARKNESS, LIGHTED ROAD",DRY,IMPROPER LANE USAGE,2.0,33.5,2.0,2.0
0cc7fed1a8f7b0c26865089e969829905a9e5dad43d1a2055503a5d39adcf468566f93797ec3a63afc29ed3661ef9494c7b75c900d2894cce44da13ef42612d2,CLEAR,"DARKNESS, LIGHTED ROAD",DRY,FAILING TO YIELD RIGHT-OF-WAY,2.0,44.0,2.0,2.0
0cc80429866f4c85bc14408edb2da9e6de2587099f7cc22c92aebbf59a9e661c453cc01e87cd3bcbfd05fdb18cbd7213c88196039cd5616a920a90c64a063a01,CLEAR,DAYLIGHT,WET,EQUIPMENT - VEHICLE CONDITION,2.0,24.0,1.0,1.0