crash_record_id,weather_condition,lighting_condition,roadway_surface_cond,prim_contributory_cause,total_vehicles,avg_driver_age,total_people,total_injured
0cc87b754ee3b0b4652ee0f1eadbe7db31535cbc05f58ae6fa1b2117a61c43242f77485380604481a09811ef96c9e7b16170943b30944c0d3f3c91eb6911c611,RAIN,DARKNESS,WET,WEATHER,2.0,24.0,2.0,2.0
0cc8af08411cbf7f01ca1bf911223cffe9c4d7e3f24e4e7e37869f6ffc5e7302c1a61f6e2134824fa6815b855a7e39670b0942c14823d4ce8bd0dffb7bb368b8,CLEAR,"DARKNESS, LIGHTED ROAD",DRY,IMPROPER OVERTAKING/PASSING,2.0,38.5,3.0,3.0
0cc8c7e1a45f11eb8363f86995546d4dfc44b5f37e5ef2d6621ba5383424860d42a163d3f9a3e1f080fc6efebfdce8b17c834cfe0c44272eccc5efb523b0ba23,CLEAR,DAYLIGHT,WET,IMPROPER OVERTAKING/PASSING,2.0,37.5,1.0,1.0
0cc8ccee0e232c53a359e5bf8c5bd9881b87095f4a03714ba7f60524396f574f5336b8f3d3d24c9aaa96cf96771210f664bc65c4c57e84ebb3fe730f16a19667,CLEAR,"DARKNESS, LIGHTED ROAD",DRY,IMPROPER OVERTAKING/PASSING,2.0,48.0,2.0,2.0
0cc8f8bd773fe2e33726afd8fee6231a6044926dbc961d7b02719e2d8877855166d7624cf3ce85efb3ac5352d08c9cbd7b23b8c18ebb83cf7e756c108268c1cb,CLEAR,DAYLIGHT,DRY,FAILING TO YIELD RIGHT-OF-WAY,2.0,44.0,2.0,2.0
0cc90d42d9eae95172a066770fb9d69575f64d804a9cdd4d32878b4c7d4e070904d9b5123b743e8d9f4f0355a855c9d3d5061f05761d21d90b886742473bdfa3,CLEAR,"DARKNESS, LIGHTED ROAD",DRY,FAILING TO REDUCE SPEED TO AVOID CRASH,2.0,34.0,1.0,1.0
0cc911718a3edcfb7c2ee59e47a3b0285387a4b03228b40d038681bab0cdaab638e744d01e0e36a7226170967d0e890261ab7bc221f5287d1916aa9f18f82b08,CLEAR,"DARKNESS, LIGHTED ROAD",DRY,"OPERATING VEHICLE IN ERRATIC, RECKLESS, CARELESS, NEGLIGENT OR AGGRESSIVE MANNER",2.0,19.2,5.0,5.0
0cc913c57c98cc07ab3fc49ffbf6c5dba09f319962e81c348af81139a7e06ea6d18fbecf5e48f842b1dfd8572a7feb5d719ff3ffbab2c4e179a4a2c16369df93,CLEAR,DAYLIGHT,DRY,DRIVING SKILLS/KNOWLEDGE/EXPERIENCE,2.0,36.0,2.0,2.0
0cc9452b4c2da830a35773f24fb2fe426c3c344f4ddf502603609236c1d14998c9b9d121eff7a28090d681620a99f7af8328fa57bf1dd7d185809bb205b81e7e,CLEAR,DAYLIGHT,DRY,IMPROPER BACKING,2.0,34.0,2.0,2.0
0cc94ae212ebde9470dc007b5132a928348079d1587181dfe0e9a58cc319e3b67b609c3bd2c3423bb6a56a2b69a82f6b89d3852a58609b28ed12f821eded09c0,CLEAR,DAYLIGHT,DRY,FAILING TO YIELD RIGHT-OF-WAY,2.0,42.666666666666664,3.0,3.0
0cc95c09e75ab8de2b72e2982fe6bc56c2d56d4b6d616a7e30a8a9af7cc1c7525b5049c4600d54696d97d636a2dcbda90bceaf52389c975543dd004033bfdcae,CLEAR,DAYLIGHT,DRY,IMPROPER BACKING,1.0,55.0,2.0,2.0
0cc9839695e8bc3c01cb8773072462c572c1125b8ba7b468eed2b2d20ba5c0bcd0a55eea9dd36651e5dbd95ef01a2f543ca748887b9e634366c4145ecaa82f4d,CLEAR,DAYLIGHT,DRY,FAILING TO REDUCE SPEED TO AVOID CRASH,3.0,19.0,5.0,5.0
0cc9ca5a5d451a6d5a67d659b9a28ae99c06bdc375fd15f0b9cad002f7cda26790b9aa78d05b642931e041c0bc02d340b27badafe37fe001f3690a6f35d64a49,CLEAR,DARKNESS,DRY,IMPROPER OVERTAKING/PASSING,2.0,32.0,2.0,2.0
0cc9cfb4d0d32bf2255de02a395354a21beecac5e95f01a041070a02e5cae644379bf65d9ad101bd9f327d8258d5d5081c01b45a7599e29edc68b4ec9c1f9a14,CLEAR,DAYLIGHT,DRY,FAILING TO REDUCE SPEED TO AVOID CRASH,1.0,14.5,2.0,2.0
0cc9ecad328a1ba9fc7621fd728a773d4c4de096a5db7575f7bcb36798a2b98be79f931d8e3de774ffa84551877f98d6251c81d0cbcfd176b0fb088a5fc72143,BLOWING SNOW,DAYLIGHT,SNOW OR SLUSH,FAILING TO YIELD RIGHT-OF-WAY,2.0,35.0,2.0,2.0
0cca0d352035bcf0b24714b26cf7396b85d1f0856be0010846d8247366599283c8614313531658d48c9d71da0cc9da6762692b0ae1182ce0b731d7f440724065,CLEAR,DAYLIGHT,DRY,IMPROPER BACKING,2.0,46.0,1.0,1.0
0cca3baf048ce6e158a4e764ea0f487718eaae6578aa41254591e0722cf9b21c3dc39c87ecbc329e86ba5abf155ddcafa3e401ed7c7cf8cbd55961ca9a4b90d3,CLEAR,DAYLIGHT,DRY,IMPROPER LANE USAGE,2.0,63.5,2.0,2.0
0cca5b0da9aa9588476cec8c5afba31160f6daf6b2d850d637465cdb8afd8bac83b451ada969bc3c8ff909db9d426ed5bacba62beb6b4d36d47de0d3456125f5,CLEAR,"DARKNESS, LIGHTED ROAD",DRY,FAILING TO REDUCE SPEED TO AVOID CRASH,2.0,25.0,3.0,3.0
0cca6c071b570103528e230b1a3dd0f80929fdb6dd146e8decaaceec342c3d782f07dc46aa48b95a845e1cade34cbcd68423bff25a2e6d708bbc86d51bc5a986,CLEAR,DAYLIGHT,DRY,IMPROPER OVERTAKING/PASSING,2.0,25.0,2.0,2.0
0cca9c19e91f7c3da2f35653f4f58cb238c0b0f4b6edb85cf8250776606aef8d04eab0e202823e9fce16e6033a8b3d724dbc2948fe96d2fc519b4d8c27321093,CLEAR,DAYLIGHT,DRY,FOLLOWING TOO CLOSELY,2.0,47.5,3.0,3.0
0cca9cb70720394ef2cabccf21e962d1131fc3de8ed4b85bb95893f018a95e03358aaf51affaa19dcbe998d591eab7ba3a16c7f723ef8a58106071bf10b00f77,CLEAR,DAYLIGHT,DRY,FAILING TO YIELD RIGHT-OF-WAY,2.0,51.5,2.0,2.0
0ccaa78daf355885e013496911642c5c578c342763d4aff1b484807e006fdefe84b222af985a4b354d01c28759c6aeff54f79698d8452d4809f995868fb0109c,CLOUDY/OVERCAST,DAYLIGHT,DRY,DISTRACTION - FROM OUTSIDE VEHICLE,2.0,36.333333333333336,3.0,3.0
0ccaa961713e264504be0a3b7d36ce665d098133611ed4e7b7f1819ee93d15775cfff9f34e733746afc143be81833f73bbace218d043a946f94bd02d62ff1765,CLEAR,"DARKNESS, LIGHTED ROAD",DRY,FAILING TO YIELD RIGHT-OF-WAY,1.0,19.0,2.0,2.0
0ccaa9a63e7c22a249f89e6ee3c9a387db60506dfe6d99abc176f4da4840f5385a80acd7c7d8b40ab87852194a64e1a0f968eb6150e66d5c5831f0c9af90540e,CLEAR,DAYLIGHT,DRY,IMPROPER BACKING,2.0,42.0,1.0,1.0
0ccaaaea1377fe8157b1969c7e0d3340689b6bbcb23d19be8cc81fbe1086683464fdffca76eba7e170f0a417ae0442bbc4d50d60ee4a39e9eae57a4ca8968811,CLEAR,DAYLIGHT,DRY,IMPROPER OVERTAKING/PASSING,2.0,26.0,5.0,5.0
0ccaef8b0f4ad2f9bd9a3a48f4fad36c230be571a4c21e920f8876a719a2fa2521ba44001191da5dfc77d5298ebf960fc2cdfa305f3625220f917ee8e01ce30e,CLEAR,"DARKNESS, LIGHTED ROAD",DRY,FOLLOWING TOO CLOSELY,2.0,30.0,2.0,2.0
0ccafb0922ca7b9ccd21613e2f269b10c3abe2b0db8aa3160f07e6b7b73751b61f3055af540c91d3f7c36df2b8ac79525c7d076051eb54745f687ed44caf1903,CLEAR,"DARKNESS, LIGHTED ROAD",DRY,IMPROPER LANE USAGE,2.0,45.0,2.0,2.0
0ccb1325f9fc3f0e1a49c488c3e5eae0fd76d38f4a92e0d0c50429381c4348e8d0ad3db2431240bf5ea51a3744269bd7847256c3f5e64fa36253e4f06c4a9d70,CLEAR,DARKNESS,DRY,IMPROPER OVERTAKING/PASSING,2.0,34.0,2.0,2.0
0ccb404615afd00d1a25c18f83504afd24e2cd2b3627f988ca2f40f1b1722021cb8493e2e92eb6162ae2712debf7a56cd64261a28aa5ee4b008ded2f50589ef0,CLEAR,DAYLIGHT,DRY,FAILING TO YIELD RIGHT-OF-WAY,2.0,25.0,3.0,3.0
0ccb4a7a7625d983cd5fd6c72321f0a43089ec92282426db12490341c62ac44e1ea956aa40a45a228d75f60b12c96d932c9d419107f4ec69374223eb39f8e154,RAIN,DAYLIGHT,WET,IMPROPER TURNING/NO SIGNAL,2.0,32.0,1.0,1.0
0ccb56c8bcbe6dc99e35cf8c2f1c1089fa5535d1f9ab5d89854088c45283726be639553398aaf5dba9fcb9736e7eb63cd544d9d0247598be60c519fadadda141,CLEAR,"DARKNESS, LIGHTED ROAD",DRY,FAILING TO YIELD RIGHT-OF-WAY,4.0,29.0,2.0,2.0
0ccb8869e95a365d7a07f6edab16baec0fa11a9f9cff10f958d0f320d461f3fe07e12bf1449b889edd787e09f96bfdd3d74d8f72e5f9f3130a4bae7c64593c69,RAIN,DAYLIGHT,WET,DRIVING SKILLS/KNOWLEDGE/EXPERIENCE,2.0,43.5,3.0,3.0
0ccba4e558943124c83d39fdc659453e074d380959a256942d135455c8206c4467cbdd66a10c8fb7347a31f50a2759dcb87ca8718ea4fd9748151a3310012c57,RAIN,DUSK,WET,FAILING TO YIELD RIGHT-OF-WAY,2.0,26.5,2.0,2.0
0ccbb1d2cfa4fffc82d0deb7cd2317357869c5cffe8a9ef03c08a43cb30a1d248257deb652226c33c0341d325a5ac5b0ba33181fd67995fad6ef94e4d085d68c,CLEAR,"DARKNESS, LIGHTED ROAD",DRY,ROAD ENGINEERING/SURFACE/MARKING DEFECTS,1.0,33.0,1.0,1.0
0ccbc45463a08c02a259287a1889d9e2e491b8e08553279d11f3804827c6cf56eb5861ccf04f87e85446db43fdd9ba32378fe9d809de50509dcb4b85e4099193,CLEAR,DAYLIGHT,DRY,FOLLOWING TOO CLOSELY,2.0,41.0,2.0,2.0
0ccbcc46bb9777cc2f8f37fa20c9149103369cd4840baceb2a124259c66362096c1d9581b533f410bc773cc92e27e19f2461bccf8629cd207933f52d1662523c,CLEAR,DAYLIGHT,DRY,FOLLOWING TOO CLOSELY,2.0,58.5,2.0,2.0
0ccc5cbadf1b9d8ffd1cfd662ba801f65453740a015f7e6c633c71140f68b4c9e0d5b4931147da4f56d708d36b1e1d9b31e66d1f9b093a7a9df5dde6d01a7a47,CLEAR,DAWN,DRY,IMPROPER TURNING/NO SIGNAL,2.0,37.333333333333336,3.0,3.0
0ccc665445d9c98b665cad8b4dfad63b7f8bbb5f447636c5a4ea44f19569186ad52c0c4aae68273ecdba318bea76e714ff8b4a3cee6de895e5f3db98f6631ed2,CLEAR,"DARKNESS, LIGHTED ROAD",DRY,FAILING TO YIELD RIGHT-OF-WAY,2.0,25.0,2.0,2.0
0ccc741d1598fae6b2ee3ee42425c54c10520fe3b11bcbe6041b26ff0f25ba0b07838dab358d735f0d4900f76b69cf412a33e30a02be9f74ac4a04be88abdfda,CLEAR,"DARKNESS, LIGHTED ROAD",DRY,FAILING TO YIELD RIGHT-OF-WAY,2.0,37.5,2.0,2.0
0ccc85dc3df8f9cf9bda982346723b102907274476d1e5e2750cec64ceba3228cf515db20e834bdd5ad62d9077b1ca6a749650a5a9163091537e10fa52080938,CLEAR,DAYLIGHT,DRY,IMPROPER OVERTAKING/PASSING,2.0,38.5,2.0,2.0
0ccca7c1df20090d9819fe22b4e42171e6a78c764c2fd41f0441fada97c91eb2110d0df1aebc713572a17caed984d7ee3a88fdd07b414b08690c7079551fdb8a,SNOW,DARKNESS,WET,FAILING TO YIELD RIGHT-OF-WAY,2.0,43.0,2.0,2.0
0ccca8750f7ce863c223c8d48912aacdf0fafb24042b6d151d7bd2e2ffb745688f13d3cefaae5a91c7832841bd0589c66c297f8a31b1ace84fa3e5797959f82b,CLEAR,DAYLIGHT,DRY,IMPROPER BACKING,2.0,38.333333333333336,3.0,3.0
0ccce5832f1504abd7c60d9bf66af3762bc402807832e64c8237c2ed1068abd0f9682331869514c7f2faf90d285817507aa56c7f077efa5749f75cd75194063d,CLEAR,DAYLIGHT,DRY,FAILING TO YIELD RIGHT-OF-WAY,2.0,38.5,2.0,2.0
0ccd0e8978a4ec8197f0ea589dba54d9bd7e6ee3ad39ab400581095e803d5e55554ae0c46b46832cdb538908560d5cfbc6cb8854cbf2508198c3fdefbd69cf9c,CLEAR,"DARKNESS, LIGHTED ROAD",DRY,FOLLOWING TOO CLOSELY,2.0,33.5,2.0,2.0
0ccd3b808b2e43587dda418db5522731737b7279d4d18f5cde7af037e6d4e7f2dc07749af217fccad5945838f3359bb4ec53ba8607cd771a45119f7f5afd1b8b,CLEAR,DAYLIGHT,DRY,FAILING TO YIELD RIGHT-OF-WAY,2.0,33.5,2.0,2.0
0ccd52dadac9e790cec4e69771c66cbc4fd761b9c1b20d30d7f7607ec611e4db75149ade1c85aea5c49a7fb00ef651149913219df90c960a9f1e6eef614c720f,CLEAR,DAYLIGHT,DRY,FAILING TO YIELD RIGHT-OF-WAY,2.0,28.0,3.0,3.0
0ccd77a7ee9bce81283a7578ed8b58fd72a904e897a918874012419ed73c193ab8613fc23e470ddf93cab9d95d8b1fccc6336d373cf0ae97a733de42a11b77ae,RAIN,DARKNESS,WET,FAILING TO YIELD RIGHT-OF-WAY,2.0,39.0,2.0,2.0
0ccd7dc9938fc962baa2370e3699f25f60a7470007b627877a2ad1c0979d497511e6996c3dd716d11efe647977df62e0cdb8c45784d4771284f1007df2798374,CLEAR,DAYLIGHT,DRY,IMPROPER OVERTAKING/PASSING,2.0,24.0,2.0,2.0
0ccd811defa376ca7752e08f0ffa21efeb88ca91b0a709f8ff5f8ccd70617c52ffbeeaae8bb5872e9507bed59878c37debfda1e28495cb122b9121ae47cc0f8c,CLEAR,DAYLIGHT,DRY,FOLLOWING TOO CLOSELY,2.0,59.5,3.0,3.0
0ccd8681ed4ba86ca210343d6671222bb542e935e8e94adb0172cd42d5cedb044adf82613149e8eaf83d6496d8b6da85db83ccbd3e1f15c5248abff83f523f55,CLEAR,DAYLIGHT,DRY,FAILING TO YIELD RIGHT-OF-WAY,2.0,55.0,2.0,2.0
0ccdcd328c36026c52566aa8c6c72a05b2f3a98852879a29539d085493bb003d20205365166f9ccd122e7c597651faba1bbc213c74406f8c4e7900ced589dc4f,CLEAR,DAYLIGHT,DRY,FAILING TO YIELD RIGHT-OF-WAY,2.0,38.333333333333336,3.0,3.0
0ccdcdaea36ced4f13d40c21a012c0b97d9a2c2536305d07d22730c40ec6c01629f42191737b73592177ff6bb4bf934288b5d99ce77c5460c8d7f0e5eafe03da,CLOUDY/OVERCAST,DAYLIGHT,DRY,FOLLOWING TOO CLOSELY,2.0,39.5,2.0,2.0
0ccdd1c1440499aa443726d9e67f682725f420ce61c918bd19f51ef43f19ecaa2eaa3e5695ee8d0111fd4c8ccd7597187b5d67861531047feb71fb73dc98d844,CLEAR,DAYLIGHT,DRY,FOLLOWING TOO CLOSELY,2.0,67.0,2.0,2.0
0ccde539d12c99fda14a963eac548e41ac2a4c686771bc64d435b12dcb49d6301c88fa5124eaa513e8a964c4d9fb95b5f7750413d3dcf6d0fbf4aad63d5f1221,CLEAR,DAYLIGHT,DRY,IMPROPER OVERTAKING/PASSING,2.0,30.0,2.0,2.0
0cce08cdbba339a03416e800cfd9142bb5e8b0989fe88d6db49ea41436994d20e731192e8ac8fbe1778fd76994a6b3a2acbeebaa5d9beb263b71851bb2980ab6,CLEAR,"DARKNESS, LIGHTED ROAD",DRY,IMPROPER TURNING/NO SIGNAL,2.0,20.0,3.0,3.0
0cce62876cb38be09b1d28d278e5b697a58d3f30bdf527869bab88e3aa72216422089147908cd117812c54cd26024c508e228aeb38fe9cbf1e03800ee882eb3b,SNOW,DAYLIGHT,WET,WEATHER,1.0,55.0,2.0,2.0
0cce668f684155aa75fd5812fd0d628a39bc0fcf2ac13c94a99e72beeeb1f06462929486995715b93c81d6d063a0386106a9e0d22249cf6963860669831084f8,SNOW,"DARKNESS, LIGHTED ROAD",SNOW OR SLUSH,WEATHER,2.0,25.666666666666668,7.0,7.0
0cce9b126c6ee79d06cd9feaa0b6019064a3385ba96b279d4a91270ef87a54e6557fa4cc858be8bc5eac16edf6c3ef10c711400769bfde3646cc60ec4c6f0685,RAIN,DAYLIGHT,WET,IMPROPER TURNING/NO SIGNAL,2.0,30.0,2.0,2.0
0ccec905c576475d4ba3fb4120230cecbcf6575d06e9d9935235b4e5eb95cd54cd7a6289b0540b0348e16e7c848f04d9e603b1fcfb0c8cf9f189a928fd498c3f,CLEAR,DAYLIGHT,DRY,FAILING TO YIELD RIGHT-OF-WAY,2.0,30.0,4.0,4.0
0cceecaa17a0e7a4f68f8197df9c91ce4ddd6cc805786a8b137591ea03d49944e1702304e20842b41b72afcbdb673d54536049e266bb8582618d2a53102d2a96,CLEAR,DAYLIGHT,DRY,FOLLOWING TOO CLOSELY,2.0,47.0,2.0,2.0
0ccefe80ad41cef7a8390626c0ffb471a4a001655440a101b8a71297ba38e186497ff179a6c00eb7292ab3edcc6cb16c6b4ba4704f8ff13cc940ec3d865e6e0f,CLEAR,DAYLIGHT,DRY,FAILING TO REDUCE SPEED TO AVOID CRASH,2.0,27.0,2.0,2.0
0ccf29a009665903a55427e8cf1020b88bfe9a285e98ea1f04812b71407ff2beb900134e92df4842435b56401f5be32dfad27a05a97f0b33f3650835c1d99380,CLEAR,"DARKNESS, LIGHTED ROAD",DRY,FOLLOWING TOO CLOSELY,2.0,38.5,2.0,2.0
0ccf392e0f304152a4ad366d8b9dbe836311e05981c72da1d11968e1b43d41fcf531b0d30c501a79ee57d4b3b1f55f58ed4cf0983cd06d7e1b62dcc20d80ff6a,CLEAR,DAYLIGHT,DRY,DRIVING ON WRONG SIDE/WRONG WAY,2.0,0.0,1.0,1.0
0ccf3dbd15a4da4cd9a5cc43cc48c9a576112d5f833f9ed3547671e625c116ce3fb3a1457a45da977f72f75934a2d3a26079728b327b5aac03bd53b9fd0ff49e,CLEAR,DAYLIGHT,DRY,FAILING TO YIELD RIGHT-OF-WAY,2.0,30.666666666666668,3.0,3.0
0ccf40e20806a98cbf62d58dc1b55b93ea78b9bf6688560025ae2af99f32582243ca259bca36405a72b93fec70db259a6105cf5c109dcf38da4333f72c5d6684,CLEAR,"DARKNESS, LIGHTED ROAD",DRY,FOLLOWING TOO CLOSELY,3.0,25.0,4.0,4.0
0ccfa15c368d3e181f2b3a48c5fb9b71932b5bc4e6a1babf75d50ce4bc51109ba17231801591058e4dacc0bc60e4a4202475fe1852e2b63ee23b7e5369b1fb40,CLEAR,DARKNESS,DRY,IMPROPER TURNING/NO SIGNAL,2.0,31.0,2.0,2.0
0ccfa252831b46d134c4c9456ec56171a37a58efbdfe2028f29f2f2c1e3d374c4686bf598949d83e419299187eab35653c2cd924e386a893939ff8d75e9d9d4c,CLOUDY/OVERCAST,"DARKNESS, LIGHTED ROAD",DRY,"OPERATING VEHICLE IN ERRATIC, RECKLESS, CARELESS, NEGLIGENT OR AGGRESSIVE MANNER",2.0,35.0,2.0,2.0
0ccfcf090308f7538d04a9455d0722896db194ae444e52a522aac81384dfb29637239813c3b1ea4ae68e9f2902edcf3dac70de76bcabce59ea23c88a822614dd,CLEAR,DAYLIGHT,DRY,UNDER THE INFLUENCE OF ALCOHOL/DRUGS (USE WHEN ARREST IS EFFECTED),4.0,38.666666666666664,6.0,6.0
0ccfd5b950743adb2153c8b8ed9a312f0f14fc366715ea4bbd6adbc80f5c8af5d0f972df05a848c48acde942bcc881335dab54f73adce6fcc8974560d4d209a2,CLOUDY/OVERCAST,DAYLIGHT,DRY,FAILING TO REDUCE SPEED TO AVOID CRASH,2.0,49.5,2.0,2.0
0ccfdd1a2f7603be224e712ac289a9a0b128ace63521b3e57e144af9f8ce378771cb758c2d79228e3df696ac6120bc0d270123535e4597e80922ec97a4fb2560,CLEAR,DAYLIGHT,UNKNOWN,DISREGARDING TRAFFIC SIGNALS,2.0,38.0,2.0,2.0
0ccff8e1e482757253a83eb997d79ff2d1a21b4844da582665e8e94dd8cdb7815b71ee0953b67bbcbc0de80a7bb85b2c458d530b396e91434eab6391d60199e5,CLEAR,DAYLIGHT,DRY,IMPROPER LANE USAGE,2.0,47.0,2.0,2.0
0cd032afa8f33442449d4e5f6a46646bdd18153f0396bb128d871021b3341aedefb4c19c955675e4f63c0e1e50b50dbb8df4285f6d7d5565148bbe6cd904477b,CLEAR,DAYLIGHT,DRY,IMPROPER OVERTAKING/PASSING,2.0,23.0,2.0,2.0
0cd037531e8cac7ff05a1fde703e8e933f8fc1e5a901792c8acf49580b44c0b7e26d1e83a778771875ed8719aea25e11fe6587b2758af07cb6c58c5c544a2359,CLEAR,DAYLIGHT,DRY,IMPROPER OVERTAKING/PASSING,2.0,27.0,1.0,1.0
0cd03b895547023f601702b5978ded0f150ee35e145a613f1cd094838f146f0d68c2c91a3105fed709713b35b66df4b22e7d855a9000ab78d8e4ed2d5e4cf1a1,CLEAR,DAYLIGHT,DRY,FAILING TO REDUCE SPEED TO AVOID CRASH,2.0,44.5,2.0,2.0
0cd0477e71313460b8e31ad065619155ba786183763e0833f799162cf3218ab226a042c4a7667c202c8bfffeb92d90c282bdb306416f4e6dae62bdea81efd337,CLEAR,"DARKNESS, LIGHTED ROAD",DRY,PHYSICAL CONDITION OF DRIVER,3.0,0.0,1.0,1.0
0cd064094336f017a6f057f514554bdf194630704ab84b4b02a0c0298edc4948424a1bb74fc896e9ab699b6f690af7f29154d3c70ae5cdcb521a8b928af4dd60,CLEAR,DAYLIGHT,SNOW OR SLUSH,FOLLOWING TOO CLOSELY,2.0,44.5,2.0,2.0
0cd0821fb8a7704cfce7f09214c7a0cc089b8d56c2e04e0781874bd20d69efec4b930a047201d3aa76898729db2229fd313b7b94d606c6400015f5a9e7501f9c,CLEAR,DAYLIGHT,DRY,FOLLOWING TOO CLOSELY,2.0,30.0,2.0,2.0
0cd08e820020df8f59a90d3adbca227fcdca1dd3ccbd47f333e539b517528d87eaded9f73c1be30229db976498a8ba01a9a9b335536c190640d1c24570624b16,CLEAR,DAYLIGHT,DRY,IMPROPER BACKING,2.0,37.5,1.0,1.0
0cd0c2146fb27b029aa7c8656c6510b594b339b156b3394849bcaa022117a7e4d6eff25a253aeca6ac46f39edf0170a64c4641a28fc4e1d869a67c5967852ac7,CLEAR,DAYLIGHT,DRY,IMPROPER BACKING,2.0,49.0,1.0,1.0
0cd0d66a9c42b1d9c4556a6c5199482efe8aecd8a4f04e18951e40f892ebd11ddc2c269f84eeacfbe9f8a19ba9e4f5baebc68bd57cdebdf45ae30a748d3b7a8d,CLEAR,DAYLIGHT,DRY,UNDER THE INFLUENCE OF ALCOHOL/DRUGS (USE WHEN ARREST IS EFFECTED),1.0,39.0,1.0,1.0
0cd0d7c746df48091b689ea005be3fdd58925be47e93344cd2810057c21caeb183660ae7d76367c497ab1d3dc10374cbdbced5d3ac17f585566a67e48a7cd7aa,CLEAR,DAYLIGHT,DRY,FAILING TO YIELD RIGHT-OF-WAY,2.0,29.0,2.0,2.0
0cd1018a9e90245584865e699611a2c8438cc9791425c2136f17c6e112e6e922a26a907c780033830fef84c26ef3d8a72e8b771684894135ec1c1838e6399a5a,CLEAR,DAYLIGHT,DRY,FAILING TO YIELD RIGHT-OF-WAY,2.0,48.5,2.0,2.0
0cd11d71ae9340a6c5e2983ddabe3a97df4a2ba96a3e74d3e19ef6054b2fb767e662e0571ff47289397a6b8782a286be937b910148b8e3fab6b0b63ef850c7f2,CLEAR,DAYLIGHT,DRY,FAILING TO YIELD RIGHT-OF-WAY,2.0,19.0,2.0,2.0
0cd1228bc1969dfd58cce594d64d40f6aba967cd656e87d59870cdf104b70d11f07a844d0e3ffa00b4d4eefaabfe49fff73dbb75672177b878905eeeb59f026d,RAIN,DAYLIGHT,WET,IMPROPER TURNING/NO SIGNAL,2.0,24.0,2.0,2.0
0cd15403d6e39c51ae5a6cef377f2e0fd2124a9655f97efb478a7c1308c491693d77745160c90fc1e6358458559be15281195ade05940bcc9969d9051630dde6,CLEAR,"DARKNESS, LIGHTED ROAD",DRY,FAILING TO YIELD RIGHT-OF-WAY,2.0,24.0,2.0,2.0
0cd15ec34be466eee4d12d77485942d764d92e6c1350a68a98a5cdd0ff320a13859fbd4f449c116b0280b592f164310278038966129f4c806eedc021fa29aca3,CLEAR,DAYLIGHT,DRY,DISREGARDING STOP SIGN,2.0,33.5,3.0,3.0
0cd16d9e3406731881febccbc5459efdb222e3d54f4bca5e89de414798c9ffa7ef3b3282cd7608a1aaf2232049d096133601b240eb27482223bd6dce02a72fb0,CLEAR,DAYLIGHT,DRY,FAILING TO REDUCE SPEED TO AVOID CRASH,3.0,43.5,4.0,4.0
0cd1805e43c796d702c2cb4687318a9f1a3cf2ea0571a6b85ec89227e95dc20ecd3b730844f6c3c0ef50879a6782a953039f2d029dcef2e50378b599bd0b8799,CLEAR,DAYLIGHT,DRY,FAILING TO YIELD RIGHT-OF-WAY,2.0,49.0,2.0,2.0
0cd198a9c5152949c65346da93bed20b0a439ebc4d5d3aa7084aef632875ad1778abfd40355ac805202041331a732872f0b8c1ba067db8fb993dd09544bdb1fa,CLEAR,DAYLIGHT,DRY,FAILING TO YIELD RIGHT-OF-WAY,2.0,42.5,2.0,2.0
0cd198f2990f2fd66be5996b0089d4b7ac6a675fd9a980759374b3928e7947eff924bc292b264e9b041b6643837ba96d78700c8c36c7799ed0b950f6b6ada5d5,CLEAR,DAYLIGHT,DRY,FOLLOWING TOO CLOSELY,2.0,54.5,2.0,2.0
0cd1b948612ce8204008123451021193bc23bf3b0dcc62de6fdcea8564c60aca8d88f9af1f93ded0c0d06b16a558c2ab0f025f5e3339b70a042dc29b4ae9a416,CLEAR,DAYLIGHT,DRY,IMPROPER OVERTAKING/PASSING,2.0,29.5,2.0,2.0
0cd1bdad321e8f82e23a3b9c3227d7c76ac89ff06596a380c45acb3b9fbf40de1ae49cfdeac4e052c44d44f352641e705ef59c359a476057043bced9e7273907,UNKNOWN,DAYLIGHT,UNKNOWN,DRIVING SKILLS/KNOWLEDGE/EXPERIENCE,1.0,49.0,1.0,1.0
0cd1d0bbace6de580088f9415ce8efc8a397bb46e2162ff2f618e9e7a5e90526938b096b0378fd4bcac871405d6b34a2be32bc85c03bf69f42cd393a1b9b47a0,CLEAR,"DARKNESS, LIGHTED ROAD",ICE,ROAD ENGINEERING/SURFACE/MARKING DEFECTS,2.0,52.0,2.0,2.0
0cd1d285eb7d878fda6459d6707cfbd6661c245e9ac2139bed39f6ff76d9b42990b6f51135f465dbe5cccc1775d0614e7fa135d0bb5ef5e191e484bbe76ae765,CLEAR,"DARKNESS, LIGHTED ROAD",DRY,FAILING TO YIELD RIGHT-OF-WAY,1.0,46.5,2.0,2.0
0cd1d664964b3fdaab55c09223555227ed4477a65206cf52f8a2db556a708f6b76b2c66bd6d6a2f5dbf69542dc5049a3cbc30695cefc29ed4a86bef7c1d4d6af,CLEAR,DAYLIGHT,DRY,FAILING TO REDUCE SPEED TO AVOID CRASH,2.0,20.0,2.0,2.0
0cd1e862031acc140ba5ceaadfa40413100595a77541e099c68abea58b6171f9bc97f4c121dd4717a5ce93b5f612c0a7a3d90334a86b69fb2608af981055ffd4,CLEAR,"DARKNESS, LIGHTED ROAD",DRY,FAILING TO YIELD RIGHT-OF-WAY,2.0,35.5,2.0,2.0