crash_record_id,weather_condition,lighting_condition,roadway_surface_cond,prim_contributory_cause,total_vehicles,avg_driver_age,total_people,total_injured
0cd20837ec79b081535d873f4c510b5cace86139ee17d0f985cc5b171549beaa7a9b971d358bd076eff88bd8b70c8e746efb1a59efa9062ef89d8e7847e7e51c,CLEAR,"DARKNESS, LIGHTED ROAD",DRY,FAILING TO REDUCE SPEED TO AVOID CRASH,2.0,34.0,3.0,3.0
0cd22476fd2de2a3cda65343ae4e7a12d46698aa174bd7d313eebf725eefb1d34552c9ea134d297e6b027d6ec18f5116319f35eb6240fe59cd01cb367df48ef2,CLEAR,DAWN,DRY,ANIMAL,2.0,43.0,2.0,2.0
0cd2400291ade06e27fad72089b82423a7d06897537a1cd020ff6adfb463c3c8121c94300d5e1885e138ee1027a53744883f7fdc70a858d2d4412a9da1cbbb38,CLEAR,DUSK,DRY,FAILING TO YIELD RIGHT-OF-WAY,2.0,32.6,5.0,5.0
0cd2406870e01681562730cf158225fdb4913e0187a7780a4e66ebd34aebd85c306354b6902f58f73e0576bda1a13f6a4907010df252b9ea3d9a86fdf01ce91f,CLEAR,"DARKNESS, LIGHTED ROAD",DRY,FAILING TO REDUCE SPEED TO AVOID CRASH,2.0,14.833333333333334,6.0,6.0
0cd27518bf6cbc4337d906c22dbdb24f6b79503de0cfada72e7338a171ff08ca0753d71f741ce71d59bae7c37fa2034dd30b36bffa5c94cd2659ce806155db19,UNKNOWN,UNKNOWN,UNKNOWN,DISTRACTION - FROM OUTSIDE VEHICLE,1.0,31.5,2.0,2.0
0cd27cc32bc31362bb174a4028cdb301bb0786bb11bb4d6432c2853e7615cddc2007a90343358599e11498e7c818aefdedc2585f61f30d4f6e3b8a7b7da3acc9,CLEAR,"DARKNESS, LIGHTED ROAD",DRY,IMPROPER OVERTAKING/PASSING,2.0,43.0,2.0,2.0
0cd28dbaaa2d5121852636b936460e15bdc79370b1ae68dd3b8d259f3fbcddfc4c18c874ddfb530a695f2da9cfc03beeac4661900b1638ad104201fe29f00c1c,CLEAR,DARKNESS,DRY,FAILING TO YIELD RIGHT-OF-WAY,2.0,68.0,3.0,3.0
0cd2a524fe293b725723f6f83b5c2eb716ca520b420d8141f0ca846bf276823116285168904ae9f28519a437c2318254938e4d85c5730e79fae2aa5325c98689,CLEAR,DAYLIGHT,DRY,IMPROPER LANE USAGE,2.0,31.333333333333332,3.0,3.0
0cd2b1eab72f47fca4be4fa90a404be8ab8d9f30cbc5cd0ced52bf0c434837d077e805c8a8e87790ddb7b58c39e78965213284ca5a977e5199c31885ec471a9f,CLEAR,DAYLIGHT,DRY,FAILING TO REDUCE SPEED TO AVOID CRASH,2.0,28.5,2.0,2.0
0cd38748ce6a5be86a957dc271d8cfa669297a3ee83c709cf2130fe685926119010a07006472b6dfab3c6763104003a3fb0ee2c83709034d1a83ad6203bed8be,CLEAR,DAYLIGHT,WET,IMPROPER TURNING/NO SIGNAL,2.0,50.0,3.0,3.0
0cd39ffc12b3180c7dfda6fb8b20c859fb8a3adf98c1f31b402a259875fe20a9760053a2a6bdbe256baf0939928725b063453385fb7a19ae326fdb8e75681db5,CLEAR,DAYLIGHT,DRY,FOLLOWING TOO CLOSELY,2.0,45.0,2.0,2.0
0cd3d5517964bf8bd0f11d9d64a94a0027743ed51ab123ae5ef42f548c3f3fe9d5f9d5d9507a6dc5bcb364e1c6648118990d36168598937ab72a03734c65f1f5,CLEAR,DAYLIGHT,DRY,FAILING TO YIELD RIGHT-OF-WAY,2.0,68.0,3.0,3.0
0cd3e21c68ea2793f9499baf687abc7f9bb0b2de3ed24a1fb7283aae4680c65ce7f0fc6323b7704cc0828ec3a507281a6c8a07623c0cd62dcf7b950a885d24ae,CLEAR,"DARKNESS, LIGHTED ROAD",DRY,IMPROPER LANE USAGE,2.0,33.0,2.0,2.0
0cd4060115e81990e2a68dbad00ccb20b21add9b69c6f63c741f06b6cd5c5efffbb6615693b72c284fa44b83247b7d57c5de9773a938eab5e20ba75635e6c631,CLEAR,"DARKNESS, LIGHTED ROAD",DRY,FOLLOWING TOO CLOSELY,2.0,35.5,2.0,2.0
0cd41189cfa9b9cd76a59ee0db4d5e029ab81e75582b141f2bbbccaed2a76ef5df8d775241e8a817e1b46c6d26a2799e7112b7118d11b4d698328256fd531abc,CLEAR,DAYLIGHT,DRY,IMPROPER BACKING,2.0,70.0,2.0,2.0
0cd437fe90a5cc41e64fe0fa70e55131d65baa767b665701a2086b6d13fcb1394ab35113b73b3e790188ddf903ae772606a90059dd2c4e80c7c2f7a87b351ac9,CLEAR,DAYLIGHT,DRY,IMPROPER TURNING/NO SIGNAL,2.0,20.0,2.0,2.0
0cd43cbdc07e7c1d2a466cc3fb2a26832d1b8ff6d4bd6677672d36ba792f4a9266877371cfffa346bbd31b9b0a964df42fe4dc595eb4f4d2acdad23ba48492a6,CLEAR,DAYLIGHT,DRY,"OPERATING VEHICLE IN ERRATIC, RECKLESS, CARELESS, NEGLIGENT OR AGGRESSIVE MANNER",2.0,21.0,1.0,1.0
0cd45fea537dd77d4fe2ed03f659f51198c57884ee8c8bd4f68e0852f7eb90644f13aaa613e696517882b5838bed8322ecd420d7197f9b0fbf28075ea44f3ace,RAIN,DAYLIGHT,WET,IMPROPER LANE USAGE,2.0,37.5,1.0,1.0
0cd480a8886fe3ef2d910dd5eecb268c8dfe92ad40398d5cb66ea4965422bb08d7cc0d29704eb4cf70bd8eb4a744e29f9b53b1de83f1ce14566570b81b67d8c6,CLEAR,DAYLIGHT,DRY,IMPROPER BACKING,2.0,29.5,2.0,2.0
0cd48ed615ffab04cccbeaf59f64d0d0b6496e20bd71e7d0f559d7183e680620db0b5d34f1dd242d39d9b44603bb931eda200223962ba2b8f684d009df0e5f73,CLEAR,DAYLIGHT,DRY,"OPERATING VEHICLE IN ERRATIC, RECKLESS, CARELESS, NEGLIGENT OR AGGRESSIVE MANNER",2.0,41.333333333333336,3.0,3.0
0cd4b13bb63997074976a308e9457bea986be15bc7cf2b0070c37b061d549fea0af30599832c7bd2c22d628acfceaf59dab70d21b3f73345c0a929e510ff6cd1,CLEAR,DAYLIGHT,DRY,FOLLOWING TOO CLOSELY,2.0,38.0,3.0,3.0
0cd4c4cf3c839672d3b7daadd3f65616e8dfac3cea68ddb6b11db27ff7fcb4f44a6d8e4cb398ff7955d5fa48a3a443670a3f55094e574086d2c84ecd9bde7d96,CLEAR,"DARKNESS, LIGHTED ROAD",DRY,FOLLOWING TOO CLOSELY,2.0,37.5,2.0,2.0
0cd4c50b1d3a65b066895db101cb27af1eb9a96add3dfd8d0b2b8dd7d8fb1c65ea9fca8b4f7346a8d63361648fe9667238f12c25e0209837e07ff4dc93f9c2fe,RAIN,DARKNESS,WET,DISREGARDING TRAFFIC SIGNALS,2.0,47.5,2.0,2.0
0cd4d4322d7ce86d77e91f7a43d2cb7042a6570ad008816d5e6e00d75790f68654379dfccaae2f3f2fcf583260c0b5db686c3c56081251aea4ac661ea7db432e,CLOUDY/OVERCAST,DAYLIGHT,DRY,PHYSICAL CONDITION OF DRIVER,2.0,31.5,2.0,2.0
0cd4d71869a674fe5bfc0365a914602703486fc2663fc35b2136244f416e4e238fca5ffdec5be653c3e7fbb605d9526a34707559419d3327762cc70ac733b6a0,RAIN,DAYLIGHT,WET,FAILING TO YIELD RIGHT-OF-WAY,2.0,45.0,2.0,2.0
0cd56d1c9c89da80a66038af653d1f498991a93dc675522d76a865d752df6a57db48bba4941087ed968464c2207b1999e2c04239ac4a7a378aeaa1afcd7155aa,CLEAR,"DARKNESS, LIGHTED ROAD",DRY,EQUIPMENT - VEHICLE CONDITION,2.0,30.0,2.0,2.0
0cd577867c9a4aec63dcd0caa3a775f79fe77af42538286eb3e6d779c4a0a1748068b6194ddfedbaa92eb6445e478207863cc23b08f665599102b89325825fb5,CLEAR,DAYLIGHT,DRY,IMPROPER LANE USAGE,1.0,37.5,2.0,2.0
0cd58a512d8556ee170f99f261f354e19090208b12f24f0812e6bc834d1bc78b16640ddbb9233ce9295932da078a8bbaa233c256957ed40b0f82b68aeaae1021,CLEAR,"DARKNESS, LIGHTED ROAD",DRY,UNDER THE INFLUENCE OF ALCOHOL/DRUGS (USE WHEN ARREST IS EFFECTED),3.0,42.0,4.0,4.0
0cd591a97a99342fd97a0d04603a90dfeeec5afadc5f72fa86d6f71b4f460ff2d22871d9c189e6b2a13f47d79c3ff2c5c1938a859096b4d6278b5da0495dc2ac,CLEAR,"DARKNESS, LIGHTED ROAD",DRY,FAILING TO REDUCE SPEED TO AVOID CRASH,2.0,29.0,2.0,2.0
0cd5e9d21898424301a6ffc7f4fb0024d74ca2874ae3d73c6565d590c42194777c05060c2b0d885014e11cd606525ce0320b081f16489a5e945cb1eaa96ddf4e,CLEAR,DAYLIGHT,DRY,FAILING TO YIELD RIGHT-OF-WAY,2.0,56.0,2.0,2.0
0cd5ea5795d06358f4aa6b83ffc625ac6c1f4d074f4a0d8027112151b7f2da814fdd06255860be7f541c7c1b0e9d3acd8aaaf12be9e0687ff8d526522cd14b2e,CLOUDY/OVERCAST,DAYLIGHT,WET,IMPROPER LANE USAGE,2.0,32.0,2.0,2.0
0cd5f3809b60099d4bc912b322813b38845ba0e537841487df3ff99706c19e14902d266824ea6e4f21ccf3a1ecca043834560f33f4336e338ad2e2330a98de28,CLEAR,DAYLIGHT,DRY,FOLLOWING TOO CLOSELY,2.0,49.5,2.0,2.0
0cd62a1ad766c69e553c53a1337c9096667bcaf4e3da9ad6b65b56be2c5fdc24070be5c61c6357d7f44b298b20018789da4c38846886956588156bd13c8a95b7,CLEAR,DAYLIGHT,DRY,FAILING TO YIELD RIGHT-OF-WAY,2.0,29.666666666666668,3.0,3.0
0cd62e34978540d158f5ad2332ad89c3511c184b70797843b366e004008149222f1d99927ed193df683bbea46f20baae4a28a17e2adb952bcbbf115925633016,UNKNOWN,DAYLIGHT,DRY,IMPROPER OVERTAKING/PASSING,2.0,33.0,2.0,2.0
0cd6325127b8b411ee9512b7585c9715b5a063f8c50621e39edfae009f4fee8f7a47157f55fe3fe95b3b0e61d5225024afab7c5c8e83e59b052c4bce0e50f5c5,CLEAR,"DARKNESS, LIGHTED ROAD",DRY,IMPROPER OVERTAKING/PASSING,2.0,37.0,2.0,2.0
0cd63597e8b1c470f8bbcaae844e07ade364c312924643208f7c1ceb0d9f0c7a392974a2e73bdf98ae158b4dc41190fe34121b981f4a04443256ccfa5d6636f3,CLEAR,DAYLIGHT,DRY,FAILING TO YIELD RIGHT-OF-WAY,2.0,48.666666666666664,3.0,3.0
0cd63c6b1794c6ee827d6c022721d48e4466c543ce940d8640b6836c84782cc861b5245f3594d6adf3a44b959614b85740fc2815a513beb28dbc8abed84046c1,CLEAR,DAYLIGHT,DRY,FOLLOWING TOO CLOSELY,2.0,46.5,2.0,2.0
0cd641bb5edd62169abee7b558331fdc14365d20f360228973c1e88c4ea00467182c99cdf4a76200c661624be9d0ee2971bcec52e2a06b98b126fd831cfa8473,CLEAR,DAYLIGHT,DRY,FAILING TO YIELD RIGHT-OF-WAY,2.0,53.0,2.0,2.0
0cd6478056ddc9986de32da65cf7cfb4ddea212113adb9320110b104a47d9418e79531f5c4e9ae54c50f3bfc04647105ad29fe9ef639b43230deb5f6d4950536,CLEAR,DAYLIGHT,DRY,FAILING TO YIELD RIGHT-OF-WAY,3.0,48.5,2.0,2.0
0cd659333b070baee6462ffdc8ba75330289a05a875a469251ec987e79551a69e70774a78334dc3ae52908bd9134a9560eae30172b96e62e9b049118072b4edd,CLEAR,DAYLIGHT,WET,IMPROPER OVERTAKING/PASSING,3.0,34.0,4.0,4.0
0cd6656c49a3d66f5c0f1013327750b5ee5d2eefcf6d1d131a425d20ede427d06a5482001efbb5ae7510bf41d518ea9a9c941fd0f525eaad6d9bae9b981f404b,CLEAR,DAYLIGHT,DRY,IMPROPER BACKING,2.0,45.0,2.0,2.0
0cd66972ba493dcc5acf0413156ca0f68ff7663ca9967e852d7c87185bd08bc71998b5e6659611806fe3af522c3a23608a62c072da267c6c6d38f30ad11ba9fb,CLEAR,DUSK,DRY,FAILING TO YIELD RIGHT-OF-WAY,2.0,43.0,2.0,2.0
0cd6c4431bd9e913992beff1af510a0bb627174f3b70b9629b3efa3ac4e759b13dc7a835f8a1c32cdab210a6f4812540ab3934272a324e3579b728b78f00bdea,CLEAR,DAYLIGHT,DRY,IMPROPER TURNING/NO SIGNAL,2.0,37.5,2.0,2.0
0cd6d3ca04cc1b6ebc4cbbc4b1066fc1efe84fa562faa587cb12aac893576e0d775ce44a63cdf831f9a3655661403b6caca59b185509a247f836c3b65115c95c,CLEAR,DAYLIGHT,DRY,FAILING TO REDUCE SPEED TO AVOID CRASH,2.0,44.0,2.0,2.0
0cd713ba88c69c108aa5e149804fecead4c5b3fc05723fcb5db96fca42c77d8cea05f88e2ad4d3e010ca3a6b946dded2bff3c8f24794b4daf1fbdd4bdb510b91,CLEAR,"DARKNESS, LIGHTED ROAD",DRY,DRIVING SKILLS/KNOWLEDGE/EXPERIENCE,2.0,33.666666666666664,3.0,3.0
0cd71df1d7e7c0ec53ffce2399bf8de6d6b077869f5e23f228353e8ab53f2bfd0f82004d13281bcc7ffc6195f788b5f0e9860a23e8bece16ce79869f86933c35,SNOW,DAYLIGHT,SNOW OR SLUSH,WEATHER,2.0,76.0,1.0,1.0
0cd731ce2a31c1027cdb8a6499f51d6d6440f8c5dea0f0dc042c4f617c49e9d1ce156e6785296b9f8455266a8f4d1b81cea8ecf114386c2c06f795cca1c9082e,UNKNOWN,"DARKNESS, LIGHTED ROAD",UNKNOWN,FAILING TO YIELD RIGHT-OF-WAY,2.0,49.0,2.0,2.0
0cd747e7d8bff92506de412580bda01fdc962249d188afa54013912e0043d25ecd1893dad661a43e659007dfe90ab1758fa84c14f0dcbeccfafac180becb02a4,CLEAR,DAYLIGHT,DRY,FOLLOWING TOO CLOSELY,2.0,24.5,2.0,2.0
0cd74ed3f3b92fcf39b245bd9962541acb53229afbe6edc65c4d882759178f06a34293add85e3a7e7b9cce4ea8af3c17de7e4ea6a97984fe6b5f5362c16ddde4,CLEAR,DAYLIGHT,DRY,DRIVING ON WRONG SIDE/WRONG WAY,2.0,19.0,2.0,2.0
0cd76e047cbb4ac7a0991273a22439f21ee352df72bd4acdfb7f5aa8e8e1f1784bf5aa8564f6ccfa34a7b44a45cf48b8add060fa3330d02cbe58688cafa6d650,CLEAR,DAYLIGHT,DRY,FOLLOWING TOO CLOSELY,3.0,30.333333333333332,3.0,3.0
0cd7882dc03dda0a63b06d230607f906f4c925acaf96c4e7e47c715c0b464ad71be9b1a564493a3e5c50f7c3b025f39162916a4f20924957ac0c8eedb1789b4c,CLEAR,DAYLIGHT,DRY,IMPROPER TURNING/NO SIGNAL,2.0,40.0,2.0,2.0
0cd7d27617209758837e64eb6ac3fc1bba5d1554db6ce9b8892692cb01dfc68b749b4cd8bc2b1d73b986db39f967c3b25eaa27a9410d25cadc2aea7a82ab84d4,CLEAR,DAYLIGHT,DRY,FAILING TO YIELD RIGHT-OF-WAY,2.0,50.0,2.0,2.0
0cd7d6bd269a9dfd85e43fdd468ab8a74f55000ed9c4748f6d0781b94225f205863c81fe28d3b6f907403f5869fc1f5984b114626ecf7414f4a8195c64a2a2fc,CLOUDY/OVERCAST,DUSK,WET,FOLLOWING TOO CLOSELY,2.0,28.0,2.0,2.0
0cd7f3cb152a87c03340cb7f02b7cd9996eed47708147b0b3af6b04874ae6d7f058e2449201cff3661c334ab584b46a5a34a5837e11cc6b6d5320dc9d5ed85b3,CLEAR,DAYLIGHT,DRY,IMPROPER OVERTAKING/PASSING,2.0,44.0,2.0,2.0
0cd814553ddc8f85ae123cf26bd10f8282005ad405513e9b29114dc3d13f0bdfbab9bf7934703e5aabb81feeb80c90ad3371546a3dcb8e50bd1b79e1cb72523b,CLEAR,DAYLIGHT,DRY,IMPROPER TURNING/NO SIGNAL,2.0,43.0,2.0,2.0
0cd820bf5358be1d927f8c064dfad188cc71b2177263bbe743f03a125bc65fa377a303bc5910763fe6a752178e915e3fc50a627f9aeccfb00dee874b404e3a98,CLEAR,DAYLIGHT,DRY,FOLLOWING TOO CLOSELY,2.0,48.0,2.0,2.0
0cd83cfe97d1c6106510f3d6808529ab6601816ca35074693558498c4097f1c7d1ed349cc28cfa0c46d5ebab872fa95a43400ceeee1f46f5de5a24a890c4ca29,SNOW,"DARKNESS, LIGHTED ROAD",WET,IMPROPER BACKING,2.0,13.0,4.0,4.0
0cd85d60b8df1882f49b5214039998bc7aad75ac5ffd4a07923cc7106e4c197153398f61b246fb36b7a402b7bf8a897f005c4b3db19e67c33533f14aefcf3f1b,CLEAR,DAYLIGHT,DRY,FAILING TO YIELD RIGHT-OF-WAY,2.0,35.5,2.0,2.0
0cd8698f04eba9110baee3af31f582b114e04dc26b467054114e8c56e5e763b15cafd64ded7201a0587f349a020bad011cf38e7709b9dd1a20513d6755b25306,CLEAR,DAYLIGHT,WET,DISREGARDING TRAFFIC SIGNALS,1.0,53.0,2.0,2.0
0cd888561d0ed071cccfd772e9d8780541505df683ecec3c91da6362e15b5ff5e48a17490cbcc6dbf0f7d1d12e996dabcf7749532d154c14d3a085b6197a9864,CLEAR,DARKNESS,DRY,IMPROPER LANE USAGE,2.0,53.0,1.0,1.0
0cd88c8e7fd2839101466e1486d570cbef4bd7f861b2ad67056f55267b98833a722f2f730152d4d51561ba096d7f202add89d4395a0347ed6f68fa050de19e48,CLEAR,DAYLIGHT,DRY,"VISION OBSCURED (SIGNS, TREE LIMBS, BUILDINGS, ETC.)",2.0,22.0,1.0,1.0
0cd8f7ee944b7531bef6e2e2c5c725e129ce24a44e2901d24a7730f65840ec89b0d35a7ea25a414aaf820dbc8a7e2d1dc9af11bbd73567479994b4ad56728cba,SNOW,DAYLIGHT,SNOW OR SLUSH,FOLLOWING TOO CLOSELY,2.0,34.0,2.0,2.0
0cd935ef07a09bc9e294de2b4a7169fe1144626fb2fed41e1e1b80d061a9e5b9e49e5e7f8aded576130bf51ee1bc05bc1ee0baf4c0c4cfce98b0b9f810a1ffa4,CLEAR,"DARKNESS, LIGHTED ROAD",DRY,UNDER THE INFLUENCE OF ALCOHOL/DRUGS (USE WHEN ARREST IS EFFECTED),4.0,40.0,1.0,1.0
0cd94eac7d38a94d2c82124b1127cf31374e66227a6ef21807f296abb2759af2d39a991804be374f6bcfbaa1c38133e6b893a6a3a2c0d60762d5cbd9ede14fef,CLEAR,DAYLIGHT,DRY,DRIVING SKILLS/KNOWLEDGE/EXPERIENCE,2.0,23.0,2.0,2.0
0cd96cba3a8cb7e160fbbb04f80976c189c2396d557734e5739020d8ddd848c18f5ff1f8fb06a113267a8f002887233e28558a5fd444c1649c3a98a3f9276b9d,CLEAR,"DARKNESS, LIGHTED ROAD",DRY,IMPROPER OVERTAKING/PASSING,2.0,35.0,3.0,3.0
0cd972484e767f4649248d4ae5be5c47183470365a285be85cd58f03361c5e34f7e6c031f10c44749e37cdade6d208e0e3657aba5388cfb6308dccd0e0c21ad2,CLEAR,DAYLIGHT,DRY,FAILING TO YIELD RIGHT-OF-WAY,2.0,38.0,2.0,2.0
0cd973de0058e36059e105ffd8e7d36090a3ff0c39cf891492e88d7bb2d0ca479b7fdbeae16d9b1c5b7634979efdd7142c6b4355ec197732de63b552fc43577e,CLEAR,DAYLIGHT,DRY,"EVASIVE ACTION DUE TO ANIMAL, OBJECT, NONMOTORIST",2.0,29.5,2.0,2.0
0cd9961f1a1e6c8af5afbe4fa0a0a9c946d2aea069f875c9931b64b880987cf6f04c288a91ae865849619b78268eef2ad3902bcfcd8b675959ea2e1b093bdd39,CLEAR,DAYLIGHT,DRY,IMPROPER TURNING/NO SIGNAL,2.0,63.0,2.0,2.0
0cd9b4b917e32a571e0b5ff293f0be4bf06cc5d8c5328e21e02f3ec5fee86ee867cc3786d81230c1a7bb4a6afbab1a65c83ebd20feca566f57cdc7176e38e9ec,CLEAR,DAYLIGHT,DRY,FAILING TO YIELD RIGHT-OF-WAY,2.0,41.0,2.0,2.0
0cd9cde669133c93e315f416156a46f5ba93d4dfca2aa23b401d4d797781d40c68b6d1409c44ae7764292a033174ad4a70989d4faa7d6542aa94341e038b23b3,CLEAR,"DARKNESS, LIGHTED ROAD",DRY,FOLLOWING TOO CLOSELY,2.0,36.5,2.0,2.0
0cda09301d7faf9b82aa0f74088856906f0afdf39459e60c35851994c089de84b266946d985f5cfcf62f936a5d6d3ee1bdf39c410e77e92e59dcc5ce22018731,CLEAR,DAYLIGHT,DRY,FAILING TO YIELD RIGHT-OF-WAY,2.0,34.0,2.0,2.0
0cda132d011ae4bea59c921b21b9334f8ca6efb1ed44930cfcb47c5823baa2097f374c90c38467550e5ca9f1b948b5986806afda1c7e0a69b7c59d52d990b89d,UNKNOWN,UNKNOWN,UNKNOWN,FOLLOWING TOO CLOSELY,2.0,36.5,2.0,2.0
0cda5b007b581fe58555f135ec473232e87837a53514b3c82698ac44fb736febdfd07942e0afd36241da324159309d8ac69c7de211e0d9a9c9c49f0e10ef539e,CLEAR,DAYLIGHT,DRY,FOLLOWING TOO CLOSELY,2.0,22.0,2.0,2.0
0cda6e65bf771c0877e83e79fc457e30fa78430cf50137ff8a83c6b9f7ac1a423839f14b8ddae9c999913fe493c713a9257d371ba91ce51034c457300a9fc17c,CLEAR,"DARKNESS, LIGHTED ROAD",DRY,"OPERATING VEHICLE IN ERRATIC, RECKLESS, CARELESS, NEGLIGENT OR AGGRESSIVE MANNER",2.0,29.5,2.0,2.0
0cda80495d0e2ed9eb5bc41535504d0a457c1f7affcba560a535fed43e8718de226c3b0cbd1fe8a8293d8a94ed783f444013a09f0b01ada0439f660cf9eb65f0,CLEAR,DAYLIGHT,DRY,IMPROPER LANE USAGE,2.0,42.0,6.0,6.0
0cdaa46260a68009f5391c4f9c36e64f24520c493d984fd0fec5a689bb818c66202754d8c922e69a835eaa1195c653f6fd8f938e21605db5e8bc1d01988c0d5e,CLEAR,DAYLIGHT,DRY,FOLLOWING TOO CLOSELY,2.0,46.5,2.0,2.0
0cdadecf6c846fb952abbed41374740a85cfb7c4a7c45da724b8c0282988dfc10112ecdc76ba06323057bc9392f57d4ab09c8ac5b9ce9da13efddc3a791f2d91,CLEAR,DAYLIGHT,DRY,IMPROPER LANE USAGE,2.0,42.0,2.0,2.0
0cdb1530d67159ab12c85d0e332241818a005b5a8de79b339b8b6f43a4115e0716920a2b6fbe395219d816d56b34e3cae4fbe5ff262288189ce2d1410c6f880a,CLEAR,UNKNOWN,UNKNOWN,DISREGARDING STOP SIGN,2.0,43.5,2.0,2.0
0cdb9859b7ff98877f6c8415fd6ef066416893499678a3cdecfcf33f237abcad6ec6e5ce28509ee599e1dfa8fa3020f0e051dff99e52f1273611654e00265ade,CLEAR,DAYLIGHT,DRY,FAILING TO YIELD RIGHT-OF-WAY,2.0,23.0,3.0,3.0
0cdbaab2778bf3df4279293b476aa14ec810063ce66b44ccfd728204996fb2ac6af42b2a5fd8bb67963b4dd42e953aaadb18c299789829d8dce89fb5eac2c92e,CLEAR,DAYLIGHT,DRY,IMPROPER OVERTAKING/PASSING,2.0,30.5,2.0,2.0
0cdbb406c00b6fed39847a8654cef9c1965606988d3c3b321a326df34de1b25a991b60c507eea55f1bca3a5ae0003a9829687dadca30d9d7d34ae1714d63fffe,CLEAR,DAYLIGHT,DRY,FAILING TO YIELD RIGHT-OF-WAY,2.0,42.5,2.0,2.0
0cdbb480558fddad26b08a387a827aae240ed48af93e8ecf3b388d04a4c5aeea70cf2b257aeded4510137dee94d182f5eee3e28863611286c761dda528199cf1,CLEAR,"DARKNESS, LIGHTED ROAD",DRY,EXCEEDING SAFE SPEED FOR CONDITIONS,1.0,16.0,3.0,3.0
0cdbf06f22d217c66462854a5b6c3078ad4f09c2828c41deca4ee1e5f6f73061294f7bd331640a212f31eab8c052dc907569b95e4bc68e6c6b23095e568cd9b9,CLEAR,"DARKNESS, LIGHTED ROAD",DRY,FAILING TO YIELD RIGHT-OF-WAY,2.0,28.5,2.0,2.0
0cdc08288c77c215069740fe8e3d745ab8fff15d7740cd15dda1f87cc37b2e2cb8c62800a62c7252f0f69309405be82105eb34bbd95836688bdb801a720d839f,CLEAR,"DARKNESS, LIGHTED ROAD",DRY,IMPROPER BACKING,2.0,39.666666666666664,3.0,3.0
0cdc12bebb7efb6386015fa278823492cb333c7114bdb66c2bf57ffd0f3deeb6d09121949e9b0117557d4d877ffcc9c257c1513bb3d7271614e6bfd0c7da0885,CLEAR,DAYLIGHT,DRY,DRIVING SKILLS/KNOWLEDGE/EXPERIENCE,2.0,42.0,2.0,2.0
0cdc1fe63eb0aebf30b6d72354d0724e4b4156b10bae167e5e6629834bc8e945cbd9a7f4845a749431188a76a438e922fa7f57c4b282a50b53f9c6153e2c238e,CLEAR,DAYLIGHT,DRY,FAILING TO YIELD RIGHT-OF-WAY,2.0,44.0,2.0,2.0
0cdc25ff51f390958eec60c81dc31b19515753dcef6656721ac75fcf0f58214a66abca67fb2868fd1ca0325b5cb312d1be5af31331d3dba4e671f043ac8d7539,CLEAR,DAYLIGHT,DRY,IMPROPER OVERTAKING/PASSING,2.0,57.0,2.0,2.0
0cdc36ee3c45cdaf2e263341fad99326848915601c15b87d916fed35c0296fac78a5f927a039a0eeecbf6ad6fc91b403fe8a91890311f52ffa9c91d168809731,CLEAR,"DARKNESS, LIGHTED ROAD",DRY,FOLLOWING TOO CLOSELY,2.0,42.0,2.0,2.0
0cdc52dbd9f60d935ff63b6803cff73e5624f0bdc1f6c21f0a48b6eb2c910221b46efeb258822b8308e5f1c9862d3d2302a581b3198d681def23b4f4f2cea785,CLEAR,DAYLIGHT,DRY,FAILING TO REDUCE SPEED TO AVOID CRASH,2.0,37.5,1.0,1.0
0cdcad2644480710083a0b7400e25d60ed5841af9126ce88f94c6bf78d651ebd3792b140ee71cf22dfeb76a54329036d914dcdeb119dc4f3fe358c51bc37065e,RAIN,DAYLIGHT,WET,WEATHER,2.0,44.5,5.0,5.0
0cdcbdd6d73e804bc1396e8797b9ddd45c60bc4eb4ea5b62559c4e4fa7a895de9b851d057388ffde86bfc859527366f35bc4f7bec77c92dab06ffc1b1da3d907,CLEAR,DAYLIGHT,DRY,FAILING TO YIELD RIGHT-OF-WAY,2.0,75.0,3.0,3.0
0cdcce842b69dcf4c58f06811e3e36411d238e17dbba953b8022be45f45e3210f0becb00761b63b32c8ebd2774f17e053e95f2201aa82a36e626f5565da411ad,RAIN,DAYLIGHT,WET,FOLLOWING TOO CLOSELY,2.0,60.0,2.0,2.0
0cdcd624408f0eadb3f3925aa716ca5674b468833777fbac2fab1eea1633820b105153ccca3fc1c5cb99bad5c3b6171a4c5f26f5c12c8d7ef4fa5c23f8686f0b,CLEAR,"DARKNESS, LIGHTED ROAD",DRY,FOLLOWING TOO CLOSELY,2.0,37.5,2.0,2.0
0cdd1a9cdcca76e3b9d745c27b7dadaf8891a8cbe64099982e505320e79baf9406650c6cfb3598cc4e5a882a4cb427e311e9dde613c26cc1bf4afaa988797ebf,CLEAR,DAYLIGHT,DRY,IMPROPER BACKING,2.0,26.285714285714285,7.0,7.0
0cdd2876bfdae70210d95c93478bbcf67f245d821666abf72518cfb593dd825ff21482dac154df2eec63d36ba36401de01086566c85d81ecf21670e666ac7f7b,CLEAR,DAYLIGHT,DRY,IMPROPER BACKING,2.0,41.0,2.0,2.0
0cdd89c0b1500d4f5169451dcf94210d68b13b7193a5ebf5052d426774d65da4c42563fbda5f106c18d604b80592f4046fe398f7f088b1d5c9a3c379d0f27e2e,SNOW,"DARKNESS, LIGHTED ROAD",WET,FOLLOWING TOO CLOSELY,2.0,52.0,2.0,2.0
0cdd8abe40bff15ffedba788211cba0ce5c5b3959dcab64995411c852e0b2f5c0405c5b327904251e2827ce12efa7e5d91df92a5807f1d1436472573c390a056,CLEAR,DAYLIGHT,DRY,FAILING TO YIELD RIGHT-OF-WAY,2.0,28.5,2.0,2.0