crash_record_id,weather_condition,lighting_condition,roadway_surface_cond,prim_contributory_cause,total_vehicles,avg_driver_age,total_people,total_injured
0cdda35d30f8b834241d339f38c03e391a6b9a2a9c030a816fd6d34f013996be451e7e43c0a3d31d3ae0d28f989f64830b4cca3c8a5cb4863a69b72ba68a0576,CLEAR,DAYLIGHT,DRY,FAILING TO YIELD RIGHT-OF-WAY,2.0,39.5,2.0,2.0
0cdda447009694176fe6bd047114741652b33dacd8f79abb7f55cce71efe11cfceccc502457d6167291a64a318bb60033316d8bc0f221c0096e2ba45a99bbb1b,RAIN,DARKNESS,WET,FOLLOWING TOO CLOSELY,2.0,23.0,2.0,2.0
0cddb27c95606d6604915f80d1cf1ef7ebf3ab02e0d7f0d063d262af202729d39792b349a3bdb3e30a1bddbc84cbf9d0af7f315b058ff7ce311b2cff5ddc63a2,CLEAR,DAYLIGHT,DRY,IMPROPER OVERTAKING/PASSING,2.0,24.0,2.0,2.0
0cddd7e5655f9afb00fd3757c49a0ba48fa3b8c26f454ca0e6d071d4f3b74c83da2ee68cffdcccce99ca21a3df7a29aa61848cf1b963e12d65aaf90364b8d16e,SNOW,DAYLIGHT,SNOW OR SLUSH,"VISION OBSCURED (SIGNS, TREE LIMBS, BUILDINGS, ETC.)",2.0,38.666666666666664,3.0,3.0
0cde0e37f6cc049314c148d067a9f70362bd6cf399c10af408fd1fdc86ca2382b2b762b0cc62ce19c960e92e5e3c003def5a3259da5d46ddf36551b2387721ab,CLEAR,DAYLIGHT,DRY,"OPERATING VEHICLE IN ERRATIC, RECKLESS, CARELESS, NEGLIGENT OR AGGRESSIVE MANNER",2.0,21.0,3.0,3.0
0cde27610122cd54f2e033ff1179d9e692992921bd76bfccf53ab5da5b4de7c28ff423734994fab1c61297dacb4b506c7a694a5e77b94b40f1f5e788245e2e9e,CLEAR,DAYLIGHT,DRY,FOLLOWING TOO CLOSELY,2.0,21.0,2.0,2.0
0cde2c90bf045dcbc6512d19878c174a9786f1e468d67697ce3f90dd8841f82a453df53b3256171f9ba3a38c94d8e35d2efb999000a7ae30240cb59600453e2a,RAIN,DAWN,WET,FAILING TO YIELD RIGHT-OF-WAY,2.0,35.0,2.0,2.0
0cde3850c79afd36a14a3fd67e479c78576ebbefcb8d13d9307794971af187276aa855470fddebe5085fdaf21f170330999b629f56ed0d2a26a50ecfbac8e978,CLEAR,DAYLIGHT,DRY,DISREGARDING STOP SIGN,2.0,64.0,5.0,5.0
0cde40f4aae7ff25585f5f4dfb47ca74ad9e0db49af8631beeec67e9ff2c49b8a2e8cf1de91166dcc0bf8f1643764b873044d21b6a363a292d2bdf3d0c2e4a78,OTHER,DAYLIGHT,SNOW OR SLUSH,DISTRACTION - FROM OUTSIDE VEHICLE,1.0,18.5,2.0,2.0
0cde57b861991a7cc13883eb441f8fe78fe03e71bb7b5da33c5e20a0c48e291d931eae339cb64f42a1490bea9c3d7bce0927ba00a8912788ca7266795864cc60,OTHER,"DARKNESS, LIGHTED ROAD",WET,FOLLOWING TOO CLOSELY,2.0,46.5,2.0,2.0
0cde97790aeb65f82a42b5aa93c93fd16576e6250542ebbc0ea0bc2201e15087c8fa35c6db39fda5bf253a5e0ecabc0c6ab91b0745c41c721aaeb18769f1035e,CLEAR,DUSK,DRY,DRIVING SKILLS/KNOWLEDGE/EXPERIENCE,2.0,15.5,2.0,2.0
0cdf03a51c4333c18a2152ca1a602dfac078fb22e9f61791dd13bfccbee91e34d7c8ea9dbced2f2cb237cf5494cc67c7fbf00ff8f8ea4a8788dca155e3f20b6f,CLEAR,DAYLIGHT,WET,FAILING TO YIELD RIGHT-OF-WAY,2.0,34.0,2.0,2.0
0cdf0f5350acc9828beb5bdb84417d90cf3994d8a4899a606239f37c600ce08d2c970851a5a79892da0b216970e032dc8375dc9d2ead73456926c408cd5cf1f0,CLEAR,DARKNESS,DRY,DISREGARDING TRAFFIC SIGNALS,2.0,39.0,4.0,4.0
0cdf12cb415ea4fb65b307b215fd1f6dc7d76a07e94c1a30e9ef2378983c3428be43a21af6b9b0fd460243b8ec02e2cf69f8ad72a298524f1fd13fb63ce0f4a6,CLEAR,DAYLIGHT,DRY,FAILING TO YIELD RIGHT-OF-WAY,2.0,47.5,2.0,2.0
0cdf225801967d6bd03bda55ac7f324813c032b80194b7547b7ac9d3e05253302c5240f1a9390b80a407170edfe2e97a62067c1ba0f58251330795f6e3681e64,CLEAR,DAYLIGHT,DRY,FAILING TO YIELD RIGHT-OF-WAY,2.0,48.5,5.0,5.0
0cdf2b60abcf272f1efc4c7ee59eea5456ff75b377458d11215f22169c93ed97de0ebacd04f91b4ebdd0c676c023f45be38e0151201f05800cbf858ee24cdac0,CLEAR,"DARKNESS, LIGHTED ROAD",DRY,IMPROPER LANE USAGE,2.0,37.5,2.0,2.0
0cdf3acc4a963e0604bc91dc47ec101b577e74d731c737776e1b339ae971c784a4eb586866c254aa0c1e04a3c4176dac1a59a79052410728af26df09399274e2,CLEAR,DAYLIGHT,DRY,FOLLOWING TOO CLOSELY,2.0,39.0,2.0,2.0
0cdf3c862da6cbb626cd0ad620639f8358a6d3955a24daeb518fb9d527e17c455c16ca4b335d95f73af28ff6a789f27266fb2258c61cd7d764b4285fa510c3e0,CLEAR,DAYLIGHT,DRY,FOLLOWING TOO CLOSELY,2.0,33.0,4.0,4.0
0cdf4706ec5988d3ebd7478a102f66a11975d67667d03ce849ea57335aaab898da055eca4b40ba96b2b87bbcef54d662f9416c2c4bc4fdd09d824ba497f5b0d3,CLEAR,DAYLIGHT,DRY,FAILING TO YIELD RIGHT-OF-WAY,2.0,37.5,2.0,2.0
0cdf4bc63aed1ef84000661f4300e520bdb072c1362f5b77d0d6fee54157a05ba7a8fd8c3c70c92c99c81a8ae83da036b38f1197a254d448589a5de2b9d662f2,RAIN,DAYLIGHT,WET,PHYSICAL CONDITION OF DRIVER,3.0,33.5,4.0,4.0
0cdf7a8474438066b34f83a85d12cb6a04d4ac6866cc3b1539c629f319b1cda059a9e8b6795cf7ac611e132515a0aba17b7a6eae80ed239e4ff802de2d784189,CLEAR,"DARKNESS, LIGHTED ROAD",DRY,FAILING TO YIELD RIGHT-OF-WAY,3.0,31.0,3.0,3.0
0cdf9520e96391f1fd4e60f535e83704ef0ab58a93432bf9e3bd5299e6031f50daf87ee1b7321b5c962485828c135a29c1c431c289a8ed3c363095f8d1326ab3,CLEAR,DAYLIGHT,DRY,FAILING TO YIELD RIGHT-OF-WAY,2.0,42.5,2.0,2.0
0cdfb47ea325a1f63c288aaba7e98247d797a92db187ba5cc1f37dc1b4d7bd6aaa522a3883c0c3a8d7e84a73a766c09ca6a62fa17eefe55acc4cdfd710604236,CLEAR,DAYLIGHT,DRY,DRIVING SKILLS/KNOWLEDGE/EXPERIENCE,2.0,31.0,3.0,3.0
0cdfc5c0f05fd25ffa102fb7ce40d53734d9df3c47e749d65f843012dd5a06722141efbdbc4a4f3f668312694999db7390543e99ac4bf66c2bd2d18a6f8f4d12,CLEAR,DAYLIGHT,DRY,FAILING TO REDUCE SPEED TO AVOID CRASH,5.0,37.5,1.0,1.0
0cdfd414b0e94c7a7aa1be9d9b5f81e46e594d8296f5b3a7f5a4bed4f33f6e6f5aada89604406e43233a11de450c176e52f5cb6b11be8f0a48bfdeedf2439c6c,UNKNOWN,"DARKNESS, LIGHTED ROAD",UNKNOWN,DRIVING SKILLS/KNOWLEDGE/EXPERIENCE,3.0,29.5,3.0,3.0
0cdfdaf143a12f4de2e4d513c8a82eb45ae45bf46e1cec9cc00dc8aee4231eabc09110c692ca1560a79abc832cd9b741622b8277446056610bd49bcf1acdb158,CLEAR,DARKNESS,DRY,FOLLOWING TOO CLOSELY,2.0,33.0,2.0,2.0
0cdfdf50e0c03d5865b0405ac4c9af4f733588b94f06b1ecd09b0d27573a759ace2917d851de62165ed521d4c406482401ffd63d79e38d0d4a5984cb0f015ffe,CLEAR,DAYLIGHT,DRY,IMPROPER TURNING/NO SIGNAL,2.0,75.75,4.0,4.0
0cdff13765a43483c428e40e85c81ba0df11123055585fa87bed34c4770a05f54ecb1fbb3669f89844723a44cf032e7d23cc740bfe9d0973f2e46249deb99a80,CLEAR,DUSK,DRY,"EVASIVE ACTION DUE TO ANIMAL, OBJECT, NONMOTORIST",2.0,55.0,2.0,2.0
0ce00282c2907bb515ea0be19d9537df47aa1207c52d122fab3f1c68722a9ef29c9e3e2d953d14af8b4b20415e24528407e257ba46ec6b1319cc8f11b65f4425,CLOUDY/OVERCAST,DAYLIGHT,ICE,DRIVING SKILLS/KNOWLEDGE/EXPERIENCE,2.0,37.5,1.0,1.0
0ce00cff42d9114ba579f6ec51e6fe6f224a6cae9effa03806666fe75402122537563aac32b12949ab9b7ed23769775e32acc8aee66057b5307651fcba4c0535,CLEAR,DAYLIGHT,DRY,FOLLOWING TOO CLOSELY,2.0,31.0,3.0,3.0
0ce010f6e5337e7b5a0482067a08945e12c469fbdb6d9bea1e6bb9553755e394797f661b7d05553a39e5e6bf4aff93b130206ed4f1e2cc1fad56a1c1e1690800,CLEAR,DAYLIGHT,DRY,IMPROPER TURNING/NO SIGNAL,2.0,44.0,3.0,3.0
0ce0465bdb3e77bda08960013ad7166306ee6f93ead5245a243915a80142a574fccc8eb378b12ec660b2eb7c94a69946f71dc41cca7d769a0525ccc87cf002d4,CLEAR,"DARKNESS, LIGHTED ROAD",DRY,DRIVING SKILLS/KNOWLEDGE/EXPERIENCE,2.0,37.5,2.0,2.0
0ce08ead7076a7f7dd097ebe7abc7f5dd5878451016879d361b5662b77c31273b78fa54fcb2fb1ac2cefc28d188f79450bdf9d314690b5ecca7c46e0801491af,RAIN,DAYLIGHT,WET,WEATHER,2.0,22.0,3.0,3.0
0ce096e0e8852e2a52d39c1f5d993131bd7434005a53cdbb2bf47f659ce15bf70e5bb9ec2c254dce19be84dd7116237a86bb10a4bd7ea5055dc3e51d3aa8fc1d,CLOUDY/OVERCAST,DAYLIGHT,DRY,FAILING TO YIELD RIGHT-OF-WAY,2.0,53.0,3.0,3.0
0ce15298f6545d72cac3e0134b69e529326fa9ce544d4390ebd8a3967e1d7b88d53b216206b10051b1ac8ab661566ddb49bd990a0212613dfddcd6dbc261de22,CLEAR,DAYLIGHT,DRY,IMPROPER BACKING,2.0,58.0,4.0,4.0
0ce16f528e1fd9e92d67c93b42606c29d561e624d5493e14a372fb2f123f406b7cfb9f9b65cc885f7bfd8a6d09c5695e4eba245ade872896142c5e203b33da40,RAIN,"DARKNESS, LIGHTED ROAD",WET,WEATHER,1.0,23.0,2.0,2.0
0ce17bef5d4becf2a28973c7db73890b7a3be5dc233aab13f60e6f38f990443136bee1ac175c874718825f7d1d3180f00235fcfd37df907014eefdf161e80a25,CLEAR,DAYLIGHT,DRY,DRIVING SKILLS/KNOWLEDGE/EXPERIENCE,2.0,30.0,3.0,3.0
0ce1811f7b5bd6f0f4822f7d52c79a15736f486c3dc749ce13d958aca1744171b099ed82a6327ef5393bd74e054ffe158ba8e23e44035ad86769594ddb67d872,CLEAR,DAYLIGHT,DRY,FOLLOWING TOO CLOSELY,2.0,31.5,2.0,2.0
0ce189af7dbb5b10be0570f6e5902e9f309d08a52e394f8a8c62391c18e92f94d0a88db8fd23d8ee206959bfe36650c691478478acf569be8d1df50828729b20,CLEAR,"DARKNESS, LIGHTED ROAD",DRY,"OPERATING VEHICLE IN ERRATIC, RECKLESS, CARELESS, NEGLIGENT OR AGGRESSIVE MANNER",1.0,26.0,2.0,2.0
0ce19c6a9e2d46156a7227b4d06d03e2074b8824ba6786427e807961bcef56354118fbf340c5a448bc7b722004dfcc369df6220754c57daf9a8a5530f943142c,CLEAR,"DARKNESS, LIGHTED ROAD",DRY,EXCEEDING AUTHORIZED SPEED LIMIT,1.0,57.0,3.0,3.0
0ce1ac3f43bc43fe3ac3a6430de96629a0d902508708394d9b19c04717027c98ad24fa4b3b7c696f03032d16497535141bfa65a108eba9c0833d28a1563d335c,CLEAR,DAYLIGHT,DRY,IMPROPER OVERTAKING/PASSING,2.0,29.0,1.0,1.0
0ce1bb595acbf51b7e46b525d7426d7e76be2f898ca6bf4c2056ef934a425dc50d7e42ea4843a5f81f285b9eb0d7116a3d73e121e345ec835ec171e2a0b3e35e,CLOUDY/OVERCAST,"DARKNESS, LIGHTED ROAD",DRY,DISREGARDING OTHER TRAFFIC SIGNS,2.0,45.666666666666664,3.0,3.0
0ce21c648dd9e81f16d1fcc3b3b72409264853e8816c80f396c6190975afd1bec4a2f8ed4459e3a4f63276164366e2593d98560cbf6f455708ca0336bfc86c01,CLEAR,DAYLIGHT,DRY,FOLLOWING TOO CLOSELY,2.0,29.333333333333332,4.0,4.0
0ce23f7064a5db5a8b7fb46bf539ad925b7789546760c03077051dfb38bb9f30e2d9041eaa66de339d9b1c65685ef836c7c15a0b836334aa380f59b9a90853cf,RAIN,"DARKNESS, LIGHTED ROAD",WET,IMPROPER BACKING,2.0,50.0,1.0,1.0
0ce250bae84d57add96d7f0872780ad262bdead73ca1103b5835007b73acd6dd4fed0c481b8809976a0cd5a444128d96157b5dae8e4a7ec2dc7aae363d61ee2e,SNOW,"DARKNESS, LIGHTED ROAD",SNOW OR SLUSH,WEATHER,1.0,55.0,1.0,1.0
0ce25aca30ace37c367c90450a15d6870a3ab1916ab62e108eb0c491030796cee1dbf024c682a3090f1a808aa5e0844795f2b6b64f9c76fc37859e9bc449672a,CLEAR,DAYLIGHT,DRY,FAILING TO YIELD RIGHT-OF-WAY,2.0,45.5,2.0,2.0
0ce263fa066dad826f161b80a15c451cca8c939064e9ae113f8e27f6503e7332db12413fe13dad9eed15149d0f6d4f1523d438a1385ee02735cb5157d23eb0c8,CLEAR,"DARKNESS, LIGHTED ROAD",DRY,"VISION OBSCURED (SIGNS, TREE LIMBS, BUILDINGS, ETC.)",1.0,64.0,1.0,1.0
0ce27123ff8086bae8c0528f529aa961200ea7c72ae867ffffe4168e94530a43c59d3dcd273f28412aded1b5d757459c50b23674182abfdccb9335fb8a4d8cfc,CLOUDY/OVERCAST,DAYLIGHT,DRY,EQUIPMENT - VEHICLE CONDITION,2.0,37.0,2.0,2.0
0ce279aab09e9e7b448d1089d31998ac689f0d07931044fdf0c209ab395901a1905957d3c639c6d27bee650c3757638652cd8d97eddbb21da8b03e6cafd7f84e,RAIN,DAYLIGHT,UNKNOWN,IMPROPER TURNING/NO SIGNAL,2.0,54.0,1.0,1.0
0ce28c562ada5362e757cea7302bf8ef189885199ecc0d06d4ef38a455e05cd21fdb06ee582e564ba7d785ac47dbb1a13e714077c5997aeaff62b46bb73d82ee,CLEAR,DAYLIGHT,UNKNOWN,IMPROPER BACKING,2.0,35.0,3.0,3.0
0ce29ee12fe7b131acab2fbee2ced7f10ebcd3f5b8750c3b1fad7acc8869c47202ddacb72f4e0219334fb8454d4acce0cb499cc124ed497b121a668bffce7670,CLEAR,DAYLIGHT,DRY,DRIVING SKILLS/KNOWLEDGE/EXPERIENCE,2.0,58.0,2.0,2.0
0ce2a1107e6abe546fd5c3f1319492fe9dd4aaf74eaf340e5ffbfc0b633aa36114713abe82a29fb5b39571f1a4b96e45f3079dfe5e985e444a77a5d37bcef78a,CLEAR,DAYLIGHT,DRY,IMPROPER OVERTAKING/PASSING,2.0,63.0,2.0,2.0
0ce2bbed440185f7cac7c24f732a7f0426c822cacc1e4ee88a4ba158274b2cae811af9f7f121d9656c04cb83e49b651997f6cd7fa4895429573c19d1d0e575ef,CLEAR,DARKNESS,DRY,ROAD ENGINEERING/SURFACE/MARKING DEFECTS,1.0,29.0,1.0,1.0
0ce2d20f8b2c2fb39f755f749f3cd4d31afee9f2c3b65539a84b3f7718d7462c62deb34e60844cd2f237761be8508bec80207b0159d886a5109583e97c74befc,CLEAR,DAYLIGHT,DRY,IMPROPER OVERTAKING/PASSING,2.0,37.5,1.0,1.0
0ce32ae1df3ab9c0380cc3220bcbc5821bbe3440e7f8dc22efdfb590c26b03cb91eb0136bda2aaacb07a94e55925529274709ec7e6b28f43b827a4ed809446fe,CLEAR,DAYLIGHT,DRY,DISREGARDING TRAFFIC SIGNALS,2.0,61.0,2.0,2.0
0ce33c632ee535582ab078c7896b8076a54e23e3a44c13665d11f4426ce9f9a316a0c39ddea6aec662a5ad6dc59011a1a99588e5f26a346de2764e9b01306f9a,CLEAR,DAYLIGHT,DRY,CELL PHONE USE OTHER THAN TEXTING,2.0,33.0,2.0,2.0
0ce35d12a36eacf5f8f96c11cacf39ffd55fb800b14903f342faaee95c1ab0e027b9d70e8d9b7b97afe8f1545c94fd06de248cf33423a996c5ae859fb7becb9c,CLEAR,DAYLIGHT,DRY,FAILING TO YIELD RIGHT-OF-WAY,2.0,21.5,4.0,4.0
0ce35e007ae5a2de534c9aa858badae834a1cba220363a2ed156425f4314ce30d71417210547fd9c09da0dc59452612d39f2555e4a396f7e359d603ecd7cc5d3,CLEAR,DAYLIGHT,DRY,FAILING TO YIELD RIGHT-OF-WAY,3.0,42.0,3.0,3.0
0ce3bbdc1847b25f6f9ecc4216d1212fc1666b3f49e307d7144f82ccb82cbf04ff8198e310c3c21c8d1d6c2954880d19a81404aa4d3cf49bab3357c60fc88433,CLEAR,DAYLIGHT,DRY,IMPROPER LANE USAGE,2.0,48.5,2.0,2.0
0ce3d04aa013fae0b771f1da694b43b74dcb7271898c5009c6882839f92f73eb7df011189d05cde89f7bc3445333c1faa70cfda6234bbe142a2dac2d3fd47a8a,CLEAR,"DARKNESS, LIGHTED ROAD",DRY,IMPROPER OVERTAKING/PASSING,2.0,27.5,4.0,4.0
0ce3d4c1ee840f84cfb8ef7a67edaa4f6199ecf68790e73213f680af0e05df1ace3a88c34bcddc021fe67d5c7a5e68acd90df77c0708ffb4a6ae73a086af6948,CLEAR,DAYLIGHT,DRY,FOLLOWING TOO CLOSELY,2.0,27.0,4.0,4.0
0ce4212b46e1788e8a4fc68a48e5b9dcedf072914263df62d27b52457a786df7b89066c4e92d87e20ca1db5c2d3e5dcae930f619fdd5812e122e0ad2913362a8,RAIN,"DARKNESS, LIGHTED ROAD",WET,ANIMAL,2.0,21.0,1.0,1.0
0ce4543d9706371460aa7a7578529588a1f40d414ee2d8aef6ed1a53404f20cefa54b052c8e9389e3569c63d80bbce53859101fc16d9d6a954d41d15b7a54278,CLEAR,DAYLIGHT,DRY,FAILING TO YIELD RIGHT-OF-WAY,2.0,27.0,2.0,2.0
0ce4565d4c75f7bf9d3d06817270a294b0cc44494a8a4af4d538e494e57b766c555069ad0ad661916041696361ca3ee18ee42e87d23713fa12e1353d1f860424,CLEAR,DAYLIGHT,WET,FAILING TO YIELD RIGHT-OF-WAY,2.0,40.0,2.0,2.0
0ce4737ad068e48d9a89639bbe50343ae21a3e006c51b19a7e11923e9b7abbfe4f519f61dd887de3d0e6f3e74edd4e8ac462e3be40fe3d6a45ec733b5f25832c,RAIN,DAYLIGHT,WET,WEATHER,2.0,37.5,1.0,0.0
0ce48f99ed51f9f235e68708bfd136f8aad881a4a3e2937ef21ba37e903619f2ff5fed73deb6143ee580db233bfef3bc5ecbe958acff10d15e50ebe1f32c1cf6,CLEAR,"DARKNESS, LIGHTED ROAD",DRY,FAILING TO REDUCE SPEED TO AVOID CRASH,2.0,46.0,3.0,3.0
0ce4c35a443d073ab92ff11efe5f4efb823bf015c5dae2a89d6468a468ae868857f986df136895d26a5acbd03c1aaf069a2a9b9cc89cdcb95cae1da08dd916ee,RAIN,DUSK,WET,FAILING TO REDUCE SPEED TO AVOID CRASH,2.0,43.0,2.0,2.0
0ce4cea16a266bc8afb8f7b887553fd699cbd92f4e48ae0c434adbe065bc86858c03b496c5d2cd177af9ec485e7e691145d6f315782a627d28bcb1a79f64778d,CLEAR,DAYLIGHT,DRY,FAILING TO YIELD RIGHT-OF-WAY,2.0,37.5,4.0,4.0
0ce50c5816b98f2429a778ac673087c9924923c84f67ff14e3b8f225beb5cfa09f3d3326fc663522103f9d3f5ea5904869db01e3abc2c3060ab7efa189b3c197,CLEAR,"DARKNESS, LIGHTED ROAD",DRY,FAILING TO REDUCE SPEED TO AVOID CRASH,2.0,37.5,1.0,1.0
0ce53ae68e4f042c80dd3cd74f3745feee642e98d6ad06b83910b7163194791d2008857aaa5d6f875106342675eccd9d5d5f9f4d2562132ebdca52f53d9d53f8,CLOUDY/OVERCAST,"DARKNESS, LIGHTED ROAD",DRY,DRIVING ON WRONG SIDE/WRONG WAY,3.0,35.0,5.0,5.0
0ce53b4b6d8592a5b790b6f5ce04db93eae62fef7bb5b634643ad28be024c107285801cf25d66668b09cac27a78f45d3896d9d5558e853f97d105952b73c1140,CLEAR,DAYLIGHT,DRY,IMPROPER LANE USAGE,2.0,21.0,4.0,4.0
0ce53d9b6507d36fd06f0e7897b12390070483ff51aa85795a0f19b816c5a6377b6886987ffcdb746bf726a8889e48982345419638651efa4a6e7f739a78faf0,CLEAR,DAYLIGHT,DRY,IMPROPER OVERTAKING/PASSING,2.0,44.666666666666664,3.0,3.0
0ce54d58c662929e96ff4ea915ecbc7a6e6be422bdafb61af16c5bca290bc147791265b269151ca0fde3081e2a812086ebf3581fc908918c90aa57e97dc49f8b,CLEAR,"DARKNESS, LIGHTED ROAD",DRY,EQUIPMENT - VEHICLE CONDITION,1.0,14.5,2.0,2.0
0ce54d8f1e0d4a0e14766e0464ff6e317d23ddf608bb93ba1b205a3685781d462edd1082c843dfe031e413ec26e0f0d464239e19233b5a4a812f60c9fae72755,UNKNOWN,DAYLIGHT,WET,DRIVING SKILLS/KNOWLEDGE/EXPERIENCE,2.0,21.5,4.0,4.0
0ce54e8dc27775908e89fef678924f88741ccb108b75f4a78344ab49d001daca008f1c296570c9cbeb6f2f80536eb968059f4230bde508e02ec3e64d5dbf91ae,CLEAR,DAYLIGHT,DRY,IMPROPER TURNING/NO SIGNAL,2.0,41.0,1.0,1.0
0ce5567a5fde31fe340a47c955430b2d57fb43decf7b532f480c9215340c174d3a346511e3ee1fe5ce4628f8f812c2c06f1ed1bbfecd49b3a66cfa518bc29f27,CLEAR,DAYLIGHT,DRY,IMPROPER LANE USAGE,2.0,57.0,1.0,1.0
0ce5692b596f3e73b7b5f0b70f3148ef7130c8d4339944f4fdcffc874d4ee1f4eae68522b33c10b1594ef047eab639a485d6c911d7d03371c70ebca0209e5deb,CLEAR,DAYLIGHT,DRY,DRIVING ON WRONG SIDE/WRONG WAY,1.0,40.0,2.0,2.0
0ce5b301328f26c6393dfe94d0647d1d177222690e6c476a6e4651cc34f36d4ab623062c61eb3e699e88bb926e0e01560bb921c70faeadf3ad9d77df197a49a6,CLEAR,DARKNESS,DRY,DISREGARDING TRAFFIC SIGNALS,2.0,54.5,2.0,2.0
0ce5ca3c31124f5a192bc0c89063996f72f3d446438e97f10c72c2f89d7276c2df9a10ea5fe9b1a772b78eba694931667707d7b4abe495510adcea0246cb9a9e,CLEAR,DAYLIGHT,DRY,FOLLOWING TOO CLOSELY,3.0,49.0,4.0,4.0
0ce5d26030b626275bdf6a00c14e48f19179698c6a0fd69115eb49779731cf9e9511a719332e93abe95b04b10dd62a8dbea86d8173f112ec5575554ebb21085b,CLEAR,DAYLIGHT,DRY,FOLLOWING TOO CLOSELY,2.0,37.5,1.0,1.0
0ce5ded050d8ccf9d6022e071bfabffdb54e0d1bf9b1c2d4445ef60e1733a8e81b670764f682a98c7c1fdf268d0c2ed0a14c8eb48d41f74d7d32820d5c3d19ac,CLEAR,"DARKNESS, LIGHTED ROAD",DRY,FAILING TO REDUCE SPEED TO AVOID CRASH,2.0,46.0,2.0,2.0
0ce5e30146a4ab4f012532deddde2293d422603a82a9f322f19130df75f5bda04e466c20ff09a60ec65d90bb7c229e85bae50439889b4cac7bd104c4df2f6206,CLEAR,DAYLIGHT,DRY,IMPROPER TURNING/NO SIGNAL,2.0,35.0,1.0,1.0
0ce5e3167bddc8029ed4d0f40c37ce664f99ac7ff41d381f4b0fab8818e28272c05c56453427f046604351b2bf470882fafd95413acb05ded32417ae23044514,CLEAR,DAYLIGHT,DRY,IMPROPER OVERTAKING/PASSING,2.0,55.0,1.0,1.0
0ce60526e21c73740c04c4b36584c8ac13a72f1f8a3b7bdcba405514639f5ef58e8eccd66689e6404eda20f6f9a853381508f0fbfe7a74b28ec1dce7c8d89213,CLEAR,DAYLIGHT,DRY,DRIVING SKILLS/KNOWLEDGE/EXPERIENCE,2.0,39.5,2.0,2.0
0ce63bf637b32e03db67aac3a0619ecd940bb9b57e106d59bbe0558e3880f83cb94c69ea86774da565b5129a075ae8becb0917db334fc713b83b9bcd426537b4,CLEAR,DAYLIGHT,DRY,DRIVING SKILLS/KNOWLEDGE/EXPERIENCE,2.0,37.5,1.0,1.0
0ce66651dc9a8136d4a1843afcf58bfc7fe1a09e9cd45375525525ef897d9014648f34d24072fce33c9480b95f3ce63974ccb168d03b1f0cd332a9848bd777b2,CLEAR,"DARKNESS, LIGHTED ROAD",DRY,TEXTING,3.0,39.0,1.0,1.0
0ce6a3218c240501c0d2e23ba7b4401576bfd5b329901eb5a4ba16e9d2dcb0c89d0570476833ca7f158b7af338273a9f1d075be19b8ea7b229a8f67fb12b86d5,RAIN,DAYLIGHT,WET,FAILING TO YIELD RIGHT-OF-WAY,2.0,38.5,2.0,2.0
0ce6f0984b6aee571995a3dc3c13e17a571fa9e44c81370acdebc4341b1733dd29b4466ebe3b0bef1c863b8573b93db665bb8bb1b32ae8fbab9d9b5a8c005c43,CLEAR,DAYLIGHT,DRY,DRIVING SKILLS/KNOWLEDGE/EXPERIENCE,2.0,40.0,2.0,2.0
0ce6f47f248cd11192f57877df7300144eed7f97ddd826236dc7ce872f45bca345e4278db50042b6f050606eb685978c87cfa7fd7d0c01eeab7e04c1c1055801,CLEAR,DARKNESS,DRY,IMPROPER BACKING,2.0,25.0,1.0,1.0
0ce6fe26ddc062c0613549b604eb5524796af989e77952bbc73602aada08c56b567c62789109bdc12cbb5c99c26bf40bcc6e40d251efc69b2cd361f472fffb62,UNKNOWN,DAYLIGHT,UNKNOWN,FAILING TO YIELD RIGHT-OF-WAY,2.0,85.0,1.0,1.0
0ce70eb89dbb418530cbca36253300a57f33d2da7228abc8b820df7c6d2087281801fd74c6505ac0202920715bb8d35fecf209eac5965945d0b86a9ee6c60231,SNOW,DARKNESS,SNOW OR SLUSH,IMPROPER OVERTAKING/PASSING,2.0,34.0,2.0,2.0
0ce73ddc5e6b3f68182ad2730c10346ddfe91098fddb377b6707643c785d419be3aea358437b60fd67d5c4b0087671738479d236a5c3119d2f1b293f4b310b90,CLEAR,DAWN,DRY,FAILING TO REDUCE SPEED TO AVOID CRASH,4.0,37.5,3.0,3.0
0ce751f2d6a6faa1c32a3c46527c6a0a8d744105fc48c4a95221a0698243245412bed3d2866b0cdf036308a3b2e6c75bfa8861ca486f6ba7d764dc9557237344,CLEAR,DAYLIGHT,DRY,FAILING TO REDUCE SPEED TO AVOID CRASH,2.0,37.5,1.0,1.0
0ce75bec7ee7f6e427ada9cfc616249fd034e30356b97f6a484ca7f51ba400579ba53eb16b6cdf65fae5a8252dd0bc9fd3932c396310db1890e292f3fff346ac,SNOW,DAYLIGHT,WET,FOLLOWING TOO CLOSELY,2.0,43.5,2.0,2.0
0ce7b0419ed37105cd777103fd3b3c95883daf7b6182beccf4c41670f287fb732dd20a0a15c260f4fbfe3aba06955b348bbabacb390a2a7da7b6c1c84a3e36ed,CLEAR,DAYLIGHT,DRY,IMPROPER OVERTAKING/PASSING,2.0,62.5,5.0,5.0
0ce7b24dafe530f26da55d5e52be973396a15abd2d6efbe4f0af26d1aed794c92b23dc3cf443c58a39ea4fdd36ec3b6b0048920b410d55515a1efed3a568ad7a,SNOW,DAYLIGHT,ICE,DRIVING SKILLS/KNOWLEDGE/EXPERIENCE,1.0,29.0,1.0,1.0
0ce7bdeaae243784239e7e4ad63234cde30eaaf79f4cadba48cead8ac2434cb9ce1b6d1c2022ab81b44a63080e55e2a9d73a056795c85197c96f348e0d056007,RAIN,DAYLIGHT,WET,IMPROPER LANE USAGE,2.0,43.0,3.0,3.0