crash_record_id,weather_condition,lighting_condition,roadway_surface_cond,prim_contributory_cause,total_vehicles,avg_driver_age,total_people,total_injured
0ce7c9fdec29b532060378128ec1381927def79095b078a649d293b612b3dc5c95dad4cdd69713c6433e322f5f76a7c809f27fc734a82f730225cf4dbc3472f5,CLEAR,DARKNESS,DRY,FAILING TO REDUCE SPEED TO AVOID CRASH,6.0,28.0,1.0,1.0
0ce7d4ffff0abe94909c32b1a36e0395cf37f9ed827d3a295dfc340737e34b6c1dd9479ea13a39fabfc077479c8978303c7b7cee7cbc3cb3fa48f653b3ff57d7,CLEAR,DUSK,DRY,FOLLOWING TOO CLOSELY,2.0,60.0,2.0,2.0
0ce7f3f13669d808961cbb0fa897213a273c53d4ba995fdae143f552a49c6dcfc2637686c919649aac9a41c4af05635d6abb21adbd5312150cc5016821c1c0ae,CLEAR,"DARKNESS, LIGHTED ROAD",DRY,DRIVING ON WRONG SIDE/WRONG WAY,2.0,36.0,1.0,1.0
0ce8277f334e92cf96b9bf922fb6a9672f9b411ab446a4b461bae6d485d728c0e2897efac4ed9b8b3b566d2c951bb6d83c6bda83de9b6c09fa971770eb903935,CLEAR,DAYLIGHT,DRY,FOLLOWING TOO CLOSELY,2.0,40.5,2.0,2.0
0ce8342fe56bd0f22e854f4e89071f3bc02ea61d72b681d2fe7b1db44d30c3e65db4036473f09c4f17aa26b026c1c56fae3136f311db0d28098a733852c6a783,CLEAR,DARKNESS,DRY,FOLLOWING TOO CLOSELY,2.0,26.0,2.0,2.0
0ce8395e49860f3347f06de1ecfdfe04bca779dfcc9ab9e7713b5b440f548afb09cdbc55e84d2f75578fda689ccb468d0d24ca940e99b96814e2f1af6262fd14,CLEAR,"DARKNESS, LIGHTED ROAD",DRY,FOLLOWING TOO CLOSELY,2.0,46.0,2.0,2.0
0ce83de27e9fbaf68a8a751e8bee9110ddfa35d00cef788e4bebe1639765390df58e8c0ffe76a16bdf49d578878f425941d1ee9487d03557f8ba41a46a5ff18b,CLEAR,"DARKNESS, LIGHTED ROAD",DRY,FAILING TO REDUCE SPEED TO AVOID CRASH,2.0,28.0,2.0,2.0
0ce8566ba4d114f9fd29b54f61081df3d5a39453a040b355c7a8e46a0cb9c1baa8c9a161d8e5b026efacf41947237c90c91575241a5e510045ece41843449b3b,RAIN,"DARKNESS, LIGHTED ROAD",WET,DISREGARDING OTHER TRAFFIC SIGNS,2.0,47.5,2.0,2.0
0ce85c7ba7a8f58b6e49ffdbd8fe76a3bdbabd463ce6ce0e7ec2d1d2169df36e99d18aa3fdf510dc21e59ea76f60871bae41fbdd206b38282d9a2132615baa25,CLEAR,DAYLIGHT,WET,FAILING TO REDUCE SPEED TO AVOID CRASH,1.0,21.0,3.0,3.0
0ce8a47c21bb1bf98cb6f8166f84022959f04f70aa4da5b8ae030e72d00b463339b7440be4bc4faae258bd428e6ea9d4f08c3110ab60d59bed37d3a9ec579301,CLEAR,DAYLIGHT,WET,FOLLOWING TOO CLOSELY,2.0,49.5,2.0,2.0
0ce8b9aacebe22ccf49e475a2d63f29c045938cec448056cae0628c347aae2005da69a1c79b36ab589b4d229caf778eb5cf3f2c48134443865379b9312f88152,CLEAR,DAYLIGHT,DRY,FOLLOWING TOO CLOSELY,2.0,17.666666666666668,3.0,3.0
0ce8b9e0222fb9132d43ffae823cbc255bb00e48ae2eee87fa9c7875ecd92567facf7883d6e22bc156cb657a3b38a02f6914c8b5859ade871df5f876bca05f8e,CLEAR,"DARKNESS, LIGHTED ROAD",DRY,DRIVING SKILLS/KNOWLEDGE/EXPERIENCE,2.0,37.5,1.0,1.0
0ce8ef9fa1d9d1d78cad3976fdcbe079d3fd0e83d4aef1a906501fb76c8e93ddccfa50a369b7e76afb896b713bd13533f48ee5bf7181295473b21ab0c0456800,CLEAR,DAYLIGHT,DRY,FAILING TO YIELD RIGHT-OF-WAY,2.0,6.0,2.0,2.0
0ce8f2421738ab1b81d548714ded4ebee5f42910798f20ebedd7c5d983a95dce25503e21a1e62c342acb5a8251c4296ac6b4e40108ed890ed38839cbc878f041,CLEAR,DAYLIGHT,DRY,FAILING TO YIELD RIGHT-OF-WAY,2.0,61.666666666666664,3.0,3.0
0ce93d5df716e71ded670b427f7d0e97cfe6254ca658a797cdae56c8ab3aef747e63503223b5000213f3d4586cb994daa923bc5db1411db956ed5df1d30d0c98,UNKNOWN,"DARKNESS, LIGHTED ROAD",UNKNOWN,ROAD ENGINEERING/SURFACE/MARKING DEFECTS,1.0,43.0,1.0,1.0
0ce9475ba984ff2fd952d4f75985a4f53c9501dc2a1c444c4fb265b742cf5cdaadcbbc9d1124171e92fbe6d418e007f4082462b535f5d20f4e17b4520902bec1,RAIN,DAYLIGHT,WET,FOLLOWING TOO CLOSELY,2.0,43.5,2.0,2.0
0ce96e4853549204514908fa7478df89f9932f7bc6aff02f41e884a0fe489955846b6daeb626ed667422f810e859063ee007777cf51003fcb7d23408617e3366,SNOW,DAYLIGHT,SNOW OR SLUSH,FAILING TO YIELD RIGHT-OF-WAY,2.0,35.5,3.0,3.0
0ce982b13aab10d09421f353e2322c768cd79513ac2c9ef9c37fe1a39add09bd8ec7c83b5972134947b64cf858833be43c25de9a995758f501c6fd389e2e0541,CLEAR,DAYLIGHT,DRY,IMPROPER TURNING/NO SIGNAL,2.0,57.0,2.0,2.0
0ce9b1e939c0df1b21a3e27d14e133f21516e82c659fe77c2ce719dc605f1529c901d48d9a85d1a4cb5d52a98842449f68df8f2b8233ae5234187bda670063e6,CLEAR,"DARKNESS, LIGHTED ROAD",DRY,IMPROPER OVERTAKING/PASSING,2.0,27.0,5.0,5.0
0ce9f5046951fd9a772872e955ea5717a54b7945da99bb6355e50e5373da2b59ba63d87aa7a8156bae7eff165581c7f03822a9df4ed54e7235365eeaea8d6b8f,CLEAR,DAYLIGHT,DRY,FOLLOWING TOO CLOSELY,2.0,18.0,3.0,3.0
0cea2917e2cc6d1498fa6c748c1b7357d17a3cd43ea1d687e8cc31da9e52694ebaa0be800776565a4cac460012e124b0d556af10302bdfd809f3ae7fc1353189,CLEAR,DAYLIGHT,WET,FAILING TO YIELD RIGHT-OF-WAY,2.0,26.0,1.0,1.0
0cea319d1aa1d8ede728a9fa4a33cce0885c74980e6c224862196180dd566fa684c80c84ffbd3f02913d6837a9692d2f3a8345503062a4eadf3d5f0c9a8f73a8,RAIN,"DARKNESS, LIGHTED ROAD",WET,UNDER THE INFLUENCE OF ALCOHOL/DRUGS (USE WHEN ARREST IS EFFECTED),2.0,34.0,1.0,1.0
0cea350c0cb0f13899fac4b47b3abf359f318d787a5c7c76f48736f6baae5552ab106f911bfc03e8fc3016019fdde7030c146c6e255128e366fcbe1e0034e454,CLEAR,DAYLIGHT,DRY,IMPROPER OVERTAKING/PASSING,2.0,29.0,2.0,2.0
0cea3bf06785dd4f1d8202e256a0dd6a850cb8468ef4b744519f1ed89e33e2b890df900c4835725816fec31eefdb80f573f491bcf91249d0c647831d59f9d3d4,CLEAR,"DARKNESS, LIGHTED ROAD",DRY,FOLLOWING TOO CLOSELY,2.0,43.0,2.0,2.0
0cea70550128a77f6ef7633562d62f4a1aabd331167dcbf8d3cf09034ccf2ff56b4c24ee46b0718da051173a611b90489583ea291944bd087467dd9435882ee9,CLEAR,DAYLIGHT,DRY,FOLLOWING TOO CLOSELY,2.0,40.0,2.0,2.0
0cea7196e4a3e2b0840ec65452901d2b6f6c32423ff7dc5ffdcce8a184058e27ef81b27f077aab1fb2ab8e116da859399fb250c4a42189c2622a3c86251a0e0e,RAIN,DARKNESS,WET,WEATHER,1.0,72.0,1.0,1.0
0cea78bc674b3c402d95d12116a015cf610f1fa605653f0c4318e871c2a1f6171cc5a34cbee37e2966a88896128d536e15729a0d54748368d2248b77e53b1af5,CLEAR,DAYLIGHT,DRY,"OPERATING VEHICLE IN ERRATIC, RECKLESS, CARELESS, NEGLIGENT OR AGGRESSIVE MANNER",2.0,37.5,1.0,1.0
0cea81ea7ca3fa76b962c170e2269ee80d380030e9b29918246997fee23e32348cefb9ae3144faef2d4cf6515a9cfe8359adc7506e1709f956ca632111e1a2d6,CLEAR,DAYLIGHT,DRY,IMPROPER TURNING/NO SIGNAL,2.0,59.0,3.0,3.0
0ceaa34373cc804b943bda874009fb8deec9d957e52dc6bdc42ecc4fef7abfd3a31687fe0fea887511dd14fd7626d52a99c2e64fab408ad4b9a26bcfc686baf2,CLEAR,UNKNOWN,DRY,FAILING TO YIELD RIGHT-OF-WAY,2.0,23.5,2.0,2.0
0ceaae2a7d9678c9ef018d758979c5b839cf985ba701b3ae9c75e8f379e775cdd35b58e42c2bea1e806eb47c154b536a55abc8ea613d633781b7eec3527ca66e,CLEAR,DAYLIGHT,DRY,DISREGARDING STOP SIGN,2.0,32.5,2.0,2.0
0ceab46e6b53e3f15db26e577efed315df67a1b231aca735d1dfe77a63a9a422cef337c97bbe36eb3a58895093bb9df083727f1380e53a167ee70105f09d3d8b,CLEAR,DAYLIGHT,DRY,FOLLOWING TOO CLOSELY,2.0,45.5,2.0,2.0
0ceabd754ad7492314d35fe9631d024a220b947d4a1063c7ae753e4f7629566433dc149449d05f4fd1e1b809236a144674badaf49bfb7e4f7fbc1a237ca4575a,CLEAR,DAYLIGHT,DRY,FOLLOWING TOO CLOSELY,2.0,42.0,2.0,2.0
0ceb117cdf76d1bc3b72c446e51f1f491485b1d19ca6055ad3819ef867280ad8506f9d0b976a2cc241031ece9c4f0ababde607404c9878defe57e4fb1fc8699a,RAIN,DAYLIGHT,WET,DRIVING SKILLS/KNOWLEDGE/EXPERIENCE,2.0,20.0,2.0,2.0
0ceb146707e52ba48e2385e6bd2817284f2b199c14b0a7655b732715ad7e2b2a87f1fa3d3c6fa97287238839c4f7040e778e6020dea3e969654c0e94f5d04b3e,CLOUDY/OVERCAST,DAYLIGHT,DRY,FAILING TO YIELD RIGHT-OF-WAY,2.0,36.5,5.0,5.0
0ceb2b9ec5c454216e6aa8ba4ed26da496a3315b80983191d7a5ac0666549514e5dae9673eb61762d1b39e7d9afc2b6f0afa6290fc676985f35fde1a0e0b000c,CLEAR,"DARKNESS, LIGHTED ROAD",DRY,DISREGARDING STOP SIGN,2.0,23.0,3.0,3.0
0ceb3c85cb91372d99ffe2eee11811c0438e643872850a8c6db1175b1fe8d8b99c1dc4da9358b9a19c50ba4166c8b1207a3a2395ac585675f4a89d879193d2ee,CLEAR,DAYLIGHT,DRY,FAILING TO YIELD RIGHT-OF-WAY,2.0,43.0,2.0,2.0
0ceb54d41ce875b66f3e304afe06a0505ce369ecf9f25a8ee91fce716046564229b30a2ff0c36958b3ab5a1a5f4fa92dcda7f183bec61c6c184105e72332b756,CLEAR,DAYLIGHT,DRY,FOLLOWING TOO CLOSELY,2.0,58.0,3.0,3.0
0ceb7b0945547afcd493bb143a95180603ad23aa039ab763f898138be14c3832617cd6238277f1a353034769e094b3c68ffb18b7d8b0870feb82f45487054452,CLEAR,DAYLIGHT,DRY,FAILING TO YIELD RIGHT-OF-WAY,2.0,75.0,2.0,2.0
0cebb734c9496383315f65db1c63f150a9bbcad3597749942b85b29e2efe5a161b635eeffcd37f8fa45b0589a15c2ba1a262097cb413a99700347c39b289d4f0,CLEAR,DAYLIGHT,DRY,FAILING TO REDUCE SPEED TO AVOID CRASH,1.0,37.0,1.0,1.0
0cebcabbf684d9f631787818d04b768710447968e13d43ff53cb2f3f884e88c9860c7e15257267bb3a53937ce01036096d06b3e3f62115fb9088fb2dff6e6f3e,CLEAR,DAYLIGHT,DRY,IMPROPER OVERTAKING/PASSING,2.0,54.0,2.0,2.0
0cebda9bb368849cfe82f9f8e900b660e31038ee3a28d47b13d758d152d20f9f90e7ec580655df7bc43b49b258523848711e80e6140e0f75abdfdab8754eee98,CLEAR,"DARKNESS, LIGHTED ROAD",DRY,ANIMAL,4.0,41.0,1.0,1.0
0cec2c69f1e0a399344e41dacf1cc7f0480bbe5565d6fb6d82bcc0b2b193f6ba08655fc04d3a1f4a32546f8c4c22235dd5b0e34da0d5482eaa3114f8268c0f6f,CLEAR,UNKNOWN,UNKNOWN,IMPROPER OVERTAKING/PASSING,2.0,29.0,4.0,4.0
0cec3bb14aad6e11164f76b9922caed37122fdb92a4aa34c8d5d7d85ae6836f7ba54a60f4851fb78a7e38d0e66b52a03f00dd4cb565a8ca5b4edb1e59378a47a,CLEAR,"DARKNESS, LIGHTED ROAD",DRY,IMPROPER LANE USAGE,5.0,24.0,1.0,1.0
0cec511f58e2baabc8bef858035bdd5e9c4992af06fe75bc0c53e76d11109fea06a4bc5a31340e6e385ee7eac7af12951ee1064fc1000d458149a350fa21f39b,CLEAR,DAYLIGHT,DRY,IMPROPER LANE USAGE,2.0,22.0,2.0,2.0
0cec684fde488d5e3b4eae6929ed0cadc3bf17fccbafb31701b40ae2ee1f629e3f8de2385401b19e3db7410001d1e87162f28d1f950502709af07aae208b5ffc,CLEAR,DAYLIGHT,DRY,FOLLOWING TOO CLOSELY,2.0,30.0,2.0,2.0
0cec85e47bb46fdce58270e94513a65d01ac7a345328f9ad3d0b5ba73a12155116b6fd0e14cee8a457a7c58376ace461a5cad0907f7cae497abf6560d527e33b,CLEAR,DAYLIGHT,DRY,IMPROPER OVERTAKING/PASSING,1.0,23.0,2.0,2.0
0cec8a1911c6a756015dbab7e91150e83fe24a2f62908cfe05e1da2cf5d644b69dacd108b449346353c57ec96a8b9100f0f227a8ed6b760cbe20b78eaa116be2,CLEAR,"DARKNESS, LIGHTED ROAD",DRY,IMPROPER LANE USAGE,3.0,25.0,1.0,1.0
0ceca72afa3db7a979401b24096aa49d26ae66ac991648de4a3677527f90b561f45460174a9327224ff973d193a7c7e5d85666812dfca6e5ced5504e1cd4e70d,RAIN,DAYLIGHT,WET,FAILING TO YIELD RIGHT-OF-WAY,2.0,41.5,2.0,2.0
0cecbb8ce00fe2321912c82f2ba8dc349e192b7a870b96b40ae7248ddb5bccf26e989ba8b2e46d4cce6634eef8b4f570ef08f230f43464d095a1feb26302f20a,CLEAR,DAYLIGHT,DRY,FAILING TO YIELD RIGHT-OF-WAY,2.0,40.0,2.0,2.0
0cece589d61c11f6659856ee0437482d0f23e31c8cee3a07154b94b076fc2075f9ddc8f73ea1680e5bbbd912aa47ef0cfa49a320f4eac5f7a1dcc4bd343689c9,CLEAR,DAYLIGHT,DRY,FAILING TO REDUCE SPEED TO AVOID CRASH,2.0,48.5,2.0,2.0
0cecf3d592617fe1c5cbcc429b022557101cb43f484dcc0b94fab17a6aa565113a19133243f441140b738c5024f40cadd03e583f3617889fbd25667d7c2f2a6b,RAIN,"DARKNESS, LIGHTED ROAD",WET,FAILING TO YIELD RIGHT-OF-WAY,1.0,43.5,2.0,2.0
0cecfae422e95fa25958d1ee8d569cab226b6f76da071b0082d9726f99c1b34bd3d31096e59e5db2e72e616d70ddb76d0f1ad92be2d56cf11855b81ab1ea3f6d,CLEAR,DAYLIGHT,DRY,IMPROPER OVERTAKING/PASSING,2.0,41.0,2.0,2.0
0ced2b001236ddac9d2317bc8c23d7f670900a2f9cdfcfc41498bf37d6e4c88b1610d67aaed90365c46fb228434a50ed6cafdfdb4c0ce854026031e7db3c3481,SNOW,DAYLIGHT,SNOW OR SLUSH,FAILING TO YIELD RIGHT-OF-WAY,3.0,59.25,4.0,4.0
0ced3903b696a9f40e6fa4418cc2d5e4f5e03fc836432b0893dd073160696478ae3b57b14ca27fb4f76c83aabd962794bd30f1407b9b942fcb8800438275f07b,CLEAR,DAYLIGHT,DRY,FAILING TO YIELD RIGHT-OF-WAY,2.0,33.5,2.0,2.0
0ced3e437747e2d32daac62a78fdfc36ad724acbe72a2012eb0f10f5ae34c68aa4883e277e49f14a54609943e986297f09fbebfaa93a5098ce627a7b7e5d02d3,CLEAR,DAYLIGHT,DRY,FAILING TO YIELD RIGHT-OF-WAY,2.0,23.0,2.0,2.0
0ced470815ea6f6fc07ef5c06e139750bde82a023c5af9b3700702757335cddd303aa24f4bccddc3535ace24a1005e01dbeeeab73c614bcbf73acb973a98b11d,CLEAR,"DARKNESS, LIGHTED ROAD",DRY,FAILING TO REDUCE SPEED TO AVOID CRASH,2.0,20.333333333333332,4.0,4.0
0ced51ae70914ca4472d733503b2c9084ca4109397faafdb520084db49215b931a127326f12cb007335cfd24656bffbfe52b84588b45896bf36a7cfe4827df5a,CLEAR,DAYLIGHT,DRY,FAILING TO YIELD RIGHT-OF-WAY,2.0,22.0,2.0,2.0
0ced70791c963e6a3683455d94ec4f5f6c90bf376caeafa22a7a8ea365a27d6a25361f9ee7f0f3ed51c984c58c5a7445d39a8bd31a68c8bd5d7f4ae4c9a96a56,RAIN,DAWN,WET,FAILING TO YIELD RIGHT-OF-WAY,1.0,26.0,2.0,2.0
0ced95c25803420168fb0d294c2137c991e5655ae79d9e9840420ba7571883495d1a521fa73cde44d1db4926d445849bb6f2429b2befd1ccbaadef6d2bf5bca8,UNKNOWN,DAYLIGHT,UNKNOWN,FAILING TO YIELD RIGHT-OF-WAY,2.0,37.5,3.0,3.0
0cedb36e5f2d8513dde4ea715954adfba5d559d74207fa968a3e2740749968334f12b08f032120510912027af5e7d068abd5eda05db15b28e323f57e1dc9df46,CLEAR,DAYLIGHT,DRY,IMPROPER OVERTAKING/PASSING,2.0,23.0,2.0,2.0
0cedcec4a1070b46232c423c106f2ba4c3b27506fd6736aac65239812a315914c1600ce4fe1b3f77090f3a49ad21eb01001886b1c745864185bc98bf1dedad49,CLEAR,DAYLIGHT,DRY,IMPROPER OVERTAKING/PASSING,2.0,37.0,2.0,2.0
0cedd5c225ed0d5f9e80e98b63def927cf799efce1795c358d2cfb2fc889fb8ed5593aeaccc0ecbc0c6d34bc5cbf66f69320f015a4fb06afe1caaf10f62cceff,CLEAR,DAYLIGHT,DRY,IMPROPER OVERTAKING/PASSING,2.0,37.5,2.0,2.0
0cedebe0b11a1a6669d85ce69cf0a51e6e05a8f6eb48bf3cf4489932d90f12a2e813624c8bb07eccf9c59a0bac18491c336a20c00d752938762ffaee34e44568,CLEAR,"DARKNESS, LIGHTED ROAD",DRY,FAILING TO YIELD RIGHT-OF-WAY,2.0,25.0,2.0,2.0
0cedecc3c8af20453aa06fdeceb02ac9b4a9560093a0c6fb420fbeba26649973728cc2528fb8c414e7d299ca06ef5453d956ebbaa5ceb12844696735b9ee39b2,CLEAR,DAYLIGHT,DRY,IMPROPER LANE USAGE,2.0,30.0,1.0,1.0
0cee00252315fcef5753a9a275b772bfba92eeb7c1dd62f1de8e121c69317adeb853d0a0caa4b3927b9fc68e55fa5b3fe40ef78eeb71dfdf60ec180ae2006471,CLEAR,"DARKNESS, LIGHTED ROAD",UNKNOWN,FAILING TO YIELD RIGHT-OF-WAY,2.0,20.2,6.0,6.0
0cee262e1ef2f6bf33d548d6b9bf79208b0f13921ba000ad5460135e7bcc6aba7dbb33d6f5d10ace231182bc39da4a770c741045aa41d5c2d136da6ebf0beafa,SNOW,"DARKNESS, LIGHTED ROAD",WET,EXCEEDING SAFE SPEED FOR CONDITIONS,2.0,38.0,3.0,3.0
0cee469f988b031f5071cb2c34f59597eb06dbe6b78c35318a065bb12beeedae9e531052f78d78df4c5a8b31d007aacbba84790f5c7b6347b49e9fc3a1ee01d6,CLEAR,"DARKNESS, LIGHTED ROAD",DRY,IMPROPER BACKING,2.0,31.0,2.0,2.0
0cee533ba43ae55490de81a4aa813c89f9cdf8e5e610f717307a45e6de8f109b1498141488c890dd8cbe29d3a5f297210d17d99f948d0633609783301447757f,CLEAR,DAYLIGHT,UNKNOWN,IMPROPER OVERTAKING/PASSING,2.0,37.5,1.0,1.0
0cee9dde4c24227184997b9de72ba52138696db15ac168d81b44c4a7c7c3440dad09bd25b4f9fd4a374281f0d9b12758eb5705b9e5bb257ca812d1f435328251,CLEAR,DAYLIGHT,DRY,IMPROPER BACKING,2.0,42.0,2.0,2.0
0ceebd95ce4c31b6a07ad9e729384aeac17aa2f28bde38f23edc190f5aedbb258922cca8accac118d443fb76c8d2710fa9fa3d17c5c5428b38929319d9e528dc,CLEAR,DAYLIGHT,DRY,FAILING TO YIELD RIGHT-OF-WAY,2.0,20.5,3.0,3.0
0ceec15deeddfcf045b54e4f8f1a29c27072433a6ac4f632ee3aa02f5f5156e58ef1e12f9219b2bd62c5d7dfbf31e35b279880a689d9730aae97e4dd04bf5e95,CLEAR,DAYLIGHT,DRY,FOLLOWING TOO CLOSELY,2.0,77.0,2.0,2.0
0ceed4dd1ee23e2728e4d524a7d453ec608e2abaf784591ae4f00ad0c05221274ac3a667c187f6c5538f4640e6b6f12aa9639b33c2a86cf21801e0fb5140e644,CLEAR,DAYLIGHT,DRY,DRIVING SKILLS/KNOWLEDGE/EXPERIENCE,2.0,31.5,2.0,2.0
0cef18ecf3c46c424168142c9880a4100b7bca34fa5a064ec5cb188108f87f06d134ba1ae6fe6761f01d51b619b712c75beb70e95677f9802516e55d18a2875c,RAIN,DAYLIGHT,WET,IMPROPER OVERTAKING/PASSING,2.0,31.0,2.0,2.0
0cef4ab9379d5a5c05d08c0f941e3e1c78459b7dd413fabbefe11da79416370a5f3a729ec63bed980576c9b0f14411e02f031341e1975785318cfdf5eeb0cb82,UNKNOWN,DARKNESS,UNKNOWN,"OPERATING VEHICLE IN ERRATIC, RECKLESS, CARELESS, NEGLIGENT OR AGGRESSIVE MANNER",4.0,37.5,5.0,5.0
0cef63599f137f24898bc94abfb53a501ffddb2e296e687d41ee3baf1cc0fe6bb344697e821140b8224a1cbc532c3657724b35603ac5b140aba90d3494a44736,CLEAR,"DARKNESS, LIGHTED ROAD",DRY,DISREGARDING TRAFFIC SIGNALS,1.0,29.0,1.0,1.0
0cef71dfc05e689afab4c49e438980608c4c0d028855813f5bdfe7f2ff6a42e008e4bcffe2682d5b518067ec9df180547bb4e3d701979396d450542763417333,CLEAR,DAYLIGHT,DRY,FOLLOWING TOO CLOSELY,3.0,33.5,3.0,3.0
0cef75a0168caa14262d502e4a4775e08ef65717833616fbc252b6db6a12a12498c6585f8e13e9aa838af9e33a4a7557966ad92a234db6f7ed7089d53b62a666,CLEAR,DAYLIGHT,DRY,DRIVING SKILLS/KNOWLEDGE/EXPERIENCE,2.0,30.5,2.0,2.0
0cefb200b07677e90b87eed446bb507a38f0a0459429ee587366d95b36f8753a45764c827dc216b2135605b5ae998275f5c84405d3d47885782aa6b54abab5eb,CLEAR,DAYLIGHT,DRY,ROAD CONSTRUCTION/MAINTENANCE,1.0,43.0,1.0,1.0
0cefb46c828b6f8a49dcfac61520355f86a162269232b4546e56ec657909198b5bad27e21626320d4bff135834f2f49d10d77123b49f3eb202b803d5533e5cbd,CLEAR,"DARKNESS, LIGHTED ROAD",DRY,UNDER THE INFLUENCE OF ALCOHOL/DRUGS (USE WHEN ARREST IS EFFECTED),3.0,37.0,1.0,1.0
0cf06dbb79e490cea7d76074ff55d4c470a7887c68477de001b5a0cdfdaf17faa91786bee5b6a90937dfe17d48defc56799f4bae2152e474b3dc0cf239be2b52,CLEAR,DAYLIGHT,DRY,DISTRACTION - FROM INSIDE VEHICLE,2.0,33.0,3.0,3.0
0cf0ac6bf037ad6c572b0608c943cefd5c3b26bf3b081c7f2ea037c50169ff6db96ba8f03238737cff5526b5a3bd559faeaaabf2b15d81939c38fa8aa28f1a70,CLOUDY/OVERCAST,DAYLIGHT,UNKNOWN,IMPROPER LANE USAGE,2.0,64.0,2.0,2.0
0cf0c9801ca07a1cf44da2cbf1ece74c5ef3fcbcd18680c458beab0387f95d4c9a5eeb7771a2101ee5282d482c1968e1d568e35203bc65b1190e86be98f0eff6,CLEAR,"DARKNESS, LIGHTED ROAD",DRY,DISTRACTION - FROM INSIDE VEHICLE,2.0,22.0,2.0,2.0
0cf0dcd010e81111e69c4d39865c416851e3d4c87669d62018cce99029b931177b89c3e77bf969f65c10387e76860933d6cd2e05ec6e9f990c1966b4eb2db9b8,RAIN,DUSK,WET,FAILING TO YIELD RIGHT-OF-WAY,2.0,25.666666666666668,3.0,3.0
0cf0ddd3b5f04310fa83ee31efe6e294073182f877882552238c3fd8d84f4fd821aed2cdb50b46dab2be7059c1decf79fed661b1b91b722d950a3af705750779,CLEAR,DAYLIGHT,DRY,FAILING TO YIELD RIGHT-OF-WAY,2.0,43.5,2.0,2.0
0cf10c76d30ce3325229917f050dca0db965a8a611c647490050b06989f71072da6ef6476e18d6b30a0b61f3a54bbed691294dc5efb0979f3a83b606a3c4dfd7,CLEAR,"DARKNESS, LIGHTED ROAD",DRY,FAILING TO YIELD RIGHT-OF-WAY,2.0,40.0,3.0,3.0
0cf12f265dec279dbb29afcff01fe45d406d9d048db439738a76759cd36fac283b8ec4435de213e4d88e7e8da9498cfed42596d6d102ef30863dc13d12f4a207,CLEAR,DARKNESS,DRY,IMPROPER TURNING/NO SIGNAL,2.0,48.0,2.0,2.0
0cf131b1af2b51365a0b49e0c52d0bd6b1d7a6b8fb23301c609172137a5ea2ee6b0c867c3d9a858f3aefc7ca75f086dee122e2bf6068e5401432662498b7ffc7,CLEAR,DAYLIGHT,WET,FOLLOWING TOO CLOSELY,2.0,33.0,4.0,4.0
0cf1367f25f3ccc2c7bfd487ab1f98bc9f7f229f612bcfb4e5d2167431a5bac088d0ab1a4c2878f27d455e657a8d3e6806ed477bab76e08d2115d776368a2ccf,CLEAR,DUSK,DRY,DISREGARDING STOP SIGN,2.0,44.0,3.0,3.0
0cf14aa5caaf2b5f6b20ee76bab4513f5ff52d99fa181ae3b2cf7b141a789e2438d25dea1f0e48d660e0b62d8bb8a48e1c4cf654a157b3e59ce0b41ca0b1200a,CLEAR,DAYLIGHT,DRY,IMPROPER OVERTAKING/PASSING,2.0,30.0,3.0,3.0
0cf14f9daab62688341c7f32d8b70403a0c5529bff9ba0ce98ce3f378e257b131ebb44312dc7a72959d9b6c36d4ba2f4cba48223ec9394d18e7bb1fac05c3b7f,CLEAR,DAYLIGHT,DRY,IMPROPER OVERTAKING/PASSING,2.0,30.333333333333332,3.0,3.0
0cf166bbd534c8dfcecd22d96dc3a1a5bc0953a1f5f03daa170970ecb3c50500972cea08d2df06f59df0d853ca0af379c798c93201a8a66d2fe02e0c5684bc3b,CLEAR,DAYLIGHT,DRY,FAILING TO REDUCE SPEED TO AVOID CRASH,2.0,44.0,5.0,5.0
0cf16eab42b20707153bd7baa994bf66fe9fb410fbae8c71a3623b558be744bd281f6e5e29bf3a48ece30cde264b528af405d608b94606b7b65992745804a7f0,CLEAR,DAYLIGHT,DRY,IMPROPER BACKING,2.0,41.5,2.0,2.0
0cf17ab27e40df1a197ce779730fb2b51e15d548457fd0e6ebfa38f2ecf160eb0fec5d2c10ca3a22bd964ddad7244f852b4c231d066b69f819bcab9763ca71ea,CLEAR,"DARKNESS, LIGHTED ROAD",UNKNOWN,IMPROPER BACKING,2.0,25.0,2.0,2.0
0cf17b99d293237b65211f448a1381f72d93784a4621867e69669445b3a70bb4152bd467b53d6c1821e6f2a9e9fdf26ea8be15d5b44949c7ba8013cc1dea3d08,RAIN,DAYLIGHT,WET,FAILING TO YIELD RIGHT-OF-WAY,2.0,27.0,2.0,2.0
0cf18b2226aedb6e81683556b8f4f2d3fcc5c7c6763d9a70e8e1670acf161a270f70f4869dfd61ae62e50e54e1a97010eb999b35c080b2636f0f58de71f0208a,CLEAR,DAYLIGHT,DRY,FOLLOWING TOO CLOSELY,2.0,45.0,2.0,2.0
0cf1b5090c4d8907e94225d3f89736a33bd0945de441e522ae6ba9962fa9aaf21b904a6884f82a10bb165d8b7878c75e707659f5902113844cd671565807fba7,CLOUDY/OVERCAST,DAYLIGHT,DRY,IMPROPER TURNING/NO SIGNAL,2.0,34.0,1.0,1.0
0cf1b957774b1be1dc0ac44a697422362d5c394f418d05a58fc6429ec0bf2548beedfe51de7775125f449543c686f82b211d9b66e65ad5a7e978e2ed52880cea,RAIN,DAYLIGHT,WET,FOLLOWING TOO CLOSELY,2.0,51.0,2.0,2.0