crash_record_id,weather_condition,lighting_condition,roadway_surface_cond,prim_contributory_cause,total_vehicles,avg_driver_age,total_people,total_injured
0cf1e483432bda402a6ad1b454bdcd83e12d8282096ada26fdde9405e774805edb0a8e775da4bdf23a21e4f0aed3f861571b4887a9e80e446079e8cfff228e9e,CLEAR,DAYLIGHT,DRY,IMPROPER LANE USAGE,3.0,37.5,1.0,1.0
0cf1fb2878a21809b991675dff4f06712851096678e6a101eeca86df92f00132a709934dc77b90dd5b35558e2c4eb7ac146e564a71da964cff6e3d5d221fdd22,CLEAR,DAWN,DRY,FOLLOWING TOO CLOSELY,2.0,37.0,2.0,2.0
0cf1ff6bf32c91b5df813d0c7105824c8033c9fcedde2e2e678991ef6ba891a6bd2dbec845d2a8a0ec72086270571d8b01a86ac5ef9a5574060e01d559617643,CLEAR,"DARKNESS, LIGHTED ROAD",DRY,IMPROPER LANE USAGE,2.0,23.0,2.0,2.0
0cf212729e433cc531eba6595b546299764f24bc8fc4f102d7128c8f8e2709426b43678b42a0dbcbe9e1730730802ee1952ee33c58c69150a5445f1198b02996,CLEAR,DAYLIGHT,DRY,IMPROPER LANE USAGE,2.0,37.5,2.0,2.0
0cf230f2068899a542e276422755cdc612dc0a1f24eae6e4ec0cd672b819f375c807a7f35226943e33c7ddc0fba1604655b2747a0cea93fe54225c13a31309f0,CLEAR,DAYLIGHT,DRY,IMPROPER TURNING/NO SIGNAL,2.0,33.5,4.0,4.0
0cf2321b9cd7a494ab62f6a82ba096d821a11b2bec7fed55fa3dcac7f952bc80bdbc59c2281bbf2300533ec5800095f18f1a5d8262f098da3393a1c684b2ad41,CLEAR,DARKNESS,DRY,PHYSICAL CONDITION OF DRIVER,1.0,69.0,1.0,1.0
0cf24927c872aee3cabe8d83535ba04109a44918edf954b6aa8f1d7a34c02f78004a71527ca9ce53479402daacaea874892ced4e49b80f57fe30b1eeb9193282,CLEAR,"DARKNESS, LIGHTED ROAD",DRY,DISREGARDING TRAFFIC SIGNALS,3.0,26.0,4.0,4.0
0cf2a5cdecb576e3fe8ccc0b0aa60006c4a673a09ea8bacaae4eed73b165ddd04f8f070cb14742b9f591f44774d154c0eb54ebf5843ba3b43607065e081ac776,CLEAR,DAYLIGHT,DRY,FAILING TO YIELD RIGHT-OF-WAY,1.0,16.0,2.0,2.0
0cf2aeef558ddb4a4eeec1d1119a73aa98526de712b8fb6c27424be5c4b36f4609268891af8848d140246215d23ac06bebffb30db1e0212db77c9489cd97c189,CLEAR,DAYLIGHT,DRY,IMPROPER BACKING,2.0,61.0,2.0,2.0
0cf2b4d6adcc647353080491a7aeed8a73686041f26216ab3ecd086c9d61210f4e60e5f32d736d8fc3beec2f69900d0be691e69957a142bd99498b62c650f75e,CLEAR,DAYLIGHT,WET,IMPROPER OVERTAKING/PASSING,2.0,47.0,3.0,3.0
0cf317c6c356277374141bc269235605b57b860bee8eeda946dfc406a1c0c966359f5942c4df79b3165fda809ecdfd720e7822c62fd6c613cc3cb3d5639d993e,CLEAR,DARKNESS,DRY,FOLLOWING TOO CLOSELY,2.0,26.166666666666668,8.0,8.0
0cf33163dd80565490fb545622c7cda4730720f1d08859002d34d4134ddded8ff36f6d0e23e390df6d466645fae1548b17da487cd5f01d81a67087cc276b8931,CLEAR,DAYLIGHT,DRY,DRIVING SKILLS/KNOWLEDGE/EXPERIENCE,2.0,21.0,2.0,2.0
0cf34af620df6ad1d8dc6adbf99884e07594945bf5e8acbb9238508a1fb1af507f7e6484f212adb9e44efb19c64a8b4833a57d20cd1b48df1477e32ae2aba193,CLEAR,DAWN,DRY,FOLLOWING TOO CLOSELY,3.0,33.5,4.0,4.0
0cf37dff6cabc5a51dac81d68d1883dc124354274374b253444ad861748a2aa44443cf5e7a3bb29aa03c5b48f522d170d3e08ee1b26f8003dcbde52c02a3138f,CLEAR,DAYLIGHT,DRY,FAILING TO YIELD RIGHT-OF-WAY,1.0,34.5,2.0,2.0
0cf3887347fe486b1dcaff3fc6d1375e11502e1b91708f6719ec266f9c31e8152f1c4fead56084e6e905bf78dd2e4b8495b3269374c3a162637ce59fba24d8ac,CLEAR,"DARKNESS, LIGHTED ROAD",DRY,DISREGARDING STOP SIGN,2.0,44.5,3.0,3.0
0cf3f54e0eb971ebf20774184bcba11c422ec7b9ec24809b19896a094388f1913565d9caa6fbd5b4a0ac6790cc59f702f03eb21c4654616b31840f64af054d54,CLEAR,DAYLIGHT,DRY,IMPROPER OVERTAKING/PASSING,2.0,30.0,1.0,1.0
0cf417a0812933d9c8f7cfa829ee9985c45d76e38632615943e2e12cdee3aefc75c9fbd7a1288acd0f198f1534fd64e5ef6359edd508a5679dc57de812130976,CLEAR,DAYLIGHT,DRY,FAILING TO YIELD RIGHT-OF-WAY,2.0,26.5,2.0,2.0
0cf443d28f1694e769bcd9e2d2aecd53404b912d6fd6be16640d7693e806d55dfbc5e235e49eece83231f7b81ea9f8bf23b4533b1d2cbbf3b4715ddf9eb724ab,CLEAR,DAYLIGHT,DRY,FAILING TO REDUCE SPEED TO AVOID CRASH,1.0,23.0,1.0,1.0
0cf450a50a5b39b69340b92c136eb04c5980563edf7e22684e315afc889eb853538fc40e3370c53e460918458bb3b21d852c1a832e872b38fbc9c8d18b8383ff,CLEAR,DAYLIGHT,DRY,FAILING TO YIELD RIGHT-OF-WAY,2.0,82.0,1.0,1.0
0cf45719f118bde6000f6127c525fb92ae28e26012619769d63ca2a79062cea93c360aa0f570b18b6c5235227117deae8ea829633908a98b20caa3b5375f7325,CLEAR,DAWN,DRY,IMPROPER BACKING,2.0,43.5,2.0,2.0
0cf4659b1cccb387bf703b88cff5668f3af2d2c1f26738ebd1022ec548119266c1a070a0cca473cafacc31e28fe75d19881a48473b2d3bc820d35cd29c35ba9f,CLEAR,DAYLIGHT,DRY,FAILING TO YIELD RIGHT-OF-WAY,2.0,33.0,2.0,2.0
0cf46e4b9aa9d21c28c8cb66c05eb0c2163da8cd41f1dbf861843c3bf4769bf24db6c11448a9c3deb22411ca7ce0e2924fda7f557f4007b2a2ffbbf89f6a0955,CLEAR,"DARKNESS, LIGHTED ROAD",DRY,FAILING TO YIELD RIGHT-OF-WAY,2.0,44.666666666666664,3.0,3.0
0cf484b4eaf1dd566054bb9e323e142048321f7329eeac9f8c1eb83647e750d666ed2ae429b14ea89925f5eab72c461ee7e5b12c8c51a5465ad5f6b2e966031c,CLEAR,DAYLIGHT,DRY,FAILING TO REDUCE SPEED TO AVOID CRASH,2.0,25.0,1.0,1.0
0cf48a4fb086465ecc78f55e44044f436436e0a35574b4c66d8b4e2007286a9190547b8528e3b41e94669418a6531b25bc3107871bb2bbf691db9ded98544107,CLEAR,DAYLIGHT,DRY,DISTRACTION - FROM INSIDE VEHICLE,3.0,25.0,1.0,1.0
0cf495e7d8d4ef3aafbbb87f88d62331db2cb1a944f82362dc3b76d76b802dd4400fd31c83914fd7590c3937703e987fbb21bc16d2799d2988320a3419565dc8,RAIN,DAYLIGHT,WET,FAILING TO YIELD RIGHT-OF-WAY,2.0,37.5,2.0,2.0
0cf4b5638284ce71bac913ac59697d4c2557aaaade7784121e402711d001464e342c47531142ee2257a0772834653330017f7155e644770112533e33a169d968,CLEAR,DAYLIGHT,DRY,FAILING TO REDUCE SPEED TO AVOID CRASH,2.0,37.5,2.0,2.0
0cf4b7eaa9ff73000fd9e06c7b58467e76d82bf8dfcc2deb77c26153fd7f8895d6c6b70ea214ef7135c7e516cd68cb313a8d0e72567d0e3b5139fc673bdb1e25,CLEAR,DAYLIGHT,UNKNOWN,IMPROPER TURNING/NO SIGNAL,2.0,31.5,3.0,3.0
0cf4bf602f8ad61386ada6607d420200af2213b5a94eb65b873a5a8cabb5d8fed08091cc6d05382c064b8acd31cef9747dfd3bfa7352f910ce8c206357dddb5e,CLEAR,"DARKNESS, LIGHTED ROAD",DRY,FOLLOWING TOO CLOSELY,2.0,30.0,2.0,2.0
0cf4d3d9bf5d75810c0ac621db39bd9bb1e579741646d90bdbba9dc124cf0890063add3b3cf912ee33ed28c0ea26a34bc3ea5d661939950a4362f8f549b63276,CLEAR,DAYLIGHT,DRY,DISREGARDING OTHER TRAFFIC SIGNS,2.0,55.5,2.0,2.0
0cf4dd6b9957cb45543ecf87c1b64e20aacaae66752246b8df21604478aa8dfbb50380662b1dbd1e0bad49cc54ae1e7f17f23b3d0f5dd73d0553aed6b407ae11,RAIN,"DARKNESS, LIGHTED ROAD",WET,IMPROPER BACKING,2.0,29.0,1.0,1.0
0cf4e1ea68e6f0f0198f389f73ea76d4a4cbb9ce02668da33d5bf59f322b1bc70baab9e7ed95a553f29a0a2e240eefc92e9e1033c831daf6e02bcdce0dd5f691,UNKNOWN,DAYLIGHT,DRY,FOLLOWING TOO CLOSELY,2.0,50.0,2.0,2.0
0cf4eb342521114f590fe97f053c8b8b3d297e867b5afc76c8e517016b406b6fcf3097a9dad32816d56b0942a3590982c441360cba422ec8aabc7d1b76a7aa28,CLEAR,DAYLIGHT,DRY,IMPROPER BACKING,2.0,37.5,2.0,2.0
0cf4ee8571966ac2997b23d3e155fbdd64c9d6471e0c3701ab1cc46cea3d689d00533129273716945eec9151ce03c4e17e26e0cac08c9ca2e212c7f54a61979a,CLEAR,DAYLIGHT,DRY,FAILING TO REDUCE SPEED TO AVOID CRASH,2.0,42.5,2.0,2.0
0cf57bc726318e2e6ec3b1044e5941c205b7ae2fd9127d98f1d3d19a937569f866b900481d2485f9839e9a4482b1e60eed3f2c98126836abfaba65392826c3f7,CLEAR,"DARKNESS, LIGHTED ROAD",WET,"OPERATING VEHICLE IN ERRATIC, RECKLESS, CARELESS, NEGLIGENT OR AGGRESSIVE MANNER",3.0,44.5,3.0,3.0
0cf5868c1f99e7ff79ec3bd48ee9c1a19198f30722856660c11c64f68d37e458bfa755d9867c0d641f7f8c4d7764db45cc9b374adac9c8cdc70301e9a85b5cbd,CLEAR,"DARKNESS, LIGHTED ROAD",DRY,FAILING TO YIELD RIGHT-OF-WAY,2.0,23.0,3.0,3.0
0cf59c3ad9ba61f6c159ade7a330d90f9a04b469b9a35830d6204bf629371ac0fdc9bbd169772253597ed062a205ed33bc44a602fce69178c05b6bb76b3390e6,CLEAR,"DARKNESS, LIGHTED ROAD",DRY,IMPROPER OVERTAKING/PASSING,2.0,54.5,5.0,5.0
0cf5a48d40e6d5039574e8404b99f2dd268df31a9753a09b25973cd41adedd2371303992b7fa57462ed9c1813bdbf0d57565c64f02dc619edcfbe0d6aa28822a,CLEAR,DUSK,DRY,IMPROPER LANE USAGE,2.0,18.0,4.0,4.0
0cf5ae154bb95f84ceb1e51d54fdcfee47c332020a32e6bad282818d6af67729b7637215149f2a821255a35eafb83af42e9f5a7f8928bfde8e9c967c3c2ba7ec,CLEAR,"DARKNESS, LIGHTED ROAD",DRY,IMPROPER LANE USAGE,4.0,25.0,1.0,1.0
0cf5e5af690d06b6c689d8fb34fb79d355ec94c4851b85ddd69e766647edd956c74cc242a496d8820e1da8cbbf57d7c88d047cea7d676d11d3486e65ac18ee92,CLEAR,"DARKNESS, LIGHTED ROAD",DRY,DISTRACTION - FROM INSIDE VEHICLE,2.0,22.5,2.0,2.0
0cf60a2f1ddbcc68f54cdf47e72b7b47a16e2b7f81cb561234dac857e15ee25dedbfc1edce056533ec942556372120e7a3005624774836c075d8515cc1009156,CLEAR,"DARKNESS, LIGHTED ROAD",DRY,DISTRACTION - FROM INSIDE VEHICLE,2.0,20.0,1.0,1.0
0cf61475f221f42de6aa98463d045e5cbe4af107cf1230f9d50594e6a9a73a177569b5252c4d5e8b269c85e51a3c87bae9ce29d8a3864ac09f84fb89d1ecd6f5,SNOW,DAWN,SNOW OR SLUSH,DISTRACTION - FROM INSIDE VEHICLE,1.0,30.333333333333332,3.0,3.0
0cf62c570017c3583bfb2931e936b4adf2ec80776fb6eb518a89e1060e1b6defc365e8e6ebaebd7deada056310eb1c1b8b915dc11199ce139dabdb7d77cc81ac,CLEAR,UNKNOWN,DRY,FAILING TO REDUCE SPEED TO AVOID CRASH,2.0,61.0,2.0,2.0
0cf62d5536c6d190cebc25f5fe7a87e90ffdb399ab94bc429859e686dcd3edb2dbfab665baaa2e8b337c2b1c1f9f56fdc5a52a6661d64c99689d01572df639cc,CLEAR,DAYLIGHT,DRY,IMPROPER OVERTAKING/PASSING,1.0,32.0,2.0,2.0
0cf634fd14001e4a7a9521d5d9ba9fe50ecbafa660af802615617e866fdd5059bc004721de5d8e8bc0810030df93a59b35bd52c7b9e3526dbc1b784d9ebcb811,CLEAR,DAYLIGHT,DRY,DISREGARDING STOP SIGN,2.0,52.5,2.0,2.0
0cf63d28ed7537d3b5f135cf05c4442d6c9b21a61dbebbc5e530403593d7190b4c6ca6f3efb3f168b375c1bfaf4af5cbe21e6c0caebde6512b851391255d4e79,CLEAR,DAYLIGHT,OTHER,DISREGARDING TRAFFIC SIGNALS,2.0,34.666666666666664,4.0,4.0
0cf63db9667f4535350ed8dcbd3227a47469073d7b7ebf115fda72da892eb5478d757310dbea0e772552c79e10fde331dfd0485cbe83233577a1092f568f2e7c,UNKNOWN,DAYLIGHT,UNKNOWN,DRIVING SKILLS/KNOWLEDGE/EXPERIENCE,2.0,55.0,2.0,2.0
0cf65b186343a8f9b12c0c2e7db735d61a3eecfbab86ebb7eae96e429535ff5cd16303baaaf42e30bde4c82cbeeddf0ce4222bb3245fbb26c62b5705e50fdd92,CLEAR,DAYLIGHT,DRY,DRIVING SKILLS/KNOWLEDGE/EXPERIENCE,2.0,31.0,2.0,2.0
0cf65ea57683fc19c820994fff1b1bea829a89214fc98e9d43ba76737b3bfff28f2a2e543440749b8fdae93ee4676748716ca44399434e5a0da4c5309ec0e552,CLEAR,DAYLIGHT,DRY,FOLLOWING TOO CLOSELY,2.0,29.0,2.0,2.0
0cf6a294181bbb559c09212a444399d1eb0e4b652b8bca40d8a9a09ca199e70b9a677ce0344eb379ad5a9263892d916523558fe6f2fd549056171cc1290ddc93,CLEAR,DAYLIGHT,DRY,FOLLOWING TOO CLOSELY,2.0,45.0,3.0,3.0
0cf6b30ca27734454e3aa222427ba101e9606a948c54c9a4337f0345071b9f24fd366c868c9e4004cfa3acc94350e5d0b510eca75aed9094f0f4bb0e0a169832,CLEAR,"DARKNESS, LIGHTED ROAD",DRY,FOLLOWING TOO CLOSELY,2.0,30.0,2.0,2.0
0cf6b401c7a18fa2a9575c2efe8362ffae7c998c4cacf187eba2c6223237c9080309dd5f01763dc1b49e6e13c398ecbb77f499b451b8daf4753798d3b19c3cc6,RAIN,DAYLIGHT,WET,IMPROPER OVERTAKING/PASSING,2.0,36.5,2.0,2.0
0cf7126a88fb015e0e1da353a82982727f2bccf483b4aba8df71dbc90351e557928076ed108325b21aa65eb06e6e01fa33ff70ec17dcfbcf34d2020c376c74ff,CLEAR,DUSK,DRY,DRIVING SKILLS/KNOWLEDGE/EXPERIENCE,2.0,24.0,2.0,2.0
0cf718550a7fec0fb6300fa94c6c335412158bf2bc8dba46033fbabe0dad21276fed3af2b841d15c4b31007ae2f00214e4f196c42dc3875e4493211b856d05bf,CLEAR,"DARKNESS, LIGHTED ROAD",DRY,IMPROPER TURNING/NO SIGNAL,1.0,25.0,2.0,2.0
0cf73e9dd9f1f6b20ec4c91078aad549640ebd27412944a6184e3ccf3bba8cabd824d9c7ea68112bee73046df86539bf9f1ab2e64b57caf808ff8e8eda609bc6,CLEAR,DARKNESS,DRY,FAILING TO REDUCE SPEED TO AVOID CRASH,2.0,45.0,2.0,2.0
0cf7d7e71492e9b6589c05d644988ef9059a743f05c5dcd29488a0e6af083a20f00753a002ba94af566827d9529e85e2a12293d75d7e0bca3bf76cbef8106270,CLEAR,DAYLIGHT,DRY,FOLLOWING TOO CLOSELY,2.0,39.5,2.0,2.0
0cf7e49419dc4b5d491f362f2e5c6260596e9002f4f30a612dd79a55d363b7cf290e2fe023a1606bfa1f2749a3ca1be4f3771781df67f9d9c92c2f30c63a96a8,CLEAR,DAYLIGHT,DRY,FAILING TO YIELD RIGHT-OF-WAY,2.0,37.5,2.0,2.0
0cf800502ac1005f102e54d8f67a42f97ce2c50788482698dc2a49883d2ef519eb5f6c1b38481ed2fbaea6b51e242c383715db8bedd970f1889e2e20908ecae1,SNOW,DAYLIGHT,SNOW OR SLUSH,DISREGARDING STOP SIGN,2.0,51.0,2.0,2.0
0cf81e7a37059baa3a3b697a856a7c36c752a79f99b1ecfe7f6274466d237ff1c806358eee437811a092341695bd5390aea6481e69c6261fa26da6ac0c8fdc64,CLEAR,"DARKNESS, LIGHTED ROAD",DRY,IMPROPER LANE USAGE,2.0,43.5,2.0,2.0
0cf82006ca81fb5171e3ede9b5145e616871143b0b19bfa8c0493daedd8a7771e4974ac46d87c35ed4a314650ab58af4007dd51abc628217a41f0a1807dc71e8,CLEAR,DAYLIGHT,DRY,FAILING TO YIELD RIGHT-OF-WAY,2.0,38.5,2.0,2.0
0cf8203170f241c70c3ed6a2d8368f03cd1c0b0238022a20be098c0f869ce7ef615275fc4025c8ffacee78f3ea56963727dbba0c4485496179790ab7c91c105d,CLEAR,DUSK,DRY,DISTRACTION - FROM INSIDE VEHICLE,2.0,30.0,2.0,2.0
0cf821c07b1f8876bdc3d917efd7af8cb7b57cced27964d0c3bac9a443c7d2634121932e56c3dd263351c2be54659fe9a844a6a1288517484868ca342e70e9bd,CLEAR,DAYLIGHT,DRY,IMPROPER OVERTAKING/PASSING,2.0,60.333333333333336,3.0,3.0
0cf833ed0c76af255f1e6237c0427db8c6c693f53e6afefbbe68c4273efd83041cbe305fccd3c3cba2d12708b18598abbaba65a483f6f160d893725a3e242d8e,CLEAR,DAYLIGHT,DRY,FAILING TO YIELD RIGHT-OF-WAY,1.0,62.5,2.0,2.0
0cf85cf095d4a2950187fa7fc768b66b99f7d03049eb9e1b4a3a0fde211630454dcdc86a4f74f81e57e9eff7a5c01fbd4702e9566f4c5b6e0e6aa7e8d3ddf2de,CLEAR,DAYLIGHT,DRY,DRIVING SKILLS/KNOWLEDGE/EXPERIENCE,1.0,43.0,1.0,1.0
0cf863ae386a5dc7c767c35dc69570c2dcb29b8480bd73bba75d7552e967e30c326fafa5d48630856ecb1d07424282de1d5eca15f718fbb945d7aaad37d2d071,CLEAR,DAYLIGHT,DRY,IMPROPER BACKING,2.0,49.333333333333336,3.0,3.0
0cf869b03391e809280138bab02ff23940a7b9b659c62d5e9e91a2b6a9a07856672d2eafb5d29edd02ddde077d5f182fc441798ce64d4f5e226864832abfae10,RAIN,DAYLIGHT,DRY,IMPROPER OVERTAKING/PASSING,2.0,39.5,2.0,2.0
0cf86cdc48564a68906125622036a0115e8a20a27da07b1a36c40021297a6ed6980b26c6fef5d26686b4d5ae226936d5f9e57d6fddbd0a19799cb2bb6d98188f,CLEAR,DAYLIGHT,DRY,IMPROPER TURNING/NO SIGNAL,3.0,28.0,4.0,4.0
0cf871c7f26bfd0d072d55943131dc881fbce7d6245e3588f34d628a355db0f06f42b76b866856db0936fd800d3a94f2c7456257d2fd41e40234f9bf45b32028,CLEAR,"DARKNESS, LIGHTED ROAD",DRY,DRIVING SKILLS/KNOWLEDGE/EXPERIENCE,3.0,38.333333333333336,3.0,3.0
0cf872ea1af8cc3cc8cb1b3a9f9d3b0d4cab1ce1e1b905a22526986fcdb0d5851bd9d5d621560cf057de62aaad01cfd1b6c31eeec789f9fc2b88de14ea338a04,CLEAR,DARKNESS,DRY,FOLLOWING TOO CLOSELY,2.0,59.666666666666664,3.0,3.0
0cf87ad631709ff65548941c954236218141a1322b5d9be16f1ed15b2fdab35e1c44ca017ce27c97aed6640d317af44e4c29bf52e2963d0ab80eb0e0c1cd6ef1,CLEAR,DAYLIGHT,DRY,DISTRACTION - FROM INSIDE VEHICLE,2.0,25.0,3.0,3.0
0cf891c65b5e2d21378c3109df37713ef58127c8fbae6d9864aab06db8d619f3e29b4d859829cac2c8ed39368a6b97256f543f95921d439454af2728b0606a87,CLEAR,"DARKNESS, LIGHTED ROAD",DRY,IMPROPER OVERTAKING/PASSING,2.0,19.5,5.0,5.0
0cf8ac9bc3a41270d0ae70dad77150f19d17291a6255cf43e58ae90abed6620be5a7974c5425ededab255c1e1d5b258977ad49186ede97508ac6718ce97d967a,CLEAR,DAYLIGHT,DRY,IMPROPER BACKING,2.0,37.5,1.0,1.0
0cf8c60e8ab6171a683a7ff861bf9190f9632d73974ddb46a232b74fb33ad0944cdfd77fbbad783fc6a1720e3ccf1623a4814f3457d9f98e0cb4922da29b64e7,CLEAR,DAYLIGHT,WET,FAILING TO YIELD RIGHT-OF-WAY,2.0,42.0,3.0,3.0
0cf8caa1d8cbbd7e3e2be0ac975dc173ea9c559cccedddf64d6344a10d628593cec6e2198c2e6553eb1893ef4dcaf100bf9f5e8863fb882c338b583442513d50,CLEAR,DAYLIGHT,DRY,FAILING TO YIELD RIGHT-OF-WAY,1.0,66.0,2.0,2.0
0cf8dc84143291b41c00ac054049ad1912c762a4b82645e9da1ff9788a5983d63710393beac003f820f03b5b9d109c42d86cc45fe18c2ebb4804a1b41a46aa24,CLEAR,DARKNESS,DRY,FOLLOWING TOO CLOSELY,2.0,34.5,2.0,2.0
0cf8ea1337221fae205fe34e7387d14ada9f71fca64e49a6f1aa3cb9b146ad4c901b7bca2c4a78dec77e4079d5c946131a7b64b75335fbc47091256bed601741,RAIN,DAYLIGHT,WET,IMPROPER TURNING/NO SIGNAL,2.0,28.0,2.0,2.0
0cf8f0eba1d50c580d5e41aa847fbc7270ff2fba2af468e04777555d81b58175dc5d6833075b2845178ca6e3da01f1e0161bc15a0af176c69c11220c9bcfff08,CLEAR,DAYLIGHT,DRY,FOLLOWING TOO CLOSELY,2.0,40.0,2.0,2.0
0cf900c3f4449b391337e2613afc44bb89bc627c6ada5ea39a299cb03db5641d9ca2107f6faab879bb4687c376f085df685f410d64b9062a54a7498e2c8f5ebc,CLEAR,DAYLIGHT,DRY,FOLLOWING TOO CLOSELY,2.0,25.0,2.0,2.0
0cf9478374bdbe35b2cfaab91da06a148d8a21c0d37d184e3cf9e556a519d730c3f1089c000e8f092111d6b23788099798fa84b041edcc8d4e9564b6db328c89,CLEAR,DAYLIGHT,SNOW OR SLUSH,IMPROPER OVERTAKING/PASSING,2.0,49.5,2.0,2.0
0cf94e0517bb3b1e04495645405be4e53706bbe5e75279840a1e5e76de69d20071f9c9fe7fdd60f8d7c08bbfe0a9e6968f8769f20681125fcf9f073f2f725977,UNKNOWN,UNKNOWN,UNKNOWN,IMPROPER TURNING/NO SIGNAL,2.0,30.0,2.0,2.0
0cf96e6ba1e9766a6e0000299957d78d663315154c761f87630714437771ba086a184ce901aa19e1426be8ca6f1ee6e87ddc2ae618966c28df376e017da9c4ef,CLEAR,"DARKNESS, LIGHTED ROAD",DRY,"OPERATING VEHICLE IN ERRATIC, RECKLESS, CARELESS, NEGLIGENT OR AGGRESSIVE MANNER",1.0,37.5,1.0,1.0
0cf9c95282be22ed87c2158d9490b9356791a9651e3320a41d23880e69241e7fd72ea6d562b02fed0d28b8535ab06f57a80673c1a7d6b63e7e4ce12fa4cf05a5,CLEAR,DAYLIGHT,DRY,FOLLOWING TOO CLOSELY,2.0,37.5,2.0,2.0
0cf9ec96726f6069fcca3d55ceb3786914fb51682e7e3723529825d618e937e253507047ba25ee442b870c4bd5eeadaa8885a3bc3d76be1bb586823c1ed2d8f3,CLEAR,"DARKNESS, LIGHTED ROAD",DRY,FOLLOWING TOO CLOSELY,2.0,56.0,2.0,2.0
0cfa068cb86c845dc68916a2d31e00990eac7703f70a121b620be791dc890543fde7dbe1a110f5c6b4b2462cc572945177334f672d643803623d859c9a09936f,CLEAR,"DARKNESS, LIGHTED ROAD",DRY,EQUIPMENT - VEHICLE CONDITION,3.0,26.0,1.0,1.0
0cfa196ecc0d85cfba429e58b00cfa0ae345f9e486a915d53bfc4bb9b928d8149e27e2060b1258c5c6d3994b8c71820a4e46af55178daeadaec2fd0fa9a089f1,CLEAR,"DARKNESS, LIGHTED ROAD",DRY,FAILING TO REDUCE SPEED TO AVOID CRASH,2.0,29.5,2.0,2.0
0cfa303c9b72fe142d3ff0f298d7dea4286165281ca5face47b7bfdc3921b7191730ae57ac66e32362f7b398e60b9dd2d33d3c23f4998a29d1f2c32e2bd10308,CLEAR,DAYLIGHT,DRY,IMPROPER OVERTAKING/PASSING,2.0,43.5,2.0,2.0
0cfa330e7c61fc4e27bce574e576e6bb58ecd629792c4600ac1f84bfb6498978c0d1f33a2852e89d6fd8596de06f1779c3aabb3ff79f76c826cb7b4f1d6b4492,CLEAR,DAYLIGHT,DRY,FOLLOWING TOO CLOSELY,3.0,37.0,3.0,3.0
0cfa661b8d9903715ad7c92d849c6f61001ee93fd70c5ecc0b05df8f52d66a8990784d821fdecb609a18843d4fa89c2142b8716bad16ca7d1e82923a12ef9cc3,CLEAR,"DARKNESS, LIGHTED ROAD",DRY,FAILING TO YIELD RIGHT-OF-WAY,2.0,37.5,2.0,2.0
0cfa6a0cc1d42406440cbc72c2f9b8d9abea5efda9c9085b4318913ecad02a7878bb296b3107a93fe8b21c89650b1fa0546b437a46b9e74344da23d5654422b7,CLEAR,"DARKNESS, LIGHTED ROAD",DRY,FOLLOWING TOO CLOSELY,2.0,37.5,2.0,2.0
0cfaa389bcf1d77e0a39aca27165f63baf66c036219cfb4f69e5944a154e55b67dbe00abaf82cc38280313fdfb692996905028089a719be5b52c5b7cb73b8c97,UNKNOWN,UNKNOWN,UNKNOWN,TURNING RIGHT ON RED,1.0,18.0,2.0,2.0
0cfab540dec5480a3c650092f019f7f66d3746012d3560d6a43958a1583799ed00b10108944ce53b820ba49a7e752a30de432e6e978eca8a72afebbf3375f4bb,CLEAR,"DARKNESS, LIGHTED ROAD",DRY,IMPROPER BACKING,3.0,31.0,7.0,7.0
0cfb03e5aa018dec61ddb630ba0e38bc9cc5fead7770207598713322f1ed58d9fd9b9283f9cbe3c047564cee41742983944c369a0e8d4ecbd3da6038341ff4e5,CLEAR,DAYLIGHT,DRY,DISTRACTION - FROM OUTSIDE VEHICLE,3.0,25.0,1.0,1.0
0cfb151e5c0be4be7502c54a9cffba3e33e5bfa897b83951f0df4be157d5427d0401b1fc8430ee865a91199edef7c4060a630859e91b50ac4912d49f7591473d,CLEAR,DAYLIGHT,DRY,IMPROPER BACKING,2.0,21.0,2.0,2.0
0cfb1a63ea809f24af41af5958c6112b52a8e5686785795080f3a59ca87523b5aa5b1a53dbc1243b60ee5fd529ce1a93eac937da135cea069071dc1d21758385,CLEAR,DAYLIGHT,DRY,IMPROPER OVERTAKING/PASSING,2.0,37.5,1.0,1.0
0cfb24278d3cd0bdde18150a03f25a81f222000627b14cd82cae5daa8fdef3ccae3088059de5501cf9b9348e723c14deec51d1bb714f318c5a62659478179759,CLEAR,DAYLIGHT,DRY,FAILING TO YIELD RIGHT-OF-WAY,2.0,37.5,2.0,2.0
0cfb4ef688efb78bc6f21290312274fb9fb6aecb5c6c7668583a27c7daca6e46f07b84ce80fa2a7323b8c664c60a8c9441c42bf0d10b6fa73a318161e70afbe9,CLOUDY/OVERCAST,DAYLIGHT,DRY,DISREGARDING TRAFFIC SIGNALS,2.0,31.0,2.0,2.0
0cfb541cf884119fd0c812d90d4f249a62ab51bc2ae5ee263b68c5926b9e1c3c3f334a900dbbbc0453e4759d938b2f85511f5852173c49b1c37c0b7c040b75c9,CLEAR,"DARKNESS, LIGHTED ROAD",DRY,IMPROPER LANE USAGE,2.0,19.0,2.0,2.0
0cfb6009d3a88f8f89d1cfaf26922bed35db716b9d2defc9c20eefdcf1c7839a8b3417af07842f1181f661f928e1790e87fde018889b83261cb4850a473e05bf,RAIN,"DARKNESS, LIGHTED ROAD",WET,FAILING TO REDUCE SPEED TO AVOID CRASH,2.0,41.0,4.0,4.0