crash_record_id,weather_condition,lighting_condition,roadway_surface_cond,prim_contributory_cause,total_vehicles,avg_driver_age,total_people,total_injured
0cfb62392dce8e474725238dbc898cb79800b8c9e192755903f6b5ee7d611e93d691f3d4a1d514c7b4e05f5c680dc84eacd7d5022030988985b2e841217f9224,CLEAR,DAYLIGHT,DRY,FAILING TO REDUCE SPEED TO AVOID CRASH,2.0,43.0,2.0,2.0
0cfb6453b82cd80083d603c5fb1816bd70bdaf2102baaffcbc034f77249cb1f14d5880ac39b795d796292664ea025ecd72dc3ef0c091b6fd8a582ff0ec226479,CLEAR,DAYLIGHT,DRY,FOLLOWING TOO CLOSELY,2.0,47.0,2.0,2.0
0cfb64afc4d6754ff6933cb41c53873c0522d771758c2d7d1eb309e85b14fe72079bdbe75e484b18e36f38e81c2639aa33dcf98a26a50272bfe844293df38a6f,CLOUDY/OVERCAST,DAYLIGHT,DRY,FAILING TO YIELD RIGHT-OF-WAY,2.0,21.833333333333332,6.0,6.0
0cfb7e1f02b8e6cd97e75d739d89b4356d10dd587ac3a56a24a11b122a35736c4c41c90151f5bcac99619ca535a7883eec172f6ed3774181905d20fbc9aee15d,CLEAR,DAYLIGHT,DRY,IMPROPER BACKING,2.0,69.0,1.0,1.0
0cfb81c5cccf085e3e6e259f0570413daf568538f3715c7b29c4a59188d02ace9f724e63fe2fb1f0ab6de589b5d4713de1b28817a0d84ac4229a79a6de2cf260,CLEAR,"DARKNESS, LIGHTED ROAD",DRY,IMPROPER OVERTAKING/PASSING,2.0,38.0,2.0,2.0
0cfbbf63b6e51e93cbfbb880053417fb436b43bbd3009950f276f76174b90f6c3114be3b507a503e10049f2683018252431b99dfd898c1c6ef975b2584682929,RAIN,DAYLIGHT,WET,WEATHER,1.0,29.0,1.0,1.0
0cfbeb6b90c5f3c2c596eb0f43bbd6f7bb9bfc6f399b4842ad676e2a7558ec86605a9825290b6fbee0aa828142a5d352e2f8b8d31972e58f10a95def83162eac,CLEAR,DAYLIGHT,DRY,DISREGARDING STOP SIGN,2.0,41.0,2.0,2.0
0cfbf815797c515aa49e5953ae8b8f38b0fa4c0a8042d689c4fe40b0c7ac594b5e499bd3bd994ddd4918e9039c2a05b6b74f5eafab66ef987c217b92041785a7,CLEAR,DARKNESS,DRY,FOLLOWING TOO CLOSELY,2.0,37.5,1.0,1.0
0cfc213c1f8c44771151de439b07b6c8ec7250f33a0358fa22f2861fc154423ae2722be085be78990fde681fb7c9a4f225d3d489ba9e0f7ca031025e6be0f6eb,CLEAR,DAYLIGHT,DRY,DRIVING ON WRONG SIDE/WRONG WAY,1.0,37.0,2.0,2.0
0cfc28d47940f26daf9d22e347af56b2beb3dce0d15b44815dfa3e0a3692b4efbcfb77f2a7fcb183d1da5f766ed34d4da0b64841091556b46a398c36d6d58d78,CLEAR,DAYLIGHT,DRY,IMPROPER OVERTAKING/PASSING,2.0,41.0,2.0,2.0
0cfc3635f3055b2efdef49701c273d1a92004af80a2aa9345c63ac3e23cf6c62fb6d5e582192f326352513f64d78d9ea53268acd27e0dc261afd667d687fdac0,CLEAR,DARKNESS,DRY,IMPROPER OVERTAKING/PASSING,2.0,86.0,1.0,1.0
0cfc752316cfdecf3fa1b3e20614688a8f8c05f84e9ce1497f97d3fb1ec9b71860153a9bb0793de33c5e00fff9b287a358155e110b9adbb9b206a197581e535d,CLEAR,DAYLIGHT,DRY,DISREGARDING TRAFFIC SIGNALS,2.0,31.5,2.0,2.0
0cfc86a930c8bb367b5138b26b285e04483a2bd80cd4450e0a170081b877b809f0eac460f13f114530a55755bc2402c3749d88e32bc96188ebb7d93770037c2f,CLEAR,UNKNOWN,DRY,DRIVING SKILLS/KNOWLEDGE/EXPERIENCE,1.0,42.0,1.0,1.0
0cfcc922f4d4f14e786959c5e634752a0c105bb9426dcea75bf16581973e09df6dc405f1f36a54fa7d9a49dd8fbe562b4552d18011180b9d214804d0f3b6c690,CLEAR,DAYLIGHT,DRY,FAILING TO REDUCE SPEED TO AVOID CRASH,2.0,40.5,2.0,2.0
0cfccebf9abce2f2000a086c7aaba0f444778c31553015c81107c4365c7caf90c306075ded8b64606dfb8a8981c788855b9fb4a2566af3334217bac7510dee3b,CLEAR,DAYLIGHT,DRY,IMPROPER LANE USAGE,2.0,27.666666666666668,3.0,3.0
0cfcd8e880e6c5876edab5385bad9dfc8eb36c2851d5a01623e8f7bfab13a4df5c08bf93a0e4b0be598db461a0ba6bd870ab21b6662e42c04e972ceb00e17ceb,CLEAR,DAYLIGHT,DRY,IMPROPER TURNING/NO SIGNAL,2.0,58.0,1.0,1.0
0cfcea305d50910ce58fb9c47c36fc0c1a57177fb75032b8a3bde1ea0dfcdf4df5537c82c5dca52ed2ddede593bb53b7b9ac1fd3fbc92087eeec217aa768a0de,SNOW,"DARKNESS, LIGHTED ROAD",SNOW OR SLUSH,FAILING TO REDUCE SPEED TO AVOID CRASH,2.0,43.0,2.0,2.0
0cfcfe76ece3031515a69ad8a9badca8f5ba36c5434268bc55dafb5b231761a6ea1e0b49f93e17151b8409f845ae67b762cb2166481496fbb7daeae0089c43cd,CLEAR,DAYLIGHT,DRY,FAILING TO YIELD RIGHT-OF-WAY,2.0,41.666666666666664,3.0,3.0
0cfd033929294be64d6a5538906a541e66d5d3c005b7bb5f02bfd6bf0bae4d69800f7b8df4290a13f5b1c0adbd44d4129146484d3af5a16ff79f77385a564699,RAIN,"DARKNESS, LIGHTED ROAD",WET,FAILING TO YIELD RIGHT-OF-WAY,2.0,23.5,2.0,2.0
0cfd2683667f822a62de6149f90a6f98edea4cb785c1a2c54cbf6df77026e30c02ca8cc02a4fd705ff6ff5126c7f7e359134fdc1f720f91496e41fc7fb5958dc,CLEAR,"DARKNESS, LIGHTED ROAD",DRY,IMPROPER OVERTAKING/PASSING,2.0,31.666666666666668,4.0,4.0
0cfd4d1443bff49f3db0d32c34822399f924eec23986580034de49e22db91c94f3e95a7011c7469bf3e13c0edcb3aeff7856ffde793c25e3187cf866941497d8,CLEAR,"DARKNESS, LIGHTED ROAD",DRY,FAILING TO REDUCE SPEED TO AVOID CRASH,1.0,38.0,1.0,1.0
0cfd592d674546a44cf11c5e783586ccd7a883d0bc9c60c21772b89b7b6b6f4b895e59a2979838002d3a23fe54822cb62f0930d972f2a9091ba323064d5f9b52,CLEAR,DAYLIGHT,DRY,DRIVING SKILLS/KNOWLEDGE/EXPERIENCE,2.0,26.0,1.0,1.0
0cfd65dd0c00fb8ffeabfe24173d893e81a3f624dacc1f0a537bad60141e234b67cf6dd5dbc6d8811b1b940e6447ea4eb48b375b7e5df022d49c3bf55ae0dcc2,RAIN,"DARKNESS, LIGHTED ROAD",WET,FOLLOWING TOO CLOSELY,2.0,76.5,3.0,3.0
0cfd6d8ad5ccc2a34ee36d932d8f8c937ed604a85fd9f2291e6714420960e337d5c50b1ebf63b9dee97f36d36187900d6bae936fb56854f9e06f21c12823afd5,CLEAR,"DARKNESS, LIGHTED ROAD",DRY,FAILING TO REDUCE SPEED TO AVOID CRASH,2.0,19.0,2.0,2.0
0cfd719738f19b811d863e74105b555e234c10dc369a38c13db7a0b1bab5ac0b58263aae43f333cc5b78b2fc91b53cd13ff901f18c3fb7663416bc5568519261,CLEAR,DAYLIGHT,DRY,FAILING TO REDUCE SPEED TO AVOID CRASH,2.0,19.0,2.0,2.0
0cfd906131b9b112f1fe9c82d5a03b2210ec8cbf8094f85f0513154658bb2f58e340c815ae869d655c3129b873a86b1d2b07598d145c3b7ed7ffec7de0c9c85b,CLEAR,DAYLIGHT,DRY,FAILING TO REDUCE SPEED TO AVOID CRASH,2.0,16.0,2.0,2.0
0cfdcb9b923a231c68b6cae3e16c4b1c2ca394ee18302abff363ee389f5d06064029616787015293d2efc99051943ddff579f1f55fac3e27997a46cc317826c5,CLEAR,DAYLIGHT,DRY,IMPROPER BACKING,2.0,37.5,1.0,1.0
0cfde2decbcb77672e039ad61c5bd44fe04cf061b0f139cfe69b3d6efa3f8cc171f40df2fd157943588c6c227547f3e73f79e743d7be6e0ce0129a0dc0f6b2af,CLEAR,DAYLIGHT,DRY,FAILING TO YIELD RIGHT-OF-WAY,2.0,35.0,2.0,2.0
0cfe04faf2854796a2d451f0d3bf6222f55cebe57c53262f727bdd9739c5c5ddb6640db11934ebeb046a5bc964a87579b54c14c0eb2cca2ff8c8f6fedbf035d5,CLEAR,"DARKNESS, LIGHTED ROAD",DRY,FOLLOWING TOO CLOSELY,3.0,34.666666666666664,5.0,5.0
0cfe39d80d5dea2fcc3aaebee0865a3595bf2d14b617409f56f002bc10869e46f717432b99d47900203b2b928f98db342cbbb737f4bfc562b520c64f5a334322,CLEAR,"DARKNESS, LIGHTED ROAD",DRY,IMPROPER TURNING/NO SIGNAL,2.0,61.0,5.0,5.0
0cfe98b7e0ba7340c01dde0f2c2d86b7a660015f7d730d25e71fd5cbcd89f4216cfafc1490a6a842bf4750f976c9038287cee1f0db40287fa3b3c077df466008,CLEAR,DAYLIGHT,DRY,IMPROPER BACKING,2.0,72.0,4.0,4.0
0cfec5645f409737afe8044d60b6ee6985e3b3d1570cac5446f91f0548e98cada39870e4ae1e95af0387557a061f1b48a9eea723f00f099e5b3f13b1743e712e,RAIN,DAYLIGHT,WET,FOLLOWING TOO CLOSELY,3.0,42.75,4.0,4.0
0cfed0f6a192dce6ffeb715ee54f47145edfae358844d33df0c2a37bfa8a88d61ea3ece46d8b1e93dc8d3346bc738f8cde323d3abca1e83307f7447578032401,SNOW,DAYLIGHT,WET,DRIVING SKILLS/KNOWLEDGE/EXPERIENCE,1.0,21.0,1.0,1.0
0cff3f24c4f2f623920b0081122c076dc5a3f0b7c4b25d9dad6b679567cea005dadbab3ba1ae0aba28f0743c73d3e0f411fdf85a05a44412ff3188c35a193b3c,CLOUDY/OVERCAST,DAWN,WET,IMPROPER OVERTAKING/PASSING,2.0,54.5,3.0,3.0
0cff750f1200f8d0faac03d96ff4603c7ed6d5aca00d906e36fb4d2b1b082175a9da297899de7907c87ba128db7c2cd59a96b522a4e2416a4070c869199352c9,CLEAR,DAYLIGHT,DRY,ROAD CONSTRUCTION/MAINTENANCE,2.0,62.0,4.0,2.0
0cff9d032a268ffadafda7896f37e02d3fcfd9ca856c32ce16e7ff13459a580fd7cf67574702702cf49679614e4bbc5545ea255fb3df32ffc7b5aa7bbb6faded,CLEAR,DAYLIGHT,DRY,DISREGARDING STOP SIGN,2.0,47.333333333333336,3.0,3.0
0cffa636d99268e6c838d672ae223077648521f96bd23f7dab5d4e924b7debf40983a36bbeb012a466501d0937e57baf4907bddf930c6c782bef4b99e14fde28,CLEAR,"DARKNESS, LIGHTED ROAD",DRY,FAILING TO YIELD RIGHT-OF-WAY,2.0,28.0,2.0,2.0
0cffaf839f9a5952f73ec7f6f41046575eea6cf6b1a62fb812f75b05e0752250e478645c2c04199d4bd63e9fa7bd7dcb7a2694aaa9586fd8539870782fdc2418,CLEAR,DAYLIGHT,DRY,DISREGARDING TRAFFIC SIGNALS,1.0,29.0,2.0,2.0
0cffbe717011a687788d6348e0eeb064e90e98f973584248ceb1e9b00eab65d21d118a20e4265627ca497d6d3a1fa08de4e31210d7698b2eaccdfaca49b56299,CLEAR,DAYLIGHT,DRY,FAILING TO YIELD RIGHT-OF-WAY,2.0,40.5,4.0,4.0
0d0001ca1ab856c7770bd2a812faed9fdd33dd12f6e51f4d358fa16cd0bd49dc38a01db9cf08445dc58d2d6bfdc567d471b693239a5ee8ab90d80aa2c6883073,CLEAR,"DARKNESS, LIGHTED ROAD",DRY,IMPROPER TURNING/NO SIGNAL,2.0,38.5,2.0,2.0
0d0011a3a31b151dc777508f10c6a0a30e37836cb5775a41e5541b9fae6af234fa51e7195b7a8f69985deac49ff4c1b05bdfecbc5648bd213b69ca59e65aa691,CLEAR,DAYLIGHT,DRY,IMPROPER BACKING,2.0,56.0,1.0,1.0
0d003a75b168fb12c73cf0c861874b8abc66a74554feb89e19bd172c918d56ab037768e84f8d28379394cf3af94a6db10a9fcdc7882ba58acdc8f9dc4c1efb7e,RAIN,"DARKNESS, LIGHTED ROAD",WET,FAILING TO REDUCE SPEED TO AVOID CRASH,2.0,21.0,3.0,3.0
0d0056d0458cb0090e3f3ea1214e7f135aaf2078d7d9d945be298c91b4acdc2cd7fec6c065c3bc7132d80caf8060de68e9e7c035ae6d982c4c8b37cdd9623920,CLEAR,DAYLIGHT,DRY,"VISION OBSCURED (SIGNS, TREE LIMBS, BUILDINGS, ETC.)",2.0,28.333333333333332,3.0,3.0
0d009f3510afb27fc63b5cf966b5074fee356dc4c627a68de182544ce1d712eb525e09f5d4f9e04c44a9cec62a9dc1dae80f9ded167b68961152af63914b2f96,CLEAR,DAYLIGHT,DRY,FAILING TO YIELD RIGHT-OF-WAY,1.0,37.333333333333336,4.0,4.0
0d00af7a44f8dd8061df3ee20e162783bc4e22852603230fc0b718aa3af3b5b14a3dfcb4b12d4b19016c3d4ebc067a752a862f3c0eaec073441722bf38eb50c2,CLEAR,DAYLIGHT,DRY,DRIVING SKILLS/KNOWLEDGE/EXPERIENCE,2.0,55.666666666666664,3.0,3.0
0d0115432ee86f82ab3f094cf034b0110a2b8dec09213e1527f79e93d5d23081e3b65530cd2083cdeb9b6e792a0ae7a4fb33a74880b7614666bd40ecc79e69d6,CLEAR,"DARKNESS, LIGHTED ROAD",DRY,IMPROPER OVERTAKING/PASSING,2.0,62.0,2.0,2.0
0d013c9a6e4c9e6db118096db9188fb230584ed6caac8d45a797cba24668cd7470ee3e869fd724cd686e8f22de59f8597badc4c8102a8fc7c45eb06c67d6dbb6,CLEAR,DAYLIGHT,DRY,IMPROPER TURNING/NO SIGNAL,2.0,42.0,2.0,2.0
0d014965a3bff6f82f1ea11315368813b209e2934013d68f061da2575ae22d9ce1167a75c974196148d1697a55e9fc5fb34b3ac6737e3e972329dd966e71a891,CLEAR,DAYLIGHT,UNKNOWN,IMPROPER OVERTAKING/PASSING,1.0,58.0,1.0,1.0
0d0164f513d2eb6284179a2b19c7368756d2cbc1fd9e9de99e87e3faf5503ce50fc999cd70f5a260aa45a2ca017c9f5ac77e2b879578d8156e79a3462cdbc578,CLEAR,"DARKNESS, LIGHTED ROAD",DRY,IMPROPER LANE USAGE,2.0,25.333333333333332,8.0,8.0
0d018071a8e755e0a50a1193e103aae147b656223c96e6ced6d2b8b4a6b2b0aceda141e53ef4ff28de0c53449bbfa4d3d3974c66fe6cad52623c8d9bba2d1b33,SNOW,DAYLIGHT,SNOW OR SLUSH,WEATHER,2.0,29.0,1.0,1.0
0d018aad5f5debdaf10f4808a8e1d32584f9e40f71fd24b3fef2affd6b1c9b4b3f112eb96f6e8521787ad605bb4f53a87300d8dbcbf4393b1fe2c2bbab867fef,CLEAR,DAYLIGHT,DRY,FOLLOWING TOO CLOSELY,2.0,62.5,2.0,2.0
0d01b0c50a6f405999a450548dbd7ab9c7a0e05cde09576ef6eff11956f97962a950d1cab865ed157d22147bdbfe2720b4b048093a61910ed6d710776be2e722,CLEAR,"DARKNESS, LIGHTED ROAD",DRY,DISTRACTION - FROM OUTSIDE VEHICLE,1.0,55.0,1.0,1.0
0d01b277a28e8c1da95d71ba015f7d1cd8d9257189a8666a40a3c8ed733a125899c4e9209a9b9dc24009e75a0967c574a8d0142130d00c4ee968079778a82631,CLEAR,"DARKNESS, LIGHTED ROAD",DRY,IMPROPER LANE USAGE,2.0,37.5,3.0,3.0
0d01c22a895074ef1185c54f009bc86e0a613118e955a095ae67dad6b65731cea8cc306a060d0f3a4203cece149ae39353438d0bd48e62da86cb5b7ef5f2a711,CLEAR,"DARKNESS, LIGHTED ROAD",DRY,EQUIPMENT - VEHICLE CONDITION,2.0,29.0,1.0,1.0
0d01c8e54b21a1e8badf4ffba2b6232c57359cafb7ebb79de40aeb532bf5b6c315df424e374f401ccc009fe4eb5c2e821816636a524e1bb789e34e2b28db0c03,CLEAR,DAYLIGHT,DRY,FAILING TO REDUCE SPEED TO AVOID CRASH,2.0,26.0,5.0,5.0
0d01dcb98f9cedd5ddabc9f70d9320f1b44d677fbd74b0307adc8ece7e95747f26db0b173bfe543c422f9ea3fb2501c7762a97ac28e92a43d2d2968e6c4dec2f,CLEAR,"DARKNESS, LIGHTED ROAD",DRY,FAILING TO REDUCE SPEED TO AVOID CRASH,2.0,34.0,2.0,2.0
0d01f372b346411a9bb5362f7a08197b1b544ea123d554f2624f0699561984c7c1d9a14042713bf42e8564e687fab83cfd674105eb6222ebf3c695263716b348,RAIN,DAYLIGHT,WET,FAILING TO YIELD RIGHT-OF-WAY,2.0,35.0,2.0,2.0
0d01fdefe26cfed08b6570cfec558d725ed4288ac56c473f3f9e42191b06c99b59e67cc579f3c331a0ba52ccc42468380a3956747faaad528d4dcaaf5bdba4c3,CLEAR,DAYLIGHT,DRY,IMPROPER LANE USAGE,1.0,52.5,3.0,3.0
0d02020de53a6a6c1c83c97eb7dfc8bc84850f1cf47a269ff8f98b10ec3733726e70afb61c92721888eb9344c295cad1816c98c8e92b0bcfa729f4c49cc7b80d,CLEAR,DAYLIGHT,DRY,EQUIPMENT - VEHICLE CONDITION,2.0,32.0,2.0,2.0
0d021bf14d6b27d622abd8d5bce697f2a84917fa578ef940600b961cc7e28d01d72014ea8cae983589a5028e052b158af8d53410a22e5b3100db3cf6713c088b,UNKNOWN,DAYLIGHT,UNKNOWN,IMPROPER LANE USAGE,2.0,37.5,1.0,1.0
0d0235407adc459e8b8d03f7a22ee2caeb328ae20d86434ced0c50f4ff489f90545109a42f78c1e02bfe15420f37046b7580fcda281e92dc29993dbb090346fb,CLEAR,DAYLIGHT,DRY,IMPROPER OVERTAKING/PASSING,2.0,41.0,4.0,4.0
0d028248dfa17fcee30ecca611a0683f3cef66825e4906267df712ecdccb10de71d964a8dd81a65ec5195b23d468cfc3a051340331a0bcd31dc3cd892e5eb8f7,CLEAR,"DARKNESS, LIGHTED ROAD",WET,IMPROPER OVERTAKING/PASSING,2.0,38.5,2.0,2.0
0d029568844e437eabc5b9d10f36a813254b6e2ee74a9eb193f107df07e30638c5de353fd2d10e2065fd75a2906988383962fa8b4e674c093ae0097397dd6d3a,CLEAR,DAYLIGHT,DRY,FAILING TO YIELD RIGHT-OF-WAY,2.0,33.5,4.0,4.0
0d029fe5ad614c47781ad4c93c45ed3a2dd8563139a9d7c0f9648d70cdb15a2095ad7ff073b9f7aef4bfde3b9a1701c5fde50ec159550c0b14dac3e3efabcc90,CLEAR,DAYLIGHT,DRY,IMPROPER TURNING/NO SIGNAL,2.0,31.666666666666668,4.0,4.0
0d02b8cfe949267389d40ed2562b1129c0a96c148889b2508876ba78dca3161f60417fd526204bfce2c7e33b7f0c23d37c16d84fa734ebc517df9c963d1fd79a,CLEAR,DAYLIGHT,DRY,EXCEEDING AUTHORIZED SPEED LIMIT,2.0,31.0,4.0,4.0
0d02b9bcbc6aaf5d7ea93a7bc0686b7eeada13d034a3d4af5eb39d2f16f598633a0eca87a10c75614fa4c1857cb75e98cafd857becba6b8a159588b956f47bf7,CLEAR,DAYLIGHT,DRY,FOLLOWING TOO CLOSELY,2.0,35.333333333333336,3.0,3.0
0d02d092d7dda20b93710bcf0fda5e556bc639ae5d7bde517b91893e04a96e97eff7b2bcfca504cd47289d465ca01c5c87f918e5224af0c1ff56cdd3b5c7cd43,CLEAR,DAYLIGHT,DRY,IMPROPER BACKING,3.0,37.5,1.0,1.0
0d02e1c14b231927820bacf9896bbf228c216663d7d3c7ac0eab10619c7f85ee924f8ac54e816c5512f56522a7a45a53d228df3ab30651add29dfa37bec2f095,CLEAR,DAYLIGHT,DRY,IMPROPER TURNING/NO SIGNAL,2.0,32.5,2.0,2.0
0d02f6eacce65e6619c27705964a5bcdff77a3f8ec4629c17567620338ffc21a64c7c1a1392bcf8abfca08077ae6d4aa2adb1f97e2c8c5e9b7a8db44d5adc889,UNKNOWN,UNKNOWN,UNKNOWN,DRIVING SKILLS/KNOWLEDGE/EXPERIENCE,2.0,37.5,1.0,1.0
0d03097f9c41d7339e128acb657aa8ca2eb3aaf7f78e71df58183ca7cafb1ae2934b0b6cbd1ca2121cdf824af15a5bcff9e1c2aa803d36ef11eff7bc601c4b99,CLEAR,"DARKNESS, LIGHTED ROAD",DRY,FOLLOWING TOO CLOSELY,2.0,42.0,2.0,2.0
0d03280371b3ace59cacc6353012fb10297eb250c832602c36210865c9e5f63aee3a43d0530642035ba5b19c7ee97575f6b013d077c64ae16409b8e0e3e1fd91,UNKNOWN,UNKNOWN,UNKNOWN,IMPROPER LANE USAGE,2.0,37.5,1.0,1.0
0d032b869bd91311dc3245fbf3071ce750b445e9517458dbd3b35866f57b535fb469cc94f3613eaf6a47dd75b1e4edae95eacb010e8d0812663ab6d0991d690d,CLEAR,"DARKNESS, LIGHTED ROAD",DRY,DRIVING ON WRONG SIDE/WRONG WAY,1.0,37.5,1.0,0.0
0d033d8cfa513b0e2c7ca21b5873f5286768d7ca73a2d428a997a126fbae0a3fb82e2a5e3d2b2b2daefcad3f948bf718aeaf9476491cef22685442f4e464d7f3,CLEAR,DAYLIGHT,DRY,FOLLOWING TOO CLOSELY,2.0,37.5,3.0,3.0
0d035410017a6c1e0c27250eaf77527fb2c70fcb79a2a5ebc8c508107ada14dcae5ec88549438a091fe5ee89f4851e7acca20f80f70c39faef516b50fa609c5a,RAIN,DAYLIGHT,WET,FAILING TO REDUCE SPEED TO AVOID CRASH,2.0,30.333333333333332,3.0,3.0
0d0356bb2325582c851fad6d2f792bb13d3df592dd746f01fe7157a39a63aa524dbe046739e64e2f3a16039ad00fe5ca276ece616174402af399bff7ede7a41a,CLEAR,DAYLIGHT,DRY,FOLLOWING TOO CLOSELY,2.0,37.5,2.0,2.0
0d03646777672dd35cc673e0bcf19d89c731b21ec0cbe6e839e70268fac72832d2d95dba161b942956a5afbfe6f5c7a5bf780a940bf40c76e6d3515ebea85074,CLEAR,DAYLIGHT,DRY,FAILING TO YIELD RIGHT-OF-WAY,2.0,19.0,1.0,1.0
0d036e90918a514598c740214b575e963fe6ff5335a34a09d454bc2f1f90295dfecfbb9419be940f33a444e415f59e9804e45caa48f10dbe68c2ad82413f1c55,CLEAR,DUSK,DRY,IMPROPER OVERTAKING/PASSING,2.0,37.5,1.0,1.0
0d036ef68b07b65e09ee35ad209701c313b5ef0fb34db1f66ca79d30d1bff553723cc56a4651bc5d0d4228f1dc99acea48c6f51773d036cc14d12fc064e53cb0,CLEAR,DAYLIGHT,DRY,IMPROPER BACKING,2.0,53.0,4.0,4.0
0d0377c1109260a02c6641cd786181c1c67a900cc3898b21bd89153f73beb7c6c6d74a110bae5ea3c1ba785396012630ab0c441193cf8646023d52f7f4649354,CLEAR,DAYLIGHT,WET,FOLLOWING TOO CLOSELY,2.0,53.5,2.0,2.0
0d03b97d0937635d47b4cb58ed57a30891e1a2987131fe242273456e82a27617455e2c290d4e8dcb5cd04fcc72456f743a55450887ede615ba7b523c60795090,UNKNOWN,"DARKNESS, LIGHTED ROAD",UNKNOWN,DRIVING SKILLS/KNOWLEDGE/EXPERIENCE,2.0,32.0,2.0,2.0
0d03bd99323b41137b4dcab577264d11c2bf4c7c4000d18f7c3f4a4acd855b8f0f1d336eaed40cf5a1f779d1ab12cd47120998fb5478dcaa046e5eb5dc4838db,CLEAR,"DARKNESS, LIGHTED ROAD",DRY,IMPROPER OVERTAKING/PASSING,2.0,63.0,3.0,3.0
0d03bf59c2e3c8796efaa4e29303fe31b06d3cce5155a3b806ef8f7da435082c698a01a77ef662d0e23f0282cdcd94ce754ffa3c2ffb39eb0451ca877b0e7704,CLEAR,DARKNESS,DRY,IMPROPER OVERTAKING/PASSING,2.0,28.333333333333332,6.0,6.0
0d03ef2c31fcc574cce6452fd6b61e75be0b5ecc49eb237e27ed8840ffc4fc1b44e009964ee4cbea89a4e2453b67c6fc84e99a8829965e7cad35e4ea943eef75,CLEAR,DAWN,DRY,FAILING TO YIELD RIGHT-OF-WAY,2.0,36.0,2.0,2.0
0d042f7ed6637e6465fd2f30cc5730203e319a41e454180bb2262723bf86db1ccdff5dedfd0ea34b4b03fbfe093a5b415e7eae0c275c28246cd3fbe879818371,CLEAR,DAYLIGHT,DRY,UNDER THE INFLUENCE OF ALCOHOL/DRUGS (USE WHEN ARREST IS EFFECTED),4.0,39.8,5.0,5.0
0d0443d7e88147d1fbfca8dbe2b5975b115f73c4df2e116259fe5c2a3ececf5e2a723539275ed868eaac5c4799ae3529cbfdd752d07ba58fcdf9a386ab7a7549,CLEAR,DAYLIGHT,DRY,IMPROPER TURNING/NO SIGNAL,2.0,41.0,2.0,2.0
0d045ec57bad871eb185528e088674da1803b6b7557cff3e142ffceab9aa59fbb4ef2b426fe3a4bbdf13ad28944a8138ec30d01a7acec79af7668273f6695050,RAIN,DAYLIGHT,WET,FAILING TO YIELD RIGHT-OF-WAY,2.0,36.0,2.0,2.0
0d04d05c1bbe09e5c687a6c46d70edcf029f6457731c88be797402f688989b7c13142d54364bb8482015a4dcb51845eb13aac6fb0480f64f6d6a3cb2a7bcc438,CLEAR,DARKNESS,DRY,FOLLOWING TOO CLOSELY,2.0,39.0,2.0,2.0
0d04dffcebde91d236bcabffc356a5be01a73d23dbeaeb0c5069989669f4f33f6bdd39339720a1a4f2ae81332550f0a2dc185c2f376e4b7e8b70ed55b166bb01,CLEAR,DAWN,DRY,DRIVING ON WRONG SIDE/WRONG WAY,2.0,35.5,2.0,2.0
0d0527fb7230e4cd489c02e6c54919cd01bc60b23aee95a3fa4653389a38a737fd9642f9a89daefb9ed25157e8a42dd2e7cd7a5f0625fd34811347ecd4664e77,CLEAR,DAYLIGHT,DRY,FAILING TO YIELD RIGHT-OF-WAY,2.0,43.0,2.0,2.0
0d057797a9b778514ae4d02a40cbec8a16fe58e505de949ad2475368b830fbc636ca0014a3e0783f024acb113e5f37036d8358a83c8b9d3373fa8f8c17a2fb43,UNKNOWN,UNKNOWN,UNKNOWN,FAILING TO YIELD RIGHT-OF-WAY,2.0,29.0,2.0,2.0
0d05864b3ae41d4f22a3c5a837fd77dc051a73578cb31ab7babf9aee953639cb268a0b085516c077fc95f91bccf6613bef544151ab54011a2cff46df9b90a34c,CLEAR,DAYLIGHT,DRY,DISREGARDING STOP SIGN,2.0,34.0,2.0,2.0
0d058b8f775297791ab348ce0b702ab6c1c688d6c22ec16f3d29a8c58ec73fdeaa2e706aefc3a50e29239276614b55d30b6d4c5a335ec9c5ac21b817b22f8173,CLOUDY/OVERCAST,DARKNESS,WET,FOLLOWING TOO CLOSELY,3.0,45.5,4.0,4.0
0d05947f109b0dd2fcffeafa3522ec6a6ebf97a6972cfb501bcc4ce588c34ba05ff6095b793c46b82f44a5c33c1407776a6bdb09da0ba7f0471416dc25d3fd8d,CLEAR,DAWN,DRY,FAILING TO YIELD RIGHT-OF-WAY,1.0,36.0,2.0,2.0
0d05a18cb8ac4dcbdd6a091a2b521c52a6bda4095bf7f7e653d982f91ef58fc75182f870232a1fc0df62735b29d3bf7c9760e62ec3d959998cce9b44286b9d5d,SNOW,DAYLIGHT,SNOW OR SLUSH,FAILING TO YIELD RIGHT-OF-WAY,2.0,44.0,2.0,2.0
0d05a734a6785964cab98166c8ff3e8d6fed660e9072801e6efe0a5cfc13340c8b43d51dabff4262aa557e6b0e5f9305acac8c08e7479c001b4dfccf3c328251,CLEAR,DAYLIGHT,DRY,IMPROPER LANE USAGE,2.0,29.5,3.0,3.0
0d05add8b13c88b6b40add3183ad3594d37259a34fc6add65fb461ccc0308583a1f69cc47bf45dd43674ba14c11d99e3adcf432c7afb971f0ab0a734f66908b2,CLEAR,"DARKNESS, LIGHTED ROAD",DRY,FAILING TO REDUCE SPEED TO AVOID CRASH,2.0,25.5,3.0,3.0