crash_record_id,weather_condition,lighting_condition,roadway_surface_cond,prim_contributory_cause,total_vehicles,avg_driver_age,total_people,total_injured
0d05e5ee942bf0a6df84758dcb71b444213d821445b219ccdc3eac792c701d286ded440f36974f0fa40ef81a84862509e96f5aea85118c72da07c91904503d79,CLEAR,DAYLIGHT,DRY,FAILING TO YIELD RIGHT-OF-WAY,2.0,66.0,2.0,2.0
0d05ef91ab3c583f2a2c78e1dc95320bc452d56853c00045d3aefc899e2dac0ebb907310dfff4fae42917202a4c9bc5e09c057d491c305a30870ece9af36a3dc,SNOW,"DARKNESS, LIGHTED ROAD",SNOW OR SLUSH,WEATHER,2.0,63.75,4.0,4.0
0d05fa12917b4d829f8e7cde655ec2a28a0acc9c7bd5f5925fc9eaf53e30f450af2d8b6b05fe38a49245ab6ce82c11753230b44d527283fe9700bf3c77cd0df6,CLEAR,"DARKNESS, LIGHTED ROAD",DRY,UNDER THE INFLUENCE OF ALCOHOL/DRUGS (USE WHEN ARREST IS EFFECTED),2.0,19.0,2.0,2.0
0d062ec9f49615b1326f225959b3355a4a6f262cba8e3944fee83c05a405c5f2d609214dd48305913e3cf02a23f2359a2c52e270ba689c95b6b1dd4f318e5936,CLEAR,DAYLIGHT,DRY,FAILING TO YIELD RIGHT-OF-WAY,1.0,35.0,3.0,3.0
0d063f56ea35ebe60954c82c94a519ace5c0b4ac38754dc265637fde6af045d97b0f49f1d13d45a4025ead969be51577eddbf7c6baa4a04ccb447e3ead88e2d8,CLEAR,DAYLIGHT,DRY,IMPROPER LANE USAGE,2.0,24.5,4.0,4.0
0d0646e6942d021126b00c792738d278491efffeef8c40467bcb70bdb61ad5f7b850aea94addf883c33e0da006954d3d2264535ed97c3c788c002af082369280,CLEAR,"DARKNESS, LIGHTED ROAD",DRY,FOLLOWING TOO CLOSELY,2.0,38.5,2.0,2.0
0d0647cb01231e3d180490632aa963b35e3d9f7c5be9bbefe2d1ae3a5a11bb0fc505f257a26887f9585b528b0a0b153af5bf1795fa8e13f03a4892ad623f40eb,CLEAR,DUSK,DRY,IMPROPER OVERTAKING/PASSING,2.0,21.0,2.0,2.0
0d065673a9afb95a9fb83f9ba914fdee33f40911bb46576e1b5133dbca33f12234da815461e7912f0ddb750f357b297fac893265279dbe1e308e194fd390326b,CLEAR,DAYLIGHT,DRY,DISREGARDING OTHER TRAFFIC SIGNS,2.0,56.0,2.0,2.0
0d06a0b4910144ccd072000990f58dfed9caea234469986b617618c56a8bcd9eef1d7dee03584d9c501ddec80334be9b309de167d20937de4a594c6bf09211b9,CLEAR,DARKNESS,DRY,FOLLOWING TOO CLOSELY,2.0,20.0,2.0,2.0
0d07051e5a1a585749a8df2810211f3d00ddbb8b61bcdb478ce6736a1ac4f30f725d818a8ad802257ff8d73ecd5202d75585f0d0e7dcc870ecbd03b993524a5d,CLEAR,"DARKNESS, LIGHTED ROAD",DRY,"OPERATING VEHICLE IN ERRATIC, RECKLESS, CARELESS, NEGLIGENT OR AGGRESSIVE MANNER",2.0,64.0,2.0,2.0
0d070bfb31a9897b139af21b6d2ec1db6f39d45ea4c40a12ed7f795636b55084e83591d96a6a20e6545f2357df672ab641f63ad70e95b0e90659f05a945c1552,CLEAR,"DARKNESS, LIGHTED ROAD",DRY,DISREGARDING TRAFFIC SIGNALS,2.0,48.0,2.0,2.0
0d07b26d5b9f579cde85c3cdad4c426e4074e93492b13642ace6788948a8168818592c4f5ab3ef1148d7333ceafef3004cd128029fd1a941b4e9ca368280d3ed,CLEAR,DAYLIGHT,DRY,FOLLOWING TOO CLOSELY,2.0,25.5,3.0,3.0
0d07b2e723062bcdb1139189c62d05683cb147d393756e6b764b1a471080129e90b67676ddb7ccb2811a628c1f560d461bf66a2f4462ef7f47f0f85e958c3e57,CLEAR,DARKNESS,DRY,FOLLOWING TOO CLOSELY,2.0,40.0,3.0,3.0
0d081b32b584dbec892dcf2f4611494a9a6f04ffd0dcdf364834fe907c62a2faf57adc6b11dcdba5ea5bc342dc09515a6662c4cbb19fdc0671a80bc7bdfaffe9,CLEAR,DAYLIGHT,DRY,FAILING TO YIELD RIGHT-OF-WAY,2.0,38.0,2.0,2.0
0d0879cfb2054b6aabc8eb6d1ae5fc09f1f487e346feca2749826941e833cec2e29be0d0c83b899d5ffc0a6a42634a7f22e815c585bec51e44f544a9ac347585,CLEAR,DAYLIGHT,DRY,DISREGARDING TRAFFIC SIGNALS,2.0,28.0,2.0,2.0
0d089c47e8bc869962e6da0d52ebea59e363c56c296d8b5de327a7614e5001c617f3415e0bcc432a8f5757a60efff143375c7c325993b5586be1d63529b5df81,CLEAR,DAYLIGHT,DRY,DISREGARDING TRAFFIC SIGNALS,2.0,30.333333333333332,3.0,3.0
0d08b42fcaf63e6a8af248723262a9aa280846654d6f526fc0d2b376cd80eb5bb9be70e5203acf2b9fbfa2e14b6a86f7aa71bb8e1305e6af9604c485bdec7429,CLEAR,DAYLIGHT,DRY,IMPROPER BACKING,2.0,48.0,1.0,1.0
0d08b92cba439a1325b825a24eb7fe531c934637318ac60167863d92ff9e5bcc000b2861196353e1e5546c26d711d74446fb15fe271392b7868332deae0a181d,CLEAR,DAYLIGHT,DRY,FOLLOWING TOO CLOSELY,2.0,53.0,2.0,2.0
0d08ccca42d9feda8a48c0265b12e75b4592030ff3be6eceadf604dfe638badd43fab1fb51608a1f61644bb7f7344c7a056e5ae297e7a49f9238ade61f9c01c0,RAIN,DUSK,WET,FAILING TO YIELD RIGHT-OF-WAY,2.0,30.666666666666668,3.0,3.0
0d08d8c4e904a53a582d66f2f2560c04223d9507d7dfd33d762b89c702ffb215fa7b65cc8826967d96135fd7e89cb22a773c68fdacc921731a11802baeb3f90a,CLEAR,"DARKNESS, LIGHTED ROAD",DRY,DISREGARDING STOP SIGN,2.0,29.0,2.0,2.0
0d08fff4b310692e067ac75d165dec9408bbb72c7ad5ec7b308edb0c5c20cc7d7a9f3418ad34c060d86c042f402ab86326b5754b0553b3c96bc290a13e4cf68f,CLEAR,"DARKNESS, LIGHTED ROAD",DRY,IMPROPER LANE USAGE,2.0,37.5,2.0,2.0
0d0905079270697a0ac53ac11f77f6156ebe89b3014838581faa74e1d271233e28f9d20ff5622788513ab9f42c864f39d2f18b600a40d3ee55e17c04498a2741,CLEAR,DAYLIGHT,DRY,PHYSICAL CONDITION OF DRIVER,2.0,71.0,1.0,1.0
0d090a28a6fc5d5882a2aac0353c38168263b30a8fdf252f7e5c1525f0e13f61361baf412b486f5e98b3bebbcf40357ba348dc47cdaf20f2031b2802b5d3a81d,CLOUDY/OVERCAST,DAYLIGHT,DRY,IMPROPER TURNING/NO SIGNAL,2.0,48.0,2.0,2.0
0d090aa4e9a4c34aea93160555abc2e262c169839c212aca7e4752b0cb4e2128888da5e20fd52758dc92fd206c0c6b80b7c7e5fe2237d593d070f0556f383609,CLEAR,"DARKNESS, LIGHTED ROAD",DRY,DISREGARDING STOP SIGN,2.0,27.5,3.0,3.0
0d09359d25db8b859badb8e1b75f3e9dc7c5b2055c22cb7e6dac2b0534af7b1209f15efef056fa671a751c3d476769b5c95d8682d9e1c8693db15c25a229ffa0,RAIN,DAYLIGHT,WET,WEATHER,2.0,31.0,2.0,2.0
0d0940a6378eea3f76d496239a5b755980e6af5ae93cc9943373626bd9fc0196de2fb73981902c0f6c9f21ad4f4f6c46b7b25b2b4ed22d80538877f8ac222e31,CLEAR,DAYLIGHT,DRY,IMPROPER BACKING,1.0,55.0,1.0,1.0
0d096ee29fe0a3c63912cf1671fe8942015ec3e1f139b0bafa3db07bda2631086ee08e27e2c32345d62d27b10b9eb7fab97142c2531602f7be64495162c009bb,RAIN,DAYLIGHT,WET,FAILING TO YIELD RIGHT-OF-WAY,2.0,52.0,2.0,2.0
0d096fe4c084df9b46e809151f5761be34ebaef37c2526bce05963e3a5d46585f0ad6779d6fca7bc22052b9ca759cc52628b0cc54619daf05b7d42607d7c235d,CLEAR,"DARKNESS, LIGHTED ROAD",DRY,FAILING TO YIELD RIGHT-OF-WAY,2.0,28.0,2.0,2.0
0d09d3f7904f5dd6d5b86666a78d9c5f4adbec0b00e1bc3ae38d5e3e8cd34f74c6dc94c70a99f4ce4ef71839706e539ceadec8d6069cef18123c96c4cfaf92c0,CLEAR,DAYLIGHT,DRY,FAILING TO REDUCE SPEED TO AVOID CRASH,2.0,50.5,2.0,2.0
0d09f3ade5f0cd1062f47cb4dfa9eae68012fd9a629cbe865865fe5b370f6b264ecf44d0e60b50eb2640d63ae5ce858b810fa24fd1ea3180538f0338136176ef,CLEAR,DAYLIGHT,DRY,FOLLOWING TOO CLOSELY,2.0,37.5,2.0,2.0
0d0a01ea60980281fab92c3a2e5a9d9225d3c56ca0a9196d7d69a457957059ec27bc7a1aff0c7153804b2117920da3cc9dcb6a659ac3618c15c6590fcfbbc079,CLEAR,DAYLIGHT,DRY,"OPERATING VEHICLE IN ERRATIC, RECKLESS, CARELESS, NEGLIGENT OR AGGRESSIVE MANNER",1.0,37.5,1.0,1.0
0d0a3b506e4cf188db8a5aed582ea7ae6e71129a863b87d4004aaef72cef07a19e87babef98a997ab6a7ad30beba4c5f9a1c99988cde892d1d870d6a1baa0104,CLEAR,DAYLIGHT,DRY,IMPROPER BACKING,2.0,12.0,2.0,2.0
0d0a957f80b8bc5ae92bc079fe7c0cb35ca554e2d3fce4a03165c15f130677ebc23bf7308bf6c92bdcf31bfc0a1b9b3b5725d4c319135ea093779b017e3a6175,CLEAR,DAYLIGHT,DRY,"OPERATING VEHICLE IN ERRATIC, RECKLESS, CARELESS, NEGLIGENT OR AGGRESSIVE MANNER",2.0,37.0,2.0,2.0
0d0aa652ebc46834708cddf39206b1b7e6ed30b2f77253d3688748f6c5447cc67be5e06653132fa6c8caaa0a8eef3ab61be2e9b662ae322b7ef632ff3dfe82bc,CLEAR,DARKNESS,DRY,FAILING TO YIELD RIGHT-OF-WAY,2.0,47.5,2.0,2.0
0d0ab2867fc290e108bd35f77054b70548a5b3b3150b8ed0162da0c5d180006dcfb20bad0c286ef7ab1fa31815cc9f07ea2946f5dc9aa32298796249fa424487,CLEAR,DAYLIGHT,DRY,FAILING TO YIELD RIGHT-OF-WAY,2.0,17.0,4.0,4.0
0d0ac355c1e76ef0bc9623d3e4218b43c5a9a582c92d724b1f7610f1f5a8aa43eb33bbe9c242c5e6b7ca5e72624b8e88221bc314399f535766bb0c006626576c,CLEAR,DAYLIGHT,DRY,IMPROPER OVERTAKING/PASSING,2.0,54.0,3.0,3.0
0d0b0c24dc1358f4c7ea23b0e556bbf2bdfb46f04204e15aa5f330f85081bf46124ec2e19dfb93b9c333f47c8026f6b82c7d493126668cf9b2c44b35db83a0c7,CLEAR,DAYLIGHT,DRY,IMPROPER TURNING/NO SIGNAL,1.0,46.0,1.0,1.0
0d0b376a5157ec462b89817a5176b408e93e0bb892078a5d5aedd590b513b8208959666f828dd793fe4698515fa4f4b4664ff62363bac457ffb399bf7f13e75b,CLEAR,"DARKNESS, LIGHTED ROAD",DRY,FAILING TO REDUCE SPEED TO AVOID CRASH,2.0,28.0,3.0,3.0
0d0b38df25942cc50c03c02d3f9cb6d18b5811e340039860a64829224f74f232a699be4f07b11f9355d73d36ccdffbeef7cce15629d4d98937a1b27cf2a59ead,SNOW,DAYLIGHT,WET,"OPERATING VEHICLE IN ERRATIC, RECKLESS, CARELESS, NEGLIGENT OR AGGRESSIVE MANNER",2.0,38.5,3.0,3.0
0d0b71a0d677447310c2dcc9b9081878fefc8c1a919c188ef0108c9409cb7126dbcd70923d05efe66ad64a5055c0df284bf3902b7ea94e5b65b7f9a7e6c28c56,CLOUDY/OVERCAST,DAYLIGHT,DRY,FAILING TO YIELD RIGHT-OF-WAY,2.0,42.5,2.0,2.0
0d0b7903b3b1badea65b31bb1746aab710821d18f990af4f573f55d104801c88dd7e2f27b9d191e271658c2bf66007ae6aa8b908bcd8000e7ead1ac783b2065d,UNKNOWN,UNKNOWN,UNKNOWN,FAILING TO YIELD RIGHT-OF-WAY,2.0,58.0,3.0,3.0
0d0b910d8590f4fd54cb345ddf84a6e7293c8725182ff43607014154f977f47cd9d9231abc65afc9bed6046177165c6e0dd804c0c1eed4402f7b9451f5f48d38,OTHER,"DARKNESS, LIGHTED ROAD",WET,FAILING TO YIELD RIGHT-OF-WAY,1.0,37.0,2.0,2.0
0d0b9e72b63f52b88a0e6a239496e2c0e10872ad86ae095114954d3723b79ea0f80c3b20af40c906fb5be1cd4f44ea0408a0baa3e797c26d24ac22172db021bf,CLEAR,DAYLIGHT,DRY,FOLLOWING TOO CLOSELY,3.0,32.333333333333336,3.0,3.0
0d0c13b7ff871b5215daa20154b827ef293638417f0b8804b0e0333a4e7236971660eff310be4ac80fc152df7d5122384f38659ac5285075729338f823fca34c,CLEAR,DAYLIGHT,DRY,FAILING TO YIELD RIGHT-OF-WAY,2.0,26.0,1.0,1.0
0d0c14d56a87def37662fac20154d6ac3187efe47e7b27fad77a132b99da612669cedcd939b4e5f58930cd89d1e8622b0b29ec43003a1bf23045adf575cf5e0a,CLEAR,"DARKNESS, LIGHTED ROAD",DRY,DISTRACTION - FROM OUTSIDE VEHICLE,2.0,26.0,1.0,1.0
0d0ccee72d3a80cecccf4403572902c3409af8187c3b2da0cf0253b6d5d90b3391b383d25342f013c2a90e4c18bb26eede600ddee25d5fc18b0e91aa924d896a,CLEAR,DAYLIGHT,DRY,FAILING TO REDUCE SPEED TO AVOID CRASH,2.0,35.333333333333336,3.0,3.0
0d0cd0b24db0a10de8d05f2541371398510138f4852da3c31a6f8b79cb0965267cbb130afbb2777a9c36ab87652e2ab755d27822fc2b7754b736f0f2f62a8734,CLEAR,DAYLIGHT,DRY,IMPROPER TURNING/NO SIGNAL,2.0,41.0,3.0,3.0
0d0cfcb58abd22d73448dc5100ac39d72ceaaa64c8e90f7e4408b1c47569a070b4716188604ce013bef7e5bc525b37570c647e8ce4f5254e24262f3e5e5d81f2,CLEAR,DAYLIGHT,UNKNOWN,FAILING TO YIELD RIGHT-OF-WAY,2.0,80.0,3.0,3.0
0d0d03894d562e9d469ea79e2004dedbc9ae7486d38dfc4725d9071d226e4aa8a70a454b5fe9cd50fc925923edff755cfdd4a75775b6019c27ffb3b19ff76e20,CLEAR,DARKNESS,DRY,FAILING TO REDUCE SPEED TO AVOID CRASH,2.0,40.333333333333336,3.0,3.0
0d0d1ced25f075369a8e63ccc6855803fdba088cebb31b08c646a526812cdabc727ad9213923f114ff8d49f95181e3d8fa372718b29a0e5e4d2669b6eefc48d9,CLEAR,DAYLIGHT,DRY,FOLLOWING TOO CLOSELY,2.0,68.0,2.0,2.0
0d0d4dd1a2193a4ba027b29f37fa9f7c64a6edcd0baf25c1832a1c4c189d5fd11460ace5c2cdb86289e8e9c867772c6547618ef32d3380802bafd80b1c953398,CLEAR,"DARKNESS, LIGHTED ROAD",DRY,FAILING TO YIELD RIGHT-OF-WAY,2.0,27.0,3.0,3.0
0d0d8db6cad6bfb24f1d06d55d86f1a0c7c2266e75e23925bc8297b97d9b6a2b9fda79b4c02c2feb707f307429cd97732a57a5715a2a097607ec09e0fd08c8ca,CLEAR,DAYLIGHT,SNOW OR SLUSH,DRIVING SKILLS/KNOWLEDGE/EXPERIENCE,2.0,51.0,2.0,2.0
0d0dcfa8636eecf3a7db1d505b70e867f47ac4bab3970f84ed189892f8900430718cd7a0a1da262ba5af9ecaf792c89aab7397ab5241b20d4a8d9622e4da23c1,CLEAR,"DARKNESS, LIGHTED ROAD",UNKNOWN,FOLLOWING TOO CLOSELY,2.0,59.0,2.0,2.0
0d0dd812d5fb772bf9f453692075dc0e950ae1419db071d9f25fb13ed20b6204cb56358dbf424472410ea91948f71a00b4aca008e57dc546d5bc1d3ed981f3fd,CLEAR,"DARKNESS, LIGHTED ROAD",DRY,UNDER THE INFLUENCE OF ALCOHOL/DRUGS (USE WHEN ARREST IS EFFECTED),2.0,60.0,2.0,2.0
0d0de12e4a2b82ba2e45454b3ade89945be0f1c4e430dc5aacc026d710cfb5511d9cf6d4a7a54beae609e3b76d8ce819b4af874fb612cf1206d58b4dd95e01a5,CLEAR,DAYLIGHT,DRY,FOLLOWING TOO CLOSELY,3.0,52.5,4.0,4.0
0d0de16283792275a9eed6b96b088f184887506ce8039498d987a3fd1c8915753b98c0c7e7d8d10e80fe05d6103d99d21da25b86ea476f6bef20d539e1b8e960,CLOUDY/OVERCAST,DAYLIGHT,WET,DRIVING SKILLS/KNOWLEDGE/EXPERIENCE,2.0,51.5,2.0,2.0
0d0de7c7a227b2204d9c96438292cacf18513e5b4733aecc23cbb0e3d7a07e869b1fc9b0725cb086926e94e5ddfb3fc175956402cb5beeb6b1453a13c9cdb318,SNOW,DARKNESS,WET,IMPROPER TURNING/NO SIGNAL,2.0,47.5,2.0,2.0
0d0df476e33f3fb5403f5fdf13dd863b0f7c1b20e6cbf9d59faa164ac415065ccd679e09b0e21cdcfaab2122b7fc31d127b976309572bead0dec9e68a2438dba,CLEAR,"DARKNESS, LIGHTED ROAD",DRY,EQUIPMENT - VEHICLE CONDITION,4.0,32.0,1.0,1.0
0d0e4fe491b1934fdf7a38b880885e2c72d72d9ef3b94ec9c42b5cb806998ee4b2e603701677fda9a1aa46f8a9fca030e46065ddcc372c36455e1e180ccfd77a,CLEAR,DAYLIGHT,DRY,FAILING TO YIELD RIGHT-OF-WAY,2.0,37.333333333333336,3.0,3.0
0d0e6a1325f40ec6bfb2318de676e1f4a7933cc61dc4a63013a9890af2656c058d9b636ac10771c29070030c91d7f2a06fdd3c4eb7d018d9557ff24af24391b6,CLEAR,DAYLIGHT,DRY,FOLLOWING TOO CLOSELY,2.0,54.5,3.0,3.0
0d0e75a03bccd45e528d0f7ac3376bc223932b0663c6ce0d0a7b9c425eac4414e150e31edeaad1d1548a0c856080fabf92fdf1a89be56d1d5e70ee97ce635bf1,RAIN,DAYLIGHT,WET,FAILING TO YIELD RIGHT-OF-WAY,2.0,67.0,2.0,2.0
0d0e9918df2ecbd63b4b39510f9b113a9465144a76f2b935699c49b379540e5d4d6424702a8e215e86f95714c183f9b34d52906857edeb5a26a1efd697602c7c,CLEAR,DAYLIGHT,DRY,FAILING TO REDUCE SPEED TO AVOID CRASH,2.0,33.333333333333336,3.0,3.0
0d0ea503f14a47deffea15423f2f6f0eec2e443a254ee038d82d080972d8a89a2768264da196cfcb3bbdc0183cdace90f2c33d71c3717c63106ac8e95a89f10d,CLEAR,DAYLIGHT,DRY,FAILING TO YIELD RIGHT-OF-WAY,2.0,33.0,2.0,2.0
0d0ea6807d1ace46bc0133c3a57b3ed72131275521d6f332675762db27b68a6b3f03c559be70f7d4d9703b817318db3cb5c627fd8f5fabe229204603e4453e20,CLEAR,"DARKNESS, LIGHTED ROAD",DRY,IMPROPER OVERTAKING/PASSING,2.0,40.5,2.0,2.0
0d0ec9a71fbf9329a064dc45dc47c3a36b863d88adceb9d6dbd6f9abf4475bd4553e37a57d0d46c0249a10aa09017b38789be86a9efd4a3015c2f66d4b95a666,UNKNOWN,UNKNOWN,DRY,DRIVING SKILLS/KNOWLEDGE/EXPERIENCE,2.0,37.5,1.0,1.0
0d0ed4110f6d6d41b6fd53b1e5609096ceea1b72a18cee0ece9eb579ab001d81dce01f049a0cd8f82471757c51ae915f09fcecd094c1969f827e04da5bb46d63,UNKNOWN,DARKNESS,ICE,WEATHER,1.0,39.0,1.0,1.0
0d0eddc0fa26866cf79f34bd0cc4a4095092d93a3c297185b34b6d5632fd8ab57b891e62364ace71c754ab9cd3578525b1fe91b98570eed796cd854ee9108cd8,CLEAR,DAYLIGHT,DRY,IMPROPER TURNING/NO SIGNAL,2.0,37.0,2.0,2.0
0d0ef3bde43f0fc50aee12c171dd34d6db99d7a683dc25e83665a51e2bd736231916960f1ed72a11863ce981a5f41f4cda0293a90f0c580495f82554ae6ffed3,CLEAR,DAWN,DRY,DRIVING SKILLS/KNOWLEDGE/EXPERIENCE,2.0,37.5,1.0,1.0
0d0f042a59d7baac5116809668aedf8ef7cf9ad2e01bffd5bdba95a35d77403814dc672d6282c936f72cd2d0c9e4dbb8c3f434981304079bad228e630040cb54,CLEAR,DAYLIGHT,DRY,FAILING TO YIELD RIGHT-OF-WAY,2.0,37.5,2.0,2.0
0d0f10b5cc75e4606b950f72f8e92a53599666388b315334b24cc3ecb629d34efa72f4ce6a7adc3f80b57071cfa982c3bafe1827a0c507f045e644fb25efeb55,UNKNOWN,UNKNOWN,UNKNOWN,FAILING TO YIELD RIGHT-OF-WAY,2.0,25.0,8.0,8.0
0d0fa61a75e38086c41ab8a30804996e43b76757b71eaa3c648a2e2b77974b27eee5d435d869d453c460cc940dbb5d6f6d549b1b43605f259a5c6c2d1a891677,CLEAR,DAYLIGHT,DRY,FOLLOWING TOO CLOSELY,2.0,23.0,2.0,2.0
0d0fcefc519eb90d30ca908827777021aa7cc5a8dd9b33ea445be8e721be6d5a6e8f6d4269ae0e3e7d644db681606d61ba113044fada3489522986396189070f,CLEAR,"DARKNESS, LIGHTED ROAD",DRY,IMPROPER TURNING/NO SIGNAL,3.0,28.0,1.0,1.0
0d0fde246156e4c149b18fd480d02afa14c2cb89ee67bce3fbb0852504a9ff7fd04b1d54f4c15d1dc6081bc3b2eea2355afd76761221d2c8c5512f89fffb87e5,CLEAR,DAYLIGHT,DRY,FOLLOWING TOO CLOSELY,2.0,61.0,2.0,2.0
0d0fe713e8d8b5df09dad967a6fd783908acab94f546448022bfcc1f9c17957f230d6719c02cff68612356c5a7f21d048dca946f9fea693251d3528c22bcd15d,CLEAR,DAYLIGHT,DRY,FAILING TO YIELD RIGHT-OF-WAY,2.0,40.0,7.0,7.0
0d0fee167ca10581fd2fda12f8e29298cde19369a8976666d49b57f442f65209bfb6437e831fb73e0f110f410f85124617e5f07e6076e4f7182c8b363cf77b4a,CLOUDY/OVERCAST,DAYLIGHT,DRY,DRIVING SKILLS/KNOWLEDGE/EXPERIENCE,2.0,54.0,1.0,1.0
0d1006e513fd57d091de0d33ef3d67a95b8528529a38c8a68c979c7f4b575e5f58c76c20bcca67ee9df1391add26e04a75699425cb9dfa41950875151dc9b6d1,CLEAR,DAYLIGHT,DRY,FAILING TO YIELD RIGHT-OF-WAY,4.0,34.666666666666664,4.0,4.0
0d1007dfb7240b5d2fac0816756b19fa13d7bf2dbaca80caaf320f2cd4e53ed047eb1fa5e2e904b8c1ec2381b0d57df5a6adc2a1928f9419aff7404a16980992,CLEAR,DAYLIGHT,DRY,IMPROPER BACKING,2.0,31.5,2.0,2.0
0d103777fd23b3867f798e99243a04861605b77ee0857a657cff0545923364235f705609023d95b951578d933a337cd0030f0141de37176849d2cd25ac1d0fcd,CLOUDY/OVERCAST,DAYLIGHT,WET,DRIVING SKILLS/KNOWLEDGE/EXPERIENCE,2.0,21.0,2.0,2.0
0d103db456de18480a5d86a7317ed2024ca78c6c27c5ad3ac8f479eff188381bd933a792601a6d8c5db8440829587714565fd7da814224bf86920c20aba11d71,CLEAR,DAYLIGHT,DRY,FAILING TO YIELD RIGHT-OF-WAY,2.0,30.0,3.0,3.0
0d10645afeeee56823d19c6f01a0b156f77d709c427e068ac80ab89eeb963ddd53b475c43f6d528a88734064da9584953d0d441dc448d7779d671ec4177c3177,CLEAR,"DARKNESS, LIGHTED ROAD",DRY,ANIMAL,1.0,30.0,1.0,1.0
0d10af374637888b9f729b294f884bf6d47a70ba27f4d6360e4af7f3e3e4372f198752062cf84d9b6cbcee1d5d78ff48e8ab72d302f7a32beefa08767dbb1d5e,CLEAR,DAYLIGHT,DRY,FOLLOWING TOO CLOSELY,2.0,25.0,3.0,3.0
0d10b535ae85e68d42a6109eff70c7cbadddcbea99be303c77efb622751411347eec96e3d28bb8a62be8bf2cdf1f3d8bd5b6564a91fa9b1cd813a57137ba456a,CLEAR,DAYLIGHT,DRY,FAILING TO YIELD RIGHT-OF-WAY,2.0,25.0,2.0,2.0
0d10bb4e7081d1ce11c1084450be703e66d051a031638283e28edb9d7ecd9765ff4901c2db554f252dd57669be3d1d8938d133dd1d82143f517abf7135e787fc,CLEAR,"DARKNESS, LIGHTED ROAD",DRY,FAILING TO YIELD RIGHT-OF-WAY,2.0,51.0,2.0,2.0
0d10c030d9fc857cb2e3368b10857e808211afc1086e1b91af313e2a2204b075193030744ff2c3a8fc87d9a9365b20cee4a588b9fd3997359965f8817e4b25b2,CLEAR,"DARKNESS, LIGHTED ROAD",DRY,IMPROPER TURNING/NO SIGNAL,2.0,18.25,4.0,4.0
0d10c59a79f45d34c289effa6106a50bd0634f579920aaf1473aa11c3c66f0437683c9dd07dea8157e8a6b603cefdddc4f60396614d3e93129bc6ebef061803b,CLEAR,DAYLIGHT,DRY,FAILING TO REDUCE SPEED TO AVOID CRASH,2.0,29.0,2.0,2.0
0d1114ed83b38c17faa326741048cbd59ad25843a9051eba21040f57da22522645945b4d2b6c0b053cb916684d37c88759c031e3d85ad8729754b808159984fc,SNOW,DUSK,SNOW OR SLUSH,IMPROPER TURNING/NO SIGNAL,2.0,36.5,2.0,2.0
0d11368983eb2fc260916cf0807b78aafc961d27cb35dfd3334f0bc67ed1a22473a6b5be11ef6d44e6d5d15ef3ceb8ebd6d4a2ebc83594a10fc63fb77e68d31a,CLEAR,DAYLIGHT,DRY,DRIVING SKILLS/KNOWLEDGE/EXPERIENCE,2.0,37.5,1.0,1.0
0d114f43c9b69aaafc5b47b00cfdd071ce924464049a9f99955c5043b13e9a3da8c336bbec821e9da83d3d7c0e2c7ae8cb7dc1c67eb9e2c7cee15b2ba8eb2efd,CLEAR,DAYLIGHT,DRY,FOLLOWING TOO CLOSELY,2.0,29.0,2.0,2.0
0d1166bbbd514838f8500628262096fedfa05cb5f424fe2ec9574a47c7c42210c507aa96b91ae638010f943474e4a65aceeac91a1fbfd7bb2e8b7dcd37f80638,CLEAR,DAYLIGHT,DRY,FAILING TO YIELD RIGHT-OF-WAY,3.0,34.0,2.0,2.0
0d117eee7c18ce4028d216caea450e045c6fc47f47403f1ca99b2c1d69340a63c1bd3803f6bd020b0442a301019a942155a8b9ee2a08b9dbba2194595148f603,CLEAR,"DARKNESS, LIGHTED ROAD",SNOW OR SLUSH,FAILING TO YIELD RIGHT-OF-WAY,2.0,27.0,3.0,3.0
0d11fb31b32eaf102a8df27a534fe3535a006c50f835f80d4c3dbea3f931853a061b4b3da67f7a5dd015acd9ae287b2e8d3507d7f8a18910159a10431bdaa35b,RAIN,DAYLIGHT,WET,WEATHER,2.0,37.5,2.0,2.0
0d123b697722d8b657992f1aba8b5ca0676ff002b0d808c7a92defdea061f3f1398ed38b833130200f1ccb38e27a98ab245d76547aa31ee959c8ec7cc6cfac83,CLEAR,DAYLIGHT,DRY,FAILING TO YIELD RIGHT-OF-WAY,2.0,34.0,2.0,2.0
0d1269e334664f4d8d7ec7504cc545f60b39c73444b7d4806155c383684c4406ac798e9d85507d4c14d81f06745bab1f9c89e545dc0f944d97d4d02451692370,CLEAR,DAYLIGHT,DRY,FOLLOWING TOO CLOSELY,2.0,38.666666666666664,3.0,3.0
0d127216d03cf2c1003ac7adcd2cf29aeb12a8d5d03bb84a0b0bfa241151e2c2ba834015c776f086af2dc89b9fd55e4c703ca46a140fc79893ce1aa4ac969ec4,CLEAR,DAYLIGHT,UNKNOWN,IMPROPER TURNING/NO SIGNAL,2.0,31.0,1.0,1.0
0d129f37ae6a8eeb1a8ce52f8427ec8338ed2bafef357eaa328a8a9ed8f146095f8f05a59e3c53396c1bcc4f5854915e72137d6e717118a6634a40a105833ea4,CLEAR,DAYLIGHT,DRY,FOLLOWING TOO CLOSELY,2.0,54.5,2.0,2.0
0d1314ace6bf1e937f982ac21aeeacbacebc5d1d4282e949f3ba6f4244931291a39caacb9f67f39b8c4ce0128c374af26b6b7ce9021bb6696a7c65ba93a6fb53,CLEAR,DAYLIGHT,DRY,DRIVING SKILLS/KNOWLEDGE/EXPERIENCE,2.0,40.666666666666664,3.0,3.0