crash_record_id,weather_condition,lighting_condition,roadway_surface_cond,prim_contributory_cause,total_vehicles,avg_driver_age,total_people,total_injured
0d133df522a3c742f16221051533c8c1e8f59a3d79881120ae5362a2d6bfcf5561162e589e637d19002d6047e700f60b637311feaf843c8b1846af96c6f6d830,CLEAR,DAYLIGHT,DRY,FOLLOWING TOO CLOSELY,2.0,20.333333333333332,3.0,3.0
0d13666855950733c23b7961d132d08a7ff8ebad6192b4d1bf6396af0f8fb6cf4743ba199c4de2a1d20bca13efc7c6f081a10b31986d607485179d181baba2c0,UNKNOWN,UNKNOWN,UNKNOWN,IMPROPER BACKING,1.0,41.0,1.0,1.0
0d136e13693502aaffe0e2f946281aa86908e22a730735025e982ece8dca41cd6a1b6843d75b06d15fdc89bc4deb59153596d5fd9224d140eeddd17038e45cb2,CLOUDY/OVERCAST,"DARKNESS, LIGHTED ROAD",DRY,UNDER THE INFLUENCE OF ALCOHOL/DRUGS (USE WHEN ARREST IS EFFECTED),1.0,40.0,1.0,1.0
0d138a8bf6226b3429af1f480cc9e8f12bb4786695bcace28423369574ed4f468a606343c1b28dedd70d1af67edbbc7ce4a4354854e0c894cdea42e6cc86f4f3,RAIN,DAYLIGHT,WET,FAILING TO REDUCE SPEED TO AVOID CRASH,2.0,29.0,2.0,2.0
0d138ad40e66f663b9112c6a427c29867eaa9306717b3ba167cb40d070378298bb392b34caf1f3821f8eb3aff1a5317d958d0d6f86b28b75e36aa0e8adc2f1fc,CLEAR,DAYLIGHT,UNKNOWN,IMPROPER OVERTAKING/PASSING,2.0,37.5,1.0,1.0
0d13b914374407d6a849497190feb37ba6491c165bc6cb243fa9643f44fd7f2daa5aff2266f41178aad69d2b273fe115e3c4e2166cf91ac42c84a19104af9077,CLEAR,DAYLIGHT,DRY,DRIVING ON WRONG SIDE/WRONG WAY,2.0,35.0,2.0,2.0
0d13bcbe0bce6cea044972630979f619d72bbcd9bfe1322f411f9bec0e58ec491906a9954c9312c7b98058bea8f276b21f9f133a42650e20b98ba1cc2a5964ed,CLEAR,"DARKNESS, LIGHTED ROAD",DRY,IMPROPER OVERTAKING/PASSING,2.0,36.0,2.0,2.0
0d13c2a987e3b12ce8cd3ffd470cb2b6f7f43b5c6bbff81021f3533302f44d7dbc297bf772ce1106d28a80a0cb08c4757cdc8719887b23dd0914fe85c384e2e4,CLEAR,DAYLIGHT,DRY,FAILING TO REDUCE SPEED TO AVOID CRASH,2.0,31.5,2.0,2.0
0d13c8528c0131ce06e2e07b91b60bf5f7ce26b700cc6b669b6da01575c373899481f980bf9c8af63fe181cc3eff893776a892b08ffc4596c261e000ebea6b30,RAIN,DAYLIGHT,WET,FOLLOWING TOO CLOSELY,2.0,54.0,2.0,2.0
0d13cc75f4310d1bf488e5a2f395d143470560ddc3c33ebcc5b8d75d36b874e762f887ed83b3eb4cc58cfd872f8ba69750b055b548aae3d2b91b64a138619c4e,CLEAR,DAYLIGHT,DRY,FAILING TO YIELD RIGHT-OF-WAY,2.0,56.0,2.0,2.0
0d13d2e4f3718fe59148af3ee1fd41c094c4caed08f5cf9b9bb8ea92da4ef12118b220557586b518b6208e1e3268c0e6544467354b7770aba81a8b959def1d0b,RAIN,"DARKNESS, LIGHTED ROAD",WET,IMPROPER LANE USAGE,2.0,42.5,2.0,2.0
0d13ea3e631ab9ce5e54ffac5a3d1936a620f4d7becd07ec11f77258285e9475b4f64832e86de0bb7d04674c995472916350169bae7e9b95b3c34a48a3fa0042,CLEAR,"DARKNESS, LIGHTED ROAD",DRY,FOLLOWING TOO CLOSELY,2.0,47.0,2.0,2.0
0d1411596bd886e5966778cf88a4a8ce8796864efd5a54c947dba2587993d6de6f8d1985bdb9e5e20ed4d2e0f34bb59428c694668f8380a5b3143389a8236cff,CLEAR,DAYLIGHT,DRY,FAILING TO YIELD RIGHT-OF-WAY,2.0,58.5,2.0,2.0
0d1462989ebbbc631b7549ee1838d88fde8c0b177bbd2aae05044672c0374206b747c66018dd2b94fc8321fd1b1714029b5b3c0ed20bbf1a04d1ff1d5c2d130e,CLEAR,DAYLIGHT,DRY,FAILING TO REDUCE SPEED TO AVOID CRASH,2.0,20.0,3.0,3.0
0d148c536bd62b02ff0f15a3bca9b7dfe88ce46d5d27f71c51d94f8452ce812d8c16af0cc94f637f92998b99c8b02c5076469b1f2e2e6ddf180c92cc2b7503d9,CLEAR,"DARKNESS, LIGHTED ROAD",DRY,"EVASIVE ACTION DUE TO ANIMAL, OBJECT, NONMOTORIST",1.0,54.0,1.0,1.0
0d149aeb0bf0757c200f89548b0f86d4f355bdac4ad22b1b5b4f5f0fac3ef1645f5f9b572de834dc0b5a9966cefa5f20eef0aadbc994e06c1a2664dc724c1165,CLEAR,DAYLIGHT,DRY,FAILING TO YIELD RIGHT-OF-WAY,2.0,30.5,2.0,2.0
0d14a6493845442f5f7f8d618c37b0fddb43ca8608dd433c7605a90be2f06b4017b4621d0fffcb5fc58bbf70c1204ba1457208f8806d19d70030d4917eadbebd,CLOUDY/OVERCAST,DAYLIGHT,DRY,DISREGARDING TRAFFIC SIGNALS,1.0,53.0,2.0,2.0
0d14c9fb2cf49da526ce3d4e1471a44923401c126156d1a738d4585f027bc0cc1057ab10a7033b2b983ec5ef3514ae42bf1a789269e8fd892e2ae290b975cda5,CLEAR,DAYLIGHT,DRY,IMPROPER OVERTAKING/PASSING,2.0,50.0,2.0,2.0
0d14e4bafcdccaf021f1e829c3635ddb0f306f36af2d7947a9a9aa2f527f630782138d7f57a100b6c24313cb7a5bad11689d2fb7336e3cc6c464f7aa9dfc52e3,CLEAR,DAYLIGHT,UNKNOWN,FAILING TO YIELD RIGHT-OF-WAY,2.0,31.666666666666668,3.0,3.0
0d14e8822e5c5e74d1ac74f35f2624330c07478dffc2fb629f7ee858d15da2ab9db02ceaae3d066793ea1c1f1a3be978d8899b97bbee1028f11155654ad8e8fc,CLEAR,DAYLIGHT,DRY,FAILING TO YIELD RIGHT-OF-WAY,2.0,48.5,2.0,2.0
0d15032d6a93fe38db512291311a46e65bc1ea97416a02e5a767b25bc05495f8947bb6750370fa9b1ea1e0b882abc72a95cf5deef2d9ce94bb1b39598db150c3,CLEAR,DAYLIGHT,DRY,IMPROPER OVERTAKING/PASSING,2.0,33.5,2.0,2.0
0d1516b726da52072241aa3aaa38b226f4bd6e8cba18cd27e7388af8233c5fb5b8a9c59bea29932691f1ab2bc6a56dd9806cdbd929fce411a5e4e6355cb54fe9,CLEAR,"DARKNESS, LIGHTED ROAD",DRY,FOLLOWING TOO CLOSELY,2.0,36.666666666666664,3.0,3.0
0d1518ea519667468cf60eb1fa74d928ab255029195156e55de46e9d5b7d72aab26030a4705204401c06666997633e06b337d7e43281a3c470b297d992b084d8,CLEAR,DAYLIGHT,DRY,IMPROPER BACKING,2.0,37.5,2.0,2.0
0d15287b54a467215f2a93196c1121068ae17e2e26d27554c1291689d6ff5e57cc90feb6def95bacd5f8b6351e9cc7b5753e8a071ab5f4a70b8f311d80fa6d24,RAIN,"DARKNESS, LIGHTED ROAD",WET,"OPERATING VEHICLE IN ERRATIC, RECKLESS, CARELESS, NEGLIGENT OR AGGRESSIVE MANNER",1.0,49.0,2.0,2.0
0d152a85f345a303510393261b1cfc5cdb4b9b470272b83a37b8375880221fc08b9f48b70c8063dbbeebdbecee68ecb6e427f1ba8d6e5189804a73e31257140a,CLEAR,DAYLIGHT,DRY,FOLLOWING TOO CLOSELY,2.0,26.5,2.0,2.0
0d15341343ba9b4fa632f386ffe96f3bb70b3dfdee85cea68ef79a06bfaac79fb23381c6d232f18f8053da240deaac9bdbb528247a8d97f5518e5eb69789de25,CLEAR,"DARKNESS, LIGHTED ROAD",DRY,DISREGARDING TRAFFIC SIGNALS,1.0,43.5,2.0,2.0
0d15515c9d965ee0895565d05a35b12f5e658db593fe97efff13cf8cf5b8025b68b36468f982f72c6f56c5c41dd4d695fe080087c6635fd833f5610240e0d679,CLOUDY/OVERCAST,DAYLIGHT,DRY,IMPROPER OVERTAKING/PASSING,2.0,35.5,3.0,3.0
0d156b0a1a16bb3f8ec25939de5a47100c057d69018acbcffd8effe14cce1cbd110bea9d012ebf56b11a4eaf705351f795b555469b25b4984411036d8b4ebe76,RAIN,"DARKNESS, LIGHTED ROAD",WET,FAILING TO YIELD RIGHT-OF-WAY,2.0,17.0,2.0,2.0
0d1570c1e238060b58c8da42984c4b4fe9a61844387e7ceb51fe89b9a0811159107b31091d8e16e042332602a8e1db9b316bf4958a96d928cc65d90db0b09f97,CLEAR,DAYLIGHT,DRY,FOLLOWING TOO CLOSELY,2.0,36.333333333333336,3.0,3.0
0d1576126736d84200682c715c3143e8011472b8e33e37370a0816a1d8a85a95a35edace6a14face9e15c5c713cc9807868c08c3c1cbf8ac46eaea9ff2d4d944,RAIN,DAYLIGHT,WET,IMPROPER TURNING/NO SIGNAL,2.0,30.0,2.0,2.0
0d16144fa19d94990420fbf0f529adc663795e9517010a01606fa0b782d4c7ff2883b7471dc4a32a352a108bc06a6b762cec52de9e49fc23d4570fec77bb3345,CLEAR,DARKNESS,DRY,DISREGARDING TRAFFIC SIGNALS,2.0,35.5,2.0,2.0
0d1623ac49d8a28c6d1704a03efb8b4afd990d558db97cbd9d968ee0f58dfffaa68f975675807205fa98b00a4e15005d5f7fd1b3b25f6efe4b76658dbf7679ba,CLEAR,DARKNESS,DRY,FOLLOWING TOO CLOSELY,2.0,31.0,2.0,2.0
0d164e0c64e0ad9d44f10cd84f42f81ad289b7ff474c73a425b4d88be0047490d71dc2788089df0a42b317c55afebc097202533641547e311bbe3c55dbee38a4,CLEAR,DAYLIGHT,WET,IMPROPER OVERTAKING/PASSING,2.0,42.0,2.0,2.0
0d167db8b2c6df7997500df84e93c39af5f33bb5c91766feba3d4074f44f8a254390ff80107a58a8d399edb0d436bca183c16e46789aeec063de826b68c50250,CLEAR,"DARKNESS, LIGHTED ROAD",DRY,FAILING TO YIELD RIGHT-OF-WAY,2.0,32.5,6.0,6.0
0d1681bb2a4b6f4e31ed25bfe2f5d9f52661a4b37f763140d68badb91c6cdbd3f97e1b445f8d6f15999f5485907b6579051736870bcc898ad3f1e1cf4745ca75,CLEAR,"DARKNESS, LIGHTED ROAD",DRY,DISREGARDING TRAFFIC SIGNALS,2.0,54.0,2.0,2.0
0d1686b902970d3a46e57cdc26453c9d06af571ba181f5cde738d59039d575fa67713261a8e6c77e57b4b5b5932edbb79a8a105abfec506b5674b31a886ccaab,CLEAR,"DARKNESS, LIGHTED ROAD",DRY,IMPROPER LANE USAGE,2.0,57.0,2.0,2.0
0d16877406f94fd2007d350e7d93781fb631552ec530817cef56f26de076a1a9caf9fbc21c3cd3e9a8bbd68dce5654be8ca2356e331de2d356bb6623dfb46eed,CLEAR,DARKNESS,DRY,IMPROPER OVERTAKING/PASSING,2.0,44.0,2.0,2.0
0d168928eda52a7d8c8c52fe8c7e1f0eeb295f19db244e61a2f9c7bd8152aaa0cb0ea36fa42033f8d84c6e43eb57b19385e893bf8f657c3e42bd035166e96f25,CLEAR,DAWN,DRY,IMPROPER OVERTAKING/PASSING,2.0,34.333333333333336,3.0,3.0
0d169115707834cadb5fca4105db5b71bd45e1967e19243aa7dc5a14b92afdefc9097666c92c1f723b6854ce99ca2a1a1e9cb8ea446d47a1b90f801669281f20,CLEAR,"DARKNESS, LIGHTED ROAD",DRY,IMPROPER OVERTAKING/PASSING,2.0,34.0,2.0,2.0
0d16c16f5d732d9e6bc0ace3eca0ea44133befe529833c8d64074168bc4dfda04731f63bab3c76f18f6189421604c88f021c0e894c7145ab1b8d2493718ef311,RAIN,"DARKNESS, LIGHTED ROAD",WET,ROAD ENGINEERING/SURFACE/MARKING DEFECTS,1.0,26.0,1.0,1.0
0d171eb5ed045720c722a889b48bd380a91fe6592f3b170cb76c3b01fafd8f16cc6c70b7303fdee1053306a96ae065083d9abb7453531075e8d2a682f8e01090,UNKNOWN,UNKNOWN,UNKNOWN,IMPROPER LANE USAGE,2.0,30.0,2.0,2.0
0d1735a144eab94e58f9dabb947d546748cc5ed1f00b7c491aaa4b0a43c51587eb9f55485c92dfbe85ac28e68478432a9f9ae38707977f924ba03c2c6b34fb45,CLEAR,DAYLIGHT,DRY,FAILING TO REDUCE SPEED TO AVOID CRASH,2.0,37.5,1.0,1.0
0d1750f99dc0458b64e1f3cc7a2c73d99ad2a75316b26437b4e438806e716e51a6e437483fc0edba622684dd1fa822b8d2403a51529f737da31380cf0edfaaaa,CLEAR,"DARKNESS, LIGHTED ROAD",DRY,FAILING TO YIELD RIGHT-OF-WAY,2.0,21.2,5.0,5.0
0d175331dfba220779f0e78cbe10d0db6fdf5549ae6a138b6ab97d8c9c31933bb43a4c21be6edadcba437f1a8baca2e1b9bed21f5734a77c1afd4c95a877fd29,CLEAR,DAYLIGHT,DRY,FOLLOWING TOO CLOSELY,2.0,36.0,2.0,2.0
0d175bccb921faa60d54af544b1a06392fbdb8d5501e52850ef06d699d4d64279198614a9c593485bed92d970c34431a38062995833858f48f77305f832915ba,RAIN,DAYLIGHT,WET,DRIVING SKILLS/KNOWLEDGE/EXPERIENCE,2.0,37.5,1.0,1.0
0d177190dec4f134e2c06b75ec967da7ae963dc300722ba4ee30180351693706cc9f07e48d0994eb9fe6c5cc1200e60a93d6d7826761f720d1327af58a82db8d,CLEAR,DAYLIGHT,DRY,FOLLOWING TOO CLOSELY,2.0,35.0,2.0,2.0
0d17a57f1c05272abb4722197929778f2c9489f099f703e8b2b8e2e4a51702b3dd50e39ee81d05540b38a20c2cf47a44e8bdf62a963805dd382c71e196048647,CLEAR,DARKNESS,DRY,FAILING TO REDUCE SPEED TO AVOID CRASH,2.0,37.5,1.0,1.0
0d17d09abb10a0e73a017ed8b6f25576177509cddfe9ff15163e7d4c00d284330197f911fa0c1de85e7b054d4e2c33c63f2ac7c0b321c32ca765f22f27fb2fe0,SNOW,"DARKNESS, LIGHTED ROAD",WET,WEATHER,2.0,26.0,2.0,2.0
0d17dd1427db89666a9fea92419d0bcd01408c812c38da5f857d309016f02649034edc7a728638749097c0c913a4f223a2c25d0ee659ac203966af6e914b8157,CLEAR,DAYLIGHT,DRY,FAILING TO YIELD RIGHT-OF-WAY,2.0,62.0,2.0,2.0
0d182853b3412af8a2a18c77449e29f45601eaa57c2e61f860661ebfa62427b49ac1276a1b8be2c06ffc7d408764ba0247c331a8b9e459783961d55eac14b588,CLEAR,DAYLIGHT,DRY,DISTRACTION - FROM INSIDE VEHICLE,2.0,21.0,3.0,3.0
0d182d892137f61dc1c36227d5fc76e5e587336615cb883abd059bb1458d0ed219c8e9a22edea8e93fe735b80c58edc6dee50e755b2e72365df456cd56cb7caa,CLEAR,DAYLIGHT,DRY,FOLLOWING TOO CLOSELY,2.0,37.0,2.0,2.0
0d187e2941badd8574ccbc2221cf871933c9676e7b48db58594a63639ac1d36e5832ec269dc2cbe3e96ede74b6ff567118c792dd2b2143690ec25c218804c6ca,CLOUDY/OVERCAST,"DARKNESS, LIGHTED ROAD",UNKNOWN,"OPERATING VEHICLE IN ERRATIC, RECKLESS, CARELESS, NEGLIGENT OR AGGRESSIVE MANNER",2.0,37.5,1.0,1.0
0d1894e5948d8b1e17d8c4dec0e8ed417dcef06916c9b09beaf4ca5b7ef400af80a422ed28cf498143294d96de7e561ef1dc0a63a9291fc9eea4bf61eca8e960,CLEAR,DAYLIGHT,DRY,HAD BEEN DRINKING (USE WHEN ARREST IS NOT MADE),2.0,37.5,1.0,1.0
0d18a24718cf64c51e531428ad935e1a300abd4bd9190f283557afee04d5735ebb9ffb12390385d38d7e35b4dd1ec90c1d79455fcd80d995ea18001f0957894f,CLOUDY/OVERCAST,DAYLIGHT,DRY,IMPROPER TURNING/NO SIGNAL,2.0,28.5,2.0,2.0
0d18bcbef4d0086c82cc98fce1d8cde4e9e6a722aff371131119c9e7f49e9055fab7cfd661012139ee52e58a065a9981920b352c85300c7d90bedecf7212f6f7,CLEAR,DAYLIGHT,DRY,IMPROPER OVERTAKING/PASSING,3.0,27.333333333333332,3.0,3.0
0d18d138eeb5a3faf43bbd9420f42492f1475812e388db538d668c9df2d4c612d74042827df735927f26f543f4fc0da4f3b40306044aa076fc924600a79849ec,CLEAR,DAYLIGHT,DRY,IMPROPER OVERTAKING/PASSING,2.0,37.5,1.0,1.0
0d1901622383d652cd42c55225f8afb0ea0d13b38ce82bcfcbd8e36b49c35c7fb4e40c4be22c744d9c41b0238d802a9c8bd761ea3a49eff2713adb75447e8783,CLEAR,DAYLIGHT,DRY,DRIVING SKILLS/KNOWLEDGE/EXPERIENCE,2.0,71.5,2.0,2.0
0d19209735dd0903888df201abd977cffec81283ebd198423f3d3ff93456fc6d2f687713b9dce7faf6531a644491a1ccdcd6473d5459b494d905fb3768575453,CLEAR,DAYLIGHT,DRY,FAILING TO YIELD RIGHT-OF-WAY,2.0,35.666666666666664,3.0,3.0
0d195b3afab5a57527caea639d3cc8a3715515ced5a677aa2e4c3d821f834cfe62f6e6e73899902ff579e3e7dfd719b2431c7e28b68b13b3bd060e5579c68fa5,CLEAR,DAYLIGHT,DRY,FAILING TO YIELD RIGHT-OF-WAY,2.0,26.0,4.0,4.0
0d1977f8c7ba6d0c7d47eef4168124bfc18dd5a534f41524c1ccab195a69520310ec5419b38d28a3f3973faf7b3b31e1e971a8ffb40b32a16f1efef697a5cbec,UNKNOWN,UNKNOWN,UNKNOWN,IMPROPER TURNING/NO SIGNAL,2.0,26.5,2.0,2.0
0d197d46f6dec9136da6956cd7f7dd8c3a158f955cd7b4cd8bbe4f7a349ab9362416a0b6a02681aa90edc1cb2e300af95083f5c0e7e6c528d2688e55be910cd2,CLEAR,"DARKNESS, LIGHTED ROAD",DRY,FAILING TO REDUCE SPEED TO AVOID CRASH,2.0,26.0,2.0,2.0
0d198726b3230ea5cb7b33456e494c2e3ae7d226bfc778a0dcfa3746f0e5a6c993ab92c433bf5b8934c671c755d565820dc96edbdb11a3e91ca5284f0736fd15,CLEAR,DAYLIGHT,DRY,DRIVING SKILLS/KNOWLEDGE/EXPERIENCE,2.0,39.0,2.0,2.0
0d19a877af2ded927e457b8abc1ca490f20c67e2e29c4caa6f75828d255691d5bc3440af51e3181d1fdab6807c93bb38d197ea4333877f549472e041ad70051a,CLEAR,UNKNOWN,DRY,IMPROPER BACKING,2.0,75.0,1.0,1.0
0d19ce9a8d1f86a4c3843d9fdcc7a8b73559b5896ece41668c327454625313c482de581ee71f6a2d864daa3f6215dc33b30566bab54df4bb26b93f1403c949f0,CLEAR,DAYLIGHT,DRY,FOLLOWING TOO CLOSELY,2.0,38.5,2.0,2.0
0d19cfbefc3883a03c65f8c7f4cb7da79540bcb813e49d5d1c3c9d49916ccc7d85f9d763867b77d389f3b0a244c40ff69e84bc4cdde647e55d54d24ec1f88e9b,SNOW,DARKNESS,SNOW OR SLUSH,DRIVING SKILLS/KNOWLEDGE/EXPERIENCE,2.0,56.0,2.0,2.0
0d19d5bcd8332859ed9f294a8f4785ade8c08c3fdfd882a213ae313cfa7612e4e4cba0afb755b7873c88ff09982f33a8291812f7ca834ae772d73f487c4139c9,CLEAR,DAYLIGHT,DRY,FOLLOWING TOO CLOSELY,2.0,36.5,2.0,2.0
0d19df0f7f9b7136ee7eb2f45e9718501ef7381afb11ebdd0302a8f413fdc9d524d0bd615ef650e60d63b2c8ffaaa83c2fd211e637c3cf882b5a7df4cc64c8b1,UNKNOWN,UNKNOWN,UNKNOWN,IMPROPER LANE USAGE,2.0,57.0,2.0,2.0
0d19e9542adacaa0535fa927d0f3a0bf78b330e42bf79615088bde81d828786f6f9b6d012a2ed0dc01ce95d044648799898fe2a21fda11dcd3ee7c676d90d63a,CLEAR,DAYLIGHT,DRY,FOLLOWING TOO CLOSELY,2.0,34.0,3.0,3.0
0d19f1b0ff8ee3ae3b12e49b80899d4354f11383c4cef41b18c753373c176e7a7dea5dd48757f99a0dacca8c3aac2535e9705f93f7a2e7e2746e06ffcc09d4a6,RAIN,"DARKNESS, LIGHTED ROAD",WET,WEATHER,1.0,32.0,2.0,2.0
0d1a05d282fcc60570cdfb4a524ca1056666b45b4fcb875dabd586aa525909e342d6b43be4315a833f6685afe57ae38f1325e72b95ad71752f6bbf0298dcb6c2,CLEAR,DAYLIGHT,DRY,FOLLOWING TOO CLOSELY,2.0,37.5,1.0,1.0
0d1a5372949daab5f4da5a0d1783d15729383cf4c4efa9e2e5f9d2fb070c61c4e878adb15ecbe90160c7608e97c5eb00a4b2d899104d5b6af71fa340a25586b5,CLEAR,"DARKNESS, LIGHTED ROAD",DRY,"OPERATING VEHICLE IN ERRATIC, RECKLESS, CARELESS, NEGLIGENT OR AGGRESSIVE MANNER",2.0,16.25,5.0,5.0
0d1a58d61d680ce591f21c009d1ac1188d039d067b57b9c4a632881f826ce07a6979fa7e1aeafc37b2dcc62fcf75fefec7c74943c57c4e261e0740033e61642e,CLEAR,DAYLIGHT,DRY,IMPROPER LANE USAGE,2.0,44.0,2.0,2.0
0d1a614b453c0068fa5c322c21f4766421d3392361a7dea247ab4fa50a1f72dcb48e7477d5f1f5ecfa74257c05846dec696b073c020e27ba8004a4f0cd821eb9,CLEAR,"DARKNESS, LIGHTED ROAD",DRY,FAILING TO REDUCE SPEED TO AVOID CRASH,3.0,44.0,1.0,1.0
0d1a67727dc204c26c5c911c973b1f58b28eb1abd106c5567647caee639c10215d56c9ccfc28a3edb4c10be900df4b940dd37ff2c3e567d68793b78812f5a1f5,CLEAR,DAYLIGHT,DRY,IMPROPER BACKING,2.0,45.0,2.0,2.0
0d1a7c867692957104d59feb3a46c46439f3cb9e2d24a8596da3eacef0cc3b7318c7ed3096d0fa9969c1116b3271aa3f6598f27c12a13648bd05fa1ddd5c5fda,SNOW,DAYLIGHT,SNOW OR SLUSH,DISREGARDING STOP SIGN,2.0,52.0,2.0,2.0
0d1b2d18b0d2d2722d4df4bf568a0185a5860c06a2623791795eedb8ac5a840e8ad33dc141d41d403819d5edea0759bb9cf016eb819438c265dea1924488c124,RAIN,DAYLIGHT,WET,DRIVING SKILLS/KNOWLEDGE/EXPERIENCE,2.0,19.0,4.0,4.0
0d1b55b2864dc8bf294080124c0b6e731efa34c06e0f4b7d75dcabef102966e63d7c79d5ec9243ca04197f7aebec2cf92c099c4383894e634b8c4ed8d69f1981,CLEAR,DAYLIGHT,DRY,TURNING RIGHT ON RED,2.0,21.0,2.0,2.0
0d1b564fc20ed58b88a3396cc086483a420fba8ff4fa7faa58b33edcae56c7d6556f915486793ed18cc087798d036d67a36aad22fe045316ceee8aa0937564c6,CLEAR,DAYLIGHT,DRY,FAILING TO YIELD RIGHT-OF-WAY,2.0,39.5,2.0,2.0
0d1ba35aaea60a894bb14e41aae7a3e59ac7b2af60253738bada8a14fc4fb02df7ba4e6bfa4a207f9d10078cba286f0602d29ad9ff0199b115b32d3ba3d37f1d,CLEAR,DAYLIGHT,DRY,FOLLOWING TOO CLOSELY,2.0,56.0,2.0,2.0
0d1bc641c873ff481a8c0119fa6198c83f60404a430063d1c2b180aa2786fc64b99b0a067d03580c37d8b2e2a2ba87d16d19260e9b2c6b3bd933c6194161bf14,CLEAR,"DARKNESS, LIGHTED ROAD",DRY,FAILING TO REDUCE SPEED TO AVOID CRASH,1.0,23.0,1.0,1.0
0d1bf5eade87af3657ea5a32b6c15d8dc6593764086088571093625fd6248437cd2b51c31adb488f0475470addf87ff37aad6c758e26df7ef57cb3ae2302c1d6,CLEAR,DAYLIGHT,DRY,FOLLOWING TOO CLOSELY,2.0,45.0,2.0,2.0
0d1bfe61ac0943622ce5014efee29c01dd8c2923ab4e00a47cd670da87ce42f6f0ca737664d7d86f3a3a1077ca453d07694ac5d265bfdd68cf16debf6f46f8f4,CLOUDY/OVERCAST,DAYLIGHT,DRY,FOLLOWING TOO CLOSELY,2.0,46.0,3.0,3.0
0d1c60e2555400cd69fa7434917280dce2d2573ba041cfd6de02e1f3e0e00347250a4465bb184d606da16ada49677e3df833f0dd95a31d494d12be87eb21ea49,CLEAR,DAYLIGHT,DRY,IMPROPER LANE USAGE,2.0,26.0,3.0,3.0
0d1cb01b0ad8f4d488034d25469a8645465b0bb17bf33ab1b6f82be6153b9f3d4dddd5cd060fd45e1560337f65e16c40c20c758892c0b5bb8cb1a6d2e08410fc,CLEAR,DAYLIGHT,DRY,IMPROPER OVERTAKING/PASSING,2.0,53.666666666666664,4.0,4.0
0d1ccc7303d41b6f3cf856e06a7565899c5d0caef77673270e99470f3419f59e4875fac3cd383ae1aff74a4cc34880a0297a1dda0751e4bbf0ff63aebce5d59b,CLEAR,DAYLIGHT,DRY,FAILING TO YIELD RIGHT-OF-WAY,2.0,54.0,2.0,2.0
0d1cce94e72a01966c8032532624f566d09764415f9de87f7e961d0c1ee42fe61815eead512eac91e421a121a2e0466563f443db6b75e9ec534e69dead9d2339,CLEAR,DAYLIGHT,DRY,DISREGARDING TRAFFIC SIGNALS,2.0,30.0,3.0,3.0
0d1cd028af028f42af214a540e2e33f96b7675133fd2211d271eb6fe49d532a049ec70639be652033e4e9d4171acecbbd2740c5a6129a476df0b0e1ded3a54e2,CLEAR,DAYLIGHT,UNKNOWN,DRIVING SKILLS/KNOWLEDGE/EXPERIENCE,2.0,26.0,2.0,2.0
0d1ceb8bed81dec599b78994e25ead1cea927dee58ef4788d38a4705bb7ffb13d25a8c8266912ca0c99738bc1624ad1edc93a082f0f2eecfd39fd46495438b8d,CLEAR,DAYLIGHT,DRY,DRIVING ON WRONG SIDE/WRONG WAY,2.0,23.0,2.0,2.0
0d1cf3236e3d365e6e5b23933de1b8e8756de57a7143a78ab09984892bea242e9f34307f71844f6dfa02c3d30171d7a38967584b31815640364e51b3be19d4f5,CLEAR,DAYLIGHT,DRY,FAILING TO YIELD RIGHT-OF-WAY,2.0,37.5,2.0,2.0
0d1cf83a5c2a17866f1698ad528905b83cc65fbd79be7a1bc2fa879a2a27c625c0b23416cd646438c39301af03d0afc0337591479d823d4780fe2dd3e3a50892,CLEAR,DAYLIGHT,DRY,IMPROPER OVERTAKING/PASSING,2.0,44.0,2.0,2.0
0d1d095bb35d2a303302ff546ccb1efa3b7d0a4512acf57b91388a3dcb65695e5f4f5f7e688f6119441fa8dc37b507d15e14873556d7f4fc57d05e4decd7427d,CLEAR,DAYLIGHT,DRY,IMPROPER TURNING/NO SIGNAL,2.0,36.5,2.0,2.0
0d1d0a4caf369a09e10ba6095d85cdd4aac5907b94a0672c6d42b746dbce632e0ecbded91d57cc9846a016fc8842ea174451ec659126d6317cd27861742d7929,RAIN,DAYLIGHT,WET,FOLLOWING TOO CLOSELY,2.0,19.0,2.0,2.0
0d1d4afbd573323d8e501b50890767e4a25fac0ba8bb7bfaaedaa46fb05ee78b7c90137dc2c8b57b5cdd6da0f9b2ad9312a37c53f6a0dbd5f4a7c075338be7cd,CLEAR,DAYLIGHT,DRY,FAILING TO YIELD RIGHT-OF-WAY,1.0,25.0,2.0,2.0
0d1d9dd808b2b566db533a612a43b944ccae2de034b94d1f31996af09c268f800a602f3ba01a1ab0dbc2af6d86d60f972d67d39bd0826a2d6e9d23192cc13f60,CLEAR,DAYLIGHT,WET,FAILING TO YIELD RIGHT-OF-WAY,2.0,18.0,4.0,4.0
0d1dd936f3945d2b6b6ab3ff15d04c1910646f2a0716816aed707678ca53aca0406f6a2d3aaa7179c20727f2711d4283927b0c943c403e39054daa4a135074a4,RAIN,DAYLIGHT,WET,DISREGARDING TRAFFIC SIGNALS,2.0,20.5,3.0,3.0
0d1dda48b67c0fdfc5f87e6cc5fe9466d886abdf7e79b72059d9e34764e003b7dae17546da204250bd6d83b8910ceff39097d3aa218b8149e259f0e722524c17,CLEAR,DAYLIGHT,DRY,FOLLOWING TOO CLOSELY,2.0,31.666666666666668,3.0,3.0