crash_record_id,weather_condition,lighting_condition,roadway_surface_cond,prim_contributory_cause,total_vehicles,avg_driver_age,total_people,total_injured
0d1df32ae7991108edad224ba4a1285db9e33c64f6d582add185b1935af9064b35a9d9d91c8f0a648147099d511ede7fc58fcb480b679d3a56a475fc70bcfc5b,CLEAR,DAYLIGHT,UNKNOWN,FOLLOWING TOO CLOSELY,2.0,60.5,2.0,2.0
0d1df786dfa56aec83632c804dd539791043e66477893dc41375c48ad4519eec6e9da39292b10373f8d51d100e4331308f1860be70f89b9e287164d3b8429e80,SNOW,"DARKNESS, LIGHTED ROAD",SNOW OR SLUSH,IMPROPER OVERTAKING/PASSING,2.0,37.0,4.0,4.0
0d1e04590539336ff6abd0f3df53f6bf06a01bad911119b5fac29a332609d85b47e74862635c75046db7dc68386662c36b176c8af3d5b08c2615f9a29b3f50ef,CLEAR,"DARKNESS, LIGHTED ROAD",WET,IMPROPER TURNING/NO SIGNAL,2.0,40.333333333333336,4.0,4.0
0d1e1eb0960d6722faecf5a096b683645c1ec16775084b2c1030e96bb85f208b3d678969d0ddb4b39a9e0cc9522546bef89f8270c6c614d726b70868d52d42a8,CLEAR,DAYLIGHT,DRY,FAILING TO YIELD RIGHT-OF-WAY,1.0,66.0,2.0,2.0
0d1e3db6a15b604e15fc6359be8549fbec0fa21cda20b24c26baafc2964d9101fa12765ab5e4ec08325d2c014b6e791b1e3da9aeb19c3038e537eb3d67d917d4,CLEAR,"DARKNESS, LIGHTED ROAD",DRY,DISREGARDING TRAFFIC SIGNALS,2.0,39.0,5.0,5.0
0d1e44cf0ed1a02af52a5d4141ff01a30e2c162dab6d63bd5fa31dcda09214831ff4dc9f45f3a701ffa66cf8879b24dd2b7af34e0e81b9d4bde9884c197a4f41,CLEAR,DUSK,DRY,FAILING TO YIELD RIGHT-OF-WAY,2.0,35.0,2.0,2.0
0d1e6109cb6c41f0a7c267d82e857b927fff98ca968a36f77ecc810a17fd32234648013cad69ffe484fe32cf8fda9d0e46e0196d627e19e2918e9210ec2226ac,RAIN,DAYLIGHT,WET,FOLLOWING TOO CLOSELY,2.0,23.5,2.0,2.0
0d1e7f3211395933f7c9e7211230e62905c21ee0b16661930366e69715668d96405b001b64ebd00aeeee100201990d5c0ab5b9c68cbef1b4bf95ab63269207a5,CLEAR,DAYLIGHT,DRY,FAILING TO YIELD RIGHT-OF-WAY,2.0,17.5,5.0,5.0
0d1e8c84611d1548c30ae3c91b8e7d0cfb73457661ccbcc31cb954af602208fb0b93a8437b6eb2b7516b7eb5d2d1f208a447cdf4d59a023bacd288e7ade2377f,RAIN,"DARKNESS, LIGHTED ROAD",WET,FOLLOWING TOO CLOSELY,1.0,22.0,1.0,1.0
0d1e90ca0eaeaa891a74f50e13a396fb5ca9cecd91ae84f5917291e2255da49fbca7b5f6f30017a4dd2da7ea9214a88e924a931d7fab66c3ffeb289ec82caa78,CLEAR,DAYLIGHT,DRY,DISREGARDING TRAFFIC SIGNALS,3.0,42.666666666666664,6.0,6.0
0d1e9e88d6ecd8027ea4eb6e1d023393433aede3bff63c2bad9db717b58d22104829abe09316d279a1855e43381644ec814b0bae2ac5aff131ad5c08f6e8d5c3,RAIN,DAYLIGHT,WET,FOLLOWING TOO CLOSELY,2.0,23.0,3.0,3.0
0d1e9ef64c9dd0569186398386410d799cb506ae3370b04a1d5c06380dc3f48b01a70986954ecc7777052d1568490ffc664d76bbf39c12fab7f1837bc94dd1fd,CLEAR,DAYLIGHT,DRY,FAILING TO YIELD RIGHT-OF-WAY,1.0,35.5,2.0,2.0
0d1ead39fbc85f95c6fed19865e44ed6d8a16783394fef1a28b660155517be71a29a469ce00c74b29d9aa02889e339b6ed11fecc471c83da1c0683d21cb8e05c,CLEAR,DARKNESS,DRY,FAILING TO YIELD RIGHT-OF-WAY,1.0,46.0,2.0,2.0
0d1eb6e5ef2e766e977f229a240b99605ed2e11c5a0f03692c584417614da5b064683df22be876283a0530e1bd5576c6fdb4213cb0d29295fc51db498b873e68,CLEAR,DUSK,WET,FAILING TO REDUCE SPEED TO AVOID CRASH,2.0,56.0,2.0,2.0
0d1ebe91fa6897e99a24be87969398a848f9a5d1f79202680d95985b9934aad23628b068ccc87c82c32bf4d8537b16ff3ddf1262de3ea745cf2eea57688eb966,CLEAR,DAYLIGHT,DRY,FOLLOWING TOO CLOSELY,2.0,45.5,2.0,2.0
0d1ec5595a684ee3138c863cecea23361893e54b04c8dc1d86583215e5b7f0fd4a5642754d59076a467c7a51bc6c520f495ae7842dfcb70573b06d8c508b6960,SNOW,DAYLIGHT,WET,FAILING TO YIELD RIGHT-OF-WAY,2.0,48.0,2.0,2.0
0d1ecbfaf6d27785a8232d3d5776138ebb439aee5a08d0d56d3ec6d5a23d958565c7d4f90a9390ee181227acaeaa4e3b4c8b12d1e66e2c336ad3f3ba32e08c9d,CLEAR,DAYLIGHT,DRY,IMPROPER LANE USAGE,2.0,41.0,5.0,5.0
0d1f010ed9958d4a65e0e23242d28a8888fa1425efff923014b57b439db75ccba5aedbd02a177639bc9c42a3141824b618553014aa44947a288dbf4443364ba7,CLEAR,DAYLIGHT,DRY,DRIVING SKILLS/KNOWLEDGE/EXPERIENCE,2.0,60.0,2.0,2.0
0d1f1779043c9f2c106defded05434830a750a7da8b2fc0351653a0bf07405b9ad11d27e5eccba971a128f1898c007be166c0a07ff2953cc16d752f5be428e02,CLEAR,DAYLIGHT,DRY,IMPROPER LANE USAGE,2.0,46.0,2.0,2.0
0d1f1e40c6ef864c7a266e0fd850f44fe3276fe0b9bd60e1a9c938a805046d7deffd9d62280e5a1a442c4f32685a844e603de993029dc5824fb80196f2c5db6c,CLEAR,"DARKNESS, LIGHTED ROAD",WET,FOLLOWING TOO CLOSELY,2.0,37.0,4.0,4.0
0d1f45da7536d057402b90054f57d22bd9a156161dbdef2b51c742ea1061084c92dbdb134a40857655980eb0d368e2aa0133d00bbb12e70a877561fa3804660f,CLEAR,DAYLIGHT,DRY,DISTRACTION - FROM OUTSIDE VEHICLE,2.0,38.5,2.0,2.0
0d1f4f5da8b01df1786fbc4a5c33b4c0c59bde4df9ab527a9f49c07e09c40efee86e8db5a63307d011aaad6f4af7620cf8991747c54a92c4c1db6f30932f332b,CLEAR,DUSK,DRY,IMPROPER OVERTAKING/PASSING,3.0,64.75,6.0,6.0
0d1f5a382b2a61bac3e70c5e3cac454e2fe40d255ec8399123940a9f1815d7f634ab776827f5efb34ad710595074c44bfa14f640ba0cc0c39718c2d3e9b888ae,CLEAR,DAYLIGHT,DRY,FAILING TO REDUCE SPEED TO AVOID CRASH,2.0,29.0,2.0,2.0
0d1f5d79489b1a65949cce9187fb250240cb63ad513c516a8fec2b8a58885d61235d757d55d74fd7553c7d0d68e3f6f9f19591ffdcb1aeb55cc874b8b4b46caa,CLEAR,DAYLIGHT,DRY,IMPROPER BACKING,2.0,28.0,3.0,3.0
0d1f66b471a92aaea94e04224bb25b38a087ea6a06311a01ee8e03436f2aebff9d7b8a57f13a3958ddacaece672af81ababdd60934dcc9380e5116f22d0a3ea7,SNOW,"DARKNESS, LIGHTED ROAD",SNOW OR SLUSH,FAILING TO YIELD RIGHT-OF-WAY,2.0,34.5,3.0,3.0
0d1f91b0b99f7d00b8f2c0bfb3a2399edcb6e3d876afadf7c7c79f1623d4c4d6f5e99792bc88ce9eaa7dd23ac21599bafb944af2724922f94562eceb296f2c14,RAIN,DAYLIGHT,WET,ROAD CONSTRUCTION/MAINTENANCE,2.0,45.5,2.0,2.0
0d1fa000207cb9b4767238992620595991a8750b3eb848e6727aaacdf221d758750f9f1993061d7973d4c0aa36c56b3b4ab94ffd37437cb7edbd01280ca43ac7,CLEAR,DAYLIGHT,DRY,FAILING TO YIELD RIGHT-OF-WAY,1.0,28.0,2.0,2.0
0d1fa8b7664a8e67d8931f2d9583893c3ecceed6418f4e18b5d053c609eb9d742e787f21267b676bbebd2e9d1762bdda9ca2cdce55389b68fa954b7b9c7bb570,UNKNOWN,UNKNOWN,UNKNOWN,DRIVING SKILLS/KNOWLEDGE/EXPERIENCE,2.0,37.5,2.0,2.0
0d1fbbe1cea2210edb97422ed0a54407d4b1cc420db35a27e3f050b31938add21d3d21fd65feb87fe2941c61bb4ada6ba3fd88b8c3c8c8ce95821d15240af3dc,CLEAR,DAYLIGHT,DRY,"OPERATING VEHICLE IN ERRATIC, RECKLESS, CARELESS, NEGLIGENT OR AGGRESSIVE MANNER",2.0,61.0,2.0,2.0
0d1fc900c9203fea840ed0e7bd0756b6ccd850322b10c7ab6dc535d9797e8ffdfaa580c1892b124f566a83e13d07f3833701bf4325dccf5d82f308ebad4e666c,CLEAR,DAYLIGHT,DRY,IMPROPER OVERTAKING/PASSING,2.0,47.0,2.0,2.0
0d1fd0690bfe667d0a4c5e399f008cd770c0188ff402490c836c81b6ca3355cfbb88076aff7abe40c3ef23aecad1593c8f6b3a8b0836c4889f3c81412b8cd046,CLEAR,"DARKNESS, LIGHTED ROAD",DRY,IMPROPER OVERTAKING/PASSING,2.0,20.0,3.0,3.0
0d1fdeebda937783c8f8bd37e167e299dda4520eba5b4e812abbf9f1dece8c6378651e12f52e49d2922321c40abbbb59e3f4d070bab91bbb36627670d70c003b,CLEAR,"DARKNESS, LIGHTED ROAD",DRY,FAILING TO YIELD RIGHT-OF-WAY,2.0,47.0,2.0,2.0
0d20113b029b92c0d89aa818d94b912a075a39c1b79e85b2cb8b716b276ea1934d975719e0cc09972e00caf567a42083a501d3529d4181fc09c96ecf10015311,CLEAR,"DARKNESS, LIGHTED ROAD",DRY,IMPROPER LANE USAGE,2.0,39.5,2.0,2.0
0d2016b14d0cd8b0f213d3cefd4594bab7072c2fda162e233b70b4f7b689715d1831b42883e0bdeca0f568196a529b30f39d999a6f1e1f6cbdaf9620efbde7ef,CLEAR,DAYLIGHT,DRY,IMPROPER OVERTAKING/PASSING,2.0,76.0,2.0,2.0
0d2056996dc63b45647ea6bafb23d10eff16cc5b6d4bb6162627f13c3909367d23d1a70e72f4cb4df18dd6e9732044aff92f08152ee06c98c82667c66dd83606,CLEAR,DAYLIGHT,DRY,FOLLOWING TOO CLOSELY,2.0,25.2,5.0,5.0
0d208dcb427fb30498e9ed8a8736d887d38d5323caddc761fe145338c0b34de9353e1e14036e64609a5b42d809471a2a0a40e761f094d05e8f4f7584693cfc3e,CLEAR,DAYLIGHT,DRY,FAILING TO REDUCE SPEED TO AVOID CRASH,2.0,59.0,2.0,2.0
0d20d260bcbfc8c06981a7e9b085e496d65aae2aac729b04a5e61ac0fc8dc6b1def98b7f181891260da67d88f268584b9b634bdad5c917fd10bdca5990f45fc7,CLEAR,"DARKNESS, LIGHTED ROAD",UNKNOWN,IMPROPER LANE USAGE,2.0,55.0,2.0,2.0
0d2119c53415d0b526d5e6ee3f4d1ad2fa48de402dae8a54b72c265b09f7d9823ce91b3b84fa7c968e122b865c03899a18c39df7b5de43ee8f3b1bc4b230af75,CLEAR,DAYLIGHT,SNOW OR SLUSH,FAILING TO REDUCE SPEED TO AVOID CRASH,2.0,41.5,4.0,4.0
0d213cb4d336a178f953efffa052d502a639b09835a6f1b81a045a9a84f0d3faf2816f7f3b7abf40934dd426a2458be03a5700dda09ff69f5bb921e6ffb26f56,CLEAR,"DARKNESS, LIGHTED ROAD",DRY,FAILING TO YIELD RIGHT-OF-WAY,2.0,24.0,3.0,3.0
0d2179874baba95ee85526245e84b9f3141056c1765f75e840c2a17502e3ba0cf18cd378060b5024a0c6cd08ed36f1917d2a05b3370a03d42a16c97873d05c0e,CLEAR,DAYLIGHT,DRY,FAILING TO YIELD RIGHT-OF-WAY,2.0,37.5,2.0,2.0
0d21a308b3a428f9be51973635f3d947ba521e088e61836683289cabbb803313e47a37c5d17540db88a58affbcdd240e88e3138f8d6d139cac26801267fceb39,CLEAR,DUSK,DRY,FAILING TO REDUCE SPEED TO AVOID CRASH,2.0,57.0,2.0,2.0
0d21b10b4aa66a96c87ba818eff0e19b73c0b0a7efe12a0f6809847c0f02e4681debab1f89f145f0c371ee2a72c543d07bbfcc2b925077d3ac0f79508080b989,CLEAR,DAYLIGHT,DRY,IMPROPER BACKING,1.0,24.0,2.0,2.0
0d21ba051760ca4872cdce53b15680f2aada0f0ba8380bd9b68ff7643688d905c24d47d42aec102687a184151edf136590a36c06089d769fde922db8dcac85c9,CLEAR,DAYLIGHT,WET,DRIVING SKILLS/KNOWLEDGE/EXPERIENCE,2.0,35.0,3.0,3.0
0d21c0175beffccbf50d87a6fb8db704a4b8e0ab77d325ba593d2efbd61d4789fd17af982ea2e5e6ffa80cbea94fb432a841f45158e342026f334e1374b605a8,SNOW,DUSK,WET,DRIVING ON WRONG SIDE/WRONG WAY,2.0,24.0,3.0,3.0
0d21ee8c4bfcc2ded0a97ec45db5acdb18b5ae5a27582041fa8ead6316ec38d3d4deb1497990c1643b614898d282d80f33b7c0df3275361d5f88e765a7ad6d79,CLEAR,DAYLIGHT,DRY,DISTRACTION - FROM INSIDE VEHICLE,2.0,29.5,3.0,3.0
0d22051556c6b0212890c3e829778a7d1fb689418d7d763f467f6e3a2d72854c7eb6595801daff4ef2821717f02dd8b6dea9d549857f802032d87433de4d99e2,CLEAR,"DARKNESS, LIGHTED ROAD",DRY,DISTRACTION - FROM OUTSIDE VEHICLE,2.0,49.0,2.0,2.0
0d2248647a2a5175a34b58bde95d4b14ddf248bea9149ae61bbd9387034ccc663c49d68148d4267483b897ef0f98214ee71781b63c2597daa6bd277e71c5215a,CLOUDY/OVERCAST,DAYLIGHT,WET,IMPROPER OVERTAKING/PASSING,2.0,38.0,3.0,3.0
0d225cf3d08c992f3d4a27b252fa08f246dfe600288773a11c53355673992f9dce2e06c8889a21d1a6e656de3e71b6e047eeac5472b746c9adb29f2927d159fb,RAIN,"DARKNESS, LIGHTED ROAD",WET,WEATHER,1.0,26.25,4.0,4.0
0d2269660f2d433b7b6a4036197fa2a44ff14a5c4a8d82163154ed137d641d5f7e801ca8ab630f9a3abc15853a7c5086b0eb48ed6aeca14b38f3aa8b5e7d50e7,RAIN,DAYLIGHT,WET,IMPROPER LANE USAGE,2.0,23.0,2.0,2.0
0d228c4358cdf8ad801e5db32af7cfcb6976a7f71c5c713624a40f943a2fe484297c6e07b42a15ad3ea0a63b32da961577024c22cd36ffdb7780d1090fb331b1,CLOUDY/OVERCAST,DAYLIGHT,DRY,"VISION OBSCURED (SIGNS, TREE LIMBS, BUILDINGS, ETC.)",1.0,59.0,1.0,1.0
0d22b52c94722edf0bb84b085dc6fab123fbf4bee6f25ab626f190494c8f71ba02092f04658a2cfed04c0e776d74de8a24f66ca195019abd82f274ed826c9368,CLEAR,DAYLIGHT,DRY,TURNING RIGHT ON RED,2.0,46.5,3.0,3.0
0d22bac6c6c6ffec64f1356461f85fc263abc77dc16623e5607218b3ae667f12073941108bc412d360918ded277e0fcc6e5fba99f0f63cc3e6e681aa70369b62,CLEAR,"DARKNESS, LIGHTED ROAD",DRY,FOLLOWING TOO CLOSELY,2.0,20.0,3.0,3.0
0d22c2ac72bdbd93af18ba5f700c2047a1b0236ff865231a935c89d1d9406d000ca79802789cb07451f27b4fa73477d2c3756dddd15b5fad717fed7fefdb58f9,UNKNOWN,DAYLIGHT,UNKNOWN,IMPROPER OVERTAKING/PASSING,2.0,56.0,1.0,1.0
0d22ff1f8a9e43f4f6b727e6efa92ae2415af94f71348222acaa5c5eaff0d6aa5437ae6752552ad9b9b4e473cad7aee4521dd7ef07bd29e838505fe92dfe2682,CLEAR,DAYLIGHT,DRY,IMPROPER LANE USAGE,2.0,37.5,2.0,2.0
0d2322cc1c4ff8f18e26a2fef6f62cc66ee95a28b0a6e6ac3c2425f049f0387b237a578d51c6d20b6e25110e8c248305773250d3c942c3d740b54734e7027795,RAIN,DAYLIGHT,WET,RELATED TO BUS STOP,1.0,30.5,2.0,2.0
0d2379d423ebbe38d93b5e80c441bc8a855689cb81e0c8e285f5b478befd568c6e82d2ab2762f5e3f0835342dd16bd72b930ebfac6cf5a235048118e1b422e46,CLEAR,DAYLIGHT,DRY,IMPROPER BACKING,2.0,38.5,2.0,2.0
0d23a43373e02eb1326a1d2ac85b951d5863558e97d5e8036bc9331e5dda565200d78829c1db70e450066e36cd199d7b5a2cad1e500a9bc9932862f009dbd842,CLEAR,DAYLIGHT,DRY,IMPROPER LANE USAGE,2.0,55.0,2.0,2.0
0d23c0089af7e42691b25b0bc1cf5f677029614975cb322d5c5716b550e3200865d029752cbfef9a3ae5810d956de83770bc1993ff0aa2c7ce048a63f484d73a,CLEAR,DAYLIGHT,DRY,IMPROPER LANE USAGE,2.0,49.0,2.0,2.0
0d23d4b55f1717700c7128afba5be4e043daf6ff3b21bc567892015273fc9c35c6f7f4251083c9482dbc7bce65e548ba9d804feea3e6342cf5eb7328f28e333c,SNOW,"DARKNESS, LIGHTED ROAD",WET,FOLLOWING TOO CLOSELY,2.0,34.5,2.0,2.0
0d23fc4159ce64644902a5fb54b58523e9a3601bd6e0da00185dc6dbc973e0f8a0403aed2aa0202e28404e9ddf4effe59b165db675e43ecddad8b05cc64a0de0,CLEAR,DAYLIGHT,DRY,ROAD CONSTRUCTION/MAINTENANCE,1.0,42.0,1.0,1.0
0d23ffc07d2244491d601dd36ebac4324f56479d97d2337fe667042836d507384e6ffa0c45a60c8783e78f0df3eebee48f63c59dda6a8f0c0ae1e6e5edf5b94b,CLOUDY/OVERCAST,DAYLIGHT,DRY,DRIVING SKILLS/KNOWLEDGE/EXPERIENCE,2.0,22.0,1.0,1.0
0d243c2f8dcd26fc5ca4d7bc3b53ebeac715c6e0a4cd057b73d9b9f4bc2929f461c63413d64eb1d57e7869adb2ea09821f4f6a024b009d43b96df1f04497a248,CLEAR,DAYLIGHT,DRY,FAILING TO REDUCE SPEED TO AVOID CRASH,2.0,24.0,3.0,3.0
0d2443e2980415352c9acc378c6945e554bc40298a9c3f26d94c1bfc55fd798c59fdb40eaa82963dbd495b090b4e3d58d8b6f2965bb825950259a913dcd9336e,CLEAR,DAYLIGHT,DRY,IMPROPER OVERTAKING/PASSING,2.0,34.0,2.0,2.0
0d2465f0bd1ed0bd1513523803c60b0e53f7041d14740e83444d01b048213382061cf0f416cc53acdc80c9e0244a53e637302ad92a02d6627b60c3f2ebeefd25,CLEAR,"DARKNESS, LIGHTED ROAD",WET,FOLLOWING TOO CLOSELY,2.0,43.0,2.0,2.0
0d24e1b13b17b496542bb1769b5d65a81f6466d6ae13e6ce6c25e0f203f06b2fe4ecb91f77ad793d0d5f8714dd0c00f76232a5b4522fcea3a4f440f51a28db65,CLEAR,DAYLIGHT,DRY,IMPROPER TURNING/NO SIGNAL,2.0,25.5,2.0,2.0
0d2556f8784a794ec1e427b4d8d4b7009298fc6b61f595ac454f7d92260cdd6134c582f2b27f71304b8d59501822bb10b6e7029769252580894e1aefed230267,CLEAR,DAYLIGHT,DRY,IMPROPER TURNING/NO SIGNAL,2.0,24.0,2.0,2.0
0d256c535979b5b622aca336c852f7870fad204856d08335b0c516ff9f0d9b76dcce485c7bd690404d25031b1abedc412ac61d66d32789b4ebce518a8db6de64,CLEAR,DAYLIGHT,DRY,DRIVING ON WRONG SIDE/WRONG WAY,2.0,37.5,1.0,1.0
0d2588bfdf8ee0dcc8f8ec52fbe1b960f45d83d5ff9f1d396ba676e89f71a2cfc60b6305cad91ad7c9029399c125a2b46259582f501ea0f5a500e0675ec24d98,CLEAR,DARKNESS,UNKNOWN,DISTRACTION - FROM OUTSIDE VEHICLE,2.0,32.666666666666664,3.0,3.0
0d25d6dc2683fc31bee138f978828e8f9f280593d279cd87f66e31d40baa00418f74ab665cc6d977f40a53a307d552b509d44282b0568ffb2f0ba95d43c062c8,CLEAR,DAYLIGHT,DRY,FOLLOWING TOO CLOSELY,2.0,38.5,2.0,2.0
0d25defa3bcc220b8512bafe59797c5ae16b25f983dcecabe305610757d380c96f14d4491c45c64cec1ceabfd6630df1d0ea3b20cc3825b80c9dc4ea12401e92,CLEAR,DAYLIGHT,DRY,FAILING TO YIELD RIGHT-OF-WAY,2.0,36.0,2.0,2.0
0d263e211a1d8026514eeca88558dcefbd95153b9ad0a8034847ebf2f06a5e00192c15fe1c50c1ef433bc914c796e7f3d2b00ee0d8ee9148cb2f8a4449b013a6,UNKNOWN,UNKNOWN,UNKNOWN,FAILING TO YIELD RIGHT-OF-WAY,2.0,37.0,2.0,2.0
0d2650c83eaf67fd6af0b9f3b03756af2b6f33f0714646681481a2446b3029e352e75b2f0b585826073ddae34022b86ebb0076a92fdbbaf3a55df2bcd472b420,CLEAR,DUSK,DRY,FOLLOWING TOO CLOSELY,3.0,14.5,6.0,6.0
0d265200919d4a8c4a39a065fe3b7429bc1bee06c5d56712e15eb614b1e23b3cede19acac954e0aca2c338c6b712e9e33905db94a4936e2314efd4402951f588,CLEAR,DAYLIGHT,DRY,IMPROPER LANE USAGE,2.0,38.0,2.0,2.0
0d269b988c89147a0b62e9c7638ee4d3a42ef822a4521737df8c44f1727b6769687b8bcf0c878c1cdef2e705389f086bdd8b010bef3bbdd509b9add23a6dc30e,CLEAR,DAYLIGHT,DRY,FAILING TO YIELD RIGHT-OF-WAY,1.0,41.0,1.0,1.0
0d269faf1dc0a28efbbab68181ea8240a7583cdaa81063b9fe809b34299b5482e8061c3006e9418cff7c11c7f805205a50e94125c2d270e4e9c8a8bb9f96b915,CLEAR,DAWN,ICE,WEATHER,2.0,21.0,1.0,1.0
0d26bb1527843475ecf015d7ef501d2386471760c37943580ac6c98c6038b78ee2386c7e24518a1f234237922bc69d9f58890143d4b3e07205f65ef1777927c6,CLEAR,"DARKNESS, LIGHTED ROAD",DRY,FOLLOWING TOO CLOSELY,2.0,45.333333333333336,3.0,3.0
0d26bb23cfc989124e357837e484416daa387dde101120caff5a4bbd3444477e0b09a01a5b3c91927be660233466b83426265376f1009a1ed3883cba31852a2c,CLEAR,DAYLIGHT,DRY,FAILING TO YIELD RIGHT-OF-WAY,2.0,30.5,2.0,2.0
0d26bc83883acd578be88432fad1037fa37ad3ccdf3865ab921e8195474c7df2a5097da25ba8a9f7858aee3a6f597bc198a4b8d595308ad8d7b9efcbc82d999e,CLEAR,DAYLIGHT,DRY,DRIVING SKILLS/KNOWLEDGE/EXPERIENCE,2.0,37.5,2.0,2.0
0d26c6afeb47e2d7a517b1fffe8ccb5e9c1500bf78e173d91048fc677dda35f2bc4fb0620613200cd4b87933fe82cf2f681b56c0be43c95319a6df2dbfc61aa8,RAIN,DAYLIGHT,WET,WEATHER,2.0,39.0,1.0,1.0
0d26fa10c225210d1fa29144c0c8a4517926cdc1c2ab82c48bd710901da30a44d1fae0afbd26b4ee20ae09f559a3c19cc318adbba484a4496135cd35950037ba,SNOW,"DARKNESS, LIGHTED ROAD",SNOW OR SLUSH,DISREGARDING STOP SIGN,2.0,24.0,3.0,3.0
0d271668ce6e27cd1d4d0b4e16410c0f2edb38c223b68c74ce69141fb466779d5e07f037a7543176f78bc753abb667c3091ccba41d74f621aee4436de075cd01,CLEAR,DAYLIGHT,DRY,FAILING TO YIELD RIGHT-OF-WAY,2.0,35.333333333333336,3.0,3.0
0d272a81a60e4f8f8abb50049fe7f98c72b620fe80d036798222f1af8e0071de4de491cf88025864da78dba7995d0fa5d9dbcb459aa15742e27fc7b5e7a939c5,CLEAR,DAYLIGHT,DRY,IMPROPER LANE USAGE,2.0,25.0,2.0,2.0
0d273d32339d25dcd3334b624251964d33e25aaa7d9c339decd747c1fe53f1b0b1c7246a400ea1ff3fbda3700aaf7b03eccc64949dab80715745a31f30200636,SNOW,DAYLIGHT,SNOW OR SLUSH,IMPROPER BACKING,2.0,15.5,2.0,2.0
0d27446f6f980b75d91fd8a4f5f65b322bee6161d7bded08467df2b10dc957a39fded7e341c53bcfea7ba824bd08fda4c76fda04ef2aebd9144714faf836fbbb,CLEAR,DAYLIGHT,DRY,FOLLOWING TOO CLOSELY,2.0,54.0,2.0,2.0
0d2778b3692d86b820ecfdc70a89ad9e2a033af4df20660abfe1ff205ce243b3c79558368ecf5c7cafaea591a0f5e4b34b9c808a241009ed12c254bca52439be,CLEAR,"DARKNESS, LIGHTED ROAD",DRY,DISREGARDING STOP SIGN,2.0,19.0,2.0,2.0
0d277e774a7fa803306d19d25ef1021cc55cdd0aa7ee89b5a615ba433acf69fa06598b42de23d1f224e3b8bfc5ff746caa29a6b0cf0d8e2ae1f141c9f184abfd,CLEAR,DAYLIGHT,DRY,FOLLOWING TOO CLOSELY,2.0,22.0,2.0,2.0
0d27829a955f06dd97e4c7d350fe8c51e4164d332d83f6624c8b0381d801ff88052e56c82d2782f9335c5e508534269ac83fe37432bfd8ae91870f9fe090e00f,CLOUDY/OVERCAST,DAYLIGHT,DRY,IMPROPER TURNING/NO SIGNAL,2.0,28.666666666666668,3.0,3.0
0d27d24d596bd0fa5e64f7adc9125d29bc94b5d634f18c0ff2519de81fcf83a8d9d437cd6322bfb3f229f78fd96ea5fde881018f8e147643d88d9da39e693773,CLEAR,DAYLIGHT,DRY,IMPROPER BACKING,1.0,51.0,1.0,1.0
0d27f3a4e3c91ba407163ba8699beaa064daf2261061ef45421309395c23db8da47aaffb49bf190f9b173bf3129d4273062932401251ae8716e66342a30e54a4,RAIN,DAWN,WET,DRIVING SKILLS/KNOWLEDGE/EXPERIENCE,1.0,26.0,2.0,2.0
0d27f6ca0e721da9a8c84ef32dfb075b507d40714f36b7c39cf7dbfb1a040f89a9faa86e58386f851b9ebe4a5f88dceebd7eb9a6d7617f2a14a299904bf64856,RAIN,"DARKNESS, LIGHTED ROAD",WET,IMPROPER OVERTAKING/PASSING,2.0,37.5,1.0,1.0
0d27fd6b59a9e54b5d120a799f70851a0026d70d586bfd11c3e7fba6031a1dfb4ef852b867258c213c42dd2015b1477345601d77e28be7cf2dfaa49919157ab6,CLEAR,DAYLIGHT,DRY,DISREGARDING TRAFFIC SIGNALS,2.0,30.333333333333332,3.0,3.0
0d282c9779cc3a39da17f9f8505ba1386db834f73bced3bc49e9ff4d1f03277a80349b865d9c88e531814aa59cbeebef8ef524404d17ef9ec15de5dc1233cb51,CLEAR,DAYLIGHT,DRY,FAILING TO YIELD RIGHT-OF-WAY,2.0,31.5,2.0,2.0
0d2831f8bb035e282040dffbc310aeda07d285839fad3755fe52a5e8653ee9ee15eb8a941e9fa1725d494b8f29e2b25734b5cbacd9f49867c1763b50bf6ca377,CLEAR,DAYLIGHT,DRY,FAILING TO YIELD RIGHT-OF-WAY,2.0,26.0,2.0,2.0
0d287577ebfd996141c65df53fbb7a45fde48567b7ff47f3ec0228a07fcabd8adf8a019bbd98c5929e34655c0dd05ab60b79c866ce682e1920eba4db61af2832,CLEAR,DAYLIGHT,DRY,FAILING TO YIELD RIGHT-OF-WAY,2.0,33.0,2.0,2.0
0d289c4751ba6a3bb04ddc8ad963096af21167ffde50045db3d3aa2b2dd5e93cbe7b96e3172772f0176935a02fd8bb9c417a5c297284009b41952e6909f657b6,CLEAR,DAYLIGHT,DRY,DISTRACTION - FROM INSIDE VEHICLE,2.0,49.5,2.0,2.0
0d28d43a314fa7ecaa7d9dcf64ffd925aab2b06cc5774f46c2a6db08066b6ee83582ad8258afc022529142cefa145572617e857bcb63fb2420f5c32eaf49adc1,CLEAR,"DARKNESS, LIGHTED ROAD",DRY,FAILING TO YIELD RIGHT-OF-WAY,2.0,30.333333333333332,4.0,4.0
0d28f59dce71adfe9170605db5017edc8da162a5ef8719080a36afe3134b758f3f54fd0a821c931ae3e27d8a0d11e56a4137a5fa1739246a4bf38063b0be5186,CLEAR,DAYLIGHT,DRY,DISREGARDING TRAFFIC SIGNALS,2.0,30.0,2.0,2.0