crash_record_id,weather_condition,lighting_condition,roadway_surface_cond,prim_contributory_cause,total_vehicles,avg_driver_age,total_people,total_injured
0d2901690f54d0997fc13ca2f822ee30a7519424c56ec4f144d2f276ff9e58dc6abd5859b86dad474173f83c6654d802878805e3b1164639f6a7f12ca41a39f0,CLEAR,DARKNESS,DRY,FAILING TO REDUCE SPEED TO AVOID CRASH,2.0,45.666666666666664,4.0,4.0
0d29123790724911f0560672f127ffe404cd74ecff3023ea22ff17e3f9cd17be48345db61dcd1af82ff3eefebffb8dc6313d5cba79e152f250fd2b4c10a7c25e,CLEAR,DAYLIGHT,DRY,FAILING TO REDUCE SPEED TO AVOID CRASH,2.0,23.0,3.0,3.0
0d2938cbd5f8c1919c0323274b5afd6b8a6d9b3245b881a61898a968c2bdcf3682ad7a7405a70c19cdd55d7bce6bdbd75c7e3466d02df1e810b2b4aeaf211976,SNOW,"DARKNESS, LIGHTED ROAD",WET,FAILING TO REDUCE SPEED TO AVOID CRASH,1.0,18.0,2.0,2.0
0d294172d3ee8c64533b81d7b423a0351da20f1099cff77dbf7359e714e4a359b56177af13db697e00c047dfb27c055459e123800cf1a723fd882bf9dac5e4cf,CLEAR,DAYLIGHT,DRY,IMPROPER LANE USAGE,2.0,47.0,6.0,6.0
0d295ca1fafd40ed8bb2d169e920815fd3bb5fb7ce9e8bf3240b0b33ea06572455304431a5e867abd18a9e0454fa8a9df43888e244225e65fd48e24b8c043819,CLEAR,"DARKNESS, LIGHTED ROAD",DRY,FAILING TO YIELD RIGHT-OF-WAY,2.0,23.5,2.0,2.0
0d295eceee47c943662edcc0ce4dd455cc4cfa559c74ceafbb2a3c4366fe31354b4c4a9f0b9399fc4c4b87bdab3cef93b4e61bd33e5b2762ce5e3cd881648ff7,CLEAR,DAYLIGHT,DRY,IMPROPER TURNING/NO SIGNAL,2.0,25.0,2.0,2.0
0d296bde80c211bfdd2ddb608e29096fc37a78988d88c087130b70a16a51c753035d8abc1780a858fa7954c0991b027beefd666424373a87c502183e0cb363d3,CLEAR,DAYLIGHT,DRY,DRIVING SKILLS/KNOWLEDGE/EXPERIENCE,2.0,30.0,1.0,1.0
0d297898fe675b2708e9fe5267195766987ab9d73aeb92821fecee9df6f3a84f0cf5acd40636aa07ec4110341f5e183d94d3666d93fa2b97bb7e5ffad2d0bfa0,CLEAR,DAYLIGHT,DRY,DRIVING SKILLS/KNOWLEDGE/EXPERIENCE,2.0,37.0,2.0,2.0
0d2992c4e45a4b560557d61d8c9dd74639dc135b7a0a8e873a5b5bfb64f89d3833af6f6588c0703891f025da790068acad9c43b9cda3d7663a05fbccd7d28344,CLEAR,"DARKNESS, LIGHTED ROAD",DRY,IMPROPER OVERTAKING/PASSING,2.0,47.0,5.0,5.0
0d299500657ec1860411d22217f3d61a62eb9787afd9e8aeb9652f82260e73016aa6fb07aa12f1cd59f3697d36504afa440a0eee4d9ed256620d065b6fbff81b,CLEAR,DAYLIGHT,DRY,FAILING TO YIELD RIGHT-OF-WAY,2.0,20.5,2.0,2.0
0d29aec09c6825c1532db7d6eb92c976960c46ce7b334f0fca64304e937a4a1621795dcf69eafa444fb1aff88a9c6db09cd1f90e93c45ec570a819018e854acf,CLEAR,"DARKNESS, LIGHTED ROAD",DRY,IMPROPER TURNING/NO SIGNAL,2.0,37.5,2.0,2.0
0d29c4784baaf91d7e769daa8a5af7d6304976725cd25860abbf51a88ee1f420f0198f42e6fe7d2d2bdaccdb19510809ad897a9d6462a1a9f0756e4f7cd3db2e,CLEAR,DAYLIGHT,DRY,FAILING TO YIELD RIGHT-OF-WAY,2.0,29.0,2.0,2.0
0d29cf5a97777226a1a5a078dd6e7c681760641111dc7dc6be43f8c1d9d56ed054627ea57029c6521608a45232d6e12c4008af326b10e65403dd031b99b5695d,CLEAR,DAYLIGHT,WET,FAILING TO YIELD RIGHT-OF-WAY,2.0,59.5,2.0,2.0
0d29d60f14240cc87aaac519544f700a1fb72dda0f8ec2959b88918ce12a531afde3c7493e10092eee0ab188c6c4f53277ba102e215b53383629dcc159608dfe,CLEAR,DAYLIGHT,DRY,IMPROPER LANE USAGE,2.0,38.0,2.0,2.0
0d29fcd118816ac457a0009a3dcbbbac749e5cac4b307f2e71d8d917dbcade7cb3bbc38a711af741d870a17e456152b57d918e5b225e4dcbc7926bbbcc62189d,CLOUDY/OVERCAST,DUSK,DRY,FOLLOWING TOO CLOSELY,2.0,44.0,2.0,2.0
0d2a0a74c3cbb05658e0b88701e7a713267e8ea73aef332b9e5bdf98a15f1b446d120309ec5650fac242acdd3225a4d4b5f9a0aab1d528f4ec84d4900ddf3302,CLEAR,DAYLIGHT,DRY,FOLLOWING TOO CLOSELY,2.0,27.0,2.0,2.0
0d2a34ce363e1049141109e03d7325ee3e8fdcf142d4bea97d3cd33d2fe657a7ca666a2b14364b122042d0ba7ad580fe869c78ce0fb05516fc1eb5ecdc3c3d26,CLEAR,DAYLIGHT,DRY,FAILING TO REDUCE SPEED TO AVOID CRASH,2.0,57.0,2.0,2.0
0d2a47459e9506e2e4020eaa0f3c3891b6b9a05669bdecb061c1f2c451741dea30024832250a40694bb7a31cf91c50c14e2705a60d16d00bc655322fd8f6ae58,CLEAR,DAYLIGHT,DRY,FAILING TO YIELD RIGHT-OF-WAY,2.0,30.5,2.0,2.0
0d2abeb1a99408d4816ccf7e454c563c4eb4f352110e61812ec05b6699d3aec654f1fab7d4f446496e9f94ee06bef6412ce49b9844d5f5deab6a3668cfeb4505,CLEAR,DAYLIGHT,DRY,FAILING TO YIELD RIGHT-OF-WAY,2.0,35.0,2.0,2.0
0d2ac56748ef1ef0706a40953e8f16ffc1f0afb716484eb7401d586c42b5bbf0d2967660e506b0b3fea4f702a0be2cd27783599898ee8ad690da13452a03ecc6,CLEAR,DAYLIGHT,DRY,IMPROPER OVERTAKING/PASSING,2.0,53.0,2.0,2.0
0d2ad440a9865cd4499ac71d00e3fe43d2b50fca9c6b4d54bb187ee1699b9e7b73901ce41e9f8df115999578bba09d682a8ac7652b6ea4ec3fa0330e1dd22bf7,CLEAR,DARKNESS,DRY,FOLLOWING TOO CLOSELY,2.0,32.0,2.0,2.0
0d2b0087f5960c5afe3a31396da8eb9073ea012f0071c560cd3eefbf0faa29d986ed3a4fdf8e226ca3a12392736f2a34831356019cf924bc1b210a1f18b3c721,CLEAR,DARKNESS,DRY,IMPROPER OVERTAKING/PASSING,2.0,41.0,1.0,1.0
0d2b15b617472ccc1d4582ddb9a25086b73fbc26d289fb8dc2f9ef7c7fe7b4dfb8522fcac1b836ebabedbcebfbb4bb998b13cbce98f533c400b8936dd03b2611,CLEAR,DAYLIGHT,DRY,FOLLOWING TOO CLOSELY,2.0,22.5,2.0,2.0
0d2b46bc574274d52c3e813ed301eff8b2e30d446476f67acd94b929f44fe669496c063999347e8eea905c94fd2fac39c5e1137d77747b53a5ae8a6547cc1699,RAIN,DAYLIGHT,WET,IMPROPER BACKING,2.0,43.333333333333336,3.0,3.0
0d2b61fe1c4254cd52998f7cf1053317cfa7621d7f31288896552abe7542b12ab0b9063586a4ae4ad965bab92f23accbb8503d889632cd03bbf304870d4b9cff,CLEAR,DAYLIGHT,DRY,DISTRACTION - FROM INSIDE VEHICLE,2.0,58.0,1.0,1.0
0d2b62421b25ffc6128b1893af5fb424bd0bec3238df79360e4a0ee0ef17875b437c186bea5669084cf646a58a57634bb2ce5168e9e0592377f0d129396e181d,CLEAR,DAYLIGHT,DRY,FOLLOWING TOO CLOSELY,2.0,40.0,2.0,2.0
0d2b68b0f01a197212eeb6926f27e614bfb7caeade893bc95ee60bdf34b4f6267284aafb2ce37648b4eefd2924115f9f881702f4da35b39cc51c5574cd6dc527,CLEAR,DAYLIGHT,DRY,FAILING TO REDUCE SPEED TO AVOID CRASH,2.0,68.0,2.0,2.0
0d2b6bcf4f183c7e8f48c23b236e90e434b506f5e6104b2e83e2471f73e7faa8b09c0532da7de2b4fd689ce9a6f1f03df3d270de6cbcd59b94a2fc91dcaf0bb3,CLEAR,DAYLIGHT,DRY,FAILING TO YIELD RIGHT-OF-WAY,2.0,29.0,2.0,2.0
0d2b83d31a513def1a6654a02371ee3f31c40a99fd68ea0f848ff667110c4331414fd5b32e43d7dab6940b06ece82899afa0d91a9bdcb619cee8afc7a0b2d514,UNKNOWN,UNKNOWN,UNKNOWN,FOLLOWING TOO CLOSELY,2.0,27.0,2.0,2.0
0d2b8670c5688158f2ff45ffd7ff6aee4ca290a426a4ed00c5678b02e0f05bdaaf08a2adba7acdd2be59c893e3134658fae3fb4694e493e2f9b1c47ae7956e7f,CLEAR,"DARKNESS, LIGHTED ROAD",DRY,DRIVING ON WRONG SIDE/WRONG WAY,2.0,34.0,2.0,2.0
0d2ba30f5c9d43a4b5bd9c11b18782395dfbb65ddae9605115ee5e8f0744d9c3982bf0a70b643e35736f03f30e4ef4bee99f668399258e46fae8ba03d78521c7,UNKNOWN,"DARKNESS, LIGHTED ROAD",WET,IMPROPER LANE USAGE,5.0,37.5,1.0,1.0
0d2bab4f8933fc1bf38c89c98e40c346f2b6491083204c12644b253ef4bd2eefd3e2ccef39a6af9d4ea7a03da8f3d60730cc2728698b53b0bb423a880363dc5e,CLEAR,DAYLIGHT,DRY,FAILING TO YIELD RIGHT-OF-WAY,2.0,43.5,2.0,2.0
0d2bb25f07201eb120068c420b40077c005ce0c4b54f3f6aab36a624a18780a97cc34f7c07453a2f50b8e0390c5feeb92252fb104186f7377c56813bf0cc87e1,CLEAR,DAYLIGHT,DRY,FAILING TO YIELD RIGHT-OF-WAY,2.0,29.0,2.0,2.0
0d2c1c9ba01fa3c521674ddf37039a7b4d3ffce1b947928bae5f9c32d73d0b837fac5f74bf560d2cf6b577d52289f6a0ff768d40ef05632ae2ea2c43f7caef84,RAIN,DAYLIGHT,UNKNOWN,DISREGARDING TRAFFIC SIGNALS,2.0,25.0,2.0,2.0
0d2c5e8c4887fb83817c096065641a7cd60c9c64db03ec8c242c84c041e7d3f010d3c25c73bee0269c1935ad126768845b9fbe7cfdffa2421f361c253323bab6,CLEAR,DAYLIGHT,DRY,IMPROPER OVERTAKING/PASSING,2.0,25.5,2.0,2.0
0d2c5ea996efaf4b30e385ee4bdb4954a68c567fef80cabecb9126c94b584cbf760bb880b4dcf181bfe7b2769323f0c5fcca014e5488a45202ec80d57118bc91,CLEAR,DAYLIGHT,DRY,FOLLOWING TOO CLOSELY,2.0,48.0,2.0,2.0
0d2cbbd882e554935cff8a9bbcb05df19535f6c206c5143638ec9a2bfe139d3349f6faff9ba5c0f818d5b63a002384bec0814c37bdc53b2636d136f942ac898b,CLEAR,"DARKNESS, LIGHTED ROAD",DRY,DISTRACTION - FROM INSIDE VEHICLE,2.0,28.0,1.0,1.0
0d2ccdb52b2c36569bd4a4840f39eebbfc8ff80b8e65b95cb8b5146aa219669c8947224b6db4686504a7fafe2cd2c9aea5db4ca81fe5ebb3a1e95bb499c1a270,CLEAR,DAYLIGHT,DRY,FAILING TO REDUCE SPEED TO AVOID CRASH,2.0,43.5,2.0,2.0
0d2ceea5ab075404691ac6a69064ac3196306a8494069367886a2c8c4b88f450bdba23c74bfc21aa50e5bcc8171f7cdf15e098696c63b7c7bdb5386ae8fa61af,CLEAR,DAYLIGHT,DRY,DRIVING SKILLS/KNOWLEDGE/EXPERIENCE,2.0,55.0,2.0,2.0
0d2cf68a7756262a209e034d5389d851323b8040d49ee080f2f4972c07ecc17d2f1eeb5e6d88ce97980d62b45e4fde5fdda6e981ed427019b018f9b625031486,CLEAR,DAYLIGHT,DRY,FAILING TO YIELD RIGHT-OF-WAY,2.0,37.0,2.0,2.0
0d2cfb4895b59a211b670c1430931669720d2d219a2b1dd4c33475268309bf55fa3d447ffd414a1ee15ceb12610a4639ad298195f4f45564da0be519a69230fe,CLEAR,DAYLIGHT,DRY,FOLLOWING TOO CLOSELY,2.0,46.666666666666664,3.0,3.0
0d2d1afddb05b3997c2fd9fedd9aeff7bbec026e169d2643cd8839a63821d3e8addf01410ae87fb0891e3d53c716b0d9897f90e3d01fe3dd4015f0d3929de51d,CLEAR,"DARKNESS, LIGHTED ROAD",DRY,IMPROPER LANE USAGE,2.0,33.0,2.0,2.0
0d2d1deeb061a7cde39ffba91165613fd34769284ab6991ec8f16dd248fb9d18bfe807f6fa5a6adef7044224881322456a6d521640039914f8921bce166d58b8,CLEAR,DAYLIGHT,DRY,DISREGARDING STOP SIGN,2.0,57.0,2.0,2.0
0d2d22b9a0e39318576ffaead4ddb5f542f933e37c410d33448a19426f064c8b53361d1fe4821d329fcc9f3dd0a6ad9fd185d2a6a0414ef0c325de4b5f022946,CLEAR,DAYLIGHT,DRY,IMPROPER TURNING/NO SIGNAL,2.0,47.333333333333336,3.0,3.0
0d2d51aed981cea821b5065a8403790502fb43e95b9ca6b347ec994d2a4a2f895149134ae307959e6aafd94fafc75aeb9fb53d5575e3f284c3d7adf0629e8039,CLEAR,DAYLIGHT,DRY,FOLLOWING TOO CLOSELY,4.0,49.0,5.0,5.0
0d2d66362472683f00112e7b0ae28b26dc9ffd0becfdc98ffbfedcf71217bd57e31edaae49026dac906069c5407b130ac83026f5630ea07a150b78799bf9bf8c,CLEAR,"DARKNESS, LIGHTED ROAD",DRY,FAILING TO YIELD RIGHT-OF-WAY,2.0,36.2,6.0,6.0
0d2db7ba7fbe70749587749b3a795fca34f98cbb4647f79f00e6511bbefb314ab0d17098ea88be217450b5835281f37b3c2ae58d2061075fe1fd91e653e34613,CLEAR,DAYLIGHT,DRY,"VISION OBSCURED (SIGNS, TREE LIMBS, BUILDINGS, ETC.)",2.0,34.0,2.0,2.0
0d2dbe299c8cc8825b247abc7710504cb5027da5d7ffd56d44a74d88333df667e3b2be1c2738978d666009c299e5171b3a77fbfd8b733eb363b84d07498b1100,CLOUDY/OVERCAST,DAYLIGHT,WET,DISREGARDING ROAD MARKINGS,2.0,34.5,2.0,2.0
0d2de9cb42457df8e3ff157642860e06445da9092a1fa91f637d6a3ea4cdfcc6722602de60f6c9459441176c0d1dc71f427fe086092d6d8070afef8146d81f98,SNOW,DAYLIGHT,SNOW OR SLUSH,IMPROPER LANE USAGE,2.0,50.0,1.0,1.0
0d2e0bde990fbd94b12733a061db616b69dcb03326f1c0527a0cc4911f51ef73e7347a5933bf042d377086dfaab6ef97de85775ed3e15bce094861a1993bbf05,CLEAR,DAYLIGHT,DRY,FAILING TO YIELD RIGHT-OF-WAY,2.0,35.0,3.0,3.0
0d2e0c6488ad76bc713a1b77f79b02c7873a49ca510a79f399e4aaaceee913171d8d79da51053e6659c3cf3e10d335fe04279fccd2e4c2829e4e6389de720c39,UNKNOWN,UNKNOWN,UNKNOWN,DRIVING SKILLS/KNOWLEDGE/EXPERIENCE,2.0,42.5,2.0,2.0
0d2e14b6281c1332f5150ea894d0d175395c97ad0cd34c4dfae724d3af541250f782080f18d9f38bef44077ed9b3acc3ee63c09981fecfe22e0a2a8b9a4f4652,CLOUDY/OVERCAST,DAYLIGHT,UNKNOWN,FOLLOWING TOO CLOSELY,2.0,25.0,2.0,2.0
0d2e25265cfbdcbf4120a20aa707f81c1dbb5781a5c1cfdc91fc8751a65fe8141c36156fcc98f979974bf74bdd7f6d2db7d55ef6a45f4c0a4d193f3aecad33b6,CLEAR,"DARKNESS, LIGHTED ROAD",DRY,FAILING TO YIELD RIGHT-OF-WAY,2.0,36.0,2.0,2.0
0d2e267e5859d9fffca3ed13694e52969b190cc985437bfc86adf67d098d15b8bc82a525f6fc43182e61e75d62b568a358147a3b8c6791016407ee0555863652,CLEAR,DAYLIGHT,DRY,FOLLOWING TOO CLOSELY,2.0,34.5,2.0,2.0
0d2e2a157f4d04b184801b14c0ee28957e71f0ed397734a66c2608993d0b9a19da2ede6bfdbdc950607f0a25bcea86a5981f1256356228640f3ebe373f5a1ee1,CLEAR,DAYLIGHT,DRY,FOLLOWING TOO CLOSELY,2.0,25.5,2.0,2.0
0d2e739db7d34781fc583159f0d47bf44903ce21920bb9a33649b99239a2fe6b7d886b464dacf9acf44ce1f5f819152541a40ffe0296031051d2a44d913d07a6,CLEAR,DAYLIGHT,DRY,FOLLOWING TOO CLOSELY,2.0,48.8,5.0,5.0
0d2e9360a56bcb6ca9377cdd89d0064e2ba1a8cd881260383d3e78e81d1ef86377953118151f4b749ea76564a11738f059cdd900ba35f09387d75ef9d7cc7d4f,CLEAR,DAYLIGHT,DRY,FOLLOWING TOO CLOSELY,2.0,15.0,3.0,3.0
0d2e940a3967a134c158987fa2f962d4fc4ae9f04c414c4b17b6939ff8b52f7871946bea7dfd6fc1252aebdb10948328c1f038e14cf03282524c9e222b54c516,CLEAR,DAYLIGHT,DRY,FOLLOWING TOO CLOSELY,2.0,32.5,2.0,2.0
0d2ea48c889976b9ecc80467170ef3c891b2b0f1794cd3581be4f26c5b28a18503bdd8b35944c5993c16dc0e369761c638fedc113db8497cc919a1c7f777d5e0,CLEAR,"DARKNESS, LIGHTED ROAD",DRY,FAILING TO REDUCE SPEED TO AVOID CRASH,2.0,45.5,2.0,2.0
0d2eb2c33ebc6ba2e1b86959b47e11c06558f6d7b22060254780490929f58721c71777f96195c0de6b5dc0aa5a4cf11a20298e03d81a1bc26b85b2cbe0241b8f,CLEAR,DAYLIGHT,DRY,FOLLOWING TOO CLOSELY,1.0,37.0,2.0,2.0
0d2eb8fb26916cdc143d04ba2a4eac280d70565384bf2d266a9a57f5832ff3d59d0af9811be90e28c7d47c0963b8cbedf5513e54f7d350b3dabb5209e87ba092,CLEAR,DAYLIGHT,DRY,FAILING TO YIELD RIGHT-OF-WAY,2.0,27.5,2.0,2.0
0d2eef331a4896decee2804dfc68627a148e3cd4ed8f826049b8ad92667263db030a4eba7a30294505c9928eaf528bad4bdccb440e38413a3e0265585f6efd26,RAIN,DAYLIGHT,WET,FOLLOWING TOO CLOSELY,2.0,45.0,2.0,2.0
0d2ef55f9fd860d7cca22efc4560dcb58f64d41ea2d3e21c95defbb61f96290a48ff62881bbae9dc228d857f80754147e2ff63e4849f6f75d849891ecfe41c1a,SNOW,DAYLIGHT,SNOW OR SLUSH,FAILING TO REDUCE SPEED TO AVOID CRASH,2.0,34.5,2.0,2.0
0d2effb2e0cb6ae5ed47f24a053596c69e840890265eacc7b0adfa0e04fb993376afc10991e668e7a87b65362af34cf0f823625781ba8f20c706b17246c4042b,CLEAR,"DARKNESS, LIGHTED ROAD",DRY,"OPERATING VEHICLE IN ERRATIC, RECKLESS, CARELESS, NEGLIGENT OR AGGRESSIVE MANNER",2.0,29.0,8.0,8.0
0d2f1e7fdbdb307329a78b311f3d2b7088da7ab22bdd558f322073385d3df244e4b8dcad07cda2f9b393a398f7a847ae9128781013d4330570bb973f9a3554c7,CLEAR,"DARKNESS, LIGHTED ROAD",DRY,IMPROPER TURNING/NO SIGNAL,2.0,50.0,2.0,2.0
0d2f2816e3d76f159ea727c24c5bb1aac7a93fc8f706309fa9da2f145778af41e5ac55f55cc1bd324ec54e29b2f883cafe701febb6d358d8d3e3592629ad8ba7,CLEAR,DAYLIGHT,DRY,IMPROPER BACKING,1.0,20.0,1.0,1.0
0d2f4f356a5086e4e744c60b161ac95e52cf0b5a70326df38df7c0af19c8e892fd63cfc0cbb7d690cccc80dfc12fc0ac8a96d2268ac12ede38783dc8dfb480b0,CLEAR,DAYLIGHT,DRY,IMPROPER TURNING/NO SIGNAL,2.0,53.0,2.0,2.0
0d2f71b16f0c2de1b91fb92f46f8fb3575a5e91fbccb3a9bb72e150f7216a7977db7edf1bb16a8b8af0d122321d06bcf1305107a66f038c3a8bfa739cab14bb8,CLEAR,DARKNESS,DRY,FAILING TO REDUCE SPEED TO AVOID CRASH,1.0,29.0,1.0,1.0
0d2f93e41d718e3faae11402d56f05b3c0d0f589972a1941a9078abc07d0350df86b3e6eb9b603b351e66558d8c3fe7ed5d2b726d43105c32844f3ed20640a83,CLEAR,DUSK,DRY,IMPROPER BACKING,2.0,37.5,1.0,1.0
0d2fb5c6b3a780d131e4cf1acb48fc93fb2de06907c73fb469206af89cc5b70f0a6dd6a99bd9e94693509b58a41d0f4662b0d5d9c2bfaf4a850855e533842cef,CLEAR,DAYLIGHT,DRY,FAILING TO YIELD RIGHT-OF-WAY,2.0,35.333333333333336,4.0,4.0
0d2fbec4f1e5000087e347bd9c7d7a85658e1baccb73dc22dbfee13419321b46f3e62eb19d202ae642beca0d0e15f51276ca097b87e251c0cc2b8c127bb4fb1c,RAIN,DAYLIGHT,WET,FOLLOWING TOO CLOSELY,2.0,39.5,2.0,2.0
0d2fbededa8934cb7444f45a2abdcad991551880c9fd44c154ee3f1e53b86177c3e148a148cef607ae4d9af11917b4c208659c4ecbf5e956e967c10d26a64b26,CLEAR,DARKNESS,DRY,DISREGARDING TRAFFIC SIGNALS,2.0,43.0,2.0,2.0
0d2fd10591ba030eabcd5c52e4d228b9863b66bf0f46578553a16128af29c2ffcde34c4b49fd02ec7df03743616e05a7f0744c02a6ba1c9a48f5de138d5d233d,CLEAR,DAYLIGHT,DRY,FAILING TO YIELD RIGHT-OF-WAY,2.0,24.666666666666668,3.0,3.0
0d2fe2db117fbcb965d0eb2381cf0b5fa84b4f3df9eb60aaf73c23bee44b7bfadc2a3b968495051b983cad30364d8fef160dc9ce9639000130b708cf83248483,CLEAR,"DARKNESS, LIGHTED ROAD",DRY,DRIVING ON WRONG SIDE/WRONG WAY,2.0,68.5,3.0,3.0
0d304f6c96e1d4922372f6bd96420f25b3c83af734da4ea6d03cf76b4978797f8c87fb8b09a3d2d33e5270ec6d3e54a8085de3709f6bdccb529c13b238a08ce1,CLEAR,DAYLIGHT,DRY,DISREGARDING STOP SIGN,2.0,27.5,4.0,4.0
0d30523212a818e07cdfedfce38a9a49cc87435584b1b266822dc9bb532f0182ed67c399f0c3b2a36250576d7e291a245ca67ac7e663f54d2dfeec16b92f47d8,CLEAR,DAYLIGHT,DRY,DISTRACTION - FROM OUTSIDE VEHICLE,2.0,48.0,5.0,5.0
0d306093513c6c9211cc58629119a49bb28a43a55db87fa857669a46283af190aa7dd8c74ac4a2e35268a7c12ed3458710ed8be02b9bd77826123c0bf4000ffd,CLEAR,DAYLIGHT,DRY,IMPROPER OVERTAKING/PASSING,2.0,30.0,2.0,2.0
0d307152c6c6f528a4014d6b9277995d1913ade1b70c557fd2783c4db22821e5822882b3d3bf7661e038b1b865607e963b3dcfcfeb7264f26efdf1fd7e0c68e6,CLEAR,DUSK,DRY,FAILING TO YIELD RIGHT-OF-WAY,2.0,48.5,2.0,2.0
0d30861ae40562a609ce85668cfc103f4d56a8cd9a16ea24ad44ddd004d8bfa7503f2065a240ad0818e122d3e8482f2b9c12f8a36bbe563c4d5d99cc2e42498f,CLEAR,DARKNESS,DRY,FOLLOWING TOO CLOSELY,2.0,57.0,2.0,2.0
0d30ad59032ce9567b4383a9700ba257ae68b99c260a03fcf28fe069249c0e0ecb1f728a91655ebc18c1998e568a785e92b2a12e1941d4ae752ce790ef15efbe,CLEAR,DAYLIGHT,DRY,IMPROPER BACKING,2.0,45.5,6.0,6.0
0d30bce3123e949a3ff71ed6bbc43999e22faabdcd9bde17fe8488251fa8486696e991d35c65019b22bb514c1292dca982496fa1e247c5d476e2b9cf8bc2d3c6,CLEAR,DAYLIGHT,DRY,IMPROPER BACKING,2.0,49.0,2.0,2.0
0d30f318a4334abf51ae5f0b09c8588612da10ffb4515a4f1ee9802b14469c0a6ecc1cd2a9a24a2ceb27415a1d597442a7467036266c578c6b7a67db0e751875,CLEAR,DAYLIGHT,DRY,"OPERATING VEHICLE IN ERRATIC, RECKLESS, CARELESS, NEGLIGENT OR AGGRESSIVE MANNER",2.0,57.0,2.0,2.0
0d30f3363e52864187caff9e481ebfe2ca4f7fc86ed7feecb26421e3fe0158928be3f5c6db695bb97e06d61b4e8051effeaf4c01d338ae09668a8199851a8289,CLEAR,DARKNESS,DRY,ROAD ENGINEERING/SURFACE/MARKING DEFECTS,1.0,35.0,1.0,1.0
0d31241e11523f2f78bc98b643396d10e2c1ddfaac3a6db462b61b3105cecbf1ad905252f3cb61828013a6e906d2efc2a3ba824bd4c34801e4325f1f36e04252,CLEAR,DAYLIGHT,DRY,IMPROPER OVERTAKING/PASSING,2.0,37.5,1.0,1.0
0d313c2c786632d75dc0ed247a4ca82b14cb2e398b77d1b24e16c7395efa7a458d4f09620fde37874af5c8f49bf54471055df1313f2057432a6608a622ef7834,CLEAR,"DARKNESS, LIGHTED ROAD",DRY,FAILING TO REDUCE SPEED TO AVOID CRASH,3.0,37.5,1.0,1.0
0d3147fd37d7040651f183754adb6e70bdbf9f896bd5da3ce9d1f6ba876a5d2ed6fba0107e403b57fcbd00158c2ee7f8ca8ac20c235b13fba7352c8d48ca30c2,RAIN,DAYLIGHT,WET,WEATHER,1.0,42.0,1.0,1.0
0d315086df827f56945390043c1ee791227b2a0244501f2c0de62a5192324d5448bf5afbd6235c308a7206a7c96a94c2145b9c04086f797adfcc93f0c4359676,CLEAR,DAYLIGHT,SNOW OR SLUSH,WEATHER,1.0,72.0,1.0,1.0
0d315bda5734bd4d866cc0f6a544488729b8933bd589147c0bad15572d7c2dfa3ce9a982c97a36e58b336eaf30e88c554b895d2fde1e1caa801b96b3a344efce,RAIN,DAYLIGHT,DRY,IMPROPER BACKING,2.0,27.5,3.0,3.0
0d319a29c4fdc1c6928a503bfa6ee985986e36c5e9b8cf825c24b63ea7fcdf5af63202bbe1c62b3cd9534851b46a6a423fed61384f8087de789ad6df82e3321d,CLEAR,DAYLIGHT,DRY,"OPERATING VEHICLE IN ERRATIC, RECKLESS, CARELESS, NEGLIGENT OR AGGRESSIVE MANNER",4.0,41.5,3.0,3.0
0d31c325cdeb3ee4a1200c0c545e9ab483bcc274f29b61a888b43f188963aec651508a953a0fbf427151bb6a26729721ef9d3589e9ce0a51ca9e9ff33a1293d9,CLEAR,DARKNESS,DRY,"EVASIVE ACTION DUE TO ANIMAL, OBJECT, NONMOTORIST",1.0,52.0,1.0,1.0
0d31caeb187747715c68d9c0ccd1db30247383036d14311f90695ec1b3879aae04c5c0987b8cb0ca6fa886fc0efac4004cbcd4c49832b691b75cb0de340283fb,RAIN,"DARKNESS, LIGHTED ROAD",WET,WEATHER,2.0,49.0,2.0,2.0
0d31d1cfcbe54be712a91fbf78877c99a6461b3fdc0560935f9dae74f39fda204bb67ca6cdd92fd137aab6f93a0b518def7fc33db0b588aa8757be5df996ec43,CLEAR,DAYLIGHT,DRY,IMPROPER OVERTAKING/PASSING,2.0,49.0,2.0,2.0
0d31d72b3f4b74c78c9bc28373c07ac4f5ed327984db8e146e0f76b9b8b5005f8dcf1851ac0365b5d8ae1667ad7421beee04847030ba945e6f5a17f50c939b35,CLEAR,DAYLIGHT,DRY,FAILING TO YIELD RIGHT-OF-WAY,2.0,46.0,4.0,4.0
0d31e9bd8a1421904e5f2202d3d0d22d348cee123eb206dbd92bb3afbb95209dc4e1f5275a436cc363b7c9d2023736f8ea7f63faf4d8bc344313396991516969,CLEAR,DAYLIGHT,DRY,FAILING TO YIELD RIGHT-OF-WAY,2.0,47.0,2.0,2.0
0d31ff1c1df3ad34df633dcda8d6441fb1e48541aed64d0c126c190d2fd3bfd894fb4ee30906c59d61d5d0d595de51b5c110f378ae933ec8b568719d6ad66d48,CLEAR,DAYLIGHT,DRY,FAILING TO YIELD RIGHT-OF-WAY,1.0,10.0,2.0,2.0
0d321d9ef08898021450a73850d887a0ffb84cf2ad051b24083e609bcbb04be410d6b2d285e117988502e3ffe334d57526e3d6f968ff6fd2654067ec76c4f781,CLEAR,DAYLIGHT,DRY,FAILING TO YIELD RIGHT-OF-WAY,2.0,39.5,2.0,2.0
0d322373f12963eb53ccccc9f62ce386a1480d8c89d8cba2af85348295c2e37e4e0d26f1b4ef172221bb0b4880b18c7eaad220d212a4cb7cc8796b5594ecc3a5,CLEAR,DAYLIGHT,DRY,FAILING TO REDUCE SPEED TO AVOID CRASH,2.0,48.0,2.0,2.0
0d3228acb0d4a6ba0107a31fcc8e6f03ad64b37c6321f3cf0b75815da95145442eb184ec7417280ec67654276990a87423ebe82bf63765d7cd2a18eb10b40650,CLEAR,"DARKNESS, LIGHTED ROAD",DRY,FAILING TO YIELD RIGHT-OF-WAY,2.0,32.0,2.0,2.0