crash_record_id,weather_condition,lighting_condition,roadway_surface_cond,prim_contributory_cause,total_vehicles,avg_driver_age,total_people,total_injured
0d32382c94e8b90251d2be437cf1dda317623795eea0cc280580952a9bb55bc8afc27e0b3276c2e2268be7c94b4a47c0588192c0ad93ef8238a3eac940c6def3,CLEAR,"DARKNESS, LIGHTED ROAD",DRY,FAILING TO YIELD RIGHT-OF-WAY,2.0,33.0,2.0,2.0
0d325209a1724c925f7abae7878059389e65619049daf31176085e445cf857b90f7d80d5a880d5d82d79c192143a8743618e4f9ab1803d8e9b25d027db876a63,CLEAR,"DARKNESS, LIGHTED ROAD",DRY,IMPROPER TURNING/NO SIGNAL,2.0,30.0,5.0,5.0
0d3254c87fa0a12e8fb06a1ef7994dd1c694359d7849e6c4e7ec6b4a493d65851f5b6940650ed9e66fc5546bbe94c824b1dbe0da3c2badd71e01cd7db7937676,CLEAR,DARKNESS,DRY,FOLLOWING TOO CLOSELY,2.0,46.0,2.0,2.0
0d32582552f122d3113c9a13ca9ba0ef1b9fecaf79ae18e8fd65b080b2f69f66dc7c2aa2cfef9601858d7ab43ced1b70be23f3f40994dca17adb41c237d27b7c,CLEAR,"DARKNESS, LIGHTED ROAD",DRY,FAILING TO YIELD RIGHT-OF-WAY,2.0,47.0,2.0,2.0
0d329017a55acc80cfc7ffc9b1c20224876bcab56969af79e2bcde99208333d74b09d128925ee6b39e9913f34440d3776ab5bf2b90d2c55f6a176e9cda4d518e,SNOW,DAYLIGHT,WET,FAILING TO REDUCE SPEED TO AVOID CRASH,2.0,37.5,2.0,2.0
0d3293ff9d715b458aa78121a207058dac44c167e63d5eabff43f1b9110fdd595e4a203569dcc1d9bc49ca435f3d708647bd2849330ba6f794764f9b07f070f3,CLEAR,"DARKNESS, LIGHTED ROAD",DRY,ANIMAL,1.0,60.0,1.0,1.0
0d32c22482d62293525d2eed68ecb18262bfcc61f7a43379665d2579d1c2e8b477ed843e60acd3f5d9735243030907cf1b89da43cf1bb2ccbffbeb77d53e4359,CLEAR,DUSK,DRY,DISTRACTION - FROM INSIDE VEHICLE,2.0,17.0,2.0,2.0
0d32e2fad77ddbb535eaf2656522970f67073c4813beee8de29b6cdb7fec0e1071e5338ac3963aec02dbff4b7c13c7bca99a30846917ea6231880021144a8a4d,CLEAR,DAYLIGHT,DRY,IMPROPER LANE USAGE,2.0,37.5,2.0,2.0
0d33293fc01a1d271c4502e73ba0a293d70fd028ba3dd8e211d0d7da3a2cb0029536fdd595722579e152b2f2921f438ff4891b2cbd442ff9f3005c6fb7bb333c,CLEAR,DAYLIGHT,DRY,FAILING TO YIELD RIGHT-OF-WAY,2.0,26.0,2.0,2.0
0d33625bd455c94faa491fbd2f5d9fa94db4aa67e9ad215c91941c2f3c1db1116532c5c863dfcbe7dd6235b578f2c728b724f1861176d327e12178058aae0c4d,CLOUDY/OVERCAST,DAYLIGHT,DRY,IMPROPER BACKING,2.0,41.0,2.0,2.0
0d3367fbfc395f2848bd952674cd8ea2f341536cb2dbb4bcf9669a18550c8949edce32894ea77e4fdbd92fed2c5423e18f872d820fa7abad9d582cee7fa91ddb,RAIN,DAYLIGHT,WET,FAILING TO YIELD RIGHT-OF-WAY,2.0,43.0,2.0,2.0
0d3376c98d4983b25d257a54925381338433fa1879637c66fee9eeaff7028ba6c6553a19f55a81e7a52fa639f436f22e008d3b738fb0901d2dadb6180ec6be7f,UNKNOWN,UNKNOWN,UNKNOWN,FAILING TO REDUCE SPEED TO AVOID CRASH,2.0,37.5,1.0,1.0
0d33a6745d36b4bf3ff6c8ff44efd768aafa081eebe6c5748c4bc01f8707355e0c2b988de947b9b90e650378f35b736bc0bd0bd4b41b7a56ffc7a7bfb843f374,CLEAR,DAYLIGHT,DRY,FAILING TO YIELD RIGHT-OF-WAY,2.0,45.0,2.0,2.0
0d33b4c72d2beb07ef75c346bcd5e826b443170ca2b139ce2bfdb1da23363ad5c22a0bf4285d75f8d00ea1037b38ad4f30f6058decbf63d92bd1bf60260715f0,CLEAR,DAYLIGHT,DRY,FAILING TO YIELD RIGHT-OF-WAY,2.0,50.5,2.0,2.0
0d33c2335ffd4a4ea0d1dd292917f48c4c47481253b67c72911e8e37772f26a0a0e464a54a5149f3446eafd6e5be383d16c4ce5d424c88fc7883d1ed341aa592,CLEAR,DAYLIGHT,DRY,IMPROPER OVERTAKING/PASSING,2.0,59.0,2.0,2.0
0d33d7365dee5a097feff83c81a46ce8acbb2cd8c8c3084b8ce089459e781ae17dc7d47b972b762cec0242590ba7fefa85588ce1176092c72bb2f0569e5fec3f,CLEAR,DAYLIGHT,DRY,FOLLOWING TOO CLOSELY,2.0,24.0,2.0,2.0
0d33dd21d2a64cfd922eb102e010e48280d2de4f9d6c91a8dd618e90072c571b586ea293955e7daf5dad5329febbca7d869245db6007687390170c9bc78e2cab,CLEAR,DARKNESS,DRY,ROAD CONSTRUCTION/MAINTENANCE,1.0,51.0,1.0,1.0
0d33dd8bb9553b80a5c27e43c0114ed852e4646c2ab926abd91f13017fe4f21bfc34198ce27c2d5f56bb92e38ed9faa27b44538133f967fe5d7fa045bbc04255,CLEAR,"DARKNESS, LIGHTED ROAD",DRY,IMPROPER BACKING,2.0,33.0,4.0,4.0
0d347823001dc43cad0983df85aa111ca3f735fb37e91099b2a79077730a9565b4adfe91feeabcf39c75bb6e2ab04e8046bcb336e54c8e4060dddc0dc069d988,CLEAR,DAYLIGHT,DRY,DISTRACTION - FROM INSIDE VEHICLE,2.0,39.5,2.0,2.0
0d3489c8a94e84417bb61ca37da9645013f44fcaadceda86fe5a0a251f1add81beb169d7d649a554aef1da45f9572eeeeeadd34beb31e02c57e47449914433d1,CLEAR,UNKNOWN,DRY,IMPROPER BACKING,2.0,37.5,1.0,1.0
0d3490d5ab49da509b958a150e1ae1e449da623db8b3c13efe428a1514eda30f7e75b56c212b2d90aebd8dd1e2e521eddc6bd0d52be7f653736bfa04daeeeff5,CLEAR,DAYLIGHT,DRY,DRIVING SKILLS/KNOWLEDGE/EXPERIENCE,2.0,48.666666666666664,3.0,3.0
0d34de2443918ef152753e75d6ff55c05d701da49cc3d2da6f1485c83ea3608b7f78e3ab9a5bee275ef7216f082b92e53f8d36e71c66ccf6c1521845284d6158,CLEAR,"DARKNESS, LIGHTED ROAD",DRY,DISREGARDING TRAFFIC SIGNALS,2.0,35.25,4.0,4.0
0d34dff37e077cb4212f014aac830be0bd9c69c7793cab566cd7b081e4f4634cc10b115cee8cc8ecf008a6b8a1de7e9cfa7ed85b2b0c4b9551940ae0c8e7abee,SNOW,"DARKNESS, LIGHTED ROAD",SNOW OR SLUSH,FAILING TO YIELD RIGHT-OF-WAY,2.0,44.0,2.0,2.0
0d34f7498d916c3fed5d19eb585eb7366351fa7460c660d09ce790be2ebd23de8c00a2e1f04877c90da640c59027ab1a2f12be24088c929b9f769579846554ad,RAIN,DARKNESS,WET,FAILING TO YIELD RIGHT-OF-WAY,2.0,38.5,2.0,2.0
0d350e97acd9b8a6ade95edf79723cf93517da8316165d42f985e648ac90f1b2e8a16b5ba4d52ed6de4d3429235ed249aa3f00fdbee10a4c35e4d9a71871b766,CLOUDY/OVERCAST,DAYLIGHT,WET,ROAD ENGINEERING/SURFACE/MARKING DEFECTS,1.0,32.0,1.0,1.0
0d35df4e36cfc362e6a42d4f08e94453965223be5a9b32df5e1d49b1677e28ba1f4c77b41cef5c60c0ad090dbc29369993eae2743224be87415e5f1958f6dd3e,CLEAR,"DARKNESS, LIGHTED ROAD",DRY,IMPROPER BACKING,2.0,37.5,1.0,1.0
0d35e650866b7aaed11fa896c8bbbb16f2f219193437ae4406595e169c9172498f0aca53f0dea465af8b3a7ccf5c3511b9d06fdffe7297d2cbfe17cda696c60e,RAIN,DAYLIGHT,WET,FOLLOWING TOO CLOSELY,3.0,36.666666666666664,3.0,3.0
0d35f788e11b2a0b87aeab74177c7268fbd6f3950f2b89217b1ed87dc699040f2e188883ea007edcae2f1c3a9d367ff6f247e8b64db74bbe6d292d19dc614b19,CLEAR,DAYLIGHT,DRY,FOLLOWING TOO CLOSELY,2.0,45.0,2.0,2.0
0d361e0b38d95dff6391a80c29838c732047c45b38d0a33efd80105b1654f9aafd54317f0a56ec08efca05722a91c36fef30a9aeee180c8759ee97422067df5e,CLEAR,"DARKNESS, LIGHTED ROAD",DRY,"OPERATING VEHICLE IN ERRATIC, RECKLESS, CARELESS, NEGLIGENT OR AGGRESSIVE MANNER",2.0,37.5,1.0,1.0
0d365971662d3143c421376fb3d255c6503e91a905e2889de0e0beacfe0a09479176d47d8fdc85747b57156ec45c41d3906f1a5cad4dca079179dee5f9b9461c,SNOW,DAYLIGHT,SNOW OR SLUSH,WEATHER,2.0,22.8,5.0,5.0
0d365ea92bec65e9506a07f08fd2b68118ef8650ee634efca4772c66542ad56958725d847c5b03dd50350413a2fd434829ed01987e18fa8d4e80445786aff915,CLEAR,DARKNESS,DRY,HAD BEEN DRINKING (USE WHEN ARREST IS NOT MADE),2.0,37.5,1.0,1.0
0d3679de2e444ab669eb3cc258a5b408c40b9706fbe64e52dfb6e3f8ef4deab924c8fd8d56a755461dd01a19f0f627bb78944942283c108ea8f8d3d2b2fba77f,CLEAR,DAWN,DRY,DRIVING SKILLS/KNOWLEDGE/EXPERIENCE,2.0,57.5,2.0,2.0
0d369f7ae86d4d1af1bb491635e690b09a74ebf0eedc83359202f1155437c46256fee7d7a72cac628c00c26ce932c31fadd62bb91d1a346d59f09dac265c6ffd,CLEAR,"DARKNESS, LIGHTED ROAD",DRY,"OPERATING VEHICLE IN ERRATIC, RECKLESS, CARELESS, NEGLIGENT OR AGGRESSIVE MANNER",2.0,34.0,3.0,3.0
0d36aa2e32a15093cb4caac1f3cb6d0ba9310e8c7c3e889fe70a776534604b47df3ef41ab1d905eaf02a9f42d465b7416e1af93cbaabe1e0e274d6406810904f,CLEAR,DAYLIGHT,DRY,FAILING TO REDUCE SPEED TO AVOID CRASH,3.0,39.0,1.0,1.0
0d36cc2101014a9393f2baa92af00e437fc1d9e4412ef9ab17899f0270c4526bb5d7495e98a36785fb258d372206fe40d32e2ac4354b7105cfa31910c7541a79,CLEAR,DARKNESS,DRY,FAILING TO YIELD RIGHT-OF-WAY,2.0,30.0,4.0,4.0
0d36f13e9a8ccc06918e4416a0c22f6c204bf87856470d2df486856d7e317c1ea7438ed8479c59ec3a0422d50ab8105c6f9e30ed79f62b9eb238056009cfbf4c,CLEAR,DAYLIGHT,DRY,ROAD ENGINEERING/SURFACE/MARKING DEFECTS,2.0,30.0,5.0,5.0
0d370807ac0ca5ef44e348743d058e3f249d29b0abcee3dd8102c351f3e4cad4701690b733c47e2f4bc3a2b8f955c5321e6db91ace743312328b9f756b803b23,CLEAR,DAYLIGHT,DRY,IMPROPER TURNING/NO SIGNAL,2.0,63.5,3.0,3.0
0d37744c681868942f89d6c1a542cfc5c4b30a2b3f309fbd3bba5053653576a3eaf4f528d1abd8e5ae6ad5cc720e4f6b6e9209ec0a73eba4e7a994465cffb904,CLEAR,"DARKNESS, LIGHTED ROAD",DRY,IMPROPER BACKING,2.0,35.0,1.0,1.0
0d37806d35753a5fe0899e1e90b9767944ad22a144dfd33a0850e3070b2e3d4b8137d6826b57af58574ef6adecd13a58c313baba21604d607067959e182c264a,CLEAR,"DARKNESS, LIGHTED ROAD",DRY,FAILING TO YIELD RIGHT-OF-WAY,1.0,28.5,2.0,2.0
0d3780c2e531814a0ad4c7da8aec39695401e1cb9c26746a5cb7431e6990edc1255c788d7e2bae3a91d39aa7a03cbec036b01d395f438e32b0de3ae8c7081290,CLEAR,"DARKNESS, LIGHTED ROAD",UNKNOWN,DRIVING SKILLS/KNOWLEDGE/EXPERIENCE,2.0,37.5,1.0,1.0
0d379a6c93b3e627cd4dd99b472173f250f23c09291846cc1b22bbf668db812070595c35d5c602da14d7b6601f4755dc57f3d1293ec581646110c2f19530f00b,CLEAR,"DARKNESS, LIGHTED ROAD",DRY,IMPROPER TURNING/NO SIGNAL,2.0,64.0,2.0,2.0
0d37b1df4e962f1259134b849df40d7a3bed5449de87009606c4404f1636ff21ccdd29016b557b92198f6e5ea615d6f2ed11cbdbec3a82bd522c439584d6bcdf,CLEAR,DAYLIGHT,DRY,FOLLOWING TOO CLOSELY,2.0,64.0,2.0,2.0
0d37e747066389cf728f1f8f534ad302fbe1dbd24e35c14d3baa53d9f894953ea9ea08b5fc4b959a08f9cd4f1180bb2c97c8ed65598af0ffad5a3b2c7579bcd3,CLEAR,DAYLIGHT,DRY,DISTRACTION - FROM INSIDE VEHICLE,4.0,29.0,2.0,2.0
0d38dba126a05412e156cc6448393b970f8efa312ed9430245429e45575407bf028940441376316601fc222e34f82dbe4fe855cf496c98be01b25adf22e7eb88,UNKNOWN,UNKNOWN,UNKNOWN,IMPROPER OVERTAKING/PASSING,2.0,57.0,2.0,2.0
0d38eae335d3630dae3fa7097d2c7821165fb727ca9cc5d986d08588f1b94dbbafb8e24f777f146428112715647ad8f2c7de48385d6e07c03cd59acf1c91b03d,CLEAR,DAYLIGHT,UNKNOWN,FAILING TO YIELD RIGHT-OF-WAY,1.0,25.0,2.0,2.0
0d38f7896b43c97252f85fff1375a10e181a16cdab5a0b5223beb58887c3fd3d1c8889e6998d14f6b9c23f0522d424aff3bbf914b2b593f2be1f0253fc523776,CLEAR,DAYLIGHT,DRY,IMPROPER LANE USAGE,2.0,32.0,2.0,2.0
0d39481cd8526e417b5c5054996e9a1cf3ce489ecc32690556d97fa7f65465eda559fe24cb3a211f1f2ec7e8d20fd5dea4689c380f5245312c1eb3dd6d7efe08,CLEAR,DAYLIGHT,DRY,FAILING TO REDUCE SPEED TO AVOID CRASH,2.0,44.333333333333336,4.0,4.0
0d395a776debc33517b3b774753efbd5e1fc0af0e1b4e48a08b7c92a0de96654369a0cf99aee2d34096d90fe34f92e6aa3a71eabb6aea36500cb10136b589aec,SNOW,"DARKNESS, LIGHTED ROAD",SNOW OR SLUSH,DISREGARDING TRAFFIC SIGNALS,1.0,39.0,2.0,2.0
0d39d114f44a9938c1f3f0d05620133fe28a0c5f310f5756e52b8dda62e646b67a65630443f10193a5f2f9a2396a970ea16895560cbc7f533a172fa9e35fdbef,CLEAR,DAYLIGHT,DRY,IMPROPER OVERTAKING/PASSING,2.0,26.0,4.0,4.0
0d39ed9e2e6714fe8145fc53fafa06f12cde603e2f654a68ae789ca00031998a340cd91a81da4e1bd0eed64183a429e84e03c2eddf1acebd436ef4229a31b68a,CLEAR,DAYLIGHT,DRY,FAILING TO YIELD RIGHT-OF-WAY,2.0,41.5,2.0,2.0
0d39eeab26e5a7174d1f907d2af81af6da42682d2fc194aeb734591a84d463c1162665c5c4f0ad2c708aa0843735c6ae25f251412746be5392c65fdf88966cf7,CLOUDY/OVERCAST,DAYLIGHT,DRY,IMPROPER TURNING/NO SIGNAL,1.0,54.0,2.0,2.0
0d39f5acceadbf18cae05c73d19799658eba1f91bd611429488d9ec017eec19bb39509957d237b4124e5dfa1ab6ba1d6ed94cdcede8bc834c1dc6bcb2d6e0c43,CLEAR,DAYLIGHT,DRY,FOLLOWING TOO CLOSELY,2.0,40.4,5.0,5.0
0d39febfe95a1722d874fedfa08e303cbeb528a2741f47d3d5956478e3e69c4115cfb3ba917cbab0e19813435ea85b3567bab99541395256d7965a8de6573d89,CLEAR,"DARKNESS, LIGHTED ROAD",DRY,FAILING TO YIELD RIGHT-OF-WAY,2.0,31.666666666666668,3.0,3.0
0d3a0b2f5239df3b9b5c64ed965e95810a53b92b774bb1952b241c7f38dcd02146426bfefcc9c73c67a773282b726e853d3c994acaca96b5262240156a6f09a6,CLEAR,DAYLIGHT,DRY,FAILING TO YIELD RIGHT-OF-WAY,2.0,43.0,2.0,2.0
0d3a123d2bfab2dc07d2932186ae91cbb93986dfddddc2a259a776f1c757e2e1e3c26e5e0a3cbead992d412bf373cf34fb2d8b27b4aac7517da9cc91fae019cd,CLOUDY/OVERCAST,DAYLIGHT,WET,EXCEEDING AUTHORIZED SPEED LIMIT,2.0,42.0,2.0,2.0
0d3a18df9e9f3e6fb8eef4bf8fc2d91fec94eac48ecd41489449f8f277ed6e8f72ab41b3c8c74494b733c632f1e97c63b71908b783e3b6e329ea96ff3eeba076,CLEAR,"DARKNESS, LIGHTED ROAD",DRY,FAILING TO YIELD RIGHT-OF-WAY,2.0,34.0,2.0,2.0
0d3a412e36779d46ece5c007e7255cd57f0466c60433f2b8677326c16d8733bc908f0fef12b0ee001329986cd89f038b3a2075b0e180d19ba11622d42c98ab12,CLEAR,DAYLIGHT,DRY,IMPROPER OVERTAKING/PASSING,2.0,33.0,2.0,2.0
0d3a507aeec64771363f52d94c7771c506f135827326943d3fc53a990c1faede88755a9d23ccfd6cb6b41eda69d65ecce7b0b58181140b6dc152b74336bdc88b,RAIN,"DARKNESS, LIGHTED ROAD",WET,EQUIPMENT - VEHICLE CONDITION,1.0,41.0,1.0,1.0
0d3a53adbfd59fc2e2c5f8cb21d146a6c0dd06a82cc33c0c66e2468c6549306a78f8cb1c35477b5ebd849c9847f0ac32c3e2864c02ef4085e2ed43e599ef3d56,CLEAR,DAYLIGHT,DRY,IMPROPER LANE USAGE,2.0,42.0,2.0,2.0
0d3a61312ef399547b8f9740be92ef99c19bb0c6b846fad14fd2204871e75d4851669e7a6ddb68b4a587980a570f58afeea6211d92c72f2c99217883b65c904d,CLEAR,DAYLIGHT,DRY,FOLLOWING TOO CLOSELY,2.0,43.5,2.0,2.0
0d3a763fe4a51acfb3453e51d3233dcfc8110c3c99deb4677ef14266a3d473b107f0555af2c54b64be6ebd323f331a013e9e71ca575c10c6f9e21e35023d0d0f,CLEAR,DARKNESS,DRY,DRIVING SKILLS/KNOWLEDGE/EXPERIENCE,2.0,34.0,2.0,2.0
0d3ab11c44d7dcfa5cd0894a8dbdd362a22045709cce66f2c9e5a4938b682fc881988b5ca29c9efd6a25081c697cc88410eb649e9b1a50f51d0e40efaa6a21e0,CLOUDY/OVERCAST,DAYLIGHT,DRY,DISREGARDING TRAFFIC SIGNALS,2.0,64.0,2.0,2.0
0d3b13a78fca3425308f3cdd6a46775d5ebe1dbc663a265dd381fedbcfc368604373cdb37f7f82bd0da1ec8904330ae761fb7e656a6925eb6faf386e042fa75d,CLEAR,DAYLIGHT,DRY,FOLLOWING TOO CLOSELY,2.0,62.0,4.0,4.0
0d3b6538ca2cd754ab37e00007a8e8cf39b2a46718ebfb943f8f761581ae5a93f96f1ccd7baa94f4dbaad2cf1c0559277739d0d4f38de5806a0890a5bdb90176,CLEAR,DAYLIGHT,DRY,IMPROPER BACKING,2.0,59.0,2.0,2.0
0d3b72cc9c54d6f4e7d54d42125f93e9684c4524895c9dc832579ca1c0ea2df93136d9cc76b3109a3751f8bc0c1d14398cbe64e42c1bd4c5f4a13d413ee7465c,CLEAR,DAYLIGHT,DRY,FAILING TO YIELD RIGHT-OF-WAY,2.0,39.5,2.0,2.0
0d3b87cddab30a349e28e19acefb1e52f8b5513798d4b908b1658b657a473f6f5e81bb121b745fb6e00659b6cd25fb56c43a3e9b0b6157922e4f395a7aa1a1dc,CLEAR,DAYLIGHT,DRY,FAILING TO YIELD RIGHT-OF-WAY,2.0,38.0,2.0,2.0
0d3ba2f064d527aff96f2e5c3d09c4a6e6911ceccdbdddab7eafb22333eddc1c4980b74c72e03982b0ac4e1a07003c62242f2c1a120dc65f844f34c0b15e1723,CLEAR,DAYLIGHT,DRY,FAILING TO YIELD RIGHT-OF-WAY,1.0,42.0,3.0,3.0
0d3bdacd3983b063026c15edaa67a0ad3e9c833e2b74db8cf18015319740fabeb3a2163b5fb18d001583e41260c4ad8833086a6d5f7616f24a5848d5dba4c940,RAIN,"DARKNESS, LIGHTED ROAD",WET,FAILING TO YIELD RIGHT-OF-WAY,2.0,22.666666666666668,3.0,3.0
0d3bdf181d60168780f58e5714ecdb92fce6737104eb63917e268ef8676398601f6e9f4f6d599244347bb95ed0005eba55af189b5a6baf64597c76dbb7b10798,CLEAR,DAYLIGHT,DRY,DRIVING SKILLS/KNOWLEDGE/EXPERIENCE,2.0,36.0,1.0,1.0
0d3bf7413c728ae46c7eb0bf552643bcd105ced8f049127f13277d0112ec1a7c321d71197deb809361d708d9f6d7109be69779bee6f135f7504a1c81403bc05f,CLEAR,"DARKNESS, LIGHTED ROAD",DRY,FAILING TO REDUCE SPEED TO AVOID CRASH,3.0,33.0,1.0,1.0
0d3c10844540350a1f4a8f38219bdd586b1fedd7535444bef32869145ba06d1ae6b8dbca994e5463a40a25a17dc0d36e3ae199cdf2b7d552010da45e5ee0cd6f,CLEAR,DARKNESS,DRY,IMPROPER TURNING/NO SIGNAL,2.0,38.5,2.0,2.0
0d3c17ed4357d90940b8b5c23db56ea56ceb468a5a01b36b4ec4c3e177d28c460a6101e989529c4a0637958efc2ef71896998666f6fed44052c2138ae1139741,CLEAR,DAYLIGHT,DRY,IMPROPER TURNING/NO SIGNAL,2.0,25.2,5.0,5.0
0d3c3acd899efabf840eb920948fff8f1a14692f37cc145a473477eb5d7d1fbcab0f4185c21c78e7e054af064b932cf9702ebadab2ff75651ab0c3cffe07f728,CLEAR,DAYLIGHT,DRY,FAILING TO YIELD RIGHT-OF-WAY,2.0,22.0,3.0,3.0
0d3c3d54d952b60c6d34f76bc7a0420052ba2d8511840cb0a349f0ab25ee40b856a0af1fee81a344d999f6d9ea28e26e9090d3639290c27b8c43e801da66f98f,CLEAR,DAYLIGHT,DRY,FAILING TO YIELD RIGHT-OF-WAY,2.0,32.0,2.0,2.0
0d3c543e202d637781c828946b4b31299dd3f74e5813802a138acad528ca62e905436473ac588cf306324ec13f8ad222b3950b3557a54d76a144fff04c796871,CLEAR,"DARKNESS, LIGHTED ROAD",DRY,IMPROPER TURNING/NO SIGNAL,2.0,25.8,5.0,5.0
0d3c8c13c7d385a21b4bf58c46fe4520770924acc0b577c4e46d410be7c9740db05eed5808065df1ae01b5ecc4571097d31792850413a439edea02bd27e709fb,CLEAR,DAYLIGHT,DRY,FOLLOWING TOO CLOSELY,2.0,52.0,2.0,2.0
0d3c9273cfef6194f9e23ba8c94d8f4173bed4b1e544c2ef2ddae6731854a1894514669a6f51ad524418d6f363a5ec09619f0198a802096def659ac55d203bab,CLEAR,DAYLIGHT,WET,FOLLOWING TOO CLOSELY,2.0,40.0,2.0,2.0
0d3cc02f040cb5d40f420f2c3781d53bd26c716645d8f64a976220895f2d697b1b2cb6313dfeb17b4ca7a2e94fb0f0d6f5cacb4e641914eda496ed66814472e9,CLEAR,DAYLIGHT,DRY,FOLLOWING TOO CLOSELY,2.0,52.5,2.0,2.0
0d3cc9f29527388d6121059d02b703ca2d63c6803b664b1b22b815f7b846cb665f997ca1bfbe0eea74a65a4a055135d460152e5cbb17ad380d17933dc055141a,CLEAR,DAYLIGHT,DRY,IMPROPER OVERTAKING/PASSING,2.0,36.5,2.0,2.0
0d3ce3e982c73155e5abf40611681f3c89e7e57f68a87cdd7c9dc78cab33a70e332272e31b3227f25b8c38e49d1308d960f8effdcfa7dbfae52d9b3e654c2027,CLEAR,DAYLIGHT,DRY,FOLLOWING TOO CLOSELY,4.0,32.5,4.0,4.0
0d3d20ab7c909012062012a1781667e2d7679d5a263db9504335c961bb9517a2d60400dc9d4b17841081cf1510e8aac85fb3fe2e9d47b0514a1f07ea3695dfa3,CLEAR,DAYLIGHT,DRY,FOLLOWING TOO CLOSELY,2.0,37.0,3.0,3.0
0d3d8ed299608f67f0fd54f9fef14867e3c383a92dec7107969d80b1c76a34fcde31a555afe0830889c70ee0618c0b77a857a589f1c8a5de54b4855558541ba9,CLEAR,DAYLIGHT,DRY,FAILING TO YIELD RIGHT-OF-WAY,2.0,26.0,2.0,2.0
0d3dbc357ba88489d1c1b2174c3d98b2aea5e5efde989493bf6c405028389d4415401e1f335e94f8d7aef5bde81771374750c6c06642c9376f5e585a16ff1d1e,CLEAR,DAYLIGHT,DRY,IMPROPER LANE USAGE,2.0,29.0,2.0,2.0
0d3dceccd53216d20a0111c684e1466e145dd3e59391553cd1e9573ca75524d50fbe805221d943dcf58f829864b625cc6d1c0011ac7bcb2b4bec6a8cd99a4ec6,CLEAR,"DARKNESS, LIGHTED ROAD",DRY,"OPERATING VEHICLE IN ERRATIC, RECKLESS, CARELESS, NEGLIGENT OR AGGRESSIVE MANNER",2.0,37.5,2.0,2.0
0d3dd12b542879275303951d524efba71504dd06c95537969fc70e2b590471f92050f99179827b08959e2fbda8425780ab56959dcad2067e14ab2d1e3d8441cb,CLEAR,DAYLIGHT,DRY,FAILING TO YIELD RIGHT-OF-WAY,2.0,41.0,3.0,3.0
0d3de173958e29102a1ee52f162730adf017920a4cd97919890fcf09f64d502036961c35a344874e79054ba87ef8d0ce38247ceca17ce357bc900b80ecc5fa66,UNKNOWN,DAYLIGHT,UNKNOWN,DRIVING SKILLS/KNOWLEDGE/EXPERIENCE,2.0,37.5,1.0,1.0
0d3def3c9f29c04833835332cfc0f8281a940bab8ceaa0dd6e766172c1ef1a01e7d9f4c0a1f55a83e0e5b3ddb92bfa20dc3de07e074254ff939f22146846cf89,CLEAR,DAYLIGHT,DRY,FOLLOWING TOO CLOSELY,3.0,37.6,5.0,5.0
0d3e0b7720acda7c4ab2112edca3e98efc5afc3d9825aae4e9c626ec7098244457a155ab37d5dea87e95370281eb830856a88400bfa6be7199820cc72645c623,CLEAR,DAYLIGHT,UNKNOWN,IMPROPER TURNING/NO SIGNAL,2.0,38.5,3.0,3.0
0d3e684341d1a50aae19d620c160e1d695701695978f4f13dc00fe5b0a83dd977e975cade8c24a7766b7cb657562fc8562cd945093c33ea2c0acc8df6b5cebbb,CLEAR,DAYLIGHT,DRY,FAILING TO YIELD RIGHT-OF-WAY,1.0,38.0,2.0,2.0
0d3e6ac2ba2e8c03a1a3eb5765c541bcaccb3d498e7494b432ec2ae8aa26b6a171865595c7094d46d127361e6dfa69dbc98fc3b180d87a5f05828400483c0bc4,SNOW,"DARKNESS, LIGHTED ROAD",SNOW OR SLUSH,WEATHER,2.0,48.0,2.0,2.0
0d3e969ab5f6545f049aac631f975e52088db87c25e257f72a836a982813b2c84a991e3397f3a5fd1c01e2836a4334d732579f7a312c60e37ebefd2a2a951ec9,CLEAR,DAYLIGHT,DRY,IMPROPER LANE USAGE,2.0,49.0,9.0,9.0
0d3ea52dcfe27940ac72d89efc73e89d275ee249f5739a1f2f7adbef146e0e079d40c72bdade2845cf3aa0a28af063fa95cd6b013d45a601233dd5e9f05dca36,CLEAR,"DARKNESS, LIGHTED ROAD",DRY,DISREGARDING STOP SIGN,2.0,31.5,2.0,2.0
0d3ed0e1de9f2c5627717cfe2172ffe17ef2bb90e5f5d8f577d873cf059db27908ad035231b2418f01c782fb7a62912f760f3620cdaa9f5df545dba702d28a8c,CLEAR,DAYLIGHT,DRY,FOLLOWING TOO CLOSELY,2.0,21.0,2.0,2.0
0d3edbc8593607eb19092170256a8a2d608a9d399bb3eb85b15c28b9011fcfe9422e0d47ecfd0f80e00894e086d486875104bf7bfb63ce54d56c1d06b0eb5a28,RAIN,"DARKNESS, LIGHTED ROAD",WET,WEATHER,4.0,25.0,4.0,4.0
0d3ee148e354064d314733bbeeed3b63e8a76b025105bcd2486fcd8af9e0d060c7697f8084187c978e2ae63c475cb642759fd2d8db5cdd1f5e52e46ed484235e,CLEAR,"DARKNESS, LIGHTED ROAD",DRY,FOLLOWING TOO CLOSELY,2.0,29.5,2.0,2.0
0d3f0e2d2a014862ed57618b03d0549a331792e8fdfc6654c3d39ebe785a3dd06c46d090295f776e49288e3200a3de27eab7bb09ee7342939d7db791b5bd960a,CLEAR,DAYLIGHT,DRY,IMPROPER OVERTAKING/PASSING,2.0,63.0,2.0,2.0