crash_record_id,weather_condition,lighting_condition,roadway_surface_cond,prim_contributory_cause,total_vehicles,avg_driver_age,total_people,total_injured
0d3f0f7448056f9b3d260545fe1cc53727360aa3cd8592e713537d89a6410a7b0b8983e7839cbc344d6a8e1a163cb50b08aa9d7bf007badeed416eb891973733,CLEAR,DAYLIGHT,DRY,FOLLOWING TOO CLOSELY,2.0,77.0,2.0,2.0
0d3f4b4cd0422770472980d1a57f52e548a707ce6bf15282127ca775059fb1045966064f8df0f915b060621aa4b5ea8219241efef3c0d8a881dd456e0a321175,CLEAR,DAYLIGHT,DRY,FOLLOWING TOO CLOSELY,2.0,61.0,2.0,2.0
0d3f4cc0aa1310667f5bb60b1c809dc1e3b7586599336e003e1b1e688ecbbfb55e176c004b40a2d1648fd506f115f1e6d9628182f7a26ca07bf7ae07674ca56a,CLEAR,"DARKNESS, LIGHTED ROAD",DRY,DISTRACTION - FROM INSIDE VEHICLE,2.0,59.0,2.0,2.0
0d3f4e0cc3c73e4498fe4cd14a3d819760d6793d6ce7e98b53832ce765e5ca0b0ade41d084fe77bd7b1e0635076acb0659f073b0914c4f7f2ce9d564092862e7,CLEAR,"DARKNESS, LIGHTED ROAD",DRY,IMPROPER OVERTAKING/PASSING,2.0,21.0,2.0,2.0
0d3f6b8d3f05fb1d5275bece499a55aba1f2ee93c3a596b1f9fc36a1bc66fb9ea7b5cf7c8ff6754dd0756d6efb2e0b35278e3cd02e781748d39e19c491110466,CLEAR,DAYLIGHT,DRY,IMPROPER TURNING/NO SIGNAL,1.0,38.0,2.0,2.0
0d3f79d4944867b3a0964d5d63a7eb7e9d78ceab87a7591fcf97e4034bc0cb2e5c2c480a9df743ada536ba72e7c1367a5c92e11d4db6843825986e3f75d8cacc,CLEAR,DAYLIGHT,DRY,FAILING TO REDUCE SPEED TO AVOID CRASH,2.0,34.0,2.0,2.0
0d3f8c9f146bff73bb7af243df2f924a8d4a5231972e02af4a96c59d148d918ae8c91b2489254be074c2a8b4f67153e54fa8f76674a2fc4c13a0ff31efd4bd5e,CLEAR,DAYLIGHT,DRY,DRIVING ON WRONG SIDE/WRONG WAY,2.0,26.0,2.0,2.0
0d3f8ed489e841bbc262ee34b2dcc22d121093b66b405763fbf564c329c8cc28ddc2880d4cc03363a5628fa5fce30a4951b40e474b115688231334617db219f3,RAIN,"DARKNESS, LIGHTED ROAD",WET,FAILING TO YIELD RIGHT-OF-WAY,2.0,29.0,2.0,2.0
0d3f9b291c5f0d58157c36f34d469c3c4156314bf27909d3fae55477fb5a459fc660343ecf4ed5ebfcd5bcfab85359d157d989648aeb5ee670bb6327ec4a4049,RAIN,DAYLIGHT,WET,FAILING TO YIELD RIGHT-OF-WAY,2.0,55.333333333333336,3.0,3.0
0d3fa54382e2b1a6038b133eebc818c1e53041d55added7e79a090bb1be984ffb5be132a2b857465a10403d2a67c696e30bbb34d323678c59ed94a2172661d78,CLEAR,"DARKNESS, LIGHTED ROAD",UNKNOWN,IMPROPER OVERTAKING/PASSING,2.0,37.5,2.0,2.0
0d3fb98741673058e830eac4cac8b65cf9fcc2a8f36313cb427a132cf7bf23c8336a85f30ec6fa5ca330d9a610d5f9e95976e146ebd5cee46f83aa5f593304cf,CLEAR,DAYLIGHT,DRY,FOLLOWING TOO CLOSELY,2.0,54.5,2.0,2.0
0d3fccd02c182323e844b79fd7ad30400521e570e63d6fffcf53450ee4b9774cb54087bc3b26b58e450e0e58e37451283ab52f947056f2a5beaee0f2f5e64487,CLEAR,DAYLIGHT,DRY,"VISION OBSCURED (SIGNS, TREE LIMBS, BUILDINGS, ETC.)",2.0,27.0,1.0,1.0
0d3fec4a5f138071f9705d7f71c5df526f227f4d261dfeb3dee9d77f6dcdf2bef81c4d39fd47095774e05a64e6d293edd1e652c3d5c41d3d6387b1a7e493e1b9,CLEAR,"DARKNESS, LIGHTED ROAD",DRY,FAILING TO YIELD RIGHT-OF-WAY,1.0,37.5,1.0,1.0
0d401fb7e9bfa863833b42a1412f3b5bc70951b11544fd5124e6830d1a3c30baa16cd7639cedf47be527bc79358c2cb8ac1f0b91fd2c75013e3a3d94496de476,CLEAR,DARKNESS,SNOW OR SLUSH,IMPROPER OVERTAKING/PASSING,2.0,30.5,3.0,3.0
0d4025e5848c23868d495442719e04c5b5dce2c962e12dc3ede32ba5ac14e2660cfbf76e6ac7c388eeda4b8190b20de582fb89267ea11bd85d083e29d1b0bf52,RAIN,DAYLIGHT,WET,IMPROPER BACKING,1.0,44.0,1.0,1.0
0d407cbd0630590b6a61b592d1c50c10777d281a21800764a88c6274f3e37df94031f9bcf06d33bc22b86ea36e9541ea9fa5867991b1d88bf4a8eff3a910dfe5,CLEAR,UNKNOWN,DRY,IMPROPER TURNING/NO SIGNAL,2.0,22.0,2.0,2.0
0d40952377d0dde92cf4bd79e82315d6ea47db1352d9bf4c02daa1a006721c55b4c81ba1ba1a2018c4bd10a60691902f1f0479eeb05ebe09ed57544945a45b21,CLEAR,DAYLIGHT,DRY,FAILING TO YIELD RIGHT-OF-WAY,2.0,42.5,3.0,3.0
0d40a8442710d0f5bc7ffa8e8f1694a4a73e5d428ff78db75c87494ef8af43bc9a25473d554172d0d5e06bcac5b0b82dadb9e694f6ca33f8ecf11687a019fda1,CLEAR,DAYLIGHT,DRY,DISREGARDING OTHER TRAFFIC SIGNS,2.0,40.0,2.0,2.0
0d40f1909ce6a8ac7da0f3d51944ffb33152386ca04b44f2939ea7207e12dd42b088b484fd85bae7785e28f7649237a3a6be623a7c6a7c750a2ea029793394fd,RAIN,DAYLIGHT,WET,WEATHER,1.0,83.0,1.0,1.0
0d4144bb5f017ab0ea01442e2f774f98977d88b8f57edde8057c62172caebf42ed18bd8789d24ff607601799343b111cbf8b231dce53dd6f6d5e836bc5662906,CLEAR,DAYLIGHT,DRY,PHYSICAL CONDITION OF DRIVER,2.0,24.0,2.0,2.0
0d4181a73bdf4c598d3179be871adcffb6dcd62037b91e07074fd2fc437ecfd8b0dc3eccb662a7ce3b688d89950e0f50c9c49771883c9bcb34759d0290111114,CLEAR,"DARKNESS, LIGHTED ROAD",DRY,DISREGARDING TRAFFIC SIGNALS,2.0,23.0,4.0,4.0
0d41a5cc1ed314a3076e0eab62aeb241317efc9e409e9f3a00ec1980edd63acc41e180d3b2c127ef9711664c7f2f93b1d1f550acd8f65b24e6772c6d79fc987f,CLEAR,"DARKNESS, LIGHTED ROAD",DRY,FOLLOWING TOO CLOSELY,2.0,51.0,4.0,4.0
0d41d8389e53aa0fd8f628f92b3237789fc034dce5117bae03e196ec2efc4d503cd662c54a27458ecb5c7f4f05ac5f55a9eac737571d4c06782d2aaa55524b70,CLEAR,DAYLIGHT,DRY,IMPROPER OVERTAKING/PASSING,2.0,33.0,1.0,1.0
0d421da72f234f4d2422933ae791b969107a09ac1e7dbbb3ba1386d1932b629e54f7ab8e906b23727d547cccfdf0ffd36577484df4b7650b45a3719540090cd0,CLEAR,DAYLIGHT,DRY,IMPROPER LANE USAGE,2.0,25.0,2.0,2.0
0d4237ea0c439729818882958c7fdce1f826bbe9abc8d5a825324b97e19172194d509f8901ae1b9e729a1d2074b3179ac38b73fe32a6efd8786bc07b2abca843,CLEAR,"DARKNESS, LIGHTED ROAD",DRY,FOLLOWING TOO CLOSELY,2.0,29.0,2.0,2.0
0d4240d95527e560291e8de2fdb41df49a2fae050c515e6b6409c9b0ecb546564bde4926f6c316753ac3342d173561133c13118eb6a2d200fe8fa7d49fceb371,RAIN,DAYLIGHT,WET,FAILING TO REDUCE SPEED TO AVOID CRASH,2.0,23.0,2.0,2.0
0d42530c268a999b0586026df35a4045b636a805c58fe4cb9a301109d88b419f8f806b9c2985fc627f83d754c77a555513766e377f051112132d623c65da5a32,CLEAR,DAYLIGHT,DRY,FOLLOWING TOO CLOSELY,2.0,44.333333333333336,3.0,3.0
0d42a571bd5ccc06a49e033b4e6160de2007712f9a3c60ec4a494ba886c1523b848e057c67f6acf99fd1e2fe92c2edad43469a54f2df17b5cf7034ca85b00782,CLEAR,DAYLIGHT,DRY,FAILING TO REDUCE SPEED TO AVOID CRASH,2.0,54.0,2.0,2.0
0d42afbc059d6dd03a35130f48766bbd04006011a7a1a11210140831dfd44b30b89f091ab951df0f381deb661723c8e9629e60d26d0693f359a83eadac1b572b,CLEAR,DAYLIGHT,DRY,FAILING TO YIELD RIGHT-OF-WAY,1.0,24.0,3.0,3.0
0d42b84d6f31a728061588afb4097861b92c096857bfdb832733efb2772f211c077298db1ce331c940fe6b04eaf922f69f57b4c0f8224d459878bf002369fb06,CLEAR,"DARKNESS, LIGHTED ROAD",DRY,DISREGARDING STOP SIGN,2.0,33.333333333333336,4.0,4.0
0d42c4e03edb65aca0f4df86173c172e812bf0c61c5af0815246a969f6674e46401676a1b971449b23305c499ad9bba322f3858f9f005d9a233defd196ec2518,CLEAR,"DARKNESS, LIGHTED ROAD",DRY,DRIVING SKILLS/KNOWLEDGE/EXPERIENCE,2.0,25.0,1.0,1.0
0d42d916fc093554e5c4324e0a575830b0226f1580f5107093069f30a578d90000127f5cd40395ce475fe27430ae78df29f3b2df01a67f56e0bdb506f0ed94db,CLEAR,DAYLIGHT,DRY,IMPROPER OVERTAKING/PASSING,2.0,43.5,2.0,2.0
0d42ea1cca0ceb5bba3f8022673ccfdc1ac861f07db22ad906c1bf78b8611921bc0a73d67fb8cca9ab1f28194242148ce350102f44db2f0de41743d0a9473ec3,CLEAR,DAYLIGHT,WET,FOLLOWING TOO CLOSELY,3.0,47.5,3.0,3.0
0d430a5130cbf5abba0d0727fc3df993f3cb5445c52a76b147dd299a89dafdbe826d737fac1c7697546adb6e9c5d7e31899490527c088ec00beedbdbf5e78454,CLEAR,DAYLIGHT,WET,FOLLOWING TOO CLOSELY,2.0,45.0,2.0,2.0
0d4316cd237cb2d17d20be84effbeef3173c88bc63d5e1da9476d6a936cb58848848bcb93c6bde5ed3cc9bb3b7ff5fdf1ef1df01fcca98209a82762e6bd7e2b2,CLEAR,DAYLIGHT,DRY,FOLLOWING TOO CLOSELY,2.0,77.0,2.0,2.0
0d431846c5ea355273397fd49b52853832300bac6f2e6f4671dc4d4d61c4b23cbe0cfdb2966f00d5ef078497b9f004a466ccd2f9bad011d4a4c6653b27724fca,CLEAR,DAYLIGHT,WET,FOLLOWING TOO CLOSELY,2.0,24.0,2.0,2.0
0d433ceb3b97d5ebab6762e770c4a9b91d681e86883284ed2fdcf03579bf186632b85394669f1f2aa9fc71658acca40466f3988e2954b9ce7c4c14d320e07064,CLEAR,"DARKNESS, LIGHTED ROAD",DRY,FAILING TO REDUCE SPEED TO AVOID CRASH,2.0,43.0,2.0,2.0
0d435cc00f4a61ea00215ef7c9312082f830b4412b6a560b1e561eae6d9e9ca306c51d312f06b2f4a5025a5ed9bdd7aa8b5d377519647ac53724047bec6a8f07,CLEAR,DAYLIGHT,DRY,WEATHER,2.0,26.0,2.0,2.0
0d43701539318df1d74fc0e022911bcb3b06ea0e8df0c6548c19d9b0d25181634f0efe12990554e8902e18c41295c6c4e4cda46e3bfc6010ed9dc26dd13e3fb9,CLEAR,"DARKNESS, LIGHTED ROAD",DRY,IMPROPER LANE USAGE,2.0,32.666666666666664,3.0,3.0
0d437222c707096f5e0ba90ab74b5823cb7ee892b27baf815ec9ace9cdc3d125f83769cb9ff75b8a7cee2503d7f4ef111b482d7a2d2635eea215663814b83745,CLEAR,DAYLIGHT,DRY,IMPROPER TURNING/NO SIGNAL,1.0,56.0,1.0,1.0
0d439406e2a424da75d61fb56973ffe87523ad45c456a1fae0c67ec6f8fb94bb4d6aada3803c916be1fe6c697b9ff3ee517b77d47324a42c27f7692d7f40c64a,CLEAR,DAYLIGHT,DRY,IMPROPER OVERTAKING/PASSING,2.0,43.0,4.0,4.0
0d43a1e35c7ec793ee468f02586f87b8535decb0a3539f17227e158d994662dfb3ade48cabbdb3c7ebf31b40d0773c4d451f60566ef1dc789c5a22dd7784948d,CLEAR,DAYLIGHT,DRY,DRIVING SKILLS/KNOWLEDGE/EXPERIENCE,2.0,56.0,2.0,2.0
0d43a7d737056029a3e98a2b901f7c93e13087b99cd24454137b3bd30b11644a9504382db75631a732d59ed0a0b0e5d7a63890d83c28aada91bbf2c7087cb30b,CLEAR,DAYLIGHT,DRY,FOLLOWING TOO CLOSELY,2.0,45.333333333333336,3.0,3.0
0d43b07f1e8ef54b4cd7acc57adaf5d5b6ae670739a46b40bf41aa0ab2d5931b0d9208d9fac32ed66db63809b7e3b3fc553c7f6e315169827c0937ac8bdabc01,CLEAR,DARKNESS,DRY,PHYSICAL CONDITION OF DRIVER,2.0,48.0,1.0,1.0
0d43f9e30aa9f78a8fa7031711928cb4471e473421f7f2ecce7dc33abe82791fbb1919c9004254c4109c92638ded9ada1b600140cf9f2d497bb61478c7721e6a,CLOUDY/OVERCAST,"DARKNESS, LIGHTED ROAD",WET,IMPROPER BACKING,2.0,36.5,3.0,3.0
0d440b9367674439b79a1909fc4d31c19b241845b597c2664e15743eaad5e59b8dce82037147a17dfc36b3f3025325aabe3270206b2f6eda328f2f4c052bd1e1,CLEAR,DAYLIGHT,DRY,FAILING TO YIELD RIGHT-OF-WAY,2.0,64.0,2.0,2.0
0d44253f3362770819bbefd30b5636c8c9d1a6abcaf1135762ff6b96ba70f0692a5e49f98bd3f8dd95b76cfcfd23cc50a0a781e6f6220d7b16243b56da1da5cd,CLEAR,DAYLIGHT,DRY,IMPROPER OVERTAKING/PASSING,2.0,31.0,2.0,2.0
0d442a7ff0ab7ee1f0bd5cbc489e1b1a3adaf0fe7ef495cfdd5572439e73c00f1310d1187b32160466338168d5b2bb4cf6ccaf32d3c19bd1d3a51ad0cc2ce0ea,CLEAR,DAYLIGHT,DRY,IMPROPER LANE USAGE,2.0,24.0,2.0,2.0
0d444614ca55e53d42bf9ef15b8d7ddbc71d4bab52315e083b818b3bbd936f852a9aa402c31d2a286428e45702f213547df15323c422b96dba558ba9d0ea71df,CLEAR,DAYLIGHT,DRY,FOLLOWING TOO CLOSELY,2.0,58.0,2.0,2.0
0d446762819a8f002be22a013173316cdd626591048c03be9ec983e92ba422c457dc52faf01139134ad4f6bcdc2b539e2448f09d8b60f5838ffdc6b6d52bc257,CLEAR,DAYLIGHT,DRY,DRIVING SKILLS/KNOWLEDGE/EXPERIENCE,2.0,67.0,2.0,2.0
0d448db7f47e5f9d935467fe0148bfda85c2cac02b7c3fb08fe763af4978a08dd4d4971f7db492b3b77bf94b5245b64549677f973073dc2e84f24d058eb258fc,CLEAR,DAYLIGHT,DRY,FAILING TO YIELD RIGHT-OF-WAY,2.0,33.0,2.0,2.0
0d44c5c73687b08be968e97d858411a216afdf12960564beed7b9ccdb934d5c3ca862344a8de3029dbe8baaa16db911e729f3896011b9c05e7c4ade90c4a635e,CLEAR,DAYLIGHT,DRY,DISTRACTION - FROM INSIDE VEHICLE,2.0,44.0,2.0,2.0
0d44d2eaee2ac12100bfb7f16d9a60dae5df686f3a066733d78319770d1af0092edd5b686679b8d0fc779ad564669dad1913050093832e36fc58a0fcd043a5fa,CLEAR,"DARKNESS, LIGHTED ROAD",DRY,IMPROPER BACKING,2.0,37.5,2.0,2.0
0d44d9dcd19b4fbf7cb2c9b92b80ffe96a1d692a19c9f62e20ce6769a1d47d960a7ec7a9c2a70dee1f9505d295c482a44e33967f964f0fb40015dd1087eca552,CLEAR,DAYLIGHT,DRY,FAILING TO YIELD RIGHT-OF-WAY,2.0,64.0,2.0,2.0
0d44f07801680a3c6d8113c067c0249573390dbe792441971b385d6fd5aa2fda9a6f28a8f23fb1372458c38bc27d35f53ea5863e54495ac8da2172599c89e625,CLEAR,DAYLIGHT,DRY,DISTRACTION - FROM INSIDE VEHICLE,2.0,48.0,5.0,5.0
0d450cc16da51097bc13b0bd2a8afc531007684bd85c6317a92c6d9f0612d1a3b42bae92fc8bf0ea04fb6ff7a4bcab9b8259b77c7796efaffdd0f0e01e26f671,CLEAR,DAYLIGHT,DRY,FOLLOWING TOO CLOSELY,2.0,56.5,2.0,2.0
0d45181cb5519b4522c58e1f50e26dc5ec7d3ac89d9d466c0940aaf6707f459fb2d650eb32e32380c6dd38b90e0ad25a819a2d337cad3d6c91c48cbfd18251d9,CLOUDY/OVERCAST,DAYLIGHT,UNKNOWN,FOLLOWING TOO CLOSELY,3.0,53.5,3.0,3.0
0d456ee9d982269493fbd91e5f132c6b35c801c0c72b62939231b146c56eb3dbef3bb11e672cba7488646f45bf90f53277ec1dc8944b134e34555d1adfd81b2b,FREEZING RAIN/DRIZZLE,"DARKNESS, LIGHTED ROAD",WET,FAILING TO YIELD RIGHT-OF-WAY,2.0,27.0,3.0,3.0
0d456f052f935f233ec2fe9fe19281570c7ea1d3d600e006b96a389feaf0276fc4348b074f37018b050940f4cc6e5bde6e9bb9fdef89589cf9941f3cc0c0abdf,CLEAR,DAYLIGHT,DRY,FOLLOWING TOO CLOSELY,1.0,34.0,2.0,2.0
0d457a2af6634162b67d60c8023dff5959627808d7662af4f0f557cb1fc4122933ebfc30d27460b32d2aca6a04f4bd61ebcb9e02b9c16b9bc68d6e0a48f0aa8d,CLEAR,DAYLIGHT,UNKNOWN,IMPROPER OVERTAKING/PASSING,2.0,46.0,2.0,2.0
0d458ee07ffbf46cbb25e1e07a177c1d2611d95e98fe09443f1f11169ce7f6e86f280814fac1833b084fe0a08547cf177c85f3427c35e7c0d2a609aedb099ea5,RAIN,DAYLIGHT,WET,FAILING TO YIELD RIGHT-OF-WAY,2.0,31.5,2.0,2.0
0d4593f63d390fa99d3f7e2df6251dfbe9c82042bbc2fb69cd96731d2ab6442243e5f6260d7919e4e27571d2b39fe758aef9611314ce387752ee292a9636f377,RAIN,DAYLIGHT,WET,FAILING TO YIELD RIGHT-OF-WAY,2.0,30.0,2.0,2.0
0d459918c3e0ac43da43dda6d60f881c64abd94cb5edd9d40fa8409b5ef42a2a5ea93829acb6082042be96b085202f665a365976d7eeb54299ab8fedfd6b0d0f,CLEAR,DAYLIGHT,DRY,IMPROPER OVERTAKING/PASSING,2.0,37.0,2.0,2.0
0d45c1bd779e61e0e776b1cf51abcd0b9e46315e9c7fe56e5b051431bbc90a3a7c2cfbbf3fd1963e8f14ade39b3902e99c5c8580ac28c5a2b635d92c5fd27779,CLEAR,DAYLIGHT,DRY,IMPROPER LANE USAGE,2.0,41.5,2.0,2.0
0d45d264741c6d5a795baac3c18ebb52cdb7575b0be4852e782e9ebab649df02035aec80cef99e6263fab65d81297ac7e7fc5cb40c44997240a6dfbf3a27d600,RAIN,DAYLIGHT,WET,IMPROPER OVERTAKING/PASSING,2.0,26.666666666666668,4.0,4.0
0d45d272a6eea231939a0be6e8939b689be7545c7fe60feb5c3bc210048f71fe32331ea15fd02788b2eed8b6b2e6be44ff7ff41d6ce04ec3e2319988cf6f94e5,CLEAR,"DARKNESS, LIGHTED ROAD",DRY,FOLLOWING TOO CLOSELY,2.0,40.8,5.0,5.0
0d45e9f54e9bcc7e7bf42b209609686bc2afd4ac21f7b4394c529b9fdb9df5a37db80b46f155ad6d296d0b932dfdf9b205f16af8085e7001b2457ccd80bf3d32,CLEAR,DAYLIGHT,DRY,DRIVING SKILLS/KNOWLEDGE/EXPERIENCE,2.0,34.5,2.0,2.0
0d461cb49a82a8cf29f0081b4e91dec2411346c6ef2f2aae6e6c65eb0eaac6bd82d0dc74fd1b7e7d592c3bc188eaf3bcfc7ea66b8a7f1816d08c267ac2314b44,SNOW,DAYLIGHT,WET,"OPERATING VEHICLE IN ERRATIC, RECKLESS, CARELESS, NEGLIGENT OR AGGRESSIVE MANNER",2.0,53.5,2.0,2.0
0d463a9e0040f622ade0ba047bdbd4af82013438ab9e2c69a991e8759b624fff2d29fa034f23f965595a662cdc3469b81f35ad01f75399ac4e1922c0e0908ecd,CLEAR,DAYLIGHT,DRY,ROAD CONSTRUCTION/MAINTENANCE,1.0,63.0,1.0,1.0
0d46a269d03ba182f20532ab0ef28d933eea22dd66d5171aa208a8e39eb677ebf41cdd41b4df059fbfd31b5dbee58682f48d813344a2f39007827d63baf4b0a5,CLEAR,DAYLIGHT,DRY,FAILING TO REDUCE SPEED TO AVOID CRASH,2.0,80.0,2.0,2.0
0d46b6fe64391148597af58e73a711df8e5b9e0b8eefe96a908b351bb2fa8599efbf4349b7b608ba4bc51d9b5760f5224aa5bcb788af3f7553667f235b88a995,CLOUDY/OVERCAST,DAYLIGHT,WET,FAILING TO YIELD RIGHT-OF-WAY,2.0,32.333333333333336,3.0,3.0
0d46c7a50ba4f277ead2efdd6681fa79c85deda044366e1de5e89bed67386636f9ce54a24b5c2eb8d540fcb7814581db2b6ef32b4daa1afc8136ad67134ec47f,CLEAR,DAYLIGHT,DRY,FAILING TO REDUCE SPEED TO AVOID CRASH,2.0,35.5,2.0,2.0
0d47553363c4213da1ca5ba2db2b4d781037558324eb9a0e1b50a63dfa5de03a94c73e04163f877da24444c5d5e5e0bc73b08a4e7c3984ddf29acf3fe562a7d8,CLEAR,DAYLIGHT,DRY,FOLLOWING TOO CLOSELY,2.0,37.5,1.0,1.0
0d475a3328c7adfb389c8f26cdfc6d0e1f7c4b6528a7b31505afdd27852361b800a2eef3599993411d040eb16ef372a6c5682280bbfc96958e7f81676441b447,RAIN,"DARKNESS, LIGHTED ROAD",WET,FAILING TO REDUCE SPEED TO AVOID CRASH,2.0,32.0,2.0,2.0
0d475a8d26e36c3bab00b6ceef302b3231fe0fbee6da3b02bcf0b4c02ca08412c9d9efa44d79eecca95f0a2c2e352a6f37e6527f5197ad404116317e5e4d9b59,CLEAR,DAYLIGHT,DRY,DRIVING SKILLS/KNOWLEDGE/EXPERIENCE,2.0,46.5,3.0,3.0
0d4760235d9a85eb2643cbf338ee6a543e375fabf02af3e90b0b16e333dc7055e288e62cf3696e57a2d57dadfcb23a55f07c99b893c2c616b706647f728879c4,CLEAR,DAYLIGHT,DRY,FAILING TO YIELD RIGHT-OF-WAY,1.0,61.5,2.0,2.0
0d476df5579167313aad0af126692c731bc60d45558753a2585c386d4c2480c112a31a975e04c0fac96be6044c9c2249114e747bbf730267d603a99ed26eab4d,SNOW,DAWN,SNOW OR SLUSH,WEATHER,2.0,52.0,2.0,2.0
0d478734d1b9fd62c5079413ee8fae3b8604da0de7d94ac6f9d7b829b2b7c32372684be42eeb02325ffbb1975f6fcde1edec763b8316a3061c9066092c2e35b7,CLEAR,DAYLIGHT,DRY,IMPROPER LANE USAGE,2.0,47.0,2.0,2.0
0d479d971bc9db603576a7a80b241287fccbec0dd05a89fe6a0d8c673f26100cdf13c6fca497779d522c5117f653fd398016b8175abd81cac7ca4af71f476d56,CLEAR,DAYLIGHT,DRY,FAILING TO REDUCE SPEED TO AVOID CRASH,4.0,13.5,2.0,2.0
0d47c704d5cd0e8aeaf0394c78d7101017878940bbd901cd373f553435f48720485c6307a51d8d33d45a53c23a5a836a57b28e25ec25124a118d776bd11be15c,CLEAR,DAYLIGHT,DRY,FOLLOWING TOO CLOSELY,3.0,37.5,3.0,3.0
0d47d691ef5cc94dd97e3e3a4ce3b722667f821346bc551f82ed1841f9bfceda65d62ed8fc57eb5b55d9ce5eddac507fa103bfedbab32a69cd2c577beb448c6e,CLEAR,"DARKNESS, LIGHTED ROAD",DRY,DRIVING SKILLS/KNOWLEDGE/EXPERIENCE,2.0,60.0,1.0,1.0
0d47ed5e8e0a4ee44b82099ba77260ad8f7671e0b46383f8867713db39892f2ad67e797b6cb5779c9301ab341820552240f622c801cdfcc947c0df3239c5e914,CLEAR,DAYLIGHT,DRY,IMPROPER TURNING/NO SIGNAL,2.0,38.0,2.0,2.0
0d480f44208aa0fcea1fcfea42bfc864891fbe79e7a861bd431f3a18cb4c6f7be2ee66a41b4c885786f9526d7a705c0e46fc4574c96cf5bc24e868fe5737d706,CLEAR,DAYLIGHT,DRY,DRIVING SKILLS/KNOWLEDGE/EXPERIENCE,2.0,27.0,1.0,1.0
0d481ae400ad6bcd6ad6905431be0894f2cd0e769b1da6db001c8078cc5b56322cc5a0ee866ea031f0482cbae250fd3423aefb8afa4c0ad7fd69a68cb9ab4fe8,CLEAR,"DARKNESS, LIGHTED ROAD",DRY,DRIVING SKILLS/KNOWLEDGE/EXPERIENCE,5.0,21.0,1.0,1.0
0d481f3a07bf0958995dc61b3531807631de0d73b6c5731b40fd16bee8714ef9fcbebb2d8ff909f2bcef0cd3959e85d41c316b3ecae3e8c799e23883652861b3,CLEAR,DAYLIGHT,DRY,DRIVING SKILLS/KNOWLEDGE/EXPERIENCE,2.0,35.5,2.0,2.0
0d48508b9c305853e605d1d4ec01dbe350a430f1a12c6ed5bd27ad1cb9c2e1bf9dd63d007afa766d42efdedc5a64eb4606e9c4dd50c9d7ef57b2bb2a25684e86,CLEAR,DAYLIGHT,DRY,IMPROPER BACKING,2.0,0.0,2.0,2.0
0d48e751c04fa86a8053108fa984c686f1a15eff4a1d63b6f8661aafe58759c842276d237efa9fad07626df1bc22edd63beee7fa6bca3a39ff10e20c81e2437a,SNOW,DAYLIGHT,ICE,WEATHER,2.0,42.666666666666664,4.0,4.0
0d48e9cd81f383ca04ffff9681da4d0f09b7dea57a251cb8a62657fa8eb8baa6eab29f63e73168a79f278e4c0a770740d54d69ea093fc64d7cd4918cf6de02de,CLEAR,"DARKNESS, LIGHTED ROAD",DRY,FAILING TO YIELD RIGHT-OF-WAY,2.0,21.0,2.0,2.0
0d490a94611bee5c5c070e3b3fa03fd491595788ea0878356c9b17aa2bfca5525994d14267e36be250551c303f55cdd0ef0b726962c29a9d3a14725e69867a49,CLEAR,DARKNESS,DRY,FOLLOWING TOO CLOSELY,2.0,23.0,1.0,1.0
0d491719dbae7fecfb625e952401fd2929a7e3e08708fe017f7bc067945f4479342f70b0e4423f6bc7e1db0c1167f133d0522114142453458aa19e318192e64e,CLEAR,DAYLIGHT,SNOW OR SLUSH,FOLLOWING TOO CLOSELY,2.0,51.5,2.0,2.0
0d492300b721db89e766bf5e309b3e5cf6001203d4c50e6c373330e39a5d26918a5427350e5effc443ff1c314d0a60e988557534ceb57d0155b58f0c97b2a1dd,CLEAR,DAYLIGHT,DRY,FOLLOWING TOO CLOSELY,3.0,24.0,5.0,5.0
0d494823f3f7d95f1b5b2d019c6a57b71413a749e239891d1c7a17c639c327d46c5af719fe609c086ec73f47e59f70fdb59e113a594796ba1e6eda75c0a2374f,CLEAR,DAWN,DRY,IMPROPER TURNING/NO SIGNAL,2.0,47.5,2.0,2.0
0d4959a5fd89878ad6248ea7c2dee0797ce8dc1e6ed3c7a3eb1fa99587ab52a3eb9aae1798b892e9402767d0d5ac2a291e777d92a5a084461eca4040130a5746,CLEAR,DAYLIGHT,DRY,ROAD ENGINEERING/SURFACE/MARKING DEFECTS,2.0,46.0,1.0,1.0
0d497f5316c697281d2ca94b5168aae2002b4edba23e0412c64ee8c9b31a411de119113a4b2f5dce6254debf605ec3019e2a05b251d4eb8e0e055e04a8d28401,CLEAR,DAYLIGHT,DRY,FAILING TO REDUCE SPEED TO AVOID CRASH,2.0,37.0,2.0,2.0
0d498ef3be9464460a97f41fc9fde9a4c66fcd88081e155a418ef1cccbc772a190e98f8f3582f189c76d229adf4c4570d756b27fd03811a02144063fba991c5d,CLEAR,"DARKNESS, LIGHTED ROAD",DRY,FAILING TO REDUCE SPEED TO AVOID CRASH,2.0,43.0,3.0,3.0
0d4995cb56d316e51e9ec71a315f334626b92e9ab5a1a58216ff0dc217cf9aaba64f623f4c1937afc8048c53394651e8ac087bc215923b0acbba76a728665b25,CLEAR,"DARKNESS, LIGHTED ROAD",DRY,FOLLOWING TOO CLOSELY,2.0,28.0,2.0,2.0
0d49ae593bde967e6278bae5c2ff5dac13fb2d7958b0b2715224543bbd3913615110ed82da5ebb01cfe8a162597017cc9153eb59f4d7933eab1e0737dd5ae627,CLEAR,DAYLIGHT,DRY,DISREGARDING TRAFFIC SIGNALS,2.0,48.0,2.0,2.0