crash_record_id,weather_condition,lighting_condition,roadway_surface_cond,prim_contributory_cause,total_vehicles,avg_driver_age,total_people,total_injured
0d49b1613f4bbfbe26baa659b4cad4f1b33d62a500eeb7eeb0e3cb7061403b1cb53cb8a93631cec7ef9b0384dddacd740dd1411b3ac7c25ab8003c6b75c7d41c,CLEAR,"DARKNESS, LIGHTED ROAD",DRY,IMPROPER BACKING,2.0,58.0,1.0,1.0
0d49efdd360aeb105aa844ea5b101cfc193ac8d3b988cdb7b5559d7eab13e03bce89ac70791e9e63920c9a6f5feaf9c74743d2b0280c387bc1427f75fbf52851,RAIN,DAYLIGHT,WET,IMPROPER TURNING/NO SIGNAL,2.0,27.5,4.0,4.0
0d4a071ea7e15bca70e9776f4e79976c3f95a56358afd0434b4ec66a194029cc1ba19e544eb99364a0d8f7c93d2f50f8cf79140ad73c63b334a28926a98ebfce,CLEAR,"DARKNESS, LIGHTED ROAD",DRY,FAILING TO REDUCE SPEED TO AVOID CRASH,2.0,23.0,2.0,2.0
0d4a11f0722bc8464ae99121497bee6deec7d4e57159ffeb670e7dcdfd1ad9830b86b2c97289301e755195440420ad1bd640637b45e273f564975c72e8d271cc,SNOW,"DARKNESS, LIGHTED ROAD",SNOW OR SLUSH,FAILING TO YIELD RIGHT-OF-WAY,2.0,57.0,2.0,2.0
0d4a41b0db867770c16a4a256b01be4e6cdebf235436502f6d4c166e758739ab2fe41b0f155a702b17a2c7dab60a582cc3b8076bc0b27254b66efe6fb6ebc465,CLEAR,"DARKNESS, LIGHTED ROAD",DRY,FAILING TO YIELD RIGHT-OF-WAY,2.0,45.0,2.0,2.0
0d4abad9c2e8004d767d859b3aa6ce2aa7e1249abddc6824145f79699a247597fa3ebd31f301f91232f7e6d9242af89bc4c6631d194387351e4abf15b07b7192,SNOW,DAYLIGHT,SNOW OR SLUSH,"VISION OBSCURED (SIGNS, TREE LIMBS, BUILDINGS, ETC.)",2.0,35.0,2.0,2.0
0d4acd1b5439aedd3d4274d848235940c5aedbf88043dfd211aaf9fdccd462dc53bdeee5fa8d49e18b8e60eabbacc67c07380633bf8aebbb98c20f9e8b760a16,CLEAR,"DARKNESS, LIGHTED ROAD",DRY,FOLLOWING TOO CLOSELY,2.0,32.0,2.0,2.0
0d4af155bea1cb3b38b1b783f644394391f82a9dbb94a928c59181d6d03515f1667f9fbf801a81078717f6e00d5ea93c01a7db06c300bfd6f0140878661aa6aa,CLEAR,"DARKNESS, LIGHTED ROAD",DRY,"OPERATING VEHICLE IN ERRATIC, RECKLESS, CARELESS, NEGLIGENT OR AGGRESSIVE MANNER",1.0,28.0,2.0,2.0
0d4b75c4079dbef350aa7be01c3b06df6d88a049bf0631780046ce94097add467dea5d68060c3f069afd65d2721d5e66916c4f861f41c724d56e603e30707cd4,CLEAR,DAYLIGHT,DRY,"OPERATING VEHICLE IN ERRATIC, RECKLESS, CARELESS, NEGLIGENT OR AGGRESSIVE MANNER",4.0,37.5,2.0,2.0
0d4b8fe6f2c0580064f272cfeea68195466c65aafd53bdb5fbdd6189e0e3278890d28c088ff356a2b53888c2fe7c25fabf76e5971c74c493fbf4f4fbdb869f83,CLEAR,DAYLIGHT,DRY,IMPROPER OVERTAKING/PASSING,2.0,29.0,2.0,2.0
0d4bb8da95c4a4dc175f556c24b3a4f6143593420d44c0879ab3fac057cd2ed8844fcc30f40f56b64bf772cbc4b4e2a64bb923ad2d9b1ad64d1c53147b256c3b,CLEAR,DAYLIGHT,DRY,IMPROPER TURNING/NO SIGNAL,2.0,46.5,2.0,2.0
0d4bca6c4c817345f9ae7d3f718fd16e8fc1696472a1eda010a764c73b38f82180ca4f11a898a5a02ab9857261f95723f4e03d2e37b89e12956380a0ace918fe,CLEAR,DAYLIGHT,DRY,FAILING TO YIELD RIGHT-OF-WAY,1.0,33.0,2.0,2.0
0d4bd006227871b3e7cd90f1ac012828ba0797e9e85b4feba46027cfd5a4160e881a2239d6a67f4441205263ab1f372e6ff0ee4c66055a2b36852a94f67eb4cf,CLEAR,DAYLIGHT,DRY,IMPROPER OVERTAKING/PASSING,1.0,37.5,1.0,1.0
0d4c30ab7a365491f37034c061d1889e1e69e0426ce0635e8d3ded7b0a4a7951beef53944f50254be80c51835e675c86d7045b1f1f43ce57381f3e0b49c1a604,CLOUDY/OVERCAST,DAYLIGHT,WET,WEATHER,2.0,46.5,2.0,2.0
0d4c3ffa3849a8a80bb9406e0fe89300ff05b4d3ecf59d221ada4765d7cb7ad10b877b89000c080680b0a0780ce0a68e8045fe48ef0a7b9b8291902d2c37e29a,CLEAR,DAYLIGHT,DRY,FAILING TO REDUCE SPEED TO AVOID CRASH,2.0,35.0,3.0,3.0
0d4c553a00ee8b0a162a6facf20014451fadc05810a68be88e543517d46556c3c31db83b77ce1c4051339f9342afd1aeddb78e379ae276c15a1ec9969632c46d,CLEAR,"DARKNESS, LIGHTED ROAD",DRY,FAILING TO REDUCE SPEED TO AVOID CRASH,3.0,30.0,1.0,1.0
0d4c58d29851fb9efb0f0de0db5365b0189913bc1112afa41b6179c6c520bb5d05594e04becee04363f76b90cfc5a5d19eb79a4a5f559e91a5d9cf020d68a9e6,CLEAR,DAYLIGHT,DRY,DRIVING SKILLS/KNOWLEDGE/EXPERIENCE,2.0,0.0,2.0,2.0
0d4cb559f3fca500c27b62e87a5066cddafd3d98150bea74632c0f06f7087b5231ec9a93a51dfa5c70b4ec9b0f2571629d3c3d69efac20e560d99b27eebf899b,CLOUDY/OVERCAST,"DARKNESS, LIGHTED ROAD",DRY,FAILING TO YIELD RIGHT-OF-WAY,2.0,42.0,2.0,2.0
0d4cc4181ff15cc1bf71729f2a4fa87ad4922d85f77490d263061d248dff3cda405cf6681af26cbbb974d4ff30c464fb8edbd1752dcc79c111f9e6fe683d78d6,CLEAR,DAYLIGHT,DRY,DISREGARDING TRAFFIC SIGNALS,2.0,25.666666666666668,3.0,3.0
0d4ce6d29af0b345d21e34c3b0646b99c0e7c7fc6e3287ab814cdd4c97c1ab4ee1b430df13f5a003cd05c4390a1c4e7247588d60065d1637225aa767f79d7820,CLEAR,"DARKNESS, LIGHTED ROAD",DRY,DISTRACTION - FROM OUTSIDE VEHICLE,4.0,23.0,1.0,1.0
0d4cea81940f5d736cc924d2f19bf050dcdcb79919ab4beb367243bf771077116b3d4214fb82501e8c9c0bda14274b1419e03a645bee369ab796d41454122f54,UNKNOWN,UNKNOWN,UNKNOWN,IMPROPER LANE USAGE,2.0,57.0,2.0,2.0
0d4d2404dbd5d8628cee74b5e2b9f2942ef4660c6339dbd24752ce0e63a3f86e966cdbdfef8da30c4057d48ef0f9d879b08d3c0844268c8e1e64a862bc6658bc,RAIN,"DARKNESS, LIGHTED ROAD",WET,WEATHER,1.0,40.0,1.0,1.0
0d4d4216d155c67cc54b80f220871ecc5c6503dbab83d4796f79d2ec2115ccb5dd0354ab59384fedabe248d4cf9c48cedaa663c26c63d1b3ff2a1e679e5860e3,CLEAR,DAYLIGHT,DRY,FAILING TO YIELD RIGHT-OF-WAY,2.0,43.666666666666664,3.0,3.0
0d4d53e56901e2bd2289c0a18348790fa6c23a6b82dd7a9a04cb45aa1d61234b9d52c5f191b3cbf4f91f9a692be30d989572cb75a4003abd58dd07a4c29b89a4,RAIN,DAYLIGHT,WET,FOLLOWING TOO CLOSELY,2.0,33.0,2.0,2.0
0d4d53e9b5db0e380b913bdd5cd379fde47a0e1b1ec3ba535ae1eb2f324cb0a835752f7310acd33ec07e89927e6b297ff584f1c942b0fbef7492b7f036224233,CLEAR,DAYLIGHT,DRY,"OPERATING VEHICLE IN ERRATIC, RECKLESS, CARELESS, NEGLIGENT OR AGGRESSIVE MANNER",1.0,71.0,2.0,2.0
0d4d6fa10398ee292391e7ddd3c9773c66cf59c75850209a1fbc61d1aa7484b8c9160efe55d7edf0d4f89371f77965610377ed07030adc106bcdb50955bc0621,CLEAR,"DARKNESS, LIGHTED ROAD",DRY,FAILING TO REDUCE SPEED TO AVOID CRASH,2.0,31.0,2.0,2.0
0d4d9931d1ebc290e6e4473566acf889490c77df25315434929e826a1f1849c505362560a535dd8dfe3b07634185ec09c5a27483b48424a60c50d8e9d0563276,CLEAR,DAYLIGHT,DRY,FAILING TO YIELD RIGHT-OF-WAY,2.0,65.0,2.0,2.0
0d4dcd9eb9193daa01526c40fdc6c40963fc676363584909c98b46b1b46afd34f1adfe2fc5aa12cc0b7dbc61a7f8f8dc8780cf1455b04af2ebf2836e83323dd8,CLEAR,DAYLIGHT,DRY,ROAD CONSTRUCTION/MAINTENANCE,1.0,27.0,1.0,1.0
0d4dfa4f3a8a7a81e3a7e63e69209e67e4440258c68b97b3ff357716fbed2a89d77a423f61c153d0dd01b00ba6be3a402ce86b399558e62777a35fb542998833,CLEAR,DAYLIGHT,DRY,DRIVING SKILLS/KNOWLEDGE/EXPERIENCE,2.0,40.0,1.0,1.0
0d4dfd962fd433137e37dcb34a1f9c5d8006bccaa6292925a8ffaaa49cdb816aefa8bc4a476792e700498f565bf504f14f372529ad06d885cbabcc3897019075,CLEAR,DAYLIGHT,DRY,FOLLOWING TOO CLOSELY,2.0,39.0,2.0,2.0
0d4dfff933266a9037b38a424a13a5cdbe1f591a0b6c49b785a1d20a8177ecb195f032a0baac5ec2e389f53944a0b2ed8ac46697f09e6e89f71b557386d30e9b,CLEAR,DAYLIGHT,DRY,FAILING TO YIELD RIGHT-OF-WAY,2.0,25.6,5.0,5.0
0d4e0ad6784df5a5d1b3629e4c00e632def77e7d7c3bc7521d546380e3816faaab294878a285ef61b9b85dee62181fd51bb9868a7cb6b21ac25e2b6d07e2e742,RAIN,"DARKNESS, LIGHTED ROAD",WET,IMPROPER BACKING,2.0,22.5,4.0,4.0
0d4e1453c415f734cd7f57a0db2446b67f7897ade7e63663ddb157251039b1f3d5e3232b20edaca46018d9fbab0d8864c2ce8dae8dd78276f7a4a0d4734d1c9a,CLEAR,"DARKNESS, LIGHTED ROAD",DRY,FOLLOWING TOO CLOSELY,2.0,0.0,3.0,3.0
0d4e391e78a9f6e642c2d3fe10cd4b4d40ff9eef673f6a749a90ceb221b80e91f4b27c613f19ed2a11bfd291771b6bb06548cfe882252bc4fb9ace5e56bda6bf,CLEAR,DAYLIGHT,DRY,FOLLOWING TOO CLOSELY,2.0,35.0,3.0,3.0
0d4e4b9622a72eb10b3229dc2f87c3cc3b6b066463c1501869b0dec3f9bd0a49802b3a16b6f1b43bc6f047f9c54af8dfb1d4c1219cf53dcee856bc3c229d80a9,CLEAR,DAYLIGHT,DRY,FAILING TO YIELD RIGHT-OF-WAY,2.0,26.5,2.0,2.0
0d4e69cfa747c620a180ef91a7799bd271dc91959ab40ba770516a15c7381c325f2a78cca31ce4484b90bd7d84a7436bfd0c23da533ffa7848e8103209475d09,CLEAR,"DARKNESS, LIGHTED ROAD",DRY,FOLLOWING TOO CLOSELY,2.0,26.5,3.0,3.0
0d4e731b3d86cacceed8d67a0e873d2e7e7ddc33d14c862c34eecb60baffe822c2e8fe20f39f874aa18109165f168bb9bacdc05f9d72fb99afbc0b2a2bcc8368,CLEAR,UNKNOWN,UNKNOWN,IMPROPER TURNING/NO SIGNAL,2.0,24.0,1.0,1.0
0d4e73724af1c07e701fffe02cc5ab4745e8c0a64dbacd7f2831dbcf1cbc0ce1bf01f8d092b8204cdd41b8b98be9f8b15fea18ed31261dcfb586d07ca0bdbeea,CLEAR,DAYLIGHT,DRY,IMPROPER OVERTAKING/PASSING,2.0,21.0,3.0,3.0
0d4e738a2a1b42287feb99a744c19586b8ed60cbed8ea97d18e0139322dbcfb9c625f25f465da4eeeaa56aebec9f460bf516453ba63ba403a3c82db671caf818,SNOW,DAYLIGHT,WET,FAILING TO YIELD RIGHT-OF-WAY,2.0,20.0,3.0,3.0
0d4e947827b6c41ccb3afc7ef1237ecd50578188f42dbaf760262c9feb48eafe90b9ca7a45b1de2b5919684056a5c75391fe2a607689adfc5b3a8e000adff59f,UNKNOWN,UNKNOWN,UNKNOWN,DRIVING SKILLS/KNOWLEDGE/EXPERIENCE,2.0,38.0,3.0,3.0
0d4eb125a94e4bda341a1ee20acc390064f4cdf0942d82626ca5d24930def67389c3f76f816d63f02cb0d6f32919daf3f7664984f99e69866fbff5c77c436d71,CLEAR,DAYLIGHT,DRY,FOLLOWING TOO CLOSELY,2.0,26.5,2.0,2.0
0d4eeafd765cc537a4afe19baaabd9005ab65760326971c9f722a21cfbb5b5e6305678913efcc6c820c429623ed9086e1b789aa56110ff4b1be968d9005de009,CLEAR,"DARKNESS, LIGHTED ROAD",DRY,DISTRACTION - FROM OUTSIDE VEHICLE,1.0,34.5,2.0,2.0
0d4f18897c804d098670cc4d046f3288a186548b87f0edfc366b13d34042c1e6596473c4a56bd5dfd3615110d892ada0695b4f4c1ff642b618203e5abd0520a0,SNOW,"DARKNESS, LIGHTED ROAD",WET,WEATHER,2.0,21.0,1.0,1.0
0d4f2367dcdfaff02459124dfa629f9ff334d788a92af7f602de5457b9dc976a9beae5d840b79f893ff715a220110230f6c566e7e774f190f552321d47ba9af8,CLEAR,DAYLIGHT,DRY,DISREGARDING STOP SIGN,2.0,39.0,2.0,2.0
0d4f47464ad08af3e34b3333e52d7a7f5e3648481de849866b95a33bd9adf75b386b54f87b8b3b6ed1f5e3bcc45a5700f2f1562db0d1012602da1d6c867c945d,CLEAR,DAYLIGHT,DRY,FAILING TO YIELD RIGHT-OF-WAY,2.0,39.0,3.0,3.0
0d4f49f20309d66a8f194b64e0353f5809e3bc07b71519ebe3274ae6c123f3fb2ff28849851d056a4847ccdff40b0b9d07b85c4ff52ae9ff98c56c7f82d5da6e,CLEAR,DAYLIGHT,DRY,"OPERATING VEHICLE IN ERRATIC, RECKLESS, CARELESS, NEGLIGENT OR AGGRESSIVE MANNER",3.0,44.0,1.0,1.0
0d4f61b04fe3ac2ae06ca2b3139da9df77d73afd237b8b7429ca9d4f92335fdc8c77f9dabdb72112a10de1f7737bfe088e8d513221989a69ea801e3f898db39e,CLEAR,DAYLIGHT,DRY,IMPROPER OVERTAKING/PASSING,2.0,71.0,2.0,2.0
0d4f81c8abad7446a743decd0197abec2aea7d139fed9210ba5ac2cbb82482f7eb52b48017057f71104211efd8f1d12595bd7d34d1bc800e0ee2fe05d99f4d0a,CLEAR,DAYLIGHT,DRY,IMPROPER LANE USAGE,2.0,65.0,2.0,2.0
0d4f88a5b5996ec7b023acde94ace84c7b89e411c51e068664c358afaa520abcaf3888e5916cd01c4ee40f409c41f7a078fb04c3c7cb7cfb535247e663623a18,CLEAR,DAYLIGHT,DRY,FOLLOWING TOO CLOSELY,2.0,55.0,4.0,4.0
0d4f8e79279bb8acf48063bbc36c81c1d52f5fe5a3b8c8dda709bcdedb29f5c34f4c9f450e408663436d65cd580b9c6085480b0cea0eef62d325856e80a1064a,CLEAR,"DARKNESS, LIGHTED ROAD",DRY,FAILING TO YIELD RIGHT-OF-WAY,2.0,38.5,2.0,2.0
0d4faf2db1a70bf1d8e246d6fca1215ff79df51a0a76f0511a39c1df29f1d0316cf8b974279a8e5990533f47ae85f8f29d84056b79c3153017e44bd4590edc91,CLEAR,DAYLIGHT,DRY,DISREGARDING TRAFFIC SIGNALS,2.0,13.4,5.0,5.0
0d4fc1e7fb3960e3a48d6f3cf8b37a74bc366e8da2bed197bdc7b1ebb60a0c985f4025a291a1da4c4f475f7c1e4e38ebba10fa4f57c459aa48990c3853a17d74,CLEAR,"DARKNESS, LIGHTED ROAD",WET,IMPROPER OVERTAKING/PASSING,2.0,43.0,2.0,2.0
0d4fc775bd9ce7e1df6a4f7afb1efde11454bf8d6f6fb8abd3ef59f7cec37b9d8ed6f1446356f3ad707b997eefea95ca3ef33b5c7a83c22582e79df08e183e2e,CLEAR,DAYLIGHT,DRY,DRIVING SKILLS/KNOWLEDGE/EXPERIENCE,2.0,57.0,2.0,2.0
0d4fe8eba77b403153ef6b8bd8613750aeb35873229db367eecddcc4de09222d735e40f4fb9e4046ebf4c45c3b33c61268428540c155d512ab8fb166ba8d7788,CLEAR,"DARKNESS, LIGHTED ROAD",DRY,FAILING TO YIELD RIGHT-OF-WAY,2.0,37.5,4.0,4.0
0d5017112de488b767402393576fa05887da1c778465f448629b53d07e5da2619bde7cb035d6210bee6d3720661d0b5a612c8150b4db91641e102b7b5dc22fd9,SNOW,DAYLIGHT,SNOW OR SLUSH,FAILING TO YIELD RIGHT-OF-WAY,2.0,47.0,2.0,2.0
0d502e2374c96ea9b3b5ce112c54bc712e3946f4b2757f2770d16ea9cd85184dc79382bec265157bbae48415788ad7a1c489c1aee6b035720a58948ba07fb253,CLEAR,"DARKNESS, LIGHTED ROAD",DRY,IMPROPER TURNING/NO SIGNAL,2.0,58.0,2.0,2.0
0d507fdc7291c593a7c83f5b8b2ddaaa75b3bbeac5686634828b306ac5532772192543819a12f271bfc3fdc22b0fa00456aa15b97676c7c5de19a449e1365e02,CLEAR,"DARKNESS, LIGHTED ROAD",DRY,IMPROPER TURNING/NO SIGNAL,2.0,58.0,2.0,2.0
0d50a772bd1665e6f4f84364045536ccc21f9f5df691c01ff0403188f3b9b8a6b2d29b02d74848e5dcf9f00b4025326870b1a58acd9d77078a3cf6c975010523,CLEAR,"DARKNESS, LIGHTED ROAD",DRY,IMPROPER OVERTAKING/PASSING,2.0,20.0,3.0,3.0
0d50ac0ba64d92bf152cc878088a17db7281eb83c5ee66c54a528d2bf8301d80f1ba5aafd865c6dc55239187b264f2e996bcfe6e06c1f67d957590049bb8e1cc,CLEAR,DAYLIGHT,DRY,IMPROPER TURNING/NO SIGNAL,2.0,41.0,2.0,2.0
0d50fe54f86e15c9fdfae868b9bea3e280944548b6f825a3fb8bb1d1d94dba16ac179024ffc8699a044e653f2ff6dff736347455fc6afe37ff81b440c7d06073,CLEAR,DAYLIGHT,DRY,UNDER THE INFLUENCE OF ALCOHOL/DRUGS (USE WHEN ARREST IS EFFECTED),2.0,61.0,2.0,2.0
0d516a88a22d8149e395af58aa49294f5f2b7355e3b650ff892b27d51f4cfa55760f9dbc89fb4d530dfa4dae58c8783ccce8c075845465ca0b34744a0bc28290,SNOW,DARKNESS,SNOW OR SLUSH,FOLLOWING TOO CLOSELY,2.0,28.0,2.0,2.0
0d5191bc5fa3668a38b07ba2f14c0b58da9b147dfcd009b439325fbcdeb3d8f94f0d4d1145af4d187805ed43a18ab4ea6162e595a68d97e61a5b8c4b3244a6da,SNOW,UNKNOWN,WET,WEATHER,1.0,41.0,1.0,1.0
0d51a6ff396a00e63eef9fe1f77ac4ae90cd6333d666762d8b7f997a9917dfc3b06875e157488ec41dfe4e200ca7ca1c99c0cb183c6971f781c58f3e3851d70c,CLEAR,DAYLIGHT,DRY,FAILING TO REDUCE SPEED TO AVOID CRASH,2.0,23.5,2.0,2.0
0d51d95d52fc8848c018be961c4d4fdf70a81071d08e93ec00c68d9e448e9086288e3522b99821e48265c9187d1928d14ca4c43daf4ddfddd01421e533c7f0ba,CLEAR,DAYLIGHT,DRY,IMPROPER OVERTAKING/PASSING,2.0,40.5,2.0,2.0
0d5275a05b1eb5ae1d4722a0e1141a5eb6bea4fdae8b7441c758dda77be969a0f0ddadbee896091d782c94251b265f87212a481ada19aceb1ae87034c7ed5495,CLEAR,DAYLIGHT,DRY,FOLLOWING TOO CLOSELY,2.0,37.5,3.0,3.0
0d529ecc9c052d0b63da37eab77830acb435bf98d0d651bea69983a95e70c07c1aa1d394ef8ba59b37a4c43dc9317db6db9c97ff3883004183e524b5cd619255,CLEAR,DAYLIGHT,DRY,FOLLOWING TOO CLOSELY,2.0,27.5,2.0,2.0
0d52ddd3cd4d8a72d107759e5002aaf2d69c5f863b6e5cb03f174260e75abc14d85b5bff4663edc1d375706147b125347776b7603ce96ad0064e3afc50e59c0d,CLEAR,DAYLIGHT,DRY,IMPROPER OVERTAKING/PASSING,2.0,41.0,3.0,3.0
0d52e6f921e4582d32576f6f7b10c2af43eebb7665bee06c655d0378d8f3cfa65740e791e48f6d2f7478e9da4ec4e84bf90f435b10e76252dc500952fd86b7f0,CLEAR,DAYLIGHT,DRY,DRIVING SKILLS/KNOWLEDGE/EXPERIENCE,2.0,65.0,1.0,1.0
0d53195010beb4ecf381853763dea5cb7375c1105ec1a3cd9690f6aa113eb5894f8ff2435e89f8d085edd2a5eb8c9aadd0c790e93ae60ca1af45bff6cdd926b1,CLEAR,"DARKNESS, LIGHTED ROAD",WET,IMPROPER OVERTAKING/PASSING,2.0,60.0,3.0,3.0
0d532731bf67985610a666967a6a99853bc04f63867845e0109cd407565da07d159e4aa94d264096f59f7043d5695a254ae1e7c3eea4d0016b29d09cfef7dd09,CLEAR,"DARKNESS, LIGHTED ROAD",DRY,FAILING TO YIELD RIGHT-OF-WAY,2.0,41.0,2.0,2.0
0d533bf5c1d6e081ebadba46cb4dd8c84ba279585f29b84295036337109bcbe448f774c8575bc6acbc51587655a0aaeadcfdada7e1eae362e792726fe48eb270,RAIN,"DARKNESS, LIGHTED ROAD",WET,FOLLOWING TOO CLOSELY,2.0,28.333333333333332,4.0,4.0
0d5341a7feb2506346e19b23ad54a64b357a57ec463d0d8af08c4c8486071539101e25cdba330119722933dc02bac36e3b6fc86a8eee2af113ebc16ffb3997c6,CLEAR,DAYLIGHT,DRY,IMPROPER LANE USAGE,2.0,21.0,2.0,2.0
0d534a0a8f7c22cee948930291ceceddefbfb5c48bd33ed37d68c4c020254dfcfac0e4f54c15ebf54082b06ba83a0d867baf1044298dd492d89b09bc085225f1,CLEAR,"DARKNESS, LIGHTED ROAD",WET,FAILING TO YIELD RIGHT-OF-WAY,2.0,23.75,4.0,4.0
0d536ec3eccab2a48bf2e3040b7aee3317e4ea8290d5df2c972e927817c5b2a2603c7d2475745d6d79a0d6459c8a62889bfdafdb122f80bfeaf780c0d6408687,CLEAR,"DARKNESS, LIGHTED ROAD",SNOW OR SLUSH,DRIVING SKILLS/KNOWLEDGE/EXPERIENCE,2.0,41.0,1.0,1.0
0d53941f1b41a737e07fe0d47a8302566c40fdb8183b0c809802809995a32ee753087fa1b468b5d1672419a4e3b8d7ff517546db1732f13c1db44ac9d5c6dcd1,CLEAR,DAYLIGHT,DRY,FOLLOWING TOO CLOSELY,2.0,38.0,2.0,2.0
0d53964c7abfb7940808ce3d9bc57a04e742b50f4461b191dc2a4067ef998575237344fe9e1f7326341f38d0718fefa53df9d0f6732ac24ed02840ef32a91c3b,CLEAR,DAYLIGHT,DRY,FAILING TO YIELD RIGHT-OF-WAY,2.0,45.5,2.0,2.0
0d53db923739e127d753254bb0e7bb9aa152080c9a0829771f3abc7566abd2e5c7c041c17222dc347a92338b96e4016f5762c90d124fb3833f28a270a0a51140,CLEAR,DAYLIGHT,DRY,IMPROPER OVERTAKING/PASSING,2.0,35.0,2.0,2.0
0d53e85d3b1537afd226ea810c6f779b91052c42173dcd51d83a76e960eb07202e0ffb2ca25fcb1ab94e2e8b4e1a80328807119fbb97d95152d827024073d8ca,CLEAR,"DARKNESS, LIGHTED ROAD",DRY,FAILING TO YIELD RIGHT-OF-WAY,2.0,32.0,2.0,2.0
0d53ec960d42a2d51879d3dc3814c2dac1f517b422758947765374330ad598f74f638c93da4c9d2ad8ab369d9b4edbad98917e1712731a8de416ece6d9fd396b,CLEAR,DARKNESS,DRY,FAILING TO REDUCE SPEED TO AVOID CRASH,1.0,37.0,1.0,1.0
0d53fcaf4af7a23de48217969825b9571e93a911e3e466af0c0590e0180bb5a17293e2e72e7a9f97f976791c9bcf684dd2a6c3e3e57d7222309eea0e4ec5cdc6,UNKNOWN,UNKNOWN,UNKNOWN,IMPROPER OVERTAKING/PASSING,2.0,55.5,2.0,2.0
0d543acff687e63d7b5fd01da8a6093353aea2ce261a1d9ba0421b5c0291c29ba7ddc162017392382870b757bbdd9eff0430964536ba53cf2f55a69a4daa4050,CLEAR,DAYLIGHT,DRY,FOLLOWING TOO CLOSELY,2.0,35.333333333333336,3.0,3.0
0d5441f99f42fa3e9241ad0a93d748723279344136edc100a2d7498b5997478eea636a293d1174fa955cba583077dbb2321699f227dd3b31b17d77d93dd34d9c,CLEAR,DAYLIGHT,DRY,FOLLOWING TOO CLOSELY,2.0,33.0,2.0,2.0
0d54629a8e5f5bb0ed5d7936bc367cab2a313b8ca0d572b273fa294464caf9d1731613c1a139c35f088ecfc3e052c00383004358d43ac154dd79574c80f913ab,CLEAR,DUSK,DRY,FOLLOWING TOO CLOSELY,2.0,37.5,2.0,2.0
0d546c2bed542c92b76476e61e060563bb8743c1dee253446457b04082e8b1c3835f4ee0d904e58b5c9f927e325b7bd5e4091e58dd1c37e8d94384876f527d87,SNOW,"DARKNESS, LIGHTED ROAD",SNOW OR SLUSH,WEATHER,2.0,26.5,3.0,3.0
0d54bb92fe821b2d3128ae701d1ca7ea323ae8e7c2f5a2aaad9f4cde2384c9a37553e86e0443b10778428f65e24530ca345e91efd073c828279f91038902de22,CLEAR,"DARKNESS, LIGHTED ROAD",DRY,"VISION OBSCURED (SIGNS, TREE LIMBS, BUILDINGS, ETC.)",1.0,41.0,2.0,2.0
0d54c720cc27c39b354c415cd2df3f3d157e7dcbbb863fea803e0e2961caaa2e14ecabfe484c7c31424e52e97e94fcb5d41ea06744ce80e95015933ae2ac7c5a,CLEAR,DAYLIGHT,UNKNOWN,DRIVING SKILLS/KNOWLEDGE/EXPERIENCE,2.0,25.0,2.0,2.0
0d5500733c147ea5dfad7b18c1dcef07968be1b5240e53fc15b9078f9fd3d10cd301f4354990dbbea3eb144654d560e20722c9ad3c59a1781957209bd1ccf22c,CLEAR,DAYLIGHT,DRY,EQUIPMENT - VEHICLE CONDITION,1.0,36.0,1.0,1.0
0d55cf22be1714ec86b459b3b674d50a322266afd8934becf8d2784c1ad801ac5fb54a3a7f9e1dc9ec54b0201de7d420be2c7c993dfd72c1ee4797b58f6df7ed,CLEAR,DAWN,DRY,IMPROPER LANE USAGE,2.0,29.666666666666668,4.0,4.0
0d55e91b575f7c50470f7f67362c73d42f3a9a77d8e55e224bc1ab66a2150c2d110ee9589634f6f1db512b03eabf0c9174424b0f28fa30fec2a1bce91766940f,CLEAR,DAYLIGHT,DRY,FAILING TO YIELD RIGHT-OF-WAY,2.0,70.0,2.0,2.0
0d55f39fb386801b0932a51feb6a548791693bf435e8d604eec2f436a94d1aa31e19611aef36273fe4e9c24f532d6968d3452c05dfb65d7ee48ff248b1832ea7,CLEAR,DAYLIGHT,DRY,DISTRACTION - FROM INSIDE VEHICLE,1.0,10.5,4.0,4.0
0d560322f204bf5617c8460626b5ff2e68748098c378f65514b8476eb404426d0f5ff8d1bdce52c6783907a3ff59a82233476b79ae00ce8c33b29dde8875ee40,CLEAR,DAYLIGHT,DRY,FAILING TO YIELD RIGHT-OF-WAY,2.0,47.0,2.0,2.0
0d56190ce9abe7a146ed3416b7c798bc329c7f344cc13e5afe8e1d24441707569369d915bc7be63d4aa487cbf0007c23148ee93a6055772d85b3154c584bd60f,CLEAR,DAYLIGHT,DRY,FOLLOWING TOO CLOSELY,2.0,40.666666666666664,4.0,4.0
0d561cdba0135c64f939776f4c4c8cc9718d6a8e0283c0474705ee452afa5ceff4cb33fb65406d4875e5200c6795d6cb377b722c52588d48e9f46cc05b59b827,RAIN,"DARKNESS, LIGHTED ROAD",WET,FAILING TO YIELD RIGHT-OF-WAY,2.0,35.333333333333336,3.0,3.0
0d564100ee989cb5789d885254d5cf0998ac0bc1dd13cf7ba0b26cc241de02f4a0f2fe43a572fe65f2f00084891589e6a19cfba088abd346a20055e55ca5b023,CLEAR,DAYLIGHT,DRY,IMPROPER BACKING,2.0,30.0,3.0,3.0
0d5659cffa5120a91ff78a539ef147c760f4904356fa0a1bfafe069b8e02f7730125900019b7ff56808014e4c94a637c347201dab549b81d2ff34d1b73935811,CLEAR,DAYLIGHT,DRY,IMPROPER TURNING/NO SIGNAL,2.0,34.75,4.0,4.0
0d565ff78379aa590b74f935e827055674ad0c2c404597bb43eed13006f570d4802e22e91a92935d884b3e20ffc7a4d5f604983a156a1f9c98f340771efa4489,CLEAR,DAYLIGHT,DRY,FAILING TO YIELD RIGHT-OF-WAY,2.0,51.0,2.0,2.0