crash_record_id,weather_condition,lighting_condition,roadway_surface_cond,prim_contributory_cause,total_vehicles,avg_driver_age,total_people,total_injured
0d5667c78709881a6dc1f4591e7371da1c77fbfd2df56f6e47b9e4bf3156f661c9b96f208e90a33c53b7ea8ac7ec3b2ee7a69fcf1d42205d2df8b2b1c9535995,CLEAR,DAYLIGHT,DRY,FOLLOWING TOO CLOSELY,2.0,27.0,3.0,3.0
0d5668009e0913708e49217897d372c9df561b13db5958335db3a7581d6c5e6ef01f8b08d9afaa1971e4dfa33066274bb0d575d4dd483df750bd665e41d944d0,CLEAR,DAYLIGHT,DRY,FAILING TO YIELD RIGHT-OF-WAY,1.0,51.5,2.0,2.0
0d56850496d656639daa6df34e278fc8fb95128e6c89b18b875d796e16cb0292dbf07bd2cfe42fa59ffcf27067a7b8a9259fdafe609fdd33db5453b641085d2e,CLEAR,DAYLIGHT,DRY,PHYSICAL CONDITION OF DRIVER,3.0,19.0,1.0,1.0
0d568ee01479965624658e9177d460b765a4e000f3e1679ea97ede9464a0be87fa7ab22544a5d19d4c6e19f57ef58f9bb1e3a799a96407b2331af5ad956f4f7e,CLEAR,"DARKNESS, LIGHTED ROAD",DRY,DRIVING ON WRONG SIDE/WRONG WAY,1.0,27.0,2.0,2.0
0d569187e693cb2209045ab18b9f70a56b320667311737221c9ec2da358ce735c9663014989803fc372654b5d9da556f787a74b3f9cdaf574200d98daa179d42,CLEAR,DAYLIGHT,DRY,FAILING TO REDUCE SPEED TO AVOID CRASH,2.0,30.0,4.0,4.0
0d56967e3bbe87e8162f7c715f4de5d78652253126e68a6d6bd9c0deddf5c5852bbc194bb6a70998c0f546ec01c6b7b0ef58493cfb2abfefc8f146cd1b5447e6,CLEAR,DAYLIGHT,DRY,FAILING TO YIELD RIGHT-OF-WAY,2.0,30.0,2.0,2.0
0d56ac2de90451e135311ff56eb08c97b3b73b75258884d4cb9c862ced69a86a14298fd5daf49e4fee88c838673bcff06e24db4eb5b26ec691fdb841d3c1ee1f,CLEAR,DARKNESS,DRY,IMPROPER TURNING/NO SIGNAL,2.0,20.0,6.0,6.0
0d56e2edf5217bbc4eafcaa70202152f370ed418862a583da07494f38ab2d19eae9d4b9ad9b3a51aea674df2e1fef77ad964d793ce650b0c476152e1701bc7d2,CLEAR,DAYLIGHT,DRY,IMPROPER TURNING/NO SIGNAL,2.0,47.0,2.0,2.0
0d56ec403c98bd7d5db21ddd9fbd29bf2b3e584fff342750b11c5c5dbaecc5e2fb548d77d63dbd231f13488ac748b6632df6ad064157d546a1dfcd82a4e9ff68,CLEAR,DAYLIGHT,DRY,IMPROPER TURNING/NO SIGNAL,2.0,28.5,2.0,2.0
0d56f09c1c79ba70b0b2cd479d360603da5169d1fe9ac10e1cd69b5841e67f9dc82f7c023ca0af0467625e168a57490e9c23c0133e32c45456c8eeafb62d572e,CLEAR,DAYLIGHT,DRY,DRIVING SKILLS/KNOWLEDGE/EXPERIENCE,2.0,51.0,1.0,1.0
0d56f8a2de1e64e34a0f39b4d91485086b037c694ca9d9e1d7d951b1db7831b4d958cb8ae0fd257b227e8ef25aa83912b3e7de80055dd06ecb5a4b8bbafdbde1,CLEAR,DAYLIGHT,DRY,IMPROPER TURNING/NO SIGNAL,2.0,31.5,2.0,2.0
0d570c8ba12271bb7efb4118c96cacb3d548de48ed7c1cef0f73788c39ba6b546c958693dd87dde7cd7599bad54d08915b74d18f2dfd085cf46525b0e018f3a7,CLEAR,"DARKNESS, LIGHTED ROAD",DRY,FOLLOWING TOO CLOSELY,2.0,31.0,2.0,2.0
0d571083ae01b4ecf6ae3f07d836a72ca1a4a47fa94bf3468b90e39ea4ab61c12293fca82831c1b01171d930b76a86cafd34a37108a6bad7db2357d1318a745e,CLEAR,UNKNOWN,DRY,FAILING TO YIELD RIGHT-OF-WAY,2.0,41.5,2.0,2.0
0d5711e21e626e053d398fbcc15fcf799fc1cdb8e6a4ea9bd353bd27c2eb778f1071845c395307ec1e7cc07c62343288aa25c37073ac8cacb09a7db544a356ad,CLEAR,DAYLIGHT,WET,DRIVING SKILLS/KNOWLEDGE/EXPERIENCE,2.0,26.0,2.0,2.0
0d574d6c0b77f66cba348994b5546a30622a29c45bc325486d38cf8b406930d9ee71c823c26386ea55e0b40b80a88986ef04e3b99c1d11f282c61a5cca1c2752,CLEAR,DUSK,DRY,IMPROPER BACKING,2.0,37.5,1.0,1.0
0d577023d7f2199b834bc2cbf812102fdcfdd0be90c81cfff46cee1925e150ac0c3f28d964c844570c9c80068dd07e96b3fc38e84626f03345f85b9a78052cc9,CLEAR,DAYLIGHT,DRY,IMPROPER TURNING/NO SIGNAL,2.0,33.5,4.0,4.0
0d57715e81c68a12cd08ba407d235d42e9cfd778cd2e1c2eb230433ae1198217c52ef626c7866c986c5117ea2d330eee3307013552e9c1c8bc5f1f9b145efe2a,CLEAR,DAYLIGHT,DRY,FOLLOWING TOO CLOSELY,2.0,31.333333333333332,4.0,4.0
0d57a8f258666ddcacd13ab6ea85cbeb9d3dba8694467d5ed367721a4eb0b0cf4db62a77ebe4e236273caef27a3dd66a6f464a21134b3dac5eab3808fc836ee2,CLEAR,DAYLIGHT,WET,FAILING TO YIELD RIGHT-OF-WAY,3.0,31.0,3.0,3.0
0d57ada598f897fe91bec6c0e321cdc9a9842eee9945c5fb4c4aa5e6589db349600516d1cb2793863dd413b626cc7184c2a6c3992e43020c24fe9e6af7f4e31a,RAIN,"DARKNESS, LIGHTED ROAD",WET,WEATHER,2.0,21.5,2.0,2.0
0d57bf77b16a7b57db991d278d2959ac57dc7af34579ac8daaeb8a36912f921afe27557dfbb371c9a8dd02cad3b8682cece0307691a65aab09b683a2caa6e986,CLEAR,DAYLIGHT,DRY,FAILING TO YIELD RIGHT-OF-WAY,3.0,34.0,1.0,1.0
0d57cb6981b09bf91ad667c257fa40a9dca3ef72e6b40cc50f6bce12170878a3353933a8f31241777632d8e555500a2df85c2eed263ae2fa4daa5d845eee9b14,CLOUDY/OVERCAST,"DARKNESS, LIGHTED ROAD",DRY,FOLLOWING TOO CLOSELY,3.0,39.666666666666664,3.0,3.0
0d580c6c3f88740cbaf9bcf1b05241b8fcc397e4d48dbe7491993561bd506f6e83b6c652480a4ae0d905bd7d6ef10f515567bc3b8b4e8e556173d93115e6ab7d,CLEAR,"DARKNESS, LIGHTED ROAD",DRY,DRIVING SKILLS/KNOWLEDGE/EXPERIENCE,2.0,49.0,2.0,2.0
0d5825dd99cd08b815b52d75d3cac3471862f6d290b1b9b869cbe615d5b91eb2bf6544009cb81212044f9813b06a4e9eff2c81bd13901072411da418891baf8e,CLEAR,"DARKNESS, LIGHTED ROAD",DRY,FAILING TO YIELD RIGHT-OF-WAY,3.0,26.0,3.0,3.0
0d5826c9738e43a9f4a7a14097e1ae225c43fedff4a8675e536fb5b723083fee468f753e4524ba2680f6cb1d7dfa113d3c8f6eb32167d7fb974a787fb47adc56,CLEAR,DAYLIGHT,WET,FAILING TO YIELD RIGHT-OF-WAY,1.0,25.5,2.0,2.0
0d584f6abe6b1a77b1f09c96741671203ec8005d67a5a96f3ecb5924c00b941fae0c452cd002522b6daa47a269d05e8d526457d047090b9a88c10ab53c418fd4,CLEAR,"DARKNESS, LIGHTED ROAD",DRY,PHYSICAL CONDITION OF DRIVER,1.0,32.0,1.0,1.0
0d5852b135816cf35ea37b7414bdab568b8382d1aa66f10e8cf51316291bbc451f4e40ba05e6e01893b33bb46363e857bea4922ac1dac20353d2df004c7b3cb6,CLEAR,DAYLIGHT,DRY,IMPROPER BACKING,2.0,21.0,4.0,4.0
0d58ae001d6d504653f10599e288ca9cdbe02d54e1dc39cf5703ad3884ebd1296eb8212373209f76ae95e20e642e36fdfa88a00dee08c949aee1840cc29062c2,CLEAR,DAYLIGHT,DRY,FAILING TO REDUCE SPEED TO AVOID CRASH,2.0,66.0,2.0,2.0
0d58b485f6ad261853fcf9da2c0444a4e226edc4d9e792c19fae50cf5de73766c06ca135395f62e4674e4a50974be1e76febe01785a3af3b526ec09b79e00e3b,CLEAR,"DARKNESS, LIGHTED ROAD",DRY,IMPROPER TURNING/NO SIGNAL,1.0,62.0,1.0,1.0
0d58bfed6691d1708f87e4f77d55c54d6116ecc97e64e6694908dffe1c43ab8d7adb29f38f057b0df096c5139ee546ef4ccdcb3427abbfd773b6d35c2aff94fd,CLEAR,"DARKNESS, LIGHTED ROAD",DRY,FAILING TO YIELD RIGHT-OF-WAY,2.0,41.5,2.0,2.0
0d5911f2e61dca020f097747db79c8c0cd25e0def3571541db260d214be6a6d60394b79f6be210467b0df3c521fec1c1e962590336fcea977b9ca88a32f37d6d,CLEAR,"DARKNESS, LIGHTED ROAD",DRY,IMPROPER LANE USAGE,5.0,24.0,2.0,2.0
0d592bda5d051520ca0590055680674386419df3d9f70b8c39260d633dd2293ac7052cfbc1ca684deba9a94c0eda996e1338ebfc1eba4a6d82039fc81915af5f,CLEAR,DAYLIGHT,DRY,FAILING TO REDUCE SPEED TO AVOID CRASH,2.0,29.0,3.0,3.0
0d59438aa4147190dcf968000d7b83f7481e8e84012368c42c0f4be59875c2081059aae994df887aea3f1810ff0349d590df79648461beea0d3118351e0ba749,CLEAR,DAYLIGHT,DRY,TURNING RIGHT ON RED,1.0,55.0,2.0,2.0
0d596259a251567a26e50830edd77ffc3598375ee1a2b8939597aa703a0757ef0e6ac0664a2937d6ee150ba2b69800c0249082a0aea2300b9ec727f038508027,CLEAR,DARKNESS,DRY,FAILING TO YIELD RIGHT-OF-WAY,2.0,36.0,2.0,2.0
0d5976a0968c98dc5e65c80eb698b2253f4652c6db63bbb4e3fb0d57ed7ee8a9f785cd693d559fbc019b35648cb57b1141dcc75c9f2d0fa574f7da2988ba2182,CLEAR,DAYLIGHT,DRY,FOLLOWING TOO CLOSELY,2.0,30.333333333333332,3.0,3.0
0d599ca0fbcd6ca72960025b0a1426e56439141f3ff57fe807ed511a35dd69fa3ebc823daa3b25e8d995bc0a992036d3440f27e61088d850407dd04a1e5a69a5,CLEAR,DAYLIGHT,DRY,IMPROPER TURNING/NO SIGNAL,2.0,66.0,2.0,2.0
0d59e68c397cc7ef303392fdf5d1881ed924a96c881b0f0aaa876bbc9d37c531bfe08d9c9d8f53f61a1e843a2bd2482e04565aa00d72174bc248a85de898e930,CLEAR,DAYLIGHT,DRY,IMPROPER BACKING,2.0,29.0,2.0,2.0
0d59e9b220fdf738fe7ce0985fc50c82ec3df35cda36fb08678feceeadfc723f40ea2941ecc9bb46c2948568bccc46cdc8c9eb37ef030122561bc93fade5d9a5,CLEAR,"DARKNESS, LIGHTED ROAD",DRY,FAILING TO YIELD RIGHT-OF-WAY,1.0,14.0,2.0,2.0
0d59fd75a2d8818c0a705607c8414da93af9613e8377b1761ef979566277d1c7a545c6eacf3ad70439fbafcf2248f30bd6e395aa5306f378fa69e516514c1bb3,CLEAR,DAYLIGHT,DRY,FAILING TO REDUCE SPEED TO AVOID CRASH,2.0,29.666666666666668,3.0,3.0
0d5a038195957841badaa02b3b6d485c0b550acd5eceee9196d5ca6d43e58fd4baa67dbe38ae52470351080f9b50a3cded2913527fb86283b57aa4db6bfc34cf,CLEAR,DAYLIGHT,DRY,IMPROPER OVERTAKING/PASSING,2.0,55.0,2.0,2.0
0d5a087efce68544a4fb483b2fb093613b3a786ff2c15db3c1f003ee696fb8ec1c29c8e2b3cff0432eab2198b418f1c07ebb229c02291f385217121c980fd9f6,CLEAR,DAYLIGHT,DRY,FOLLOWING TOO CLOSELY,2.0,41.0,2.0,2.0
0d5a29c44838daf33e41bb50f9ccaf7c5c4113fd0b29d6483c62e05affee4dc93f6c7ed60a308736f4140ed6b50a81cd9b54c18d25619e0b83ab0d347a3da3b1,CLEAR,DAYLIGHT,DRY,FAILING TO YIELD RIGHT-OF-WAY,2.0,52.0,2.0,2.0
0d5a5204f2281d2f28a5852023af159fefc9b3aa178f5267e6c222116f62f5e659c46cef514bea4a025e7eb2beaa6e97c82bc0121f011eb6c34d1bcb5f312ce1,CLEAR,DAYLIGHT,DRY,FOLLOWING TOO CLOSELY,2.0,24.8,5.0,5.0
0d5a6a31228fce2cfc1600d0595bb78454da06d64ff8eb2090b76ba7c75aa409e7250cf5607a34679412e6412d5b0d982ea162e140f79a838e265c27596e2391,CLEAR,DAYLIGHT,DRY,FOLLOWING TOO CLOSELY,2.0,31.5,2.0,2.0
0d5acc9e87575af3e66055dd6024530decc0967388192234b50dba01939e84603d6da65a795157c79630a6c77fd829ee170ef2e981c381bf5c5c9dd119edd9c9,CLEAR,DAYLIGHT,DRY,DISREGARDING TRAFFIC SIGNALS,2.0,31.666666666666668,3.0,3.0
0d5afa585ef852cdc35fa930d81637f33066658d9fd0efc22520ac417e0b2a3f097d32769f55d377b0a944101c5f62a2d848b9fc51632890c07e6497441a0ed7,CLEAR,DAYLIGHT,DRY,FOLLOWING TOO CLOSELY,2.0,31.333333333333332,3.0,3.0
0d5b2dfb74a0a78e346fd79a5821db0779979a8c5980297f25ff086b5ee3f16531aac89c6e313f28addc8dec2a021c5112fa7041ef59b1690f74f7ec1336ecca,CLEAR,DAYLIGHT,WET,FOLLOWING TOO CLOSELY,2.0,67.0,2.0,2.0
0d5bacd9fea0284b1d0ba3ff3093b5c1a8aa3230b4456dd802f4d3f8a5ab7eb073f34ac100f97d36db1fa34bbb99c16df67815bd17ca1351d2968266064587e6,CLEAR,DAYLIGHT,DRY,FAILING TO YIELD RIGHT-OF-WAY,2.0,34.5,2.0,2.0
0d5bad575c802b74f4b02c8aa188e2012422d751fa5c1d4c4c0eb7cd1c83ed6f761cc32558a6c0189bf4340ca6ed3eb76f8292dbab8fa1cb0328adc542626e19,CLEAR,"DARKNESS, LIGHTED ROAD",DRY,FAILING TO YIELD RIGHT-OF-WAY,2.0,35.0,2.0,2.0
0d5bfe49e8c123c75976524aceb207397258a2ce36ce4225010fe438f8edf3458c14bb90943b4dc86a81b72af8a4c8558b5ad95194da6b931078699b06cab0ce,CLEAR,"DARKNESS, LIGHTED ROAD",DRY,DISREGARDING TRAFFIC SIGNALS,2.0,40.0,2.0,2.0
0d5c58abb2aed18ac57dbc00bf4fb06f6a5d14104cc762ad03af45a2aa8115c4f84f2faa3e61783a01c17c29c83215c71abb1266a376477d89f0f100846ca7f9,CLEAR,DAYLIGHT,DRY,FOLLOWING TOO CLOSELY,2.0,31.0,2.0,2.0
0d5c847400821bc547921088b04fa1f8ff2df3079191ac2feca1887bccacee310d5e53775e270c12ec9c98afdf4374a462c3e847be500312c5e74270c7a43a7d,CLEAR,"DARKNESS, LIGHTED ROAD",WET,IMPROPER TURNING/NO SIGNAL,2.0,31.5,2.0,2.0
0d5c85b9c3c2f59d02ded68c960eaf8f79a5e08889a9a7ed8888892d0c4ad30292f1ca609efd2ea533c5478f9943149a1a0e01e3102e61d4f84402a175e20f12,CLEAR,DAYLIGHT,DRY,FOLLOWING TOO CLOSELY,2.0,26.5,2.0,2.0
0d5ca00779246306f17a95101f07e4d80861f3435176daa16bafd54e0bb1a9ee915e6e6dc9fa0a6c0244cfe87c15ae36b695bee78e4d73453d03421e23e0a4ed,CLEAR,DAYLIGHT,DRY,IMPROPER LANE USAGE,2.0,62.0,2.0,2.0
0d5ca3b1d90f03c5b6f7520fa49dbe7014d4fb8905ae1db5456d8b5abd1940bd41a60914f2b87c2263980cc9337b4f7c3d1cec450328c733a434e292ca36a39e,CLEAR,DUSK,UNKNOWN,FOLLOWING TOO CLOSELY,2.0,20.0,2.0,2.0
0d5cc8de9aea12bdadde2e0df7aace008053da40125660e3895f72aaea33a9e0174fbfe770a41e7b33278f708338938a1764accd6abbc98b582639507b8fb5ef,CLEAR,"DARKNESS, LIGHTED ROAD",DRY,FAILING TO REDUCE SPEED TO AVOID CRASH,2.0,26.0,2.0,2.0
0d5cf27b4b6f767aaa5212ffec7f426f3f28804f8d1381755ca7acc56b377dcad0c7bd77fee13160279cb42012b4ecc0326087895bd93dac68f621303cef2cc9,SNOW,DARKNESS,SNOW OR SLUSH,WEATHER,1.0,16.0,1.0,1.0
0d5cf522c2367dabe6d45d3a59817abe2945afa21727de888db28e0d7c921ad97aa95530a072c9cbfac21e38efc9fa481b000a0fadfbb0f1a9d1d651f1654204,CLEAR,DAYLIGHT,DRY,FOLLOWING TOO CLOSELY,2.0,18.0,2.0,2.0
0d5d0804508269b363da83d250fae2001b2b896dad2f34a69678d4dfbe7807827ab739b68a6f6d8705107d451743be5904a3cb66b1117f164b122f3797bee761,CLEAR,DAYLIGHT,UNKNOWN,FAILING TO REDUCE SPEED TO AVOID CRASH,2.0,32.0,2.0,2.0
0d5d0bebc62e6653d10db0187013c73349440dd237356b92a46b02bb6bbb47abe6153f450512412f64a6c99e54fde21b96f65c0c3306fb14219dbf12bad367ec,CLOUDY/OVERCAST,DAYLIGHT,DRY,FAILING TO YIELD RIGHT-OF-WAY,1.0,26.333333333333332,3.0,3.0
0d5d210bba8c6de070716f9bd010ac9be9adf270f330dfb8e9fa90e6fb0f5f1a476e004fdca51f4f6362e03b551647a9bba99ebddb9930ab4c3e4a8d8dc2780c,CLEAR,"DARKNESS, LIGHTED ROAD",DRY,DISTRACTION - FROM INSIDE VEHICLE,2.0,45.0,2.0,2.0
0d5d7d618b45efc14da9a8efd02b7972e506e448b71a67bd949859f437343bbd4980847a674d10be444b2faa4794fcd190c83f8d7f80504fc246476299f75d3e,CLEAR,DAYLIGHT,DRY,FOLLOWING TOO CLOSELY,2.0,27.5,2.0,2.0
0d5d8f0a25cb4a7cd2e765c58f4053953b92d9c02019b84b095abd94d4796675ede74ae077bfcb2d820d0bd19e7bdb2f3ab2a661160a3f592571a32fa27b7775,CLEAR,"DARKNESS, LIGHTED ROAD",DRY,FOLLOWING TOO CLOSELY,2.0,21.666666666666668,7.0,7.0
0d5dd8bd1b6275692a8cfa597fea04de3f4d72ab7307ec6a60ee5ba8d58ec4286a708503c273e87caff8efbad71ef1cd7139c82312e78731b83b62a124775166,CLEAR,DAYLIGHT,DRY,IMPROPER BACKING,2.0,58.0,2.0,2.0
0d5e3ad2cb710e758b20ec91955d9ae5034d64d44456e110ff4dc4a9404478795cdd7130ef275337a9f18b3467f9f2a8441f9788c924f9e23f342fe9ac1c49fd,CLOUDY/OVERCAST,DAYLIGHT,DRY,FAILING TO YIELD RIGHT-OF-WAY,2.0,49.0,2.0,2.0
0d5e612c4d80c735c4d5cfc123aaf534922206714c0fce286b436f7fa8d4c7a72a567ba64e060959f8f7b99df9573b99f7164da4a3bb3136581cf874a3b9c46d,CLEAR,DAYLIGHT,DRY,IMPROPER OVERTAKING/PASSING,2.0,27.5,2.0,2.0
0d5ebc9f4eeb8e4cb084fa7d0613bfd1f0de4c2447f3d6689335581002cd8d28ff0461701c8d08ec268662f937abcebcfc188b804038a184a9fe82c2b580eca0,CLOUDY/OVERCAST,DAYLIGHT,DRY,FAILING TO YIELD RIGHT-OF-WAY,2.0,59.0,6.0,6.0
0d5ebdebdc0e3c2fadbf63c612fe29deaf75193f6106d3f9d344888a1d33de7965095e2b41d9805d1a54b323c7fc739555ec2952daf3d4f12a7c5e3eb5cfee2c,CLEAR,DAYLIGHT,DRY,FAILING TO YIELD RIGHT-OF-WAY,2.0,37.5,2.0,2.0
0d5ed40e8bad36acdccdd7ba1113233a6cded85aadd22e1c2e5ad4272d38123db929b883dc181baa529fd78c7472c3f053e1badde6e5cfffbfbc81feaaa98b6f,CLEAR,DAYLIGHT,DRY,DRIVING SKILLS/KNOWLEDGE/EXPERIENCE,1.0,24.8,5.0,5.0
0d5ed840808e4239fe2fd22c11ec59c51a48d970030d38a8924940bd3f3fd271f97e4a44c0f5fd30190672a85ea96eb7a1a9973bbc1b26086d17a16fc09560aa,CLEAR,DAYLIGHT,DRY,FAILING TO REDUCE SPEED TO AVOID CRASH,2.0,55.0,2.0,2.0
0d5edf4cb494de7d70e2bf35507e769e6c675b777062a8daf475f9e0311c2fd546e16a59d0a4244798fbc29338af2c3f6b3b66d090c9fcf616fc968bc6d2b047,CLEAR,"DARKNESS, LIGHTED ROAD",DRY,IMPROPER TURNING/NO SIGNAL,2.0,22.75,4.0,4.0
0d5f0ece1ff1ded00a9c45a283d5c051674bf711c953bc7477823a558ce6d3b6dd2fb351ad3f8466a25e6bf4589d52c9951a19653e7ef11ea5cb059fecc8733a,CLEAR,DAYLIGHT,DRY,IMPROPER OVERTAKING/PASSING,2.0,49.0,2.0,2.0
0d5f109cae37b77007e87de6bb5f641a7a7a7205409ccbaab41e03700f7400d3c8e00e9692650afdaa64be5b9418c2388606426a71ba0addafcbfc5e8aed7268,CLEAR,DAYLIGHT,DRY,DRIVING SKILLS/KNOWLEDGE/EXPERIENCE,2.0,76.0,1.0,1.0
0d5f3bd04db3f32c0d630a837514df11df0d8af7b3f9b817dff2d0a39954f2662808766a3ef0d0a43995a989c5c1f8392147c8218be6d4af95bc3e384fed8d45,CLEAR,"DARKNESS, LIGHTED ROAD",DRY,FAILING TO REDUCE SPEED TO AVOID CRASH,4.0,31.0,2.0,2.0
0d5f503887c93e7fa4effcf1fdcff3776f989cfbf129b024ba9f4b189d9d2e584b87db87d7b9d129d254a52a0fab582a52f08b70009a7e18458d6317a527b078,CLEAR,"DARKNESS, LIGHTED ROAD",DRY,IMPROPER BACKING,2.0,31.5,2.0,2.0
0d5f65d80ba9545d910e9284202920084e6a2454b3e6244a18e29eab47cffe1f4247b3257cc6dcbe1fd85e792b1408b451a986a910ef6cbdffe40d604faf7242,CLEAR,DAYLIGHT,DRY,IMPROPER BACKING,2.0,51.0,2.0,2.0
0d5f9e52718fc3364dee5335854761e25083458ccf3a06f76237cb36f770239b5470b1983e62c94a0ec615d5ff74d35ee6b20d5fe1c94ef1d3af8717ea0a8afc,CLEAR,"DARKNESS, LIGHTED ROAD",WET,DISREGARDING TRAFFIC SIGNALS,2.0,24.0,2.0,2.0
0d5fced19f5b21c73b7f4f7e0098c71091bdbac2c130f3e7ab365b6ec8e43b82d6657635fa72a97906ad657cb12cc577a6d6d32e7cf20f7cdde15a1aa8a04fa0,CLEAR,DAYLIGHT,DRY,IMPROPER OVERTAKING/PASSING,2.0,32.0,2.0,2.0
0d5fd4373138e3d28e88cb144d4a62e3b472100a77526391bbc63eedbf01df020a1fbc36074b5a2194aea8ac7095c96d13896338436647c7fd0e6419e24ee266,SNOW,DAYLIGHT,SNOW OR SLUSH,IMPROPER TURNING/NO SIGNAL,2.0,42.0,2.0,2.0
0d5fdaf1e57a620a6fe6a06e7f098efe738d1f9d534d4a79884acc8bc48dbcafe9a9779102f0a1bf6f30b685ba7b54109f2572daa314b6aecaa2717c35f2eca8,RAIN,"DARKNESS, LIGHTED ROAD",WET,FOLLOWING TOO CLOSELY,2.0,53.0,2.0,2.0
0d5ffa49c620f492bcc5f9ea407429d72e2ede5b3bb03d19b1e5f3dc7c730f9455578bef191d1d05ddf9fb2efd3014174b222e81e226ea3ae4d92507029e1160,BLOWING SNOW,"DARKNESS, LIGHTED ROAD",WET,IMPROPER BACKING,2.0,26.0,3.0,3.0
0d5fff758b174c5acbb570fda3f850ad404573849e1a21ce5de6d0ba32ce213b84b8978604bbea9b46f523e8dbdfb1aeb578d2d8a0e02503c0d02dd4b7ac8d22,CLEAR,"DARKNESS, LIGHTED ROAD",DRY,FAILING TO REDUCE SPEED TO AVOID CRASH,1.0,19.0,2.0,2.0
0d600a614bec58569db2f2c40646c2738289ba341d7889cfa938a5177da60166ac00accad718be65d30d3870259020eed0276aaafe380f56791a61fdb183abde,SNOW,DAYLIGHT,SNOW OR SLUSH,IMPROPER BACKING,2.0,46.0,2.0,2.0
0d601b81eeeca65b88a131a8532735ae610ea4324e81db7cb80c59be8f658dd6199502e5f4e38b4905f714d80b36c9e98a92bf6e0e1b40722206884ae394730c,CLEAR,"DARKNESS, LIGHTED ROAD",DRY,DISREGARDING TRAFFIC SIGNALS,2.0,26.0,6.0,6.0
0d60209e5ae029026a553504da87da25ca317c316fa9b6b02b6c60ee6a8a350f8ecf2bbad174506950bc70d2f31d5210bdeb2598a1b19a8684e5609b49469e5d,CLEAR,DAYLIGHT,DRY,IMPROPER OVERTAKING/PASSING,2.0,33.5,2.0,2.0
0d602be29a4ab02700eb7bca7c8b05db5397806aa5d040b6574e695209c48f1f06381063015f03baef8b245a544d10d41440b04570ed5d9833d265e5713f4ae3,CLEAR,DAYLIGHT,DRY,IMPROPER OVERTAKING/PASSING,2.0,47.0,2.0,2.0
0d60374301a4eb1c446237fbb05e62be86d97f66dfc6168033f12fd1ee932f59f6f62c32f1bf783488850088d992cdea1562ee14f87e4e1d7b59d6cbed9733cf,CLEAR,DAYLIGHT,DRY,PHYSICAL CONDITION OF DRIVER,3.0,46.0,1.0,1.0
0d60414629e245a39b391414eca6d46f21ae164c36a7801b6b6f03a18c1f859a1690e53cc01c2b31dac9b7a340422fbb414bc3465a4e6bbb7b2ec47bec0c2591,CLEAR,DAYLIGHT,DRY,FOLLOWING TOO CLOSELY,2.0,46.0,3.0,3.0
0d60440ca30fd44071a8712f50e0165950697622600dbd1f74793d2f96c130c7b6f358bcf33983e6406f6643cf9049d15983f744c406f1a33ff66b4eadca17df,CLEAR,DAYLIGHT,DRY,FAILING TO REDUCE SPEED TO AVOID CRASH,2.0,28.0,6.0,6.0
0d60895093d01f8f4eacb352612a8e6fab9ed7bec962fdb8c7a94d0d6670ee881f31659dbe1b34d353f567f20174faee400cef41ac78f95df9372a0ceadfcc4f,CLEAR,"DARKNESS, LIGHTED ROAD",DRY,FAILING TO YIELD RIGHT-OF-WAY,2.0,26.5,2.0,2.0
0d60a97258aa559b66f9d1952a7df08486f73634c44b6a200cb9af3311054b22a63525c6f480cc002b225f899b6764e147d3edce8368d8ccb26f801140e5d555,RAIN,DAWN,WET,WEATHER,2.0,51.0,1.0,1.0
0d60b292ab11bc9e0a37e27708813e97211006a5be53c038c8cb70c0998266e63b57bd49eec03194f1bfe5dd6e2ac4061d88a925e4b525290de6dc4e07d552b7,RAIN,DAYLIGHT,WET,WEATHER,1.0,24.0,1.0,1.0
0d60c6d3e018497d8310e9de5542f56d65bb1ba5a154f7a3e8573d19f8ed6c9301ded601ccfa2a3dac55290214abf2258fd3d97efd6c66ac4586f24817b76264,CLEAR,DARKNESS,WET,DRIVING SKILLS/KNOWLEDGE/EXPERIENCE,2.0,20.0,2.0,2.0
0d60cf09490ec740fa95eeb85f43fc8affa77a72943ab102b0b5ab6b5ef09638759cbd5991539ffbf164554d73bd3b83964d22b4256ac4bdc083cd3aa518229a,CLEAR,"DARKNESS, LIGHTED ROAD",DRY,FOLLOWING TOO CLOSELY,2.0,39.0,2.0,2.0
0d60ecc75d61c8c7811bdced21001c3112c02a79f7896bd79b52d6a406d98422d9b1bade6f991ad51a065faef11b288543bc822ce0caae8cccdac7da81b6d5a4,CLEAR,DAYLIGHT,DRY,IMPROPER OVERTAKING/PASSING,2.0,55.666666666666664,3.0,3.0
0d60eec2ae415a91836df2c704f4f3cacddddc9e15a67e501a6fda33663cd5a4cc4033bd7ec14a7572dad0b1b72479298ed5a5e81f2fa0f9fd91c280d9bb3d83,CLEAR,DAYLIGHT,DRY,FAILING TO YIELD RIGHT-OF-WAY,2.0,33.0,2.0,2.0
0d60fab413db79808b7a366bb9112f023d52e0287a7c82f79128934d3dcc512aea80c4a128c1ef7bb01c0bafb656e2cb53c687333d6108fa4377c2ee0ac4c8ed,CLEAR,DAYLIGHT,DRY,DISREGARDING STOP SIGN,3.0,32.0,5.0,5.0
0d610c444dd6b5130558817af62d98cb0563b16237df2f532110be985f30d19da666be00bc4e4dd4836bca9e412181614783b2dfe33462b50c7e56da7707e943,CLEAR,DAYLIGHT,DRY,FAILING TO YIELD RIGHT-OF-WAY,2.0,31.0,3.0,3.0