crash_record_id,weather_condition,lighting_condition,roadway_surface_cond,prim_contributory_cause,total_vehicles,avg_driver_age,total_people,total_injured
0d611830951ea748c0bc3c3554db504cf48a4c546d4a9a3c44d0e35aede1e8183a188bcedaa2f758ab74f85d1c8647200137dda48da0b636973764e1c3203ef4,CLEAR,DAYLIGHT,DRY,IMPROPER OVERTAKING/PASSING,2.0,35.5,2.0,2.0
0d612f80eea14e9c4edbecd46eaaa45822c3fc0bec539e9367deb2eb6df4cb5b747f291c33ba09f2c76f3463ea830b623bce14be3cfcd0063630bfd343a54d67,CLEAR,"DARKNESS, LIGHTED ROAD",DRY,FOLLOWING TOO CLOSELY,2.0,64.0,3.0,3.0
0d614a3205298730f1da0cf2311dcbd2cb2336e93a7621dd499abd999f1171dd6848e77d1276d6cf1353fbc7494c656192d8af3531c10122c78da0c2430ec91c,CLEAR,DAYLIGHT,DRY,FAILING TO YIELD RIGHT-OF-WAY,2.0,37.5,3.0,3.0
0d6185f6b905e0f91725dab6f57dc6ae3b332bbe026cacbbea0f955ce5c8ac6fc16e760117f2885bf3cd08ead43b542ffaa9376cb3f929f923f538635f2c2946,CLEAR,"DARKNESS, LIGHTED ROAD",UNKNOWN,IMPROPER LANE USAGE,2.0,19.0,2.0,2.0
0d6189886023ae2760832120aaf439c441295b415911ca4eaaa7367fc767b988a84b34bbfdbc9f856401d8449e59af065c9c9246a97442197e42a0b97d6b4f8f,CLEAR,"DARKNESS, LIGHTED ROAD",WET,"VISION OBSCURED (SIGNS, TREE LIMBS, BUILDINGS, ETC.)",2.0,32.5,2.0,2.0
0d61b7a5d02990752755630efeb9fcab6dae094151b67b55d61e2fe9c30190c2bd3b6ee4d0acbcb2ff5176206bab71d5dda6347294de803be94d425e11635cb8,CLEAR,DAYLIGHT,DRY,FOLLOWING TOO CLOSELY,2.0,56.0,3.0,3.0
0d61e139407a6ed5b591f0d884b9bd9c7e948551bf99136ff814f6338d5fdfd6841ee5455d791c2ff28c99a9f53d352053e7a005ba84efd0cf15a388a48e5a16,SNOW,DAYLIGHT,SNOW OR SLUSH,FOLLOWING TOO CLOSELY,2.0,40.0,1.0,1.0
0d620d91df1a7dbe2d693c6ba5c748f45d0e16feb89401d21106f46684e599e49277f1b2d55fef9f5e84405fee9f1b22b93399120657391c8378274bd9ee732f,SNOW,"DARKNESS, LIGHTED ROAD",SNOW OR SLUSH,FAILING TO YIELD RIGHT-OF-WAY,2.0,44.5,2.0,2.0
0d621fdbe23e7a0cf8f4393718b9e3a567f5e24adde0a7541636694c5577ccee35fe116c6917fa610ba2ca3ffd00bea1bc2dc9d5bb2708e4a8ba403ec72fb6bf,CLEAR,DAYLIGHT,DRY,FOLLOWING TOO CLOSELY,2.0,77.0,2.0,2.0
0d6227c0a6f7101a613d82794f88ce59b4a581b5b095ce1e4b1a97255366d740d9ddd08cd1dd21acd2249f91ab394217e1bfa2811a2490a0727710f496bfe0da,CLEAR,DAYLIGHT,DRY,FOLLOWING TOO CLOSELY,2.0,48.0,2.0,2.0
0d6240a083297b45699b19464b8228d2c25e75811f50b1bb1874596e24d31cd735b3d5ef645adf7f9be6cb328ab78c0bdcc29cf71f93d317d12089d779b35600,CLEAR,DAYLIGHT,DRY,IMPROPER BACKING,2.0,31.0,2.0,2.0
0d624771ccf0949ed8a5607f3b6c27d9b68364ab9fd8ad2fea8a9f4312db3728e5566680dfe86dd23b6c06ab0bbc829c3fff305fa52e2341262e18645c131539,CLEAR,DAYLIGHT,DRY,FOLLOWING TOO CLOSELY,2.0,36.0,3.0,3.0
0d627498fdf978acdf5de18678dd6ee7ffac191329c757f32513984e8e9be8da3a7550c54e6eeb95f1aa07f9b2dca8467306b1cc48171599f7f4884d091282d7,CLEAR,DAYLIGHT,DRY,FAILING TO YIELD RIGHT-OF-WAY,2.0,24.166666666666668,6.0,6.0
0d6279f3009b6089644c5ba2cc283c44f8cdb8ab373e84796a9be98b306f8677bd07a9b10d633c1c743ac70941ddf37d1761a375f089af297c8cd9bd4f43e2b2,CLEAR,DAYLIGHT,DRY,FOLLOWING TOO CLOSELY,2.0,40.0,4.0,4.0
0d6281aa7b00d0cade46bf9a430879466724e0e0c22acc2c94c66a3ac4174bec33b6dec74f3fad0c73ec05603a06b161dbafb1dfcdd2510a800e25d8e99837ae,RAIN,"DARKNESS, LIGHTED ROAD",WET,DISTRACTION - FROM INSIDE VEHICLE,2.0,39.0,2.0,2.0
0d62bae744496f83b2be6543bc1ab54445597328ec6ab8440cde3a83a611ba3af6c2a167642ed79f18812166d4255984a9cb77210d2e6caf9126af780bf86956,CLEAR,DAYLIGHT,DRY,DRIVING SKILLS/KNOWLEDGE/EXPERIENCE,2.0,28.0,2.0,2.0
0d62db91fe4f2eefd3b4f8724e36ed1ce1462cabea366df478ea75f3e91ba9d9eddfacafecfe9dcbeabd92c430c92a0aa729c1eb74e19857809c87058081040c,CLEAR,DAYLIGHT,DRY,IMPROPER BACKING,2.0,29.0,2.0,2.0
0d62e8b4fb6df7dc3cf2a53ca13cfab1a3a1c8ff8311a7efefdda26a58c4accbcefa6936eb76ea3418fff7ec51805f2426fb17be5b1a3ed5cdcfbe43b31b9991,CLEAR,DAYLIGHT,DRY,IMPROPER LANE USAGE,2.0,25.5,2.0,2.0
0d62edf1721c9375988f87cbf1d656b849160911f5b759b1a2cd1a163675d350736b958e2412ab4c32d24a2db23cfc082bf80af87903c2997a76f5d5b093ee3f,CLEAR,DAYLIGHT,DRY,FOLLOWING TOO CLOSELY,2.0,50.0,2.0,2.0
0d62f2be10ca308eb702c9aae1805be64c1e20ab58929ca199c58e7569cd642a012a4a842cc6f3d28cd1e341fa6cdab2896669548125234a327fc967e8373ede,RAIN,DAYLIGHT,WET,IMPROPER LANE USAGE,2.0,25.0,2.0,2.0
0d62f59cae3287458d39cf20bf6a7b588f3ce7e05142ddce8514803242f70023a6c7dd11ce72c97180535ded3ab1f11ce2cf4e143c4915006ce06746492a4bcf,CLEAR,DAYLIGHT,DRY,FAILING TO YIELD RIGHT-OF-WAY,2.0,29.5,6.0,6.0
0d62f8626f2c7e54a1c4c71a81671869e9aa7028963ed73ada205c21bce1a9f1ad9f54e86dedc76a65da05a0ca63f75caaa67c8a0d0b34d10e30e40c1e4fbd0c,CLEAR,DAYLIGHT,DRY,FOLLOWING TOO CLOSELY,2.0,39.0,3.0,3.0
0d636c2783ab2ff2bf2976c8f7d86f62d06529f5607d2cced61d991155638d6537a2649655d6f18f5a408f759bfcecf5a0f1102592253357f8377b4a65180a0f,CLEAR,DAYLIGHT,DRY,FAILING TO YIELD RIGHT-OF-WAY,2.0,50.0,2.0,2.0
0d6396b88419439d066f56143b436ef84c4257001f8d85eee3871516c569785c2384eca8deaa13ef2a631bfa20f42dfcad0769121289acae6c44fef9264ad2bd,CLEAR,DAYLIGHT,DRY,FAILING TO YIELD RIGHT-OF-WAY,1.0,45.0,2.0,2.0
0d63a4fcb304c8eb0f1a5e0ec8f3f9657f7895cc35249f6a767846a97e983e7e2815ba7c77e748e51480686db5dd21e6eac3a852fdbf9e29f65819f857ac46c1,SNOW,DAYLIGHT,SNOW OR SLUSH,IMPROPER OVERTAKING/PASSING,2.0,30.0,2.0,2.0
0d63ab9b47fefb077489c3001210852d93bdc1be4505e182703eeb5ce77a8f4657206a4a5938f6037fc8efc2d7ba9a6fd1ad03e38813b0c3d980462de5ec970e,CLEAR,"DARKNESS, LIGHTED ROAD",DRY,IMPROPER LANE USAGE,2.0,33.4,5.0,5.0
0d63ac5551ae89f2683fb0ebeb9ede02de06de4d14bb150547c279f5c434831b63422fb747087a08b7fc28356762ca716143022b67024f0174096f286f49cda6,CLEAR,DAYLIGHT,WET,FOLLOWING TOO CLOSELY,2.0,42.5,2.0,2.0
0d63bf0addd2d24824464fa1b9de2dc04d16c34a955d77f00d0a8c80ea0faa2ef27e3faf4f546c8e93c88fe955ed843a6e9331d7c1eacee7c9610953f159508d,CLEAR,DAYLIGHT,DRY,DRIVING SKILLS/KNOWLEDGE/EXPERIENCE,2.0,32.0,2.0,2.0
0d642e8bcbf27e90ca1ffe01ec05af1e8d2c3f5b14c03de30120bb4ea2a1adf3fb66de119fba89ea3d5dee1c561d794cae3bed0d4574cdee154b2a9d5e9dee1b,RAIN,"DARKNESS, LIGHTED ROAD",WET,FAILING TO YIELD RIGHT-OF-WAY,1.0,28.0,2.0,2.0
0d64315d3b5575cd9e0a71ad4ce5de76a41848f63d50c6db9b850fcd28ba1f07562b155289f41e5f6d3b0c817d6d028e8b34c6844fe5baea4f5910267e51fafc,RAIN,DAYLIGHT,DRY,FOLLOWING TOO CLOSELY,2.0,62.0,2.0,2.0
0d64447f872185f9764f2ac38892625a62a42522be81b55252b77823ebe9038a0e9eb7ebe7d1812da236d69e07d4b1f5805a344668f06ffbbba11917aedc7194,CLEAR,DAYLIGHT,DRY,IMPROPER TURNING/NO SIGNAL,2.0,39.0,2.0,2.0
0d64489062bc5ed8691572404c9eac9723bc100abc2295c0008c74c1f0219cd8b0ff686774fbfba2f424908c4927361d4b0b3aeec2e54e747fae7c7ec6616d94,CLEAR,DAYLIGHT,DRY,IMPROPER BACKING,2.0,47.0,2.0,2.0
0d6450b6052336b150f1c30a8ba125c12bbab57d9a49ea49fd2dde1fb745f555a672d1ab6f2d6d354be17c109f6ee26cb9a2e9d6f502d5fbda5584f0d6d672b7,CLEAR,DARKNESS,SNOW OR SLUSH,WEATHER,2.0,37.5,1.0,1.0
0d645c14476be0203690caa4c33016b8697066dd51da47e68f2382bb1e819963bbe76375f5403df213b843b4071893f0e816340481fbb779a1520ecc32e07138,CLEAR,DAYLIGHT,DRY,FAILING TO YIELD RIGHT-OF-WAY,2.0,12.0,2.0,2.0
0d6461134d62d4f79e46340de6ebdccd257a51e3db2755ca939f1811316143fb0b55862c29ccc20c2cec3080505f33a0cdefaf7c91daf251a572e826216cc5ca,CLEAR,DAYLIGHT,DRY,IMPROPER LANE USAGE,2.0,19.5,2.0,2.0
0d647ceb5e21d2149435f578343381c85dee3ae2799b7690299f036afdbf5091eec332bdfc3c788a637a25e80b2c60fcf7d3e23166d6e26a0a8fbd3a17de8672,CLEAR,DAYLIGHT,WET,EQUIPMENT - VEHICLE CONDITION,2.0,31.333333333333332,3.0,3.0
0d6499a0254ee4494c19c7b2a29a986c8beab332677748bc9769c9b57ed24a941d63a303a0d0dd12332ad7a002e0f628c52a2f69df07f04e926fb78ef9ec740a,CLEAR,"DARKNESS, LIGHTED ROAD",DRY,"OPERATING VEHICLE IN ERRATIC, RECKLESS, CARELESS, NEGLIGENT OR AGGRESSIVE MANNER",3.0,46.333333333333336,4.0,4.0
0d64a49c6ec6ece4504828de8fbde438d84dbb648d312f034cb49cb633763c8674817e74b74c143ef6536fd20b51c505fc1d349b4a8e19ee85140d766d140771,CLEAR,DAYLIGHT,DRY,IMPROPER OVERTAKING/PASSING,2.0,29.333333333333332,3.0,3.0
0d64c39cecb0893a6952d2e8417f53603532d63c8acfed9979c1c915db8a5212ccd32e16894a07830f8bd6cdecf9bffd33b531364e8f8bb934d4b133704c3f60,SNOW,DAYLIGHT,SNOW OR SLUSH,WEATHER,2.0,34.5,2.0,2.0
0d64d442b72062aec66a4414af4a799052128f4978c1d89316131d111cecdd50ddc730de6e67a966bb33f01a2143a9a665280aadb83f6d9b941f3eaaf92e20f7,RAIN,DAYLIGHT,WET,WEATHER,2.0,33.5,2.0,2.0
0d64e89cded09380e788d90818f3ab1e42fa24ab5458a26f7d0a3f920a99e74d95cf00e0117c44419de0d7dd67c980f5134d65370a6fc6ccf7949b0b8401ace4,CLEAR,DAYLIGHT,DRY,IMPROPER OVERTAKING/PASSING,2.0,36.5,2.0,2.0
0d64e93bba233985e7644e4282e817b6104a074ee6252a226c9b1f0f101605d1fd9f1d3eccf3d1e81b1949d9cec785b15c69be080db5a3631d5f2a7ed5150a2e,CLEAR,DAYLIGHT,DRY,IMPROPER LANE USAGE,2.0,31.333333333333332,4.0,4.0
0d64f4bec8eb8039979da55dad46f0a84c63c7ea67167c7e48e86397000678dcdb230916e1c0c4699b1594feddff14cb8d2d80928054162e76240e6ca7234bd2,CLOUDY/OVERCAST,"DARKNESS, LIGHTED ROAD",DRY,"EVASIVE ACTION DUE TO ANIMAL, OBJECT, NONMOTORIST",2.0,44.5,3.0,3.0
0d6500d6d4cc14284b5a2d6615759130e4f63539dbb0a350941c05426f38e9fad699d40f10440f4e08a246377c1ee7dbc55c959e6d23c42c000172d57f420248,CLEAR,DAYLIGHT,DRY,FOLLOWING TOO CLOSELY,2.0,18.5,6.0,6.0
0d652b84fe8b7e36008bd5e5cd5b1a1d86cde64378eb8c6dd82e7d7ee0a6083b0b2d91e8f6b1ee41d648c7f9e12c9c9e5a19315fab55d40084aaf4692ec129f5,CLEAR,DAYLIGHT,DRY,FAILING TO YIELD RIGHT-OF-WAY,2.0,67.0,2.0,2.0
0d65418c8f71869da47999d1e0282be13147904183e534205841b32dcb18d73458f234db213badc1c0e7b4dbd76ecbb17501daf36fa3ef341c827a5cf362c6a7,CLEAR,DAYLIGHT,DRY,FOLLOWING TOO CLOSELY,2.0,33.0,1.0,1.0
0d65560b6ac4ec077234ac49dc51541b89f37a731f070fc1c4e2dbc3f9888cbb1c5244b7944640fdcc8c4dfc46aed534e8e0b74039e59b48d404292716c8d208,CLEAR,DAYLIGHT,DRY,FAILING TO REDUCE SPEED TO AVOID CRASH,2.0,57.0,4.0,4.0
0d6578d61b541cfbed28d079d1f0ab6835352ff5fd7251a131f8e674973a3ec253c3c245f858773e0702b8882cb579e10bfecd08795772d4c3850e99bfd72e96,CLEAR,DAYLIGHT,DRY,"OPERATING VEHICLE IN ERRATIC, RECKLESS, CARELESS, NEGLIGENT OR AGGRESSIVE MANNER",1.0,42.0,2.0,2.0
0d6585f3542f8ffc188586a249068f32a2bde6eea78f714086641763f8a0d79569feca2298be553a2ee7a2b18509fe6da323865c8a2f2ffaf8d41ec85e6efc3a,CLEAR,DAYLIGHT,DRY,IMPROPER LANE USAGE,2.0,43.5,2.0,2.0
0d65924a30453fde6ba18b438e5d0947082f6bb369cd78d58539d21d7067d3bb50419f99971f9f013cbccf82c439c12124d6297bb736707099e7f4d472bc0bc0,CLEAR,DAYLIGHT,SNOW OR SLUSH,FAILING TO YIELD RIGHT-OF-WAY,2.0,60.0,2.0,2.0
0d65b29f840224291d6c0d1d7b8bc751baf4a802e4117501c0013b538ca1c30c43b6c2ec51085937e13771a50d2101b77c72eaf5b35b1efbf03afe59604c04bf,CLEAR,UNKNOWN,UNKNOWN,IMPROPER TURNING/NO SIGNAL,2.0,26.5,3.0,3.0
0d65d090ca4e97d23a3d7404371f5c61e9072c70ad6ea13f11f00d55e355c9a40d33fd9ad30543ec63eba0cf0e45a42852719e7bcef7964d8e0513fbaa92baa4,CLEAR,DAYLIGHT,UNKNOWN,FAILING TO YIELD RIGHT-OF-WAY,2.0,28.5,2.0,2.0
0d65d167c0b07beaff731a8c5467339136ef83b3bd1dffb80009c3866eff211a8eb76239bbc553a6ea51b43599440a832d1812ab8fc01b1a6e25d0b1235a9c28,SNOW,DARKNESS,SNOW OR SLUSH,FOLLOWING TOO CLOSELY,2.0,36.5,2.0,2.0
0d66269a515c63d69190374d256dcec08f220d74b034bd6b460e8ec7c51e6ddc35062406e2dee6b59e4e1d8ebd99e6121e77f5fec0b308dd7e32a4ec707a3c22,RAIN,DAWN,DRY,IMPROPER OVERTAKING/PASSING,2.0,28.666666666666668,3.0,3.0
0d66788654722e3ed3770831f7526a8a7595d40d542a345a8f4101a507140f5dac0a319792ed3190dae906acd95bb5949c5c1532f12a8300534351f96c71b783,CLEAR,DAYLIGHT,DRY,IMPROPER LANE USAGE,2.0,19.0,3.0,3.0
0d66c8ffded5a2ebdd2650b62cd907a595edcec37f3d194a08d2b04ada0980bd689fcd9f241ed0d2ca0060c9f0fdea05afd46634cf795a1af5dad9e0aef27dcb,CLEAR,DAYLIGHT,DRY,FOLLOWING TOO CLOSELY,2.0,56.0,2.0,2.0
0d6708bbe51ba69fc896c37a68783242b8141f49af43c11ff74373516ba5447d70ce8bcbb006bb74cbed2b82b17971636f864f7e5bbdc9d3ae68bb4d1ccffe55,CLEAR,DARKNESS,DRY,IMPROPER LANE USAGE,2.0,25.0,2.0,2.0
0d6712d27489d5143beeed939e1cd25d564590273a99d9aa88b610dfa8579c97eaf1313cb7c3efab6a64e2e8039f2f0d8b6cd514082f391502f0eddfa5e201fd,CLEAR,"DARKNESS, LIGHTED ROAD",DRY,IMPROPER OVERTAKING/PASSING,2.0,23.5,2.0,2.0
0d673665e6d6db74730806b478f4ab1920af9d5948a0527f64f538327d29dbf28db26867774cc647d2003a06bbaf99b120a54ecdf1e73a463006fc3e1319318f,UNKNOWN,"DARKNESS, LIGHTED ROAD",UNKNOWN,FOLLOWING TOO CLOSELY,2.0,30.0,2.0,2.0
0d674b7ef5c167bc7572c177e9dc859b9eef05547ecd7df59cebf51a51196706233e83b34be2539f570f074bd42e6e36431040fe7f8c240d70be3908c7e3cc6e,CLEAR,DARKNESS,DRY,FAILING TO YIELD RIGHT-OF-WAY,2.0,30.0,3.0,3.0
0d6752505dea44e33ca34332ffb1711a9b522f7fe7cee878cd18edb681501020b85f6ed0417eb9ce1d071aba43da097a50f58618936b9a2321818ed1cabcffb0,RAIN,"DARKNESS, LIGHTED ROAD",WET,WEATHER,2.0,32.5,2.0,2.0
0d678f4cb88c1200f8cc0946e7b85c7b20aabd3980dd3f8b7f0bcc9b6d0842f6732a37c656c72eb3ac2dcc1bf2faef63d320f22ad2210a39b1c79f151253abdf,CLEAR,"DARKNESS, LIGHTED ROAD",DRY,FAILING TO REDUCE SPEED TO AVOID CRASH,2.0,37.0,3.0,3.0
0d679ffecae38d541c9f200f048e05b18e1d86a4764d0b570e67d7a61358d86b07250ef6a40596f7dfca1eb345318c4511580254eb5201630439967bee08fbb4,CLEAR,DAYLIGHT,DRY,DISTRACTION - FROM INSIDE VEHICLE,2.0,37.5,1.0,1.0
0d67c638875a6008aeac32240579b52f3a56225098d3cd3666761d5333b6ebfbe72b6ca91362aa15a1b6f77e8fffef1a9c0746cb0471d58200ba9d286b4a0eba,CLEAR,DAYLIGHT,DRY,DRIVING ON WRONG SIDE/WRONG WAY,2.0,64.0,2.0,2.0
0d67f8d4fe53f2d586d6b842f0d5269510abe3acee67cadc438c2c72fdc61498218fcae35fa51316f94bb225320ffd865a9e82778e918596bbfaebf30b92876f,CLEAR,"DARKNESS, LIGHTED ROAD",DRY,DISREGARDING TRAFFIC SIGNALS,2.0,27.0,2.0,2.0
0d681fa98a7508b351214dab5d2c6c6ca087717842e4048f7952a6982ad70da94317a7ca65dd782e2d3a111bb19446a76c16588d20ccec64ffa8aad5ce8311e5,CLEAR,DAYLIGHT,DRY,FAILING TO REDUCE SPEED TO AVOID CRASH,4.0,29.428571428571427,7.0,7.0
0d684004bf8c9a5d553c5bbaa4a1acd53bdf67963e4c583e12fc812156cf4b1377ef4124cb58f5dab2d560ac9baa0a278eefc2f482c3d7335d168f788fb76afc,SNOW,"DARKNESS, LIGHTED ROAD",WET,WEATHER,2.0,55.0,2.0,2.0
0d687fc982fdb036d2f25196ac4765b73dc10ce20b1425275fdb32b0464fd0caf485b309d96b03350ad0b39155661977b6ed1db66f3f364f69ada2456a094836,RAIN,DUSK,WET,FOLLOWING TOO CLOSELY,2.0,40.0,2.0,2.0
0d6890bb1a8b6f97611937f3dbba55c09f0e6d8a868e2c226dccd9e00833fba1894fea1bca637c178abb256e1bb4b5e80d9d6ac727507b93fd534b2149ea5898,RAIN,DAYLIGHT,WET,FOLLOWING TOO CLOSELY,2.0,38.0,2.0,2.0
0d68a42d9a8d7c7cdf68931d83782489babd39415ea2b7c5b2d30a677e79cda1f71a932e534d9e417fa953896cc6c9656d8d996475b037ddeb7f8272a055007b,CLEAR,DAYLIGHT,DRY,FAILING TO YIELD RIGHT-OF-WAY,2.0,35.5,2.0,2.0
0d68dc3961824b731c71a2a132e911050b62bf5a22e089f3e81a30bc279965bad8df2e4374e73fd19de17fe14814894f75788eb56dcbf7141dc55683b0ba4a03,CLEAR,DAYLIGHT,WET,FOLLOWING TOO CLOSELY,2.0,37.5,2.0,2.0
0d68e0f8a11586fbfa5df20a6a9eaad1224c6c17e643f8d8b21cef97e06dfdd228137c5e88c3c56944a0931dbd0fdb5fc63fc89e1cebbc82bd4f45a81da381e9,CLEAR,"DARKNESS, LIGHTED ROAD",DRY,FOLLOWING TOO CLOSELY,2.0,38.666666666666664,4.0,4.0
0d68e97f869a31163ec00e9fcef2480a7c576e0930a0ec6aa8a34814045796cf82cd9258d73bb3ad380ca66c1462119adb0e17a96be6e1327f404eaad137c304,CLEAR,"DARKNESS, LIGHTED ROAD",DRY,DRIVING SKILLS/KNOWLEDGE/EXPERIENCE,2.0,34.0,2.0,2.0
0d68fd5325a3d6e4c579191d481ae397a6c40d5dc9015a9c11b3096e9bfb217b488e453dce2e045143f8d95932be97c41482f3a04013a9c247148134d51a2163,CLEAR,DAYLIGHT,DRY,IMPROPER TURNING/NO SIGNAL,2.0,64.0,2.0,2.0
0d69033d4255d1a37e7c9137693da92db0ee245304074038ce36663cb52684640513e1c49449c9257f5f7b489b2c3a4ab8410c0272d3e740718a881c18f430c1,CLEAR,UNKNOWN,DRY,IMPROPER OVERTAKING/PASSING,2.0,37.5,3.0,3.0
0d6908004150d9543f3b851614669ca6882f3c5b610131fbb425363c3496cf4bf8be4a2b0fa7c66e21f9be7055d90656be288a54498d33564dfe64571677b455,RAIN,"DARKNESS, LIGHTED ROAD",DRY,FOLLOWING TOO CLOSELY,3.0,50.5,3.0,3.0
0d696145ffee6f9e2e00baa941595c7d75f45e94356e8298271995c4fc7f95a289becfbb83148c9568ba19c2a34dc19952a795d021b85e2491ca7daef2feea00,RAIN,DUSK,WET,FOLLOWING TOO CLOSELY,3.0,28.666666666666668,3.0,3.0
0d698a8415e910025156275a1f4150694da415b692129a7537263fd4fbbe07caed746c0f76cb44af92a9e139de9d7834cc4b3cd9bbc900a662ee04c46fb1841d,CLEAR,DAYLIGHT,DRY,IMPROPER TURNING/NO SIGNAL,1.0,37.5,2.0,2.0
0d69b1891141610683ab73cee78651f3aaa45c3732fe3d4a9986486d007f4c460148923611663fe81b66168abd290cd6c3820446a52e467829d74fbda56c4787,CLEAR,DAYLIGHT,DRY,IMPROPER BACKING,2.0,57.0,1.0,1.0
0d69c4f9294ebb700a84d342a653230db6aeac29b58c904ca129e3be3f2d2b67e1a26bb143af313cc473ec1d0c4f4dc7e8ade6f08a4e963f6bce3a2ce702c324,CLEAR,DARKNESS,DRY,ANIMAL,1.0,44.0,1.0,1.0
0d69e5319ad79895509582ece57442563dc339a48721516e05e9caa0fcffa0d0f418428d38e8330a7f9f478604b6852a9cfa122fbc9f96f9e06d568158677119,RAIN,DAYLIGHT,WET,FAILING TO REDUCE SPEED TO AVOID CRASH,2.0,40.0,2.0,2.0
0d69eb5483bb7aaee793ed1c4872fc760a8522e61ec3c742bf9d1b9f1107499a578e612dc76a760df070a0833e8b4859fa33874d04d97d9920fa004c80f7e6ea,CLEAR,"DARKNESS, LIGHTED ROAD",DRY,DRIVING SKILLS/KNOWLEDGE/EXPERIENCE,3.0,19.0,4.0,4.0
0d69f9619b15dd31c3c04f46f24f53598efa8adf68b6cff5838838931a13aa2a9fd984ab1884c4358e84fc5bb2b94ce0809a553fb994db7211c644e9d36cecf9,CLEAR,DAYLIGHT,DRY,FOLLOWING TOO CLOSELY,2.0,39.0,3.0,3.0
0d69fec053d6ec2297295713518309802bc97e48d55d55308dea98dd2a181c8b743304511e63354f0de579bad4f947335caf74dd7549b61b9631d958d0057cff,CLEAR,DAYLIGHT,DRY,FOLLOWING TOO CLOSELY,2.0,34.333333333333336,3.0,3.0
0d6a0dfa9d6278f5a264149dbb9f10c43f732c665a0b47438d8f9c89eab2397d7362148a33a496a3054a533e519aca67be9d5d6af8d4297f5d1b874031ad2f1f,CLEAR,DAYLIGHT,WET,FAILING TO YIELD RIGHT-OF-WAY,2.0,43.0,2.0,2.0
0d6a2398404cc243c88cb05bff8714c591e1c12247f384f468dcdf3acbf9891d9d7c9b22258fa5b4f270714ba6a363f9a8da5cbe97c1984f75d7a2c351b731c1,CLOUDY/OVERCAST,DAYLIGHT,DRY,IMPROPER LANE USAGE,2.0,47.0,2.0,2.0
0d6a2e64e7a2d940f1446991b5e598968351498bba5b363d0bdcf49fb0fc57dc7cd5ef1bb4145d4e8aee92ae3441a4f64f765ddae3e869c9a9efa427da1fbbef,CLEAR,DARKNESS,DRY,IMPROPER OVERTAKING/PASSING,2.0,56.0,2.0,2.0
0d6a8b34b8aed79459ddff812a598a975807579acf2915940da9d68ee8425960e0a5ec65bf0c1a292b58dcc1e7a7f14d5922fe4c538cd7fdeed4ac88615258d0,CLEAR,"DARKNESS, LIGHTED ROAD",DRY,"OPERATING VEHICLE IN ERRATIC, RECKLESS, CARELESS, NEGLIGENT OR AGGRESSIVE MANNER",3.0,67.0,2.0,2.0
0d6a988ae1387a6d807890a050211c4c70c06781391978505c7ba04fda298c3f789183f66dfea4ab4729d149d14272e3358119eb10d77e5f4c0c75b9a4fc1992,RAIN,DAYLIGHT,WET,FOLLOWING TOO CLOSELY,2.0,10.0,2.0,2.0
0d6a9a48a54cabe40ad1239809e9c815070db635992ffda84abaf1dab2a6168d653a3c273fdcc52aaabae0c1a7d93135af88afac799660fcbd68d47122468282,CLEAR,DAYLIGHT,DRY,FAILING TO YIELD RIGHT-OF-WAY,2.0,36.0,2.0,2.0
0d6ac23f1e7d95bf4bcbe0263c5ea4842c1b02bb0abb702f1f2282c59050c646cc7cdba924f9aaec3261c841f347647cf9fd013d80f1d818af76f2ae8acc6ccf,CLEAR,DAYLIGHT,DRY,IMPROPER OVERTAKING/PASSING,2.0,15.0,5.0,5.0
0d6ad0118021834bb2de56fc60130570f54adab5aab5bfcc3e5ef77c79e152c0eb82707b3f169fe62d79d14e1f688c732ed413694a0b7545b848a1e8c9f5afdd,RAIN,DUSK,WET,IMPROPER OVERTAKING/PASSING,2.0,31.5,2.0,2.0
0d6ad6d362481dd46d8bf122227794b6e254c2dccd23ae07d39f1bca3d52b08d2ec0fd90b99219b3b9d53e37a5fe6590959f3927ab0a5d3c0973aed88af7d5c8,CLEAR,"DARKNESS, LIGHTED ROAD",DRY,DISREGARDING TRAFFIC SIGNALS,2.0,24.0,3.0,3.0
0d6ae24d31e72cf0d9bdf5e679906c4cddf7591c0c116faaf76225e6d95bdc643c4e3417773b1f576ad29811f301c5fffbee0e6f4a865340eaa963f6600f36ec,RAIN,DAYLIGHT,WET,EQUIPMENT - VEHICLE CONDITION,1.0,62.0,2.0,2.0
0d6b143dc62cfa484783a2635edfa0289976506f2421e5ad4a5acc4b97c60a9260f9002f6e7a1281e1e35af3bdc041c00ab1656131c7b4f40973d7cbaab9c7f5,CLEAR,DAYLIGHT,DRY,DRIVING SKILLS/KNOWLEDGE/EXPERIENCE,2.0,76.0,1.0,1.0
0d6b58c5ad1cf71b6f16f8091d3d0eb0336d4c77578880119ac3580f0d1eb51ac33e0b5e22e0822818890b17ed44f44d1faa6f4ba392d35fdeb38cb81e296a79,CLEAR,DAYLIGHT,DRY,FOLLOWING TOO CLOSELY,2.0,0.0,2.0,2.0
0d6b67163cab155e6e0cd42a73edf93de2507af066d526eb925b62e9a706c7dcc9c48237c7db1b4003ebcd9d080f447ef3bcea54c1ae989fc8f7da70c9c10a65,CLEAR,DAYLIGHT,DRY,IMPROPER OVERTAKING/PASSING,3.0,59.0,5.0,5.0
0d6b7e9bae628d7c8798d6bfd7a1fc4f8e33bc4da6124933ca64315c1a4d87be4c9c3a8611f31d6404f794ba381e61ed9c7abaadca968bf18d86a300369c1c3d,SNOW,DARKNESS,WET,IMPROPER BACKING,2.0,59.0,1.0,1.0