crash_record_id,weather_condition,lighting_condition,roadway_surface_cond,prim_contributory_cause,total_vehicles,avg_driver_age,total_people,total_injured
0d6b8b409cb52a1767277dd9a6ee0865cd4e7c223da3fa394175ea4d12ca3f84a02a45db0206a6051d616aa5e8f2b81543da79618fe714d159244ad70c0b9cee,CLEAR,DAYLIGHT,DRY,ANIMAL,1.0,33.0,2.0,2.0
0d6baca1bda77dbe7d8d4053f67db84d821a141ad70268a723797ed69514741ca34187fb12d71a1881201e78ec5f3d5ef40d62d76414a011ae03ec619ca41328,CLEAR,DAYLIGHT,DRY,IMPROPER BACKING,2.0,55.0,2.0,2.0
0d6bad76f6db5e8e15920d93d5e8af5d71c4e9bdc5e3fb96b71cf2d4a03db7f6a989eb29951bea678540bb979b42a9eb8dba1b4c5fb13f3696472bb625ee8c00,CLEAR,DAYLIGHT,DRY,FAILING TO YIELD RIGHT-OF-WAY,2.0,72.0,3.0,3.0
0d6bbeaa1a4fffa603a6d40eaef1c99e33d9628f9ebdeda7f9a2ce0a93e91b57d7b7849ef88274dd24d516c7126ddf723712ab27892d41a61d0b163c86c09c1d,CLEAR,DAYLIGHT,DRY,IMPROPER OVERTAKING/PASSING,2.0,27.0,2.0,2.0
0d6bd08684f886b0372872ecf37d6fa3aaae503758ab9983041de9765ba82c34272df5824a763eafe13f7b3054fab72540d64346723d7fef32379e4e09548fc0,CLEAR,DAYLIGHT,DRY,IMPROPER BACKING,2.0,47.0,2.0,2.0
0d6c79d9babdd31b00328412703b91c6e2b28d61c43f32630813f7af2e26ce989e168e1a8ee6123d86ba73a3b4163bdf5dc53be51e0bc986132ac627442182a5,CLEAR,DAYLIGHT,DRY,FAILING TO YIELD RIGHT-OF-WAY,1.0,50.5,2.0,2.0
0d6cbc0fa54a45ae3067ba7de1dbc61a56e84ab2b923fb1b54dccc2045b3bdea245dbaf34d7bae6b45afea81e4c6ae538a45f7b760f568d1e827c51584b11939,CLOUDY/OVERCAST,DUSK,DRY,FOLLOWING TOO CLOSELY,2.0,68.0,4.0,4.0
0d6cdbf70256ca76305bf8ba9cc33b87f21c427a0a2b0064cec767548b786cdec5fb7ef381a4c628d756f9842783cdfa8afa8b9ce1da1d9d82cb99064f3b28fd,CLEAR,"DARKNESS, LIGHTED ROAD",DRY,FOLLOWING TOO CLOSELY,2.0,40.333333333333336,3.0,3.0
0d6d101e1c6cf9f5e73deceb796bb553cd30efe529cf728deea8bbd9039f117721af5bf2ec2782943733f9557be185d6eab0c77ce878978d0960821f70274bf0,CLEAR,DAYLIGHT,DRY,IMPROPER LANE USAGE,2.0,51.0,2.0,2.0
0d6d22c3d7a49d621f38bf1e99caac360a00c84ac2a9a6a85eb78eb13f6fab93cb5691a8d0ef728f4e35f29027c486add9d9123e730c29b817a4b5bffd5796b9,CLEAR,"DARKNESS, LIGHTED ROAD",DRY,FOLLOWING TOO CLOSELY,2.0,23.0,2.0,2.0
0d6d2a74b3782955ddadb8fd09fae8063488ce0670136378e17cae34328402460668363082c1e97a4c0fcf53b31b874f3f3c78aff9382e57385b2b1a326d89ce,OTHER,"DARKNESS, LIGHTED ROAD",UNKNOWN,DRIVING SKILLS/KNOWLEDGE/EXPERIENCE,2.0,47.0,6.0,6.0
0d6d37f5ccaf68feba617996d4e65b1154d8f23895814f0ae96d699b3ce79e0945546a635c284ddb0ae8f19da0ea11715bb12d4de0be047365646aadb06e7c4c,CLEAR,DAYLIGHT,WET,DISREGARDING TRAFFIC SIGNALS,2.0,41.5,2.0,2.0
0d6d5edc040b1785aee0df4356b278c65e57aca5d9d109437504170210bf6e926c8cf7c78e140a09bd83303fe9b4cbf42489946aec159a45b372a54461530c9b,CLEAR,"DARKNESS, LIGHTED ROAD",DRY,FAILING TO REDUCE SPEED TO AVOID CRASH,2.0,46.0,2.0,2.0
0d6da4396a3ce6c74d0c6cd41e3abf8470765c5615c00711726cbdf2c9ae1ad2f5f26cbbc47c3178629ceaa3882bfeb87eb88a705b37c33c1aed133ecd86706d,CLEAR,DAYLIGHT,DRY,FAILING TO YIELD RIGHT-OF-WAY,2.0,65.0,1.0,1.0
0d6dabd64166718efc87a150707459b744a6fa2355805b473d624325ce51ef5aa336217fb9ded27e418d314ab6e95017bdc4cdab7192fc134edcc1dd5ad340ef,CLEAR,DAYLIGHT,DRY,FOLLOWING TOO CLOSELY,2.0,39.333333333333336,3.0,3.0
0d6dc9ccb1f856aee8465388da34199854863042cd2e5c3121a2acf5d6e815baff86e893b62ae9c0fe36d5726c2d7b7e2ba63bd8b3df075aceb6944b686ad684,CLEAR,DAYLIGHT,DRY,FOLLOWING TOO CLOSELY,2.0,45.0,2.0,2.0
0d6e2682734c86cb474dacdd3188d23e9030989339446d05abe3f396d4a5e1c3b9a61639e8f8536d6117ffd172f1d0e0e58682cefb6dd78327aa1aeeadb1b487,CLEAR,"DARKNESS, LIGHTED ROAD",DRY,IMPROPER TURNING/NO SIGNAL,2.0,40.666666666666664,3.0,3.0
0d6e34784bfeaf1d08b4f23cc2b7268f8b25a8526d9dcb98152b9844bd05c6ec0988faf5c832736816efd0d143ba2244a17d0e039bb36f2d8393a50bfb6631dd,CLOUDY/OVERCAST,DAYLIGHT,DRY,PHYSICAL CONDITION OF DRIVER,1.0,37.5,3.0,3.0
0d6e3f87746d5d81dc105369bb3837bd02f36c825dfe13bed6c22032b0ca5e2e0e3686bd88a76acca222fbe8bcc0c43b7b3c8b51bf24120fd3dc0982a5944ff8,CLEAR,DAYLIGHT,DRY,IMPROPER TURNING/NO SIGNAL,2.0,24.0,6.0,6.0
0d6e454d47f673b0c03739f5cc8de8fea4f486e14446d9c164488c4026f9a8ee799d9bcfe83585f8a1486b7a30c7b02e6ff7bd7fda6831ff3e9e459717959356,CLEAR,"DARKNESS, LIGHTED ROAD",DRY,IMPROPER LANE USAGE,3.0,25.0,1.0,1.0
0d6e5dccde2a07e4f986e974ec8caa0ca04be2a9202ceb152f937477905216a6c972787a116f21cd5ebf4bdcd21a76473cf8db27121ac331cef639f7b728e2f6,CLEAR,DUSK,DRY,FAILING TO YIELD RIGHT-OF-WAY,2.0,44.0,3.0,3.0
0d6e803768c87d3bdeafb16026de0c9c370afb269f166e35637575f5780617f9ce9975f898361e983a8a3a5427f995dc99a09b1155ad010f30e42c405757ed7a,CLEAR,DAYLIGHT,UNKNOWN,FAILING TO YIELD RIGHT-OF-WAY,2.0,45.0,2.0,2.0
0d6e95239595577cf48d7a3ee1e8ca9037a1909994dce4aecc0de1f49eab02eae9166caadafe3e470b026a3102dbb0046772c5447c1fb7f1385305fd5af78488,CLEAR,DAYLIGHT,UNKNOWN,IMPROPER LANE USAGE,2.0,52.0,2.0,2.0
0d6eb0b430473819335d871abf148c7345698c5f294ffb0c056de2a98ceb18bbc9c2156ac749ec763fd0bc8d55c6ba31961125136ab3b2bf3ae8fba81094ccb6,CLEAR,DAYLIGHT,DRY,FAILING TO YIELD RIGHT-OF-WAY,2.0,48.0,2.0,2.0
0d6ebe4bd6c20c65bcaed9ef29eaad09fa07a9165adcc9bc9dbfae683f98f1c523826d098e2afbdd0947316911c4280be1ecfe57461242548d419e4ed879d3dd,CLEAR,"DARKNESS, LIGHTED ROAD",DRY,FAILING TO YIELD RIGHT-OF-WAY,2.0,34.75,4.0,4.0
0d6ecffb75fbb77bd4c187df23570658ad5145c07c25b27348600acc97668a9052e1c08c13786565dcde32eb4df53b0717e137356b66eaf92b78a4f01364f7fc,CLEAR,DAYLIGHT,DRY,IMPROPER TURNING/NO SIGNAL,2.0,25.0,2.0,2.0
0d6eeaa4df19228965e58643e84b7ac2edc0f0911fa2b8a0854a4e36d542d52f024aa5bc00d9a6ebe32f72e611ebcbbbfe3d284c16bc00247f3a7b812cd2fb33,CLEAR,DAYLIGHT,DRY,FOLLOWING TOO CLOSELY,2.0,25.0,4.0,4.0
0d6ef11fa2a7638e7a0ee9b5759fbff0aeca91fd922954fe8496cb8a8edc05647ec021a4cbc50769737720ceda8d5e3193daa53676d727c9f0609672893f2e35,CLEAR,"DARKNESS, LIGHTED ROAD",DRY,IMPROPER OVERTAKING/PASSING,2.0,40.0,1.0,1.0
0d6ef406698c4c6d7a1a105af62055e352e265b268cfc400ae3c2115b28b0848f1963feb9f059faa35e6beb56564b3cfd23f08b12e66698f5cd9e5aec63d1fc2,CLEAR,DAYLIGHT,DRY,FAILING TO YIELD RIGHT-OF-WAY,2.0,35.0,2.0,2.0
0d6ef5021f55c7ba6c492e0137b07974ca7434318a5410e5b15615ce50114211766b66c0dc9b90b4f579b775f93faf9f2cd53c9885f5a093023a7b3ee8452541,CLEAR,"DARKNESS, LIGHTED ROAD",WET,FOLLOWING TOO CLOSELY,1.0,56.0,1.0,1.0
0d6f04f446a7eea8081148dbf06333b71c1d701ccc21663f041257b39c915a50ea24557c8b70c8cfe50b613fd6e809ee4d5c605b53fc0ea13f45e9790d63e6fa,RAIN,DAWN,DRY,IMPROPER OVERTAKING/PASSING,2.0,28.0,2.0,2.0
0d6f48a2ea6191e125fb1b3cb1ad146cc80a0a44ccc8b2eb65b4063381fbecfca9898c39604ff3960e32b9ca30d30127320ef2f28f3153b56c599d550dab7a80,CLEAR,"DARKNESS, LIGHTED ROAD",DRY,FAILING TO REDUCE SPEED TO AVOID CRASH,2.0,38.0,2.0,2.0
0d6f9c799383403ee8ff37eedda82c2775cef4ae28a982b0d017f052f02f7e5d6e1eb45378604bc0d3db5dcf7f1bc0efee1ee7fc47ebf8cdfc428b2396fb39d9,RAIN,"DARKNESS, LIGHTED ROAD",WET,IMPROPER OVERTAKING/PASSING,2.0,48.5,2.0,2.0
0d6fd2e96866d6c4569e489093e8ec776a206ec874e8562910327de316431339558a41845edf64f7871a1a5d54899a4d191f5de1b054ee3e31cb779c6f7a4603,CLEAR,DAYLIGHT,DRY,"OPERATING VEHICLE IN ERRATIC, RECKLESS, CARELESS, NEGLIGENT OR AGGRESSIVE MANNER",2.0,40.0,1.0,1.0
0d6fd8808252df9a3f19241a609db02d6fee3fdf188fbc7780e0f5eff062b54e0d417fe898ed034f11efa75a53507a002e5482a163857f89e309ecfe29e197a5,CLEAR,DAYLIGHT,DRY,DRIVING SKILLS/KNOWLEDGE/EXPERIENCE,2.0,53.0,1.0,1.0
0d700742b054967f027e2fd964f402c588913a0cb6a7c010ec71454fae193c3bfc774997cca1887a012b5b4716bf32746ffc80edcdf569a5991b77773a3a82cc,CLOUDY/OVERCAST,DAYLIGHT,DRY,FAILING TO YIELD RIGHT-OF-WAY,2.0,50.25,4.0,4.0
0d701e3ed412d233d215036d1cc6a716b2541ec2f9979c11baa6daff8b8d66b6500ae9048460f20e15954e140e2665e899966356ed621b0f558481848efec660,CLEAR,DAYLIGHT,DRY,DISREGARDING STOP SIGN,2.0,42.5,2.0,2.0
0d702f7bc4001d0e914322c5aac2837bc91687ae499406356746b0a7bbef4c70c27c6243c24b3ccd4b485d14927144b161965bf8a791cab7efacb0f1163466f1,CLEAR,DAYLIGHT,DRY,FAILING TO REDUCE SPEED TO AVOID CRASH,1.0,49.0,3.0,3.0
0d703a876456f5f5caab05151fb9ddf72bea4105fa114a0477c2dbaffd89c29239e8a6a740f19bf588ef874321207e5794aa8767a3bbbd27183eb09309499fa5,SNOW,DAYLIGHT,SNOW OR SLUSH,WEATHER,1.0,47.0,1.0,1.0
0d70688812a750ef22e0df3f9c3a931c3a2e25349e134bacf62c1a13b960568da7ec328c9a6f18848fb1af26bb034dfe22bc07e3d287e5d7f2d6699d3b8b315c,CLEAR,DAYLIGHT,DRY,FAILING TO REDUCE SPEED TO AVOID CRASH,2.0,32.0,2.0,2.0
0d7075b657167685583e4da8173192f9f81749653f97a1f8884f5154acbb0000876e6314584cc07d77fc69c52cf23f66207eee2d8d8e17481e8927c3c3ac0d3c,CLEAR,DAYLIGHT,DRY,IMPROPER TURNING/NO SIGNAL,1.0,22.0,2.0,2.0
0d70ac4ec5720e053dea291cf3360c0a2e814b61f01307d14c5a1e41e2a24f62fcf1a7f6165f6262513534799e9c997c151f03f6322c58396c02ff5b02f76935,UNKNOWN,DARKNESS,UNKNOWN,IMPROPER LANE USAGE,2.0,46.0,3.0,3.0
0d70bb25d3916ca8fd0806a8ce7baa2aba8e8b836b8f538f65a8b2ae30fd53d44a0ab6bfe42b7d5dcfd1c1946f137237694af8fb22923acd53226304e4c0454f,CLEAR,DAYLIGHT,DRY,DISREGARDING STOP SIGN,2.0,41.0,2.0,2.0
0d70da873909af209872d24a108cadf62d1b6b9f70dc889b96c9de7ffd9a20612210d38969c9a46c719c0adccd0d49c4876e410427be95be977760da5f8a4dc5,CLEAR,DAYLIGHT,DRY,FOLLOWING TOO CLOSELY,2.0,24.5,2.0,2.0
0d70ee2efcf0f6a11da997b9dcee9049ba39438730ac2f843afa00ac95c43ebd92badeebee7087895be1f94a9c3fe850083a5febba048512d16cb94c3542490a,SNOW,"DARKNESS, LIGHTED ROAD",WET,DISREGARDING TRAFFIC SIGNALS,2.0,36.5,2.0,2.0
0d711e82a84cbb90fdfe8be75122e07ffdc282bcb92e9dbd5d3a043dd0d53985c18fb0d4ff6bf071b4d535cfd59151f4b875fdf49b41b712f5246475a1f0aa12,CLEAR,DUSK,DRY,FAILING TO YIELD RIGHT-OF-WAY,2.0,25.25,4.0,4.0
0d71301e67761d8f87d914c1f9a6938888e99c1727d208905fccd1e8276842e71c7ce980a1f44a6ae782b7e738b9e48893f2968b88b52a1b211db987cd6eb271,CLEAR,DAYLIGHT,DRY,FAILING TO YIELD RIGHT-OF-WAY,2.0,38.0,2.0,2.0
0d715114143052c9ae72e6302cc3dde25d52985b322d5503fc9056617e53a02d15a468a1a421fd07dc9d616c3a36b3cbe6b53546226616776334f385fbbf32a1,OTHER,DAYLIGHT,DRY,FAILING TO YIELD RIGHT-OF-WAY,2.0,33.0,2.0,2.0
0d7159dc62ee2efcb402f0077d267fb7f058050d3e874a1e11f4739f61fedb8752f911cbe340536f546ed8c9733a6e1da92d1e94ea5ee5ece04725e4c45aeefe,CLEAR,DAYLIGHT,DRY,IMPROPER LANE USAGE,2.0,40.0,2.0,2.0
0d71626dbcd8d128946622fe3d7c5b1cdc3fb3fcfdb891594e831432c528615443a2d0b4dcd8f925db1ace6005e6091569371e4d0341608d4770c48259d2671d,CLEAR,DAYLIGHT,DRY,FAILING TO REDUCE SPEED TO AVOID CRASH,2.0,33.0,3.0,3.0
0d71699b3c93d5ec471b172be808c6e0f34a0521a7b3464041d57840cb6834804c597f45ec03994e0a3c6f7dc2862c2bb49c18da160e4472dec19e2b071e72e8,CLEAR,DAYLIGHT,DRY,IMPROPER BACKING,2.0,52.0,2.0,2.0
0d717fc02e924f346af128b5819bdd939bf909a090670ee842760562632b3339faf5731bf1c3be605cad20a3f998edb8d67542ba8b0fba17276a91fdc42d860a,CLEAR,DAYLIGHT,DRY,FOLLOWING TOO CLOSELY,2.0,41.5,2.0,2.0
0d719e9d312287612620dab745bcd43dc30718f7df94557ac60a82a10be03e634d1e2ea7c14d703c99388ec3ac47f1cfef042f6463f680202ab120aa8a5f102e,RAIN,DAYLIGHT,WET,FAILING TO YIELD RIGHT-OF-WAY,2.0,43.0,2.0,2.0
0d719f3648e60456541a8ad6250cd03d0f0a0bd3fa65b4ba268df8b7b71624f511c94cacad222f29e7c9fa7ff23a1d99070598a432e2d3e26421244daefd8358,CLEAR,"DARKNESS, LIGHTED ROAD",DRY,IMPROPER LANE USAGE,2.0,33.5,3.0,3.0
0d72483d5ff52ce2df5fab5431cc9e54661260c2fcf9754c8253881c5e92cf4ec356444dd01dd8d29d7bc187970f9d9ff0ba87e47c4c6a5bb38bdc55581f6664,CLEAR,DAYLIGHT,DRY,FOLLOWING TOO CLOSELY,1.0,17.0,3.0,3.0
0d728b1c0372b7defbccf000f5c144fb0a89c2357b56af0551e15252a3b4b94c235cf55ec2f5b49f8be31debd2d22ba8e5647e1ffce6cc49dfaa353820637a1c,CLEAR,DAYLIGHT,DRY,IMPROPER LANE USAGE,2.0,51.0,2.0,2.0
0d72a146ea8bcd6d915abe86a3fe403891e29051973b304668cf85b376f86bfa0529acbc468fb38a293b57425e4f7bf3dcbca1e9ab4857d143be07d4b27d40b1,RAIN,DAYLIGHT,WET,FAILING TO YIELD RIGHT-OF-WAY,2.0,54.5,3.0,3.0
0d72aeadc656ad610dbe77e08f6c1adababc5f163102266e183f40c4da327c75332adbf0052c1312b5a0e11dc7c858d07f3e7252ce0bf38a770babffad645e5d,CLEAR,DAYLIGHT,DRY,IMPROPER TURNING/NO SIGNAL,2.0,43.5,2.0,2.0
0d72b74963eb8cc8112f67e5289ffd09ac0f7cd83322ced031d918824a29517abc31161d1a44f2c4b4b538b7fff6bdb92c1d992a67bd72b3d4cc6eeb52ff32f1,RAIN,DAYLIGHT,WET,FOLLOWING TOO CLOSELY,2.0,28.0,2.0,2.0
0d72d368a0bdc999a3369b83ebda625c4636099947f4ba1eb53320befd19da5ca979a2fc4f630bc56388ece5f61ead3e43b4c8466c34e404486aae34f73d79b7,CLEAR,DAYLIGHT,SNOW OR SLUSH,IMPROPER OVERTAKING/PASSING,2.0,33.0,1.0,1.0
0d72f1075409960cc753433499b1d7c2a7f138f6abb98d3facdb4d9adfc73a1e213dabfb0a3539da197db4a68fbcc156053fe23421980b60c88ea15dc8696d3a,SNOW,DAYLIGHT,WET,DISREGARDING YIELD SIGN,2.0,41.0,4.0,4.0
0d73581f4215b95f771c565cad7ed9194ad03d583a631fc125b4b300a929b5eb5fe28f515ebd8a465bda3af78b3d471616de558b56c0aedb70200080c8142823,CLEAR,DAYLIGHT,DRY,FAILING TO YIELD RIGHT-OF-WAY,3.0,29.5,3.0,3.0
0d736bed7f1f7f93ab02f52b2151a03b7d1181bd17204853377cb4ad80bfec5c0a62a3a5a437ec994cc1f924d8c7f4c06be1f5802e21a0947ba6246f602b80e9,CLOUDY/OVERCAST,DAYLIGHT,DRY,IMPROPER LANE USAGE,2.0,48.5,2.0,2.0
0d737f40e5090865757d3f9de3b57afc6e009393f5312588947c78cc64c53f23ff546845fca2e2c37acf2adbddb90ce41eb607f727f52a441a997be4f389994b,RAIN,DUSK,WET,WEATHER,1.0,52.0,1.0,1.0
0d73bc0b9fe86c8db043bb88088dc0dd8814737b4f4f21b5fb93b3d3fb4fdc120d0b4cdcfb3e988b1a38837ad113b788df1e9483a7788837a6cf4b465cb16105,CLEAR,DAWN,DRY,FOLLOWING TOO CLOSELY,2.0,16.0,3.0,3.0
0d73f76e55723ed56b7afd2291a7b4fedd4c384c119b75fcc1b64ad7a6a86f8eb3f6e1581f885525f2c8975458c6470e70f84a1bd9c31cd3cb6944396bd7f4ef,CLEAR,"DARKNESS, LIGHTED ROAD",DRY,EXCEEDING AUTHORIZED SPEED LIMIT,3.0,15.5,3.0,3.0
0d7443a2be7ff2db8e0723726c536ddbb2b1d7830e2ffad58ec0b8010c081aa22c99bcdcaab38d9419b82e88a1634cf5dbe093f84ff79fc47ef95aa3f66a9077,CLEAR,"DARKNESS, LIGHTED ROAD",DRY,IMPROPER LANE USAGE,2.0,37.5,2.0,2.0
0d744651a4a0e351cc72892990541278004f3d69d0207e5363ae88cf46f923da0e5323b6da1b903a6bcc9d45a4a050513c409ac102ae8a4e3ebe56b424de82b0,CLEAR,"DARKNESS, LIGHTED ROAD",DRY,FAILING TO REDUCE SPEED TO AVOID CRASH,2.0,47.0,3.0,3.0
0d747de82cb8f8ec211a2af48f2ce7089bba12215099574ed005da109e9256a1391af0dd7ab20a2143ac8c7d49cca9df10fb6204bb63564adc45ba3c2ef582d4,CLEAR,DAYLIGHT,DRY,FOLLOWING TOO CLOSELY,2.0,50.5,2.0,2.0
0d748b009f40a9ae3807e136fd400925b521c929664da60dcf8abd876246cc10100a8da9c725204903d3a9749815343c1825185ead21516e0572ca92ccdd40dc,CLEAR,"DARKNESS, LIGHTED ROAD",DRY,FAILING TO REDUCE SPEED TO AVOID CRASH,2.0,20.0,2.0,2.0
0d74c5a2f048ab2acb4f4a60e82c8774bd482f982fc5e68294178a1dca693a178eb5eee132ae32df68bf14a6ca238813f0bd56a5f201bd94e55ca9da761c9a61,CLEAR,DAYLIGHT,DRY,"VISION OBSCURED (SIGNS, TREE LIMBS, BUILDINGS, ETC.)",2.0,34.666666666666664,3.0,3.0
0d750e737db8f9be1d7d9d83b19323bc3b62b7f70b4c19601da05e7ba5fc8cb69bf59d385d0ac54868628c963098e20289093ee42ab251dfcb53ba4485c92c08,CLEAR,"DARKNESS, LIGHTED ROAD",DRY,FAILING TO YIELD RIGHT-OF-WAY,2.0,37.5,2.0,2.0
0d751b71676bbf365ad508137fa71d143404a6623a182e9b5a050de136ac5a092a03d32ddb95e8b6694c573c68a82773287f39e5c509b44c45137dd041adb0f1,CLEAR,DAYLIGHT,DRY,DRIVING SKILLS/KNOWLEDGE/EXPERIENCE,2.0,55.333333333333336,3.0,3.0
0d752da73fbc4d0e3968322352fead41c193a498277c21e8aea3dd0f5512383b7991898f00db2f89dbd8953e78c13eebfb9d1edae02f23e8b48c304ea492e841,CLEAR,DAYLIGHT,DRY,UNDER THE INFLUENCE OF ALCOHOL/DRUGS (USE WHEN ARREST IS EFFECTED),2.0,65.0,2.0,2.0
0d754a5d4889df8c1abb4b3051aaa2d2a8e13c907897ef578b8cdce52e27eb4f91fe2a5c35e74683b326b9a9a4aaf06ae582dc0c478a16cc8af04acb50a2df13,CLEAR,DAYLIGHT,DRY,FOLLOWING TOO CLOSELY,2.0,38.5,2.0,2.0
0d75554dfbd5b27bd72a9eace00a4f6938a6aed62d8eb27b8e1ea765dd08e82cf7e350cbe101b8f35a993500675671389127442f9492ca90db7a76c7081b7e77,CLEAR,DAYLIGHT,DRY,"OPERATING VEHICLE IN ERRATIC, RECKLESS, CARELESS, NEGLIGENT OR AGGRESSIVE MANNER",2.0,41.0,1.0,1.0
0d7556bd91b05acd8cf63f04ef4065b746d858e587645cca011a51e099b7b24e45eb56845970aa8d83fe1c72bc982c11c11ba2db778093f83142e7033ce15444,CLEAR,DAYLIGHT,DRY,IMPROPER BACKING,2.0,27.0,2.0,2.0
0d7566f29f283f97c1d35445809cb8f4f66f8289816db879f17589c182794cef6ee3b25da2dc7ee8225691d3de7f2ebc182355fe885a434f48410cfa2d073de4,CLEAR,DAYLIGHT,DRY,IMPROPER BACKING,2.0,50.0,2.0,2.0
0d7589c0bfdf2e492246d4123831bbac1eb814f75316bd7c56aaebd76e289cf8a6d4be527b9f9231f54d7a5aa985f06fdeeefc60025d925eadc43aceea3f1b86,UNKNOWN,UNKNOWN,UNKNOWN,FAILING TO YIELD RIGHT-OF-WAY,2.0,36.5,2.0,2.0
0d75cb3072166a5b31a9d1b3ba559c70c3274149b6c2923ea4c1e53d001c64c627f7a40860354cff1181ba02a130491344447264766843fe5445599ca9bade6a,CLEAR,"DARKNESS, LIGHTED ROAD",DRY,FAILING TO YIELD RIGHT-OF-WAY,2.0,33.0,3.0,3.0
0d75f9d42c6190e6e63a74aaf964a3fcba188e81958ac8ac088a2a9d96e74a344ba2d45ac92bb1f234f4010a678a71dc4dd2b3ee296574a9107bb1e65b5b729d,CLOUDY/OVERCAST,DAYLIGHT,DRY,FOLLOWING TOO CLOSELY,2.0,37.5,1.0,1.0
0d761b68d23ce804321f46dee5a7b5f2cacac848c7bf6f0f3c498963389a8af8def9e6bca0e21aaf37443d4e82ddab1e6dbb266d15ad2b26d90424edd23f6d76,CLEAR,DAYLIGHT,DRY,PHYSICAL CONDITION OF DRIVER,2.0,23.0,1.0,1.0
0d7675b83afc4134bfd61912ca06a3261754d4416770e9d55c1f4b8964baaafa79c58ff2d21612fc14cfff7f7403b2147c7b01e9d38f834ac1e9d37db160138f,CLEAR,DAYLIGHT,DRY,FAILING TO YIELD RIGHT-OF-WAY,1.0,33.5,2.0,2.0
0d7690b1045df494cb029c5d2b72e965b149d276476283502568a10139b3d2a0dab036e02c83b623a9099b717f7078a2fb3c6ebd96e748e6a65b4a76a3c00cf4,CLEAR,"DARKNESS, LIGHTED ROAD",WET,FOLLOWING TOO CLOSELY,2.0,39.0,2.0,2.0
0d769184fa6c7aa206f18d0f9247a0b71195f696542ccc3ed0a8063640a12947b4542eeec8d2f54cb8d4c04593414a839cb1edd9afc68df23090c0bc9937445f,CLEAR,DAYLIGHT,DRY,FAILING TO YIELD RIGHT-OF-WAY,4.0,20.0,4.0,4.0
0d76931053bf25ee787f0fb7bfe9193549e96095ae49b32cce460e4cde1725d36b5e87540a04b768ceaf2ec096e31b1935b4f2c52af0a35312578fc6cdb43fb0,CLEAR,DAYLIGHT,DRY,IMPROPER LANE USAGE,2.0,49.0,2.0,2.0
0d769900e6e2188b301078e9c81a2ed83340de42ef74e27904c058e4b051d2114c6044e0f6020b72a3e6105104a2798a4812731a7f306519b210796c9b0781f3,SNOW,"DARKNESS, LIGHTED ROAD",SNOW OR SLUSH,FOLLOWING TOO CLOSELY,2.0,49.0,2.0,2.0
0d76bd4641636a46e81db8393ffa7bbc63fcb1f3110d3555b76692783ef77dea4133df3e07ad47ff4d31f6e3a122716bd8c62dee7a9c1aa587624fd3d6e391e0,CLEAR,DAYLIGHT,DRY,FOLLOWING TOO CLOSELY,2.0,43.5,2.0,2.0
0d76ceb21c005f60f4520849c1cb531fc2ad85a4c79e2c06278c573788cf4739568f08738e895de428add194cb118a2487d5ace708b116b2779a18b14fb99c2d,RAIN,DAYLIGHT,WET,FAILING TO YIELD RIGHT-OF-WAY,2.0,28.0,3.0,3.0
0d76d540e69c5f64f81e9f87722b5b205913321bd2c020fea9034e6b946a77d539ee4612e00deed9bb364aecf71f03f8af6ef886f59f7732cd7468b352582ae4,CLEAR,DAYLIGHT,DRY,"OPERATING VEHICLE IN ERRATIC, RECKLESS, CARELESS, NEGLIGENT OR AGGRESSIVE MANNER",2.0,38.0,3.0,3.0
0d76d74f3d99c6bd93598587225d1c2b1c5fd6af4b6762706cf9e8354705fd2549c49a57769f97fb80a91ab7c124a4e541e23ad9572eca61654ddc79e0255ee8,CLEAR,DAYLIGHT,DRY,IMPROPER TURNING/NO SIGNAL,2.0,37.0,6.0,6.0
0d76facadbb86f9622c8871309e85c6847b3ae155545739b567fbb2777c28eadf10c8d7295f5597ba33d850eade75cfe914217b22f4793d8d97cae71a546c981,CLEAR,DAYLIGHT,DRY,IMPROPER OVERTAKING/PASSING,2.0,36.5,2.0,2.0
0d771367723747ae2ff5f833d44f80cb7a9e8ccc758e6b9642b6e1408933cd89a61963b17bf46727f7f00b931526125acef5385152a18decf9e562307767729a,CLEAR,"DARKNESS, LIGHTED ROAD",DRY,IMPROPER OVERTAKING/PASSING,2.0,51.0,2.0,2.0
0d775979d48b59373cd9fc128dcf139c958217a42fa34b10102fe97deacd64f7213279bad1673454be9a1199c83dc20516ce3e563c020a80c435d2efdb3d16c6,CLEAR,DAYLIGHT,DRY,ROAD CONSTRUCTION/MAINTENANCE,1.0,58.0,2.0,2.0
0d776c901d65542cfb59d1a02d34a0d0bba320eb3b7ecd0b766c1eeebf6575593971cbca4c730c71093c1f2614e99b5a8bcd728123d666e868a20b4fd489423f,CLEAR,DAYLIGHT,DRY,FAILING TO YIELD RIGHT-OF-WAY,2.0,30.666666666666668,3.0,3.0
0d777fe1e51cf7a062f8f4bd28b8ad99f38f9a7844624559d8420bad44c58561f2a048de9282a541feacc8e38ccc3877281a9334547de1ad18d618601c5d156d,CLEAR,"DARKNESS, LIGHTED ROAD",WET,IMPROPER BACKING,2.0,37.5,1.0,1.0
0d7786eff9cc6a1950f5ac329f3740af6f02c70845a01d2a73cd28a55f641efc245198aef360bee82b6f0cb3d69782efc897f2f78b58a2091c218b1ce47777ce,CLEAR,DAYLIGHT,DRY,FAILING TO YIELD RIGHT-OF-WAY,3.0,30.333333333333332,3.0,3.0