crash_record_id,weather_condition,lighting_condition,roadway_surface_cond,prim_contributory_cause,total_vehicles,avg_driver_age,total_people,total_injured
0d778bb1cdd24f352136b05643438d7c1a2d55a675172fc136790f8773a600534cad48a2079090f062a5359c2a1a31565455f463e10ecfa8d4bed6a3d8f3805e,CLEAR,DAYLIGHT,DRY,IMPROPER LANE USAGE,2.0,37.5,1.0,1.0
0d77d0322bfec22fb01ebbc400e1871b0a023a13502cbf72699ee333598eb8053b21052327929047677822abe5af3e33ec67cc600608bb2d7b090c1eb7b0179a,CLEAR,DAYLIGHT,DRY,IMPROPER BACKING,2.0,37.5,1.0,1.0
0d77f6acf3a7d3a3a0043d0ca9a7100c64f74eca428f0bdecffc59c42352e57aab937ca301124958b872b48cbf0428d9e4aa9256db6f64d7fa7d87fe669de86c,CLEAR,"DARKNESS, LIGHTED ROAD",DRY,IMPROPER LANE USAGE,2.0,38.5,2.0,2.0
0d77fcbd29ece3c4ce053d9a76f21d877a6b92fa67030149d32b4460d5b4b4730036e29cfc3091e2c87e3bfeaeeb0b508516a98366cbd771448408bd6a199b25,CLEAR,DAYLIGHT,DRY,"EVASIVE ACTION DUE TO ANIMAL, OBJECT, NONMOTORIST",2.0,49.5,2.0,2.0
0d7802a5a29ae7f4db38d8a635d50a66eacc73322cc83f8ecae58166a6203294102767c00f9225ea3a1dea1989ee51421b65aecf3f7d1b647c0605f47aefa6e9,CLEAR,DAYLIGHT,DRY,FOLLOWING TOO CLOSELY,2.0,16.0,4.0,4.0
0d782b3006f3c194ad1ae5310bc8b8728a719127d8309a807cb4450302e3263143bdb7b7cb8e6459b03c4d9f571ac7ae8bc24c7753349adf80e591a19d97fd57,CLEAR,DAYLIGHT,DRY,IMPROPER TURNING/NO SIGNAL,2.0,47.0,2.0,2.0
0d7850724dbea50aadb141fa833f3c5c064f389258fb73d42e9c4e3353280600c7b5e4c8ddb9a236b2230587e170d6d953087535f43aa70c7087b2c4a7e01725,CLEAR,DAYLIGHT,DRY,IMPROPER TURNING/NO SIGNAL,2.0,24.5,3.0,3.0
0d786ffdb4c5808ff4de1a4eaebc6cdfe40d5cb8e812b74c98b088ad18d7867642a83bbccccb1117b3360cc780b9089048ace7ae180cb22f48d9d2d6a039256b,CLOUDY/OVERCAST,DAYLIGHT,DRY,DISREGARDING ROAD MARKINGS,2.0,32.0,2.0,2.0
0d7875399f8529ce5a50ee988c8b86b8aaa5b9c1d3993f5d6407f95d48b8baa02b33723c5b709f1d410e32d56d2bd518536deea8183d53bbd98c04521ba99536,CLEAR,"DARKNESS, LIGHTED ROAD",UNKNOWN,FOLLOWING TOO CLOSELY,2.0,50.0,2.0,2.0
0d7875ebf5b82f3313275d407dd5bb6bd735478117a9f42077f2b813e58949db54274b16e1642a3618637c0f5165c41435f77dfc139301b867d2cb02ebb8c820,SNOW,DAYLIGHT,OTHER,IMPROPER LANE USAGE,2.0,29.333333333333332,3.0,3.0
0d7899a773705371bf8a6b6159802289ce5ff4dc2e2506f6f8b0d8a373052d0dbccc3bafca4977dc8fbe170b7f9fb56f73bf2a25b47b99fd336b812f14e99222,CLEAR,"DARKNESS, LIGHTED ROAD",DRY,IMPROPER LANE USAGE,3.0,29.333333333333332,4.0,4.0
0d78b62de03eca9ada63dd2b29ba21331ca70250efd2b8ea633a9ffaa2b7c692847ffaaae8bb4f8b9699313c56aafc2296849af03abc221a26a0bc0bb6d71f8a,RAIN,DUSK,WET,"VISION OBSCURED (SIGNS, TREE LIMBS, BUILDINGS, ETC.)",1.0,39.0,2.0,2.0
0d78e52bda9a1cb13644065ead2644183f3b9b47e981933ce0fb5c0418f02791528c153627df4b242d52b5b2f9af564d254562ce1898ee8e95950770dd272d4e,CLEAR,DAYLIGHT,DRY,FAILING TO YIELD RIGHT-OF-WAY,2.0,47.5,2.0,2.0
0d78f055d4ebd8c8bc11c7c384ca8211b31de5947eca166fc9e9660ac5e8868655b2d601b8e325c0bc8c688a8e1e0bc5d0fee27a9fd8e4a0096e8fff01433b25,SNOW,DAYLIGHT,SNOW OR SLUSH,IMPROPER LANE USAGE,2.0,26.75,4.0,4.0
0d79149b9ad3ad25f9772e1d5bb6374a678bb54294133a3f1c30a9c80d50d246cadf4d2e1ce14aff57d232c3ea7ab61de28f1bfe29a23a4c135ce8c134508040,CLEAR,DAYLIGHT,DRY,DRIVING SKILLS/KNOWLEDGE/EXPERIENCE,2.0,37.5,1.0,1.0
0d7932a7be49383feaf2d8823ec01316471dc21cc3461a591e20ecd74e2668d205cc2e3f0e359dd87245209dca393c66027866a7af991f64bbc21f536c52b6c8,RAIN,DUSK,WET,WEATHER,2.0,27.5,2.0,2.0
0d7942efc69611c353620527c30e0e6bcf4fb41b1d686c4ac8c12097ad9cbb4eb01ae2cf26196acf3c7aa667bfe74f1a8e4f1cb4c574347a54a42596b2b4c60d,CLEAR,"DARKNESS, LIGHTED ROAD",DRY,DRIVING ON WRONG SIDE/WRONG WAY,1.0,43.5,2.0,2.0
0d7949474d5fda11e256f416509ba3f260993adad694cd2f58aa3c1182787f51f606ecc78dde0dbd624d6b8ff7f394b74121e50998bd49793b84dcde25a1764d,CLEAR,DAYLIGHT,DRY,IMPROPER LANE USAGE,2.0,35.5,2.0,2.0
0d79526ba53f2ab4ec3e1dbe0f2debd413d23e3308cf71d1178e806895ce425cdff80ffa7aaa26e5543acab1926104521dcdbceb803c5e2a70386330f5278b85,CLEAR,DAYLIGHT,DRY,DISREGARDING STOP SIGN,2.0,26.0,2.0,2.0
0d7953d97b725b115cd02d8a37934b5954cbc9491a93686e2445389b204f055067207e07614a724000253f8544df1a18cae5f459a796eefcf312f1a6812a9dc8,CLEAR,DAYLIGHT,DRY,FAILING TO YIELD RIGHT-OF-WAY,2.0,29.0,2.0,2.0
0d79969c4f5baac9bf8a9a044736a8de37cb26dc21ffb1770e4a89666c96d1aed076ced772720dc77e92e63e072d88d1fe4b597cf64567ff6675e7a1d2a3e941,CLEAR,DAYLIGHT,DRY,IMPROPER OVERTAKING/PASSING,2.0,41.0,2.0,2.0
0d7a524fd453bfb5b1a47e48c3532db793400b7a65e1182e4c64d0fc6cedee7401bc9c03248d907d33ac99311b6d49a07106d9bf9b72137be9160f03404f6a9f,CLEAR,DAYLIGHT,DRY,DISREGARDING TRAFFIC SIGNALS,2.0,25.0,2.0,2.0
0d7a7c21ba288e122c170eeb5f8beb8dacf80b17031412c8663ae4eef4d1325c290ed901024cc345b4871196c475ab5a2b4ddfc5ff06c5d9c2b26b0f29a69bef,CLEAR,DAYLIGHT,DRY,DRIVING SKILLS/KNOWLEDGE/EXPERIENCE,2.0,22.0,1.0,1.0
0d7ae183cf9eb0b7e059116ff7488968b75457b650700ea5fd71123ac96bf20000f6ab20e662460dc6cdce822fec629c72ce0ab063985b53e79b1b4470ac769a,CLEAR,"DARKNESS, LIGHTED ROAD",SNOW OR SLUSH,WEATHER,2.0,37.5,1.0,1.0
0d7b1e28fdbe2b2081a06db548b839874fc8a65f4cb5731c480bc4905ef89f99182138243b9a37694b2ac3736be3dedd0636b16a2f74ed73972be771227b4a3a,RAIN,DAYLIGHT,WET,FAILING TO YIELD RIGHT-OF-WAY,2.0,64.0,2.0,2.0
0d7b7078e6e715d4007928772e3931eadfcb20c856465534d5a1e45adda02913601ca11a6e63691815cc1b8131aea063d463cef428ce23f295f6b30def1ef1c7,CLEAR,DAYLIGHT,UNKNOWN,IMPROPER OVERTAKING/PASSING,1.0,28.0,2.0,2.0
0d7b80ce4df4214e4f20afff96885574f9fda4c01154e9f9f8416c7e72d2174912eff695ec8bc22f93f966378b5243dd620ccad210cd9edd2474bb3118eacb29,CLEAR,DAYLIGHT,DRY,FOLLOWING TOO CLOSELY,3.0,33.333333333333336,4.0,4.0
0d7b8775506ef64fafa04471d912ca53b377027149bc348306fed0bada94b702ec22796862ae3f89202efccc8fbc87934a27daee0b8002ee16365e4a756225b2,CLEAR,DAYLIGHT,DRY,FOLLOWING TOO CLOSELY,2.0,41.5,2.0,2.0
0d7ba536fb22ea5292e53ca132c15529458b935e739fff0966facedac018130c8c3f8f71401434e634807f5c5eb586937305ad2d836a57a9ffd83dea5c9414e4,CLEAR,DAYLIGHT,DRY,IMPROPER TURNING/NO SIGNAL,2.0,26.0,2.0,2.0
0d7becab2ddb97124372746d09eaf28a94db0b34603c83da0bb22d3241ef5f5c6dd8a70270098577277da17d514b0f8a6619095baa0da7c75d1832d74f02dc88,CLEAR,DAYLIGHT,DRY,DISTRACTION - FROM INSIDE VEHICLE,2.0,37.5,3.0,3.0
0d7c013bb1c00a9904ca31d586488d52450c3423eacd8e89387aaf82887b1b25c0342449aa1cbcc9950a428cf61447bf4b4c2ee841222f3e5228f9e21f065a76,CLEAR,DAYLIGHT,DRY,FAILING TO YIELD RIGHT-OF-WAY,2.0,20.5,2.0,2.0
0d7c10cdc433d6ec10f57fdad477069cd1688b3d1a54f240340116f9f734d295dfe7a673060929dbc06e80732bd26ffe55d53d3e3e59adf2db9672e660481f8a,CLEAR,DAYLIGHT,DRY,FAILING TO REDUCE SPEED TO AVOID CRASH,4.0,55.5,5.0,5.0
0d7c65edbab714115899664caa410825e46a8e0fd5a03c5e6554f38c35c83b137d1ee381cd9d786a9128d7f469a97a66f8e13155c1a212e9ce4c203cc3e29b60,UNKNOWN,"DARKNESS, LIGHTED ROAD",UNKNOWN,FOLLOWING TOO CLOSELY,2.0,24.0,2.0,2.0
0d7c6cad1478d3d40a2c5f25edecb88984a15072a7459e94fe84d1a728deacefb84a6833997cd82f0fe304a64412b3b5ab10a0dae52ddbe2f29412ca8d51922e,CLEAR,DAYLIGHT,DRY,FAILING TO YIELD RIGHT-OF-WAY,2.0,52.5,2.0,2.0
0d7c7aa8d003031a23b4c0b6bcc8579094dbb38da660d50812cf7f1e72a7dfb17c723a8338b3c073e9a9878e8f1a407b9617ee57135ba56af28627bbde705daf,SNOW,"DARKNESS, LIGHTED ROAD",WET,"OPERATING VEHICLE IN ERRATIC, RECKLESS, CARELESS, NEGLIGENT OR AGGRESSIVE MANNER",2.0,51.0,2.0,2.0
0d7c83832070092aa6c77189ec1a32451d51951b9e9921c1a630acdab89388022c3deeb4d789941948dc057858d7913ff0460b9e9731a44438e38c81887d43aa,CLEAR,DAYLIGHT,DRY,FOLLOWING TOO CLOSELY,2.0,44.0,2.0,2.0
0d7c947c4a3bd722819dc8a38d83a469b6a9b002ea43b8e67bb29fb6f0f14f9857a2b0af9eb0981223c57185f360387203b8837a23872bb5a8b602842e4ed3c8,CLEAR,DUSK,DRY,IMPROPER TURNING/NO SIGNAL,2.0,30.666666666666668,3.0,3.0
0d7ca697d1c6733179ee87ab5065e0920a4d732e6e993ceb968f1c4947036f000a1d96a29acbc7b167f45aff7ad21e8d00b3c20550480d64d4ce9c7dbe656607,UNKNOWN,UNKNOWN,UNKNOWN,FAILING TO REDUCE SPEED TO AVOID CRASH,2.0,37.5,1.0,1.0
0d7cad5c40c61e5a0a738d08e47084ec97df8a86ea46af8da614842237f73604fed47264e028f22e281b967dc55779b7db94a19e24adb055ffe72e534d7dc034,CLEAR,"DARKNESS, LIGHTED ROAD",DRY,EXCEEDING AUTHORIZED SPEED LIMIT,4.0,22.0,1.0,1.0
0d7cb35a5d7bfde40674e33a9faf1ca44f4498bef3930b3290abcee178b7dafc6d73af57b487783956d24abff991ced66f730da681fdeaee960d7e747e5e31a4,CLEAR,DAYLIGHT,DRY,IMPROPER OVERTAKING/PASSING,2.0,28.0,2.0,2.0
0d7cdb1a410f451f99777e6be13f7a3dc6867f355fe15c120b4ae9d7b397a96a3e25b3c46ea9f2645b1326af3679022b3ace6e4d3f33bfeae1402588ca0579be,RAIN,DAYLIGHT,WET,DISREGARDING TRAFFIC SIGNALS,2.0,29.25,4.0,4.0
0d7ce698addf2ac15e1686d77a82431793a789bfc7cb56bec31c30b6230a2920dea24d4b9924cb5845280cccae2e82c53a0837d883fd81106461b3763cdf2e82,CLEAR,DAYLIGHT,UNKNOWN,DRIVING SKILLS/KNOWLEDGE/EXPERIENCE,2.0,39.5,5.0,5.0
0d7ce8c735cc5d763e7db1fe148c6ec9d14f1a3a475eb1965c180ece42aa07c6f9ceb59e913459294d509547bccf374b7a261e9488ca7a7730f3afe6f4455a68,CLEAR,"DARKNESS, LIGHTED ROAD",DRY,FOLLOWING TOO CLOSELY,2.0,25.0,3.0,3.0
0d7d23ec17abd4e06a9995baae4f279895197cbfbf4fa96c266087ebc6a72f595a204a6fcd7db3655dcfeaed35e168a67c5258273bb038abf5f47372b52e147f,CLEAR,DAYLIGHT,DRY,FOLLOWING TOO CLOSELY,2.0,30.0,2.0,2.0
0d7d2c2d252a36c8ac3d78b1517dc40dd07734294d5af2c2e9cf03599359f7c6c691a5193f5e2e2817710a0a43b15bbdbe372e903e747aefa37102a79599c2ea,CLEAR,DAYLIGHT,DRY,DISREGARDING TRAFFIC SIGNALS,3.0,57.0,3.0,3.0
0d7d4a6621b3124d0b92d959a993f983c7722cd91fe1909ba2872949219c90645642a7c2097ee8fb2605e87bad5c64f2d5670409caacec4dd5fb14ac3dac7a10,CLEAR,DAYLIGHT,DRY,IMPROPER OVERTAKING/PASSING,2.0,42.0,2.0,2.0
0d7d6afb448a0805a4cb1e49ae9230411858086ffce180ca93d7361d8f48b117cdefda0851a3590920fc8e78b8f73668c70faa0f098829816c747aba1e1c3a62,CLEAR,"DARKNESS, LIGHTED ROAD",DRY,IMPROPER OVERTAKING/PASSING,2.0,37.5,1.0,1.0
0d7d71fe3f0737fb55e376814de7042db75303d0d1f00416df4a8dd74a894af6da8e54c073befb9ae3b538788eb1d1b33d4cf5fa5c3764b84f2153bcc0b5b1c6,CLEAR,"DARKNESS, LIGHTED ROAD",DRY,IMPROPER OVERTAKING/PASSING,2.0,33.0,3.0,3.0
0d7d7b8209c648d70b1356ab60527ff71e41608d3ab7416251a221ae135c742febe2df3cf3e6252b992e9809339e6501fc49a7551badd1277467e522044aff0b,CLEAR,DAYLIGHT,DRY,DISREGARDING OTHER TRAFFIC SIGNS,2.0,65.0,3.0,3.0
0d7dfd401398f740e62c02e2e483aa3203ffa14aa65db243c6d922ce53bced7e8be64aff5831bb10dfdffdfbd302398fcfd212347d29bb97ec41ae5de9cc6e2d,CLEAR,DUSK,DRY,IMPROPER TURNING/NO SIGNAL,2.0,41.5,2.0,2.0
0d7e1dd29ddf54fb0e39f5bcd5207cdef120c20380f5dbdbd096f16fdbedb49e591bbdc32f23cba498653d2fd7e5c45cb046d2ef3f45e54ea72a47a6dcafa92c,CLEAR,DAYLIGHT,DRY,FAILING TO YIELD RIGHT-OF-WAY,2.0,25.0,2.0,2.0
0d7e27922f2f186d1a992366de71bc9c957cb879e0bb6c7ebe773413675f65b65f02556f46c2e9a7fb6518f36b43aa2d9909228949c089c13dfed2f100ca7a7b,CLEAR,DAYLIGHT,DRY,FAILING TO YIELD RIGHT-OF-WAY,2.0,22.0,2.0,2.0
0d7e40aa09617c0653f07ae4ad460fc91e1fe0273ae41084336f50d028ff81fac34f65b9d82c7c77d82bf7ebc247959127077e6f7a76c5aa4a99d959a78cacfd,RAIN,"DARKNESS, LIGHTED ROAD",WET,DRIVING ON WRONG SIDE/WRONG WAY,2.0,44.333333333333336,3.0,3.0
0d7e7a7ccdcce1e1c30e369f19258e62520a27ccb32a224d77aa9c0260aa8db0647191ecd8fbf40daa491be439c94721185c3f3ee5dcf000be9e7c612c17dc8b,CLEAR,DAYLIGHT,DRY,IMPROPER TURNING/NO SIGNAL,2.0,45.0,2.0,2.0
0d7e9c0fd04b84e58642b4a3b3840602eb51c6df6a6889f02dbc1ea2827ebfcf162c32e9271368d26c374004f10561771b1ff242b38a17efb4a4a66472010335,CLEAR,DAYLIGHT,ICE,WEATHER,1.0,48.0,1.0,1.0
0d7eb24ff56110934fb04600eeaa8b51011e82fce23f4868b6369ffe7cf3519185ea6c2ea1262afe6993cd24e7b256966f8f18effe9cebc10f58928a7b0c2c87,CLEAR,DAYLIGHT,DRY,DRIVING SKILLS/KNOWLEDGE/EXPERIENCE,2.0,42.0,2.0,2.0
0d7ee53e55d2c021e4508c7b8f0aed620949f91ddfe42c1839008d505a03f278f52cee3113cf391fc808cc9baadd73b20596375da18f007019e2b6fa5472b409,CLEAR,DAYLIGHT,DRY,FAILING TO YIELD RIGHT-OF-WAY,2.0,30.333333333333332,4.0,4.0
0d7eed45fe457c065498f68e2ed4c07fbca977980f42d24b481e4e138c942016b8071ada0703bb733af7418bee326721defff28ccca78418e8fc04cb0d3c948b,CLEAR,DAYLIGHT,DRY,FAILING TO YIELD RIGHT-OF-WAY,2.0,28.0,2.0,2.0
0d7ef97791dd187cffb3d48c28b01e573cbf69563184760e7eafbab46df460a23434a65c9535d5a9f1001a77b0a69e429ecd646bd7a620ccf7d7afd4b2875e42,CLEAR,DAYLIGHT,DRY,FOLLOWING TOO CLOSELY,2.0,30.0,1.0,1.0
0d7f0f824a82ad32225559df17b7b99de259ffb20ff78065aba1a8b5f376958ec17be3e909d71c17cd3b2be2b7d77ee827c11cc44886d60594ff82d925f8d3d4,CLEAR,DUSK,DRY,IMPROPER OVERTAKING/PASSING,2.0,27.0,4.0,4.0
0d7f1b626dc3199f8c1807d401a9ad4ee7737fe22e54007de6f76ddf74397b7de6539c24ed1fb4e5fa21ce65b3cafbbbd55425ae90c6f6dd9dd8f71dfc32374a,SNOW,DAYLIGHT,SNOW OR SLUSH,FAILING TO YIELD RIGHT-OF-WAY,2.0,0.0,2.0,2.0
0d7fb7a77b8d61514b6854249f82ecb26d7d68ee47f07e928b226b3e013c7e729525236e7956f669d16916c99b736cb4c47b6ab46382c204171a51b60e91b002,CLEAR,DAYLIGHT,DRY,IMPROPER OVERTAKING/PASSING,2.0,30.0,2.0,2.0
0d80091d3470d380bfc8b59504bb534a1b5066b8f6fb08395af8d1b2c1907842e0dd3c276e7d357dc2b64d7892c79a11d5275c1dc544550a9c7b93e70be3cfb0,CLEAR,DUSK,DRY,IMPROPER OVERTAKING/PASSING,2.0,28.666666666666668,5.0,5.0
0d8028d13d45659b28a8f01265fb0830c249ed750fe5856bfd4aa01d6f356949a41c35a2b550f6c720f8e254b2ad2e4e2ce3b5aeb34c0ab925f18a1f664c598a,CLEAR,DAYLIGHT,DRY,IMPROPER TURNING/NO SIGNAL,2.0,38.0,2.0,2.0
0d8031ac1592f008ad6bab77068549811b602141ff35146b42c9da4110eaf7d217328b63a0db29da29dbfb9e07fec0a73ae16538739e0554a9a0103d5b21b94d,CLEAR,"DARKNESS, LIGHTED ROAD",DRY,UNDER THE INFLUENCE OF ALCOHOL/DRUGS (USE WHEN ARREST IS EFFECTED),2.0,31.5,2.0,2.0
0d803aea2324b48083c9accdb3ded500293d2a794be7b82f3194b143091a909580ba0fae3dce58e1d69daace610b69d5c6cc2f72add53db9c8c0cf98b14a8a62,CLEAR,DAYLIGHT,DRY,FOLLOWING TOO CLOSELY,2.0,36.0,3.0,3.0
0d807a5c5d20fbf3c783d36056b22667d5df5a39475b31e2af809d8bfc1678d94bedca90a5e394ef7943a2d04a669d3b0ae098b03485b99eb54db079c364075c,CLEAR,"DARKNESS, LIGHTED ROAD",DRY,DISREGARDING TRAFFIC SIGNALS,2.0,24.0,2.0,2.0
0d807a87755be3089cd2e779b6221fbac4b3c273e5590ca0fe120badfc73b02e3a4dfe37da610cd27f2d2e98c2e7b4bc349e459936e1a0219d3ad1eb4beba52b,RAIN,"DARKNESS, LIGHTED ROAD",WET,FAILING TO REDUCE SPEED TO AVOID CRASH,2.0,54.5,5.0,5.0
0d8086033c1c8fc3d5fb91a468e7efeaa8bb933205b243adec789544d4df5705ab9ac2bdf51492d26986c39d1cfa3ecb31584638367661de2228d976065ffeac,CLEAR,DAYLIGHT,DRY,IMPROPER OVERTAKING/PASSING,2.0,36.0,2.0,2.0
0d8098199b10d0918e970a0c524ddcae18881c610ac2a4992c61733d686e98ddf4616372aa8a8dbb839592cf7b4eb0a37b2b26dd5170b9f3898914a911c798a1,CLEAR,DAYLIGHT,DRY,FAILING TO YIELD RIGHT-OF-WAY,2.0,56.0,2.0,2.0
0d80bc83e357db291c3d4e38776bfabe3ca16056d7b6f5579f90cae5e32b14fbfcd71733d764c1b5747ece5bcfde6b9a15015bb6b034ae885854648d939674ac,CLEAR,DAYLIGHT,DRY,IMPROPER BACKING,2.0,37.0,2.0,2.0
0d80c8b78ca8e28ea78a3dd1559548b871cc1214b07605e530316a92bc9b6b2a9da4a77105348e710897a71ed39ad7012698a0a273195baa00ed22006da7901c,CLEAR,"DARKNESS, LIGHTED ROAD",DRY,FAILING TO YIELD RIGHT-OF-WAY,2.0,47.0,2.0,2.0
0d80cf643ac0964d1ca1e8330cb7f81966b5f602039b3b9b621e53a85a8e70c3c7716f4b192bd3b9a73419ffaed04e17ff0d9e2dec0b07a1b53191958149e245,CLEAR,DUSK,DRY,FAILING TO REDUCE SPEED TO AVOID CRASH,2.0,37.5,3.0,3.0
0d80f84b49062eb0614966dcc038ba8dc590109504c19b1e5a11cdbe969f5ed3f27b28ef9dc15be820a1772e8d38fc98c25e1ac5c1c1a52847613540a4f72799,CLEAR,DAYLIGHT,DRY,FOLLOWING TOO CLOSELY,2.0,39.0,2.0,2.0
0d8170cef73602b7d56682d77576f39ba364ad09fa8e41d6de7d76e998d08bb7fe110902559438b884ed232439c0ee7ed9f931ec09d0160f82861d60221b775a,CLEAR,DAYLIGHT,UNKNOWN,FAILING TO YIELD RIGHT-OF-WAY,2.0,22.5,2.0,2.0
0d817acd8f70933d22f1d6fbced98333cdf91e27784f1b69e1fe9b4b7096864475524610b9c1d94c9991fb087f5402f181747ffc47b1595c8a80d169b035cdbe,RAIN,DAYLIGHT,WET,WEATHER,2.0,57.0,2.0,2.0
0d817cea215588ea38e791a1d168ae2b3684f3d2f4c0b3d2950d95eecfac61d05c6bf6bdb5f38f2873b3a4c5cd0e1aa8b8eda359237ad6175a30ef65d4b171c2,CLEAR,DAYLIGHT,DRY,IMPROPER OVERTAKING/PASSING,2.0,37.5,1.0,1.0
0d81cc97c296d8da53ccd88d1de37d75e9dfae4893d3075e6d246a552ec3bbdaf57f92be0597665de215b1b8c7587f767207092ff66d8b4f1b3bfd074aa7c3ef,UNKNOWN,DAWN,DRY,DRIVING SKILLS/KNOWLEDGE/EXPERIENCE,2.0,50.0,2.0,2.0
0d81f5210f737ffde0f8e3cd2a60444342db92b7af6bb71238a943ef4d52ed4a0e5d79da37a63173822b8095829e15433ccb52bdd11bfa7bf2e390d982554e94,CLEAR,DAYLIGHT,DRY,IMPROPER BACKING,2.0,34.333333333333336,3.0,3.0
0d8260d52803f0acf3be29c06f3c10aff595e0f89862fd6dbd62e4a22868368647675008523fcdab98ae995fe4b9ba370106b8c18f863a36b9f24400bdd8e926,RAIN,DARKNESS,WET,IMPROPER BACKING,2.0,30.0,2.0,2.0
0d8266a82d96e451d1f2af8eb116ed79e4ffa4573ec93855c5f16b749079c32e58f249cc2b150c82284a66f4907ba10ea271fb89fb45cf7d96e1ed5838e4228f,CLEAR,DAYLIGHT,DRY,DISREGARDING TRAFFIC SIGNALS,2.0,24.5,2.0,2.0
0d829b94304a22e8c703d44a272ac3c4cb3997b7c5243a3e6768ddd5a5ab9361891f8274833eaac7ae75f5ca0f3f9f1f3e2436f90212d27fc76e5747a775e549,CLEAR,DAYLIGHT,DRY,FOLLOWING TOO CLOSELY,2.0,43.0,2.0,2.0
0d82b0a56d8e00b5234176d9c1b0cce235e6d09c505bcd8f1edd51867bcb5df60f85eb03d41e587d0c70502e85c8aac73503a0291f08a1355c8a76264a084d9e,CLEAR,"DARKNESS, LIGHTED ROAD",UNKNOWN,FAILING TO REDUCE SPEED TO AVOID CRASH,3.0,33.0,4.0,4.0
0d82b5c4db7005ac39b97f00774ecbaa6e1f48d97504cdbb3078e3862cbaa4814b890caeeef17501adfdd77965dea9e9b38633a4c82c56f09e382067abdcc38d,CLEAR,DAYLIGHT,DRY,FAILING TO REDUCE SPEED TO AVOID CRASH,2.0,50.0,2.0,2.0
0d82f10f29971eac9967f8edd4629bb209c021733fd582bb5c56c63686aed1e7dd41f20fe36ca901739e7de7a2ea04cef04ccc70fc7d1dba0be0a626c5b358f7,CLEAR,DAYLIGHT,DRY,FOLLOWING TOO CLOSELY,2.0,36.0,2.0,2.0
0d83fa6864346d039ff07f7606342ce25fdeb4387f5923d5924ffddff4d93ca25a9df86766a471568d4fad0f18581169eccad5980d550da52e2cd381b6e2d7ee,CLEAR,DAYLIGHT,DRY,IMPROPER OVERTAKING/PASSING,2.0,21.0,3.0,3.0
0d841c9f9d35014dce8c346f008f8f83e44c0c2032553d4ce616e0187c8aa6173cdd4aded4cb27c2ffa09daded1f47213078f6eee44de335fea2114d2700558e,CLEAR,"DARKNESS, LIGHTED ROAD",DRY,FAILING TO YIELD RIGHT-OF-WAY,2.0,52.0,2.0,2.0
0d8425d4dffba95005f633b02e3b067bff5a228ce03f73a1ae832550ed856b29756a04c20eab4c3576ccf7bf6c6968c9ba81e0de1d4b6bb9ed175b89f341af99,CLEAR,DAYLIGHT,DRY,DISREGARDING STOP SIGN,2.0,26.5,4.0,4.0
0d843d525df9fa46bfa6cf2ecfe801d1ff031d6686cce3789abb92cd1654955d54cc170f400a3043f0a08547b8f5a17a86bc3a7b83040636a6e81c7bedef51c1,CLEAR,DUSK,DRY,DRIVING ON WRONG SIDE/WRONG WAY,2.0,43.0,2.0,2.0
0d843fa20d89366130ef81b6495c79a1dee0c672be4ed5286afd654eabe39a97df00907da9b3a26046fb1090a8e699e4ec01b4ca3a86b39247c4f41511448f31,CLEAR,DAYLIGHT,DRY,"VISION OBSCURED (SIGNS, TREE LIMBS, BUILDINGS, ETC.)",2.0,25.5,3.0,3.0
0d8458473938daece35a20d0ceb3babc74cdb4c687196de85b40efa64fd61270c01912a4f8a7ff0a59edc974ec4224cdd11b04f0bfcba9c0d38d363aff63655e,CLEAR,DAYLIGHT,UNKNOWN,FAILING TO YIELD RIGHT-OF-WAY,2.0,37.0,2.0,2.0
0d8483b44a07625ba9114d7ec9c6b99c8978ff862c73a72b5900a8c05f88d7e36c883f1e19f0c78dca67d4b9ee6b8edfe023bd801bee119d21a8d5619b015def,CLEAR,DAYLIGHT,UNKNOWN,FAILING TO YIELD RIGHT-OF-WAY,1.0,38.5,2.0,2.0
0d849ae50bd0d2f01aa3a13ae056b95affa4a6099e5f421339e9af744d136995da7bb7837ade0b08bd90bf68a2d35b30c0725cf987ba9ed26e413218189fc243,CLEAR,DAYLIGHT,DRY,IMPROPER TURNING/NO SIGNAL,2.0,43.0,2.0,2.0
0d84d6475e3e20d3a7b21f4b9a6ec2a3725610ed3221419e1540ec4ea83afce04ac6a6f52a48c6aff7bee7ac8c846bb9ee032a4add409c0cbea2264025243618,CLEAR,"DARKNESS, LIGHTED ROAD",DRY,FAILING TO REDUCE SPEED TO AVOID CRASH,2.0,75.0,2.0,2.0
0d84e1b31cf0e4ab60fdab5e1d31ede5669d13645a1bc1ee7a090efa541ab7683afc4443ee12691c074d8022ebf9fbfccfdcab29b71a65eac865625ebf81084f,SLEET/HAIL,"DARKNESS, LIGHTED ROAD",ICE,WEATHER,1.0,24.0,1.0,1.0
0d84eb0253814672555f9135660512c64bb8065b0007002f043ac163587636b2e0d402c6448a3ef623a56b3be3e5ca3a73f30100eeb5954ec830485a19bb25e1,CLEAR,DUSK,DRY,FOLLOWING TOO CLOSELY,2.0,43.0,2.0,2.0
0d8508d3762410723746e7d455d919077379d26e34474a208a683658f6e58e080aed8d288f8a5d0cf3d39517d082569e8fc2bf288b5cbe635aae0be6f2039ae2,CLOUDY/OVERCAST,DAYLIGHT,DRY,IMPROPER TURNING/NO SIGNAL,2.0,46.5,3.0,3.0