crash_record_id,weather_condition,lighting_condition,roadway_surface_cond,prim_contributory_cause,total_vehicles,avg_driver_age,total_people,total_injured
0d850ef4a562386677cb44bd5c0594776c8ee47105af2adea20ac34fd43ddb77a2c0b24cd27fbb68ef2551f74f0b839a8bf6fb4b0004984a29a10033f7a0c9ed,CLEAR,DUSK,DRY,FAILING TO YIELD RIGHT-OF-WAY,2.0,40.0,2.0,2.0
0d852751a7c300ac09993b67c73f5ad62f7abcf3d9ff356ea2e52688d7d317ad7bdda37376e89f0bb8dc9e58844d2b4ed88645a92effa37ca3af9ca59bdf80db,CLEAR,DAYLIGHT,DRY,FOLLOWING TOO CLOSELY,2.0,42.0,2.0,2.0
0d852a97eb35eb7dff08f607eb2983b1ab4c91c1ee07d2e949a13a762d60dbeaa2ff8c2d7d411bd6f61dbe44877a88a939d87c1420804092292bd9159d9c89c3,CLEAR,DAYLIGHT,DRY,EQUIPMENT - VEHICLE CONDITION,2.0,37.5,1.0,1.0
0d854e6d1a48d2fdade2b1e9236f3b79474e736fa78e21bcb339abb7a5ac7d059fec2470d65abd0c8018af47e66edd93b3747c2fd50652f24b2f5cb08199b493,CLEAR,DAYLIGHT,DRY,FOLLOWING TOO CLOSELY,2.0,29.5,3.0,3.0
0d854e7b82b96fac562971bc8f1ad1a639d723d1361de06c30c40698ac723a2902ebda8484379b3dc573170c513945192ff8a9ff650f6d389fa46d287d2c369b,CLEAR,DAYLIGHT,DRY,FOLLOWING TOO CLOSELY,3.0,25.666666666666668,3.0,3.0
0d8576c96f08e48db5621f249265a3c3d85d458ca15022986dd4104025959ff037fce07ff2747ddc617402a4d06cb9bc5ce1628586f24898694b039f6a91eda4,CLEAR,DAYLIGHT,DRY,IMPROPER TURNING/NO SIGNAL,2.0,26.5,2.0,2.0
0d858ffc00a83ded8b922062b33c1a41b324f1103e509815761738ede3aa6a8a00b089e08d49718a7ccfd14060778afeca261484bd0cf757b90fe1aaded1d50c,CLEAR,DAYLIGHT,DRY,IMPROPER LANE USAGE,2.0,37.5,1.0,1.0
0d85a36c067f45a86f7bd5508bc995b3957d724650fc8c6fb7abe095ef86b08898146f01d8de93273b62dde3fe8a953004d7037c7f1126b8cdda2179a86f44c6,CLEAR,DAWN,DRY,DRIVING SKILLS/KNOWLEDGE/EXPERIENCE,1.0,34.0,2.0,2.0
0d85a4be5a24d88881e4a5486dca05d08deccd1781b5e59fff4099f89b741055d38697ed48dd99a07d1032f8f034b6e2f8bfe6502da83e5b03e2104ebd9eee02,CLEAR,DAYLIGHT,DRY,DISTRACTION - FROM INSIDE VEHICLE,2.0,37.5,2.0,2.0
0d85c7d901cdd21aeb598de1c3fc3edb72e7902cc623af79c83d0de6cb40db33d80cbc4bcd09d3ac47dbcb98b5151954d8644e2f6b421cf47fb66195852f5705,CLEAR,DAYLIGHT,DRY,IMPROPER BACKING,2.0,31.5,2.0,2.0
0d86020155abe11dbfc2b5faec01a79e8b5040b289de8fe6059ca311141ab3748daf9b2b52cdeed942cb10c73d92be8f904d80fad91156f14a70425ba734ef31,SNOW,UNKNOWN,SNOW OR SLUSH,FAILING TO YIELD RIGHT-OF-WAY,2.0,31.0,2.0,2.0
0d861fde920d40527019166c0f98fd7a0ca34350f71a61546395870cce86e6fb7d468c3c2816dde18a56b6ddf5cd7146ace00063029121c43c7a9c3f9e5e941f,CLEAR,DAYLIGHT,DRY,FAILING TO YIELD RIGHT-OF-WAY,3.0,45.0,5.0,5.0
0d862faecaafaa5fd1d615075047737bacdf7209b25fb43450fd235e86211a2e8f55261ecc4146437073e0d4187e8eb15a6a1217f3fbaea3c4f169fba3057b06,RAIN,"DARKNESS, LIGHTED ROAD",WET,"OPERATING VEHICLE IN ERRATIC, RECKLESS, CARELESS, NEGLIGENT OR AGGRESSIVE MANNER",1.0,22.0,2.0,2.0
0d863f4259214c306ba1033069bbbe5aef7fd5721cd6b04abb0c67fd1ec2d9c055f54d7b87e0acd550b6a1a80ae5b9de2c475f0e10f37bcbd28010809bd2f801,UNKNOWN,DAYLIGHT,UNKNOWN,IMPROPER OVERTAKING/PASSING,2.0,30.0,2.0,2.0
0d86679e35d1120f9bc2ac580271b83716889e799ec2919bb67c7e4d68c7892080c0e46fd8ad5e4c1beb9c43fb31c13073fc4a541698a23a300a278b83a112f3,RAIN,"DARKNESS, LIGHTED ROAD",WET,"OPERATING VEHICLE IN ERRATIC, RECKLESS, CARELESS, NEGLIGENT OR AGGRESSIVE MANNER",2.0,13.5,4.0,4.0
0d86930e7998b89539a21437c9188e66281ddd63a88680c94027c8d038541622975171e8c5b7003c917a8921a815841c108978604ae2a368389ec145073e17ec,CLEAR,"DARKNESS, LIGHTED ROAD",DRY,IMPROPER OVERTAKING/PASSING,2.0,37.5,1.0,1.0
0d8695f1f817d164631c903b2ac6fb74b9724e6162ed2c96da5b866deb66c6349b0e8aa9f1a50b5c3668d4c69567ac539227c696993de723dc0324d530dd99de,CLEAR,DAYLIGHT,DRY,FOLLOWING TOO CLOSELY,3.0,31.0,4.0,4.0
0d869d244a1d885ef3fa7f9fb88f80013a5f044581dc70c61b77195a4353084892fd83eec4981f8195bebecfefb45cbc32603a7490531f78a5860491d0ce1ad0,CLEAR,DAYLIGHT,DRY,FOLLOWING TOO CLOSELY,2.0,26.5,7.0,7.0
0d86d2540578a529cdff45e1d5731e4a7f237be0536f2645968cda2346c657d5215749f5b1e98149ed02596794e34ec4a235f808b32ed9b1482e4068ebdf9bd8,RAIN,"DARKNESS, LIGHTED ROAD",WET,FOLLOWING TOO CLOSELY,2.0,67.0,1.0,1.0
0d86e2959171a8549473140825ef6c6b29ff42e5a1ef929dd9be2f08296a6cfe0282bc5a15f554f88a5ef8d8d701a0e52e7cac5569685e30ffc7ff65b5665c2a,SNOW,"DARKNESS, LIGHTED ROAD",SNOW OR SLUSH,WEATHER,1.0,47.0,1.0,1.0
0d86f2e178c7e5e9efa2db1d79abf887c55590ad640b4d685081a548269c0ae300e5ca7c4d202c0b1f236ab887188aa35485087852891735b22c9287dfc5c93d,CLEAR,"DARKNESS, LIGHTED ROAD",DRY,FAILING TO REDUCE SPEED TO AVOID CRASH,2.0,31.0,2.0,2.0
0d8700a885fe9ee16829904879a3929fe43bed4adc365aa99ed905220b94833187e25876b254f9caf81955fbfdf280e4d0fcf2120842567d2ef3a249efb4bc41,CLEAR,"DARKNESS, LIGHTED ROAD",DRY,IMPROPER OVERTAKING/PASSING,2.0,22.25,4.0,4.0
0d874e2ce79c82ce38114a9b586e9306aad7abcd75715ad38c9e925dcf1efb8080d340a22eaf3eed5527ad29bf0e1a6bb5c69526258fed899c66d8284c063abd,CLEAR,DAYLIGHT,DRY,IMPROPER LANE USAGE,2.0,32.0,2.0,2.0
0d875bc6f9d91bdc4cbb56920d841fc701f7ff0d5038952c2832a6640bc4bd3594bfe942daf1f6ef3d6de7bae5324096faaeb9663268b53d6e45271d1b0d83d8,CLEAR,"DARKNESS, LIGHTED ROAD",DRY,IMPROPER OVERTAKING/PASSING,2.0,39.666666666666664,4.0,4.0
0d87d53392c95b4821c68e60497c53cf58110ec14b616606a2419d16b4ff91be3a8e37d4d6346709a1ba8ddc2d4d6fdb8f4e7210e1081c8b92be6cc6b5806275,FREEZING RAIN/DRIZZLE,"DARKNESS, LIGHTED ROAD",WET,DISREGARDING OTHER TRAFFIC SIGNS,3.0,48.0,2.0,2.0
0d87ef65b53a93eb0e769cab0b3ab26571f661da7f2f2c09355db3e8cdea3a1432b83298b5769e323b4301f08827e891b08b86c415ee6707f005019bbd215aa3,CLEAR,DAYLIGHT,DRY,IMPROPER BACKING,2.0,37.5,1.0,1.0
0d87f16477c5e69d3fdc2a1f33790c17743139b1ddc597aa60ccb570c225be0120d0dcb8d3d69fc05d68d9ed38e04153a193de2f68b4e17a0bb18aac91ab160c,CLEAR,DAYLIGHT,DRY,FAILING TO REDUCE SPEED TO AVOID CRASH,3.0,37.5,3.0,3.0
0d880330b95bc43abb801726c01d59aa38934a989e7e2ca1b7bf97be82e95a825c49c2d546cc549b92a0f83b1314495b32943c3ff53b02a51a2c17c820bfba6a,CLEAR,"DARKNESS, LIGHTED ROAD",DRY,DISREGARDING TRAFFIC SIGNALS,3.0,34.5,3.0,3.0
0d887610db5ae6af9e00156f615170a23895f719f8a14f11ec5b8ff0e3091c84515844ebfb50b5251761b8af0fdee2dbc39b0a8b5d974e39e8074adb9db258c8,FREEZING RAIN/DRIZZLE,DAYLIGHT,WET,DRIVING SKILLS/KNOWLEDGE/EXPERIENCE,2.0,32.0,1.0,1.0
0d887bbce95dec89a645165ce4507e4652aaa21338709ea724ff8a3f50cbe0482bfabb180c82d5bec32bd1f0b2be3786e57575eb2fed907bc5680468fd5e9631,CLEAR,DAYLIGHT,WET,FOLLOWING TOO CLOSELY,2.0,49.0,2.0,2.0
0d888c54703ceca57a6553e235b29478a6103415a7105ab62689767db55015f3912d33dcf2477f29a5e944d7c9098d9a076b7e4b7d622f4e95c46aef603b4a74,CLEAR,"DARKNESS, LIGHTED ROAD",DRY,FAILING TO YIELD RIGHT-OF-WAY,2.0,23.428571428571427,8.0,8.0
0d88b0b7be54c1829e6fe4e30be96ec05fde9a62836f01619fc21c943d7150ef9361abc392681911ab9aeccf6aa0e0254329abf3f2c0e0690e039309473970c5,CLEAR,DAYLIGHT,DRY,FAILING TO YIELD RIGHT-OF-WAY,2.0,20.333333333333332,6.0,6.0
0d88bcabc15d81f91baef0a639dfff234c4670bcbdb51334324269cc00f1a6f43bd8bcccfe6d1b18ac1003f6f7d183bdb551a3d9d826a45018d17fd76ca9f91c,CLEAR,DAYLIGHT,DRY,FAILING TO REDUCE SPEED TO AVOID CRASH,2.0,50.5,2.0,2.0
0d88c8944f804d54d3a418c788a6a740a16033f529e440174b5827fa288a5547c9e57ce493219fd0ab3e0c904a77b1630d69f9bcdc8d4bb3bc947092f568d3ed,CLEAR,"DARKNESS, LIGHTED ROAD",DRY,IMPROPER LANE USAGE,2.0,44.0,2.0,2.0
0d88da100873af09ca391271aed506d0f11fce4da9308e572fbe4cb570d415fa3b6e105ed47e2fc55e245b6b38231d3cf4bb0a93db1c3df0e2489d6724b6a737,CLEAR,"DARKNESS, LIGHTED ROAD",DRY,IMPROPER TURNING/NO SIGNAL,2.0,38.0,2.0,2.0
0d88f2183781096ca0f7ac47312e3ca24090a83e8fb9df8121c5523928cea4182a01855c5be5fafd12ae2290c654097a00d9abf838e8c7147b0201356e869a87,CLOUDY/OVERCAST,DAYLIGHT,WET,IMPROPER BACKING,2.0,56.5,2.0,2.0
0d89132f235c40502e429a53c9ab40adddb9e9076d42d462bf92aa877954c068b630e03dab90b61263f98ca12704b52a681e8460e5a8d4f23b0ac6f4bdd6b395,CLEAR,DAYLIGHT,DRY,IMPROPER LANE USAGE,2.0,4.5,3.0,3.0
0d891efee05a17674ed492c850c1ce4ce701d49d3a3df30cd1aa3bd0a5d5a5b3ca8eb520e27c3676ea54707718ea4c23153a2218acd701be1077aa00769e1371,CLEAR,"DARKNESS, LIGHTED ROAD",DRY,DISREGARDING TRAFFIC SIGNALS,2.0,45.5,3.0,3.0
0d892e632cd2648d7e6083ebe13600e47e52048e91d1a69b758dcc29d13aabe8203d6282aca9a6c87f874a62a4bc14f87072e60fe0003a9957aa71978fce59b6,CLEAR,DAYLIGHT,DRY,IMPROPER TURNING/NO SIGNAL,2.0,34.0,1.0,1.0
0d896c49e0a3f50a38e3deb76ff02e976352d74049fcef0e94bb7f05f19dafa45e0a690102e715705c364ad2ae99fb76f66783c37abc25f487644caf7e083754,CLEAR,DAYLIGHT,UNKNOWN,FAILING TO YIELD RIGHT-OF-WAY,2.0,30.0,2.0,2.0
0d89795118742dd1ed00c09851f0c2995ecc3110656f02073d7d62e0a4d3a9d0388997a3bed9e4d978fd67f1c26a8ebeeffe1e519370dca58fcbb1048bf39ad6,CLEAR,DAYLIGHT,DRY,FOLLOWING TOO CLOSELY,2.0,31.0,2.0,2.0
0d897e33dc4b67b1ec0e4794d233f32fae04b9cc0ea7b5282f0f81e2840e9c6b92b32c8ea2c7b083914fdf63ca20e17b82f9192b51c97d87a69d5ba9074249a2,CLEAR,"DARKNESS, LIGHTED ROAD",DRY,FAILING TO YIELD RIGHT-OF-WAY,2.0,48.0,2.0,2.0
0d898509df08fc829d614aa85f94e414e4910d8464dd7992303c1b6ec07c29c64e18a846c632eb76ab2f10fa1b231a7255fbe7d85d98d5528097f571d25fb482,CLEAR,"DARKNESS, LIGHTED ROAD",DRY,FAILING TO REDUCE SPEED TO AVOID CRASH,2.0,23.0,2.0,2.0
0d899fe3ae514bc2ebc80f7d6650867fe27996900baa2580d549c019666828024defd0cf0b046a5d6db854d18d4fded910dd9c4f9ad0e90d4851f1647328bff0,CLEAR,DAWN,DRY,FOLLOWING TOO CLOSELY,2.0,32.0,2.0,2.0
0d89b43b5f7547fa5a14f219466e5f9866ede089138205fdb088e7e6519fcf920f09d32835936bc427e6eff84e9c746bfb55a3c7b7120fd932c61409d9b91ff7,CLEAR,DARKNESS,DRY,FAILING TO YIELD RIGHT-OF-WAY,2.0,66.0,2.0,2.0
0d89c34e55d611431f98328d90a0e41793565ebc50c64c4ce25eba40ce99b24ef357b9e3f711ae9e616ca5ebaa2887c0a33d3240420afdb795e13e830c4a9999,CLEAR,DAYLIGHT,DRY,IMPROPER BACKING,2.0,32.0,2.0,2.0
0d89c740648de5e5dbc740cd119d49633b014a661cd5564cea319152dca58f0c45ec5e1ee03638a7bf055478b35096e28f33cbbfb2933c377f9374d13692cace,CLEAR,DAYLIGHT,DRY,FOLLOWING TOO CLOSELY,2.0,39.5,2.0,2.0
0d89d5844d62c46de7ca1450f97f26d7fac6221c7a224aa143513315676770f2aa3c34a46639eb9f8bd9eb791f8a6ec5ae4840e8698386865ce381f5621c7835,CLEAR,"DARKNESS, LIGHTED ROAD",DRY,FOLLOWING TOO CLOSELY,2.0,44.5,3.0,3.0
0d89d5ec19814bf6d0ce828b66f28fd10c1478a4d20cf5df1e7f6bdfca17da32d6843314372aa13818ed901b6d4a78b0d895a852699c1a2171813042639befd1,CLEAR,"DARKNESS, LIGHTED ROAD",DRY,FOLLOWING TOO CLOSELY,2.0,48.666666666666664,3.0,3.0
0d89eebf8c895863e559266c4d2eb7ea17969685d4e59eee85fae64157742f672f34e808b89b5b8643385589230fc0a6efc029bb05cde4c99ba5a3a366a1621a,RAIN,DAYLIGHT,WET,IMPROPER TURNING/NO SIGNAL,2.0,8.0,2.0,2.0
0d8a36a1264dfe70568dde0dce71857ad3c1836df7ce36bf452fc57d1be1d659cdb7c1ca94034304adc55e161c27230b45efeb9a377de1d24a784b8d8b897835,FOG/SMOKE/HAZE,DAWN,UNKNOWN,IMPROPER LANE USAGE,2.0,30.0,3.0,3.0
0d8a7514599fe982cd70d97a04ef9eb052cc005ce70a321f40c85c75bb8741e1dd1fded5cfbdf68c4a30ecc09b667752ed4176b1e9ce21a6ca2e3ae3dd03cc7c,CLEAR,DAYLIGHT,DRY,IMPROPER TURNING/NO SIGNAL,2.0,39.5,2.0,2.0
0d8abc209d70e062c09f96a1fd7153067ff27c304715d71329f1204d6c3165e8f7bc2c981dceb761e4f7b564a939c0364f9a3e73773ad4a28583b40f7b30f101,CLEAR,"DARKNESS, LIGHTED ROAD",DRY,IMPROPER TURNING/NO SIGNAL,2.0,23.0,2.0,2.0
0d8af2f07183253a762600ac2b76abc247aa4774ef0a92ead65b0eb2003ead2651f61757a2982ee7813a1a531a5e4551f3b2135c74e5641cadb6d5721a1b1a21,CLEAR,DUSK,DRY,IMPROPER OVERTAKING/PASSING,2.0,43.0,2.0,2.0
0d8b2b62c28631d341dd7df1246812a7980f3e25665fca9a55e6aae02d44f10aaf09043c89cf0eaa0b88baf66b44d05b592abdf785ae81894e7c88cb911bdc13,CLEAR,DAYLIGHT,DRY,IMPROPER TURNING/NO SIGNAL,2.0,27.5,3.0,3.0
0d8b3f665b2bc56f87304a346d08e31c397854da8b61559ba61457a4ba8a68d6e632629d29455a38aaf91e620f7f9850e0300bbc8bfb3ac04957511783bb820e,RAIN,DARKNESS,WET,DISREGARDING TRAFFIC SIGNALS,2.0,34.0,2.0,2.0
0d8b58b474a332ffc9dc7879b3d25037d8e93e89383100d816bfc942c0a0479e6961c3df6f02a8daa8e49d9139dee3fd859ab663df87cfea2ad0c4cfd9382ae5,CLEAR,DAYLIGHT,DRY,IMPROPER OVERTAKING/PASSING,2.0,24.0,2.0,2.0
0d8b62023163a0030dac901ce80755b8184e0db747b7485786da874b8ff09b84d453d2856ca12f20711534da09567e344b597ecbee4c9acacb1e462e47254013,CLEAR,DAYLIGHT,DRY,IMPROPER TURNING/NO SIGNAL,2.0,37.5,1.0,1.0
0d8b66f07de288fd2435c19d6f0bc3c593ead136fd76f8e205abdb284638b1bbbb6f2c14ee7b2ed5cf51fbea90bbf0393841fc0f1924b59312b68d42abe4d6a7,CLEAR,DAYLIGHT,DRY,DISREGARDING TRAFFIC SIGNALS,2.0,38.285714285714285,7.0,7.0
0d8b89d6b95421c6d5fef71e84f5d0263cf6aa3dee4c35a20c205b93cccecfbcd098df5935334e704a651a517e91f56d312ce0eb1b751ee5563c4e483be4647b,CLEAR,DAYLIGHT,DRY,IMPROPER BACKING,2.0,41.0,4.0,4.0
0d8ba6977e72e121b072c36375172dc72cd41572e5c4d9b7c73fb4ea19917f3332f071893ef0d1c5b9579f87b87cd9e7f76c038d3924299433444e4a63b6cd31,CLEAR,DAYLIGHT,DRY,DISREGARDING TRAFFIC SIGNALS,2.0,26.5,2.0,2.0
0d8bfa008001e1e975cdac13bdda3c03e80ab435b7219cc3863a21e0e8935b64e289880fe61f43d777a3cd3efdcbe0cf7c014fd0d2f2d30462b7b60f5cb9efa7,CLEAR,"DARKNESS, LIGHTED ROAD",DRY,PHYSICAL CONDITION OF DRIVER,2.0,34.0,1.0,1.0
0d8c0c8dc12701f0f775162606bf7658f7f6f98dbbf0d734778fffb1b5d41facd051aee7f8657fb49a3aca64a88c75c92ebb22c674dbfb92b24195fe10cc8f53,CLEAR,DAYLIGHT,DRY,FAILING TO YIELD RIGHT-OF-WAY,1.0,47.0,2.0,2.0
0d8c2f01586981e80af255826f1005d3faebe21eeec4448d53c06e7da0111edb5d1211e89c7cfca4ed897443e30e889b1f383877115482d27c282a1b5dd48287,CLEAR,"DARKNESS, LIGHTED ROAD",DRY,FOLLOWING TOO CLOSELY,2.0,37.5,3.0,3.0
0d8c3017ed8406eed40a04c68b2a88128bd35ad185846d90bfc7934be22c3c7f6782cb00ed42500e976ea230cc9c6f53528fd958282f32bfe39f4f6446fd86f1,SNOW,"DARKNESS, LIGHTED ROAD",SNOW OR SLUSH,FOLLOWING TOO CLOSELY,2.0,49.333333333333336,3.0,3.0
0d8c3eebf6498bdc42a562eb89ebc4aeb584dbd99d82b7152788e8e34ddd6beaffcae4fd37a28c40d020950a35308e005c9920fc42d1dee9322aa54a81f4b13b,CLEAR,"DARKNESS, LIGHTED ROAD",DRY,FAILING TO REDUCE SPEED TO AVOID CRASH,4.0,26.0,5.0,5.0
0d8c656ef87e87c8eeb3c0c48f61515fc1067c83aa2042eb2c025a3d932e67bce2f32290389cb7ef4c32b6ddcd07a04e8ac94634fcb2ab80fc5668e08bfb6f37,RAIN,"DARKNESS, LIGHTED ROAD",WET,IMPROPER OVERTAKING/PASSING,2.0,37.5,1.0,1.0
0d8c995d87d14f86cf67013be4c2461adc578850c82456d0c9f19008487bd555d6ccdddea2c07e5db1b29a715db7c909e7dc49b4f9b338305c1c46ad3ef02221,CLEAR,"DARKNESS, LIGHTED ROAD",WET,FAILING TO YIELD RIGHT-OF-WAY,2.0,44.5,2.0,2.0
0d8c9b83d1385fb7742eb5f5eed55d4b66c1933e8048bbcfef609dfb7c7cdcd188655fda4f78f22d7442e38257dfa67869f7f7ecfa9bcf61788362aedd6286e5,SNOW,DARKNESS,ICE,WEATHER,2.0,48.0,3.0,3.0
0d8ca83354b7ad6bc1d14b39d7cb4498d018fcc59bbbe2d11653c05de0fdd6db206055b606be9f007208d3e7a9488cce2d5d84befeaee8461e2f606c4db1a421,CLEAR,"DARKNESS, LIGHTED ROAD",DRY,DRIVING SKILLS/KNOWLEDGE/EXPERIENCE,2.0,31.0,2.0,2.0
0d8cc91165b23bcaef21012602e8746f3a293b7f3069457f607a1bb1fb7c4ae935f5cea43b0b1b794926518717fd2ec0cb7f6d7aa1b7b167636f65156967574a,UNKNOWN,UNKNOWN,UNKNOWN,FOLLOWING TOO CLOSELY,2.0,41.0,2.0,2.0
0d8d04bb91b2896784cec2cca873ca02a2bce2a99e5e2ecc59fdcc21125c818857d3b1c360b56f2549c7c957b13596ccb74e03bd0840e55fc703dd15e4a4e1bb,CLEAR,DAYLIGHT,DRY,FAILING TO YIELD RIGHT-OF-WAY,2.0,48.0,2.0,2.0
0d8d1e3fee87878734d1086278f59874cddb4cfdb9f886d01e7b4f63079a60f862a5662c8d04dd898942bb63110e9f131c44ab4d0e50e1f7d13c10567e2013ad,FREEZING RAIN/DRIZZLE,"DARKNESS, LIGHTED ROAD",ICE,WEATHER,4.0,37.5,1.0,1.0
0d8d21aa3990ec4cf06cce8c67e8d52a624d4c0bce3328a6fe4dab2ab657af13aa3439caeb98a1244f7c85fbc7268af99c73fc7397d6a22c174f0510db3e3d3a,SNOW,DAYLIGHT,WET,WEATHER,2.0,48.0,2.0,2.0
0d8d2c52181715cd6879f1e03fb8ccbf12b557658e138f8c27e99a6ac14b931b70a0a89ec994a45a8137ea14af22dd567405c967afa92c9db8f6a0e7498604d0,CLEAR,DAYLIGHT,DRY,FAILING TO YIELD RIGHT-OF-WAY,2.0,33.333333333333336,3.0,3.0
0d8d35354f578f1e0a493e9f9812155d69a32e007e93c447fb6207dbcf95911291915adec8b280d67076343e33a5708d97887c2ecd74e5fcdc0865b081066e9f,CLEAR,DARKNESS,DRY,DISTRACTION - FROM OUTSIDE VEHICLE,3.0,26.0,1.0,1.0
0d8d3e7fcab61b53bdb50f958fd030abf962c0e298e0aa7c386ae675fcfe2224063ac3e0ea024504780a113588eb7cf6139090b1ee1f4da129428e9e52d920ba,CLEAR,"DARKNESS, LIGHTED ROAD",DRY,IMPROPER LANE USAGE,2.0,37.5,2.0,2.0
0d8d61fb44bfe81c7743fd7382b3536c61526681a572f58d13457a4313ef6620ae78e96a3e6a9e673072953ab1240fb8da62fdd586ccdf7298e9a429c9c71a52,RAIN,"DARKNESS, LIGHTED ROAD",WET,WEATHER,1.0,23.0,1.0,1.0
0d8d831f2359555c500dc09620e56842ef3c7e529414dfa17e94faf3c3e31decfc414feef14e97a69daaa5463f6dce95de941a84b4c617d00d82919c7b8c8304,RAIN,DAYLIGHT,WET,FAILING TO YIELD RIGHT-OF-WAY,3.0,37.5,6.0,6.0
0d8d8a69e0bd37253b11aef19e9bd0faaee6df064dec1d5076e173d4ba6767a0a39d9fb56221f23ae5ade90295d9da8f9e65b06ba20387a8bb02b9f6c4b7b0d8,CLEAR,DAYLIGHT,DRY,FOLLOWING TOO CLOSELY,3.0,33.0,3.0,3.0
0d8d8ce04b5bdb5dda8469094f1599c6cb871add644000bc1f690435aff4a30d189b4421430747712a4e11fd9ddb74ecabf51c650f0b84b76350dee8ddd5caf6,CLEAR,DUSK,DRY,FOLLOWING TOO CLOSELY,2.0,26.8,5.0,5.0
0d8d931e2160edfc358a50665223dde4cf7216bad9a2af9064719f2c566e9c5e32f4f376d8ad7201696f6df2f29f0d52c3c3ee8d587f2acd6791609aa26bba58,CLEAR,DAYLIGHT,DRY,FAILING TO YIELD RIGHT-OF-WAY,2.0,47.0,5.0,5.0
0d8da8c93302c1b7a47a5801abad46167562012bb77cc1548f243bc3296c2e1bf654d46fe72d08a850c15b49b0ee579478047d50bdc52b515b7919649817c093,CLEAR,DAYLIGHT,DRY,IMPROPER BACKING,2.0,55.0,3.0,3.0
0d8dea325794fb7fceec8570ae353aed6f81b74bde2d631dfec0c2659a35f421e1eb8d12b253fcf56e6ff5302928c821c5c8ce0b9e4f2164a448716b53ef9336,CLEAR,DAYLIGHT,DRY,FOLLOWING TOO CLOSELY,2.0,32.5,2.0,2.0
0d8e341abae08c47ae5f374563646784bdf90824c9a509f9d192130128c88f012c223dfb1ed3835095bf12209eceab8db98816435fa71b2e09a8efd3ba29cc8e,CLEAR,DAYLIGHT,DRY,"OPERATING VEHICLE IN ERRATIC, RECKLESS, CARELESS, NEGLIGENT OR AGGRESSIVE MANNER",2.0,53.0,2.0,2.0
0d8e51beddc127a594d21ae34cd017610d452a62b9fbe50bbc457e1fbe74e147db33e3f0a9210be494ad99479f29bc4a2c19c003a8e5b7538d63e5d030cc003c,RAIN,DAYLIGHT,WET,FAILING TO YIELD RIGHT-OF-WAY,2.0,41.5,2.0,2.0
0d8e6641416937ef82883fcb4e615bc91462a28aaaa7336d37f10c11afafbbb6e48977b6a480ea4a662001510c312729762936350e7a5ed2802dae3a67ddf964,OTHER,"DARKNESS, LIGHTED ROAD",WET,DISREGARDING TRAFFIC SIGNALS,2.0,24.0,2.0,2.0
0d8e671976edce4ddbbefb367b3dc13a69c52d0f7e1957f3054b48c54321da285c9cec78c0712f08cca719f06f97e4a828902f147f98b57259960b2dc44a4e64,CLEAR,"DARKNESS, LIGHTED ROAD",DRY,DISREGARDING TRAFFIC SIGNALS,3.0,36.0,3.0,3.0
0d8e8fe093a33d10f4bd0e06f5c4b29da58adcdd3faa6a2edefbd4d993bb64deabe56b7d2fce87bfc33a61c20994e37e8cd39b79bae2d616254277588973316a,RAIN,DAYLIGHT,WET,FOLLOWING TOO CLOSELY,2.0,66.0,2.0,2.0
0d8e9f721619f080ccdc53e4e7a6407275101c308f7bf8c669f803156bdd7994130510babaccb11f3b611d9920a5553cef76c23641ce6385fd52de3e8a67e47f,CLEAR,DAYLIGHT,DRY,IMPROPER TURNING/NO SIGNAL,3.0,47.0,1.0,1.0
0d8eab9bb2191e869013338a2bb94957f09c884bf6a3747a999b5eed2faaf84c7499a14426fd4768a315d35affedc9d5d74ba0007ab34b8df2bfac18ef4c6172,CLEAR,DAYLIGHT,DRY,FOLLOWING TOO CLOSELY,2.0,43.0,2.0,2.0
0d8edd8a0c1e4f8caa0dcf9427163537f4e8293f2de05a39292b33f7fbba56cc7b4308ab43633fbf15dc2fe1e45ec954a596d375da590af464fb651179908dc2,CLOUDY/OVERCAST,DAYLIGHT,WET,FAILING TO YIELD RIGHT-OF-WAY,2.0,44.0,2.0,2.0
0d8ee911d6992b9a090ae0febd87e1aec6a6a11e8a91a5118c34359c095de7812d7fb5d3f57a6ef4160369ec7792a3f7cc27b91f226e7b4d1d3f304d1c38eaa2,RAIN,DAYLIGHT,WET,FAILING TO YIELD RIGHT-OF-WAY,2.0,37.5,2.0,2.0
0d8efa7f8c596005c6e9807c2f1a63add8970a232022dc6aec25c0d5d935562d5e0439c9e2ecb9413c8314b89208506eab9340da65f43349cc380a6cbb3643a9,UNKNOWN,DAYLIGHT,DRY,DRIVING SKILLS/KNOWLEDGE/EXPERIENCE,2.0,37.5,1.0,1.0
0d8f3e90afc7997d348483457ededce82b0f63f5b830abcccd9d558087ba200e784fc970f2428aa83dbaf9f9a3acdcba10da82ba78196527d9eec0bb288ca7e4,RAIN,DAYLIGHT,WET,IMPROPER TURNING/NO SIGNAL,2.0,36.666666666666664,3.0,3.0
0d8f570fd7fd2063c6956f77d7c78476b9854c3f3070a1af2044d5a23b9d394d57c3d8034784638d8f63c49119cd7bb1d454168912088ae9c6baa29ed551a9ef,CLEAR,DAYLIGHT,DRY,FAILING TO YIELD RIGHT-OF-WAY,1.0,37.5,2.0,2.0