crash_record_id,weather_condition,lighting_condition,roadway_surface_cond,prim_contributory_cause,total_vehicles,avg_driver_age,total_people,total_injured
0d8f7f853f54e05a7f528fcda9ac3a1671f2a8eabaf99a437e2122f4da75b228a5aa3b214de27294098061fc423ba13f25d2d5bc2e12ae4b1487deb6cbb89893,CLEAR,DAYLIGHT,DRY,FAILING TO YIELD RIGHT-OF-WAY,2.0,31.0,2.0,2.0
0d8f8f2cc670ff79b56dd7a9da08b5ba37abfb9e456ba298261e19726a68f4c208eeda30c554b5a1d58e650013f36457047fcbc65306bdbeadcb370f32e27c00,CLEAR,DAYLIGHT,DRY,FAILING TO YIELD RIGHT-OF-WAY,2.0,24.0,2.0,2.0
0d8fa4e69d5c5239d4bd3e646d9d5d954a46380f4c4b3df3b4ecedd2d569a54d6169f8a9d893d77c5aa92096836f162d9c7f6ade5ecef69cbee23b2f4871ed97,CLEAR,DAYLIGHT,DRY,IMPROPER LANE USAGE,2.0,43.0,2.0,2.0
0d8fa665a92265ea66c3ae2bad6a1cdecd876885bf0148f76f6d270a0715c157cd9689af86b312f8dd58d2e0c2b00913a82f44ee6cebc4c30f1e27a0f758b5a9,CLEAR,DAYLIGHT,UNKNOWN,IMPROPER BACKING,2.0,35.5,2.0,2.0
0d8fc41dfcb0944bda2be1c649bd791cc4c13bf90a86d7d3c5dcc153b6f30bf59c50b8a20860d55b0d63eca44ef9d65088b3ea069b11964c2f52975355ee5ac3,CLEAR,DAYLIGHT,DRY,DRIVING ON WRONG SIDE/WRONG WAY,2.0,37.0,2.0,2.0
0d8fda79399682bf018f4c6e9bd1791faf9e0f64313bff0c4cce6ebfbf2126c06f92da270f46780d573b094a9816303a4df9c820b27b542ef5677d43c5cef2e6,CLEAR,"DARKNESS, LIGHTED ROAD",DRY,IMPROPER OVERTAKING/PASSING,2.0,60.0,1.0,1.0
0d902f4f9e4ec7093fb84e14f224b4646f77af058356e474330dd64c03c882c9f8275c4f96bfa600dd018af955cf69b6364c1b1d7dd8ce9f81593a3041aa3635,CLEAR,DAYLIGHT,DRY,IMPROPER OVERTAKING/PASSING,2.0,38.0,2.0,2.0
0d902fa499f4353da2d949e6d13422f1104c286818804e5abeb7c49f5be2b1b2e85a42d5eb95e8c563507b6d757f92d2cf159548d5b36f0eb1c815198d46b53e,CLEAR,"DARKNESS, LIGHTED ROAD",DRY,UNDER THE INFLUENCE OF ALCOHOL/DRUGS (USE WHEN ARREST IS EFFECTED),1.0,31.0,1.0,1.0
0d9031330a88ade298b6a43435711c294069a167b62c58d55dfae7ed1cecbfa696501de987fda20e70bb1b1582956a148c7b2cf82ae62dbb393907cc3ef62821,CLEAR,DAYLIGHT,DRY,IMPROPER LANE USAGE,2.0,28.0,2.0,2.0
0d903e4386639707d3dc9630badd083b5ac370bfd605c983d1d3a5966cdf8766ec384959b53e88c43a6936db09e9816786e98b2d02212b57e31bbd41d139a20d,CLEAR,DAYLIGHT,DRY,FAILING TO REDUCE SPEED TO AVOID CRASH,2.0,27.0,2.0,2.0
0d9043e952702a8ca8ab5fa25cc305c653a63ed267427b9cf1eaa9fa75d1f85557483e64c98dcccd81bdaffc2adc88d555578cf46ef9de7cd5c6ed87213d7187,CLEAR,DAYLIGHT,DRY,IMPROPER LANE USAGE,2.0,47.0,2.0,2.0
0d905ad16df7f27b5c3f2fe73012af1031ecc9f29e5989c4459c25171d2910926f562a2ddc3b0fdd9c7eb81d26d635b3aa119ea2fb1b6ba2a3a12b5ddde0cd61,CLOUDY/OVERCAST,DAYLIGHT,DRY,FAILING TO YIELD RIGHT-OF-WAY,2.0,44.25,5.0,5.0
0d905ee4502fada96a78c9b2b708e3fcbf6b821133d78d422c03640b6e8d4e39292b32998af1e72eea925980bcc41e8efe7580c3f2cf6bf415e4acc83125e649,CLEAR,DARKNESS,DRY,FAILING TO YIELD RIGHT-OF-WAY,2.0,31.0,2.0,2.0
0d90be51a8245f7427d6935beb2c24ce60b41038bdf11589f7ad47b8009d42b6cf35fecbcb4b58e5c853717d02d43185d812a0b345a0a6d6ef726de7a1b77e51,CLEAR,DAYLIGHT,DRY,IMPROPER OVERTAKING/PASSING,1.0,64.0,2.0,2.0
0d90db7f663e4e4c355662d5d942ebe023ee660cb98628e3809d3b223bf89507d709898f1820eddf17142a644709228927301feb7d147f2d47656dd4b2db8131,CLEAR,"DARKNESS, LIGHTED ROAD",DRY,DISREGARDING STOP SIGN,2.0,36.0,3.0,3.0
0d90e481a3168ee61254c8a2eba2569258aee8520ffa23bf76f9a7c56cd3818eecc870b6b7538d8f2126876bc903944fb69677bc7a578dad57bf98c2c139cef0,SNOW,DAYLIGHT,WET,WEATHER,1.0,37.5,1.0,1.0
0d90f1889bd20862713b0f0afd7ae953a82bfa77bdd4d1444070607a8e6950203ad0aa6fd5107bda85267c6c34f2e4a97e892b62735becf74ece9eb989ad71bc,CLEAR,DAYLIGHT,DRY,FAILING TO YIELD RIGHT-OF-WAY,2.0,41.0,2.0,2.0
0d910043dbc60d369baea0b569bec0dd8381fb787002654bc1d09eeba89d298b0f4e567c674dfe76160a62cea0a934576849396d109eb1b369cb696b6279b416,CLEAR,"DARKNESS, LIGHTED ROAD",DRY,FAILING TO YIELD RIGHT-OF-WAY,2.0,25.0,3.0,3.0
0d912666df5036bc13cece678cc5aef3cc834411fefcc2ad215476a2648babfc717d0b93cd0fb20a5dfbf8bde9ddd7d39df3453ef6794d7fbecb4f232b136f4f,SNOW,DAYLIGHT,SNOW OR SLUSH,FOLLOWING TOO CLOSELY,2.0,61.0,2.0,2.0
0d913433a70ef989756bfb67a578cd0608b56b55c688e4718c5961b42ef7576a9b477bf911ce7bc1016ddd27a88342a3eccce8bab2f3a64ef78f42568359f85f,CLEAR,"DARKNESS, LIGHTED ROAD",DRY,FAILING TO REDUCE SPEED TO AVOID CRASH,2.0,28.0,1.0,1.0
0d915cce365d63810f3b65bf0a20d17f42c9588e37fd0d521365ee8ad85445c3475c795c95980ca89ef62f8a49433fd9b58536205ee57915d52bdd7346f781ab,CLEAR,DARKNESS,DRY,IMPROPER LANE USAGE,2.0,72.0,2.0,2.0
0d916c0b01cedd6321a5eaed30bb231fefc07889b7c4b35b889f456c5d21f28829673251d2db5487e7434b26ffbdb528057ccfef34f5fb40f2eabb2817577eb4,CLEAR,DAYLIGHT,DRY,FAILING TO REDUCE SPEED TO AVOID CRASH,2.0,42.0,2.0,2.0
0d91752f88c56c98568b8415022e1824420d0ac2d1e1901c6c93b3804cfbb401db4cc55ca91d14b77aab812f247cb227afae2d857e9614565cf8866e71211e91,CLEAR,"DARKNESS, LIGHTED ROAD",DRY,DISREGARDING TRAFFIC SIGNALS,2.0,25.8,6.0,6.0
0d9183f5c1e6ca5a5c40fd597fd531384f6cbcdb93bb3cda3c38a55fe3cf7cf29b9c8934fc855a023d2871e91aa83d2da068121efd8e566a097cfeeae6187ba2,CLEAR,DAYLIGHT,DRY,FAILING TO REDUCE SPEED TO AVOID CRASH,2.0,37.0,2.0,2.0
0d91984cdbbf882a8f59409776047afb71193a3d648c011f53ba7a0a6f310730a19b21e693d810d7813c353c22048004f36fe435de63eec46feb9192b0fabf5f,CLOUDY/OVERCAST,DAYLIGHT,DRY,IMPROPER BACKING,2.0,44.5,3.0,3.0
0d91b9d4452c3c2b6e7e2dfcd693cca519e3a5286cc6934839ccf48d3268dfe1b28b561ba14bb8f2bdf2cbf3771da65888f5ee95a7bb0cc3c44f71cd7b064a52,CLEAR,DAYLIGHT,DRY,FOLLOWING TOO CLOSELY,2.0,47.5,2.0,2.0
0d91d94399b982fddc00fc4d2fd1bca48c3e05193d3e6ecfe144a06e1f078a2adf325af1010e53f915e68629cb317744a41845f00a7ed1b1e1db4c0bb3128f7b,CLEAR,"DARKNESS, LIGHTED ROAD",DRY,DRIVING SKILLS/KNOWLEDGE/EXPERIENCE,2.0,31.0,2.0,2.0
0d9217126127354ac1fc655c2cdd0a6a21c5c964cca46047f118af40960eab535dcbc97b83d0f43dce9c845868c86c01c4da4f86472a505afe945e9c075f81ff,CLEAR,DARKNESS,DRY,IMPROPER LANE USAGE,3.0,49.2,5.0,5.0
0d9218fa99219f60a18ead2b8891ff250c685bd8a865ea18c0b0696551013a47b8e255204bd7aff1a2f2f5d427df890fcf4bc899809612e5f08020c633297274,CLEAR,DAYLIGHT,DRY,FAILING TO YIELD RIGHT-OF-WAY,2.0,71.0,3.0,3.0
0d9241e1bf08ebbc1fce0f389a3878544c5e1fd7aad5e13252f1891323a1d5b9632a800a7f1b21cb05e39917912cc1fa18d4f72c210f44223c8a415efd799492,RAIN,"DARKNESS, LIGHTED ROAD",WET,"OPERATING VEHICLE IN ERRATIC, RECKLESS, CARELESS, NEGLIGENT OR AGGRESSIVE MANNER",1.0,16.666666666666668,3.0,3.0
0d9262acff3f50f59bab1a49d983b5c397221ca9e771be147d298b959f48589a2f6d438703403fca3f18b2090b09b21002bf576225add74f396d93f5118bfc51,CLEAR,DAYLIGHT,DRY,IMPROPER LANE USAGE,2.0,38.5,2.0,2.0
0d927e21e23ded82f1295a952f8c63f4b658d1decfcf3b1e2c788a501160fb17d62664b0e40641c742cf01ccc9483289309e3ecce64e2f854ab1f7e1b3b3ed59,RAIN,DAYLIGHT,WET,FOLLOWING TOO CLOSELY,2.0,37.5,2.0,2.0
0d92883830d726cfb7bf6767dcf1fcb3b9abad2e548b16fe8678068be2a16ac486a85ffcaf24bdbbcc8aea59c27726b9b1481281706b419f165b9a53d0722a14,CLEAR,DAYLIGHT,UNKNOWN,"OPERATING VEHICLE IN ERRATIC, RECKLESS, CARELESS, NEGLIGENT OR AGGRESSIVE MANNER",2.0,44.666666666666664,3.0,3.0
0d9299e6b5d5ce2e122bc5edde8955ea92e6f58e8bcb7fc5e76441a83dbf727fd82a8e544324267ce4b7ce97eb748b752381259da478a4ca099dc3fd00598681,CLEAR,DAYLIGHT,DRY,FOLLOWING TOO CLOSELY,2.0,51.0,2.0,2.0
0d92b95a09d606324bb59bd21164d085dc2e2f38204d799fb2f4556a642e25867b585eee4f4e6f68e8a6eaa7ad6e770748c1c6f429b849516441c2948cd6cb34,SNOW,DARKNESS,SNOW OR SLUSH,FAILING TO YIELD RIGHT-OF-WAY,2.0,53.5,2.0,2.0
0d92de09dde618f70598363c8db84cdb83f33ad1874501752245eecbeb80b783d965daeef12cf624fa31e56968b63588c92572e49922710389043a41f66d0cc6,SNOW,"DARKNESS, LIGHTED ROAD",SNOW OR SLUSH,WEATHER,2.0,37.5,2.0,2.0
0d92ed6bf2e56c3e30e5924bb7ee18ee756f262ee5f799e63562d434df7a3c247bb722be6588695e68f34a2ff09a2359b483e4b7883bf55b9b13145938877e37,CLEAR,DAYLIGHT,DRY,IMPROPER TURNING/NO SIGNAL,2.0,47.0,2.0,2.0
0d92fc903b43726223eba9335699c50ec6a0a0c2d27165959e6c8d5b97a944c2a9dd2409749247147a87460e80189f74a3530b0ef08e76b5ad225e68285b3c7a,CLEAR,DAYLIGHT,DRY,DISTRACTION - FROM INSIDE VEHICLE,3.0,23.0,8.0,8.0
0d9307221f19c81e0865c8da1a704c4a6d58ad07d3473f68f278685f98ecc17e95ccdb29bd24f0bd3b8a7b634a859bf1a8e5d9adcd46a1d9a5013ca243860695,CLEAR,DAWN,DRY,FAILING TO YIELD RIGHT-OF-WAY,2.0,41.0,3.0,3.0
0d930d6788e0dcaefc01689d1f18dd8c112364d07a26dc3820b2d7fc642dd6088bc2dcf437c7e724bd252fd832d6fe0722aaefbbef68f2766be05a2362cb8667,CLEAR,DAYLIGHT,DRY,FAILING TO YIELD RIGHT-OF-WAY,2.0,48.0,2.0,2.0
0d9330c5287bd0e2ebf8c7744541ff8d66287c0e01a2e0d5ff49bc31e38ff25e0a5be5b9a9065e534883331fff64d41af04c8ecff369513231aca713f4fec96d,CLEAR,DAYLIGHT,DRY,FAILING TO YIELD RIGHT-OF-WAY,2.0,59.5,2.0,2.0
0d933b304f9c1a02d9c13de4feec989c6167f22418ad31906da82eb606fe1fa8010666bd7d54b22db49b6e2e4f8af2226b08e17266ea0049793f9ff3162817bc,CLEAR,DAYLIGHT,DRY,FAILING TO YIELD RIGHT-OF-WAY,1.0,36.0,2.0,2.0
0d933c0550d7fea9f90403d9eb23a3930a76af710806fbe4e1483e15c9c806cec6d0456cc942b141cd0b29082836e48ec4fb6a77f6e0bfac43534a40313daf9f,CLEAR,DAYLIGHT,DRY,DISTRACTION - FROM INSIDE VEHICLE,2.0,36.2,5.0,5.0
0d934088bb60a36d1591fb4a734672320b5c8522db417ff251e6bd6e162ae138ef0512423b895ed2b90de8443661e0a38db301cabf62a583ccfc4dac8f69940a,RAIN,DAYLIGHT,WET,IMPROPER OVERTAKING/PASSING,2.0,88.0,1.0,1.0
0d934612f78f26130cfa9192f655ad2ac1ead16e8764c32dc81f4c7ebccac63ecd9b69f9ee42d4afb61093d889d1fbf04f08e42ec24f522e426c2a728a2aa205,RAIN,DAYLIGHT,WET,IMPROPER LANE USAGE,2.0,62.0,2.0,2.0
0d935dc768fcd11621a69f0cf5b4c7285713739858282e378d707284ec9c363763f8cc1de1f6824a06e4e2b012c583707d54ef8c5f38c2650821b427c7a90cfd,CLEAR,"DARKNESS, LIGHTED ROAD",DRY,IMPROPER OVERTAKING/PASSING,2.0,38.5,2.0,2.0
0d93666ded61020d2fd60d6bde177221a724b82827139ccdc285a7705309783ef39fe110849c1e5d8eb78f14603055706c89b2aea4b5df82f0f941888067b35f,CLEAR,DAYLIGHT,WET,IMPROPER OVERTAKING/PASSING,2.0,32.5,3.0,3.0
0d9381b5e9f3eb407d7d306c307cc5d4cb2ee664b5a394287aed2c9041f2b8eaa1c2ff63c5ed9133e37306b46d7c4d60d5ef679382fd14eb177f69246c2ba87d,CLEAR,DUSK,DRY,IMPROPER OVERTAKING/PASSING,2.0,17.5,4.0,4.0
0d938308561cfd69433291208b191dcf1bd7f86a71c672d4d58be53d66a2f03b67185190cb9df37db2014bddc456640fadef8cdcea7b45913c831641356b0b39,CLEAR,DAYLIGHT,DRY,IMPROPER TURNING/NO SIGNAL,2.0,31.333333333333332,4.0,4.0
0d939bb8af29da71f0e9aabb99aa995a3ea1172dd6e9f23d351d58f3b3a97c95f491c929f06b929d20679193f3ed705daaf5101de4a39286587f2bff94177689,CLEAR,DAYLIGHT,DRY,FOLLOWING TOO CLOSELY,2.0,46.0,2.0,2.0
0d93d1e14d55c27acc3a697f50c11164881209d41a05ce6f4d32a1583973746e6b2a128eb34dd7d914f4409e18cf40df93b87b883837a962bf5677673e4f28f3,CLEAR,"DARKNESS, LIGHTED ROAD",UNKNOWN,DISREGARDING TRAFFIC SIGNALS,2.0,33.5,2.0,2.0
0d93d9243b52ac7feaa9461e08b0c12181141c73346b9d75a807c128d62728fa779f92d812ab63979dc34958b29aeec863cc1238071facacdb1118ef9c55bb99,CLEAR,DAYLIGHT,DRY,IMPROPER TURNING/NO SIGNAL,2.0,25.0,2.0,2.0
0d93dd4d08693b7a144e04aa3dd76b63b77957acc1d33c697b25d20a0f1e4d756da9dfd49e827b28c9d54b3c022737a520997ed4e8ae77113564ca584331bedb,CLEAR,DARKNESS,DRY,FAILING TO YIELD RIGHT-OF-WAY,1.0,47.0,2.0,2.0
0d93e58a41b534701f7667b59f379c4d229658ab59734fc9ae03930d698aab97ae29d3dfea2c2975ae4f5734a20883f914f82c4090268ef24e8860348a5a7725,CLEAR,"DARKNESS, LIGHTED ROAD",DRY,DISREGARDING ROAD MARKINGS,1.0,63.0,1.0,1.0
0d93fc392db1b69a557e5021fe53ebee256a3e60c8fa00854fa63df22f6ca8a530e84be6b0fba267a7deb9647e4dee16e0995eaedbceb45fed3964ef5e738681,CLEAR,DAYLIGHT,DRY,IMPROPER LANE USAGE,2.0,22.0,2.0,2.0
0d94319dc46c8a925df7d8a6d314a02033476cff110911829d2dc001b3c5eaa2d0ec9abbeccae345c1ada93fa8a56c479188b0406452683f7027606d98edf6c0,CLEAR,DAYLIGHT,DRY,EQUIPMENT - VEHICLE CONDITION,2.0,62.5,2.0,2.0
0d943394dafdbd01471d1482737bdf8e0f5912606a46c7986f4f4984ef14661ac442cae8c866ea325a544440aa19736f3a4334f5ac5f7769e7ee8d79eb607964,CLEAR,"DARKNESS, LIGHTED ROAD",DRY,DRIVING SKILLS/KNOWLEDGE/EXPERIENCE,2.0,32.2,5.0,5.0
0d945d4548e0737e690444addba6be2e1e494e8db9b532b8e036920bdac4c7bb48bceddfc3331666c8e661a89766da16207524414e4495c9c8777d367194c8f4,CLEAR,DAYLIGHT,DRY,IMPROPER BACKING,2.0,51.0,1.0,1.0
0d948656cf91314ade466a4f21bddada23e6094c4a4a85aa6a24fc0c8582c05e7bcce7aff9538ca9d185918c63f8dccbf16bf6d0ddb8caa17dcefef3b316971a,CLEAR,DAYLIGHT,DRY,IMPROPER OVERTAKING/PASSING,2.0,30.0,2.0,2.0
0d9486f71664f01805183c5a601c5d09c86db9b14975e0cda7b5fd74fc2eb1f62091b490e4fcad9f7ce16ce5531af4186c6490cce1078b6823dab56da43a86cc,CLEAR,DAYLIGHT,DRY,IMPROPER TURNING/NO SIGNAL,2.0,24.0,3.0,3.0
0d94a748162be22ea261ea9166455c29605730a1cdc5408b8eb554f0ad35eb4dba75c90a46adfae2662a4d22557341964f420900914d4e9913a6fac159aa2b17,OTHER,"DARKNESS, LIGHTED ROAD",WET,FAILING TO YIELD RIGHT-OF-WAY,2.0,36.333333333333336,3.0,3.0
0d94a917d0c9780c326afede0125eda1354688368070bf7be8467cfcde7777ced383ab2e801a6cac15202e831210031767aee57601fbc834df2e159533dac309,RAIN,DAYLIGHT,WET,DRIVING SKILLS/KNOWLEDGE/EXPERIENCE,4.0,61.0,3.0,3.0
0d94b42e9aed7f016dc55ac996f335cd869d9a48bbf6376e686ca2c08f3c4b8f45edcdb41526ddace4e1f3a77f37364bde7736a89c4a72839dcb1d7c116b56f8,CLEAR,DAYLIGHT,DRY,DRIVING SKILLS/KNOWLEDGE/EXPERIENCE,3.0,29.0,1.0,1.0
0d94baebea6dd9d4f9c4b7f877e9931714a79f79da616c8bdc83706b4f5538b4f78f0356333f78fea6a21eec9e86fe85823fd4df8f6bd10e05133642e5326a55,CLEAR,DAYLIGHT,DRY,DRIVING SKILLS/KNOWLEDGE/EXPERIENCE,3.0,24.0,1.0,1.0
0d94db524c569d608f8c30c81cbe3804a8280b344cf129f61ae2706b2ca9635e97b408f377ce7810ea53245b8dce9206113645a1b2287fc198b76cab4eb00116,SNOW,DARKNESS,UNKNOWN,FAILING TO YIELD RIGHT-OF-WAY,2.0,37.0,2.0,2.0
0d950c208699350ffac444e54cb4c9b54f1e6e5869505fcea48c42b701b4968362d94e49ad679e9957a7b02e14cb62241bffeb4eabc0eea8e4b560d959436ae1,CLEAR,DAYLIGHT,DRY,FOLLOWING TOO CLOSELY,2.0,50.0,2.0,2.0
0d95201b7661bf1893e6c3e9fb718961bc0a9a903bcd4a84458a61a09dc2955314e16e894c63cdc9148a6f4ef774489a5b4eba29d9529e499e834f9b5ee41788,CLEAR,"DARKNESS, LIGHTED ROAD",DRY,IMPROPER LANE USAGE,2.0,64.0,2.0,2.0
0d9544be63c3561d75b8af16b8ee1bf01d880db0211a41a207bf86deaa76732c1bdf13987bda4a1ca519f744167f60397599ca47ee50c7a2d202d17357f93bde,CLEAR,DAYLIGHT,DRY,IMPROPER TURNING/NO SIGNAL,2.0,49.0,2.0,2.0
0d954b64de3e062e6e45411d6d453538a4ce4882ad6fae0d94b582d2f03abe71e88d8b285e74a9d2323afbf769ddcbf520f62b108bef98545c2acf431387e1b9,CLEAR,DAYLIGHT,DRY,IMPROPER TURNING/NO SIGNAL,1.0,40.0,1.0,1.0
0d95551c0c5f088875988a9b80b33b7346556218c07fdc3d18ac4f325585a65ee7d44b361a2fba6f372e5f2da9aa529c16c5f0b5df3587096e37f58015548131,RAIN,"DARKNESS, LIGHTED ROAD",WET,FAILING TO YIELD RIGHT-OF-WAY,1.0,25.0,3.0,3.0
0d955ab725f12828da567362cb52983c950bbdc9be0f38ccad7fb4ad5326ec683a458b0841da365840409c7fd2cb21729e0253217ed321c8ce5f39cef9d3c922,CLEAR,DAYLIGHT,DRY,IMPROPER LANE USAGE,2.0,71.0,3.0,3.0
0d9570698dc169367a1d43d60f69ad6598e2224119412989375b70c28c45b0f0461af045e331c6e228ab8fe3901ab4a13d58f6d19e8bb7de8874e6eb73dd2b1a,CLEAR,"DARKNESS, LIGHTED ROAD",WET,FAILING TO YIELD RIGHT-OF-WAY,1.0,61.5,2.0,2.0
0d957665f132c2865eb7ef534a6aa4303143865f1c9922784b5c734cb3a23919c0cfa779b4f79a9ad6db12b917cfa4aba847e72e532d77d0cae9555a17084aa4,CLEAR,DAYLIGHT,DRY,FOLLOWING TOO CLOSELY,2.0,37.0,2.0,2.0
0d9591c3b25cdd9e57a16d803944aca44fece82aa0096610755b7afda8cddf3fb7a58f65f85323b2ca8a153bc6d6ab818f6ed1d8eac91411f288bb307a4108b8,CLEAR,"DARKNESS, LIGHTED ROAD",DRY,FOLLOWING TOO CLOSELY,0.0,73.0,2.0,2.0
0d95ab2750e44486a1e863eb288cc555e43b86feeade81ba5e2502ef300dcc6791da0f43120c4965eb7d5628988a8f970e2cabb20ae0c75768eeddaa85da228f,CLOUDY/OVERCAST,DAYLIGHT,DRY,IMPROPER OVERTAKING/PASSING,2.0,34.0,2.0,2.0
0d95ab92b00a76f52a383a9dadcdfc0ee3133e243975e03e30243e905b2eae480ee924b183a87fa8b41a2d7d7b4f4de97cbca677463c4d0851db9d32df231e97,CLEAR,DAYLIGHT,DRY,DRIVING SKILLS/KNOWLEDGE/EXPERIENCE,2.0,39.0,1.0,1.0
0d95b47d68f4bf380cb15ca4ab9fd459eab98b4e30746ec85cf79489e6b73cfadc39e46133967139acf41f94af01816de8e38c330fdc73c3c5c187f5e46b1e92,CLEAR,"DARKNESS, LIGHTED ROAD",DRY,FAILING TO YIELD RIGHT-OF-WAY,2.0,40.5,2.0,2.0
0d95d4356da4755b490b951f1cc01260c305f7e1e126c6a82d74f79ffe97b69efd3624affc12b2a4f7e20a1eea47b3a7d159ec139444a47d5ed01702bc7e3135,CLEAR,"DARKNESS, LIGHTED ROAD",DRY,DRIVING SKILLS/KNOWLEDGE/EXPERIENCE,6.0,20.0,2.0,2.0
0d95e0bc012ac5f19277bf08322ce734d750e098729fc703fa40728815b1b48f030bef65b0a6d1a630e18998b95f248bdb8443cc239669906ff1cc6f4762b37a,CLEAR,DAYLIGHT,DRY,FAILING TO YIELD RIGHT-OF-WAY,2.0,73.5,2.0,2.0
0d95f4052da47d99d3651a99424a08601f405530e7178bc7e60b002671dbca683065efd88c710bd963bb6389b91107e3bcc4c520c1cda9726a4f9579aa2b5b0e,CLEAR,"DARKNESS, LIGHTED ROAD",DRY,DISREGARDING TRAFFIC SIGNALS,2.0,65.0,2.0,2.0
0d960e54acac6a53c9dd34139ca3cd60e18f6df670306fb885f987f478dd405fd306624628a67620b71c775686ae3492640147dff6dabe31d4c8afb2ac6465cb,CLEAR,DAYLIGHT,DRY,FAILING TO YIELD RIGHT-OF-WAY,2.0,41.5,2.0,2.0
0d960e71fa095bd48cae50ea8566b849772ea8e75b44d82934d44dedbdf5f20c5a3aec284b7caed17bacca49d9b874044dd394ca08da20827fda2a0d92f4cc30,CLEAR,DAYLIGHT,DRY,IMPROPER TURNING/NO SIGNAL,2.0,38.0,2.0,2.0
0d962c4c020e7681a57e29cf854635da684e1024be561aec4f0505f278197a3cfa5c08c6aa74de39dc041d79a206d5e1778f60a3d6383e0de4c98ac53109db5a,CLEAR,DAYLIGHT,DRY,FAILING TO YIELD RIGHT-OF-WAY,2.0,32.5,2.0,2.0
0d964b08b7c8683fb9701e82697e4a33973949dacf2f147ea6d6ae583dd3c1deca8f10323d47ac2be03b532212c2241656fda05007ee240e19a7e5179f09f9f8,CLEAR,"DARKNESS, LIGHTED ROAD",DRY,FAILING TO YIELD RIGHT-OF-WAY,1.0,34.0,2.0,2.0
0d9652e6beef6e67b9dcfef24a5f22187a0c5511dffafd1f1ac4e9a7ea587799e76ed83108174a98682adace918e2a5995fbecd6a0283835b72544f5686bed7c,CLEAR,DAYLIGHT,DRY,FAILING TO YIELD RIGHT-OF-WAY,3.0,42.75,5.0,5.0
0d9657c616ed0ac622d463914a0397cbb4917cd505955803ac6cc9e872dc2a0b2943c60c2b4c3947a99ac193312d7b50ef8fe84d4c4214b7877025fa3faf3875,CLEAR,DUSK,DRY,IMPROPER OVERTAKING/PASSING,2.0,19.0,1.0,1.0
0d966e9cdbf8d64760c5cc83129a67ef5cbec6f029ee4e2f990bf78d3b28e499e67f3f1b145e7ad1024598a4103492f3737b558169888105227e0f061ef3f7f5,RAIN,DUSK,WET,FAILING TO YIELD RIGHT-OF-WAY,2.0,51.5,2.0,2.0
0d967df3188007f08e35f904e3227b5be13995ff9d6b6b142929cacba19484c30ba2499a5986047871fa011cfad99478b26e16517e45a0ab5fd4155c5f14c5d9,CLEAR,"DARKNESS, LIGHTED ROAD",UNKNOWN,IMPROPER BACKING,2.0,29.0,2.0,2.0
0d9698a3fd87363df9ee7c7aba37cfde7150b0eb00ae2cbdf9f82e89770b719f95eb3daa76a895c5a72692c7070cd9ddd51a9d56f05e20b6ff4dd5c310c16f3d,CLEAR,DAYLIGHT,DRY,FAILING TO YIELD RIGHT-OF-WAY,2.0,37.5,2.0,2.0
0d96c9445c335bf0ab867dba5a10db83b71bd9a3a6edcc534378cea4f6a47150cb23f7044279684431bf389e367cc70bc5778f7084c0589e5009d9224109cae7,CLEAR,DAYLIGHT,DRY,FAILING TO YIELD RIGHT-OF-WAY,2.0,26.666666666666668,3.0,3.0
0d96d2510d355d89110126fdd4d58429a53f36d648116997d3caa3d0764d0d42d286896b65f6ae531f533e327fa6ef015e5a54c4a7b59742db9579351e0a956b,CLEAR,DAYLIGHT,DRY,IMPROPER BACKING,2.0,50.333333333333336,3.0,3.0
0d9709dc3b600ab6a4c9d0570aa2c5e987113411f184df07bd225e3fa34b3493c213f21fe43305d0b48c2370390547965953c7f422359eb8c249c381c622ecdf,CLEAR,DAYLIGHT,DRY,"OPERATING VEHICLE IN ERRATIC, RECKLESS, CARELESS, NEGLIGENT OR AGGRESSIVE MANNER",1.0,42.0,1.0,1.0
0d97247cfa0a803196a41cbe636f9495b94241d5aadce6ac1eeea8c79c50d833bc97aa90bebb333208ef744ba22b24d3a93e87eabf4ef37555d3bf0a173e18c6,CLEAR,DAYLIGHT,DRY,IMPROPER LANE USAGE,2.0,46.0,3.0,3.0
0d9733575e460e6690983eded40ff0c4fcdb55fcf246081f29e12587ac9c7b897f068829adf72db75212fdc6ab31a7cd92b727fbcc56a2e08736eeb3bd2f9a65,CLEAR,"DARKNESS, LIGHTED ROAD",DRY,FOLLOWING TOO CLOSELY,2.0,49.0,2.0,2.0
0d975b4c5abc064cff19983ab91ad970791c6e4fe0be5626deab03ed038574b7d35024497c0ae917b05371271edff236f74bf60219df21a98f4b77ac1de15373,CLEAR,DAYLIGHT,DRY,FAILING TO YIELD RIGHT-OF-WAY,2.0,67.0,2.0,2.0
0d976a27456addc2981ad83bfc234dd0cb77919ede36abba4d4be6755938ef651d3d41517ff88307ecef70763ef56e42ca180e6f5530e59d1312a22ef021bf9c,SNOW,DAYLIGHT,SNOW OR SLUSH,IMPROPER BACKING,1.0,42.0,1.0,1.0
0d9784fa95eb518b7ff58368f6339df94850cef77a54f505c89d65ab05967e8feadb024222e56dcbd738b7d6d91ab57ec3913dc2e323d869da2f7cd5cce3736b,CLEAR,DAYLIGHT,DRY,FAILING TO YIELD RIGHT-OF-WAY,1.0,35.5,2.0,2.0