crash_record_id,weather_condition,lighting_condition,roadway_surface_cond,prim_contributory_cause,total_vehicles,avg_driver_age,total_people,total_injured
0d97f1fa2f039e701a75f057393505edbea8862a65f0f0dedc346a1c7a448e36c8a3bca855d5e78073c27bb1a0873cb54b743c0deef690d3d1d3d066b6f7e469,CLOUDY/OVERCAST,DAYLIGHT,ICE,FOLLOWING TOO CLOSELY,3.0,31.333333333333332,3.0,3.0
0d9816970d41c9f30c48f827d23933c8367813255aa0de193e3d975c9df8c5863f7e98bc0ab75fe3c7c954fcceac26eb4a829ea8212278b87bc2402b539672c8,CLEAR,DAYLIGHT,DRY,IMPROPER BACKING,2.0,48.0,1.0,1.0
0d984beb8af6f56b7cf21d8f7188edab9942ca8363fc7aecdf22f0662a79830604d534a92bd08b8a3c9ef2e5bdcdadc6fa47d2d6e5b5c9fe3adcdd41e8af7f24,CLEAR,DAYLIGHT,DRY,IMPROPER OVERTAKING/PASSING,2.0,34.0,2.0,2.0
0d98688a966939829d2788700c6ac85986689105c6871a67782310863cf4339d4e2070b766a3f84951d0edb1473e4b0667c0de9b359ec2b9c8449734cac3c85e,CLEAR,DAYLIGHT,DRY,IMPROPER LANE USAGE,2.0,25.0,1.0,1.0
0d987c97c2472726082cc89df5ec4218d9f0244433b6b27b5de46f04c5bfd7cf5f5ca3bce4fc4dc6a4760360191a2a5a62fe01b38a4bdf7e5ab324ae256bdada,CLEAR,DAYLIGHT,DRY,FAILING TO YIELD RIGHT-OF-WAY,2.0,61.5,2.0,2.0
0d98b05bb61dfd2b1fc10acceb5fe20af72a72d39dda247b68948925032b5efb61c048e7742b2ec2eedc57005a918a23f24fb1049a73058109988c4583548e53,CLEAR,DAYLIGHT,DRY,FAILING TO YIELD RIGHT-OF-WAY,2.0,65.5,2.0,2.0
0d98b28032b426ac7748d3b6b2dca298de2ba89476a21f4de145168c2f8d920131dab95556ba55979ed7522f2e78f5ca82f03698c57dd3935343a30ba0bb310a,SNOW,DAYLIGHT,WET,DISREGARDING TRAFFIC SIGNALS,2.0,17.0,4.0,4.0
0d98b2c642dac679c23ba6d42d91f66ada9bb83839b821589cb1cae726c3f98490deb24407d64a8acfeb7af4251417efbbeffa7d67f9e59ad51f295690d28e76,CLEAR,DAYLIGHT,DRY,IMPROPER BACKING,1.0,42.5,2.0,2.0
0d98c3b0658d6148170c5e1b930b523ae947e1a7036cfc149eb66cba9c563df629fd0e75905b26b56e817dd25c6e2a88a2e27ec152d271b68d03f95f734083f9,CLEAR,"DARKNESS, LIGHTED ROAD",DRY,DISREGARDING TRAFFIC SIGNALS,3.0,30.75,5.0,5.0
0d98f8c49f354ce6bcf73f300b11c9f68de1d86d83361ab38877aad107d62d0fcdf833352a8e9b4573efb99be989ab172f7b4e0c56486f7eb571d746593a9220,CLEAR,"DARKNESS, LIGHTED ROAD",DRY,FAILING TO REDUCE SPEED TO AVOID CRASH,2.0,47.0,2.0,2.0
0d9920e57d7db51e252b22080975ae9270d83cc39ad81f6804a1fb51888d2dbd070d37b4741ea8b9912fe0947d7564dd1db65091a3429f4a70f3df13d442e9ff,CLEAR,DAYLIGHT,DRY,FOLLOWING TOO CLOSELY,2.0,29.5,2.0,2.0
0d9927815e852c61aab4ee8eca51c8df527aa9e5c52e0dc9f29488202be71cb08f4353dfc176477446ac86bdf6b9e8ad089d5a83f89e652a3810a0cd4f8886e5,CLEAR,DAYLIGHT,DRY,FAILING TO YIELD RIGHT-OF-WAY,2.0,31.5,2.0,2.0
0d992de955fe394e3a7694be84b01ff3227e5a097790968fbe0edc3352530d84a7c9eb94588806073be94860a3108e7dc377efa02637e311ed970351cda0ef5e,CLEAR,DUSK,DRY,IMPROPER TURNING/NO SIGNAL,2.0,73.0,2.0,2.0
0d995676a6898252fe5b429ff07509b0d62bac2de5bb265200c01de0c56bb8b0c484875171c74fe00a998edbe2655a60961a4a6faf140dc2657495ebb03d1e74,SNOW,DAYLIGHT,SNOW OR SLUSH,FAILING TO YIELD RIGHT-OF-WAY,2.0,35.333333333333336,3.0,3.0
0d99706595eb8adf76ceb3cee476d11ecc28421d3ea061840049551fd7b6780534828615b60544b1f7a4965e373e5642836fe0355d1f2220df555ac7caa1c9a8,CLEAR,DAYLIGHT,DRY,DRIVING SKILLS/KNOWLEDGE/EXPERIENCE,2.0,37.5,2.0,2.0
0d9975bb41f6423d425232cb22f93e73cd6248f13a32e77756d424ef72d003e12ec54ad2368c9efa625b33b0aefc9de2761c06e22c8d222e9a85440617b7478b,CLEAR,DAYLIGHT,DRY,FAILING TO YIELD RIGHT-OF-WAY,2.0,37.5,2.0,2.0
0d998933f75245b2dcc625dff885759d138a4595d51a0b7e3d343d38a2361002ec1cc654ce26ed84cdec79239b0238f45ffb445cc473c62cd74924e80002d630,CLEAR,DAYLIGHT,DRY,FOLLOWING TOO CLOSELY,2.0,82.0,2.0,2.0
0d999545aefc2dc178a865f2f9c9caecfaa6a197447ce77dd773978bd50d24376495835a741e7b1c2a782aeec4c580a7289e045d229796585454b880f5006636,CLEAR,"DARKNESS, LIGHTED ROAD",DRY,FAILING TO YIELD RIGHT-OF-WAY,2.0,34.0,4.0,4.0
0d99a6a4c2ea789c48d5555d353c489d9c414e6d1cee637034421b282416cc88de2fa7d4cdd1c827f0ea150ae9e5be833e8fae2a386440c2b8735d761b942eea,SNOW,DARKNESS,SNOW OR SLUSH,TURNING RIGHT ON RED,2.0,29.5,3.0,3.0
0d99c0601d3e545d8a04cc9b75174651acb811315ee6d15b94e3f346d7d5f215214dece298f0b7e1024fc172eec6c184cc69189f3c29c9007a6a933bac45dc6c,CLEAR,DAYLIGHT,DRY,FAILING TO YIELD RIGHT-OF-WAY,2.0,88.0,1.0,1.0
0d99d137757b6143116204e9ab90ee136e2e99eff770be10dbbc40adc216677f1e4ce7883c586fded050962a912d31069faa6be6d3f1209ea97bd99652b63bb0,CLEAR,DAYLIGHT,DRY,DRIVING SKILLS/KNOWLEDGE/EXPERIENCE,1.0,34.5,2.0,2.0
0d9a1d00f22c9834c70dba5918f06b4a647a018889430ae825ce4ecab9ec4257a893dbcc81f890862b814ae64e0b02b67b13d4058a6ffb2840109fd90c03a32e,CLEAR,DAYLIGHT,DRY,DRIVING SKILLS/KNOWLEDGE/EXPERIENCE,2.0,67.0,2.0,2.0
0d9a1ee5989e110a3c4401acbe5913d4862bfe6e0da763320e3f5c8106e5029564251b1add7cf72a7e8d29daf9ec4d9380f66111126bd3c770d9b63c24bfec46,CLEAR,DAYLIGHT,DRY,IMPROPER OVERTAKING/PASSING,2.0,46.5,2.0,2.0
0d9a396729b9125b1155b11e82cfecd341152fc35d3af577a0ef91c76feaf3a85e6fed58bda18c51b470e13d679002239d10b9bbbbb2d3ef5ebfc8ff03331180,CLEAR,"DARKNESS, LIGHTED ROAD",WET,FAILING TO YIELD RIGHT-OF-WAY,1.0,56.0,2.0,2.0
0d9a5aa02261d68c5454ded0accb376ac0f54c55ea7ba1f3d836bcbcc68422872a00e1274fd81abf7dd40c3509d16937ca1a3904890dd8ae74aa661a4d99d5a4,CLEAR,UNKNOWN,DRY,IMPROPER TURNING/NO SIGNAL,2.0,44.0,1.0,1.0
0d9a702c8476f2e8f4b4e7f7b72480f9b2f0a9cd48ac6163f31ec18df9b1d5774c5b582cc64fc423633ad886abc687eef51d73d6348e02d5448b63b96d1ba930,CLEAR,DAYLIGHT,DRY,FAILING TO YIELD RIGHT-OF-WAY,1.0,41.5,2.0,2.0
0d9a766b9ad32b5a422ce33fd5a12e93028e6d732bfc63c3b54c64d844ee7a95b1ba1879deff24d3fa6cb839aff08d499edcd5eaac2f9bce1a166317506c635f,CLEAR,DAYLIGHT,DRY,IMPROPER OVERTAKING/PASSING,2.0,18.0,2.0,2.0
0d9a82be40ca484dec93b45ffee7043c0e0161e86acf936278c464e6ef764226d37d8ce0624007ce3ea633e721d1a6e3e10c1f083d5a7d9cdc333b8a1a6c0885,CLEAR,DAYLIGHT,DRY,FAILING TO YIELD RIGHT-OF-WAY,2.0,28.0,3.0,3.0
0d9a8989c812668520d86f10a208c3f080233d00fd8ef08117fccf3e7d165b7b07d10cf120f86848dc45b4eef86463537e44b2ed2e49208af7f0f3c2d3232cb4,CLEAR,"DARKNESS, LIGHTED ROAD",DRY,IMPROPER LANE USAGE,3.0,30.5,6.0,6.0
0d9a8e5dbe6ff1406abd5f9e6d1aac5d6ef9d355aa26cc6a6613db3fe22e9d9da361faf282f95d69ae2225468e5a3de38af8b88870cacf5b4cf43b5ff710a028,CLEAR,"DARKNESS, LIGHTED ROAD",DRY,FAILING TO YIELD RIGHT-OF-WAY,2.0,21.0,3.0,3.0
0d9aad18a385476985ef141577071880a139caa8e3373873c7a39ad3dadafc031cf9196fa357d17c71611a54c9aebe4e47feec5670fc31c42e36ba89b09f32f1,CLEAR,DAYLIGHT,DRY,UNDER THE INFLUENCE OF ALCOHOL/DRUGS (USE WHEN ARREST IS EFFECTED),2.0,40.8,6.0,6.0
0d9aada0a826621f647fb11c3e27f1c7b04cf4541d3d384514e4467308600e790e03c0b66bdde923db2bfb588273ab886293bb89d8f2421e1428cd4a8a22a476,CLEAR,DAYLIGHT,DRY,IMPROPER OVERTAKING/PASSING,2.0,58.0,3.0,3.0
0d9ad720dccf4a065ad0c228f1395088e2fd79708ed9d86f8bb10d58309e28b3b7f9496406dd252290bfe331288ad3878cd894d26d3fd3c3061a7d9046605a89,CLEAR,"DARKNESS, LIGHTED ROAD",DRY,FAILING TO YIELD RIGHT-OF-WAY,2.0,21.5,6.0,6.0
0d9af7b12f4d0a39ac61400ffcb8918e24538023203952984b1d92c2b74069818cab944cabf437677a6df5c9969214b5e0aa5d1bc39ae76942612cd534014f1d,CLEAR,"DARKNESS, LIGHTED ROAD",DRY,FAILING TO YIELD RIGHT-OF-WAY,2.0,31.0,2.0,2.0
0d9b25c91f19082087f8cd6b8bd312752b516145bd63bb8c96fcc9334c67c23b9b7d08005ea0aa99581e08e6d96c2049132d422cd1aae6c59e1561b7a73e86a9,CLEAR,"DARKNESS, LIGHTED ROAD",DRY,FAILING TO REDUCE SPEED TO AVOID CRASH,2.0,28.0,2.0,2.0
0d9b3472939715484c4c20a76395b4b3ddf8e1d7f1b3a572d56713d360b1f16114d857182d591adafa7c0d2fef0de6b4459ad07cbbd7555169723a33792cb29d,CLEAR,DAYLIGHT,DRY,"OPERATING VEHICLE IN ERRATIC, RECKLESS, CARELESS, NEGLIGENT OR AGGRESSIVE MANNER",5.0,30.77777777777778,9.0,9.0
0d9b44687f0c52701eb22c2eaee841f8821ddc8898b046620726a1615d63756d9be1efafcc5842884a817fbfe4d50491e7d67dd0e2a08d89f05f3fc813719a20,CLEAR,DAYLIGHT,DRY,DRIVING ON WRONG SIDE/WRONG WAY,2.0,57.0,2.0,2.0
0d9b5e6a29893e12f7bc5ed8596baea6a1a28cd7d552f7ae070255275b0f841185ff9785d4c7181b7e6f236f94414cbdede26057a768d4688713ef13ca3835c4,CLEAR,DAYLIGHT,WET,FOLLOWING TOO CLOSELY,2.0,19.666666666666668,3.0,3.0
0d9b6cd817d2250e5104f5757747b244dd4806ccd5b1a8abf9c77c5270ebb7e5f9db522993bbd2e684fea284902b84f0e532c1ca554da6decf5bf324aecf022b,CLEAR,"DARKNESS, LIGHTED ROAD",DRY,FOLLOWING TOO CLOSELY,3.0,31.5,4.0,4.0
0d9b99fcf9e8541ca7930063d995c15cd554cd06f36295cd17ebda098d9f0f9c1ee8e753e0f8744e1611a31075f868aa2bda7caa47e113af1b6b76cfa1f5242a,CLEAR,DAYLIGHT,DRY,IMPROPER OVERTAKING/PASSING,2.0,22.0,3.0,3.0
0d9b9d65f5e573a913d3999c264b2fd2ba30a0529f49367b5fa714be0b8f1065f4755c18436d722351b3579775774b1acb79ed828999a88d52064abc73327862,CLEAR,DAYLIGHT,DRY,DISREGARDING TRAFFIC SIGNALS,2.0,13.333333333333334,4.0,4.0
0d9b9f4cadbcb8d957b31013e7a52c028fb95e1ddd4da917893e74a179972700206914ab5fcd1db99f0232bcac00bc58e179a380f5f9a6036961b6cda04b5299,UNKNOWN,"DARKNESS, LIGHTED ROAD",WET,FAILING TO YIELD RIGHT-OF-WAY,2.0,31.5,2.0,2.0
0d9ba3343b1ab84a9bf859ded3f4ee2226ee1b7959aa86838cead1038cb0f7358fa141b0914d29242519bd6333940ec19311fb69f2d6d37780c772ba8d4d0729,RAIN,"DARKNESS, LIGHTED ROAD",WET,WEATHER,1.0,28.0,1.0,1.0
0d9ba6461620262be55932bcdf94f74b577748d25b48b182033bef3d0a35d430964213c4e670441841a5171952ec0f6ae42ee67b33415d6db273a60ad1f6dc06,CLEAR,DAYLIGHT,DRY,IMPROPER BACKING,2.0,42.0,2.0,2.0
0d9baa868671617d4e55d5b2e24ab913e74cfb7f6a93e648cca6ac4f2df619ab0b20e06ba4cc6af35742666dce5f6a92f86f87834c3c2ca59c24b011758de2b3,CLEAR,DAYLIGHT,DRY,IMPROPER LANE USAGE,2.0,35.5,2.0,2.0
0d9bb091d4b9b4dfa86441bbc1331d206a33a8a2266c8e904bfe17a43587b2ef6c5a25057a216eaacbcdaf52a18ae069f879bd964f03a129a00d6561494874b6,CLEAR,"DARKNESS, LIGHTED ROAD",DRY,FOLLOWING TOO CLOSELY,3.0,28.333333333333332,3.0,3.0
0d9bd17a3e5e30fa91b7d2b813fc36964d2bbbe7f6100d7e5db163ffdebba8be7b63ac6cb338bb60f1eff4901e343557ecad202a9eb2131c7ce906981f656363,CLEAR,"DARKNESS, LIGHTED ROAD",DRY,FAILING TO YIELD RIGHT-OF-WAY,2.0,50.0,2.0,2.0
0d9bf5403e5059870b60312467edeb8b7a86d032317c90791d0c46dc461904a24f57566bb7a03f792689543f16bb3e05e3f99dc48bfec7a425ded51b92801990,CLOUDY/OVERCAST,DAYLIGHT,DRY,FAILING TO YIELD RIGHT-OF-WAY,2.0,37.0,2.0,2.0
0d9c14ef9a8cbcb3b88f2ee9b026d5052aea13e27b394e9365ead3bb672fe2df00635f2f5764c2945e2ace26f763cbbb4bceb4cd56fbbd6f682f866754269def,CLEAR,DAYLIGHT,UNKNOWN,FAILING TO YIELD RIGHT-OF-WAY,2.0,37.25,4.0,4.0
0d9c2ef212c97fe751ff7980af53b68b7dfaf6bce2792f6a21da4755f63af042eb4404a86c4cfa73d3e4bd6efa95c38e289b89abf11c067a8749927820d80269,CLEAR,"DARKNESS, LIGHTED ROAD",DRY,FAILING TO YIELD RIGHT-OF-WAY,1.0,51.0,2.0,2.0
0d9c3532980d563e7dc143ea925be7d3868a376f138901a51c9bce26715d342ceb40096ea0835f960490d35cded52876807d178c0a7cfe73d3359cda935a759a,CLEAR,DAYLIGHT,UNKNOWN,FOLLOWING TOO CLOSELY,2.0,23.0,4.0,4.0
0d9c40d0cf703c5655177916c384b0cfbf562f735ed54c5bd9b362e30a6579d45712e7953068892e035ed7df2ca3c9813dd295058f0e4df203f91659fe41ec1d,CLEAR,DAYLIGHT,DRY,"OPERATING VEHICLE IN ERRATIC, RECKLESS, CARELESS, NEGLIGENT OR AGGRESSIVE MANNER",3.0,42.666666666666664,5.0,5.0
0d9c43a753524ddfccfdce9a3cd2eff939bcd4e40480a4169c9b4f56ea48b49a28ac82f59ad48008fd4ca1cec914c0ae7489d3def4d64e323b2605b6accf763c,CLEAR,DAYLIGHT,DRY,IMPROPER LANE USAGE,2.0,56.5,2.0,2.0
0d9c5025d18eacda96fadfa56d3cab98d497ff33fbb07cbc93185f98a26edf269ba6528e85ff3d047d17e0f67a7a2644b778d840e0ad37123bc7fcf7cc175384,RAIN,DUSK,WET,IMPROPER OVERTAKING/PASSING,3.0,40.0,6.0,6.0
0d9c5ee4b8c24575b28167a36c1d9805cb8d7d7025d244264ffa5a41c0c70e1f513d0c9f6ccde88a036c153a83a03cff78e27f37fc9c6ab8f138d1ae29c111f4,CLEAR,UNKNOWN,DRY,FAILING TO REDUCE SPEED TO AVOID CRASH,2.0,37.5,1.0,1.0
0d9c9bcd232af6541734e1644c2b9624e98a5ac2b523694697c32c3708f8a3499c333c176f08d8e1eefb6714857e0d1bf219d63824564867b8c8fc5acf17f8f5,CLEAR,DAYLIGHT,DRY,FAILING TO YIELD RIGHT-OF-WAY,1.0,67.0,2.0,2.0
0d9cc4f8da69a32a98f02f455a93b675a75b8c82ea0da4bec737a2ed580c22c762c344d53ad6da90c0f167e6489a12e4279b0d691e0e9cc41ebc7b1fc88a3879,CLOUDY/OVERCAST,"DARKNESS, LIGHTED ROAD",DRY,DISTRACTION - FROM OUTSIDE VEHICLE,2.0,43.0,2.0,2.0
0d9cde3f9e53fde82785f00b84ee31f5f63d47aefa7bc233dd8e8ff0450f15d4630efc85a95e887b1256cf91fc00473b1134ba249882cfba7d295de2eadd2fb2,UNKNOWN,UNKNOWN,UNKNOWN,IMPROPER OVERTAKING/PASSING,2.0,38.5,3.0,3.0
0d9cfce6cffa6260434b1957569dcd76024b89b9f678672fc88d1de6de9d3fc08e4de1e8948cec0c7e9f8af66967242e56e0e3f820ffd976e56f7900dbd50881,CLEAR,DAYLIGHT,DRY,FAILING TO YIELD RIGHT-OF-WAY,2.0,47.0,2.0,2.0
0d9d41262e31fe504430cb20991d396f65be91f16ad1f027efe7741f3a1220d47ff51e144cecd6bcac759d7deede0e0feefcdc9a3c59c9c7be6dc921662fe9d9,CLEAR,DAYLIGHT,DRY,IMPROPER BACKING,2.0,37.5,1.0,1.0
0d9d598915db04d85b157fd8c41ca4f561cf006b1c83208a39b4e4d1406de258d6082dfab203874093049c3313d02ce53e86c14c08c6e6af0d0e8969b85b27f7,CLEAR,DAYLIGHT,DRY,IMPROPER BACKING,2.0,64.0,2.0,2.0
0d9d624af2e285c9a35fbe1bbef161429f37bd7e05acb71b4586f5bd290bf7e707987d6fdd94b59fbd66c8765ff1bb2074462da1fcc7031dd1003021c973ffb3,CLEAR,DAYLIGHT,DRY,FAILING TO YIELD RIGHT-OF-WAY,2.0,26.0,2.0,2.0
0d9dc12d7a5d47a4526d653fe0e6cfa180caba148a093c0cc81e7f6ef25fbe65789082bc86b2bf348caa1ed3e69216008fc572e211b15b0cfb480388a9166152,SNOW,"DARKNESS, LIGHTED ROAD",SNOW OR SLUSH,FAILING TO REDUCE SPEED TO AVOID CRASH,2.0,26.0,3.0,3.0
0d9dd4f7dc7b8eb06aa95ed709ab367d775f0b6a6ccbbd5aad2da85583d8c9e31102906172a68d04002f727518e234650585a040cee7aeb011cdebd820bcb55d,RAIN,"DARKNESS, LIGHTED ROAD",WET,FAILING TO YIELD RIGHT-OF-WAY,2.0,19.666666666666668,3.0,3.0
0d9e05a1855150a9397e62a852d53b3e5dc5dacb6a1fb5c2522c01142af43ffd0c02315020f0a0eb84b3f88eab74afd5bdc59245d1506a75908a65aee525a7d0,CLEAR,DAYLIGHT,DRY,IMPROPER TURNING/NO SIGNAL,2.0,34.0,3.0,3.0
0d9e32a3d3cb7dac9259c127a38884f48aecf09f4bcfb485a10928f1ecaab841d9ff4667e47a80301d1c317b1b80a46b4333c38f3c821eef93c6eb25621ebbfd,CLEAR,DAYLIGHT,DRY,FAILING TO REDUCE SPEED TO AVOID CRASH,2.0,43.333333333333336,3.0,3.0
0d9e5a1bacbaaa565fb119edc5e8d3836ec18563efcf71cfc39cd3a4c75697e3498058662010c4e652697e103a8c60555d46b8f5ab3adc9f1eceedc1653d3246,SNOW,DAYLIGHT,WET,IMPROPER TURNING/NO SIGNAL,2.0,36.5,2.0,2.0
0d9ea72b84a821aea170abb7225c2746b4c3b3ddda67b7ff7a29a385560497024ee24e60da3e8ae95db874bc47506c05b037be1f033d077640f9ba51489d27ca,CLEAR,DAYLIGHT,DRY,FAILING TO YIELD RIGHT-OF-WAY,2.0,50.5,2.0,2.0
0d9ef6d41897e2ec4c7ebcc39c17cb5081aa5f09fcb83dfadb218a2e26d9be2f0c114102b68599cd59d48f32a50d6bd40b076d405b044f0c1e11a3230dfd6100,CLEAR,DUSK,DRY,FOLLOWING TOO CLOSELY,2.0,34.0,3.0,3.0
0d9f0b5f9b2ac19072725c418396c21d2eb58275c51f94a2b3a45f4330c2bdd2d02137fd913fbc6615916fb723942c90fa86e74c8512027140fac377f727c258,CLEAR,DAYLIGHT,DRY,IMPROPER OVERTAKING/PASSING,2.0,46.0,2.0,2.0
0d9f1d55d7ca92521f6a3b766cc346e6b233aea3d0591e7fe72ed0fe231fde4cf41d96d8c63b380ea76992f1fc6ab522f26ef43f0cffe94e5749480071197946,CLOUDY/OVERCAST,DAYLIGHT,DRY,FAILING TO REDUCE SPEED TO AVOID CRASH,2.0,41.0,2.0,2.0
0d9f212a083cf8bc80009412b5f706ebb182420997dd80933d1c7a7c77c60e42b89ab6705bc7dff692c583cd3903589e449c987e859811618ac41851cf04b304,CLEAR,DAYLIGHT,DRY,IMPROPER LANE USAGE,2.0,43.5,2.0,2.0
0d9f5afd75be8201b861ec20b591f426c3b0417ef46cc084569420cbdceff4d4d44841ead0efab4468e59d7eccac4b8e58dae5ad48435dd200fb94f99c6ffcda,RAIN,"DARKNESS, LIGHTED ROAD",WET,FOLLOWING TOO CLOSELY,2.0,49.5,2.0,2.0
0d9f74471e9c3b69e22bcf018f5922d998fc7633271a7a30e975bd040b3a9c0df81bcaa31b21cd38329d91824775daec0e0baca4a7ac90a1f598e533f62ea814,CLEAR,DAYLIGHT,DRY,FOLLOWING TOO CLOSELY,2.0,43.666666666666664,3.0,3.0
0d9f96fb6ad5b351942449a89e113ca43b08804807775269c38f9fdce9367e182bf99acf033732d708306e4e3acf99f05e235d40c6c3e8d956818aa268bffe87,CLEAR,"DARKNESS, LIGHTED ROAD",DRY,FAILING TO REDUCE SPEED TO AVOID CRASH,2.0,27.333333333333332,3.0,3.0
0d9faaebf60c4ace8d7f2302b14e1327934c11b40192d67f9bbfcbac6a333dc01f3756999446ca27cb1379333036a803840bca7e576d61340a30a92512f08f20,CLEAR,DAYLIGHT,DRY,FAILING TO REDUCE SPEED TO AVOID CRASH,2.0,37.5,4.0,4.0
0d9fb38ca8b5897fbf80be035eda8e44f482c710ead4bc01e025889bd2814624f5d75dee48f4990b1e9d8f107d0a4131ab7d1700b5226a11e58ff07935d2864d,CLEAR,DAYLIGHT,UNKNOWN,"VISION OBSCURED (SIGNS, TREE LIMBS, BUILDINGS, ETC.)",2.0,32.0,6.0,6.0
0d9fc398e97bb347e5941de9c1181c891fa840530b9521b5d17e94b6ff810ac4a057e46358b1dfce329598eba5142c280b6c410709bff294de9381ea68e0d9bf,CLEAR,DAYLIGHT,DRY,FAILING TO REDUCE SPEED TO AVOID CRASH,4.0,33.333333333333336,4.0,4.0
0d9fe6b27cf2d0bf2272003566549b6f3843300094036fd845e878e61ae273b01507ee7b49d2970c260c50e250417715e2a04df9115d5e31857b553fcca15c0d,CLEAR,DAYLIGHT,DRY,IMPROPER OVERTAKING/PASSING,2.0,48.5,2.0,2.0
0da01e9dc8df23b4edd328549863b7bf62307460351e3810f53fa0f141df6e8cb4476c0ed357d4e05e5f7651e83544ee75daaba96843282cdad8b950feea3851,CLEAR,"DARKNESS, LIGHTED ROAD",UNKNOWN,DRIVING SKILLS/KNOWLEDGE/EXPERIENCE,2.0,0.0,1.0,1.0
0da0571d696085f3305bb6127c35aa184a4ad6cf6360e663547b6a361044f6ebd1ca40583393943983891291ac7f2b380680b196702f3229291b867e3bad8fe1,CLEAR,"DARKNESS, LIGHTED ROAD",DRY,FOLLOWING TOO CLOSELY,3.0,37.5,3.0,3.0
0da05c458611bfc7455e22108410833ea4ab97ffb3d803fd6ffe2664edaf5902e038afba2e38e5259614fbb14f9daf365a50d96f8e1cdfee46a2988a6b87a485,CLOUDY/OVERCAST,DAYLIGHT,DRY,DISTRACTION - FROM OUTSIDE VEHICLE,2.0,47.5,2.0,2.0
0da05eed02f7d6993d0e70fac54813bbd93e3d0f532836b6abbc5a8281cb7c71dbf3342f228fe1a654b7743c85b3c1264dea71d8afbfa9d99a4f7a0ccac209e7,CLEAR,DAYLIGHT,DRY,FAILING TO YIELD RIGHT-OF-WAY,2.0,50.5,2.0,2.0
0da06d68028595cda7c0458944ecf19880a0d4e4bdc0f05218f62be8a2d8fd3eb7fa0d35aca60d0e2a5904911de39de4db611b23b80f65aa5a6d85288b1d0812,SNOW,DAYLIGHT,WET,FAILING TO REDUCE SPEED TO AVOID CRASH,1.0,16.0,1.0,1.0
0da0bbe024bb0c71184a9309ba9f899d607f9997f7310852cf4cef68a0e04907b425b7e1971a11f22146a9f6ad56f73fb755798e7769c075e06d5d94fb179efc,UNKNOWN,UNKNOWN,UNKNOWN,FOLLOWING TOO CLOSELY,2.0,32.0,2.0,2.0
0da0ca71792da3ab7c9bb9ceb960208f2e5bb5b6abc309f7387abcf9bdce68c0386caa953c95e4343b81927ef8d8e306de6ced55736fa0286f639204b4520f6d,RAIN,DAYLIGHT,WET,FAILING TO YIELD RIGHT-OF-WAY,2.0,45.0,2.0,2.0
0da0eab10fe855056af83732ffdc3111ab890fc0063aa35f2ae139aaab9fbac680a3ec2b11885d95b3b64d84cad4eacdbee5e3fe877a1fc768d89a8debde8f0e,UNKNOWN,"DARKNESS, LIGHTED ROAD",UNKNOWN,IMPROPER TURNING/NO SIGNAL,2.0,37.5,2.0,2.0
0da0fe5205652297a6efd5bdfe4afb3fd6089d963174c0f70af097c64e35eb7a71487bf42eba94da085f2e365933d652ebea71a1db2398fff00e2da77ff1674d,SNOW,"DARKNESS, LIGHTED ROAD",WET,DISREGARDING STOP SIGN,2.0,40.0,2.0,2.0
0da10f6edb76b89792bef3cd94dadd6ffd70c5d3731ca3896ddbe6eae6890007714ab732302420b2b051ee805b477c2a88280cff0080196941582abdd3940719,CLEAR,DAYLIGHT,DRY,IMPROPER LANE USAGE,2.0,37.5,2.0,2.0
0da1240e02e62826529bbfb66fa4ab3bf22f2377f7b2212a415251690a68c93e4f2c1203187bbf47818276172ecab57ddf2d8e172e713e069ab793b5d9d1cbf2,RAIN,DUSK,WET,IMPROPER BACKING,2.0,37.0,1.0,1.0
0da13f1fcbaf98eab1a7b09ac7304e7fb6f662dbb8e5fc283e0dacb5c536d016ea1cd60f14632f520663deb4fbd61fbe18ffb9762cfc73d7d93c17d03cfd0664,CLEAR,DAYLIGHT,DRY,IMPROPER BACKING,2.0,49.0,1.0,1.0
0da1582b2bb571695a3dab8e7e9b15e86a3c1d6fd508a68612d9fbbacd144c3bfbd7ee2c14861f4a5bb07adac4d81db5def9fc058a1a7a97e155b3591e165a53,CLEAR,DAYLIGHT,DRY,IMPROPER TURNING/NO SIGNAL,2.0,33.5,4.0,4.0
0da1946547e3119c0772229c9cd1dd57e48844c734a20fa5d18bd75b76ac723c617cdcdf45497bf4c68b6e1674305925c0ca42f3a38aca11ed56ab3a1196ce8d,CLEAR,DAYLIGHT,UNKNOWN,IMPROPER OVERTAKING/PASSING,2.0,22.2,5.0,5.0
0da1b8dac4205e1b3e2810280ef21351b08577e913bbdd8046b330ff7cc334356014725ec6960b10e952fb4edf8d5e3fe6c863e88621ac0d3cc98b5d8404a0c7,CLEAR,DAYLIGHT,WET,FOLLOWING TOO CLOSELY,2.0,61.0,4.0,4.0
0da1e6fbf9c98c8c7fc7eb33968915af516b6938cd43f05c2e4f25b3b891c83d36e8fcaffde4fcc807252af4dc8e0e432e7f11296f5af42fc85da419d77d4bbc,CLEAR,DAYLIGHT,DRY,FAILING TO YIELD RIGHT-OF-WAY,2.0,34.0,2.0,2.0
0da20ee06526beec13251dcb2060d42b8136e445ad9dbbb68fa03221c0b1e0452b782ecf0332c4d2b13016b942a9c5df01ddc9f2f65048accc8e20700be893f9,CLEAR,DAYLIGHT,DRY,FAILING TO YIELD RIGHT-OF-WAY,2.0,52.0,2.0,2.0