crash_record_id,weather_condition,lighting_condition,roadway_surface_cond,prim_contributory_cause,total_vehicles,avg_driver_age,total_people,total_injured
0da22a4cc606daf203fb438bc05272c03ba35c4400b3e11724ce5c593114f8c8477c4f590e4e4a19649b463457d02770b4f6420d021f1f9435715b9c841cf5a7,CLEAR,DAYLIGHT,DRY,FAILING TO REDUCE SPEED TO AVOID CRASH,2.0,45.5,2.0,2.0
0da22a8db8904c602c56e3c62c9704b211b44cf65d43df43aa740f477fc6d5df82c34d1bbf660d8e8946d2da345cb1258a64dcc5b19651ef3ed935c6a2acabc9,CLEAR,DAYLIGHT,DRY,IMPROPER LANE USAGE,1.0,40.5,2.0,2.0
0da24b0f7f41ce46d8fd0bbc5c89425592cae5b621512864a39d0395845f4bb81cfbb51b3133065bb0a8c16ad113aa27929530f792fa1eefd698509cd456bd0d,CLEAR,DAYLIGHT,DRY,FAILING TO YIELD RIGHT-OF-WAY,2.0,32.5,2.0,2.0
0da24f691604dbdb969b2a39e9db76f11786c0ab20973052ca9b4cf55f5792122679423ef4d4130d2845ed704c83d215033ef199350fd8225d648038ad42c485,CLEAR,DUSK,DRY,IMPROPER BACKING,2.0,48.0,4.0,4.0
0da25cb4d5e28b9727e5e5f25a0f512bc3efbc55b55cfe0e8efadb32b55d2eaad5ec9d8feac78564ba7cd594629eb39b71867ff7a12b42949e755c9edd07eada,CLEAR,DAYLIGHT,DRY,FAILING TO REDUCE SPEED TO AVOID CRASH,2.0,24.5,2.0,2.0
0da28ba7656674760bfec277bd39828d9d2bb07a45bf609a94519ed37ebac991f39c6e6646ef3e1552b15d72d1a8179634930d2584ecc1ecb43ff9b80ddf60fc,CLEAR,DARKNESS,UNKNOWN,FOLLOWING TOO CLOSELY,2.0,30.5,3.0,3.0
0da29145d0aa6d30e115bae1962861cd307380632c8230ca8cebf67ef9832e90b2945ac7d8c7a98f64a44dee9c5fa041eb35560ddfa86ee0ddf969797bd7b202,CLEAR,DAYLIGHT,DRY,FAILING TO YIELD RIGHT-OF-WAY,2.0,27.0,2.0,2.0
0da2c430eab11f1b9aaea431ae009dd832ee273af284816d66203f09f3aaebe722633d70cc159861bc0d817071bed0d900d76f085964448b2d64619f7d0f9bea,CLEAR,"DARKNESS, LIGHTED ROAD",DRY,FAILING TO YIELD RIGHT-OF-WAY,2.0,52.0,2.0,2.0
0da2dd0298fb898e9f73e854c07ceefb625dbf15cba4ddb7a1125fda7d048f6040a1eb56c5d6e4beb1b73b1eec73594cda67178448bf4ce68690914810d5f961,RAIN,DAYLIGHT,WET,FOLLOWING TOO CLOSELY,2.0,46.0,3.0,3.0
0da2edac5b375a20821df1fbd989262f4612b675789d0e005873e2ef92832d407c952ba71202f0e3fbff90b2cff655d4be9d4128b55cbcfacd8751cf41b87ef2,CLEAR,DUSK,DRY,FOLLOWING TOO CLOSELY,2.0,55.0,2.0,2.0
0da2f1497b909efad7ec5e6984d238427273a29e51e5f99d65c8a01d40dfd17e4df502103ba52f06dbedbfc3f1aba2fd1ca284e02da764fd7081272d4b55afdf,RAIN,"DARKNESS, LIGHTED ROAD",WET,FAILING TO REDUCE SPEED TO AVOID CRASH,3.0,36.0,1.0,1.0
0da2f1eb48451bfe403890a93412df4aac12b49b599d3a5151dd8f751ffab7284fa14276a2450a085b89614900d609f1a5058a8908cbfbbcdf5a41e152e9b4e5,CLEAR,"DARKNESS, LIGHTED ROAD",DRY,FAILING TO YIELD RIGHT-OF-WAY,2.0,37.5,2.0,2.0
0da306942f073f8c6a1601ec6ba47a9c51e93a53c37c3feaa3751d8351d95ce76f17c495ec155dd4888b8464ba6d3640b1abf66a3b3a1a261f183830de8fba45,RAIN,DAYLIGHT,WET,FAILING TO YIELD RIGHT-OF-WAY,2.0,40.5,2.0,2.0
0da34872e760f50927ad014bbf4623389a8de6482bdb98ee6b648da49cf2725367ac3ae4887367608e7db04a0440c14a16de67af5da9479d1939da0d251fbe37,CLEAR,DAYLIGHT,DRY,FOLLOWING TOO CLOSELY,2.0,42.0,2.0,2.0
0da360706496cd0fd53b7982622f8bd7648b266fe0aab70f52aa9c5fe13a20e8033f6caf8c45e4d057b1033c9a8e5deb13d5c7ab6f3571b85214be01d9692bde,CLEAR,DAYLIGHT,UNKNOWN,FOLLOWING TOO CLOSELY,2.0,35.5,2.0,2.0
0da361eeebda1158ca42dce5ff8d9d5166eac23a3a2014722ee61e67e7c8129878827ca90f503b5c43739dc42952fa2e7b22fdebff37aff282334389eca223f3,CLEAR,DAYLIGHT,DRY,FAILING TO YIELD RIGHT-OF-WAY,2.0,62.0,3.0,3.0
0da3aeba5747b82ccdec92beb1037d509ff33e1b7a66651e99d3814e901239041f823346da26ccca1841b4b6328654110a2d1ea36b4f55e8b55a6d8c9b5612f7,CLEAR,"DARKNESS, LIGHTED ROAD",DRY,FAILING TO YIELD RIGHT-OF-WAY,2.0,27.666666666666668,3.0,3.0
0da3b26485531528e6a2007f926a04ff97976fd5527e8dbd79e3ebe4af1c6dfab58ac6f2a46314c0de9223abfcf776723b1a3a92638b36ff06ac90ece0e19b88,RAIN,DAYLIGHT,WET,FAILING TO YIELD RIGHT-OF-WAY,2.0,18.5,2.0,2.0
0da3be6f761da4ce20c2accef5cdba267a67cd7b03c5223fbe6709381763554598e76dc6eb3f25c0e74c6c50f8f817209d8e46fa24c28d5059d5a9218c6a8073,CLEAR,"DARKNESS, LIGHTED ROAD",DRY,FAILING TO REDUCE SPEED TO AVOID CRASH,2.0,35.5,2.0,2.0
0da3c7116d22c275410480c26a718577b387b4dc494d6071b40cd60f367fcc87e401a4131935ffa84a2f06a28369932e50d841a209b2225bc009b4176ace9456,RAIN,DAYLIGHT,WET,DRIVING ON WRONG SIDE/WRONG WAY,2.0,37.666666666666664,3.0,3.0
0da3d21ded36e39eeffb731734806f066a1ad6d7f91ab815474e56b2873dc8afa57cfb8cbc963961f89064cc0f5d416836e0c3802960cbae1dd093d49bcf16fb,SNOW,DAYLIGHT,ICE,DISREGARDING STOP SIGN,2.0,38.0,3.0,3.0
0da3eab9fa506e772090fa56cb96e629e451eb2ff9c1f5e9eb2042ae5cdd2c96f36cab0933f6391edac88c917a7ee788797ab4553cf3ec5be65de57a6fb3a31a,CLEAR,DAYLIGHT,DRY,FAILING TO YIELD RIGHT-OF-WAY,2.0,40.0,2.0,2.0
0da3eb0e47e947dc161f744c43624aa87a25ff83fe20ed38e560ab23bb4a59e63db2ca20f485f6cd05ed188570b2f8df279aedd34f9769f82e338b630e455dcc,CLEAR,DAYLIGHT,DRY,FAILING TO YIELD RIGHT-OF-WAY,1.0,59.0,2.0,2.0
0da3ec2e439f27bb518b913c5b92a2a28182a530b58e2b5562e1d810b9f03acb808e2aedf111b6bc65e1f2faea9cf4f42f18e9d70b28a6b911eb226a3733bd54,CLEAR,DAYLIGHT,UNKNOWN,"VISION OBSCURED (SIGNS, TREE LIMBS, BUILDINGS, ETC.)",2.0,46.0,2.0,2.0
0da437d61c0fe2e3144e0c5d700b40cc8c4de4852e94c392803a962419ac3c714655989f2d1d02341c424bb8b79238970e3d41fe82a90f9d302c856dc3369ca2,CLEAR,DAYLIGHT,DRY,FAILING TO REDUCE SPEED TO AVOID CRASH,2.0,29.0,2.0,2.0
0da47f3cb11e93a06e4baff20645a9a4808d189a9f26679fbea96fe575d2b318797e63ab96f72780461219f0d6bf940947d75a2d38a74dc43b7df1c6c2eceaa3,CLEAR,DAYLIGHT,DRY,FOLLOWING TOO CLOSELY,2.0,44.0,2.0,2.0
0da4803167faf241efd3ee6527165bfbc04d29e2a6191345cd9a12a243fa3218441b895839d02a735e2c3cfb7bc97b860afff06ef02b26d33bf33b7e00109432,CLEAR,DAYLIGHT,DRY,FOLLOWING TOO CLOSELY,2.0,37.333333333333336,3.0,3.0
0da49b054370c433c8a910655fef6138c8b700c1a20b350b6d915687f39847a6b8f58e91bd3fd68cd728901f53e16ff102cc82c8f31bab44fb6dc8fac487835d,CLEAR,"DARKNESS, LIGHTED ROAD",DRY,FAILING TO YIELD RIGHT-OF-WAY,1.0,39.0,2.0,2.0
0da4aaa72e37afb30f4cd69b7f61979bc6f510c8452b5a63a7d825c1e5c0ca58dcfd173b999d1dd33e7479becb9cfae999e8bffe96d4a4a1f604fcecd49927b6,CLEAR,DAYLIGHT,DRY,FAILING TO YIELD RIGHT-OF-WAY,2.0,25.5,2.0,2.0
0da508e57e0220ce5f84b5f6daede26ffa29cf22eb027700c873e489ff0183aa699363715bfd866ed86bc9ea2622c2b25c1fd996db347a812c4cd06f9d6b51ec,CLEAR,DAYLIGHT,DRY,FOLLOWING TOO CLOSELY,2.0,29.666666666666668,4.0,4.0
0da527d757937b9cf75debda493facfd756eaf75e48ac2735efa15a9773b325bc5ac3387c0f74debaa3a44ff140a83cfe0a98c09b401675ca917644fdb123cfd,CLEAR,DAYLIGHT,DRY,FAILING TO YIELD RIGHT-OF-WAY,2.0,41.333333333333336,3.0,3.0
0da53faa472c9dc719ff17738098bd694f39977fba1d8b43c4c74207f1986e8f9a787eef5e4daba43b32d180bafe6004e7ef59c26058bfb5d2269fe1fa30cbfd,CLEAR,DAYLIGHT,DRY,"VISION OBSCURED (SIGNS, TREE LIMBS, BUILDINGS, ETC.)",2.0,29.0,2.0,2.0
0da5623ff8bb8b70f290beaa78f611b1262d2e5eacdf85356b81cb9f44986da5223bc3564adbe5cc92d9d1809f5739aa753ddfffafa5ab067b713d2c24559913,CLEAR,DAYLIGHT,DRY,IMPROPER TURNING/NO SIGNAL,2.0,74.0,2.0,2.0
0da57eb46dd1448fccd520e1475d36659c9894eddcd1d1f44c29934a9b91a2221c65c0f37fbd6de2f2a562d68d5fc9cae69d36373d8579d23f72a5a58128c8db,CLEAR,"DARKNESS, LIGHTED ROAD",DRY,DISREGARDING TRAFFIC SIGNALS,2.0,42.5,5.0,5.0
0da58113d76f0c5015ca163793990654c5cb822dcb0a2b398eb49aaa8de8c4ba1518062cac0a9bca544f317ff5fdeece426507b53bdcfd1935a3972a6e18920c,CLEAR,"DARKNESS, LIGHTED ROAD",DRY,FAILING TO YIELD RIGHT-OF-WAY,2.0,30.5,2.0,2.0
0da58d6835b5ed2ff6ea755b9d7c8e79f3d1e63bfbb9e0ada9f5203002d212ac74c71c3156212230270c29e282ed33bd1b8f06e208e0158bc2fbcedf3b134466,CLEAR,"DARKNESS, LIGHTED ROAD",DRY,DRIVING SKILLS/KNOWLEDGE/EXPERIENCE,2.0,37.5,1.0,1.0
0da5919238d78c61e5373debeee709be435fb83dead7583befed185652537533c4ae6c281472ebc66334f6513c956d6c5af71d2215a20973864d79674fad96fa,CLEAR,DAYLIGHT,DRY,DRIVING SKILLS/KNOWLEDGE/EXPERIENCE,2.0,40.0,3.0,3.0
0da59c929ee6638e905e92792a277a5a0b41bf2623d693c1f74c7e59b201386395713abd10c43707abef5677d044f5d9f16a434803e0cfd14b9ce00a8a9b2b36,CLEAR,DAYLIGHT,WET,IMPROPER BACKING,2.0,31.5,2.0,2.0
0da5c1cc6e52dff8e205a3c6ef28aa5a86dcce1b721af7b5e573c60e027067324da9112100f789b6d198dff19db985c6c00ab376bb9e2cb77d99fd4d030fdca3,CLEAR,DAYLIGHT,DRY,FAILING TO YIELD RIGHT-OF-WAY,2.0,34.0,2.0,2.0
0da5c547fd2854d2fc53fc697a9b76c1f091486077e1f99fde3f5d94ca6de9b8f9ac5166164971e91e4423abbbe7faaaf55a1483a999c6f11316a0cc45b289fd,RAIN,DAYLIGHT,WET,FAILING TO YIELD RIGHT-OF-WAY,2.0,21.0,6.0,6.0
0da5e649660af700e71d8dc35d716772650e8a014eb5cbb1a291bcb9649c56268ac4281fc96d7c599e42a70f8414ba9eea47cafcf04128bb6c3b24fa6bbb809b,RAIN,DARKNESS,WET,DRIVING SKILLS/KNOWLEDGE/EXPERIENCE,1.0,25.0,1.0,1.0
0da5e7f289448a92766f13efb85ebf64de8c8c8ded43ec236134273aeb627e0b72dc00afcf4049a656066472bd040fe71ccd12edcaf920f025d9b2575e8d9a41,CLEAR,DAYLIGHT,DRY,IMPROPER OVERTAKING/PASSING,2.0,54.5,2.0,2.0
0da612e3b8c148cf0fe783ec6c30d3419e2783da40570c4cd5adfd51cfd9b273045539c0b84fde4f315312662ae2237a02433b25c45343122455cbb49cd3af86,CLEAR,"DARKNESS, LIGHTED ROAD",DRY,FOLLOWING TOO CLOSELY,2.0,36.5,2.0,2.0
0da61c395ef3c44cdde2e820d7efdea7c49851549c3915939e10e4fa8b41ed77b2bd3ba01fa4f69deb233edc2ddf41dcfc45313718eb3b47dfe27701c5c60667,CLEAR,DAYLIGHT,DRY,FAILING TO YIELD RIGHT-OF-WAY,2.0,14.5,7.0,7.0
0da6220433d9ee0ed05a9171508b6c85fefa07b02007e9472882bba5208b07098436352445cbde5df4a7c5e3c3f578b2577692faafdb933a1ec15f362cb7ab70,CLEAR,DAYLIGHT,DRY,FAILING TO YIELD RIGHT-OF-WAY,2.0,37.5,2.0,2.0
0da635f465a16bda2838baf72938e27a1f83a0ada443a712039f35d7b521482d27ee4d9c8ba8c34c9ae20e2e14ed06a04e9136df28e126666c00d92fafd3726d,RAIN,DAYLIGHT,WET,FAILING TO YIELD RIGHT-OF-WAY,2.0,41.0,3.0,3.0
0da64b99cba681bf746eaed5eb849fb4344b662a82b3d0b7e8b3d1c6fb3ce3a4e149edc78ec1c1a0c22499b30c7ff60341aaf363c096acc834ea38809b398e8f,CLEAR,DAYLIGHT,DRY,FAILING TO YIELD RIGHT-OF-WAY,2.0,40.5,2.0,2.0
0da6682696edf75df35cba08709275d3613e6a517653794f95bbea91cff3a07186f2aa47a9ffdfe7d7b4771917b16c760d653155ce1066ad8c641072bee481fc,SNOW,"DARKNESS, LIGHTED ROAD",SNOW OR SLUSH,RELATED TO BUS STOP,2.0,34.0,2.0,2.0
0da66c9623b4f5085a1f0e7c8d5c004d86aaf0da9ac11a652e7557afbcf8050ec9a8fb5d5c850c8bd1d9825b232e1b60c3c2793cc6b8322dd690103d0b3ae29d,UNKNOWN,DAYLIGHT,UNKNOWN,IMPROPER BACKING,2.0,56.0,1.0,1.0
0da66f2f9e4c8acd450214f15728a73f21f694135aedf109c4d9a0c8e53de0a9d8a4d9a896dc4d84222411d05b68c1e4528a83d06cc402e98f05b18367a0c7ea,CLEAR,"DARKNESS, LIGHTED ROAD",DRY,FOLLOWING TOO CLOSELY,2.0,26.0,2.0,2.0
0da6776a284a45ce9af1760401bba93dfc11ba9fc3be11ea27cdf4b701496dd760deba0a8a15c4f8e6b02a93927280ba14544aa027c73cc10b45cc9e62984bd6,CLEAR,DAYLIGHT,DRY,DRIVING SKILLS/KNOWLEDGE/EXPERIENCE,2.0,34.0,2.0,2.0
0da6800a658acf8a38235e21a5cf1c89684f20af94bbf044859be83a279383c30101df3ea4615fce126ef7d927c5fea3c9879c91e6e3707491a7ac3cff9ba060,CLEAR,"DARKNESS, LIGHTED ROAD",SNOW OR SLUSH,"OPERATING VEHICLE IN ERRATIC, RECKLESS, CARELESS, NEGLIGENT OR AGGRESSIVE MANNER",5.0,35.0,4.0,4.0
0da6c384834123fc6831b851945f751d82f0624c47c0d6df48e3e87d5859b880fc206dd3c2b8f97ba39e9957550cdcbc2491ad1b9fda10e40ef4ced0d06277ed,CLEAR,DARKNESS,DRY,EQUIPMENT - VEHICLE CONDITION,2.0,37.5,2.0,2.0
0da6c3b53c1e32623abef48f3de19338e5100b2df966d83c44cea0ae01b321f0a6b18275710756380e5187b91bcc99825f2ecf71ab5ac1329681de04bf41e925,CLEAR,DUSK,DRY,FOLLOWING TOO CLOSELY,2.0,57.0,2.0,2.0
0da7062b7f7973a223c50bcec1006ceafa4d7ac16ebfde4b2827b296548fd8ccead129bec4fc9bf5fb719feb88cb342bb282ace86c92c03a6a48f204ae95e712,CLEAR,"DARKNESS, LIGHTED ROAD",DRY,EQUIPMENT - VEHICLE CONDITION,2.0,25.0,2.0,2.0
0da72420d93dcf76dc534a807e2f85d9c5785ce09bbd2e9dac3ec986316a76e5ab0a3d9e8dd4e4a4edae1002653983e7bcb8f6fd507982323942855e4a9caa0a,CLEAR,DAYLIGHT,DRY,FOLLOWING TOO CLOSELY,2.0,17.666666666666668,4.0,4.0
0da72bb4b577d12710e1ed72ecda23c5fe7e5810d7918046c5228492da68100c16e5201c70348e5fbcd215e4334d409e15086b87a7cbcbfc1f4864532c404f29,CLEAR,DAYLIGHT,DRY,FAILING TO REDUCE SPEED TO AVOID CRASH,1.0,46.5,2.0,2.0
0da7715318331563a5ba173283c404846d7803fd96442191d66aacf5006cf0394abdff9953cad8826ffc6a00d0b80259a9a1ef0d5ee7785bd29b946a5408e884,CLEAR,"DARKNESS, LIGHTED ROAD",DRY,FAILING TO REDUCE SPEED TO AVOID CRASH,2.0,17.0,3.0,3.0
0da7b4e5a43bc4f71c6e1f33a62739d13e04e0a7ab085a961292a6ad32b7523700fd026fa91d23da46ef8f76cf764c93f23f794feae19e14a565b5f4fe047051,CLEAR,DAYLIGHT,DRY,IMPROPER BACKING,2.0,24.5,2.0,2.0
0da7cf71f7b3b942eae9cb69996ebd16201757feb41603329a7d28fa74924ca21d8e248e895b14cbdf57ac2946d22a29e070c340ba2fb0ec60bf545654c96ad1,RAIN,DAYLIGHT,WET,WEATHER,2.0,73.0,2.0,2.0
0da7d1e1e9c8409b9e7bd762c43c81306c6a6ab7f7921eced89a959d90582a982bbf14b1cec0f6d8356c7fe836132c26c579d349161662dd03bb96deb412b795,CLEAR,"DARKNESS, LIGHTED ROAD",DRY,PHYSICAL CONDITION OF DRIVER,4.0,34.0,1.0,1.0
0da7e893941702a9069721ab1110d10a0d8529c43e6c39ca6ee118c6c045a1aea57dc2421ae75ec5f15885e39e953ec2358e7d0f5a0847a89c6968e756a61627,CLEAR,DAYLIGHT,DRY,IMPROPER OVERTAKING/PASSING,2.0,53.0,2.0,2.0
0da7ea3d12e191e62a8237b53235e01643f899e4b1c83316d70c9e58726509d87ced1d9a9bdfffcb1f1310c8c1dbef95fc7e370f8355291c684c7c73cc5a2541,CLEAR,DAYLIGHT,DRY,FAILING TO REDUCE SPEED TO AVOID CRASH,3.0,44.75,4.0,4.0
0da83989945d11099fbc6c01cbbaa4d0d6bc5b56f1d6f12d244a67a3e75ec18c2fc3a839a7f1f5ddd8f85d0fe74e322edfff6e8d75ca3e65a3b0d98d0e5a1214,CLEAR,"DARKNESS, LIGHTED ROAD",DRY,FAILING TO REDUCE SPEED TO AVOID CRASH,1.0,18.5,2.0,2.0
0da8407cfb5ac6c89cea9921bc79f21cb8055865ee42fd7d68f219fd23a1e8ebe494070a2ca40f8d5bcd7436c6662c40fbf6dd830e9a7977194a9e1a2faa5762,CLEAR,DAYLIGHT,DRY,FOLLOWING TOO CLOSELY,2.0,37.5,2.0,2.0
0da845e41ff6708c979d68baf333ea159a3bee0835dfdc9b4fa61a983dd23455317b182d18fe1234f3a5bc4d3f25c7c4c5777f34d9fcc54528b9442c2367698c,SNOW,"DARKNESS, LIGHTED ROAD",SNOW OR SLUSH,WEATHER,1.0,31.0,1.0,1.0
0da849b9b33cbaa462cbbe1f1f487f93f6d80c6e8e70bc6124145100bcd5c97fd5dab7a5e3f9a61727785f78ebe646f9c7cb4f24f04b854f44f0a17736cd3f96,CLOUDY/OVERCAST,DAYLIGHT,DRY,IMPROPER TURNING/NO SIGNAL,2.0,48.4,5.0,5.0
0da857959aa0f5b4be17e8a637c5bf530b573fe30cdac37acbe14bc4b12d010b5ac6f8878239fdabc1fb0d131ace8a961cbab1f1808b3d4265f5113333c118b5,CLEAR,DUSK,DRY,IMPROPER OVERTAKING/PASSING,2.0,44.0,12.0,12.0
0da88dc356211a9bcfcc094d9486115e0264fbd775d6b7a2dcde029fa235061892e84ce36768eea204de332850398d585f69c529ff73d213a9d8cee43dcd001f,CLOUDY/OVERCAST,"DARKNESS, LIGHTED ROAD",UNKNOWN,FAILING TO REDUCE SPEED TO AVOID CRASH,2.0,44.0,1.0,1.0
0da8976fff6c12141c4d61ef3379e54e4da83e52eb08b0deeaf5965dbbd8ce5dd835a5ecc7d6c165188b12d2c9e78b4402bd20c564cd6729c0d020146922b4db,CLEAR,DAYLIGHT,DRY,IMPROPER OVERTAKING/PASSING,2.0,21.5,3.0,3.0
0da89b81bd714b5b8a2d1d6de02351f3b1eb162bb072427f3e7c4aeb9e9915b11f1af077ad999ac36fc81b682154c721e29aec2ae0802f616fbadba6e51f818e,CLEAR,DAYLIGHT,DRY,"VISION OBSCURED (SIGNS, TREE LIMBS, BUILDINGS, ETC.)",2.0,19.0,2.0,2.0
0da8aefce87df02d49f6eaa6d609fe5c47fe543ee6733259f48e268db8f43c51773b0c093e580a66a2244f3a9510c1eafa6193c5a34ef99546db8f42b872a964,CLEAR,DAYLIGHT,DRY,DISREGARDING TRAFFIC SIGNALS,2.0,46.0,2.0,2.0
0da8c708571b0dd629ae7633e345f97ff4b4dce2ab8a3d288e7453617da9f58a82b239028a78676f5f1d5bc914997a6abc36edb1d81f5c555fead5d5e05a220e,OTHER,DAYLIGHT,DRY,IMPROPER OVERTAKING/PASSING,2.0,75.0,2.0,2.0
0da92488ac59389117d131531fe3aa04d0816c2150e90c5a039823955c838064f68efb203085b3adc2e827a745e31590bcb2b90e66fa791736df9e58ca56bbd2,CLEAR,DAYLIGHT,DRY,IMPROPER OVERTAKING/PASSING,2.0,47.0,2.0,2.0
0da92e4b28bb6978b0f9b4b9e4f29db4ec7cb7783a76f1a1a14cb3d0ca207e6146ccd94d9a41321d3c1c625e6dcdd6ec54faa429a9934a9728aa8fe31b2fbcd7,CLEAR,DAYLIGHT,DRY,PHYSICAL CONDITION OF DRIVER,1.0,86.0,1.0,1.0
0da988543baabf48b38081b46849e108faf4bcfb4f0a4735c77987046e4e87250a3edf7c5197ec7d80d0aae73afef62253c72e8488ba400c57060b0329312b3c,CLEAR,DAYLIGHT,DRY,FOLLOWING TOO CLOSELY,2.0,29.0,2.0,2.0
0da9b32bb05f90328380053dc21c6295fea47791578bb01f2903fd282e50984885f4dad69854f78c7df4870277c4b53f02ef9a020322bdf1f75f7abb13c7e677,CLEAR,DAYLIGHT,DRY,DISREGARDING TRAFFIC SIGNALS,2.0,39.8,5.0,5.0
0da9c3c9aea157d423286d796933acb325da72339102724b42142bfec44e40675f82ef406fc7a8f635982a256b22a6b0743cb49b380b9d8fbdc14f3f354888de,RAIN,DUSK,WET,FAILING TO YIELD RIGHT-OF-WAY,2.0,41.5,5.0,5.0
0da9d4539580e7234d1d6c1125472b0167e7949e3e6286471d4ae8d44adca5101888542b2a4f1270632385b943e19eb40bbd262b599a869cd0609a34189514f6,CLEAR,DUSK,DRY,FOLLOWING TOO CLOSELY,2.0,24.5,4.0,4.0
0da9da59db141f95a5272ec1c8dca0d99d436dc5190a7971331e48f92472224d066219a31987c16d7c9b79a631bb55fa1b634d27eeb2187472e94d46b16e66f5,RAIN,"DARKNESS, LIGHTED ROAD",WET,FAILING TO YIELD RIGHT-OF-WAY,1.0,29.0,2.0,2.0
0da9e2f7924e25dbb09cf716a21990e5c85b7a40dbbcd7139477fed3dbb03c9d55664ecbc0972a03318ef31b498ef94f5017d24b3b22e0ab12c7204035f741cd,CLEAR,DARKNESS,DRY,DRIVING ON WRONG SIDE/WRONG WAY,2.0,22.0,3.0,3.0
0daa6165beba2a192f0c14f3060da8e03e55ef60feb530acaf4154ae317807ae812556ece22185de4b5e0a6ef56be3bdc2dd18fa5e6014c30144dc647ae59d03,CLEAR,"DARKNESS, LIGHTED ROAD",DRY,FOLLOWING TOO CLOSELY,2.0,42.5,2.0,2.0
0daa7a1dcd5f228f1d03f90e4a78b2392481e1fcb47db40c65cb0fabcd12f96d74a91c9ce491d9529ab41912ee1bf77b03eba6ec234ff69e58af2e52b5ca7138,CLEAR,DAYLIGHT,DRY,IMPROPER TURNING/NO SIGNAL,2.0,62.0,2.0,2.0
0daa9d0b1f1ec9a94f1726515e0b1456b18a49e7b0ec9b7d3b5b1719427f72824c4145f37aad6c7926e287a743e7f68c5f5f10af37342f6b088f50b44f7382c1,OTHER,"DARKNESS, LIGHTED ROAD",WET,WEATHER,2.0,25.0,3.0,3.0
0daaf68c58624cea9814847de898d25764f6e2b60b25b72e7d5c6f595234eb1b874e386289b4bc9bad8ec35b44282d827c4ab8e61e27efaeddea4b8dc1e0fd0d,RAIN,"DARKNESS, LIGHTED ROAD",WET,FAILING TO REDUCE SPEED TO AVOID CRASH,2.0,36.0,2.0,2.0
0dab712680993a5f35956cbf625078f96a80055e51571931ffd4eb0ef0c431ee95eca3e87c5ee6bc95f2def246698da286a831efb806df0600ec4cdf99d7c273,CLEAR,"DARKNESS, LIGHTED ROAD",DRY,IMPROPER LANE USAGE,2.0,44.0,2.0,2.0
0dab7dc876e2176b7e017a24da44a989dbc6d317ef6f35af96178b127bd8a71878e07b1a7a7828beac03d16cbe90390c1c008cdbc11d8a812d5de0c906708b3e,CLEAR,DAYLIGHT,DRY,IMPROPER TURNING/NO SIGNAL,2.0,43.0,3.0,3.0
0dab81536cc1fdbbd1370503c802c693a871c9dd1dc235b03de7c7848428c3fa043a64bc983d21795c556691d0c9fb10ac7aa39bfa42d08097c262570904db7d,CLOUDY/OVERCAST,"DARKNESS, LIGHTED ROAD",WET,FOLLOWING TOO CLOSELY,2.0,30.0,2.0,2.0
0dab9c6917fc15b6fcfc7bb9d1df18340e2031014f3d3419c1517f954faa5cb7a7bfb68f12c0f62036aada99cfc7e51bc46c28d4b2bd56fa9c5d900f43251c97,CLEAR,DAYLIGHT,UNKNOWN,FOLLOWING TOO CLOSELY,4.0,40.0,6.0,6.0
0daba21fd934acc253abc68641d6458acaa0d9cad4d10e872fb8c9e700cb83fa8c6838dbfd6ad8c7c10effacdab6b5070b814f2cb618c0907792aa8008d3420e,CLEAR,"DARKNESS, LIGHTED ROAD",DRY,HAD BEEN DRINKING (USE WHEN ARREST IS NOT MADE),2.0,42.0,1.0,1.0
0daba94e3ccf139f7cbe0591054b1a6bba26b9874c1bb4366ebf9247ea35acc58f31e06947856568acebfce58358823428772adf4997a9a006c9084de07ba5d2,CLEAR,DAYLIGHT,DRY,FAILING TO YIELD RIGHT-OF-WAY,2.0,69.0,2.0,2.0
0dabba95b2fbee7c405d9144cc3fb507da0df47e7e35f6298d9bb69296e23bcd1bd2a5a7add3b4bc4408cf44e44ccd3428a7e4e34c8d49a6521f7e1d154afa11,OTHER,UNKNOWN,UNKNOWN,FOLLOWING TOO CLOSELY,2.0,38.5,2.0,2.0
0dabc83eef002b9831e038f3cd9d926d3040f6770b9bfc8ace34f2487ad989de9021e75685063a162c2089e9ec03313d825cd92764120e93f75a6fd52a02dac5,CLEAR,DAYLIGHT,DRY,FAILING TO REDUCE SPEED TO AVOID CRASH,1.0,52.333333333333336,4.0,4.0
0dabd0581508930a477f0fa6420b0a7e535a7c5de00eacfb51157f5f275cd437c14cb497ac1302666190e7c959e672fafb39864271698f6cbeabb968c22e5a34,RAIN,DAYLIGHT,WET,IMPROPER TURNING/NO SIGNAL,2.0,22.5,2.0,2.0
0dabd658c4ed18e7d8d4b591ee00903400c3c5f5c7856c510327217c1089b03056656e0c8eb918a1dbbe7d9a5ce91bdc52a4b20ad8510a6d44d773032094a8d1,CLEAR,DAYLIGHT,DRY,FAILING TO REDUCE SPEED TO AVOID CRASH,2.0,73.0,1.0,1.0
0dabd6dbcf2ad2f00d6f025f7e2f9c438264b218973b6325c974141f1d022142e007b7d95c4527051f28667ce44386456e4f16064cdfc481af19b755b831c57f,CLOUDY/OVERCAST,DAYLIGHT,WET,FAILING TO YIELD RIGHT-OF-WAY,2.0,36.0,2.0,2.0