crash_record_id,weather_condition,lighting_condition,roadway_surface_cond,prim_contributory_cause,total_vehicles,avg_driver_age,total_people,total_injured
0dabe8045bcbcc71a3c6de83ba9056d3fcbfa4dfab11414f1fbc88131ea1e7f38f5d71c439ccebe23e1574547cadd38ba64a6ec012e96d75914e03a7b46e90ce,OTHER,DAYLIGHT,ICE,WEATHER,2.0,38.0,1.0,1.0
0dac055b4f25522d9c17e7b80f91e21fa628abe3c254c4ff99e57d1f78139448f0eae05bc2d061d573a04627fedf7938047b994e5d3ebe4a2e29f8abbb8511cc,CLEAR,DAYLIGHT,DRY,FOLLOWING TOO CLOSELY,2.0,32.5,2.0,2.0
0dac2ea6511157a4d2518ab48e60abaaa6dbdb7be95b050a9b457d6c688de486ae82f52fdc84d4381f58aa9d617365a45e01a821e80ad90f108b66d3a435e4c2,CLEAR,DAYLIGHT,UNKNOWN,DRIVING SKILLS/KNOWLEDGE/EXPERIENCE,2.0,42.0,2.0,2.0
0dac5a36b0adc76e28060784090f5e0b612a89ad98904d1dd4fb168756cafc8951c51a2422d627c374bd705a1a238943c1205bf4807be7cdf75cbaba9bae78a3,RAIN,DUSK,WET,FAILING TO YIELD RIGHT-OF-WAY,2.0,36.0,2.0,2.0
0dac9c51459da708063762255502382f1c01fc5ef4a9c7a3068f3b45aa7a3e98eef7aea19f6a329436df96824d7d8e1d3c4be0807412fcac1d86a8814e5a9b0b,CLEAR,DAYLIGHT,DRY,ANIMAL,2.0,50.0,1.0,1.0
0dacc3a2910351c91d5ea08463f263a6bff4a57b088652ceee51a9bec619003b618e23fb3a9db00f98994477ff5fd81898b650845e9ef255416c729fc06ed3a3,CLEAR,DAYLIGHT,DRY,IMPROPER TURNING/NO SIGNAL,2.0,56.0,3.0,3.0
0dacc52e45d3b7a0685a889dfa416b8dab48131bc0a23f9eb3cdcf4c966b112b79ee8cb598ad40b98d16ead186760746831e143984a4e2851e5f81ade6d7b50c,CLEAR,DAYLIGHT,DRY,FAILING TO YIELD RIGHT-OF-WAY,3.0,42.333333333333336,3.0,3.0
0dacd526ff63d9f20ddfaa269ee0ca24e61412603098e3eee8586740ed75f98dce365326548a2db71170212060c9ad31984adb10c9318fd2d577e19a88d2cc99,CLEAR,DAYLIGHT,DRY,IMPROPER OVERTAKING/PASSING,2.0,41.5,3.0,3.0
0dacd84a4caaa07ee4f5a14c336474f19069025ed7e5452a2d01fab960d35b5b8b6639eb1d3c3b346174a441612390fffd1e207d2f4a42e7ecd1d084c22a595f,CLEAR,DAYLIGHT,DRY,FOLLOWING TOO CLOSELY,2.0,27.5,2.0,2.0
0dace82fd02166d6acea200b776a6809a2f3e47a9245836a8a97f7f592d8ae01213335c8dab775147f875529a6ac7636b80d23d0989ed2872a2eb599d3f9dd46,CLEAR,DAYLIGHT,DRY,IMPROPER OVERTAKING/PASSING,2.0,23.0,3.0,3.0
0dad3f8f001ab160ded392a006b12a8a90b521158a5692f1def2cc3fc01738d8fe7686cc79dda8306e41b2019948d2441fc59c90e9c8888b44c83a34031a846d,CLEAR,DAYLIGHT,DRY,FOLLOWING TOO CLOSELY,2.0,54.0,2.0,2.0
0dad45d0c61dc3f2846ca54c8192315676613fc89eaf42830557283ed39f0ffb3a735e2da19b950bc58afebb3b7784939601f50ac2c8db10d8f0616449efc3f0,CLEAR,DAYLIGHT,DRY,IMPROPER TURNING/NO SIGNAL,2.0,36.0,1.0,1.0
0dad4a6225c6325c990b6014e22fca240c27a2ce74b27711839d798668024da8616ca9a7faa6fc1e6729c53aabae53135b10ff431ed60157484fcb083f314630,UNKNOWN,UNKNOWN,UNKNOWN,FAILING TO YIELD RIGHT-OF-WAY,1.0,31.0,2.0,2.0
0dad835c8813ff0e6b3bcce32baea9155ee50aa11e4391e8973f7ae5ec2f46689575bef5566f93fde393b9f530136f51429c71e6165cb080648947b576a41f1f,CLEAR,DAYLIGHT,DRY,FAILING TO YIELD RIGHT-OF-WAY,2.0,30.0,2.0,2.0
0dad8da939de2571c78c45365d29961e9136e06f19674441393d39e4483bb31e51b7ff80b45c29bc44ea07bcea98646ba192dce42a2b620c3323f8aade66926a,RAIN,DARKNESS,WET,FOLLOWING TOO CLOSELY,2.0,25.25,5.0,5.0
0dad98fc22a0e1a2d0b330cbdcdb1c3ac052bc3b0dcc16a83e2bb65526020146adc7c58c766d50604d3d5510ff8c3a70e3e9658ae4e503ffd03bc28dcf204fb0,CLEAR,"DARKNESS, LIGHTED ROAD",DRY,IMPROPER LANE USAGE,2.0,57.5,3.0,3.0
0dadcd3686900b8d16a548f073bf219311cafca793f7f7fb605106750b64bc441e4c8824bffeed6dc3afe1b2a4dd79b77d1038912d76389ae2e6f8f48e809f56,CLOUDY/OVERCAST,DAYLIGHT,DRY,IMPROPER TURNING/NO SIGNAL,1.0,42.0,2.0,2.0
0dade35e42e3d55f47ad2c33a5c608b2a080fea9ac48c2ad812578be83936fd2e37451c7d56a63f9d3559916641944d533b057ca387a658fefabc576955ac2d1,CLEAR,DAWN,DRY,IMPROPER BACKING,2.0,37.5,1.0,1.0
0dade90573c131bbc780e4083c5993a3d262e9b787f811d1cdb5e2e2acc1f7389603b24085fc23718de9c966fb14f61307c2b68ff4871f5d6fe140f5161f5901,CLEAR,DAYLIGHT,DRY,FAILING TO YIELD RIGHT-OF-WAY,2.0,40.0,2.0,2.0
0dadf568d278fb1149ed1a528f1086626ef052e61bb6beebbfc0b974d621a1d5417a83143652edbe09f9a340130a967ae59a0d1b9d2c0d7b6940b6ae0327ae07,CLEAR,"DARKNESS, LIGHTED ROAD",WET,"OPERATING VEHICLE IN ERRATIC, RECKLESS, CARELESS, NEGLIGENT OR AGGRESSIVE MANNER",4.0,52.0,2.0,2.0
0dae4e02149ba699c7a013b7a07465b0c309153d9c02131b8bed6f8ecee7b66bce4a80a97cd05263a0e5123e12aa383983170ba37235d5aea2d9b38e1360d90b,CLEAR,DAYLIGHT,DRY,FAILING TO YIELD RIGHT-OF-WAY,2.0,33.333333333333336,3.0,3.0
0dae64e7e2cabc9feb16dfb8987231f60756debfab0947da3cbaadfa7fec3c5e6ded60a1677f4938dd69770b28ad4afd3dac085f4974beac53c28e72a249a9fc,CLEAR,DAYLIGHT,DRY,FAILING TO YIELD RIGHT-OF-WAY,2.0,26.0,2.0,2.0
0dae7660cf5727adc41e5d823fdaf35ee92f91b581effa703252c5169341c87e54b363e626b76fe2d83dae21be795ddbb2c7f040f21efb043f5b65cd29a42edf,CLEAR,DAYLIGHT,DRY,FAILING TO YIELD RIGHT-OF-WAY,1.0,30.5,2.0,2.0
0dae7c398b5c1b03ebe3376a082ca175c4d02ae2905c25914dc4021599b77cfb03d87623cdf6fdc5e28c8c9932ec5d0fb9759beebe3d34a793e031f943038da9,RAIN,DAWN,WET,IMPROPER LANE USAGE,1.0,62.0,1.0,1.0
0dae7dc789050d81af9204c5525da38e4f020c51ac274b1fae840bded4ab3852783417caf4ff7c3a18b06d713114fe8e43b84a95b109628457c6c89dd4618d3a,RAIN,"DARKNESS, LIGHTED ROAD",WET,IMPROPER LANE USAGE,2.0,33.0,5.0,5.0
0daeb27bcb92197080017180b61fdc210824a8b43a67377fa8be1db980ba29293a726a9bd9a74f0ce7492b2b82b4395dcd65f8483fdd85d9456ff87433e59baf,CLEAR,DAYLIGHT,DRY,FAILING TO YIELD RIGHT-OF-WAY,2.0,17.25,6.0,6.0
0daeb5d720f24963777efd2a3a27355d9a1a6e93e191a62cb69074d2a7dce2165e50655f3f2c7d60a0c3569bd12e48bf605a64eb5312c07ba75f11d8ea577234,CLEAR,"DARKNESS, LIGHTED ROAD",DRY,FOLLOWING TOO CLOSELY,2.0,39.0,2.0,2.0
0daeb9451d7a412c83712a0f45b0c6f5dc52f9d60376f0208332132755a58983f327f5bf0a56962d438037c73ed73d9dfed316da334b1e1aa685d76eda686f5a,CLEAR,DAYLIGHT,UNKNOWN,FOLLOWING TOO CLOSELY,2.0,44.0,2.0,2.0
0daebe8f725f53cce65ea91924cc0db2bbf5b39ea807e646cb927c66ee8a38e4ee3fcc0cba02376a3252f5f44e0fb36997394de1b848b1001f6e21470c1bc8a4,CLEAR,DAYLIGHT,SNOW OR SLUSH,FAILING TO YIELD RIGHT-OF-WAY,2.0,26.0,2.0,2.0
0daecfb1e86823d7f417c221ef0f2dbe001b662fd7ec10173dfcc2f22adcaefd4a0568ea45c110b45bc5cd861ecff5a11ca2da8d1e0e2fbd83af4f9c9da15c05,CLOUDY/OVERCAST,DAYLIGHT,DRY,EQUIPMENT - VEHICLE CONDITION,2.0,32.333333333333336,3.0,3.0
0daef2010faab68cf67c0d14b47e202045d0276275cbb0a65bb7773d9f045be1c01acd0ebb1e93be10574a6c38e565567a46001095253126ac01551bdfe2861c,CLEAR,DAYLIGHT,DRY,IMPROPER BACKING,2.0,30.0,2.0,2.0
0daefe407d6fc4ec09f3c1a2f5d75824ed41f207fe4fa91a7b1cd027ca72478a2a0f7ed00cfca748c08de6121bb40191c30b5a23cf7bd3a9304674b144fcf92a,CLEAR,DAYLIGHT,SNOW OR SLUSH,DRIVING SKILLS/KNOWLEDGE/EXPERIENCE,2.0,42.0,1.0,1.0
0daefea4bbbd7f9317ba117ef24cf5a293d51d7b790297d1c787a3c876a88c6c45e817899345de5487780d795ef1c5fad2ee660852d3dd54d594bac83c975ce5,CLEAR,DAYLIGHT,DRY,FAILING TO REDUCE SPEED TO AVOID CRASH,2.0,15.0,2.0,2.0
0daf0c691b4e14f4391089950d03bc17fdf1b2fe3b7d2f96704731030cb87b3fb566b5b64f479a0be9abc6c46c8d4d3831ddc2970c27e4e69c43f94e73cdf2fd,CLEAR,DAYLIGHT,DRY,IMPROPER BACKING,2.0,53.0,1.0,1.0
0daf388a4cb68b45067fb9e7106864345bbe97ff434d6ecea9b7adb9d780f4f417af9f34ddd914ec6f409979c181ab9ddca7932902b829b7e8cf4696815a02f3,CLEAR,DAYLIGHT,DRY,DRIVING SKILLS/KNOWLEDGE/EXPERIENCE,2.0,23.0,2.0,2.0
0daf42e0ae9f373ba85c9effa59f418ca6b12451edaa3da600d158832184a04a252d804a29150aac2d5d7cc00c4f38bbc1976810e1413774098d0c101de25f88,SNOW,DAYLIGHT,SNOW OR SLUSH,IMPROPER BACKING,2.0,37.5,1.0,1.0
0daf4c34bc74a610033f99258c79ad8f8b327569ea63cca5bad9654687871723a45807cce2df242797b245a35eee1d6b7ecdc19037d20a29dd7acc499c495652,CLEAR,DAYLIGHT,WET,PHYSICAL CONDITION OF DRIVER,2.0,54.5,2.0,2.0
0daf58f917ad298576dbf5ebec11c5cfc6772ba82d7ebf910fde0d03827053eb1666f2915dd37c90ef9823ff171f1208bfc5c7d0ac2e50eb672576cdf18e64d7,UNKNOWN,UNKNOWN,UNKNOWN,FAILING TO YIELD RIGHT-OF-WAY,2.0,44.0,2.0,2.0
0daf63f51e95209456d549ce7b70a438ab016c774ff1854457d0c8e654c25426e6d93117349e64072f44368a8d8ea511a0558702c447f1826f6d1af5cb5d17a4,CLOUDY/OVERCAST,DAWN,DRY,FAILING TO YIELD RIGHT-OF-WAY,1.0,38.0,2.0,2.0
0daf6882d026d7da0166ea5dde4c4a4533abcd3557532241a3cd08f0b039f2e622aa47d4b7d3c4d422223c5582ceca67f8e4eb912aa007bffd5bdbfd4e578e70,CLEAR,DAYLIGHT,WET,FAILING TO YIELD RIGHT-OF-WAY,2.0,43.0,2.0,2.0
0daf9732d3e8cea70c2f999cd21d22ba93897a14d3c7c1d0a9298fe02cc4ca2e0193c1bb80e8766c0e931d11a5e1609b77aaaed37c525f5a382b28b987acf8cf,RAIN,DAYLIGHT,WET,FAILING TO YIELD RIGHT-OF-WAY,2.0,41.0,4.0,4.0
0daf9ef1f845bc12eaed1519ec5aadc2d068339323f290a779f81301a08ca60d2d0e8091c783c762dbaeb1c537f7a4563cb70c5a4da8e019d3bdfd608f355feb,CLEAR,DAYLIGHT,DRY,IMPROPER BACKING,2.0,54.5,2.0,2.0
0dafe454ffb8def1417523219389148cea8bdf71aacb63739af400151b47770111313ee03f2351efc3c3f8a00b1e186869c409c5225621ff7a470cc8a732b31e,RAIN,DAYLIGHT,WET,DRIVING SKILLS/KNOWLEDGE/EXPERIENCE,3.0,46.0,3.0,3.0
0db004924907438c2386f5609caf56a2af3c568146d39d912f938ac3b4416e41485c254439f3482458fcf6aa42f0651c05335197fd5ad1f5e4f1afd5c12521d6,CLEAR,"DARKNESS, LIGHTED ROAD",DRY,FOLLOWING TOO CLOSELY,2.0,56.0,1.0,1.0
0db0059e983a01a99ab626ce945648e4a2ace026ada77e2c64537f1d6c112dfb9a37a4750061cfa410001221990135a920e4038e3fdc535a12b39f842b13036f,CLEAR,DAYLIGHT,DRY,FAILING TO YIELD RIGHT-OF-WAY,2.0,55.333333333333336,3.0,3.0
0db01fb4b424a0d8e44064e0d837d27bc5fc1b86d1bc01fb65dced9c149273bc9ed9ce8205866439bb6c7c1679c0ace8621932865cc7c2f68faf8b710eae0432,RAIN,DARKNESS,WET,IMPROPER LANE USAGE,2.0,29.0,2.0,2.0
0db0443611accc01c8dff5261f98610489893a519a886e3ab6cf7f4e5d8801975279441029331232a9a86e72846758ed5cefc0d63bdb0be5e7a2ccfe0a96a3f1,UNKNOWN,UNKNOWN,UNKNOWN,ROAD ENGINEERING/SURFACE/MARKING DEFECTS,1.0,29.0,1.0,1.0
0db05b1d50ddce985855c30abc9b629fe646decde7dad4a0b1633308dcaf2b429108bc344923ef870a7995ae70fb1a98bbb75017d7562c6bdc68dba202ce965e,CLEAR,DAYLIGHT,DRY,DISREGARDING TRAFFIC SIGNALS,4.0,41.0,3.0,3.0
0db091fdfeeeb7573d315c774d927f51db00ee828e5163aa3c42f2ec977d0b9add5f2d6cbf81074e207a608cb200e9e6d73ea106b0d5d6eb933632b5f5284073,RAIN,DAYLIGHT,WET,FAILING TO YIELD RIGHT-OF-WAY,2.0,36.5,2.0,2.0
0db0bb2b0eef269f8a92c8df82d41d02d87e925dd594bc75cd0108e0cad290e985780faf13b0a4edd3d1a62f75c5646fe01a4142dbf6307b1bba558e99e50249,CLEAR,"DARKNESS, LIGHTED ROAD",DRY,IMPROPER BACKING,2.0,37.0,3.0,3.0
0db0c9fa15bc403e56ea2a3b43203f19316e095e0ecb4955fd221e09d0a0c29fa8101dd4fca8a249eae553f2ee5adeb2ba83a383fbd5e0107dd03bb5ee11fee0,CLEAR,DAYLIGHT,DRY,FAILING TO REDUCE SPEED TO AVOID CRASH,1.0,29.0,2.0,2.0
0db0d952f75ef09c1e864c30012235ce7b571e6bf126823bbaec0c4087e2b66684e4bf72e24e1547a97fad94d753de687e700bc6a0296ec2c71758dfa3c55e16,CLEAR,"DARKNESS, LIGHTED ROAD",DRY,DISREGARDING TRAFFIC SIGNALS,2.0,26.5,3.0,3.0
0db1022a829c10edc81bdb48153854f2feaa7140d3a1b979876cc250080dc964af6651e20e25c8b20a42e08bf58124c9a880b5fd2d41419d24495242b00823c4,CLEAR,"DARKNESS, LIGHTED ROAD",DRY,FOLLOWING TOO CLOSELY,2.0,32.0,2.0,2.0
0db102d125882efb0e88c3cab89a1aab5e518fd5fb68274914470f971fa15ee3fbea025ff4270c47670029afba2bb4f0b07543bacf1018a27e4cd8b22ada267f,RAIN,DAYLIGHT,WET,WEATHER,2.0,77.0,2.0,2.0
0db115d8526aa21317459570271357588360210ecd2cbcbc14a91838f86d2c092d9dc3b5543600a63742500e989e41e5535ccd9a17ce115f9cc9977e4ff5f4ea,CLEAR,DAYLIGHT,WET,IMPROPER TURNING/NO SIGNAL,2.0,28.0,2.0,2.0
0db12466229e07ce4da5ebffc94820197f6236f021915b27280216c48107095149a74a50137e4c9838ec49d74ea4223d714ea1c062ee32fdc782a52683becea2,CLEAR,DAYLIGHT,DRY,IMPROPER OVERTAKING/PASSING,2.0,24.5,2.0,2.0
0db1871414ac087238eb68ced1aae31e2a4787d1efb4817e5685180bc1d6a5d193d9389631dc0dcf2256c3afe7daa1f8ed475d22c11fe087b3c0dfbfaf636fa6,CLEAR,"DARKNESS, LIGHTED ROAD",ICE,FOLLOWING TOO CLOSELY,2.0,37.5,1.0,1.0
0db19c963a023f35ffe5fde0aa299bb1b36e686d6a47e5d9b124a7711c55f66773989083cf1efa201ada71af414c1af1013578673e5c3d4787246aa846838d2a,SNOW,"DARKNESS, LIGHTED ROAD",SNOW OR SLUSH,FAILING TO YIELD RIGHT-OF-WAY,2.0,60.5,2.0,2.0
0db1a1f7238b8147d03ed9a7929c6f8807cc31fb15bdce6b692ea70762e734e212b611cb0c0e0821bf31605980e36938faafbad8a822397db2cc6ea78f950ef6,CLEAR,"DARKNESS, LIGHTED ROAD",DRY,DISREGARDING TRAFFIC SIGNALS,2.0,32.0,2.0,2.0
0db1c94fcb19b3bf8f95c063c29a40c9ff5c09851b7f8acdd618b47216bbd1d1de7c2045cfdbf2c02ddf11b0ce4e304916a4e701e71dde603d738eb083aae4c7,CLEAR,"DARKNESS, LIGHTED ROAD",DRY,IMPROPER BACKING,2.0,42.666666666666664,3.0,3.0
0db1e1cb0f5f7bb090dcf2755ec652c7590631c075c15245f26246202fbc94e0745559933cb5f966f674207bda9109203b967ab590f07768f5224a26d0a48292,CLEAR,DAYLIGHT,DRY,IMPROPER BACKING,2.0,31.0,1.0,1.0
0db237e911d7d2eefa7ea7d45d172b8e9e34b958889fe873c0acfb8b9415235e41d621a38b4935be496639585b94a16c0b1cf556b79be320655437f805e6de69,CLEAR,DAYLIGHT,DRY,IMPROPER OVERTAKING/PASSING,2.0,40.5,3.0,3.0
0db23b51535cfac08364baf69d80d0df31772523d681ca236302f9f0f1573e139dc862b03b57668afd7fcf24ddd14a66568bee76f0fb63ecb75a4aabd9717809,RAIN,"DARKNESS, LIGHTED ROAD",WET,IMPROPER TURNING/NO SIGNAL,2.0,35.75,4.0,4.0
0db29a83b70937dbc577a8526fbcf30e43d79dba718ea2fe59184471836d16e1538ad4e67ae6e163830f20c07318bbf75f82ee8df8d71a0a2ae3ba846123d51f,CLEAR,DAYLIGHT,UNKNOWN,FAILING TO YIELD RIGHT-OF-WAY,2.0,41.5,2.0,2.0
0db2a7e1eddd30ec7306071fe12b8b034d61d6c7f351341d82163800becd0ad82696f5b326f63942fb06b28198bd02d1a4b124519147bb0417c82734f4e91f70,CLEAR,DAYLIGHT,DRY,IMPROPER OVERTAKING/PASSING,2.0,29.0,2.0,2.0
0db2cb979cc19c73b2bb46e1e899e6691749735c38aeaac272c4382dddde2c3351ded79e6f168b71868fe6963e0842afb6a67f2503105f0e28004cb644c2ad66,CLEAR,DAYLIGHT,DRY,FAILING TO REDUCE SPEED TO AVOID CRASH,2.0,33.5,2.0,2.0
0db2ce96b02e99892eab9d858f8935d22fe96176813d0ad729f5f2b80f8ca6176caf9ad49abcc9dbf1ac5d6547b83edf8b1e3b07b8e1a4c2bcdbdab044cfb182,CLEAR,DAYLIGHT,DRY,IMPROPER LANE USAGE,2.0,38.333333333333336,3.0,3.0
0db2d83fc37a0801f77025cf12ced2805e503735defebe0d73a26e36b8295e90202536b5bdb0f72a9dce76c115c4ee180075ed52e91195c94c06ed139850bdb3,CLEAR,"DARKNESS, LIGHTED ROAD",DRY,DISREGARDING TRAFFIC SIGNALS,2.0,26.0,2.0,2.0
0db2dcc5dd07f8871424ca63da614c3e83363896dd843fdb44b6a86f550bb0ac90645a79ca1cf59a80accec0b1b68637ae51ec6326b76b8a23c0e1bfb48da521,CLEAR,DAYLIGHT,DRY,FOLLOWING TOO CLOSELY,2.0,27.0,2.0,2.0
0db2e38ed481cbae796d3cbc3a312501a0ae830bd28d71146ef966d850aba140c853127a534c53484ceae3136a3e43300c92ab09041d07157a29b3032ec4ed63,CLEAR,DAYLIGHT,DRY,IMPROPER BACKING,1.0,0.0,2.0,2.0
0db2e6b881dfc3b0551bb4a16d09c95ff8620dc83b1ca3a06454521b86d2f428bda8ad3ada9e9ab7f2253e503b095a100905031c0743ee1f116ecdcd752038de,CLEAR,"DARKNESS, LIGHTED ROAD",DRY,FAILING TO REDUCE SPEED TO AVOID CRASH,2.0,25.0,2.0,2.0
0db30b26e60472e993b85101fd43f389c8a56baa07ab8abddc4986fcfa92ad121a17401bcf66a630df8e90219b9205e3c8dbff147d9eab9bf1801ce78ff6316a,SNOW,"DARKNESS, LIGHTED ROAD",WET,PHYSICAL CONDITION OF DRIVER,2.0,28.0,2.0,2.0
0db32ff94d8901ecc47d5c20852949629099146c21a5b32746cbd161532ad45a987c8500f402f8adfa9fd05f1a8beb3394a6cf43c454ed841b128bdda82b9f27,CLEAR,"DARKNESS, LIGHTED ROAD",DRY,FOLLOWING TOO CLOSELY,2.0,36.0,2.0,2.0
0db34d3fdd26dcb369edc72207e993e8582cf9cdc06081bb3f31200ee41a4a3519ca97e94e7eb8dd7b3dca09a96e76ec450a8a8f81accd67a16bbc4155dfbea6,CLEAR,DAYLIGHT,DRY,IMPROPER OVERTAKING/PASSING,2.0,43.0,2.0,2.0
0db3a0a20426dc0cfb00361f46077228f2832cfb44eea2c3daddd6924046d3cfe66f832c89bd14875814812047587e5cd3b70d958d5da6145cc33ed7f4dab061,CLEAR,DAYLIGHT,UNKNOWN,IMPROPER OVERTAKING/PASSING,2.0,24.0,3.0,3.0
0db3bdb914eb8ad8188c549a821ee7ef95aed608e04cbd19939de73f09b3468dbbfc0f92962cfe9129af946e5da869e9e9716c8b917823e3373b00c8e141299b,CLEAR,DARKNESS,DRY,DISREGARDING TRAFFIC SIGNALS,2.0,51.0,2.0,2.0
0db41577fa827cb8434e9f012a16ea0234db1e8b6a8ce033d8fa2275e82dce4062bb5b476ed05d39f3926d713b0073644cd8ca31cb32e76256c18b12f7436c37,CLEAR,DAWN,DRY,FAILING TO YIELD RIGHT-OF-WAY,3.0,24.0,2.0,2.0
0db41cbdee320e1b0cdc3ff7c886337ca9cf797eb26924439f5f6457e6068acf43e35cc70b44f827f314c513de8879c09881be673d995140a0277900012382c8,CLEAR,"DARKNESS, LIGHTED ROAD",DRY,DISTRACTION - FROM INSIDE VEHICLE,1.0,23.0,1.0,1.0
0db47da8f575ba7d1e29efb8680663d6427f6aba8d0a891e7d947cfd5722402adf0ed317f29a32d4d64c3282a4a229620ca6ea28b42d9d0ac98e6a1e5df914e3,CLEAR,DAYLIGHT,DRY,FAILING TO YIELD RIGHT-OF-WAY,2.0,64.0,2.0,2.0
0db4b35ed4863ada40b34edeacd0af255b2e26cdcef99dfbf9dd608be5ee898c4c868b191b8ff2f8fee99f3adf2ab9bed43bf7a6ff0c2a1075e765f9aa24ad8c,SNOW,"DARKNESS, LIGHTED ROAD",SNOW OR SLUSH,FOLLOWING TOO CLOSELY,5.0,37.5,4.0,4.0
0db4c2ba708b9e4a55a4e4ef5cf537ba25dbe19c40f350815d6111e29031e74362248fb6bb9966d9eaf0c62580517a620aa466057d58c64f4399fce45a365e51,CLEAR,DAYLIGHT,DRY,FAILING TO YIELD RIGHT-OF-WAY,2.0,37.0,2.0,2.0
0db4c6d5031552832352d95d79aa1fc432660486f9b3980b35f1a55f2b8752ea1811a639710a1f347e178249b13b398c100add1e384d80c016f4b11ea652817f,CLEAR,DAYLIGHT,DRY,FAILING TO REDUCE SPEED TO AVOID CRASH,2.0,49.0,2.0,2.0
0db4ca16187e309fdcb9d88821057a5739e50ddb137014cebb5bcac24a6645f199c32648051cf4527626ce8628f62356b33f8abaa52fc8980920f46afab9f736,CLEAR,DAYLIGHT,DRY,IMPROPER TURNING/NO SIGNAL,2.0,36.333333333333336,3.0,3.0
0db4cf6e69816ae63b8aa5714fad789fc56d4bda3c22fecb7a07850c6d5d374c938896f74a7e02be231b1cb8e377728c40493714fc4641d10219fc1fe36535ca,CLEAR,"DARKNESS, LIGHTED ROAD",DRY,"OPERATING VEHICLE IN ERRATIC, RECKLESS, CARELESS, NEGLIGENT OR AGGRESSIVE MANNER",3.0,37.5,1.0,1.0
0db4d981548f613b58805d7fe904b98332ee800f1417cbbe9fb923e532e4296777e29776de7757dadfef9944f0bf8ddd4ed31e7bd364f39188d38a1b427887b9,RAIN,"DARKNESS, LIGHTED ROAD",WET,FOLLOWING TOO CLOSELY,2.0,53.0,2.0,2.0
0db4f2e46aab8171872031ffdfa8f8dd3d201fdd2366a17dda6b81a2a182f17762ffccec3b466dc155364e4580494f8e5937acbb10047faa547a33d767eb1446,CLEAR,DAYLIGHT,DRY,IMPROPER LANE USAGE,2.0,36.0,2.0,2.0
0db5079165ce0b7502a95136bf11f73839ac232686f6572fbe32c6f3528d677cbdd36ed4557ba09381bc06d2c987ee75c2371d8b7f9987d97d655ada5da08207,CLEAR,DAYLIGHT,DRY,IMPROPER TURNING/NO SIGNAL,2.0,36.666666666666664,3.0,3.0
0db557cf13dcb72cad1db8d746c7aca3c6d5e18eae24d0fa04b07167fdea46557ef9d7292ee392d7b75a65eb93bd2a55856e6cfa221b0b69b20243b740be2ec4,UNKNOWN,DAYLIGHT,UNKNOWN,IMPROPER OVERTAKING/PASSING,2.0,45.0,2.0,2.0
0db564250e8cd27d7f86c05770cd51005f952869f1cdd7c6f89f29743c6ab97d95443974826f38a1dfbe0921fcd0dd5eb8a7c035f8b43e23cc8e4b7520f5fcf3,CLOUDY/OVERCAST,DAYLIGHT,SNOW OR SLUSH,"VISION OBSCURED (SIGNS, TREE LIMBS, BUILDINGS, ETC.)",2.0,22.75,4.0,4.0
0db57df9c0aae13fa0e4f4091762ada9190db9b5d45fdbc121cc21f53dae13dee3ab34cf999f3fe40f90ea8851c6a0008f8886995de4412137a941ade1b371b6,RAIN,DAYLIGHT,WET,FOLLOWING TOO CLOSELY,2.0,53.0,2.0,2.0
0db581dac95981fc03bc2896d0edcd690628a2bac1f3b30c703ba842dbd7bf6c1a8e1f204086a7591ab1967a66e8fd3a92141ae82e95067a2246685af22d487e,OTHER,"DARKNESS, LIGHTED ROAD",DRY,UNDER THE INFLUENCE OF ALCOHOL/DRUGS (USE WHEN ARREST IS EFFECTED),2.0,26.0,1.0,1.0
0db585357d2365d782486b005a5786937d1ad91fcd439cfec8d1fdee75e347b57691c4b8173c62537d5ae022310a517e3f1a29ca36d2fac0a715fade29d6111c,CLEAR,DAYLIGHT,DRY,FAILING TO YIELD RIGHT-OF-WAY,2.0,40.5,2.0,2.0
0db59daec200c29f5918a09682b0bc70321cd8bd44f465c1433106823d65f875e9d510eadbc7d5613db5d5cef013196d40437fa229f03a895cd9e581b6cfb7f0,CLEAR,DAYLIGHT,DRY,FAILING TO YIELD RIGHT-OF-WAY,1.0,20.0,3.0,3.0
0db5a9b1492b0246c2c90ce99ab8743eac3166e608ddb2a341a0270d8be9347d110f8cdf154e56e979eb98529582ee2a1f189d5fbde3d3c03fa150128d77ccfd,CLEAR,DAYLIGHT,DRY,DRIVING SKILLS/KNOWLEDGE/EXPERIENCE,3.0,30.333333333333332,3.0,3.0
0db5b3e30313a47aa4d53ddde8791669c3dc0ba020b23f6fe4357b9fc65679e8f1ef4707cd19077d800ff96c98cbf0486bd4cfba2ce8507339c674c5eb037b32,CLEAR,DAYLIGHT,DRY,IMPROPER OVERTAKING/PASSING,2.0,28.0,2.0,2.0
0db5c19c7ecc0c9540028be35cc0a5c52fda93d6addecd7baa3d24bf66fb1376f94fe135916ea2fdbbff2205299592238de6a18e037fc631144ea7db054fc854,CLEAR,DAYLIGHT,DRY,FAILING TO YIELD RIGHT-OF-WAY,2.0,32.0,2.0,2.0
0db5cc5d4a0f4f8657ec466ccd714ff44e7f0cec1af3c5e32bc634e7d5eb0a1a3d74f2b4d885d0ace3c45f890e2bec0b3336254acaa3b9c3d8b0c640dec0e9c4,CLEAR,DAYLIGHT,DRY,FOLLOWING TOO CLOSELY,2.0,37.5,2.0,2.0