crash_record_id,weather_condition,lighting_condition,roadway_surface_cond,prim_contributory_cause,total_vehicles,avg_driver_age,total_people,total_injured
0db5ec6e84dce6f1a84ac25073a8960b1e21b065755078f00f12c23aaa73a38801e1a7c54f943f5c82b877bffccdd81c20086e4bfab53bee33947c5444a8f504,CLEAR,"DARKNESS, LIGHTED ROAD",DRY,IMPROPER TURNING/NO SIGNAL,2.0,27.0,2.0,2.0
0db5f469d5212b6f83378da9efff95277a8d6cf64fb2828cfae72348a284d1785cbbfbaa1a58a8014f5ae4a97a81793328b2da3bdc08d9e2b99d8a710f0c5b4a,RAIN,DAYLIGHT,WET,EQUIPMENT - VEHICLE CONDITION,2.0,38.0,2.0,2.0
0db5f5bd2b3e0614c5f9e6be62578a56ba6dc6c6753f1661907d4baf581de6e86dfd0874e317e050478fe05fd5e4309af781d8074feecd90647d92e894541645,CLEAR,"DARKNESS, LIGHTED ROAD",WET,IMPROPER OVERTAKING/PASSING,3.0,23.0,2.0,2.0
0db63a3c144a52019dfa58445727f5d9ca238297e6278e9726ad9e86569bf4ae3c44ab9c4a77f0ea458b96f3d6b82e1a6dd108aadd72b3e20a11dacfd218a68e,CLEAR,DAYLIGHT,DRY,FOLLOWING TOO CLOSELY,2.0,52.0,2.0,2.0
0db6424b1c6ec21864e0e5f61ebfb8b1a192970accc3f2572ef37c81600b21f69a66bca36ff712e0ce7ad7c65b47ff049fd1bad0e485eb2c118a1086d9bdc8fe,CLEAR,DAYLIGHT,DRY,DISREGARDING TRAFFIC SIGNALS,2.0,40.5,2.0,2.0
0db66539dc75686a577ca0706aad136da13144d29487f6cea21d94b49959bae3ab2cd7ca6a3c1c1a43b211656acb3fb3e5513d3efff96b0cd3a9a031e903ff3e,CLEAR,DAYLIGHT,DRY,IMPROPER TURNING/NO SIGNAL,2.0,27.0,4.0,4.0
0db66f0b4dc2477a078e153527647e523cea594d9160fdc31336966a13598e3c018b30e78efefc266b37c1349dcbff3c17a24d445cb8bf9d604b6942c2996871,CLEAR,DAYLIGHT,DRY,FAILING TO REDUCE SPEED TO AVOID CRASH,3.0,23.0,3.0,3.0
0db672f10aac7ee0dc8e956a941fbf66723040869e8eef061ae8cbd588bd4d5e81424d857fbd21725928d86c0cfcdb78dbd0fca6e74d5d73a102e2d6863a39e1,CLEAR,"DARKNESS, LIGHTED ROAD",DRY,UNDER THE INFLUENCE OF ALCOHOL/DRUGS (USE WHEN ARREST IS EFFECTED),1.0,54.0,1.0,1.0
0db6f2c740f9c8e6b74b9936264dec0288c7d09573e5f34e81bb567cb06f12a78d303382fcf1064c921e236be7e0623ff0b51f3d52b1d392c7a0069d312ba7b4,CLEAR,DAYLIGHT,DRY,FAILING TO YIELD RIGHT-OF-WAY,2.0,53.5,2.0,2.0
0db706da34caa550e7e552b1f46cfc9f893294237dd8efc4a55250f9b0ddc435b57f20614b8bc7dd1ffa4a1c115fcad06be0ee96b9df99eb07448805b657a599,CLEAR,DAYLIGHT,DRY,FAILING TO YIELD RIGHT-OF-WAY,2.0,56.0,2.0,2.0
0db70ff9e01a236eac628354de3ce77869fd0445c1a8b23f0540b73a20229cead36824e44bb9369d469df6af248cd97ad33865fcb32b5245f1a4c21428ac1dcc,CLEAR,DAYLIGHT,DRY,IMPROPER LANE USAGE,2.0,29.5,2.0,2.0
0db72a3da5648b00e11483a8dc5430ea3d51b0a29bec48ae3b16e670eee1559bec39565ad347b26bfc75583209215be826d9fa9dc68cd5c566bec1ae425e5b61,CLEAR,DAYLIGHT,DRY,DRIVING SKILLS/KNOWLEDGE/EXPERIENCE,1.0,19.0,1.0,1.0
0db7933f7ddfad60b2fec69e687e9f0f0e77b6e7f87b5ae72defe4670571d0f8d7bf7de255a840ec63837e14a62c7737c78f7c091548835b47f256a7bdb045b9,CLEAR,DAYLIGHT,UNKNOWN,DRIVING SKILLS/KNOWLEDGE/EXPERIENCE,2.0,29.0,2.0,2.0
0db7c7a1bab23b5b37b7c3b56030892d308c33eb9b451de8a8305ebb9f6ef830418d2d201c87602b7a05281f88a7eff97e3b4482c2198a44973277206b000034,SNOW,DARKNESS,WET,FAILING TO REDUCE SPEED TO AVOID CRASH,2.0,29.5,2.0,2.0
0db7e994189937df7b23ddf93a302b539d669f621f49cdc6a616280c3ef977297f4a2c2d3dfa9e8c725983fcb833ba401828091caa5874fd757cc718860d1227,CLEAR,DAYLIGHT,DRY,DRIVING SKILLS/KNOWLEDGE/EXPERIENCE,2.0,50.0,2.0,2.0
0db7eb2df8286d049e10deb6d049977776132cdea9ebfafe99d2f61b94c14f3e3abbb5e5862289b79b2a6c722f5728f32dc233d2dee0666ab37694aac447b456,RAIN,DARKNESS,WET,FOLLOWING TOO CLOSELY,2.0,20.5,2.0,2.0
0db7fba648069e06425c3a7e5c512e4c62488068cd525ed5a5c9356f341b7d713b9678505e9737c48ad499c05b413ffea372a64861cee84566f30e4c696c0b7e,CLEAR,DAYLIGHT,DRY,FAILING TO YIELD RIGHT-OF-WAY,1.0,38.0,2.0,2.0
0db80734bc7f3832c08e23b748b43d0a4f882212cee499e56aa5737bd2e1840ab76cc6dd3d0023d9df44f70be8e6fc7a7359ba2c9632cfca618ccd85394c47a2,CLEAR,"DARKNESS, LIGHTED ROAD",DRY,FOLLOWING TOO CLOSELY,2.0,50.0,2.0,2.0
0db812af35f28af8d29ce4ade47384b83d8d20a49592ea5ae359e864ed3f7911b3a9a4f01ec8ed6f3a661b3f9bc0bee15751c0eececc60cccb89450c3db8aa83,CLEAR,DAYLIGHT,DRY,IMPROPER TURNING/NO SIGNAL,2.0,37.5,1.0,1.0
0db81d90705f0cd82e5cf89a88ee9d7e4f6cc4cf643534d849142a96cd2ad42c4676465fd8459f67479b53a06e39eac00eddf9e42df8d2c525712fbb8de7d69f,CLEAR,DAYLIGHT,DRY,IMPROPER TURNING/NO SIGNAL,2.0,31.0,2.0,2.0
0db81f16921c3843685803f9eb85c4d6b54aec893583af0e4c80e1ea672f31531e47de84367bd82a0e84cf9a807985b8d81507ed4b0fb4fca9fa539abf94e9d4,CLEAR,"DARKNESS, LIGHTED ROAD",DRY,FAILING TO REDUCE SPEED TO AVOID CRASH,3.0,32.75,5.0,5.0
0db820a7171dc4d38afc12021972add7fc528aac10ee3e6981335993b4c86ae981b653e1783a7620a09af872160b357730c3a87a6c564ff590f49bcdd93009e1,CLEAR,DAYLIGHT,DRY,IMPROPER TURNING/NO SIGNAL,2.0,37.5,3.0,3.0
0db866030f388a665cc49387d7518e32b45465afc634ba01f759db1b85bb1b38395ceca2618c496a0dc798c1a43fab1094afca442030ec459809e0fe4ae6735f,CLEAR,"DARKNESS, LIGHTED ROAD",DRY,FAILING TO REDUCE SPEED TO AVOID CRASH,5.0,43.0,1.0,1.0
0db8a073cbf77601700cd8b553214281380402ca1196deb3d862e99d919efce239f93243b0e29f552588d4e0981108429b2269c9e79991ded3e35b3f00d7e883,CLEAR,DAYLIGHT,DRY,"EVASIVE ACTION DUE TO ANIMAL, OBJECT, NONMOTORIST",3.0,37.0,1.0,1.0
0db8ce1022b584d888559a86878998343248c36627fc4e2645bec4eb49197617f8a06ac2e958d533cfd2a51d6d6d59c6238ee97205ec69a2a904cad2c29e5d31,CLEAR,"DARKNESS, LIGHTED ROAD",DRY,FAILING TO REDUCE SPEED TO AVOID CRASH,2.0,53.0,4.0,4.0
0db8d292a6f32af1bed9ad218ee606db63d705b6f3f0654c74158a12a6fd005f1a1b270299959e03c92fe78cb6d28eb15cbe338e87831cc30c885ca91c21aef3,CLEAR,DAYLIGHT,DRY,FOLLOWING TOO CLOSELY,2.0,33.5,2.0,2.0
0db8dddaed9fb080f2ce7b6cf3989cb242cf703e6ec3103170f8f69be615188fc350b3319b6b04dde7d7a8069a06a3c89c6b39396f70be4a9fd1bb1a72d90ca8,CLEAR,DAYLIGHT,DRY,FOLLOWING TOO CLOSELY,3.0,32.666666666666664,3.0,3.0
0db8e637d22b6269cc5408ec36aa3069179cb1bfc223b0ab30f33cefce024b2e28d974a007facca9dd9bd397a2cefd5412f5821748065f9eeae0c3382b27bbfd,CLEAR,DAYLIGHT,DRY,IMPROPER OVERTAKING/PASSING,2.0,32.0,2.0,2.0
0db8f3e210cea4bdfb6a826fdcbe1bb5a058444629a52af079a819182b9222c4af1d4eafc75a65de195aa19547e18c0aa2f450b658d180b1bff9b7bdcfb4da85,CLEAR,"DARKNESS, LIGHTED ROAD",DRY,FOLLOWING TOO CLOSELY,3.0,39.0,3.0,3.0
0db91a21403913f9724a94973845da9430978939fba2cedfb69d34faeedb6a49ddb9718fbdbfe6b9d1456c4b4cf57be724cf1ec61d23459dd59ac27285e5f859,CLEAR,DAYLIGHT,DRY,IMPROPER OVERTAKING/PASSING,2.0,40.0,2.0,2.0
0db93c8e7ee165e1e051825ee8482eff978f2276e397bf5f9314e55cff87a8924bc68a8f3790e1bc691a71226bad4c818669f2c4564b1b6d18b29cc00f5864bb,CLEAR,DAYLIGHT,DRY,FOLLOWING TOO CLOSELY,2.0,43.5,2.0,2.0
0db93e79787e924e0f0edf9bff93d1d64695e224d8b4621b99c5426dfdea5eccf04d741eb86fd4fbccf433e3564f327b3486c22516d665a9449069fa3c93255c,CLEAR,DAYLIGHT,DRY,IMPROPER BACKING,2.0,18.0,1.0,1.0
0db9523694480417bcbc1ac0f1a1352d123d9a9a06a390d6cfadfa4097a41c5e268e84e402b0cbc9caa2404d761b443940a2811e1c5fb6358f855d12adc31907,CLEAR,DAYLIGHT,DRY,IMPROPER BACKING,2.0,37.5,2.0,2.0
0db95ac5119bb5a14ca4b5113ae7bf9638b809fae58b22db63aa6027a0df636b322ef496de0e258d51a5a9bc9e8205a6f1856ddc6e1cf5b0100da038839d5f29,CLEAR,DAYLIGHT,DRY,FOLLOWING TOO CLOSELY,2.0,77.0,2.0,2.0
0db974e5e4cf16c2ff93eb65fa089165407b0f7a88da7315e6bfaec3b267f8adc2a3ec5dd8d3b4e9b7156b11075217775665f75a94c8a5d81d7c223d1956a664,CLEAR,DAYLIGHT,DRY,IMPROPER OVERTAKING/PASSING,2.0,23.5,2.0,2.0
0db980e5db764d1fb6a727540257cd9d6cd78e8b0a20a5fb8132ed978bca051a924db22a50d13f68028a25e96b2e9e8d66bf265b2266581d9b3cd267e3620ee3,CLEAR,"DARKNESS, LIGHTED ROAD",DRY,DISREGARDING TRAFFIC SIGNALS,2.0,19.142857142857142,7.0,7.0
0db991c25916e9f34e25a41c46b63bbc2b0105265c7dc16583ebfc26317de5145066ff1285f0702f404c0ca9a0ca72f7d7c4c79ab1af77da7f0b347f593cfe63,CLEAR,DAYLIGHT,DRY,IMPROPER OVERTAKING/PASSING,2.0,22.5,2.0,2.0
0db9b8720ffdaceb300ba203bac3b780a0ec2936044eaedd35fd70a98f7b7de30c13fed25670d122a16956aeee909760ba0b60257535b7a67a9c0e4d8d7a6805,CLEAR,DAYLIGHT,DRY,FAILING TO YIELD RIGHT-OF-WAY,2.0,59.5,4.0,4.0
0db9e65a8ee56299b3ab13ac798ac1e85019357bcfe0a16abec31ef659904271fb10a487faa5177b7e8671b18ff5240827b1f3732eed8e3514d76d38b3029576,CLEAR,DAYLIGHT,DRY,FAILING TO YIELD RIGHT-OF-WAY,2.0,25.0,3.0,3.0
0dba2102252d095164f0260e544f6630d92f5fddb95123b081192c1ad5e44e6a3322428470bd01072ff2c2d746052d5e85c5f9abdac9aec5a74a9f91107a1e35,CLEAR,DAYLIGHT,DRY,"OPERATING VEHICLE IN ERRATIC, RECKLESS, CARELESS, NEGLIGENT OR AGGRESSIVE MANNER",5.0,47.166666666666664,7.0,7.0
0dba21946c2f3b6a285bfd1c81de886ac63b235f3af2a0917e7ba9414ce167dc7a99df3451eccf0f7f6ddccd752235961f844666196c812104fa7e00bccf0d70,RAIN,"DARKNESS, LIGHTED ROAD",WET,DISREGARDING TRAFFIC SIGNALS,1.0,12.0,2.0,2.0
0dba2f8693e1ee5ae8877126bf8fb17c28ade2b7e8fe2275d86150ba010d79caff5fb0f085fa8c1a50aefef9f59895cb54e472f57253484881b0f13d8d277a02,RAIN,"DARKNESS, LIGHTED ROAD",WET,IMPROPER LANE USAGE,3.0,35.0,3.0,3.0
0dba40317f930b9f87f0a57f8cf6c5d08915fb79562d954c202a0fa674a2aa905115614fc7710308ad66b5a09f6824a8b0aa20cb6825d0f17645ca7544c16753,CLEAR,DAYLIGHT,DRY,FAILING TO YIELD RIGHT-OF-WAY,2.0,34.0,2.0,2.0
0dba75d1f981277ab8d8ee7cab32e82d19795f4734572d7bff356945787047d2d968f9632e9076ba2eb141b30f1a0fe3629b8b48467a707bf2574b092d8d911c,CLEAR,DAYLIGHT,DRY,IMPROPER OVERTAKING/PASSING,2.0,37.5,1.0,1.0
0dbacc67c55d1b5df71e94cf3034641e7851e2a7be8d5c244632e16f51017ab2fe8518df9147245a946d02dfc2a7488ad1a70539def195c4f1a03793a75eb4c1,CLEAR,DAYLIGHT,DRY,IMPROPER OVERTAKING/PASSING,2.0,42.5,2.0,2.0
0dbade7e5226f282639e28ac0428ffe50afde68ba69a65a649ebfa0d68c58a23b5e7cf3ddbba11dceccaea233d1d3f0caef15bd14916a39cfd01409468c67ad0,CLEAR,DAYLIGHT,DRY,FAILING TO YIELD RIGHT-OF-WAY,2.0,29.0,2.0,2.0
0dbafc55c0a98ee5bf97178bdd94ed9564731e419c8939eb34a1b9ddff7268e87d9a895eb90a21e028f28a126b86a6711f231ee095fb77b698d7f351c07fb7b2,CLEAR,DAYLIGHT,DRY,FAILING TO REDUCE SPEED TO AVOID CRASH,3.0,27.333333333333332,5.0,5.0
0dbb24bef27caed1f330c301dd91a897774108c6182dc427285fc2d37c18d56c03d5f813d3698e1510f55c3fa7f8055c1ffda05c31eef33e77a89b0acdabe044,CLEAR,DAYLIGHT,DRY,FAILING TO REDUCE SPEED TO AVOID CRASH,2.0,27.0,2.0,2.0
0dbb802639843a1d4eafa3f5deb84f4e65756ee3a854af2b1c9f424614afbdf368cfc75460ca3a4f6b0b1ea6d64a8fab5926879b8c012c887134793ac43fd6b5,CLEAR,"DARKNESS, LIGHTED ROAD",DRY,DRIVING SKILLS/KNOWLEDGE/EXPERIENCE,2.0,42.0,2.0,2.0
0dbb89d37aeb559665ade28a16e9539350423631be36b831adadf980dae3726de63a4edf146e6b5a98ac76414cfb34ef5ff0a53ab1ca432f8685ab2a0b297471,RAIN,DAYLIGHT,WET,FAILING TO YIELD RIGHT-OF-WAY,2.0,59.5,2.0,2.0
0dbbc287fad3ae043574f15c224d46bd9a991416c6e125a5f0c676fe0f28ff55d960e6f8a67570ccfbf18c45b2c9732f4b5cc79eef739218e196cae98b10602f,CLEAR,DAWN,DRY,FOLLOWING TOO CLOSELY,2.0,24.0,3.0,3.0
0dbbcc2f95595c6c53c3b4091ea02cae3c10fa8b1180188eed39caa6b004a20df2085ef14311be23193d40a8652d07da4e2b4282cba8590b311eb01634d86721,CLEAR,DAYLIGHT,DRY,IMPROPER TURNING/NO SIGNAL,2.0,55.0,2.0,2.0
0dbbcdd0d41461984ad752b20081c1a4ef84b004a2ea78ff2d1141473f937f5fa9d9165772d7b9bd73d1413880fda5782862735d5143f3668bab04af8335b1d9,SNOW,DAYLIGHT,SNOW OR SLUSH,FAILING TO REDUCE SPEED TO AVOID CRASH,2.0,67.0,2.0,2.0
0dbbce7e25ed00ad76d36cc3bd360e145027362ab3005e2da9abd60ee48adb0f1c9ce9a499175d3335d2acb1bc9bfec86669b3df7a7465a6c8bc330eef548d4c,CLEAR,DAYLIGHT,DRY,IMPROPER BACKING,2.0,28.0,2.0,2.0
0dbbe62841138d1d0496869a3e7edc404ed98d98dcd09b4356ec9dba67b576ec1196203c9ba2155da3a4e1c9a171bcf32c7c25d4fbf6aa8839eb5d6d06a87729,RAIN,"DARKNESS, LIGHTED ROAD",WET,IMPROPER LANE USAGE,3.0,35.75,4.0,4.0
0dbbf21d7e5a4ab07fdd3b38431752b7fd1ff1324cdf142a92772c4e2dac1d4c42fd0daf296b95c71800f5f5d81550ab293f0d0489f384b8fba71f4b1f5603e8,CLEAR,DAYLIGHT,DRY,FOLLOWING TOO CLOSELY,2.0,65.0,2.0,2.0
0dbbf67ff88376f61175e66082c5b5378ad1e3e9aabbaba6357ef11ef79610cb716b30f42876518ca0a19017a364943fb2c5633e46b861a713fcfbcb2389a261,CLEAR,DAYLIGHT,DRY,IMPROPER OVERTAKING/PASSING,2.0,40.5,2.0,2.0
0dbc0a21f1f532dae50790841fdf927119b1b9c357129e1a4c20ef08f882ec6865b56bf31881791568ec95b4be029730db768e14e2b344e32467ab05f804a128,CLEAR,DUSK,DRY,FAILING TO YIELD RIGHT-OF-WAY,2.0,37.5,5.0,5.0
0dbc7249e3adf84536006394c7ff5a7dcd8bb9ea677fa98de67d07f32f846604a01d8d511c19a1096e72751bbc8c7eda2cc276398dc6e97f4fe5ef0f79351c17,CLEAR,"DARKNESS, LIGHTED ROAD",DRY,FAILING TO YIELD RIGHT-OF-WAY,2.0,27.0,3.0,3.0
0dbc9138059851c0da01a9f549d5db6a331f732a18adc6445c98b1469d9658ffcca0819a33db0139d89368013270b0748e122c4fabc654c8b8a4e1ecca979833,CLEAR,"DARKNESS, LIGHTED ROAD",DRY,IMPROPER OVERTAKING/PASSING,2.0,43.5,2.0,2.0
0dbca46121ab42447866a10b471ca82a5583f8152fbf66d553ba57fea51341e4689129356e8696575444dc58aa1a583f9f864d895d213328c8e68231ea43dbdb,CLEAR,DAYLIGHT,DRY,IMPROPER OVERTAKING/PASSING,2.0,34.0,2.0,2.0
0dbcb022fb892f1719e81f9e97899cc70ede329206e720adca8dc568afc35c69b68f7b6a22bbf8212ba8148cd2cbc6fe964a30260a362db7be09300557e652f7,RAIN,DAYLIGHT,WET,ANIMAL,1.0,37.5,1.0,1.0
0dbce3b79b42b234c2014cbbcc6102a92569471bacbf49b4012dd14b1567c7ab997bbf93d53aee497c4805a62cd5f1ea641010ab3e013c5380a18d6b7561aa84,CLEAR,DAYLIGHT,DRY,"EVASIVE ACTION DUE TO ANIMAL, OBJECT, NONMOTORIST",1.0,37.0,1.0,1.0
0dbd049b93a299e5cdb4733a07ce4b0a80820cc39d70dc4453e02441dc555f3d6634dfcb08fdc5e776318fc55fe21319589f91326c1968f4405aa78d201498c3,FOG/SMOKE/HAZE,"DARKNESS, LIGHTED ROAD",DRY,FOLLOWING TOO CLOSELY,3.0,32.0,3.0,3.0
0dbd45858e86dfcb1369cb488821a3079d3bb324ac62c6a6ae3ae6e109e849487b5addeb84eedd5274bed4221796e9f20d7057603f7096573ee9b898c6803cdf,CLEAR,DAYLIGHT,DRY,FOLLOWING TOO CLOSELY,2.0,51.0,2.0,2.0
0dbd5b950dab030c008368c74f43de47eb0017b68f454b4f3e264a93bf5465ecad09b6e3a4f435fbd8e241b947f4887e138f92af4d6ef9cea79e766f20bc9f46,UNKNOWN,UNKNOWN,UNKNOWN,IMPROPER OVERTAKING/PASSING,2.0,38.5,2.0,2.0
0dbd7bb7653ad3a012b72494d2f91343a6fe57f981619babaa53a634a21480916a60e6a9e0d236d63fab7df42a533ca1f2c9955ccf10b05e939a323f04ac968e,CLEAR,DAYLIGHT,DRY,IMPROPER BACKING,2.0,51.5,2.0,2.0
0dbd89738855a681895e0cbb05df626d618ee92a8e6ba5c461503b21f170ef1db17876dcb6ad1797613c4258c7189bd643b0d5ab990d0a4542d858b40bf86997,CLEAR,DAYLIGHT,DRY,FAILING TO REDUCE SPEED TO AVOID CRASH,2.0,46.0,2.0,2.0
0dbd9a85e92b65b0e3c5f0719d725030ad420f78b2910eb3ad041f4086de28ce91a5ae54f162499499de614a6ba2a06533c2fc501018e23e281e59226fc2281a,CLEAR,DAYLIGHT,DRY,IMPROPER OVERTAKING/PASSING,2.0,23.0,2.0,2.0
0dbda5079f56378c221c3bdbe78c09321d85e9dba05966dbe904f1b5ded810cb6fddbdfdfe58a7f23b045b792bf10f1058ab679ddea596234b4ec92f25f839e2,UNKNOWN,"DARKNESS, LIGHTED ROAD",UNKNOWN,FOLLOWING TOO CLOSELY,2.0,45.0,1.0,1.0
0dbdb12747c5c01e2d0a6d925b6bacd86169281114ce1e8778eeb03d9c652fe38331cbcfbe8e214b61cdba74bdab7e7841d5bcb93cb0aad7a9debc917227c25e,CLEAR,DAYLIGHT,DRY,FOLLOWING TOO CLOSELY,2.0,27.0,1.0,1.0
0dbdb19e35738a48472710d9eb42033931f55fc123375f1ad0d653edd4871ffba707f4a423c7de580b606eb32b2c530de96550835563c1155cb90ed6c352fb51,CLEAR,"DARKNESS, LIGHTED ROAD",DRY,FOLLOWING TOO CLOSELY,2.0,43.0,4.0,4.0
0dbdb29b71e90ba2d443f7a619276667b70a9fa161facb20620a30eb2d310187d439e13712564c43eed6ae8de6a292b1ca987deeca365fb55b391c7066a7d5cc,OTHER,DAYLIGHT,WET,IMPROPER OVERTAKING/PASSING,2.0,26.0,2.0,2.0
0dbdb3226a6abeeb51cb0bdc4830b5da29c2528d537e209b9770e6aeee8679f12a923a2786cc7e3e032a35f8ed5912a33e09b7d4c43735ef427a4fbf15fa5b0a,CLEAR,DAYLIGHT,DRY,FOLLOWING TOO CLOSELY,2.0,70.5,3.0,3.0
0dbdba565a87783e4cc4ce98bc7a085e46814f7d2b83268f729c1e09ecbe90c9384a8ca034d3fd2c54eabd63301284aa3d44202be28b692b524f54dc30e7d42b,CLEAR,"DARKNESS, LIGHTED ROAD",DRY,FOLLOWING TOO CLOSELY,2.0,32.0,3.0,3.0
0dbddd756e6ced6c16ab4136469a100096ab90029865727c0cb2fb9dd4e9862d3ad777958d1261b10f314bcafa0bcd7ba06f4b98fe27fc4b9568837787c2f372,CLEAR,DAYLIGHT,DRY,FAILING TO YIELD RIGHT-OF-WAY,2.0,42.0,2.0,2.0
0dbdf4493d1e977f03e405a9af9e76bbf6c9c85ae78302357508cfc0165f8789a897256993b9c74139e3ae839849881cfa7cf79fff30c1ae7021e40dd4b504fd,RAIN,"DARKNESS, LIGHTED ROAD",WET,UNDER THE INFLUENCE OF ALCOHOL/DRUGS (USE WHEN ARREST IS EFFECTED),1.0,31.0,1.0,1.0
0dbe3b0d4bc5b79ac54562aab3c03084808dcbff099c72d0e11d77c5eab134b05023e0fd4570b89d4eb9cb3831b6b2172a406afd60fc2aa610057e2807f64b42,CLEAR,DAYLIGHT,DRY,FAILING TO YIELD RIGHT-OF-WAY,2.0,33.0,2.0,2.0
0dbe4d90c46805d6d05dc68765eac2926eae2ddea480219053d7c919c321b6c5eab94dd24b19bc77423275947e362cfc40a6a6a9ece952ca3d222c2e4d7deff2,RAIN,"DARKNESS, LIGHTED ROAD",WET,FAILING TO YIELD RIGHT-OF-WAY,2.0,54.333333333333336,3.0,3.0
0dbe5e070094939574f23a9701bae47b98afb71a22fd427c1c9e7396015c2f4f3d74ce4fde740fa5b2df28592229986191c348d1fce2c53640ffca8491c4c056,SNOW,DAYLIGHT,WET,FAILING TO YIELD RIGHT-OF-WAY,2.0,36.5,2.0,2.0
0dbe930e08b238b1c34778bce6764d09009b083b21878ca20aea67a49f68494f634d691024e41c06c6287aa1f6644ce039a4c4998f9dfa5a56c793e52a3a96c4,CLEAR,"DARKNESS, LIGHTED ROAD",DRY,IMPROPER OVERTAKING/PASSING,2.0,40.5,2.0,2.0
0dbe9f24f799e9e0fcb555b664dd1f74ebdf5886d925a7bf6e31861ec36993fbf672821161e1f61c6423cc1555b6d308896baea23f0be6d81fb16a3cfcbead19,CLEAR,DARKNESS,DRY,FAILING TO YIELD RIGHT-OF-WAY,3.0,42.2,5.0,5.0
0dbea07ea2f39be3834fff6a9ed63a8d68e1051c33cbd3f233f28cc98a561b8e2ff7aa4b157bdf318b492d8321410d4c658241ce0e21332eebdf9b9c71fe9d34,CLEAR,DAYLIGHT,DRY,IMPROPER OVERTAKING/PASSING,2.0,57.0,2.0,2.0
0dbeb0e1c0116a3a21e947a0aff67e2a8310e7562616ae68e3abc03297618d6ea5cfb1c96485871876aaf9fa512b0e7638cb228f10c486d89fd04f38b96b5567,CLEAR,DAYLIGHT,DRY,IMPROPER BACKING,2.0,37.5,1.0,1.0
0dbeb34bc60c30018a0b8a5301933d659722e61da9ebf5e8ee49d57f7f614750c6e196332d906470b77507f07afe557fba4bc137379c2355a3d6d828bae5454e,CLEAR,DAYLIGHT,DRY,IMPROPER OVERTAKING/PASSING,2.0,27.5,3.0,3.0
0dbedb3aac1f2386b364bcf174aa023c7909da1af674796e75b58e54f152fab6a9c85b8b6e6cd81765416ed66ffc498ce441a19dbf39f9fb9fb877411e6a9081,CLEAR,DAYLIGHT,DRY,DRIVING SKILLS/KNOWLEDGE/EXPERIENCE,2.0,26.333333333333332,3.0,3.0
0dbf0d3c69ebdfb0864c19b8b736de10c86c9d4dd4471db5da6142fe3a19b5246c9afc4a2c2f75295996e95f5216fd7eef5750a5b47de37576dca02aac319ccb,CLEAR,DAYLIGHT,DRY,FOLLOWING TOO CLOSELY,2.0,75.0,2.0,2.0
0dbf20a6eaae608923a62efe0da7e311a1571fc503c43573730852756b07591e0e32b0f13807628dfdc1503c5bf4cdc70dfbd7d935cde18d5f3a982935c121f9,CLEAR,DAYLIGHT,DRY,FAILING TO YIELD RIGHT-OF-WAY,2.0,34.333333333333336,3.0,3.0
0dbf2744a007d53cbafa8d7fa4326708aa4a4990e0074bec519d663bf15414feaff48ed4fa4e2cea370179c99826793bbff31d0d964bd980e4487d70b78c23bc,CLEAR,DAYLIGHT,DRY,FAILING TO YIELD RIGHT-OF-WAY,2.0,46.0,2.0,2.0
0dbf3a46c3cdf88a710d042a88aa6651e8dc8fb7902bec28da378e7333c190cad80135a6be39043513e43497f35f7353b5572142562a50280f85d6e784c7504a,CLEAR,DARKNESS,DRY,FAILING TO REDUCE SPEED TO AVOID CRASH,2.0,44.0,2.0,2.0
0dbf3b19c362f16dbc508fb71445ba9e047098d9b64f87183b751ce4fe5866deeaa10117946d9538fdc84e314f9232f087182b475619d1d42d52e6492ac11ddc,CLEAR,DUSK,WET,FAILING TO YIELD RIGHT-OF-WAY,2.0,28.0,2.0,2.0
0dbf52af51f0f6049a35f03ab6c4d5737e0f9ae7b19d382073573c1afc297f8800a0e6520cf4334555907dfb56a5a9ca2accfafaac6876cc56283eb83cd4f389,CLEAR,DAYLIGHT,DRY,FOLLOWING TOO CLOSELY,2.0,32.0,2.0,2.0
0dbf556d8aeef650ec11974c12129349d0d4726d77564672a706f0c78dac2c4303256976273e48b066cdbe45e7b6a16cc3b2dabd0c15a258313f400b6a984bf0,CLEAR,DAYLIGHT,DRY,FAILING TO YIELD RIGHT-OF-WAY,2.0,45.5,2.0,2.0
0dbf58f4b1823d9582262a26bc9263b05cda08f0873d73400261a4ec07328acf495c5420a3af5e34249194483a8b2fe27183373396ba4c09e7ad5e535ea7f373,CLEAR,DAYLIGHT,UNKNOWN,FOLLOWING TOO CLOSELY,2.0,33.5,2.0,2.0
0dbf603420a733f92e35b60631e0658604e2bb0c545de6aee1d7c24360885678e46ddcc4bf52f5bdd507cf19179c22ec20dc8438cd539edca1584e27f00de1aa,CLEAR,DAYLIGHT,DRY,FAILING TO YIELD RIGHT-OF-WAY,2.0,56.5,2.0,2.0
0dbfae5503198dfaac6f12cd41ab308e8eabb81d490a1b9a6221df878f541d2eaabdf856b07f16338998bf27f432aa26e79ae56e5b425c605eb8d6871bd07451,CLEAR,"DARKNESS, LIGHTED ROAD",DRY,FAILING TO REDUCE SPEED TO AVOID CRASH,4.0,15.5,3.0,3.0
0dbfb6bbf0b1f6b70890b02689f810d04c93b50782a85fef0c979185f3bee11605219fd3a36b649b1b2aa66cf832ae2b37235f5f43013181c72438eb6dd6ebfc,CLEAR,DAYLIGHT,DRY,IMPROPER LANE USAGE,2.0,50.0,2.0,2.0