crash_record_id,weather_condition,lighting_condition,roadway_surface_cond,prim_contributory_cause,total_vehicles,avg_driver_age,total_people,total_injured
0dbfbfe5cfbea3d3261d894ed22a837862f48da167b421c4b72e86bb880340bb817450933b7ea207e442ef73a14e5da7bf59aa65a46fae06914551fe7679ad2c,CLEAR,DAYLIGHT,DRY,IMPROPER TURNING/NO SIGNAL,2.0,67.66666666666667,4.0,4.0
0dbfc9b0ecc876d40524ff16cd181e799a22c234424c21935c4d117e2e08b4d00e774ec7500423580c46ee96555b38853096d6b0a309c78fa8bb7927de429230,CLEAR,"DARKNESS, LIGHTED ROAD",DRY,"OPERATING VEHICLE IN ERRATIC, RECKLESS, CARELESS, NEGLIGENT OR AGGRESSIVE MANNER",2.0,38.6,5.0,5.0
0dbfca7c9260b4190c9036ed671fc924deea0691800fad433055a203b911474fe851f9e119ba3726676d1b0fd38652f99a495a34e54bc4a745b9c30994a80807,CLEAR,DAYLIGHT,DRY,IMPROPER OVERTAKING/PASSING,2.0,37.5,1.0,1.0
0dc01d9f48131ee3f16247f5eb863016e83dbaa42c567776a6f256070af1dbfb71911dfd8e0417a98a83b4d595ec835acfcc96c85e8f405973de8a70890871f9,UNKNOWN,"DARKNESS, LIGHTED ROAD",UNKNOWN,FAILING TO REDUCE SPEED TO AVOID CRASH,2.0,42.0,2.0,2.0
0dc02eb020cbcceb01d943052102d411a4dbf7e1b66b5b7f2bfe1ca65ba40b2f5522dfbc0d04a6805f99dbf9abf00f2f089dbe5092b9d45c87a90c009e1e929f,CLEAR,DAYLIGHT,DRY,FAILING TO YIELD RIGHT-OF-WAY,2.0,36.0,2.0,2.0
0dc057c3255ab6a7a8d5bffdc6f3c0ac6a1aa2ddecde9f1401862e37c45e7623bd353544dff3638e86a11d9386c2c7a3e6ce4077461eb9a86b19d795b7f51179,CLEAR,"DARKNESS, LIGHTED ROAD",DRY,FOLLOWING TOO CLOSELY,3.0,29.5,4.0,4.0
0dc0636500ef67bfd72921f01998d666fe812bf4457256d66c87c14916a6b74b9dbf080e9f938471573b32a20ba8d1aaea685ddea050c2bec64bd4894ee167d0,CLEAR,DAYLIGHT,DRY,RELATED TO BUS STOP,2.0,62.0,2.0,2.0
0dc09757695c4a7022bf0b7adcba01779ac11f34d4eaa65a55c58ed3c8df83ace92b127b484f03824ae4b42629883b437fa83e50278a00aecca4e78519a9b315,CLEAR,"DARKNESS, LIGHTED ROAD",DRY,IMPROPER LANE USAGE,2.0,52.5,2.0,2.0
0dc0a3e3ddf78af65b9fbecb1fcf15ad33514a5e6907f3c16754b8e44bf6076df584c0784880d91508e87f7b1ac8126d0c5483b05e9548721e499604d3b5f9d1,CLEAR,"DARKNESS, LIGHTED ROAD",DRY,FOLLOWING TOO CLOSELY,2.0,24.0,2.0,2.0
0dc0aee8d7791f1e914975fa0b4bd6b6d2527a011847332bca1ae733149535fd6a2504b3f28558ac9a54aaa6902df9481b05dcef3d24877f19ef14162899f177,CLEAR,DAYLIGHT,WET,FAILING TO YIELD RIGHT-OF-WAY,2.0,26.0,2.0,2.0
0dc0b1815b6d2e5e1e827e5cb810145f2ef321c5f160ec7ed0e0c47466e26172555eb289515270fdb9509165202a836d4a61fd459f7e13d5bf0147b08dbf268d,CLEAR,DAYLIGHT,DRY,FAILING TO YIELD RIGHT-OF-WAY,2.0,26.0,3.0,3.0
0dc0b2328c3a4da66b1e18d6705df9b2e81294a718085225a6de72fa3287db4e4e48406261c37988c582cc42e36e00a7d578bc76bb69a5b7321dc30b173707b4,CLEAR,DUSK,WET,FOLLOWING TOO CLOSELY,2.0,47.0,5.0,5.0
0dc0ca52ac1c8ebd5184de34f1b3be0cf8e41bac85153bc570a0bc4a09480bfcc50655fbf34f3ec8bbf80286de32b7733694aad5276b6de6e2e2b9378da530d9,CLEAR,DAYLIGHT,ICE,WEATHER,3.0,41.0,3.0,3.0
0dc0da1ba73304668eb7686c375e544722fba558b29484cceece3fd63852640c827ec275952fd89902d9044486379c0cb269b014f145508b9244fcc7887b3527,CLEAR,DAYLIGHT,DRY,IMPROPER TURNING/NO SIGNAL,2.0,0.0,2.0,2.0
0dc0fb21be116969f5ec81a5dfeaaf20206f3fa0487f016461fb1ea458aca4cdadab1c1f68c0851c47c13d57f1ba00b3e951125ae6d2299d23c6217f5af4b1cd,CLEAR,DAYLIGHT,DRY,FOLLOWING TOO CLOSELY,2.0,47.666666666666664,4.0,4.0
0dc164ebaaa1965a8192cd008360685411c27d659d3ec474e865d29f3d2142c98a0ba9a4e56fa309942b85c5a0b22d75a0dc64ca5610835dea26b95ecc3ad1b9,CLEAR,"DARKNESS, LIGHTED ROAD",DRY,FAILING TO REDUCE SPEED TO AVOID CRASH,2.0,27.0,4.0,4.0
0dc18a3a95d15cd6febd6bc2bc8c11b52afeef730e14af8cdcc067d876efe4e8c8128c0749fcf933e2336e1281976794ac227876b06fe6a47410950e016df829,CLEAR,"DARKNESS, LIGHTED ROAD",DRY,FAILING TO YIELD RIGHT-OF-WAY,2.0,38.0,2.0,2.0
0dc18baffcbfe29bdd275c0e91ae673f9ec9dac215537dabff3287be9763b5eff0747a343c300fc8043bebdcd0c1e3319936792063d28ef208e91ec5f82cdb78,CLEAR,DUSK,DRY,IMPROPER LANE USAGE,2.0,67.0,2.0,2.0
0dc191a4d642c8c2ac0e05eba4abd09efa97949ef46efbf36a40be08b6327cec3846d6476cd8bd69fff9b25d8118eeb987ccfc9a38cba3a97e6df4da9fedcaee,RAIN,DAYLIGHT,WET,FOLLOWING TOO CLOSELY,3.0,37.5,3.0,3.0
0dc192fe1f9980cd1c7bb99de125728e173f2f2662cf88669a6fe861cbce040120644408398018e9ef81697052506e17faf20a10a101596be0409219f9d9fcb4,SNOW,DAYLIGHT,WET,DISTRACTION - FROM OUTSIDE VEHICLE,2.0,23.5,3.0,3.0
0dc19e9af6a1c46315e3396c8e342f241f1d56c3873da05a471e81d998b7ad54debb5c35c10211ef759d0e87c6d721bed7d57eea58227e54b6c9333742f9cad7,RAIN,"DARKNESS, LIGHTED ROAD",WET,DRIVING SKILLS/KNOWLEDGE/EXPERIENCE,2.0,37.5,1.0,1.0
0dc1acebfd9d4747cb81f936aeb70140df6b2b5a18188cf318ddc93fc5206e00445c988abc4136a650834233c897c0c3601ca8eaed1a3cb9a2068345489a356c,CLEAR,"DARKNESS, LIGHTED ROAD",DRY,IMPROPER OVERTAKING/PASSING,2.0,37.5,2.0,2.0
0dc20193f54d5b53870353c5b3112634d24285b2153ca0a92707443071ae8f23d22319a2c4ad3f27ceb54a54cf6c6cf271f0e30f526cb56cf1a4f10d0fa474b4,RAIN,DAYLIGHT,WET,FAILING TO YIELD RIGHT-OF-WAY,2.0,37.5,5.0,5.0
0dc26ccaf950d6ce281ee8d947dab5a32a7bb64d55f55f3217bc397662610726f2da21152e2c768782155c2badf620089974ce88d49a37c010ea1d21decc2e15,CLEAR,UNKNOWN,DRY,FAILING TO REDUCE SPEED TO AVOID CRASH,2.0,37.5,1.0,1.0
0dc2804cf9bc9100d2c0f832ceff0a837cadcf12dd14257914bfc51b6d91d6d9eb7c8e590bb83043cd2b88a27eaf8cec52c094e4b4554461da89f05455bf8f6a,CLEAR,DAYLIGHT,DRY,IMPROPER OVERTAKING/PASSING,2.0,40.0,3.0,3.0
0dc28b9460d8060e0f9ccfd2ac608c376404941617ce01e5b6e61440358f1b19cd972b0043e6e9d3161dc9ae16ebce65eb13f4ab290cea85c15619a38f50bae3,RAIN,"DARKNESS, LIGHTED ROAD",WET,FAILING TO REDUCE SPEED TO AVOID CRASH,1.0,27.5,2.0,2.0
0dc29b6f2f08097b5f2d808de930a1c5b4616974901cb769a0505330cf0a80de80aae869ce99d393ef619df94f48f8bb07753ec7d0ff9bf5652d13decc633ce9,CLEAR,DAYLIGHT,DRY,FAILING TO YIELD RIGHT-OF-WAY,2.0,63.0,2.0,2.0
0dc2d59225920e328b2b71bd29df27a3ab70f11d50615c4973d2c56f9792327ac86d2bd359c54205756a7d0ab4fefa97f6f4e914e3771793b7e79b824666e119,RAIN,DARKNESS,WET,WEATHER,1.0,32.0,2.0,2.0
0dc2fa296ee79d03dbf121b524b8e9f1bd415cd4fba65f9bd0434123ee8536940d194035837bc711b49779766d0f5d5838196bc3aa2ec8465264613fa8ed0293,CLEAR,DAYLIGHT,WET,FAILING TO REDUCE SPEED TO AVOID CRASH,2.0,59.666666666666664,3.0,3.0
0dc33b4522a072e7d3d835568621c49e009297bd7d53c4336d658ba68c7953fd28c910fd541aeadab63480d86da126df06583dbe3b8470d71ead164dd0b70ff2,CLEAR,DAYLIGHT,DRY,IMPROPER OVERTAKING/PASSING,2.0,24.0,3.0,3.0
0dc3663a1d90cb0f5d2bee4e73b4883e555680387fa0251fdf6f8e0eb5f1d08d76947aac258b57eaaabf56d6bb9187db494c7a8f57745ab1866a684ccd3caf63,CLEAR,"DARKNESS, LIGHTED ROAD",DRY,FAILING TO YIELD RIGHT-OF-WAY,2.0,35.5,3.0,3.0
0dc3779fe78ab242b89c31afea2a76c5d55666dff581cc7c7420bd0f3df7babeab96ac3c4f0f14643a6b67d1ced22ad3e5c588d499b7931a0f2b7d17ecc4e07f,CLEAR,DAYLIGHT,DRY,FAILING TO YIELD RIGHT-OF-WAY,2.0,71.0,2.0,2.0
0dc393118bffb7985b8bafb10de8ed3a0ad0f93b467a51c0ef6bab14669fd7fcbe324a2d0e201382c8e854a1723229b058f6d18904fa425281af5505a5c1514a,CLEAR,"DARKNESS, LIGHTED ROAD",DRY,FAILING TO REDUCE SPEED TO AVOID CRASH,2.0,26.0,2.0,2.0
0dc3b208d34114fe2866b5ab7d94dad550d5db27292918d4b81d82011cfacd70db38e73a6f4317cf8e3329ba839809589c61af3d62f55ea0d022949600156c09,CLEAR,"DARKNESS, LIGHTED ROAD",DRY,FAILING TO YIELD RIGHT-OF-WAY,2.0,54.0,2.0,2.0
0dc3ba1f377cf17e08e149db453d1d7fb0a942a44aaeaefb1906ba5fc09b1d555ae4cff233c877e9cdfdfafcfad3ce8e76cd8e8caf3c94181265f156b4444026,CLEAR,DARKNESS,DRY,FOLLOWING TOO CLOSELY,2.0,44.0,2.0,2.0
0dc3e94334cef409dbcdb379dc07aa5c899bfaa384c80b35e6558ae519539ccd7c80c6260d5029732964f99d4df0f173d5b144eca85decf863c76421fae826ac,CLOUDY/OVERCAST,DUSK,WET,DRIVING SKILLS/KNOWLEDGE/EXPERIENCE,3.0,46.5,2.0,2.0
0dc3ece1085ce79fb416d721549b50f55ea8de6d93994fafb90e039f4899844464efd69e67780c641acacfb3f4940e7a3b967ccfb8deb803aac8ed1abdab2ad1,RAIN,DAYLIGHT,WET,IMPROPER TURNING/NO SIGNAL,2.0,40.0,2.0,2.0
0dc40c6cce1edf5f13a3e53b7c1bbcdb8d1e77213f897aa8b8ffe571aec92db04ad138e0f8fb5e8d9e6f0aef4a93e73f94df8265221b8dca2d9f56b5c2465bab,CLEAR,DAYLIGHT,DRY,FAILING TO REDUCE SPEED TO AVOID CRASH,2.0,33.0,2.0,2.0
0dc445fdcf8351a4738a576211055ff5bdfdbb397ecc217eaf783b07cc2406fbbf9b166b45442c339a49c540a3d49ac1aad4134b879d875f1b9a57477d242f1c,CLEAR,DAYLIGHT,DRY,DISREGARDING TRAFFIC SIGNALS,3.0,32.0,9.0,9.0
0dc446e8353806a767b358dcfc68f96eba487178d250c2f9b7bf70ef18953234613ef4dc8263726562f75272c737115ab6fcb22bab4ea264df7331fad88a154e,CLEAR,DAYLIGHT,DRY,IMPROPER OVERTAKING/PASSING,2.0,29.0,1.0,1.0
0dc44c114bab637e1e9ee28b8c753529a140e0d718dc30426507b4ce725b9162cf48956bb05266dde37d7c650dab721e0674f5f65040c3172424cfcb23540bce,SNOW,UNKNOWN,UNKNOWN,IMPROPER BACKING,2.0,47.0,2.0,2.0
0dc45d1f659d6abf18bd09732f608a38264f173a03b13fabe0f57df65234e56909889d4e0fe29cba32ff2327556a9ef53c4945fe6442a264d977b10184343e5b,CLEAR,DARKNESS,DRY,FAILING TO YIELD RIGHT-OF-WAY,2.0,41.0,2.0,2.0
0dc46bfc003c07786c8f92470356b013d61d877ca4087799b2e58836326a6087148da3d45515435d5dc3f095032df904d46d564b1b505f2bf045b5394337a85d,CLEAR,DUSK,DRY,DISTRACTION - FROM OUTSIDE VEHICLE,2.0,30.0,2.0,2.0
0dc49291331767463a1009aeb3005e9dff54f7e1435aefd9c6b1af388922680c3a239986f12f336b2ee9569692b4bcc2b03e7414bd2ba6f683c53979b8f4e28d,CLEAR,DAYLIGHT,DRY,DRIVING SKILLS/KNOWLEDGE/EXPERIENCE,2.0,57.5,2.0,2.0
0dc4a1c4a67f11302084428fa352beeba1a9972ac79c03c4449ce1b42fa2f51a89cf3ca0b8c4f3d7ba71bc18e049438a390457292878ba1fb15bd630b688cfc5,RAIN,DAYLIGHT,WET,FOLLOWING TOO CLOSELY,2.0,46.5,2.0,2.0
0dc4b6ff067f6c85e55919cf4677f51e15a0975da485b56ee8bf379492edf680a9de40c5364a6f27ca2e8addfae1040c457ef7756cf06e4f665a71677d44ddf5,CLEAR,"DARKNESS, LIGHTED ROAD",DRY,DRIVING SKILLS/KNOWLEDGE/EXPERIENCE,2.0,49.0,1.0,1.0
0dc4b7c0b3e29e8bdfb66d16cbe11dad8fd6562699098c62c04333a17867b21198abfdaa183662413c2e812474600eea497704a84dd4d2e8d54f31398de85b4c,CLEAR,DAYLIGHT,DRY,FAILING TO YIELD RIGHT-OF-WAY,2.0,56.0,2.0,2.0
0dc4cbb2d4463e8a01029f39b496143c69f395cad5e38b648123031a8fbe901ff83b35f09d652849909960d9bb3dcc0e35d0ac3b868444cf08da933d35ccdd19,UNKNOWN,UNKNOWN,UNKNOWN,IMPROPER OVERTAKING/PASSING,2.0,28.0,2.0,2.0
0dc4fac5854b67afcebbbc1040e5c429a1a0e7fc0165c47335b824ff83274547568cd20db2fda11ad16cf1040d1fde8de30db3a77a3774ceae917ec99f50535a,UNKNOWN,DAYLIGHT,UNKNOWN,FOLLOWING TOO CLOSELY,2.0,50.0,2.0,2.0
0dc52de7ca77522d9f86fe4ec220fcc20bc41f7c41eaebb02c8e6130625438de521a4a1a123f186f9b3a0431c0e7680918dfd4464ca88cd39100e241fe5bcd4b,RAIN,"DARKNESS, LIGHTED ROAD",UNKNOWN,FAILING TO YIELD RIGHT-OF-WAY,1.0,39.0,2.0,2.0
0dc55be1973a07cfa47fe6824f1e668829a6beab600297df09034bda4a18f9e67aeee92d0a767e2c53208ae024bf06c1643f55d58d85b5a673cc28f7c4a374c3,CLEAR,DAYLIGHT,DRY,IMPROPER BACKING,2.0,34.333333333333336,3.0,3.0
0dc5a072a140343e71d5c66b529ab633ff07c9f8dd9911485610b776681ff82fb84f82b045db0c11cdeab7e7512d6612e97b896d5046346999c3be497a2eb553,CLEAR,DAYLIGHT,DRY,FAILING TO REDUCE SPEED TO AVOID CRASH,2.0,21.6,5.0,5.0
0dc5bbe0f6cefcc2082d5831b0c967569d963283b26846ad0a68525ada09ea9421422e227e78bbccd4881e7e4d6cdd6211ba0b73195805820db0c989db82f665,CLEAR,DAYLIGHT,DRY,FAILING TO REDUCE SPEED TO AVOID CRASH,2.0,23.6,5.0,5.0
0dc5c65922be06f7a52294be8c8a34a22b6f55ac52610e55dcde16e0ac076fdbded601e70488215e44ed2a7f483d43992b1f78103af33e1805ab87c054e1be8a,CLEAR,"DARKNESS, LIGHTED ROAD",DRY,DRIVING SKILLS/KNOWLEDGE/EXPERIENCE,2.0,31.5,3.0,3.0
0dc5f673fe8b5fd60987977522c2e107d5e19af2bb380594b72f0d59f5d4640cf2a0b8b3d034c71a1a6e4047c4cdee00590f09ec2f2bca4f4daf165ce7de873e,CLEAR,DAYLIGHT,DRY,IMPROPER OVERTAKING/PASSING,2.0,53.0,2.0,2.0
0dc6308f52ab4457b6e89a64beb61e268de13c6b1e0f34c924f84fb89bf0809ef9452b8b39d2fd5625bb6ea1780d2d55042e47c4a1d0b83854e4b28fff47fe23,CLEAR,"DARKNESS, LIGHTED ROAD",DRY,FAILING TO REDUCE SPEED TO AVOID CRASH,2.0,37.5,1.0,1.0
0dc635938bbd9f018a8595549d3f8c142be13a8b1716879a1b761b86bda440b81ddea532bbdd9a227949029db9b0d4a3e3369ab5f722bdd6785ec00d25502361,CLEAR,DAYLIGHT,DRY,EXCEEDING AUTHORIZED SPEED LIMIT,1.0,39.0,2.0,2.0
0dc639d43854ac9023345aa50490e41035975abc26329fa518be284193f1d80f64558f148792e24bdf2c1da1cc7907bb9ea7eb5b8fb94d6c9a8d2aa6f6f9c716,CLEAR,DAYLIGHT,UNKNOWN,FOLLOWING TOO CLOSELY,2.0,46.5,4.0,4.0
0dc63b90bab587e7f9434993c21ed405bbdfba3a60a91e52d595d29730eb973e32d1ae6fac670b84bc4318a7011c488dc8b14fce82f2b7c751648f36bd407bdf,RAIN,"DARKNESS, LIGHTED ROAD",WET,FAILING TO YIELD RIGHT-OF-WAY,1.0,15.0,3.0,3.0
0dc63ca748ec4d1633fb7da0bb77147f090ca1a046847ce4d887e3687674e4c306e79f92c11448e20171fa71546bae0cee9cd0db9581a4232dcc609235dcf820,CLEAR,DAYLIGHT,DRY,FAILING TO YIELD RIGHT-OF-WAY,1.0,15.0,2.0,2.0
0dc64a99c2448f473a3246eb2ac3dd3d219a8c644e60c7be52a30726141fbe9d0cfc54b15cc3dc570b5a2d636c686a8ec5b36421a8bf0bfb999b5957528c9dd1,RAIN,"DARKNESS, LIGHTED ROAD",WET,WEATHER,1.0,42.0,1.0,1.0
0dc655cb7754a206193586c82a938a61a2f219b24de72cd3b6bfd3fcb59a890c136027bbced3ee80ca2a2b6e53c5edca912def26bfacc50994f7413f12a76320,CLEAR,DAYLIGHT,DRY,FAILING TO YIELD RIGHT-OF-WAY,1.0,48.5,2.0,2.0
0dc6567428091c9256eb94e23a0959596a3ce34191836684d6d79f2e395a37070810f0da4b5e220ebaf2619917f866106770785d6c60943ab0f1a645c3e02f0d,CLEAR,DAYLIGHT,DRY,FAILING TO YIELD RIGHT-OF-WAY,2.0,37.5,1.0,1.0
0dc667336cc185ab9643a316618e5ca841cd1a1592d0cee9d0b3dbc298e6eca2a61006fa9e85c85c9e6811b72cf946da72b276125f554b76dde26fcaae381592,CLEAR,DAYLIGHT,DRY,DRIVING SKILLS/KNOWLEDGE/EXPERIENCE,1.0,16.0,2.0,2.0
0dc6aed6d0d1d1561e911ea575a12909df8519dac0531d0c7fe0822bbd9dd38ee954b155aeb715d023a910e497bf48d31dd838525108a29b8cd38c478ac3d300,CLEAR,DAYLIGHT,DRY,FOLLOWING TOO CLOSELY,2.0,40.0,2.0,2.0
0dc72bfad057a8401110daf520fbfe68f90fdf8bd3860763f5bd07655538a6ebc208675a7039d45a2e6201792a8fb85f08aeca6c826a5ced7ee519b9dea99db1,CLEAR,DAYLIGHT,DRY,IMPROPER LANE USAGE,2.0,60.0,2.0,2.0
0dc73d8b209184520b358b88916b43b09c7f4dbe4fff72c19b548113facc98839d2d4a29e425996a5edb6dc63633e71f35ee2efd20e48666376a9d9f75e11889,CLEAR,DAYLIGHT,DRY,IMPROPER OVERTAKING/PASSING,2.0,36.0,2.0,2.0
0dc74e3eafa126a9ad65724cf641a300e2aa98ab9f87a4a5cb6a75ba36bb07c0756c0e99b9e65c053a2f0f2fbe55e901c0f2840938c6da98e7061ad1dd2d38e9,RAIN,"DARKNESS, LIGHTED ROAD",DRY,DRIVING SKILLS/KNOWLEDGE/EXPERIENCE,2.0,56.0,2.0,2.0
0dc75090b8ebbf50a7e50dc3cdc456c7da210ec98fffad58b75592f84c01981c8142b1c6d1f1fd4082f85128cf45957da4b5ed1a9e9efab321c4943bca1cd174,RAIN,DAYLIGHT,WET,WEATHER,1.0,63.0,2.0,2.0
0dc756399a8f32b4239f0bae7e1ec8d8998e46e1f6c3ea8d01342106d9c540b1d23e43bb1c3f1d6db41dc512b740ceb035d2f48d6f6c0ab6152647bd8a66884a,CLEAR,DAYLIGHT,DRY,FAILING TO YIELD RIGHT-OF-WAY,2.0,40.0,2.0,2.0
0dc75c8f76698126015e582f114247822a5d6e840b68c44965a87b14b6b5237a51cd5fb17f28b3bec3690b9408d8b1957290c606d64b676d5e33caada0c207e4,CLOUDY/OVERCAST,DAYLIGHT,DRY,IMPROPER LANE USAGE,2.0,37.5,2.0,2.0
0dc77e8d120ea1e51ee6e5c721c2fadb39997fece8c89259cb66f72c7ab020c338feefd6b5450d4dbf05e5ab2c7a5c5dc010b1f2c9fdb692fe550419f98a3463,RAIN,DAYLIGHT,WET,FOLLOWING TOO CLOSELY,3.0,44.333333333333336,3.0,3.0
0dc7869d6b62fd211edf42894297cd6c1822b1b98e32968165e82d84b80f42a253aceead063120fbbeae51324645cf7dfd9d687374d2892b2aa831e2288df7af,CLEAR,"DARKNESS, LIGHTED ROAD",DRY,UNDER THE INFLUENCE OF ALCOHOL/DRUGS (USE WHEN ARREST IS EFFECTED),3.0,36.0,4.0,4.0
0dc788ae3b9cec00890b0bceff04932a8661003437cb7abff4bb1be14dd63a78a7ee08d558b0feb7950bfb954db596f8456dca1f3789e0ead82b7a8e2284a103,CLEAR,"DARKNESS, LIGHTED ROAD",DRY,FAILING TO YIELD RIGHT-OF-WAY,1.0,37.5,2.0,2.0
0dc795e7fcb6353d55c51005ab0f062af45b0c7363a4e2ee60c5f786c2651a7e81ffa410d8dcc622a7324382868412a971bc7a8358dee482c7a1dabc428885a5,CLEAR,"DARKNESS, LIGHTED ROAD",DRY,DRIVING ON WRONG SIDE/WRONG WAY,2.0,27.0,2.0,2.0
0dc7a532a089310babae0bcb7c3fa58e349eeef91678fb2feb945480b2e516f22b6e6e64c1ccdc6fe06d5cf4a8b036682cbd396bf4ffa608313a1182d9fa4c17,CLEAR,"DARKNESS, LIGHTED ROAD",DRY,FOLLOWING TOO CLOSELY,2.0,39.666666666666664,3.0,3.0
0dc7aefef6b45726e774e9059f936a87178e708a72a20d18d51e3a06d679d97b02455326ae3cd0c93230e92d17c7bd3166f5e104bb0bbd7d6643347a54f27273,RAIN,DAYLIGHT,UNKNOWN,DISREGARDING ROAD MARKINGS,2.0,47.0,2.0,2.0
0dc7ba6f405f90135b0257d61ade482467c5bd42bbbb9f194fcac674f00cf08241d3281b6f40abf27c2b38146b30b3ff454f03f56c549277237f49ec924cbff8,CLEAR,DAYLIGHT,DRY,IMPROPER OVERTAKING/PASSING,2.0,63.0,2.0,2.0
0dc7c4ff6a72783b6fe98d453d091d9a6284910a07e8a2a146ccc0155a5f3d9033d9a725f2413c08fcc32c17b64901ea92934fbd2fc689464519f7e451b83792,CLEAR,DAYLIGHT,DRY,DRIVING SKILLS/KNOWLEDGE/EXPERIENCE,2.0,37.5,2.0,2.0
0dc7ea235fba50b2b9528e92efe2bdfdacf39f6a81c79d1d643b6a39b2661a14593f7be7f8a78b2cc24231a811c362b540f34e8e85251bb42f7917a684028d5a,SLEET/HAIL,"DARKNESS, LIGHTED ROAD",WET,FOLLOWING TOO CLOSELY,3.0,37.0,4.0,4.0
0dc7ea5f69495890f5f8cc2213605fa0eaafc448bb8987b96b6cea501c177381e329b3440340de8cbe741fe0ddfea5a0dd10f14c115243d861e3dcccb05d1730,RAIN,"DARKNESS, LIGHTED ROAD",WET,"VISION OBSCURED (SIGNS, TREE LIMBS, BUILDINGS, ETC.)",1.0,60.0,1.0,1.0
0dc8037731151aff1172d5aff8cfaf624505c9dd22694c7570ddfe03e6b66ad00062c2c6c898c5edd020a17facd94106d417bf8612d9df469eb26f436001340c,CLEAR,DAYLIGHT,DRY,IMPROPER OVERTAKING/PASSING,2.0,52.0,2.0,2.0
0dc814bc5497b0c0124ca7005f8ec5ca4d30f6a36af2c10d97570b0d568514e6853c39b06e0d5288c9078973924fb153574fde7d6575aa78271aee09242bd65d,CLEAR,DAYLIGHT,DRY,DRIVING SKILLS/KNOWLEDGE/EXPERIENCE,4.0,46.0,1.0,1.0
0dc822658a01632674e08aa1f53641de8683ec64ce241de8fdb49df1d5822f53e7df4de5661b3b196820c7f7fc65ee0ad55dbe35fad80d570d5790cf8fc2107a,CLEAR,DAYLIGHT,DRY,FAILING TO YIELD RIGHT-OF-WAY,2.0,26.666666666666668,3.0,3.0
0dc8289629bda63731fdee0fd296cdf7fa75df398f780bc57451d56c6fce2fdd83820e74d2c29e7f57607a8d6d6f1e57a4a0691d3a582f920aff610225804b41,CLEAR,DAYLIGHT,DRY,FAILING TO REDUCE SPEED TO AVOID CRASH,1.0,39.5,2.0,2.0
0dc8364c9b32f6e4e270e8592a49f39907d847336a8a718e8d27bb453276614c280a2cb5a719b098581fdc14699144f9e91870337feeb7e36992f2dc616f7b27,FREEZING RAIN/DRIZZLE,DARKNESS,ICE,WEATHER,1.0,25.0,1.0,1.0
0dc85c87ba56b620bccf726f4371781378705ca04b38d9379827a36418d54024d31025a095ce7e7249b8ebaa662a0a233ed2b18d6b26759030ff32b60e7f3607,SNOW,DAYLIGHT,WET,FOLLOWING TOO CLOSELY,2.0,48.0,2.0,2.0
0dc89d512f29b1a6981ecad58758cf63d3dc2660692f48de9ac1b329d7330b0fd943269245ea5bd9a81a30b70ca1da0861a65e79ff06c88344b060fe9af41b78,RAIN,DAYLIGHT,DRY,DISREGARDING TRAFFIC SIGNALS,2.0,48.5,2.0,2.0
0dc89f1cfbe661604bd7747d1c246c1242e50b83bc62a4a93c1b996a72350f4e502613e799c4b3fbb1090c7c74eb6f11248cae024f0a0c8bd42f5e66157c2e14,OTHER,DAYLIGHT,ICE,WEATHER,2.0,49.0,1.0,1.0
0dc8b4a417976af45521545e60d680fbee4a4773e84d6d47429b49050358e75b6b8dbab99418958e3646dfbacf202d8f43160d1480d0fd265a168b6534551bcd,CLEAR,DAYLIGHT,DRY,FOLLOWING TOO CLOSELY,2.0,32.333333333333336,3.0,3.0
0dc8dd5f6eec5abf0ffe31ddd60772b71b6c96ee459315be4cf4eb6790bde7bb05bb24907363b64e6eb4f722416f28a2d4bff395d2aae74044a8cc0e43b4d5a5,RAIN,DAYLIGHT,WET,DISREGARDING TRAFFIC SIGNALS,2.0,46.75,4.0,4.0
0dc8e66372d9f35e9414613b8073093a4e11a1f93c241cfadc5e39e072bfc5c04ff7b4e19a4bd54f343d281eb268da6eb244fe8d7caac1017dcaa34fff5c2683,CLEAR,DAYLIGHT,DRY,DRIVING SKILLS/KNOWLEDGE/EXPERIENCE,2.0,38.0,2.0,2.0
0dc8e79bb2d27db483f675ce6301066ab0b5c80df6d463e595c564378557bfb0664c41e9344ab8ccce20083435f28233de5ee200077513e8ad528f10e7558e21,CLEAR,DAYLIGHT,DRY,"OPERATING VEHICLE IN ERRATIC, RECKLESS, CARELESS, NEGLIGENT OR AGGRESSIVE MANNER",2.0,47.0,2.0,2.0
0dc972a10069246deabcb44de5d7f048e4a8f035acdd86fbd25c9def60650257216df9657a1701ecb8df369f45ed02bfd6ee603fb9525d81967a6e4573987d2f,CLEAR,"DARKNESS, LIGHTED ROAD",WET,FAILING TO REDUCE SPEED TO AVOID CRASH,5.0,21.0,6.0,6.0
0dc98764ee8f3cb0e4b7a3a6f50a9d04258f40a3e6fda83f1b42842949b0d767f62e20a21ccb5d48ad7df86ba72e8422e6315693e0f66f168a95d26b7c899bdd,CLEAR,DAYLIGHT,UNKNOWN,FOLLOWING TOO CLOSELY,2.0,72.0,2.0,2.0
0dc989e69c3f2457d34debb04e775be2bcfbd5a8c1c785f3f2556a9ec859c00e5def3206b4d49a3d3d9be6eadcc522317554511daa236f8f152f52800fc0b2a9,CLEAR,DAYLIGHT,DRY,FOLLOWING TOO CLOSELY,2.0,26.0,2.0,2.0