crash_record_id,weather_condition,lighting_condition,roadway_surface_cond,prim_contributory_cause,total_vehicles,avg_driver_age,total_people,total_injured
0dc98ac2be32bf63a4bed24c028c43343bab3fc63e2f80bef7a49e9c150f021ef4bf3e4302220fb701cdb8919bcd1aabb567ae0c1335c28058c7d2ccfb3a8c18,CLEAR,"DARKNESS, LIGHTED ROAD",DRY,DISTRACTION - FROM INSIDE VEHICLE,3.0,32.666666666666664,3.0,3.0
0dc98e806ba4634416b51f2ddd5b61307fe3453d55f70dddf5a59f6fa008bcbbb775f25882da655bf2f4bee47afb2321211dac3f858954b67cdcd7c28c7f2ae5,CLEAR,DAYLIGHT,DRY,DRIVING SKILLS/KNOWLEDGE/EXPERIENCE,2.0,54.0,2.0,2.0
0dc9bcc016c4b1a5d2ede11f752da7bd364606bded067c4564b712b3dd1dba080ac0f13e2efa95ae0b68955277785d0b24eb63c6dc33c22532a7eb43ab55fcd3,CLEAR,DAYLIGHT,DRY,FOLLOWING TOO CLOSELY,2.0,20.0,2.0,2.0
0dc9efb2d5a6adcaf9680e912964a1737b86ce80081c49ff8d317291e662284db64726531e31f2e360fe25c9e8a5c33222e5bd8e28f89da98391249383b0ac61,CLEAR,DAYLIGHT,DRY,IMPROPER OVERTAKING/PASSING,2.0,44.0,3.0,3.0
0dc9f515dd1458e69ebe9f01b55e492092cc22cc088dff51d050bdce3e8909f36be0bbdf7756481f3063c4e2327f3eedf0938b0950240ecd2baf80d224225caa,CLEAR,"DARKNESS, LIGHTED ROAD",DRY,IMPROPER OVERTAKING/PASSING,2.0,36.0,2.0,2.0
0dca09e6861a2126e90286b1bdcac17aabaf00e2c8782b970b2e7711cbe220946bb86219b306eedc92b101f990f2a75613f2587b03c193ea0fd81baf88578715,CLEAR,DUSK,DRY,EQUIPMENT - VEHICLE CONDITION,2.0,16.833333333333332,6.0,6.0
0dca23a3b4ff812024879c272b6da697bc0190542d96f7f94b95139d39c4144b8f1c30a2671184947c06d7ba129831a9ba74613c2e3a6ebf6ba6a862d6022f22,CLEAR,"DARKNESS, LIGHTED ROAD",DRY,IMPROPER OVERTAKING/PASSING,2.0,55.0,3.0,3.0
0dca54dbcabed1e307077c9f1fc7df23abae150a856c63e45860a3c9da52d177bfd33b01d1b12864fca87b0ebd8c18369ecd4dbe77421a8b842e3ce428314b2b,CLEAR,DAYLIGHT,DRY,FOLLOWING TOO CLOSELY,2.0,34.0,2.0,2.0
0dca69e4e74164ea9cc75c46f88df3d4fc8eed558ace4c6621399190244185eeb67e8414f0dacbd8eedb550d370fb2a7312aaea078b056c0bcf0fc140dabbf79,CLEAR,DAYLIGHT,DRY,FOLLOWING TOO CLOSELY,1.0,46.0,2.0,2.0
0dca6a20131805bdfc058c336c99822888555573f2749074bdf1e50fe9e81aa572cf327e6da7d8e78da5ebcbbb028e28bd7f71c27c38fa7028e9e454e148d9b5,SNOW,"DARKNESS, LIGHTED ROAD",SNOW OR SLUSH,ROAD ENGINEERING/SURFACE/MARKING DEFECTS,1.0,22.0,1.0,1.0
0dca81e0c0b9e3176155e8c3a998cd0bcdabbb7f54dbd3acf51e5f8fc971e371b7ee63e1df30d4b408cc675b63070dc68e17849e43589d0552d37d8f3a9d1bb4,CLEAR,DAYLIGHT,DRY,DISREGARDING TRAFFIC SIGNALS,4.0,42.75,4.0,4.0
0dca883203888fed92857a6505bf2ae21ea94669a96954099156594455a52dfe77d35841a509b1c05705c232d54b36cd560a92949f2caf3d79a19c1b83afb540,CLEAR,DAYLIGHT,DRY,FAILING TO YIELD RIGHT-OF-WAY,2.0,37.333333333333336,3.0,3.0
0dca88dc378092685fe812b1bec1e8a46f50f0c6f020081b4706eca5e9e7f8a16a5f46481ebb73e3f817822e311ed57bbe2440d6ac39046e5c22751398ef9b01,CLEAR,DAYLIGHT,DRY,"OPERATING VEHICLE IN ERRATIC, RECKLESS, CARELESS, NEGLIGENT OR AGGRESSIVE MANNER",2.0,33.333333333333336,6.0,6.0
0dca92c744d10addc2fad6f50e78d82ad655757e6c19a220a801f554a3e5a2ebc09b7ccad544d3e67377ac3104bf569d066b476a764f660bff5677c4c352a146,RAIN,DAYLIGHT,WET,FOLLOWING TOO CLOSELY,2.0,57.0,2.0,2.0
0dcac5c67e8a2b15b332eb0e91e8c73b26c19ae207bb809cec850a29d5bdd2e20b29beffd504a361fd033b3ac0db0f1b0b50a4488eb710ce94257fdd709809ff,CLEAR,DAYLIGHT,DRY,FOLLOWING TOO CLOSELY,3.0,40.666666666666664,3.0,3.0
0dcaf01dc8f59ca7e6ca67219fbe6de1151e81e375b9f398fb08bc2f39bf74af34b6f1c3d68c9ac6ae4ca68e24b0af84c632c989da7ebbe39ea791f128a9ea91,CLEAR,DUSK,SNOW OR SLUSH,IMPROPER OVERTAKING/PASSING,2.0,39.5,2.0,2.0
0dcb4fd8b2f39043e30ba16c550ae158aa3a76c908711aac008440484b3f8de2a34bd82545ee749d99dd12afd7a09e31e6428b721398ccd7c7915aedf6612aec,CLEAR,"DARKNESS, LIGHTED ROAD",DRY,IMPROPER OVERTAKING/PASSING,2.0,49.0,2.0,2.0
0dcb565022f830972b76dee4ee6c45f1f5951fd22e201fdf48461ef8972a3b795c4194910dab0979e2d8d950ded857b2aa647fb427a25eb64d218cea1787b46e,CLEAR,DAYLIGHT,DRY,IMPROPER OVERTAKING/PASSING,2.0,27.0,5.0,5.0
0dcb56e587359be92429fee5cde35530746456abe400308e18d3213534db49e9a4ff4f41c3fdb14fd2d7ae5f62fbcbfa2d586577bdd2888ee14505adcf1a9bd1,CLEAR,DAYLIGHT,DRY,DISTRACTION - FROM INSIDE VEHICLE,2.0,33.0,2.0,2.0
0dcb5b14c4c5f41431b7b6760243814a96ffbbf47441579c69fe23a817d0b36861882d0671c4952629c63504ca9df5d7385cfc6341258b183db0166f723f36a6,CLEAR,DAYLIGHT,DRY,FOLLOWING TOO CLOSELY,2.0,50.5,3.0,3.0
0dcb78abb67a8f1ce9e314f384da6db8bd40b7019360a0653bece5b7a6222b885c84d50629eeae616a8a37ae13bcde5e59b8136bbb83c5c1969590527ff7d251,CLEAR,DAWN,DRY,DISREGARDING TRAFFIC SIGNALS,2.0,27.666666666666668,3.0,3.0
0dcb7ed0b47c4fcb781176e35d0506e24ee6d81c86d28787469a40eaf377e4c582c2339003c8abc39f83f7cee386f923c6b49df979e18ceead11177c9c2a88b1,RAIN,DAYLIGHT,WET,FOLLOWING TOO CLOSELY,3.0,58.0,3.0,3.0
0dcbbe5cf49ec55e6a3c6aa5bb98bbb1cf4df347ebb5b2b5069eccb80e1732e94a75b6f92d9f3d41ed37dfb9ede19f11fa3f0061b4d34c821fdb9fee7c9043a1,CLEAR,DAYLIGHT,DRY,IMPROPER LANE USAGE,2.0,37.5,1.0,1.0
0dcbcb9b19e00bb52c39e1f5312f97d66b240804026e9b5cf82b4137233c74f4ac1f0c613a77f0ba02ca26bf062504a78a1770fbd03242ca85bc56aaf3310ea0,CLEAR,DAYLIGHT,DRY,FOLLOWING TOO CLOSELY,2.0,58.0,4.0,4.0
0dcbf09a269118dfbd3cfcca041251cf9cc4afa2fb3aff0ae45f399283fc5f28ca906e8524ece9fea9e47ba238047324916bf8e73f85833d208fe37abe2bebb7,CLEAR,DAYLIGHT,DRY,FAILING TO YIELD RIGHT-OF-WAY,1.0,27.0,2.0,2.0
0dcbf4ebf158e2b0925726e9b9f5f71ae1d77b3cebe0caa69cf96e5074170c1b48efc59cd46c55a48676764802099f7363311c95d4f5a617d3c7332f5f9acd02,RAIN,DAYLIGHT,WET,FAILING TO YIELD RIGHT-OF-WAY,1.0,48.0,3.0,3.0
0dcbf8e6bc8f773955505ed6fc04ced35228526f54be28e7dd8397434f92317b507dd0b583cd65c4db1729ab47951f2567619238414075c4f999d796e3f88153,CLEAR,"DARKNESS, LIGHTED ROAD",DRY,FOLLOWING TOO CLOSELY,3.0,56.666666666666664,3.0,3.0
0dcbff10f118c06da170d0334d0081e1cfe13b480f9d3f2e3023180dc571c5624fc674efc968043f63ba624dc572c80fc0de91f87ec0136cd4846b8a1687cd9e,CLEAR,DAYLIGHT,DRY,IMPROPER BACKING,2.0,73.0,1.0,1.0
0dcc34d00c038e5681610276293d97a566edf9d6d8708bce7d7590a44f532d24f8c1910b4c289c51982e85d30c56ed04d14d2a35edb2d4c47945489602eaa42a,CLEAR,DAYLIGHT,DRY,FOLLOWING TOO CLOSELY,2.0,45.0,2.0,2.0
0dcc3ba87ac2e999ea590a8147ea45e0f735885afb949c592cdc1c6d50fc4d9442a673c3e2943ba5e4e5aa78a7be355b33b2a90db7413376b05dc8f23045ccd5,CLEAR,DAYLIGHT,DRY,FAILING TO YIELD RIGHT-OF-WAY,2.0,43.5,2.0,2.0
0dcc47e0a7390371f53ef3557a4b522de4ebe06e906504d9a318f654d201969c117369b31d7b91e058e0887ce00c7937eb951543ed090f145f29d3cb4a194e4c,CLEAR,DAYLIGHT,DRY,DRIVING SKILLS/KNOWLEDGE/EXPERIENCE,2.0,38.5,2.0,2.0
0dcc56d22480be83de0c7e313ffab46be681715e62a92333b62f494c015c9f943b417d1583f2d650e552734f0c243e39891335c6e870c6bdc0835a1a8e0ef6fb,CLEAR,DAYLIGHT,UNKNOWN,ROAD CONSTRUCTION/MAINTENANCE,1.0,37.0,1.0,1.0
0dcc770ac56d1cbef073d03d1956fab822f723cc85d0011530dbba2ea10ad15757d7e8191a461304e7c564103d6505b2315b02ba005a127e1c5af35312539491,CLEAR,DAYLIGHT,DRY,DISTRACTION - FROM OUTSIDE VEHICLE,2.0,42.0,3.0,3.0
0dcc9fa23f739318b04af099fe57db956c0ec035f40ac230e1e0c72a401bf4055ecf9c18d909ebc84242f6219205cc35dfe8f54acfc56a6610509b579a6abe68,CLEAR,DAYLIGHT,DRY,DRIVING SKILLS/KNOWLEDGE/EXPERIENCE,2.0,34.5,2.0,2.0
0dccade9770052c86c31f7451eb43e6e38236c0838aee7075d65b48a68df8b7a214485406c80aa7b058b9989f9323cbe1ea7ee0bf557127ecfabead7b695a44e,RAIN,DAYLIGHT,WET,FAILING TO YIELD RIGHT-OF-WAY,2.0,38.0,2.0,2.0
0dccb0fdb2be03546275fd147b12e0cfb460561c587e2be1f1b66449622c6ab85a39a3065bba609e40947b73b0162f4d0231db5fddcd1e1b8e31e193c2194996,CLEAR,DAYLIGHT,DRY,FAILING TO YIELD RIGHT-OF-WAY,2.0,25.666666666666668,3.0,3.0
0dccd84b379738511f559363b942c2466dcaa9550317fdeeeb29151f147b66a114b08ed2ce93fdc8e2c7e7a6b0a8a45a5c1f350e193c4b80d5d5b64b8138be04,CLEAR,DUSK,DRY,FAILING TO YIELD RIGHT-OF-WAY,2.0,34.0,3.0,3.0
0dcce4f57c18b9ae0489536803c9e81d720b7f64c67ce393eaa0e47aa777c9fb5ec65599dee4dd352e2c76352fdfa218e361762e019ef403b044aa4a0deced29,CLEAR,DAYLIGHT,DRY,FAILING TO YIELD RIGHT-OF-WAY,2.0,55.0,2.0,2.0
0dccf7a81c7d971533d4b7e5ff55a8cf28a0047dc3767ab984abbada542e73c13b87a861bf9508335376ed612e8d51f83bda6730faa29e289f966bb758d2a9b5,CLEAR,"DARKNESS, LIGHTED ROAD",DRY,IMPROPER LANE USAGE,2.0,19.0,2.0,2.0
0dccfe9a9686b7fcb5eb36b91d1025d09f046c2792e2252df7fedee656869c0bd7cccdce6b0878472e77ad3f119fad6c6c420671117263013dd32e580a6e9071,RAIN,DAYLIGHT,WET,FOLLOWING TOO CLOSELY,2.0,25.0,2.0,2.0
0dcd3e08ccc794ea9bfa3af240220904f469f7c2e2dc8d999383da3192738234ddb0a65f67575dc09cf96146909e1bb29870a7eea57e69cf98b9cfd0f78ba93d,CLEAR,DAYLIGHT,DRY,DISREGARDING TRAFFIC SIGNALS,2.0,55.0,2.0,2.0
0dcd4e2497382ff80d23ec057621cb04ba116d20e23db5a6f8360b4b15c7e3ffe2b61a1da3dd3099b72c09d974e6cc79280ee564ec3b0de0b9f993332dc9e730,CLEAR,DAYLIGHT,WET,FAILING TO REDUCE SPEED TO AVOID CRASH,2.0,60.0,2.0,2.0
0dcd55ed1f1a1c37dc918e0c972766afab1be57768ec12b15947e269cada86f2bf40f774ca3864ce2850869cc2f8bea55f2e2998bba3b8b81e8325ce72dbe9aa,CLEAR,DAYLIGHT,DRY,FAILING TO YIELD RIGHT-OF-WAY,2.0,23.0,1.0,1.0
0dcd6504ec6706e14a9735b24448001a485717b058254547137afee23894416c0115243a0728bfe9df0492475ab47a05568c423174f2070f18c3f78efefff872,CLEAR,DAYLIGHT,DRY,IMPROPER TURNING/NO SIGNAL,2.0,60.5,2.0,2.0
0dcd71dacad0985b7cbcce7d7576245204884a164bf375e257fecc77d9de70c6290761295819e2779ae3ebc89a68ce863651a57327f36de62617c8c9794ece8b,CLEAR,DAYLIGHT,DRY,IMPROPER BACKING,2.0,24.0,2.0,2.0
0dcd7815e91eef0248991ecbbe17512a96fcfb13e1ae30bef43cc82ca762bb3ba984b60d28c20b6f9a28c76459f27e6cdd55fb4619635de390e1e773c8805656,RAIN,DAYLIGHT,WET,FOLLOWING TOO CLOSELY,2.0,58.0,2.0,2.0
0dcd7e3590ada25c118f73c72259ef18263ff5c860a8daada22500cf6e0195cefe34307da72efb4b4b0166e42f54a926e9647f02e04ba1b88b77919d097368de,CLEAR,DARKNESS,DRY,FOLLOWING TOO CLOSELY,1.0,30.0,2.0,2.0
0dcdab89a175d94f11130b783256526cf5b43a5176a111ea10fc948190805cdc067f07df148f0c1839eef318a7cf1ea99a847730a07abd7db3d3d9838f30fdce,CLEAR,DAYLIGHT,DRY,DRIVING SKILLS/KNOWLEDGE/EXPERIENCE,2.0,12.0,2.0,2.0
0dcdcef93843be83f7e7c8a7ab575b955391848cb7a9bc43eab95e23f41cefedc21cf38fa280c2987060223f896ae7e62b004db6efe9b4ce127184d5a660e86f,RAIN,DAYLIGHT,WET,FAILING TO REDUCE SPEED TO AVOID CRASH,2.0,42.5,2.0,2.0
0dcdfd8392d5b05626aca92a8d51b78215244e2cd425a579b56335143a60faf9dbab19044ddb5faccd73970939044ec21ed8d6662f4e6b9fd73b141b91620e67,SNOW,DAYLIGHT,UNKNOWN,DRIVING SKILLS/KNOWLEDGE/EXPERIENCE,2.0,37.5,1.0,1.0
0dce1028b6a616f80008a6bb7c2768e96ecab7bf182bac675dc893e6f6afa5a58341b79eea88c9f93440da50d8d6189542d59f85bb97d328df6a1af7ae4f60c4,RAIN,DAYLIGHT,WET,FAILING TO YIELD RIGHT-OF-WAY,3.0,28.25,4.0,4.0
0dce2c56fae3f69fad9868ffb20970cb61a097badff4cd8d994f7cad4e1f4bca69fa47158b5e18deded853e70b0b2a4b889910cbeca9387945f39262db45093e,CLEAR,DAYLIGHT,SNOW OR SLUSH,IMPROPER OVERTAKING/PASSING,2.0,25.0,2.0,2.0
0dce44d1bef7e36e1e23c1d8b086915d15255cbbfb70b243280297a6860a63229ee6462528c39f40e5a99d1d00f480c4bba56041086e85706eecd5762aea0730,CLEAR,DAYLIGHT,DRY,FOLLOWING TOO CLOSELY,2.0,37.5,2.0,2.0
0dce70dc8ed54bbcfdbdf5db4952c3ed23a5e0f387e8343f75b8295898604dc08e165c44f4051a758c26c2bb34c9277007cae10be5bd67c8c997223111b01d93,CLEAR,DAYLIGHT,DRY,IMPROPER LANE USAGE,2.0,60.0,3.0,3.0
0dceb1454d6d064abc47386dcef128dbf644bb463ab8044b6bff5e82e8ed2ba9e924dcded5e29dec200ce265233eb9d4c11c4740c4846aebaa97f7919a9fa269,CLEAR,DAYLIGHT,DRY,IMPROPER LANE USAGE,2.0,32.5,2.0,2.0
0dceeb0a4c0fd1eed33243560f4cd9c451dd436391dc9096d885907d91b3a31a059215ba872774e7507f14b04584f10610271e6966fa89c4f9677fdf10dd9ca3,CLEAR,DAYLIGHT,DRY,DRIVING SKILLS/KNOWLEDGE/EXPERIENCE,2.0,54.5,2.0,2.0
0dcf4cbea9121b40b42d27313a60c1ae77e1ad5e264d1f8a94fe58aa06c860089cfe60a10a2cd113eac7a858abd6a47d8c6a59cf957104009a54d738429cbe78,RAIN,DAYLIGHT,WET,FAILING TO YIELD RIGHT-OF-WAY,2.0,40.75,4.0,4.0
0dcf61ab15d8db13071929f3f16a3d1d0343c40abe71a42ec269f22db6122bd72b8f2d8b505cd8aaa061720ba182fa670439783881955677cd105781d058f35d,CLEAR,DAYLIGHT,DRY,FAILING TO YIELD RIGHT-OF-WAY,2.0,53.0,2.0,2.0
0dcf730412fb28617ac3c1299ad8c36f59af062ac2f4ac2140e0e5029cabddcf500c079e6bc745ecc6e68b231c986df1f42981230a3e63b33eec385f2bbe1cec,CLEAR,DAYLIGHT,DRY,FAILING TO YIELD RIGHT-OF-WAY,2.0,37.5,2.0,2.0
0dcfab4334d4025c1ab060ecb614c8b0c9b60fbe9b52c195af900e7a3eeed6d39634b4f5841dc5fcc9b81981be2f63e600e2dcd9a3ea32e5636b4ed043c32b48,CLEAR,DAYLIGHT,DRY,FAILING TO REDUCE SPEED TO AVOID CRASH,2.0,39.0,2.0,2.0
0dcfae106cdc2af2474ad56de481778bbbc84856b7f565e5932bbd44b7f558a0ddb6581955ebf2e3959ef28eac50f8e63a53a275a3d18098df68087baa6ecdea,CLEAR,DAYLIGHT,DRY,IMPROPER LANE USAGE,2.0,32.5,2.0,2.0
0dcfaf3ae7a276d3f6d3e84c053b733a7a34226f677d17f4288143867df391efc4df1816205001eb2ec0d6e84344312ad71e6a71091562245af7b45152aa8e24,CLEAR,DAYLIGHT,DRY,FAILING TO YIELD RIGHT-OF-WAY,2.0,61.333333333333336,3.0,3.0
0dcfd117fcef28361162279f21c0b6a212bd299c468b8f794a0672befe301b9dcfa6ff7e3c73450911fa942d7439f358414515fc1f2061311f5c93b1b262e727,CLEAR,DAYLIGHT,DRY,DRIVING SKILLS/KNOWLEDGE/EXPERIENCE,2.0,37.0,2.0,2.0
0dcfd413c4eb363e641921ac80d701e36c2d0e006e0ea1225c3587c4fc23cb4889193c26bbb211ffc1b9984b7477058b9b84925c430c0723eb2e7d501fe29406,CLEAR,DAYLIGHT,DRY,IMPROPER LANE USAGE,2.0,59.0,2.0,2.0
0dd02eba5f23090a914e07ef27bfe270e87247cc8d5257737a274bbc13f808415c60c6f6f89734efb9970d1de14fb8a3bee757939a8271a0212d71eeccf1029e,CLEAR,DAYLIGHT,DRY,"OPERATING VEHICLE IN ERRATIC, RECKLESS, CARELESS, NEGLIGENT OR AGGRESSIVE MANNER",1.0,35.0,2.0,2.0
0dd03d5b59d24494d9cf704f9b7cee1af92cb781714410a371e1f1125dcaed11baa6fd9f098ce86d41713ba0f2adf188863deb2cdd6c88d420a2c98c0f4f2d57,UNKNOWN,UNKNOWN,UNKNOWN,IMPROPER BACKING,2.0,33.25,5.0,5.0
0dd048d14c461e0fe79677ffb3d247f0a1a4cd3c30eb865eef68d4efe6ea71b631643ecd523bfefdb907046798a8e147d1b6bc8c980a186bc42587bcf54e0ea7,RAIN,"DARKNESS, LIGHTED ROAD",WET,WEATHER,2.0,37.5,2.0,2.0
0dd05cb902ee1702bc5c4c5bd4735bf774bd8dd538eb51c3dcf5424bd8d566045c58d9e00eb07eddd3e34cab48d634947f6424ab12b016e5308c89e932ef9177,CLEAR,DAYLIGHT,DRY,FOLLOWING TOO CLOSELY,2.0,48.0,2.0,2.0
0dd0b92ca6a96b7a6289e2bed595067cda1bd80b36cc5a0b39136b3ae98fe8200a20cfbfe474ea56bd0e731feadf272cf953c1ffbc6f4da532ba557d449dd5a8,CLEAR,DAYLIGHT,DRY,DISREGARDING TRAFFIC SIGNALS,2.0,44.5,2.0,2.0
0dd0be32066d1daebdab03c42c6d07dbec04b46c84da2108467c59b9fe9c8c7b6b19dfb5fd729508ae366ee135aaeecd2236143094818289479835dd653bdde2,CLEAR,DAYLIGHT,DRY,IMPROPER OVERTAKING/PASSING,2.0,36.0,2.0,2.0
0dd0c5e9568d1f0715358bde8addbf66b3737c5e088b29de3ea333500eeb59d65b42f12ca7e1e917e637de00e40e9ff537beff473432a4ee5a54c104201793bd,CLEAR,DAYLIGHT,DRY,DRIVING SKILLS/KNOWLEDGE/EXPERIENCE,2.0,37.5,2.0,2.0
0dd0f8e621cb5426edcbeba0c97eb2d82ba965a85a7f6ab2d60cf6c09c725be2df44a9db0585e41faa122de789372d6f4143e0b01e4c9532592548bd5d05e782,CLEAR,DAYLIGHT,DRY,DRIVING SKILLS/KNOWLEDGE/EXPERIENCE,2.0,37.0,2.0,2.0
0dd10f42efdc68b5cfb8035a29064b19e7413ef508c705a83b2594aa5c96ed7de1887e6b690e6da2dd047177bf8689c1f576f050ea1660eefb03998da6b6f531,CLEAR,DAYLIGHT,WET,TURNING RIGHT ON RED,2.0,22.0,2.0,2.0
0dd14285f3a4718db3d00fb8def269e90ee975fa60a371974c90cb6b213d02fc37b302fb28d26ac5c9afbb0601e025aa4a0e5ba24a55738cc48533f0cac50757,CLEAR,DUSK,WET,DRIVING SKILLS/KNOWLEDGE/EXPERIENCE,2.0,28.5,2.0,2.0
0dd159cf864d84eb78b40476698057e064eaa257282f61e84f770d19c585a29324925929c9b23b33cfaf3ce39be6a17841e28a8310bd4d7e215c7cb6a8798b7f,CLEAR,DAYLIGHT,UNKNOWN,FOLLOWING TOO CLOSELY,2.0,33.5,2.0,2.0
0dd18627090a517375a455c000d1d205d1ca88eea7ebdf8895c670ed0b73f7f54934cadd0e78e202c47ef759e05520699eeda3ff4e2af0a0525d9a6991accc11,CLEAR,DAWN,UNKNOWN,"OPERATING VEHICLE IN ERRATIC, RECKLESS, CARELESS, NEGLIGENT OR AGGRESSIVE MANNER",4.0,86.0,2.0,2.0
0dd1bdb284d7141df2828fb9cf8275c9a830c8f7edb7d12ad3bd34cd9ac077be4aae05aca52cd90dfebcc9c34ec590e3a000640288f1914eda146f1c1f529512,CLEAR,DAYLIGHT,DRY,FAILING TO YIELD RIGHT-OF-WAY,2.0,66.0,2.0,2.0
0dd1c0ac4f7200cf0ae6c9eedecd1c863ef0e9195991c6a0ffab9a86e7d4b4518425cfa82364c898946bfdeb9a97bf9d993ba0541064465cef837111371a0c19,CLEAR,DAYLIGHT,DRY,IMPROPER OVERTAKING/PASSING,2.0,29.0,2.0,2.0
0dd1f5e9c69a06e7074554ba968827ea310f036f73badb8649aaa1c38f8c7a5e5a409035862bf8ea4483ae169447035751fe36122707d134527b612b1285248b,CLEAR,DAYLIGHT,DRY,FOLLOWING TOO CLOSELY,2.0,23.333333333333332,4.0,4.0
0dd20774c5a352b08800ec339854df385562a91f4ccc9cf9a39cf520d67132a740d9a985182d9034c84c7772cd765ad6723eae840e86ca13352092364da7f713,CLEAR,"DARKNESS, LIGHTED ROAD",DRY,FAILING TO YIELD RIGHT-OF-WAY,2.0,37.5,3.0,3.0
0dd2249264dd0e96ea71fe7152ebd1f0ac27e5de29de089c33f8fb230d8997e6b56fbeb6038c91ade04885204b98b764af55616145f9e24f5d4f649061adcdc4,CLEAR,DAYLIGHT,DRY,FAILING TO REDUCE SPEED TO AVOID CRASH,2.0,25.666666666666668,7.0,7.0
0dd224a0bf763cc74c5a2b6d7f61482126a44f00e7f2fdf6b2b67173198cde982b3a0d35bf5fc43652f082d8319d04c9f4841263932e8be214686a97d0a2fd36,CLEAR,"DARKNESS, LIGHTED ROAD",DRY,ROAD CONSTRUCTION/MAINTENANCE,2.0,52.0,1.0,1.0
0dd255734ac5bf77282a2bd4adaf5402e5888abf1e405024ecad1cdbada14d1568f559a67a30cbbbe33255ec9e9143c66ed746db3684876eaec5eb79c5ba8d9c,CLEAR,DAYLIGHT,DRY,IMPROPER OVERTAKING/PASSING,2.0,34.0,3.0,3.0
0dd257801c6dfa6403862921e0811f86b42af6d96954e0b7af63600693523c91c299918dedabd615dc53a69dff52dd460b0068344775bdd7977820400fb47c68,CLEAR,"DARKNESS, LIGHTED ROAD",DRY,FAILING TO YIELD RIGHT-OF-WAY,2.0,52.5,4.0,4.0
0dd292df95e32b4280691d573b8e566cee39698eabb4abb7e57cbebdc434bf55e29f6ee5ea6e736f845a08a9b5e26461ec8570b471a615c6df449ec120f77ac9,RAIN,DAYLIGHT,WET,IMPROPER OVERTAKING/PASSING,2.0,59.5,2.0,2.0
0dd2940c54ea3539b2107b010036394488e179b12d9a666795b5addefcb2fb6074a4bdac9ccb6e683725d786f35e57d7579811c629cd11d2e542f7e4d85b94ef,SNOW,"DARKNESS, LIGHTED ROAD",SNOW OR SLUSH,IMPROPER BACKING,2.0,45.0,2.0,2.0
0dd2d0f56b9f318c7edc31f81571106bc38bcd2977780d4bd0ed1893aa03a26f8956b691f8eb92250e67182fb3107f9b146e12da832909d3e061229662bcdbd6,CLEAR,"DARKNESS, LIGHTED ROAD",DRY,FOLLOWING TOO CLOSELY,3.0,14.0,6.0,6.0
0dd2ed0a5d8fb414bbef7d23a039d4ccea7f7390697fea9e242a03cb4b0f2fdb8a5c43349937e576d7de8db840945ea3a942ae523b0f6455164c3e7b4a0977f1,CLOUDY/OVERCAST,DAYLIGHT,DRY,FAILING TO REDUCE SPEED TO AVOID CRASH,2.0,43.0,2.0,2.0
0dd2f529321a175c07237785518ac439aabe740309b31fda06093914f6fc85592321f2576d4ce1134325c7bbe6fd7190e26320074897e5113ad137686ce77829,CLOUDY/OVERCAST,DAYLIGHT,DRY,FAILING TO YIELD RIGHT-OF-WAY,2.0,24.2,5.0,5.0
0dd3322bb8d901ed0eea64a4bf806b2f884ccc2b001e9e658fa58ee380511cb55fdecf5f08f578b1a591f88c9aff2f99343283bc5e749a2c651807e4a1609077,CLEAR,DAYLIGHT,DRY,IMPROPER LANE USAGE,1.0,25.0,2.0,2.0
0dd35082ad109ee9414833accc50b05783f068874bf7c59665ad494759d34abe80fdcc6664a7ab2ea57b09e2bc2ae69a411d2352764d4071e774e7988d0904dd,CLEAR,DAYLIGHT,DRY,DRIVING SKILLS/KNOWLEDGE/EXPERIENCE,2.0,39.5,3.0,3.0
0dd36156843550af7746658023a293a32144d1cc7639874b6cf6efd37afe901382c1c100ddba27ef1e898fac4d50ca9d5e51dee4730fca385aeab0e00b40fe7b,CLEAR,DAYLIGHT,DRY,IMPROPER BACKING,3.0,39.0,4.0,4.0
0dd3ae9e943941b558700af6321eb370917bdc0e54a1ec4874e1588273b7277bef2e434694a8a4ea704d32ba6f5a3c0f48a032d819e45d075301b6fef2d5ccf7,CLEAR,DAYLIGHT,UNKNOWN,DRIVING SKILLS/KNOWLEDGE/EXPERIENCE,2.0,41.5,2.0,2.0
0dd3ca1e5fc24beed05bca0b4b4895a0ea61b3d6830066bebc1df0976d1938f2282c4cc0db32ccee9d1292a70e4cca804b2e89773c5dbb60d17ed0f28434e0dd,CLEAR,DAYLIGHT,DRY,FAILING TO YIELD RIGHT-OF-WAY,2.0,34.0,2.0,2.0
0dd3d1577ff68912261a0606e89adeacc92d21040d9cb537dd09a697911ae5c13ba56aacf25feaa1c29bac22648df487a2ba37e182086e41eed8f6e5e178198c,CLEAR,DAYLIGHT,DRY,IMPROPER LANE USAGE,2.0,48.0,1.0,1.0
0dd3d25edc34ce69132f6919295a829c0a007063f65fe51972eb060cbefa40ef6afbf61281a6045b42a369ac31eeb10fc4f642619bc9203245d38fc06856486e,CLEAR,DAYLIGHT,DRY,FAILING TO YIELD RIGHT-OF-WAY,3.0,19.0,2.0,2.0
0dd3e3e7719cffe2fbe08227d4082ba17a368ddc3fcf5df6093d900e9061368ab55b0a884b5afa70dc1000cfc17ce723eb0b35f365883f75e9e428a37ef3aff9,CLEAR,DAYLIGHT,DRY,FOLLOWING TOO CLOSELY,2.0,51.0,2.0,2.0