crash_record_id,weather_condition,lighting_condition,roadway_surface_cond,prim_contributory_cause,total_vehicles,avg_driver_age,total_people,total_injured
0dd42be8f2977221315eb152f887b787acab5c10c575e7ab8ac71b2819de5b5dbb93e12ea17331364163f5e67c8c5106181166fc8498ec6a26bb73b044e49827,CLEAR,DAYLIGHT,DRY,IMPROPER TURNING/NO SIGNAL,2.0,52.5,6.0,6.0
0dd44b90551798050748d9f41885b26a0954d1f63c5229751e8e4edfafcf37d74935144a3bbd35a17c7a0eaf751340a67af5ddeb51ec4aa7ff50585dd3f7f682,CLEAR,"DARKNESS, LIGHTED ROAD",DRY,EXCEEDING AUTHORIZED SPEED LIMIT,2.0,28.0,3.0,3.0
0dd44edca9c635e17799a338479c96f4c44b02f993b9585f21dd4a4fae5d3c3b0490e29979878f88c8ff8cdbe3305601e30b46019aaeaf930b43128623ebe028,RAIN,"DARKNESS, LIGHTED ROAD",WET,IMPROPER OVERTAKING/PASSING,2.0,37.5,2.0,2.0
0dd4684f05e19c853958bb62e22beda92d330e3173198ea5ce7170fb96da466223858b3cedc0aebe0ee80e8a74d64cea74fdfa419270b0f1a7e2f809c598ddbd,UNKNOWN,"DARKNESS, LIGHTED ROAD",UNKNOWN,"OPERATING VEHICLE IN ERRATIC, RECKLESS, CARELESS, NEGLIGENT OR AGGRESSIVE MANNER",2.0,37.5,1.0,1.0
0dd46caebe5d6263c65c0f3be654b6003e72b70dfa426e3a264bb8c5c6b3ed45aa448aa9bcb5aa4b7744e078f76ed68c7aca4c3a988ec7865e74c8c5a8f8420c,FREEZING RAIN/DRIZZLE,"DARKNESS, LIGHTED ROAD",ICE,FAILING TO REDUCE SPEED TO AVOID CRASH,2.0,46.0,1.0,1.0
0dd489065d5abc52a9c138167249cb7c25f4fe66706d92b3aa121b21c1fc7e180c0e2ab14b05bc4dbffd2cdec66d518cf6717a2a2f5131916c95a00887d42a88,CLOUDY/OVERCAST,DAYLIGHT,DRY,FAILING TO YIELD RIGHT-OF-WAY,2.0,27.0,4.0,4.0
0dd4ace22948430d7647e27119ed2be92f1c0d0f62e2e4227afbbf5fca6c1a26652421884c23ef577fe8d6fd1b5137a626d6c69833d271d1bc2c69ee4b9fdb76,CLEAR,DAYLIGHT,DRY,DRIVING SKILLS/KNOWLEDGE/EXPERIENCE,2.0,40.5,2.0,2.0
0dd4ad227e36e6f5456d85bb965f7f25260ff60dea46e45d3d2a9661faab745a154e7ae21ae3dee1981b2f8ed9e4e42997adc2329dddda3bc0323a2bb4f08bda,CLEAR,"DARKNESS, LIGHTED ROAD",DRY,IMPROPER LANE USAGE,2.0,44.0,2.0,2.0
0dd4c2ad945a75bdd2e59e23f8889a0d047ca2f14487c436ab71ec4baa573b50fc447a9bbdf60c4b17a05f3b09cac704a7c39ce331ded76952204254ffb44ecb,CLEAR,DAYLIGHT,DRY,FAILING TO YIELD RIGHT-OF-WAY,2.0,30.0,3.0,3.0
0dd4d46272119646b74c76909023f0ae2b8ec4e4cedef81cafdbb8728dae3c218ab8bb94a206d92490feb3685c9ec98abe898fbd450311cfcc5bd7da79311a6b,CLEAR,DAYLIGHT,DRY,FOLLOWING TOO CLOSELY,2.0,28.5,3.0,3.0
0dd4d6978d3a2577bb6b954ee4c151e6d660df81fd4139301628811f7911740f7c415b949cf6e99e8a1a231265daf364e41ea11f9862346bbc4975e299b1be52,RAIN,DARKNESS,WET,FAILING TO YIELD RIGHT-OF-WAY,1.0,24.0,2.0,2.0
0dd4d8a5292b6571819c3085686da8cf5c528ce20a1bb5f9ab2eb8824c3628bb0a2b27d6b3d08e390a646f1340aa9099f625c790f096fa56a188533985aa8227,CLEAR,DAYLIGHT,DRY,FAILING TO YIELD RIGHT-OF-WAY,2.0,23.0,2.0,2.0
0dd4deac13425b11c0dd1f42c276f3d0e000faa1b38c940ca8b2646ece693509c26dda771171a6feb7d4465b18f01c0394c27cf3e02de04da2127a79c7a4b5cc,CLEAR,DAYLIGHT,DRY,FAILING TO REDUCE SPEED TO AVOID CRASH,2.0,70.0,2.0,2.0
0dd4ec3067d3d201189648673447f68ee5d9faaa5234f095ba87e4abf744b7586197bdfb245a97817d8ebec1744249ab6088f70c05ecc2ddf859948c95bf6fb4,CLEAR,DAYLIGHT,DRY,FAILING TO YIELD RIGHT-OF-WAY,2.0,30.0,2.0,2.0
0dd4f8afbf3875425c302467ba7328b2a6470bd51eeca79da01022051af9632cf1cd16b1b71244140485e5c14f4390209720fe9b19fc8a71a78cd593d6e2f726,RAIN,"DARKNESS, LIGHTED ROAD",WET,WEATHER,2.0,29.5,3.0,3.0
0dd4fb87ba083f6947791f90d073d8581b418835baffa7cdcd5822305ebda4cd6fbb3bb324d30eeb8f1f1c7539fc8a0847b0d03c0c68ca44ec24862412475088,CLOUDY/OVERCAST,DAYLIGHT,DRY,IMPROPER OVERTAKING/PASSING,2.0,22.666666666666668,4.0,4.0
0dd502a591278505bf3550e810a9bbecb6f92b095836ba008e2b78e9c4a11b5cab02beb906e4e08bc732a627c7d53572db025fa6942c90c26641c0dd80110208,CLEAR,DAYLIGHT,DRY,DRIVING SKILLS/KNOWLEDGE/EXPERIENCE,3.0,45.0,3.0,3.0
0dd529b82b5c8ee8ef2bf29afa04a3b12c3802c291f13d5905a331895b77e9447490d33e7bf7b6eb1d63eed3dd848695d261b0b08f8ee99ebbf04051d20a468a,CLEAR,DAYLIGHT,DRY,IMPROPER BACKING,1.0,54.0,1.0,1.0
0dd539ad9c560d32f193d058fc274747789cb941aed8e9ada3468fd0e4fd30930d29faa27616789a4dac789199306200afafc65c132e6a9f10e568290d71061f,CLEAR,DAYLIGHT,DRY,FAILING TO YIELD RIGHT-OF-WAY,2.0,36.0,2.0,2.0
0dd543d9fde02ba8d88fadec6623042255ccd05f48719255c45f1001a49fc07ea76f3d073bf1160b1b1555da873fcd6141486a798c4aa1b9305e529dc9c32919,CLEAR,"DARKNESS, LIGHTED ROAD",DRY,DISREGARDING TRAFFIC SIGNALS,2.0,45.333333333333336,3.0,3.0
0dd573368f520728823167550a7796096d98bff04363a055e864ca4f3f01b77b08ae93d4bf53f5d118f9c56a6d49e288b5d8c5d4fcb685db894f1fd181fd45b5,CLEAR,DAYLIGHT,DRY,FOLLOWING TOO CLOSELY,2.0,37.5,2.0,2.0
0dd5785d9b10d6142051cec372ad7872cdfb330e3434f7c09814c762da3b7f632c3753e7edf719b95b3ec37c894ec62cb882aa5fe7259813df337b897c5b0b18,SNOW,DAYLIGHT,SNOW OR SLUSH,IMPROPER OVERTAKING/PASSING,2.0,64.0,2.0,2.0
0dd580dff1594b6f1c1007ed7eaf2b7b1cf6c564593dc840886a2f6f1e5295c1900667e258f65d64a776497ef095d7d5e7a43bb563e6dcc6c06d74ae1f723515,CLEAR,DAYLIGHT,DRY,FAILING TO YIELD RIGHT-OF-WAY,1.0,50.0,3.0,3.0
0dd593dc6d0eab8a4c58fecce94a65bc39c6a3b405a7a948a9e2650f274d9903a18ede9a1e2190cc86ed841f84c49cc7d6c4740496b272907f421b91545eac4f,CLEAR,DAYLIGHT,DRY,IMPROPER BACKING,2.0,39.666666666666664,3.0,3.0
0dd5ed2db01623e7e173c94425653497c9bc5061e56b5c2b7c16eb830ad4f5fdd5f264e255d2ab1b9030705d94ed5322d968b72ac997df138409eb5b4c56e950,CLEAR,DAYLIGHT,DRY,IMPROPER BACKING,2.0,45.0,3.0,3.0
0dd5fc773ee0946602c3a217f36ee1c5742a84e527d97c8186d3dda557282258a5d2068703f3e515b4d863b1358bf7d5bb1281307c1d581e63e73a340d7f76e3,CLEAR,DAYLIGHT,DRY,FOLLOWING TOO CLOSELY,3.0,24.0,3.0,3.0
0dd5ffae895f0d5339634ffea5738291cee7f2a1314af2d532f4c68f7396739ee6d07e69677f295b870fc1b3b89feeea8d8903d496e8b27dc82b4e2daaf0579b,CLEAR,DAYLIGHT,DRY,IMPROPER BACKING,2.0,57.0,1.0,1.0
0dd606cb3eb940e1e0f969e5b0dfc0649adf88e5e488e04b20ced0c5690ba7696e378f00d35343f14e889e92ffaeab964d90c65149dce9d65254ee79d2203b0a,SNOW,DAYLIGHT,WET,WEATHER,2.0,36.5,2.0,2.0
0dd609c1200112903d95fa4652d4e3d5c728b15a7091d64fae0a329aaa226d69e696d11e328750ab42cc72024f5be3fab4aafab86773113b2fe544b964372b61,CLEAR,DAYLIGHT,DRY,FAILING TO YIELD RIGHT-OF-WAY,2.0,13.666666666666666,4.0,4.0
0dd62ab1802d1034b1f17587ef7ce2f564edb95644cabae3ad7d2a50b6756392709f96aff948c0a5a04bb027ff072d4e0e9ebbc1faffbf27dd5493278929269e,CLEAR,"DARKNESS, LIGHTED ROAD",DRY,IMPROPER TURNING/NO SIGNAL,2.0,41.2,5.0,5.0
0dd62efb433c9be6e358f3b4c8ba1db925ec8580fffdc86269e6a75a238e223897ef570b2d58ced2882cf446ede9eb0ee0d9cefd60d768f9dc8dfc5857bd2e5c,CLEAR,DAYLIGHT,DRY,PHYSICAL CONDITION OF DRIVER,3.0,48.0,1.0,1.0
0dd63d935e65e2a35818e57968485910e47bca04ac55f5474f2fbb3145c108ef1304b09bd2bba8b7e6c5a0f96503ac569d3f562a98632901f98cd2d7b03ff81c,CLEAR,DAYLIGHT,UNKNOWN,FOLLOWING TOO CLOSELY,2.0,38.0,6.0,6.0
0dd65dcfb561139fd28beb5a62ead01ca2c0d8603811bdf4b583fc047b1ade371ad846f898865de34212e0c80a6a882241b10699a887087783f31fe73f42ffe9,CLEAR,"DARKNESS, LIGHTED ROAD",DRY,IMPROPER TURNING/NO SIGNAL,2.0,28.0,2.0,2.0
0dd6a00e7b9afa57490b78375f833485e6adee0c9fd87c05c2915f478b6975d5492e2aee111b09c52ad935dd892ace765a78f592715ebfe9f22393c1705c04ad,CLEAR,"DARKNESS, LIGHTED ROAD",DRY,"OPERATING VEHICLE IN ERRATIC, RECKLESS, CARELESS, NEGLIGENT OR AGGRESSIVE MANNER",1.0,23.0,1.0,1.0
0dd6bbe286509bc346d5f3e3d3c2fd07909e3941f798759d5d1c8172a2389f616180e8fbd06d0afb10e42eb88eaeb0e6dfade2db60f310ea5bdaf682517f6050,CLEAR,DAYLIGHT,DRY,FOLLOWING TOO CLOSELY,2.0,35.0,2.0,2.0
0dd6c798a8e57b7ff5d5609e40d5d7d49b7f5ae0ca45d3313b5ed4a4d334264113dd62caeb9ee52cb5b2b0b56fd795fedc287d08b0f7550a94e5d6780b562673,CLOUDY/OVERCAST,DAYLIGHT,WET,FAILING TO YIELD RIGHT-OF-WAY,2.0,38.0,2.0,2.0
0dd6d1284a9b258c5f0ef37036c8fba3fb50f650712b8fce00468b932912ed43dae1964d3405ffc160013297743fd4f085371adf07c091abd0d4d8d0f360c804,RAIN,DAYLIGHT,WET,"OPERATING VEHICLE IN ERRATIC, RECKLESS, CARELESS, NEGLIGENT OR AGGRESSIVE MANNER",4.0,28.0,6.0,6.0
0dd6de0fc1620ba321a171183d2d471f607f712eeaf565c639b57d4794dfb899edcbf6bf85bccc46ac0feeaf102eb18aecb469b7f517fcbf941ba6c8829ab199,CLEAR,DAYLIGHT,DRY,"OPERATING VEHICLE IN ERRATIC, RECKLESS, CARELESS, NEGLIGENT OR AGGRESSIVE MANNER",2.0,32.0,2.0,2.0
0dd6ebaf0edd8f53ba395ebf6ea0412a041663b4cdb1879cf01c34d8fe21db807b34d3827f14d19780e45e004f233ea8e243d8f179d2a2e4ad55c63f6aef57af,RAIN,DAYLIGHT,WET,IMPROPER TURNING/NO SIGNAL,2.0,48.25,4.0,4.0
0dd717eafb0385a308a6e04db40015ce80c972eeec49af9d00f640d8722fd87995bd1f2c9f0dfd218835f9a535cad7c98aa8391514414c2807e5caa9af2aee1b,CLEAR,DAYLIGHT,DRY,IMPROPER LANE USAGE,2.0,48.0,1.0,1.0
0dd741ef68fc10373abcf05eda4492b011acd73cd9b49d9dbd81e2e1d83a02a11a82342385b5f3da9560ef422773e21ae2a0b3cdaf963b95cf56d14e80a0abf3,CLEAR,DAYLIGHT,DRY,FOLLOWING TOO CLOSELY,2.0,28.5,2.0,2.0
0dd754b322de5f91c7d64213bdb201b16c6198c546c90111d6852398514cceabcbfad55bb5db77d5d72defa62322365be0e75bf1162638aae9fbc8b31eee8710,CLEAR,DAYLIGHT,DRY,FOLLOWING TOO CLOSELY,2.0,50.0,2.0,2.0
0dd75b8c9853cff867cfc43a820afc3cf0a5c63a28d1fe124414a29ffeaf3950c96425c1e65e34b505fca4e6692a5201c64ded2b9e278d4eaea38602dbf721b4,CLEAR,DAYLIGHT,DRY,FOLLOWING TOO CLOSELY,2.0,28.0,2.0,2.0
0dd75cc25ffadaa80e57c5238a02906b5ac3a23a53928401fccab73cdad780f1aa7179d77dd417cf8a87d1a7b0f535a48ce4d5976925a07899affa9965b9ed43,CLEAR,DAYLIGHT,DRY,FOLLOWING TOO CLOSELY,2.0,63.5,2.0,2.0
0dd786317e317acf783af5ff831c1d148a7f600efd810715184de5dd2e78593d6503b00ccf71f166519fb13c700ad9406550d942573e480e12c80f3a3ec69765,CLEAR,DAYLIGHT,DRY,DISREGARDING TRAFFIC SIGNALS,2.0,32.0,4.0,4.0
0dd79acc308172ce5becbe4b7626be08d4c3497bcb1ee489b30fec01e5df9935372ef91bae1b6da9e9775398cccf67b73c7595ef2a56c80bad13a3815864d596,CLEAR,"DARKNESS, LIGHTED ROAD",DRY,IMPROPER LANE USAGE,2.0,37.5,2.0,2.0
0dd7bc647a1c666fa5c56c02f3fbeabe63ec0846eddc1d25b13c77614b7611d83344b850a14fe010ac3507f2bf793402a14767140d2a94da24145369dddc081b,CLEAR,"DARKNESS, LIGHTED ROAD",DRY,IMPROPER LANE USAGE,2.0,50.5,2.0,2.0
0dd7c2c02f66a529d3e51dc0b70f0102f6e5820d3b1aaf8b8233fe08140b46c37813db54cfb69b2b36cea4e7852883c39556a1549137ca768f0401dcd289978d,CLEAR,DAYLIGHT,UNKNOWN,FOLLOWING TOO CLOSELY,2.0,23.0,2.0,2.0
0dd7f9f8730bd6a0a15331bd54634ff5ea9491e1813c15133f5bdf9f899ab65338b56ecd366ed3cd63d091f871b9ec42588b2c075d8ad6946aa1ec85e22dd4ca,CLEAR,"DARKNESS, LIGHTED ROAD",DRY,"DISTRACTION - OTHER ELECTRONIC DEVICE (NAVIGATION DEVICE, DVD PLAYER, ETC.)",2.0,32.333333333333336,3.0,3.0
0dd7fe541275427e0d79f51a8141f8f2483ce94b910bea8ce83cb8d46609c3ecc86d354c18d0c2ad2c4511fe14b979249ded1cff648260159a090ed5feea48a8,CLEAR,DAYLIGHT,DRY,FAILING TO YIELD RIGHT-OF-WAY,2.0,53.0,2.0,2.0
0dd80803637aa572d477aef49201931cf5e789ed3d3cf542cb0a9dc17b761de1f87e176810f2e251464b16492d310047eb552138f55254a1065d931bb8034608,RAIN,DAYLIGHT,WET,FAILING TO YIELD RIGHT-OF-WAY,2.0,28.0,2.0,2.0
0dd84f78abcf5c9b73774eeea6b5ce629315598d4e9b117864c4731f9ed841863a718fe9705f20994f3c829ff67ea1c25089b6650d12f5027fccc19d1f6eb3a0,CLEAR,"DARKNESS, LIGHTED ROAD",DRY,FAILING TO REDUCE SPEED TO AVOID CRASH,2.0,37.5,1.0,1.0
0dd89f78eab83f7cbf30869675ad5ce0e2cad7d2ce657215fef1f72a12fb0a579d5253e7a5d74c8ef708bc89ef932cbc19e1c4b7e3b7fcbf5e194dc99f4a54b5,RAIN,DARKNESS,WET,DRIVING SKILLS/KNOWLEDGE/EXPERIENCE,2.0,24.0,2.0,2.0
0dd8cf765fc07a6041628597b7259f8ac6076394faf31862c6957d79ea5798a7013119e7e18adeae502d64705ee10b245578399e697d683043f8369e3f095181,CLEAR,DAYLIGHT,DRY,IMPROPER BACKING,2.0,35.0,4.0,4.0
0dd8e7da1d4dd6b54f70762c4a9db66b6efa40fe06b489288b19d20f4f40b3fee368d7f43a26aa5a0ef84b016d39a0206a155c3bb4473d3fb5c9e8dd4db83f55,CLEAR,DAYLIGHT,DRY,IMPROPER LANE USAGE,2.0,27.0,2.0,2.0
0dd9076551cb76df1191ff737566a7d2006f33a5f99f568df884742bba2b84e9affc49f7bd135197aed3d162be5c9f8102977776f56e3b66efc7a357bd51fe2a,RAIN,DUSK,WET,FAILING TO YIELD RIGHT-OF-WAY,2.0,45.333333333333336,3.0,3.0
0dd915a22e2e163380b15d7aac17a1c4ce2962586ae7edc27da125d794b36cb6f7316816504c55eee0363eb3c896b307731e871e17c565d22e653d778e52fa38,CLEAR,DAYLIGHT,DRY,FAILING TO REDUCE SPEED TO AVOID CRASH,2.0,40.333333333333336,3.0,3.0
0dd9635d402c01887945129c33348110b314dae78f2a4e162b32ca4371abcce47b87e30614422678b9a394066b2b2696700345823a802e9d891f27cb156cc4a5,CLEAR,"DARKNESS, LIGHTED ROAD",DRY,DISREGARDING STOP SIGN,2.0,16.0,4.0,4.0
0dd98613fb28ae416fb5de939190fb08ce01e702277cd2b5e993f227547c5e11d623cb5dbefe8e5912e676158e94470cce80aa9fd2316b2ba59a2fddb38d2cc6,RAIN,DAYLIGHT,DRY,FOLLOWING TOO CLOSELY,2.0,66.0,2.0,2.0
0dd9c5c0dad6499a794885d16b2baac7cd63429a937009509ec1bee091fde137e0f0ce2d86e8f8a4f6ae5a20e72f438c4149d1cba675caa05826aa37b2a47670,CLEAR,DAYLIGHT,DRY,FAILING TO YIELD RIGHT-OF-WAY,2.0,32.0,2.0,2.0
0dd9da13cb7f90430ce88822dcc676af7f656ec5eb9f4d65fc7acfeb6f5a636171808b2a8e5ea1faa1f77ec296c35e8d537c8c46547bf783bd4100080b79b044,CLEAR,DARKNESS,DRY,FOLLOWING TOO CLOSELY,2.0,39.0,1.0,1.0
0dd9df35a1344e872225b3841b24e466686e22ba3d6b287d4d76bc34b2a7c30739348f9257781918e4930a6b6fcd38974ba86a6f7bc133529424963fb65a2034,CLEAR,DAYLIGHT,DRY,FOLLOWING TOO CLOSELY,2.0,37.5,2.0,2.0
0dda1a1e6161055e4a5bafa866e8fc944d44d2b7dd6ab37f25cd08f4d6cca3e6654c1b1923650fb897da76861ac4da0845d134314bb8240f52f5aa9d940e25b5,CLOUDY/OVERCAST,DUSK,UNKNOWN,IMPROPER TURNING/NO SIGNAL,2.0,49.333333333333336,3.0,3.0
0dda24e052bba06da983cc9dfae185d6091907c0ee500f2f745dc68ed37596d396b141b80b90fcbbd8a82da53ac6fe990c39e890f5f58003c8dc60dce82a78ab,CLEAR,DAYLIGHT,DRY,IMPROPER OVERTAKING/PASSING,2.0,33.5,2.0,2.0
0dda366b3090dff78d43c5b5502640bde83ccc0812f0c7ed7e863cba13cd4b8abcdbe5c4ab425133d3896900630164ddee92b428c091f47ad6240d40117ba085,CLEAR,DAYLIGHT,DRY,FOLLOWING TOO CLOSELY,2.0,37.0,2.0,2.0
0dda6c38a77415e86c55411b1509eee6287528f11b8de553dd8e944dc436114d3b034228d74fbca91dc5775f3241be18670a667d381148de2e3e6f0b175cbd6a,CLEAR,DAYLIGHT,DRY,WEATHER,2.0,33.5,2.0,2.0
0dda84b5b2562623000e2cda982403f86f802b10a8e79c58ffba7b629f0ccf19952160065bae436fe94d77c76badc8742dbf48c4c62bcece6faba94f6f7b3bc3,CLEAR,DAYLIGHT,DRY,IMPROPER BACKING,2.0,49.0,1.0,1.0
0dda8e36e6aea862ab9de721bc34b1627d95d18acb74cd04cfe6beb769af27239aa40b5304bca4253e420bbd4036c4c663ccf56aa338b849d0611822bb9935fb,RAIN,"DARKNESS, LIGHTED ROAD",WET,FAILING TO YIELD RIGHT-OF-WAY,1.0,35.5,2.0,2.0
0dda9c293d3e62d2035a326c15c487694a34b860eefdb6e3cbed53e5b768d3c56e6a78e109c509f777d91eebbee94051f0a24f7fb02a244ed511a7845da0b2b5,CLEAR,"DARKNESS, LIGHTED ROAD",DRY,FAILING TO YIELD RIGHT-OF-WAY,2.0,37.5,2.0,2.0
0ddaa4f82599556170e1f932502a0d3eb38748f6ad172521401253df976a2fb81462632bf5a13f937b019d22b63c4c529ffbf320e90f05086c292e0c55681013,CLEAR,"DARKNESS, LIGHTED ROAD",UNKNOWN,FAILING TO YIELD RIGHT-OF-WAY,2.0,47.666666666666664,3.0,3.0
0ddac058c40dff830f4e94efb061db1d5aa91e94292bab7749a4eaf2247b44db6d620d6c464f79ce54ebf1fc6181ad6df3981b889dc4bc9b846485de5d6d939b,CLEAR,"DARKNESS, LIGHTED ROAD",DRY,FOLLOWING TOO CLOSELY,2.0,44.0,3.0,3.0
0ddad318ce3cc02164bbc5e39b71675d1f8b6c39f3cbca406a10a2d262e8a5ac8b4b23a359383084e8899a0d9a78965b0ae9f4c8e8275e0c6f7181b9899400c3,CLOUDY/OVERCAST,"DARKNESS, LIGHTED ROAD",DRY,FAILING TO REDUCE SPEED TO AVOID CRASH,2.0,44.0,2.0,2.0
0ddad81b69024059f6e677daa9f76791dbb302f2068a0a67d856dcd17f1f2cb9e771b9af781420892d052cbbf7ddf777adda727b0d0c2de3f7c08da6f77c4165,CLEAR,DAYLIGHT,DRY,FAILING TO YIELD RIGHT-OF-WAY,2.0,38.0,2.0,2.0
0ddae9a958827fd0c7389ec44b60f38044879eb3228ce74ab72da4cfe8119a1d9e815cfcb2f704c9834a5d0ab1463488eaf28fa6194c31673e453df0d004b708,CLEAR,DARKNESS,DRY,FAILING TO REDUCE SPEED TO AVOID CRASH,2.0,47.0,2.0,2.0
0ddb0972dfdc2f67b9213a842ea7420d5068e8d1c143b62047ea36e18da656c36b2614baf08078c6f85a86017722bde920a7fab4d98e78f4cec109a78353c16a,CLEAR,"DARKNESS, LIGHTED ROAD",DRY,IMPROPER LANE USAGE,2.0,30.0,2.0,2.0
0ddb0baefc23ffb1ecfe2012939430c84b5e6e82da7ee549a4ece6de358f4354173faa77ab7616fbf93582a44ff2d7865a085c336f7613e7fd868a5506e5cbea,SNOW,DAYLIGHT,SNOW OR SLUSH,IMPROPER LANE USAGE,2.0,37.5,1.0,1.0
0ddb0e884c5cd0c5c05e55436de3159830f156c3bb46d74c4a7b6f5cfdb4616df6d530fe8514ffd1a6243723b40fd24c1706492b824bba1686ec22bd7d6ad824,CLEAR,DAYLIGHT,WET,IMPROPER TURNING/NO SIGNAL,2.0,26.0,2.0,2.0
0ddb2dcabdff4bdc8dd36ce19f4b10a986d8712d2415b2834527d316deca4640f105c07ffc952871ecb81ba85172d0bc70770764882b86157a6a62f1eb6822e5,CLEAR,DAYLIGHT,DRY,FOLLOWING TOO CLOSELY,2.0,40.0,2.0,2.0
0ddb2e53d1985262b8d7daa28be272a82dead8643ef63a63fb232d18edca8933f62bf42c1b05baf25365f98c7894ddc9f78a6d81047b04352a2005a1fd0ef85f,CLEAR,"DARKNESS, LIGHTED ROAD",DRY,DRIVING SKILLS/KNOWLEDGE/EXPERIENCE,1.0,36.0,1.0,1.0
0ddb718b6dcd8a7b2e18f05e436834c3a2d6cd3e66e1c70fd19f93c39be7e8c8d45cdc5ee44dc1aa8245c612fd581e5df7e4204e4094c2e474a20191d968ea0b,CLEAR,DAYLIGHT,DRY,FAILING TO YIELD RIGHT-OF-WAY,2.0,30.666666666666668,3.0,3.0
0ddb8c24f2756e904a3a6ab9ce70b4017f4123e41cc0a7e490da1a99e498584d62264ac6c123d3fef5fdd7719f4f30eb60f724a3052d9242679b2abb14a23fa8,RAIN,DAYLIGHT,WET,DISREGARDING TRAFFIC SIGNALS,2.0,35.0,2.0,2.0
0ddbba8da98f6acba06146b03f314acfd09ba538a7caaaef6352fca312f2dfc372f47beaef92ecdd8b3dc7cd2f8857aa9ba6bef4a567bbf8abf91a7e0349bfce,CLEAR,DARKNESS,WET,FAILING TO YIELD RIGHT-OF-WAY,2.0,22.0,2.0,2.0
0ddbc9296a7aa1ca00b62ffe0932815ffe58acf680d5ffbb35660effc54ee4a00d97d56ff5ab4a7f1dfcaa3b549cf6b200e497445e4d8cfcad14567055acdd91,CLOUDY/OVERCAST,DAYLIGHT,DRY,FAILING TO YIELD RIGHT-OF-WAY,1.0,23.666666666666668,3.0,3.0
0ddbe0595433bf473d4e8c0068eb82f17e679baab42beaaaf6bf9b41a74ae54eec04c180fa4aadb97c45f8136c74fe6c872cd2f4377a6e90751ed232173e6a19,CLEAR,"DARKNESS, LIGHTED ROAD",DRY,FAILING TO YIELD RIGHT-OF-WAY,2.0,32.0,2.0,2.0
0ddc10c8570603f44fa83d10ba3e80ce286814ff4531cd82959bf921210990e666e4236bb2bead61a3bada8010aa27b547920f768ab30c7335418266d8ba52af,CLEAR,DUSK,DRY,FOLLOWING TOO CLOSELY,3.0,25.0,4.0,4.0
0ddc17854a8092e57ef013dc69b26adb0db78b6bc6c1667923ea5b99b8b73e41ce0f09b3f6d3f1538c06d48be354965dc3061f6249a3dd7443716b5de8b2ef82,CLEAR,DAYLIGHT,DRY,FAILING TO YIELD RIGHT-OF-WAY,2.0,35.0,2.0,2.0
0ddc2c6eda935131b72b943c0ce9eb18e15d86875f6459edde9a3823aa7b0ab299e9e96cb87fdbcab2ae6a048221bca204b2e8730c1c0bc38b80bd2cd228820e,CLEAR,DAYLIGHT,DRY,FAILING TO YIELD RIGHT-OF-WAY,3.0,47.25,4.0,4.0
0ddc39d1e30b42b7f851729b0672cf1b74c556e7d5cb3756a53e7917f5486574dc7719c10b5610033dd1b0fb8c8a1da911ecd54079e1d1ffde9eeaaff2d71581,CLEAR,DAYLIGHT,DRY,IMPROPER BACKING,2.0,37.5,1.0,1.0
0ddc60564172f3f0184aa1dae2f33672a1d81e42621471890b49abe24881b5831d3a0b67e0f62c6d653b6c629e811e5cc7d41162b6ff765fd7194a19290b0473,RAIN,"DARKNESS, LIGHTED ROAD",WET,DISREGARDING STOP SIGN,2.0,51.0,2.0,2.0
0ddc6b053fff200337b932a534738230315763befead01493ed52c543905fb02087e8cd5efdb46f4998537739c25ba769669773811327bc1e7eec427698b3780,CLEAR,"DARKNESS, LIGHTED ROAD",DRY,IMPROPER OVERTAKING/PASSING,2.0,40.0,2.0,2.0
0ddc6d7ae7866262b1d8a3cd51ceec366ed0d5d38e9cce202c3ce04bd782dd8bec4aaee898869a77be2e884e4082fda4e5f0ee31e4cee2eccc874967ebeac80b,CLEAR,DAYLIGHT,DRY,FOLLOWING TOO CLOSELY,2.0,74.0,2.0,2.0
0ddc7b3ffa656578bdcebea311312ce5703a5680f884d3770c997c614405cbe78b16503f83b9ffb27bc38d46565e29adbae18a6e6f430104f6978681e4e4cd41,CLEAR,DARKNESS,DRY,TURNING RIGHT ON RED,1.0,49.0,5.0,5.0
0ddc9fcc6c4c6bc38387ad7533111bae83d5a64d1c42d101fd9ffd80e2eebfb27267e9df3ae23fb23d743c66fe9f74cba1e7d9521930c398a0a24a250486fe7a,SNOW,DARKNESS,SNOW OR SLUSH,WEATHER,2.0,48.0,3.0,3.0
0ddcb119e4c2000a5fc1c878adf57d606e0ea1953a44aa902336c9481436642ffcf7c1fb1dffe790bb04b4e5beeb18220094fb18fd77e28de2ff7f3b114e5708,UNKNOWN,UNKNOWN,UNKNOWN,FAILING TO REDUCE SPEED TO AVOID CRASH,2.0,37.5,1.0,1.0
0ddccc6bfb6d42be3716750ad0d0f70125cbdc7af5812be544797433cc0c4daaed6b840a44800859cebeb4b7aeaee6981db5e403e5f202dca10cffe127a98da6,CLEAR,DAYLIGHT,DRY,IMPROPER BACKING,2.0,59.0,2.0,2.0
0ddccffc48ed5d1701ba6cc9e76ec43506769f26e305b2748b64f99fd193f4c143ca2a6f5acf63f05e8890b573d966c6e99f87c7afb9cdd7be0aa2123fca6dac,CLEAR,DAWN,DRY,DRIVING SKILLS/KNOWLEDGE/EXPERIENCE,2.0,37.0,2.0,2.0