crash_record_id,weather_condition,lighting_condition,roadway_surface_cond,prim_contributory_cause,total_vehicles,avg_driver_age,total_people,total_injured
0ddcd0fef8180fdb6c937daf60feb268d2284af235000013590785d1b610e43afdc7c688f1a5978b9954d438c6c378cb7969946065b8478652f5151160845a28,RAIN,"DARKNESS, LIGHTED ROAD",WET,FOLLOWING TOO CLOSELY,3.0,30.333333333333332,7.0,7.0
0ddd6baa38fd0f1b4a4d64a4721f7b459bd798852fd1f5a7861b3e34847f57863d3d992388447ff057d2fb8cc7146927907221209ea939cb7f326f7b78fccf74,CLEAR,DAYLIGHT,DRY,FOLLOWING TOO CLOSELY,2.0,49.5,2.0,2.0
0ddd84f34f5a5da85ca509c1aa22145ca300e1afc3419e91afb8563cf467b55a52a233da20a71bfd0e598790774919715a095db881d71e2aadcbcc8b7187e069,FREEZING RAIN/DRIZZLE,DAYLIGHT,WET,FAILING TO REDUCE SPEED TO AVOID CRASH,2.0,36.0,2.0,2.0
0ddde04d8dfc0d2452a576a33198d07f0b8472779d62334d79035599d935a930090691a640ebacf6c0ec4687dd54a9f95c34049f1e34f70927fada7e28ca2d88,BLOWING SNOW,"DARKNESS, LIGHTED ROAD",SNOW OR SLUSH,FAILING TO REDUCE SPEED TO AVOID CRASH,2.0,22.333333333333332,5.0,5.0
0dddf7253277d21421e2bfd618fc8f3a5c48c9c7697ebd2c601b1c8ed710d1702bef22cefea9272e9111dcce5cc818050dc28e68c8e361fe024e3634ffb33ad5,CLEAR,DAYLIGHT,DRY,FAILING TO YIELD RIGHT-OF-WAY,2.0,28.5,2.0,2.0
0dde0308211038eb6b3ec5193c353d173df589229640a0745f029052c2ddd5e2e01a025718bac6ce80f5541b0bc9dad43c5f3563f7e8e7d0050fa9da0ef4b5c3,CLEAR,"DARKNESS, LIGHTED ROAD",WET,FAILING TO YIELD RIGHT-OF-WAY,2.0,50.0,2.0,2.0
0dde2d606e4eec9f6a018782cc0cc56bb834ec7b8110ca4820db9956013b9312596804982d564f64165d33dac2baa2fe686440839df5fef6e6c61ba7c3611e13,CLEAR,DAYLIGHT,DRY,FAILING TO YIELD RIGHT-OF-WAY,2.0,31.0,2.0,2.0
0dde35beaada17d5f81a17ccce5f839b3390a6a16ca6849e1031c95f6b32b5388ad00b8e51a5d506f4ffd99737fd53a0656680a721d2f9a2d5e541ec7ec737dd,CLEAR,DAYLIGHT,DRY,FAILING TO YIELD RIGHT-OF-WAY,4.0,34.25,4.0,4.0
0dde4eea8ade15fff4e06968059888735ad8987a872a86a15b5c0ca93fdef93ae7af8d3ec6b5e50a51001bebe54fb51a3c4c7914fc56c9d7dd4b8c95517cc81c,CLEAR,DAYLIGHT,DRY,IMPROPER OVERTAKING/PASSING,2.0,29.0,2.0,2.0
0dde6365b6216dce489ccbe690844a839ba92023d4addca1b71640c15692e6b440b89063d133de8879d785d3b200ce5f0ba1199bf872959e1cbf398d29da0abe,CLEAR,DAYLIGHT,DRY,FAILING TO YIELD RIGHT-OF-WAY,2.0,33.0,2.0,2.0
0dde741c5e28b4dd4b12122f02d010c888ee830e2e0e1a795a078531a932722c1c5577c4bb66121906acf5b0980fbd4d20c588aacaad1602fc8ddd0c9aa839b1,CLEAR,DAYLIGHT,DRY,IMPROPER OVERTAKING/PASSING,2.0,37.5,3.0,3.0
0dde792e6e6677f1a0a11afc5b8e1e9107befdc70a7ce123b4fd7b3bf5ae5c1931491edde9f4ee169cb562630bd50923e8d58f30f2f0309cdf446206262332aa,CLEAR,"DARKNESS, LIGHTED ROAD",DRY,IMPROPER LANE USAGE,2.0,34.0,2.0,2.0
0dde82eae0f84999f9426591df5250c41dadc94d874892ef9b89b5b09aa1e0d312574b5f944f60e3ef38e70bafe91c733a82d42e934ef83712eff9fc0ba5ffe4,RAIN,DAYLIGHT,WET,FAILING TO YIELD RIGHT-OF-WAY,1.0,31.0,2.0,2.0
0dde840c92a23ba55c070ad8d837254477fa2ab39441947540903957de0364de14f0c99480d1bb12796f62aaa3cb5353142f48c799d6479d48ea5b0e4d23f63f,CLEAR,DAYLIGHT,DRY,DRIVING SKILLS/KNOWLEDGE/EXPERIENCE,2.0,37.5,1.0,1.0
0dde916cff039d8ca483c564ec0ea51213cd23da9fa961e5d14fabd9e3badb278d20dc376857270eb81afe92b92424b739598fa84d4002c9b64433211715fde5,CLEAR,DAYLIGHT,DRY,FOLLOWING TOO CLOSELY,2.0,41.0,3.0,3.0
0ddef7f8c07c2f519ad35799659e03446a60cc8d71c322a1b0451f424ad6e1fb05e6583b93f5b1b5d878c6d8453e698864f67955562289102a7e5d75760b72f7,CLEAR,"DARKNESS, LIGHTED ROAD",WET,FAILING TO REDUCE SPEED TO AVOID CRASH,2.0,65.0,2.0,2.0
0ddf0cd38e6cb9a4b81761addc19511e54b581eb8c850fca3bdcd9f91c68e04c54bb0bca7d56d7a3b9a5d9a2c55fa9eb2e87e217050ceee5ece80aef6acb211f,CLEAR,"DARKNESS, LIGHTED ROAD",DRY,FOLLOWING TOO CLOSELY,2.0,25.0,2.0,2.0
0ddf3163f72999ffa79e635265d48f1d29e9e9a1587d135dad4d34f7f1ddabf420a521d9233bfea2ce5bdc39deedf39e86ab04c74f96f06bad67ba3d6e6c4a5d,CLEAR,DAYLIGHT,DRY,FOLLOWING TOO CLOSELY,2.0,49.0,4.0,4.0
0ddf3243ea14bc5c5314138357ea03bf0f20913ada8a9994fa4291ea4a8887cc115ece1d5ff04ac95d1d44c1d087c06e6e6b23bda688f44be853d4cd9e82c560,CLEAR,"DARKNESS, LIGHTED ROAD",DRY,IMPROPER BACKING,2.0,37.5,1.0,1.0
0ddf53425054d38cdc9ac71f8a32eb6d7c05c46f06ca5bd7cb3fb08c26f982967e5042d1b1c9904f0fb0858c1071f0f66fa835333029b0bc8fee75e4e24a687b,CLOUDY/OVERCAST,DAYLIGHT,UNKNOWN,"VISION OBSCURED (SIGNS, TREE LIMBS, BUILDINGS, ETC.)",2.0,46.0,3.0,3.0
0ddf5f3447c6fe01d30621731c002acefe829a86b25977c59fba8b0395fa7b04c221ae36acbe98041bc5897ac817274b5cf6d9df5b10ff2d757c4fc318efe509,CLEAR,DAYLIGHT,DRY,IMPROPER OVERTAKING/PASSING,2.0,24.0,2.0,2.0
0ddf917ef998d235eba2d2de267e8ea843d6812ccc05f9c83e1f3dab21bb96be233071fcd62dffd49e6cb3ae03f6e44c528c6bd6975550f4fef42f88e322d465,CLEAR,DAYLIGHT,DRY,FAILING TO REDUCE SPEED TO AVOID CRASH,2.0,45.333333333333336,3.0,3.0
0ddf9c70f6bb0b5610a86987f6b7d6c5840836338a2f7a6bcd841771827c45b36bbd8ccd279027235ed2b1f120fabafa19f0c31d9696470b345caa4823053daf,CLEAR,DAYLIGHT,DRY,PHYSICAL CONDITION OF DRIVER,1.0,29.0,1.0,1.0
0ddfab016e0f403c20c0f2806508dc20594fee552a678717bad2855ee6721b9d98558b529f83ce2e5b026e51cd8521e25344a4e7a087bc01ff2c2832fa2b754c,CLEAR,DAYLIGHT,DRY,UNDER THE INFLUENCE OF ALCOHOL/DRUGS (USE WHEN ARREST IS EFFECTED),2.0,48.0,2.0,2.0
0ddfe8626f1c9700bc59bea357964066a5d4fdf7451c36113d9e39ea810de4876c32006c23bebd193454f39f3640000e782dda1761e8cce484340acb566bc617,CLEAR,DAYLIGHT,DRY,IMPROPER BACKING,2.0,29.0,4.0,4.0
0ddffa465aff2b0c9aca0aacf503433b4dfb47c9a3cae2239d644754360546554baa10b2f889655283b34549233b56fd95b25393fe88378676323115ec22df7b,CLEAR,DAYLIGHT,DRY,IMPROPER TURNING/NO SIGNAL,2.0,56.0,2.0,2.0
0de00791538102dddf380806d3ca68c6dcfdf3c57ec482bbae4eca03553e1f23f1730e6cadb5f14e2541986722a03fe2ae8ae89d32a0c880002d89f11fa3823a,CLEAR,"DARKNESS, LIGHTED ROAD",DRY,FAILING TO REDUCE SPEED TO AVOID CRASH,1.0,37.5,1.0,0.0
0de00f08026ce0c3c638b0394ecdb10ca42143f6280d0cfc869942b21c61dad4a57919d614a43b1de6e05e76f2da4233a101370cb2522f9b4ac04b7f3e93ae63,CLEAR,DAYLIGHT,DRY,DISREGARDING ROAD MARKINGS,2.0,37.5,1.0,1.0
0de017cdf4dd1a0a8afed44f13de375f2a06b569d0c3909558390b88bd726ca879a4675ab83202d7b66e34ffc7b5c5f48030cbc7d62df1ea2a5687f1f5019e11,CLEAR,DAYLIGHT,DRY,FAILING TO YIELD RIGHT-OF-WAY,2.0,33.333333333333336,3.0,3.0
0de039fac653217211e4a62e5171c4727b0ab8a158a92d00fec538c9af05b8ef414f5fdb87d237462064aa41387a9976a6713eff36163fbb627de53b195a1f62,CLEAR,DAYLIGHT,WET,IMPROPER BACKING,2.0,37.5,1.0,1.0
0de03c21d1df6dca164f08b7b30be5b71d7e482332b657277136365e8b0c3c129d81d41bcf8eb65a131da027ffc6c876b29c91980d722f3bcda3597a5cd65272,CLEAR,"DARKNESS, LIGHTED ROAD",DRY,"OPERATING VEHICLE IN ERRATIC, RECKLESS, CARELESS, NEGLIGENT OR AGGRESSIVE MANNER",2.0,37.5,1.0,1.0
0de057e6dee7ce24797305f2133a9d5822dceff044abb15e7f7bcf416a1b6651c4045588eeecbf73594c226ff04cae4718a25f4df488827c180e441c6192b9a8,RAIN,DARKNESS,WET,WEATHER,2.0,56.0,1.0,1.0
0de06ae9ceccbc93ca9ef4e0cc186873783f2795b94b80e01941fb35c3f607f118b98995c23e45020afcbbd235ab5556dbb0f2f932941b8749e37eaf92e5a097,CLEAR,DARKNESS,UNKNOWN,FOLLOWING TOO CLOSELY,2.0,35.0,6.0,6.0
0de06ea5e3e7e4cbc2a69d0861ed6ac72e5369278b1e7c952ad928219d8b929f9ee303f92441179c8777d782b8e4923e05a8619ea531d492594fb6a78decbd4c,SNOW,"DARKNESS, LIGHTED ROAD",SNOW OR SLUSH,WEATHER,2.0,44.0,2.0,2.0
0de081fe9b1b5ea58f7813cd9c90aeb6eecf3164dec62cda94f7aefcc14bb02ee71a3ab105f99a03eedc39270d30ea4cdfb0ea9ea7d120f1af304625f34aaf38,CLEAR,"DARKNESS, LIGHTED ROAD",DRY,FOLLOWING TOO CLOSELY,2.0,27.25,4.0,4.0
0de0857e5eb4d5abf30155dfd3feb33caa21e1ebf1b8935676fcaf3ef50b99a471e43654d75780632ac9ccad5c61b91eb5efe47076f4593573609a16295c60a2,CLEAR,"DARKNESS, LIGHTED ROAD",DRY,FAILING TO YIELD RIGHT-OF-WAY,2.0,41.5,2.0,2.0
0de09a23fb59528150cc3e874e9d313240445b649f04d9a63abb996a620074bf13c369abbdf5e12dff1683068d8b02b7d8b91a9904b4463338a3506e1dbeafa0,RAIN,DARKNESS,WET,IMPROPER LANE USAGE,2.0,19.0,2.0,2.0
0de09f93df450b3f884fc4d53662a792b3f6e1a1cf646881008586d97177dad982067cea2080de4c6ecf2d2fcba708dbd664d755069469f499658046cb93f7ce,CLEAR,"DARKNESS, LIGHTED ROAD",WET,FAILING TO YIELD RIGHT-OF-WAY,2.0,46.0,2.0,2.0
0de0a132e296e74e4da9fc6da0af35a42abbd20b4e4b7ae5b5038f6438f19030b11695e3bb8250cf39f5468eca101357a5d54e22088ca1ad92aacfb3f822eed7,CLEAR,DAYLIGHT,DRY,FAILING TO REDUCE SPEED TO AVOID CRASH,2.0,40.0,2.0,2.0
0de0a4e9330b19386c9e758194b8b1e3f2f4218a66b25f7b24199671d53039569c1945ecaf5e221decb0e3a23d9e87e404dbf027304ace057e4ee847ae4c66e6,OTHER,"DARKNESS, LIGHTED ROAD",WET,FAILING TO REDUCE SPEED TO AVOID CRASH,2.0,31.0,2.0,2.0
0de0bc9722fe6ab753d8de249cfa2025a089582da6dc4987f5b6f693c02242418acd5512d8389ac36519a3c4a4a9a098ff4d1006914d99e7177f3abc2ca90070,RAIN,DAYLIGHT,WET,IMPROPER TURNING/NO SIGNAL,2.0,18.6,8.0,8.0
0de169a7315890481b52b096655a8f177f80fed9fec7fca05a74959dc12b5fb3b79facdb1f7ff9c8244dce01cf1a978ec4f8f5f8312a9b70be7e521d0bf54378,CLEAR,DARKNESS,DRY,DISREGARDING TRAFFIC SIGNALS,1.0,14.5,3.0,3.0
0de1888c5406987931c0e61360d8faa863b7704c1cd9f1ce11b77a5fae43e2b71ed1b398d305a5367d97f4c95b39248a612b4fe0144d13e66c6d8f33bc1dee17,CLEAR,DAYLIGHT,DRY,FOLLOWING TOO CLOSELY,2.0,57.0,5.0,5.0
0de19d452a6990c20726418e54a7b9037de4c324b285ed37975f079f99743009c470d55b9866f0d61fd369f68a9b2f47b41dae07a82cd27d2aa24d7b37986a89,CLEAR,DAYLIGHT,DRY,FOLLOWING TOO CLOSELY,2.0,33.0,3.0,3.0
0de19fda3c654aaa4e5269e1fb176976c6081f1931040f9e2db6e99c7675584f15f1cab6d53552f4c3e503b46fae6f0f733498e97c05d451e63e1bc6fbb2ccc4,CLEAR,"DARKNESS, LIGHTED ROAD",DRY,FAILING TO REDUCE SPEED TO AVOID CRASH,2.0,51.333333333333336,3.0,3.0
0de1b46724d522278095c9c0c5f0f7dd7e35776abe74590b93f77980355824414dc81c5562da54b6593038b4bf34d19d8732d8a09148f61d29094001ffc07528,CLEAR,DAYLIGHT,DRY,FOLLOWING TOO CLOSELY,2.0,36.0,2.0,2.0
0de1cd3d97bfda0b2d7b7c9e62138147d6acbe0bc5323633616b177625f659d7f5df9d129fad7aec06929ba5615545c519a8c82db76ce70e9027f23bbf80deb5,CLEAR,DAYLIGHT,DRY,FOLLOWING TOO CLOSELY,2.0,30.0,2.0,2.0
0de1e3d17a90a4352621585ecfaa683f04f9ddbbfe0b8d4843dbc65ec9febcd9b2baf6c98602801ecf0e570ec7011dc3a5125aa455883fbc3e6e3ca2c199cd98,CLEAR,DAYLIGHT,DRY,DISREGARDING ROAD MARKINGS,1.0,20.0,2.0,1.0
0de1e3ecd3bd2afb12d524f42854e3a3e42b375fb799a07c46123365293dda10e868dc492fc4bb0bc964d3ccaedf9d0fd1d98622f01c60c54751f5c22c86436b,CLEAR,DAYLIGHT,DRY,IMPROPER TURNING/NO SIGNAL,2.0,44.5,2.0,2.0
0de1f08ee24c6cbc0f002ff4af73f05918a38cb96c4e809b4ff3b6ecb5a61c6045187b844b03e6802dc791f60d9f9e596cbf5fececc373b18b6abb70c2694ad4,CLEAR,DAYLIGHT,DRY,FOLLOWING TOO CLOSELY,2.0,38.0,3.0,3.0
0de22638b994e3f1320b0f9147f1aa72505e757c506b8644de37f95de0f00791153a045d57ffb2b4381ef9fc5e4cf959da55d680e49fa7741ceb11c7430e1fc8,CLEAR,"DARKNESS, LIGHTED ROAD",DRY,IMPROPER OVERTAKING/PASSING,2.0,37.5,3.0,3.0
0de23bf465ab50ffe10d37e9c59c1d103f0218d9bea853ef4d90ff94c927aca73f1212484a87676cd88ab1da14fb46401d65caaeb06e1860aae92c9bbe43141b,RAIN,DAYLIGHT,DRY,FAILING TO YIELD RIGHT-OF-WAY,2.0,30.0,2.0,2.0
0de24ee367a35154870f9696bc702fa70bd0829827211d2a1895c2b8505c44d3dc6cb35d80fff888028ce5b40e199d2be1c53da70d4e8cd1a013b587f2a4210f,CLEAR,"DARKNESS, LIGHTED ROAD",DRY,DRIVING SKILLS/KNOWLEDGE/EXPERIENCE,3.0,37.5,1.0,1.0
0de264d8cf1e730db5e71d79a8317632c8efc26f81259a7f47056f037ffbc6dace1e93f47173930f6a0756f1f3d5f37fd50d004eae2399aee87c54ea441aff02,RAIN,"DARKNESS, LIGHTED ROAD",WET,IMPROPER OVERTAKING/PASSING,2.0,18.0,2.0,2.0
0de27c98dc81e2b1460d889fb67f7a549946f80cbafeb812ec50090a10190b68f39e6d779802d3b4de6042973d8cbcc05b430ce21e6ca4cc19585062523551ea,SNOW,DUSK,SNOW OR SLUSH,FAILING TO YIELD RIGHT-OF-WAY,2.0,53.0,2.0,2.0
0de29014ec29657cf807cf1d5b68179454cbfebc3dc96d73cecdc6cf0860450680e10eec7d04f23dcde0e34d9c8f8e796ceafca3001da06b29531f0c366e87a6,CLEAR,DAYLIGHT,DRY,FAILING TO YIELD RIGHT-OF-WAY,2.0,32.0,3.0,3.0
0de2929dd3a5973d8a4c04ae6786f2391daf61694e1284a931978c9e3f566ff2f686378cf1f56558e47739e44150810619fb1292c8638f817ebeef9f90de7f9b,CLEAR,DAYLIGHT,DRY,FOLLOWING TOO CLOSELY,2.0,23.0,2.0,2.0
0de2b7718192fe0e91df27091c703ffe32a27794f6915ea1915b7459cffa524ea9e9cfeb063d2568cbdf7a4fb3ad0c4b593c0f165a379e91159aa5d7637e477c,CLEAR,"DARKNESS, LIGHTED ROAD",DRY,IMPROPER OVERTAKING/PASSING,2.0,38.0,2.0,2.0
0de2bfe9807f4de52f7949f099ad43731f5105d5e3758c6f178975b2f76fd4e0968c395f18cf0c20863ce45e78016ca087c0a43cf1fe75dafba60b554a768aef,CLOUDY/OVERCAST,DAYLIGHT,DRY,DRIVING SKILLS/KNOWLEDGE/EXPERIENCE,2.0,37.5,1.0,1.0
0de327b6ef9f1730ab9202daba8168a59193264928b66d3c42bb35b0610191f40a314e6f28087d053748bce875cbb985f42ca4a7d7b4cceeadd6b5963be4a673,CLEAR,"DARKNESS, LIGHTED ROAD",DRY,FOLLOWING TOO CLOSELY,2.0,34.5,2.0,2.0
0de330c26772d2f258f4f3e5a807600fb6ca4c9db4041586dc1546101d760b4b6de05a877b1c890d73db21d98d350383a26f7c6126a696001e02bc2996db70c4,CLEAR,DAYLIGHT,DRY,"OPERATING VEHICLE IN ERRATIC, RECKLESS, CARELESS, NEGLIGENT OR AGGRESSIVE MANNER",2.0,20.0,1.0,1.0
0de33404b5fc240a48c29944957e2d5abbcf37ca271f73b79ea4e21f70ebd9033c18e7d4485c6e6466a6c347147bf0f572dc8a75eca37a57aff1ab94be22cbdb,CLEAR,DAYLIGHT,DRY,IMPROPER LANE USAGE,2.0,26.5,2.0,2.0
0de379aaceba529950550322ca76e573111dca10237acbfb2fcdd735e6e13d00da6abd1d444f506b74c757207bd338c86cc1e575c3ecba0d8b2a9b438b4544dd,CLEAR,DAYLIGHT,ICE,FOLLOWING TOO CLOSELY,3.0,42.666666666666664,3.0,3.0
0de3828d4f43d54e4145911db55385756017e4abcfb283269f74708c8d540b170768a66aeca03a6ed654d4f19a164a21f924f587afd7d43e50388dc8679f2f10,CLEAR,DARKNESS,DRY,FAILING TO REDUCE SPEED TO AVOID CRASH,2.0,32.0,2.0,2.0
0de39b9abd4f370b52aa012dbb57788210c7bc0087df7b9e081e7b0faa88497556ba50cc743c048aef017e0a02b5afc2b6e0208b3fe35dd51b73d8f12af60456,CLEAR,"DARKNESS, LIGHTED ROAD",DRY,DISTRACTION - FROM OUTSIDE VEHICLE,2.0,44.5,2.0,2.0
0de3a2b72e175446f31c1f3239cb5161e70c18fbca50cd5a7fec6cd5c89566dd418a6850119d2dcfff64bcecebe60f3c65a481b1c4fce0224dd83f87c8452f0d,CLEAR,DAYLIGHT,DRY,DISREGARDING STOP SIGN,2.0,33.5,2.0,2.0
0de3a6717b83f1fcea11441884f2656822af92252be2f8d55ba00f0af0b97ef15fbc8d3fc38c465e1954661d270dcfdd434308a4e824338b45d2a4f58bfdd23a,CLEAR,"DARKNESS, LIGHTED ROAD",DRY,FAILING TO YIELD RIGHT-OF-WAY,2.0,30.5,2.0,2.0
0de3afbd54978b3efba57b2ad8764d0b935f4200643661f6e1da2b01efc09258c139580d7ae4b497cd4d0b97e1274e43141cd812fb7bd73b94a95d565c96759e,CLEAR,DAYLIGHT,DRY,"VISION OBSCURED (SIGNS, TREE LIMBS, BUILDINGS, ETC.)",1.0,52.0,1.0,1.0
0de3c653ce49e9a6ef30eeff47928248ca74dcf344dc3fe1ace9ec8ab20b912bc5a16c7e10ed474f7af27c570e9e4e5cb1c70835702ea8d10bf3393428b4392d,CLEAR,"DARKNESS, LIGHTED ROAD",WET,DRIVING ON WRONG SIDE/WRONG WAY,2.0,46.0,2.0,2.0
0de426509be9d953f30fb82e8c15f7e751c66877473ba906b33e8e63d95106b803206c8a88ba7445f45c9067e63e55de3666cd00ce9d6af8982d58c5fcc6b4e2,CLEAR,DAYLIGHT,DRY,IMPROPER LANE USAGE,2.0,21.5,2.0,2.0
0de4468499be4707898994711a13408d7edf315063104857e3704b521646a70977f0b26c1a8ab6791bbda0b46eb70f641605e5cf5a1f2602ef8ceae5cafa5a71,CLEAR,DAYLIGHT,DRY,"VISION OBSCURED (SIGNS, TREE LIMBS, BUILDINGS, ETC.)",2.0,36.5,2.0,2.0
0de44f393a80a8be40e383e09378cbce94f657f189a9b5aeeb5fb9fb4db5e5bb6e03c42912bac33990d89e0efba7308d401c311b54ca7d4a41382011f6c13e18,CLEAR,DAYLIGHT,DRY,FAILING TO YIELD RIGHT-OF-WAY,3.0,50.5,3.0,3.0
0de47566ce9035495ed9489efda0549904d3993087b93446cca0fda9929b25f10d3474b80b8d73f2e84e274dd3a8766ffa535802165f894cb6e8fe620de70638,CLEAR,DAYLIGHT,DRY,FAILING TO YIELD RIGHT-OF-WAY,2.0,41.0,2.0,2.0
0de47cdb5920b9aa5477bfbd91270bdbb94b2115091ba73156429a790e1ed1bf0ab21011a790c6ab4fe0f73bfec4217e2ff90e26fd05a24cba9cece5e2cda494,CLEAR,DAYLIGHT,DRY,DRIVING SKILLS/KNOWLEDGE/EXPERIENCE,2.0,64.0,2.0,2.0
0de48a7d61b7d78d391aa92bcb3beaf61473821a562e1fe5e3acedc175676d4c556f72dfa345401ff0ec94e5213e90c9dd602a94f9faff3f308f75d8af2c86fb,CLEAR,DAYLIGHT,DRY,EQUIPMENT - VEHICLE CONDITION,2.0,38.333333333333336,3.0,3.0
0de4af7dd79e73e9f1533c27db2772e5024714890db17706a5a052c5389b3eb3f247bcb152133b8d89d58134c89abdf7dca246a01dcfaf9359716cfafb8f5e39,CLEAR,DAYLIGHT,DRY,FOLLOWING TOO CLOSELY,2.0,51.5,2.0,2.0
0de4ba53e4d652325e808f543cf4b5b2a7f3ac9a9d0a52916ffbe58e9328106d2225b15f5646589d092b84c0b5fa8cbdb9f441de5c295758ae852905af23a49d,UNKNOWN,"DARKNESS, LIGHTED ROAD",UNKNOWN,IMPROPER TURNING/NO SIGNAL,2.0,61.0,2.0,2.0
0de4d2b9d0dacfa6fc1ea7fe653035651efe092dd75306481c502b516f0a01ed5f46e505f1f360002ce0513e7700785c139efd78d33df53a0ef5207f7e8ed131,CLEAR,DAYLIGHT,DRY,DRIVING SKILLS/KNOWLEDGE/EXPERIENCE,1.0,36.5,2.0,2.0
0de515d6894b08f469abba146d2edb2c4f651458c975c3dac3176d4c96a1c866ceef913d5493e7cb3f98f0956f731c88e1890e35e48fa74d006c498d23051574,CLEAR,DAYLIGHT,DRY,"OPERATING VEHICLE IN ERRATIC, RECKLESS, CARELESS, NEGLIGENT OR AGGRESSIVE MANNER",2.0,28.0,2.0,2.0
0de515eddb42808991642ac9462ad92097815ea80027349ae7e40620697bc8e0e394d590c0d8e291cbaf241c091daf31d16fba9332dece4e9fd38a9544ecd8a4,CLEAR,DAYLIGHT,DRY,IMPROPER BACKING,2.0,40.5,2.0,2.0
0de5365d95567923216ee5360ee7961037c6472e769ad4027d9345b61734cc16a26833bf3ea1251e94c84a4174d10ad3755714764db5591922d5131dd0337231,CLEAR,DAYLIGHT,DRY,IMPROPER LANE USAGE,2.0,30.5,2.0,2.0
0de5520e6261696a128b10a506804d606feac906a179f57785f1194b8cf834253277c77833d41750f8edc5d52114e46a43446514d038511946cfeffef433f500,CLEAR,DUSK,DRY,FOLLOWING TOO CLOSELY,2.0,37.5,3.0,3.0
0de5691e478c3024fc9c300627aee8a998bdc84a7b25f6f7dbf43cf6598e004d712c1f7b982969f37cdc1f934d692b279d3dc001a78b78163e0354ee0e490018,CLEAR,DAYLIGHT,DRY,DISTRACTION - FROM INSIDE VEHICLE,2.0,47.5,2.0,2.0
0de58ba42c5bd2e088d25efa9d081f02fe29127eb47d001eef2de44b1b0fe719688dda4b640e9d4f86923fc0c9a06158d0e5000a19be21302cee3e168bb399ba,CLEAR,"DARKNESS, LIGHTED ROAD",DRY,DISREGARDING TRAFFIC SIGNALS,2.0,42.5,3.0,3.0
0de5b6a5c209aebadfe0e7cdebdc2324e29c59821ee652402d11c95dc03ef586c58c083eef29dd1bde93d9a88e6da6a36fe63a05944c0117b9e0952d988eccbd,SNOW,DAYLIGHT,SNOW OR SLUSH,FOLLOWING TOO CLOSELY,2.0,45.0,2.0,2.0
0de5cac0fdee03766d1eef0f7fd21aa969b31cc486176b966ced100d54cc15da8327e1c272296388809ad2f4927ec891bbbb8355b15cf46f18250b637db17333,CLEAR,DAYLIGHT,DRY,IMPROPER LANE USAGE,2.0,40.0,2.0,2.0
0de5eca94ddeecf0107e459dbaef2e2d2f86c54bad7c73f5c2ba808927c99a9c97aa717828dd4c84f440685e21fb5f20c106d14f59db9b77474c7312a5809eff,CLEAR,DAYLIGHT,DRY,IMPROPER LANE USAGE,2.0,56.5,2.0,2.0
0de6101431ab4ed931998650d0057bbb451b18d590fddb046a7e0349e257e88a5d87b6a5980215ff34bff283b12fc6c6a79fc194209ce609bbc371ac85319c1e,RAIN,"DARKNESS, LIGHTED ROAD",WET,FOLLOWING TOO CLOSELY,2.0,25.5,2.0,2.0
0de61ba27d9f20135b27dfe6d6a7b389bfffc4988a59210f9ce95ef7758c76055a735fbc321c47c063e91a186b0c067ea0197b58f023a0d484ea9ccf2eea8351,CLEAR,DAYLIGHT,DRY,FAILING TO YIELD RIGHT-OF-WAY,2.0,22.0,2.0,2.0
0de620702d049f126450c7c5dec637712f4ac2c96b64b04cde4af71a2c3f0b9fa104f3e4377a59686ea2d97a373da092c822efcdfd0e925b5ce303ef6bc3fce1,CLEAR,DAYLIGHT,DRY,DISREGARDING ROAD MARKINGS,1.0,31.5,2.0,2.0
0de64812830a10d64688029ef4b65cf414cec85e36135cb06f6279ef295f08c87bc909bcdac267e8dee53ddfc005da02a69602451676db786f842cbc9f2e008c,CLEAR,DAYLIGHT,DRY,FAILING TO REDUCE SPEED TO AVOID CRASH,3.0,39.75,4.0,4.0
0de66de3ea28c7676d3029fa91b61b6721bebdd94bc795856ae329ff497851ff350d853b7beca865ffd5f7d0c31c4fb5f7175af57a2cac3c5e6e250f3c47f328,CLEAR,"DARKNESS, LIGHTED ROAD",DRY,DISREGARDING STOP SIGN,2.0,46.25,5.0,5.0
0de679be5e1f6886af7e040b27935f5f210f4b30bec5012d2bc99854589a5bb93602b1d0587e1bcd7625330c3bc8da47ce4d6f04342eea8de6a38c1ab5ffed63,UNKNOWN,DAYLIGHT,UNKNOWN,FOLLOWING TOO CLOSELY,2.0,48.5,2.0,2.0
0de682018c1b7d61f1a9336cb9b4f066a951be4e4804e64e5f226822da70b5115ec8372fbb2fd6ae1dba3ab0877581444eec9a6d0f46547a77dc82248699a5ad,CLEAR,DAYLIGHT,DRY,DISREGARDING TRAFFIC SIGNALS,2.0,30.0,2.0,2.0
0de68f11307753d0718787598426a6b2a3314bba6b9f20be49824b5b0ca61a6198b6261493a8cfd3605083e97ad2ed5a54a1a38f8784a656981ef24f3884d890,CLEAR,DAYLIGHT,DRY,IMPROPER OVERTAKING/PASSING,2.0,37.5,2.0,2.0
0de6a2e0871b4e9cadd56a1a0fe5e8d0416a4a1900d1bf8901ab8637b80618051739520d847766f8d33f0e7c89a3353b29f347922d1f86f8e6e80b155c02a1d0,CLEAR,DAYLIGHT,WET,DRIVING SKILLS/KNOWLEDGE/EXPERIENCE,2.0,63.0,2.0,2.0