crash_record_id,weather_condition,lighting_condition,roadway_surface_cond,prim_contributory_cause,total_vehicles,avg_driver_age,total_people,total_injured
0de6e20b6ae6656a7523ff41cd9697a5afaa4bb6c2c469cf140ff23b18ce043ffe3e83d11197470731509a93243d318d37d29646f3ae4b0052210af6b17c8872,CLEAR,DAYLIGHT,DRY,DISREGARDING OTHER TRAFFIC SIGNS,3.0,19.333333333333332,4.0,4.0
0de6e8486aa7576da178825c0099b362b22c04d9fbbb74c419ee2c26926a775c7cf19cea2398d84f052434bebcd54e8a90232f1bb3dba8919d25befa74ffd428,RAIN,DAYLIGHT,WET,IMPROPER TURNING/NO SIGNAL,2.0,31.333333333333332,13.0,13.0
0de6f8e0e67ced22e6783331d1ca7b899994ac8143cb12f2864b44f04f770aa2d1b17b3d22d796d62591b9f26895bdfc2a578172d08d57ad51c57d445901d5ee,RAIN,"DARKNESS, LIGHTED ROAD",WET,FAILING TO REDUCE SPEED TO AVOID CRASH,2.0,28.0,2.0,2.0
0de701d503152efe12868042e43288961145bc8da2b9b7a479a7be482208afedce062aa783a615444643aed8769b71ef3e8b24ee1dc01c6d3260985a431b9492,CLEAR,DAYLIGHT,DRY,TURNING RIGHT ON RED,2.0,34.0,2.0,2.0
0de7512b0f65d3822c130ed8d4e5fb8a7ccc393e7c2ff3c4b6f30a889c959807dbb0b83b9583e92dbf83e2e2166eecbd9fda6109a2b52b373dc3c7a3941a4faa,CLEAR,DAYLIGHT,DRY,IMPROPER LANE USAGE,2.0,57.0,2.0,2.0
0de7a250a1b8a8bfd5efbb2b74dae9333226fe96abe242093e713564206d832c90573b4dd8ee00fb5bf041280e3144f173e805d8bef3ea9ced483600387d98bd,CLOUDY/OVERCAST,DAYLIGHT,DRY,FOLLOWING TOO CLOSELY,2.0,40.0,2.0,2.0
0de8043971abc5c76907d18052f2aa41c13950c284fda9cca6beb34e5ad0069b50a711fbb654c552763f94642c6c416571eed72986df355530d6debbbcc421cd,CLEAR,"DARKNESS, LIGHTED ROAD",DRY,DISREGARDING TRAFFIC SIGNALS,2.0,38.0,2.0,2.0
0de821852747fb356845359e1563a8df0fb0d8f9bf984b7d643f6738fde5385ff7a92c524563d7ae3801a9d6ec3a96e234157e8aeb040665557e849014ceacc7,CLEAR,"DARKNESS, LIGHTED ROAD",DRY,DISREGARDING TRAFFIC SIGNALS,2.0,19.0,2.0,2.0
0de82a44f96c439b80b8d3fcecb452cab20409f25b2d9675f6ec02bc44779ffddeb700ec2d811b7372acebcdc17fc2a91881144c806600f5569e7a3e9adad6d0,CLEAR,DAYLIGHT,UNKNOWN,FOLLOWING TOO CLOSELY,2.0,38.5,4.0,4.0
0de85d64018bad0e3de3002c5be3cfddf4a9f6cd8d7e2c8d2017d58216ce2b08b0744a313b7a93a9efb49b9b60a5b79e5a1530b3d27f1394d889d1499f8881eb,CLEAR,"DARKNESS, LIGHTED ROAD",DRY,PHYSICAL CONDITION OF DRIVER,3.0,24.0,1.0,1.0
0de8673e3fd7235bdf0ea76878851271169e74a182fba1ab55f20e21ba70540bd304a1e702a4c4dafe737551b2a7fad740fc4528ff5419d5f3f4075ad0fd6caf,CLEAR,DARKNESS,DRY,FOLLOWING TOO CLOSELY,2.0,31.0,2.0,2.0
0de86c15d1dd43ad4a1184c0855de45093009d15ac98847358401b73e417f6d6ff68ce681e4d7a32b55de7972eeeebbdb2aa11a6c96a046eea2c6adb08c6360f,CLEAR,DAYLIGHT,DRY,FAILING TO YIELD RIGHT-OF-WAY,2.0,40.5,2.0,2.0
0de8843ee5ab7f6f1bd04dd701671037bffc8d15be78322a3d108c8f2370b97c037a27a26f72f6bba25b89a78731a531a78afd7f7d352b519bfeed9bbad710d0,CLEAR,DAYLIGHT,DRY,FAILING TO REDUCE SPEED TO AVOID CRASH,2.0,28.0,2.0,2.0
0de8ab286baf81652e4d939331f3a9b432ce410419e3757e076fb871cfafa99f07c6d3e7a64beced5be1b376e66196459427ac6ad085f52d86a5bd8de90eee81,CLEAR,DAYLIGHT,DRY,FOLLOWING TOO CLOSELY,2.0,48.5,2.0,2.0
0de8ec165317d928390b1b3ec174d246cbcaacf83bda8d8d763fda44757bdefd31fbc1a8285a710c41dc920baef98888a1966fa52f3986767c0cb4866163e2bc,RAIN,"DARKNESS, LIGHTED ROAD",WET,IMPROPER LANE USAGE,2.0,40.0,2.0,2.0
0de8f64f4079e67be0618c9d24900db1d1857da63af3a268fb4ec7f7c74332e004b75dfce5a23e9920bcd231387c47a65d27a3f6a2a368ddd6b7ecf5d8c867bf,CLEAR,"DARKNESS, LIGHTED ROAD",WET,UNDER THE INFLUENCE OF ALCOHOL/DRUGS (USE WHEN ARREST IS EFFECTED),2.0,33.0,4.0,4.0
0de9000a65e55a6fe537d98b6ddc2600e1c4a86c525d3acb91ca587c1202950a0616c353e7cbbb189b11bf70e2a09e3f96083a28b421a4c7845f79f1a2274273,CLEAR,"DARKNESS, LIGHTED ROAD",DRY,FAILING TO YIELD RIGHT-OF-WAY,1.0,35.0,2.0,2.0
0de91d33d488e70e1ea91c6d50de3041b73a25bf8b3bc6616a8499fea44b359e5a73215beb19d4d668b578264853bccba87413208b085162d2beea37a5754145,CLEAR,"DARKNESS, LIGHTED ROAD",DRY,IMPROPER TURNING/NO SIGNAL,2.0,62.0,2.0,2.0
0de92dbb031ec831b23344ec809c121ba2d1c4019dfa916fa91ffd5d4e3933589542f4aaeaa775bd9a4c0ab1e45d73dfcbe3797df9193f293aa89f6eb12fed3c,CLEAR,DAYLIGHT,DRY,IMPROPER BACKING,2.0,55.0,2.0,2.0
0de94082f2a6a713adf3f7e6fdc0c11c513c0d1a4d6ddfccd3fc76c648a9e814b8b236b810692f9f4604e975fd0c7f276296f7576e5f3ffd8cf481fbed37bf20,CLEAR,DAYLIGHT,DRY,IMPROPER BACKING,2.0,27.0,3.0,3.0
0de94fb9cff58e57fac11d141a598ca8c9162e28fd0d794b4fcf0f34f0d812a6ee75cfa635f3d3f1b762662a335204f9815ee303dd5358e0c0a8df298b5f90cb,UNKNOWN,DAYLIGHT,UNKNOWN,DISREGARDING OTHER TRAFFIC SIGNS,2.0,41.0,2.0,2.0
0de963a0f99de06208d40bced3dd89f00ee4e2fdb5397ab5e8f11d042ae25755250da0655d16bc9100ace860ed7f56d2dead606ceec4d036e2ffad35391ef6fa,RAIN,"DARKNESS, LIGHTED ROAD",WET,DISREGARDING TRAFFIC SIGNALS,5.0,53.4,6.0,6.0
0de973258383b6b99f86377c57ea367c67417dfa4b47a96338af2d70d0b59984d372ff39602e10f96b89fb590e599f964a255a57d0b9b5eab3cfc93d143a6024,CLEAR,DARKNESS,DRY,DRIVING SKILLS/KNOWLEDGE/EXPERIENCE,2.0,45.0,2.0,2.0
0de9a0a120077afb479e2ed8d1d6673e52d8cb5a51fdecea3b5036e1a9c3c7faac4bca8c895052ab552da4b4ffd96640cbefe2fe91c7d6fc4bc9d6924c3407ec,CLEAR,DAYLIGHT,DRY,FOLLOWING TOO CLOSELY,2.0,53.0,2.0,2.0
0de9bb697ec7d0d6dc52035800e9ecc1ef516f31698550900eb2712b9a0fed274ce724cafdcf5106aa9813556dd2422e78564fc49f8863219c226825cb13b293,CLEAR,DAYLIGHT,DRY,FOLLOWING TOO CLOSELY,2.0,37.5,2.0,2.0
0de9d092a37f0b54a71318fd507c8c52e5799134cf8448ad807d3aac4f3b4ce420cae69e84f4b4821ad8af876aa891e4433dc99f8d5bedbe69dfa8c7379948c1,CLEAR,DAYLIGHT,DRY,FOLLOWING TOO CLOSELY,3.0,39.333333333333336,3.0,3.0
0de9f9e086b3d069d49ba5d72e37290e46781abf5f9ff8f08b31943ca412824a14a4c7e795684e2601af962ea1415c2efb1ff1a258015a8fa42ea2677b32b5dc,CLEAR,DAYLIGHT,DRY,FAILING TO REDUCE SPEED TO AVOID CRASH,3.0,38.666666666666664,3.0,3.0
0dea030eb4b7637d37783a50820c14a77fa5773a208046c55ed1dc5cf954ad058139d1afaf02739bd2f944c72b72a1c1b818b4e8f95f5b7a1ac2866b7384a3f6,CLEAR,DAYLIGHT,DRY,FOLLOWING TOO CLOSELY,2.0,35.0,4.0,4.0
0dea0e3bd5538211768bfd83307618785ffbc609d7484578abd5e9f24ecef86bea0d5fb214936b6067c8b0b77ccee3a0de55cd0f955d8b6da3203f728c5c5372,SNOW,"DARKNESS, LIGHTED ROAD",SNOW OR SLUSH,FAILING TO REDUCE SPEED TO AVOID CRASH,2.0,51.0,2.0,2.0
0dea130f6d65f3b902906363bfb9cf32cb484e09e94c399627e85701e82b360728ace76ad3d85959167fa10bfeeaad5d78efd745496c67286b8f6368345cd040,CLEAR,"DARKNESS, LIGHTED ROAD",DRY,IMPROPER LANE USAGE,1.0,24.0,1.0,1.0
0dea13b26c30f4466947c6f24213452abb63ec1da33cb81c2aba195c512ea41e18a5bbdd7115cefa495fdcb6db30593e2a88546ec6c5e046103dcbfae69e6334,RAIN,DAYLIGHT,WET,FAILING TO YIELD RIGHT-OF-WAY,2.0,66.0,3.0,3.0
0dea3fef62644d3db4585faa70b7f8fac0aeec09300bb455c8f12c9e60d73d32e1f12834b85a64782b0e06f44bb282bdc41048b7ebd3920889e4e6ac31b7e686,CLEAR,DAYLIGHT,DRY,FOLLOWING TOO CLOSELY,2.0,38.333333333333336,3.0,3.0
0dea5a7557cb2720c2f1396c50eff0d2767d37d298693e7364eec22d9a08f54ebdde8bf7b22f840522491b379616d7281c5a6893a1157ac964ce51612cd7efba,RAIN,DAYLIGHT,WET,WEATHER,1.0,37.5,1.0,0.0
0dea81d0ba85d8387071684eb3acd673e0567732bfda520d7cbbd0ec08bd0b3a8844023346adc0e0cf61d4e7fcd9e3038eed6abe4b4d2830968d8afb39f83bd3,CLEAR,DUSK,DRY,PHYSICAL CONDITION OF DRIVER,1.0,32.0,1.0,1.0
0dea93951e811e0257a40cdf2717464f01fe93757f8c8ff954694c7d209073e5c04dfacd95d1afb0dc147fff401a78a958aca6eaad56984cbf02c4e9fe91f904,CLEAR,DAYLIGHT,DRY,DRIVING SKILLS/KNOWLEDGE/EXPERIENCE,2.0,44.0,2.0,2.0
0deaaa12906aa8e61aae3e2afc496a74773b442a163ddb6eb3ce4ff5e77b136a58f28b226a5fdfc656c0d47aad76abc1e83902dffe76883e9b72615d36126853,UNKNOWN,UNKNOWN,UNKNOWN,IMPROPER OVERTAKING/PASSING,2.0,43.0,1.0,1.0
0deaaabb32a08ae708ee4f7851162f8e52413685ab9b9fac8dd03a95fe37afcf1eea473951364cb9869d166608d10585002348876e4bb749ac057e2dc620eba0,CLEAR,DAYLIGHT,DRY,DRIVING SKILLS/KNOWLEDGE/EXPERIENCE,2.0,37.5,1.0,1.0
0deab6e8cf3d8d04588da763ac3dd8d41abfb129b51e112cdb7d29a40982599af5b8577a1cb285bd89d61314bdbee7e13400ad965e91fa36909b5ca4f0879d74,CLEAR,DAYLIGHT,DRY,IMPROPER LANE USAGE,2.0,53.0,3.0,3.0
0dead274f14e2f0bdf891733de193cdb9ef364924eabbf6a8797f1a1a13d557165fd4e0a112f04e042383f0ab90903b222542c06b25c1557c6218036646f8656,CLEAR,DAYLIGHT,DRY,IMPROPER OVERTAKING/PASSING,2.0,51.5,2.0,2.0
0deae04977166c5c0ebdf6c7f8be76ccf7ec3953933219a7114e6ec19b42975d376cc6be53d795e7260dd62fdf41f72bf5e7ee510638e2db0628fbaf8e6bc8dd,CLEAR,DARKNESS,SNOW OR SLUSH,WEATHER,3.0,29.0,1.0,1.0
0deafb01d979150acf20fabab158ca6aacfc09181e977494c6036a6f991f5027576c927509d3bbdce90f8b0ea5f9b5230275647ff5d4bd418ea09c4f66de86e7,CLEAR,"DARKNESS, LIGHTED ROAD",DRY,"OPERATING VEHICLE IN ERRATIC, RECKLESS, CARELESS, NEGLIGENT OR AGGRESSIVE MANNER",2.0,22.0,3.0,3.0
0deafebf95dde51525cb66c87726c61ebc7872da7f94237054090e785575904af1c02d1b9d8b9d3a02cc0b0e5a2f273eab9427db18241158340d758e23eca065,CLEAR,"DARKNESS, LIGHTED ROAD",DRY,IMPROPER TURNING/NO SIGNAL,2.0,43.0,4.0,4.0
0deb1d693a425a096ffb35463ac9614e1c3e6fe99442b98dab69e82175af840ab59fdefdb77bda1228a8fe3f57ee6eedc396f3cbbd3c9e57fb982617fd0eb4c1,CLEAR,DAYLIGHT,DRY,FAILING TO REDUCE SPEED TO AVOID CRASH,2.0,54.0,1.0,1.0
0deb26214dc5bed44e31ebf928d6927a6c40d1a3b2150f325d2396d785e96ca4e6a59ffa64346e22d19b0768db48b5c5fedff494660778a73fb60ea4385fbed9,CLEAR,DAYLIGHT,DRY,DRIVING SKILLS/KNOWLEDGE/EXPERIENCE,2.0,37.5,2.0,2.0
0deb279a21563eef449a5532aa590676aea879650acf65e21e92a33b0fbeee85b1295d02534fd0c3034926c26be3561077facc7e63e18c4a4adb24b57e03ee37,CLEAR,DAYLIGHT,DRY,DRIVING SKILLS/KNOWLEDGE/EXPERIENCE,2.0,43.0,2.0,2.0
0deb294fc4f2d090ea79ac19cbf051ece78d1a6af6234728cc0addf16c9681e0f58dcce6e2bf8da6ea7c9c16e67022fd827191fde45df372a0e69e1b19a7283e,CLEAR,DAYLIGHT,DRY,FAILING TO YIELD RIGHT-OF-WAY,2.0,37.5,4.0,4.0
0deb34c6ac0dd435c2391cd1839cf98ca94b55a0b29f4c195430c443a936044a2a025be545757a207bbc23fb82c389915132307c589b454f676a78d4809b5190,CLEAR,"DARKNESS, LIGHTED ROAD",DRY,DISREGARDING TRAFFIC SIGNALS,2.0,25.0,3.0,3.0
0deb3a9ac9ab5681f4dd0acf5e11857488743a99b13ad7379bf21f073047de93e61a2a92a31c19a70cb2df56f48966362f2f0d56e46a96a76b71f44ab4b94c4c,CLEAR,"DARKNESS, LIGHTED ROAD",DRY,"OPERATING VEHICLE IN ERRATIC, RECKLESS, CARELESS, NEGLIGENT OR AGGRESSIVE MANNER",2.0,36.0,2.0,2.0
0deb3cffea4697300d21d961928a43f927c89c4eda3e61bda0adea3192756a5441edcba0638c3cdabbbd9dcfdeb7a9f9b3259316d4575a05e7403988f8d4fdb9,CLEAR,DAYLIGHT,DRY,FAILING TO YIELD RIGHT-OF-WAY,1.0,34.5,2.0,2.0
0deb429dca6e885a42b190ef5083d74fcc5ab06e3d2aaffc6b4669335f91522b7f2e5c1700653d7d4ab895ab29117d4d6313538e2476a9271e7506ed28739dbe,CLEAR,"DARKNESS, LIGHTED ROAD",DRY,IMPROPER TURNING/NO SIGNAL,2.0,22.25,4.0,4.0
0deb4d3cb6b0a6c9a823d2361cc8468a5eb443fb667c9309a67dc8ade7adfa0f2734ac97b0b9e87dd004eaa655c7617ac03eaf5b31a912fa636eb0779175502c,CLEAR,DAYLIGHT,DRY,FOLLOWING TOO CLOSELY,2.0,57.0,2.0,2.0
0deb4e5add02fb06212dd1651162888667c7357cb1b6b0d0d04f8a580f47b5a1abf4192527ef97a5b208c0adee7abc04f226706c445bd02a040d6e2edf04af5f,CLOUDY/OVERCAST,DAYLIGHT,DRY,FAILING TO YIELD RIGHT-OF-WAY,2.0,12.5,3.0,3.0
0deb6358a242a3e03d3a52cbdbc5e9523691b2326c225d82892758e93beff2be873941af8bd21d7086cdb7b34d0476d2f2feb13431dda69cb8210f2ffc3f824e,RAIN,DAYLIGHT,WET,FAILING TO YIELD RIGHT-OF-WAY,2.0,30.5,2.0,2.0
0debc87c46985af513345ff276da08d7b04eb519ebf0720be95932405df6312c1c6f938949733930cff4b51d4ee68870c6595af7a987072abac5c44e92e4d31a,CLEAR,DAYLIGHT,WET,DISTRACTION - FROM INSIDE VEHICLE,2.0,66.0,2.0,2.0
0debdc966c903afeb1749039d1657f370995221e1b57b6bc94015cde8ae08a822a7edf88172118d4623ef941f5199c8ee082bb52314cd798ea520b6a7c8ae37a,CLEAR,DAYLIGHT,DRY,FOLLOWING TOO CLOSELY,2.0,31.5,3.0,3.0
0debe878414d87a49a46e890ef1f3aebc55185fae4b70a416624945bdb9c52ec29e5fccca999bcaaf2d8489428f3894dfee350c81d73e494cdd8e3406b5d2336,RAIN,"DARKNESS, LIGHTED ROAD",WET,IMPROPER BACKING,2.0,30.0,2.0,2.0
0debf17d77e5af0c3014a224b6bc8d2bd86fdf2d9859a62d48009d9a08485f53219431873acde3126371f07376be94900af6ea45dfdc3a7e80ae38ff52633b04,CLEAR,DAYLIGHT,DRY,IMPROPER OVERTAKING/PASSING,2.0,34.0,2.0,2.0
0dec0ab148d8705861fff3ec865e4acc262ea963ab42505c2be45da7cf4c50972f68200fbeef094232bc5a3f7757d90312d827b8e12525e88c31b26fddd00015,CLEAR,DAYLIGHT,DRY,"OPERATING VEHICLE IN ERRATIC, RECKLESS, CARELESS, NEGLIGENT OR AGGRESSIVE MANNER",2.0,37.5,1.0,1.0
0dec24054ea1c991726e6bc0d7f155a5b2c7448ecb3256b3a7aed796975467830b643ce06c89d92d90049a3de868b9d65f22bf1cd114da370b89e91cc3502240,CLEAR,DAYLIGHT,DRY,FOLLOWING TOO CLOSELY,3.0,45.5,4.0,4.0
0dec5937ba32cf85f67ef3ed390f34eac4f2bd1759e286316dc8d34f2b7d7644a3b944d9bb29b93f9892dfbe2be377e02259f3ab9641f3fd1e65a440aacd42c8,CLEAR,"DARKNESS, LIGHTED ROAD",DRY,"OPERATING VEHICLE IN ERRATIC, RECKLESS, CARELESS, NEGLIGENT OR AGGRESSIVE MANNER",1.0,18.0,2.0,2.0
0dec6500f3cc93d16ded4abf6ab2351b18baaab15fff36a56c56df5be1c8dda9919096491673e048c2d5231c05a4bf8b5ddef145b85d92601e65b30a464365d6,CLEAR,DAYLIGHT,DRY,IMPROPER BACKING,2.0,24.0,1.0,1.0
0dec6a461595f2a94475bcada7550f4e3399aec7d4ab9ba8ee6b042a634971c9cbefd5b556a4536d235906372442fc9a3f5e65bf2d9e3f51817505ffd352714d,CLEAR,DAYLIGHT,DRY,IMPROPER OVERTAKING/PASSING,2.0,36.0,2.0,2.0
0dec8158061a9a8bea9d9c3b214b397b9b1874c58de458571be849f54af8ac8a207fcbd2725eb1f66fdfb66e0a1d874a3ccd6de9b898e34c463350e883848c08,CLEAR,DAYLIGHT,DRY,FAILING TO YIELD RIGHT-OF-WAY,2.0,46.5,5.0,5.0
0dec997eaae4c7c49cce7495622440fe08c1e09e66fa6ad6ab8b07410164b25b494ecd38f104e7cb73bde4a379e9fef364b97dcc4e0c44381ad039ad5d0f9e7a,CLEAR,DAYLIGHT,DRY,FAILING TO YIELD RIGHT-OF-WAY,2.0,44.0,2.0,2.0
0decabf98705244a5ac15d3dc8b17783622e728e86393da6d26f4c709999826260dda893fa93e40836f497713ea6606fa6ef8971bdb20babddd6b5d88b60d165,CLEAR,DARKNESS,DRY,FAILING TO YIELD RIGHT-OF-WAY,2.0,33.5,4.0,4.0
0ded0630aee6802f93d6446d7142939b379c570cbcabb793a27270017196fb3fcb1c73c2905ce97a7492e4b36aa44e80f0dfae55a2e829965c84c9ea95af2a41,CLEAR,DAYLIGHT,DRY,FAILING TO YIELD RIGHT-OF-WAY,2.0,36.0,2.0,2.0
0ded0c9b7e52f2dd4ee523b946500579d8751f71417ac86c7887fd8fa72796a228ee6a538db12935d4b362faccfb44313e62dc803e7b64360f81869a2cfbfa64,RAIN,DAYLIGHT,WET,FAILING TO YIELD RIGHT-OF-WAY,2.0,23.0,4.0,4.0
0ded201b22be829e98217db4b2428d46688e808561bbdd20b7bf70cd10f9f09631292f44e9f805bc269928a2e2d6b3ca84e3e5a2367d78e3adf3479a707426be,CLEAR,DAYLIGHT,DRY,FOLLOWING TOO CLOSELY,2.0,52.0,1.0,1.0
0ded263453eb3d9132cd8e39c161ace6999c35ee6738a29f97af20f29a3cc5395b490e3c206170effe738e0caaa84ab5940aba155ad0ce76ff3bcd1759f021cc,CLEAR,"DARKNESS, LIGHTED ROAD",DRY,IMPROPER BACKING,2.0,43.5,2.0,2.0
0ded3574b9a633746030303c3ffe529efd13765a31b89660449f11d12619491197da023f307ee0ce08785789d76a39d4afa72065426e21b1d45d79779cae8f61,CLEAR,DAYLIGHT,DRY,FAILING TO YIELD RIGHT-OF-WAY,2.0,48.5,2.0,2.0
0ded48aac0c215747dcfe4ab0187a774b636e78053fc694e61f376164f2847bf71e682d057f531d801ae8b27d55a24b9ed4cb9919c6011322566d100383b6905,RAIN,DAYLIGHT,WET,FOLLOWING TOO CLOSELY,2.0,33.5,2.0,2.0
0ded5193419bcb1f9aee6434a834a4cbdf2330defa039f9c854286e1ab09fa038ad49baa8bf895834418933af34623f5819209e4a416ae92af7b31d74d91647e,CLEAR,DAYLIGHT,DRY,FOLLOWING TOO CLOSELY,2.0,21.666666666666668,3.0,3.0
0ded9a54b405be19c2f4418287227a4b23b19b8156942c9bef86efb6e726a1b0954ddf3f326dae0c9ee754e35352db54625cc16a6661cedb42e7616c9e74d565,RAIN,"DARKNESS, LIGHTED ROAD",WET,FAILING TO YIELD RIGHT-OF-WAY,2.0,16.0,2.0,2.0
0dedb4ec5b1db5ed4a872538b68ac70016cbbaa9f5cf5da4707fbc3a7d63559af86e3c7a5b79decc623473b592456468f24d032896a1f70774df4c95ad8f1192,UNKNOWN,DAYLIGHT,UNKNOWN,IMPROPER TURNING/NO SIGNAL,2.0,36.0,2.0,2.0
0dee168b8eac74542bdaa968c8f5d343878213fa0308ae34d424a416f895e517adc6ff982cc7b1d3ece130010d78d797b34a46b90fe2c8ddb25ff71450f1b716,CLEAR,DAYLIGHT,WET,PHYSICAL CONDITION OF DRIVER,1.0,47.0,1.0,1.0
0dee1b5f3c33bc72ad81cda92a0d5f554069bb8798db26670b8cb43acee904646611c17589e0370963582e768da8617eafe9dcf970c25b8a151071294751b216,CLEAR,DAYLIGHT,DRY,IMPROPER TURNING/NO SIGNAL,2.0,50.0,1.0,1.0
0dee41bb72d38d353b5e4d3a616a403bc722e6344c15a61d472f8e113c660fa24e6c66050d7e2aebb8a6709a1bbd3db7a47f1aa29d07314eecdc656abad3e73d,RAIN,DAYLIGHT,WET,FAILING TO YIELD RIGHT-OF-WAY,2.0,58.0,2.0,2.0
0dee4208c347bd3cf1be373134c6559f2330180c88a51ca599abe2346d132924494d7b85d1ac6485ae31fc5de0d69643ae1c533fc434b4d7d6bd6a93f29f10ad,CLEAR,DAYLIGHT,DRY,FAILING TO YIELD RIGHT-OF-WAY,2.0,27.0,2.0,2.0
0dee4c3198fd7c0984afd9dfe5616f17e2993588c5e01b0d2ea6983ce9b5ea6fd9dfbef893dfbbf359a5cb979e1ac43d92afab418442984f6401ffb7e939a704,RAIN,DAYLIGHT,WET,PHYSICAL CONDITION OF DRIVER,2.0,28.0,2.0,2.0
0dee5afee7f966134ba7affc3a478c2c18ec52480b162a4aa73afe23a9ca516c5738391218cb8d1d96af995ba2e5c2c1a854d61c131740e74e792c3700b3d26d,CLEAR,DAYLIGHT,WET,IMPROPER OVERTAKING/PASSING,2.0,33.0,4.0,4.0
0dee65981b84b6e3031e78c35aeb1eb1a20a07ebbefc3413b0f39e060d432fd973fdaa6d05b82dd75957857989cd3151dea6c92cc7a6db48fa4e0e33455b6a85,CLEAR,DAYLIGHT,DRY,EQUIPMENT - VEHICLE CONDITION,2.0,29.0,1.0,1.0
0deeba4c75895559906533ac67f583b987a087699d4acd3994028e594cd75dbbadc338c28a57288cdc52b1bb95f3473554c998df5d29fb8a1ad817cb92044ecf,CLEAR,"DARKNESS, LIGHTED ROAD",DRY,UNDER THE INFLUENCE OF ALCOHOL/DRUGS (USE WHEN ARREST IS EFFECTED),2.0,28.0,1.0,1.0
0deec3cd87d0811551c9b91c78b86027988ab200f7f1aa99a84ae4926ad3277af1c48a04ad6892bb330964c1aeb1ca9bc5d4af5d5fe38e3b177f71663387a138,CLEAR,DAYLIGHT,DRY,FOLLOWING TOO CLOSELY,2.0,23.0,2.0,2.0
0deec51c47cb73f0c6af36c1359ae54293445f90c7e2e3aaa8a6adfda1fa3f2d3637ccdd02c6d7b8dcf0c88d9faad5b9d5878ed693e8dcf572db54cdac10dcda,CLEAR,DAYLIGHT,DRY,IMPROPER BACKING,2.0,56.5,2.0,2.0
0deeca2464bcc170782f88b4df08a60ee8e7487cde2ff635c9b90619713ed07c75f9e64f7fa398edb57e0188f2f1eaae0730f92e47ebeca47480385b6fe7d863,OTHER,DAYLIGHT,WET,WEATHER,2.0,62.0,2.0,2.0
0deed03467061da9d5ceae4dfbb62e6704d30f21d246e087a7c5e812769c95ee553a388dae2b48b47560d78c5435b479a98f64569e05b1b8b42560f6ee8204e7,CLEAR,"DARKNESS, LIGHTED ROAD",DRY,PHYSICAL CONDITION OF DRIVER,3.0,40.666666666666664,3.0,3.0
0def00dc5ee046ba4a6fb51079998aeaaf2aa27ce97fa75796465eee0ea258785ddd65f52f47a0ea146aa6f2a32ca38a4340469c15d01fbfb1873036bc8b62b3,CLEAR,DAYLIGHT,UNKNOWN,DRIVING SKILLS/KNOWLEDGE/EXPERIENCE,2.0,32.0,4.0,4.0
0def744cd464d4494e5939a047fb99616170c341c8fa25c7c50dd845d3a8776d87d5c88b1932861e6531aa37d6513593cf5d4680f9abe1298ddc7b83514ab7a6,CLEAR,DAYLIGHT,DRY,FOLLOWING TOO CLOSELY,2.0,68.0,2.0,2.0
0def759e0e3ce59e649510768fdc9f9cc15dc6686e6b215090690c852c2390a591ed0f858b38b8d418a13ab702765170d76e62f7bee06f34a2772690bc02dc5e,CLEAR,DAWN,DRY,IMPROPER LANE USAGE,2.0,60.0,2.0,2.0
0def763c899e8706bc1d5f525dfa2af1d253d3114e09d872da04b3a9ae806087833d3be90c7872fd7e7b2d0e092487d9a3052a7e29b2b48cbfa5a4db4ed6d9d1,CLEAR,"DARKNESS, LIGHTED ROAD",DRY,IMPROPER OVERTAKING/PASSING,2.0,33.0,2.0,2.0
0def92c94d50df1c798a1885c3dc5c065fa80291a7b0ffa1b58538d7cd1e9465b1b96f33d7b6c1d6f576d248c82891979b0dc34d3d68f152e8c83a6817e021a1,CLEAR,DAYLIGHT,DRY,IMPROPER BACKING,2.0,55.5,2.0,2.0
0def962c9271e55c1fd1a152b0e7c6d82873a7cd4f2e107b041df8bc70ad3ff11bf02ac7a1c9a8f6c038a110ed47ca9f6dfe76deeb96249e3a1cc78b2107add1,CLEAR,DAYLIGHT,DRY,IMPROPER OVERTAKING/PASSING,2.0,58.0,2.0,2.0
0defa23a8cbe1b588622a52cd8b8cca8eb8160180222877746c098fe0fe156af395eaacc3b74462adb70f2fd5d45fbfecad8cb4414d320e652d2055637e1408b,UNKNOWN,UNKNOWN,UNKNOWN,EQUIPMENT - VEHICLE CONDITION,2.0,62.0,2.0,2.0
0defbf9846d1bade11c455daf6764d89875b81654b732f9fbef9380c007e902dc760933d841f399d929189718295e7258a1d5dc9acceda8d2ede5a87c4057fc2,CLEAR,DAYLIGHT,DRY,DRIVING SKILLS/KNOWLEDGE/EXPERIENCE,2.0,48.5,2.0,2.0
0defc8940463830e5fabb81a90f5611913acf001baea71291b95811691a01d2d8f0201df5bec2929422ec4727482c699e7d680e230fe82dc164836c6171f1e5f,RAIN,DAYLIGHT,WET,FAILING TO YIELD RIGHT-OF-WAY,2.0,42.0,2.0,2.0
0df02cb9fa38b4e1fe97192b6224a3a5438196a3f929cc6afe3e79d8175a52c8cc8c1f632ea2687e1ce1959b65e1857ecaa9c90ee453c7bb5fa88281aba2bbab,CLEAR,"DARKNESS, LIGHTED ROAD",DRY,IMPROPER OVERTAKING/PASSING,2.0,70.0,2.0,2.0
0df055419718386939b0fa0b89ba381b1dc5f390c8283d5849ce65e8e5e4a84d652e7e429687b01841fdc5ae8bbb4d4f983789f55788542dadb5c3307a218f1b,CLEAR,DAYLIGHT,DRY,IMPROPER BACKING,2.0,37.5,2.0,2.0