crash_record_id,weather_condition,lighting_condition,roadway_surface_cond,prim_contributory_cause,total_vehicles,avg_driver_age,total_people,total_injured
0df073be2b5a3ff6418f55e0252b9cea750fa7505d7fb30f1a7b414b5144beee0effa6217befb55d1bc6fbc7d3fbd7f7bb4c99b2a55f540e85ce3e2976c328c5,CLEAR,DAYLIGHT,DRY,IMPROPER BACKING,1.0,50.0,1.0,1.0
0df089e29830c6a68c4a57dcbffba829907fe2b725cd447d3f14eed927a1c6acb2e989975bceb9e10dc003e7cfff57fea47e3e9eb354c326ebcb3a94dcc692cc,CLEAR,DAYLIGHT,WET,IMPROPER BACKING,2.0,53.5,2.0,2.0
0df0b34dadfddf0832ac09e41bcb982a6bb3efc4789bc12f8b1c0d542e88062311c2f62a9efff7d21fd65c31d8bbad919d8ac98235bd1210f97ad4914b5fb9cd,CLEAR,DAYLIGHT,DRY,DISREGARDING TRAFFIC SIGNALS,2.0,43.0,2.0,2.0
0df0da5df16022c877533ab005bfbf135cc67f9412d41e93dc5fa27aece37d276c80a6773d473090cd0e96f551f3bc805e6cb71ab2157790ec2070cd2ea8b1e8,CLEAR,"DARKNESS, LIGHTED ROAD",DRY,DRIVING SKILLS/KNOWLEDGE/EXPERIENCE,3.0,41.5,4.0,4.0
0df0f580324d819ea3a7e46a0f1a19b98512e0c8f820ba88f7830056346349644be8eeba4b52360a48e977a21cfd29c07ea82a0e5cba01b5e928ef2aee652db6,CLEAR,"DARKNESS, LIGHTED ROAD",DRY,FAILING TO YIELD RIGHT-OF-WAY,2.0,31.5,2.0,2.0
0df0f91edf69605dae3ecf1d138971bceb9e350ceaea6496aca54fd93e7add0389b50e97de1a195afbc2271db5c6dd8d330ca13dd4230142d1b21a1625b6a257,CLEAR,DAYLIGHT,DRY,IMPROPER BACKING,2.0,47.0,3.0,3.0
0df10bdfb06762397bdfb21958fb12ab30241200c321beadb47030a757c61b14531dcd7040270bbd0049bb298c12447393fcaa1568d4ec769dee2c9ee98e0014,CLEAR,"DARKNESS, LIGHTED ROAD",DRY,FAILING TO YIELD RIGHT-OF-WAY,2.0,47.5,2.0,2.0
0df111835c9dcf7cd3208568d2f7f87030c8f254accc274fe40d628c06c65e77f2577aa2b64bfbf84c84dde08b2df3281da3ca8531e7f665a0e298effd1d575c,CLEAR,DAYLIGHT,DRY,FAILING TO YIELD RIGHT-OF-WAY,2.0,48.0,2.0,2.0
0df1204826cda8e149f2eb3017d5a995efc4e4bbaacf253a222e553d8d1f31eda4f5139fed4a5dd4596fbed83bd58a5664efd3a33df1a010b00a7c1d98e20f24,CLEAR,"DARKNESS, LIGHTED ROAD",DRY,FAILING TO YIELD RIGHT-OF-WAY,2.0,24.5,2.0,2.0
0df1274be3fb2ad46e6355c43d11e351a270049523e7dcf6b3b6cd44b60339a085bb7e0040a12a75e17cf0d59c30a4ab52af3c4594721eaf418c03c248c7bf43,OTHER,UNKNOWN,UNKNOWN,IMPROPER TURNING/NO SIGNAL,2.0,47.0,2.0,2.0
0df14c6c60a300fe31c15779d0b8903f49de636b4694dc9122cc5838b626af086787969bf77af171ffe392d6a5b738c240f35b6d3e361fa177a319d65a4f1adf,CLEAR,DAYLIGHT,DRY,FAILING TO REDUCE SPEED TO AVOID CRASH,2.0,45.0,1.0,1.0
0df16cb1c13d20521057c7c06d6e9e6c1b503ee2b5bb60989706f9fc9de81b074f960cccbcb9b0eae603af379b5d99a6d72d2f465208ef91deca9b99d0db342a,CLEAR,DAYLIGHT,DRY,FAILING TO YIELD RIGHT-OF-WAY,2.0,46.5,2.0,2.0
0df19b1a9cda71ca2e208ced01b99b1a233b2b08e0373833565c3324947270af0fc8d4b531019afdc96c1a553166fb563a2428816d6c9eb312601ec965bfd123,CLEAR,"DARKNESS, LIGHTED ROAD",UNKNOWN,DRIVING SKILLS/KNOWLEDGE/EXPERIENCE,2.0,46.5,4.0,4.0
0df1d0116d126a970908f0a4960e05f74f090ca2807a5cc5542e4df0cf944afa527c398e46c585069b03a09cb3aa977948567a632e1e3645a9b782ee93707c5a,CLEAR,DAYLIGHT,DRY,DRIVING SKILLS/KNOWLEDGE/EXPERIENCE,2.0,38.333333333333336,3.0,3.0
0df1f2c74751e8b173a8cfa6749d19297dc27eb658d639ec8c67278ad61c3db3593e3ecedea551b72307388d0b4c354e125557698f26b5a57bf48110afb2cf0f,CLEAR,DAWN,DRY,FOLLOWING TOO CLOSELY,3.0,29.75,4.0,4.0
0df1f97ab718c816467bf449e3fc79ac5e494f8fec5a80c0753a8ff00469f994b410d9dda691527568a4ab24d9a0aec49c0b86da218d3dcdaad056794a3e3db4,CLEAR,"DARKNESS, LIGHTED ROAD",DRY,IMPROPER TURNING/NO SIGNAL,2.0,65.0,2.0,2.0
0df219f8a59121a191bef2e4270510fead02ead48f381d500301314daee57a983610b743593c441dc1aa542fc990b163f0b81f08cd374ffccca619cbe9a81bdd,SNOW,DAYLIGHT,SNOW OR SLUSH,FOLLOWING TOO CLOSELY,2.0,37.5,2.0,2.0
0df21e21be3e85161ca60fef1eca433347b118cf1a08b64a5ca9609109dfac0650b54cdd2d97276e72b635c2ad86c58e6b469360530992c7e39d18006407d614,CLEAR,DAYLIGHT,DRY,IMPROPER LANE USAGE,2.0,41.0,2.0,2.0
0df22b9b2d9759fa583f9bd9478279f4aa04224be49062d68bcb7da1a29eea97a255c278f575fb5a529787c0afec30c33cb74af1ddeb0ed9c7bc143ee6b9216b,CLEAR,DAYLIGHT,DRY,FOLLOWING TOO CLOSELY,2.0,37.5,2.0,2.0
0df25ed1598282ab68795f3c70c0d9bb6db81c8a8ea501f0fec369d1a8923004f2424ce2c14dab8fb8dcd12fe5f01905693e5d6f8a8d5d2baf91c9bf290f0568,CLEAR,DAYLIGHT,DRY,DISTRACTION - FROM INSIDE VEHICLE,2.0,32.0,3.0,3.0
0df26137d69dc07229b120a8f0865911dd62ce8c1d433cd4d85b4e936cf9ed14e4fb2ed933c16c74b3bea89f23ac0782240898c88cc45ec74b5045519e55013e,CLEAR,DAYLIGHT,DRY,DISREGARDING TRAFFIC SIGNALS,2.0,56.0,2.0,2.0
0df272404adbce3430499dfa3e93deef619da768c640ca7688aa7bab2dfd30d54d8ac6cb0d59564e5893752a1615f19c0d1163c0fc12014d7300f6353abdca79,CLEAR,DAYLIGHT,DRY,FOLLOWING TOO CLOSELY,2.0,34.0,2.0,2.0
0df278d7ccfe276f150bc6e9e499fc350e52caef2b7d411e7eee6f9b944ebd188ee7ed24aeba21255602eec96e6101c35c31105064b653d94e2b3d67029bfef6,CLEAR,DAYLIGHT,DRY,FAILING TO YIELD RIGHT-OF-WAY,1.0,33.0,2.0,2.0
0df2addea0cc6c6a52ea80b18b8576a96ac367f900b9af446cab4b40a18389bbceaef5130b9b3859fdee3480c13611f42e2346da4a4a483fe5ba185f10fcfff8,CLEAR,DAYLIGHT,DRY,FOLLOWING TOO CLOSELY,2.0,48.0,2.0,2.0
0df2b9c9362104edfcd45102ba461bd7514a8ee6804d14e41a69e5fa9c7366bad4ef590b1a2925a6f6967d2305db0e806c54265942411455e7254e4f70390377,CLEAR,DAYLIGHT,DRY,FAILING TO YIELD RIGHT-OF-WAY,1.0,26.0,3.0,3.0
0df33d20e3d226840d09af23849eb46c84d5afb70e9a52051156e26c6a89906dac566289f1473783a18d327d9b930be80ca903d8a2f556b539ca963517508b55,CLEAR,DAYLIGHT,DRY,IMPROPER LANE USAGE,2.0,31.0,2.0,2.0
0df349fce1de05377c7692ebd0a8d7a27105435f2e0f1b981e0af80352abaf46b6ad9b306227cfdc50e95692eec114e5858c4a030fd377c509824a194101e08e,CLEAR,DAYLIGHT,DRY,FAILING TO REDUCE SPEED TO AVOID CRASH,2.0,37.333333333333336,3.0,3.0
0df36232ca25976d7ca77244bd40e4a4b12020f5cb22ad93b96fceea5c5020d3e00284a2bb91ff88a3f508c17d9c209bb5943fcfd84e9aa9bc3869a85cfea6b9,CLEAR,DAYLIGHT,DRY,FAILING TO YIELD RIGHT-OF-WAY,2.0,61.0,2.0,2.0
0df37c9f84a5a0d677e2dbd71e30deee26b20e1171fb595c2088dc6f0d3ad83ade172474f5b193142d00fe7b4b6a83c947204155d2a37dd43e57deaed48922af,CLEAR,DAYLIGHT,DRY,FOLLOWING TOO CLOSELY,2.0,45.5,2.0,2.0
0df394b62910535c77986c5d58d39cc7af93637427d261de3960d44624e599fd91ba4084e041ae429aa96373f0a48e4727e44df7599feb8ec81ce91b2b48e774,CLOUDY/OVERCAST,DAYLIGHT,SNOW OR SLUSH,FAILING TO YIELD RIGHT-OF-WAY,2.0,22.75,4.0,4.0
0df39a7ed8ac96a244159c51d843c7b4b0c22ba6c3f362d030cae953f1b511d0376b729263959c809ff371d639b3287e7def94fac6712979a962842922a1aec5,CLEAR,DAYLIGHT,DRY,IMPROPER OVERTAKING/PASSING,2.0,19.0,1.0,1.0
0df3b78c890ff7edb576194f35444f6d59dc29b2065790ddc84c81cf084af8b8d710f9471c2a8ae6c6f20dff6aabc0edf7f422e06288812a2b195c887ac1ba3a,CLEAR,DAYLIGHT,DRY,IMPROPER TURNING/NO SIGNAL,2.0,33.0,1.0,1.0
0df401f7cee5ab69b2ab4a41c4ceb21acd1662f8a0122d54c53f58932618dc5cbd68917e235c67916bc7245a3c25ccdf431d5b26b98581b89ea1f221c40b3f6c,CLEAR,DAYLIGHT,DRY,FAILING TO YIELD RIGHT-OF-WAY,2.0,42.0,3.0,3.0
0df423601649ba743c0247e43eebed68ee913db5b20cb3c3edb22900c72df11d85188c5595f33348ed86fe62b9125d33904a220c2a8d990f1518e53e642eacde,CLEAR,DAWN,DRY,PHYSICAL CONDITION OF DRIVER,2.0,45.0,1.0,1.0
0df42c82394dd3b43664fbca47512c5d0c8ca613baabe5c3979507de50697f2c6bad019e26c8d9000208aa310ab485e7c21ff495bb9312f580866ff99594b3c7,CLEAR,DARKNESS,DRY,FAILING TO YIELD RIGHT-OF-WAY,2.0,20.0,2.0,2.0
0df435dc01e6af52ad679f830218fe459e829b3ea8616eae09fef1dcfef67d0c4cef4f2a08dea75a6a7494e8eae8652928ce9358c199b2100b669689fbc929f6,CLEAR,"DARKNESS, LIGHTED ROAD",DRY,IMPROPER LANE USAGE,2.0,54.5,2.0,2.0
0df470e8be3a90b408486bbdae47cc9b97c334e8f68681b26fcba914e01fd10992af77df54bae321c047127fff4f2fe0b672f36adde41f08348156ea4c80b9a1,CLEAR,DAYLIGHT,DRY,FAILING TO REDUCE SPEED TO AVOID CRASH,2.0,61.0,2.0,2.0
0df484d1b3fb0b099658411994f81a003e688a211215fd206fc4494b8ffc822a01f29491c82c7b50d12d95beb0a3fb05b08b6ac6304af1d1b8c805a61820f43a,RAIN,"DARKNESS, LIGHTED ROAD",WET,IMPROPER TURNING/NO SIGNAL,2.0,29.0,2.0,2.0
0df49b0efa2fdcceb7ca22b0bb3874715308fc5dc4c4bfccbd0d67e13ea08d94a2b3e673f981a982a4035156e47d0dc18ecbd815d731ef7e230e11c92b39d9f9,CLEAR,"DARKNESS, LIGHTED ROAD",DRY,IMPROPER OVERTAKING/PASSING,2.0,37.5,2.0,2.0
0df49e0be0ade46bf089bffefab00df60e9989b2f76387a66f6eaf17cecc9f6d0fab5a17f12a6a56ef682cb71919c49d8b12c2e1e62293ed14377600a9bbf25a,CLEAR,DAYLIGHT,WET,FAILING TO REDUCE SPEED TO AVOID CRASH,2.0,54.5,2.0,2.0
0df4c6d33996b8c67ee058c0d5b0adb7e65f1bcf51bd9451c45700eacb0e223fee53e70e3253e5c7de4b28cb2d1e6e715ea42b1c21ab1440746e78daae9cc0c5,CLOUDY/OVERCAST,DAYLIGHT,DRY,FOLLOWING TOO CLOSELY,2.0,37.5,2.0,2.0
0df4c9a6d69f3a303a2c2d5bb50823203c1542eca783a697155a8ac02430205385f4c8d350fe7ebc72c97cf04a3ad01bee3cec58d12b852bba73c9a7bbe757ef,CLEAR,DAYLIGHT,UNKNOWN,FOLLOWING TOO CLOSELY,2.0,46.5,2.0,2.0
0df4e0ea7da400287b7f4319c684e817a91fccb90f272060fbeb09dd92f84820147da5dd6a28d0b4d9ba6124742ba8d5bbf582d75c33e706ea98f44551d9225f,CLEAR,DAYLIGHT,DRY,FAILING TO YIELD RIGHT-OF-WAY,2.0,35.5,2.0,2.0
0df4fee849241de6612e911b6026b7348d01c95031acd26344baa306b729957414ef2024c620d4e1c8eefacbe437b84415b364a1facce8b268402c7bc26d058f,UNKNOWN,"DARKNESS, LIGHTED ROAD",DRY,DRIVING SKILLS/KNOWLEDGE/EXPERIENCE,2.0,37.666666666666664,3.0,3.0
0df56365081dfd6e133e35c2085d487084a0f3951684ca93bfbbe8e0576d8244ee22e1ddf1b9e75c8710c516cbac4f584f99e830bb775c61bf7a516b97168147,CLEAR,DAYLIGHT,DRY,FAILING TO YIELD RIGHT-OF-WAY,2.0,24.0,2.0,2.0
0df59d356cfbd18f1c4eea68e2602d49e18756c42166118a60f743e268576a2975a94bc72a292759602afd2a4d914f7b47afeeb5c711eccf5fa2c6f843c5d4bd,SNOW,DARKNESS,WET,FOLLOWING TOO CLOSELY,2.0,38.0,2.0,2.0
0df5c6b2f20bd15e65d35737cff67cf7495cbda75db70e4ca4eab34ca0f104eca9eb118af426ee89f7b9648785cee2b606a9fc24d44c16d832c8fe4149d68d1d,CLEAR,DAYLIGHT,DRY,DISTRACTION - FROM INSIDE VEHICLE,2.0,76.0,1.0,1.0
0df5ddec1a79df5e0fae31fb669af4e8e581cc08367a05a5756cc223808f26d1344b196004c6579b8678c543438c91fd901c6fe7e8baf7dce669657d2bf90aad,CLEAR,DAYLIGHT,WET,FOLLOWING TOO CLOSELY,2.0,45.6,5.0,5.0
0df5ecea0d5b351168423b4783ff7d6e175b215a3c21e6ed75fd888e312cf2369f928af344da21fd9003158c56bd5ca3ec4f12a0edc72cfdb5982aad49a2cd3e,CLEAR,DAYLIGHT,DRY,FAILING TO REDUCE SPEED TO AVOID CRASH,3.0,46.0,3.0,3.0
0df6089562e618e6e02e165e793fe501d8dc9bbc36b25dcd7936e73872c502b904c51e6f02beb8e3af08125517b172eed63e0be21f918d4aab0bc28f2ed0c171,CLEAR,DAYLIGHT,DRY,DRIVING SKILLS/KNOWLEDGE/EXPERIENCE,2.0,16.5,3.0,3.0
0df6226362d54f13958b0989af7493dfd93d9bb657d9606ce7cbe2099149ac25f76d7fe238cef9917dc279e027b2194b388cfe6164e2de32190d56f7745c65fc,CLEAR,DAYLIGHT,DRY,FAILING TO YIELD RIGHT-OF-WAY,2.0,20.666666666666668,7.0,7.0
0df6477603b2063f28686d7a2ec691dc64d40294e5570b23ee3113da4f5e7b674ceabdcc3325aa03f1fd501694844de4498014b7769e11f3b14df8bcc80cda99,CLEAR,DAYLIGHT,DRY,FAILING TO YIELD RIGHT-OF-WAY,2.0,56.333333333333336,3.0,3.0
0df64e4067a82f5dd63880ac8de98ac016009b8937a042688d8693512c52019ff6e84438ff988f8d91a71eb4d98f15d5fe49f7050bc3638697d50e0cf0c8cef7,CLEAR,DAYLIGHT,UNKNOWN,DRIVING SKILLS/KNOWLEDGE/EXPERIENCE,3.0,26.0,4.0,4.0
0df66dd3d659fd481bbfa7697ba44cdde52fa60c756f65f7b28ff9f4078bd60844e1ac172e6c381c1f79e16aa21a4020e894672df2a10532c4a381fae1efec07,CLEAR,DAYLIGHT,DRY,"VISION OBSCURED (SIGNS, TREE LIMBS, BUILDINGS, ETC.)",2.0,51.0,2.0,2.0
0df6974556bbe1c37f24e6e6097138efc8881e56fcf25a79dfc1335ccc42639b977c24d28ef7800ffaf96fb4257960cb88645da8fcfec2cc6c43600a97687d0a,CLEAR,DAYLIGHT,DRY,FAILING TO YIELD RIGHT-OF-WAY,2.0,59.0,2.0,2.0
0df6a999e5b43d0ec571d753ba5f386d8f8792c9cc3c4455c2b14e69c93f05878c9fa5eb7932fa71c4ec5f121cfdfdeb58720fe65048397478b2dc808e9c2c5b,RAIN,"DARKNESS, LIGHTED ROAD",WET,FAILING TO REDUCE SPEED TO AVOID CRASH,1.0,18.5,2.0,2.0
0df6a9cac75cab00d6046ade50b0ed879129157f9545180e094af1255788196924f601de8c2d80f2169298105d2b5f924d90b0fa376bfecda7a35c832f475305,CLEAR,"DARKNESS, LIGHTED ROAD",WET,DISREGARDING TRAFFIC SIGNALS,2.0,24.25,4.0,4.0
0df6aee3a7eaedc367b4af3540fdca1bddf36893cfbe142595531b5cbd22150b2ae48a72ea3451964d4a690eacd0b76cea1f5811e1a5f8107e2b9d4353bab118,CLEAR,DAYLIGHT,DRY,DISREGARDING STOP SIGN,2.0,37.0,2.0,2.0
0df6b9d4e5e29fe541743db76e99a329016cb843942cdee47fbb0a95a7d79a6f45a19455ecc00e3c8bb879f36b053e486466b2d946a34d3bb50048ddd307428e,CLEAR,DAYLIGHT,DRY,DISREGARDING TRAFFIC SIGNALS,3.0,40.0,2.0,2.0
0df6bc6f76e88799f2719f4e305ef2bf9ef966960dbfd2fda71991eafe867be61e9e8778e9833c603220f9b23c2c5ee587b5b2ece8638c8de2d0171b928e1125,CLEAR,DAYLIGHT,DRY,FOLLOWING TOO CLOSELY,2.0,37.5,1.0,1.0
0df6f96944b594d8b6f8d4f0152dc8d5125d6fc77084df72026a090eefe25eb925a5a764d5d13ef2c6104433bd7bacacb3afbfc578a2ca2dee0b951e5745add1,CLEAR,DAYLIGHT,DRY,IMPROPER BACKING,2.0,59.0,2.0,2.0
0df715dc10bb96989732eed45703d8ac38cea8fdd868914e9338f11e83ac6532b479aeb76321f679fa800a79dce8c8f23c227de475798504e0a60e8c11a53edd,RAIN,"DARKNESS, LIGHTED ROAD",WET,FAILING TO REDUCE SPEED TO AVOID CRASH,2.0,33.0,2.0,2.0
0df71d073c6986fe92e5c3506ab66ce9401c8e8bbc3f2ae0eaa06824d309afd1c143da0f1d769b8a772ff12721997296cc4c058a2f72c18878e9b012cfab15e6,CLEAR,DAYLIGHT,DRY,FOLLOWING TOO CLOSELY,2.0,56.0,2.0,2.0
0df72a7948afdbb53e72978947028d5d75c05e5a9097d042a5e7168e6236efa834d618e6f99057f2964647ed9100c53e48235beb597555aad40dd97f9eb213ae,CLEAR,DAYLIGHT,DRY,DRIVING SKILLS/KNOWLEDGE/EXPERIENCE,2.0,37.5,1.0,1.0
0df74c6b807741acae07b324646b9f4064f5c3edf5107e0799f0af7e37cd69f599585459f75a3b1f593399266df4b473af7b1f08cdcb8a4abd18e45f1f84a0f3,CLEAR,"DARKNESS, LIGHTED ROAD",DRY,FOLLOWING TOO CLOSELY,2.0,56.0,2.0,2.0
0df7677849205714bdaebe97e35e8764d58dee0d4198cec33425d8f596a970458477a14209e0158e49c3d79bb30740948283fca4203bbeebc5e31dd063fd099f,CLEAR,DAYLIGHT,DRY,IMPROPER OVERTAKING/PASSING,2.0,65.5,4.0,4.0
0df76893559751ef9fc20be67d3373a2aec7d67bae3b2a7333f6d22a7a8a9aad36a9bd2f6b6f4fa4871b130c7a137e5e6a7afcbd7acf514c9e7723d7f566df45,CLOUDY/OVERCAST,DAYLIGHT,DRY,IMPROPER OVERTAKING/PASSING,2.0,29.0,2.0,2.0
0df76b324b407563b1fef5d67957229c000e54704fb407b224e5f5054929de9423432e3847debdad1ee45f4ac17849d04010418e4a7912c959199392bede646c,CLEAR,DAYLIGHT,DRY,FAILING TO YIELD RIGHT-OF-WAY,2.0,42.0,6.0,6.0
0df79e3229918fc24206ff006c998bef192a4de81ac904289f7bd03ac8a53c661317872401fdc3d0acd5a8289fb0d2ef6bc06710925d37249b41909227fa8a33,CLEAR,DAYLIGHT,DRY,DISREGARDING TRAFFIC SIGNALS,2.0,35.0,3.0,3.0
0df7c71e6ee6a7f32590a4ae695cfc17811bc783b92ba78f1ccf631ed2e3f1346cd6a92154965fa2d95f01a1b473ff730901bbbb7a0819619282a2c955982ffe,CLEAR,"DARKNESS, LIGHTED ROAD",DRY,"DISTRACTION - OTHER ELECTRONIC DEVICE (NAVIGATION DEVICE, DVD PLAYER, ETC.)",2.0,54.666666666666664,3.0,3.0
0df7dbffdb3eb989871ce1007fd9daa0c7fa7e93657d786ee9530af59ca7f44b2f62656ab7ce4c7a00ba3f3843fd5c3003c1c5d28b124a6f51375ec79736d528,CLEAR,DAYLIGHT,DRY,FOLLOWING TOO CLOSELY,2.0,61.5,2.0,2.0
0df7efb32fc2eebf6deeca5955b8ecaa324698396e662a5c5dcaedb2fc4ed34dd6ff29e3f2e42927b22d3e4ec4c0b93e898f63939cfde0e87ef437d7a3208d7a,CLEAR,DAYLIGHT,DRY,FAILING TO YIELD RIGHT-OF-WAY,1.0,43.0,2.0,2.0
0df7fbee41eca8e18eaad0e7fc852a8542daae2c51eea965fe1599d2353b3a0f85d8c9b3e0a59e16a268405c358751d37069ac32561ca82cf630141aaf14b364,CLEAR,DAYLIGHT,DRY,FAILING TO YIELD RIGHT-OF-WAY,2.0,41.0,2.0,2.0
0df804250be453f77f151a5d0beaf9878b9f68b9fd13ee94df0988ad89ae5b9cb08e4c68888747bd830ecd2cb633e0b32788568180cda89d45ad2c7d42ea89f5,RAIN,"DARKNESS, LIGHTED ROAD",WET,FAILING TO REDUCE SPEED TO AVOID CRASH,2.0,39.5,4.0,4.0
0df8695bb486b32166c8475f996ce103e25ee3185eae384ca1f4be0959fc2521153e920460ddf08123310812ce82a65fc81ddbc49d948091dd30e67af62c4b13,RAIN,"DARKNESS, LIGHTED ROAD",WET,DISREGARDING STOP SIGN,2.0,43.0,4.0,4.0
0df875bf9ecc8235a51812022875ae9df5079c5c941ed1f3eedf25c68665b2b8d8a090ea62ecf701d9b55980dbd0f1ff30780920fe4c3d4c23895505a5df1aa8,CLEAR,DAYLIGHT,UNKNOWN,IMPROPER LANE USAGE,2.0,28.333333333333332,4.0,4.0
0df8afa66ad342cc101c95331924f460ea46bbe4e0e262ea50ebedae51ab8e35d1eea4c512224167c3d6c18a499d509cc085fab9569113510828f30eab0c8f10,CLEAR,"DARKNESS, LIGHTED ROAD",DRY,IMPROPER LANE USAGE,2.0,39.0,2.0,2.0
0df8d251537dd1b72da3eaa7cca1f947d72a37a1226eb4aeaea5f024805779f44e01f6872dcd4efb7cb8136b2c1f3830ef32576c54d8ec7618f8548a4db53415,CLEAR,DAYLIGHT,DRY,IMPROPER BACKING,2.0,24.0,2.0,2.0
0df904c2ed81b05db616ac98b45160d5ff9318b1b4d48dd7b7fb29b072e095d237678306fcc52ce0308215d5ee40cb9a9818b1779e06fc8c09a8af186ac04685,CLEAR,DAYLIGHT,DRY,FAILING TO YIELD RIGHT-OF-WAY,2.0,55.5,2.0,2.0
0df926c436e60ea5931d3ced90ee0bc0dc89ba04179ecb1c4b82736966c3c655769b772fb685556675622383aa472ed65955ddd0365da80a72a2418ba9e39249,RAIN,"DARKNESS, LIGHTED ROAD",WET,FAILING TO YIELD RIGHT-OF-WAY,1.0,33.5,2.0,2.0
0df92a397c48ce3c27d8240429c885ba6acc7b59cef2c0d4e585911bae394777344634a3215930c74f3ed4c3bd32b7a20188d92da298785626f5984d81e2d7b2,UNKNOWN,UNKNOWN,UNKNOWN,FAILING TO REDUCE SPEED TO AVOID CRASH,2.0,37.5,1.0,1.0
0df95148476e2f9528deaeef16c94d712a73cf0713fb1faa8f29a7dcf62a7063571f6a63fe2aa689251974b6789c09aeddef5c9d00d1449fa6f703d130b3b2aa,CLEAR,DAYLIGHT,DRY,DRIVING SKILLS/KNOWLEDGE/EXPERIENCE,1.0,28.0,1.0,1.0
0df974898d4a3af019c71eb11fc7fab5c66ead4a98b2b31d6ca0004966eceee0af881afd6342896fc9eb4f7faf403642bcac04419e90695890eadd2a66827dc1,CLEAR,DAYLIGHT,DRY,IMPROPER OVERTAKING/PASSING,2.0,46.0,2.0,2.0
0df97fce68019671d9d327d1ac1d799977d6bf6533bc84c73c54a7013eca9c2b330e5742a13227c58b0bf0a7f50b95355cd8672c9d95f90d8af22a6f1762f115,CLEAR,DAYLIGHT,DRY,IMPROPER OVERTAKING/PASSING,2.0,51.0,2.0,2.0
0df9c4685bda287f4128f1586b0b41266ed2e0330b70bb1fb880754aaf311ed629ae2d1e534f35976949cd871f83eb2f4772cc92ee1be9e64d15bf6ce06cba78,CLEAR,DAYLIGHT,DRY,IMPROPER BACKING,2.0,37.5,1.0,1.0
0dfa28b8b4dfb9e276380337d56a384a1ad2177664e8fb6c4c08b9e2d00cfe5bd9c33188fd252ae252567df98802f7e545b5d16b397be4f197ee524393ca76ba,CLEAR,DAYLIGHT,DRY,DRIVING SKILLS/KNOWLEDGE/EXPERIENCE,2.0,29.0,6.0,6.0
0dfa404a1068fe3fcf365185b2bc52a70480d947e65896f0bb0e329bd16eae68dfc558dc78f74a3775f335f116b0cd3b88edfbfbf5d9697b6556a101fd88c30f,CLEAR,DAYLIGHT,DRY,FAILING TO YIELD RIGHT-OF-WAY,1.0,26.25,4.0,4.0
0dfa42a5ec24f3cacac53d03fe47332f0cce172664d3f09772dff986391b6d9867628193fac2d1e6e2784171af762554e49d45d25a34f89e50a440ef6ed959b9,RAIN,DUSK,WET,IMPROPER TURNING/NO SIGNAL,4.0,35.0,3.0,3.0
0dfa818baf74ec10a0e655990947fd813f4274a9a26fa1ae99cd86c4cc68f5ba7a983783010abd6620f7f4fc6f3ffcaccc96f3df027bc2b8779c78e93fc8e1f3,CLEAR,"DARKNESS, LIGHTED ROAD",DRY,IMPROPER TURNING/NO SIGNAL,2.0,19.5,2.0,2.0
0dfab8dcd9988516ec10428487d1948663d003abaecb7cbdab550979c05b105c6847b1a97d71c878cb649fae2173054e1d704dc79879f1b193095a4a4fef8118,RAIN,"DARKNESS, LIGHTED ROAD",WET,IMPROPER LANE USAGE,1.0,56.0,2.0,2.0
0dfac93cfcbf633c4b6c0387c5c11df09411d472e8ca80915a0537e657b34aa09a3670bfb00b6e779a82a4a52fbb89af837d7c53b73ce57d78e532d18cc22c9e,CLEAR,DAYLIGHT,DRY,IMPROPER TURNING/NO SIGNAL,2.0,38.0,2.0,2.0
0dfaf6bedc971854cdd4d0dc0776e0c71438e702210dbf80578e7bd0c73ffbc73301778606c1f549a9804ebee3f99c4de1b3e9d18c4d4bb11832804edc8a6f05,CLEAR,"DARKNESS, LIGHTED ROAD",DRY,DRIVING SKILLS/KNOWLEDGE/EXPERIENCE,3.0,59.75,7.0,7.0
0dfb054e764e21940919013404dcb02ba357c77b910c4129ca3db1f1dd85cc452a1976c91303bc68da8d3b948a5bf11e99aa2b0915f5aea8085394ef0d33e9c9,CLEAR,"DARKNESS, LIGHTED ROAD",DRY,DISREGARDING STOP SIGN,2.0,37.5,2.0,2.0
0dfb22cd746ab2ca92112b56cfdd796ae068a1812f44e632d61604f5751f2ed6d752f76620c79fd90239363a075db0e08b0844c6bffb611be080300f65ef2bb3,CLEAR,DAYLIGHT,DRY,IMPROPER OVERTAKING/PASSING,2.0,43.5,2.0,2.0
0dfb37eed7b21831e66d8066f0ece297418c84cd934a19931a3ef01b9483b5c307b5bc9d51a0fff0da134248a4743b2715443eedb8751f55355e45c474c898da,CLEAR,DAYLIGHT,DRY,IMPROPER BACKING,2.0,35.0,2.0,2.0
0dfb51b56108843eb33a92c9b3f11e6c078eb556c73c8345d058faa41927e490b510b77551bfec827a54835db214e8500b3b2616aa7b2a35513c2aa109d268a6,CLEAR,DAYLIGHT,DRY,DRIVING ON WRONG SIDE/WRONG WAY,2.0,40.5,3.0,3.0