crash_record_id,weather_condition,lighting_condition,roadway_surface_cond,prim_contributory_cause,total_vehicles,avg_driver_age,total_people,total_injured
0dfb9ae355171151812d5ed8a61216650906ea206af1ac4a0c7b10b0c65be886e8161db5e60a9f1121f69c9509979693f12b03275ffc103c49ba6d5bbf19f122,CLEAR,"DARKNESS, LIGHTED ROAD",DRY,FAILING TO YIELD RIGHT-OF-WAY,2.0,20.2,6.0,6.0
0dfba0fc397d5a40ebe5a36f8293e2215bb86f278cb3d10db5218d8ce5b685d009358f2f679a0da00fa44812ed72bea9390fad11cd1d7ec4f872a9e05a30a7be,CLEAR,DUSK,DRY,FAILING TO YIELD RIGHT-OF-WAY,2.0,28.666666666666668,3.0,3.0
0dfbade1d1446936fbab305f0b6542ae60d43cf29fb2fea9ebdc1df01add76a3a0d46d9b17c362a8f46e2a66d4e3bf779d159f27d2fd9e6d356761eb534712e1,CLEAR,DAYLIGHT,DRY,"EVASIVE ACTION DUE TO ANIMAL, OBJECT, NONMOTORIST",2.0,42.0,3.0,3.0
0dfbbea8d95b295fc85e8ecafaa16520f2f5f6c3b937c040e24d2f64b283aee9a3630df1aae48b16df38baa275eaab11937a1f79c9ee351214d8b5b491360d61,CLEAR,DARKNESS,DRY,FAILING TO YIELD RIGHT-OF-WAY,1.0,51.0,2.0,2.0
0dfbc8b776741aa8d890a91db19b800afad6027e09d46e576868358fae7d350142ef3fe77be7d2f8961048b76c0a7a7d56cc124467f2b800a4518d08b43e889a,CLEAR,DAYLIGHT,DRY,FOLLOWING TOO CLOSELY,2.0,46.0,2.0,2.0
0dfbe69bf47d6f34d5f6d772dc449e4960de9831a439a00c54e7cabb64dda451214f58454b488f91414dfa7f9cfaf736f109a9271047712b84132a2a15e3c1af,CLEAR,DAYLIGHT,DRY,IMPROPER OVERTAKING/PASSING,2.0,47.0,4.0,4.0
0dfc1bc13a9f033a59c38584a397581d4af78728e3302c69b4aa53826a91aff32a59b5a0635d71aa462eaf18ff7959f5756325ee0bad27fa6abbb9a3a751823e,CLEAR,DAYLIGHT,DRY,IMPROPER TURNING/NO SIGNAL,2.0,44.5,2.0,2.0
0dfc97ba30640bed5e4b21cbea29c7736da0ad69e7daf585bd0f1425ef9026154c711d4f0d7006c123fe47db5458f638f698c75469539a1d0821d86684b21409,CLEAR,"DARKNESS, LIGHTED ROAD",DRY,DISREGARDING STOP SIGN,2.0,23.666666666666668,3.0,3.0
0dfcacdf8aac0ceda45afec59089f06b3d45811a3bca0cf138e89c50f12b6f5cb568440dc481537b74acaf64970b062f0a4081c4c0901494789e98f987eec7eb,CLEAR,DAYLIGHT,DRY,FAILING TO YIELD RIGHT-OF-WAY,2.0,46.5,2.0,2.0
0dfccffd526b1fb3280354b821ab4ca9680020422caccc5daa1d017f93f47fbec9afbf808ccc0ddc8abafc05b959e335f2fb2e9dae49b35af4ff96fe2e2df707,CLEAR,DAYLIGHT,WET,IMPROPER OVERTAKING/PASSING,2.0,52.0,1.0,1.0
0dfcddccdf9b06fe9f3e03d35c1000cb4af9f76ba950e90191c465f0da3f44ec121c5aa464d4f786ab49ff42027af9c537188a33ff935879e6801f18b267e02e,CLEAR,DAYLIGHT,DRY,IMPROPER OVERTAKING/PASSING,2.0,58.0,2.0,2.0
0dfd05132f0477af0fab42b8c87c6e0c40d4430fc2a72db96bb3c8a8545d6b06e51daf54208175de6494f104e051ff90849f8fcf6fa64f943058592cd478bc61,CLEAR,"DARKNESS, LIGHTED ROAD",DRY,"OPERATING VEHICLE IN ERRATIC, RECKLESS, CARELESS, NEGLIGENT OR AGGRESSIVE MANNER",2.0,23.0,2.0,2.0
0dfd20cff4e363e308d85ef7986fb09d4a9c7698f2fe115d64de856a86340e11315bfd558fb3e933d03f658e5fe216a4fd3266c7d8f4ce16df464780481c7fbf,CLEAR,"DARKNESS, LIGHTED ROAD",UNKNOWN,UNDER THE INFLUENCE OF ALCOHOL/DRUGS (USE WHEN ARREST IS EFFECTED),3.0,34.0,1.0,1.0
0dfd3c64674514b0524a2326ff8f3286bd52eec00957ed15117085bfc0811e18cb9f828255035f168098c3770ad12ff4b4166bec53203e5e4777416a9e00359c,CLOUDY/OVERCAST,DAYLIGHT,DRY,IMPROPER LANE USAGE,2.0,34.0,2.0,2.0
0dfd76245472467511879e48e9330c8d2bab4ce0fe2b5a6950e9c5f97e7b1d4ec2591787896af6d557729d6215d97e0427a922251e77282cefd89c2d13b3b370,CLEAR,DAYLIGHT,DRY,FAILING TO YIELD RIGHT-OF-WAY,2.0,53.5,2.0,2.0
0dfdb477aecc342f5674d6e085af9fd04208db9bcaa6eec5b09d93c04e0e5986a9c81e49e9ccd36d86fa583ab65f7dba7c17dce6edf2aa6d02c5d5c63ec765c1,CLEAR,DAYLIGHT,DRY,FAILING TO YIELD RIGHT-OF-WAY,2.0,47.0,2.0,2.0
0dfdba18143d8854944a887b0c2ea5ac64a794094883aa50831230e3e767f4d282c7ede1597f7606746cc1a97337f91d24f7eb87078dc8fd66db3adbf37f701e,CLEAR,DAYLIGHT,DRY,IMPROPER TURNING/NO SIGNAL,2.0,37.5,3.0,3.0
0dfdd360943891ecb1a3aa238e285c3d8438e46e55388d3c1b4d6c26544116643e8f5b798cd25a191a08cfd5e4749a017d0937adcb432b3cf33dd4196ce7e79e,CLEAR,DAYLIGHT,DRY,FOLLOWING TOO CLOSELY,2.0,24.0,2.0,2.0
0dfdedc8bb2295a0d4483794a754441e06c530c4bf9a3000b582d26e0c3e0868ec65440766635934c514131242469260d86fdea3310533f92987e7ca703ade66,CLEAR,"DARKNESS, LIGHTED ROAD",WET,UNDER THE INFLUENCE OF ALCOHOL/DRUGS (USE WHEN ARREST IS EFFECTED),3.0,44.0,1.0,1.0
0dfe001cfd5c9aede2df5f3d759091dba2ffaf5afe763445dfde4fcea1fff83dc185cf2056145c242b568bbbd063422828b159fa6e0f434240284ae686a11382,CLEAR,DAYLIGHT,DRY,FAILING TO YIELD RIGHT-OF-WAY,2.0,61.0,2.0,2.0
0dfe0b3c05357ae5be99a4753b7a11724fa0ab42a29c871083cfd3a567fe2d8a5c71b66733b642e53db3c070169967e4453b8b6a0d0a5efe0f34685a1452d182,CLEAR,DAYLIGHT,WET,DISREGARDING TRAFFIC SIGNALS,3.0,36.333333333333336,3.0,3.0
0dfe1e5140c3afb3e6ce88adb6eced2f8da4b89d1076bd2efd323b6b5e7e41e0ab958037da893019722e62ad87287a070f14f72f7e571a82a5da8f03e4f30262,RAIN,DAYLIGHT,WET,FOLLOWING TOO CLOSELY,2.0,50.0,2.0,2.0
0dfe6d94c4a1ddc7710c735718a881c864e4d7dbfae309414189eb5d86365008fc82bc58f89608024735e74d8592037bf1d06c07d9cc029a25e10b36d10a5a4b,CLEAR,DAYLIGHT,DRY,IMPROPER BACKING,2.0,37.0,2.0,2.0
0dfeb61bfad25c617ca16a77c31d1c5305a727f9fcffa80d90a72ea818d8044ef46f98d5c7490c74bdbc2f7e8caaa4565d70f69ea66f8146ef2c42f071b46031,CLEAR,DAYLIGHT,DRY,IMPROPER OVERTAKING/PASSING,2.0,43.5,4.0,4.0
0dfee982ff3b94bfb64175cc85dd4c5421eeeab4adfdbe49b5494c283f27b989c4460e72a718a72d359e9df2795094fdc1af0a35802fa89cdc9b513cae7a4663,CLEAR,DAWN,DRY,FAILING TO YIELD RIGHT-OF-WAY,2.0,30.0,2.0,2.0
0dfeec73bb679551e26c9e8205e2c9368653d6c39f457e638bb0bb425cc5266c4c0d75a5194743e19e7ac802c45c7edc5380da7d8880230eec2c9d85440f03bd,CLEAR,DARKNESS,DRY,IMPROPER BACKING,2.0,23.5,2.0,2.0
0dff00585d16d9eb1028b0eb13c7609a027809bdd9880e2c5398466e9196322f62dc84f6a38aea3368afa0a8868f1d43841ff7a3918b29cbae1d78e85bc54d9b,CLEAR,DAYLIGHT,DRY,"OPERATING VEHICLE IN ERRATIC, RECKLESS, CARELESS, NEGLIGENT OR AGGRESSIVE MANNER",1.0,46.0,2.0,2.0
0dff68d524fc067fb9054a62d6872fdbe3e4881f0b0bb5a2ce321b0764d68f6e481f8654ef2e0e0d1368c5e7491a542c71c17d53a4aa0f17479464ffbd32bf64,CLEAR,DAYLIGHT,DRY,DISTRACTION - FROM OUTSIDE VEHICLE,2.0,29.0,4.0,4.0
0dff78a9793e43fa84d328c3132990d5627eb38b2961ed82245c3ec03eecce70649ad44ddee8fc911fce237094f829ed3f25d60beb40e0dd2e239c176f6332fe,CLEAR,DAYLIGHT,DRY,IMPROPER TURNING/NO SIGNAL,2.0,45.5,2.0,2.0
0dffa49231fa14a4afce7db85f9d2fb5eb2c6c72b6709444ae8910493a895b0a852ede3b12979b2096fda293de6ce55fe14a90e98117188dd798f21256587b04,CLEAR,DAYLIGHT,UNKNOWN,IMPROPER OVERTAKING/PASSING,2.0,50.5,2.0,2.0
0dffd71abeae3ec33f89ebfcc2aea6df9716654b7341ce67a9a6251cf30362d01168cc8c9c7ebdfc8d7a806687378c1e76ab7306cf71114ac18d8ef97f4d0301,SNOW,DAYLIGHT,SNOW OR SLUSH,IMPROPER OVERTAKING/PASSING,2.0,27.625,8.0,8.0
0dfff48fe1c603fc342823a5be53c3cb49ba7001d92aeb827018c746491cb2e65b34063b80846e65165ddeedde01737f4ca6465b34f73310128b5ee62687afb3,CLEAR,"DARKNESS, LIGHTED ROAD",DRY,DRIVING SKILLS/KNOWLEDGE/EXPERIENCE,2.0,48.5,2.0,2.0
0e0008ed4ab68f541313f255c51e254dfcbf0c461d371057eb15ad1dd0edc6ce3e00fd866d87f205a2329039d7abaa9ef388f0d647a792f387456f3ce606694e,CLEAR,"DARKNESS, LIGHTED ROAD",DRY,FAILING TO YIELD RIGHT-OF-WAY,3.0,63.0,3.0,3.0
0e001324a98e6c2ebaead70354b641795a9d2137aa70dad232fc05940c65f6bfdc0b8e40f011bb9a829c279b1b8b29e30ecee03ea8a074437291427def709e64,CLEAR,DUSK,DRY,FAILING TO YIELD RIGHT-OF-WAY,2.0,47.5,2.0,2.0
0e002246a3ae5cb141c55888d8db26022da1bd3c4a98484532f7533687a9e11e4de4ab59cad04222a122412b226880fae0459bce85e2a8078adcf759be05da7b,CLEAR,DAYLIGHT,DRY,FAILING TO YIELD RIGHT-OF-WAY,3.0,22.333333333333332,4.0,4.0
0e002c326a56ca740810e3a2c3f289ce8089aa50994705201e89a58fa4e32bc01350ee267e58bfad5c9624d4f636cb09481976e028254a599033518fdf7e0a3c,UNKNOWN,DAYLIGHT,UNKNOWN,DRIVING SKILLS/KNOWLEDGE/EXPERIENCE,1.0,37.5,1.0,1.0
0e003fb2e13bdf03f2ea488284d271215a2c458935ede8128118b9bf270083c097435795f323abdb10a28139117e41052e3354ef85d2a2088350ff7edbacdaa2,UNKNOWN,"DARKNESS, LIGHTED ROAD",UNKNOWN,FAILING TO YIELD RIGHT-OF-WAY,2.0,29.0,2.0,2.0
0e004017d43d52762c33001d2db8969e37565ff4f6e7cdcd8e373c5497fc1de2cb84771728ac223ea4b7fd8a1ab485405fad70e78be671e8ae832379d3e2f778,RAIN,"DARKNESS, LIGHTED ROAD",WET,IMPROPER OVERTAKING/PASSING,2.0,64.0,2.0,2.0
0e0048b796bd546601686f7d20196737bab0f8ce3fcdaf169d8cf6bc862406f34d55a96d59c22e96844d8a37af25597b4458a57bc79601802a00c3527b667e88,CLEAR,DAYLIGHT,DRY,IMPROPER LANE USAGE,2.0,37.5,1.0,1.0
0e00885de05c59f0373d81575c90cb02190719e1fb6f815a6779e261b802c9e08bdf86d1057ea5bf1647a333ae30f4e9f11032dbf6ad1726316a1759fced8bd1,CLEAR,"DARKNESS, LIGHTED ROAD",DRY,IMPROPER BACKING,2.0,20.5,2.0,2.0
0e00b4938ccc70469578fb586cfeff47dbcf10bc5a023dc896d4013d5fba40c9ded3bd8cb131fac2e05cdad3f6b065c939d4f565cc1dd46e4a52667e6ad4e630,CLEAR,DAYLIGHT,DRY,"OPERATING VEHICLE IN ERRATIC, RECKLESS, CARELESS, NEGLIGENT OR AGGRESSIVE MANNER",2.0,64.0,2.0,2.0
0e00cb84d65865d088aadb9f7df3f012f693e295aeff033dbf6345f79cb3b5ccde3ff11aeae84f0df70dd183df01d0b80b19c9d07bfe0d3304c783536c37f3bc,CLEAR,"DARKNESS, LIGHTED ROAD",DRY,DRIVING SKILLS/KNOWLEDGE/EXPERIENCE,2.0,32.0,2.0,2.0
0e00cf8631c8f82d86359937fd9d7e025c20011d5724dd6e4fdf638fee498b859a10c418abc96d7c0748c97aa04ad380dcc6f2104baf311e43028ac6320d237f,CLEAR,DAYLIGHT,DRY,FAILING TO YIELD RIGHT-OF-WAY,2.0,43.5,2.0,2.0
0e00d10b751560ab0567c293510ecb4cae34266828fef0709c49fa32d27a648845cbd96e9fe4621edfc0046a4a7e44a7fc3d618d0062cee8a0a2e849009bb17b,CLEAR,"DARKNESS, LIGHTED ROAD",DRY,IMPROPER TURNING/NO SIGNAL,2.0,62.5,2.0,2.0
0e011e85c78ad690e0d901b2361ab50381b413154d614b951c6a7567fc00fd995119535b4a449cef9aeffffcaf6b48ff910c8cd99d4f170bc8dae5ccf1fdfdbf,CLEAR,DAYLIGHT,DRY,IMPROPER LANE USAGE,2.0,16.0,2.0,2.0
0e013f1d679521d70adc1c335719317a6087916d97f3dcb40a1b7613301ded19bbd3b1543466699123c422bd62ad9ef97938664df18e216dedf0118b587f0b1d,CLEAR,DAYLIGHT,DRY,DISREGARDING ROAD MARKINGS,2.0,57.5,2.0,2.0
0e0146d98edf7f76e27009fdad17b8f746e183f662b2ebe4594ca1e87169c2294367f496ee57961726a50fb4240f465b599f2c7bcace4a194b0813a787fab61c,RAIN,DAYLIGHT,WET,FAILING TO REDUCE SPEED TO AVOID CRASH,2.0,48.5,2.0,2.0
0e0147a214bf397b5f08141516d57b546100f9bd21061d82139e1232e67f386c0f6a0cd5ce3e4e23c1b9659a2e2e9c02adca7b956658fb7da8eb587b9eaba317,CLEAR,DAWN,DRY,FAILING TO YIELD RIGHT-OF-WAY,2.0,31.333333333333332,3.0,3.0
0e01501c2931764f5ee8622eb419174ff11b96f948a4a049ae53fff9a6c336237acf3887e97e991fe5b19676b4e92c32eb92341736158a9c7c36f18ca7602184,CLEAR,DAYLIGHT,DRY,"OPERATING VEHICLE IN ERRATIC, RECKLESS, CARELESS, NEGLIGENT OR AGGRESSIVE MANNER",2.0,37.5,1.0,1.0
0e0154f1d7c2b59fa05739d8c45dce9aaa172ab0d4f5cb99365c75a49b273607f4aeb2eaf7ccfe1cf5e2b82cf52db98b31949de6b3ae2c80a43d94f25671996f,OTHER,DAYLIGHT,SNOW OR SLUSH,WEATHER,2.0,40.0,1.0,1.0
0e015c3021fe4dce75d96422438e6eed50d671f585bcd2f2a84556bafb8aa0255cc686ce66003fab2fcffbf71d7c192e2668e083ab1f71c2270a3bd2713cc299,CLEAR,DAYLIGHT,DRY,FAILING TO YIELD RIGHT-OF-WAY,2.0,51.333333333333336,3.0,3.0
0e0192b467d55415dc3ce6e39822eb9739c18b1f501ef0432be159ca5c86c1abbf1d932e3c4a220e72537438cc2af320d9a6b8624f02f911f12af00906720a24,SNOW,DAYLIGHT,SNOW OR SLUSH,WEATHER,1.0,15.666666666666666,3.0,3.0
0e019409c15a1842955fbd30a5f51578907a8b5f28914594424351691b761b7c3520e32c7ac7bc5b0a23d93c7a4774e319de9c213bfa0277b141d4b529c8a0ad,CLEAR,"DARKNESS, LIGHTED ROAD",DRY,FAILING TO YIELD RIGHT-OF-WAY,2.0,32.5,2.0,2.0
0e01969fcd8515467abc783f45ae59ddca4a04fb2aaee51c449272433c4ac98e2106db5d5e2cffddf8e5ee2b025aa89a3ef9c3e7935302bafa223efd4dc89fcb,RAIN,DAYLIGHT,WET,FOLLOWING TOO CLOSELY,2.0,44.0,2.0,2.0
0e01c1cb6e4355450d5006f8034ba594cc6242d0417fafd23e865d245c4c1a13878ef429b8cf4870a625547b801e197593eb568626a305c890896165be2c3723,RAIN,DAYLIGHT,DRY,DISREGARDING TRAFFIC SIGNALS,2.0,47.5,2.0,2.0
0e01c75053068a5fb30684e387c172601d62dbf7b6bcd0d7b74c9fcaf4b0536b0e2b61dda075bbd972c57efb2f724eb33f6970555f246e90293cd9497f4bc3f9,CLEAR,DAYLIGHT,DRY,IMPROPER BACKING,2.0,37.5,4.0,4.0
0e01c75a2b680b1b50c12d1eba5d01b5cbd487dbe026731d222d1efd52b3b2fda05606d86cd3bc3a8089d087d802817f76032d139af53631bafdd78f59624941,CLEAR,DAYLIGHT,DRY,FAILING TO YIELD RIGHT-OF-WAY,2.0,22.25,4.0,4.0
0e020c1832208c6eea011db69794992b59f90757b8d642c7843161bb612dfc8298f1f24020e222c1a84fb8f3b7ad46deca5e0001236b051567262c3ba7448e9a,SNOW,DAYLIGHT,SNOW OR SLUSH,FAILING TO REDUCE SPEED TO AVOID CRASH,3.0,57.0,3.0,3.0
0e02191c9c3ed91859a33f5fcab293917cd81c53d0c86d8e7bc30a0f1e45cf3b5d14bbc989c37bc030412739468698ce6e807be9d8b436b4fe012fa087ba24d8,CLEAR,DAYLIGHT,DRY,FOLLOWING TOO CLOSELY,2.0,61.0,2.0,2.0
0e021bf9fa85883a990fd3e7bbeda42e4898e2fd61865e1fc8b3870a68c6807c7abc958a954e695c014995f46e6dfd0f3323d463bf09e416c4a69b9f4067b15c,RAIN,"DARKNESS, LIGHTED ROAD",WET,WEATHER,2.0,29.0,2.0,2.0
0e02272f3bd5d339a0f72998ee00fa8af3e6e7cdc2f526b5206958e9932814db456b8da2bdc07436bf478097caf6b1ca8294913fd8e2d9d06138ac5d2eec6714,CLEAR,DAYLIGHT,DRY,FAILING TO YIELD RIGHT-OF-WAY,2.0,35.5,2.0,2.0
0e022de80a3ce0af2bb003bf2fa43a404cbb5844da407cb76fa6f3b82a88722f8e31ef225e8f5cbb4fb9cf61bad9aae496046df26e36c20a18e7603346693044,CLEAR,DAYLIGHT,DRY,FOLLOWING TOO CLOSELY,2.0,37.5,5.0,5.0
0e024ecb1ae16a1dd2d19acd416965d5e739a47747a24950e9ac0a314dc7274a2edd683c3116e8ae7b2d26c2280cbbc46fc3ca55c4e735d24a84bd9baf567235,CLEAR,DAYLIGHT,DRY,FOLLOWING TOO CLOSELY,2.0,55.5,2.0,2.0
0e02746900cf5a2cc23b168d71b8335ee315af85faaa5f2f5b84363709fdea02a984c8460ed77404cfffd4e02087a94dcdb0fd7b4a034c0b646074e6c3c8260b,CLEAR,DAYLIGHT,DRY,DISTRACTION - FROM INSIDE VEHICLE,2.0,72.0,1.0,1.0
0e02c3cf7c114b3d3e8a54e4c3bbb84af954dea1f06b6804c65d0559d8b93e47e48bab6d0f081021224918ead4e89d99c820da4aaa91d1fe8e47e069c5fce2ec,CLEAR,"DARKNESS, LIGHTED ROAD",UNKNOWN,DRIVING SKILLS/KNOWLEDGE/EXPERIENCE,2.0,59.5,3.0,3.0
0e02d67d29c8255ef788ba21b9c3cdade56e499716ca060fcf190b5bec4549cb437ebd1513314e173992c8d95ac6a5ddafe0b91cb59988ee9045230f494de76a,CLEAR,DAYLIGHT,DRY,DISTRACTION - FROM INSIDE VEHICLE,3.0,29.666666666666668,3.0,3.0
0e02d8b60fc52939d9a1b839e94890911b998e87113b65c476550de5ebf0ab2e9e6ade1ffcd15703b99ba70cbfa88cd28702da89aee63be5768cf32595ea57ec,CLEAR,DUSK,DRY,FAILING TO REDUCE SPEED TO AVOID CRASH,2.0,30.0,2.0,2.0
0e02fa5704ad26276f76c87fced33048607f6b890aa0ec00a3d1c424f680f403f8f43029490345b2d1bcf451dd763b9c2f494c46b92033d2dca74b8e7cfff829,CLEAR,DAYLIGHT,DRY,FOLLOWING TOO CLOSELY,2.0,49.5,2.0,2.0
0e0306052a910fb9cd511fd87b3dc2bd5acfe6896603551d6a57bc07dd3a64eb8029bb31744439b0bd809ad08e8d854682d338c93533f3f4bb573f04e066dd65,CLEAR,"DARKNESS, LIGHTED ROAD",SNOW OR SLUSH,DISREGARDING OTHER TRAFFIC SIGNS,1.0,24.666666666666668,3.0,3.0
0e030a9866915dc3d72e698e261e288e206f1a6eaa26b1cc15750131d05b26508153914455d2e70d44e72a4a72c3756b11f1e972fb943e06f377314b8b7982ed,SNOW,DAYLIGHT,SNOW OR SLUSH,IMPROPER TURNING/NO SIGNAL,2.0,37.5,1.0,1.0
0e0355d0d91fedf640b33c42b42c0fda5443105cf9cf5d25696f4e29b504042f3184f38401443cc1422451a3511574fb8cbfed3935c577a521c2603ef4efca34,CLEAR,DAYLIGHT,DRY,DRIVING SKILLS/KNOWLEDGE/EXPERIENCE,2.0,57.0,2.0,2.0
0e035dcdf4d783eae07b8e6adb7f08d80865c67a127e21564904fdfbc9fbda9b24f2ec30ad3ed440b4df294c8bcdefdd8d73a4bae4efa596971706996432e56d,CLEAR,DAYLIGHT,DRY,IMPROPER OVERTAKING/PASSING,2.0,24.0,4.0,4.0
0e0398fa160d755d2089ff18eb5ebd6c119cacdc056d7c5d585bd033c6e095dc2f809473ff1eb4f95e0bebe3ef203bc8cb905cd62f22e98bf341e7dbfec464e7,CLEAR,"DARKNESS, LIGHTED ROAD",DRY,DRIVING SKILLS/KNOWLEDGE/EXPERIENCE,2.0,20.0,4.0,4.0
0e03ca1312f4af5fb490c2375ea0578fa925da8ca100b74a71183b05bcd30e844ae7e43aac1fd427cea5011c550e5582dbdf52dd718888a4aa52419e49f50322,CLEAR,DAYLIGHT,DRY,DISREGARDING TRAFFIC SIGNALS,2.0,31.0,2.0,2.0
0e03cb93f752667c4fcf93eff94100f324b296707df5104cbdf1eff7572794ceea6db240c01dadf929deaaed71c7105638d7135523cbeaa1ccc62ad2e268ddc5,UNKNOWN,UNKNOWN,UNKNOWN,FAILING TO YIELD RIGHT-OF-WAY,2.0,46.0,3.0,3.0
0e03d2b28417e781fa628fe6269c7099489702fa79aec7735f344606cee28c46ab58bfd3b1000af4e49f9ab57437356dc8a58417c03ee2ca926dc4b6f8ae1c1e,CLEAR,DAYLIGHT,DRY,DISREGARDING TRAFFIC SIGNALS,1.0,39.5,2.0,2.0
0e03ddb0565fc9c37c22aa698c1ec579a39b0c88a106b9d65fe2999f32194f412f7a0fd9e8ad9d86ac4516cd3db6c66f0a62b2857d2f8376935ba060618d6025,CLEAR,DAYLIGHT,DRY,FAILING TO YIELD RIGHT-OF-WAY,2.0,11.5,4.0,4.0
0e03e0fc424157ab62f531f6008d96bf1b6e95dc79450a429ce287e2d711f97f55ad9d2dbc69bfe1a868f3a21218ca703c9c94c48796317bb6623a79c27b67dc,CLEAR,DAWN,DRY,TURNING RIGHT ON RED,2.0,40.5,2.0,2.0
0e04025f2d09292ceb5f73d9cb6447c7ca68bf60b5e81d764f7195775eaad13597b64975a043c19d08f87d09ff06caa843dc5096d1ce0530aae287b4a034871d,CLEAR,DAYLIGHT,DRY,IMPROPER LANE USAGE,2.0,59.5,3.0,3.0
0e0422bbd32da5caa20387bc79bcec0ab245734bef8a651260684e14202fdd28eeb79d524aebfcd1ea489778e4944d38ce41d6cc81104a2628d83bd94a5916b4,CLEAR,DAYLIGHT,DRY,FAILING TO YIELD RIGHT-OF-WAY,2.0,26.0,2.0,2.0
0e04478edf6824a8f887ede06e239815c1d532b742d3a53247c4cc28262edb9bd8d88b1f18664dcc508caa45d66e3e60822ba11f293718c15457aaff42233c94,SNOW,DARKNESS,WET,WEATHER,3.0,28.5,2.0,2.0
0e047167d5dd8a87e15dbad8d232f56f7fcbee2b85f5b035d1e377e18047b7ac51a98b65e9434768e3f960bc2f5ba3af6c682033b259d4b80032257406b4c446,CLEAR,DAYLIGHT,DRY,WEATHER,2.0,46.0,2.0,2.0
0e0482b1eb2fa321484d8cf151a8874129474e66d0cb8f7d8585fbffb1bbd172e74d6ccf7fe44fe17594707c095a236a696c8c0381f53c82268182158f66cb88,CLEAR,"DARKNESS, LIGHTED ROAD",DRY,IMPROPER TURNING/NO SIGNAL,4.0,24.0,2.0,2.0
0e0483c57a46f7b947db48310a9843acaea3f3cc964692202c9236938d50fa56f1d450779de0135c357f4a8a55cbe4911e8a814a7146c0ffc011978724f63913,SNOW,DAYLIGHT,SNOW OR SLUSH,WEATHER,2.0,39.5,2.0,2.0
0e04a102ae9f284818e5a6dbbcbecdfec9e15d9661f1521672e4cf28785cb6555e45282c0480b01bcebbabb37b444c2db3c17c54328b7cad897a3e868c5fe650,CLEAR,DAYLIGHT,DRY,FAILING TO YIELD RIGHT-OF-WAY,2.0,53.0,2.0,2.0
0e04c256538a6bb63db973d7d3c881effb3ca607977f9285aea1b14990e9e23d1aa7fc715b00db07d9576407b7a61a245964033b07923d9c7dcc3907c2349439,CLEAR,DAYLIGHT,DRY,FOLLOWING TOO CLOSELY,2.0,63.5,2.0,2.0
0e04d5ca2b15f1e1ec5c35837f96d414c09d96f930fded45681420312866768cb9e46fbe930aa776b93673d287c34859b61a24abb9cef046e04dec2c88fc71ca,CLEAR,DAYLIGHT,WET,DRIVING SKILLS/KNOWLEDGE/EXPERIENCE,1.0,37.5,1.0,1.0
0e04ee311540bab6f0b61ab720117e00be7e320e2f12d868ce7760d940fff69579245bd19b54f4dfd2af0e946c9d25ae180e067fc6aeb2c9dd65848406893a85,CLEAR,DAYLIGHT,DRY,IMPROPER OVERTAKING/PASSING,2.0,26.0,2.0,2.0
0e0521eb7aa47abadbf1ee04f65af7f6e9bfdc7f8338f679baccd0192cd3b0907c72a8561c0a157cc0aa77107ad9c47b0132e042b2e8fdb5d2f7b78265d6b99e,CLEAR,"DARKNESS, LIGHTED ROAD",DRY,FAILING TO YIELD RIGHT-OF-WAY,2.0,54.0,2.0,2.0
0e05282ec800db9f91e5c8289b7656b806f9b1b9eabce92101ebf77766090be4f9271596834ee4fb1f940897254863c447b7203d98986f1dd977c93c9c116bfd,CLEAR,DAYLIGHT,WET,WEATHER,2.0,38.0,2.0,2.0
0e05680aa0a8ac46bb404264ee83f1d9a5f4979e13e51e95e0d56b9f993035ce6060310c90ceee61133ebfa44a9fe4de3fe7f13e7b9fc070cd801519b0bf43fb,CLEAR,DAYLIGHT,DRY,FAILING TO YIELD RIGHT-OF-WAY,2.0,50.5,2.0,2.0
0e058ca05635a8dd18fd1fe607dc494ce6442cc83ab9c348b7b73fb44d674129bce20197089e6a7a80306077ce8de549c8b02211a29c97537eb9218e38b89833,CLEAR,DAYLIGHT,DRY,FOLLOWING TOO CLOSELY,2.0,28.0,2.0,2.0
0e0628de8e45b329f5354a48e92fc2e8a4c7506b229c3815f7319545c12410e378d9d071cdaefcf733a3b6a3804f6e650af60a2e7af1226a3cbfdb7e8b457fec,CLEAR,DAYLIGHT,DRY,IMPROPER TURNING/NO SIGNAL,2.0,49.0,2.0,2.0
0e064ca35688662878692c7dc586d6d746590e4287a0bfe53bad938501b4791ca7996f13f44c40196967e45d332e5c404c7d99a2816dc4dc5edb4463af648f6d,CLEAR,DAYLIGHT,DRY,IMPROPER OVERTAKING/PASSING,2.0,46.0,2.0,2.0
0e06548048b4ca389e630f683958d755153bca71d4c6d65e1eccf2c39dd16e0f8ab6053223bf7f0ab3c7e6d1306c1c9ade451452460a837a6448e12f33796a4e,CLEAR,DAYLIGHT,DRY,DRIVING SKILLS/KNOWLEDGE/EXPERIENCE,2.0,37.5,2.0,2.0
0e06603fd939fd520571e49ca03e227cc0582d634f387ac6320fe42867281d6ff37c24e5903ec3878521fdcbd0c8315cc43e430e1a73f04985cba88fed2ed55c,CLEAR,DAYLIGHT,DRY,FAILING TO YIELD RIGHT-OF-WAY,2.0,53.0,3.0,3.0
0e06975f4acafcd01cc2cf11e4c9b1386030a367248340e588dd86d028f155b41e6144b6824366ef745fe4003dac6819582c043386943d0623e1eb8d171755a0,CLEAR,"DARKNESS, LIGHTED ROAD",DRY,FAILING TO REDUCE SPEED TO AVOID CRASH,1.0,47.5,2.0,2.0