crash_record_id,weather_condition,lighting_condition,roadway_surface_cond,prim_contributory_cause,total_vehicles,avg_driver_age,total_people,total_injured
0e06999662d28e9458e7eae7859f4a5d78f8b6f8f12cdd48952ae626982aa218b6d3845137a9da2b24936fe9738c2f3a01306e32353d3172c2ba1b5f8091e10e,CLEAR,DARKNESS,DRY,IMPROPER LANE USAGE,2.0,37.5,1.0,1.0
0e06c25cd2a3418622887a05ce137d5c3fcf7b6415af2089a890110e776b28370f12f5b31f852a6eecae1814c685d19cc7162b32908c146fcbfa44eaba8a3805,UNKNOWN,"DARKNESS, LIGHTED ROAD",UNKNOWN,IMPROPER BACKING,2.0,48.5,2.0,2.0
0e06c7e1bc8a33c8563bbe039784e98b7b3167a288ee0bac5065edf22f8b57a4422435f85c1c192539a775acf34651a7d45a3c4d3c1372f41d031b8a66c408a2,CLEAR,DAYLIGHT,DRY,ROAD ENGINEERING/SURFACE/MARKING DEFECTS,1.0,42.0,1.0,1.0
0e06c842c2a72e64ca5644969b2129a359b392fa19cb2f44ddf1423c881f4debd4723c33eaec8abb3e8229bf8a5f571e5e99e75bc74aef6c7cf0a809edbc46a3,CLOUDY/OVERCAST,DAYLIGHT,DRY,FOLLOWING TOO CLOSELY,2.0,58.0,2.0,2.0
0e06d4514b8d3a27907390dc09cfa6b542f7870422e7800ee61bc4bffd9a85fe52873d8cce0203642eb30086e0c81a6702c9e0361d89fc936af91bce786e5802,CLEAR,"DARKNESS, LIGHTED ROAD",DRY,FAILING TO YIELD RIGHT-OF-WAY,3.0,46.666666666666664,3.0,3.0
0e07010516fe0700927dc42f44ad6b2185c2de1148e9a20e3db0f93bb12a0598d23192df029443a8a7287220c4546947fda72717addf9e31064df7382233fc10,CLOUDY/OVERCAST,DAYLIGHT,UNKNOWN,FOLLOWING TOO CLOSELY,2.0,61.0,7.0,7.0
0e0721db5cddd3de784226b2b919432f372488ef3565abe05e2c1699bdaee5b031a2326e3c3e47cf9ceaf4e0d630a51c9b671782a1644011cd3db56e8b42bd5f,CLEAR,DAYLIGHT,DRY,FOLLOWING TOO CLOSELY,2.0,48.0,2.0,2.0
0e0743c4cd74e2f193b3a373c2c3a2ac4e97735722db24687f30072be38d9e59f100b0f8aa062e09f338efdacb15d6e71bd26128793da6cbb8d9ecf8a5205872,RAIN,DAYLIGHT,WET,DRIVING ON WRONG SIDE/WRONG WAY,2.0,32.333333333333336,4.0,4.0
0e07764e5e76678a387ad776fd7164f662ac9fec2f70c57f8aa3de003a3f714022b0fff373aee05b2b179c4d313456cd99789fa12adc3ea1c42bf5b6f172462b,CLEAR,"DARKNESS, LIGHTED ROAD",DRY,DRIVING ON WRONG SIDE/WRONG WAY,3.0,37.5,1.0,1.0
0e07798a2b65611a17bcc6789d2b131fb2f053aaf5bb1bfbcbc13e988cf666df568c8e9e14c9f1ca30f25eafedad8f195fb1f71e971f828e1f09186706ae138e,SNOW,DAYLIGHT,SNOW OR SLUSH,ROAD ENGINEERING/SURFACE/MARKING DEFECTS,2.0,53.0,2.0,2.0
0e07942a23696aecfc046315c1c6462d099585fd6b99619552e2ecb302ca02dd5be66fa850f5fd21458da7a37daf031a0a9d58533dfb183ecb7d69fb6cfad401,CLEAR,DAYLIGHT,DRY,FOLLOWING TOO CLOSELY,2.0,40.0,2.0,2.0
0e07b05b82b1f5581fb155ee142c673bf73998f42c40885360031e545a413e52150704e1757c8c8ad334740ce29dc142ca85a7bd5ac175e0c4781945c149f60d,CLEAR,DAYLIGHT,DRY,FAILING TO YIELD RIGHT-OF-WAY,2.0,58.0,2.0,2.0
0e07c784723d357c1d9aa33c40e5e31b05b40580c32bea7b2b5016dda1b93ed7ba6adab73a5380c604ec7219aa848429c76bc81317f89fd8bda25f09df4392eb,CLEAR,DAYLIGHT,DRY,IMPROPER TURNING/NO SIGNAL,2.0,60.5,2.0,2.0
0e083349f217e070a0609d465c8a2d9e9f81e0aa81b6c1cb17d0afd4d56415fa0a7e413f57f1f3c2a06f87dc5798a12473b38a944fe609e7c1945a1b617c1b5f,SNOW,"DARKNESS, LIGHTED ROAD",ICE,WEATHER,1.0,54.0,1.0,1.0
0e08396e2ae2a143d1a3532eb99f36dee942eae86266f4633444032288c6c889cb4b0ddce6be067c226cda1a998c384386bcabe6c335a18e6e942790e9fc31df,CLEAR,DAYLIGHT,DRY,IMPROPER TURNING/NO SIGNAL,2.0,74.0,1.0,1.0
0e0849ec2004e199485676c0ee92357eb45dd17b13e144f95b1c4c444c04173ca84e580875baab0b2b1a38664742400ad74be03dbc1f946a0606c4c927465ce8,RAIN,DAYLIGHT,WET,IMPROPER LANE USAGE,2.0,39.0,2.0,2.0
0e085250b5737c81e23903a3dccbabe797037ed8fde0a76cae6630736ebd326e13ea1f10714b0624fce0bcdbdd303a7a515cb6b023d765002ec761834e06eeed,CLEAR,DAYLIGHT,DRY,FOLLOWING TOO CLOSELY,2.0,37.5,2.0,2.0
0e087123f8af27269582b7cce93bc0d3f74f3ecb01571af57f36e25a29d3804a79a0643d0b5521b4cf982143ab1a6fe314b533325472973ce833df7c06f2cd00,CLOUDY/OVERCAST,DAYLIGHT,WET,IMPROPER TURNING/NO SIGNAL,2.0,37.0,5.0,5.0
0e0888b2458e2ed5cd6a8bc8a27bfafd837892a64586ade687ae8fd8a83a497f8924f48222a65cefc77026e8a39fe8858d622e46cf2b22150c79838418cda0f8,CLEAR,"DARKNESS, LIGHTED ROAD",DRY,FOLLOWING TOO CLOSELY,2.0,24.5,2.0,2.0
0e08962e478d0d4ebd21526ae8ca89bb8eceabb519d10bb87e4f2464da3b68c3aa72fb562244eead40096479e8f46a66c6ae7da17d3c56f9ff31968217924851,CLEAR,DAYLIGHT,DRY,DRIVING SKILLS/KNOWLEDGE/EXPERIENCE,2.0,37.5,1.0,1.0
0e089cd839f3c7e73e04cb9c91df2cbcb5ce317d990e7743282e27825ff4443e74cf0d8e2d8e96150bf058ebe5a9753045d4ce24b483e24c6937c90a2d340e2b,CLEAR,DAYLIGHT,DRY,FOLLOWING TOO CLOSELY,2.0,61.5,2.0,2.0
0e091130d896787c2f723a1f1ebdf05a572f273a4181b5a9bfbadfa2b9c6333b2ed45a85ceec8dd7af4253237ea29d6e7c28b22e60144944a3e90923be668ca6,CLEAR,DARKNESS,DRY,IMPROPER BACKING,2.0,37.5,2.0,2.0
0e092e614d615bd828e75f59c2bb244856a6b81fde81e9bf98af60e217cf007af830135d7c3608600e4209bee981e3a8effddc1489557a440669f50db6fe34b1,CLEAR,DAYLIGHT,DRY,DISTRACTION - FROM INSIDE VEHICLE,2.0,39.5,2.0,2.0
0e093cbd41dc11883d72ab088e419dc7865a9a2d68c1e12720a3d5755fceb525089a34fd1e1d777bde84458d9cbf62c5e3b4b5a7c420d6abc389b36809f23242,CLEAR,DAYLIGHT,DRY,FAILING TO YIELD RIGHT-OF-WAY,2.0,30.5,2.0,2.0
0e093d555166d887397c402b5c09d9d17a89fe6451f8945d804c03bd9e908916d8226b2c28eaa8fb8287f01eca1f52153bbfc79c35282d5cab05d59f3baa5cde,RAIN,DARKNESS,WET,IMPROPER BACKING,2.0,27.0,2.0,2.0
0e0954e6a29283f5fa8909e89f04a1a30c804824ed44d4aef6ddaa48d7070dffb25334e081d15ae84000ee1e1d16dc82686dc6c702221f2b1a145e8efaefb137,CLEAR,DAYLIGHT,DRY,FOLLOWING TOO CLOSELY,2.0,35.5,2.0,2.0
0e09625576076aad87e27cc1556c2d1de684e8e5a384069468146e2a27b8f6d7439caf596dde037fe0b144c01d5016dcf03864a9acaa6f83bd1dcc60e042ba21,CLEAR,DAYLIGHT,DRY,FAILING TO YIELD RIGHT-OF-WAY,2.0,50.5,2.0,2.0
0e09878b86dfbcc9995c8fe3c03d47b707674ddaaa1e7a31af7c8ddb79dc24f84bd3df721f2b5d4a61b0f10b2f3a31285d6a92119091e65fc6f4b5379bedea7b,CLEAR,DAYLIGHT,UNKNOWN,FAILING TO YIELD RIGHT-OF-WAY,2.0,23.0,2.0,2.0
0e099389d6ca7632641b3b483b9a56b8b4cef31017ad565c6fae0326f17dd457e9eeb5b91500815052fbeefcf7cd7daa471b6c6346fecbf8b30a4b4dcb15d2e7,CLEAR,"DARKNESS, LIGHTED ROAD",DRY,"OPERATING VEHICLE IN ERRATIC, RECKLESS, CARELESS, NEGLIGENT OR AGGRESSIVE MANNER",1.0,23.0,2.0,2.0
0e09e1c4fd3fbcff6fcb4891a4dd715db34991f588f9e83bfa3a62a68f5e7dff5de5be4833cec3783beeaee099ad86352fb239202e85bb5a4512060318ce1bf1,CLEAR,DAYLIGHT,WET,FOLLOWING TOO CLOSELY,2.0,24.5,4.0,4.0
0e09eb82fc8ccc87b8f5ea0901657c746b3be5f5473d98e9c0e37dff91d4c128ec6cfb63ad2988d7e303c6ee2a14f0913d3e961d69a8b681e43f17d579b8bfcd,SNOW,DAYLIGHT,SNOW OR SLUSH,FAILING TO YIELD RIGHT-OF-WAY,1.0,64.5,2.0,2.0
0e0a2d46c76a2ffdc121eb054cdd724216b4c9c586d7259bbc35fd1921ed7098815653324bd67dea18979da4dbca07281e63f31981415bca657bec68c9672156,CLEAR,DAYLIGHT,DRY,IMPROPER OVERTAKING/PASSING,2.0,29.0,2.0,2.0
0e0a65ec21e46318e97c7aa1dc2213187ddbdc9537f363771cce7c25fe08afe9195a1d34061182a23206a440d11d4d19a8e5ef053e05ae66badf7e81e9f3a629,CLEAR,DAYLIGHT,DRY,FOLLOWING TOO CLOSELY,2.0,31.5,2.0,2.0
0e0a7f46648cdcad6061cfc6c7ed1f5a485c822ea58560d71b62875ceb6540abd137ee40ed8307716e826ecb1d29d37f1b1dbfc9798059f30b3c1a592283d2a5,CLEAR,DAYLIGHT,DRY,FOLLOWING TOO CLOSELY,2.0,37.0,2.0,2.0
0e0aa03cd241bf4132e083246eef7a8bf4d4e15d7bd1816644f25534d480e5783a4975623d1628561c55a58bd8d5ddd576a27b9c420c44e2d59d49d42593084f,CLEAR,DAYLIGHT,DRY,FOLLOWING TOO CLOSELY,2.0,31.5,2.0,2.0
0e0aa2128c738e38533e16c685aaadc0884ee5a5727568e678a726796defc45003d40a8ea5b42668441af071a61f169805e8c3d72a4bebac397b52885e3803d8,CLEAR,"DARKNESS, LIGHTED ROAD",DRY,UNDER THE INFLUENCE OF ALCOHOL/DRUGS (USE WHEN ARREST IS EFFECTED),2.0,41.5,2.0,2.0
0e0acc397173efdfd18c5cd34d3bcbaa452061eeeddb0fe2c0d0c469a62981a0dbd0b1d4f911584391a6585ebe4fc3c12a2e0ab8ba019a90223ef71e23fdfecb,CLEAR,DAYLIGHT,DRY,DISTRACTION - FROM INSIDE VEHICLE,2.0,56.0,2.0,2.0
0e0acc7409ad4a4dbde53087ecdb5636c5dd734811183ea29a9e9c90139d1ba61d85b22a2906c531a2469e5e96eedaae72f221ae930db63aff7514c9c575915a,CLEAR,DAYLIGHT,SNOW OR SLUSH,FAILING TO REDUCE SPEED TO AVOID CRASH,2.0,32.25,4.0,4.0
0e0ae26b218612babb82eb9b8b078655b5e77967fe62a7e9880ea2734cb409a70f148d9d834cf78d238e292460984fa6b67bb98aebb77b06a7329df03a1f5d79,CLEAR,"DARKNESS, LIGHTED ROAD",UNKNOWN,FOLLOWING TOO CLOSELY,2.0,42.0,2.0,2.0
0e0aedf139ff74dfc9f6b90432ab719aa97f27c9a8e51cbf61c67ca9319bf5e301b09f816e47080ab08a23f04571cffff2182414e1edc222036259728a1eab70,UNKNOWN,DAYLIGHT,UNKNOWN,FOLLOWING TOO CLOSELY,2.0,46.0,2.0,2.0
0e0afb38a9d8b2b8d82150000cd4f715a68b183fc4808c1e6b8de96ad355ebdbb96f18fd29331ba7d3a1f05f3de711365239bfe10a78148e6eacad62701d5456,CLEAR,"DARKNESS, LIGHTED ROAD",SNOW OR SLUSH,EQUIPMENT - VEHICLE CONDITION,2.0,21.0,1.0,1.0
0e0b24c81c14b7aa4451f37b7a002cb4bb25545ab6f39bb8109b0b9226702e497ff6898b08915bb9070fb17e8e7de5d6f7a4c493fca03ae9dbc4cba6429cb8c2,CLEAR,DAYLIGHT,DRY,IMPROPER TURNING/NO SIGNAL,2.0,38.5,2.0,2.0
0e0b2efa650f1c79f6d3e641cbdb9c1f72f798fc33aeac1ed9edc46fbc53b8f1f6eaaa534524c94635309ed09bc1e066fd2bcca83d7956673c12a6bb5813c4da,CLEAR,DAYLIGHT,DRY,IMPROPER TURNING/NO SIGNAL,2.0,58.0,2.0,2.0
0e0b473678ec207693942f69d778ada62c00b6299d5453c9c399003dd7300f6fdbc25ab94c53a4c1ac79506e4cf4dbd8ddabf8df98c1c7411215daa5de484683,UNKNOWN,DAYLIGHT,UNKNOWN,IMPROPER LANE USAGE,2.0,45.5,2.0,2.0
0e0b4f9d7c1f90d60f3a326788a6438669f6ec84e726e79b79d86eb201ea9bd092566a7afa8646081e71ab44391740f57b3415e9be7a2a33316967ba10f577b5,UNKNOWN,"DARKNESS, LIGHTED ROAD",DRY,IMPROPER BACKING,1.0,64.0,1.0,1.0
0e0b65d2fbd450e155870b815067a61e188e054f1ea7dc1ef2c4bac160a822879610c45545a6742b58759546ba7b0ebd62406f529a9dc6c4f7d0a054940aecbc,CLEAR,"DARKNESS, LIGHTED ROAD",DRY,IMPROPER LANE USAGE,2.0,21.0,1.0,1.0
0e0b77533fedd7d21cd53189047f0b87716a2ed29024e7bbb9e74ed57dcf5787f566891757c4b727ccfef6b6b7ea07a2b55393fbdecdc055d4164b4fefa461ba,CLEAR,DAYLIGHT,DRY,FOLLOWING TOO CLOSELY,2.0,25.5,2.0,2.0
0e0be8a6741e8ba601887b5b38e364e97258b08b79566d9696ce3e087edf3c13a28bd70bd057f0f6b09465a3314550896d9a5a1363ddcd6ebcf53c9bdabea3b0,RAIN,DAYLIGHT,WET,FAILING TO YIELD RIGHT-OF-WAY,2.0,20.0,2.0,2.0
0e0bf6757892fc94b5c8959b3973e77ca603971c4663a34f528d62a99a7f9074cc5bc6ae34618f8dbe8ac68f892c497f6fd580d3247c08556cf7a189da2f6256,CLEAR,DAYLIGHT,DRY,IMPROPER BACKING,2.0,37.5,1.0,1.0
0e0bfec5b5800df852fd4a1b356865abfb6909a2185ae874a418784ec4bea3dd65b7df88991266080c28cfd94e2cc7f50d9e281daf621bfe00558e42f2378073,FOG/SMOKE/HAZE,DAYLIGHT,DRY,FAILING TO YIELD RIGHT-OF-WAY,2.0,42.0,2.0,2.0
0e0c091160fe93e08c86bac1f3b9366cf2a212021b1b14049c7e9cd6cff616605b0ecda5f08bd9c0eea27c6fda52eb441e8d1c1cbeab784410ee4517daf6535a,CLEAR,DAWN,DRY,DISREGARDING TRAFFIC SIGNALS,2.0,31.5,2.0,2.0
0e0c0cfc7d864a07be721c7d300ad7231ebce77039d07dad2f8ae1c5a34722987e936e51e35bf7eb9e47ee30095b0a0043f8613ca25387a225c7929ab4c39f4f,CLEAR,"DARKNESS, LIGHTED ROAD",DRY,FOLLOWING TOO CLOSELY,2.0,26.5,2.0,2.0
0e0c3925f8186eee330ba8833fdf15640cb2a7cbb686fa748f2ec4955fdcffcc9401886b3a2adffac1d36994fa971d5c68708fb1b2694ac418f89b8c84ba4c71,CLEAR,DARKNESS,DRY,FAILING TO REDUCE SPEED TO AVOID CRASH,2.0,31.5,2.0,2.0
0e0c43302b32493da653ba06a643728127ab7282d8446accd313fc0bbf6eed0084127fc007cd0b98cbf99277fba4a4faac615816015862127c3815891b89d660,CLEAR,DUSK,DRY,FOLLOWING TOO CLOSELY,2.0,62.0,3.0,3.0
0e0c4f31da8464b4705985c0d3b9230511f622b7d9167c16116ef1d62ebe73efa900bf7d4a8ca442fb3fac6c84136bdc9c454bf8a7c4e8a714714ba7c46022c7,CLEAR,DAYLIGHT,WET,IMPROPER BACKING,2.0,33.0,2.0,2.0
0e0ca8e7c576ebd758d315bb8dd6aa2b6dbf5354384cb716d53489fd92deddc784c8a6c8885a2313a0dc26be493813611a024601c334e7429baec9a50ff41186,CLEAR,DAYLIGHT,DRY,ROAD CONSTRUCTION/MAINTENANCE,1.0,57.0,1.0,1.0
0e0caa78069567b665c72a891e9aaa14a453a2b42f21664193dca7210a35ab40f697e16e817b4e5386f5c0018308114d1de65e1f7379bbfccb2ce5a331402d0c,SNOW,"DARKNESS, LIGHTED ROAD",SNOW OR SLUSH,WEATHER,1.0,29.0,1.0,1.0
0e0cbad8222ff5f160b2a75f5fa042a4e4654e355635b9057c45ccf2cfacc0ca697d7541c5909c28bc8e6a0fa1b76104c82606ede44fbbfe9719e24bcb695f0f,CLEAR,DUSK,DRY,IMPROPER BACKING,2.0,30.5,4.0,4.0
0e0cda2606d34ce9c57032df058146c0cd33c637991b4b6a271b678faca61ebcb9e1eb99177d8c8749675089082ff0a1168ce005f39e04dcad8771ccbb7297f8,CLEAR,DARKNESS,DRY,DRIVING ON WRONG SIDE/WRONG WAY,2.0,37.25,4.0,4.0
0e0cf2e363df693ccbad0627eaa07efaf31da2c47cef2e4a1b6144948fb7632904f2a620c1e5aa62f34431ada83444e5cf22c82f3a63959f9cdb23c46dfd0d9e,CLEAR,DAYLIGHT,DRY,FAILING TO YIELD RIGHT-OF-WAY,2.0,69.0,2.0,2.0
0e0cf4886930aa17f896727eace59785486cbb8667c76785f32ea9890af46eea69baa4cb09057cdad4911ac50f7ed44d10d33420ccfa153af40a7acc3adfa2fb,CLEAR,"DARKNESS, LIGHTED ROAD",DRY,"OPERATING VEHICLE IN ERRATIC, RECKLESS, CARELESS, NEGLIGENT OR AGGRESSIVE MANNER",2.0,47.5,3.0,3.0
0e0d0b12f2338ef8aaf157f30314a1e3abd19e770b5f563deb2102e1ececff8fd5816d574ee87ef216acb2f981e1f18515a782ac46ea2f76ec3d75ed1e4aabed,CLEAR,DAYLIGHT,DRY,FOLLOWING TOO CLOSELY,2.0,28.5,2.0,2.0
0e0d1937ef83f289bdfa3cf216e762fff36ebd9a438c0b5eb86546658a2314f90c6c4da92dbd0bd82a8263727662f8394fcfa283306425d5fc3eb4307859595f,UNKNOWN,UNKNOWN,UNKNOWN,FAILING TO YIELD RIGHT-OF-WAY,2.0,80.0,2.0,2.0
0e0d32febee2a8c2908c36738dab8f6a0486a70ea0fcc10be8e3ed1e1449ad0b83e2d14c53317347dc420a1664db4fddde61ad085cc4369a496ff3b55dd2adc4,CLEAR,"DARKNESS, LIGHTED ROAD",DRY,FAILING TO YIELD RIGHT-OF-WAY,2.0,44.5,2.0,2.0
0e0d47693b84d6581c7676659330c6ea3b6690d2fcf92b860566336b7b62cf5b9393eee44c4dcbb95399461b1aecc8a2b4afe07ad6bafa9e575e8e99918529c3,CLEAR,"DARKNESS, LIGHTED ROAD",DRY,DRIVING SKILLS/KNOWLEDGE/EXPERIENCE,2.0,52.0,2.0,2.0
0e0d81b648c6aeac86172dc21c94b5375f4baeaa55153f3b1efe559f7fae775a9c3d3258e9639539af0d3c7196e3252a04778801ed6a3438fcb07a95cd03f2a6,CLEAR,"DARKNESS, LIGHTED ROAD",DRY,DISREGARDING STOP SIGN,2.0,60.5,3.0,3.0
0e0dc4ee476d704313fbb855f93bf31bbcbca1b1d26c09d960e335ea6a891bfdc85d8fd141143ca17d4e1d636f9b68240cb54ba415f7e1f2b9b4bd689fcb8c4b,CLEAR,DAYLIGHT,DRY,FAILING TO YIELD RIGHT-OF-WAY,1.0,30.25,4.0,4.0
0e0dcae91e26dad45640482500309a618bd076f7ac583790dacc34a02166763d0379f4d764ffa241153bb3fdd305f6b7d7526f4a27cddfdae132694bc4fece10,CLEAR,DAYLIGHT,DRY,FAILING TO YIELD RIGHT-OF-WAY,2.0,46.0,2.0,2.0
0e0ddf3df5fb84f8cd16fa96f4f34d0fc7b83b993badd55b8d7fe792b236b562d3f794f0d812f34f6c32aba27035ce2b437f4fba0e80be0b52bdbe4ed4c9a85f,CLEAR,DAYLIGHT,DRY,DISTRACTION - FROM INSIDE VEHICLE,2.0,50.0,3.0,3.0
0e0e598035040c0c53851438f23b8aa69627b6830b0fbeb9ff0877724bd0977f39e0df3a78fbbefe8d88407a424ae252c34a2055d879261dbbdb7293462c95ae,CLEAR,DAYLIGHT,DRY,FOLLOWING TOO CLOSELY,2.0,61.0,2.0,2.0
0e0e896f7a29c06ff918759730be9d87e76333fc50febe3d27792b7dabd0b3bc0bb122cfac49ec697c08703f0c6f056ed24edecb4d002766a227d8617175093f,CLEAR,DAYLIGHT,DRY,FAILING TO YIELD RIGHT-OF-WAY,2.0,25.0,2.0,2.0
0e0ea7fdb550c2c03867d7c58a50165eb2fed7ab278bc5a7b0304ff730add80def085487947d49bcf51c8cfeddb87ba86d24b8d0045e84e352778208af8e1391,UNKNOWN,UNKNOWN,UNKNOWN,IMPROPER OVERTAKING/PASSING,2.0,37.5,2.0,2.0
0e0eaed9b2e511ccc1288ada5c66c889a136987d0e5c7470c7f4b4632f213b63881934d805e23a4e1f0803ad3556fa4a76debcf14488856dd7d6a0c4e4487f40,CLEAR,"DARKNESS, LIGHTED ROAD",DRY,IMPROPER BACKING,2.0,32.0,2.0,2.0
0e0ef94df5fa7d06d32b566a9c8cf2e54f5eb5f08113de7777526e993200fe7f624541fb0f312533da94ce377ef34f39fe55d5c808eb66b8e1c9dc6b89ceb455,CLEAR,DAYLIGHT,DRY,DISREGARDING TRAFFIC SIGNALS,2.0,41.5,2.0,2.0
0e0efa1a0d5cc00fde40973231aa21060324663d4fec470710fdcacb98af740380896826c497f631c6ecd0cbc3922a7ed9e2599dce416e8288d687e8c3f95df8,CLEAR,DAYLIGHT,DRY,FOLLOWING TOO CLOSELY,2.0,56.5,2.0,2.0
0e0f03e56502e02e6d8f3b655ce1be9f56928fd37911d577717e5695cb9f5ee7c39bbabfd23106aabfef8c24f6c743de3e66f2ed6519cb67502d001ec92c02f4,CLOUDY/OVERCAST,DAYLIGHT,DRY,DRIVING SKILLS/KNOWLEDGE/EXPERIENCE,2.0,59.0,1.0,1.0
0e0f283d6d9cfea28eac3880adc790c8198610acf84a8002cafb665e3d51c013541ec418ecc6d3d60560d9c02d6c606dd6b10322e6a4ec66159ac4cf96808353,CLEAR,"DARKNESS, LIGHTED ROAD",DRY,IMPROPER TURNING/NO SIGNAL,2.0,36.0,2.0,2.0
0e0f33d5b38b6954387e0c9414643078e9e21231c2161cd99a7bf70db0bddb8b0c001e0cc6b2e3d57896c1e42f34c81c5e2db81b1923d437c42dbac47d3b76fd,CLOUDY/OVERCAST,DAYLIGHT,WET,DISREGARDING TRAFFIC SIGNALS,2.0,47.5,2.0,2.0
0e0f8d48e8df251feb477f7cd89be815ea4798df1e1c96b6050632a3e933c0bedd7999fde754edb6260f2d3d91ecc32a230bb029d1b055e511fd9bc3a975a966,CLEAR,"DARKNESS, LIGHTED ROAD",DRY,FAILING TO YIELD RIGHT-OF-WAY,2.0,41.0,2.0,2.0
0e0f961d4c5c01d9fe2a4ac8d72ce47d1dfb38f9ba77e9ec54b304359f0584757efdde21c6bf0b95dc632271bc8e94d3be00f7cf098c5d1045b1da51213b8895,CLEAR,DAYLIGHT,DRY,DISREGARDING STOP SIGN,2.0,32.5,2.0,2.0
0e0fa28b8017249c9c01477e34631ee748223bba8e1da55dac5b41f11f96c9b120cc06887805c2ef569c5f23959061eb883a915e21e5656431c5ae38efce2d31,CLEAR,DAYLIGHT,DRY,FOLLOWING TOO CLOSELY,2.0,13.5,2.0,2.0
0e0fdb870536d92cdc0993b7e93475af7444b7d41822e8e2611b68e50604e524b629e7638f6a330d9bb36af5c144406d9c198818c07cfdab3fe750bf7963cdc8,CLEAR,DAYLIGHT,DRY,IMPROPER LANE USAGE,2.0,41.0,2.0,2.0
0e10469d6ff81d6ffa6014a2b6f9f3e8c39e7b69034fbe1761a1d2564be408f57a2f569c7630f3fb80b475f381d659b6c076ba305aca85f40a8df7c5a75bb80f,CLEAR,DAYLIGHT,DRY,FAILING TO YIELD RIGHT-OF-WAY,2.0,44.666666666666664,3.0,3.0
0e10501562a76280cbec5fa04d0a0e108fc48d22fe01c8fcf64cbc47bb198e58d73d4bf6c8c221fdc2d43572f9f0a9d9bce8086e5a47ffe26c4541e07b67a097,SNOW,DAYLIGHT,SNOW OR SLUSH,RELATED TO BUS STOP,2.0,45.0,3.0,3.0
0e106018909a015fb8ffd866fbdf9a8bac6358e9c446296b753536d338224797cb92945e68cc445e39f32ea71ee579644bf2d232a683005c7f6fef85af01b34c,CLEAR,DAYLIGHT,DRY,FAILING TO YIELD RIGHT-OF-WAY,2.0,38.0,2.0,2.0
0e10844f02e4f7f718b72687ad46be52d40ba5d5bbb05842f655e93a951539ca10e6df88ae7de126d8557fb468262ece11bea8c8df5e56728b1e681894ce4b48,CLEAR,DUSK,DRY,FAILING TO YIELD RIGHT-OF-WAY,2.0,20.666666666666668,4.0,4.0
0e10e3f6b79833801723ee0cfd81a15d475c5bffd560b7a7e553787d13b367a146e90880b49b32d9759fdef5cf539ff06c9bf3bb23cdafbe2163e91a484e1df8,CLEAR,DAYLIGHT,DRY,FAILING TO YIELD RIGHT-OF-WAY,2.0,33.0,3.0,3.0
0e1133a91cefd7c38b043694dbc5d80c83a883176781922e743be29127ad6626cdc3daeec53253f3349f8efc81321238517c7aeb2a931ae0c7455b3255ee7f12,CLEAR,DAYLIGHT,DRY,FAILING TO YIELD RIGHT-OF-WAY,2.0,39.5,7.0,7.0
0e113a9713b9bc415c10844bee0a3d193923033ad97ada1df533121f4307ee30e4c75e23b9438bf52fd79de0e22075dc467d83a7da89c6b5c924201cbed735e9,RAIN,DAYLIGHT,WET,DISREGARDING TRAFFIC SIGNALS,2.0,23.0,2.0,2.0
0e1154a8580726757f04b516e31ec5f1eedaa3aa71cb0b3690a1ed18413118e8ce7c8ed979bc1a63215eb30ca89c6832cb9fb5b88edb21a75750f0acb65ec6da,CLEAR,DAYLIGHT,DRY,DRIVING SKILLS/KNOWLEDGE/EXPERIENCE,2.0,50.5,2.0,2.0
0e1154b8a41903e63dd71f2cd97933b1b9b6fd5964fe6095a64d71f3e53225f0e59679e040d737b215abd819a0e229ac19552b11de12173f385676f30b2c401b,CLEAR,DARKNESS,DRY,FOLLOWING TOO CLOSELY,2.0,38.5,2.0,2.0
0e116a851890fa36e4f9018c244247ff3472e6915f358c00be2af7d11e8897cb76bf191cf77ec079e36d589b86e878616dd2c0690af065194eb63aac2fcd5153,CLEAR,DAYLIGHT,DRY,FAILING TO YIELD RIGHT-OF-WAY,1.0,49.0,2.0,2.0
0e11879354bc5bf816d525690b4455fde62e6b698d30596634bb12337c791521da9f935648690d73e9201882b6cca944af512d22d9cc7f480fe9d24019b3818f,CLEAR,DAYLIGHT,DRY,FAILING TO REDUCE SPEED TO AVOID CRASH,2.0,74.0,3.0,3.0
0e119701153570909722d4415fa1dd416aa0d34f23754c58737d1670eac30be3e03cab3131c1134ae5a6155c12da685422aa5e49c92601ee03740c8c5579de1b,CLEAR,DAYLIGHT,DRY,IMPROPER BACKING,2.0,45.0,2.0,2.0
0e11e1dce84440941e8ad7845f93afc4e3a8196ba8adaca0866994fc66e5b18366c10fb3ab87e74233e1fd7931506f5ddaf6d9ddfc7f7a318a0b45e3a68bc411,CLEAR,DAYLIGHT,DRY,DISREGARDING STOP SIGN,2.0,31.666666666666668,3.0,3.0
0e11f085737c0174e983863800eb47fb13308cceb1bb58ea45e01ab2b20d2c091b4c6a2ef707e8b44f2d2827804101a96216d9bb6d28e41406de659055b18d52,CLEAR,"DARKNESS, LIGHTED ROAD",DRY,FOLLOWING TOO CLOSELY,2.0,38.0,2.0,2.0
0e11fce8b2b3a2ac03f529f8a464e25df911a68d76bb2fdb6ebfcb7fc921c672e6fee9388a5c47a9ffc6a1566f7ec3ee222df57f49ad53ce75e5d094df6f5200,CLEAR,DAYLIGHT,DRY,IMPROPER OVERTAKING/PASSING,2.0,48.333333333333336,3.0,3.0