crash_record_id,weather_condition,lighting_condition,roadway_surface_cond,prim_contributory_cause,total_vehicles,avg_driver_age,total_people,total_injured
0e1204a49ffe77a9c0618007ce68006f521030848de794c38cf7e91299a593fa1faa59b2a22154d53c25235940c9d37261d2d9cfdefaeb0d2140b99b997dec46,CLEAR,DAYLIGHT,DRY,IMPROPER TURNING/NO SIGNAL,2.0,39.0,3.0,3.0
0e121c583a13b1a7bdca9291b282b15edae5bf3040ae648eca733c331300e2eae497fcfb79662a3690e1589b26dc820ffb33224884bbf9c315ea2c9c8a818fb2,CLEAR,DAYLIGHT,DRY,IMPROPER LANE USAGE,2.0,32.0,2.0,2.0
0e1226807ab9dbaf976f53cfbbdec15d5909defc5cd5a5ba1e914a76d39900e59707cbe7d6749a92cbb8be6b52d7b31f9b493e43b61dace99863a35c8b170f15,SNOW,DAYLIGHT,SNOW OR SLUSH,FOLLOWING TOO CLOSELY,2.0,24.5,2.0,2.0
0e1247d1b74b9483cd664bd012410f4763e207b0b8c228aa2a33c1d7cbc2a90f8a1ca10e1aa3ed885d22fec69047248e726d0bed2b38a66760524a0f6fb3c814,RAIN,DARKNESS,WET,DRIVING SKILLS/KNOWLEDGE/EXPERIENCE,2.0,59.0,2.0,2.0
0e1247d56519261b713a9286ee9ddc553944b4170a4d5f90cf574553cff80445ab0e1273ec8ce7660e06ada863a4fefb7e0a155557218907a35c3b8c7e908924,CLEAR,DAYLIGHT,DRY,IMPROPER BACKING,2.0,64.0,2.0,2.0
0e124c1d4d84f1d92f50586c167e4cd4ac381e28eaa0c573f3dba210b60a1a07723e2374cccc4ad7453b254474ba2dcfdf8b24785ed55d0871481df63de0150e,CLEAR,"DARKNESS, LIGHTED ROAD",DRY,IMPROPER LANE USAGE,3.0,30.0,1.0,1.0
0e126ea1515138db45b3fc9037aa441201e0848c7846df401e8f23262f1aebf35fb6f355c9e6ace037472bc0ee51a5ca57216be2d6ead2a695b111800ddc8f94,RAIN,DAYLIGHT,WET,FOLLOWING TOO CLOSELY,2.0,23.5,2.0,2.0
0e12792739f740eda76687e6e99f540055655cfad756aa102b9e053762e07672c9c6ecbe117442a90edd6256c345a9a70f150bc3f8611f9ee4754108c788c60e,UNKNOWN,UNKNOWN,UNKNOWN,WEATHER,2.0,43.0,2.0,2.0
0e128af007f9c8e317535b61ba265bc23ddc02f18b07428fc48182ef62358fa4cd62efa3be734a10532988df04b98a311b1497b97f7479923c306bac4e2a7169,CLEAR,DAYLIGHT,DRY,IMPROPER LANE USAGE,2.0,49.0,2.0,2.0
0e1290caa50f3e1ff9055e898aa0e3fa5c24cd86fc17c81a090730a42ad9f784c84484aac2cb75968be86295d3a5f6dcc83b867a7a0d5e53565699c1bd3077af,CLEAR,DUSK,DRY,IMPROPER OVERTAKING/PASSING,2.0,44.0,2.0,2.0
0e12916c432f599eb1523cc0a0aded37da67da33d221ebe2a78522070a9ee7937b43fff3b2f63c8724d87f664cfddf49eaf395599d69deb6641ba8cd433343c5,CLEAR,DAYLIGHT,DRY,DRIVING SKILLS/KNOWLEDGE/EXPERIENCE,2.0,35.666666666666664,3.0,3.0
0e12b09c341c5f5ad41cb454a7bc64c3b1add1e611e8ed986b10cab54017f16d56a1e39220a259c8b73d714fe71959327d72b192e3cc29d36360cb7817fd5a53,CLEAR,DUSK,DRY,IMPROPER OVERTAKING/PASSING,2.0,32.0,2.0,2.0
0e12ce6d98402cc8fa22a16fe685ae05988794a998774b4cb633b3bd60ebc7384c2bdab518a054f1b7b3e5657edbddf2ccd42c752ffa178d8e24967b831a0ed1,CLEAR,DAYLIGHT,DRY,DISREGARDING STOP SIGN,4.0,40.0,2.0,2.0
0e12d91ca4cfa2366f34b9cfc401886c3364dac15079cccda4b9120b6bf73f0336d2c83c86d7e147ee692a09acf5cdd2ec499043ea44462b6feb76171e2e2f9f,CLEAR,DAYLIGHT,DRY,IMPROPER TURNING/NO SIGNAL,2.0,45.5,2.0,2.0
0e12db862b6c0e19b27d978d5648c7496a22694f80cc3c9d75e000b3cddf4aeabc5dca5f565124ce39516364dffa86bc63a72f5a9a0d6ffe40096407495a8334,CLEAR,DAYLIGHT,DRY,FOLLOWING TOO CLOSELY,2.0,28.8,6.0,6.0
0e12e09e544d560ebbea34b317af792bb0be05ed74b72acfef910a0a67a033bdc074bfaa6bd3628d52827fd1bf60cce7f42fa9ebb691a812aea1d3fc5113f0ef,CLEAR,DAYLIGHT,DRY,IMPROPER BACKING,2.0,58.0,2.0,2.0
0e12e305ba38e8c9355f2be81e7a82569001bb38fec39a21f1b5a0993b32d91f4355852ae65a3b6489f47bac38779402a015155f6084064c380f095c43cf5491,CLEAR,DAYLIGHT,DRY,DRIVING SKILLS/KNOWLEDGE/EXPERIENCE,2.0,37.5,2.0,2.0
0e12f38454360ba99a5d465aca64b43e4fc3f61ac7e7597dabc1fa108876e94df125d90d34fc053014eeeb60333ff872252ff608944fc66207b9d485aac1f9b6,CLEAR,DAYLIGHT,DRY,FOLLOWING TOO CLOSELY,2.0,37.5,1.0,1.0
0e1302fca5f696b8f23ce5963019b6bd4f13cdc7dd8e2ef30249d6b4a9170a1cce048f9e0f325015902b4108ccf2edeb05acd08008e34910fd9d81d5e0bdf9a4,CLOUDY/OVERCAST,DAYLIGHT,DRY,IMPROPER LANE USAGE,2.0,48.5,2.0,2.0
0e132c79bec208429fed60998070c6bd79c8fbb7cbc8a5cc0ad8fa91b3590e2b89471fd4097cd60917e9ad7416eee2b4ea8c6eda2f73ca63a5466eeba4d1a5e7,CLEAR,DAYLIGHT,DRY,DRIVING SKILLS/KNOWLEDGE/EXPERIENCE,2.0,28.0,1.0,1.0
0e135e502ca8fd186ca70c2035d0e985aebf357e2697426de883275fae5a7284d16771f19aec87544ccf0fae476131c4be45f290669d7bdb7170610da10c19a8,CLEAR,"DARKNESS, LIGHTED ROAD",DRY,DISTRACTION - FROM INSIDE VEHICLE,5.0,21.0,2.0,2.0
0e137f2f8151114683148273fbdfe1e375dea3f51c1a8941b722210a1b14072c7d6d277a005221795fe3e8e1d2a55a9f8f6312072800e6c6c8c083c6bb9e13b2,CLEAR,DAYLIGHT,DRY,FAILING TO REDUCE SPEED TO AVOID CRASH,2.0,37.5,1.0,1.0
0e139b843c8dcb2c7b1fb65bab00c2f77b0d6810db9dec7f327deafe48a37c04fb454de47f6caff4e2b449df929efb960f36b65268096772e8daf4f74219455f,RAIN,DAYLIGHT,WET,WEATHER,3.0,62.0,3.0,3.0
0e13cd3c592418674f02961b2ed746e4c4c8903b69757a6eea8d6a572860c13ccf60cee8cc0ca116d4deae11e98b0bf8bde2a51a6a479466d101811ed4a8066d,SNOW,DAYLIGHT,SNOW OR SLUSH,WEATHER,2.0,50.0,2.0,2.0
0e13cfd78ea7f4932c9c47ccb40454083216ae7b5935de741312d79b60b523cc66811ff024bac1c3e624bfe6fe61c5be0317e6f47c60fc5a93112abb6a8eae8e,CLEAR,DAYLIGHT,DRY,FAILING TO YIELD RIGHT-OF-WAY,2.0,47.5,2.0,2.0
0e13d034f68fa5e610285a776daba3ecf00b8365af92737984cd9ec7d4a53c4fe9beeec77deea30ad66446372724393868c34599d812b77d7f0d326d1eea2bd7,CLEAR,"DARKNESS, LIGHTED ROAD",DRY,FAILING TO REDUCE SPEED TO AVOID CRASH,2.0,9.75,5.0,5.0
0e142cb4bf67c50e77843971df95d30ea4a4bf2e895a33d0293f63e6c18bba9e47075009dd01185277384900bca046327678328015ea5c01bb02cff3ed757e82,CLEAR,DAYLIGHT,DRY,FAILING TO YIELD RIGHT-OF-WAY,2.0,50.0,2.0,2.0
0e142cf83b08253fb3a8fa38c9851f06fa02beba8d60271494e00535b5f8046642cff32ffcefaa138954777d2556bbd62c0909cbea52648c1e383d36befc044b,CLEAR,DAYLIGHT,DRY,FOLLOWING TOO CLOSELY,2.0,40.5,2.0,2.0
0e14350f524294f264da2c5f4759b74e2128d3e988263ef10d94f84cbfcda773e73c981753810b4e29604ae984165783032f8dbc93c68eb0ec7875ac53d551d1,SLEET/HAIL,DAYLIGHT,SNOW OR SLUSH,FAILING TO YIELD RIGHT-OF-WAY,2.0,25.0,3.0,3.0
0e1483038d0d666433304ca8202ef6b63a9faf0c1a10f4119e0171d41b0340538033f95f72f00c93418581c0f2b3d8e96842fac6d05af8e006b3111ff6a06927,RAIN,DAYLIGHT,WET,FOLLOWING TOO CLOSELY,2.0,48.333333333333336,3.0,3.0
0e148fa453f1c59275edea6a61dcb91289e35ca94efbea7fa7e3f052f26f74ce0caa09e2340ac539372bb8d713932aa7b84febc2a08035e893f5afeac1af150b,CLEAR,DAYLIGHT,DRY,FAILING TO YIELD RIGHT-OF-WAY,2.0,40.0,2.0,2.0
0e149aed27791fdfb41c155c687247c35f4e835a937085c54b7dbd917b01d5b648d992ae3ac7b676a0d431ec43e9e6f27d62a0a6a122d5b09d81b257f44f4c94,CLEAR,"DARKNESS, LIGHTED ROAD",DRY,FAILING TO YIELD RIGHT-OF-WAY,2.0,58.5,4.0,4.0
0e14b1e67984937d7bf8c338756f9f9a8b1c469fcc3c275aa0157f2586d0e19aec58fbf149a2b767b54aa9147407c012247260056f269a7e758864b170c65ad5,CLEAR,DARKNESS,SNOW OR SLUSH,WEATHER,2.0,24.0,2.0,2.0
0e14ba9dc731ce4395984cf9dacf91754cb1928dd3ed4dce48e31d7c993415e28984a08717ed903f35d66460dea75961a3181816c280bd2cc55506b5e226c599,CLEAR,DAYLIGHT,DRY,FOLLOWING TOO CLOSELY,2.0,41.5,2.0,2.0
0e14c5223dc9e0b0de8e77fdb0335161603c30cd9628cc680cf404e7191323abd7630aa7b1dbe84954be912d56f3b8771a6bf26f1b9b3179fd6a619474e6ab2d,CLEAR,DAYLIGHT,UNKNOWN,IMPROPER OVERTAKING/PASSING,2.0,55.5,5.0,5.0
0e14fbf6b0e9aadfc6e93cb1f337e937b3606edd22c7cca792ee53e3702741a62cbd261231b8fa54dfbdb770b9af2983cbe3e45f696adde806fa1ca28d366a91,CLEAR,DAYLIGHT,DRY,FOLLOWING TOO CLOSELY,2.0,49.0,2.0,2.0
0e150764a5123fc481a3da4a5ca61a120fb28fac4fbaab7e3ef0a392fc267ec3b9c02a38e3baff45ff492e409bb6a7e3bb75d99724ccddcd6f1cae6f1e386848,CLEAR,DAYLIGHT,DRY,"OPERATING VEHICLE IN ERRATIC, RECKLESS, CARELESS, NEGLIGENT OR AGGRESSIVE MANNER",1.0,32.0,2.0,2.0
0e15139d7c4e8245a504cf583e58976f2c8b8133c02316182d7cbf1d240382665789fb7988ebb54ea7bfa5bdbffbfedeff4fb1fb7cbdabb1b57b9dfb7c3cde89,CLEAR,DAYLIGHT,DRY,FOLLOWING TOO CLOSELY,2.0,35.0,2.0,2.0
0e151ef21237726298f951498692a98abdd3a7f461219f5216de198a85a1b41d2083e85be6a9185483167f638953ce5e57502f2190c66d4d7945aecbdac5a9e3,CLEAR,DAYLIGHT,DRY,FOLLOWING TOO CLOSELY,2.0,45.0,3.0,3.0
0e152382353ef819f2583239665874bfa75dae5480ccecb7e01bda14fa55dc32285ea4ea09a093aec0906fd84c04efe0485a52b8399c224b5bd19d234e2922e3,RAIN,"DARKNESS, LIGHTED ROAD",DRY,FOLLOWING TOO CLOSELY,2.0,55.0,2.0,2.0
0e1578ab1707d84d4f5f706f7f3d1c599e789dd452f8f4a707e417913a37e6a1ec899c2f4358b08e007a61966f3654d050afdc6b326747f7e3bbf68f5a276cfe,CLEAR,DAYLIGHT,DRY,FAILING TO REDUCE SPEED TO AVOID CRASH,2.0,33.5,2.0,2.0
0e15d63d5744d3ad4190b8fb2694b197279b26d8f7a7b213e398296035281bc6be113839b2758e916f653c2a5b3df5de37a50e3329885a063d033911af387a0a,CLEAR,"DARKNESS, LIGHTED ROAD",DRY,FAILING TO REDUCE SPEED TO AVOID CRASH,3.0,28.0,1.0,1.0
0e160217a7df3ec3082711a0529c149b3088e026b99a72155378b9902ef4349a08cd3964c8cfb8c8fda4ee20b3a3eaed9fc7d3a0e9db83076046ff41d91f9167,CLEAR,DAYLIGHT,DRY,FAILING TO YIELD RIGHT-OF-WAY,2.0,63.0,2.0,2.0
0e1606ef55d4959ccb7b29bd8c84dbccb526150422d62cee45a2b372be0b99968f2402f5df6ade30d821dfa9ede9b43b595f2b21742fa4b48c702723219e3da7,CLEAR,"DARKNESS, LIGHTED ROAD",DRY,DRIVING SKILLS/KNOWLEDGE/EXPERIENCE,2.0,54.0,1.0,1.0
0e1612ad1b61d75aed855d5191309d79b8810c18e546d4a8c081493bcb3d6da3474738241e6b82e5327640b0d364e4c9f6ab1614b8cf7cf254f5b4304f46be7f,CLEAR,DAYLIGHT,DRY,FAILING TO YIELD RIGHT-OF-WAY,2.0,66.5,2.0,2.0
0e1613a1312002027d8477a9bb8ffb54edcd6748bb9f657b6281e279a2c474b34b131f4887d54ea6df9feaa730ee6e825c2b5e0d65e4b2ce1a47897d72f78c1c,CLEAR,"DARKNESS, LIGHTED ROAD",DRY,"OPERATING VEHICLE IN ERRATIC, RECKLESS, CARELESS, NEGLIGENT OR AGGRESSIVE MANNER",3.0,41.5,4.0,4.0
0e1627ca71dff0ece63a21e701d78eea13d4a2815fce89e5f3a510282eb6035ba3fe204080ec6dd600107afbac74d10b98b6a8ec904712dcc1e910dda4f6fba9,CLEAR,DAYLIGHT,DRY,"VISION OBSCURED (SIGNS, TREE LIMBS, BUILDINGS, ETC.)",2.0,30.333333333333332,3.0,3.0
0e1656cf857c59b19b9c6c71757cc482930d4b10b48e27b4d5f5437dbd6754b9f54f4e2a412282414db4c3d326d3e59d2f195387e322229fe9fa0a0c182fec83,RAIN,DAYLIGHT,WET,FAILING TO REDUCE SPEED TO AVOID CRASH,2.0,30.0,2.0,2.0
0e16899bf79cde0a4f627f8e2d46be216af6bcd84dcdcc232a6a99191b6576b33047366f2ec4e22ec5ca64c460716a7beace11a602ad462812393f1227b9ae90,RAIN,DAYLIGHT,WET,FAILING TO YIELD RIGHT-OF-WAY,2.0,32.0,2.0,2.0
0e1693ae8baa99dc4a9e632c44e5ff87b51f47e30d07ccb9cc9e70973f69c7af556191cc69881ebad5f0aa57f9cf9da8210f50c12598634b4bc074ba1d66f73b,CLEAR,DAYLIGHT,DRY,FOLLOWING TOO CLOSELY,2.0,35.0,2.0,2.0
0e16b399878c5defe65ae748e5f590a5df976d37ad376a3012d2423fb31a2d0e2a05cf41cf48601b83f085a378a1780b83b477700585019ad2be1e8b356a1ef7,CLEAR,DAYLIGHT,DRY,EXCEEDING SAFE SPEED FOR CONDITIONS,2.0,52.0,2.0,2.0
0e16dbf288d9a85199005f3a7bb677fe30fb8c8a87f5842d90225f019d75682e6da0a475aafee6b092acf9e419272c50856ec30dce8703ddb5f3913d69410e66,CLOUDY/OVERCAST,DAYLIGHT,DRY,DISREGARDING TRAFFIC SIGNALS,4.0,25.428571428571427,7.0,7.0
0e16e6bcd2897281e6d71c958d0f11089c01e2a0a6a1897fde0bbb66b18b72526c7321ee9b59e398ee8be4bc623d480029a5e0175b6b27468da6fcf1e59af8c1,CLEAR,DAYLIGHT,DRY,FAILING TO YIELD RIGHT-OF-WAY,2.0,22.0,2.0,2.0
0e16f8b8e190e233fcda7461e5cc469600c3666581c6a430c3ba7a6c614f7d784dc55982ef093c9718231a6941345ab46563a66a338d7224add30e5c7243d13b,CLEAR,"DARKNESS, LIGHTED ROAD",DRY,DRIVING SKILLS/KNOWLEDGE/EXPERIENCE,2.0,25.0,3.0,3.0
0e1714162e574d0e72e46e7feaf295a8e98a47fa1218e9ea6544f22c568d06dffb79a53c7d35ba517e899c0f516287e6417ca233ca8d8fdc80ff3169bbbf42dd,CLEAR,DAYLIGHT,DRY,IMPROPER TURNING/NO SIGNAL,2.0,40.5,2.0,2.0
0e17164d51e917c26c72cf17ae2be4ef01a27e2509fd43439c8592631198572c76008f803e77921f0d5ad268cc73f3008b0fc5d668522a324c160b6d2efd42f9,CLEAR,DAYLIGHT,DRY,FOLLOWING TOO CLOSELY,2.0,60.0,2.0,2.0
0e1732f9ba14d35ed1b48d69df873a9e6f73465cd0313e5936ec0e4f79d7ede686b9ddcdd6e302788d1cae94665c86220acb39dd3f074aa2b88e67646b5f89f1,CLEAR,DAYLIGHT,DRY,"VISION OBSCURED (SIGNS, TREE LIMBS, BUILDINGS, ETC.)",2.0,26.0,1.0,1.0
0e17565d674715f691262da1f86a65e36df7e131236398c5e7a8536dedb1f42968e220ac960cf4f78f2e71cd9fc1b6b56f6e87d080289b5f3a339beba99e4eea,CLEAR,DAYLIGHT,DRY,FOLLOWING TOO CLOSELY,2.0,29.5,2.0,2.0
0e17a01cf80dddc59519ca156174cc5d32413f65336d14bbc21f14e180386021c03fac17361bceeece4dbff851f8c8a3097fa54f3268a54e0f34dd038773157d,CLEAR,DAYLIGHT,DRY,DISTRACTION - FROM INSIDE VEHICLE,3.0,70.33333333333333,3.0,3.0
0e17a34ad6f6b236aa5ffa693f25255313e58c136af4f7e75498c7f09347bbd6babfba5444e2ca014855bb850ceb0f41f87529047e040a2953c0551845240c61,CLEAR,"DARKNESS, LIGHTED ROAD",WET,DISREGARDING TRAFFIC SIGNALS,2.0,38.0,2.0,2.0
0e17c13b5ac3e5d70585df435eb1c043f0a04f2d37c1172ab4ed5045afb01d08a778837c3ac6e3f356b718d313b9153d70563883c7b8e66bcc129948d5f9b42d,CLEAR,DAYLIGHT,DRY,IMPROPER TURNING/NO SIGNAL,2.0,22.5,4.0,4.0
0e17dc51dee33f5f517537d6b384440cc17b9d60dbc1ce38d1b38e8dcc326e2c1e51829c0a239b1e501762ee46704510469726125fac9ac00798c8426db70b9c,CLOUDY/OVERCAST,DAYLIGHT,DRY,IMPROPER OVERTAKING/PASSING,2.0,31.0,2.0,2.0
0e1813956fd72e68220099352bda02aa62f96cec8bb7ce8dab0bbc49edfdf79988540fcb7d5b4ec721ad3dc1440eb2263aa1b63830652fd1a10d9feb75d828a6,CLEAR,DAYLIGHT,DRY,EQUIPMENT - VEHICLE CONDITION,2.0,26.0,3.0,3.0
0e185f7f048377bfa84f9a90a1e2d514223e4530d473842f2766a59f89856c0c7de9a524216c9b8e9da3fa272539afef56eea04d58f961eee826279bf7e46b13,CLEAR,DAYLIGHT,DRY,FOLLOWING TOO CLOSELY,3.0,40.0,3.0,3.0
0e18616b266f348d82840ae60c857eb1fc6f0c8bc60bcd05979d135c9da04a90876150f99d6168d1d6cb9b9863f17e35f23428eb44efeb30521ea91c128ecfe3,CLEAR,"DARKNESS, LIGHTED ROAD",DRY,IMPROPER LANE USAGE,2.0,25.0,3.0,3.0
0e1871dc770b1e81c6767624c4faf5c38b9cf89162177d1cf76ae8ec070d95379914e68a8acfd01e0fb5a87c051bd90a75a893ce71f88bf5f62e4acc70746fd1,SNOW,DAYLIGHT,SNOW OR SLUSH,FAILING TO YIELD RIGHT-OF-WAY,2.0,45.5,2.0,2.0
0e18727f04aa72a630ca07d3c593e695922ed84bc18803993725cf613d1ec7f55cbc22165782ad1c3bca7088e503a31b37c7068d34c604bfac99a0766d79c044,CLEAR,DAYLIGHT,DRY,FAILING TO YIELD RIGHT-OF-WAY,2.0,57.5,2.0,2.0
0e18835b19fa986ee3c10cb5055f20b67b8e5b0062a4632dae127b56361f4bf7718463b54182f10efca2a7c97d675b072f17ae1f4ce64640a1f0577e2ca24f31,CLEAR,DAYLIGHT,DRY,IMPROPER TURNING/NO SIGNAL,2.0,79.0,3.0,3.0
0e18861d07a5111120dffb36e1ab55d0a7a999579aff945aa1a96ed7362b57d654083dfcda8992bebee915750de79720c7a160e588dc2e1d9133332560b4e592,CLEAR,DAYLIGHT,DRY,FOLLOWING TOO CLOSELY,2.0,33.0,4.0,4.0
0e18cbb1e4a6d18537b51a24f9809216a0a8c83614b5a2e23eb6fdf6671e4b3b865d6a59780b37fff951317aef41949e1933be590c3333fd53ec1ebd9f2ad103,CLEAR,DAYLIGHT,DRY,UNDER THE INFLUENCE OF ALCOHOL/DRUGS (USE WHEN ARREST IS EFFECTED),3.0,26.0,1.0,1.0
0e190806023256e8cb2d58d0502fdc8468f5b2cf7068328e1340b681241986827a70b87534c1a5e809668b93dd10ca4c7985cdb6186ddfd154c5f1e596f7e0e0,CLEAR,DAYLIGHT,DRY,FAILING TO YIELD RIGHT-OF-WAY,2.0,26.5,8.0,8.0
0e1919f5f998e1a897c05001908cc8960dfadae3043eb9816ae6e096bcb0f570f437eba2153f545cf921985b6d55cd732df014b84b0a847f558922a42e381721,CLEAR,DAYLIGHT,DRY,FOLLOWING TOO CLOSELY,2.0,40.0,2.0,2.0
0e193558ede35172749cbb151edb3478b9d5b14f6f619d3ce96b9576c51adbe77e2de6f71c6a716fa73fd76e4f4c4213efc0e693fba682fc638f45702dd4bba6,UNKNOWN,UNKNOWN,UNKNOWN,IMPROPER LANE USAGE,2.0,37.5,1.0,1.0
0e193ab41975d32b329509643a47591fd26fa48897a805440f5f1f66b0ae3dfb15012fbf7c2248fa244af25c7bd08e38169591e0dadfb3151422a1b601ecf2c5,SNOW,DAYLIGHT,SNOW OR SLUSH,WEATHER,2.0,22.0,2.0,2.0
0e19688022b89862b28759089999000cc5b252ce1b2b8b341f068eb059d89c762a47b4de35dfb5b610b578861f03cf67809e51952afa183c63110d7f57ef0512,CLEAR,DAYLIGHT,DRY,FOLLOWING TOO CLOSELY,2.0,44.0,2.0,2.0
0e1977fc5ba23235b0f32e345f38c506250b9c2e7ab61f5ade0c68c411d8740067d876f2c21ecff4ee1bc5c4f2adbd4dcfd687826c37ee729b238cc3528a4f58,CLEAR,DAYLIGHT,DRY,IMPROPER TURNING/NO SIGNAL,2.0,52.0,2.0,2.0
0e198d4bb6bebc97065d365ebda13969aad4d21867f158982cdf95af8efcfda8c2f829344a3f3e078af3ca1f7ef367c894c0b2ad7c2a47c7970d60c02146edc3,RAIN,DAYLIGHT,WET,FAILING TO YIELD RIGHT-OF-WAY,2.0,45.0,2.0,2.0
0e199eb247527bf3bb767d9697e11068454ed354d3e975a53ed7b57514160bcfd846057c99b3d527ccb0d274679ff25fa702f4f0db0837f30f9146b93496f092,CLEAR,DAYLIGHT,DRY,FOLLOWING TOO CLOSELY,2.0,57.0,3.0,3.0
0e19b7cc3604f0c3effa6a95cf626a4e05ba9a7c606fd590f511c47b9f31cc118bb959bd6ec53d3928643e0cb6c48db55c0739e3402d4e9ecd48e8abd8d5c665,RAIN,DAYLIGHT,WET,IMPROPER BACKING,1.0,34.0,2.0,2.0
0e19bbf16a042182e86bda3df3358d39e38f5db2f9fd8bd362d1206253432153ddee078d9cbd4361213daf6dc6b3418fea21c8c840d56ab339d95b6e6aa7627f,CLEAR,DAYLIGHT,DRY,IMPROPER OVERTAKING/PASSING,2.0,40.5,2.0,2.0
0e1a077fbc5ced75ffadde829ae855aeb810acf359fe17dea44829154ba4c991e4aa2dca9cbe9a8ef47c1ef07b264b7d0b725587eff49b8e0349bdb3cd5b6779,CLEAR,DAYLIGHT,DRY,FAILING TO YIELD RIGHT-OF-WAY,2.0,60.0,2.0,2.0
0e1a0aa7b85c8045fd6504fb7612c1784685e10a09b2936d61dd9ec0153c416d55173cb83ad6af1f5fb07bfe7806ae33eea81fb0e0731da14f01bb43350baddd,CLEAR,"DARKNESS, LIGHTED ROAD",DRY,DISREGARDING TRAFFIC SIGNALS,2.0,32.5,3.0,3.0
0e1a233882419f858e1eb357d9ddb4b0e1fc35818ec57f2e48b5e1361076c7eaeccac3ec65cbd705c7aa31726bc6265a1a0910125480dc742b315104fb6f232a,CLEAR,"DARKNESS, LIGHTED ROAD",DRY,IMPROPER TURNING/NO SIGNAL,2.0,36.5,2.0,2.0
0e1a28c391263cb8c8e9ee7848110a0ce94a71f28f7d96de0d3115e1f7f63dc372352bf82d81b78b85e3b4feae25bc4d8482985c298f608f190336212a8b51a3,CLEAR,DAWN,DRY,"OPERATING VEHICLE IN ERRATIC, RECKLESS, CARELESS, NEGLIGENT OR AGGRESSIVE MANNER",2.0,37.0,5.0,5.0
0e1a308f12b3bdbace92c932c679e34a8bdd7ce02926cd6e66a6695ca326ba73c14b04abe820593c453f018013d36fdc1813fac2a29b09572c922edbcf2837fa,CLEAR,DAYLIGHT,DRY,FOLLOWING TOO CLOSELY,2.0,30.0,3.0,3.0
0e1a6bec2692d4e915384b09c171e579616ca60adb3e57b2dcd497cf080e369ce8492fb1197ee191bbf8311ddb42a7ad962a4fb064d8bf4637c131d64ecfad92,CLEAR,DAYLIGHT,DRY,IMPROPER BACKING,2.0,45.75,5.0,5.0
0e1a701d088f66e312ab793ffd7011aae21f410dd04715a27ef0e24690c66f22beb317ba70cdfaf14e6ca9a40825110270ec98958ad5f8f0e579a68463105aa4,CLEAR,DAYLIGHT,DRY,FOLLOWING TOO CLOSELY,2.0,41.0,2.0,2.0
0e1a7aba7dd9ef17e3e3f4193108416aafd3681bb071dcfd88ea585cd603393e0da8d5a31157563f0b53686fd1fef78e879cf34c4a62d8ea4fe5f2b912fcc79b,CLEAR,DAYLIGHT,DRY,IMPROPER BACKING,2.0,28.0,2.0,2.0
0e1a7e4be8a64bd8157430327151967a6cb5a6238e77d781cc981b91a6d687e094973ad8c4db1dbdde5ec9641ad126def8c83f041f56e776ba06191ee9dc7996,RAIN,DAYLIGHT,WET,FAILING TO YIELD RIGHT-OF-WAY,3.0,25.4,5.0,5.0
0e1aa3cef862a182e872eb3ef337148e34c773943b3dbf59e3d8048a560103369f76cbb368c31c1e459bd0ed62d2a8b2ba5a8f5379b432bd517bcc190d9bff3b,CLEAR,DARKNESS,ICE,WEATHER,2.0,38.5,2.0,2.0
0e1aaa6c12ad82a91c7da4e5adae6c356729c5eda6145ffc993d20f3de0892d74324ee8d20896754b633c5a55a71cece89dbb52ad376fe92b109d3ce4067e8cf,CLEAR,DAYLIGHT,DRY,FOLLOWING TOO CLOSELY,2.0,56.5,2.0,2.0
0e1aabf4249335ec196123fc96b214a48b318682a6e70810d5ba6a41bfc144d9c69cd2bd3c7b63da84011c82bd8a17d3a8586671da7a630eb922a4fc48c87eab,SNOW,DARKNESS,SNOW OR SLUSH,FOLLOWING TOO CLOSELY,2.0,37.5,1.0,1.0
0e1af11172c385b1739656435168133acfb1f91a880aa0ced0b867f4ce516da1a329dc26f1240fa47da52087132ab3de3117211835f3277901e26433ca239122,CLEAR,"DARKNESS, LIGHTED ROAD",DRY,FAILING TO REDUCE SPEED TO AVOID CRASH,2.0,38.5,2.0,2.0
0e1afc27b21ecb141696edb4e8f5d546c442d96daf4c10cdc98af447c89cfb427405f5887026971e578b9e732ef9d7dfe1efff4a6142e8440f6e32852e1649da,CLEAR,DAYLIGHT,DRY,IMPROPER OVERTAKING/PASSING,2.0,0.0,2.0,2.0
0e1b02a67c60c623ccc13f57f8be5e66c6c490430a8467c7b08122cf689800fb07c3488b358266b84a918e15e8a663b76a0943d2ef92209693d41d115eee8013,CLEAR,"DARKNESS, LIGHTED ROAD",DRY,DISREGARDING TRAFFIC SIGNALS,2.0,63.0,2.0,2.0
0e1b098e2fae6c62fb8e651ff4c8387e9e7659146e0168d83c447f3ddf095fc59ccf80f19ce2c58915c0247ee10def90bec9187d4fbcf2b1c2be7dd154de34e0,CLOUDY/OVERCAST,DAYLIGHT,DRY,DISTRACTION - FROM OUTSIDE VEHICLE,2.0,55.0,3.0,3.0
0e1b2ce00b86bdb2dc697a0df853eedd95bc187f3b8494ab590f5d296554fb99ebf5424ab7c5be252265162d03988e9c2ea34bc2c8a444a446a521e111b06a3c,CLEAR,DAYLIGHT,DRY,PHYSICAL CONDITION OF DRIVER,2.0,48.0,1.0,1.0