crash_record_id,weather_condition,lighting_condition,roadway_surface_cond,prim_contributory_cause,total_vehicles,avg_driver_age,total_people,total_injured
0e1b5726ea7150c488a427e6c0cdb42a42dd10abbbbaaaa698473cdc63913afec06c418e7f868d1c32c515be9ad9f56941869e94c0b4642d91359421ba34e50d,CLEAR,"DARKNESS, LIGHTED ROAD",DRY,FAILING TO REDUCE SPEED TO AVOID CRASH,2.0,37.5,3.0,3.0
0e1b5fcda8827c5ad65fc4e3d768ba43c235ab69ce51d6f62725c86cb9b6a33a0b53bd2c591be99cb3fbccfca0b3353e604e30b7588beb6a05a6134bc3d5ec56,RAIN,DAYLIGHT,WET,FAILING TO YIELD RIGHT-OF-WAY,2.0,59.5,2.0,2.0
0e1b735da4ddc4edce3447cd0a0638162d8018a71298e6aa6b4842efac5286b0f43ad1104073dc7b5e7f00451c8e4658340e665fd13d6b3caa18edbaf68043aa,CLEAR,DAYLIGHT,DRY,IMPROPER LANE USAGE,2.0,39.333333333333336,3.0,3.0
0e1b875628b929f101589aa8fa32d5680973f86c66496c3fedac9d9e9dc17c0c735c1357b0f73211e1e52ba60f80bce0c2a6d2805c2714b1e006e5badd4b99d7,CLEAR,DAYLIGHT,UNKNOWN,IMPROPER OVERTAKING/PASSING,1.0,58.0,1.0,1.0
0e1b8859bdf7a5329578042338079f2e64616cedd23b31f8cd0564bd834551a7f86abf2b7912d8db5a0a6e9fe5f9ea3d4ab7e6c42c18d384abccfdbbb525c828,RAIN,DAYLIGHT,WET,IMPROPER BACKING,2.0,80.0,2.0,2.0
0e1b909e42aebdd58c8ef270213481b54e1b8abff4de3c6c1f27cd1b7cc80df89dbd446828dd5fb9a59a95599945ec4c7f402067a6983370a3d09bbbf84fd4d9,CLEAR,DAYLIGHT,DRY,DRIVING SKILLS/KNOWLEDGE/EXPERIENCE,2.0,30.0,2.0,2.0
0e1bae401b8ecc5d6055ce9e03d703b613b4c914fe862c6fbfe2e8dad863b633b7da8080e7286eceadde345400c357b64bc575c0e9cd6406b642d2c9681c3116,RAIN,"DARKNESS, LIGHTED ROAD",WET,DISREGARDING STOP SIGN,2.0,45.0,2.0,2.0
0e1bc0647e3563901ce9983aecd006c36c998a24adff9b1678be29f715d8371c689320bbf7e8094fbf73271a50a4ce466a62891fccb9eb04fcabc1e1393ed5ee,RAIN,DAYLIGHT,WET,FAILING TO YIELD RIGHT-OF-WAY,1.0,24.0,2.0,2.0
0e1bd6331bea387a1d11dbb0e1da6f2bf25371f2df912f2d360cded878c35352387b47fa8c042bf00f5d9a36da30ecb27b95ee3d5546ad2c97c9aa281a4f1b0a,CLEAR,DAYLIGHT,DRY,FOLLOWING TOO CLOSELY,2.0,37.5,2.0,2.0
0e1c037b179c3b1c494e55008cf3c3da10b917d93c757d03a24b11cc8a3b5eb3931753ec0341da5df52e55daba706832fe2457bcee5646a57868fe269f047924,CLEAR,DAYLIGHT,DRY,FAILING TO YIELD RIGHT-OF-WAY,2.0,13.4,6.0,6.0
0e1c0b94c5fef7c36368b779bc3b54b9906c55a05c8aa452e80c426a59d11051bf392f4b3a94626006d63aa096dcbe1549e5b0d6b7851626d93d253cc513575a,RAIN,DAYLIGHT,WET,IMPROPER TURNING/NO SIGNAL,2.0,46.0,3.0,3.0
0e1c1f222761dc6cc2c7875e8599db44e847115024d609008788a40721096b22de1619ecc8427c41243828853fabcc7c281d626fe671bf52f4ad2191b05ea3b3,CLEAR,"DARKNESS, LIGHTED ROAD",DRY,IMPROPER OVERTAKING/PASSING,2.0,49.0,2.0,2.0
0e1c3e1a6a9e0a324a970e13c86e68e6131c2d3b03a581b15b7f3d29e7d7bb9e36900dd0a922ce754620d663c3ee355da648b64b5870d8c3618b3513e5a499ee,CLEAR,"DARKNESS, LIGHTED ROAD",DRY,IMPROPER OVERTAKING/PASSING,2.0,32.0,3.0,3.0
0e1c4fcc6cf38392b5eb7842698bf8e00a2ab279b48f0887b78f41ac7dd3a463e96064815c0615b555812404076f6c0cb96824fb87628d46402036a838ecf5d2,CLEAR,DAWN,DRY,FAILING TO REDUCE SPEED TO AVOID CRASH,2.0,37.0,2.0,2.0
0e1c7547d122d5ad6cf936203bbc37599a0836d83958c3f4b4a4b8bbd64c1ad6e2ac5f4059c0f77663dd623a0a7663035c96f0386039ad19875d1a28fe695bfb,CLEAR,DAYLIGHT,DRY,DRIVING SKILLS/KNOWLEDGE/EXPERIENCE,2.0,60.0,2.0,2.0
0e1c76553f2664fc1c82102f9cfcb5890d30009e96fc4c74e97a976e117f26a5e5bc065987648e9de6f3c02b82f2dfdf7c1be7cde0026586dbff822c00389ac2,CLEAR,DAYLIGHT,DRY,IMPROPER OVERTAKING/PASSING,3.0,60.5,4.0,4.0
0e1c772ecc51143aeff0aad61bd244106fa55da5a7d1e7be7ae02e3a6253fb3aba696e8cda2b510c2df65a9c2d3c4fdc455c24a09163b8b8ed20d6e99e16a079,RAIN,DAYLIGHT,SNOW OR SLUSH,WEATHER,2.0,45.5,2.0,2.0
0e1c9050e0f388c4e370151673388d0640a02728af52cef372c32236df4fdeb81bfc5708d440d444dd4ce395baf9cdc68aaa5704e31fb7a4038639f3db4ea93e,CLEAR,DAYLIGHT,DRY,IMPROPER LANE USAGE,2.0,42.0,2.0,2.0
0e1c93eb78c2376d63a7b41425e3f883bc272a84d2b41da514f16d01aa676970df0c1fce0e11075e33b96fec9e4d15e6979dc64d7c79d1083558b63b4a27f99c,CLEAR,DAYLIGHT,ICE,FAILING TO YIELD RIGHT-OF-WAY,2.0,37.5,2.0,2.0
0e1d289f7f3a16c511b9355b6cb8205d9fcbd469d840705326083d0ee56ca9bdb070550473b27de0121a014e38bc1db75dd10613ccc1ed293713159c153b4813,RAIN,DAYLIGHT,WET,DISREGARDING OTHER TRAFFIC SIGNS,2.0,33.5,2.0,2.0
0e1d5bebd7150063bf3e39259708d1896673a66bf746a4bedfbaca83e134a6325284e0866d3e664c19cf01b18ca367e60de325e3d164a01f1c6338eee3262480,UNKNOWN,UNKNOWN,UNKNOWN,IMPROPER TURNING/NO SIGNAL,2.0,77.0,2.0,2.0
0e1d5fe0d6258df367f5179f0c132edeb327b7c7390b54dc785056d9062d6a6c07887ef4f9305139087c9209802f8aaa6b972286aca84fe9abf256f960c31d37,CLEAR,DAYLIGHT,DRY,DISTRACTION - FROM INSIDE VEHICLE,2.0,49.5,2.0,2.0
0e1d722529eb18e0456382ae3d9b786f27350dd6d40a045c69e93768c1a6e2fd294aa827cb14812c7d6e3a2d7b7f2cd6301b0d33185aae7de9ba8db93986e3b9,CLEAR,DAYLIGHT,SNOW OR SLUSH,FOLLOWING TOO CLOSELY,2.0,57.0,3.0,3.0
0e1d97491009e724884e6484dae1ecf4da0023406d8e9249a1822ba8242154210a083f9f207e605a95e31b73d368f2b75f061eff00a96f9c20f728d745a741c1,CLEAR,DAYLIGHT,DRY,DISTRACTION - FROM INSIDE VEHICLE,1.0,23.0,1.0,1.0
0e1da54fdfc0c8e76cb9474d81e99ced7ba61884294bb9f0f2838fc84ae3fed6eb3d7bd73cc2067f38e9abf15e0de9cf31c05369f2750fa6850bc89abd413a0a,CLEAR,"DARKNESS, LIGHTED ROAD",DRY,DISREGARDING TRAFFIC SIGNALS,2.0,39.0,2.0,2.0
0e1da7c8b72109295efddc4906655a12826445656ee4ba9ffad922368a4a3b6d20462bc57a3e30ceeb759c0798a566deb017b80847266e00810f0a4c25a64251,RAIN,"DARKNESS, LIGHTED ROAD",WET,FOLLOWING TOO CLOSELY,3.0,48.333333333333336,3.0,3.0
0e1dacbd228a5364003a44d32f25eb4d4c0d3e40d04a6478c81e411ace3cbe8e0b82c0e914cb438031eb8dd2b6f45f0ab5877e155f6411d14a7ada21a5beb789,CLEAR,DARKNESS,DRY,FOLLOWING TOO CLOSELY,2.0,23.5,2.0,2.0
0e1de2edf5db31776e6fe827f4ce3aa1949e591e535b71df52eab19d46648c6f2b89125255a9eaa9f2bb684e02fdec4a9ab5ee11af502fd1cf3105e8d03104ca,CLEAR,DAYLIGHT,DRY,FAILING TO YIELD RIGHT-OF-WAY,2.0,45.5,2.0,2.0
0e1de8f29e53edd0f8d3931b045fd2d426386ee1cdd4af2c98c04ad4897882d5ec8682379d280800629c3d26d3b017ecbcce5b6e0e703d6b10cd760faeeefb75,SNOW,DUSK,SNOW OR SLUSH,DRIVING SKILLS/KNOWLEDGE/EXPERIENCE,1.0,29.0,3.0,3.0
0e1e11395f729c22e959ab740aae5d3654e91553b33964ff19540adf2bf62551f6adadfac4e8fc0c2edd190e637090d379769b2012e16492bdebbc690f2768f6,CLEAR,DAYLIGHT,DRY,FAILING TO YIELD RIGHT-OF-WAY,2.0,24.5,3.0,3.0
0e1e161c82b51fc4f0eca15478dcf3574c0f7797b43c91000cffbc36cb47bf458414bdb82eda7c763ae41d8b1452178713d0131f69f6a69d7672f0d5eaf92939,CLEAR,DAYLIGHT,DRY,FOLLOWING TOO CLOSELY,2.0,22.8,5.0,5.0
0e1e197c9531d7fedbd073effbdc0c9aceccc214d2c7040f0bbfa9de1496959f8d771dd42bddcf75dae17dc907a9f33bf8ea791980649f660c62ae8ada6f13a6,CLEAR,DAYLIGHT,DRY,FAILING TO YIELD RIGHT-OF-WAY,2.0,26.5,3.0,3.0
0e1e4609ad8141a081eb5bf898a6c1cbaeb1dffc0e3aeb0abdf202b5084c67c2d6ad885508e6a337a5781218a89b374cfb0ce0498d5dd98cf68f6b7e107bc493,CLEAR,DAYLIGHT,DRY,IMPROPER TURNING/NO SIGNAL,1.0,18.0,3.0,3.0
0e1e819d15ac8dd0a4c6bce5b2556826998fa8f30ffc57b33eb6717bf79af4ee040fa2e14949d63143a32c6efb90d7fff1573d36b7c3a4cd9456cd9fd85d1806,CLEAR,DARKNESS,DRY,DISREGARDING STOP SIGN,2.0,42.0,2.0,2.0
0e1e99ea61157db37692becb3f531dc26b84e943935d6a8d82770787d9aea4f2648410b378faf88a50e6f606a2db4070952c585651893d84850ab2158624ddfa,SNOW,"DARKNESS, LIGHTED ROAD",SNOW OR SLUSH,WEATHER,2.0,56.0,2.0,2.0
0e1e9f41af2aa82adcc54ecb0bdd1229534ba40579a2f11408959b8ae954c8e69da9c172db701b4257858a3cda603388797923253c5ed396ce309b27d6417e35,CLEAR,DAYLIGHT,DRY,"OPERATING VEHICLE IN ERRATIC, RECKLESS, CARELESS, NEGLIGENT OR AGGRESSIVE MANNER",2.0,45.5,2.0,2.0
0e1edb28f29d41891bb8c60cea0fd37a3de076503657ef8812b98bbff892394fd37fd3e23419c98ef5a0a1cde21f62a835f25b9f2c8fa603b6b535eb01b46fcc,CLEAR,DAWN,DRY,EQUIPMENT - VEHICLE CONDITION,3.0,33.0,1.0,1.0
0e1ef23f6d454c8e6621f1c474e6cc4188a105e508f694f0abada7a62a852e7cd08cf42900c24ff81441a999cf3977be2757ccb987277f44d46e11ed7f725c88,CLEAR,DAYLIGHT,DRY,ROAD CONSTRUCTION/MAINTENANCE,1.0,28.0,1.0,1.0
0e1f07edd62a0888769db6f941f45b9aa93c660c2bc014dfef8ef5c9e409ccc25fc9c23fa3523e47fefd195217a5881aa5d54bc7eb8c8d2a6c7f808be0b42772,CLEAR,DAYLIGHT,DRY,DRIVING SKILLS/KNOWLEDGE/EXPERIENCE,2.0,39.5,2.0,2.0
0e1f16c6e5300011ea616abb243e79d232619ff2932b5820a9013b6e7de8318c98ed94bb3f5bc18c7f310ba2ed207016eba15ff9918593e769c5708079bbfc56,CLEAR,DAYLIGHT,DRY,FAILING TO YIELD RIGHT-OF-WAY,2.0,24.25,4.0,4.0
0e1f2d98631c4d2e7cd293ccba1f09b5cc898cf7b1e8741ddf47e9c2cb623437f11188f82b722ef3b838d412bbb7043ac7fc93fe0cd8f1d2e3d5fd7fdafde01d,CLEAR,DAYLIGHT,DRY,FAILING TO YIELD RIGHT-OF-WAY,2.0,27.0,2.0,2.0
0e1f3f1c771fc717c5f5679728c867e70302f9257327628d6e76d4b305b27c35a9d0a5dcf52ef2fa0b3db2752d626f5720e9ba73768d51f21dd8ac1460566e3b,CLEAR,DAYLIGHT,DRY,IMPROPER OVERTAKING/PASSING,2.0,41.5,2.0,2.0
0e1f928feccef5a2692e9121f46c7743222c380afcea9176ba32175e0cb9f7ffae76b7bcfedc59dcd5015b580cc09732528c5ab902f158d80927234491ad0292,SNOW,"DARKNESS, LIGHTED ROAD",SNOW OR SLUSH,FAILING TO YIELD RIGHT-OF-WAY,2.0,33.333333333333336,3.0,3.0
0e1fb3b288237212fc62b32dcc887331cc06d25405537498153390989578953595cc4c91dc07ec9b622279dd468f126abfe28916fcb0e0a562f27dac298f8f82,CLOUDY/OVERCAST,DAYLIGHT,WET,IMPROPER LANE USAGE,2.0,28.5,3.0,3.0
0e1fb6b78c553289ef2b21cb33c10266dd053905285e537ff2db32ae534158601c2ca3778712fd9adb97ab346ef0ad2005e921cb98b91276f69cf0ac2960c710,CLEAR,"DARKNESS, LIGHTED ROAD",DRY,DISREGARDING TRAFFIC SIGNALS,1.0,55.0,2.0,2.0
0e1fbfa12f8a8318c0971586a4dfe3d70c606ebaa85fb537891c8bde30749b6b651456f9af6cd96d18dc80c67b610d00c26c18b406c2166ca759b13cbdee7ada,CLEAR,"DARKNESS, LIGHTED ROAD",DRY,DRIVING ON WRONG SIDE/WRONG WAY,2.0,64.0,2.0,2.0
0e1fc9060018f3c8c087c623c36df25f5b585be91a73c8528ebd188e95f5cfc88d5349932d93945e5b558122845ed9dcc7201770b38d67509040542cece40124,CLEAR,DUSK,DRY,DRIVING SKILLS/KNOWLEDGE/EXPERIENCE,2.0,16.0,2.0,2.0
0e1fd716e4adf1e3f2cedd22162d6c7b1820e2cd61d4dbf70d3ff6664fc6be0b6f1be536d3617010757715ac6e09c836e5799a2d6edc9c4a7ddb079b433db572,RAIN,UNKNOWN,WET,WEATHER,2.0,35.5,2.0,2.0
0e1fe4f5ad777d82c6834b8072c111393f677cd3173d870fa0725e5bc7a05cb77107e306da193c85bac0a878ccadbc28c8330e2b1665b22f9169eb1bdda654f7,CLEAR,DARKNESS,WET,FAILING TO YIELD RIGHT-OF-WAY,2.0,37.333333333333336,3.0,3.0
0e1ff1f6a1a69aad4b230f0c481e9259bbd9ec137e96125a768009c28c683711f4b6ba96586a96a6834518a8b9a21cfc1f5edf104d688bdf5f9addf3af907a95,CLEAR,DAYLIGHT,DRY,IMPROPER BACKING,2.0,69.0,1.0,1.0
0e200a0ba80984fa97875825804aecc40889eba9426af916adefcc4d2beb088e21508c635cc473df76b53108244721e4ddcc334805b6f870b704b0f017ca8f5f,CLEAR,DAYLIGHT,DRY,FAILING TO YIELD RIGHT-OF-WAY,2.0,48.0,2.0,2.0
0e200f618107c31bccac5341622bbf9105ff8a59d9f87d88b1d43ac90fb2e8af555b1d894e59fa938b5701290b34fd476cada90bf2191fbccea3810ca13b49e9,CLEAR,DARKNESS,WET,IMPROPER OVERTAKING/PASSING,2.0,34.0,2.0,2.0
0e20424228b23b4aedbdf5ca394aa40a87fa1ce8cfa03f89eff5973872721505b197bed2d19c7febabc21d8cf99301394d1ba59d35aef174f8b89d84d7743cb9,CLEAR,DAYLIGHT,DRY,IMPROPER TURNING/NO SIGNAL,2.0,41.0,2.0,2.0
0e204a5de42f1ef2df1c73c0d83ce4a036ecaf1f5b0af97062ca59ec8b0131221fd5a4af3b410c203dbb422391e7940a9580d9b212b83138fd6acfc749ca3501,CLEAR,"DARKNESS, LIGHTED ROAD",DRY,DISREGARDING STOP SIGN,1.0,39.0,2.0,2.0
0e208037e54ed35e36e2b1afddadad1b8cc01154a939b11859bb2d69bbc45ad30222ddf0b7e9544eed86b44a69b03aa7be0cef0de435def858c85f58050ebe2f,CLEAR,DAYLIGHT,DRY,FAILING TO YIELD RIGHT-OF-WAY,2.0,65.5,2.0,2.0
0e208d23344f0d1b3a9fcd4bb07676a750ddb73c397b5c398a33743fd0d49b8ce737c7740b1a77cdaebd61e8e79bddb284452d744b16668f9777f256eec28ff5,CLEAR,DAYLIGHT,DRY,IMPROPER BACKING,2.0,48.0,2.0,2.0
0e20a2859c2dffcee06521481d291f3b2f8f895f46d6ef93f73a64e98966aa898dbc7ebb18565b60b25ebfc80f5692a3787780aaf1006af3dfa818a364d7522c,CLEAR,"DARKNESS, LIGHTED ROAD",DRY,FOLLOWING TOO CLOSELY,2.0,49.5,3.0,3.0
0e20a5f8b3afdafa98db6e03b4b8d92de373158385438d588c766e8821e5137722676da5324eed792ae600b7195bb246616bffc7d27fdde2aa6dbb255a6c6194,CLEAR,DAYLIGHT,DRY,IMPROPER BACKING,2.0,39.0,2.0,2.0
0e20b22d19d91466bcab7ac3a88277fa43b731b79f6d672c99b304285b5554160542a6ef6a16811fd016e160caae77e4f2274199ca809fa74910c33bc28d4365,UNKNOWN,DAYLIGHT,DRY,FOLLOWING TOO CLOSELY,2.0,56.0,2.0,2.0
0e20da33a9618f59f2baee4b88cf9316c1f309b6e5943fe7c7bad2e3702a79321c78779cb6f98d053fe4a93cbea846d9360abe59c2843237d8967c5dbb59194a,CLEAR,DUSK,DRY,FOLLOWING TOO CLOSELY,2.0,27.5,2.0,2.0
0e20dfa12a84cf4e19f6be0d6991b32feab68ddcbd8a97b73b7e99a3a9d2f02dac22f39561cecf95bac71a653971cf01e0846e8e31c3a3334fedccb7dd34eb62,CLEAR,DAYLIGHT,DRY,IMPROPER OVERTAKING/PASSING,2.0,37.5,2.0,2.0
0e20ecf7748aff8910112c1793f56602792d24c4ca53fdad8efae5779a045ed53ccc9610fdc0ccb75281811f2c3189e8ffbd34ec4f940aaa892f44046925d73b,CLEAR,DAYLIGHT,DRY,DRIVING SKILLS/KNOWLEDGE/EXPERIENCE,2.0,63.0,2.0,2.0
0e20f8415f359951739facf2a13008307ad24ab0e692c7230376209a2f0841a20081b2d3b39141ee149179cf8cccd936076522812f5cae7501a003bb6b445bf8,CLEAR,DAYLIGHT,DRY,IMPROPER BACKING,2.0,38.333333333333336,3.0,3.0
0e21301307d8bdc24a7ce245f7d6ed852b03668bfde86c65369d26aa074ca2ac620c5fb76edf19f2ad0aa421bb326f5d20c0b94349bf1ad56e39167247b28e67,CLEAR,DAYLIGHT,DRY,IMPROPER OVERTAKING/PASSING,2.0,28.0,3.0,3.0
0e219ce24d86b06a83bb6755faf782a1ac5e9a6f5d9609fb71dd9f8fb7151735cdf49479207380cf0f6fc77fdb09e4a759c16f58d54760af458d80db5ff3c4bc,CLEAR,DUSK,DRY,FAILING TO YIELD RIGHT-OF-WAY,2.0,33.0,2.0,2.0
0e21c505ba9852f0cea5a537283935bf046ade9aa2a7a7730deb59622c91ee2bce6364678e3b8c79dea0a022b7ed838b2817943486019a5db70389f543d7b0a9,CLEAR,"DARKNESS, LIGHTED ROAD",DRY,DRIVING ON WRONG SIDE/WRONG WAY,2.0,39.0,2.0,2.0
0e21c5f545f318f6e943020f6c88c176f8734a9ada8d0b26313e12d1a3d374805a3c443f4bf769948f67f9a170271d2b8511ff817b467960298b7c95b4d7d908,CLEAR,"DARKNESS, LIGHTED ROAD",DRY,"OPERATING VEHICLE IN ERRATIC, RECKLESS, CARELESS, NEGLIGENT OR AGGRESSIVE MANNER",2.0,37.5,2.0,2.0
0e21d06044392d658b3388ef751b5522bde003a3783ab290f45da70030a1172ff0ee40d96f80519ff25ba9fae5abb17ffb49b3aac9363b764e5e6da9774fb3ac,CLEAR,"DARKNESS, LIGHTED ROAD",DRY,DISREGARDING STOP SIGN,2.0,63.0,2.0,2.0
0e21eeaf5e4c65b08ac1c92f4d7bd1d0655e3bfb03a8540195ae550bff7758f647230cbac6e53f30034d87621d25cc10d556f006fb635c716200d12b5a3b553d,CLEAR,"DARKNESS, LIGHTED ROAD",DRY,FAILING TO REDUCE SPEED TO AVOID CRASH,2.0,25.0,1.0,1.0
0e21f52b4c65bf4a4dccd670361fa418c53067703a69e91717d38d3cda583f5a72349730db20554eb8e3885b0a1b42a1106d967f5f9e3272fdc8ad6bb5449f11,CLEAR,DUSK,DRY,FOLLOWING TOO CLOSELY,3.0,39.0,3.0,3.0
0e22055ff23c9b7298b750e92b55bc8d15676c756aa47ea1888159053b9d3436049ebac36208c0d198aaae0577a9f984ffbf38fa2d140254d5faa47968937f11,CLEAR,"DARKNESS, LIGHTED ROAD",DRY,FAILING TO REDUCE SPEED TO AVOID CRASH,4.0,37.5,1.0,1.0
0e22457d01108abf2e7889de1e64bfa5aa2a474b0ede93a0e23dd8377235b42e1648c292a1514ec192be546737c49c664dd66993e27880dbb8ccaa804d4d71fb,CLEAR,DAYLIGHT,DRY,IMPROPER BACKING,2.0,37.5,5.0,5.0
0e22ebd592b3093363df0efccaabd7d1c61b4bbdc6f83b16bc8323df120f32a1bce872aec6904e3c66bd2e6b3595fb8a2651ac26b2c690312935543e77ba0c1b,CLEAR,DAYLIGHT,WET,IMPROPER BACKING,2.0,43.0,3.0,3.0
0e2326df9de030fac85dbbaae5645e5ebdc0ad5397d0e1c0cd4f89b3f8a5b490636a725039d5daf0ad0fecfd67d9af0090bf552aa7416e8709dc6a987201357c,RAIN,DUSK,WET,FAILING TO REDUCE SPEED TO AVOID CRASH,2.0,36.5,3.0,3.0
0e233e9a2398ce8dbbb71f69ccab3a670532eb7498abd1d69c72542bea2acd6b719241ad8e5a4e261a539e8f41795015a8bdca911bdfa6dd1bd92df4f67254c5,CLEAR,DAYLIGHT,DRY,IMPROPER BACKING,2.0,32.0,1.0,1.0
0e2359b3f137876e280275728a4f639e600b10e67b11a209e0bf0cabcd6c7dcaf886effa9e1261c12d1fd5955d4c813a35671ff7703ae05d4565cc9111a86845,CLOUDY/OVERCAST,DAYLIGHT,WET,DRIVING SKILLS/KNOWLEDGE/EXPERIENCE,2.0,26.5,2.0,2.0
0e23780f1da890e01638a76e8d6bbbfb72dd6e494ee967185cd911914e185c021cc16a0d7cddafc2605304c9de84a9c2e62135fda0e0253e968198ff89144c0b,CLEAR,DAYLIGHT,DRY,FOLLOWING TOO CLOSELY,2.0,26.0,1.0,1.0
0e2385ef61926728cda7228ab42f0e35c2eb3ad2c731bbbb2dedc21321fbf6bcbf09545f02cb130432410ca71595fb8d18e55057a42f488b1e94c0ba1262d56e,CLEAR,DAWN,DRY,FAILING TO YIELD RIGHT-OF-WAY,2.0,48.0,2.0,2.0
0e239cac40236b46320abaede7e53b2f3702dc9edb28d12ec7732717d9718384e1125e27e282f45538e8d616ce9d4ec5062394e85df6f6e898fb7ffaf392c7bb,CLEAR,DAYLIGHT,DRY,IMPROPER LANE USAGE,2.0,42.5,3.0,3.0
0e23aca2bbbc5c0db6813db3447db92bb100355133999efa0db27aa920a1d90c0bde536ab39e1df2678057029e1ad9171ba1364921dee4bd4f0aafa0b5dbfa91,CLEAR,DAYLIGHT,UNKNOWN,IMPROPER TURNING/NO SIGNAL,2.0,30.0,2.0,2.0
0e23c963aa5945062f5926063bccb38acbbf1af7b579226fbc3079aa6f00efa2a1a0e6cd9e377714424a683fc7c70acb98bea45ab05e56b8cc61b740612b82d6,CLEAR,"DARKNESS, LIGHTED ROAD",DRY,FAILING TO REDUCE SPEED TO AVOID CRASH,2.0,60.0,5.0,5.0
0e23dc617b53a4e56306a7923d3af173e841d1e44767a31791663898f6e65d7be1f717179af86692b8c86e44a8ad32708f34b3d4c2902b273199deb5444bdee3,CLEAR,DAYLIGHT,DRY,FAILING TO YIELD RIGHT-OF-WAY,3.0,31.25,4.0,4.0
0e23e85a70782efc21c3a981b1c955b8edfeec9027594117fe649965a2826972e1d32c99c93ec76a10ae10d8a1ab9384e6a60f272508c201a9ed67b2396f5ae4,CLEAR,DAYLIGHT,DRY,FOLLOWING TOO CLOSELY,2.0,34.333333333333336,3.0,3.0
0e23f10c3b0386f9a3d69b16c587f7ca995f5079a9b4de86482c518bfc260d7c1eea076feb0750c1564898464d9a58da81cda29f0a4e75651b243fb41869f798,CLEAR,"DARKNESS, LIGHTED ROAD",DRY,IMPROPER OVERTAKING/PASSING,2.0,27.5,2.0,2.0
0e240f8e9a5faece2701844a6d9b7ca7419f5226227c332c27cbbd65a132ca892da2d2f35c978ec9b3308ff42e14929a843df716790ca903b6ad778dc31bb366,RAIN,DAYLIGHT,WET,IMPROPER TURNING/NO SIGNAL,2.0,54.0,4.0,4.0
0e242fae5edcb7af544a5c3f9c676f7e7a88164d97766e7d6df474e64e1a8dbc5d9d39fbc1d6d12f6581dfc5286faa04428a351f9bd1bcb4d68224845555e49a,SNOW,DAYLIGHT,WET,FAILING TO REDUCE SPEED TO AVOID CRASH,2.0,35.5,4.0,4.0
0e2445efc19563299d4f78d4cf7300b1ffaf3060badec536436caf7918001c63e336376de5393462a65fb000ac034483a5a4d7c65aded49b53fe7cb285a8e3bf,CLEAR,DAYLIGHT,WET,DISREGARDING TRAFFIC SIGNALS,3.0,37.666666666666664,3.0,3.0
0e2489111fba81f0823a2d3c3705e397112494f32c7f669f949f63fa80c18b37b0a3682b2cd3f5510866c3606c5b1969770dc1c7217f767bf32b281a5550f1f3,CLEAR,DAYLIGHT,DRY,FOLLOWING TOO CLOSELY,2.0,28.5,2.0,2.0
0e24cb475e3d4cd838c593b0ee69c56da5135d06f8c540d643cfce83e125de7965d2b925aa987410c25603772ba1d5e21961f67f10e45dfd207ab99c0efc2ef8,CLEAR,"DARKNESS, LIGHTED ROAD",DRY,FAILING TO REDUCE SPEED TO AVOID CRASH,1.0,44.0,1.0,1.0
0e24e7bb69b10e29ad36ed885e33fe7aa5dc9db98474c90b8b8ef996932bc2c18e3953d3a702f548f53d66acb1b442df7c3e6f78ac92e56cf0a44dd95c745465,CLEAR,"DARKNESS, LIGHTED ROAD",DRY,FAILING TO YIELD RIGHT-OF-WAY,2.0,37.5,2.0,2.0
0e2501f8cfeb27d8f13059727d875660d27c3b37596b0f0a7a98f99fae0de8a020a1610e1662993854d620ffe29ed657198101cba9eeab9a9b8515e709aeb860,CLEAR,"DARKNESS, LIGHTED ROAD",DRY,DISTRACTION - FROM OUTSIDE VEHICLE,3.0,32.0,1.0,1.0
0e25117ca0df249225b26ee7ef7bb032bcc941105f123d7aeb7aa817d2c18144329e699c3546ba853fd6cf8cef585f12733905c0635377e07455cc44bacf0360,CLEAR,DAYLIGHT,DRY,FOLLOWING TOO CLOSELY,2.0,47.5,2.0,2.0
0e2554fdb6777eac7afbf4e54fe0c196cb21ac888ea496ac4fe3be776917053aec2adfa56231079a8c9248a9e60933650eb5d2bbe39c14e7396ca7cb529fa975,RAIN,DAYLIGHT,WET,IMPROPER TURNING/NO SIGNAL,2.0,20.5,2.0,2.0
0e2556a394aa8943d0671bdf17457a8b84c74734cf1a7556ba17bbdaa6f3ce7cbc5000de7b3df1914ad86c08ef7873f6372ec3a979f514bc5673a0f59204eb64,CLEAR,DAYLIGHT,DRY,FAILING TO YIELD RIGHT-OF-WAY,2.0,40.5,2.0,2.0
0e25736f8190fc263003e26d292ae22374dc40cb03dfcf165a367a761853e97f8de3de571f5c21179439a256f639c609995438622a9c3d300820da818c52f743,CLEAR,DARKNESS,DRY,FOLLOWING TOO CLOSELY,2.0,36.0,2.0,2.0
0e257389e3545582b7c6b2438f69c75917fd990e34d8be12ab8f39c3c0d9c48465068b677a664cb304e114073079968085299010c0f43f57e3f15789992d3d46,CLEAR,DAYLIGHT,DRY,IMPROPER BACKING,5.0,29.666666666666668,3.0,3.0
0e2588b9cc7593040a6e8c40ce70e2602e32cccc7070eb5329e1e8b0fccfdfa458e663cbb5e6f92870633a534e647839870c7824377ca9148dbce657f6a60904,CLEAR,"DARKNESS, LIGHTED ROAD",DRY,FOLLOWING TOO CLOSELY,2.0,38.5,2.0,2.0
0e25895808d9e24d8f099b87f97f15b845eaef43b035f8b9b837a79caaaaea1147a96b9684dfc64cfd32a0d4e13b57156f4350148085dc24830f14c7133f230b,CLOUDY/OVERCAST,DAYLIGHT,UNKNOWN,FAILING TO YIELD RIGHT-OF-WAY,2.0,21.0,4.0,4.0