crash_record_id,weather_condition,lighting_condition,roadway_surface_cond,prim_contributory_cause,total_vehicles,avg_driver_age,total_people,total_injured
0e259e2f3cb0b3c3f8c026dbc3abacdeef0ea6713065b85977cad4f4082f83b8ce612091183d398da93f406e95e63bd164b3e0f687494ff3ef97e3da5fa82631,CLOUDY/OVERCAST,DAYLIGHT,WET,DRIVING SKILLS/KNOWLEDGE/EXPERIENCE,2.0,66.5,2.0,2.0
0e25da921f5fb81020c0c7a933b0bdc88373258aa07c14dc83e1fc0cb2077bfc1db14c53a8ae3d6df52e39d2e4784c07ce9f3d8f4bb3dd7d3d66d17e47a4e2f1,CLEAR,DAYLIGHT,DRY,IMPROPER TURNING/NO SIGNAL,2.0,30.666666666666668,3.0,3.0
0e260a6e9be992634b93b8118abf69de99fcacd0b6445d0fd56c4f5fd117c6a043598484eb584cfcf3ad64899626a6a4dc79d8523653e0f2d8ebfae88a4b585c,UNKNOWN,UNKNOWN,UNKNOWN,FOLLOWING TOO CLOSELY,2.0,46.5,2.0,2.0
0e261753cf0577efbe12eda2f18281b3ec1cc226311769f764a14590d752e9cc88475f32e9152e1a1939340ad62d7d01e5fd1a9f607ef4f40992ad945af0db8b,CLEAR,DAYLIGHT,UNKNOWN,IMPROPER OVERTAKING/PASSING,2.0,62.0,2.0,2.0
0e261be40c0e9da3692d7d16805843fc5d49cd5f290e092df3d6efb78b0399be313b0fca875c157d88d6c0dbc5975705c390a2191a32a3667ae6c6a8b4085927,CLEAR,DAYLIGHT,DRY,IMPROPER OVERTAKING/PASSING,2.0,47.0,2.0,2.0
0e2620a0bfe412ac5243e61edd51b9d486b5296112c68c8f48cc0b3cc4caad43f06826985a583a976fd3a2112073746fbbd391a30220182bdad7aa90452e9d70,CLEAR,DAYLIGHT,DRY,FOLLOWING TOO CLOSELY,2.0,40.0,2.0,2.0
0e2624a7adb2f860b292552a4cabb669ca9d99e60e71a5d12a1628c221a20c96c88a9d23f89d2a9868f3efc81483d8eb0cb6490b9cfbde9b4bf22a2a6f6acc84,CLEAR,DAYLIGHT,DRY,FOLLOWING TOO CLOSELY,2.0,25.0,2.0,2.0
0e262ba9656b341d02a4921fd50a1e0ea0f3188b43ea3477aec2492477b0ab673d4dcf6fe4c44395ed4404d3177df60b08cf060aab7bfa8b4c1e279b54a1f239,CLEAR,DAYLIGHT,DRY,"VISION OBSCURED (SIGNS, TREE LIMBS, BUILDINGS, ETC.)",2.0,25.5,2.0,2.0
0e262eda2ac79d3009ffca446606fee313f8c207665d876e3de618ea5115c7ac19105b2e30530dddf87df05fbccb4a812d54a1a05252af8c58c97aafc33dfe12,CLEAR,DAYLIGHT,DRY,"OPERATING VEHICLE IN ERRATIC, RECKLESS, CARELESS, NEGLIGENT OR AGGRESSIVE MANNER",2.0,48.0,2.0,2.0
0e265a7f44d21b0d64d7a87068f30230249c7b017b96456fe4c169527020c4662558f95d56c145bd19f4fb10f3edc93a952bf1ab41ab9b865e8d65f406ed864b,CLEAR,DAYLIGHT,DRY,FOLLOWING TOO CLOSELY,2.0,37.0,2.0,2.0
0e26893e35e80b83cf9f7dfeef9636c7d6f1b3b3937f796b4892e9e25ac84fc045773af77cc55d9b01c7b20218664f504daef5008a4d6e0efa80cb3be3f63096,CLEAR,DAYLIGHT,WET,FOLLOWING TOO CLOSELY,2.0,45.0,2.0,2.0
0e26c7300b031ddc56a146a9f8c80fa70c48e7eaf5893ded893032712359ce6442e6f0b399569d85cffd9c39b4012b071f5a19b421d8de1aef4ca1a9718c1b02,SNOW,DAYLIGHT,WET,FAILING TO YIELD RIGHT-OF-WAY,2.0,37.0,2.0,2.0
0e26ed96806474e0688dac8c17891c2f3504708e3402733cdcee425c7c324bbef059a5bab718f6886f2dada8c124519451bd4eaf34640917bec0506949fdeb33,RAIN,DAYLIGHT,WET,FAILING TO YIELD RIGHT-OF-WAY,2.0,58.0,2.0,2.0
0e270737671b08ee89b6a95800751bbb0484d320c97bfd8749c107245b706d86e59db7adf68ea39efa842398b3f396c6969afec2d06d67426be51637fdcc90e2,CLEAR,DUSK,DRY,DISREGARDING TRAFFIC SIGNALS,2.0,56.0,2.0,2.0
0e2707b2c9f2a13541283323a0def74b5c97858b11218d847620d87209e47c2627cedae4c520c2ba531794605277ccbc0bed0b80f7b00668f8a438f9cc5756ec,CLEAR,"DARKNESS, LIGHTED ROAD",DRY,IMPROPER BACKING,1.0,34.5,4.0,4.0
0e2718e079eec4aafe0fe9b31333742de8a5e4065551c57d2a62ad82d1ba9dd07298fec214a526832952beca0904c4b5f71f96f0820c15c3e0fd96f80ffbd602,CLEAR,DAYLIGHT,DRY,IMPROPER OVERTAKING/PASSING,2.0,25.5,2.0,2.0
0e271c1656c40403e4823b4d99a29a0e8cfe21e8de1943e9b888006deefd5646eb15bbb4305ed97736603d0e16d69b5b37f784a38246b11ff2227c2bfff93ce2,CLEAR,DAYLIGHT,DRY,IMPROPER TURNING/NO SIGNAL,2.0,26.0,2.0,2.0
0e27347dac7b51d5118651955ffba738e6719a53225935fd68ce22b4093693adb05ee2798f11de70ffb18befa3703bdac4a74a94831716e6842f3093dcfd2a91,CLEAR,"DARKNESS, LIGHTED ROAD",DRY,FOLLOWING TOO CLOSELY,2.0,37.5,3.0,3.0
0e2775f63cfbc1030080fb25d4516f6ecf4f21ec2901b3c651151a0cad886e6177702de25847b154e71893b73c8d1ab19c9bf8ed01d1c1b93f114f15886ff864,RAIN,"DARKNESS, LIGHTED ROAD",WET,"VISION OBSCURED (SIGNS, TREE LIMBS, BUILDINGS, ETC.)",2.0,21.0,2.0,2.0
0e277ea98f3ff00fe86c6b341fdf87d0b26388505addcfcf5c5e06d4c3be700b398f910ef588aeb3b79a1c7db4ee02d5fb1d08ce535222b6a3d24fa059e9323b,CLEAR,"DARKNESS, LIGHTED ROAD",DRY,FAILING TO YIELD RIGHT-OF-WAY,2.0,29.5,5.0,5.0
0e277f297bd1c98860863222b329b98070f53549162ce7723a1f6265edfba471966f49cc737b6df0fe42f751991ab66fae85f07ec5f8dec30d0cb3defa8c8e75,SNOW,"DARKNESS, LIGHTED ROAD",SNOW OR SLUSH,WEATHER,2.0,35.0,2.0,2.0
0e27890efb4a6751241f46d9dc5c93c5d59c9fb31b62407aa5e8df12b39e8fecb3b3431c1e7d96db861a12999890b11ab16be28c1abace5d9839064efd3df36f,RAIN,DARKNESS,WET,WEATHER,1.0,31.0,1.0,1.0
0e27a3abbb8f1eb13fe6c6123a2e7550d1c67a0d62b395f761563db35c0933a6f4a147efcaa0bab8ea6869e620579ae1483b312cdc693b2e4d3c77580ff58720,RAIN,DAYLIGHT,WET,FOLLOWING TOO CLOSELY,2.0,32.6,5.0,5.0
0e27cc17ffa7231a53d74c14c8af0b25b4f6c3d9fabb9cf7bb67a67204651867af28125479b3d44fdf4e13fa290665283826ded3c0ddbb26b1b1e0b9f09c40bc,CLEAR,DAYLIGHT,DRY,FOLLOWING TOO CLOSELY,2.0,21.0,2.0,2.0
0e27cfaf91424a6935d875ec31b3d775acffba51f08f85e5b07c955ed39c0b4d5ffba468c3f0107ab5a44e1158bc96a7af6e932a197a3c7a9a502f5b4a3babc6,CLEAR,DAYLIGHT,DRY,FOLLOWING TOO CLOSELY,2.0,32.0,2.0,2.0
0e27e3aa59ecff77a959475c83667fab50167c251e68f50a0ba5f9b8b7f04543fd930007d7f454760033d92180c5b263e0dfb25a1a50be75ca49023de9efdc28,CLEAR,DAYLIGHT,DRY,IMPROPER OVERTAKING/PASSING,2.0,44.0,3.0,3.0
0e2805a1674b88ceb692a7edd72bce0f38500255a4474e49e705fb40c548ed99973ebc41f3fb7ae2cf03f67bc3172b60d67c853fbee32eaba37ecef4f17828db,CLEAR,DAYLIGHT,DRY,FAILING TO REDUCE SPEED TO AVOID CRASH,2.0,0.0,2.0,2.0
0e28146fa2672d25a52c367301f67bc8c2735798d47336adadd7af0c6ec582bba42d2a2588c4e0a7c3cb576102d02bff83c9759c7e8f8707ba05e1b5dd97f323,CLEAR,DAYLIGHT,DRY,DRIVING SKILLS/KNOWLEDGE/EXPERIENCE,2.0,37.5,2.0,2.0
0e2832433938fae0624b8b0e94d4e091fa0f2232e50c02e00022341fb2e7cef1f939b853eed0f9e7cf57bbd02a29f4b5d28ec25c7ac0242e153935489d691c09,CLEAR,DAYLIGHT,DRY,FAILING TO YIELD RIGHT-OF-WAY,2.0,62.0,2.0,2.0
0e286e17faa00a257f49c2a5d353d0962430c4c2412d6749c5f3c769743233d5bdefd8ee37dcb1c72d8bbe12465a418cc0ffcaf8cf329892f93dc545d15cd113,CLEAR,DAYLIGHT,DRY,FOLLOWING TOO CLOSELY,3.0,37.5,2.0,2.0
0e289edf34d12585b898d1b6adbbe7456d0cc5ec551bb4681ea1ac05922b858d205472ff21d3a19481392db9b284d7550ffdf8373195595551e44110c1f518ce,CLEAR,DUSK,DRY,IMPROPER OVERTAKING/PASSING,2.0,37.5,1.0,1.0
0e28a9f03eed8637034cf8b405bb108c03133bed7508d10f7de789bcae27575f6a95b559337e075c447e85b5ce9b621f24a342be5e26ca3398c81c5cd4be8a5a,CLEAR,DAYLIGHT,DRY,FAILING TO YIELD RIGHT-OF-WAY,2.0,41.0,2.0,2.0
0e28ca6a5a2b5b73c3bfcf8d752b470293365b90105cdb1fdbfc8f26b54892735be17175698c27177e113a5c8df4b4213c80a51d2c4f1944de6b2662cebd5a7d,CLEAR,"DARKNESS, LIGHTED ROAD",DRY,IMPROPER LANE USAGE,2.0,30.0,2.0,2.0
0e28fb95728713d306f66c993f5ea42476df01ac8b53f55e72042dbc4feed83b90d146fdd691313db7ef5160ae41c2b6ea0f3430ad679183b4d7ddf95b04118c,CLEAR,DAYLIGHT,DRY,FAILING TO YIELD RIGHT-OF-WAY,2.0,35.5,2.0,2.0
0e290172de3f7fdace30be2358ca7f64338536ecdc1b6aef0bcc1f1950f6d3beadfd49c0857acc268e8ba2f638a8c33142acce4d8e56c9ee69b0744d8bba25c1,RAIN,DAWN,WET,FAILING TO REDUCE SPEED TO AVOID CRASH,3.0,43.0,4.0,4.0
0e29a5162f0fcf1002ec19b7e999f70e7b80f33a266c3ccac2d386e5ecc370c247e636a1792e1e4dbacfa2bd42ab18b8c646927c75985a058843d9a757834035,SNOW,"DARKNESS, LIGHTED ROAD",ICE,FAILING TO REDUCE SPEED TO AVOID CRASH,2.0,37.5,1.0,1.0
0e29aabd30e5a63e2f41f5585b603e15ae54936da8556f5a385f51f77ced30ecabdca427fff79ee73eadd104c848ce584e8a5cd795487291c63fbc22be7001a4,RAIN,DARKNESS,WET,IMPROPER OVERTAKING/PASSING,2.0,24.0,2.0,2.0
0e29c3523e6318b11e28a590a26eb3f8c896235b34069bce4297a7a6b85d47f153b2d28801838f9024c26637bc08ef3fbf88057d6e6549e353a2a73f8bddd918,CLEAR,DAYLIGHT,DRY,FAILING TO YIELD RIGHT-OF-WAY,2.0,23.25,5.0,5.0
0e29e6bcc0f7a2eb2d3db33c9492283df01f27776059004b05e1aa5b3d01b3c351fb00efa5e06bb9f1818f3d1015c532aab1c45df4c6252b4c1c0fd74e8ea39a,CLEAR,DAYLIGHT,DRY,FAILING TO YIELD RIGHT-OF-WAY,2.0,58.0,2.0,2.0
0e29eec5203c99802999c9704c1c66c30e51770017059b5240bd9d0a3b8c7a7ef9577adc0d359c26b973c3b1e0d9646dceaca1dd8ab9f9e29b8c77707bc3f843,FREEZING RAIN/DRIZZLE,DAYLIGHT,ICE,FAILING TO YIELD RIGHT-OF-WAY,2.0,47.0,2.0,2.0
0e2a22a98940481c658e23d4873f1c055b5eb6915edcc85d147870d08395fc492d77fb45609f22086437aa680d6540146fa93547f14358aa0cb16edb72f29535,CLEAR,DAYLIGHT,DRY,FAILING TO YIELD RIGHT-OF-WAY,2.0,39.0,2.0,2.0
0e2a4939509b62f8b7e5e10d27b5e791f4272172d2f1c729389a6da9c102f1291d02e3f2bbca9c4e7b6d4e9ee523f899e0f024cf00463917b5d66543bb23b7c7,CLEAR,DAYLIGHT,DRY,FAILING TO REDUCE SPEED TO AVOID CRASH,1.0,49.5,2.0,2.0
0e2a5cf93b4467f8b2322846278b138e96d9f8a2dfffda257656f49d1ff8c2457c804407df1a375e74153ada150668ab4544452bc63854832f270b8a9e84f148,CLEAR,DAYLIGHT,DRY,FOLLOWING TOO CLOSELY,3.0,51.0,4.0,4.0
0e2a78ebd26955fdcce97e8b8b6c0113eb253e790039bbb7723e2fcfa25e23d1a8e0ea9d3bb57fafc0ebeedbb3b17310efc6bcc82d59e9f8b479f6ce46b5399c,RAIN,DUSK,WET,FAILING TO REDUCE SPEED TO AVOID CRASH,2.0,21.0,2.0,2.0
0e2a8def93407907b2fa3dc79ce2765bd69f93b3759b859d8b58de887a3e6f44d6870b119e91a285b23e97402c6fee8038baa1a5b133cf4970b4568693887731,CLEAR,"DARKNESS, LIGHTED ROAD",DRY,FAILING TO YIELD RIGHT-OF-WAY,2.0,33.0,2.0,2.0
0e2abe0200dd2e8fa20e5d4cc4b8ff2c8408f436e06aab0b5bff7a95d3ef777d1f62ee1040bbe4b9243b9fee204b6fd61a5bfefbddb9fcdb490cfd1941472004,CLEAR,DAYLIGHT,DRY,FAILING TO REDUCE SPEED TO AVOID CRASH,2.0,32.0,2.0,2.0
0e2abe258d5c0ed9c54bb48fbc12ee78c095f56b068ef48918d5e57404c5a01b3287203c5b25c15b129fa8e5124da79176a3be37fe7a95c157fd67ebfbb570dc,CLEAR,DAYLIGHT,DRY,DISTRACTION - FROM OUTSIDE VEHICLE,1.0,51.5,2.0,2.0
0e2adc1cc352013f9008513f50ff29a5e38a4d985217ea04ad64ba3ca29930f5c05d04d65f3de4183220e95a37e3a0d1d162f3bd80b1bcbc01dd094e4f59384e,CLEAR,DAYLIGHT,DRY,FOLLOWING TOO CLOSELY,2.0,32.0,2.0,2.0
0e2b39c902c010e31ad5d47dbbb1126a58ce997dd4ccbd224773f8fe83410e841833dede660d591f75648f9c67070ffd6ea5af374a68944518b59b200fa0fa6a,CLEAR,DAYLIGHT,DRY,DISREGARDING STOP SIGN,2.0,31.5,2.0,2.0
0e2b9528e08559bdfb8e78d72da2aad7eac26aee9efd0cf43b81f7377719b104b0538ca165bfa1ae1ad3253ce967802caf88fc83351efd54de7842d3061730c1,FOG/SMOKE/HAZE,DAYLIGHT,WET,FAILING TO REDUCE SPEED TO AVOID CRASH,2.0,10.666666666666666,3.0,3.0
0e2b9823540fadd7a9e8e1cb3205fb57a175d0442cba20a10b8fbbb969a915953ee7146732fa75b87d212b192cb137638e8112fb7aa5c54a10b929dcaa915f96,CLEAR,DAYLIGHT,DRY,FAILING TO YIELD RIGHT-OF-WAY,2.0,80.0,2.0,2.0
0e2bb80daa1e81530c0df488972678d5385789e2397d83b162e24b6916d096ab105613d9129313b8ab4ce22c8cc403d19251c69d99fb2d8511766ca220d0e7aa,CLEAR,DAYLIGHT,DRY,FAILING TO YIELD RIGHT-OF-WAY,2.0,67.66666666666667,3.0,3.0
0e2bf87090a51d6e7afc63212d258553bae7074f6f796b0fe33949a1c35d91fb7c30275aceda3551f398825cfe5dd9f9560bc2831dbd12850c5ec0f163ddfc38,CLEAR,DARKNESS,DRY,"OPERATING VEHICLE IN ERRATIC, RECKLESS, CARELESS, NEGLIGENT OR AGGRESSIVE MANNER",2.0,25.5,3.0,3.0
0e2c00969aaab57aa0359563227bfa98f65796126e99b94072a2870a0dc82b358837b1763f544355de0bfba10ae899ebc03e42396682d01ecd24402a1588a6fe,CLEAR,DAYLIGHT,DRY,FAILING TO REDUCE SPEED TO AVOID CRASH,2.0,47.5,2.0,2.0
0e2c12ff5657e804a8ab0f8734b5d912df40d48c10f4a5599add7f613cdd52758c3824221732df944942f12dd56a66a1e15336301615980d7be3ac8e5b768519,CLEAR,DAYLIGHT,DRY,IMPROPER BACKING,2.0,75.0,3.0,3.0
0e2c4de4eae8fcc1fc081afb994c97d64a431e2296b0b65ade78f39cfe7e180c598f5472bb172f50fe9fbb236f89e19d8924adee550e37f18526d5af22bb6ff0,CLEAR,"DARKNESS, LIGHTED ROAD",DRY,IMPROPER LANE USAGE,2.0,37.5,1.0,1.0
0e2c4e27ace864d5b476dec49e7148dc86634eb714adc606bee74b1766a5ecb93c30516946963c78a8e4385256df31b0932fad59defbb2e27d6105eaab357fed,CLEAR,DAYLIGHT,DRY,FAILING TO YIELD RIGHT-OF-WAY,2.0,37.5,2.0,2.0
0e2c4fdfb24ee37a62fd11399b633734ba7fe91134470ba92fc2c14f29a3d67b8a510351b042c877ba14968b06c070cbcaa0a37ef8c027114c8776612a9f1712,CLEAR,DAYLIGHT,DRY,DISREGARDING STOP SIGN,2.0,31.666666666666668,3.0,3.0
0e2c630b39e953b2b7bb3506c34f7ef5f27272b5343be47da62b288795403504e4764c86bab869ae7f0be5f46e5dc6ec311b5dc7a224869adab7743d7092c542,CLEAR,DAYLIGHT,DRY,FOLLOWING TOO CLOSELY,2.0,69.0,2.0,2.0
0e2c7b15f4fa6161f4d5d8c90a0774b7d1a91f81a202145278aec83a5302e30221df61d655376f71b635ab495ac91b44d2a2fffba9a6a1881fb706e70728aa6e,CLEAR,"DARKNESS, LIGHTED ROAD",DRY,FOLLOWING TOO CLOSELY,2.0,44.5,2.0,2.0
0e2cf69cf607a8d92c5a6ae0b7fe6d42afe62c796bfe64775defb9235b00d9ae247d9f115411f860950124471d362005e3ef75a2fc3fb616f7e37ba7f783f220,CLEAR,DAYLIGHT,DRY,IMPROPER OVERTAKING/PASSING,2.0,61.0,2.0,2.0
0e2d2bc38f7f82c5c9a8dc5004d87a0b183fdee4ab4c86c1cbda4097cd15f4ff4ee7cfea54b1be5bfd0d07a01b9472e9129ce5dd91773c27b2202d311e36550d,FREEZING RAIN/DRIZZLE,DAYLIGHT,WET,FAILING TO YIELD RIGHT-OF-WAY,2.0,31.5,2.0,2.0
0e2d39df35bc1a5085e3a66719f5d3609fce26634403a1bb82cb43e219959e9ec05cedb4881ccda68f5ba8d94949811575adf8ebdfe9c7baa3a26c95dfe7de85,CLEAR,"DARKNESS, LIGHTED ROAD",DRY,FAILING TO YIELD RIGHT-OF-WAY,2.0,45.5,2.0,2.0
0e2d423e0a7b1eb6af27047a14adaefd9fae7cb64df0ccaa41a5ab988655daed3a8caef020ee66dfb10300c1d84e16aafe60cb053db620a98adec3e101fc818f,CLEAR,DUSK,DRY,IMPROPER BACKING,2.0,29.0,3.0,3.0
0e2d6ab53f82ccff1656389587a207166836a7c23097fc3e8a55fc8f72703dae47623daf94b88d1f3a17ee1dd6500b02497e6e043a428f617b2b4f79a6668f13,CLEAR,"DARKNESS, LIGHTED ROAD",DRY,FOLLOWING TOO CLOSELY,2.0,31.0,2.0,2.0
0e2d8eba8aab42a296b21c816058b849ef0495826155109dcfecdda46be7269767a7dfacc0c20e44128f87c5b1e250c8c951df53f600c27fa4264da10f5d2b39,CLEAR,DAYLIGHT,DRY,CELL PHONE USE OTHER THAN TEXTING,3.0,28.5,4.0,4.0
0e2d911fafb44fc369f1baad7cc062fd403420ecd42bf2c431faf79f567e3a95c60a43ea953cb34e41e7fbbeef9ccf86b89f3b46bca78a159acfbd8a50856e33,CLEAR,DAYLIGHT,DRY,IMPROPER OVERTAKING/PASSING,2.0,37.5,1.0,1.0
0e2dcf4e8df8d9012080aec22d1e21407e768e401a2da31054ba6fec3355b1793f3ec2d899d6845f8d3407bfcef8ecfd4cb30506aabd0849a4c3be0b81633215,CLEAR,DAYLIGHT,DRY,FAILING TO YIELD RIGHT-OF-WAY,2.0,34.0,2.0,2.0
0e2dd8d0bb4b195de29e567eb06fa2dbc07791185a29f292cacc1e74b51235bf227b1b3bda28f217c657c07e9b3692dbbc3be243ac3edbafcbac77b32726d5af,CLEAR,"DARKNESS, LIGHTED ROAD",DRY,IMPROPER OVERTAKING/PASSING,3.0,37.5,1.0,1.0
0e2de595c69ea698d0eae34afbf8aa27e8a30aede796b652d73216f637b1ce3899920b78a671d0d3babc12322fa644b048e145c5e5ef8d95c4c9e8d42f2a4528,CLEAR,"DARKNESS, LIGHTED ROAD",UNKNOWN,FAILING TO REDUCE SPEED TO AVOID CRASH,2.0,32.5,2.0,2.0
0e2df4e4a89db46b4b29c44c8a9e7a534113811e96b427a3e1952d915d673dedd0f1a73e6b3799f96af88a937373c51e7685a8f9acaac0e1be88eeb4e3ffb3e2,CLEAR,DAYLIGHT,DRY,FOLLOWING TOO CLOSELY,2.0,25.5,2.0,2.0
0e2df96f5abaa5b4a1fbf3b41c86611af0be97d10b9f0cb9bd7d4a55c0949ddad6957539455b12703e2cfe198b344c73eb2de78a794f357da444bd24a34bcbe2,RAIN,DAYLIGHT,WET,FAILING TO YIELD RIGHT-OF-WAY,2.0,70.0,2.0,2.0
0e2e1a25d137bca79a0a8bcab865dcaf93ad991bf45bc9588678f2d00caeafa06c7791bbccd57be278f46f4f01820cb96c482f4d03e10b5a4ca564bdf63d718e,CLOUDY/OVERCAST,DAYLIGHT,DRY,FOLLOWING TOO CLOSELY,2.0,47.0,5.0,5.0
0e2e1fa7aa5201a98d8db81a8e6522bd79a8d9cad3a90a04c3bac5e613006fed655ce057977ef0125e611cc176e5be7997e56bce52022c9cf5880e92d28aca1f,RAIN,DAYLIGHT,WET,IMPROPER BACKING,2.0,33.0,2.0,2.0
0e2e51672906c74b74435887f9cfa96dbf455598439e1a30186aecf1bfcfb982feca57a1d2cb193bb822ace2daa7e96df264132e88263df53d540e534bd49eeb,CLEAR,DAYLIGHT,DRY,IMPROPER LANE USAGE,2.0,28.0,2.0,2.0
0e2e689e80570c2d83a741fac451e9dd37d1512f436318e8bdcf389177ca38f1641f5c448174d09c50109bf7890023177ef110a33cbd65250b9d957c5de6b46a,CLEAR,"DARKNESS, LIGHTED ROAD",DRY,"OPERATING VEHICLE IN ERRATIC, RECKLESS, CARELESS, NEGLIGENT OR AGGRESSIVE MANNER",2.0,33.0,3.0,3.0
0e2e6f028f80c907c21e50c5b7f596cbe7e2f43db087a9d00584fe61fe6b367349a960608b4990a5a451f554074dc46ba9b97a6ceb18d4db0a5a194a6999bfe4,CLEAR,DAYLIGHT,DRY,IMPROPER TURNING/NO SIGNAL,2.0,34.0,3.0,3.0
0e2e8775a70e3d43797123f038ff1ff54df30bd011f32d68555c5f6aa5cd3f6cbef2e66e2e605d2f23f0271671d5f7b34b6017149d18014c0403c623354cf4f8,CLEAR,"DARKNESS, LIGHTED ROAD",DRY,FOLLOWING TOO CLOSELY,3.0,19.4,6.0,6.0
0e2e8dac8242fd539f7e291cf7be52855fc1210dfba3c035592d4c164b34d15cb072034827e298c8cfb7dfc719c9330248f9460c0f6223e01a295e8b2c615f82,RAIN,DAYLIGHT,WET,FAILING TO YIELD RIGHT-OF-WAY,2.0,47.25,4.0,4.0
0e2e96455a0279eb9ae749c2eb0a16555e55e0fb808018d6f4593504d062e24f79b7853471e05b732bb51d9f6f50431c2309713f4d1f53f3bfc0cb6e75b4ce77,CLEAR,DAYLIGHT,DRY,FOLLOWING TOO CLOSELY,2.0,44.5,2.0,2.0
0e2ebb5f4ccca413837298502a8c6cac0b49a5f03b1656e9000860ad29ccf4ed5bec098f2ecc1ff44ef530f578b81fa28447a570ea77bf5151625f8ee7c6a75f,UNKNOWN,DAYLIGHT,UNKNOWN,IMPROPER OVERTAKING/PASSING,2.0,38.0,2.0,2.0
0e2ebcd62458bb8387f77745e2f5d298f3c7443f541efe3c8970e43df45277388c90624b1a3e89628fe40f392ee2046541638d749e7ea4386bb785e5b69ef64c,RAIN,DAYLIGHT,WET,FAILING TO REDUCE SPEED TO AVOID CRASH,2.0,36.0,5.0,5.0
0e2ebf8c5db242da98267a6dcb1d614217ad1b4a333b0a9487a469b7923556b1fa810898b5754a325d7200709e5030acd0573d53a3279970f8056e6e88a7ec75,CLEAR,DAYLIGHT,UNKNOWN,FAILING TO REDUCE SPEED TO AVOID CRASH,1.0,38.0,1.0,1.0
0e2edb68bfde9fc393ea4a0c5a6de6d724b851f67fcfba392e3feea9c4ab7184f9c8d30ae45f7aede0ff6e9a916dc201279dbaacae75b58a67212701ab0d4395,CLEAR,DAYLIGHT,DRY,IMPROPER LANE USAGE,2.0,43.0,2.0,2.0
0e2f0777ec1e29ae20f05051b53683d0f02ac315e845d3dadcc578d807e59432bbbd3ee9d78f8b0ce732319f85c98705181f79c185aa7ffd601297278db7714f,CLEAR,"DARKNESS, LIGHTED ROAD",DRY,FAILING TO YIELD RIGHT-OF-WAY,2.0,29.0,3.0,3.0
0e2f180665d52068606f692e8f2a302f99734807a67316cf0e77517a4779d4a3c2770f93b7a60ad50f873ef6142ab77adb4b5bdd3a421cbc074375a873a26674,CLEAR,DAYLIGHT,DRY,DRIVING SKILLS/KNOWLEDGE/EXPERIENCE,1.0,45.5,2.0,2.0
0e2f3247c8bcf29371f77a786fb5dd773f11db99d1776170c835407795e3b9507fb1299ad13b54c81756d79f493fa661b5efaf60b09cc1726811203f731cd5fc,UNKNOWN,DARKNESS,UNKNOWN,IMPROPER BACKING,2.0,37.5,1.0,1.0
0e2f39034752ab07a275164838febde142410bec76af188ebc4d5cdfd65eef0762fa02a7936e1adb6cb2200b108e6ed6fc511b3407b1a15aaee671067c421c68,RAIN,DAYLIGHT,WET,DRIVING SKILLS/KNOWLEDGE/EXPERIENCE,2.0,35.5,2.0,2.0
0e2f4022a2061fb284d21d9f1fd3eb6d866e5406d7fac96495539ebf4180ee239ca5a02897a32363cae0e6549c996a16754c9f372332c8f6e2c2b7472b6ff0b4,CLEAR,DAYLIGHT,DRY,IMPROPER BACKING,2.0,0.0,2.0,2.0
0e2f40d047e01ab70c2dfc9654a960b8b74269e0affaeeb58ea89ddaaa6e151aebb981807e0beea4b0e1a2ded3d38d65c989a99ba72b347c6f3227bfd9ad1641,CLEAR,DUSK,DRY,FAILING TO YIELD RIGHT-OF-WAY,2.0,28.0,2.0,2.0
0e2f549a7638298a13829d8868338dda88ab7523ed6a50c1fdda99d071fd7af04867fcac1364abffd9de478a393bc9e7fd18abac68a1166ecc6b968804262501,CLEAR,DAYLIGHT,DRY,FOLLOWING TOO CLOSELY,2.0,39.0,2.0,2.0
0e2f9898a943eb090f702181c9261a85980e2f5471e6cad10341a6309f5f80756cd85c485a46b23ba77c0821e6a271de1e30c8f7825562a30fc597ac1c8d48a9,CLEAR,DAYLIGHT,DRY,FAILING TO YIELD RIGHT-OF-WAY,2.0,18.25,4.0,4.0
0e2f9ea4bd5c624836a6530ac5ac58893ace4ef3c3e7cf93ae7e3a41bc147f56344704b731bfe9fa208f1e2111e0af95628a4a491925853845291ee5846f098a,CLEAR,DAYLIGHT,DRY,FOLLOWING TOO CLOSELY,2.0,24.0,3.0,3.0
0e2fb4481d4a084f85d4d9d6c09966b0fbc7470bebf7905ae706d1967d4e179841c5d5f640501004290b7077c4f0449c9e1e4d89d0821c07067e03bf9beaa689,CLEAR,DAYLIGHT,DRY,FAILING TO REDUCE SPEED TO AVOID CRASH,2.0,71.0,2.0,2.0
0e303834dbb0cf39ab57793739ca8fef8cb162e57f50647b8a086b96e6fc5e1e6b7ba3cddb21631fdd2c8bae2e505030b28279cd5962a60d35301b61c632cefe,CLEAR,"DARKNESS, LIGHTED ROAD",DRY,IMPROPER OVERTAKING/PASSING,2.0,35.0,2.0,2.0
0e304d1039f052fa9ad4928c9476c1294061f48d1d8e5153c705b98d7dca3ca9cd88382835648a89084ba052541142a0a5dbdb5bcf4df0a4722051a188741799,RAIN,DAYLIGHT,WET,IMPROPER LANE USAGE,2.0,68.0,2.0,2.0
0e30516f1811a8ea66b011a132733a8b119ea01d8ba31e5f8ad8e25dab335927c5e94e575a9f51a8c7ebd0bcea9723994be2ba34624e20faa3efad8b4ad07810,CLEAR,"DARKNESS, LIGHTED ROAD",DRY,IMPROPER OVERTAKING/PASSING,6.0,39.5,2.0,2.0