crash_record_id,weather_condition,lighting_condition,roadway_surface_cond,prim_contributory_cause,total_vehicles,avg_driver_age,total_people,total_injured
0e305886ba0d7a5a657d578a5fd23cd6dc46733077cb18c86b7e660911cd9d8a6d225772358fde1fc2bc6bb1da49a7361cdfb5c18c8684f5d474d921dedcb0f3,RAIN,DUSK,WET,FOLLOWING TOO CLOSELY,2.0,26.4,5.0,5.0
0e3079e05fb5b516cf5207f4de7f3f623a5ee6b1ca7f89d4fc897edc94844a3abf2b77993443c643706cc987996c95cf7f032d099f6ddc0b2926c30d85f64160,CLEAR,DARKNESS,DRY,FAILING TO YIELD RIGHT-OF-WAY,2.0,63.0,2.0,2.0
0e309508eb2054f4578138721a0032e5cb888aba94edde8e6c11f239f3f4c2a0020615a4988c4ea420f758ebc9e9febda9cfbc663b890304a0ca8fb1b3214f29,CLEAR,DAYLIGHT,DRY,IMPROPER OVERTAKING/PASSING,2.0,57.0,2.0,2.0
0e30a7247fd02fb832d6b4f8b1d539bede705b7dedb02965884962cbb0663bf4d2963adc4f11166e9c23715d1ca3672f08305bd3704926b012b68e5c6b399f79,CLEAR,DAYLIGHT,DRY,FAILING TO YIELD RIGHT-OF-WAY,2.0,30.0,2.0,2.0
0e30a7e3333f78e0d3df30892a7f5c8bf3fc821e4cd3462c452d9844446494180be6af050de3cdab24ba5e7f042658ec676b9248b571237bc2293983d9e72631,RAIN,DAYLIGHT,WET,DISREGARDING STOP SIGN,2.0,63.0,2.0,2.0
0e30b866596bbdb566cc0e80340d61465f0da6aed01ecbd23cd96002cb15187966620bac27fe4f62453327714849f08f6ccf756e4f092ea017778ff23773afa6,CLEAR,DAYLIGHT,DRY,IMPROPER OVERTAKING/PASSING,2.0,38.0,2.0,2.0
0e30bf03a7636e532c706a9fe2e6d607f76c58f032d5356d7050f8d4433a14d653f5a97acdde9891897af213729a945923cddb41b632d073f79dbd03b63477d7,CLEAR,DAYLIGHT,DRY,FAILING TO REDUCE SPEED TO AVOID CRASH,2.0,42.0,2.0,2.0
0e30d1d9d369d11a695a6cbd591653a15d24b8d335b6b3eb655859f17654aaf2fb65b7e6d4c28d63e2f39ce0cdd4009f003c29334ffc1f74b6380ec62d3a8d37,CLEAR,"DARKNESS, LIGHTED ROAD",DRY,FAILING TO YIELD RIGHT-OF-WAY,2.0,42.5,2.0,2.0
0e310ae03b4e05db1d1d68e898ad3c36ec5a144bcf9147687b77e491c05b7a2cf1e5f77b11476ad0651144b62be49674a8d151ba90e64ce24f435b1b4223b3c4,CLEAR,DAYLIGHT,DRY,FAILING TO YIELD RIGHT-OF-WAY,2.0,29.25,4.0,4.0
0e310bdf5bbe6fc7085998eeb8ea1cc120c0b9903d3df79a61bc0af3664bd18b976ec85ca1d56105ec3d869579458470b0d3b446f63a2482bf09a0ea3a4c8c0e,CLEAR,DAYLIGHT,DRY,FOLLOWING TOO CLOSELY,2.0,36.0,2.0,2.0
0e3130f0c3bbddd00297c5da493a476ac0bf249724c7cacd032de7bac1ef65f879ed97a6da3de2adada1bcde05e0fee6a7386b12c6032abc68deaf068aecd3fe,UNKNOWN,DAYLIGHT,UNKNOWN,IMPROPER OVERTAKING/PASSING,2.0,37.5,2.0,2.0
0e315d7e0b01859f4d0a26c71629f3fab1cc8e28f69280ae5afe89e3b430034388bf02cd5c9fbc50492c8cf7780a0b25d0cf619a8d8f78f5efef61ef4209ae93,CLEAR,DAYLIGHT,DRY,IMPROPER OVERTAKING/PASSING,2.0,35.4,5.0,5.0
0e3169d5da87a9b020195df80e3af76539cfd36a4969cc7119b16d358f1d35cc39f435d192f440c175ae2e6ce8dab0d121ee2abc922aa62f3a089f73fe22f4f8,CLEAR,DAYLIGHT,DRY,IMPROPER LANE USAGE,2.0,82.0,2.0,2.0
0e31ab9eed79b5d979fe2170955018dfabf3e71b5696c204e37c2215d43b71e2f6f861dcf591133d38d6ffb6fbb39ca897675ebfbbcc10094ce285026277c141,CLEAR,DAYLIGHT,DRY,DISREGARDING ROAD MARKINGS,2.0,63.0,2.0,2.0
0e31ed52fb84ab79aaeeeb0659c629785458c864a90a81e427c1ad84b8c2c64ad2d237a1fa60f9c3ab2ab5320bc463155ad97a8c9c6dc240135e007b483036ad,SNOW,DARKNESS,SNOW OR SLUSH,FAILING TO YIELD RIGHT-OF-WAY,1.0,53.0,2.0,2.0
0e31fbc5947b2450273628ade422e9d9bc15400e7c2c7d8c9fb5ac8402ab36faf67872c6cd77743f582cae2d13ceba4e06b2c82e8bf4be6120e24027d5bbe535,CLEAR,DAYLIGHT,DRY,FAILING TO YIELD RIGHT-OF-WAY,2.0,43.333333333333336,3.0,3.0
0e322ac07ef09ec112c4ba8e2e0d10342c21d60cb32bf5d81c6674043f7efb4c73eed9838691adbc0259451844332debf16e47b183af6f28092d932a895d30eb,CLEAR,DAYLIGHT,DRY,FAILING TO REDUCE SPEED TO AVOID CRASH,3.0,54.0,3.0,3.0
0e32305d4e7f747521a9e45dfa48f1ef576615e7bc86a50fa970b770b343f48e06efc3b31d2e430bcb8770a3663d44d8e4aaf8e011cfc9af7bcaad76098d09f5,CLEAR,DAYLIGHT,DRY,DISREGARDING TRAFFIC SIGNALS,2.0,54.5,2.0,2.0
0e325a5cd57d877004824ba2fdf1dd8924a9032e3546398e6770a41bdfce541da882d44926d46d22df52c36b617a10aa02025143fbdb4dcff279bea4f1dd2163,CLEAR,DARKNESS,DRY,"OPERATING VEHICLE IN ERRATIC, RECKLESS, CARELESS, NEGLIGENT OR AGGRESSIVE MANNER",4.0,37.5,3.0,3.0
0e32731ff5eb8517c50fda612ee6e6cc369d6ba2a0defef1672ebd84abf02d93beb93771819060707f0bb4f349b658f7aefb6bff5714e7a3cd91e1acb9449ce9,CLEAR,DUSK,UNKNOWN,IMPROPER TURNING/NO SIGNAL,2.0,41.0,4.0,4.0
0e327e50104a68816226da88a207f13984307b6c95ef9ad96ee5058f5798f50b1754346573b128b4dfa0b16a9cdfb547f989ba07cbad1669a57ecc851d5ea820,CLEAR,DAYLIGHT,DRY,FAILING TO YIELD RIGHT-OF-WAY,2.0,34.0,2.0,2.0
0e328e789a8a65a8f38be1c26ae8c23699eb6e1f849fcbef213dea88c2999db240df9cae7401fa3b14ac15586fb7650c28466182983f88611c5f2bb7ea87148b,CLOUDY/OVERCAST,DARKNESS,SNOW OR SLUSH,IMPROPER OVERTAKING/PASSING,2.0,34.0,3.0,3.0
0e3293e068af562c254156bd0f72a1d1f661271b554c8077671d3cc8458444b7e3fa4f98bd1f1d10a6698f2ff76fd117fa149698b4b3db153d2ad1a076a999bc,CLEAR,DAYLIGHT,DRY,FOLLOWING TOO CLOSELY,2.0,37.5,3.0,3.0
0e32b5bfb06c3c26aa3619949e37406ef2274ff06519d8a63adce1661f8ba0e05a12fc8830baedbfa56375af19284b46d19d7870aa2d40d2e0a809d1cf4f6322,UNKNOWN,"DARKNESS, LIGHTED ROAD",UNKNOWN,IMPROPER LANE USAGE,2.0,20.0,2.0,2.0
0e32c5d48c474bc3289754bf4486eb3ce56837f5f39db716eb77b19eb11bcb3e3b600a635ce86d490810b6b6b6fbdccb40ab82a23de5f7a7977c60e5dbaf7d2d,RAIN,DAYLIGHT,WET,FAILING TO REDUCE SPEED TO AVOID CRASH,2.0,42.0,2.0,2.0
0e32e0a0ad6f13c80d82c4b5fe8cb6c8482dc3054199d3432fcce5975b554e87504a68dfe4856d0b02827e43f27da60e719b858db381ce3a78e40bf9c4c69726,CLEAR,DAYLIGHT,DRY,IMPROPER OVERTAKING/PASSING,2.0,37.5,1.0,1.0
0e32e46da747053ee4fbb7e62c8fb01b9524a2694250b5743b80d86e7429829baf5c1a94baa2499c69ea5e98d0057f283c88cddd2ce39e25470c25ecde184478,CLEAR,DAYLIGHT,DRY,DRIVING SKILLS/KNOWLEDGE/EXPERIENCE,2.0,37.5,1.0,1.0
0e32e61b251f87b7aed801a75155d711723a92da6b572ff10ddb2f7fb166d4504e147bbf7654ef7b862dd53f44ad97d0ab2c7ebbd37c99e1bb3910eaf46d5732,CLEAR,DAYLIGHT,DRY,FOLLOWING TOO CLOSELY,3.0,33.0,3.0,3.0
0e330b74a65cb3af94f45a581d1db21a17e6294e3867e222e52c8d62e2039d255cd1811afbd56c10a69f4a300a018425b0e520177d58445dc300ee80060430cb,CLEAR,"DARKNESS, LIGHTED ROAD",UNKNOWN,IMPROPER TURNING/NO SIGNAL,2.0,46.0,2.0,2.0
0e331cdf7fa35644f84349ecdc954c53bc473293e52e136be002df8cf42808f654fec361d2397db4babc2717009d1e08545373c498a207b93af5f37c071b3e41,CLEAR,"DARKNESS, LIGHTED ROAD",DRY,IMPROPER TURNING/NO SIGNAL,2.0,31.0,2.0,2.0
0e3357812ebe0917c3d9045b9e2e474ed9ad2fc5294cf56bc8752fe4ba1defc3a492b54f1ae93f0f289c6e019e314e517f8314a6f6376eccd2f15813e831156b,CLEAR,"DARKNESS, LIGHTED ROAD",DRY,IMPROPER BACKING,2.0,20.0,1.0,1.0
0e3397c2d94cbcee3127af55ca3ab78e94aa291f4bbf05e9976acca68aecda183e1b737f64fabdce73ff34bb334b232da42bd8799d18ea4dcdf611dc8d743833,SNOW,"DARKNESS, LIGHTED ROAD",SNOW OR SLUSH,WEATHER,1.0,25.0,1.0,1.0
0e33a4703cca439c5e29f691dab01eba37eebd81a9c4be7f9ecd3c65b93dabdc2b6a62a6797ae4db4cbbee0f90cf08c8cd2e005e3a877c61874aec8ab6982e49,CLEAR,DAYLIGHT,DRY,FOLLOWING TOO CLOSELY,2.0,34.5,3.0,3.0
0e33af0a3d8d924f742ec0012dffc4f235a0d2afe04291b864b8714de0642eb3b4e36235619dab82ef2cb3d3cb90e9b268801d451fd7683e2b953c0f44af9172,CLEAR,DAYLIGHT,DRY,FAILING TO REDUCE SPEED TO AVOID CRASH,2.0,39.0,2.0,2.0
0e33b75e60d3210e226c1900a9594a107bdc540c6d037036ed01c4976dba487c0f6578bc0199da00a89bf902e4c1ea7692802fe342a5542f2107b14e2fb326f4,CLEAR,DAYLIGHT,DRY,FAILING TO REDUCE SPEED TO AVOID CRASH,2.0,24.5,2.0,2.0
0e33bc90ac8e5bc22cff3cb29c4ebb3f31f53be876750114721c003fbf5ae440f8bf79051b69d781b296520fb840146fc86ecb8eb08a8754768187abf3c0115b,CLEAR,"DARKNESS, LIGHTED ROAD",DRY,FOLLOWING TOO CLOSELY,2.0,23.0,4.0,4.0
0e33c2f1812686d59dc765a84c9910dcba14bdf8f771530a0da419a24538a24fdd433001249d008a0b415462ac347f3c09d0bd4b62264ab3423ef0209de45d59,CLEAR,DAYLIGHT,DRY,FOLLOWING TOO CLOSELY,2.0,26.0,3.0,3.0
0e33c449c92ef589a3c864b78150acc0bf0eed66d64b52d243a64ac082ffd5565357b6a3e93420b7fcdf4a3decec3eeb2f2d304626005e1720b2ff6f56b18823,CLEAR,DAYLIGHT,DRY,IMPROPER BACKING,2.0,39.0,2.0,2.0
0e33c8483d5597552e70b57424fcd0f0589982a5c4d66785338f1ddc98f85794e778b14151ba546fd777c003550cb5566bb19e4a56c32427bff9d9871e2b1e9c,CLEAR,DAYLIGHT,DRY,DRIVING SKILLS/KNOWLEDGE/EXPERIENCE,4.0,16.0,1.0,1.0
0e33e8c9829ef2a3e690d6bebea37e180ffd9f5b4d32c1226c628145d0334b74ef637ed0f213a8197194f82c13ed68c214d3acbd3764ff77385ba96ac4be0d64,CLEAR,DAYLIGHT,DRY,IMPROPER OVERTAKING/PASSING,2.0,39.0,1.0,1.0
0e33fd8ff8e077dbe41def024f7cd6e93575290f4afc0b3f9e449de0d243a085fa3f4a39b2a21cedba610bdc90a8b8baee3187be632c3510401825a70ace54d8,SNOW,DAYLIGHT,SNOW OR SLUSH,EXCEEDING AUTHORIZED SPEED LIMIT,2.0,42.0,2.0,2.0
0e340586ba30dc03e277ce97578510b8f701c304de0da6a94364144672de232c18d9252c79e70b8abcb7676494f1c269345adaa1f55aa890452099c20e96c106,CLEAR,DAYLIGHT,DRY,DRIVING SKILLS/KNOWLEDGE/EXPERIENCE,2.0,37.5,2.0,2.0
0e342de1b8c8eea4a501b827f2e13423fa970b1be78356695a8a0fbe6d8465a81209665380a2fc08a96d689c2b29941e480fce9103e5e0e2ac1837db0d81c878,CLEAR,DAYLIGHT,DRY,FOLLOWING TOO CLOSELY,2.0,33.5,3.0,3.0
0e344d9da6fb0ce57b7b2fd0e0ece8984e4593f8339ad35911dff10dc32780caf50b0b968b8984fad46e6ee25b220d73de632de4a965828f1b12efbf44d8ca12,CLEAR,DAYLIGHT,DRY,FOLLOWING TOO CLOSELY,2.0,66.0,2.0,2.0
0e347248dd092331447c802e554a5f4fa70f0a4a16367f514439099dd631ea87ea95e5077245bab572bf185053d1dbd57b9c497ff8eb9d6ae17ca769866aba78,CLEAR,DAYLIGHT,DRY,IMPROPER OVERTAKING/PASSING,2.0,37.0,3.0,3.0
0e3475c869c12cbf9b9ab0c852602c84c5ea42156816a3615116f8c7cc7359d94453c0992bc6efe9481228eb075dd25792d1d09197827db6ffa02f50db436327,CLEAR,DAYLIGHT,DRY,IMPROPER OVERTAKING/PASSING,2.0,17.333333333333332,4.0,4.0
0e34c1a3ff36b5df3a0d3c7392ecf094f2ad7172163989e79c98cf241f258ad1ff6bd8f26fd04e60d97b53b82f2a7d4e700c5eebe9b6417ba89803a5f994e8a9,CLEAR,DAYLIGHT,DRY,IMPROPER TURNING/NO SIGNAL,2.0,23.5,2.0,2.0
0e34e925168ce46e1efe631a98cf8610d0e71c4633a8382d8c792ea09346ce7938b323ea916e5d32b51dfe5b40800adb536afba7dd761f0a65df831a8215e8ac,RAIN,DAYLIGHT,WET,IMPROPER OVERTAKING/PASSING,2.0,37.5,2.0,2.0
0e34f3e8cdff85fa24c125d619b85f4f3a13161f10bd150661355e39951ea71b89108b80afd82261b18fa3a7091ed2fdaeed71438913e88ea8c2f3843b48a77a,CLEAR,DAWN,DRY,FAILING TO YIELD RIGHT-OF-WAY,2.0,26.166666666666668,6.0,6.0
0e353dc35a768827f0ae428b83d1e148ef45ebdc2d2a2df07f303b9e46d357ecea296d43a0dfa9ced36fa3ea14859ead6428be6f8458479c1f4b67eb25ae6fda,CLEAR,DAYLIGHT,DRY,FAILING TO YIELD RIGHT-OF-WAY,2.0,39.0,2.0,2.0
0e355a1883b96598581c27af708cce28e5edaa7e2add221786c090d635cf4b08d50a5160343b0ad8825743781b71dcf9209688abda4aed537a3c20517f6735aa,CLEAR,DAYLIGHT,DRY,FAILING TO YIELD RIGHT-OF-WAY,2.0,53.0,1.0,1.0
0e355a4e6d1c64349e15763dcc9b4992490998b4bee862f387dd0d617d3781167093091cb73584df8fc18ff3b0fdfb81518fa031e959af4ba84aa4d5caaa1966,CLEAR,DAYLIGHT,DRY,FOLLOWING TOO CLOSELY,2.0,26.666666666666668,3.0,3.0
0e355aa5068f6bf02cc5d8737083c89b91e643645b4e88f33f0ebf0616b01f745bad801b4857ffbc48bd791e2f52100ca98c124971655004e73af0ae49e6342c,CLEAR,DAYLIGHT,SNOW OR SLUSH,FAILING TO YIELD RIGHT-OF-WAY,2.0,33.0,2.0,2.0
0e355f5ac0eda636c4b90aefb4717211828b9ca992019ceb64df5b67d7e8d1a1208c7ac4ddbeefaa0990f07d43d578053b67427ec44d7760ee324532fea184dc,SNOW,DAWN,SNOW OR SLUSH,FAILING TO YIELD RIGHT-OF-WAY,2.0,35.5,2.0,2.0
0e356f1e258e14aec35f0b91de2fe038a0314c6bbb600f35ab9b42e2d9ae1d70a19244819c4fb4f7ac6427d8d51cd1f02cd892f3421d2d6fc6ef04ea6bfd9a17,CLEAR,DAYLIGHT,DRY,FOLLOWING TOO CLOSELY,2.0,43.6,5.0,5.0
0e35ab15d6501aa452a744db7ba06377c13e92d279e0a5dd5c4f9ffe152355120773bee9d981a379195c2f7450244e400ad7d0e09511214778fd0b44fabb0eff,CLEAR,"DARKNESS, LIGHTED ROAD",DRY,DRIVING SKILLS/KNOWLEDGE/EXPERIENCE,2.0,39.0,2.0,2.0
0e35cc1902fff78ceb1756fed062d4fcb25ebc9d123d6979dc8bc829148e5c2ba42991458a00849f0ecabcbc8c35388fd96be9fc801072e05cc5f35bfe1d5e78,CLEAR,DAYLIGHT,UNKNOWN,IMPROPER TURNING/NO SIGNAL,2.0,37.5,1.0,1.0
0e35d771ca2db1d77c494721a823048fd83fe1f201cfa01655351d576fa7808b0e911e5ab026b8a3cb8c993e171fc2d93e4139013f26db9bc23b677d44d8b0d1,CLEAR,DAYLIGHT,DRY,IMPROPER TURNING/NO SIGNAL,2.0,40.0,1.0,1.0
0e35dfadf4eeddca428479bb6ecf76419df90c57004795bb9064ca5d6af03058380b33b00d85d14f89930b546ceed33f6053e51c9a042bab36c30db205f7ca87,CLEAR,DAYLIGHT,DRY,IMPROPER LANE USAGE,2.0,45.0,2.0,2.0
0e35e611946c4320afdf6803a208b3b3439b2ef655a8efbce67e0aa279033886291ed47b4129defa058ace2cad2787520726cdca011343f36a0c3596f8969675,CLEAR,DAYLIGHT,DRY,IMPROPER OVERTAKING/PASSING,2.0,61.0,2.0,2.0
0e35f60ca9fb4846098a098d64ecba7b98ead1ff5f42650fc5404037f525bf495bd8b26e8d77eafafe565cac85c1c5df83646126653ae4fe277df3ab8bc04bd0,CLEAR,"DARKNESS, LIGHTED ROAD",DRY,DISREGARDING TRAFFIC SIGNALS,2.0,63.0,2.0,2.0
0e360096e0581fefd46ebd3ba8e2f797ef17db9dce1b9382c25a60e851b9ed1eff43f7ddf9bb6f834014fe4bbe6159ef696bb2bba6b7b98b4897b89b8793f0b5,CLEAR,DUSK,UNKNOWN,PHYSICAL CONDITION OF DRIVER,2.0,37.5,2.0,2.0
0e3613af781d8161ec8fe8959588d1abeef7907e2cd20b14024f38cd89248f47f6022903b31816076329daaa08e0ab58b4f4fbbd069c4ca11970f4032625e1bf,CLEAR,DAYLIGHT,DRY,IMPROPER LANE USAGE,2.0,21.5,5.0,5.0
0e361cad1d1d57ec55ceda704db78d5a53a5c129bc80a98c2e12025cad9dda8c5e79ead58d98d9cafcbe19f02cb7e162195b312f772e8768a64ec528241bb5dd,UNKNOWN,DAYLIGHT,UNKNOWN,IMPROPER BACKING,2.0,37.5,1.0,1.0
0e3620cd48f75c84515c1260ff22e09d394181618ea1f7b97b0b20d0d237893de430de5cc37e1a571bfaf5f4d163bcc0ca59f369e179ca70ada017e89fc05228,CLEAR,"DARKNESS, LIGHTED ROAD",DRY,FAILING TO YIELD RIGHT-OF-WAY,3.0,28.5,3.0,3.0
0e362fa5712a47936307f3cc60994e2450e7d41aed8ee0ec66968b08b159cf656648ea28f1f9657d7f61da19c3c821e17d420aecde7b64af64b7f193879adf97,CLEAR,DAYLIGHT,DRY,IMPROPER OVERTAKING/PASSING,2.0,26.0,2.0,2.0
0e36bf90b1bda685cd834398a2e0192f4f255bdeb52e98dffa5d1190180ca8aedf832005fe40729ac378b46012ea442ca8a01fc15be5ef94894bfc4694390287,RAIN,"DARKNESS, LIGHTED ROAD",WET,FAILING TO YIELD RIGHT-OF-WAY,1.0,19.0,2.0,2.0
0e36cfac3249aba41e994d9b0c0db77c7320b32370b79a1ab5471e7f002b4b61d230862e746341d20654e808bcc73edda90446f45fdc5b6eab3c0540dfb32536,CLEAR,DAYLIGHT,DRY,FAILING TO YIELD RIGHT-OF-WAY,2.0,40.0,2.0,2.0
0e36d8be4a2e2e200c8be414ecf4cba57cd72129884bb11c2afb6813e6390ad4e881f2bf5581ba4807cc72394cbd4b93adc0281e2815872dc05440758fd3066d,CLEAR,"DARKNESS, LIGHTED ROAD",DRY,IMPROPER OVERTAKING/PASSING,2.0,32.5,2.0,2.0
0e36e8769878e7fac2c03b66d33836027a4a485c76eefecc5bcf077d3e17274c43ebd3292f73b8cb3831eb547c03b9d8327b9e697007f303488af60d99532a98,CLEAR,DAYLIGHT,DRY,DISTRACTION - FROM INSIDE VEHICLE,2.0,31.4,5.0,5.0
0e372bc4fb7529c9302ec946413ec0a4caa02bc2786c29818b89879d3345d50981bfff55bf4314e5e158bfedcaf74546ffac79d1e33f54f7223b158730168b08,SNOW,"DARKNESS, LIGHTED ROAD",SNOW OR SLUSH,WEATHER,2.0,27.0,2.0,2.0
0e3743445dca47f24de6b28c1cc8609440f9fb5ec324d040ed8239bf8bc55886aabcf817a4e821c0a38b6ac02d232ed7b78cdcd59afd42ac702a587b20222ef5,CLEAR,"DARKNESS, LIGHTED ROAD",DRY,FAILING TO YIELD RIGHT-OF-WAY,2.0,43.25,5.0,5.0
0e37648e9c17b334c98bc1614c7a4e8ed493c42324061ad4c372becfa6a923ed43e52855b767ddc5231264923b126cc9348ae8f416af887b66bdd41af553ea7d,CLEAR,DAWN,DRY,FOLLOWING TOO CLOSELY,2.0,52.5,2.0,2.0
0e37a22bffae939046ff7f4477c0252ef00316f23450d001862708aab33632002f15f84e4de858e4da3b64dcf93b0b1182384e595aeb5c04fb8a49da58c2dbc1,CLEAR,"DARKNESS, LIGHTED ROAD",DRY,FAILING TO REDUCE SPEED TO AVOID CRASH,1.0,0.0,1.0,1.0
0e37b63376cbd5e1ba54fcadad7408224da6a7b21b09f58520b76b41a08f118aa3c9798afe0c0cad81344851758cd5c7c1f0743d3332736a5d59b24f4e8214b3,CLEAR,"DARKNESS, LIGHTED ROAD",DRY,FAILING TO YIELD RIGHT-OF-WAY,2.0,24.5,2.0,2.0
0e37c080aec9a5869d47825d15eee38077412f04ada8866734bceb467c8a024e9585f04514a0162fa9faa0cb1cfe145c67ce4b3c91b54718cc68750eb9be53b2,CLEAR,"DARKNESS, LIGHTED ROAD",DRY,DISREGARDING OTHER TRAFFIC SIGNS,2.0,31.0,3.0,3.0
0e37d82f9a4a1b255ffb1fea601e59826477508f144cfaf671ca65faff6867a7ffd4a19ce9bd16678049bc8322e966fd12b4130cde48d18da01a1d25e42e3386,CLEAR,DAYLIGHT,DRY,DRIVING SKILLS/KNOWLEDGE/EXPERIENCE,2.0,28.0,3.0,3.0
0e38020da374226059d6ed540d70c1dfb81cde55b33cd2aab0d118427dc06f7357aa3bc119e8e34ef2a113b1294086cdbc30a824d0366256c9777234a73a2f5f,CLEAR,DAYLIGHT,DRY,FOLLOWING TOO CLOSELY,2.0,35.5,2.0,2.0
0e380ee1f1ba081e5ad530b593c0d8787c5105d89b9f50c80d1a7939dd078f5b4773865b0700d930e1ffbd77a316fa75385d2a63b5953639f3ba68bdeec55051,CLEAR,DUSK,DRY,FAILING TO REDUCE SPEED TO AVOID CRASH,2.0,14.333333333333334,9.0,9.0
0e384d860384014140f93b0f5a3afcb4324b25ccc296061274f2462d56255191c16eba429156e800338fe8cd9c03d4091f1119351afe8841f522beb8607aec2c,CLEAR,"DARKNESS, LIGHTED ROAD",UNKNOWN,EQUIPMENT - VEHICLE CONDITION,2.0,32.0,1.0,1.0
0e385f089f490d31886e4185a8a0a009512d5e95e2ce5fbabaf71f8f40de4a6361e12a3382865c5e52177067e99e0b487ee0c32224da139224b5cb037ba90dec,CLEAR,DARKNESS,DRY,DISREGARDING ROAD MARKINGS,1.0,28.0,1.0,1.0
0e38b27ee908b3f4de1254810b94dac13d172a1889e9c9ecbd4b5d9e690c54be6d0e7a7a82b66a22762e725d3bd4792b65ed23cfcb9aa4687a19a769570d6e56,CLEAR,DAYLIGHT,DRY,FOLLOWING TOO CLOSELY,2.0,57.666666666666664,3.0,3.0
0e38babf8419bf7feed70ffad01463e564cb9b86482e8ffc322554a8e2d7e3469f28809e14c89a858cde263bf6a1073e5d9f6cee685323e1617513f1965bf2cd,RAIN,DUSK,WET,FOLLOWING TOO CLOSELY,2.0,47.5,2.0,2.0
0e38be72011dc184e83d649ec7eed27f61f47d58830f1500683370b643b0114b39c0e0b429eb4c23f3265cc88fcb237d7fc78ddfea7621bf6e20abdf19f358f8,CLEAR,"DARKNESS, LIGHTED ROAD",DRY,EQUIPMENT - VEHICLE CONDITION,2.0,37.0,1.0,1.0
0e38e0c6b3ce0e545ecd80ea8b115c2d89ed0bf9a478dbae0ec9ea459579aaa1e0e42d497633f4b9cc7d6db7fad0e27520142ae2dde16b83849aa4264beb5a4c,CLEAR,DAYLIGHT,DRY,IMPROPER TURNING/NO SIGNAL,2.0,41.0,2.0,2.0
0e3a0dec374b21f97e87a592dc47bb8d9ebff04c492a16f822ca8214da91909f933b9a6a41b87abc48d9e161a4b2c4be7b399960bc37f4e50ef61848bedb07a4,RAIN,"DARKNESS, LIGHTED ROAD",WET,FAILING TO REDUCE SPEED TO AVOID CRASH,2.0,20.0,2.0,2.0
0e3a1d3e8373372fe884eaac58de111bc7032dd40eea8d118a071ce078aaeb7a3b8838ab4cc39276c51c3bd77c54d33e4475e2cc1142225f9a61708c6882d715,SNOW,DAYLIGHT,SNOW OR SLUSH,FOLLOWING TOO CLOSELY,2.0,34.5,4.0,4.0
0e3a24a317d6136b770a46677ddc5aab557659fb0ea94a5b465f68f0e8ed1a0874e9474bb041e1eedec004324616de2c1bf158257acdd88d28b023547ab4f2a9,UNKNOWN,DAYLIGHT,UNKNOWN,PHYSICAL CONDITION OF DRIVER,3.0,17.5,2.0,2.0
0e3a6a106536923b85aae743ef607e4d31a8a9f156402b548e3562deaee2264df81a8222c82e733ecfd7eed33ddee5781e376cede29b037f4d240a2e32ffd721,CLOUDY/OVERCAST,DUSK,DRY,FOLLOWING TOO CLOSELY,2.0,65.5,2.0,2.0
0e3a9821999c8cf90416fc5249a39d67e7cf0fb335e9831b645ef4676a5ae9f1b15abfae31ba7e2c307231debae1d5da3d6443601c372f297171d946a9bd0b6a,CLEAR,DAYLIGHT,DRY,FAILING TO YIELD RIGHT-OF-WAY,2.0,82.5,2.0,2.0
0e3a9f2dc01cd898e314b32665c3c8c04eca093db4dd5d602229bcbbf1c165656c398c6c703b92ea1dc5a01d4d0b9c0db5bd1243fec39ab3208b2faab2a11d08,CLEAR,DAYLIGHT,DRY,FOLLOWING TOO CLOSELY,2.0,37.5,1.0,1.0
0e3ac5a4232a930056a2747b917c923c4533f3fa2edb7930abe7e0d13bdbc9a8cbcbafe9adc1dd821b35ce278fb58bf94fe85c4a2a846e780c4565fec440f860,CLEAR,DUSK,DRY,IMPROPER BACKING,2.0,48.0,2.0,2.0
0e3ad2d837a7bb276c58d9ed3f8a76605cc626001433e5b8efdbaf78fb92db97e0c57b89a1285d43953dec74962bd541cf0c9aed18bed4a6ebc32a1860daa74b,CLEAR,DAYLIGHT,DRY,IMPROPER TURNING/NO SIGNAL,2.0,27.0,2.0,2.0
0e3afd859fe9f9a30614ba8721e20077fc14a30b5675f2fe51791a941f15d4553adf0ab517513a23dcc33a9e4a4c2be8fdf2cd7f7c5a63867f0e9761f42b9208,CLEAR,DAYLIGHT,DRY,FAILING TO YIELD RIGHT-OF-WAY,2.0,48.0,4.0,4.0
0e3b567bb42ebcdbb3dfa14d68dff7fdb4dc0abc161f7674a6ecf3ef8ed1dfa1fae914ddd625a7ae9002713233a11cb122819b8a0b609efe71e210a4331a67af,CLEAR,DAYLIGHT,DRY,FAILING TO YIELD RIGHT-OF-WAY,2.0,25.0,5.0,5.0
0e3b60dd2c0d6211a773a38dc2f61c229e6d87b84f02c8eb9d7953ce2072d9eff6014dbb13b50b11e455c46cece896786aef22ba3ac8e85c8b3ed8818d81bc13,FOG/SMOKE/HAZE,DAYLIGHT,DRY,FAILING TO YIELD RIGHT-OF-WAY,2.0,0.0,2.0,2.0
0e3b847e2c348312eb7553e0a1eeda4085cb3ce7a6e35b26f5540863fecdaa4636ceb61f8a9a687e1527781aa298e265bff0cf5ff5dbd6fba94c0247ab1b9fb5,CLEAR,DAYLIGHT,DRY,IMPROPER LANE USAGE,2.0,44.5,2.0,2.0