crash_record_id,weather_condition,lighting_condition,roadway_surface_cond,prim_contributory_cause,total_vehicles,avg_driver_age,total_people,total_injured
0e3bbf02360c91c956240f759d4bd8f432629b5ad7e5bbfad930bc70a0ccb688584031594438a7ed307a87d147d4e4c3d77ea365b982a205dc3158405a559e29,CLEAR,DAYLIGHT,DRY,FAILING TO YIELD RIGHT-OF-WAY,2.0,33.5,2.0,2.0
0e3bcb3588c9d76e71319f8ee8759c18490a12640c15249ba41bc50abd522b73149c59ff24fc1e6a6df68fdce85d090cb32ac3c4aa6fa64e1c1155277497bf2f,CLEAR,DAYLIGHT,DRY,IMPROPER OVERTAKING/PASSING,1.0,37.5,2.0,2.0
0e3bd64977d8e5b6ed3b30679f266e26abde2ed5767f26b7e6b7044829e29e15d42569ea8a375467ce25394daa409fe1db702bb6e12c8c00766ec7ba454f78bb,CLEAR,"DARKNESS, LIGHTED ROAD",WET,DRIVING SKILLS/KNOWLEDGE/EXPERIENCE,1.0,16.5,2.0,2.0
0e3c03bb24b3683d8fe1fc7878342225712401f58b108115fef01c6e78636d5cb42e436be7ec927b8f6cd7b6c8723047c5c83bd64e6945ef237af5f98e903b39,CLEAR,DAYLIGHT,DRY,FAILING TO YIELD RIGHT-OF-WAY,1.0,37.5,2.0,2.0
0e3c17146a45f5e7c438366a2cee0bc18a9f74850c2d238a73ff81496b8b38c1cb7593268dd6c4f1f6460cbd2243fd9f4e982e66f978044a4d0fd05822ab8a6b,CLEAR,"DARKNESS, LIGHTED ROAD",DRY,FAILING TO REDUCE SPEED TO AVOID CRASH,2.0,54.0,2.0,2.0
0e3c2645883860edc9ce4b144fea39d0e526f134794eee903cf19c3437e55d725e9ec1d00c70371465504cc910918c90e56716db837f3451e51858d49dfb0594,RAIN,"DARKNESS, LIGHTED ROAD",WET,DRIVING ON WRONG SIDE/WRONG WAY,1.0,37.5,1.0,1.0
0e3c65081b9f2d0b329179d790de8ee5b7ea00d5d02b2bba09a56f681e8fefb4ac23cb87c20349809d973660c5ec4869f6ee91987364c14f96b0b246efc012b3,CLEAR,"DARKNESS, LIGHTED ROAD",DRY,FAILING TO YIELD RIGHT-OF-WAY,2.0,43.75,4.0,4.0
0e3ca8bbc24b45b105361b8fc16e513aafd4539233e0d1b39489f86e3406c3446fac9dadb082e98cb8ea6c44a06fdb444db790366c5c4b5e58ed279a3a9fafae,CLEAR,DAYLIGHT,DRY,FOLLOWING TOO CLOSELY,2.0,62.0,8.0,8.0
0e3cc8892d4cb92d472297975e8c031a4dab9670c8ea6ec982505d4c8dbdf2a646f86cdc4ec82534c7e05b1dac9449728fb50d1c49d0d22e07f13f3351fcadf4,CLEAR,DAYLIGHT,DRY,IMPROPER TURNING/NO SIGNAL,2.0,44.0,2.0,2.0
0e3cf920d59d4fe75403ba59bbde04e544b078cd10fd920e92afe24ad4f57f5e96b97a75ecc92f957cf4d6697893ba17bc2a70a104681fc465e9ee8a9e614cac,CLOUDY/OVERCAST,"DARKNESS, LIGHTED ROAD",WET,DISTRACTION - FROM OUTSIDE VEHICLE,2.0,25.0,1.0,1.0
0e3d1bb688d13d5a69a99edb54afca47cc9cb41b1f92d45e51aba7c628ea37c8436ef08b82bf7ab7ada6856716211bb8a1b29584af0a3f881f26171643e0622b,CLEAR,"DARKNESS, LIGHTED ROAD",DRY,EXCEEDING AUTHORIZED SPEED LIMIT,2.0,51.0,2.0,2.0
0e3d5c1d99c6400b03d06b07e071f273853c8b3cbbeee9284b7957ead5dd6d09735bd76a429a7c09a699ec0cbd9120ee2f65dc0aa09874a184ca596831305352,CLEAR,DAYLIGHT,DRY,IMPROPER LANE USAGE,2.0,39.0,2.0,2.0
0e3d6294352d2792645b28688515e9af7c76e7543b2263df2a20b39186144ef99ef73badad4797f84a61890794517f454ec68a7f913e57aee01192dcd6ae2b9f,CLEAR,DARKNESS,DRY,FAILING TO YIELD RIGHT-OF-WAY,2.0,32.5,3.0,3.0
0e3d6d748463dc2e6b778236455c2a6d6d6de1ddd783fc8214b91e57aac4f6f71e21f4f3979b9b201b7a86131f5d4821de088b97af446fbd73bd481a4c77266b,CLEAR,"DARKNESS, LIGHTED ROAD",DRY,IMPROPER BACKING,2.0,28.0,1.0,1.0
0e3d77c2515751665c9073c2a32d87272881d7fd0bac9c777990cf1a87162d36d9170ca50cc28e1cc118f3b36fea11f1f675fea00e04eb49588fd98bb9ac781e,CLEAR,DAYLIGHT,DRY,IMPROPER LANE USAGE,2.0,38.666666666666664,3.0,3.0
0e3d866b60ec4149dc09242e26b4f1dad7622bc13a2bbdf0c6d7775d24e209665430b9637178d45e7834470311cf0851bf5b5d0f9755864f99d30b7cfca151eb,RAIN,DAYLIGHT,WET,FAILING TO YIELD RIGHT-OF-WAY,2.0,32.666666666666664,3.0,3.0
0e3dac88f15876bef275c387a83a31002108032b7e350650c99092bcb6a0f77db7c81aa94cd73e25a2ae69d5948779db83bdd5619d1d932237dd4cfc47431776,CLEAR,DAYLIGHT,DRY,FAILING TO YIELD RIGHT-OF-WAY,2.0,40.5,2.0,2.0
0e3dbdb57dece868dccf4face2a13a2ac982e32b122cffedc346bb28686abf6c8985588b32aef73f73b1201f453ba33365de918db7afe6993bb902e88c6a157b,CLEAR,DAYLIGHT,DRY,"VISION OBSCURED (SIGNS, TREE LIMBS, BUILDINGS, ETC.)",1.0,65.0,2.0,2.0
0e3dcc743d0904fb1b2616e192255a02cb7c263b2c0b61fd7333252b91e1a9023b8b9aaea1c1914e8a0996193579849d0bbfbdcf3f94065ea444ddcaa7402e90,CLEAR,"DARKNESS, LIGHTED ROAD",DRY,FOLLOWING TOO CLOSELY,2.0,65.0,3.0,3.0
0e3de523a9e80316e92d62ae9a6f24143bf5f4a642a70af670bd02b226dfb0415ea6cee6133b7b0ae9155c515ef6a3d89fdfde9dfd8972e56129a08ce0521acf,RAIN,"DARKNESS, LIGHTED ROAD",WET,WEATHER,1.0,37.5,1.0,1.0
0e3dfce21189dec585fa612b2e17adae62fdc515bf9016afd06d5739891982515144ea9d1bd3decc4db6e7e56cd88d25fde18d304f9a4ab70332a3156416ffb3,CLEAR,DAYLIGHT,DRY,FAILING TO YIELD RIGHT-OF-WAY,2.0,37.5,2.0,2.0
0e3e1fa2b716522fea08e32dc9ed11b237ca2585739f1b1989820f68d2e21d47624fc6adac26f156194a85b4775707490e6f29e0f2167e30d12791812bbca93f,CLEAR,DAYLIGHT,DRY,FOLLOWING TOO CLOSELY,2.0,22.0,2.0,2.0
0e3e7e2347c066bc6a1d3a0f13bfbf0799beafbee99d74a44aed88ee7d4b9ef34c683952c720a7378fabdc009325e100c5e944c38d2f098059905eeffa0158c8,CLEAR,UNKNOWN,UNKNOWN,FOLLOWING TOO CLOSELY,2.0,32.5,4.0,4.0
0e3e7fdddee86f8df9275369e7db6233bb49712d1344f59402439c8b6fd881d4701b58cadaddfdab9894319498808af26454bf408e44cbeed400462b91e7570b,CLEAR,DAYLIGHT,DRY,FOLLOWING TOO CLOSELY,2.0,25.0,2.0,2.0
0e3e88541b4f8af51dfda2c41c119de4ea24f66dceb91d9dbbdcddd25f13878a46dbd4d0c17cc78c7777f0970ba3c50ce8655a72fcfa44c18647c21ec7c8812f,RAIN,"DARKNESS, LIGHTED ROAD",WET,WEATHER,1.0,18.5,2.0,2.0
0e3e95c17eb594c35559691509c7db7a4c6adc382da3cf9ba15d70e90129bcdbb7cef1229985298c4ca18bc2a425cde6b986adac7d4c458be52b6217fe34f023,CLEAR,DAYLIGHT,DRY,IMPROPER LANE USAGE,2.0,31.5,2.0,2.0
0e3f151e5d018faccd4652f08a66e8ec6ee41539b97b339210b7599ba3aea8f6b49c68e620258ba318145baa23d17fa3c4df068d82e43d4f6abc6f69c4386b63,CLEAR,DAYLIGHT,DRY,FOLLOWING TOO CLOSELY,2.0,43.0,2.0,2.0
0e3f1c563c8a446ca09e240b1fa6d0705ef1617e9ec9bb21ebc99a397414f8a713822c306909ee727a358550fa528f7b46679f907ce3dae60e595a0f8d27d6df,CLEAR,"DARKNESS, LIGHTED ROAD",DRY,FOLLOWING TOO CLOSELY,3.0,45.333333333333336,3.0,3.0
0e3f1e820a4358573f59de837274759b6bea9cfa4e68e3939087a9a05ce372ecf87b8a511338036ac0a61867f06a7e48e76b0c5040a550f80d146a72a632237b,CLEAR,DAYLIGHT,DRY,DRIVING SKILLS/KNOWLEDGE/EXPERIENCE,3.0,37.5,1.0,1.0
0e3f45a4e9b30d766f46ae820b5e4be42ef3f9d1954758678b05b1db9d1804a0349fbef81e84faf5663de3fa52437f42b0819d3d8dc21811d37e86e6350c1aa3,RAIN,DARKNESS,WET,IMPROPER BACKING,2.0,21.0,2.0,2.0
0e3f860b5e5a2cc15af9161b0c4050464aa2284680d27ce2864e0bc5bf6955dc5a72eb867395a87810b76987912965b22e8a09fe19f390b01c07133d9327b9c4,CLEAR,DAYLIGHT,DRY,FAILING TO YIELD RIGHT-OF-WAY,2.0,41.666666666666664,3.0,3.0
0e3fa5c6b39939b5875c6f5448b69de0007904d239669010b0b3f57844310dc0c4dff05bebd4c8ed715077fc63b78988cfeab9a6ed38e7b8e88c84099fef74ce,CLEAR,DAYLIGHT,DRY,"VISION OBSCURED (SIGNS, TREE LIMBS, BUILDINGS, ETC.)",1.0,37.5,2.0,2.0
0e3faf43ef43d09597c071f40994292a1ec341bec482c5c36e6b9ee18c059d397f159b27309b23afbe7c7be938a07f6f4912e4d96a1ccc4ebf7dc5d99365e43a,CLEAR,DAYLIGHT,DRY,IMPROPER LANE USAGE,2.0,27.0,3.0,3.0
0e3fb911067679c07d32b228b7b214cae5f286d01015d72ff74869cf702f8f84c629bd564df0dd213c1d58beef92499dfee5232f5cf0c1f56ed9c47de0149209,CLEAR,DAYLIGHT,DRY,FAILING TO YIELD RIGHT-OF-WAY,2.0,54.0,2.0,2.0
0e3fc5ff6fd3e307613acd3c4e8ecedbfabf84dd303c3fe596f4afc2b804a29747dcafd9b825b84d9b5afd5890333a4fd72cec2cec6ba4e76181a29f78b8b8c5,SNOW,DARKNESS,SNOW OR SLUSH,IMPROPER OVERTAKING/PASSING,2.0,0.0,2.0,2.0
0e3fee1b35023e7feeb4e989895934dec7b9f566dd0f6768a2a372fae0db027744c4b3e67ee6b468bdc4204e88105c923e362b169ffdfd8732168bfd3988edd3,UNKNOWN,DARKNESS,UNKNOWN,FAILING TO YIELD RIGHT-OF-WAY,2.0,21.0,2.0,2.0
0e400892b7b25c0c4f1c47b6d5eb81436178029b3246e3f02dce6704529d9372517fe989b044fb81a03aeb054d4af918f2083e4d20bbbeefcd5a3835ecfc78f0,SNOW,DARKNESS,SNOW OR SLUSH,FOLLOWING TOO CLOSELY,2.0,24.0,2.0,2.0
0e401737f094c056ad49fc439940828da6eb084c06039de872806c5f6fdb8622d954142eed2f3a83872596084d678c3e7c46af4b06f628d37afed2f2e7f550b0,CLEAR,DAYLIGHT,DRY,IMPROPER LANE USAGE,2.0,23.0,2.0,2.0
0e402d412866b9aea5edaaaea521026dc1ea24a2493c9d2bd13d7b5e36e4657277ccc708d437e8f8804ab8ece11df7bb8fcec47f765389375456907e7fdb141c,CLEAR,DAYLIGHT,DRY,FOLLOWING TOO CLOSELY,2.0,23.0,2.0,2.0
0e403e493123261813d315a9bba8d553dcc24f716439564c6b9546177197805a37ffe522d866cae865cbea31a7f9762baf3857a4d5640b4dd7decd8f0f59dafe,CLEAR,DAYLIGHT,DRY,FAILING TO REDUCE SPEED TO AVOID CRASH,3.0,27.666666666666668,4.0,4.0
0e404ce98a681f476c2c33e97ee35688f0b0e3da724fc2ef147216bdc2db4d36a4210a5348725c46c47290ef78826d901696963c4a6549dd1fa6b878693dbfbf,CLEAR,"DARKNESS, LIGHTED ROAD",DRY,IMPROPER LANE USAGE,2.0,37.5,2.0,2.0
0e407a5f44237fcbf58486593af1baea72f89b53bb08f689936e9a75e262f3f1d08ffb0f5c66a3f9d4052f3330f9f1e22011a0be0b2cb39e9e72a72cdfca7aed,CLOUDY/OVERCAST,DAYLIGHT,DRY,FOLLOWING TOO CLOSELY,2.0,37.5,2.0,2.0
0e409769b08f78d5f185d8672bc8143f01559e2ef32017405d76d898f725015acb67c8cc2462520d375fbdf5fb2a1dfafaf27fcf69dcf7d35c8ba5d42b50d5af,CLEAR,DARKNESS,SNOW OR SLUSH,DISREGARDING STOP SIGN,2.0,58.0,2.0,2.0
0e40b5831a3b766a9bb16206de15292f1b2ba846a8ca9af6853136c3434c46bf8510f46c84089b3fdbd509fffe00e3a73728567a4c3698bf7953ab24c524a328,CLEAR,DAYLIGHT,DRY,IMPROPER BACKING,2.0,63.0,1.0,1.0
0e412183cd29ad106581ba42bc71e88a2c2481da2cd83bc2fd95046f42ac58cd1e1e7133110ea8fd817bb6d1dbb3f289fb873953024adef3998d6f235a050d5a,CLEAR,DAYLIGHT,DRY,PHYSICAL CONDITION OF DRIVER,2.0,53.0,1.0,1.0
0e41293500deb5bff0912849b1788828ce8ea2e34ee1b3beffa5c765843a0290c18778e06e09406307b2173aaba57d0d2c88baba2036de526e3de46c07997524,CLEAR,DAYLIGHT,DRY,DISREGARDING YIELD SIGN,2.0,44.5,2.0,2.0
0e413533519577406d6e7cfdcf66f897c34fcedf4fd3e818b16e738d558dad994446e0beb56a88a196c2e0b5323b6b8cf880a46174b3fd183d07a208b96ee734,CLEAR,DAYLIGHT,DRY,FAILING TO REDUCE SPEED TO AVOID CRASH,2.0,45.0,2.0,2.0
0e413670451aaaa1286947cc926c8ce4bc00194cc9c9014411e5e161b7630c95623597541b40259a21bf35e7a16a5a7e873451c18407d019c36ac554d08b8be6,RAIN,DAYLIGHT,WET,IMPROPER OVERTAKING/PASSING,2.0,55.5,2.0,2.0
0e4137b68f77030af32977ce0f5188535f21a5c72730f9f0db5efad29913efa372c95fa187c69163a6eee4cd9117d33730c1b56a568b0f298220f2f07cb976c8,CLEAR,"DARKNESS, LIGHTED ROAD",DRY,FAILING TO YIELD RIGHT-OF-WAY,2.0,60.0,2.0,2.0
0e4191452291f79d56bc6274c80b80810842de91dc4efe2f9945735a9074ca323e8a70d7b35e10eb42222fa09cabc00eb87840e210656d3f2e93affbb454c546,CLOUDY/OVERCAST,DAYLIGHT,WET,FAILING TO YIELD RIGHT-OF-WAY,2.0,29.666666666666668,3.0,3.0
0e41b39603632a21fd41713ef2bfabcbb00703ba9db7c3925786b8e44c6899c90621e4a3a585a8cd7baaeefad6d54c3fedc69549e5961ef278477cfd779f141e,CLEAR,DAYLIGHT,UNKNOWN,IMPROPER LANE USAGE,1.0,28.0,3.0,3.0
0e41cba9eb884a4b3bc374b2f68a4c39761be8e759212589830baf5985502806700d84c6bcecbd64b3c2acb8a6dfbbf0c7dfbff869d51a2ba384df88e546a1a7,CLEAR,DAYLIGHT,DRY,FOLLOWING TOO CLOSELY,3.0,48.0,4.0,4.0
0e41ea945c311dbc1ae2d58f799c050560fa44c2ee7f7baa992ff4a982b9448692e5ef0555a3efd760dc17bffbda4d634690b12825d4926b95fccaab98fb45e2,CLEAR,DAYLIGHT,DRY,FAILING TO REDUCE SPEED TO AVOID CRASH,2.0,43.5,2.0,2.0
0e41fa05a1e1484b7272be995648d9bb1d97d830d5e0d79f37e1e8b5cc9ef774a726eac2944e78afa0d5415f5936272c5128d4507d83bbfaf947f99b7b21c0d4,CLEAR,DAYLIGHT,UNKNOWN,FAILING TO REDUCE SPEED TO AVOID CRASH,2.0,19.0,2.0,2.0
0e42011e03fe72cbe02860de72de9e5b2ef4eabec4b84d53b5ca6cbf002408a32fa332997f85182b24b26a72398b1b5b791e5c6b9ade27e538fa0d3f68b2edda,CLEAR,DAYLIGHT,DRY,FAILING TO YIELD RIGHT-OF-WAY,2.0,26.0,4.0,4.0
0e420625d80345c22f423ff432ef4c2d7a7d19025aaae7b6b1d7c62e150217154bbadc46a311e55f5e38b85a9fd0526641709136a4644bc35f497d9eeaa0af2f,CLEAR,DAYLIGHT,DRY,IMPROPER OVERTAKING/PASSING,2.0,68.0,2.0,2.0
0e421d85c3e913863f52e642029f648008b57c5df11341d23353a920d445d8216cba97e9764959d94ea1abec0d8b3ff489d2e548ce437d8951691133e845df84,RAIN,DAYLIGHT,WET,FOLLOWING TOO CLOSELY,2.0,40.25,4.0,4.0
0e421fd0efeda69246e3ad206e6b8236eae236fbe668601284c3f778ee11dd2cdabab8d0334a5940319e29807c028b0141fcc8e0b25561797052c243e01c00ff,CLEAR,"DARKNESS, LIGHTED ROAD",DRY,DISTRACTION - FROM INSIDE VEHICLE,3.0,22.0,1.0,1.0
0e42435634e9a2395847c85a45cc4a20a08e8708a8f595257efdfb9d33676015dbd330a0700be6c13b3463ed2c7866e0815522ca7faed8e2375bad1b9dc5f30e,CLEAR,DAYLIGHT,DRY,DRIVING SKILLS/KNOWLEDGE/EXPERIENCE,1.0,33.0,2.0,2.0
0e424f11f7a1931b4228f7afba768fb9498744a6e3bf96787118560c04ca18e02c3daa76caad6870fed7fe6d8d20f7cbd3c8c99f93f52199ab67423485eec66b,CLEAR,DAYLIGHT,DRY,IMPROPER LANE USAGE,2.0,37.5,1.0,1.0
0e424f21a6672234db29977856ecb0b85f6da9e200b48684d513aae88d9529a84466ad0a5dacc5d69cf136e560876935181dea86fafab8d02ec204ad533cb0e2,CLEAR,DAYLIGHT,DRY,FAILING TO YIELD RIGHT-OF-WAY,2.0,44.5,2.0,2.0
0e42666d5a118470a16d0b583d0eb300d492b7b941bc202d1397a38357dd6e3a2072516e55a3c93ffbcf821e4c611c9c9c1ea31a3102577b0a8300f4b6bb56fe,CLEAR,DAYLIGHT,DRY,FOLLOWING TOO CLOSELY,2.0,27.0,2.0,2.0
0e4295e2eecba8093a17ab651e92f1f5133e968902f5519a507f60b3cd0cbfa32cd5b34b6f7662f9ac73c3d64db0dccaab17637608ce8d87da53cce27c84766f,CLEAR,DAYLIGHT,DRY,FOLLOWING TOO CLOSELY,2.0,32.0,4.0,4.0
0e42ae8e6c7340ec01eaa154d12c59e869673d635f429a5f978169cab77633e42c8fb894b968059ad57452d82c5c998b52fca32619e2c4c503feb71cd6cbdb9e,CLEAR,DUSK,DRY,FAILING TO REDUCE SPEED TO AVOID CRASH,2.0,36.0,2.0,2.0
0e42c594608244ca1f68f805bbc3bd661debe7e062caef8c81cc4acea53be65f722ef33546ea34a10bdd5d6e22ddf1461b0409c37f46e4fea3ec2cc10f396ba5,RAIN,DAYLIGHT,WET,"VISION OBSCURED (SIGNS, TREE LIMBS, BUILDINGS, ETC.)",2.0,60.0,2.0,2.0
0e42f84541a64fb78a4452612b3241a5e912be013e242cacbb7ad0c777f3d5bd0d316c89b4c09838bbdaf6a60a0c4f3f6c857d4f99e2ffbca946cfc7693d5109,CLEAR,DAYLIGHT,WET,DRIVING SKILLS/KNOWLEDGE/EXPERIENCE,1.0,15.0,1.0,1.0
0e43068a8a36efb3f32727f134a5cd11290a8bf33f2d0de97a4467b2061bab89bc3a1d74cbb69d29d78e2b537509118ea9d24d4139b74b27cd115cf2a078f66a,CLEAR,DAYLIGHT,DRY,DISTRACTION - FROM INSIDE VEHICLE,2.0,29.5,2.0,2.0
0e4308fff34c651907ff20e561aaa9db59326df0aceed70db7234355cb16199a31ac716216fc8ef2e2fe7c89dddff10e9883528fe699bec303e8dc5c0a5ab530,CLEAR,DAYLIGHT,DRY,DISREGARDING TRAFFIC SIGNALS,2.0,34.5,5.0,5.0
0e4336f5899f7d19cc4a6b3686f7d661fb764559ee8d4a917a2277d6ed6d4a5885b71334df470a54ff2f41f25303c743cbc6dea603a166d3edbd6bcb3996b30f,CLEAR,"DARKNESS, LIGHTED ROAD",DRY,FOLLOWING TOO CLOSELY,2.0,43.0,3.0,3.0
0e4344163713ac4a07c91a1cd6da3607116a61e0085517ce8d68f7cefc144fa2b8c6b341bd0118b613f0c412664c08c3f153ffc227ba4e4513a155c9ec66500b,CLEAR,DAYLIGHT,DRY,FAILING TO YIELD RIGHT-OF-WAY,2.0,68.0,2.0,2.0
0e43bd86b354554e370fc6ac531893388bf0adff445d55852bac05d12355cd55155bd9a6c1d99b81149e4bce4324b7bfa895602f09e6ba6628296001801bd100,CLEAR,DAYLIGHT,DRY,"VISION OBSCURED (SIGNS, TREE LIMBS, BUILDINGS, ETC.)",2.0,61.0,2.0,2.0
0e43eaf2d991aa8b7dc5f41d95c80180da2ea675e2a48e74f8fb4becf94c9e5e6c0c4564962ce23264b074b67b22f9150fa10afdd678795941e6fc966e316ea8,CLEAR,DAYLIGHT,DRY,FOLLOWING TOO CLOSELY,2.0,38.0,2.0,2.0
0e43ffcee37189f880a9bc22d4aabe424317fdd9da1df1b8bac157f8549966d38208ec03e55d06180563adfe06b33c20d97c70526a1be64a95ba01e19143d9de,CLEAR,DAYLIGHT,DRY,IMPROPER OVERTAKING/PASSING,2.0,43.0,3.0,3.0
0e440d7365b2a26b9034e659153af4438db69c13c336601848900bd3fbe481d212602255670fe8b9672bce14bbcb1e9dfdbbc8d9b70375b71be1b50bd0ff3137,CLEAR,"DARKNESS, LIGHTED ROAD",DRY,FAILING TO REDUCE SPEED TO AVOID CRASH,1.0,17.0,1.0,1.0
0e443bd4e0362a982481ba2e9b28df8e922789a53bb7fef31819a16c4b3324489d29f404d18d71c7cf312f9f1cd30653a2318347dadcee9d5ba6356fc651cc92,CLEAR,DAYLIGHT,DRY,FAILING TO YIELD RIGHT-OF-WAY,2.0,43.0,2.0,2.0
0e4459ac4053d852076ba15a29f53f91ee0e3c13176e5e4a1862f51c3ebd7c5a00f1deed0e80248b91db1f9d57ef8f0e1b8002ae4cf529cfbfcbbe281e10d917,CLEAR,DAYLIGHT,DRY,DISTRACTION - FROM INSIDE VEHICLE,1.0,57.0,2.0,2.0
0e445d98f84e123a3419829af676bfa4bd9f73d92fac8f4cd1c132c36e3b188876685045ebaa95cdeedbd549d7455c5acac8b5eeba53b80b241e0120c820acf3,CLEAR,DAYLIGHT,DRY,DISREGARDING STOP SIGN,2.0,36.0,2.0,2.0
0e446277f2ed42bb5b2a4230daf974b57c71993c5fba07051572f34549acc84b6296d0d33ded0c2477a781576f2752484a1ddd41107158213cb1804c26cfe1e0,CLEAR,DAYLIGHT,DRY,IMPROPER OVERTAKING/PASSING,2.0,38.5,2.0,2.0
0e44735e8cbd64d816e8ebc508064f76588abca3382ffb64f504b79cb9c457d1e4cd8a30602c9e0e82e6df0e69580f34414ba0900d82ebfb0e6dea25a2a13e31,CLEAR,DUSK,WET,IMPROPER OVERTAKING/PASSING,2.0,27.5,3.0,3.0
0e44800a6ca51b6742c3a4102d6cb660e9dbaff939f8447489376c8b848eb8fc617a25b53a8e2521fa790af9617766032f2048d1649fc30a25586c8d7d2ff47d,CLEAR,"DARKNESS, LIGHTED ROAD",DRY,DISREGARDING TRAFFIC SIGNALS,2.0,34.5,2.0,2.0
0e448fd36c390174186b5eb6b73d2bc478fac4d8afb481bc7754112d6331899a51c434e670750489ae8c7a9e349f701f0bbd6c6ddcb0c357111be91db123dfb8,CLEAR,DAYLIGHT,DRY,FOLLOWING TOO CLOSELY,2.0,25.0,2.0,2.0
0e4495ad1d652bfecd7835fe36745f04e367e47934727208e760f17ba7b2a9e81a776fbe64b827ff48d93ae8bed6ffceae65598707f8d67d7c9480d02097666f,CLEAR,DAYLIGHT,WET,FAILING TO YIELD RIGHT-OF-WAY,2.0,28.0,2.0,2.0
0e449933819b777f15449647fad8ad25f39f44d03c8beb738ea4523fa25ff70c02414e980366cc988d87b53f968939a6796beb4b79151dbe8b8a59da84b9b347,CLEAR,DAYLIGHT,DRY,IMPROPER LANE USAGE,2.0,44.0,3.0,3.0
0e4499cbbe282736524ee8b845113c4ec41ccceae072e57bd007c24bc479c8daecdc3127ad2ea4cafe5b45caa3c25eb76befdfa17027a548b7a394cfc830c795,CLEAR,DAYLIGHT,DRY,DRIVING SKILLS/KNOWLEDGE/EXPERIENCE,2.0,50.0,1.0,1.0
0e44a88fd08653143d4063c9f4e45aa28f1ab01318b82f5d289472bc66915c036091bc95475a5e875c5410fac4d7aa01b75b7c1b266d8f699e3baaa4118e0eee,CLEAR,DARKNESS,DRY,IMPROPER TURNING/NO SIGNAL,2.0,21.0,2.0,2.0
0e44d25738d589f0d0429c5368203b5cb7371ece98d73e54a29d0cd5d7509dc2d85a9cf61c810390b7163dded7ff91c3e5078bbf65bb7008afede75b1599ccce,CLEAR,DAYLIGHT,ICE,WEATHER,2.0,58.5,2.0,2.0
0e45135851f453bc369f1c5183ab59a04c1b5e953451a052204d653777021acd301b7a07280b4f10c2e92a4b37f6e97a3811f41401def92b255506edfc83137f,CLEAR,DAYLIGHT,DRY,DISTRACTION - FROM INSIDE VEHICLE,2.0,32.5,2.0,2.0
0e453101db75fbf4af1870c80f9adacd322ca017081dd2e23af639a6ca825bacf7b16aa543804221398d48197cd8c70b36e7c54231f0ee3a6e300921b752d89a,CLEAR,"DARKNESS, LIGHTED ROAD",DRY,IMPROPER LANE USAGE,1.0,19.0,3.0,3.0
0e4570453fb9e1f855b83948ac7d42c286f4e03464f3813fd8ebdf1139bd149e9ce9d2d7bc709e59f12af765c2e544147ecb3ecaa9106f5b94510f8d25a91e22,CLEAR,"DARKNESS, LIGHTED ROAD",DRY,"VISION OBSCURED (SIGNS, TREE LIMBS, BUILDINGS, ETC.)",2.0,42.0,2.0,2.0
0e457a2caa5b377d2d51f8d96f11db2c36146c71664a086dff8f67e18d79d4b6cfe89e232bc5cae81aa5a45954dc2b7d6dbc5824ea6d40c7f04554b760d88892,CLEAR,"DARKNESS, LIGHTED ROAD",DRY,FAILING TO YIELD RIGHT-OF-WAY,2.0,38.0,2.0,2.0
0e4588ee0bf769fd21b1362a8099a887944e99fb280626797d83f57904c6d85a4455cd2fa7ad361998dd9239014dbb8bf2c657da9d72d57861c60a0ce0df8a06,CLEAR,DAYLIGHT,DRY,"OPERATING VEHICLE IN ERRATIC, RECKLESS, CARELESS, NEGLIGENT OR AGGRESSIVE MANNER",2.0,41.0,2.0,2.0
0e458a219df8c63c6782d1da315f77cbb39a0480d2b956f00fd09fd46c5cb961194c12aebd6ed82e773448acd23ec46e1db825bc0e8ec55b9f3065358fab8923,CLEAR,DAYLIGHT,DRY,FAILING TO YIELD RIGHT-OF-WAY,2.0,50.333333333333336,3.0,3.0
0e4595686d88aacdec0f02ce9866db2183405bcf33c61bd8d086394651dd65530f6b29fd0a15877d7039106f05a5fdd26164f4f838edd4aa051df26a2318150f,UNKNOWN,DARKNESS,UNKNOWN,FOLLOWING TOO CLOSELY,2.0,42.0,2.0,2.0
0e45cc508d3566f3bf9b173509f191415b47ee854d186a7f1525a41e2c19a2acf27fd8587af12918886a2fb520d99bf5566f170f48317d0775cd7ee2b0ea9ed7,CLEAR,DAYLIGHT,DRY,FAILING TO REDUCE SPEED TO AVOID CRASH,2.0,37.5,1.0,1.0
0e460b45b6b26351b6c9de9a8046715532fc08bb6c43775dfb466421faa8bdd1aea71ae38962dda9c4db86ce5a8c82d5bc9c0296eb36f52d89b0d06ae2fb9735,CLEAR,DAYLIGHT,DRY,DRIVING ON WRONG SIDE/WRONG WAY,2.0,27.0,1.0,1.0
0e461be09941f764e4d59cd962594d06552b19db66236eb986bc2704b1949a317faf28e05bc2443633f0e86490ec0bccb2f334d04d5474a49a7ea8925c8e14f3,CLEAR,DAYLIGHT,UNKNOWN,FOLLOWING TOO CLOSELY,2.0,73.0,2.0,2.0
0e461d297b0a130933fd4796dbc7d81d9adce12550a1f6db6d9c53f8b22b65b44da26d3b6dc724fb3d91fb4d0e8f54480a342bd8b9eca5fbb778bbb0ccd94f24,CLOUDY/OVERCAST,DAYLIGHT,DRY,IMPROPER LANE USAGE,2.0,37.0,2.0,2.0