crash_record_id,weather_condition,lighting_condition,roadway_surface_cond,prim_contributory_cause,total_vehicles,avg_driver_age,total_people,total_injured
0e462498c13fe281b29dd46d23bf0475be1dba78c51010df1f464caa3503d0eb42d8d0adba0a32618df99acadc8f501a13038afdccfb535ff7e3cf3fe9dc14c7,CLEAR,"DARKNESS, LIGHTED ROAD",DRY,DRIVING SKILLS/KNOWLEDGE/EXPERIENCE,2.0,37.5,2.0,2.0
0e4634a0b256bb3aaad2d93261a731c803dac46b0964edb1673567c22fd028190a119d3b0c412eb5ded48b55df617344cae0d390ff3f4cb1c309f1e34fc0306e,CLEAR,DAYLIGHT,DRY,DRIVING SKILLS/KNOWLEDGE/EXPERIENCE,2.0,48.0,2.0,2.0
0e4648838241a30ca12f2dffaa08589a7210f0f9f565500e97f916d6a0fcf3641a16153e59c965845c0804aa4de1c3b4e8571e9c68ec5bf4e71ef21401ffebf6,CLEAR,DAYLIGHT,DRY,FOLLOWING TOO CLOSELY,3.0,41.333333333333336,3.0,3.0
0e4673c1c5f6377179718962cf194f560e0c821f66f792a33214b31132d37a83880d3b4ab0e1a05edf8b5c76030eae66b18cc22b1eb5dc0d5545bd06a2185d24,CLEAR,"DARKNESS, LIGHTED ROAD",DRY,IMPROPER LANE USAGE,2.0,39.0,2.0,2.0
0e46c224efc3ccea4eaf758efb32921547788c4dda7e570a4e24473468ffa87ed563813ae387ef41f5d890bae6653f8417ac809b343a2104b5531738611f2dc1,CLEAR,DAYLIGHT,DRY,FAILING TO YIELD RIGHT-OF-WAY,2.0,76.0,2.0,2.0
0e46fe7025e2f72194fa2f9f1a42b114fd6cc3d12aee66c6e16a853f2d44533ba9ebc2da73b1f0317bf78e13a15eed5749940a29c019dbadb7752cbabc9baf2f,CLEAR,DAYLIGHT,DRY,IMPROPER OVERTAKING/PASSING,2.0,34.0,3.0,3.0
0e479dba0f022a8e22822438ac6a32b4c7938cab7d0284c828853fe20db2b7533985177b74c2524fdc7ee278313bdf7ab5a24cbbd4e398b08af9e64dd1670426,CLEAR,DAYLIGHT,DRY,DRIVING SKILLS/KNOWLEDGE/EXPERIENCE,2.0,29.0,3.0,3.0
0e47a7fa8ffecc1d30ac6d68f858de9d34dad7cdd93b3bd5e60674206954f3274ca181faa41dbc6f145831b413d278de7475b87b16dfedec4835b86f0658c3ad,CLEAR,DAYLIGHT,DRY,IMPROPER OVERTAKING/PASSING,2.0,32.0,2.0,2.0
0e47b3c1474992c301ca5f837b576f9de18945c818b0cd79359be4f133da5893fcfb268dc05b58e83c05c26a53fa3650b93fc1fb645762a3de29147f1fa39286,CLEAR,"DARKNESS, LIGHTED ROAD",DRY,FOLLOWING TOO CLOSELY,2.0,15.666666666666666,6.0,6.0
0e47b4fdfe781c5216cbce8f2926f1a4f04980e05e5aa04f9d528c62083a7e275581ea072afd86d8a5d5bc130d31920e5288936db371c8f580495de8e3a719a0,CLEAR,DARKNESS,DRY,DRIVING ON WRONG SIDE/WRONG WAY,2.0,28.5,3.0,3.0
0e47c2848e8981b1f7463d86f08203f8b8596af801b3ee8597022a03e759bb2f720753c6654b8b3e38562fcba8d8d18512f1ed00a278888a1660a55a38d7fb6c,CLEAR,DAYLIGHT,DRY,FOLLOWING TOO CLOSELY,2.0,60.0,2.0,2.0
0e47e998d5b8c3ed6675890c563b14b529805887a250fc11fdd88c1859c5c73ef449eef849b06743296203468973213c249615b9fe9b674ec3031f889c2c835c,RAIN,"DARKNESS, LIGHTED ROAD",WET,IMPROPER TURNING/NO SIGNAL,1.0,37.5,2.0,2.0
0e48476bdefae51a0c51f3faea093bd4e855a473c5ce7ddf0cb252beaf30e2bbdd969f2b190f1a09a875e61b06a225b63de0b5c4dcf8051e31669213a2d339e9,CLEAR,DAYLIGHT,DRY,FAILING TO REDUCE SPEED TO AVOID CRASH,3.0,44.5,5.0,5.0
0e484defb639cc6f95e9fa25d56253850ec278f691ff6d74d9adb3f69e793d695d65abedb2bcb70a86fc823765b98ed530ed97f3903ce540d7309d677fa316dc,CLEAR,DAYLIGHT,DRY,DRIVING SKILLS/KNOWLEDGE/EXPERIENCE,2.0,37.5,2.0,2.0
0e48662198b531d942df16b4f1b8eb9431be967434985a9153857523338f86ce0b1c9ca4e5628c53b7ec7080d6f1cf074245c37ef9ae375e51f42a15c9199530,CLEAR,DAYLIGHT,DRY,FAILING TO REDUCE SPEED TO AVOID CRASH,3.0,24.666666666666668,6.0,6.0
0e486aaf37fa4583b47989fdb013d4107cf8576b09c8ecc7627d78311e70aee0325e15e1c2fc6fca01b9b4063c90c0eadbb6cd7c3d2b301263aa64b8b0304264,CLEAR,DAYLIGHT,ICE,WEATHER,2.0,50.0,2.0,2.0
0e48712fd7a9a40c0d77275ec63605d23b07e419bd268d4f5396b1e8804ef525727a2727316f8f0cce01775a5bfae3579e20d9979a1c5d32ac7e184f0c8d9d4e,CLEAR,DAYLIGHT,DRY,IMPROPER BACKING,2.0,47.5,2.0,2.0
0e48a2ae0930f0496589fffd38e9786582afba68ca95ec7a4494e8f9cd0d1e75c51e3e55a46e1263ff919ef7a643ff5a15a581ba36b734a3a6538639f0d68163,SNOW,"DARKNESS, LIGHTED ROAD",SNOW OR SLUSH,WEATHER,1.0,19.0,2.0,2.0
0e490d27732c40e4014031c267aabff7c5f5a632e0da0984e40745b2a859966e21b596121dd8a7ea278ce111387e2eddc505e3de81b8e1096d17c306e127e6d5,CLEAR,DAYLIGHT,DRY,DRIVING SKILLS/KNOWLEDGE/EXPERIENCE,2.0,17.0,1.0,1.0
0e491e120233c8e2bb95aa5b1285d950d07aaaba0cd88ae48db0d6fae04d6918df26d19b729000d4a2d66e3604b5c0d78fb89aa9afa9ba75b819f66055a74e11,CLEAR,DAYLIGHT,DRY,FOLLOWING TOO CLOSELY,2.0,42.5,2.0,2.0
0e4924e00a5ab1c502eb2d7db091deae1a90e809f361fe370c7cc92e0d1a5c22c41afcd1fed250d79c8a908ae312b9677d364a742b909e5f6c86a78d898ea08c,CLEAR,DAYLIGHT,WET,DISREGARDING TRAFFIC SIGNALS,2.0,35.0,3.0,3.0
0e494df7aa3b07e7c20b7e9838b6c5fa53fe5c6a35ac6b42fb8164b4aebcd3bf1139d0c986019e0b9f78cfee2a484de992a06f8539aeacada3fabe94e743fd24,CLEAR,DAYLIGHT,DRY,FAILING TO YIELD RIGHT-OF-WAY,2.0,22.0,5.0,5.0
0e4956d4056ee2695b1629ddd21b5c1b41b0d11042b4ed809a282ceb2336ecf421e2c6fc007d89dae550ea7cd5b46566ac531ca235bc001654a4b5a739c6b6c9,CLEAR,DAYLIGHT,DRY,FAILING TO YIELD RIGHT-OF-WAY,2.0,60.0,2.0,2.0
0e49c640c67d52c61ef638a2014ef8498c8331bd94a69152482e7e71ff67ad249fb9c431555a421219070c2e749f2e9f0a8d55d4ad689d31d694be7a34d65e76,CLEAR,DAYLIGHT,UNKNOWN,IMPROPER BACKING,2.0,49.0,2.0,2.0
0e49e07c0065c2fc4a7ccc810613744ea87743d700759df32c465e6d41ca96e178b07d93c94156b7987ac4f44db2bd13a19789e7af4701902dc846b4e1a39ded,CLEAR,"DARKNESS, LIGHTED ROAD",DRY,FOLLOWING TOO CLOSELY,2.0,40.5,4.0,4.0
0e4a12b606353efff3f84bf23d8229d09f182d7a46e47eee3daad6dcee9c844c00e38a17add0bbb3898079e87e6ffb0bd0b4ebada19dac8fa142a3546d559df9,CLEAR,"DARKNESS, LIGHTED ROAD",DRY,IMPROPER OVERTAKING/PASSING,2.0,20.0,2.0,2.0
0e4a31b12152e8c8066650e432a35b97963a06e7b8012fd7f615ebebab74008c94a0f9292eb7318cc8d3feb38b6e492091321462de89998590cf403bdfa0ce14,SNOW,DAYLIGHT,DRY,DRIVING SKILLS/KNOWLEDGE/EXPERIENCE,2.0,38.0,1.0,1.0
0e4a9f47cd5f6b466f05549b2850cd40d5b44c94c4f407689786fe50a5b7903bb8311cfcb9de240568eefe106784b4d45da854eff23d3b29eaed0aed9a2f1b8f,CLEAR,DAYLIGHT,DRY,FAILING TO YIELD RIGHT-OF-WAY,2.0,0.0,2.0,2.0
0e4ae2b1913b8b3d36cd3d2955e82e0d193eaeb2e7e6ac0df1ee5d942e804c7bd47f00732c6cf7b0f8d893e18015ac04b6359e03dcbd7887a753865e97ed01df,CLEAR,"DARKNESS, LIGHTED ROAD",DRY,FOLLOWING TOO CLOSELY,2.0,20.0,5.0,5.0
0e4b4968ce0e493bf0f7ef0e50d9c28e943a75fc432bb370822d65422ef2dafb4356f59e5e05efa3036dbb2d2a6df4f60bd7e82a2fede4a628681e8784252da3,CLEAR,DAYLIGHT,DRY,IMPROPER BACKING,2.0,71.0,2.0,2.0
0e4b52d91fae4404c8e709a169d844031e0e37312b39f62fb085cd4b52f15eb9a02a8f054eea3d2cdfe49840d2581a0d37d6a1cab5be04961b07677706eb0f1a,CLEAR,"DARKNESS, LIGHTED ROAD",DRY,FAILING TO YIELD RIGHT-OF-WAY,2.0,31.0,2.0,2.0
0e4b57766b4943e7c34045630940b692a8f3229ab77e413cca84f813ff8e65a5e0c990c91ed884fb50b544db55783dd0d8495b7df236fc4b947ff790a1d8c589,CLEAR,DAYLIGHT,DRY,EXCEEDING AUTHORIZED SPEED LIMIT,2.0,39.0,2.0,2.0
0e4b5ddbe1de65985cafbdce0c9d0c9c9be2c1af8a20ccd9d96a6ca52bbd1ef9d215fda5a9224234d3b10b41fc46aec49583f70b1e2cc08e31f16f537ace37fd,RAIN,"DARKNESS, LIGHTED ROAD",WET,IMPROPER TURNING/NO SIGNAL,2.0,24.0,2.0,2.0
0e4b7f4f63411d5c9ee65ecd4edc8fa2b569d9895df7d7c2370547aea4c19141c21892295bfbad4cfd80b156026d9c008be44c1c299bdda9aa3719f6cffcfbe0,RAIN,DAYLIGHT,WET,WEATHER,3.0,25.714285714285715,8.0,8.0
0e4baa566cf8bbde746af7d0712e6d0fdfb3a0caf836a2310725b2bc119f1d546e1576ca566d2cfa1871c4dc413275745cbef519e3d3cfc4c7de4993aa4e5978,CLEAR,DAYLIGHT,DRY,FAILING TO REDUCE SPEED TO AVOID CRASH,3.0,46.333333333333336,4.0,4.0
0e4baededa7d0e1068190e8e00cfc187396008677425d56805dd9b9df0c6ae76d7ced3b0aeea29095218b728f0ebd11cf2519f11e12d99265439b1f18f6ca4e5,CLEAR,DAYLIGHT,DRY,FAILING TO REDUCE SPEED TO AVOID CRASH,2.0,34.333333333333336,3.0,3.0
0e4bb41012d8e075e5d89c97b483f2e45e5b6edb58e9fd87f73981535169414a6f06a92809e0c631e6d80e106c9bf613a8b2890a5815d049b267bb36b7aac790,CLEAR,DAYLIGHT,DRY,FOLLOWING TOO CLOSELY,2.0,27.0,2.0,2.0
0e4bb7de76ac9713d00f018b376fd1fa55c16f08bf6da8f28cc1bbf60e02cc61b7550efa116e3670066eba361d69d42ff554ccff6717298f1e0a29c47b892d1b,UNKNOWN,DAYLIGHT,UNKNOWN,DISREGARDING TRAFFIC SIGNALS,2.0,65.0,2.0,2.0
0e4bd66ce21f790aa0a9a72c4e7c53a8dd089ffc59b0a1815523a5f310205f086166db6698b72b69c71c2848fe439e3c3b999b57f70f4146340280f03a69a451,CLOUDY/OVERCAST,DAYLIGHT,UNKNOWN,FOLLOWING TOO CLOSELY,2.0,26.666666666666668,3.0,3.0
0e4becfa45709600082c6ded9039036246009ee3cc2535b31128d7345a4b6b91f27614bf6e0f617f9e1d2629b2e2cbf0ba0be3281fde1ed9e52a38e95453728b,RAIN,DARKNESS,WET,FOLLOWING TOO CLOSELY,2.0,15.0,6.0,6.0
0e4c02e58ddcc47b05ad86b048d3a21f050a0ab268f1946700dbe9e511410f87f70482fd55ba6e6b0df29b20e43d1659eb779f8dec1dfac5d4f33878a5f8fc47,CLEAR,DAYLIGHT,DRY,UNDER THE INFLUENCE OF ALCOHOL/DRUGS (USE WHEN ARREST IS EFFECTED),1.0,0.0,1.0,1.0
0e4c13ab12c0420bb10ed6baf317ef6fcb455ceefc256f52cad5d45bfec30a287c2338e4bcfa2db38aea7c0237bdcc512775c049e3cb4bc2044870b763379d6e,CLEAR,DAYLIGHT,DRY,FAILING TO YIELD RIGHT-OF-WAY,2.0,25.0,2.0,2.0
0e4c213bf404866bd3cca155961c98ad227802d0ab5a29d0daf9b9ff4fe9be332a8447a303fa521584317db388e3f1f28ef3e5830af68a65434650fc5c8c0db5,CLEAR,DAYLIGHT,DRY,FOLLOWING TOO CLOSELY,2.0,60.5,2.0,2.0
0e4c2580203b02b1b875c148b1622b8c8aa784b1b6258602b9763218ee210ecba9cb1808fc0a28cfc6258cc36b3484d511b61a4cfc6532020a15a06105f68253,CLEAR,DAYLIGHT,DRY,FAILING TO YIELD RIGHT-OF-WAY,2.0,46.0,2.0,2.0
0e4c540e789c3547ba04c7cd37a526708d9beb1b5cd2a9e21c7e830b2d54ce98b534088b01a06ea7ac61cafee30890f888c9c474b930744f654ec2dd5251a8bb,CLEAR,DAYLIGHT,DRY,DRIVING SKILLS/KNOWLEDGE/EXPERIENCE,2.0,37.5,1.0,1.0
0e4c6819f50e19a753292c7bea34406b954aaeed102dcdb783fc714ca73529996b0407c173bd1aa136ddeadfdc7c84400188bb98d3db2424438b600e436fb4cf,CLEAR,DAYLIGHT,DRY,TURNING RIGHT ON RED,1.0,38.5,2.0,2.0
0e4c699caee456a95f66b848574ad49ea6c0984139a6c63d8966b7893a37fba8f1e2920e9ae4868d98b31c813994ec70bd9c9889cb243bf0f64800683fe5c501,OTHER,"DARKNESS, LIGHTED ROAD",ICE,DISREGARDING TRAFFIC SIGNALS,2.0,33.0,2.0,2.0
0e4c74d2e8c1723a3f07d7eae43c32df3ad641d711ff9be4497a3e98d43c64661fc113febb78e3bf4f736bdebc9c170159740eb82b6759c8130d997e7fab4311,CLEAR,DAYLIGHT,DRY,DRIVING SKILLS/KNOWLEDGE/EXPERIENCE,1.0,29.0,2.0,2.0
0e4c78eaf99c8682ce39c67a58fe81a0f46170955917f1d017e87aecb1bd6a7827519a6a40c9f9bd2894d50dd9dad10adfcae82602a35b511f759b41fed42b5d,CLEAR,"DARKNESS, LIGHTED ROAD",DRY,FAILING TO REDUCE SPEED TO AVOID CRASH,2.0,34.0,3.0,3.0
0e4cb9510db6982ebe52174998142070742e60294553168344a0c50625a55dfbb9c8ca38445937eb1220a9b7b525d62ff8281d8ffac72c2bb64d7d1407329ba9,RAIN,DAYLIGHT,WET,FOLLOWING TOO CLOSELY,2.0,58.0,2.0,2.0
0e4cc4a444ea1817aaf4067bd203e0123ae0b501eb6f0bb29ffd4c2d1fde04500fbf6acdcc1be1b2ef1447b76a449812b508d8606ba36439c79beed4c3264c1e,CLEAR,DARKNESS,DRY,IMPROPER LANE USAGE,2.0,20.0,2.0,2.0
0e4d10d29c58b1b134d06f01fe9cde9dad560390af42a509fa336c0ddda619c2d4a3f6f2bbb7a933375707d9478fec0d6228a263c95be88967d298e32f47e901,CLOUDY/OVERCAST,DAYLIGHT,WET,IMPROPER OVERTAKING/PASSING,2.0,54.5,2.0,2.0
0e4d347ea918c0ab396d11bb1c22a695a3112cea1cddf51112727887904975d4afcff113690c33d88c81e666c50fe32df6356a37c51004ca2aebf447f0400fcf,CLEAR,DAYLIGHT,DRY,FOLLOWING TOO CLOSELY,2.0,45.0,3.0,3.0
0e4d44362139af889f123697f8aecd240d2686a3d03076c782c865fcd0228d85a5d84a28dbb77c8538f60c589cf1789848f201f4e46b317de7773c160b7705ca,CLEAR,DAYLIGHT,DRY,IMPROPER BACKING,2.0,55.0,1.0,1.0
0e4d50aa250e35b89411ca2532fc2f1779ee1c09b6d30b978e1ad08d1c00e3bb123c6c10a350c97f0ac4245bc9a437cdeaea9c5cc490ea7e592880162d708d46,CLEAR,DARKNESS,DRY,DRIVING SKILLS/KNOWLEDGE/EXPERIENCE,2.0,22.0,2.0,2.0
0e4d730f031dc1ea188e3f89653152f7aa23e1a4e7c31b3badb199076122cc4d29e1f8ec3c17e7fa4dede3389b4c0bc0e0d9b97f8c365d9d156c7bfe53327ff7,CLEAR,DAYLIGHT,DRY,FOLLOWING TOO CLOSELY,2.0,16.0,3.0,3.0
0e4da3bd24a825df1c0621384d00f312c8a865a44c525de020dffab384177135f25fa918c3bba26a07d95029f0003dc92d5f1612b73e8ceafd21e6ed7b63f1bf,CLEAR,DAYLIGHT,DRY,IMPROPER BACKING,2.0,44.0,2.0,2.0
0e4e23856e7e14d86ea3f7e3a72950dd0f176009a0de13818b3128654d7cdef49297b0ed27c33ecea0d78ae61a3343fce3b5d1644ae7da6c76b6891ab4db9675,UNKNOWN,DAYLIGHT,UNKNOWN,IMPROPER TURNING/NO SIGNAL,2.0,37.5,2.0,2.0
0e4e3c2c766e19a3728496eff57040707cf19dde450ad92698e59b8f25379c60bdc3530e4cf46ff0b9c7d2a282cf523091aa6ec4f3aeb88c222f3dd6da1086ea,CLEAR,DAYLIGHT,DRY,FAILING TO YIELD RIGHT-OF-WAY,2.0,28.0,1.0,1.0
0e4e78618fdd3e68a2e813d2a5582de307402466bc28b447808863fbe7a6d32ead5f463b5c1b3804fd65960ef14d0d5a0f178318a94f8ed02608d89ee18eaa86,CLEAR,DAYLIGHT,DRY,FAILING TO REDUCE SPEED TO AVOID CRASH,2.0,37.5,1.0,1.0
0e4e96c6dfca43c0dce26852f4af7a85596068e7a50b94de718092b89a9615dd5e1eabba341423b8271741422e1411c1f7f58b57641639d0231a12ec8cbfe9c5,CLEAR,DAYLIGHT,DRY,CELL PHONE USE OTHER THAN TEXTING,2.0,50.5,2.0,2.0
0e4ea7a8f8f906452627f7385493ac216a41afc24496314e03451b8081e71196b3782d42ddc7045e31729a2b1dcdcfbcfa125fc3df604248be28d227465679df,CLEAR,DAYLIGHT,DRY,FOLLOWING TOO CLOSELY,2.0,37.5,2.0,2.0
0e4ed535432e5f173cf16e24472b379b433ca933a83e7526fc409269d6087ca1c59da17737cb97bad9b5760d94a8f5d299bd5c79ee1f8d020eac48f2bf72f4a9,CLEAR,DAYLIGHT,DRY,FOLLOWING TOO CLOSELY,2.0,37.5,2.0,2.0
0e4ed80c79fecfeaaba5087dec38e761c6b51a99db14348173bb572fdbf933a836bcf05bc7cb060ef3cb5852c7f17982e9ecf3e1b58c42f9a5d33434a2b7540a,CLEAR,DAYLIGHT,DRY,IMPROPER OVERTAKING/PASSING,2.0,31.0,2.0,2.0
0e4eedb9f268357ba612a119fad40b8deaea01f87d847f000c95e5f9a03f8b84d1e85b90cbe9a84ebaa3b1f59967f55cef32c5d404806ecc226dd39a8580bc61,CLEAR,DAYLIGHT,DRY,FAILING TO REDUCE SPEED TO AVOID CRASH,2.0,52.5,2.0,2.0
0e4f213c15db237e806e674898c852157621b09baa68110f62da42da3802bddb4a1249acd3df43316d89c54718dc0ffd7b38c5d9be0e5ba24a98a529e04f5790,CLEAR,DAYLIGHT,UNKNOWN,DRIVING SKILLS/KNOWLEDGE/EXPERIENCE,1.0,23.0,2.0,2.0
0e4f28d644def0ef2181fe6ffb549c697b068111d744d970d3681f60b041ba8f988880d4bb41f4b41e1c324262086f1a5c448e6f691620bb508d9df3864a088b,CLEAR,DAYLIGHT,DRY,DRIVING SKILLS/KNOWLEDGE/EXPERIENCE,1.0,86.0,1.0,1.0
0e4f3020237ed324a04d87a09925d8c6c04345044ccd0a6721ddfb51abbd1314965995e1fbe5142eca708f4859e57f7b68607ffb46e928eee74acdfa47311df2,CLEAR,"DARKNESS, LIGHTED ROAD",DRY,UNDER THE INFLUENCE OF ALCOHOL/DRUGS (USE WHEN ARREST IS EFFECTED),1.0,47.0,1.0,1.0
0e4f47d32d0ccb15463ac23fda8092f7519bc988448eec529770644eaab5330b02445c40295f999aaa136b6e0c4316a7bfc0506d53a51cd000545b134d21817b,CLEAR,"DARKNESS, LIGHTED ROAD",DRY,FAILING TO YIELD RIGHT-OF-WAY,2.0,32.333333333333336,3.0,3.0
0e4f568dbc7ec02a2269149afd5bacc254a6e3caf8d41781176f038e2a479b7bb21afc37b5f4dca17a7906fba65e6b29729de27057f43507a703571f84de1495,CLEAR,DAYLIGHT,DRY,DRIVING SKILLS/KNOWLEDGE/EXPERIENCE,2.0,61.0,1.0,1.0
0e4f7e0b89d046826ac894ed3806c7fa2863c9528c7f39be4d2d32fef6c2b8bb4f9badaf2bb3ef00c88a64afb556272641d0799aee0a9d257c66ec68f9bd69cc,CLEAR,DAYLIGHT,DRY,FOLLOWING TOO CLOSELY,2.0,35.0,2.0,2.0
0e4f871602a61167ce8b01f37fecb7ad98c5cc3b427ddaead8fdbaa7ac5269b812192072e67cb723c3ebc51fb3f35f8d0277132e773174658a738c43d63e71f8,UNKNOWN,UNKNOWN,UNKNOWN,TURNING RIGHT ON RED,2.0,37.5,1.0,1.0
0e4fa0d4f670453e221211790bc98948ced623e318fc3b6cdca5a871257e4efb253052a4ba800673acd14d529e143d02e68925bb53489c7ec3f14adbcb24d0fe,CLEAR,DAYLIGHT,DRY,"OPERATING VEHICLE IN ERRATIC, RECKLESS, CARELESS, NEGLIGENT OR AGGRESSIVE MANNER",2.0,54.0,2.0,2.0
0e4fb4bf396b79446724b9b1c965b9e88ecae7d2eebe300d785ed33f2e0f43656d1c0b351b22b6189ccdefb025c3de3f751fa8bbc8435e7a30a43e2b7defe94a,CLEAR,DAYLIGHT,UNKNOWN,DRIVING SKILLS/KNOWLEDGE/EXPERIENCE,2.0,34.5,5.0,5.0
0e4fbc15a628cceef15c7269e247ca07eb9ccf533c8d8c577475a79bdb6b36d312fd510a610572b7825acee128958a08a98b00e3b64b57a6475af23ac1b3a879,CLEAR,DAYLIGHT,DRY,DRIVING SKILLS/KNOWLEDGE/EXPERIENCE,2.0,45.0,2.0,2.0
0e4fd344b40fd92970964679577dace08ba4cae76ac443dc581f77662f76b850b38d7b275377928e08f9de10428803a91348e693a860adc62de7b00e41c49eb0,CLEAR,DAYLIGHT,DRY,IMPROPER OVERTAKING/PASSING,2.0,43.0,2.0,2.0
0e5029915c303c2dfa2e41477811e0f1dbe667af0e188acd6786d7d75b0aa55b939fc0682c416b837f9d5fa0d4a796b764176efe641dedd84f254f72380a4715,CLEAR,DARKNESS,ICE,WEATHER,2.0,26.0,1.0,1.0
0e502bd160a031690ca2b5a394d5da38884902a9fdb773d4430944aa8510c07b3aac1b68e7d9680833154d54532cb74cdc436e8fd9dcaa698ecf66110017a91c,CLEAR,"DARKNESS, LIGHTED ROAD",DRY,DISREGARDING TRAFFIC SIGNALS,2.0,41.0,2.0,2.0
0e50341bb024fa60d8f334f72f79f4d7de608b7b7360141864eddd4539e6660dceca4a70c9cddfcf9c202a2f0546b08d110e82b440e4186af9eed0e4fc3f2df3,CLEAR,DAYLIGHT,DRY,FOLLOWING TOO CLOSELY,2.0,39.5,2.0,2.0
0e50534577a0cc1d809a9d8cc94f5e43951c19ad27d0e504d8133f2dab3f866d991a07c2233063d6a0a58020509f02eb3d6081754cc7ab95dafffa1ff58e7fe9,CLEAR,"DARKNESS, LIGHTED ROAD",DRY,IMPROPER LANE USAGE,2.0,40.875,8.0,8.0
0e508c71ad10632e7da73d7164eebf6f82eac90251f0e6979300882d679aa3b4d5f31592cd62b00622969b7233f032bd1bbddf52e0ca290c8ec20dfd6ec2041d,CLEAR,DAYLIGHT,DRY,FAILING TO YIELD RIGHT-OF-WAY,2.0,36.0,2.0,2.0
0e50e9d2b6cecf08a293936936a19876729e95d39e427ab766f3753ec1606e654a69ad6a524f9cef85d01b784a8a5d7e62aec079d70ae22d1ef9f989f81626bb,CLEAR,"DARKNESS, LIGHTED ROAD",DRY,DRIVING SKILLS/KNOWLEDGE/EXPERIENCE,1.0,37.5,1.0,1.0
0e510f24edaca48eefa9233cc38ce085b2a94eb4f78a4fff26c9fc2bdfba1ea1692cc624cfa97dad7541ad32d370879f7baa319aec6192cc3579630e86deddfc,RAIN,DAYLIGHT,WET,DRIVING SKILLS/KNOWLEDGE/EXPERIENCE,2.0,49.166666666666664,6.0,6.0
0e51720b99e8c98174857073fd0310e6ee493e4d22bb73aae0e18789a641c8358437de1ac63942b374564e838d39815d4ef337e0c932e4a0419813bcb65e8a09,CLEAR,DAYLIGHT,OTHER,FAILING TO YIELD RIGHT-OF-WAY,2.0,19.333333333333332,3.0,3.0
0e518637fcf0f360ee87969e50f00c69642cd62ef7b6faec9b67ac6a2d761ccaf617893b248208f05f04bd9306e34b9a90127751f4e563e24872f73e22411a95,CLEAR,DAYLIGHT,DRY,IMPROPER BACKING,2.0,51.0,3.0,3.0
0e51e8bf22b9bd39f32a492d4bfe0166f96dfa05c8c113140f7595ca70b449a2039bcaa124192917ba02b3f6d77ee4ffa4194bd66dc687f89869dd964dba1d1f,CLEAR,DAYLIGHT,DRY,FAILING TO YIELD RIGHT-OF-WAY,2.0,26.0,2.0,2.0
0e523ab1c899904c8a1f50745c4110cca2d0b466252ef025fdb96cfcf89936a19c2a891da7dd64a4cfdc06f0ad91d22588240b8491cc9ddb6ff2f96eff0331dd,CLEAR,DAWN,DRY,IMPROPER BACKING,2.0,62.0,2.0,2.0
0e52520f6cf18c1682ae00f6d01765d21f408d05253e7c21ba4927586dfa55a2ba2da14179bb996fe8ea24560b99c46faf91b95d3a8b5b07f378443ac8a50613,SEVERE CROSS WIND GATE,"DARKNESS, LIGHTED ROAD",DRY,DISTRACTION - FROM OUTSIDE VEHICLE,1.0,50.5,2.0,2.0
0e5255308c5e887691c63b285bf8e02f6dc702b51d0c7e08b6fabe52290520272790bbb4197b7a21d9ab84cb847b4c4a002ef7553c1a6307ccb2092c5fce9255,CLEAR,DAYLIGHT,DRY,FOLLOWING TOO CLOSELY,2.0,39.333333333333336,3.0,3.0
0e525c7dfc6fab4f48dae810882dcca64d78b0e4f7377f78a2bb9320c2f59a9702927dfc74ca2bb60f00bdb4822624a98cb1fdfa4da910de8dd56702d5325bfa,CLEAR,DAYLIGHT,DRY,FAILING TO YIELD RIGHT-OF-WAY,2.0,23.2,5.0,5.0
0e5270274c7a1347cff985de7611b3f13d4883f485b8e6ecf4b74a327f66a1ed4ced7abc15748dce084edfb5466dde87904181d412ab91b770727898dd8552cd,CLEAR,DAYLIGHT,UNKNOWN,PHYSICAL CONDITION OF DRIVER,2.0,37.5,2.0,2.0
0e5289064716fbdb5b4bf51367db36c301d1ba30eed65265d83e8f4efc40f0487585726cfab26dc326bafb467f889379e62d5e86bdde2fb14bb34b1874ce9148,CLEAR,DAYLIGHT,DRY,IMPROPER BACKING,2.0,40.666666666666664,3.0,3.0
0e529fcbee5a853f52ebb24ebc6f15a4235f144bd006a7f5b103681df6895bd036dca46289ec244f90aaac4545b06932a0ca6e26ff9d543e527024de5400b3b8,CLEAR,DAYLIGHT,DRY,FOLLOWING TOO CLOSELY,2.0,23.5,2.0,2.0
0e52d449bd70b95657f951f99f581cb76bdf87ce925b48faa12ff9cb9901628cab95f79c8ab2996d4954842951686e832a3562b519953936cdb8da9c70132e28,RAIN,DAYLIGHT,WET,FOLLOWING TOO CLOSELY,2.0,45.0,2.0,2.0
0e532b24cc5b4349cafc70e540236196090c699b592fa3f897a23f954cb14f571dbdd24669352a9c95be6bf705b690586ac2fc960087ec97e629048f0f08cab3,CLEAR,DARKNESS,DRY,DISREGARDING STOP SIGN,2.0,40.0,2.0,2.0
0e534ac7011c328b49dc3acdc7557f8c2e8337b45057fd4f1f8e74c171d715988fd3b72d31699e2513312700f4db1b16301b3e4583d8adf769a49673a1f386b4,CLEAR,DAYLIGHT,DRY,HAD BEEN DRINKING (USE WHEN ARREST IS NOT MADE),3.0,55.0,3.0,3.0
0e5390e430fb0ac0908994186b25c7f7853d4ddeed9b7335adbc3aa77bef4deabddf0f034fb4032f236ab050106342b4a4e58591acb3299ba5a7f93a81d6a4d3,CLEAR,"DARKNESS, LIGHTED ROAD",DRY,FAILING TO YIELD RIGHT-OF-WAY,2.0,37.5,1.0,1.0