crash_record_id,weather_condition,lighting_condition,roadway_surface_cond,prim_contributory_cause,total_vehicles,avg_driver_age,total_people,total_injured
0e5391fb959830194801616ede166a6ceb4a30c6adbc96e684c51411e0bea7956e4816a39135c0f86a78442316941e90a84e38668ebe48e0713c4382c2e6a52a,CLEAR,DAYLIGHT,DRY,FOLLOWING TOO CLOSELY,2.0,47.0,2.0,2.0
0e539a0ef30fbb70ef5bac5fcf625dbddbd594255c9906c699488e9ec3dc8613d8ff75744b9ef423f1c9bab5ed818c059999fce75ea05548b876332a7c3f70b7,SNOW,"DARKNESS, LIGHTED ROAD",SNOW OR SLUSH,TURNING RIGHT ON RED,2.0,26.0,2.0,2.0
0e53c3a6c9ad54705f71ed6d6a2512df31721e087b3969505e5128791ce3a3b1acff7e147b223858f3f0d3ce64703810e144ade144e58de7ecdc4172ddbca3a4,CLEAR,UNKNOWN,UNKNOWN,DISREGARDING STOP SIGN,2.0,22.666666666666668,3.0,3.0
0e53c5fc6aab1944bc881cac4a0a7cd9c9329737f9443d031542f2ac4732f4ebc62a88a26c1cd9efaef7abf96d3ce4447825b5b3c26269c69c8492618437a3f9,CLEAR,DAYLIGHT,OTHER,DRIVING SKILLS/KNOWLEDGE/EXPERIENCE,2.0,42.0,1.0,1.0
0e53f03b17399bed512e294d2c2a3ba221441c84098e6d1cc9df72e9c22966f9fe28a68c861b65a4e3d80600fcb7bdca837198348449d52bbe9ac7a0c93499cb,SNOW,"DARKNESS, LIGHTED ROAD",SNOW OR SLUSH,WEATHER,2.0,37.0,2.0,2.0
0e5466ab392a994517f6aa9ae04ab8b09f3a500b3d729e11023ae685591624dd8eeeef402218f688dd240225d6120d96c432be644fd4b4956e934589197efc24,CLEAR,DAYLIGHT,ICE,FAILING TO REDUCE SPEED TO AVOID CRASH,2.0,26.0,2.0,2.0
0e547751c5c7253f154814c14e9465958a8e5e445e54974f7a7a0e553c534ce9f4684314676867f6f15e7e85c48679e88e0cc0878c47784ef24e306be1c94a7f,CLEAR,DAYLIGHT,DRY,DRIVING SKILLS/KNOWLEDGE/EXPERIENCE,2.0,37.5,1.0,1.0
0e5477936fecf05b3d317a3f3cbc736fed4c1b49a1a2394460400fcbc714a14af3174abb37c06e7246c310a41456ff5635777c004bba608b5bac0c1e6c592119,CLEAR,"DARKNESS, LIGHTED ROAD",DRY,FAILING TO YIELD RIGHT-OF-WAY,2.0,21.0,2.0,2.0
0e54e76a92bd5ff07955475adba4fd378c04d8f8c92bdefcf48a48515c95a8e6e4b8ab5ca83ce62a7038b3b2f926eab544f58eac4e1cbfa3e484aea5d5c84656,CLEAR,"DARKNESS, LIGHTED ROAD",DRY,FAILING TO YIELD RIGHT-OF-WAY,4.0,30.5,2.0,2.0
0e54fc22c1415dd128db254e8170dda034594a10cb5f3abc8b707957f5be75613161885168ef5275f7fa62b5643dc3b170bc26fdab312b79669cda4fcc173fbf,RAIN,"DARKNESS, LIGHTED ROAD",WET,FOLLOWING TOO CLOSELY,2.0,59.0,2.0,2.0
0e551201177a2172b6a16b39d2c81152c8173e94e8b73bff166cddf44e365f7ffdf0b12bbdfa3616c1dd2ef4c34f5c0ac2834f1e74b5610adc0509006d9f41c7,SNOW,"DARKNESS, LIGHTED ROAD",WET,IMPROPER LANE USAGE,2.0,43.0,2.0,2.0
0e5512f8d557fe6523090a39dcaaceef1a45ed0c64df888f54e3db03b067d628e3a6b6277619ee78822e00ec7bc5a6b6ef4e1e05536bd1378304bb2dd6e01764,RAIN,"DARKNESS, LIGHTED ROAD",WET,WEATHER,2.0,37.5,4.0,4.0
0e5519334aba9276b82bc3334959a1f0a9fd42b517b4dbcdde70a5a9ef97661d08cb3d392465d8710e955cf827a9864de5f490228ba4e00850f81a11d9047886,SNOW,DAYLIGHT,SNOW OR SLUSH,WEATHER,2.0,45.0,2.0,2.0
0e555a315b24b3c9c72b408ca7694d981800a95b3251aa544617fb7aef3bf4b29e07493b15820d20b2c146c7c287ed5f275b6aca7bf7db6e6ce567ca088281bd,CLEAR,DAYLIGHT,DRY,IMPROPER BACKING,2.0,38.5,2.0,2.0
0e559a268879b268d034ec7b03d729f5e75a960e210ab746c3ba87730cc40c0690002c0454df71d74d48a81bedb6a7ae37ce2820ec97a7a294fcbcab44e4e7db,CLEAR,"DARKNESS, LIGHTED ROAD",DRY,"OPERATING VEHICLE IN ERRATIC, RECKLESS, CARELESS, NEGLIGENT OR AGGRESSIVE MANNER",1.0,35.0,1.0,1.0
0e55a544b3ec5405a7e247bb5c69fbd1fc0eebede17460034dd324ad297321da09e12a92c8232f4b55efff32a615b2497a57d979eb33e2b176c39cd60a156a08,CLEAR,DAYLIGHT,DRY,PHYSICAL CONDITION OF DRIVER,2.0,37.5,4.0,4.0
0e55b7c838f50c8b3b353ba19bbc5f0d5db5b83ea4ab41ae1a931b544de26f0326fdd381af9b0e2a711e7f068bebf68ff868499d8dfab9d57faaec996a85741e,CLEAR,DAYLIGHT,DRY,"OPERATING VEHICLE IN ERRATIC, RECKLESS, CARELESS, NEGLIGENT OR AGGRESSIVE MANNER",2.0,31.0,3.0,3.0
0e55de33c5f868237ca9abc8641b6c6ce947ae83a730293c7757d6228ca6e38c88f409ed26e56d363e8d3e250c7e3aa1f6683941cc42e9c1e5572498df002156,CLEAR,"DARKNESS, LIGHTED ROAD",DRY,FAILING TO YIELD RIGHT-OF-WAY,2.0,42.0,2.0,2.0
0e55ed9c8f518222f92e7951a7a70ca840fb80d42ade0d002353276564cd6a75df03c61c92438aef2933e7b03c95fc99b021c8f05d5b58cfcae74af566644016,RAIN,DUSK,WET,IMPROPER BACKING,2.0,29.5,2.0,2.0
0e5605efe2f1e715581c0439b5c469d25fe1e0f7cd581572ae35ba8787cb43005050d7fc99f26ef6c64fb12709328f302ae7584d254492c47f08f8c4e4c2b95a,CLEAR,"DARKNESS, LIGHTED ROAD",DRY,IMPROPER OVERTAKING/PASSING,2.0,40.5,2.0,2.0
0e562a5f8ece7b998e846d7249070a258052f2581d4e2ecfbd7502e4e478e934a7e584ec07bc8892e0cee1a161b5e5bf5c684756c7556d9392947e11e0d22403,CLEAR,DAYLIGHT,DRY,FAILING TO YIELD RIGHT-OF-WAY,2.0,33.5,2.0,2.0
0e565fa0bab636f0bcb67e9ea5225f8bbb5030c42cab0630ce424b00a278fc32c9d2ac43b336350a1eb12694367805bd8900f18a2fe4daccb27e80790eebccab,CLEAR,DAYLIGHT,DRY,IMPROPER BACKING,2.0,30.0,2.0,2.0
0e56bac4402607fa3446ab08f02ed0f06cb7fd815a5d61886d36b865c5f9841e6605fea98587a683fe7ae39257d1e81915df7a630230ece79132ddd08221b9ae,CLEAR,DAYLIGHT,DRY,FOLLOWING TOO CLOSELY,2.0,45.5,2.0,2.0
0e56bc1cefc79f126fb6679a09642f891ad9dcee8c98071017c3d465ab6e57a309690579a44bbd3415ebd81c53dc7c8b16c3e6b1571914254fd35899c7dae60b,CLEAR,DAYLIGHT,SNOW OR SLUSH,FAILING TO REDUCE SPEED TO AVOID CRASH,2.0,38.5,2.0,2.0
0e56d9747b6f24e3f294e701e5a4ca572c52592427c246e8c8f42ed9e09bce16a47810408380fe1a66aef5e5e7fb94f054509b5c250a24d592acaad057955465,CLEAR,DAYLIGHT,DRY,FOLLOWING TOO CLOSELY,2.0,25.0,2.0,2.0
0e56dba1550f31734fe4b97a72ec4864c8926c9e6c12ad05eaf5b17e3be0229c9469dc6199f3cbfd08e53f2c0692ae8e7d4e6fe80825fb9dcf8600fb2bcab2d3,CLEAR,DAYLIGHT,DRY,DISREGARDING STOP SIGN,3.0,32.5,3.0,3.0
0e57052c7007e4b1ee0bbfe58a2d6fd26182af9491213954e1dcf7ac8530530b624391967c63ff1555de84bce81f4d8a3341b504df2da9b592af90614c9998c8,RAIN,DAYLIGHT,WET,IMPROPER BACKING,2.0,38.0,2.0,2.0
0e576dfde2ae31c767c55ee636b87e420ee81b53e59f424df3c5ebbe4029c6ca3c89413e0c2efa739b67df8525020d322c2c344394c740af3ac75e70e0eafc85,CLEAR,DAYLIGHT,DRY,FAILING TO REDUCE SPEED TO AVOID CRASH,2.0,26.0,2.0,2.0
0e57965ac58c72724d703e5aa06439716c4692991c7593dee2ecdd803744e4671c0b66d683dc48bd8f74616a5081c8b14472016daaa6f8646f60f87683bb537b,CLEAR,DAYLIGHT,SNOW OR SLUSH,WEATHER,2.0,46.0,2.0,2.0
0e5797829608467f68d0a0fc77b08c7f6932f02a94b619d3df907026a2d390778c5bc56604d6f66be9709c3e1ca2efbaeec078d04a403611913093f62b9112d7,RAIN,"DARKNESS, LIGHTED ROAD",WET,FAILING TO YIELD RIGHT-OF-WAY,2.0,69.0,2.0,2.0
0e57c828768c7d270c388eaba57263f804adf786ab905bf184e73e9312017f2f45b1e7c93a781bacaf0665cc2bc8b06b29a69f898691a8b7f4c6c6dc425ce7bf,CLEAR,DAYLIGHT,DRY,FOLLOWING TOO CLOSELY,2.0,52.0,2.0,2.0
0e57ee3d246fdaa9fd03d8f586bf2c0a8991e65bba5fc3d6c33463fe7b69e08723392e4b3595e0d54dc4b81494d2f78dddce8eaa74dc69cd1e4515c623adc249,CLEAR,"DARKNESS, LIGHTED ROAD",DRY,DISREGARDING TRAFFIC SIGNALS,2.0,20.75,6.0,6.0
0e57f12f2a4fda1068c27537159997f77d7519aa09563265965531a1142dfc22be24f39fdb67fbb12a121ec513073a0d89dabf9525ef2ecbff8b67a416bd1c7d,CLEAR,DAYLIGHT,DRY,DISREGARDING OTHER TRAFFIC SIGNS,2.0,57.0,2.0,2.0
0e58002c8e525690cab1c07262fbed3b8aaac8d70f9e66900e34750ee99ff3968b062ed29c3ad996a893585c3329d947c39be6ebf9198cd4a0fe159740cb7760,UNKNOWN,DAYLIGHT,UNKNOWN,IMPROPER BACKING,2.0,61.0,2.0,2.0
0e587c0609f318cca0816e437757ffa1efb020de99b9c7f04a513835abd84d737fcb2aeaf06961d1d3b2c9cd7a21988ac0101d32fa3feef59470be66ab1fbd9a,CLEAR,DAYLIGHT,UNKNOWN,"OPERATING VEHICLE IN ERRATIC, RECKLESS, CARELESS, NEGLIGENT OR AGGRESSIVE MANNER",2.0,37.5,1.0,1.0
0e588ea05bea50eba541969c6b188bb3f0604dbe1442a1748892a093e2adb3d9e7ea135ac06574aeb16bd23f24c0c4823bde44f1006f6f61452bc24df280499f,CLOUDY/OVERCAST,"DARKNESS, LIGHTED ROAD",UNKNOWN,"OPERATING VEHICLE IN ERRATIC, RECKLESS, CARELESS, NEGLIGENT OR AGGRESSIVE MANNER",2.0,37.5,1.0,1.0
0e589bef399b8a74138ebaaf7ffb22ac9ba121ddca463ab2d4445f9edcaa2700f16eb5c498ddd2fc5f6ad3c1c83d6ab39f46abfc7edb323954270f84cc0ab702,CLEAR,DAYLIGHT,DRY,DRIVING SKILLS/KNOWLEDGE/EXPERIENCE,2.0,56.0,2.0,2.0
0e589cc3c8a72651418712af7b40e29d7a4f7ed3f83487ff67d4835bf318e528e5ed560a27e23c29d4d253b3131b0275cf413a50d9d9ae26f71b3e23816e42d4,CLEAR,DAYLIGHT,DRY,PHYSICAL CONDITION OF DRIVER,2.0,48.0,2.0,2.0
0e58b0cd7b9297a350014f6aec669e41cf77ba350fd71ae3dd44fb29f917ce3b3f2bfd3c613cad1160ba587aa24f35f5d05d25b383d66914dc9d38af9eb02edd,CLEAR,DAYLIGHT,DRY,FAILING TO REDUCE SPEED TO AVOID CRASH,2.0,35.0,3.0,3.0
0e5922fc064ffcb9f0681f44ce63bd86b1e6a0bc6f62536caa7b19966cb23adf1f4fcffb7e3359b91ce5673950b308574cd3eec1421062cd4eaef230c0f3c349,CLEAR,DAYLIGHT,DRY,FAILING TO YIELD RIGHT-OF-WAY,1.0,40.666666666666664,3.0,3.0
0e593f4d74b7b6adebf79f07d77815246a04aaba673ffac2a3ec75d4eacbad15977532e975ee06f7284376819671a1183fcb900a2af76998e83203f9514e11cc,CLEAR,DAYLIGHT,DRY,IMPROPER BACKING,2.0,37.5,1.0,1.0
0e59673188ead5fb86cb0f19f429f470a5334ee4c60d582c22350571d1a22df9c514e0801e9e2329323650ac2404c04cdafd114aa4f2b7a1b4300d406730ca8c,CLEAR,DAWN,DRY,FAILING TO REDUCE SPEED TO AVOID CRASH,2.0,37.5,1.0,1.0
0e59d4be0467da87da12b8a560b4e5a20b2a2e45d0646dc2a9ef160017875978d833f18c2969ba7fea5fe056b2123877410e4f9f0badda4bad4a9afdaaba169c,CLEAR,"DARKNESS, LIGHTED ROAD",DRY,PHYSICAL CONDITION OF DRIVER,2.0,23.0,3.0,3.0
0e59ed1ef9349991eec9294bd05d2262f41fe01507e0671fc71d7d2abe1284d76a8b95e9380ff801ae6261b5bac7aeef90af1ecd14931491190dc77fe38b6dd5,CLEAR,DAYLIGHT,DRY,FAILING TO YIELD RIGHT-OF-WAY,2.0,31.0,2.0,2.0
0e59ee1592723682d74e7ab65f9017b365e4a64d4e1158cc3ca5692bc98448e99faa94914bac3b9fdfcf1ae378609b2a1ebeb53ba48447da31d4e496010e2d3c,CLEAR,DAYLIGHT,DRY,FOLLOWING TOO CLOSELY,2.0,57.0,2.0,2.0
0e5a1035743ba8c592c6fab3ca704769897fccfb8674e1a68ea0875daac816305c77a6c850cd5b29aefe0f25685ac8ebb5822a22480086644c05eea1f9986837,CLEAR,DAYLIGHT,DRY,IMPROPER OVERTAKING/PASSING,2.0,55.0,1.0,1.0
0e5a105d59ff0e53e341816a00bb29ffd47bb33d81cbca9372e02f84fb2b8c42b0c44a796fff34c87ef93bf1d500c21c80aec33ee74c29349bb2623055f32e96,RAIN,DAYLIGHT,OTHER,DISREGARDING TRAFFIC SIGNALS,3.0,24.6,5.0,5.0
0e5a12875698e004dd30fc1b06830f59d35a2762d7d77b013537d5a97e88a737408d9214a091da82f718c8814f5dd9f8ca0e525b866ecd56d57c984d7c5510d0,CLEAR,"DARKNESS, LIGHTED ROAD",DRY,IMPROPER BACKING,2.0,42.0,2.0,2.0
0e5a13698bf0c1ac1fea650a1a27d9bc8461de14cfb2edb853c536ea1f0632dbdbf2308235a2b9b4c2bf9c57b1e431231dd4eea6f1679054443bb4207ea72ebe,CLEAR,"DARKNESS, LIGHTED ROAD",DRY,UNDER THE INFLUENCE OF ALCOHOL/DRUGS (USE WHEN ARREST IS EFFECTED),2.0,42.333333333333336,3.0,3.0
0e5a2c67abb2a6841bde43cb8160616456c94c740dcef7aa298d2b7012253796508a690de093c6e71703346f86852bb45f9f637b6b8616462df135de30e13bd3,CLEAR,DAYLIGHT,DRY,ROAD ENGINEERING/SURFACE/MARKING DEFECTS,2.0,34.0,1.0,1.0
0e5a30d58856bb01c693f6b2766dc3117f681f4a15919b6e52d8088d6cdde5f882c11e9858482263c03e5af759ae66e562372771f12a5bbc2e5d469df146546c,UNKNOWN,"DARKNESS, LIGHTED ROAD",UNKNOWN,IMPROPER TURNING/NO SIGNAL,2.0,41.333333333333336,3.0,3.0
0e5ab492b2a0876e8bc9027bf066bbfaa9133c78b82fd2ef139aea823ac6cb1abffc255ccb4b8985d6394d45ca9e1fac7017f52d508a539ef878191d49ea3102,CLEAR,"DARKNESS, LIGHTED ROAD",DRY,FAILING TO YIELD RIGHT-OF-WAY,2.0,25.5,5.0,5.0
0e5aef57ff489a1033d51a0b5f10e50745261e3fa46742b51d035effe03a51de00f343bdeee80dafe9456e6eb79383f6c8665bddf32a304ff3338e1fbfdfb0b2,CLOUDY/OVERCAST,DAYLIGHT,UNKNOWN,IMPROPER OVERTAKING/PASSING,3.0,55.0,4.0,4.0
0e5afbb2d8dd90ba05e4475d730db3e1ffa5a4c3c80b6085badd88476f8728f109ca216779baf1648c4c38f78dc8ccaa513f989afbd7403b6404e06570c8791d,CLEAR,DAYLIGHT,DRY,IMPROPER BACKING,2.0,68.0,2.0,2.0
0e5b0f45922867a75ae3f2f15f793890d671aec30bf36f2beaf22186812d950c3ca8cf510b3967e5c80b021c877975c91f05265e893543953f7c8ae44cbf1f53,CLEAR,DUSK,DRY,IMPROPER LANE USAGE,2.0,69.0,2.0,2.0
0e5b161d567f0416ad105554c9444e4e26d0bfbe0eb47c32fd79ed738d20a5de91035c140fdbc4ace855743e7c7787e3df88902fdb6ce2a806f4ba80f949a0ad,CLEAR,DAYLIGHT,DRY,DRIVING SKILLS/KNOWLEDGE/EXPERIENCE,2.0,27.0,2.0,2.0
0e5b3d084f5e3b66f37db39983f459e46e49552579a802a3892708a67b4f5e14e37aa18a6321f2aeec8476f2733f682292dbb110eef2f163a329c98995d36f0b,CLEAR,"DARKNESS, LIGHTED ROAD",DRY,IMPROPER OVERTAKING/PASSING,2.0,35.0,2.0,2.0
0e5b402038cc576d917d9853dfe6bbff02ba51f66a8a383b1539f5d708cb203f0a9703ca27e86d0643fb4b490b16f7c2b9d3f7d28fe74173ae6c002fb892ef04,CLEAR,DAYLIGHT,DRY,PHYSICAL CONDITION OF DRIVER,2.0,74.0,1.0,1.0
0e5b4d8af4b779bafef6add987f966b3b74e3e2f925cbe286017c30a4e6c9cc5551846e495735321541ea084f4e054d8a99549219e5cfc7870b652e48d16d264,CLEAR,DAYLIGHT,DRY,DRIVING SKILLS/KNOWLEDGE/EXPERIENCE,2.0,50.5,2.0,2.0
0e5b8074440b37e24002fddd9ad231a14977362a941926aec3e6c19b666585e8eff58e48be60f99d29e54b6846766ac319d032176966eb0e9799e0fe63778cb2,CLEAR,"DARKNESS, LIGHTED ROAD",DRY,FAILING TO YIELD RIGHT-OF-WAY,2.0,29.0,2.0,2.0
0e5b8fd6e0ed81050d15acf8bd7f4fcbaaefe9da06ec03691e39853349bc3d187ccdfc6c04f1c8480a5ecd13fad9601df562e5c1fbe2cc9fb2524224b69f2f48,SNOW,DAYLIGHT,SNOW OR SLUSH,FOLLOWING TOO CLOSELY,2.0,10.2,6.0,6.0
0e5bab48aa86d42addc1188adcdce908197224b16269f6191272751a6d9136c03cbbae6fa3fa1e67c11472861b81e82aecf96ac633a7bb884623c3f2a4189fd7,CLEAR,DAWN,DRY,FAILING TO YIELD RIGHT-OF-WAY,2.0,42.5,2.0,2.0
0e5bd268dbe14ceb6c4598e18faaea6552b4a9e551c7e39ab594e33ff9a36a5d5d0db18ff473577bfcf3db85c1872fbe27f5dabf3eb7f61860826f6f83d105b6,CLEAR,DAYLIGHT,DRY,FAILING TO YIELD RIGHT-OF-WAY,2.0,44.5,2.0,2.0
0e5bf08600fa3bffa65c78b3bc2cd10cfeaf2a57b809122704a79650f042a6dc9134915bb96eb48b1c394730fe2efa5da75b551e6714d17ce0cc4dba68d2da5b,SNOW,"DARKNESS, LIGHTED ROAD",WET,DISTRACTION - FROM OUTSIDE VEHICLE,2.0,25.5,2.0,2.0
0e5c2d85845b2a589b729a6276dada788e356bd12cfe3a411ca8e6cc843e50c275b2bda78d481f8b0eaef241319ebce43eb5b4bfc11a287787af08e3d8d99b1d,CLEAR,DAYLIGHT,DRY,IMPROPER LANE USAGE,1.0,49.0,1.0,1.0
0e5c666a231848de29a7d081fddf521e9b5ee7fb092d4714475fbbff4e6e01c0e890a25b2ca1ec3f06e6b704d2d054533853e6c613ea3a4c0134321b370d22d4,CLOUDY/OVERCAST,DAYLIGHT,WET,UNDER THE INFLUENCE OF ALCOHOL/DRUGS (USE WHEN ARREST IS EFFECTED),2.0,59.0,1.0,1.0
0e5c87f90d5582edbefc3cb039693ace454ed98a4141a164278c3ccf5a6907c28a3e80dcfc21ab46f288a939c741f96236b074f37cfc6e8ceb15a6e7fed81126,RAIN,DAYLIGHT,WET,"VISION OBSCURED (SIGNS, TREE LIMBS, BUILDINGS, ETC.)",2.0,12.5,3.0,3.0
0e5caaf7da48a233408639391c8285554d763c5cc988fd4bc7750f6fd36122efc75987a5312762e9a1e0f77c5d14699f83bf5e6276c78807d8cfb0d9608f043a,CLEAR,DAYLIGHT,DRY,FAILING TO YIELD RIGHT-OF-WAY,2.0,42.0,3.0,3.0
0e5cb36fa3c23663210f7ec54e2d907d25c1caf62699ebb9fe479c0a6cf3533f92c711f69bd5c1af2403c79a8b80caa7ef357c39856fbccaa44a900febf85d1f,UNKNOWN,DAYLIGHT,UNKNOWN,FOLLOWING TOO CLOSELY,2.0,25.0,2.0,2.0
0e5cf0e399408fd553e561dba42770fadc1573fe9a5395d4fe43df226e84da500120caa8b988f4511862978f1cae152c984f344f773090e7e3ee98124679f700,CLEAR,DUSK,DRY,IMPROPER OVERTAKING/PASSING,2.0,17.0,4.0,4.0
0e5d157f9c262f553296e30fb7bbbf75bb7de990c31794e42ceb0dc3443810509d4554682d1c04b7815fa513bf8fe95b7fa433fbdcb45c258d51a9e3403673de,CLEAR,DAYLIGHT,DRY,FOLLOWING TOO CLOSELY,2.0,30.5,3.0,3.0
0e5d263bc1bc6b75339440d49dec0d935236e7c7a888bd5bdf18ac77092ca74e962f01aee9b772f3dd8f3fcd9c0bc30764f0314da37b23e7e662e403f67eb4f7,CLEAR,DAYLIGHT,DRY,FAILING TO YIELD RIGHT-OF-WAY,2.0,51.0,2.0,2.0
0e5d45e787484d1d0c463973f466cbd40a900d8b010b9e37b1b16b2aba3ac9b8db73a70906d637f6796432b625615aea2ad474a6e094546dc5869c70555c1948,RAIN,DAYLIGHT,WET,FOLLOWING TOO CLOSELY,2.0,45.5,2.0,2.0
0e5d956d4440e4ec9e987f19709edab0c59ff0a73ebdd68599260a7d7cb59f9c9e59be1c3722c66c44eea8eb2776c627699c663c76a53d39a06178f0aa145354,CLEAR,"DARKNESS, LIGHTED ROAD",DRY,"OPERATING VEHICLE IN ERRATIC, RECKLESS, CARELESS, NEGLIGENT OR AGGRESSIVE MANNER",1.0,37.5,1.0,1.0
0e5d9c7da6984c9f409e8a41583ad65586149067c974e10861529391dbf642d85aa8c9690a5f7a7a6f660a995e3fc8b2b8b17c24e5e5db973089db9a8a5aea36,CLEAR,DAYLIGHT,DRY,FOLLOWING TOO CLOSELY,2.0,21.75,5.0,5.0
0e5db0e91171a55dc8dfdb0df92d83ce4375ae81caff3cc430fc7f1b769beda677632e1aafde85c957b46aec9cba9f65583c7a17b79e4c4dc779b8201f3de026,CLEAR,DAYLIGHT,DRY,FOLLOWING TOO CLOSELY,2.0,35.0,2.0,2.0
0e5dc061ae29c4603a916187b8f74268a1be616860de68db6c4f92f911c05048b4efe9da9786b5b3a36689ad0fb8e225fae6816708b03383ce663038d53ab55f,CLEAR,DAYLIGHT,DRY,FOLLOWING TOO CLOSELY,2.0,67.0,2.0,2.0
0e5dd136fed1475a727d76bf1f1cefd372252183067cc10d5e1f180e54f981cca338a960e9802a2f09b040ac354c8217f75606b76d696acb0822294cd72ee5c6,CLEAR,DAYLIGHT,DRY,FOLLOWING TOO CLOSELY,2.0,28.0,2.0,2.0
0e5de7edb8fd348ae54f7cb2a325459c01749add613f5f52e39761525772154a8633e8af4d923c2ef784d1fca67a251f6c8413112242f96102ace3b9560d5a8e,RAIN,"DARKNESS, LIGHTED ROAD",WET,FOLLOWING TOO CLOSELY,2.0,32.0,2.0,2.0
0e5e0f866365be429da58e22bd49ed3f9d0d13716e81de608083aa62ec8fd3f11a6f83df78b5d24b72026dd6a04dd3713db0d86e27a20a4207e27fa716ce3ac8,CLEAR,"DARKNESS, LIGHTED ROAD",DRY,FOLLOWING TOO CLOSELY,2.0,78.0,2.0,2.0
0e5e4522d0b0581c39e280a49476e76b176702dfe6ea5884f18aff4607d867025f8fdf726afaf472c32b3f25c000c1a80153584481023a821a2ba811da81ee4d,CLEAR,DAYLIGHT,DRY,DRIVING SKILLS/KNOWLEDGE/EXPERIENCE,2.0,37.5,2.0,2.0
0e5e77a66b74fdb90d063e532f73a209e5cdd03cad2a8a197a97ca79d507dbdf923275846cbb941fd0e83d7edb7e524beef4580053c1c592fcf5679aac9f05f5,CLEAR,DAYLIGHT,DRY,IMPROPER OVERTAKING/PASSING,2.0,32.5,2.0,2.0
0e5e86124f3323152282f726a6f6a12385cd4fcfa1568fcaa0fd6a55a9afd0dba1a8f5c8647b71ff5e060dfdf28eae838de58a4eb2eebe284990f2d8794e43fd,CLOUDY/OVERCAST,DAYLIGHT,DRY,"VISION OBSCURED (SIGNS, TREE LIMBS, BUILDINGS, ETC.)",2.0,31.0,4.0,4.0
0e5e8edcb137c593acd2db53fce37b8e9bc5375f4945f5bda388df66ec14a8092e0736d81a8a9ee8b55a1fd0014d8b9974a8d94008d189817e9dee4adc705d88,CLEAR,"DARKNESS, LIGHTED ROAD",DRY,FAILING TO YIELD RIGHT-OF-WAY,3.0,37.0,3.0,3.0
0e5eba21c41e565c3f11e28694d218ee948ddfd70cc6131ef8dde0f8c71a5b5293a4338a9f035dac900a092f17ceb0fea3a340dd5a0875fca56036ab02913c4e,CLEAR,DAWN,DRY,DISREGARDING STOP SIGN,2.0,19.0,2.0,2.0
0e5ec6b1dc61dcf5b4d58f4913888fc42b1b7285ea6ad5a580c8eed87bbabafa81217d569ab143634030f928c4cf82810cc98e6ada89bcd7b47eeb427842be33,CLEAR,"DARKNESS, LIGHTED ROAD",DRY,IMPROPER OVERTAKING/PASSING,2.0,23.0,2.0,2.0
0e5ec948a5229838057b365d1bd84b1f85f433e64a8e307cda9d0a640303f3793dd8fd9c5b9d32237b0dfd27595a3822bd223a212b8a21a42abad45b1d3888ce,CLOUDY/OVERCAST,DAYLIGHT,DRY,DRIVING ON WRONG SIDE/WRONG WAY,1.0,37.5,1.0,1.0
0e5ef3a15d9942b38e3ae840f458e5f13969c69676c8fa5955672aa7a3b97b94e1029573a382f9c3ed26e83a8039a31802aad9582ccace10f08d1051d7d8125d,CLEAR,DARKNESS,DRY,IMPROPER TURNING/NO SIGNAL,2.0,33.5,2.0,2.0
0e5ef483aec623db674892dc1c4b1986f8ce5077ff1e7858e6f4ad3b3ddeecab0e67c1b5170823ccd3c3944d88c2a10d2ccfe38ab0d558df8acaac529295d9d7,CLEAR,DAYLIGHT,DRY,IMPROPER LANE USAGE,2.0,11.0,2.0,2.0
0e5efb06d07ff5e474bdd889daf8b0d8e8e7cb692f2ca6b7cbfb37d72e0915885f102c68dc3eee970a8c1fed16c49869dbda60eaefd98cc99d41b4812f4bbf4e,CLEAR,"DARKNESS, LIGHTED ROAD",DRY,IMPROPER OVERTAKING/PASSING,2.0,40.0,2.0,2.0
0e5efe8cc9dd32b6b60e74a96d1ce5517e7472d81287766337f093647e3efe3600c7351d02ac235f543cf70fc1ac7d3567c76f321f278e5c6f18d685fe11ad60,CLEAR,"DARKNESS, LIGHTED ROAD",DRY,FAILING TO YIELD RIGHT-OF-WAY,2.0,26.0,2.0,2.0
0e5f0058dea169e72ccbe2c576a2621440c05e062060a7d91efb7beac17f764d13123f98f296c99a71568130b79a4697ed1323dd793f065ae19767b52208f098,CLEAR,DARKNESS,DRY,FAILING TO YIELD RIGHT-OF-WAY,2.0,57.0,2.0,2.0
0e5f667d7bf1933baafcbe1104819245096a2cbc9e1d91735f0b4dc1ec1490205de6ea4b140d625dd6da24ac202a3aae25d2c98636ad18f79cb60cfea2dccc04,CLEAR,DAYLIGHT,DRY,FAILING TO YIELD RIGHT-OF-WAY,2.0,40.0,4.0,4.0
0e5f7d2a60071b10dedae88e837f5b509eda56724a5721c0100aa3a59f50158a85568e638ac7895e36bcee2d8b07d2acf5b5816bb43ecc9bf404c80b3350cf74,CLEAR,DAYLIGHT,DRY,FOLLOWING TOO CLOSELY,2.0,34.5,2.0,2.0
0e5f8b5ed8cbe280619b293bfeb021b8a9083b2f4bceacfb7944ccdf6784c39a6b2b4e70586de31cbaa4b267ba1670a31bd79d95e40453892c8902608286ecc4,CLEAR,DAYLIGHT,DRY,IMPROPER LANE USAGE,2.0,56.0,2.0,2.0
0e5fbc14f39e410f26f8254b81dc8d08402ff4d233a9432fbd9c0c46bd1754cfc2960652faad74fe7ea19ed6b846d68bb355d703607552c74179bbcb1ac8b005,CLEAR,DAYLIGHT,DRY,FAILING TO YIELD RIGHT-OF-WAY,2.0,33.5,4.0,4.0