crash_record_id,weather_condition,lighting_condition,roadway_surface_cond,prim_contributory_cause,total_vehicles,avg_driver_age,total_people,total_injured
0e5fcb1b045a8579692361064e217ee039de1cd3fa8c770bc66e084909c175edbc937b6b88108889b8ecb18ccffd6d02cd0917e22f3f1c4c0048d5a45f23ed23,CLEAR,DAYLIGHT,DRY,IMPROPER TURNING/NO SIGNAL,2.0,45.0,2.0,2.0
0e5fcd303e69196dc5def081c9ea9b2a26cfe7208d9c9ea7731a3a8eb24bd7b6c94c739556630a80d53da982ac661d43c1bc87275c2ebc994c2166783120824a,SNOW,DAYLIGHT,SNOW OR SLUSH,FAILING TO REDUCE SPEED TO AVOID CRASH,2.0,47.5,2.0,2.0
0e6007654b18b58383c2f6a0133f669b5b61982650ebe993c19abb9b8ae342114f6ec27b57e556950e7e8d882215212119a9561742ebac862621d2a8ac353e9f,CLOUDY/OVERCAST,DAYLIGHT,WET,FAILING TO YIELD RIGHT-OF-WAY,2.0,60.0,3.0,3.0
0e600b07455af6d4e6e88265d943ceab85c601e024d7b9c092ceabe1b5d4ba451d47c7c66fcaaa2e07f08419fc178b55ced8fc100581c8372be18ece6ecc728c,CLEAR,DAYLIGHT,DRY,FOLLOWING TOO CLOSELY,2.0,30.0,2.0,2.0
0e6011938b776c7d9075390a03ca781adf83a98aac0bd96718f8fd2a9c73ed24601442fe87879184a629983847160df641c9957780a60fe2bc06cfb2539d4ad1,CLEAR,DAYLIGHT,DRY,FOLLOWING TOO CLOSELY,2.0,35.0,2.0,2.0
0e6027497ed7056e3bb61aadeb7ecf10afb4f777c62f36553ad00e9e724e1afba3a6c741eefcd931fa20e20cb5e8d544408c5e9fbfc0339b878b5f8704144a9d,CLEAR,DAYLIGHT,DRY,FAILING TO YIELD RIGHT-OF-WAY,2.0,37.5,2.0,2.0
0e6036ab8f9ab729be58b27e9d420fe04ea8f2c819559757f02fcf92e2c64449538480f874f1d0471c5d570ad7bca3fca9f522b1cfa4369e80085b750296ee45,CLEAR,DAYLIGHT,DRY,IMPROPER OVERTAKING/PASSING,2.0,42.0,2.0,2.0
0e605ca2046f07729ef8bacf0b416d6ac208acdf9bee57e8cf9afdfc5a4840a9bcef996e4d21f6dc8e4253dda777c18e92d43f3785ba88b5df175ed984f4c664,CLEAR,DAYLIGHT,DRY,DRIVING SKILLS/KNOWLEDGE/EXPERIENCE,2.0,37.5,1.0,1.0
0e607c88043e8e3899812e175cb1c4837b4ed0f6a8896002da22fac0fe38bf91e1760e58c672ef40ad03b7bb223959ba8470c3857521ef02acbedee93b6ff2c5,CLEAR,DAYLIGHT,WET,IMPROPER OVERTAKING/PASSING,2.0,46.333333333333336,3.0,3.0
0e608c5ed996051885fa4c85defd306b268049c0c572da86db1621cca44ae95353ed04ab0cb3cc6b571a3043183be765d05a90acc98d1d581fb96b54f9508935,CLEAR,DAYLIGHT,DRY,FOLLOWING TOO CLOSELY,2.0,40.5,3.0,3.0
0e60bbb878af7e656c2f3ad1b299f4ac76a8e5109544a0546e9bf1abac9c8ad61228a0b2732470d37e80f42a44af228a63e3367bcf2f356991c43e4d5be7fde6,CLEAR,DAYLIGHT,DRY,FOLLOWING TOO CLOSELY,2.0,19.333333333333332,8.0,8.0
0e60ce9d60ace2d1e5c0db74e7409e889601a5dae63dea85ed5a6bf5160ee64ba435ab46c8fc10325d3690823e1cdc8104be59cb9d04ceb9a58f5696dea6079c,CLEAR,"DARKNESS, LIGHTED ROAD",SNOW OR SLUSH,WEATHER,2.0,49.0,1.0,1.0
0e6106f4c96f89bdd72c2602dbdcc13abf51257f45da23f2e25ba1ae0e8003f2ffcb6c19811dfe079af93ebae1036d5bfcb165cb0176b32b8d64a70d959b9307,SNOW,"DARKNESS, LIGHTED ROAD",SNOW OR SLUSH,WEATHER,2.0,48.0,2.0,2.0
0e613855bfb1dfb298efa8c82c9cd91af7ef7c1bcfc82d13bfc5c019633888eb4a3338f5b7f75b42ed92e8a8fe124db9774d9913b2665468218b390f37ef2b21,RAIN,DAYLIGHT,WET,FAILING TO YIELD RIGHT-OF-WAY,3.0,43.5,2.0,2.0
0e6180848ceafbc7a5501b307c805306a760ff28dfb8a8706bffad3fe9334227d635da3c45d7de9d77afa9c9e0984cc2a6362f564943c50842a09103e06f1476,CLEAR,"DARKNESS, LIGHTED ROAD",DRY,IMPROPER LANE USAGE,2.0,34.0,2.0,2.0
0e61848bd585ede8b540b5091b4cad2a45622de5a50366e9932dfcebe46dda782ed4a230768683bc91e0b65c16883a28446ed7f9f996309b194dcf70ecb287c2,RAIN,"DARKNESS, LIGHTED ROAD",WET,IMPROPER TURNING/NO SIGNAL,4.0,32.6,5.0,5.0
0e6189d5a8814412cbddc27510b960fac03340be021d9857e44bcf358ae2d794f21798d49ce72c0f1199dcb181e3324c79bd503966ae2bd581d6903330146a01,CLEAR,DAWN,DRY,FOLLOWING TOO CLOSELY,2.0,55.5,2.0,2.0
0e618b3b2d3616a0ae08077a12b87e9a640afeab6161782b4996ba439499d5207ad08a3ba44ac0a87641c13abd483ccf916443c42744301ed8166ca1fdc6cce1,CLEAR,"DARKNESS, LIGHTED ROAD",DRY,DISREGARDING TRAFFIC SIGNALS,2.0,34.0,2.0,2.0
0e619845c1b24e1110e698e6a4cc0d4c257df48f8b15482c163482c81aed7ea921ba7d3bc1765c600fb673169f613bc54dd44f4e6bf621167e2941d3cad2dd73,CLEAR,"DARKNESS, LIGHTED ROAD",DRY,IMPROPER BACKING,2.0,25.5,2.0,2.0
0e62948d1343f4d8868f8730ee68bf342ce330bf18110177420103470cd449ee635223bd825a28fd46b6bb32ee93c595377e3d5b3b9573eac5f226500f2c46ce,CLEAR,DAYLIGHT,DRY,IMPROPER TURNING/NO SIGNAL,2.0,34.0,1.0,1.0
0e62d2380915707f20bfb67c1aad80d4a6c56a4d790c0e18cead792c45683bd8497b73d2f6248ea6ca77a76913745a87eadde6715db1c64d727b0254571356b0,CLEAR,"DARKNESS, LIGHTED ROAD",WET,FAILING TO YIELD RIGHT-OF-WAY,2.0,45.0,2.0,2.0
0e62d2e8f311600a0e43ed1dea4bf9fb2275541b6b6c12710af11fdc3ce711e5ae714e4a0ecb05ec500f62c9e721d13466fb74b825a7e20a5d0154a715f64a45,CLEAR,DAYLIGHT,DRY,FOLLOWING TOO CLOSELY,3.0,34.8,5.0,5.0
0e62d8284e9a115e44c4001efa876cef51082eeb8cb51603adfa04e9c7ec6d88172bf55ada2aa3f587233b88ad98e59d03a9fda5f2d1ee5262dd2e7c0d6c4200,CLEAR,DAYLIGHT,DRY,FOLLOWING TOO CLOSELY,2.0,25.166666666666668,6.0,6.0
0e62e126646d3ef130958ab7b2955f857eff1772187bef4e864908a0c7d7073db0a846bc5640012bd7b985117a6add367b9bdddef6a01a553b0d1757da0fcf59,RAIN,"DARKNESS, LIGHTED ROAD",WET,WEATHER,3.0,23.0,1.0,1.0
0e62eebdce88cbb37e9389174a1c64d5f6b8490251b5558be4f6e7c78c17f085485746cee5afc7875006711efa6e2a35ec3b7a6057ef32a4384d62fb06a24709,CLEAR,DAYLIGHT,DRY,IMPROPER OVERTAKING/PASSING,2.0,49.0,2.0,2.0
0e62f0ba5f2d83860e4c1213faa768dc18e6208941abf93b77138b8e8b2ead25f1ad7f51b0fc3e8975577c76ddf98516acaac2a8e85407e0452b5378d7c36b8e,CLEAR,DAYLIGHT,DRY,DRIVING SKILLS/KNOWLEDGE/EXPERIENCE,2.0,55.0,2.0,2.0
0e6303e52a70a261e23b692c46b6cb8a1815e8302672ae48eaf0e9a24ed7bee8ca3a345d735c8d52532583922ca3fb657fb63823a822ce3c159fcc3fdf1e2a1b,UNKNOWN,DAYLIGHT,UNKNOWN,FOLLOWING TOO CLOSELY,2.0,27.5,3.0,3.0
0e6330180d4c8a760f06e5fd27a6d6649591e3531aeea1d862f4629029f5431de1ab14c737ee3312e14f6d033a504ba9e59369860a7aa7c959f8ece85b4c3dc5,CLEAR,DAYLIGHT,DRY,FAILING TO REDUCE SPEED TO AVOID CRASH,2.0,42.0,3.0,3.0
0e63353423b2640111f22d88a14d835f665d097adf5e861e768842b0652316ce7c6d464f7ad27fbd287981b39a5fd2c73cc16c77b6cd3ae5e58292dca024d1ae,UNKNOWN,DAYLIGHT,ICE,WEATHER,2.0,36.0,2.0,2.0
0e63623a934efd69c9da43036bc72daa49667bff63dbe350d33687b343f6f04ba4e367c42051160ef7d61ee8c577120d71340be19fdf99fd071dc63b03d76027,CLEAR,DAYLIGHT,DRY,IMPROPER OVERTAKING/PASSING,4.0,48.5,6.0,6.0
0e6370fc7da5b443013e9a1c5d93386fb0c1386562dc853311a6fe981638426a9f4fe96a267c63095cc78570441b07beb3eeb8d1747ea5edc618f68df0f8fe48,RAIN,"DARKNESS, LIGHTED ROAD",WET,DISREGARDING OTHER TRAFFIC SIGNS,2.0,27.5,2.0,2.0
0e63835bafbab2b1129291851e733ff8ecb4af5f9170f223dcdef0e45830518fb68ac7242a04753565bafdbf277819194e9ddb697ed4cbac3d8e891b07188af5,CLEAR,DAYLIGHT,DRY,FAILING TO YIELD RIGHT-OF-WAY,2.0,28.5,2.0,2.0
0e639a7066e27b23566f394d6a42e2edb9ef80689f58981ddf951575965f0feaafe2642a8533e0b5ed32c3cea4ac14c72a7661ca69145546de2f93a75f8e6127,CLEAR,DAYLIGHT,DRY,IMPROPER BACKING,2.0,55.5,2.0,2.0
0e63be4c0e3abffb1d927792744d567cbe20b36fc0eb5097a5f23c7beeb8c5e97f448cad7d55f02e2ec6b5f5004b0ebd6ed76518164604324a876115ffbd1abf,CLEAR,DARKNESS,DRY,FAILING TO YIELD RIGHT-OF-WAY,2.0,20.0,2.0,2.0
0e63d38b736a0d809a6eb09623384218d5c45d21caee69cf5228243cadd50252de2b0ff8a0f358c2df1f0cecc63f1d3b5d332ac7cd9985d0c33492b3c80ebd4c,RAIN,DARKNESS,WET,FOLLOWING TOO CLOSELY,2.0,22.0,2.0,2.0
0e63d8f85b81224bb9bb4e7feba0756dd0b3a30c76505c69558821ed31ce170b98541af672f6a2858155c634cb48476b459de2bea2979582c0dec0f0e5599584,CLEAR,"DARKNESS, LIGHTED ROAD",DRY,FOLLOWING TOO CLOSELY,2.0,45.5,2.0,2.0
0e63fe4152fec9627cf4f49d271fc957176cfbca020e94857f642cfd540db47682287f95ea0ed19ba35d7755b4accc708924660b05bcb0964424464ed4f153c7,CLEAR,DAYLIGHT,DRY,FAILING TO YIELD RIGHT-OF-WAY,1.0,42.0,2.0,2.0
0e642bdedb6734ba2ed20d9fdb04f876a6f2f1940b5d549f3b7bab320369198e2d8a6b6fde657637d428a272eea775cfa7cfaa22e0677ff0fefdf0ffdde4458e,FREEZING RAIN/DRIZZLE,DAYLIGHT,WET,FAILING TO YIELD RIGHT-OF-WAY,2.0,27.75,4.0,4.0
0e643dc9609024fbbbac7d3f16ef7d050261fe5e58df3923f6f71016381203605a4bdaf965c5880fb7abadb5dee40599768dc03c70584c2378b6c443eed2c496,CLEAR,DAYLIGHT,DRY,FAILING TO REDUCE SPEED TO AVOID CRASH,2.0,37.5,1.0,1.0
0e64513bdb1237bf6c60518a0f6ea07a5fd7d6001f107095089a2d6bbee6d05b559026692e1f2dad7beba5acd9871759876079e6ee5a741d88a49d2b2e8c3e1d,CLEAR,"DARKNESS, LIGHTED ROAD",DRY,FAILING TO YIELD RIGHT-OF-WAY,2.0,29.0,1.0,1.0
0e645e7f8c25b6687edce44a4fb6bf64418ddd24046db5eb9868ef70510d5aab98164564ed5e247efcacd17c8bbab654a6bbf439f4a47b13f4f869bb5b3078f5,CLEAR,"DARKNESS, LIGHTED ROAD",DRY,FAILING TO REDUCE SPEED TO AVOID CRASH,2.0,37.0,2.0,2.0
0e64701ab66373e558116df5d6f7f6a474cd7f4da3c487a08a5793a1557366daf48d3d851a3dbcd5f00af918884f655a9bad03e426e616f571377b8730a7b390,CLEAR,"DARKNESS, LIGHTED ROAD",DRY,FAILING TO REDUCE SPEED TO AVOID CRASH,2.0,30.0,2.0,2.0
0e647021f16af7c60153d1f0ad005f876831607de8ecdacd012ce247190c59d0a89d458f2ae975dae0e9699c48f603febabd70a28cee8661ffae0d5c354d4a7b,CLEAR,DAYLIGHT,DRY,"VISION OBSCURED (SIGNS, TREE LIMBS, BUILDINGS, ETC.)",2.0,28.0,1.0,1.0
0e64789e6a3a4358c89124008a6fa7768df58af936c8bd701b0d726f8a4b67c75f7e6aaeead94bb45d1960bf605f79ce702061719712ac0cbadc3d5393baf941,CLEAR,"DARKNESS, LIGHTED ROAD",DRY,DISREGARDING TRAFFIC SIGNALS,2.0,36.0,2.0,2.0
0e647bce730eefc89abf6e90401e526737ac01e5b1e5320b69c50fbba1c931ef8af15da68b3ecf22e959ae9c3ad2aca199ed315f9db62440c19f980a4f114b29,RAIN,DAYLIGHT,WET,IMPROPER LANE USAGE,2.0,32.5,2.0,2.0
0e64c8fd841ff3894b9f20f20a09aa9f69a75f88f067806a4f97cb020bae36965b0a8d8e70a88e476c51fbd8cea35b1a4a04d3cdc0ada9edf990e5d9ff091e9f,UNKNOWN,UNKNOWN,UNKNOWN,FAILING TO YIELD RIGHT-OF-WAY,2.0,63.5,2.0,2.0
0e64ffa678205471faff6a740091eccf0b912c1920d6aa2914d5cfbc76d87d9a950fc660681054252b1257cc7eb745f3e73956a34ec3c2a128596ee986cfa54b,CLEAR,DAYLIGHT,DRY,DRIVING SKILLS/KNOWLEDGE/EXPERIENCE,2.0,71.0,2.0,2.0
0e651afd547cb5da26e561feab68a73f21ddf9dd49a90931c9e542f560ec47332205a49dc3d7a91d7c6710014f6d47ccf3ade0b7611ab9bf4bd869740c42016f,CLEAR,"DARKNESS, LIGHTED ROAD",DRY,DISREGARDING TRAFFIC SIGNALS,2.0,24.25,4.0,4.0
0e651e0d0d0b9d5ab11963e19eb99d1d2dbf0f4cfb164dc1cc9e4d7843d29eb3d175e8869b91494ecf5e532fc2b12badde04c51586e3e78f6ec4f949167750fc,CLEAR,DAYLIGHT,DRY,HAD BEEN DRINKING (USE WHEN ARREST IS NOT MADE),4.0,51.5,4.0,4.0
0e652b276a555f78432a92ef9c2b9d8591ecf56e3c553101e7b3365a1ab3db4d0b838bbde64b26de0a6067b40095db331f87d811b7865c3b853cffccdafc2a5c,CLEAR,DAYLIGHT,DRY,FOLLOWING TOO CLOSELY,2.0,38.5,2.0,2.0
0e652b79299745805405a94ee0b2f2e312a9083426548d1b04bb8d78da789b2d1b64898edca8d430db94eece01cf5fa6f52830b5d49fba142efabf0543aa9465,CLEAR,DAYLIGHT,DRY,ROAD ENGINEERING/SURFACE/MARKING DEFECTS,1.0,30.0,1.0,1.0
0e653a0e4f1463726ca026b8109065967bc10aec3a234aa77a5a2c8e1bff84ac9222a630a13a65cdab0d64d41e69fc2652947d586c8bb63e549c724fb206262d,CLEAR,DAYLIGHT,DRY,IMPROPER BACKING,2.0,49.0,2.0,2.0
0e65596f20f1da36771a5c04623d9791953905696028c8d326e38effc618c1602dbefb1a404979521d7bad6bc6109f9a8e035675bf112957a64c5aac59a9a941,CLEAR,DAYLIGHT,DRY,FOLLOWING TOO CLOSELY,2.0,35.25,4.0,4.0
0e6569ea3b1d737a4e885de72da95d2f110cd319e71bab3528c79043ea190f72ee33a14851a4ba4e0590b03c5e0fd249792c7a9315c37ec470ca7a1c5696f00f,RAIN,DAYLIGHT,WET,DISREGARDING TRAFFIC SIGNALS,2.0,33.0,2.0,2.0
0e6588dd8cff36deb175821458de2efb52fad7d3538476606600ee2d1c3a84b0c8cecc0132a79eab7e6749390c280b9714e75cf500a48570976cd47aa4c0e7e3,CLEAR,DAYLIGHT,DRY,FAILING TO YIELD RIGHT-OF-WAY,1.0,71.0,2.0,2.0
0e659e6cffe2b3737af2873447855f240c497322c858f7b12787a39972496589ce8b2b84782df90e861f88314175767524a80f3dab3880ed13fed5bfee23a47b,CLEAR,DAYLIGHT,DRY,FAILING TO REDUCE SPEED TO AVOID CRASH,2.0,38.0,3.0,3.0
0e65b221f0694de6fdb2832255e7bce68b45441dfd9310a1035926d732fcba21dbca96d877a22fb49852a9f255fabba05681460c680ba9cd7aeb66a0e861ed03,CLEAR,DAYLIGHT,DRY,DISREGARDING STOP SIGN,2.0,28.5,2.0,2.0
0e65ce37311f0c645fb6029810eefae29d3e884fa25e8d64dc350719ee4b3eb76200e05486c70bc9836a0f214176bd05df3bf32bb2946a3cb29e7f502e50df10,CLEAR,DAYLIGHT,DRY,IMPROPER LANE USAGE,2.0,54.0,2.0,2.0
0e65e723365da42ebfcbf8bd46c3a6874728a52afd7a5297b6ab775ab118d450cb7630a91ad00f5cdf1ec1397cdad596a3aba4443a861be7b0e5dc30cd4ece55,CLEAR,DAYLIGHT,DRY,IMPROPER LANE USAGE,2.0,37.0,2.0,2.0
0e662cb7eb3ebd931ffda98d83bbbf0ed742ed960f45fc0a33e97e1352d09ee9437fa4b62d225f053e67b1d32ea8e9056afa8ddd77e768dc6f5496d974c46299,CLEAR,"DARKNESS, LIGHTED ROAD",DRY,IMPROPER TURNING/NO SIGNAL,2.0,21.0,1.0,1.0
0e66367025026d0d8081e1eb3e58e8917aff09c89e0da9357bb79590242fbadc0ebbb77463022afa57e76e82f0a36f2db376ada2b9e35e2a2fc3ba0442c50d5f,CLEAR,DARKNESS,UNKNOWN,IMPROPER BACKING,2.0,48.0,4.0,4.0
0e663c5b7f5acf08eaaa1fa12d0da677ba955a50ebd736698014ff8dbe58226e3649f8f7fa7cb1edfe502095f5264ca05633863ca7801827b9604f898d4ed337,CLEAR,"DARKNESS, LIGHTED ROAD",DRY,IMPROPER LANE USAGE,2.0,37.0,2.0,2.0
0e6651e36892b9c8f7d1672db465670e926f5ca73ed50c2fe44a07dd8785cdd211dfec8c9c943c2af53fbc8b8e8ac27fcf36ea5870d12608ac7f3b7d566f745c,CLEAR,DAYLIGHT,DRY,IMPROPER BACKING,2.0,36.5,2.0,2.0
0e667d53b4ddbee9a59a45535013bf16e0a18f83b559efdc59bb8f01aaed811262c1d77a435075a4b505f3e5dbb58d2d577dcd9ab1dd88861e875d451173685f,CLEAR,DAYLIGHT,DRY,DRIVING SKILLS/KNOWLEDGE/EXPERIENCE,2.0,30.0,2.0,2.0
0e66ac0f9f3a67d9a686f54c9ec7d8c0e324877a084bd2a3f955ed78b9bc97027088d3e7f50bea00f3646ad3b15927c2799fdcd41306ec57799d2180f6c97045,CLEAR,DAYLIGHT,DRY,FOLLOWING TOO CLOSELY,2.0,51.5,2.0,2.0
0e66b0ff71957b086714927b866bf0b1c274c340408a0829f0d93f5264c43e7e91d0aab9e13568a896ad93742fac1e9e94a3653cc9f9feb8fe729ffe5fd00c23,CLEAR,DAYLIGHT,DRY,"OPERATING VEHICLE IN ERRATIC, RECKLESS, CARELESS, NEGLIGENT OR AGGRESSIVE MANNER",1.0,40.0,1.0,1.0
0e66cdbc496dc80740e7c3eb4c1512327b150d82e3510678ad25f4ec1f7f1f7f4c643b3df7a6eb325f70326922c6bff36eecfdc4c103c115b413999d10280cee,RAIN,DARKNESS,WET,DRIVING SKILLS/KNOWLEDGE/EXPERIENCE,2.0,49.0,1.0,1.0
0e66f29d423b41e2ed17019e44dacb69de5f8d991f245131338d14413239d40e00a17e81d2d9876a2a4022901299f2b9ad878d74a770fb64a44241dce8639736,CLEAR,DUSK,DRY,FAILING TO YIELD RIGHT-OF-WAY,2.0,67.0,3.0,3.0
0e67109f4e1b8a260e8fdcc0061625068065379388e8b632addbefdf3219cbeabb7e54c86b715241078044f9bd8d74ace15f3f44364b5b8b8fd7ac083bf680db,CLEAR,DAYLIGHT,DRY,FOLLOWING TOO CLOSELY,2.0,37.5,2.0,2.0
0e672a2a435ebbcd66ac439aeda0c5f2e34ec0fcc724faa6f1747faea5b66c7b449fc7c83b9fff6870018e5e069f0dba2300dd3061b2762ef462ff42698d25e1,CLEAR,"DARKNESS, LIGHTED ROAD",DRY,DISREGARDING STOP SIGN,2.0,29.0,2.0,2.0
0e672e94bc6aa829f69a0e5f287132fc4ed61be7dc3f82ab4398f3c0af3565cbf3d7a6d97f324097b57e9826d7f4cb299d883d00f59f4ef9b037280e81400897,CLEAR,DAYLIGHT,DRY,FAILING TO YIELD RIGHT-OF-WAY,2.0,37.5,2.0,2.0
0e675e7475ea124edad886b8891aa5ade28e4b1391e2b017f3424fa744ec449cf432dfab2f3a76f9b8c5b4d6c099e93949a64d3e829376cc9696ce8490b35066,RAIN,DAYLIGHT,WET,FOLLOWING TOO CLOSELY,2.0,28.0,2.0,2.0
0e6765dc0c530c1e1625421ca60fa0d7e3c43ae8b51ca8e0240be0939c6afd7d74d2b6daf2484195eb2e5d4671201d283d73101114d7a82bf06efd4c55ed2faa,CLEAR,DAYLIGHT,DRY,IMPROPER BACKING,2.0,45.0,2.0,2.0
0e676bcda58bb5f1101f4ea7ab80a665d1a04c9b839c3781abd6aa3f28c4a22fc9086a85a360b06d25af6c4cc60c87dd6f3c76c3bcc3b4941a177298c8daac5f,CLEAR,DAYLIGHT,DRY,IMPROPER OVERTAKING/PASSING,2.0,37.5,1.0,1.0
0e67854b6d708e05d49d063e9961147c0feb5b13a93da9156828a5b04e41cde650d3ab65269a7d6f127fff61997f0c18bc8220de0736e5a61dcacc93f0a6c0e4,CLEAR,DAYLIGHT,DRY,FOLLOWING TOO CLOSELY,4.0,25.0,3.0,3.0
0e6792ce98e1ec7a8e925f5f69628174bbfb59d88c6a621c3195a648e63820b1827ec1420109e24d95c736dade8379d08f7f6173f133dd28ca72216df3edaf8f,CLEAR,DAYLIGHT,DRY,FAILING TO YIELD RIGHT-OF-WAY,2.0,45.5,2.0,2.0
0e6794c3c6f8383ae2fac5f50377f2e191e7bd41bfe98f382710195cce01ab87b0910d7fedfbc49d27bc2797a5f960fff5da11d5b7c858d3ceaad9181a168cf2,CLEAR,DAYLIGHT,WET,FAILING TO YIELD RIGHT-OF-WAY,2.0,25.0,2.0,2.0
0e679cd1dbfa38a4f44b2508ef0bc055104033a6a82d055430360cf0a18b8995e499699effd92292fce619d382caf53788eba5753a3c7506cd1fcd48f7ead58f,RAIN,"DARKNESS, LIGHTED ROAD",WET,DRIVING SKILLS/KNOWLEDGE/EXPERIENCE,2.0,37.5,1.0,1.0
0e68290424f3a7116ceb6f85eb4fb7b4d991a3c69e05e836ce4fd3c7a312f27b1663b19ea790290152c18830b45b41764cba38cca04b9c7067346f96e7359347,CLEAR,"DARKNESS, LIGHTED ROAD",DRY,"OPERATING VEHICLE IN ERRATIC, RECKLESS, CARELESS, NEGLIGENT OR AGGRESSIVE MANNER",2.0,31.0,2.0,2.0
0e682de4fac036570d7fbc13bce351e9b59675ff31b1f361658cea87d564842f96a5a3f11dca9092c6179088ff4009f301a6939de16af19ba63ac2b22684383d,CLEAR,DAYLIGHT,DRY,FOLLOWING TOO CLOSELY,2.0,37.5,4.0,4.0
0e686a542f5e736fc142ccfc9bf8e724e58a6d390da9841d59f6c9cd6acaf239784956d4266155ec71ecda866c43df2d6e64ed4563c3e3ef021530c11449f541,CLEAR,DAYLIGHT,DRY,IMPROPER OVERTAKING/PASSING,2.0,49.0,3.0,3.0
0e687bc4f4214b341cd60bd6c854995967ca617da7ed8639399a77efac09a81863a29f8d6cb0e8fc8bd1db6c5d2af1abb27bd96e33ce4f0c7e79d7b0bbdd7679,FREEZING RAIN/DRIZZLE,UNKNOWN,WET,IMPROPER TURNING/NO SIGNAL,2.0,43.0,2.0,2.0
0e68a4ca441aa7269ab61685ff6ccd3664816494c9872371384cdc9ccc17933c8803ad765d21d2c4f9cd68cb5c1f456193126b693d42be38631826b4db1921a8,CLEAR,DAYLIGHT,DRY,IMPROPER OVERTAKING/PASSING,2.0,27.0,2.0,2.0
0e68ae47ce701b415a4b7ce77cd36535797669e303e989273f0a57a89556c3af77f430bfb15fe6893141ac29444d7e1c141d9190c5141ee143537433d1dfa8bb,CLEAR,DAYLIGHT,DRY,FOLLOWING TOO CLOSELY,2.0,22.0,2.0,2.0
0e68b7a40c195add39dcf21d02c8ace11a8ed0e16dd8b6257fc87914e5f62c82c9884956023bd2ed873dab3c3e5525b2d687082aef80c1f9d99529dcf9f31d0b,CLEAR,DAYLIGHT,DRY,IMPROPER OVERTAKING/PASSING,2.0,27.0,1.0,1.0
0e68bb6e26c69a6205d232e3a705aa92018fed19a3249ab7a7af3576339772f24f397361b4347588ffb8afd2056c602376c3d288458e97428afe74129dd2b145,CLEAR,"DARKNESS, LIGHTED ROAD",DRY,DISTRACTION - FROM INSIDE VEHICLE,2.0,49.0,1.0,1.0
0e68d2bcd47e6610d36e61b687f5a2472833f1dd136d9a7e585ef355fdfad8addeef4cfb7969f34a470a85a4d5df6a18ee11e35764db14cd344f3057d2e327d2,CLEAR,"DARKNESS, LIGHTED ROAD",DRY,FAILING TO YIELD RIGHT-OF-WAY,2.0,30.5,2.0,2.0
0e68db7bbc7cd084ea48639cd03f792800b462af4d99175259bba15608c47c0da522e8629689bb5d716a2b2b1fc24591dd10a49716ac062f917b6334a5f5f2d6,CLEAR,DAYLIGHT,DRY,FOLLOWING TOO CLOSELY,2.0,18.6,6.0,6.0
0e68e4282f2a72c6d2d4ae6d4da7885ed4c901a638cfb62107a6dbc6c14099c0c0a3a39e9409c3e23609eaf037d41b9c9b89361d9f20e8bbca33c483b913f04b,RAIN,DAYLIGHT,WET,IMPROPER BACKING,2.0,23.0,3.0,3.0
0e68e5aabbd27d155c4cc7707ba245a73e03d4d985dae711f2b1017a58fb37444e41a2e44bebfafea70f140b7b97d93143dba16caa676e331526584fde07caf1,CLEAR,DAYLIGHT,DRY,FOLLOWING TOO CLOSELY,3.0,55.5,4.0,4.0
0e68fb3c39aec3273c6838b237cc419af87e5ddaaab6803da1fe017393f099df0b19a5bbe20a28543ebbeba647798645b3dae20f93cd42c611fc84f7d881d553,CLEAR,DAYLIGHT,DRY,FAILING TO REDUCE SPEED TO AVOID CRASH,3.0,36.333333333333336,3.0,3.0
0e696bf1fafe8a161a5f1449178d0d593927e28ecebcac85b3e7a1d3a052a61ed88e0aea5f4954fcaf4825a7b6bad028dd522ab492c4ebb6098a513eeabd3def,CLEAR,DAYLIGHT,DRY,FAILING TO YIELD RIGHT-OF-WAY,2.0,37.5,2.0,2.0
0e697be7ed068dd1694c169f3433fe146ce1a86eb83f9b2e8229798fe4fefca917afc0eb3a020a2f8c6e01d38de87bf4ceb97c27219423afeca56f63674c5c4a,CLEAR,DAYLIGHT,DRY,IMPROPER OVERTAKING/PASSING,2.0,77.0,2.0,2.0
0e698aea8dd8db120bac7ed4e73246eda6a0bdd1d651176bfa554bfa30fe193bdd64d4208e200b3c8e1507e08219fda765686f2c01fdaafc48c2d4a84c555205,RAIN,DAYLIGHT,WET,FOLLOWING TOO CLOSELY,2.0,35.0,2.0,2.0
0e69a505a86fc2b9712a54fb821ff0b844e3d8358f7e637a0843478c42e41034a4ebcf494f5d4c630cb4773b180f1a6cae9585b90bbd37c53fa8629e864da0dc,CLEAR,DAYLIGHT,DRY,FAILING TO REDUCE SPEED TO AVOID CRASH,2.0,30.5,2.0,2.0
0e69ca5b89c35a7d5320fc7eb7bc01b5378b512a9bf0648343d0490876e828bebc7b0d3d140844d8b2b2bb1403f7627d84717db53e23433b8eef54078b4544a3,CLEAR,DAYLIGHT,UNKNOWN,IMPROPER TURNING/NO SIGNAL,2.0,25.0,2.0,2.0
0e69ec8ea22a2f6732a061dc1a02c6a5d57d7a5ec6ce1dd7a16a9ff71bdd4bc214a5b53b30de684954e9cc72a8aba4c3750f39eabc33364ed682a67132e383ff,UNKNOWN,UNKNOWN,UNKNOWN,DISREGARDING STOP SIGN,2.0,47.0,2.0,2.0