crash_record_id,weather_condition,lighting_condition,roadway_surface_cond,prim_contributory_cause,total_vehicles,avg_driver_age,total_people,total_injured
0e6a10d202135327781e310d184c941f3c8d1da5b9598ade998084cef93411c314c69198f549ef51cb869f471c9587bad0d4fa1f416d29d04d79d815a8508934,CLEAR,DAYLIGHT,DRY,PHYSICAL CONDITION OF DRIVER,2.0,51.5,2.0,2.0
0e6a87ef8f97e3df587daf68abf5923778e613295ebb6aeef91691abc1448947355efed4d03765c4dcf64a5dd9589f676c58f5efeaba34d8af0eb8320edbc447,CLEAR,DAYLIGHT,DRY,FOLLOWING TOO CLOSELY,2.0,29.5,2.0,2.0
0e6a917ee07271f15bc8dd6d72963226d24bc1470561279d9b2cca696750193a31d7fc9da552d46f427cf2cce76992070129c26b87996e0e25a98ef4a8cd8d06,CLEAR,DAYLIGHT,DRY,IMPROPER OVERTAKING/PASSING,2.0,56.0,2.0,2.0
0e6a93ea9818a5f0148972aaa68b0df1cc568449cb98b61c6f68eddc5eaa17e279c0d142b33b7a25fc25486578eb9954bc2e3a4247b0737c068ad1cbd561f2f2,CLOUDY/OVERCAST,DAYLIGHT,WET,FOLLOWING TOO CLOSELY,2.0,56.0,2.0,2.0
0e6aacbcce329bacd34fe8c0310e7ebae8d421054099a8b029c37c882288b7ab064166db1f2029ee916a37fafa89b6adc4fb622f727ffa67b57ac12d7ec75ee3,CLEAR,DAYLIGHT,DRY,FOLLOWING TOO CLOSELY,2.0,54.0,2.0,2.0
0e6ab477caa266ecede8fd06f0d3183ba0144183f2815362a67e6d1dda4012de97605e2c61827e119659df9c1779187866fe7e8458cdcf7e4655ceef7d0781fc,CLEAR,DAYLIGHT,DRY,EQUIPMENT - VEHICLE CONDITION,2.0,29.0,1.0,1.0
0e6ab60e63a819eb2304e97b9c3843de0f96af5e12d1af7d736e715b58df42d0f70a026734b1b1c2cb88875ee46751a7b5863a1f504eb924f09ce449cecba283,CLEAR,DAYLIGHT,DRY,IMPROPER BACKING,2.0,37.5,1.0,1.0
0e6ae22e2b40edd11002b1478ffcfdcbf69240fc3d29ec9bc2b2d4daf1f526c16bbc632cfa28611b7198ff950406330c7705c8393f9d1774466d7ec9c935b765,CLEAR,"DARKNESS, LIGHTED ROAD",DRY,FAILING TO REDUCE SPEED TO AVOID CRASH,2.0,51.0,3.0,3.0
0e6af01a1ebf5591b70376fc545b5b942bc47256d12b4728a0e36eab6c707ddb83d5e08ce65a2d0602a1b67129ea8ebc16ac96ff0fc9eba3ecb1a7fa91856f92,CLEAR,DAYLIGHT,DRY,IMPROPER OVERTAKING/PASSING,2.0,23.0,2.0,2.0
0e6af4913aef118da844cbecc5510e025c4ba57552ab7eac84b508efa0f4254afc48485d4e514c0e51dcf223d8f2dee3cd3b56fa0dba02c0a3d3bd63258c51f5,CLEAR,"DARKNESS, LIGHTED ROAD",DRY,FOLLOWING TOO CLOSELY,2.0,64.0,2.0,2.0
0e6b303f59e91a2a186a93280c68bcb870862a8cf8dcd529992381ce752eed15aea10bd4c28188d4aed80c939dc5f1df87da156e9cf340a032d06c62312cf74d,CLEAR,"DARKNESS, LIGHTED ROAD",DRY,DRIVING SKILLS/KNOWLEDGE/EXPERIENCE,2.0,49.0,3.0,3.0
0e6b4e78e1c9009ecb10b32329783b096388924da8b05826ae500510c9aaf866148cd37faceae58c3bc43dca79ccc53f13214e28f1d679247804e000c2a067b1,CLEAR,DAYLIGHT,UNKNOWN,FOLLOWING TOO CLOSELY,2.0,25.0,2.0,2.0
0e6b5b3d9161a56cec904b17c82501f2775db7c70518b52597406f1340e34c9fea36a78e5f9ead5322d285796ebd6ba9a2a798ab26c3170867604bf987b48cb8,CLOUDY/OVERCAST,DAYLIGHT,DRY,FAILING TO REDUCE SPEED TO AVOID CRASH,2.0,40.0,2.0,2.0
0e6b6323c3d7a510b6b8f71854c2befed6ffe303db011a5bb0a9404afea23c6c0a97818b6c4a35660a14b9feca7ff08c32b074e55744664fdd0c3a4628ad1423,CLEAR,DAYLIGHT,DRY,IMPROPER LANE USAGE,2.0,42.0,2.0,2.0
0e6b654efb09e76163746de8e087523187e6f9938757de6be8a345d2e6658bc3e125d1769e16e9a155d52313b807c5d3f5511b2d41554c21e5fdafba9565a807,CLEAR,DAYLIGHT,DRY,FAILING TO YIELD RIGHT-OF-WAY,2.0,54.5,2.0,2.0
0e6b74ea27f26b2d464465effb8b1de3e55097f4d8c2464f6625c1e65e00ea8d75eb1629c4d0ad4a359ebbeaed04478f4890398808704f7080363fec85a8ca0c,UNKNOWN,DAYLIGHT,UNKNOWN,IMPROPER BACKING,2.0,43.0,2.0,2.0
0e6b7515b5d1fb183fb985cc6944a92ffbce80a79f9e27eceaba746cf6db52f39284008c6a07ed88938ded5bf5078a1c5c0bed14b54c4607e6366592b953fcfe,CLEAR,DAYLIGHT,DRY,FAILING TO REDUCE SPEED TO AVOID CRASH,1.0,58.0,2.0,2.0
0e6b8e4fb8928f763f3bf194901177d43450e1a5e3329c01f775292420fdf09513e54ae74078009619acfbc89278d095c9157a0eba0eeb2953c657d0270fa14f,CLEAR,DAYLIGHT,DRY,IMPROPER BACKING,2.0,22.0,3.0,3.0
0e6bde90ff80b9d588b48157a9ba746079148f013bc293e80f798678bca5ee1d492f197cf7c34411fa6f07df0f8921cbcfd8c4b9fa0d89fd81974542dd9fa7f3,CLEAR,DAYLIGHT,DRY,IMPROPER BACKING,2.0,39.0,2.0,2.0
0e6c06d963922bc6ec76ff9580e271e0b5f0891cb2aeda67bd1444f6dda184252dd875c501e145eb0dc91823bf3cf6ba4ddb15857ba7478821ea0e0e9e660e29,CLEAR,"DARKNESS, LIGHTED ROAD",WET,IMPROPER TURNING/NO SIGNAL,2.0,24.5,4.0,4.0
0e6c545989c9c2ed52589898ee6ad125cd5546e53df4c9d356a621f1f3ee43f4ad829b7710778ab544268ba63036f212c50ae90b59f9c476304790fdd350b5ed,CLEAR,"DARKNESS, LIGHTED ROAD",DRY,IMPROPER LANE USAGE,2.0,45.0,2.0,2.0
0e6c5dda957654387b2bcc8acf7ade7a13a6aa0c2ccdb727dde423f2b0182c01842b185d88f9428aec9881bcd7d92d46b171a3f63c985fbfc88347f938d4b461,CLEAR,DAYLIGHT,DRY,FOLLOWING TOO CLOSELY,2.0,44.0,5.0,5.0
0e6c73bdb37dc53238f70c4b8e073f904507b84c0ab2db2b06110fccaea6520aed3885a3d43263a7fff8f00e5cbb565d9f8ea36fefd33a9d536a640624144d6c,UNKNOWN,DAYLIGHT,UNKNOWN,FOLLOWING TOO CLOSELY,2.0,53.0,2.0,2.0
0e6c87c12b486f99c2835d68e6282ff9ab2c14172ee1ee1be407cfcc175e0fed6abc1f871fb3c2484b0872ec8eba61e80becadfe88faf9e8868f3d09a4c08d52,SNOW,DAYLIGHT,SNOW OR SLUSH,FOLLOWING TOO CLOSELY,2.0,36.333333333333336,3.0,3.0
0e6c9d287ab8f08f2b8a6b7be8ce6210a80db6ffb5e54510133e9acf8e4c08dc3306df5513eb0cd2ff401f3767cb4512d24e8b1dac33cadee27354c0765a4468,CLEAR,DAYLIGHT,DRY,IMPROPER OVERTAKING/PASSING,2.0,36.0,2.0,2.0
0e6cb580efe692fdcc5405db4f8434f9543e5550ba4b59a75671db76a9c9b5bab42322f671c89c06b1b95279b0e02f74eb540d2a81701d242faa84fa68cfdd59,RAIN,DAYLIGHT,WET,FAILING TO REDUCE SPEED TO AVOID CRASH,2.0,56.0,2.0,2.0
0e6cb6dd11846a5f4e1bcff981209400120ff56b914fa9f2fc0694ccfbb8d7e8b2640bc927ae23c3a01d543a1a1485196426dd611fa96e5e3a046541faa451ad,CLEAR,DAYLIGHT,DRY,IMPROPER BACKING,2.0,31.0,1.0,1.0
0e6d3ad378704925ec7a9e42a4266438fc4cf11d3fccad61d0aa4aecb29782f829fa8e311a14296d425cce7aae661d1b40c58b4b0bc499d42773c5eb615b9b79,RAIN,"DARKNESS, LIGHTED ROAD",WET,FAILING TO YIELD RIGHT-OF-WAY,2.0,46.8,5.0,5.0
0e6d459a6710fb07f44f43ed4913823e1d16787a239218ca36c83c6c5bf82e2a133d16d6cfa2ed888daafb32aa9a9c52379ed9509866d41a061642e09aa2efb9,CLEAR,DARKNESS,DRY,IMPROPER BACKING,3.0,37.5,2.0,2.0
0e6d6bed4b1d92f51e37cc653248a0e5156614cafae04d57d01677b419b56d54268c4a9518f58cfd89ee5311ac043b0883c7b71ce20eadcbc8dabf3aae20cdb9,CLEAR,DAYLIGHT,DRY,FAILING TO REDUCE SPEED TO AVOID CRASH,2.0,27.666666666666668,4.0,4.0
0e6d7f377e03f1a210bef2f17f8ef565cb35ad661413cd0c7d8e70453dbe5ff9d485305e3190a9a39e789cc2909493dcb4ca0b08e34d20f57a90e5b4a746b509,CLEAR,DAYLIGHT,DRY,IMPROPER OVERTAKING/PASSING,2.0,33.0,2.0,2.0
0e6d8039d2390e4878817b7e3f73f95ee88eafa0050a6b37a4a2628980e831e4fcf16620370aea19e884a0af1b66ec90ada1f0fb270dab98c2be4d32fa6cc44c,CLEAR,DAYLIGHT,DRY,DISREGARDING ROAD MARKINGS,2.0,37.5,1.0,1.0
0e6da1d7a134827e4b25a64c0db95b14782252aee071099557a03d7ba774de5ca00182767e680334aa2b046807316c76226a9aee52027668646bc6c1a7cf43eb,CLEAR,DAYLIGHT,UNKNOWN,IMPROPER OVERTAKING/PASSING,2.0,59.0,2.0,2.0
0e6da947a0981e7eb50923c452ffd23b0c4fef3ea2f5b868a8c2e56520aa734017e450116815305f516b51690bfe7aa9d897f7d02af60d78387176e4cfb73d11,FOG/SMOKE/HAZE,"DARKNESS, LIGHTED ROAD",WET,IMPROPER LANE USAGE,2.0,27.5,2.0,2.0
0e6dc3e840dd1ce72a2d2492c5df9211f786eb67b9313c797b1e87a57320c444247335020354a46ab32eff1ef20bd1b67983d61b6fd998b618c0aa54039069ac,CLEAR,DAWN,DRY,FOLLOWING TOO CLOSELY,2.0,31.0,2.0,2.0
0e6e1c4a5dcec0ace694b8d13d6b52feb2b0ea5c0ec280cd89790c783421798bc3efc9891e1ee21ebbd4e67c540145f60f4b8e6d2b210611315c764c4096ba6b,CLEAR,DAYLIGHT,DRY,FAILING TO YIELD RIGHT-OF-WAY,2.0,31.0,2.0,2.0
0e6e3cd38202e361ef84f2f15c0823350753633deac8b07b270f5f827dfe2ee11c98d343220ddbaaf6eee46e75288019b7703d756911d0465d75ca035540be19,CLEAR,DAYLIGHT,DRY,IMPROPER LANE USAGE,2.0,34.0,2.0,2.0
0e6e501ab5fcadd3c66557f03d96d944a2aa690d15bb965b5deb68e73bf1174a7e579c8cd9918502618efdc419c29a7bc065796b3a49e7d2128b89e44a288396,CLEAR,DARKNESS,DRY,FOLLOWING TOO CLOSELY,2.0,54.5,2.0,2.0
0e6e5c747256e1017061870d33cb59ad7ec9fb55c2ac02fd6034a77da88250d0df2910f6c6a27e65281c08ef2b1fa41ba0163ac4255402dbe3f00ca805a7daef,CLEAR,DAYLIGHT,DRY,IMPROPER OVERTAKING/PASSING,2.0,49.0,2.0,2.0
0e6e6a21dbb94175530536436d570fed436c1b18e200764fc4d54be610455af86fe594d01dd8120bedd5e26a7f17192059ac3a5ceb442823ce1cd416570e7bfd,CLEAR,DAYLIGHT,DRY,UNDER THE INFLUENCE OF ALCOHOL/DRUGS (USE WHEN ARREST IS EFFECTED),1.0,29.0,1.0,1.0
0e6e6bc28f95e66af20cd1bff6d451ba95157b6df230bb7a5bf96ab199ac124b6d497d74f7ed900263c2c08a871da821bc2127f4caaad7fcfa46d2e971b509ed,CLEAR,DARKNESS,WET,FAILING TO REDUCE SPEED TO AVOID CRASH,2.0,30.0,4.0,4.0
0e6e7506ebf19b687d9a438cd8157172355a86903427cd00ffd9f5eb33898bd61b3e0b22e51cd50ee879ce16cfb6c6babef959307cfff2fa33bee98cb4bb2318,CLEAR,"DARKNESS, LIGHTED ROAD",DRY,DRIVING SKILLS/KNOWLEDGE/EXPERIENCE,2.0,27.5,2.0,2.0
0e6ea35f43e43fee6e13c3d33731569d1626b29b585d23f3d6d516c95ba997f7d1bfa336bcf7e08058216e87d4a903587bff89c7fb9acc7e1d7116183851d04f,SNOW,DAYLIGHT,SNOW OR SLUSH,WEATHER,2.0,46.0,1.0,1.0
0e6ec01950d46b219287e443a1fde2cb22640486e634db8b8f5ddf25642c5ecc2706dca048949903b5c2b0e1bbcc0738b8e2a26b76e70cb3ec17cb76adcde954,CLEAR,DAYLIGHT,DRY,FAILING TO REDUCE SPEED TO AVOID CRASH,2.0,55.75,4.0,4.0
0e6ed4854b22a0d19fe912476cecda334a367d99a867cca9698ced39eb248a2471a90dd048a48e7c5d65554215821d87bb5e8017635c41a98de9dbe86e667efd,CLEAR,DAYLIGHT,WET,WEATHER,2.0,45.0,2.0,2.0
0e6edab11a63eec8aeeb8a495083d13ff2a63db817bb3bc1ba9138ccc0afbb1c79b01be0ddae677713d8be85abb4b3d72ef8ba2224fdca8a44577d23217b2e7f,CLEAR,DAYLIGHT,DRY,FOLLOWING TOO CLOSELY,3.0,51.0,3.0,3.0
0e6f1f52ebbe6021dab8890433002c0d44481dd51e9c0f5b2d40dba04959da76f821a7ab8708f34f1a0b50fcc81bd9f4d8fd8b70a65c87caad37658dba45f19b,CLEAR,"DARKNESS, LIGHTED ROAD",WET,FAILING TO YIELD RIGHT-OF-WAY,1.0,36.0,2.0,2.0
0e6f5d7d8394dad12a9fd9d178224b0c82e11181f8d5170698390f4300bee71e12a12c8ec04f55773ba8e447dc0f563efb2388fa91073ad2edd9d7612f208b9a,CLEAR,DAYLIGHT,DRY,IMPROPER LANE USAGE,2.0,43.5,2.0,2.0
0e6f63615d72046b2452c1254a9351222dac10eb66c7e335c50c8ac2b5510a2aa8607b2e5285e39c1e4482e9701b2866c02782361910f24d4006735b4c3938ec,CLEAR,DAYLIGHT,DRY,IMPROPER OVERTAKING/PASSING,2.0,36.0,2.0,2.0
0e6f65dac1661e2238bd830a03fd22f48540285177a43721df7fa648a0dd0ab18a3dce71cdf74653727e6fc6a56d1f0dc69c19d4782cc97b1c426ab1ee7f802c,CLEAR,DAYLIGHT,DRY,FAILING TO REDUCE SPEED TO AVOID CRASH,2.0,46.0,2.0,2.0
0e6f71ae9ed6da117051d8f95359b093d2275477b48f4fc76d31a01bee7b5f8ccdeb25fb8482e80959ff44cf2cf14a9527dc2b6e0966c4ad57ed0abf09e72fca,CLEAR,"DARKNESS, LIGHTED ROAD",DRY,FAILING TO YIELD RIGHT-OF-WAY,2.0,38.0,2.0,2.0
0e6f720f805030e3cdbe93118c52d067262aafce7724e533c8c2eb3377befa5a915fd41b51cc0341ea9bbcaf1d4ca8d32cc3511e7a1879ef06628ef0b3659d5e,CLEAR,DAYLIGHT,DRY,FAILING TO YIELD RIGHT-OF-WAY,2.0,52.0,2.0,2.0
0e6f783f0f1d6760c67c733b5201c5957933d250c1d39f7e74ab0ee1ad095fd1e6ab9830ef79e7d21e5a93600f119e3b5b7f6e4f1c2897b0034eed57f9ad9c35,CLEAR,DUSK,DRY,FOLLOWING TOO CLOSELY,2.0,48.0,4.0,4.0
0e6fa452e0fbd54eb5928a30483f96815c0b90b8b73668e6b13ba76e3fb53bd3d436055a715d2744665db55d7f52e2e96bd07003e36ed6ce5d07abddff410669,CLEAR,DAYLIGHT,DRY,IMPROPER BACKING,2.0,37.5,1.0,1.0
0e6fe52533c753d302ec85f2387515c910b5b1ad4b5f1a697de764e7b07c35f30478b71bac1d6917b820e46eb1642834268320d6282f86ec55d840e246d5dca8,RAIN,DARKNESS,WET,FOLLOWING TOO CLOSELY,2.0,20.666666666666668,6.0,6.0
0e6ffc3bec7829f9648fb91d192112bb48e2328c95a3af9c1c48bdbd15b532a0542a550557cf96a77f87aa3f99d9dd8f3b21813fc29da30247100cceee171d94,CLEAR,"DARKNESS, LIGHTED ROAD",DRY,FOLLOWING TOO CLOSELY,2.0,31.0,2.0,2.0
0e702f85a2006412c3253b8c3288d03e3a1b04255dc8c855cd5b8f04dd579f2c087db97ff6c9b3df958e5fad0031979fe40e19d1ebfeea5e0b825d0918782799,CLEAR,DAYLIGHT,DRY,IMPROPER BACKING,2.0,47.0,2.0,2.0
0e7048b041011b71f12d2b75bcd79970f9c45ea834303420b0e678feef89bd7169b27a4f4caac0f0f91fe2c74993d10b81d7cd3ecd8f6c038e5b47eafc90a553,CLEAR,DAYLIGHT,WET,DRIVING SKILLS/KNOWLEDGE/EXPERIENCE,2.0,41.0,2.0,2.0
0e70561d6b0a688619e2d5ecc44eb018ce828884c3b6d98853507a158e99481baef26d783ba2cd857ec13904c03fbfd13afdd4544166c60cd199acdba2170ad8,CLEAR,"DARKNESS, LIGHTED ROAD",DRY,IMPROPER OVERTAKING/PASSING,2.0,26.0,2.0,2.0
0e7060e885e8844a2bd4f1bb213989d0d5d46140a3ced44b2949a38b3e0f53d7bdc63a8358b114e7ac6ac00685da9558feca715981bda068bbc3165243bcc1ea,CLOUDY/OVERCAST,DAYLIGHT,WET,FAILING TO YIELD RIGHT-OF-WAY,2.0,39.0,5.0,5.0
0e7081dd161f4455f1ed66e4d2a190e9ef1f8838ed9048eb69e23ea95ac60693b1e993b0b4828d886c3753c42d2eb99e9fd75332970573c6346fcb7e3d6d69ac,CLEAR,DAYLIGHT,DRY,FAILING TO YIELD RIGHT-OF-WAY,1.0,40.0,4.0,4.0
0e70a11bff533a0e325a9992068017bae9a8fdc3c392020243e63de94ba51fa1363c2209a88b9a2806739a46e64926aefe9d7dea37981fd1d3dd3cee64a8e24f,CLEAR,DAYLIGHT,DRY,FOLLOWING TOO CLOSELY,2.0,72.0,2.0,2.0
0e70af6dce445716f138f8a48237ed9c652522de24af10c9b50bd9f9e88b4614569b6722401034a913dcbaca39288fa3b9c5230cd73775375c352d6b67562e56,CLEAR,DAYLIGHT,DRY,DISREGARDING STOP SIGN,2.0,30.0,2.0,2.0
0e70bbe2202cdc075e99566ca25af9c9347140c6526395d78846b1fe90528caf0d459359d20b8b1047817c68cd8e1befd51466f161041bfb99a8144281038fee,CLEAR,DAYLIGHT,DRY,IMPROPER TURNING/NO SIGNAL,2.0,39.0,2.0,2.0
0e710049b06d8ec92f534d72d42d36521aad9f4ab1d55de067cd6202085e882220cbc74ffa32bde7ccab906c2f3f02054c1f8e09c969e684c9369af29341e436,CLEAR,DAYLIGHT,DRY,FAILING TO YIELD RIGHT-OF-WAY,1.0,47.5,2.0,2.0
0e71040c4e980ad6abddeec6232d00c1cb49042642866d127e9ffe96eef44a79569ab84e1b815b23bc2f0e2a4d03a15a9759a80d0f5b827fa144c2d85a441d66,CLEAR,DAYLIGHT,DRY,FOLLOWING TOO CLOSELY,2.0,38.5,2.0,2.0
0e713a2c8dbfda44f77304569a3c0e4a5473eb481d6442945b5156923e22f902f9d100968c3cda34031434151b4c1dde7fa5e3bc5af6ca84011486d21d7fb02e,CLEAR,DUSK,DRY,IMPROPER TURNING/NO SIGNAL,2.0,24.5,4.0,4.0
0e71427930d29e676d418061e9c4fd0db6eba850bdc6afc77ba6e520b8494e0e9b6683bb3824acf70c72f0a86b6a0793b672ce6d1f6494d0123a80b891b49398,CLEAR,DAYLIGHT,DRY,DISREGARDING STOP SIGN,3.0,40.75,4.0,4.0
0e71b24f63161916e5efa64ab5ab921e46b95528d62532f44b1fb8ef2819fac83f3588ebb6cb3109e92a8cb5784c8372ac66fcd0e2eb21f0cb1766397beac2ec,CLEAR,DAYLIGHT,DRY,DRIVING SKILLS/KNOWLEDGE/EXPERIENCE,2.0,28.0,1.0,1.0
0e71df6fd3a879f0a305f3df812f8bdbdea82498e6851cddc0fafe768bd2be4242cbc96af77dd9741d83f3e98d3cfd910b4cc14bfdc944b3d8a7ca4227ec564c,CLEAR,DUSK,DRY,IMPROPER OVERTAKING/PASSING,2.0,24.0,2.0,2.0
0e71ef666e999c243757d7630cca84902a2004f5da01390d73c2a97d3b1d083315b35c7c963eeb634644ea713f1c65d03fda335787ca2977bbdee760e305aea8,CLEAR,"DARKNESS, LIGHTED ROAD",DRY,FAILING TO YIELD RIGHT-OF-WAY,3.0,27.333333333333332,4.0,4.0
0e71f393a8a9303ab511a480d7e73325d663d03621a07c04671406e075875318f0ae86dcc63b206ebcd3ae79bec2221a8e92dc47c4b4b37b570935ad0a21ff9a,UNKNOWN,DAYLIGHT,UNKNOWN,FOLLOWING TOO CLOSELY,2.0,32.5,2.0,2.0
0e720e1abdd7796dbd2f45556ecc90a97d186baba4e4b4c9b40bf1ed171654f2b5c67015a2e36a8bedb5649177e837cc5bfca8214f981c0214a521c0f5d8f05e,CLEAR,DAYLIGHT,DRY,FAILING TO YIELD RIGHT-OF-WAY,2.0,28.0,3.0,3.0
0e7218d87abe9f5967d250c5c36bb1c9a1afcf4ea915cec8171749562bff8009b83e50da5ad29654e2eebddc08715c4c06e1eb13b8b9c3a0889462831e4f2392,CLEAR,DAYLIGHT,DRY,FAILING TO YIELD RIGHT-OF-WAY,2.0,38.666666666666664,3.0,3.0
0e72221a9f81f8eb516b1d77097175c70354feaa96cd03e1eeb6c94dfbf1cc2b1fdb92fab3b0ec93466012ccc02312d43aaab907a4a3d4cabfca797bf9d03a4f,RAIN,DAYLIGHT,WET,IMPROPER OVERTAKING/PASSING,2.0,37.5,1.0,1.0
0e72553424d07446d895611a88c0f4a3812af13d3e5ac26197d30a66a69bf7bb27e4c36ba576d6d8d4e88a4c84be09faf759edf45bb7d4f55c37e9a839e28fb0,RAIN,"DARKNESS, LIGHTED ROAD",WET,WEATHER,2.0,43.5,2.0,2.0
0e7282844057e1a2b9168e87e0845fba2bf139d0f0ac3b36f64696a703d0306fedf5df708c8af2482ddf5ee7e89dc66a8e957e4e7b79e9f7f58bdf8980d63605,CLEAR,DAYLIGHT,DRY,DRIVING SKILLS/KNOWLEDGE/EXPERIENCE,4.0,28.0,1.0,1.0
0e7288980d501dbd0e15e604bfe5eb6e0b3120c6d28eb358314bf8f4c4f9cf93dbf844aa31c6677c8350432f921ed7c746c92f7a9a40044865298d56d6ea3832,CLEAR,DAYLIGHT,DRY,IMPROPER BACKING,2.0,15.333333333333334,6.0,6.0
0e72956eba32940686ea8886cbbf71e5d252c62ce5235e8fdca9b2ca4f43999b1f084681f6b04ea5873966ca768e1fc3c6852745cac7ec41269bc55de282a6d3,CLEAR,DAYLIGHT,DRY,IMPROPER OVERTAKING/PASSING,1.0,62.5,2.0,2.0
0e72bd994eafa4df093f99eab3150964b998e176864bbac9729526befb15c49cab56bce1c71feeedd4572ff0f61a135c92de54a796ad34d9c611937d24668a1a,CLEAR,DAYLIGHT,DRY,DISREGARDING TRAFFIC SIGNALS,2.0,44.0,2.0,2.0
0e72fae2cf83da56b70eaacf7a6cad32f174c74c40d1c0b55939311d550077066e6b8b271a4586cdb63f4edb4f366f940f76367303a37804578e1acd75831120,CLEAR,DAYLIGHT,DRY,DISTRACTION - FROM OUTSIDE VEHICLE,2.0,37.5,2.0,2.0
0e7302dd11d3e94327e0eea68cf8b13c590a13585737ee7fffc93bc30d8d05125ad7ebd3d14ce6e5f39368d9426f8042d7f8b41c9d1c3c639db129f5a7877962,RAIN,DARKNESS,WET,IMPROPER TURNING/NO SIGNAL,2.0,24.0,2.0,2.0
0e7306a7b070f116cf81bb2c3c7fb0e418a5e493b3530940a9e915db728f1f75a185693a9e20df5bb7986df183c076d1f2bf4cc53eab67c33aaabf042fe13531,CLEAR,"DARKNESS, LIGHTED ROAD",DRY,IMPROPER TURNING/NO SIGNAL,2.0,31.2,5.0,5.0
0e7314013bbd54da8d70642167309462094930966bad5a2ea9cf821436ea22fb4b87b878d7686141e572cb8ae4c823022968358390890efff58d89c0312cc309,CLEAR,DAYLIGHT,WET,"OPERATING VEHICLE IN ERRATIC, RECKLESS, CARELESS, NEGLIGENT OR AGGRESSIVE MANNER",2.0,69.0,1.0,1.0
0e7337efe2544cf44f65adce5e27dccc07fb8d822cfd8febb25139f20f9d4cf43ff320798126241cd4a450edf88a220f821a39bfef9779dc95e7d698867f4e8c,CLEAR,DAYLIGHT,DRY,"VISION OBSCURED (SIGNS, TREE LIMBS, BUILDINGS, ETC.)",1.0,35.5,2.0,2.0
0e733a992ca289ac6dc7583d7401e423fe64d008bd0df9977faf5a0caa060f5906bf33c8f6783a0e4e9ac4b61eff2b893d592968541247a56d17c32ada543c09,CLEAR,"DARKNESS, LIGHTED ROAD",DRY,IMPROPER OVERTAKING/PASSING,2.0,43.0,2.0,2.0
0e735238b1424474d0d8770eed1c7913a0239b0fe4f01ad53decd50a15f706f36c19c29e7d154f1f7dbcf4478f09b11dd0b809be60852c5004c2cecf565d8768,CLEAR,DAYLIGHT,DRY,FAILING TO YIELD RIGHT-OF-WAY,2.0,23.5,2.0,2.0
0e7354898fbca014fbb1d6358012a36d9317cfde71391213a98a1d3a7dfcb012311849176d177e5971bb6b6601859659a3e76d196da0ef8e02960a68773e95a5,CLEAR,DAYLIGHT,DRY,ROAD CONSTRUCTION/MAINTENANCE,2.0,45.0,2.0,2.0
0e735b8651a8590bcd25c3b954e2b92ddc5d390c5c73307a5cbc456cd33d54b4e217a353fa038601bc53371311996e4a58b34a3fb19b9ab16f90b31c30740eca,CLEAR,"DARKNESS, LIGHTED ROAD",DRY,DISREGARDING TRAFFIC SIGNALS,2.0,70.0,2.0,2.0
0e738f251bc4f336f32f8277d2444c9c1d1240dc70373ce94ea859e44cf98a7df7381b178b98e713dd32a6164e2e81264346b301b5167e5770bd2b4167cfc7a9,CLEAR,"DARKNESS, LIGHTED ROAD",DRY,FAILING TO YIELD RIGHT-OF-WAY,2.0,37.5,2.0,2.0
0e73a99bcf5431a081aa4130443197886ea3a992c660468a7b10f7608199ab86504cb624a6b97337dae299ad37d4cf7729c4a67c7e2588eac519890ca20054a1,CLEAR,"DARKNESS, LIGHTED ROAD",DRY,IMPROPER LANE USAGE,2.0,23.0,1.0,1.0
0e73aeadfe77c874c461c6b6db0bedc02dbd84b3969b91c08beae7b46dad2cf89f044c0c64797987388e2916ed919337e8e2126596a321d4b9de9cba66eb757c,CLEAR,DAYLIGHT,DRY,IMPROPER OVERTAKING/PASSING,2.0,25.333333333333332,3.0,3.0
0e73b4daf4563a314c2e6d3f30c4a7d025343a9fd839589522987cbdf4a78d0325675dbab0e2cfd4c544a7ce88b27cbbfe382c58df57d81fe01d9400b54a51ec,RAIN,DUSK,WET,DISREGARDING STOP SIGN,2.0,48.0,2.0,2.0
0e73b6087d213ac749cf5a5b24ad264f55f3894134065124463a3854961337c026e0d06076258eda31c9fa53c85e3872806ebd84cb61006a32faabca9dbaedd9,CLEAR,DAYLIGHT,DRY,FAILING TO YIELD RIGHT-OF-WAY,3.0,28.5,3.0,3.0
0e73ec5c5ec535ec17b8b6e2d846e74ed53dd756abfedcc07ab86ecd1f8e48fe321734ead95115c5737aacea8abd29283cca942d0dfb1a872218ad8d2f7c76de,RAIN,DAYLIGHT,WET,FAILING TO REDUCE SPEED TO AVOID CRASH,2.0,41.0,2.0,2.0
0e743a528c57836d9705c084ca2cfc308f6418351c5c10ac352ab549a6be3ccd33e4100ed8aabc6a88054a8b57227872db3b8f1b3a7d0be26e911e55e1cb6ce5,CLEAR,DAYLIGHT,DRY,DISREGARDING ROAD MARKINGS,2.0,47.5,2.0,2.0
0e7449627ac8b8ba03571500bd847765876d03c3a040829e43a5de5122d7d7f0d1e6d5bfdb354342d9d1c3f6e5904c89e81bb1b8d139e23cbf219e275368b512,CLEAR,"DARKNESS, LIGHTED ROAD",DRY,FAILING TO REDUCE SPEED TO AVOID CRASH,2.0,23.333333333333332,3.0,3.0
0e74531514244b376d6ad9218a3435f6c0646633eba6a48ea41b5d72c8800c5112e9029597c26f06d22c142b6c1b409206ade890f89b8ec500a062b1d039c1d8,CLEAR,DARKNESS,DRY,FOLLOWING TOO CLOSELY,2.0,43.0,2.0,2.0