crash_record_id,weather_condition,lighting_condition,roadway_surface_cond,prim_contributory_cause,total_vehicles,avg_driver_age,total_people,total_injured
0e748b9ba34276fab6de44e5f993837920d476f743d29d27f419a8d0bc5d8982186b52d9ef3d32bebbaf4e141d60c8fdb8ce9013c09125c9184d786540461938,CLEAR,DAYLIGHT,DRY,IMPROPER TURNING/NO SIGNAL,2.0,15.0,3.0,3.0
0e74a310d1eee561491299725b2aa00541b9dcc9680cd10e33141d6f84655f54cb52a7098ba1d9ae93ca0b9cf9b41a99fa8eb881994125a32304811087c4b755,CLEAR,"DARKNESS, LIGHTED ROAD",DRY,DISTRACTION - FROM INSIDE VEHICLE,2.0,21.5,2.0,2.0
0e74af743c30564f5271e186901ea72981ba9ac1710c21a867738752dbc67d2bc66bedd28deb911f323d768445091d7ce175e6d8031cbc6480a820703deb41f9,CLOUDY/OVERCAST,DAYLIGHT,WET,FAILING TO REDUCE SPEED TO AVOID CRASH,1.0,27.0,1.0,1.0
0e74fa71575b2ff5f6c39c6fdc835d1f70001aa353bd09cc266b57cc21abd46e2458b85b596b64ad021694685cdbbefa369e00bf3371097621763ac6a6e7c710,CLEAR,DAYLIGHT,DRY,FAILING TO YIELD RIGHT-OF-WAY,2.0,51.0,2.0,2.0
0e75115b640950212663ff9392afe3293975fcf868f9499c909ae745b88f8e863e9a3fa0e1fc96a237894feaf0632965ac430969b6b6712f7dbef98a11b62d2b,CLEAR,DAYLIGHT,DRY,IMPROPER BACKING,2.0,54.0,2.0,2.0
0e75197431b54e695a5ddbb9943a4df275f4856ade02cc34d5c24c22c889c2bda9f23e709ffb8ae3afb439698b40a80f0b89f451a027764d076fa6551467ad34,CLEAR,DAYLIGHT,DRY,FOLLOWING TOO CLOSELY,2.0,37.0,2.0,2.0
0e7577ae15cc18fe55d3c0ea01345f47490d62ac86487b7beff3179c419764f747687af29d22d7f324f20377064710f8ab7f5c6a12f5b31f91907ee01e60dcc6,CLEAR,DARKNESS,DRY,FOLLOWING TOO CLOSELY,2.0,24.5,4.0,4.0
0e75876def0db8578a1be2fff139732d2b98fbf4e8ef02d688f6d411de2bb668ffe65c2a471e459d14d8424bb466c0363f30b0a0a591588bbd51ad3b86a044a5,CLEAR,DAYLIGHT,DRY,DISREGARDING TRAFFIC SIGNALS,2.0,38.0,2.0,2.0
0e7587aa9a1f0db2f6ea8e6318a58d1c57aee07e3b777e8056b462ce236462bf7c338254293c4a3815766c8717f26f2d8ce9a632419aab2297abbaf4c7577c92,CLEAR,DAYLIGHT,DRY,IMPROPER TURNING/NO SIGNAL,2.0,37.5,1.0,1.0
0e75a2c9ff7231adb4745d66e34d549a1d485108f7c789c9cf33b869853d01fd03589726899c35a32f60b85a8edb4999850b149a3f425396e0282ff04a58db08,RAIN,DARKNESS,WET,EXCEEDING SAFE SPEED FOR CONDITIONS,2.0,38.666666666666664,3.0,3.0
0e75afe9e5aef41fc7f883b65e71ac4e5bb3a26df66daf1d6101ccdac641d2fa05e9c43cf35c009e14ffca76db409b38b50311e027213160ac4cd75e250948ab,CLEAR,DAYLIGHT,DRY,FAILING TO REDUCE SPEED TO AVOID CRASH,1.0,72.0,1.0,1.0
0e75d2114c7eebd22e58b481e989d2b9532e6d1b756cb3dc873a17604300d1aeb1b20b6bc45837c9d12175f8182ea94b2ff82127903e62aeb1811c69ec3e96cd,RAIN,DARKNESS,WET,FAILING TO YIELD RIGHT-OF-WAY,2.0,29.5,2.0,2.0
0e75e064df965b20db366fa0d6c8be76e15e0157a21ebf857863dec26ae7f2d9c2bf91219d2e312445b9ecb8af710707a5c2f90f42700ae820dcf5f0badccc09,CLEAR,"DARKNESS, LIGHTED ROAD",DRY,"OPERATING VEHICLE IN ERRATIC, RECKLESS, CARELESS, NEGLIGENT OR AGGRESSIVE MANNER",2.0,38.0,1.0,1.0
0e75e0b9cafe44465fb4d64a4b6f5775234b49bf4d9296577cc1352ce39abc2c9d96b61b8d1b4245623903f88519512965dfa4e5285aba45ebbf870a75212602,CLEAR,DAYLIGHT,DRY,DRIVING SKILLS/KNOWLEDGE/EXPERIENCE,2.0,47.0,1.0,1.0
0e75e16523ec2e25f87b8560d0c2dc05dd54a4d6ab82686cdae9a3f0fd1ffa56073102a9c0361504f6a94b78ec40859844de28dc8eb0b5de2becedf174d4ee99,CLOUDY/OVERCAST,DAYLIGHT,DRY,FOLLOWING TOO CLOSELY,2.0,26.0,2.0,2.0
0e75eb137aadacd8003e763c4f41a2f7a1e25f01a08fba56f60ea2474d9348754733de6c5551a042c8bf2a25bd5bce2cf5f7d871bdffdc6bed6dc43258f96d67,CLOUDY/OVERCAST,DAYLIGHT,DRY,FOLLOWING TOO CLOSELY,2.0,48.0,2.0,2.0
0e75ffa16ba8d0b8f6b0bda4131c5cb0b2936780aa33003807aa891b2c9628fd83775cd35e29d21e688070440fbdaf7dc1e0842e16355e87fba4edb94ed8d256,CLEAR,DAYLIGHT,DRY,IMPROPER TURNING/NO SIGNAL,3.0,68.0,3.0,3.0
0e7606c35a8af83f73e01496c8c60b07b2360553a78f9c1c9df6fb8575a5af933fc01593d7d94b5cedcc0fa3be5aed280600259a7a4afc76ee8456da0bdd93b2,CLEAR,DAYLIGHT,DRY,FOLLOWING TOO CLOSELY,2.0,64.5,2.0,2.0
0e761df3ce3044582b3dd50d50d63ebb7f60145a62abd0af42de17eef4c2822b1b9dfc6aaa07e11a1e1a745ae29fdc7eae0a1956cf2db58b5a4632924dcf3322,CLEAR,"DARKNESS, LIGHTED ROAD",DRY,DISREGARDING TRAFFIC SIGNALS,2.0,27.5,2.0,2.0
0e762711e2488f30472bb2fbae3c96ca748fa3342a97afcc0f0e0f1ea94ac01b1cf9bd8e8427e4a4d763bcfba5cbefc31ac8778e99f47d97f9f3c9ff6ac9e1a9,CLEAR,DAYLIGHT,DRY,"VISION OBSCURED (SIGNS, TREE LIMBS, BUILDINGS, ETC.)",2.0,41.0,2.0,2.0
0e7645cb50b798cc7fd87f6f44f07672ce1f1442a367b0c23f508a418c14b74bd21a8df41f4bd733d3e09bed86b066ebe01fe15784e8a17d0919f08bafca30ef,CLEAR,DAYLIGHT,WET,IMPROPER OVERTAKING/PASSING,2.0,44.0,2.0,2.0
0e764f160f68c6972f14e25c30f9b9e4cdf23db31b0341df5047ba729cc881760b6dd8e33e1830a22b1fa7b25ba93661d4b80e13703d0b875d7c8ff12ffff70f,RAIN,DAYLIGHT,WET,WEATHER,2.0,24.666666666666668,3.0,3.0
0e7669491d955ddcf55b628b80df18cc1b57efa6c98ac387f1709c9d60df03b3ad94f89cc59af7a9a7afdba59f8b8c9837a90659a40c8b89ac60b2fd531ae744,CLEAR,"DARKNESS, LIGHTED ROAD",DRY,DRIVING SKILLS/KNOWLEDGE/EXPERIENCE,3.0,18.5,2.0,2.0
0e7733b5dbea7e3df498bf61ea9bf5a048b657405a74449223dc4010a8b32133d2c38f71a75676a3a0ac9f41827b592b7ab588c780c818b25bb9e964504dbad3,CLOUDY/OVERCAST,"DARKNESS, LIGHTED ROAD",WET,FOLLOWING TOO CLOSELY,2.0,34.0,2.0,2.0
0e773d016129a8ecb2ee5d7afb8ee69870e37a886afeae3aeb82086271dd3d1f6cfb12b128e9875f6ad667e4018e31e7a60712b323d6a856aa3c78e878f7f67b,CLEAR,"DARKNESS, LIGHTED ROAD",DRY,FAILING TO REDUCE SPEED TO AVOID CRASH,2.0,57.0,1.0,1.0
0e774f2ec8ad4f17ae9cdec249621672e388383b4d08e9dcc460103a79bd68457a6c57b35abbdf935b8d191f7cbf4bad9b8e359f8838a9932ad68c69f9331709,CLEAR,DAYLIGHT,DRY,DISREGARDING STOP SIGN,2.0,37.5,2.0,2.0
0e775d31f7da55b7814f813740a7b1f1b69aeff59a106a996bee56afbc96adee06f2e1c4d772b0529b1bcb68be455dafc41a7471dffd8befd809a6fd8a387399,CLEAR,DAYLIGHT,DRY,FOLLOWING TOO CLOSELY,2.0,42.0,2.0,2.0
0e77710511bf8d906a8c208cc8c0c132642be013ff1d002a5463593c8f2e9b63a52cb376fdd466ffb886407d5ca57325a14ca4f8d4c0ba1ea272f32959afe56e,SNOW,"DARKNESS, LIGHTED ROAD",SNOW OR SLUSH,FAILING TO REDUCE SPEED TO AVOID CRASH,3.0,29.0,1.0,1.0
0e77a75e5f5c0720f13a25ad118492820cd6a4d49ee11b4c60113d40fa3a27b3b3cce2a949993804da08f06a0724a336cd605e52568558dd3315a79656a6da06,CLEAR,DAYLIGHT,DRY,FOLLOWING TOO CLOSELY,2.0,30.0,2.0,2.0
0e77b2445017c638f5a038d73de376c19dfb9a72f8d70504b245ba1cfda3895ff344d36d29822518274b2d853e5829c8468bdd34bd7544f22545a4c9a53dd405,CLEAR,DAYLIGHT,DRY,DISREGARDING STOP SIGN,2.0,25.5,2.0,2.0
0e7803bee7b7a9c84ed59c7c5fbb1c541a0103cdbd21141aa165e09c7189f960c255ebff40e0613a680402e1751ebeb4e242b39da758efdf7ab58f7882f93e74,CLOUDY/OVERCAST,DAYLIGHT,DRY,FAILING TO YIELD RIGHT-OF-WAY,2.0,24.0,2.0,2.0
0e780a8c85b8e489e2eea8a9c9d650738495a07621b69b78de3bca987c3469fd507efaf0ee5536140a2994524d7d46d3994562ae2392ccf1dc4ee4ada22c916e,CLEAR,DAYLIGHT,DRY,FAILING TO YIELD RIGHT-OF-WAY,2.0,32.0,2.0,2.0
0e7825d20950ba2f325af6ca144ad71380be18eeba2aca898b41816d0350d1d30aa1d3bfda75b623b31e7d216551d1be623c239dcffc208dd7edf800f82768a4,CLOUDY/OVERCAST,DAYLIGHT,DRY,DRIVING ON WRONG SIDE/WRONG WAY,1.0,40.0,4.0,4.0
0e782c26860bcdd3b50a4e85e20fc0eee26786a6beed98f422e75bce607dbc5a7564902f201a4ce009432531937251eec221b95f815dd13e51e38f73c32dee16,CLEAR,UNKNOWN,DRY,DRIVING SKILLS/KNOWLEDGE/EXPERIENCE,2.0,33.5,2.0,2.0
0e783a0042b406ef60fb86731cf2914ad0be39fece945f199e5d7200c8c5b3cc7ff9b12d0eaa5eca5ee3942c9fde577f85f88e90a483fc4565cd5a2ecb9d4ac1,CLEAR,"DARKNESS, LIGHTED ROAD",DRY,UNDER THE INFLUENCE OF ALCOHOL/DRUGS (USE WHEN ARREST IS EFFECTED),2.0,33.0,3.0,3.0
0e7845567284285fc3ba39a9ee90c7eca9d32dbbf780afff2ac8b2e742baa20eb4bbc08a3057c17529086b93b660c5c4ed57018455fce7d3ee32e762072a41c2,CLEAR,DAYLIGHT,DRY,DISREGARDING TRAFFIC SIGNALS,3.0,22.666666666666668,4.0,4.0
0e787b40f19a1392660e969a198a1a0c70bbe6050912744dcc1c56576013c2dc396826533e4dae9cd4cc6092f13d8078587731dcf5028cd1feb1043beea30810,CLEAR,DAYLIGHT,DRY,FAILING TO YIELD RIGHT-OF-WAY,2.0,65.0,4.0,4.0
0e789d9b388d5b43c416b9ec75c271850e3b99490695e049819439f615b4d8dafd47c726d1e85d34ceed613093e68aaf1c344a839207440ae2aaca45af01ec89,CLEAR,"DARKNESS, LIGHTED ROAD",DRY,FOLLOWING TOO CLOSELY,2.0,24.0,2.0,2.0
0e78d9b2fb22ae7e65aca498541050f267316e674092c8145aee2870d27ce8be2672da6c3729b09177c1b4a2162ec982415e253dcc3f34376e2d834f6971e2bb,CLEAR,DAYLIGHT,DRY,DRIVING SKILLS/KNOWLEDGE/EXPERIENCE,1.0,21.0,4.0,4.0
0e78ef3def6622fdafc4870661dc334f9cd49f8270f62ecf75772b0d2f90e72ae539860afb401ecd00f6fac2410cec5d5524d0d02af219b9f3b8fbaec230c37b,CLEAR,DAYLIGHT,DRY,FAILING TO YIELD RIGHT-OF-WAY,2.0,33.0,2.0,2.0
0e793bfebc2c65be2077c4bc172e936a15067ea3d6f875dab1c29083de61a5a6b542e7576fbc0a70717a9e005cca9703308817ebb86d56cfba93c71589cc3462,CLEAR,"DARKNESS, LIGHTED ROAD",DRY,FAILING TO YIELD RIGHT-OF-WAY,2.0,49.0,3.0,3.0
0e794fd196fa870a3427de9bcea486ac9d83d0538915a865e84c0b53a2813b0192760058aaec78535904edfe3057cc9a35892c55bfe08173d8e32eea2d1d2a9d,CLEAR,DAYLIGHT,DRY,DRIVING SKILLS/KNOWLEDGE/EXPERIENCE,2.0,37.5,2.0,2.0
0e7966a28e1608eeb8a34476ad91dc2f0872d3ad7690c0112e76ab70135bc479cb5bcd5426ec742e69970fea0a2eaee031bc435cfa981e4dc626e8b7524bc1a2,CLEAR,DAYLIGHT,DRY,"OPERATING VEHICLE IN ERRATIC, RECKLESS, CARELESS, NEGLIGENT OR AGGRESSIVE MANNER",2.0,37.5,1.0,1.0
0e7967ab14f2e666dbb26d91071d6f8c9af4c295704aa396a8893b570c393640362e6fa67592f913f06769235cfe4b4a8f3441ab69d35e7e18b5acc4cbabd94f,CLEAR,DAYLIGHT,SNOW OR SLUSH,FOLLOWING TOO CLOSELY,2.0,32.0,2.0,2.0
0e797da7e5147b61b11bc8d5eb3227faeabed52ba3215796a3bff27d8dfd81bc2228ed3d4456bee26e567b16347878d62a9b21a95412923b4758c5dff83981a4,CLOUDY/OVERCAST,DAYLIGHT,DRY,IMPROPER OVERTAKING/PASSING,2.0,46.0,3.0,3.0
0e79899cea0a1618bfcea70fe3d6306f1ed80864b84ea7eff982deb71fae7bb8fed9ce4a58be5f741a007863b8c0bb7e63a445aea9433d89c97f90e7a22f44b9,CLEAR,DAYLIGHT,DRY,IMPROPER OVERTAKING/PASSING,2.0,60.0,3.0,3.0
0e79b21d6ba7ae84b513acafd682fe2c403682f8b65c6ed7a52664b8bead5ec990fc2470ff25df3489eedd30b0b885353a238b07682dce6ac2877e6ddbeb95dc,CLEAR,DAYLIGHT,DRY,IMPROPER OVERTAKING/PASSING,2.0,37.5,2.0,2.0
0e79b72dcdd4537a0319085890f97d72719c0d096e289618960d66b14b1cfad6b04d3113d5f6c59e0f3a00235fcbccc46750c9215ac143ae6e98ec23aa213961,CLEAR,DAYLIGHT,DRY,FAILING TO YIELD RIGHT-OF-WAY,2.0,27.0,2.0,2.0
0e79c7bf9a461dfc6c1e706522880308a344c2fb487569fd6a9675ab39b450a8987ea9e1fafa491c8d43039514d1d3d462a8b474f431d54bf7e6cf7546c3eea0,CLEAR,DAYLIGHT,WET,FAILING TO YIELD RIGHT-OF-WAY,2.0,37.0,2.0,2.0
0e7a03e6784f01865462f58d67b311768997565d0404230b63a0a08452d24eaf09bd18c04d6fde858ce0aa0d76e884237d8027550a92d3400a06ff7f9ebb4f3d,CLEAR,DARKNESS,DRY,FAILING TO REDUCE SPEED TO AVOID CRASH,2.0,38.5,2.0,2.0
0e7a261816925484d558cbd22df06186ef62a49f67247f9f35bc0e7d7a54bfe58e4cd931c4f44795a8fc151aeaf21a6b366dc886050978bb5155ce04e457b78b,CLEAR,"DARKNESS, LIGHTED ROAD",DRY,FAILING TO REDUCE SPEED TO AVOID CRASH,2.0,37.5,1.0,1.0
0e7a405df189cea67fe07b35f755b775284135e71a3774e1b3330480e50e651893822d333a52331e92ae9d4b5312dc1d00d3fe27a39a0c297eafbe85df036db9,CLEAR,DAYLIGHT,DRY,IMPROPER LANE USAGE,2.0,55.0,2.0,2.0
0e7a5f02cbbc0cfef84811c74c3d3cfbc0a4835de30e1c08c66495d2d69092e6a44fc4d7a9b31537f78a4b56df0e862345b924b2a7ea69fb3b576ff25eaad551,RAIN,DAYLIGHT,WET,FOLLOWING TOO CLOSELY,2.0,30.0,2.0,2.0
0e7a6bd377d97f4f078909b3c4827cf9fd8694f467a9c4925b947e1ab5c4ff97ab61b0066b32b86752f60668c8d01a3c7b5865a0618ec349365c50c75d6e34ea,CLEAR,DAYLIGHT,DRY,IMPROPER TURNING/NO SIGNAL,2.0,64.0,3.0,3.0
0e7a847cdf18ff412cce5d2cd2108987fbcd4c249f6a6bf0864c18949acf2ff11bee2b85f0f8e64ac836c772f4d47b458486a6a7812b9fc739dba2d75cba2fac,CLEAR,DAYLIGHT,DRY,IMPROPER OVERTAKING/PASSING,3.0,30.0,2.0,2.0
0e7a94ff3adaeac282a68bc264f5fd129889ef044a9229bd4e6bb643bafdda32ba062789131e514945dc5daef8d050ffc20c51cf61145bf2100b44370ea9ce4c,RAIN,"DARKNESS, LIGHTED ROAD",WET,FAILING TO YIELD RIGHT-OF-WAY,2.0,63.5,2.0,2.0
0e7a9b5da2095d2972ce5abfb335e82bbb342e48b54212d6527c7f5da0448d030f2ac3b49a266536d368db93940ffda832c223f4d185f360a6b9f3d762330dc2,CLEAR,DAYLIGHT,DRY,FAILING TO REDUCE SPEED TO AVOID CRASH,2.0,39.5,3.0,3.0
0e7aa8046a74f212741f673a1f6fef2f4d0e6ec1fd3b6a9064895abb27df3c563f7f7d16ce98dfcd4967084e508fa48ad73de1dfe668e184130a668043f86b67,CLEAR,DAYLIGHT,DRY,FAILING TO YIELD RIGHT-OF-WAY,3.0,35.0,2.0,2.0
0e7ad4772f4301f0d0f40073320ff609016ae68a34237b2298c40ed67b24201e7a768dd99b2180a25fb8f9d7d719bcc71a08fd4d49a7ede9ce75ab0341ba2bc8,CLEAR,DAYLIGHT,DRY,IMPROPER LANE USAGE,2.0,47.0,2.0,2.0
0e7b0f4d4ab202c40ecb665c300d1c17f9979c060a238216bab321ad3d12952cd13380e21dc48faad3422fbcc237145793db97356a44e0c9fac18a14cf953ba3,CLEAR,DAYLIGHT,DRY,FAILING TO REDUCE SPEED TO AVOID CRASH,2.0,20.5,2.0,2.0
0e7b12f8e9b44d391833db97f2a67ad217eefe13823322aca47fc99f5269365958e6945a937fec45547dc314466f0704773f4b37e1ebaa35c9008f987aec670b,CLEAR,DAYLIGHT,DRY,FAILING TO YIELD RIGHT-OF-WAY,2.0,38.0,5.0,5.0
0e7b430a416ab8b6e34d52f69711e6cbcc3ee1fbbe81ad3e2c5517122c460d4bfe2dd4c97dd885c71a216d251053ea008b11fb8ffc3be767432bc3130a8eb0e0,CLEAR,DAYLIGHT,DRY,FAILING TO REDUCE SPEED TO AVOID CRASH,2.0,30.0,3.0,3.0
0e7b4eafe4091507efb6145af3035ac982bd535b9379c3eb8513be770f7b3040880d1b4389618d2920e83f9dac34a06ee156ebe72f5c1fad912629fb5a2572f8,CLOUDY/OVERCAST,DAYLIGHT,DRY,FAILING TO REDUCE SPEED TO AVOID CRASH,2.0,37.5,1.0,1.0
0e7b67d1db6e00608d852c34852f5d3e961873adcc56e9a8e1ff768a5ef94f0db2a3bafe57adf3480c02a39c5113300157cc1b50f26ce15753f88058a3948a3d,SNOW,DAYLIGHT,SNOW OR SLUSH,WEATHER,2.0,45.0,1.0,1.0
0e7bb2960951442b2ff6bf86430a643715e46f19c6dbf142d8f897054f411e9555a51c6c8a0883b36e3f175782f317e560754c11a87f7fc674c2e00de6d877ce,SNOW,DAYLIGHT,SNOW OR SLUSH,WEATHER,2.0,39.0,2.0,2.0
0e7bb3e39d691f30d897ed8d00da09f033d87daa73f75fd5cc121d3c9502a36313c923a3e215660128ed9d0b171dd026ac7700a84b1a66445f91c73ba5b76bd7,CLEAR,"DARKNESS, LIGHTED ROAD",DRY,DRIVING SKILLS/KNOWLEDGE/EXPERIENCE,2.0,37.5,1.0,1.0
0e7bbe7af242a82c3895a70f1913e1c5d0be564d4d3a8a850fbff7de21ec188f51d00a91c129536544240074f269afba540b7810dff6bdc1d52109b96dbd4dbe,CLEAR,DAYLIGHT,DRY,IMPROPER OVERTAKING/PASSING,3.0,41.5,3.0,3.0
0e7bcf9ce3d2560a2df10eaca9ca4bd019a264290b7b1f070d83b416f16beaa464818ac0ea6d59425fbd5656ac98395e516ff1115289a1a2af91130297dfa3b1,CLEAR,DAYLIGHT,DRY,IMPROPER TURNING/NO SIGNAL,2.0,46.0,3.0,3.0
0e7be02af6d88ceafa33269b02c6b61c1d12333e23a96b236899081f7986814667397d041ae7193e8fae2d91d7c18651c35b793983e602b8455d2d46781fc6e2,CLEAR,DAYLIGHT,UNKNOWN,EQUIPMENT - VEHICLE CONDITION,1.0,51.0,1.0,1.0
0e7be247d52315b8f2eea5e303e8936ffa65020b804a50a9bfd2bf66203fafa2e9cb2a062d0f3b68122d344ee1987847bf8be399ff989042c2d0bac8b92caf40,CLEAR,DAYLIGHT,DRY,FAILING TO YIELD RIGHT-OF-WAY,2.0,56.5,4.0,4.0
0e7c00ce1a72eb49587ef6158c5f1404e25ccafcf0068a8f95e2c4fe5caeb440abe47dd94a386d81f30c2f92b29f88115ffec653a4adcb651b52811e9c5e3ca9,CLEAR,DAYLIGHT,DRY,FAILING TO REDUCE SPEED TO AVOID CRASH,2.0,47.0,2.0,2.0
0e7c05dc2353931d27d1121d24260e3c441aff0279778154bc8f10316edd06fbcecb67383f614d5dbc85fb9ec4eb5dcaa404bb568abcc0386f37f5350365f27c,CLEAR,DAYLIGHT,DRY,FOLLOWING TOO CLOSELY,2.0,50.5,3.0,3.0
0e7c6fcb0acf4fe0962e71220037928b9a32c075ba11c19d6176d56072eb2f42e7bf769583bfbf13b573d3f43ac64ced2eba39738d6c4f97fffa55235e4dd890,RAIN,DAYLIGHT,WET,IMPROPER TURNING/NO SIGNAL,2.0,74.0,3.0,3.0
0e7c9ecc1f6e678a89e7f142af3936758f27223b5c47ed678b458531c83ef71845c383bd7fd8c6d6f3404462b8a782baf9d29a998e80a179533a71371028d0b9,CLEAR,DAWN,DRY,IMPROPER TURNING/NO SIGNAL,2.0,27.0,7.0,7.0
0e7cb8ae72bb85aff0f612d012a158c1306fe9ae8e40db75eda8a4cd50c86943a91419c159c44ae84373134e0f23c9f665bbbe8078c61f599e296fc0602d21dd,CLEAR,DAYLIGHT,DRY,DISREGARDING TRAFFIC SIGNALS,2.0,37.5,2.0,2.0
0e7cce062d94381c871e3112aee3a7d6dda20d2f0f6d562663d8242945b11799ea85d6b46f51f90b518ed406b317e54709afac3dbd326795c4e1bf06d9939b9c,CLEAR,DAYLIGHT,DRY,FOLLOWING TOO CLOSELY,2.0,48.0,2.0,2.0
0e7cd2dfa6c0e9acbee85e2684541fff93c47f0c073d62bedfcdd3d5930f94516e55b83a3d32b063b96497a97e22f2cb5e89f86e70e6c909d5233bc7afb148bf,CLEAR,DAYLIGHT,DRY,IMPROPER TURNING/NO SIGNAL,2.0,34.666666666666664,4.0,4.0
0e7d07a26a0bb419be7b109860016d58e25898794614eb9b21678734b00a6fb3e013807a8b11b261a91752dafa4c2081babc04a5711de78ba98ac9a84c4d31cb,RAIN,DAYLIGHT,WET,FAILING TO YIELD RIGHT-OF-WAY,2.0,25.333333333333332,3.0,3.0
0e7d102ddd4f8c9b52dd90f278f9d2d8d299b5e3f37dfa5d79b829c01c8261886fe8676076df53431e26a18534480a47a9a898d976a2214da6cc88ae60e3a9e7,RAIN,DAYLIGHT,WET,IMPROPER TURNING/NO SIGNAL,2.0,37.5,1.0,1.0
0e7d1bc80af2fda34faa022fc81c2b06a9e9977d0bbb9864b00c9686c9c4e6c14e5b269311af1a69791c0f40dcdaf9cec6907fd43ebc04540709f4ffdf63c0f6,CLEAR,DAYLIGHT,DRY,FOLLOWING TOO CLOSELY,3.0,47.5,3.0,3.0
0e7d230310b4bdc45b2789494cc6a0f3dcdb7f4a40fbeb6fa98bb2da4ee65dbc2b040e6893dce11497588c67f9da9151aecb50923cc7ee7be8b01e4b43c29ec3,CLEAR,DAYLIGHT,DRY,FAILING TO YIELD RIGHT-OF-WAY,2.0,38.0,2.0,2.0
0e7d27d9c0a5f9c808b294a90e17d00086b534f42d525e20e4b1f0eeca3ee9e32f66e7242e7fa5e8410b4450df87e3b66710330404565f646db299b1d91da239,SLEET/HAIL,"DARKNESS, LIGHTED ROAD",ICE,DRIVING SKILLS/KNOWLEDGE/EXPERIENCE,1.0,37.0,1.0,1.0
0e7d29c5a47f45c545769490a2d0ff38f511ef70a8445f4dfd34908d7bcbb3c2f6300dfdd13324d77753071310b31ca713500990c3cde028e8cf1d57a395d6a2,CLEAR,DAYLIGHT,DRY,IMPROPER BACKING,2.0,40.5,2.0,2.0
0e7d3891db1eaed425b55e00f4ae0c2e12944e335d6a081795abe0ceac9ca0349da419238c624eb24d18c157cbd33d775eec7e7510a32bfdbe04b448dfe74659,CLEAR,"DARKNESS, LIGHTED ROAD",UNKNOWN,DISREGARDING TRAFFIC SIGNALS,2.0,24.666666666666668,3.0,3.0
0e7d3896ddc8899f61155b4b6b8b5958f92de8aab7d140c3bd78b71c59c3db7729a4d695144c85d657516d295d96ff7d4f1190eba706355ed5ce8355439c1e37,CLEAR,DAYLIGHT,DRY,FOLLOWING TOO CLOSELY,2.0,43.5,2.0,2.0
0e7d44713cf13d3cff7820628097ca4bf2f5a709c1685a168cee840a8785e0b6d1a359fe5f9347dce7bc1687275a22d7cc1b1c1ea0d16e4b6ecf10686fff9fff,CLEAR,DAYLIGHT,DRY,FAILING TO YIELD RIGHT-OF-WAY,1.0,46.0,2.0,2.0
0e7d4b58f48a6d76e5e81dcd2704ea31592c68668b8b37de2db62737f5f1953545ab0cbff2d2af458d6eb1028e68c7d9d49367f359a3543dea18440a9a7bd305,CLEAR,DAYLIGHT,DRY,IMPROPER OVERTAKING/PASSING,2.0,42.5,3.0,3.0
0e7d5a5cdf74be0cfa7836d139ba9b08090ce53fe33a446050cd39e4e30b432d0e7684f830421e9492a2bf7b3e005eccfb1acd851df4f51dae5c472b97cd6d25,CLEAR,DAYLIGHT,DRY,FOLLOWING TOO CLOSELY,2.0,66.0,1.0,1.0
0e7d6a28a42f792faf1e19ba190a8a83e1c66861236a7fdf6a9b58ca8ff93cb7230eefc39c98a4bfdd2762c5be1037cda001230f1f2916111516d1c14eb43446,CLEAR,DAYLIGHT,DRY,DISREGARDING STOP SIGN,2.0,55.0,3.0,3.0
0e7d8c24e75c8d0af6a1730e8d9fa595127229997cd6c0f22dab39bb0c03b9045b1cb2daadbd7b8c2a123980a8b416464371ec0faef5a796038a81b30118745d,RAIN,"DARKNESS, LIGHTED ROAD",WET,FAILING TO REDUCE SPEED TO AVOID CRASH,2.0,36.0,2.0,2.0
0e7d9408d65e961c846d8ae4095f94cf7ceafc4ea67edb5ab78f05bcfc9775ee08688e92337e203b7eef6b1d4bb0816e7b9658ace2e0a11e2d368faa3f5c1ba4,CLEAR,"DARKNESS, LIGHTED ROAD",DRY,FOLLOWING TOO CLOSELY,2.0,47.0,2.0,2.0
0e7da51768200d4e5f007ac66df1facde6c67df9867b7a7c7e250f04e2b014eea94e9c009d120815842f48a0dde7b493aeeb979fc68e27b62e36701360c39e93,CLEAR,DAYLIGHT,DRY,IMPROPER OVERTAKING/PASSING,2.0,46.0,2.0,2.0
0e7daad681f038d96e3e7691a2012d734270efce9747616063c10fc1d5c3535365d11016fbb4f620e7ad680e674c564ae824765acb4d23db69405358494c5d03,CLEAR,DAYLIGHT,DRY,FAILING TO YIELD RIGHT-OF-WAY,2.0,33.5,5.0,5.0
0e7de61e0070a25b6c4ea917cb1b8b6568fd104fba7590d81dacff6ec5c0bc07d5446836e71d2999f097ec0781a94acd7cc3604d42ec7a36edbedc81876b4907,RAIN,DUSK,WET,DRIVING SKILLS/KNOWLEDGE/EXPERIENCE,2.0,28.333333333333332,4.0,4.0
0e7e00a70c326a382dcfe45250b3b326f1698fc428df12dd92067314eb56e8b68ce1fcb2d130a98c83cbcc72260ef7475b5d088c5692eaa4748e271878a61bb3,CLEAR,DAYLIGHT,DRY,FOLLOWING TOO CLOSELY,2.0,36.5,2.0,2.0
0e7e2bd7e258933666342a97652a4cc10493e41af37105347e3a262b4349f3f6b4e2fbcc123cf63828f0a773a1ee0b9f159c0f7d87267bba01a6464011fd547f,CLEAR,DAYLIGHT,UNKNOWN,FOLLOWING TOO CLOSELY,2.0,37.5,2.0,2.0