crash_record_id,weather_condition,lighting_condition,roadway_surface_cond,prim_contributory_cause,total_vehicles,avg_driver_age,total_people,total_injured
0e7e3eeb27be0e2b8dbb5520f6b6e7c788ec556fbc0adb1ba0c689d3294c16daad9f9c8fde724a660b34f26398e4d56ab81421fa5664e5ee58053a1018876de8,CLEAR,DAWN,DRY,FAILING TO REDUCE SPEED TO AVOID CRASH,2.0,44.5,2.0,2.0
0e7e4d4114ae52de184d9658aa324e7ffc2c9c8e2070a3505550a7a708e0566b22815bd265b011ef65b31162aaf3c38c1e2180d651485b35fa61679a57c9a488,SNOW,DAYLIGHT,ICE,WEATHER,3.0,46.0,3.0,3.0
0e7eb2b499005679cb32b34fb85f9996dc27923704b8bbd05acd2d370b630d8d3508fad647a314fe4511b5843490158bf9cc48ee9a18e1e0d7ec3e0c6233e7b4,CLEAR,DAYLIGHT,DRY,IMPROPER LANE USAGE,2.0,58.0,2.0,2.0
0e7ecda6cf79756907bd856302d74c9cb533209e27acf6eb8bafc6672a317d8915a64cd9693ef14ec7993cc6c9892efce75407d6581dc2902c03aec6a1c3b7c4,CLEAR,DUSK,DRY,FOLLOWING TOO CLOSELY,2.0,37.0,4.0,4.0
0e7eda02de369f476f741df6cd99792870e9d9dd4a8565a6d5095f7ea9805b10a65b7ff93c9d7187a93e0accad913836d74f918512d2115d0c780cfeada1c83c,CLEAR,"DARKNESS, LIGHTED ROAD",DRY,FOLLOWING TOO CLOSELY,3.0,28.833333333333332,6.0,6.0
0e7f0b6cdb4512068a60c3d976134b3976c3e15a1d0cc98688cce782d8d2cdda699e9b2de6e674e8f9c2d0652e3442642babd54700870a15775852066bb33882,CLEAR,DAYLIGHT,OTHER,ROAD ENGINEERING/SURFACE/MARKING DEFECTS,1.0,30.0,1.0,1.0
0e7f23e195601f6701f9c3d942b7268431d966609f8cd10ba4d5397d24a964a86d329ebf2c92cc2176912ac5133405140d7bae721460dfd304d5c70edbf6c241,CLEAR,DAYLIGHT,DRY,DISREGARDING TRAFFIC SIGNALS,2.0,42.0,2.0,2.0
0e7f3c17cbd1fb50f5d742fe1ef1a698744c90a90cf541a8f710c824cb80df69ab010d21d4a2c9a19d8b68c13cea4f51cdcdae16090e67a5efae3544a9d4f9a7,CLEAR,"DARKNESS, LIGHTED ROAD",DRY,FAILING TO REDUCE SPEED TO AVOID CRASH,1.0,21.75,4.0,4.0
0e7f486f309355e625202b8bc0c8d54e9655cedf2a6fe2ac33a2f1d4c03f89d4d5ce2acefb1eff84e6367ec8bc9237774ecfbbd50c5414ab565be28c844ab794,CLEAR,DAYLIGHT,DRY,IMPROPER BACKING,2.0,41.0,1.0,1.0
0e7f718eddf7548370df2fb204a5cad56474897f717c0745fa85f740862d2649243d69db9648bf77dfe3bea5728827bbc6007a307c72b6129ac10f407c8172a6,CLEAR,DAYLIGHT,DRY,FAILING TO YIELD RIGHT-OF-WAY,2.0,44.0,2.0,2.0
0e7f879c01867911c413c7fa62acdf7a54f2922a4f1996fd574614b36c00ca917b20d0645043def8e9709a6fe95ca40975594c667ce8712b54273bcda1951bbf,CLEAR,DAYLIGHT,DRY,FAILING TO YIELD RIGHT-OF-WAY,2.0,25.0,4.0,4.0
0e7f87bb8a5feb7dbcc4107983a2f168c03edc715be3ef975fe074ea4b7cb0281a18e93a1e36eaadc49b03f7f3e7cdf2288e34537bad88896f94ef9178254899,CLEAR,DAYLIGHT,DRY,EQUIPMENT - VEHICLE CONDITION,2.0,63.0,3.0,3.0
0e7f881b169d55458f39de1c063173377c6cd3b9308a7adc3144fceebcabe5df1aa511222df08e74a57e2fd53ada36a09da0fe002f0209915d609a6dd96821e0,CLEAR,"DARKNESS, LIGHTED ROAD",DRY,DISREGARDING TRAFFIC SIGNALS,2.0,24.428571428571427,8.0,8.0
0e7ff71824140d58399f8232e5a2f624052021ba58a327c924109b9f6375ad0750d1b0f33f131d4958db5385ad3885054c5e9cfe6447f5f300bf1ae0ef410beb,RAIN,DUSK,WET,IMPROPER TURNING/NO SIGNAL,2.0,25.5,2.0,2.0
0e7ff762ef2f531b4a1295c34c92807e4071b2a5f93b45f01c1e3e0e98f3cc78c9e24987f57fe26f54ff1434cae04d6c39bd271307e90ce8dd066b7647950dff,UNKNOWN,"DARKNESS, LIGHTED ROAD",UNKNOWN,DRIVING SKILLS/KNOWLEDGE/EXPERIENCE,2.0,37.5,1.0,1.0
0e80101fffff11cedf285a5340bb25480cda326411fb8f91c2a9991aed02203b30eafd67bd2d0c16757f02c6f0d3ffa448464af97c2c1eb4f7b2d2c7fff06182,CLEAR,DAYLIGHT,DRY,FOLLOWING TOO CLOSELY,2.0,30.4,7.0,7.0
0e801a94070fc1cc2c804d311acf84c28a4f287e00f7e85b606e1593bae325b1bbefbf991754b28eb10989211ee822904e9710b8080e64c67a82ffdbaa55795a,CLEAR,DAYLIGHT,DRY,DRIVING SKILLS/KNOWLEDGE/EXPERIENCE,2.0,45.0,2.0,2.0
0e80596e8f4b4584c2e774943383705403245f41b5eb070b90cbc1b5f63dbdc87a345cf9c3d6e2bbe4d7d97e556144ee9de72801799ecacdb33f166a2c6b2c54,CLEAR,DAYLIGHT,DRY,IMPROPER OVERTAKING/PASSING,2.0,64.0,2.0,2.0
0e80634f9cafb3c88d28df9d77ecd746d45f03f24f423b6f1a37f2ef4ff277500272430823177ee77ec84c9e76835ed69d91642518c5c9b425dc7c9c7df48299,CLEAR,DAYLIGHT,DRY,FOLLOWING TOO CLOSELY,2.0,39.0,2.0,2.0
0e8081c899df1a67f396a612e29e1bae75430888b5fc55894657e5726a53e19143c2997017b7bb3687ff155c882d7d6fdcf1117bc81659b887421547aae056e7,CLEAR,DAYLIGHT,DRY,"OPERATING VEHICLE IN ERRATIC, RECKLESS, CARELESS, NEGLIGENT OR AGGRESSIVE MANNER",2.0,51.0,3.0,3.0
0e80831147a776b8d12088cd1b69bc60485e4bd47a0cab82b6b5d5dc7a19b0d397f396cfcc1586df5330b95b1ff410d2db026b189ed76967a041aa503262a944,CLEAR,"DARKNESS, LIGHTED ROAD",DRY,FAILING TO YIELD RIGHT-OF-WAY,2.0,24.0,2.0,2.0
0e8087161f5e90830d0e4653aca970f992ac4e9a19d70b29b196d64071556ab5d8fb94e26563496970b582ed93f7c6479ebe6dc8133b107c1201ca2e986cf7fd,CLEAR,DAYLIGHT,DRY,IMPROPER OVERTAKING/PASSING,2.0,27.0,2.0,2.0
0e80d00ac9357afdefb4d9aff763022249fc5a3711e54c76f23b43802a31cacc1e5be2e95a32ad67386831c476335c87de8c01094a89f3a6a0435995ce79640b,RAIN,DAYLIGHT,WET,FOLLOWING TOO CLOSELY,3.0,42.333333333333336,3.0,3.0
0e80e287bbd38530787fc55a9c0ccd43ec7e933bfb2f7c6087c623adc04d74ab591f6146aa2d85740122c0f217dde28305155a182773747f0fd3f2efbce19bb3,CLEAR,DAYLIGHT,DRY,DISTRACTION - FROM OUTSIDE VEHICLE,2.0,33.5,2.0,2.0
0e8122e2bc2fb2006b60dcefad738a3686ec67b1c77a5d2307a44edd256cf8aa10ce4624216d05b1854264e7a84d1ae74aaf053eb74240695b07eeb67015ea8e,CLEAR,DAYLIGHT,DRY,IMPROPER BACKING,2.0,23.0,2.0,2.0
0e812752b8855f2343b7ba948a05f2344062eda9e0c1dc903930b334bba68531903360528ec7358b15d6edac9dc93fda4ee33ebd1f6229f426e58b8a1f8ac009,CLEAR,DAYLIGHT,DRY,DISREGARDING TRAFFIC SIGNALS,2.0,42.5,2.0,2.0
0e814e2680f8ed379a25704e02cca3b5c55002bc5987fde5278d0ca11993495b6971a2edde6aeb39e4ede405da24c09c87151ce20a6f3f1f1a3c1408ed63bba5,CLEAR,DAYLIGHT,DRY,IMPROPER LANE USAGE,1.0,41.5,2.0,2.0
0e8152166d7ea64aa2c3708a785ac01737a1271ce2e73367daee416ffb7647539b67353985bf4314d4f349c247802bc5f2856dd7376461bc45f6180b48c65476,CLEAR,DAYLIGHT,DRY,IMPROPER TURNING/NO SIGNAL,2.0,36.5,2.0,2.0
0e81805418b7ce52728cedcbbc9a1cb1c4c0c2d3b5b98709810f5abfc300686fda2236c0682c7e5d0ce53d917704060d13f5017eb45161e6201307d30baf8727,CLEAR,DAYLIGHT,DRY,FAILING TO YIELD RIGHT-OF-WAY,2.0,28.5,4.0,4.0
0e818e33877d7b8cc0b942dedbee8062020a89e491aee105d68cc495c2bb351a19e7f17d939f8afb5ca6362693ce4388c25d965aa61641a1a63b92cd9efc1b55,CLEAR,DAYLIGHT,DRY,IMPROPER BACKING,2.0,44.0,2.0,2.0
0e819ef80a86fd37d31ff89c067cd5230b24261e8244f5ae0ec6c637c68e87dd8ec75db3cffe1eeb9cfe6722d2382d874ba209bf7d7db8f1dcd8c7e5420a887c,CLEAR,"DARKNESS, LIGHTED ROAD",DRY,FAILING TO YIELD RIGHT-OF-WAY,2.0,39.0,2.0,2.0
0e81a0ed7bef92b291929db860c44bcf0bf6ba97355836332f20d9b8dccf6dda0b52119c41f2b3f141e660a96ec88a26b8f0624fa646cc0871e2c1d7bec72953,CLEAR,"DARKNESS, LIGHTED ROAD",DRY,IMPROPER OVERTAKING/PASSING,2.0,41.0,1.0,1.0
0e81a8569b6ef0b2728b17259317b77b802971ba68df1b4cea11091ee928e33fee85f60c419ae3152fa3342da28f8a4949fbf54429f8ec9472600f132e655838,CLEAR,DAYLIGHT,DRY,FAILING TO YIELD RIGHT-OF-WAY,2.0,54.5,2.0,2.0
0e81b9ad915e39dc3a3319ad3f24abf3437bec5185741adde527a5d4b483be177bfb59de51e40bbf608bd4000e636c50ba97ebddd405f86a97ee199f29ce43fc,CLEAR,DAYLIGHT,DRY,DRIVING SKILLS/KNOWLEDGE/EXPERIENCE,2.0,34.5,2.0,2.0
0e81c00038446d34b5d157b109f6d246ddcbdcd7ed8e85708b5228fefc585f5a402e1313a793194c38a93220f25abf90b1e0f77562fc89340314feb600106817,CLEAR,DAYLIGHT,DRY,DISREGARDING STOP SIGN,2.0,66.0,2.0,2.0
0e81d8179f808e61d225ed9bbcae7127036b64606b67a46e0f5e06a59d6802438bd0dd9b7e489ee0225d517dc694e72df795a05a18127b1befabce36f7884e71,SNOW,DUSK,SNOW OR SLUSH,WEATHER,3.0,36.0,1.0,1.0
0e81d9e45331331ace06bccf5da114bdad1f02042b04287896d4cdf3690a911018bbd1410f134492d7b03a0b614a7e095e62dd26bd248a993569fa7a089731f6,CLEAR,"DARKNESS, LIGHTED ROAD",UNKNOWN,FAILING TO YIELD RIGHT-OF-WAY,2.0,41.0,3.0,3.0
0e81ed9a45637a991f8b3c92785a725272c21b09555c0fd7e08d98b358797a4f227790f1f0a9e07e09bae6c52efc6e48b0eb938def825ac993b976e1278eff67,CLEAR,DAYLIGHT,DRY,DISREGARDING STOP SIGN,2.0,30.8,5.0,5.0
0e8247fb2f8d207430ded56cb8a4266b5549c1e74635174bc6eadb8cc9337f43973bdaf26a29677ced33be0b845f779e1199a8b31b42e9a51bfc01faab8d4a41,CLEAR,DAYLIGHT,DRY,IMPROPER TURNING/NO SIGNAL,3.0,27.0,4.0,4.0
0e8262e3d2fd786fbd547176c2497fed7ac9c72ebf4c554f6b8eeecb83ca3dbab35e42fbd43c85a1dd9205bcc0e3cb7cab04dfbe5a7f97f5ff292b4f393b2922,CLEAR,DAYLIGHT,DRY,IMPROPER LANE USAGE,2.0,44.0,3.0,3.0
0e82727aea43d6c83b45b3b3e910589331c5cd1658326ec0f7a001a076a6c1776073daac8d3d30e4662f3fbec63fc56484a48cd1469d98ab052f5a04c6c02053,CLEAR,"DARKNESS, LIGHTED ROAD",DRY,IMPROPER OVERTAKING/PASSING,2.0,33.0,3.0,3.0
0e82914e0b6184c757ea248e3b21cd095fd959443bf462c6d7741c877c6e03b54a200a63dc35ecb5333265ba67c66203179aad8f8af1e254c7161378081e6cc4,CLEAR,DAWN,DRY,DISREGARDING TRAFFIC SIGNALS,2.0,30.0,2.0,2.0
0e82aa7ea9a471ef03d88484192c8229f67882841e1500af023f4b67686ca4906736071e92cb5edcd2d6de2874d771741bcf994db5514dad1254ca10174a5217,CLEAR,DAYLIGHT,DRY,"OPERATING VEHICLE IN ERRATIC, RECKLESS, CARELESS, NEGLIGENT OR AGGRESSIVE MANNER",2.0,37.5,1.0,1.0
0e82b5209f4211160b9589119f6b5c651c4da6ebfcc7323920f613ab9e208c5d30553cf6e1f4fe82e6d3c99c43fe7d3f3489d5f4b91322556ef691314df0c1a6,RAIN,"DARKNESS, LIGHTED ROAD",WET,FAILING TO REDUCE SPEED TO AVOID CRASH,1.0,16.0,2.0,2.0
0e82bfd8bd2f3480c65670f0242c8322500978d2d3c53a0946ef13d1921e1764f7f7c42bd9a5e2e2cb72254c3c276694bd7d423b0ea1159381cf06e8efe5cfbb,FREEZING RAIN/DRIZZLE,DAYLIGHT,ICE,WEATHER,2.0,40.0,1.0,1.0
0e82d93662bb0c0faa29ad44188ed206085735a174068871f9c4a801a16d6df341d310cf2488981b7ea760bba8f474980f4a8f3e4f608a1a24168eddceedf33e,CLEAR,DAYLIGHT,DRY,FAILING TO YIELD RIGHT-OF-WAY,2.0,56.0,2.0,2.0
0e8307ac95cdee4097fa1490712f94cd9f4ad306bb0b04a2af4d5ad80e8021efd293b4bb5f37c8562dbba9ecb439d4938266189a6536d719543b6451b68ded63,CLEAR,DUSK,DRY,FAILING TO YIELD RIGHT-OF-WAY,2.0,44.0,2.0,2.0
0e8330bebc3c6445cece64589b9ddc8000d263450e1280104dce454d59d71dd1d193f8c960ea69e768c55142ba59497320ed7ce754a206caf2e522d2d6445356,CLEAR,DAYLIGHT,DRY,FOLLOWING TOO CLOSELY,2.0,45.0,2.0,2.0
0e836467bea41076d4b028193d44d3ea56b02bf0fcb4adc09ad1aec36ccc6f439f86692dc0e8ecbdd44bcbf6fa4fdb94d3ad9cac69a884f29282456844969db2,SNOW,DAYLIGHT,SNOW OR SLUSH,FAILING TO YIELD RIGHT-OF-WAY,2.0,57.0,2.0,2.0
0e83651625a97f2f926d9f2e357e900b7bdf2d51ee7e67c23525fa52529a101b3d29dcf3f5e90f985f16a222b1dfc71d844a150ae587bf87f0bfd32c4296b015,CLEAR,DAYLIGHT,DRY,FOLLOWING TOO CLOSELY,2.0,71.0,3.0,3.0
0e839af32303dfb166e9c4df84d6bf3b1ab434108f726c46843f275f738061379caf26bee24e6e16ba2979ff1487704dc27fe9a1717e2e654e8da06e8f1927af,CLEAR,DAYLIGHT,DRY,IMPROPER LANE USAGE,2.0,61.5,2.0,2.0
0e83c315fa84d805ec0f16c9a6bddc6009d79cbd5777b39c96a69c8fc58821b63d499dd9be7f7c0102aa9967311ceef04e9bb69dc8887aed2cab109e0820f8ce,CLEAR,DAYLIGHT,DRY,IMPROPER TURNING/NO SIGNAL,2.0,33.0,1.0,1.0
0e8419ce7dba77e03091aa952da2e015f81351bc8e2088898a364366c700e8be688b769d2db77f5921e31830e2eb325033136a081181d637685b06af42dad2f3,CLEAR,DAYLIGHT,DRY,FOLLOWING TOO CLOSELY,2.0,43.0,8.0,8.0
0e842b785d7709ed8f818015ce4e822db8727872d84b18ec24ebd8ab3bb22b718b2a478a3b25fb89a0e6998debe9d1c37bf23b1fec690792c0e5bc5b390055af,CLEAR,DAYLIGHT,DRY,IMPROPER LANE USAGE,2.0,37.5,1.0,1.0
0e8434411e1a065a0493e1d40d0ce409719b34ede1f78613c9406c1acdf4aa06482e559d6d4ad77bee66eae95f0b59aa54a7e2b924944a25829edaa80f572305,CLEAR,DAYLIGHT,UNKNOWN,IMPROPER OVERTAKING/PASSING,2.0,36.0,2.0,2.0
0e845685377784588785bf10d8f5155ef03ab6920ac2fef6245fea92be89ca054ae5e5449c73f005f2a77809aef18202fa6239755dbdbbcb01fb56dd40a879f8,CLEAR,"DARKNESS, LIGHTED ROAD",UNKNOWN,"OPERATING VEHICLE IN ERRATIC, RECKLESS, CARELESS, NEGLIGENT OR AGGRESSIVE MANNER",3.0,37.5,1.0,1.0
0e8474beefa6b82d0492cbc8f4b4675ce10dcfe40984620ae6dce0cfb7a1bfc8522c4bedcf7205667e1b02d9d077ec983c6df10a7a974d1431fd2afa88088681,CLEAR,DAYLIGHT,DRY,FAILING TO YIELD RIGHT-OF-WAY,2.0,66.5,2.0,2.0
0e848fe7f47079c82c907e4e5b6dd1896d5c7926bd8fb41797df76e9538ba109cf845c4d87d99c694791752160dbf3c3db50deae7120157fb8007b59df501caa,CLEAR,DAYLIGHT,DRY,FOLLOWING TOO CLOSELY,2.0,56.0,1.0,1.0
0e84a8b72b5f4f12714a6a349077518a19e2098ff5b1ed369f1caa2571cac5299c6ca1c54c8e5606338f19d378894522449716a32fbe6654d367293a0dc68900,CLEAR,DAWN,DRY,IMPROPER OVERTAKING/PASSING,2.0,37.5,3.0,3.0
0e853b226c1b4c5f191332e3875e1045190fb63e03c1a6cb3666e37ef23924998699c18f97a47e0e484228bf0905db5e3eaf0eb36b04cd4e24d4497dc61c57a9,CLEAR,DAYLIGHT,DRY,FAILING TO YIELD RIGHT-OF-WAY,2.0,37.5,8.0,8.0
0e858e95c10e02643ca27442870106d92a5ea1b7dc89de5479f0466939e441c4e84dd7dce27a3aba4fecbc6da2a1e4e5b90382e2369e067f25de26abdd1403c8,RAIN,DAYLIGHT,WET,FOLLOWING TOO CLOSELY,2.0,27.0,2.0,2.0
0e85a5cc350e50741abde19ec146a9c92dc58299494d8a2b87bb6aca3dd95429d458e1026fcb70dc6daf881b95f61ac1ee096a5e69bc921e7bedc17b57122ea1,CLEAR,"DARKNESS, LIGHTED ROAD",DRY,IMPROPER OVERTAKING/PASSING,2.0,32.0,2.0,2.0
0e85bec31fc49f2cf734b333879884c16771f61f367f14a71b1cc85718f046ae334684d0a16ad34d51c10823015125269c35167636794da050e4e011b23afc7e,CLEAR,"DARKNESS, LIGHTED ROAD",DRY,FOLLOWING TOO CLOSELY,2.0,53.0,2.0,2.0
0e8634534d78126cd195c1511d00380211e25abbe7a8ecd38954f3c96b1e34bfd09c77d7f651a55b2d8a67c38657c09fff2afab887a683a48d27cb16008fe482,CLEAR,DAYLIGHT,DRY,IMPROPER TURNING/NO SIGNAL,2.0,24.5,2.0,2.0
0e86382814f17fafbbfcb592a03bc10d692f83630e7b09f7f48ead6ad41a99bf6852e9c3a2e5dfcd2cf93ac9c53ce283e0cd1c44e26b8691264221240a0dfffe,CLEAR,DAYLIGHT,DRY,FOLLOWING TOO CLOSELY,3.0,47.2,5.0,5.0
0e869cc66db246e450a9890f00a170a27ddc63b2c9c9800fbc510b64c9c1785df6e533a2cf33bd6ae2e2634fad34c5c3655d15acad70512e84883272443f6af8,CLEAR,DAYLIGHT,WET,FOLLOWING TOO CLOSELY,2.0,54.0,2.0,2.0
0e86c1c6f1d6e252e31447bac6b4d6b9ee6cc113c063e249ba8e70c54618bde29e0cfceee10f7dbc2651c099f995cd9dfffaf9433fc7730564b7aa46e7f32eeb,CLEAR,"DARKNESS, LIGHTED ROAD",DRY,EQUIPMENT - VEHICLE CONDITION,2.0,27.0,1.0,1.0
0e86e63304f889f519161407d4cdf13f21d26a224ca660f132fcc8a3d57dfc35738ddee03e43bd65de76ade79e870c69be3c1c14672c27a403cb7277f55c8e1b,CLEAR,DAYLIGHT,DRY,IMPROPER OVERTAKING/PASSING,2.0,31.0,2.0,2.0
0e8704480a77f0c92d53536d1b5b26a6283ce85e938993d059c7f593a988581ce4781517e486463aa71f79c61733350d2922945866bc90e8e4ec5438b8927cf3,CLEAR,DAYLIGHT,DRY,IMPROPER TURNING/NO SIGNAL,1.0,30.0,1.0,1.0
0e8732c7d4d616d792321d69ae86aa833c01aac1adc44f785c6edb60196bf1601b86ca087e788abb132d86456a090f5d0e3b5fceb53db6e633899e09118c700d,RAIN,DAYLIGHT,WET,FAILING TO REDUCE SPEED TO AVOID CRASH,2.0,32.5,2.0,2.0
0e87478b3805dcae1a17d339805a6f21bf6c671a123140d43cdea84f4c88863e083ed25070dfe1a92670d4087ab1e22335a683add7702d727becc932cb55fafc,CLEAR,DARKNESS,DRY,FOLLOWING TOO CLOSELY,2.0,32.0,3.0,3.0
0e874ef22138c7056ca73ed6ea253ffbcbc7e5af4c4970702816a7ae3e24603410ba0d80eb80b9e2b281e5ff814d944527d2c74b5e307cb7655bea1d333beeaa,CLEAR,DAYLIGHT,DRY,FAILING TO YIELD RIGHT-OF-WAY,2.0,29.0,2.0,2.0
0e875a0f97d344b9369be4e310d5aea3c83ea89a17c02100a1fc0adf1806492cc5a14f2c12593c4b53ace74e7c6f1c6ed164945dc21204258e6e5c1910becfe2,CLEAR,DAYLIGHT,OTHER,FAILING TO YIELD RIGHT-OF-WAY,2.0,55.5,2.0,2.0
0e8773ffb0b24c111b750b3f6630257383a28dd74676c2f24411e8af57393870de252a1ccab2ce1fde505f4583736734e63214a8455ccf1eb91cb0a920e0b430,UNKNOWN,"DARKNESS, LIGHTED ROAD",UNKNOWN,FAILING TO YIELD RIGHT-OF-WAY,2.0,36.5,2.0,2.0
0e877d644f354ed99ea8f8a9821ff8424f0f16aec7ff814db0fb4cd9ae258176802cbaafb0f60c30f73e6515a5d0c90f933631d56c881415d275e5f5985438e5,SNOW,"DARKNESS, LIGHTED ROAD",SNOW OR SLUSH,IMPROPER LANE USAGE,2.0,19.0,2.0,2.0
0e8790a5eb548605d9be4977a57377438a637fb6fcb42b29ddd471f27ee19fe0a6eed6696aface549111e5182f83b2036ec0b980bf862585ad415d205c4dfac3,CLEAR,"DARKNESS, LIGHTED ROAD",DRY,"OPERATING VEHICLE IN ERRATIC, RECKLESS, CARELESS, NEGLIGENT OR AGGRESSIVE MANNER",1.0,46.0,1.0,1.0
0e87a26758ad95f3a3bf4575dc78136d2c4236f44d20a51461c5c77c05ddb6ec132c4d863fef2d627db917dd6aae1bbf1cc9e9150c180c4ddda70c269e7e11ad,CLEAR,DAYLIGHT,DRY,IMPROPER LANE USAGE,2.0,32.0,2.0,2.0
0e88398beb24d1f1974c40b780b4c1fd6b9323597574db09758c8e77a0691c99a35cea443e0e4f7574976824175873079d24fa6c323e93dd023b6cdb88f6fa11,CLEAR,DAYLIGHT,DRY,IMPROPER BACKING,2.0,37.5,1.0,1.0
0e883c080f6399aa815cc7a9f70de7dfc36ee4e875e276a088902f91a1aef0462a2064939491a4fd4229210c77ca0069e9b21bfb50ea265d77fad1a09ccd2043,SNOW,DAYLIGHT,SNOW OR SLUSH,WEATHER,4.0,62.5,4.0,4.0
0e885ece0ef997d47843c214c36e9480c9df8708e495dd69f50767511e0ea2ef8e4e71606d4fefc001aa303c7d724a0b4777706a10f48de1e3f57976ff946c98,CLEAR,DAYLIGHT,DRY,DRIVING SKILLS/KNOWLEDGE/EXPERIENCE,1.0,30.0,1.0,1.0
0e8879b328807a74ce1b56bd64a13267b4c5d162893972673635f2cc27f91edb4f9c8cf931c2504666b704c463f6e14f0c4151b4832e584e0058d7c0cabd7bd9,CLEAR,DAYLIGHT,DRY,FOLLOWING TOO CLOSELY,2.0,37.5,3.0,3.0
0e888e8136750bb7e958bd08aa94a37517ee16d1c320bbafc449e4b86e74840b233ede482277eeb01557d99faad0d475dc967d13da01603f506588b7b9fbd04f,CLOUDY/OVERCAST,"DARKNESS, LIGHTED ROAD",WET,DRIVING SKILLS/KNOWLEDGE/EXPERIENCE,2.0,38.5,2.0,2.0
0e8899eef355e3f117a69b2c3ebba6529bdd9dd9522915fee861a9f21dd0c9dba75ffef67e9a7a281338b9201202b3b5fbb8aa1268e36f397949fbb38bb274f4,CLEAR,"DARKNESS, LIGHTED ROAD",DRY,DRIVING ON WRONG SIDE/WRONG WAY,2.0,28.5,2.0,2.0
0e88abdd4c34a4e146b60a1b5a502004bae5ca82930289ec32ad0cdc49f99ecbc1311de93455559c9082dbc639d3628b89fa46a8d356b91a29f9193f9f9f1763,CLEAR,"DARKNESS, LIGHTED ROAD",DRY,IMPROPER BACKING,2.0,24.5,4.0,4.0
0e88b8ef3971690ce471fbf2e3e56b192199227fcea17f6f366c5088bb9bfe890ccbf51c55ee7b7bc51d62f59661f78f1506790c33d88cae9a2b86ca81eb509f,CLEAR,DAYLIGHT,DRY,FAILING TO YIELD RIGHT-OF-WAY,2.0,60.0,2.0,2.0
0e88c0b57c23ce9709feebeecb657606d44f8ba5bb5cd44ac2bc0844735fa97e8e90b29e6e376f108ea9dd2dbe05b884ad88bf6de114ef1bdd6ab9173566a283,CLEAR,DAYLIGHT,DRY,FAILING TO REDUCE SPEED TO AVOID CRASH,2.0,22.5,2.0,2.0
0e88ea4da30914cdbbdfbd09546727ae7ef0d565f987b304b56fd051c709f0961614d728befcfed599e142e4ed486d11d7e5208ac0a93275bfe598e56a0d98b2,CLEAR,DAYLIGHT,DRY,IMPROPER OVERTAKING/PASSING,2.0,61.0,2.0,2.0
0e88fd907a95d8fc3e2089b30a5fb023d572259d16a23a5930d291ac31de01d9338851316663ca763bc2ccdc078b91130b46354caaadd74545e78ed1c34523ba,CLEAR,"DARKNESS, LIGHTED ROAD",UNKNOWN,DISREGARDING TRAFFIC SIGNALS,2.0,20.5,5.0,5.0
0e8903c7492aa877c782130b42afae6adb8e363915fb8ef836c1936b3518d784d99129851c74a46bbd11e0337373ec15b8f78ad97b18d710d013bccfff4d50d5,CLEAR,DAYLIGHT,DRY,FAILING TO YIELD RIGHT-OF-WAY,2.0,62.0,2.0,2.0
0e890ff6da2571fcc08ea4d075e244fb2de621552ade17f79198ba6e812067951b241af5d37d0e23da4776b55c556a34e7580ae8cfc0f759ab3ed11c03b77047,CLEAR,DAYLIGHT,DRY,IMPROPER LANE USAGE,2.0,37.5,2.0,2.0
0e8913a942171ccaa5404119c24958d7efd3c8ac70642bb3f08116d0647596998673c2fc43ac185e6541454071b51932e050c07a8ac45f7e8dc97df35a27371d,CLEAR,DAYLIGHT,DRY,FAILING TO YIELD RIGHT-OF-WAY,2.0,36.0,2.0,2.0
0e89385e16acf5e2e7b6a36e820eacdc626311340a566d6f484774ab1f02e74892ba4e506edc419c11b51652c8bde0e18cdee0521ff79f2268023d7b2ab83a47,CLEAR,DUSK,DRY,FOLLOWING TOO CLOSELY,3.0,45.666666666666664,4.0,4.0
0e8941d4fbaa3929bdc56c0219b34da415d7ddb045769d1d75be882b46326b1c92d4fb28503f7705896aca23448ab3492af20da31e442bdc70f4abf11149c9db,CLEAR,DAYLIGHT,DRY,DRIVING SKILLS/KNOWLEDGE/EXPERIENCE,2.0,32.5,2.0,2.0
0e89471deac415531cd2cb317f6215b555ef3a4f9f80898026c00f56b29a5a02fac7d9b4101af8c0314057d50cbf6dfdd061a6bdf80cd54f4f08214e7ab05327,CLEAR,"DARKNESS, LIGHTED ROAD",DRY,IMPROPER OVERTAKING/PASSING,2.0,25.4,5.0,5.0
0e89841a88d0a6a9da3fa35d9acad23eed7afedeed1e3dfd81e84e419df9b5d67b480e0106a00269b053ac8a396a9c0a5cac6296e29e82173bfef000dce23afa,CLEAR,DAYLIGHT,DRY,FAILING TO YIELD RIGHT-OF-WAY,2.0,55.0,2.0,2.0
0e898d76472c57d6c1dbe1c5999842f1a7e7da1796029e400e5e298ac81dbdd583b50003fe947367653b3957ee6132c04ebea450ea3e3e52b44a79512ac2562e,CLEAR,"DARKNESS, LIGHTED ROAD",DRY,TURNING RIGHT ON RED,1.0,48.0,2.0,2.0
0e8991f22ad2a8b80d1471db0f1d8d2526f07e0accb9dc776509a6035ee4975d96ec75c84fe1d9700bc5395b703ef756972bd9ea46ab8d58998e1cd6b5a1df05,CLEAR,DAYLIGHT,DRY,FAILING TO REDUCE SPEED TO AVOID CRASH,2.0,29.0,2.0,2.0