crash_record_id,weather_condition,lighting_condition,roadway_surface_cond,prim_contributory_cause,total_vehicles,avg_driver_age,total_people,total_injured
0e89a868989fa115fb54fdd3dbb7e12f282e52dfae39d03bb8fa3f7ea5b4eb9bd48bc7892ee10bbd4dfe88628c52924878d55b2127f4f6a2c7fb02e9a81d3994,CLEAR,DAYLIGHT,DRY,FOLLOWING TOO CLOSELY,2.0,21.75,4.0,4.0
0e89d8c2070630c84642c01ff2d5637766057edebc27ecdda8f4f241dc8cfd8585586c270a30ec1a0ed1f0e346a9a693b51db059e20a4c50cb89f16906a16b26,CLEAR,DAYLIGHT,DRY,FOLLOWING TOO CLOSELY,2.0,31.666666666666668,3.0,3.0
0e89efc5cb39ed49fa4b0e46d862190dbcdcec0ae9f4b8ce325732022ecf72f4bc9f7d28d42080aaf36cd9282ea317d1136d8df79e0e5f5318c5d7f27a1c2df4,CLEAR,DAYLIGHT,DRY,DRIVING SKILLS/KNOWLEDGE/EXPERIENCE,2.0,37.0,2.0,2.0
0e8a0052fdd16ffcd2d0f76b43f542243d7d479ef14d601554877dcd17a09ccd80b9fcb68c5d1dfea833e818b7db1f47004ee541e3d9caec60d9b4541d901838,CLEAR,DAYLIGHT,DRY,IMPROPER OVERTAKING/PASSING,2.0,35.0,2.0,2.0
0e8a05692c144e21f9508e73d13a6c9156083d7fd8b452e858b0762387a8ba7e26ad063677f5a5bdcd4f352b97dc159c17d31db77f8981d62508fe113d3487c1,CLEAR,DAYLIGHT,DRY,EQUIPMENT - VEHICLE CONDITION,3.0,28.0,1.0,1.0
0e8a0f0d4d817fef6861c97c8733e1e3d3bededc017ac5a906f39035e54e4f72affcc8bfc7d0ce5fb2a624804c876d9dd985a762859fdb2e3f9623dc1972b4f3,CLEAR,DAYLIGHT,DRY,DISREGARDING TRAFFIC SIGNALS,2.0,63.0,2.0,2.0
0e8a1dbf3288c4c698775d6fdf31f1dce5466a762d57ed91513dfefb9c18e1a23b4e5d65ef01a29a4df80906f38615c1c8fd9430f68dc13b83dd30fbdec21ad8,CLOUDY/OVERCAST,DAYLIGHT,DRY,FOLLOWING TOO CLOSELY,2.0,48.666666666666664,4.0,4.0
0e8a582fecf4556cc597bacbb21ef0f5f3747eb5ae3874a6255add3c2036d92fa8722fb894a3481d0cf5c2c7b6f40a44ebd8a66fd1ad56a414cdf854d849e8a2,CLEAR,DAYLIGHT,DRY,FAILING TO YIELD RIGHT-OF-WAY,2.0,25.5,6.0,6.0
0e8a66c30aea8a9c4f1284250d577f68026cccc255988ed14f6d46cb79bda071ff075637e0734d2b133226b64e08d98247592b288b17321a388afc605d09e860,RAIN,DAYLIGHT,WET,FAILING TO YIELD RIGHT-OF-WAY,2.0,69.0,2.0,2.0
0e8aa1963491bc819eefc80ccc33119060847ea8e811436ccf8291564cfb38b13cfa0fae9d0039ea38d2e3d7ac1c1860f7199ac05cb6aef9cf5c4104576ae801,RAIN,DAYLIGHT,WET,DRIVING SKILLS/KNOWLEDGE/EXPERIENCE,1.0,35.0,1.0,1.0
0e8ac5e404b3e9e5384c79f7b318dfb08c9a4449eb5e1e8d4be34eada2e9fbebbf935d27f6d4d9c737113acc8dc9b1be9b6f460bb841e50988861031e1952954,CLEAR,DAYLIGHT,DRY,FAILING TO YIELD RIGHT-OF-WAY,2.0,47.0,2.0,2.0
0e8adac20926570fc20cdc73e7e0deabd5bf63b714c1abf7ad882d0c8b3dd7652e16a2178011a9433f754e8a3197d95ab68e8a8a9378f087ebd98a442683efd0,CLEAR,DAYLIGHT,DRY,FAILING TO YIELD RIGHT-OF-WAY,2.0,45.15384615384615,13.0,13.0
0e8ae3ae2844da3ba91c7f2188f7e4f3c02328c247d7a81e37aefceb10141df42c637d3f5db57ff4a078eec0d3c8b9a4950a89da439a664dc3f766305a68a520,SNOW,DAYLIGHT,WET,DRIVING SKILLS/KNOWLEDGE/EXPERIENCE,2.0,38.5,2.0,2.0
0e8b26cb76e891d5444b0be18382e486f2dfe3100e58cbba740976833fec27c343d74789e4cce1da285e35e25363cc2a54fde78897240fd7a7731820ebad56af,CLEAR,DAYLIGHT,DRY,IMPROPER LANE USAGE,2.0,45.0,2.0,2.0
0e8b5bc85c568c799eaa5955462c97dc3d187ef6459f2c31b64285d48588a76ec72d9b53ea310863db330cba9d5e6e2b05e211c5d5cc1dac3ce0c4a60c78f5da,CLEAR,"DARKNESS, LIGHTED ROAD",DRY,FAILING TO REDUCE SPEED TO AVOID CRASH,1.0,37.5,1.0,1.0
0e8b97e455a253ac076becdfdb35d26904e77fa9c5b222331322dec78c299a785a02f31559f590eba742d3e079b6b063dedbef824f7321fdc5171681f99fa986,RAIN,DAYLIGHT,WET,IMPROPER BACKING,2.0,70.5,2.0,2.0
0e8ba683e42c297029bb0e032fa0ca3b2dbb19851bcb6fb20a0a09c70ca883312fee32ff94ef020c5012209dfa637cdbc1302abd7bf954a1ac9d154d26b20a09,RAIN,DAYLIGHT,WET,FAILING TO REDUCE SPEED TO AVOID CRASH,3.0,41.0,3.0,3.0
0e8baab92923d2c816150612f903c20c9b316435289d1d397c69c08086bcaf7683ecb12b898f984fd2104b50f173d7a51b1c85ffea92859d4ff708d64575f20d,RAIN,DARKNESS,WET,FAILING TO REDUCE SPEED TO AVOID CRASH,2.0,34.5,2.0,2.0
0e8bc8e359b693a1d3a456b9dcaf1c2a5377507ac8946f5145dca6147e695cd8e13069f0b51e4ba8acd1b9b9b3e8c4805f8a5f72e839aa86c13cd3f220309644,CLOUDY/OVERCAST,DAYLIGHT,DRY,"VISION OBSCURED (SIGNS, TREE LIMBS, BUILDINGS, ETC.)",2.0,48.666666666666664,3.0,3.0
0e8bccb383c73b197b317a4488e6614df8d50e1d93a7b794e64850befef7c852a4b04911f7ba26299f0820a0e23ca44175ad1f21fb62d9105488b82467ff0801,RAIN,DAYLIGHT,WET,WEATHER,2.0,32.5,2.0,2.0
0e8bd124ae82a9a2a2f2ed8bb5ed55879e0ef156196e4e360e12b3614163896a17380ca177095b32a8d82def8b06afa34d67bcb98b4b34563a7d133e93272e3b,CLEAR,DAYLIGHT,ICE,PHYSICAL CONDITION OF DRIVER,3.0,48.0,3.0,3.0
0e8bff46f39bf4965dcc1e7cfca0dc3482c799470e6b7b64bc613d02be904dc4a494bfca186641a26fc5b5713a63da9e6b64521b3b93c868860d4c9b68447403,RAIN,"DARKNESS, LIGHTED ROAD",WET,UNDER THE INFLUENCE OF ALCOHOL/DRUGS (USE WHEN ARREST IS EFFECTED),1.0,58.0,1.0,1.0
0e8c1f01ee7260a302a7d594a0c11ab06b3a2a4a8c7a755c2cfec82e20632c038137c2474a7cfd26a47b2401d97210caa72ba7bffbe31007ae936a19b724d789,CLEAR,DAYLIGHT,DRY,FAILING TO REDUCE SPEED TO AVOID CRASH,2.0,34.0,2.0,2.0
0e8c27021d97eab1bda3a29e80c79f24b2d6fb5e50d1a45bc0336a3b54023faba8a0b0498ec546565cace7cbaf69e7f92fee6fb733ad665ef762200f4813b184,CLEAR,"DARKNESS, LIGHTED ROAD",DRY,FAILING TO REDUCE SPEED TO AVOID CRASH,1.0,47.666666666666664,3.0,3.0
0e8c2e572c71cafb99a3bf3ca5a473453290af3fa8b1518ea344d99e70607a6a61688e7fca4ae968eb605e7032a7a4413ef1995a295358044f841ca80e41fab4,SNOW,DAYLIGHT,SNOW OR SLUSH,WEATHER,2.0,33.5,2.0,2.0
0e8c7312e07bc1195ed049bee255a64558d832374e2cd80d02ef335cd39a7e9707c276196d3f993c94fef15e99b597d471c4090ea42c54cc23deeee8ca106756,CLEAR,"DARKNESS, LIGHTED ROAD",DRY,IMPROPER OVERTAKING/PASSING,2.0,35.0,2.0,2.0
0e8c738ef52ddb1dc996133196018ce11215a2aaa6af0fe2dae34586740b3b37e17907577f8f11c7856f621bc42965a26991f3200deac05dffaa9e8d4eb12c9d,CLEAR,DAYLIGHT,DRY,FOLLOWING TOO CLOSELY,2.0,66.0,2.0,2.0
0e8c883b09eb9afca841f5248d97b51876ec3a35a12aa8ca21092ae1bd6ee6664be5816b2c90cc7d321904f904b20e7b7611d76dd9f49b00ebce5efc7dc83c8b,CLEAR,DAYLIGHT,DRY,FAILING TO REDUCE SPEED TO AVOID CRASH,1.0,49.0,1.0,1.0
0e8c8ee05260883625720cd65f92ca2f114576f5954b8473e5e1aaec120c881e202f4774c44d385324b72562ce1e63014cc08efa34c3812892069f62df41ef0d,RAIN,"DARKNESS, LIGHTED ROAD",WET,DRIVING ON WRONG SIDE/WRONG WAY,5.0,27.0,4.0,4.0
0e8c9b91187db13398bc82a1b2911aaf84655006e32fbd400a00c25532bb83f8210cccea19f7eea0f326666d036b1e5630b0f109096883485628d746966303f5,CLEAR,DAYLIGHT,DRY,IMPROPER OVERTAKING/PASSING,2.0,32.0,2.0,2.0
0e8cad48629c45dd0ca2c9c1ddc9c02075b7eec387fb478d7406abb3fb4909d98f1501a02768afd2c577d2a081e40fd9fab59a01377776db375a8137b4542bbd,BLOWING SNOW,DAYLIGHT,ICE,WEATHER,2.0,26.5,2.0,2.0
0e8cb75b292ad2b981a5902a45f7659e8234601f7192bb022a8d138bbf46682222329bcca281a1da5fa023c7332242f70f0fe443470caf6a97006c2065923ba0,CLEAR,"DARKNESS, LIGHTED ROAD",DRY,FAILING TO YIELD RIGHT-OF-WAY,1.0,20.0,2.0,2.0
0e8cd735c320b2bd7796df121a25978b5231abc5a6b1e3614cd9b6ea0ef8d28b748d35d57c0ec1431504e5502243b6ee209e8b7b6d02e4a404843e55924c441c,CLOUDY/OVERCAST,DAYLIGHT,DRY,FOLLOWING TOO CLOSELY,2.0,37.5,3.0,3.0
0e8cdb4525d182122a0cfec546b72f7045ac0a41d31092e989f40c62f065f4cf30e81f16b7f4062acc6ff81405dbbe47cb53f830d783fd411ae6f26883aabca6,CLEAR,"DARKNESS, LIGHTED ROAD",DRY,FAILING TO YIELD RIGHT-OF-WAY,2.0,46.5,2.0,2.0
0e8d2ab63bd3890c81f6d8b55ad50673e332a05a7db704ed5cde947f1badfc8ec8fdf66924f11c7848bff729add714b9b9ffbdb0caa48fe454fa617c2dfd7247,CLEAR,DARKNESS,DRY,FOLLOWING TOO CLOSELY,2.0,36.0,2.0,2.0
0e8d32dd8d399c554d07753eda2873a4d5e4a6491027f37c9b5e81b6b3db83ea2fbdfaaf49ef1666cfb32e7457a705ddea3d741c4a42cbe51fc0f363f486f5b2,CLEAR,DAYLIGHT,DRY,FOLLOWING TOO CLOSELY,2.0,28.0,3.0,3.0
0e8d3c2fcd33187dab8b7a5cfc68cc10cf4f48168d50038e750631411f33a9fe5ea0d741abdb254d7d73fa81b15394cb14b7111cf114994764311de3b031cf6a,CLEAR,"DARKNESS, LIGHTED ROAD",DRY,IMPROPER TURNING/NO SIGNAL,2.0,55.5,2.0,2.0
0e8d410d48655ba6523ad411542f375c710bd1155bf48d0ef0b1855f18b76516cd55caf9e802f14bd49efa7229713f0b77465d16628d81bb63278d38ace2fb61,UNKNOWN,UNKNOWN,UNKNOWN,FOLLOWING TOO CLOSELY,2.0,35.0,2.0,2.0
0e8d447bd8688e1009ff52df37ff62e91e1ff779bc044b485ee56f02f545d12c61b16afd551725c87c7e8a6e305091dea02df473d96b4bbc62eab99fcf7c7725,CLEAR,DAYLIGHT,DRY,IMPROPER BACKING,2.0,52.5,2.0,2.0
0e8d48f7d8fa4a30cdc05a567be6929aa1aad91cf0466452cf7647befdc337bc1f57463503dc847d64958d59a8b80560a4bfd9493c8f28d9175ade321f061c5d,CLEAR,DARKNESS,DRY,FAILING TO YIELD RIGHT-OF-WAY,2.0,26.5,2.0,2.0
0e8d5ae9bf487f0e5eb1857acbae3b5c5b3b587469e0146c6b697fbb7ac5377cb607ee60b972e8b52e9c1c97c66e70a44465a62b59a6fb1710a8104e350d7a3d,CLEAR,DAYLIGHT,DRY,IMPROPER BACKING,2.0,42.0,1.0,1.0
0e8d967d2a5677a6ae46bcfb0c49411613024a4416109389991f40e7cc8f3a1d4ae3e3e69050872c1c73399773843538f78512640277c969861ef71a7a8a9a6f,RAIN,"DARKNESS, LIGHTED ROAD",WET,IMPROPER LANE USAGE,2.0,30.0,3.0,3.0
0e8dc0c6814fe12ee0822ad011cc26da2e6db2c04f1fc1704ecaa0534534006c14bcb50b9b804375651cc5eacc185ea2b2e88b93c566a307f8d24051fadc0af9,CLEAR,DAYLIGHT,DRY,FAILING TO REDUCE SPEED TO AVOID CRASH,2.0,37.0,2.0,2.0
0e8dcbc75f32ab51e2d9399a7937ed2400d5932fe5c4ef20b07f322c9f8a42ecfd4c283413c7aa79a7be3d9ae408ff287302bb7337a428de43956ea05a177f21,CLEAR,DAYLIGHT,DRY,DISREGARDING STOP SIGN,2.0,25.0,1.0,1.0
0e8dd625dd95668c278e1c6d95d3040fc0e7addfb326493abd7169731e2f9dcc3fd6bf5cb41fedd1240de4801e4d29d3de0b87ff28275c2acce18849bbae4e1e,CLEAR,DAYLIGHT,DRY,IMPROPER TURNING/NO SIGNAL,2.0,41.5,2.0,2.0
0e8dda4b8ba7782730b2cdbdd48a24161020bee822e0f68986656e4ecc4db3e98b37b768e38242e6dd03fce49a574b926a8b45e7d56bd583d36540d657b4423e,CLEAR,"DARKNESS, LIGHTED ROAD",DRY,FAILING TO YIELD RIGHT-OF-WAY,2.0,37.5,3.0,3.0
0e8de4f0ecf0a1d9b8f6f0f5df34d82d9ff27fed0b0b7d173e89e0198fc06b5cdc5448a1524b2b85c8052e6b36adabc9f6ca7575ac697410479bd5ec21b306b8,CLEAR,DAYLIGHT,DRY,DISTRACTION - FROM INSIDE VEHICLE,2.0,47.5,2.0,2.0
0e8ded6fd76300c1da175f958ae5c1ece9497f0fe47060b14e834e6c60eb739c309775952ca9f6f462f5b3a084ec9eba83bcff80f23d3a2374b43efabf7c2bca,CLEAR,DAYLIGHT,DRY,FAILING TO YIELD RIGHT-OF-WAY,1.0,41.0,2.0,2.0
0e8df8599a911af987fd678546d0bf934aa9376165af42d61dce7b61a64fb415f355f6e4246507c397dc332d644ab969864ac34d4736758614f7061bae82a5af,UNKNOWN,DAYLIGHT,UNKNOWN,IMPROPER TURNING/NO SIGNAL,2.0,41.0,2.0,2.0
0e8e0877e781b1d74ecea1c5d84f357dbae817cc77d4476648d4420b2cf26b6dfd670752105ae9751d4651686d79fd198ab926d4c767aa47c98e10135dbdef76,CLEAR,"DARKNESS, LIGHTED ROAD",DRY,EQUIPMENT - VEHICLE CONDITION,1.0,29.0,1.0,1.0
0e8e1c1f0d743c0efe89d1dea6aab1eeb345acbf1718288ef5869df16f7c79b7d5ed4eb79966f39b0abf858b0f2fafed73dcf145044c3ef728437fc0c5410755,RAIN,UNKNOWN,WET,FAILING TO YIELD RIGHT-OF-WAY,2.0,37.333333333333336,3.0,3.0
0e8e5786929414d531aef6f6e30a13903d0c5fcf5f10045bd2e1529f31d41579a439bacf23ea3a2404e44e8287bb37d040d2ed877e4e550106a404105ed5874f,CLEAR,UNKNOWN,DRY,IMPROPER TURNING/NO SIGNAL,2.0,25.5,2.0,2.0
0e8e59244f3a8db906834b7618907edcd5e1e550bbcb88de50a1eaf87aab421b1fa3bb665594e0f846cf361c9a8da59c20a6d4875c6c5f5372f63c20fc4ff5ec,CLEAR,DUSK,DRY,"OPERATING VEHICLE IN ERRATIC, RECKLESS, CARELESS, NEGLIGENT OR AGGRESSIVE MANNER",2.0,23.0,2.0,2.0
0e8e638e5ebc6cb13ac2707df7aff34d642c861b4d3cd28649bbef582955bba77cd63cd2cd04abf8b0cd5c4e43fce1d1557e7b7916dc203533952e071131f584,CLEAR,DAYLIGHT,DRY,FOLLOWING TOO CLOSELY,2.0,54.0,2.0,2.0
0e8e78f6bf279ceb40190829087bfa69961072f27f74ff8d16fbf2e89d2b77c0ed320606860000150ca856e95f38b081bbb587d1c4e271e37b08d167239e0e2a,CLEAR,DAYLIGHT,DRY,FOLLOWING TOO CLOSELY,2.0,50.4,5.0,5.0
0e8e845de5f5c3a953256fcdb336684161c12b842eb18db98cf7fc5c5b445f51d42a5bb8e3da697f6f6ce04c7ab504bbf289b542138fd3fbe5fcaf499d62f1fd,CLEAR,DAYLIGHT,DRY,FAILING TO YIELD RIGHT-OF-WAY,2.0,49.0,3.0,3.0
0e8e8a7810cd1447cb5b46c1a0982303bc702ca37a413e25bf4bea571c0871df087a549f3013b523a2a552e5331fa20a9e64d764d7e637c6dc24a16801a4dbda,CLEAR,"DARKNESS, LIGHTED ROAD",DRY,IMPROPER TURNING/NO SIGNAL,2.0,45.0,3.0,3.0
0e8e93d4a7d8d6ee3f6b7529daebe11b89fa7c1c2735f818f0e5887d076278fa7af21f40f4fdd18fd9c70b909c9373f31dc167a759cb3b2e87663104cb21dd79,CLEAR,DAYLIGHT,DRY,DRIVING SKILLS/KNOWLEDGE/EXPERIENCE,2.0,19.0,2.0,2.0
0e8ec8ef3849017c1d4bfeb892237c50cfb75b8ba45fff4cab171c07858fa1d019f854d5a0220d3402bef1735b28484a7b8d3d9192d5f91399b02e99d9455678,CLEAR,DAYLIGHT,DRY,IMPROPER OVERTAKING/PASSING,2.0,27.0,2.0,2.0
0e8ed2f53321684bc789a18ff9ea87dfc03222d67b82ef9a7234881380a6cf1914134b45394120ec66a7b5a07a8497fff57362370bde4f4c04ac867900e3437e,CLEAR,DAYLIGHT,WET,IMPROPER OVERTAKING/PASSING,4.0,34.0,1.0,1.0
0e8ef35576f062ea9cdb9b3060905ab166b48cea26917802492b1caad9bc79e0ff39dd1198ff19bafb21488454dd95302eed48a3775a348fc6151e4e9eac986f,CLEAR,DAYLIGHT,DRY,DISREGARDING STOP SIGN,2.0,28.0,2.0,2.0
0e8effd429204a6c390ba1ec5ebed2d279eb1fba9b2edc4fe43bfb3eb4a56a62b41ad0dafff2c4bac7bd170ab960ce121bb57206055e42fb37772493295d3396,CLEAR,DAYLIGHT,DRY,FOLLOWING TOO CLOSELY,2.0,60.0,2.0,2.0
0e8f1a4603e6d683ddbee881142163ae96ad97c52f934b4734e7744e0b7dcd8ac9ae43abaef9e347a27866c2f2e6bf81ed42bf56b8112296134be397af5f5b89,CLEAR,DAYLIGHT,DRY,IMPROPER TURNING/NO SIGNAL,2.0,58.0,2.0,2.0
0e8f397a656f9e7eff6065fa912524fb7a4b6b2e21fbc63e50240f5917aaaafd71ece0daad5d2257546bbbcb27888b9f59bb80c3c71e443e792dbdbc96ce0c3e,CLEAR,DAWN,DRY,DRIVING ON WRONG SIDE/WRONG WAY,2.0,36.0,2.0,2.0
0e8f7b834151a4f340e56d5bf8726e0e2c44ea6ff775dec1222d6f262e815c9d4f11e2a08c54ed413c360c25956d7c29ecd4fc9b22af59de9aa8ef8733adaf9f,RAIN,"DARKNESS, LIGHTED ROAD",WET,IMPROPER OVERTAKING/PASSING,2.0,41.0,2.0,2.0
0e8f9cef55fa5e408698d933eff7086defa287be719848f13604e07c6de1ecf0041a9da933ce2e29eba194a144a7bbf11764f619221703f29ab6d41df48c2610,CLEAR,DAYLIGHT,DRY,IMPROPER TURNING/NO SIGNAL,2.0,16.0,5.0,5.0
0e8fc2deb49fe9adc7cfad79639d3a4c14d7544c7632bb94fcc4cf15833ea2eb0b972c0774e2c8ed0c2f6a5990960319bbed43b5ac4570dc41617ff4ef56f9ca,CLEAR,"DARKNESS, LIGHTED ROAD",DRY,UNDER THE INFLUENCE OF ALCOHOL/DRUGS (USE WHEN ARREST IS EFFECTED),1.0,54.0,1.0,1.0
0e8fe925a46dffef59623529c46b04e334f3dab1072461d23cbfe3fccf2f130e11ff4229e91da7ec93a0678f10a9cf11e2d664f9ad069a920d1137c89e1832f0,CLEAR,DARKNESS,DRY,EQUIPMENT - VEHICLE CONDITION,3.0,30.0,4.0,4.0
0e9015e389464ae847610a421e07fea7e65165333839c1d32dd4190fb09f1c0c9a0542efd7be2af81dfa587c3c314c625e028e7c593156bda32daa236fc8f8b5,SLEET/HAIL,"DARKNESS, LIGHTED ROAD",ICE,WEATHER,3.0,53.0,1.0,1.0
0e902b4cb9408638cb0c051e09a5dc344033ada27988a327ee9bf3e03e03fcb3920b107b8727bf3f7ce52e6e63951e71b65b5cce29a4dcdfa1579ded9afa2a0a,CLEAR,DARKNESS,SNOW OR SLUSH,IMPROPER OVERTAKING/PASSING,2.0,41.0,3.0,3.0
0e9045bc4bcb9c0e19ffbbd2aa5e6e4b5d7e56046d699fbaab7f6652dc79a0073357805bb51b2207eab2257143b12ac48c334f2b3bec403a63f226c44d68d4e0,CLEAR,DAYLIGHT,UNKNOWN,IMPROPER OVERTAKING/PASSING,2.0,37.5,1.0,1.0
0e9048d7d1d1bf7c15abb080595ec4b31eae8505dde80d68badcf80cb8ae352ab19ded29cca81cd971cf54184466032f7214777ba6db9c1d6fa706dc49be58ee,SNOW,"DARKNESS, LIGHTED ROAD",WET,FOLLOWING TOO CLOSELY,2.0,37.0,3.0,3.0
0e90add79b9db5558fde41fa7c0e87f817cb2e2645a32aacb30fd720ac85cce47debe8ef6973e70ded7b7a20d82625713668803ca0f61a3fef27d3e47f77cd64,RAIN,DAYLIGHT,WET,FAILING TO YIELD RIGHT-OF-WAY,2.0,33.75,4.0,4.0
0e90c515907f87b4996a429ba4733df2958657a496e73b79ee1e8231373e36b99a9620a67f0d764fa4d8ba21aec072e0b5db69369711ea024c38f26542f4b283,CLEAR,DAYLIGHT,DRY,DRIVING SKILLS/KNOWLEDGE/EXPERIENCE,2.0,37.5,1.0,1.0
0e90ef74155ad44163f7b1ce9447a52d7c6939e41f86b0589e631a04cc431768010e42a6988a96f223303e60447cfe9d11c23be39fc056bd265737207fd0dc6d,CLEAR,"DARKNESS, LIGHTED ROAD",WET,FOLLOWING TOO CLOSELY,1.0,40.0,1.0,1.0
0e9121cd5b0d7f5aa3879f94796373247b20b7ec548d4fba3e3e6d2f910616da3fad24b155ef1fcb5a24d60ce49b2bfdc3ee5dc70d08a28774eae0dd28ef74ef,CLEAR,DAYLIGHT,DRY,IMPROPER BACKING,2.0,33.0,2.0,2.0
0e9164e50d393c185f8f0a6b132b51ccb0e5ac86770f0c8710e6a679f12fa257b358f51c469dd45af00128e9bf7d98433f47d8b4a93802d51ad56733572583c3,CLEAR,DAYLIGHT,DRY,FOLLOWING TOO CLOSELY,2.0,38.0,2.0,2.0
0e91a4755049f4c1d57ce1f2a5dfb14491c5e7c28278234ba4c9479d86b89233678e49bb6641e3ee8d43c2f450972195a490437e1a78c59e5f429d718db717c7,CLEAR,DAYLIGHT,DRY,DRIVING SKILLS/KNOWLEDGE/EXPERIENCE,2.0,27.0,2.0,2.0
0e91b5865d19c4d421ad131d0752020925f20dd33f2c9b162614289584c9d69110a34d0d4c28f2f54ee2463d88ab570c0d0a23a22e86cf30d7832b00a62f9797,CLEAR,DAYLIGHT,DRY,FAILING TO YIELD RIGHT-OF-WAY,2.0,35.0,2.0,2.0
0e91c6e554a54bb8c892c2dd972447f4bf2bddd9be057a6d1da6d599decdd4a52b4a87372cd4bb466adc962ee8bb57fe7e54108e1053e9578fb5b3cab93dc621,CLEAR,DAYLIGHT,DRY,FAILING TO YIELD RIGHT-OF-WAY,2.0,54.0,3.0,3.0
0e91d2efd3d2b814cc9a8fb31d6f4d5cd31d3dd51c27029f6819c66c73e0abb6cff2ffed4b0b8843226ec94ea19de627e69ed9be5db9f4ad9445df1a985c8058,CLEAR,DAYLIGHT,DRY,IMPROPER BACKING,2.0,35.0,2.0,2.0
0e91d7804229599b68e1691cd15a678c2ed649d8d390060906cb13a5e53c5a941c5107444e60cc53a0c88804d9ff99f084796af20ea6f91556b2ba82ffa92906,CLEAR,DAYLIGHT,DRY,FOLLOWING TOO CLOSELY,2.0,32.666666666666664,3.0,3.0
0e91df0e333cd1a67ce05f2ee2de02abb206d4258963873a149f5d2090dd60c5247016ef1e711f58defb24c150f79f3763389be308d7847a18617c3819a48e30,CLEAR,DAYLIGHT,SNOW OR SLUSH,IMPROPER TURNING/NO SIGNAL,2.0,37.5,2.0,2.0
0e91f5ab00e4f6a7e583cf447fab0f3a1ef2a0ada486cdceb9d3f4c95479e699aa8b102a31a26551641e5dc699f701be88a44b3dc245785be4384ecb6171727b,CLEAR,"DARKNESS, LIGHTED ROAD",DRY,IMPROPER LANE USAGE,2.0,37.5,1.0,1.0
0e92084c9e7cc863ae3d6c0cdfde4590db1552bf5926f1258650a63d94dfbc509e64d3af6d0751f467c1c0952874f76f387d465b698c039644edf490d07075c1,CLEAR,DAYLIGHT,DRY,IMPROPER LANE USAGE,2.0,53.0,1.0,1.0
0e928e663729dd36450c289a3a009684ccd168d76aba90f1798ff42c7dafcb80bff5d6befab829978e457ce934e5f1d1ab13268124dcb6caa7bbae161d42c3fc,CLEAR,DAYLIGHT,DRY,IMPROPER LANE USAGE,2.0,38.5,2.0,2.0
0e9297fbce58235bdc5423da76520f023be02788ad52889d2c146434f357f1cf4ecc3d413644abb7ed731ec91b00a99c5f14846b38a8d6e93e622eca759ec4fa,CLEAR,DAYLIGHT,DRY,IMPROPER OVERTAKING/PASSING,2.0,30.0,2.0,2.0
0e92c2816bd520a92e25f32e497d6020b9e382fe690480efca2182871353dc9ec5aad2ba206e44f4b9b81eeed1dded27eeabed3386b02acc277fd9ca22ea147b,CLEAR,DAYLIGHT,DRY,FOLLOWING TOO CLOSELY,2.0,37.5,2.0,2.0
0e930bc5b2ab620fdcf467ee252c6804728f9dc1480d8eedeb11e9da932c9bcdc67b60285b863421e090abf36fd16de3be319f081df45b65d6eea50ad9f87af5,UNKNOWN,UNKNOWN,UNKNOWN,FAILING TO YIELD RIGHT-OF-WAY,2.0,40.0,2.0,2.0
0e931b863d0dbde16a15f18852ebb2aad9c2abc3ee46025cd5cc4629239eb97a8d4a164ca66d97e747df6d01ba738dc0c75a7285cf8b08bb7f95353f42785c3d,CLEAR,"DARKNESS, LIGHTED ROAD",DRY,FOLLOWING TOO CLOSELY,2.0,61.0,2.0,2.0
0e932ec4487159e756bbdfd5232230b11499c182526ddc92630506fb73ae5ef3ceb4fd8563fcf858a52b63a0ed66434e657d7df9149178d4732db60c617a1470,CLEAR,DAYLIGHT,DRY,UNDER THE INFLUENCE OF ALCOHOL/DRUGS (USE WHEN ARREST IS EFFECTED),3.0,21.75,12.0,12.0
0e93347758d25059b20940cfc6faabf79e8a8c450b477ef3973bc8c60a3912107341bb0c87532c8f7bfca5eead237400f5508c4153074d04a76238f4c6ae55f2,CLEAR,DAYLIGHT,DRY,IMPROPER BACKING,1.0,37.5,1.0,1.0
0e933570f5301e5f5427e1f38eda3446d62b55d9ad66f92046f71316ebe468888c5e1d8387d21ea1f77d16cb2a0a3aa77cb84621e130f1f4c5c6603a79db128f,CLEAR,DAYLIGHT,WET,FOLLOWING TOO CLOSELY,2.0,34.0,4.0,4.0
0e93d9c26b3b946f0a665b921f88ddb9b7f5c9faaa809367bf7181b3393842349dd66ff21378abb724612d38c6864b8967de24644f32863d4222b044a0f82597,CLEAR,DAYLIGHT,DRY,DRIVING SKILLS/KNOWLEDGE/EXPERIENCE,2.0,33.0,2.0,2.0
0e9435ec0bcd732283f117eb91a95e9970b03034ad7e5c7d89ccdceea00a547f50481b8ef5cdcef99da3e34b3f699e4f95269e433a4c4fd19c957ae96caacd8d,CLEAR,"DARKNESS, LIGHTED ROAD",DRY,IMPROPER LANE USAGE,1.0,20.0,2.0,2.0
0e94f04af3ce484bcc509daadfb64a3bd32366ee9337ecdb11457a0b6620fbe81e0a8125bb84f793d88e531d4bf403fb341080fa23ae0dd69da7d7706a337561,CLEAR,DAYLIGHT,DRY,FAILING TO YIELD RIGHT-OF-WAY,2.0,25.666666666666668,3.0,3.0
0e95250f000654bdcb64d3252648f3e16e9e78df0b9c43decd0d28d1bf762ff4c8d109576417053bf63783d272d0ab706ae4b5d75436a0183041f38fae3e2758,CLEAR,"DARKNESS, LIGHTED ROAD",DRY,DRIVING ON WRONG SIDE/WRONG WAY,2.0,25.333333333333332,3.0,3.0