crash_record_id,weather_condition,lighting_condition,roadway_surface_cond,prim_contributory_cause,total_vehicles,avg_driver_age,total_people,total_injured
0e9547650f3c653213a64d79526b67b235ada4c80ef8e40a33b0a7809971b59d9baebb6f6597c0b75ce2c1e5c6d163a5f23b86a009dafddf22442ba8cf0c00f2,CLEAR,DAYLIGHT,DRY,FAILING TO YIELD RIGHT-OF-WAY,2.0,60.0,2.0,2.0
0e95653ace5cc08ac4964079ff98d1c26778417f6d44ecfae2a925709235dff0cb77ffebf8a1810116d1fb7132b06b8798f348d905461f601d12827435a66f00,CLEAR,DAWN,DRY,DISREGARDING TRAFFIC SIGNALS,2.0,36.0,2.0,2.0
0e956568be0ea6054c95f6c42ccb1eeafabe5a0b406c658e28f74cd8f196ca0278def331a8415e469ac3146cbc869625ce60be070022e043644c3d4318e6ff7f,CLOUDY/OVERCAST,DAYLIGHT,SNOW OR SLUSH,FAILING TO REDUCE SPEED TO AVOID CRASH,2.0,23.0,5.0,5.0
0e956a1ca753817ecc5e6f4012a2f2662b22ec1e78327655e456b4a59dbe49e0a7f6e5576be8b8d6d11900b1d5d43ce03649c1470e59f587f08c976d3482644a,CLEAR,DAYLIGHT,DRY,FAILING TO REDUCE SPEED TO AVOID CRASH,1.0,78.0,1.0,1.0
0e95966341931b1dec8acf2fa3ee26331e41dd181bd2d51ec826df0e552f71f4c596c1ba8731cf2820d79e9d39a8bb5b1ba33aecb4f97fd8e0fcac1ec933fae3,CLEAR,DAYLIGHT,DRY,FAILING TO YIELD RIGHT-OF-WAY,2.0,32.75,4.0,4.0
0e9596ad30e8a8ffa7ccf0fe1ff13f100f13bd1b55888925bb6125cbae259afd52de0860a2bc881be47b14a3f005069eb606081d04c9d1658b1dd5fbf07b6cbf,SLEET/HAIL,DAYLIGHT,SNOW OR SLUSH,FOLLOWING TOO CLOSELY,2.0,22.5,2.0,2.0
0e9596ade20b2f62a3d940787834fe49ae49da0cccf120aeeec5755a14d2ec614350e96ea744daeaf115a945461a0265fd22b33f59169ad077c974d38fc427ae,CLEAR,DAYLIGHT,DRY,IMPROPER TURNING/NO SIGNAL,2.0,50.0,2.0,2.0
0e95993d8035b7568a73889aa17bdaf842e38bc5e9d6421d13a60e56570d5d02deb6569b5232ce4edfd810f6c6a209651a94a1ffab4ba3c25eabd3d4e4ce8edb,CLEAR,DUSK,DRY,FOLLOWING TOO CLOSELY,3.0,46.0,3.0,3.0
0e959996ebf42768044cce7c983740d60ca7557a812aeae9267704974beeccea62dccf0a206df175524ff2c4372495209abaa615a85462f8ad19c8198818d40d,CLEAR,DAYLIGHT,DRY,IMPROPER BACKING,2.0,35.0,2.0,2.0
0e95a798f6d8f2b575bb1c71c4b7630b34f6afb269bcddb48ea156ee8ddd3281e6175e3e2f06736d1f3ff33a766f507109888739ff9d042c93fde8401e395c4c,CLEAR,DAYLIGHT,DRY,FOLLOWING TOO CLOSELY,3.0,46.0,4.0,4.0
0e95bfe5bb318d47b487c8b63a0385e4b63823f4bf7ab8a03d9c13aa69e0ceb90ddeeaeb856d22324cbd994515f055602f4b9cde2c8a3b62bf75d4e1d8f5c609,CLEAR,DAYLIGHT,DRY,FOLLOWING TOO CLOSELY,2.0,43.5,2.0,2.0
0e95e3f2ac9f51519eb3355b0791ba34f0d7abf131ed61b893368b59b0a9c58535ffd42040aef2ff4790e631d3cc221ded9c67d8dfa10d453ff6e05c3bfa908f,RAIN,DARKNESS,WET,IMPROPER BACKING,2.0,51.0,1.0,1.0
0e9602a9b206a9b4610d2bd1d059dbb90d051ed0739895d29bca2c90ab0b28bde0267e5ed5f97a044b2a06f398f84e0db869734a3b8373da77fe0875a2768c27,CLEAR,"DARKNESS, LIGHTED ROAD",WET,IMPROPER TURNING/NO SIGNAL,3.0,31.0,4.0,4.0
0e9603decbdc70cd4fa259ddcdd6ddf7455698267f703fbf4333e3f9099dfa3e37407b84ed9949fceccea468a610f67a4dd431e7b9be7e2d4bf81e164f26b358,CLEAR,DAYLIGHT,DRY,DISREGARDING STOP SIGN,2.0,71.0,2.0,2.0
0e962a680e7754534855c6f3f719efcf1b5235ed37f81c176e533e897d33d0065d9d5a43ff1140191e5c10082e2965638cf0b39d536d63bd7dbe79050f3f262e,CLEAR,DAYLIGHT,DRY,DISREGARDING TRAFFIC SIGNALS,1.0,53.0,2.0,2.0
0e96733d5eda16be36d727be88e025840c77010d167f56a613c427076d9bb39be2146e18ddca3f56c6b47b679ce01fd2b1c07490e993088b85ceceb851dc6cb2,CLEAR,DAYLIGHT,DRY,TURNING RIGHT ON RED,2.0,54.0,2.0,2.0
0e9673ccdaf4710c55d55fecd089e9a68359f7e15d15d79199355423141ba2d5e605ed39d934c51d0be330d1210168b5931a266be0ff18c3c48fb2ed11fd23bb,CLEAR,"DARKNESS, LIGHTED ROAD",DRY,PHYSICAL CONDITION OF DRIVER,1.0,48.0,1.0,1.0
0e9678550b290d596d86ef9947b05558686a853438af8be0a8d753e1d871b38135d589a75256c558ebf3cb98971e9e873f6810669cabeeb8f52b27b375013190,CLEAR,DUSK,SNOW OR SLUSH,DISTRACTION - FROM INSIDE VEHICLE,2.0,43.5,2.0,2.0
0e96aab553f3cfb0f37c0eb92386e01e9757254d873d55f2b32d013ab4ee98740037f481ed8abdac33dc9be214efc6afbc4f6065d29870e3f7c68da36aa2b2aa,CLEAR,"DARKNESS, LIGHTED ROAD",DRY,DRIVING SKILLS/KNOWLEDGE/EXPERIENCE,2.0,28.0,1.0,1.0
0e96c32c22df15d238a5e02ee34821262430944ae64ec41a6fb12b5c09d280200fef4ea3034303f2936ea86a3e487a5f2ead4f05dabc7d3f1cc33c5c86fb5f37,CLEAR,DAYLIGHT,DRY,IMPROPER TURNING/NO SIGNAL,2.0,27.0,1.0,1.0
0e970ff19688e42ea7a5c00f1c0dcefd16fa5ca7a59f34e4759b5166b4a64d6eecdabcb427f22d350f9785e9a6955fccad06b0afa7c5883bae438d7fe0accaee,CLEAR,DAYLIGHT,DRY,FOLLOWING TOO CLOSELY,2.0,26.5,2.0,2.0
0e97224d1bc5f8ac53cc14d97c911f77b5b0b04af6eaa0d9bcaa335c6f1d7476ebe41c54a3c4ce8768a972f9a2680beeb89f24dea860a21bb66472a75e91db14,RAIN,"DARKNESS, LIGHTED ROAD",WET,FOLLOWING TOO CLOSELY,2.0,35.0,2.0,2.0
0e972f6c9635a59931a1f878e517e0e1570170506978a61b701a72451d778511420d868d16b6396237db65542c7037372370119ffe5cb723cef8713439c320f1,SNOW,DUSK,WET,IMPROPER TURNING/NO SIGNAL,2.0,51.0,2.0,2.0
0e97827d15ae87cca03d28b398ab99ec93ab659438a006ae159d85d21a355cbbab21b5540debb227f004b790c0699eb70c4b42cb82beac88188f68f069efdc8e,CLEAR,DAYLIGHT,DRY,IMPROPER TURNING/NO SIGNAL,1.0,32.5,2.0,2.0
0e978e392964137a6a14a663bc2324e9753d58fa8ce175ade9945723397afdd35023c9fbf4e23e6e64d0e4f1b993805ca52b2a1f3e6413d03aa3627543515bab,CLEAR,DAWN,UNKNOWN,FAILING TO YIELD RIGHT-OF-WAY,1.0,19.0,2.0,2.0
0e979fd871b3ec771616e9f11a69634b971546c7c6c5f670d925c0925c6b7c224d2b44f3e5c6daf8dce621bc2ab8b2a654ace55d56be299984740158277948f2,SNOW,DAYLIGHT,ICE,DISREGARDING STOP SIGN,2.0,31.5,2.0,2.0
0e97a2d6b13a07f0a7e106203b4baa5589e39c53fe80418d374ad3117f671a62ef23e4e7ed73b13d86f744ddfbfab98a234bf2d89cd5bb807b6f124080bfce8c,CLEAR,DAYLIGHT,DRY,FAILING TO YIELD RIGHT-OF-WAY,2.0,64.0,2.0,2.0
0e97a8f3c6e142875e59ccacc7a1ffca61f5655a0d9613f2900871d1d551af8c9d2a39d95fa3377f0885cccd919894f29a54b78c54bcaa22448e703fc6ce9e3f,CLOUDY/OVERCAST,DAYLIGHT,DRY,DRIVING SKILLS/KNOWLEDGE/EXPERIENCE,2.0,37.5,1.0,1.0
0e97ab97a29ef932846bacfa39254c3440237b7bdd32820d1d4b00292f5fab59b040c575dcde6c1ba4d95f6587de77717d89d822c5bf8306eddab13f32b630dd,CLEAR,DAYLIGHT,DRY,EQUIPMENT - VEHICLE CONDITION,2.0,15.0,3.0,3.0
0e97dfea75a2cf4b2fb027d892ae7dccc755920fa4b064513ad8dedf7d59202a62605e36cb1837135bfc4bb9ca66900456d13de3f4f1cc700ace75da193a74ad,CLEAR,DAYLIGHT,DRY,IMPROPER OVERTAKING/PASSING,2.0,48.5,3.0,3.0
0e97e6215b4358c865437f0971495805cb5cb6a334b1e40e088711e3d15bea285ea14cdb79362d983998eb1118f6d61090062798a361fec23cb4dcec73dab6b6,CLEAR,DAYLIGHT,DRY,DRIVING SKILLS/KNOWLEDGE/EXPERIENCE,1.0,50.0,2.0,2.0
0e9807ec259d78275a62109be5d224987ada8e872417c47bbdfe229f04cd1062a169461da8df99f1c06a3786628a709368a127e34aeffdcc8406f76527100ed2,RAIN,DAYLIGHT,DRY,FOLLOWING TOO CLOSELY,2.0,22.0,2.0,2.0
0e9812e05beb7c721c69c48b239dd0976fb20f08865bbcf3f2b235b4f3f0298ae1103279d6781bebb3a7d1a8f875a0cd7cb967cd747cedbb15dbb2dd04127da3,CLEAR,DAYLIGHT,DRY,FAILING TO YIELD RIGHT-OF-WAY,2.0,31.0,2.0,2.0
0e983a99cf82ec74e5b6c5a7032d9db11f7acf3c14107b762a83fe6c732ea3f0fe0b47dc2dd9205ce49ae78c5e9d96667a029a4c998add555fa7f8d042c87d9f,CLEAR,DAYLIGHT,DRY,FAILING TO REDUCE SPEED TO AVOID CRASH,1.0,25.0,1.0,1.0
0e983e8dd43d672699d3ceef6d8c8e068bb09113126bc892d37f4e8cdf7d334d5a4d7ac5a052d7b08a0d6903bbd2d53dd370ec3b55cc288ec351cccb8f63f55d,SNOW,DAYLIGHT,WET,IMPROPER BACKING,1.0,33.0,1.0,1.0
0e9853df629d6deeab61c1696a2c733d4ddf07d449b8e5f024d93f1849cc9eade7af93fe1eebc85f2947c1a3f689d161ab7d4662931bd77433d3cee157235563,CLEAR,DAYLIGHT,DRY,FOLLOWING TOO CLOSELY,2.0,31.5,2.0,2.0
0e986719ed4952f7eacc814725c75f217a756e21e4bda22641b09983924782a4b38a3048b3a8471f2a5008f2ae6470ccbe289503ace01ce8e7a9a006c6b6806c,CLEAR,"DARKNESS, LIGHTED ROAD",DRY,PHYSICAL CONDITION OF DRIVER,1.0,24.0,1.0,1.0
0e9869b997b9bbbd8b84c2d7a462df7805dd87a70c46ee17432888e5c10ca4c8a8492069c964a5400b03f9c2b13c642854f557056d2aa9d846f0b2fba63b39ee,CLEAR,DAYLIGHT,DRY,FAILING TO YIELD RIGHT-OF-WAY,2.0,42.75,4.0,4.0
0e9894edb501a149e3e2ed56291821e5ce57995e4c0e67bd4c3e68cf80392fcf6e3f6f2609e6425d69d1d68d657f58232fe2d62d266e1ea41ac95de773347fc9,CLEAR,DAYLIGHT,DRY,FAILING TO YIELD RIGHT-OF-WAY,2.0,50.666666666666664,3.0,3.0
0e98add45ecd4b8d6eacc0837c17fc21cfb4ea9ee7c50463c9733b8c5bf14e59782d2057798cc5baecd7eef8817e539b74ec015258aef31a8e1bdf932374a7f4,CLOUDY/OVERCAST,DAYLIGHT,DRY,DRIVING SKILLS/KNOWLEDGE/EXPERIENCE,1.0,42.0,1.0,1.0
0e98af4121a916698faf281e58570c0a0d487ba0dd665b393eb289cf6f7b5f324f3d7da159b54561d78d3d4410846b4ec30cb0ce212e51fc4944f4a17236e558,CLEAR,DUSK,DRY,IMPROPER TURNING/NO SIGNAL,2.0,21.5,2.0,2.0
0e98b6915842b54953c4def81d984d4e6f7b88e53d8790240f5ad2f5ee1f3aaaf93d0c2766477cf57dbfeac890a5a664a265094b668f3d1beafd5a3c132feb1b,CLEAR,"DARKNESS, LIGHTED ROAD",DRY,IMPROPER LANE USAGE,2.0,37.5,1.0,1.0
0e98c9565880a6130ffeba03bdef2ac62da3ddc421a0e19e63fcf906949e3f0309079c8712c2e178c34da6a8d19355f23d7c86f4db1aabd6ef945d4e3795fd5a,CLEAR,DAYLIGHT,DRY,IMPROPER TURNING/NO SIGNAL,2.0,49.0,2.0,2.0
0e98da19c99ed4e707424dc88a34a4e846634ca672e881d3a9ae771864d81040e0cc37ac3ec8f57397545c434e4e50ddf18801eacd56f81cc2919f39efb832a5,CLEAR,DAYLIGHT,DRY,FAILING TO REDUCE SPEED TO AVOID CRASH,2.0,25.5,3.0,3.0
0e991ec243db530c976a109b18df7ec19639c416641844043937eb651ef7423e81a4904f2a4469acd660ba8a305a0a971f4c30724c249d9a67e3ca544b1575c7,CLEAR,"DARKNESS, LIGHTED ROAD",DRY,ROAD ENGINEERING/SURFACE/MARKING DEFECTS,1.0,25.0,3.0,3.0
0e9963c902cb32a90bedc50e67804abd562aa7eb5969d9d9fc7a41f8b1bb431b936b9e86dfc10820a0b58482f28ca7ccb43d7dca148d180cbbc92625223413e3,CLEAR,DAYLIGHT,DRY,IMPROPER BACKING,2.0,42.333333333333336,3.0,3.0
0e9978add555ff292d647eadae8118c1ad3e3e3d8875594c9df1d7bcd56fff321fc787fba054bb2ba660cf9892192ab2224ad11d5f22d9ef6013b1a995e35539,CLEAR,"DARKNESS, LIGHTED ROAD",DRY,FOLLOWING TOO CLOSELY,2.0,51.5,2.0,2.0
0e997b764e60af82c093717bae7fff7ed029bbf1f076091b2e65eb525aa7bad2be5de96ec1cf527b430f827068244e15a37f7d567201c3b0913fd4155b5f960e,CLEAR,DAYLIGHT,DRY,IMPROPER OVERTAKING/PASSING,2.0,27.0,2.0,2.0
0e998697dfcf58349fd53fc0ae2be7f4bb0291f3b6e14c14338f00eb3567087aa2f85bf9c9d95defc26a2b3d403266f484d7fc33fa1331704b76920c5324707c,CLEAR,"DARKNESS, LIGHTED ROAD",DRY,FOLLOWING TOO CLOSELY,2.0,32.5,2.0,2.0
0e999ab6c1d9fb6065af4f7558bd61268997415583a711b1858e2cb8194f661dc903134126fbf3e71027391fa927128dd595bf49cc27969a65993a737438306a,RAIN,DAYLIGHT,WET,PHYSICAL CONDITION OF DRIVER,2.0,62.0,3.0,3.0
0e99aaaeed6f8c235678ebcf8dd12fd5d4db9b76520df8e354cba788b76a73e5555042ded0f6e9db3867b6792c1ed531969625830b2747f1219db27f76c5a31b,CLEAR,DAYLIGHT,DRY,FOLLOWING TOO CLOSELY,2.0,45.0,2.0,2.0
0e99f3921ce557447baf9d8d732ca30821b4b18b53d829ee7e006270e35ccdf313d6a82befbbff6bfe15d36915bb8463122f511f924958297c5d6e38e693fe06,CLEAR,"DARKNESS, LIGHTED ROAD",DRY,FAILING TO YIELD RIGHT-OF-WAY,2.0,10.5,2.0,2.0
0e99ffa6f8916d588721241ca64e41685930b35622669a45915d1b064f09c53ef078dba89dd7e13d9ad686b96b758330f62e6457313126b5515f26a424b9ab39,CLEAR,DAYLIGHT,DRY,IMPROPER LANE USAGE,2.0,27.0,2.0,2.0
0e9a00e4c62347e54d947e856ae77e4b0037458dfb914089b240377c8195c00d580bc9f66f596fb17874cab98d2f86456a1d62ac5f58948080f091de0baf8ff5,CLEAR,DAYLIGHT,DRY,IMPROPER TURNING/NO SIGNAL,2.0,23.0,2.0,2.0
0e9a0e27ff4959a1b8f834202899095d09096b7f76a43cbf2795c1fb451735c13a86253414be12acc6841221deb7aeeffd1b2fac0cb4cfe55e8522e686a76c0b,CLEAR,"DARKNESS, LIGHTED ROAD",DRY,IMPROPER TURNING/NO SIGNAL,2.0,39.5,4.0,4.0
0e9a33da9f0c34a2c273ce6ac36a23e788732bf8a763735234cdadc6603b98593aec4cea3cc28eaa6f9df37e9587572449588dabd10bef32ccd2590125a633b7,CLEAR,DAYLIGHT,DRY,FOLLOWING TOO CLOSELY,2.0,32.0,3.0,3.0
0e9a4509aff48818c8b32d9f852bb29c2964bc3a79d84223b843d8e729891edb9e6f55c11e2e33690b41afa4e7a207cb7d0b5a8fcc1685a79df9785abe9eacd2,CLEAR,DAYLIGHT,DRY,FAILING TO REDUCE SPEED TO AVOID CRASH,2.0,38.0,2.0,2.0
0e9a487c0a5b74a8a7649cbbf7f91b8e44a720e44b4fc9237442ae224193c63c683360c42ea18a7b486417000af9a509ec114023ef662b25c725620624a399b9,CLEAR,DAYLIGHT,DRY,FOLLOWING TOO CLOSELY,2.0,41.0,2.0,2.0
0e9a49833218b192dd5461492cd1eb8f38240c76fe4560053ccb3e9807ff1db9ea22bea4dcc7522bb89e9ec54ca92a9803146712549f24aa9622756b25c20f59,CLEAR,DAYLIGHT,WET,FAILING TO YIELD RIGHT-OF-WAY,2.0,58.0,2.0,2.0
0e9a605c8430138b69d1afcdb47b23fc66a537bc07b9e1545ae09da1758753a8258b3e57f2b10506d8b2577357484910642155d8dec3908697f9f4cb59fbafe8,CLEAR,DAYLIGHT,DRY,DISREGARDING TRAFFIC SIGNALS,2.0,45.0,2.0,2.0
0e9a60d1a4cf70e909bd68da94eb15c610026ec73b116650e041694a5b0b939c99c93e26c56142b70cfa2c7b7a3f33ae65aafab07913f07ae006b771375acdc2,CLOUDY/OVERCAST,"DARKNESS, LIGHTED ROAD",DRY,IMPROPER TURNING/NO SIGNAL,2.0,22.0,2.0,2.0
0e9a7bc9674f1128409b9dd5ac650986e34c72700e199e978d572675fd9337858422f8f7cc0b54fc7051b32c9bd2236607f06260a59dafd3892cad50ba1efea2,CLEAR,DAYLIGHT,DRY,FOLLOWING TOO CLOSELY,2.0,38.5,4.0,4.0
0e9a9640c326d14c434464919bb6bc3ba211d28f932cecfae8f7912f652922f76b313b7acbc58c9fcd15e715635d18b962404b49a4ef71191bc7d8a67d904399,CLEAR,"DARKNESS, LIGHTED ROAD",DRY,DISTRACTION - FROM INSIDE VEHICLE,2.0,43.0,2.0,2.0
0e9b415815f8ca0c25e4755d73656995138e2a3df28c20027e5e8bd072c7f8f0ade4a06698f03c0c0f14cfda5f4a788f772818426776849a54fcaa3dee6aa39a,CLEAR,"DARKNESS, LIGHTED ROAD",DRY,IMPROPER OVERTAKING/PASSING,2.0,37.5,2.0,2.0
0e9b485c191289dbfd173484f56201dd8991ef5d240ac6d4d98f1ff79e04ad402440f11e88497b638001ebc91d028019f909c1396ecebf933dfdf83f708c27d7,CLEAR,DAYLIGHT,DRY,IMPROPER BACKING,2.0,25.0,2.0,2.0
0e9b4e4dd45a323581afe84d1b00bfad838b716f3778000ee8a387d66a89752a708962ce7a10a5bd62ab7b02534d7fb4fb44d45bfee1a616e2fe63bb84f014e9,CLEAR,DAYLIGHT,DRY,IMPROPER BACKING,2.0,37.5,1.0,1.0
0e9b5a16c49a2a510eb55d5049868d20c951b912451af9ff98f71a961cbc359162e497935e905e885fe3f42de7aa7a15fa19413520e990da6d812d91a544dd57,CLEAR,"DARKNESS, LIGHTED ROAD",DRY,FAILING TO REDUCE SPEED TO AVOID CRASH,3.0,44.5,3.0,3.0
0e9b9b6b211760e1548b0a3d47e48157a59952b3dd9b194528be7a55582799696410b5db363d5718ac2e4782cd78710f5f425fb109d7868f82d8613287770f8c,CLEAR,DAYLIGHT,DRY,FAILING TO YIELD RIGHT-OF-WAY,2.0,65.0,2.0,2.0
0e9bbff06fa717154121546ec1d2dc14da84757224597ed285505d31315543e8c1a52f303cecf3a7ffd5b1c2870a1cb830985209940ba1d3ac70a1070c61c626,CLEAR,DAYLIGHT,DRY,IMPROPER OVERTAKING/PASSING,2.0,55.0,1.0,1.0
0e9bfe4cd85087806e3c770a39d78b4e960794e774baf891507ef799c0055012e9ec4fe9659d0f41a27f07b61c1143e403acbb338fa04e6824c6adb7ee95e0b4,CLEAR,DAYLIGHT,DRY,FAILING TO YIELD RIGHT-OF-WAY,2.0,29.5,2.0,2.0
0e9c201b8e4b3784a4499c3e5a7aa3a409645d90a5f799c96dc719080aa6cb806a7329c10884549c8ebc40a34dd59204bcfe660ec0c6fa56396d8bba9c8cadba,CLEAR,DAYLIGHT,DRY,FAILING TO YIELD RIGHT-OF-WAY,2.0,31.0,2.0,2.0
0e9c4332121895b80c6fd79e27ca2704c0f7d0999c2412f6e17ca16b11ea0c911e8f2290a04d30eb33e052e9f5812b9188a89580007e28bda72243c615f469a9,CLEAR,DAYLIGHT,DRY,DISREGARDING TRAFFIC SIGNALS,2.0,41.5,2.0,2.0
0e9ca5b9e423d7477982021847bb39fdf79ebcf83b06db71c677e5ea686222643bbda4ccb0b809aa98012c4dcbe9b4bfa3b24bdec5228af6c633297ef3eece96,CLEAR,DAYLIGHT,DRY,FAILING TO YIELD RIGHT-OF-WAY,2.0,34.0,4.0,4.0
0e9cb6a5b8e30d2e6abb3c970961ff3aaef0178c2dbbd30e18f51afc7606599408c623f810fb2db0802cc7885be0fdf15812ee4de449f77d43f236de96ca8246,CLEAR,DAYLIGHT,DRY,"OPERATING VEHICLE IN ERRATIC, RECKLESS, CARELESS, NEGLIGENT OR AGGRESSIVE MANNER",2.0,36.5,2.0,2.0
0e9d2243b1f9a5d9a104d2dfb336ae314a7027adbdcb7a719dbf4ca4865d7fd06d7423adfc8d0980b2c2531e62e83bd8383689cf806465efcea69f10159771f7,RAIN,DAYLIGHT,WET,IMPROPER BACKING,2.0,37.5,1.0,1.0
0e9d3ae0671dbaa1a00a1e1a8a29e676160a97b0a6ca69d2e52d5ba572f0a4e1d893d5344370eb94f8906923de49abcc689bdab7c8730b2fba8355035159da19,CLEAR,DAYLIGHT,DRY,IMPROPER BACKING,2.0,70.0,1.0,1.0
0e9dac56554b8d8302350f4ee85f96ff920590c27df258f40f40a4669b7e309f2d492c5c9b4d0ba13675017bbfb7de2c817651e45a1fe8e7a723668de56ef02c,CLEAR,DAYLIGHT,DRY,FOLLOWING TOO CLOSELY,2.0,37.5,3.0,3.0
0e9db3db3c7e48739833abf2568a9aa1b86f7755b29df773e01d8cb01c629a15b58562349c32f738779ea13009684db747d31c58dffee7142f37859966befd07,RAIN,"DARKNESS, LIGHTED ROAD",WET,IMPROPER TURNING/NO SIGNAL,2.0,84.0,1.0,1.0
0e9dbe104d192b015d0c139f246682eca6d6f6e863416eca19c6a3b04f9dd9c5ce0635baaed0c4c700fbee2b6eeb3f6c5ab972fb6f0c01c1a00c032671ade00c,CLEAR,DAYLIGHT,DRY,IMPROPER OVERTAKING/PASSING,2.0,45.0,2.0,2.0
0e9dfb730def7d0b484c12a1ad2fc6f2f27396604949e91137e6aadcac42f1c31efd130e651b26d63afeac4cf22d63080d9aba60a8a4a225b3ce46d3c540dbb5,CLEAR,DAYLIGHT,DRY,DRIVING SKILLS/KNOWLEDGE/EXPERIENCE,2.0,25.0,1.0,1.0
0e9e452bcf29e78e0f0eb02fb935b0fcc6a9b0af24b039a42127105fc2ddbc7e1fac7cd6751b7339f00655d1f4336290edea4b21ee13864f44b92486f4e1a313,CLEAR,DAYLIGHT,DRY,DRIVING SKILLS/KNOWLEDGE/EXPERIENCE,2.0,34.0,3.0,3.0
0e9e705169f101fa9fe41380b9c9e76a3c3fba8e5d5c51481b73fd676de05732f03d528a63512a98951c09814a169289c434392e49365659e697f48a7977acf3,CLEAR,"DARKNESS, LIGHTED ROAD",WET,IMPROPER OVERTAKING/PASSING,2.0,53.0,3.0,3.0
0e9e7b4e9f9304bbdbf1ad65926af26c51cccf3b61d9c5d40a3b92832e7de296792cdfef12e59902c0e769c17e3dc65e6b7eef48c7393d115f9032a56c797302,CLEAR,DAYLIGHT,DRY,FOLLOWING TOO CLOSELY,2.0,48.5,2.0,2.0
0e9edbb7fcf6c98ff78f90769365334a39992d3c8c827e9342f29ddb903b3f846e227da84197b769d6ee4f0f79b35224ecc6042d069f58f22f936ad033795a38,CLEAR,DARKNESS,DRY,DRIVING SKILLS/KNOWLEDGE/EXPERIENCE,2.0,55.5,2.0,2.0
0e9ef30a144e3410ab370479a5812c71bae22bc8cab161d62f946e2dae8b94f1a47e23af949cd8592deb0b733ef3bfc826936d47c53c41641995521c9ea77560,CLEAR,"DARKNESS, LIGHTED ROAD",DRY,ROAD CONSTRUCTION/MAINTENANCE,1.0,39.0,1.0,1.0
0e9f28e5b3f21a03e8f2628088c9a60280d84818c8ed1423f373f307f4cf23bf22e3f34ebd0a17e36c0b86f4c8b483c9d393e32e3215689c58bc97a20a2bbc3f,CLEAR,"DARKNESS, LIGHTED ROAD",DRY,DISREGARDING TRAFFIC SIGNALS,2.0,33.0,2.0,2.0
0e9f36253068eaf5862fcef3188bc472b2f7ae2f17177a3000a31bdb8495f47115b88f061df582eda48c3adbc4e6a02ea57e4b3bf7e759f8ad2850906ca1b71c,SNOW,DAYLIGHT,WET,FAILING TO YIELD RIGHT-OF-WAY,2.0,70.5,4.0,4.0
0e9f3aaf729776b4a109e69e8d99cef57fabe11cf5dcdf1054d3a424c1b17fe4185e2167577971bc174b29afdf4075adab9b3d66e41f7e4e045ae00b6ce3eae7,CLEAR,DAYLIGHT,DRY,FAILING TO REDUCE SPEED TO AVOID CRASH,1.0,65.0,1.0,1.0
0e9f4174fa7c7ffffbe5341a3895731e78363bb9e882a3be684b65d48b8d19ee5fa81963d790d3b927160956c3e1602614685398319db7b958c34bdb6b54e832,CLEAR,DAYLIGHT,DRY,FAILING TO YIELD RIGHT-OF-WAY,2.0,59.0,4.0,4.0
0e9f7bad9ead66d0e0815ae3b268185f8763ce3abd6e31dbfc68b0fc216f6f7a15e771127c53e21d59df6f86a7a20f65119c242b324fcac28af123f3b51ca759,CLEAR,"DARKNESS, LIGHTED ROAD",DRY,UNDER THE INFLUENCE OF ALCOHOL/DRUGS (USE WHEN ARREST IS EFFECTED),4.0,61.0,1.0,1.0
0e9f7e33f0604e60c2771fd5bac13d188a49d9e97048f1c45bb492a8dfc4d61da30c026a0b64a2cf0c719a127211ccccd926b3cdd29e052798b710a3909912ed,CLEAR,DARKNESS,DRY,FOLLOWING TOO CLOSELY,2.0,24.5,2.0,2.0
0e9f8b539135bde057c17c75f68b557e90a30e99d3ee838d20f0b55c0b3139c76bef600ea4891382ccd99def4a87935b6fcfaf3474764602b55d6388dc00b2cb,CLOUDY/OVERCAST,DAYLIGHT,DRY,IMPROPER OVERTAKING/PASSING,2.0,27.666666666666668,4.0,4.0
0e9f9236e69e7f55aebee0bfe7f347c8b3a24d22922959c4a4fd94d5b9aa280744aeb6bbe5f159df207cc98b5ba07a6595b2b41389931ed311a1d4e913c2ffdf,CLEAR,DARKNESS,DRY,FOLLOWING TOO CLOSELY,2.0,28.0,2.0,2.0
0e9f93437d32ebd34434a1b9d3674ed755ad58d202af6b0967dae45214de1563b15d4d5cc374092cb4b667b844288e9fc2d237add36b2bf32041c56561a4224e,CLEAR,DAYLIGHT,DRY,IMPROPER OVERTAKING/PASSING,2.0,33.0,4.0,4.0
0e9f97cc940b54b1bcb9798bc9b53fd2f9ff669192422ed8c0e7e8447172a3385ef27dc7f105fe1f82a8adddd1d0c736bf0868e3b9d75ed53b35f3ebb8666ac1,CLEAR,DAYLIGHT,DRY,FAILING TO YIELD RIGHT-OF-WAY,2.0,53.0,2.0,2.0
0e9f9fc42042b4515bcda81aba7983c27c1f0f1a1e8485b491679aba9e66b16e38608ba96228220b7755d62e99e6c48691948f4394828a890020dee685883094,CLEAR,DAYLIGHT,DRY,DRIVING SKILLS/KNOWLEDGE/EXPERIENCE,1.0,55.0,1.0,1.0
0e9fabd762f6b5d0e36366d98fd6c4db624452b7271bea6155e34c2b58c161d6be944cea6e1e296f30e6f411b6cfcce0a5d9271a1ba50cdbcdc70520868a5621,CLEAR,DAYLIGHT,DRY,FOLLOWING TOO CLOSELY,2.0,43.666666666666664,3.0,3.0
0e9fb65a35ef0c303206e42991307a77332b8e7a594ac1ecc12c7620c9d6a5f7e2d3bc273c2988a723c74e2813bb412dad7f7c26136988b60f4322867888e873,CLEAR,"DARKNESS, LIGHTED ROAD",DRY,FOLLOWING TOO CLOSELY,2.0,11.666666666666666,4.0,4.0