crash_record_id,weather_condition,lighting_condition,roadway_surface_cond,prim_contributory_cause,total_vehicles,avg_driver_age,total_people,total_injured
0e9fce00536046a11e9ef5d9e767fa40a73917166bfd4b476b44d43e22bdcbde283ef8ef7a9ae3368805b2dabfc40d72adfb2a92372560a9138096fc82b2fa7b,CLEAR,DAYLIGHT,DRY,FAILING TO YIELD RIGHT-OF-WAY,2.0,37.5,2.0,2.0
0e9fdfceb22d96187e05709dcf0f682f8d737a373baec6ad8c94dbaa405fcc154a300c345abdad6ae33cbbdb3fabfa46fb7ffe99529cefb7003e9ddee7b3bfc9,CLEAR,"DARKNESS, LIGHTED ROAD",DRY,UNDER THE INFLUENCE OF ALCOHOL/DRUGS (USE WHEN ARREST IS EFFECTED),3.0,24.0,2.0,2.0
0e9fe7d060e321a05fd488e2376cd148dfabb539df10a04c363f60032cd124d5af5c770dea5094b5b0bc966b589bd748c033989a80945ae23efbf017ea84a57b,RAIN,DAYLIGHT,WET,IMPROPER TURNING/NO SIGNAL,2.0,37.0,2.0,2.0
0e9ff190c29b4032140a83da55f1445c62772d84fe1ca68ef92c2836a6616adf7bfb9382cb5ec5002b1baeba22a0b07a25e6eca6187b0d05d7e9e242c5e0f90e,CLOUDY/OVERCAST,DAYLIGHT,DRY,PHYSICAL CONDITION OF DRIVER,2.0,31.666666666666668,3.0,3.0
0e9ffc0453300368784b22b766c7a984a47a9722f4461701141c19f573ff685b9de3fe285e48ba9a835c65dc4553f6ecef5139d106ad516295bdb84bc6b2bc3b,CLEAR,DAYLIGHT,DRY,IMPROPER LANE USAGE,2.0,46.5,2.0,2.0
0ea006f847bb7d76070aee991eb4d9262d81291d0fd33cdb3a60597cbbdd928bcfa25b4aafcf9ac74e6c3f4ce60b7098f416210c430c5ce5b7f43cd811cb7983,CLEAR,DAYLIGHT,DRY,IMPROPER OVERTAKING/PASSING,2.0,46.0,3.0,3.0
0ea01f44f1cad102836a5d1f6f9ce1136e9df345966f4afa9d909e89b310bb3e479a8421d70bd40ff29db591c4740b5a2d37c7832fbc8329d82b97cc03efa6cd,CLEAR,DAYLIGHT,DRY,DISREGARDING TRAFFIC SIGNALS,2.0,31.0,2.0,2.0
0ea033fda3ce408bc8d1461efb0fce6b7d62518d02939beadaceb77640f6927ee0fc4adc4be3de884af34eeb63af7cf057223c8b602c1e132104cff9d6f335f8,CLEAR,DAYLIGHT,WET,IMPROPER LANE USAGE,2.0,34.0,2.0,2.0
0ea042d3f2e6358b8ff9568182eee330a1987fa9bf9e9a17c202bd6e8ad09138c1f3d92da6b551a19d26ca305893aabf64716447427cfcc5ef71e36844fcf32b,CLEAR,DAYLIGHT,DRY,IMPROPER LANE USAGE,2.0,29.5,2.0,2.0
0ea064ed9eed6490cb754f558b22644a5200366ff096f6f6d1b4ff2962ec7d9a9bd7fa6398bdc973a14147acbe84dbc03f385cb6ab68523864d1d4acc4274083,CLEAR,DAYLIGHT,DRY,FOLLOWING TOO CLOSELY,2.0,28.0,3.0,3.0
0ea07ed1de6cb827ba42213313f530a8c3dcafb2ac016bfefb50cc4260bf2572094a26585aef5e4396e314adfda76d497e7bbe5e4ac71b0c8f347ef2e6aff9ed,CLEAR,DAYLIGHT,DRY,IMPROPER LANE USAGE,2.0,64.0,2.0,2.0
0ea09731b39a99dbc737b00481694e8efd0a671b26e5d74fd97b8ebce9d5470853acb40be23d853e8f4c1d25b2673f7aa5f01ac01d8d8eb8a64252c793032eb0,CLEAR,DAYLIGHT,UNKNOWN,FAILING TO REDUCE SPEED TO AVOID CRASH,2.0,35.5,2.0,2.0
0ea0b59260137017b0ebf9cc8071687f809df6ee3c27c85c67b2aef84f9e1173de1eb8b786c464908129b7b7f189b8113b9a4cde1e4b8ae687b7f79c8ca313c2,CLEAR,DAYLIGHT,UNKNOWN,FOLLOWING TOO CLOSELY,2.0,70.0,4.0,4.0
0ea0b62d9845fbfe7d3face5c3ea98eda0057abad4c84ba99c520b4ed7d8312b6a38d6386d36ee0f7858d6c84b976f2bf21cdd6b32c259532380d28abd8891a0,CLEAR,"DARKNESS, LIGHTED ROAD",DRY,IMPROPER LANE USAGE,2.0,33.0,2.0,2.0
0ea0bcc3d30a1c8e998147fe64189ba012c3f93455cdf49a3eddd477c4fd0b09f8902fed826e700741e34ba3ab87dfb2e082c60ee6721945521fa035cf939a35,CLEAR,"DARKNESS, LIGHTED ROAD",DRY,IMPROPER BACKING,2.0,51.0,1.0,1.0
0ea0e04e89574354c03d6431390c3c06b9804e0c34b1f90b2593dc6e935172e822d2119d5b8bd313c8295478dec39aa36a93af0e90495b2f52efb6e77e141485,CLEAR,DAYLIGHT,DRY,FOLLOWING TOO CLOSELY,2.0,33.5,2.0,2.0
0ea105989b4d4d189c6f7c4755c252d81312d7e6dd9a36a6374ab7ec095d832c9179d4edf1e3bee3ed199375a6ad6ae3b238c8f80f6bb7902d304a556063e043,RAIN,DAYLIGHT,WET,IMPROPER TURNING/NO SIGNAL,2.0,38.5,2.0,2.0
0ea1348480dc77eb3089d6ff81f999a077227a1de21b239ed3d5c0c363a8abfd1ca7e600d23bf8e08b376480e4ab0efdf432f9fc3412fc7f58a7dba1c40f02b1,CLEAR,DAYLIGHT,DRY,DISREGARDING STOP SIGN,2.0,25.666666666666668,3.0,3.0
0ea150f71c87c553b14e7ce1dd03f3781c97a7c76f19569b39b6bd6046e07d5390eac5ff042bc29f27ea0d74f64b5f93da73679e35551c25b1fe7f359d636eb2,CLEAR,DAYLIGHT,DRY,FOLLOWING TOO CLOSELY,2.0,30.0,2.0,2.0
0ea161e60115581e5a0f6db9e6b237702927918e2724271c923e464fd2d928e64b2602eae2d07253e47567f8ee9f54c29e913c459dd8cc3a8ec05055b499b825,UNKNOWN,UNKNOWN,UNKNOWN,IMPROPER BACKING,2.0,37.5,2.0,2.0
0ea17b336615c3b29f8b402b34d8891bed76eeb9b1c402554dd30e06d4bab7407fe87a2b7c93b50102f91ca1c7e7dfa90f87cc90634d82cd41bf1c39a9ac203b,CLEAR,"DARKNESS, LIGHTED ROAD",DRY,FOLLOWING TOO CLOSELY,2.0,24.5,2.0,2.0
0ea181c0343a4328cab67d43f1a6d994b9a183c63083b279fb59ced2d676abafb773d73a236b7e71595a71ece9aa621b9308e3d883a11c3fd92fc5249da38c5d,CLEAR,DAYLIGHT,DRY,IMPROPER TURNING/NO SIGNAL,2.0,65.5,2.0,2.0
0ea1a491978b83e0e568ed6fe10a050255c851ce9493b71f71e13302c9a6c631be57682266a3f0738f296b062c606d84ea21956392bf684e4cf0296bc09cdb36,CLEAR,DAYLIGHT,DRY,"VISION OBSCURED (SIGNS, TREE LIMBS, BUILDINGS, ETC.)",1.0,43.0,2.0,2.0
0ea1ceeb3b8d58f113a7346ea9307de8c19c223d48e5af6a7b3bf37ecc3ef4cca1c56ef9db8dc76325bc2cc9f03f0187f7643cd0d979fd9a1db64a7a9a2d3ebf,CLEAR,DAYLIGHT,DRY,FOLLOWING TOO CLOSELY,2.0,35.0,3.0,3.0
0ea1f3fad38fff4e1f418aa5d23d35750043cdeab713c13ea82230c99b17e90265b3cd28a2f0ad1ba60cad5c19bfeb7e638d7c555a6a204914fc3311ba4e48dd,RAIN,DAYLIGHT,WET,DRIVING ON WRONG SIDE/WRONG WAY,2.0,33.5,2.0,2.0
0ea1f7eb134e6219a2199b0136a88a0ed1937adbdc06066fe6ae1cece71f8fb8dc5c8460882790d037c1714959e7bfede5e9c28036bfd0f26865e7fdae70eafd,CLEAR,DAYLIGHT,DRY,IMPROPER BACKING,2.0,25.0,4.0,4.0
0ea21fa75701a0cae2f68193e2d93373d4a0712a866a4cf62975cf3a7494a965cb92f1473d1eba37f925d1603189291259e5bc001581f4241af9b79b3fae29f0,CLEAR,DAYLIGHT,DRY,FAILING TO REDUCE SPEED TO AVOID CRASH,3.0,41.0,1.0,1.0
0ea23a4353690716998125baa3a3812ad2454ab6b852f179b4e3ef58e8f4bf35fef0985d217a59f1af4fbc7e44fcbd128b8fa6fd58b46b7163bb3a3092e432cc,CLOUDY/OVERCAST,"DARKNESS, LIGHTED ROAD",DRY,IMPROPER TURNING/NO SIGNAL,2.0,38.5,2.0,2.0
0ea252d0d7557189501c83cb1bd838c9a6b63fcf25e0daff42f2e1679e820b1aed869cd7c162c3917868aba5c8bb18a8859dd3191fd32286e4f17aeaf760d10f,RAIN,DAYLIGHT,WET,FAILING TO REDUCE SPEED TO AVOID CRASH,2.0,38.5,2.0,2.0
0ea2a3e4d86a66330f970aff5ea2608d4151e779fe44c1e159809d96d49fed6f89d4bfded9f3960aca40e35d8f64d1482547bcbfa7cb7d762977448b3adba519,CLEAR,DAYLIGHT,DRY,IMPROPER TURNING/NO SIGNAL,2.0,38.0,2.0,2.0
0ea2b05447b98f2ec672d28719ce5a6c4312b1e311764b468f30d0557710bae83866df7fabf33f4189c30e1bfb92a8b70be5d03fc070b410da48b8707f6d85c0,CLEAR,"DARKNESS, LIGHTED ROAD",DRY,PHYSICAL CONDITION OF DRIVER,1.0,18.0,1.0,1.0
0ea2baa659b015bd85a75eb26830f217ad7e31d2f8ba0f1f23949c34cb1d4a9c2813383c1fc02ced86d9c5da231c2e6a6b288acb0337cd80b1cf624d5906a32e,CLEAR,DAYLIGHT,DRY,DRIVING SKILLS/KNOWLEDGE/EXPERIENCE,2.0,25.0,4.0,4.0
0ea2cdcc596a3749aac315a6a1b286727b759b3878e6002b5b01a2694924af25f1364d84c8e2ee12dc75909e5e3667549b551cc4d58caa8b464b798747df0af8,CLEAR,DAYLIGHT,DRY,FOLLOWING TOO CLOSELY,2.0,30.5,2.0,2.0
0ea30cba30fad2887703b21a54b26fb6ea0d332e99d682d7a44db661fcf45861ec91e52a20fa53dc8e195da9c7e453ae043cb16c0fa0639fa8ba1abf6d5d7cb1,CLEAR,"DARKNESS, LIGHTED ROAD",WET,FAILING TO YIELD RIGHT-OF-WAY,2.0,38.0,2.0,2.0
0ea331eab7060a791ffb2134d2d667decc3fc9b5b260868b62b4bed416267d26a0aa672b82491a3489a56508d9ae08a785b187fa08e4d8b51331f48e01ac952e,CLEAR,DAYLIGHT,DRY,FAILING TO YIELD RIGHT-OF-WAY,2.0,28.0,2.0,2.0
0ea3453938e830adebfccba5690cd204bcaca7cafc809baaf93d308411c0c2336d959638435b434f9b4750e6a84f2fbd3213f046b243a30c6a333bd94e4c8276,CLEAR,DAYLIGHT,DRY,FAILING TO YIELD RIGHT-OF-WAY,2.0,37.5,1.0,1.0
0ea362c7a8b82468ba34d914873785c6b3cfa2135c544bd39092b0fe962b80df6f6c73b92e00585f631580b30be409741474edee9f735c29b0dee43b14d83640,CLOUDY/OVERCAST,DAYLIGHT,DRY,FAILING TO REDUCE SPEED TO AVOID CRASH,2.0,39.0,2.0,2.0
0ea36848e344c80c6970843b47f64961e299aafde06954a7b7598d71cf8a620c3f15b475b6fb567eac7f8c046bbc6f8a9c8548af0c09be74c458de4c58924362,CLEAR,DAYLIGHT,DRY,DRIVING SKILLS/KNOWLEDGE/EXPERIENCE,2.0,19.0,1.0,1.0
0ea390eea73147206a12f488243046f31f2ff021747b2192c20a6c8adac43455fc23eb420b77afadff542f64a1007da501b502abadce1333c03d11aa2ecbd80d,SNOW,DUSK,SNOW OR SLUSH,WEATHER,2.0,59.0,3.0,3.0
0ea3c2a4b467969db4431e06b302cdc975a843d2095bbfe6ac9cde2526252defa01b5090d9709097c036fb73f76c531787d0185d92eb85e22c121fe5d7c20d3c,CLEAR,"DARKNESS, LIGHTED ROAD",DRY,FAILING TO REDUCE SPEED TO AVOID CRASH,4.0,35.0,2.0,2.0
0ea3cd038347c239d69c8c08d63b424b870a96a7f8dc305c40fe1df13bb7213cfb2722b17c975cbaf3afa00e4690e9228f07c10c7aa5c2fea375bb187604a62b,RAIN,DAYLIGHT,WET,DRIVING SKILLS/KNOWLEDGE/EXPERIENCE,1.0,37.5,1.0,1.0
0ea3cf161186b83433fb55f8971b6bba159ac67c9a319f5c27ea748fde8a2466820b84c34b9e169870fdd7b80b366ce4707d7de069cfc72932ef2a0337387757,CLEAR,"DARKNESS, LIGHTED ROAD",DRY,FAILING TO REDUCE SPEED TO AVOID CRASH,2.0,45.5,2.0,2.0
0ea409130cc5336e784efc9bfe38cf31144bbe57ca4d7702e6d3c627c8b7f0aaa7d3dab6ea3455995eb6616178aea49e487eba830c247026105fefcd4c650de9,RAIN,DARKNESS,WET,IMPROPER BACKING,2.0,26.0,2.0,2.0
0ea42f89da791c03e5ffcf737d8c17a30d81a1b060555c6af70f8ec3dc765510f96f102abbb9116f2fb552e988dc1b87dcc8faff41b900f5fd757489fd1f9861,FREEZING RAIN/DRIZZLE,"DARKNESS, LIGHTED ROAD",ICE,DISREGARDING TRAFFIC SIGNALS,2.0,31.666666666666668,3.0,3.0
0ea43796e26a7cbcf90743cccdf0bac844c65982ccde65d29d14e50a4254dde9553190c119957d95427bee93ced3d9979e7dc81c34491b4b8003c175c94c1a41,SNOW,DAYLIGHT,SNOW OR SLUSH,FOLLOWING TOO CLOSELY,2.0,45.0,2.0,2.0
0ea43f2a213dab134723e46d2a52480e69c71bbf8be1103a371fe290b98a7b012cef4b08ce6cdbe0cf5d0e061850a5330249b719ddb63d6dbc5cdf28bcd171af,CLEAR,"DARKNESS, LIGHTED ROAD",DRY,FAILING TO YIELD RIGHT-OF-WAY,2.0,27.5,5.0,5.0
0ea43f9d033dae915ea12e097dffb637ab93553647b90cff740d568f96b43f746bdb11f015568a509d6722e99cb2ecc5471b57aeb182ec1026ee67308d72712b,CLEAR,DAYLIGHT,DRY,FOLLOWING TOO CLOSELY,2.0,44.0,2.0,2.0
0ea4587c535e015bb93d20840b9bcab01625bc5319d551e34132006715716f51900778a909f102901a492242ac71b2f86423168d6a1ba4a2269ec282c8207ed8,CLEAR,DAYLIGHT,DRY,DRIVING ON WRONG SIDE/WRONG WAY,2.0,34.333333333333336,3.0,3.0
0ea46dafa5f9862b9feb933be5fdf9a0c44e433951605e1ad76e4c9037d0aa34d23fe05338b96329ace43f449d8b872bf7504e667ed8e9304538643e967fca8c,CLEAR,DAYLIGHT,DRY,FAILING TO YIELD RIGHT-OF-WAY,4.0,57.75,5.0,5.0
0ea4d0881a1a281c481afbcb559478bb2d4cf61de1065884de727b4b43f68f1ca9a68c5c7bb45efba8a0884c6caf175e2a284aac994d85e5702e2da6275df72b,CLEAR,DAYLIGHT,DRY,FOLLOWING TOO CLOSELY,2.0,37.5,2.0,2.0
0ea4d44a8e93c98d16979fc079a19a4f0bd46ad1bae479dcb03c1dd54ee46d8936eac965ab17a234528bad4208d6c6caa8165a5e9e6ee9d7cac3223fc2533418,SNOW,DAYLIGHT,SNOW OR SLUSH,WEATHER,1.0,50.0,1.0,1.0
0ea4f3379b821d8c33c6fccdb880248d9dd4fde8a81a50037615763d93e29759a37530441e44f8958180a6b83839ae9a835bce246cf50c2510309e3d481e595b,CLEAR,"DARKNESS, LIGHTED ROAD",DRY,FAILING TO REDUCE SPEED TO AVOID CRASH,2.0,29.0,2.0,2.0
0ea4f7e155175920692ab6d558a13c097e49b9967b8bd7eaed3cacb8a9512951542052a7923d81295fe88beec0d8468b81f9cfa8fc016c338baff9147f13df5a,RAIN,DAYLIGHT,WET,IMPROPER LANE USAGE,2.0,51.333333333333336,3.0,3.0
0ea501b28ab5ccefcf5fd4409d1f1ade9d898cbf80a6166c09e8ed4d9cdca90f7207b08bd0052eddb2bd6c352b407550c7541cd9e0a8200bd9f784b6dfb3bc14,CLEAR,DAYLIGHT,DRY,DRIVING SKILLS/KNOWLEDGE/EXPERIENCE,2.0,42.0,2.0,2.0
0ea52afaf387675fd1218a0a89bda13eb309c55312a0392db97d15f06a7c8fa72e9ebd1687d12b53fcaecd243b5afcc97d509f69d972705dc3faefe65d785b50,CLEAR,"DARKNESS, LIGHTED ROAD",DRY,IMPROPER BACKING,2.0,37.5,1.0,1.0
0ea52b57d84c1e3c30665205d66201c92ba9118cab3e6e51d3b6418615aad7e7de9542747091b48a14e58d6eeb1c3a26fb04786817a39d0f92ab723001e98277,CLEAR,DAYLIGHT,DRY,FOLLOWING TOO CLOSELY,2.0,31.0,2.0,2.0
0ea5395aed473c21a08ac1ca65aa192ed4b4b652bc32fadb80c26bf91c36c3ddab5176e574d2d9b796ea5fd326aa483cb5e700561920978152ac7b483c8f5698,CLEAR,DUSK,DRY,IMPROPER TURNING/NO SIGNAL,2.0,27.5,3.0,3.0
0ea54114d2a7a73dbbc8ed6062d51750dd4a018587403dafb9236538780a6ce151123003757d50223ecd2ffd03dbcf263d56c99e7b2006073a0a18c1af052201,CLEAR,DAYLIGHT,DRY,IMPROPER BACKING,2.0,34.0,3.0,3.0
0ea551a7bb675df541c97286e91431e9ec0f8981017eb09186a5bbbe99c4545ab4667838a2ef8f12e9a1626ea47bedcd0bc5352a5bc9b5907d7ea202eaea5dc5,CLEAR,"DARKNESS, LIGHTED ROAD",DRY,IMPROPER LANE USAGE,6.0,36.0,1.0,1.0
0ea552f716ed2d8fac9f93c05b036f4b96af7cec30145e15c88ef09ddc0cb1c09e954993a2642822cb6217620c3443ed701277f38243306b19f5521fa3947d0e,CLEAR,"DARKNESS, LIGHTED ROAD",DRY,DISREGARDING STOP SIGN,1.0,19.0,2.0,2.0
0ea571458296e5a8ab671af7ea704c05b3e2688efd93ced1c99a297dae246c241541090c1dc181a839632bb80c06db73a4a3e6cd7b2e0a389e5b22eda6c79b0c,CLEAR,DAYLIGHT,DRY,IMPROPER OVERTAKING/PASSING,2.0,35.0,2.0,2.0
0ea5bf6ea1172687f734de45bdf8f400223789efea252eb9300e144cf354eb2607641684f0b13ac9356a8679ac2dccf053312f78ac8d7f66996e39f3e01b4a4a,CLEAR,"DARKNESS, LIGHTED ROAD",DRY,FAILING TO YIELD RIGHT-OF-WAY,2.0,52.333333333333336,3.0,3.0
0ea5c20a01c529fc121ee6b336ca8a560c636a829886e72b5e9b2be91d68c3df570bcd77ca0dce7cba042c40c0cacfd47e847273044e342bacb587b6627bbb66,CLEAR,"DARKNESS, LIGHTED ROAD",DRY,DISREGARDING STOP SIGN,2.0,0.0,2.0,2.0
0ea5d61faf8f2390f5db7d4d89e62eaa81b91d32c96f312998828f658ac8ce85b9eff4054dc00a0b404ae97c05fff87c79ada37b922a74744e91ec57d6dd0581,CLEAR,"DARKNESS, LIGHTED ROAD",WET,DISREGARDING TRAFFIC SIGNALS,2.0,42.0,3.0,3.0
0ea5f1d63ba055481ab74ceda989491c40331758aa28568442196dc8dec2cc1c68f5043a8b0324892b602d865a98b786f99047bf23ba901296f73fce5b822803,CLEAR,DAYLIGHT,DRY,FAILING TO YIELD RIGHT-OF-WAY,2.0,80.0,1.0,1.0
0ea60bb15b23b7a4bd5e46aed005bee3ef7895433a1608b946c303f876332546959a6b1a9d149746021d159498eacb6b91d89c84017b8df1d55e8ab63c62b3ed,CLEAR,DAYLIGHT,DRY,FAILING TO REDUCE SPEED TO AVOID CRASH,2.0,31.5,2.0,2.0
0ea60e0956649f7c3710e187f5df43b9bb9002be55ba9d36154a6f2725450fd464918214a5167b800bf08eb1c98d7e3e3f49e678f2b13569375eba0637c1c057,CLEAR,"DARKNESS, LIGHTED ROAD",DRY,FAILING TO YIELD RIGHT-OF-WAY,1.0,36.666666666666664,3.0,3.0
0ea61890b26714f60bc50ddb1bbc5d6476cb2ebf27db9bae2076f85efec605091411d0099ca890e030ffa1127588a510af83f50c915fd6e77ddc6e86d156c1e1,CLEAR,"DARKNESS, LIGHTED ROAD",WET,DISREGARDING TRAFFIC SIGNALS,2.0,20.666666666666668,3.0,3.0
0ea6689abd6b15fee56c28c0bd1e120a92e43fef122b3981a00407b0f759b4f4b98ae75e7e61cc0c42b6ef0ec7c73b5896b14d3bf1c50abc133831a224b12e83,CLEAR,DAYLIGHT,WET,FAILING TO YIELD RIGHT-OF-WAY,2.0,29.5,4.0,4.0
0ea6720e462e7d77d90b9dd512f70493b394fd05f6fd915bbf4d9367e8632139335203d3b339cd37563192bfd41c56cd7a83345601550d257756e78a7cd39c09,CLEAR,DAYLIGHT,DRY,IMPROPER BACKING,2.0,63.0,1.0,1.0
0ea6830e0817094a61956604e39e6bec5d8a96cc9bc9c4afa5ab72aac96cc75a6484874ae5a3c877ed452a8148eefb4bb4a736f108253920a06b849422f94948,CLEAR,DAYLIGHT,DRY,DRIVING SKILLS/KNOWLEDGE/EXPERIENCE,2.0,26.5,2.0,2.0
0ea6c7238994f785ecbffc4822bdf854172d0d5898287d6bf658ac495cc39add670072b5e1ea4d90651c71bbdb35fedd8a0a95e5c0d6ad0baa31b1418da3e60a,RAIN,DAYLIGHT,WET,FAILING TO YIELD RIGHT-OF-WAY,2.0,37.0,2.0,2.0
0ea6eb52a459fe31a07b78d4ca40e4b9395afdd110ba6aea94663d3a5e36a8941234146b412cd531ee891d185587a76cacaa2fe5b76434d6b76d02a673f62572,CLEAR,DAYLIGHT,DRY,IMPROPER OVERTAKING/PASSING,2.0,38.0,2.0,2.0
0ea6fbd4de6d2a5a53048bc61ed6d6203a5d6c4292595d8798c6fe7f71a82ed32e9bf8a71b7b3ee54dc6865fd52eb09df9437387a329d09d340b78113594b04d,CLEAR,DAYLIGHT,DRY,DISTRACTION - FROM INSIDE VEHICLE,2.0,24.0,1.0,1.0
0ea7068a6414d6881d80339c95b64cac8799ac4066c2f3a725648ef22a7e95a1718fa119500ee523609a6ba9079d13dad8d0f7ea2b547a6da0cbb27d8b3401dd,CLEAR,"DARKNESS, LIGHTED ROAD",DRY,IMPROPER TURNING/NO SIGNAL,3.0,37.5,1.0,1.0
0ea72dcf445b322b61bf048c161a0ad79e812682b2edcceb28174fa05d7a2bf6c96173d41ec8c7b19060f3027ee3611fde1dda7fdacaf889a6b768b7ed8249f7,CLEAR,DAYLIGHT,DRY,IMPROPER OVERTAKING/PASSING,2.0,17.6,5.0,5.0
0ea78e7a40bcc70b404987603da055d3fcd8ec9043f446fec7990603a5cf5d04523c1ad2e911058a28752c81ea58133971a8372c18f083d2163407736d985428,CLEAR,DAYLIGHT,DRY,FOLLOWING TOO CLOSELY,2.0,32.0,2.0,2.0
0ea797758caa1a64feb7e9ad59a45fa2a17aa65889d90ddda85a3cfc87439ab84c8fe938c697c170e814cb40994679a52740f572055cc31ad10f56faa7d3fe9b,CLEAR,DAYLIGHT,DRY,FOLLOWING TOO CLOSELY,2.0,37.0,2.0,2.0
0ea79ee96f6d3b9427f46866752c2cce42d4127ea979becb25ddd7c0894fb10e7eeb172e8a20d308455ffbf94e909ec0f99e700b71499025be70d19c729d19fe,CLEAR,DAYLIGHT,DRY,IMPROPER BACKING,2.0,37.5,2.0,2.0
0ea7aaee14333e656853551b79027562d01a6b186f0cea0b9187dc323f94c37e66973abb904218a784cc4ae37d1e99b12cae415a66c50fecc6f8d62d425cb85a,RAIN,DAYLIGHT,WET,FAILING TO REDUCE SPEED TO AVOID CRASH,2.0,35.0,2.0,2.0
0ea7abc495eb187e332c338a5f4b5fbf00043f121a29756322192351e90ae17a42ddc78ba3371d0b6ff44bfb4f7f53fe581140fffda7b3158786afcf074208e3,CLEAR,DAYLIGHT,DRY,FAILING TO REDUCE SPEED TO AVOID CRASH,2.0,26.0,2.0,2.0
0ea7bfeb8b301bff074d6cf281fd8ed6f89f44dcfe7f0c4d3bebf78fd34e30fc529c07a4fea8e7219b144567a9ebfa4c6f48d9fe56969a0d0c737928386dc8c6,CLEAR,DAYLIGHT,DRY,FAILING TO REDUCE SPEED TO AVOID CRASH,1.0,31.5,2.0,2.0
0ea7d1faccc91a0d65256803d65f5a132e35076f4a4ad705e9dc9638f701769e04b72d497e0027274462e51dde764f027845cbae78c95f42d6cb4c8ed129975f,CLEAR,DAYLIGHT,DRY,IMPROPER BACKING,2.0,27.5,2.0,2.0
0ea7db6e0e70664ad299fdb7ad373ad0d822f4492467d8ca0bd5639846c63a716a275325c617db3cd0a4a1e8787cfbc21bbdeb38a97156640a6c238fdd2c0f16,CLEAR,DAYLIGHT,DRY,IMPROPER OVERTAKING/PASSING,2.0,43.0,2.0,2.0
0ea8036c49e463068e9b55ee9c97bb8683bb705d2d7a4b10cbd21e2e78851b29040767ccaabdaa225cec5b3218af1b8fb369ee478b2482ebe2e75307a45ff6b8,CLEAR,DAYLIGHT,DRY,FAILING TO YIELD RIGHT-OF-WAY,1.0,34.5,2.0,2.0
0ea80a52a10901d0173ff139b680555056b74176921ebd68a0e3263c0e72162fac53b6b0cbb139acdf4b1ea8dfce490a8d92e6264017d386b0ac27418c3c46c9,CLEAR,DAYLIGHT,DRY,IMPROPER LANE USAGE,2.0,34.0,2.0,2.0
0ea80a9717b32c255adf9dff0bc53e5fca54d98bf14b65678a1afa430365af4b42027225db610aa987b213c18ecfce3f8f7f81a420d5cdce9ca832ac8ab9d945,UNKNOWN,DAYLIGHT,UNKNOWN,IMPROPER OVERTAKING/PASSING,2.0,67.0,2.0,2.0
0ea83f1b47069844ee830d40a5712ae80132c6d4fd0aff18bbd3412c42da4bcae5d78297047797e8f2c4f5e51b36931ae199565badddb67bb2ae6bfb468225d0,RAIN,"DARKNESS, LIGHTED ROAD",WET,FOLLOWING TOO CLOSELY,2.0,27.0,2.0,2.0
0ea85243203dc4d15649ee9cd17c5fd24f78f2829aff4bf04e578c99d9a5537f939a9465a17e345e929838a41ca613d8e7e274878bfd11f8f04b098faead31de,CLEAR,DAYLIGHT,DRY,PHYSICAL CONDITION OF DRIVER,4.0,47.0,5.0,5.0
0ea86b879ed0f253b646559949a0b45ceece1ca6786085f7c713cf2f5ca0fda825997bbf4854bdf7bb09dd196e87e59f0bd7fb43c499c216444200b462de1736,CLEAR,DAYLIGHT,DRY,IMPROPER TURNING/NO SIGNAL,2.0,19.666666666666668,9.0,9.0
0ea87c176a5c656f87e24b99652e0fbe7e2ad00c2dd1872d21e026ef8d85bbf1fc7b07a4ee1fb123f44c8ca067ad5703ca8e34402e54c8ff3eac76e663a2b0fb,CLEAR,"DARKNESS, LIGHTED ROAD",DRY,IMPROPER LANE USAGE,2.0,58.0,2.0,2.0
0ea87f1ab04ed6f434d226e16d67c10f557d56db32ba9221593bfedf99728f2b528389fc0fac87422cde186425f0ae71bc1e68d1497f0f65706fb20991f501f3,CLEAR,DAYLIGHT,DRY,IMPROPER OVERTAKING/PASSING,2.0,70.5,2.0,2.0
0ea8a5133a8b23dd7f89e6e146d7216e1e970667cffe05e2ee2d6504fff7474bb9a18d2d28437c3560eaf1233d893e6a032ac265f7b73af312b99bdba10c8335,CLEAR,DAYLIGHT,DRY,DRIVING ON WRONG SIDE/WRONG WAY,3.0,37.5,1.0,1.0
0ea8d00a0a2f978df96af4df1ae72196474be4a8d05886547d61ffb2fb456a84215f94f08074c9f9a4439329ab412c9e68214fa5d56ff9bd8348d62dc732cf07,SNOW,DAYLIGHT,SNOW OR SLUSH,WEATHER,2.0,24.0,2.0,2.0
0ea8d09baaa156892e8894a65e9aa6cbea585c000372e935ca9f3d7c1fd73f40e969e11ad983f4f730334cd915ef369fcc598c192782def6d9d35dce025496b7,CLEAR,DAYLIGHT,DRY,IMPROPER TURNING/NO SIGNAL,2.0,52.0,2.0,2.0
0ea8d6b38ead256613e846a99deda4b7a757c550bd843673fde2275eb20262a27421026575905eb32b23e7a8c54020d7d64dc4b6ed46a8de0e5202e7d9ad3759,CLEAR,DAYLIGHT,DRY,FAILING TO YIELD RIGHT-OF-WAY,2.0,22.5,5.0,5.0
0ea8f32d98202097739ff016ff253753d52b7ec9b7522b4a13586eb79357eec57a67ebfb4cc530dff2a0f56fecbc7d90f61525d9962935730fb7904cb5e31ef7,CLEAR,DAYLIGHT,DRY,DISREGARDING TRAFFIC SIGNALS,2.0,53.0,2.0,2.0