crash_record_id,weather_condition,lighting_condition,roadway_surface_cond,prim_contributory_cause,total_vehicles,avg_driver_age,total_people,total_injured
0ea907df1177a6b413069442ce5c589d9f8d35cf595a5ba9c72307c94d53d56292604a69ae43649a0040f3a0c6168f06f7bba7d3acf2fc997e4c09a32739b5e0,CLEAR,DAYLIGHT,DRY,"OPERATING VEHICLE IN ERRATIC, RECKLESS, CARELESS, NEGLIGENT OR AGGRESSIVE MANNER",3.0,38.0,1.0,1.0
0ea907e01247df9d02e5a1a8921b50ff15290cb152061d44f95dcd7e9c845070b549bb2694c534f1a56bb5852c39e85eb49c961cba3b257ca03c7040271029d8,CLEAR,DAYLIGHT,DRY,FAILING TO YIELD RIGHT-OF-WAY,2.0,67.75,4.0,4.0
0ea908ac47bcd507a9194bbcbbdfe3ac28053741542820062ba344251a18076f17208eb88e55f7591f1a26e65495c2fde0ec0173301eb775238fabcbb82ded79,CLEAR,DAYLIGHT,DRY,IMPROPER TURNING/NO SIGNAL,2.0,33.0,3.0,3.0
0ea943b6dcbc1d6ebdf1c804c756c1c60882d1638418da0b4df6d8b7f09becb134becdb5563baae8450a9a6e9de534cdd67e8d2d4b2c98dbc0f8cba1a12b5968,CLEAR,DAYLIGHT,DRY,IMPROPER OVERTAKING/PASSING,2.0,14.333333333333334,4.0,4.0
0ea95d398ba700825c8641ffd10b6166bcc63d398157315f96e951a03547c5e0bde75db558146b97e3b53428f887ef192180c8ff1b983bcbf1ac6aad45a7d11b,CLEAR,DAYLIGHT,DRY,IMPROPER OVERTAKING/PASSING,2.0,31.0,2.0,2.0
0ea9680ceb41836ad7f421fa7d65b73a58d2bcc06aae3974ce17d4873343caddc9d7307f9388b8efcae88a90e05821378a84c2aa23515d465ddb117308517a25,CLEAR,"DARKNESS, LIGHTED ROAD",DRY,IMPROPER LANE USAGE,4.0,37.5,1.0,1.0
0ea97bb975d4a804854f723c8f24f2f6088615c0ad7ec40d98dbd4deef467075f967ee6507f722d36b0bd5de388352bb02750effcfa0c7d2209f2b1182faf2fe,SNOW,DARKNESS,SNOW OR SLUSH,WEATHER,1.0,53.0,2.0,1.0
0ea997fc8fb90431d0a7a66ab79acd44eb44d04aceb0d67d20880e49a1c99ea3af7af920f873b54519672d72607530f9455cac2388d5759d5f8a76dd2ed680ae,CLEAR,DAYLIGHT,DRY,FAILING TO YIELD RIGHT-OF-WAY,2.0,26.0,2.0,2.0
0ea9a64cef6b645f9834be1338b561266deacb2d2da14cf3b00f572a5eb75b3f4f48a9ac1edd36212f64213bfae0f6b40c9b8aaf6c3558b30c24260ed634bea5,CLEAR,DAYLIGHT,DRY,IMPROPER LANE USAGE,2.0,27.25,5.0,5.0
0ea9f13f6162ef68eceaedf34544e170ffeb785a8f059ddcecf572a372f32581acce0ef16ef331c9d42252f254f7f62447581c79092364ff5973b80d060945d6,CLOUDY/OVERCAST,DAYLIGHT,DRY,FAILING TO YIELD RIGHT-OF-WAY,1.0,58.0,2.0,2.0
0ea9fd296951576522de7b85bac921acdb1d73e6113fb6d60c48f9c9743434cc438ac90b2225a973e8f7f8236da65ff5716bff6507d4a3e58d9ef905c5ba47ee,CLEAR,DAYLIGHT,UNKNOWN,DISREGARDING TRAFFIC SIGNALS,2.0,41.5,3.0,3.0
0eaa12b3ad9f6b78d22c2ec8481567d57267e14fff912a0829e16b5c25d07541814318af362f7edd5a0c5df493f50f93d6fa6b42b0b4df70be5c92d621607e94,CLEAR,DAYLIGHT,DRY,FAILING TO YIELD RIGHT-OF-WAY,2.0,45.333333333333336,5.0,5.0
0eaa137eabe9f383cf9c04fc93d244ea4e7c234a2ee140306ca5128aeba0ee3680cc312dc9082adbfe4347ba36eb9fe5edb526de96d185cf7474a0a7f604ba63,CLEAR,"DARKNESS, LIGHTED ROAD",DRY,FAILING TO YIELD RIGHT-OF-WAY,2.0,21.0,2.0,2.0
0eaa3a75d2c312af0d4f71135dddec0bb1e8eaec861d5d07e5594cf1be29af29b1785e9e6e2949b3e859d4a17561ea2e8d54cc5faa1e7f8bb199acddfebf0726,RAIN,DAYLIGHT,WET,IMPROPER OVERTAKING/PASSING,2.0,46.0,2.0,2.0
0eaa3d59daac8fa1fe8431088e2a4cd437adeab52932dfb3db1861bcd825eb44bbc3ddc1ff40dd001dc92392aa5bc7be24e0dcda51a107afea157f136a988ee6,RAIN,DAYLIGHT,WET,EQUIPMENT - VEHICLE CONDITION,2.0,41.0,1.0,1.0
0eaa6e309eefddd56f0f9fb2ab8538e6e9b56c3203d1bbc20ce78a89a09417968a53b0c96ee4a3a65042d268a6dab2b57cb8de21a3505fda8c2221d596b93404,CLEAR,DAYLIGHT,DRY,FOLLOWING TOO CLOSELY,2.0,17.5,4.0,4.0
0eaa87e1e0fa9c04798988dc7a55d4381568b734c50a335de6b3b78df3607064dd53fd8e5ca474b411eeb912da9a5a133762afe01c915e5e2d44ffc60de1e37c,CLEAR,"DARKNESS, LIGHTED ROAD",DRY,FOLLOWING TOO CLOSELY,2.0,32.0,3.0,3.0
0eaaadc69d7dcb1f78e5383259325793b0e61b44e0be1fda251a6f8a0e53bb8bc1a41a6ae9d7e7aad126c665e1382ff7abc0778d0ef5ba5a235cc635c52277ea,CLEAR,DAYLIGHT,DRY,FAILING TO YIELD RIGHT-OF-WAY,2.0,51.0,3.0,3.0
0eaad39739a3148f2397bc6266bcad156f18b46db85cb5e67d8ccfb140e3016fbbf7c3b7b37dbbb42b2d267476fef1b2bdf4c3ad4755fbfd54c054d667248de5,CLEAR,"DARKNESS, LIGHTED ROAD",DRY,FAILING TO YIELD RIGHT-OF-WAY,2.0,35.0,2.0,2.0
0eab22337215a3c97cd323f8fd26e15c2b057c987b96ee7718c65441d5792d89b2cd36f1706221eaa378c19b09d212549de2e2cbf4523db119527c6e1e56389e,CLEAR,DAYLIGHT,DRY,IMPROPER LANE USAGE,2.0,23.666666666666668,3.0,3.0
0eab576d8e97235f5af14a897b5dcfcbedc1de6858520a30fe5e89a752b95a70445dc12990b2f92e339d23f374d3ee7b83f455ee38db983fe89c08bbe527386b,CLOUDY/OVERCAST,DAYLIGHT,WET,FOLLOWING TOO CLOSELY,2.0,49.0,3.0,3.0
0eab5a2107fbb2e4b145c519611930f15d4c924ed37c4f76a23981ebb8d785cb1fceabacae6e7e690b9b92141e1a4bc15b49f78cf158d2b51ddd67ca635c548e,RAIN,"DARKNESS, LIGHTED ROAD",WET,IMPROPER OVERTAKING/PASSING,2.0,30.0,2.0,2.0
0eab6a87e1dd129563d093cf040237e7cb4b4b11e79281752e5d7acba31d729906d22a79e9ccca224aad3aafeaa2dd05621186d60d739f75fc4a417d8cce3794,CLEAR,DAYLIGHT,DRY,DRIVING SKILLS/KNOWLEDGE/EXPERIENCE,2.0,37.5,1.0,1.0
0eab75236f19b082ac4a11127e5982fb15bd70a3c4c29b18d0d46318ef122093fc6049d844c27dccec8e90ae7a31aeda0a1a9b02ff1cdf55c25c32aa42e6de0e,OTHER,DAYLIGHT,DRY,ANIMAL,1.0,35.0,2.0,2.0
0eab7e3816d01ed21cf82cd4519bf796145b32191ce4a0c66a64c8a3ba26e09198b458d16b84a931664a343d3fc7e1f32ed221e810785c5cffa6bbb878b5b4ed,CLEAR,DAYLIGHT,DRY,FAILING TO REDUCE SPEED TO AVOID CRASH,2.0,31.333333333333332,3.0,3.0
0eab87bde4a8b4bb292896ce8acc1c3a8ddfbdcdc113ffc60bf097c3fce6c3ad475d78060fa15ca81cf6231ac258bfe984ca5d1dbbfcd0c6fe98dbb28accf45c,CLEAR,DAYLIGHT,DRY,FAILING TO YIELD RIGHT-OF-WAY,2.0,29.5,3.0,3.0
0eaba0e66b0a680fdbe75d24f9a68e403199a03a66fe25728c5d51dcb3454db33a1ffd6c668351ae5056d788c6ca61a9c7581d67792c2013cad48423657fb699,RAIN,DAYLIGHT,WET,FOLLOWING TOO CLOSELY,2.0,25.0,4.0,4.0
0eabc5b5ddf58ca6e3d970ac39f19a257976c52ca137f8ef9a111d7fe68a0bff6567cbceac97287fdac4c8ce9d7d026a0e6ebef839b156f60241623d5e3b320c,CLEAR,"DARKNESS, LIGHTED ROAD",DRY,IMPROPER TURNING/NO SIGNAL,2.0,31.5,2.0,2.0
0eabf87504e131eecb4c8b36f9465e216e365fe86c2bdd9f26aab0fe796baf96d92835028a10beb94e8256a492734fb524bc02b3e12b7b5a299c01d5548256fa,CLEAR,DAYLIGHT,WET,FAILING TO REDUCE SPEED TO AVOID CRASH,2.0,32.0,2.0,2.0
0eac1f830b872f1bd2412d54398c17e2b0136f923ffbae37338dc07f09b91deb1b687f31c0855f87a46a0af34171f099711203c2d439ace50dd9cf2109b97fe9,CLEAR,DAYLIGHT,DRY,FAILING TO YIELD RIGHT-OF-WAY,2.0,32.0,2.0,2.0
0eac3497df8c685a411a95685d0767370ed56cf828dadfbb07295fb1379575fab56f9d2893a313ea09ed2ed46f2c85c03fe25e015d57a44f5288a41600ac30e6,CLEAR,DAYLIGHT,DRY,DRIVING SKILLS/KNOWLEDGE/EXPERIENCE,2.0,37.5,1.0,1.0
0eac3e03d36bdc15875e405f787b52bcdbf6d9b1bd12094fbc7ee5199122692e3deb5d5930b472a1cccde24a65fa0493c62c938a9efe7797ea847f96ca4c819b,CLEAR,DAYLIGHT,DRY,FOLLOWING TOO CLOSELY,2.0,33.0,3.0,3.0
0eacee90ca291af1e3eb4fbdd41d59eab43ed1c2305d5a862b18ab937aca573b3e67aec7860c6978c69226c1e9ad61d022867d9f1a75679a153efb8be4cd8285,CLEAR,"DARKNESS, LIGHTED ROAD",DRY,IMPROPER LANE USAGE,2.0,43.0,3.0,3.0
0ead0ac110fa19c79ed9fec9042827625e2fbcee3d098ea60388c88d4ada7aa643b19ee8aa35482c390bd37873ab9b8e235f3799830b994614f345ae4ab272cc,CLEAR,DAYLIGHT,DRY,"OPERATING VEHICLE IN ERRATIC, RECKLESS, CARELESS, NEGLIGENT OR AGGRESSIVE MANNER",2.0,37.5,1.0,1.0
0ead16a96d9bf4224eb8a4e50d971f52acddba8cf094dd9cd113ccc46e01fba6cb70331857365dd857afc64d080ffff248b8491ad7deced59c974a1d9ea32ecc,FOG/SMOKE/HAZE,"DARKNESS, LIGHTED ROAD",WET,IMPROPER BACKING,2.0,31.0,2.0,2.0
0ead2df3f95ad6f157f9ae484347e84f614ac4d20bd06d7371ad20aea6e845797c9d95f8fec72eac9e7a2179a37b95a8d5d8b26f625f9afe78d1e08626395613,CLEAR,DAYLIGHT,DRY,IMPROPER OVERTAKING/PASSING,2.0,46.5,3.0,3.0
0ead302576923ca0fb7ceaee710ef5e9842665cf984ad035b4c2680173e03ceb7bff9fd38aeee4153430f666b920704c37de28c0248aefd2afb053c0eb268ce3,CLEAR,DAYLIGHT,DRY,FAILING TO YIELD RIGHT-OF-WAY,2.0,36.0,2.0,2.0
0eada4e10f08a58de2a374caf3484952e1104a1203ab84c77f9504ec0ba58ef0284e3d555cd4e7479a7bdd2bb4dba3b1f85e8737e9e4364106dbea1dc8ff6120,CLEAR,DAYLIGHT,DRY,FAILING TO REDUCE SPEED TO AVOID CRASH,2.0,22.0,2.0,2.0
0eadbb8e52b900741f7853cb016f088f78d9255cc5c21f7285e0c097242fac913b27d0772a04804b5995779a8e612e4d4a888a33eea1fc278633fa0ad06c6561,CLOUDY/OVERCAST,"DARKNESS, LIGHTED ROAD",WET,DRIVING SKILLS/KNOWLEDGE/EXPERIENCE,2.0,48.333333333333336,3.0,3.0
0eadbd8ddd5965286aa6245cb1d6a8972640c8db6878d9cb3ba34321f59319929d2bccbe13459a340c27819f081355374cbe17971196554a7458b44bf9c2ac87,CLEAR,"DARKNESS, LIGHTED ROAD",DRY,FAILING TO YIELD RIGHT-OF-WAY,2.0,36.666666666666664,3.0,3.0
0eaddb195660d05012f72a8e863ae731247eb7d45d6f0a6b23710296049e2958960726567d3df5cdd6106a00b6152660e69b91d9ab29899de155b6bbbe8f9106,CLEAR,DAYLIGHT,DRY,FOLLOWING TOO CLOSELY,2.0,36.0,3.0,3.0
0eade43794175588e833b73d06dab3c0266adca730c0d6f4210fa6ef22497b1678f0b4bd47f9045974e1b629902c6d597591e794901eda243619282e487beb79,FREEZING RAIN/DRIZZLE,DAYLIGHT,WET,FOLLOWING TOO CLOSELY,2.0,38.666666666666664,3.0,3.0
0eadfff16ae3e598c7099080b4c8c68100526fa65a44c7ee3be5ebb1c07dbf53c470dd2c9cd60a6056a340939fb977c5685e9a844fa6c13c3e428df7108d7e94,CLEAR,DAYLIGHT,DRY,IMPROPER TURNING/NO SIGNAL,2.0,49.5,5.0,5.0
0eae0ec74b34de7567052b131d56df3b7b9ab6b900dc48521168f20eb2f347d736271adac41194cc98f5d8ffb718c23f351129fe44a167a23c29c8bed8cc6203,CLEAR,DAYLIGHT,UNKNOWN,IMPROPER BACKING,2.0,92.0,1.0,1.0
0eae5670729d0f1620240e0551fc78cbb698361c20364e82792ad4069316d5443ed4648bf882c919dd7d7b62404347e6dfdf61da1225468e397b69d7326c9d4d,RAIN,"DARKNESS, LIGHTED ROAD",WET,WEATHER,2.0,37.5,2.0,2.0
0eae60bbcd8e3440a133c8e6787409eab25feeeb125cecc54ed03017dc94c6a82fac716213576a9c1f555b6f31fe3de88492dfc72357ae439eb39066a4135aea,CLEAR,DAYLIGHT,DRY,FAILING TO YIELD RIGHT-OF-WAY,2.0,47.0,2.0,2.0
0eae7bb1eef10abe80c090c150d6228479fb9df16063bc8870e90a2950bef273a3c5b008a311db0e38675af2a9517376ebcb16fe3603861479e6233453253a2e,CLEAR,DAYLIGHT,DRY,IMPROPER TURNING/NO SIGNAL,2.0,24.5,2.0,2.0
0eae910947fdf342fd458e3045755133ad5ced7e4a329f8dc9c18bcfae053b48bf2b384f01c27ed6193d9cfb9962a5db07c1d8706586219f3bce87f321615713,SNOW,"DARKNESS, LIGHTED ROAD",SNOW OR SLUSH,FAILING TO REDUCE SPEED TO AVOID CRASH,2.0,29.0,2.0,2.0
0eae9903b1c81fc1cd7bcb64bd9ed7f092c7bf2d84c8cdf61f8d254992ad243714e63f570a9362aad564d14a2dc81305f535613d3bbde7305e389e430b12c310,CLEAR,DAYLIGHT,DRY,FAILING TO YIELD RIGHT-OF-WAY,1.0,25.0,2.0,2.0
0eaea5af3c6f638589af8ddb786b19a9df89afdb1597863bd2546f41a4c73cf46f86c586477fd1a3425813f79f081e6fec3d467253e44e12dad787ab9b22e679,CLEAR,"DARKNESS, LIGHTED ROAD",DRY,DISREGARDING TRAFFIC SIGNALS,2.0,68.0,2.0,2.0
0eaf0f8c9b4f99cf65bf9e0562b36ad9c2fff463f7393d808bc156b55854366e6afcdeeb35142db73a10f3fe5f012c0ab2f656f6ea015d8d018e6587205a6944,CLEAR,DAYLIGHT,DRY,FOLLOWING TOO CLOSELY,2.0,30.0,2.0,2.0
0eaf154302c36230b9a8238d0ce66c8b73c4b240bb7547e2b3b2efcd7dfd94f5819c0869c344f8101c5bbb3e48ce16e6cfff4df8eddb65ebb1edb6fd56273c40,CLEAR,DAYLIGHT,DRY,IMPROPER TURNING/NO SIGNAL,3.0,44.0,4.0,4.0
0eaf2417cf4ffc5fd97c67a2cd18ae625c08ff309ce6f0146fb44ad789d6a8b772c3a11335e86bb8b6fec5ef34e61ad2e6b59b8cc3c7282652d7a182100766b6,CLEAR,"DARKNESS, LIGHTED ROAD",DRY,FAILING TO REDUCE SPEED TO AVOID CRASH,2.0,37.5,1.0,1.0
0eaf54ca56af64d8930922c204a86bdd2d1790f5a2409f013fcb9560f37b212977ddce9595bbf39107ee329dbd4655f28c137b237748da6551ad3b6deb8dcff3,CLEAR,DAYLIGHT,DRY,DRIVING SKILLS/KNOWLEDGE/EXPERIENCE,2.0,37.5,1.0,1.0
0eaf80726f899b08743f61662e638bdfcfd0112a84ebbcd681ff93d08c0af03939481ee9a5eb2b2fe1b82c9fd3e22dc5fbe7aa684cf352014a0f4c7db99a7bc0,CLEAR,DAYLIGHT,DRY,IMPROPER TURNING/NO SIGNAL,2.0,4.0,2.0,2.0
0eaf8b44aef54d6b21e7e1ced67f43b1c5d25152f32a132b23ca9126d4a8c546a9bbc7e87515219ac0e6df235c8066b572bf78289e4ad24186639aa46a26a0d9,SNOW,"DARKNESS, LIGHTED ROAD",SNOW OR SLUSH,DISREGARDING STOP SIGN,2.0,0.0,3.0,3.0
0eafd98cfb8c677b4bf614ce60e80b87104193912c4fd07bad869314b2642a9b4d61f16c29ad1225ed2c3398939fe88f23a496066007f053688afff9fa7c4f40,CLEAR,DAYLIGHT,DRY,FAILING TO YIELD RIGHT-OF-WAY,2.0,29.0,2.0,2.0
0eb02ae895f4bc16f8522dc69ff3f5a64d3e0337fe8fb124bc5c484a7fa3b8c3725ca818cb06da7676b3a182689a2321a80e1547feb5dae677e9318ab87d1895,UNKNOWN,DAYLIGHT,UNKNOWN,IMPROPER LANE USAGE,2.0,49.0,2.0,2.0
0eb02f8519cabe340887e4ad663337e88653086822cfb9907db25c3edf40a8399eea8e09821955662dc9b79dfeca7915e6050616566b242da3c0611003522de0,CLEAR,DAYLIGHT,DRY,IMPROPER OVERTAKING/PASSING,2.0,37.5,2.0,2.0
0eb032febd16ab10674a6c255baf523dd41368ff15ddd93fe3d6a982a4132b11ce1e36e057929742b9b59f278468d0dd901fbf50b9f0156ae14613784f9a33c7,CLEAR,"DARKNESS, LIGHTED ROAD",DRY,IMPROPER LANE USAGE,2.0,52.5,2.0,2.0
0eb03e2a3d5207e8ad26d6555546b61980737403bb2a706460cf52ee3c2cbc4549ecb5434926921dc25f7a09672ca4261d0675d4521d19602f728ffeb009cfd8,CLEAR,"DARKNESS, LIGHTED ROAD",DRY,"OPERATING VEHICLE IN ERRATIC, RECKLESS, CARELESS, NEGLIGENT OR AGGRESSIVE MANNER",2.0,44.0,2.0,2.0
0eb05b886f86ac08f9083a02adb4ad11ccb82c6ed185d441aec37591181e8c89015a5e5d769fd08310dc991a42574c84f0e0f3a45e134e40aa33a47740bf6d3c,CLEAR,DAYLIGHT,DRY,FAILING TO YIELD RIGHT-OF-WAY,1.0,63.0,3.0,3.0
0eb065994b27f8d7de70a1cec3f9e4b243d40d57f34594a50bfaeba171cadf06a79a68c0c6fdfc64794aa8732408f7f8fb5a6915b25074746268fa22af1072f5,CLEAR,DAYLIGHT,DRY,FAILING TO YIELD RIGHT-OF-WAY,1.0,56.0,2.0,2.0
0eb089cdb6e6dab0ad772920469e9c6b49cd62c5462d5f9b1a6adb99ab64d9860146a9bbf9c7392c40e614f7fb4711860155ca55a2c92195913f764a3fbf057e,BLOWING SNOW,DARKNESS,SNOW OR SLUSH,CELL PHONE USE OTHER THAN TEXTING,2.0,30.0,2.0,2.0
0eb0977eefea6d93055d0cfcd45b62b12a7cf4e1b7a3ed600a419fc983d326e221c90c0166a0e221398dcdd698b56ed69ebd83cdcdc6930aa33f62c41bacdee9,CLEAR,DAYLIGHT,DRY,FOLLOWING TOO CLOSELY,2.0,33.0,2.0,2.0
0eb0c670328acc30531bdcf1929c211f60e9ca34070bc1eece5e2c27113d596a752147bafdb8c92d52771802184576ded0d33c800fa857da6fb539c5abe4b13f,SNOW,"DARKNESS, LIGHTED ROAD",SNOW OR SLUSH,WEATHER,2.0,37.5,1.0,1.0
0eb0da705bc69edf8abe6657a867daf7af1e834766e29915548072f0896142e4e1b69e454bc9d8f211a2deb1d128f18a0029bb1b335a6c7a9bcf6e29a3753844,CLEAR,DAYLIGHT,DRY,IMPROPER LANE USAGE,2.0,24.0,2.0,2.0
0eb0fbfde6e6180fedeacdb29a6532279321282733363f9d90037dbeac13e9ac82e7259b181bec86350725bf1070ee317092bd700b8ee0d08c79010dd508b760,RAIN,DAYLIGHT,WET,FAILING TO YIELD RIGHT-OF-WAY,3.0,21.0,3.0,3.0
0eb1251832db1a88b60d95239f2047f37aaa4659d9aa75ee44c4bee5a5e0562966024a819bee84d55dea15be4ffc6cb2982d217b329b2a3c59f9825ebb41a42f,CLEAR,"DARKNESS, LIGHTED ROAD",DRY,IMPROPER TURNING/NO SIGNAL,2.0,42.5,3.0,3.0
0eb1a37a4c50790df47cdebf51c7c1b9395f1d92670ee0dc455ec62151362aa19209f0b9602fa677ce6320f4a8f96baa27617cb17eb21ed0502bcc1e886bf1fc,SNOW,DAYLIGHT,ICE,WEATHER,2.0,47.0,2.0,2.0
0eb1eafc99a9aff9645e49907eb7699c828a0ddddf081a5f97d39335eaa4536485bcd9a28af596d9c1b7ca30c8f62d075bc49ef1a8db67181763d2a78e5458d4,SNOW,"DARKNESS, LIGHTED ROAD",SNOW OR SLUSH,FAILING TO YIELD RIGHT-OF-WAY,1.0,25.0,3.0,3.0
0eb21bf1d21408d1342ca5c918afe5827bd2b798cf4af5bbd2503b80d819040c475309315e034a7dedf9106ffa15eda8f80f60fce36fcf553b146c33907427b2,CLEAR,DAYLIGHT,DRY,FAILING TO REDUCE SPEED TO AVOID CRASH,4.0,37.5,3.0,3.0
0eb23e1cc17f9dd23b092f4d40599fc6da71f0a5b0f21c569734fa5d2d864ca6a63e236bf39bf830e1b9a1b82e88172e12fdabc3ab2fcb38395e8c7fec44f11d,CLEAR,DAYLIGHT,DRY,IMPROPER LANE USAGE,2.0,39.0,4.0,4.0
0eb248aa42ecfcb464164c9551e73d470bb83aaa7fa448bd48e455359d2b9ad66449f3691ff0a497c3c2e58accd12797f1cd1c6664cfa3a768621eee2706ac75,CLEAR,DAYLIGHT,DRY,IMPROPER TURNING/NO SIGNAL,2.0,36.0,2.0,2.0
0eb2682f81c861c511c422feb33cd5135796ccf4a4091fa4e336f12095475f1b8d2c88f0e4318a7828eb21e255fe7a7c1be975e19c53091b257ae04ff661e60c,CLEAR,DAYLIGHT,DRY,IMPROPER LANE USAGE,2.0,39.0,4.0,4.0
0eb2713b5115b4ac300ae526de1c1b4ef3bcadbeeeecf95348532059532e1e1400d6597c93418283235d13be4e50b64f36bf20b02b364dfa9407ceb96c70dc29,CLEAR,DAYLIGHT,DRY,IMPROPER LANE USAGE,2.0,35.0,2.0,2.0
0eb27213ee02b0fd6174916b7d70f031ee5b35e9d362f247cc662202916b37bd067cd987ab76c9a5f10ced2c3d297934027d9ec37d333888a780f75ba3a0acda,CLEAR,DAYLIGHT,DRY,IMPROPER OVERTAKING/PASSING,2.0,37.5,1.0,1.0
0eb2ec749c39bc625b239ae01e140a6e83f104fa297cffc53d5837faec636ddef1de17e96df30bbebb953e514be60b5d77386b1c61503e168960a75b72c475b5,CLEAR,DAYLIGHT,DRY,IMPROPER LANE USAGE,2.0,65.5,2.0,2.0
0eb3182179d618d62f58de8662128f8fedf291159ddea97ed5faff59cfc2932b9951a5324e2c1b1c479ef7713e85fce7e9e2e4277392c79f76cf51a215932648,CLEAR,DAYLIGHT,DRY,FAILING TO REDUCE SPEED TO AVOID CRASH,3.0,38.0,3.0,3.0
0eb321afd004daac7d63b4ba9ea1abd195b892f16da99ae5cefee618e7d3e8a25fd4ed5790a8424d6b5b68fcc7fefdfaf7326737d2f34e7700dc49633531915b,CLEAR,DUSK,DRY,FAILING TO YIELD RIGHT-OF-WAY,2.0,25.0,2.0,2.0
0eb344ed9848a774eb84b7bb3fc85e32ab8ae8e16d00df2fdd7d496121aa5fa07c17c4d4d905765de47767cd56ec6ee44dc877e8f25fad32aec4775cbc2de610,CLEAR,DAYLIGHT,DRY,ROAD ENGINEERING/SURFACE/MARKING DEFECTS,1.0,56.0,1.0,1.0
0eb3781178be0af92c6a3633b7347f5cc1ef82986ffb5d725b85144a942434c2219466c41bb7ef0790984781c68bd05f989104d6b45f3d1f9193948bf08e6f9d,CLOUDY/OVERCAST,DAWN,WET,DRIVING SKILLS/KNOWLEDGE/EXPERIENCE,2.0,63.0,2.0,2.0
0eb383a4965983c1d173892093f02f364b9d5d70c2dab41ca986745ae4767baae1c92c64a739d7e4c3ff0a9b6b1b9fd80310d5e97c897e30d79bea2efb6d4773,CLEAR,DAYLIGHT,DRY,IMPROPER TURNING/NO SIGNAL,2.0,29.0,1.0,1.0
0eb3935296a20509fbe32872f5262787365665d54f0a4f3d3aa49ff530c9687cd5fe155c19306ead89de530041a1cfb56b4ca8fc39618e98d5a114b13295668b,CLEAR,"DARKNESS, LIGHTED ROAD",DRY,PHYSICAL CONDITION OF DRIVER,2.0,98.0,1.0,1.0
0eb3a77c89e21203fa1b83ea4b599bc9de5af38fb20f235362cd50c4229e4737103f8546bf75dd6650d768b31db9235e86faca0ad4824aed78cf0d37e261240d,CLEAR,DAYLIGHT,DRY,FAILING TO YIELD RIGHT-OF-WAY,2.0,49.0,2.0,2.0
0eb3ae9dedc2601d01af9aabbe3661c7e1b00f16bede9b22d9fd2641f717fa6c4984a36fead9c2cd403d825bee795f46b5b2b80cd7cfdf3d23add453ecd4ca96,CLEAR,DAYLIGHT,DRY,FOLLOWING TOO CLOSELY,2.0,37.5,1.0,1.0
0eb3b04aec364a49824f8e58f57d89356bbe164add967d794c778e36e979a5dc9bb04169aefe81204702de5fb5aceee1971448d936f215d7b616fa55ab601d27,CLEAR,DAYLIGHT,DRY,"OPERATING VEHICLE IN ERRATIC, RECKLESS, CARELESS, NEGLIGENT OR AGGRESSIVE MANNER",2.0,33.0,2.0,2.0
0eb3cb7933449361b378cf2975aa3e3bef263a68ab5f91f4b0ab3a77704ad73a7fb082ba8007b57e1bd21978f840475e8b94cfa34fce23f21ac9f93eb85b108d,CLEAR,"DARKNESS, LIGHTED ROAD",DRY,FOLLOWING TOO CLOSELY,2.0,37.5,4.0,4.0
0eb40f6d873bf243543f25b550a3ac7a45df066be3e8bda36e43675e34e2b1d1112f26e8d3fe72a56b66d50db5b5fb45a4cbb68798d7cca302d69854ed5db6f0,CLEAR,"DARKNESS, LIGHTED ROAD",DRY,FOLLOWING TOO CLOSELY,2.0,20.25,4.0,4.0
0eb42a4359a5d0d16ecd2702ebb72c280e3fbf19f193597cd289fb3630d369388cf04cb1b0ad41073a731df6e3fdd3529a8539561ad2ac41ecd8644fcce5f736,CLEAR,DAYLIGHT,DRY,"VISION OBSCURED (SIGNS, TREE LIMBS, BUILDINGS, ETC.)",2.0,48.0,1.0,1.0
0eb47d4750fd764ef2207ccc6e4af25f4c12a73f6727bf10093422f11404fb7112d87cd94dbdee845ea6e382ba38f2c3955ed861ad138a7be288a089694f12df,CLEAR,DAYLIGHT,UNKNOWN,PASSING STOPPED SCHOOL BUS,2.0,37.5,1.0,1.0
0eb499028f021e323417a4677a13b9bb9b06c2a80ba9ef90826e8739b4abf9a3925007861ed3cf28bc52d9a92371e80a28be53acafbb95094ecfdd93660cf917,CLEAR,DAYLIGHT,DRY,FOLLOWING TOO CLOSELY,2.0,36.0,2.0,2.0
0eb4bdd5d7b8108e38530998db6f0bf51c7c047adc48d7168aa972c32afd224707eb87b8a42d0e0e71548bc9baeaaa28a5cd03f11f718d08b6694d50cdf09e1b,CLEAR,DAYLIGHT,DRY,IMPROPER OVERTAKING/PASSING,2.0,17.0,3.0,3.0
0eb4c8409605cb2cab5280cb97c4928085d7d49cd6f667876b1d4ba0d199c90dc1542fa06f3ea44314251e9caea279f9c255c14c352b6b051146bfff9da67a25,CLEAR,DAYLIGHT,DRY,IMPROPER LANE USAGE,1.0,33.0,1.0,1.0
0eb4d3ac4ce99c1b4ce82ed50f3a5c8d454898734d836f753e8aa84890ea3c94e3a3b45209341f758973b33890b5f715c4204054d855d4ba2189d8e0065b6343,CLEAR,DAYLIGHT,DRY,IMPROPER OVERTAKING/PASSING,2.0,30.0,2.0,2.0
0eb50f7211a3d971ea382a415a6b5aab87053f685cf5ea34a7f5a84b647725426ac219f48f841231927407aa02e9940fdee95d4e920cb0d4c837287e123b0e41,CLEAR,DAYLIGHT,DRY,IMPROPER BACKING,2.0,49.5,2.0,2.0