crash_record_id,weather_condition,lighting_condition,roadway_surface_cond,prim_contributory_cause,total_vehicles,avg_driver_age,total_people,total_injured
0eb530761b70268b4e8556fcdf2b39921613ccd5b3db9dabf50168f11973910cca937695ecd3b3b9e1e1fa86a2bafa27bd0b542a886d4b612a9eb50f8288fde0,CLEAR,DAYLIGHT,DRY,FOLLOWING TOO CLOSELY,2.0,32.0,2.0,2.0
0eb54209ccb0db79f01e0d2d973f162c03eee2fdef4a085afaaee89dadb8b6de04c8e60aff7cb882d668ccfe00b428e2636bfd3e86511d3cd7b17175c97764c4,CLEAR,DAYLIGHT,DRY,FOLLOWING TOO CLOSELY,2.0,20.0,2.0,2.0
0eb56b16fd8c88d8da092f77ef0a853525c6b5226a309aebfac7f6205722e8f3e7a05bf0da2f98df4d31471c62c76e814837cc2ace1387019fdd7f347bd1a53d,CLEAR,DAYLIGHT,DRY,DRIVING SKILLS/KNOWLEDGE/EXPERIENCE,2.0,55.0,2.0,2.0
0eb5bffd3d4afb916395bd2d277404c8b085c3add03eb846a8bbd795d11678762ba68abdf135fe67d08310e5a7bc828536d6da53f8481f6f92c9573d65426c75,CLEAR,DAYLIGHT,DRY,DISREGARDING STOP SIGN,2.0,31.0,2.0,2.0
0eb5c4139b60ad45a073de4d4e862490930e20e214289a66d214594a3e93f5477aaf29f7eb4c6954abe8c8f9a9d92016047eb49e4ed308d05d2aa31141a438de,FREEZING RAIN/DRIZZLE,DAYLIGHT,DRY,"EVASIVE ACTION DUE TO ANIMAL, OBJECT, NONMOTORIST",2.0,50.0,1.0,1.0
0eb5c9aa3d2cd7880139623559cdcf4bb6c5583963553fac2881bfd774ae9084d72a311d9987cda96d9d03741a9278f6020d425206ab7c3c35a9fcfd5be75144,SNOW,"DARKNESS, LIGHTED ROAD",SNOW OR SLUSH,WEATHER,2.0,38.666666666666664,3.0,3.0
0eb5f419ebbc201a8c7f15b3ae76bbb224f9a6760c709c572e7d1c50750768c9a732cdbfc91a33f0b60ef467f471b44227b405b696828d9dfb786d68ee1a215c,CLEAR,DAYLIGHT,DRY,DRIVING SKILLS/KNOWLEDGE/EXPERIENCE,2.0,37.5,2.0,2.0
0eb61be0afb7917e1d73265ebe6953f5fd8f6fe6cb3a4526d0068ffd5fee0f08f461b97e183549ef4e217960e6172828e793a1f8721aa54acc15472c941d1110,CLEAR,DAYLIGHT,DRY,FAILING TO YIELD RIGHT-OF-WAY,2.0,24.0,2.0,2.0
0eb6b0dd5861616b00cbb60c4d3da6e42e85a4543857cc860b074e7b794c258fdd6392c61a6d37e1242a981d5cfe0055501e251e8d449299398eb09a0e64c1ed,RAIN,DAYLIGHT,WET,EXCEEDING SAFE SPEED FOR CONDITIONS,2.0,38.5,4.0,4.0
0eb6ced2d788c3de65ca616cd6816ef6cb98ca286eef22cc5e10cd45ecdd34993bc3d5f9ff85077cf8d7faa40f143304efdc30217dff35ea61e8ec19aedd16e3,CLEAR,DAYLIGHT,DRY,FAILING TO REDUCE SPEED TO AVOID CRASH,2.0,33.0,4.0,4.0
0eb6d53fe0b20f2b21fbf03742d747a6f0abea1bc092985a93d551bf1f99c620effe36f88532f38685719d2e27217af8a35dfa18285fb207b47b152b571fb2c6,CLEAR,"DARKNESS, LIGHTED ROAD",DRY,FAILING TO YIELD RIGHT-OF-WAY,2.0,29.333333333333332,3.0,3.0
0eb6d6118f094ab81f0669d9fa73285be7aa74f0d09c00b79d62c8430a5d8c7a45192d5b088d0b1cdb802566aae251285bdf60854461dd275a3e82554e6f8b99,CLEAR,"DARKNESS, LIGHTED ROAD",DRY,DRIVING SKILLS/KNOWLEDGE/EXPERIENCE,2.0,37.5,1.0,1.0
0eb6d9d7967064e9a82028b68a7482c53ab84532ed8ca6aa20be43001eb6416a1a2c8f3b593ead21850f6b260af55ef0e5fd39b4cdfe2856166051cf7bbd3f63,RAIN,DARKNESS,WET,IMPROPER OVERTAKING/PASSING,2.0,47.0,2.0,2.0
0eb6f580f86f97700c0ce333cd9e76dc1211be5644ebcb5d3d046d6d09ec05f1a07b72ed9bc20fd56ea154e30d5b987af02093456a40bb996119f66ba9f017e0,CLEAR,DARKNESS,DRY,"OPERATING VEHICLE IN ERRATIC, RECKLESS, CARELESS, NEGLIGENT OR AGGRESSIVE MANNER",2.0,37.5,3.0,3.0
0eb7061455f40588074c307bde5e60ff858929dceaf4c358a05d491ddc1d9508ad8df718772ac8784ca51351c31026b510092a75043712d56aaa6d14a145c81c,CLEAR,DAYLIGHT,DRY,FAILING TO YIELD RIGHT-OF-WAY,2.0,30.5,2.0,2.0
0eb71c5d20d9fd5d5a0deeae48283b4552e9571c29324ceb96593a0267f6575af66b4156bdc82c5c56f5a2b34d7e9f3a535f5984b08bcb3a97387a94232cee17,RAIN,DAYLIGHT,WET,FAILING TO YIELD RIGHT-OF-WAY,1.0,67.0,2.0,2.0
0eb765b26296f5681e885faf4b4837f040b2c1f65d9d53eb2f99b27afb49cebcc2f9eb0ffa13ebd3a127702cbebe1191e96fb373ea40ac2c30911b75e4595022,CLEAR,DAYLIGHT,DRY,IMPROPER BACKING,2.0,24.0,2.0,2.0
0eb77bc51e533ad0deee3ec8219adc94929c98aa0c774161f54e05b20396fd338485107e515b8a326b3d9d63aa194bc7d0d2ff32c126e8686747a09e1b874b4e,RAIN,DAYLIGHT,WET,FOLLOWING TOO CLOSELY,2.0,27.0,5.0,5.0
0eb77c55a04681506d097412db2fc698b3cdf5618a9234007d6d8698116a9b40e9d6648a6e439f11bc5d027eee34169605e76f6b9a30eb91ad5c7f301414c21c,CLEAR,DAYLIGHT,DRY,IMPROPER BACKING,1.0,51.0,1.0,1.0
0eb7962d74bae9cbba6471f433639a818a7231cf58de16ddcc2172956ff38d2ba285bbe80dd2b2c287845f5e3354cb16db716bd46c0e0537c4cbd7d96a802656,CLEAR,"DARKNESS, LIGHTED ROAD",DRY,DISTRACTION - FROM OUTSIDE VEHICLE,2.0,20.0,1.0,1.0
0eb79d58f9a27b6db6e4cfde68e631bc3ac798e4367ce237824b8ba33ed302693e7846dea7e0d7b00299cd2ee2d007ae94029c6d25cfb0903b3264d88c82f6f0,OTHER,DAYLIGHT,WET,IMPROPER BACKING,2.0,43.0,2.0,2.0
0eb7a6a417c6363b521f07b14ddd1240450a93946c0590eda6db6c81df021b871d17a17c7a978b5506be56f75c8bea373896de21421337395d6478934eaa2421,CLEAR,"DARKNESS, LIGHTED ROAD",UNKNOWN,IMPROPER LANE USAGE,2.0,33.0,2.0,2.0
0eb7be369f4b2c224dc27c32c9c3bebf8401b8cb039c355f17a295493e900a01dd33ff7d0a718cba3f2aeba5c0319dde29e2abb8f13b3296294bbee39ba60c34,CLEAR,"DARKNESS, LIGHTED ROAD",DRY,IMPROPER OVERTAKING/PASSING,2.0,32.0,3.0,3.0
0eb7d3c396e90446798376669c24b985763ddabfba0d235e4882732b5d374c83d802ac2926fabe659049c37d28094b96952ffee3fb2382dd8ec184ac332d97b3,CLEAR,"DARKNESS, LIGHTED ROAD",DRY,FOLLOWING TOO CLOSELY,2.0,24.0,2.0,2.0
0eb7fcf446bb3ff04533b7d2590910d01f321bad67e52877fe3e9f9435228b3d0a4403d9ae2d28e3ecc5f8c7ac92e62c6eb69ac6041ae3a9a412933518575ed6,RAIN,DAYLIGHT,WET,DISREGARDING STOP SIGN,2.0,31.5,2.0,2.0
0eb80506bb2bbc1ac5174e4ed238c4b4013827d13d82cc81fda9a923c0d7292ae1f352755dab061d0be43609077d13b869a4475593ddb9c59ae370da70b5dcbf,CLEAR,DAYLIGHT,DRY,FAILING TO YIELD RIGHT-OF-WAY,2.0,30.0,2.0,2.0
0eb84e4edb8be0e9f0e7e9e12c356d2fe1e856dabd7a6a4eb7a9e14f59bbb677275dbc252c4b34c9fc75483944f2e3fa031dee2cae6c0a4b90f7337bd8fc493b,CLEAR,"DARKNESS, LIGHTED ROAD",DRY,IMPROPER LANE USAGE,2.0,37.0,1.0,1.0
0eb85d4f442a4143f68da1198b3bbd1fc1d66f715cc91d0a1291b5bd977be873129c2d1480d9b577a6b29736dcac9c339e5fd64a5a04c7b4529247fa43b29368,CLEAR,DAYLIGHT,SNOW OR SLUSH,IMPROPER OVERTAKING/PASSING,2.0,30.0,2.0,2.0
0eb86ff60c8a30cf6e0be0c57555d07e852995b58d075fa7b655a0b1cb8897d43794cb5824d98e5b2455caa218f6d73022535a95700189fdba1067df3f5c4386,CLEAR,DAYLIGHT,DRY,IMPROPER LANE USAGE,2.0,58.0,2.0,2.0
0eb87315c936af67d521c807d05c67eaedc5944ddec8316d41889470210179e2f04932e9f6edf4dbfabb000d2b12536376f8ea1f4556f11abf66eb5d460cf9fe,SNOW,DAYLIGHT,SNOW OR SLUSH,FAILING TO YIELD RIGHT-OF-WAY,2.0,39.0,2.0,2.0
0eb87f4ccca0114d90354274fdd353415e48093a091e6e7a4b8658de2ca723c6c8de6b28b9d9bc3e3f65fe749e0537f1d2fc086d93f50317fc0c1b77f2e3fcb6,SNOW,DAYLIGHT,WET,DRIVING SKILLS/KNOWLEDGE/EXPERIENCE,1.0,26.0,1.0,1.0
0eb897f3ce74222696d4bc416ea3dd7a2db33fea658b1f0a7b5bd83ade31e9780fc96d64a4721e63984036ccaa98608fb56f794b7fee33a6373c46bb8f2cc0f1,CLEAR,DAYLIGHT,DRY,DISTRACTION - FROM INSIDE VEHICLE,2.0,37.5,2.0,2.0
0eb8e9520a5a4eacc1fce2a37ede22add080a2c25b7066ba639cfc364f60fead46499adca4549389026bfa21a193da218e7bf01a5598ecfaa75d77b731690002,CLEAR,DAYLIGHT,DRY,FAILING TO YIELD RIGHT-OF-WAY,1.0,54.0,2.0,2.0
0eb90c1d44e59af9116acf0ac3e8be227c6f89ab1e1c8aa185adabf7125529e1136086c4d810cbf6c5c01eef3c0614b603d86de0a074ea9513ff3b582a317930,CLEAR,DAYLIGHT,DRY,FAILING TO YIELD RIGHT-OF-WAY,2.0,34.666666666666664,3.0,3.0
0eb92ddfe56b2a57c545c6621feb1a0b339087682c8ff9f29b9bee80eb6a5fbb1444abccd27b4a2c8ce43a9a268ed1b4726e23036121c591c12986b47005544e,CLEAR,DARKNESS,DRY,IMPROPER TURNING/NO SIGNAL,2.0,24.0,2.0,2.0
0eb96a12c8b63056910379722ab41af12a65cf93fe4c0de33da486edcf4424b1eb18648ad8d47134e4f5cf02a18fac41a1a4a07f1b8967f7d941afe29a191633,RAIN,"DARKNESS, LIGHTED ROAD",WET,DISREGARDING TRAFFIC SIGNALS,2.0,28.0,2.0,2.0
0eb96cd98cbc789e741095de3e181a45473a9ee703fc4dde7c3dde08e5154d96cb1085a191b2b89fa6af02740bc432597e326e1c1548db2cc31b88116be1e298,CLEAR,DAYLIGHT,WET,IMPROPER TURNING/NO SIGNAL,2.0,37.5,6.0,6.0
0eb970a17cb401ef515b10575ddf137bc019d61245eb1e87eae6bb8c22f19e1d099850bf6d41617c6fd300bbf311d2973a41a8b9b14c6eb711ffdd2d3a782a35,CLEAR,DAYLIGHT,DRY,IMPROPER BACKING,2.0,37.5,2.0,2.0
0eb9b0197f0c0072a25ac5a62ccaca661cb56ee2a70905c45f78c605d22b3df3e4216ba34c30408b3183ed0fcbf957b0f04c550f6b7f3b03ebd44eb88f2a516c,CLEAR,DAYLIGHT,DRY,FOLLOWING TOO CLOSELY,2.0,48.0,2.0,2.0
0eb9fb246d842631e514b5e967e9f2c2bf41082aa96e19a5a6523aa0efbb437ad527d99df038f3300fca1594668b57c0d5ba2ae1df5ce1bdcdcfa6c7e504f914,RAIN,DAYLIGHT,WET,IMPROPER TURNING/NO SIGNAL,2.0,50.0,3.0,3.0
0eba0430ad628a879fee3df01722af7764636df4e568db8cbea4aa36e0250e2a1ed758dc0f1936059f6b00904dbddab468b2d6c30a54b2a795132d6d0bab1ab2,CLEAR,DUSK,DRY,FAILING TO YIELD RIGHT-OF-WAY,2.0,20.285714285714285,7.0,7.0
0eba14611c9daec34dd016a6b007b7ebaa1a814c440cab9cce1fded9ccfaec1e6ca216e638abfb6632b1f26fc83e52661508aef92e125f64bfa2cdf79f917806,CLEAR,DAWN,DRY,FOLLOWING TOO CLOSELY,2.0,50.0,2.0,2.0
0eba3b0d3c9af34a4eae960f0c38165f85b047854a0bed073adad7449331ce6f84f58b93c8e1abc11bd2c319826b73176e8735fbf659fdbf3720e30806c1fccd,CLEAR,DAYLIGHT,DRY,IMPROPER OVERTAKING/PASSING,2.0,32.0,3.0,3.0
0eba40ff052ad293e6ca7c26aafc499e0f27b215f23768c854f6cc60ed87154bc6cb119a3f99810abcf9b150adfd66b9eed37b7c486c86cb060a4bf0cc6b8881,UNKNOWN,"DARKNESS, LIGHTED ROAD",UNKNOWN,FOLLOWING TOO CLOSELY,2.0,44.5,2.0,2.0
0eba599ede783c7a99f5c5c9915d3f96c360c5bc1d72e4eb96e2a5b7d2f294862ae4d22609a23907b8503c2e762279b4089e61b12a17258b8e020e21cacb73c1,CLOUDY/OVERCAST,DAYLIGHT,DRY,IMPROPER TURNING/NO SIGNAL,2.0,64.0,2.0,2.0
0eba6436a9d4bc4a9b68d7e69628cb7c28a068b37866d2079014505a096649cb973f69f4b82be282dd72114bd897aa87f953b03d1742f2a23235fd32dbf46d16,CLEAR,DAYLIGHT,DRY,ROAD ENGINEERING/SURFACE/MARKING DEFECTS,1.0,55.0,1.0,1.0
0eba699b40c2bcaad7416a89d086188f02ad7caa135778d277d15e6b3a79fd5dbfdfd9619ad9058b93c8887652fbc7e06e0030e1f4ff8bf45afd8b1692f53923,CLEAR,"DARKNESS, LIGHTED ROAD",DRY,UNDER THE INFLUENCE OF ALCOHOL/DRUGS (USE WHEN ARREST IS EFFECTED),2.0,0.0,1.0,1.0
0eba6fd07cd367092ada3de99c077f1ccad4f02c63e54196023cf417e258aa91883e41dfd635930dc5d30b44fa6e64f63deb5000a230243b4ce9718756dbff45,CLEAR,DARKNESS,DRY,DRIVING SKILLS/KNOWLEDGE/EXPERIENCE,2.0,37.5,1.0,1.0
0ebad8039846bfd35683e34b191ee2e0b05f38a2e8488ccbdb6869021bcb79ab7edf733e8ba5de92ccd02a5dc856e0413b9ce92091db1ec1480dd6e48a3f3780,CLOUDY/OVERCAST,DUSK,WET,DISREGARDING TRAFFIC SIGNALS,1.0,49.0,2.0,2.0
0ebb103407df03a404c51957346ba77195e9d2b5ebe496c1ae7727e4656a993aea9966f309cf4622a5ae18e8fcdd449bef61d083f93dd7b4e9bda7f699e8cf9e,CLEAR,DAYLIGHT,DRY,FOLLOWING TOO CLOSELY,2.0,30.0,1.0,1.0
0ebb2bfd2fa22ccb0faee363719ac46a61de3c150876373a9281f447df0dd4e45335f05ee178a7ed68e5768b82ab89f4401a8d90d5b1bf1de86577bdb70b004f,CLEAR,DAYLIGHT,DRY,FAILING TO YIELD RIGHT-OF-WAY,2.0,53.0,2.0,2.0
0ebb3ab3f610cb1b47d1887d5a15a9f637ce4ed0df0707b2355f8386386bd78aaf6a63ce374a2a562306d11ba3a36fdacc6a892a094dd20699c3aff84c77326d,SNOW,DAYLIGHT,SNOW OR SLUSH,WEATHER,2.0,21.666666666666668,3.0,3.0
0ebb4671516aeb5e8b6d2b4c36d489a61731b989605ee378f0fe1d8f9116a4251778d5253edaeae900b2fb893f7fbac481e1a00442f36c512b45381d9dc010d6,RAIN,DAYLIGHT,WET,FOLLOWING TOO CLOSELY,2.0,41.5,3.0,3.0
0ebb67c1dae6ad5c071a000e36b61348580109c7b96a87103baebbbf658f53c7111c8de632524816fde8e8cb54f84e2d3b73cd90e82cca80f2ece01353af58ca,CLEAR,DAYLIGHT,WET,FAILING TO YIELD RIGHT-OF-WAY,2.0,37.5,2.0,2.0
0ebb68a7360a3780f39d6535a78ff02099a3f4f754c4f03f7bd7a9b09435a31758d14002fb4df8b04170c46216307b220bc96434fb501d1e94d9056d05664f3e,CLEAR,DAYLIGHT,DRY,IMPROPER BACKING,1.0,31.0,1.0,1.0
0ebb775ea6a178e921815b78ada59af98e5b9b9963d15134884d2110e33b643ca30bdc71d5a60c5aaabc89d8f463cf1ece8d2c26d00f7f5562133c8ccdaee5d7,CLEAR,DAYLIGHT,DRY,IMPROPER LANE USAGE,2.0,37.5,1.0,1.0
0ebb824b0f57cde0df1260e2eccc0b784c506253a76286a92ef936a8ae77eae39c2c2a6a927301a0eaa28943031f642f22d3c8ee1f6ce7eb265bcb8bf149a1c4,CLEAR,DAYLIGHT,DRY,FAILING TO YIELD RIGHT-OF-WAY,2.0,58.5,2.0,2.0
0ebb8331e0985c3c9cc1c99fcee790060009eea493e7e14540eb02c0307f7194ed3079acec8a2f1d65161e63c87c427e302404767683283f764fbe80e1664dd3,CLEAR,DAYLIGHT,DRY,IMPROPER LANE USAGE,2.0,22.5,2.0,2.0
0ebbce6a758d515dba27345dabc60538930d74e0bbf3ec3203b8d79395ec3a80fe866a3b8e33da82fcb452affdf71e886582768001146a4b74bfa55283f89a4f,CLEAR,DAYLIGHT,DRY,IMPROPER TURNING/NO SIGNAL,2.0,22.0,2.0,2.0
0ebbe4f47c19bb13e820ad9a9341f5e7c1e22c3ffd1dc60533b2b354e22a13642398fd7a256fbece5977188c7e83d1b7d7970d6a77d78e51228580d893195935,CLEAR,DAYLIGHT,DRY,DRIVING SKILLS/KNOWLEDGE/EXPERIENCE,2.0,37.5,1.0,1.0
0ebc01358830df0f9fd7d084dee6448783f55dde3dfb618302c83814f274c00b230556ac4d0aab451893d9d28a53f6f6a985fdc10ea7bf31b13643e269ea79f4,CLEAR,DAYLIGHT,DRY,FAILING TO YIELD RIGHT-OF-WAY,2.0,34.5,4.0,4.0
0ebc123f88ab9a95ed6bd265b1bb2780a6d7e6b7425b3de18eec1e341b4c6876c8b4401e597b4d5acb0d92d1450d7a20b95cb615013caee4ad7c35b3f70ae8a5,CLEAR,"DARKNESS, LIGHTED ROAD",DRY,HAD BEEN DRINKING (USE WHEN ARREST IS NOT MADE),1.0,32.5,5.0,4.0
0ebc125e9fd799f3e444d6804fdfaf1ddd2c2b4b67b230b3e3ab99818e1924f6a24f17244080182511bd7261a113715851a34c9e4c090457f9cf30ba9b96548e,CLOUDY/OVERCAST,DUSK,DRY,IMPROPER OVERTAKING/PASSING,2.0,80.0,2.0,2.0
0ebc6029e5b857886f7842a4c0190e295b6b88451fc46f52e593cd82cdae0e5e6d8e67f6de6d38feb275e5067dbdfaddac9e9eba2b0581144c4905c1eb9670b6,CLEAR,DAYLIGHT,DRY,DISTRACTION - FROM OUTSIDE VEHICLE,2.0,38.5,4.0,4.0
0ebc61010617eb0ba855d4fad9863bdaa4d99b0a4c8f08cdb8396c17d126e100840f4dec36045ff021b60ca42f3897bada776a83a21a4ad18d5c70ef2c76d6c3,SNOW,DAYLIGHT,SNOW OR SLUSH,IMPROPER LANE USAGE,2.0,33.0,2.0,2.0
0ebc8f6015ff2dfe28cd9cb282604788be044b7d017fbfc5826ba21a7aa6add91033e4cf717e7c7dbaec8e3818092cb6828ebc962461155c0a711f12d9eee545,CLEAR,DAYLIGHT,DRY,FAILING TO YIELD RIGHT-OF-WAY,2.0,44.5,2.0,2.0
0ebca83f784f10b5a19c4c1f3ff9c799c01f9121a1f2b8978e4bd636f8104321a0fccdcfb73cbf7354a48f2464ab8b6c84ad412717b8c70243b1d483847a3fcb,SNOW,DAYLIGHT,ICE,WEATHER,2.0,63.0,1.0,1.0
0ebcb49308e6584dfcb739129017aa92f08d94b047fdf70bb9d700a7aa100a375566e4bec9d5a783cc4cc279d7d57886029d5ef101a1bf2725dde82de98a09f4,CLEAR,"DARKNESS, LIGHTED ROAD",DRY,FAILING TO YIELD RIGHT-OF-WAY,2.0,47.0,2.0,2.0
0ebcfc991b206474cf68ef0099609684dffb3b0c1e078e538bd4289dd1bcdb210d3099abb40d6c38b8366ea2aab6fe3ff1d01c8a8f12d5cb9eeff4a975711938,CLOUDY/OVERCAST,DAYLIGHT,DRY,FAILING TO YIELD RIGHT-OF-WAY,1.0,27.0,2.0,2.0
0ebd022c67bbcd41b2f657debee5b5e1a12fb6b75059a7d895c5a60fc4dbb5551554d22eec117e0f5fd05cb8c1e7f7906349d842c54af8d71d6fe5ec4c87735d,CLEAR,DAYLIGHT,DRY,DISREGARDING TRAFFIC SIGNALS,2.0,32.0,2.0,2.0
0ebd09d8ce6ef026eb2865de980e1a0170d11faf327bb05fbd71f6b2222690e2303d3068c984b16d757ba376530ffdc3963cba807bde779ad7911587e02616ea,CLEAR,DARKNESS,SNOW OR SLUSH,FAILING TO YIELD RIGHT-OF-WAY,1.0,45.5,2.0,2.0
0ebd68795f7448354c2add33d7bab0bc7118d7a3b7986a7be025734672e5cd7ec7824b4860893c83c28ff30067e9ec44c821281b1ced33d073afd201b139ef5b,UNKNOWN,DAYLIGHT,UNKNOWN,FAILING TO YIELD RIGHT-OF-WAY,2.0,43.0,2.0,2.0
0ebd6f16386ed3dfd1d527141d629a896a3e8b423d45d443dec78d7cf365bf75ae23c407ba9ff67cb68fc3cfa9d5aa68fd08a12254a6557ab668f8a117698231,CLEAR,"DARKNESS, LIGHTED ROAD",DRY,DISREGARDING TRAFFIC SIGNALS,2.0,24.0,3.0,3.0
0ebdac13adaef6fb9f1b3cba8e4f0af71f61bab5ed52cc5bf129d46e82fd2e575242c9693365d533d5c8a84e14b68382f6537ea238a1aa1fc7ca5ea796ca8391,CLEAR,DAYLIGHT,DRY,IMPROPER BACKING,2.0,43.0,2.0,2.0
0ebdb07113132e89af77235867f520c19a1cb286fd7e0b51c5591875fd88f167b2b1584604e164e904ff53c5169b84505ea84a8c2c4f1519fc0bf9e62f956776,CLEAR,DAYLIGHT,DRY,FOLLOWING TOO CLOSELY,2.0,40.5,2.0,2.0
0ebdd18300fe8bb47eb0d1a078528c67748b1fcedc301377cecb0d7e3b533aaf5ae0540f3b97b321f0ef128a47a1f5adcb1ad5992d48eba095a67fe941574bbc,CLEAR,DAYLIGHT,DRY,FOLLOWING TOO CLOSELY,2.0,32.0,2.0,2.0
0ebe21a37ecf8f787c6d620b4f7b176d17da8d6cf3b0728df4efa132f8d80baf28057381f0c6b523ffc9f13c8dc38c141132de50557f79bf9dd488f439d64c70,CLEAR,DAYLIGHT,DRY,FOLLOWING TOO CLOSELY,2.0,37.5,2.0,2.0
0ebe4110a0a40cc142e566ec8d0f267b4b4b118446ec4757a8c4eac2630e5873995dffa24853ec422fe85b3cb25902386ffb0da0c7b5267074153d983697da80,CLEAR,DAYLIGHT,DRY,FAILING TO YIELD RIGHT-OF-WAY,2.0,27.5,2.0,2.0
0ebe649636fd011dbb518068b3cddba27fb6e7df08eb64dadfa36b3ff937075e82017bc4cac0318bc52fa7aba2a6d56487b6d62ac5c211bae51c296ba015643d,CLEAR,DAYLIGHT,DRY,FAILING TO REDUCE SPEED TO AVOID CRASH,2.0,60.0,2.0,2.0
0ebe88d7ddcb966ba9a961c9caae241b065faf1ff77e6569e43cf3312d3fc69689fb0fb7577581e00427fd220db9a010a34f26ee68470873b16bc5e598d9bc9f,CLEAR,DARKNESS,DRY,IMPROPER OVERTAKING/PASSING,2.0,34.0,2.0,2.0
0ebe8f2d74659293c16ceffa18e94ccb198983dbf20af76e1b7ff43d46e5a6178094b60dd65f95fd41cf9a534e2a0ef7db3100d9b3ce255c17a194c9dd798626,CLEAR,"DARKNESS, LIGHTED ROAD",DRY,IMPROPER OVERTAKING/PASSING,2.0,39.0,2.0,2.0
0ebeb6c4e2c2dae65c69064e3f81d525f636ccdab3d8c4f900b355e4e4be5810fb144a0df40ec08d131a30eb887c38ea4fc6a88e5ef6db1548abdfa84ca455a1,CLEAR,DAYLIGHT,WET,DISREGARDING TRAFFIC SIGNALS,2.0,58.5,2.0,2.0
0ebee4fe4c4e90fde67988e0ced42397bdbf152a33bebad0e8f2ff397186785d3e89703c002a5dd9cc410d4dd299cd9c523099e55244c538c63a67d14f61445d,CLEAR,DUSK,DRY,FAILING TO YIELD RIGHT-OF-WAY,2.0,39.5,4.0,4.0
0ebf142e46d143a77bf3aa77c0b5d19dc82d8be2088ace2355dd48d8c2cc3ddd9c9650945d8bf4c1fafebb096b360aa00067c5e4014311020a0b561d520d0730,CLEAR,DAYLIGHT,DRY,FOLLOWING TOO CLOSELY,2.0,38.0,3.0,3.0
0ebf5cd8f87a857a1b24062af267131689ce2f37b608e5917d4a28911f696829c3fda55325285e97341995961e3910497e30ddbc545118ed5b664e4fe99c2c65,CLEAR,DAYLIGHT,DRY,IMPROPER BACKING,2.0,22.0,3.0,3.0
0ebf62b0643c1f3279049a24eb124418dc7aefcb30e75cef0fdbebe88954acf6c20c56f632e649264552c353dcd2002235c4f58deb248cfd4435c8b463656c42,CLOUDY/OVERCAST,DAYLIGHT,UNKNOWN,IMPROPER BACKING,2.0,31.0,2.0,2.0
0ebf7b04ca7b9d4edd44d4f623dded3d8d00b60712b7061631abb2fdce6d379b41efe88cbed073c4eec5f6133498c273e59b706670e7d41ed14ff8c88ef7b02d,CLEAR,DAYLIGHT,DRY,FOLLOWING TOO CLOSELY,2.0,57.0,2.0,2.0
0ebfee8d01965207592d9b8f5b0815173930dc7020a57c6f88d6e2583d8de5490927341f2b49550dfcb7492c2e2761c33275873557aa0da55f03a935dcc473af,CLEAR,DARKNESS,DRY,FOLLOWING TOO CLOSELY,2.0,26.0,2.0,2.0
0ec00fc976d68a3575da76db4777e13ec5630be274e63ce74f9ef99bf4d399c20f8c9b768e5504212194ae38ac2cd07aa98c4d7eb4aeae54811097066ec0f863,CLEAR,DAYLIGHT,DRY,FOLLOWING TOO CLOSELY,2.0,74.0,3.0,3.0
0ec057daa025816b2b82caf30a6e0d9c4d2c7c654e315d0e2a7a1b79659bd31e2b9d1bdb200a15e003cedc1a536d60e9db29d225a83f89091896edd69771e450,CLEAR,DAYLIGHT,DRY,FOLLOWING TOO CLOSELY,2.0,25.0,3.0,3.0
0ec0595aa02d56f057e324604192e94ce37f62e592570f71eec19147c7837ab714cec6f793a65f907133b27e3cf59206f4e33bf27c70918251a684362fd78db6,RAIN,DAYLIGHT,WET,FAILING TO YIELD RIGHT-OF-WAY,2.0,47.0,3.0,3.0
0ec0688dc22f6dcd3587f7430d0ad37b9b89a65936e2908451b0aa1905d6b770a1a83a81e1bd9fb749c07bc87e25071f1841cb4eed1dfd177f46f976fb6a3470,CLEAR,DAYLIGHT,DRY,FAILING TO YIELD RIGHT-OF-WAY,2.0,25.0,2.0,2.0
0ec088afc9124927a3c73761c6be76bdfd3a463b0908b5886baa725d8e091aaf808a3bdddba1f3dba31b02e55268d05de6aff47cc537765924042c4416af592e,CLEAR,DAYLIGHT,DRY,FAILING TO YIELD RIGHT-OF-WAY,2.0,23.0,2.0,2.0
0ec0b1e1e8e07cefb98086a364950a620bcfc710270c35fe3a7e64b1dd65269b732eef0bfeb9d964cd58237971bbecac685d0f9d8682f038429fa94f3c036ecc,CLEAR,DAYLIGHT,DRY,IMPROPER OVERTAKING/PASSING,2.0,45.5,2.0,2.0
0ec0b285d79ad65646620acc3927d9b852958a3663b4299730b3ddd2cb4b28e504d3375329f90da5820cb1f874fc2219f581c3add65946c085ddde1d71353d92,CLEAR,DAYLIGHT,DRY,FAILING TO REDUCE SPEED TO AVOID CRASH,2.0,37.5,1.0,1.0
0ec0ccc01a8509406f43647f159da3cf5289929d31f274cbe7836a577224be19f753c1d68fd5a2d44ae6a5332f2785c899ca067571f45997d8b93f03329f2abd,CLEAR,DAYLIGHT,DRY,FAILING TO YIELD RIGHT-OF-WAY,2.0,41.0,2.0,2.0
0ec0d71bdb42ed696159a91aa3fb5ef9767ce6eb09f1df21d4d65d8e51ca4a278d72fa57f431284ffe7f5a5b388daddbfddcee73f4092021275a2fd887ac7dce,CLEAR,DAYLIGHT,DRY,DRIVING SKILLS/KNOWLEDGE/EXPERIENCE,2.0,39.5,2.0,2.0
0ec0d814f191f59047a9e333f5b1d941664f4c30feb52ad883e02d6626b6c77c6f9fdbd46ec96766f7683cfd3e8b073e9936b87ec0d0d2ea323f8cd32c663fb5,CLEAR,DAYLIGHT,DRY,FAILING TO YIELD RIGHT-OF-WAY,2.0,41.0,3.0,3.0