crash_record_id,weather_condition,lighting_condition,roadway_surface_cond,prim_contributory_cause,total_vehicles,avg_driver_age,total_people,total_injured
0ec0e6e8481721c88e2f2bb9d1d06c8c0f8facf3203da747f0f70aa70f377b7748fa2eddf8572ad98b4854b170765fa51e53d5548c9195d0eced417a8795a1f5,CLEAR,"DARKNESS, LIGHTED ROAD",DRY,FAILING TO YIELD RIGHT-OF-WAY,2.0,19.0,4.0,4.0
0ec118424b142de7140268154c7d7279df9d1fcbc7898538cab7547184de9930d814f078fa57118d4d22865cc79d30c18808f897dabd3072e8056c271dd06e74,CLEAR,"DARKNESS, LIGHTED ROAD",DRY,DISREGARDING STOP SIGN,2.0,41.0,2.0,2.0
0ec133440f04ab8e233c1d421f44a1a9866ac6a786cd40bf191bd27a18839789aaf52034fcf7639a30aee859ca2074cd02edb2392cad51920cad85a16e90de23,CLEAR,DAYLIGHT,DRY,DRIVING SKILLS/KNOWLEDGE/EXPERIENCE,2.0,37.5,1.0,1.0
0ec14966117d3f99bfb05798a4ed168355a3251b538a4acc010d31a89e5c3795d25c2a2d6e10f82b030e5b53cceec61888ef4f4d52ffe7c7fd5bb985c1b320bf,CLEAR,DAYLIGHT,WET,DISTRACTION - FROM INSIDE VEHICLE,2.0,65.0,2.0,2.0
0ec16b38d5db59fe6afc8f01e6e65fcf22c80cdcb53466ac561055268c81f11f5dbe90650155c8995dda31e2d6d790aab23234fc421200e9f27b6cbaf70c9240,CLEAR,"DARKNESS, LIGHTED ROAD",DRY,UNDER THE INFLUENCE OF ALCOHOL/DRUGS (USE WHEN ARREST IS EFFECTED),1.0,25.0,1.0,1.0
0ec19aac810a91f3112cb97b397ac7d562de94c301232e2ce11b1a702382375eed0b98b1e3f8229252c8116c986b9e4d2bcca3d8ba0923e18b7bca214f1608bd,CLEAR,"DARKNESS, LIGHTED ROAD",DRY,FAILING TO YIELD RIGHT-OF-WAY,2.0,49.0,3.0,3.0
0ec1b7ec24afe7be34a7d123e124f776570d723494d1be37a6873af30c86b9ffec7bda1865b810e8bc754f4a8cb2887eb139de5b7e8d9d085d136418d01d1540,CLEAR,DAYLIGHT,DRY,FAILING TO REDUCE SPEED TO AVOID CRASH,3.0,39.0,3.0,3.0
0ec2043b6e17d507859b799e924e5ac3b6d7f6732269a89bd1c0bad6cd570d4cbaa475af33b8dc128403a271dba002b6e6a80daa953e7558220b264528605982,CLEAR,DAYLIGHT,DRY,IMPROPER OVERTAKING/PASSING,2.0,57.0,1.0,1.0
0ec21d45cb0acb85b793f5dc902a81ae521393cc4e3eacce6ff59f1e93d0b4a5a37858501a0659c93c0ae9ecc8161d09ec0b2e9b4ba543b3117077e19608c7f6,CLEAR,DAYLIGHT,DRY,IMPROPER BACKING,2.0,44.0,2.0,2.0
0ec24fad9f043ed450038b571ea49c739bd6d7bf8541be335722437e4e96f0138c36b0899617dabdbb60d938c7edf93507915b7866763e9a2a10212e65f70d4f,CLEAR,DAYLIGHT,DRY,DISTRACTION - FROM INSIDE VEHICLE,2.0,37.666666666666664,3.0,3.0
0ec25017ed8ef5636ecac013781109d439da80b859b710899025b967f4849ae6a92756dca0e7cea7f8d967ed5d9feb9e8d228b040fdde057bb9e4a8034ffaac5,CLEAR,DAYLIGHT,DRY,IMPROPER TURNING/NO SIGNAL,2.0,32.333333333333336,3.0,3.0
0ec2651ae592be89d84ccc2fe2c1134b07d44dd5501f80f42ebf0aad083a0d4834403eba30205dcbc370bb41278c1c4e3922c77761176b38d4eb4ae6440f9d5d,CLEAR,"DARKNESS, LIGHTED ROAD",DRY,IMPROPER TURNING/NO SIGNAL,2.0,67.0,2.0,2.0
0ec266881ee55daee0ddab3c317d695801d63e64d10c230f463daeca4753c8c94020affead4daa315ec3f4ef23c6c5ba06e90161cbfc8b4d9aa26d0776fc878f,CLEAR,DAYLIGHT,DRY,FAILING TO YIELD RIGHT-OF-WAY,2.0,35.5,3.0,3.0
0ec2760776802552f8aafe51034cfcffedc47d0bcdc13ab5303a16dea288901d084a74dec68053fc7b997620dd404880adf6e4b9f3ab6814505d8d5f5f17caaf,CLEAR,DAYLIGHT,DRY,FOLLOWING TOO CLOSELY,2.0,27.5,2.0,2.0
0ec297b1bb0532691c87b389ce7a1ba82f2433b68b00b8f647be25634b8ff807bd241228b72a67ab0e5dff42788714dc9dda1374205771ba10d36ef4fcfc4a8e,CLEAR,DAYLIGHT,DRY,IMPROPER OVERTAKING/PASSING,2.0,41.0,2.0,2.0
0ec298940a2905a8ea55290d2feb76643a54bdb1c966a91fcbdf864ec59f3432d084ebd92aa9f3ae51ccfb0ae9e5c91d654cf0082f296f80953e5f28ef2e87aa,CLEAR,DAYLIGHT,DRY,FOLLOWING TOO CLOSELY,2.0,28.5,2.0,2.0
0ec2ac4be5950d144bc0d31107bc237f4af4bbbebf1bbc9b3d907cc155404af97067f3035ff5bdfa146d1e19eedf7757206bc5a76b6142478e89cd7e0f112e32,CLEAR,"DARKNESS, LIGHTED ROAD",DRY,FOLLOWING TOO CLOSELY,2.0,27.666666666666668,3.0,3.0
0ec2b294dabfdff61700e5805d0e9737449728a713fe07c8b636a9ccec7113a7b7df52d5f5ea585676051f2030ed5a25f4aefaa93d763f973e83a648cb7146be,CLEAR,"DARKNESS, LIGHTED ROAD",DRY,FAILING TO YIELD RIGHT-OF-WAY,2.0,53.0,2.0,2.0
0ec2d1edef9427942aca35d559efb3de1287d363e3ac977d7bb10138ed23237bb5d9ddf8210b2b4addb1dca6797a90e497691f30fa4ef16d7ca4fd944f52dce1,CLEAR,DAYLIGHT,DRY,IMPROPER LANE USAGE,2.0,37.5,1.0,1.0
0ec2e74897cb4e6cc28faeb7b35e96ecb7655927bffa683f4c0ea5c2253d735f2b73b6adc571c11dc19db9731e7685c4ff0a0a3b194a261fdd29a0c7bf1d1904,CLEAR,"DARKNESS, LIGHTED ROAD",DRY,IMPROPER TURNING/NO SIGNAL,2.0,26.0,4.0,4.0
0ec3409581b72e9ab18c6ee1ca73ea0053d32bc6b92a985bbd2552aaf8840cd6827b90f54e2c67075cd7bec9344a0ed620322a88fe02e4e9a5115166e7fb1e05,RAIN,DAYLIGHT,WET,FAILING TO REDUCE SPEED TO AVOID CRASH,1.0,60.5,2.0,2.0
0ec34cab4266f298ceaaede0cbfa0e9885313dbda830d9bcbaebea45dcd65357efc5a63e3bd0978d43204592ace6a6fdd4b6abaaef6a093b598710844cb1188e,CLEAR,DAYLIGHT,DRY,EXCEEDING AUTHORIZED SPEED LIMIT,2.0,20.0,2.0,2.0
0ec3604f77afee26f17313c4e7882b1a3c7ea5f09dce2e8e678b57039116c50254db635f48c85d413e10baba0313c4bdf417a423b74d0da0cf3641f2cbe23772,CLEAR,DAYLIGHT,UNKNOWN,DRIVING SKILLS/KNOWLEDGE/EXPERIENCE,2.0,43.0,2.0,2.0
0ec3b200983df289a86e72832b224a126fd5de1ac68f15542243dcc550b1d157d5e603c0e9ddcf836991096532ba2baaf9afc7baeac6198b802a7c5cf86021c7,CLEAR,DAYLIGHT,DRY,FAILING TO YIELD RIGHT-OF-WAY,2.0,33.333333333333336,3.0,3.0
0ec3b9735528b91761414a7fba9e8d6df5922bf5e58a6facea6137368b12bd36de56bb699f3ecd23e3df91f8cc149da83164677fbbd257a487cc2f0a6bd3ab3d,FREEZING RAIN/DRIZZLE,DAYLIGHT,WET,FAILING TO YIELD RIGHT-OF-WAY,1.0,50.5,3.0,3.0
0ec3e6dbfe4f58e1bca254aae5084e068a03954e9f9d058cb99c82548925bd3f371b590a5e46050e5306fe773f81e770515488a2ba46d263700013fdabca9169,CLEAR,DAYLIGHT,DRY,DRIVING ON WRONG SIDE/WRONG WAY,2.0,34.0,2.0,2.0
0ec41f45876b14b551582a59e94ce8bdbc333d2801a2b56964a0ffea5249a3c4c45de70ebd6cc1e9bd524e7662488f082afcf2bdbe76b7a504dace403916acac,CLEAR,DARKNESS,DRY,FAILING TO YIELD RIGHT-OF-WAY,2.0,51.666666666666664,3.0,3.0
0ec43e17b66848c40f02da773bf38f20f8142cd33d5fa7e9e8135fa673b3df27fa8570a11019bbdb95b86eee0ee9f77df4eaf34d88d1c19cb23cd93c3fdbb6d4,CLEAR,DAWN,DRY,IMPROPER BACKING,2.0,37.5,1.0,1.0
0ec47c2c6e985f9d9ef973a405f79899d067344bcfa32644900469b5b9b015d067690e6fc01d11877ba8446f2602711da3c9b0af1e3f7813c312555b66e285aa,CLEAR,DAWN,DRY,FOLLOWING TOO CLOSELY,2.0,50.0,2.0,2.0
0ec47ee2554141821527ec81b06ad9107b296fb19d45511e8f082862a5bb723b3fcb34f422b0644cf0a58541ea28a6e699e9fb446a67a23fc5c3a2fde0a68a7e,CLOUDY/OVERCAST,DAYLIGHT,WET,IMPROPER LANE USAGE,2.0,31.0,2.0,2.0
0ec48d9e0fb9e353219d97634525fbf622c1ad51241020afabd06fa896d12378c782a208c2178028366ab9f2b24443bb718ebb9f1df9f444801f1a609901cb1b,CLEAR,DAYLIGHT,DRY,IMPROPER BACKING,2.0,29.0,2.0,2.0
0ec4a2c97169ff8639bf43cf536655a861c21d50d5eaee84d4cba58d84f6ea6dbccf4632331de6dc339af1a9a6c4c374f40d4ffca89cf9d68154120c35e9e543,CLEAR,DAYLIGHT,DRY,EQUIPMENT - VEHICLE CONDITION,1.0,60.0,1.0,1.0
0ec4d515a72a9014331b07fda420da98fb4580181b21be37fe90636cf9787dd71f6305637d0515f637a459a37b3d124dfc47cb6880c26d5bd6db050d0b74ea5d,CLEAR,DAYLIGHT,DRY,IMPROPER OVERTAKING/PASSING,2.0,33.0,3.0,3.0
0ec4e29dee67d3903f01ed69793657c79ba69315eaa06ff93a455bf45194d28ab136c6f5273cbe25c25ded76264a447b362eb93a63ed1a736fb72c38f0d8f46e,CLEAR,"DARKNESS, LIGHTED ROAD",DRY,FAILING TO YIELD RIGHT-OF-WAY,2.0,31.5,2.0,2.0
0ec50ddef5af856ca9d32a5e83c5f126d25d1fd412a42c6752ea7b3c60aa2e4a2bcf6929ea304c3447e9f0f8044b0f4e402cf70d6fc079e58816dabdd4bf55c2,CLEAR,DAYLIGHT,DRY,DRIVING ON WRONG SIDE/WRONG WAY,2.0,54.0,2.0,2.0
0ec551baa8a9c62046017d0570010ddcad69f39b7bcc352a4e8c27e1152c7abb62bb0073ea164cc908da9ccce005c2b92c686838f355ff9b1bc453b7fdabc2e2,CLEAR,DAYLIGHT,DRY,FAILING TO YIELD RIGHT-OF-WAY,2.0,20.5,2.0,2.0
0ec555febbb9b5cdf13341fc9032f86879390a004d892047e709b8b4951697b517b6f52e1c4a16697a40abf708979af0cf1c25580713b2d91953007f4c4babb4,CLEAR,DARKNESS,DRY,DRIVING SKILLS/KNOWLEDGE/EXPERIENCE,2.0,26.333333333333332,5.0,5.0
0ec59db51141863829ca5322b6e28126c89c6d857e2e83b5c2c9a5ad61059d21eda6959734f2c56c21834cf185d4945abb1ca52f4747ee744c49f4cf8677acf0,CLEAR,DARKNESS,DRY,FAILING TO REDUCE SPEED TO AVOID CRASH,1.0,27.0,1.0,1.0
0ec5a93437c888b6ab5d8049f3a530b835ffe612739c5662daf2028f3a46de39ed4d2d1016e91a19297b7de32138e910802906333923fcebb56519a51219342a,CLEAR,"DARKNESS, LIGHTED ROAD",DRY,DISREGARDING STOP SIGN,2.0,44.5,3.0,3.0
0ec5ce7627a2b5c7b1f86df8aa3a87a6a64305c52dbf11f0530c339bf2dd372c2b549f5deb0b9d9363fbb8cd060c1cddeab66dbbac1239ccd001d70f287a2279,CLEAR,DAYLIGHT,DRY,FAILING TO YIELD RIGHT-OF-WAY,2.0,19.0,6.0,6.0
0ec5d2d9fc6b9ba9da6bfff7cf50324613267f6d126aeebf40d5bee4b2e94f16f94a2d9e74a0024d43f0a9bf128c85a413a51708b7788b5eda5056d156832886,CLEAR,"DARKNESS, LIGHTED ROAD",DRY,IMPROPER OVERTAKING/PASSING,2.0,35.0,2.0,2.0
0ec5f82a418ba2b682fd8c737ff8063373f0991a41d04b592c155a8c1c116d58f48f8a5760cb2e5250c1db42671debf93fc72b1e6b508b0c090b9c731dbc5b97,CLEAR,DAYLIGHT,DRY,FAILING TO YIELD RIGHT-OF-WAY,2.0,51.0,2.0,2.0
0ec603dadd616b05fa34c328e30ade2341cefee81e5cad4be252c44239b9f69e926c35fb822780498b699ee9b587bdff3bc277bdcf49300a4a492b9c6c3f9655,CLEAR,DAYLIGHT,DRY,IMPROPER TURNING/NO SIGNAL,1.0,37.5,1.0,1.0
0ec60f054b0688b40898f6f46844611d6f2313800cc2992c5a9f5220cf392f582166d051ccd312464751516420239356524985852e5cdabb24c4415e87233e7e,CLEAR,"DARKNESS, LIGHTED ROAD",UNKNOWN,IMPROPER TURNING/NO SIGNAL,2.0,27.0,2.0,2.0
0ec610a7fc55da853866da56f25534be82661250c1373ff0574b0dfa230e38d82b447acde3a62daa6c3af66ccd1ff3ba2c341ac9db9e5cbd0a1b71dbf43f785d,CLEAR,DARKNESS,UNKNOWN,FAILING TO REDUCE SPEED TO AVOID CRASH,2.0,50.0,2.0,2.0
0ec6400241b89c75ac532c1ddc8b6f594c5efa07194df604ecfafd9badd1609b45ef48b2836c6f3dd57af84bf8e36107bea470e2b66de80b5001fc07e787eefe,UNKNOWN,"DARKNESS, LIGHTED ROAD",UNKNOWN,IMPROPER TURNING/NO SIGNAL,2.0,25.0,2.0,2.0
0ec647e56d943aef741690534aab72569196b6bd2921b1f933948ba16da8626f6017b563c5e6fc03904e55ab25397cd624937f798164fdf16939af58fcd28543,CLEAR,DAYLIGHT,DRY,FAILING TO YIELD RIGHT-OF-WAY,1.0,23.0,2.0,2.0
0ec6621448a6ec6da99d89be012aa19e37a37c945c85e1e79b2f774e6ba56bf514daa5ffc0e588517e4031583f202bdfe2d9e385dcdf2b9f84a549a1aa0ab8bd,RAIN,DAYLIGHT,WET,FOLLOWING TOO CLOSELY,2.0,22.8,5.0,5.0
0ec67dd1a49d34fc746d18bb95aad76de4186c6b077195ba7518cc8f278cfea099e56b2eedf28260763d29dce8fcfee76137fcd4e2af2c669127d95af3d8531b,CLEAR,DUSK,DRY,HAD BEEN DRINKING (USE WHEN ARREST IS NOT MADE),5.0,37.5,2.0,2.0
0ec68666313022dfe81e06bbd9423727b7b8ab07955972534d031942cdbb9b11c73e11cd325f5dfffc3e9d5f8746dfca686b51c1e0602b24057612ef9e82222e,CLEAR,"DARKNESS, LIGHTED ROAD",DRY,DISREGARDING TRAFFIC SIGNALS,2.0,23.75,6.0,6.0
0ec6c714ad3932216fcb5cce230684cde9208526f5a6015a8b556a29c06e1326ac8280be8ca0df1e2e50a687a4065fa37694b1831023b873f4f8eac28e38388b,CLEAR,"DARKNESS, LIGHTED ROAD",DRY,DISREGARDING TRAFFIC SIGNALS,2.0,44.666666666666664,3.0,3.0
0ec74941c54d9ffe534f70da6acb543d20f243932393acf309ab141b108e56dad60410ab3c877862f5fe6e16f5a4bbfa5843890b365eed00fb7291c543bd4014,CLEAR,DAYLIGHT,DRY,FOLLOWING TOO CLOSELY,2.0,44.5,2.0,2.0
0ec76a4a74cb5528ca31a31f0a241b59f6b173e00c1731b40b07946db9513148d15f32ec28146176d7763894f4a66f5d2d5bfbd3a0d6a32933e78846f9021aa3,CLEAR,DAYLIGHT,DRY,IMPROPER LANE USAGE,2.0,36.0,2.0,2.0
0ec7724735a9428a10233e50a688c65b4f8d4d0b16fb580851f2eec8d601211cca884171115df14b51255629af3e717a1f0f857383c747022ca1aadb6ce6d2ad,RAIN,DAYLIGHT,WET,FAILING TO YIELD RIGHT-OF-WAY,2.0,35.5,2.0,2.0
0ec77b374122b0893adcd0f7e8e73196a46cef0a47586dcdac15cc2ce8c3689bf69beaf5a59567faabc6a0378a9975d4cad22197ceb3e4e416c175194694bbcf,CLEAR,DAYLIGHT,DRY,IMPROPER LANE USAGE,2.0,23.75,5.0,5.0
0ec79ce05b1b6ce62588757edb298bb2cc069620070eaca9ffd940ec2c72106afd223fa553339eb2f031d6740636d8d87f1ac78158aa23dd6471e81d88574857,RAIN,UNKNOWN,WET,FOLLOWING TOO CLOSELY,2.0,43.5,2.0,2.0
0ec7a2fcafb94483ee7ab47b70729131f7bb7546c77d3b23836ea5acee924885b9e387c55f786eb336c585b3163c01903ec3c1a4988dcb58c0542aa146db1d50,CLEAR,DAYLIGHT,DRY,IMPROPER TURNING/NO SIGNAL,2.0,27.666666666666668,3.0,3.0
0ec7beac94584e46f42e84e9a96acb66b2e8542c4cb47ffba2fd64a4f3cb8b8a6ebc6d8d18054b80088fd884c9ff8d61dea5ad60569b79fa6ec6b109515b8b4a,CLEAR,DAYLIGHT,DRY,FAILING TO YIELD RIGHT-OF-WAY,2.0,12.0,2.0,2.0
0ec7beb72d9de918c966d39952b4f68e28c4b15c423dbadb8c1aab63cb67f9ba511506e123cd132a536106244eeb739f6fea395559c03b85713a665c660a8106,CLEAR,DAYLIGHT,DRY,FAILING TO YIELD RIGHT-OF-WAY,2.0,40.0,2.0,2.0
0ec7c269baf4d2096597c57f79d53aa8f2eb1d7e7fb615d47a04f426b13ac957df02deeaa2a1a2df5cbbe875c54af00047967b89511a1a223f2f331d3ca215dc,CLEAR,DAYLIGHT,DRY,FOLLOWING TOO CLOSELY,2.0,64.0,2.0,2.0
0ec7cf989c2b15c634f5eccfefc1a29a310153c880728be0a37a6339ee55cc964669a06a936e2f96a135e2667aef08bb8edd2b5f5ee730ef9b21e35f94191de5,RAIN,"DARKNESS, LIGHTED ROAD",WET,IMPROPER LANE USAGE,1.0,24.0,1.0,1.0
0ec7d876a6b9bfb2405092cabc7eb84a1d8743294f4f755455c3378814cb77e776c16c0c5f6a225702905cbfe1da8b68962526fc38c7bdea0d69aecd63eacbe0,CLEAR,DAYLIGHT,UNKNOWN,IMPROPER OVERTAKING/PASSING,2.0,45.0,2.0,2.0
0ec816cfb24972dfcfb33185ede27e7de0d25b9ade8889f0a328ce5f84702042a5371f1b945125ddbee795dd605de640c2f4e12fb8aa792e0bd2114f02c4bc62,CLEAR,DAYLIGHT,DRY,FOLLOWING TOO CLOSELY,2.0,48.0,2.0,2.0
0ec81ba7cc9bc99e2fbf4d295cfe6764dce7de554c04405ab8dfe8ec356608b368a5e41a6a5381148dfe6ccd19b1bfece743ea2330f4cdca1499b774939b47cd,CLEAR,DAYLIGHT,DRY,IMPROPER OVERTAKING/PASSING,2.0,72.0,3.0,3.0
0ec81bdb3c3230ca8f2637783d7edec6c9d89e68f597de332ddd7a12d5289833586da6446a67b6b4674c55889645d0d6ee0f052ae5196d603108107f2a08e235,CLEAR,DAYLIGHT,DRY,FAILING TO YIELD RIGHT-OF-WAY,2.0,48.0,2.0,2.0
0ec81e03c7d2c0cb7ddf4cac6a9a29b4b3692fc0810cfae8fe68caecbbbd97e084fd91ae3401b6c8ea0b203ceac733aa75826cde80f837a6b95e10cab1b840bc,CLEAR,DAYLIGHT,DRY,FOLLOWING TOO CLOSELY,2.0,24.0,2.0,2.0
0ec828bc6080b63cf2bc37db3cf5b1756eb9f06582a38b08be3faaff1acbb9f6537d5d0807c6ec1241e028b44688f0973d271dcbc9b19817489985e93bdc9003,CLEAR,DAYLIGHT,DRY,DISREGARDING STOP SIGN,1.0,22.666666666666668,3.0,3.0
0ec8517de6259ca8b92e61f1a16392767f02c0fa4c8483eafffddeaa289d34e52ec6dfac7ecc10d5252ebee52b8737d48263eaf44568a8a48db6399afa1ff611,CLEAR,"DARKNESS, LIGHTED ROAD",DRY,DISREGARDING STOP SIGN,2.0,51.0,2.0,2.0
0ec85d66167b9358fbf2b4007e0180ef8362eca611f3de5e3f15300d1b5332cbac9f71a2add24cdc5fa8ee30d883b43b2f287335aab54cf50f3bca92bc7a3e68,CLEAR,DAYLIGHT,DRY,IMPROPER OVERTAKING/PASSING,2.0,42.0,2.0,2.0
0ec889afd5021a8b02c5ab68365afb19ebffe8f5128e4ecb707f50d23d08668928ee4cc0d0237c698d3b055720ccc08c6481475d36143ee8f40acceb4d832c36,CLEAR,DAYLIGHT,DRY,DRIVING ON WRONG SIDE/WRONG WAY,2.0,46.666666666666664,3.0,3.0
0ec8afe0c94009428cfb2a76e9a87893e9030f79f06f61703d8a9b3c97be71bd01872db5289075eb681df6f96a124cf5897a7b197cc0c093ad4e73fe4b84b6a8,RAIN,DAYLIGHT,WET,WEATHER,1.0,18.0,1.0,1.0
0ec8c83e6662c27b68ff85d03e7338d3a65b3d2da7d82e8cfa8d9a8a6d86542aa6b2011414bb0c3cda390445107c929d78ae0f1f6878bf9066032aa4e8f1eddc,CLEAR,DAYLIGHT,DRY,IMPROPER TURNING/NO SIGNAL,3.0,60.0,3.0,3.0
0ec8cfc6e9586955f80e9b1183c21ad3e46eb9ba145dddae6a74c08396a5dec5cc3e3fbf56ea42788b986d5f7ebf15bdc288c1b314e6869724cf814af5f8c36c,CLEAR,DAYLIGHT,DRY,FAILING TO YIELD RIGHT-OF-WAY,2.0,64.5,2.0,2.0
0ec8dc34758ab7b3eaf6d88c47e857f5e430bd9731c8737030c283d2d27fe76418f7857b43acae5b9383f1ee20b2da244709c2664ddbfa1f87fa92ffdd6ed673,CLEAR,DAYLIGHT,DRY,IMPROPER TURNING/NO SIGNAL,1.0,35.5,2.0,2.0
0ec8eff8e3a88005ecf4c753f7ef3bac33fd889d8e25645ed6e9ae7ad577e227ec57d26538736e9bf20fe6e40b92e57e6a272495469686142d193f2e43fcf1a3,CLEAR,"DARKNESS, LIGHTED ROAD",DRY,IMPROPER TURNING/NO SIGNAL,2.0,50.0,2.0,2.0
0ec94bde67835be79660fa9fc93c4a9936c507bac1a128ea59bfc505ceb1da232a04afe7a56bf551b93796801737fce8b1596d0a1d3d1453a7ba2017498862d5,CLEAR,DAYLIGHT,DRY,DISTRACTION - FROM INSIDE VEHICLE,1.0,29.0,1.0,1.0
0ec978cfd719472741f63f92cfb41be190b302ca30c6871d9f3e58bf8876b26752fa214a219b8a25e684da344e60bb7beb86ee9c9c86179844c1a272dae9da4a,CLEAR,DAYLIGHT,DRY,FOLLOWING TOO CLOSELY,3.0,42.5,3.0,3.0
0ec9881364155ae88668a81b0eb5ed29d786688d10caade0d07a50294390fc0d13eb449262a9dfc0de0bc843493a89d94fbb3d1e1305bb0d87d4619fa674589c,CLEAR,"DARKNESS, LIGHTED ROAD",DRY,FAILING TO YIELD RIGHT-OF-WAY,2.0,26.333333333333332,3.0,3.0
0ec99c7cafc3744ffcdb50aa9189cfeb0748d4c8b6adb164dc382dca312a13894b9e9ffa1d23f0c4ec86eb0a38fb6ecefb337991983d77cba0437c752389c159,CLEAR,DAYLIGHT,DRY,IMPROPER OVERTAKING/PASSING,2.0,37.5,1.0,1.0
0ec9a2594954cd73756d0f076f22a2aea2d48b2a8c6c597c40b650c66486f2c2781cf5bc4a23dc05e80a4770ca0c4dee9cfc90c0e7021c525a5837ae81d4947f,CLEAR,DAYLIGHT,DRY,FAILING TO YIELD RIGHT-OF-WAY,2.0,37.5,2.0,2.0
0ec9b654397ec3cbcc73a299706317ade7d016b30639513a4638f2b6363d04e9fc9c6c9bf2d1482951fb98644d59fdcf5252e6f029d099bd3536d1d7587e4ba7,CLEAR,DAYLIGHT,DRY,FAILING TO YIELD RIGHT-OF-WAY,2.0,51.0,2.0,2.0
0ec9c8d44bd1bb4958c1d3488d35db73ed2c61e481fb3a61dc0aaff2add5b33987d01f9d4aab84d7a28557cba5d53e85cb4eb8929ac7b74c6f5da4aeb86a178e,CLEAR,DAYLIGHT,DRY,FOLLOWING TOO CLOSELY,2.0,26.0,2.0,2.0
0ec9d18da38c59039226b9432d729c0e910bac4014f46a69022974dee6e49d05104716a88af9a9b2f99d6e5f1a10bc2e800279747b68165d2c811925cd9a1c76,CLEAR,DAYLIGHT,DRY,FOLLOWING TOO CLOSELY,2.0,63.0,2.0,2.0
0ec9d44d67faba6778770fa77727878d2b7fc85a65c5f12fdaf6654497116e8ad4a28fa3a10e803150b61008efdbbb743d90e2c7363d39b11f190894fa786b36,CLEAR,"DARKNESS, LIGHTED ROAD",DRY,IMPROPER TURNING/NO SIGNAL,2.0,33.5,2.0,2.0
0ec9ea35ba99a914769b5c2bd7c845971d5e0f7684d238ff9d441a67221742f89c39052d54ecb596ff9ca89fc7856cc11949e5144484eff363aaa183ce90245f,RAIN,DAYLIGHT,WET,FAILING TO REDUCE SPEED TO AVOID CRASH,1.0,36.0,1.0,1.0
0eca085552c7bbfee1f95bf2ff8f573ce25cfd6ed24f33c16bf639bc5d9dd926949b85e5427de8005fba17e1662cdff940dc5eca3f2da8e62419dc77571d50ff,CLEAR,DUSK,DRY,FOLLOWING TOO CLOSELY,2.0,37.0,5.0,5.0
0eca1295a7762be991a684175405a9d38e423450184a21e78a236153f83f5e586e438123330b0d9e43cad1333044148b772334277e8244a030977c99f1c6dbc5,UNKNOWN,UNKNOWN,UNKNOWN,DRIVING SKILLS/KNOWLEDGE/EXPERIENCE,2.0,16.0,1.0,1.0
0eca536f9cd468fad39371c0aaff32b78ebb71ba961a068f24805a4dfaf4c774453771ce2fc8cb74464bb33ab3fb277b165dfc8b4e7d13afebca4b0761d7a466,CLEAR,DAYLIGHT,SNOW OR SLUSH,FOLLOWING TOO CLOSELY,2.0,46.0,3.0,3.0
0eca6a43bda1eb76afa41452a8f62e74dde6831a5ab41ec46187bfb98e1ba5259dccfd7ffdc4cde11b4eff9f14bc0a3fb47a21c830abdcbb440ae214b9468bd9,CLEAR,DAWN,DRY,IMPROPER LANE USAGE,3.0,36.0,1.0,1.0
0eca6be7b7014f7425dbca37d5857cc86be8d905b78c48ea0afa3d89e115d3f8007b274504cad78a6dc665a3763c596a46d0958ab434967c42b6c55f15900527,CLEAR,"DARKNESS, LIGHTED ROAD",DRY,FOLLOWING TOO CLOSELY,2.0,20.5,2.0,2.0
0ecab64eb5e6de33ac8af668d25fac2e22e1feef09e7b1f2ff482f9855d91ddd3987badce9773726b17555e23a1fdc5eeaba28548d1f095db13558eedcb5066f,CLEAR,"DARKNESS, LIGHTED ROAD",DRY,IMPROPER OVERTAKING/PASSING,1.0,24.0,1.0,1.0
0ecacbd2a931ece82d241b2a9545c447239bc06f4f7b4079c022650bce319d757d3d35de9b5eb72b4715a6a1ae5316694d34ad34eb49f2b152a1bdbb82dda801,UNKNOWN,DAYLIGHT,UNKNOWN,FOLLOWING TOO CLOSELY,2.0,26.0,2.0,2.0
0ecad675cf66e2ce304b82891dab59bddc96f46e8fbdfa301c9f5c0f18bf1c23f340fe219c3842a95e1a4a5c68f9075088511b527df139d9646a11ac171cddad,CLEAR,DARKNESS,DRY,IMPROPER OVERTAKING/PASSING,2.0,32.0,4.0,4.0
0ecad8495699663a28c72515d1cf52c9458a1f7b94db124ca925a61f05b5543ea91951b14446d84fb6f3740b4846c61065a05fd9a2e1661a93a00317431027a7,CLEAR,DAYLIGHT,DRY,IMPROPER BACKING,2.0,33.0,1.0,1.0
0ecafa024d464775a66b5cd9cffde87855a6ef1ee97f74469503ccba0b0309c4b6d6fc8c46815c97ede250fb55a70c0ee560afd8bb0fbac523cf72997f185e21,CLEAR,DAYLIGHT,DRY,FOLLOWING TOO CLOSELY,2.0,42.0,2.0,2.0
0ecb0149d61cfb28d2c0ef4eeb4264aa9792a8fa2d9eeb7a3c6bd248e1fd2a43e27ac77b695aa7d4b3d560ba3f8f44f4c0d6780b54aa5642c822e0a3c64a4dc7,CLEAR,DAYLIGHT,DRY,DISREGARDING STOP SIGN,2.0,43.5,2.0,2.0
0ecb089a6e46187285af7437ee0f2b0fdc6cdcd78c14c3c67b1bbb0caae86446a3f461c90a84961d54cd63b969fdd50e547c4bb28840808b9ecdac58f3e7cfc5,CLEAR,DAYLIGHT,DRY,IMPROPER OVERTAKING/PASSING,2.0,37.5,2.0,2.0
0ecb5875a40c109044c34ff58e7f829bb7b3d56077f0ea3b560c4a12f10f03e402ec4f5c190f62de049e0cf210a643220dd3cd2e54f3bd9dde148c0617ceaf4d,CLEAR,"DARKNESS, LIGHTED ROAD",DRY,FAILING TO YIELD RIGHT-OF-WAY,2.0,23.0,2.0,2.0