crash_record_id,weather_condition,lighting_condition,roadway_surface_cond,prim_contributory_cause,total_vehicles,avg_driver_age,total_people,total_injured
0ecb5e9c5610719956f47c6c78033f202afca630bb13c51782c9c7b154b3fb216d77fba435ce25a38fe03d446377fbefd4f3bad4652d48d77754067546c50d65,CLOUDY/OVERCAST,DAWN,WET,FOLLOWING TOO CLOSELY,2.0,32.0,2.0,2.0
0ecbc5e70d82c34aedbebead6add68b5f52ae738ffe15bc8418abbca3d417c4e6a0402a1b308001497981b63381272b4bc3bc04b92bf3ce566291c6e2786cce2,RAIN,"DARKNESS, LIGHTED ROAD",WET,FAILING TO YIELD RIGHT-OF-WAY,1.0,2.0,2.0,2.0
0ecbd6d0c3a9394d158101021f1bc2cb0c29fbbe88814aeaa9a85049aa6d2df01e2649ad16ef89ec4951c717c45e8f55c3bbfac82c0450ad8c6957509df42e79,CLEAR,DAYLIGHT,DRY,FAILING TO YIELD RIGHT-OF-WAY,2.0,45.0,2.0,2.0
0ecc11017d7995dcc7be5d34d9e080778322391566855a739e05de6aab553a3ad64324550252bf33ce43810d6019bb95ae81932d4b785667573d9bdfecf9d254,CLEAR,DAYLIGHT,DRY,IMPROPER OVERTAKING/PASSING,2.0,31.0,2.0,2.0
0ecc3ec97f286c9e1ef79e104994145e970d55109ace175fce69809ec02cc8122f23b1393420ffb44a0a2d2c92316df71a3c2506484e92775a672ea492b94071,SNOW,DAYLIGHT,SNOW OR SLUSH,FOLLOWING TOO CLOSELY,2.0,38.5,2.0,2.0
0ecc6ba0ea829779625b52ce4c3ad32958ce21865a70a6a2b5f273ffda0d68ecd4b4360646eb8c4237ab517ba407fa3d2327e9a03bce238ffacbd3bf5f809716,CLEAR,"DARKNESS, LIGHTED ROAD",DRY,FAILING TO YIELD RIGHT-OF-WAY,2.0,31.0,3.0,3.0
0ecc6c12e7fcdb491e0667ed0662ab888ccf94e848854380d77c0651a819f6507e71d22bd238102f27e551582cf05bdf7d28ad62c0685fd69eff4a0008c31c3e,CLEAR,DAYLIGHT,DRY,FAILING TO YIELD RIGHT-OF-WAY,2.0,37.5,2.0,2.0
0ecc8dded7333cda008130101a3ae19af8101725cf72bbc59ee5c137155324ab7bfba4a547d794043a4cde8674c8369013b136a6636be48eb06d2809bad2e52a,CLEAR,DAYLIGHT,DRY,FOLLOWING TOO CLOSELY,2.0,55.5,2.0,2.0
0ecccc221a7cf49a72721dd1f0f4e1b879ef357c0c434381f7b098da124cc8a73f230abffbe2a548b63d70599950b03da34d529652f4dbac6cfaa905a7cdfab9,CLOUDY/OVERCAST,DAYLIGHT,SNOW OR SLUSH,FAILING TO YIELD RIGHT-OF-WAY,2.0,38.0,2.0,2.0
0ecce2b54f9c10539c28a38bbb447a9f689ce28041432b0a65fb4a00df065e691a0cbb288ba6ddbbe989ac45dfd53ed2725377a9e8ef85028f593e7181277057,CLEAR,DAYLIGHT,DRY,FAILING TO YIELD RIGHT-OF-WAY,2.0,28.5,2.0,2.0
0ecd0e981ecdd469da9a50127fb260a8b743ebebe2a1705e5a977284daf6d894e60ee454fe217cae74ba463e293eef0e30f8f1c970a31b98c9780c5500da2ddc,CLEAR,DAYLIGHT,DRY,FOLLOWING TOO CLOSELY,2.0,30.5,2.0,2.0
0ecd13e0959c26bbf86438d9bb343d78bb5c9e058c5b3b034a100d5fd3c4fd7e3609f2033250866ec692485d139f6f97be43d78bdaa1631eccaff87cc3d11c8e,CLEAR,DAYLIGHT,DRY,IMPROPER OVERTAKING/PASSING,2.0,45.5,2.0,2.0
0ecd141667d58b9183a7abbe5ebe1710c611943756fe55fbc7ea766ac186228ce25a7080e536647afb570568d0d88f0fc6a2d953bf41054ce86af90572b94339,RAIN,DAYLIGHT,WET,FAILING TO YIELD RIGHT-OF-WAY,2.0,28.0,2.0,2.0
0ecd2c10dc2b29799b23fce62f4130452a9544ff43fc9f24d7caccfd37624c807a11bbf108c57f3d981d5749ba85882ba23aa0caa238995a047358dc2350f8a5,CLEAR,DAYLIGHT,DRY,IMPROPER OVERTAKING/PASSING,2.0,73.0,2.0,2.0
0ecd4558dc5d1b89dd870c7fbd34ae9dc5c409e43af0d98a7c1240faa84bdcb96c8f8d3734fe1c2c8c0ccf9142fd479b473bbfe88c5dee7b2f4bac9b51b26268,CLEAR,DAYLIGHT,DRY,IMPROPER OVERTAKING/PASSING,2.0,41.5,2.0,2.0
0ecd4ec53015d867032ce3a3d2152980fc298cd1a456e40195933718273dfd9aeff62fd5b1de6ddfab3eae80d16728583708ecb520491a535490bd924f4b3812,CLEAR,DAYLIGHT,DRY,IMPROPER TURNING/NO SIGNAL,1.0,19.0,3.0,3.0
0ecd69542d50c177ec07efc222e8b50845cba2c2119daace63cc3773b024e3331e047bbb5869f38b6caeb333e3d8a9a4cd7cccec028cde0e50d7b8c2def8a927,CLEAR,"DARKNESS, LIGHTED ROAD",DRY,FAILING TO REDUCE SPEED TO AVOID CRASH,4.0,34.5,4.0,4.0
0ecd77428753257122b17ad6bca19e5e616987376ddd383a4df9581a518b7cc853d7315528f94dcdf0f9c1c6f7b5bf8228175bd1639d6c976d9951963490b016,CLEAR,DAYLIGHT,DRY,FOLLOWING TOO CLOSELY,2.0,30.5,2.0,2.0
0ecda40e939969a0f40434160568fe6344cd00dff00bbc7bf51d0f1a5427f30a27abb1f268a314edd084a808f7540bba1476854e81c67c6fa31e2ddb4fc8e140,CLEAR,DAYLIGHT,DRY,IMPROPER LANE USAGE,2.0,49.0,2.0,2.0
0ecdebedc6c022bdac529b8fdc3f2a120c82e8bcc87e40eaa93923ce578f1695ed50a048b25db223a8fa8de3332f5fc735345687ae9f7147f8b534be3b9e9657,CLEAR,DAYLIGHT,DRY,FOLLOWING TOO CLOSELY,3.0,34.6,5.0,5.0
0ece092112a464b16c3c9d906f1712dbbb4c9851bd6b9058cbade414e468839b248c1396e39eb9bc9af022991ef0f0e1a21ee8afe7a007fdaa3e2bfa845ce517,CLEAR,DAYLIGHT,DRY,FOLLOWING TOO CLOSELY,3.0,28.666666666666668,6.0,6.0
0ece20ab530091d90058281dff61e01aa0ad3530573132dc16ecec68b4a0fccc0c2212ad707958d1a49d61ea66ff03fcc3518904242d548712707283c1357361,CLEAR,"DARKNESS, LIGHTED ROAD",DRY,IMPROPER LANE USAGE,2.0,40.333333333333336,4.0,4.0
0ece3fa0386ba52c844897b20c3e792f295aa42cc32a3c387b12dbb28c65443886aca9f369d5676ab9d469e36f0dff85eefb8c8fc1aff79afca2a9dbc03f9fd0,CLEAR,DAYLIGHT,DRY,IMPROPER OVERTAKING/PASSING,2.0,63.0,2.0,2.0
0ece4580314cb04a7a2fea9b971b5dd968ea3308248f9f0f631de8b3ed5393aeb7a5214c691ab8deedb193f7f4ce7792010494f20c72115a74891cf3fc1f21f8,CLEAR,DAYLIGHT,DRY,FAILING TO YIELD RIGHT-OF-WAY,2.0,40.0,2.0,2.0
0ece47099e816416e7b8e576cc75330c7a997076d679d886957c8821e13b6ab3e6539aa8da6c5591a3464ee6c0af061b44cfc85e75c3a0b853d3d27d6413ce8f,CLEAR,DAYLIGHT,DRY,FAILING TO YIELD RIGHT-OF-WAY,2.0,25.0,2.0,2.0
0ece490a94a39f907aca50c8eb5833d0c41c5b7b3cbbfab24e4ec8097e9349e4d4806dc22413298b28777ba679bce26b93e2912b682cb24710e1c5ddc3588ee3,CLEAR,DAYLIGHT,DRY,IMPROPER LANE USAGE,2.0,36.0,2.0,2.0
0ece87922ed8643a99b23da6dfbb6d9daf37e2117bd7e39f692719293019a27b9f0ca71740bd39780d89aeac6e4c6f3441b74e59bf01dce88d472ef623a11dda,CLEAR,UNKNOWN,UNKNOWN,FAILING TO REDUCE SPEED TO AVOID CRASH,2.0,48.0,4.0,4.0
0ece98759914914672eec95b07baa319b92adfd3d94ac35f98288981354c7d972935b6202b371d9e8a0d2a0f7023b2da76c00e69d52c4b0f953d979158ccc947,CLEAR,DUSK,UNKNOWN,FOLLOWING TOO CLOSELY,2.0,45.0,3.0,3.0
0ecea3f820277cb5d160a43eb18f998166e10fc634ed9b83def2d9913d295175e2c0ead4bc94ebab086fe848a7ef98e31d3198f64745618dbc298fe29b510bc9,CLEAR,DAYLIGHT,DRY,DRIVING SKILLS/KNOWLEDGE/EXPERIENCE,2.0,33.5,2.0,2.0
0eceaebacaa06dd25c3280b1c3512b9d46d672120efd8ea43a35f48a4a039173c4deeae91a83cd652a321d9521b949a3793b843e8bf78f3dd0eea2109b330cb3,CLEAR,DAYLIGHT,ICE,FOLLOWING TOO CLOSELY,2.0,70.0,2.0,2.0
0eceb8d71576536bca4d2bbc96a1259e86bcac8d4d53997d73d97a6c3c6ebb65655844ec59afaecd798b91c9dfb45f8299a8d7dcba60021dbfefbcceec67d2a5,CLEAR,DAYLIGHT,DRY,DISREGARDING STOP SIGN,5.0,55.0,2.0,2.0
0eced431db1672b3a3e47387e0242824b1ffcae0064aefa9bda95292715d0fd63bc82734bffa9b7c4b4acc5c5c4732acb038e8792a0f1bb515af905de2ed54c6,CLEAR,DAYLIGHT,DRY,DISTRACTION - FROM INSIDE VEHICLE,2.0,53.0,2.0,2.0
0eced9cb7aa2a48b3c708237e2539b88185cb8dc03acd7f4d99b8aadb0b10d96c501e497db8aa9d1f093ac30ff36bd132e61d0064d91940398c6e85733c5a1e9,SNOW,DAYLIGHT,SNOW OR SLUSH,DRIVING SKILLS/KNOWLEDGE/EXPERIENCE,2.0,35.5,2.0,2.0
0ecee7d2640e06a723e795316dc268049a63bc557b6df4354e07890664f6aa9988de980d22fc076c4934feb65b31171e3b635da4f65edb11a789deb30492ab7b,CLEAR,DAYLIGHT,DRY,FAILING TO YIELD RIGHT-OF-WAY,1.0,51.5,2.0,2.0
0ecf1ce9e29ea4fd486f5dd83ebb5e2348631607cba0174ed870a330462c81739bad606a80df8bd62073415c0c6ed52554bccb9c7fb70a10fc29dd149cde7854,CLEAR,DAYLIGHT,DRY,FAILING TO YIELD RIGHT-OF-WAY,2.0,40.5,2.0,2.0
0ecf32f6b467b36ab2cba5e8360dc66f5649ef7a4d408974ae3d07aead297c246b0954256149ac11072e12012d7919d4e002b8433d0f2d4b913adef4086b94cb,CLEAR,DAYLIGHT,DRY,FAILING TO YIELD RIGHT-OF-WAY,1.0,49.0,2.0,2.0
0ecf440436f14e284645bccd62c926aaeea37a25577d9657e474895aee40f39551894fd4a9a622cb00ffd26a07001fb78fdc0f42e9a7a8d7f66eb8c9c0fb24af,CLEAR,DAYLIGHT,DRY,FAILING TO YIELD RIGHT-OF-WAY,2.0,32.0,2.0,2.0
0ecf5d9770a1000127b2daeea574c016f3735028c54fe2adbe507359c0ff6a1503db29674a805827a36a2a5e5232ae1439ef155600fbb48cfd3144c2c14171da,UNKNOWN,DAYLIGHT,UNKNOWN,IMPROPER LANE USAGE,2.0,42.5,2.0,2.0
0ecf64f8dbd8755626391001a8ae0a7bab0a0c15c651cd9d1f3fb080ade4258ae70f038759cc43495ba58c7f78c3912cd7e28cff3d39f1c14342322a19dce244,CLEAR,DAYLIGHT,DRY,FAILING TO YIELD RIGHT-OF-WAY,2.0,31.0,2.0,2.0
0ecf6bfe6325653ca80d57de18441c19e8f9ecb77e6c754471c69811387d75ce276bc6c817756eb1478aa752bc91b438ccb2cc196332125744732a9464edadc9,CLEAR,DAYLIGHT,DRY,IMPROPER OVERTAKING/PASSING,2.0,36.0,2.0,2.0
0ecf6cde90f4b077a5893d293c940199b34033555544e998a72e3479cecf923799594a21d0c2b471ecdea2e62ca22ea18967899458b349f5a86c81849a0bfbda,CLEAR,DAYLIGHT,DRY,FAILING TO REDUCE SPEED TO AVOID CRASH,1.0,23.833333333333332,6.0,6.0
0ecf72e2316c5b56a92e15ca291d52e0f3e7c6dc2573f5baf36b6c81deecb4a884e219797c6c3b2735387ab91f9ff84d7d2e249aee12d7fcd54d5d076d140e75,CLEAR,DAYLIGHT,DRY,IMPROPER TURNING/NO SIGNAL,2.0,40.666666666666664,3.0,3.0
0ecf867d888e874434d6157b5a8b42068662f451c0d2ae7e16cd61b4987b351ab5d1d780d247a128e5a0b68ee20b3edd0b8e4022b36bf3183ce0b4c4e418e7be,CLEAR,DAYLIGHT,DRY,"OPERATING VEHICLE IN ERRATIC, RECKLESS, CARELESS, NEGLIGENT OR AGGRESSIVE MANNER",2.0,17.5,4.0,4.0
0ecf869673e7be7ede51fd3c6bb258c136f02d771a263df4f25f2f28be5c79859a09cdbe2b3d0d7aa77efb104134fd8099fe613362fa0068d182938e174c154b,CLEAR,DAYLIGHT,DRY,IMPROPER LANE USAGE,2.0,37.5,3.0,3.0
0ecfba2772b377927f40e32893399c15ad653846670f8684c2f07fbe765a18cfb83e297c3e894e3906998b93282f804f5e1c57a2ac7462474d806ca74e07bbb6,CLEAR,"DARKNESS, LIGHTED ROAD",WET,FOLLOWING TOO CLOSELY,2.0,39.0,2.0,2.0
0ecfceeab67dc01be5091fac695e2b94f121308f2539faedbd25f183025cd160bdecdd3e809e0b24ee93f233aa6df7244d221836594a45876563659ee6548f3e,RAIN,DUSK,WET,UNDER THE INFLUENCE OF ALCOHOL/DRUGS (USE WHEN ARREST IS EFFECTED),2.0,53.0,1.0,1.0
0ed00f976611bd223e9dd6ea7033b7f136fdbeb67a700f208904fe8c846bba12eb84a173d575255776cc3942866db853c79e79c8e0b5db5d853d310ae23171f1,CLEAR,DAYLIGHT,DRY,FOLLOWING TOO CLOSELY,2.0,50.0,2.0,2.0
0ed01f401afa51015b9250c757ea0ea5cebe16b7ca298e599c5c402a3446187b32d7b1c91e5dfa4284aff916ef4aeeb7552f49c0e713071ae118a99b7c423ed4,CLEAR,DUSK,DRY,IMPROPER OVERTAKING/PASSING,2.0,31.0,2.0,2.0
0ed03d7270ba4639f8c134c5f372e8eff9f36023756928c7271511f18068812966b3b3557095fee055d670699be95b8a1874e46170f941181de0124eb2cbc5f8,CLEAR,DAYLIGHT,DRY,DRIVING SKILLS/KNOWLEDGE/EXPERIENCE,2.0,47.5,3.0,3.0
0ed03facb8e3ba78aaaa85ef73938e41a7c435fccf86010e9518f8ca4bf1c1cd32247a42cfa0264061c3e6a5738f78eab57a0d1a0190aa9de3d2a176dd75655a,CLEAR,DAYLIGHT,SNOW OR SLUSH,FOLLOWING TOO CLOSELY,2.0,44.5,2.0,2.0
0ed05d191ecae08c9123d883a230205ed1f7fe659086a55c62f72bff8e17c61297d94e2e47d60c41b81f31f3e3fd9feb3c04bdf24d85dc73b86ba8abc5807469,CLEAR,DAYLIGHT,DRY,DRIVING SKILLS/KNOWLEDGE/EXPERIENCE,2.0,49.5,2.0,2.0
0ed0741c085f8df35b63bd90469585ca8e492bab1c86fda918a28908c1d30bbf44fd1e67b52cfe2cbba09d1f7147476a2e1e29ac0dd90a3b046e74213c3dacf3,RAIN,"DARKNESS, LIGHTED ROAD",WET,IMPROPER BACKING,1.0,32.0,1.0,1.0
0ed085d90401e0d7974cb3a905948170a752fea453f1ed5c7e114acbb93baeaad30051746d46693ca3c12ddcde20343f95fcc2aab04fff2d983a508e91b40239,CLEAR,DAYLIGHT,DRY,FAILING TO YIELD RIGHT-OF-WAY,2.0,36.0,2.0,2.0
0ed0c5f4977aaebdb87485c8a7fba2d177eb6b669f55f46719105ab52201889aee460966e8ef42a8518608bfcafd4b9ef71b4721a742fe5047352191ee70e98b,CLEAR,"DARKNESS, LIGHTED ROAD",DRY,IMPROPER TURNING/NO SIGNAL,2.0,39.5,3.0,3.0
0ed0f617611ca8d613e825f6b112996b6d6f433fbbb05186f4899a04612772ea33e17316cee7ffd03ae8fc999abbdc406ca7e7c6e5b023b41c5062167d67145c,CLEAR,DAYLIGHT,DRY,DRIVING SKILLS/KNOWLEDGE/EXPERIENCE,1.0,33.0,1.0,1.0
0ed10115923e1004160049e923500640b0adf76d9a67f59ada548c1e9f8f40a5cccbedfc85b83c131eb316a7faf8b066d3f3b824dba592ff8d027958001dbeb1,CLEAR,DAYLIGHT,DRY,FOLLOWING TOO CLOSELY,3.0,34.5,4.0,4.0
0ed104f33c8c53c0f97c523ac52db3755a9a443099f2e28d7eb91518ba6aaa74e8603d95067bfa3ec8d6dd4c39552d83c870caeb89a43cc75a0b7d6862d02d9d,CLEAR,"DARKNESS, LIGHTED ROAD",DRY,DRIVING SKILLS/KNOWLEDGE/EXPERIENCE,2.0,35.0,2.0,2.0
0ed128ad3ded6017b4286d507f730a6a070bd6c7aa0bf39df541a2648629a6bdc1b4736820061776fa0b61d249eecc55b48f903a4afceb2ded62f4884fdd60ed,CLEAR,DAYLIGHT,DRY,"OPERATING VEHICLE IN ERRATIC, RECKLESS, CARELESS, NEGLIGENT OR AGGRESSIVE MANNER",4.0,16.333333333333332,3.0,3.0
0ed13c3b8d7d3c619aec45a5c3777b48017f14b848472fb04bb1a3015852e4f48d3b7d85853819b9d37b9063e36e9e08dee464a06abb41354c6b786b061a0867,CLOUDY/OVERCAST,DAYLIGHT,SNOW OR SLUSH,EXCEEDING SAFE SPEED FOR CONDITIONS,2.0,77.0,2.0,2.0
0ed13c80eefee1e8439a32f1ebda0a2bb86d12031d81d4060ada342b1a8d17e427351ebbe6b78ea6341cf84bbb4f5c8de103cb3a93a7af42053947c2e274d0b2,CLEAR,"DARKNESS, LIGHTED ROAD",DRY,FAILING TO REDUCE SPEED TO AVOID CRASH,2.0,37.5,1.0,1.0
0ed15aa4544725d8690a85607cce2095f0508269aa30598c991a0561daef37b5b9cf09e62e97c08c8a0acc0345fbf2b35892efbec6749b1f36903f6bd0f26398,UNKNOWN,UNKNOWN,UNKNOWN,FAILING TO YIELD RIGHT-OF-WAY,2.0,31.0,2.0,2.0
0ed162e0f72847449b0c15c978bf70beef8cd4843892701e3793ee4ed958dd57b7c0ebbcaaa3aa2e8064b6294a16fa2810eea457713df57ff905828b3b950dcb,RAIN,"DARKNESS, LIGHTED ROAD",WET,FAILING TO YIELD RIGHT-OF-WAY,1.0,53.0,2.0,2.0
0ed17ecd3f79744ebc0d51da45505f2dd621128672189df46bc073e44c89f3ca4cec080c2031cd0bc5707c9fc0d4930ca2faaa88a2d6f129fa0fd32d19390c50,CLEAR,DAYLIGHT,DRY,IMPROPER OVERTAKING/PASSING,2.0,37.5,2.0,2.0
0ed18675899c7781ea50082249cd6aab59fa1cc37c323d77d92c9cf63c8f4c43f5b4e4610ef5966400794356a40d0ea4a1347560fc22b930d8a8974a8dd892ab,CLEAR,DAYLIGHT,UNKNOWN,"OPERATING VEHICLE IN ERRATIC, RECKLESS, CARELESS, NEGLIGENT OR AGGRESSIVE MANNER",2.0,50.0,3.0,3.0
0ed18d51511dfd802c2a83ae82510e715921290e0feb9384cad9f68c96b93ae51ac1bca8173e26765e488b281286875c391c62dec61d05bb0b5577641cc89501,CLEAR,"DARKNESS, LIGHTED ROAD",UNKNOWN,FAILING TO REDUCE SPEED TO AVOID CRASH,4.0,38.0,2.0,2.0
0ed198e37dbe4c447dca7ddcac8aa9e9cef886730f0629ddc591828ead57af671614f280f6b6907aee5c2fbff1bf36a827d586a0144b6e30aee3aa15a0d66e97,CLEAR,"DARKNESS, LIGHTED ROAD",DRY,IMPROPER LANE USAGE,2.0,34.0,2.0,2.0
0ed1bc0467256f2a83cfcad5fbb2ac8b0b43532ecda5dd2cfa341c23fff44d885352aa7f15e2a9f4bca57e065bc01387adfc3357a5720d87c27e707975ada673,CLEAR,DAYLIGHT,UNKNOWN,FAILING TO YIELD RIGHT-OF-WAY,2.0,40.333333333333336,3.0,3.0
0ed1ee275b57639d55791ff0c8f99fa36d7219c8e0d9fb006727cdc2d1001fa83838275c00446fdd4a068f5d633c37e6693b0ecfbffefe5f7fc62879ce26be17,CLEAR,DAYLIGHT,DRY,FOLLOWING TOO CLOSELY,2.0,35.0,2.0,2.0
0ed1fdaec80ab386814cc1f5e6a3e8401343248520ba9fe070d7ec9a1a006062c6f8156d15ca7cb5317a717936f77472650fa168076c9c61b65060b6ae93e24e,CLEAR,DAYLIGHT,DRY,FAILING TO REDUCE SPEED TO AVOID CRASH,2.0,52.0,2.0,2.0
0ed21bd7b53d0e0b254dc7ce2921c89bc95dad2ac0a02898476f5dd94088b4900a36183ed8d66a14108d5c7dbe5bfcec4aabecf0457db0ee966a4f861287c185,CLEAR,UNKNOWN,DRY,IMPROPER BACKING,2.0,54.0,1.0,1.0
0ed21bfba7461d62ffc0d9d5b7f51c5719869e43db85a15d6febca187e04cd51bc1406e9640074145e495e0901b0f8cf5de6b5025603da107128baab419f9aee,CLEAR,DAYLIGHT,DRY,IMPROPER TURNING/NO SIGNAL,2.0,47.5,2.0,2.0
0ed2a517e0abd6b1d78dd677cdc1e5c3656fa67e391b57bd5a73a9840adbe7cb95d6617f1aaaf4f5bea731a48b50e7d4a148871561194cacaabb5eb32633c0a9,CLEAR,"DARKNESS, LIGHTED ROAD",DRY,UNDER THE INFLUENCE OF ALCOHOL/DRUGS (USE WHEN ARREST IS EFFECTED),1.0,25.0,2.0,2.0
0ed2a848d1479622cbb760d55a3f6c3b5009183fdebce6173a25ce640297753bc528eb78b49d79f8144a89fbe5d30d62cb9f4b13cd8521770153b5b63a6da11a,CLEAR,DAYLIGHT,DRY,FOLLOWING TOO CLOSELY,2.0,53.0,3.0,3.0
0ed2c0613a6742063d9406048e75ad4a18278069312792c5d48e6a13fde748faa3eadc0402cf8c128edfd4badef58602f1f7b034e8a1a4dc21292c8ae283f045,CLEAR,DAYLIGHT,DRY,FAILING TO YIELD RIGHT-OF-WAY,2.0,30.0,2.0,2.0
0ed2d548836f17be74cc64c6cefbfb06eb46d2edcf6591b8b9a5b2cf59991f36e6b1d6573228297067daac591a1d618112f7bc91bc5d528551ab7c7c77a0c0e3,CLEAR,DAYLIGHT,DRY,EXCEEDING AUTHORIZED SPEED LIMIT,3.0,41.5,3.0,3.0
0ed2d7e01541d4e896f7ad22ef49b4e6807ff6b8a2743ce1f22dbbc461db80b30f1df5472b9750d5430efd185fef697b6d09ff779790625b0953e14388a48e83,CLEAR,DAYLIGHT,DRY,FAILING TO YIELD RIGHT-OF-WAY,2.0,44.0,2.0,2.0
0ed2e1022f8422b0fac0a4da510e3de9d36c2c9bb97be4d949b3c6933ae05400b62bd2b431aa75a36438659dc2c6b9f2897b471cd9fd36aff602a924f332fed3,CLEAR,DAYLIGHT,DRY,DRIVING SKILLS/KNOWLEDGE/EXPERIENCE,2.0,36.4,5.0,5.0
0ed2ed3c4ec7cd313e716cbf1a1e6907b5de054131883e9217dfe6b1bf5ea5c362bbb06ca3dee257a175da47e84c0cdc16b7215386cbff6c767e8bcecd339bf5,RAIN,DAYLIGHT,WET,DISREGARDING TRAFFIC SIGNALS,2.0,43.5,2.0,2.0
0ed2fc18fd8dd68ff2fbd05c9114c34df76a2be41edcd06bb19a3b17850ce83b382a4d1f4c2f013bd83280dac65d1424d815f4667e7fff0734ff5be23f3bf1d7,CLEAR,DUSK,DRY,DISREGARDING STOP SIGN,2.0,34.0,2.0,2.0
0ed312253c76bee2e9e6e6b0b135c6294dc54d424fc6b99799fe5bb1f07322684867e8d2e7aa70228c6456dbb0ab4d1792ff5319c27256282cc242e818cc0fb1,CLOUDY/OVERCAST,DAYLIGHT,DRY,FAILING TO REDUCE SPEED TO AVOID CRASH,2.0,24.6,5.0,5.0
0ed3275bf7f009491769c9bb13d4c7ab0f993e7d98f550b563c7d9539a32a0aa042caaf02b02a061927a27a30c6c776ef57c5e4ba7c825e648204017aaa777ff,CLEAR,DUSK,DRY,DRIVING SKILLS/KNOWLEDGE/EXPERIENCE,3.0,24.0,3.0,2.0
0ed3449bf4cbbccb3989d2ce0fc8f9995396eda41b5f0957108e0cc27942b19aa704768e25a25ac6196715f55f5d25628d64ce4ec72443ca7b79fb497dfe5919,CLEAR,DAYLIGHT,SNOW OR SLUSH,FOLLOWING TOO CLOSELY,2.0,18.75,4.0,4.0
0ed3c50d8deba44121627da1a781f6ad4a60200e0181b1441545a6a4943104f19766f380e151ed3f4560fd224c0d2977f941297fa1c38e82981db16f5610f144,RAIN,DAYLIGHT,WET,EQUIPMENT - VEHICLE CONDITION,2.0,22.0,3.0,3.0
0ed4a422692ed38e3fd1f782377df1ff201b6c248d81bc91163c63541626463f0285b54126cbe7adc1ad31142ca722461a2f1af47160940b64e0cc2b6d202727,CLEAR,DAYLIGHT,DRY,IMPROPER TURNING/NO SIGNAL,2.0,33.0,6.0,6.0
0ed4b0e3d5c08dd6524baf35e847a081e51eb3c9756435ecfeaecc4b686677931fdfb04c871ef4b5f556eda2968eaa8ce73e532a2dbb66bb45c8fb7d0d84bf2c,CLEAR,"DARKNESS, LIGHTED ROAD",WET,IMPROPER TURNING/NO SIGNAL,2.0,21.0,2.0,2.0
0ed4dab12e1ddd233b38af9266bc98d37484573916ac76b3ae515de04b4763627140096067e0c304eae58a89803a736bb2e933f56d0ef15c4a82370f04d56172,CLEAR,DAYLIGHT,DRY,IMPROPER TURNING/NO SIGNAL,2.0,49.0,3.0,3.0
0ed4f87ebc62d0639edadd45a91ca028b63d5de55afd4b9ce6a372cc8faf8bd61ca3fae8c733269a1cc923067e41cf5afc588dade6ed21189f063ffbf2b2efa3,CLEAR,"DARKNESS, LIGHTED ROAD",DRY,IMPROPER TURNING/NO SIGNAL,1.0,24.0,1.0,1.0
0ed505780279f3fb772178a51358f2c948bb6867c90ac7240cd7dafe8e23ca2575b3b71ecef643f9d86d7948ede1d3216f6ec74617ad7424cb58a4018e79c0de,CLEAR,DAYLIGHT,WET,FAILING TO YIELD RIGHT-OF-WAY,2.0,28.0,2.0,2.0
0ed50907c3e95b8c49ba80d7b9c04dd96f718a5f619e0952cac381a048e01db4927522aba0a4d67aeef4e56b393e805eee3b3b123e437aa70b8cc811f59c007b,CLEAR,DARKNESS,UNKNOWN,FOLLOWING TOO CLOSELY,3.0,46.5,3.0,3.0
0ed52c0a630aeae3f23a55596d540d8bec6f1f8668c4de4494ccc78c9f5dc8fe8c86f0f7f18eb026c5915269e153af20db7088a296658805550e428521fa0b5c,CLEAR,DAYLIGHT,DRY,FOLLOWING TOO CLOSELY,3.0,34.5,3.0,3.0
0ed5bf97a7c24bda2921a1a69286f2f1388c716dbced06d43505a9595685fea5b8c58609653e7947c6ff3aab0a48eb67aa329c1e531a1f27561eb2b720f15a1f,CLOUDY/OVERCAST,DAYLIGHT,SNOW OR SLUSH,FAILING TO YIELD RIGHT-OF-WAY,2.0,22.666666666666668,3.0,3.0
0ed60c9a5d981747217cea1e9a182b8151187ba4ae323de3e92c0136b95b0e9b6a462db6a52b40354710648963d29e6b299526d3c57c3aa5d6e38c181eba9de9,CLEAR,DAYLIGHT,DRY,DRIVING SKILLS/KNOWLEDGE/EXPERIENCE,2.0,49.0,1.0,1.0
0ed66a24fb062773a0b7a81a626eeee4114f315cc6cec6ba6c58555ecf9710c25afc3070c5e871aab58bc3f89bd855907be9df7bafa48fd3acd2a4798e3db9a0,CLEAR,DARKNESS,DRY,FAILING TO YIELD RIGHT-OF-WAY,2.0,29.0,2.0,2.0
0ed686de514380c3cd467ff52c511466b4b888de5aa307dd0d7d4efb1244643451ed651c6aaf2fbd28ffb516aed5ae834302e2d665797a9d8faf090b20e29a53,CLEAR,DAYLIGHT,DRY,IMPROPER BACKING,2.0,69.0,1.0,1.0
0ed68b6cbf3cd7111044aaf75b2e858ff10f7123071d4ebf09b69d677a6ddc68e3cdf56cfd4774dc2b6f2abfd6131135491af6f9743b706947c201c1a09712f5,CLEAR,DAYLIGHT,DRY,FOLLOWING TOO CLOSELY,2.0,33.5,2.0,2.0
0ed6aa3d42b61b355f739a01106ac140d9b35c157a7718d3d8261bd1bb11d64aa48e2e2da4680a43bf994a390a9238163eb36f8717c1023daf93f7dfbab61ed6,CLEAR,DAYLIGHT,DRY,FOLLOWING TOO CLOSELY,2.0,54.0,3.0,3.0