crash_record_id,weather_condition,lighting_condition,roadway_surface_cond,prim_contributory_cause,total_vehicles,avg_driver_age,total_people,total_injured
0ed6ae89cd5a312f6d78032023cdc0b4eb24aaf3b182bc137e172106a4b95fb84a7495574bd0eb745d9fca10c15a9b98d430afa8eaac4a725a4cc9d071e6203f,CLEAR,"DARKNESS, LIGHTED ROAD",DRY,UNDER THE INFLUENCE OF ALCOHOL/DRUGS (USE WHEN ARREST IS EFFECTED),5.0,22.0,1.0,1.0
0ed6c3b06f7ec2a193eb1ef2710a47b61c83635bf02371ba621b3d45f970da1994f60f62b2e87fd1a89585bef8f5aec0e8d4705ac8e77645d661c7f1064fdf1f,CLEAR,DAYLIGHT,DRY,FAILING TO YIELD RIGHT-OF-WAY,2.0,20.714285714285715,7.0,7.0
0ed6fcae0c0c404d062730df688b490ba8ff149334ecae3267450f82bd8fd683f2db066e428df9bdc20f840ceb085be86a70f7508bb864d291faefa8e1e84f6c,UNKNOWN,DAYLIGHT,UNKNOWN,IMPROPER TURNING/NO SIGNAL,2.0,27.5,2.0,2.0
0ed7023666072b58adf86f50aef28b2669e27af78ced6627a5db57abd2408541c3094357e301acdda4dbe7afda7b18b7dd602092e0b9285755f6114e6ab15c64,CLEAR,DAYLIGHT,DRY,DISREGARDING TRAFFIC SIGNALS,2.0,29.5,3.0,3.0
0ed71300d1b5fad685acb34b9b1a17b11d4dfa1c07dfc461d069b1fc64dd07c7b58dacb144df2050a8479b6758fc1077f9a5e523b7be8fc484b69c314420b18e,CLEAR,DAYLIGHT,DRY,FAILING TO YIELD RIGHT-OF-WAY,2.0,59.5,4.0,4.0
0ed714e53a4534ed46fa87a20d5add7f92d99348175aed972177775910ef577a7ba98064e51d3f938e70745507caacde61fdb9ea61a8cd15dd19d8669de03380,CLEAR,"DARKNESS, LIGHTED ROAD",DRY,DISREGARDING TRAFFIC SIGNALS,2.0,43.5,2.0,2.0
0ed71b2047ff577f9be700a57fcf0348b86709ca2c24b6d4ceb0c320bec6c03fdce0e186ab31f28a449434eb68b4e59bef263462700c42242c13711af53c9973,CLEAR,"DARKNESS, LIGHTED ROAD",DRY,IMPROPER OVERTAKING/PASSING,2.0,35.0,5.0,5.0
0ed71d503626435747275d58c3e4ac0a7299ea6f4bf142372ea32e14c95d8fbc41e5cf8fea9d7283ec76294296ef1f46278630e64b8737d40615baf912d0da6e,RAIN,DAYLIGHT,WET,FOLLOWING TOO CLOSELY,2.0,41.666666666666664,3.0,3.0
0ed734e34ad92872b7ccfdb7949faf26d51a7d96b6bfe20bada750bfc0538044a182316906b6c1669dfa0a826019b3565ea1821ccd516225507fa8909d325773,CLEAR,DAYLIGHT,DRY,FAILING TO YIELD RIGHT-OF-WAY,2.0,0.0,2.0,2.0
0ed735e13b9c0ebc241b7f5b5d3fb56ac58089725d0e09f5dcd04efdd98d27bae6cf5973f15325100113bd170688aa1628d95bca536d1d17fbf9fc32d4552428,CLEAR,DAYLIGHT,DRY,FOLLOWING TOO CLOSELY,2.0,38.0,2.0,2.0
0ed73c0243d9d2890018add710ff9787532f48d0215ab00f2e7f05857a84fad7ed22cb3a6927004ffcff0d57a8a0387142eaf1298908ace6ff959a9bd553171b,CLEAR,DAYLIGHT,DRY,IMPROPER OVERTAKING/PASSING,2.0,40.0,2.0,2.0
0ed7422777cd71d58818558fe6178b50dcfc1a5819f1a42f7e610735188a41970186768c8d79d6b611c819307c4c7da24b23c97f8b29e2b6201e506255d38472,CLEAR,DAYLIGHT,DRY,DRIVING SKILLS/KNOWLEDGE/EXPERIENCE,2.0,42.0,2.0,2.0
0ed75de89cca1b1e034e0f70858997fd38a85af46727c3122c31d052dd4f90f7143e30cdafbbda3aa820f92792b07006c99f8d7de38d05786a2e4ceb3306d432,CLEAR,DAYLIGHT,DRY,FAILING TO YIELD RIGHT-OF-WAY,2.0,25.5,3.0,3.0
0ed7a0d22cb19aa2e806952e1a95606c45b03e4624db33fa77a3c2e7136f69e8f7f34f6318e43376f191ff5229f3ed476d2692f6cbac0eee09fee0dad4e97c84,CLEAR,DAYLIGHT,DRY,FAILING TO REDUCE SPEED TO AVOID CRASH,2.0,26.666666666666668,3.0,3.0
0ed7b262e31290d6d2f1df6059a3f8b482e6dea8629119b462d7cb8ed4339c982005c9b2cb565bde1b72e58768493770335e94fe44056583ff8ec2f8bf78fc4e,CLEAR,DUSK,DRY,FOLLOWING TOO CLOSELY,2.0,30.0,2.0,2.0
0ed7c8830ad266d06e49f910878dd2b028a0f234f925794a38e34b67ddca0d2d7b71c7065e2adea90e7ff29d2672b693a110120347e95bffc55f95d0348a0886,CLEAR,"DARKNESS, LIGHTED ROAD",DRY,EXCEEDING AUTHORIZED SPEED LIMIT,4.0,40.333333333333336,3.0,3.0
0ed7e24e5e88f789a1d68067c4b7552d22b363f4cd380ebd2178ecddc80453b8d1f5ac55c2ef459942d917ae35d126c59bbc7ac225c7017e7c9cd05438be55b0,CLEAR,DAYLIGHT,DRY,DISREGARDING TRAFFIC SIGNALS,2.0,29.0,2.0,2.0
0ed7ffaed0fe8eabe7dc7f59a3af104ec253f76802806496e2236b5606c43b9aa1b1598dbc28f7d5feed1138bf5fd3e685be998acd7ee3dcc0078fceada0c067,CLEAR,DAYLIGHT,DRY,FAILING TO YIELD RIGHT-OF-WAY,2.0,38.5,2.0,2.0
0ed8079a5468ed0f9adb9274170415d07f63e1ebe277de12bda292704702a606276e8cb17163abfb57487dbf36113776d78b93f4c43c8a2020571acdf1fbf519,RAIN,DAYLIGHT,WET,EQUIPMENT - VEHICLE CONDITION,1.0,33.0,3.0,3.0
0ed80fb64991275dcfcd1b64c524da99e670153ab1bdc3ee1dd62cf726360035685888f99c2600bff77630c4eb020d880263d778599fdf185ad8894c5f74f872,CLEAR,UNKNOWN,DRY,DRIVING SKILLS/KNOWLEDGE/EXPERIENCE,2.0,37.5,1.0,1.0
0ed87476cd89093df9e19bac30afc60b246deacbc20027b87bed666b555a0a60954c9be38bb70de78f9291e0b7c0856445da342aa4fa0fa6e900d07e01ee55a7,CLEAR,DAYLIGHT,DRY,FOLLOWING TOO CLOSELY,2.0,37.5,1.0,1.0
0ed87dda098c6f9f35df4b81e1340c62e3a483f8fa8d76a4e636f7232c32f8bc1d0dae034e193c3398a64af42e1ea8424e91013c8807ca28e9d9af80cb7276df,CLEAR,"DARKNESS, LIGHTED ROAD",DRY,FAILING TO YIELD RIGHT-OF-WAY,2.0,37.5,2.0,2.0
0ed8b35fda7e5790b9741878281654791ec8f64c2eb4ba4b16926204cff99168f9d124127f85081dc958ae4b504f5b85a55762478846438f28c48fee71a6f568,CLEAR,DAWN,DRY,FOLLOWING TOO CLOSELY,2.0,50.0,2.0,2.0
0ed8dc33ba9674d5f10ebdd5ef96d09bb11e99aa054dd1e1ec631635d862315848d1a6c48264a72ae21b8c2ae5e42cca056474c1ee22db5cc7370c0fc5d12dd7,CLEAR,"DARKNESS, LIGHTED ROAD",DRY,DISREGARDING TRAFFIC SIGNALS,2.0,22.0,2.0,2.0
0ed8f6e33c59a0fe955c62ac40bba0a964f64446cbd4230c46756fbd4241a7bfa4450783976e811d8ed2bf0aae528fe3b753c7a599dc46e80a5946cb0a2d2f6f,CLEAR,DAYLIGHT,DRY,FOLLOWING TOO CLOSELY,2.0,45.5,2.0,2.0
0ed8f9951018ba5387218256c7c4a58012e7cd45d92ad465d1b6f1a0d77f442fedc65565c987b95142020010de0001a077b6d876868b6cfa9ff49394f9c15952,CLEAR,DAYLIGHT,DRY,IMPROPER TURNING/NO SIGNAL,2.0,42.5,2.0,2.0
0ed9121475b22969e5f813499f14555eb38042a529d41f58d193301c357813177ab9d9b99ecb4c02088be7d2d0fcdb222afa3ea6c1a2e2bbb80fe240f650ef38,CLEAR,DAYLIGHT,DRY,"OPERATING VEHICLE IN ERRATIC, RECKLESS, CARELESS, NEGLIGENT OR AGGRESSIVE MANNER",2.0,25.666666666666668,4.0,4.0
0ed91d0d596457df0aea37a270b873df0e8118c3086391cecfcc3fba5f4ae13a83a67b2496606530e7dbc2f171d3a2a7b5bfc7dab9a2cd16d08a6db2e4668f7b,CLEAR,"DARKNESS, LIGHTED ROAD",DRY,DRIVING SKILLS/KNOWLEDGE/EXPERIENCE,2.0,34.5,2.0,2.0
0ed990ad7916aeb8884506a0a9dff88eb76f30bce60742d18f5e9482ea72876259fc8dc42ffc57a8e2e89cc306299053e1b14452a3690447ec53d332c167e98f,CLEAR,DAYLIGHT,DRY,FOLLOWING TOO CLOSELY,2.0,79.0,2.0,2.0
0ed99cd74b479fb98f3b31bf1bed894055fbb3466a2d2206209e6a4bcbf69e7f2372cfe8df2be17f204f883128bf6cb27717355b478b4c892ef60cbbb19d5c5d,CLEAR,DAYLIGHT,DRY,IMPROPER OVERTAKING/PASSING,2.0,56.5,2.0,2.0
0ed9bdd4f607b6ab503b103c112e148c88da85f156f8381f41566ec1437992afda3b1fa312d74155449c345f1d919cbb41616866cf60e6002b9180cff2afb173,CLEAR,DAYLIGHT,DRY,EQUIPMENT - VEHICLE CONDITION,2.0,24.0,2.0,2.0
0ed9c16622c496dcf694f8bbbf78d3c7fd711ed9f96a769feb52c14e2a0b6830d2c7c77c835eb885ff79102cba3caabff1cf05b2ce2fa887f24be5bd57a58e79,UNKNOWN,DAYLIGHT,DRY,FOLLOWING TOO CLOSELY,2.0,28.8,5.0,5.0
0ed9d99417693861552549021f9206c910a1be070497a6d1fffcbc68617bda1d2257de340fd1fd1a81d9620e1b02c0d74b6d7388420f36d64a70368279e569e0,CLEAR,DAYLIGHT,DRY,FAILING TO YIELD RIGHT-OF-WAY,2.0,21.0,2.0,2.0
0ed9dfb745848075e16518e015eda2f10deeb02b4562865b496306cdfd453a8263461294cf4d7ecb587acfe4d6759800c1f561e61a1ca9dd204cab6138996c4c,CLEAR,DAYLIGHT,DRY,FOLLOWING TOO CLOSELY,2.0,51.5,3.0,3.0
0ed9e5fa873f666a94d1c4b9c8773a6750be91593b2584aa9329229ef7958e5d6b888d49585ad7a898029b9a25fa89ccf78caad0a1b7b924c776fde9e0f4a716,CLEAR,"DARKNESS, LIGHTED ROAD",DRY,DRIVING SKILLS/KNOWLEDGE/EXPERIENCE,2.0,41.0,2.0,2.0
0eda1071d473de5b81c231c8b7f3ef26bff67b8997653d29d909a2d53c4d9ca29818812f1026f699717d1ad9a71dba8fb2d64801fae0d6f3bd0a273581353a86,CLEAR,DAYLIGHT,DRY,IMPROPER TURNING/NO SIGNAL,2.0,50.0,1.0,1.0
0eda36c4a6dda4d9bb98b30515e805c4111c6817ebb34f3ca1a8a93b348c289d3e777061c5deb3341ef48401019ab32deba3e9fbaff2ab541d14516078227847,CLEAR,DAWN,DRY,IMPROPER BACKING,2.0,36.5,2.0,2.0
0eda72dca070f8ee7f30a91bc43c31ebff320ff57304602262859bded3dae4e7c9e9ef6c8df941ec5abcc87f7563d58d5453bf333ac3dedea250f9001c4a7679,CLEAR,"DARKNESS, LIGHTED ROAD",DRY,IMPROPER OVERTAKING/PASSING,2.0,50.0,5.0,5.0
0eda78a2bc1768b4d0d3d3df511a794e6821ebd4cfbe0b414c31f367d6094b74fb772747a05c5387fb390618f344093054961cbaa85aaf9dbb0e334e8b78099c,CLEAR,DAYLIGHT,DRY,IMPROPER TURNING/NO SIGNAL,2.0,38.0,3.0,3.0
0edaac117c56d9c145d2730f06318dde7e4fff7be5112f2cc2a75cf1682464befbd6c47dd5f890924997245955816f2d503c5e113252188ff653283a729f495b,CLEAR,"DARKNESS, LIGHTED ROAD",DRY,EQUIPMENT - VEHICLE CONDITION,2.0,29.0,2.0,2.0
0edab2617c79d3b713a887ff5735ceb31439e018619cb5e52962d0c0d459caf3eb36878b33de80e925225e92f928904d28cef107a358125b0cdecf2707c29442,CLEAR,DAYLIGHT,DRY,DISREGARDING TRAFFIC SIGNALS,3.0,39.333333333333336,3.0,3.0
0edad7ea3638406c6378c90e2e3e465dc2485b156f021966e3be5ec4c730d67b931797064abdb99163afd0713c21c4287b061e54c5501136499d7528bf642180,CLEAR,DAYLIGHT,DRY,FAILING TO YIELD RIGHT-OF-WAY,2.0,39.0,2.0,2.0
0edade9f14bd1ac23adc01ac3ef3c79e799f1f97f1aaf25e9f28043eca507ecb46448067c1ee3e9fd11545bfd29dca36f28f3affe90b794bcdb46938b576fab8,CLEAR,"DARKNESS, LIGHTED ROAD",DRY,FAILING TO YIELD RIGHT-OF-WAY,2.0,62.0,2.0,2.0
0edaf8bae27d53660f033d6f27f0d6d222fa590a47e57a6fdd19a5a9df8460154434e731a73eb1f50ac40ff266d929ff7214a4e290fc2a17271012dca7dd0d9f,CLEAR,"DARKNESS, LIGHTED ROAD",WET,FAILING TO YIELD RIGHT-OF-WAY,1.0,39.0,2.0,2.0
0edafb6f3898933de9ad6691b076b608a241444f33c474d5e021321d20bcba6325fdc017a943d2bd7a60d03a5a6fa34347f9d7d137cddf4e8cebe091f7f3a187,CLEAR,"DARKNESS, LIGHTED ROAD",DRY,IMPROPER OVERTAKING/PASSING,2.0,42.0,2.0,2.0
0edb2f75c87e6672123491d2d2edb30038ffddb434777cd1f4250dc85a42ccda19215e8dbdc6c440183493a41f023bb166316e058e264ec8c4847a9c01dff7d9,CLEAR,DAYLIGHT,DRY,IMPROPER TURNING/NO SIGNAL,2.0,38.0,2.0,2.0
0edb34e73fb75c118dc9f171f2b16894bb137aeb7b74c706ee10696ccf7ab48cc88c9278184a68b2e5ab64005235b7ab0b4b6477f73a318ffeb9050e3a1a3827,CLEAR,"DARKNESS, LIGHTED ROAD",DRY,FAILING TO YIELD RIGHT-OF-WAY,2.0,28.333333333333332,3.0,3.0
0edb6afb6be723f6256d9ce60e1c0fb2b7fe72cd3418ec804209959ccbe21ccce196bfa941d75857d8ecbe706e38c292e7e08780102f33b92907afbed860f175,RAIN,"DARKNESS, LIGHTED ROAD",WET,DRIVING SKILLS/KNOWLEDGE/EXPERIENCE,2.0,39.5,4.0,4.0
0edb790ea9ae32d4a178d6fca23e94de015125a4593cf562034418b1aa65f5d831ad72e26634c0cf6d1ccfec7c49f8c4b4530feb8a707c02feb60a72ac0bdc83,CLEAR,"DARKNESS, LIGHTED ROAD",DRY,IMPROPER LANE USAGE,2.0,37.5,1.0,1.0
0edb80c928073fca7b697905b9dedc8a48a77fae4830901764fae5f239ad5d34cbc7abd94d0f5f443c0472a4bca846ba9d27588a52e753e1e0f1bad0c51fbaaa,CLEAR,DAYLIGHT,DRY,IMPROPER OVERTAKING/PASSING,2.0,37.0,2.0,2.0
0edb828e17b762ce4b94518343b5faa35c513081881b068a1b7dc949ace88dd7a95bf5ec762fe30072de3e4abe986b02a0864576ba036ae19e19dabb46486810,CLEAR,DUSK,DRY,IMPROPER LANE USAGE,2.0,45.0,2.0,2.0
0edb829693a21a69ad8f03c2dac4037f0efd2c2ec4c4c0bc7d0d70b39fcee57d52537cd519f25bcf33ed98076a3b34539961d2447cde533fecc91baa4f9b1e24,CLEAR,DAYLIGHT,DRY,IMPROPER TURNING/NO SIGNAL,2.0,65.0,2.0,2.0
0edb924e57721ff595efafa8ca97d04d97bf2170532d9eb19d059a2d9695d83526815c4494f4eb77a83fb4f04fe759ed62c93ba5f9981ad188416fec28255681,CLEAR,DUSK,DRY,IMPROPER OVERTAKING/PASSING,2.0,27.0,3.0,3.0
0edbb48c15958a4478af2c60a09839a11f5a6c2b06ec6c379aeccdbf006f1dd19f3002bfd7c13a4056036cb914503867315ba4c192b5e645ab908ab48defd49f,CLEAR,DAYLIGHT,DRY,PHYSICAL CONDITION OF DRIVER,5.0,0.0,1.0,1.0
0edbc6b8ff394e612f2b1270153d84d733ccdd044a113806c56d8b727979345049ed48663108b3d3143b8b53e295dbc08521af2f938b58afcac2c0bc431a3f39,UNKNOWN,DAYLIGHT,UNKNOWN,FOLLOWING TOO CLOSELY,2.0,42.0,2.0,2.0
0edbd1205a855baeb6cd8ea021b9a68e4f45f79bbda2f161bcbdbbf23c9d252e11c6efb5f3fc97dc55a33e4ce595583fdfea08a4b313aa258a86383952a219e4,CLEAR,DUSK,DRY,FAILING TO YIELD RIGHT-OF-WAY,2.0,33.0,2.0,2.0
0edbd3f7a7d9aa0f94fa72b7e517810dfcc39f3339d4803bd2cdfe498a740100fa05ce85ed4dc27a2bd29a3866d6bb4ea23d5466e6d6b1c4aae6e1d3eb7f16a6,CLEAR,"DARKNESS, LIGHTED ROAD",DRY,UNDER THE INFLUENCE OF ALCOHOL/DRUGS (USE WHEN ARREST IS EFFECTED),1.0,25.0,2.0,2.0
0edbe7050d42b8de2dabbb3414504e3a4ace0ed2b3e17b90344e46872db9112ab7f001e5342f3eeafac753313a7815377d48582b9ca85591d2e18f722801a855,CLEAR,DAYLIGHT,UNKNOWN,DRIVING SKILLS/KNOWLEDGE/EXPERIENCE,2.0,37.5,1.0,1.0
0edbe853b412c84f68e74ae66fa8da88cdb3b0c14774d3f57376612411c8e7f95e1346bd1e8cc5fced2f13c4437b0bc119397ad548b530ec141434033840575f,CLEAR,DAYLIGHT,DRY,FAILING TO REDUCE SPEED TO AVOID CRASH,2.0,37.5,1.0,1.0
0edc1083c7ca86ee302bfa5c1af612c33fa14eb611e8d2b69fb85aba7ecfeb97b95e76ad75e36969c583678bbbb22d84ab488f730a3047c7e17324ecd655c0f4,CLEAR,DAYLIGHT,DRY,IMPROPER LANE USAGE,2.0,40.5,2.0,2.0
0edc24772f07a9d2c24a227a9992436198bbf7aac260aeda72f5df6bfa208b99eae65b911723eb78f4ac2e0fe61691faa4000c48ae55ed700b7d301054b39d8d,CLEAR,DAYLIGHT,DRY,IMPROPER OVERTAKING/PASSING,2.0,30.0,2.0,2.0
0edc2548eb7a597f867867bc54e9367a54b3ce7dde55a47be56f83441675edd744e2c9b2b06a4a8feb6ba77532500bd2e3f4ed53c1cab2a96c353ee79870c323,RAIN,DAYLIGHT,WET,ROAD CONSTRUCTION/MAINTENANCE,1.0,47.0,1.0,1.0
0edc41aeff6297080470a691e41453515bbd1c50a0f5161ca0b95376442336d14cd7284bd9732f97b0b0740050e8da2afeb531847e3a32ffa1736f6b9372fe4a,CLEAR,DAYLIGHT,DRY,"VISION OBSCURED (SIGNS, TREE LIMBS, BUILDINGS, ETC.)",2.0,33.0,1.0,1.0
0edc6247b11976461a310340302af314db9e9c1e215dd2f093e41aa19d7d77feafa6ddaf35bd7ad42e1115219e91ca0a765a52b84dfd1098c9dcea4b1b84e6dc,CLEAR,DAYLIGHT,SNOW OR SLUSH,DRIVING SKILLS/KNOWLEDGE/EXPERIENCE,2.0,37.5,1.0,1.0
0edc749bda1f3a089a68c7b9fa0aeb287bc0cbc5371d5976be7c2efe0653841d12c74ea6d8b4950389eda7c7b5b00f58f51c1cec4c5846eb5f93ed2c8b7f86ff,CLEAR,DAYLIGHT,DRY,FOLLOWING TOO CLOSELY,2.0,39.0,2.0,2.0
0edc78f89df5b72ddaa1c1f567e229ad39c0e098953a9d2fa921a6e1e75d3b7b1a267e7d18482f55773153d05c3c4d9fd10ae9b94f90254bebd9e9ba53a4a380,CLEAR,"DARKNESS, LIGHTED ROAD",DRY,FAILING TO REDUCE SPEED TO AVOID CRASH,2.0,18.0,2.0,2.0
0edc93220586f00ec2cdb9c089939d14109c2c8337fbed9c920cf56765e8bf98c640a9b2545a3afbaf5c33e75ba9f60aebad2e2ca011d1ac18acb4e341fed9d5,CLEAR,DAYLIGHT,DRY,IMPROPER OVERTAKING/PASSING,2.0,40.0,3.0,3.0
0edcad5a72e43e5990f4ca9c01e354e7cd35e3080cba7e45cd677ca7a47a9167d008cfc1f51d4806751e92d8ec051e8aa361192fe50df5c0c1f63f8ed5679119,CLEAR,DAYLIGHT,DRY,"OPERATING VEHICLE IN ERRATIC, RECKLESS, CARELESS, NEGLIGENT OR AGGRESSIVE MANNER",2.0,37.5,1.0,1.0
0edce2d20183606d5299af263c825a5f75f30a930ff5e47abd79e63006340e3fc0760cdbd7c8031224e8906720bb416c34d7f82f98a379ffaa7c3f583fc6d09b,CLEAR,DAYLIGHT,DRY,IMPROPER OVERTAKING/PASSING,2.0,41.5,2.0,2.0
0edd1055f30b2fc3466e90943cce970dfd879f7335d0cb0f392f3a0a1ac2034a42c1cb150043cad5fda293a8eebc40784326b5254dde498e6fba6d6db7ea3335,CLEAR,DAYLIGHT,DRY,FOLLOWING TOO CLOSELY,2.0,37.5,2.0,2.0
0edd25d8f9dcb1a70e235c171945bdfb8e91d669ab8c97446daf76c86ffd3a24bd504b1699b17fa9655356c3024c420472212c89e142bf77912f402a46fb8cdb,CLEAR,DAYLIGHT,DRY,FAILING TO REDUCE SPEED TO AVOID CRASH,3.0,24.0,1.0,1.0
0edd2a14e57fa6b9e0133becb14d54f0dfd6a11eccaed5587734809daa71063e599d44dabf4bc349acaa7046c60ccaee5bdced59c286e2bf93982ecbeccc31cd,CLEAR,"DARKNESS, LIGHTED ROAD",WET,FOLLOWING TOO CLOSELY,2.0,39.5,2.0,2.0
0edd4b1b87086cd91e7ad3069b86cefcdda8b96046f53f7522636afe0b3ec77fd4dfeca18cb8a1c28f8fe6098859400a7c415809afb8e353cf517835b072dbb9,CLEAR,"DARKNESS, LIGHTED ROAD",DRY,FOLLOWING TOO CLOSELY,3.0,38.4,5.0,5.0
0edd85ad239b33eb6de18c984828c2964ececb8b164c79d8b668ff1bc08a294082ccd7e2c4a2fd74469707a009b89f969ed42451fb855923043bb404ec0b18bb,CLEAR,DAYLIGHT,WET,DISREGARDING STOP SIGN,2.0,19.25,5.0,5.0
0eddaaa868d238bd614624886269dce180308f0dc7598084282aa2fe69f020827e9d51d845378770bbe17d3372cc1c3abd05fe6fd6aee6a90b1e023430e77b6f,CLEAR,DAYLIGHT,DRY,FOLLOWING TOO CLOSELY,2.0,30.0,2.0,2.0
0eddb3718eedf5d35a535ae2569ac8185f7a0bd237b54db687112e30a70a2c7990f748182767be5d248d021d2928f8f6f82f7c29e2506ab253d1001cc89474cf,CLEAR,"DARKNESS, LIGHTED ROAD",DRY,IMPROPER LANE USAGE,2.0,34.0,3.0,3.0
0eddbd25a3f4c49d1a815873cfcbdc7311d711960b76edff00f2f86763b50477c0e13f9d11b3b3fb47dcbe3a579c9b369a3877a9cdf95deb0cd059c8318ffad4,UNKNOWN,UNKNOWN,UNKNOWN,HAD BEEN DRINKING (USE WHEN ARREST IS NOT MADE),2.0,37.5,2.0,2.0
0eddecd3b7e42ca0372651847d128af1c51bfa44d73526715937c40fb83f0f0ff83a45210805e93f943421f4b046394321706453b0a772f1b4909d1a879f141f,RAIN,DAYLIGHT,WET,FAILING TO YIELD RIGHT-OF-WAY,2.0,39.0,2.0,2.0
0ede307c386688025bf7cfb2168e88af0f45c6135fe18fe1c1ce7114ba62da9dabb7cdaf55f45d239bffae0b50b4c239bd4632e86ecd4110e102870333359101,CLEAR,DAYLIGHT,DRY,IMPROPER TURNING/NO SIGNAL,2.0,36.5,2.0,2.0
0ede37a5107f72cd4d78de43b1574209a320034095249939e8e70e37e750548d4235527317615f995251050f44e97fb83fec0846bc5655ee0043f58fde524990,CLEAR,DAYLIGHT,DRY,FOLLOWING TOO CLOSELY,2.0,33.0,2.0,2.0
0ede41b20eb98413684c10c389ff1edc19692ab0e51789231fd4475c623456e22bb10d29d59c97ae505a0eb572030c6c4e63f409816b8e26a7f84dca6b4ab664,CLEAR,DAYLIGHT,DRY,FOLLOWING TOO CLOSELY,2.0,40.0,5.0,5.0
0ede4e413b2dd56254b7a708b1e27d61a2b16a0f63f1a65220689e09a4d0a7c8214c1e72066556ddaac92f5e93f10030dceba96b66c324c367421ae5aa5d9d95,CLEAR,DAYLIGHT,DRY,IMPROPER OVERTAKING/PASSING,2.0,47.5,2.0,2.0
0ede56ef2f1a40123b7d09b55932679f4bb510b8292a2b700284caae844b91f31f0b3c74f6fb00fc902abb7d81ed4470769e3ad6f316ea3e0471408dd22c8f9b,CLEAR,DAYLIGHT,DRY,FOLLOWING TOO CLOSELY,2.0,26.0,2.0,2.0
0ede581751cb6a9ef74de04b54c12abb431a4829213f5ac9ecd37d30cf26803f8b3dd21f60023397946db05db287102ccee020fbf753518e4abd1a704a1f5240,FOG/SMOKE/HAZE,DAYLIGHT,WET,FAILING TO YIELD RIGHT-OF-WAY,2.0,45.0,2.0,2.0
0ede6471ab73e48a5737c08fb8260d6dfa129c0e951eb5ce26da251309fe6559ab9883d1c8a2df9bae9c837824c0c414b29a9569b17b2f07eac350963cc36f40,RAIN,DAYLIGHT,WET,WEATHER,1.0,40.0,1.0,1.0
0ede660009102a5253ecbbbca2398e2ff7f10990382db6d458de1ac57b7120ebbf393924cfdee79c2fb96f47b2dfbd070baad4c8874954503a45156168f181a6,CLEAR,DAYLIGHT,DRY,DRIVING SKILLS/KNOWLEDGE/EXPERIENCE,2.0,82.0,1.0,1.0
0edeafb0a661b68d46385044163d8728ff49a7f367ce6b1bf661c97c62d939d6a047539518fdb906a130e7f9aa6f90a1eb3c1deeb735f3d94c113f743cf3f050,RAIN,DAYLIGHT,WET,WEATHER,2.0,36.5,3.0,3.0
0edeb046080cd44e8593738e29a91bea43d9bd61fde9a5ba214fd24c5516adbf575ac5d2495ac5ec809b066e2df0d2845a6e4a3e628040cac94d80b0b2ad3b0b,CLEAR,"DARKNESS, LIGHTED ROAD",DRY,IMPROPER TURNING/NO SIGNAL,2.0,18.5,3.0,3.0
0edeced4b89a07a5aeac9d75b08bbb0874395cace33d80e331e7bc4f9b8d795c37ffed41430f4adf31034d7b82520ae8915373162325bb7b3268a905c1a97c44,CLEAR,DAYLIGHT,DRY,IMPROPER BACKING,2.0,33.0,1.0,1.0
0edef7892d53d1ddc10f1d06dccda234d1d204d76ccec30b830aea0fa3e64e7a6ea6cb8c6ea76a66275fc87ea82ebcf44dddcf48fdae134f828d9f156c139f0e,CLEAR,DAYLIGHT,DRY,FOLLOWING TOO CLOSELY,2.0,41.0,2.0,2.0
0edf4e5e02117711217bd68804e3195ef3da659f674cf8bee936991a22490caa1a337695981f03b1486ce9a9dbfe0341bcf7aa21ae37cb30e19fe1c6428a17fb,CLEAR,DAYLIGHT,DRY,FAILING TO YIELD RIGHT-OF-WAY,3.0,28.75,4.0,4.0
0edf8fcdb451de7830cf2835b8738167f58697c4fabc2e7e8dda0708648ce44ef4227da5b39b581820dd406ad33ecc0e4b7ce8a7eb87ad3b2be613b576637566,CLEAR,DAYLIGHT,DRY,DISREGARDING STOP SIGN,2.0,66.66666666666667,3.0,3.0
0edf940e72e2329669dbbebe8acfe483be1aa32bd0c7a711b8395ff29e2ea2e947ae535ab31e25eb9673994d4500837729cef2d59533f3d0f53dd6efc404d7fc,CLEAR,DAYLIGHT,DRY,IMPROPER OVERTAKING/PASSING,2.0,22.0,2.0,2.0
0edfa18cf5201d36cc2776417416a3ecea3cee9422823e80d5d5ca06c70f1f8398b37a8494ba0bd782446f532e26f16858d6651239cff9887bbfbd33b5136fd7,RAIN,DAYLIGHT,WET,DRIVING SKILLS/KNOWLEDGE/EXPERIENCE,2.0,14.2,6.0,6.0
0edfb1312f31b11967fe2a4e582b7eaf908ca38e6e59348f34a472408161480e1918c059337143c925d35a454f5c60fa2d6dae87e6a8acc211187c0a81c93e62,CLEAR,DAYLIGHT,DRY,FAILING TO YIELD RIGHT-OF-WAY,2.0,40.0,2.0,2.0
0edfbc0522079282f8ecd3c9715d498109782b56e52b48f4ae087a2f847435bb82c20e87dba5f34f1baf01f5a7abfbfc6b1f34389f8d669e73a5a8ed2b9f239e,CLEAR,DAYLIGHT,DRY,FAILING TO YIELD RIGHT-OF-WAY,2.0,28.0,3.0,3.0
0edfc4c149aef213d08db20132a2fb185c38dacc2182c87a89c6b9339cb6cd0ea578366c9844c9a8abd28eae3f0026a40458a064a66a46a65530bed45876d997,CLOUDY/OVERCAST,DAYLIGHT,DRY,DRIVING SKILLS/KNOWLEDGE/EXPERIENCE,3.0,23.4,5.0,5.0