crash_record_id,weather_condition,lighting_condition,roadway_surface_cond,prim_contributory_cause,total_vehicles,avg_driver_age,total_people,total_injured
0edfe42eee6af056317ec42fe20cf14c628fb23edad65f2edf034e0a25bf5205d2709c4435448f3c19198a56d714226ecd595b13158891e3a1c3a5d059c43be4,CLEAR,DAYLIGHT,DRY,IMPROPER OVERTAKING/PASSING,2.0,46.0,2.0,2.0
0ee01bb2a6a55d378ae9bbb697ae0eeaf016c07cb58b4d81aace3959894df16c80814ac53b4ad55992ea63c1d860a229ce44b8c2733c1f87ef7967e1308782cc,CLEAR,DAYLIGHT,DRY,FAILING TO REDUCE SPEED TO AVOID CRASH,2.0,46.0,2.0,2.0
0ee04eef6cf4d525182d10cb1e793a8bbc641247273a6ecb6a24e5f54521d2e86f99c09219899bc70ad6ed3364b4c4dec687aba00b40c69ac51504b76b6f2d79,CLEAR,DAYLIGHT,DRY,FOLLOWING TOO CLOSELY,2.0,37.5,1.0,1.0
0ee0586dea66ebd4de20a51a481177a63e28cb9dd32ddf6050ca759a1edda1affe2a63d9ecf95735709d8966e8fe05bdf656b31b2aa26b1854fd2567ec9d6157,SNOW,DAYLIGHT,WET,IMPROPER OVERTAKING/PASSING,2.0,33.0,2.0,2.0
0ee05cfb12660377c461279d9c2bd2408656eeb46356f34910bc7b48e5baa3375a8e37f1e7299004839bae97d8a9966612bb818b842c2d1360b01dc1b95f9676,CLEAR,DAYLIGHT,DRY,FAILING TO YIELD RIGHT-OF-WAY,1.0,43.5,2.0,2.0
0ee0aba0d6fcbd16642363f47663324fd2405ec6c24c49c7d36d580649712b7031cc37242a42b717bc0abe28c279ca49e0b9bc83f4c3c3c216fc96e61863174c,CLEAR,"DARKNESS, LIGHTED ROAD",DRY,DRIVING SKILLS/KNOWLEDGE/EXPERIENCE,1.0,31.0,1.0,1.0
0ee11dbe587844a5e76fdf5194d79ccc385ff96b325cb08b79ad988df8ba6f4dd9782668cd6ff7c16e5faa40a12b9085941a296a6a33477fb106e7ae5613e68d,CLEAR,DAYLIGHT,UNKNOWN,FAILING TO YIELD RIGHT-OF-WAY,2.0,32.5,2.0,2.0
0ee13c8a5e0582a16384f4d168dc5b9aafe9416d26e425217158078449f050171ab5b4dfd6764a8be62acbb4ac180f0c731eb143ca2edcc82f6d1561451a3ad6,RAIN,DAYLIGHT,WET,WEATHER,2.0,35.0,2.0,2.0
0ee1557ceafe1b803f64571c8ffa999e25c39353bf32848d428a097420b50c4a18d7df80c4ac3b25d7d46a7c7a477ed67855d0269ffa963f5d4ba67e329bd347,CLEAR,DAYLIGHT,DRY,IMPROPER OVERTAKING/PASSING,2.0,37.5,1.0,1.0
0ee16e5b71ff0f0df95a0b2561e34290b094acf87ad93d935d36b1fbb341a9086844d183a5cd6fefb4f88b3e59fdb5978d0ebb2616a6030ba9090394bacd8812,CLOUDY/OVERCAST,DAYLIGHT,WET,DISREGARDING TRAFFIC SIGNALS,3.0,32.0,5.0,5.0
0ee17f5b065f5467b435ca56cbeb8107a0f2032bc59b9668568f3b51b82f5d48806351015bbc6d86d5d879d31eaf3e123d1af1a39558e0cbae76d76c4a6d6525,CLEAR,DAYLIGHT,DRY,IMPROPER OVERTAKING/PASSING,2.0,40.0,2.0,2.0
0ee18b032d1ec9610354e851195ec0498907844f2339ba907649054d29e41ddabf63e3dc92cd8c07223fda971e81376308e0199a6292ba0f52fb02b430c7ba4f,CLEAR,"DARKNESS, LIGHTED ROAD",DRY,"OPERATING VEHICLE IN ERRATIC, RECKLESS, CARELESS, NEGLIGENT OR AGGRESSIVE MANNER",3.0,30.0,5.0,5.0
0ee18d13dfcd5d09e35be73fb5e070ba623d33355224fbb23fef590805a57653372bb79ac7be359e273d69cf66af591941e70ad2751e35d106759eba9a5f92bf,RAIN,"DARKNESS, LIGHTED ROAD",WET,DRIVING ON WRONG SIDE/WRONG WAY,1.0,56.0,2.0,2.0
0ee1961ba9af08a7b9339f9707729e42ad84f60b04b60de8ae81a46937f4549cca6b49b402107632f0111ccd96f2c3409114d503545e1bfbf81df467f6bdac05,CLEAR,DAYLIGHT,DRY,FAILING TO YIELD RIGHT-OF-WAY,1.0,47.5,3.0,3.0
0ee1c13f371d24d0584f0343262d41f957c20d4f048746e5eef0bf659e4d3883d1b80f6fc4338581afc6ebeef3b623840ad9d49d2b55003872154ec640e13f59,CLEAR,DAYLIGHT,DRY,IMPROPER TURNING/NO SIGNAL,2.0,26.0,2.0,2.0
0ee1d1c24b1472f64c4d6d36dcb61e4340f01c39657ae0250ec1eedf3ef6c924fcf4f24949e01cfae874a3c6cf908be18072df58dc7681547174a1cf4161be48,CLEAR,DAYLIGHT,DRY,FAILING TO YIELD RIGHT-OF-WAY,2.0,24.5,2.0,2.0
0ee1f788dcb866b6d5550153b3daf6e223dfe9666035bba07ac67fe340339a287d5e70f2d91304d14c6955c2c8d9105cfea58256007a48b89597c38f69c212c0,SNOW,"DARKNESS, LIGHTED ROAD",WET,WEATHER,1.0,21.0,1.0,1.0
0ee1f78f0d5988f6057879efe21c552b53814ff81cb3d66e75824b1bfb900c83c9aab91d419ce7fb5ad2012ab70d20ba2578a7e4129ac70ded10147b0ae21698,CLOUDY/OVERCAST,DAYLIGHT,DRY,FAILING TO YIELD RIGHT-OF-WAY,2.0,59.5,2.0,2.0
0ee20051c618dcea593849958fb2376ed09e3112fa33d351a9356b762748473edde5e6c1e9ddeced527cf556159492cd1be7a1c2f696c6427de551fa063c4422,CLEAR,DAYLIGHT,DRY,IMPROPER OVERTAKING/PASSING,2.0,32.0,6.0,6.0
0ee212b1216c1aea771ad0a2bf49566059d79715806ed5a1ba4839d9d49c7bf9b5de003d66c7da98c0ce2705a46302f50a712e66594646f8dffa2b67c1282d0d,CLEAR,DAYLIGHT,DRY,DRIVING ON WRONG SIDE/WRONG WAY,2.0,19.285714285714285,7.0,7.0
0ee22aa9df27cc725d9bb8b520cbdc279b01d3b7a83ab9515556cc25454c933f6cf89875fe1b5a39634bbe2bd0275d8a973c7d71a04251d3573fc8c455ca1078,CLEAR,DAYLIGHT,DRY,DISREGARDING TRAFFIC SIGNALS,2.0,60.0,4.0,4.0
0ee232eb2ec2c5410d2a95ebedbd7280831a321bb7073f3d5213114ef5b05b762ffe42badc012180956de49348f254793a746a81c3c7e4db854f7e4eb32eaeb2,CLEAR,"DARKNESS, LIGHTED ROAD",DRY,IMPROPER TURNING/NO SIGNAL,2.0,23.0,3.0,3.0
0ee24269d32d9f615e9a6884a9a1474f835f7779bea2a785d19fcee3632880b70d9631841c03eee40fa4b7c2ca0e3885cd548583d4303a23cc66b85472cb99e0,SNOW,DAYLIGHT,SNOW OR SLUSH,FOLLOWING TOO CLOSELY,2.0,35.5,2.0,2.0
0ee25cf291221220ac42537721cd60d15ddd70043e3165dbd3fddec8a74a32504ac22d664a561598468421f16268a91120133d7ba22416c79d91b7dfa41444b2,RAIN,DAYLIGHT,WET,FAILING TO YIELD RIGHT-OF-WAY,2.0,58.0,2.0,2.0
0ee262c3c366f5fdf8c7e33879b0f85aba844a517e7595ba3f6f943459f8e1a050145fbd4ce73b0d7a942e621b40a0baec9fc4784554b6da2a9e94befe46f2df,RAIN,"DARKNESS, LIGHTED ROAD",WET,DRIVING SKILLS/KNOWLEDGE/EXPERIENCE,2.0,37.5,1.0,1.0
0ee29012e39ca5524f9ffe7074dd78d35016c418b860ef80ec9821a3e3e30a29d017010602cf7f66a322171dd3705923b459dfb4d4f6c93e2d61a55af5d2f3d6,CLEAR,"DARKNESS, LIGHTED ROAD",DRY,FAILING TO YIELD RIGHT-OF-WAY,2.0,44.5,2.0,2.0
0ee2acddd16c2dc308fcde3243837d6f3de3ef0e45cfa646abc197e9284c7bfed398c11a1d9eb40e66e19934ae4f9ceed6cc1f56728c2d6338391611b2419fce,CLEAR,DAYLIGHT,DRY,IMPROPER TURNING/NO SIGNAL,2.0,41.5,2.0,2.0
0ee2bdb26af87213ac98a1ecb44adc50764c76e5ffe28176f029d1c3829e9f0a54c3853aabf648416700bcdd0d58abcc17c9c8a7f85a4bbb721e569f4f185698,CLEAR,DAYLIGHT,DRY,IMPROPER BACKING,2.0,71.0,2.0,2.0
0ee2dc0af79c24f50f842cac0ca12de57687610eb01613a9b305a253153fa0d3f56a258628655488547e10d8921d98d69e457d246058e62440163550a619d6a3,CLEAR,DAYLIGHT,DRY,DISREGARDING STOP SIGN,2.0,51.5,2.0,2.0
0ee2e4cb343ff490764909b618577ca80135642162e7ee9136adc9403c6bd80585b60f8e6bad445072dcbec48e7c2a384e6912db3640694c0b5eab582413be0f,SNOW,DAYLIGHT,SNOW OR SLUSH,WEATHER,2.0,43.5,2.0,2.0
0ee30f05f30afbce3a2e86ad3fc72e99f387015279ff8608c6b9f701be3982b1a13e4bf5b58ab7541c591ebc338cfabf686e2aa5d09f99aeba9944a06c041816,CLEAR,DARKNESS,DRY,FAILING TO YIELD RIGHT-OF-WAY,2.0,30.5,3.0,3.0
0ee3164f4ee020650394b8a12afcf0567e081b19ee09376f5ce3ce2a1cffe68cc23ace4f601e188fc72b300e8881c0cb181e2a93887d2f199a568bba54b36018,CLEAR,"DARKNESS, LIGHTED ROAD",WET,IMPROPER OVERTAKING/PASSING,2.0,49.0,2.0,2.0
0ee35b4245568a83554bdea59c0a2f650408bf42596adbdca3b412cba04160f3a73ac9b8c2a5e6afa588afa026eeb7ade5969c37b48311821bb83fe929424657,CLEAR,DAYLIGHT,DRY,IMPROPER BACKING,2.0,37.5,1.0,1.0
0ee36e8b38be88bf11571fc436c2770d834092565c3c40fb60ed472bc410b6a4ddac3474dcb2eea9bfc2986e227db7969cfec3a3ec1e35af6a9553082dc8352c,CLEAR,DARKNESS,DRY,FOLLOWING TOO CLOSELY,2.0,50.5,2.0,2.0
0ee398c81bc8dcd11f8d6dbc0ef9fe8f014169547fa53f7736b32361750072a86cab1df3b6ad74b9fe794e0abe5882ae3c7254b8e51b085e644ce0eac7d5942b,CLEAR,DAYLIGHT,DRY,IMPROPER TURNING/NO SIGNAL,2.0,0.0,2.0,2.0
0ee3ab3c188227bc3cb94edf81d6918fb73db9dc8abe81f0df1b1ba93bf0eec33b63603d683dee0bbef4c6b46424cf723c0f53b932dc7d04a7f2bb3636849ff0,CLEAR,DAYLIGHT,DRY,CELL PHONE USE OTHER THAN TEXTING,2.0,37.5,2.0,2.0
0ee3fb926294a49d7e69633c23baa76198790c49b04c87a2e3fdc44266cbf924c0fb217cb38f0af972746377303e2117d6a62ac35b0a262bf808ebc9989bb32e,CLEAR,DAYLIGHT,DRY,FOLLOWING TOO CLOSELY,2.0,42.333333333333336,3.0,3.0
0ee43cdb1e6c7eb006d634fc181f24abf3c9b3ff2eb08968a8d56ea7e5d936e3e4d6460ec6673447301112f7efef1fca8f4bf26a8490c5d779d3d9b306840334,CLEAR,DAYLIGHT,DRY,"VISION OBSCURED (SIGNS, TREE LIMBS, BUILDINGS, ETC.)",1.0,16.666666666666668,3.0,3.0
0ee45779499c03ab822ed0b5c1b32f3df5ae070a4f73be9563123748e4c25aa814d60d440ef84fa801ed81c1c50fe33928a8b6937702e4f70ce018fd4fb844c5,CLEAR,DAYLIGHT,DRY,FAILING TO REDUCE SPEED TO AVOID CRASH,2.0,38.0,2.0,2.0
0ee46a93278d902437403b39f513adf21d069fd93c46ae44b5d5ce72b3005bd09cbb82665fa16b8563d2c02e6327fc9cd38d23817ac27e22dd257283ffb1bbd0,CLEAR,DAYLIGHT,DRY,IMPROPER BACKING,2.0,39.0,6.0,6.0
0ee493551eb4105b451432839c13f4350df803227f4d777ee7f22d7341b65a0a1576afd5e707082695c5b82ea9fc8f12b906ffe2f5106a218b65347213eacdfc,CLEAR,DARKNESS,DRY,FAILING TO REDUCE SPEED TO AVOID CRASH,2.0,21.5,2.0,2.0
0ee4aa01fcbbd0e901032a1e47898b70d8bcc39a3f06cb2ae8eb20ce4664965d641c87e8701d9cf89328c1bbb32c0beec2b8c57993a157459ebc0810bf894c31,CLEAR,DAYLIGHT,DRY,IMPROPER OVERTAKING/PASSING,2.0,65.0,2.0,2.0
0ee4f17f7470d829a1789a308453b38e89cf8f7df6c495c3e0bb299293f7f9c548b4a63af6ebdb20674709257a5ebdedef15d9f9525f554ee954e90b45350ef7,UNKNOWN,DAYLIGHT,WET,FAILING TO YIELD RIGHT-OF-WAY,2.0,13.0,4.0,4.0
0ee4f7ef1c531c1a85cb1e059b66a1fc52cf0f4f6fbceda37b916566910d126258f209e7589e7767885504bffaf7f445ddb9fa93f53345f7273a8ea4cd490766,CLEAR,DAYLIGHT,DRY,DISREGARDING TRAFFIC SIGNALS,2.0,20.0,4.0,4.0
0ee5254717c8b5e164349fe7d126b734124a8e77820859b134930b4c17fd91ef7b8f87f0cd527a45dbae61a0f7c31ed7171ea6354e4eb6c0e9bb9b4474ce7332,CLEAR,DAYLIGHT,DRY,FAILING TO YIELD RIGHT-OF-WAY,1.0,40.5,2.0,2.0
0ee52b8986509a11d1770ad247c731a087bd2641757318b07c572b7f95391dd3d47b2d1aaa64798bc686062a96544266cdda8123370368436e2d46f19f65ade9,CLEAR,DAYLIGHT,DRY,IMPROPER LANE USAGE,2.0,52.0,2.0,2.0
0ee53d48cf33023d338fdd30970e5ad685c0e2dfb532c4d2ad06fb74a6af957243160ad6dbd20d748b0fa2c46914deb0e1b0cf80a28d1b8dff54c71f351d6104,CLEAR,DAYLIGHT,DRY,DISREGARDING TRAFFIC SIGNALS,4.0,26.6,5.0,5.0
0ee5d6a050de15bb6d90bc9165e1c3f6fd397a42cd39f99b45675c6957bf00008690fb4a298765a7fc233959816416130fd0ce497d36d69202f9c32e8aefd6d8,CLEAR,DAYLIGHT,DRY,FAILING TO REDUCE SPEED TO AVOID CRASH,2.0,65.5,2.0,2.0
0ee5e58d6fceeba9698177047a91f8b3659eae5492c2b0c70d2949a56d069b138e810acb3003741eadd91f82e649e70120c482f3420d9db2272607cbde7a0c34,CLEAR,DAYLIGHT,DRY,IMPROPER BACKING,2.0,22.0,2.0,2.0
0ee6240207c567cbb44b04f5d3ae8087f476a0122d0987dae6fafc6b33e669e11e058df90db4c0ebd717c265d9a25f0779ffed638e7d986baf0e69dfaa0eeac6,CLEAR,"DARKNESS, LIGHTED ROAD",DRY,IMPROPER TURNING/NO SIGNAL,2.0,31.0,3.0,3.0
0ee6449577718e51cd72f9b0e245d28100f6104650b0355f7d7ad953b2e9e29c04c8fac610e01172442026361b5d52fc2dc34efd03f151e0b2007d1f5d1676b9,UNKNOWN,DAYLIGHT,UNKNOWN,FAILING TO YIELD RIGHT-OF-WAY,2.0,32.0,2.0,2.0
0ee645ef9dab46b9cff5aeabb208f8615084a3ca02a6df64e80a6c01f916580f7de926a74d9691f3d7025ad3f5722fc91d966f4f8dc5c730994a1d747a081d6c,CLEAR,DAYLIGHT,SNOW OR SLUSH,FAILING TO REDUCE SPEED TO AVOID CRASH,2.0,37.5,3.0,3.0
0ee66cf289cf8e4928bea46c6fb19e335fa7e2258eac75e00f490414c44577408cb3cda12b392b86ad83ebb84d3f42ab00ffeb34a714ff0740ae1c8ad01c82df,CLEAR,DAYLIGHT,DRY,"OPERATING VEHICLE IN ERRATIC, RECKLESS, CARELESS, NEGLIGENT OR AGGRESSIVE MANNER",2.0,40.0,2.0,2.0
0ee7227e0021ef7df33bbc5f0f411706c41ea03f966038413c244108d9add2449d05c1b1d235ca9443ae656d99fa11f30ddd2224d9cb8700f7ff768fa230ffad,OTHER,DARKNESS,DRY,FOLLOWING TOO CLOSELY,2.0,40.0,4.0,4.0
0ee724b481b0f2580a5550122db23b934684ce5291732c108b6a14eb394fcbbcbddcf1d2820f74683ca8e7131650b917afc2e653aa2dd724d9e6fe2d5489b921,CLEAR,DAYLIGHT,DRY,FAILING TO YIELD RIGHT-OF-WAY,1.0,51.0,2.0,2.0
0ee72f35f5ffe91ade31356d9d3c0c6fa94d3792215b14cac0b8831924dd479022c9da101ad803521c277e6d1d6c6a3b2f4fef8fdd8e590779a14cbfe28203d5,CLEAR,DAYLIGHT,DRY,"OPERATING VEHICLE IN ERRATIC, RECKLESS, CARELESS, NEGLIGENT OR AGGRESSIVE MANNER",2.0,44.0,4.0,4.0
0ee732d8387512098a476553a21c8325facb429782785b6c493a85ff56591b0bc9d7538d43c521f4ae2722fba06581a2bd7095487689982f19edd9e8a04a73b0,CLEAR,DAYLIGHT,DRY,IMPROPER BACKING,2.0,61.0,1.0,1.0
0ee733ada53fdac226b45e408ad5cae0a5b7c057f3cc061cf5d9c85da350f76b7693dd499513d552de11de183625fa2e3bdd8dc82c8277ff5d36aed6fcc06618,SNOW,DAYLIGHT,WET,IMPROPER LANE USAGE,2.0,52.5,2.0,2.0
0ee742021d7cc3ac969dec100417aff363d005c5003884d2a41560801c8b729d7446ad30043bac3b083e433deab49259a0126814040a04036b6d3201d84b1e43,CLEAR,DAYLIGHT,DRY,FOLLOWING TOO CLOSELY,2.0,55.0,2.0,2.0
0ee746867f469c9ad2ec50bb0a4f79f47325d6003618b434e2529fb8a389bf27b165bae959cd071065b6499cd4324ab309b53c355c555aace1703c0228a6db85,CLEAR,DAYLIGHT,DRY,FAILING TO REDUCE SPEED TO AVOID CRASH,2.0,36.5,2.0,2.0
0ee79891a977c99a6194ade8dbdc620da2b295ce919f36f48ae2bd46bfc90a91cac45062ce14e5fec79f83584f95939e42d991ef6767bccd3c4a97932b803d66,CLEAR,DAYLIGHT,DRY,IMPROPER BACKING,2.0,27.0,1.0,1.0
0ee798ac3b119233bcd26f3bd7fb854dc7f7b68aa74c6e60a915d81b0cf669420873720f8587f7be8253daa7060f4c01806d3d55d8415ca8be53b2a173d2e5c0,CLEAR,"DARKNESS, LIGHTED ROAD",DRY,FAILING TO REDUCE SPEED TO AVOID CRASH,2.0,30.0,2.0,2.0
0ee7aa98c218ae0f6fe7346b0fae7ede35949aa50d977c0c24d3107e4a8674f0aa68d723b1d3e42cd854bb15147486fbcde2aea46b01d890dadb984284802c76,CLEAR,"DARKNESS, LIGHTED ROAD",DRY,DISREGARDING OTHER TRAFFIC SIGNS,2.0,33.5,2.0,2.0
0ee7d10542b54d9ef1a2a01d97997e2cfa00cf6a99cf8008d252de6756c806f72b5afa6990d9d7c9b45e387bd30f0b4aca3a61cc86062a14ec8018ed4ed95e59,CLEAR,"DARKNESS, LIGHTED ROAD",DRY,IMPROPER TURNING/NO SIGNAL,1.0,37.5,3.0,2.0
0ee7d7b362ca4148e3ab588b25a01180ad078def98bf72f5cbd717fac4b6c9c93d5f4bd97b2d7d84a9b115340efcf2f8b8b36e7f533cfb938c93392b90023459,CLEAR,DAYLIGHT,DRY,FAILING TO YIELD RIGHT-OF-WAY,2.0,35.6,5.0,5.0
0ee7eaa0897bdecd378ea0f99cb23801431012abe27f62f1bbc48057b4618ab388078651aa5a467e56528f66e1c741f3ce56f7c3fc5afda1552926dd50e3a69a,UNKNOWN,UNKNOWN,UNKNOWN,FAILING TO YIELD RIGHT-OF-WAY,2.0,45.0,2.0,2.0
0ee819cfd8b40435e844f8792e0a6b3ca6ac45263113f05560225fb02e387d24726d4ee615fc3c350c75663d8c4d1eae87fa668c51c8c3fa4af791f3356d0d00,CLEAR,DAYLIGHT,UNKNOWN,FAILING TO REDUCE SPEED TO AVOID CRASH,2.0,20.0,2.0,2.0
0ee81a8564857a2cc466692cb0a23ecde6864991613c57334a5ff2a5f39bf167de6af53d79e295be967a67629f3e0944446009cd95aaf36e8b9faea5598f85cb,CLEAR,DAYLIGHT,UNKNOWN,IMPROPER LANE USAGE,2.0,42.0,2.0,2.0
0ee8484fba83534be1378704aa60a2bacc715874508ecabf29514953d0bd3af3a87fbbd4954533f94888d50f78cb0e4a9f72563ef47eb172337f551aa576edb4,CLEAR,DAYLIGHT,DRY,FAILING TO YIELD RIGHT-OF-WAY,2.0,26.666666666666668,3.0,3.0
0ee86310fcdb038abe22d663d314f7822ec9b7290b3a2ef0fbed35b2da78bb4c68097e9544db539940aba66281581bf35268a390b270f0aa5f1c5e66c4835670,CLEAR,DAYLIGHT,DRY,IMPROPER TURNING/NO SIGNAL,2.0,48.0,2.0,2.0
0ee864cf488389fc2b314badd840b4f85c803303cd804c92c107b015648ad5851cb4bc2fb801992ab7a455516a54bcedb5f05657cb9cdc0016131f4963ca8c3e,RAIN,DAYLIGHT,WET,EQUIPMENT - VEHICLE CONDITION,1.0,24.0,1.0,1.0
0ee88052b658cf245e5fbf265dadd6f5350a3ed604980814b3b76a398714fe87439552214ec69bc282cbe038a978972238fe026db560718911f51e3e36d88805,CLEAR,DAYLIGHT,DRY,FOLLOWING TOO CLOSELY,2.0,37.5,2.0,2.0
0ee884f0b71de916fe0aca00505d38d5dbf794ee670aae893bece1308a4312d6c0455f8a8c9a044d59368ba30c8d451cdf87129f249d2c04729ac2192723ed9e,CLEAR,DAYLIGHT,DRY,FOLLOWING TOO CLOSELY,3.0,42.0,3.0,3.0
0ee88793c5b1054d81c567f95d0a263fc9ebb2d52548abb112c59ed9547dac855599f74274e2822d94ed58b934849be2cfcd9798a66f60e494168b95776174f1,CLEAR,"DARKNESS, LIGHTED ROAD",DRY,DISTRACTION - FROM INSIDE VEHICLE,2.0,36.0,2.0,2.0
0ee8ba8c5b1e62a979283b9d951820d1d191320304a888d96ec39382cdde03fc4d538a838b51909dae35c486dc755602f59bac69265eb573d004d3ca08b0b258,CLEAR,DAYLIGHT,DRY,IMPROPER BACKING,2.0,18.333333333333332,3.0,3.0
0ee8fc1f6906e02aad0e1180dcef36ef08241de1707d50d268d263bd796ad21cc3c6ecbd1d0f7ad607ebc132296f65ab6d656a759859c32dd38a88f69649b748,CLEAR,DAYLIGHT,DRY,IMPROPER OVERTAKING/PASSING,2.0,52.5,2.0,2.0
0ee8fc7760938d19f6a56b7c59c0675585e3a43c37901d245a04d77f03268369a2a550e3ed7d1b10d72e75503e04a894fe45ed9cf1205f2fc027fd827ba24fad,CLEAR,"DARKNESS, LIGHTED ROAD",UNKNOWN,IMPROPER OVERTAKING/PASSING,2.0,48.0,2.0,2.0
0ee9250ed16a30706717ad05779ac5aecc304d84bfd6762fe5f22879ce8dda7db54974485e4f3daccc2824f834c40be7321a1ac6ff363a430c047e87537731ad,RAIN,DAYLIGHT,WET,FOLLOWING TOO CLOSELY,2.0,41.5,3.0,3.0
0ee9263a80922316f4512101ec1ffc65eafb53b9ce948736e9591e79306ff7447ad18c3a40e87bbae19bab382317deea5770e8d6efa919d4da1f46d40a4b16cd,CLEAR,DAYLIGHT,DRY,DRIVING SKILLS/KNOWLEDGE/EXPERIENCE,2.0,39.5,2.0,2.0
0ee94c7e291e6892258650045ec770c7a9f1a8e86319ee9ac160c3d4710b05dea0aa7bc456a46001ce3b55edb4de09886cf6ae2f97a06550206bf9c37bc46709,CLEAR,DAYLIGHT,DRY,IMPROPER LANE USAGE,2.0,31.0,2.0,2.0
0ee961192d418f63fdddb115171a74cc311cc86c1b39eccd8ea939895f661095d4cba276fa504a75848880185448f3b506599f5b2dbd630a55e9bb24feb4b137,CLEAR,DAYLIGHT,DRY,DISREGARDING STOP SIGN,2.0,63.0,2.0,2.0
0ee96e44362f7c3b58e795d81e1507ff968427579526b5aaddc463888438a10f41ef488d70c29f17fc77369dabd4ccf667e1efcdfbd1c7d3315e137eb6f1622b,CLEAR,DAYLIGHT,DRY,FOLLOWING TOO CLOSELY,2.0,35.0,4.0,4.0
0ee97c246566546adc5b23de2d19ff0101ed1497a7c506dc05133b8659af072819dbc64e673d93668967d10a3bbdd2e3ed82ad6cb7f91a5fed89628d01d51de9,CLEAR,"DARKNESS, LIGHTED ROAD",DRY,IMPROPER OVERTAKING/PASSING,2.0,54.0,3.0,3.0
0ee98b4bde22884d3ee39587519c7d458a9c7915406c8e5ef5df104b097430fb94fb5c94ba1d39bd59404c294e851a0e792b1bc69dd138fad209de24a68b8a8e,CLEAR,"DARKNESS, LIGHTED ROAD",DRY,FAILING TO YIELD RIGHT-OF-WAY,2.0,37.0,3.0,3.0
0ee99b72806e85f1e0acf04b89932a7cafcd2844d207b732279281a890246e0c0c38d28c2c06e27d075c2707ee9d0d10265474833787d9e2c75a11f233a176ec,CLEAR,DAYLIGHT,DRY,IMPROPER LANE USAGE,2.0,66.0,1.0,1.0
0ee9a7c15ef1b1b7894d9e9cb51de7502defc7daebbb91c62a9cf6fc1f64ed1e3ca695d60c4a42042d50a40ca05b27970e33f955dd0fcedf016aab26dec58929,SNOW,DAYLIGHT,WET,FAILING TO YIELD RIGHT-OF-WAY,2.0,21.0,4.0,4.0
0ee9ac62b84328c9dac3d59110e53d148fb9d94bedb9a3a1e63113465d986a4bec58f3a81548c084d9d8bdb63882f6e731f0a55cc4b184ce9c87c450dbe0e69c,CLEAR,DAYLIGHT,DRY,IMPROPER TURNING/NO SIGNAL,2.0,52.5,2.0,2.0
0ee9cc83e1889647df5e6466fb7903a3d49c6bb649f7f773a7a538243b45b1800f7634a849f4429a9e615c3e5df878f42ab32dfe02a5aa3c91c97ae844880d3f,CLEAR,DAYLIGHT,DRY,IMPROPER LANE USAGE,2.0,30.0,1.0,1.0
0ee9e34448430fbf07a0d84e7dd689df3f08c6e0fcb02edfcba8dfc131215517b2c76b71a28f16d6a76949519586488918621347810f384799a4b85945d0cb52,CLEAR,DAYLIGHT,DRY,FOLLOWING TOO CLOSELY,2.0,18.5,3.0,3.0
0eea0650b4397cb94cfc809fd81b0e18be1cc867f0b0d53710d136841169bd17ac897286d1829f3ba3607eb87186ec5caf5500183d806b0ca56406c24661f4f3,CLEAR,DAYLIGHT,DRY,FOLLOWING TOO CLOSELY,2.0,21.5,2.0,2.0
0eea2b0b0f80d383dd0e9aeb52af8c7d9aca1b1c734bd06169be9db0dd38df78932aaee0dbd1729699e8f8a45758d800873f389099ca59ebec4490818e3434a1,CLEAR,DAYLIGHT,DRY,FAILING TO YIELD RIGHT-OF-WAY,2.0,36.5,2.0,2.0
0eea311fc795b2bd5c9e78b95dfc0d19ac49cfad1791586af7a3ecf4d0861144402d4d2694362e48a1144e8e221ba5ea3cc6aa78f310888b1cee13336235cebf,CLEAR,DAYLIGHT,DRY,DRIVING SKILLS/KNOWLEDGE/EXPERIENCE,2.0,35.5,4.0,4.0
0eea6034ead99d5c5fc5ff93cd798a67402c09e1e4585cc4bcdb3cd07acee63747a088d8c244dd518d09a2dd6706f65d2aa20da91d918c8cc3b9f07f722a60f0,CLEAR,DARKNESS,DRY,FOLLOWING TOO CLOSELY,2.0,58.5,3.0,3.0
0eea76809d08fa199d1f8a848a88e981c92f21d0e7321209978ef402ef9960fdea7d0e1f5b12b922edf39b673ea12da5ddb24314c72b8d6572b71c7d96f3df30,CLEAR,DAYLIGHT,DRY,DISTRACTION - FROM INSIDE VEHICLE,3.0,54.0,1.0,1.0
0eea88b5ad9a6dfffcacf3793a94574654f90acea7a12a8532e934e9a52b55441cf63bbad874cd6bdb8bf9048bb2dcf9cadfb08ab9821d82384a165231f00787,CLEAR,DAYLIGHT,DRY,FOLLOWING TOO CLOSELY,2.0,29.0,2.0,2.0
0eeabcc666bdb13b72fb78cfe8c85c16eb4d18379c0e7b67e3a8257df77e9284c0d6d893cce19f012305e5d7d79190a4c2df1e7f4792caf2d5da85e6e8687cc3,CLEAR,"DARKNESS, LIGHTED ROAD",DRY,FAILING TO YIELD RIGHT-OF-WAY,2.0,33.6,5.0,5.0
0eeaddcc716ca8d92ca4d796a7ecc44f6df9f786782881fa6d281bbe36174da013ca43176aabd4fb36fd1ac4b91665d44eb71e76f5cf7834731b2c4c8db0b40b,CLEAR,"DARKNESS, LIGHTED ROAD",DRY,FAILING TO YIELD RIGHT-OF-WAY,2.0,32.0,3.0,3.0