crash_record_id,weather_condition,lighting_condition,roadway_surface_cond,prim_contributory_cause,total_vehicles,avg_driver_age,total_people,total_injured
0eeafdc36faa63436b1fc38fb859d97e7d46ca3ec55787e318ee5a0016e9410993b9fbbcfca8c0a3f260ab34c460cf173013d060c7bbd0ebaa247d2defba1ede,CLEAR,"DARKNESS, LIGHTED ROAD",DRY,FOLLOWING TOO CLOSELY,2.0,34.6,5.0,5.0
0eeb0953cec0d1a44578802e6002bf67f04c3a1cd1939b230eabf6fbd0ee63ce5731abd885851b7d6a5308b6b124c06544946980d139711ac63c824a631e4ea7,SNOW,DUSK,SNOW OR SLUSH,IMPROPER TURNING/NO SIGNAL,2.0,40.0,2.0,2.0
0eeb1f67c42d4643ae7f562dc8c3d3e6928f9789c2db97c9ebe788e67adc354205fba084e81dd279e9d42514fa9da70cb6ee01a0fc3ce3a62e9b28873d441ca0,CLEAR,DAYLIGHT,DRY,FOLLOWING TOO CLOSELY,4.0,26.5,4.0,4.0
0eeb3a513d94d0a03c862dffc916772cd3ffb42983ea225dde860f95a65707b3667dcd56b60ad5d33d9883e8c505bd185d0e1cad79703d63c99db944ee0448d6,CLEAR,DAYLIGHT,DRY,FAILING TO YIELD RIGHT-OF-WAY,2.0,59.5,2.0,2.0
0eeb54a5d29e7d9b9935b6ee5dc2ee0ee7880eeb277666fd11c36c091f470881c6e0736916d4a96b6c68ae066d59c80ad28ecbdbaf09798c643adb461b855f3a,CLEAR,DAYLIGHT,DRY,FAILING TO YIELD RIGHT-OF-WAY,2.0,23.0,2.0,2.0
0eeb8cb8f1c8d61bb9f8490807b6fc683f755d94963044a12a847f078e2d65671d825f60bd9e369bdd8354c150eb8238b1fd03b77197fe7deabd44e4bf2cbbbe,CLEAR,DAYLIGHT,DRY,IMPROPER LANE USAGE,2.0,36.0,2.0,2.0
0eeb8f254dc61ce82f51f9fbc03529b79822e1433dc30dd87eaea1c9ed431e2cb5dd27327aac622697ed85a330e82d5536f3181ce6d85e4ee4717abea17a06d8,CLEAR,"DARKNESS, LIGHTED ROAD",DRY,IMPROPER LANE USAGE,2.0,37.5,2.0,2.0
0eeb93ec931b3be9bac5115e728b96e06b1bd4042c815a46fda4ef8698e588ac4ee3fe8cbd55326d9bc8d273827e896e81d50cc81b8ff9853324cec29c125c18,CLEAR,DAYLIGHT,DRY,IMPROPER LANE USAGE,2.0,39.0,1.0,1.0
0eeb9efd2bc2e5ffcd9662af519343df12d8192d5667b69100f02b4ee177026ef3a0c4a2f8a912c97bc753f81ecbf6f1d244d3ed86c02c2fe16851eed2c0176c,CLEAR,DAYLIGHT,DRY,FAILING TO REDUCE SPEED TO AVOID CRASH,2.0,40.0,2.0,2.0
0eebaa2f5e3886ebe9351ba467542bb3040dc4754369fb4a7f2d629ebf93482a83ffcaf44a6b3a0b5a92189c80649477e5f4f4ba25404017d1d4207e71e6c705,CLOUDY/OVERCAST,DARKNESS,DRY,IMPROPER OVERTAKING/PASSING,2.0,53.0,2.0,2.0
0eebb48cf058d53dfe6a1fbfe1cdcc40fad4dd305c68dd9fde0938fd20b70fd2a43e8b1fd4ffc22ac30bec8402f8f492ad776bf82ed1c9e16aee6bbfbd512012,CLEAR,"DARKNESS, LIGHTED ROAD",DRY,DISREGARDING TRAFFIC SIGNALS,1.0,57.5,2.0,2.0
0eec3c4448100e855677654c6199e4f4b362269116cc33cd1c24af415c93cd873ae80cdd172fde050858401f367121ce0ee0bf20d58895ebd6a073a8f260c700,CLEAR,DAYLIGHT,DRY,FAILING TO YIELD RIGHT-OF-WAY,2.0,56.0,3.0,3.0
0eec43cdf3ab9aaa152f7760e2244919308cfaa6e994fc8462e63c75577eb4e8fc4618b2cb1a0c0514658aed21f95d66a02c4c3fbab57b69e1dcf622dc39a107,CLEAR,"DARKNESS, LIGHTED ROAD",DRY,FAILING TO YIELD RIGHT-OF-WAY,2.0,44.5,2.0,2.0
0eec49f80b0e5ac16e44526c585db93ff9f8d55addffe1ec96f55c5a04e116aa3be033bb0f3e6b228c706947b08eb7fcd5ec5bad7d59845c61e559d22db4b139,CLEAR,DAYLIGHT,DRY,IMPROPER BACKING,2.0,34.0,2.0,2.0
0eec5d8dc8a3cacb52c4503fff281070d4177b1ecf770938dd9629a9590570f49b51cdc6bd50a1eabb300ff92bda9dfa638a03d3d2e656f599f9224c3ff380aa,CLEAR,DAYLIGHT,DRY,DRIVING ON WRONG SIDE/WRONG WAY,1.0,43.5,2.0,2.0
0eec6b487b74fb0c4ddfe73b8425ddc17ac0883907b78cdb059a2cb52c854ebd4b8cec00d761b75fe4f99b24b4beceafd59242cafa86f400abbc9ddf88e79f35,CLEAR,DAYLIGHT,DRY,FAILING TO REDUCE SPEED TO AVOID CRASH,2.0,20.25,12.0,12.0
0eec98276037c799dd4a9a907a337b6edfc182dbff5e7e111773d9089776e563edc704a38d628487785831e8bab167fafc197bf5c53f292c333332cb14673e29,UNKNOWN,DAYLIGHT,UNKNOWN,FAILING TO YIELD RIGHT-OF-WAY,2.0,63.0,2.0,2.0
0eeca86698867f71305a61aa1eef8b06a7289184a26a550d7aaa7eb796f31582c1c75c56bcbc1e8274dc902ae2951172b4c25fafc1af2c0f4fa894b1ae99d4f3,CLEAR,"DARKNESS, LIGHTED ROAD",DRY,FOLLOWING TOO CLOSELY,2.0,22.0,2.0,2.0
0eecba73af20476b26cd4f908f8e92c8c7f4d31c219caa790095d27152c156ed9683e12020519070dee892a5976370b4c6f0887d753aa092950ddf0420cfd230,CLEAR,"DARKNESS, LIGHTED ROAD",DRY,"VISION OBSCURED (SIGNS, TREE LIMBS, BUILDINGS, ETC.)",2.0,28.0,3.0,3.0
0eecd260196c1439558161d29e72c7a737b480fc76e69e032f5801b5c84193b5b9d4d93d6ae60b8cf0468e2f4b9d69c709d3b84371aded2cd89dd4c1cdcbfc2f,CLEAR,"DARKNESS, LIGHTED ROAD",DRY,EQUIPMENT - VEHICLE CONDITION,1.0,50.0,1.0,1.0
0eecd82ca55281d70981afd9a6fc5e3d37fb85b888e4c75567f8ae30d832d2e5ec7202f9936d00b9f99127dd4506f487be35bdf19c3d482b2f810d227d4be255,SNOW,DAYLIGHT,SNOW OR SLUSH,WEATHER,2.0,23.0,1.0,1.0
0eed42fdda04ac4cbb51044aa868c329017c456095f1f4b9b3c7089870c72b1f5aeb5a40ca533028cc42884370cecbb2e592a5e40ab8829e94c77f25c43da8b4,CLOUDY/OVERCAST,DAYLIGHT,DRY,FAILING TO YIELD RIGHT-OF-WAY,3.0,31.5,2.0,2.0
0eed7028d1a65f5e727c1265f9afec9f5b4561bcbef64399dc0dc29229bee13d333ea629e4b612f190b7ffc13bcc900dba2a3c0d63e46bcde3b29d4d98ef4170,FOG/SMOKE/HAZE,DAYLIGHT,DRY,FOLLOWING TOO CLOSELY,2.0,34.5,2.0,2.0
0eed837cdbb168963eaf1bfd0748390d3d956c240df0b166a6c34512cd13ad119660da55d87a53264657e4c4c4ecc64a18c4bee89d12cd3c81b15bc741dfd282,CLEAR,DAYLIGHT,DRY,FOLLOWING TOO CLOSELY,2.0,43.0,2.0,2.0
0eed8e56554b3c4dc5065165cab0bedb0412dae8dc61d2e01d4750977f14cf46efed5a08ba6cc4376d05a6df7ba376cbd04ed00a5eeaa8ff164b75e43f2c550b,CLEAR,"DARKNESS, LIGHTED ROAD",DRY,FAILING TO YIELD RIGHT-OF-WAY,2.0,43.0,2.0,2.0
0eed9308ca7a7b625c3a347f466755e5163b83b9534b3cdef24a1096d50c0210332729483b0ee760225d223e984f46d7b799bc40e46778b4d6f196e5a710c8c8,CLEAR,DARKNESS,WET,EQUIPMENT - VEHICLE CONDITION,2.0,24.0,2.0,2.0
0eedb3ca18893f83c35c1e664831ecf3463daf27458559072696a7d67ed59ee320948a1def83fd5a988eb755607eec2536ff90c259f11be0b4822bda8b6dedae,CLEAR,"DARKNESS, LIGHTED ROAD",DRY,FOLLOWING TOO CLOSELY,2.0,47.0,2.0,2.0
0eedf8205bfa032bc0d7de56c417b6779826d3b66610b74dfbd269ea531fdc502c5c0db0e4e75ccb72b4276a0aa1d2657b0f833b41415d8d87a139c94b8675b8,RAIN,"DARKNESS, LIGHTED ROAD",WET,FAILING TO REDUCE SPEED TO AVOID CRASH,3.0,32.333333333333336,4.0,4.0
0eee13fba38966f37fb679a93c2eb794ed571ea06312312d7c7656baf85b087bb6b5d0039c0408cd66ec15bbb4cb97900beb58d9c9833bb5e309629a7eece08a,CLEAR,"DARKNESS, LIGHTED ROAD",DRY,FAILING TO REDUCE SPEED TO AVOID CRASH,2.0,60.0,2.0,2.0
0eee25981b68d5814a5970add19a09ef077d85742636b08d2e2bb2984e16a4f6908300cc7a511f7e9c4087faacab1780c54c03014c112499014bfad08232dc24,CLEAR,DAYLIGHT,WET,FOLLOWING TOO CLOSELY,2.0,36.5,2.0,2.0
0eee3aedb9e9ab313c29a29e9ede4531d73436383f4cb27b573260a318b87bde1978f4dd841dc8a596c3ead5e8254d9712ba829ae37b587b8ced40c0767068b9,SNOW,DAYLIGHT,SNOW OR SLUSH,FOLLOWING TOO CLOSELY,2.0,31.0,2.0,2.0
0eee41f0b6eb2bacc20956e9f28f636093e350da5151133e4231a08ed67121d3e0ab0731b671af115d0809373f67dcf05d206524f7e063b78883663957fb7d5a,CLEAR,"DARKNESS, LIGHTED ROAD",DRY,IMPROPER OVERTAKING/PASSING,2.0,56.0,2.0,2.0
0eee56bfc94e1b44aafdbb97c5f458c8ee1f9198097f88b371ba3f207512ee9aa2915ba71449907014c69d0a6e89a3c14e822a6537ecfeb65d66a1ce6f92e8d2,RAIN,DARKNESS,WET,ROAD ENGINEERING/SURFACE/MARKING DEFECTS,1.0,53.0,1.0,1.0
0eee810de9c030c0c4d9e890c0cfb639fa20b3f1e63df36d3ffac8f165b7ba4585051c85c2c53d76c2a7d188e82761caef8efc024d20fb3df86ef58ca17fcb8a,CLEAR,DAYLIGHT,DRY,FAILING TO REDUCE SPEED TO AVOID CRASH,2.0,34.0,2.0,2.0
0eeeaf7b56071a45a7f436ace9853322b655ba0652a5fd94d0cb7615ed5a6667d06b14c5cea33127139ed60af81ab875b8ebb2c42cdee3391255b328baf45caf,CLEAR,"DARKNESS, LIGHTED ROAD",DRY,IMPROPER BACKING,2.0,28.0,2.0,2.0
0eeec463fef4c9da3cc3387da136a2e4a4bd06fe455032ae620df39c9b9e96ea838006b20d8476a41e3302a29271e2c79e82dae3f8291ca281e2a545351625ff,CLEAR,DAYLIGHT,DRY,FAILING TO YIELD RIGHT-OF-WAY,2.0,23.333333333333332,3.0,3.0
0eef0e6b98fddc9ac9ea6ea25d46929b09f30af7e63444999f3fe7c14468f3b49d1c6aae464f2f129cdf0b3d8c3ab5bfd6899c34f8af2f2717a55a2afd815dee,CLEAR,DAYLIGHT,DRY,IMPROPER OVERTAKING/PASSING,2.0,30.0,2.0,2.0
0eef1cf18ddeb6842ead71126e778d75c53cf5edbb0d88db7dbe29647fab547719ad37dd17c465ccc6ec37c1c73537cf83e2fd568a0d0117667edc281d26001f,CLEAR,DAYLIGHT,DRY,FAILING TO YIELD RIGHT-OF-WAY,2.0,32.0,4.0,4.0
0eef423295edc4e0f4aeb474a540713c114d952731d15b941b0c1d72c902333d622dbc1887448a93e877ca45b10af55bde97f9641757c6a77949b0c5ecdf4978,UNKNOWN,UNKNOWN,UNKNOWN,IMPROPER BACKING,2.0,40.0,2.0,2.0
0eef57a5a2e13911be6a15376a9fa977108410915ca20f8060591f218fdfe8c68fa3be71326783414d8f9e0795cf832a5da9a909844c95b91fb01fd9c102ea18,CLEAR,DAWN,WET,FAILING TO YIELD RIGHT-OF-WAY,2.0,36.0,2.0,2.0
0eef68584d144ac92aaab360e945c5d866b28f5d6d93dd41cf223f550ad226c60247961d700c2d85fb602ab740b1eb971d9c82bb1e2f3267ac68de31baf36023,CLEAR,DAYLIGHT,DRY,IMPROPER OVERTAKING/PASSING,2.0,39.0,2.0,2.0
0eef6cb3f04b8ed96b107254b806070addd43eb099fd6618f00c05db8ece8aee96bdd1e51ca94407a5885b48459c1f5c35a8e0c121762704df7210940b67620a,CLEAR,DAYLIGHT,DRY,IMPROPER TURNING/NO SIGNAL,2.0,36.0,1.0,1.0
0eef9652b01ad9e3c20994185eef538f0a7e2ffdde4f5d8214a5e5808f29dbdf206e2d4e6c2710f5b0f1acd6a3beb7f6f16d53d252330f764dae7d4c2cdbda95,CLEAR,"DARKNESS, LIGHTED ROAD",DRY,IMPROPER LANE USAGE,2.0,66.0,3.0,3.0
0eefa11cc8f1e01ea9f23f9560bc3402dbc2c0ae8013507e2a5fc224d7c67c47bd0a95aa95bbc06bdc38a8d7373928d935d6e1df200f0ae63ac3220a000edefa,RAIN,"DARKNESS, LIGHTED ROAD",WET,FOLLOWING TOO CLOSELY,2.0,29.0,3.0,3.0
0eefe14f3c7bddf1705275a73fa6f759d22ceb1235c94d50fe9809c758652b4669280db20bc7f397672346c7c787805ea7968aef6acd21d713803aa675612cd3,CLEAR,DAYLIGHT,DRY,DISTRACTION - FROM INSIDE VEHICLE,2.0,53.666666666666664,3.0,3.0
0eeff617b512c2bfd50d0a35bb085735361fde573290e89a7ac8154ee1a725805502e58fe36da48d5d5380b5a44d2aafb718171fed547eee6b6f9500a9e4ba3b,CLOUDY/OVERCAST,DAYLIGHT,WET,DRIVING SKILLS/KNOWLEDGE/EXPERIENCE,2.0,29.5,4.0,4.0
0ef0093626f8b6fd396960f03f7d7c285bf2dbd46fd957f48bb66600c3cbbd0b5edacf07006ca7212bdea62b47012f0bcacaa1c1adf23d4615a9390ba9c4848d,CLEAR,DAYLIGHT,DRY,IMPROPER LANE USAGE,2.0,50.0,2.0,2.0
0ef033040b90c3475bf4fcc9b39a46a032aa55f004a969f022e2aba8167eaf91cc8c91921f8591436a28db79d9f16faeb9cfffcdf5ae92b986dd8c2f36d58a5c,CLEAR,DAYLIGHT,DRY,IMPROPER LANE USAGE,2.0,55.0,2.0,2.0
0ef04b52c0b8fc691d603a95d888f69048d094df38b1b7b496e19f6759690ebc0dfd1c9e738b59410a37fb43eeed87b45e07258bb457184d2b26782de431332b,CLEAR,"DARKNESS, LIGHTED ROAD",DRY,IMPROPER OVERTAKING/PASSING,2.0,48.0,2.0,2.0
0ef072571ef61bca335fb734b7e8eedfd6f5f9b063886b09d12d65836e29e262aebfa056a2a18730efe5587e170d261577ed9e67f4c772d8f3c3730a8519e965,CLEAR,"DARKNESS, LIGHTED ROAD",DRY,FOLLOWING TOO CLOSELY,2.0,51.0,2.0,2.0
0ef0825ea5a4f2a195504090f7c8acdc5d56db25b9470a5dd0f3a380c8831f21a20965fb0dcd625b7973865cef592aca5a130ed6e855f428d2c1faaa46ba5727,CLEAR,DAYLIGHT,DRY,FOLLOWING TOO CLOSELY,2.0,55.0,2.0,2.0
0ef0a33769102bfcea206c76f03cdd03e2e8020d482e83e52f4b13050cfad27e4d5c7551cbfa7e01c5de1960334a637a7357832713f861b4e628386374899af3,CLEAR,DAYLIGHT,UNKNOWN,IMPROPER LANE USAGE,2.0,38.0,2.0,2.0
0ef1387aa94b17b2199e31b5e5dc0753beeb4fb0c80f91c5add377dbbbf0095f269b461f4e20d709f5a0175717b158cfff62b85856c5223be85d46d957427ef7,CLEAR,DAYLIGHT,DRY,FOLLOWING TOO CLOSELY,3.0,29.333333333333332,3.0,3.0
0ef156ef30417c422bb1f9eb286b5eaa6fd54e6fae61ae00ba5a70f8c76d0f9c224898270d5df1e4b197828b16917d4dc356cd8f4fd179dcd1250c367ea08fb1,CLEAR,DAYLIGHT,DRY,FAILING TO YIELD RIGHT-OF-WAY,2.0,48.5,2.0,2.0
0ef15e2ad575990a3339f006c85a244e522d5b9d7bec58b55dd65abc431c6379032a7e796579fa536996feed9472707fb6f11ef5efff59a9afd256efdfc94fe7,CLEAR,DAYLIGHT,DRY,FAILING TO YIELD RIGHT-OF-WAY,2.0,45.5,2.0,2.0
0ef17084bd4d8a309befb98c284320abda0bd8d39b61c492ce122aca3477a8bc2d0037c1ec914df0f23c0a973148b9dc60645b0fe81a5723727edc84f57ba0f0,CLEAR,"DARKNESS, LIGHTED ROAD",DRY,FOLLOWING TOO CLOSELY,1.0,18.0,2.0,2.0
0ef19d3c4e398a79c6c18b8227d3aafbbbc382cf465f8acb6407a0bdc3e7accacfb7dbbb58900398741d30a574b7b397ba12f80fd2e79306a8939a6c4ec58c8c,UNKNOWN,"DARKNESS, LIGHTED ROAD",UNKNOWN,IMPROPER TURNING/NO SIGNAL,2.0,64.0,2.0,2.0
0ef1a74cf6206e2877d6112abd5b0f9db1fe7e39b7e2a7f1cb46b217928eee4762cd76475de7281d0efa8eeb1f9b1608b9100a99cb390c89abc339cf328de293,CLOUDY/OVERCAST,DAYLIGHT,DRY,FAILING TO YIELD RIGHT-OF-WAY,2.0,42.666666666666664,3.0,3.0
0ef1cd2e318d6c7d2cd3605c1a01bf4148cdc8ddde205fb5c327d51f0adedb1495e2825d473d571ab108c6bd01b688ca78fbd7a09837a75148ac205563629d2d,CLEAR,"DARKNESS, LIGHTED ROAD",DRY,FAILING TO YIELD RIGHT-OF-WAY,2.0,32.333333333333336,3.0,3.0
0ef1f45e401098c952eae8158bfa85e6205a5225f417d4e038d7978cb742f19d382d98c23eadb8bf94ee7f804bc3d4c129f7946bd45aeb66714125068dbf0897,CLEAR,DAYLIGHT,DRY,FAILING TO YIELD RIGHT-OF-WAY,2.0,19.5,4.0,4.0
0ef1fb1028416774462f1f689325fc291a14584b414d9da7d95f2c7417803fe122ae2402d0b9f2c694ace6b9d5e0f617335e276b8c6e3b358d2ee0a750df6f97,CLEAR,DAYLIGHT,DRY,DRIVING ON WRONG SIDE/WRONG WAY,2.0,37.5,2.0,2.0
0ef2191e8c5e4f85e9e9e4a04243809a1b3c1d6a77d3ee5272f6ba19deaeda3a884674a26bc2b984334dcbdaf9d4527d65fe48bd95bdc48c7eacf7942752d2bd,CLEAR,"DARKNESS, LIGHTED ROAD",DRY,FAILING TO REDUCE SPEED TO AVOID CRASH,1.0,40.0,1.0,1.0
0ef221f18c601f9e6ec438ddd5c822c52b5241bea8bdaa73e424b664a9874e6528becbcf2057ac1f5db4c7567f844de4804479af1cdc73c45c4a1582ce9979bd,CLEAR,DAYLIGHT,DRY,IMPROPER TURNING/NO SIGNAL,2.0,34.0,3.0,3.0
0ef2242a52ac18abc9fc9265d96e14cb1d7198d2015f95969dd524100c69f91294d9c9a155afcbc2cee8a35228ba059d8e230fd0b061dbd7343cfb1cb6fcb15a,CLEAR,"DARKNESS, LIGHTED ROAD",WET,PHYSICAL CONDITION OF DRIVER,1.0,70.0,1.0,1.0
0ef226b510aca8837ee9c509993943c42c8f4b66c21d3ae394b53af85041e380a217c926474ded4e4ef63ad6d910ec97f78bf4000ef311170441860018755047,CLEAR,DAYLIGHT,DRY,FAILING TO YIELD RIGHT-OF-WAY,2.0,68.0,2.0,2.0
0ef2598b7347d5951b84ae761e071c00d81f99a9af8d61957cfd7d6217fe5dc3c930ad318bf2df0186406570924d0d04d99705dd6ac0078e49469ed88d001c2d,CLEAR,"DARKNESS, LIGHTED ROAD",DRY,IMPROPER OVERTAKING/PASSING,2.0,31.0,2.0,2.0
0ef2a7af09890ce459d4386c7aec85a5d0d5173212adfd88856b599f226d2329dc01f070446c3044141f0c19f2580691b637f17a02b5a7b6b84f9f032979a73b,CLEAR,DAYLIGHT,DRY,IMPROPER BACKING,2.0,17.0,3.0,3.0
0ef2b9c999c837c5559477e31f39b28d26cb72c07ac8122b6350de0f62bfc0508e5b679a5af5a70134f1bd9663a65b1ba80982473959fc02bef1a61e127264fa,SNOW,"DARKNESS, LIGHTED ROAD",WET,IMPROPER OVERTAKING/PASSING,2.0,34.0,2.0,2.0
0ef2cd3f130b490696205e0ce2a2991bed74a24fbb0c3edeecedb6a3d33d2ed3246ae41bab2c8bb80477087e3a7bd438846d028b3a94e02b40d595ef15ad0054,RAIN,DAYLIGHT,WET,FAILING TO REDUCE SPEED TO AVOID CRASH,2.0,37.333333333333336,3.0,3.0
0ef2db3fa2f410d192a6460ad260542516ad961d73dbc9ecce82687c410f3983817b4560419cd0d036fdcb5f518d049a6c36dd162b288203c4ee8abd0025d8d8,CLEAR,DAYLIGHT,DRY,FAILING TO YIELD RIGHT-OF-WAY,2.0,45.0,2.0,2.0
0ef2fd4b4e4d6894897f1c60450f4d7dd93be31992c871fa0c96f2b13c2885ecaffbb59b3cd2541856dbd6c810683310bf93fe5c528a4c0964c02b31c55fb8ca,CLEAR,DAYLIGHT,DRY,DRIVING SKILLS/KNOWLEDGE/EXPERIENCE,2.0,46.0,2.0,2.0
0ef32c52ec61020706b2012eb497ff2dc56a7a381603c5cb1d97397c3fd5451a31100bc68c52a4d02339790ea83f381370a7a55ab2f2ef8d9f7379369720eb62,CLEAR,DAYLIGHT,DRY,DRIVING SKILLS/KNOWLEDGE/EXPERIENCE,2.0,69.0,1.0,1.0
0ef34527ebab1591623ab3cdd044f0e4fff95364953cd3f08fb41775d66c09297202f3e060fae486bd2c4757b8a2ac9ca628d309cccf9b8ea77e3b8bd23fe59f,CLEAR,DAYLIGHT,DRY,DISTRACTION - FROM INSIDE VEHICLE,2.0,32.0,1.0,1.0
0ef37b8624261f06ac7e4b913aecf37757875febc6a5843cb269dddfe0166351e59c3171882263a2150bba454fb73c1fa26259a2f3a450fef12758eae2cb55e3,CLEAR,DAYLIGHT,UNKNOWN,IMPROPER OVERTAKING/PASSING,2.0,51.0,3.0,3.0
0ef37d31d2bbde0b10c041319b75fb0246108c5f655d0ed9393c5c05e9d8dfa310747948d5ff369d1f5e01180c3d98738ac0978385281850307ba4b05c93ef51,CLEAR,"DARKNESS, LIGHTED ROAD",DRY,IMPROPER LANE USAGE,4.0,36.0,1.0,1.0
0ef3a1e89ffc3698d8839a3fdabf88f94d89ae4218f4531ce468e97b333039e6d056445c0c8467d103bec484e8f9204bf48394f5383ec7387ef55baab3f928d4,CLEAR,UNKNOWN,UNKNOWN,IMPROPER TURNING/NO SIGNAL,2.0,46.0,3.0,3.0
0ef3bd1b4a1b1b122f862ecc0f87ff3fd8683feb2d7a58b697700362a1b2f32869997d084420d000883c6b18ddeaa6b9e553ff2e31da6c33284c62fe9df909ce,RAIN,DAYLIGHT,WET,DRIVING SKILLS/KNOWLEDGE/EXPERIENCE,1.0,61.0,1.0,1.0
0ef3bfe5bd5f116a3c2b6dbcf475c1f3769759c9ba5eb25a749e9d9f42d87ec554a9c61eb5ac04992bd91f36cadb8ab75d1bbef80f7bb64ec4c2078477acdf83,CLEAR,"DARKNESS, LIGHTED ROAD",DRY,"OPERATING VEHICLE IN ERRATIC, RECKLESS, CARELESS, NEGLIGENT OR AGGRESSIVE MANNER",3.0,45.5,2.0,2.0
0ef3c73b9ac58223ff4191a3b3a677f98662581b10010accec764455ccb7fdc65f3ae92c713d1e2fb07d4bc0eeb79652e5b70c26735827a260992fdf3e1db845,CLEAR,DAYLIGHT,DRY,FOLLOWING TOO CLOSELY,2.0,42.0,2.0,2.0
0ef3e16fd9a3ec0103d65d73707c74622b9f27f39259b40a0583530a1cdbff974e7443b55dd97b1cbfab734224c0ce7518dba337652fcf133666a9ed8bd3466a,CLEAR,DAYLIGHT,DRY,EXCEEDING AUTHORIZED SPEED LIMIT,2.0,61.0,2.0,2.0
0ef41bf95da825bd0eed6760c090da77b521b9b98e50996a4936f25a9395d96456a1230384b55869a3df56b3c2153df3256c92c95230aa6b368a7867465a5acc,CLOUDY/OVERCAST,DAYLIGHT,DRY,FOLLOWING TOO CLOSELY,2.0,44.333333333333336,3.0,3.0
0ef4503a32a275358ef677e49fb7d9623fc5cf0acc82af902903382b113c0daee84fe094422572566aab15976a671b0ab9198fe54d2c8cfc60a7cfd283325eaf,CLEAR,DAYLIGHT,DRY,IMPROPER BACKING,2.0,64.0,2.0,2.0
0ef467b351483b84ae63636e4ed2609faab093e6077a79e88dd7c04900b623db89a6f476024b49f12f5d0b1964bf66621481e3bdaaec8476fa62e4c2615df536,CLEAR,DAYLIGHT,DRY,FOLLOWING TOO CLOSELY,3.0,32.666666666666664,3.0,3.0
0ef469fe9d7d1b65fec2d22aceaab05c5c78dac4d59ef8dccc8f7eee11682c8915ebf0c0ecdb577cee138040d5f77d2cd3b6480e9af17da6e0058301a07511fa,CLEAR,DAYLIGHT,DRY,IMPROPER BACKING,2.0,36.0,2.0,2.0
0ef47397c3fc12942bdb6697a42af6d12260e1ac806201428e3776a83dba9e120edc3ea0430c396e21919976b7a0d71acd8a8f489c4c94d23ca8dd2bac5bc796,CLOUDY/OVERCAST,"DARKNESS, LIGHTED ROAD",DRY,FAILING TO YIELD RIGHT-OF-WAY,2.0,21.5,2.0,2.0
0ef477dbc1b6a86a9bd1ae533bc9735c4fa60f3aff7d3d642d251f29f2f796eb598aa68c493f3589aa37e64feaf83c6d11c03f02e38c8d6fea5744eb088d486f,SNOW,DAYLIGHT,SNOW OR SLUSH,WEATHER,2.0,51.0,2.0,2.0
0ef48d5edbe1f23a4955eac7ee8f3ec204ae3d0b7773d2e8fbad23b14c83d9a4420a879b86608d6c57e092e690f5026fdb18c7b44ff1374ab6eef79a5d7a948f,CLEAR,DAYLIGHT,DRY,IMPROPER LANE USAGE,2.0,36.5,2.0,2.0
0ef49c6c2b7ff2ce9428094809efbc095b5ba1ea5ee7cc24f54db24044b35e41d8140c1435f40afb1eceef642222d1b4c07eb6261bbb26605d86ed23da0be39a,CLEAR,DAYLIGHT,DRY,FAILING TO YIELD RIGHT-OF-WAY,2.0,48.5,2.0,2.0
0ef4f50bc6449ef7b3c622036b31fa8c441c587e6e2620cfc2d74e4787aaccce54ef685be50912ba46a8b0aac1065b53afeee2ae312fba8071fb1792b0aadce7,CLEAR,UNKNOWN,UNKNOWN,IMPROPER OVERTAKING/PASSING,2.0,55.0,4.0,4.0
0ef509de6a48df5117c070d14190983be85cdff98789231fa45dfd73bd7aca958dfa6c63ca2ff98a77813ee66d65ac0b6bcaede094c56ff625ebd3f50e192ed1,FOG/SMOKE/HAZE,DAYLIGHT,WET,DISREGARDING STOP SIGN,2.0,17.5,4.0,4.0
0ef587b14e61c943befea9c607f07ece959dc1b0527a2836ada4b906dc12ac4de4b06e1c2ebc4dca1d10225728828a686bfb453d78dbbdde1e26bc0e37610379,CLEAR,DAYLIGHT,DRY,IMPROPER TURNING/NO SIGNAL,2.0,54.0,2.0,2.0
0ef5a370aa8cb3b419fde6231700cc05bc2a587ca4c4f41e6e4aad3076d911b9705795aa4534c38da760604708a63e34d31db92d0ed7d628a7480f598eec7530,CLEAR,DAYLIGHT,DRY,DISTRACTION - FROM INSIDE VEHICLE,2.0,19.0,1.0,1.0
0ef5c3771bee0d857efed3ec688bc6a7913725aba4469017b058df739c2819a590a5d34be18c64198d1822630eac4a489ae2014150ae5800ad251f7b00b643c5,RAIN,DAYLIGHT,WET,WEATHER,2.0,51.5,2.0,2.0
0ef5e96710804b1ae1c6bbfc4a1ec9df163519cd0181c29ba26915bd3c2ee85d8d89f2ad84a31fafa88fdb22f13574ac256c5ac3d1a9a7eb13d57024bef753c8,CLEAR,DAYLIGHT,DRY,FAILING TO YIELD RIGHT-OF-WAY,2.0,53.0,2.0,2.0
0ef5ee3f916e606fa5adfc47e218dcf56246fa1db30a5dd094ef5f148cf51fb888d34d7468349b4587e34bca18f848d85728cc90333f03547beea2b2f5de940d,CLEAR,"DARKNESS, LIGHTED ROAD",DRY,IMPROPER TURNING/NO SIGNAL,2.0,49.0,3.0,3.0
0ef63b3bc51ed59e4d926556e720a7bf1c33abdc2e1bcebe038f6e5383610c197891e115174d689c9bcba551acbe59c5a7d5f3ec2355683804759fcc72afb052,CLEAR,DAYLIGHT,DRY,FOLLOWING TOO CLOSELY,3.0,34.333333333333336,3.0,3.0