crash_record_id,weather_condition,lighting_condition,roadway_surface_cond,prim_contributory_cause,total_vehicles,avg_driver_age,total_people,total_injured
0ef64251d15476afb53c4b9372950e5d548b5d59a69bc4946b0d08b77ac390f8a5ebcd00b0d6e1cbc71e790ac82440475af55899e7c27e5d73cfc242469b6071,CLEAR,"DARKNESS, LIGHTED ROAD",DRY,IMPROPER TURNING/NO SIGNAL,2.0,48.0,2.0,2.0
0ef6709192f7515bdda8d195608ac7ab9d0653850f28d00a7501b62c22e939f2829a812567bbb5e4d59ce62a68dd33f3ce034e44c6d8ddfd4a94db49849d91e9,CLEAR,DUSK,DRY,FOLLOWING TOO CLOSELY,2.0,57.5,2.0,2.0
0ef679635c3a5e56b5e43d77f71c40b7d91b6f1fbcdf36509df8c9593f85903a2e00f055fc5906346f7a50e755c67c2cd938c9fcad11ae80da56b3667bfd02ce,CLEAR,"DARKNESS, LIGHTED ROAD",DRY,IMPROPER OVERTAKING/PASSING,2.0,38.0,2.0,2.0
0ef68a59e7425497b8e4d307a0794b5129d22c84198f2225d8a7e1d6c58f75ff63a8f671f3b4fd42620d6af63a359237eaca17fbd5874ab2b1b2dca2ff1581cc,OTHER,DAYLIGHT,WET,DISREGARDING STOP SIGN,3.0,29.0,3.0,3.0
0ef6ac060f36e8b71edc300c563cb29561ae5ed313d268c48af19fe1f8cb0dece0b903e1f0147d60040f7f745f20ef3defbc15535f8902f47b4f5d98004d5125,CLOUDY/OVERCAST,"DARKNESS, LIGHTED ROAD",WET,PHYSICAL CONDITION OF DRIVER,1.0,40.0,1.0,1.0
0ef6ae329b1c256b4c6a9ed1bfe7671fbacc20c1c4f2729f22c5ff9d71cce8faa8097a38e8ed2ebc78f7342b4ad0ade7a4023e127cd1e1160afea6080966d91a,CLEAR,DAYLIGHT,DRY,FOLLOWING TOO CLOSELY,2.0,30.0,2.0,2.0
0ef6bf8c2b641e61f930d59aa90ca25b28bce552eed0fd67021a5da5438fe689f1209b0a2ee5e8d2f23b358298728b851338021d34b9c3aeda5358665ecb73d1,CLEAR,DAYLIGHT,DRY,IMPROPER OVERTAKING/PASSING,2.0,35.0,2.0,2.0
0ef6dfd930c4b287ba41b4e5ef073325059129440668102cf01f2b8aa03eac9aaf1deb02e4955b573bc58fff69cd04e3aa005aea1141fa79dba65e44cfbfc387,UNKNOWN,UNKNOWN,UNKNOWN,IMPROPER BACKING,3.0,29.75,4.0,4.0
0ef6ea2be33a1a8984ced27b24085a7adc32f7ff11612bf5e58f326f367eb66a250dd0865ca6535bbc78b5ea5ec8f29dfad869624baff7a72b6c11ba2e69ef00,CLEAR,DAYLIGHT,DRY,FAILING TO YIELD RIGHT-OF-WAY,2.0,34.0,2.0,2.0
0ef701285053e644ad3ca8f1aef406090288424528fd9c44c24525ef78277151a43ef91331ca26f0b03908cb65538f127940ee6328a8ff02b8944a61de55576e,RAIN,DAYLIGHT,DRY,IMPROPER BACKING,2.0,65.0,2.0,2.0
0ef718b61d7d17c6b1fc46f6fcd961e77fa9f37f594dba8c6f8ed582356ab5baf55cd66bc73aa5913f78421fc6fd164c6d17f221371e2ab47d0546fcec3b55ca,RAIN,DARKNESS,WET,FAILING TO YIELD RIGHT-OF-WAY,1.0,37.5,2.0,2.0
0ef76802313d6692a0e89118642ebad63af3dd52ac5cda1712c9c1e0b80ed3f43e4b86371dcc8485bc13d44a53a1f105cd0aaa944de5493b0c9206f84dd98f81,CLEAR,DAYLIGHT,ICE,WEATHER,2.0,38.0,2.0,2.0
0ef7a1bd03084d78b7f059299dde6dff86c118948d808b8b3d325b454d9479c091d41046a597eb135f555a81f678b933f0ea03cce6902c7ab7371d9c221bbb8f,SNOW,DAYLIGHT,SNOW OR SLUSH,WEATHER,2.0,58.0,6.0,6.0
0ef7a217b7e54f7f1ee977742f61604e8e3689cc587953a922828f4e75d08869d2aa977228299457f5f9065e32a033fec51735da5d8ef06b97b31825089a9659,CLEAR,"DARKNESS, LIGHTED ROAD",DRY,IMPROPER LANE USAGE,2.0,37.5,1.0,1.0
0ef81a49a5de8bf74adc6a32f518984f4aa392dc005b02b4c6bbbd96b32fffead3ab47da7beb9bb51621a03b22f126d18d9d75bd07f41bb3e7037724ee337158,CLEAR,"DARKNESS, LIGHTED ROAD",UNKNOWN,DISREGARDING TRAFFIC SIGNALS,2.0,31.0,3.0,3.0
0ef83a84dc10b9a735e04d02b34f205bf32feecd6d6143673f45b4cecad956470ec475e2aba07452e04b335d084eee88a98c33f29df3f74840fbd83ed0a4fbb3,CLEAR,DAYLIGHT,DRY,IMPROPER OVERTAKING/PASSING,2.0,53.0,2.0,2.0
0ef87c40e48b9f01e8814ab942cffe943fbb85863e671ca51af7c0ee23f43f2054c05d9acd381e37f72627ac2c273341e6f094f507609df0701ac36628118db7,CLEAR,DAYLIGHT,WET,FOLLOWING TOO CLOSELY,2.0,38.0,7.0,7.0
0ef886cef1b41e9c6889403e4f7391ed144ae8735bbb684daba3c3df596b5b646671bc8d89ae06a90e7a9fd1ea9b4e0fb0ddf098b388a22292e3ca601f020d18,CLEAR,DAYLIGHT,DRY,"VISION OBSCURED (SIGNS, TREE LIMBS, BUILDINGS, ETC.)",2.0,33.5,2.0,2.0
0ef898940de2890c825c448891dcac22645ba7c3ce368d7b50c989e213b9a3dcff20e2af35e76fc0c74923f7ee3719da6fc994591f18570b5daac9b8d24a50e1,CLEAR,DARKNESS,DRY,IMPROPER BACKING,2.0,58.0,1.0,1.0
0ef8ab48d16fb332287249fc2a6ad5dce9424722a32ba3b8b1db95a80da27aad48076aec9fb890b9881899f4566a5c3ef45407a1ff971efdb66aab3ea509f035,CLEAR,DAYLIGHT,DRY,FAILING TO YIELD RIGHT-OF-WAY,1.0,63.5,4.0,4.0
0ef8cb49ada70bc0ce4b9a526f69189f02f97fb11a65352267a89c0f3ad2fc9a0b3765f6477f010fa2ae74d12df3b14cd70f20e8a5d6633d6b4a57832bac04de,CLEAR,"DARKNESS, LIGHTED ROAD",DRY,HAD BEEN DRINKING (USE WHEN ARREST IS NOT MADE),4.0,63.0,1.0,1.0
0ef8e8859188b65a20e8128c4155359b4302d5aa2bbc083701a0a6cd88b4d6db6339c161b038a1b30201c97a04460ea77c4c1e47ae7fe73a289c640e97462f5c,CLEAR,DAYLIGHT,DRY,IMPROPER LANE USAGE,2.0,37.0,2.0,2.0
0ef8ff9a7b49485bf818bbdf4d8b982aaa61ec2a877af089110ab6bc53e7cb186825b3e07cfd8a5072fe2a6da68f683c40c03cd878a3f4ad6abcc49f04b5bd29,CLEAR,"DARKNESS, LIGHTED ROAD",DRY,FOLLOWING TOO CLOSELY,2.0,36.0,2.0,2.0
0ef92b75fe5a6cfc2bec081abb4d8f9c115824c2ad543bc570a9c9b3a8e9387b05b5195342741fc2c10621ab90e082baf188bf2534d8b33be05952499d01f13a,CLEAR,"DARKNESS, LIGHTED ROAD",DRY,DISREGARDING STOP SIGN,2.0,35.0,2.0,2.0
0ef9319aa23bf01a8ca523f59e747ab27906066f6ecf71a8aed15226419d8b64aac9a12739e42ebbe4358971a88ba8d59e974182c8996989cfb4f1831451e44c,CLEAR,DAYLIGHT,DRY,FOLLOWING TOO CLOSELY,2.0,57.5,2.0,2.0
0ef93c67cd4915c25231f4f7a26d700baff05ba334a12a24985d411d3216e22445f87a191d2096c68d657ee4383f24d3c86632e3ee73dd1623922daa4dd8cf66,UNKNOWN,"DARKNESS, LIGHTED ROAD",UNKNOWN,DISREGARDING ROAD MARKINGS,2.0,41.5,3.0,3.0
0ef94f03bf318941391c1ecdc66b4bc65cd55283209268b08cae1c75bc804b424ad2d02a312782bf23ace18aad4f02550f548a2c8c2b4a48ac53860fe7a42cbb,CLEAR,DAYLIGHT,DRY,FAILING TO YIELD RIGHT-OF-WAY,2.0,37.5,2.0,2.0
0ef953836047902d0034d0ad15dba49b1e2698236159656006162d22cfc5101af7a841c305dc784f1c1207370d0bdf01009e3eec78a0c49c653700d7d5775552,CLEAR,DARKNESS,DRY,IMPROPER OVERTAKING/PASSING,2.0,40.666666666666664,5.0,5.0
0ef9af28cd8407ea4a89d3d72e82f60f965debc8ca97a70ea03f89e0a6609eca3b0b03d903299406a747aab7f32f154df4c6bb37c851d4adcb3094058c318112,CLEAR,DARKNESS,WET,DISREGARDING STOP SIGN,2.0,47.666666666666664,3.0,3.0
0ef9b8a3bb8490c46dc1f389f729022105044a855e4d43501d15affb3f2b0a1a56cc0cbc1e1d70058463955274366ec6be6ccf9c4e2ada2fadf0d74b32192a41,CLEAR,DAYLIGHT,DRY,IMPROPER TURNING/NO SIGNAL,2.0,30.0,2.0,2.0
0ef9c683af3ba18afbbeb46c72b31d9cc7122872d4e800fdee598d4f4099e9ce523235b83eed3576f64b6da0e49060a92c622f5e05a4138b084f43ad4b0818cb,RAIN,"DARKNESS, LIGHTED ROAD",WET,ROAD CONSTRUCTION/MAINTENANCE,1.0,70.0,1.0,1.0
0efa3621530a0960ce0d5cbbdce10046af5d88998d87f8fb6519e4ae83cb46ca48264c61657fbf45289de5ea5ae45f87cb7cc7482ca92e3f84326aaa72a69575,CLOUDY/OVERCAST,"DARKNESS, LIGHTED ROAD",SNOW OR SLUSH,FAILING TO REDUCE SPEED TO AVOID CRASH,2.0,31.0,2.0,2.0
0efa4f8efac8f0e2f22d8e51221d3bdeb06a94585b551765d97e833fe06a4a13dad5aae89359f7f3a72f2eed1613480109d192baec74eb6e26edd3525896d1d2,CLEAR,DAYLIGHT,DRY,DRIVING SKILLS/KNOWLEDGE/EXPERIENCE,2.0,27.5,2.0,2.0
0efa57e35513afbfc997c074ffea1e9851a9301db8b4f0f13b99b0da6a249cf4409128eab320473fd87b538c06d77f955e066e08e41e7e6c37f3ba6815f5bbbf,CLEAR,DAYLIGHT,DRY,FAILING TO YIELD RIGHT-OF-WAY,1.0,41.0,3.0,3.0
0efa5885fc669603945a49bb3a6bab89ed4fdde3b27c1fa1e419d3ad23611d55c310d84933ad5e243653aed42ae1419d0a91da7721be2bf5aea565a8d6168d5f,CLEAR,DAYLIGHT,DRY,FOLLOWING TOO CLOSELY,2.0,66.0,2.0,2.0
0efa6bc889a6646abdb7b1d631aca2420f1bbb08316183532c85c8f9078a5dde61fc957d622544ad255ec70869b4f0ad8efea76c7782bf7cc0e1b9a0c1290bc0,CLEAR,DAYLIGHT,DRY,DISTRACTION - FROM OUTSIDE VEHICLE,1.0,21.5,2.0,2.0
0efa7138fc6ebab28f3da64d8b95d299200a8fb24bdb8777ec062593a756cd4fc8b8e2666e7ac8332dca9b93a88da5a16bc111bb7f265a0c268bb34e7e691be4,CLEAR,"DARKNESS, LIGHTED ROAD",DRY,DISREGARDING TRAFFIC SIGNALS,3.0,65.0,3.0,3.0
0efa81121c6ea6077519aa66b39231bb01f17fd7fdc3725d42761836ee4b60ce96f85ca9f28c18181b7df33377d15b73dc804a2de0a5be9ea4f388b4649f1f2a,CLEAR,DAYLIGHT,DRY,FOLLOWING TOO CLOSELY,2.0,27.5,2.0,2.0
0efa86d72920c9def0df12941773dfe4e776e4be0331c3164c5758655e460292553cef9350f3fe5b56279b7101c952d94b1afe934bab6af5a0625fb6ceee2ae8,CLEAR,DAYLIGHT,DRY,DISREGARDING TRAFFIC SIGNALS,2.0,24.0,3.0,3.0
0efaaf4e4b52058569f29983b4bbdce898d418ceb67cb1eb09dce215e63a29281dcfee9052fdde9cba7af668fb43a7ce9b93504872a979d62ca7006f81a0d67f,CLEAR,DAYLIGHT,DRY,IMPROPER TURNING/NO SIGNAL,2.0,30.0,2.0,2.0
0efabd105be02754f9f4ed315cc8da39c60bc10b7090c9dff4bd1be3d0afa3c2de7f4c42c1f504f2eaf3f9dd9bf4f53e2ae9d0706d79ce11defaef0fea68c561,CLEAR,DAYLIGHT,DRY,DISREGARDING OTHER TRAFFIC SIGNS,1.0,22.0,2.0,2.0
0efadd4718fd0618f64847218d45c9917364771bce842c9674c3fb559509774baa18f1803a0b83f892bf37f928ebcfcd96996ecca617f76da71b3d6ac89d0789,CLEAR,DAYLIGHT,DRY,IMPROPER LANE USAGE,3.0,56.0,3.0,3.0
0efaeadcdb8b42f7769d16d280f9103244b0d54811fe2417de8064a5157aea64e00780737aa4377b6949ce41fb4beae594ce7c2bd48794f95eea6ea46571653f,RAIN,DARKNESS,WET,"VISION OBSCURED (SIGNS, TREE LIMBS, BUILDINGS, ETC.)",1.0,55.0,2.0,2.0
0efaef3c4d4c6ef72e33ab75ccd0ff90b907b5b92a538e9152b60963aa4da62a0c9a56cd4fb7adabf69cb2e39e325536e638bd07dc04d389c05949ab94f46864,CLEAR,DAYLIGHT,DRY,FAILING TO YIELD RIGHT-OF-WAY,2.0,20.333333333333332,3.0,3.0
0efb29da685cb24e3396cfaec040646aebbe8810aa0ece8194bf1a6f27d0e25255c7492c289ba1be00657d8f54520f1c5a1d1586e077f972bfce9178dae303b4,CLEAR,DAYLIGHT,DRY,FOLLOWING TOO CLOSELY,2.0,54.5,2.0,2.0
0efb4e16c5de3f542f0888c120274eebd6647b2b8cb2d30748d61afb025e5248202e301422fa86cfab3fa9331d29d445539b2be17c054efd3701d1b2fb184fd5,CLEAR,DAYLIGHT,DRY,FAILING TO YIELD RIGHT-OF-WAY,1.0,31.0,2.0,2.0
0efb9e0804bd32be3b732a2f02f798432a874ff6f3ea5d4557175551b17b8634924a598eba7d1dc82ddefc1ea9cbad6d27a41f95a060b9f025026b63e7461740,CLEAR,DAYLIGHT,DRY,FAILING TO YIELD RIGHT-OF-WAY,2.0,48.0,2.0,2.0
0efbc32b53a4448bdb8f2044432cfcb6cada31e50f1192ac644e8b7165a9a1e95b61e59a95a5a0ac36ac8c7f36c116488d2fefbc33626b9442e9a5f1bf2d7b4a,CLEAR,DAYLIGHT,DRY,IMPROPER LANE USAGE,2.0,37.5,3.0,3.0
0efbc4f9ffd8e6de7d5aaf66ef931b64853ef8ea6215285a34d23c0508bffa9765113ec44aa98cb11238e7f38545abf2c5f58c60ee39b7dfda6fb1cfeb21f799,CLEAR,DAYLIGHT,DRY,IMPROPER OVERTAKING/PASSING,2.0,23.833333333333332,6.0,6.0
0efbda394e0b81e39e4088fbe301a2b6e7201fe8f059cbca322f25a55a772bbc39563edbb8a074fc514240117765c182d97bcd6907de6946d2d87f5b488adf4a,CLEAR,"DARKNESS, LIGHTED ROAD",DRY,FOLLOWING TOO CLOSELY,2.0,34.333333333333336,4.0,4.0
0efc22b11106b614571d02f44b262f8a9f312b0098cd661ab5b77f39895650596069223501ec88a44cb22d963d1875b5b64c213f94e6d054111cd1110b56a3c0,CLEAR,"DARKNESS, LIGHTED ROAD",DRY,DRIVING SKILLS/KNOWLEDGE/EXPERIENCE,3.0,18.0,4.0,4.0
0efc289450de7a0f2072fef805b95fa8d1dc0bf249101e8e5d00dc93e46d961737a12bd84ab6cdb96b88c547e056f6c23052285bbdc476067f0c6209b38dd50e,CLEAR,DAYLIGHT,DRY,FAILING TO YIELD RIGHT-OF-WAY,2.0,19.0,2.0,2.0
0efc2f061ee4a0985e63b7a6d2529cc8720e1e70afcc2f5500888f53641aedc973daebf1a801fc5c4a9243f09a1dd8498e1c8e17032182d0293cecc6149ee0ca,CLEAR,DAYLIGHT,DRY,FOLLOWING TOO CLOSELY,2.0,22.25,4.0,4.0
0efc2f920d5a9d11b680db78e89d9b87fccd56ec9365fd02870c77ee9e0767b7baf6dce41200101af18db77048af9823649a98cf431dcc0611e0d776778b6037,CLEAR,"DARKNESS, LIGHTED ROAD",DRY,DRIVING SKILLS/KNOWLEDGE/EXPERIENCE,1.0,40.0,2.0,2.0
0efc6fe590216e2c9db4239e6e7e260ade316e469c3b09210d3cd2420e896c952516d22a098be1bc4b3ea688d15c5d693529b4497e912de00210c9ffd0108c3c,CLEAR,DAYLIGHT,DRY,IMPROPER TURNING/NO SIGNAL,2.0,27.333333333333332,3.0,3.0
0efc985dea581249edc4baf6d67e453a72057ee6190a21748627e16110f6f6d37b76ede06a02d43ea636f32fbda3413b85d8c4960ff139b998e140e6fa4e7ce0,CLEAR,DAYLIGHT,UNKNOWN,IMPROPER OVERTAKING/PASSING,2.0,43.0,3.0,3.0
0efca36efbdf4a398370a566dd1c0fd5783adb039200d664b5af904db1a28af3e62c56f384aac3698a833b83cfbdd51b351a0be4f67a093217146f468ad39f51,CLEAR,DAYLIGHT,DRY,DISREGARDING TRAFFIC SIGNALS,2.0,30.5,3.0,3.0
0efca44c7bca6c22eb11be7f0709a422bc17c813102915a9c62078795af298a362145ae255586d2fc40bf5c9e4ffd4dac43df4759b91a2a23bc696f5f469fc41,SNOW,DAYLIGHT,WET,FOLLOWING TOO CLOSELY,2.0,44.0,2.0,2.0
0efcb1552e09c23e5dd7f195674af3a596f9c716e7b82f8b4f9a84cc981276b939867b723545162a430b80bc56ef1c35d85e89997c5958b93b7684000278039c,CLEAR,DAYLIGHT,DRY,FAILING TO YIELD RIGHT-OF-WAY,2.0,32.5,2.0,2.0
0efcc42598e791cf5816917061e938da79c6c0346f2ba106d1c4478eb8d32aa4be90e4e582ade73da3ecad86a58d5957ae9d8646afb168bf5a92ad3bd0c42554,RAIN,DAYLIGHT,WET,IMPROPER TURNING/NO SIGNAL,2.0,45.0,3.0,3.0
0efcd47b657de5c9310f441daa635d43e54e3f45af2d293745434ff6821a7cfc9be854d6c7ddff1b073e8e08bd3bc3d6b098df0421e5fa0e91d8a5c48818501e,RAIN,DAYLIGHT,WET,FAILING TO YIELD RIGHT-OF-WAY,2.0,39.0,2.0,2.0
0efcefc29be9fb152da8395cf697493e3c690c1124ffd8f4d13b43b130500be0cdc190580e461bde25df422cd37b909c006e68e48bde1c8f6d4a39fafe998cca,CLEAR,DAYLIGHT,DRY,DISREGARDING STOP SIGN,2.0,33.0,2.0,2.0
0efd0edd28a411cc4a633e78f8fe7f22dae98ff737dcb68a44c13af20cf2ff7945905d9668db1a4587c71ed63b12dc25609c023e15d4f762cea214831c4ce4ad,CLEAR,"DARKNESS, LIGHTED ROAD",DRY,PHYSICAL CONDITION OF DRIVER,3.0,18.0,1.0,1.0
0efd21afc596659203a19997dd49dd5b89323b003f3988e6c5b65eb596d498dcba0cfbb9a90d2248697a083649fe70c866fca8298b255123e3014fbfd9b699d6,CLEAR,DAYLIGHT,DRY,FAILING TO YIELD RIGHT-OF-WAY,2.0,35.75,6.0,6.0
0efd452a8a1181191854826f87acf9ed84eb9c9ec6c29f33a9991df4570f925a902dff6a35c02341aa44b49dd67eb1de5dff0532965078d768eb4295fce0823e,CLEAR,DAYLIGHT,UNKNOWN,FAILING TO YIELD RIGHT-OF-WAY,2.0,36.5,2.0,2.0
0efd5ed2c6f483a4a69777f7708d5a9722c717a3039ed4a454e31d68ec561e10e13b993c250131f87f825c4408cf8da12a1eed74df7867c3f5f2e89886fcb4cb,CLEAR,DAYLIGHT,DRY,FOLLOWING TOO CLOSELY,2.0,26.0,2.0,2.0
0efd81d767ea9b51741e527dbd9001761b69fbd38c2eebf051f355ccb219fcee7846bbd225c969ddf9ca927e690cbda984706d680dc34dbeeff50eccb97d4516,CLEAR,DAYLIGHT,DRY,FOLLOWING TOO CLOSELY,2.0,36.5,2.0,2.0
0efd8902390b316af5f33187943dcf03eca0f0e786581affc38ea59e3a5ab566cb73c57bceb1554a492ddc8270da7d6c81773df856af4b3ea9d61f10b96aaa2d,CLEAR,DAYLIGHT,DRY,FOLLOWING TOO CLOSELY,3.0,43.0,3.0,3.0
0efdbd3cd2d2c27ee59df6dc8092b95b3038641b4deb378be8b10256333761a8db9d77ef171366281e82a1fe1e52906927258b89660e1ece08aebb340480b01c,CLEAR,"DARKNESS, LIGHTED ROAD",DRY,EXCEEDING AUTHORIZED SPEED LIMIT,5.0,37.5,4.0,4.0
0efdd44d53575825ef203c9771084dad95b08c0a8e4ecb7dca0f45fb6bed14c6056321d21561d2132c45714cea4f56382775c92faf3b12df05f2a30d45fd0b04,CLEAR,DAYLIGHT,DRY,FOLLOWING TOO CLOSELY,2.0,57.0,2.0,2.0
0efdea59e09a704a490e2b8df8abb1ec1f7b6553150eb8f2f75314f60ba42052d5b4d37e5d0c8f99ff50c6a4b7c0b2ac97a0043e8a26abf75b6c2d57fc89b341,CLEAR,DAYLIGHT,DRY,FOLLOWING TOO CLOSELY,2.0,37.5,3.0,3.0
0efdeed0680531caab9c40dac6a28b0602dae5abb301f06cf429bca21479b40fbc2a8a7c0deed202bbac064e8ff3bf2e47e8bd05e5e5b9f91b7bc2385eab754d,CLEAR,DAYLIGHT,DRY,FAILING TO YIELD RIGHT-OF-WAY,2.0,44.5,5.0,5.0
0efe39ba9068fd926a68a8be184e8b934a35e38ca44a0b78804f3da36d42907a5521288451d3ba7092701faae7f4f016bdd98138eeb6bcbe7a7d6cf01c7746ab,CLOUDY/OVERCAST,DAYLIGHT,DRY,"OPERATING VEHICLE IN ERRATIC, RECKLESS, CARELESS, NEGLIGENT OR AGGRESSIVE MANNER",2.0,37.5,2.0,2.0
0efe70a09c91b36295153fe9885a371ec41a521933995248978e66772283d1166630882043b0790fed4fb2bc845e4969d9b3305fe9626686f19906c6e9c217ce,SNOW,DAYLIGHT,SNOW OR SLUSH,WEATHER,3.0,26.0,4.0,4.0
0efea510184589407e9a800489a0701cda03cfbc027e68ecddc00bbf07d8c1727bb5a1d2a3862a263a569066d956d7ccb60c09ac053ced633c2111f56acb798e,CLEAR,DAYLIGHT,DRY,FAILING TO YIELD RIGHT-OF-WAY,2.0,49.0,2.0,2.0
0efeb269cf0cfb92b853a027f91bd1f5e1c68b107bc658b01d298620b45683d8b00d6fef928ba9893b5a2a3603a321920e271373d4c7273eced96d605bc19bd1,CLEAR,DUSK,DRY,DISREGARDING TRAFFIC SIGNALS,2.0,37.666666666666664,5.0,5.0
0efebac3cd6474f9266064ce6bf75ad285617cd1439638cb3e2ed976a7497d0ab438e294baf53c88cc63c5465de84b40ae4d78ffed85b2f162934b30adbeef51,CLEAR,DAYLIGHT,DRY,"EVASIVE ACTION DUE TO ANIMAL, OBJECT, NONMOTORIST",1.0,37.5,2.0,2.0
0efec9ef112f5e315a3410e8edad206badae8851848f17d0a0b5ef80836100772a0824da3fa66ae6a8887ee67a469f55e4098c529756a9253b8dbc9b4a9346a6,CLEAR,DAYLIGHT,DRY,IMPROPER BACKING,2.0,31.666666666666668,3.0,3.0
0efecf99a410ce3c8310995dd11b8606260bd0814b5854822c903839846ce4fd67d4e0891212a634bca3f5ced39f2a27c108a2d947f4c2cbd3f81910c81b09fa,CLEAR,DAYLIGHT,DRY,DISREGARDING TRAFFIC SIGNALS,2.0,36.0,2.0,2.0
0eff18a33b4c6f2f79905938a2451e96852457a110afb82d85bb79d1996b82a3d50e0f46f26914b667fb2dc93718ae6920819d01612498d0796bd6cf60a213f9,RAIN,DAYLIGHT,WET,WEATHER,2.0,29.0,2.0,2.0
0eff2b5050546a6ef5d718e9d71ac428b2f8f8c95ee4781becd13082fb1f411bef3e84fe3fc482480b93ebe819c7e0a9b82be1fbaaded2e8b176f6708cb74295,CLEAR,DAYLIGHT,DRY,IMPROPER BACKING,2.0,29.5,2.0,2.0
0eff3ba3f23a642ab577cefa08c6058f6fe3489ae4461e9f5316f6bbead978c54244d1b7e8b6bc9a41f218be5ab9be7ea2f15831d3d476974016b499817b22ca,CLEAR,DAYLIGHT,DRY,IMPROPER OVERTAKING/PASSING,2.0,51.0,3.0,3.0
0eff611d9aa73ac9337edd0072dac6e7150aa7ab6976495b0a526cc57b5591cf0b52de23679308aa5deba48004264bdba84b41dd7917c7973044be20c603b359,CLEAR,DAYLIGHT,DRY,FOLLOWING TOO CLOSELY,2.0,30.5,2.0,2.0
0eff63691e5396b25606053d4f89ebd1c2b4e1505c68cc6f1c5126e868a10ff359914aba31c1b449a1b115304ccd76ef5f164d3e5eea45c05ac88667479d5681,SNOW,DAYLIGHT,SNOW OR SLUSH,WEATHER,3.0,30.2,12.0,12.0
0eff67bd658340d25f422f9d9cdb925ffcf013dae875084543c54b5a80d9eb9709fe1cacaec8f8816970b73996e85e5862e4e1f9d20229f7dad6e877dd2ce17d,RAIN,"DARKNESS, LIGHTED ROAD",WET,WEATHER,2.0,40.0,2.0,2.0
0eff88022f2d28d5e65cf590708c074853cce1d6b5ab9be2e3e0102e88b0df32a01692f9fe861637bd13035d708e67fb63db730807aa4077d248373a142d0c22,CLEAR,DAYLIGHT,UNKNOWN,FAILING TO YIELD RIGHT-OF-WAY,2.0,22.666666666666668,3.0,3.0
0effd105b526fd865439fb3dcce11aee4eb8484ee116cfb577d5fbbe133bde6b44e606a5d02277fb38a85029bbc197b43edb5387fec9838ad8a0ccfe2cfb1168,CLEAR,DAWN,DRY,FAILING TO YIELD RIGHT-OF-WAY,2.0,43.0,2.0,2.0
0efff4fc385c48991632f7ed036a257a58939c7a4e898f670ba98c668490ebbb77275ab8167c52e4a6108432db2d8f8b046f2787569cf06324eca124f4e0dee3,CLEAR,DAYLIGHT,DRY,FAILING TO YIELD RIGHT-OF-WAY,2.0,34.0,2.0,2.0
0f0043e1d0ceb92ced078b92d5d492086aba8f0a5d4016de7e66b225d160c7bca9caeef4f787f6b98ea93828cea679d14ea415dea5dfee6920d7bf7ddf214685,RAIN,"DARKNESS, LIGHTED ROAD",WET,IMPROPER BACKING,2.0,37.5,1.0,1.0
0f0064254a5eec6f790b464effa3685881dabdf4a4bda34cb51f99f6bfdafc83058c5bbcb22e6efde8b149fa8204d03159aed236804635f9f46a49906dd428e5,CLEAR,DAYLIGHT,DRY,IMPROPER TURNING/NO SIGNAL,2.0,27.0,2.0,2.0
0f00afb7c74950dd7f641f143b0ccbd9bccfaf0038bc05fd3d2d4246b7006d061a9cf612398b1eb99da2cd18ed73458f90fe83b341e83a0b6fbd9965f9cc88d8,CLEAR,DAYLIGHT,DRY,EQUIPMENT - VEHICLE CONDITION,2.0,56.5,2.0,2.0
0f00be2ff455713db0873a9c4fcc559c6d844cbd7486ab9ed267e8d0b969613381c0739d576f5089b47cb19f1e6d98bac20819a973210bc138c6bf47033bf73b,CLEAR,"DARKNESS, LIGHTED ROAD",DRY,FAILING TO YIELD RIGHT-OF-WAY,2.0,36.0,3.0,3.0
0f00f90d9d5698b836d1980c5803bc235a51a80929aa147172c7db97685b6e86d76d9febb25341af1d43951899dd220b091427769af92f33c195b394b4f5ac92,CLEAR,DAYLIGHT,DRY,IMPROPER TURNING/NO SIGNAL,2.0,31.0,2.0,2.0
0f00fd130eba54649f135ae7a94bdd2824dbf4aeead592b22a8cfc6b6b118710af8650610d70d2fa89500519e9050a34a49bd5d7233d90e82d4f5761714369f6,CLEAR,"DARKNESS, LIGHTED ROAD",DRY,"OPERATING VEHICLE IN ERRATIC, RECKLESS, CARELESS, NEGLIGENT OR AGGRESSIVE MANNER",2.0,37.5,1.0,1.0
0f0101ad9b44e3004136a016cdce482c8287a599504a9efcc4615d570e6731fa1dbc82d5a6d5e9af6fa320836ef1ccf936805ea12a138b6bf42d14fd215f5ab0,RAIN,DAYLIGHT,WET,DISREGARDING ROAD MARKINGS,1.0,65.0,1.0,1.0
0f0120cadc7695cb306a03b4b68d154e04df46967acc11d81d825935f691819e1f0a580e97e1c7b14cf4bd5322d68f676b12c94f450b8597f7c3cab1fe6d8908,CLEAR,DAYLIGHT,WET,IMPROPER OVERTAKING/PASSING,2.0,15.4,5.0,5.0
0f014480c8c10f920b0c74df44b2321da895ab78d73e90298d07f025acfe9806753ab01e1afa84da6b6d0052de6677fc8f29a69a4bd7966ac0f342719f6cb4f0,RAIN,DAYLIGHT,WET,FAILING TO YIELD RIGHT-OF-WAY,2.0,32.5,2.0,2.0
0f0158996b301f008a398685af9795488cde483f29df13664931f571dd9e3183fcf39af963370b65e150775aa8353bfe5388d7e74a7d378cc5eee5d1775b45c0,CLEAR,DAYLIGHT,DRY,IMPROPER OVERTAKING/PASSING,2.0,59.0,2.0,2.0