crash_record_id,weather_condition,lighting_condition,roadway_surface_cond,prim_contributory_cause,total_vehicles,avg_driver_age,total_people,total_injured
0f019d7600cc3dfbcddc97f58b8220a8ba2f094784bf4ceda5bdb0688d78bd92b5210f9c59cba23dd1f85453039cf559aa36c608c059a76422c2631491a0d6b8,CLEAR,DAYLIGHT,DRY,IMPROPER TURNING/NO SIGNAL,2.0,49.5,2.0,2.0
0f01b6ece575230a7e28084c6b723ba8abc8d618d576a9388f93f1ffc85192f1a7e89f194d714aed228d79e31efbdbb3912f137535aa773960740d33350ffe1a,SLEET/HAIL,DAWN,SNOW OR SLUSH,DRIVING SKILLS/KNOWLEDGE/EXPERIENCE,2.0,20.5,2.0,2.0
0f01db8ac72ec1ab625d19f13594d6d8caf4cfeff52d3fa419b209cea901f6e7d7ce7b3130d4289552f3b13dbe1d26d12558a7f7071ac48054e129fd2d400e4f,CLEAR,"DARKNESS, LIGHTED ROAD",DRY,DISTRACTION - FROM OUTSIDE VEHICLE,1.0,20.5,2.0,2.0
0f02294d480127e52dbc6d194e17bebb393c020a52aeeb65894ef7c9b8dff2f1ea95ad528fa8167258cf81deebe4db39df13f597b541ada63ddf0e309f42bd72,CLEAR,"DARKNESS, LIGHTED ROAD",DRY,FAILING TO YIELD RIGHT-OF-WAY,2.0,26.333333333333332,3.0,3.0
0f0259531bfa2051a6a31edd93a07d4b033778809cc2213f416e4a5c0480eeffdfe50ee36b5ec4845f9e57bea09c90a5a47070772e96d1272195e3eb887913ff,CLEAR,DAYLIGHT,DRY,IMPROPER BACKING,2.0,37.5,1.0,1.0
0f027dcba97ccf5d5bb6b835cf2e38d968b58eb7f63075918a09878f419db4e5af3e74734882cb6d3f1088b87d36d8d3c2429e86cc4f5b1bb31938ec4418c8a3,CLEAR,DAYLIGHT,DRY,IMPROPER BACKING,2.0,34.0,2.0,2.0
0f028120a6ea3ecf854f4d8a778ad693d75bf7b373edb18065002690a6c4be2cb51d280201989aa2ba6620032a448d227631b6d80cc8f3f025d61939c960a19f,RAIN,DAYLIGHT,WET,IMPROPER TURNING/NO SIGNAL,2.0,44.5,2.0,2.0
0f02c9a6998c2dafbbf6600e229d45c9c3ea1a6576bcdcc55d24eb5a9ddd28ff783aa33b1b4cf2813f0d5ed5f7c67624deea15081dabe254f8fe5e257054f8ec,SNOW,DAYLIGHT,SNOW OR SLUSH,FOLLOWING TOO CLOSELY,3.0,25.0,4.0,4.0
0f02d1499a00a672300a162a165872fcda1418274d10a1758706abf00897a8d04ce86ab207d3c72e0fa09ac88bd2f7608a49091868fb7de25feb3011e24bba6f,CLEAR,DAYLIGHT,OTHER,DISREGARDING TRAFFIC SIGNALS,2.0,37.0,2.0,2.0
0f02f60a0add2bc9a4ae8fd5459abb03a497dda88a26e55f3837850b288107dae2fe22b358407f302694014742fd08327d0e66c043a11101835970ef3505c071,CLEAR,DAYLIGHT,DRY,FAILING TO YIELD RIGHT-OF-WAY,2.0,39.333333333333336,3.0,3.0
0f02f6267de5ea9ea0ab13d5f1aee52a872d659d5ea235b134f7517d2ca7fc0c69cd335d7bdd1d3cbf3f488fdc70cbca73f7f0577ecf9f9efe02b770e8026116,CLEAR,DAYLIGHT,DRY,DISREGARDING TRAFFIC SIGNALS,2.0,42.166666666666664,6.0,6.0
0f02fcff331dc804c71809b830ae058a4e0ebfda427bfe1292db5d177a60e996aad047341b2694ffcb5150c8ed9d9e363caf01fd2bf77a9f28e3c770e1558d1c,CLEAR,DAWN,WET,EXCEEDING SAFE SPEED FOR CONDITIONS,2.0,27.5,3.0,3.0
0f0302ca0b4a8287793286e0cc04487659e50ad9d0c9de356fc460fa8a35968909c5bc91216dd7f243424af70f484598b0063ab0b6670dcd4dd1b66aa75396c6,CLEAR,DARKNESS,WET,DRIVING SKILLS/KNOWLEDGE/EXPERIENCE,2.0,64.0,2.0,2.0
0f031dda8194f8ff5e57a9bda6a539843f49cf9aef1d77e6db0083c1aeb3bffde63dbfa25fa28499834cca4b3dd5143a885b425ae795b9edb01ec585b22bf827,CLEAR,"DARKNESS, LIGHTED ROAD",WET,FOLLOWING TOO CLOSELY,2.0,30.0,1.0,1.0
0f0335a0ed8785c95442ce54dae8e3c4cbaac693df7fc01311a0ec60f656351dfed0b6eb86fd87dacf0126776b226afc613c8a3cd76884621f933bdd458ea624,CLEAR,"DARKNESS, LIGHTED ROAD",DRY,DRIVING SKILLS/KNOWLEDGE/EXPERIENCE,2.0,25.0,4.0,4.0
0f033f5fdc2df991f8edb05f73e0e5c25afc380786f9fe217ede2a9895c4f915ac0631f404504a2933b7f0a97e6a7e389868ab109341771f971d684852d594eb,CLEAR,DAYLIGHT,DRY,FAILING TO YIELD RIGHT-OF-WAY,2.0,62.0,3.0,3.0
0f03606fb99597e26a818f3f2596198f6b82ce9138c279bb0b1a97657df404b91012de52d13e8671c6cb05c7110202590f0bdfde5926f40a10d8b436a41db077,CLEAR,DAYLIGHT,DRY,IMPROPER BACKING,2.0,27.0,1.0,1.0
0f0369fe0a1b53763b0b777b26e42a09c57254373e3784661f62d6c4333684f98fdf2e98f7801b8a791df33316bf684b53adf4601675ed11d4645b050609b6f0,CLEAR,DUSK,WET,FOLLOWING TOO CLOSELY,2.0,52.0,2.0,2.0
0f0375c6c7e4178e9756e9a32a104f79e7b1df1b7f627c7e2f41daa380c1ec0127bc0a4d5f3ef56e3f64f69154d6a10ae19c25cec36fb94949e108c7125f4c72,CLEAR,DAYLIGHT,DRY,IMPROPER OVERTAKING/PASSING,2.0,62.0,3.0,3.0
0f0393d6a98639cd5089a087828f33f68002e8b946453bac5eb3dfa1447c48a51e0db13526c596013ffd54814f34669b3c1312eb06beb94830d1bd64814a4bfc,CLEAR,"DARKNESS, LIGHTED ROAD",DRY,IMPROPER OVERTAKING/PASSING,2.0,33.0,2.0,2.0
0f03a07c1c6b5106ccbd138b17466de775f54727791c0380c6061efb8bb223008d995c392aeb5f0acd775c985798a047f5beb2c2bce956a1f7241f3e14f36c3f,CLEAR,DAYLIGHT,DRY,IMPROPER LANE USAGE,2.0,37.5,2.0,2.0
0f03de857fa4727787f5aa1c3a149cd7c292ef2c379ad191a79fa421b71d3e0d6ba7ad98be233cc3d8fd19b62cab5ced00eaa381e45694cb5c956f5d3a8b4cfe,CLOUDY/OVERCAST,"DARKNESS, LIGHTED ROAD",DRY,IMPROPER TURNING/NO SIGNAL,2.0,25.0,2.0,2.0
0f040742d6f9d8c83e40690552e29f570b7e84874690df80e9f52bec42597b117374108224a2dbf415ed2f5bbede1befbce67002687a8e054ee6d98da80d4291,CLEAR,DAYLIGHT,DRY,IMPROPER LANE USAGE,2.0,34.333333333333336,3.0,3.0
0f040b501761042b23eca22577b5e841d1ab2a6d2375ce66dcb960def4541c968f30363b02dfc67fb930d87c2b6decec3c339062a9336856a6a85c3383d84446,RAIN,DAYLIGHT,WET,FAILING TO YIELD RIGHT-OF-WAY,2.0,24.0,2.0,2.0
0f044c0d4954e833b8ae3822b2263cc15d6dd33fa2fd8e09382ec08e58435a6e200ad72c620bd8750361b9fb6a0d817c1a90c37500e453ad40160c04476e7591,CLEAR,DARKNESS,DRY,FOLLOWING TOO CLOSELY,3.0,30.0,4.0,4.0
0f047a8f684b7b111b187fd1aa70de64cb76fbba4079aedc6ad3b3101133cb318979d73d620d38702a556b4250638f2f08448eaa30b831d9a3b711919119faa8,CLEAR,"DARKNESS, LIGHTED ROAD",DRY,DISREGARDING STOP SIGN,2.0,28.5,3.0,3.0
0f04818b1b4942c10cd6ef5ea4ce8859ed94e2436338eabaaf0277fc4cfb29ef7e6d433553665262d7885c95894ecf70dae89324ddfb2a8e712638ce234d811d,CLEAR,DAYLIGHT,DRY,EXCEEDING SAFE SPEED FOR CONDITIONS,2.0,59.5,2.0,2.0
0f04976cf437efeeeb0b47dc4795dbe3325c3ad4597af89d0194834c483f3431efd434360ebae8fa46316f89add84fbcd6b2c7a105f1d0428a507305c4c16bd2,CLEAR,DAYLIGHT,DRY,DRIVING SKILLS/KNOWLEDGE/EXPERIENCE,2.0,35.5,2.0,2.0
0f04b5a93dcc02b351b439905f998636eead820b567d1f483175818b22a58cad2f6d50028515b8123f8b96a9c918e17185083158308fa4433b6d0ed3714964b8,CLEAR,DAYLIGHT,DRY,DRIVING SKILLS/KNOWLEDGE/EXPERIENCE,2.0,20.666666666666668,3.0,3.0
0f04d53d3bd896a6e3b52f2d1f982c9f6aaf36678e409d71b971522bf964de1bb11cfedb2cb99792e2b5e221fcfc8756e158e2b280d5287ac9327507cecc014a,SNOW,DAYLIGHT,SNOW OR SLUSH,FOLLOWING TOO CLOSELY,2.0,31.333333333333332,4.0,4.0
0f04fc6ee4866ced9b2deb3dcaee015813150a072768c8c16382c0138a873b17e8fb14193de8f3293e3dbca9f20352a7ef00f276d702c6c9567a890c9cfed647,CLEAR,"DARKNESS, LIGHTED ROAD",DRY,FAILING TO YIELD RIGHT-OF-WAY,2.0,27.5,2.0,2.0
0f051064e6b5df5a3d6dd082645ee60495087aaf576d668bb873b3f4bdac95c0990c9e19d971e64418f4328aad189b16a64cc461644c050976000354a12415a2,CLEAR,DAYLIGHT,DRY,IMPROPER OVERTAKING/PASSING,2.0,35.0,2.0,2.0
0f051515d9916da8fe5145f8c8c08c925e8d9a3ac632d5bd340f15383e0feb88289b434b895ee9328da5e91681e9d3db2d91e4f443c749f5d1f60704eab7644f,RAIN,"DARKNESS, LIGHTED ROAD",WET,FAILING TO REDUCE SPEED TO AVOID CRASH,2.0,38.5,2.0,2.0
0f05380a9f9345eef34ed91992e7ef013b6bad487a28b8d11adac0ca645b979f09bcb5a46730d2555e3feb6d6cb7a393abb85d257c6d28eb3378302441e914b3,CLEAR,DAYLIGHT,DRY,FAILING TO YIELD RIGHT-OF-WAY,2.0,42.5,2.0,2.0
0f055e483a373cbdb6d3410d84ee9b2a3d830af38cce2acd3aff751288aed26d19cf58900854bee258133486f17d19f67b6ca7cea6ddd868a8dbcb86731623c1,CLEAR,DAYLIGHT,DRY,FAILING TO YIELD RIGHT-OF-WAY,2.0,46.5,4.0,4.0
0f05bd8e66499b1cd1499a5a50c5905824917e6e0c9102b811256370be5078a237210cede21b120db032ef1adbd64f40bf2ef3ed8c67d1c4828126fd7d74d216,CLEAR,DAWN,DRY,FOLLOWING TOO CLOSELY,2.0,46.0,2.0,2.0
0f05c36ca32ff58f041795efd76472dcb9b9d694a2788ae05ff8a272d0616cae205b371f3d888d11633fa706b7f6a8d8a4919448798a7a94edc7bd7715868ab7,CLEAR,DAYLIGHT,DRY,IMPROPER BACKING,2.0,38.5,2.0,2.0
0f05fef69b4c02f44e46050d1895978e0ce79a2939d41a5e947b5cc956b41132551b809248110caf76b66dfc37710524ed862baadf7f742f4c778430ef821ebe,RAIN,DAYLIGHT,WET,IMPROPER TURNING/NO SIGNAL,2.0,56.0,3.0,3.0
0f06105c8ced6262e3abb7f54a3e3e8e0366f3a364028f947f1e9c8bd5a2f8bbf90c303a0b1ef4106d1c815e3eb6665a2ebd05d91b686f471f7e2e473c5f377d,CLEAR,DAYLIGHT,DRY,FAILING TO YIELD RIGHT-OF-WAY,1.0,36.0,2.0,2.0
0f066dd31dfe04bf52d23ade544450341df693df626bd7309dd37b8ea46782fce73bc57e449b1edad04d5fa02a74e7152deef847f3a38bf96424b3e76c1467d4,CLEAR,"DARKNESS, LIGHTED ROAD",DRY,FOLLOWING TOO CLOSELY,2.0,40.0,3.0,3.0
0f06a6de73dd25bc2d129407b13605002306127e502af02f70eafea5a366f5c2b08fe08c1b4a886862e6aac2ce1c13a05b2e60bec87ee5612fb1f08cffe6bb40,CLEAR,DAYLIGHT,DRY,FOLLOWING TOO CLOSELY,2.0,19.333333333333332,4.0,4.0
0f06afc7a669406f0747e23e94d8bcd547a514a238c0016cbb2866092fd3a823c4b8641256b6a4e51d694be9782bb138bef38760fff194b49fd33489b5be62c8,CLEAR,DAYLIGHT,DRY,FAILING TO YIELD RIGHT-OF-WAY,2.0,45.0,2.0,2.0
0f06bc74f75491854588b9f52d59585c28832a7bb717fe9bf6b4d1db7b77ff9f09330427ee72a43204e48ac0f99e5fb291a5487bfa780bb3258eb720f33f14f0,CLEAR,DAYLIGHT,DRY,FAILING TO YIELD RIGHT-OF-WAY,2.0,33.666666666666664,3.0,3.0
0f06cba7c8068d6a77f79e4a78c00b77aeebd65d0c2f1aaf36c953f294783421e456304f7974b01e7a6d2ed71d377afe9b4027a0f5bb2516429d00c16fb8531f,CLEAR,DAYLIGHT,DRY,DISREGARDING STOP SIGN,3.0,34.0,3.0,3.0
0f06d5f78801a14b9124d8449c8e5fa0384d24bf14c689955292eb3630ae8cfcc835569c30b5ea7ec1888b1b26bd8814560628badb67b556ccc7bc2c5ef9f3ee,CLEAR,DAYLIGHT,DRY,IMPROPER LANE USAGE,2.0,25.0,2.0,2.0
0f06e3fb54b0886335a560a887b3969b477b2855f1887ca2bbc7aae9af6c668de6c82d8c42f897c14122686f621acc26764d523eaf4dac85b0a023bb66cf44ca,CLEAR,DAYLIGHT,DRY,FAILING TO YIELD RIGHT-OF-WAY,2.0,51.0,2.0,2.0
0f06f57899a865720a9c9798687c09d1511a74841ee41bae8061c7265271cef5a60e2d3aea53404156eb7ab668561a039a1a24953b9f75f1ec480de722d1918e,CLEAR,DAYLIGHT,DRY,DISREGARDING TRAFFIC SIGNALS,2.0,46.0,2.0,2.0
0f0754e04241a0643f9a88555268b5db22aaf314d867d1371972be6ad9cada965e4fe9593a062c8a35d2a0d8fd2b434610ab2f1b33b76a6491d1c402a03289de,CLEAR,DAYLIGHT,DRY,FAILING TO REDUCE SPEED TO AVOID CRASH,2.0,28.5,2.0,2.0
0f0762da61f1fe432bd0a9773813f66e11b5d0139261818ca267f644de4afab596e9fb4edc1f9fa2af9a36ec4cc8a3bf3b24f10b7af85cf7f13129587aa1ff05,CLEAR,DAWN,SNOW OR SLUSH,DISTRACTION - FROM INSIDE VEHICLE,2.0,0.0,1.0,1.0
0f076d3c4ff09a659592695bde24da033fad5aec6a5c3037d2d24b205673b69afba0983d0173e4d25635dcca7e4a527657973f5479c69a9acda17690c2d002b0,CLEAR,DAYLIGHT,DRY,DRIVING SKILLS/KNOWLEDGE/EXPERIENCE,2.0,37.5,1.0,1.0
0f07b29bd0a64b6bf8a9eeb8b86e721362ace680aea820f7a7b5b01c1911b3b30eaf8d57c799fbcd4552f8938c139a6419f21556a2aab4eea996db3055ec9abf,CLEAR,DAYLIGHT,DRY,IMPROPER OVERTAKING/PASSING,2.0,40.0,2.0,2.0
0f07eada8d6a8075bf6e8fe62c9596c55ae35a47370d0716dadcc471e2d7b4207a92577befe73a8aa1b6c5067ea8720d9833de6c87cd184432601d7554708482,CLEAR,DAYLIGHT,UNKNOWN,IMPROPER LANE USAGE,2.0,32.0,3.0,3.0
0f07f4508acb9ab0587d1006585bb695a53673aefb78904a2a4023ea8a4c93e4a0dabfce228afec30459227d59253e4659600c795eb76509b9698ccf8f7d5b22,CLEAR,"DARKNESS, LIGHTED ROAD",DRY,IMPROPER OVERTAKING/PASSING,2.0,22.0,2.0,2.0
0f084c4be7faf1ec645ecb806bda7eb08e29e7177c11d6d03e325767e7f208a977b8619fd213617aee607df72d0a7a06fbfad7816022371efbc6279fc4856415,CLEAR,"DARKNESS, LIGHTED ROAD",DRY,IMPROPER OVERTAKING/PASSING,2.0,28.0,3.0,3.0
0f08857a086c07829fda8912b13d4727242e118c71bf99fe794efeb44340fa8fe1961b24194fa7145b2d91fe1909ed5b12021e3d6c4a927bfd07f508bc4e65b8,CLEAR,DAYLIGHT,SNOW OR SLUSH,FAILING TO YIELD RIGHT-OF-WAY,2.0,37.5,2.0,2.0
0f0888fa6f7f1e0df405b245958dc9266dee3dd349664062cab6b1bdabdb8453255b2a4d7f7aacdd176643ab0ec0240589d743ab7d88816dc7a44e1150c2dd72,CLEAR,DAYLIGHT,DRY,"VISION OBSCURED (SIGNS, TREE LIMBS, BUILDINGS, ETC.)",2.0,30.5,2.0,2.0
0f088d339eacc6c7a8a376df62aaed318c67ee6a3f96c2b593a0be4233e5d2ab3067f82ed35b2d318ab23f3c8c5a2a089238d8f4497a29c39beae4d8f0e7305e,CLEAR,DAYLIGHT,DRY,IMPROPER BACKING,2.0,37.5,2.0,2.0
0f090765f7d9c470fdbe2600ff8c1d6c1861a8d99101424f34d82defb43096a208d09c3c210f38d8bb9bacfdfda0e8d3efa186e0c29519af48b11a6a2532f917,CLEAR,DAYLIGHT,DRY,FAILING TO REDUCE SPEED TO AVOID CRASH,2.0,43.5,4.0,4.0
0f094ba73469ec22cdb5c8b58002a18c7dc7d2bd7e7e5961515c5804f8574ae7572ef8641452779d5dbcc1c9bbee8628483dc0976736bcecfb7ad5fb2eb79ccf,CLEAR,DAYLIGHT,DRY,IMPROPER BACKING,2.0,57.5,2.0,2.0
0f0966d53ca12c33fde9a1eaa0949e0c1d2d9d5cb38f0a933ef48a4f2db269c9ec73f7a882bd9607587e2287a303eb1da766b23d813a4e61778d0494e3973137,CLEAR,DAYLIGHT,DRY,FAILING TO YIELD RIGHT-OF-WAY,2.0,27.0,2.0,2.0
0f097b9168b97954a3a5870992b29912ebf2a7e69aec6e1639bddedbfcb8b6e08b082f29db217feb2da438fd6012c7e4600c21e499509c518a5a4ae523b7e8bc,CLEAR,DAYLIGHT,DRY,IMPROPER OVERTAKING/PASSING,2.0,28.0,2.0,2.0
0f09ce8017e70ea74fa91523091898ccbb8c4b5094e0f653b3d1291a8acb1b493cd48041ffa0ab133b09f34d897733076f8922c6352933bb500dcbdf8d674be0,CLOUDY/OVERCAST,DAYLIGHT,DRY,IMPROPER LANE USAGE,2.0,35.0,2.0,2.0
0f0a1bfbe1136b5b82661ef3d9b1abcfd856e030e70ad37536553fa05688f5cdccc876c9655c83404ab13ed9b0d85d24857cd582a7a9a846a1b5d7d00b0cfb38,CLEAR,DAYLIGHT,DRY,FAILING TO YIELD RIGHT-OF-WAY,1.0,24.666666666666668,3.0,3.0
0f0a4132c6804140bb1ecfe0b2c508374c8fea4ff3100d8b8a4b0b94880e2ee79463015a6e4cf940601e6b9e0d2415673e47aac212507eab3d9ada170a41ed32,CLEAR,DAYLIGHT,DRY,FAILING TO YIELD RIGHT-OF-WAY,2.0,55.0,2.0,2.0
0f0a459d925f7f89315d09f4f8aa8f8e0d5af14691e0e1f9f004ce6ade8e31a4b9580a3a029643da355e31d75bd025988df36eecc8102f3bc5c7052b4756fe9f,SNOW,DAYLIGHT,SNOW OR SLUSH,DISREGARDING TRAFFIC SIGNALS,2.0,50.0,2.0,2.0
0f0aa9943a04530f7ac53cf0aed3462266ff06eabd31393330007466d7fee55152efdd803124be9a1c040e5d034a01dbfbac073b1f0886699bcc4eb635c837ac,CLEAR,DAYLIGHT,DRY,DISREGARDING TRAFFIC SIGNALS,1.0,29.0,2.0,2.0
0f0ab3658a5fe6b7f4663ce6356326b309072289cd6dc714b74874d8a5551a82eaa4dee6b04ac5e90565da6b05338fa002bf847ab4998769965c024b222df864,CLEAR,DAWN,DRY,FAILING TO YIELD RIGHT-OF-WAY,2.0,43.0,2.0,2.0
0f0ad4073a04858e08d858faa85265905bdf413a2ee7244ae61f9d18586bc1b2f397d23c03d42246be9f6e9b46a2ea77aa96cf5cf5d8687a18ecf38fc3ac6e6e,CLEAR,"DARKNESS, LIGHTED ROAD",DRY,FOLLOWING TOO CLOSELY,2.0,34.0,2.0,2.0
0f0b16effd3c7034a80c31dbd87ca8349e7b92edf8499f6f594b418eb6f9030ef877281285ee2ce504bc40e0e375a13498f038e6974129445c36fb79e8af9682,CLEAR,DAYLIGHT,DRY,FAILING TO YIELD RIGHT-OF-WAY,2.0,29.0,3.0,3.0
0f0b36f4cac863af9578be77a7814477b13d44680ce2eeb462c99f2f127cef176b0608b5296314ec96a81c165990449eb4b5ec6f1117b1681e5af7273863df23,CLEAR,DAWN,DRY,DISREGARDING TRAFFIC SIGNALS,2.0,51.5,2.0,2.0
0f0b53484181b5fb6454ef83ff7476be2797b04a66f33cae53cd27f1df02ca9974342c5763050534244f376eb61f31bfc341c06c6d444679d68995d90f96dd25,RAIN,"DARKNESS, LIGHTED ROAD",WET,"OPERATING VEHICLE IN ERRATIC, RECKLESS, CARELESS, NEGLIGENT OR AGGRESSIVE MANNER",2.0,25.0,1.0,1.0
0f0b8e90589109be8ab24b1cb1a07d35639d2e735f9a56980c2732a1ba62fec56039ee41b6b463da51f4d844f1d646b12f82a086b2b1e55c066645fded7f9b2d,RAIN,DAYLIGHT,WET,DISREGARDING STOP SIGN,3.0,30.0,2.0,2.0
0f0ba59e9bf33ea2a15deb064a124eae878be189b1c989b9b281838c1ea79f7e3aa5a395d263c6e662f9c9962ab1c8b650b0716adc1e2b5e9073e17142c7df2c,CLEAR,DAYLIGHT,DRY,IMPROPER OVERTAKING/PASSING,1.0,46.0,1.0,1.0
0f0baa8179a53e514e58aab3a68b2d28de3fac6583efd240a8b08387ffa858b67c4c93272867eb98f412bea0881bb4dc13637866b7a94fe5a2f9ed7fcc21871f,CLEAR,DAYLIGHT,DRY,FAILING TO YIELD RIGHT-OF-WAY,2.0,64.5,3.0,3.0
0f0bb232e940b1d8f2df0275b60c5c65833bb59745c62b339f84661ba11cda011d0eb809c5279dca31cb65bf1a077eff643427a49bd2f2429f7584947d1fdbff,CLEAR,DAYLIGHT,DRY,ANIMAL,1.0,34.0,1.0,1.0
0f0bbb3c8cbe114ec45e3941b2bea1f328164c5c0021121b7cc44e793e10de75d73b8b3b1c990d33b22cd1c516a8f924b85bd36ba2fbf5dd42c1c6624db2a7e9,CLEAR,DAYLIGHT,DRY,FAILING TO YIELD RIGHT-OF-WAY,1.0,42.0,2.0,2.0
0f0bcb4b26410303003b883362deaaa418f028ad5470f3a23c8217b9dca77fc94c7a70611a6ed510a9c59f18b872bae6ba50ffec7f764ccc5f15ddf75d5eaf09,CLEAR,DAYLIGHT,DRY,IMPROPER TURNING/NO SIGNAL,2.0,37.0,2.0,2.0
0f0c0c83e603293362e253a5bdf02d0b30b54aed70578637f885a0e50d6ad4142fe8a1ab3599c36e778618447de731af4cdc95555b0e8044e8f6fc1fe0348846,RAIN,DUSK,WET,EXCEEDING AUTHORIZED SPEED LIMIT,2.0,51.0,2.0,2.0
0f0c18e0ba49e125d28301fdc933f293951cd268526b1d690f201b0be70239c1ad891302502b4f2bc7fb75c6ce20ccf760215a554d3c551272734d550ec21bef,RAIN,"DARKNESS, LIGHTED ROAD",WET,FAILING TO REDUCE SPEED TO AVOID CRASH,2.0,34.0,2.0,2.0
0f0c49e7737d8e4067cdc634f7a7012f97e870a360f462014b5c6338e3510621eb2fdcf0537ade82aaf31c3c0de1d76763fea929ee418b4c85a854b70ccaee3c,CLEAR,DAYLIGHT,DRY,DISREGARDING TRAFFIC SIGNALS,2.0,29.0,3.0,3.0
0f0c80ae2b619e11d80188772bde6f4d4843c23a5ac67fb2bfbc4a1c02a1cd55c6e00dab8933fdc0a845c2c3c1d511f650aa2f43786d05dab2a22c1c06dc5592,CLEAR,DAYLIGHT,DRY,IMPROPER OVERTAKING/PASSING,2.0,38.0,2.0,2.0
0f0c9cce77fd0c3d5e535fff21f3edf7d61801b287571e04f90368dbfa7e5470f43e75065db3f81661064f63f7a05374670efb84aaadb83cc1f5e2405894390c,CLEAR,DAYLIGHT,DRY,FAILING TO YIELD RIGHT-OF-WAY,2.0,39.25,4.0,4.0
0f0cb935ae5cc633122fc90a6a2fb720d82361165aef0457ae8650de86044ff52d52aac16dc637fdd0f5358e8f8928766074f2f6d134ef481e1ceccf97341694,CLEAR,DAYLIGHT,DRY,IMPROPER OVERTAKING/PASSING,2.0,45.5,2.0,2.0
0f0cc039e81e3958706a2c275e32c18bd617a269093b714dcc5610e85e0241472e045bd007678864c4362eb9fed3c4c05479a9d9ebc6a9948fb4699b32c57aa9,CLEAR,DAYLIGHT,DRY,FAILING TO YIELD RIGHT-OF-WAY,2.0,25.5,2.0,2.0
0f0d21456c44522581415026d8481055d29885294c606172680cb1a686db999afe643caff5ca14d3823fcc7caaa2ce0b5afa3a96cb0f41e097f22acb40cb14d9,CLEAR,DARKNESS,DRY,DISREGARDING STOP SIGN,2.0,32.0,2.0,2.0
0f0d3f27746270a27d1a62a3a4ba726832bddfb804afd785504e86100470807a71a43eee9c5f0083f63e2468a7c87a047c73e6c46850aacc927d7cb1db9b3af5,SNOW,DAYLIGHT,SNOW OR SLUSH,IMPROPER LANE USAGE,2.0,41.0,2.0,2.0
0f0d545a7bd604e34efecfdae359b80bd05bc99c7e3b73a2a77cdf82867f153c5c650898bea87df93654aa033af2cfa49c007058e419639aedeac755a8a96ad5,CLEAR,DAYLIGHT,DRY,FAILING TO YIELD RIGHT-OF-WAY,2.0,23.333333333333332,3.0,3.0
0f0d8320a6f8fa1ab69c96a37c5f2be42a107e9465eee8a7411a2441d129e37672109c8ccd2728829a4c76f97181893794eaefdee6ec275ef35c50c31784a8c1,CLEAR,DAYLIGHT,DRY,IMPROPER BACKING,2.0,69.0,2.0,2.0
0f0d8e75f2e5d47794730da9947e1c0cc6db5bd1af816e106eff3c1de3496003355fa43ff9fc390eade3767cc7d4340ec36b8737c5d11d893a603a28dc2bcabc,UNKNOWN,"DARKNESS, LIGHTED ROAD",UNKNOWN,FAILING TO YIELD RIGHT-OF-WAY,2.0,20.0,2.0,2.0
0f0dc5ce0192ca49c1d5462a3157085dcbdac7c8449ba750432df3f8301d71f2653c3f43b8a0fea803e74ce8ce5bb6b7cafbac892bdf742374feb9c03087a1af,CLEAR,"DARKNESS, LIGHTED ROAD",DRY,FOLLOWING TOO CLOSELY,2.0,34.5,2.0,2.0
0f0e07d0c2bc7bf27d72ff356870e076f643defd23c94143cf61983ab7cc59ebaef32eaca28aad80a426ab2affcf7aa3d4e6a7d974d661b21dca547312ed40c1,OTHER,DAYLIGHT,WET,DISREGARDING TRAFFIC SIGNALS,2.0,32.0,3.0,3.0
0f0e0d8704f967fe06d9a1752d7c8c6895ae490cfa919315c365d20f5278ae0ca9d36a9ecc892e16f0798572175d011dbe30ecf152261cc8749fd534c5f35ede,CLEAR,DAYLIGHT,DRY,IMPROPER OVERTAKING/PASSING,2.0,45.5,2.0,2.0
0f0e1eb9f8bf295ac79799fbd85cf18f8e8236c1473385b74e177207e27a6a802f5f3e66b10d76a4ea2811a1ca79fef02d9e78765d3d7639ea1884acfaefce30,CLEAR,DUSK,DRY,FOLLOWING TOO CLOSELY,2.0,41.5,2.0,2.0
0f0e2e2a6ea1378e81dd2ac8db98ed4d449cafb2b67f8a26a484699b4b7e70dd2c0fb667987ffd7a97411c1f968d89afb927055ab62fd7c52c14728982c8399b,UNKNOWN,UNKNOWN,UNKNOWN,FAILING TO YIELD RIGHT-OF-WAY,2.0,19.0,2.0,2.0
0f0ebcc6f18a230eb27beba07b538128be4c63696e091cd98eed40cfcd3b9c41354cc993088c958ec47cde0c379cf8e1e00a12e9c939bd9b709eac91ee204ec3,RAIN,"DARKNESS, LIGHTED ROAD",WET,FAILING TO REDUCE SPEED TO AVOID CRASH,1.0,31.5,2.0,2.0
0f0ecc1f9443d453727b597474f7470473236a8ab01f90a871de4b7da0dbabd905d118c8a00614e44f220941f5c1024630a98a33906f34f4f212d169030159c5,CLEAR,DAYLIGHT,DRY,TURNING RIGHT ON RED,2.0,60.0,3.0,3.0
0f0ecdcbe69c565c4c5fd7c5b2f78344e1724f235e2be961341e63bf25d67ed2460161a22f26906c8091d68bba44583010398fc4f88ffbc983098676f5e5c645,CLEAR,DAYLIGHT,DRY,FAILING TO YIELD RIGHT-OF-WAY,2.0,56.0,2.0,2.0