crash_record_id,weather_condition,lighting_condition,roadway_surface_cond,prim_contributory_cause,total_vehicles,avg_driver_age,total_people,total_injured
0f0f0af9b216310ecc0728579f04f7b5ef15367e415fd991c3b97219e770c6bf77a03a24215a2ce3d9ce4e94274af296b32cbff2fe5bee0f6e2ff9447c222df0,CLEAR,DAYLIGHT,DRY,DRIVING SKILLS/KNOWLEDGE/EXPERIENCE,2.0,63.0,2.0,2.0
0f0f2d50c87699d76fa962e0daa8dfbfd2cc084087ad4fc705dc0cad96e0e787b643ee6593e43976533bf447d292cf3ad42a801e8aa389207004c66cfe97e481,CLEAR,DAYLIGHT,UNKNOWN,FAILING TO YIELD RIGHT-OF-WAY,1.0,55.0,2.0,2.0
0f0f59fe1106a1cac072ddea57b774a78a9b0360fdf3adcdce1832bde7377ca1858c77a5ecfcaec2d3cb368389c69e3fed30bff61c30d54aab40f1cb14940715,CLEAR,DAYLIGHT,DRY,IMPROPER BACKING,2.0,21.5,2.0,2.0
0f0f5be7a31a9e9e0ce90910f2d6d4934cc59b80c9deb1362eea016ab92c5c9bb51b422558ff86ad801d42b7a6241e54eaddc03a04c583b3fbd09122dde734ab,CLEAR,DAYLIGHT,DRY,IMPROPER BACKING,2.0,44.0,1.0,1.0
0f0f826a435b644a4cee825ab7b4b6b1c72c8efdda09a0e9081990d26940e857adcfdeb2b6b925770a3d79586b5049edec74c7aec5433cb4d442bc5753db2bad,SNOW,DAYLIGHT,SNOW OR SLUSH,FOLLOWING TOO CLOSELY,2.0,33.0,2.0,2.0
0f0fa5bc80fc370fc13f9e788454437f87b3a95d02f1f306904037139486dfe57c6be467e300408e67c09e9959fdbe94734ba329bb8636abdc7b8f7a85e22c85,CLEAR,DAYLIGHT,DRY,DRIVING SKILLS/KNOWLEDGE/EXPERIENCE,2.0,37.5,1.0,1.0
0f0fb7cec914981a8c9447c04295fe94f71c1091106b3abb096eb0c657640cdd4b7bc8a58387aa28d8b72781a533eb3096478bc10336ef89ae12e89f07b82f84,CLEAR,DARKNESS,DRY,PHYSICAL CONDITION OF DRIVER,2.0,24.0,3.0,3.0
0f0fd162c100da8b25fd9d3db34ecda2200b83067c08cc259ddcb04a78bdf91be2f34a3f509660069fa4acb5f953f8dc763a6a33cfbffd407cebdd4879823110,CLEAR,"DARKNESS, LIGHTED ROAD",DRY,"OPERATING VEHICLE IN ERRATIC, RECKLESS, CARELESS, NEGLIGENT OR AGGRESSIVE MANNER",2.0,31.5,3.0,3.0
0f102107be9b56ff872566563f53599d38e09f745d703bab53cbab28b099af363d67e3cfbb18a6d89edd0b9e7f53d6ee45db550b955d2d8f5ebc667a4c510959,CLEAR,"DARKNESS, LIGHTED ROAD",DRY,FOLLOWING TOO CLOSELY,4.0,26.666666666666668,6.0,6.0
0f1038275c33ea2e3a868288b73906140f3bbb6ff79e972eb5a93837d4cadda96b336874063d4abd949b8198a9dab811cf7a08fbd50cebbbd051e431000ba22b,CLEAR,DAYLIGHT,DRY,ROAD ENGINEERING/SURFACE/MARKING DEFECTS,3.0,21.5,4.0,4.0
0f104dbbaeea845d867af8bcfaa93d7cbb7e6a5da4a296a3fbcb39020a1834ea94c2109d1376cd7b979951f3ffe493920cc998532b6b3d1d7bafd28a3f2ff44b,RAIN,DAYLIGHT,WET,FOLLOWING TOO CLOSELY,2.0,38.5,2.0,2.0
0f106bb9082af8ed6cf1e05de6e8467bc2e831c90ec819f237767d503530ca45c7b4d6051076c531a9ece37361c2ea6d25831784ad1bd244cfc913d3389af7fc,CLEAR,"DARKNESS, LIGHTED ROAD",DRY,IMPROPER TURNING/NO SIGNAL,2.0,51.0,3.0,3.0
0f109659ae28efe6f6d6777b122ce0dad4539aac44e7b0c4fa4549fa131a6665d935a6515ecd4613171c3176bb1d1a55aa955544927883c1b86348d690a15d43,CLEAR,DAYLIGHT,DRY,DISREGARDING STOP SIGN,2.0,47.0,2.0,2.0
0f10bae85538b19daa518a9f660d85a75353583c3b511e41886fefc7a5cc78c089fc329d6d94c74846c5e6ae66230db497189d5df466868b561d5d3aa2315ab9,CLEAR,DAYLIGHT,DRY,DRIVING SKILLS/KNOWLEDGE/EXPERIENCE,2.0,31.75,4.0,4.0
0f10dea9bae86062826c9b5b392291de37211eca4d7f97af9729ee426e08df816654c8bad3b2179483958314233d4926059dcf322a414b4cd0316789495a8bfc,CLEAR,DAYLIGHT,DRY,FAILING TO YIELD RIGHT-OF-WAY,2.0,24.5,4.0,4.0
0f10ea74df5acdc7e73ebed81498fd653c17e523a7361dd35f959bb95925cefcc76d5897873325b56e3f8ee2c744fa7a05f3c41480aa4d8bb110471b87f5a9e7,CLEAR,DAYLIGHT,DRY,FAILING TO YIELD RIGHT-OF-WAY,2.0,61.0,2.0,2.0
0f10f6a75d15b91294e249b2e363cf4da1c5e4aac4e0c899be1b43fc1d69ad9e5b05a38289c576fcce407d3e4316e48525d8fba43e41c0fb30b158e25349fc35,CLEAR,DAYLIGHT,DRY,FAILING TO YIELD RIGHT-OF-WAY,2.0,22.5,2.0,2.0
0f10ff308504428b00912d03d23a56e6b858a3d7806c005a7f4f3e6163ca153cab5ab8738cfd16942829bc556b0398508dfbbabcb3fb0e88c138aff8fa260f34,CLEAR,DAYLIGHT,DRY,DRIVING SKILLS/KNOWLEDGE/EXPERIENCE,2.0,31.0,2.0,2.0
0f1115ad937623e5839ea6de2e4f4a462841c34ac557930f926656a0d22fbea479be36243c0a6f864b932f62da5ce5d0e6370151b4452e11507c5953056e9980,CLOUDY/OVERCAST,DAYLIGHT,DRY,IMPROPER BACKING,2.0,37.5,2.0,2.0
0f1119ca192c52bc64659e35111e11f5c3a432237979725cb825e55e8e8b1d9ed6b31b64ae9159f760909a09b7df1d3a01427661e432c9e21004341de572b939,CLEAR,"DARKNESS, LIGHTED ROAD",DRY,FOLLOWING TOO CLOSELY,2.0,25.5,4.0,4.0
0f112e915554e0414b773f92741cf0f546ed049e39d6176dc74f8fe8252a0f7da86f19cd76a0952db4473a21decea0634b50a53dbc8f2cabde096136fb89d80e,SNOW,DAYLIGHT,SNOW OR SLUSH,FAILING TO REDUCE SPEED TO AVOID CRASH,2.0,43.5,2.0,2.0
0f112ecad33a0e28515471b95cccc42df329f9adb954614fa03ed9c26cbbc01fda86564312d5c48af5869d0e0cde7c4e642a46b7c8deb93e7d15fdbfe175d616,CLEAR,"DARKNESS, LIGHTED ROAD",DRY,IMPROPER BACKING,2.0,37.5,2.0,2.0
0f115669d67aca6cd03739e82c8dd35054c6ac49355e774da475f866034dc09d8180a64fad8ce1134d170570e41544aaf68df55219c1c17c7ec4aec36d6e40fc,RAIN,DAYLIGHT,WET,FOLLOWING TOO CLOSELY,3.0,25.333333333333332,3.0,3.0
0f115ce73d7625665dca84970a4363274c10ccbb4e5157898c4f4bda908923063c49beeda5558d3c1e74920b90c3b22fed1d183bf56497966d000cc11e74b1ab,CLEAR,DAYLIGHT,DRY,FOLLOWING TOO CLOSELY,2.0,27.5,2.0,2.0
0f115e7b606b2e75a03e1dfa8045ee1e794561b2992b569f945df8b2cdab8436f80a9f551271e591e5239a2955ca46a726a5ddb13fd91ffc03f500d5f77cb439,RAIN,DAYLIGHT,WET,WEATHER,1.0,18.5,2.0,2.0
0f117183c47a3035663ec862cede64400dae7b67f1d87bf3638766c7e6ce133de01cab4c20d00942c1c2e952a79667f5ec199db168ff26703fc5b9f2badc461d,CLEAR,DAYLIGHT,DRY,FAILING TO YIELD RIGHT-OF-WAY,2.0,46.5,2.0,2.0
0f1180fd1cb23559d7f21829f0c450270222036a977cdfebf949fda24199f8701e51ef4ff41e8dfb7ae3407da755ce3a5c7512ac43ddf78a4ccf6734a9b55572,CLEAR,DAYLIGHT,DRY,IMPROPER BACKING,2.0,43.0,2.0,2.0
0f1192a6dc029e7671bf48b174a5466e59c2e986114e840ca1a5680777b3fba18ec53d925fc18fa173195ab94585fa0b756f3fbaf71e571c47e26db2947971c9,CLEAR,DAYLIGHT,DRY,FOLLOWING TOO CLOSELY,2.0,34.5,3.0,3.0
0f11a097cbcacff30406a7ae357319877379a5a0600e787dde7146b8fce8313ae48c293675a5a48bc1d9b7d7e1607430ca689ed8f3e36f5024728b8c0e150cff,CLEAR,"DARKNESS, LIGHTED ROAD",DRY,TEXTING,3.0,0.0,1.0,1.0
0f11dfc1fe3fa05521c33cb4ae6b8fdfa0861978cf4438ce8dcbf4337000d975be99f7701406330f70309b0c8e80859877577e9ea448f207bfecd26dd4f00f46,CLEAR,DAYLIGHT,DRY,FAILING TO REDUCE SPEED TO AVOID CRASH,3.0,34.75,4.0,4.0
0f1232579e0986ca19c01327002293b14f7b47faa883a489508949c45fc39bc1fabd72045128e0351e32eec30ed3c07875c7f2dc346a241df4e357111a429f33,CLEAR,DAYLIGHT,DRY,FOLLOWING TOO CLOSELY,2.0,24.5,3.0,3.0
0f12326836aabbd217d8f670e2c8de337b48792f8648f6ef36b4c23a7ba8bb88e95f8314e6ce67cdaa139b85bc52b61c91ae8c3b886f1c9f61ac34375cf5335b,FOG/SMOKE/HAZE,DAYLIGHT,WET,FOLLOWING TOO CLOSELY,2.0,40.5,2.0,2.0
0f123812d6667c71f97fb02053b54cf52252d61aa2d2768696bb6a1007b9438569a4e15eb943adf21e134b685a41420733d154bda7ff3dfbc3113fc0000d75e9,CLOUDY/OVERCAST,DAYLIGHT,WET,DRIVING SKILLS/KNOWLEDGE/EXPERIENCE,3.0,44.0,3.0,3.0
0f1248e0cfcfc2a94340480c22be3fceddff3b41740db47422d84701e824d6ab17141cb4f65067bd649cd61334560585c3ecab88e4b3db1ec53259103eaa5d3c,CLEAR,DAYLIGHT,DRY,FOLLOWING TOO CLOSELY,2.0,34.0,2.0,2.0
0f1255660ff2c593c9b681e6351b475274259125fbd80c85208d37cbce9d01a8805665eb606f392bcd5e8ab835dffea54c7604f389b030557482f8064b94a6da,CLEAR,DAYLIGHT,DRY,IMPROPER BACKING,2.0,33.0,3.0,3.0
0f12a4c7038b7ef4d7d51f4fa89faab8e5852fb79f53f67cb0d56afb75fa5da3f8c2c24d0d0900f046c046221cf91b84bf63848581c56cceaa15ebc67233f9da,CLEAR,"DARKNESS, LIGHTED ROAD",DRY,DISTRACTION - FROM INSIDE VEHICLE,2.0,26.5,3.0,3.0
0f12a827301f9160a952a66bbcf8205c66447415505c90735ff83ed0df621c1929f200ce3d1df8fd5a39e10066291ab3ed4cee4b6db3ab19df5600844a74093d,CLEAR,DAYLIGHT,UNKNOWN,DRIVING SKILLS/KNOWLEDGE/EXPERIENCE,2.0,37.5,1.0,1.0
0f12b7f24847d780cdbf1fc4f5e8369b4837ab858d037970dd7fe8fb7108522136aa0023583197b8d3807639aa4721834cd9f1f7fa10e028a9e1ac8d700ead09,RAIN,DAYLIGHT,WET,WEATHER,3.0,49.0,6.0,6.0
0f12b9f377ed80d8c9b0b231d22817f0b5d7e9b17f31c826f12892cf6e91cbac1b24d1cbf1ff0e2906b8172812aab28c3ba71c1e8cb05a2922b5bffed586404b,CLEAR,DAYLIGHT,DRY,"EVASIVE ACTION DUE TO ANIMAL, OBJECT, NONMOTORIST",1.0,26.0,2.0,2.0
0f12bd05d2d4ea612a9ce9a62cd509256aca00d54b3bd92c0f6d3554bdf59a589a1020a34453b29c5aa77a5cf88e40adbc6806f7b450f16f127e9de1415a9e47,CLEAR,DAYLIGHT,DRY,IMPROPER TURNING/NO SIGNAL,2.0,37.5,1.0,1.0
0f13063a8394f1f59d0f3d4ab979d91b285c08691f92a3afb4357df1cd4e031088e500c9d093f3ca55406761968fdc93a225309c0813d80023e1d054420c9856,CLEAR,"DARKNESS, LIGHTED ROAD",DRY,IMPROPER TURNING/NO SIGNAL,2.0,21.5,2.0,2.0
0f13585e977ee2f2bc7c8be011cea4cef33c43b01239e4bbe357744171f82dfaba83f8836d026871862f5f1b3d5911a4b7cbf07af5c365a5a98ecd077af1c3d9,CLEAR,DAYLIGHT,DRY,FOLLOWING TOO CLOSELY,2.0,41.0,2.0,2.0
0f135e0c521b11c8e8708884510dd71d6dee9fa4619f90f098e9dc9207377872b6be2574c2a00f268f1de7a17f801783880fedb9665ac5176ba4f66d421cdb54,CLEAR,DAYLIGHT,DRY,FOLLOWING TOO CLOSELY,2.0,58.0,2.0,2.0
0f135e25dbbaeacfd2f0f90443c2e68365bfebdf21104c22a16e4cbc9428a31b5d736adde91ba2b1a95a4c5a99e75cfdf1513d1250f1ce6519809eddfb1b1b3b,UNKNOWN,UNKNOWN,UNKNOWN,FOLLOWING TOO CLOSELY,2.0,22.0,2.0,2.0
0f135f1baa6fd32b27e854d7d6d781dd3ac50862adae9906088a23b6c3b2c04e5305e499c78781863b80951c1f3df53093cdbef6bb99f5c68c35f8a887663c07,CLEAR,"DARKNESS, LIGHTED ROAD",DRY,FAILING TO YIELD RIGHT-OF-WAY,2.0,23.0,2.0,2.0
0f1375372b00f3e89ae7f3653700d28805b58702ec8049c54fde915b7824f82f6570e92b52944618579b8573f331a83f527d10919495cb571837b7e9b6add7ab,CLEAR,DAYLIGHT,DRY,IMPROPER BACKING,2.0,40.0,2.0,2.0
0f137a5ed2c9c0238cfd31441b90a80e16e424452ea29cc4e75b9d1c86460f557d89d61b86a85ed2ae74993d9be02bf359c9b79a09deaffdb910719b500f9559,CLEAR,DAYLIGHT,DRY,IMPROPER OVERTAKING/PASSING,2.0,59.0,2.0,2.0
0f1389cd2aedb2e740c50da9d0ad2f7bf8bdfc82bf9314c6bae100e623676d9e18bd4f3a195338c49d35fcd27dbb852881d579ca2e418b1d11dbc0c2ebc18220,CLEAR,DAYLIGHT,DRY,FOLLOWING TOO CLOSELY,2.0,18.0,4.0,4.0
0f1394364a49dccb58ff28fc972769c55be07d249b9c1bfd4d82edbdbb920d87e9d3884a8540bee8a73f87a56e27c4bcb2686a7f6ac0c885e62ca6cea3081778,CLEAR,DAYLIGHT,DRY,FAILING TO YIELD RIGHT-OF-WAY,2.0,35.0,3.0,3.0
0f13d645a48b6ecf6459eb1858a6d2d1c27b3a7810d87bfe0adf300feaae9652cd7eb389789aa1bafb5196ba1cdd88a440e2a472a60c990452272c48b618710e,CLEAR,DAYLIGHT,DRY,FAILING TO YIELD RIGHT-OF-WAY,2.0,62.0,2.0,2.0
0f13d71eb2af38d05d0da6a1d195c010376ed542be80c82fb97911e6194b41d4069d0e20da63ee24bd8e3c2a202213998723cee52686abffbcfe4b74c45b15d6,CLEAR,DAYLIGHT,DRY,IMPROPER OVERTAKING/PASSING,5.0,30.0,3.0,3.0
0f13ec3e6763be553aba4a562a5dc1ff837b52f27ca32a5dd5379876331a0c6e5f5d06a79e3dffdcbe38c3249741a269988ff32da02a812222e69553f88f67b3,CLEAR,DAYLIGHT,DRY,FOLLOWING TOO CLOSELY,2.0,28.25,4.0,4.0
0f13fe5267b640f1055ff3d1ec84be2d9372b4d6b66909c6a559a5087e495c0f109f2b6bd799e005792e6a417caf5be3e55b0ee3ae58f729fe7ff6e97a1f426a,RAIN,DARKNESS,WET,DISREGARDING STOP SIGN,2.0,34.0,2.0,2.0
0f1414230c732e5af34241a0a01332c4d4d172acc37130634f636881330f01664a768b3336f9573c42a1c3872e2e1fcbf071a777a7c9151432b9e1cc883e48d5,CLEAR,DAYLIGHT,DRY,IMPROPER LANE USAGE,2.0,35.5,2.0,2.0
0f14a14d76c5a71fab458847f94784a2507956dc69bcd2e82d70a7ca712e604aefbe2d5e17d5e326d5bbe696326bda87bd71f62e7e4090c57c35cb893f3c5743,CLEAR,"DARKNESS, LIGHTED ROAD",DRY,FAILING TO YIELD RIGHT-OF-WAY,2.0,34.5,2.0,2.0
0f14b433dc274c6520c6bcfea6e366c0983e6cba721f94905f928cdeeae8f4da94ba515ff2e95ebd39cc75552c9c681d172f2692818e94acfe7800eead0e00ff,CLEAR,DAYLIGHT,DRY,IMPROPER OVERTAKING/PASSING,2.0,28.0,2.0,2.0
0f14c800f0ababed5a561b270830535f49a5e3f46a801521ae4066ac610b1d51d26ed0e171ff7b3a58dfec90c587577910499dfd6991ad57c872dea6f76050fb,CLEAR,DAYLIGHT,DRY,IMPROPER OVERTAKING/PASSING,2.0,50.0,4.0,4.0
0f14d459eabaab4d046565048d06311cb40e43fdc80610e8167ce1ab3af3d9ec629afcdd64c0c35478807f49ee5d2363c4c2c7d24f4aae49fae89b4cff5cc72b,CLEAR,DAYLIGHT,DRY,FOLLOWING TOO CLOSELY,2.0,38.666666666666664,4.0,4.0
0f14e845312d6c44af5081c3075625272fa482fb031c1781eacb3f1d27bfe313a0a4e40a2035771c0653ee33d9f8b9f9cdf63f2d7db19d7c7aa3bb3f574e830f,CLEAR,DAYLIGHT,DRY,IMPROPER OVERTAKING/PASSING,2.0,42.5,2.0,2.0
0f14ffe5841b4884609c73141d379729357211ce865a1e7f6d5ac2ab742dedc8e344b3206b0de1654ccbb07e824af7fbfdd7f4a74e4e426dba70f5a8a61f3522,UNKNOWN,DAYLIGHT,UNKNOWN,DISREGARDING TRAFFIC SIGNALS,2.0,30.5,3.0,3.0
0f1511f31de3a6183798786c9fb6da1b59391b2cb9602b71e2f7bdfc08551d3752bba708a326e31a2a8ab7dd08fcf8e36ef95b0f659c910d182089f6a93d61ec,CLEAR,DAYLIGHT,DRY,FAILING TO REDUCE SPEED TO AVOID CRASH,1.0,47.0,1.0,1.0
0f1518295a598e55300906db66dc7cadfca62cd3a7bcfc69a85d4d372a692d5c7b8062d23a7cb51569074ef4a5dfa33e65659e22e369e5cdab419fc0ef8e41b7,RAIN,"DARKNESS, LIGHTED ROAD",WET,DISREGARDING STOP SIGN,2.0,64.0,2.0,2.0
0f152cbc5f4d1a53dc1e5a1ba11fa6192b028c8a653a4d7277032352489c51d1b7ef3c5a747f31953b636138bd579554d7b01ead043717a8d2eb5c48d10eb36f,CLEAR,DARKNESS,DRY,IMPROPER BACKING,2.0,36.0,1.0,1.0
0f153b7bb3295d8f240c0ed3cc94c0dd61cc91db8bae7d683266426c4b51bfd19e29a8b0fae9dbfbe9814b660b991cb0ddee331c968058932f62e51e8aef5e24,CLEAR,"DARKNESS, LIGHTED ROAD",DRY,DISREGARDING TRAFFIC SIGNALS,3.0,45.0,6.0,6.0
0f1544cb06053ec1d5f79027b7209950b716f4f7b0b68c669b6512225e6256fbf3d27ef1d057b9e33a799fbf244a360b452eee1374f005288cc6093ef17b22be,CLOUDY/OVERCAST,DAYLIGHT,WET,FAILING TO YIELD RIGHT-OF-WAY,2.0,21.0,2.0,2.0
0f155e76d4dd8357660107b944d204ebd29cdb6b807179fc49f2be356e25116636aac612284be4685f262dd961ea94757a09cfdd0d83630b7e0368e4464c2545,CLEAR,"DARKNESS, LIGHTED ROAD",DRY,FAILING TO REDUCE SPEED TO AVOID CRASH,2.0,44.5,2.0,2.0
0f15974465ed1f212a29d2e43eedbf82e51c8d8332ed51ad812a9e5749e7e89cd95e981e913ea7b068906e6bd9ffd9cee0d1ccdf7a4b2a0ad09439786785a204,CLEAR,DAYLIGHT,DRY,FOLLOWING TOO CLOSELY,3.0,26.4,5.0,5.0
0f15a00efc606ed5eedf67655d2546f2c41de03a981a1eb1b55d56e84bdd34e1d3b2a77c0830ebbafbc9cca807ba3e2f5fe231de798d597ae9e3a0fc38509702,CLEAR,DAYLIGHT,DRY,FAILING TO YIELD RIGHT-OF-WAY,2.0,37.0,3.0,3.0
0f15f0255ff2cbd9eaa759ee6baef9d8905392e5ca70ad7accdfe08263ee043158b5ba27146ec20e8263d3beab5dce816dec096c6de7eea8d72e0eb62a673492,CLEAR,"DARKNESS, LIGHTED ROAD",DRY,DRIVING ON WRONG SIDE/WRONG WAY,2.0,39.75,4.0,4.0
0f161d42bea9bdb1e9597467ff0ee05266c064f3dbf1e4ef428ead3171655d4de85aedf527ad60975561be5e71568332961525e535677d992739bd2101cb3d83,CLEAR,DAYLIGHT,WET,FAILING TO YIELD RIGHT-OF-WAY,2.0,42.666666666666664,3.0,3.0
0f161d476f57b6023bd31ba329a6be8c9ba51b194b069d373ada7a847759d8e2d4efa880460c77a658ccc5f9e3f45c1f35409ea4f6b7f3b47dbe74cca28d7097,CLEAR,DAYLIGHT,UNKNOWN,DRIVING SKILLS/KNOWLEDGE/EXPERIENCE,2.0,40.0,2.0,2.0
0f1630a402cbc34e244b1e5d9fd6b82a764f8472e9e7790445a436de272b54d1f6d830618e6f7b91fdc0f3f4c31c3b5fe97aa2383fe5c96e451dfdf0c308d41e,CLEAR,DAYLIGHT,UNKNOWN,IMPROPER LANE USAGE,2.0,74.0,2.0,2.0
0f163b6f8efb6b167c939ac34fd5c57bd21511d3fc6629839826311d46692415a02651877b280af93e52a63e911a42f3cf8c90acdd5917fd9ccaa3b4c8ffb4e9,CLEAR,DAYLIGHT,DRY,DRIVING SKILLS/KNOWLEDGE/EXPERIENCE,2.0,37.5,4.0,4.0
0f1640a9308aeb9b472f7d98e9498bd47c8c4f287d68bef2a9b0366d72951146bec5c99439f0ba8f5065cd23ac67dc6155bf992df3b37f5722decefac8b7d0a6,CLEAR,DAYLIGHT,DRY,IMPROPER BACKING,2.0,0.0,2.0,2.0
0f16425807385f3fa3c32f2577fdadf64b3d7c254070fb02484493e879f5dee1608dc33f621d5bff9ff821847c6b8da92898a54396803eca94960e25e2f90b61,RAIN,DAYLIGHT,WET,FOLLOWING TOO CLOSELY,2.0,27.0,2.0,2.0
0f16594ad5b7232554a6487a9d801f40dfafc38c4617bb53353773aaa05f9cfa2b1616b9431e692a3e36cf61eff3e80e9f3038302ee39d05fe0b519fbaa70d0d,CLEAR,DAYLIGHT,DRY,FAILING TO YIELD RIGHT-OF-WAY,2.0,39.5,2.0,2.0
0f165ce485b3b553f1d33bb3b4a0eb998c5b255382e5e5d17c83e7c2368aa4f2f40be14f5cee12b6e00f8722a6f48b1cb8c6810b2a8b317d836d3ba136d98dad,CLEAR,"DARKNESS, LIGHTED ROAD",DRY,FAILING TO REDUCE SPEED TO AVOID CRASH,4.0,37.5,1.0,1.0
0f166136994f045d3048e24e517d2933d7162e0486e311e0aea2ac252ea4e90c52ba0b80bbda005f54dbc590e3d55ba6d093c3d0c3f4d0fe0695cd27f93be83c,CLEAR,DAWN,DRY,IMPROPER OVERTAKING/PASSING,2.0,42.5,2.0,2.0
0f16a38457030513457a8866ffc78555da492abd41b6f0011e829c663db3ea036d3892c95a6c365141eaeed69a477f9daf7c9b4929c1e4fad6041897b62f853c,RAIN,"DARKNESS, LIGHTED ROAD",WET,FAILING TO REDUCE SPEED TO AVOID CRASH,1.0,35.0,2.0,2.0
0f16b89a971ba11cf1a74bba5f17601d19661547d1d5058dd041d4d1825bf389e69e66617dcf0f253e2b86a2b188d559419a7c86f7f91945baa159f00bcb39e0,RAIN,DAYLIGHT,WET,IMPROPER OVERTAKING/PASSING,2.0,37.5,2.0,2.0
0f16d9c325abbe7943a87c61237e16713cbbe9c510a92bd693dd0cdcc55a59fc47314933b076e51834600c3d074b3bd5c2f4a2a0f31d3f5007f4032c2bc150aa,RAIN,"DARKNESS, LIGHTED ROAD",WET,WEATHER,2.0,19.88888888888889,9.0,9.0
0f16f15a72eee2a1b81948a96fe0b06a9f77f43884e6e3fe4ec53cdf604c82590226490e97c8db4c38e642d47895d1b501d35f8f3e993cf3b78b4e2bac3294cc,CLEAR,"DARKNESS, LIGHTED ROAD",DRY,IMPROPER TURNING/NO SIGNAL,2.0,62.0,3.0,3.0
0f16f607d28c6e90003716ae4593ba6a96fa237d8a0b8d85d57129a81b61975a27d1d3f0eb306751eb790f2374ce166f58772e98d1464475fc9b6ffafb11cfcf,CLEAR,DAYLIGHT,DRY,RELATED TO BUS STOP,2.0,51.0,3.0,3.0
0f1712aafeb32615692c5a7e2947b1703fcc0e207d33b9424b04aab56013d17240e9556bb131096807d21c51bb94fa1039a697815515b802492507c229a06bb6,CLEAR,DAYLIGHT,DRY,IMPROPER OVERTAKING/PASSING,2.0,31.0,2.0,2.0
0f171f666c660f6ad572945e96118205b1b173846deb54b7d82110ebfbc9dac9e96fe7a15e84261c1dc45a968f0944785afdbf489510cca027e75082c1078c26,CLEAR,DAYLIGHT,DRY,IMPROPER BACKING,2.0,33.0,2.0,2.0
0f17357f7faa735b4bc14ef773dd793d3345c80899d858f98b3587ac91aff154472c76416e1d41860e9cb7f9173ebac1f078e09e23e9c2700b6e9d1d5fd368b1,UNKNOWN,DAYLIGHT,UNKNOWN,IMPROPER OVERTAKING/PASSING,2.0,26.0,2.0,2.0
0f1749afea67e743c7b431ac3d62bd58688e5c3d72aee2c00ba6f3b3ab8dbcde02611a42ad319ffecec08204c7ab92bd122651fab4c550be3208ff07842b5c0e,SNOW,DAYLIGHT,SNOW OR SLUSH,WEATHER,2.0,60.0,2.0,2.0
0f1780ef3796d09ad1cee4df9eef904c01479535caf46ee12711279e008c9c058e6ede343d4d609b42c1f9fbc323dcf023a51813ca5ff5ce38e5c66139297faf,CLEAR,DAYLIGHT,DRY,FAILING TO YIELD RIGHT-OF-WAY,2.0,14.0,4.0,4.0
0f1787f656c72e64bd464bc158a73d6b062101df6098bd6b354a3964442c5638a2fa8cb4230cdfa0412a5e7f9a43baeba3238756c1836d377426668ec0766979,CLEAR,DAYLIGHT,DRY,IMPROPER BACKING,2.0,21.0,3.0,3.0
0f17a5f738bf93e54aa933a72fc858c64d66545a36e7f322a60de3be30da5bd936cf02975236444e1c40d0e4bfb127f840169e13137d0ffce152826424fbf6ca,CLEAR,DAYLIGHT,DRY,FAILING TO REDUCE SPEED TO AVOID CRASH,2.0,43.5,2.0,2.0
0f17fb744f38945ace64658b995d0b8da123ef399c28e7bca5556931ece2414df82c0fae2c76a772edfb07ea21f1aca2d958f14f97f4178aacf0071f7df42c4c,CLEAR,DUSK,DRY,EXCEEDING AUTHORIZED SPEED LIMIT,2.0,23.0,1.0,1.0
0f17fd39c3841d9995b2bdaaa1f3705590c6026158cc518463d9d68d74a7a32ec02bb6d7e0d548c61503a798a4942848b66af41d2af6ada3aa111c242179b9ba,CLEAR,DARKNESS,DRY,FAILING TO YIELD RIGHT-OF-WAY,1.0,45.0,2.0,2.0
0f1825e4a9aea76dd544dff757aba8fb363dcdc7a91f69307370431014668c90999bdd3620caa1437b372e567ac57799fd971e302626f012ee469236a338a907,CLEAR,DUSK,WET,IMPROPER LANE USAGE,2.0,33.0,2.0,2.0
0f182d0858c014baeff10a081323ac72251751d28532ef9fb6548e61d305cd00575cce68465a7162c292de44ec6092d4f06336e33aad67e4f12f181dbb36f31b,CLEAR,"DARKNESS, LIGHTED ROAD",DRY,IMPROPER OVERTAKING/PASSING,2.0,38.5,2.0,2.0
0f182fff84baa0ae49c228021472a46c68e642b0197b4095d11202dc0099946f2f93b68ce5730f8133f6f32c855a01263e37b47a621cb6e6029950c6d7387f4d,SNOW,"DARKNESS, LIGHTED ROAD",SNOW OR SLUSH,FAILING TO REDUCE SPEED TO AVOID CRASH,2.0,32.5,5.0,5.0
0f184c4d0b1aa792e1b9bf22e5cae4ece043a8915c87388d1337bfc0844af4b2c982fb444249a654ef71b7ee1b2a556c613281eb4946e9f163e69b576b3c8b75,CLEAR,DAYLIGHT,DRY,FAILING TO REDUCE SPEED TO AVOID CRASH,3.0,43.0,3.0,3.0
0f184e32eab0b2ca950deba01009805bb61d2c98c903a50962f395ebbe2b18731dac6b74221d7fbeec79599ce7dd59513dec20d8295ac7e80e1c733eb4c7c7fe,CLEAR,DAYLIGHT,DRY,FAILING TO YIELD RIGHT-OF-WAY,2.0,39.5,3.0,3.0
0f18533dcba888b2da075dde76cbc8630702c7c119a71bcb0d36a46ce9fe528d721567829527ee9024eb7b3f5bffa358d1649dbccc0b01bf0c0a208842b0c1cd,CLEAR,DAYLIGHT,DRY,IMPROPER OVERTAKING/PASSING,3.0,70.0,2.0,2.0