crash_record_id,weather_condition,lighting_condition,roadway_surface_cond,prim_contributory_cause,total_vehicles,avg_driver_age,total_people,total_injured
0f18ad79dbbe083ef4662b9456263d5619aa7fa3127be99d88c6e88a096304bf0a85dc0359adb6a4e68863c1df3524886515da90191c8a29c0f2118c9da3fc33,CLEAR,"DARKNESS, LIGHTED ROAD",DRY,IMPROPER LANE USAGE,1.0,45.0,2.0,2.0
0f18dfdeefddad2a0e6426ec0cba9969e1e80fc8e1663380254c5c3a64dd639b85e5157fecb78560027d163626b86bf55d5cb9f26d9a5890d84a5008215c6114,CLEAR,DAYLIGHT,DRY,IMPROPER OVERTAKING/PASSING,2.0,45.0,2.0,2.0
0f18f40666e8e7c32da77336d9235dfbbd9028eacea29799f0e204d1c8a033d970f58d0fece3f46566f137f540efb97f9b37b7a93ec4ec2cdf759e0fd1906912,CLEAR,DAYLIGHT,WET,DISREGARDING OTHER TRAFFIC SIGNS,1.0,61.0,2.0,2.0
0f18fa38055ec8aac3932ad068903fff687bb2658f3fd2be3af7a5642d4fd4431d535d76bd2247b7ff07ddfbf8eedb79fb770136dd6d8dad6e9b2d76bd7d5c01,CLEAR,"DARKNESS, LIGHTED ROAD",DRY,FAILING TO YIELD RIGHT-OF-WAY,2.0,27.0,3.0,3.0
0f18fdc253d55284d52020b64d712655551ebc187cbf6cb438e1b6bf12f7ede6c292c6c194f41d81af26fa966a06f352dd111e4f4e80079e10ccf1dcdf89dbac,CLEAR,DAYLIGHT,DRY,FAILING TO YIELD RIGHT-OF-WAY,1.0,31.0,2.0,2.0
0f193956ceec497f6109e3c4a7c80b21afb04a8a1c391fc4150f449a39a6dd6ea8a1c41125753968c55e47d15607d8b3d67d3e72e79bd77ba602122379351cd6,CLOUDY/OVERCAST,DAYLIGHT,DRY,DISTRACTION - FROM INSIDE VEHICLE,2.0,54.0,2.0,2.0
0f1939e697a38e1355b7cf7eebfd0c6944ec19e4597cb7b2ecd93658561e55578a80ffe2c6e78139636e7a66f8cba30d937c05e1963b209dbeff1888772f9e23,RAIN,DAYLIGHT,WET,FAILING TO YIELD RIGHT-OF-WAY,2.0,47.0,2.0,2.0
0f19458adee1ea2547eb9c6b78cc1ce39515b32e4d59819c3561d9731bedb06d2683ff733f2b72d01c325f2dadbc678cc8671d4adaa884a02a81d74ee71a4b87,CLEAR,DAYLIGHT,WET,FOLLOWING TOO CLOSELY,2.0,31.0,4.0,4.0
0f1955afe07d33d6230956ee00de9af4cb18c8c074767525911184942e814adb37e0a8e6696efbf1745ba49d54fab3a7f174ccdd9a011efff614848a6bf84dbe,CLEAR,DAYLIGHT,DRY,FOLLOWING TOO CLOSELY,2.0,62.0,2.0,2.0
0f197cdb6630419531ba393c653753130d8094fd778013b0565eaf57e7aa2ae2103ede1d3d9ca24d0e53b32c9db8d0e3147bcfbe9e04592496b191a9cb2f68dd,CLEAR,DAYLIGHT,DRY,DRIVING SKILLS/KNOWLEDGE/EXPERIENCE,2.0,37.5,2.0,2.0
0f19afcb25dfe69f1196554778d1eb7b937907d95559d798ce576aac2636ce5d5e9492cf9235e39ca369ed46f8b3d68efad0588f0d0e77474077119dd6ce155f,CLEAR,DAYLIGHT,WET,EQUIPMENT - VEHICLE CONDITION,2.0,25.5,2.0,2.0
0f19b236a66e598a44cd9e19b5c05ee67aa8e22fe32227c961ec638a2c38b5ae69361b5608552ee008d8f18d7b0119c969eb19d56a05b63f012daca1c07d2af2,CLEAR,"DARKNESS, LIGHTED ROAD",DRY,FAILING TO YIELD RIGHT-OF-WAY,1.0,66.0,2.0,2.0
0f19b45a3066e5fb791e982d537e63e5a5edd51b4f875edb8c19492b67bc1f14cd94d51eb3fe597a8a3098f0118ebf1ae90402980904ba50b5a790de6e9491a1,CLEAR,DAYLIGHT,DRY,IMPROPER OVERTAKING/PASSING,2.0,45.0,2.0,2.0
0f1a1f99009f21ed6d1b7f235e2ec3db8d2128c86c8b4acac304f851c4a6d0eedd3b06ac0001191fb7e9272831fef26aadfbf6df371ef7535b73b41863e64800,CLEAR,DUSK,DRY,IMPROPER BACKING,2.0,37.5,3.0,3.0
0f1a279ecfa369bdeb7bd2117c54b261c4f77ab5655c35df8eaf33ec0910e291db2b97a3c5ce76961410a42ab8ba7982e12f0b3438648a5972b6597ad438d678,CLEAR,DAYLIGHT,DRY,DRIVING SKILLS/KNOWLEDGE/EXPERIENCE,2.0,49.0,1.0,1.0
0f1aa4a27aee7c8868cc3158ea250f857fd4b07826c5040bf83c91aae5ef455f9549217f9ae54cfff8d92e7ec9a16c71c74bc7869af7a3151c6b36513e3e485f,CLEAR,"DARKNESS, LIGHTED ROAD",DRY,FOLLOWING TOO CLOSELY,2.0,31.5,3.0,3.0
0f1aa7628710ac2e1a59dc98411fb9a43e3eea70ed8c33e2d1dc192c63e36bc1a68c1033b83721ddcb1f1a918395d7ff5ddcdba283b7cdb7b0710875cba85184,CLEAR,DAWN,DRY,PHYSICAL CONDITION OF DRIVER,1.0,37.0,1.0,1.0
0f1acffb367912797cd6eaee177820295a15d9fa573a4fa0c19e6a4cd76feefc8c7060c797875e6e494d5743dcdffa2a35fbf5a2c8d6968946e90ec2fbf5cf25,CLEAR,DAYLIGHT,DRY,DRIVING SKILLS/KNOWLEDGE/EXPERIENCE,2.0,49.333333333333336,3.0,3.0
0f1ae979a13a9ce65f935332dc0bb7fb455f90519494fe3c304d8ba8c41791c9fbe457523613720a99ccbc862cfc61e714479e34d87bf900e4f90fa5cd249b08,CLEAR,DAYLIGHT,DRY,FAILING TO YIELD RIGHT-OF-WAY,2.0,38.0,2.0,2.0
0f1b02ca73eafd4bba9f95f48e2e14e661bdcc0c6adf41780f8d2f7cf13ce8e9cf2b7663c7d030627f107eef1c866a3c2f0a2beb44a8cc52a4a3c27a90d1b39d,CLEAR,DAYLIGHT,DRY,FAILING TO YIELD RIGHT-OF-WAY,2.0,21.0,2.0,2.0
0f1b1ab5cfab8064ecf48060484152bc4b79fc81b4988332be962c1ffbd4e0cf4906447a5519ea4e2b3cc4f698066480302ef76639898ddf9a28dff195184874,CLOUDY/OVERCAST,"DARKNESS, LIGHTED ROAD",WET,DISREGARDING TRAFFIC SIGNALS,2.0,21.5,2.0,2.0
0f1b6f9b45cdaed02a39aeb07fa9b4075b7ba116c7a22d18b5338e2b7019f56716034ca932da045cd77829ca26927f146e24c21e379702f31eb9a4be3ab62ef1,CLEAR,DAYLIGHT,DRY,FAILING TO REDUCE SPEED TO AVOID CRASH,4.0,35.25,8.0,8.0
0f1b6fdf9343cff724cae19493c01a0a3169ae0b4d747b4b3c7b6b050c15eb64e08651ebd62941fbd7a26b1e5acab839e898b18e010288870c626bd0616ffe29,CLEAR,DAYLIGHT,DRY,IMPROPER BACKING,2.0,37.5,1.0,1.0
0f1b7c64612e0372f781a216d8a176991bd892a544f9fbd40b22ea1ebc1f53c411fab73f080c8fbbe89409fcdc8f1245d9a03bbfb0db45e7200442b42c4d0f2e,CLEAR,DAYLIGHT,DRY,IMPROPER BACKING,2.0,46.5,4.0,4.0
0f1b87bd11051babeba7abb4791b581e64870ead04e2bc26258f54de06cb00f966a5cf8c092c553dd51952035b507da5284edd8cf447b17e339c8d62083ddb12,CLEAR,DAYLIGHT,DRY,FAILING TO YIELD RIGHT-OF-WAY,2.0,44.5,2.0,2.0
0f1bafbc71baf1a7deae730d4d1add57330cdbbb0597c4c3981d7a1e4e54d00f42c25404d9e7f046719458c2d450e8dc8af039bae03b864e87b14302710485c0,CLEAR,"DARKNESS, LIGHTED ROAD",DRY,IMPROPER OVERTAKING/PASSING,2.0,52.0,2.0,2.0
0f1bcc06afa7e66b29229a899c781142c4363ac0988796e6b2113a01e0cbcbe5f9841dc9e381c56e068ffe8903087b3c8e1b9d7178dab86479a197de25095791,CLEAR,DAYLIGHT,WET,FAILING TO YIELD RIGHT-OF-WAY,2.0,28.5,2.0,2.0
0f1bd6d2d7d486ee4a481e85b3689907015b3b1d68f2df9f7f670d5f03a0b279c211c601b31968ed2044a77d3c50e62d9f7c01e8e9c6c4b6b4b16c8facc25bab,CLEAR,DAYLIGHT,DRY,IMPROPER OVERTAKING/PASSING,2.0,37.5,2.0,2.0
0f1beefb43923d504620227218889838f2433fa915480c330ef23d425bf11b419d2eb8d1bd1c64f78902866f70eedf282f7cd1855511500aaa67e2a228cd0205,CLEAR,DAYLIGHT,DRY,FAILING TO YIELD RIGHT-OF-WAY,2.0,23.5,2.0,2.0
0f1bf95b93e62fd355bb9f26fd306f7d510ef66370d8fba5e11af9ec948a2738f62e3aa11fac4b84b2dc30d1f7c11277b3c27029902a5414f9d4e1c24ab67882,CLEAR,DAYLIGHT,DRY,IMPROPER LANE USAGE,2.0,31.0,2.0,2.0
0f1c06eecc7d4992e3529b50310d52dc01a82341d81b151fffae85ad3ed2406ad3ff1b0ed4465362f5167d9857f60444c29df732e2bcfc542308086c4128cf63,CLEAR,DUSK,DRY,FOLLOWING TOO CLOSELY,2.0,26.0,3.0,3.0
0f1c083ff905881b6e39f1357088fd4a70906b327b7cfd86286ba29032274f55733b0392d1a24bcbe055afe759837023b9f35a04fd9eee8af9e41009c619bf03,CLEAR,DUSK,WET,IMPROPER TURNING/NO SIGNAL,2.0,31.5,2.0,2.0
0f1c0ffe23c96e6e50e0bd0aac328a3d4a5ffe2ffc3097f82ee4e0d3f2af08897d67937c30a20f2567a0d57de8233b8af132305775bbce06185ab7e35d3d86a8,CLEAR,DUSK,DRY,IMPROPER OVERTAKING/PASSING,2.0,40.0,2.0,2.0
0f1c273c3699a49aa54100a3aae345274798242dccf0e51bb4acb57529a6a1b02959207203dde64f1e3ded21297574b58a409ebdd2c02f8c549be74e857f82b0,CLEAR,DAYLIGHT,UNKNOWN,DISREGARDING TRAFFIC SIGNALS,2.0,28.0,2.0,2.0
0f1c82f326d19b6b32035d45da6fc1309600c659b4f3c1a1180732dcc7156acaa486d7b214f1375a5d7e6dc9c3da34b88addeb91740556a872ed9878bce2236b,UNKNOWN,DAYLIGHT,UNKNOWN,FAILING TO YIELD RIGHT-OF-WAY,2.0,56.0,2.0,2.0
0f1c844daeb1544a52d53b105389a30ef4c62dd5283cdd40dede417ee6fe56dd2b0d8cbd7467c54db1d74653bc996a26816888ad4ca900f019b7c2a7e515218a,CLEAR,"DARKNESS, LIGHTED ROAD",DRY,FAILING TO YIELD RIGHT-OF-WAY,1.0,30.0,2.0,2.0
0f1c896e28591207c4758b984ebd09eb9ef8f433055542fe275ea37304c73d6dc7054378bd21cc3b8699a07c7b1e2db851999ab734dddb8709f50cca1545d219,CLEAR,DAYLIGHT,DRY,ROAD CONSTRUCTION/MAINTENANCE,2.0,48.5,2.0,2.0
0f1cb070b385b135c293f4262594c3b95c7b1bb85f87e792258a34cf423ef2b9449f74fc66b5f41829d88ce8ab23ee99970276256b7fed31cb97251174667a62,CLEAR,DAYLIGHT,DRY,IMPROPER LANE USAGE,2.0,61.0,2.0,2.0
0f1ccaf17bc6211b739ede8305c91d78bd96310701a0b2674569eeabeb31bcd7092d7e749760a34ddbe2021370b71b53c5740a4593b103dea998b3a277a61b2c,RAIN,DAYLIGHT,WET,FOLLOWING TOO CLOSELY,2.0,51.0,3.0,3.0
0f1cd02b9d853a0077620fa3df3089b9b1f41626260ec920109f1b42cef2a903058dd2fd60c8b4ec9e577d3f8bf8ebee7d6d7c7c39c77a550fc65bd9a8571058,CLEAR,DAYLIGHT,DRY,DISTRACTION - FROM INSIDE VEHICLE,1.0,58.0,1.0,1.0
0f1cd4d48955cc6c00842c51c208118a9cff41e2c3c2c2ca6493cf763f80f52f128b1e0aa3eb8b4c059f57d64f5d435763d9d1cb9d0c668f94ff392771d5a9ae,CLEAR,DAYLIGHT,DRY,IMPROPER OVERTAKING/PASSING,2.0,45.5,2.0,2.0
0f1cfb997a40c5f1d5e8ce8d5ed590cb155aaad113c57fecd25894262e8be9757eacadf0ed4df9239525c9d10cf0163a5d82796c802aed42a961348e22ffa8ee,CLEAR,DAYLIGHT,DRY,DISREGARDING STOP SIGN,2.0,42.0,2.0,2.0
0f1cfc14849b128f13498bb22a84a75dc974b7261cc7aa8896c196c74974fd1b74577a8086a4e6ee2aff73c34ee2e7ee2865626de8ab29981d7b0113ec76fd0d,CLEAR,"DARKNESS, LIGHTED ROAD",DRY,FAILING TO REDUCE SPEED TO AVOID CRASH,3.0,48.5,2.0,2.0
0f1d023583cc5e36385aecad3913a1f4f5bf267709ab9b1838629d9a396354594ca111630e6be92b41aef056477a9e490614468c1a21dd039eb62aed50ac8b97,CLEAR,DAYLIGHT,DRY,IMPROPER TURNING/NO SIGNAL,2.0,22.333333333333332,3.0,3.0
0f1d0c4a55b3023ce2f444dd168d6824b67bd1963f537faee3ee4de0cc14d5d7073abbd6aac70e1bebaff1c23909d84e33bf63186537a4895ccb2812b7e1a1e7,CLEAR,DAYLIGHT,DRY,"OPERATING VEHICLE IN ERRATIC, RECKLESS, CARELESS, NEGLIGENT OR AGGRESSIVE MANNER",2.0,38.166666666666664,6.0,6.0
0f1d2d9ec704f25e6f192826ebcbce6f0c625998a0ab88df56e0b024c196b39d7b3bf4d658e1a2b89f4402024fc9dfd59a8b4b81ac6a95eea980bf450c3291c0,CLEAR,DAYLIGHT,DRY,FOLLOWING TOO CLOSELY,2.0,49.25,5.0,5.0
0f1d33f4e43de10e9b99a1a1d8bf0220d253a8d3fc34deb5088217007e0520fbed370e895fd0af7bebb02e68b840ac4786b3d2b089c98150e5bea578a55e988d,CLEAR,DAYLIGHT,DRY,FOLLOWING TOO CLOSELY,2.0,26.0,1.0,1.0
0f1d407898d056fa48d89d11fc2aabd1cc672dcffb43d36ad64c3f4297cdd71f1be23d6a7712672a11e10083e4d489a620cea0c10003f75c2965c513d3a50e56,SNOW,DARKNESS,SNOW OR SLUSH,IMPROPER LANE USAGE,2.0,43.5,2.0,2.0
0f1d42f5d01a5e5264a900a4109936d4e7627923089d424487494b9fac4261e94f9c817a43d5ca886282f4bde144306489065cfbbca7dc0dd111848ca5ff2560,CLEAR,"DARKNESS, LIGHTED ROAD",DRY,IMPROPER BACKING,2.0,25.0,2.0,2.0
0f1d9121dc883bddc6bc9e594255c01d96454beb20bcb3dfed834815413136d8fb5653d3f08525ba748bd3b86bc50c4f221beb9780e5534cafacdc16186d6fd0,CLEAR,DAYLIGHT,DRY,IMPROPER TURNING/NO SIGNAL,2.0,48.333333333333336,3.0,3.0
0f1da132dc2ed9349f7fa5ff92d1077dfe04b0d634bf8aa8d2d90360b3a612935a9b79892ffa3d11a8b19f5bbfa0548226b39fdcfc9c8c349d2ed82a794d1f56,CLEAR,"DARKNESS, LIGHTED ROAD",DRY,FAILING TO YIELD RIGHT-OF-WAY,1.0,35.0,3.0,3.0
0f1dbdc9c9170046978ddae2344449dc6dd91234b5b0ad62515a8e392c6c0d8ed98f4dbacfb5b45cb15a50175e8833a9194926dd886a11bb017b73a86b3223db,CLEAR,DAYLIGHT,DRY,ANIMAL,3.0,22.0,1.0,1.0
0f1dd6110ac77a5c1c35a1ea7680b7cf2ca0aab6f4220086590a18a7d130bd906c67916ab285274f6737934d1772e978b8521ce2190e4d673ee5fc6b86deecc7,CLEAR,DARKNESS,DRY,FAILING TO YIELD RIGHT-OF-WAY,2.0,47.0,2.0,2.0
0f1de963ba130d8f60ea8f9e385f4f808826953e3308813a72d3ae77bc2bc167aa611b83fd8d6046953ced637a61dfdc1db5899d6ccfdacd28c4a76427e536ad,SNOW,DAYLIGHT,SNOW OR SLUSH,DRIVING SKILLS/KNOWLEDGE/EXPERIENCE,2.0,24.5,2.0,2.0
0f1e2c9dcc282a69572c32197dd11db834c7060f18bc96712d468ce69401c33c7f2d813e75a08504c1539c67022dbd52ed8d23bb37b52bffa338905be41905f3,CLEAR,DAYLIGHT,DRY,FAILING TO REDUCE SPEED TO AVOID CRASH,1.0,35.0,1.0,1.0
0f1e3ec83f6af66b2710bc881bab8e84249d605180368777ca859cb4084638cdf33e1229732afc63ca9c674cbec814c972ad05ff7e49191df632112371682f88,CLEAR,DAYLIGHT,DRY,DRIVING SKILLS/KNOWLEDGE/EXPERIENCE,3.0,43.333333333333336,6.0,6.0
0f1e65226a66ab06b1ce4c9e2c09cbdc347eb64544933cbbef33fc90b21a18420b7b08356c30a0956e065bd240bb1dc9b0c33e611353caee920e446f5e866298,CLEAR,DAYLIGHT,DRY,FAILING TO YIELD RIGHT-OF-WAY,2.0,24.0,2.0,2.0
0f1e922cdbd794d09aef2315b53b6e0d79a1a6b1111f5e814fce0ba5a0876c0bdf32434630e0db4690bfe06adc65d0769d2ee2fcbdfc69cde9642198db5c1546,RAIN,DAYLIGHT,WET,FOLLOWING TOO CLOSELY,2.0,35.0,3.0,3.0
0f1e97475cc7eda1178b43f78bd521f09867d9aa8281d193892dbe1a77f352c07ec4855e57d1d37a96cdcd8d1bc756d453f2f03ce11ef6396d88611c358defde,CLEAR,DAYLIGHT,DRY,ROAD CONSTRUCTION/MAINTENANCE,1.0,37.0,1.0,1.0
0f1ea09f412c30d5aaf7cb176eadbbcfb3c0c4d10917d6d8202e4f0b540a526270a1e5ab8bbb311a1c959993774517fc1fe8a33dcd7787fc31ab4e8f8f2d56ca,RAIN,"DARKNESS, LIGHTED ROAD",WET,DISTRACTION - FROM OUTSIDE VEHICLE,2.0,38.0,3.0,3.0
0f1ecd2786c28efd27c15eb27df3f6039cb7672b7826da14a147fb1a326958ba8652710de5c77734d26efdb0dc4c3c06a6757c3f35263a8e2af403db1c4d71aa,RAIN,DAYLIGHT,WET,DRIVING SKILLS/KNOWLEDGE/EXPERIENCE,1.0,49.0,1.0,1.0
0f1ef20be5d5e3915b102059cc2b210b6a2d60302b8c4824ccd031842a1becfe8b561f9102ae2db2a1e48fbc1b8289a4953038d2d1d19eb7645991b9b5d3ba91,CLEAR,DAYLIGHT,DRY,IMPROPER LANE USAGE,2.0,47.5,2.0,2.0
0f1f01bd7f64becd7ec541e0490a0e264a3e57d6e9e1af0d07e54ec660d9a4e16ff4046381b4a3d3065f9626af365b3aa4cbd47381883a427a38248ca753267a,CLEAR,"DARKNESS, LIGHTED ROAD",DRY,FOLLOWING TOO CLOSELY,2.0,35.0,2.0,2.0
0f1f103d1db85ddeaeab284d570511035faa7e5c7734e14f8569fc9710d47eedba2c776577be985e1cf21dfd14c454782f3e299300d1585555605671ef60e747,CLEAR,"DARKNESS, LIGHTED ROAD",OTHER,FAILING TO REDUCE SPEED TO AVOID CRASH,2.0,32.0,2.0,2.0
0f1f25e1c84e2ca079a51f465262bba36956400a16e11b23ae5fe7a4fcee15983b2ea2b2c540d448d41bc09996287a53b174ce33c4e00513be3f40de82f81231,SNOW,DAYLIGHT,SNOW OR SLUSH,WEATHER,2.0,44.0,2.0,2.0
0f1f653481d2e7bdc65a980b2c73a6853882ccb1458c28469aa6c537fe79be22f6c8187c64954662918bb1efc5878ee9c0d16ab1a054d721cb63dac80a52dd42,CLEAR,"DARKNESS, LIGHTED ROAD",DRY,UNDER THE INFLUENCE OF ALCOHOL/DRUGS (USE WHEN ARREST IS EFFECTED),4.0,18.333333333333332,3.0,3.0
0f1f8ac97a9e91208cc4f9ea26dd2f6ac7048ebee1b1572e23082868c94d148a3ed6bf7264871ea0f9cb74cf5c949d2208a09ced92d52c2cece19ba071c2e792,CLEAR,"DARKNESS, LIGHTED ROAD",DRY,ANIMAL,1.0,27.0,2.0,2.0
0f1fd62fc1bec6f508a29af03af5453cc551cd8971ab5cb869e68dbfe74422efbb82a81f4d30232aa194d6e0bd6b5e0dcab6dfce714ffaee67945b574ee87737,CLEAR,DAYLIGHT,DRY,DRIVING ON WRONG SIDE/WRONG WAY,2.0,41.0,2.0,2.0
0f1fd94eaf3ba3dbcf5f36a9988af53fdf9faefa23c9d954b5a8bbea32e52ffc8f461bd44477893912e649a5f45e78824342ffaf27da88be252f52eee19af6f8,CLEAR,DAYLIGHT,DRY,DISTRACTION - FROM OUTSIDE VEHICLE,2.0,38.0,1.0,1.0
0f1fda80dea0cc0fc9a3803709b40e6fc6c4dc88961e8391ccfe98f3d4f8a194a2ca415139e0111915e4bc525e29417c57112a8ccf59ee548d14363da27362f2,CLEAR,DAYLIGHT,DRY,IMPROPER BACKING,1.0,37.0,2.0,2.0
0f1fe8173e7566e9004bea4171a0056b240a6ff4d3b63e841853e2046783b6b4821dc7eaddc71de465b742215ab6c0ba8dc6e3af0417b4f521b28deb6c8de07c,CLOUDY/OVERCAST,DAYLIGHT,DRY,FAILING TO YIELD RIGHT-OF-WAY,2.0,37.5,2.0,2.0
0f2005a9fbe38b9c9284633f42e6b9a610b59b2964a5384d465ec372add5af85a0d4cbb467ace91fac6d417b9158e26ff0c49d70e8a50473c22e94ed79547997,CLEAR,DAYLIGHT,DRY,DRIVING SKILLS/KNOWLEDGE/EXPERIENCE,2.0,41.0,3.0,3.0
0f202d78c4ad9889b84bee163450fa16a09a6093f9d76ef9b34c1c9b2d0d0f38f0c7863c5027b32147ba2c4326183c43fbaf29336c23bfe2fb08f6b40efa6d29,CLEAR,DAYLIGHT,DRY,FOLLOWING TOO CLOSELY,2.0,36.5,2.0,2.0
0f204794bfefeef03c29771f71519bbb45a46db27a17faf527a15d6b0003294df07e4d5bffd614830a2d01db9dd79ba1e8152adc05a7a619c6cb44be843558ff,CLEAR,"DARKNESS, LIGHTED ROAD",DRY,DRIVING SKILLS/KNOWLEDGE/EXPERIENCE,3.0,34.0,1.0,1.0
0f2054a2d9754a656f47c13004b2d5e55414bae61fcdf614fa313ee3a769b5a7e24b6b58035493e4e899020e868c73699efd9b2eeb531d261b74a33ff51c8e89,CLEAR,DAYLIGHT,WET,FAILING TO YIELD RIGHT-OF-WAY,2.0,42.0,2.0,2.0
0f2078d7c15aec3283a8bcf9e297e95f10456c73b6d7c4c30ee2624396442c428d46290fe40b9376e334090c04d04aa74993ba0125876a2bb9bcb751f65a96fa,RAIN,DAYLIGHT,WET,FAILING TO YIELD RIGHT-OF-WAY,2.0,41.5,2.0,2.0
0f207d5c94649845b8f5353160477518b5b692d61ff055c2cfa1131521bb63e21bcc649ac95d407b5241e78cdb535d3ba2439c52b03dacdf3d8ab0ea49829983,CLEAR,"DARKNESS, LIGHTED ROAD",DRY,EQUIPMENT - VEHICLE CONDITION,1.0,9.5,2.0,2.0
0f20859ad4e4f6f68f96bee253391f3a54ea75863c60192c957319d48deedb6119b2726c50e5b3f51023cfc4654113de4f05034b94a627ca7e18793fd318a8be,CLEAR,DAYLIGHT,DRY,FAILING TO YIELD RIGHT-OF-WAY,1.0,30.5,2.0,2.0
0f20ad91d79b9256ef12faec7c75ee84666c1238c30af2901cd1e1195ded5bcbb5be0841d358163479025b1adbe41b3911bea136ea77721e13c103c5ac3dab07,SNOW,DUSK,SNOW OR SLUSH,DISREGARDING STOP SIGN,3.0,19.5,4.0,4.0
0f20bf14a72fa7ed783b0040797c657d4d33457f14b6333e2895c6694397e2b94bd0e5873bb3d7fd8533c515e3dbd36dd0163026d4dd998239e2efb819a8c7e5,CLEAR,DAYLIGHT,DRY,FAILING TO YIELD RIGHT-OF-WAY,3.0,34.5,4.0,4.0
0f20bf15cb84263dc232e5e86895d11cba1930fbf3007552e11c7b8b7cff9fe83b8287dec7157e908903e04a9b4c95681ed1f4dafa41c79e5144c689f0c4589c,CLEAR,DAYLIGHT,DRY,IMPROPER TURNING/NO SIGNAL,2.0,52.5,2.0,2.0
0f20c5dc8e0962330ce45dac3f8023021c02c4589fa934e8426ed32b0108d692c9e0d87dc0a7945599fec695c0100d26820e4a65dcacab1c05659431f6e182d4,CLEAR,DAYLIGHT,DRY,IMPROPER LANE USAGE,2.0,46.5,2.0,2.0
0f20ff12f97642197a7dde216ff7313c30539ffe239546b404cd84a4998004f402afbe422fd7657c190f1a14b44866f4e48b4892a76de9188286424be81712c0,CLEAR,"DARKNESS, LIGHTED ROAD",UNKNOWN,DISREGARDING TRAFFIC SIGNALS,2.0,22.0,3.0,3.0
0f2101ee2671b661d9e6439b9aba952548321860a8f6fc51a2ad665774af274eed095d291d39d233b6e98458ad8249d936a22a4da57f6636394e153317469475,CLEAR,DAYLIGHT,UNKNOWN,IMPROPER TURNING/NO SIGNAL,2.0,45.0,2.0,2.0
0f21108d5f4ad9f8ac43448a0a34374202c6cd667d2337e90d943e2a59c013ee7b0e11a528b841f1c19333f05f223365e4ed97615206f998c59273ac9fa97da1,CLEAR,DAYLIGHT,DRY,FAILING TO YIELD RIGHT-OF-WAY,1.0,33.0,2.0,2.0
0f215bd2878d3425f8847ae4c0538db8367521975ada1e49036831121b0f19ce4347f9fee6a7dbe5e8b265120ac95433bff6534da72cef1a0d65da3778b5228b,CLEAR,DAYLIGHT,DRY,DRIVING SKILLS/KNOWLEDGE/EXPERIENCE,2.0,37.5,1.0,1.0
0f218ea0969fae08188dcbcf593e712fe57d0456709621b7f13bd6476adc52faa3202a7f8aa06efbf72c2dd05556471e9b49c0b6cc7e2681c01b4266a010ac65,CLEAR,DAYLIGHT,DRY,IMPROPER OVERTAKING/PASSING,2.0,50.666666666666664,3.0,3.0
0f21948e49b543aa09ff42e38cd222090b2a559522d710eec3cc4550035f90f3e8f167aa14e98241dab49096ed8235f3ec43fb5aba2730757f7f15ea73779b83,CLEAR,DAYLIGHT,DRY,IMPROPER BACKING,2.0,12.666666666666666,6.0,6.0
0f21a1a437ea8d7aad13edc74d535c29a096223d5ace08f09476a9a5c4d32488ed5ff276fb7ce46402f0542ee8579374594ee93b2711c207eb7c0b9d06d55e24,CLEAR,DAYLIGHT,DRY,IMPROPER BACKING,2.0,37.5,1.0,1.0
0f21b95bb110979ff6333d490b5dd22788869ef712746c113e65091a276bb82b71246a23057d4b9c95f85e62a22e06870468f9e099e3e2744f4578edc52f8812,CLEAR,DAYLIGHT,DRY,DRIVING SKILLS/KNOWLEDGE/EXPERIENCE,2.0,42.0,2.0,2.0
0f21db30cd28713c25e5e82accf57741795857fdca21db50b6bc059b53ec8e7e76d9376559b41eee91751079644a7600e1c068f1bdcc8111bdd85fcc73d212ac,CLEAR,DARKNESS,DRY,FAILING TO REDUCE SPEED TO AVOID CRASH,2.0,23.5,2.0,2.0
0f220347a9e047bbe585c1846ae9f3e7d04221133d6357eaf1ee6c9fa5477b863dee5bad27df7539249a124b252710887574628b8a6cd56ceaa9e6f85f326ec2,CLEAR,"DARKNESS, LIGHTED ROAD",DRY,IMPROPER OVERTAKING/PASSING,2.0,22.0,2.0,2.0
0f221893bcae753e31d61fe7c5e5c2c26b764bf687ea13dd242b7e8261e9a74e99011629f192796e324124adfc5f12064835393b475eb02a544999a4ea69ede9,CLEAR,"DARKNESS, LIGHTED ROAD",DRY,FOLLOWING TOO CLOSELY,2.0,40.5,2.0,2.0
0f22a5d50456fef088f1a8c6ef360a2dedde41b152b2cc4a8e9a22ef403113d7aab637385440ead9d220f3c07c1abafd430e250f55fcf5fe0d7195f09859060f,SNOW,DAYLIGHT,WET,DRIVING SKILLS/KNOWLEDGE/EXPERIENCE,1.0,26.0,1.0,1.0
0f22ea948e0619dae40de0d6388c3afdd1baf162db05110870a142e039d3330584211991a4a52df9a782d4c429ff93ba3a59d754fb94ee688b17eea77d4e4f27,RAIN,DAYLIGHT,WET,FAILING TO YIELD RIGHT-OF-WAY,2.0,45.5,2.0,2.0
0f22fe00db0a4061ba0482d65f37df52f1cc7f9c025cf27dcd5092c172e3f4aca7531cae37c6aea6fae590c555329fe9fe83643fd68e5f834a1131eb671c07dc,RAIN,DAYLIGHT,WET,FAILING TO YIELD RIGHT-OF-WAY,2.0,57.5,3.0,3.0
0f230324f48f560c9e2d3c24c39cf309b98e77cf98b6abd6d2579b4bc5a15784b36c2d46561e497c0e3046b18db1aee943019876dd6df3f3009d0ec1de8283da,CLEAR,DAYLIGHT,DRY,FAILING TO YIELD RIGHT-OF-WAY,2.0,31.5,2.0,2.0