crash_record_id,weather_condition,lighting_condition,roadway_surface_cond,prim_contributory_cause,total_vehicles,avg_driver_age,total_people,total_injured
0f230858b7088249a062b80760c77e82ec798ba62099eec7160fb51ca67f6e9d2ddf58c0fa8cedc97455be9e562b75c71371d08c8b0911d9174547712ed2e340,CLEAR,DAYLIGHT,DRY,FAILING TO REDUCE SPEED TO AVOID CRASH,2.0,21.75,6.0,6.0
0f23389629df8468e56e50cba5a0565363e65f993c0e3eb30d441556811831cda7d002c8ad2d242abaf6ea197206663c10606e9fa4a2553c562ead1705ec39f9,CLEAR,DAYLIGHT,DRY,IMPROPER TURNING/NO SIGNAL,2.0,68.0,2.0,2.0
0f2343c7a826750eee499ad66983796c5e12c89de898d7e61cbb160bac8cd3db8d64d8e8743bcccf0dea96bfe7749c99003faa1347b0d193272cf977024012e7,RAIN,DAYLIGHT,WET,FOLLOWING TOO CLOSELY,2.0,38.0,2.0,2.0
0f2345c6fcdbeebbefb7adcb6988f40b04d3eb7847a0d2232207d2a1654c8562df1e6990df46eece95905f3b7d8f8ad50662894897e296916f3c23879ecdd2ba,CLEAR,"DARKNESS, LIGHTED ROAD",DRY,UNDER THE INFLUENCE OF ALCOHOL/DRUGS (USE WHEN ARREST IS EFFECTED),2.0,46.5,2.0,2.0
0f235011686fb68a38fbac73b9c515b60a1598a14fa51304c1bfe0cd84a2005d06ada6e670e04b86d8ae6b4a2f8437cd5c559f2034310eab9db32492a5d56af3,RAIN,DUSK,WET,FAILING TO YIELD RIGHT-OF-WAY,2.0,25.0,2.0,2.0
0f235ab04d171c1773b7007b233651f546b8a5ade0c4aab24f9daa6b49d6a7d1f7b7232023120ad4b4067c9544d19ff74ef1a6d0e1a32b859e02a53af09b3c46,CLEAR,DAYLIGHT,DRY,IMPROPER OVERTAKING/PASSING,2.0,36.0,2.0,2.0
0f236c59554dbcdbe8a444f5d10ca3d14166c8e3f029bdf1e822de5e39caa9fd67aa3db8283cdbe7d2f7ba0a89e0db96051019052b1bf7c3d8d189c33f9edf61,CLEAR,DAYLIGHT,DRY,IMPROPER TURNING/NO SIGNAL,2.0,37.666666666666664,3.0,3.0
0f237dceea7a1528c6a397efe52b9d889b109ac4c0447f48b1b16e959589a4fb04f2f08bd55bc12b45c0ffe2c8b3bcd972179316be20ac431dd38874b05f0a9a,CLEAR,"DARKNESS, LIGHTED ROAD",DRY,IMPROPER OVERTAKING/PASSING,2.0,58.0,2.0,2.0
0f2395d43ed63bc5a943fc07a9750be60020ebeafa37580a6e1ba7a8c86c77182906594786c45ebb5f3ea39bd445566c6e5d7a1fab1b0931aab184241e74ce01,CLEAR,DAYLIGHT,DRY,IMPROPER TURNING/NO SIGNAL,2.0,39.333333333333336,8.0,8.0
0f23b1b67a0fe4bde7439da45df0c1d270e65fc64e0cc69f09bca0431ced60fca820a8fb49ed8bb6ea3241b5b36f3e2c4165af8d663ba2f793bc8698b8ae6809,CLEAR,DAYLIGHT,DRY,DRIVING SKILLS/KNOWLEDGE/EXPERIENCE,2.0,23.0,2.0,2.0
0f23bc5aac61fc4282371e8d9bf8a6e87e082e5eaecd9543ec6655d93e108ae58c0ad7c8d9852b4cc63ac5d4f8f5908bd3f409ca3cda49934540f4296bc03012,SNOW,DAYLIGHT,WET,FOLLOWING TOO CLOSELY,2.0,40.0,2.0,2.0
0f23e44d0b011a15df00f4e2aae8543a9070cee090d3ea5b36e7ce6b9c2565304050365b3ee4c46a83b07ef4005b12059f46262f4a85f203133c037f72b3f1f6,RAIN,DUSK,WET,FAILING TO YIELD RIGHT-OF-WAY,2.0,43.0,2.0,2.0
0f2401b664a28600bfa56d0b59c4c658b2ef39b743e081a340ceaf69cf1b5d2d53fe47a62e2c3b3b2ae2cd34aa90a39576d8e03abd9c71e97ec0ed40529396c1,SNOW,DAYLIGHT,SNOW OR SLUSH,FOLLOWING TOO CLOSELY,2.0,37.5,1.0,1.0
0f24076151af491c5ac5d7309ec937b83fd7ec808f79f6b2d1e29dd797f5aecb2e6d9ad5dddcad9691903a13ece2c25bcc2d91a0396d2e8a8143545d6de4070e,CLEAR,DAYLIGHT,DRY,IMPROPER TURNING/NO SIGNAL,2.0,38.0,2.0,2.0
0f24102022d6cdedaa40d85a65c03e0112d0af110bfc605341ba2d1c634ba0da0a5252a18b47b9810b40ac404e68b16a9d3f6a46ffc14918d207797d64cda5ac,UNKNOWN,"DARKNESS, LIGHTED ROAD",UNKNOWN,FOLLOWING TOO CLOSELY,2.0,28.0,2.0,2.0
0f243a679375361ad6d794c755b863d54daebbfc04b72cdf5d97c8392500c033e4d2d7b6de9a35b03a06d7ce0926829d3bed02543134d784a153391016eb3977,CLEAR,DAYLIGHT,DRY,IMPROPER TURNING/NO SIGNAL,2.0,45.5,4.0,4.0
0f246c8e5b86e911aaa1d2349038f7159b4ff64309791e602dd370b5333545c8c9fa28d06037c38b282358323570a102e858cc377810faae594ad023a81f92d2,CLEAR,DAYLIGHT,DRY,FAILING TO YIELD RIGHT-OF-WAY,2.0,17.5,2.0,2.0
0f24e4f65af49fc89ac83b8f479637a9d353fe998bd871c2df6b8969cc8dde039319ad85ccf013a4c7fa3389f4f136ffd17bbcf10d8651610da9485e4170fa0e,CLEAR,DAYLIGHT,DRY,FOLLOWING TOO CLOSELY,2.0,32.0,3.0,3.0
0f2527b358ba20006c66e70dfd864d5db45fd029f6e7da94bb40e98e06b9f76251d7179e6dd1dcfaad42ee410ce95d2c3f5fde046d0bf3aeec5ca6f0bb5fcefb,CLOUDY/OVERCAST,DAYLIGHT,DRY,FOLLOWING TOO CLOSELY,2.0,51.5,2.0,2.0
0f25394e66e7240b0714434a488864bde588d5febe96d336a1e1ab79d8f8ee9152ce3534b37d246263d3db59b26eab0855103a6c57b541b940a451ef51ada475,CLEAR,"DARKNESS, LIGHTED ROAD",DRY,FAILING TO REDUCE SPEED TO AVOID CRASH,2.0,50.0,3.0,3.0
0f2541085ecb810044ff81fa98bedbfc1b66e3179a779a700488e5019b38ae500762f7ab4e965158f8f6ec329427cbd4a4978941dc39bd73e22377411e940642,CLEAR,DAYLIGHT,DRY,FAILING TO REDUCE SPEED TO AVOID CRASH,2.0,31.0,6.0,6.0
0f257d452024190f713b567390912685f4185012c723925fb63f1197913887dac276d5f33fc41911db9ae272287747c48c32e6c53da3efc21bc81d1287204b4a,CLEAR,DAYLIGHT,DRY,IMPROPER OVERTAKING/PASSING,2.0,19.0,2.0,2.0
0f2587bd66d7960bb927723f8efa699720a41c627c490f44bcd78b8bb1ed63cc312d4ebf3d71c2ed0455cc83b6f284e3eabfc526b461a04da242bf87b76df980,CLEAR,DAYLIGHT,DRY,FAILING TO YIELD RIGHT-OF-WAY,2.0,44.5,2.0,2.0
0f25c23cccba35925b59dd78fd14bff6256aa1c4bf474ba2197955996f4c81f5d7e5b231a52fefd1a42390577baef278cc84851518bd090a9a4023fe692e0693,CLEAR,DAYLIGHT,DRY,FAILING TO YIELD RIGHT-OF-WAY,2.0,29.0,3.0,3.0
0f25c74154cef36872ee7704f460af1e0f768b40938b5b68f2bd52e8cdeac227629c3083eb150668a461e3ea0a50722975f239a782132c84fc0fb35ec20a7c2e,CLOUDY/OVERCAST,DAWN,WET,FAILING TO REDUCE SPEED TO AVOID CRASH,2.0,25.0,2.0,2.0
0f25f1dc7489d10f114c4a2d1f3ab5cb82de222f2731339f71a4b951d1f5ef4e279a85942d9bbfdd7c166042076b651193d678648e507da01f563fdcde63fca9,CLEAR,DAYLIGHT,DRY,FOLLOWING TOO CLOSELY,2.0,42.0,2.0,2.0
0f25f20e0d8602645aa558b1bc5156ab720c56a204da38ab320a1a65e56b4d57c2fbe0ecb23c1d12663ead87ff0d9289c43dfde6de56dabc5737c3f19ab05b5b,RAIN,DAYLIGHT,WET,IMPROPER TURNING/NO SIGNAL,2.0,38.0,3.0,3.0
0f26137794daa56f804c7d3a7395beb8b6e8af42b8c750b3ff234346a3c9bb400dd04fe4861fdc718b8598dc4a17cb83ef2dfd212d6e8faf0e14cec2a12f1b52,CLEAR,DUSK,DRY,IMPROPER BACKING,2.0,55.5,3.0,3.0
0f261f0aa0602c82a465e6955e323cbd8b419fb847471df4887b04eb18833617dbe439161aebad8835615419ad7414eb45f4472acb0ff9bdc2c9ef84229250f7,CLEAR,DAYLIGHT,DRY,FAILING TO YIELD RIGHT-OF-WAY,2.0,25.0,4.0,4.0
0f2649722a8c16dd2acc83369867e75e7ab4db6f24456723373d53cc8a65ee0840630008e16ad69a042081ee89bbd204dde482275fcd8632508dbf6ca6f3e271,CLEAR,"DARKNESS, LIGHTED ROAD",DRY,IMPROPER TURNING/NO SIGNAL,2.0,30.0,2.0,2.0
0f268f9f5eacdeea6c30bec3a00053cbc64efa1ccb186df158f2936be217f333cef386975c35e61f2e6b62122dc7189c14acf591786dc46322498528be2eb573,CLEAR,DARKNESS,DRY,FAILING TO YIELD RIGHT-OF-WAY,2.0,43.5,2.0,2.0
0f26fc80513603755b69bc947271e8abaef42b30363a7224a4eb217bb7d29694efcbaf92cb90b7378f110e969ef19d75bb139f4fdab1caea1b7a980fca60231d,CLEAR,DUSK,DRY,IMPROPER TURNING/NO SIGNAL,2.0,75.0,2.0,2.0
0f27057770e16d72314490d8ccc4d3b551740ffa17993c4bb221afeaa1bdb574f81fdd0f1a71d1bf09abe1b1790e736abb508a2dc2bf4ac9502050ff64654f2c,CLEAR,"DARKNESS, LIGHTED ROAD",DRY,FAILING TO YIELD RIGHT-OF-WAY,2.0,28.0,3.0,3.0
0f271d97bf4824bb1848448ca7b5d2e90864001366388453a89bfafec53e13bb59a86d534459695d2c44dd0fed86ed2cc7fbb3b5c79dba830c3ae02ed342c7ea,RAIN,"DARKNESS, LIGHTED ROAD",WET,FAILING TO YIELD RIGHT-OF-WAY,2.0,33.0,2.0,2.0
0f271fe724db6337c90ba315814f244608e596c949e39790e7a5825a29a328ac91affc79d52985f5969bebad0e973cb794ff5c5b226161350451d73256fb7ba2,BLOWING SNOW,DAYLIGHT,SNOW OR SLUSH,FAILING TO YIELD RIGHT-OF-WAY,2.0,43.666666666666664,6.0,6.0
0f27357aab118e4a8ea5c87bb7326f671d0da2a59d4872adbe5ddc00180846117306a964750bc7a89d58af57400248db631ee84d40300077b3c25e3643ce6001,CLEAR,"DARKNESS, LIGHTED ROAD",DRY,FAILING TO YIELD RIGHT-OF-WAY,2.0,34.5,2.0,2.0
0f27645c564cfa36bcd8def31a08d01de1e53b00525e60e968f4baef88d478febf58dab890f48f36d1788670b9f7f7e751f3a32296bebb6b0b1e20373ba031a5,CLEAR,DUSK,DRY,FAILING TO YIELD RIGHT-OF-WAY,2.0,37.5,2.0,2.0
0f2776eca5c4d225497328c915b454754cd2fbfaec0ec5559bc9aa2492db7f3e66b599800e251918ebe577a71ad9c3c2729e48e6b5222a74e4c91ddd6ec119fe,CLEAR,DAYLIGHT,DRY,DRIVING SKILLS/KNOWLEDGE/EXPERIENCE,2.0,36.0,2.0,2.0
0f279e5e6c0b56d72df004fdf16bcf4eb6a6fb1cfc928e1847b1426daee36544d62bde04a48c872c6a683ce2d241d3b33cbf44d625a84ddf45bbf1e7bd3db6ea,CLEAR,DAYLIGHT,DRY,IMPROPER TURNING/NO SIGNAL,2.0,44.0,2.0,2.0
0f27a1a545e85487ec68098fe7af8f478fcc9d51c96b7b2c196853b1bde0a8733eda63c1b900597d8d569fb1f1b80f3abf3b1d6413f7d933bc1baba8291be7ea,CLEAR,DAYLIGHT,DRY,DISTRACTION - FROM INSIDE VEHICLE,2.0,39.5,2.0,2.0
0f27add0bb210c43a0b55e7cc4b1ff7272d00d3fccb8b687f9d983fb6232edea4eacabf724325cccf436e38230502cd3cb8611c5751c13721430d084143932e1,CLEAR,DAYLIGHT,DRY,IMPROPER BACKING,2.0,37.5,4.0,4.0
0f27afaa8abbae258bc0daeb3946ceb39bdf8bf0a369a7b481b88cfccfe00b1f7043e053ca9c1d0bbd53f821e3c177f8e40e0919f9cfcd193f1d43995aa09129,CLEAR,DAYLIGHT,DRY,IMPROPER OVERTAKING/PASSING,2.0,64.0,2.0,2.0
0f27c9321392437b9dd8c5d84ac2b3bd62fcfa5479f3ec4bf50047d6deecc21aee8de0a1d3d9a4c462c169dbf0ae3cb78d93d7d33beb9215cee20f3d0038c434,CLEAR,"DARKNESS, LIGHTED ROAD",DRY,FAILING TO REDUCE SPEED TO AVOID CRASH,2.0,36.0,2.0,2.0
0f28137ab3f973506375752c10295a0783b214b1d8cc3d6c34a2e3c9eb5e64050f0b1cd0eb11e41fb022f85308b00fa988c7cbedee65ad582c0c8de1490d2729,CLEAR,DAYLIGHT,DRY,IMPROPER OVERTAKING/PASSING,2.0,36.0,2.0,2.0
0f28857f8647a2905e363e9395c851b8ef948e4144c56fe5b22284c5043c47ac7ee2bb0a76fa0b6e56731d1b2c5646a7628104de353fcc67b8cce8271dec8a3f,CLEAR,DAYLIGHT,DRY,FOLLOWING TOO CLOSELY,2.0,24.0,2.0,2.0
0f288b58a135356eb8a26fc9f05bac9fe7a71cd50d14f6c966ff9a179fd82b788f520310b5a36adab8201a315ee1ada1b567a543952babecd5fa594fdf2294f2,CLEAR,DARKNESS,DRY,DRIVING SKILLS/KNOWLEDGE/EXPERIENCE,2.0,22.0,1.0,1.0
0f2896967a026d53886dff18676fa2d54c6f6e568a8ade4c836b626c9a81e343f60560fc6cd72e9ea4c4fab8cb19f61ea261e83b7a467f6d58372b25b708fe6c,CLEAR,DAWN,DRY,DRIVING SKILLS/KNOWLEDGE/EXPERIENCE,2.0,37.5,3.0,3.0
0f289d7c1a33da510ef7e47176a2a213e510c05c68aa09b9c9f87e7e5bb14921df737cb65d051e1f8600c042536224bbccbd79eadb8f42e75a83c951723d82be,CLEAR,DAYLIGHT,DRY,DISREGARDING OTHER TRAFFIC SIGNS,2.0,37.5,1.0,1.0
0f28bdf7e42a052651f8ec879a4e2599c26c5d6a4f1040e859b0cf276f5bc51be3a5bf6973f1b3861e623a92585f86ba723ff6355e8dea5468cece8356008449,CLEAR,DAYLIGHT,DRY,DRIVING SKILLS/KNOWLEDGE/EXPERIENCE,3.0,43.333333333333336,3.0,3.0
0f28e334106f2c3e7345d3936331240e579c5ebaf000554a96e3eb8792ca08abfbabbb70726b8aaf393c36d8c49fd688bae7f9354f666bd46c79c8fd7b9c02b9,CLEAR,DAYLIGHT,DRY,FAILING TO YIELD RIGHT-OF-WAY,2.0,32.333333333333336,3.0,3.0
0f28f5b50f0f534241bf6c16d873a8ff633a3194bd91958dc3b2730b23c83677f702b3db195f346336a094ff592e89a42f9fdba7954a10944facf4f1d103d94d,CLEAR,DAYLIGHT,DRY,FOLLOWING TOO CLOSELY,2.0,45.0,1.0,1.0
0f2917c2d35647ea0406ed0cf22408a15a51ec3cbcdfa5c6394162bf2e20b40a587dfa880cfffacf823af13e308a042ce8dc42996f012b8df3e468666ca9c5d7,RAIN,"DARKNESS, LIGHTED ROAD",WET,DISREGARDING STOP SIGN,2.0,41.666666666666664,3.0,3.0
0f291d1864469bedb292c4ff7a81e7214bd4ec36a176913b6505464ef7801aefc387ba5f7a8f3c676dffecb243a4ca7a0c87671c27d7493b2a0ab4d0b262167f,RAIN,DAYLIGHT,WET,IMPROPER OVERTAKING/PASSING,2.0,37.5,2.0,2.0
0f292da23b9b78db78d0e2d8e0863e41c212f6ab6526536dfbc23842f3975edbcbc0479e9c9cc6d50d72dcdcdef07993503257de0f594c1a905eaa2e449b2d44,CLEAR,DAYLIGHT,DRY,FAILING TO YIELD RIGHT-OF-WAY,2.0,38.0,2.0,2.0
0f294540512924e150d8bd2f9522ebfbb99011e24fcaac1dba0286d06ec31f0d47ece28ef7d71dab85f567d051962b0d3836bb91acc990145a54f5bc5a04c631,RAIN,DAYLIGHT,WET,DRIVING SKILLS/KNOWLEDGE/EXPERIENCE,2.0,63.0,1.0,1.0
0f2945a1110071d0d692fe8f816256dfacf906e5c11c01b74bbc36b4fbfc692e7c67386ca3bb853d81b737aa10b431f4314604ca57ef5e942d13b9063afa2cc7,CLEAR,DAYLIGHT,DRY,FOLLOWING TOO CLOSELY,2.0,39.0,2.0,2.0
0f29485f66fa821fc4cc054a0c1e59d12e9ef091aa40a29ec83e090627459546815b26e6836dfed189a022d0cbadc3187e3c585c31bdd6ef5377a5636f374726,CLEAR,DAYLIGHT,DRY,HAD BEEN DRINKING (USE WHEN ARREST IS NOT MADE),2.0,47.333333333333336,3.0,3.0
0f294b4b3981ae9298ccb0ff56bd8e0f78eec08013a7d7fa6643d280494d6b3c04ec5a491b1fbb15bac16b9cd629d8719b0d71c8a9020ca6829a2988d3f4afa4,CLEAR,"DARKNESS, LIGHTED ROAD",DRY,FOLLOWING TOO CLOSELY,2.0,47.5,2.0,2.0
0f29513ae2ad2221b1f2f5aa5b0d2247fc85d080bf109f16c9bd2b61a3b9b7c5956194c6fdad0a67d243a7a7bdb933ef5939aaf17c34b5a7c5edd50ca9904dbf,CLEAR,"DARKNESS, LIGHTED ROAD",DRY,FAILING TO YIELD RIGHT-OF-WAY,2.0,26.0,5.0,5.0
0f2962dffa71f5209f2c02dc32e58b95e5cea6b3ba6149f62cd70919ff2af8a85720710b07d7f623fbae602f4ce3923cfaebf922e40a1d67718bfc9ca1f85e49,CLEAR,DAYLIGHT,DRY,FOLLOWING TOO CLOSELY,2.0,37.5,2.0,2.0
0f297d7ec3c80cc373c88565c39f66dc02a3091a60c332cf72b7afa6c671df9fdcf0e0c5265bf936ac0f7ec9dd78d424abf155e4ea79ad859df9f9623370cc1e,CLEAR,DAYLIGHT,DRY,IMPROPER OVERTAKING/PASSING,2.0,32.0,2.0,2.0
0f299f0712459ac6b647d1fe059af10286cfad9d2a408a891af0195ac0e85862d9e10c7a5817b8d4a6ef7f4da3b11e3f49e3f1f7633b100154c20e4e965c2a66,CLEAR,DAYLIGHT,DRY,FAILING TO YIELD RIGHT-OF-WAY,2.0,54.5,2.0,2.0
0f29b9bafea2995bd96e3c2bd55c19ff573b0a1e41da633460678bb4e1a92e937dfcad08a4dd7ccb3898c941d5bf6e5e9352207f40b50d3e5a9393e82b29ba48,CLEAR,"DARKNESS, LIGHTED ROAD",DRY,DRIVING ON WRONG SIDE/WRONG WAY,1.0,0.0,2.0,2.0
0f29d1ee19337ea27fcb027aa9724d472c1eec73be7d55a3289624df5a5f667e77e7e3bffb1a4164704e75e40e27ae45943e570afd4087beda774bdb0edb3ff0,CLEAR,DAYLIGHT,DRY,FOLLOWING TOO CLOSELY,2.0,53.0,2.0,2.0
0f29e554aecfab1d19b5da8c45d152816cae04b974cd5930f2cd644cdefe2eebd5ca49cc409822c8b25cc5ce0feb52d135df92071e311e544ab8e35ce83a363e,CLEAR,DAYLIGHT,DRY,FAILING TO YIELD RIGHT-OF-WAY,2.0,32.0,3.0,3.0
0f29ea94f69885dde93532f8746ac42da36498c6d91477aa15416b133ec2c2e11ec1fdc6e5dd20e5aeffd53ec8e4fe1a94825de7e8f0fe30cd45a1ed0c6e7c61,CLEAR,"DARKNESS, LIGHTED ROAD",DRY,DRIVING SKILLS/KNOWLEDGE/EXPERIENCE,2.0,37.5,2.0,2.0
0f2a1dc9a129092a54e8c362bb9d72a3d8ac650f4cccde8eb9ee42a0919f7afc37b6fa635e0266627a6fc5509c4371b1c683a9fdd15406576f77bae4c72242bd,CLEAR,DAYLIGHT,DRY,IMPROPER OVERTAKING/PASSING,2.0,50.0,2.0,2.0
0f2a20943c24b43e4342bf089522eb4a468da59a474ef545497f0a106dbb4cef154cbc8b8a09c36377ada0e05d1c981d954d5d23199b5c295650812c09e2e42b,CLEAR,DAYLIGHT,UNKNOWN,FAILING TO YIELD RIGHT-OF-WAY,2.0,36.0,3.0,3.0
0f2a6e92c9cdb501f0f87baa09ba7aa26102e63301eccd906317cc35bd36370fd7aeee2fa3e6eed7c8730cb17f50e5ef33b821a1c2feb1c8427ffcf2091b87ea,CLEAR,DAYLIGHT,WET,IMPROPER LANE USAGE,2.0,45.0,2.0,2.0
0f2a70a600a25e16408f200219d41b04f155f9007cb08089af57ca4bcc1d383ab8924b452225f31fada7e2891db45d9464c4edae1f0beba3b45ad4c7c145737b,CLEAR,DAYLIGHT,DRY,FOLLOWING TOO CLOSELY,2.0,22.166666666666668,6.0,6.0
0f2a92488fc4e5aae8ba9f52d5518f566fd7102d3673973f05c3c9eb8f436c414b12b3190443c329e6e77373f654d8c45a5c6b16f3de0dfa2e54be2eeb10d41d,CLOUDY/OVERCAST,DAYLIGHT,DRY,DRIVING SKILLS/KNOWLEDGE/EXPERIENCE,2.0,37.5,1.0,1.0
0f2aa106b1cf1ef79554605d90fc4cea73b76fcf88e08453475b0339385dbb06bf5834f301bf0be390a2fcf0664cb7cc2ec0f7155be7df6b162c149ccc7bcdca,CLEAR,DAYLIGHT,DRY,FOLLOWING TOO CLOSELY,2.0,60.0,2.0,2.0
0f2ab722f88783f4f3df82c414c6e77d3770f206870444e81dd9158039700a2b6a86727bc19674abc8c969d85a806dcbaa46feca03f823bfff54cc0102867e8d,SNOW,DAYLIGHT,SNOW OR SLUSH,WEATHER,2.0,25.0,2.0,2.0
0f2ac965a8709ed0af824db3bedcea1c44de307418c83a593dbcc5fd01411c134cbf3f1d66fbdd8efa54d3abd1dcf98de4d91e91bcb74dc25fb6f9f9470fcae5,CLEAR,DAYLIGHT,DRY,FAILING TO REDUCE SPEED TO AVOID CRASH,2.0,66.0,2.0,2.0
0f2af2ad2b814990058bbb239ec71d136b992e39d6cbd0c403d61b2c1a2cc70bd2cd0f828628d43628ab481caba6662492dbe69a1b769e914857926bdb22e440,CLEAR,"DARKNESS, LIGHTED ROAD",DRY,FAILING TO REDUCE SPEED TO AVOID CRASH,2.0,28.0,2.0,2.0
0f2b0d712d7d3c2800bea0a798fd6b69cbbc9b6a3de2f866b62e31636c7fd559de23719772b1875a7745bded6082ce8651c68f1194f418d0a7b5e97c006d0f0c,RAIN,"DARKNESS, LIGHTED ROAD",WET,IMPROPER OVERTAKING/PASSING,2.0,23.0,3.0,3.0
0f2b36d9b24ca218e87e559fef9a4f7bd5b8557b1d1b4918d2d65835e69dfb64af251f5a9f71bfe2bdb6f86a64e1cd8f7c777ba4aec78f2c9739e8109a57f232,CLEAR,DAYLIGHT,DRY,DISTRACTION - FROM INSIDE VEHICLE,2.0,32.0,2.0,2.0
0f2b6b56835aaa91cd4c533dde8f72e1976e0e7d9fe911bd8683da2708038f0990b4be9b5c38a98fbbf099aee2b464ea539e5c1a5e4910d1e51d3ad886ee6882,CLEAR,DAYLIGHT,DRY,FAILING TO YIELD RIGHT-OF-WAY,2.0,41.0,2.0,2.0
0f2b82f8daf26977a5ef588724d850728eec0ecac9f01ef1ed69c4dd05d43dad64197b094fe3f17d5a1b8e86df4a90d183f801590c9276f04ac90a8a908bb194,CLEAR,DAYLIGHT,DRY,IMPROPER TURNING/NO SIGNAL,2.0,54.0,2.0,2.0
0f2b96edcbfcb2105237fe650524ad498209c545a11ebe1cc4bafc5999de4bc7f8311bec4fc056c40e1c4c137391b9803462b1aa598eb5ae2231f980b71b81db,CLOUDY/OVERCAST,"DARKNESS, LIGHTED ROAD",DRY,IMPROPER LANE USAGE,2.0,23.0,4.0,4.0
0f2bdc731c7e4387e4c3e73add9a3c6052b010a00dd514e5e13de67ecc2c358acb37370d937d8f5f226bf9169fa1a412e0755ec5607c69c4e76f8a3fbb77bbab,UNKNOWN,UNKNOWN,UNKNOWN,DRIVING SKILLS/KNOWLEDGE/EXPERIENCE,3.0,56.0,4.0,4.0
0f2bdfa5754fcf1d997e264da55e4663658fddcc0fd794c818219b609d2eb8a44d02c273bedbaddbeba01043eba2790a23c5fc5c02325dc13745eb1de07f178f,CLEAR,DAYLIGHT,DRY,IMPROPER TURNING/NO SIGNAL,2.0,50.5,2.0,2.0
0f2c06e18f29479516a345f8d8811f684ef70bf7095d4126cb41218128278b81a34480b6599a0a7b8badbe6e6fb051b8b7f20fd8df12f9fe5fe326727a0ef10a,CLEAR,DAYLIGHT,DRY,DISREGARDING TRAFFIC SIGNALS,2.0,15.8,6.0,6.0
0f2c45b2fb3a1eacef4033af6fc604358cfe12536e0f08d6339fbaf0db079808343b7540c2652d38135ba40692cbf4a8e30b88be9d1de7d7a5a5526690678b22,CLEAR,DAYLIGHT,DRY,DISTRACTION - FROM OUTSIDE VEHICLE,2.0,27.5,2.0,2.0
0f2c686ef9acf52994bbf84965ad3864a2f6689270917cd64475c169a0ad6ad61b37602359a1959b24e780d70bf6578ee994e519f2a12a4e14dc3642a7da5773,CLEAR,DAYLIGHT,DRY,FOLLOWING TOO CLOSELY,2.0,52.5,2.0,2.0
0f2c75e29a1284e4098cc54693492f3e7e0e5f9884966bcf7aea8b8a10147e3724493686a8eed6dee14ae92e9adb4a58807327c75b4641752e4399732e73f5ac,CLEAR,"DARKNESS, LIGHTED ROAD",DRY,DRIVING ON WRONG SIDE/WRONG WAY,4.0,22.5,3.0,3.0
0f2c9166e35f9e16fe223ce1d76c69038196a7534111b74b3fb12a3a8fc017ee05cf23e82984c6167b666e2c7647d8a4b0ea4742b1bac7c5edee28a168c4327e,CLEAR,DAYLIGHT,DRY,FAILING TO YIELD RIGHT-OF-WAY,1.0,31.0,2.0,2.0
0f2c985ada5b1e210133564989d41e811f085c09a12e155898e3f20a396e736e205dff151ce2b73741ab9f8256027b4d916bc472171342c7fae917babf2f73c7,CLOUDY/OVERCAST,DAYLIGHT,DRY,IMPROPER LANE USAGE,2.0,24.333333333333332,3.0,3.0
0f2cb905caaeb47a7edb3fe631dc0b7b21a00a9828e660ff0d065380c8465ac5e7520d15443cc3e8bd921cbe72a9e159c45a3460cff1b4d626b24f9d13b3542b,CLEAR,"DARKNESS, LIGHTED ROAD",DRY,FAILING TO REDUCE SPEED TO AVOID CRASH,3.0,24.625,8.0,8.0
0f2cd7f07b90c20d5ffd52a561cb7598c3debf022c29587ae821b8c3846633c31972249e6966f5c1a5e788f1b8176c11a1b88f8e8b2a8d4760f267e8e66d04ea,CLEAR,DAYLIGHT,DRY,FOLLOWING TOO CLOSELY,2.0,46.0,2.0,2.0
0f2d2769ce653753f1797b25ce1faf852aeaaee2c6e21d5049a19df653bfd7252e8444a71539f634f33f278fc2277cc3ab147a31904614b917d3e17a948896b1,CLEAR,DAYLIGHT,DRY,FAILING TO REDUCE SPEED TO AVOID CRASH,2.0,45.5,3.0,3.0
0f2d357aca4823e0df209a2c32ebf64c4d7141e3554f7e2d20dce6d8056d6955fb9b19e5b485b7fab762de9db84a5c9ad2bd8440092dc72b9d794a7e9215190b,CLEAR,DAYLIGHT,DRY,IMPROPER BACKING,2.0,36.0,2.0,2.0
0f2d35d49e9addfdd75cadfae92867d89d84e576d82c0014a1ec8b67cf7a939a96cd2c10f7264405c3e475040bf09e813364908696a080385924a47e8880fa15,SNOW,DAYLIGHT,SNOW OR SLUSH,FOLLOWING TOO CLOSELY,2.0,61.0,1.0,1.0
0f2d3da57a95a4b30a11a97ce2d1523784cc9c4da953ac6ce621c505b0cc73896a60a7b7e7556093ebfaafa0900d200eb22cc88dd8a5c541a143260761b452b9,CLEAR,DAYLIGHT,DRY,IMPROPER OVERTAKING/PASSING,2.0,37.5,1.0,1.0
0f2d5829831bba0553c107ade24bcd47231e21b0f18c59f4031b5afaa096830444c912cf0770a31efcedd09236c7ffe10687944c66533088d316fb2886e4548f,CLEAR,DUSK,DRY,WEATHER,2.0,37.5,1.0,1.0
0f2d6902b3e61d052f6cb1dfea73d574a588cb68ff4172d0f3e8f63d39222fdcbcaf90f7a28016ba336dc5c15417aa50def85d3234ad6e4607a768438b7e8d29,CLEAR,DAYLIGHT,DRY,FAILING TO REDUCE SPEED TO AVOID CRASH,2.0,36.0,2.0,2.0
0f2d706e72e1311647f39485c055594b026321ba1b7ced186cbb14b983f18b33ccd453fdd81413d0e12b81f5545e6258e1a8f74435b4318d8d6eb36e3948bb06,CLEAR,DAYLIGHT,DRY,FOLLOWING TOO CLOSELY,2.0,46.0,3.0,3.0