crash_record_id,weather_condition,lighting_condition,roadway_surface_cond,prim_contributory_cause,total_vehicles,avg_driver_age,total_people,total_injured
0f2d9c2645ebaae19231c7a4c25b511cf99ea20ea4c61d5293c3b0138ce9897f3d58a864569d1ffbd40a614c9f1f181e25ee97ba4e3e3f810a4be408eeabc77b,CLEAR,DAYLIGHT,DRY,IMPROPER OVERTAKING/PASSING,2.0,46.5,3.0,3.0
0f2da64393a34a10a7aaeffa1e81b6173b0480654e9a521a5cb6b651e8b9f7973c27fb0eb31a543a0d0126852897736fc20e7470d66d996abcfa7d8eec080e35,CLEAR,DAYLIGHT,ICE,WEATHER,2.0,0.0,1.0,1.0
0f2db129b587b40fe0def360bfe7177458e24a897e265fa522cc3c607cfcc558734a8bb40ae1e51a30d135f51858367bc6c7d9cd2f89858cdc2d833144ef6b26,CLEAR,DAYLIGHT,DRY,FAILING TO YIELD RIGHT-OF-WAY,1.0,29.5,2.0,2.0
0f2e48c9f0cee615e655598b843ffa2625d22183adec8be2af370ccd7b48e02db8a85c6f2540e4532bd2149e809cee1a6dca15992e4fc62e858e1391eccf74cb,RAIN,DAYLIGHT,WET,FOLLOWING TOO CLOSELY,2.0,46.5,3.0,3.0
0f2e51017e5a04c1cc1c24b540f0bd13601df5ce9fa03ac0983a3f791c2a2fe5a8f8995d60c16ca00c213c7de9e4835c1be50177427172180d80838fd601b708,RAIN,"DARKNESS, LIGHTED ROAD",WET,WEATHER,1.0,26.0,1.0,1.0
0f2e87bcfd137ac206425121237f45d2ae9efbca3eb7a348e820d30efaf5de17760cf3e680b76eb853fe659850434eed76eb20709ffc33b40be358bdaafe2ab4,CLEAR,DAYLIGHT,DRY,FAILING TO YIELD RIGHT-OF-WAY,2.0,32.5,2.0,2.0
0f2e9dc65f3e383a8f5e955478c087d1c6ccb9c9792437e9c513783e1aa70820746d03ac01f0463f9e414200b2240efe8c720d4401897afd7fbe2b0c3960104f,CLEAR,DAYLIGHT,DRY,EQUIPMENT - VEHICLE CONDITION,2.0,37.5,2.0,2.0
0f2eb40c2b57b01f1eea8085a88127a1a46cdbbb65a3aabf28497d35cbd9487778a6f1c24017fccc75e8cb2e6cfaa82f19c8e87c41166fcb962e979cbec583b3,CLEAR,DAYLIGHT,DRY,IMPROPER TURNING/NO SIGNAL,2.0,37.0,2.0,2.0
0f2ebfa66f7eb466646476bd4e8ba6edb9f2f1d26eee10c5b056ecd3f3903df99f7105ae93fa1e0313aa83a80b627d654e569af437b2745e8805acd4b609700e,CLEAR,DAYLIGHT,DRY,DISREGARDING TRAFFIC SIGNALS,3.0,49.666666666666664,3.0,3.0
0f2eccb9e896b19ce3100637bb0981b81ce9a1f29e54f5f7317a35228f961c9b689ec2645bd8dec29bc621e887bdd8da63e4aeebbdef41d72345892e889a9406,CLEAR,"DARKNESS, LIGHTED ROAD",DRY,IMPROPER LANE USAGE,3.0,24.0,1.0,1.0
0f2eefbc6acb3b398cc8008ceb922cf6f5e42e458892d34604d4f8facaf58e98f9a04b0f97d7bc37a59c4b90885da4ec48f4cc000a92698012714f7bef643538,CLEAR,DAYLIGHT,DRY,IMPROPER LANE USAGE,2.0,43.0,2.0,2.0
0f2ef250bc4731e38582be47570e4fb0320b7201690a124a3c86b34e5dbd753b4c9cad6f5a1515165d4e58e1af108cc9c57c2c007e111d6e394636506bfcc775,SNOW,DAYLIGHT,WET,IMPROPER TURNING/NO SIGNAL,2.0,37.5,1.0,1.0
0f2ef83ddc5b172398ae463d28994ad17374abd72de0da8d1993750cda3cd2814cb7aea900a7a0c2956c3c95cb95284205221942010cf3f5729509e02eae7cf9,CLEAR,"DARKNESS, LIGHTED ROAD",DRY,IMPROPER OVERTAKING/PASSING,2.0,24.0,1.0,1.0
0f2f4b0dd414c0f683313730577b76e7a9ad87a807a298b45206fe22b68c1675e552ac700550c1e87ab4830eb9e89ddf5a604539340534ce6959292e45780793,CLEAR,DAYLIGHT,DRY,IMPROPER OVERTAKING/PASSING,2.0,58.0,2.0,2.0
0f2f531d36ad460abb32d791853bf38a7e0ba3120a2284270687b94f43ca40f71c545d7286c000b1c452aace5d7f80632916f8912320e146ac50ac6cdb3f686b,CLEAR,DAWN,WET,IMPROPER LANE USAGE,2.0,23.0,2.0,2.0
0f2f565112702f71ad54d9e0a2ca5faf0b34e74e16b5ac0c8a5a26d434df42bf6a6ada6eee4ad9fa79e52b0907b99c6a3d251be7d015b1d5ba601a0b3c9346a4,CLEAR,DAYLIGHT,DRY,IMPROPER TURNING/NO SIGNAL,2.0,49.5,2.0,2.0
0f2f5aca5dd2fd9be911346b3be20f9f402e4634ea8f1c908105a27c9876ee9aadcae5a412a74ec1bdbacf40a7d8d9cb372be33ecab32fcd031f49f8d7443332,CLEAR,DAYLIGHT,DRY,FOLLOWING TOO CLOSELY,2.0,55.75,4.0,4.0
0f2f63f29eebde3da12505e6afe24cfb044205fa00483d03c79b62150c385ce8d96e396be5f99d6ee2405fc219751462c026681b6f6b1a05a8526b89f9db4556,CLEAR,"DARKNESS, LIGHTED ROAD",DRY,IMPROPER BACKING,2.0,45.0,2.0,2.0
0f2f87deadd497996af1f962b934ac6e0b4988ff8e9a864f98cae72f3db120d608ce7c2dda6714ae8fb878e4442045e8ead09bb6536d39da1db37e93863fadb5,CLEAR,"DARKNESS, LIGHTED ROAD",DRY,FOLLOWING TOO CLOSELY,2.0,54.5,2.0,2.0
0f2fa4b1743128daa9e1e9de2aa35ea5da4bdfb960d036685c626e30b275c6d44a9768a9dd4d9385e1f36279879f898d284406751cfedd7b2364fc8d23717b06,CLEAR,DARKNESS,DRY,FAILING TO YIELD RIGHT-OF-WAY,2.0,23.5,2.0,2.0
0f2fb0dfc0448c29052fb5680ba615bcdc368922a84a4e622425f568ea3d48990d434bbf5eaed9608dfd2fcc3d9c673fd29756a431f9070c726bd179b6c1865d,CLEAR,DAYLIGHT,DRY,DRIVING ON WRONG SIDE/WRONG WAY,2.0,47.0,2.0,2.0
0f2fcddb2ef5cfe89435e2bba762c645212fc4bde213a5b31c5ba60a289a32fcb501a175ade039b3a9688358229a9aee1d5e8e22dcb32db66daf12fa49ae95e9,CLEAR,DAYLIGHT,DRY,FAILING TO YIELD RIGHT-OF-WAY,2.0,29.0,2.0,2.0
0f2fcdea24d36983752444598a5a64e05f8c0d9d6e56a78b5d60e01058772140a2af520ae48ad6dd9179877d715d65a929e7aa2318e68d1b434336bae1e79115,RAIN,DAYLIGHT,WET,WEATHER,2.0,45.0,2.0,2.0
0f2fe4d5222b430a500dae911a4cbab19acc09f735e67b89c816b212e1c595e4075eaa659c7136f21612bf927405f62cfdfabed0f5387ab87342c59fbcda151b,CLEAR,DAYLIGHT,DRY,FAILING TO YIELD RIGHT-OF-WAY,2.0,38.0,2.0,2.0
0f2fe5efef70192d72d07c68a348395ba19275d02224ee2960407476722a5426dc6bf18dedc0a7ca668ffc05d7837868954bb7e359c86ebb173b8feb31e9416b,RAIN,DAYLIGHT,WET,IMPROPER LANE USAGE,2.0,60.0,1.0,1.0
0f300135c1b38ab9559d61e5bf049507efdd7a73680bfaeb1409740fe286c9472b9787671994f36ab32b8f5dcf9065036e2cf32b09b63b2e776bdd740940a0f6,CLEAR,"DARKNESS, LIGHTED ROAD",DRY,"OPERATING VEHICLE IN ERRATIC, RECKLESS, CARELESS, NEGLIGENT OR AGGRESSIVE MANNER",1.0,25.0,1.0,1.0
0f3029c39ebc90d8e2e2fff9e3ea94e922248ed79a928990f13cff171dcec9d97e1f53ddc2c62fc6f908626c0310cb6faa7385db4375b463c942223b31e7baef,CLEAR,DAYLIGHT,DRY,DRIVING SKILLS/KNOWLEDGE/EXPERIENCE,1.0,46.0,1.0,1.0
0f30586ac3aff75b8014f466d25698a12b0868e3c7d05c06fe87d9ce124a57af31b2e82476e6a2973bd4eba30b91d06da3d0b04a344cd88886f4beba2a8d1648,CLEAR,DAYLIGHT,DRY,IMPROPER BACKING,2.0,42.0,2.0,2.0
0f306fc4a7a3431aaa408255ff70149efabb31431749f3817a99797568237dbca1328fba9812390079fc581cf60897cf9526fbf59552d95d5150c88106bfea11,CLEAR,DAYLIGHT,UNKNOWN,DISREGARDING TRAFFIC SIGNALS,3.0,30.2,5.0,5.0
0f3083d63562a45c6612e603dc4fb29a3faa44dde64b12de56921a47eacb95b9c4cfb599b54ab746cc0c6132c6004161c10eb606518bca11c5fd2e4116a17f5d,CLEAR,DAYLIGHT,DRY,FAILING TO YIELD RIGHT-OF-WAY,4.0,60.0,4.0,4.0
0f30882a1e6b734e5a26822d1768530107d09ee46bd43ae88bcd4e7a3d8bb1378b36f848d26fd655cc8af7acccd84b2bac7d6384c3ccbe90a5be9883901ddad3,CLEAR,DAYLIGHT,DRY,IMPROPER TURNING/NO SIGNAL,2.0,28.5,2.0,2.0
0f30b289630763865dc19215a9e018bafbd293d43c1abe099d2d260d7733d95cfd88cb5821d1976fb8afe206eb26917c1db540a854fc9ad0011b8102459c7c9d,CLEAR,"DARKNESS, LIGHTED ROAD",DRY,FAILING TO REDUCE SPEED TO AVOID CRASH,2.0,46.0,2.0,2.0
0f30e01834d2207577318e248a278ca69508b379a48d4da42e7fd79baad026090524940449598e0fec51bdcb44bc8ad6cc43a65481809cd2ea3e40fe36759f8c,CLEAR,DAYLIGHT,DRY,FAILING TO YIELD RIGHT-OF-WAY,2.0,60.0,2.0,2.0
0f315fb07ab9ad541099acb9e8ebd15c42c59c6a5800323253c1e9b748028be8aeecdcbad8bda9e104a8513ee60497bbd9ca31a8a9ed7651f02ca1395d2139b2,CLEAR,DAYLIGHT,DRY,DISREGARDING TRAFFIC SIGNALS,2.0,16.333333333333332,3.0,3.0
0f317499c58653dd13ef66101f153edef42c9c8339a19131a7e6090f39ba67bd7e12c06f34c92e0655e1efa456aafc7035eb2a6af785d2f16c2a92c16056c106,CLEAR,DUSK,DRY,FOLLOWING TOO CLOSELY,2.0,32.0,3.0,3.0
0f318ed904efcc6cc5fe3bfaa07d6ef52e2673c06f30e336a56b13eaeedf8a09f1c51f38ce6c2ad9252fbd92af0a34bd8eaaf2060cc17938ef3d9adc54aaf019,CLEAR,DAYLIGHT,DRY,DRIVING SKILLS/KNOWLEDGE/EXPERIENCE,2.0,37.5,2.0,2.0
0f31a33317f708a310e9ac4b124f9c4bef1f7766ff5a68966c65284734139ff039db90bf4df03dc8cdf10daa99c03b901440e5a487e4edd55f6879bd16fed52c,CLEAR,DAYLIGHT,DRY,FOLLOWING TOO CLOSELY,2.0,54.0,2.0,2.0
0f31ae8f5f214f9192eb2951b55ecf6c5c3b8db5072b08a9f0523a54d7ab2d875eb0efbec3d10de8516f2aa3945a0c8212f52ac7a369d1a4bcdb232634af1e53,CLEAR,"DARKNESS, LIGHTED ROAD",DRY,DISREGARDING TRAFFIC SIGNALS,2.0,24.666666666666668,4.0,4.0
0f31bd53eef6588c7a035f046ca8e8b584b0a63c613d669d1b289cb2fd7985f91911ce52613b33645d27b2ecf044154e48e2a10ec8a4066f9b1117cd98838042,CLEAR,DARKNESS,DRY,DRIVING SKILLS/KNOWLEDGE/EXPERIENCE,2.0,51.0,2.0,2.0
0f32079b7ff7c4c1dc5f56aa8c9fa69faaf926098e7a92902e3b4262c31845ff734be57ff4b4151819b5505d6960a71e81d20920e1d5398a47de9ec20bd6ca33,CLEAR,"DARKNESS, LIGHTED ROAD",DRY,FAILING TO YIELD RIGHT-OF-WAY,1.0,41.0,2.0,2.0
0f320ad15bdda55944808245968db0861519c3342a63a58eb63671d36340285f160fc2658eaad5f2f024129545836b6ba12f30a8ceceebed7c85551c81bfed30,CLEAR,DAYLIGHT,DRY,DISREGARDING OTHER TRAFFIC SIGNS,2.0,55.0,1.0,1.0
0f32350d56610850ab7a3f46326f3278635f5457c0e2f0ce261efe43bc18f56508c0d868d254c9d2602ddbe4344d40bfc3dd1a06108eb574fbbcce5d52680909,CLEAR,DAYLIGHT,DRY,IMPROPER OVERTAKING/PASSING,2.0,31.0,3.0,3.0
0f327d95574b28627baa7fd873dd70d76b4f60988af85d1a5528d5728e84da2d2e630b6e5ef001fb5f6889558a30b061b82df3cfe28f5f3fef6308bf8f79d5a8,CLEAR,DAYLIGHT,DRY,DISREGARDING STOP SIGN,2.0,33.8,5.0,5.0
0f328056c5723bb3580cb79c80c5ebaf64faeab09f43e105dacef3b1d059f9f770b41b854026e3b793469110020a4e1f13e5c71e455014596b5d232d2149eeb7,CLEAR,DAYLIGHT,DRY,DRIVING SKILLS/KNOWLEDGE/EXPERIENCE,2.0,43.0,2.0,2.0
0f3285bc3dee47b4724d2a7d7a53321651fefcdfaf7249847156bf62f73c11a4babb46514da091ee1a4d465283fed660b225618e55bd30e4ffdba5d588f6d3ed,CLEAR,DAYLIGHT,DRY,IMPROPER LANE USAGE,2.0,19.5,2.0,2.0
0f329c0801bb2baba162fc308bc83065b5d3f2c1b11e447b1aab1ede67510998ad80e8a32b21a97de7abc899e55e6d356e9eb25c63bcdfff288bd4f27b4fd64e,CLEAR,"DARKNESS, LIGHTED ROAD",DRY,IMPROPER OVERTAKING/PASSING,2.0,53.0,2.0,2.0
0f32b51e8334423cada9b20f0cd667779d2335db884162bfbc41325a0905acfb54f978abddb59dd5c22790c8ee0bb4ee329314a500e2180112ee67218ca49095,CLEAR,DAYLIGHT,DRY,DISTRACTION - FROM INSIDE VEHICLE,4.0,44.6,5.0,5.0
0f32b5436c1ff1c7ac6c250e6642c099475fd0878c0667dffd95eee79f3aef586582b38e0c7d4f9d54228db8f462458a20524008fb091c6aae6d5ad2f67e2502,CLEAR,"DARKNESS, LIGHTED ROAD",DRY,FAILING TO REDUCE SPEED TO AVOID CRASH,2.0,37.5,1.0,1.0
0f32b5c67fe490b12560cc7d71e77e43d83121a1fc0fab176ec6c3dfece321b5d4f95f8f463f1d7438d4b165e7ab9ffedb6c9c4ad59a48cab6a7ad221069b43f,CLEAR,DAYLIGHT,DRY,FOLLOWING TOO CLOSELY,2.0,46.0,2.0,2.0
0f32d8d041af92fcb83e39e27f0a3adb84c0b50c71ab16adab5cc9d3273e80eb8acfa8a42dd6d72146ba415274d794b7046c0be911c91066c3ac61b3f8dc09ac,CLEAR,DAYLIGHT,DRY,FAILING TO YIELD RIGHT-OF-WAY,2.0,35.0,2.0,2.0
0f32e59765c8733fee9422b89cb35510ee75b3baaa4a9bd0d958301f17a4e88addf23fdc4ea62f51654a33dca80e76a85feccc6417e7f8328a646dd9c93d98e2,SNOW,"DARKNESS, LIGHTED ROAD",SNOW OR SLUSH,FAILING TO YIELD RIGHT-OF-WAY,2.0,54.0,3.0,3.0
0f32eab8dc0bde2dce9a618806a445792524b359137ddccad08b11ab65555806801a895fcbfcfea8dc135934922e805eb423255501a6feeb558529ac29e7497c,CLEAR,"DARKNESS, LIGHTED ROAD",DRY,IMPROPER OVERTAKING/PASSING,2.0,29.0,2.0,2.0
0f32f946536fd1becf2f5e86d5bdfec402a726d8e068bc992ee5ddbf4205aae05fd2bbccc6fdf701b6d96b40c7193612dbed3058cae13ea99e0d263a8a0c8585,CLEAR,DAYLIGHT,DRY,IMPROPER TURNING/NO SIGNAL,2.0,42.5,3.0,3.0
0f33068d75b7e117010817cb5d5e0ce6865df78f39db8061956ca0072394af4bf0e481dbf136f3f5a442b94c91460640382b966dbc307456a546a1a802f9bf8a,RAIN,DARKNESS,WET,IMPROPER LANE USAGE,2.0,40.333333333333336,3.0,3.0
0f3315db10d922044aabcd2a9d21f7e1c925fcbbdab1595a5eccc40b5586b61aeed936d2b7f8d8d8ee79da09dd11ad5daef4f162287f643bba82f732f1de7d44,CLEAR,DAYLIGHT,UNKNOWN,FAILING TO YIELD RIGHT-OF-WAY,2.0,24.5,2.0,2.0
0f33191c51b53207d88b37335e5ff894112a0ce68c0f20cb726f633ded50831edabda1da95a1e7875cad5d4b2c495b7d00292471fea9932134ab372bf9a3c4e9,CLEAR,DAYLIGHT,DRY,FAILING TO YIELD RIGHT-OF-WAY,2.0,21.0,2.0,2.0
0f331d74fb74fb768a2e7d51c93c6a0e5e1c9eed4b954afa9dfc10997556322d73765287986e2fa62a7c0fdd03c01d9f5facd757519804b05c5c136eb4c987de,CLEAR,DAYLIGHT,DRY,FOLLOWING TOO CLOSELY,2.0,48.0,2.0,2.0
0f3323042a6266dc0d3a096ebf7534fee734cd52c620e0832e8e69c9a846d4a876d0052828d06d3b098486b2f23b2c1208b448d43a5271a38cc58b2cf0fee4e7,CLEAR,DAYLIGHT,DRY,FAILING TO YIELD RIGHT-OF-WAY,2.0,48.5,2.0,2.0
0f3334409c4f7efeb774345f0e3e572412aac322e0fa748fda733867a353c3af26f70ff29a0447afc553a443cdc1ba7576dfa6c4677f005110bca67eecdb314b,CLEAR,"DARKNESS, LIGHTED ROAD",DRY,FAILING TO YIELD RIGHT-OF-WAY,2.0,40.0,2.0,2.0
0f334c4f0712389f60eaf5789503a7a44d411774164422107cd5f78adf2567ad055a1924bda86b6d2dafd10651bd22d54e9a3f03b812edb69537dcba7fbe1dbd,CLEAR,DAYLIGHT,DRY,FAILING TO YIELD RIGHT-OF-WAY,1.0,36.5,2.0,2.0
0f3359ba1c492997a96fcd20a0d570aed249233e24b7356324034772b50d195afd86c6ad556045991a64acd46d2afbf357f203d2e3fc3bf47fa23f4766dc5223,CLEAR,DAYLIGHT,DRY,DISTRACTION - FROM OUTSIDE VEHICLE,1.0,31.0,4.0,4.0
0f336f5ecd8d83faebba1b8d8ae43e57eaf532647c72c80b0add81ae3cd6b04f78f7ae6df16663adcc9985a49862ce07b7295a7fcc1d95723dc38fe0c0fd4077,CLEAR,DARKNESS,DRY,DISTRACTION - FROM INSIDE VEHICLE,3.0,68.0,1.0,1.0
0f3374838ed6088ca770b8580b5784514f9e18923a99e28a5dc5b1b42392807ee354b29b6008888234ad13c922172b9c6e55a87fe112643ee4f08ec31ca1d092,CLEAR,DAWN,DRY,FOLLOWING TOO CLOSELY,2.0,37.5,2.0,2.0
0f33751d335518c74b9bcc9712c2456dbf1f148f4116a6ce913042be13e6e2be4b1ce508156ddb6360ef31ed1a263eb336e2efb2aa3df2722c78885afa994f15,CLEAR,DAYLIGHT,DRY,FAILING TO YIELD RIGHT-OF-WAY,2.0,52.0,2.0,2.0
0f3399f2fcebace3add360c1d3e779d0d9e97263a18dde5455cfcd5b88065261857c2f9c66daed969ec111173b61210919fa354bbf768f50de26f38e47db5334,CLEAR,DAYLIGHT,DRY,DRIVING SKILLS/KNOWLEDGE/EXPERIENCE,2.0,29.5,2.0,2.0
0f33bf08584631ddbd34e442354e354c8a49a44411bbabd667112f1b4bed57a9e0e3d06ea347fb2469ae7b951ac6cf8cbd814d93e805db6a56e8e60a7cce7c91,SNOW,"DARKNESS, LIGHTED ROAD",SNOW OR SLUSH,WEATHER,3.0,53.0,1.0,1.0
0f34151c9a498a0485eeee06de19abc60e7e625e5c4f5040fbd24bb7fb252764cdbbeb2ab3bb54573715e7394dcb749a1a94b5c775da02b0a4e35ce1b1bfddf4,CLEAR,DAYLIGHT,DRY,DRIVING SKILLS/KNOWLEDGE/EXPERIENCE,2.0,45.5,2.0,2.0
0f3422e1b0e44bae6e73d016794951c60e54ad3fbe46d824b4e52949cc290ba1233a7fd279abf6fb836ffd8583426ff6bb7059a152db139cd8c3707751854f84,CLEAR,DAYLIGHT,DRY,FOLLOWING TOO CLOSELY,2.0,64.0,2.0,2.0
0f34264d34362ddb5d2f07287dbd772c13017a816db3d12926fdb759ce36f45813e8c65e5d80dfde7b83a9a46b62ce8eb4aa6cdc015a635ad46c75cb886cf13c,CLEAR,DAWN,DRY,FAILING TO YIELD RIGHT-OF-WAY,1.0,52.0,2.0,2.0
0f34a0a3e03caeb6a23748d897e784113b9f42d0bfef2dccea14413e0ef63ff5af56226bf3fb03edf60a1f2d766e009ee15e7e8e8cd0ce5b9c156eae5be316ac,CLEAR,DAYLIGHT,DRY,PHYSICAL CONDITION OF DRIVER,2.0,37.5,1.0,1.0
0f34ae6e8911e440dd4236d1690b88a81c978924eb4eebfdbf63203e7a28c279275f34a19b58a693a19c0963ae0caaf5374db7119db035a294bd88558dd2cf98,RAIN,DAYLIGHT,DRY,IMPROPER LANE USAGE,2.0,36.5,2.0,2.0
0f34bdbdb61c72dc0127c88c13d8bdd6e546a6fd4672af807d47cbbe0826d17629fe0d887ad01302a91ffc442e01f84ddafe33dffbe4670ede3e37cf63cc9ae5,SNOW,DAYLIGHT,SNOW OR SLUSH,WEATHER,1.0,58.0,2.0,2.0
0f34cab91d6f783ab633cee7acb764a743494551330cfb965fcdbab310cba3217d0d86b7fbaf6e3169299a5d6cdd12d2e7db4bfc4311a42832694a654c272eed,CLEAR,DAYLIGHT,DRY,FAILING TO YIELD RIGHT-OF-WAY,2.0,29.0,3.0,3.0
0f351bdb6b9df290b85dc3a42af0d70db4ef7d30ec02c27719e05202d7ea5dcb358c95caab787f9dba52ba92e349f6131e9528642c1186b1608ea31e5a116dba,CLEAR,DAYLIGHT,DRY,FAILING TO YIELD RIGHT-OF-WAY,2.0,25.5,2.0,2.0
0f35326c77980f95163e8efbb2320b8e3881331578bf169e7df4b6f9952e2bf61885d2b1766582f37579fb40b7975fe6f98ff7570dbc070e0656df4ab9157c46,CLEAR,DAYLIGHT,DRY,IMPROPER OVERTAKING/PASSING,2.0,23.0,2.0,2.0
0f354bef8e29624bf36d843e52f606c31908c9e38a2041eee3d0ef2595ed86fd0214d4a1736f1ee920e92f9f596fe9c21f5d3914d20e83c2c7b1648f22b845ed,CLEAR,DAYLIGHT,DRY,FAILING TO YIELD RIGHT-OF-WAY,2.0,31.5,2.0,2.0
0f355aa308ef57e3457ff2771beebd016dc26d0a0021d14ad6edccc05f0cbfefc104f5e60e2ca564cecba8cedbf16956db28d4be4f955bc4027bd8c9b05cc0f0,CLEAR,"DARKNESS, LIGHTED ROAD",DRY,FAILING TO YIELD RIGHT-OF-WAY,2.0,28.333333333333332,3.0,3.0
0f3560ed863740c7ea9e81fc00b9a6dd199c12d34873d6353b3078509759b43a3efc75e75ab627274e98391027e4bf7c46eb16a5a94620d0a5c8f610fc87cf56,CLEAR,DAYLIGHT,DRY,FAILING TO YIELD RIGHT-OF-WAY,2.0,42.333333333333336,3.0,3.0
0f35736161536c796d4661fb71a385f4a70d0c0c65514ac96b9ada74b105aecb431f518632499cb5ea8649aa4a21962627bb5b9fa1962af5206aac6465e06978,CLEAR,DAYLIGHT,DRY,IMPROPER LANE USAGE,2.0,43.0,2.0,2.0
0f3587fff1f049d171241b49446f27847c78a69e0e20bbbc5f77a9d21976ff77594373a0d53a257775bd91bc6bb9666208a105ca416c5ae74ae68a39b7f3b041,CLEAR,DAYLIGHT,DRY,DISREGARDING TRAFFIC SIGNALS,2.0,56.666666666666664,3.0,3.0
0f3591e5cf4a25f6d7b3f6c59554b541e71c348e8497adee95e96d9015ba02d7fcbb5c417d5abfdfa4ee8d2b00ffda599860290a7e6f1f1dcb98f107353afddb,CLEAR,"DARKNESS, LIGHTED ROAD",DRY,IMPROPER BACKING,2.0,21.5,2.0,2.0
0f35b2db169a1cdeb3c4c6c6feeb2e0a37dba4a01e3c966c8b56bffa994b292e1ebac019b085f78418d0a67c41879b3cf94d32f35b50defb584cb8fad9b0fe97,CLEAR,DAYLIGHT,DRY,DRIVING SKILLS/KNOWLEDGE/EXPERIENCE,2.0,23.0,2.0,2.0
0f35c03233c05baf7fc493ec461f970ef03d09f4d841b5b040361e72de36d020504a0db18b869bf5e986b56865f611aca97684f96c09b8195ffe76305b3ac78a,CLEAR,DAYLIGHT,DRY,FAILING TO REDUCE SPEED TO AVOID CRASH,1.0,37.5,1.0,1.0
0f35cd68c11645f59cc89b16ae886061daca7eee7d0c0f1e8ba38d8cea26a5706aeeb87a69fd146119bfa115bcb5f92fb251e9b1d1e2b969be371b63b569312b,CLEAR,DAYLIGHT,DRY,DRIVING SKILLS/KNOWLEDGE/EXPERIENCE,2.0,54.0,2.0,2.0
0f35f2fa459543253008847578319219a33694671c09aaa83f7ef0bb7f12d47dca145d791440fb77443c58fe7b519be134f60da2b8c915b3a3d809aef43cc7ac,CLEAR,DAYLIGHT,DRY,FAILING TO YIELD RIGHT-OF-WAY,2.0,36.333333333333336,3.0,3.0
0f360464eedacdf855bca24babd761cdc67a49b0e70694835f6599097ad0fa577e5825cd53c3c5fdbb355251b0bf545ffcc44b0ba67279d27c4f50ddcebe0624,CLEAR,DAWN,UNKNOWN,IMPROPER LANE USAGE,2.0,63.0,2.0,2.0
0f360b4d00a79649987c8219a76470b154f36e2d19ffa6fd268f3c7e2eb6feec995ec2086f9d4cf7c2c77bc50fc2350f077421f233da4894a1ae19e9c292c554,CLEAR,DARKNESS,DRY,IMPROPER OVERTAKING/PASSING,2.0,32.0,2.0,2.0
0f361299f4e565766caaf75eeaa32e12f2edbf73a67cc8309147c9bd86924d2d8444635a9f397195694b7f62a2687e87dce768bd62bb61f5a5aaa547a97817a6,CLEAR,"DARKNESS, LIGHTED ROAD",DRY,FOLLOWING TOO CLOSELY,2.0,27.0,3.0,3.0
0f361847450d6a70bb2c7ca025193c4bbe9c02e0336eb7a08c2b113dc3d8ee361d460453f52a6e0d0ac7ab099854e5cb5404ad0261990567efd36ab665bbc52f,CLEAR,DAYLIGHT,DRY,FOLLOWING TOO CLOSELY,2.0,30.0,2.0,2.0
0f36417b20e967040a9c8951c318ffd2074a6dc529efa678032893a42c8401e869483df7648a2dda1014095e97107cbe4034845b93c58d25192c66651446b100,CLEAR,DAYLIGHT,DRY,FOLLOWING TOO CLOSELY,2.0,42.0,2.0,2.0
0f3663689c017e6bf82f8e4248a11f4eae3f37aead03fb92fc3df6227732184fe5db578d815515830edc24b755c6b1ceab2db63031e9f8412564e1e084cf3656,CLEAR,DAYLIGHT,DRY,FAILING TO YIELD RIGHT-OF-WAY,1.0,34.0,2.0,2.0
0f368ae391b1a209004893b3f0cfb2fbfbb9987a9ceaef94039b438bf2beeb99cd22f32645a0cc78e0cf66337dfaef04a231255ff7c6a1ee51e1b829b9d21995,CLEAR,DAYLIGHT,DRY,IMPROPER OVERTAKING/PASSING,2.0,39.5,2.0,2.0
0f3691e176ecddb44cbd18194f68a37f5226a8f7327c8a60fe024f6b0f85c0e19e4184d958e90d2dbec77cb2c2c85e47b84c30d0b8344284ca1b6ab3aca3ae10,RAIN,DAYLIGHT,WET,IMPROPER BACKING,1.0,42.0,2.0,2.0
0f36bc4e9228dbf1240761ab42e18618ad70c0e09c463492d23cad770948d30f8e958099e801c1092a23c8c750ef69adc3954a2a3d5e40c42bc2d92fc6de8e7d,SNOW,DAYLIGHT,SNOW OR SLUSH,CELL PHONE USE OTHER THAN TEXTING,2.0,32.0,2.0,2.0
0f36c258d0a9e8fa74933d8c1b8a25a694adf9d8cb2ff94dda7d84aafd498012a34d5d6ecf497a82222f17cf8e8d9a22112668c4c1728a43e610387f8ba7a3ba,SNOW,DARKNESS,SNOW OR SLUSH,WEATHER,2.0,41.5,2.0,2.0
0f36feb2818cd765f64fada5a5c849c0a747ecc95d656437f8729f279d372cf5e7ca3486f0a380c607bca7372abc8316b9331137ab0ca8c2c6660b6841ee9058,CLEAR,DAYLIGHT,DRY,FOLLOWING TOO CLOSELY,2.0,65.0,2.0,2.0
0f37232bef4bd3a54d27fd12209893bbd96d80ebc350e6d6e2eea570360a4a573f64a179f4a4e19bf7d416f5f2913d70f39512166e95898c17c1b92646a14492,CLEAR,DAYLIGHT,DRY,DRIVING SKILLS/KNOWLEDGE/EXPERIENCE,2.0,26.0,1.0,1.0
0f37366299f7d9baf1cddb2182c8e2912416a0abd732c23766cd5c3dcd0f017767ee2afb01dad857f3813c35203012905ce500719e95f23001794e1ed5c6c537,CLEAR,DAYLIGHT,DRY,IMPROPER OVERTAKING/PASSING,2.0,30.8,5.0,5.0
0f37552cc1c26df80ad1d2e1a19c491a9da80d0ec81497bc3fc9a108064423e90c23c566af6144e2639b44420eb66b6f123493f13cdd663c5c7b3c4ed974150c,CLEAR,DAYLIGHT,DRY,IMPROPER BACKING,2.0,47.5,2.0,2.0