crash_record_id,weather_condition,lighting_condition,roadway_surface_cond,prim_contributory_cause,total_vehicles,avg_driver_age,total_people,total_injured
0f3776cea77429cc39377b41baef6043f5d91099710c635c47d451f275c1c087f84422da22a3215236cde33663fb11bd6936f6c72f5f830173c2b236098a14cf,CLEAR,DAYLIGHT,WET,DRIVING SKILLS/KNOWLEDGE/EXPERIENCE,2.0,40.0,2.0,2.0
0f377ed202a9d8b3e5904cc35b4becfe0f201a59accbd282302faf9dfdd75ee4ed5677a73f018ca775ee4338380fc561045b5225ab9fd810b27e86d0abfa17bd,CLOUDY/OVERCAST,"DARKNESS, LIGHTED ROAD",DRY,FOLLOWING TOO CLOSELY,2.0,50.5,2.0,2.0
0f37c8d45d88248f88c70a731fb2995a2b45a428a2a75d4aa674d07903218e72894049c39e113e3f65cb695cd76bade0882ff5f801df53f0af8921a95514ff60,CLEAR,DAYLIGHT,DRY,FAILING TO REDUCE SPEED TO AVOID CRASH,1.0,37.0,1.0,1.0
0f37f182591db159bc2122a0ff385681b69d53054765d71ba952ba5a53e65bdcf40d4fc887bb03e41b8239cf64c4a31535ca350d51132bfa6640a04f110ecbff,CLEAR,"DARKNESS, LIGHTED ROAD",DRY,DISREGARDING TRAFFIC SIGNALS,2.0,45.666666666666664,3.0,3.0
0f381fc85f660d3f296a05a29c6149d8e002e33ca2d843dcc34572be8496461d704669c4374fb7d03930a23f8c8e39b6608f2da9733b947ab5be7e0843f568cd,CLOUDY/OVERCAST,DAYLIGHT,WET,IMPROPER OVERTAKING/PASSING,2.0,46.5,2.0,2.0
0f382400905b48595b0a95fac9131e01ba56ec9394c4bb0dcdcb7d2ee02fb39787b54bdb8b7c9bd1c4b8587b8725154a3bc601d6696e2ac24cbfa5c257a58116,CLEAR,"DARKNESS, LIGHTED ROAD",DRY,IMPROPER TURNING/NO SIGNAL,1.0,36.5,2.0,2.0
0f383a40f90699f33b5e358cec4408f888e2a347e60a368033cd0501a3940ccd7c8e4da202cdd588212faf48365864ce65691a1420cd13492441e2b53629e9e1,CLOUDY/OVERCAST,DAYLIGHT,DRY,FAILING TO YIELD RIGHT-OF-WAY,2.0,73.0,2.0,2.0
0f383bbeefa74303d49c62a6968a47386a5e321dd4a24295e4f55ed0c2538bdaa3229a7b549cca64278c189da72b139eb6de9405bdb17299a433dbab7b32cb7a,CLEAR,DAYLIGHT,DRY,IMPROPER OVERTAKING/PASSING,2.0,31.0,2.0,2.0
0f3866e5e9e88690036db13b3392cd303d2226bfa270966b35a9b8aff22eaddf6868d2c4478436666d09571665cb88fb5d06502fbddab09e4136599599070732,CLOUDY/OVERCAST,DAYLIGHT,DRY,FAILING TO YIELD RIGHT-OF-WAY,2.0,30.0,2.0,2.0
0f3869c20b1ad99db6d8a4c1ff49f5efea9ddacf73b183631dca08c29c4dc60b872abecc1301b2a087fe6f1970a31a6d62a85bdb5260e52082b1474616327e41,SNOW,DAYLIGHT,SNOW OR SLUSH,WEATHER,1.0,23.0,1.0,1.0
0f386f35a871523ba95c90a94f2d9270464d12d99a770b67ef9d92817ef7a14b6605d30ac08db4d297a9b1c35699eacb9e16b139d09399b6fbff6b7f1681bf1d,CLEAR,DAYLIGHT,DRY,FAILING TO REDUCE SPEED TO AVOID CRASH,2.0,47.5,2.0,2.0
0f387ce365948d72689ad66a10b3f9f4a830748532f4cd5043499a85f624346e0e60786f1c78bcaf43aaa29c2f2d44392e033c8604b44318d90c1189340b12e5,CLEAR,DAYLIGHT,DRY,FAILING TO REDUCE SPEED TO AVOID CRASH,2.0,54.0,4.0,4.0
0f388239978cfaf771430d203b812abf84f9221d74843b8d537b6f3afc090c2a721e4a7da979db2f229b5b888f0957cd437cb91380475fdf83bf41a2da473835,CLEAR,DAYLIGHT,DRY,FAILING TO YIELD RIGHT-OF-WAY,2.0,27.5,2.0,2.0
0f388b56ddce17ff09919ffd2f213c3a65ccdc8c8965c1b9c55ac812228ee80a2808feb890b67b41b726af29ca6495ef522f54e5333843483a05a566dba2eec6,CLEAR,DAYLIGHT,DRY,IMPROPER LANE USAGE,3.0,54.333333333333336,4.0,4.0
0f389b915ad9d6a445575d3045c984aac894c2dacc9910f0c1bf561ffd2f108df926cc81a23373a826d32de8c2ba11c5a02ec547666f08b235df0bbd98e57ebc,CLEAR,DUSK,DRY,DRIVING SKILLS/KNOWLEDGE/EXPERIENCE,1.0,25.0,2.0,2.0
0f38f844cce4ea13559f2df1aee487482403ece2302ca82b803f9c28c447d5c9e4863a1684489a911c696953f7e81d159b064d3ec27e883aa8c7a05ebeea907f,CLEAR,DAYLIGHT,DRY,FAILING TO REDUCE SPEED TO AVOID CRASH,2.0,51.0,2.0,2.0
0f39bb3843cba1a34beeeea64587400624f9579f6c3a181ea85e3130539cd125d1674aaafa7e71965cd8e873468c8939a1c271325f4f587a179b8e5ee83775d8,RAIN,"DARKNESS, LIGHTED ROAD",WET,"OPERATING VEHICLE IN ERRATIC, RECKLESS, CARELESS, NEGLIGENT OR AGGRESSIVE MANNER",2.0,32.666666666666664,3.0,3.0
0f39cd828ce6865724eb9a60f0ce79eb9a825022becf69ad252712ee68690990f156c3d8d743e8100b65c0f95911d3d5cc21a031c6729d7ab27eaebc75464181,CLEAR,DAYLIGHT,DRY,FAILING TO YIELD RIGHT-OF-WAY,2.0,48.0,2.0,2.0
0f39dac0a6a2a8fc526700572faaafb4070d632ada1b125a647297234c95e61a68f2a387af66b5594ee3b133197f301cbc747a6fcd4ab5932af726ff4ddc15aa,CLEAR,DAYLIGHT,DRY,IMPROPER LANE USAGE,2.0,66.5,2.0,2.0
0f3a1f030d5667e70bccaa36642105af21c2c5b23742a1a49fd06a40d1d3ea59d2bbdbc7d02d1a4e7ab7e27f16a9dae7597e3adbfdda49981046303589000fab,CLEAR,DAYLIGHT,DRY,DRIVING SKILLS/KNOWLEDGE/EXPERIENCE,2.0,37.5,1.0,1.0
0f3a242e708af274ddf8765e8c8a5245a02a2e009cf27f4a4541f534d09b9a8c486e03fa474a00a82ae6d8150defe82418ad45564a5749600fe7f1c57626b5b2,CLEAR,"DARKNESS, LIGHTED ROAD",DRY,FAILING TO REDUCE SPEED TO AVOID CRASH,2.0,37.5,2.0,2.0
0f3a2b91183b901cde2bfdb1e2c7bcf0b6fd98a782143ba7f4e12c07937619bd0b0b4e6997fc4dc910398f53f16232992cf48133165f0b6a0b0dc44bcf99ad3b,CLEAR,DAYLIGHT,DRY,IMPROPER BACKING,2.0,62.25,4.0,4.0
0f3a427df96a364bf95f2ff600b8f6165caba3f544430099f6858573e9661575ef2fc7b708423f6dc16c07eef741bd1abc456b7b2b0edba121798e8647ab7b57,CLEAR,"DARKNESS, LIGHTED ROAD",DRY,DRIVING SKILLS/KNOWLEDGE/EXPERIENCE,2.0,37.5,1.0,1.0
0f3a757df6b6bed3110406ac51a71e987e1080188371736252dfd8304bc49f38311ca97aeb0b4b7f4eb3b35f15c22a33eb6f9baa85f2a843a3d8f7fd0de0d1ff,CLEAR,DAYLIGHT,UNKNOWN,DISREGARDING OTHER TRAFFIC SIGNS,2.0,39.0,5.0,5.0
0f3aa5a168ebd4ecae86cf03ce9e2eecce5225ad6a6cb63bb94ceea0b5748677482a828a115dd9d3357817f6fc586f95c20eaf5f83b49952ad80ab0d0a26014d,RAIN,DAYLIGHT,WET,WEATHER,3.0,34.0,3.0,3.0
0f3aa93468788f4d841ab3058d7ea472eb7cef56a58c5953be4cf6ec68e09343187d5997a0a08c58befe2df9c095daa886551de415aabc19876955a7d00a986c,CLEAR,DAYLIGHT,DRY,IMPROPER TURNING/NO SIGNAL,2.0,41.5,2.0,2.0
0f3ab804fcf63d23f21dc125d5952085bc17f32addbd123cccde6abca9faac6781688479f08f19f475e509ae15c8cc2ac0be7c678ba0a95f50db453b4dc8b97d,CLEAR,DAYLIGHT,DRY,IMPROPER OVERTAKING/PASSING,2.0,37.5,1.0,1.0
0f3ae3709db7451e6975e231eaf5e7c24bf4a56127438cd3ae1956befe6f7c1a1c617b172a143127e0f06a7ff0ee50e5e71787cad67b35eb6f36497553a1884e,CLEAR,DAYLIGHT,DRY,IMPROPER BACKING,2.0,65.0,1.0,1.0
0f3ae9db39368a2b2b311dfba5a62be4de893295572833681dd6fb0da14e35196c62328f186a1c0fa280efca79ab62ef70434e4a55c9d37327587f72d5ca0fa9,CLEAR,DAYLIGHT,DRY,IMPROPER BACKING,2.0,62.5,2.0,2.0
0f3af3da25c08905f4513b0ef884bb7337b22ee59eff7ea8fb6a267bcc564a42beb36c2856ceaf5afc4fdf4f6d13b9ead6f39ba6f32e356494b407bbf7988225,CLEAR,"DARKNESS, LIGHTED ROAD",DRY,FOLLOWING TOO CLOSELY,2.0,41.0,2.0,2.0
0f3afa36e2713bdc4e24c1235fc09ddc6d18d31e1f501714dcfe5762ee90123b46a5fee2ca7088e77a3b23be3b9ac4295735b3cf176a0985afb1af9d150d7fbd,CLEAR,DAYLIGHT,DRY,FOLLOWING TOO CLOSELY,2.0,38.5,2.0,2.0
0f3b2b8ef82821f8bfeb9cafa58d72c506e76982e37accc395431e9bbf0dc6d573e80c76f2a004a30f1084d05468215851f1763c68a6cea59be7b9da1c893202,CLEAR,DAYLIGHT,DRY,DRIVING SKILLS/KNOWLEDGE/EXPERIENCE,2.0,37.5,1.0,1.0
0f3b5f55a617d1b135761768b3cb70c6c1c6545c69751cb67740f79a9b2a0b521efbc3de88add629ba4a68d500c38937d3d600497e8cba30f8fb7e16637d6cd0,CLEAR,DAYLIGHT,DRY,PHYSICAL CONDITION OF DRIVER,5.0,54.5,2.0,2.0
0f3b6ce3d7abacfef9d789e3831e804779a012f66c8446c62e9143f7f9f7c88519625750b69e11149d9c6a726a18b4bb52e85a8063f3fbd932aca06ee899f844,CLEAR,DAYLIGHT,DRY,FOLLOWING TOO CLOSELY,2.0,32.5,2.0,2.0
0f3bc24f4758982ca6236047cc89ffdb94f839efcc96726e0b7ec68b263dc5aaaac7ef0f154b1152d2326199b5bc72574eac33fdc5309369f955cf374cc153a2,CLEAR,"DARKNESS, LIGHTED ROAD",DRY,FOLLOWING TOO CLOSELY,4.0,39.5,3.0,3.0
0f3bcc2369146a2027d9ada71273886a39e24e6467727dc30ad1ed22a0aa8aa4c52968fc25c71f2f09400eb0ee55694dd2f81ff1224c947a525badbf97bb4bd1,CLEAR,"DARKNESS, LIGHTED ROAD",DRY,DISREGARDING STOP SIGN,2.0,22.0,3.0,3.0
0f3bd12821c702bde29878acd8805d91a53189af968480c3b06df7f0cdc97d7cb26948d2ea17d331dad3e03c0dae250ded92e40a1d2347000095ff9fa21f1d11,CLEAR,DAYLIGHT,DRY,FAILING TO YIELD RIGHT-OF-WAY,2.0,69.0,2.0,2.0
0f3bd383316c560ece81bd8c2415d7b7fc834266e93fdf77dbc8e657028d02f420491172f8baff280d0eca70b8879707511d532858f102b014bb6abb4387e949,CLEAR,DAYLIGHT,DRY,FOLLOWING TOO CLOSELY,2.0,33.0,2.0,2.0
0f3be5af850d221f494d5f49abdee9583111567585b465c91b12511e4f66369a09db54d4ac93a498232a9482d9ec9ac0ab522781a296457ecd39cb87612fef53,RAIN,DAYLIGHT,WET,EQUIPMENT - VEHICLE CONDITION,2.0,63.0,2.0,2.0
0f3bf5ca33690eb5e44fd419cb552e582ba86a37c268326e58d44cae9fc08c1a6ed30c2765840ca4d37e4e25b847596ee08b26d1c554ceab15992b6eadf87043,CLEAR,"DARKNESS, LIGHTED ROAD",DRY,DISREGARDING STOP SIGN,2.0,32.0,2.0,2.0
0f3c22acd69ca27dffc2b86478eabdcf89c43903b29475beea94e74aeedaf3a3df6cb1af5db44a900e406240c5806655d6a1e7728a5019a99d90058592560ba8,CLEAR,DAYLIGHT,DRY,FOLLOWING TOO CLOSELY,3.0,31.0,3.0,3.0
0f3c33eb199cd11542940d613523a7ca513e32dcef8072e4586637ac2353d092456b6df4a70af4a8c82e90693f258831789cd8ad18af8bc7c23182a27843ae58,CLEAR,DAYLIGHT,DRY,DRIVING SKILLS/KNOWLEDGE/EXPERIENCE,2.0,37.5,1.0,1.0
0f3c4c3c5afb85aeff111056fdedd360dbcb775e06e03b971bef5eb1a774310e261dd271532ef7dc4de258cbdf59bbd43ea489872e76b70f07a81a3aac960090,CLEAR,DAYLIGHT,WET,IMPROPER TURNING/NO SIGNAL,2.0,26.0,4.0,4.0
0f3c6d7cac2427902c255f6400e3ff5ec8b074769f5e79a22c5a1bdd4c7dfe9802fed60847580632ccfee51a8e1c29cb61fcb36240e89e6bc7d4c6b1faedf565,CLEAR,DAYLIGHT,DRY,FAILING TO YIELD RIGHT-OF-WAY,1.0,54.0,2.0,2.0
0f3c7ee77094f01e24d84bc857a98cde9e3d40c75597f6eb3c4480a8d5f2180f718de0de2b3e5eb933dccd22f991031ec7570b5d9935c33a8976293fe56ac677,CLEAR,"DARKNESS, LIGHTED ROAD",DRY,FAILING TO REDUCE SPEED TO AVOID CRASH,1.0,34.0,2.0,2.0
0f3c90ba1f8d64b175e6e11faf533a95d7c796cdf3d532526d0f19f080246ebb028fbe4729ff7936e461c8802a693206b994df01c7c2f004a8af6a6e31af4555,CLEAR,DAYLIGHT,DRY,DRIVING SKILLS/KNOWLEDGE/EXPERIENCE,2.0,45.5,2.0,2.0
0f3c9340acd721558540e01747d2918087f04d75980ad4a163456e34b2e3daeed0f4649a53c102508f2dd0b2d19594744459b96ffb3af3b1f1ed47f38dc969b8,CLEAR,DAYLIGHT,WET,FOLLOWING TOO CLOSELY,2.0,49.0,2.0,2.0
0f3cecd9a0695e0188e36220d8a89967faadd2e3d0afa1ad8a5fcf602e908f20571eeb260fa546affebc9e513dee6793b84960238a9c93318fc46eb5b137fede,CLEAR,DAYLIGHT,DRY,DRIVING SKILLS/KNOWLEDGE/EXPERIENCE,2.0,47.0,2.0,2.0
0f3d27ed77c44062319f7ef370d49d736700ed5317e300872970556b90ac7330da3f8918749ce3f9124653ba15714082f2d67b715cc84a542282ca96b2c6d8d5,CLEAR,DAYLIGHT,DRY,FAILING TO YIELD RIGHT-OF-WAY,2.0,33.0,2.0,2.0
0f3d5a1cd83fadde6ec03a7657958ee8b1a221901186026042881452798cd941d551907f63eb98c41ad071f8228c7358cdfe930d40daa81d9b28873c975b5116,CLEAR,DAYLIGHT,DRY,IMPROPER BACKING,2.0,43.0,1.0,1.0
0f3d69b9001b32c07bdb3769ace5b3f1dbc8478b996b8a908dcc5e6aceff33ab2c515930584d2edacc00c1be4036a6c1960829a624827d429b576f1abf20bc43,CLEAR,DAYLIGHT,DRY,IMPROPER BACKING,2.0,37.5,2.0,2.0
0f3d81a8d82ad226e19a16675d426830c3eb3ec2f601646150ed531e397cc1bcbd21dd5e6238ac7b41d7918c2cf121434ea9a5c59da3b3057e58acf1ab6d0e97,CLEAR,DAYLIGHT,DRY,IMPROPER LANE USAGE,2.0,22.5,2.0,2.0
0f3d989250f875c4355fc23dfcb3fbb08bb1b0fe926fdb3fca0dba649803566cc87da2bf8442638bc133f990f315fcadd52132dcc1b62e47e61d5c13c8a9e11c,CLEAR,DAYLIGHT,DRY,IMPROPER OVERTAKING/PASSING,2.0,46.333333333333336,3.0,3.0
0f3dc7f14d65b16bf05af440dd5edf80eae59f232880c1858c95c19945dc061d135302dd2e4b773081d652ff5692285459a798b05653b6b59d6ee4fe0bd9ceb6,CLEAR,DAYLIGHT,DRY,FAILING TO YIELD RIGHT-OF-WAY,1.0,17.0,2.0,2.0
0f3dcafd2aeb502e686360739a685809ef333489142170a68f84a44dcbd441e0e778e41b02c6e04341edcba3868ae3533c18c70cf18a3773059a1943047e874d,CLEAR,DAYLIGHT,WET,DRIVING SKILLS/KNOWLEDGE/EXPERIENCE,3.0,30.666666666666668,3.0,3.0
0f3de3500f63f9764d40e0dce5b4c61e735e495fb85203b487464b933ffe180ec096a092569a75d34ab1a8f77e03100b67d0f6bdae9be1f4bb2ecccce3f2de53,CLEAR,DAYLIGHT,UNKNOWN,FOLLOWING TOO CLOSELY,2.0,63.5,4.0,4.0
0f3df1987a315ce7bc859d1d59d1a16ccd18f2faa36d26f6f7ca05d4835ea04243ad942866acc019f90d474d43f6ddbd89a52d2780b5f23f3403a21dc1d4789b,CLOUDY/OVERCAST,DAYLIGHT,DRY,IMPROPER OVERTAKING/PASSING,2.0,25.0,2.0,2.0
0f3e33f04ef8fb369eba8e46824bd8547e96699de3a3d26fa3b396c1153463d7c0c8c1abf66f254cc1482b684b31de77e4ad4dc055a5df4f1b90f0cb00230fe6,CLEAR,"DARKNESS, LIGHTED ROAD",DRY,FOLLOWING TOO CLOSELY,2.0,46.5,2.0,2.0
0f3e35b5515a2fde9ba0e4f91e41bddcb4103de128a54478e04ba20db630462dbe6a3b450cd346e7420c7facbd9dc432f54ee19203b5d0b95324706e980e9755,CLEAR,DAYLIGHT,DRY,PHYSICAL CONDITION OF DRIVER,2.0,47.0,1.0,1.0
0f3e362c70c2a24f2ee992232fa9ee52150eabc94db5cad1b4c0441d772c5f8c5b0f04864e576e6f69db366db8cd880931ea12e27a7d9f4a8b24d5bfad061b35,CLEAR,DAYLIGHT,DRY,FOLLOWING TOO CLOSELY,2.0,55.0,2.0,2.0
0f3e40b509fcec8c12d02cf423df32632976fcbbe9633ca740069b4d8e605b0fca6d3379c383d9a6c590ef60c6951627a863d49245b900c3766cb545d999bfca,CLEAR,DAYLIGHT,DRY,FAILING TO REDUCE SPEED TO AVOID CRASH,2.0,35.0,2.0,2.0
0f3e4c3957884071f67cfb7050ec03df4a91ec6e4e47813298c50768d9c176ee814bd1e2eb44cbf52ee1e62206dfcc106daefe259d5ff8f291055a93a0ce11a8,CLEAR,DAYLIGHT,DRY,FAILING TO YIELD RIGHT-OF-WAY,2.0,47.5,2.0,2.0
0f3e6fc2068212c24a701ecf8f1907c4f48a3a01571f352cbaf0aecce871b1324f96ac9a821bf32f8ad9780b0f35e79646dd1b5aaf0429053422d151c4ea7447,CLEAR,DAYLIGHT,DRY,IMPROPER BACKING,2.0,33.5,2.0,2.0
0f3eccb01b02749e88a43e4eaa95ed3ea05605b38f2ad1863a9dde7b77a577b313dc983d16ff5dd56b055e120241469cca38a9fc986b7192e48b6c66dd89159b,CLEAR,DAYLIGHT,DRY,DISREGARDING TRAFFIC SIGNALS,2.0,41.5,2.0,2.0
0f3eda1875c10f411526b237ff9bad5336c62db4190b8f14451b72c4e0a488ebb7b02a185b96df20c13dfa722ca5d23daa28d31ab7f57e13c72000e7edb659c9,CLEAR,"DARKNESS, LIGHTED ROAD",DRY,IMPROPER OVERTAKING/PASSING,2.0,25.0,1.0,1.0
0f3ee80b3b117ba51f7ae21a794717e0f6a7be2e628774c11570aa6b6eca61d6010bbb17d6f8e34328936914803e6e2d7fae137025a476d7e9c0029e819dae85,CLOUDY/OVERCAST,DAYLIGHT,DRY,FAILING TO YIELD RIGHT-OF-WAY,2.0,28.5,2.0,2.0
0f3eec74c2e711a0843a0300dace2cdb02985bef1a5b974877763257d13430bcd77a398cb2881b23196cb246cd9e2273775fc55cf273e08a18d7d8b62a28ac10,CLEAR,DAYLIGHT,DRY,FAILING TO YIELD RIGHT-OF-WAY,2.0,40.0,3.0,3.0
0f3eef4d06b358a96c910722197ccc9359f00a745b2ec3e4a5e30c34c7bd0e07c15642ea49a5b97b37dbb145cb909b7157338ce9efe31464fd4d5cc3792b8b3f,CLEAR,"DARKNESS, LIGHTED ROAD",DRY,DISREGARDING OTHER TRAFFIC SIGNS,1.0,26.0,2.0,2.0
0f3ef737a47deb2d73d2f7910c796a3afcbcfbc87aa1987c382536f6d17517f78b508e3a8c81b274b9439baefbed001c26a1036fb8937164763685c674d16f3c,CLEAR,DAYLIGHT,DRY,IMPROPER OVERTAKING/PASSING,2.0,34.0,2.0,2.0
0f3f205de69087013eb8bc374d7234506647cceb03ab6a738504633ecca3c6c7cf2acf67ccf00dde04367f0b2b638b71e90d1ebdcede10e6e856d250943e71fb,CLEAR,DAYLIGHT,DRY,FAILING TO YIELD RIGHT-OF-WAY,2.0,47.5,2.0,2.0
0f3f3169359c44c009d761cf27e1c8797d0467e894beacd05d3e17ab7db6a7761f6c7474ff7c2a124317d23007d2bf7ccb20f3cb1475a99ee121e94085010d93,CLEAR,"DARKNESS, LIGHTED ROAD",ICE,DISTRACTION - FROM OUTSIDE VEHICLE,3.0,43.0,1.0,1.0
0f3f52f71992631e137ab4c16916715ad4fb0e1b81504932bb09df1fba8f30c9d24493be165e728aafcf22b849041fd9c1c2ec31c50a8c8af0c92738e9631b22,CLEAR,DAYLIGHT,DRY,DISREGARDING TRAFFIC SIGNALS,2.0,38.333333333333336,3.0,3.0
0f3f84607d67d553668f7c8a7135ed85c3fe14d9c66b0bb5a7707fd4acb469dc65d84a80f125e1f70e1b34beed7471820e3c55279d64850f14ab4e3f97324f3f,CLEAR,DAYLIGHT,DRY,"EVASIVE ACTION DUE TO ANIMAL, OBJECT, NONMOTORIST",1.0,60.0,1.0,1.0
0f3f8d9256218092d5108af7cc645fc9dfdf4df53030499dab6f46c9486c03ac22ecd2ec1e342829817cf4a39a5db6f9366ef7caa68aba69236d8d14e917ed76,CLEAR,DAYLIGHT,DRY,"OPERATING VEHICLE IN ERRATIC, RECKLESS, CARELESS, NEGLIGENT OR AGGRESSIVE MANNER",2.0,26.0,2.0,2.0
0f3f9965a712a3e422868e5b42110935b8737c1a83ece0c010ff4c3fbec6f2fa7e002e539cc6aec04512f73f5b8d0267a620aad7ab36094d4c91f100413a5880,UNKNOWN,UNKNOWN,UNKNOWN,FOLLOWING TOO CLOSELY,2.0,20.0,4.0,4.0
0f3f9c7670bd4ca5fa70cd2bd2573202faf0b7c727b8b4dbeb30d9d86fceffb0a01d2622949882067171a9322ac5deac782423a9c7dcba57f3059d67abbfd165,CLEAR,DAYLIGHT,DRY,FAILING TO REDUCE SPEED TO AVOID CRASH,2.0,31.0,3.0,3.0
0f3fea2a3f7396dc6f5ce307620ca9ddeac4909dc368a79c098589e78713cf3027d5e648213d3bed121bfd3ef66854744b4f05e2f696147b363e20bc1820b2b7,CLEAR,DAYLIGHT,DRY,FAILING TO YIELD RIGHT-OF-WAY,2.0,33.0,2.0,2.0
0f3fee76f7e9d6e3679a8a7576d2bb8b6b1e5e9dac75bac4d55e133829dc768447b0ed2f408cb6ad1689f0845616d572fab28209c0b6156f9a7dbbc7c28d2dd9,CLEAR,"DARKNESS, LIGHTED ROAD",DRY,EXCEEDING AUTHORIZED SPEED LIMIT,2.0,27.0,2.0,2.0
0f4085b7b3eae8421b5505c8eceb40f6f5208b1a9e16b24419bec308fe01fd9b0470d720d3b2cdd532b08c3907dfce77e4ba70f454b7df134b1fb49465fbb2af,CLEAR,DAYLIGHT,DRY,IMPROPER BACKING,2.0,51.0,2.0,2.0
0f40931bb7249f7ef169cd9c3c70b369b8bcb67e15aeec6b5d7afdfcb278703caf89c32e2835233c4553716ef056d8ace9b8b6d73cdf8b74658819525488b00e,UNKNOWN,UNKNOWN,UNKNOWN,FAILING TO YIELD RIGHT-OF-WAY,2.0,60.5,2.0,2.0
0f40ce2c05a1c04e493b7580cb7bd0f89d2940d9c4cba130c7ad171bbca46529cff07f0c6a8fc80af252bbdd1b015a22f68a5d9932cd3c44b6573dc6224eb2bc,SNOW,"DARKNESS, LIGHTED ROAD",SNOW OR SLUSH,ROAD ENGINEERING/SURFACE/MARKING DEFECTS,3.0,18.0,2.0,2.0
0f40d59d97719f795996017674bf62deaad2794b45cdd8652062ced176c02019fea5718c04a1394ea3e74e875dbf68b89f752b4ae43e0bd98eac415794c4c18a,CLEAR,DAYLIGHT,DRY,FAILING TO REDUCE SPEED TO AVOID CRASH,2.0,43.333333333333336,3.0,3.0
0f40ddc626b2953cdd6e9a3f9e4c30b39b002741de76c26652801ca17219a9c22ad689e133f27547d4a1b934d20ede49ddfc29c9091afb4fa998593332bfa3eb,CLEAR,"DARKNESS, LIGHTED ROAD",DRY,IMPROPER OVERTAKING/PASSING,2.0,38.0,2.0,2.0
0f40fd5f60a10e8a8771b69afd82ec23dce3e720f4e7a6184bcc890af7e5ee9ebd45525238982d8d92f526f2e903ead45d7b3058e66b27028727207dbb080b5d,CLEAR,DAYLIGHT,DRY,DISTRACTION - FROM OUTSIDE VEHICLE,2.0,43.0,1.0,1.0
0f4109b0504bd909f2712150db8200b72ab8957922a0277ead28fc48bbf709aeaa758a0536828cc3e6cb659211c8439834c7d7fdbd3ce89cb269f4f9bb3cc92d,CLEAR,"DARKNESS, LIGHTED ROAD",UNKNOWN,IMPROPER LANE USAGE,3.0,27.5,3.0,3.0
0f410d855ce72b9e14409b9249d6c6feaa18b707f952fdd65a6db2a5206ebf1255e82f0248e381090f33970469075c5f523bb7453ed60fe2aa7f19805163b0c4,CLEAR,DAYLIGHT,DRY,IMPROPER OVERTAKING/PASSING,2.0,23.0,3.0,3.0
0f4112a490e85c513cbc3605aae0d788ded763d60b986d9bb023e8f069fb7196b4e73384881dc113322f2d14d17cb4d8bda4821accceff030999ae71bcff4498,CLEAR,DAYLIGHT,DRY,IMPROPER OVERTAKING/PASSING,2.0,37.5,1.0,1.0
0f411cf55193e14b338e6f90e7847ba86b37d39c179fbe9554f13c4636f20d3644481c0a540e79e0f5cc56d576b4b09ccc22635675c95b997d493a6a25039f50,CLEAR,"DARKNESS, LIGHTED ROAD",DRY,FOLLOWING TOO CLOSELY,2.0,29.0,2.0,2.0
0f414c46898c44d780d13536ad3d1ced4dadfaedba2a1d09ee89dbd2ce4aaa88729e41d025de1e1e7fa20adf6164f12bfa6e543a008e35baab14e3a571b947ef,RAIN,DAYLIGHT,DRY,IMPROPER LANE USAGE,2.0,37.0,2.0,2.0
0f415d54c688a04f7cf30f6779f8f4a788999e96ca2947d0580eb86041624fd46dd507157db378eef65b27f7b740cd081f68d5287b2ab4aa8f8c23edacdad1a9,CLEAR,DAYLIGHT,DRY,IMPROPER OVERTAKING/PASSING,2.0,56.0,2.0,2.0
0f4173c4f515c5965b845564ca3cd3c7682411b1f601c262a415ec8b94c661d0b3086edbdccd7578aa9d8f0b2f403e4bb4dc36d6794666079f97888cd65175a8,CLEAR,DAYLIGHT,DRY,IMPROPER LANE USAGE,2.0,52.5,2.0,2.0
0f418191745cf9a39f08c7def5025aabe9702ea9e0447ed3178da576b78b1010980bfce1d1514b74f942ec30d990baf8d1ac12a706d2dc1e4c9472b212c33fa9,CLEAR,DAYLIGHT,DRY,IMPROPER LANE USAGE,2.0,36.666666666666664,4.0,4.0
0f419802318c0ef34d94735c0dd057f62c880595123e0a4dee32455e39c8ee838ffd18a0585fbf7501327da2fb4b2b13a4077b2b1fda7387582a3f3f29853b8c,CLEAR,DAYLIGHT,DRY,IMPROPER BACKING,2.0,26.0,1.0,1.0
0f41ad8d575ec76a8c6c2d1625c00e1ec3579ace409b074d418e2532be107b514d306cc33f13018cc29ffedc32792728fb947bed6873673868fa47c3a52ab904,CLEAR,DAYLIGHT,DRY,FAILING TO YIELD RIGHT-OF-WAY,2.0,9.0,2.0,2.0
0f4220123d2e67b6b5e1678e7466f4fadb1331f0c30a35eced97cf6c0f204768973bb4c87dd6dd552dc462f0f5e93ed8a55013ac4e87dcebefd0cca2dbf4357e,CLEAR,DAYLIGHT,DRY,IMPROPER BACKING,2.0,62.0,1.0,1.0
0f422705ad44ed515567eabdef20113a58d6e1ec298196aac1ad9599d8e03f8348ed5df794a88a3234d30efd32960b73c593bedea7dfb7c7859a7e69186221f1,CLEAR,DARKNESS,DRY,FAILING TO YIELD RIGHT-OF-WAY,2.0,27.75,4.0,4.0