crash_record_id,weather_condition,lighting_condition,roadway_surface_cond,prim_contributory_cause,total_vehicles,avg_driver_age,total_people,total_injured
0f426e2af1c16ff9730ab4041ca5f986188d2b3b14533e6541945c933d3b4ad604f6c250fd5452eda558a77a5f52d5ff68d4421360dcfc977f5a4b180737f825,CLEAR,DAYLIGHT,DRY,FAILING TO YIELD RIGHT-OF-WAY,2.0,40.0,3.0,3.0
0f426eb8bf410513af75cb6792177922aa1b12e5a4a5b902ad56c71326b629f455f3d29716a3423267a1192cdf7459872b5a9b81f23096a6245a2aa3550cbfab,CLEAR,DAYLIGHT,DRY,DRIVING SKILLS/KNOWLEDGE/EXPERIENCE,2.0,32.0,1.0,1.0
0f4275e75d8353d9f86298009d1662eabca8d71f6bb0266b0accad2e1cbd8f681c1cfacbc850ebbf426779dd683583fd046defd76cd162afc434dee67243d126,CLEAR,DAYLIGHT,DRY,IMPROPER LANE USAGE,2.0,20.5,3.0,3.0
0f429b1773eecb3a793e0ec239b2d1fc066e5ecb083206afbd03335b06de114c86d6352ae107dee33669f3aa006c5229d26c2453cc524055fc239c07758d6e1d,CLEAR,"DARKNESS, LIGHTED ROAD",DRY,"OPERATING VEHICLE IN ERRATIC, RECKLESS, CARELESS, NEGLIGENT OR AGGRESSIVE MANNER",1.0,16.0,2.0,2.0
0f42ac639c55b032a27f8d335f52c4a66276f00a9c48d76415e3f984e70e112fc3bd436127a764c5ae690222a2022d41fb6f7ac086087fb2759496438716efa0,CLEAR,"DARKNESS, LIGHTED ROAD",DRY,DRIVING ON WRONG SIDE/WRONG WAY,2.0,28.0,2.0,2.0
0f42d1d303d042985f055d8e6f39ddd9e89051347e108d29711c265a8fe7f3fa475369b233d686cf09cefb0e3e05cc5e0d965f15985c72c72572376a6799eff0,CLEAR,DAYLIGHT,DRY,FOLLOWING TOO CLOSELY,2.0,42.0,2.0,2.0
0f42d5400399beef622c50ee982e42326f9aa6141275fce2107bf0cd00ef0a63c34169b2a5eac2e576574db0a455ad5c198f75361d2bd1d48ceb3dbbffe05e79,CLEAR,DUSK,DRY,FAILING TO REDUCE SPEED TO AVOID CRASH,2.0,29.5,2.0,2.0
0f42eb889f607cdac60eb26c53da3d0eb1779148531cf8a2bd7a872a46563d98551cc137fbfdaee29acc6201744ec58145062b54860ec4fe4044ba9ae113abb7,CLEAR,DAYLIGHT,DRY,DRIVING SKILLS/KNOWLEDGE/EXPERIENCE,2.0,40.5,2.0,2.0
0f43152b9fdc1838f0188069eeec3feeadf8d0e13d6939952022f9c322c84a7165e6c0e873110483513724021733fee409b0d8c65ed4c340ac52572d5e6d817b,CLEAR,"DARKNESS, LIGHTED ROAD",DRY,FOLLOWING TOO CLOSELY,2.0,34.0,2.0,2.0
0f433512e14d2d07a4bff0a2e52f756c58c330b6009c2688795327f91866c8fbf687f1be27411927fa85802aeec692660c5f4e7c4e340036fbbc411fed2b3ff5,CLEAR,"DARKNESS, LIGHTED ROAD",DRY,IMPROPER BACKING,2.0,28.5,2.0,2.0
0f4345b398a530625ef036e54f6a8897b8575e806d2eb05a3a19fcc43326918af0d353c69dc70612cde92bc33f28ca9b8c83116b84fac4313e14924116eb58d8,CLEAR,DAYLIGHT,DRY,IMPROPER BACKING,2.0,37.5,1.0,1.0
0f439b11ff6f201042fcdfe6e9e788b347354dda5b74b5959ca815b0951b7015f177095dddd98bc31c9750e5c52c5136bdc4973d2e035ba09ec9f951cdf2dae9,CLEAR,DARKNESS,DRY,FOLLOWING TOO CLOSELY,2.0,24.0,2.0,2.0
0f43b61f9abd7c5de5e18955ce8f33e9b5b237269d8a72302e70f47e1a582d295bfa4beeb49c1a89f33322d21fa5625d722d63622a69c67e69a0cbb21fac7bb1,CLEAR,DARKNESS,DRY,FOLLOWING TOO CLOSELY,3.0,47.666666666666664,3.0,3.0
0f43b901c67d0fd219f1bc26eabdf93db77943c623834eaaa7898bb9a6f9d6b384e997575adf62956d41bee60a0ce4a1cb5e621fa21d0581226982ddafb6b505,CLEAR,DAYLIGHT,DRY,DISREGARDING TRAFFIC SIGNALS,3.0,18.75,9.0,9.0
0f43bd15e265f30579cefe5abfed66b9663626c8ff6be84c58dfba2ded8b8b2ced05e7c2d6f680100126efb3e136b571f71aaf48d51e8a4b2f1c36b7571c02d1,CLEAR,DAYLIGHT,DRY,FOLLOWING TOO CLOSELY,2.0,40.0,2.0,2.0
0f43ce3f2815ef956ee88549d89effb40176335147ce797cdf57a9d01ff8f2aa4d3c2ca74c612f5d6b7124d6501ca7f051e6841e5fe3136662b2034e07ca1550,CLEAR,DAYLIGHT,DRY,FAILING TO REDUCE SPEED TO AVOID CRASH,1.0,25.0,2.0,2.0
0f43ded06bc0694946ec338c000354d0bf0ade03f6577ddc9ec180a29e3657c48aeafaa9e4eb717231e70ac33b55eb94c03edee51ef6f7b73517cd6ce573dc52,CLEAR,DAWN,DRY,UNDER THE INFLUENCE OF ALCOHOL/DRUGS (USE WHEN ARREST IS EFFECTED),2.0,29.75,4.0,4.0
0f43e5e830a21e0543cd7c5ded0d3db9c2d0260cb2f611b1b28c4106c88a6947b5e0de87a429ae3e959c08b0bca0e0d46865d41288e2e1661530b46ef311b021,CLEAR,DAYLIGHT,DRY,IMPROPER OVERTAKING/PASSING,2.0,42.0,2.0,2.0
0f442d0bb450247ca497ae39d24ca1b451f6a1d52ad9d5db08b20326e947edbce8056f7b14129473280a54ac5feefe4f842200be33e48f2426723855ba096cb3,CLEAR,DAYLIGHT,DRY,IMPROPER OVERTAKING/PASSING,2.0,27.0,2.0,2.0
0f44573a4e3034ff3d6af2338c9b4dad0ff36cb80d83a8b2f1e8107254c93e9c19d2913d06c57c1eb6995ddbdcd63445bbe4f70861c4dcd870638f152eef0ee7,CLEAR,"DARKNESS, LIGHTED ROAD",DRY,IMPROPER LANE USAGE,2.0,32.5,2.0,2.0
0f4460383b0b39bc4af4009c0934e29eeb82ad3d3534cf7f5753dade93fe43a3b7bba4ffbbb635988c2ac16c3662f14f292cc488cd6bd8c4e48797b7da7649d7,RAIN,"DARKNESS, LIGHTED ROAD",WET,DRIVING SKILLS/KNOWLEDGE/EXPERIENCE,2.0,29.0,4.0,4.0
0f447d65bee836809b8dbcbeab7b67bb754d3e1d9923f8ad8958327d34dc660fe88958e62eb39b44fe99f87bf8d1d8cf0911a96fec465f593b7f71af84da882e,CLOUDY/OVERCAST,DAYLIGHT,UNKNOWN,FAILING TO REDUCE SPEED TO AVOID CRASH,2.0,42.5,2.0,2.0
0f44bc7e2aa9c33fbe5ef9713430053823590ef1ee5b79965cd1410835b5f01dd9e6cb2663fdd2225efeafa03589949c27980ce06ae0df83097405d5acf630d2,CLEAR,"DARKNESS, LIGHTED ROAD",DRY,FAILING TO YIELD RIGHT-OF-WAY,2.0,32.0,3.0,3.0
0f44bdb0e65153280a0d4f518d1a039d3c9185aa2bd6462540c593c672aa1bf489de12e66517821aac424415923d9285e0b7234767e0ce43721dee2326d97cda,CLEAR,DAYLIGHT,DRY,FAILING TO YIELD RIGHT-OF-WAY,2.0,47.0,3.0,3.0
0f44de8d03fab651de37075eecdce01e03ce47e5117171cc6a829197be782e602b78ace40592b4c657c478240c9ce0fcd9727e9d2758fd9938d7d9dbd791634a,SNOW,DAYLIGHT,ICE,WEATHER,2.0,35.0,2.0,2.0
0f44e0fe6041e235ef4a849435c1323bff5cb1374d3690b8c636cef8f3de64500c2e99494c64103a3844e07b505429180ebcee2abcf848796cf59ae03e5c9cd4,CLOUDY/OVERCAST,DAYLIGHT,UNKNOWN,IMPROPER OVERTAKING/PASSING,2.0,37.5,2.0,2.0
0f44eaae24f36b6d7d7f66372304986fcd2b52d770a07886ef48ab898e90d906bc87b3b00e386216952d20c399c0a31a8bafafc7c88f1a9153bcfc879bbf3c5b,CLEAR,"DARKNESS, LIGHTED ROAD",DRY,DRIVING ON WRONG SIDE/WRONG WAY,2.0,26.0,2.0,2.0
0f44ecf23b8c9d842944cb4c4fa6211593a4fdd9052071d2e3cf5d69804b82ecb7d8112b469e9b9506169ad6f78c5ea083a2f944fd88135f4809b8640109172d,CLEAR,DAYLIGHT,DRY,DISREGARDING TRAFFIC SIGNALS,2.0,38.5,2.0,2.0
0f44f6f9216c83a46fad5f5f42efbf7db62e4d87a9672c189aa1f9ad27d2cb08f8b892becd68ccbc4fb7fd536ba4856e8a141023a611c445059a205b21ddae12,UNKNOWN,DAYLIGHT,UNKNOWN,IMPROPER OVERTAKING/PASSING,2.0,26.0,1.0,1.0
0f450ea2e7c695cfbad41fa365680e177d9f9a27da74d296819616bdf8df6a29493254ba57531d33834c58d25044f193c798025a08930b30535d26c7da6092a3,CLEAR,DAYLIGHT,DRY,FAILING TO YIELD RIGHT-OF-WAY,2.0,59.0,2.0,2.0
0f4525540983259a4c94f7fe0c1187befd9e47da2c45116c32db453aed62b7e0d4d73e1e923117946ff96ca5bd206d7d9bc683096d6d88b5eca877f407b86deb,CLEAR,DAYLIGHT,DRY,FOLLOWING TOO CLOSELY,2.0,50.0,2.0,2.0
0f454bd3904324098a84eb22848e7d2368bfe3920034dd8492fed817d4d936396103a875e31ddcf379fd6d42613d03e78a85cc9c993132550ca46730f5a564a8,CLEAR,"DARKNESS, LIGHTED ROAD",DRY,FOLLOWING TOO CLOSELY,2.0,35.5,2.0,2.0
0f455a69d352c2509938f0bbfac2564430ec8df4479283ec51220f4c4bad68e1c9d0e6d1636894fb4e8387630c4585a6db43e0de09e22e2c35322f4a028d49cb,RAIN,DAYLIGHT,WET,DISTRACTION - FROM INSIDE VEHICLE,4.0,48.0,5.0,5.0
0f45989386736caa3237c1f00c135145492718a2a35155ccf6458f87f9b0a8e6963de5c9bdf990cb3d535d855b20d245cd8702ec8bce83aa058ac482eddef49f,CLEAR,DAYLIGHT,DRY,FOLLOWING TOO CLOSELY,2.0,51.0,2.0,2.0
0f4599d35c01ca2ad34e8673cbb0a98cfbeea8353572b7e0dfb76a746aefc6933b0a44796574500fd405ab6d2bda0a52844076f276d8d9413b475c2df3e5fbdd,CLEAR,DAYLIGHT,DRY,FOLLOWING TOO CLOSELY,2.0,60.0,2.0,2.0
0f45b9e688972fe9c69db17dfe831795cbc0bacf578ee9af2c4199f8466262757e27e174f2d9b42d176e2f205cff4ea0392e1eaf3fae88015486298907e590d9,CLEAR,DAWN,DRY,IMPROPER LANE USAGE,3.0,37.5,1.0,1.0
0f45cc4c1fbe36be6ecb48f18ea4c890765e42b3fbb0b663ab2981f7252aee0741dd7bed096120a05181dea40d9c793e1ae9979706128cbb7925ed29dd754ae9,CLEAR,DAYLIGHT,DRY,IMPROPER OVERTAKING/PASSING,2.0,53.0,2.0,2.0
0f4608f274086bea871ceaba36670ce0dc9c5b8a73bd3ba1c12f1a186d350691acb8343b1810e4152d5361906f7b4f7b8de746783a9533db7ab922388910c22c,RAIN,"DARKNESS, LIGHTED ROAD",WET,PHYSICAL CONDITION OF DRIVER,3.0,49.0,1.0,1.0
0f461b5092a1287bd59d22ad8cf299d4fd90a8ddd7fdd8df1976164d4745919d7a6e0499414eeb1aa78b1035f407e58c6eac2f88fd1c55a53549ea9e1ecc0012,CLEAR,DAYLIGHT,DRY,IMPROPER LANE USAGE,2.0,37.5,2.0,2.0
0f4637d6b1ebe75b0cb9f6269f8b785a3ce4bbf8dd5f10973e487e7822971dd97c682c05e47c1cd26c79b8aba9165e9c0b71b6c978fb7d3861514b7e9570f82a,UNKNOWN,UNKNOWN,UNKNOWN,IMPROPER LANE USAGE,2.0,37.5,1.0,1.0
0f463a34ceab86691fa2de6bc66d012dbc42d3f50d3a0d262a8fa7114ddba85fafd61c1cddf69185a74f273b84ed551ee31ced1b21935c09becd9c9a02c7836b,CLEAR,DAYLIGHT,DRY,FAILING TO YIELD RIGHT-OF-WAY,2.0,24.0,4.0,4.0
0f4645183e98731c1f5038e2c7e8587b3f8900527419fcb150c700c79857ab52787bb058d7952a372ad88f8bfce4986714286442b89c399701506ba319c18f76,RAIN,DARKNESS,WET,IMPROPER BACKING,2.0,38.0,2.0,2.0
0f466c99c409bb54d5512efbe50460d6492bfdcbf791c6800d9ae7c470d4aaecb10600f244dfb325b6f652e84448466bfb905839b1b5d61ffe9ad896b5e22128,CLEAR,DARKNESS,DRY,FAILING TO REDUCE SPEED TO AVOID CRASH,2.0,36.5,2.0,2.0
0f469101f0a3f6871d2a6f0dd2cfd901e571b35871ec5f166f738cb9315c508846f0bfb6663f253526f11ac2f95d12b3fe0cb484e2bd6e44fe5d999981ceb2c2,CLEAR,"DARKNESS, LIGHTED ROAD",DRY,IMPROPER TURNING/NO SIGNAL,2.0,57.666666666666664,3.0,3.0
0f46c822a30f0362a9355c3af4dc2ea6ff2ff4c39b19186fa7ebe9fbdb4f1b6adf5a38310e1fb4e4790a76f21136a36334aae1cb81bf17ad21b7bf7ad8a4fc1d,RAIN,DAYLIGHT,WET,FAILING TO YIELD RIGHT-OF-WAY,2.0,38.5,2.0,2.0
0f46ca73afe660b8d39e198284f8a0025f8e5895e8265355553d669cdfb5cc6d34fe6974a4c9366731a810b368d335f478f0fcdd97adc69d746e2986510ad355,CLEAR,DAYLIGHT,DRY,EQUIPMENT - VEHICLE CONDITION,2.0,62.0,2.0,2.0
0f46d5063de47fd47612241dca95dcb42a4a35e0733a0b791607b2a933bda5f52ab4527d2f1711869e8152a856f293f171e674a0d0f9b08a6d965852bd0df822,RAIN,DAYLIGHT,WET,FAILING TO YIELD RIGHT-OF-WAY,2.0,50.5,2.0,2.0
0f46f95435b13ddcbf5e1a6748498cfe7e70d4ee25ce2978f4ba54c1ea3c41c095fb7e2516a67b87749cf08e8540e87dd11cd1e4ea2697d67dae23409f011a89,CLEAR,DAYLIGHT,DRY,FAILING TO YIELD RIGHT-OF-WAY,2.0,43.5,2.0,2.0
0f46fb04ddca0a26196d7ec9e71321e52156a89ebfb45bca794b98a386e4f1f8d0e2f15bfebf9448134b0b065674d6834f2e26c0b04953abbca5569fd47d6c38,CLEAR,DAYLIGHT,DRY,FAILING TO YIELD RIGHT-OF-WAY,1.0,59.666666666666664,3.0,3.0
0f47120deb62229dec06f91233798f358fbdebd9e32dee6b901a14c190f275dba735622677992239a940d061b2372d978f7e29d55da06104d2f833a983b72693,CLEAR,DAYLIGHT,DRY,IMPROPER BACKING,2.0,30.0,1.0,1.0
0f4716e0cc0c184e8663c7dae189fa37c414ad35174b07683ac13f355ba29bcc283520dfcbba89ec8a840774784fba99e6ea19fca74bb53d5b56978ed13b1cff,CLEAR,DAYLIGHT,DRY,DISREGARDING TRAFFIC SIGNALS,2.0,71.0,2.0,2.0
0f471e86ff09295afa7a2d42716b6cc191f8ba506ae860a99adfda21c10aaf9abcb0a66187631ac9116e77f67ff2bcbc0703f010e822ed00d0dc62f2669b2469,CLEAR,DAYLIGHT,DRY,FAILING TO YIELD RIGHT-OF-WAY,2.0,45.5,2.0,2.0
0f4775118b31b28daec4c7b92d140e21b7432f538898dabd2b3dc96463f136dab66900be0e9a217fcd5a7b0b248e6a53f2b45a5e11d607738d406761cc4bbc0c,CLEAR,DAYLIGHT,DRY,FOLLOWING TOO CLOSELY,2.0,19.75,6.0,6.0
0f478f98b53961a211b638716d2c452bea8d677283cec549dc4b2d30499dc491770eab96527787cb8d88647bfe3a63b563bc014a641fd7ab8adaf6c1661ef3e8,CLEAR,"DARKNESS, LIGHTED ROAD",DRY,IMPROPER TURNING/NO SIGNAL,2.0,27.0,2.0,2.0
0f47cb5e914cf83847b3ccbfaba2933bf8fd03c18f2ab3a1e53282fa26201afb8c249e1cec851581f2d465d688c3a61940a5bcb2b0f87e747eec862aed7069f0,CLEAR,DAYLIGHT,SNOW OR SLUSH,IMPROPER LANE USAGE,2.0,22.0,2.0,2.0
0f47d4d3118de83e9e46a4ff5668f12f517dc91e1ddb6bfffa465d49c36e9fc22cfd26263273bbbaae2cd5f7aee325474bfdb55e79292cdb15159f9ec95a11fb,CLEAR,DARKNESS,DRY,FAILING TO REDUCE SPEED TO AVOID CRASH,1.0,37.5,2.0,2.0
0f4815883c159345d11b4cc6208a37aee566eee8fd6425350512c3263d06c2e7565c42a302ec95476f4fde3f9127378352ef5072a495496d1f667b26a2745cd7,CLEAR,DAYLIGHT,SNOW OR SLUSH,FAILING TO YIELD RIGHT-OF-WAY,2.0,26.0,3.0,3.0
0f4820a64de9cc01267a94a8bbc915fd6e1d296e2aca15f3394468626da6ccd17b10e5f9c7213f0f7b62277f67dd0d0b2ca51d897607749f3195f54c7d6f976c,CLEAR,DAYLIGHT,DRY,FOLLOWING TOO CLOSELY,2.0,42.0,1.0,1.0
0f482ae9fdff7d59b9e06fcc837db6ca16b49372dd8acd31cc2ded6939092bef125cdaa2c6cf6fcf7cc585dba3a8439c56e2429b1e142b68863ce3398cda130a,CLEAR,DARKNESS,DRY,DISREGARDING STOP SIGN,2.0,32.0,2.0,2.0
0f483c2fdebbfc9f3936dc66587d4004611193768e7e8e2349d35c20ed10797ef89b106d7ed0d466926470510893fe9f7cc5864ffe9c90e52438f326e92e82a1,CLEAR,DAYLIGHT,DRY,IMPROPER TURNING/NO SIGNAL,2.0,43.2,5.0,5.0
0f4848bea738251b1f084c0cf4e6a9af012abadbdf7c5a7e1b3e7c848e102872c9f43c45410ad685fb5722c5076c06b682c25a2904c0a4b75cdf5df0796aa5d9,CLEAR,"DARKNESS, LIGHTED ROAD",DRY,FOLLOWING TOO CLOSELY,2.0,62.0,2.0,2.0
0f4854aaaa287d60d3f5c34f296e5a96480c046d3c5c5f8958a6a3864ac00cff3eb923cf73218143243883b6969a6c3dbcfe64229ecb64c47c8fab7cdf70c687,CLEAR,DAYLIGHT,DRY,FAILING TO YIELD RIGHT-OF-WAY,2.0,48.5,2.0,2.0
0f485a36d9ed81b729b3dc529723d1221b87fc555f688a2e8ee25e1ae6d10d369f6d847277c5982c971347c77e960f5e78aeb0b20a24887cec1d959f816cf0db,RAIN,DAYLIGHT,WET,FOLLOWING TOO CLOSELY,2.0,37.5,2.0,2.0
0f486a071a1166a4777fa4c4b4eb207086eff2f9d4a6bd9e7978edf527e609541f5c31f05b9c843bb1dc6bf318d71364d3566996b2bf2727bb935613769a6118,CLEAR,"DARKNESS, LIGHTED ROAD",DRY,DISREGARDING TRAFFIC SIGNALS,2.0,29.0,3.0,3.0
0f489d8ca1956bad49104edfcca6aae33ed6f1f9bafe3cb2d0061ba94dd3809f0c400dffbf365fc824e9979c400fea292f9afa550a2fb0e87cbd4885e4f1a1ff,CLEAR,"DARKNESS, LIGHTED ROAD",DRY,DISREGARDING TRAFFIC SIGNALS,2.0,23.666666666666668,4.0,4.0
0f48aecb4bbf84ea149fc8a524907c3e6d26d86e04055081eef5e2fed6624a9350f9d880dc82a1422dc2ddf1601a339d7c773c1a5c52bdc24dc28111096e5972,CLEAR,"DARKNESS, LIGHTED ROAD",UNKNOWN,EQUIPMENT - VEHICLE CONDITION,4.0,18.0,1.0,1.0
0f48afa3529351f59d856591b751f3b7534f99879ca43a81c7bca6eb4c8828fc25ac4adee3cdfaac8b0b8432c8c2f3a0728b18d87c50b78085aa5fe00e55d0ef,CLEAR,"DARKNESS, LIGHTED ROAD",DRY,IMPROPER LANE USAGE,2.0,31.0,2.0,2.0
0f48be00ca4c9dbeb1d4c02caf88308ddf37611566ff3fdd29bb323a682eccf5ad7a5e90688e735209c434d6be1c9c215a3a783cc16f3818093fd65ea44e3573,CLEAR,DAYLIGHT,WET,FAILING TO YIELD RIGHT-OF-WAY,2.0,61.5,2.0,2.0
0f48c76aa201b790b11976068a30ff9d8234d9fc1c265bacabc9994fe93eefc222ddb824bd36a582f31c3ec05fd37c55c99e51333a6e15a06f539b5053d02c3a,CLOUDY/OVERCAST,DAYLIGHT,WET,IMPROPER LANE USAGE,2.0,37.5,2.0,2.0
0f4905f3afe3213f1922763d5efc37784fd60f55dfdc956e893dd3dde607bfc94220acf897ab9d1623fcc9fe6aa74a52b01ce644f49a9eae630ac0b83ab4bce1,CLEAR,DAYLIGHT,DRY,IMPROPER LANE USAGE,2.0,57.5,2.0,2.0
0f492185e668aec4641d7d448cff58a39b4e1c56e5dcb952226ddab13287f83acdaf7822ac474164b550df0f3aea571431fa265b17ba9ef3c9850a7eb9809090,CLEAR,"DARKNESS, LIGHTED ROAD",DRY,FAILING TO REDUCE SPEED TO AVOID CRASH,2.0,47.0,2.0,2.0
0f492a56f5551d7224aefc55fd1409dbf40545d4cb00590308051c6f45d2758608cd02a3219445751368c4eaccf329f569dab282d9d563ae110776b1ea89c960,CLEAR,DAYLIGHT,DRY,IMPROPER LANE USAGE,2.0,41.0,2.0,2.0
0f492f18d99e6110b1a847355d760dc00aa34405629eab7e3299d4024b7d304c04fa553d4841b3e29f64cc3cc5d5be0bace31e314f733eb02aa11c681c74b6e5,CLEAR,"DARKNESS, LIGHTED ROAD",DRY,ROAD ENGINEERING/SURFACE/MARKING DEFECTS,1.0,59.0,1.0,1.0
0f4933b3e37f3beaa49596118ddf6a1d49f68311a105888147a8ebf0da179f5321722ee745cb13b30a3512d6898c141fb32bf7778b6b0c65700fbb2b67d6a826,CLEAR,DAYLIGHT,DRY,IMPROPER LANE USAGE,2.0,37.5,2.0,2.0
0f49b6c5c23a3a6041ae0adca7fa3c41116a6025df23d6e99cc07b671934c8dc94fe282ffd7decfa0571c566a0a81edf7cb8f493db67ff92315306b2b335b834,CLOUDY/OVERCAST,DAYLIGHT,WET,FAILING TO REDUCE SPEED TO AVOID CRASH,2.0,46.0,1.0,1.0
0f4a00ddb63efe797d68e5c8545efdfe93b1dc9cd3436651e717c7f9a6313b1397b9b3a9c64137c8f71d1542933845ded88ea7462bb4c39d42626c6be04605b4,CLEAR,DAYLIGHT,DRY,"EVASIVE ACTION DUE TO ANIMAL, OBJECT, NONMOTORIST",2.0,45.666666666666664,3.0,3.0
0f4a2d4c436769aa5ed93e79da247c3b128736777a2ef5ca5a2031e8dd81df06c6190022e34918a16fa48ec26ca2ac81525fff221b885dcc06ad7b8caabc7bdf,CLEAR,DAYLIGHT,DRY,FAILING TO YIELD RIGHT-OF-WAY,1.0,37.5,3.0,3.0
0f4a2efbf7ab81c0b25686eee9328d8176e8c20d555b53d7d1c719f288d6bc9f0c5311864148e560d62516888cd0e40d63f259626b80ae836bba4604e6089b72,CLEAR,DUSK,DRY,IMPROPER LANE USAGE,2.0,51.0,2.0,2.0
0f4a345e52db02bcb1650f8ddc3fb7f8053afc02e500246c17fc7bc58ed5d7f29432d0979d8cccccdf6602a27b726a013f011d2deff87c4e33b393e37a977396,CLEAR,DAYLIGHT,DRY,FAILING TO REDUCE SPEED TO AVOID CRASH,3.0,44.5,3.0,3.0
0f4a53bf509d0665dec0d877f87ed6fcfa29f9c994238cb948edb457bde62e0d28f896531104d3022cafc2dbc2b62f8da68ab646441d84986cec996394307899,CLEAR,UNKNOWN,DRY,FOLLOWING TOO CLOSELY,2.0,37.5,1.0,1.0
0f4a5d3a5a403fb38d6c38b92e027ce6a8ddd28730ae37944c4577f269065583ab5ae962f06964a39c060316a874475c70b2bcdcd27224a2fa4fd09663df5e3c,CLEAR,DAYLIGHT,DRY,FAILING TO YIELD RIGHT-OF-WAY,2.0,44.0,2.0,2.0
0f4a6f2800683dee2522563e42e8fc696fa9d6bb2d9670ceed91f569f668ec80e0172ff57663f407d478185971c4e01c12d04c13e65e327f73303f873d07bb4c,CLEAR,DAYLIGHT,DRY,IMPROPER LANE USAGE,2.0,43.5,2.0,2.0
0f4b026de630eb009cd8d91961ceee0d7b8bfafee6d0169e20eb5c45518ee2d8f5d3ab29072d4718c9d8fb2875d04362385391b1dd1d6c459797126d8ddd2f94,CLEAR,"DARKNESS, LIGHTED ROAD",DRY,DRIVING ON WRONG SIDE/WRONG WAY,1.0,37.5,3.0,3.0
0f4b29995bb2971ea661b16b6bf662ec5c86b4f6d573fc0e2a58ca5d395eaf38cd70b5320fad1caeeb5ce9b7b7654ae783f5b752e8dcd1934123468606a19ca6,CLEAR,DARKNESS,UNKNOWN,FOLLOWING TOO CLOSELY,2.0,27.0,2.0,2.0
0f4b9b8ea41d739f004d7eb13def9187bfd1d4e593cd255f57f2edd37359fe3eb1ceb3b86a623929aab63b6a73ee1a0037d2ff8d58e34c93a2c4e37a63964f95,SNOW,DAYLIGHT,SNOW OR SLUSH,EXCEEDING SAFE SPEED FOR CONDITIONS,2.0,44.0,2.0,2.0
0f4ba0246fc7b90ebd8c6bf3732411b7af6d102f08de4acac0253c7d44292311209cb88c7ab6ee799ca3958e98b4c3d441c659c1b159224e0b7e6e20dba68ac5,CLEAR,"DARKNESS, LIGHTED ROAD",DRY,"OPERATING VEHICLE IN ERRATIC, RECKLESS, CARELESS, NEGLIGENT OR AGGRESSIVE MANNER",2.0,26.5,2.0,2.0
0f4ba5557d04a38ce55bd134d952b091d3a5b4de8ce9e0f284e0230fdbd8f4429b033eafd6d55a3959c3dc57ef376976556b47e5acd77edf382a503a18ee1050,CLEAR,"DARKNESS, LIGHTED ROAD",DRY,IMPROPER BACKING,2.0,35.0,2.0,2.0
0f4bd0b06dd57ab60a97760aad3e8182a72accba645056f3d9dcc0026e3ebb5140f1dea204409c4611e286fc7fb6d9429977ff8e8e693b7fa23ae1343d859d1a,RAIN,DAYLIGHT,WET,FOLLOWING TOO CLOSELY,2.0,31.0,3.0,3.0
0f4be1d2ede2a7de601b0df885d115bf5dc75a596342bc77521124a54dd75366919fee47af908ddcb3447d81bd4928e2468742d0f49559d0283b62fc4d3e8b82,CLEAR,DAYLIGHT,DRY,DRIVING SKILLS/KNOWLEDGE/EXPERIENCE,1.0,24.0,1.0,1.0
0f4bf53cdb277fe70d2d2e6d372ea53912f434df8e1d89b22149a4c90c820d7cfd82baa2e68c73bc82efd5f0bc7359858761c9d223658e0116379945cba47403,CLEAR,DARKNESS,WET,DISREGARDING TRAFFIC SIGNALS,2.0,59.5,2.0,2.0
0f4c04380f1c40732b921e4ba0f746e454f3b49b6e42dec31201ca6eb84a2e984833547176587f17a88f5970971dad1ce920278c157a2dc7ab66cbf9eb85423b,CLEAR,DAYLIGHT,DRY,FOLLOWING TOO CLOSELY,2.0,47.0,5.0,5.0
0f4c0bfb6efc0c3f6e1ab5b0f5fffee74ba2445eac44f2fcf77e9b7c02acbb63ac1e9ed2bd384f8c5836e4d5716c2f6872cbbebbb563e6c1d615bf18e6db40fb,CLEAR,DAYLIGHT,DRY,FAILING TO YIELD RIGHT-OF-WAY,2.0,39.5,2.0,2.0
0f4c251837f063af80169483662d1270a9df81ab6dc32bb95b20ad793dd88b93d74afc3a24f8aaf67c1e596388d3b6e9485546c1c2a6a987cce01a0aa7c9f0e4,CLEAR,"DARKNESS, LIGHTED ROAD",DRY,DRIVING SKILLS/KNOWLEDGE/EXPERIENCE,1.0,45.0,1.0,1.0
0f4c335d7c065fcf41f3971bd88c47c0092b67299e384363319bfa8d62a13bbc228fc3df9f888a1662dcb126f4a255476004c9bf4014dec65c2b8d436af07781,CLEAR,DARKNESS,DRY,FAILING TO REDUCE SPEED TO AVOID CRASH,2.0,49.666666666666664,3.0,3.0
0f4c4bbb75981bca587d71e4b569e80de64ca542dadad76fe25c623ebb1c06b4a252e27b01b00a95d7dac6d6f332457839fcb570bf00bd7753294d875d84280e,CLEAR,DAWN,DRY,IMPROPER OVERTAKING/PASSING,2.0,35.666666666666664,3.0,3.0
0f4c506073f6bdb53a4364e2fe67d45025a06c2104d39d6ec7d052df32708354dd7301825ebc35d07b307b64f358c486dad85b0751b3f2a39f40e6c0c24192af,CLEAR,"DARKNESS, LIGHTED ROAD",DRY,IMPROPER OVERTAKING/PASSING,2.0,52.0,2.0,2.0
0f4c693422b1e91b59371de0a2e0d7c3dd73f58a5ae5d270fd9050469b32a39a0642c139b6af9d4aa50963a83f79c510e4a2de2780aefc52b73f3d768356f604,CLEAR,DAYLIGHT,DRY,EQUIPMENT - VEHICLE CONDITION,1.0,49.0,1.0,1.0