crash_record_id,weather_condition,lighting_condition,roadway_surface_cond,prim_contributory_cause,total_vehicles,avg_driver_age,total_people,total_injured
0f4c89de3977fa48045d2cb0742e34eaaa1d387d6978211e28a937dfe263b1fdca164138d93f9eb977360bf2762ecfc31834f09aea64ef88fbf9b41694eb850e,CLOUDY/OVERCAST,DAYLIGHT,DRY,IMPROPER BACKING,1.0,28.0,1.0,1.0
0f4c9690d17fbefcaa7ac058de52dc6ad5459720ebea1bf482689abcc76117d0489cdb9622b907b5ac5c1ee5891d9220c7ae6e457ec137395376557ecd4857d1,RAIN,"DARKNESS, LIGHTED ROAD",WET,IMPROPER OVERTAKING/PASSING,2.0,54.0,2.0,2.0
0f4caafac4a20902429494a8599d30ca41a7d7149b18bed7ce6ca768da2239aa19827b676b38203a0d7db6f92cc5a17fd7869c31e2689a77efeb455440e9d9db,CLEAR,DAYLIGHT,DRY,ROAD CONSTRUCTION/MAINTENANCE,2.0,33.0,2.0,2.0
0f4d0006461c71c19bdbfe53084fd4e3bf32745e1a9a25ee9d928d332980bc366095262f2309db9e362368b64fc382c90692f023af9f40cdf3d1d3779b4dad85,CLEAR,DAWN,WET,UNDER THE INFLUENCE OF ALCOHOL/DRUGS (USE WHEN ARREST IS EFFECTED),2.0,30.6,5.0,5.0
0f4d2b06717c952a32915d6da927f54af13bdcf77552e9afdaf7793acbc2fc41a8c7b10d2a1ccce3e3279e66790c670c2ef8673881809a5b7fcc92d5685961c0,CLEAR,"DARKNESS, LIGHTED ROAD",DRY,FAILING TO YIELD RIGHT-OF-WAY,2.0,34.666666666666664,6.0,6.0
0f4d304ff7c9c7217f47fc67cefa267098cffc33f98a053afe4df88608280ccbfa093864e8089816a79117f06db10b2dcf69fe280324cb43ed1bb9deec67113e,RAIN,DAYLIGHT,WET,FAILING TO YIELD RIGHT-OF-WAY,3.0,48.0,3.0,3.0
0f4d3e4796092ed6c7889b445dfa7a9aed947d3310a0f7868bc2842144fd3732d3f7530f5ee846d9b41e1d632d30556401f70fd21e667af09b3da34a8ac17618,CLEAR,DAYLIGHT,DRY,FOLLOWING TOO CLOSELY,2.0,66.0,2.0,2.0
0f4d6e2180e69cc498c31ebfd76c67888e1f68d8a57cb6f23e9ea602698663886fb4004b432d6066d981009261eb6356bb954c5c6a8ccb896726863f8283d414,CLEAR,DAYLIGHT,DRY,IMPROPER OVERTAKING/PASSING,2.0,47.0,2.0,2.0
0f4d7f9af97d2a3eb1b2485a1ed4902f35358cbc1d7b8050cab4edc6345bc10e31913282aa061c85fd539a63f665a67864b67d4af753ad103e73e5553c83c5e2,CLEAR,"DARKNESS, LIGHTED ROAD",DRY,ANIMAL,1.0,51.0,2.0,2.0
0f4da698ace5d980f98890529c540c82943f3d7f0a08ba2fd2a8c72aa2aa711d374360684a891b60e1ab42403595d7ac5de1af5ab46a66fac3d448e5b7ee5566,SNOW,DAYLIGHT,SNOW OR SLUSH,WEATHER,2.0,61.0,1.0,1.0
0f4daa4a62ef97f5f64f33dad216de7f5bbfcf3b12ece8620fe481f3e66707f29d3d40a71ed78ca01a8b0a6f8cad81b6db0442a02bc4f2a86d7bedee675c5990,CLEAR,DAYLIGHT,SNOW OR SLUSH,FOLLOWING TOO CLOSELY,2.0,36.0,2.0,2.0
0f4db4af1afb694097089ed62481603ff298c19234b527ce3b728571e77c214a4ec6c6c8c19639d1db8d221e225ebef629b5e1d7d1f8f8fda9edd7e78b71d6dc,CLEAR,DAYLIGHT,DRY,FAILING TO REDUCE SPEED TO AVOID CRASH,3.0,35.0,4.0,4.0
0f4dc188d2e800d86d617733156968da782611929f4106e2b000f4e5b83d04abf739997686f1495d09b5e4461f58a871e3aef2911b9ca6237919bf970f240260,CLEAR,DAYLIGHT,DRY,FAILING TO YIELD RIGHT-OF-WAY,2.0,36.0,2.0,2.0
0f4df58290ab9e28244ebd9768abbdc090280639c3d4bc5f7f2e545c99b12fb6324e68b9080fdd7b1d1c35909e54fafbb9cc1c06f4a007f37261382068acccd7,CLEAR,DAYLIGHT,DRY,DISREGARDING TRAFFIC SIGNALS,2.0,63.5,2.0,2.0
0f4dfde41b12711154cfed2ef0d71c264f99a1af456c5188bf9449ee57a71c844160ae84aa15eb67f9a4525af2c4fd70cbcaf2377eebbce14062120c33ecb147,CLEAR,DAYLIGHT,DRY,FAILING TO YIELD RIGHT-OF-WAY,2.0,20.333333333333332,3.0,3.0
0f4e0b9b29c547baadadbc65d5773517bde8d6da6be5d5576fdb13ab264ea82b083496f3e69e75f655ce95c4aaa84208323eb08fbd394a01e6e6e3efebc3ad51,CLEAR,"DARKNESS, LIGHTED ROAD",DRY,FAILING TO REDUCE SPEED TO AVOID CRASH,3.0,43.0,3.0,3.0
0f4e1cad603bc80e22645061251a0c2072a89fd38e29323a293f2a780dfce78a09cb2f0c6e7ab56d2e8e6f0e062fc2328162f9270acf48ee7a28f0f91188e72d,CLEAR,"DARKNESS, LIGHTED ROAD",DRY,DISTRACTION - FROM INSIDE VEHICLE,2.0,37.5,1.0,1.0
0f4e2d34b99df44b11a78780a787d068fff7b15de217355b32d1074d5fd0ef2314c1906e4553d0e594eaf9a2c5b0db69786ec9900a64939119ca4147e1bc9bb1,CLEAR,DAYLIGHT,WET,FAILING TO YIELD RIGHT-OF-WAY,1.0,38.0,2.0,2.0
0f4e51656b52ade14fd55bab2774a86ac8d8b1b6da3621972527339edaa84a44374ee6bf82c9de1aabf6042de81629e87acfd640cb886550fb842893e6bf046d,CLEAR,DAYLIGHT,DRY,IMPROPER OVERTAKING/PASSING,2.0,41.666666666666664,3.0,3.0
0f4e53943ef55440759f8d3353aee0331fe24cf96f266e2bfb8e2c5df0db1e56e216cc6bd3609849325e38098c25b5b46740219a4a64f7649f5104d7d1e9a4a9,CLEAR,DAYLIGHT,DRY,FAILING TO YIELD RIGHT-OF-WAY,2.0,33.0,2.0,2.0
0f4e5c95d301d5f5999929e294ba903e883c523b6d9f6185bb04efd253f338b0ca0601437547936980c94c96d5aa4f0e74f0a06772d03663a1ade6bbab56340f,CLEAR,DAYLIGHT,DRY,FAILING TO YIELD RIGHT-OF-WAY,2.0,25.75,4.0,4.0
0f4e5fbcd0997ca483bb8829260f959c9afad3067d34bffdebecd7a0493ca0ff99b9ab8891fe130bdb0b3ae6d9e4fc12357fc6561ff72ae6139fead57663d39e,CLEAR,DAYLIGHT,DRY,IMPROPER BACKING,2.0,36.5,5.0,5.0
0f4ec1d3f4215ee5e427de4a766ad05cfed54aae959f1d327da98d57fe161619df7dae048049208d3fb21ac525df8fc87ddea05b8fd439a1aca5ebc291603bca,CLEAR,DAYLIGHT,DRY,IMPROPER BACKING,2.0,24.5,2.0,2.0
0f4eed961f8dc6d2fdb56b0a42284ac02b3d45ff5fd0470f92abba9ce630fb16b0bc940fb13d2edf3c3146d99e2ea0bf03f530b89f0342b9579a44cfbd86a692,CLEAR,DAYLIGHT,UNKNOWN,IMPROPER OVERTAKING/PASSING,2.0,74.0,2.0,2.0
0f4f06cfae79f03d5c527fe1702b873ce179fa9ca9ce7674d782220058d423ece5869cdd8e5969f35ddf1f57963820eae66f0264c2a3b2026fe7e5f42f2b55bb,CLEAR,DAYLIGHT,DRY,FAILING TO YIELD RIGHT-OF-WAY,3.0,40.0,4.0,4.0
0f4f0f1556570e3c440f0df869ff0351ee5c341a10a9559383d2c533a63a62cea86a824348ccb0365d4d2c46759dec948259454e41f8978209429400939a3551,CLEAR,DAYLIGHT,DRY,DRIVING SKILLS/KNOWLEDGE/EXPERIENCE,1.0,37.0,1.0,1.0
0f4f11edbc9e03fb17d8b42c803f57d0c749c837cb062ada08f5948a6643641d7f974858b90949cf97dd2a6a4e69586196b175c118125ce3008c3f769bab6e10,CLEAR,DAYLIGHT,DRY,FAILING TO YIELD RIGHT-OF-WAY,2.0,60.0,2.0,2.0
0f4f57609cf4be8ba3793a011b8658ef99bbf7150e7400aa24cdcf6f7a13db0a7d4efbffeab9f6d93729485200221788037dbd3452830c19eb8b433c09504add,CLEAR,DUSK,DRY,IMPROPER LANE USAGE,2.0,45.0,2.0,2.0
0f4f5f54c38641915701ab60cbfa13a22ecb99df13821b9cfaf4ab80bbea78d98c4c36fa21021ad919ab8203934930a1a166838710177c2637f5ed0d16c29590,CLEAR,DAYLIGHT,DRY,DRIVING SKILLS/KNOWLEDGE/EXPERIENCE,2.0,53.0,2.0,2.0
0f4f986590d28231074ca7914f05593154e08851a173f509dc96d9604af6152925393ca87d24c9f48bf1d2feab9eb64e3e54639c3b49fd602259a255c344bbb1,CLEAR,"DARKNESS, LIGHTED ROAD",DRY,FOLLOWING TOO CLOSELY,2.0,20.0,2.0,2.0
0f4fa781fd37eb5d8d18871974b4a937f66371cc6c09569ea0947c3e6d6967588ff5d1b1da019c944bfabd2f532c75f598bda7bee5c95ca9559dcfb02ae6f2f0,RAIN,DAYLIGHT,WET,IMPROPER LANE USAGE,2.0,13.0,2.0,2.0
0f4fc29bcc6e699c3cce597b589d91c37d5bd2664b11a700582cf61936c0e7324da9e81e5c457c2895188ed6b91fe6c4b1bfcb54e6e25e6f5f7cb52c099c1054,CLEAR,DAYLIGHT,DRY,IMPROPER TURNING/NO SIGNAL,2.0,40.0,1.0,1.0
0f4ffba4b1386d4d07c7de792797fd552dfbd09ee1dc2b445480f93e2d8d611e5db87bfa936bca5a91958fab72ecb306a5a4739414b220fbee274837a0566d9b,CLOUDY/OVERCAST,DAYLIGHT,WET,FAILING TO YIELD RIGHT-OF-WAY,2.0,40.5,2.0,2.0
0f501207cb4eef4759076838a7bdf3a9469b62808fa01b9f7cf22ac1c09752ba2d6102829661526d0c4f1c6b93deab6b402e949739b57144ce5d68880a913682,CLEAR,DAYLIGHT,DRY,FAILING TO YIELD RIGHT-OF-WAY,2.0,28.0,2.0,2.0
0f5023ae21b8abd7b83dcae905aa87c9528adcf5d9a9ce65238f954fd5baf97b3394679a0658f81d71a5e1a2f89d5b5b68dc466acfa0779173e286f2e24d3933,CLEAR,DAYLIGHT,DRY,FAILING TO YIELD RIGHT-OF-WAY,2.0,32.0,2.0,2.0
0f502c54c0c832c37c12baa9b13bd9548b78b2497365a625266312954e5c0ae7e52689434db1ad899d23da6b4adbfe07908c357650d512a8a682c790d480e033,CLEAR,DAYLIGHT,DRY,IMPROPER TURNING/NO SIGNAL,2.0,26.0,1.0,1.0
0f502ed26c0378f42e50b605ed50e8143163fc4c2a3449558052bc9c554f52bdd3c24b1c5a102c4c3d05c0d13ebc3efc233d0f95c11fe5377f62649b1199cbff,CLOUDY/OVERCAST,DAYLIGHT,WET,IMPROPER TURNING/NO SIGNAL,2.0,26.5,2.0,2.0
0f5089e5ef1a8aaa85ac228d065d306da02eafbeff059b52675ec5666a01a6bf1023dae51c9baab21c5287d65b1571c9b834166e8e6a065d652c6669925c7e6b,CLEAR,DAYLIGHT,DRY,FAILING TO REDUCE SPEED TO AVOID CRASH,2.0,35.0,2.0,2.0
0f5091d7d863eb6c0f7ad0ff22c89b34ad2c2a9c9b79dda9de0ed6ad31d945741fc0604753a4342821a6244eeb8abe3917e7ed34305903a737e2818896d52cb7,RAIN,"DARKNESS, LIGHTED ROAD",WET,DRIVING ON WRONG SIDE/WRONG WAY,5.0,37.5,1.0,1.0
0f50b147e6c63a97020c45b256589d80a182e93316936a223507a5f60903cd2e934976251ccb82daed0ce6a645c017383dbbd04615046eaf01eed23802d23502,CLEAR,DAYLIGHT,DRY,IMPROPER TURNING/NO SIGNAL,2.0,58.0,1.0,1.0
0f50e46bbf856fb3e412c0e33ef2515db6f3962e676c51941850f9faf3070accb71137fed2ff8f12b02cb5cf1017c36ba450452810c8713164b5aa0ac22affc9,RAIN,DARKNESS,WET,FOLLOWING TOO CLOSELY,2.0,41.5,2.0,2.0
0f50ed31140ba1f60924b0537d8d7de4e1647037aa518ee7c6151460051d18c21aaa6cc69f4609f93e12c8159fa83da5f732bc6be73e1936611c6afd54e2461a,CLEAR,DAYLIGHT,DRY,FOLLOWING TOO CLOSELY,2.0,35.333333333333336,3.0,3.0
0f510fa047de0732c969be1451b1e49bb11123822ea20de45892f31f36f5684e0ba63478e260f3a74f45c008d95d7559c49ce0f0bfb56fa4ed7a8691e534fb24,CLEAR,DAYLIGHT,UNKNOWN,FAILING TO YIELD RIGHT-OF-WAY,2.0,37.0,2.0,2.0
0f51543680d8f653cd3163b9fc4665eda5f78eb5c387576e28f94e92f19c20b6762f2b46a459362956c10fec252f3233400e4776e025d86fd5538945e376bbbc,CLEAR,"DARKNESS, LIGHTED ROAD",DRY,DISREGARDING TRAFFIC SIGNALS,2.0,46.0,3.0,3.0
0f52036eaf74227d82a492a10aa5b7397d140f0a92784203e7a856222966e0defd45f765a5a36e2ede82b8510e2f5dbf2ce95faa7e9a02656b9bd67e117faa48,CLEAR,DAYLIGHT,DRY,FAILING TO REDUCE SPEED TO AVOID CRASH,2.0,27.0,2.0,2.0
0f5205f972383768affa62c9518764ecee1733cce65a79608d9f309f06bfe6383777f15f8d4b74b4b254677b7e35006afe310cb9f662bf0e820078dedaaae489,RAIN,DAYLIGHT,WET,FOLLOWING TOO CLOSELY,3.0,33.4,5.0,5.0
0f52189049b4b9bc671ad6c1a2dc59febc6b8e14f87c01927dd4587ae7ace80c7f2957e7e9f47cf04dc0110d8ba36b1f1acd2cbb4071e2b8a3e769965dc2c0a6,SNOW,"DARKNESS, LIGHTED ROAD",SNOW OR SLUSH,FAILING TO YIELD RIGHT-OF-WAY,2.0,29.0,2.0,2.0
0f521b76865396c7d2856c26f87747a99f6e9eb4437598337f1c0ad050b80329461c248adeedd83f8ebfdd999e1ca75e33ffaacf48388eb91f245f9036f0d3cb,CLEAR,"DARKNESS, LIGHTED ROAD",DRY,DRIVING ON WRONG SIDE/WRONG WAY,3.0,23.0,2.0,2.0
0f52440b3d47f44616d82191de89c68ce25d8da5f972d6cf676e946be119cb3bafdff41c58968acfdc2bc21a84c17d414601b92e88615cbe13ae50cd418ddb1c,CLEAR,DAYLIGHT,WET,DRIVING SKILLS/KNOWLEDGE/EXPERIENCE,2.0,47.0,2.0,2.0
0f5253fc7b34ed80bf7f4718bd0dc49e31d87c34cbc37eb6c0040c432ba132e9972800c33f539eccafe71353d6c6601f58afcafc9fdb99c86e637615f4f33abb,CLEAR,DAYLIGHT,DRY,IMPROPER BACKING,2.0,71.0,2.0,2.0
0f525473f06cd6259406cfac3781de0d12a3e4676e34e12d06abd4e3776cc994d35010250202b711d110ff5e04c3e5ed5dce30e78e9ba9d0a0130e128189e657,CLEAR,DUSK,DRY,DISREGARDING STOP SIGN,1.0,9.0,2.0,2.0
0f5256d6a6fa11dd010eb84cc404ffc0b07564c1f3460ac02ee3f680fd9140d0f35f68fa98f6997ff729b25669917f29529d6b11aade3b387bd2e65f46e234ac,CLEAR,DAYLIGHT,DRY,IMPROPER LANE USAGE,2.0,46.5,2.0,2.0
0f52a508970063b1b40a66e28d44abb972d730fb729061d0e7e733e75cc0ace651a7ff9ed25abe1a3f440fda2f7fae247cfad662dfd3ca97d28bb67d33d36047,CLEAR,"DARKNESS, LIGHTED ROAD",DRY,FOLLOWING TOO CLOSELY,2.0,23.333333333333332,3.0,3.0
0f52c8432afeb905d3791e73ac07b714e725af362f0a872aa7dbe59536efc78750516963b89d1bfa8ea27da91897932aebca26253023e1fd23d757e14e0a5a4e,CLEAR,DAYLIGHT,DRY,CELL PHONE USE OTHER THAN TEXTING,2.0,50.0,2.0,2.0
0f52c95ee88a5391c189da0351c786e719a26c04cb49248c3a98967a021d6243670600ac60b81dd3b34c7087756bae6f0358f0cdc1a4453651ada342d0e289d4,CLEAR,DAYLIGHT,DRY,DRIVING SKILLS/KNOWLEDGE/EXPERIENCE,2.0,46.0,1.0,1.0
0f52d9a7f9db15f6eb593e82c961f4bde329512563dab45f66e9e62a39bd17ba9ba67cda8c646e5b82908e5db97669cd111e180ac8468547134f0c61a3373937,CLEAR,DAYLIGHT,DRY,"VISION OBSCURED (SIGNS, TREE LIMBS, BUILDINGS, ETC.)",2.0,30.0,2.0,2.0
0f52f32a1b95e305a351ade3ff6fd810ea2dd6f7a5c6f3021615104000b4c63ec6a1b0dff9f7c9cf265ecf0dd01a8ec6fdcde1d317038bfc658d33fba28fd902,CLEAR,DARKNESS,DRY,IMPROPER OVERTAKING/PASSING,3.0,35.333333333333336,4.0,4.0
0f52febab7678bc63ddea1743b59301b5f6b9eab223f1bcff7e9f916237c57caf2857ee5a7756b94f9c8f9f75ab45cb55d0b4ad049a9cfd6acacb8590aee1595,CLEAR,DAYLIGHT,DRY,PHYSICAL CONDITION OF DRIVER,3.0,50.0,4.0,4.0
0f533f3de0371b40e5c4b82b6e96240726d59fd34b78fccb8b1e5ed159f2f463a18076f262f048b600deb2a4b46d1c8d9d3f56f9a81a83ef1f07344e85f3bfe9,CLEAR,"DARKNESS, LIGHTED ROAD",WET,IMPROPER TURNING/NO SIGNAL,2.0,16.333333333333332,4.0,4.0
0f539cbeb4135b365cc9600e7ee66a3cc2616f2cd9eeb68f8ccd05a67807a25140a47810dffbb6c24ff5fd97144133bd51ab64331414f1735e8585af66c59713,CLEAR,DUSK,DRY,IMPROPER BACKING,1.0,57.0,3.0,3.0
0f53bab42db02916e63d32d7f2dd7b0d4bb2dcab95e0ea8b2cd3c28fc59d70ebacb8f7147be9b1470e1835ab2f537955b892034c5fc26fabca14fcaec56e1e6c,CLEAR,DAYLIGHT,DRY,"VISION OBSCURED (SIGNS, TREE LIMBS, BUILDINGS, ETC.)",2.0,45.5,2.0,2.0
0f53e492d08bd488dfe008c2374301128cc0938fd588953476eb7faace382775717a0391c425ac9145f2beb866c4125128977345a80233b85f65fd5dafadac3e,RAIN,"DARKNESS, LIGHTED ROAD",WET,FOLLOWING TOO CLOSELY,2.0,43.0,2.0,2.0
0f53fc726dea339aca4c8e579f901aa4b58df7a09efb40632b3398f4b51813acc8d96f2f37972ea5bdaa908bcf564616ba56101214e75b8f1b02a0f818923ac7,CLEAR,DAYLIGHT,DRY,DISREGARDING STOP SIGN,2.0,22.0,2.0,2.0
0f54217ede5a9902a2b2875adb5c711a2e66b6105d86e3ffb1aa905477bca3ab3d63f38135dba97826ad5b46b90d3d8f70d2f6aedc1d2a03f138d9d51f8f8e28,CLEAR,DAYLIGHT,DRY,IMPROPER BACKING,2.0,37.5,1.0,1.0
0f543ee86b8976c1be4aa0ece0944815190fa0dbac1b81b0ced78d36753e2c2269f1003f76c8a11c7840990c31233883c9bfb25e9e64bb13ed2e9de522a37a97,CLEAR,"DARKNESS, LIGHTED ROAD",DRY,DISREGARDING TRAFFIC SIGNALS,2.0,37.0,2.0,2.0
0f544e10919c00825ede44d785d6accc7b4ad691fd819dfc396beb5f830c25846e5db6f2c972ef1dfcc797318d4e463de418667044e7ce2eef58036ab4d60cdb,CLEAR,DAYLIGHT,DRY,IMPROPER TURNING/NO SIGNAL,2.0,13.5,2.0,2.0
0f5455c3ff6d48d90ccd2349d21f9c0b1c11375f5399a39cf57118bb955395bc6439b99982924a9236db8289be3b0fbcde81a51c52d822ff3a58347151b2bb57,BLOWING SNOW,"DARKNESS, LIGHTED ROAD",WET,FAILING TO YIELD RIGHT-OF-WAY,3.0,53.666666666666664,4.0,4.0
0f54641dbd97ed7b84ccbbb1f5af94e7edb3bfc936defe7c3d6c7906e4934360082ec653a6be333e2bfcc2dc95982c776dab7a70aa463851b798c9a81a5ac60f,CLEAR,DAYLIGHT,DRY,FOLLOWING TOO CLOSELY,2.0,30.0,3.0,3.0
0f54684a1124b4ddbcf5562ee6e3dfb8ee00dc95372f813ea5d30b6e4b3f2875e3c0dcb5df9620cd3fa89b696ca60975fa4407ccf1223ac7975c96eb8e0b4368,CLEAR,DAYLIGHT,DRY,FOLLOWING TOO CLOSELY,2.0,27.0,3.0,3.0
0f54bf2d0acc45fcaff8153227a0d8de6b8d4c62ea7ec8f6381eaf74b9fca31f83810d1127f35ef4de5f1fc85de15ac89e0a9a9a1da8e70bb6f64e5b3b3ab712,CLEAR,DARKNESS,UNKNOWN,FOLLOWING TOO CLOSELY,2.0,34.0,2.0,2.0
0f55074adbecd2a3caaf5fac3386e253e5a7db201a94e9443bc80a740de9866936bb19cef3c0f655e71f5adaf6f1d5b550ace60de94b4d7488a97077f81278c4,CLEAR,DAYLIGHT,DRY,IMPROPER OVERTAKING/PASSING,2.0,37.5,1.0,1.0
0f55372ee925aeb547997e7a2095609730a431b662bcb3defc18b089138939bc07d5ce937560314ea7a9706f06b75350e1214d542a0f0fdf6e4542cb6299a7e8,CLEAR,DAYLIGHT,DRY,IMPROPER TURNING/NO SIGNAL,2.0,33.5,2.0,2.0
0f5547434d45e5ff46a775eb6b45d53bee313862e8d9de7c54d4146249c1e9fb21f84c8c5e289b8406ad2ce9400644bb8082722c7b7e81faf9fa09129a38163f,CLEAR,DAYLIGHT,DRY,DRIVING SKILLS/KNOWLEDGE/EXPERIENCE,2.0,38.0,2.0,2.0
0f555b0a9ba9b84c728af5e7dff38d81df926c7c6189817715433657763788432ba10db5d2e78c0116ca3984177c062a35398223239dd3e67d81ed0e62dab216,CLEAR,DAYLIGHT,DRY,IMPROPER TURNING/NO SIGNAL,2.0,50.5,3.0,3.0
0f5586c3d683afb293560f8059bef5f3fe792120699ef675b2ea922e5a6e5e25ed2f3b48daea8bce70a217fafafca5bdfdbb685e35471a9fc25db3d9fe8b3cac,CLEAR,DAYLIGHT,DRY,FAILING TO YIELD RIGHT-OF-WAY,2.0,40.0,2.0,2.0
0f558c2d2737969aa3a6db81f13129c4f555ad0e4b47f54806a55f71669cd4a5adfb296304f9f50eb155e405c670c15587d322c8a0f8f3bc18355ba3ea4eee28,RAIN,"DARKNESS, LIGHTED ROAD",WET,FOLLOWING TOO CLOSELY,2.0,44.0,2.0,2.0
0f559781d4155d3b7c9b155145b36efa64f9d0261ee4c27756e3bb611ba2052f2072897626ba51de973bad76debdf350df98e0a577689b94ae16fdd52d4fa423,SNOW,DAYLIGHT,SNOW OR SLUSH,FAILING TO YIELD RIGHT-OF-WAY,2.0,34.0,2.0,2.0
0f55a653307c39e6c2badfb34668077a947b5d0256c8236b4795b797339921e2b3575c802103ebafad4c45cad137e3a444e59252ed2737db77afde91f60c2f20,CLEAR,"DARKNESS, LIGHTED ROAD",DRY,FOLLOWING TOO CLOSELY,4.0,32.714285714285715,7.0,7.0
0f55a8b76ba3596853e108de4bd37e6b2533526c472a743083430e539544b36dfda53c1a0f88b79a608824bb2d0b7b6ee209b6936207c8793f088e740db13b7a,CLEAR,DAYLIGHT,UNKNOWN,DRIVING SKILLS/KNOWLEDGE/EXPERIENCE,2.0,37.5,1.0,1.0
0f55c9e827732abf979a3990f7b23f31f446f34201bdc9ffb534b1e5fa0a00003d49f548f26bedad481cd88ea94633fadf5b7291bbf7cafdd1acd133f3bb773c,SNOW,DAYLIGHT,SNOW OR SLUSH,IMPROPER OVERTAKING/PASSING,2.0,52.5,2.0,2.0
0f55cd4eda2288d56e13999200ed0e980961ba21d28402c06472943e778037b5fdb0e8d039a2e72db8655547bdb2d86bc5f60b2c6619a520a12db439965f0f55,SNOW,"DARKNESS, LIGHTED ROAD",SNOW OR SLUSH,FOLLOWING TOO CLOSELY,2.0,35.333333333333336,4.0,4.0
0f55dcd6176010e306b74397bf8383bb8264bd18c123cb391e1d695cab3cd67d5b882af4030ade67c655bf7a62a57603b21a52d1849188d3ab2c53799976516f,CLOUDY/OVERCAST,"DARKNESS, LIGHTED ROAD",DRY,EQUIPMENT - VEHICLE CONDITION,1.0,39.0,1.0,1.0
0f55df53239ee256beecbf4976638168ea429216a6f9968233d638e7b45c4c8cd0ebf4329d4ebcc9e47b6c4437b2feffe44fb26d753aa6d42ba1dd93d53f132d,CLEAR,"DARKNESS, LIGHTED ROAD",DRY,DRIVING SKILLS/KNOWLEDGE/EXPERIENCE,2.0,37.5,2.0,2.0
0f55f7cdb22f0eae4d0b0d754a552a10e717733d070bde1d2a52ce9fe9d4516de89ad37fe44d941db3a35248cd1f24f956d288e1a23076e8dd687ad1e612b300,CLOUDY/OVERCAST,DARKNESS,DRY,IMPROPER TURNING/NO SIGNAL,2.0,37.0,2.0,2.0
0f55f7f909c66fb762c25f9b1a6599e5894c25d455df6289ac5c7957727b0b9411833ca54ede5d91b7d9346040a993f9501040020b7e52bd01aee36fdfba002b,CLEAR,"DARKNESS, LIGHTED ROAD",DRY,FAILING TO YIELD RIGHT-OF-WAY,2.0,46.5,2.0,2.0
0f560ba51666aad49a0e0916530d6d4321743a22961e2f8ac74fb4b99329c6b8f95bee8a1f62a566d48d7abb84996b49fd52ec6d42ace9b7cf428c18a3c4db68,RAIN,"DARKNESS, LIGHTED ROAD",WET,FAILING TO YIELD RIGHT-OF-WAY,2.0,29.0,2.0,2.0
0f5633a7dc6c3f455e848151424171e40e6a0a266db3fdc6a050c386263483f4dbada46dbdcbbcf2407cc95a53c60d77cb53584154533d3d9d4b34347f7e8df1,CLEAR,DAYLIGHT,DRY,IMPROPER LANE USAGE,2.0,37.5,2.0,2.0
0f564e67ddca2b1d6d4c8d0f71b740e2ebcd76b98b39f7283aebc2c1e4a81262bbd9e786f02e610b51c32daab421c57d561ecc54dd31249dc32a87a57b3d6c20,CLEAR,DAYLIGHT,DRY,IMPROPER BACKING,2.0,3.0,2.0,2.0
0f565007cea4127f88187de5c64662cbda17cc6cc3ccf78c8bf4704cba08a334204fbf0ccb7ff125a9810af11fabea8fd9df87693f25564ccb6d246bf6e9d87c,CLEAR,DUSK,DRY,FAILING TO YIELD RIGHT-OF-WAY,2.0,47.5,2.0,2.0
0f56658b4cee276fcfc491549c90b9a3ec8c66d7de3ea7a8e3cd99ef458b0fd47fbe36d91d859677e3c7234758cfb0f2587440c0a5859ba599cb9364798add55,CLEAR,DAYLIGHT,DRY,FAILING TO YIELD RIGHT-OF-WAY,2.0,36.5,4.0,4.0
0f5672b7049c15a19a26277153c15db84ea76e0ff42815e96eb052b00a48cf3fa704564b125a83e61aa3d26132fb4d3db9a7b1b1fc65b133c3503b3353d54443,CLEAR,DAYLIGHT,DRY,FAILING TO YIELD RIGHT-OF-WAY,2.0,29.0,5.0,5.0
0f5692eb60e3b54a2493c9fad4401dde206e3574fbdbb051bc8afbf5a6cf51a0932a1d627a6652833e3c2da54dd58cae02858a90f18156853dd193460aa7f9dd,CLEAR,DAYLIGHT,DRY,FOLLOWING TOO CLOSELY,2.0,33.0,2.0,2.0
0f56bbfa19faa50b9ec4258916ac5bb3a64f015865c3a02a0e38b5f43eb8f8e7841584a4b3b22ae2b50139f769bf52614aaeba4092af9177d5584229c9112c3f,CLEAR,DAYLIGHT,DRY,"OPERATING VEHICLE IN ERRATIC, RECKLESS, CARELESS, NEGLIGENT OR AGGRESSIVE MANNER",2.0,37.5,1.0,1.0
0f56c04763297a608166f9c67041e82cec2888557165c840a2dbf9ef4e74cf3be3ed4d55e1547d9bba096e03a601822ac0407dbd89d2885a60b6fbc5e6a0d6fa,FOG/SMOKE/HAZE,DAYLIGHT,DRY,IMPROPER LANE USAGE,2.0,37.5,1.0,1.0
0f56cea082611ad5cdb6a881b2c4ac64435a0b2ff9c54a2c513acee464686d519718ea808b82094d7a3c63b8fc073a9f3a9254040e4d651bb5e65c58a0aa9dce,RAIN,DAYLIGHT,WET,WEATHER,2.0,42.5,2.0,2.0
0f56e1375cb4f2942806b552cf26752dccbcd7adf55e607c8d6b4937ff6f391626558dae9d0bb707f154e0ee802bd0a473c78a2b5999c785de5979853dd1a22c,CLEAR,"DARKNESS, LIGHTED ROAD",DRY,DISREGARDING TRAFFIC SIGNALS,2.0,35.0,2.0,2.0
0f56edf0656630fdc7354db0e5e61dda5562c5f9a478ba33fff8238f2f5dbe66f9549c506068c2f0a6ffd3e4ab1c219ef8fb9aacdfc633e38f242249a4d5ce2a,CLEAR,DAYLIGHT,DRY,FAILING TO REDUCE SPEED TO AVOID CRASH,2.0,56.5,2.0,2.0