crash_record_id,weather_condition,lighting_condition,roadway_surface_cond,prim_contributory_cause,total_vehicles,avg_driver_age,total_people,total_injured
0f5703210f7cd2c99d607ce02c1cfef4badea5cd5bb1a9898d7108103cd1d8644abf103f6ecfcd61764e6b9df21a5bddabd1e9a04faa0abd5f9f305151e7515b,CLEAR,"DARKNESS, LIGHTED ROAD",DRY,EQUIPMENT - VEHICLE CONDITION,2.0,23.5,2.0,2.0
0f570cce31e829c3be169b195aa71154c2a04ad6210158d38b54f9bc78d6c7a5678f418673cca0315902bcd21ef6890f205428fc5c10900045b2001f3aad326d,OTHER,"DARKNESS, LIGHTED ROAD",WET,FAILING TO YIELD RIGHT-OF-WAY,3.0,68.5,2.0,2.0
0f579e8b3e1966b7542275698d96d25198bbd67e30ec213198530ee1a56db7c73332b6b0a759d545313a4882f2b67945c5627ea6d34293c3130dac1085d99637,CLEAR,DAYLIGHT,DRY,FAILING TO YIELD RIGHT-OF-WAY,2.0,44.0,2.0,2.0
0f581f25edc8a8ce866f7abcf4739c8bf153d95939c2f334a3831f5eb2f2a0db56f317f203160795eb629311636617433ec1e80bb46a342c3cfc56080e756bfa,CLEAR,"DARKNESS, LIGHTED ROAD",DRY,FAILING TO REDUCE SPEED TO AVOID CRASH,1.0,65.0,2.0,2.0
0f5857ba5ff564433f20b4acb622ce9580da57377433e03acce59cb7232aa17f81e311131d2a5fee35a0dff7ec71b3da06ac39429937d5be82671d7d2d74afb7,CLEAR,DAYLIGHT,DRY,IMPROPER OVERTAKING/PASSING,2.0,13.0,2.0,2.0
0f5868613729479683708a2d057d5548ab14c1a633db65e9906f1c250d84b8bbaaabc6ea07ea9b0e88f39ff2b8bc9eb132da6c20d21c208940f85d58763cce28,CLEAR,DAYLIGHT,DRY,FOLLOWING TOO CLOSELY,2.0,34.333333333333336,3.0,3.0
0f58704721d4ea26c83f31449c378be164982b14e6d87f23b2ca4f87cefe6a8e2ca96a811cab9f62e15420487e718c06956aa02e7ea9bf0969d79d98aef92fa5,CLEAR,UNKNOWN,SNOW OR SLUSH,FOLLOWING TOO CLOSELY,3.0,37.5,1.0,1.0
0f58aa2a368354cb7c78e3cab5e9ac64edf4c945103a5abe8abc3c6aef1c550a033b3bc9bfb5437a71fade5130a362d84a7ff973751f589a0f71fc2bcf834a5d,CLOUDY/OVERCAST,DAYLIGHT,WET,IMPROPER OVERTAKING/PASSING,2.0,26.0,3.0,3.0
0f58da437071a5fb8d76e0b0d7bbf69711e35cd4e4f4191e3e7954b809245c3562b80e75198073f9fa7ee9619da8fb7ad66d71d1586619fe0e3a550709d39a98,CLEAR,DAYLIGHT,DRY,FOLLOWING TOO CLOSELY,2.0,36.0,2.0,2.0
0f58f92f2d1c4b82ca2076c6150f06bd7f642f94e58a59eb64201880fd7d82c65001754391c4263eb87ea6630af4114ed02a369d9b5579e6d53780570ed9ae3d,CLEAR,"DARKNESS, LIGHTED ROAD",DRY,DISREGARDING TRAFFIC SIGNALS,2.0,34.5,2.0,2.0
0f591a2fa9ecf3664ef3dc592497c0c9dc986a99a967605c9921c779b03c9d43205cc3157f234a11f41b67f19e96c98ce776b9f257dc20c7d305108dfa9eab44,CLEAR,"DARKNESS, LIGHTED ROAD",DRY,IMPROPER OVERTAKING/PASSING,2.0,31.5,2.0,2.0
0f5942ca14a84717a3ae663ab5221f512ec9348517f9faf70aa7a3d20ccf1b27de58860a17bd66112b3693c283e8f8d12b7ce4279e9d3ffe16211ae3d72a4f83,CLEAR,DAYLIGHT,DRY,FAILING TO YIELD RIGHT-OF-WAY,2.0,26.75,4.0,4.0
0f594d6b347384d08092795399d58414c9137aac67bb4884be26cc97da5b80e259dc54d47d48bfdf2e317447c4d5f6210c88d67797425ede4254a31a2e776da8,CLEAR,DAYLIGHT,DRY,DRIVING SKILLS/KNOWLEDGE/EXPERIENCE,2.0,38.0,1.0,1.0
0f594e3254048394b6d65c01dd88953efbd7d006e8313dc37d27617683201bde752be0acb99f270f631c208461143084166b1939dc2a4ffe639bb0c6da245a63,CLEAR,DAYLIGHT,DRY,IMPROPER OVERTAKING/PASSING,2.0,55.0,2.0,2.0
0f594f28c62005fbbe90c92d8697961e3a7b22e65a643de536d0dae7f9e6f3ecb7aecd468cc591f751d5354a4fb99c2be127c12ef98b14447c4268bc45fb71c7,CLEAR,DAYLIGHT,DRY,FAILING TO YIELD RIGHT-OF-WAY,2.0,29.0,2.0,2.0
0f5964901a8d1b346d300a093b3b86a159915da4736837d57c749adc5f369c7664c15e3eea4e4915fd1328833b3177bb646dac55a46e2db65ec66cab8656521f,CLEAR,DAYLIGHT,DRY,FAILING TO YIELD RIGHT-OF-WAY,2.0,54.0,2.0,2.0
0f596fc0e889e3292c437e0f68350a17a1f0ba1c3b502db1806a10b1fd35660caa1b4b0efdefaf9765ef115cc36e57cbea9b50bba3170669ac7a4e9dd611ab0b,CLOUDY/OVERCAST,DAYLIGHT,DRY,IMPROPER LANE USAGE,2.0,48.5,2.0,2.0
0f597b7af90b21f641c2ec05ed5805c60e0e57d2dcf25b19d9f6ad0a64e415a718768f218472632382e11507a85ac57540488426b0d0dbed4fc634e01d90e8c0,CLOUDY/OVERCAST,DAYLIGHT,DRY,IMPROPER OVERTAKING/PASSING,2.0,52.5,2.0,2.0
0f5996a3566e861c7237de09030fab88b18b77dd73d909e08e31fc0802129cc712be9b2aca6abeaf3c409781b20fb5cdbcd2f1f2d649fe56b63b75250df397a6,CLEAR,DAYLIGHT,DRY,FAILING TO YIELD RIGHT-OF-WAY,2.0,49.333333333333336,3.0,3.0
0f59a054841a08717ec8da480ad4e2c57f063cb2e069ffd5a2efa89650ef7c044d5ba6826b16da9329cce4145d7063be9a468f1c6f3139a6f7ac3b5453591464,CLEAR,DAYLIGHT,WET,IMPROPER TURNING/NO SIGNAL,2.0,52.5,2.0,2.0
0f59b05056421dd9d504c2a148cdfbb76ad2952cef3baa5f5595f26f7198dfe7794093ffb7a6141fa3addc71f3aceff1d78c2b80b01b043ab937967f561875d1,CLEAR,"DARKNESS, LIGHTED ROAD",DRY,DISREGARDING STOP SIGN,1.0,33.0,2.0,2.0
0f5a12d1b96209266517302e18711b469a50737e7aabb8e8a18a93cb1e7b31226144dd9a43533fe64c13a821e91fff5bca4bcf94dce48410340b817a3b9f6e6d,SNOW,DAYLIGHT,WET,IMPROPER TURNING/NO SIGNAL,2.0,41.166666666666664,8.0,8.0
0f5a18460bbec70ffa1f51a3e6307ff38d46e45e9e53f1e8d902a4ff0d597d7e1b85509d16db8f20873f2fed343a7ec981aa24cee5438db55ad45c3b6e5b907a,CLEAR,DAYLIGHT,WET,IMPROPER TURNING/NO SIGNAL,2.0,63.5,2.0,2.0
0f5a2569788f84a1e8826fe6c98d7eafe52cfecf79594d18197d597333b922dafb34391c07dbd69cf99942554f50226b9fc1942bcc95d0f1ff3eebf154c7bfa9,CLEAR,DARKNESS,UNKNOWN,FAILING TO REDUCE SPEED TO AVOID CRASH,2.0,25.5,2.0,2.0
0f5a5d6f088bc250e296bd63b5ce0e6ff05aafc552b66e02a7758b77124773c232d7b0807f55a01d831b1eee8c1bc9fc7c6e3c0a9b3cce7de63423c9f814c62e,CLEAR,DAYLIGHT,DRY,FAILING TO YIELD RIGHT-OF-WAY,2.0,34.0,3.0,3.0
0f5a743da42e5a9891fc977b43afa1779e9990374515d66bfcb3f2746088fee912fb415adda40deaacfe726385a5e0c95aa5dfa98297e646a1ac1ce0d37110de,CLEAR,DAYLIGHT,DRY,IMPROPER OVERTAKING/PASSING,2.0,48.0,3.0,3.0
0f5a90e8fbf580391782e6e5f0e11da442b047ab90bafdf2d3211f00af6c26ff5656404712c8365b5bd1137174dad9bc210e7ee895251f0dc39f9b7dd3453ecb,CLOUDY/OVERCAST,DAYLIGHT,DRY,DISREGARDING TRAFFIC SIGNALS,2.0,26.0,2.0,2.0
0f5aaca3ef17e71d1e447ac137eaed993d27bb5f54b93ca301c5b4aec235f87641a46a795d15a594dc42125fc9eb0018ec2ff289b63d2df00521815275401abc,CLEAR,DAYLIGHT,DRY,FOLLOWING TOO CLOSELY,2.0,36.0,2.0,2.0
0f5aff58e2ce851f3c88f6f77b5f852766d3a80e55fb2e118e4a9cbd0c144e55154d247293a51824974c6382ba992fd785ea239282708fa7a162845d5e3800f3,CLEAR,DAYLIGHT,DRY,FAILING TO YIELD RIGHT-OF-WAY,2.0,59.0,2.0,2.0
0f5b137bc3e9677052282043bb520e5fa7a10351da55aa6e2f78d5fbd5c125d5d7649fca2ee3c27733549ec04f2a4d4d7234a9fe95fc793cead1e4b003c67fa0,CLEAR,DAYLIGHT,DRY,FOLLOWING TOO CLOSELY,2.0,23.333333333333332,6.0,6.0
0f5b46a81e91e7cec5e4844fb6975966f4cd0b51c1288cb8a03723775d970ff9002c0eda6252e2e69bdb13e8e0b69cffa89c909cbf8f243f30e60bb5af95b70f,CLEAR,DAYLIGHT,DRY,IMPROPER OVERTAKING/PASSING,2.0,45.0,2.0,2.0
0f5b5c69efbd9b630fa1f927e176f92153ff110c04f14b4b3439d1d7831268329aefb10ee7252acad9189aecb7fad5ce95847b7a3ebc46566e0af797d8402bfd,CLEAR,"DARKNESS, LIGHTED ROAD",DRY,FOLLOWING TOO CLOSELY,2.0,26.666666666666668,3.0,3.0
0f5b8e66f40911369a8d2f6ea7c535f39b99c4b578cd8a29c363185d30d11776c51f7982c16ea5e8e7eb6198a78c0bfc11cfd70c43bcd8d92fd0275895699605,RAIN,DAWN,WET,DRIVING ON WRONG SIDE/WRONG WAY,2.0,30.0,2.0,2.0
0f5b9a31a90b3114240ceba3da312311258c452f0d820a5fa8c38aacbca2184ac1e770db21baa393ed1e5ae90f16ebe19b1ba21d0f486afeabfafc464a949a9a,CLEAR,DAYLIGHT,DRY,FAILING TO YIELD RIGHT-OF-WAY,2.0,24.0,2.0,2.0
0f5bedae0f491fac9a45c6ed283cf2d02f3349a3e48fdcea3b5a6909ea10b3fb0b83e57e8b97d35b01df73ccc265596f426b032e4664e97fe03e8b75b7957ec4,CLOUDY/OVERCAST,DAYLIGHT,WET,FAILING TO YIELD RIGHT-OF-WAY,2.0,34.5,2.0,2.0
0f5bf847c23944bf6ecd9dcefbc90fd303943957a4dff97e1bd8c0c3b34cd5401b13ffda52a38a555b71d327700b4c4dfd77f345965fd3044f916a94dae3e9cc,CLEAR,DAYLIGHT,DRY,FOLLOWING TOO CLOSELY,2.0,37.5,2.0,2.0
0f5c1a79d69a339b318ba4e839011187b0471d66ff534f543cf7d295b057b12c1b80cdd73acb3364b0d0fde589db925249bd3915edc0cd456a00204a1064233a,CLEAR,UNKNOWN,DRY,FOLLOWING TOO CLOSELY,2.0,49.0,3.0,3.0
0f5c3c66810dfc831675af98d308199f5d5e15d6d468cb855229817313335ab7365029f8c1af426af8a6120d3a0d2c45b09c8c09940c35f2d7702fd90e523330,CLEAR,DAYLIGHT,DRY,IMPROPER LANE USAGE,2.0,22.0,2.0,2.0
0f5c3cd94b856ee9f5bae07a31bddeca06daf1130caa3e3b58b3ab61b3f7896c6426b31f89b67153a5976ebc17c1ca3b35993594b4a22a1f66432c3be044938b,CLEAR,DAYLIGHT,DRY,FAILING TO YIELD RIGHT-OF-WAY,2.0,41.5,2.0,2.0
0f5c4ff5f934bc5ed3936791289eec71db72dfbec85404c6756d557af7e32c412b11a83848e8fcecec4fd239c816d85ea42b717c87ca431a375bec3df8c891e6,CLEAR,DAYLIGHT,DRY,IMPROPER BACKING,2.0,58.0,1.0,1.0
0f5c6ec364686d28d4952f355f4197a121d7cd9bbe58b7c7c7929843bf9e742489c98cb871b2b568e706b8219bd24d62f9d8b2dd9cb602144694fcfcd7e405ba,CLEAR,DAYLIGHT,DRY,FOLLOWING TOO CLOSELY,2.0,52.5,2.0,2.0
0f5cd3d3db16ea2061a42a66a9431740ad283c80e2f7f7349e7576a2e38095c0ff96822429c99fcceb9656b97cea4d76ca138597a861a9d2adacf9d257f17623,CLEAR,DAYLIGHT,DRY,IMPROPER LANE USAGE,2.0,47.5,3.0,3.0
0f5cf88703150b834d7f20dcca3247414ae3e85d239046cf35cc5f0010b77b7a104d09ebdef7c2b2ae7803cac8e53bf1ebff225c3bc1fa6b62815f25dfa5f417,SNOW,"DARKNESS, LIGHTED ROAD",WET,FAILING TO YIELD RIGHT-OF-WAY,2.0,28.5,2.0,2.0
0f5d2105ac1235ddf0f8bad22a7afef843fcee8ddba42fc1e38a345b33b5c91430471f6ce8d2db68114b0137438116c84e2437891649d9a16c995a420ce835aa,CLEAR,"DARKNESS, LIGHTED ROAD",DRY,IMPROPER TURNING/NO SIGNAL,2.0,49.5,2.0,2.0
0f5d334079e1b8d8c876b45eb23c2360f67e338aaa54f16cd9609b50b5d81f8b6e007a18761e01ca40f832a2b22aa70b55a4666d94c1299ed4d59e36f2bbabb6,CLEAR,DAYLIGHT,DRY,"VISION OBSCURED (SIGNS, TREE LIMBS, BUILDINGS, ETC.)",1.0,33.0,1.0,1.0
0f5d36ae4940d779bee7d481dd18af8a0f73d7b729d7a5c3a83493143d3c0f7c09ca38dd407145e006f474e0693d40197212ac59d19593b83db58e1390937b8b,CLEAR,DAYLIGHT,DRY,IMPROPER BACKING,2.0,53.0,2.0,2.0
0f5d6a7f44ef07012a9e6d90119510e902c1ce2f6c2c9b4aa9275790c4d63856a6bed240715001fe561fa1298e83d1e2fbf4563705ec00ee514894c8f7a1e6a2,CLEAR,"DARKNESS, LIGHTED ROAD",DRY,FAILING TO REDUCE SPEED TO AVOID CRASH,1.0,26.5,2.0,2.0
0f5d89aa90d4d1d50e34eee8e974767531c8ea010e43627416f58e8722fe24509939ebca0f5e6da28bbd37878c6e61cfd938f3244708380947cf02e8289df8c9,CLEAR,DAYLIGHT,DRY,DRIVING SKILLS/KNOWLEDGE/EXPERIENCE,2.0,37.5,2.0,2.0
0f5d9a7149bd563d25e77135037aca0284fb0a89c9b957dfd7e0b4e7cddb0b6a1c60045c28b85f0c0b88fc061d8b1fd820766c180797b70920edcd016b653094,RAIN,"DARKNESS, LIGHTED ROAD",WET,FAILING TO YIELD RIGHT-OF-WAY,2.0,43.0,2.0,2.0
0f5d9cdff3789ffdcc33515d7250aa5cca75676172a654362afdba4b0cb7e1b3675cb67895c89841bb7e4a961d02416653976aa0778ba2af0a3e931a43eca63d,CLEAR,"DARKNESS, LIGHTED ROAD",DRY,PHYSICAL CONDITION OF DRIVER,2.0,22.0,1.0,1.0
0f5da746c12c46b63711762affde52ce32bff4b1033bceb8aa493f62b431f73429cb4482e9853fbb85ea112166bbfdc7cc8b56632954f3fef40c2dade40f92c4,CLEAR,"DARKNESS, LIGHTED ROAD",DRY,DRIVING SKILLS/KNOWLEDGE/EXPERIENCE,2.0,37.5,1.0,1.0
0f5dac079fffbba90f41c2dc5b184afcc90e57be1a15b0555919676af5d8ebf23b231688b6724c132130ebff46f6348f1c7a7d4518e27654ab3c7d953d59e239,RAIN,"DARKNESS, LIGHTED ROAD",WET,WEATHER,1.0,32.0,1.0,1.0
0f5dbc80baa244ccbe964a0df3ebc8faf8ec3bdb47b1be634f86fbae8a893951d0e028f43af6b4af3390a5e4a5ada0d6b5bef59aa083716c3e5eee4a406f6766,CLEAR,DAYLIGHT,DRY,DRIVING SKILLS/KNOWLEDGE/EXPERIENCE,2.0,55.0,2.0,2.0
0f5dc76d777036f587ba9a7d3a1f045bf989d5092978b93a574c5936579ac76d484b5a2696ad68d9f6f8ea151b333aab51d01473ff3567047e02048cbb80a5b0,CLEAR,DAYLIGHT,UNKNOWN,IMPROPER TURNING/NO SIGNAL,2.0,44.0,2.0,2.0
0f5e12eaaba0b64ed46519922f1d51e74f85edc2f77f79ae6d675fbd8c91a4182f3598c8c66841fc731ef536adca4fd94226edc53dc30a911a1544e2ef4487ec,CLEAR,DAYLIGHT,DRY,FAILING TO YIELD RIGHT-OF-WAY,2.0,36.4,7.0,7.0
0f5e1b9aefb9e08fba7278410543ff3966a73879d925c8009a6ea508faa782256a79d5db72c755a03952a7e3674cf15775c4d235e1a4761044663e1dff2d8f17,CLEAR,"DARKNESS, LIGHTED ROAD",DRY,FAILING TO YIELD RIGHT-OF-WAY,2.0,28.0,8.0,8.0
0f5e217a5d82e911c1872069aaebfd072e3be919ae52846272c93c711088d63ec18c4755c9ba0d22a61c4fb9149ab8d5010c777f039d1ddd3b9f832c173ee296,CLEAR,DAYLIGHT,DRY,FAILING TO YIELD RIGHT-OF-WAY,2.0,37.5,1.0,1.0
0f5e5049b31c92a0aa4ae09e2865ade9b8e218d6243328b41f266d218f923c35423cf36d1ad0a0cc68175d69a81dfc4e035542ea34ceeac973b8fea0bc3b5204,RAIN,DAYLIGHT,WET,FAILING TO YIELD RIGHT-OF-WAY,2.0,30.5,2.0,2.0
0f5e5a3ce7cbe1fb62d3da7aef400157388bb9eef608090b36036894270d837e1a9af739af3f887dc03b918714ae7018dcc60137018cf0783ee721f920900067,CLEAR,DAYLIGHT,DRY,IMPROPER TURNING/NO SIGNAL,2.0,35.666666666666664,3.0,3.0
0f5e5bf52119cb88d12c4586a990e382537d73239f37dce65438de2902408158b34fc21c2aa49dda52c495af88d7c392672fce62a48a10f11693a4fd46ef3709,CLEAR,"DARKNESS, LIGHTED ROAD",WET,FAILING TO REDUCE SPEED TO AVOID CRASH,2.0,38.0,1.0,1.0
0f5e7aadab95ce3d2740458a10469699eccdbf92fe564f08bfa28443fbbe552ef8a6a96994096ea88d67420656d91fe6fe32dc53adb1fbc6728542a2ddc9394f,CLEAR,DAYLIGHT,DRY,FOLLOWING TOO CLOSELY,2.0,18.6,5.0,5.0
0f5ea6506efe4bd0972da12b732f8c1bd94768bad20bb2d15a588aaef501bd98a8006b81cf12865bccf6e7508706605e367f35bbe65dc827c64cde19a27b4180,RAIN,DAYLIGHT,WET,DISREGARDING TRAFFIC SIGNALS,2.0,61.0,2.0,2.0
0f5ea94d43e8f0bd895b1b2f782693b6f35c62055bbdaef4fb1644679c2a1faaabefa77a56a995a38b9ea16867ed96fbd148992fd2a99e7b9e38c290e91cbfd3,CLEAR,DARKNESS,DRY,IMPROPER OVERTAKING/PASSING,2.0,35.5,2.0,2.0
0f5ebdd9680f28011a81124efc900abb614ec4e054bdd4acaba9c52870e5e72a326696c25190a8098ebb8acc2d34157cf25c26a5685d63c5f57fea887f496453,CLEAR,DAYLIGHT,DRY,FOLLOWING TOO CLOSELY,2.0,34.0,2.0,2.0
0f5ed1479feac1970c2c8e41d2e70f6c2aec2ae8d29804fa034f4dbf052e0568849993329aa847c8eac7cf25102bb2da521f0cbca1be10ae04e43eb9ba4bd162,RAIN,DAYLIGHT,WET,IMPROPER TURNING/NO SIGNAL,2.0,27.0,2.0,2.0
0f5edb3e0ab93185de0bdbbf89c09faf746a56c66f43ca6450a82905ac3137ce3bcf06cbb1063f701ffd1c8bdb8969ad7261e7e52cd4ba3346f8ca8989a6bfd9,CLEAR,DARKNESS,DRY,FAILING TO YIELD RIGHT-OF-WAY,2.0,34.5,2.0,2.0
0f5f10d201d3c7f25aec1b6661920a1b8939295d6d37b79b6687ecc887285cc7ce7ff779628e1bd0978691f655ac45e331038aee8b043b5c05cf21d9b3fb3d87,CLOUDY/OVERCAST,DAYLIGHT,DRY,FOLLOWING TOO CLOSELY,2.0,63.0,2.0,2.0
0f5f13d1c9d450daf19a5db67f694f9a6b417ef82431ad37c4e62884fa5747711527dabffe16327ca5935ab3fe8bbeecff2db3e3ea998f29865f8c8790b2d20b,CLOUDY/OVERCAST,"DARKNESS, LIGHTED ROAD",WET,UNDER THE INFLUENCE OF ALCOHOL/DRUGS (USE WHEN ARREST IS EFFECTED),1.0,34.0,1.0,1.0
0f5f2c4c285967249becfadfb99a175dc5780a49aa2c6c999770bba62d11bddf5f00be15f951f7a955b47d33dfff30934d030e9743efd54e5e3b73a6104ebdfa,CLEAR,DAYLIGHT,UNKNOWN,IMPROPER OVERTAKING/PASSING,2.0,27.0,3.0,3.0
0f5f4c67eb74f3eedf9d5726df72fa1f03fdd8bd64e63ff98a4f57f21bb80b67e7c5ff8d206764a89c3ad748b92e5e4c59d8e9e03ca069001f764ead75aeae09,CLEAR,DAYLIGHT,DRY,DISREGARDING TRAFFIC SIGNALS,2.0,31.5,2.0,2.0
0f5f5bbc5971a12ce36b69b5ff99849d160d3387f264a320a79679ea188dec52c54c61559f95d662649c2f29fe2e4cb691fb9f2ca99bd7fe21f38a45dc077fdb,CLEAR,"DARKNESS, LIGHTED ROAD",DRY,"OPERATING VEHICLE IN ERRATIC, RECKLESS, CARELESS, NEGLIGENT OR AGGRESSIVE MANNER",2.0,49.0,1.0,1.0
0f5f873f8dcd6c8dc8eeffb09b50c64a03dabb05725b686824969cec8cb0dd7e0ba13f4704287c7caf8a4407aa511f2693bce40cf9dbbb02cbc9dd3e31052331,CLEAR,DAYLIGHT,DRY,FAILING TO YIELD RIGHT-OF-WAY,2.0,39.5,2.0,2.0
0f5f94c3929f6511cbbc9f70040dbe087a188b72cff8418fc247ac00bbb842a448879e86f01495742926ef7e62e26a53260a0e3e014084d4c5f913d665740eb4,CLEAR,"DARKNESS, LIGHTED ROAD",DRY,DRIVING ON WRONG SIDE/WRONG WAY,3.0,35.0,2.0,2.0
0f5f99a22bb3e668d4a1a57dc63829b13a6ad1dd8bc86ba25249c17fa68900591a6440ef5927c847183d449484b91ab22acd135c203f688c269a382c72a895c0,CLEAR,DAYLIGHT,DRY,DISTRACTION - FROM OUTSIDE VEHICLE,2.0,21.5,2.0,2.0
0f5f9c0f595b5cde8afa0da66bd6a60c5628e94b9710b47d091334bf03185bbadec5c5c388b330bd99197cae1d853cbd809bc57eb1eb3d6b0abbddefd340de15,CLEAR,DAYLIGHT,WET,"OPERATING VEHICLE IN ERRATIC, RECKLESS, CARELESS, NEGLIGENT OR AGGRESSIVE MANNER",3.0,33.0,2.0,2.0
0f5fa93358b21a0c524499ab846cdca5f179fb3b3355398edcf24722ec9d055a11f626c5c3aaa98476ead12b06f0e0ed2df53bc8902837b2d0b61bdae6f52806,CLEAR,DAYLIGHT,DRY,DRIVING SKILLS/KNOWLEDGE/EXPERIENCE,1.0,68.0,1.0,1.0
0f5fac45f1cdde2586a55ecb53808a80793a6dea486f0c5950f3182cf00212cacc4f94078d72d17ebb489c569c5c4d2c203e3954ec1e810cb3f6bd30299391a3,CLEAR,DAYLIGHT,DRY,DRIVING SKILLS/KNOWLEDGE/EXPERIENCE,2.0,37.5,2.0,2.0
0f5fc119c66c7fb3392fdfc572b7e31ccc53549b82105474b1f4356b95ad8e06ea425fb37d48d2df90a7b9ed4ad3e6a1755764c6d2986e7a355d341354d4f1e6,CLEAR,DAYLIGHT,DRY,FOLLOWING TOO CLOSELY,2.0,56.666666666666664,5.0,5.0
0f5fc43fde7c4d479474649995e794d1fce1da8c16fab7e5c5a5f957d42defa3793f7a4739baef1da59140b294683f9581a9fe221645dc60d17b5a2fbe85c94d,CLEAR,DAYLIGHT,DRY,DRIVING SKILLS/KNOWLEDGE/EXPERIENCE,2.0,41.0,2.0,2.0
0f5fded4ef5209205b3668c4fa21bba46fdb70c70546e05cc551fae4cea268f68d78530d485dea06f1821319c3fadf1c77a18d089f2da52fada0ef6cb1abc1b5,RAIN,"DARKNESS, LIGHTED ROAD",WET,FOLLOWING TOO CLOSELY,2.0,50.0,2.0,2.0
0f5fef82a4a770a924b5763c1365203f90cb848c8a7de0b99d0e8f644ad907b9bfb5d9f968d78723b5e72bc3759c3fb8a9dca2f11c533fb6cf9c4dddf1abfe59,RAIN,"DARKNESS, LIGHTED ROAD",WET,WEATHER,3.0,67.0,1.0,1.0
0f60134581c4be09ba7247206d6eefffabbdca81b20e7f9c9c31d1984dc37b3c6595442bdd417c1ba32ae70834f1f0cf20be24ec7a92a6fd5ad024c7983af67c,CLEAR,"DARKNESS, LIGHTED ROAD",DRY,IMPROPER OVERTAKING/PASSING,2.0,57.0,2.0,2.0
0f601c168c9f9c0527c9c1ee47644e0c808e787034f4a928d21ffdee382b5e17c2d9789afb3bf28797a5a6f68021fabeb06ee5189aa32e199f28cae88c132d60,CLEAR,"DARKNESS, LIGHTED ROAD",DRY,IMPROPER LANE USAGE,2.0,44.5,2.0,2.0
0f6030783d0438142013d0d02a043ca91481c3d1d13364a5e3f7dfbc9a787f126b8883a0ae85508967bdf160e6169dd6e324d77d7c88744df19dd2ff403b7f94,CLEAR,DAYLIGHT,DRY,FOLLOWING TOO CLOSELY,2.0,10.5,2.0,2.0
0f6037a6eb72f46d9551b5a758aa7198d1093d311dacb4a695467a274c060299c0de285d2a43749caeb7d134d75666b03d5e27ece21f4ab02fc7d3f9bbbdd722,CLEAR,DAYLIGHT,DRY,IMPROPER OVERTAKING/PASSING,2.0,43.0,1.0,1.0
0f607531231887031e90d1a710ccb5798cdafdf0d8e9b9d1963afb5c4196a7e28584aaee7ee25816bf3e474c4e65f9342ed85ac5ab785cc5d2d35354070784d8,CLEAR,DAYLIGHT,DRY,DISREGARDING TRAFFIC SIGNALS,2.0,50.0,2.0,2.0
0f60aa4f8a2b516f63e17ce4745448d97dbefae414b2e5615214b7bcb08a297457ebc04259e295bd339700557574abe621c173d7d9c0788e5c11a338ab7fd830,BLOWING SNOW,"DARKNESS, LIGHTED ROAD",SNOW OR SLUSH,DISREGARDING TRAFFIC SIGNALS,2.0,37.666666666666664,3.0,3.0
0f60b8c278aba15789d94adbb7d2785bd84bc0247e49e356613902773eac67e849934a422b2b7b4d993ff90595723304187d148fd637b2145e0d544da01758cb,CLEAR,DAYLIGHT,DRY,IMPROPER OVERTAKING/PASSING,2.0,27.0,2.0,2.0
0f60be01929e4c98067125ea387f1f2196853888d8158951bcef72f540adaa5858a05c06af8d194940a1b6e69ff6e939a262bafc4af63ad624590b4225c4eb26,CLEAR,DAYLIGHT,DRY,FOLLOWING TOO CLOSELY,2.0,33.5,2.0,2.0
0f60cf2350eb3078b1f6d17df844b7fee3908357846ed4aaaca4b43792de900d0cabb67a09f6eb3d273e3def366b189ea3486d836beb93f09857a8752c4d12c1,CLEAR,DAYLIGHT,DRY,FOLLOWING TOO CLOSELY,2.0,35.0,2.0,2.0
0f60de856002c3ea6b0d4dcef817d31309f23af20cbe86134ca6e795c59242bac435208529022fb859326624b9fdb2abaadc365b12890638a1241339470d4b8f,CLEAR,DAYLIGHT,DRY,IMPROPER OVERTAKING/PASSING,2.0,13.0,2.0,2.0
0f60e88e1882e00d5d01b533a6f7d30c0d90e93464fc91e4e49ba56e66fb00b640f32ef4c7ea9f7db5298d5f81264d93d09979d4f9e45154680edb43a134ca4f,CLEAR,"DARKNESS, LIGHTED ROAD",DRY,ROAD ENGINEERING/SURFACE/MARKING DEFECTS,1.0,24.0,1.0,1.0
0f612b827cfdfd50c96bce1f872657fa93830d1b114e1bada6ad6a48f0aca3606a47eda7a3d38b5b673fa5d62e2de79824723282d4c4e40116c9c4d37180be93,CLEAR,DAYLIGHT,DRY,FAILING TO REDUCE SPEED TO AVOID CRASH,2.0,31.4,5.0,5.0
0f619cd0cc4d208fca9e9a7f13d46f230963d9b8ca7b627658a641b8e0e3db0156a60d469cddf02977e11c08f302ffe402c0dfd11a58f8030c0302caa1a242fc,CLEAR,"DARKNESS, LIGHTED ROAD",DRY,UNDER THE INFLUENCE OF ALCOHOL/DRUGS (USE WHEN ARREST IS EFFECTED),2.0,30.5,2.0,2.0
0f61ab7bcf9500304cd82d701a095512eb65656af9035632084eed2ff14cb61ca1ed13f94ea0fbc1cd4eefc6a381a3da003cddca746a23c8b41379ef615e7ce3,CLEAR,DAYLIGHT,DRY,IMPROPER BACKING,2.0,37.5,1.0,1.0