crash_record_id,weather_condition,lighting_condition,roadway_surface_cond,prim_contributory_cause,total_vehicles,avg_driver_age,total_people,total_injured
0f61abb69c3195f66c68c7d1327dcd6d7445d6fedfaf9ab5173618f3632e3bcea14fb382ecb831f71822daa14907ec7486a24c13e08032274bb6ead7d54bfbe1,CLEAR,DAYLIGHT,DRY,FAILING TO YIELD RIGHT-OF-WAY,2.0,67.0,2.0,2.0
0f61d3946375298557663347cf00422dce908fe6d41bdcb8dcb52b55d087aacb9b07d387eb971d90991f47397215d6bf774ade80536611db48d55a2338170280,CLEAR,"DARKNESS, LIGHTED ROAD",DRY,FOLLOWING TOO CLOSELY,2.0,44.5,2.0,2.0
0f61d4ee45891d75c0bc8ee145201b9c0462d5046381184305625b5915d4b861a10c556134c32357f07498888a224718f5d36db6a127b8f4d8bd4cc7523172ea,CLEAR,DARKNESS,DRY,FAILING TO YIELD RIGHT-OF-WAY,2.0,61.0,2.0,2.0
0f61d7e7b7ba34676f6b6d296dfa0374c857fb0d62ba735056eb4d71fed48409d82c6e1c0fd259d3f91b9e99e8bf77e532bb93b25a7f4c223ef7194fa092cd74,SLEET/HAIL,DAWN,ICE,WEATHER,2.0,37.5,1.0,1.0
0f61e86f5def265493e3ff77c1f74fe6c94a3e5093a729f181ac30f106100b5bbb81ba09bb74df2bc5df680af6bb26a6ff8040d73f11a7ddb592134d896c612c,CLEAR,DAYLIGHT,DRY,FOLLOWING TOO CLOSELY,2.0,17.153846153846153,13.0,13.0
0f6246b23a711713bc6c38f7bd2a4ab037a0b3c1d624a59bc3b8fa463d5912f5dbad93af1f0bd34ea4c84731d607da7a6bc1a90e5fb5db16e0976b03be9ed5a9,CLEAR,DAYLIGHT,DRY,IMPROPER BACKING,2.0,33.5,2.0,2.0
0f6258a50a88236e5ccf72a7a4ec22eba8a50769bf07307412c4f290cf00ccb08240ad7dfa556343a7e45272ec74ea09b8f3c241b5b63d152c4b8d5d36dc58cd,CLEAR,"DARKNESS, LIGHTED ROAD",DRY,DISREGARDING TRAFFIC SIGNALS,2.0,54.0,3.0,3.0
0f62a1637af31cc3d6451809cafd549f3d368a9baa8320a8c57f6d1375e56c46d96a6d58e705d248cff221204dc69e3db878e8965d8bacd47d45e1a5d0e7e2d5,CLEAR,DAYLIGHT,DRY,FOLLOWING TOO CLOSELY,3.0,60.0,4.0,4.0
0f62a922e97124e59ac51467f05a785d217a7ca78036d888294f174d7affed0819f96ec246fd03e1acc140e857d62d19504353376ea7b8cacc7e974795f42895,CLEAR,DAYLIGHT,DRY,IMPROPER BACKING,2.0,36.5,2.0,2.0
0f62c280b7303570eba0c1560c69bc44770b8ba76fb9c115845f5a10cc98f4a3c4475ba4bfd0d13b01a398d8fb6e042aa60a6cd8958e940c979d9fea28c0bd46,CLEAR,DAYLIGHT,DRY,IMPROPER LANE USAGE,2.0,33.6,5.0,5.0
0f62d73f6645b1fd1c79d2c445d5dc76660986072b184d6cf611cfcc1d522293c172238de5b91caab3f75f4cd4baa3cc2efa4b2adf0ef3c6a2314eb995e0f543,CLEAR,DAYLIGHT,DRY,IMPROPER OVERTAKING/PASSING,2.0,41.0,3.0,3.0
0f62d8f5bb05541a7698009e92a9556b3e04a87ffd1a03ab469d8934b938c6d5fb973fe6eb60bf1ee641f51ffbfce2ce4a8b7dfb7116ca070a49f0ad483f32cc,CLEAR,DAYLIGHT,DRY,DISREGARDING OTHER TRAFFIC SIGNS,1.0,37.5,2.0,2.0
0f630ef8955296839359e710bf810c1ab4c50bd826ee299890443e61d2c32e1f732940121cb4939e384fd51971dbc5e9f8013fdf984e311190a062297ddb4190,CLEAR,DAYLIGHT,DRY,FAILING TO YIELD RIGHT-OF-WAY,2.0,26.666666666666668,6.0,6.0
0f63140e8f04b801ce040cb921cc7d6cabb684b37608c53a76ccf5a76c952196cf6331253380a40bd2ace2287864ba22394a607fdbc8a7c6e85ff961b60abf5c,CLEAR,DAYLIGHT,DRY,IMPROPER BACKING,2.0,35.0,3.0,3.0
0f631e42429a39607235153b709eabcff1ca9a71e8316d0d74b249608c9351a32847e7bbd1831024cc7d547e63373184b092bf025c64aa1146e9c85713bf132d,CLEAR,DAYLIGHT,DRY,ROAD ENGINEERING/SURFACE/MARKING DEFECTS,1.0,47.0,1.0,1.0
0f6359781a007d3cf499ba732a52664b9f3cf0c49efa536d172feb674ba6b1e03a229dc0fcb3075f0b1c088fc216194e88c3e6032d8a362055e9785b89b3be3c,CLEAR,DAYLIGHT,DRY,ROAD ENGINEERING/SURFACE/MARKING DEFECTS,1.0,50.0,1.0,1.0
0f637b7438594000e744595ec9ab8404f0c177c598b5e55125ca37b7b7b192b6b251ff7f2cb13f1521a1504beb2bc38a39daed3a40c03cc81601307a6310597f,CLEAR,DAYLIGHT,DRY,IMPROPER OVERTAKING/PASSING,2.0,47.0,2.0,2.0
0f638dea5654df0496daca62e2bc4ff1465286535606983fb4401feb0b7dd10c01249e7382f3ee579108ca2312e60c6138b4de09a0fa030dfddbffecd266801f,CLEAR,"DARKNESS, LIGHTED ROAD",DRY,DISREGARDING STOP SIGN,2.0,62.5,2.0,2.0
0f63c8af9985af5212df7806d48e26d74c11f420f2b38ee781e346c90a754b187db2548e75e5fd0b1e8aab55552bda69345c147f289feafc6035ff4cebca97b9,CLOUDY/OVERCAST,DAYLIGHT,DRY,DRIVING SKILLS/KNOWLEDGE/EXPERIENCE,2.0,37.0,2.0,2.0
0f63db7fa54abdd0ad48568b27da44c9d62323f6b22d1b5122f0140c7efeae30a7bfd704fc3df9ebb397a41ec3143497210643009dbe3fae1283d0ecca550640,CLEAR,DAYLIGHT,DRY,IMPROPER OVERTAKING/PASSING,2.0,54.0,2.0,2.0
0f64311225fb9aacd0fcd800a9f6905d7a1cf094ff12af315c08706b911862ea233a9b6bdfbd02eefba5d01cd96f1443ca47f7e3ec635be8d159275035b78517,CLEAR,DUSK,DRY,FAILING TO REDUCE SPEED TO AVOID CRASH,2.0,37.5,1.0,1.0
0f6462420684c36253082ccec0ade08a0094beba65c46ce73d52c49473ac50257e40f29fc2b88939f56f748d9e992370019a4a3f029d6a9825d2263a2253eba2,CLEAR,"DARKNESS, LIGHTED ROAD",DRY,IMPROPER OVERTAKING/PASSING,2.0,44.5,2.0,2.0
0f6473a5c7c34fa6fecf9bb52fc516b3387b70aeee6322062abe51ee2cbd8c9dc2e15e24bf731c7a012cfec1910f5514934b8f9437608e5b8141b5c5153a3e37,CLEAR,DAYLIGHT,DRY,IMPROPER TURNING/NO SIGNAL,2.0,23.25,4.0,4.0
0f6475fff6c15a05191f2a528a4190a24dbf347c373652ff12ea1f6a756a40a19323a409ad5c608fd92b36ffed7b9aecb0b2a0c2265430f9236bf51d39406909,RAIN,DAYLIGHT,WET,IMPROPER BACKING,2.0,30.0,2.0,2.0
0f64895d86b2c47c68c86cb19e97fd2542b1d6ddf1cfab026b05aeae9d812846d684bfa98349ae4e275a0fb54c3d918f582b25a6907269cec8b060ee2dfc6e06,CLEAR,"DARKNESS, LIGHTED ROAD",DRY,FOLLOWING TOO CLOSELY,2.0,32.5,2.0,2.0
0f64a8fbe2a1e3b10cd90398d4b594234a1100f3369f193027dc43d501c218d76a06359eec308aaff5e1e318ef6783420e676eaaa37741a8b236c696fcd3f945,CLEAR,"DARKNESS, LIGHTED ROAD",DRY,IMPROPER BACKING,2.0,37.5,1.0,1.0
0f64bb3c3d0acae865f7ac12ee15c72c816cee4a042b85aeb077a54a7a3fceba2c6a684a774f10544d8ef1542476d8c45aeadf57f45c62854aa696f093d5b2ff,RAIN,DAYLIGHT,WET,FOLLOWING TOO CLOSELY,3.0,20.0,4.0,4.0
0f64d0638e4cf51a0bbad13b4114bf2b0707fb6c29abd95e0b5a25b36a4afc6a32683dfcd1fb98074f09c07b1bf91444b4d98b9a7844e9add76b438a9f1f12b1,CLEAR,DAYLIGHT,DRY,FOLLOWING TOO CLOSELY,3.0,23.0,3.0,3.0
0f64d5ac276439c9fe40e25f9ec774ab95d27bd8d2a63e0d99843e98e49574cd416ebc0400510e1810f6d0100d97ff009cc0cb88dfff72a0f4201d9907c52067,CLEAR,DAYLIGHT,DRY,FOLLOWING TOO CLOSELY,2.0,21.333333333333332,3.0,3.0
0f650d7111c856a301bc2e8828eca37c6bfce9eadb02af809663e69fe50e03d89273e023ccec5b5b46ac9ec6950a2e008e5015155e0492af91176a6ee5907185,CLEAR,"DARKNESS, LIGHTED ROAD",DRY,DRIVING SKILLS/KNOWLEDGE/EXPERIENCE,2.0,37.5,1.0,1.0
0f652f252f1d04b2c90173eac5a996b0822f2d94b4caeeaed92f7484868b233f5d893eca0da4f71f6d7f20ff9e6ba8089d270f8f4402b6bd2786001707f59d49,CLOUDY/OVERCAST,DAYLIGHT,DRY,FAILING TO REDUCE SPEED TO AVOID CRASH,2.0,32.0,3.0,3.0
0f6582dff70e6a2792845e7c3ef22ca014f9e8c2e372ef569217930511081cda9f05e1c514964f0e84c7d0c9151ba6fe2321d9bb928a5a89ff29fe755065c412,CLEAR,DAYLIGHT,DRY,IMPROPER BACKING,2.0,37.5,2.0,2.0
0f65e55fea7058ca88092c221d458415db6b6090c4aacd75e6f3d425b4b9604e7466ff9be205003ff3c75a03c30ce83b840699c8bc12ed4fc861d79322a205f1,CLEAR,DAYLIGHT,DRY,FAILING TO YIELD RIGHT-OF-WAY,2.0,48.0,2.0,2.0
0f65eedf2aa257bfe7493202a9dce4dd297839771e179ff6e3a2f29da0aec235110290b0bc7e8c6a602462587bcc98d035ee71f1b412f735738cd6333b5bc475,CLEAR,DAYLIGHT,DRY,DISREGARDING ROAD MARKINGS,2.0,37.5,1.0,1.0
0f6607dc5f6b7990b7b081ec85e44434587560bfa89defbb104ad80607ef6bf757794fd92353889946ebd014dae5585db257424d9bb78b91cdf8f81ee497f8ec,CLEAR,DAYLIGHT,DRY,IMPROPER BACKING,1.0,41.0,1.0,1.0
0f664dc26d8ad244d563ec57ddd7814d999a254b48008230af53ce3cc7a1b5b97f82c8e990acd27d1097ce5f6dc1e263a0f294afb3f3d37cef3a02b1073ea5f7,CLEAR,DAYLIGHT,DRY,IMPROPER LANE USAGE,2.0,37.5,1.0,1.0
0f6659632fb411b6a26e64194dda06e32cebf7e553e88b8665b1611fb572a568397e185c7d40f32fd2ce87bf66156d936111e5f8e407f7e040df4bd9a54f5fad,UNKNOWN,UNKNOWN,UNKNOWN,IMPROPER BACKING,2.0,55.5,2.0,2.0
0f66adf4f3eec120796b7efd792003daa62bf893aedd8b3264f5f5c1352ec6cedd408e764014f75d85b46d06aa0745766d4f6deac8b1f3eb67e8989bd1e32886,CLEAR,DAYLIGHT,UNKNOWN,DRIVING SKILLS/KNOWLEDGE/EXPERIENCE,2.0,26.0,2.0,2.0
0f66cc731fbae3bdd16f28029004b7ec62bf1a3f6e7d479190edfbe59edb86fe42a31c8ecbfafc7699a3f971031a2fd9fb9dce99b1571c0b23ae71a03b158732,CLEAR,"DARKNESS, LIGHTED ROAD",DRY,FAILING TO REDUCE SPEED TO AVOID CRASH,2.0,50.0,2.0,2.0
0f66e1b379371d9d2500c7bbd00c26c715deac5640d6abc6b4f241d9adc84394f8244894b31729cb72fc0b2abe8f9a2966c2e82ae14f75380e9e5eb241fe2a59,CLEAR,DAYLIGHT,DRY,FAILING TO REDUCE SPEED TO AVOID CRASH,2.0,48.0,2.0,2.0
0f674c856cbc8f6aa7d2c2d551c8fabcc2b6a1aa18c736bac5c72095aaaed88f2b2dfbe9a359304f86a9218d627962ea3362fc8f03645a5f85ce12b049af2944,CLEAR,"DARKNESS, LIGHTED ROAD",DRY,IMPROPER TURNING/NO SIGNAL,2.0,52.0,2.0,2.0
0f6761bb2236a76b9e4195e4f26e53acb16dc361bb61b4bb255ff3efea329830d0d9b771eac9d1af992a6f4fd3f50126c36890a0da41f3eb202856ceef0b8b25,CLEAR,DAYLIGHT,DRY,"OPERATING VEHICLE IN ERRATIC, RECKLESS, CARELESS, NEGLIGENT OR AGGRESSIVE MANNER",2.0,39.333333333333336,3.0,3.0
0f67f9475b18d63452e10642b88a716031ee671b09ab65a76912ad430167cf299ba15159695cff61c6fdf4bf05d3725878d8ccb83a7fe04c939244471eccd08c,CLEAR,"DARKNESS, LIGHTED ROAD",DRY,FAILING TO REDUCE SPEED TO AVOID CRASH,3.0,49.0,4.0,4.0
0f68042df4e3b8c6e5c53af7d73df0560f01c1a8ccce890605309a0b5aba62ab00752d04efb304f1db4dab81ad110f8f0b727a1f247541498554cb636efb8ec2,CLEAR,DAYLIGHT,DRY,IMPROPER OVERTAKING/PASSING,2.0,15.5,4.0,4.0
0f682c6dc61c95cffda6bb03f9b1f36bd8c32fd8ed619d09f46e99146c06f4ff5b05c7bfeff0f33b7d09b1da3ad004af05fb55b7b75ab44069b5081efee0361f,CLEAR,DAYLIGHT,UNKNOWN,DRIVING SKILLS/KNOWLEDGE/EXPERIENCE,2.0,25.0,4.0,4.0
0f6839c2c6570f3af2ebbd46247ed00ec6db653df8566e1f6446f8f458df0f3568bab774292c5d6dae7fb38939d6088c68a665685e8e28fea0e1fcbec4da080f,CLEAR,DAYLIGHT,DRY,IMPROPER LANE USAGE,2.0,40.5,2.0,2.0
0f684f0bb80abfc7302fab945bdbcee2a5de872d8aebb095deee0cfd0ef3c3046232240bad3ead98bfa50215f131549673983e452295244e568b9d1baa4adcd5,SNOW,DAYLIGHT,ICE,WEATHER,2.0,37.5,1.0,1.0
0f686b2b598bfe246b7c1c3b4beefffa1108e0be45db2bd96925ee1f5d3e36d562a57bd1a2bb6c66cdbc9a274a53eced41ce756bb0ccdea17e91da09c98a8527,CLEAR,DAYLIGHT,DRY,IMPROPER BACKING,1.0,81.0,1.0,1.0
0f6883af0d4d448d1e9e6aeb8abcf95fa07a161f4df2b7da8d2d06341aca56c8aea159d42b85af60d39852eae2ed73bf9897224ba6b2a647d203db0458d0bcab,CLEAR,DAYLIGHT,DRY,FAILING TO YIELD RIGHT-OF-WAY,2.0,38.333333333333336,3.0,3.0
0f6907c00168597148cc6973f40ba582f0d48c52c636cb26200b675f1fb95a5dab78048bde3fb5e3a707e478d8df21860a36d40017ab8aaab90eb2e22a08a2d0,CLEAR,"DARKNESS, LIGHTED ROAD",DRY,FAILING TO YIELD RIGHT-OF-WAY,2.0,39.0,2.0,2.0
0f694da10f5297aa0d7f18031f8ced574ffe303cb0a5476e67b3b455b3252f9e8fcba17ac58c62db7c509b00a44b2986964f6010dbeee9be57bb48e4e5b35891,CLEAR,"DARKNESS, LIGHTED ROAD",DRY,IMPROPER TURNING/NO SIGNAL,2.0,42.5,2.0,2.0
0f69684a8bcc96998f1955aa7aa26654f30e4452827dc56748e1565a0efde3ff1218c5a86a5309d139f0075b117e7d075522cdce551da2f7a858f10fddc8d186,CLEAR,DARKNESS,UNKNOWN,DISREGARDING TRAFFIC SIGNALS,2.0,46.5,2.0,2.0
0f696ca1477d16a5fb878b8bea3f0b4a68286503bbad5b395f971596e72b432a9dfb87440318146b56c0eae2c3134b97b2849b53062365e573794459fc17eca1,RAIN,"DARKNESS, LIGHTED ROAD",WET,WEATHER,1.0,29.0,1.0,1.0
0f697c4b4af13ce7410360b43671422f03cd00d5f1f9e9fd1998e8e4d0ed350d9511c6322db09f4b6c81b6a93a2f131f9700583b4cd03fac194d57bba1010361,RAIN,DAYLIGHT,WET,FOLLOWING TOO CLOSELY,2.0,32.0,2.0,2.0
0f698a4e50a05952087f75c0759490831b1d8a70bbfdf1275990c92dd50abc1765a579c4c9d43f37c4db64940c9923bb65548434cbb8777ba8b7b8379b46ced6,CLEAR,DAYLIGHT,DRY,IMPROPER OVERTAKING/PASSING,2.0,33.0,2.0,2.0
0f69995d141bea30dd8d7bd51a3b074520b5d984863fdc81878cb948040b20fc8aaf98976b03a140ab4c1dba367b51cc871eb76fab0555bbdbb3a8d549fa9e09,CLEAR,"DARKNESS, LIGHTED ROAD",DRY,IMPROPER LANE USAGE,2.0,27.0,2.0,2.0
0f69c5476cd9df02a6d944570b78d068bcc5d581351cc56c84ec5ec76c80ab1598c9d9c12113ec244e761bed3cae27feeb8928ca20db65c3b9aec281681e3c06,CLEAR,DAYLIGHT,DRY,FOLLOWING TOO CLOSELY,2.0,66.0,2.0,2.0
0f6a03776d89b48516f2c4cba358dee997f1609ac782e79ae5924220f0b373f606e895b4467aabf95f4e10f65ec11c5d9e0aee9ae7533556e1edd4c727734521,CLEAR,DAYLIGHT,DRY,EQUIPMENT - VEHICLE CONDITION,1.0,45.0,1.0,1.0
0f6a2f5214843c11f7c030460bdf83b9e64adeb57791f921efd04404905b5fb0ea348d39a23144fdd29a9b35deb0b000a12746b516bb1b1807bdf85f1f0638a3,CLEAR,DAYLIGHT,DRY,IMPROPER LANE USAGE,2.0,25.0,2.0,2.0
0f6a3cc983c8fbda5b29e2b88ae6609871705837a1c25501b95aaec4098b122c385ede0d1b433734bf1d8344f97bd23f1d70510f2b29acd98e0eb335c973b058,CLEAR,"DARKNESS, LIGHTED ROAD",DRY,FOLLOWING TOO CLOSELY,2.0,33.5,2.0,2.0
0f6a438cb21b6fb9418f77ceb3db5ca121981f8f5f9ba90d8b39ab8ed7d583119f76f1eeb60ebba7e7468ce1c12f6ba1e35307cf2747277fc29513cc2fbfe935,CLEAR,DAYLIGHT,DRY,DISTRACTION - FROM INSIDE VEHICLE,2.0,28.0,2.0,2.0
0f6a660ba5bd25d6c99a4f39814b2b4d4cbe17abad883ae8159be16e27b3cdc525fcfe974e8ffccf43988f8a467c21975cd915f788ee1f1e745b689eff47a78e,CLEAR,DARKNESS,DRY,FOLLOWING TOO CLOSELY,2.0,34.0,4.0,4.0
0f6ac7a9b8005cca5c9db5b4ac942b4122f03f92880dd2abd89a1df11af1b2a623bacc8b33c13c8089ca2a627fd4ee5398abc8519344af6d5c00984f95ee020a,CLEAR,DAYLIGHT,DRY,IMPROPER OVERTAKING/PASSING,2.0,27.0,2.0,2.0
0f6ad69cadd9f1b3df0c81d252d5f02915d2e9246458790c7a97401e5a6063543778c79d69c02126b3e1dafb9ed2f785d0b0dd372b5b40751278f32e5f3857bd,CLEAR,DAYLIGHT,DRY,"OPERATING VEHICLE IN ERRATIC, RECKLESS, CARELESS, NEGLIGENT OR AGGRESSIVE MANNER",2.0,40.0,2.0,2.0
0f6ae8f2f267eadab69556f7b4a3d2b0fbb014934a218157f6f1dbb246158fcf45e1216baaea991efe3a6ad646777b3227f2d56d87b84e1f359e8b7eb4912749,CLEAR,"DARKNESS, LIGHTED ROAD",DRY,FAILING TO YIELD RIGHT-OF-WAY,2.0,31.0,4.0,4.0
0f6aeb410e241251b3efb097b78e43b30ddc50dab5bb2ee3c1abad62ace905af93ad173d042e962226718100e96122e58f15c81c6289e788f5fecbadf22f7cce,RAIN,DAYLIGHT,WET,IMPROPER TURNING/NO SIGNAL,2.0,69.0,2.0,2.0
0f6b36ffd5ee82a85c6d63f2c2671a62b482959380b399f2996feea66d0b22a4409c816df80d1a0eb6461448fd4acca0ecb578e30b89088b41e9a4c91c02bb45,RAIN,DARKNESS,WET,"VISION OBSCURED (SIGNS, TREE LIMBS, BUILDINGS, ETC.)",2.0,37.0,1.0,1.0
0f6b4b5c132cbbbc4a96cc0036b613780e75792aed5cc9e4a5d2709b3bb9da9986839fb653af410009b0c9f0fec98b02c5cca3d473b62208a9401f742c1a5b5c,CLEAR,DAYLIGHT,UNKNOWN,FAILING TO YIELD RIGHT-OF-WAY,2.0,43.0,2.0,2.0
0f6b621f076d798ff11929971b3109f19e1c293bb573fddb0c6797bdae51f1a5a9b2593deb57b91e7e382f2d0cbdb9fac99239e1868dfb561b042a3c81edc5d6,CLEAR,"DARKNESS, LIGHTED ROAD",DRY,FAILING TO YIELD RIGHT-OF-WAY,2.0,45.0,5.0,5.0
0f6b93846f382570bb8ae414a39260d88e5b58f17df18b32bbc663069ab511c3761569ea57188f32e030016cc3f3aa69761550847a2f627ded2de1294f8d44b0,CLEAR,DAYLIGHT,DRY,IMPROPER OVERTAKING/PASSING,2.0,51.5,2.0,2.0
0f6b9735bc2021b59b01b729c08846cf2ff0bd17290dbe8ea4673a44df3e1310638bb97d23635b12f4de4884efc47c62b62849f84b95841221f89ddcc90e93f5,CLEAR,DAYLIGHT,DRY,"VISION OBSCURED (SIGNS, TREE LIMBS, BUILDINGS, ETC.)",2.0,38.0,2.0,2.0
0f6b97766d2a73765a11aafcaf327a6ac0f76f53e5711777af234adadfb452cb12890a14e4c5205788acb4fd9a5ad0e94604d5b12f1d48f4d2d8aec43df1885b,CLEAR,DAYLIGHT,OTHER,DISREGARDING STOP SIGN,2.0,18.0,2.0,2.0
0f6b998259ac1abdb8686201845d0fa77b77dec673f2fa2186d8f0ebbc793de47ba884627ca09d01779ad2bc539cc55ec75fd9f40b2fee0434b971b50d2274bb,CLEAR,DAYLIGHT,DRY,FOLLOWING TOO CLOSELY,2.0,49.0,2.0,2.0
0f6baac4949d14788bb2e0ee77c85fd5d8982ac1d5e7abd5d663d416efc7c022a8e21c04cb91f02d286a7dbe96daaade442c6812e94189cb69f4eed214b9c805,CLEAR,DAYLIGHT,DRY,IMPROPER BACKING,2.0,67.0,2.0,2.0
0f6bec50de420f23e2021f70f7372a2589330d35619aa01e8966a4b23ab63eb4313e78e628c67ce5fada54a084c565867325ba0e9267551ce71aeab13becb96c,CLEAR,DAYLIGHT,DRY,IMPROPER OVERTAKING/PASSING,2.0,45.5,2.0,2.0
0f6bf6a3e293328e1ce68f86615190f5f9329f03309fb7e7674f2a91e40ba9bd7b64a97a7e80c5c29c908c23fbfd103190c112807292a800a1f20a96693d9158,CLEAR,DAYLIGHT,DRY,IMPROPER OVERTAKING/PASSING,2.0,30.666666666666668,3.0,3.0
0f6c0168aeed242364ef58a211e293b6d4804eeacbab46e3c67572bbf7b8f3f00b5e4c7b26a34e1d5de9866048cbfbf2e63a320bfd7c98cd78732baf07ea1dd7,CLEAR,DUSK,DRY,IMPROPER LANE USAGE,2.0,37.5,2.0,2.0
0f6c0701f8674df1e61f056b34419d13e40d0ef49c45b13a91ad3dc25fc6535f18bcda1a22b5ba5ad6fbb470c2fdc7d8a8a93921475f103d0145e201990b489a,CLEAR,DAYLIGHT,DRY,FAILING TO YIELD RIGHT-OF-WAY,2.0,50.5,2.0,2.0
0f6c39e05b78c07f8b8b049e7df330a68895fffccb3b39933c3ecdff26f695074d68cd19834970278177e73862977a98843bafee6bac42f4378bab8bdcf2240c,CLEAR,"DARKNESS, LIGHTED ROAD",DRY,DISREGARDING TRAFFIC SIGNALS,2.0,35.0,2.0,2.0
0f6c53c33c88bacd137f8d531c09ee189f41d37824e37caa1036cda179a50d75abdc568e37644527419022d0d24d1b6127f67c33a293824ddeb1a57379f30bd4,CLEAR,DAYLIGHT,DRY,IMPROPER BACKING,2.0,37.0,1.0,1.0
0f6c5fb5e39f85fb893359f404e816c8370e6f8c8afd1eb47caf204c23556531d41f9dead6e4c42cb2ab59d197b0083cea1afab5ad03a504f89d60ae86438a0b,CLEAR,DAYLIGHT,DRY,FOLLOWING TOO CLOSELY,2.0,47.0,2.0,2.0
0f6c694c9677a0a1ef38e7a6c706c4e2f86ba025b2728c3f0d1bbca2971f1720ff3337e5410753f8f5b57012a1b747a0cf7c4c5286c36ff084c770b8f182ab83,CLEAR,DAYLIGHT,DRY,DRIVING SKILLS/KNOWLEDGE/EXPERIENCE,2.0,38.0,1.0,1.0
0f6c7050828985f63153e8dbd0c5509709d3cd5ff1e19c09e1c5b5447171b836c6bb9f141e4941a604f5a8e43758aee22474368080ccb05fbc1ff9ccadb116f0,CLEAR,DAYLIGHT,UNKNOWN,HAD BEEN DRINKING (USE WHEN ARREST IS NOT MADE),3.0,27.5,2.0,2.0
0f6c7ea8146d47931bfb81768ca25a75fa20468d80062f8d5a88f0d663caeb0f7bbe1070150b1903e33cff88e7459a455be2296ffe03cf62538ee207929fad39,CLEAR,DAYLIGHT,DRY,IMPROPER BACKING,2.0,46.0,2.0,2.0
0f6c94c6504d1b2d76bd1f5b83630cf0b2ba77b8becc9f8121032a5690845fe67cf914d32a31ba642ea58fada12da756443cb24d6c5cf6c495c729e21786553c,CLEAR,DUSK,DRY,DRIVING ON WRONG SIDE/WRONG WAY,2.0,17.0,3.0,3.0
0f6c9c2f293652ba3f980ee2e41c279e8b6fe3af19b24e873c42dffde9f3fe6c19ffc41ba7afeb0d6b5ee69ad48fc110532172d045955e3b02363c3aebc09c3d,CLEAR,DUSK,DRY,FAILING TO REDUCE SPEED TO AVOID CRASH,2.0,49.0,2.0,2.0
0f6cab4fb50d1410132e1d9e0b1a2db5cd45559ed056c0f415e9f248b1929dfdd250b0faed4001a74bbd9d577881e094576de22a8bf52c1186b2ea02c4ac365c,CLEAR,DAYLIGHT,DRY,IMPROPER LANE USAGE,2.0,28.0,2.0,2.0
0f6cc0fb90ef13bdd87279329292a9d3c90897e850fec4bd1e6f006cf8f8363f0d2c68eab03936d6c63da9a852b41aff0255aa51eeb026001f5a16ab901d7786,CLEAR,DAYLIGHT,DRY,FAILING TO YIELD RIGHT-OF-WAY,2.0,53.0,2.0,2.0
0f6d1a116c05045523025f30e9c366373cac81f85208fba4922515df9e0625dd513db5139549860f5ab30fa904f374b8ee2d2b0855ea51d55fd4735a96214113,CLEAR,DARKNESS,DRY,IMPROPER LANE USAGE,2.0,37.5,1.0,1.0
0f6d546d0c2cdb02b863f94074f21c18e0a411f30873be4f9f8ba614d7fa990ab2444361454bd6137a0c969332ffcb91276fd8ae7463f6b8891edc3c9038a99a,CLEAR,DAYLIGHT,DRY,FOLLOWING TOO CLOSELY,4.0,35.0,4.0,4.0
0f6d63e3e2e4575b90afa6ec0b1ceb63ede392c362fc20c211560c93b371c46b6165f88561c0fc642c3d1b5e6e3a4828a4820e2451bf6a818530580784e3f8b1,CLEAR,"DARKNESS, LIGHTED ROAD",DRY,IMPROPER TURNING/NO SIGNAL,2.0,36.0,2.0,2.0
0f6d651e55c8eb2beedfbed3e5f30bf42638b5132251d7e7857fad100cc18afb1512ffab0079b2e4d3b2b25f28daceef33d5cbf29f69751d2ca30da1d409c72a,RAIN,DAYLIGHT,WET,FAILING TO YIELD RIGHT-OF-WAY,2.0,28.0,2.0,2.0
0f6d9acc419d619f0dcd250a4b94177e8a5f00528455a20e5331bd5973fd662eb95de2a4a505aa90330372e6a6e616da86259e3ece95fcfe831d551b20d514d0,CLEAR,"DARKNESS, LIGHTED ROAD",DRY,IMPROPER TURNING/NO SIGNAL,2.0,36.0,2.0,2.0
0f6da520f1279875137d7daef8849b9b5eab6f834713b8463bff9eb8f880129c7e3605f56af2def8719e34577dafa883f42cfee9d275bba1bf21b90dc5470229,CLEAR,DAYLIGHT,DRY,IMPROPER OVERTAKING/PASSING,2.0,28.0,2.0,2.0
0f6db0a84803a1dfda8b181a0f6c0d2a8a7dcb478f6750b20e4d067ee5146bcf558adbea5df4099cf23d070b1517d547388d42e647095713964fe542b991353c,CLEAR,"DARKNESS, LIGHTED ROAD",DRY,FOLLOWING TOO CLOSELY,2.0,19.0,2.0,2.0
0f6e0882eb12fbb391e82f6cda9b5b932fac787bdb89b1efec75ef105c9bc0b2a48da459b0ac3893b9dbf46312e220ca876100fefff418f4ca15de7279311e58,RAIN,DAYLIGHT,WET,IMPROPER OVERTAKING/PASSING,2.0,36.0,2.0,2.0
0f6e7ed414593a3c43426a03042f0b5a36a207989b791599106339060431d1fff86cb0e7b218a9872a833d48c0ccdb026335b65e0e1493c3575fdd0717d0d496,CLEAR,DAYLIGHT,DRY,IMPROPER BACKING,2.0,45.0,2.0,2.0
0f6e875632b21503d3180ffc7bd8cfc10269d4a297db0b9d74d0b380e9068b9acd7b047875b2507f7434e4064dcd2d36ba5df6de78f339ed8b0e717288b2efd1,CLEAR,DAYLIGHT,DRY,IMPROPER TURNING/NO SIGNAL,2.0,35.0,2.0,2.0