crash_record_id,weather_condition,lighting_condition,roadway_surface_cond,prim_contributory_cause,total_vehicles,avg_driver_age,total_people,total_injured
0f6ea9999d9076fbba06670e389517a834c51c771de0186cddb765e24abf39e23e382d53a7a18b30bab90cd836f3fed4f93e9d210d9d299fbc1172e4ec81d720,CLEAR,DAYLIGHT,WET,FOLLOWING TOO CLOSELY,2.0,29.5,4.0,4.0
0f6ebb5e8602077679b1f6dc02a3d86cd9c1154f749d380c5d1885dfb2ad19cefeb552bcc57b032b013c59682b805c2a00fe63f9f01a3a2cd37fc1502e2f3495,CLEAR,DAYLIGHT,DRY,IMPROPER BACKING,2.0,37.5,1.0,1.0
0f6ecc19cc31a28f9752a33ac40a0248565f67b12a3292f92995fc7ebb2c6d7522f7416e9e9fe19b1c66e9fa8e9d405c68d5e839de18fb8d1fb2ca56f290573c,CLEAR,DAYLIGHT,DRY,IMPROPER OVERTAKING/PASSING,2.0,52.5,2.0,2.0
0f6ed763f7be34bbac22ae81c25d77646f49b28979c43bbd9a142a607be81889390b234fd86c33b74b7355a5dadb343e996ef740b19cd44260aa43d4ed17987c,CLEAR,DAYLIGHT,DRY,IMPROPER TURNING/NO SIGNAL,2.0,24.0,2.0,2.0
0f6ef1af11a04e83d141c59ab5859a5f94c930514be4f4df60f3126d928c134061b45b7c76c75b3c96e5966364d9212f575dc4fd52bcf00842be8e12f8bf73a5,CLEAR,DAYLIGHT,DRY,DISTRACTION - FROM OUTSIDE VEHICLE,5.0,20.25,4.0,4.0
0f6ef6521b5361240393e7596b3a844bf69bfa59cc35b2547e61570b5939d4b8a47680574eb5d5c49c3fd74ff5d741d4724a85666a01086354200c4b6b09acfe,RAIN,DAYLIGHT,WET,FOLLOWING TOO CLOSELY,2.0,46.0,2.0,2.0
0f6f04cd25fbdf0ec4c6352923fb6df7f1aebb379f0b9d9b33467b1d1fbb0c8e858aa13bc581b0f4858296f58218bfa7f97616ec81acb753d2743f3dcd0e97e5,CLEAR,DAYLIGHT,DRY,DRIVING SKILLS/KNOWLEDGE/EXPERIENCE,1.0,28.0,2.0,2.0
0f6f296a89c4ba840055db673d6c6cae10a3ac5c54d81615f7ec6e9cdcfb7cc601edf3fecd2e712b184ad1965c78e193960ce5f8cec95e29a6a3e5f02d11345f,CLEAR,DAYLIGHT,DRY,FAILING TO REDUCE SPEED TO AVOID CRASH,2.0,36.5,4.0,4.0
0f6f36262c4545a90d13382dccccceab3807a76156f79899f65e61ad073850218ff2b087ac1cf98f065e39d1625d58c19bc802dcf562975f69f78b61f6e23b87,CLEAR,DAYLIGHT,DRY,FOLLOWING TOO CLOSELY,2.0,26.0,2.0,2.0
0f6f6a4b2a9c777c16b9bf604a57b22fbb18c578691748c8c7e0f417ca7dbf02fcbd2034993aac861b49b4f096cb4b5334ae6ebe54e726dd672bb1e1db389be4,CLEAR,DAYLIGHT,DRY,DRIVING SKILLS/KNOWLEDGE/EXPERIENCE,2.0,49.5,2.0,2.0
0f6f73c88b1e8cedfa27fc64e6a4c7df9510a9f5160e8354456aa9d2acb5e2cb0fb413ac2c36f6c478806020e9b31c6ff343a9e7828310b63801e2c7b1a40eda,CLEAR,DAYLIGHT,DRY,"OPERATING VEHICLE IN ERRATIC, RECKLESS, CARELESS, NEGLIGENT OR AGGRESSIVE MANNER",2.0,48.0,3.0,3.0
0f6fa11e4368fee246a8bd13fb4f17e867ff92d24caf3c7ac6f9079db279e9b723fec7f0149aace293d3d5860e509e13a3c3526e0737304b589ed5d3d720ebc2,CLEAR,DAYLIGHT,WET,DISREGARDING OTHER TRAFFIC SIGNS,2.0,46.0,2.0,2.0
0f7009f9ddf64a135f49f8b2573c89416edd9b9f80beca400fcbb6b1e946ee4ac38d4bac3936565b2fca5f10b9b1cb7af776ee64aa753e0bae2102c4322713f2,CLEAR,DAYLIGHT,DRY,IMPROPER TURNING/NO SIGNAL,1.0,58.0,1.0,1.0
0f704ef5e5771b29b638fd4dc0e97974f599f94230f141345c91b5b8afc467663a459ced105cccde2c981727f28d3e2c804d5e100fc89f79a1468b5af7c995bd,SNOW,DAYLIGHT,SNOW OR SLUSH,DISREGARDING STOP SIGN,2.0,44.0,2.0,2.0
0f706bf3a5facb24916b7bb3e4a83fe117e62692bf8015b9af310f7b5b21c540a5337e8a6e4919024407677e67885f5f5be59a01a43667a342baf784346b5d27,CLEAR,DAYLIGHT,DRY,FOLLOWING TOO CLOSELY,2.0,43.5,2.0,2.0
0f70ad05e69bd3d438b867e2a787648c6c198d77d0a0721342a382ce671961a018f4f9e6a6dbedbacb0e415ea84c924d7a05c06cc42cc3deddd987c11aa48255,RAIN,DUSK,WET,FOLLOWING TOO CLOSELY,2.0,17.333333333333332,3.0,3.0
0f70c865c6f35a1d9013a4bb23d9ded5bd2b68c16705e76b017d56a494c67f97ca92c184910e3ab7897f1d214cd3e43c9a630d1721c5d1fc6514fac765d950ba,CLEAR,DAYLIGHT,DRY,PHYSICAL CONDITION OF DRIVER,3.0,48.0,1.0,1.0
0f712f814ab41cd354cbb290754c9ff3bca6044acf198c85e38be14ed113acd793c155c2dbf8c5e4db5cfd6b6bebf3f5274ca58847ec9fe8cb54dff53daba77f,CLEAR,DAYLIGHT,DRY,FOLLOWING TOO CLOSELY,2.0,19.5,4.0,4.0
0f71454f7b7080b381f0d4586c77ff64cb16d189147246b9b3f4236755334f0c42d16201a5ab5b5e9141582fec372fc615241d0258dba7ab2b923aa2295ca83c,CLEAR,DAYLIGHT,DRY,IMPROPER TURNING/NO SIGNAL,2.0,22.0,2.0,2.0
0f7146a66dbd1b497d705aad8ec5af5062038b007bff8995dd026f5d64c7b2750860be380d6f7f03e4312663ebab2301eef1f5601f2adb2e05e2eb7d7279d3c9,CLEAR,DAYLIGHT,DRY,IMPROPER OVERTAKING/PASSING,2.0,43.0,2.0,2.0
0f715bbc98858d4c0a5b63e47d0bb3a671758243c44395cc5cfa6a569e04c485017b28f7299893f17143d3ec26a416bf9efd2a55f22fa5caf21e16863d8dab38,CLEAR,DAYLIGHT,DRY,IMPROPER OVERTAKING/PASSING,2.0,36.0,2.0,2.0
0f71c01757462c09b4f48164c8664fe6d3608f30d66940448a34e3302f93ff27fcae7f907f7deee6492d8593d65620ed67ca2a287391727474bae48ba56b6878,CLEAR,DAYLIGHT,DRY,FAILING TO REDUCE SPEED TO AVOID CRASH,4.0,44.6,5.0,5.0
0f71ee009ad79b02913aee3f2f6732719448b3d51ab4cad53347884c9be78df9c6ba6c786a042328763dcb8155aecb828b3030e8a87ce9a19068157ee3af9b43,CLEAR,DAYLIGHT,DRY,IMPROPER TURNING/NO SIGNAL,2.0,43.0,2.0,2.0
0f72162f098acfb5ad58ae87e2fe89c117a82328fa7315559bf62d642f887add35e8475b2144f9ecc14ba451717117cf301bfdeff036137ef09ea13e06221ad0,CLEAR,DAYLIGHT,DRY,IMPROPER OVERTAKING/PASSING,2.0,60.666666666666664,3.0,3.0
0f7233d14c132cfa6f036fbae6d643f72e0b1e415cd3cc956bceff04c8cbfd532de952cdd1a8f0ba48dec0ad58184baf91705501b04f69281a86c6243612d006,CLEAR,"DARKNESS, LIGHTED ROAD",DRY,EQUIPMENT - VEHICLE CONDITION,3.0,24.0,1.0,1.0
0f725b24c180fbbe3d2f2fd8a15119b1fbcbdde65440053fc5d5d9e15f4682ef461aa117d69fe7626ab298cdfa2a567edd60721cc61578ddc5dd9c1933206ba2,CLEAR,DAYLIGHT,DRY,FAILING TO YIELD RIGHT-OF-WAY,2.0,15.5,3.0,3.0
0f726827d90eb3eff137a4bc97ba9a1e81f2d8537d0550018bccf859f836167c933213a53f483b9e0b853183a427f721801a2d78acbe4fcb361b4a80b1c4f311,CLEAR,DAYLIGHT,DRY,DRIVING SKILLS/KNOWLEDGE/EXPERIENCE,2.0,31.0,1.0,1.0
0f727e1629180d078fc33cdc97f81057b2cb344aebe8c2f8d8d458b416c45f7bfff38013c536b299c8c45fbe17cf2d5f03e5c2b211169756dc4783e71b6ba7ed,RAIN,"DARKNESS, LIGHTED ROAD",WET,"OPERATING VEHICLE IN ERRATIC, RECKLESS, CARELESS, NEGLIGENT OR AGGRESSIVE MANNER",1.0,76.0,1.0,1.0
0f7297ea55611bd13aa256f5500fa270aba956ebf232c2848806995502f6212bfd5fc0c5a6d76155b10002c82dac59f28660f6113c7e79c933f2e1c0025aaab6,CLEAR,DAYLIGHT,DRY,IMPROPER TURNING/NO SIGNAL,2.0,27.0,2.0,2.0
0f72ae4b33c84ec98d932139c4a0ca6d6ad132dc6982673d38ab185b4ad7264a8b99f814ae256ba35ca523ab52a3e9b5101ce1abd4d38dcf48efc88fad1a19ab,CLEAR,DAYLIGHT,DRY,IMPROPER LANE USAGE,2.0,84.0,1.0,1.0
0f72b08aaab5afc6917f98478baea433958443da5d655bb45ed7bc4ed2c10245c1b0639c914e590ddf8f71cf705568ca52ffb6efcc396b5bcb4c86261d52cb35,CLEAR,DAYLIGHT,DRY,FAILING TO YIELD RIGHT-OF-WAY,2.0,34.0,2.0,2.0
0f72b3ee4aa47081da1eee1ea9bbbaaddeeab639c824438822dcf1b41ec5a8003c3711852fe17a3b611ce4e0ecf2e039046e8396e33a2eac8b41ed2f86690f06,CLEAR,DAYLIGHT,DRY,IMPROPER OVERTAKING/PASSING,2.0,56.0,3.0,3.0
0f72ce8f45d6201940d10840d0af23e8916310cb3c206d1e19ef6453be876f4be8cfbc7f5604ceeb8a055126bfc1d8f03829419c03f71fd37bbe7ac83e8b89d5,CLEAR,DAYLIGHT,DRY,FOLLOWING TOO CLOSELY,2.0,54.0,2.0,2.0
0f7317f0414c26afc0d986d139376eecf19c94aad5581383ed2a05dfacb0658944e90b73e3f6c63872a76fe4f91c22ead10d2ac546e387c948a9f562e784d255,CLEAR,DAYLIGHT,DRY,FAILING TO YIELD RIGHT-OF-WAY,2.0,23.0,2.0,2.0
0f732f262e37f33a31b66feb3e40bf172623315bae1906a170d154af8ce17f76e8da7c74e20bb1383692695beaeafd8575bd233564dc87054afd0517f63c6527,CLEAR,DAYLIGHT,DRY,IMPROPER LANE USAGE,2.0,44.5,2.0,2.0
0f73339a3aae66b1e6630108f42a7f24ec927e1f59acbcd1885b2802f960667553695144bc7030097a5446eb687378ab32602f15c814275e09229dddd5eea7bf,CLEAR,DARKNESS,SNOW OR SLUSH,DISTRACTION - FROM INSIDE VEHICLE,2.0,36.0,2.0,2.0
0f7342fdc99b61df8ca628ccc41bab40f0caee29f0162d459ae331f5c77d80dc0609f71e2da0eb24502a7c52e10c89fa276ab629bf00d75fc3ebae7287643884,UNKNOWN,DAYLIGHT,UNKNOWN,IMPROPER OVERTAKING/PASSING,2.0,19.5,3.0,3.0
0f736d28d1463fb660b391d12b642974a462d49992f4424d20c6cbc7be84a06413b8c42bbccad8558a208fb44d518f3a9ad8cf7c9c842bc3132022130827f073,CLEAR,DAYLIGHT,DRY,FAILING TO YIELD RIGHT-OF-WAY,2.0,64.0,2.0,2.0
0f7385f64c88cebfbc2216ac83f7200733fe185b55ebe5b5b033adc07bcf806f41b99f503371639dab08369df5ddafeba8e18c1a1669519398053b692d546e68,RAIN,DAYLIGHT,WET,DISTRACTION - FROM OUTSIDE VEHICLE,2.0,51.0,2.0,2.0
0f739143cbbb573cd6319bc84a4d6a87617627bcb9cbc3afb9abd430eb45e8d08ba09af847e608996407e5cc7dd445527f8285b45aaa067ba0c6b478e450fbb6,CLEAR,DAYLIGHT,DRY,IMPROPER OVERTAKING/PASSING,2.0,33.0,2.0,2.0
0f73adf53360acc8a2c5dec4039315f2ecae62e9def0ffb564aa396a4b2cc74a517e33de3619e556c7f1d76dca5a15d49bc0ee0fb1d84b902bfb041844e7156f,CLEAR,DAYLIGHT,DRY,FOLLOWING TOO CLOSELY,2.0,29.5,2.0,2.0
0f73b274cf90c7af60ebe10cfcddc1bda67079ba92fc61574d1ba575e8ac3dc1f6fb520d5988d7851a58f79de8fa0de02d69274a5ad974ddffbafb8a97129942,UNKNOWN,UNKNOWN,UNKNOWN,DISTRACTION - FROM INSIDE VEHICLE,2.0,20.0,2.0,2.0
0f73f0825f2aabcfa1aa08b80577fb63649f86df8ebb5729f5e5abd9019d2f8ed70c29882a7af0f710e0435326fb5927f0683ea6ce090e3a59ed81f886d5b0a3,CLEAR,DAYLIGHT,DRY,IMPROPER OVERTAKING/PASSING,2.0,23.0,2.0,2.0
0f740c675e8c66fbe3f87980bcb0b0837c16639b97580114e2d0d6e7cc1989469da8c441ffefe0885644a9346a56bc0cdc9423b29b8d57f822d6ca86e854b889,RAIN,DAYLIGHT,WET,FAILING TO YIELD RIGHT-OF-WAY,2.0,58.333333333333336,3.0,3.0
0f7433ea6d82d9049798414dc23b39caf09bacd4f601ab2d78759daf91d2c824f052fe04def2f389c8efe1a78baa48bd0ac4393d84a537c093e25147178f7481,CLEAR,DAYLIGHT,DRY,FOLLOWING TOO CLOSELY,2.0,34.5,2.0,2.0
0f7434f611860c876688d77b0ab3df79a80ae9c2a8fb661a72ba18b662aeb7c5b263aeaf78c8bb688395fe384bcb811023c48032eb47be0c36f9b7c6e856c10f,CLEAR,DAYLIGHT,DRY,IMPROPER BACKING,2.0,38.0,1.0,1.0
0f743fc4e474032659f6ffecbcf2d7c530c0699f502d83befe33ff3b27c104cc33afea3134f0e408aa24de57d33d6368ee43676dfe69d57055851dfd373da9a5,CLOUDY/OVERCAST,DAYLIGHT,WET,FOLLOWING TOO CLOSELY,2.0,50.5,2.0,2.0
0f7488c979a5d47775ced3fb10cd78640446ae254316c9831cadfe6b4969d5afcfe1666a936ebeaa3803abed79f9095d908b39360b6fbb13189589e79edfe7b3,CLEAR,DAYLIGHT,DRY,IMPROPER TURNING/NO SIGNAL,2.0,27.25,4.0,4.0
0f74f39f3eeafa1e3d5a0170fcdc50c2f733b7182c30bb992c577bc916e8da253b390299e738fa13ee54d715efa393e48890cd552cc705ddbb635161069f2667,SNOW,DUSK,SNOW OR SLUSH,DISREGARDING TRAFFIC SIGNALS,2.0,34.75,4.0,4.0
0f75107ebf1dca034eb1fdc9baf2cd1e733442cfee40bff08c4c0bfa54b3b54273492c7f3c70156d68de4374a919dc69efa08c3e6cb51d0d0f4a446edd31d0c1,CLEAR,"DARKNESS, LIGHTED ROAD",DRY,FOLLOWING TOO CLOSELY,2.0,34.0,2.0,2.0
0f7543bc1a5c7155d206d3f716db2dc81f6221c81ef8c2ed6bf7f48f074e13dd8b92812fd4a4641903ad152e4bb885d66e8703e1ee8a645f08de22468cacc10f,CLEAR,"DARKNESS, LIGHTED ROAD",WET,FAILING TO YIELD RIGHT-OF-WAY,3.0,30.8,5.0,5.0
0f7564dde6406edcb0d54bda0d58961c30088294ddf9b2ae8944b3f0a95d3896cf6460cb73b35bad69c529d57984ec6b2c361d94117cca2a4e850ad345b6d79d,CLEAR,DAYLIGHT,DRY,FOLLOWING TOO CLOSELY,2.0,42.0,4.0,4.0
0f75770158d396bae01f5176518c8cc18ea2f5ffaeb4b7cab1feec824af6988accf23a3ddabfdf323900dc4a241fa991c66920d4b507cd3a5c9df2c8878caae4,CLEAR,DAYLIGHT,DRY,DRIVING SKILLS/KNOWLEDGE/EXPERIENCE,1.0,28.0,1.0,1.0
0f7580d6fbca8aaea85de8624265c2648f447ec33eacec663b75aea3561721100e2071e761c3d11be9a5589bf8cd482fee8685f7b33f4ab32f2eeb79a3151dad,CLEAR,"DARKNESS, LIGHTED ROAD",DRY,DRIVING ON WRONG SIDE/WRONG WAY,2.0,21.0,3.0,3.0
0f75a0501ff1223ffd85e6330e717a63f76ca22fbb9f0fe5c9cc18339ad6bc0b97811c96365abb1030f4cd4cd4a7a1773f51ac28f202f244fc0bc67aae8d8b2e,RAIN,DAYLIGHT,WET,FAILING TO REDUCE SPEED TO AVOID CRASH,2.0,26.5,2.0,2.0
0f75a3cdc3cce70eb3e080162cef06fd1c003645007652104b1608ab371a51e608f4fa2afbe9f7d0298fd0bc82b71f5f3c9fa5a9a5b3c87b09897044e15ea693,RAIN,"DARKNESS, LIGHTED ROAD",WET,PHYSICAL CONDITION OF DRIVER,5.0,70.0,1.0,1.0
0f75afc5f7117f5678ebb8975e87eac2c8f72bf48bb7e6b9c2688a68feae6cf41d02cf4748eedf315e4e3d4ca99a19ef992cb6f4a771daf204405f61aa46fcd1,CLEAR,DAYLIGHT,DRY,FAILING TO YIELD RIGHT-OF-WAY,2.0,47.0,2.0,2.0
0f75e27490d95c4d468abccbdaefe990bc41e84abdeecf7f242136e6a1ea88853d9ef0e536fd5cbcfff42b94a64b6fd037d658d31beb9739bf801bcb3e7bd205,CLEAR,DAYLIGHT,DRY,FAILING TO YIELD RIGHT-OF-WAY,2.0,27.0,2.0,2.0
0f760d345041b6945aa4cce8ddaf77ed4fe8a9766a400382f1b324fa28cdaefafa97f6e20d43aeec1d32571e34e4adb652fd2e9d25eb25d708b513e1d68ab796,CLEAR,DAYLIGHT,DRY,FOLLOWING TOO CLOSELY,2.0,28.5,2.0,2.0
0f7623deb2587421100c4f646898571ded6b73560e90bf6ece841f261741491082c65d054239a2779ff7b552b116eace2e8fc88cadccc83fb56390823a2cfdfa,CLEAR,DAYLIGHT,DRY,IMPROPER OVERTAKING/PASSING,2.0,37.5,6.0,6.0
0f762f497d21f1fa7bd929e83a1a98bc77d96715980bb22ecb8f79d431ebf5c1b4503332a153c0761327616b25549080eba57ef9e85b33bcadafb03001f53960,CLEAR,DAYLIGHT,DRY,IMPROPER TURNING/NO SIGNAL,2.0,54.0,2.0,2.0
0f76354dc46909ef7b959f9c4e968f76da0399862a8990cb3f92f090535b0fb96b1250a6dd92da628a9d2e24c689e366b2e12471cb3a7be76620b91737a29a27,CLEAR,"DARKNESS, LIGHTED ROAD",DRY,"EVASIVE ACTION DUE TO ANIMAL, OBJECT, NONMOTORIST",2.0,31.5,4.0,4.0
0f76363fef764fa488533a408ed495e6e92f46c9f33e977ea7ccd5aba3cb47b6bbdef6e3d7cf9985477e48f9f1ac3fb4c36116e9e52843a07b9129b8816449d9,CLEAR,"DARKNESS, LIGHTED ROAD",DRY,IMPROPER OVERTAKING/PASSING,2.0,27.0,3.0,3.0
0f7642843194872d1e1a54a390a6028ba91287a570b5a26ba0aa0fccd0c627d7c11f32597b85656e092d5e4241d90b46d11a87badc054f9ad77799d41af4457a,CLEAR,"DARKNESS, LIGHTED ROAD",DRY,DISREGARDING TRAFFIC SIGNALS,2.0,22.5,3.0,3.0
0f766e9ca421933752a52e260e5df6cec00c2a458c57a7a9f8d709130240f42f1a60dd0411e996bc4af48242348852b99ed9de0ea36cdcfa12bb79369accbe81,SNOW,DAYLIGHT,SNOW OR SLUSH,WEATHER,1.0,30.0,2.0,2.0
0f7694b528f69f1eea67e9c584e3082a32ce94eb6a3facd477e01b588b735450529491ac683ba801f45398820189ca0d05bb93d1893050e26d626970408b6d70,CLEAR,"DARKNESS, LIGHTED ROAD",SNOW OR SLUSH,FOLLOWING TOO CLOSELY,2.0,40.0,2.0,2.0
0f76a31f10c5deef9dda9d08ad176b2b21e43c8935f5b0d6adc52b123b6e1c9160e86204f5a603f1c48846595a5757ad8f0ba84171b266769143782cdba78748,CLEAR,DAYLIGHT,DRY,IMPROPER LANE USAGE,2.0,37.5,1.0,1.0
0f76d0eb7727c51272a2b71cba63c46af105a03a61372aad874919efa52aa7ccb1d7c2ba4c7d25e7b8a71a9e5f9a3eae31bee90483c0a919688b341ebf1dd1f5,RAIN,"DARKNESS, LIGHTED ROAD",WET,FOLLOWING TOO CLOSELY,2.0,29.0,2.0,2.0
0f76fa7bc5a30c6ebf4e46191714417a5df05910eed2ba7c60ed62833e6a5eae31aefc7edb5914f1bae472f5dca9eacd32b02d753668ab2b78b352b62f33587d,CLEAR,"DARKNESS, LIGHTED ROAD",DRY,DRIVING SKILLS/KNOWLEDGE/EXPERIENCE,1.0,15.0,1.0,1.0
0f77076a16776c8ebac0a8486a666ab71892d31f7c920747df86204014bbf86b60f2586110a04db4da7b60944b62796e6198a94fd890c390f82805d0ec2da459,CLEAR,DAYLIGHT,DRY,FAILING TO YIELD RIGHT-OF-WAY,3.0,37.0,2.0,2.0
0f770b21ba56218d43bc5f4874e5efad15056726221da9eacdf3d371fd1040c82a1537f7aaaf3b581e70b9e24e1e0b5ef9964499c0941462ec0379ea2e8e8b51,CLEAR,DAYLIGHT,DRY,FOLLOWING TOO CLOSELY,2.0,42.0,2.0,2.0
0f771dfe68977d460a8a6d5f14625d29e971cd0528e0ca3c88200420b60a1a18f6cdeb4ae91ba30238e41b1f11ec1969e8f8c574343b53229bb6353538c7d3fd,CLOUDY/OVERCAST,DAYLIGHT,DRY,IMPROPER OVERTAKING/PASSING,2.0,28.0,3.0,3.0
0f773baa7ec49aac469b15d004e08abe0f25ea69ca6eddbfc55a6a9860affa6f520d61ca0cd2f40c9169ab85b64813845ca9c52e979e0e7a355c96211b7b8375,CLEAR,DAYLIGHT,DRY,"OPERATING VEHICLE IN ERRATIC, RECKLESS, CARELESS, NEGLIGENT OR AGGRESSIVE MANNER",3.0,23.0,2.0,2.0
0f773fdcad85714bae0418caefb5a4bb06e9e64713a591b222c3443a5b4d0d5d26ae62c415edafe96379226697ece5db884fb7040cfa9c1e6a5e12da87c608bc,CLEAR,"DARKNESS, LIGHTED ROAD",DRY,FOLLOWING TOO CLOSELY,1.0,67.0,2.0,2.0
0f77884b0f959882099959cd3a0d8e26a93103962d341e566376ec1b689a8d3a07b4f57a599da1598437d7200875a6d7ee6794715dc7a3fdc8210a2090cb12b0,CLEAR,DAYLIGHT,UNKNOWN,FAILING TO REDUCE SPEED TO AVOID CRASH,1.0,52.0,2.0,2.0
0f7793482fcb754a8067c0bd137213bf60157627d183acdd6a50a030cf2dae5a2cbf1919bbae969687e5867842d05a61555c4eae338b7754164fa298fa883056,CLEAR,"DARKNESS, LIGHTED ROAD",DRY,IMPROPER LANE USAGE,2.0,30.0,2.0,2.0
0f77a7a8df5b222cfba93e333cff9b68c6bbb3dd3a7a2de49d5b25086761f86f0441dea1567217974ece122d2901ce314200389846f5f19c0d9407c80c1e7226,SLEET/HAIL,DAYLIGHT,WET,IMPROPER TURNING/NO SIGNAL,2.0,41.5,2.0,2.0
0f77c7e40b44bbda1f540b57f6b7097b90f96336958a8bc54c391af343a9ba857cf6c4f420d279fb7fffc086d9ca0f67a9c78624ad633bf685996ffc723517e5,CLEAR,DAYLIGHT,DRY,UNDER THE INFLUENCE OF ALCOHOL/DRUGS (USE WHEN ARREST IS EFFECTED),3.0,29.0,3.0,3.0
0f77cc036a55a4bf840adcf9ec2b3e38dc1f85c1fd7fb689f875243a85f5f3ef28ab23847aa78d943d3ab7b101fce3a5ea6893c2fa152f5074c9c7f680d4aa36,CLEAR,DAYLIGHT,DRY,IMPROPER TURNING/NO SIGNAL,2.0,37.5,2.0,2.0
0f77d2982ed992e36ffe75efdf8a59501597874de72623ed22db477fcf112c36524a2586c3fa2de7d9a36e9c8ae74e73a89b42985889a5cca3067d0c6eda544f,CLEAR,DAYLIGHT,DRY,DRIVING SKILLS/KNOWLEDGE/EXPERIENCE,1.0,23.0,1.0,1.0
0f77d4a85c8f7874a4cf2a34545f2893c7bed6c8bd78d6e760a68189f63584e9ac653cb15084824b8a1970b85178906bdd3eb8877b9fb48346c49199a1726907,CLEAR,DAYLIGHT,DRY,FAILING TO YIELD RIGHT-OF-WAY,1.0,42.5,2.0,2.0
0f780f60550dec3572a6dc4fa6bf9fb01120567370a1a634182d46087685a9e05ddaf9f14b055b8bbe289bd36d60f36d57f7348745edc96ed9f7c42553dc95d7,SNOW,DAYLIGHT,SNOW OR SLUSH,FOLLOWING TOO CLOSELY,2.0,47.0,2.0,2.0
0f7812738d1f6535750af11ac9bd23efcef5299cc442c3436c35cf75ec5e53da3c5c8c20a1b53563a32cee85f4d8f4975099f6258f207d77c0e6ae527309007b,CLOUDY/OVERCAST,DAYLIGHT,DRY,FAILING TO YIELD RIGHT-OF-WAY,2.0,27.666666666666668,3.0,3.0
0f783d8192f60f5de3bb11181f1ee640d80bd765e62b636c5730030ef9b4dd62cb73d9e1835eb9030b8d41836f503e64bd8441a72288c0c462b50aaba7fe26ff,CLEAR,DAYLIGHT,DRY,IMPROPER OVERTAKING/PASSING,2.0,23.666666666666668,3.0,3.0
0f7886bd581674f3b38d9b5d43638dcefbb78b7cc3321663ca15556cf052258b323e4f7218bc1464f7aad9fa7817afd9854be276037a1b155a50c07207e3f49c,UNKNOWN,"DARKNESS, LIGHTED ROAD",DRY,FOLLOWING TOO CLOSELY,2.0,55.0,2.0,2.0
0f788e9f7cdf4724d62f28eee646e769974ea711c894f31c96e86ed2f9967445f20c03e72f189c5e588fbf7a76b64d6bd20aab496982742465a4663f90a0e98d,CLEAR,DAYLIGHT,DRY,"OPERATING VEHICLE IN ERRATIC, RECKLESS, CARELESS, NEGLIGENT OR AGGRESSIVE MANNER",2.0,65.0,2.0,2.0
0f78a9210f17ad4d6f0bb9d9b0082fcf38cc4768e93a945e6236ceed97d9a0742515a0bd9fa0fe7cf1e58405217364742d7719b74b850691bc63d133a71b394c,RAIN,DARKNESS,WET,DISREGARDING STOP SIGN,1.0,11.0,2.0,2.0
0f78aafd88e7496a518e580756a6ef47e333fb10e54d7937b9b1b23e5feb2851db28532a9a0c4f4a4715e905e01a3ecec70d3563ae09fa7cdd7b26b47374cdd5,CLEAR,DAYLIGHT,DRY,IMPROPER TURNING/NO SIGNAL,3.0,43.0,4.0,4.0
0f78ce23e98d2b7e58423dff471ee7ba090dbd6523eb57b34af15a98acfb7e28009376b80eb8bad0b288161217eb4a6de16fe615222850d49e81e6e81ec7b58c,CLEAR,DAYLIGHT,DRY,FOLLOWING TOO CLOSELY,2.0,48.0,3.0,3.0
0f78ea666736f5fe834286bfe59542c7bc01f9cfaf17f728ecca62103551fc12414c61de65a1d7a223ae09d5c99122a562eb1ae3ab73de1fb02b05e94dae93b6,CLEAR,DAYLIGHT,DRY,IMPROPER TURNING/NO SIGNAL,2.0,37.5,2.0,2.0
0f7912d5aba93968398b0a98dd4129d2c698d38f03793a58f06c6e5bf68196500e20704cc69e632ba70b4146867a06f86f6c23abbfdcf973eb2b589c191e6d1b,CLEAR,DAYLIGHT,DRY,FAILING TO YIELD RIGHT-OF-WAY,2.0,20.0,4.0,4.0
0f7916e685bee811e856e319aafa52622f3f0960e471b1ac258ca754f4b42b201fa62dbf6cc4772eb889dc698bfdca69c9b204d4d9459441f442788c55acf73c,CLEAR,DAYLIGHT,SNOW OR SLUSH,IMPROPER OVERTAKING/PASSING,2.0,57.0,2.0,2.0
0f791862bbf691682cf45337e67d1ef934d236544594661478385cc18cb3c28bdd8c456d1db04db9806cf227c5267d5fdd378484b097858ec7a6a9f58a6bfe4c,CLEAR,DUSK,DRY,FAILING TO YIELD RIGHT-OF-WAY,3.0,48.666666666666664,3.0,3.0
0f793e27fceb28c6d2e516d111ceaec3d76652b5b8f649f593a82ddd7cfff12e9df4773d3a5d01a5da6ab1593d3d277289d3f9a80a2c1621f923f512ade53d96,CLEAR,DAYLIGHT,DRY,FOLLOWING TOO CLOSELY,2.0,36.5,2.0,2.0
0f79420d9a7f9718b8bc3fcc2a71659e65856c41c0b131c7edc7e24d83ebc35bee3421ddcfb65003383bace7f134e980b01cb0878864b23584cf362d987e098b,CLEAR,"DARKNESS, LIGHTED ROAD",DRY,FOLLOWING TOO CLOSELY,2.0,25.5,2.0,2.0
0f794c699bbaafac775a3cada884bb269a0673268803ae23316d7a9e76c1765fd5724342475a9797b66e37de92cfe2f6519c22826134304216f3b5c69ee64179,CLEAR,DAYLIGHT,DRY,FAILING TO YIELD RIGHT-OF-WAY,2.0,42.0,2.0,2.0
0f794c91425fc6ed804083274ea26a618ca1758830a9d654950bf7b1b0a5ad9b97847abccd2993df8c065b2243dfa40bce8eb91b61dee2d4b96f526f5ce18807,CLEAR,DAYLIGHT,UNKNOWN,ANIMAL,1.0,68.5,3.0,3.0