crash_record_id,weather_condition,lighting_condition,roadway_surface_cond,prim_contributory_cause,total_vehicles,avg_driver_age,total_people,total_injured
0f796f489449102ea21a0f14dc6b477325cecc1a261fa506bc34861204efa01e0747babc536b6b23cf3897eec8eb952abfea5fde6a4d072e5330c41b90ce9122,CLEAR,DAYLIGHT,DRY,FAILING TO YIELD RIGHT-OF-WAY,2.0,32.333333333333336,3.0,3.0
0f797a3af0895c62f376bb4d4da0558d3f0277251bc0ec9f7da75d5db954cbae66f2e9cdfa3ef47f3d3c2810404bd3fe6cae58c81cc4ef0ac035af5303811b96,CLEAR,"DARKNESS, LIGHTED ROAD",DRY,FAILING TO YIELD RIGHT-OF-WAY,2.0,32.0,2.0,2.0
0f7986efc9cfbaafe40a2e74db36066da7b097935aac8c4955495b25f80ba0d1575c6cfa7a4f0574132418058eef635a566204f73fb5d44ab5fbd89aa53b5ade,RAIN,DARKNESS,WET,WEATHER,1.0,37.5,1.0,1.0
0f7988019564874eda3cd3cd422bbca5c10742160e76d618663d234ccc4f5f9c89ea64ecf9d08023e91e4d7dee12c74078f26ca1f04c716496cb119ae64d2c76,CLEAR,DAYLIGHT,DRY,IMPROPER OVERTAKING/PASSING,2.0,43.0,2.0,2.0
0f7997bf3343ce4b91cede19586c8b8007beafe27968fc9f2df978563d094ce894375e5e6ddccc2289390ae11e6d7397230e888427335b166e7d8152aba80a64,CLEAR,"DARKNESS, LIGHTED ROAD",DRY,FAILING TO YIELD RIGHT-OF-WAY,2.0,38.0,3.0,3.0
0f79995ac6351e2e69582dd68e15088986a99e3549a3f93e2eaf28b3a0f64f982c72dfcb3e0f891acdd21a58a5e373b8bb5a241a8777650bff0972949a60e810,CLEAR,"DARKNESS, LIGHTED ROAD",DRY,FOLLOWING TOO CLOSELY,2.0,39.5,2.0,2.0
0f799a7b53598a49ee570761edf8de9db78a56c70cadaa1f2f61fcc7d5e0b4490884892d0d6649fb7ff0ea676b0d742bc315e2f700938fa2afeeaceb97834e69,SNOW,DAWN,SNOW OR SLUSH,FAILING TO YIELD RIGHT-OF-WAY,2.0,44.333333333333336,3.0,3.0
0f79a467aac833d4537a6e7b3fc59e955d7a8c179d376094e2f0c169711f585a3b17484b7354ba9f461f7e72ce0d3ab68b56addddeb2fed5ac13fb422ebdd608,CLEAR,DAYLIGHT,UNKNOWN,DRIVING SKILLS/KNOWLEDGE/EXPERIENCE,2.0,41.0,4.0,4.0
0f79fdb2c97e12abddefa4611cfd8819f0b08ee4833c6588639cbe69b0567d26a0ea155be6eb3cdd57706b188137c6b535ee96e7739a255556a9e151bf20c784,CLEAR,DAYLIGHT,DRY,IMPROPER OVERTAKING/PASSING,2.0,38.0,5.0,5.0
0f79ff5f3c5d7b8347927d562b731056a3fe83adbd5df3bc807841c2b113f9e7e75891b2e6d9fe55a83b67f0f28649fee88d26acb65233b123ee4783b5561786,CLEAR,DUSK,DRY,"OPERATING VEHICLE IN ERRATIC, RECKLESS, CARELESS, NEGLIGENT OR AGGRESSIVE MANNER",3.0,37.0,3.0,3.0
0f7a08d99c5d45af193677b6f01eb13891ebba9e5c488fd29029c748a291a859d2e58b84347e5d6d8572099dd45f7cadfb60304b6e686ee4b7b21f2e5cc18941,CLEAR,DAYLIGHT,DRY,EQUIPMENT - VEHICLE CONDITION,2.0,27.5,2.0,2.0
0f7a0a77927919140be4ebb0af2ddaf99435da80d36546422b47a976b0afa7ab303ead2cae63b35ee9d5678e65b33ada4bf0061455e1cf70915e072a4afabdc0,CLEAR,DAYLIGHT,DRY,DRIVING SKILLS/KNOWLEDGE/EXPERIENCE,2.0,81.0,1.0,1.0
0f7a173f33af5f76f249e04bc8595b99c9c9f6f3f4721ed0d3719e5c0cfaac6e3e5d44ba62c93cae4e28e78c689a41da3e7a3087eded3fd6fb8d734974ebc155,CLEAR,DAYLIGHT,DRY,FAILING TO YIELD RIGHT-OF-WAY,2.0,55.0,3.0,3.0
0f7a2a060f75866126d8b78f450bd806e6464ca2f7084eb87fd55264668197a19f3162b078cfbbb61209f03156e2ac3abd3115f4942fc05970e849504f613da1,CLEAR,DAYLIGHT,DRY,FAILING TO YIELD RIGHT-OF-WAY,1.0,43.5,2.0,2.0
0f7a41df249f310c7ff236a068f08f582294ab17d57a07be2398147ef111053dc04182b588328b051591a9e736f5e3c37cc4d2638e085ab77ea96fcd496257cb,CLEAR,DAYLIGHT,DRY,DISTRACTION - FROM INSIDE VEHICLE,2.0,41.5,3.0,3.0
0f7a650769082ff051b13b3c157384d79c98db9c38bf61f8c53d459b3db3dd5a028fe0b183a363165894b0cf85d04613da1cba489ff36b8e2489e799e2191bec,CLEAR,DUSK,DRY,FOLLOWING TOO CLOSELY,2.0,74.0,3.0,3.0
0f7a815e179a88af8abda0a4ef472c405e9902fdddf0bc31fb078018485535b1d49506817b6f79a577171a568d9b5cc448d01e2d3c316631f2f407d5156b364b,CLEAR,"DARKNESS, LIGHTED ROAD",DRY,DISREGARDING TRAFFIC SIGNALS,2.0,23.833333333333332,6.0,6.0
0f7a95bc17403d9c45c415e0cf4d6350a97177337179230779b882b86e796a2d0aa87ed74a2d342054d73127963d0d180cc727f16b9a19004bc4c43a35c6b40a,CLEAR,DAYLIGHT,DRY,IMPROPER OVERTAKING/PASSING,2.0,45.5,3.0,3.0
0f7a9ab7f6adda61d1ea4b36f3dec4aaa5814456c37ac3dccf9b2017af6ca1936d31e4317ffdc7d8c359790ae4e11df5a42cf635003d9eb1bbb8f42f3c180538,CLEAR,DAYLIGHT,DRY,IMPROPER OVERTAKING/PASSING,2.0,29.5,3.0,3.0
0f7ae2fc897b92bf44277ab3ba2df8f298c08c4f58018b74b4301b842ae015be5d1e0f3daa2880b09ebfbfb5b136225ba37b30c505bb41bf87d0097c908d5a0d,CLEAR,"DARKNESS, LIGHTED ROAD",DRY,IMPROPER TURNING/NO SIGNAL,2.0,37.25,4.0,4.0
0f7ae411d9f9ce1521bd11a94729f40216cf8927a0238f49ef083cdf30e418ad37317344cae093a4a5ccd5cc23bc479e87f4e508234c6cd7a0ca01626c6f6d04,CLEAR,DAYLIGHT,DRY,FOLLOWING TOO CLOSELY,2.0,29.0,2.0,2.0
0f7b068df994de146620f487740e75f5ebee21aca652437a9b9384e42d148669235cc43307f225379b575a6bf60b1adfcc2ee83af3473dd399095a4e6a343812,CLEAR,"DARKNESS, LIGHTED ROAD",DRY,FOLLOWING TOO CLOSELY,2.0,22.5,2.0,2.0
0f7b27f68bc562e543626c5e1d980b6ae4cd703e966232bfbecf5dc3cf0198471ce8153e267f6458fcf2610c0ac5b14ce891ae4b21949bd2db0a0822d85e57e0,CLEAR,DAYLIGHT,UNKNOWN,FAILING TO YIELD RIGHT-OF-WAY,3.0,37.5,3.0,3.0
0f7b306fc444bb23d571feb5442612dd46f9dd1e342b0786ae293fcc5127cd895dc32dcf298f72566f7d30536915f3323206be5df833048eec24b17d47d04194,CLEAR,DAYLIGHT,DRY,DRIVING SKILLS/KNOWLEDGE/EXPERIENCE,2.0,20.0,1.0,1.0
0f7b60acaa892c9dc9d7ceba957c927c4a427665313bd6d1627b231ea2f39992ac4b797c871eca15a30e6a27b7c066b0c404f34512bb0a41e760e5ff1e05e8a8,UNKNOWN,UNKNOWN,UNKNOWN,IMPROPER LANE USAGE,2.0,37.5,1.0,1.0
0f7b8459a948113b1df3f14e9dbf04e6dbb9f6177450b6825da8ffc6099b8ba7e4b2bb7f2df5feb37e3864481db92ec22effa64dd2afb0dc84f296e5bd5de5fc,CLEAR,DARKNESS,DRY,IMPROPER OVERTAKING/PASSING,2.0,30.5,2.0,2.0
0f7b876414b1939a0a3207f4e32d13c16a98abf1ea13a8c628bb055419781528eee23edafc1913885e58168c2c94f4dcca87d121b7392ca9908433f4498ac1d1,CLOUDY/OVERCAST,DAYLIGHT,SNOW OR SLUSH,FAILING TO REDUCE SPEED TO AVOID CRASH,2.0,30.5,2.0,2.0
0f7b9ede34ece352dd2d443c5a3a74897b7c16df1cc01246986f31b15fe9862c52b66a0f93a14df3a15e0d89ecc767c2cf7deeb8f49d05a86b382dfd09b77d82,CLEAR,DAYLIGHT,DRY,DISTRACTION - FROM OUTSIDE VEHICLE,2.0,62.0,1.0,1.0
0f7bd764bcc1038b39adfcf68d9163c8efc5bcacdfb3c78b7ebaa1e13dd67ce7c35d11bc7ae35bcb4f8b2426cda1d21bea65bb6a0321336faced97ff50b4b2f1,CLEAR,"DARKNESS, LIGHTED ROAD",DRY,FAILING TO REDUCE SPEED TO AVOID CRASH,2.0,43.0,2.0,2.0
0f7bdc02296ad47530925f967fc8b533a938d774959a27374c116206147686e5a64d8d9ea7e79e445a5a06069785dc8f9aa6e83da8f003cc883fb4ad42eb2dcb,CLEAR,DAYLIGHT,DRY,FOLLOWING TOO CLOSELY,2.0,48.0,2.0,2.0
0f7c0efc746362a5dc67522bf5f528965146c75470cd9014d5d63f42c01926ab4962b254fce1c864cac1e15d887e01dc265ba8e4df7d68614e8bbda1b5132eef,SNOW,DAYLIGHT,SNOW OR SLUSH,"VISION OBSCURED (SIGNS, TREE LIMBS, BUILDINGS, ETC.)",1.0,60.0,2.0,2.0
0f7c228dc26603a738a4fdcabc8129a0bfe1d77fbad94078582b41f49e3ec53079a994b8fc6100b44ef2f1e2a460a862b67e53ea70a89975cfb10ae0482ab1d4,CLOUDY/OVERCAST,DAYLIGHT,DRY,DRIVING SKILLS/KNOWLEDGE/EXPERIENCE,2.0,57.333333333333336,3.0,3.0
0f7c3d12527eab99e8e83711bba41c766abd20ff5fcdc201074b9643f34bd386c1ae79518031682856f3e13c440ddb3d678ac84df0f07ff1cf9c666231321f18,CLEAR,DAYLIGHT,DRY,ANIMAL,1.0,68.0,2.0,2.0
0f7c45bca7d845fdce728e2bb116be08ec718bc56e77aaa9b434bcdb6b297c8a47e491859aba6062839300fc467430b9bd83f4062210ce2b4677728807d6030a,CLEAR,"DARKNESS, LIGHTED ROAD",DRY,IMPROPER BACKING,2.0,37.5,3.0,3.0
0f7c51151511a4fcc2288b057f05040b20f1cc98b72164700a08e2d39e4e5fe8a25c1ba49b6e01a5a11d7701b97c64b10c785437c39c90ce72e8da0d8b52e1f9,RAIN,"DARKNESS, LIGHTED ROAD",WET,FAILING TO REDUCE SPEED TO AVOID CRASH,2.0,21.666666666666668,4.0,4.0
0f7c60e442ef044a60d689bcbd453b7aa070cae9b39817234d09e8d3e0fd391374e57c173bbc6e25186b82f6a4cb47a7cf70addd426491c9b950bf9f047dda3c,CLEAR,DAYLIGHT,DRY,IMPROPER TURNING/NO SIGNAL,2.0,67.0,2.0,2.0
0f7c7745d4d8b4f4955d1068fac8f0b8d8dbcb7e61c0650b997491e1032ff552f3505659bc5bf4245c8934aaa21a915bc636807c38b0ec5f04adf1701736b218,RAIN,DARKNESS,WET,DISREGARDING STOP SIGN,2.0,36.5,2.0,2.0
0f7c7903f0f3fe6b71472021d56613e0de16286014c152dffbb07f8539bd0974f98dc366401d4aa36163199af716609fdc5cf81a3c8486a70a2edffa3485d563,CLEAR,DAYLIGHT,DRY,FOLLOWING TOO CLOSELY,2.0,33.5,2.0,2.0
0f7c81bf96ddf96581a494cf354203ce4c1e154ce06c6b499157ae4f7a310ea3b8c5774555da6af922bd3308ad669803fc2906d9a4eaa5504b9484dabd2bd20f,CLEAR,DAYLIGHT,DRY,IMPROPER LANE USAGE,2.0,24.0,1.0,1.0
0f7cabd7e21c4de53c2bfcc433fa82fda4ac9416eda51adb3ef8c881fe5e6027d2ebfde6af4180aba7c6e4fdd1e4f4a8e50bdbcaba03fd72143e82c7386d9482,CLEAR,DAYLIGHT,DRY,FAILING TO YIELD RIGHT-OF-WAY,2.0,26.5,2.0,2.0
0f7cac19f12e9afeb2295e80ea90ab49902a384d50869101a574a9811f12b72e19dbf916ad2296311dc89238074be93b0336cccf90f1d46baec65f0baf629e5b,CLEAR,DAYLIGHT,DRY,FOLLOWING TOO CLOSELY,2.0,43.0,2.0,2.0
0f7cae511154e57c7d4f3489e7845224fc9b762a7cd961e17c0e5ab7df2574b6cd461feb24e6b5d452eacb7ef609d2858ee1fd2f16b2a373ad356f2286b8e5a6,CLOUDY/OVERCAST,DAYLIGHT,DRY,IMPROPER LANE USAGE,2.0,45.5,2.0,2.0
0f7cb1e58ab69fdef5550b05ba048a20bae49f10a8c134e008795422ff92ba58088fd2fa1e86dcce1513d9c4a6b0138eaee84a470ba3d45ec29f605eb258f0c2,CLEAR,"DARKNESS, LIGHTED ROAD",DRY,FAILING TO YIELD RIGHT-OF-WAY,4.0,29.333333333333332,8.0,8.0
0f7cc51971699ac596fcd9b31c7d8672041712ffd4cf9731efa3ee58b5e4821374dcc3b05d418c73bf29e8013633a0290315184aed5d27ac0b17eae57ce5192c,CLOUDY/OVERCAST,DAYLIGHT,DRY,IMPROPER TURNING/NO SIGNAL,2.0,39.5,2.0,2.0
0f7cf027b3e9f3a962c3caec7cc03a9c1afb9ae55accbd2f11a4b3c3774bc658db15398ea53141235720cc5927c41bc8637f70e8a14b0480a300482535dc27fe,RAIN,DAYLIGHT,WET,FAILING TO YIELD RIGHT-OF-WAY,2.0,20.0,2.0,2.0
0f7d7a46c2cacf34752b4cbe44c5da702f81074353f07c26ec51c0095f7abec053f5cc997c775edbae74ed6a9001612c53685dcca8d71cfdb78e8e0bc110da41,CLEAR,"DARKNESS, LIGHTED ROAD",DRY,FAILING TO YIELD RIGHT-OF-WAY,2.0,41.5,3.0,3.0
0f7da30aafb6b1b639c122d9e6a750e0fd142d708022ed4dfa555c9d72825c3c28862da30f72d9adae758494fb4e0eabd078d6de31b244e55aa801e89aff3adf,CLEAR,DAYLIGHT,DRY,DRIVING ON WRONG SIDE/WRONG WAY,2.0,41.0,2.0,2.0
0f7dae21e4f27eadaa2941cb3bdd37b42ae6e4df612a448ae0aa45caced39c95355b25a65f6ab08cf67ea33bdf8fb6c60404275e12ef2ac97c40bf992c8d3e95,CLEAR,DAYLIGHT,DRY,FAILING TO YIELD RIGHT-OF-WAY,1.0,65.5,2.0,2.0
0f7dc3f0349570cb875334c0f30e784813ae9292c5b52c31932865a3dab62d239bf446f777bec66913d80539847e45872a4b417c7f3a1e2783e2292fb5ec09e3,CLEAR,DAYLIGHT,DRY,FAILING TO YIELD RIGHT-OF-WAY,1.0,72.0,3.0,3.0
0f7e05c1dbd3d71184cc45ecce1b3f0cb8054a9b55d6ed95c984a63e04813263baa8af104b2a3b1725e9cf344329aa90f83dab082a5611af21311764c08c805d,CLEAR,DAYLIGHT,WET,FOLLOWING TOO CLOSELY,2.0,45.5,2.0,2.0
0f7e3f21fb0c858b145bbf09aa861c384f9a0e7da9ce0e85a7157827b0833c9ab8785213b672a9a8ae29c403cef48ef1b6987cb0139436ae1fe0a2a394a1b90e,CLEAR,DAYLIGHT,DRY,IMPROPER TURNING/NO SIGNAL,2.0,30.5,3.0,3.0
0f7e6002d28875057e4b01ef79973fb673847ec533f15c3409476cc9687b8d518a5095c26d3f2533121291cd3bfd23150a5c0474df7c2e6f34ae2a424477d2cd,SNOW,DAYLIGHT,WET,FAILING TO YIELD RIGHT-OF-WAY,2.0,21.5,3.0,3.0
0f7e8c911711c09ab1fb465989495a8bf986d6dc87ee5e8a2433681277acdbbbbde039939494bcf66737a0ebb9535f84b9a7c0987f269e693d7b57b30dc773d7,CLEAR,DAYLIGHT,DRY,FAILING TO REDUCE SPEED TO AVOID CRASH,2.0,26.5,3.0,3.0
0f7e90212d5d7fcfc3bbc5d167ff1743bb62e96b8eb3490c64c1aafa32b43a8bd0d8039056c93fadc54049704ca12b56ceb091892cca399f92ff2c8a1c0b0e76,RAIN,"DARKNESS, LIGHTED ROAD",WET,DRIVING SKILLS/KNOWLEDGE/EXPERIENCE,1.0,28.5,2.0,2.0
0f7ea65e260b5fc60980c5774ca29f78e7964197a51cc99a2f2d95e4ce86066b954ab84edbd64d89828c60a1962906bbaadbc449f480b391caa55e1e4a0a68e5,CLEAR,DAYLIGHT,DRY,FAILING TO REDUCE SPEED TO AVOID CRASH,1.0,35.0,2.0,2.0
0f7ec3b5a21ad51f991e99f8592d9ae29934184f7947487f73fe28058d2212c41b98e16dbe279ec37ef27a3858583258d548838670656e50ccda922a27d0caae,CLEAR,"DARKNESS, LIGHTED ROAD",DRY,IMPROPER TURNING/NO SIGNAL,2.0,34.0,3.0,3.0
0f7ecd6f038c8936fac0266556f1d45bc857fb59f404d39cd6786ca27a7eff1b7a5d8dd1e6968934eae47382cf5ce3b37cb11aee737126f59a1ba86ac8d180ef,CLEAR,DAYLIGHT,DRY,"VISION OBSCURED (SIGNS, TREE LIMBS, BUILDINGS, ETC.)",1.0,47.0,1.0,1.0
0f7f237d0060794b88e43a3d5507001ec88e3fb0ab4290d961f654eabe9e9a346d6d516001b01bac84ef4e79be4e4154f3d6a78a996452e40ec765830b8c0bb7,CLEAR,DAYLIGHT,DRY,FOLLOWING TOO CLOSELY,2.0,34.5,4.0,4.0
0f7f374a0ec645eb1691fb696b42ab1d75dca22c1f1e6a7fee915110304b4a2f861ff5d07798e61dc546ba2e629ebb9868118c313700684bd84c790816ac2959,RAIN,DAYLIGHT,WET,FOLLOWING TOO CLOSELY,2.0,30.0,2.0,2.0
0f7f507e2c571f04371a7a66e8ac0d0380351f4090f863674d0f673220d8fff703c8e316f435fb08198e67850f798cd3bc1707f420a7cdf401c679a1c24b95ec,CLEAR,DAYLIGHT,DRY,FOLLOWING TOO CLOSELY,2.0,37.5,2.0,2.0
0f7f6d7a13990570fef938dc6a24af28b9e4518f3e8a3b96bf8fc33a6b557a293216a274409752df41b6773c69a3d42a32198a5826d72a736dcef0580ffbb577,CLEAR,DAYLIGHT,DRY,DISREGARDING TRAFFIC SIGNALS,5.0,46.2,5.0,5.0
0f7f7e9b3555c2cb8adf8da3a3b79f41f7b68a6d6701d012c115ec6d4b4e8ea4ebea253ac13f77ed940fabe72b0392b22526fe71c58e601760069023e4fe7cdd,CLEAR,UNKNOWN,UNKNOWN,FOLLOWING TOO CLOSELY,3.0,27.25,4.0,4.0
0f7f9b95bf9a3102536697f7fc72960653cb5249ac1addc302cca30322054e92f8ef89a2b23f8e8029aae55ef9810a5c8574e5e6f9ac1f7cee72c7483b671cac,CLEAR,"DARKNESS, LIGHTED ROAD",DRY,FAILING TO REDUCE SPEED TO AVOID CRASH,2.0,32.0,2.0,2.0
0f7fc20f758c422fafd2f1886d10be3c3d9767853cc08ddc0b6ae54fa4119cb2bdf7e062b34392c2979debac654b2b19d7b0fd2c39ba16b24bc21004d460eb41,CLEAR,DARKNESS,DRY,IMPROPER BACKING,2.0,31.0,2.0,2.0
0f7ff7caf59e17b3aeb01602a0095ea320a8806a7d8548fdd3216971ac647d15be68df4a3be572fda920ccb1fc75427e1cd57ffb055472b9d53fbf96018a2f97,CLEAR,DAYLIGHT,DRY,FAILING TO REDUCE SPEED TO AVOID CRASH,2.0,47.0,2.0,2.0
0f8015d2d09cf499a0f93e46c6973a5cace4bf779eae606fb31b59f3eea68d2020810d0ad353f6dbbe3c5737df4714701f9917b7d6594da89735702c6078731d,CLEAR,DAYLIGHT,DRY,IMPROPER LANE USAGE,2.0,40.857142857142854,7.0,7.0
0f8034799d1ebf941e8aea36c99e73b55c53dd597f01c6d173e1260373885dbab362a253c122e3f15a18cd3982cc1e00d0ca0950fb76206d64dd1080eea348dd,CLEAR,"DARKNESS, LIGHTED ROAD",WET,FAILING TO REDUCE SPEED TO AVOID CRASH,2.0,25.0,2.0,2.0
0f80362317eb5e2e2d23b444dcd6f7631238adb5fc6486d4e53dfeadf288c09c875c65710e9210a5f8739030b90571d2bd86d390d3338deda8e3101bd06af7a7,CLEAR,DAYLIGHT,DRY,IMPROPER OVERTAKING/PASSING,2.0,43.666666666666664,4.0,4.0
0f803e9d0625f863abfe2ab96fb2434d405d4db71fe8b7c2746b3074194e6c2c6634634ffe574611893d95b0493043e051156e352735546ce51f1e4cb02a16ae,CLEAR,DAYLIGHT,DRY,IMPROPER BACKING,2.0,39.5,2.0,2.0
0f80a0e6538f1c18886a2b6dc15ef6e4fca15eebd000e3036b467d5d5cb1bc6661fdf3a6c3ea4ea8eb4b2cb9a789e8873f3e19c85ba4ae5480849a1116d17efc,CLEAR,DAYLIGHT,DRY,UNDER THE INFLUENCE OF ALCOHOL/DRUGS (USE WHEN ARREST IS EFFECTED),2.0,33.5,2.0,2.0
0f80a1b0166348000d3306135a3ba20e6deb51657c22082aa30db28da517774345f4b80e2415ff5062d9cbb0595a63bec7c2d90a06edfc242cad48218a004b50,CLEAR,DAYLIGHT,DRY,DISREGARDING TRAFFIC SIGNALS,2.0,38.0,3.0,3.0
0f80c2012d60668e039aedf441266dc45ba394f2beb1dd09a6f895bdfaa3b92fddbb8f4b455508c894fcc3771054c0a31a3834f6dc20943d733efc01a6c6a2ef,CLEAR,DAYLIGHT,DRY,FAILING TO REDUCE SPEED TO AVOID CRASH,2.0,44.0,2.0,2.0
0f80c9b985312abfc86b84d2fa99dc945ad5b45a5a3a4db9898c36ce08b8133e8925ba6bd8df55f15b898917e002f9040af9b495f1e18906956d18bfbeef1344,CLEAR,DUSK,DRY,IMPROPER OVERTAKING/PASSING,1.0,34.0,2.0,2.0
0f80ffb7647dccfe43fc05abf9ea3db21b3702501be113b5c8ca1b2bff7cd544ce38f67232878b5023de256818cf05a27dfec8ba50178480df74ce6a661deb13,CLEAR,DAYLIGHT,DRY,EQUIPMENT - VEHICLE CONDITION,5.0,18.0,1.0,1.0
0f8103d51aa3f17280402c5a01fd9b8597e4f1383e2f8f58cca3e92dc1b14428e034d6f804dcaf094b2e1b7fc0f49082416781386287071b93a334f354c04fd6,CLEAR,DAYLIGHT,DRY,FOLLOWING TOO CLOSELY,2.0,29.5,2.0,2.0
0f81049f62711c76d8262edb43004b738e11215f02e59022ef4277d3214499a8ce58f035f956bca2c7787de413dfc0d9a5c339e95d7f0d8706e49e4e137db1f8,CLEAR,DAYLIGHT,UNKNOWN,FOLLOWING TOO CLOSELY,2.0,30.0,2.0,2.0
0f817afd630f67e44fc1d3b03656cb8f1e690a405881ee65ae860caaa11cb5599fcb9a2a95da12c2e08ba430d2dcdcd8275a35b7ae279990b5e78978f838ce07,RAIN,DAYLIGHT,WET,EQUIPMENT - VEHICLE CONDITION,3.0,37.5,1.0,0.0
0f81893f2cc3e732bb017592bdab17f38407feac66ecaa540a4b899a150b553f84c72a262e4f53bca078b8e8a13df19c75a0419ea9ed3443268377b997544cb1,CLEAR,DAYLIGHT,DRY,IMPROPER BACKING,2.0,52.0,2.0,2.0
0f820e9030cfd6357a8626c81386ec9fe8e009040ac4bc52ccfe13393e2f1777a68243819af833d7ac1b560a532e6a4b4962d1e07ab222318b79066db2449555,CLEAR,"DARKNESS, LIGHTED ROAD",DRY,IMPROPER BACKING,2.0,22.0,6.0,6.0
0f82222c5dd176923917ef68f8dbb1cc3dc28c3b3c47f744d9a6b6a6e24d6ed883799cc2428a2b1362825fc408162da698443e0495444dc9562832fb5c67a550,UNKNOWN,UNKNOWN,UNKNOWN,FAILING TO REDUCE SPEED TO AVOID CRASH,1.0,46.0,2.0,2.0
0f8224d143615a8e80780763a5a2cee3dd2e1adfcf95488705715d4c3f30b335f5f21ee6d3e8e54bff2e1aebbfcad03556fd677595bc447ca5140d3e149c9d77,CLEAR,DAYLIGHT,DRY,FOLLOWING TOO CLOSELY,3.0,45.5,5.0,5.0
0f824f9de2ae2076f83d05761a2e48de38ef996540e379ad8ef147af81fd627624ffce3abf0e4fdb1405ec7a451e63c679101b41409ea8402809a202dd8b6742,SNOW,"DARKNESS, LIGHTED ROAD",SNOW OR SLUSH,WEATHER,2.0,21.0,2.0,2.0
0f82721f2145661a6bacdb16a3e7de9d8629a4a301c074434745289a3331873987b11bbc20723a5bb1e5e2f0eaf8319863b8c3eb5a824b9b0009329e1db486fa,CLEAR,"DARKNESS, LIGHTED ROAD",DRY,IMPROPER BACKING,2.0,37.5,1.0,1.0
0f82874eaff6158941bcd9ecc8f74e48d74d78ce50bb7f591e8f1292fbcb832d3fea985dc7951ffcba90c68a0d74cb8c95199e1baffe8c718c81f3fa785b0731,CLEAR,DAYLIGHT,DRY,DRIVING SKILLS/KNOWLEDGE/EXPERIENCE,2.0,28.0,1.0,1.0
0f82940601344995ad07996ae048895ede69dff222165a646a88152930f35712c861db25d5c8d9d61a60ef3951ab01c43c7bfb8f9cdbb8215be8f87deb87b5ca,CLEAR,DAYLIGHT,DRY,FAILING TO YIELD RIGHT-OF-WAY,2.0,37.0,2.0,2.0
0f82d56743e00879931ea9a315220f3cdc664af2a2dbac1f3d1aaf19a22a9cdd3cd51658a7d7e7c97a59ecdcb50e187f69a17550a59957cbf7944b1530b5b99b,CLEAR,DAYLIGHT,DRY,FAILING TO YIELD RIGHT-OF-WAY,2.0,21.285714285714285,7.0,7.0
0f82de3654b5ca679cd8a4c2b0e1c5b55bfc0a2105b89aa4888116e8c474b1ef8ef7b1747507e0b26354ddc474bb6b1ac4316103a5bcb253de526f758e290838,CLEAR,DAYLIGHT,DRY,FAILING TO YIELD RIGHT-OF-WAY,2.0,31.5,2.0,2.0
0f8316d71b874a3333991a1fa9319e7356ea44f8afc4aa4ef81623378b77d9b0d661147fcdefe26e94485816c90d98dcd9a9bf989314aef9fc7b83638caefd78,CLEAR,DAYLIGHT,WET,IMPROPER OVERTAKING/PASSING,2.0,28.0,2.0,2.0
0f8330065fb9bf6e55e4bf3b64a4c63ec56d00eda13c0f64e001911585b8a760fe4418f18f0db81e84347df62958cb79f622583380809653b9940d5fef24cb9f,CLEAR,DAYLIGHT,DRY,IMPROPER OVERTAKING/PASSING,2.0,46.0,3.0,3.0
0f8373cdb84e587a210087b177b2761017f3c42c8ec6914e2a933e7812b05bf13a18ba31d949bd03212235e5430dbb03c699408b4859a6b0018942c0885aed3c,CLEAR,DAYLIGHT,DRY,FOLLOWING TOO CLOSELY,2.0,52.5,3.0,3.0
0f83c273bc618d298446905f6cd380f03cafddc06134fb6a2fb31e07b993801427aa66ffe6d28252889fe65f581e2913d0f45a3db0f5d7b480018daa4a7f1603,CLEAR,DAYLIGHT,DRY,IMPROPER OVERTAKING/PASSING,2.0,32.0,2.0,2.0
0f83fcafe830ddfb3e94e560e13651720aa9b1b2e09f362376d7550bfbeb4827543a1f4b0d38e8f01fe518aab5107bf88794fdf1e0a3222c28740150cdb3e108,CLEAR,DAYLIGHT,DRY,FOLLOWING TOO CLOSELY,2.0,50.5,2.0,2.0
0f8405100e6d436234b50b5da5f87e1c2f5a35daf8fd18a3ea32e19630d6a13f5ceb3bd7b0caae337dba2d334e943f5a53ecf14443f37843aed2160e01f2baf5,CLEAR,DAYLIGHT,DRY,EQUIPMENT - VEHICLE CONDITION,2.0,37.5,2.0,2.0
0f84161044e50a6f94181929c9d7176846862eb357fdf8fcb9f477a2d1dc9267b48a403e78f73b44828cf41f048859e3c10ad7743c65afc4223e7a2c3c01d316,CLEAR,DARKNESS,DRY,FOLLOWING TOO CLOSELY,2.0,18.5,6.0,6.0
0f842834b589e9c5efa023eab41124e396610f90e728d8c1aa7470e6e4f28b51a9a22551b0efa4278b4049583e6636f119d71df35e080f0d87857608839c933f,CLEAR,DAYLIGHT,DRY,FAILING TO YIELD RIGHT-OF-WAY,2.0,34.0,2.0,2.0
0f842a122b5f666bc342023c92bcc64299e067eb54cb6f8de795c0bc060af23a26057b156712f9cb5db1c11727f087abc9fbd18ff1cc841d52605525bbb98963,RAIN,DARKNESS,WET,FOLLOWING TOO CLOSELY,2.0,50.0,2.0,2.0
0f843e1f99db82c37380d9be7c3aad15ca82d4d9e7e374017b7054776257b177738da238aefd5412fe19d5fa56ac11eec060d4e51790cf79b0fc7ad98e84c36c,CLEAR,DAYLIGHT,DRY,FAILING TO YIELD RIGHT-OF-WAY,2.0,56.0,2.0,2.0