crash_record_id,weather_condition,lighting_condition,roadway_surface_cond,prim_contributory_cause,total_vehicles,avg_driver_age,total_people,total_injured
0f845afe2b47de457c61fda82f7ccd8a41bee9d5b8d34d8e10ce66a81a95f0cb897dc94f25db93ac32f54f126c50911e017937f565918de2fc5e2a61994c2bd4,CLEAR,DAYLIGHT,DRY,FOLLOWING TOO CLOSELY,2.0,37.0,2.0,2.0
0f8464112ee1897bbf9e1b475dbfc978dd92f0319a9ce2a19c8ae175e2b8990af1a0c734712483d4619b173c5ddd00b3d2034627b0485a2c39e562843298ee72,CLEAR,DAYLIGHT,DRY,DISTRACTION - FROM INSIDE VEHICLE,3.0,42.0,4.0,4.0
0f847abb21659d3f7a0050bd9df25698f28615bd6f202642bf3f000415bd843a9337d6092890a17ad46640452d07ff94987dcb48ac14f0b92deb1ce17db48668,CLEAR,DAYLIGHT,DRY,"OPERATING VEHICLE IN ERRATIC, RECKLESS, CARELESS, NEGLIGENT OR AGGRESSIVE MANNER",2.0,18.5,3.0,3.0
0f849f8f3442dd590fd31983229397f965a0d096da7de82bcc16472f2cf236e2b6d30b0ad71b36ff39649f7da61089ef347112f44ef3196a7a92385055bcba61,CLEAR,DAYLIGHT,DRY,FAILING TO YIELD RIGHT-OF-WAY,2.0,58.5,2.0,2.0
0f849fd4aab8f75e1d5d586c92ed2c886cf565924c9775cc1367a5604c610e865784758c4fbca5f08e1a62cc97475dfd71ae49c3b2df06a191de3ac5658f7a06,CLEAR,DAYLIGHT,DRY,PHYSICAL CONDITION OF DRIVER,2.0,65.5,2.0,2.0
0f84c0bcae8dcacc7270128231f623c27fc9e020cd9caa28b3591a014f60d079e6340089d1faaaad85c6015f948847d1b6dae2670010b9da413f644e3339b218,CLEAR,DARKNESS,DRY,IMPROPER BACKING,2.0,37.5,1.0,1.0
0f84c1f1d1df0b161af9736a8ca7c96c3aba922b0737d31fdb4559221660b507ef94a7a7b35cee66aea997e06a2476593146099531260024582774c96a881f01,CLEAR,DAYLIGHT,DRY,FAILING TO YIELD RIGHT-OF-WAY,2.0,75.0,2.0,2.0
0f84e1a46a33e32cb55398b2f49fb2a054994098b142ef4b5e3d4134247b7f615b75a16ec30e0cde60591b2395ce5c37b6ad4ddbfe37b6d564025ce6c50700dd,CLEAR,DAYLIGHT,DRY,FAILING TO YIELD RIGHT-OF-WAY,2.0,26.0,2.0,2.0
0f84ece000515cc8ee13cec7f3dd2cd5f6bff5ff8eb8de7fb85b1139165e384783a35820f7f88b2c96a7d2a76afbfbcc3ccaa50aa18b5db101a08c32fd5dbe29,CLEAR,DAYLIGHT,DRY,IMPROPER TURNING/NO SIGNAL,2.0,37.5,3.0,3.0
0f84f230cd53859ff7623bc9305709c16ec4584ebbfd44a957c70294322f5383a5b3c74722c583356db90910f05489b65b7f1c69c14a0243e40c0fe027041c3e,CLEAR,"DARKNESS, LIGHTED ROAD",DRY,DRIVING SKILLS/KNOWLEDGE/EXPERIENCE,1.0,57.0,1.0,1.0
0f85108ac958187fdcc66691f15bca13dba4fe11b37008b9c1fba8814816c23ad21ea7cb9331cc16618d140aa2f1b72eda7d93e8ccff4766ab65260b1d75d114,CLEAR,DAYLIGHT,DRY,FAILING TO YIELD RIGHT-OF-WAY,2.0,28.5,4.0,4.0
0f85168e82adfc2591c02672f301b2beb0c21b9ba6ffae8b63fb92287be4bbb6f426af9a8d67c4b81310f35295d737e8cd697085b1b8ac18a796b333f76c9592,CLEAR,DAYLIGHT,DRY,FAILING TO YIELD RIGHT-OF-WAY,2.0,32.5,2.0,2.0
0f852e02466d9dc8f9a1bb86e2663a21f9a0c902817662c6648df4ffdf07132d269ef288574f919640e89e223a3cf74788b9cfcab4f0cd1dc615ae91b462c8ec,CLEAR,DAYLIGHT,DRY,IMPROPER LANE USAGE,1.0,24.0,1.0,1.0
0f8536c3b34cafbbae9cc4db818b2b055cfeed3c12e4bedbfbf0b1105948e91140a06c7805a18d9050c18668a80712f599c404e5cc2c7556927948c06e6411d6,CLEAR,DAYLIGHT,DRY,FOLLOWING TOO CLOSELY,2.0,28.0,2.0,2.0
0f85465577de56703fd7b5c0d3dfaaf4c64609b35ac72147349baeb83373ff2f6e5d7275ab937fb4a816694ec01fd51a804fbbe7e63d26dcdcf1ab16267ea380,RAIN,"DARKNESS, LIGHTED ROAD",WET,DISREGARDING TRAFFIC SIGNALS,2.0,39.0,3.0,3.0
0f8549d3d003f6062822d72db2ee1ea1953c9ce8ec7386b5bc57b545f991d7b3e0d54c4d5ac3b9784842904f58f1ed5970775016391f46f149e41650b91e961d,CLEAR,DAYLIGHT,DRY,DISREGARDING TRAFFIC SIGNALS,2.0,57.5,2.0,2.0
0f85523329464c57fdd677f16a26fd0263f4635bf89b783c7c0b50dd61b953e3f6797aee2d19bc8d94d678682ed566f8af7cbd9380bace45fef33c8c955f9098,CLEAR,DAYLIGHT,DRY,FOLLOWING TOO CLOSELY,2.0,43.5,2.0,2.0
0f855f4a74fb9ae02f3e29c8f517a1a7af4a0883ab28acc0801ebd1c4cf4fe98ac0a97f981641674f1df6a7cd90af344f7258e2832236a35867638b1b3825dfe,CLEAR,DAYLIGHT,DRY,IMPROPER LANE USAGE,2.0,11.333333333333334,6.0,6.0
0f85600c7ff070617ebb57dcf5dda799a2f3e3d43c7247a3aff66ba4b85f3368734fce0f067665d57062e12d9b268585de4453a7b39758fec2f7130ec7ed27be,CLEAR,DAYLIGHT,WET,DRIVING SKILLS/KNOWLEDGE/EXPERIENCE,2.0,39.0,1.0,1.0
0f856e66215bce6a7931bba6edd569dccff7ddb8ede604641c87d9ca023d8faa5c1a54a092042b4ba1b7a6820ecacd8ba6164ded98584f3a7c7c5b8c30f91916,CLEAR,DAYLIGHT,DRY,FAILING TO YIELD RIGHT-OF-WAY,1.0,39.0,1.0,1.0
0f857771b46ba2380eefdf6040f8a7d804bce9f9d95b319daf016616f27595dec08e5220ad62dc73028e33b93de82dca578b213cfebf47b6ea27b40e6558c3a2,SNOW,DUSK,WET,FAILING TO YIELD RIGHT-OF-WAY,2.0,21.5,4.0,4.0
0f85787570306dfa3ebcf7c28528f04b38b7fbf9e1e58a68abf8cbdf725e72d2e5bf51f104f414bc6a2a6cda1122a3d1d2a44ebbb328451b74a578f48c334514,UNKNOWN,"DARKNESS, LIGHTED ROAD",SNOW OR SLUSH,IMPROPER BACKING,1.0,37.5,2.0,2.0
0f858bdd68bbc3c54cfec9d2d7f4073ba8b146e7283f9b161f132049b7f1e27d2997c08d5f55f40fa98841ed295890b03da3b65eedf068982ef9bbb055cbc966,CLEAR,DAYLIGHT,DRY,FAILING TO YIELD RIGHT-OF-WAY,2.0,22.5,2.0,2.0
0f85c3aefd10acadcf2dc84c02a30be45314bcbb45f12802b104cc6441d8b8fb1c34aa6a78a5ab0a8261950d7db681c11be49f53cafba991258622d4477f5fff,CLEAR,DAYLIGHT,DRY,FOLLOWING TOO CLOSELY,2.0,51.0,2.0,2.0
0f85fdde764ccd2f546147d9da0c000a10ee5274d3b7aea834080c14a813e69fda1ec930cf0f20db225a4a31cdb8cbc0cada9378a09b590bce7365f8d02195ab,RAIN,DAYLIGHT,WET,IMPROPER OVERTAKING/PASSING,2.0,32.5,3.0,3.0
0f85fe52047270ffe91f061d60817e815bdd806fd1c318acc86d80e7ce4f7b9e47fd4f26ba8800e3b7c98d2a89796d8253946050d3f49e78718243483415bd8b,CLEAR,"DARKNESS, LIGHTED ROAD",WET,FOLLOWING TOO CLOSELY,2.0,33.0,3.0,3.0
0f8630aa4e633a9a0e72bf4f2a1f6592bd2f90f4c8731cb5f292ed4a97fd589e3c70151c5d706b2f987f2790daeef14bcd6999ffe6a877a13bec198f6de1ae4f,CLEAR,DAYLIGHT,DRY,ROAD ENGINEERING/SURFACE/MARKING DEFECTS,1.0,38.0,1.0,1.0
0f86653fd553db2b4771d4aa024325a53602369873f0521791dbd2835b319582952ee8b64ccf6b856eb0da34dad57b06db7b154756011bcbe8e99b7dd6eaa517,SNOW,DAYLIGHT,SNOW OR SLUSH,WEATHER,2.0,37.5,3.0,3.0
0f8666ee2b55eb49c7a02e8ac07348da1457bb48b0bae1d608654927ed1c8c6cc6439ae169da3c9dc9c04d757aa2d09cf5f1e46c1af48ccd65c7248e0a63d181,CLEAR,DAYLIGHT,DRY,FAILING TO REDUCE SPEED TO AVOID CRASH,1.0,37.5,1.0,1.0
0f866d6294b74aae9767d7a05ebb0573a058c184c247c1ce2a94e0cab3f5ce6452815a79fd13580502a27ebcaa1d6e41d2d8efa1b91772131af920d115a44396,CLEAR,DAYLIGHT,DRY,IMPROPER BACKING,2.0,37.5,1.0,1.0
0f8694dc35cf6d95307b40212afefb96d0ec5a6de5e45f778ab468311f79b26f665cf4d41fd3bfce6059d38a1855b94d330c618f92e6eae8d96ffd4f152e36ce,CLEAR,DAYLIGHT,DRY,FAILING TO YIELD RIGHT-OF-WAY,2.0,38.0,2.0,2.0
0f86b72ee51dbfcbeeeb9d55d966f8bfce57c0e6419041431818bec774f0925a08be0259dc593170f68ded034992d9e8e46d8a46da36dc63a8a07be3c2284f4a,CLEAR,DAYLIGHT,DRY,FAILING TO REDUCE SPEED TO AVOID CRASH,4.0,30.666666666666668,9.0,9.0
0f870221584c01df18443e1a5c3c69b6dcee403d4646d183f48428da574c0e265314b03057a8df8ca4366c2733f58d9e9e0d3dc7d093362f6be2e11c92dfab69,CLEAR,DAYLIGHT,DRY,FOLLOWING TOO CLOSELY,2.0,24.0,4.0,4.0
0f8727ca65dcefcdcdb4dd03d21b2cd5c2d8ff04902a40f239af74bde5e12f2f2ce26b629e786561570307d90207fcd4e501bab621e42b2055fbd1e82d0a4861,CLOUDY/OVERCAST,DAYLIGHT,DRY,FAILING TO YIELD RIGHT-OF-WAY,2.0,30.0,2.0,2.0
0f8761cbda6fe524b88186f9ef0367cdc5cb5d230bbf35d497cd52031fff23377ac3236a6a71b14dd688c935bd5b1b2f0400787e2dc45c7cc5e24fcdbce4694c,CLEAR,DAYLIGHT,DRY,IMPROPER OVERTAKING/PASSING,2.0,41.0,2.0,2.0
0f8768033243b3d8dec8ef3d73b56ea21a9806768e63fa15ebcb7b28c88edff4e23fa86509853099962c2a57fdd420ea082136faa062ad364004b31cf43cac64,CLEAR,DAYLIGHT,DRY,FAILING TO YIELD RIGHT-OF-WAY,1.0,38.5,2.0,2.0
0f87a84eb9da048d9db287c75215ada90e7c46f66cd254dfa2850f84424c8cf3f99d3da22012e2ec13603e4084397895844602998486303312dae788a7bee148,CLEAR,DAYLIGHT,DRY,DRIVING SKILLS/KNOWLEDGE/EXPERIENCE,2.0,22.0,2.0,2.0
0f87c9144f0d3b8d83ddca4f398abfa5813c3a378fd3a376e5fa5ca37df4f1cf6c0395490ef10ffe3301a3a09bfd078166313ceea733cfc860649970b4d04448,CLEAR,"DARKNESS, LIGHTED ROAD",DRY,DISREGARDING TRAFFIC SIGNALS,1.0,24.5,2.0,2.0
0f87f0995ccf8976a898ea374452e79f3c12eb255654eac7aaadaa683130d28edb0bcc886b36ace02128a41c82830b08a8353d914de673d04a0b9ecf0a6ba4d0,CLEAR,"DARKNESS, LIGHTED ROAD",DRY,FAILING TO YIELD RIGHT-OF-WAY,2.0,46.0,2.0,2.0
0f87fce14e98e280302d900b230ccb863537cf301904d3ceea72ab37685109f44ef50e555e76c2c65ef0ede315a8ae37f729c2b074b73b91c4212152f7e9ab6f,CLEAR,DAYLIGHT,DRY,FAILING TO YIELD RIGHT-OF-WAY,2.0,21.0,2.0,2.0
0f87fe2c95d18e4c980731111e4638f48684b8a3912f10bcc87083598277c06efcafe8bfbe5adb047fc71445c24d09308aa5dff100072cdaf6e81181d3c2f6c2,RAIN,DAYLIGHT,WET,FOLLOWING TOO CLOSELY,2.0,23.5,2.0,2.0
0f882c77e766b9f623c8b196735ce33f0eb08603c285f3ba6af5446760cef2e6f16e65e3433973cdfdf25f2af9f0e35e30e4f098d8a77acf8ea3037a1bebb523,CLEAR,DAWN,DRY,FOLLOWING TOO CLOSELY,2.0,37.333333333333336,3.0,3.0
0f88c63ed85a89e469509005a96be1930e115ba99d7623bb7cfb5212ae639ce1c07458083950da64739cb67d0ad38e9755e15e3b5048bd67aed51944eac9c8ee,CLEAR,DAYLIGHT,DRY,IMPROPER OVERTAKING/PASSING,2.0,26.0,3.0,3.0
0f88e96fb284b4d13b7657ba656976e6ca735b6d9654435f0d1e5bc2b39c8d9033277ce6e097887fb22c833dd5636ff396db470bd2e9d9dd19a706e44de15fbf,CLEAR,DAYLIGHT,DRY,FAILING TO YIELD RIGHT-OF-WAY,2.0,27.0,2.0,2.0
0f88ede726a3fae527d6dceb6d987b1c9343e517894907c344c34499d91f639e03e05dd26cdc5a8edf6103d2e205cc8c88e68288a2978031783c0723be6dd3c1,UNKNOWN,DAYLIGHT,DRY,IMPROPER BACKING,2.0,43.0,2.0,2.0
0f8904f6d3051445af60de8d6ad7b599a94ebf0655820ec2f22fd29631d1bfaea680905344595c2971d69ec4f0034821854fa7ba79c8007462b140f93b94f992,CLOUDY/OVERCAST,DAYLIGHT,WET,FOLLOWING TOO CLOSELY,2.0,44.5,2.0,2.0
0f8955e6813ece6ce56b0de5f7e5a1f3c0edadcee7eeb5dacf7c17550181c98c97ad52bd0a769cd988009cd0f2824a4f254662ed7081abde2e743a5e1dd810a3,CLEAR,DAYLIGHT,DRY,FAILING TO YIELD RIGHT-OF-WAY,2.0,28.75,4.0,4.0
0f89782e18c244f4f43b608ecfc23014e65a4c6c8001448a12a80094fc582b89707d7221042423d238e849c32c8782183488440bf28aae01dff1b87672bc4e9f,CLEAR,DAYLIGHT,DRY,IMPROPER LANE USAGE,3.0,44.0,3.0,3.0
0f897e5b09e8efa3bfac5b9edb7c444561287f4422ccaca55c6ac36ae9650b195db476608cb3309eb1271c0b65fe3d71db784495b667ce4df3028a8b3e2a6a01,CLEAR,DAYLIGHT,DRY,FAILING TO YIELD RIGHT-OF-WAY,2.0,42.5,2.0,2.0
0f8999e2b70ee766a16dd10ddc3c698b722eac2d711fa8d9ee4edcda3088ef59a8f79fbdac36d4ffea09298391dd741a31f35bd1b6fc582d7b023ca7dd9a0454,CLEAR,DAYLIGHT,WET,IMPROPER LANE USAGE,2.0,32.5,2.0,2.0
0f89b462c8c68932b0e2b674b7541f97c0e50ea949f4f0c22f8a67ef597c5399d95719f5f86fdfced7a95aba45007de7dcef5141cb456ee24755056977589f04,CLEAR,DAYLIGHT,DRY,FOLLOWING TOO CLOSELY,2.0,62.0,2.0,2.0
0f89ce5d98c6443d8985e4c08c264a682b0b75220ce698df161c979eaaf2813ca218546d8439168e13000de682f9fa5f07528e29957199d6b84d0ff2607f0afc,CLEAR,DAYLIGHT,DRY,IMPROPER OVERTAKING/PASSING,2.0,26.0,2.0,2.0
0f8a45eb43f75eb56cee3a3486addc086e1d1dafba5c8295d16dda293382a616ee8ad56b4b7633f1a94a181fae78f1cab9317217c1fc70c168f43210f201a341,CLEAR,DAYLIGHT,DRY,FAILING TO YIELD RIGHT-OF-WAY,2.0,28.0,2.0,2.0
0f8a50c87a28a673e0b87ddbfa4fbf907b6d26beb502e196a86be506b70065884111a717fefdfc1ad5dd3f1d178c4dd02842ea05790994921e8d4a6e12cff36b,CLEAR,"DARKNESS, LIGHTED ROAD",DRY,IMPROPER LANE USAGE,2.0,46.5,3.0,3.0
0f8aaaa575d2dc5c49450f2060aeccd11151a197e545d9f019937f439c12ddcb73802c96a4c54b08a9e48264623735c8526221fa611113e0cadfe6c00938bc19,CLEAR,DARKNESS,DRY,DISTRACTION - FROM OUTSIDE VEHICLE,4.0,32.0,1.0,1.0
0f8ab47ce2ec37c520dcb2535b77e2cb0bd862f30c4d4758b777559db6a2f4edc6b54fe5b2b74683c50035cede46c37e0aaa154e80b1aecd78e4f43f0ad554c3,CLEAR,DAYLIGHT,WET,IMPROPER OVERTAKING/PASSING,2.0,28.666666666666668,3.0,3.0
0f8ae62a646769e29e0bde97dead61c1122b623fba7c329c7991fca60a5e1281e2f0f7c2ca15496a3cf03f955a56b5c1e36728e74735ed109a3d9929f8c0cc3d,CLEAR,"DARKNESS, LIGHTED ROAD",DRY,DRIVING SKILLS/KNOWLEDGE/EXPERIENCE,1.0,17.0,1.0,1.0
0f8aeca6e8cfc3654065ab5aa6de7e6e02619e0c503c1aa15643b5fc083505e475f0814e0b8cf020931101c104f86a0031a70d44d24fe2d8d46e18b69640d843,CLEAR,DAYLIGHT,DRY,IMPROPER BACKING,1.0,60.0,2.0,2.0
0f8b0929827593fca2473ee1b64c50df0520d041eba8a67072836fdfa19500ba18e27f56e077dcc8109cd33f535cadbaa957174ff96ddab7e0d130e7ee19cf64,CLEAR,DARKNESS,DRY,IMPROPER OVERTAKING/PASSING,2.0,27.5,2.0,2.0
0f8b35d172e76dc5b41c457bd7e7dca970553086cadbdfb0a9aad5a40c4ceccfc46776be2da5568c3eb8dc5b54aa7a6acab79cc62aed9e1e02c393173660b85d,CLEAR,"DARKNESS, LIGHTED ROAD",DRY,IMPROPER BACKING,2.0,31.5,2.0,2.0
0f8b434b5f8ea1148743d8e7ab4016495ffcc7b6f241ab4b25eecfce2b0acfa41950d2f2f4a873fa0b2668d0465c673b8763ef9e5f96ccc1aa4b80f420e29412,CLEAR,DAYLIGHT,DRY,FAILING TO YIELD RIGHT-OF-WAY,2.0,45.5,2.0,2.0
0f8b4b18e94866ec74735ca85236f6736ac13900c1d44586edf4344fb6fcc4cab14d57b206b544de569621e3c5273d35a71ed92076bb5bdfa7360fc02dd17e27,RAIN,DUSK,WET,EXCEEDING SAFE SPEED FOR CONDITIONS,1.0,27.0,2.0,2.0
0f8ba3a200f1fd4645522d727741b44bc471e09997014ff49fe327b19bd384561d80de56090aa8c3e7ea951f1ff60c01e658b72c9e15ae7c3c5b96bd07a573cd,CLEAR,"DARKNESS, LIGHTED ROAD",DRY,FOLLOWING TOO CLOSELY,2.0,47.5,2.0,2.0
0f8bd068eec594afe6d0ff70682758fce48505007e4ade469ad85bdf9abefcd2f0d2132e192e688ad779abdc46232083e83a06ee4fe695721d5c1896a91bab22,CLEAR,DAYLIGHT,DRY,ROAD ENGINEERING/SURFACE/MARKING DEFECTS,1.0,47.0,1.0,1.0
0f8bdab16a2a28d049b2cc4d56ead9315b109e8dae6aed0fddb12e998d89dac7cc33461e7ec2aef555a4024f1245489179478f4675acfa2bdae3a6c29d016b2e,CLEAR,DAYLIGHT,DRY,FOLLOWING TOO CLOSELY,2.0,49.0,2.0,2.0
0f8c021c214efaefb9ef5b79a0c72e520f4abafb12329a929ccb8b6b50a5361903520792e1a8fbbc49069a4a7c0742867d63ba9a361b2b78637bf6dcb4df1928,CLEAR,DAYLIGHT,DRY,FAILING TO YIELD RIGHT-OF-WAY,2.0,51.2,5.0,5.0
0f8c189ebe2664b7a946e47b16be1e983d7281a87c441b7a8d5c82cc3b7d13e63508ab7e93d8217315e70e3f07d5f34eda8547313a4599ac6e43ee29da77a31c,CLEAR,DARKNESS,DRY,FAILING TO REDUCE SPEED TO AVOID CRASH,2.0,36.0,1.0,1.0
0f8c1b4a70e2691f1d9d78a17f112594b15b51c2ed03e7f16e6f19ed8508ba743faf6799f9c86af6d3ec7b74d7b3ed7d37db04248fd45985c3add6c351e0b138,CLEAR,DARKNESS,DRY,DISREGARDING TRAFFIC SIGNALS,2.0,39.0,2.0,2.0
0f8c396c8a344694f67a0a8029e2f3ca9710bb5f27ba27d2976471f53ba4804129c89db13a062c723e5ceee9eb7c0ba420fbc2bde6b01588d3b4b72e55cf2533,CLEAR,DAYLIGHT,DRY,DRIVING SKILLS/KNOWLEDGE/EXPERIENCE,2.0,17.0,1.0,1.0
0f8c39cd043641825e28b2761f49724bf130dc051c1f2822a96e0bc98817f632f5d36f11cb7f7d977cf2381e495a700f821aa6e9f93f82ac6b57e7985525e4fa,CLEAR,DAYLIGHT,DRY,FAILING TO REDUCE SPEED TO AVOID CRASH,2.0,35.5,3.0,3.0
0f8c43604a7b326da03f8fc606e7db81d669c7ba9a1c8f6d2e89177c937d8a1cdcfd5e62ce3d46df6788e47417baa81a002a33c6dad025b812118259bc3d05d3,CLEAR,DAYLIGHT,DRY,FOLLOWING TOO CLOSELY,2.0,26.4,5.0,5.0
0f8c4ec405e8f0755ec73ed5b03eb599d9975c4cdc5206422f076b3eb615029f333add16cc57d6e0de7f319cb32aecbe6ac1c3e1c85a7d90bf31617a8572435d,CLEAR,"DARKNESS, LIGHTED ROAD",DRY,IMPROPER OVERTAKING/PASSING,2.0,34.75,4.0,4.0
0f8cbb6d90cc719126fdca9f99d98b135f879af9699d25ab7abe50e04d6bd0cb5c805bbce97ca2f939e2b6b7d810ba498cf04b306c9b5ed93360e571aa9e6651,CLEAR,DAYLIGHT,DRY,FAILING TO YIELD RIGHT-OF-WAY,1.0,33.5,2.0,2.0
0f8cc893b6102157b315ff0b3ecea8ab04c23eb84d848b4ed3cba5ed8341f901c90da403bd2a6f5f3b588aefbce9325e191779d5ed8c6452661a483d9c04763b,CLEAR,DAYLIGHT,UNKNOWN,FOLLOWING TOO CLOSELY,2.0,37.5,1.0,1.0
0f8cc93e1908094fa0c36e496c4c1a2fd6cb8975d58231d7e7538c9c9cb8e75edf9fbc3e0153cae844800d3dd0e3e2526d1cd026543f97be2f616bd4d7c9d484,CLEAR,DAYLIGHT,DRY,IMPROPER TURNING/NO SIGNAL,2.0,44.5,2.0,2.0
0f8d007e1b341828ad98d83377be0635a7b6cd7fc523f47c737e2a632e46ed3e1cc5b0d651967d6685f827eb52931b4f6fc8d41c93788b1eb6359bd0f136abc1,RAIN,"DARKNESS, LIGHTED ROAD",WET,WEATHER,2.0,32.0,2.0,2.0
0f8d04f1b2277d5a3b6ba4336bc8e7bd058610cbbf8230a355f3f40e663ff30f3636c1220f6ec58fe62810b7135a0b34906aa8ea8147eadee9f58b0a2c1fefb8,CLEAR,"DARKNESS, LIGHTED ROAD",DRY,DRIVING SKILLS/KNOWLEDGE/EXPERIENCE,2.0,25.0,3.0,3.0
0f8d0c3830f90cefa19a8e67f021135f24491b2c99ea9f5fe9c4edb606757cc72e0e76c3cc4b06c654af8c354974825c6c8ff7d3aa3e5250bf0513b7abac7cb2,CLEAR,DAYLIGHT,DRY,FAILING TO YIELD RIGHT-OF-WAY,2.0,40.0,3.0,3.0
0f8d0daf56acbb710344249037bc693b941f4963c83e2cb73febfc24018992aa854a0580cf3e3105df21d9bffb39037ac7ebae608c1bf73e0cba31a532d6baad,CLEAR,"DARKNESS, LIGHTED ROAD",DRY,FOLLOWING TOO CLOSELY,2.0,33.5,2.0,2.0
0f8d2d057de5b42d47abe424df437457e7f8a7f6500ca25962763fd4cdd108f253f255a27483ecb265965db1f95ff9cc972513fd1bae820f709ae7e1ced7884a,CLEAR,DAYLIGHT,DRY,FOLLOWING TOO CLOSELY,2.0,20.0,2.0,2.0
0f8d629813eeeaf091b8ab852661ac156b07f0eff41842845a6bdc849ce253b908b230a1dca63b4cf8105e54197b3d42c4027bee87c87108c6adb3ae85047572,CLEAR,DAYLIGHT,DRY,FAILING TO YIELD RIGHT-OF-WAY,2.0,21.0,4.0,4.0
0f8db4b405212474ad3cb3d5a93b7880d29570ea4b3933fbdd22a2bdce98e01146c4ddeb87e79c98daa1644a3fe00d7a84dc2fee3eafecff4967d0a2ba3c2e49,CLEAR,DAYLIGHT,DRY,"VISION OBSCURED (SIGNS, TREE LIMBS, BUILDINGS, ETC.)",2.0,25.0,3.0,3.0
0f8df23d2a4863b7556f4a67407eb2b14e2a1c77ae04baeab3ee7f354a31e3f5b468ea13d4e3e603b43f64ef90449b34d26902faeaba1b8416a4a11fabee17ab,CLEAR,"DARKNESS, LIGHTED ROAD",DRY,FAILING TO YIELD RIGHT-OF-WAY,2.0,40.0,2.0,2.0
0f8e0fa6b7bba821fe30b2c7a24aa7856bfb7dfc74ebc40c7a182247e3183d0bb6c3d801e2da179d1800cc1cee11b06a72b39f3c810ade9208cc2a7f1f89ce86,CLEAR,DAWN,DRY,FAILING TO YIELD RIGHT-OF-WAY,2.0,32.0,2.0,2.0
0f8e22fa8eb29c1126d689714bdca55113968abad4b05b9aa359cc36beda6ae34e462184793ea093e15f72063a7e86c7e42f0ff7219f706e38dbec44f8d0bdd7,CLEAR,"DARKNESS, LIGHTED ROAD",DRY,FOLLOWING TOO CLOSELY,2.0,44.5,2.0,2.0
0f8e5469aaf25f7eebcc585affa2af13a45e04b1783357e71836cde667c03c5e3860d21f5bfdc1e0e618e1fd0904ddddf8166d21de11099229504b447147cb06,CLEAR,DAYLIGHT,DRY,IMPROPER OVERTAKING/PASSING,2.0,36.25,4.0,4.0
0f8e5ca29f733beaf6092087bfcf911e6761daf4568d0d99b9c069d621c4d2e9d25a460513aa139a890325a9877f899f7c2d89c9ab6b52ebe7d31c4a8755054d,RAIN,DAYLIGHT,WET,DISTRACTION - FROM INSIDE VEHICLE,2.0,34.25,4.0,4.0
0f8e5fa6175424a66c042f8708a1443ecafd63d220791fb35d69fb9f4c216a8f0488aa31d44930c0203d97f08727021663cd749f10a99e83629b515d8c7f7302,CLEAR,DAYLIGHT,DRY,IMPROPER TURNING/NO SIGNAL,2.0,63.5,2.0,2.0
0f8eaf9df2f21d4640cbb2503bbf10058c4c199f8856cde1ce0888af638a3163f1c4a8a0e24b16e89e0f4aa6b72ab95b57cadfaa345206d66c67f37a83c27e27,CLEAR,DAYLIGHT,DRY,FAILING TO YIELD RIGHT-OF-WAY,2.0,49.5,2.0,2.0
0f8eb3bc56a4754e6e3ed56653865051625d62cf28a54e60bd5c98c8aff006cad119a1829d8e81c5777a9464d76dc1d3e6e0bac6957aee5ddbe212b698707e6a,CLEAR,DAYLIGHT,DRY,FAILING TO YIELD RIGHT-OF-WAY,2.0,37.5,3.0,3.0
0f8edb6b15501dc490b4e2d7e1dfb896ce6e6e4ab3167ae53d7b12b3cdeab5e07b510f30ef7244f7e5384ab2a3bb63e307e92df9959fb2da8c3beb8bb4b02be4,CLEAR,"DARKNESS, LIGHTED ROAD",DRY,FOLLOWING TOO CLOSELY,3.0,34.333333333333336,3.0,3.0
0f8ef74bc0484fbeb44c348b1df1e3593f7a413130915b7373a4fdfe80d4a2b50864d1242a83663f18c2516b21e0253808e194643c680e2ae190495aeb27c208,CLEAR,DAYLIGHT,DRY,TURNING RIGHT ON RED,2.0,37.5,2.0,2.0
0f8f26921655fbbed6f23dd46b258f56468f184cade7f1345420e7377613f5d6228bc17a8fdc938aa564b7cb91f03c568b31cd26e60b084b909513382a7eecd9,UNKNOWN,DAYLIGHT,UNKNOWN,IMPROPER BACKING,2.0,38.0,2.0,2.0
0f8f2c0bbe69bb86df4403f9243e23805ea35734a26c36c9b8b26ac5b7d6865b60a3d12425411693b25b370e7d3da6c2f7de2f0bd5a67f6ee31219866a8991b1,CLEAR,DAYLIGHT,DRY,IMPROPER LANE USAGE,2.0,29.5,4.0,4.0
0f8f3f8a0e59948c171aaa24a871abfc4bdc8e507b603680725927b84e7a8bb7a6234c5bd53af5d75df0bf70c7d90f0770632613d45b3e39632aae3e91671bdf,CLEAR,"DARKNESS, LIGHTED ROAD",DRY,FOLLOWING TOO CLOSELY,2.0,38.0,2.0,2.0
0f8f533d9cb2376f81bc2cd7315c5c3f49b9a039873db6e6ebe1619a9d7d2a223774579f504be454c7f4f02ed49fd63c175cf3aa1a83fcd2188801e504d55ac8,CLEAR,"DARKNESS, LIGHTED ROAD",DRY,FAILING TO YIELD RIGHT-OF-WAY,2.0,44.0,2.0,2.0
0f8f7f21b5b7bab66fbb0ba1e544cec6c9f4393a94d46c16880b3ea1d192dcc3c8a9e43e7e5b045ec24d795aa7ecf2bd0c21f8f32e8347b29afc1b08fda49183,CLOUDY/OVERCAST,DAYLIGHT,DRY,FAILING TO YIELD RIGHT-OF-WAY,2.0,46.666666666666664,3.0,3.0
0f8fa1fceadbbd5b0ac942861162e5a1e44738e0d7f2481e661f6aea2fd7575cd83e04b4fc4d5d4974097031b740f1de8fcbc01342e28920c6a7b46acc0cc1d2,CLEAR,DAYLIGHT,DRY,FAILING TO YIELD RIGHT-OF-WAY,2.0,53.5,2.0,2.0