crash_record_id,weather_condition,lighting_condition,roadway_surface_cond,prim_contributory_cause,total_vehicles,avg_driver_age,total_people,total_injured
0f8fdb6ee784125e7ceaf220165a27ec45bb36be9796ec116bbcb8ca9442c30f50e45553a1335465311b05dd24853f9682750b2be187840485577107a490b4f6,CLEAR,DAYLIGHT,DRY,DISTRACTION - FROM INSIDE VEHICLE,2.0,31.0,2.0,2.0
0f8fef5cacd16d2ec0def3e4be1474a2b6a0e6fd7603ed83e32e46c426d06e43d1d41f0c577bb01ba28f026aac8cc9d55e4251d2e426fc1023b07bb0ed91e66a,SNOW,DAYLIGHT,SNOW OR SLUSH,WEATHER,1.0,36.0,1.0,1.0
0f8fff17a44ce87d50a6adc70eda2bf7053151ef861501a617143ece6bae9159b2fab6bcaf9dcbece58b9c0cef7159cf43f30b655a291a9df2937c22ac1999c9,UNKNOWN,DAYLIGHT,UNKNOWN,IMPROPER BACKING,2.0,44.0,1.0,1.0
0f8fff273b557793801ed1023ee8350f0e927e00644c08d6465da968561ac2dd68e41e5ff19af1be306e2158ad7ac9bfe9af10ef7a3525ddc8408ce1f9ec259c,CLEAR,DAYLIGHT,DRY,FAILING TO YIELD RIGHT-OF-WAY,2.0,42.5,2.0,2.0
0f9001975d6a201753725298ce8fed00406a675ac50b95e5e840ca92e6f4f41861a381c46a4ffac834dcfebe5159267feb6f9bb7562a260da67b05b0b7b3a510,CLEAR,"DARKNESS, LIGHTED ROAD",DRY,DISREGARDING TRAFFIC SIGNALS,2.0,36.0,2.0,2.0
0f900591ac6d1c9971d3126c2397e8929e4731fdc4614785b7c713a34805d7b7074490048ad56746341d21b3ac9462f45b35cdf3806d6bd6b9af12f8f16a87c3,CLEAR,DAYLIGHT,DRY,FAILING TO YIELD RIGHT-OF-WAY,2.0,42.0,2.0,2.0
0f900ef185a0947ef240e0d497795f6442590613176e86c2d46b4c70b9c57a49c7f234210a6570fcf4fe2d03772d3dc81981df15bc8a092391bf87aba584d64a,CLEAR,DAYLIGHT,DRY,FOLLOWING TOO CLOSELY,2.0,36.5,4.0,4.0
0f90549de6c4e06a09ca2dfda5ab253e8f3d25138d82d2bb5d22086c04887d59ccdf0f622cc277e45c1f9cc4e2d7b4ed20a492971d0cbeefeec01131e9aa30e9,RAIN,DAYLIGHT,WET,FAILING TO YIELD RIGHT-OF-WAY,2.0,20.5,2.0,2.0
0f907e9bffdf31e685aa4eae805adc239085ec34680430ae862c20f855129307264592f90b998b7ba288ac296e3172e72ba2ecc56a81541543c42f5db282b921,CLEAR,DAYLIGHT,DRY,FAILING TO YIELD RIGHT-OF-WAY,1.0,57.0,2.0,2.0
0f90a22f5518c5c65000d0ccc40b4a9a769347c5489d43a16bd1757d62606807322a650900240d7070358ecf70fc9fd7bdda4a72ccbbe389400824e7022cbab7,CLEAR,DAYLIGHT,DRY,FAILING TO REDUCE SPEED TO AVOID CRASH,2.0,55.5,2.0,2.0
0f90b9021aa19fed21d8624b81f9c6801e370d5d0116774021bc2de1283a5a460759ea7564c232df0af429ed2e6516de006b546d27da30b141af1ee6e89680c0,CLEAR,DAYLIGHT,DRY,FAILING TO REDUCE SPEED TO AVOID CRASH,4.0,35.333333333333336,7.0,7.0
0f90ddc5aa033ba6c05cd50a0b1a0c2dffa641a87e77a1e3b0d2d09a0dae825e45751b0199615f6ffa6aa195bd5c053b7e77ceac178817866e60837f6bb5ed74,CLEAR,DAYLIGHT,DRY,IMPROPER TURNING/NO SIGNAL,2.0,61.0,2.0,2.0
0f90f7694f5d54868a4b9c3743e50e7f7e49fe5e532490673546325d7ed4f81127b300b7c43c9f01188dea3636132769953eb1be161229e5d393a4bb49942ed2,CLEAR,DAYLIGHT,DRY,FOLLOWING TOO CLOSELY,2.0,43.0,2.0,2.0
0f91502310e06a82d36fa4c013641b40de94599e8b1238be3c76913bfada983f78f7aeaa86954bba0245e27454e404010a8367721bde2242401b55e914e1a360,CLEAR,"DARKNESS, LIGHTED ROAD",DRY,FAILING TO YIELD RIGHT-OF-WAY,2.0,37.5,3.0,3.0
0f9153951e5eea4daee8e8a82238254e9ecd2391a0a6771426830e198eb5f9e823c8ed99d36f5842608129c7a29f79193664cbfeadb9dd23cfe92e1ea8607eb4,CLEAR,DAYLIGHT,DRY,DISREGARDING TRAFFIC SIGNALS,3.0,51.0,3.0,3.0
0f91f77e645da17a1cef6de16ed80dde2615f6b36f1be2139deb3517e9f287dd21470bed9168cb96ab66392daf228fa0f5afa7d905aa221bbe4538ef83951146,CLEAR,DAYLIGHT,DRY,IMPROPER OVERTAKING/PASSING,2.0,36.5,2.0,2.0
0f91fc4ab87a9db67b9407447dbfa95ff40d91e69f02731b09e47ae1b9e552474c95df31587f33d2f735badc345d5c4d0cc57ad3ade80531073f33c7b064365a,UNKNOWN,DAYLIGHT,DRY,IMPROPER OVERTAKING/PASSING,2.0,57.0,3.0,3.0
0f9209ecaf70bed149bee3eeea6dccab1eb78986c68c425f262e77f9915ae02ff6a5171f5cdd0ab9bc5751acea690cf5b8fdf2ec1ae82cfcc0890eeea793c401,CLEAR,DAYLIGHT,DRY,IMPROPER BACKING,2.0,74.0,1.0,1.0
0f922cc2111bbd406f205f807456b402ff5a2a625addd80e3ec60ad5f3507c0c274f2cec25475bfc6510487c98fec2d5555b0bc0cb8e4cf84c2fe3d12ce513dc,CLEAR,"DARKNESS, LIGHTED ROAD",WET,IMPROPER OVERTAKING/PASSING,2.0,54.0,4.0,4.0
0f922d2a866c3029361c7cfa5121f1200da3b340758c7f65e23653ad91290c75ef071cc5614f41a73a232a654403b1bd27301de7030a83eaad23da12cb553094,CLEAR,DAYLIGHT,DRY,IMPROPER LANE USAGE,2.0,33.5,2.0,2.0
0f925b32bc126d10996ba4923ea7ff161edca5f85c73e2eec393c6a38afac138fc693e3f23eff80a0a8012bc366840868de75cad90cfac6eabef5fd1a27f1ae9,CLEAR,DAYLIGHT,DRY,IMPROPER BACKING,2.0,52.0,1.0,1.0
0f9267d15f8dc0e13d6589c13e49ec9a99f650d6066ca9b889a124e794f9b848c88f878ea139a29fd64bece25adf28dc55f641081b88eccc3f6e129c67352e10,CLOUDY/OVERCAST,DARKNESS,DRY,FOLLOWING TOO CLOSELY,2.0,34.0,2.0,2.0
0f926c6ca11c7d3e4779284779cea1f29aabedcfcd0ae527e1384458d4931dc9498320717fa9411ce6e0ac6eda676faac73263e44b6cb6f6e9ca17a1bf3d2a1f,CLEAR,DAYLIGHT,DRY,FOLLOWING TOO CLOSELY,2.0,61.5,2.0,2.0
0f929900f5faebba270237ffd820adbe10c973f217af7cc5955c42b308aeb7aef1adbde0cf07f8c82c1494b6317003c87a602a873bd2ea5a04f0d64c76fe7c4b,CLEAR,DAYLIGHT,DRY,IMPROPER BACKING,2.0,57.0,5.0,5.0
0f9299fcfc39be7315a2490cfe49eec5d059b8baf3e4a92ac1b03037e52e858b62f710cb72db18dfd68219fd0d9165367aba7a1fdf2a6cf9ebfde9f9e3a11145,CLEAR,DAYLIGHT,DRY,IMPROPER LANE USAGE,2.0,42.0,2.0,2.0
0f929dec38e2b7574c23591b9cd88a9378a3d422939aea9cf4331e58fc5ff08fa4d9ec8df1b9e5fab5a198dab9a29bdec270a8863735e3898c7afff784324447,CLEAR,DAYLIGHT,DRY,FAILING TO YIELD RIGHT-OF-WAY,2.0,27.0,5.0,5.0
0f92a102c2a1ab2f03299e45b67e7201e90b5785bc7bd42d326687aebcd2b2eb425b37af3eb468627f5daca42f7873ad57519aed837e60c1ab0f5ec4d114992c,CLEAR,"DARKNESS, LIGHTED ROAD",DRY,FAILING TO YIELD RIGHT-OF-WAY,2.0,38.666666666666664,3.0,3.0
0f9356ac2fb6b45e0e69433422fcf60f40d839f8854fbc8c2097f4467a5eefcb706afaa034134a6a0dd438aaad90aeb82e3d99192a06b93c58cb4dbef34b7558,CLEAR,DAYLIGHT,DRY,FOLLOWING TOO CLOSELY,2.0,29.0,2.0,2.0
0f939ff7e257e37b117d578e9d699455f9b82aba904037cf21c8325371adaa2ab6db9dddee6ed482ebadc484071924b048468d139c4523fec02c3b862ca3e5c7,CLOUDY/OVERCAST,DAYLIGHT,WET,FAILING TO YIELD RIGHT-OF-WAY,2.0,19.5,2.0,2.0
0f93afe5f7b0e7afd904d8f4c60a3d4d90f474b2faa520d797a50df79c2f3950f8ea9ee0227484297b0753ade62c0178ba5e9cd745bdfd476095f2aaa90dec90,CLEAR,DAYLIGHT,DRY,FAILING TO YIELD RIGHT-OF-WAY,2.0,17.666666666666668,3.0,3.0
0f93b3e4323b52e0bfc9ca9e9bc2b688e7d2ba87aaad7a55caa39bd20b40f68e902f0ce2f06389da4d2ce3635fc307480af4031679a339704eb0cb6eb37472f3,CLEAR,"DARKNESS, LIGHTED ROAD",DRY,IMPROPER OVERTAKING/PASSING,2.0,66.0,2.0,2.0
0f93c4ac0d241e276de9e6df60eb007b841c2f87ae92568f64270b1b50480e9d5c470174c9e4bd51e9d3bb16c2accd64dde27b98d0b2195139692caee8e56473,CLEAR,DAYLIGHT,DRY,IMPROPER BACKING,2.0,65.5,2.0,2.0
0f93ef2c77b3c68f9ea2ca632f0e76d9a053b482ea4041ffe0abf045c38f8c81671e72f512ca224859d499fad0ebbd19100da9703982c28001aaff63b2f702da,CLEAR,"DARKNESS, LIGHTED ROAD",DRY,IMPROPER LANE USAGE,2.0,36.0,3.0,3.0
0f946f33562b9b304c89f4d64aaab553233034d997b9ee97c3380994060b4d2f9e2267ac65faea26fdea871f38d8580b546b3dd462a97666755d35a185a498dd,CLEAR,DAYLIGHT,WET,IMPROPER OVERTAKING/PASSING,2.0,22.0,2.0,2.0
0f9488a8f81cb21c466da3c524e22f323984a418f41247c084c9a47a47feb551b70656e9bb1b10ed9e816173594bd765f33085009c5df771e20ba87bfe985d82,CLOUDY/OVERCAST,DAYLIGHT,WET,FOLLOWING TOO CLOSELY,2.0,59.0,2.0,2.0
0f94c754b71e6f7a89cb8e9e793c0df2bfa1622b4c891aedb33dffa44b4470f34e0fc6f044e73165b1ea8970b04d08c887fe5d16ee3b0c19ddbb14a6aea09486,CLEAR,DAYLIGHT,DRY,FAILING TO YIELD RIGHT-OF-WAY,2.0,58.5,2.0,2.0
0f94e7459d620ec4b38549b157653eecace0f23073b82ea66f827dceaefc5c483eefac9c3119b59a614df15f7cf58f19f134bcf3bc8293f6647883687627ec63,CLEAR,DAYLIGHT,DRY,FAILING TO YIELD RIGHT-OF-WAY,2.0,37.5,2.0,2.0
0f94ef9f475f35b770b33746ba1e94ef536a96e236b8313bb6799b3de8e08c1f3bd6995d36616519e7b45e54f05074fc8bd6349145e84818f555fce022184455,CLEAR,DAYLIGHT,DRY,FAILING TO REDUCE SPEED TO AVOID CRASH,2.0,33.5,4.0,4.0
0f953f720beb9d9e479e174276ac5dcd4ea5af2f699d888214da61a9983b9658ca3c81e80fad311891a5514f73b21d55ec4aa865a66561b42406aebdaa03de0a,CLEAR,"DARKNESS, LIGHTED ROAD",DRY,FOLLOWING TOO CLOSELY,2.0,23.0,4.0,4.0
0f954fc4724f2c141086e5bfe60538c03d66b03783e796eb1f1b9a7974b1e1e0a80eb13a91082981f5ed8d769d6cc66bd7d6e2cb2a4d557531f21dd9f21f5f67,RAIN,DAYLIGHT,WET,IMPROPER BACKING,2.0,27.5,3.0,3.0
0f955cabeed3f0a0fec637c7327869fcd188b2f1d7073114ff7747ecdb06600e8f846daff9923fd0d779ccc45cc7c0d3f22f8dfc62d5752a2a141e56a74fc3fd,CLEAR,"DARKNESS, LIGHTED ROAD",DRY,DISREGARDING ROAD MARKINGS,2.0,30.0,2.0,2.0
0f956154dd0a9e844e4c0674907c0a79d7cd08157deb225a3aa8da74405e423f7f7d9fa68b9c24cab781c502942de21189a684eeebcdfee78c092f0599c0ecb4,CLEAR,DAYLIGHT,DRY,FOLLOWING TOO CLOSELY,2.0,36.0,2.0,2.0
0f9566b969122ceeeb8843609487325acc6aa5c41cda1ec28c02d4bbe0c6dda96d13c8f87a723300755c788e4b89aa0ecdc97ca1564e70e7f31455843a3e3634,CLEAR,DAYLIGHT,DRY,DISREGARDING TRAFFIC SIGNALS,2.0,34.0,3.0,3.0
0f958a1eb2344f5b4b52b0843c281a07e4873b35f4c8c223236892de1477e87155ea5285df883f5c902053d09d5f4d1d8882dae51ce4cec7902c3ce67332af43,CLEAR,DAYLIGHT,DRY,IMPROPER BACKING,2.0,37.5,1.0,1.0
0f95a3d3f7dcf8d15fe423155ef79d7e30ce45475f94d4afad8b6b904bbe9f1de95c3e15dee4730e767546638dc947cf6361a9846a160c64f5f586a566d76a03,CLEAR,DAYLIGHT,DRY,FOLLOWING TOO CLOSELY,2.0,46.0,2.0,2.0
0f9601986f4c79b3cd6ee698e93bbc225a541633f0c886f9fb39012a06bcc145f5c07a6d9371cd9f2ad65cae8429d8e0a228c6b3e928a136c72e79e9ba2de4f6,CLOUDY/OVERCAST,DAYLIGHT,WET,FAILING TO YIELD RIGHT-OF-WAY,2.0,49.0,2.0,2.0
0f960abf578bbd0e268bdd0cdb1c0ea3907c7b23bbaea3d516e9f8626d1e7f89377b00db8b60e2f98b9e73f91e3cf90c4d2f18b97af09628ef5166635876be99,CLEAR,"DARKNESS, LIGHTED ROAD",DRY,DISREGARDING TRAFFIC SIGNALS,2.0,51.0,8.0,8.0
0f960e52f43d3f0fe06147566c5ac5981e213a7a6ec65471b5fa834e174edfbc30d1f287339e06d6a437d625ed6bf421814eee21c88db719d8712d5cc05c05cd,CLEAR,DAYLIGHT,DRY,FAILING TO REDUCE SPEED TO AVOID CRASH,2.0,44.5,2.0,2.0
0f96253b2589b81f99cadd2a8b2cfd4849d11c553dab97bc4b500a226191fe6a7fd3efff4662c361eedbd7d2689e55f9381b0fbcd4f541301f1b703ee12be470,CLEAR,DAYLIGHT,DRY,"VISION OBSCURED (SIGNS, TREE LIMBS, BUILDINGS, ETC.)",2.0,51.5,2.0,2.0
0f96479343ca6dcfcd2d8874dc895b2956b89bc1e7beeb02d679726a9342b8e5c4eafe847fc32361d2fb578524c23427b34028717ded6637f122222824fc95f1,CLEAR,DAYLIGHT,UNKNOWN,IMPROPER BACKING,2.0,36.5,2.0,2.0
0f964d2e394335eaa01f549aae9eef3f98ae05da687ad4fba3ca7de52a78f6cb9240a8e516c9350a1b5b2764724ce48e722a01eaccc0f49c13b0b718eefdc937,CLEAR,DAYLIGHT,DRY,DRIVING SKILLS/KNOWLEDGE/EXPERIENCE,3.0,40.0,1.0,1.0
0f965a9a36533603f49ced269cc476ffeeb9a58bf7f4084cff476b7cd00b060b039272f4a9ef51e6b2d4c42a4dd774df3ea9e0aee827f57a5433e201fe47ff9a,CLEAR,"DARKNESS, LIGHTED ROAD",DRY,DRIVING SKILLS/KNOWLEDGE/EXPERIENCE,2.0,32.0,1.0,1.0
0f967f786cd1b84c2b2ebd6298ed4532290013445b4263aaaa6bd2d4b729bc522e4a86d646f2d410cd01b1b9ad43e48874cfffcecf8c81c8205fedf778c178c2,CLEAR,DAYLIGHT,DRY,IMPROPER BACKING,1.0,37.5,1.0,1.0
0f96f90f02c8ad59c736fd59aa8f7e93ef55a3d70eca87ec93a0863baf8a495064302481b4f37d6cab5e6056a50c58c9f67b234690862fece5b4285d0fa47b98,CLEAR,DAYLIGHT,DRY,FAILING TO REDUCE SPEED TO AVOID CRASH,3.0,30.333333333333332,3.0,3.0
0f97094582dac66314dcc65b2b6eaa5783e291bdd22932e83046eaeeecf7b323b15e0d10cdf10dd369c263f75f737b9c62f9529959c5f3ca40f53a9e7b2560c4,CLEAR,DAYLIGHT,DRY,FAILING TO YIELD RIGHT-OF-WAY,2.0,35.5,2.0,2.0
0f97237fe42136081ce8d6d1f88d04c7f47244a3e2d3a666e52ae9075c43488a0974ad8f16e97818a15c22cf926017bd1ed2762360b904d24a2dc6f796291595,CLEAR,"DARKNESS, LIGHTED ROAD",DRY,IMPROPER LANE USAGE,2.0,25.0,2.0,2.0
0f973b4091b6e6dbcaa5b3760f6086ffe11d511a68940dffd5b2a59b4acf2f0c7bcd4e05095487d46aaaf356c2d0e433663280d335508350011a4d3d28cf30c3,CLEAR,"DARKNESS, LIGHTED ROAD",DRY,FOLLOWING TOO CLOSELY,2.0,32.666666666666664,3.0,3.0
0f97914f676659f4f59ed9d384f3c8fa4093906e445f6e2679de181c9b95a8c7daa9756a633f05e83f2ffa254c15418f5187de9d2c458a1ae49b8b04982e1fc6,CLEAR,DAYLIGHT,DRY,FAILING TO YIELD RIGHT-OF-WAY,2.0,62.0,2.0,2.0
0f97967654012e101a4f5354fa8f67f8f3172bb82a9b90952dad1a85ea9e006d38b51bc2c556e2d079f9ac03bae3259314bd6011868255d9ec1b33e39d21531f,CLOUDY/OVERCAST,DAYLIGHT,UNKNOWN,DISTRACTION - FROM INSIDE VEHICLE,2.0,31.0,1.0,1.0
0f97c20bb541dec600b7ba64ad65c82438bd8a673a063063166975d14afd606ef8bb1fd958ac521e63b6fba249f33c8618c2e89bf9aadd66a60d3c46eb66f7cd,CLEAR,DAYLIGHT,DRY,DRIVING SKILLS/KNOWLEDGE/EXPERIENCE,1.0,31.0,2.0,2.0
0f97c2e73a465ddf338ddcd77d42fa235d66fa2fec7fbf688dfc1215dfb970012e4d29feb71c8f3130b9e1c5cd8b79b0ea0407311543e5ccf719a8f6d0ec38b9,CLEAR,DAYLIGHT,DRY,FOLLOWING TOO CLOSELY,2.0,42.5,2.0,2.0
0f97c58d0e15887cebac3778b87c87dbd9dcbecbe4a47807152953980d04794a172dcbf184548cff1d8e458d17a395ebc648e5e2836ba01941348a1b7ece2f22,CLOUDY/OVERCAST,DAWN,DRY,DRIVING SKILLS/KNOWLEDGE/EXPERIENCE,2.0,37.5,1.0,1.0
0f97cbb771099ab7f75cd2d32d931cce5b7cc25e16b839b46db2a3eb0480e16e34d1c8847f54625f6e9c7249074db2eda7fa6b91b0b276bf4f19e6afdbe75ba3,UNKNOWN,UNKNOWN,UNKNOWN,FAILING TO YIELD RIGHT-OF-WAY,1.0,37.5,2.0,2.0
0f980e65be7296e226d16a4ce101c3f77ca7028e7f0463160ad38cac30a2c2607ab8e4b0c2aeb2323652064936ebd144155460ec172968a27b60341ac0ee9319,CLEAR,DAYLIGHT,SNOW OR SLUSH,IMPROPER BACKING,2.0,44.0,1.0,1.0
0f9865f1550aed0ce8e5737905db48c40a2a999a73bded8162132732eefb0b911ed3b047fcdfb42c8b02f746d4f06499b025475f8e0996d76e748374f2e5efd9,CLEAR,"DARKNESS, LIGHTED ROAD",DRY,"OPERATING VEHICLE IN ERRATIC, RECKLESS, CARELESS, NEGLIGENT OR AGGRESSIVE MANNER",4.0,34.0,3.0,3.0
0f9897ae4b3a9993eb062ec365acc30a6fea6bf804e314aa0530893ce0e3ebb48562091ed6931dd2a6823809cd8abb116b5af68dbcbaca48a8918c39fd4571c7,CLEAR,DARKNESS,DRY,IMPROPER BACKING,2.0,52.0,2.0,2.0
0f98ba981befa8569f4a3662de12e9297c622b766b2aa9b0ea140be0b6fc542265bc7c1cf5996cbad00cd044175afb395f61a4d226ba4d8a8b1c8c96a292e07a,CLEAR,DAYLIGHT,ICE,FAILING TO REDUCE SPEED TO AVOID CRASH,2.0,23.5,2.0,2.0
0f98bc626e658d4889f95512ebf89b545c3516c5feb13ca4d25bbe077c522e57bc88c11cbad39916c6486a907d752347e913aaeeb4edb9e8aac175d33a7149cc,CLEAR,DAYLIGHT,DRY,FAILING TO YIELD RIGHT-OF-WAY,2.0,58.0,2.0,2.0
0f98cd193b877692706c0eac004ab40dfcfb18e67770eee63399a797bf0b1665a3d0cd38f5b041813a2cbe629e6028955175fad8788eac862307446bc347d095,RAIN,DAYLIGHT,WET,FOLLOWING TOO CLOSELY,2.0,35.0,2.0,2.0
0f991520af72756203fc9a4b2d7c6a44a7e9d74cae91723650f7242f5e61b2bf63066ebade0594ddc96ee26d8d201a5b8ab05f8ddd15bc6398c3ca57bfd14938,CLEAR,DAYLIGHT,DRY,DRIVING SKILLS/KNOWLEDGE/EXPERIENCE,1.0,39.0,2.0,2.0
0f992ffc0bf788cb1d971dc54aeedeb9d209c78feb0345d0a2cf7e43a1b97cf5f812cdc992987b80a5a9f15cba7476a1d34ecacaf7435704f9854e27bef934a0,CLEAR,DAYLIGHT,DRY,FAILING TO REDUCE SPEED TO AVOID CRASH,2.0,26.5,2.0,2.0
0f9950a23741b54fb058be9b1829c82599dac6c28dd56521d5a997a6ecc1963d0f0815ee3d5ac7d1092fdb5266c92240756b925d51d704250b5c1c1d52b88976,CLEAR,DUSK,DRY,IMPROPER TURNING/NO SIGNAL,2.0,22.75,4.0,4.0
0f9953358877a61fe79d21282997379b1b994edf2a4ebee4db16d98ffc392cb75c870bfcab6f0c19f3bc7e5353719f7714c2da8e18c776565affe4f81e6805fd,RAIN,"DARKNESS, LIGHTED ROAD",WET,FAILING TO YIELD RIGHT-OF-WAY,2.0,49.5,2.0,2.0
0f9990d8ff4dcb98c0ab3b18bc6ba4d985698c5b7f0ae27e18817f52bc8276fb8e35ecb481e2e55d9981ea17e5913651ecbe1e23de485fe74b4ec4b6c2bb032b,CLEAR,"DARKNESS, LIGHTED ROAD",DRY,IMPROPER OVERTAKING/PASSING,2.0,44.0,2.0,2.0
0f99abe637f4e23a765a2882f3df1c92061b3da67ddff7dd37f7f1a0dab567d854b6f58b880c95b5b949775d9dbeeeac5f0f61cccf9b26be22a7bd5b1458263d,RAIN,DAYLIGHT,WET,IMPROPER LANE USAGE,2.0,59.5,2.0,2.0
0f99bf32f588dd4cace083b56f5b7727409038f364c94a789fd373db5747c72bab50e3ee2e109c2e559d42096482a9bbdde3097720670f3be789eba84ea2616e,CLEAR,DAWN,DRY,FAILING TO REDUCE SPEED TO AVOID CRASH,2.0,32.0,4.0,4.0
0f99f3fa2195fab3b85c5e03430812dd779fcb8134de0b4f11d09d5207f759b87a468f03f0512c8e52c5d935601d9981623eb3f19a6970839462e7deae937a4f,CLEAR,DAYLIGHT,DRY,DRIVING SKILLS/KNOWLEDGE/EXPERIENCE,2.0,63.0,3.0,3.0
0f9a982de0821962399753de92f40d01c124571294e4ce9fe76b77b87c422899968e3a1ba5e836e16e787bd8ba91d443e72ca340ca1e75922a10515f9f4c300b,SNOW,DAYLIGHT,SNOW OR SLUSH,WEATHER,2.0,64.0,2.0,2.0
0f9a99c52ac7782564f0468dec71137e40956a2f735f7af84a7053d0e62d895b20704a582263b3a101c83e1e4ffb98ae0a3808669c2c63b6b87c704fa27fb534,CLEAR,DAYLIGHT,DRY,FAILING TO YIELD RIGHT-OF-WAY,2.0,38.0,2.0,2.0
0f9acb4f031291be8597400830edca2f501ae290d3089f3a146c3d1be30cc16ad80c36d6c4d3d341f346ad9119a24cbeece1d6636f83cb684e15ebd88df112a4,CLEAR,DAYLIGHT,SNOW OR SLUSH,DRIVING SKILLS/KNOWLEDGE/EXPERIENCE,2.0,65.0,2.0,2.0
0f9b2f28b875512843b98c4a312b3912035ac50a49ad713e171d3920d6743ec3f9415963bdff5f689beda150277f22997f5641c0fb0dfbcff93c519596360102,CLEAR,DAWN,DRY,IMPROPER TURNING/NO SIGNAL,2.0,40.0,3.0,3.0
0f9b366f4ca83ee2882d729694f06c317eb6b055b0a60e7da72f8d3f8defbec58ea97b7337d8ca287ab1ca481a8663e58c50aa243c1a25a4b88a1481c55ec92a,CLEAR,DAYLIGHT,DRY,IMPROPER LANE USAGE,2.0,24.0,3.0,3.0
0f9bbc2f5d56414bc509c0826cf4a6a67821010001bf052ce50133232d9b7da2712f0bfe3edd1c0e8d4ba01859d89d77d6f4279a400981456ebff0a134cb5ba3,CLEAR,DAYLIGHT,DRY,IMPROPER BACKING,2.0,41.0,2.0,2.0
0f9bd00b78faf709b3f2298d033de161d74b3ad884d72d3621e913fc0e19e7970758f14611a32a7f80c17f25c6c2decb63f664012d83f35195169782ba61b255,CLEAR,"DARKNESS, LIGHTED ROAD",DRY,ROAD ENGINEERING/SURFACE/MARKING DEFECTS,1.0,32.0,1.0,1.0
0f9bf1f749a2623633c0de5aca1e8258d43906b7b3d5979698ec79fbac81cc1b268776009098ca02900dc6bc96b1d34d761aa9d47b027d9d6492fd99001483b6,CLEAR,"DARKNESS, LIGHTED ROAD",DRY,DISTRACTION - FROM INSIDE VEHICLE,2.0,32.0,2.0,2.0
0f9c3a6ae4b440e56b3be19a9faa5e639ee0c9d4b2dbda737834039a5365c4c370292cfeaaeb1cde7374794d4c4c0411611bd468aa8a23de04273edf763cf1f3,CLEAR,DAYLIGHT,DRY,IMPROPER LANE USAGE,2.0,37.5,1.0,1.0
0f9cad785ddb3f0a9d733dfc746642a35df10d94371b23e1a6d55737e8d2593e23267f261db2c44398190cba7b771367feaec930d5b26515e242af57938fae5b,RAIN,DAYLIGHT,WET,IMPROPER OVERTAKING/PASSING,2.0,58.5,2.0,2.0
0f9ce49c33d7b772372a4a160502f70d12c702a6fa2028f59cf6ca12faccdceebb5b3603579e5b7bed643d1f608250a24ea786c8dde98b76c4c2f2335cfcd177,CLEAR,DAYLIGHT,DRY,FAILING TO YIELD RIGHT-OF-WAY,2.0,18.5,3.0,3.0
0f9d2a0d08a08c9ff76f682734d3c543b4d99337a8f4ebf146ca6a749341e5f5c6392fb0ae28f0350bd6d46cdfed2308d5775c5a052cbad8d67c773dd2dd2a3c,CLEAR,DAYLIGHT,DRY,FAILING TO REDUCE SPEED TO AVOID CRASH,2.0,52.0,2.0,2.0
0f9d35a9bb44adf6cee87b9d5deda1fcb80fbd5997a7e17d38479c9d570b208b63e88315330346660d82bb4b0338562823f8be5925158fcda46401eb2cec8628,UNKNOWN,UNKNOWN,UNKNOWN,FOLLOWING TOO CLOSELY,2.0,47.0,3.0,3.0
0f9d66f63fddcf522302656748abf6216f36878dafee423441ecab87a4b8a9da7e09dbd299945a496630d4c88ac11562e275af8bef8a61047c1c70d6f38e3a9b,CLEAR,"DARKNESS, LIGHTED ROAD",DRY,IMPROPER BACKING,2.0,31.0,3.0,3.0
0f9d75e40a2ace12da8ed880b762c9f1a99566dfac312dbda477d3bea216ef128970334d12130ad8f4ba84c83f01e9cd3ca1be828268f62773641968662beb77,CLEAR,DAYLIGHT,DRY,DISTRACTION - FROM INSIDE VEHICLE,2.0,43.0,2.0,2.0
0f9d89b305cd1015e8270dd556e710b3d20b553711ad98ca6641aa701dbb3835962855d663aad5d279ac03e094854acd5a586e4891b97779f50b0a82488ad840,CLEAR,DARKNESS,DRY,FOLLOWING TOO CLOSELY,2.0,74.0,2.0,2.0
0f9d97a583126a5ad0ed725e08481ec9c8afbb7490479d75bfec30028523e16862a7ab94e02d00f7bb48b8a8b4a650c2059b7fea5f9e994adf5263f5e3a7cfd7,CLEAR,"DARKNESS, LIGHTED ROAD",DRY,FAILING TO YIELD RIGHT-OF-WAY,2.0,47.5,2.0,2.0
0f9d97e6d6fc40a7511a817aba810643124b7a74b1ded30e1a45d04bb14870e8d6866d867e4b35e60e30f5415af31ddcff3b6cbf1f9f437c2713e1e075992d96,CLEAR,DARKNESS,DRY,FAILING TO YIELD RIGHT-OF-WAY,2.0,51.5,2.0,2.0
0f9db276a70c9c6c83f3588aeee2e5b7084deedb12a806e9776be513623c263fea3afc56c580e61504149e6cb8565c187e3fc25505181c4dcb7d7e2eecc9df80,CLEAR,DAWN,DRY,IMPROPER BACKING,2.0,45.5,2.0,2.0
0f9e0bd17615444d8b49ee4e29689c11967454f36627c3bce5b26a0d51f11a99f3d527a7f82c7d3647fd2f90f6528a28137969e58219db48afa74cc22282e901,RAIN,DAYLIGHT,WET,FOLLOWING TOO CLOSELY,2.0,57.5,2.0,2.0
0f9e271f74defb9923ac59ecc738bb756b7c434dc50ac6cb24aba65f230909061c9b633e72d3f0c072600768fe17d84d8ee873d027bea36a74a01c254c8550ff,CLEAR,"DARKNESS, LIGHTED ROAD",DRY,FAILING TO YIELD RIGHT-OF-WAY,2.0,29.0,2.0,2.0