crash_record_id,weather_condition,lighting_condition,roadway_surface_cond,prim_contributory_cause,total_vehicles,avg_driver_age,total_people,total_injured
0f9e5d77b00c3f291d82ff28eade5d2e25ffbe31cdaea4d9f7fcaf91fd79e5775567af385beb6360b100d4da7248fb13b553c82da1c9a7714f2e202af5169cb1,CLEAR,DAYLIGHT,DRY,IMPROPER LANE USAGE,2.0,50.5,2.0,2.0
0f9e6c7de51e247760660af360ec5e460bbbdcf1baaf58c010031385e6be3711bfde35d691aaee4ad0bafa4edc6f22403aff03822f26f9ece4a4ba1c2f0b689c,CLEAR,"DARKNESS, LIGHTED ROAD",DRY,IMPROPER LANE USAGE,2.0,37.5,2.0,2.0
0f9e72ca843716ce57fd6575ef0ff636451951c3b83b1a50a0e7fd99287ccd9fd7c61ebde33c059717fa9b1022dd27aa7dc2d5cba4959ca9b09ba10fdd4cbba3,CLEAR,DUSK,WET,IMPROPER LANE USAGE,2.0,28.0,2.0,2.0
0f9e8144185613c7246a042be105f811275f16be57b81b2653497cd246d2b648cdcde90bfd63d772e9bdf89fdfc17bef60a2ec5eafaf40ef9e9b02be35231791,UNKNOWN,UNKNOWN,UNKNOWN,DRIVING SKILLS/KNOWLEDGE/EXPERIENCE,2.0,37.5,1.0,1.0
0f9e8fa0eb0accc7ba57dac9a6af1678fae7935a3773158c5540bb15afad17782dd0f3f0629e44eea202ec9c970140568c2641d243842f37ed6749131cca006f,CLEAR,DAYLIGHT,DRY,FOLLOWING TOO CLOSELY,2.0,57.0,2.0,2.0
0f9eac1746476af4c6e31193f3b23efe4cb9cec48511bc796285a04f9d96cdd60b7f59f368efcbe31ddfaaa0cc92ee420f609bff44079b0f9b959c113ec7e38e,RAIN,"DARKNESS, LIGHTED ROAD",WET,FAILING TO YIELD RIGHT-OF-WAY,2.0,38.0,2.0,2.0
0f9edaa6214eb3c16c7edc027af80dec835df9b3197ed0e66f19bbc67782712ce6e5bbda85008e6dcf11332550bcc655b2fccfbfa157cbd6de64a91206689aa9,CLEAR,DAYLIGHT,DRY,FAILING TO YIELD RIGHT-OF-WAY,2.0,31.5,2.0,2.0
0f9ef8a4a50ae60598b226dfa83a245586b2b4bfaf9810c6958479d25a58421f3275637eb76422eb92b8d7ef49acfedec9babcd964c35ef4dea53a26e44dde76,RAIN,DARKNESS,WET,IMPROPER TURNING/NO SIGNAL,2.0,39.0,2.0,2.0
0f9f507b8dca4840285bda0dce9c6aa5e03ce4af868e3bc4d77930d5f3f48afe31883197f58a7f2ab5096867a6007eb2cae6fe1816e6c48b20e9695a0b8163c9,UNKNOWN,"DARKNESS, LIGHTED ROAD",UNKNOWN,FAILING TO YIELD RIGHT-OF-WAY,1.0,19.0,2.0,2.0
0f9f5290680af2a0ca2aa0bf275504c2e0d43d6463f7874cfbba82b7ee4a5fd2df981461aceb02e30101b926a0c96fa9801c877f84e8910151d9ab0c34896377,RAIN,DAYLIGHT,WET,FOLLOWING TOO CLOSELY,2.0,0.0,2.0,2.0
0f9f592d99c9a5938717430ded3408bc674f07c0f9b9c700114c98179cf8c37ce88d1a9aaeb959710a10c3f1f43123f6fc54e72b6efb7c5081e4853bf454abd8,CLEAR,DAYLIGHT,DRY,IMPROPER BACKING,2.0,46.5,2.0,2.0
0f9f5d8ef5979bb4321e77500928d3746ffecd48990c670fe9d89322f01fc61a903c3a72cb2159a52effda0e42e9bd9094b3ab71182d9db52f911df0d7f71ed8,CLEAR,"DARKNESS, LIGHTED ROAD",DRY,FAILING TO REDUCE SPEED TO AVOID CRASH,3.0,0.0,1.0,1.0
0f9f84ad1d7a03f294a9a176be09303075d6ce3ebd7b046eb183dbde27e1c0571ea1c573a32650d92a80f01949b74f57ec27ff221f105228b11b9b66dacb9164,CLEAR,DAYLIGHT,SNOW OR SLUSH,"VISION OBSCURED (SIGNS, TREE LIMBS, BUILDINGS, ETC.)",2.0,37.5,3.0,3.0
0f9f96087337448d3ccf4a47aec69c2f8898765b07833282b56fee475778744e0faff19491312f7c6eef9b843d9889a4530a35897a4d2b0a49eb086422ee623a,CLEAR,DAYLIGHT,DRY,FAILING TO REDUCE SPEED TO AVOID CRASH,3.0,84.0,1.0,1.0
0f9fb5f95b1ebaa4cd035aecbe3f6e66d60c5c53654c3636130ab71ab812adaf52614f2325cfd8896defbba9cc2863b7a261bbeb9ec545ded6d6433a8141db30,RAIN,DAYLIGHT,WET,WEATHER,1.0,23.5,3.0,3.0
0f9fdb1c46a79be15a106429342e0aa1a90813d0d5be8cb31b3a78ac66b577fbd56e3117be27b4360cd141c568b3659c59e346d71d70556bf3d30f0c254fb567,CLEAR,"DARKNESS, LIGHTED ROAD",DRY,FOLLOWING TOO CLOSELY,2.0,25.0,4.0,4.0
0fa03759887dee15b22356210f46d5e79a5587878630346d4b71d3bf0bec0a2e956e8631311e1a3aefea32a1e6317bb587abe3014228abcb0521bb2dce12af90,RAIN,DAYLIGHT,WET,FAILING TO YIELD RIGHT-OF-WAY,2.0,37.5,2.0,2.0
0fa084b06717824028546a4c2eb4a86140989738b8c769899284695380e97870f94fef03005ce744a4a622e6674fe7af197e036ab441159eb5e4ed78a60158d8,CLEAR,DAYLIGHT,DRY,DRIVING SKILLS/KNOWLEDGE/EXPERIENCE,2.0,53.0,2.0,2.0
0fa094bbee8afbef54f3bfa870d921b252d32280ea0c8fce3b008e54402ac050c44995544b9814839e92e29981745d3925725fe42b9f6d65e72d191141cb2935,CLEAR,DAYLIGHT,DRY,DISREGARDING TRAFFIC SIGNALS,2.0,58.0,2.0,2.0
0fa0b803b121867137fe80a9fd32489efcbf8ecc374e6dd2f99b3e0c80017c8428a3306ec94e68250d4aecf0ea2ab463ed8507818bfb3e938b8e940bc72da530,UNKNOWN,DUSK,WET,FAILING TO YIELD RIGHT-OF-WAY,2.0,39.666666666666664,4.0,4.0
0fa0b9a8f6aeeeb6cfc058f5e2f94ea143d1ed5bf41e9afa51fad1e5b347e260e9852bb198e3da1b65fe3d3a905050e0d2d5dc0c7cee72355a1d225f7ca40a90,RAIN,"DARKNESS, LIGHTED ROAD",WET,IMPROPER TURNING/NO SIGNAL,2.0,32.0,2.0,2.0
0fa0ba5601b7ee5bef058922b47dbec06824c42fddaf8c69527f33955c6ba8f54d22428babaa1857f0a5b2f634cf76b87862650427a12a98b4fb3eff9cba93fb,CLEAR,DAYLIGHT,DRY,FOLLOWING TOO CLOSELY,2.0,19.5,2.0,2.0
0fa0c4a2092346dd3c2bda1630031c91a10db9d319e9ed55a3f050ec934585918505154d19c08d5345adec8f08a4ed932856c8e8a28ab59459f427ac0914c91e,CLEAR,"DARKNESS, LIGHTED ROAD",DRY,IMPROPER OVERTAKING/PASSING,5.0,38.0,4.0,4.0
0fa0e04fa5b486f5a1ea368abca56853b161502a4851d66863c086b87269501e6ccd8d20f3019ce860cd276b27de3e3d61fdd1390b1a3df3b9e19d49c7e55513,CLEAR,DAYLIGHT,DRY,FAILING TO YIELD RIGHT-OF-WAY,2.0,60.0,3.0,3.0
0fa0f657f431677af6c8c97b8b976c3c9400993683277515298d22fcd53bf2b5e0a62ca1d5148788ffaaf019d4c9ba075f67bdb6d61b3e3a8aab1b7f4bfb2f81,CLEAR,"DARKNESS, LIGHTED ROAD",DRY,FAILING TO REDUCE SPEED TO AVOID CRASH,1.0,37.5,2.0,2.0
0fa120bf2a64930cc9df380047ff870b88a423c5424bde20fbc88dfa1061c12ea2e5bf8b6eb73da3a5b8e5d913d789b78c09c7cfc5d1747d620e0617a53f1a56,CLEAR,DAYLIGHT,DRY,FAILING TO YIELD RIGHT-OF-WAY,2.0,26.0,3.0,3.0
0fa12f170b458d1ac9402dd2e60ebefcb362074c7b2524afd5e7412121255898e59c1009e550c51755cd0769ba18dd4f4eb5e789f76266bb3f1d42d880d39b99,CLEAR,DUSK,DRY,FAILING TO REDUCE SPEED TO AVOID CRASH,2.0,49.75,4.0,4.0
0fa16ea5ddaa7d9b2459e4bca0d43ddcd698b0a7e3a1c3c0b2bda7b92c103e445faff32411fbc4cdde8c804367b6d7e414d68c7697fc8e40aa4169fe1a688c6c,CLEAR,"DARKNESS, LIGHTED ROAD",DRY,IMPROPER BACKING,2.0,42.0,1.0,1.0
0fa17023cd9040a34cd3ea4c259cc513fc0629bd044b9e729f64c71ab1e5b65eaa33a58cb9625ea7f44238b9db959bcf9898c80a4c3f1231af0edce7703bd307,CLEAR,DAYLIGHT,DRY,FOLLOWING TOO CLOSELY,2.0,18.0,6.0,6.0
0fa17c1fd5e62894565f63caa0ef1f1ba458796604aabedde6c7fc80126ddecc2eee4ca86fc0ad36b3d8f0c3a536d65078bc853f01d27bba681490ccdd9cb0c5,CLEAR,"DARKNESS, LIGHTED ROAD",DRY,FAILING TO REDUCE SPEED TO AVOID CRASH,2.0,37.5,1.0,1.0
0fa18e7b0dd46c45d218c635bef6e6f6b42728652e3cf683fb6fef3b8e694de0b10c81a548fc1a630060c0f2f4b405c5ab6f21dae9069708d3ebfce52483736a,CLEAR,DAYLIGHT,DRY,IMPROPER BACKING,2.0,59.0,1.0,1.0
0fa19021123106826f20ae824bfa974c216c70a7991a64e27cfd2a5deea82526a0be35d76ea9ffffb847d99f682e714f45aca83d03fe8b146954650dee6074cf,RAIN,DAYLIGHT,WET,FOLLOWING TOO CLOSELY,2.0,45.0,3.0,3.0
0fa1924fe90d543d6a38d527a53b3c58985169d8197bd67f4d085ec3450b446b7a2dbae0175f069e13c9af29d0899a3e3b09f75459f3d782902460162d2ab1e6,CLEAR,DAYLIGHT,DRY,FOLLOWING TOO CLOSELY,2.0,49.0,2.0,2.0
0fa1a97bb789472c77fc65f7bccdcca740134024873d0d2650f773a96702dee87f21061d08b7140b4ebe2daeba4b1a57081fd62ab817b3e2824307399492c751,CLEAR,DAYLIGHT,DRY,IMPROPER OVERTAKING/PASSING,2.0,61.0,2.0,2.0
0fa1e821864e11ecb9b3a77dc52634865cabe82ada43b29aff676862508166668544dd0413c921953c3a4170bf518fa37f8fb5b3049e9824b41d3642c7bebb2a,CLEAR,DAYLIGHT,ICE,WEATHER,1.0,32.0,1.0,1.0
0fa218220b4a64e0a44964d20700484f70e2dc59071f75635ae0d041c31a7d4318389b3f499be023a8f88abd7b83f04ae90be12f1611d5af945c160c6464cbb6,CLEAR,DAYLIGHT,DRY,FOLLOWING TOO CLOSELY,2.0,39.0,2.0,2.0
0fa22e53619aee0386c12b20038f1876ffa580491a07e56ef73cb52bb87fea554dc353302bd26c91bd92fe468ad1e05b371ce87726fdac359a55a8a9c6e03fba,CLEAR,DAYLIGHT,DRY,IMPROPER OVERTAKING/PASSING,2.0,50.0,3.0,3.0
0fa23f248638df352ec8dcb9dfbd1e8783308a119e0d34f0454bcd0bf93dc690ee5936accabb0038e2e8997bf16c1c8df652a4d55ffbaa0f65aa484668590826,CLEAR,DAYLIGHT,DRY,IMPROPER TURNING/NO SIGNAL,2.0,20.0,3.0,3.0
0fa245a49df90900a6c96a2dc2811bfa1b7a6c446dae5ff56f6edecd6927b2458899779283df3cfecfc0b4c671eaeac9041f1bb83d86a0a8a1ba0897a239d34f,SNOW,DAYLIGHT,SNOW OR SLUSH,EXCEEDING SAFE SPEED FOR CONDITIONS,2.0,52.0,2.0,2.0
0fa24d749432b2f8c66924765a1d16a4058a3bf3c0fb03520d4d34b3b84234f02ae7fab7472de6695f36f75718d4d9841031a50481482249bf5d050a66f4fcec,CLEAR,DAYLIGHT,DRY,FAILING TO YIELD RIGHT-OF-WAY,2.0,28.8,5.0,5.0
0fa262ce66853a7744f2ac26835c6596f6ceb3551db1af65f603345e067c5c55a935fc04ed31637e17dd54e1d479d0b49e3c33ede971d4a858c12459912377a1,CLEAR,"DARKNESS, LIGHTED ROAD",DRY,FAILING TO YIELD RIGHT-OF-WAY,2.0,37.5,1.0,1.0
0fa2739fbaa63e2b7a801356dde6fbf4550a069d0ffa2801eb04983386f6e4c9079ffe09f2c52c8cc05c7ec758c6203af521816f157102eeecec0d17cf958761,CLEAR,DAYLIGHT,DRY,FOLLOWING TOO CLOSELY,2.0,43.0,2.0,2.0
0fa285ae711918ca0bedcd6d3434bdb31e8015cc5510d59af94c6b223b9dadc5c2081479809dde91238f315d85a8c6f958033cf6612fd1b383a836c0a46c8555,CLEAR,DAYLIGHT,DRY,IMPROPER LANE USAGE,2.0,23.0,2.0,2.0
0fa299fd1e6efb3ad6402cd77cd6ba76b9cecd8ac65f900759112058ee50b9544f6d3532ba68a64f9137012d6652d41612c38b80b79e618310a0bc8b3d5fe201,CLEAR,"DARKNESS, LIGHTED ROAD",DRY,FOLLOWING TOO CLOSELY,2.0,56.0,2.0,2.0
0fa2ca2804ec4153b2355911af11cfcc8ae7b7b3348da9ce7e815941442cece9cb4b200424f68f274448a2a0d24fb00af5cb55dbe06e47d5fc91848f6d021bcc,CLEAR,"DARKNESS, LIGHTED ROAD",DRY,FAILING TO YIELD RIGHT-OF-WAY,2.0,71.0,2.0,2.0
0fa2ca28944af5c102867f30cd153cbaae6d46d6fad7b2acc590fde32107da6c691037070332f70d2b0bd3bf18ab0e871b5ced3cf3aa13e187e9c9cdb64ea73e,SNOW,"DARKNESS, LIGHTED ROAD",SNOW OR SLUSH,FAILING TO YIELD RIGHT-OF-WAY,2.0,30.5,2.0,2.0
0fa2ddb5bed315cc41becc30e37a01572d0c2f85b944a4f4ae374ed2eac3e88af9f8037996e5196d1aee2c8dec735221838e11a13ba58e5f1a5b80e31d423d13,CLEAR,DAYLIGHT,DRY,FAILING TO YIELD RIGHT-OF-WAY,2.0,25.0,2.0,2.0
0fa32868cf6be762badb6c4b2c177af7876708b3bcd98ea63e83e4ed72aa5e365dd77c4f4d9701c2f87f217427610fe6d80f738624487f45c184f0bd60e392e2,CLEAR,DAYLIGHT,DRY,FAILING TO YIELD RIGHT-OF-WAY,3.0,26.0,6.0,6.0
0fa32c243a6bb5b5ba4ca8e844db2199a007e1c30f4d958a7cae743cf6a2ca438cab6fa0beca9c472406b8fd3e0826faf8b5d94566837a5cef109cc2861b818d,CLEAR,DAYLIGHT,DRY,FOLLOWING TOO CLOSELY,2.0,39.5,6.0,6.0
0fa33fcf95c48da43aff38a2ed14e2abb584f7779520be4a2455bc763c029b3cf1b871286a5d453fd937ef71a579777cd427213f2b3405ba8c17c88f1b69966c,CLEAR,DAYLIGHT,DRY,DRIVING SKILLS/KNOWLEDGE/EXPERIENCE,2.0,35.0,3.0,3.0
0fa34408c1e76c0c7a5239f2c66bc0ccbd38aae220d6567534b69e76fbc8ccc7095b88aa86e6c9ca7344ed05fc6337b2f0a2ebb50f5ecd68a1de84e27480242c,SNOW,DAYLIGHT,SNOW OR SLUSH,FOLLOWING TOO CLOSELY,2.0,41.0,2.0,2.0
0fa347079cfa9a241436935868dc5c168ea18ddc8e0762755cbe09aeb7431a381db08e1d7b7658dbb6c98c820c70664ed48fee9348237b49472501f11bd16b2c,CLEAR,DAYLIGHT,DRY,FAILING TO YIELD RIGHT-OF-WAY,2.0,64.0,2.0,2.0
0fa375404b2e73e198c733b018e94d72fe7c7f8e293db07ebdea7cc1bfdb750a735459f0fc35bfdc2d0bc25299330c86409ef0c065f2f9407577b1db1230583d,CLEAR,DAYLIGHT,DRY,FAILING TO YIELD RIGHT-OF-WAY,2.0,59.0,2.0,2.0
0fa3cd4deff29810e892f1bfc5f42d75dbf4c6499df37448a8e38fb62661d6ac07f3ed4227299e71f2946e43556cc9cf6eed6a0e71ff58f98ba6ccfba1aa3d02,CLEAR,DAYLIGHT,WET,IMPROPER BACKING,2.0,19.0,2.0,2.0
0fa3d52e4e77e9264634c98226f2446a287e398645dd9932c5946adbe29a222128ac9b3b1b4e1d0c1a38f986d423499a5214814d45a7a297e8e03929f7ef0d08,CLEAR,DAYLIGHT,DRY,FOLLOWING TOO CLOSELY,2.0,35.5,2.0,2.0
0fa3e8aca18419982452fbfc247cc81560780a945588bf57a39d66ac19e52fcbf49fedf51daf9a338705717850b17feaac2015f3a2a2443d0d8af37bc9daf89b,RAIN,DAYLIGHT,WET,FOLLOWING TOO CLOSELY,2.0,38.0,2.0,2.0
0fa40878b75a27bc0997adcdcf2c54db2ce43b82a2107513b257e4b4c7f3847a90152eaec93fbce84fde965d4f0f426f0ba305713d15276ac9ac62dfee577abc,CLEAR,DAYLIGHT,DRY,FOLLOWING TOO CLOSELY,2.0,37.5,2.0,2.0
0fa48604a85f507b5c70a1287aa15735ec249739fb2b4c2745237f1f923d328aa0d0ec70f6ab88163d098f3d77870c8bdc57a64a33b8b8519a41fbc4aa507746,CLEAR,DAYLIGHT,DRY,FOLLOWING TOO CLOSELY,2.0,54.0,2.0,2.0
0fa4884149aa03acef4572d0d6b4de24104843772f177e5b6cde4dc4e4240d6d5e24fe5eca171822bdc58764b532043ae688f943f3a56ec588f8bea0865b6079,CLEAR,DAYLIGHT,DRY,IMPROPER OVERTAKING/PASSING,2.0,43.75,4.0,4.0
0fa49559bba827bdaa2ad3bf1cd4715a514d000dd17bb7bf13fb7b57be125cf2baa6b8e6003668df788f7eb14fb97dd805699fb6d06109480fbd8b45099de7fd,CLEAR,"DARKNESS, LIGHTED ROAD",DRY,IMPROPER LANE USAGE,2.0,54.0,2.0,2.0
0fa49cae271fae39d6d0e3c533bd648c2cd0d4b72918e55bff14506622bfd302f4b58a60a35f90cf6ce5241e33a9c5191311987ee5969c0cd7927a48d72d26b4,CLEAR,DAYLIGHT,DRY,FAILING TO YIELD RIGHT-OF-WAY,2.0,40.0,2.0,2.0
0fa4a9257f468a7b49b1adbb9ac1c6c6a2d494618a8732c719bfaad1b99825b648361a602a1e2808d01684d75a0bee6e29ce71f37a2c2b59ee52740c5f95cf02,RAIN,"DARKNESS, LIGHTED ROAD",WET,FOLLOWING TOO CLOSELY,2.0,45.5,3.0,3.0
0fa4c299bf928ad530ec7f378f9ef212a4d508df6d99db8908b7edff401cf46051912219ed29e623d06eb697d14e02c894f3f86f25133956ee1882afeaaa458d,CLEAR,DUSK,DRY,FAILING TO YIELD RIGHT-OF-WAY,2.0,31.0,2.0,2.0
0fa504599f061e0aac6aaa50f65cab083cc8c94df7978c853f79c0a306055dd8664eacf49d847dd215274871b865004543777d0833b41bf6a27b76eddbef4c2a,CLEAR,DAYLIGHT,DRY,FAILING TO YIELD RIGHT-OF-WAY,2.0,57.0,2.0,2.0
0fa5058d8f82566ab5b6a042483840d50912085efd79eed507763a933a84c533fc40985ddf405eedd8fdaca0e44a0c75bdfda1cc1ef06ec92a7e8f904f5b1ef5,CLEAR,DARKNESS,DRY,FOLLOWING TOO CLOSELY,2.0,44.0,2.0,2.0
0fa51119156f4cdb416e28888a2b69d9145720a5b8683f35b123290b1ef90629618660ced698e45f81c0d355fbc644028b217f1b6bcf78651aa7a610df60d162,SNOW,DAYLIGHT,SNOW OR SLUSH,DISTRACTION - FROM OUTSIDE VEHICLE,2.0,65.0,2.0,2.0
0fa5201813bee3d9b661745b5bc5180d03a43fc6d6b4af8bf0bcd9dd23266ea096299bf09be36bf1d083ec7d731c2d45f71b3bb79a66ed8690cac8dd46c04989,CLEAR,DAYLIGHT,DRY,IMPROPER OVERTAKING/PASSING,2.0,48.5,2.0,2.0
0fa53f8c005fc10d900e2e93f98e49a7aa94f4015ecbc04d1b4b755bd216e8a9cbd9740d016e09eacc63fa2061eaf87091c2ff6fa9f0693e1b55646c455d8342,RAIN,DAYLIGHT,WET,IMPROPER TURNING/NO SIGNAL,1.0,38.5,2.0,2.0
0fa59ab0206027d36565482bf05a3255e6e044c9c3824f9129437b70d9b887f87f72033814fa0df8c9e444532563c90f684d8dcc052b7a67487c02b2bd4b350f,CLEAR,DAYLIGHT,DRY,DRIVING SKILLS/KNOWLEDGE/EXPERIENCE,2.0,25.0,2.0,2.0
0fa59e7b6bfbd7146b2a817312be49eccd9dec54c813ee3cd04563787dc68af2841d3dca1093c51718e9584296ac1ca00d5ead57a2808a5fa07fb85f68345136,CLEAR,DAYLIGHT,DRY,IMPROPER OVERTAKING/PASSING,2.0,32.0,2.0,2.0
0fa603c218ae8d011afdeef197cc836c4191082ebe8a3f5957e94285f999d1778b0e2d5abdd82843828bf03f454320544136a54eb6d0bfe1e4d2af83b9e2c552,CLEAR,DAYLIGHT,DRY,IMPROPER OVERTAKING/PASSING,2.0,29.5,2.0,2.0
0fa603e608f1dec894755b269a0dc5821358d6d25b133f18c3294a810e145c483272b92b798a281eaea8028dcf42a718e94e12888bf5bcc386fd301b38b4dfe9,CLEAR,DAYLIGHT,DRY,FOLLOWING TOO CLOSELY,2.0,41.0,2.0,2.0
0fa640a9df3667f86d842b82e93ef0a822092c4bd57146a1bd18291b1ea2782f4792155074caf81c66d75084fb65e9df71a4a07e2a8bc9a7f6418ccbca521463,CLEAR,DAYLIGHT,DRY,IMPROPER OVERTAKING/PASSING,2.0,56.0,2.0,2.0
0fa6533118026e43f10a8186f87d3ff20b0f8d9291061cc03f8413b6b3584f86cc0a205b084ff95698b0de9a41eb9715e3924aedb54cc84015dccff0fa03904a,CLEAR,DAYLIGHT,DRY,FAILING TO YIELD RIGHT-OF-WAY,1.0,34.0,2.0,2.0
0fa66a458f57d232aa8887f3c7d3603ff11304414a3159c5c9a9f52af07ff3b7f5ad3d4f14f5bd176199edc7782bb961a4708ccdf294f61ac711ae0c1d12f8c7,CLEAR,DAYLIGHT,DRY,FAILING TO YIELD RIGHT-OF-WAY,2.0,36.5,2.0,2.0
0fa682c1fd54f4c5aab2f4834ffa3118f54b3301001f17c80a971379364175efa6d07916f7a7ceedcf97b59dc2794a46f4e34e4fea93560decd37a53e42f8493,CLEAR,DARKNESS,SNOW OR SLUSH,FOLLOWING TOO CLOSELY,2.0,37.5,1.0,1.0
0fa68f620dce331e3fda346ffe98becdef9ddffc8f7b3e09c8d818d492c6dcfeb27f9641a2ae7082b2e9e9ffe60ec02668d48c4ab1a7ca5d78b7a375b1a37ece,CLEAR,DAYLIGHT,DRY,IMPROPER LANE USAGE,2.0,20.5,2.0,2.0
0fa6dae7ea605eb027225897477f0f2213d4e85e272e3429b3de73c0c538ce71775cdf283f33c2163374f2f7a76faafb835e16a42bc2b8cd697bed4866729814,CLEAR,DAYLIGHT,DRY,FOLLOWING TOO CLOSELY,2.0,48.5,2.0,2.0
0fa6f41ffb1b289f1c1f91b92d26e626437832790a347f778593fbab875ed428166cd01048cd71de8a5a0c6f88057d3dc462c89aa6b604c0338250ffe11e4384,CLEAR,"DARKNESS, LIGHTED ROAD",DRY,IMPROPER TURNING/NO SIGNAL,2.0,14.0,3.0,3.0
0fa72e47ba70dbdca40372c598bf66b3acdc7695bb1e84c7da6104b1444477d0081be4f997434b5e9798e9e0840ae69fc0856d2fd73c441ad849d57d8e96b68c,CLEAR,DAYLIGHT,DRY,FAILING TO YIELD RIGHT-OF-WAY,1.0,43.0,2.0,2.0
0fa749e89720ee503a2b5a0f559faf5383ba26555eba5fc4ffa2fb0b3569833c042894e1fa438d1d40fabb7099d694290313001b38dfb3a57b47ab1894fe7d69,CLEAR,DAYLIGHT,DRY,"OPERATING VEHICLE IN ERRATIC, RECKLESS, CARELESS, NEGLIGENT OR AGGRESSIVE MANNER",2.0,42.0,2.0,2.0
0fa783494d874d66fcfb4102b46ae5bf55ebae6594bba816522fb573d572e850c97450109d727128ba02bde75317a03f9232dae69131a4c91c0c92eb7d228499,CLEAR,DAYLIGHT,DRY,IMPROPER OVERTAKING/PASSING,2.0,36.0,2.0,2.0
0fa787837e9061163ecea7a6d4c753b4087e0dce8d822706925d643f94730545f72e2619b0768412661dce517c207293790ed9d04c60f839dfc3992c3a0cb4d9,CLEAR,DAYLIGHT,DRY,FOLLOWING TOO CLOSELY,2.0,14.0,3.0,3.0
0fa7b490e873e4949be2ea966151f22ad0c5b099da51037934d30a9784840da976470b9d9a82db0f692773cf9ecaab039de7335076e1dd93447a5d4da4387c91,CLEAR,DAYLIGHT,DRY,IMPROPER LANE USAGE,2.0,23.5,3.0,3.0
0fa7d3879118e9d0451787f101ee67bda78ec5143fc4709e094959c167b43466e1aa253c01eebabe388d82856583d6527102437121b44e63ef8de668dc92da07,CLEAR,DAYLIGHT,DRY,IMPROPER TURNING/NO SIGNAL,2.0,45.0,2.0,2.0
0fa7dc89258028363823ceb14a799b1821eae3efd658beef694b6a7fb51a7f0977fe190865f02b0240f43769745cfcfde32f3abb4dfe777b115dd2e2671b6e11,CLEAR,DAYLIGHT,DRY,FAILING TO YIELD RIGHT-OF-WAY,2.0,43.0,2.0,2.0
0fa802cd6d3564816377eff7ca7a38ff7f0e5758745b9bc702b9ea60baba11fc2ea82f98515180a02d6f394721d3424f44c3f99041223b5856ff93fa423f99e9,CLEAR,"DARKNESS, LIGHTED ROAD",DRY,FOLLOWING TOO CLOSELY,2.0,30.5,2.0,2.0
0fa8377d745ade5902fb4ba96e674073f6ef243babc886b1cbf687a111c0a3d99cf1101611d293b12ee0e3ffd7c21d2888625583145f00d56aaab96eb4a4e1ca,CLEAR,DAYLIGHT,DRY,IMPROPER BACKING,2.0,39.0,2.0,2.0
0fa84c99016c27b93b2ab3496f7abf81cb3931c936e6111ed070a3d85174d8917d7087fda4d0463a207bcf25de0e1e056c0c400184cd92fe3f2d3124784e6910,CLEAR,DAYLIGHT,DRY,FAILING TO YIELD RIGHT-OF-WAY,2.0,32.0,4.0,4.0
0fa8868b9b76e4a9fd6680f2633bfaac967eb773f9d8465155e07c6b9b40a0ede1b7da6399ed8fd22c5a329244d3d64a2192e6f5fa392e69fc3cf305d34d7b17,CLEAR,"DARKNESS, LIGHTED ROAD",DRY,FAILING TO YIELD RIGHT-OF-WAY,2.0,32.5,4.0,4.0
0fa88a8fce4be44196bee83598564adb30573cb7165a89fb3ae38f1d5af4f0fcd18275f6c6c4a790a0849e148745c9a09aeaf18188bbd9b0ea31c717fa1140b1,CLEAR,"DARKNESS, LIGHTED ROAD",DRY,FAILING TO YIELD RIGHT-OF-WAY,2.0,68.0,2.0,2.0
0fa89567baa8fe832486a27feaecd1b042cc832f770057ac85e9563cfb7da6d647671308c962de7de1979c335dbf1bf2166fd34534e125fc17deb6c59706966e,CLEAR,DUSK,DRY,DISTRACTION - FROM INSIDE VEHICLE,2.0,49.0,1.0,1.0
0fa8a31d0f69438183b533ca7d6dd42d3f4d048f5c265ea5d7685fc1160b5741eb5ef04d8854bc0dd6862e81670783b60e093cad95328e5c35343246b15ff5ab,CLEAR,DAYLIGHT,DRY,FAILING TO REDUCE SPEED TO AVOID CRASH,2.0,55.0,1.0,1.0
0fa8a8b13f5efd886bdc82f46031fbb7b6aefb6faa37ad0b470d78e9a9e646d8b099ea248d2a3d9c1de7fe1968dfa79115033eb81ddb2d62a367aca3656ac1bb,CLEAR,DAYLIGHT,DRY,DRIVING SKILLS/KNOWLEDGE/EXPERIENCE,1.0,25.0,1.0,1.0
0fa8c12cf26c7fdf47a212af42d2f3839d6ff6960f7aa82fbd95bd01d67758daedc068bc0437362e3a0bf55b9073a740914a9b792a1051c653024b9c6b1ce0e0,CLEAR,DAYLIGHT,DRY,FOLLOWING TOO CLOSELY,2.0,43.0,2.0,2.0
0fa8c47d5e2eb3ae8af8366ae5adf709f510996269fa048cc6952efc18e2b9fda89f843ed4cd9588cf0c51fb05f832e7c7eadd04e8756ea5adcd2ed95abb1bd2,CLEAR,DAYLIGHT,DRY,FOLLOWING TOO CLOSELY,2.0,45.0,2.0,2.0
0fa90bf71d0809d39799855ac4e6bcacb43684c8f1a1ed92ca7f71bde7c7318aae3aa8c3a773c508a2e26e3b1355394ef650e8e622d612712da5c6d99e10e4e9,CLEAR,DAYLIGHT,DRY,DRIVING SKILLS/KNOWLEDGE/EXPERIENCE,2.0,57.0,1.0,1.0
0fa941b88d53de64a2a2903c52e5d2ba3cbb0c9635626dec355e9ecd19c962ade4495dadcbb1ac786902c6fdc4c4fcdadb58cc717a52f1b41680cc8995605b04,CLEAR,DAYLIGHT,DRY,DRIVING SKILLS/KNOWLEDGE/EXPERIENCE,2.0,27.0,2.0,2.0