crash_record_id,weather_condition,lighting_condition,roadway_surface_cond,prim_contributory_cause,total_vehicles,avg_driver_age,total_people,total_injured
0fa958391ac0f001140396b54a1dcdd486b0513f6e9ab46f25c50da603c10b0ef5b4fa2c5be2a09dd18db8fb5ddc6f299cfb232e216d2ae8993ca59fb0df9f5f,CLEAR,DAYLIGHT,DRY,DRIVING SKILLS/KNOWLEDGE/EXPERIENCE,2.0,48.0,2.0,2.0
0fa96d85ca30bb3da629204bab58ed7d20deb9af020e2b49019440de44b57927e966045462393f44b6af8c30e6ae63070a65870023994b9203cbc2f51872033e,CLEAR,DAYLIGHT,DRY,IMPROPER LANE USAGE,2.0,49.0,2.0,2.0
0fa98c5971709fceedaa9ac485b267421db8b07d7c67bd3789ebbfe2a0ae514b2566878e5c64326e8640d238594de7908729b1e2567d74d675410ed8f6b4c947,CLEAR,DAYLIGHT,DRY,IMPROPER LANE USAGE,2.0,37.5,1.0,1.0
0faa18171f1f3ab137255f224205160e371d528cf7c4cf67b805758e68e9ba3112c01a2d14b96d1a6cb3b75c03cb7d625f579c115dd3f1ff734520df6c647f24,RAIN,DAYLIGHT,WET,FOLLOWING TOO CLOSELY,3.0,50.666666666666664,3.0,3.0
0faa222bd5fd02d0ba0ce587b6b2b2826dc10467a04fe545f0d7f924d4852b0f25640d653e346dca734e994e6c16e8721411983ea1849a75b297bb53a2c9bfd0,CLEAR,DAWN,DRY,IMPROPER BACKING,2.0,46.0,2.0,2.0
0faa4aa04787c3dcac1bc724b252cf0c64acfe45a9e8f3b2f75b88ce441ffe034ea123dfe8f46ae68d3a46b9f30872b6a69e9591690426218cb9615e05e33194,CLEAR,DAYLIGHT,DRY,EQUIPMENT - VEHICLE CONDITION,2.0,30.0,3.0,3.0
0faa5775391fdb57757b81d58cce3210e9c5d10c6cd473e37bd8852cf561b8cba55ecd2d9a21b8539d200bed121d583b19b0e36a2083ddcd4505bf364c3f2c2b,CLEAR,DAYLIGHT,DRY,PASSING STOPPED SCHOOL BUS,2.0,37.5,1.0,1.0
0faa5c974a8f77fbb7e152e07efc8bc11fcee63046dade42ced3cb232eedc127aaa66b8b956338028bda500ef896b153a6b0392a4fd3f38f89e4c2ef0ee35e43,CLEAR,DAYLIGHT,DRY,FAILING TO YIELD RIGHT-OF-WAY,2.0,33.0,2.0,2.0
0faa67bda1ecfc0e6a313841739cca9e213d701f45d17cc83fd2354969a341dccf72bab9f6a09716152275725feb3f0f4a718dede4445886eec9ad0ce471355a,CLEAR,DAYLIGHT,DRY,FOLLOWING TOO CLOSELY,2.0,41.5,2.0,2.0
0faac5753f1c33de9c223cd512245a316b41302b2abf5076362996ca8d6cff849544e2d674ab8efbd39d5389fd92cc8afea1b29acb4321e5d48e8c05abba405e,RAIN,DAYLIGHT,WET,IMPROPER OVERTAKING/PASSING,2.0,42.0,2.0,2.0
0faacc20bdbe2e6ba84152f3efc2bcf3d23161544f5b020c132f8cd172ebf64d0bbb54f3e115f779ca1c64c8d3d935a42c05db687475f6ae9e256252ca2a3118,CLEAR,"DARKNESS, LIGHTED ROAD",SNOW OR SLUSH,FAILING TO REDUCE SPEED TO AVOID CRASH,2.0,55.0,2.0,2.0
0faacc651d895861601fd9c97e51ea99c52ab914d4be3764398a0eb4f7f951ee4200df73850e3632a69237d50c7e257d1d1507c38b862173719b8820fe7a5145,OTHER,"DARKNESS, LIGHTED ROAD",WET,FAILING TO REDUCE SPEED TO AVOID CRASH,2.0,27.0,1.0,1.0
0faadc5869a2e9e7337146bb6eb97b3bbd3b5d72841b8a14da760fa4fd9d77aeb80303df1e6fa0c802e7b1e038da83d32195ef42484a7648a6ab40ef0badf276,CLEAR,"DARKNESS, LIGHTED ROAD",DRY,FOLLOWING TOO CLOSELY,2.0,37.5,2.0,2.0
0faae8dfc1a348d532ec8935ba92dddcfae366ccca9f6cf062c7fe37e6398dff021db33e721e7d929c24b1cca0df5c60a7774830e4282ec1ff8098770daea3a1,CLEAR,"DARKNESS, LIGHTED ROAD",DRY,FAILING TO REDUCE SPEED TO AVOID CRASH,1.0,27.0,2.0,2.0
0faae9460c557fe11526c6f3d3c00e3819ba5b54e5663ce162a93d9a58af83c41aa2f5d7ce93c87ce24442ec890bdbabf5c1910ad8ac8c2e00a7d2ff84fc263c,CLEAR,DAYLIGHT,DRY,IMPROPER TURNING/NO SIGNAL,2.0,28.5,2.0,2.0
0fab3355c0db592231566b4307339381d923c9dc1bb4b3b4bfdac8a78b3aa38967d0e32b0be282cdf900b0d3aff652d8508d16e71608d11a779c76131f2463c2,CLEAR,DAYLIGHT,DRY,"OPERATING VEHICLE IN ERRATIC, RECKLESS, CARELESS, NEGLIGENT OR AGGRESSIVE MANNER",2.0,38.0,2.0,2.0
0fab3e6679cb997db16a004d95c66a2fd218b33416e04926104279b6cad7aa60b92df307aefb69a65525ff24a64dcd085d82e0326afc046bdba72b22954c5861,CLEAR,DAYLIGHT,UNKNOWN,IMPROPER OVERTAKING/PASSING,1.0,23.0,3.0,3.0
0fab4ab2259b2189610c7b89d19b2776480b0d69eb9acb1cf469bb7762da1d411f93d4655bee82ab6cbaf7f7d2ff665b9cb7ebb2123eafee60731e48aa873885,CLEAR,DAYLIGHT,DRY,FAILING TO YIELD RIGHT-OF-WAY,2.0,20.0,1.0,1.0
0fab6125e589707ce9fa4864a555a3f2b23e494f036e059b4d9e48b402559ba8951a46204363ed8c229a0cfa70e9ba21b9fa4dc2ada5d7bbd114cec74bc6693f,CLEAR,DAYLIGHT,DRY,IMPROPER OVERTAKING/PASSING,2.0,56.0,2.0,2.0
0fab7cf905c7ca94ebfca23c4fda0a0c679a12958ff524ab188d20674338af0382b35faa37a721c38dc5c1eb1de0b1fa7b65e8f4130b240eb0b5f11248e1ad03,CLEAR,"DARKNESS, LIGHTED ROAD",DRY,IMPROPER TURNING/NO SIGNAL,2.0,43.5,2.0,2.0
0fab934d6ff750deb9ec81d80ad851ca41a8ea22a525fbff2a9df0ca9f6995dff63379ffab49b8c6757b86f23c987a94b50f0d9d42e4d78fe37d360b9ec59925,CLEAR,"DARKNESS, LIGHTED ROAD",DRY,FAILING TO YIELD RIGHT-OF-WAY,2.0,46.5,2.0,2.0
0faba246c76ef74b2552357c1838770c6207c5a465f202c8addea25a2c9fe5536240df0dc88037ece5803919aae598ef40d3a6382f1416df33c66aaeda93f43b,CLEAR,DAYLIGHT,SNOW OR SLUSH,FAILING TO YIELD RIGHT-OF-WAY,2.0,51.5,2.0,2.0
0fabafaf04c77572b270df9682d14d4f880405086907dd08ca142c3ac2408f0b4fa2d4913cb4659dc9b386e0621fa0c3a1f40faabc1afc8b2c423efa06088c55,RAIN,"DARKNESS, LIGHTED ROAD",WET,"OPERATING VEHICLE IN ERRATIC, RECKLESS, CARELESS, NEGLIGENT OR AGGRESSIVE MANNER",2.0,44.0,3.0,3.0
0fabb0bb77ce543ad1ee4317d60e491159b5091f4daf05c12d785386b331d8745c5cf60a3f8cea849020284a4cc2ba041c7b2cfa709bf49b3ed401b4e4645096,CLEAR,DAYLIGHT,UNKNOWN,ROAD CONSTRUCTION/MAINTENANCE,2.0,57.0,2.0,2.0
0fabcf347c517b438d8b1384b46b71d66170d26d137bfaf6ed6ba85152938c68af4a7016cdbc04260981210ac837036796b91a09185373a17d19c1796f25a4f2,CLEAR,"DARKNESS, LIGHTED ROAD",DRY,FAILING TO YIELD RIGHT-OF-WAY,2.0,52.0,2.0,2.0
0fabde636ec6aaa2a36f4132f3f8fa7be95a36eb99e19a8d61a7707bfdc4856599d04a842e00511939feddb08eb5b92677530a6af73b72f6abfb8eedfe1baf91,CLEAR,"DARKNESS, LIGHTED ROAD",DRY,FAILING TO REDUCE SPEED TO AVOID CRASH,1.0,25.333333333333332,3.0,3.0
0fabf4d89007753b5e8efd9e1ed72227435d395a9ca30828d8135e2cb8ee4da7105de90797790666a12284503648f8d29eecdfc36ec7748cb93b27f8995ef0aa,CLEAR,DAYLIGHT,WET,FAILING TO YIELD RIGHT-OF-WAY,2.0,73.0,2.0,2.0
0fac713259284085ca1513a00179d36b3830a5bcaa190eb9460ed21461c7b49e690865903f04159ac37b0bf7dd9aeaa433cb551ca608763e580f5da796f20536,RAIN,DAYLIGHT,WET,FOLLOWING TOO CLOSELY,2.0,20.75,4.0,4.0
0faca7daed8b2c01efc081f41c02ade40d802e817cd91d9d30ccb63fb8e2eddad35d000ce5a783ea1d7d39f688e8af6044fa22ae65c639f306ecb54d5ac44563,CLEAR,"DARKNESS, LIGHTED ROAD",DRY,DISREGARDING STOP SIGN,2.0,19.5,2.0,2.0
0facacc0109674bdc784e3819404f08a0a9c5d66a1d0c92589d90af2df943b109b5668eb5d5991bcd834f5963eda0b5196829078a3568b9c222de63246849d75,RAIN,DAYLIGHT,WET,FAILING TO REDUCE SPEED TO AVOID CRASH,2.0,43.0,2.0,2.0
0facae16540f7a2406450c2afea8a970e12a1e80d813811aa8037c50772834263b619a1844fc1b1e1301d74c88515a711c347afc71cf93c0122655a24c55d6ec,SNOW,"DARKNESS, LIGHTED ROAD",SNOW OR SLUSH,IMPROPER BACKING,2.0,37.5,1.0,1.0
0fad02a4b8775e99c528f425d726010e0ab1a6a41165c3f9625a72f98f2cec0421ca77ac8d6938fdfa8ed330070a6aad9af8de745a0b4000ce99f85857c22fe9,CLEAR,DAYLIGHT,DRY,DRIVING SKILLS/KNOWLEDGE/EXPERIENCE,2.0,37.5,1.0,1.0
0fad304664b35abc9868151ba180372832bdd06b84108ac66b90da3a031154feee4f576f9daf8c7240d9a86775062c8e7ac26ef9b4770d39969ae3af5ac1fa89,RAIN,"DARKNESS, LIGHTED ROAD",WET,"OPERATING VEHICLE IN ERRATIC, RECKLESS, CARELESS, NEGLIGENT OR AGGRESSIVE MANNER",4.0,29.0,2.0,2.0
0fad3b2c607f83753e655988ed34319f36e939a8ffa2e5252a6fba1b99282e9a05fa3d17083011f58802629566bcdd495659bf588a8b097512863a76894f6610,CLEAR,"DARKNESS, LIGHTED ROAD",SNOW OR SLUSH,EXCEEDING SAFE SPEED FOR CONDITIONS,2.0,36.5,2.0,2.0
0fad49e7aaa2043a1d98649e139a284c717e174bb72ca211fa8ee115ec4058568250e4f5ef553944e45769ad0acd212e64858421423b838c0e9c593a202a6a61,CLEAR,DAYLIGHT,DRY,FOLLOWING TOO CLOSELY,2.0,51.666666666666664,3.0,3.0
0fad871577015667c0212012ff7a4d8356b05b45942aac51fd36dff5ff8106bf4d764d5f189a01458f003fe4fd2e0ca051d7d8b713dde099f8106f4ddae10857,UNKNOWN,"DARKNESS, LIGHTED ROAD",UNKNOWN,FAILING TO YIELD RIGHT-OF-WAY,2.0,37.5,1.0,1.0
0fad9a52ab8bdf33ca8d0b8c61446db8a36636bcd56243fd2771aa11a6e6ffa18dfcee585c26075e0eb87538b56a52e883bd67bc8c8fd8d37c7b22447b0f38ff,CLEAR,DAYLIGHT,DRY,FAILING TO YIELD RIGHT-OF-WAY,2.0,52.666666666666664,5.0,5.0
0fada72260fcd0596439aacdee699b941be99257d6b32f8089b585ec6e10b4966256aa62b4528899dc61f2551f67803feadb504cd68ce9fbeabca8411bd9e99d,RAIN,DAYLIGHT,WET,FOLLOWING TOO CLOSELY,2.0,52.5,3.0,3.0
0fada7783a5c380816111da8babd0262b45d5f4d2e1d39f7a701cade341c853de27ff5bfd89f4687e76037d27a5dc0ddebf48140f392f7c1ce235e9d0b1c9448,CLEAR,"DARKNESS, LIGHTED ROAD",DRY,DRIVING SKILLS/KNOWLEDGE/EXPERIENCE,2.0,20.0,1.0,1.0
0fadad104d11b6054233d891fa18bdf038bb25b5ae36ad71a0d62f6635835facb10457935c09ba091cb04322df4cb8cd0d45f7ac9ffdc0c4729f9649e96020a7,CLEAR,DAYLIGHT,DRY,IMPROPER OVERTAKING/PASSING,2.0,20.0,2.0,2.0
0fadcb4dcdaacf6f02475451fa5b98a4087a9596cc548fe67b2e6a424e2d3a5c921597d5fc6290e77c5018e0a76d68155cdce94eecc40fdeffe71e9bfa1658ff,RAIN,DAYLIGHT,WET,FAILING TO YIELD RIGHT-OF-WAY,2.0,40.5,4.0,4.0
0fade8ecdf0270d1ae8e7e16b5453e419c1fcb779d66cc8b34d3928868490ede944b483b6bac09fcd6da720b8583b087e7b543279648084d0c2affdd8052846e,RAIN,DAYLIGHT,WET,DISREGARDING TRAFFIC SIGNALS,2.0,78.0,2.0,2.0
0fadeb3805f527d28192393284a5c2cf8f1da35e0122172123df3042184d1fb339b10a29198939a7b71ede440e07ebadbfacc0606e49f3c60f184b896eea5967,CLEAR,"DARKNESS, LIGHTED ROAD",DRY,FOLLOWING TOO CLOSELY,2.0,30.5,2.0,2.0
0fadf5cda85ffb197d33d1ac8f57e91299960ebdf0780940694118b3ada22267647f89e2d3a60542a50aa84619b68416e66509e6f79c78718bb57f3d3c9e0908,CLEAR,DAYLIGHT,DRY,FAILING TO YIELD RIGHT-OF-WAY,2.0,32.0,3.0,3.0
0fadfbdf0ac8cf231c96c8bbe830aa81db2f3ad887e98846d6a9d6ab017a0459ebfb1815268986342462b5e09b7fae8cb1157d8296e9fa7219934ff9725565cb,CLEAR,DAYLIGHT,DRY,FOLLOWING TOO CLOSELY,2.0,26.5,2.0,2.0
0fae002a24ceb836ceae4a8ff1196b1a4820f14965aa5285f7480b839f4bf7e287831f8b49e04b5cdbc8d4721313b03df7e92bbba03b9be90ff7ce5c6cdfb66e,CLEAR,DAYLIGHT,DRY,IMPROPER BACKING,2.0,50.0,1.0,1.0
0fae1502f5068d77345105460229291f2ad586b0090ed4a794f221bafbf16870d9c896b982511e6b9f6776773c989966e07516986995b7772a6a4fc01cdf00c0,CLEAR,DAYLIGHT,DRY,FOLLOWING TOO CLOSELY,2.0,48.0,2.0,2.0
0fae20ba759bfdbc988da61bfb7180ff5677c205e0147fe853b31c3ff1a1368dd78c5e5d86841eef2639c9026ae608e447ff38616c564c38b2074a34e662e303,CLEAR,DAYLIGHT,DRY,FOLLOWING TOO CLOSELY,2.0,32.75,4.0,4.0
0fae258766bf85a9c72b79be8399bdde0103cf931336e6ad20aa70d83c47866be78f0639d068e2232319d6d5b615257dec03556c9fdc14bebf52076391338d86,CLEAR,DAYLIGHT,DRY,DRIVING SKILLS/KNOWLEDGE/EXPERIENCE,2.0,22.5,4.0,4.0
0fae4fc07aaf57099603f4030464a4acfab849a0f9447e70ab47d11c29d2e4fffbeb78c1db353a3bfc0df04137b3adca60b7756e96b5ff8b053c4221b929f38b,CLEAR,DAYLIGHT,DRY,FAILING TO YIELD RIGHT-OF-WAY,2.0,42.5,4.0,4.0
0fae65918d1237e886f84c8939a5eebc42320a3648b275210c1b21750e9824d32d2521574ce98afb976e045f95c3626c12c9a5a9ded60a08e54e6e1172e727c8,CLEAR,DAYLIGHT,DRY,"OPERATING VEHICLE IN ERRATIC, RECKLESS, CARELESS, NEGLIGENT OR AGGRESSIVE MANNER",2.0,32.666666666666664,4.0,4.0
0fae691c3a57a53ffdf8d6013e15ed95c964546a009c17c7b09f064f4c0fa945a5ac579bb92b4dfc11dea2a93a829d8dea92a49a73e173101f3b582289bc37db,CLEAR,DAYLIGHT,DRY,IMPROPER OVERTAKING/PASSING,2.0,24.0,2.0,2.0
0fae7297e6fe656c4da401b195bf4f1d830542a4f36a4fa8dbe9c04eb5826c808aec8bab9dd442e688e4a0129495fd3957e4e7c11252c1d5b20b2206fb85238f,CLEAR,DAYLIGHT,DRY,DISREGARDING STOP SIGN,2.0,49.0,2.0,2.0
0fae7c19e4073551cb83e3fddaa45c91f3e2a46c4e8f7473235b266ef05d35f52159f8a035a1e998b1ba548519ae1c463f6f7dc3f97000859123cd218aa754d3,RAIN,"DARKNESS, LIGHTED ROAD",WET,FAILING TO YIELD RIGHT-OF-WAY,2.0,24.5,2.0,2.0
0fae8170a5b8eaad70e932292ed636f17e063c2b650bed0f45b8521cb641c868f27fd98467459f65a796752b5bb3feda0c767a00cfe84f54c3b41e7892c9c0db,CLEAR,DAYLIGHT,DRY,FAILING TO YIELD RIGHT-OF-WAY,2.0,25.0,2.0,2.0
0faecc0aa5daa552f5d6bb7f56a3d0fafa6a816d59b94b5839f16c0fea8fa527bec7d8eb20532fe81b5c5836a46639a003f762383dcd68576ef69f372496805e,CLEAR,"DARKNESS, LIGHTED ROAD",DRY,"OPERATING VEHICLE IN ERRATIC, RECKLESS, CARELESS, NEGLIGENT OR AGGRESSIVE MANNER",2.0,23.0,1.0,1.0
0faedb26091d8e4fa0b44763b354397aea734a522228c14ec19b538519baa42d43859d8bc3e248ee173a78b9c7dead5a849c58b0e34be7805c511fdb2488b579,RAIN,DAYLIGHT,WET,FAILING TO REDUCE SPEED TO AVOID CRASH,2.0,40.666666666666664,3.0,3.0
0faf0310c0974ced5e0e561bf8b251c9ccc0a479eedca9b3edc64e6ebaa266751c14b697207c2099a96c2a7574b6f7ebb61f6e2e7ed483e14d8b039fd4253164,CLEAR,DAYLIGHT,DRY,FOLLOWING TOO CLOSELY,2.0,21.0,1.0,1.0
0faf1599467ea63ec21509682a0ce3209df5abf285e2e597a810121ea42bcf6941d41a2fba0321b1e2da31373ffd554d29a7af0942602054bb734841d1b88c17,UNKNOWN,"DARKNESS, LIGHTED ROAD",UNKNOWN,DISREGARDING TRAFFIC SIGNALS,2.0,45.0,2.0,2.0
0faf41c55f2b7618110b13857a19e7ee954228e5da24b747a48cb793f614c92285091a599cf589c11502dbf9754ea497d53abf10bbb21330bca9877965ba9c28,RAIN,DAYLIGHT,WET,DISTRACTION - FROM INSIDE VEHICLE,3.0,25.333333333333332,4.0,4.0
0faf698b7a1f6bcbdbde0186bfb07d868ea5682a67c2e8c0fa877943cdd77a51bb9aeced32233468f9dd3c0eb5b96b75c7562192a1a974b03b3338abbed2b041,CLEAR,"DARKNESS, LIGHTED ROAD",DRY,IMPROPER TURNING/NO SIGNAL,2.0,37.0,2.0,2.0
0faf9eb648e539a272cc0870eadeab02506c6f79c5141f7a833f5004efaa6c97b3a67a6eded5279c9ff972382c5792fd6d6e8dc4439d0ff6dd3d993a33d15b85,CLEAR,DAYLIGHT,DRY,FOLLOWING TOO CLOSELY,2.0,50.0,2.0,2.0
0fafd9c1b3a7eb44f3db07cd7ee622f65318f9aee9aa8c1012418931ed650f080acaff75636aad54bf14e1a8ad47ff59c5ef35d33647194aa72857f17e5c6244,CLEAR,DAYLIGHT,DRY,IMPROPER BACKING,2.0,25.0,2.0,2.0
0fafe062bd2ae4f5597a8d1517690ea3bad748da2df12508593cb26ebcd50961cd1a5361c8b8d43b917227cbc78753e039bfae6b3d6a7fdf59ec7f6f79498d53,CLEAR,DAYLIGHT,DRY,FOLLOWING TOO CLOSELY,2.0,41.0,2.0,2.0
0faff943331330e14519df03c65c29718fc9b27b5d8bf8cfbd67c861de5ffec93d026bf34f9542e294cdb16d4e81bc8576ea310fc78e82cc7d8d5b575252e1c2,CLEAR,DAYLIGHT,DRY,FAILING TO YIELD RIGHT-OF-WAY,2.0,39.0,2.0,2.0
0fb001f39598c5833c4c3f699e5a34e1d604ef62fa40d0d1ac67adfd52807eacb8deb8d70ed0af5bedf36d1534631bc7e6bf818762e9bf20a0c53f8ebaf3de8b,RAIN,DAYLIGHT,WET,FAILING TO YIELD RIGHT-OF-WAY,2.0,29.0,2.0,2.0
0fb01613696f45602e5da9f2a91ae47d536c0c35e7b8fb4d7ec0dd6b7bbaeafa5d49244024636aed90d1e27581b56003126aad4af6ce1a1bf405d9e7ccf9ae76,CLOUDY/OVERCAST,DAYLIGHT,WET,FAILING TO YIELD RIGHT-OF-WAY,2.0,32.666666666666664,3.0,3.0
0fb051240ea863d3ceada654ad2df5cc2dd9ab0555d14d36e87005eb8e01fa35fed845a7fa6d3e4176691db683bf38aa0294277c1a5157d1aaf1d104e0311661,CLEAR,"DARKNESS, LIGHTED ROAD",DRY,DISREGARDING STOP SIGN,2.0,38.0,2.0,2.0
0fb052e5df28b291fd24d9feb8535b69f0b803bdac9a171c210ea603dfaec8b2662882924ba4b776f1fe56ebf60fb2cd257c05b734b01c395e85efc77096265d,FREEZING RAIN/DRIZZLE,"DARKNESS, LIGHTED ROAD",ICE,WEATHER,2.0,22.0,1.0,1.0
0fb0602b8603b0ddcae6bcb92c5a6bed00440f667b249e6afa9741ce673a4319a68fdc59b1b96be86d369beeacf84ef08f0ec9804155ba8bad9b0275acad8f3e,CLEAR,DAYLIGHT,UNKNOWN,FOLLOWING TOO CLOSELY,2.0,76.0,2.0,2.0
0fb07376cfe1ecd507009c579a2268d2e6b2b12eb8164258fc58521848b2d817d38a7cd81c90eb823b351e02682f949cf771ac616ac0566ef59b8f494a7e704c,CLOUDY/OVERCAST,DAYLIGHT,DRY,FAILING TO YIELD RIGHT-OF-WAY,2.0,23.0,5.0,5.0
0fb08bc9f66327b3333d61da50164b70821c54cabf563ef7d8167d1d97cb28d9702d3ce0f212c2e80f110ebabf2f0a7c3e080a1756268736b3ad177da03e08a6,CLEAR,DUSK,DRY,IMPROPER LANE USAGE,2.0,37.5,2.0,2.0
0fb0b750599243792e7830ff251738f35cecaad17984dc1c65dac2c56e44bb980f6658ec37053d6e8f28c57ebb888c8335cce4082d750097503f17dc97dc31c6,CLEAR,DAYLIGHT,DRY,FAILING TO REDUCE SPEED TO AVOID CRASH,2.0,38.75,5.0,5.0
0fb0beedad9302a7bd2749696ed59b326cc561e3d30ed1853022f77a2152c209dbcc8b756c1c88da651620dc41508723626dde87905087270ae44819a8565017,CLEAR,DAYLIGHT,DRY,FOLLOWING TOO CLOSELY,2.0,36.5,2.0,2.0
0fb0bfbec91cd460ecf3e580b8d9d2ee9acdbf3feee3eaf1d6a735e81ff05c2aaa16f7041a23b19c85f82246ed53b3939b56eeb26a63cd19ac4079a658a4b58b,CLEAR,"DARKNESS, LIGHTED ROAD",DRY,DISTRACTION - FROM OUTSIDE VEHICLE,2.0,43.0,2.0,2.0
0fb0fc7949691005d5e4423c72d803c79cf159f0f9568be492cab07b1fb3a01cd9b963ec788b059dd7bad21644fd818ff773a31e23acf5afb77735f3fde68037,CLOUDY/OVERCAST,DAYLIGHT,WET,IMPROPER TURNING/NO SIGNAL,2.0,68.0,2.0,2.0
0fb112e4b0a8820ff4cff9ba5e63ea34e06757d6151698de0f59b97512285784d34f6f1324edf0032c3f246212319491e6c6d1ad81af2e33cf5b0c8c0619ef6e,CLEAR,DAYLIGHT,DRY,TURNING RIGHT ON RED,2.0,35.0,2.0,2.0
0fb142f78b8cb57a6914f9d86a50012d549c1f3d00a2fe99e5e64a2fe750ca8ebb0c2e1223f77a9f2505cd67cb1f2cfb6ee8062fbe802353f58eb68d3b2ce81b,CLEAR,DAYLIGHT,DRY,FAILING TO YIELD RIGHT-OF-WAY,2.0,53.0,4.0,4.0
0fb162e02e707bd8943d765488b29665ae963ffce4832c7dec53daecc64f2f4f53b131d122862908f1d5eef126485c03b1c37e4068a8057da26f0d8dda214708,CLEAR,"DARKNESS, LIGHTED ROAD",SNOW OR SLUSH,DRIVING ON WRONG SIDE/WRONG WAY,1.0,33.0,1.0,1.0
0fb16fb6b34e7f1fb92f89d7aa8f77e7ea7c4e0bf966246096bad4050d4666384397e7907d05f5ea6c7deaa17a052a8cc92a21a64059af44b97e9384e2b9473f,CLEAR,DAYLIGHT,DRY,FOLLOWING TOO CLOSELY,2.0,32.0,2.0,2.0
0fb192d67bde47d43c50632849330a120b827b58042bda8a75bb0f82617e60ba2d873440d360e2e0b8c283d3c85aa7e4601e619fea6eb2259772600f0791722d,CLEAR,DAWN,DRY,PHYSICAL CONDITION OF DRIVER,2.0,43.5,4.0,4.0
0fb1b839f0c6614d0f7af4a4e9a45fc9f6efe054041197f78d774748cfd0181a74cdec1df0a81b7ee5c0fc8eed354cbc16d6a54c1e3728ba281f90bbd68b2d49,CLEAR,DAYLIGHT,DRY,FAILING TO YIELD RIGHT-OF-WAY,2.0,31.5,4.0,4.0
0fb1d766a379c37f27b8bba5405c636a063f768d4a6ea31aa7308b1cc96c39893ab9390a6aa4c9f9fda23213607ce8d2cefb873fc8cf723025b47d49b3395792,CLEAR,DAYLIGHT,WET,FOLLOWING TOO CLOSELY,2.0,57.5,2.0,2.0
0fb1f7c69386ffcfa07774728f6ec1a80b7a40476ca19c0159d9344786056db1c0903b95c19e9abc0721ef15d67b5612428eb6fd9dc6c3fd171c6c848a1d0bc9,CLEAR,DAYLIGHT,DRY,DISTRACTION - FROM INSIDE VEHICLE,2.0,17.0,1.0,1.0
0fb2139225f0d4401efe83a99bad5ba15e604af348a3e9b36eead2ec7fe2b279ba85ffd6e866787f0dad96b03ed1ef076b636836b14b5481d61c562563a8bd8e,CLEAR,DAYLIGHT,DRY,IMPROPER BACKING,2.0,38.0,1.0,1.0
0fb2b54e09825c244a52c5eb5985cd3157ba40986958fe414186dbdbde8707a234213dc1c627fb5d791d9ced42217aee9f4aac9af529b2db7b44c0084e69a12d,CLEAR,DAYLIGHT,DRY,FAILING TO YIELD RIGHT-OF-WAY,2.0,59.5,2.0,2.0
0fb2c42fc16a9528799e7dd1893a2c91a66e221e59ede056431f02afa7ef1a118c4d307d406fade4ace383aa3b110949f72862efe0f0e7bc5460166fac6c2419,CLEAR,DUSK,DRY,IMPROPER TURNING/NO SIGNAL,2.0,49.0,2.0,2.0
0fb34773364e2ac74c511f69690c957095fecb3c8b3366244d089afb20e75ac074051fdaf0f85e06cc76653e8c5b558090e9349781b4e72b42dc42bf858321a7,CLEAR,DAYLIGHT,DRY,DRIVING SKILLS/KNOWLEDGE/EXPERIENCE,2.0,48.5,2.0,2.0
0fb34d1f9279de7c87410d9e879f76642f2a4bdee058e5e5007f4c98f29ad12e57070637bef61951aafbc7b16f9e3602c271cae07270df99d48eb69adf023eda,CLEAR,DAYLIGHT,DRY,FAILING TO YIELD RIGHT-OF-WAY,2.0,55.0,2.0,2.0
0fb3603678ca0388645622c98bbdfcd139ca4cb7a2d4fb05aba3f27b6e9dc63dcbe27b5a4d86cb683165b5a82a93263880a7aa8da7485004ca094bd4de5dab00,CLEAR,"DARKNESS, LIGHTED ROAD",SNOW OR SLUSH,IMPROPER BACKING,2.0,35.0,1.0,1.0
0fb3895eb62e68a09f151c9c3baaad81652348b3c18614ee3614a074c4fcd3e08d4dd1f51e5334a611519e1d1cce977044af8cb93d1482aa730bb34b05cbcde7,CLEAR,DAYLIGHT,DRY,FAILING TO YIELD RIGHT-OF-WAY,2.0,58.0,2.0,2.0
0fb393baf1cd5f97d8311971b6429c7025f30c360d540d25ed848fbc2a15be2ece0adf8f4850c166f29c51aee0755818cad193784369c2551388d8fe461bafb5,CLEAR,DAYLIGHT,DRY,FAILING TO YIELD RIGHT-OF-WAY,2.0,12.5,3.0,3.0
0fb39aa5120e5c1ae84f413c6e46ea53cd1f3d700e2ed7292bcf3211c7d4d44ce032c10b16de9c1837bd05f61d071beed511da73da02cc4dbab7dcfd9645fb48,RAIN,"DARKNESS, LIGHTED ROAD",WET,IMPROPER LANE USAGE,2.0,27.5,2.0,2.0
0fb3a6333b859354197aca57c6c931989f6ddb22db190effa768217a666ef8cb99775385611eafc4aee1fcbf152317b037cbefa1e037ecc4c240333d0366523e,CLEAR,"DARKNESS, LIGHTED ROAD",DRY,IMPROPER BACKING,2.0,37.5,1.0,1.0
0fb3a93fb7ec35476c34d1d59268c20aef980c5f5f3d37d551fe4b7728aca2d85f37cd488d473812cefb319864ea37027cb7e03a8681040aa157dde2422f3bea,CLEAR,DAYLIGHT,DRY,FAILING TO REDUCE SPEED TO AVOID CRASH,2.0,17.0,3.0,3.0