crash_record_id,weather_condition,lighting_condition,roadway_surface_cond,prim_contributory_cause,total_vehicles,avg_driver_age,total_people,total_injured
0fb3d56002e0588e6affd2caf3fc918af7fd6763fefc875415a830e29a4b3d651fabc8f4a7c82924659df45165ff2632b3cff64e502ad51eb135d26238541458,CLEAR,DAYLIGHT,DRY,FOLLOWING TOO CLOSELY,2.0,24.0,3.0,3.0
0fb3d9b1f2329291dd169239217a5e0ef0a533892f92341cf592859fa0b1ea54770733a044a6b6c0e9aaaffaa7c20e7b780f6da11af9409647ff01564bd23f4f,CLEAR,"DARKNESS, LIGHTED ROAD",DRY,IMPROPER TURNING/NO SIGNAL,2.0,70.0,3.0,3.0
0fb3fa1a51c910c5a83d8aec9dba582531b780b9385d739218aca860427777d0dacb08c831a07b99248c1d9f8f26fb1259d1960e52c3f37e821d6fdbf06f053f,CLEAR,DAYLIGHT,DRY,FAILING TO YIELD RIGHT-OF-WAY,2.0,39.5,2.0,2.0
0fb430f24ca1d836b5f3b6cfe0d1fd68fc0dbeaae78483df4d20e38980e744c4db9209fc299de3305d39b8fd52cf637e434f6a4aa2d98a19b581560f8dfc1e57,CLEAR,DAYLIGHT,DRY,IMPROPER TURNING/NO SIGNAL,2.0,37.5,1.0,1.0
0fb46ea60387ff6156d52004a3c0b11d2cc71dcc09c127db1c4653a279420e82ed6a8d057eabec33920b6e3aeaa03c6e372a1b0fb19a3fc506ca7fe8f580fd65,CLEAR,DAYLIGHT,DRY,IMPROPER TURNING/NO SIGNAL,2.0,43.0,2.0,2.0
0fb4761e412f84ed36d58a8456fb199907444fcf366082c4e42d1e041ffc4131ad84c6f4138f04e5b64a348f99ac54c54678a0cb6c62bd1d6de804bfcf928ab0,CLEAR,DAYLIGHT,DRY,DRIVING SKILLS/KNOWLEDGE/EXPERIENCE,2.0,36.0,1.0,1.0
0fb476a8a7c86c2f57eb8c223968d2f843685656795b28f691fd5034aec5717221c785679cb8ae6a67f9a70b0a7e336cc5772ab15f58e64edbd7d9f123407398,CLEAR,DAYLIGHT,DRY,"VISION OBSCURED (SIGNS, TREE LIMBS, BUILDINGS, ETC.)",2.0,26.333333333333332,3.0,3.0
0fb48f57621e12227e29ad1bc05142164323a4a3114c77bf93b40dd91bb676ffc0e1c345bfd9abcec8f40e3c581b93b4b55533201e62239fa061b24b43d0566f,CLEAR,DAYLIGHT,DRY,"VISION OBSCURED (SIGNS, TREE LIMBS, BUILDINGS, ETC.)",2.0,28.5,2.0,2.0
0fb4915762cc6f7c4cdfb012415fe49657d350316c77716e458b819c15b336a302e1f59f4fd60b5d4ad4718574a6bd450e5076aa29fefb5e09d431ba7ad72d70,RAIN,"DARKNESS, LIGHTED ROAD",WET,FOLLOWING TOO CLOSELY,2.0,26.333333333333332,3.0,3.0
0fb495e341a6ac6f3de1fd06898183043720426e96c864cae220fc8448be9d0d6f1a759f0397f4aa19910b61a6cbb944dff9ca3ea74b675762548d62a389e603,CLEAR,DAYLIGHT,DRY,IMPROPER LANE USAGE,2.0,37.5,2.0,2.0
0fb4a2400a620dd590af6d4bfdfeb5f63224dbdab80134aa9724a2450e3bcafe321f0ec5715b9f442d6b105e03f637f02e7dc4241247daad33257a675885cf57,CLEAR,DAYLIGHT,WET,FAILING TO YIELD RIGHT-OF-WAY,2.0,65.0,2.0,2.0
0fb4b3a8c001b6327f89dcbb4164e9c36fc8769927fd3fa790196ae0a5f0186df83c5b791f55934fab7179ae36ed0710c4ce139066f0dd3c89d868deba6c1d53,CLEAR,DAYLIGHT,DRY,DRIVING SKILLS/KNOWLEDGE/EXPERIENCE,2.0,30.0,1.0,1.0
0fb4bd036e9796b1407e324eceacb29e2644bf1229fe4a603e7d112b5ab47c3a18bdf933dc23d8c8735bd431af3737ff542b24d249719bbdb6c43d1e9c217cd8,CLEAR,"DARKNESS, LIGHTED ROAD",UNKNOWN,FOLLOWING TOO CLOSELY,2.0,0.0,2.0,2.0
0fb4d1bd65f28870b1375559c811691312f56ee65149a88aa091de73562ba614751079940261c5f86b881009299277f2698f673931e1ccae51fe007dc3d63c37,CLEAR,DAYLIGHT,DRY,FOLLOWING TOO CLOSELY,2.0,43.0,2.0,2.0
0fb4f6503c2aa7061b25b5ee6052d1a09e6dc43e4c90fa62cc5a8b7124a729c567232aad3243f24b8d2e72c010b19603304b39c1f5f7cd4cc698c6f8932451f3,CLEAR,"DARKNESS, LIGHTED ROAD",DRY,FAILING TO YIELD RIGHT-OF-WAY,2.0,45.5,2.0,2.0
0fb571c5fc019b2645e5f4fd5adbab608e764e4987c07d0112d26bb4667e69fe76799891f10f791c3ae8162793ec959d748748fa54093f47165036fbae4b886e,CLEAR,DAYLIGHT,DRY,"OPERATING VEHICLE IN ERRATIC, RECKLESS, CARELESS, NEGLIGENT OR AGGRESSIVE MANNER",3.0,45.0,4.0,4.0
0fb5b203bf13dcec734d0152018f0371a289e9f2ea089bd4c1ee423456976f767e2c2b16fc14006e2943a7b9aaf1048067ab84e180372576ec84f92b90afbd72,CLEAR,DAYLIGHT,DRY,FAILING TO YIELD RIGHT-OF-WAY,4.0,33.666666666666664,4.0,4.0
0fb5b7ea44977beebafbdc22602d4516c66dfb8713568a5b34c16f0eeaada6e41f64657db0725785f5405874f7c38748fe36aaa8834b278d6a58c2c3f22b415a,CLEAR,DAYLIGHT,DRY,FAILING TO YIELD RIGHT-OF-WAY,2.0,44.0,2.0,2.0
0fb5d9698bd4c46d0b66281b103ac8edd87bb60ccd2d7cad94e7994f3e606a77b417563a5d5434f56083299f35fc96c653b5bc2797200f648e4ace7a0b3240a8,CLEAR,DAYLIGHT,DRY,IMPROPER LANE USAGE,2.0,49.0,2.0,2.0
0fb5e1a0071eb0662bd80584aaf1300d9310ddce39bac5d746d044094c98ba1039b1e106a6aab85422742855761fb94f62ddd65e95390294994081726c6dbfa6,CLEAR,DAYLIGHT,DRY,FAILING TO YIELD RIGHT-OF-WAY,2.0,39.0,3.0,3.0
0fb5e9aa3c44212ebed1f014754837512ce91ab9705aeda641da7920936db1170cfcd31773c4e7efd36eb5f03d01a75edf550d63dae09da138686c99163e55a7,RAIN,"DARKNESS, LIGHTED ROAD",WET,FAILING TO REDUCE SPEED TO AVOID CRASH,2.0,39.0,2.0,2.0
0fb6033a39e20f92e2a448730a1228b1331d7771cc1ec558df5cd0e271cb6238ec1d26c519a85ba3e81fffc51b1f798b4e70118667a054b58ddfc9effb87d09e,CLEAR,DAYLIGHT,DRY,FAILING TO YIELD RIGHT-OF-WAY,2.0,54.0,2.0,2.0
0fb610c04733161f6b5e236ce6d7d068085020d6633ec2d0486f2e903ce7c30cb6b60055723db776c813a879c635830bdc58a4f165e3e71103c9338cfbc2703c,CLEAR,DAYLIGHT,DRY,DISTRACTION - FROM OUTSIDE VEHICLE,2.0,60.0,2.0,2.0
0fb6325eec6c11e1f0129a6037e2376c3a5fcaaee3dec69ebb03cbc16ef29ecf7441126e5159cdedb81f467a5f566ee3f078b4c11f5a69c8a2c22db7cae5e677,CLEAR,DAYLIGHT,DRY,IMPROPER OVERTAKING/PASSING,2.0,38.0,2.0,2.0
0fb64e813407ce92e03dedbaad234b5a7787b5c824a314729ecc26d3f47ad8b68e691572fe01de52869a8f2ebefe0f828b853ac06a7e69b4a3a8581625168604,CLEAR,"DARKNESS, LIGHTED ROAD",DRY,IMPROPER OVERTAKING/PASSING,2.0,22.0,6.0,6.0
0fb667256771b910bb4b877b9ee8d90ae7d2900e08ab8d4feb990fd3dc7ff6bc9083ffeec3a57d8bf2ca5abaafe882f16e7c6b6d0b934979afe02e48cdcc9515,CLEAR,DAYLIGHT,DRY,FAILING TO REDUCE SPEED TO AVOID CRASH,2.0,37.5,1.0,1.0
0fb68c80f0bc8ca9f0b87c7d6e50559d35f044eb01c84c2a17ef5ff9aa13026a29ede56ec96e52857ef4fe337e32a43129eb8f7605d18a8c5cf16e9918ddcb8b,CLEAR,"DARKNESS, LIGHTED ROAD",DRY,DRIVING SKILLS/KNOWLEDGE/EXPERIENCE,2.0,39.5,2.0,2.0
0fb6a87b00ee2ba49246d049a6ad0551c90fafde2d61e301e23fa9a1fb266e082b28d9fa47a7a71acff632a91fd93dd75b085f7a0628135be2b2421d3dc15e8f,CLEAR,DAYLIGHT,DRY,DISREGARDING TRAFFIC SIGNALS,2.0,60.0,2.0,2.0
0fb6b1d89974a4ca80e68e957728ff19841296c015b0d6787f86a2c302602e37714b0d26147f67557fa1bcbc952dcc5f3b041210ce910275c25e0112a660beb2,CLEAR,DAYLIGHT,DRY,DISREGARDING STOP SIGN,2.0,30.0,2.0,2.0
0fb6c89fcba84672afdc951b6d05e35e80d96f4aad280543d44da1a999aabe7ac78466bd27d7dfc4b607624cbb6c71829a8232f515e722f1f564fdad58802baf,CLEAR,DAYLIGHT,DRY,FAILING TO YIELD RIGHT-OF-WAY,2.0,33.0,3.0,3.0
0fb6ffde34ca29a8e53b08cde6bd29119b24e0bff09455156a2543d012313e6a5876820d57f62e5ce4202e8c0fe5b88952b51c7f553cd07c1a27688f208bf243,RAIN,DUSK,WET,DRIVING SKILLS/KNOWLEDGE/EXPERIENCE,2.0,36.666666666666664,7.0,7.0
0fb7390d27231739675b65f78b35d837d63845e35aa61b7eb4aa0dd9e0feed69ec6bc922e79c7e387858dad1178ad406d57721b8cbe372703f4b5834e7e40eb0,SNOW,DAYLIGHT,SNOW OR SLUSH,IMPROPER BACKING,2.0,44.0,1.0,1.0
0fb74f642da9686edca6b0e8b109c89da1e716b4189152cf833105bf29dadedb7c6a0afd53002bcf063fb8c0d9f5bbceadee0d6f96036dafd795a91da5377a4d,CLEAR,DAYLIGHT,DRY,IMPROPER BACKING,2.0,35.0,2.0,2.0
0fb75514b7019472974ef6e6801b2222ff0577bda125bc77fb39d9214ed0226e4ef332646faee2e2e35c7c26d8c13616482d6f1b650265cec202046dcdc63114,CLEAR,DAYLIGHT,DRY,FAILING TO YIELD RIGHT-OF-WAY,2.0,63.5,2.0,2.0
0fb784a14b6309f671f6cdbf15eac6239c30441235d8ef4dec5cf4a0f7ffc85bff603746bb43bc75ac213555d9aa4bf886103dc09547167027eb3472977a9f95,CLEAR,"DARKNESS, LIGHTED ROAD",DRY,IMPROPER BACKING,2.0,37.5,1.0,1.0
0fb794650894fb82d3a4cf8d62fe242aefcf8ecfba8e8bc39870fb403ce04784a8dcdfc14e36ac9fa9420c32f8d2ebd6df9efcd7165ba4411bd86c28e14abdb8,CLEAR,DAYLIGHT,DRY,FOLLOWING TOO CLOSELY,2.0,25.0,1.0,1.0
0fb7ae965f10c12ec9b6fc934497a505c8a08f6a1abd2b0e8fe69d7d21feff7543109f646491761a2ed6949e7added4469e726d44feb2e0512fe1333a5aed322,CLEAR,DAWN,DRY,"EVASIVE ACTION DUE TO ANIMAL, OBJECT, NONMOTORIST",3.0,35.0,1.0,1.0
0fb7b16ca4c02e60d547f426daad7517a6366ae06a605880070707d512134f73654256921227511201a25a7116805825a97179dbea02d4deb1eb935d265c7baa,SNOW,DAYLIGHT,WET,IMPROPER TURNING/NO SIGNAL,1.0,37.5,1.0,1.0
0fb7ba7cdd63b7b25747bb6c4762dd01d3a1536401256da93fb9806a777b6b72aed3d9724df493fbeb9280e76079d66c95e75012a1bc44e0bfa4669a3f667c34,CLEAR,"DARKNESS, LIGHTED ROAD",DRY,FOLLOWING TOO CLOSELY,2.0,49.5,2.0,2.0
0fb7bfca15f332e88fbfc129467029f269b4406894ed4a1b5a14e0aab3081b8a97b33e021658e5813efdca4729b589139a58587c90db375e27b6e4c60cd7f31d,CLEAR,DAYLIGHT,DRY,FAILING TO YIELD RIGHT-OF-WAY,2.0,39.666666666666664,3.0,3.0
0fb7c07f64e1b93ac01307e25c3b373aa443d8e5042041f62357ffe5ef9bf2ef650a27af7bd8c9866e944894f65525f862312454e511126c5bdc565049303e78,CLEAR,DAYLIGHT,DRY,IMPROPER TURNING/NO SIGNAL,1.0,27.0,2.0,2.0
0fb7cbde181e59756a98513c816c85394bc2aa1aaf459b42338b59d35a73d7b1ec88db227fc5083c5c2106d9d29386be2e98d8db75153752f6e3e93ec4cacb2c,CLEAR,DAYLIGHT,DRY,FAILING TO YIELD RIGHT-OF-WAY,3.0,46.5,2.0,2.0
0fb7cda774a01ba04198df1c5a653a8984b9ab808ec14166de76ee00161ab28324bf0a11cdddd896a37eec2de71ef9eca3186f27c3f07733e4dea0d18bea7476,CLEAR,DARKNESS,DRY,FOLLOWING TOO CLOSELY,2.0,32.0,2.0,2.0
0fb7e4e00599311bfb89fff14197fa5227bf343061509c279b1d66f689592efd457b8c483d681a79c6a76fbedb31ed3366372c6bddd465dc732676df4c55a620,CLEAR,DAYLIGHT,DRY,FAILING TO YIELD RIGHT-OF-WAY,2.0,36.0,3.0,3.0
0fb8223eb376df9c7ad83069a1a96e59e799869fa2899138475ed34448422ddca14a808950e64a66baa9893ea234658d54a546646b4ff95d7f914787681a0c1f,CLEAR,DAYLIGHT,UNKNOWN,FAILING TO YIELD RIGHT-OF-WAY,1.0,24.5,3.0,3.0
0fb83fcd61c5c0d98ddc71cdd4894d12038fcaf70725af21cdd24d644f9c05cdf92f0a6493cc44f9d515122c71e91e7317366005c54daa047dc5ee349c5b02e6,CLEAR,"DARKNESS, LIGHTED ROAD",DRY,DRIVING ON WRONG SIDE/WRONG WAY,2.0,31.0,3.0,2.0
0fb84fd253140515ab9843cd094d511d2d8e76816341196c70766140bfd0e6d70150eb251e11e737b62a57b72d71fbe0403f69680b2c0c61f0d4ea884004f1bb,CLEAR,DAYLIGHT,DRY,FAILING TO YIELD RIGHT-OF-WAY,2.0,54.5,2.0,2.0
0fb8618e41e0db452f65fb854e593b3c1ae9fcd0bc9b89e2b7d742593858ebd869c68505eecb2af0831e5253e8f19ac91015b4b68d47856d272ea34b503021c1,CLEAR,"DARKNESS, LIGHTED ROAD",WET,FAILING TO YIELD RIGHT-OF-WAY,2.0,41.5,2.0,2.0
0fb892b5c8466501727490ace5880d051252ca9c8c09651e871f44d3422aa5238be369d8728683b9eab44d8a0529a5c7c7e90ccb7232a391ac6f17be53504b05,CLEAR,DAYLIGHT,DRY,IMPROPER TURNING/NO SIGNAL,2.0,44.5,2.0,2.0
0fb8956d41fe2676cb2294618f15ea3a7d10013abbabb4656f2c7848f1f51c6fcd6c87323d6a3bc4eb011f009c52b5aea6805d14940433f1eb775f0965fb70bf,CLEAR,DUSK,DRY,FAILING TO YIELD RIGHT-OF-WAY,2.0,37.5,3.0,3.0
0fb89713dbea29a61ef8d73e60613ceb59186313d6ce04ae21d92ee5a3d74cf8ff1b048064a49596b76286b4456edada2d06b84e11587383dd846788dd7a62aa,CLEAR,"DARKNESS, LIGHTED ROAD",DRY,IMPROPER LANE USAGE,2.0,48.0,1.0,1.0
0fb90e57f5d91022d28d554bf8a9307476f7d557ba8a4874d682e49383caf4403f310a03795903ef831762a8d3d05521e6731df48fb8c9fd89954bf7a64a5cc4,CLEAR,DAYLIGHT,UNKNOWN,FAILING TO YIELD RIGHT-OF-WAY,2.0,18.0,4.0,4.0
0fb91a2ae767823b8b051d16bef7f400403e9d2f8a0a6cc145b70ac6eee2d42c416f5c0e96f463c592d17fc03d8e6459f9e576f0c940e3649595afa1b79b3fcd,CLEAR,DAYLIGHT,DRY,"EVASIVE ACTION DUE TO ANIMAL, OBJECT, NONMOTORIST",2.0,48.0,1.0,1.0
0fb91ecbe6c6a54e695a10db9d94886eddfaca7904ea5be19d225960261f2f51ef9d194561583ace35f0cfe302f5723b2b90d64f3feac59214f0f5b3f02a044b,CLEAR,"DARKNESS, LIGHTED ROAD",DRY,IMPROPER LANE USAGE,2.0,20.666666666666668,3.0,3.0
0fb9347efa7c02bfc870b881d2a11ab9bf83e18ef34bffc986ebaffb25e139bfc4634d215a4e519e1af5116939daf8d5706791467b6d0372ec5efc26a30f6cf7,CLEAR,DAYLIGHT,DRY,IMPROPER OVERTAKING/PASSING,2.0,43.0,2.0,2.0
0fb9390791ef4f4b5ba38dba97ec7bdff2f4265ae1c2b9c0849a0699eb071433bb13a499c4493cb9c79505e51451c9c0b68f6e5d5b88dbf0d57d6964a11ed135,CLEAR,DAYLIGHT,DRY,FOLLOWING TOO CLOSELY,2.0,33.5,2.0,2.0
0fb94eebf000b64a6882cc5810ada5b68e38f9a296c0b51de082c4eede10e0a0ed5266c22acb1642f27ba80519065c4a4a6b6c55c69a01c7683dfde2f35b33ff,CLEAR,"DARKNESS, LIGHTED ROAD",DRY,"OPERATING VEHICLE IN ERRATIC, RECKLESS, CARELESS, NEGLIGENT OR AGGRESSIVE MANNER",2.0,37.5,1.0,1.0
0fb9678475370436f7e8f8b32348d8a1e5f3bf0265ff93da12380533f4406b0e4a6bc6bed8bfbadc6e5b2ca479068d705b8c3fe15ff1209f1ad3ebb69b0b7ef9,CLEAR,DAYLIGHT,WET,PHYSICAL CONDITION OF DRIVER,2.0,71.5,3.0,3.0
0fb99cfe5e9b0a31609071c3384d6190fadc9e2b395f41e4ded6c972807a84d971fb29d0b826ef2b47cb3da74d0594a7d3a225cf814ad1d3fe0ac3abdae42682,CLEAR,DAYLIGHT,DRY,IMPROPER TURNING/NO SIGNAL,2.0,33.333333333333336,3.0,3.0
0fb99e84a3618587b0dd60927658bcfb03cebb4ea957d35c4ec8be9510736bade47f9fc73457839f9f318d1d1afad50f34ab6adcbb1baaa71af2b4f5c4b766a0,RAIN,"DARKNESS, LIGHTED ROAD",WET,FAILING TO YIELD RIGHT-OF-WAY,3.0,44.0,4.0,4.0
0fb9b2271661c72adcff48ea2641bf4394537fbf7a21a4ae6feff82cb5e0e9a57769c283a5ea871af343a7d34e3b0c8c14eb19bf8e9958480b50f5d7b1d67c60,CLEAR,DAYLIGHT,DRY,FOLLOWING TOO CLOSELY,3.0,40.666666666666664,3.0,3.0
0fb9bbe2a0fac3f532727bbcf5d00e212f7d3632c0f1686dc1f876d6109554488ae2b2ac79284ed796180abb220df541535544379d21efcb8644a04b519e80ae,CLEAR,DUSK,DRY,FOLLOWING TOO CLOSELY,3.0,30.666666666666668,3.0,3.0
0fba525bdcf9d9f271a6bdd965b933bf34cca8e113fe87531a4aba322fb64fe2d61c2c057003dec0e2de9779b0196178d5c4a9158c7ff321b6a7ba64838047f2,CLEAR,"DARKNESS, LIGHTED ROAD",DRY,FAILING TO REDUCE SPEED TO AVOID CRASH,3.0,35.0,3.0,3.0
0fba5b246e2141d85baf0433cf20cf200048350c92117d9a24ba2137c09ed8e8047aca3c10c3dc77dbc1252a5bd75d699b3d72ba3df9949323b95d487769b1ce,CLEAR,"DARKNESS, LIGHTED ROAD",DRY,FOLLOWING TOO CLOSELY,2.0,59.5,2.0,2.0
0fba65e81a0ad5eefa0dd6311e75b73128e4f2f41ffbeb1ce49ee26ea1b4b40b3ec56ee06851e4f296445d90e66cd5533e796a843476e9cfdd12dc59ef3e8028,CLEAR,DAWN,DRY,FAILING TO YIELD RIGHT-OF-WAY,5.0,37.5,2.0,2.0
0fba77f5ccd0ea697bf56ce27f081e5086ecff99112e1302aea3f0ef9571e3b2aa56f18e2f75b7539e49729f81ab0883f3b6d6f5268013a95ed1d9db254b94a7,CLEAR,DAYLIGHT,DRY,FAILING TO YIELD RIGHT-OF-WAY,2.0,31.0,5.0,5.0
0fbaa55fbb52cb2ae0d347d688e7000f0f3bf3f21b7dd7634c9cc9f28607d7a74ceb0e15f891fe5cd450aa91b22717b90c5f1f1525859952c5d656e8a7a2fdfa,CLEAR,DAYLIGHT,DRY,IMPROPER OVERTAKING/PASSING,2.0,36.5,2.0,2.0
0fbab6dfaa2645c966a656729051b12e87590683ea20b501ad36a99842faeaf4368771cb06cecc4140f346ed6ec44f0d024a74136f64147e800e5384d923d299,CLEAR,DAYLIGHT,DRY,DRIVING SKILLS/KNOWLEDGE/EXPERIENCE,2.0,25.0,2.0,2.0
0fbae4d37f82be9b38c47bc02c4273342a4fcdc9150b070c226e18fb034dee96a4fdd4652a0ca1fa1cfdc23a676a3c09184fcb1862b754b75555b78d716d7edf,CLEAR,DAYLIGHT,DRY,DISTRACTION - FROM INSIDE VEHICLE,2.0,35.0,3.0,3.0
0fbaf3c32056cda7be29fa0d80f7fa86cf35d4805dafd5ca4e8168564981415329a3f92a3def985377aedaedff3774e692a96e063e660a403fbcf747d2332fdc,CLEAR,DAYLIGHT,DRY,FAILING TO YIELD RIGHT-OF-WAY,2.0,34.5,3.0,3.0
0fbb078473b3e359aa9abe825f426cebb71b98f309a382693bdc7768f9a1e67ae7ebc00c1aab36463932b1882263b9f6d24acc6dfdfa64069d2d917ef4d2249e,CLEAR,"DARKNESS, LIGHTED ROAD",DRY,FOLLOWING TOO CLOSELY,3.0,41.0,3.0,3.0
0fbb4902d32d04e3fc73fa853f285811af1b05021579da4ca2b752207f05abae3f50e8e2dadbd2461e76860fb60d1b0b569283e1c3fae06ca87942c894d82060,UNKNOWN,UNKNOWN,UNKNOWN,FAILING TO YIELD RIGHT-OF-WAY,1.0,57.0,2.0,2.0
0fbb59e1522b83e23f8dc3aff94b608850134126f4b11d44865c8870425928079cde3af643726181490ded3628506772d294ac33828a552c723928efecc56cac,CLEAR,DAYLIGHT,DRY,DISREGARDING TRAFFIC SIGNALS,2.0,49.0,2.0,2.0
0fbb8c3efa0ebbc74a788cf4d85c89cb05151bd91311fde045f12174cdb4c3607f583c606d1d3976843889f9595c0edd19b3ac1b694f258a71d5e1de51904be6,CLEAR,DAYLIGHT,DRY,FOLLOWING TOO CLOSELY,2.0,63.666666666666664,3.0,3.0
0fbb9259f41287182d0c508466f9dff683898a85fb043f8c9dd736cee3a7b5faa39014b22f74c7010383211c313f7b9fcc4dd3639a3f3daf1e7925a17cfb7934,CLEAR,"DARKNESS, LIGHTED ROAD",DRY,FOLLOWING TOO CLOSELY,2.0,41.666666666666664,3.0,3.0
0fbbb08dcdc2dc640b2c84997b455f29a4fcc866a9075908f73004ce9cfb3754b1d4b151ff2b167fea56e28ff0854779e50b185389465d224ffd26af42566fb3,CLEAR,DAYLIGHT,DRY,DRIVING SKILLS/KNOWLEDGE/EXPERIENCE,2.0,21.0,3.0,3.0
0fbbc6eb2b1a49537e572f713c969423089f2749990e839a7eb87e5ee58291d991b25d783e1460cbc0f77f4b7e2334325a338253c1cba195a09f9b1d1fd7ea34,UNKNOWN,UNKNOWN,DRY,MOTORCYCLE ADVANCING LEGALLY ON RED LIGHT,2.0,37.5,2.0,2.0
0fbbdc52591bb04f72f5fe0a61a76d0bb39584f8378a08f800c2619e16083387f8f0aeb33af9ff742a6efdc2981937651c40c0fcaf34344f65c6ed7617809709,CLEAR,"DARKNESS, LIGHTED ROAD",DRY,IMPROPER LANE USAGE,2.0,100.0,5.0,5.0
0fbc49e9a6b18e9fea683e393ec87859dea2ab85f8b1f0363fce87c0250a79edb1e0ce2b4a67f8cc887c3323f2aac1e629faf11a1a6ecd3a1beead9c6720601c,CLEAR,DAYLIGHT,DRY,FOLLOWING TOO CLOSELY,2.0,51.5,2.0,2.0
0fbc7f6d204bf84a44300ca18bac18461d7530fe3cb662c96120cc4a2ce29bff24c6e71f99c500be5b7183e04a96da6654d4aa86b0d97e7e99ca6be2b8dd38a4,CLEAR,DAYLIGHT,DRY,FAILING TO YIELD RIGHT-OF-WAY,2.0,29.0,2.0,2.0
0fbc8d9f61ea8b2650a36dcb392c52be9895fbb0c14b919df5e90129386ec483e14ee040a33f65f22ad7e9b4130d3123d44b7ab5a3136b5e44c9e1a07c8606e1,CLEAR,DAYLIGHT,DRY,IMPROPER OVERTAKING/PASSING,2.0,46.0,2.0,2.0
0fbcd1d4ee7e5bde2b6566d792a44cc7b853f98771dce4235a35fb75454d8056e2836c683a8027fbe9371fd8e7e7f2c9fac23f729a42c1637e090095c3bf17b4,CLEAR,DAYLIGHT,DRY,FOLLOWING TOO CLOSELY,2.0,47.5,2.0,2.0
0fbcd4bdf38483b4015783c3bd32415dcf75bda580e829b545997f52d82c64ea5e7da7963a771e9fad80e1c1ca5b73815f581d4d9e1a70b6539141cfe9e1767e,CLEAR,DAYLIGHT,DRY,IMPROPER OVERTAKING/PASSING,2.0,25.5,2.0,2.0
0fbcd94f166bab91eb948a6be4b40f61df93b0bcf6501c57478ce0d71d25dd76de2aff07c18cd9d8a52aeb47c94ab4136bdc82bcde2920bdbbaa4212a274da55,UNKNOWN,UNKNOWN,UNKNOWN,IMPROPER BACKING,2.0,33.666666666666664,3.0,3.0
0fbcf2d7db6bbb0c776a1ca7994077837a43becc584c7624486784da11cb0c61ccbbdfeeb1af5043ecdcee1c8a7039af76047fd36ac5eedcf21f16c32021e210,CLEAR,"DARKNESS, LIGHTED ROAD",DRY,IMPROPER LANE USAGE,2.0,44.5,2.0,2.0
0fbd0b2d91e13fd779c018005b437f363109e36be076f035cad5c6361991d2a80f336df3161d9424369bdee82c694162631be7fbfae15251449e986552ad25cf,CLEAR,DAYLIGHT,DRY,FAILING TO REDUCE SPEED TO AVOID CRASH,2.0,24.0,2.0,2.0
0fbd3ec1564a46886a7bf24dd3db27cf46f1a1eaa5ceb9829438e7f92566f3170373f82d63391660c60fd2d69f4090a29db1fa9a920777c535f7762372d4479b,CLEAR,DAYLIGHT,DRY,"VISION OBSCURED (SIGNS, TREE LIMBS, BUILDINGS, ETC.)",2.0,36.5,2.0,2.0
0fbd52cce62b90cfd4e59e92a392a4dd31619199fbab7c8a7981371e3f576e07e4915f176d70b57ac5b08935e88daf55ffbdf0b6bb3560b1c2c9160022d914a3,CLEAR,DUSK,DRY,DISREGARDING TRAFFIC SIGNALS,4.0,26.8,5.0,5.0
0fbd65598e48ad19b4500447dc2db085fe47908ccb526af7fbaa9576fac3ecf2eeaec73d9f213d224eb7b7da00d83c6ec2b950773434b4b2185ef8d058e49cc0,RAIN,DAYLIGHT,WET,IMPROPER OVERTAKING/PASSING,2.0,60.0,2.0,2.0
0fbd6572c6851ea98304482eb3d83399c5a2a08f3cf2e03006091ecfd8b387ee5c994e25b40180bf747feee7e2bf7311afec3bb247671cddb4819105e573fc15,RAIN,DAYLIGHT,WET,FOLLOWING TOO CLOSELY,3.0,58.666666666666664,3.0,3.0
0fbd83a500904d7e25effa508051f56910ab29b73f01102e7dfb24daa5969adb2cf89e2d9f984d318596367b23b496cb8551d9e4c97e389115d5dfec688048ee,CLEAR,DAYLIGHT,DRY,DISREGARDING TRAFFIC SIGNALS,2.0,54.0,3.0,3.0
0fbd9d88c0d244900d56f5bd241aff7fa5964162a70a8c8232df78369d101eb73e176f253fec3d19f10202adf67ada03a7b47058f18010e44fcc3b40bee9a97c,CLEAR,DAYLIGHT,DRY,FAILING TO YIELD RIGHT-OF-WAY,3.0,36.0,2.0,2.0
0fbdb282da05ad4218c55177790a9a288a9f9443ba251711f9c5bb553eb5faf22688803d27ec43b0eecc089039362034de2dc2c8094f74c7721076d42047821d,CLEAR,"DARKNESS, LIGHTED ROAD",DRY,IMPROPER OVERTAKING/PASSING,2.0,32.0,3.0,3.0
0fbe147b1ab60ab9cc8ef01637662d5ff7f1d8cd79659113593791ecd44e732e1d2fece5dcb45da5a6d38ec854fa6a9611f14b330fd980625c181798e9cd0b9b,CLEAR,"DARKNESS, LIGHTED ROAD",DRY,DISREGARDING STOP SIGN,2.0,23.0,2.0,2.0
0fbe73a1c97091a3193103460a53c178e9b13f807779cddea4371be0af17b97789fab7cea628ff1b1db1c63d13212e12d24492131c6b252126f52592d0deca16,RAIN,DAYLIGHT,WET,DRIVING SKILLS/KNOWLEDGE/EXPERIENCE,2.0,48.0,2.0,2.0
0fbe8bcb7e9d9ec3f57c7d67c883fb6ef8db849d8090686e3a44d712b5419de88d7214a0f49bcf8513ca086c5559c6db55505f8bc7ffeb570d67f4c9563a662a,CLEAR,DAYLIGHT,DRY,DISREGARDING STOP SIGN,2.0,44.0,3.0,3.0