crash_record_id,weather_condition,lighting_condition,roadway_surface_cond,prim_contributory_cause,total_vehicles,avg_driver_age,total_people,total_injured
0fbe957e425e30e9d57b3fdee6e8f5cd6b89c0eaa6f1cc32057bc646fb83e8ac187ef0abcbe7d1dd45ee90e02ab2769d87a1f2c1ff424ba16473ba3caf98f5b9,CLEAR,DAYLIGHT,DRY,IMPROPER TURNING/NO SIGNAL,3.0,18.8,6.0,6.0
0fbef2a9616483fe13dbb9d686eeeb262dcb8c3b44a1bfcc9415651bd0ebe115cd6fb9ffdf1e3b65d80660792d44227e34d898e4b35125118fd72c13017d9c98,CLEAR,DAYLIGHT,DRY,IMPROPER BACKING,2.0,83.0,1.0,1.0
0fbf30cf481c9c14f01f441179024b19c82bf576919853234127ae1dfcd1b035722840a78b47bff6751bd91050e35b95106a21debd841a8176bb512ae12348d1,CLEAR,"DARKNESS, LIGHTED ROAD",DRY,FOLLOWING TOO CLOSELY,3.0,44.0,3.0,3.0
0fbf47f1bfefc4a0c8b16448ce1fe07a0127dcce93fc865624a28824a75847f78671f17e8d8b584e14f2fc103de49bb40528d26454dca6a7479820742102b61d,CLEAR,DARKNESS,WET,IMPROPER BACKING,2.0,25.0,1.0,1.0
0fbf4fd84a9a280356722f5da4edf1c9fd7976751fccf5ddd24126b78789d82944fe868d22d983041b35ca21b9fba4ae14a4eb9bd382487772c3f4564fead1d1,CLEAR,DAYLIGHT,DRY,FOLLOWING TOO CLOSELY,2.0,41.0,2.0,2.0
0fbf575873904fc8f182af6772727d1946a629d6384194bdcc75d2eed04b1c3b4695314c3369384e01191178adcdbabd65a5ff35105d14f8c41526629dd3a970,CLEAR,"DARKNESS, LIGHTED ROAD",SNOW OR SLUSH,IMPROPER LANE USAGE,2.0,30.0,2.0,2.0
0fbf827a1bc724bb0fcab29a3cf627934070ef80e8d5eda08625474e02aa580fda5331c1d985ec59486f10eb2067e55a4a79da707d3cb81fa3daa26d4d2a246d,CLEAR,DAYLIGHT,DRY,PHYSICAL CONDITION OF DRIVER,3.0,36.333333333333336,3.0,3.0
0fbf8443d0f5642a039137a9587f41f8342434a861158ae3dfa61f6290e2ff49e99748aa3c64d69d0e14e46fed61e55936ffbd00eaf50129adebf7a14caabff2,CLEAR,DAYLIGHT,DRY,FOLLOWING TOO CLOSELY,2.0,24.0,2.0,2.0
0fbf8f54cf51b1d92005f8c36724d7a18727c4deffb5c4f1db14b0d18de7db4f9beb60f2ec611bbaf255a3b50c422f0642283a74be86196c0784542aadb11244,CLEAR,DAYLIGHT,DRY,FAILING TO YIELD RIGHT-OF-WAY,2.0,58.0,3.0,3.0
0fbf9d97b6c48f10328be3a88ed6a4a099b3a6c0324ddd5c9baf21f3bc93170db0b6b17b2737a3e5736f8cbea71db7dbbda12ee21b40ae03978318218f734dea,CLEAR,DAYLIGHT,SNOW OR SLUSH,FOLLOWING TOO CLOSELY,2.0,37.5,2.0,2.0
0fbfa04250e80766c57ad61de1e232563d54457aaa51eb08de1c25ed8e9041557ee236768dae24381fd6b75641ddb6bb6ef74f47f9e0f4f67a964d9dd1dd4163,CLEAR,DUSK,WET,ROAD CONSTRUCTION/MAINTENANCE,1.0,45.0,1.0,1.0
0fbfa729bf7d7a70efd176d8ec39acbf4ea3a6fe4ecb5bb355e74d5b18f390d7e08f47c4e64674af30e7cdb26771b95ad0056450db76fddabf3434fb501e4a42,CLEAR,DAYLIGHT,DRY,FOLLOWING TOO CLOSELY,2.0,45.5,2.0,2.0
0fbfd0eefa4377eb3216460732300a281954cb505781986518b531a17aac91c8d6bfd46c0580c4d18ac082460ab5da24aac17dbf11536b3f45d250e41a3ebfc9,UNKNOWN,UNKNOWN,UNKNOWN,FAILING TO REDUCE SPEED TO AVOID CRASH,2.0,37.5,1.0,1.0
0fc03aa782f692444c24d5e98388795499eb569bb6738806e7af6dcba7ec8763ce33baa549a34ef406042eead26e61b8093636d905a5db78a03ddf99bd85ec52,CLEAR,DAYLIGHT,DRY,FAILING TO REDUCE SPEED TO AVOID CRASH,2.0,41.0,2.0,2.0
0fc041a90f57051a3efc382d666c0cbb55f3903573f28faa7c61c55bc51fdaeb9054ed82d9525c0fca8680ef4e4fd7c9045d1e2431343cdc0d5b7650c78a7ed2,CLEAR,DAYLIGHT,DRY,IMPROPER LANE USAGE,2.0,25.333333333333332,3.0,3.0
0fc041cda05b457e230330972b83807cda22b5ecbaabd3f1f90725720994b2f3cbe5f0dfbda724603ecc04056e62a138357870491b32ce1b6899e533e7614c82,CLEAR,"DARKNESS, LIGHTED ROAD",DRY,FAILING TO YIELD RIGHT-OF-WAY,2.0,37.0,3.0,3.0
0fc050abc017be40a900dc31a4d9a39f6dae756c849681983ea2caabb176d6d0977d231e00acaded419089e64d6e7bffbf3319b0119b0d5b906ef63a9281f7f1,CLEAR,"DARKNESS, LIGHTED ROAD",DRY,IMPROPER OVERTAKING/PASSING,2.0,24.0,2.0,2.0
0fc06cbbca0eff3e72bbb891092f1dbcf68f433f8475aa98be66acff57d94ea833bba4eefa1b93bd8a3fa2463d137a920bfceae56a7e6ca55e19310986dd2110,CLEAR,DAYLIGHT,DRY,IMPROPER OVERTAKING/PASSING,2.0,47.333333333333336,3.0,3.0
0fc071256e97ffc76aed6f161789d39b2621e1559338f744eccae9fa6d940a6a907a7c93deb6b7f0c00849cd2b1b8193449fc65d1a21ec7de5f40c43766fb2da,CLEAR,DAYLIGHT,DRY,FAILING TO YIELD RIGHT-OF-WAY,2.0,45.0,3.0,3.0
0fc091ebdc090a0f7cd7667d269606749f88c1442c5b4b9b57b2abacbb2cbb553804716ef78d96a2ca27880e7055e0baca9a6353a9cf1ad8c838c0107c894583,CLEAR,"DARKNESS, LIGHTED ROAD",DRY,DRIVING SKILLS/KNOWLEDGE/EXPERIENCE,2.0,27.0,1.0,1.0
0fc0a5dd156c9a6dd582db177f3cc493f736d30b8e9abde2bd633f2d045d4aac433047ffab2f6605a9c0cf12b713d2b544480df6550ec504ea0e5abe1bddb3a1,CLEAR,DAYLIGHT,DRY,DISREGARDING TRAFFIC SIGNALS,2.0,18.6,5.0,5.0
0fc0b688469571eba841b686d56401572bf0b4559a4bafc2a49bfd444798b9a644fb0f27f3a9de78fc187fcc0d2a286077ef0a9c629aa4c9fd9b6de8583aaecb,CLEAR,"DARKNESS, LIGHTED ROAD",DRY,FAILING TO REDUCE SPEED TO AVOID CRASH,2.0,21.0,3.0,3.0
0fc1090806b636d945c5c31c424cafc6882f9cffa48c4336937b57aa6f97f1efb02660e40b2cce80210b8ae9c55c659b676095ae3be79f82e678fb7c1ef71514,CLEAR,DAYLIGHT,DRY,DRIVING SKILLS/KNOWLEDGE/EXPERIENCE,2.0,34.0,2.0,2.0
0fc128cf65abff2f8e4d7a35a37e5c4db4db10a0fac9d67f5067930c47c23b1ba88b3342f10294dbe206e66176fe2539a9afda3cda5b6d28859c6f4d3a298959,CLEAR,DAYLIGHT,DRY,IMPROPER OVERTAKING/PASSING,2.0,29.0,2.0,2.0
0fc16fa532ed0e682ac32b627da097c9c7ff3678ee526290c61356eb7ec261622f693fb40fd79c9d716361b1ecdfe20c91d4693ab87e172a7f0e3643cd2c6a77,CLEAR,"DARKNESS, LIGHTED ROAD",DRY,FAILING TO REDUCE SPEED TO AVOID CRASH,2.0,23.5,2.0,2.0
0fc17dca976d2a2015ae87f9a8167ec4ae1a2927002b131d60b150f41b8f88e69786514a50ae39a5ad48c5a9856f80f4a0a2564553d93039cfa311a718251a50,CLEAR,DAYLIGHT,DRY,IMPROPER BACKING,2.0,21.0,2.0,2.0
0fc17f82c7fe888476deca62eaefc9a8cdaf94d70aade426bd04009b88f1c5506410cbc84fb36f9f6a573403428cb3d18be38c02002c8eace9b6ea4f95aa4d08,CLEAR,DAYLIGHT,DRY,FOLLOWING TOO CLOSELY,2.0,30.5,4.0,4.0
0fc1938eec9b3a8e576243c12c92881247003495967f97006c63331977a2b2decfa5d391e9ad77c60a999bd7de4c91122c6aed34023f7957a886e7ff0701fffa,CLEAR,DAYLIGHT,DRY,FOLLOWING TOO CLOSELY,2.0,38.5,2.0,2.0
0fc1c7494ff5368afd7fafa12e688bb681c931f2ef7558b5128d233ebd8508fea8bb7e8b2175ce3e23c5225059937f6b7d5e41b8ba42bb79cc7f786ec671a5f9,RAIN,"DARKNESS, LIGHTED ROAD",WET,FAILING TO YIELD RIGHT-OF-WAY,1.0,38.5,2.0,2.0
0fc1c9b59fc023e8955e43b4ccc191c5eb65f317ca7155d4791500687dc9cda7b880f4bc24afde860bed8e284ece7b0c0d77cb323238b89d3536512c891dd9ae,CLEAR,DAYLIGHT,DRY,DISREGARDING TRAFFIC SIGNALS,2.0,29.666666666666668,3.0,3.0
0fc204e50d273c347933c896dcb25f7bbef7cc0593feca8a305a9348bb894713ca8ac047ad06c7adb85b1d57654c2834dc7fc348e4bf7f2af07b76865ba896b9,CLEAR,DAYLIGHT,ICE,FOLLOWING TOO CLOSELY,2.0,20.0,1.0,1.0
0fc23e6ffb1769fb0a429a60ac87797698ba4791b6801e87e6880826be00a1411caf7404381f64f581d91b40e9798b95b105b5cb37dd72f5adac96c9c044caec,CLEAR,DAYLIGHT,DRY,FOLLOWING TOO CLOSELY,2.0,29.5,2.0,2.0
0fc253f9b80a946f7892e52aaf5ddad89d8a2185c3533f983bafcd6deac0692dff7eed08596df43becabf6c4480e98acaa2958f9cf08ea2ba3615e2f9aecedfc,CLEAR,DAYLIGHT,DRY,IMPROPER LANE USAGE,2.0,72.0,2.0,2.0
0fc2689b9eb17aecdce7a18cb47e0247811e7cf5d154743ee3bd98584154f4f3a79e7e1e4505d326687c60b8ac3bedea766bdef6d164de6bd8f1ed71e8dc58d8,CLEAR,DAYLIGHT,DRY,FOLLOWING TOO CLOSELY,2.0,35.5,2.0,2.0
0fc28048905c2887f168ad60a49577a60d3b4a579b8a7f4698154f7793368dfb52b8be950696420574fe2fb6093d9c57c2e988f530d6babd73fd534c1d3da178,CLEAR,DUSK,DRY,FOLLOWING TOO CLOSELY,2.0,25.0,2.0,2.0
0fc285c774ccf696954806a75cff26d08202d9a1f1a10d7199a7331e708aaa49002141d8ea83ca1c383d8e3620a4a12a8ebe3f5d0eb1ea06bc794b75dca002e8,CLEAR,DAYLIGHT,DRY,IMPROPER BACKING,2.0,40.5,2.0,2.0
0fc286cbe5335072662dc129bcdaad592b3b4ac852eda694d8e33f78fe0450c15abeb3e8d0fcb398b3014be7724e099b3fe4224026efcd10008453330cc5f615,CLEAR,DAYLIGHT,DRY,FOLLOWING TOO CLOSELY,2.0,50.5,2.0,2.0
0fc28f07f60bba57edebe7a6d0cba2b5515425ab5e88d2eff75cbbf6fc738e855201f59cbd9fbced775c9f9265b5e3c10f8510ab310b8ddad38f3c7043d4704f,CLEAR,DAYLIGHT,DRY,IMPROPER OVERTAKING/PASSING,2.0,53.0,2.0,2.0
0fc29d3f3d67d8364aed048cbc3ea408ac3a69ab7410f32441da003c3d885c4b1158137db975abe6259784cfd7e5de3195dd814890f90f2282f56340bf664459,CLEAR,DAYLIGHT,DRY,FOLLOWING TOO CLOSELY,2.0,38.0,3.0,3.0
0fc2d1b7a10a47b8b801c45cb73a775f3639c622013143be552ba8cd4a9b5762603a09e2fa9e7b9cdc3ca35163d34ca82a67c39fddbf0149d032ad6ac02121b5,OTHER,DAYLIGHT,OTHER,IMPROPER BACKING,2.0,44.5,2.0,2.0
0fc34a6e27da92f2bdc02be5f0543ecbaff74059baabe49a13b523b6008b36886fb058f59740fb4bb7cc5b30f509d60bcfb0e95484ddcb3d19b6d799b2a34bc4,CLEAR,DAYLIGHT,DRY,IMPROPER TURNING/NO SIGNAL,2.0,35.666666666666664,4.0,4.0
0fc3544e3bdf9b6d3ad7273ebbf7988a4f3438c261412442174487147b296e1ecbee2a5fd78563941c5a53840c53eb2047329b673e958343088b5cfd933474af,CLEAR,DARKNESS,DRY,FAILING TO YIELD RIGHT-OF-WAY,1.0,48.0,2.0,2.0
0fc35d427d58c1517a1ee9fcb3082f297926fb1f747bb0bbd07c1a53043d259bc12c43e4fe26fe110b9ede2b7adc6251029b8e866d424e2e1341ec7cca625cdd,CLEAR,DAYLIGHT,DRY,FAILING TO REDUCE SPEED TO AVOID CRASH,2.0,10.0,3.0,3.0
0fc377b8070eaebf82a9ba6a2a85a10c1a6030f65b31bb01798c02f20f42b914ed450b05b27c97ead0576bb70126d2584e16db598cbf1f5e06219ca4bd5db728,CLEAR,DAYLIGHT,DRY,FAILING TO YIELD RIGHT-OF-WAY,2.0,30.0,3.0,3.0
0fc38cb483ce8cac4c31ac615e38b6055288e7823d501da1e1d88c3954789dc4d615a238ec6d18b08f06bb290555f3334584d38eb22d5f262eb9068cbbdadfb1,CLEAR,DAYLIGHT,DRY,"OPERATING VEHICLE IN ERRATIC, RECKLESS, CARELESS, NEGLIGENT OR AGGRESSIVE MANNER",2.0,38.666666666666664,3.0,3.0
0fc3c3fca67a5318022ec9814b1773bdad7d9dfe5a53b1c3790ff44ef9e3f53bc65164ed66b3627791c27b497b392aa5583aadc9ac857368fe3fba3534e3f4de,RAIN,DAYLIGHT,WET,FOLLOWING TOO CLOSELY,3.0,40.0,3.0,3.0
0fc40559cf713b69ad48ccfd66e748c16eb6aa69187c0731f12c3f65186de7e84db590bc0139a17bf3c3ff09ff07071de44f3da3bf71c8b4c395d783a79fbaa1,CLEAR,DAYLIGHT,DRY,IMPROPER BACKING,2.0,58.5,2.0,2.0
0fc410b4b7f58561f436996bf27aabde65d77a646ae3fff73d40aaf9efb29c453579e720ed0363f0889773cac0f354b5c420b8b7f37e54226287ccaa34830428,CLEAR,"DARKNESS, LIGHTED ROAD",DRY,"OPERATING VEHICLE IN ERRATIC, RECKLESS, CARELESS, NEGLIGENT OR AGGRESSIVE MANNER",3.0,15.5,3.0,3.0
0fc4312ee0a99367b49f83520919648bbd496540c4019ef6693f7e1a66fd94671d30eaf70545ad187e788b85bb5f7d21a0e425a47d51d139f23d8bb51e427321,UNKNOWN,UNKNOWN,SNOW OR SLUSH,DRIVING SKILLS/KNOWLEDGE/EXPERIENCE,2.0,37.5,1.0,1.0
0fc4370750662b5b621a34706865338749bbd6085535a11c8ff0297145421bf899dac0cb64f7c1a063754eabf09a65ed1d6320163ff15593ff11329b1a719de2,CLEAR,"DARKNESS, LIGHTED ROAD",DRY,FOLLOWING TOO CLOSELY,2.0,27.5,2.0,2.0
0fc47ec8c476fcd971c1e6c0ca2bca582d6da19c359a0788e19c3564c7c4242d5b7e0e973a0f3441dcc682334d0a19bfa29363b294c8fef1000bcbf03d7eb70b,CLEAR,DAYLIGHT,DRY,FOLLOWING TOO CLOSELY,2.0,38.0,2.0,2.0
0fc49293260f7d882ee41c7525208fabc5da232f75f440999dd10c3622af1f4a4d14d6c7107db8702d55ee05de79644508fa9b6ed39938877c156facf927c2a9,RAIN,DUSK,WET,FAILING TO YIELD RIGHT-OF-WAY,2.0,46.5,2.0,2.0
0fc4ae8cec5a63929116ee12c184944bcdb872fe736d831b90f39ab415d5330c314d450f08159ce68a66495efec32c864035423c21f7151a85d274a9aca2d098,CLEAR,DAYLIGHT,DRY,DRIVING SKILLS/KNOWLEDGE/EXPERIENCE,2.0,54.0,2.0,2.0
0fc4b9e764e989a11824bf9375ee493e9670b8a251c9ffea2e3ee35787ee91907721ef76076e3bc9a1f77f4fbebfb67e54eda7c71408d47447ea3914dfb6d553,CLEAR,DAYLIGHT,DRY,IMPROPER LANE USAGE,2.0,83.0,2.0,2.0
0fc4cf59e04d74fc3e76033e0902ba6176c696fb43ef36e8feb3bc54c0698c3a05b0362d2e8f1b5656cd087b2ef7a48037a50ae24a5c8a9f37d70d09711d41b4,CLEAR,DARKNESS,DRY,EXCEEDING AUTHORIZED SPEED LIMIT,2.0,37.5,1.0,1.0
0fc4dcb89bcd45d963f4c3a4c516f8683bca751eda74f2ec8d3f9c8da436ebf419c4831b327080dcc41997dd50cac4d2872cd2cf3917b8d3f2e9046400047fd9,CLEAR,DAYLIGHT,DRY,FOLLOWING TOO CLOSELY,2.0,40.4,5.0,5.0
0fc4e867bb19d258a6c7c63b93c7ad11d616b4862ed7327eac6c1cf5044643adc70e97fe09257685d2d0daca39a694775a2ab5b9793c69d752202a4fa7906c7e,CLOUDY/OVERCAST,DAYLIGHT,DRY,IMPROPER OVERTAKING/PASSING,2.0,26.0,3.0,3.0
0fc4e8fac465511afc0eba07eebbda6db187eeba8765448f3fbd7ed26dda365fa299cfee524accd95985e09fe88c8ce8e30f89427e7faffcd4d7a36a996be278,CLEAR,DAYLIGHT,UNKNOWN,DRIVING SKILLS/KNOWLEDGE/EXPERIENCE,2.0,18.0,2.0,2.0
0fc4fa818945476b5631b69b2261423e35c53a698aae813b2f8097024ecc1d0a586c1a5615ea7f6bc5d8d67552902f5fd1259e2d715f23bdd36e2c48b47538c8,CLEAR,DAYLIGHT,DRY,FOLLOWING TOO CLOSELY,2.0,30.666666666666668,3.0,3.0
0fc4fbb4cede974ed478fe5a56844b9845fa8256550d0eb89e5d4b8b3bc2a832702cbc0cb093e988d42cecd06a0dc47453c692f24077db08cc8c92b5eb093bfd,CLEAR,DAYLIGHT,DRY,IMPROPER BACKING,2.0,42.0,2.0,2.0
0fc51047418d13122da77f2e72303c30a4c72d2a4a04c0c5a2a51665dc14ba0e37d45fdfeaa82eec51e7c808e48a253305242a2f631160f3201e527b7eedd1c8,CLEAR,DAYLIGHT,DRY,HAD BEEN DRINKING (USE WHEN ARREST IS NOT MADE),2.0,37.5,2.0,2.0
0fc51a5bad02977872753a2a142c5dd41362a3eef0839f4abd4e39656c2d7a41b712513c23c8da7aed515b76a73444a35291217b1c3af065858a6e1c2ad998ed,CLEAR,"DARKNESS, LIGHTED ROAD",DRY,DRIVING ON WRONG SIDE/WRONG WAY,2.0,31.5,3.0,3.0
0fc528f9d71a2279831b759d1d599f32aecacf9ab12e230d7137d407c2427aa2d580426ab703f3732b27c3f1db608acc9919c6fc14e95c3800d6403450de68d0,CLEAR,"DARKNESS, LIGHTED ROAD",DRY,DRIVING SKILLS/KNOWLEDGE/EXPERIENCE,1.0,34.0,1.0,1.0
0fc52a4d97b79ae6c310ceccfde0aea94a1e86e2bdf55a3113c095e0385df30fff85ac78eea5d84093583dc72370fcc173ec81cc5b7d0cc4e86ac745db1f59ea,CLEAR,"DARKNESS, LIGHTED ROAD",DRY,IMPROPER LANE USAGE,2.0,43.0,5.0,5.0
0fc53300fb30bb7f9c23727ade53228a4eb38866f41bb7632ca1e621081813ad1c91ad70f0214fb4cf5487d308f57dafd8f7d2d42aeeac6f6c140b4f8ba2038a,CLEAR,DAYLIGHT,DRY,IMPROPER BACKING,2.0,28.5,2.0,2.0
0fc546435e528d06925c8d2e621016bc655531f0ed857800f23f34bb674e33ea1046c403ca633f88f897f0c696bda46db2e92fe8a061b2512e6d612bfea2ccd3,RAIN,DAYLIGHT,WET,IMPROPER BACKING,2.0,25.0,3.0,3.0
0fc54932c2546863f89617521eae646b7bb2d56413a4985cd2b424ab7f4871235c4df0185f300e6300768345927265bb6dd20cd5a91fdaac417e9e9985d856e7,CLEAR,DAYLIGHT,DRY,FOLLOWING TOO CLOSELY,2.0,36.0,2.0,2.0
0fc55efe68ee423a417888c957eef2af1ec6a5955732135094f782271446bdc61c364f5d0f4924da297b47aaa2cfee0ffb9242f732a46bd3801c50750906695a,CLEAR,"DARKNESS, LIGHTED ROAD",DRY,FAILING TO REDUCE SPEED TO AVOID CRASH,2.0,45.5,2.0,2.0
0fc567068704842583d81034917849011c709c7d08593d2fa4aff75d0693f7c4f86a354abcf1bc240c6513dfd10f2d3e4b5ec91ebd89989b28ede22cbf12ed76,RAIN,DAYLIGHT,WET,IMPROPER BACKING,2.0,55.0,2.0,2.0
0fc5a2781c93865d8e2631d8aec125ca188b3daa99abdf5924f346c535074ac1c214730aa632ecc14849e196f6ea608faa8a65a78475fbba7312959920c77ec0,CLEAR,DAYLIGHT,DRY,IMPROPER OVERTAKING/PASSING,2.0,40.0,2.0,2.0
0fc5b179098fc3ac5aff714f3cf428c78d8b6de480298d1033451e188f1cd72ad949d51d19a17a661ad8efceec93fbecebebd8b0c17ed210d47be111145811b3,CLEAR,DAYLIGHT,DRY,IMPROPER OVERTAKING/PASSING,2.0,55.0,3.0,3.0
0fc5e51c753277022b604ab70a29ec7ee1844193ea5e15d4e0d1c842a88b6535c2a040c4f69b60275cb2b470e8943205ec9eb324e4858a71bcbd9e98df10a526,CLEAR,DAYLIGHT,DRY,FAILING TO YIELD RIGHT-OF-WAY,2.0,45.5,2.0,2.0
0fc5fae04f582f1aadf775eb23ff48992234ea4571858d0faea8adf5ae172c92621cfeaa76157b7f44a360d2e3532246b7dc07412d4534831bcb78afd707cb9f,CLEAR,DAYLIGHT,DRY,IMPROPER LANE USAGE,2.0,29.0,2.0,2.0
0fc5fce597f5740c5e8713a1a9961885cff07fbf55a6813e70279c5074b9ca2de4c67e51801268e2b30118b35bf59977b0366ecfec0d47168267a23a5401dad5,OTHER,"DARKNESS, LIGHTED ROAD",DRY,IMPROPER LANE USAGE,2.0,37.5,2.0,2.0
0fc6180307344ad3ad3c8cfbf92cc6a0a100b86a272165fd5fd60730278dc43c099d80d29a224bd692cf1dab4dcb9caae0b08328602e1d1439b7771ac1af331c,CLEAR,DAYLIGHT,WET,EQUIPMENT - VEHICLE CONDITION,3.0,58.0,1.0,1.0
0fc6183e2e5c5b9362c2d4c554c062d6d8a7a2580cbde340d90b66d676f7b4d3ef6343ab5200ea23877d999b4c46f2da43ed76f3c2a2325f56dc2834421ec5cb,CLEAR,"DARKNESS, LIGHTED ROAD",DRY,FAILING TO YIELD RIGHT-OF-WAY,1.0,55.5,2.0,2.0
0fc61f7a3a48dc95749e744dc4d931972ecfb397a26607222753ff33336424aaadd9cdc7cf5884912b2ded4f9d357b33304cb37f74cca41fa5d2d459abf27978,CLEAR,DAYLIGHT,SNOW OR SLUSH,IMPROPER LANE USAGE,2.0,33.0,2.0,2.0
0fc630872d327e8df4ada6f6b15f362a51d5911a937daada47e0648bd93f6435b4a2f0fe294b11d9ca664d4563b7f1a6e4ccb8e1c8e020aa7f6ce08cb40ca78d,CLEAR,"DARKNESS, LIGHTED ROAD",DRY,IMPROPER LANE USAGE,2.0,50.0,2.0,2.0
0fc64a99fff97a27b6e66c8cf1c638bea4244483ca382bf287299db5368e1dfc13cf16469bf88c4200f8a46616859902c51465d6133043ee0c5bbf937352eea5,SNOW,DAYLIGHT,SNOW OR SLUSH,FAILING TO REDUCE SPEED TO AVOID CRASH,2.0,53.5,2.0,2.0
0fc65cb2f2b1501dcf5690d8f523e93cbe08c0dcd0bd7696806c2db645e154b5c68bde57664c32af48ed3c649a5563f31d5601b8b360b941ea00f8af6ce2866e,SNOW,DUSK,SNOW OR SLUSH,FAILING TO YIELD RIGHT-OF-WAY,2.0,51.0,2.0,2.0
0fc6655d6aab2c96f45e1edbca0170866b2321db559eb2df38dbbf150f0468dfed184818fbaf3685346deab3f7fc906287def1ff6d11c1865be8bbf0fb391b89,CLEAR,DAYLIGHT,DRY,FOLLOWING TOO CLOSELY,2.0,34.2,5.0,5.0
0fc666d5f1a7f60ae732cd0d4e951f3f17667bc2a86ec5a246471827a936373a26a21d12de2a7394cbad7df1ce55c93160ca1e0bf5f49fa7285b5c6c8054fd64,CLEAR,"DARKNESS, LIGHTED ROAD",DRY,DISREGARDING TRAFFIC SIGNALS,2.0,59.0,2.0,2.0
0fc6895ad5d061e6763468526ac2bf28c473b5b7af192f845c77ead3525ffa923a8a057ebd483c2dd6a3a52da23aa8db0d20ae614a4473492e3ddc6cd91a60f2,CLEAR,"DARKNESS, LIGHTED ROAD",DRY,FAILING TO YIELD RIGHT-OF-WAY,2.0,32.5,2.0,2.0
0fc6a18c56960e5336c7c8f40220134fd11c32c3719213ddb57468264972ee6ee808120135458762e423a2854b512b776bc95dd9af7e2f0c8d8c45718b88e6d2,CLEAR,DAYLIGHT,DRY,FOLLOWING TOO CLOSELY,2.0,50.0,3.0,3.0
0fc6a441bc0bd52711f64a1fae8fdf73d3c1f3a4eefaf07088c292edfed0e6b77a9ec9818c2a2a7035d5a00a665a7979c713ba0a666f261daba664a5f0b5b963,RAIN,DAYLIGHT,WET,DRIVING SKILLS/KNOWLEDGE/EXPERIENCE,1.0,32.0,1.0,1.0
0fc6a5449545ae5f4059fdb3315b3e16486bd059d4f8c77abfadeaf7d5b3edf984d974f532021dbddea23eea62e2c5f7ff8867f3fed9cecb2f45744066445a67,CLEAR,DAYLIGHT,DRY,IMPROPER BACKING,2.0,55.0,1.0,1.0
0fc6ae2c00c9a213439787f879c3e73d06fefaa647b329c35eb8c0b6736d4a04912d06f245c6e730ac938194ff873a90c1a1a44b1114cc2c6e483dd17f15a6d1,CLEAR,DAYLIGHT,DRY,FAILING TO YIELD RIGHT-OF-WAY,2.0,37.5,1.0,1.0
0fc6baf32062c7021d0e2c619dc9a05823ac2e69dad82f096fad89d2a86e21c8f729184293da1005948e4c39b1642220d754f64fd906fd4aec04f61bf02f777b,CLEAR,DAWN,DRY,FOLLOWING TOO CLOSELY,2.0,33.0,2.0,2.0
0fc722d829505348c8f9836dead550dbcce4d020007bce457ac3660084d0f3ff2862875b40fdc69b4f04083ef27b3aceb7d6506f45ccb14b68a4454a1965fbc5,CLEAR,"DARKNESS, LIGHTED ROAD",DRY,IMPROPER OVERTAKING/PASSING,2.0,39.0,5.0,5.0
0fc723e671ee568c8c3a810d82845e46b861e462ea4751c15e8c849d1483258ff971fc0ce4b7deec01d4d85c8343687b60272cc834437b4aff97ccbc01841a5f,CLEAR,DAYLIGHT,DRY,FAILING TO REDUCE SPEED TO AVOID CRASH,2.0,26.0,2.0,2.0
0fc72b0e379b36059f7aad043742d4319ca876f26842d36a338b7ab08bf106d6d0fb5a15940c278711055052a8d26ffb25f85c75ed8f748027e3b5e78ce7f97a,CLEAR,DAYLIGHT,DRY,DISTRACTION - FROM OUTSIDE VEHICLE,2.0,51.0,3.0,3.0
0fc78a4f6a7682e1e1573708b8310fb81130c8e407b20098aebaf949f073b8cbcdeddef426362222a1b9c33d4d23c03492ce0081c16f43ed7e7304c6ce2b90fd,RAIN,"DARKNESS, LIGHTED ROAD",WET,IMPROPER OVERTAKING/PASSING,3.0,33.333333333333336,3.0,3.0
0fc79aa93b636bdfcbd8bf1ef401220859cbf2a7f77914001123a720e86e4795b106bc2709584e9c29ba0696cbdc26a077bb421d38ae76ab792c17bebb58dc57,CLEAR,DAYLIGHT,DRY,IMPROPER TURNING/NO SIGNAL,2.0,63.5,2.0,2.0
0fc7b0fcd229af45570ed4da99589f34fb523068541b9bcf572d6cb7c7809691219451def6bd84781a35d927575290e594039a853d6a23911fcbeafc41fbb662,CLEAR,DAYLIGHT,DRY,IMPROPER LANE USAGE,2.0,27.0,5.0,5.0
0fc7b2a13d00535844674bed85f283062896c75fd38ae191e269e5c675d977c1d6463d5f97fc9293a13219df09e4ea6401026ed28ee3dbd4e7414613ea0b4925,CLEAR,DAYLIGHT,DRY,DISTRACTION - FROM INSIDE VEHICLE,2.0,32.0,3.0,3.0
0fc7bdab5e5e9a30d5f329262ff9fa3fe1744227bea79e85df7da06162727f5f9745e6d0563f6d210b8bf01aa6f636f1841263248343950df849a9a5359c2dff,CLEAR,DAYLIGHT,DRY,FAILING TO YIELD RIGHT-OF-WAY,2.0,44.0,3.0,3.0
0fc7ca2eb6dd695f45ad493e29c6472459fe8946a795389576f284ecd629da8d8561bf40ee1b6eceb5f885afe5c20741c6239cf2cca30b819468fdfd2e21fef7,CLEAR,DAYLIGHT,DRY,FOLLOWING TOO CLOSELY,2.0,40.666666666666664,3.0,3.0
0fc7e73346294168494dd964d7a8d4cd707c20b5263a92469e2fbcb85c938ba48ea154f235dde42cf37438944e42367e0192c05c33fa600fca7eb197e6b808f5,CLEAR,DAYLIGHT,DRY,DRIVING ON WRONG SIDE/WRONG WAY,2.0,40.5,2.0,2.0