crash_record_id,weather_condition,lighting_condition,roadway_surface_cond,prim_contributory_cause,total_vehicles,avg_driver_age,total_people,total_injured
0fc7ed050347d74d19cf113515f89d1045a5abf69b3cd878dc19c0197ae2186d1d43bb562b18fb5d3f7230e03126a7b933cebafcedc1c47e51902b639afb38ba,CLOUDY/OVERCAST,DAYLIGHT,DRY,DRIVING SKILLS/KNOWLEDGE/EXPERIENCE,2.0,37.5,1.0,1.0
0fc7f1159a11c2ae3d3533f29bc29c7c5dcf7ca40d8e74324c334b22b528bc263f8bfebd9dcf1be5a3d847bf8e02cb54f52122879f7b29591399e4511d3c4c5f,CLEAR,"DARKNESS, LIGHTED ROAD",DRY,IMPROPER TURNING/NO SIGNAL,2.0,36.0,2.0,2.0
0fc7fd50aac51f2a839c01ce53180d43f87803c598dd6b92cfafca0cdc770b64b80455e1e89c6edff4f3d73129c189eae102c87d71b10575b15c06859581863b,CLEAR,"DARKNESS, LIGHTED ROAD",DRY,EQUIPMENT - VEHICLE CONDITION,2.0,40.0,1.0,1.0
0fc804d4dddc50256b7834c18220961c9fd2b0dc85ce21e1794172700c6c95f563c076fe71b05c45f932700fd198ec2ed9a38377d447a5a42fb9b876c5af095a,CLEAR,DAYLIGHT,DRY,FAILING TO YIELD RIGHT-OF-WAY,2.0,29.5,2.0,2.0
0fc80b8cb1c1e4526668e52500a323b9ee21fddd69bd6bfc33738e4bdd2d63f472589dff1a47f2e54208f9eb7f4fee3d6ea75a4da14484da2f0986f9af1206fd,CLEAR,DAYLIGHT,DRY,IMPROPER TURNING/NO SIGNAL,2.0,30.0,2.0,2.0
0fc8407879d736b72206e53c80f1866b2e4d267856c1862da90d3658c840e76e7852053e532c098ec24f3e2492402013503cc004242150e377b121bcc8e780f3,CLEAR,DAYLIGHT,DRY,IMPROPER OVERTAKING/PASSING,2.0,26.0,1.0,1.0
0fc87edb1fa0affc878b6da0cd782fd738f5caa8541e7a369e3a16812a2d231918ab2f9a0c6db9321ec21178fe5ad4547016fbf4e47bc2d6eace7defee2bc098,CLEAR,DAYLIGHT,DRY,EXCEEDING AUTHORIZED SPEED LIMIT,2.0,41.5,2.0,2.0
0fc87f674db10ccdea05384a2beae17f28135a8dd04a6ec28ea7c0c7877786d2d3ac12015a99585eef228c128136e6be6b4bb39657285a870cd5e21e930c8aa9,CLEAR,DAYLIGHT,DRY,IMPROPER OVERTAKING/PASSING,2.0,38.0,2.0,2.0
0fc8a1301b5617517150c37546d520adb9f22e2e2b1bb9db06b3f5061a66de726f745d5c97c06b180003b6015e5b2917f854f49ca751e37a87503b62304a9fd1,CLEAR,DAYLIGHT,DRY,IMPROPER OVERTAKING/PASSING,2.0,26.0,2.0,2.0
0fc8cb03fc19c6cca52cd372fe2edc200dea3ac44b4b584da89b2d5dd9a9b92063f316fc75be1e1b6f0559a2b7be8b6f504efe8c9ff2929d8a987a2f05ae5353,CLEAR,DAYLIGHT,DRY,DISREGARDING ROAD MARKINGS,2.0,38.0,2.0,2.0
0fc8e2ca4d86ef9bb4fbfed07fcd2fdb1f21743d4ab6d23a29139626517d45e2eecf04f1a88c4c45ed4cac302088dcd8481eeb91f580a4be8f4ee8a29984da17,CLEAR,DAYLIGHT,DRY,IMPROPER OVERTAKING/PASSING,2.0,19.0,2.0,2.0
0fc8e2fb59f2586c0dbac67b7db9c8a067f380eb4b0efa9ae8233cd3905f21754faa8762db1b54d4de1d84c7273c0d900c78b2a9739f96093f43f08c844a9e73,CLEAR,DAYLIGHT,DRY,IMPROPER OVERTAKING/PASSING,2.0,20.0,2.0,2.0
0fc90a117a3e193e002ed10ca3282ffa47c70648608ed06cbec3cd97df6d243d2485dff687743a85baee8d0a55b78c15b8c5cbbaa0e8ad4ca1d8559555d58146,CLEAR,DAYLIGHT,DRY,FAILING TO REDUCE SPEED TO AVOID CRASH,2.0,47.5,2.0,2.0
0fc92a70c7963af0185be554ff40ccc83cde10a4ca95a10cc5772914b7c166b10943a4c252b966e4fca4e967ddd3041c7c5f89f7954beaf360936102f79f9cff,RAIN,"DARKNESS, LIGHTED ROAD",WET,IMPROPER OVERTAKING/PASSING,1.0,33.25,4.0,4.0
0fc9410d9ec5f8eb5c5d1f7e8b41587fa5a4daeeb2daefc336f6211de8cfd4cf9b24c122ee28edf4adcb21b9fdbe9cc33de9684829d3984d02029e25a1d063af,RAIN,DAYLIGHT,WET,FAILING TO YIELD RIGHT-OF-WAY,2.0,35.0,2.0,2.0
0fc96598c47d3efb9fa3348fb61f1e91590c3fffb0d55c460bb4b9b42bc2ace28fb9e08084f42c7cab98d0ca0a50e432555c8ef6f749779e921bd29dd1163423,CLEAR,DAYLIGHT,DRY,IMPROPER LANE USAGE,2.0,36.0,2.0,2.0
0fc967ecbff8704557314459301db8f4c038548c256feccae3d320fb0b6b906477856153502c65f4a6e7a24b578adad46818ada5635cd1ea801758e6340568a1,CLEAR,DAYLIGHT,DRY,FAILING TO YIELD RIGHT-OF-WAY,2.0,66.66666666666667,3.0,3.0
0fc98b2728ba0e22843845964049dc61f3dc4a87e510cb1ad2037da164520637691dc5a829156fc7f013ca0a4c4e0f32e5b6e5c588801a3678fadb651e1d0f0c,CLEAR,DAYLIGHT,DRY,DRIVING SKILLS/KNOWLEDGE/EXPERIENCE,3.0,44.0,3.0,3.0
0fc9d4de97599059635c0c48fedccc3f35605c3febdb42a1b03e0d47fc5e192152e89af9fdfadd547bc30355eed351065fae5ae4d80990468dab4ee56dc09d4a,CLEAR,DUSK,DRY,FOLLOWING TOO CLOSELY,2.0,71.0,3.0,3.0
0fc9e79817f8916a2d0e3a051a3c4a54e744ebfff7ae1ff87d018e2f69740c173c6f62be9dfbd8335d09e50a9189d9429083d2083e5413727865f59542d12be0,RAIN,DAYLIGHT,WET,DISREGARDING TRAFFIC SIGNALS,2.0,29.5,2.0,2.0
0fca2e4cc8625d7d8ee19d65e1ad4a82c65d3accce472d640736ef195fa8e84360d595bb2daa41be904fd1bc0eed60da9143d54c0e04aafd9c3b2d7dc50f76f8,CLEAR,"DARKNESS, LIGHTED ROAD",DRY,FAILING TO YIELD RIGHT-OF-WAY,2.0,50.0,2.0,2.0
0fca366eb8e416702f015e1a3cee232371a1c94a19c97065dc5d8f87faddfa5fba7754ff066234ca87de0fd7684a06dc6c583d277cdc7a138964435dffe67272,RAIN,"DARKNESS, LIGHTED ROAD",DRY,FAILING TO YIELD RIGHT-OF-WAY,2.0,38.0,2.0,2.0
0fca3e3ed04cfc37dd7010331acc2d0c1be5d639c8a894112cb0cc528913bde928d0208192c403ded866f3bacd50dab541588e494e77602278825b6f70cd47bb,RAIN,UNKNOWN,WET,DISREGARDING TRAFFIC SIGNALS,2.0,35.666666666666664,4.0,4.0
0fca9a5f2e67658c8bdeba907c07fbfe22b42aca05d8cf076a11b3936fc403d15ec455799363df67ac97e473860ae6aa6b09cc2c701334ef7c0f933c8092f63f,CLEAR,"DARKNESS, LIGHTED ROAD",ICE,WEATHER,2.0,46.0,2.0,2.0
0fcaa978247eabd7e06a966b4061d30ee66051efce9b0dbb92bd98949cee767e8009cd4d974a76e3e9cd84c18c538b51b6b70f88efcdf0eab0fdc6dd1c3c60a1,CLOUDY/OVERCAST,DAYLIGHT,DRY,"OPERATING VEHICLE IN ERRATIC, RECKLESS, CARELESS, NEGLIGENT OR AGGRESSIVE MANNER",2.0,37.5,2.0,2.0
0fcabaab8a1c29a99ab32ca47469bdde847bd2f4ce56bf4173c61bf386fad1e10c63bd6cbd01ced3c0719b3c0ada80b941c46ad8f3667eba73492947fe024f93,CLEAR,DAYLIGHT,DRY,FAILING TO YIELD RIGHT-OF-WAY,2.0,42.0,3.0,3.0
0fcb305d2a0790d603988f05e02831b9fd2cbe320ccaeec93444df19ce7b1497cca870775eab99f01066ccc92f764c9b74e229f8e1095c5a8e89b65808c14ec5,CLEAR,DAYLIGHT,DRY,FAILING TO YIELD RIGHT-OF-WAY,2.0,29.0,2.0,2.0
0fcb52fea05b196e25108371948e0a46873ac79ad0f422bc2178517da928221e6e30c9720847fcc8105f4f764122c29d3e3afd3de40b5dbde0e6dee57b088d17,CLEAR,DUSK,DRY,IMPROPER LANE USAGE,2.0,37.0,2.0,2.0
0fcb64852b05b5da025a29325fd6b40a6a44b8346158c21f31dd2910ff4d84d902f5fe8d24ba65fff3a6c282d08abb2b1ba23d7759ff034e9de1d9f5b0c4530f,CLEAR,"DARKNESS, LIGHTED ROAD",DRY,IMPROPER LANE USAGE,2.0,34.0,4.0,4.0
0fcb9758f08c9650c2fc5e93e9876e0ba8b54b6930ac8cf21cd590d4b4363dd8c76847edc154e18f2faaeba95e358948aa14255aaa707e5cedbcce37e2cb78ca,RAIN,"DARKNESS, LIGHTED ROAD",WET,FAILING TO YIELD RIGHT-OF-WAY,2.0,29.5,2.0,2.0
0fcbe73f3724445b9f06a60c09b847a1e683de1425ac2f2fe5794ad88b236690793825eaaa32e8380176d131600c5081de397a7aa9693bb7a2f6d2f303285da3,CLEAR,DAYLIGHT,DRY,FAILING TO YIELD RIGHT-OF-WAY,2.0,38.5,2.0,2.0
0fcc3495cde87251a200a84351025072fbb66867eefa65d9be910d67af64b283f17982b9c109df1be2efb8bf7709f5ecebe8f1771f3a5e5c6063a0d79c191811,CLEAR,DAYLIGHT,DRY,IMPROPER LANE USAGE,2.0,39.5,2.0,2.0
0fccb562dcb9fe095f45ded3b963b900e101a7f27c17146cff80654719f26d20892d116abda694ecea59c1784c6a08a6f4635591f1e54bc55ca1e2a9ac3297f8,CLEAR,DAYLIGHT,UNKNOWN,FOLLOWING TOO CLOSELY,2.0,45.5,2.0,2.0
0fccc047d00641be71df24018a0fd85e350689635694155e40ab6981d0a2e8d81ee2f1b508e2b76c36b43459c13ac3c672dcf4a1c89bcd9f967180b1fd75e01a,CLEAR,"DARKNESS, LIGHTED ROAD",DRY,FOLLOWING TOO CLOSELY,2.0,22.0,2.0,2.0
0fccd10a3729be0ae902640bf793884f2c606d26d1fa13b15f1cf721d002059c91e9e4d4d9f4cc7cc8a8bc5cce030e7bfe194dae52a61c4310fed3c97b62babd,CLEAR,DAYLIGHT,DRY,FAILING TO YIELD RIGHT-OF-WAY,2.0,47.0,2.0,2.0
0fcd5a5bb4be696553347de4122eed4ea593f9478fa4807219c53f13f1ecd191e141be255fe73112b7a714fee981e185180cb8294d38555ede84be937c92854d,CLOUDY/OVERCAST,DAYLIGHT,WET,FAILING TO YIELD RIGHT-OF-WAY,2.0,28.333333333333332,3.0,3.0
0fcd70480f0e27415ca83db74a6a36d05e0cb5e60b4641429e72697bee6e20c2c4d95a9a2641625bf9446429e22c0f301c1753a947021423eb375dc229ef712d,CLEAR,DAYLIGHT,DRY,IMPROPER LANE USAGE,2.0,21.5,2.0,2.0
0fcda36f60d90f146d9653edbbb9678d1c9c9bc7ec36fdfdb6f0561d768c7a23359eae44ee4bd2a0332c81fa3ded0f2f670f6548a4a39b86b40b1ccdaddf2e9d,CLEAR,"DARKNESS, LIGHTED ROAD",DRY,IMPROPER BACKING,2.0,45.0,2.0,2.0
0fcda7d4774ff3370306ac08e147b5184c83e81e35b174841e0198f5575da933deedc316e9983bb3252d0b7a8f43383696516dcfc98a40fa9154ea23b4ce0f59,CLEAR,DAYLIGHT,DRY,IMPROPER TURNING/NO SIGNAL,2.0,39.0,2.0,2.0
0fcda94d5852849a0e469b235f07269cda881a17f3f528d739ea8e87f38c6cdeb64508868589ddb6dbb2f3cca8608502ec013c72a84f348edad2430e6d2a4684,CLEAR,DAYLIGHT,DRY,FAILING TO YIELD RIGHT-OF-WAY,2.0,37.5,2.0,2.0
0fcda9b8747fabb73a3a019694147786fd4a9db5fddec2d1820be3efba9c1fb300cb3e75a907c394ab342ccabab53eb5d336b0560a6b0a2004dd99f1a44dde00,CLEAR,DAYLIGHT,DRY,FAILING TO REDUCE SPEED TO AVOID CRASH,2.0,30.5,2.0,2.0
0fcdc321272fac23dee907e2fde5cdfa69f0c9341ac2141ce0946cb98596646da6d472493bc172eee3c33a5be2fec6d13a8add026b9207ef1ca27f0b8e170a1d,CLEAR,DAYLIGHT,DRY,FOLLOWING TOO CLOSELY,4.0,39.0,4.0,4.0
0fce01da8ed8c02b73e0e46bfa850bb12cee88974bc1e119313611b631ab43b0f5f5c95800b63090bb34f1b65008d4cc3e98ab13328425e500711171fa0a1fa1,CLEAR,DAYLIGHT,DRY,IMPROPER OVERTAKING/PASSING,2.0,67.0,2.0,2.0
0fce77d7f47aeef5370bee7a3e6a8193e07611fa37c4f9d17a4731c6daaf9ea521a40eececc159317d1546eca063fe586da6b9722d999b59db2fb0afa7acd5b7,CLEAR,DAWN,DRY,IMPROPER OVERTAKING/PASSING,1.0,44.0,1.0,1.0
0fce7a5a8614e172522180c7a2387732587f470ad8c2ce51aba6d5d5b9a66702533d5abfb1c59cce595bd3d488a8c4dd50367dfa9fbdd169c54f2dd2c08cb6e7,CLEAR,DAYLIGHT,DRY,FAILING TO YIELD RIGHT-OF-WAY,2.0,50.5,2.0,2.0
0fce8937c83d2b74b77579657310d03b45fa8e427f3161691bb3b6352caea00150ab5afe3ff1afab1a1d84a6bb5e72f94c821c2ec85bc364fda188e9b6d1aea4,RAIN,"DARKNESS, LIGHTED ROAD",WET,FOLLOWING TOO CLOSELY,2.0,33.0,2.0,2.0
0fce9bfbb5eb5da7b57aa7eb0e20e5aa0f318e7338327b522e34125a0742c58fed53d521a90027ee040e2b61f0145d87327b71824ccf76cbcdb8fc7b305853df,CLEAR,DAYLIGHT,DRY,FAILING TO REDUCE SPEED TO AVOID CRASH,2.0,37.0,2.0,2.0
0fceb9a2a057b983d22ca44d1d1769e85f86ab7d19b6fe6429432b314768b1faefd874d28cd1e9018872b11c40aea413e5c5250897b791c3eba2cc672af4e6b0,CLEAR,DAYLIGHT,ICE,FOLLOWING TOO CLOSELY,2.0,29.0,2.0,2.0
0fceeea80909c1d1bfe860887f33f4c09ad94f934977a27d4f17f9607c23c31a9222283770e4118ebac66fd017c75be34eeec7120e82180cc69fffcf8cfa1ede,CLEAR,DAYLIGHT,DRY,FAILING TO YIELD RIGHT-OF-WAY,2.0,35.0,4.0,4.0
0fcf46c0a4d8e8ada0b802aefdfef791e0a098030995bcb1c5bd4206a949e79968ae9d072ecb4ecd0017aa46a33ed828c52b990af00de00fdd5c8e57b19d9c34,CLEAR,DAYLIGHT,DRY,DISREGARDING TRAFFIC SIGNALS,2.0,35.0,2.0,2.0
0fcf5e8aff61653c41acdbcb7c7624df1f567b3df24ab14071d902bfa25cca0b41ee7ca6f785c7229f08623d153e63b0a0511c9a0c0bf1005214ecd514cd88d2,CLEAR,DAYLIGHT,DRY,FOLLOWING TOO CLOSELY,2.0,26.0,3.0,3.0
0fcf6554ee23c4d54bb639e11d013d76b492068d4402cf220547214ce996064c6526127b08311f7c603db45cb4f022681e2da92ae9ae67c6012728fa8a2ace29,CLEAR,"DARKNESS, LIGHTED ROAD",DRY,FAILING TO YIELD RIGHT-OF-WAY,2.0,48.0,2.0,2.0
0fcfd92cd8f9f1094a0479499a63dd3bd0e36b59256b0292fd3f1e976472e461a4e12dba119a214cc314ed7bfec047e25abb3b1d4b5478f7abef025682c4cca9,CLEAR,DARKNESS,DRY,FAILING TO YIELD RIGHT-OF-WAY,2.0,40.0,2.0,2.0
0fcfeb339caa6fa51ed9d99b443c0bd868d8340170aafa2789eb21338e150489b89eb5ae203bc6f7100140b68329c3afdd1a52ac24770e45cd08213212a1942e,CLEAR,"DARKNESS, LIGHTED ROAD",DRY,IMPROPER TURNING/NO SIGNAL,2.0,23.0,3.0,3.0
0fd035bdf1aaa358501556ecd5d1ef630028afea2a808220a06473abee367ef93be0a49d0183695794b38218b9c2192bc5a1c241d18f0885a6b780348545931c,CLEAR,DUSK,DRY,IMPROPER TURNING/NO SIGNAL,2.0,26.0,3.0,3.0
0fd0371e456f095e6f81c6ac3c8a77df4923a468287522896c1c2f45a4bcdccdc7bb6213c8efe1be54f0b4b772c6a353a5c3422d5a0c4cd8f919d0dd9ecb3585,CLEAR,DAYLIGHT,DRY,FAILING TO YIELD RIGHT-OF-WAY,2.0,30.0,2.0,2.0
0fd05d46f452cef2c6553366ded84371688749e9ff5c31fe9fdce5ca3d8bea13557e1796967cc009ef0ff6437c293202740cd1c67786f491c4fc933fa3c7bb13,CLEAR,DAYLIGHT,DRY,FOLLOWING TOO CLOSELY,2.0,55.0,3.0,3.0
0fd05ff0bdfc9a58ec806014f519d6d3afa41d7534a8aa8d94e778d3846dcfb6038adeeea0955ef26f67011d1e1757b3fa677c43f3abf884d8842a2bbc384cfa,RAIN,DUSK,WET,UNDER THE INFLUENCE OF ALCOHOL/DRUGS (USE WHEN ARREST IS EFFECTED),2.0,34.0,2.0,2.0
0fd067b7717fd7900d6bf9d9196aa9c6b528603b3dbc3cd574b826932eac9bc493d0fc0407d709ca59285ccd4e3dc2821e1375156c684fa92b055d85b7655252,RAIN,DUSK,WET,FAILING TO REDUCE SPEED TO AVOID CRASH,2.0,66.5,3.0,3.0
0fd06813ef0da996bb3b5054b09fc172063429a07ceedb0d2680455faf818fe530f12a9ec926bc278c391a8301d76b5416915f14be365091ebf488546d4f9bbb,CLEAR,"DARKNESS, LIGHTED ROAD",DRY,IMPROPER BACKING,2.0,36.0,2.0,2.0
0fd06b2ff8d1224987529d63bcaacdfabcc37ee57313aec3677bac4e11fe7a03fcebdcde93159efb0274140c38b8d52661bccd6b51b7f591584a5435fe9ceed1,CLEAR,DAYLIGHT,DRY,FAILING TO YIELD RIGHT-OF-WAY,2.0,36.0,3.0,3.0
0fd084d63099973c581b43aa6c82ae0d44afbbc5f75dabe2fd983b92501e8df0d94574fb0b649537d4943eb5255d7ecd352341f82a4daefcb3acb6c9d10cb735,CLEAR,DAYLIGHT,DRY,FOLLOWING TOO CLOSELY,2.0,53.333333333333336,3.0,3.0
0fd0a641dfebc147e4cc74915667fc2aa445a03ba967de77622616b3294273a9c465da3fe07399e65a988385f55a61833985479bbc061dbc18cb0fd1fa427e54,CLEAR,"DARKNESS, LIGHTED ROAD",DRY,FAILING TO YIELD RIGHT-OF-WAY,2.0,22.0,4.0,4.0
0fd0b06d5bc34eeaf84782f135b3b27d2b11e1a821901bfe43826c488580b5eaee5d628ceae8e1e6a86f3ccc2824f5c36411971802e0b13b6d721cd566753e23,CLEAR,"DARKNESS, LIGHTED ROAD",DRY,FAILING TO YIELD RIGHT-OF-WAY,2.0,35.0,2.0,2.0
0fd0b1e096c2bcb1cde6baa89e371cc8aa44e1d815bf354f3cc03af5fca58b95229206ea23a0785c1267ef9c0b5bc218064d79b23552753c8e78772342080c65,CLEAR,DAYLIGHT,DRY,FOLLOWING TOO CLOSELY,2.0,42.0,2.0,2.0
0fd0ccf29f2b03db5d8fd1da31cda55e64148847aacfcdeffa63bd548826eb5b58c933e9d1c6435dc4fa6645b8d7549c367646eb8c75f2e60308dc61bbdb1489,CLEAR,DAYLIGHT,DRY,IMPROPER LANE USAGE,3.0,41.333333333333336,5.0,5.0
0fd0ddf8f817a7496086e54823a1d5eedb409bbac4de013011a6c7cc4fdbe97c90bc314913a38a14539bf4386d6e5dcfc8a7f91f582909628ee9e728b51879b2,CLEAR,"DARKNESS, LIGHTED ROAD",DRY,IMPROPER OVERTAKING/PASSING,2.0,34.0,2.0,2.0
0fd1023d68879fa97d882930d29b1aa43ff63660406a6dc7533fbdaed20c3e9f1a5f11c9fc8dae2cc91bb886a606e4a742f60a0f04636cf3addca22878d895de,CLEAR,DAYLIGHT,DRY,DRIVING SKILLS/KNOWLEDGE/EXPERIENCE,2.0,42.0,2.0,2.0
0fd1173225f203a949d9bd3f750d557d5f9248438782571d6e583e8d9f1d7f934ecbb0c48ae35c410beec2e70fd29c96dc069546124640da071694fa77b825ef,CLEAR,DARKNESS,DRY,IMPROPER LANE USAGE,2.0,31.0,4.0,4.0
0fd168d59ca051b5cd014590fc5663656ddb67250d43b0ade9f5d0b872275cb8cc87d1070bc0198b251e69a6e25990eb15f4e0f8c9e94fdcb646dba234432b85,CLEAR,DAYLIGHT,DRY,FAILING TO YIELD RIGHT-OF-WAY,2.0,27.5,3.0,3.0
0fd1a827c944c7cb41c1d60c5e15783173d473b247df52cd5290be9f67d6fb5f87b33c2898ccae6e66a06111acc9065f5418903fc03f58cb2ee8aace2bc761ff,RAIN,DAYLIGHT,WET,FAILING TO YIELD RIGHT-OF-WAY,2.0,24.0,2.0,2.0
0fd1c5f6a7d976061fa3d9e8c7832e047eecd3bef8c45a6441308a197385caab95250a96b0476ab29f68e68a92b06b75dabff917b2039cef17c71fd24b938d21,CLEAR,DAYLIGHT,DRY,DRIVING SKILLS/KNOWLEDGE/EXPERIENCE,2.0,35.0,2.0,2.0
0fd1c602458352206e98ebbd010f6d970f668c5e4e6260b30ea44559bc7d9db5ca921c1eaa13649fcd4d532078fa8eeff01521be8c78adf40267ffe206d4c8ac,RAIN,DAYLIGHT,WET,FOLLOWING TOO CLOSELY,2.0,21.0,4.0,4.0
0fd1ccc8de2165d6b2fc0b6f0224143d7d0f6d90cfcd347d33d29b63cde8e980c050521cbd013d5e4d0b8d6c81a8d843c0d11b206de7b6ae0e1b30ede9def99a,CLEAR,"DARKNESS, LIGHTED ROAD",SNOW OR SLUSH,FOLLOWING TOO CLOSELY,2.0,65.0,2.0,2.0
0fd1fcdb9d71bf9ba8ea74df0cbc4b2e9833c0e3c55cc283832e0fd9b5fa403c2a70fabb0df8890a87fd578f61e95058b884c2d0c744ec3a6a2a6ba48b18991d,CLOUDY/OVERCAST,DAYLIGHT,DRY,FOLLOWING TOO CLOSELY,2.0,29.0,2.0,2.0
0fd20ea38934fe3eb72e73c12024160aecf4b7dcc23bc8865744c246794f8d823fed94f71eb4b7a404a020cc1310981175fd57be31db486f29dd7fa69b99c66c,CLEAR,DAYLIGHT,DRY,IMPROPER LANE USAGE,2.0,25.75,4.0,4.0
0fd2638bb897cd4d037222d9ea481e95cbd5a41176d54ee83a19e3e2f7ce91c6d863b84053820c2a31baba25bbfd0a66c3a4bb08d17a0191caf214e6ce381a2c,CLEAR,DARKNESS,DRY,FOLLOWING TOO CLOSELY,2.0,22.5,3.0,3.0
0fd27db484149baf2cb90c1c8aab8f1a217b07e39b6a0075916195603dafbb51f2864261714d18bce34216351e95610c4ee48fdf5e11fff31126929b1566beb5,UNKNOWN,DAYLIGHT,UNKNOWN,DISTRACTION - FROM OUTSIDE VEHICLE,2.0,35.0,2.0,2.0
0fd2840865794c5b41eb9d531799845887241a3f15890c276d4711fc34bde0fad9e4d4a5ac155ec5fe76953dd5dba20ef3f3f320ff90c3d241f0e815bec3db21,UNKNOWN,DARKNESS,UNKNOWN,DRIVING ON WRONG SIDE/WRONG WAY,4.0,69.0,1.0,1.0
0fd2952b6eee443369dd2e92861e8d784259f62fbc5eb7c4e818418302fce73da9bc80d036a1a5bf68a122133efe7efc98d56e81979493e5f37b5f90e20b8c5c,CLEAR,"DARKNESS, LIGHTED ROAD",DRY,DISREGARDING TRAFFIC SIGNALS,3.0,28.4,5.0,5.0
0fd2c62a31d3866292cea9c40739b61c9eef4972be8707588009503857eab09636a133540af943a666c50e4b3bfe247b1e814088fa0ea8c1b99860520fe08b81,CLEAR,"DARKNESS, LIGHTED ROAD",DRY,DISTRACTION - FROM OUTSIDE VEHICLE,2.0,51.0,3.0,3.0
0fd322cede5a77ccf3fa6b1097c3ba1e51f9f80ef5903de76b7bfe3c37aa044ede48214b436f7d2c1fb0ced401e5fa65499a43af4790958cb237308abb8eb554,CLEAR,"DARKNESS, LIGHTED ROAD",DRY,IMPROPER LANE USAGE,2.0,32.5,2.0,2.0
0fd34289068542849b0f4c492c416c43a40386e56c3c23234a1e2f52660b90c48f926494b8f8b5e46fbd459c29e306e289d7aac260ad56ba8f06aeda98b8e0cb,CLEAR,DAYLIGHT,DRY,IMPROPER OVERTAKING/PASSING,2.0,24.0,2.0,2.0
0fd3434384cc22be1fa039ff7c1365b8c5dc99ac6ba20da3f68a80862822fb6e022e0ca9bd8256b8ac53f2a7d1da93fc0af6bdb7e9b8b5293bf868c97db59fed,CLEAR,DUSK,DRY,IMPROPER LANE USAGE,2.0,50.0,2.0,2.0
0fd3851073e78ba74696142e8e04556232371cbb1fda2cdba481ad3599bfd22aa220c91b4d5604df99c921e79c5136c9156692300e694529cf62699df2fad1ee,CLEAR,DAYLIGHT,DRY,UNDER THE INFLUENCE OF ALCOHOL/DRUGS (USE WHEN ARREST IS EFFECTED),2.0,54.333333333333336,3.0,3.0
0fd39b8310fad724df94cab2f8053c8d99788e706b0e817a5c09deab3da58e907ff015ab01937a353783157eba6dee20a502a167d09b7d509e78095c9f5779c2,CLEAR,"DARKNESS, LIGHTED ROAD",DRY,FOLLOWING TOO CLOSELY,2.0,27.0,2.0,2.0
0fd3a5057bccf6802df693cf72d57cf88e3d06b6b5f2518a1968c44d935d906abbaac1a11a79b4fd00093311dd9cd996ef0eaff5dcdbc2a3cecbd3c3cc3f3304,CLEAR,"DARKNESS, LIGHTED ROAD",DRY,IMPROPER TURNING/NO SIGNAL,2.0,45.5,2.0,2.0
0fd3a99b9befdabca32d726007daca6d84123525cfb19f0dea9d055506b66de5b11a1c777f10e4d9d31ae3d58cd19998cf42a875fc30f5fdc8d15a25a7f6a9d5,CLEAR,DAYLIGHT,DRY,IMPROPER TURNING/NO SIGNAL,2.0,37.5,2.0,2.0
0fd3d587e91e27ee385c0e42eee8cf26e6c3a9fa466a430bc3b6105a55dc9e6700051b582f1525047c6ba688b70c26d3ff71682d3531c0c128fdf00eb9baddf2,SNOW,DAYLIGHT,SNOW OR SLUSH,FAILING TO REDUCE SPEED TO AVOID CRASH,2.0,50.333333333333336,3.0,3.0
0fd3d65ac992eee9ac3229d3a5c07d148a44138c0b315fafd1b3d473cf3a9e0062d98e1c439c36ff605dc06219e8623f1f44c78e9979ff0690c471f9e2b17ebc,CLEAR,DAYLIGHT,UNKNOWN,FAILING TO YIELD RIGHT-OF-WAY,2.0,52.0,2.0,2.0
0fd3de5e4cd73d0fa42da83fe94c71844d0d51412dff1406002dfd3163f6178d22aa3dd4519e988d80b05a3906ca775aef4dca8676623f932876ab5fcc35d83d,CLEAR,DAYLIGHT,DRY,IMPROPER OVERTAKING/PASSING,2.0,71.5,2.0,2.0
0fd3de6edb2f672c06c99f4ab0d446ec3a0aaec2d74aa2b8edf84bc380b7833545254b8813c46e7edaabac147f1724adf3f28361f21bc6fd3e110a6050845186,CLEAR,DAYLIGHT,DRY,FAILING TO REDUCE SPEED TO AVOID CRASH,3.0,40.0,3.0,3.0
0fd3ebd5cc5fd504748f8cda91c1f303651dfd573c153fa44157e7b27fae98aafd551ee3e5dc0666cbece584e84a17f96b5e9cb28354c90d31b083dda3ff074a,CLEAR,DAYLIGHT,DRY,DISREGARDING TRAFFIC SIGNALS,2.0,27.666666666666668,3.0,3.0
0fd421ff45cdfe03232a006a00f013b3962ce1f5822bee8d6081f39aa117d83da8a376ca7b3177b947957d7d778f21f1174ea79e2873da4bccea5486ae2f0167,CLEAR,"DARKNESS, LIGHTED ROAD",DRY,FAILING TO YIELD RIGHT-OF-WAY,2.0,37.5,2.0,2.0
0fd42c032ecf52c94403331a107f42f289c9294884ab83937a8b13d0e93339e727b0f8616604579825e5458e23987228d21fa43f9753a3e58dd44d2dd06060be,CLEAR,"DARKNESS, LIGHTED ROAD",DRY,IMPROPER TURNING/NO SIGNAL,1.0,37.5,1.0,1.0
0fd42ef51e697d57caa6bacf0ba05f85e233b69a909c1146a81eeec733a65cf18cdfb7b809442f2ad6768cd93641cd6652fa36c955d4151b61049b933a425c6d,CLOUDY/OVERCAST,DAYLIGHT,WET,IMPROPER OVERTAKING/PASSING,2.0,45.666666666666664,4.0,4.0