crash_record_id,weather_condition,lighting_condition,roadway_surface_cond,prim_contributory_cause,total_vehicles,avg_driver_age,total_people,total_injured
0fd43bba134fa2435de60e82d14f5e40d627b34cda0206d132c78a7ba3548aae7f7af5bb139b0566e7c96b2acab12159dad321e939462ad271dcdd62a48b0b21,CLEAR,"DARKNESS, LIGHTED ROAD",DRY,IMPROPER OVERTAKING/PASSING,2.0,26.0,2.0,2.0
0fd450a0c1bf77e4258320c52e3ea8c74198e022780b027f69fd7b0738152151c1b900fb74cb3ac63cda2ddb9a9e149f33a6fdcd91dff822fc915e9df60ec454,OTHER,DARKNESS,WET,DISTRACTION - FROM OUTSIDE VEHICLE,1.0,29.0,1.0,1.0
0fd45cfcdba945b072fb381eb424392324b86ff5183046d7cee0d13ac685164d902ef8a2c6c8ed51cb5b5a03f2a42f98965e37e0c9712e9f4ab2ee80180ce7f6,CLEAR,DAYLIGHT,DRY,DRIVING SKILLS/KNOWLEDGE/EXPERIENCE,2.0,37.5,1.0,1.0
0fd4ab7f15b8d95b9deda4aea11ea531d5652d1583bb9cc055d8676376ba442ed800c0027e71903b944886d73e60cb6d5bfb65a53917e990044fb3d4ccd96499,CLEAR,DAYLIGHT,DRY,FAILING TO YIELD RIGHT-OF-WAY,2.0,52.0,2.0,2.0
0fd4c08a18c21a140b074e3c621f96509ab1500a395cccb18ab0107333fae2a3aae16ea006c2bba1dffa0d95a4f54f00c4a402ca4835c38f405104a53257737a,CLEAR,"DARKNESS, LIGHTED ROAD",DRY,"OPERATING VEHICLE IN ERRATIC, RECKLESS, CARELESS, NEGLIGENT OR AGGRESSIVE MANNER",2.0,29.0,2.0,2.0
0fd4dd4e3e18448a2f44a50df097d0427fb5d92abd23db199f5604d526cfb2923135b5b67cf50c2bd5bdcd58b942f316770ce2cc6098fd3b3925eb38e5c37629,RAIN,DAYLIGHT,WET,"VISION OBSCURED (SIGNS, TREE LIMBS, BUILDINGS, ETC.)",2.0,64.0,2.0,2.0
0fd52ef4e4cfdaac36054f7688945fb71932b63491e491b6e3e3c2b36084efe0a3f42f0ae48ed01727f4a89343a29cd3433551b77f027c2d970ca3ae5ea53b4a,CLEAR,DAYLIGHT,DRY,FOLLOWING TOO CLOSELY,2.0,29.5,2.0,2.0
0fd54bc1bddd5a16e87473b59cdffa79c57910efa75747b72b25b5592e75ccdef4b314ea22e76fd682f6b5753b4e9a73eb14aba7dda044aeb91fe695e65e4ae5,CLEAR,DAYLIGHT,UNKNOWN,DRIVING SKILLS/KNOWLEDGE/EXPERIENCE,2.0,57.0,1.0,1.0
0fd5827dca253052aeb8b61784ec81b5fe861818a28686ae6be44761cd906cfe5783d0fbcef0ea5ddc735c8db5d5218784911842e6a2eb132571fdd297b3dc81,RAIN,DAWN,WET,FAILING TO REDUCE SPEED TO AVOID CRASH,1.0,46.0,3.0,3.0
0fd58d182222ca2834be18c5d3a6389a7203958c301e9587afa7400c4c0f626876408ab4ae9a66a92f728be2ec80a7ecba7320237f5668a16bb07e52e2de63c6,CLEAR,DAYLIGHT,DRY,FOLLOWING TOO CLOSELY,2.0,39.5,2.0,2.0
0fd59dfc7bd99a56ad6a3cb021a8d0ad2d1eeabe6e28b7363eea8e1baf13795d7e46a8b87f2ebda3a19501dc0c2ee4e2a1e371b65ff053d8916f88af68ac38bd,RAIN,"DARKNESS, LIGHTED ROAD",WET,FAILING TO YIELD RIGHT-OF-WAY,1.0,54.5,2.0,2.0
0fd5b18e63380cd2fb2fef517239990f4962eb3d5dc1d94534b53ba4cea272c50a520d43cab94d2cb1fc8b2a7974b4c2da1d62dae9ac74d25ba5bd38bda13362,CLEAR,DAYLIGHT,DRY,FAILING TO YIELD RIGHT-OF-WAY,2.0,68.5,2.0,2.0
0fd5cfe50600cc54d8f97ada82173d7637a7a3047124e40480cc90edf633e0128c05473de16836be273747dd79be29a6331e39b9fef8a9af73871304d046fe78,CLEAR,"DARKNESS, LIGHTED ROAD",DRY,FOLLOWING TOO CLOSELY,2.0,30.5,2.0,2.0
0fd603f8551f8dc29702331dae6e388a78f805de361092845bc69988d4739834d1fd8e35d0279437b66c0542bf616d64451d10f7e183fb24e669d79637c77d0f,CLEAR,DAYLIGHT,WET,IMPROPER BACKING,2.0,37.5,1.0,1.0
0fd62e37951e7016473acb04395fdf9b997f9c72b4a797a06d1e193714df0a00a3dee02b6b704c81a17b82431c9c86c1f29ad416eaeb35f5010a2c7e00a5af8a,CLEAR,DARKNESS,DRY,IMPROPER BACKING,2.0,37.5,1.0,1.0
0fd638ebcc2a29abcb10fd75213252a82e02f80156d070e74732889333ac621147910a04a24ec478dd028e59ff4c00c93c2db78d9bc87c7a4b178e09fa1fc27b,CLEAR,"DARKNESS, LIGHTED ROAD",DRY,PHYSICAL CONDITION OF DRIVER,2.0,49.0,3.0,3.0
0fd642edb514e833c1d62ed8ee4ce81375f126721f1664d67a2e65ab85b322d9ba8a7884cc4296537662f8f0227093954993ca6fc3b37a8a607a900a3afcf2fb,CLEAR,"DARKNESS, LIGHTED ROAD",DRY,IMPROPER OVERTAKING/PASSING,2.0,18.0,2.0,2.0
0fd6627506e62ebb634a1a5af5f17155dce237dbca16ca8848751d2452c7b60184d8433a386b4e7b268784a1a28978bec5b179078ebeca2af6b05add107c1f93,SNOW,DAYLIGHT,WET,FOLLOWING TOO CLOSELY,2.0,41.5,2.0,2.0
0fd66cf28a13554e88e39333ee84063a88a9cc4b1ceda8d1e067e69932c1256457366673163d61a5fbf51079aa1a723b5efe852b674325678b14e05ceb59599c,CLEAR,DAYLIGHT,DRY,IMPROPER BACKING,2.0,37.5,1.0,1.0
0fd67158e16d6bd633dd8b9c3b9c8fcb53b89802e668c9da862a7c0ea891d50aecd806fb718c27f6f542f5d310f2e426af71da27b580e9bb1cf0e3e1e1b7f356,CLEAR,"DARKNESS, LIGHTED ROAD",DRY,DRIVING SKILLS/KNOWLEDGE/EXPERIENCE,4.0,28.0,4.0,4.0
0fd67eb2e1d23ed42fd3f7663043fb7092016914b5898b7fa3422e6857d1663cf8301ca3b85d6249bc92095a67517f11bba8804f0cc2edf2e669df3d4d4b3ffa,RAIN,DUSK,WET,DISREGARDING TRAFFIC SIGNALS,2.0,37.0,2.0,2.0
0fd694536a40ecdea867844923c567250a0bb562dc0845b11f55e88c3117a48c8f6adc47351106d3230270f0144dd2fa8e4f98daa30e68ab8d4040e2a6df14ce,CLEAR,DAYLIGHT,DRY,FOLLOWING TOO CLOSELY,2.0,45.0,2.0,2.0
0fd6c34185f5ee885fe704ef2613b682054ffdcc1021ab682d5354a841a3693737fead61e4e66744bb719ed17a20f9e6efdaae962f97997ff58a230ac3a79d81,CLEAR,DAYLIGHT,DRY,DRIVING SKILLS/KNOWLEDGE/EXPERIENCE,2.0,37.5,1.0,1.0
0fd6d13373df2d1c8478f93bd491cf7c53446e590abcede046b99a4d1111c975b4cdd1935333672098775979dd8896533188b679c161aa9d26ae2b3c0aeb9d56,CLEAR,DAYLIGHT,DRY,FAILING TO YIELD RIGHT-OF-WAY,2.0,37.5,3.0,3.0
0fd6dbb4e7fee9a14dc61605413bb0254f700f14e959ed4ddd96adf7d349b380476489bd2b916662a8fcbf76ad98a66e39e2d6a38502cf1a0967c13532e9d249,SNOW,"DARKNESS, LIGHTED ROAD",SNOW OR SLUSH,WEATHER,2.0,52.0,2.0,2.0
0fd725c31d7d486bf70a83de613282f80c18c2e8fd7ec1e98d5cd1bf08b37114aa2eb0caea6ff24b9795c5a9d37320f9fa8905a7df21ee15bb0c3c2919a2dcbf,CLEAR,DUSK,DRY,IMPROPER LANE USAGE,2.0,36.0,2.0,2.0
0fd72e6189c500f74c39c0b5fa4cdc2b82913348b28774a1f1c677a0ac5d3c03aac34f5d4c544296db364ff5988ffa97dabb714422736f80442bcf6031755567,CLEAR,DAYLIGHT,DRY,EXCEEDING AUTHORIZED SPEED LIMIT,2.0,37.5,1.0,1.0
0fd7362f74ec8797cdbc0a63f135220e5c9a21ecfa0194152d0a49de2ebd8e550bd30f29461aba805be96cf43bcf67ad633c5431e4abe275e53b0598950f16db,RAIN,"DARKNESS, LIGHTED ROAD",DRY,FAILING TO YIELD RIGHT-OF-WAY,4.0,57.0,2.0,2.0
0fd73829a8a397e27335759a6efeae9e54d6e084c09337a4bb6129df83dbe12b9ba4b6d5c766a35dec44e8ba79c8a9c2a05ec0be56b835c4a29b6acbed20bab5,CLEAR,DAYLIGHT,DRY,ROAD CONSTRUCTION/MAINTENANCE,2.0,32.0,2.0,2.0
0fd7446967b14a191433a241c019d0a8296c2cef5f39f7f6d0e418f67b34f62c0da057b22cab024f609c40ba2ea9cd14bf7292b3953bb340a4c2c31f7a3bd31f,CLEAR,DAYLIGHT,DRY,IMPROPER BACKING,2.0,37.5,1.0,1.0
0fd74d8ed1e6cbb1f3572bb696d9bfac8249acbf69c3b4b7174d92f365db2b95b9978c210f31e90047185aa00737b04b2241a81a9e96443bf6a34dfc0041ecb6,CLEAR,DAYLIGHT,DRY,FOLLOWING TOO CLOSELY,2.0,26.0,2.0,2.0
0fd74e4d6661e32fc5a60e4b351ea8cedb942eadde71c0ef091cc9dd5e3bcdd6a5b0d1b0b56b7caac242bcba12a8b4aae44ad1c2543d6ea049be254b5b0a7e0a,CLEAR,DAYLIGHT,DRY,IMPROPER BACKING,2.0,74.33333333333333,3.0,3.0
0fd758dc2530458cae9e194a1861d28c7e051726daad5e152e7b0caf8d72dd5a5f686c6d0308dd4382ac3a963af1f1f0e38b6e8641095b65bbbf454b3d4c879e,CLEAR,DAYLIGHT,DRY,FAILING TO YIELD RIGHT-OF-WAY,2.0,48.5,2.0,2.0
0fd75e37cc6833b0539a4c2cd1b2781c9bcbf856e2506853d6a3dfcbcd345b02fae437f1485e5d7d9ccda0962e28819aefd38cec39ee6e157def80de8b43f59c,RAIN,DAYLIGHT,WET,FAILING TO YIELD RIGHT-OF-WAY,2.0,30.0,2.0,2.0
0fd762e271c801d651ed6a473afec7a9308076bd3ab139265ef4f80f91eb0e31437ced5097411a4f20dfa73bddaf6410f1f88ba8312dcf1e953e13b36b178500,CLEAR,DAYLIGHT,DRY,FOLLOWING TOO CLOSELY,2.0,37.5,1.0,1.0
0fd7638379c7ef252c0b1d21c93d9840a6157285b8d7023f582b975a3c135b7fe88ac38301742c42325ca07f0a05cc603ff672ced6e00d6a8dadf4cd4ad8bb8f,UNKNOWN,UNKNOWN,UNKNOWN,DRIVING SKILLS/KNOWLEDGE/EXPERIENCE,2.0,76.0,2.0,2.0
0fd775c55dff6a57f0e78a0ef39e2eb55981f45c5ed78af3edb97340fbc1c3cacc4a006ec5d9fcd1b15721cb7fdcef09edfeac77824234fe43d41ba1fd4ec2b8,RAIN,"DARKNESS, LIGHTED ROAD",WET,DISREGARDING STOP SIGN,2.0,53.0,4.0,4.0
0fd7865d93ae859a8c5e71ee5afbbea66e9355d61372f1130074620abfcca67a154bcd9296d9c2337ee432d38fe90143d9064c74b465b2790de55406f3fdff08,CLEAR,DAWN,DRY,EQUIPMENT - VEHICLE CONDITION,2.0,44.0,4.0,4.0
0fd7a67a69593816e86940e206693982e7d12c65db08d9a869c31820c6b2eeb65aa8d3533940aa26aa2b05e1a4b4340cbb68322d23695998b8069412a9e1e657,CLEAR,"DARKNESS, LIGHTED ROAD",DRY,IMPROPER BACKING,2.0,39.0,2.0,2.0
0fd7d3fc3681dc5901fb58675184927a91a9514d2d0c6370308197b82c4d620d558782912a918cdc5341538abaf44874f92453ed502223d9dc2444a0cb4e556f,RAIN,DAYLIGHT,DRY,FAILING TO YIELD RIGHT-OF-WAY,1.0,12.0,2.0,2.0
0fd7e5ebe7204abfaca4b6ed86a93ff6329bfd179e0fc01feaabc21a8547a1b5e6e8d20acfada94cb3c211a0d5c28be2045fc781d3ea639c412cd0eb43f8b63a,CLEAR,"DARKNESS, LIGHTED ROAD",DRY,DISREGARDING TRAFFIC SIGNALS,5.0,28.666666666666668,5.0,5.0
0fd7ff66394db872520e3b4a2d8d0ab5b7f0594d9e2376bd5dc6e6a644dcbe32d9a7f3758d94c59b14f682376172288d8cb49611699f9d119266df837d698aa2,CLEAR,DAYLIGHT,DRY,FAILING TO REDUCE SPEED TO AVOID CRASH,2.0,48.333333333333336,4.0,4.0
0fd80be593229b0fdfaee45596d17fac4b48c8a090d839eb5a713bb1558cc2901a6aaf8ad2dcc39a06e2241cc2ec66c4a00f7c3dfe62e85f91dfbd7442d0cb1f,CLEAR,"DARKNESS, LIGHTED ROAD",DRY,FAILING TO YIELD RIGHT-OF-WAY,1.0,62.0,2.0,2.0
0fd8261e1b6df9af082f6a198deebca4eecc5e8a58ce5f1068072c2605744622594c200a815f1352a18afc86e130afd5a58a7d497cb898632447fdb9c2d67be0,CLEAR,DAYLIGHT,DRY,FOLLOWING TOO CLOSELY,2.0,24.25,4.0,4.0
0fd83071afb9031fc1c86da669886de7a62e745cf9d0c4d9e9714a8803c0b8598898f8d9a46521a1faca0be8817fc7d39623d055cd43fd2cee6469c5f2ef7539,CLEAR,DUSK,DRY,FOLLOWING TOO CLOSELY,3.0,26.666666666666668,3.0,3.0
0fd832c6270c4ebec886b91e9459adf88d8c609521a84e9ae897ce0330688f9b361ba6e3517370f2963730458a41f40182833e59fd8048f19f68fb80b30de925,CLEAR,DAYLIGHT,DRY,DISREGARDING TRAFFIC SIGNALS,2.0,43.5,2.0,2.0
0fd83e3cd53da6410a374378f3f869445a3b88d70d90bbec955dbb3fb5f9e4eeab63b1551c36b55af285f3ecf46b4e639ed01e109f8e45c43eb73ae9b906ca04,CLEAR,"DARKNESS, LIGHTED ROAD",DRY,IMPROPER LANE USAGE,2.0,27.333333333333332,3.0,3.0
0fd84690911d34a61daabca156419867806c41b31834a3c4b46e4b603971b5ff137c34938c6bfa8372ba10382e5740eb24b53738e660da4b5beef63cd124d7a5,CLEAR,DAYLIGHT,DRY,DISREGARDING TRAFFIC SIGNALS,2.0,30.5,2.0,2.0
0fd8608ba247db6165cc28e38398b2cbc63cba5e812d143cc600ab00f10e18c49832b0891cd18c22a140f1aeb67f508abbee525d175776b409b7fd877966578a,CLEAR,"DARKNESS, LIGHTED ROAD",DRY,IMPROPER LANE USAGE,2.0,32.0,2.0,2.0
0fd8aadaf88e830536c2fc4bb36e0e3e4d7beb4379ca1a2648c29aabf805aef70953900404b1e05261075ae319580885d4eecdb79d17bd9aac2c6296c9bec28a,CLEAR,DAYLIGHT,DRY,IMPROPER LANE USAGE,2.0,45.5,2.0,2.0
0fd8bb59a975142e22fb7fff66f910214ba3109a7e2e85cde289cab45758d33b27fb7a655fd435693b31e61955d065450aead1f2e5628e9430262de01221783c,CLEAR,"DARKNESS, LIGHTED ROAD",DRY,IMPROPER OVERTAKING/PASSING,2.0,29.0,2.0,2.0
0fd8d02f83e20cf161a624de3fc0e5425758939a03f59b71a97cacda3581f6598156f6262d68004a94ca4c62e62d3897f7221eb3928df2b07d31ac30a9804e68,SNOW,DAYLIGHT,ICE,WEATHER,2.0,42.0,2.0,2.0
0fd8d7084f783fd0fa6b1a8d2421809179b017695d6fdbf9684b00d9e66e724f36ab4ec33963d99aa175e3b9b847cfcb1ebe5570b5991fe4e50fee480e834eeb,CLEAR,DAYLIGHT,DRY,DRIVING SKILLS/KNOWLEDGE/EXPERIENCE,1.0,27.0,1.0,1.0
0fd8d81795a1936049e3e4d2af1ab2fda71beeddda4e3bebe4ae1c4ba4cc137e2dfc365ac1030676e4ce8f1d036a7501a69912803a8b2dde9084d11d92c6f3c3,RAIN,DAYLIGHT,WET,IMPROPER BACKING,2.0,37.5,1.0,0.0
0fd8f80fd85913c09820414d7ef20f4820c783c7cb15ff6608086a1d27434abd2f93ee7fcf44232775ec86e8beb62fe705ceea7a1690ae73b2074ec96f4bf424,CLEAR,DAYLIGHT,DRY,IMPROPER TURNING/NO SIGNAL,2.0,55.5,2.0,2.0
0fd916a5042fec5adef9a10ee92bfd804da329ff1cb344981dc339105757147d1bf8e31303f6c45d3dbe1adfd9d3b4e8e9ffa62476de334240d44a483a823c70,CLEAR,DAYLIGHT,DRY,IMPROPER OVERTAKING/PASSING,2.0,34.5,7.0,7.0
0fd9184def045fa537b45a5ba988c594518790c0c0a3edd0d4bbe9e045b39a15ac16043aa74dcc29ff230c49a359a99c47ca21c7133bf6f881c14242f911b099,CLEAR,DARKNESS,DRY,IMPROPER LANE USAGE,2.0,28.0,5.0,5.0
0fd9259566227b6fac213958a6208842ed91d8929b08cf60860cb1c33a7ac5ca81dc4b35eb50d23ca0a3ccfb13f11ed756d1a4692e45a571299666bb949d671f,CLEAR,DAYLIGHT,DRY,IMPROPER OVERTAKING/PASSING,2.0,49.25,4.0,4.0
0fd985ea76c2bedfd2f7af0a764b9d33a500d7c714bf2a55883925234234a475990ab82159c23f1ef93c5245e1007721eb3df207dcd230f6b5b13bb3c57b1716,CLEAR,DAYLIGHT,DRY,FOLLOWING TOO CLOSELY,2.0,59.0,2.0,2.0
0fd9ad9d8099ff1907d9c9b7979a3c1206e397b9c33897a778b07762f983ac23392b1436fb7f42f56a1dea9e6ef727a40e3e332e6db7aee3079a1695941633ae,CLEAR,DAYLIGHT,DRY,FOLLOWING TOO CLOSELY,2.0,40.0,6.0,6.0
0fd9be9c818017b132c5776cef9ee9649228284f6f68cec460893d5dcb14af0631af04f8d48494211518efd854119088dcbdf45133f73f18268f576bfb7d6ac5,CLEAR,DAYLIGHT,DRY,DRIVING SKILLS/KNOWLEDGE/EXPERIENCE,2.0,32.5,2.0,2.0
0fd9cb4b4345dc1ab5bf74a0bcbe5d9c5bc85c0210e569044a13b733267104a608f2f6333f666b60548c030a87dae7a61e9a639abf7e6cf01a151f3f8e252d83,RAIN,DARKNESS,WET,DISREGARDING TRAFFIC SIGNALS,2.0,39.5,2.0,2.0
0fd9d791047779a0aa2012779423686d08570bd1215dc0ffb8e1fd150ff3e4582bfd8a01be5c84bf708a61fe291f299bd4e156dfc085b5c0973dcf42acab5612,CLEAR,DAYLIGHT,DRY,FAILING TO REDUCE SPEED TO AVOID CRASH,2.0,11.5,2.0,2.0
0fd9e5bc70d08b1a869731264c4cfeaba42f6be2c606e0fc2d789249e27aa24b605d4895f9ed17a2389dc022abddd38cf80823258f12cf01387bea22b1e26c84,CLEAR,"DARKNESS, LIGHTED ROAD",DRY,DISREGARDING TRAFFIC SIGNALS,2.0,31.0,4.0,4.0
0fda0ed8237b7ce2b415ed5a52d0556b47c3b3a5dfb383980186a3d79596c689e20a3ab6b4523cf8ab3a19237207d0b811003d8d35727b4ea0f9e56a3ee12843,CLEAR,DAYLIGHT,DRY,"OPERATING VEHICLE IN ERRATIC, RECKLESS, CARELESS, NEGLIGENT OR AGGRESSIVE MANNER",2.0,37.5,4.0,4.0
0fda16c7fe1cacabf57fddd643e237513180914a2b0c71c6940dc12eba550eb69410b6a4dc9c41486cac8ec3789e3aef94dc9ded191fe7e4a1c4b97eb6740c68,CLEAR,DAYLIGHT,DRY,FAILING TO YIELD RIGHT-OF-WAY,2.0,48.0,2.0,2.0
0fda2da69e5d7decfa8c273210a1ca063798cf39503b0c5929a1268745a255e6b9105862a092e4382322e8404af8553917c0a740f6445a52c085044148850909,CLEAR,DAYLIGHT,UNKNOWN,DRIVING SKILLS/KNOWLEDGE/EXPERIENCE,2.0,23.0,3.0,3.0
0fda9991dc907522bad4a54ef6edb3e48a773068e98724433d299a0bafbd355bee0a042944e0b07739979042c5a2a2dcc6c71618272d907c5ade7c07eb1e9267,CLEAR,DAYLIGHT,DRY,FAILING TO YIELD RIGHT-OF-WAY,2.0,52.5,2.0,2.0
0fdacf61fe0c3c5aededb6e453bf936b4d244c286d85da06570e14598bc74f4b0ac2a4b62df90e6b3203f764139d579d3409602a78d67d694394161e1c32b968,CLEAR,DAYLIGHT,DRY,FOLLOWING TOO CLOSELY,2.0,54.5,5.0,5.0
0fdb4b196fd7cb8af3de8969275b2e67c9eb2983c27c6d38fec4ec78c97a0af1a4a28332c5265bd8fc76c3247564bd627b5af450b0d936943782f26d311b02c8,CLEAR,"DARKNESS, LIGHTED ROAD",DRY,FOLLOWING TOO CLOSELY,2.0,58.0,2.0,2.0
0fdbb9d91c50fda258175a60bc6d4d334b7477f58bf96b7659efafa22d2b2be845badde7aa08d2c0fe0cf0a004d180ada5116a9127079e7637166da4ad517186,CLEAR,DAYLIGHT,DRY,FAILING TO REDUCE SPEED TO AVOID CRASH,3.0,35.0,3.0,3.0
0fdbce970bb92d62a6a00b882c8383aa183407b262199a366b979eb7e52287e1a3167cbfbb61f4b3997ddf6146f683a66f5cf1107a605da352ff2a6abca64a7f,CLEAR,DARKNESS,WET,FAILING TO REDUCE SPEED TO AVOID CRASH,5.0,18.0,3.0,3.0
0fdbd276a4edff183a275be6c5fe81ded4f03c151f69019e6397db3712e00e9225a41b3499eeca5b5d141c863579ec719fcee6f2421b6f4f8d84c46f64121294,CLEAR,DAYLIGHT,DRY,DISREGARDING STOP SIGN,2.0,27.666666666666668,3.0,3.0
0fdbd3d0b56fb9eb9c34d107430eb43e61124a148655bfa6f3a8e866884a5aa56d0ced673a214f44820151044a42b9899ff9c70c67dc97f33b674d14f009829c,CLEAR,DAYLIGHT,DRY,FOLLOWING TOO CLOSELY,2.0,67.0,2.0,2.0
0fdbf2ef802c33058a3d4a706c812781e2c94c70264e30d573ad80dda4c8c38fa286826e1907d77a18ba7b76bcd8942f7a47af0911bdf0332b569e6ada65cf1e,CLEAR,DAYLIGHT,DRY,"VISION OBSCURED (SIGNS, TREE LIMBS, BUILDINGS, ETC.)",2.0,33.0,2.0,2.0
0fdbf99bf8e1060255f1378660c88c46501503a24e6982cfdd1bc50d966f461fba8983a917f3ef74a7c6d31ac1dfdfb37649f315863b50e175dc39e406675e9e,UNKNOWN,UNKNOWN,UNKNOWN,IMPROPER OVERTAKING/PASSING,2.0,37.5,1.0,1.0
0fdc046623920b94d2ef595aedb59f77c4b93eaf2cc4b707d36d6e9e6208762a51c0d3b3cbcbfd8f8094d907c3970c4a1186c47685d138bc312fba6f8da52240,CLEAR,DAYLIGHT,DRY,"OPERATING VEHICLE IN ERRATIC, RECKLESS, CARELESS, NEGLIGENT OR AGGRESSIVE MANNER",1.0,34.5,2.0,2.0
0fdc0f211eab726f3340c21d0767f20ee740adfef016a778d9c754d5ca5e0366ba3116f30410a10bae882d77870de322cda76d46e480ce1c798c973b73947e89,CLEAR,DAYLIGHT,DRY,IMPROPER OVERTAKING/PASSING,2.0,37.5,2.0,2.0
0fdc2ef7b6e18e59b7e228ec2f5e22b68b7fdc1f1208bb6acb4d3449e46bb8cdfa9378d409173bcb34ff146236b52b13d32577f0a555f90695264ba7ffcdf224,OTHER,DARKNESS,WET,FOLLOWING TOO CLOSELY,4.0,29.8,5.0,5.0
0fdc66864d7cc4f9cc1f8df13ee5efcc75bef14d4459f1cb416bf65593082128dc82bcb3d4211ca907b21eaaba2cb3bc21b8a96df1de840e4ab7c68db557af6f,CLEAR,DAYLIGHT,DRY,IMPROPER OVERTAKING/PASSING,2.0,57.0,2.0,2.0
0fdc69cfd1ac4aa6317c266feda7532eaa3b47fa4f350c8202acb8ad5a9780ba7d40f8137ce8a434992e83eb56a8239546ac105fbcf680d91a8f547ad7e78999,CLEAR,"DARKNESS, LIGHTED ROAD",DRY,DISREGARDING TRAFFIC SIGNALS,2.0,27.0,2.0,2.0
0fdc7eb1bc7d0f89833a069bae6820a232ef94ac55ca3e1747ce09b819630afb8cc9b86b2824b697ceb73c9e27584c948feb6170c59dff6deb2f9290f5d817f1,CLEAR,DAYLIGHT,DRY,FOLLOWING TOO CLOSELY,2.0,32.5,2.0,2.0
0fdc935b532bb789ac203aa9f2677fdeefa594963802f2ccb641c73dbebeefd9ee714b894151762d4c44ab088682557f131f7439a1aebcf7cb6064dca2be1405,UNKNOWN,UNKNOWN,UNKNOWN,IMPROPER OVERTAKING/PASSING,2.0,44.5,5.0,5.0
0fdc98f427fc1f546420afb5d2e652d4c5371880dc7f1b479653e357454e880922c043c25db0229a5cb397eedab3dc2f863f4fd20a4e31d46d171167a25fe560,CLEAR,DAYLIGHT,DRY,FAILING TO YIELD RIGHT-OF-WAY,2.0,80.5,3.0,3.0
0fdca0774e9bada7cca8a178e27211938b987a5b0a8bb9dda9612f8399768899505838d7b1728e65792875e97eefa1dc5bdafed6ca6dbad6822f4b322705f10b,CLEAR,DAYLIGHT,DRY,DISREGARDING STOP SIGN,2.0,40.5,2.0,2.0
0fdcc055a1587b5cd8349a79f1377ac90cb453b12b9cc65190ae146798a7988cf159a5738703ad35ccdc021da2e7205dd94cc9a9f9e2686484765aa8d4ce1a67,CLEAR,"DARKNESS, LIGHTED ROAD",DRY,IMPROPER BACKING,2.0,31.0,3.0,3.0
0fdcec0c677702eee9d8d79e28a32a970dbdf1e431fb22641f7a6d82824a672ad6ab17de7a62845cba76b60cb12959a205759b366f033713bbb8ab7a5b7af8aa,CLEAR,DAYLIGHT,DRY,IMPROPER LANE USAGE,2.0,41.0,2.0,2.0
0fdd1890761b51373881f62102bf5b2800b3b0265452e2f8352f475ac4f6d49d219f8b0bc6733455558ebc6eefb9c3fe42f16fab9454a24f848b669feb7e9172,CLEAR,DAYLIGHT,DRY,FAILING TO YIELD RIGHT-OF-WAY,2.0,21.0,1.0,1.0
0fdd18e3e61cd720d02b60736869c6ca439a417b430d77bbbeac464060896bb00befc6fe60ed952393369e2b44a6839e6f13e43dd48e8c4bbbe9abcdb2ddbccb,RAIN,DAYLIGHT,WET,FOLLOWING TOO CLOSELY,2.0,37.0,2.0,2.0
0fdd1e302f741e90245625229d9f602f65e41732ef3e0bd7f04ed5e0a795b97f2ebc9a0d6d86879b2f0c946269f2c11065f2f69142da6d24ab0fa9356504a461,CLEAR,DAYLIGHT,DRY,IMPROPER TURNING/NO SIGNAL,2.0,43.0,3.0,3.0
0fdd3e8a5cf8add4e81021f494d7efd63607a3c8ea0e24b653b1d7beaa785b6114cc5acda2a38f33403a3911784ce518905fd2a3bf1ea2121b4a4f6c67692772,CLEAR,"DARKNESS, LIGHTED ROAD",DRY,IMPROPER LANE USAGE,1.0,32.0,1.0,1.0
0fdd66bfb326eb2c1f246c945e764c2577491f99a010db9f01d018a5d181b8c0a0dba994faf4baecf13b7026a5286afc65ab6406a203ea1d858984b0342bf68d,CLEAR,"DARKNESS, LIGHTED ROAD",DRY,FOLLOWING TOO CLOSELY,2.0,41.5,2.0,2.0
0fdd7b2c4e1c509ac04c28165b310b4b1b55face3dc4891271a2dfb7a64ee00356cb015cb0b323c936f5037fca911481481f1b93f51096f89ceb589ac0150c96,CLEAR,"DARKNESS, LIGHTED ROAD",DRY,IMPROPER LANE USAGE,2.0,75.0,3.0,3.0
0fdd7f459d660af0d18a7645bd302c968f38c5459a4258b521907e0fcc26c0e4f570965d8a4cf30cd8993d8be997d9527237965dd27c971717c4b551be591c04,CLEAR,DAYLIGHT,DRY,IMPROPER BACKING,2.0,37.5,1.0,1.0
0fdda3ab1987e2e602ddb4305ddca037299dab40eab0cac0e61135dc483db12a43dd948edf61b6b6d315af9318afe78d6d106f49fca260d1086fe00297e9b41b,CLEAR,DAYLIGHT,DRY,EQUIPMENT - VEHICLE CONDITION,2.0,50.0,2.0,2.0
0fddcdbf522313993f77564ea660d4edde729b0b24c6b5cb420fcc2bbc66c33b8db41db78242682810847763bbd197b4eecd5a90247c363bce8d9e240240e93b,CLEAR,DAYLIGHT,DRY,DRIVING SKILLS/KNOWLEDGE/EXPERIENCE,1.0,31.0,1.0,1.0
0fdddec941c6fe4321822ad51dc32b7d1b4de299599d05d1386b03405b34a9be4b9fce08d56daaf6104665a21ebd4d2355a8115014fe204b05ba49003b1e6c0c,CLEAR,"DARKNESS, LIGHTED ROAD",DRY,IMPROPER OVERTAKING/PASSING,2.0,57.5,2.0,2.0
0fde07be381c6ba8e9d32ba35d8cee4242830f599d757e85ebd09db9ed3fdccd573f2f3ef25bf5d63020533d3f3882a3d11b66da00c10e94d15f44a25293f239,CLEAR,"DARKNESS, LIGHTED ROAD",DRY,"OPERATING VEHICLE IN ERRATIC, RECKLESS, CARELESS, NEGLIGENT OR AGGRESSIVE MANNER",2.0,26.5,3.0,3.0