crash_record_id,weather_condition,lighting_condition,roadway_surface_cond,prim_contributory_cause,total_vehicles,avg_driver_age,total_people,total_injured
0fde11c7f5c8a5d2a1b458ff9e0f658c7350696b1387853169e04fc424da7a05b15918a6559fca7dd07ca85374d6d86e6775261f8354c08a375ea3a9fd317959,CLEAR,DAYLIGHT,DRY,FAILING TO REDUCE SPEED TO AVOID CRASH,2.0,26.75,4.0,4.0
0fde16bfc1699151be179d15270ff4a3c25bd0f4f2cd37aa4b96f4d790520d90d1fdf534b37950ddcfdc24e25bdd7fc117e02d7565ca4666a264f32849e45bed,CLOUDY/OVERCAST,DAYLIGHT,WET,FAILING TO REDUCE SPEED TO AVOID CRASH,2.0,36.5,2.0,2.0
0fde1c7a657c17c85cc4d4456c3bf09ff1601a33612110321d2335de88bf1a12c5c1ef556333f3d09b187f91aeb84d40cfa62576a4f8a6ab17c71cfb4b39525e,CLEAR,DAYLIGHT,DRY,DISREGARDING STOP SIGN,2.0,23.5,2.0,2.0
0fde3f26befbf734b8757a125693f9a6a1109aaff4edbdef8f0d641aee3e1c9446faba21d65b097ca3656909dd35ca0dfb3a14ae36df61d5d18499b6e78b67a1,CLEAR,"DARKNESS, LIGHTED ROAD",DRY,EQUIPMENT - VEHICLE CONDITION,3.0,28.0,1.0,1.0
0fde81f627f876ef9a00fff180667344bf562d371774ea45471afc9ad4cf4604eee1fb6badd0e26b58523695abc4f3cfd4f7380065d23ace4721c26e1b184d8d,RAIN,DAYLIGHT,WET,FOLLOWING TOO CLOSELY,2.0,52.5,2.0,2.0
0fde933fe9cf262f2133cd85b3876563b50b1c4855a13d6c96ed87871aaed4407e0a2c782f296c945d09449f3d497ef9963c1b07f6f9f258cdd6d22520e36abe,CLEAR,DAYLIGHT,DRY,DRIVING SKILLS/KNOWLEDGE/EXPERIENCE,2.0,38.0,2.0,2.0
0fde9e91288e58470e9629b55f3e779de5f900370b7a772e8dff0a80debd1f1458bbac716d349e1ec1f7a75f96480c51e5301401823aecdf5d27b689ee7475ea,CLEAR,DAYLIGHT,DRY,FAILING TO REDUCE SPEED TO AVOID CRASH,1.0,36.0,2.0,2.0
0fdea422b45a33301a4ffef1f32b7142d70f3cdb90128606a31d5f418085fd0f4c47776d6219c5b700acb733d40f9d4f913badbf71c25b27435aa34c04fd20cf,CLEAR,DAYLIGHT,DRY,IMPROPER TURNING/NO SIGNAL,2.0,60.0,2.0,2.0
0fdf06b139e1de7c11313de7e4a2df1b04868c10cffd21eb589814f8a9d3851b0aa1494f5a468f46cded310c06f719c2bea0c9b385596078ae27b9cb24447fb8,CLEAR,DAYLIGHT,DRY,FAILING TO YIELD RIGHT-OF-WAY,2.0,59.5,2.0,2.0
0fdf21b412b5ddde85c54c4bd2e314f2ee59489d1ab6f0a649ee0982742f7cf92af4b7407de27ef4c5d928fe6d45adb70ad55a5a3386de4e017080002b880118,CLEAR,"DARKNESS, LIGHTED ROAD",DRY,FAILING TO YIELD RIGHT-OF-WAY,2.0,28.333333333333332,3.0,3.0
0fdf439ca86da03488e088ca7511c6b43cf54bb0f5b6be336e327f68b5e9b01ced8eb288330250aded3eabdb019b7bf9bb889a33dfdfffb2cd788b0b7a2c430c,CLEAR,"DARKNESS, LIGHTED ROAD",DRY,FAILING TO YIELD RIGHT-OF-WAY,4.0,32.666666666666664,4.0,4.0
0fdf4b9ac2d48032e0662d344990ce2b1fea6948f2ab0821ceccb38a5ac401aa8f1d115181511cdead0c5a946f4d6dc7388a39026c6832688be64c84228aeb52,CLEAR,DAYLIGHT,DRY,FAILING TO YIELD RIGHT-OF-WAY,2.0,50.0,2.0,2.0
0fdf79fc9ca57b10f06bea5c1af121736614e1884f6835b75e722761dcc0c3b9a918eaaf616c4baaa773ad4f1bdcc29ab39c1d1c3f7d982ca956a9d2e12b0ceb,CLEAR,DAYLIGHT,DRY,FAILING TO YIELD RIGHT-OF-WAY,2.0,36.0,2.0,2.0
0fdfa0eb3673db4aec804becf1e3012e2a68958c5f80e646cb8b4377dd27c6eb14b6ee91ddae956e05bbd37ef8bdeb4906e4d8236d87b154dbe21112f483d238,SNOW,DAYLIGHT,SNOW OR SLUSH,WEATHER,1.0,51.0,1.0,1.0
0fdff3da751a12bcbde2f85b06eb7fd694572491bacb9d08a68b7e02b8e80649377075ee8a3a6386dad3d377f3973c32c1804666ccc29bd25a6c0808e556fc55,SNOW,DAYLIGHT,SNOW OR SLUSH,WEATHER,2.0,44.5,2.0,2.0
0fdff9fb5ce8862758636346cc67980a2af133d4872e7118eafb1b41e255f3471aca3fe04dee18fcd396376f3825b91033234d0af63e2303edd7cc100b2eacca,CLEAR,DAYLIGHT,DRY,IMPROPER OVERTAKING/PASSING,2.0,40.666666666666664,4.0,4.0
0fe00ba383126a05c2be33ecb3c8bbfbb801b72bef309c3561eac77fb86b65cd5e08820af09934b792d5829a02396567925a71948e7ce36fc6c1b9afb01f29b8,CLEAR,DAYLIGHT,DRY,IMPROPER TURNING/NO SIGNAL,2.0,37.5,1.0,1.0
0fe021fb02e310bc4822a0c676d1f169268542a875cfdeec0a9ceaab990b26a57b8d9059a7540ecf36ff812f608bdf38aba1e297066655e7813fee4c99b0fd8b,CLEAR,DAYLIGHT,DRY,FAILING TO YIELD RIGHT-OF-WAY,2.0,52.5,2.0,2.0
0fe03c166e8d936b29679b102021603a5963b8cf2bb0d0a02e0948f2aae5eb8678ec3c0dee6ee120ff5191ecfff716620f7573f6d6f993c876dd4b53498c788d,RAIN,DAYLIGHT,WET,DRIVING SKILLS/KNOWLEDGE/EXPERIENCE,2.0,53.0,2.0,2.0
0fe0639f2ab3bebe17c69f35bc24712bd71e1e1e521d4c96c2a1fa71a1d3c4284f1b880ec051fd7ccb865dc55fd085528c36573367c9844cd952f4ab85004ecf,CLEAR,DAYLIGHT,DRY,IMPROPER LANE USAGE,2.0,34.0,2.0,2.0
0fe06e7acfa9e1f4e426a3dabbd42155d40c305fa32adc965996e96af06673714bee5a3ce3ee7c0915c411a16dc2a03a1e9c786273663de3d606cf15f664cc33,CLEAR,DAYLIGHT,DRY,FOLLOWING TOO CLOSELY,2.0,38.0,2.0,2.0
0fe0810a1e93dc0d2aba449ddfcafc9df47e3c54f9e4dde88dc386a92a8e14d57115315df919b497992451faf5813e8c9aa59f72c4f1345b41dd84649336f951,CLOUDY/OVERCAST,DAYLIGHT,"SAND, MUD, DIRT",FAILING TO REDUCE SPEED TO AVOID CRASH,2.0,31.0,4.0,4.0
0fe099661558cc331558d6e3b894cdd28ca44df5ffb8b352857c7852fd6783e5ce7e9d928cba1d022ddf0d87d6459e4bc1f07729a91557667ea749e7164a17a9,CLEAR,"DARKNESS, LIGHTED ROAD",DRY,FOLLOWING TOO CLOSELY,2.0,22.0,2.0,2.0
0fe09fc7ef4e23bb449615ad8637889424e8ef3c78dccf06ef834a81436bd125ada63f44295b0fd2b6c9e65d9711d7c1c2ca07f47642d4fea3c858f772ef639a,CLEAR,DAYLIGHT,DRY,IMPROPER TURNING/NO SIGNAL,2.0,42.5,2.0,2.0
0fe0f3706e44572bd173fa97bc2def9c0745e2cee5eb5dd97b303f6f4ce7cceb781d01edc97d5d55202095ce540567c035743ac40e119dabb67f17e91934d1e7,CLEAR,DAYLIGHT,DRY,FAILING TO YIELD RIGHT-OF-WAY,2.0,44.0,2.0,2.0
0fe104d27a7a1afa9cc20c9f086779ca742d58b3fa88249fde9c6bccc28946637f94bf6a045492cde420d3001295ff4fa6ad21618ac98cb118ad3e9f8a5036df,FOG/SMOKE/HAZE,"DARKNESS, LIGHTED ROAD",WET,WEATHER,1.0,22.0,2.0,2.0
0fe13194c5fa2a3f095aec5597f52c03831b481553ae0935b23491f35dfc6550f90cc2de75d6f6ff60d7b5546bec56ab636bc79d0359c11900b31c483eb8350b,CLEAR,"DARKNESS, LIGHTED ROAD",DRY,IMPROPER LANE USAGE,2.0,33.0,2.0,2.0
0fe135548ed64c700d8f254508e0ad45a588aee22ffbb5d6d528c877d23947a39f7aa16e2c7f7b20f1f0c8417c1c7faf85aeb8e4118e5c1d8f2e0bcb1122718d,RAIN,DAYLIGHT,WET,FAILING TO YIELD RIGHT-OF-WAY,2.0,45.5,2.0,2.0
0fe13d4d1481efa1e437125a190f3bb34f358ebd2212842f34554e41bfc83b85391958655772133969d0777798f7bcb4a383d14f8051cbf86e7ceec4d1b9097f,CLEAR,DAYLIGHT,DRY,DISTRACTION - FROM INSIDE VEHICLE,2.0,45.666666666666664,3.0,3.0
0fe13eebbe06d4be40adbb115b2b7da6a8a2eed34d6ee6b25f68964d785e73259fdfcc4c73b0ce1a369d4049de42c939c71d05737c96b57e159ec0f181893b26,CLEAR,DAYLIGHT,DRY,FOLLOWING TOO CLOSELY,2.0,59.0,2.0,2.0
0fe143f69d100c173f67c2424d44672135483afff7e67b56fc2455d8742c34081c103b584a2fd96ef27abfb3446919f199891023edca8df6cbc95dad4a65a158,CLOUDY/OVERCAST,DAYLIGHT,DRY,IMPROPER BACKING,2.0,62.0,2.0,2.0
0fe167707e2d2eaa27a0a003f9faf4584252663cab23b070dfcecac205ab2e87653c23e20bbe6ccd88f2caf9e0566ecad2d471cb03a1aedf4bd531e76c96c826,CLEAR,DAWN,DRY,FAILING TO REDUCE SPEED TO AVOID CRASH,2.0,32.5,2.0,2.0
0fe181c3fbc458282cc2a6005c564182ed0a9259e42c1cd72937529c8a09c71df8108d243bcc395f014bded1ea0275dfca658f462a6e8364c7860a2930c57f70,CLEAR,DAYLIGHT,DRY,FOLLOWING TOO CLOSELY,2.0,64.0,2.0,2.0
0fe18a045d6165914859ebb56379a8debfd33ebd8f67340ca07828744ee54c0c5c6a73a0f4413a07eb1147d07eea55fa529dcb861f7428877b575015a5765936,RAIN,DAYLIGHT,WET,IMPROPER OVERTAKING/PASSING,2.0,58.0,2.0,2.0
0fe1aaa55873f01c89519245b89328fdf3548be01f6f594bad480ecdc0f5c304bd62309846e62b79e35ce003f89f08d110f07709e0013072a874995cba2b3699,RAIN,DAYLIGHT,WET,IMPROPER OVERTAKING/PASSING,2.0,39.0,4.0,4.0
0fe1e3b992a53f2f95b8e71ea24ce2716223df8305dcc0de47015e3f81f7a323af4b026e69770a1898b04853c42f7cfdd0e004173ef955c9f19595b90dc27a75,CLEAR,DARKNESS,DRY,"OPERATING VEHICLE IN ERRATIC, RECKLESS, CARELESS, NEGLIGENT OR AGGRESSIVE MANNER",3.0,37.5,1.0,1.0
0fe22e54c001663c0d4d5f795a7bbe09421310ea9c46b0c86a028b382891a778209e6cc3d64340a9a585fd226388e9b3b21454cbbc14e21637d028c7b4a06389,CLEAR,DAYLIGHT,DRY,DRIVING ON WRONG SIDE/WRONG WAY,2.0,35.5,2.0,2.0
0fe23f40b169518dd394a49abba31f518f7b08073b09d472f318fe5092593681e97381731c7bd25fc3d71a5a9cc31533d9cd4f1644ffe31a218486f16121934e,CLEAR,DAWN,DRY,FAILING TO REDUCE SPEED TO AVOID CRASH,2.0,51.0,4.0,4.0
0fe2508a46def55f9c45131d795dbeb4cf96bf97ea0bee7958b1f5f967f60d5b22a36225d491be9aa13dd77fb0e02bed7365faecc43447d37fc9a1ccb9c2625f,CLEAR,DAYLIGHT,DRY,FAILING TO YIELD RIGHT-OF-WAY,2.0,34.8,6.0,6.0
0fe27a8d95fb90582b6295a149709049ce34e2b428602ed7d535697b03074c4ab383951451d07c07835dc1afe21b01ba03e9bfd353f0b3df4b85c231c0e6b501,CLEAR,DAYLIGHT,DRY,IMPROPER OVERTAKING/PASSING,3.0,35.8,5.0,5.0
0fe2811afb79e8c825fc10c005eecec8f3f0c45824576e62389bdae55e2ff67c3f98efd12326df6565b8b23fee1b8805e687309b0acc40f04f84290241eab8ae,CLEAR,DUSK,DRY,FOLLOWING TOO CLOSELY,2.0,39.5,2.0,2.0
0fe29635bc1944da8688bc2fc488bcf9651339d70562f28eaea1cadc9da2381873089e4f434c57292d839073da68d243ce89bee91122893ce8ae7cab60c4efd2,CLEAR,DAYLIGHT,DRY,FOLLOWING TOO CLOSELY,2.0,40.5,2.0,2.0
0fe2cb820df3f2eaf3fa7d76462f335311ad8fc9749f7d53864afd7b615c6066bb8d6979b4a5eb156b7f8eab0156035221fe7086548812a92ac990286c1fd968,CLEAR,DAYLIGHT,DRY,IMPROPER OVERTAKING/PASSING,2.0,44.5,3.0,3.0
0fe2ded9ed6d40f9d80938272fb41b56c2496a34b6f14645c76cb7f2dc049ff899a2785499d9c2d08f54d5efa6f64bebc9f25f1542b82d01fb7efe6203763537,CLEAR,DUSK,DRY,IMPROPER BACKING,2.0,49.0,2.0,2.0
0fe2ef3c84cf98cf11b2d9122330396845e3791476b00514fea8a9fd1eadc7dae7b3a2a371d835942ccbe1655a99875e384ccd38b4ef73c6f6af07450d2fdfe1,CLEAR,DAYLIGHT,DRY,DISREGARDING STOP SIGN,2.0,39.0,2.0,2.0
0fe3033b61b865adb677622a1c356c012b3c1c5ea987171f1361d4de963037c38dbbfb05e911d743eb9d6fa2bdfde7acc62578f1a3de3a887121722505ef0fb1,CLEAR,"DARKNESS, LIGHTED ROAD",DRY,UNDER THE INFLUENCE OF ALCOHOL/DRUGS (USE WHEN ARREST IS EFFECTED),1.0,54.0,1.0,1.0
0fe318b3879544198029d6ca43295ea52fa204c9906c6db42483ad5c30174e70ebead0c47da6c18fd5d1ddc6e55e34368cd57fbb326280fa7227a790550fab62,CLEAR,"DARKNESS, LIGHTED ROAD",DRY,IMPROPER TURNING/NO SIGNAL,2.0,42.0,4.0,4.0
0fe31e7cf868b27b7e57adb33fa31d4b850de21a851c37deb624c275a7694b986f57e7d702360bdb7a993c66f8d595767bba2c4c17fe29ef1134fac287f1a9c0,CLEAR,DAYLIGHT,DRY,FAILING TO YIELD RIGHT-OF-WAY,2.0,22.0,2.0,2.0
0fe34309d9c5a1d5875b25b819dd56c19d2449090f20466f75ea80f902edf82c5af35611ebe08fe7c4ae4acb4c8af132ec39957d309ef16423528fc5f72f90de,CLEAR,DAYLIGHT,DRY,IMPROPER LANE USAGE,2.0,31.0,2.0,2.0
0fe37b8049d47e1c18124cc54b66ca53cbe6e1e5776a609705eadc26b720083bb923cb3b0d80d0489c1921c7a069198d631e676c776c0478581b25b6cbed605d,CLEAR,"DARKNESS, LIGHTED ROAD",DRY,DRIVING SKILLS/KNOWLEDGE/EXPERIENCE,2.0,37.5,2.0,2.0
0fe3b3078485e07ddc4048ac93611fe8be7e293b8a2176866c3f5ae78d15f4c8fdb804aa93c0a5a43bfa2d8db9078e21a619c87cfa0a50a77c70256536f18214,CLEAR,DAYLIGHT,DRY,IMPROPER LANE USAGE,2.0,21.0,2.0,2.0
0fe3b63acbc5588736c9b41e49624b0814f636cc2983ca863df0a001d36484568a29b3b0b4db1a1bfb913fc78719564ac568a5d9759f3c4bb2441a4aa31f407b,CLEAR,DAYLIGHT,DRY,IMPROPER OVERTAKING/PASSING,2.0,30.0,2.0,2.0
0fe3bf91928dad1005f26e5a939ce1dbae5b10599193ea5db2b53c18821620db5f9ac73d484cc4e7764efb49ca94d843d935479627db863c985a9b620182f2b4,CLEAR,DAYLIGHT,DRY,IMPROPER BACKING,2.0,61.0,2.0,2.0
0fe3dbd4a35b755efb02742747054f04e78c4c670c3c662a2d855facabecaf470761d09b542020c299426e802f83fb183d66df0e79ba8bc17fff0e6368b0b4b6,CLEAR,DAYLIGHT,DRY,FAILING TO YIELD RIGHT-OF-WAY,2.0,35.5,2.0,2.0
0fe3e720e96b9fe437149601e52e246c6391be94ca383afc2b2b8bc0427a026c3f3c9c2e0f21f0cf2851ff616d295e1cbb06055eb9ee577334841bcc121d170f,CLEAR,DAYLIGHT,DRY,DISREGARDING STOP SIGN,2.0,40.5,3.0,3.0
0fe46fbd52086ed83a33924979849fc41299291d89e9dd6e8d04ba2579bfd4f435fcf75baf712ffb7c235370ae7f163ad4e1323cf480ee9312ccb0f4c9155259,CLEAR,DAYLIGHT,DRY,FAILING TO REDUCE SPEED TO AVOID CRASH,1.0,20.5,3.0,3.0
0fe49be25817bcd8a75ea5c455b72bf44f966a020f7a850c6530f6bf9b496c7a51025836d88126b764ac913d63c860b4f7fcd2eb2635057cd41cfaccd2d5d855,CLEAR,DAYLIGHT,DRY,IMPROPER LANE USAGE,2.0,37.5,2.0,2.0
0fe4ae0b3e8fda96ef43b0fafe17d862ca3bdf95bc668e0ca7a0aa505411d50945dd5d317bc741c10083f7f32e0bed4322667d7fd86f925db516b2b0780befb5,CLEAR,DAYLIGHT,DRY,IMPROPER OVERTAKING/PASSING,2.0,36.5,2.0,2.0
0fe4d221012cbbc41b5817ad3454a4598135e02fe775835c191eed79c56843f63aa350dfff401ad10bf885a5729c4ab6227d3c6c3d8d8f3b9d85ba47a89431fa,CLEAR,DAYLIGHT,DRY,IMPROPER OVERTAKING/PASSING,2.0,48.0,2.0,2.0
0fe4de4cf7d67cf895fcb1c56131a915df62b735e400ea5a85b3a6bb3d42db0eabd47ade4a8b5941fa56daf536e4d93e631577f638b15f37332e218abad645cb,CLEAR,DAYLIGHT,DRY,DISREGARDING TRAFFIC SIGNALS,2.0,31.666666666666668,3.0,3.0
0fe4f35e950d67b8182eb91ac51a7042a37a32513200ace5bac0395c0367a0718430c03880e85f02c2f9ba0faef86d4258d0ecc8447c72c2bc8a57fd80afbc9b,CLEAR,DAYLIGHT,WET,IMPROPER OVERTAKING/PASSING,2.0,39.5,2.0,2.0
0fe4f73aa2b4163f2ee936e003452a88617f713fdbfb92d67b36fdce90c0e04fbcdb32dc78649e99cbb95edb309eccfb4a28c6e5c4bba5eaf1c668d39449bff9,CLEAR,DAYLIGHT,DRY,EQUIPMENT - VEHICLE CONDITION,2.0,42.5,2.0,2.0
0fe4f900598deade2bd9e2d2282fd0f83afc1e4dbb7da89dbb7bded439c285feed189bfe248fdb5b9cd64862585931e8f5b63352d9d0b9c52176a3d62a8b4637,CLEAR,"DARKNESS, LIGHTED ROAD",DRY,FAILING TO YIELD RIGHT-OF-WAY,2.0,22.75,4.0,4.0
0fe4fa070773b25078fe96c4bdfbdae14bc33576ec65d772e87dcff9a638b5708b43fd81d4f4e98b16df6cbe32e3caffc368acfe9e05cbdd5fe4416e38641204,CLEAR,DAYLIGHT,DRY,IMPROPER TURNING/NO SIGNAL,2.0,42.0,4.0,4.0
0fe524a3a50d49f603b9843d1fc1986bb8eaa99e43dfd9c692fe7c4cb35ec2c44118eb2bdc2349d01f8ae3f0cc70c61dd2ceecd99a6549330df0d7484f4d57f4,CLEAR,DAYLIGHT,DRY,FOLLOWING TOO CLOSELY,2.0,37.0,5.0,5.0
0fe52c2aa5075632b082f9237b61035bb7526d0fc551b8a27a7d46184e395b45546b8cca15b1ae5f42d8defb92746d749693b2ac6290a3fd999d9535199956a1,OTHER,DAYLIGHT,DRY,FAILING TO YIELD RIGHT-OF-WAY,2.0,25.5,2.0,2.0
0fe52ffbab0538e922cd515c1fcee0105cf3afcf2ca15b4a8d9d1166b03fc9d10dd6494c73aba157a548b03137fead0f262405d6454efc60f7d004f763727068,CLOUDY/OVERCAST,"DARKNESS, LIGHTED ROAD",DRY,FAILING TO YIELD RIGHT-OF-WAY,2.0,20.333333333333332,3.0,3.0
0fe58f182d57b209772313e3aa8debf543a7e409467c19303947f0a66a5a1f91cec1c2fa338b4b20e6398773d31ea33107bc74b7ffbad041547ca2b7a067076e,SNOW,"DARKNESS, LIGHTED ROAD",WET,FOLLOWING TOO CLOSELY,2.0,23.0,2.0,2.0
0fe5a2bb0bb0e368ce1c5dc7c99b28cdaf0ebfc4564a5ad19e2b7683809be6c7c797c8fbe7ed82338fb2ab53500dbb4d988aa8c0774bfc882ca5331ddb75b1d0,CLEAR,DAYLIGHT,DRY,EQUIPMENT - VEHICLE CONDITION,1.0,31.0,1.0,1.0
0fe5dc1912b2ff4f621a848ba6f6854dc17656edeaac9d8fe51d5224b3288b7dd350e95f4f87e75a69582cd51c0f2025852ec2acecd67aa90c013d03babb6272,CLEAR,DAYLIGHT,DRY,IMPROPER OVERTAKING/PASSING,2.0,46.5,2.0,2.0
0fe5e11438c2684b8c879234222f9f737cfb3b6857e00bec0f5971585596e94939a9e2710a3191fab5631a06f9650c9226d153f82ba86d0497a69a3ebf86869b,RAIN,DAYLIGHT,WET,FOLLOWING TOO CLOSELY,3.0,49.0,3.0,3.0
0fe5e174ba239946ec8b30a234e6e069d8f71b7fefd3af03f6e45261b165fe7866cd8c708cd104ab7dcbb4435a84fd0aa2c1c775b33e7234446daf7ac287ce48,CLEAR,"DARKNESS, LIGHTED ROAD",DRY,FAILING TO YIELD RIGHT-OF-WAY,2.0,42.5,2.0,2.0
0fe6247be6107f2e3ffdcd70f7762f86b4ec1505edeb4ef6f7fcd312439b7899243628fda6526b905f0a7c8aa8aa9b0836ec7ae68a1c7960b3550390c112b3fc,CLEAR,DAYLIGHT,DRY,FAILING TO YIELD RIGHT-OF-WAY,2.0,26.0,2.0,2.0
0fe6418160c346db3e56b9101db81ce3b81334fedacf1318ae7ee42c29cc5ac6513492e86475066c7d3e161162079cb2351166dbf9264bf48932595a71040872,CLEAR,DAYLIGHT,DRY,FAILING TO YIELD RIGHT-OF-WAY,2.0,68.0,2.0,2.0
0fe6b63f3a8eaa3fbb6a124edc20e304025583d9d6dbee19f446af45e12b8f347768092437c368021264ae5002a5dbf93805b0c1292cd73a7227b1b0b496e379,CLEAR,DAYLIGHT,WET,DISREGARDING STOP SIGN,2.0,69.0,2.0,2.0
0fe6d375eea9df1279b5f8a0f703689ba90cfa5d4e4f10a07205f565c7b4ae58ec7d090bf3208cbe4f20c7c23fa6b5cd2a1950bcf380ec39e55f5692facf715d,RAIN,"DARKNESS, LIGHTED ROAD",WET,IMPROPER BACKING,2.0,30.5,2.0,2.0
0fe6ec3da6e0e36a0f80646a9b4988253b556c32fb54bb2325f7a1ca0089299ef3a03a8132d7ee49c4d2f6311f7eef3de12f94422976a8b4c6ac5a8ffb3950f6,CLEAR,DAYLIGHT,OTHER,DRIVING SKILLS/KNOWLEDGE/EXPERIENCE,2.0,42.0,1.0,1.0
0fe6ee2844aae3cd19cfd166690804374e21179c9f0671f8d71123f58e0b70ac7fd37292e255dd1995d65bdb3e0e34621fb1a2d87446e0f9f2a4d91c9a297d06,CLEAR,"DARKNESS, LIGHTED ROAD",DRY,IMPROPER TURNING/NO SIGNAL,2.0,43.0,2.0,2.0
0fe70769f4f520ab0c44600b2e459625909c98581b721df12faaa16448017ebf42c0e02c90beea8be0a987e5141b259aea96dfddf9097a60ea207cb52fdfedb6,CLEAR,"DARKNESS, LIGHTED ROAD",DRY,IMPROPER LANE USAGE,2.0,23.0,2.0,2.0
0fe737a72d25a23510c0184958968ddc492f85cfc5e76b4e382cf8df40b1d768cbf002f59bd0cd3f33f90cd93b276a774b2fcc530ad74d46ad7ad7a06c31129a,CLEAR,DAYLIGHT,DRY,IMPROPER BACKING,2.0,63.0,1.0,1.0
0fe73b89db81c028a6cf906ed1c88b873dabd69ae6bfa4f6f3eaadba0222a036519dc23a88bb1256e99e314309be80c0c11de99bdea0a666e59c3580b0194c12,CLEAR,DAYLIGHT,DRY,DRIVING SKILLS/KNOWLEDGE/EXPERIENCE,2.0,27.333333333333332,3.0,3.0
0fe74b2c718fcdeba3307965fcf6e79ee7494c4d09219fad4f0cb90a8a7dae188c72c2754e021ae6a102131e6899bbbd060e68536b939b06cd39b95ce2327b8f,CLEAR,DAYLIGHT,DRY,UNDER THE INFLUENCE OF ALCOHOL/DRUGS (USE WHEN ARREST IS EFFECTED),3.0,44.75,4.0,4.0
0fe76db668f1df570604f2c60a2685d406ae582d49e0279aec4671aadeb20a31185d7a3a9dbbbf53b3af1274dfbf2f75d5b8bbf1cf855dac8bc43270e9039026,CLEAR,DAYLIGHT,DRY,FAILING TO YIELD RIGHT-OF-WAY,2.0,31.0,2.0,2.0
0fe7705cd8fbc3996a6525b9bea06f1d6b2772caabb4a2d3350dcdb9baa0444946973a1a7db9cc12b916b81cd4d58a545b9861e8d14bc39ef1554ff879dec678,SNOW,DAYLIGHT,SNOW OR SLUSH,ROAD CONSTRUCTION/MAINTENANCE,2.0,53.0,2.0,2.0
0fe79838ec67d7d8b377a6860f276c380b851263e44ccf852dc1f26e7b24b874df4579e44c2edc1845140eff04e28f708490c0e2dc775b1409436624a9b09dd0,SNOW,"DARKNESS, LIGHTED ROAD",SNOW OR SLUSH,IMPROPER TURNING/NO SIGNAL,2.0,23.5,2.0,2.0
0fe79e56c6584d5a88f2aee2fa85861cde857241ed6c02d1103a18916d9d13d1d7158cff23a03e2c1039f867127825e70c2ddd3eea91bb77d86d36993a6732a6,CLEAR,DAYLIGHT,DRY,FAILING TO YIELD RIGHT-OF-WAY,2.0,35.0,3.0,3.0
0fe7c6338a333e71bb2e9cd44733feabd0cec6d65484c3f04004e77edd3685ad5d5835bbae62eeb604f4ede8e4e5bc26b453ca0ec73846b1c37e759b79315488,CLEAR,DAYLIGHT,DRY,FOLLOWING TOO CLOSELY,2.0,49.5,2.0,2.0
0fe7f55aab5999da4c34f6ebb1f75cdd78711b227b9897833b9578e37a1b83a53e87241b881c3a1302a9e0ef6f57d10eab91f057c9f70a942821e51d868b7449,CLEAR,DAYLIGHT,UNKNOWN,FOLLOWING TOO CLOSELY,2.0,24.5,2.0,2.0
0fe83b5f2ea5e4505dffff7c3f591909623c987b5fa476f128f46f846e14e530b04bd08b6816f88adb1633535081156c27b84ed447e49da345e30e7b50126f6f,RAIN,DAYLIGHT,WET,IMPROPER TURNING/NO SIGNAL,2.0,38.5,2.0,2.0
0fe8841f08c249bbb6bc10779be7dc1f9d38f05cb0323d4b8d54f13ca3ef029a235f264c5af8e5e50e65c2d3c0f655e3ab609bdd8844a0c9a42b40ca9e04db7b,CLEAR,"DARKNESS, LIGHTED ROAD",DRY,IMPROPER OVERTAKING/PASSING,2.0,35.0,2.0,2.0
0fe88b89ead8aa0026866ff7af82e5c8ee66cc5854d63ec8bdeae0d0b397f0b5cbef1031fc45292ee73c9d5647f4e1fedab9f7013b4fb76c09c3017dc500ef30,CLEAR,DAYLIGHT,DRY,IMPROPER OVERTAKING/PASSING,2.0,27.0,5.0,5.0
0fe8b69620225b24d7fb9de3893af823ec2e8eaccc4f0a4c1be420c611775e43adf4cdedf250ee03621d8a3f9a05f80cca2c31e60112f43b75fd5ad8bac5cccc,CLEAR,"DARKNESS, LIGHTED ROAD",DRY,DISREGARDING STOP SIGN,2.0,18.5,2.0,2.0
0fe8c09093feeb2a347479f51f92ce9c8871c269c880a5bb5b5a921b945b2a642f19a24005ad8c6c5f183dcadf88913fc60b413b4121cc557206690c3cd61c43,CLEAR,DAYLIGHT,DRY,FOLLOWING TOO CLOSELY,2.0,37.5,2.0,2.0
0fe8c8d18d00320f66c69c2c82fda3911ed471f6abab6e2f7221af5b370109068b27031f594e54c7d16ccd4362e0acc13c1229f6e9ca3f0d5d1daebef89ba8d5,CLOUDY/OVERCAST,DAYLIGHT,DRY,"VISION OBSCURED (SIGNS, TREE LIMBS, BUILDINGS, ETC.)",1.0,49.0,1.0,1.0
0fe8ebf381333542a9f018702c5043768cc865a46f96beb866dc0f2934fd515dc8282932608d3e166be3433608feb694c39f6f659bed7e80c916dd078daac1fb,RAIN,DAYLIGHT,WET,FAILING TO YIELD RIGHT-OF-WAY,2.0,27.0,2.0,2.0
0fe8ff554e925c05d51470c6643cde0507e413de8399317fce304caac333d789af171f282b54032229277e455de2787f117391801f5cc5c2e2bca501d86fbeb3,CLEAR,DAYLIGHT,DRY,FAILING TO YIELD RIGHT-OF-WAY,2.0,64.5,2.0,2.0