crash_record_id,weather_condition,lighting_condition,roadway_surface_cond,prim_contributory_cause,total_vehicles,avg_driver_age,total_people,total_injured
0fe93aa2c9c530064b37a54bf2fe602da82bb7a1174b6e0caa73b2adc83da10ede4ce40dfc04af305e231b195c7e48d055782e82307d7c71bbcfff6363c42531,UNKNOWN,DAYLIGHT,UNKNOWN,FOLLOWING TOO CLOSELY,2.0,37.5,2.0,2.0
0fe946f6757205ea57bcbe73e077cb7ef82abfa0eb653e983beaaf2ceefb780d427a216d570b521f8ff3c0963a0707adb340a412001b05c57fc2886380da802a,CLEAR,"DARKNESS, LIGHTED ROAD",UNKNOWN,FAILING TO YIELD RIGHT-OF-WAY,2.0,40.666666666666664,3.0,3.0
0fe971c53c324f19f73713443b16a7a3e359da9a9e221c3b2cfd37f31c205ed022d805437282782e716ba85752c5a21f5524e672f013083f94103d073b780dd4,CLEAR,DUSK,DRY,"EVASIVE ACTION DUE TO ANIMAL, OBJECT, NONMOTORIST",2.0,61.0,2.0,2.0
0fe98507d6ca978d85c0bb38550cf9282759e0ec13e66b3e1859b217836417ad738f383fe2b90d35f472edf02136c83296a34f8eefcb62564bba7020a684904e,CLEAR,DAYLIGHT,DRY,IMPROPER TURNING/NO SIGNAL,2.0,55.5,2.0,2.0
0fe9a954eda712710c36071e74e24dcb8a67b80ec78c68270cd7d2b70166a8234ada882dd99489488dd3f20a9947d6a6ace543bbb3d1aa9c883f15a391c70211,CLEAR,DAYLIGHT,DRY,IMPROPER BACKING,2.0,20.5,3.0,3.0
0fe9b8a80d71893b1b7b74f34b1677760448ffe3b05f096c9e4d9c670ddd6acfcb83f51c19a9251d2146f2d47832641213c936642755e2baa887d1b05bb3ea18,RAIN,DAYLIGHT,WET,WEATHER,2.0,69.0,3.0,3.0
0fe9e1120bbc5b5b9514bd499c2b748c319ea018d5bd11a92dbca9daa684067cb5413f7a2b679f09a044490116d97d4d64da83e1fa3034636f9a519bdecb0cde,CLEAR,DAYLIGHT,DRY,IMPROPER TURNING/NO SIGNAL,2.0,21.5,2.0,2.0
0fea17573814e6166bc879266d655f32917df35f1c8951275b38d25faf261309ca4bd88d98c5de147b56534cadc742e6b9a8424017e69b79b15140790809a5b0,RAIN,"DARKNESS, LIGHTED ROAD",WET,FAILING TO REDUCE SPEED TO AVOID CRASH,2.0,31.0,3.0,3.0
0fea24d3c2072f356178f93a3499142cb1adbd0dd57767f297ed1670218b3dd9f012c51106397457f641f8b26062e3dfd8be767ce9474475b4675d23fdd7a417,CLEAR,DAYLIGHT,DRY,DRIVING SKILLS/KNOWLEDGE/EXPERIENCE,2.0,21.0,2.0,2.0
0fea69c9f3debf7504adf685cedb2e72b7f87451aad06206d295b4d884fdc2c96bd749d47dd65eaf9c1974af31e66bbd22316f708b69cc8b53806b2cadd814b3,CLEAR,DAYLIGHT,DRY,FAILING TO YIELD RIGHT-OF-WAY,1.0,16.0,3.0,3.0
0fea765a5458e4b3c16fc32caaabcad8bec4f442e39c857a090bed48af340b5725ee543865443cd2adc483c299aee9b412fca679c5673b7213a5c6aa0c5a68c7,CLEAR,"DARKNESS, LIGHTED ROAD",DRY,FAILING TO REDUCE SPEED TO AVOID CRASH,2.0,22.0,3.0,3.0
0fea8bda31214aa29568e215e298b38bf39fc581a34eaeaf72373010b90df19133704c24af64a5129b93eef99430ce24489ae63356dae0505ca3dde7ab3f8724,CLEAR,DAYLIGHT,DRY,DRIVING ON WRONG SIDE/WRONG WAY,2.0,35.0,3.0,3.0
0feabe1935d9c0593bf9bf0ebca912c697effdc619ccd92e6a99eae2d706ca93b20c2eb6ee5913f5c209b8e0d5ae589d5b56c26615f670358cceda34d50210c1,CLEAR,DAYLIGHT,DRY,FAILING TO YIELD RIGHT-OF-WAY,1.0,25.0,2.0,2.0
0feb67d3f469ecb6838836f181e73b9594b59bcdcde680ff3542a4c5ba303f879ba0795c74525d6360e985308246958aa1f62a0cc296ead257f94a985eee0094,CLEAR,DAYLIGHT,DRY,FAILING TO YIELD RIGHT-OF-WAY,2.0,33.0,2.0,2.0
0feb8f76abc9595c885c608393e77f2a001385057882912ebeed89dc1a80cc86020c65ba2feefb1417b2f06aead7d0bf958b0cadfbb489792eae84f3d45bfeb5,CLEAR,DAYLIGHT,DRY,DRIVING SKILLS/KNOWLEDGE/EXPERIENCE,2.0,34.5,2.0,2.0
0feba39f50bc4bffb1c2917728c124f35fa980b1e94700ff72939632408df520619743e3efe0e67ae4166fb7bc988549a5a6b50ce767ae481b92eca9172c45e9,CLEAR,"DARKNESS, LIGHTED ROAD",DRY,FAILING TO YIELD RIGHT-OF-WAY,2.0,33.0,2.0,2.0
0febb1c8f45e4bc9ef0f78284327f27502375f8d4bd9553b92f57cb522cb6d655af08d7fef28f2c2537200f4dd26baab083ca5d8afb31c0150a9e58d98f6f5c4,CLEAR,DAYLIGHT,DRY,IMPROPER OVERTAKING/PASSING,2.0,81.0,2.0,2.0
0febb5c71bae002f66f43b7e36a41e8032e5a37037adae6119c303f99c62ec72e46e8c37be695d54ef2feff99370a968bd61fe49e626dfdd485bc52af4e8205e,CLEAR,DAYLIGHT,DRY,IMPROPER LANE USAGE,2.0,47.0,3.0,3.0
0febb6285e8660f7a73ed4d80e6fabf50fac1e779fb2cbc3201f0a8d2a268bca719750209d3ddf76d77bb9befda542c5488b5fe62401d7029d9cad62ee7905a2,CLEAR,DAYLIGHT,DRY,FOLLOWING TOO CLOSELY,2.0,34.0,2.0,2.0
0febb681fa6e893100ca0d97cbf2fdd2857609cd5cdefd41ab944f8ccc1421f74ead41ea86f59f737c1a2f61eb4ba4075e7d1abc077b2deed3e0d27de5f299d8,CLEAR,DAYLIGHT,DRY,IMPROPER LANE USAGE,2.0,40.0,2.0,2.0
0fec1295acbb917981b36faa3d816c165359d0c52441bd4101ed7a836b1fc6757f478021c93d25115c7196e98e0bd330c37150e4efbb734300acd96b5cbcd46f,CLEAR,DAYLIGHT,DRY,DRIVING SKILLS/KNOWLEDGE/EXPERIENCE,1.0,56.0,1.0,1.0
0fec3dd078c3b4de57212d86b287a8248a38903f5545bd203538048b0eb97c52b49068886f025c143574007cb4931fc11c5dcec4d30971d3b18fb7683d866dae,CLEAR,DAYLIGHT,DRY,IMPROPER OVERTAKING/PASSING,2.0,37.5,1.0,1.0
0fec6f5c1b5c41c6da5b3748706c94374a104a0a44274c6bb34e3c38824afa0867172460b50b51d63311a3977db0ad1ffea4f0686ab18a379bfb694015842723,CLOUDY/OVERCAST,DAYLIGHT,DRY,FAILING TO YIELD RIGHT-OF-WAY,2.0,45.0,2.0,2.0
0fec92b54dc50249921088f27dd97e3f6943bf6379aff2df2e32411395172cf4b3b631bf3d7002526f1ec15a8b4a5894b1552ca0c8bfb2f69a6febce056d83a0,CLEAR,"DARKNESS, LIGHTED ROAD",DRY,IMPROPER OVERTAKING/PASSING,2.0,45.0,3.0,3.0
0feca69139e7f8a65d98c20fa8c19efdb847094dfc4f7afa4942e51fe2a7541f4f27665cca1d9b1d7076fa9b901e5b03ae5931a77ff5c2f4561fededfee848f5,CLEAR,DAYLIGHT,DRY,FAILING TO YIELD RIGHT-OF-WAY,2.0,38.0,2.0,2.0
0fecaa46f0092aadef273bda93c8933886052fd0a752cb893a3989341f58c653cce37344d3423d35ac4bbd36406412706bb7464915f9edeb1b91e4829b47f9b8,CLEAR,DAYLIGHT,DRY,FAILING TO REDUCE SPEED TO AVOID CRASH,1.0,29.0,2.0,2.0
0fecb0f9c6da45294fc4ea251dbb499708dfad6f65f562935ba2fd4550234bba6924e3b2a46fa1745b0a607b0f680e382e78216ea1e59db5dff4b57748830659,CLEAR,DAYLIGHT,DRY,IMPROPER TURNING/NO SIGNAL,2.0,34.0,2.0,2.0
0fecbabe1feffe5d30b51ea3d202d4bc5a2ef891be08de493ea8a656cb64eef3796a46ce2d9f1a521b6a310a0739105f4039e391f466433f4e6c0b5f403b7805,CLOUDY/OVERCAST,DAYLIGHT,DRY,DISREGARDING STOP SIGN,2.0,49.0,2.0,2.0
0fed030c9dcb3416d870ed0733213db599581f4183dc591e2092fbb89fb2b863ae3337c258726b1561aa4dc43c877e6fd5124c6ec5100eb036bc5040e15a5e97,CLEAR,DAYLIGHT,DRY,FOLLOWING TOO CLOSELY,2.0,66.0,3.0,3.0
0fed04acca51e7aa28e68b004c4364b2f61637a2fb359fbdca9a14cae070ca86f45a29ac58556676bca3f46cc9e2b1b89fa68c29f5101c4fceed99377d170002,CLEAR,"DARKNESS, LIGHTED ROAD",DRY,"VISION OBSCURED (SIGNS, TREE LIMBS, BUILDINGS, ETC.)",1.0,32.0,2.0,2.0
0fed3fd84ea708a923a42a5f152d01c8f649c863b9101abb074306bcc04a73f559de0170046c4134d628ad7d128abb3093a2fdcc4c2066bdaf6e7dee215d3f1c,CLEAR,DAYLIGHT,DRY,IMPROPER TURNING/NO SIGNAL,2.0,47.0,2.0,2.0
0fed57dfae34565dea90ba6cae15e8667c129b968f1f0946d95a1e7934b2c893692742be1161194cc0068d6829b4deb134ce9a176847afdb3aa7f04e99719493,CLEAR,DAYLIGHT,DRY,FOLLOWING TOO CLOSELY,2.0,42.0,2.0,2.0
0fed593a4bf2cf182df9893e178e5f383c87386fdef025095e214df88e205382aad027865dc692e33d7b5f30b0724b344a4e4b55087c85b997293785de310a71,CLEAR,DAYLIGHT,DRY,FAILING TO REDUCE SPEED TO AVOID CRASH,4.0,35.8,6.0,6.0
0fed9ee8bd56dfcf8c6647e4d2867c1afeb9459d1446159104e79b39256cff9b7481818d8b01ca679683d54fc961037c9f178ad63360469e630d361890cd346a,CLEAR,DAYLIGHT,DRY,IMPROPER TURNING/NO SIGNAL,2.0,46.0,2.0,2.0
0fedadfcad6ce496d8f8586f87e684b2fa11d9045429caec74edbbdc212ffac67125cc44919f8517b8a4c1b752a55233acff566aed15065b688c7f67c2bc441e,CLEAR,DAYLIGHT,DRY,FOLLOWING TOO CLOSELY,2.0,50.0,2.0,2.0
0fedbb40a611a92ac501702db94b3ad9a7b5ac2077af723a061ce906e1addc312298c15a369e033b151ce6852996127f97ddf4f7150a3787355e361a378cfd61,CLEAR,"DARKNESS, LIGHTED ROAD",DRY,FAILING TO YIELD RIGHT-OF-WAY,2.0,58.0,2.0,2.0
0fedd23e3f03a27435e8e042109353c53fdcc78314922b61a2c70cb9e181a665d960cf07d5a38ba3c3cb7723715dcab4388469d09db47891268485f15af5fc60,CLEAR,DAYLIGHT,DRY,TURNING RIGHT ON RED,1.0,58.0,2.0,2.0
0fedf2c80762cb488f121bb7725623e70454c64712166937deb114744cf3b895f8f92e0b661315152f8586d1a032ac41460cf5977615e5123f48e1facef26f56,CLEAR,DAYLIGHT,DRY,TEXTING,2.0,40.0,2.0,2.0
0fee117dd07458e98c6524b6b97db1335b4cb9c57c18fc7a50af25b9c4df576178d6b2e9bdcb137dc00feeca699b9794cbdfc2bb6e3a0348250dbc5eca3382b3,CLEAR,DAYLIGHT,DRY,FAILING TO YIELD RIGHT-OF-WAY,2.0,28.0,2.0,2.0
0fee268c0d8ac5b46d2490c735399546bcce77cbc16e900681fa04be158a256cf816eb1bb3632885d7d35c4ab738824decc68612a1b8823f9dfba0bc993534e8,CLEAR,"DARKNESS, LIGHTED ROAD",DRY,FAILING TO REDUCE SPEED TO AVOID CRASH,2.0,32.25,4.0,4.0
0fee4c61009a20f5888b9d662d0bc9ea1665fbd7fc8ef330bc967b5774bfc8c0aad993369f3865fdb4a0a773f5d212f6fcc6bf426d2a5e0d386ca991a16da6ac,CLEAR,DAYLIGHT,DRY,DRIVING SKILLS/KNOWLEDGE/EXPERIENCE,2.0,37.0,3.0,3.0
0fee61970b9da93c20a283987e2e72393cbc5b749da32a45627c10ab1c4db0ab42031bdd2d95e88d4fdfd93fb132f94344859f0acd4204d9cee122cb55c39731,CLEAR,"DARKNESS, LIGHTED ROAD",DRY,FAILING TO YIELD RIGHT-OF-WAY,1.0,24.0,2.0,2.0
0fee64914a4f5a248b5eaf710d714f94cb356c4fbc49bf6ed47d989241ac6e95513410b6ad2544de6a885be1d7b4f35f1943f43f2b21a1aa6d65d272088acdd2,CLEAR,DAYLIGHT,DRY,IMPROPER OVERTAKING/PASSING,2.0,39.5,2.0,2.0
0fee7072b03eaed3de6bc28f6b8605cf294bf8cfaf042ab2db353ed11042eceec12057cc021c00923ac04ee462987c9728f0a3ed83d59e4d7af1dd3ddf46ec3e,CLEAR,DAYLIGHT,DRY,WEATHER,2.0,32.0,2.0,2.0
0fee7d15091e88d2685d2a85410a6dd16488f910a80c7ea0f35179e1812281600f1e9c494172bf1bfc795e0b2771c53f363604037d68be3dcae54d608e3ded1c,UNKNOWN,UNKNOWN,UNKNOWN,FOLLOWING TOO CLOSELY,2.0,81.0,2.0,2.0
0fee8602f12a4d698fdf72e33c7ede57d92939c3b55c661fa68bcf4d069d8a6221afe333e82dd5afe602c415949dfe69a6d1272e32ac08845fad971be053f441,CLOUDY/OVERCAST,"DARKNESS, LIGHTED ROAD",DRY,DISREGARDING TRAFFIC SIGNALS,2.0,18.75,4.0,4.0
0fee9dea2fdcc1010736078fd2f74c5376e46308a1cac258c628b757527647e2466b9bc6c40a6246f74370fed3f19d887c3aa1e5cc557c104d48f028bac30451,CLOUDY/OVERCAST,DAYLIGHT,DRY,FOLLOWING TOO CLOSELY,2.0,44.5,2.0,2.0
0feee4ea50894fd1eefe33ee1c6fa7b1f267c86723fc0f2bb1f3937a2a57109d1cf07afe0b2051e6a9b464a144732687da0446063c0bdbfed907ce454b170ad1,CLEAR,DAYLIGHT,DRY,FAILING TO YIELD RIGHT-OF-WAY,2.0,46.0,2.0,2.0
0fef0486e161aba143fe289244bed64692fc95a1338f58c8c586fbbbf8f81c783b7fdbc8fac91f30d015b646aa50f2f53f41a35afa769dff3b08194a744e980a,CLEAR,DAYLIGHT,SNOW OR SLUSH,DRIVING SKILLS/KNOWLEDGE/EXPERIENCE,2.0,31.0,2.0,2.0
0fef084376577f93b9b61bccecfe5b0ab2c14856e39f7edd675aaa24eef729398ce5133d678738110c191b6867c994234922a2c988686ab11820182262f174a6,SNOW,DAYLIGHT,SNOW OR SLUSH,WEATHER,2.0,45.0,1.0,1.0
0fef3b89155b93d67ea81fe751eba321c96c68524ae7121be348f73789bccdefae4e42a9206ac0974e0ca2086f7656d5f7615868ef27911d6b135c5297864941,CLEAR,"DARKNESS, LIGHTED ROAD",UNKNOWN,FAILING TO REDUCE SPEED TO AVOID CRASH,2.0,41.2,6.0,6.0
0fefa995e47794b654825ff9a50da29a0bd7b1b68f8136c698cf9e691d5a427dc414374297969cf430170adcb69ce0b1a1f1c39331cb05744fac6ba559343775,UNKNOWN,UNKNOWN,UNKNOWN,EQUIPMENT - VEHICLE CONDITION,2.0,26.0,1.0,1.0
0fefc21c08206f98deb016c64f2d733a1a3c32d36a87f00cdbf7a42576d5a1dc98adb08c84e69f61f5d38e4d1586c57486a6c77c49d07b57dff7b32faea18767,SNOW,"DARKNESS, LIGHTED ROAD",SNOW OR SLUSH,WEATHER,2.0,27.0,1.0,1.0
0fefd2c7d5d9319f9a37731002d008834b13442d66eb403360cd12bead682ea99d58e127d5f37470b447d97e83d9ba3e64913e4b2177cceafab0daaf5915386b,CLOUDY/OVERCAST,"DARKNESS, LIGHTED ROAD",WET,ROAD ENGINEERING/SURFACE/MARKING DEFECTS,1.0,19.0,1.0,1.0
0ff00e1d778008db375533b2c071fb2198340c357a7e85644c160508aae1f13e3e67ce997f9297e82c55f70714b27067df65446bc71d8aa10440b188c096ce5d,CLEAR,DAYLIGHT,DRY,IMPROPER OVERTAKING/PASSING,2.0,46.0,9.0,9.0
0ff0232d8fd2dfc119ecab186cbc6caca2686bc8573e49ee5bc5fbc07178be382de5d2f78446d25f3199f2960639155337d02f9395550672b54aa6641a6c8e4d,CLEAR,DAYLIGHT,WET,FOLLOWING TOO CLOSELY,2.0,55.0,2.0,2.0
0ff03ea05a02fa874f7157e2a27697ed1b7f96bfc287ce998606cc14f44f3402acf0273afed2699f4ebd4fbaaf29c51dd4f604b931c38e5abf3fcb77ce0b16a9,CLEAR,DAYLIGHT,DRY,FAILING TO YIELD RIGHT-OF-WAY,1.0,31.5,2.0,2.0
0ff0c5ae4555bbb73d446716c0d5f2da53d1d96b535f756eb90d8b5d6e7d9474991fb9f9c44126ab4349e611df0ed9fa7ab3d5c0719be878467d1d3f2a609608,CLEAR,DAYLIGHT,WET,"OPERATING VEHICLE IN ERRATIC, RECKLESS, CARELESS, NEGLIGENT OR AGGRESSIVE MANNER",3.0,37.5,2.0,2.0
0ff0ca37da7bb8a630b5da1e041e5e001d49f5441223b4df700584d0840ef16c6109c7940263cef1c94d99d65d87f95793f24ff6ac28656505c62cc37bbc0e6e,SNOW,DAYLIGHT,ICE,WEATHER,2.0,37.0,1.0,1.0
0ff0e59f03dddc972663a7d6eb025e91ef87f300c2b0370527208ac82ea96c19ffd3e264cd8e376d4420ad583d82653eae1b7a8ae51a623552468096898db43c,UNKNOWN,UNKNOWN,UNKNOWN,IMPROPER BACKING,2.0,31.0,2.0,2.0
0ff0f0d87d78254a025e9a968687d5e1bbe5263fe21d32e5df879a7f2ce1419561bf68b51525b0fe0f156e97db0c997e2ba1ff29e25658854d44808662f8efb0,CLEAR,DAYLIGHT,DRY,FOLLOWING TOO CLOSELY,2.0,45.333333333333336,3.0,3.0
0ff0f3f6bc19577fc0e1705b423ca32bd153d4d1b625892ec8c257ec73ce2fd00410ded8dd01950a8ce68c7137e1295194e9b8df1fb672cb540309740491eb30,CLOUDY/OVERCAST,DAYLIGHT,UNKNOWN,IMPROPER OVERTAKING/PASSING,2.0,59.0,1.0,1.0
0ff111b543d1d366301d536a797b1f171611189e5458686e5e8148759f4c1d697f4982bf59d4a85530d8b52b390400663c4eebfee12eeef53c17874fe82f7917,CLEAR,DAYLIGHT,DRY,FAILING TO YIELD RIGHT-OF-WAY,2.0,40.5,2.0,2.0
0ff12fea0e5a651a4360d5b5620d544a71703d6d0d848a21fa3abe9b4c18f75cb0e89a25889451df7dce176024795dd26d88a9120610b9efd68daed76740ba6e,CLOUDY/OVERCAST,DAYLIGHT,DRY,IMPROPER BACKING,2.0,55.0,1.0,1.0
0ff1484a92bda3a45c19d094a68d1e7b61ef647a434442623536e289b1639ee63ecafd731aa7f033cccc705813d3b3f83aeae2ac93ae9d2256e8c555279d2205,CLEAR,DAYLIGHT,DRY,DRIVING SKILLS/KNOWLEDGE/EXPERIENCE,1.0,39.0,2.0,2.0
0ff14bd869400e918005736a695a0ef5e0d9cc810dce0a6405b7a8205ec6ee180239c1c9669b373a83025b7f026741c0f8e0068ca763d983d3142d6d575ed6a7,CLEAR,"DARKNESS, LIGHTED ROAD",DRY,DISREGARDING STOP SIGN,2.0,37.0,2.0,2.0
0ff159240aea9938055b9703ae05452e86b1b5ede6bd84fddb1cba9a9d619a78586d1147c0dc71eb0d0e8b4059d69a41c55cc572142f23c59ea24f2a1e9da5ba,CLEAR,DAYLIGHT,DRY,FOLLOWING TOO CLOSELY,3.0,25.571428571428573,7.0,7.0
0ff1599e7a03f3a9cf5c1892a73f93cc0e995ca57e4629e3d8ca05baca485518d883ca228b963c5cc0b76db471164a29d62c8201fd653503175460809c3fde9e,CLEAR,"DARKNESS, LIGHTED ROAD",DRY,FOLLOWING TOO CLOSELY,2.0,47.0,2.0,2.0
0ff15fa8554dd6c17d902a04a244345d475513bdc83e5a221b632334103ec0d06effd13fafe3119a8cacd91590ad63c6a9c23679288cb0bb07429037f72ffb71,CLEAR,DAYLIGHT,DRY,IMPROPER OVERTAKING/PASSING,2.0,30.333333333333332,4.0,4.0
0ff16372471ed56be369ae01e4e77aabaa2e00f49ab85b59c38e41e6993a17d01522ca84f293d1c559bb5598b505a3c1b675b0794375e5364c08141c785d9ffd,CLEAR,"DARKNESS, LIGHTED ROAD",UNKNOWN,FAILING TO REDUCE SPEED TO AVOID CRASH,2.0,29.0,2.0,2.0
0ff168383145aa4946f9fd03617e4af904583b74d559bf84258b45e5af723fe03ac9985cd3e0b50480a46ed9b00dc50200023e87681834c52bd987656c6cf5e8,CLEAR,DARKNESS,DRY,FOLLOWING TOO CLOSELY,2.0,53.0,4.0,4.0
0ff173df7f33d43353c71fd59fb067624e9a3e4ecb69124b91b374f56b51f9478356bcbab0718a9dfd849a84b362ef8ddfd434af3aeac26093f3e33220e32bd5,SNOW,DAYLIGHT,WET,FAILING TO YIELD RIGHT-OF-WAY,2.0,21.0,2.0,2.0
0ff1a42a06ec21a09bfc854848dac00cb47471c0477c712bc6b855760532ef40c57d90521a30b09298b24a1514cfe0f4a19cb425e924aa52c6c7be698915d840,CLEAR,DAYLIGHT,WET,FOLLOWING TOO CLOSELY,2.0,33.5,2.0,2.0
0ff1d3e25a7f50e58977e16f5e65e77048d4313601cee948aae9e624bcf96d726f5bbaf95d71202d7165247eb0e5ca5452627c4a67404833f236b06775e0c755,CLEAR,DAYLIGHT,DRY,"OPERATING VEHICLE IN ERRATIC, RECKLESS, CARELESS, NEGLIGENT OR AGGRESSIVE MANNER",1.0,52.0,2.0,2.0
0ff1d5ce929c5c78c8e771c66a59621ba64c33931c9b2efd79a7ba6c64d72c0d593e11c266b0f458c79531c5fc9b48ec240c028998e885127078074d56174ead,CLEAR,DAYLIGHT,DRY,FAILING TO YIELD RIGHT-OF-WAY,2.0,46.5,2.0,2.0
0ff1e9c6f7d0bc97eff28f0ea9bf77825e4e95f7d1159ce362ece4e6c04e76c64af0d761c7842d08c3a8780cd6ce305c9fc9e39bf2a4bbd7169154861115083a,RAIN,DAYLIGHT,WET,EQUIPMENT - VEHICLE CONDITION,2.0,46.5,2.0,2.0
0ff1ee09355375fe97552748dbcc3dbbf6c3e0b425591fb678ff53a8ae24ffbfc08f24d9b4939648b3594d8fc3b2d36941c13ce71e634999093f5c7bec0310ed,CLEAR,DAYLIGHT,DRY,FOLLOWING TOO CLOSELY,2.0,30.0,2.0,2.0
0ff1fca025f9c53029ac891f8704d6f6b02d83dc6bf419457e14f97c78fbfdad1559d1864b4d21cd53d6d44fad2f26b0b39e37f45a7859ecae650c3b81221086,CLEAR,DAYLIGHT,DRY,FOLLOWING TOO CLOSELY,2.0,37.0,3.0,3.0
0ff21e9f92c26129196f8c53c1787e8e21fd6149fca2563e806b44cca808b325581e5e2c880069248227aed9463e01cca11d0f5535bcfcb77ed5a6ddf96dc06d,UNKNOWN,UNKNOWN,UNKNOWN,FAILING TO REDUCE SPEED TO AVOID CRASH,2.0,40.0,2.0,2.0
0ff24f873fe1820f9b5a0777f35c670a37f23ddf924ba78e6fe81e90d9a919e5f0be1c813eb0e48f744762c8b7118058a9d95db54654f19e9244b7c717951dd9,CLEAR,DAYLIGHT,DRY,DRIVING SKILLS/KNOWLEDGE/EXPERIENCE,2.0,37.5,2.0,2.0
0ff2533ea0304f1f975718c73352a718d980a40a110c7944b1d7eaf866be5b2f1c6851d41d32b80ee8a60f0e3c8004f3d9839e9623bf7a7a63ddf4d327a745f9,SNOW,DAYLIGHT,SNOW OR SLUSH,DISREGARDING TRAFFIC SIGNALS,2.0,52.0,4.0,4.0
0ff254cad593f34bee7c7dff858de152c8bd5357dbb034017e1bfb2cd56ea16a5785c3e1b1b59ce45e9e1a6334c54fbcaae04503f06cfcf07247c9ce45c8c475,CLEAR,DAYLIGHT,DRY,FAILING TO YIELD RIGHT-OF-WAY,3.0,46.333333333333336,22.0,22.0
0ff27a19ccc59e46d0906794743367ed6a35d857097a0aeb342b217096ec81f6aafe5064c8dcd041f0be4339af2a805084d98d94694ef4bfcbf718a12cfb75b2,CLEAR,"DARKNESS, LIGHTED ROAD",DRY,FOLLOWING TOO CLOSELY,2.0,26.0,2.0,2.0
0ff2b93c06944c258abc43dbe65cd299622a5a3445e0c529a0194820fa877999cf0507ae1d83aa85da2608d0b9cb4c9b486d52eab95649f4ae60bae2b7ca93a8,CLEAR,DAYLIGHT,WET,FOLLOWING TOO CLOSELY,2.0,25.0,2.0,2.0
0ff2b993c0c3d521e6e64f5a42f438c8ec5bacb71382f6992dd0f42eb0712e2eb06f868ad4ee44dc8c6855ad13a8deb834b5d14a388c8db03c48efffa1be7bb9,RAIN,"DARKNESS, LIGHTED ROAD",WET,FOLLOWING TOO CLOSELY,2.0,25.0,3.0,3.0
0ff2e320e0432f3e48b52ac5a85c3fc809b84d40d24c9a49366c1e724c4d58bfc122349c7a59776621e87f99e2007d38476b1894c1d4a04ede10f75a4129b61d,CLEAR,DAYLIGHT,DRY,FAILING TO YIELD RIGHT-OF-WAY,2.0,40.5,2.0,2.0
0ff2fb6effd7c55518c7dd1e620d42d1856dbf5c52eddff24140730de9f20137d21901ec957439335d1a1e24077d99dc4beb0e131d0460a1a828dc44b1e314f4,CLEAR,"DARKNESS, LIGHTED ROAD",DRY,IMPROPER OVERTAKING/PASSING,2.0,40.0,2.0,2.0
0ff2ff9572bd5a3e5aa00325edddeb622b9746cc70b6e3034b29318c83bb78cd3fff130e26626381ba34ca57632e0714b5eec0e1ebc1011f4ebd8e2e13990827,CLEAR,"DARKNESS, LIGHTED ROAD",DRY,IMPROPER OVERTAKING/PASSING,2.0,48.0,2.0,2.0
0ff302352fd9b48ccb2a79d832cb63fc76ec509f422dc65b17e41ec1de121c4549d14b5b947c0ecd95b0773fa009ceb170afcb26c0eeb5c568a2b27e84aad9ab,CLEAR,"DARKNESS, LIGHTED ROAD",DRY,FAILING TO REDUCE SPEED TO AVOID CRASH,2.0,32.5,2.0,2.0
0ff31238e741517042c88c4a21bfd7cc7ee4f5fe0b3528434ee272e8d91698c910519570696c9d045153718877f50c638e3b660b056b50a7b8ef2aa25eab28ec,RAIN,"DARKNESS, LIGHTED ROAD",WET,FAILING TO YIELD RIGHT-OF-WAY,2.0,28.0,2.0,2.0
0ff31777d1afac1f111ac9d2b18c934d3de6dfbcb211cee53ecd579c95e0ac62aec4e26c951227c134d912d2ddda122eb1e78f3527643f3d5e71f312ade80629,CLEAR,"DARKNESS, LIGHTED ROAD",DRY,UNDER THE INFLUENCE OF ALCOHOL/DRUGS (USE WHEN ARREST IS EFFECTED),2.0,47.0,2.0,2.0
0ff3236930061167280996132831c1798420efe7576cb88aa84c96c5148a46c8a993774a57f50d0a70276e0cfccbf9a9f6d57189aa544f8e9fa1848b6128d565,CLEAR,DAYLIGHT,DRY,FAILING TO YIELD RIGHT-OF-WAY,2.0,16.0,2.0,2.0
0ff32c9400a13866ae882a1155de784fd4560029d13671a2ceaa7527f58fb59bf431af59ab9e53517902106d4f7b6e83fa8bbe9ad3c788d9725be90ee1c5bcc2,CLEAR,"DARKNESS, LIGHTED ROAD",DRY,FOLLOWING TOO CLOSELY,2.0,37.5,1.0,1.0
0ff3401674619c8a64d09349896aa9dffb94f2a065645f1ef0e1cd61baa3e3d83540038b8f9fd731e544c91ead249bb7dd590ae7d31547b879586ea3832d5c33,CLEAR,DAYLIGHT,WET,"VISION OBSCURED (SIGNS, TREE LIMBS, BUILDINGS, ETC.)",2.0,37.5,2.0,2.0
0ff3769c4477cf056f471494ae85cc46d782cf40bb7b59526381a6346a9c35eca30575b60a259760284cb10b75be6b11ac0dea0f86a2b0de530036c53d7b2a28,CLEAR,"DARKNESS, LIGHTED ROAD",DRY,FAILING TO YIELD RIGHT-OF-WAY,1.0,63.0,2.0,2.0
0ff38090a20ff7d1727f6b596c9bffe833476401fee947b30579c6245f06ffab0f045dcf65319b4557863c7516b90147efcc3a9bf008a2bd3c61e615f2218196,RAIN,DAYLIGHT,WET,WEATHER,2.0,43.5,2.0,2.0
0ff39cacfc5ac8c0aaf05c81e01dcbbdd5ee5303285b3baad48405d9e519e7d8790e920cad48bcc8c2066933b556f398466e72cb714dc24cabd0aee1d177c390,CLEAR,DAYLIGHT,DRY,IMPROPER OVERTAKING/PASSING,2.0,49.5,2.0,2.0