crash_record_id,weather_condition,lighting_condition,roadway_surface_cond,prim_contributory_cause,total_vehicles,avg_driver_age,total_people,total_injured
0ff415a7a0762e5bb59bc88e8a3987961d9bfae7c840c46d9f53be9cb6d34ce19072b2d70f690e8fff22f6e1634882b44403ffa4b902d58eb37c8b7a26a604a6,RAIN,DAYLIGHT,WET,FOLLOWING TOO CLOSELY,2.0,25.0,2.0,2.0
0ff41cb0272ad9322ab5d19ae30347963893bdd546d5e6f31f7c2840b26ba1f4de9948abe64b99ab260c238b0be6bf51f07575da10a524b3e57bfe1d489c40f7,CLEAR,DAYLIGHT,DRY,IMPROPER BACKING,2.0,48.0,4.0,4.0
0ff43467b45553b85503d2ec063d8d70e5c9a03f1d12891e651947d77c6dde2a8edfcd830e02d31ab7b88bca17b6a7ac64086e452e45ca20bb48aa859089f8ba,CLEAR,DAYLIGHT,DRY,FAILING TO YIELD RIGHT-OF-WAY,2.0,36.5,3.0,3.0
0ff446f3e809310c44756c71f524cffc52720441321613f922c0f1419560c3e88ce7b1ece68b0d320d3d5b8d53ddd13eef0ebf3ccc7ac27b7d5f73c33c2d303f,CLEAR,DAYLIGHT,DRY,FAILING TO REDUCE SPEED TO AVOID CRASH,2.0,45.666666666666664,3.0,3.0
0ff456a90319dfe80587af0b7cf3dd8492f59882fe376b5be716787f099da64ef64fcefa1ba9cf8c83e1aecb089e6b1486bcbee548da4edccfb4bf9c43e795e4,CLEAR,DAYLIGHT,DRY,FAILING TO YIELD RIGHT-OF-WAY,2.0,22.0,3.0,3.0
0ff4c2b7914acb5e0a125a136097d7273acbf1f87da0aacda6f45e8b27111c3ef6cac88be68ea5c71158b4fe51c332dc3d2d56ab44cc7db7c52916f8e1c7fe2c,CLEAR,"DARKNESS, LIGHTED ROAD",DRY,DISREGARDING TRAFFIC SIGNALS,2.0,27.0,4.0,4.0
0ff4e3cad20d84e6a3e6dd9ab4650b8713a88f5f59f0807e14ae471eaecfcac2a44263faf39762879efb92bb8bd76f33ca223f5b29744a631cf9c22da088acea,CLEAR,DAYLIGHT,DRY,IMPROPER TURNING/NO SIGNAL,2.0,25.0,2.0,2.0
0ff4e93dd0240ac1f57d6f5dd5bce361d59abfaaf33a6c211c235bb0a20f86eb969bf321b272400989ad521f9558674b7dbbec56768de895012401cc2a8bd1d8,CLEAR,DAYLIGHT,UNKNOWN,FOLLOWING TOO CLOSELY,2.0,38.5,2.0,2.0
0ff518628d82a302d592d6ef50bb60569c65e4a57b6d821ac531be3a8c8244480fd97e89d280b53bef8f83d713f6369a279dda4486ba6e9612008a216b6433a4,CLEAR,"DARKNESS, LIGHTED ROAD",DRY,FAILING TO YIELD RIGHT-OF-WAY,2.0,61.0,2.0,2.0
0ff51887211d6a3a1e0d65b5f43efb80824800844bd8fc636a99e4d25cbf2db28ee03d4c043e77a45c8e11432b9aeeb74d40b659c66dee8c4e94f5441fc23737,CLEAR,DAYLIGHT,UNKNOWN,FAILING TO YIELD RIGHT-OF-WAY,2.0,28.0,3.0,3.0
0ff52ca27d2ad2bc23f1528225c608b1c5ae5ea2d2b1ae5ba8a53a11413017a47a8d4c0311c9279f44d180f9f4d30d6bdf0a97e3b27fe35a5d4ab411aac5e04a,RAIN,DAYLIGHT,WET,WEATHER,1.0,28.0,1.0,1.0
0ff573fbee152345ccbf547d26818a06c00855b193fb0fe69c45f75871054c8f4786b65d27a5d4832dd21c878d8c15dc67639d2f77c13ea2212a6368f1de341c,CLEAR,"DARKNESS, LIGHTED ROAD",DRY,IMPROPER LANE USAGE,2.0,66.0,2.0,2.0
0ff5b5b34da488c78af9e72916ae95e3556fc13666be2481fcd7e7cc6adbb333d0a8e41807dddcf725a4e6f7d2ac258371e56f5b9821ac17ec48151ef8261fa8,CLEAR,DAYLIGHT,DRY,IMPROPER BACKING,2.0,37.0,1.0,1.0
0ff5c199d7e1cb9e7ee4da0b74284e796d70109fe2658fcd3fc7507fc37b4578b3d3cc24e09dc20f65b7aefc1d5aa65785cee0ce08c762c7a3873a31838d8be2,CLEAR,DAYLIGHT,DRY,FAILING TO YIELD RIGHT-OF-WAY,1.0,54.5,2.0,2.0
0ff5c6714e69c4bf7bf7465177c602c39b032de0795c49c67d27dd14820f131f45930ae4df2daf3e3d8bcdde7f6f43a55417a26663c0f6dbac2126ff0495f9e3,CLEAR,DAYLIGHT,DRY,DRIVING SKILLS/KNOWLEDGE/EXPERIENCE,1.0,62.0,1.0,1.0
0ff5c938b9a095b1f0746ed2f00f0b4d729de5b6767164c7e4c50e5faf7603e8aba9ff00c74e168f8725951ba29866c2dc6c15ce94c73f9398e1897120aa84f8,CLEAR,DAYLIGHT,DRY,DISREGARDING TRAFFIC SIGNALS,2.0,34.0,2.0,2.0
0ff5cac8c83290e26b2882e6149fd91b891d9dda7bf40a0dc788371dfc9cd706c2c99695a75575b3b4b1f2c0413e70da2968c64789e2161026167ff533fb6662,CLEAR,DAYLIGHT,DRY,IMPROPER TURNING/NO SIGNAL,3.0,60.666666666666664,3.0,3.0
0ff5e4cefd1930b9ff0a89dac313cb82b37f6b9a0c1dda0b073e9a353d67be2f48a1df573c547cb1a2066af5b7f33a445cfab7129337c1999af9ec670b26696c,CLEAR,DAYLIGHT,DRY,IMPROPER BACKING,2.0,22.0,3.0,3.0
0ff60f97696650178c4fe95076020e583e719c0449cb5e69a7fd33ea49ce55009f43b8e7522885533887d43b1aba5931938ecd0a8309b8fec7239c2d71a16030,CLEAR,DAYLIGHT,DRY,FAILING TO YIELD RIGHT-OF-WAY,2.0,31.666666666666668,3.0,3.0
0ff635340b2d83078f8f109d021c0e690432a22d0a716f27fd8cbfaec3e57df3369464ef9234641c0e1b68df70c2941e793533fa034d063514d59ea30b6ab541,CLEAR,DAYLIGHT,DRY,FOLLOWING TOO CLOSELY,2.0,38.0,2.0,2.0
0ff63a7fe6f4675ed9c641f11d2e9cef3e88758373f522bba35881472b019b5ec38bbef28ebcc7c1978c7b373ecbf40a907bf585c2331208755f8e27e1c894c4,CLEAR,DAYLIGHT,DRY,FOLLOWING TOO CLOSELY,3.0,42.5,3.0,3.0
0ff64318922e00a8cc85cb51069587139022c7b51afd5d83cec35b9d4a2cdfa703aceb5d247fddde2b026c5e483303e80e170dd7442a85777cb5f76a575cc55c,CLEAR,"DARKNESS, LIGHTED ROAD",DRY,DISREGARDING STOP SIGN,2.0,22.0,2.0,2.0
0ff6506eb063da42020d80e0ac09aaa4e390065a825f07c04c0774b0ce0106fff8b6b3a44df961b87fb4db898a1e98326ccdd5e6c6d0cdf996f52a297b50c803,CLEAR,DAYLIGHT,DRY,IMPROPER BACKING,2.0,22.0,1.0,1.0
0ff66093a07e959e2c42d42e0dfe4d5ff23a7c263142e96282c8766fefd94fe5b19a830ce97146f90ccbc408ab5188fc1377fb70f4de3a2a25f03f5d65f9c1f5,CLEAR,DAYLIGHT,DRY,DRIVING SKILLS/KNOWLEDGE/EXPERIENCE,1.0,27.0,1.0,1.0
0ff66ac8c00833f732963961473c9e72c69ac8c3507d1c254ebf382a0707f98e840ddcf99641dc2519b729822345659f66856b4ea4c883e6ff1ea725f1c630ce,CLEAR,DAYLIGHT,DRY,FAILING TO YIELD RIGHT-OF-WAY,2.0,22.333333333333332,4.0,4.0
0ff67ad42cb97ce3a6eb8f3f439d90c689f75762670728ce51da98628ab40585bb6cdb5244e0ce4ac3ddb5fb0880e84ae4172cf41ae787f3bf525ddfbfa441dc,CLEAR,DAYLIGHT,DRY,FAILING TO YIELD RIGHT-OF-WAY,2.0,68.0,3.0,3.0
0ff6af96be7faecad829b518c372270574608d116b72ecc64a3e78dba8f85a26c835872708f42d4cbcc08d25a3a7b99525539e13b6a9d54a2411f44cb3a233a4,CLEAR,DAYLIGHT,DRY,FOLLOWING TOO CLOSELY,2.0,57.0,2.0,2.0
0ff6c7fec54986db2aa842b489925882afb4b73394401a643f1219b419916dd53b756e5140cb08f80ef3a2ea76c261e24ea1bad7a1ef6222ab05b4e92b90db5f,SNOW,DAYLIGHT,WET,IMPROPER LANE USAGE,2.0,37.5,1.0,1.0
0ff6d95fbeb8690b0d4acc4e009cc95876876acd420f9e0cd57fe5e9c510be2fe7418eeb44e9803e403a44df80516740376ebc20a0da531e69d66e8841e65679,CLEAR,"DARKNESS, LIGHTED ROAD",DRY,PHYSICAL CONDITION OF DRIVER,2.0,33.0,2.0,2.0
0ff6f92d79377807258208de984aca593247a8e6e6a8359343ac516e53180189ec0596eaf9d0231a6e690f891b8155b806dde9f0fa82658fbeb3d8747ab01d78,RAIN,DAYLIGHT,WET,DRIVING SKILLS/KNOWLEDGE/EXPERIENCE,2.0,59.0,1.0,1.0
0ff741984cd21c18603c7edcef4ab2acf32424297e274b03b195a6f1387a145780b9e12cffbcd0d88b33a64b98e25949c3c5c6934b37bb025faec430c473d412,CLEAR,DAYLIGHT,DRY,IMPROPER TURNING/NO SIGNAL,2.0,22.5,2.0,2.0
0ff7457309c0e8f54aa2265faa62c54ee362661525beea2b7b38a0b82d1d47d28e8adc2ce2fe78a65d6577e1ab5342f366a930e7003fc387ccd503e8df6789b9,CLEAR,DAYLIGHT,DRY,IMPROPER OVERTAKING/PASSING,2.0,37.5,1.0,1.0
0ff74d8acf86b80da36b9fe357ca828fc9e52550a466be11d1c02a4b0196a6c7215c94258c1315b3b0b92bbc547f1e01e1e42514950f3b4059e813403a255af7,CLEAR,DAYLIGHT,DRY,IMPROPER OVERTAKING/PASSING,2.0,51.0,2.0,2.0
0ff7705da65c0338e8bc2ccec23e9943a7bb129a43c2523d34f4a4a17c50b5eafee8e1e39028fa95cdd8765a570aa60917cef7236064b53f067eeef3956ea4fe,CLEAR,DAYLIGHT,DRY,DISREGARDING TRAFFIC SIGNALS,2.0,53.0,2.0,2.0
0ff787ba898ad69ac31e0b9647d44e2108ff6945104c2cc56e8339df5d687019ccf03963bb3e8c04e2bdee198ee9d1d7181af9e55439f122526f1d1b501a9681,CLEAR,DAYLIGHT,DRY,FOLLOWING TOO CLOSELY,2.0,49.5,2.0,2.0
0ff79572f7e612afe23c6a1bab54890aea77dc12711d15af4c94516bfc5729254d2da9158656232f1b7d3da8b011e2dd2cb359e0f47aff05721605e57040ca0e,CLEAR,DAYLIGHT,DRY,FOLLOWING TOO CLOSELY,2.0,43.5,2.0,2.0
0ff7b92431c6e6c4f68690c5d07ce5e87a57ca21bdc80e5d13aa1fa35f35180f2fb2f7067dd8419cfbc3270373c01106d476a6f5788a946ee07f8a5e7ac64254,UNKNOWN,DAYLIGHT,UNKNOWN,FOLLOWING TOO CLOSELY,2.0,51.0,2.0,2.0
0ff7bef8190334e18813c285db6e7f6cc41c14d5ca53195c891675f3a30089b05812fc8372ebfa80615b4f875b15e14853eeede3344e6d9fce67a568208829c1,CLEAR,DAYLIGHT,DRY,FAILING TO YIELD RIGHT-OF-WAY,2.0,66.66666666666667,3.0,3.0
0ff7db3e6225d8180ad1e08eb44d09c93270a5121f2d726c61937d58788e813bc2f8d0463af344139b2861524644e52c276d5ecd5bd95afa877c1faae45dbfc8,CLEAR,DAYLIGHT,DRY,ROAD ENGINEERING/SURFACE/MARKING DEFECTS,1.0,47.0,2.0,2.0
0ff82e7a4de78535e793ba6ae6c283deea721cb9a4f83ea4d4b3fec1a9cc07a14b2a48d7957e235c60088924405abcaf280c9a93cd3b98c259c56bdcab805fc3,CLEAR,DAYLIGHT,DRY,IMPROPER BACKING,2.0,37.5,2.0,2.0
0ff8388752ed31077918991520a828410b733ca94b6156fb80c23af7aca65b2071e6abf17f77b01728132d78adf13a5e29cc4523fc19299136a2e21a56e479bd,CLEAR,DAYLIGHT,DRY,FOLLOWING TOO CLOSELY,2.0,38.0,6.0,6.0
0ff8388a8fe35e524f9f22ec417028757cfc1adc6beced0c020415cfb053d02b6ce3ee63253c5326f3823390518c000861f6041920336e11d1d8c379bc9805d8,CLEAR,DAYLIGHT,DRY,DRIVING SKILLS/KNOWLEDGE/EXPERIENCE,2.0,37.5,1.0,1.0
0ff85b104dec4de2ac4b09c1c630c027d79641552ca931a3a8f1cad0fb72a9209431a45c0e2150532c2dbf4463ba6d9eee6980485cdd9c352aa945cf45901744,CLOUDY/OVERCAST,DAYLIGHT,WET,IMPROPER BACKING,2.0,37.5,1.0,1.0
0ff8c169c562ff34e2c11cf5267919c0a73b04ebf2a2e7a2e23024a8a67f107e3e6e60a8b03b35921c05bdd66840f798482ca0f5171ccfebbff4937daf3e6896,RAIN,DAYLIGHT,WET,IMPROPER BACKING,2.0,59.5,2.0,2.0
0ff8d28faf5edf2c15f41d83ef558a3931bd08e5eb478575d48c0d89c4224fddf788865b155ef29f42a5d205e8407a0f1f6b0fcd9c9039097a4fb298012a0249,CLEAR,DAYLIGHT,DRY,FAILING TO REDUCE SPEED TO AVOID CRASH,2.0,35.0,2.0,2.0
0ff8de6bc83d873616125e85e5e98b6e0c2503c34c8d1bb621de310397b2b9af586b60231ad5c9af455a18953cbe3ea5852af8086516c9e8816f3bd5ca29134d,CLEAR,DUSK,DRY,FOLLOWING TOO CLOSELY,2.0,26.5,2.0,2.0
0ff8f5ccc505fdf52247de2edb81b3b83f5dd98fc66a38d53980ed4e5e09d7b1276a27358bd74b15d152c8c030b27aa149a248de6c234a1895e877cb083cfb96,CLEAR,DAYLIGHT,DRY,FOLLOWING TOO CLOSELY,2.0,54.0,2.0,2.0
0ff90201dc1129bc1576e5dfe088a08f1212da160c15280766d184ff84f6a84e5a4667edfb24af034bc01d8efb459dce0f8a500ade27fb0af3ee8cd38fc2ac4c,CLEAR,"DARKNESS, LIGHTED ROAD",DRY,FAILING TO REDUCE SPEED TO AVOID CRASH,2.0,50.333333333333336,3.0,3.0
0ff90d911684a23fb44c2f7c5e1217764c4df010dab94cdd04471e7fe17154dd0fbdbda0ab46f083fb561e23c4434faaf98c7cd1c39409425aac1be6f219f5f2,RAIN,"DARKNESS, LIGHTED ROAD",WET,IMPROPER TURNING/NO SIGNAL,2.0,48.5,2.0,2.0
0ff9488c64fe295a470f3ef4561a2147826949d8af4328726f92843f8825f4f61ecb331d8440325589daa0ead89fd1bbbe7b5264ae0b962ebc773da828445051,CLEAR,DAYLIGHT,DRY,FAILING TO YIELD RIGHT-OF-WAY,2.0,39.666666666666664,3.0,3.0
0ff94e4d9fadbbc48696c4761e401c21513fd01d9bc58ff255ed665a59ec4124c3a1a365da2f42a5257178e0fa690cc769bc8a8079ffe7fdde73a1e7b04cd378,CLEAR,DAYLIGHT,WET,FOLLOWING TOO CLOSELY,2.0,27.0,2.0,2.0
0ff9521a419950accbba901f041d54f373ade85df91938bc0ae63f1f18afd0e831f885c2641bf8c7ce99d3d022f387bb1b5f2ec0c7ced710608bfe59612839e7,CLEAR,DAYLIGHT,DRY,FOLLOWING TOO CLOSELY,2.0,28.5,2.0,2.0
0ff9aec800dec5da97a33e23118455dc376df56e3c6c41dcce4381f0a18401ac5df2cf1611268df0033473c01240167633bfbd898eeacc15804309b063fa5991,CLEAR,"DARKNESS, LIGHTED ROAD",DRY,IMPROPER BACKING,2.0,46.5,5.0,5.0
0ff9efa29968a10ff896b127e0ab91143256214b2172f23efbbf435c75a3ab039597fa2298ec77cc72d60fe7d51f26a838f090c9206ae6ddde9106cfa8ba24ba,CLEAR,DAYLIGHT,DRY,IMPROPER BACKING,2.0,39.5,2.0,2.0
0ff9f522f0679fc4b2b8adf76d85a1996399afe05ffb252642a2337d2230cb11d2c77e295e554429b3b2b73761f997ba71a7191488faf91070791416ecd950f9,CLOUDY/OVERCAST,DAYLIGHT,DRY,DISREGARDING TRAFFIC SIGNALS,2.0,38.5,2.0,2.0
0ff9fd96eae2a8b32920c1aad40b8ff7c92e6436db795bd520681e81834e56ea3253c6454016b30192af9933ac8ae716f0d4d38b4e1ea79d9fbbc08fa96d1cdc,RAIN,DAYLIGHT,WET,IMPROPER OVERTAKING/PASSING,3.0,36.666666666666664,3.0,3.0
0ffa1dd6705fd89700ec8ba3627cad412975786dc4f957effca5a55d839f471dbc77fbf86633863dee7206b4d4db2848f811f3acda4757974952302c2b822f06,UNKNOWN,DAYLIGHT,WET,FOLLOWING TOO CLOSELY,2.0,41.5,2.0,2.0
0ffa40cf47bec26e87b7c055b42ac6167a078a59e354cc92c15c10591b3ab9052f566f4a8ebbca05a40627ebf81956765dc925f5f193a4af517f2656965d0f1e,RAIN,DAYLIGHT,WET,FAILING TO YIELD RIGHT-OF-WAY,2.0,31.0,3.0,3.0
0ffa58fff3cce245034cc2e9c587f607b505ba0ce8616f4241fda017bd91919c3f032d5d37dbbfb8148e46c600a8b31913aa4e318808f09ae29f7b8e2245b50c,CLOUDY/OVERCAST,DAYLIGHT,WET,WEATHER,1.0,23.0,1.0,1.0
0ffa60a3b751934c4ac876649ca47da9eeac46e7d084ac1c891e4be6783758343e5f306b8d62f7ee8259b77811ef792cf1f8d491545011ab44aa7d89f024dcab,SNOW,"DARKNESS, LIGHTED ROAD",SNOW OR SLUSH,WEATHER,2.0,32.666666666666664,3.0,3.0
0ffa6316c20cc00621b0d578c5aeacc38dfbf908a94b3b16108cd12a46f69b1ecb9c3b99641fb1dbfbe23c22b484168918d4bfcbb1694a1b7e5e849d1f98de05,SNOW,"DARKNESS, LIGHTED ROAD",WET,IMPROPER TURNING/NO SIGNAL,2.0,36.25,5.0,5.0
0ffa66f366a1c987b9a3756b5a7ffe19b5c41d83e6294936a07d84312b5e69f672e2e447c9a871dddcf8f63d848368e22a3e3fa45cf2cab13b929878b2f3c850,CLEAR,DAYLIGHT,DRY,FOLLOWING TOO CLOSELY,2.0,60.0,2.0,2.0
0ffa6b4134f2674ae6af1777ba12b523b22bddb3e5e15aa35380c0d8d628daf1d169d8fc75e199d17b09481ab6e8b80310dc3ea0ea3eb72832789843d099c69c,CLOUDY/OVERCAST,DAYLIGHT,DRY,FAILING TO REDUCE SPEED TO AVOID CRASH,2.0,33.0,3.0,3.0
0ffa7180464e824fbae73e8a05952f9136b9818057baf69ed65fe14b646e896f863917f2d043ba54522ddfe0dda032633d00be17a9553d44d017492506284814,CLEAR,DARKNESS,DRY,ROAD ENGINEERING/SURFACE/MARKING DEFECTS,1.0,41.0,1.0,1.0
0ffa7627f0d517b8d6c7c5516d213fd550fdf36f2adad51cb2cca132ad6894a1cd8e90b8254df02cc41e01eaf394dfea5b7301d7bff2a6a6907aa59878100a3c,CLEAR,DAWN,DRY,"OPERATING VEHICLE IN ERRATIC, RECKLESS, CARELESS, NEGLIGENT OR AGGRESSIVE MANNER",2.0,21.0,1.0,1.0
0ffa7e71e3157c946a487e72703218f8e107d94569f1771f708df2a16712f53e78e00b4f1338ee4d6ec7f2c6191df66a1dc56c083552affc93a4b6b61a72dd70,CLEAR,DAYLIGHT,DRY,IMPROPER LANE USAGE,2.0,47.25,6.0,6.0
0ffa8291e7e41f462bbeab93e5f04c1be206222fa949e276d1411798539ce8587db73f6253bea4e8dae05244453f617782009cd92fcb979e1310c313eed59ec7,CLEAR,DAYLIGHT,DRY,FOLLOWING TOO CLOSELY,2.0,24.0,2.0,2.0
0ffa975c54ec669a734f8f2b45e0b6377ba258ae85d65bf39312b6c1ef1a464b2cf4e4f1ca6cf34930ba7c145e850581e15c1c4aed5efad4d86c95a2f4121bf5,CLEAR,"DARKNESS, LIGHTED ROAD",DRY,FOLLOWING TOO CLOSELY,2.0,25.5,2.0,2.0
0ffab8d76385e8c83a42af377e179047fcb21d195bbf59c91f8d91edc0327838ffd9705ecee837155a73c111c59f2efff6a95f642dba04d89bb235d124c6accf,CLEAR,DAYLIGHT,DRY,DRIVING SKILLS/KNOWLEDGE/EXPERIENCE,1.0,56.0,1.0,1.0
0ffac7f2a67f478cb31b23bcdb7278dc7d8e7acaaf129f77b496dff6023ab1d15a0c921d93cd28785186d25402c84ac38c0aa56347221b15150a24fb4bdd4348,RAIN,DAYLIGHT,WET,FAILING TO YIELD RIGHT-OF-WAY,2.0,61.0,2.0,2.0
0ffad4c5c8f57a677a915c3240c7050ef7f7f61d00567c74538c2231bbf05216c4720f112be86685a80df2ead6acaea299de9d418d75ccb8c09a887dd7c05c8f,CLEAR,"DARKNESS, LIGHTED ROAD",WET,"OPERATING VEHICLE IN ERRATIC, RECKLESS, CARELESS, NEGLIGENT OR AGGRESSIVE MANNER",5.0,37.5,4.0,4.0
0ffb19a3d1a90af521bd313efbd7356e308fcc16fdf112e54d7a50e253f64559bd27a397c6ce343aaab513f66d745de73fb5f62a47d77f27b2f6d696d1d250c4,RAIN,"DARKNESS, LIGHTED ROAD",WET,DISREGARDING TRAFFIC SIGNALS,2.0,26.333333333333332,3.0,3.0
0ffb2bd3fff51d09d848e25e2144d1b84677ff18732f6e76e650b5c9e4ba885a3e40a8c96fe2f228c4945f961dd62bff5269d8ce045a6dfe20666d6f17ff5635,CLEAR,DAYLIGHT,DRY,PHYSICAL CONDITION OF DRIVER,1.0,78.0,1.0,1.0
0ffb51d99dc86646dd275edebc29966fcddf1720b3e5e687f86806b3c93dce4942209a7eb89d002576cc5235016821d637140f2e10818c0461fb7ae91b3b55e8,CLEAR,DAYLIGHT,DRY,FOLLOWING TOO CLOSELY,2.0,53.0,2.0,2.0
0ffb80811ae86e5412203d77eed3f5d50dfe130fe7b60a42baf4719795eb3b6a0b3a2fa3685e533521a5dc46619f4748b4d9248d20f97ea4d0fe5652aa3d5f98,CLEAR,DAYLIGHT,DRY,IMPROPER TURNING/NO SIGNAL,2.0,54.5,2.0,2.0
0ffb8b1e8ab2797168aa648c7c8b9c8264dc33a3da67b090b861461c1ee1ca3af7961e59abd218676cd085c2c040a27a0787a27b65c4c363da049bb8849aec9a,CLEAR,DAYLIGHT,DRY,FOLLOWING TOO CLOSELY,2.0,33.5,2.0,2.0
0ffbc8eb3f35c3b9f31ffd557a5abc5a2b24e3a39567bfd43bb022b95216e402ffe4a7a59cd7c473b70ad51b0c51fd870286bcd28f1baa763ddb374cd1ac8206,CLEAR,DAYLIGHT,DRY,EQUIPMENT - VEHICLE CONDITION,3.0,33.5,2.0,2.0
0ffbddf278909397efb1bee332453ba9d2755e077f043d8e40415aa9284ed12323ef82cf07a2d9fe0b5fed494e1d37807ba3e03960ac401c7f5378198e1f531f,CLEAR,DAYLIGHT,DRY,IMPROPER BACKING,2.0,34.0,3.0,3.0
0ffbdf6e5c8dcfa8acd4332cab115b147836ddcbaff17377b2669ca92adfe72ed438e401ba0ef08b619808e3ca3f49f4ffc1e6acdecbe3fc9af8e1b01a07478b,CLEAR,"DARKNESS, LIGHTED ROAD",DRY,IMPROPER BACKING,2.0,37.5,1.0,1.0
0ffbf12448811d86fd4694e601a9f868cee8d903caaf8db4fc5c932b4d87b89ed1afd83fcea2846bf489b1744a1bd8e79cfc539730cd45442d1b5072574288d4,CLEAR,DAYLIGHT,WET,FOLLOWING TOO CLOSELY,2.0,40.5,2.0,2.0
0ffc1af073f89386abcac74635dab6ce861db6d4cec1b9764a12367ee5d44f8a7b1cf1b6303530b4386482b837f0c7f0cdadf0343d8f86d43fa08e1dff7f79b9,UNKNOWN,UNKNOWN,UNKNOWN,IMPROPER BACKING,2.0,52.0,2.0,2.0
0ffc64c0811dc0347fb4cc032767ec7d0b3012ac9995e5cb2fe14a587d4889f7096b3bb75615840cf28329afae865b36236daecbd05a573e804e5d32eee3c59c,CLEAR,UNKNOWN,UNKNOWN,FAILING TO YIELD RIGHT-OF-WAY,2.0,20.333333333333332,3.0,3.0
0ffcffcee3c63266f404bf7b7c870a5734d72c6daf4c1c960d917e4f2592cd0f697e1879d89c0a62303f5823ad6c57804055d9829dbdc3c21488eddfd722a181,CLEAR,DAYLIGHT,DRY,IMPROPER LANE USAGE,2.0,49.0,2.0,2.0
0ffd07cdc9442062d2822806bd62bdb10d78e2f505d008646731c167c46b7dccc1fd381d556959b2f95f625b7c3a81acb53d950ac102834aa47c68c824264269,CLEAR,DAYLIGHT,DRY,FOLLOWING TOO CLOSELY,2.0,54.5,2.0,2.0
0ffd12d5dccfd835f7ebec5f1346e4dfe9b2f4fd1d25515791942dddee2fc4ce9595af5c8751d3157672d2d645444d97c9b9884fc8d3c4fd07962445036da3ea,CLEAR,DAYLIGHT,DRY,FAILING TO YIELD RIGHT-OF-WAY,5.0,33.666666666666664,4.0,4.0
0ffd1459a587cafa77c29326d5630d039c5e895d4a6b88bb6eae1d2bf62ec60ce6e1991480e34fb19393052bd0a056f534a7d42001eda1607c8a562baa837f8f,CLEAR,"DARKNESS, LIGHTED ROAD",DRY,IMPROPER LANE USAGE,2.0,28.0,2.0,2.0
0ffd52c6b5a63818d38aa9ea0dc4bed3bdd7383ff8d88b383233885c584a9ea1ee7e1df35829b866216e1f19e3fc837da4602e7a6c1a20588ff73e1cd172127c,CLEAR,DAYLIGHT,DRY,IMPROPER LANE USAGE,2.0,45.0,2.0,2.0
0ffd5ed2fe43cd31ad18c43848e69157eabc8963a13c63ce0b6bb6586074e86d4638c13fc5ce234d104c83d883e19d614da4b02a3145f0c36d0f6ccb14abc52c,CLEAR,"DARKNESS, LIGHTED ROAD",DRY,IMPROPER OVERTAKING/PASSING,2.0,26.0,2.0,2.0
0ffdf900104039b84a578cd783aaaf82bf97d6ad1fdc00897141944db7015a35e7cd992f3b45be4f3013f72e779ea684f2cd7944affb6efdb147b148fc3f28a6,CLEAR,DARKNESS,DRY,IMPROPER OVERTAKING/PASSING,2.0,27.0,3.0,3.0
0ffe238edbdc806b9899b0903b4b84f800f3bfa985afcf71688f673e75b2bc31c9074715f87db38da2c2163978923558185ce901a8137767cbe503895cc954bd,CLEAR,DAYLIGHT,DRY,IMPROPER TURNING/NO SIGNAL,2.0,34.5,5.0,5.0
0ffe307ff252075d54622bdc9557c3a11262fce2428c853351c9959e3f516b9a4c6a0da927b41ec4368c0aadca527b2f854f445c7a0e00d5371ef2d43c7411ba,CLOUDY/OVERCAST,DAYLIGHT,DRY,IMPROPER OVERTAKING/PASSING,2.0,24.0,2.0,2.0
0ffe527d0b26cd5ee06b4220c7afeb67c1098a57f3bbdccd3afa53afe57f4da878a6a44c750796f1a0741c08d2886f07a22c969eec98a22cbdc2a6ec33d1bba9,CLEAR,"DARKNESS, LIGHTED ROAD",DRY,IMPROPER BACKING,2.0,37.5,2.0,2.0
0ffe7e17e970d16fa06a182cdfb050cc7d98e5f494e55dce8d9619b45ebacb34dbfb026d813173bc1a3fc81d779a228cdb1627678a760399ec6c8dbfe4e8ec97,CLEAR,"DARKNESS, LIGHTED ROAD",DRY,IMPROPER LANE USAGE,2.0,21.0,4.0,4.0
0ffec0df2ac4a70375c07837145fe6d4747afad36e1499bf34464005e10cd1e07a6a84505d87609267ce0238fdb52446f7a31330ce0fea5eaf50a89bb476c606,CLEAR,"DARKNESS, LIGHTED ROAD",DRY,FOLLOWING TOO CLOSELY,2.0,34.0,2.0,2.0
0ffecdb5575ee2c7417d4e6e16e454d2561a86c4e9d4625e2a44277b493b1c3074676af8ab2d3ad9f5a4d9ee3c926203031b883a6825021de0fbe8919c476a03,CLEAR,DAYLIGHT,DRY,DRIVING SKILLS/KNOWLEDGE/EXPERIENCE,2.0,48.0,2.0,2.0
0fff07e5695a31a04fc770b8bcc47d3ed911e9edaa2e42e2e51b516290aa0e7418370f216d03be05232452915dae56e4c6407b8fb72b56c0166740c57bff83e4,CLEAR,"DARKNESS, LIGHTED ROAD",WET,FAILING TO YIELD RIGHT-OF-WAY,2.0,37.5,2.0,2.0
0fff142bbd27451bbfef77cb415f3cf1f3d42820a68dc3f93c81c1ddbb8031278735ec1c8b88b546dfb7e0362433f94c738681b2e4ebba4c72e5dbfb965bd1ba,CLEAR,"DARKNESS, LIGHTED ROAD",DRY,FOLLOWING TOO CLOSELY,2.0,32.0,2.0,2.0
0fff2b7dbf9054bad80d37af48b9369216a830a64b93e14984892a5cd43c47349666f574a40eb68bec0e48410fce10bd02effeafcc9efc780c8ee3a38f95e1bf,RAIN,DAYLIGHT,WET,EQUIPMENT - VEHICLE CONDITION,2.0,41.5,4.0,4.0