crash_record_id,weather_condition,lighting_condition,roadway_surface_cond,prim_contributory_cause,total_vehicles,avg_driver_age,total_people,total_injured
0fff2ef84cc0988ef3d64f6cd0cbe62754604fce82d9d22dd3d23b87045726e386c25b336c7caf9a860d861f287977bc85b7d71e4940da869a65043b4c7ebfcd,CLEAR,"DARKNESS, LIGHTED ROAD",DRY,FAILING TO YIELD RIGHT-OF-WAY,2.0,22.2,5.0,5.0
0fff4b3f3a3ce66979672726789fa80b7d85439fa1cb4b7b7db6a7aba39c152cfac4773216f5faa9eef6c89020b5a5bb914269cf1f4e059bcc790f1705efeedb,CLEAR,DAYLIGHT,DRY,IMPROPER TURNING/NO SIGNAL,3.0,37.25,4.0,4.0
0fff4c97854943eb6a0c8da29546ce9a832fc8784011dd593337f5d3a9caaf9a6f058fb6b589c7198b41b4cfe108ade66af55fc480f3c64de07834cbc9f25a37,CLEAR,"DARKNESS, LIGHTED ROAD",DRY,UNDER THE INFLUENCE OF ALCOHOL/DRUGS (USE WHEN ARREST IS EFFECTED),1.0,45.0,1.0,1.0
0fff5bf49440368ec82b9d66df608929aab57652651b92af326fc83aa66f71f5e5bfd55ef1e7d346d4a50192eeef44993dc954215748a331f9de0cd1fdd29322,CLEAR,"DARKNESS, LIGHTED ROAD",DRY,FAILING TO YIELD RIGHT-OF-WAY,2.0,34.0,3.0,3.0
0fffa400a956b4dc27d7092da828a2d803a2725fb8a636987c411b1cbdd40b735848990d59e03f9283c7f24a6f3a75c6a8650af89b00ff23fbc3c87edb5b5ad7,RAIN,"DARKNESS, LIGHTED ROAD",WET,DISTRACTION - FROM OUTSIDE VEHICLE,5.0,38.0,1.0,1.0
0fffaa45b5740959009a1718f6998a53c18f5c87b4a5d2166d56c63288b65312c5f911f5bcd8a6a37ddca94e5c880b4bc33eac5db76f9f5f7cd67e0be84d312f,CLEAR,DAYLIGHT,DRY,"OPERATING VEHICLE IN ERRATIC, RECKLESS, CARELESS, NEGLIGENT OR AGGRESSIVE MANNER",1.0,27.0,1.0,1.0
0fffcf9dd458f9d4e3426ec5cc9a4d668224f6c0807aa679da2855d733c2d978a20017b670565c86c163714a7cb0dc4cffc8211d049334dbc96db3e44145508a,CLEAR,DAWN,DRY,IMPROPER OVERTAKING/PASSING,2.0,36.75,4.0,4.0
0fffd8353f155efd29158e66850e7d18243cb9f944fe21fdca6fa34a3571a87c66f261f9268acf41ed30a84af9109b4627e323c2c456218bc562e886f0b949aa,CLEAR,DAYLIGHT,DRY,DISREGARDING TRAFFIC SIGNALS,2.0,34.0,3.0,3.0
0fffec04d53845744ab20085c054c4c2737eba960d9b7db0c1dfa132c56ceea20158e8e97d61d0e94ff88b498a068548d1d16160f3c67ff62c70454c8b279bf8,CLEAR,DAYLIGHT,DRY,IMPROPER OVERTAKING/PASSING,2.0,55.0,2.0,2.0
0ffff66eaa7835ce5ffbc58df5e74ad2672364470d6ceb56303d699869d95310152fc7dad3e3089406d275159b919e063851950c16e54633c3451515379b3b8e,CLEAR,DAYLIGHT,DRY,FOLLOWING TOO CLOSELY,2.0,55.0,2.0,2.0
100007cb6601141e46a554856b12f83e244106aa90c193e4764bf976cb14cd3c9df1f97846a04bcdcdcda7db16a54c62e2f420e02a589cad19ce797b686074af,CLEAR,DAYLIGHT,DRY,FAILING TO YIELD RIGHT-OF-WAY,2.0,34.0,2.0,2.0
1000141a1af63d601790c5f59f6aa4c1f26aeb3ffb32d45be095c9d8e82fb224900ccb7b2b374f23611db7b4b039a589a53a899e92589ab06cc7e866ab0658df,SNOW,"DARKNESS, LIGHTED ROAD",WET,IMPROPER BACKING,2.0,16.75,5.0,5.0
10003756f02ddfc330825d09931159ed170750820f1b5017b6674e4e1c3b75705b89204d0aca478bac2b2d4e2d335aa5d50d2af4f281cac512d3b6036b6055cf,CLEAR,DAYLIGHT,DRY,IMPROPER LANE USAGE,2.0,17.0,3.0,3.0
10005bd9112ef2019e0d11eea5fac8b617e23f17fb6e37387e6f17e72cb26223b30b393e9bd2e9c27f5d968babd7b8f2ffbbd77f63b561df7e10ae0de7139e67,SNOW,DAYLIGHT,WET,FOLLOWING TOO CLOSELY,2.0,52.0,1.0,1.0
100061c702b7cc0a35830f281db317ede150d8aabb7219fd70d856300a75c7f4cd3b59d149be3a58fcc62475e464d9d22f1dae4b3b1bdebf209737daa5550047,CLEAR,"DARKNESS, LIGHTED ROAD",DRY,FAILING TO REDUCE SPEED TO AVOID CRASH,2.0,35.75,4.0,4.0
10007593d37a543744e7b9e62177154312b36c0d5648e46e1cc3f7aca9d1123f01bd0e2c048961be1bb9a60dc57b458bcfba8bd4b4f5d01f36bb39e6b9c398c1,CLEAR,DAYLIGHT,DRY,DRIVING SKILLS/KNOWLEDGE/EXPERIENCE,2.0,33.0,3.0,3.0
100077fad91dbca7c14ffda7775bfbd4e593b7e7b961473ae480b6639f50a58bc97043f17741a0e2a4858f6a47687f4183e76ca0f8947b1dfd9fb396050791c0,CLEAR,DAYLIGHT,DRY,FOLLOWING TOO CLOSELY,2.0,62.5,2.0,2.0
10009818ec3e18fc5684515e05440523af690498a632eca15c39091ba86b93c0d41c1044cc7c950e1e39b2c8dbfa6a62c2eb8d5b6b60f5e92bdc6bd68bbfef68,CLEAR,DAWN,DRY,FAILING TO YIELD RIGHT-OF-WAY,2.0,31.0,2.0,2.0
1000b5d08e90de767c83d57be3f52fd37575a2c5803eacfc67b71a3c5789861c733bca547be493c5c860bdd99718392a759528035ea6ef1f4046f70548525235,RAIN,DAYLIGHT,WET,FOLLOWING TOO CLOSELY,2.0,27.0,2.0,2.0
1000c7d737ef57e7382674a13584daec155446ebe0afd87de56585d0c8d35c67ab37d4b0842154f3d3591ac158c37d80e31329703228d23ff9f5546075efda2b,CLEAR,DAWN,DRY,DISREGARDING TRAFFIC SIGNALS,2.0,33.8,6.0,6.0
10011234c3b0be3b63dce4733ff042742c14737a6020f7d594ec842adb0b345d3d6777dc9f4723764ac50a014d8048f1b4cc1cb26e7729d7458a0bc0feed5e91,CLOUDY/OVERCAST,DAYLIGHT,DRY,DRIVING SKILLS/KNOWLEDGE/EXPERIENCE,1.0,30.0,1.0,1.0
10011470298d02f0b19fcd867f67977bc7b70be5d1c1c97f44e2d097874b16d52e5cd7be16e1c152adbb73497a0fc54caa301179b53f507716c0143d9f6accd0,CLEAR,"DARKNESS, LIGHTED ROAD",DRY,IMPROPER OVERTAKING/PASSING,2.0,37.0,5.0,5.0
100117a82148d02414e7a852ffa51fe99c9988bf692d9396c325475ed30f5881489afd484ba9ea68ba5aa763311168e4c81bf4a181fae901132ab68e367f5f71,SNOW,DAYLIGHT,ICE,WEATHER,2.0,59.5,2.0,2.0
10013ac9f88fd1e34dea9bab6f4e9014b1f521d52e77220100ad445709e3389434ef4e470d3af6b97e2f5315d3f2da5ecc5d7a61a4715dc85d4d77436bff9ddd,CLEAR,DAYLIGHT,DRY,FOLLOWING TOO CLOSELY,2.0,40.0,2.0,2.0
100152ff204a627f234416a4e75ddb1c48a7568835f5c71cc2881e991c2b10a3588a39b8334a73eed307f13455017c39e8bbaa6924dd92539d399b28aeaf0da6,CLOUDY/OVERCAST,DAYLIGHT,DRY,FAILING TO YIELD RIGHT-OF-WAY,2.0,37.0,2.0,2.0
10016e4fadd0fbf956ef2976f60ea7dfae0c798f0db63e8c9898fee16b19e22315ef966764848071f4fed9d7ba89f10fcec7c426f559d91a6ab92f7088f9ad90,CLEAR,DAYLIGHT,DRY,IMPROPER OVERTAKING/PASSING,2.0,66.0,1.0,1.0
1001b394f8e3f4466b98cff8ec033be03b46eb897e4d03c429cb24b25a64140b269dca6c6b6de02793cc89a1304943328d036d2dea735b78c177bc79ff8e6b30,CLEAR,DAYLIGHT,DRY,DISTRACTION - FROM INSIDE VEHICLE,3.0,34.666666666666664,3.0,3.0
1001c8a9ca4006e047abafc4a4d1c478275d1272c4233447ded8e4f6cb76f1e04284b855f6300026f042ee81bc6da82e50890117af41902453205f62722863d2,CLOUDY/OVERCAST,DAYLIGHT,DRY,DRIVING SKILLS/KNOWLEDGE/EXPERIENCE,2.0,37.5,2.0,2.0
1001d735de9e4ef88058fc8615b2a9c25c18f3f7769ed5e4261db538168cc9ede6e159b411497101ff666a5692b14c10fcbf4ccd4ca24f3c166f2a8f53e27971,CLEAR,DAYLIGHT,DRY,DISTRACTION - FROM INSIDE VEHICLE,1.0,70.0,1.0,1.0
1001df73451b854ab686a4b265ed13b9d7a77d21b51aa6f0a88ffdf9a7786f6a6e6ca18fb6325c1c1f2249004d1370b22e99bb06f868cdda3c8396ebb5a0cba6,UNKNOWN,UNKNOWN,UNKNOWN,IMPROPER TURNING/NO SIGNAL,2.0,26.0,3.0,3.0
10024882ded8382f745651040f746ab3b182120dd640090ed171ad0a8519f7cbbdb051e33c84a02be0518a0f42f8f65eb09a110c82055e38f69c2a0ab2616941,CLEAR,DAYLIGHT,DRY,IMPROPER BACKING,2.0,30.0,1.0,1.0
100271b92907a6aa8c38c761128e3d01ea648e54666c7a457f9e61066ef345ff59ce06ac7cb2ba54d1efc9eb8d0035e49550de33487c7ccd67a1f3571506a9cc,RAIN,DUSK,WET,FAILING TO YIELD RIGHT-OF-WAY,1.0,35.5,2.0,2.0
10027c7e6d7b9a74908668182e634ae83faf2a953d72f70a064d9c6136c675f371ca14cae52c233253ed54175f84e2fc76717be74064d6cd592e558ff65d0e49,CLOUDY/OVERCAST,DAYLIGHT,DRY,FAILING TO YIELD RIGHT-OF-WAY,2.0,39.5,2.0,2.0
100284b317554081a953b1c9325663d4ef71f9403b21950230b898db67b70a67fcb3f05759d62b74cad85d8905dd1f3ea71c00ce8c80596d871baddcd639f04b,UNKNOWN,UNKNOWN,UNKNOWN,FAILING TO YIELD RIGHT-OF-WAY,2.0,37.5,2.0,2.0
100292f90756c4fe394434d93e90743207b3c603f27d59088b14493c532961c4f97a587b4f0b1a452cfb3e43e0e8fd2960471df5c5bb7dbda3fcb98586b2d335,CLEAR,DAYLIGHT,DRY,DRIVING SKILLS/KNOWLEDGE/EXPERIENCE,2.0,35.0,2.0,2.0
1002a5c85a550a06a5289646b2970582d4549346832fb899adb0a2e3d2a7e80876452ac1d7b6bd9ad705d1bdd339ec324a3217a39b656324b2a47af0882b5940,CLEAR,"DARKNESS, LIGHTED ROAD",WET,DRIVING SKILLS/KNOWLEDGE/EXPERIENCE,2.0,37.5,1.0,0.0
100343c4a5ddb55ec913bee88f8fc11352da45968074c0dc3135d15d9a8aa1758ee470b9978af396685517d50a8226c81e76b7b3090a2789c83ef5c066d720b0,CLEAR,DUSK,DRY,FAILING TO REDUCE SPEED TO AVOID CRASH,2.0,35.0,2.0,2.0
100343cf4ace9199a995df29849d4594d489aadc13ef36fc372d2903893ced0d0a26d3ba9a85de0ef0746fd6324ea77fec7dbaf3933f87904e3223c435dbb766,CLEAR,"DARKNESS, LIGHTED ROAD",DRY,FAILING TO YIELD RIGHT-OF-WAY,3.0,29.75,5.0,5.0
100358dcc41ecc170d7f8e82e02715331d57cf94280fd9040cb0c5f466be7c0c13a3980d64ef4075f920b5ed11201c40f2194b0a032ffb94e3a5f10679eeeed7,CLEAR,DAYLIGHT,DRY,FOLLOWING TOO CLOSELY,2.0,30.0,2.0,2.0
10037186cc9ccfad1cb81e9159eccd6f513829bccf8bc8b00aa4a257a753317eb5c354e49ed0cdccedc3c1a8ea7497c6371bb70dba976d76b7e030c0ea0f1e83,CLEAR,DAYLIGHT,DRY,IMPROPER TURNING/NO SIGNAL,2.0,46.5,2.0,2.0
10039302ddbacb9352d21b9fea1889b37a8c67f432c396a6b18e4f898ee0a95ed2cabbd86e793cba83a54fbf54140a86dbf03d93355bd8381545b036c431415d,RAIN,DAYLIGHT,WET,FOLLOWING TOO CLOSELY,2.0,52.0,3.0,3.0
10039a4245a2d2e1f0f9a5575f6305c09823b0f312bb58dd08b712e381595f67510e570a24b6bebb7615db2046168ee1b11d8224199028d4618ef698804c2fc8,CLEAR,DAWN,DRY,DISREGARDING TRAFFIC SIGNALS,2.0,37.5,2.0,2.0
10039e51595120fd3bf3505228ba17e21d490cfb0fb5f201937b3de7b1d9cdef9ca19414d9b8a245a342f3b7b5cfbca1950cc32e0a7b1ee6a3c556d126ba1b5f,CLEAR,DAYLIGHT,DRY,FAILING TO REDUCE SPEED TO AVOID CRASH,2.0,62.0,4.0,4.0
1003a6fb8a57e40b83a54a89c60c150d66071629cc10c981239ec17f20b50dc4446b2568e5e2cf9c48498bf9b69722b7777d13a33df8831381004545abba1de5,CLEAR,DAYLIGHT,DRY,DISREGARDING TRAFFIC SIGNALS,4.0,25.8,5.0,5.0
1003cce70ffeaffea87e276b03e714e040ac4800b4a59a6800c0882fc3083cf7eb3f3409dc9ab4bcb7c382946a1391b508a0cf7c0234196843c1a68a93e7e16b,CLEAR,DAYLIGHT,DRY,FAILING TO YIELD RIGHT-OF-WAY,2.0,54.5,2.0,2.0
1004006613a6e1222a73cdaaad4c0228b1ce24f55824ecac44d86baf9235c11731090285f4de4a51464e450f1a33edab4ddd38c9fee0d3180adef584643e8ace,CLEAR,DAYLIGHT,DRY,FOLLOWING TOO CLOSELY,2.0,34.0,2.0,2.0
10040a84f40117e333539f808a9da5971b5393c809d6d24d35f54ecf8f0da90f9981f4ea64fee64256db5e46734ea94b22f9ac39ab07b9142a6befad45c943b3,RAIN,DAYLIGHT,WET,IMPROPER BACKING,2.0,25.0,2.0,2.0
1004512de4c14ed0b16c3b10feefaed972c9de50031afd03161f308d544eda90e1bbf7d72ec5af0e0bd68e7e4c4eedffd37e8eb558aaaa8a87bf122f1871b550,CLEAR,DARKNESS,DRY,FAILING TO YIELD RIGHT-OF-WAY,2.0,22.0,2.0,2.0
10045430d5eea9039f8e66c6212adacec72962f3fe10cc6608c4e98ec7ba40507250476aa2c046772bd684a5e468d64e11342522a4bb67e81aaad4a7d0ab8bce,RAIN,DAYLIGHT,WET,DISREGARDING TRAFFIC SIGNALS,2.0,36.333333333333336,5.0,5.0
1004715e07c9e2a1fc9f6256d771bc13ce8915635240760ef2567e374929b06618729b871a27af691543719164e26c88332c1d6b24701bc4c4e86dbd0b8bab93,CLEAR,DARKNESS,DRY,FOLLOWING TOO CLOSELY,2.0,43.0,2.0,2.0
10048c96123dd4d68b2f36ab1c8bb2dbca08e5573ff5a9bc21706e51c1f9ebf63eadce85f240ed9af07ea72aedc86248d3d9599954429308e2c27c85978fb20b,CLEAR,DARKNESS,DRY,IMPROPER LANE USAGE,2.0,34.5,2.0,2.0
100490584495d0687225bc5cd9aab5e482134ac9ab07ded289dcc525e29a120040b8d5ce7ab837108bdd7be4dd0c337c8a938ada47772ffee6b42439b61de5ca,RAIN,DUSK,WET,FAILING TO YIELD RIGHT-OF-WAY,2.0,42.0,6.0,6.0
10049565c6b8b46db4009f862a4dc2aea8ebffc3115f6bcbe2699918d95f906e745a14ddce4a1d634aeafdd041fb8fa95971ee79a165c9ca96e65697469974d9,CLEAR,"DARKNESS, LIGHTED ROAD",DRY,IMPROPER LANE USAGE,2.0,38.0,1.0,1.0
1004a88354aacdcf36297e7e7f31673b8eaf9c48416acd9b4ae82c1d3a349e5d7c5d298585a16f5c562f7984185f5e8bc24e7fd9ca43c281baeb60043aa2ce20,CLEAR,DAYLIGHT,DRY,ROAD ENGINEERING/SURFACE/MARKING DEFECTS,1.0,44.0,1.0,1.0
1004d835562516580d3e04f23b94dbd308e88d555f25183275389151636fecc569375a1a049861c9a0417c47db7121903e536195c47408d8ed25a56cdc4dbafa,CLEAR,DAYLIGHT,DRY,DISTRACTION - FROM INSIDE VEHICLE,3.0,39.75,4.0,4.0
1004e717af26894fda50e2fb9f4122b387919b341a46063888c8d8349709815ea31573ec172db95463407b2241d695c44e69e76c4e55875704b7c7be32bce47b,SNOW,DARKNESS,UNKNOWN,EQUIPMENT - VEHICLE CONDITION,1.0,42.0,1.0,1.0
1004fa92c46481cef20fed3c8a12d79252ba8313cf1f660d127a6780b33ee3e531ab656fe10262a11251b448fbea3e221c6d44f0d4a789863dc883554087ce19,UNKNOWN,DARKNESS,SNOW OR SLUSH,FOLLOWING TOO CLOSELY,3.0,22.333333333333332,6.0,6.0
10050ca36fb8b4e7bec7c329d6c162a6d9bcc57ab97ad5dcfad90f155c0245154997ef4678df514a8ca9e94c7243e6b16da0db1677f9546d08e4318410a6cada,CLEAR,DAYLIGHT,DRY,DRIVING SKILLS/KNOWLEDGE/EXPERIENCE,2.0,29.0,2.0,2.0
100554023992cd642270f92183e463de15f8795796e919a5e929b62320904318c2c7ae78b3aa0ec870b24e39db417e9b083b1e325eba69c0441ea3e957868186,RAIN,DAYLIGHT,WET,FAILING TO YIELD RIGHT-OF-WAY,2.0,48.5,2.0,2.0
10057a2441c5dcb81eb111eb947e85ee9b2b9ccc2987d42ab666ffb7148507e1d383883a31a77c33cb63b0457ac68ba710a6e8aaef8873d38ba1ffec9c410d59,CLEAR,"DARKNESS, LIGHTED ROAD",DRY,FOLLOWING TOO CLOSELY,3.0,36.5,4.0,4.0
1005a406fc5b609b66439c3399a02223c15d35d50b08acbef9022542dd4b9c1eca9e23e9ac9b1e3ca3e582e8452b8fc8b78d06c33c19c7e7ecb120130eeb4e30,CLEAR,DAYLIGHT,DRY,FAILING TO YIELD RIGHT-OF-WAY,2.0,64.0,2.0,2.0
1005a72f8000b94591ae8b94b30e305d71d317405047d220e344fb6dcc9e99eacc239c8d537d262d45fe07afc7cbe01609a96ea66d3f7cea02134e8a0525127e,CLEAR,DUSK,UNKNOWN,FAILING TO YIELD RIGHT-OF-WAY,2.0,25.0,2.0,2.0
1005aa609a299956bf15a2f49d1a562f357e0953185ee5bed4894c712f63f37f02d03bd41503795f51b5f05e9a2629f6b42b3b589eeabc813fc26d414808caa3,CLEAR,DAYLIGHT,DRY,FOLLOWING TOO CLOSELY,2.0,35.0,2.0,2.0
1005c65d46d28a1f556b268af833d7fc3bbf9e69749a0ae1ad5629da2ba388ba0a08fd56c6bd1484c2aa85ea3ac666d938f1eb8cb30700891c89ef2ec44cd8f2,CLEAR,DAYLIGHT,DRY,FAILING TO YIELD RIGHT-OF-WAY,2.0,22.666666666666668,3.0,3.0
1005c706539a0e95cf6c4a871a721fbb965605f9e8fd5ba2ef625821fd3986396f96130e0fe2633b8ec6c3a3f04541b26ef2a367aa157090d66a130e1659ea81,CLEAR,DAYLIGHT,DRY,FOLLOWING TOO CLOSELY,2.0,34.5,2.0,2.0
1005d1b7f5a1508b7c6d9324423a58297d49246cfa9c2384c7b1918e59419aa7c94290f6ace8209eaf33e73e89d4bc2bfca67ba02babb7723c85dd6f7b7f5a90,CLEAR,DAYLIGHT,DRY,IMPROPER OVERTAKING/PASSING,2.0,44.5,2.0,2.0
10060afd682b1e0a63bff3d4dfe4f453cb124413426215a7688ed57bad1ce1e2da5f704c1ce323c2d188d607572689ff16a920dc56485270033eca6fb5d83232,CLEAR,"DARKNESS, LIGHTED ROAD",DRY,IMPROPER OVERTAKING/PASSING,2.0,52.0,2.0,2.0
100698af255f97e4ce78d18a809c9e8d6f3cfd3806236186e61bede9fa044de45aeb1ee32941140cc9481cf618d71762cf9911e877fc46ae36b93cab7333adb9,CLEAR,"DARKNESS, LIGHTED ROAD",DRY,IMPROPER OVERTAKING/PASSING,2.0,33.5,2.0,2.0
1006ced0a3ff95fad6771ff561b203b951d066b23a9e341b07c8c4caa19efd919ced19ba1c59d5395e993ef7ed4b8f3b2b298f6b3a28160246a7f92f237e11a9,CLEAR,DAYLIGHT,DRY,FAILING TO REDUCE SPEED TO AVOID CRASH,2.0,36.0,4.0,4.0
1006d04cc120a055579b567edba7e4de622d375fa54344ccdf2e5ecd46bf13c68183f9c28998a770fc56a6e34071ed25802af1dbe842774ebb90cf53ef7b1b74,CLEAR,DAYLIGHT,DRY,FOLLOWING TOO CLOSELY,2.0,27.0,2.0,2.0
1006de133044c3e9306bc6673eb346c0a5d260941107d74ba567d51287150affd321b1f265fd32b54a75542c7c33bbf1746f505889e4b5913b1f0f93c030c026,CLOUDY/OVERCAST,DAYLIGHT,DRY,FAILING TO YIELD RIGHT-OF-WAY,2.0,53.333333333333336,3.0,3.0
1006deae463f3b26321dd0d121bdd3d5099c6bd45713eab1c653e5b868b278d5827be9de387c46a5ea9c53f9b868e0aa55b667815201ab54a73f4d9eb21edecc,CLEAR,DAYLIGHT,DRY,FAILING TO YIELD RIGHT-OF-WAY,2.0,48.0,2.0,2.0
1006ecd2416d984a20553e1ff1ffcd152d36dce60426525aae1a653da774b92a2761bc7235676579ffb2b56fffe60997e6c84379923334ed354e5f261aa1946c,CLEAR,DAYLIGHT,DRY,IMPROPER BACKING,2.0,52.0,2.0,2.0
10072f6f381731f00cfbd3b6113e09979a05c6676068690f6fc76191ae85252eb9485e15f39a3cd64d0fc48e724acb4c36c11816e9bf48c8925f7f25a63108d4,CLEAR,DAYLIGHT,DRY,DRIVING SKILLS/KNOWLEDGE/EXPERIENCE,2.0,38.0,2.0,2.0
10074c0d49adfcb39342b9660231140470a9d77ebaf808b2c9abb22f16a8a77276c386431ad897285ccbc1efdc30b59b87680559a2ae086eaffe354a43b55a9e,CLEAR,DUSK,DRY,IMPROPER BACKING,2.0,37.5,1.0,1.0
1007516faedb9e51c6d6c9d781caeae376cb8bf7b9da87b31da2638696b6067e6d359b146aafe5c02b09c00ab7bc6a571906329d309548f1be76257e2e47af06,RAIN,DAYLIGHT,WET,FOLLOWING TOO CLOSELY,2.0,44.6,5.0,5.0
10075a9dffa3875e54deb3a2fac172c53b8f1f1aeed455d70ef040a5256804157cd37adf8852f9793dc7aaf49c123afd426e69551dfb33403ff8e2e747c9c700,CLEAR,DAYLIGHT,DRY,FOLLOWING TOO CLOSELY,2.0,46.5,2.0,2.0
10078cc9f840c8a1b562f30f75eff30c405c55f115ce4ed3657547164a38328c6df6c441fa90dfb38d6081d606afaa809305856a531fc503584337c87ffec7ad,CLOUDY/OVERCAST,DAYLIGHT,DRY,IMPROPER TURNING/NO SIGNAL,2.0,43.0,2.0,2.0
1007b2159b92ab7097d28b9b7ca3c700f063563bd69ec44364437e9e937ff647077ec38a04d4c73b5309c7df319f6fd51108231a8a8620dc4beff0074337edb6,CLEAR,DAYLIGHT,DRY,DISREGARDING ROAD MARKINGS,2.0,20.5,2.0,2.0
1007b8f23824bcb367d9c290d65fa1a0262e2ace8ac8dae9edddeedc7d29ba4cb77fd7ab55d4c003db233917ecc42767b7f7a9a6a440cbb8c93b694dcbc345d8,CLEAR,DAYLIGHT,DRY,IMPROPER OVERTAKING/PASSING,2.0,43.5,2.0,2.0
1007bb904e73e338f853c08ae9a0a9eecf23a2a84a2047d4a11e1db4ccff8d05de699fd20eea291d049fb101935dea72aaf7e7cd392cfc7da65b896471e5b4c8,CLEAR,DAYLIGHT,DRY,EQUIPMENT - VEHICLE CONDITION,2.0,24.0,3.0,3.0
1007bf90efe1649c7bad7c36655b314d81aadb36d0075f65fa54853f9ddc2cd07d961fd2a6d604742b4626f7d1dd324ee7846bc47cbe5913e62c1a5be0630af0,CLEAR,DAYLIGHT,DRY,IMPROPER OVERTAKING/PASSING,2.0,32.5,2.0,2.0
1007e35ed0c242ddc3e7fc4a5799bc5d4f912e90d1edd6d32a2fd2cef1ebb241a03898599f281a4de9e81c566ac985980663ce4bcea04a10d1888155acb8336e,CLEAR,DAYLIGHT,DRY,IMPROPER OVERTAKING/PASSING,2.0,32.0,1.0,1.0
1007fcbca1fa49fc7fb55a1d2697eddf94e324046739ad3388f6c4ecd518c01979f5dd432436012dc28a6a35524565b514abb6d21a3ae6a2c7689d2cb67e05be,CLEAR,DARKNESS,DRY,FAILING TO YIELD RIGHT-OF-WAY,2.0,53.5,2.0,2.0
10087053d0b112e32b9e84365b2abf90f2e6646aafbbedef8e5b02a4fa5b307297ba31eb3b561bd2fd09b95eeee012e1b2bb69d65132b1a2d646e279a7a7753b,CLEAR,DAYLIGHT,DRY,FAILING TO REDUCE SPEED TO AVOID CRASH,2.0,26.0,3.0,3.0
1008929cfde9ffe81cec6969353a5da3e65988a5491ed105e5f26b826d058846d6469e3ad5013f014039aa4179204110b26af2ff86e440b8b85b27c2913803df,CLEAR,DAYLIGHT,DRY,IMPROPER LANE USAGE,2.0,56.0,2.0,2.0
10089e6eeab886b369bc1910213d2646ae46b48880861b14a54cc011332dc35112280aa2ba9902d2d7f94d5de4d4a2cfe0c76c9c962ef86bc624d393d2456a74,CLEAR,DAYLIGHT,DRY,IMPROPER BACKING,1.0,12.5,2.0,2.0
1008a306ac449cfa4bdc10b745806c08600ebcbb4d51b53a84d5b524ca64f19b81cc1b49eaa33bb3401a5026837a381a231b3ebd60d9e57340bfba00719a68e2,CLEAR,DAYLIGHT,DRY,IMPROPER LANE USAGE,2.0,37.5,1.0,1.0
1008ac9ac986b33517d034161de726bf67026bce6065f8b88ddbbce3c668c7ec53ca5c16968ee2d9643dae93f492736a9c50c5a6f99728fb44e32bbf752d004e,CLEAR,"DARKNESS, LIGHTED ROAD",DRY,IMPROPER LANE USAGE,2.0,41.0,2.0,2.0
1008d568f8ece04cb2d2d881a92f2c499db950395a2a36f35e047fa263b81c27bb68784b6eff9ddc1e9ecbdc7594897aff47f7f20813fcfa6a367302a2a0a7f4,CLEAR,DAYLIGHT,UNKNOWN,FAILING TO YIELD RIGHT-OF-WAY,2.0,25.666666666666668,3.0,3.0
1008f11a020331333a404baa206d6e08244685f52be772c5a98079a2d79ce68eea62f0b86d6a29a8f5854c52ab37c4d9cddf5e7dd565f39255b28f087e6a4271,CLEAR,"DARKNESS, LIGHTED ROAD",DRY,UNDER THE INFLUENCE OF ALCOHOL/DRUGS (USE WHEN ARREST IS EFFECTED),2.0,33.0,1.0,1.0
100909c1b83050317d22625bac06dae7b92f7ac1c6dee5f9e14f291dacfca106b8d3e6643baf652a7726072298e86c1e7be0f69ba930ced6097ead9efb5b0620,CLEAR,"DARKNESS, LIGHTED ROAD",DRY,IMPROPER TURNING/NO SIGNAL,2.0,60.0,3.0,3.0
1009312ba1de0d59e1db6cdabdace67ecc0d2cb61c3d43430600457bd67089ddb8b72718f7e4cf162d44b0753782f1db30e72443278862a6c1f7c4ec1b5fa1ec,CLEAR,DAYLIGHT,DRY,FOLLOWING TOO CLOSELY,2.0,49.0,2.0,2.0
10095973e34a0c4216ed749597155dd73134590136bd5abf1ddcdb60318cff7eaeb722e9510d9a499e6824954ab12ef5b2da38450a5afd26ca84d373f099b393,SNOW,"DARKNESS, LIGHTED ROAD",OTHER,IMPROPER OVERTAKING/PASSING,2.0,25.0,2.0,2.0
100967c865caacb7164d02ba7243f5dc24d309770c6a90378512594e8ea5137ffb9153e57a7b4a22ef1a1aa342d613058152c2f910bdfba2a797742da331e0c2,CLEAR,DAYLIGHT,DRY,FAILING TO REDUCE SPEED TO AVOID CRASH,2.0,41.0,2.0,2.0
1009ccd1b511a17a4df6fd47ced880a07fdf02ec73a62dd10ca719d36e87b127db7e570de7d79067e1d9201243cfee9508df4b4e34165e345717e0d7922cdbae,CLEAR,DAYLIGHT,DRY,IMPROPER OVERTAKING/PASSING,2.0,36.0,2.0,2.0
1009d5281b88859f5293a124fd8bccc00045e1cfb720e9b0636df68b6a5229f8873bd39513015701edbc13864971a5eee391e0d53e55a8b0628895379a55ce50,CLEAR,DAYLIGHT,DRY,IMPROPER BACKING,2.0,86.0,2.0,2.0