crash_record_id,weather_condition,lighting_condition,roadway_surface_cond,prim_contributory_cause,total_vehicles,avg_driver_age,total_people,total_injured
1009ff8f7ccb7bb37a2c9fd7b0bd07aabb7d20c06a8ffd637e89d5babc2e813b4c5260127873ce2c2fd8317ea9dc1ef2563482477ac4f28a36c77cbe1ee92f4d,CLEAR,DAYLIGHT,DRY,IMPROPER BACKING,2.0,36.0,5.0,5.0
100a02fb2e6388232022fdd1d750dcafc69220c10c22c92b04d37dcdf5ac292e934e479519ab67f16eda34dfdee8c4c178f763ae8f0a2f8d9de63424565d3342,CLEAR,DAYLIGHT,DRY,IMPROPER TURNING/NO SIGNAL,2.0,31.0,2.0,2.0
100a10b067bd3244612940c4366a9059b0303ed808eb68596e890925d228ad7f26763998e626961433f4b42a75af9d0402e60fe91dbad7c4e0086cfcd83d6c76,CLEAR,"DARKNESS, LIGHTED ROAD",DRY,FAILING TO REDUCE SPEED TO AVOID CRASH,1.0,24.0,3.0,3.0
100a22213eb1b466a4deadd58c715deeb4ed9cfd063fdfd4c53575763e6872ec0c5cb91cd169f89e86e8bf454e5d551bc7ff155e983d93eb37dd25a5662616b8,CLEAR,"DARKNESS, LIGHTED ROAD",SNOW OR SLUSH,IMPROPER LANE USAGE,2.0,37.5,3.0,3.0
100a2464f76a3480d1af8d7d4853998832fa13067b51cdbc37ab4613b0aaff0a4e55ffc3934e626e359d8605c29347a6f0c2d0c2309e368e6e984cff99d73775,CLEAR,DARKNESS,DRY,IMPROPER OVERTAKING/PASSING,2.0,40.0,2.0,2.0
100a5f2b471d6531b33709e46ca8f55f0a9e30f6cdaf3d8f5da3726a2b89c175f3dba8309ec8806009b217ed0e2a3c5310127ad8888e80082fc232386144429e,CLEAR,"DARKNESS, LIGHTED ROAD",DRY,FAILING TO YIELD RIGHT-OF-WAY,3.0,45.25,4.0,4.0
100a810786200c5678c93653b116a5b0a3dcf90a72b60f8ce20cb2a979f682a171e99894c151964f64a58660512d93503dee0b3ad7333f3bb2fcfbf3a16705aa,CLEAR,DAYLIGHT,DRY,FAILING TO YIELD RIGHT-OF-WAY,2.0,26.0,4.0,4.0
100a963adcf3a1db19afd38d5bbe3865d4649a34ed6967d846fec89e589b280d12043544cf54908a8eb5e9a57c2498d100e48d9707640becbbca81b164412915,CLEAR,DAYLIGHT,DRY,IMPROPER OVERTAKING/PASSING,1.0,66.5,2.0,2.0
100a978a026117a03293fe0dd7a07c6a75e3ba9ae87333849b6f7ac4e80fc9e2f006d019a226b36e331f1080cb7005010392d0b6269fa6fa89301ee5af143087,CLEAR,"DARKNESS, LIGHTED ROAD",DRY,FOLLOWING TOO CLOSELY,2.0,51.0,3.0,3.0
100aa1078a95a74421fe79c2fcf467fbf2678659e6c9bac595937eb8e71f3e622d55cc0426be530649c2d4d8f241c72e3b0356a3f97485c4ab0a9787819aecdd,CLEAR,DAYLIGHT,DRY,FAILING TO YIELD RIGHT-OF-WAY,2.0,38.5,3.0,3.0
100b2b70663660e1d70d00dab95d11fa9dfc648fb95796367fd8a42246e126d61d22891f1b3936971b9fde45516cce1c07275e2bdab201bf2e58ace3b95d3ca7,CLEAR,DAYLIGHT,DRY,DISTRACTION - FROM OUTSIDE VEHICLE,2.0,56.0,1.0,1.0
100b3196e8f285966d5426a41c5848751a4e0e067b510e73dd0d51c672625849551eabcaf6043c60e9a7492136ee5a11ee3af3674dda1a0f064f4d63b1e3eb98,CLEAR,DUSK,DRY,FOLLOWING TOO CLOSELY,2.0,23.0,2.0,2.0
100b36baf83d3b6690f77b1a178190c84aaac598af0404672094909d4fb7afb7c61425b4172e839693fe6614222c615eb6d86453b999e9a2893e58d38639efe5,CLEAR,DAYLIGHT,DRY,FOLLOWING TOO CLOSELY,2.0,33.0,2.0,2.0
100b763e43ddb6ac7932ba0ac09bdf261134df24d6db2e8e824c13b8fbfb1c103a714d8ede366b4bde49b3a9727c46fed4ff5bd090a21558e1425457a6b5c8a7,UNKNOWN,UNKNOWN,UNKNOWN,IMPROPER BACKING,2.0,18.0,2.0,2.0
100b8a9161861b8637ebc5fc44b245da6fb8a8222b46cd8e8ec7432c1038d3b19e07a5c145191a905eafe855991c1fcda131427f1c463c34ee8d4835937ad66d,CLEAR,"DARKNESS, LIGHTED ROAD",DRY,DISREGARDING STOP SIGN,2.0,33.0,2.0,2.0
100ba6560e446ca1739ed8c0710ba40d275af35b4eb5832fa77b183b4f4a3df252457f91b7741578290d3bab6c348347ad1c0a87c97b8de1217d719f062303db,CLEAR,"DARKNESS, LIGHTED ROAD",DRY,IMPROPER OVERTAKING/PASSING,2.0,29.0,2.0,2.0
100bb7222ba0d709c12b944b15ad6272b7c19dfdcea9aab75e9491fd1f9f40e77cc194b4eea226b9530ad1195d81e2b2339faf53da7903fd0ee7bd47eeacde2f,CLEAR,DAYLIGHT,DRY,FOLLOWING TOO CLOSELY,2.0,42.5,2.0,2.0
100bd8c2eb6dc04d03df51b5a552c064a418e1b0b78930fb721490e12190ca877649f645a98f005b06cfbacae86b74825789e6fd585dbeb0a9f12c7d0905c48e,CLEAR,DAYLIGHT,DRY,DISREGARDING STOP SIGN,2.0,45.0,2.0,2.0
100c14016b3a3913e0be85925c7cea0ef6fead479d1f9a9c70b018b8d1c24eada8a9e612fa75cab6fa9ea532d9afcfb1a3c0ed713e5d13e378812460f48aef21,CLEAR,DAYLIGHT,UNKNOWN,IMPROPER TURNING/NO SIGNAL,2.0,32.0,2.0,2.0
100c1c57c02865a9b7746ff220d8ac87ee170654c0983da1f98ff34dd98fc6c50478c6fd8a21879327a61ca15f082aaaa1549346adba4f0e1363b2ceac0d77a1,CLEAR,DAYLIGHT,DRY,IMPROPER TURNING/NO SIGNAL,1.0,47.0,2.0,2.0
100c2d91c3c0e0040278fa66dd3494f09288d670c016c96a42d0eaae1a98f787d685398ffe6f8a9c269da17c2866ddd4fdfb969442332fb1455bb5aa56ad5fd9,CLEAR,"DARKNESS, LIGHTED ROAD",DRY,IMPROPER OVERTAKING/PASSING,2.0,47.5,2.0,2.0
100c5199c6a1b174aa2c6b342c51f8549fd54850bb3e48a0362798692ba5c45cad718fd0c78d9a05670d6683a99364a2f051e42de58aa3a58ed55d24fb18b8cb,CLEAR,DAYLIGHT,DRY,IMPROPER BACKING,2.0,42.0,2.0,2.0
100c719f8554f84bf48d84ef33b9913cf5094511bb3d19e3da78795a9c12a8396a6cbf07524f79ee587bb383ba1367ae151ff031ac21613b99fcecb688bc037f,RAIN,DAYLIGHT,WET,WEATHER,1.0,48.0,1.0,1.0
100c877353c7bc2e97df99b438e6dd9ddfe172efaeae37ccd365bb591c363e26399940ed71cea3007e9302c1fa49873cd4748c51573b0497171157b7c93b3a91,CLEAR,DAYLIGHT,DRY,FOLLOWING TOO CLOSELY,2.0,37.5,2.0,2.0
100c8d4cc4e8f7e093412daef27c3f366633a021cc899b70e8735f76915e0a58103fe3ade2a3a80652f65a54a4e5b045f7a82ba1229f756b4997869a668874e7,CLEAR,DAYLIGHT,DRY,IMPROPER BACKING,2.0,37.5,2.0,2.0
100ca8e1960233c33fb7635ab807576335d93719520d9f7ef2a6e93be6602355c2f16e3b96923b97b8e1fd3c4395b696d8b6da293deb796211fda639dabdeb93,CLEAR,DAYLIGHT,DRY,DRIVING SKILLS/KNOWLEDGE/EXPERIENCE,2.0,22.0,1.0,1.0
100cbbe8f97277c1069cb87b5d582f698992e861e760b795bfb545e3eb900581b75624330eb9870fab72319a6222b4d8c06f0b662c90ca3390f93b96138759db,CLEAR,DAYLIGHT,DRY,DRIVING SKILLS/KNOWLEDGE/EXPERIENCE,3.0,77.0,1.0,1.0
100cdc8ef381e384febd162da531e70190ce8c5be00ccf79dd4e300bd71d8be0bf6875f59809f01d663ba769680084d942bfd22820d8358dba2c96e86c386254,RAIN,"DARKNESS, LIGHTED ROAD",WET,FAILING TO REDUCE SPEED TO AVOID CRASH,2.0,30.0,2.0,2.0
100ce03551d4cb6d8ca751d195f6f57930b3647396b523d93258df03d5f3f331aca9e4bfac43cb9696116ae3ea5289cab9f146cffba0aa7ee526b8e4cac98fc6,CLEAR,DAYLIGHT,UNKNOWN,IMPROPER TURNING/NO SIGNAL,2.0,55.25,4.0,4.0
100ce3ae3f0ea7cdb254872f3db754f8f61e87a5a2577aa5d0b9ace64efdd60ee0ca359111f91445cc8fad5209718dfe4d0769106f947ea0f1545536bd292b4d,CLEAR,DAYLIGHT,DRY,FAILING TO YIELD RIGHT-OF-WAY,1.0,21.5,2.0,2.0
100cf1ba3f9266589d08e5544228ab755589b72486a2d4653998b706fd3af028948da39bd005c71a44e17efc75b6306285e78a8aa1595aa80d90d04e1fad6c43,CLEAR,DAYLIGHT,DRY,FAILING TO YIELD RIGHT-OF-WAY,2.0,24.0,3.0,3.0
100cf215b299f65e4bb9da819b35e6259bf3bb3500965f8e829a60d3b37f417f112990e9c65e978051c850ac112acc7a61f04b0a58274c2861b38ba13f62a636,CLEAR,DAYLIGHT,DRY,FAILING TO YIELD RIGHT-OF-WAY,2.0,48.0,3.0,3.0
100d0cf2ffd147b963241a495ef8bb786b6d67921e3388c1a336a2be6221f212f7d8d67358d3491da541cc935f0d3fa1e69dd68eedd10b08d922e83b7c810157,CLEAR,DAYLIGHT,DRY,DRIVING SKILLS/KNOWLEDGE/EXPERIENCE,3.0,55.5,2.0,2.0
100d0e96b5a63d4882a81e659162276a5a00cd2293bf7deedab521a8fe4b1b6021c4286eaa5affb92947c4515ca85437d913ec22e2d0cb5e2cd6125203d14a60,CLEAR,DAYLIGHT,DRY,"OPERATING VEHICLE IN ERRATIC, RECKLESS, CARELESS, NEGLIGENT OR AGGRESSIVE MANNER",2.0,37.5,1.0,1.0
100d2f11840b53402ded058eedceb5c6bbf811fc6abb2be39dbc66ac306d59cfac649773b6bac374d0a93365fa24b0ebd88a0bd6fd51fbf93f1aaf5ad6a41613,CLEAR,DAYLIGHT,DRY,FOLLOWING TOO CLOSELY,2.0,36.0,2.0,2.0
100d372e41d92a188a5938010137b4826c9413749c298d119799296f4439be1c6ff9cf641d8caaf8a1b5769f1dd0ea29798d5a77d04c02765eecf57e246a2ee4,CLEAR,DAYLIGHT,DRY,DISREGARDING STOP SIGN,2.0,49.5,2.0,2.0
100d55d1c8201aff8d092215807f6589336d5ea4acdd72d385d69ef706e388c992b33ac1116c077c2e9f8f7cce2f82e437fde25ef84098ccc4b5621c15b6681e,CLEAR,DAYLIGHT,DRY,"DISTRACTION - OTHER ELECTRONIC DEVICE (NAVIGATION DEVICE, DVD PLAYER, ETC.)",2.0,36.0,2.0,2.0
100d5e4d044fd7ce8c0904f6effdadabba3cd43a82c71f1b827fa46f20d600a4da8fc15ab5cd143b8245f99a37f0856f36db644a5626f7b243a33ab3cded676a,CLEAR,DAYLIGHT,DRY,FOLLOWING TOO CLOSELY,2.0,29.5,2.0,2.0
100d6f9e3f22c99d0ba7bfce05efe484532f88a277bc7e66fb45c2924a145b8a8cd0d202b6c1aac0dafb031c9bff22dc1b6cca13e14023f71632202ec0a4378b,CLEAR,DAYLIGHT,DRY,IMPROPER OVERTAKING/PASSING,2.0,71.0,2.0,2.0
100d957598ba78def6084638135f4d8ab4542f6c7a728da4b5c47b27fde69573ac5b5f3c1cb1b9fe763cb1e1b7cb6cf3e0d1edaebdbfb2e5442b3f33baea571b,CLEAR,DAYLIGHT,WET,IMPROPER BACKING,2.0,37.5,2.0,2.0
100d99a4951fdc138fb09b48a6f36b584b0a0ce20542f0924cde9cd6d5925cfe82d02537d8f4984f2e9138f3881e1bc12fbab72cc2157d3a2205d1ae9f6a1490,CLEAR,DAYLIGHT,DRY,FAILING TO YIELD RIGHT-OF-WAY,2.0,72.0,2.0,2.0
100d9b681b97dedc585d2828f50cfb1666fd6f6e248f274bfb0e64389e0e10c72439cfa4fad4df09e58d3fbea835b0a2031ece89998c853c24c6c6b1b4cb368c,CLEAR,DUSK,DRY,FAILING TO YIELD RIGHT-OF-WAY,2.0,37.5,1.0,1.0
100dbf3ad610679eec7f22e3cf337034d0babc6b3442eebd4149982513dbeeaad95e0d0cf3fede2a33f9d3ce8373f8d9a581e8f1ca83a3a3f4db41a328590265,CLEAR,DAYLIGHT,DRY,FOLLOWING TOO CLOSELY,2.0,23.0,2.0,2.0
100dd95073c01384a4a464ceb024e78a3dd8a1a1c31a48d3ec5ee571b0fa97c78074b07467fa347d9e549846007b4af47e49e4548a571b92a19e5894f865c90a,RAIN,"DARKNESS, LIGHTED ROAD",WET,IMPROPER OVERTAKING/PASSING,2.0,25.333333333333332,3.0,3.0
100e02bb881cebac9cdac6217bde1ba9b04250b0c7abbf915aa36690495b22d1fe5ef167c4c1d43600c1d5c2d8a030e85fc5db7da145af45a9500ce21bc97552,SNOW,DAYLIGHT,SNOW OR SLUSH,WEATHER,1.0,37.5,1.0,1.0
100e42e65f366958c4990be597b572f937e37f3d72651cbec5315094682431febdd17fef4798afa719f77eb3013ae2ab0910f9c7b33ce91c87553bdeec3f0093,RAIN,"DARKNESS, LIGHTED ROAD",WET,FAILING TO REDUCE SPEED TO AVOID CRASH,2.0,34.5,2.0,2.0
100e4dae25b5027f042331f134e8bb3965921a1cedf0bfbc112dff83e1ae0f2418d5fc3921b8c88ecb7e6a907c806426a16cc260426252e3e8f1ce22e1743f25,CLEAR,"DARKNESS, LIGHTED ROAD",WET,FAILING TO YIELD RIGHT-OF-WAY,2.0,25.0,2.0,2.0
100e520e3d561d65032fa462859680c4741d8a94974d6ab17b5daec5460a043814021fd710e84aeaed97e9182dd70b073bbf45114124056aa84e6e8ba0567b65,CLEAR,DAYLIGHT,DRY,DRIVING SKILLS/KNOWLEDGE/EXPERIENCE,2.0,37.5,1.0,1.0
100e53d91c52c198c4fba155f39207245214992c6f7c4559f6add2143070f7e9aeba809489a54bff6f0d277356ca5f53135a6f258dba3e5940feab4520a397ed,CLEAR,"DARKNESS, LIGHTED ROAD",DRY,IMPROPER TURNING/NO SIGNAL,2.0,36.0,1.0,1.0
100e68fe2923138835ef02e44d2074da67d280f5df6266892e620b85e3fb6d23881b9e3b5ab100d17fa3188b189112482c55678c90d69ad01a58a2d5e8f9b6d6,CLEAR,DAYLIGHT,DRY,IMPROPER BACKING,2.0,37.5,1.0,1.0
100eb3b6cdda86af3c555988c6b0380899ca4d2209c5d15c96eca6ca7e85579c58a5a1a1207bcfc462761d6757bda34b0befdebb3a28bd35718a12020769e0d8,CLEAR,DAYLIGHT,DRY,FAILING TO REDUCE SPEED TO AVOID CRASH,2.0,38.5,2.0,2.0
100ec525f3d7b8ec3557ff189752e7c9b532c4081b2e5e25384b9fd3b07bff1cfca1d76a51144523c555bea8279c160e0b0f3d534852de25ee14f36396efdd27,CLEAR,DAYLIGHT,DRY,FAILING TO REDUCE SPEED TO AVOID CRASH,2.0,26.0,2.0,2.0
100edc9e48026b09aeebad213685d3f772d610cc2b874027a4bd00d501354e4070b4f2f8ec22c71ef42a38453674b5ab3ce609ee114e28574855e6443804e06b,CLOUDY/OVERCAST,DAYLIGHT,DRY,FAILING TO YIELD RIGHT-OF-WAY,2.0,52.0,4.0,4.0
100ef207a56ccc4720f3c6c8b16c675bb51c8c482864e813ce87cd10fc3090a0bab6ccb3e991d2e643b1282c438bcd0041d608abc42fe958439556e038a87852,SNOW,"DARKNESS, LIGHTED ROAD",WET,WEATHER,2.0,28.0,2.0,2.0
100f027ec3724fa1a7932d9834dda6507bab7ca5e1ed4ac765c26f218d51a0e54eb964a21c750d371ab5bdd82562160b700bcbcc6d9b486c1d30bb9687f0f181,CLEAR,DAYLIGHT,DRY,IMPROPER OVERTAKING/PASSING,2.0,46.5,2.0,2.0
100f1de91de3d280abc6621c00c90c2d7ec967e6df5249c36019b4c49e3d318e68b773cb8c4743051a95ef4876e45ae2539caa3b1825aee802fb3702a4806356,CLEAR,DARKNESS,DRY,DISREGARDING OTHER TRAFFIC SIGNS,2.0,37.5,1.0,1.0
100f221a2ed4ad7127284c908e01d53bf85d6899489c716370b7d1dcb4ce1d282dbd6a42da323e679dcbf00a712ee1340079c31a5bb32d2e18938103ffdaf512,CLEAR,"DARKNESS, LIGHTED ROAD",DRY,DISREGARDING TRAFFIC SIGNALS,2.0,28.0,2.0,2.0
100f29ba1d854d9fa889cf72754053dda9ca41bb64a7d840abd5611d0c3486d614bfe10a2b7ca5b51cc64849fe73ef176857becdb35b859b53f69e1a73d24802,CLEAR,DAYLIGHT,DRY,IMPROPER OVERTAKING/PASSING,2.0,20.5,2.0,2.0
100fb25225f25007aa600dab4e782e373b24b2a0d3702537f8dfb1df6daf6b148c1c38eafa5d27c689f66c39475c7306af93293594f13d04d11b2b05f5c413e4,CLEAR,DAYLIGHT,DRY,IMPROPER LANE USAGE,2.0,38.0,3.0,3.0
100fd8f740a90b8f79798ea8e925752cb651cc782a2cc08a95f9c4e6d6a28d5508992719e7c85a0dee8744a939d9bf44515fb4a010615d6ee3be1fecbe275614,CLEAR,DAYLIGHT,DRY,IMPROPER BACKING,2.0,30.0,2.0,2.0
100fda7344b6f1fb18bd639d4b62411a7c4b363058a42e1d30f6c1b3d9c0533fa5aa02e7df63dd74a4b75bbea0769d0b6047103333ff0d98f016077275deb64b,CLEAR,DAYLIGHT,DRY,FAILING TO REDUCE SPEED TO AVOID CRASH,2.0,40.5,2.0,2.0
100ffead1f02cf0af8e36576d06cc5564b71daac450af01d26fac4b21b294f92b75ee24e454ff0cc6c6961df31f1507767cc7d173bc4d7643cfe2b75fee449a9,CLEAR,"DARKNESS, LIGHTED ROAD",DRY,FAILING TO YIELD RIGHT-OF-WAY,2.0,24.5,2.0,2.0
10101b97839d0b568e8c1210ea1092514fbdfcf97f272901c2abfadee066db5c5a3d0a6007ce87d91d90dbefae9c61352e9db399f507188535398bc9037cc3e1,CLEAR,"DARKNESS, LIGHTED ROAD",DRY,FOLLOWING TOO CLOSELY,2.0,53.5,2.0,2.0
10103df02829c06ce93b1e607bccf4104a23f24ea6eceaa0b26c4c7bc96a4ebf01846f2cd384248943786f3aca569a007443eae46afda9387ac2f5b9c30ee41d,CLEAR,DAYLIGHT,DRY,IMPROPER LANE USAGE,2.0,28.0,4.0,4.0
10107097e7e724da178b0a05cd8111684ff6d376f752c35f993af4dd09ec13fd28fef9aa93a906c98aeca4db5eccb6f7501d55bfefe1edd80d4ba19c4d4c8498,RAIN,"DARKNESS, LIGHTED ROAD",DRY,DISREGARDING STOP SIGN,2.0,24.0,2.0,2.0
10108d9082d300764d6a983120dfe45b8a9df361325bae4aca7764237ec1ce8bd0dc8a302377d51dcb46bed592851a2526c30d7e6534949b765c8be983258863,CLEAR,"DARKNESS, LIGHTED ROAD",DRY,DRIVING SKILLS/KNOWLEDGE/EXPERIENCE,2.0,37.5,1.0,1.0
10108f0e42a0a3de49c9c1a7bccb29d7253a586dfd79b44c1192c5b20072b21aaf1d35b96c515b6daae2f4ee581e4750a8c9250e01d9fc498ff9db7f6aa34d70,CLEAR,DAYLIGHT,DRY,FAILING TO REDUCE SPEED TO AVOID CRASH,2.0,34.75,4.0,4.0
101092ecffe3f522c94e874ca13313bc6ef93b065d8a484a56e548de71625cb77c7ed528da95e6dd064cb6b649120ff125df7b898ff015e265151940f8c37c84,CLEAR,DAYLIGHT,DRY,FAILING TO YIELD RIGHT-OF-WAY,2.0,49.5,4.0,4.0
1010b8d8c9662f58da0dd248a86c42bf52248f5ecbdb77193713718e24d56066adb3c735dcdabb6c84a0aa57bcc188c945a46aac6b9cef327d19ed1f748de402,UNKNOWN,UNKNOWN,UNKNOWN,IMPROPER BACKING,2.0,37.5,1.0,1.0
1010ca513add87bf0cb23dccad4f780e55a10d6e726d2e70c268c588addeee10d6cd864051db9f5cc0ba89e212c776793afe8f300296a721f8d31352859d459f,CLEAR,DAYLIGHT,DRY,IMPROPER TURNING/NO SIGNAL,2.0,35.5,2.0,2.0
1010d064de1ef0d0ab19bc66bab00dfd871e7a9bd032b03f6ef8b8f18cb866b9d4c2c3847551840c9d028dd9c32107603165f7d89de00b33ed7e1307836d9d1c,CLEAR,DAYLIGHT,DRY,FOLLOWING TOO CLOSELY,2.0,66.0,2.0,2.0
1010d53f9eb91629651833fd85368f0554b4b662cf49ed7d46fe2ede3c7b7ab047f82e02d8ce1ff1830534f96f831ba752ef4744855fe5648d535b24250eb4a1,CLEAR,"DARKNESS, LIGHTED ROAD",DRY,FAILING TO REDUCE SPEED TO AVOID CRASH,3.0,37.5,1.0,1.0
101103bc4a34bd8e80b541d227c2a92d3f43829443d92731558ed67d140ecd6fa844ffd9bac0f699b275ef7df147eb948ea6c03cbe9ab4ceec7fd06e93f2265b,CLEAR,DAYLIGHT,DRY,DRIVING SKILLS/KNOWLEDGE/EXPERIENCE,2.0,34.666666666666664,3.0,3.0
10112eb5774d43702039bd3ab845814a4a3af3c44a3f41e69d674cb8e471e5d7d5a632beb90e1d99a1a1b58f1063feded1bf1b2c7f5719720eaf8fc770b56d3e,CLEAR,DAYLIGHT,DRY,IMPROPER TURNING/NO SIGNAL,2.0,62.0,1.0,1.0
1011cf477de6a884e9f8b1a8341bdfa8d4a817ca2fc7556dbea26bda94c1c448352bb0adddac25c503d381b2dd96b42795bed85fa9a263cf171ac76d6b6e0f61,CLEAR,DAYLIGHT,DRY,FAILING TO YIELD RIGHT-OF-WAY,2.0,48.5,2.0,2.0
1011d7593a5e7c81af6416eb00e2238b60c4c80c5f458aaa98fdb0322f2be3ceb6d0c97c1bff1c93a890547d82be1c969a5098d4710b909b68167c5c0579449a,CLEAR,DAYLIGHT,DRY,FAILING TO YIELD RIGHT-OF-WAY,2.0,32.0,3.0,3.0
1011da3d5e54018563d6b9bd096c9da81fa5838b8aaf3de1f812a1d4a5b8d27c3ac8604df582053c445e81ed3524245672a9ecccbac5dd6c15cc389d75590476,CLEAR,"DARKNESS, LIGHTED ROAD",DRY,IMPROPER TURNING/NO SIGNAL,2.0,19.0,1.0,1.0
1012036b9075cb181176aa94044b02b1d2175b74ce1f4a7e66d89a4986ca6c9d1e2f8e29a916cd2528ba067e429bdbcbee56fc2bced0ae3705a7896474543323,CLEAR,DAYLIGHT,DRY,FOLLOWING TOO CLOSELY,2.0,43.0,2.0,2.0
10120ecbed4b278b19255e9d55ce420eb9b18dab33a4a1468f0bce20ef25585c6615c70e31b97c3c8e2466252779dd251a6a8a9a962744f435800bf666e79eda,CLEAR,DAYLIGHT,DRY,FAILING TO YIELD RIGHT-OF-WAY,2.0,39.0,4.0,4.0
101229491d95c6a021751541b19f1b6d08ad8c2bd99fe3aa55c14c8bd423fc7db277ffab5f5c9ff06c8cdd28ccd77cced3950e88d57609b0fe6d4cde1067a9f8,CLEAR,"DARKNESS, LIGHTED ROAD",DRY,IMPROPER LANE USAGE,2.0,47.0,3.0,3.0
10125cb57ce0ae44f0bdaca55a86a8e9e100cede707e4744960d55a5c236ecc7e2391d8327359edc5a787975735e1d21d201099e89fb9a771654154469653ba7,CLEAR,DAYLIGHT,DRY,FAILING TO YIELD RIGHT-OF-WAY,2.0,25.0,2.0,2.0
10126174bb4a1e18c653ebcaa0ff19b219bad2ce3228299d32805a218f4e73a99ae8cc9c9b7e690d400c430178c5ae6514cc85aa2077550e10e2a8dd2d05706c,CLEAR,"DARKNESS, LIGHTED ROAD",DRY,DISREGARDING TRAFFIC SIGNALS,3.0,27.4,5.0,5.0
1012729e62fb5cd56dcee355629a46ccb0c1530bd10c4600f10a15b4b29234853bdd07cb29fa540a76f7ebfc564f20b6def54af2e3b0cc71c9eb99e711b5629e,CLEAR,DAYLIGHT,DRY,FAILING TO YIELD RIGHT-OF-WAY,2.0,8.0,2.0,2.0
10129a67ce1b6449cf30df51eb95cabd3f1257dd29a029a4fb5ba3392652cb14e38dfb9034b73e9747f6aa45fd3f9b1fa2047450d6614614b0e1e5a026d1cca9,CLEAR,DAYLIGHT,DRY,DRIVING SKILLS/KNOWLEDGE/EXPERIENCE,1.0,9.0,1.0,1.0
1012e29cf3c3fc4fced580fe32c21a2cd04efeaad3bda22d7d6ce35c0e8cc520289ca22c2132fa7f8b2f26e4dbc81b0f0cab0c83ac511ea1f6653a62dfef4ca7,CLEAR,DAYLIGHT,DRY,FOLLOWING TOO CLOSELY,2.0,44.0,3.0,3.0
1013000e95f72c08392ecdd236292e262b8f59acd4c4fdae0b2c4dc9e8f947a0a845af8da112fbf8dfe37c04fde59d922bc1fd0b8697445de42877b71c48944c,CLEAR,DAYLIGHT,DRY,RELATED TO BUS STOP,2.0,29.5,2.0,2.0
1013089135b30606048c75c24833102ee433964c04ffba81931eb8f6b85dc8dd6011519c94a222298b5a1b7ad564f848add8d74c2a03c420aee4360aaec14fb2,CLEAR,DAYLIGHT,DRY,ROAD ENGINEERING/SURFACE/MARKING DEFECTS,2.0,36.25,4.0,4.0
10132ee7aadbd99073b1ea05d95a0f3aca31d086ea9b8d120be76ae01135755efdb970bf9ebd04261ce1433f67abb5ecb3801887b4b53e9cb56c0910be54c18d,CLEAR,"DARKNESS, LIGHTED ROAD",DRY,IMPROPER BACKING,2.0,34.0,1.0,1.0
101343842075f54e302dccc13fad582d5c2182602953b96403240426c2fe6c610662e97394c4d6e2bbd14a07c98633fcf4a243289060649219b9598f7fe11d3a,CLEAR,DAYLIGHT,DRY,FOLLOWING TOO CLOSELY,2.0,29.0,2.0,2.0
10135fa191bd143254089bcd5161bd2d056c4fa7c006a43c706e2892cbced395e050b25b7dfcd4c4c578101344a6d5f88d984fdb1e94d62ea179ca2545004175,CLEAR,DAYLIGHT,DRY,FOLLOWING TOO CLOSELY,2.0,26.0,2.0,2.0
101362f1721a56c228be9f9a62ef4c23197b0ef1b3fa2a39ff8fbd151475d1fd644f36c9345adca1b68c2fcf29eb2d8317e4b7019a99d533e4d15bc5dff54922,CLEAR,"DARKNESS, LIGHTED ROAD",DRY,PHYSICAL CONDITION OF DRIVER,2.0,38.0,8.0,8.0
1013679112fd7ceb19785fa048c481cba25c116040b6ebd6cc44ac7a75f90f43c89c7dfc5034a2b70e120926dded3c99f38a5e8ec03586422003d3c7aea93eeb,CLEAR,DAYLIGHT,DRY,FAILING TO YIELD RIGHT-OF-WAY,2.0,40.5,2.0,2.0
10137158d11e65d91d70b504ce24eb8ffd5f8290eb71504c429b0d4490f111f90edf489b4b44beb1e67ec336d0ddc1dc80f7cc5e2291455286a9c30cf3e5ac3e,RAIN,DARKNESS,WET,FOLLOWING TOO CLOSELY,2.0,22.0,2.0,2.0
1013803788f702e868d0b1bea1b568a1cd06d546a61cffdb367b55e669e0fd0bfd27903b065a30a70b829f0cefb58c4302b5f3a9b570a3c856428be500059ef8,CLEAR,DAYLIGHT,DRY,FAILING TO YIELD RIGHT-OF-WAY,2.0,44.0,2.0,2.0
1013a38a3a3228a61ce5755b3a525fe4f37ca130525a1b10aa8ac8b7159888e5c1fbed6ffc35f63b16385f6445ca45aa8ae52a7fa366220caf6fdab724c0a8d3,CLEAR,DAYLIGHT,DRY,IMPROPER TURNING/NO SIGNAL,2.0,28.25,4.0,4.0
1013a43886f42f6eb2bc04996bbc273b7ea92a7dfa8b69c7edf8825a946a79808f9931ccd9792a1e28c84f3bf694aaea5b710ff07a140550a3cba0f810abb7c6,CLEAR,DAYLIGHT,DRY,FOLLOWING TOO CLOSELY,2.0,40.0,2.0,2.0
1013ecb3a72804f3d6774faac8fe0141bd4d1b2e40e982c248e699d2ee8b3bd43a546972f8e1d4ae2af27c765fc4932c5d36bc6986707639de41404b1b15f698,CLEAR,DAYLIGHT,DRY,FAILING TO YIELD RIGHT-OF-WAY,2.0,33.75,4.0,4.0
101401b4aad32b46d4159422317f8f3e95f019e47c7fb7c30b8d08ff1ce731b91436061d1f73b3d197ad5ac5f80b6e077671d4b9383516cd1ad2e595913c207f,CLEAR,DUSK,DRY,IMPROPER OVERTAKING/PASSING,2.0,57.0,2.0,2.0