crash_record_id,weather_condition,lighting_condition,roadway_surface_cond,prim_contributory_cause,total_vehicles,avg_driver_age,total_people,total_injured
101413ec216ff13a68502eaa150d13bffd0d8475001f1ca3f63669468f1d50ebcf006f1dfa41f342cc5a02471ec2ecd674e04827c532369687c2151de4d8e967,CLEAR,DAYLIGHT,DRY,DISREGARDING TRAFFIC SIGNALS,2.0,11.833333333333334,6.0,6.0
10142e0709edb8e0693107feea00bad74a2dfca16d187bc0add28a20a41d2a3aad0c4a47b5ec94446d175e9f0aef5a40d1b02607395cb29c42e9beec224c74a4,RAIN,DAYLIGHT,WET,ANIMAL,1.0,30.5,2.0,2.0
1014391250167dbb70736a21337860e1e9f4a7037379594b440bf55c29c3696378efc0320cc677ec54236fb34859c26349569a8dfc1c1e7b9ae956dedd876840,CLEAR,DAYLIGHT,DRY,FAILING TO REDUCE SPEED TO AVOID CRASH,3.0,39.0,1.0,1.0
101459864798ed11e03c6615aea076b3596d1dd22d9643702ac218647068871cf9057a7fa9954fe8002386b36b8f4aca07be039d82d9be10bae3fc032b1506d4,RAIN,"DARKNESS, LIGHTED ROAD",WET,FAILING TO REDUCE SPEED TO AVOID CRASH,2.0,32.0,2.0,2.0
101475abf74c9f2e531ffca09202bda8c0d5e97774b71f5f97cc7877a6f2d78b4ed43f66446aa0654dd432a65d829ffd21c5c306dce4e9f317853d419bc3fd0f,CLEAR,DAYLIGHT,DRY,IMPROPER LANE USAGE,2.0,48.0,2.0,2.0
10148bb408e4c89e716e7435ef61408993df32fd6aef69d28733b1437f84bbab47a2dcc0d5e07ec881fa89797d3876de9e0812f9150a3488c40be6e8ab6cd45f,CLEAR,"DARKNESS, LIGHTED ROAD",DRY,FAILING TO YIELD RIGHT-OF-WAY,2.0,27.166666666666668,10.0,10.0
10149a0cbc0bd351860b57557251d3c2491aa0bb9d4e9a4369568261fc437aefcdaed43b6d4d36cbc4c35620fd60cbb5dd43d79ec9276d30b87592cd50fec2eb,CLEAR,DAYLIGHT,DRY,DISREGARDING STOP SIGN,2.0,25.0,2.0,2.0
1014c70b2b0b55f1f8235e7bfd4b25b8c8af6ff0c12ac7299941cb7d303d4ee78bd331083ac477d3814f3b93ab7fbf434b858ffd79cf8fdbf844f5884c3b53eb,CLEAR,"DARKNESS, LIGHTED ROAD",WET,FAILING TO REDUCE SPEED TO AVOID CRASH,4.0,35.5,6.0,6.0
1014e1f8d2dcb75c9cefb6593a4e4635df18aad9f5e7d45f14ebc91bf7f9261fb86679abc512354b3c20ae719049f9e1e85c22287f21ee682fdd0c962f331ab5,CLEAR,DAYLIGHT,DRY,DISTRACTION - FROM INSIDE VEHICLE,3.0,50.666666666666664,4.0,4.0
10151db6c5acbd25cb486cf97d627cb45ace4eff1715a43ea37e0aaa7cb2c34f378ea2caa6c544e16e5627e53b5fb6ca92ee56d96f3406df7d70c6f4ae5f42eb,CLEAR,DAYLIGHT,DRY,IMPROPER OVERTAKING/PASSING,2.0,50.0,2.0,2.0
101535252661a21a350873649fc8dc68bcab09cc1cdaeebb70eeb0c65ed665b46c8d1d9bec2425121c43ec3db594f2751b9b709ba2bc8867356dd8767301200e,CLEAR,DAYLIGHT,DRY,IMPROPER BACKING,2.0,57.0,2.0,2.0
1015a06132ac644d54081cca1a4ee6cc0c9aadbd6e337f47a4713c5c4dfbcfce1a6e677e214e027f12b1c8470074355fb09de222c460c2d69b12588936a28a89,CLEAR,DAYLIGHT,DRY,FAILING TO YIELD RIGHT-OF-WAY,2.0,29.0,3.0,3.0
1015a422a849b656cecfff7ca226ef79da3ab68daa76fb39a4464b642464f5d7d18c55b213f980a9ed30b600163cd0eeb4d3298878abcd066a51225a6f74c82f,CLEAR,DAYLIGHT,DRY,FAILING TO YIELD RIGHT-OF-WAY,2.0,44.5,2.0,2.0
1015a99ad066a16435f4c59776a4ad99c9720c50a20e7280eb2eeb9f6c98b4e57852b8d5ca3351d6df4691456111ef8ffceeb6a4ab8538462a9c24eab149fcd1,CLEAR,DAYLIGHT,ICE,FOLLOWING TOO CLOSELY,2.0,28.5,3.0,3.0
1015ffd7ab4c135d7e11b1d157e28579d3c08806aacd4e8be6b2205851d9064d553d4b953b9323492d991ec388828e081c8c68a04ba60f11af82dd4ce12820db,CLEAR,DAYLIGHT,DRY,IMPROPER LANE USAGE,2.0,40.0,2.0,2.0
1016093f36669fb5108de128cc064dbc0d51612fe8b09b6e5741dc7cff63189c2fd641bf15376feef6a37ac4d9504508ac3c0b44acb64cb186031957d2c0c3d5,CLEAR,DAYLIGHT,DRY,IMPROPER TURNING/NO SIGNAL,2.0,24.0,2.0,2.0
10161e8a9163f59138a0e2067d1e747c6358f774f36064c8f87a7afb3fd8474fb6816f514ecac9132b6594958fed3810f0f1d4ad6be9f1706768b36b325f9fd2,CLEAR,"DARKNESS, LIGHTED ROAD",DRY,"OPERATING VEHICLE IN ERRATIC, RECKLESS, CARELESS, NEGLIGENT OR AGGRESSIVE MANNER",2.0,37.5,1.0,1.0
10162ba5e10ef3aa5fe81db065cc8169e5792eeba98b0db84cf7a02184de1752e440b1a42fac8d6509b02cacee0440090bb9b540f5ba4f6ef87a0c2572fe6774,CLEAR,DAYLIGHT,DRY,FAILING TO YIELD RIGHT-OF-WAY,2.0,42.5,2.0,2.0
10164828aa4fbfc621c6d4a1b8f503f93ce6b0d4b932a28ac891b9a16fa9fe1f731d7cdd44592a657abf3a9f86635e5cdbe31e50f475e3e31ee6d85365c54a9d,CLEAR,DAYLIGHT,DRY,IMPROPER TURNING/NO SIGNAL,2.0,35.5,5.0,5.0
1016ad71ceb22e3950b903e78b89c7d4a4e28786de02b8762b33d8e4e75da149d53cf44671daf917607cb41e5a276307ee50ff805118cb7eb563fd8e0586d99a,RAIN,DAYLIGHT,WET,FAILING TO YIELD RIGHT-OF-WAY,2.0,24.0,2.0,2.0
1016e59cc9e03ae36b564b6673c5a274c8a02650b2cae8d00263321df03750185f07af655e36814a9d620f3eccb5ea74edf2b2bb6ea8ec897918fb65b412da4a,CLEAR,"DARKNESS, LIGHTED ROAD",DRY,FAILING TO REDUCE SPEED TO AVOID CRASH,2.0,52.0,2.0,2.0
101751cfd1af7a121329c788ad857db873681e94ab5aff61dae164b0c33949a0e4e38cbd879c17bc3d5c351a90a1ad3210ce44a3213c0d4334c4f7527f048396,CLEAR,DAYLIGHT,DRY,DISTRACTION - FROM INSIDE VEHICLE,3.0,43.0,1.0,1.0
10175608821dcc8923db10610866810b39e93e774205e96c249117a02eb8737fa38ca8ec950b7e539de388e18e47eb7e3f8a014d82a9accbb8df4aba7a0df823,CLEAR,"DARKNESS, LIGHTED ROAD",DRY,FOLLOWING TOO CLOSELY,2.0,40.666666666666664,3.0,3.0
1017b62e0b77a51ced9b96066bf7f86d57572457a409387308b4084a8af6c39d0455e5f7164eac3dd4d4eab6cf0dfeb3fbe839d9cfc256ee678feebee185f86e,CLEAR,DAYLIGHT,DRY,FAILING TO YIELD RIGHT-OF-WAY,2.0,23.5,2.0,2.0
1017d91d953c0808cd8d5fb15196c60b5333a0f9c2b43546f2f68286e773a09bb3a436844ac5ce2fb75fbaa16c991a0d2d88c2e29791904cc670637ad18129d8,CLOUDY/OVERCAST,DAYLIGHT,DRY,FAILING TO YIELD RIGHT-OF-WAY,2.0,31.0,2.0,2.0
1017f6b6210c6021943926e08b5fbbba6145119d3536cae348d996f4715d02d4c264da8e2a1f74f3c3b900b76a617aab79ab0c49ee1d823c4f20b7d37098b4e9,CLEAR,DAYLIGHT,DRY,FAILING TO REDUCE SPEED TO AVOID CRASH,2.0,23.0,3.0,3.0
1018233c5f2a1f1d5b29b4b741dea4788f0b96820cf8c12cf6047a01acc75e6580cf5504b4b5f6c717f697d3263e312349d6a00373d1ea5526545ea533932371,CLEAR,"DARKNESS, LIGHTED ROAD",DRY,FOLLOWING TOO CLOSELY,2.0,29.0,5.0,5.0
101832beec2f2b0a9841292ac77b4f5cd7affa2991e9755ce8845b8b5478d5407195ffa47f727248af3c35bf7270aa982373bbafd2a4e36ec78ab3a482909e2a,CLEAR,"DARKNESS, LIGHTED ROAD",DRY,IMPROPER TURNING/NO SIGNAL,2.0,39.5,2.0,2.0
1018404ab3b4b08063d5332490d741840b834b5667e557f3590bcd27c7ed36dd8faaadf87341953d8f6e5ea888643d03c5fb6b0be3d16e0a87061641157daafa,CLEAR,DAYLIGHT,DRY,FOLLOWING TOO CLOSELY,2.0,67.0,2.0,2.0
10186676bf4f2ea7028dfa980802971adcb559fa6d1a344a31edb2067b3a62a949956be2fe0175ab65276de8c5a8ad14843b38b24f301c68909e25af2a11cafd,RAIN,DAYLIGHT,DRY,DISREGARDING STOP SIGN,2.0,31.0,2.0,2.0
1018b650b1b12f45fd7358b6c8c151cdc504c0a9854189d2e6f991e323fb761094b72612ac7bf296c9b34f8238e0e7f7fec1a6afcd0a0adb34c5c355c8612338,SNOW,"DARKNESS, LIGHTED ROAD",SNOW OR SLUSH,FOLLOWING TOO CLOSELY,2.0,25.0,2.0,2.0
1018eb65f86a1533281b8677e1585a93bcb0ef6c79528b517be08774719f855943195a1aa241040b9ab561e8b67f3121f23f802a91c00185ee0449714d7db9e0,CLOUDY/OVERCAST,DAYLIGHT,DRY,DISREGARDING STOP SIGN,2.0,49.666666666666664,3.0,3.0
1018ef8dea334b9356684c41d55ad3f3738e8b0ccbf2d1610df6304817bd708cc0a685d4b25229415c19e5e9fa5ec178287523220276fd0447d074926b088281,CLEAR,DAYLIGHT,DRY,IMPROPER TURNING/NO SIGNAL,2.0,81.0,2.0,2.0
101925c9487eb2409e5bb64cd931a14486470b71611626288fb328338cb212095208750356b8f5ab36f100ddd51ac7b4f936b0ca3f995b387a2418081c56cd81,CLEAR,DAYLIGHT,DRY,FOLLOWING TOO CLOSELY,2.0,21.0,2.0,2.0
10192b3c87935290f51b24b90c01f3d49cc15bf684889ba49161e4a9dfa56cfd18b6035f03bc43ab3a557ec0421a28a48ca9638491c400969d6b93ea3d775863,CLEAR,DAYLIGHT,DRY,FAILING TO YIELD RIGHT-OF-WAY,2.0,44.5,2.0,2.0
10194c2f694cc01bbdc57679e553f8839bfd1b5c7406f186e01896e3b414b7c9f683e026fc7b9a6129ae1959373f0f4f87d1d71af6c4dcb223638ec2434ab9be,CLEAR,DAYLIGHT,DRY,FOLLOWING TOO CLOSELY,2.0,34.5,2.0,2.0
10196c839170cd510420f4be1f9f31da11557c868935b444e2bae353de2a659258daf8a2a9c1cb68c6e0b721c5fc8dcc1b865672b25ff6aac21f6ccea2633212,CLEAR,DAYLIGHT,DRY,DRIVING SKILLS/KNOWLEDGE/EXPERIENCE,2.0,32.0,2.0,2.0
101974d047106182978a5d29553db0067669f5b97a0643e95810939f7b6a943e8b6504ebd8dc9a117ff63fd62e2c8a9b584f0e06577d8f46c7266bd3c1c2f8ba,CLEAR,DAYLIGHT,DRY,IMPROPER TURNING/NO SIGNAL,2.0,33.5,2.0,2.0
1019761f46a63f6ab34afc4fe9ac13ec6789f785e99f30fc0da003be2b0b165122680c3b36e934dee02a1541539709de220e078796ce2ac812823dcdc14d4f80,CLEAR,DARKNESS,DRY,FAILING TO REDUCE SPEED TO AVOID CRASH,2.0,37.5,1.0,1.0
1019908bfaa6c736e0b515fb05c353d8faa64836a00c3066662ec1caf735caedf4884c0128458c0d7b6ecf5292bd536cd775b0b53a81081b363684f9bedd5461,RAIN,"DARKNESS, LIGHTED ROAD",WET,IMPROPER OVERTAKING/PASSING,2.0,34.0,2.0,2.0
1019b02c5fdf53477f3b08f6e8c0df5df43efad6200d5ef77a973e34197988f76f80a6474ea808206f0f9e2a3197e6d3160d90fdcb23a0afe3d4a5c4de95d4cb,CLEAR,DAYLIGHT,DRY,FOLLOWING TOO CLOSELY,2.0,34.0,2.0,2.0
1019c5b3ae55e2c846e240ce00c27e4b53c0a559ed1804f14e4fdaf5a641159572a6d181cb1f11eaac21c38bfd5b4f744315c3b5227c230bacc8a65091e441c6,CLEAR,DARKNESS,DRY,IMPROPER BACKING,2.0,40.0,5.0,5.0
1019fb145d5731b58e49c657ed1a9a0f0c5c4d29cadb2921f5c810467055849a6abd1ef5d8c73762a87a2c29d29bcbf6cba93a87c32e3b0a53781996cd6dc834,CLEAR,DAYLIGHT,DRY,IMPROPER OVERTAKING/PASSING,2.0,53.0,2.0,2.0
101a124acc4589fefbfedf8094c5d94ef8aa29ac170660f19d77bc14855dfcea8b98d64233c368b1feb82618279d59ec4001e7a7a0f3f5b585aeecca59344262,CLEAR,DAYLIGHT,"SAND, MUD, DIRT","EVASIVE ACTION DUE TO ANIMAL, OBJECT, NONMOTORIST",2.0,28.0,1.0,1.0
101a2afb842e4ef3de56643edb4510f4524ef834bfecf5934340c26621fcb913e0ec84a86c8cff5210f051097d109c8aeb361051ead0ad3d17ebdd9c8ddebac2,CLEAR,DUSK,DRY,FAILING TO YIELD RIGHT-OF-WAY,2.0,40.5,2.0,2.0
101a3ead83d5721991abee2f9b42b972e724fba88a070ae7ecff7a223e1208d7d4a31088ce7c97eb7b6eff9248b9bb0e9683883fc76102375c941748f3ff068c,CLEAR,DARKNESS,UNKNOWN,IMPROPER LANE USAGE,2.0,48.5,2.0,2.0
101a402e20d300982d1e8bad262244569d8a6fc17a80e422a489e1e94b38ff1c3e4e9ae4da2d8a9d55d04766c163a768366e343c99a457191448d13b81c20b58,CLEAR,DAYLIGHT,DRY,IMPROPER TURNING/NO SIGNAL,2.0,48.5,2.0,2.0
101a414d240a760b5f4151dd801e973176738908fd0aebdaeb1d6f1abe3d5b8da60bdfd6a48a5a79e5410567bfee715ce01f233ee87e4188b24798ca18932c8f,CLOUDY/OVERCAST,DAYLIGHT,DRY,IMPROPER LANE USAGE,2.0,29.0,1.0,1.0
101a74a01ba6d3e40e56811c1578c250ff952841fc8884ec946b8a4349119309f59c9ebe208084135885da03dae09d91f226ce4a69750fe08797f3c42546530c,CLEAR,DAYLIGHT,DRY,FOLLOWING TOO CLOSELY,2.0,23.5,2.0,2.0
101a74b112cf9e7782211bdca3ed7bc6caea3e50803a81046fc3b35f48eeb8e5c89c1260225197ef7d0a1a6d51093ce6bfef881fbbeee632767a2f04bebe6815,CLEAR,DAYLIGHT,DRY,FAILING TO YIELD RIGHT-OF-WAY,2.0,57.0,2.0,2.0
101a784c02fea72aaeb4c6a28b21cda856da4b7a269739c86543733a0d4baf4b9de8bd98fde9135eed048d01fb50e5fa6ea1073b98b0ccedcece846ec697b79a,CLEAR,DAYLIGHT,DRY,UNDER THE INFLUENCE OF ALCOHOL/DRUGS (USE WHEN ARREST IS EFFECTED),2.0,37.5,1.0,1.0
101a83d3853b27624830939138bbd77c9be55a1e6fd33a75a78479cab644192b36894cf5b964698bc61a20562c5d3f2a8b6bede7417db1a21f72e1c411700b52,CLEAR,DAYLIGHT,DRY,DISTRACTION - FROM OUTSIDE VEHICLE,1.0,62.0,3.0,3.0
101abded6e21487684167251113264be8473482b72ba819dd36d2d4758fc6ea4339ab498eefb9b1e8f40104fcae40b8b4369c5e5868e68aed209d5650db61d69,CLEAR,"DARKNESS, LIGHTED ROAD",DRY,FAILING TO YIELD RIGHT-OF-WAY,2.0,54.5,2.0,2.0
101ad6bd5a6b433bc39a83dabbde6afea3c343ebe433a61db5f9d7b93a3403347ea361ec4f26d259282743babdab6e7463ef987a82bf42c8e2b0131963c83573,CLEAR,DAYLIGHT,UNKNOWN,IMPROPER OVERTAKING/PASSING,2.0,26.0,1.0,1.0
101b081ceff55634a5097db301155ff244c16ba7cc5f0d6be8f922f8ca6fe67da778daa848d76638f98eaa15f337eec5e291241f031edeb61f6f47e64414139f,CLEAR,UNKNOWN,UNKNOWN,IMPROPER LANE USAGE,2.0,37.5,1.0,1.0
101b09c4bee5f3cfdfbc35756ab206d80e6ff8cf4ed0bf355a69cf607141bf9a97231fc61552e99d300f94aff2c552eb9e53fac87de75cda87f4a3135e5d99d6,CLEAR,DAYLIGHT,DRY,IMPROPER BACKING,2.0,37.5,1.0,1.0
101b312cf4c6d96a6eda67d5b913c0c4ff2ab8c7afbf8663f647ed290fab6f7bf7800ab23b6e580e209af5b0838d3f0673724d209554dca4aa9e8b3069182ee6,SNOW,DAYLIGHT,WET,IMPROPER BACKING,2.0,37.5,2.0,2.0
101b368ace61891f0d48f6b797b542d3d59d42d8c0d3b46461b388ecfe21bb90d6557ffa1952fbd838aa79f6785cfdeecf3cfa6e993c637d4fa6561068e2dd4e,SNOW,DAYLIGHT,SNOW OR SLUSH,WEATHER,2.0,33.0,1.0,1.0
101b53bf1caab6e4508cd7c5e8194d701bd02fba6cebcf0761049dc98906601b9bdae6c6e9ba75342e8639d80ea4c4dd31739b79f2d94f7209db394ae3d1b4e5,CLEAR,"DARKNESS, LIGHTED ROAD",DRY,UNDER THE INFLUENCE OF ALCOHOL/DRUGS (USE WHEN ARREST IS EFFECTED),3.0,48.333333333333336,3.0,3.0
101b7d438996d10078b1d38ec6b2b1d0c1bb9b1ab30ed7f67630785c6ce74a726d0bee3366caa1accd7ca4871ebc04184d2bbdcc3bf85230220c542b806e9643,CLEAR,DARKNESS,DRY,DRIVING SKILLS/KNOWLEDGE/EXPERIENCE,2.0,37.5,2.0,2.0
101b94ef5d309f6b0f50accdd40a466e0d8cf161bde34ff4d82512996661c5dcd5fcad2779170987c07f7a60889881df538d196bea8cb4ad7bbd9e27bc09fb93,CLEAR,DAYLIGHT,DRY,FAILING TO YIELD RIGHT-OF-WAY,2.0,37.5,1.0,1.0
101ba9febf51bb687b326b145218865559b6bec2fe614f4e6111601fd643f3c0293036472cb7f662c18e79fbe10b178371474e475addbf22672d28bec9e517b7,CLEAR,DAYLIGHT,UNKNOWN,FAILING TO YIELD RIGHT-OF-WAY,2.0,36.0,2.0,2.0
101baa4fce049bc82cabef40c6d3efdbc4f8466a143af214be2846f1570dfd1b5b63513262948b518b3462d705f9573b665230dbd153e73d6474047c820ecf72,RAIN,"DARKNESS, LIGHTED ROAD",WET,WEATHER,2.0,34.666666666666664,4.0,4.0
101bad79416146052237168ef6710081a197dacb8b417c5e09a1d3c731a597429f9d040747251e70af900e223ed2395ff557eeee1bba52511701b6718d8a7f88,CLEAR,"DARKNESS, LIGHTED ROAD",DRY,DRIVING SKILLS/KNOWLEDGE/EXPERIENCE,1.0,23.0,2.0,2.0
101befe68240503fb0069dbf0c10223faf7ea40d34694d022918affa9b3eac30d4b4be13f6d29d7a9182b893da355c228b30826781ad6ef4245f237bfbee5edb,CLEAR,DAYLIGHT,DRY,FOLLOWING TOO CLOSELY,2.0,67.0,2.0,2.0
101bf82ed37cd2e269b2645996668cd340fd3d33ed11f152fab93813839219be866627b2512f35658a4661a8832239615641fdc95e449066702fd3d538d7bf32,CLEAR,"DARKNESS, LIGHTED ROAD",DRY,FAILING TO YIELD RIGHT-OF-WAY,2.0,37.5,2.0,2.0
101bfb7bd02a0dca6ac0714a0d11c2c5147644faac2d52fd0e5b7ba3857cc243584107439d2e607a9ea41f22a96d1e908ca8ede3d9e419b16c7a93a34cbec923,CLEAR,DAYLIGHT,DRY,DRIVING SKILLS/KNOWLEDGE/EXPERIENCE,2.0,37.5,3.0,3.0
101c05209fd7960a809394aa2a996ed8277b7d0885e0f58287db9666116597520d26472582848f78def3ffd93712bb2e0b3618cddf52ca2f1876519107284512,SNOW,DAYLIGHT,SNOW OR SLUSH,FOLLOWING TOO CLOSELY,2.0,41.5,2.0,2.0
101c07af497b1e7b2091dfd8aa7557e942072108f3db036f2a3b445022ad9b1f07ae883fa1fca702771c36ca4db49c4dead736fee71d0f617c7ebe3dddd213e0,CLEAR,"DARKNESS, LIGHTED ROAD",DRY,DISREGARDING STOP SIGN,2.0,36.0,2.0,2.0
101c28a140e88a939777520a3d55eb33f950382fbfce60078fc6de2a59428e44712ebcbb30413071456496ccd4c3de7faa6ce41bc2aead50887c0953d5a84a0a,CLEAR,DAYLIGHT,DRY,IMPROPER LANE USAGE,2.0,26.0,2.0,2.0
101c39a8ad3b66cba9e7b30744978f9c94e361b315f6b2f1e783bd45bc415cf873bcb146196a57a00174b44c3eb6229dcf9874e9670516d6af119c1f9a03609a,CLOUDY/OVERCAST,DAYLIGHT,WET,IMPROPER LANE USAGE,2.0,62.0,3.0,3.0
101c3f9425a34b219a490d34016288696405044cbff0da56389d97b79891b79db50e85346198d25f36ef8463eecd790859ba1ecf106584dd6312057d017351e5,CLEAR,DAYLIGHT,DRY,FAILING TO YIELD RIGHT-OF-WAY,2.0,24.0,5.0,5.0
101c485de6bae8c611a462c52ebc3f8664983f0054fad29d15c2400fdf561c84b77fb076bf0e5cca549dd78bb8bf2d28ada730888670e1582a26ae3d83465130,CLEAR,DAYLIGHT,DRY,DISREGARDING TRAFFIC SIGNALS,2.0,76.0,2.0,2.0
101c523dbba5e0b1fa59b5a87a52483d1149981f57d70172b64bab8d70adf84c8a4603be9a228cd449555f8e19b7b5b8035f749b59a34331f0d1996696e6e1dc,CLEAR,DAYLIGHT,DRY,IMPROPER BACKING,2.0,29.0,1.0,1.0
101c68192c079f4b46a8160e731284ea3d8f6f1a710329a706f01ac04c6583a0c04de2461647b6380e01f63fff601073d1d6823c78fb2562391c8d3dd0549424,CLEAR,DAYLIGHT,DRY,FAILING TO YIELD RIGHT-OF-WAY,2.0,53.0,2.0,2.0
101c8d92e3dfcb4b0d17b4d4e979a8d3c8b7c8766bc4c61bda4961f6b0a0368500f5098d1e1e4514219fee7ebb5d88d43d3cf2d4191b5443a00d87ab6fd0c7d6,CLEAR,DAYLIGHT,UNKNOWN,IMPROPER TURNING/NO SIGNAL,2.0,40.5,4.0,4.0
101cb1c2341e47f1864bbac1e5a6fac3fa0d32d98ff73cb4e2f8f8daf79f83c53481b33736c97097f2eb2a8282ddbd36cbaa7a548206900b532a59d6fd728220,CLEAR,DAYLIGHT,DRY,IMPROPER LANE USAGE,2.0,39.0,2.0,2.0
101cf10ba59ab0c7fdbd00abb777d0a2e9af11f5a993db7aac7ef8342830c607fdb66158a34f7bddf2a9054c0fafb6390cd51b1f047004dcbabc53f0bb35e276,CLEAR,DAYLIGHT,DRY,IMPROPER TURNING/NO SIGNAL,2.0,29.0,2.0,2.0
101cfc25736fcbe40b566434c500e9b0c946cdf0189d698664a3ea77a140c10c7b838d3b62282ed206713deaf007f0f7cce27f28592f3b2b8ec70afe8f07ca1a,CLEAR,DAYLIGHT,DRY,FOLLOWING TOO CLOSELY,2.0,39.666666666666664,3.0,3.0
101cfd4bfc167b73a80097538cd114f81147dc601d2c9c0972fb3537d0798002e92c6152847383d740ee3bb5f690a8041d9c4a62f517b918eab991307e0b28ee,RAIN,DAYLIGHT,WET,IMPROPER OVERTAKING/PASSING,2.0,23.0,2.0,2.0
101d1ff5d685ad1b3aba7ac01c78d856a86916ea6ec358864c92c05d44f398a6f567f2cc40a48ada12ee0890193743a2f58340899d04d684ad048ede0358ab4c,CLEAR,DAYLIGHT,DRY,IMPROPER LANE USAGE,2.0,40.0,1.0,1.0
101d3dd9fe558a69378116943f61db26fc8c51307610c2a3dae081fb3d09719f6bf508b34fa73676c2844daf23349afe02e5f090cb8c1d721fe4a6f5643f4589,CLEAR,DAYLIGHT,DRY,IMPROPER BACKING,2.0,51.0,4.0,4.0
101d45e97cfe0903fe444dbb9203e67c8074623719e3e402c761a1a3d3aa64e3d0e7c89a98041d9f588e4e056facc1c16c2115b5b9c05d2e47ab15c6d0ed32a3,CLEAR,DAYLIGHT,DRY,IMPROPER LANE USAGE,2.0,46.5,2.0,2.0
101d4c13f392aa2d99b298fd389afdd81de142f3424fe22594c88d1e53118e72da179ffa46eb1147984eba764d4e4070af1cd613bad5e4686ccebd6741246f96,CLEAR,DUSK,DRY,FAILING TO YIELD RIGHT-OF-WAY,2.0,17.6,5.0,5.0
101d4e46c60c222876cdf3e76f0bf9374bf33b8e6a3da29ff38b92d5e94d6a8dfd3521a4bc36079e25898f0f2e383c4d4242f651d646d360b5226e66a7df7bff,RAIN,DUSK,WET,DISREGARDING STOP SIGN,2.0,37.0,4.0,4.0
101d6a95a94680a112ce4f50da1e266d5f4d9cc75b722cca14d876f3d9c17719c37c37d6914f5ec8d60bea69dff78ac0f9e5f3d87357c552acd41f949c1f8afb,CLEAR,"DARKNESS, LIGHTED ROAD",DRY,IMPROPER TURNING/NO SIGNAL,2.0,45.0,2.0,2.0
101d73ab154c7f2dc90564f0b220247eb02c2864681760da839919a67a0389ea13268d174e318c46378defc96076a469ad988438bcf276ebf3e41827e71e6bd5,CLEAR,DAYLIGHT,SNOW OR SLUSH,DRIVING SKILLS/KNOWLEDGE/EXPERIENCE,2.0,58.0,3.0,3.0
101d7e05c046dacd1fb5de57a6724c515b4792dc5f1d4c65ffa7ee62d3278eaee676c38921f584335d370a65bafb5596d67b294e04556087280e1d10c354be70,CLEAR,DAYLIGHT,DRY,DRIVING SKILLS/KNOWLEDGE/EXPERIENCE,3.0,53.0,1.0,1.0
101d8ba1711a487e6ca48d2e75a6134f0f20cfda2d400cd0dc6b4381e8a59b221f2ad5422a51b0d5e7e59991f7766b3f5a2f77dd55321bd9faaf549874b56681,CLEAR,DAYLIGHT,DRY,DRIVING SKILLS/KNOWLEDGE/EXPERIENCE,2.0,25.5,4.0,4.0
101d94c655098b28f58b53874e9db51e60d74168acd1c85473b005ae5e3826cc40c339e4dae256fb8faaca9b876dd5feae2d4e259ccbb50f9b5ddf3588e619b7,CLEAR,DAYLIGHT,DRY,IMPROPER TURNING/NO SIGNAL,2.0,42.0,2.0,2.0
101e0a04cb9b957753360c882cdcdca1a41498212299d8681a236ae198fb5a0b530de83f1bcd1df81f4fa41b4f2e9675f5062af35d23dbad879ca984db91884f,CLEAR,DAYLIGHT,DRY,FAILING TO REDUCE SPEED TO AVOID CRASH,2.0,29.0,3.0,3.0
101e220147d628da4c9b5b6073eb11770a7d92fdfb1feda386c090c4c62754291012a7703a7659fdf3c16c81a2eaede062f4c0cb0fc6ff7fe33aabe17744b0b9,CLEAR,DAYLIGHT,DRY,IMPROPER BACKING,2.0,28.5,4.0,4.0
101e67a632c6838d437c74dfa594bff0a98d2bf26d7d69637b52c4eb632ea95cdb928e7ce075430032aefc7c9c99f0550148304ce0232b64168c65978a59f4e9,CLEAR,DAYLIGHT,WET,IMPROPER LANE USAGE,2.0,37.5,3.0,3.0
101e859516f1040d3b76b952dd493bc15cbd1fb8453821d13980e613887e03a8ebb0f8937fee804a50171fb8f15cd5a96a675306a2db86e5b13e53a37de3bd69,CLEAR,"DARKNESS, LIGHTED ROAD",DRY,IMPROPER OVERTAKING/PASSING,2.0,28.0,2.0,2.0
101ee11d0d787ad5acd6f60027bb570447a605eb68e132cfb95a167804d7446b298b28e7628fc91037e6e64f3752c55c216cf782d83eb63421c9cc517b48dec6,CLOUDY/OVERCAST,"DARKNESS, LIGHTED ROAD",DRY,FAILING TO YIELD RIGHT-OF-WAY,2.0,29.0,2.0,2.0
101f2779ec2663aafc6c62fad8f7c6ec7b6c98fe8787775d00cf61340c93c8f4e132260295895648d6b56fea5f48ea50f240909c2b8e9421635e5970781ce074,CLEAR,DAYLIGHT,DRY,FAILING TO YIELD RIGHT-OF-WAY,2.0,69.0,4.0,4.0
101f327ea53936bc9e5d2c0120bd51baa80f26b9551fc23d1b6813bf6e9e28fa9e7f31196907812133cd3e453d3972e4650a0d94ccf7ad2f96ffdf256b6417cc,OTHER,DAYLIGHT,ICE,FAILING TO REDUCE SPEED TO AVOID CRASH,1.0,18.0,1.0,1.0