crash_record_id,weather_condition,lighting_condition,roadway_surface_cond,prim_contributory_cause,total_vehicles,avg_driver_age,total_people,total_injured
101f3ae639dee2b7c38257f90256652f3a0ba120ccfb520546c07cecd3f770a1c81bdd196a82ec4e35eedd86c49334457819a9de9c19f8d4eae278bd1ec7eec6,CLEAR,DAYLIGHT,DRY,IMPROPER LANE USAGE,2.0,46.0,2.0,2.0
101f4229c8f9f80f46d39d951a160d45aff534cedba5e08a4cfb5da30fc75ca4ccf856b52524f73feccef08a418f0abbc8263837f3c341d3f679a7019eeaba8d,CLEAR,DAYLIGHT,DRY,FOLLOWING TOO CLOSELY,2.0,44.0,2.0,2.0
101f42e508ab50fdef4af2794155f7a56e351684e59127b7ccce48f58c7f02f9998ff885ee829e9546bbe25302995b53d5543d777f7d754d62eabd0be0bc188f,CLEAR,DAYLIGHT,DRY,FAILING TO YIELD RIGHT-OF-WAY,2.0,30.0,5.0,5.0
101f4de46b4ed52883fbae5a61be147a6096876193eabfc788597a5b26b1931b9df29ee01ee154bed913a01aafc59f66fd1ded87c5a928044ba053e22389e17a,CLEAR,"DARKNESS, LIGHTED ROAD",DRY,IMPROPER OVERTAKING/PASSING,2.0,53.0,4.0,4.0
101f5950703175ca0b93a4fb3d8aeca184b88a3aba1c0f8dd6f373a8540dab77e91c2355ea3bfd865213094c7239c18e1e2dd3c20882e32e33b784c18f080f9f,CLOUDY/OVERCAST,DAYLIGHT,DRY,CELL PHONE USE OTHER THAN TEXTING,2.0,37.5,1.0,1.0
101f5ceaa1b948680882d9eb605692b56da8f1f192c143c75d57bd35607c5ac202d4f0cd382d6e295cf7ce9000ba3930d5d1f5f4593cdc5dda9f7a9258461abf,CLEAR,"DARKNESS, LIGHTED ROAD",DRY,IMPROPER LANE USAGE,2.0,34.0,2.0,2.0
101f649e555231ff8cf39302883c5db82b8290b8a650c72f72be946eccef1b37da6f0abd0b5cfe29b8cc88053466f099acfb170371e96060505b4dc1483470ec,CLEAR,DAYLIGHT,DRY,FAILING TO YIELD RIGHT-OF-WAY,2.0,59.0,2.0,2.0
101f7b77288020937681e5a59507aa9834284ffddd8d6e4b51749f442a40142ae0fdb535ab23845d83928781ddf342403cc851be2855a2449cb101ef27d9540e,CLEAR,DAYLIGHT,DRY,DISREGARDING TRAFFIC SIGNALS,3.0,51.75,4.0,4.0
101f84768fbf71899cff2efdcaa4e02734c220a069e7ebc233c8a6922e3bc8bbc448c6e29c0229fe7653fef4f6655a947cf759533e316035ebcbfe02b6f13b14,RAIN,DAYLIGHT,WET,DISREGARDING TRAFFIC SIGNALS,2.0,37.0,2.0,2.0
101fa80db42b78496419d7d538ab8604153dd465cdf1356d65470b9067e00042ce9889d6370e274f5d34a7425295e7c40bab1a4f2c5790ebee7dacfb5a17c435,CLEAR,DAYLIGHT,DRY,FOLLOWING TOO CLOSELY,2.0,28.333333333333332,3.0,3.0
101fbbf016c7505ab6bdb8a0f54c6067f1c05642695f7ec321144f34bc27cc8f893bb612173eeeb4752f38e9d53ea652365a0b309bba6217742ca599c59991de,UNKNOWN,"DARKNESS, LIGHTED ROAD",UNKNOWN,FAILING TO REDUCE SPEED TO AVOID CRASH,2.0,37.5,1.0,1.0
101ffbc13084fae3928867c2768ae3708ddc323f60687e7c1c73a8776d18d704f3806839f3ad34328a08894e1d6f1480f8003a0b5defd57d7241a9a4d2ee692f,CLEAR,DAYLIGHT,DRY,FAILING TO REDUCE SPEED TO AVOID CRASH,2.0,57.0,2.0,2.0
101ffd6f599951d3dab64c77691e6c6170400d4ab48f79eae43aaf5afed1583c1559e190afd8aee38b8c08965b9d343192202926cb24f0f20243b3fce68914bc,CLEAR,DAYLIGHT,DRY,IMPROPER OVERTAKING/PASSING,2.0,31.0,2.0,2.0
1020023f05c04519c869c8c0223215ff83a298f4a375ccc83e29661694f264aa1ca267c42ce7189778ae9adcd5c3eae05dc2fef02709a61f60e688807f2f3d43,UNKNOWN,DAYLIGHT,UNKNOWN,IMPROPER LANE USAGE,2.0,32.5,2.0,2.0
1020100180f7b658dd86c1fd3026e9870953a3b51e5c850b766ec6d0a9a27c3ab6abf75787c72b7f5aeef2969e5b19f4b4160f1ee04567a90e07d7412d10f50a,CLEAR,DAYLIGHT,DRY,FAILING TO YIELD RIGHT-OF-WAY,2.0,23.4,5.0,5.0
102010c98a400462c0194db5da89016b05147c74031c62d9f512d8b9c2fab090f0d4da26a07473e5a695f901e1fce7cceb29ae45838c5a39dac3300ce5b7eac8,CLEAR,DAYLIGHT,DRY,DISREGARDING TRAFFIC SIGNALS,2.0,67.0,2.0,2.0
10201681f96c87778d006ce211a5034551a43e1a6b50bb2029688ced567fa88dde78934591e46063734d2cfc4c1e3d4e850499a70a730747476a41f44801a23e,CLEAR,"DARKNESS, LIGHTED ROAD",DRY,DRIVING SKILLS/KNOWLEDGE/EXPERIENCE,3.0,39.4,5.0,5.0
102022c606f07175f66a37f85cc6e2c0e9771d459dfaa5c111062267d07d48d7153bcfd35a30530972a9fed0a243852194f7425f5b59928190bffc679ee40724,CLEAR,DAYLIGHT,DRY,IMPROPER TURNING/NO SIGNAL,2.0,37.5,1.0,1.0
10202492138470451d62b29b656d6d7b2f0fe0b9b89f642cce7685f59ee0a3e77ea1a3f1a4be8c661d0f0fdc9e03e39128bf7e19801c218c3a5bc7b859d37b80,CLEAR,DAYLIGHT,DRY,FAILING TO YIELD RIGHT-OF-WAY,2.0,35.0,2.0,2.0
10203f741eb44aa40698ead780891af142aa4932f701517f1b61a68b2afb00f62a550d46ab772d4ce0a875887355dad65b891ac4ce0c829cc82a3e06d9504cef,CLEAR,"DARKNESS, LIGHTED ROAD",DRY,FAILING TO YIELD RIGHT-OF-WAY,2.0,33.5,2.0,2.0
1020594ee9a27abff6379a6ad837a24fa181f6b9455194c1246be7a55f5d3c191fe09039e1820478fdaf7d631f6fe533927edb21e639504cd74b5c9a339f3a2c,CLEAR,DAYLIGHT,DRY,IMPROPER TURNING/NO SIGNAL,2.0,58.0,2.0,2.0
10206bb0bcee17a09b6fdefa4cc70df13f92c1554b3dd5582ac1b7528a98396ee826d252ecb2470c7c9ed70606c5de76ed2d7ef6d8982b4bdd219c1cd0239941,CLEAR,"DARKNESS, LIGHTED ROAD",DRY,IMPROPER OVERTAKING/PASSING,2.0,36.5,3.0,3.0
1020799a574dd961d9f11c09aa087aa8a8f9a0c277f58e8861f48d3a40ea19f6d4048a7b020c6633840d25bdd3e24238b0458de114fa62b5190971650f2ef72a,RAIN,DAYLIGHT,WET,PHYSICAL CONDITION OF DRIVER,2.0,42.0,2.0,2.0
1020b4ceccd3d53d3c0021e7560f27b96b078b01cf35351f8b973e6cb7b2e62f09afac1908bca4eb8db4b60713638d755b508eee9f1232c5ddc6d4fc0078de42,RAIN,DAYLIGHT,WET,FAILING TO YIELD RIGHT-OF-WAY,2.0,40.5,2.0,2.0
102108de9748142bc1d54334ed301801a480b45d800a6abeafd2853348e3719b37bce4683c32a34b737a2d088f67bf88fb806ce1a5bd774170a5c66aaaf9b024,CLEAR,DAYLIGHT,DRY,"OPERATING VEHICLE IN ERRATIC, RECKLESS, CARELESS, NEGLIGENT OR AGGRESSIVE MANNER",1.0,34.0,2.0,2.0
10211ac11321b4a999e0a75e02743adc28479a59e1eabc0ace517f0a6f552dc44a88443c00effc50525f1b8193478749310f260643b3e42fbdf42297ab65c374,CLEAR,DAYLIGHT,DRY,FAILING TO REDUCE SPEED TO AVOID CRASH,2.0,45.0,2.0,2.0
10213fa6fd5d37274de2cb3092e68e18116db99bf58621da873609835168b14650b84d1699f4ee14df5ddd070b55003f9746154530eec49b8700c54a4afbf6c5,CLOUDY/OVERCAST,DAYLIGHT,DRY,IMPROPER BACKING,2.0,45.0,2.0,2.0
102157bd847ace02bb165a5c4063d6ea2955600ce8e98e58e9afaaf94dce0fed91d55061aee354819cb13c9c2719bb48e985f9b5d993ffd0157c0499761075c8,CLEAR,DAYLIGHT,DRY,FOLLOWING TOO CLOSELY,2.0,41.0,2.0,2.0
10217248f702a1603b0d101babe07c7bbb6280e211fce954904be629b308c806c505b32249326ba4d26bd7d6d2619a34bccbaec9fc32fd31551f2e22ef5c788f,RAIN,DAYLIGHT,WET,FOLLOWING TOO CLOSELY,2.0,43.0,2.0,2.0
102191abbb0dbd523ea600fe3ddcd88f4fdd8cadb84f9acfcda157aba96020625dac48075ea7abafa1073932bef5a98d8e4a7a027709cbed121c4626600b7509,CLEAR,DAYLIGHT,DRY,FOLLOWING TOO CLOSELY,2.0,22.25,4.0,4.0
1021d9cd0b0f6c8e6d9efe226db9c56915a57e71abf48b56248b903fd67c8c46e6da5cd4b5495abff708361c9959616085e097243fd7f4d233e9af697bb32960,CLEAR,DAYLIGHT,DRY,"VISION OBSCURED (SIGNS, TREE LIMBS, BUILDINGS, ETC.)",1.0,27.5,2.0,2.0
1021dc23501d831c13ced2139f4539f333ce4ef2532e8f75a319713e49da10163c5009d1237d2821ab3b131ffd63afcf7b72b044d9565a995e8395c1381564b6,CLEAR,DAYLIGHT,DRY,IMPROPER LANE USAGE,2.0,32.0,2.0,2.0
10221471ee721ba30fbfbb1b15c649696c0f21ccf3070b9d7da8205474b745bacc35dec00c30ac3934eeb0d3c545c78e14519ef86bae6aee2b1c4cf5cb8a96bd,CLEAR,DAYLIGHT,DRY,FOLLOWING TOO CLOSELY,2.0,21.333333333333332,6.0,6.0
10221b109c26d07138445735924a1d53a7ce5e7c1e84f552b2aa463b779cb2fa6d5676279f20df823abde6c53772d5b57f1670e62afbe7d6359bf833b1006336,CLEAR,"DARKNESS, LIGHTED ROAD",DRY,IMPROPER LANE USAGE,2.0,29.666666666666668,3.0,3.0
1022495035d8cf625b9a29e1e7ccfeaf5715d094789743686a455763d7bf76492aa29d00d9b29b20d25c4d03196f67aaa2c5dc779f21d11d653318ff11e69c77,CLEAR,DAYLIGHT,DRY,FAILING TO YIELD RIGHT-OF-WAY,2.0,58.0,2.0,2.0
10224b522803c30816dd9c41528822fec91fa1662c1ca5d5b2fb972e9d8e8ffa0ef5bdc31301f931cf1589ee35ead5946387ce0fe22e0fd095b6da47490890c7,CLEAR,DAYLIGHT,DRY,FAILING TO YIELD RIGHT-OF-WAY,2.0,31.666666666666668,3.0,3.0
102267213b8fa8418199773cbd8bd282d964501b9c42018e203f01004df0936a161e881d080d6b55c8fbe5f45ae88f2944f6076202e27b10ea275aa2ff539d58,CLEAR,DAYLIGHT,DRY,"OPERATING VEHICLE IN ERRATIC, RECKLESS, CARELESS, NEGLIGENT OR AGGRESSIVE MANNER",2.0,33.0,2.0,2.0
10227f8fdcf8bed23e423db24a12ae45153d01af6ba747f3e7070c2cf043d29815af19f0a45083314cbd879fb3e48d91414391c82b76da6257d08d8f63295612,CLEAR,"DARKNESS, LIGHTED ROAD",DRY,FAILING TO REDUCE SPEED TO AVOID CRASH,3.0,29.0,1.0,1.0
1022933580c320a9492ac05b991c49ff890fe73ee1015e317d3b7d618b581df5ea5843b24ac164be88feb3d7f5ea380e588d566d3b563da76100d5014f1457e5,CLEAR,"DARKNESS, LIGHTED ROAD",DRY,IMPROPER LANE USAGE,2.0,40.0,2.0,2.0
10229c66dfa21f6a2a5fd5e76f9553b4574698728b2876a3603b6a2b3708c0758786d0b9816f0be2c175792df821e501591330d6080573f3258fdee7b565e36a,CLEAR,DAYLIGHT,DRY,IMPROPER BACKING,2.0,49.5,2.0,2.0
1022e841d583b8685bf4436168ab83ba04f7e14e4ba64bf37999033c834a62774d259fc11e0f373ccb9e5b5bd58251aff15cc8912d210d57f9d9d7512eb306da,CLEAR,DAYLIGHT,DRY,IMPROPER OVERTAKING/PASSING,2.0,24.0,1.0,1.0
1022ff69817357d812f01fefdc2f2b829b1ed31739f5785dbcf68653308c68ff646da6a66aa1613e08f6dd40840321e37bb5ed90a3563f6febbfb29b859a3701,CLEAR,DAYLIGHT,DRY,IMPROPER BACKING,2.0,57.0,1.0,1.0
10230452fb2d548c2bf7db4fd0ea903ce4ce3a6a9c14c0161d38128b66b4a0d88a0e7260793aa7ab15dde0528f75c9c9facb563fe0a7635c336c7a0f0f10b18f,CLEAR,DAYLIGHT,DRY,FOLLOWING TOO CLOSELY,2.0,31.5,2.0,2.0
1023203d81d683b3c92a9cdac349b63b45a01fbdc455e5798f974840b8f8e5379713d1f8413fe9fce1dd361884a314f1c32c5c9a231d920b7876d1d0e7f08654,CLEAR,DAYLIGHT,DRY,"OPERATING VEHICLE IN ERRATIC, RECKLESS, CARELESS, NEGLIGENT OR AGGRESSIVE MANNER",3.0,37.0,1.0,1.0
1023650253d68e3d761d83b421d639a9e9026b5f4a776a4957caba74a2ad69042762ff6d84b45d0b2eeb783a1b05bd807278c35f0472d57f3006bf1a21319e2f,RAIN,DAYLIGHT,WET,IMPROPER OVERTAKING/PASSING,2.0,38.0,2.0,2.0
10239aac39f77ffaa888bf74638d1d60e919f1fafaaf062f6f747b63b55043266831d1fd0850a862beb0877bef9256f7ebca14a23c293903efff005949356cec,SNOW,DAYLIGHT,ICE,WEATHER,2.0,50.0,1.0,1.0
1023abcb55a362d48d4b8bf97413fd5297468d05168b2664b8bfd8dd32179d54d3e065860c5a0437f23c1e0b9e22622979938eec7bedec40589a03a90a1241c7,CLEAR,"DARKNESS, LIGHTED ROAD",DRY,DISREGARDING STOP SIGN,2.0,24.0,4.0,4.0
1023cad00909727ed9890a301309b5d5880c7c54089b4d8157ea88370569c216c382d183c69c440167a319331cb547fd0f5ba3174df683afb21b4234c9ea3ba4,CLEAR,DUSK,SNOW OR SLUSH,FAILING TO REDUCE SPEED TO AVOID CRASH,2.0,33.666666666666664,3.0,3.0
1023e05081f339a8923b491865f5e27e92d4107c781e8c7091c1751f32fe13157a1f33dadf10aa4e1f32489586f4a03a9a039ee92255015f800195202aa2f7d5,CLEAR,DAYLIGHT,DRY,IMPROPER OVERTAKING/PASSING,2.0,43.8,5.0,5.0
1023f6c7adef32df6caecfcdecdf83c4dc024f15bdbd75665f972294e061aa15af7a1b8c4e0c85359f63d86fe7382fe93865ded76f6aedd5ec81577576a79947,CLEAR,DAYLIGHT,DRY,IMPROPER OVERTAKING/PASSING,2.0,36.5,2.0,2.0
1024066fade2d27122188ba6e723dadc5eb12bce79a9599bf5cde0bc09a35db2318e162602ad98556bc7eb97a8432741763d385d35967d6dedf7b26fee40cee5,UNKNOWN,UNKNOWN,UNKNOWN,FOLLOWING TOO CLOSELY,2.0,29.5,2.0,2.0
10243e618e58997de263bd1871121f81d42734900eced46f08b173e04658479a580861eb8eb381e8308831ad46b9eeda6cca927c886d0f6a2f9ccf8f713659dd,CLEAR,"DARKNESS, LIGHTED ROAD",DRY,DISTRACTION - FROM OUTSIDE VEHICLE,2.0,45.5,2.0,2.0
102471fba0fb0153d3eae16c0658ca605a005fa91d7331188f931cc2fb5c27e7bf28319146d5cb3340b717097263af7f2230aea1d9248b7734d3363eb757ddb8,CLEAR,"DARKNESS, LIGHTED ROAD",DRY,IMPROPER OVERTAKING/PASSING,1.0,38.5,2.0,2.0
1024968d3a58b3a7cc5493f7b2d082a30453d586097f16d9f0ce3415ab667e88c963bf74a9a6a1e9e0dd62c9011d1f6b68b6b1c4fdffe53288aea01c2dbf7e1c,CLEAR,DAYLIGHT,DRY,FOLLOWING TOO CLOSELY,2.0,24.0,2.0,2.0
1024b70d3bcc619316d0f830b46175b8cba9dedef1c4da60cca6d26edb449446f3adae22026ddf30def3c3220db8e2e7b2f5a393cb3d31c1433348c1e018bbdd,CLEAR,"DARKNESS, LIGHTED ROAD",DRY,FAILING TO REDUCE SPEED TO AVOID CRASH,2.0,17.5,2.0,2.0
1024bcc120172ada26ab9ba2289bfbbb819e712b0f895641eef37830325b4f7ddd0c13c47b46ade714f3fe8d3b5443ff18e5e84a0339f8f03d1c9b60f9686942,CLEAR,DAYLIGHT,DRY,FAILING TO YIELD RIGHT-OF-WAY,2.0,23.333333333333332,4.0,4.0
1024c6b2743b0a9776989fd81dae64b147af4447da771dda250ebd86c950f05c46cfa431fde6f2debda43d0faa0ee319ecf8c448a3307c4a080e0bb903f4c238,CLEAR,DAYLIGHT,DRY,FAILING TO YIELD RIGHT-OF-WAY,1.0,47.0,3.0,3.0
1024da68040381b676547c627a3072676acf697cebc3ad8d609682e0b6201a1028287e3e38024c3d85d0510f6aa8421195065cf48d5de436b8228300cb4251fb,CLEAR,DAYLIGHT,DRY,IMPROPER BACKING,2.0,48.0,1.0,1.0
1024fe6040f288bc1be1c4e4df2763923a4d36aa0138d3e6e058bbcc8e9c42dd3a5a490aa3e75c1494a3204295ccf8a89d7073897964bde9e6e6ea2fb02fe1e4,FREEZING RAIN/DRIZZLE,DAYLIGHT,ICE,WEATHER,2.0,33.0,2.0,2.0
102502694916cac53aaa54320530f252ab5ab8c557afec10895a8f5111fa5a164096973dc038155ee80b9845447db2c9cf613c20ba95fce98c7add57067b14be,CLEAR,"DARKNESS, LIGHTED ROAD",DRY,IMPROPER TURNING/NO SIGNAL,2.0,36.5,2.0,2.0
10253b19c3a9bbec0fd62936188c8ac7a65d874d7540727c48070b4a80a196d8000b34af741607f42fd004ddb14e42466067bf3375d9f42fba81f2f95bce6732,SNOW,DAWN,SNOW OR SLUSH,"DISTRACTION - OTHER ELECTRONIC DEVICE (NAVIGATION DEVICE, DVD PLAYER, ETC.)",2.0,58.0,1.0,1.0
10256cc48da01e2f27e6b5e2b766d2bcdb9fbe55fcf0e69d889f7bbe64119b059ee07e53580e25b40b9c340fd7b1cd366eef8c821ce909d79d80299a0feb15bd,CLEAR,DAYLIGHT,DRY,IMPROPER TURNING/NO SIGNAL,2.0,45.0,1.0,1.0
10257121de3c32ae841c9b70a6f243fb1e4573e755a9b000e4162bdf35513a35ccf884e83e989687298e86a5ce12201de1138c2bdc2f002d0378cd25e6af8452,CLEAR,DAYLIGHT,DRY,IMPROPER OVERTAKING/PASSING,2.0,43.5,2.0,2.0
1025a7224ed95fb3e18d3357be11307f269b6eb39772a1f0935e085342f77171d106169f30a1e4814f0191d5abd3ae7aa17b35b2a8f220335a044b4390004067,CLEAR,DAYLIGHT,DRY,IMPROPER OVERTAKING/PASSING,2.0,34.5,6.0,6.0
1025b4bf5624b0d89b209075f30e59ce4080ee534e760ee606447d9b2b9ed2528b2d809039585746abdb6493695ae09e7190bc0ca6d2aefc77ac94ab7183a9a1,CLEAR,DAYLIGHT,DRY,FAILING TO REDUCE SPEED TO AVOID CRASH,4.0,51.0,1.0,1.0
1025cf5a20b10dd05751d2562efca1feaff2aa7b7ad4675a342053c70c92f62d704e1238411ab0f4b26b8b715992f95636123f27b0252454239ffbf9891af5a6,CLEAR,DAYLIGHT,DRY,FOLLOWING TOO CLOSELY,2.0,24.5,3.0,3.0
1025d072ad9fd52197d458a27b36b6a6583de0e3978e5caf363bb7ae3c51096dda58573cd89b59f93b4fca4e4331f15b8f8a7b8757961f7597b8624cfa9056a4,CLEAR,DAYLIGHT,DRY,IMPROPER TURNING/NO SIGNAL,2.0,26.2,5.0,5.0
1025d9839cf95b8117ef6eb1b290d7e944bdad04da4d3027f3720a9d8289ac957be5ec8bc13f53e3a59dd8347f72ef991ff8c66b8e7a905b4fd5db2cc800ee10,CLEAR,DAYLIGHT,DRY,DISTRACTION - FROM INSIDE VEHICLE,5.0,21.0,1.0,1.0
1026097b3ea0f8f827818ba1baa8448b817e001ecd6dbedc781e63e99f28b0e280546b6e08f025dbc9e0d26f0de0336bdbf349083dcd75286c6c267ecf951803,CLEAR,DAYLIGHT,DRY,FOLLOWING TOO CLOSELY,2.0,47.0,2.0,2.0
10264426f9348edead222c796fa9a4e4c25b2e8e84fcbdf1ed60e2e2076bcb10a8e865406282d630e63bb400845f925d871dc0f2108d2ee55354467fd7fa2fc2,CLEAR,DAYLIGHT,DRY,IMPROPER LANE USAGE,2.0,21.0,3.0,3.0
10265c77abde1e1f3c15bd7d4a14fa625f575541d25dcf375b26141a01de271365828292f488e267829a268509d30e213ee2f6f82ca0fbcd91758c4dce3290a7,CLEAR,DAYLIGHT,DRY,FAILING TO YIELD RIGHT-OF-WAY,2.0,37.0,2.0,2.0
10266b3a3b6a37e16368d94c290b4b2d3d9bc8a98a56612fab19b736dbd33b766cf7602f01740c425ca3dbc1828b8c6037936d3dfbf1603e9d8004f3fe842e4b,CLEAR,"DARKNESS, LIGHTED ROAD",DRY,FAILING TO REDUCE SPEED TO AVOID CRASH,1.0,20.0,2.0,2.0
10266cd436584b5d8f550a4f5d8e1280b2c5b4a3acd42181b6581df3aede869a064a07b07b28612ebe27f508ceba857ee3f6d5d076c16401253187fd59b8e6c8,CLOUDY/OVERCAST,DAYLIGHT,DRY,IMPROPER BACKING,2.0,35.5,4.0,4.0
10269a175240ace28a43c579cd7bef1f410e11a6415952e719c1cbdaf7226b58a65b125b56d42789481acfd4dc4deac9226378120c8352a8b191307a5033ba69,CLEAR,DAYLIGHT,DRY,FOLLOWING TOO CLOSELY,2.0,34.5,2.0,2.0
1026a32298851bb230c54f0f42d468232c107824a29770662cd2f2ae203b1a6c45fb382a500ce68680e023e757edbeff312f8c2f6153ade6a792ef64c0834e1f,CLEAR,DAYLIGHT,DRY,IMPROPER OVERTAKING/PASSING,2.0,59.0,1.0,1.0
1026c55446de55f899c6143698b2a62f76813525948c1332618853273a3661bddf55f349e47f8494835bcae83d2b7cc4d27f492fc82b7a75e0b9c98936e206ed,CLEAR,DUSK,DRY,FAILING TO YIELD RIGHT-OF-WAY,2.0,19.857142857142858,7.0,7.0
1026cd5ed1d142ddea11b27242f8c03cf1faedad52901c12162c3adf4897a0f636584dfe6fd6a377106a480a78f50ed606377a4539afcc67590e8df3e0a7cee1,CLEAR,DARKNESS,UNKNOWN,FAILING TO YIELD RIGHT-OF-WAY,2.0,24.0,2.0,2.0
1026f92582ca58fcb2000ecf252382791f04f2fac99820cd3556f7422e55bbff575e554947ce7912a665c2cc9d1120baf5232a3a3b076e92ba25ed2e3201f45b,RAIN,"DARKNESS, LIGHTED ROAD",WET,FAILING TO REDUCE SPEED TO AVOID CRASH,3.0,37.5,1.0,1.0
1026fe998a0d042b01ee98b0dadf496afc97d0be045d58589de4d5c5d8d9a217f00b3a13b0f2741055b2143522b9586303fd8357c069df591a5a939443011f41,CLEAR,"DARKNESS, LIGHTED ROAD",DRY,FAILING TO REDUCE SPEED TO AVOID CRASH,2.0,51.5,3.0,3.0
1027173a54fcfad9e7591c38dfc7f31d0d1d335f1e9cb5ff759e3fb8979b30b50d1c35b89025f4ec97d156ffc0946022203a61e1e10f7e020caad7207bf66db6,CLEAR,DUSK,DRY,FAILING TO YIELD RIGHT-OF-WAY,2.0,42.0,4.0,4.0
10275dc68a467ead6c94bc2e717ad7704eb6096019ef36b9412c21198f6c26898655e1a08e055e85af0d132d0a1abe0dbbb4d7f0a8ca75c20318b4e8f39817e8,UNKNOWN,DAYLIGHT,UNKNOWN,DRIVING SKILLS/KNOWLEDGE/EXPERIENCE,2.0,52.5,2.0,2.0
10278a09dacabb239830ed5b6a39cc94e20d2a4093fdec98eacca2f2be1b13f822b63e743fa573765ed43cb86397b2746166235adc4dcfcfb2bcdad5115dd024,CLEAR,DAYLIGHT,DRY,FAILING TO YIELD RIGHT-OF-WAY,2.0,42.0,2.0,2.0
1027ba5892b619ba53104693344324c4bcf3c7da315ee7d4a8b5b5e8015d09d36898edef4efb3eb4cbc81ad1f077df0925ae62a745867609c7419a5cebdd8460,CLEAR,DARKNESS,DRY,FAILING TO YIELD RIGHT-OF-WAY,2.0,37.5,1.0,1.0
1027ba74f717b291d145855b77b2a79ea7fff31130079802eca1443b0d20c4d5b8ed9a101a1464ebd339ebb0a7fc9bd1e1b2136560bef70bb72694650db6cd63,CLEAR,"DARKNESS, LIGHTED ROAD",DRY,IMPROPER OVERTAKING/PASSING,2.0,61.0,2.0,2.0
1027ea3a454ae0432933f88fc1c3a772a9143af76c3074fd1f607e0f6b1002683b3a7ef4500227f209a3d1d2de19e380257d85d16ce1307f373fc02bf7132467,RAIN,DAYLIGHT,WET,FAILING TO YIELD RIGHT-OF-WAY,2.0,43.0,2.0,2.0
1027f22d86e32a4993898ad9c87666404f46b0f89bcb5eca25646d2e988d1b6f318cfd3251728d6cbf11e042452a728e470e08052899c1bb520eaaaecb23b6b3,CLEAR,DAYLIGHT,DRY,FAILING TO REDUCE SPEED TO AVOID CRASH,2.0,28.0,2.0,2.0
1027fd9d4a1de2a44e2a6496f804b3027ce401fc649c5dc6251dc097ec4fe6db10efc38611aaa01f7b4a2dda280ccf2a87b6ef70e65c8097ed65e324948e15af,CLEAR,DAYLIGHT,DRY,IMPROPER BACKING,2.0,51.0,1.0,1.0
10280f85defdb49d99e3d090ba20d7505079ae63ddf924c3118a1329bd32df961b4c830470cafa99f7b2969f3536c29a1b7dfc1239bb38999cd2cc615e7aea37,CLEAR,DAYLIGHT,DRY,IMPROPER OVERTAKING/PASSING,2.0,51.0,2.0,2.0
1028163fa0ce7e837cef01bd65f3d5960454aa66bfb2609528f3b726d1cb2068d6a630dbe771e0314ed38c9aa70e8c9d34710005061540c92157ec0d92981a34,OTHER,UNKNOWN,UNKNOWN,DRIVING SKILLS/KNOWLEDGE/EXPERIENCE,2.0,36.0,1.0,1.0
10282212b6a9101e93e730a47d164a28c09def360375cc2d1f90835175346fb127b22c9fd05f32f6805982cd080ba159015a8be90b5b119f92f97618938999a1,CLEAR,DAYLIGHT,DRY,FOLLOWING TOO CLOSELY,2.0,34.0,2.0,2.0
102884cffc5e285f3b943ac88710f72b7999e3e0b6fad32d734381dd6cc9e01285a71dea74c54c7843b451896edeb713e1141907baa9fe2773539436c47d59ac,CLEAR,DAWN,UNKNOWN,FAILING TO REDUCE SPEED TO AVOID CRASH,1.0,27.0,1.0,1.0
1028a5831b11b8979b0801aefb6ae112aa02b52b350f41bae11582f3942e74ebc6169fec1556b90cdd0f7661d34d894f6a4f3b565018456a82bfcbdf8d218bcc,CLEAR,"DARKNESS, LIGHTED ROAD",DRY,FOLLOWING TOO CLOSELY,2.0,45.0,2.0,2.0
1028c805a484ea0684a5dee89c42e7a056f7f771960c4e54f8cadcaab669d50d2430eec2839eed7bf4cdda53c8f82e3269ecb7712567d1f40046bdeac196251c,CLEAR,DAYLIGHT,DRY,EQUIPMENT - VEHICLE CONDITION,1.0,79.0,1.0,1.0
1028ca41e9e11fbb29dce720cc78deed1d7f283a3d953c86254bcf5b3dd9268777fd32ddb9b15c3a9231ac7ae354c0c56389eff5990323eb1d57439682d7940b,CLEAR,DAYLIGHT,DRY,FOLLOWING TOO CLOSELY,2.0,46.0,2.0,2.0
1028d2f2c6d66be40f05f683e0acb4b0fd55071a19cebe2fb118e9d4b7cbfc0f471430fb1f4e3acc4c60279cf2217b4adfc37507d84388ba5e4eea94e9532094,CLEAR,DAYLIGHT,DRY,IMPROPER TURNING/NO SIGNAL,2.0,43.0,2.0,2.0
1028d5f8a3ff3513df4dd19a4fb69b84c727079cd585301a5c0bad96d3b1681da126ab50e56d48f2bfe2dffee1e8ba78a1febc56ed3913081577a1600deb5493,CLEAR,DAYLIGHT,DRY,FOLLOWING TOO CLOSELY,2.0,25.0,2.0,2.0
1028dc652381281d6b7df89967497b78a987addd78f174c580d83c8604cba469c4e33b72748911c3d75c0a647c1a780dfac710f005200b5620aa8032e349fd6a,CLEAR,DAYLIGHT,WET,UNDER THE INFLUENCE OF ALCOHOL/DRUGS (USE WHEN ARREST IS EFFECTED),3.0,20.0,2.0,2.0