crash_record_id,weather_condition,lighting_condition,roadway_surface_cond,prim_contributory_cause,total_vehicles,avg_driver_age,total_people,total_injured
1029174d26fab9ace689de81c9ddfa3f307d0ca46d00b3a63ec8678bb83b69c13a265b7553c825f505afea5ee19183a2425459f99484e3f1e7d71cca1b337f4a,CLEAR,"DARKNESS, LIGHTED ROAD",DRY,ANIMAL,1.0,52.0,1.0,1.0
10291ce9bccb955585c83f56faa1a88923c4ac06d733452894ec9f84ebf1b97cd475f7de3a4560a9d29c72efc6b2e824863b7bc8f53d7f77353dc3d21b2824b3,CLEAR,DAYLIGHT,DRY,FAILING TO YIELD RIGHT-OF-WAY,2.0,37.0,3.0,3.0
1029391d0de5edc9fed16257ab06254a99eb52e493337cdc0b22e8fc6a8ea76569278b31ade4f12f91d149b03f786bbcf480b8c5b5925223080689ebcdd7bcb3,CLEAR,"DARKNESS, LIGHTED ROAD",DRY,FAILING TO REDUCE SPEED TO AVOID CRASH,2.0,23.0,3.0,3.0
102950f7f3b1ad998ff15b222dbdc3ca5daa4fd570311f15451dd500349b2801c00541fcd5fe57701a7a746e208f9697b56f79ba3f457f0c97e7cf77e1827ec2,CLEAR,DAYLIGHT,DRY,IMPROPER BACKING,2.0,62.0,1.0,1.0
1029789e1a7bc15874aaf4cab6744ec63e727cbc29e46c1a26f76c36262e8b1b426775947d85d0173d6f66a0bdfe624b3eb512553a6573ecf6a31136c254678c,CLEAR,DAYLIGHT,DRY,DISTRACTION - FROM INSIDE VEHICLE,1.0,43.0,3.0,3.0
102986bc2cf72151a6c9bf4542f72d307aecc05ff926dd0896fe207102dd6108068c1f2dd2105f43005f2a1e31e6a4ff4cf0b142fcaae5a9af5a4583abd3b2e2,CLEAR,DAYLIGHT,DRY,ROAD ENGINEERING/SURFACE/MARKING DEFECTS,1.0,50.0,1.0,1.0
102990ae84c95144dddffa5c856f3e419b0184751f95c73b4f1d049769db65b8831c3af3e89b29d3c4a985b5a59880acf338d99cac584c8892825a0d7de1b7ef,CLEAR,DAYLIGHT,DRY,FAILING TO YIELD RIGHT-OF-WAY,2.0,49.0,2.0,2.0
1029949863cdb5f614cdbfc2828357d1a8782af95fd6f2a25f6ff11d079ffde3305d057d0f62b5125032ad616c8287e5f21c4e178a4aa30e3cb82d07afdd5b73,CLEAR,DAYLIGHT,DRY,FOLLOWING TOO CLOSELY,3.0,49.333333333333336,4.0,4.0
1029a56c2aa293ab2936ca4fc6c64d16b288cbbbf347a11486dec6cadaf3b5a83c3ec32148f4a7af1d3fd9adb84a6dc5decdedb2fea911e8707714f7c010925b,CLEAR,DAYLIGHT,DRY,FAILING TO REDUCE SPEED TO AVOID CRASH,2.0,24.0,2.0,2.0
1029a76f6734f3d6af45d1371dbc4adc43b718671fa18967f63014c1cba5bae565e1c87cd2f4cb2bfe2d409124c32c44ef285e9dabac4faf37a9fe2e186e9f6f,CLEAR,"DARKNESS, LIGHTED ROAD",DRY,FAILING TO REDUCE SPEED TO AVOID CRASH,2.0,47.0,4.0,4.0
1029a812a9e787976606ae8247e40b5893ea2302e23c5bb38f13d5dbacd7ebde9ddfb5107db72755b2b19982f83bed74e2ebc41b2feaa8628b6ce0392240a1af,CLEAR,DAYLIGHT,DRY,FOLLOWING TOO CLOSELY,2.0,38.0,4.0,4.0
1029b9ce965db6a0e2cf31d4d533bee4d0d8df4e4a107ecd3bf51b396e012528fc47089b4eec3b3ae230dc15c7dedd059d5219c760487d06ea30c2cecbf7fb5a,CLEAR,DAYLIGHT,DRY,IMPROPER OVERTAKING/PASSING,2.0,54.0,2.0,2.0
1029e8f4079ff8b2b958fa50de5c42ad60af6f18591c32c84da0c07a89854c8c51015a1089234dc0ce2cc882af6068d431c6a96d41aee9c781d535748637ac7a,RAIN,DAYLIGHT,WET,FAILING TO YIELD RIGHT-OF-WAY,2.0,47.0,2.0,2.0
1029f328c24b2ac278bf83430e5773aa51c45e0892b3b9af0f4246d9c561a9a87a5d10a398ff66791d58961a77db2cc6a03059ce9915acf97f3c6531985dfdbf,CLEAR,DAYLIGHT,DRY,DISTRACTION - FROM OUTSIDE VEHICLE,4.0,32.0,2.0,2.0
102a046a36bb5c62491bf393a8013d919c6528f0cdb46e6850e49368dc78a64a8a11f799453e1a1242803ce5f7eac7f258fd088e799e9c792dffce2ff265e6d7,CLEAR,"DARKNESS, LIGHTED ROAD",DRY,IMPROPER TURNING/NO SIGNAL,2.0,37.5,2.0,2.0
102a13f408353bca9cb461269bc19eee927f907e2c0f473f4eca969f998bba3970336d9c098a27e5087f2f764a9a5a406c4191a56699999f8aba5aa93b9836ee,CLEAR,DAYLIGHT,DRY,IMPROPER OVERTAKING/PASSING,2.0,27.0,2.0,2.0
102a752aec1669df8127a23a0163870990e1a9fe0fc21d19bbb18d1d756a38164aba2fdde32154478eebf96f7226252ed6577303e1bb6c42dd22f005e2b51161,CLEAR,DAYLIGHT,DRY,FAILING TO YIELD RIGHT-OF-WAY,2.0,49.0,2.0,2.0
102aa7fbab1a854a68ac6b6b7ca26dedfb4301b4d2f2fe765b000caeada181bf4f25b35bf8551085d7c6e39e2ab6369b64c5132700e84952f7b80e76051bb8bb,CLEAR,DARKNESS,WET,IMPROPER BACKING,2.0,50.5,2.0,2.0
102ab9d439c26a1f19354a515fc5348cb9324747908c7c7734995db14fb255d24bf7930d33bb16a9cd4f95cdb7f03cfe9d97e29d0ca8e3bd99414839f5ab7cb3,CLEAR,DAYLIGHT,DRY,FAILING TO YIELD RIGHT-OF-WAY,2.0,25.0,3.0,3.0
102acb1a5b32cc1126f94d550078af9089e9e15a645e5f3f63188e77693aeb2224930f5dee885d72a717f5eb1b0fbc3608e68d2792b9f29796bb6c0c02d7be4e,CLEAR,DAYLIGHT,DRY,FAILING TO YIELD RIGHT-OF-WAY,2.0,35.0,2.0,2.0
102ad9e50677afbe8574c03f220b875db2a5e25e4a5dd306a03f3a335dcf9fc20eac2dec7dafb51613ca0ce7d4f5a388f7f75729465bdebab17bddee26ffadf8,CLEAR,DAYLIGHT,DRY,EXCEEDING AUTHORIZED SPEED LIMIT,2.0,37.5,1.0,1.0
102ae130aa5dc752e70e19ef64cbc41e20f690ff81ec3fc91373669e9fbb9d88af16f63eb35e72b4b783cda71fb3d82a3e827ba60dee4581fb90079d34b3ffce,CLEAR,DAYLIGHT,DRY,EQUIPMENT - VEHICLE CONDITION,2.0,43.0,2.0,2.0
102ae4c8fa09dd0f62fe67a8f9a4304c815c762bb37caa89c5824c313225af98c11bdc5f4d2d99787683fe631876dcbfedf96417b8fdb5c53460d7f3fa7cbb88,CLOUDY/OVERCAST,DAYLIGHT,OTHER,IMPROPER LANE USAGE,2.0,29.0,3.0,3.0
102ae921630a5136e882ceb4def0e6647cf7d59698acf71b659159bae990db2621f2a873cfc4a361456dba6d720ec70c71ac49a2211b3ec28f62d9292c84411d,CLEAR,DAYLIGHT,ICE,IMPROPER BACKING,2.0,53.0,1.0,1.0
102ae99731c55390c8bd464d2e6cdbf7c56ee3e3570805db31c15ed5c53beb35bfc9ae26a4a4ab509a989d1e51960852ab031030ed8e9bf119591733f1ef4fb1,CLEAR,DAYLIGHT,DRY,IMPROPER OVERTAKING/PASSING,2.0,46.0,3.0,3.0
102af225bbfbe0bb7d5b7057df82a04b7096f39377cfb486d34d7986e85a57bf78bb8d53c40d4cd9af907449f773216fc61fbedf8a704bf11d65b677a75a641e,CLEAR,DAYLIGHT,DRY,FOLLOWING TOO CLOSELY,2.0,37.5,3.0,3.0
102b15cd383245617336617f18edaa62e9ced49645e1dd73463c8eacfa3c44d52bad1e4f0273091256c5fcd9801de2139ceef6cc29cfc963b5ba5c6abaf8c18c,UNKNOWN,UNKNOWN,UNKNOWN,IMPROPER LANE USAGE,2.0,37.5,1.0,1.0
102b1e5b718245550c1808eb07c0873d6e6a2338a8e4278f4a2a4f27daeba91098ffcde44a4795b6ed885b18b72855d8a9d6b67054a1c38e453bdbb9feb664fa,CLEAR,"DARKNESS, LIGHTED ROAD",DRY,FAILING TO YIELD RIGHT-OF-WAY,2.0,28.666666666666668,6.0,6.0
102b2d296521072060754188bb85a185c0555c12907fd6ed1f167db3ba1667a638ccae754ce289fe1f8dd3ec03b62a41883c404071bd3d15061a5fd1e2773813,UNKNOWN,DAYLIGHT,UNKNOWN,IMPROPER LANE USAGE,2.0,28.5,2.0,2.0
102b34e44a49d26ae0a7d98275f8bfbf559fdaac24994c7f09c1aa2368355a104fb23a0fece9c829d085ddf04740aff7b0a82d66619840b4f80abeff2cd6a2da,SNOW,DAYLIGHT,WET,DISTRACTION - FROM INSIDE VEHICLE,2.0,34.0,2.0,2.0
102b4f5423417f1916e854944352a08003fb81bb00ea4b64d5e86e27697e8ef23aa719527ba5b6eb3d75b806792639c8816353fbf179aaa9fd45855107a609da,CLEAR,DAYLIGHT,DRY,"EVASIVE ACTION DUE TO ANIMAL, OBJECT, NONMOTORIST",2.0,36.0,2.0,2.0
102b5d484582a09970241a63cee204b3eaeea76e756a6e19f1e07d47444adedb8f47470cd5c9f31a444fca85572d6a236f1c9391924c57e3fe58e2d1f598d029,CLEAR,DAYLIGHT,DRY,DRIVING SKILLS/KNOWLEDGE/EXPERIENCE,2.0,37.0,2.0,2.0
102b8fa5a30b0279ba59e8c2ee74696f1bfaf8eb64963ee9576a2951239186662944813f345be0721bf137de8f4a6cab72e36d11311e12c12bd983045883db10,CLEAR,DAYLIGHT,DRY,IMPROPER BACKING,2.0,49.0,2.0,2.0
102b9729a6ef261e1bba2254f3fd4e7a66fa2819b86cec8f33c83b75196e1af1d1d410e9a116b5408830158f3954f4e6f893d1a17169b597c495397e031e7d19,CLEAR,DAYLIGHT,DRY,IMPROPER LANE USAGE,2.0,68.0,4.0,4.0
102b9ec2955b770917547b78893aefc77906475ab008572916902e13552864a6dfe3c7112fd5a3d74f00d2149c1b603b82148e34751f11db5fefa03b8d62686c,CLEAR,"DARKNESS, LIGHTED ROAD",UNKNOWN,UNDER THE INFLUENCE OF ALCOHOL/DRUGS (USE WHEN ARREST IS EFFECTED),2.0,42.0,1.0,1.0
102b9f16f893391fc045b50263c72277dbeecd4acedd6bb0053979c2c7ad6638887a39b278d2ce04950ec6cafcaa16ee14c47dfd582e02d6933ca09859a70148,CLEAR,DARKNESS,DRY,DISREGARDING STOP SIGN,2.0,35.333333333333336,3.0,3.0
102bb5116b8f4708cbde3001a2b51d91042a21bf517d51f9dd4f1016aa435432eb1852471c3032d0db3b39aad3c8e44448a8d92d4c076a3acd30b86d9595d646,CLEAR,DAYLIGHT,DRY,FAILING TO YIELD RIGHT-OF-WAY,2.0,39.0,2.0,2.0
102bbcd5dda4006d32322fc1469642cf0e2c85cff0b76283e43b1deefea4209116d728a5cf0c258b58c588d4f5dd7283ef9357bb3437c32af4cbad3237abe725,CLEAR,"DARKNESS, LIGHTED ROAD",DRY,DISREGARDING TRAFFIC SIGNALS,2.0,23.0,5.0,5.0
102c24634da00041f9d4fb6d0d6d2051557179ca06f1a388bf3f64d580c47b63e1abe26a906ba1c13476b045c36f9cb63b5c21020187c8831df3954d68933b7a,RAIN,DUSK,WET,IMPROPER TURNING/NO SIGNAL,2.0,37.0,2.0,2.0
102c30d40a00d27b9785730bf5f774df6f27661b2eeb0e0131d64b91e1e7447f3f93030eb73a57a5553181e5b63d93e4c2d1538c994e842f07de8fcc749ab3b4,CLEAR,DAYLIGHT,DRY,FAILING TO YIELD RIGHT-OF-WAY,2.0,31.333333333333332,3.0,3.0
102c319b2c4f544af416f9019dfc378279417ccc20463034dba381ece73338341bf548b0cf4de298d5a55c53797fde0cb0267545847c8311b44364cb23376ace,CLEAR,DARKNESS,DRY,DISREGARDING TRAFFIC SIGNALS,2.0,33.5,2.0,2.0
102c36ca0de49b42e252c44d057a5c4d13f6f97674dce5c064818b0d35f773d49f6791a7e71f4e1da8e5cd4b7456083612bca5781fc07749c76d2efba2209318,CLEAR,"DARKNESS, LIGHTED ROAD",DRY,IMPROPER BACKING,2.0,50.5,2.0,2.0
102c469dbbb7ba4cff05e5e55d8116c3b80895c85606936ab81643c8884cfaf649396f181b0d2e4bd93fdc45b8da0446894f9668539718c866fa5acb932c6839,CLEAR,DAYLIGHT,DRY,DRIVING SKILLS/KNOWLEDGE/EXPERIENCE,2.0,33.5,2.0,2.0
102c511f272e98a7cdc199ef140e50a8838dcf8bb058656888c6a8b123a1667e798074b3f607a881dbeb1f152e642725d50ada8c291e3a0564fd86cafe80440a,CLEAR,"DARKNESS, LIGHTED ROAD",DRY,FAILING TO REDUCE SPEED TO AVOID CRASH,2.0,25.666666666666668,3.0,3.0
102c5c53643f2055f1ecf677a57e87ecf5db74072f8ed03ce18c857370239600b2b80543ead3a39484cbd4ac9860d9cca15b1f3d7b27c13a72425e9804bee096,RAIN,"DARKNESS, LIGHTED ROAD",WET,FOLLOWING TOO CLOSELY,2.0,37.0,2.0,2.0
102c6ce14a1c0b88fb751ad738bc8f21e17c1f484fbe117019873a6875d0f42f4b37c1a9d0109db591a94c2f21efdb48f51c604d07866975836de6b4bd8f0bd0,RAIN,"DARKNESS, LIGHTED ROAD",SNOW OR SLUSH,FAILING TO REDUCE SPEED TO AVOID CRASH,2.0,26.5,2.0,2.0
102c6e152031f0a7f1cadf95a323cacb0f277d0f2ef42b21029c9fb04821897274adc0706d6c5dc60868a4a83720343c6726ae62c3e6376165080186b6a3653f,CLEAR,DAYLIGHT,DRY,FOLLOWING TOO CLOSELY,2.0,46.0,2.0,2.0
102cb9a24d39816c96c969941cd07d847872207bd2a6bf50bd595657dc1bafae2848a8a6686a35842d154093b75d7143e8a133a504de70b7336082ae5f136094,CLEAR,DAYLIGHT,DRY,FOLLOWING TOO CLOSELY,2.0,31.0,2.0,2.0
102cc1798b8abf36a69eb299c00284d98cc3ddcca270dffb3875ea7ba91ac302fb9cf8f00596ad0ce850b58bf6c57cd9bd63e9cfe9dfb9ee5d0fea92649d6a7a,CLEAR,DAYLIGHT,DRY,IMPROPER LANE USAGE,2.0,73.0,2.0,2.0
102cd675b31d36f88ce3458e9aa767c4bf34372cbf8aba2cca03e76a81425c7b84a479b2b9c44572f741a4af94170c66e484c71e2f88b56e1d82d810945bd498,CLEAR,DAWN,DRY,FOLLOWING TOO CLOSELY,2.0,38.0,2.0,2.0
102d16756b369eaee65eab501ad25a58e3d324b52bcbaf972f2da550258b94b0064265cd7982f99c6178b84a25746df731d206d878ba26141fa8932b05b12fea,BLOWING SNOW,DAYLIGHT,SNOW OR SLUSH,WEATHER,1.0,59.0,1.0,1.0
102d3715bfa999cb4be16ac6ffe1788f5e8359edfad6b8cdd52721ae5507f1d3421901a52c40c158aa7f8aaa2e59190d9394dde7fb68424f5d91afe71eb22be8,SNOW,"DARKNESS, LIGHTED ROAD",SNOW OR SLUSH,IMPROPER LANE USAGE,2.0,33.5,2.0,2.0
102d58ea16525f17c7d422f40da400892ce782ef24857bf8ff67f585c0f32499927fa9466133aa59ed20c6238761233d50c90ccfcb9a61a5e274736941e473d3,CLEAR,DAYLIGHT,UNKNOWN,FOLLOWING TOO CLOSELY,2.0,30.0,2.0,2.0
102d7183ed0d17f40621141a211b9d1a3afe9a6bc8c24562805ad11845d8f8d686ec7600d7c00178dda63b1e67b39cb7fa13e4f979af59d348d917cb8d09d2d4,CLEAR,DAYLIGHT,DRY,TURNING RIGHT ON RED,2.0,37.0,3.0,3.0
102db7a924ddcd7c5ee2e6fceaf226ef6c8cac69f40c3689d7139073ca8c9b98234284d06f16e641d39fdc23969b05dcf57cce3accc0137dc3988334f0ab9917,CLEAR,"DARKNESS, LIGHTED ROAD",DRY,FOLLOWING TOO CLOSELY,2.0,42.0,1.0,1.0
102dbd4dd10b28ed5c4e89525af857490b91b26d3c4dcf61085cbacc28be68d19263ad47322d9f505286efdafeb2d82179f82c961b540b4f974b75d28c502f53,CLEAR,DAYLIGHT,DRY,DISREGARDING STOP SIGN,2.0,27.5,2.0,2.0
102dbdf7d9908d243371b1751b6470a153b834c96201f5676ae456ca0195a0b615c5d79af6462c7a5712a33d8f826131137bb05c0c602e21e60a755f3028c4f4,CLEAR,"DARKNESS, LIGHTED ROAD",DRY,IMPROPER BACKING,2.0,33.5,2.0,2.0
102dca6a77bfcdaec82ff238ac2c491b89c3a18488d252b2848d9580b2a83fca9b247d73ca5a9700d67be9d22812c2ce2968301baf0d55d99cf0605baa3b8a02,CLEAR,DAYLIGHT,DRY,FAILING TO REDUCE SPEED TO AVOID CRASH,2.0,26.0,2.0,2.0
102de52e6bf12239d9222b020536697f4b24540e1a51b42497a8bb9b1e41f61aa5d386001aaafccac81d650e6c033515b5fd031de73bc810076c7df06811d06d,CLEAR,"DARKNESS, LIGHTED ROAD",DRY,PHYSICAL CONDITION OF DRIVER,2.0,62.5,2.0,2.0
102e2eb85b40db0d538f70349dc7221196f5b2af034cb0cfefcfbacd3c9c0ec2d608711938397b4b8951dd2b10637085de6a1fd1e143f0151d4dd09b26499ed7,CLEAR,DAYLIGHT,DRY,IMPROPER TURNING/NO SIGNAL,2.0,32.5,2.0,2.0
102e5aeb1aa339bde8daa9e92711bfad29756e97708fa9f451e62ecb93c9004e56df7cab5cf870009d73c0e251b31920faa1495b83531d211df7d6d2158ae3d5,CLOUDY/OVERCAST,DAYLIGHT,DRY,IMPROPER OVERTAKING/PASSING,2.0,42.0,2.0,2.0
102e62d8d0024e3af86d6285db79bec0a9f407bd3284d7378b01d6c7f673923ef78c26d255b3ca54602dd3f912c3a8969bc515a4c6732d46e6cf99f2a496e80e,CLEAR,"DARKNESS, LIGHTED ROAD",DRY,IMPROPER OVERTAKING/PASSING,2.0,0.0,2.0,2.0
102e6523fc705e183115f7e9b4846cc3db96ca32932e246d851f5b266af502fb63bbe8520dad94bf7d081768438269e35dcc06421dc411bbdcd56d3200dcb80c,CLEAR,"DARKNESS, LIGHTED ROAD",DRY,DISREGARDING TRAFFIC SIGNALS,4.0,16.285714285714285,8.0,8.0
102e68656e44f2597870cc6271e2ec0dc751ee8e53d9b1becae9c1cab1f71850854b18859c5f1ddc1f4550a2fd3634bd1e3b34c1a300cfbc1b4b75e8f84bddf0,CLEAR,DUSK,DRY,FOLLOWING TOO CLOSELY,2.0,45.0,2.0,2.0
102e81f0974174925f2d9c723798186441343996867380f0343b83284e4616161b68f94ada5c18861b6f24816dd83bce7f7fb03ba84a9042fd77228d28da11dd,CLEAR,DAYLIGHT,DRY,FAILING TO YIELD RIGHT-OF-WAY,2.0,41.0,2.0,2.0
102ec535c7360a28e830b236f553bdb4b4185a8509e96ea8671b48dc0f500a774fc132826fa88085b548d1f66cf2edb178c95e5f03ffa39a15b6bba043766314,RAIN,DAWN,WET,FAILING TO REDUCE SPEED TO AVOID CRASH,2.0,43.5,2.0,2.0
102ecbb9766b90ad21646ecf204e6e272a06c7fba250ec6889d6d3cb243718059739e66ab981ceee930460d5fc6c4dc347c4cb921ba18fa6ea40091bb2d29ab2,CLEAR,DAYLIGHT,DRY,IMPROPER LANE USAGE,2.0,48.5,2.0,2.0
102ed26f0ea7dcdb83194a168ee50122d53b00a5af78b45ebbb7306c4cd7fa533cf9a65381c204fcf7bb0964d4e664c57c905be86c8396895cef8a4f1e4c111b,CLEAR,DAYLIGHT,DRY,IMPROPER OVERTAKING/PASSING,2.0,27.5,2.0,2.0
102ef08e874b5391446b54d1557b2f287f488d10aa958499234d243d6077256ae7abbfa6daf4332f68a724feaddec089f7ad000441f1c417a733ac33ba9b7e9b,CLEAR,DAYLIGHT,DRY,FAILING TO REDUCE SPEED TO AVOID CRASH,2.0,43.333333333333336,4.0,4.0
102f3644e9ad2f77a7d14d834e14cd408428bf3fdf44b51e9b02f884125ea7c214dabba644f81a9e3be0d0430b534282585547fabf51fe604ba758504984bab4,CLEAR,"DARKNESS, LIGHTED ROAD",DRY,FAILING TO REDUCE SPEED TO AVOID CRASH,3.0,37.0,2.0,2.0
102f3c08c7a60ac9c907b157c8e55d071e70bd8dd8d90aed5bb8f25a39e23961cc8445696c9f74b378f2ffe64020f56312a8d8544c1cbd3da4cd74985bdbf291,CLEAR,DAYLIGHT,DRY,FOLLOWING TOO CLOSELY,2.0,53.333333333333336,3.0,3.0
102f438c863a5baff90e5b95bfc65af2de5ec4fd2e3aa8b48e8def2796b8cfaae825740b3b14cf8d1fe3d4f549239f4df0b5f1fe1315319fd20e8d05fcf06bc6,RAIN,DARKNESS,WET,FAILING TO YIELD RIGHT-OF-WAY,2.0,50.0,2.0,2.0
102f661787f5caedbbc6e75823e7c522c5d05eacf2835f751f45569ad42d1e213c1de1d94e45bd97b6a2efa5f078624841d004dbe2bfd25709e6795188fbf626,CLEAR,DAYLIGHT,UNKNOWN,IMPROPER TURNING/NO SIGNAL,2.0,39.5,2.0,2.0
102fdf38c7f29301c0cc6bf750fb3e6d2d15e6f326d9784cf35e3c411424fa66487f731138178071e923d9a1a78c3c86fd109bdd7fd1802a6c13b566e25b9ec5,CLEAR,DAYLIGHT,DRY,DRIVING SKILLS/KNOWLEDGE/EXPERIENCE,2.0,19.5,2.0,2.0
10302d7a4eb22bc242628b9829ec6643c992416f704eda575d5e1d201e747f5c15374e1fc0d020ddcb7597947894b80d89cfdccee259c15ef9f3703f3eef17c0,UNKNOWN,UNKNOWN,UNKNOWN,DRIVING SKILLS/KNOWLEDGE/EXPERIENCE,2.0,71.0,2.0,2.0
103048d39d28c521009acf9192b3c3ce40b093ef42a67af4db5aea48d5fe77284fc7c2a394e9c1e69a07242f885a62c05cde4d1abf1b8fcc9bd80ce4dcd9e901,CLEAR,DAYLIGHT,DRY,FAILING TO YIELD RIGHT-OF-WAY,2.0,52.0,3.0,3.0
1031227a60da2a72ddd7d7e1ea627bd683f231af86c7e230011839fc026dc791f6f81991323d7b032f170e576eadef0826d1e34e7092caa16ebfffa1c6f299e3,CLEAR,DAYLIGHT,DRY,FAILING TO YIELD RIGHT-OF-WAY,1.0,37.0,2.0,2.0
103137f1d9b404a5b73d0d4861ef69bf5ff573c0cbfa45df15572ab165dfd1f25b2898885316326c2077c4bf836d792b86656fe3683c2667bf4ddb150f97dd29,CLEAR,DAYLIGHT,DRY,DISREGARDING TRAFFIC SIGNALS,1.0,58.5,2.0,2.0
103153c46dec97f0f1beceb1d489706bcc71499a8c239905448219aa6231f88c412581ade09568a8f575e9239e0c6b70968d243da257517e471f495f54485646,CLEAR,DAYLIGHT,WET,DRIVING SKILLS/KNOWLEDGE/EXPERIENCE,2.0,17.0,1.0,1.0
10316b89abb03cd21c7fc1c3fa180a2ffb3065be2602988dc6183f4fb2d17e36c7e1d4d829b6f7b0d2724352375d6ae55de9886300d5ecc8de047a0411717b80,CLEAR,DAYLIGHT,DRY,FAILING TO YIELD RIGHT-OF-WAY,2.0,42.0,2.0,2.0
1031bc56fb74bd1a471c5a9bfb8d397bb20bbfbe1479ea53a0f762184d5f24695a8341dc617c585524cd1fb818e6a98d9036c694d0bea69b38561c54824ee959,CLEAR,DAYLIGHT,DRY,DRIVING ON WRONG SIDE/WRONG WAY,4.0,28.2,5.0,5.0
10322aeefed949efffc1a8a92de6ed0ac340e78348f140637bc632716326683b143d8e00baa228a865ce00680259f57cace6abef9509d88acccaa5d5db38a347,OTHER,"DARKNESS, LIGHTED ROAD",ICE,WEATHER,2.0,44.0,1.0,1.0
103252bd8f9a10f8c7db8d98533ffbcff5da5560fd45e979ff8f68f07ea849549f0bf8c46dffe38b281a0a4660c6a04e5c3c09a88dbbaa19818709783b25bcaa,RAIN,DAYLIGHT,WET,"VISION OBSCURED (SIGNS, TREE LIMBS, BUILDINGS, ETC.)",2.0,50.5,2.0,2.0
103277beb1ffb1fe8e5361ee8a1f8aec3d38b48707b2d3cd64b1368f152391b6352cd05b258f7a0b909ae2e2f1a91c36e1cf9fb588b527ef615dbe3c37ffeb04,CLEAR,DAYLIGHT,DRY,FAILING TO YIELD RIGHT-OF-WAY,2.0,27.666666666666668,3.0,3.0
1032ee0d3dfb51cca267af750cbcac2f1e6fc399083be4aef331230936cbf2674c17620d76629071d482bff7d0dfb48168ba5e97a33b8249e92f7bdf04cf3863,CLEAR,DARKNESS,DRY,IMPROPER OVERTAKING/PASSING,2.0,25.0,2.0,2.0
10331a1179fb859045a0928808e64005db58f1c74ceb6f68250fbbf956145f108c14e215a39568334fe84228df7ddd193bee09a33b56a10b24a9538a7b5dc205,RAIN,"DARKNESS, LIGHTED ROAD",WET,FOLLOWING TOO CLOSELY,2.0,37.333333333333336,4.0,4.0
1033605d3d1016c5c6572a3c71afc1110d9d998ac3844bd2234512016d33f067f53e9120ef585150bf602301fd9024cbdd5f11760c1d88ed3932930ec641dba5,CLEAR,DAYLIGHT,DRY,DISREGARDING TRAFFIC SIGNALS,2.0,54.5,3.0,3.0
10338f43b89f578b2a428e75c372532b8e11d9c5c1d841aab6965b078776cd073a1b97629bae1f984ff9fd3566c596d93ef14e6474efa4fc4ca59b245945a35c,CLEAR,"DARKNESS, LIGHTED ROAD",DRY,FOLLOWING TOO CLOSELY,2.0,37.333333333333336,3.0,3.0
1033c2cfd8ca1434ac9549798e48de69b2002200ba8620311cf7a35bff84977d79d18875d8ba9c438f1c5c6b52b32ccfeab7284eb1eae98f6fc90e056bbe8e23,CLEAR,"DARKNESS, LIGHTED ROAD",DRY,IMPROPER TURNING/NO SIGNAL,2.0,24.5,2.0,2.0
1033cfa8bfb27a9f1abdf049ed0d605eff6fa7f6e3e7baff96ccf22479812ba1a9ff1c98e4480b264ffa95c77d7bffa7e0ae53fa5bf2571ab270779707f672b4,CLOUDY/OVERCAST,DAYLIGHT,SNOW OR SLUSH,IMPROPER BACKING,2.0,30.0,4.0,4.0
1033f6a0fd1c0382a84816d383c29114027c66341bd1633f5795a9706c76f177805702f940ee343785cbf552429a37625d4acf61431ab4722ad31169b81e10a7,CLEAR,DAYLIGHT,DRY,DISREGARDING STOP SIGN,2.0,48.0,2.0,2.0
1033fc947ad4e1841c81fe1bff62e904edf552b62d8eb7820e936a1d39621cb664b4e3187d22fa9c1de5ec85189238c5eb98d90761d8bbea6c7574777717335b,CLEAR,"DARKNESS, LIGHTED ROAD",DRY,IMPROPER BACKING,2.0,24.666666666666668,3.0,3.0
103402d1cae3788e4cc3480beaf83a0a7f9653378b391240c905afc42979dd8591dfaab031239d3404bf209810174b37192b95465443c278de76af3d8c2328ce,CLEAR,DAYLIGHT,DRY,FAILING TO YIELD RIGHT-OF-WAY,1.0,76.0,2.0,2.0
103411b976fb4425ae152551a49e422f6e8311e794f6a7215e7fa2b7683ecbe655b9d728a38335d8213576c8388abddfd5c48dfec8cacff345f782481a4347c2,CLEAR,DAYLIGHT,DRY,FAILING TO YIELD RIGHT-OF-WAY,2.0,56.0,2.0,2.0
10341aa204249b461ecec55f4fee746fa1e38c3370e80f718fa4bd9b4c5c7ccc2025308e237fde8f02c8f66eabf1255ae370dc01395cf892570350d6b468e438,CLEAR,DAYLIGHT,DRY,FOLLOWING TOO CLOSELY,2.0,37.5,2.0,2.0
10342e0fd4c73f9693fd11dab0ae3bc5dd48e3ed42315fa4396322139e059e3b8007c3ac7dd8a7a95a894ec6c7fbecbe4f57e602bb7d616ae5ed9a9dbb88f6aa,CLEAR,DAYLIGHT,DRY,IMPROPER OVERTAKING/PASSING,2.0,33.0,2.0,2.0