crash_record_id,weather_condition,lighting_condition,roadway_surface_cond,prim_contributory_cause,total_vehicles,avg_driver_age,total_people,total_injured
10343e4d3132857ad52b0f7a8201054232bbf955e0c169448178cabb958332f327d8dd0c07ce7bf96432c6e42e130189f5e67aa680e988ca9d1401fd749e5c7f,CLEAR,DAYLIGHT,DRY,FAILING TO YIELD RIGHT-OF-WAY,2.0,27.0,2.0,2.0
10347a284079180993aa23e098719259ce74c126ca143604425d6339a91438c476c463ca8c8f0bfa894b7b5eb0a02fa9905a9984f95c2380048fe19238be80e5,CLEAR,DAYLIGHT,DRY,FOLLOWING TOO CLOSELY,2.0,45.0,3.0,3.0
1034a6808bcab8a9d2ca24c2437f2c50e758923e7f58d52a34339bd5d7b76d25d396b09530abf645c92f66bc0cc04720c572536287c28e096b37620fb7eecb46,CLEAR,"DARKNESS, LIGHTED ROAD",DRY,"OPERATING VEHICLE IN ERRATIC, RECKLESS, CARELESS, NEGLIGENT OR AGGRESSIVE MANNER",3.0,19.5,3.0,3.0
1034ad4482c1bc83ac498910eca0b342d2ce939dc2c439e6ddc229395aaa686b1f8766c45e0e403d6825e4468c18f947e93307ed5c4d7e2eb424c019e8ba5462,CLEAR,DAYLIGHT,DRY,FOLLOWING TOO CLOSELY,2.0,46.0,2.0,2.0
1034b7742d67e45daf88991b19ea5abb700ede39339d437fd1282567201307efa8361832cecb874c3380e2c8d902e7bbd8930239136cd15505e43576bb081e19,CLEAR,DAYLIGHT,ICE,WEATHER,1.0,0.0,1.0,1.0
1034c33b077b6d4db7b3871ee8b863b9d5c038df7ec92daf26c76237efdd3aa30a801eea00a48bbb92720ed1103f95a6d646d39766d7ae9c3e24eb7ef0382635,UNKNOWN,DAYLIGHT,UNKNOWN,FOLLOWING TOO CLOSELY,2.0,55.0,2.0,2.0
1034dc54ed539fba9e35a45e3a585c5b0f80f387662f99515413893e68ed9dfc1accd590d33ef8f30b598b4cd14801e78b0c8cd116a1da32e1f0c98a7f80757b,CLOUDY/OVERCAST,DAYLIGHT,DRY,IMPROPER OVERTAKING/PASSING,2.0,21.0,6.0,6.0
1034ef1cd3c8d000503e7e2a6164e34e4e37f5a533729185d4dda2d3ce8de48011d3199238b3b5504a8947758e5021b7757c79d6350b2878e600dc3148724dc1,CLEAR,DAYLIGHT,DRY,FOLLOWING TOO CLOSELY,2.0,24.0,2.0,2.0
1034f342c6f4b4c13fa0f10bc1f758f3ee5927b93fdc3ee310759f312f9c2f2af921a9248d16d2eb5b95dd8758867e35169c311e45ef8f966d6ac75dc90466ba,CLEAR,"DARKNESS, LIGHTED ROAD",UNKNOWN,DISTRACTION - FROM INSIDE VEHICLE,3.0,37.0,3.0,3.0
1035222228af004aa9f2b2c11cdb330ba04f9f70a1dd171acd7f6e5c235780f8013eeb2ae1f2e7991797e381307f063d326addf982e90a42baa6bbaaa21cffa9,CLEAR,DUSK,DRY,"OPERATING VEHICLE IN ERRATIC, RECKLESS, CARELESS, NEGLIGENT OR AGGRESSIVE MANNER",1.0,0.0,2.0,2.0
10354cce978aa023c7030f56573e0bb41352b2bdbe95bf2ed7087b6d8da04fc1e8d08901cc7024c41d2276460f13994dc9ecb2356736d3f90de76c532a37e254,CLEAR,"DARKNESS, LIGHTED ROAD",DRY,FOLLOWING TOO CLOSELY,3.0,35.0,3.0,3.0
10358118b27e2b73455f176003d763b9aa6bedef7d120490e7dccc03f0627115fa16dfed787469f9b5ab004371e7c76989d92ebcd279a3786f04a016d34abae4,CLEAR,DAYLIGHT,DRY,DISTRACTION - FROM INSIDE VEHICLE,4.0,35.4,6.0,6.0
1035823e2db10aac20ce6aad242e581bf4bef6f07bb46670af3d6b5398c8517a17f3801a105b66c34e7c6517b8b36c055e62f553132109988254b90113a985b2,UNKNOWN,DAYLIGHT,UNKNOWN,IMPROPER LANE USAGE,2.0,50.5,2.0,2.0
1035a379225a84cfc83d9e701290290e0e3730ea18f724bd46c8b56eb72abb6ad099e703acae25003c8aaf9db2ed742a2865434d148dbfe4b23500af2c74752b,SNOW,DAYLIGHT,ICE,WEATHER,1.0,36.0,2.0,2.0
1035abee1a11380edbcd541803f25ccac25e006f5f642044ffe9ba8a93494d9309879bff25390b08c30a42c1b41b51780379728fcd503099363b2513a1ce108e,CLEAR,DAWN,DRY,DRIVING ON WRONG SIDE/WRONG WAY,2.0,41.05555555555556,22.0,22.0
1035c5e66f0557bd0f00f5f05d3782558d39ef15299a3a39f8888f0c54c8a9aabea28abeb857116b17825877508641f29d373ec8289f367ac2b6a14201d7bdda,CLEAR,DAYLIGHT,DRY,IMPROPER LANE USAGE,2.0,28.0,2.0,2.0
1035ebc882d5002af2612a07315131c854a5776e8de8c211747a9d11d38f1964cd1e5676fb5305bf33f92917b54b6478f5029b4fc189aa082e147cb1b1bdeb83,CLEAR,"DARKNESS, LIGHTED ROAD",DRY,FOLLOWING TOO CLOSELY,2.0,43.5,2.0,2.0
103604ce0f64f9d9c0625e6198a787bb9c2d2802496c9c7ab11b1ed0acb91589e182dcbd39c2a2fb0b43e894d7290dbe4875e871c8c58a761a9a6ed05b480f1d,CLEAR,DAYLIGHT,DRY,FAILING TO REDUCE SPEED TO AVOID CRASH,2.0,36.0,1.0,1.0
10361042cf902ec05864165867030726eb53e5a95f2629eac8c71e60610a1b4127fa5ef68f65ab428f07baa3da5004ae275c7ff7fc4317de6376f952d90d78b9,CLEAR,DAYLIGHT,DRY,FOLLOWING TOO CLOSELY,2.0,41.0,3.0,3.0
10367bd80c2c1ca39448f4adc3ac0ccd891ce219906bb8ee177356e04ef37bddce4c08b57e22082e9df93cb8a768433492f828dce0a07887745271fff54f200d,CLEAR,DAYLIGHT,DRY,FAILING TO YIELD RIGHT-OF-WAY,2.0,31.6,5.0,5.0
1036a9600c905cdb498981201eacaedd3c471004e104ffe1d1af929d892fae8ba69b7ffb4e4a97e96c118e4f9554fee0490e78dd6ded46561f8992b415ad1c0b,CLEAR,"DARKNESS, LIGHTED ROAD",DRY,ROAD CONSTRUCTION/MAINTENANCE,1.0,42.0,1.0,1.0
1036d3ecdbfde2989830f8daf9ba38377f530a6865206aa49d90f731ea24542a61a420173047c5b73510e2c99fda20165b9dcd30da4adca34fa93ed4d6f3663b,CLEAR,"DARKNESS, LIGHTED ROAD",DRY,IMPROPER OVERTAKING/PASSING,2.0,29.0,3.0,3.0
1036d64b879d239a790e64b26cbd0f811cb9d48bfc1c8180de0a690d7c06a6c530836ac01bd643042578e02e47a089ffc7e0cb665fceb6b811f5095867367570,CLEAR,DAYLIGHT,DRY,FAILING TO YIELD RIGHT-OF-WAY,2.0,51.5,2.0,2.0
10370dec4108214fe39cd3fbd4b0595d2ce30c5ec6620a1b7b4c15e235a9e1fff1a4f4c888caf8cbd6a2ebade5dc9aa22473bcca27e2edaba6193950b38cca1f,CLEAR,DAYLIGHT,DRY,FOLLOWING TOO CLOSELY,2.0,24.0,2.0,2.0
10371dcb64fc42a8855002501227a039cd69fa3130a07eb75ec9da757a564b391296f50be0594a44b0c150dbe7b6aada4288a391049774e2604eec9e52a66bec,CLEAR,DAYLIGHT,DRY,FOLLOWING TOO CLOSELY,2.0,22.5,2.0,2.0
1037549eee1b54796c25a50768195b11480eb24e5f7da1b64d489030190cb193cd7fa2b38190469ee2081b05bcab8d43e784262a99b574af0ac04b1aeb852117,CLEAR,DARKNESS,DRY,IMPROPER BACKING,2.0,46.5,2.0,2.0
10378414d59f18f216b166948f5b11ca74f6e4a8e18f1436c7f9fd1fedadbc35c31d518e8d49e0e60dc3ebaf282092217789c5699254086cc0731ef40d048332,CLEAR,DARKNESS,DRY,DISTRACTION - FROM INSIDE VEHICLE,2.0,45.5,2.0,2.0
1037887b75e8f90dfad1764c91fa65e1e836b87ce6463e092cbe3710c8f9f41d7186b348ac87fbb1620a907547bcc9b4007c601fae3abd27420be4e6f949b338,CLEAR,DAYLIGHT,DRY,IMPROPER TURNING/NO SIGNAL,2.0,24.0,2.0,2.0
1037a99d38c7c3fe32325906fc001165fa49c69bd61161462d435e1c67211e7a739ea9d7875bb9bf284f20a5c7b5485ce8f96c66d43637a5e1af328fb513fbd6,CLEAR,"DARKNESS, LIGHTED ROAD",WET,DISREGARDING STOP SIGN,2.0,18.0,2.0,2.0
1037ec21c5a9b792dc4c9b68c2938f95e911596a95a8f2f87e818c5f9ef8abbcc8bef22876f776a6a497c6c9958388d85579f4c0d54f74ff10ceb5a3b065824c,CLEAR,DAYLIGHT,DRY,DISREGARDING TRAFFIC SIGNALS,2.0,30.0,2.0,2.0
1037ecbc22d780dadc0408811385f04905907b4507204b4d9f84896f43493e3e448a5edbc35c34401d1c80c59e5188ea1188b50f59fbbd53351a289165a126c3,CLEAR,"DARKNESS, LIGHTED ROAD",DRY,IMPROPER BACKING,2.0,37.5,2.0,2.0
103831bd55c34a2821aff2abbfe70ba443e595b24180af17e73b395d582e3443a2848fc37b1ce12435442f94f9165ae0ede1bb1f8d6ef45913a3fc5ea039ed9a,CLEAR,DAYLIGHT,DRY,DISREGARDING ROAD MARKINGS,2.0,37.5,2.0,2.0
10388cd4b7ca3cfb0d367d9241f1ba7bba4a85a9e824c5581374ed9b12762893941f2c5c06bed1392010da27578daead565fa9e47c27275ef586a167a9b42b7b,CLEAR,DARKNESS,DRY,FAILING TO REDUCE SPEED TO AVOID CRASH,2.0,38.333333333333336,3.0,3.0
10392337e976600e6c98ff6d81b372ac5262d49768984b02aa1c3bfd4f5167fac0c2ae2057912ef0ca20f8258bad4080254d492ce27d912631066ac56f72de75,UNKNOWN,UNKNOWN,UNKNOWN,DISTRACTION - FROM OUTSIDE VEHICLE,2.0,54.0,2.0,2.0
103930fd2f3ff666ffc2e91625ebd0ea5ea43ed46e63ef93716721b43150677a9ceca359a03abd690f098dcf6a53218b057c8400115d75b67690d8902a01cd61,CLEAR,DAYLIGHT,DRY,FOLLOWING TOO CLOSELY,2.0,50.0,2.0,2.0
103965f4941b175b9244981da0ba38789cc6490e60ede358903434ea5d14c316428898dd94f69c9a03fcfa50c5c4201b92da74774a0f7269ea9965d6b09c15a5,CLEAR,DAYLIGHT,DRY,FAILING TO YIELD RIGHT-OF-WAY,2.0,39.0,3.0,2.0
1039765ecd16f2387199971a01fdca841b18c8b7983d2a3332e488a0923bb69da89f2cdfbfbdf79dddde17324612497201d7dd80e840a3634361d746b2c2231a,CLEAR,DAYLIGHT,DRY,FAILING TO YIELD RIGHT-OF-WAY,2.0,52.0,2.0,2.0
1039779e036668e27b82aac8285934e6a216d5d74666a75f3f1d94433a125ff2b79bbec04431c09a34ac8d5da511e1337a479462865198efa4bea781056b81f6,CLEAR,DARKNESS,DRY,FAILING TO REDUCE SPEED TO AVOID CRASH,2.0,30.5,2.0,2.0
10397fbc66242cdfcd87889005d4bfd7df9e50f31a1b54e7dacd1f0ca4f1e2273c3d9ba4838674738b1da1023bbb8a359d2574799b34e2def2428b18d4b27ab1,CLEAR,"DARKNESS, LIGHTED ROAD",DRY,UNDER THE INFLUENCE OF ALCOHOL/DRUGS (USE WHEN ARREST IS EFFECTED),1.0,20.0,2.0,2.0
10398f7283a91bb5ecdc5a96ce4434102e4d57fc7ca46eadc48c4dbb350b6d574cdc04f30d9165c7a4c43f20827a2250e36ddd03ec1e60a0343b422397757116,CLEAR,DAYLIGHT,DRY,IMPROPER OVERTAKING/PASSING,2.0,49.0,2.0,2.0
1039aa06df8531f0c9644c663b684a56372441b473ee409bf93bdc395ef7a792d550b9851b9a03dd5513f32c04c2d185c869e5fec1dafd636a57fa37a8093c46,CLEAR,DAYLIGHT,DRY,IMPROPER LANE USAGE,2.0,57.0,2.0,2.0
1039b3cafcd2710ce85d5b1885c853161659df1086f3e569f3eae0bc478cae5645053d08350a8848e4740a3f7880d50b393589599114bdd2f3a3c9192e923ab0,CLEAR,DAYLIGHT,DRY,FAILING TO REDUCE SPEED TO AVOID CRASH,2.0,15.4,5.0,5.0
1039bb18e79a3222e7c4fffbbd92d7a974ca6befadad5e6524207931e7fe8c79b954d26f53439bbafe357eadff45fe60de3c68786abac6ee5277cdc513276ea4,CLEAR,"DARKNESS, LIGHTED ROAD",DRY,IMPROPER OVERTAKING/PASSING,1.0,59.5,2.0,2.0
103a56515d4ad827880ef82020e1b6bf038db558c49fcd62022627d3750df1dbee62391761b8513798be12e57c30d5bda026d0e9aa8662866f3b771fb75f731e,CLEAR,DAYLIGHT,DRY,DRIVING SKILLS/KNOWLEDGE/EXPERIENCE,2.0,49.0,2.0,2.0
103a8c2a403599fce9d28ccb7966c50b240e0383b60ba84fa9d44ecafbac1fd7fecf5c780c6e31ab266ee9d5fe2d95665f3f1ed581793085886281bdba048a48,CLEAR,DAWN,DRY,FAILING TO REDUCE SPEED TO AVOID CRASH,2.0,39.5,2.0,2.0
103a8caf2f29f459bb5b0b438b4e346f7d562f717643e31e33224323c9f087b89524398b66689051675e39c2dbb9ae90fe5e33fb18fd6ce466f7f1d248ca4f69,CLEAR,"DARKNESS, LIGHTED ROAD",DRY,FOLLOWING TOO CLOSELY,2.0,37.5,3.0,3.0
103a91fe6b6d1a37f627f3d99bcb74248d18b4fae21f07ef8eae082f1f1f6fc364b9e6f2b6f05500e2801380570064b09944f4816b17085c278e40ab0b5ee10a,RAIN,DARKNESS,WET,WEATHER,2.0,34.5,2.0,2.0
103ab24efeb16ff0e8519f6ca068e48b5422ed924935c4e5ac47e0ad7933fc4816d7e4d52d72cac8fb409b9726288c4cdee84d4b3a2470a406a4b70658b82041,CLEAR,DAYLIGHT,DRY,IMPROPER OVERTAKING/PASSING,2.0,31.0,4.0,4.0
103ab9addf16ed3b2ce3cdb6ab7abfb496e786e1b72676efd8da1891553febc22847aac9dac26113b6c0da47c08240e716654d539e4eba7cbbc106dd704eae75,CLEAR,DAYLIGHT,DRY,DISTRACTION - FROM INSIDE VEHICLE,2.0,22.0,5.0,5.0
103aba8e2fa6075022422b76a6661bb8c59869d51888e1a179c3114880b8c9b86f5f4407b1bcf5c797056fd3da598a8d3ee90990f9e2838d2c22623703cbb950,CLEAR,"DARKNESS, LIGHTED ROAD",DRY,IMPROPER BACKING,2.0,43.0,2.0,2.0
103accb7fde2b959e783327f2aa1febecd96b12b2fe85dce973eab6549a4463dd9af0d9bad654565914a84aa8d2d56a8186775cc7d57f3287e8a52c573ed05e2,CLEAR,DARKNESS,DRY,IMPROPER LANE USAGE,4.0,37.5,1.0,1.0
103ad0fe2082866af42f8315ecb586904f86b8b6ce4f35b15b70899a6a53c53d3a0dbea1afe736984047fed4dd73b570162ca561b6bd48d3027ffc0dc11a7b46,CLEAR,DAYLIGHT,DRY,FAILING TO REDUCE SPEED TO AVOID CRASH,2.0,38.5,3.0,3.0
103b1039dc365dcb9bd0cbc37727c53dfd0b53ceacc3422c10239bda5a9e217e9c0bc0f54c5d4fbe5289e36f9419b6839de539d2eaa76fab46448d634962770d,CLEAR,DAYLIGHT,DRY,DISREGARDING TRAFFIC SIGNALS,2.0,37.5,2.0,2.0
103b1559b56f716b14df9857b0767db65a04070b19092987d684e1eef040e89c10c7293a205ca49d72960c0c9198c9cec10188891077fb3914d9b984072d683b,CLEAR,DAYLIGHT,DRY,IMPROPER TURNING/NO SIGNAL,2.0,35.333333333333336,3.0,3.0
103b22cd2b3bf9f3e2713019465425a6555299fb88b2f45d9dfbc8593e7cf47f31865b72267d6079de51cbec12758a125fb198fe3c7ed33afe60f06fe949bbe9,CLEAR,DAYLIGHT,DRY,FAILING TO YIELD RIGHT-OF-WAY,2.0,21.0,3.0,3.0
103b3d05522855457057694fced1ae21d7fcc27297eb4591852b1172735c70b59af167111eccfe45d1417d09159015b243899a7c0b37c43cb4de768f6bc94008,CLEAR,DAWN,SNOW OR SLUSH,IMPROPER BACKING,2.0,43.0,1.0,1.0
103b55dca7545c95a2813b4ad9511b4d06ba8aed9225bd749a37f5f7fc9232a9c84fc66cbc8bae61f8f3088df27072d2b7b8d732702d31a4aae4d6fc3577f3ec,CLEAR,DAYLIGHT,DRY,FAILING TO YIELD RIGHT-OF-WAY,1.0,37.5,2.0,2.0
103b56ccba0ee67d866e8bbee4a73f325a874df9fdceca6da726b5f0fd836d76e7ec2329fb18976505309322a84232757e272868437d338f4be970f991c2ae9f,CLEAR,"DARKNESS, LIGHTED ROAD",UNKNOWN,DRIVING SKILLS/KNOWLEDGE/EXPERIENCE,2.0,23.0,5.0,5.0
103b7b8eaf3c452ba5b87c3d1a198b0973724de6a6dcd14473436d81fcd7749984ad94984bdca4e838e24f69440a1e8c5c1967384765cf3f8b03628a0f8d7da3,CLOUDY/OVERCAST,DAYLIGHT,DRY,FAILING TO REDUCE SPEED TO AVOID CRASH,2.0,35.0,2.0,2.0
103ba89416fdb4ae4c23e437d60fe903b6bb9a6911276eef059703af8593a0a3de9b99425a676c1058f590126cb973a8e079d58254e66de7cc6fdd051d609ae0,CLEAR,"DARKNESS, LIGHTED ROAD",DRY,FAILING TO REDUCE SPEED TO AVOID CRASH,2.0,36.0,1.0,1.0
103bb236ca0466a2efaf046196a53b41180e8748495f0194caa0c9917f347c946d7250a177f4e95296703e32a7bacacfe32f1fd87b9abde115df95d148f0b28d,CLEAR,DAYLIGHT,DRY,FAILING TO YIELD RIGHT-OF-WAY,2.0,28.5,2.0,2.0
103bdc16625f68909eff949c07295c55d575dfdab462e234f2a3b0e42856e40aa5f2d56cf966039718bc5e106fde65a02675b53a337a8e7353e86a09d8c6e396,UNKNOWN,DAYLIGHT,UNKNOWN,DRIVING SKILLS/KNOWLEDGE/EXPERIENCE,1.0,37.5,1.0,1.0
103c38f0834132693dfa1860636fcec84549929afda67c949e466de87c229bba555ab276bc5d6e359d4d94a184f50fadbeadbea88248170b118e633db522e640,CLEAR,"DARKNESS, LIGHTED ROAD",DRY,FOLLOWING TOO CLOSELY,2.0,27.0,2.0,2.0
103c83b9ef188edf5903bd831b058ea1ddcc8abf60d14eb955c7233e44ddde846ad6241028fcad604b2d376ce10cc836e937d0f12dd91facfe4567bfe09ca8eb,CLEAR,DARKNESS,DRY,FAILING TO YIELD RIGHT-OF-WAY,2.0,26.0,2.0,2.0
103ca051eafbfbb472923505d50a15e100919c60e317f6a5c06ef9fb597dfccd4c9023f73a694ae522dc8662625dd0f711c9c3151be69f0a9f7e78d2e4e19dcb,CLEAR,DAYLIGHT,DRY,ROAD CONSTRUCTION/MAINTENANCE,2.0,33.0,2.0,2.0
103cc0eb3858eb28aa6208be58854af0371f90361c6ad556cda59c05fd336e9219368f9c03d13d9553f0b93a17b5155e5db8a223b8209c6a2b3820fa6326fe6c,CLEAR,"DARKNESS, LIGHTED ROAD",DRY,FOLLOWING TOO CLOSELY,2.0,56.0,2.0,2.0
103cebef7519f959d8bc19e0fc8fc6ecc369deb269420012d4b0ebfa9809da028260f7c6a5be59578795f858a30e78087ad8ce2b49629633ad60a0d4bf9a2640,CLEAR,DAYLIGHT,DRY,FOLLOWING TOO CLOSELY,3.0,32.0,3.0,3.0
103cf0147b54162deb44d807169a89c2078acfc28eaab15a5e5c20c2bf9535515226a32d5e2acab00f015b5d8e2b8a3cdc1d59d0d04b7087bf7a194995f1971d,CLEAR,DAYLIGHT,DRY,"OPERATING VEHICLE IN ERRATIC, RECKLESS, CARELESS, NEGLIGENT OR AGGRESSIVE MANNER",2.0,58.0,2.0,2.0
103cfd312377b348622bf209229522eaa5339c2cb2a4e3a2c3167dc3167d10d8eaa440f4b7c29d4fca3a9cef36d8ddf016a6551f0897ee98f9ebd2af0d8457bf,CLEAR,"DARKNESS, LIGHTED ROAD",DRY,EXCEEDING AUTHORIZED SPEED LIMIT,2.0,33.0,3.0,3.0
103d203169c7a5377487cfd919e75a884c5d1a7e4800cf724ed40bbeeaeaf677ddfb40c874d82cd940c9f96f681977577ac48a666c6ecc7dff3e47c48845ce1c,RAIN,"DARKNESS, LIGHTED ROAD",WET,FOLLOWING TOO CLOSELY,3.0,32.0,4.0,4.0
103d2fc9346cfc45870d7c768d8344209d327d044584b98dd52501660df1918df07fda04f7855e2df5187efa06615ae2bff3c69feca94a647ed51d5c1307eea9,CLEAR,DUSK,DRY,IMPROPER LANE USAGE,2.0,66.0,2.0,2.0
103d578f8d6097c76b0dec2b6cb9bc4c6c7e1461114d740e480af8707daff27af1c17813c0b68a68478ca859101261640d4c48b326114e3045cf7e35c1bd1860,CLEAR,DAYLIGHT,DRY,PHYSICAL CONDITION OF DRIVER,2.0,58.5,2.0,2.0
103d718679678083263e0d8f9ab2bd84d10e70e98cea286021d84ac4e26a9495e8623156515712e46aaf7a1656fde9e72b7954a6385e53883729549d1c2bd5e4,CLOUDY/OVERCAST,DAYLIGHT,DRY,FOLLOWING TOO CLOSELY,3.0,37.5,3.0,3.0
103d8087504f567fba46014a95cd94679fe39f5dee930b0959f92b8c813987b27fec3539133ef1138af07a969f80bad8b268a7db811810130d89364adb51cdd9,CLEAR,DAYLIGHT,DRY,FOLLOWING TOO CLOSELY,2.0,78.5,3.0,3.0
103d85c285bea54e02e816c4c74c9e1dc73a9136a24bcdca7a36be42c0d1ae6743e40ecdd19fee0f72b1aaa25ebe43c20cea3562b60e60e98a515c159cda7704,CLEAR,DAYLIGHT,DRY,DISTRACTION - FROM INSIDE VEHICLE,1.0,26.0,1.0,1.0
103d9456ebddb1ea98e917df7294f0ad5c2af822bf52d4d2452f5d98a0c7038675e9bb1d709dc8348fb0219f67f54635e4e3d11089b83df8a69c84534fe79c87,SNOW,DAYLIGHT,SNOW OR SLUSH,WEATHER,2.0,25.0,2.0,2.0
103d9704e30140473e225d880131ec48774a049cd53f49ff8815e33b664d2e12df8fbe095e8d17e9d350d37d6e732beb60d68ddfc38553c37215f51c17370d7a,CLEAR,DAYLIGHT,DRY,IMPROPER LANE USAGE,2.0,37.5,1.0,1.0
103da5cd808a751e3f145cf0140cc16c9b88dadd06f14bda9a5209749f5218af4a1634d0fcd0fb1f49ada186414dca252ec3cbfe119b8fc56bba2615a945216c,CLEAR,DAYLIGHT,DRY,FAILING TO YIELD RIGHT-OF-WAY,2.0,51.0,3.0,3.0
103dbbba42277185cf895be36f03ae625d3cf8e24ccdccc9453c5991713d9de9c288f789ca5f189136b1e87e94e34c3e4fd5487d45cad356fbd2e301d85e8812,CLEAR,DAYLIGHT,DRY,FAILING TO YIELD RIGHT-OF-WAY,2.0,37.0,3.0,3.0
103dceceab86f36d69e31b3a40cba9eca9a626656b6e2d2baae3d029ac4234586135718751adc48656aef2b255d7772ec6890ff531e76556500f1e2154981103,CLEAR,"DARKNESS, LIGHTED ROAD",DRY,FOLLOWING TOO CLOSELY,2.0,56.0,3.0,3.0
103e0e884b87669c964d0894235959053e4c959dd3e013fe40bcc26def79d4bbd95ef0e4f31589c296a95b0d39d3d81838101834c5dc68eeff1c50bbd3690d23,CLEAR,"DARKNESS, LIGHTED ROAD",DRY,FOLLOWING TOO CLOSELY,2.0,0.0,2.0,2.0
103e1943d3783a3347831bb0def5b6d4207e7b25793fbf7294d54bfc62ebddb2e162206e82284b5226201fb7588a7900a4e969cb9ff5c46fbfd154cb202803a0,CLEAR,DAWN,DRY,"VISION OBSCURED (SIGNS, TREE LIMBS, BUILDINGS, ETC.)",2.0,25.0,2.0,2.0
103e22768311a99cc4cbef42a280e6fa3e51a7fce0a5ea7316676cc9670c42cb097e0f975396073a4ad32094b94b4f29f6938e0b7ffaad342b3d6439d4cb84c8,CLEAR,DAYLIGHT,DRY,FAILING TO REDUCE SPEED TO AVOID CRASH,2.0,47.5,2.0,2.0
103e27becb2d02fb63789fd767b2cad28bded0133fab14d1eb0d32eb8c03a03acbcb2b44e0841acc037de003dba679d493d0e8af8000f54695ccb021bde14f38,CLEAR,DAYLIGHT,DRY,IMPROPER BACKING,2.0,11.0,3.0,3.0
103e36b755b673d75fdad28585a6a96844ac2b04bd88eebd9ecccc164197aaedcd811769b2195fa86904db8171098818feaafc5a5c9e6b66be43ad862b4aa02d,CLEAR,DAYLIGHT,DRY,DRIVING SKILLS/KNOWLEDGE/EXPERIENCE,2.0,39.0,2.0,2.0
103e73df1aca959a8aaf75dbc761de87ceb043aa0c5cf26ae0b1af6769e726b6656510697fe4e7409388101b9f2742a3936b4c0dfeda1c0b8e5435eade967f5c,CLOUDY/OVERCAST,DAYLIGHT,DRY,IMPROPER OVERTAKING/PASSING,2.0,39.0,1.0,1.0
103ecc9cb10b8422187e14568060fd4362fa27d741eba7aa0835583202d6197e61021c872442c46af5d74850fe6bbeb20318c17e267aee64291fa7d2d15c4795,CLEAR,"DARKNESS, LIGHTED ROAD",DRY,FOLLOWING TOO CLOSELY,2.0,52.0,2.0,2.0
103ee78c873b9a8006dde807db82e8264cbd75271cb7d794163d9828b5aafe2b6b69388d2b818f6c5ec095374002f80027c3b437b76152ce8928295cb1a8d02b,CLEAR,UNKNOWN,WET,IMPROPER OVERTAKING/PASSING,2.0,48.0,2.0,2.0
103f078549eb7d0187aeb888bf7fde45351b30be7df25298b4d96b9ff1125af4f94c0da3b6aff8f6e438362feb04b922a6ea22872760727ac23aa5cd23594367,UNKNOWN,DAYLIGHT,UNKNOWN,DRIVING SKILLS/KNOWLEDGE/EXPERIENCE,1.0,29.0,1.0,1.0
103f24ec71fec4ab22e735f5c68b62f8005e4a431c39358d6bf2c72018f479e9740062e18bf55694b84476a06686e1459a786b760fba5fe05a32715cc94bc0df,CLEAR,DAYLIGHT,DRY,FAILING TO YIELD RIGHT-OF-WAY,1.0,36.0,2.0,2.0
103f29c5114c51d8a5edae8ade595fb9cbc5ad4aa2f9b0550354b5dfbda8dd43a4b663ff516467f86c8af16b6f30364ed37ffc701fd0527745842cf410d64828,CLEAR,DAYLIGHT,DRY,CELL PHONE USE OTHER THAN TEXTING,2.0,47.666666666666664,3.0,3.0
103f4db4df4a932224715c717f54370ff4fa72e0ed37c5167291fe5fcb21cb71e2037d943a670cc1b140960aff4c765c8662f93506598ea08dd8f9704a674dce,CLEAR,DUSK,WET,FOLLOWING TOO CLOSELY,2.0,37.0,2.0,2.0
103f8cb52cfd8bf66d6defdbefbf6cadd0dccef2802b420e28e255d9c96db247ae7d10d4f312f79c72bf2d032a0195d6e7f63a859f621b8749f1b1aec6157476,CLEAR,DAYLIGHT,DRY,IMPROPER LANE USAGE,2.0,33.5,2.0,2.0
103fd650ca55e8efbd83387d30ed389be00ddd6f27f872c74c13857e012c945f5364f2207e03374b6cdbed59c798f06659e3163004e87e22175587b061fdc872,CLEAR,"DARKNESS, LIGHTED ROAD",DRY,UNDER THE INFLUENCE OF ALCOHOL/DRUGS (USE WHEN ARREST IS EFFECTED),1.0,25.0,1.0,1.0
103fed0ce49ef9464f114a9cdad7c705a302e144bf2444e13ada87afa4711664f19e2d5ce9d773d9ddfcdee4e7a4c2100b07954241512355b72f93930add68c7,CLEAR,DARKNESS,DRY,FOLLOWING TOO CLOSELY,2.0,33.0,2.0,2.0
104016e992218da8e8caa3ab78f34edf8ab8fab9d2fa1e412b8e1eaaa0336b95671d93af4c59aad79e29808cb544cd962b23c5951818311f1d083ea2d086a4f1,CLEAR,DAYLIGHT,DRY,DRIVING ON WRONG SIDE/WRONG WAY,1.0,40.0,2.0,2.0
10403f1bb3877b67b0f9e308e9fc02374f2b87243ce8be588e9159130e34545a9bb760adcd59b681fc869a2a506ad0ecc76878ab7081c0221d3041afc4c3d4a8,CLEAR,"DARKNESS, LIGHTED ROAD",DRY,FAILING TO YIELD RIGHT-OF-WAY,2.0,34.5,4.0,4.0