crash_record_id,weather_condition,lighting_condition,roadway_surface_cond,prim_contributory_cause,total_vehicles,avg_driver_age,total_people,total_injured
10406ad1c09d8fa3e169d09668e52f425a46531d0e23e9d048d9da6d8f9c6d2e0e666b691905792b1fc0f17e10b2511c3bcfc8bf91672aedd1a0ec6d85c57452,RAIN,DAYLIGHT,WET,FAILING TO YIELD RIGHT-OF-WAY,2.0,41.0,2.0,2.0
104099f64490b7118858b2dd81f7ff47b4b4aefcb897a64824a522b26fa0358ef4abb9a87e4c48ed5d37189c2782e1d216ec8570344c361be408042e11298902,SNOW,DAYLIGHT,SNOW OR SLUSH,DRIVING SKILLS/KNOWLEDGE/EXPERIENCE,2.0,37.5,1.0,1.0
10409e38817d7d207312b8e0d5214d7e1bb0dcb7cd3562c91fd30d034efcd3309c3738d58c3f241b76a735e5d28791876dcf17f4391721f8d734d69e282643d5,CLEAR,DAYLIGHT,UNKNOWN,WEATHER,1.0,37.0,1.0,1.0
1040db16a791be189e02ed26d3aec0f6655fe873ee6f5415eeb20bb3ae4568ce751dc8b24126e1f4f8e84de084ee9ffb7ad52d6ebaeff38518ee2609829f0231,CLEAR,DAYLIGHT,DRY,FOLLOWING TOO CLOSELY,2.0,17.5,2.0,2.0
1040ee4dc9931fffd4a6087d9595f1b9ca9a6fd94fbf02a3751e1c53af8098d4cf3e67af90850e2daa4b8e82204adce5b34d29a0c61e1e9dc2c3cbdbc984167b,CLEAR,"DARKNESS, LIGHTED ROAD",DRY,IMPROPER LANE USAGE,2.0,26.0,2.0,2.0
10411726ac5646552b6f54ccb4c6643b2e1dd5fe8c2c668abcfcb75f37f95760c4feb9826edfedd89fcae887e77eaa7ad6e42cdf457a3d8971b88affef9fa86e,CLEAR,DARKNESS,DRY,PHYSICAL CONDITION OF DRIVER,1.0,20.0,1.0,1.0
1041394e1b9815b5ccef496b71827b4146de0af99221ef76782533937bacb50f8fc1ca5ebbfbe1a8c9f645cc8ec8f5604a52e128f7db6c026ee16c5b69d3a375,CLEAR,DAYLIGHT,DRY,FOLLOWING TOO CLOSELY,3.0,37.5,3.0,3.0
10413beb2b05566bdabc5a684850ad6a328b25c1e2a47e5a1c458339bdf741fc5da5c5cc450eca2ec6e2282655ead57ee12f44f923dd8fa50fe6f23e82a7528f,CLEAR,DAYLIGHT,DRY,FAILING TO YIELD RIGHT-OF-WAY,2.0,36.666666666666664,3.0,3.0
10417f1e285404135e3c58bcef892db88357ca16f9a8cef8e004ae690606ba74214d8e092f0b021fee64a985603ee512b8a52c3e257a8c5ff38b3bee686a87cc,CLEAR,DAYLIGHT,DRY,FOLLOWING TOO CLOSELY,2.0,33.5,2.0,2.0
1041817a1dd7606bd96350e0325cc0487e2b08178c9cc526e7bb275056be46f3db000d6720a115a3ada2f779beb6e48ffaf2f0c8642c3aa2aa1d068308d1f149,CLEAR,"DARKNESS, LIGHTED ROAD",SNOW OR SLUSH,IMPROPER BACKING,2.0,25.0,4.0,4.0
1041b1020b881c5f340108025b5dce2420d9219dcb55e8eebd9b814d76525527c7a1bb6ee595dc320d4981c531d9a14f84b755ff8bd166692b3bf40b723ad097,FREEZING RAIN/DRIZZLE,"DARKNESS, LIGHTED ROAD",ICE,DRIVING SKILLS/KNOWLEDGE/EXPERIENCE,2.0,37.5,1.0,1.0
1041b94585a8778f57ce851e06de36113cf8fae990b2772e0c59b380e0313c8cc6840fe228f0586c18546bbe701983778a8b2facebc854c5256e358cc4db90ce,CLEAR,"DARKNESS, LIGHTED ROAD",DRY,DISREGARDING TRAFFIC SIGNALS,2.0,19.333333333333332,4.0,4.0
10421e3ce37d42a14e6b2576dee06d59d6ce053a777dfef0e861db60997bfec33441e69210a07c012102fc3ac4a523a0aceb2cbbf36bee7741073d64dc9e0fa8,CLEAR,DAYLIGHT,DRY,IMPROPER TURNING/NO SIGNAL,2.0,53.0,2.0,2.0
1042877c88d8a78312974a50925c5bd9c275c7e9c9fc6a6b332002a3571d66ed2f74fe5aa69392ea3b0f0d30a6aedf8fccf2c3f2cb5575ac83a0b54b28a943f4,CLEAR,DAYLIGHT,DRY,FAILING TO YIELD RIGHT-OF-WAY,1.0,52.0,1.0,1.0
10429d0289fec3b83c7670f08c2381fe3aa6a857cc550d71bba102f1e92fbb15999899df54b9d0f8d11a78c43de85761e78cdddea5fc153da34306fe22980a4c,CLEAR,DAYLIGHT,DRY,EQUIPMENT - VEHICLE CONDITION,2.0,39.666666666666664,3.0,3.0
1042bb669ea073f46c9fca28e2e20bdf8d5a4274da05d84b796f29b1e8cf50d55fe895781b9ba4c120df0b0cff36f4d639803ad3423b95175c5e9d9f902c183e,CLEAR,DAYLIGHT,DRY,FAILING TO YIELD RIGHT-OF-WAY,2.0,51.0,2.0,2.0
10431bb6613f649e64bf7ff53f012c06d4c12f07265146b20b1ad7feb967e8963e5ec0ff3097be84617416998c86da116e832fdce7540f3e2b5b48d1134f3fe3,CLEAR,DAYLIGHT,DRY,FAILING TO YIELD RIGHT-OF-WAY,2.0,30.666666666666668,3.0,3.0
10436f828d3e3acc903325ff294ab0b72fa7630c51c3c45b659ff3c17b31beb3b253cfb133f3c6650000f53e5099d3a5e931558b2cccd31df746bb1f73dc30b5,CLEAR,"DARKNESS, LIGHTED ROAD",DRY,IMPROPER OVERTAKING/PASSING,2.0,61.0,2.0,2.0
1043873994fc784912ec0a214d8087cb8d0c47b7020bc252b688e6f280e8c2d044b5616543034017e883de0c94a2a8d440f2ae659f3115cf3b3a43d2e46eeb78,CLEAR,DAYLIGHT,DRY,FOLLOWING TOO CLOSELY,2.0,50.0,2.0,2.0
104393a705643283e46ac5a5c8a7321a015702049f4773d9ae93d46c59e26f65b8d874ece5207a2392bd60798b2f77621fde7c560c75ce86285bd9ed11a35233,CLEAR,DAYLIGHT,DRY,IMPROPER TURNING/NO SIGNAL,2.0,51.5,2.0,2.0
1043a71013507e67a1e603bfe7e3a009096dc57b225c4afe675369eeccb1c4e8587573444ef2a777b2f3c940098f10bdf41982524d9c357f7e48ac416722e47d,CLEAR,DARKNESS,DRY,IMPROPER OVERTAKING/PASSING,2.0,46.0,2.0,2.0
1043aba34dcf55f1b3a379763bfa98e9e90ffb8088ff199107e72d710c12f37e5bb6b806844b13336f9214ec14c001c9e2f8d440ec4b235c572dbcf4575729d8,CLEAR,DAYLIGHT,DRY,FAILING TO YIELD RIGHT-OF-WAY,2.0,42.0,2.0,2.0
1043bd1412297938dd1bf14c08a247cb01ddf1f678cf71b693a2f540a3bf5e125982fedff32a8abd4cd294580cbda980bbb5ee08d7882781fa57e85638dd21ff,CLEAR,DAYLIGHT,DRY,IMPROPER BACKING,2.0,49.5,2.0,2.0
1043ca6fe0041d780286345f38e269dba1db50561c6234b88b59478ced303c5cc9014dcf2c9cbfa68dd48162d6f30823accdb0a24aaee9a7e394875760558923,CLEAR,"DARKNESS, LIGHTED ROAD",DRY,FOLLOWING TOO CLOSELY,2.0,47.0,2.0,2.0
1044a0a3644954698d8d99f3664f97ebc429071f4600b50562f2b963336fa215421562b292d26813d06eafe8fb5ff289369b342703bf5993717be7dbe1d98c20,CLEAR,DAYLIGHT,DRY,FAILING TO YIELD RIGHT-OF-WAY,2.0,20.0,3.0,3.0
1044b352821468cf369be8e403e1b76ce76fe4469999a0109bf37ebe131895cd8b782b1094503be04de84cee840cfe1b4f5858c99580d306b09e3fa0368248f9,CLEAR,"DARKNESS, LIGHTED ROAD",DRY,FOLLOWING TOO CLOSELY,2.0,37.0,4.0,4.0
1044d9f87013cf4cd36e771921d914b336f105838a0a6d4a1c4c5cf3ba1b7c29bd9b371c0918233da13eeb46650029d49734111469ec568bb5e08541b4b3f627,CLEAR,DAYLIGHT,DRY,FAILING TO REDUCE SPEED TO AVOID CRASH,2.0,49.5,2.0,2.0
1044dd6a0311aff695bc5967b4e89c85b672892bb968f93833ab4d3b4747d72f1212a2f4820061b73e42c4722a4d7c27b5a12c7b4923a2554d01979fc701e47b,CLEAR,DAYLIGHT,DRY,IMPROPER OVERTAKING/PASSING,2.0,47.0,2.0,2.0
1044e20fa8303219c7c515f6711fb8c0b645c7dcbe1bd390aec20f82bce61e358ae2bfb91f7928ad84791c8e81de2381c691f311694454f1c9a3c7fa46f35b1f,CLEAR,DAYLIGHT,DRY,EXCEEDING SAFE SPEED FOR CONDITIONS,2.0,33.0,2.0,2.0
1044e3f85844ff384d1420917309bc84af0ca1aa5cefe2229b92cda257eff14487d46a6eaddd9aa3a1f9073aa6eeeeec8298391efc16638aef6a97d4eff45356,CLEAR,"DARKNESS, LIGHTED ROAD",DRY,"OPERATING VEHICLE IN ERRATIC, RECKLESS, CARELESS, NEGLIGENT OR AGGRESSIVE MANNER",4.0,40.0,3.0,3.0
1045065d1ab8a30b9a2144efa6b33286ff57d4b7302c84dc1be006b4c84a40fbadcca212dd4c68964418500d9deced4a76bd879178c1b2311543838891b77099,CLEAR,"DARKNESS, LIGHTED ROAD",DRY,FOLLOWING TOO CLOSELY,2.0,37.5,1.0,1.0
10450a39de1c6d758610dfbd2cdb4e8c1cda92e8994c6b708a00a300d0f210165506511d1f0fa5d31495a9f400d2889a104c327cd0db9024c1b2a6bb9d37ddbb,CLEAR,DAYLIGHT,DRY,FAILING TO YIELD RIGHT-OF-WAY,2.0,57.666666666666664,3.0,3.0
10450bab2f3f9319ca563593e9c4de137b7db3a1f6e0350a5da3154cdb7b3617d5d531aa08cb58b0a96f7206e00d46cb9627644b5259884a343a1abcbaa83921,SNOW,"DARKNESS, LIGHTED ROAD",SNOW OR SLUSH,FOLLOWING TOO CLOSELY,2.0,38.666666666666664,3.0,3.0
10456e8530ee03d8310c7f50ade95dcce7a0f99ce1518b3f402b7705e9442eba82ccc33a6e84f244649e120828b5646981c38cfce40d305744a0f3e00052c67b,CLEAR,DAYLIGHT,DRY,FOLLOWING TOO CLOSELY,2.0,19.0,2.0,2.0
1045784a38ff3c06afa44b2086a76265c63db3cbef6add03d70fd8d9800266ad62c126f50b6ab4dec361229bcec2668eced57b85e7af6b408565572e6dd60cd1,CLEAR,DAYLIGHT,DRY,FOLLOWING TOO CLOSELY,2.0,34.0,2.0,2.0
10457f467ae8cc93db0066727397fd66db623c7b3797708f4f15e280e3cac5a575cbd77212a6a3090ef76102493b45efd0bf512ad47017b0c393290a4bd64bb0,CLEAR,DAYLIGHT,DRY,DISTRACTION - FROM INSIDE VEHICLE,2.0,70.0,2.0,2.0
1045c09652a82fd67f50904bccd9e53134d548b48a28cfb9d938cc23b33618d724af5951e9ca3012d0120095cbee52002da63db8a3d6a25914ed4bf5bd0106fd,RAIN,DAYLIGHT,WET,IMPROPER BACKING,2.0,42.0,2.0,2.0
1045e0490dd2d5b44cb176447fba625f5a43cb8a3ad9afe71e8135a1062c30ec58c49a5259e51d165aace9527148d37af4fcad2e646465c7c0c4b1bfe22e81eb,CLEAR,DAYLIGHT,DRY,FOLLOWING TOO CLOSELY,2.0,35.333333333333336,3.0,3.0
1046026b043f21f0ebb7cabcce11f80959c4111e8375ff9d7045fff0cabccc9068715567ccd65348dddb0cfa852652ce5e0dfaddcfa962456e9e1be96fd8f399,CLEAR,DAYLIGHT,DRY,IMPROPER BACKING,2.0,25.0,2.0,2.0
10461ee9f1941b95a80a0351c3798ac87d64519c799d36e929b18c5b93a99096fd70a561de039695074cb0252c62b89a1d479092e6246b6cfcb831528773e3b5,CLEAR,DAYLIGHT,DRY,IMPROPER TURNING/NO SIGNAL,2.0,37.0,2.0,2.0
104624376fc0d5b8b909c105db0f2c0a4a97e091105a0aabbbea6143c674fa41cf90e2a8bfbe140d53d4ae0292b24fd4ebdba4e9636669ba16148cb9e05b0fa9,CLEAR,DAYLIGHT,DRY,DRIVING SKILLS/KNOWLEDGE/EXPERIENCE,2.0,44.5,2.0,2.0
10467a17d4521ba68da55c0c9ae636548858b3c0fb2fae9abf0d50ec329d6268b29312f99d48f348eab5e83ad4f54eeba4a292c2b63c25e4e59c9e4a61f1c22b,CLEAR,"DARKNESS, LIGHTED ROAD",DRY,IMPROPER OVERTAKING/PASSING,2.0,45.5,2.0,2.0
1046aaa6c05a93c60293c32a9a05a9c79a56de4e38d1387c7d7230bb66ac8ca8e8e9d41d6087aa10fbd841a3aa642de44d915fc7a0ac27ea20d22c9de356329a,CLEAR,DAYLIGHT,DRY,"EVASIVE ACTION DUE TO ANIMAL, OBJECT, NONMOTORIST",2.0,55.0,1.0,1.0
1046b6a8d8c70dea02f3673d377b028bf084ba9502f1572ed460012074ef5507798078313e804e5a4cf5d93df5dd510a5dc48e7d033282833f5ec0ac5f4cf089,CLEAR,"DARKNESS, LIGHTED ROAD",DRY,IMPROPER BACKING,2.0,34.75,4.0,4.0
1046fc9d29520b604882ce6d6bad9028e06fcb5852e5838dceb2688437faa9c7a2fd6e262bc47a2f2be7e3ffaa0b08c355bebe99fd2f0b16dc54a6790651fd66,CLEAR,DAYLIGHT,DRY,IMPROPER OVERTAKING/PASSING,2.0,61.666666666666664,3.0,3.0
10470ad616ca58e457ea35e8a531aa1f64b59dbdcbaae11bed9b73e7b7dec4ccdf9a27f0ed21317be015bbf920294fbb7c3e06ef870ba263a8969b2fe62272c7,RAIN,DUSK,WET,FAILING TO REDUCE SPEED TO AVOID CRASH,3.0,37.5,1.0,1.0
10470ae2f88b0605c33bf97bd061030ac151344cebf214ab4dd5975fac867ecc5c6677545340d1cf8bd2bb4d42ecd2d30d0c0a057312b09689d0bd0754919511,CLEAR,DAYLIGHT,WET,FAILING TO YIELD RIGHT-OF-WAY,2.0,25.0,2.0,2.0
104757499bf11a5c61213362f1b6f325d9a53d673a51f065fd37135340e40e26efa1890beb47c23e7358f0e86fbc4828aa1b703deca7d280824116740018fd81,RAIN,DAYLIGHT,WET,FAILING TO YIELD RIGHT-OF-WAY,2.0,47.0,2.0,2.0
10479af5d79aab9d853fdd878571cd0b2671df23757a0fbc1f60f052d0a93763d7e521a78fc4d23b91f69b39a567373bfb6e616ccdc34210347df12ec016debb,CLEAR,"DARKNESS, LIGHTED ROAD",DRY,FAILING TO REDUCE SPEED TO AVOID CRASH,2.0,23.666666666666668,3.0,3.0
1047c92a92fd73540cd65cadeb196c027a0cd1415b7718cd9464cc0f0ecfe956cc408b3e24d9b51f960643f1393fb6b1888a97ed41aff804125ffd0373b7deb5,CLEAR,"DARKNESS, LIGHTED ROAD",DRY,FAILING TO YIELD RIGHT-OF-WAY,2.0,57.0,2.0,2.0
1047fdf5a4db2802de414f439d672319c66fdefe884e5c9797d052e52402195224e8dbfd3b0a6d6f4984f0a2272c52645b50bb3a5b067ebac9eeaa45e10cf205,CLEAR,"DARKNESS, LIGHTED ROAD",DRY,IMPROPER TURNING/NO SIGNAL,2.0,47.0,2.0,2.0
104829d1e9f6f88d097d1cdc82952ade2aad78353a0d65c4dd4cb8796bfd854f9988df88a9e6965df662f35f29e38f883a528aa348a9b8709df0fad69a15cbc3,CLEAR,DAYLIGHT,DRY,FOLLOWING TOO CLOSELY,2.0,32.5,3.0,3.0
10482c5cf64875687844ddced7fa314742764b0819fa101bec3ee8ff3a377e0b979b9bec507eaac1e7cec7f8e01a2af02bf3fcced13b1ea69963fa45dcc6d2ca,CLEAR,"DARKNESS, LIGHTED ROAD",DRY,FAILING TO YIELD RIGHT-OF-WAY,2.0,30.0,2.0,2.0
10483794b7f9928b2f962dedc43a272498f1af3a66fc126c4003e355ec3dd754f656dc4f8ea686806eaed0ff38655a47a5c1a3c904759fc40b57c5519b273c11,CLEAR,DAYLIGHT,DRY,IMPROPER BACKING,2.0,25.0,4.0,4.0
1048469d4cadab095d8f25f86d2f26547297f2a4a71895345f8fb779fd09a6f2f7fa358152e2fb175a2045740ca6e4a0ec3c5f54ef22b2cb443913fb1dfe6a49,CLEAR,DAYLIGHT,DRY,FAILING TO REDUCE SPEED TO AVOID CRASH,2.0,49.0,3.0,3.0
10486bfdc883b027cde62377ae0ecd93f82a1acd368748cb679b3e04c7668884c2bbe746ee697e0c94bf5588ddcf43c385ceb2a9f7d77754a3b093119deaa6bb,CLEAR,DAYLIGHT,WET,DRIVING SKILLS/KNOWLEDGE/EXPERIENCE,2.0,18.0,1.0,1.0
10487999c503f52665c7a9531fc3f27d522d1925be94da454a7847d49728938c5d225a13c8bfb639c081e7d50c9a9835d8fa8f72601f887db269579d10a3adbc,CLEAR,DAYLIGHT,DRY,IMPROPER OVERTAKING/PASSING,2.0,70.0,3.0,3.0
10489d7aa0a13435ed58d1ce4510818d8b9000f793c8e1de6cf03b002ad3c5c9ba3e16d7ebf90e0887b3eee13fb3b940907701b7a8cdad64054171058e1308b8,CLEAR,"DARKNESS, LIGHTED ROAD",DRY,FAILING TO YIELD RIGHT-OF-WAY,2.0,56.0,3.0,3.0
1048a56088f61bbb54ecd7e47f738df3c2de883a7b2c0ebc7df8911d742ddb294b2068ffc7a7a14b33232296cd967e6fcfbfd0d42eca2e6ec1596aa9f9610160,RAIN,"DARKNESS, LIGHTED ROAD",WET,FAILING TO YIELD RIGHT-OF-WAY,2.0,40.0,2.0,2.0
1048c10f2e364237bebc2b06631d8b550793438c41d773470ed9fa12ac4c283f51fa1f754ac122f1a51ac1b539076f479eaaceb54b1abc354c7d582088609737,CLEAR,DAYLIGHT,DRY,DISREGARDING TRAFFIC SIGNALS,2.0,32.0,2.0,2.0
1048ec71406e1c0be308c6f1a6b396e76d1767266e0b92f927c93b772265c1c939e4fb6ca345a0a5fa8f993a33d6355b6770381afc09875eb3c7dbed0cc34485,UNKNOWN,"DARKNESS, LIGHTED ROAD",DRY,"OPERATING VEHICLE IN ERRATIC, RECKLESS, CARELESS, NEGLIGENT OR AGGRESSIVE MANNER",2.0,23.0,2.0,2.0
1048f7094761f44a79e87a452298708224d6ca5b0c56eaeb73bcf9f145f054bf014b925c79e2bd31be40d11d966a3e41261976c0f336f66a736bec1f25664e2f,CLEAR,DAYLIGHT,DRY,FAILING TO YIELD RIGHT-OF-WAY,1.0,16.0,2.0,2.0
104906c668c5efd92ffc5f45248e4f715653653d280453ca410ddf7f44a484a47ff32ffab49254da8b0dc32b0ee71f831c635aaf98f6e0fcd5fb97e705496d7c,CLEAR,DAYLIGHT,DRY,FAILING TO REDUCE SPEED TO AVOID CRASH,2.0,54.0,2.0,2.0
1049084db132f6091ebdbcd30ec86de7f9705fba44b08ecd5314009e5b7b46e8621db5e533b7d0a304fdc8ee0f58ef3e158a8605788baac31f11cf75d31e276f,CLOUDY/OVERCAST,DAYLIGHT,DRY,FAILING TO REDUCE SPEED TO AVOID CRASH,2.0,58.0,2.0,2.0
1049262b4b8e9f213e2aacdcaa5f6a622a72c339521dfc31caf85e318000ba1c4b5e4d2109ade4a6a211b4a409308c6745987e91dee4483638af831aed9e372b,SNOW,UNKNOWN,SNOW OR SLUSH,IMPROPER TURNING/NO SIGNAL,2.0,24.0,2.0,2.0
10492a29ee358637e2e3a02d60fd52b051d7b36c0f8bbb96214ec7c2398d0f3d6325e0f039153245738e43b17d156a81609bce6785f5de56228f9a96464b74a5,CLEAR,DAYLIGHT,DRY,IMPROPER LANE USAGE,2.0,32.0,2.0,2.0
104944de3e404654e12e7c796107bda7d74564163581bc9075e4fa3fbeb2d1e2b5d728a55a47a85bbe94e365464c35729686fdd26e80fdc74c66417e1de4c040,CLEAR,DAYLIGHT,DRY,FOLLOWING TOO CLOSELY,2.0,29.0,2.0,2.0
104977430f091e30d0a55ff885eb5fa43f857c5d5b387a5c68210b50b1290731fa17c6e8fcd1352c7996ff3b2afbb3a3018f9220555807fde018191f4c78564b,CLEAR,DAYLIGHT,DRY,FAILING TO YIELD RIGHT-OF-WAY,2.0,44.0,4.0,4.0
104983688473b942e88bd6cb242852e35f04a0deb08a2e09c48d59f2de8b1405b2d172478bec0fa313fad89a78faeeb913b2a1727c5701477fd0886b8d355e5a,SNOW,DAYLIGHT,SNOW OR SLUSH,FOLLOWING TOO CLOSELY,2.0,34.0,2.0,2.0
1049ace37153c562102dde3ea425d18399cc3cd31cb356d953ab2a31a6e16ec2844992016e7f57edba2484c6160c74176e8c2bebbb6e27bea33b4def45091cf7,CLEAR,DAYLIGHT,DRY,FAILING TO YIELD RIGHT-OF-WAY,2.0,41.333333333333336,3.0,3.0
1049ba89e70501c0421ccb9c3ab25f5c0a769b41940af14258b34bd218eb2cc4ba69de4ca56729afb4a0e7acbb31a71bee924108f0f7c89fb2a323ade382029f,CLEAR,DAYLIGHT,DRY,FAILING TO YIELD RIGHT-OF-WAY,2.0,40.0,2.0,2.0
1049ecc7cf497513fa96a9122e7fe9fe26a99bdd80b1803865bb9c380c76c3dd46ffa11208c7c6217d0784123ff6a67917844f15628951887c7575d7aaa61074,CLEAR,DAYLIGHT,DRY,IMPROPER OVERTAKING/PASSING,2.0,47.5,2.0,2.0
104a234b3ee6495d0b06a1b07fd5ea1ae75ff7ba25b5ec869f84a8f583ff144ec81f6c33bbce046ef7c62e2d19db3fa2707edc34d23a49c9028763b12c791244,CLEAR,DAYLIGHT,DRY,FAILING TO YIELD RIGHT-OF-WAY,2.0,59.0,2.0,2.0
104a34b8cfe527dadcbe12aa10c93729d0c488a2b00cb67dc235e9f1dfa38a4365aca799dafd23981d242a58909dfc2feec157d4bac9d05417f6f5df823960a3,CLEAR,DAYLIGHT,DRY,FAILING TO YIELD RIGHT-OF-WAY,2.0,26.5,3.0,3.0
104a481c4bb0b66b69a35125c1dc1b0add580726385c31a4f07489ef6a2e5b4d50b4006998ba77607f925c6ecf49e034adcee54ee06a6157cd41c361d2fb2e1c,CLEAR,"DARKNESS, LIGHTED ROAD",DRY,FAILING TO REDUCE SPEED TO AVOID CRASH,3.0,20.666666666666668,4.0,4.0
104a5488b21818c129a46c8d1a071f0085119b04d87e499f14726f0c4e7eb6e4de8a7d3f01eace68d6dc841af9f18e1e2505a51d2b673aed385aa2ea2bfc72d7,CLEAR,"DARKNESS, LIGHTED ROAD",DRY,PHYSICAL CONDITION OF DRIVER,2.0,21.0,2.0,2.0
104aa7578a7dc772da27dce84771441850e39426c0919a7f3d51b80ceada82ad08b2ea63064edc54b36dbf5e05c5cf76c32d7658dea491fc66f487a62ec876cc,CLEAR,DAYLIGHT,DRY,FOLLOWING TOO CLOSELY,2.0,36.0,2.0,2.0
104ab3c97ff7b87c6a71808908c09fa266ccfe43a50a829559641be94c35f2cb6aca0ec50b747b045aa3332ae2413848ae3e469c66d37ce7ba88dcb188edec36,CLEAR,DAYLIGHT,DRY,FAILING TO YIELD RIGHT-OF-WAY,2.0,39.0,2.0,2.0
104ae0c5a565c55da7a874168b781ec35ae78da4e836fd18b32ed00f1e082b6c803a2f083cacbb5437381762848a4cef339a827ea212b895b6abd9da9f5612f8,CLEAR,DAYLIGHT,WET,IMPROPER LANE USAGE,2.0,45.0,2.0,2.0
104af84a37d01f4e485b343ecfc9985f7dc57d19dfe01ce2349b79e9bc6c2d8764336bc5b19404a7035c60f38eb3b0f7c8232dd93e2a61c6b4a498e8464287cf,CLEAR,"DARKNESS, LIGHTED ROAD",DRY,FAILING TO REDUCE SPEED TO AVOID CRASH,1.0,40.0,3.0,3.0
104b0fabdf218a11597d05f3715473097cfcefedafb71e1237ede8b4fd1be59f8127556206c555337e90a3fd99f5876b1e28f117f5d34639426336879925f3ae,CLEAR,DAYLIGHT,DRY,DRIVING SKILLS/KNOWLEDGE/EXPERIENCE,3.0,51.0,1.0,1.0
104b4fb0fc6a060d6f9e9fe2ddcda3e222bec63bd9b95d89e384a17fa97ea82eb6a9b1fcb314eac166812e61ac6ae3a0b02379c59fa1115b915e951d4488896f,CLEAR,DAYLIGHT,DRY,FOLLOWING TOO CLOSELY,2.0,31.5,2.0,2.0
104b654c981227a96425e6464fd7a68a9dc796c5cecc7660055476d651c86ed0ee8c175eeebc8c36e30ec295a40f7f6a667b01b8e67afa29c96b2a523b88e49d,CLEAR,DAYLIGHT,UNKNOWN,IMPROPER BACKING,2.0,71.0,2.0,2.0
104b8f542736bba460792745535c857a63b6523cb040c57d6ecb175d4fffb2c4483042854d496951592cd11dc32807d51480de2f7694b804aa50401372e9ecab,CLEAR,"DARKNESS, LIGHTED ROAD",DRY,FOLLOWING TOO CLOSELY,2.0,34.0,2.0,2.0
104b9073c9cce4dfa48c87b31c793ef7a9510c0e2f969a2d432807bcd76e625ca34ae5d27c157fdad13a605d120dc3ef30c7d5a3a9ec173415676122a33053f6,CLEAR,DAYLIGHT,DRY,"VISION OBSCURED (SIGNS, TREE LIMBS, BUILDINGS, ETC.)",2.0,33.5,4.0,4.0
104bbfa2be4d646d1d36e0977232b0c1c5711ce72d65a8af1f6907493792e015036c412208b4e85936ab5f65f3928d57f60c42d121a7386d080781bce3ebe37e,CLEAR,DAYLIGHT,DRY,IMPROPER LANE USAGE,2.0,37.5,1.0,1.0
104bc8f974ec2b67327f5fc733acde4238501c15c5be31500b71a0829ef5cacba76d9a7d5c5c45c1a696c4593faa8cb51f186a699c175d123bc6774aab0578af,CLEAR,"DARKNESS, LIGHTED ROAD",DRY,FOLLOWING TOO CLOSELY,2.0,46.5,6.0,6.0
104bea3debd231b6dd26a6dfeb2289ab404ff8e16bea1c92de77b392e4ab8ba90778079ba89d6f3cfd7d170a0c4e7b11b9c42188676d811e3d0724688c949492,CLEAR,"DARKNESS, LIGHTED ROAD",DRY,DRIVING SKILLS/KNOWLEDGE/EXPERIENCE,2.0,37.0,2.0,2.0
104c052e73444474e81276b53aad414d1d908dae6387efd49d2d6a5a1dd0a25860a6b7be764ee0fc97d96f71ba8ee6af3e48ad73818a8bc727a820e413640fbd,CLEAR,DAYLIGHT,DRY,FAILING TO YIELD RIGHT-OF-WAY,3.0,56.0,5.0,5.0
104c24b88b13c13d8269843a2b4ba1a9ed1a073a50d287895cd83e3630f2b7022aabb7ae4ae072413bc3fd30dff93430da2f86b322e4bf697301ee7cea1ab8f1,CLEAR,DARKNESS,DRY,IMPROPER OVERTAKING/PASSING,2.0,33.0,2.0,2.0
104c5f82684e92a5d2b59fa22d4eb0db9cb51fd1df73db5d43d9b08d85ff0c8a250e472d0a199c52c4342caacf436517f155fb8b2fa35edc337b136024132d5c,SNOW,DAYLIGHT,WET,IMPROPER OVERTAKING/PASSING,2.0,54.0,2.0,2.0
104c857926f5e32f885d2826f0294c25cbb9a70604be157cd07ab735e74ce4384bbb42a8712c337e6439d45d0f89e8b787a3c171d2e2b8db5c8485ae851661e7,CLEAR,DAYLIGHT,DRY,DISREGARDING STOP SIGN,2.0,15.333333333333334,3.0,3.0
104c8e0d87e13a3498563d901bcc1b90ae22c40e69943c9bbcdc3e841d7f6de4eec3a2d250857155be8c0e2edc04069f04e5d1e712b228f854a57345a0f6078a,RAIN,"DARKNESS, LIGHTED ROAD",WET,FOLLOWING TOO CLOSELY,2.0,25.0,3.0,3.0
104ca0b7db61e89dc4bb35b102a72f22c6ca0ea70fbde517a9d45e0d042dec04f75d5cffb82b80b99b453a9ef977e1bbb4682058a642de3bfd3c856437086aab,CLEAR,DAYLIGHT,DRY,IMPROPER BACKING,2.0,41.0,1.0,1.0
104ca274de53cec5ac0c131a24e647eb661f88d83e78c337278399eb1ced965307aac2f57b4ab4704e99fa7ed8e6c0424767cee078e2ebbd8f4026b75ba7449d,CLEAR,DAYLIGHT,DRY,IMPROPER BACKING,2.0,38.5,2.0,2.0
104cb1b919ad66d27565733533d1b74d65198978dff1fe897d445906f6301a1ce5e232ef7fb47695c330bf68e900131b868f9cea0c166528f04f257d6c32deb5,CLEAR,DAWN,DRY,IMPROPER BACKING,2.0,37.5,1.0,1.0