crash_record_id,weather_condition,lighting_condition,roadway_surface_cond,prim_contributory_cause,total_vehicles,avg_driver_age,total_people,total_injured
104cc393ff7e1a97c389f6e927a143e9444da358339d0d8001cc7c50c1cd5750a67a85a4927f4dff1153814505b08e9b456b2aad112389b824e060102884dc7c,CLEAR,DAYLIGHT,DRY,FAILING TO YIELD RIGHT-OF-WAY,2.0,28.5,2.0,2.0
104d0ba5210982eb34d7e2c8941482a57c3856c6fbd4a568f0065549a12a4cb5c208a5417e5965fd853fc5b8a87a2e694703c5892ed93486fac56703bdd3b38f,CLEAR,DAYLIGHT,DRY,DRIVING SKILLS/KNOWLEDGE/EXPERIENCE,2.0,42.0,2.0,2.0
104d1a674f5706fa85b62c8430de681a0268da1f0ddaf0a005288e4b3a3cf1baf7dcc61e6a1afb2463257c4efc8a931a4bf01868280c925439dd79821ba2b32b,CLEAR,DAYLIGHT,DRY,IMPROPER OVERTAKING/PASSING,2.0,55.0,4.0,4.0
104d2180ff3e9102956b9164720e5d78496b5fc163469cb90743581a67ab12b579b791fb9f387374400bbd25a0c2a95bddea719d897d39261f8a217cf1e7f318,RAIN,DAYLIGHT,WET,FAILING TO YIELD RIGHT-OF-WAY,3.0,31.0,2.0,2.0
104d4cbd284a3ab846395d0e4a48114f6e854f9b9f3b2b241ee4dcc1172313509e2dcaee5c77b88b65cef19b8f17c1f1815bd2b2f4b51759d500dbea670e7ccb,CLEAR,DARKNESS,DRY,IMPROPER TURNING/NO SIGNAL,2.0,60.0,2.0,2.0
104d5af8039cb1fca35b0fca08a1f5a0bc428cd5fa8f69ce463cefb36b6bc48ada4d20591b397494cb85cee42867eceee64dc53549eef254151d52d7dfe18b4a,RAIN,DAYLIGHT,WET,FOLLOWING TOO CLOSELY,3.0,46.666666666666664,3.0,3.0
104d5f0fcef709a9cd3f0d33455921cc74a0351171cc61229924a836886a0ca9982dec1f7742b7c01c88dc5d538d94a4ce80ae3a03fa8bcf91a65e795caf3cfd,CLEAR,DAYLIGHT,DRY,IMPROPER BACKING,2.0,49.0,2.0,2.0
104d9161eb51b7d24c2274ba8e39f816fc9bf0bddbe9ece3932c40f5b65c02815d54eef5f17004f3c0fbd8e9ec32d9dcd40a7f6454cea75d34496b6d292d3857,CLEAR,"DARKNESS, LIGHTED ROAD",DRY,IMPROPER BACKING,2.0,31.0,10.0,10.0
104df3bbfeec7b9aafb22172dfd8495bc05c5bf0422fa09238ca05dee7aef53662db0d5d10ff52c07529255602aa7e478a0376bd281580a23e19be91632cde08,CLEAR,DAYLIGHT,DRY,IMPROPER OVERTAKING/PASSING,2.0,37.5,1.0,1.0
104dfcd7b279c25f4cd2e0a2d23c908df00f3cc52ea63f3f0d3bd2e51844b7bc320219dab5070b3b7216792ca26a3fb3004c9100ea1999c55ec8c9aff42d0388,CLEAR,DAYLIGHT,DRY,IMPROPER OVERTAKING/PASSING,2.0,27.5,3.0,3.0
104dffef4a8ba99f3927204cb2e34e77cbf2d44774d84ca8717bc0c4756374830f249c7e2d28bfb821d2465db8f16bab9a4a466717c9e1a405d429597b80f6ef,CLEAR,DAYLIGHT,DRY,FOLLOWING TOO CLOSELY,2.0,37.5,2.0,2.0
104e315eff1336804896a32dbf900d4f21bcd2c9ca3d26292b0c853718251c7bfd6cad05fe3607cb1c4efdddc921a6efc15d9ebbb645388383050cd81f236930,CLEAR,DAYLIGHT,DRY,DRIVING SKILLS/KNOWLEDGE/EXPERIENCE,2.0,49.0,1.0,1.0
104e5911898b67ae6d4de4345285b689958d8e0178934dfdaf3252d14c5cfd20c0c012c034c2a5bc98e2915e1552e4a931cadab424ed8d1a1ca3e949f2a44272,CLEAR,DUSK,DRY,DISREGARDING STOP SIGN,3.0,30.2,5.0,5.0
104e69b89d39490a61fac08b2523e803a9457f58200107835fe5f18404c098ebcf2b4da23e57ba55e36ccb0e2e4afa4549ca09c991c1bcc0afbf4182b8a04892,CLEAR,DAYLIGHT,DRY,IMPROPER LANE USAGE,2.0,26.0,4.0,4.0
104e6adb9b737c5e2337df35ee4109a2da0f326afc2f348bdc1195c303f2ca40d841d1e37dfeb957ebd7c26f607ea5dbb31a3da0aa3d150a2f9535e0d3363f35,RAIN,"DARKNESS, LIGHTED ROAD",WET,DRIVING SKILLS/KNOWLEDGE/EXPERIENCE,2.0,37.5,1.0,1.0
104e8afd7425f4bb61195a72df913f1b3b5b1b4bd016365cbae60410461c14df7e55a8635e8f5583c7d226f9c1b500a47bc30dc5cb5703b1765bcd678c73d82c,CLEAR,"DARKNESS, LIGHTED ROAD",DRY,FOLLOWING TOO CLOSELY,2.0,41.5,2.0,2.0
104ec6c903820601cfbeb0e3c4b1d50bc9b39c558231012a07badfc914dbb47a8b93c932567cf44fd1b9451b043aff60dfe48f6e2a9d9f6d46a6236bafce5f81,CLOUDY/OVERCAST,DAYLIGHT,DRY,IMPROPER TURNING/NO SIGNAL,2.0,46.0,2.0,2.0
104ee36a8b2da3dc6841e6df7e79039d2956b2188c50a9fd2b4f560a6f71b4d84af7d588a734a4036cfd9f9cd5c14f2091a16285c58c332bbf6de4a4bf5e71bd,RAIN,"DARKNESS, LIGHTED ROAD",WET,FAILING TO YIELD RIGHT-OF-WAY,2.0,64.0,2.0,2.0
104f1992d4fde54643f70c857b24e0c8497c7890d2b995fcc88bbd5ebe39ef6fdd92284d0a09960bcffe530543a8b5acddff60e52dee1cb856897090913c7e4c,CLEAR,DAYLIGHT,DRY,DISTRACTION - FROM INSIDE VEHICLE,2.0,18.0,3.0,3.0
104f27d5ac583ba28ab8578a28552bae67be2527e2e4b50c017178a6a4bbee7d780787f23a7d8610c1c9e97ffbde7803f733ebb55c9c61a0ec86ca91b83e1ff6,CLEAR,DARKNESS,DRY,FOLLOWING TOO CLOSELY,2.0,36.0,2.0,2.0
104f30ad30605acb9a763ed2caa3d1302c09065c7f1a23f2d7b528ec808f3edf81e15cd69c50faeabcf25cd55bc529822db66e4bd95efd8532407952a1e6e047,CLOUDY/OVERCAST,"DARKNESS, LIGHTED ROAD",WET,FOLLOWING TOO CLOSELY,2.0,46.333333333333336,3.0,3.0
104f5505c53b890d3013118167dce3573e4c76546e8e5982029acac0dc2d8e3248120aeb747e21a89e280c9e608b1556f58125604e1161328d45cd004a245d5a,CLEAR,DAYLIGHT,DRY,"VISION OBSCURED (SIGNS, TREE LIMBS, BUILDINGS, ETC.)",2.0,61.5,2.0,2.0
104f5c643c47b3a6a5918422ddabd0ec012b68dd267fdc4ac136eb553b0864c516098b5b4bb6a1cb5d2aca0e516eda84d9373c15a3062eace0c262a5e4eeab67,CLEAR,"DARKNESS, LIGHTED ROAD",DRY,IMPROPER BACKING,2.0,26.5,8.0,8.0
104f64ac942f23636468294f7fc61cd542f5a303e23d1e65f4681fb360f1ecfac1bbd14d3c72af1342c661874a504f61d2383194926334da4d56e6334a8a6099,CLEAR,DUSK,DRY,FOLLOWING TOO CLOSELY,2.0,24.0,2.0,2.0
104f685d961e2b50e0be30f91ea77c65b01740e9ca182bbffffd8afdd6b779442c5d97643797b2da5f8c4555b9b0a0e74378bf42b525594c59b8371f9fa09c10,CLEAR,DAYLIGHT,WET,FAILING TO YIELD RIGHT-OF-WAY,2.0,27.5,2.0,2.0
104f8d8fa2ae5e79bacde7e0275ba6003a4af9501f3a5bcea85a9e11d856717028b5fb15ab6a59f413e5d9e6913ccc048a6c418efd38f3e453436af29322f4ab,CLEAR,DAYLIGHT,DRY,FOLLOWING TOO CLOSELY,2.0,18.0,3.0,3.0
104f9368ce220acc1c70ba70354e3bff70193d494cee0bdd33fdf244fcc3b28939d8a378ac6809edc269613d208ff87ec4262b9fa88825d65da09d271f85307b,CLEAR,DARKNESS,DRY,IMPROPER LANE USAGE,2.0,33.5,2.0,2.0
104fa4c7ede616df27973ad1d0a8ce7c821b7ebc43145ac99bdb9cabf91f3b8859aeec57e67c7304429650d0ec5301649c4c08ffc040005440852c53ae70779c,CLEAR,DAYLIGHT,DRY,FOLLOWING TOO CLOSELY,2.0,47.5,2.0,2.0
104fb64ef9491012b3844c01b2f8f9243fd4a2ee789531312745860934d1b241676dbe10cca6f601da63b487cfeb973d458ffe69d1c5289ca64870b0cec9c3c7,CLEAR,DAYLIGHT,DRY,FAILING TO YIELD RIGHT-OF-WAY,2.0,54.0,2.0,2.0
104fc48239de8ac1293dcf2d3d8d7e2472462a2270d7df739a30791b24ab0c2287b191659ad051f2ea5969358778839be6b2249a6d5fda2fe3ab1f1ff6c7715b,CLEAR,"DARKNESS, LIGHTED ROAD",ICE,FAILING TO REDUCE SPEED TO AVOID CRASH,2.0,43.5,2.0,2.0
104fc777bda8d0cb97372c53ea395a3a9c6ec7bcd302add34da29eb69d28a3fb097fcf8da456edc0a53c91f52f51278f6d29a8532397303b49cb3b8625312f3c,CLEAR,"DARKNESS, LIGHTED ROAD",DRY,IMPROPER TURNING/NO SIGNAL,2.0,57.0,3.0,3.0
104fddab6d43d740d131b5131dfb054077e9707929ec102004981decc47c4587945dcc6d071c85d4836af68829ea73b279c5aac30787d271efaac4797c5dc2c6,CLEAR,DAYLIGHT,DRY,FOLLOWING TOO CLOSELY,2.0,42.5,2.0,2.0
104ffbcd2948d0a5a4f7117c8a17b62eeca34c9c2daa7f29393e8f24606ae8cddc1335e3d8debc1da3f2904df7f0f0668961755252aeaf2f1c34268ed8902e34,CLEAR,DAYLIGHT,DRY,IMPROPER OVERTAKING/PASSING,2.0,48.5,3.0,3.0
105002b9b1b52b7e7742312bdacefe090ae81109bfe890210e456dd0d085bf42dc0497641ad38c06bddf7c94cff2b31677807408aa019a3b1332bfb79593f913,CLEAR,DAYLIGHT,DRY,FAILING TO YIELD RIGHT-OF-WAY,2.0,26.0,2.0,2.0
10502793be0d41c4b7f255e21b7ceed5937e64678e04f4726d7b5347dec9fe8cfc620e672bd70e25dfa7759ba93939d9a11cdbb855d440cbd3052ddf2256c115,CLEAR,"DARKNESS, LIGHTED ROAD",DRY,IMPROPER LANE USAGE,2.0,40.5,2.0,2.0
105073d3888fc77ca879f6e7890aa83f22611b973e8e622777b98ca8848d132a27324b1c89b02acb07dc98f7f2eb72ee3dc0d11ed1b39a2a25072ccfdffae031,CLEAR,DAYLIGHT,DRY,IMPROPER BACKING,1.0,25.0,2.0,2.0
105081e4db958978bd9b93980df7b0bbe9fdde960c394ed139022f78b70ad5b78b5bdffcf1018b39c5822178c8fb7e23121ebcffd7af53a73703c408e5f62a31,CLEAR,DAYLIGHT,DRY,DRIVING SKILLS/KNOWLEDGE/EXPERIENCE,2.0,62.0,2.0,2.0
105082d5e4dd05252a1bf00e150d7f79529b01bb433a6ced5f5890b7b5df720d3ce02ef93bb3a0e8c22486a13d8e244a7fdeb125519ab0c7178776e0d4cb0593,RAIN,"DARKNESS, LIGHTED ROAD",WET,CELL PHONE USE OTHER THAN TEXTING,2.0,33.0,1.0,1.0
1050cac039d569b52e1bc6d17fc988fd43ff50efeee1829f7442a4ba6a8ba299178063a9b84ee706339da89c76331a13d04ffb7f495d6bcd021b156671809356,CLEAR,DAYLIGHT,DRY,IMPROPER BACKING,2.0,35.666666666666664,3.0,3.0
1050ccb36fa8dbe1a9c0953b72f36350bea5e5c9ed73102e251489382507e2855970f43b8c7e8acddd4edddcdf1fd9a88dda0936eb5a9bdbec9203a763b66d71,CLEAR,DAYLIGHT,DRY,FAILING TO YIELD RIGHT-OF-WAY,3.0,25.6,5.0,5.0
1050e764d532e0f9f806fb3f0f830a882ee6e2a0d0f125a3a3266ee8d76b737243c404c3d98f746691fe4d29b928d621644c399e729ae5d63658671c77de5c7c,CLEAR,DARKNESS,DRY,FAILING TO YIELD RIGHT-OF-WAY,2.0,27.25,4.0,4.0
1050f9c59a90a8d77a9e6129d50421971d63883ec85b2360fc8953555ae5068e09333a217497632aa30d58546ec3a778964e6ce9bc69bea26fc22dc2777ee368,CLEAR,"DARKNESS, LIGHTED ROAD",DRY,FAILING TO YIELD RIGHT-OF-WAY,2.0,38.0,2.0,2.0
10515fcd075e60b4bcf71c6f8ab351a748876d361d359d7333d6e8e5991986f557428d182f349ceff47c69bc459969e358154ae97344eea2185090a426b7f645,RAIN,"DARKNESS, LIGHTED ROAD",WET,PHYSICAL CONDITION OF DRIVER,2.0,37.5,1.0,1.0
10518e59df2c9007ffdc675451440fce688a29f3447ee01cdcd5b56b242f1f1392f954bfd63128c84feb9c2ee54ad59f02ea3911029358d6f0ae0f32f8eb5474,CLEAR,DAYLIGHT,DRY,IMPROPER OVERTAKING/PASSING,2.0,31.0,2.0,2.0
1051bbe7a368cde03ba27394096d425b6a88caab38277f59945bed5135b1a095efb143db45d3fb598065b9bd29f10d11712b1deec2b125e28b5e989eceb78d9f,CLEAR,"DARKNESS, LIGHTED ROAD",DRY,IMPROPER OVERTAKING/PASSING,2.0,24.0,4.0,4.0
1051c683d4a48e8eebc33bb1a8c7dfba4efb7c3b193eff75fb4e4b4e9a962d11aa6b533e274c641ce3668e9d3e24381a2f78554883ed9a5ae3f91687d2f7819f,CLEAR,"DARKNESS, LIGHTED ROAD",DRY,IMPROPER LANE USAGE,2.0,23.0,3.0,3.0
1051f59604dea367354da08ab9595e645f1ca8ec04a176a9d575030596cdc6871f5feb834b3fcfe531e6aec3a294468d49b71a5c0b03c7d5146c9e9ca0bf6775,CLEAR,DAYLIGHT,DRY,FAILING TO YIELD RIGHT-OF-WAY,2.0,46.0,2.0,2.0
10520b28493ceece40ae6e7a1134802991f744aba2bea7584b9c2057cad5ccc8bda34ffc8a961b97fdf1761cef0a129858ae16572ee65ad6b930c4443e2e6463,CLEAR,DAYLIGHT,DRY,IMPROPER BACKING,2.0,48.0,2.0,2.0
10520fcb3380abc819fba0bf39176224bbcbdba0ea249491915516abe3459f1575dd2116ba9f4eb97d7bcb9d17a505c8989c472816831b27f516c23b009330ba,CLEAR,DAYLIGHT,DRY,FOLLOWING TOO CLOSELY,2.0,25.0,6.0,6.0
10523f140eaa52fce2869927aeb03ec7ca0eb9f7dd430fceac32cf52aa8513e489af60f8ca75ab089d5061ba02fbef10370dc0453c63ea24c2ad1c63b6f8fc45,CLEAR,DARKNESS,DRY,EQUIPMENT - VEHICLE CONDITION,2.0,29.333333333333332,3.0,3.0
105248b8f645cc57cc94f00911a8b3d8290d8579a1f2790d336720039a68a65b8e3826aa436aaa107b80ebbebc100983a32b1a191102ee44e60b0238ef26220b,CLEAR,DAYLIGHT,DRY,FAILING TO YIELD RIGHT-OF-WAY,2.0,46.5,2.0,2.0
1052664b825986b424bcb2230267c32d28d18f454258465c378414ccf863aa04fdf6f3b6459a40274b3f81041287ce75f4a419313e404b4064eb366faefc98f7,CLEAR,DAYLIGHT,DRY,DISREGARDING TRAFFIC SIGNALS,2.0,37.5,2.0,2.0
10529e2d2e0e115394deefdfdf135340dfe71cad2cf7f02cdc07f1ce2c856fc51cfd1964ce548e39dd7847e3a4c6b1aedb8b3f6099e4f72ca9b609bf01c17a73,RAIN,DAYLIGHT,WET,DISREGARDING TRAFFIC SIGNALS,2.0,36.0,2.0,2.0
1052ca6e35afeb14ffd9a6f2d1e4c83f7e2242d20b6fb3343791054c46af85a2cc411a9de237d34e80a4b2a390461fa0840d2eabb9bddf72971e351da1a59269,CLEAR,DAYLIGHT,DRY,IMPROPER TURNING/NO SIGNAL,2.0,62.666666666666664,3.0,3.0
1052cf72ec07549d2270d267d71a993473880f3d66fda9f47b0ee9e514f36fe07f3883969ffcdfccf46c95a29405bf7e8eff34c36799adf5c7ec63e711d81413,CLEAR,DAYLIGHT,DRY,IMPROPER LANE USAGE,2.0,44.0,3.0,3.0
1052d7d136eab95dea5d59ed9308d0455fb9301236c56fe68a4a8ed35870c83d2f3c45f899195ffa156896cab26bc4c4f550adff646c9753f959d8596a417725,UNKNOWN,UNKNOWN,UNKNOWN,IMPROPER TURNING/NO SIGNAL,2.0,71.0,2.0,2.0
1052da85c6f7bdb413979c5f120bcff115b85511b43170d7e19b9dda5f889f1eae1230c7cedf484a550021bbf2f26b754eb6beb38327e8f72b045683a1a106f9,SNOW,DAYLIGHT,SNOW OR SLUSH,FAILING TO YIELD RIGHT-OF-WAY,2.0,47.666666666666664,3.0,3.0
1052e1fc91c142b8e6d4f31a6a7d3fd82d484bb252c77a3fa8b5099eb2868c4076f901edb285db474d7e828b2337fe1a16e1f4bd34491e6fdd41380c354b05c9,CLEAR,"DARKNESS, LIGHTED ROAD",DRY,IMPROPER OVERTAKING/PASSING,2.0,53.0,2.0,2.0
105302c62dd328cf4a03b8db48e0777c772abfe4c8a8e8d68d138b6b0e6728b301aff4241d84355623706a78bbf2f66a15fa754b445c23309763db141220e809,UNKNOWN,UNKNOWN,UNKNOWN,DRIVING SKILLS/KNOWLEDGE/EXPERIENCE,2.0,49.0,2.0,2.0
10531304c4b0aa19b612d9c5e00877e7589fe39ecc383ec5b7d16eef6ab6a3f01fc6c40544d9ca0feb4a84123b47f8b6da2e3f795fae87ab1e39295d78d44b4c,OTHER,DAYLIGHT,WET,FOLLOWING TOO CLOSELY,2.0,38.5,2.0,2.0
10534b5f3b0cfb9f8b9324849df77a7c140bef0fd70a7ed70dee1e256a40a7e0c215870fdd5ec538503a61af6c88c7d6147fdf828b44299422b5b2f8a233573b,CLEAR,DAYLIGHT,DRY,FAILING TO YIELD RIGHT-OF-WAY,2.0,36.0,2.0,2.0
1053bbca3cd57db7691a080f02472fd04ed8ec063effb7e6736aa76b48d79f71d34721290f268c26862110edbf38dcbf38d4c408967337c156da53602da4c0cb,UNKNOWN,UNKNOWN,UNKNOWN,IMPROPER TURNING/NO SIGNAL,2.0,42.5,2.0,2.0
1053c29cebf102b2b046d486f63deb216bbf0a28d89992492b500d98f9e0044a14c7988811587aa2b86ff04420d3e045a17e78c5844baf640343791068f218ee,CLEAR,DAYLIGHT,DRY,DRIVING SKILLS/KNOWLEDGE/EXPERIENCE,2.0,30.0,2.0,2.0
1053e31abb1c5814921c79d0be9af306a72017428c57410967d2d10a0123288f03219bfec0bec145b5ac51c164771880271964e41b87908d4f0a00a6309db7b7,CLEAR,DAYLIGHT,DRY,IMPROPER BACKING,2.0,51.5,2.0,2.0
10541c39ac81b8f6ed71177501781d31406aba60e4c966a08f790e02d344bbbb3ed84b3476cad58c5453290327393a612be26fdd4fd5ec6037f9cc160c9341f5,CLEAR,DAYLIGHT,DRY,FAILING TO YIELD RIGHT-OF-WAY,2.0,30.0,3.0,3.0
10543686fc8e295ac985a9f5d8d28bd059c33968432af70dbaa37b5a0d4950f7651d7b399f8190bdafb7d89496f3d2101fc7dcfd6f055b81f0999c6cce004ea9,CLEAR,DAYLIGHT,DRY,FAILING TO REDUCE SPEED TO AVOID CRASH,2.0,38.0,2.0,2.0
10544bb928bf749e026be15fd089c3a3a7b80adb538c7ebc619b823daa712baf9f394896249a9b06cae96b03d2861fa25c75b5334713a3704a498172456348a6,CLEAR,DAYLIGHT,DRY,FOLLOWING TOO CLOSELY,2.0,23.5,2.0,2.0
10546e9f2fb42d45d13a5041ed353f28c4c826e853363f1cb8b81e4e5783ab7b104177e2a5aac27f2a529fd7dd972204498885718abef3e72687719f457ae5de,CLEAR,DAYLIGHT,DRY,EQUIPMENT - VEHICLE CONDITION,2.0,36.0,2.0,2.0
1054b5be6c61f7f9d85b83546152531369d3fe21278f467a22168e01f20318458e3601eed6b39d1044d2841f12dccb7020d3d151320ff0d20759c5c47171f799,CLEAR,DAYLIGHT,DRY,FAILING TO YIELD RIGHT-OF-WAY,2.0,29.666666666666668,3.0,3.0
1054fea0f07e1e0ac92dbd04db28eae0d02250a7bab63b6e558cf00f3dd614620d57b1bd469c7bf4608ee40758410ac675d1a02291b4db0c9168a78db56160e1,CLEAR,"DARKNESS, LIGHTED ROAD",DRY,FAILING TO YIELD RIGHT-OF-WAY,2.0,76.0,2.0,2.0
10550be797b47283f12d1c93859f9cb7522f497c6678d4fab99f73ed55c8cbef837bdb7fd45cca6b5f9170363e861a71da0fa3a5fea546bd6b525b6b57fd6fd2,CLEAR,"DARKNESS, LIGHTED ROAD",DRY,IMPROPER OVERTAKING/PASSING,2.0,56.0,2.0,2.0
10552a558ca89a001e8f59248ba4d30c9dae27024097de3d9d1425ab4a63e3ff011c43c5ad86db8e809e2122618b22d551fee9b32dd066a51753f699671c99d9,CLEAR,"DARKNESS, LIGHTED ROAD",WET,FAILING TO REDUCE SPEED TO AVOID CRASH,1.0,24.0,1.0,1.0
105544bd91b3006d88d4eacf1ddba6ec76bb14c38a98a689d9461aaecafd56459a657278caab4b5a4f121a5a25a14b4f9739825081c623ba3cbc8fa2d2b2fc9f,CLEAR,DAYLIGHT,DRY,DRIVING SKILLS/KNOWLEDGE/EXPERIENCE,2.0,50.0,2.0,2.0
10554c9f9256fa3d65e9517a2c715358e91f04a863980f4aac876ca83da2253dda98e9ea6d4e2b254c6a25c39b211999f9343fce7f552160f2528c4b1e51f90e,RAIN,"DARKNESS, LIGHTED ROAD",WET,IMPROPER LANE USAGE,2.0,33.0,2.0,2.0
10555d47b4fdbaf90297acacff81e135aa0b7aada35c671a0801f6069c2f6c84fa8fd8a98f1d8ee7b10eba953c5a2e3e04b0ed517a620fa5a3ee2f7ce3fce102,CLEAR,DAYLIGHT,DRY,FOLLOWING TOO CLOSELY,2.0,46.0,2.0,2.0
10555eff7f5d66bbaeb4ec578b941d97a88d639ae7b0c6d0c201a32a5119926f9df1e0bc6e9e480822ae8895001f0e911d6c34890c57617e1c129093a719dd61,CLEAR,"DARKNESS, LIGHTED ROAD",UNKNOWN,DRIVING SKILLS/KNOWLEDGE/EXPERIENCE,2.0,60.0,3.0,3.0
1055a4fe2c2843e26cf926423401ce9330243da14d1b40ad555ed98671bce0053f21cc8b65fa89108374f84504981886b571fcba0706ff13074e4b3280f34cba,CLOUDY/OVERCAST,DAYLIGHT,DRY,FAILING TO YIELD RIGHT-OF-WAY,2.0,28.0,2.0,2.0
1055afedcf059d735a72f41a6d2d8a5a9efd613f03eacb8a9854be8825d65be9286495d0f87c265727b74c181d258f17b809c23e71b5a040150ba5d360c08d22,CLEAR,"DARKNESS, LIGHTED ROAD",SNOW OR SLUSH,FAILING TO REDUCE SPEED TO AVOID CRASH,2.0,52.0,2.0,2.0
1055e6fd64618e6637cd9d6637a2983b1239de4ab43725751888264654e21b0bd24eafa3579404238388cb52b1af1573ec078e5065bad83a0c7fb59ec2a6c4cc,CLEAR,"DARKNESS, LIGHTED ROAD",DRY,FOLLOWING TOO CLOSELY,2.0,44.5,2.0,2.0
1055ef1a3e946c2a8a053fb7c4e34a2bf17081134b8677dd5a5f3eae58c89cf6220835ca127ecb3427f0b3e35199356745923af8b28d7f1a6bc6ee53f0fc4601,CLEAR,DAYLIGHT,DRY,FAILING TO YIELD RIGHT-OF-WAY,2.0,33.5,2.0,2.0
10561a8e3d2842dacb88808a03d9c073d6846a8c07d89f9b5cb1912ea835a8f4f9e445ab48cb4fefad8799447dbbb38fd25f08221d966d6cb733f74174e02d08,CLEAR,DAYLIGHT,DRY,IMPROPER LANE USAGE,2.0,37.5,1.0,1.0
10563232ba264f57e034aaed6e844a1069b953ec7658896ef40ace3ec1e477c444eef897f19e90dfede0990c761859cc4d3edfa2989cacb4bf566c0acb09bd1b,CLEAR,DAYLIGHT,DRY,IMPROPER TURNING/NO SIGNAL,2.0,18.0,2.0,2.0
1056470403c65b501d00b8be5cb82521c87d96017056f314864d358a2d2b5afd3f77ae94311c46da69fbb552fc326c5ac3b961b6574f16fa16616f6a02bcbd70,SNOW,DARKNESS,SNOW OR SLUSH,FAILING TO YIELD RIGHT-OF-WAY,2.0,52.5,2.0,2.0
105660a6103e7e5aef88c842f320b54da4ba4b4268aa5f9a98608e8a7225444e1a7add9374031c752b175e08a50079e4aabf920dbfeddc523b02dc39cbf0661f,RAIN,DAYLIGHT,WET,FOLLOWING TOO CLOSELY,2.0,40.5,2.0,2.0
10568bb083f346d617b9f76b32d810b2c08543181af6b834ab1f8bbd4e7cdb7d9cb6534d662c9d09b48f8bc65962ea8ad8c9cdfaa1a22be3e3ac815ecdae27c4,CLEAR,DAYLIGHT,DRY,IMPROPER OVERTAKING/PASSING,2.0,57.0,2.0,2.0
1056a5fc40c029d32e44ce4303ec1158076e223bcb8cbea8a0b643045fbec9e54120dc8c2a1699ff36db6b4d76757b35a3d940187b40f586f9a4d10ec091f53f,SNOW,DAYLIGHT,WET,FOLLOWING TOO CLOSELY,2.0,21.0,2.0,2.0
1056b9ca59eabbf93615e61548a8bc2a8b9a226beb18b011cbaa1b138ded016d907a84bd81794cecb4ebb903ffce12cbcad9dbdf4638add8e37a3f04a29cbb43,CLEAR,"DARKNESS, LIGHTED ROAD",DRY,DISREGARDING TRAFFIC SIGNALS,2.0,38.0,2.0,2.0
1056c9445e9552832242e3e51b8e961147eabfb0380fca69c39553685bf48bf82051e322ae10d36cfccabc08a64d7596612310ff0cfb93a2331e67a7d41862d2,CLEAR,DAYLIGHT,DRY,FAILING TO YIELD RIGHT-OF-WAY,2.0,28.0,2.0,2.0
105734892415cb5ad15565f76336ba70ccfeff11b0f5faca9833018e69c353b075994cd0cf53668935b881389d61af1600b7bbc7ba5d2f3f35b2e9d8d08238d6,CLEAR,DAYLIGHT,DRY,IMPROPER TURNING/NO SIGNAL,2.0,30.5,2.0,2.0
10576248d0107cc44215aba741a638749b01dbe0cdff31a8baa4e84c44c5882616d19f74063012c4e77ad54472f5ec399c4237088e58ce70d6109c1b4507d7ed,CLEAR,DUSK,DRY,IMPROPER TURNING/NO SIGNAL,1.0,27.0,3.0,3.0
1057700f1f72ca7a9e6e927d4b512258b52a4ed92783c72a993832a2475d7227d2003d81f1b9dd2efcc357300aec165bac3c38af000cadca4440350d4fdc17d2,CLEAR,DAYLIGHT,DRY,IMPROPER BACKING,2.0,43.0,5.0,5.0
1057947062a13c4dbd60ef92e906474efd013f7c8cd6ee56869abbca1a1794271a5275398451e65caab24b0e53d53b3bcd47e6f2dc752874d62dd189d40546f5,RAIN,"DARKNESS, LIGHTED ROAD",WET,FAILING TO REDUCE SPEED TO AVOID CRASH,1.0,36.0,1.0,1.0
1057c1dc2273ce247fe0b067ffe91ba0efeef9ca8050c3255090979a695242b14fb7ff66b1b1cbd6b101ddc5d232a5c9b758761b35bec871f5d8ab17ea84cfc9,CLEAR,DAYLIGHT,DRY,IMPROPER BACKING,2.0,53.0,2.0,2.0
1057dbe858981d0eb2ccf70aaba0efa0141ded858fb2c48807c07fd1fe756deff8226db18d02aa3651759a24566920f5980a70a9c373d4bae772ba3dbee42170,CLEAR,DAYLIGHT,DRY,FAILING TO YIELD RIGHT-OF-WAY,2.0,29.0,2.0,2.0
1057ed485a9b78f8d3383c6de67ebbb5ec7b480638df04973142c60092f3683b987b8ce0c2f425f0a72a41d68c3627ec992a8255937804a81fcccb938cecfabb,CLEAR,"DARKNESS, LIGHTED ROAD",DRY,FAILING TO REDUCE SPEED TO AVOID CRASH,2.0,29.2,5.0,5.0
1057f3d320671ac807073fab3de08db53909930848da9c275bc573bf9cfdbff88a5191b4bd29faa35914401cd33efcfce5f3a5047229b243de6d3c382fe18414,CLEAR,DAYLIGHT,UNKNOWN,FAILING TO YIELD RIGHT-OF-WAY,2.0,75.0,2.0,2.0
1057fa89f18e15d1306e35959f85ddbd1c3fb1e6b3eb683ce9422d3debc04bcc6755e87c9e81ca046f2cf59140d3db6f78bb2863e077d44bc3d885349354dc50,CLEAR,DAYLIGHT,DRY,"VISION OBSCURED (SIGNS, TREE LIMBS, BUILDINGS, ETC.)",2.0,42.5,2.0,2.0