crash_record_id,weather_condition,lighting_condition,roadway_surface_cond,prim_contributory_cause,total_vehicles,avg_driver_age,total_people,total_injured
10585a95a947ffe5ecbf1421060902de7afa109e7012df39dd4c73044c7ec4a6a0e21f4fd78820eeeaf6f865700486c3f0325e766355f44d8d0d47f6a1101cf6,CLEAR,"DARKNESS, LIGHTED ROAD",DRY,PHYSICAL CONDITION OF DRIVER,2.0,39.0,1.0,1.0
10586e418d0d8c4804689791a0d3f19cc07e9d289cbab9df48dcd9ad5e6ad2dad74aec5a3b5b1d7d426bf93d077fb335549e5b0cf53bbf2e2365de8d7c311c11,CLEAR,"DARKNESS, LIGHTED ROAD",DRY,IMPROPER TURNING/NO SIGNAL,3.0,37.5,1.0,1.0
10588a4821ed2bc858862e7fbc48b2a759cef4dcd40be06668adc46e136597a5303c3cc07b1b0c04f62a7e779fc93425d5f23f0093cddc5d5f3a90cf3b837386,CLEAR,DAYLIGHT,DRY,IMPROPER TURNING/NO SIGNAL,2.0,71.0,2.0,2.0
1058b1361a1584740b5d91b5122394f75ba4d130d09f0fecdd2fa042c9e8d23d55de26eaaa2de595b83c1e3edcad17fe3fd9c657bcd52d789520028613c848d4,CLEAR,DAYLIGHT,UNKNOWN,FAILING TO REDUCE SPEED TO AVOID CRASH,2.0,42.0,2.0,2.0
1058c28143ceaac0394fe4702b91f0a79f7081b70ff46044f5e662daeaa0623138c2e322a279f1843031c4365b754b41b575d4e0ca79048fe4c6122e7d1a34c7,CLOUDY/OVERCAST,DAYLIGHT,DRY,IMPROPER LANE USAGE,2.0,51.0,2.0,2.0
1058ccbf982fa10a6f2c0e3b7d1c8b68268cb35579c5ee731e86042a0a44b47ed63372811c096d89b151793667882541dd909ba75cab1375cc0d116e52541db4,CLEAR,DUSK,DRY,FAILING TO YIELD RIGHT-OF-WAY,1.0,21.0,2.0,2.0
1058d56774d0c98455fd8361ee627e1b9b676e70d55805f5742a5770dfaae9c03171799785d1397af03ad29d63aac47299d5f68a7fb4532c047ce9a9cbc56d88,CLEAR,DAYLIGHT,DRY,IMPROPER BACKING,2.0,72.0,2.0,2.0
1058eba0e1705f2d0b3a8332e1eba22d341883ab17d9e2728809269930210185f402ac0d8d8c7d99b9af6f08a1d42ceb5e9340bab68cbfa18697c4a308677220,CLEAR,"DARKNESS, LIGHTED ROAD",DRY,FAILING TO REDUCE SPEED TO AVOID CRASH,2.0,44.0,2.0,2.0
1058f397e9cb6440861761c7179b52b69ce109ed8b134301b4a1338bc14ace917d70727800d77d68e06c32bcb5370bef9d6b8a3868d0d6aab33138b2c6901cba,RAIN,DAYLIGHT,WET,IMPROPER TURNING/NO SIGNAL,2.0,52.0,2.0,2.0
1059365024259308777b78655ae6dda9cfc87adcda5b0a576ac8c3a5b7a5959eebd940d3cd27134bd0717cf281e5096f75aea8965c2acf4218917ab9142ddb88,CLEAR,"DARKNESS, LIGHTED ROAD",DRY,FAILING TO YIELD RIGHT-OF-WAY,2.0,23.0,2.0,2.0
105946f2a84e49cb72d74aa97051c74c77391c293de1069ab8c221d56d99aaa636308e8094b334bd21ec2a9c6eac10b57cc36adc833a8a246544578b0b1e3642,CLEAR,DAYLIGHT,DRY,FAILING TO YIELD RIGHT-OF-WAY,2.0,42.0,2.0,2.0
105965a961ce0f3ebdc75a17ea1ed55a8ac403004d11282250df3039584fa001e7446224373f6ae993308cc693a108f9e650c7adb1136589c15165a1e360f5be,CLEAR,DAYLIGHT,DRY,FOLLOWING TOO CLOSELY,2.0,63.0,2.0,2.0
10598f508c33276c3401321c3713305dda0ed314780e5d88b267e7b5f13774945abd722131138d45cd6d923f29d23684f2d0bbf0d10a3ca85233dda44d9dbde2,RAIN,"DARKNESS, LIGHTED ROAD",WET,WEATHER,1.0,21.0,2.0,2.0
1059a8733125ee41931d3ecbc518f4e973f1dc3311e360c9d4d5ec7d1536a729bb96eaf705ef8aa8d6a7b17aafd06b7ee4e13f163a39dd27f58b3dbba468594f,CLEAR,DAYLIGHT,SNOW OR SLUSH,DISREGARDING TRAFFIC SIGNALS,2.0,22.0,5.0,5.0
1059f50cfa2b6fde942ef4c15a38e7ba3744fe7a3a88f2e4752021c60eefce554780341b5684e6f291a85429bdb5e0d2f7e25686fa272e9b282e85d2bd9b77f0,CLEAR,DAYLIGHT,DRY,"VISION OBSCURED (SIGNS, TREE LIMBS, BUILDINGS, ETC.)",2.0,31.0,3.0,3.0
105a97dafb1301d7ef5745263b751dc76c7430cc5b05b088050501a42d6f39974e3ce3cdf27701723b9cb103063979f709a690a47a6cd79dfa7a52b6c96f0564,CLEAR,DAYLIGHT,DRY,IMPROPER TURNING/NO SIGNAL,2.0,22.0,3.0,3.0
105aaa27eca7ae92c58b7cf9c05c1c84e7cd03f35801bb924dcf35f32bd9219cc19b821f3c86c85a97e687fb116d12834df7d09febbc296208db42aa9cd503c2,CLEAR,DAWN,DRY,FOLLOWING TOO CLOSELY,3.0,36.0,3.0,3.0
105acde0e96ef49445b553a0eb54f5eec27eda7114d016dbdc21ecad6f5a88c113123d2f855176874e2f93fa3f131f4708e829127be98a25c323f41985ea6d9c,CLEAR,DAYLIGHT,DRY,IMPROPER LANE USAGE,2.0,21.75,4.0,4.0
105af9c6f3b29123a5e8985fa40d59144feb54aec74edbfe15df95f6d15180168430d155d164c209681facdb34ef5d77532e516d1771007e94cbcd1e7764dca3,CLOUDY/OVERCAST,DAYLIGHT,DRY,IMPROPER LANE USAGE,2.0,48.5,2.0,2.0
105b2df389cc4adb3946ed609b2bc18d2ac64d5a754dfb60d6fe7086d6364f59e673594f5c2572a6261455428e5ab4c2c8d1bf2fd0e2f6857ee4b43db79972d1,CLEAR,DARKNESS,DRY,IMPROPER OVERTAKING/PASSING,2.0,27.5,2.0,2.0
105b33704ab3bc683efc18dfa288850c01a433e8ca1b67c4ce4f37d346340d102db6e9b0e6649eb5d09d823e83626c674ccf1a20498b9553e968bf1fd3334af9,CLEAR,DAYLIGHT,DRY,FAILING TO REDUCE SPEED TO AVOID CRASH,2.0,37.5,1.0,0.0
105b7637bd4c0714696e6efdc4e171c2503836476e4891a559c6fedd75aecc7f6153e6600e01298f4a116598ec10c017e4c31aab19e63c95b382a708018b8b41,CLEAR,DAYLIGHT,DRY,FOLLOWING TOO CLOSELY,2.0,38.0,2.0,2.0
105b79bff348b686cdb1496a08c7be22349bbde46af9ef28a513b2149f0b903220ba278fec5ea13f3086c70e236f071e227572232741f6a2beaf13b7f83ce628,CLEAR,"DARKNESS, LIGHTED ROAD",DRY,FAILING TO YIELD RIGHT-OF-WAY,2.0,26.0,2.0,2.0
105b9489c8c9a9b63b5386f2083cf539e5134237a4a530971ee53241bcb89ea8c5cfb0e8dda9532dd6fa72518e62c27b52ff47e733cf31f88770e61b8990471b,CLEAR,DAYLIGHT,DRY,DRIVING SKILLS/KNOWLEDGE/EXPERIENCE,1.0,78.0,1.0,1.0
105b9649a389be727302ac1262ab9fafd04c16b3373b502e50b59ebcb73d4a2a8b1070f530b26d7c757eec783d7683135a754448e93918ca1fb3b755575f482d,CLEAR,DAYLIGHT,DRY,FAILING TO YIELD RIGHT-OF-WAY,2.0,43.5,5.0,5.0
105b9f65e7048052b8bc89987b75e34f4c065183727f9ad12f5fbb53e91fd6972c0721134c2b8564dd015053e87e0982e1eae5cda1f460a48ce8197b4ebed8eb,CLEAR,"DARKNESS, LIGHTED ROAD",DRY,DISREGARDING TRAFFIC SIGNALS,2.0,19.5,8.0,8.0
105ba3412247b0b14183cf6de180a4fbf82a521c6c232e89938fa8d30cc5a04723f160fe47e41a8618fd739e532a671b8d325ea76528b9a586c3635e213bb05c,CLEAR,DAYLIGHT,DRY,DISTRACTION - FROM INSIDE VEHICLE,3.0,41.0,1.0,1.0
105be00a1e18faa023b55cbab28911835fc332c356de809e1bbf598aa44204a2a6f498f4267ecb319da97641e88ca69a340942f41da6861ee8fcb1b6b71d1dbc,CLEAR,DAYLIGHT,DRY,FOLLOWING TOO CLOSELY,2.0,41.0,2.0,2.0
105be4b845829908efccf3bf9feb72256c0620c4bc0481824cf4ff217fc0781524feac43e6400c94ae83647640effea0cc65b5746cf1ebffafec9d596ced335d,RAIN,DAYLIGHT,WET,FOLLOWING TOO CLOSELY,2.0,40.5,5.0,5.0
105be540aa23501b1f41f087cd71cbb517a65ee68bf25934a7915848bd748a068cdd8b171ca19735f9ceb036ab965df4e89d96620402d5439124d48a3b830335,CLEAR,"DARKNESS, LIGHTED ROAD",WET,IMPROPER LANE USAGE,2.0,46.0,2.0,2.0
105c0c780140501599614f0ad3530215a3c7f05b78ad14a3ae277c160327a1cd6e16cfb21e18e50182b0d6053c071746d1f35ff56c64b92ad2cf6afff50ab82b,SNOW,DAYLIGHT,SNOW OR SLUSH,DRIVING SKILLS/KNOWLEDGE/EXPERIENCE,2.0,31.0,1.0,1.0
105c1627ea6b20193dc0d1e9a3c7b93ad0b1b9266933860b8d524304243e40513fab0f1ac2f0df76763a586b20b50f3b8f8c8fba6ef44969eb44e96e043544c8,CLOUDY/OVERCAST,DAYLIGHT,DRY,DRIVING SKILLS/KNOWLEDGE/EXPERIENCE,1.0,47.0,1.0,1.0
105c42d26fa3f57c42302ce9fddecd9d9381fef3351d31d2465066efcb68528a99d8b2227c67d97168e8841b2b4c6f938c4dc31a967c13113f717b22ffbeac74,CLEAR,"DARKNESS, LIGHTED ROAD",DRY,IMPROPER OVERTAKING/PASSING,2.0,43.0,3.0,3.0
105c572dd77faba38802a8efa733ef2c575e7f0305181f4360cf058edd8f6fb8423e74887907734f0ec24c1b3ab45d4ca90bc1840e2f34e2ba7b9e93e1774997,CLEAR,DAYLIGHT,DRY,FAILING TO YIELD RIGHT-OF-WAY,2.0,37.5,1.0,1.0
105c88309478a3a714e7c17adb27b3d3671deee560003ba98061dd52bdf22e54038b7d409893097668fd397548736e35dbf0cc9ac5126f889320e8d06d56ef32,CLEAR,DAYLIGHT,DRY,FAILING TO YIELD RIGHT-OF-WAY,2.0,37.5,2.0,2.0
105c9a963c3cea7cb678f2b0511438b7e42cb2458277fe94103e4569036555e6be0974b65d35ccf5df34a6f6ba9b1a4d7c6f93cf9cc8106d415f57001282f81c,CLEAR,DAYLIGHT,DRY,PHYSICAL CONDITION OF DRIVER,1.0,45.0,1.0,1.0
105cc0adeba9d772bb7db287e03263d0a15c67ac1678c048e707509b7effaae0f1e809358fd3524577cf5b6d47e149aad8ea76f2eb95f28a6b1024006cc7eb9f,CLEAR,DAYLIGHT,DRY,FAILING TO YIELD RIGHT-OF-WAY,2.0,32.0,2.0,2.0
105ce2e390a4f38aaeeac297b43ec7cc8b5e7918d8ea2101808b3c7f5074127e9dbef927596527514f8205d6c10491ae8ca7a08475e89228d8e4b22052b521bf,CLEAR,"DARKNESS, LIGHTED ROAD",WET,DRIVING SKILLS/KNOWLEDGE/EXPERIENCE,1.0,46.0,1.0,1.0
105cea37d281e53d229b5b024df0c45b8c64328edbf22126941f21ce54f1faa45275edec60746a7b983b3c51a64523fdce903e1090780cba0f0f220e602db000,CLEAR,DAYLIGHT,DRY,FAILING TO YIELD RIGHT-OF-WAY,2.0,56.0,2.0,2.0
105d061d06010e0c92fa7edeeef52cb52903daedbe6f5cab936eaf8474b66c91d08f2af1e4051988d7ecc0bb10e75ecf32aed258cc129bf8085caecdc7a2f618,CLEAR,DAYLIGHT,WET,FOLLOWING TOO CLOSELY,2.0,40.0,3.0,3.0
105d06f5f071b89f8e1cfba616e8e983b1ce985ab2427dc053960e22828f85e13756dda60a1a096b8134935df8c562bc42c7b4a1c79eeb196d991cf360ed0390,CLEAR,DAYLIGHT,UNKNOWN,IMPROPER OVERTAKING/PASSING,2.0,39.0,2.0,2.0
105d1000b809c162079d8ae75cb9a3f7864f875c1738952ad026ecf4550e4c6bacdad631c6bf0f1fe2f3b3792a5dce1a6d6ab55efd18079b2ccd906490930a97,CLEAR,DAYLIGHT,DRY,FAILING TO YIELD RIGHT-OF-WAY,2.0,51.5,2.0,2.0
105d2195f8629fbdefcfb26c45a77ca9b0ada678a138bc788380b7aab259054c1bed72bd8c7893dc7a055a93e8af7c9b381cc550b3ad772441093d231a3029b9,RAIN,DAYLIGHT,WET,IMPROPER BACKING,2.0,37.5,2.0,2.0
105d3316dc38a857b2a3d92e1e033e6f36e4c9b7e70a10840fc2a1b833fc25edcfd82fd39b18fd0dd0b447d3d2e138cf7f9c3cfc11535bc2d590b355e327ef72,RAIN,"DARKNESS, LIGHTED ROAD",WET,IMPROPER LANE USAGE,2.0,18.0,2.0,2.0
105d35a288553244e050f52453a3dbd43fc2cb0af28172b8eca21682b9b404cc70aa19e9103619073c5c6f97b1b926fba74a56f518117111becac1d14142e291,CLEAR,DAYLIGHT,DRY,IMPROPER BACKING,2.0,66.0,1.0,1.0
105d57e04d2e73ac06f54590f97577c485ae844fc3f090a67f171e95d04afa54ea39d70602decf928046deb0eb6a8547c408b7284ff02d77781b4048c4166480,RAIN,"DARKNESS, LIGHTED ROAD",WET,FAILING TO YIELD RIGHT-OF-WAY,2.0,62.0,3.0,3.0
105d6044c76d2579542dcbbcb130e86c6ecbd3377304960fed31383bfe647a47fdd8dd8a50212c5f07d9de6865cad7ddd994993961974c6159f706bc4539a9e4,CLEAR,DAYLIGHT,DRY,FAILING TO REDUCE SPEED TO AVOID CRASH,2.0,58.75,4.0,4.0
105d637fc1f761cf77a5c3c7c16324531e09acf5f4c75fa41af392847110a83ad24ad5ec96a6790588a6cc6742e3aecec4ac073fc8034fbd8f796ebab2c100f9,RAIN,"DARKNESS, LIGHTED ROAD",WET,EXCEEDING SAFE SPEED FOR CONDITIONS,2.0,41.5,2.0,2.0
105d72744588f9180f51ac7be769fdbcb46450c5e5226e924784ddc69bdccfd13292ecc0dc3362696c696df65af6f3dece9cfb3e40294120dbf50f4275adbc45,CLEAR,"DARKNESS, LIGHTED ROAD",DRY,IMPROPER LANE USAGE,2.0,40.5,2.0,2.0
105d77acac41867f94404d995a8b12ea8f7161a597a9e9846e6dad1cfc8c07dbd8672d7f13e58c971e16b748950213e94dcbcc43c62a21dcc71e7fed1aca332c,CLEAR,DAYLIGHT,DRY,IMPROPER LANE USAGE,2.0,39.25,4.0,4.0
105dab43ba69e1ae90210a070026d7c7bb871b2c2f86c2eb2f6c40e93b1c16f15b30772919e9b36e92f563714da87b3a96d22ffd3f2dd8905c26bb3bbd74b79e,CLEAR,"DARKNESS, LIGHTED ROAD",DRY,DRIVING SKILLS/KNOWLEDGE/EXPERIENCE,2.0,0.0,2.0,2.0
105db058b614ec510a3298d961ee8aa7e9def1849b810d602b0935e316028cf54a5ceaa1da47dc63e132abb128a432c91b0c3c6c4b298a5698aacd39c649d196,CLOUDY/OVERCAST,DAYLIGHT,DRY,DRIVING SKILLS/KNOWLEDGE/EXPERIENCE,2.0,54.0,1.0,1.0
105dc02ce3b87acb2e2a10e9116b8d8112b49f5eac1a31bcf1c4850f8b862400ebce75b2c3a31bf70af957d90429fea4589a03e3d5875340b0e16aef63e2709c,CLEAR,DAYLIGHT,DRY,FOLLOWING TOO CLOSELY,2.0,47.5,2.0,2.0
105dc22e1e72ab2e4a85118f75c79dfd475fd654ebd25aa731a864b98907838ce1c97d2bf0d0193430b2c18d17f4de414fb528fde217f7976c162ac26d7e3c5b,CLEAR,DAYLIGHT,DRY,IMPROPER OVERTAKING/PASSING,2.0,20.4,6.0,6.0
105dc80e15818632ba07c6faba71684c76b48fc15a2e07933c35af2f6237192594dbc70acd56acf3c8e0c516b09cee994ff7e787cf8ef88a0e8c3a0c2b0d8704,CLEAR,DAYLIGHT,DRY,IMPROPER OVERTAKING/PASSING,2.0,49.5,2.0,2.0
105dd36ff8918845616a6be33784fa43f79963fc2c266aa195cfc8294ce944b9a01857e3ba246861054956c912e21679fba98876248e98ad7676dcdb02333c57,RAIN,"DARKNESS, LIGHTED ROAD",WET,"OPERATING VEHICLE IN ERRATIC, RECKLESS, CARELESS, NEGLIGENT OR AGGRESSIVE MANNER",2.0,20.0,3.0,3.0
105e2a8bba1ebf1746c114320c6686fb02ebb4c20c9cb3cf3ba60487e621de8445da33d5dec58bc7b2370618859e3f18c91c9a444554f55034546d90e37471ba,CLEAR,DAWN,DRY,EQUIPMENT - VEHICLE CONDITION,2.0,29.0,2.0,2.0
105e52f6317d72022d5cb6f9d3cc34edca637d28de8b6763f45af88f8ff54cd35c1dfbb76ea9fc06e6572e2c45c2dd71fe0552941e00ad2c9d8debf95a844810,CLEAR,DAYLIGHT,DRY,FAILING TO REDUCE SPEED TO AVOID CRASH,2.0,24.0,2.0,2.0
105f03265d8393ffc1a1435d915de73fac0e593e05f0085a43ec81dbccc6ca78a5d2778b4419e0f43a44b448de5a7571d4ad02123d382b70b21721523175afd3,CLEAR,"DARKNESS, LIGHTED ROAD",DRY,IMPROPER LANE USAGE,2.0,37.5,2.0,2.0
105f0b0f763e8fc335fd397542e1240438f3ecab81561a7b527d6f16e5ea2be7c9f376e407bfe0e87a4951d754eb961403b8c13249aa923168a04349d5a9d16d,CLEAR,DAYLIGHT,DRY,DRIVING SKILLS/KNOWLEDGE/EXPERIENCE,2.0,8.0,2.0,2.0
105f0fc5b197abaddf17e0529b27fae8f0f4ea151ce9188f0390726691955898d5452e14c74eeefd75bf91e47496da403d5f66ac24235afa9565143925ca6408,CLEAR,DAYLIGHT,DRY,FAILING TO REDUCE SPEED TO AVOID CRASH,2.0,49.0,2.0,2.0
105f210b078cfd9cd34f817f92b9f8fcbad16b8a6d92d554e7fe43630becaac396661d0a1e28674ff8076e81cdf70d6da660df5b3cea4c4d3a3a728bc3342c25,RAIN,DAYLIGHT,WET,FOLLOWING TOO CLOSELY,2.0,37.0,4.0,4.0
105f372db0e44229d6f00da1f6f5ee6e842c5c47f10dfbf9ebbffdf1ac4a0113a2c44c58536dee0284f46a08fd1ba7f2548de0d8761a6182c025c3fa457f50b2,CLEAR,"DARKNESS, LIGHTED ROAD",UNKNOWN,FAILING TO REDUCE SPEED TO AVOID CRASH,2.0,37.5,2.0,2.0
105f3dbb08f14a04996092f8539a433b10bde2a0635aa1adb0fe37ba8973eb90e16b1e78fab203d8872826a61ccbe6c204615ea13a611b79d1dd81c5d4176447,CLEAR,DAYLIGHT,DRY,IMPROPER LANE USAGE,2.0,37.5,1.0,1.0
105f510e080852446afc1ee79a2f215d6e27764a2d802d23cf5f5637caf5fc8eac14ff6e32d09cb9c32e252b5fda80b4c45a9bb0f3e38d15105bb224e1e582b3,CLEAR,DAYLIGHT,DRY,IMPROPER OVERTAKING/PASSING,2.0,50.5,2.0,2.0
105f5f1c3725cf3987b5c94ddf49bc6e2e98113a4e7ee59e19aa068f8073c0a87cebf8c9c31eaf08b6fbca940a8c9bfd06b833310b8a870053c56427d15cae95,CLEAR,DAYLIGHT,DRY,IMPROPER BACKING,2.0,63.5,2.0,2.0
105f624e40c0cd1e3cb7268ebc7139cf0a14baf5bf8d776dfee2d6762abd74e47b5081d7020394d5cd3a6827bfd4b3c1ec1ac6b9ffe9bf9bef2b32e29b9239a6,CLEAR,"DARKNESS, LIGHTED ROAD",DRY,IMPROPER BACKING,2.0,37.5,1.0,1.0
105f7ce8f0ac582757851364a1ec3172e29f9e90803783c715a55b046e48820de1de7593b2d077776d9f7e8df6e5651db4790fccee5c58f7119d5029b4324f31,CLEAR,"DARKNESS, LIGHTED ROAD",DRY,DRIVING SKILLS/KNOWLEDGE/EXPERIENCE,2.0,39.5,3.0,3.0
105fa7da506ac5a9820e8f26c3d7c36010fdfc514ca425473aae7a389f01daa4a6324f07561cba5f53dde4d6f37d367af8a22382b79a440884ed13c6cac1e286,CLEAR,DAYLIGHT,DRY,FAILING TO REDUCE SPEED TO AVOID CRASH,2.0,35.666666666666664,3.0,3.0
105fe03086ccfc8a3fdf7294c700c9affbb55232781d19bc85cb76c3c686a61f537968a8da5943614eea37e02de60449402c6f5ffc3e9be4ea73b5200edfbb77,CLEAR,DAYLIGHT,DRY,FAILING TO YIELD RIGHT-OF-WAY,2.0,20.0,2.0,2.0
105fea38313f60b061658f836ebcd419c625169d87d8b51b3b502b1b9132bae9d1504e0821626c17fc242c334a18b19529ca9f9f54c9ee263633ba3bd98db083,CLEAR,DAYLIGHT,DRY,DISREGARDING STOP SIGN,2.0,17.333333333333332,6.0,6.0
105feb4b703926ac3cf2537c1564f11d0aefc87a939bc9eaaca9183d16c7facb27e0cdb4de66247580a2bf7c5d879542840ef350d39d6c29c1071d5087c20916,CLEAR,DAYLIGHT,DRY,DRIVING SKILLS/KNOWLEDGE/EXPERIENCE,2.0,37.5,1.0,1.0
105fee65df2028b72d803434e1507cbe3da0db69ad1ded334932b395a34675e78230beb7c90d162ab5c52e781eab837467002a4f88d3ace511840c209197314f,CLEAR,DAYLIGHT,DRY,IMPROPER LANE USAGE,2.0,37.5,1.0,1.0
10600352adbe6dd8c7c6fbd29159126ef4cb19edc2d157e3bb5c517afa234fc68ca2993efbadeba86e215d2636807e0e4120113cf7c98fea2b2fd2a1af792c8c,CLEAR,DAYLIGHT,DRY,IMPROPER OVERTAKING/PASSING,2.0,44.0,2.0,2.0
106017b630c9957bbc83b8eb91df76ba52f56ca0d40634d80b782e1d1effa21d7ce29da1fdab06c7903dde9c0b6e5b6370c16d3a2bec9e3684c45c29dc6d420f,CLEAR,DAYLIGHT,DRY,IMPROPER BACKING,2.0,36.0,1.0,1.0
106028c4634a702e82fbd40463c76c1028e82dcc5dcf8145393953f452bc9ef19dcc93e48b0fbf660ba96cd05f6886a9e04a940b754f1784ff9b424ad9d544c2,RAIN,DAYLIGHT,WET,"EVASIVE ACTION DUE TO ANIMAL, OBJECT, NONMOTORIST",1.0,0.0,1.0,1.0
10603131e30211a55fd5b9ec117c52a8f625d7d8025dab68eb4b4350f41eae7e8fb0790dc97973bc9aa684117c5aad3078028f82440c828b1cbe757cd87897eb,CLEAR,DAYLIGHT,DRY,FOLLOWING TOO CLOSELY,2.0,38.0,3.0,3.0
106066313aefb6d208b58744e7a13a069703e058815e7e9ba05e50c7a6012a0f91155f5488bdc263c9fe7d96d904e4c709a19d586fb06a433d4ef228ae282367,CLEAR,"DARKNESS, LIGHTED ROAD",DRY,FAILING TO YIELD RIGHT-OF-WAY,2.0,30.666666666666668,3.0,3.0
106066fbc37f7c37b3a6011c4c180e87704f2d638f7455387289fd0c4aba32bae9ca01affe4a31c072cc907e1b1aace15295659a1416f9f5acc8de1572a4b1d3,CLEAR,DAYLIGHT,DRY,FAILING TO YIELD RIGHT-OF-WAY,1.0,15.0,2.0,2.0
10607a170a16f3ded67fa21736c94b430b0647c4f165750866734b89e2f99b259e03a792be78a1a4516719c60d4de84d1a09027defb181a6ee6876fdce323a1d,RAIN,DAYLIGHT,DRY,FAILING TO YIELD RIGHT-OF-WAY,2.0,27.666666666666668,3.0,3.0
1060998a51e3bee9d6c84ef402b07ad2eede9e961203d39b81e77630246c8fa1a4ce4e976923f47cfac283a191a3710e8c35b308cbfdaf9f47e162ed8f1fc795,CLOUDY/OVERCAST,"DARKNESS, LIGHTED ROAD",WET,FAILING TO YIELD RIGHT-OF-WAY,2.0,45.0,2.0,2.0
1060a51167449cbe6bc48b18c7f338b3cb23cfbabe1c8184a85031a3298d97a4e41a2f64ba632bad70fe9ab20ec5d3febc0f78f11d705cd9ae0e71b2229c0e2c,CLEAR,DUSK,DRY,IMPROPER TURNING/NO SIGNAL,3.0,23.8,5.0,5.0
1060be10f40de4b5f7b23e955707e381be32a52f58b6881221155fc3fa26f48ef9c386ec1f798b79fb0db3f10af9b0b83281438ae64f40a29f6d4199f6489254,CLEAR,"DARKNESS, LIGHTED ROAD",DRY,IMPROPER OVERTAKING/PASSING,2.0,33.5,2.0,2.0
10611849f06e97c1d37c51b2613299e522195ed90216faeceec05fdc62d8b822cfc9fb519fa096a0364beba5270332e8474ba32d02a8a684fecf06512206af74,CLEAR,DAYLIGHT,DRY,FAILING TO YIELD RIGHT-OF-WAY,1.0,23.0,2.0,2.0
10611ce75537fd4bb1cd11fb8e088b3bc1f870102e2493b8a7c1150738533d84691f065f3dc76695a0029cfc58f195be44c5ea0260f52bee12b9262c60cdd265,SNOW,"DARKNESS, LIGHTED ROAD",WET,FOLLOWING TOO CLOSELY,2.0,41.0,2.0,2.0
106129289604143cdee03923598c147df1689e2f1401d8449ed5fb1f81bfcf7bb166be27bddbbe7df62226fc35760fff73561a6de11f916c62361ad9ac3dba07,CLEAR,DAYLIGHT,DRY,IMPROPER LANE USAGE,2.0,35.0,2.0,2.0
106166f1b1bfac9a1af2f474c3f212abad9f39cf9669309e9eb4357d2d7d572b2f7dc28457514465c1d5a38810c8035e29ab6ae9e655cf8b5314a6a1a6130ced,RAIN,"DARKNESS, LIGHTED ROAD",WET,DRIVING ON WRONG SIDE/WRONG WAY,3.0,30.0,1.0,1.0
106182283bb5f107328f2c7bfc4425e76dbadb8d803c24fb1405100ac228c8ea05e0f8d50a3f326b814f353b496d7e5a88e13479ab422617be50fbda0d69c929,UNKNOWN,DAWN,UNKNOWN,FAILING TO REDUCE SPEED TO AVOID CRASH,2.0,43.5,2.0,2.0
106195d68980251faf7dceeaa47ba8a4e9013bff5e86451fea4eab9da36e3bcf8f83b67494080f576d3ae96d89aeaa08d438d8fd8de871c7e4b0d468d3732d6b,CLEAR,DAYLIGHT,DRY,DRIVING SKILLS/KNOWLEDGE/EXPERIENCE,2.0,37.5,2.0,2.0
10619f30c25e88d2ecd95548cab9712d4bcf2a21076c684c6ef706188d4a5d024871037b9c20d724dc701231dca4147dc77a0d567340a1ef491146981b2b38f5,CLEAR,DAYLIGHT,DRY,FOLLOWING TOO CLOSELY,3.0,18.285714285714285,8.0,8.0
1061a6240952e2d4ab0799d0917c6747272a926df071c47f8360ad45bb503a68dcc1efaf6c1424263cd1ad98f339dafd6b301742e17303411ed37e55e408c337,CLEAR,DAYLIGHT,DRY,IMPROPER TURNING/NO SIGNAL,2.0,34.0,4.0,4.0
1061b74dbff2134027aa9a3bc74c3a1b8abf63d0b473523dac9d9c9499c547fe67f4d283bdcb6a9737931e7ed0f4600d7bfe2b78d40a22dd47288eea425127c7,CLEAR,DAYLIGHT,DRY,FOLLOWING TOO CLOSELY,2.0,35.0,2.0,2.0
1061dc0492b498b9c8492c0715d4c8ec43d0cd2ef5f6213bb58ae732037ace6d2b2e882353f7cff8462e16a3c5c8aa0210dd90221f0a3d1b7ba4f09951ea40f8,CLEAR,DAYLIGHT,DRY,IMPROPER LANE USAGE,2.0,59.5,2.0,2.0
1061e1f953548b30b3d4e1770146d3685e9fe7cc6d9f5ad4e055efa5496e3308bb04758f5b669feb4b37b93c4d2c66f2ba7713471a6fc85216d408a8420df875,CLEAR,DAYLIGHT,DRY,DRIVING SKILLS/KNOWLEDGE/EXPERIENCE,2.0,23.0,1.0,1.0
1062193541b3e93eeaa46ab62121d7e8f3596d012a18f0cb940d69e65e989f9c1491018c1f4274c7d483b9f1af279db5fbbd9dbf8fff92ec381b0c4505e959b4,CLEAR,DUSK,UNKNOWN,IMPROPER TURNING/NO SIGNAL,2.0,37.5,1.0,1.0
10621a6c1dc5dc21755b993ffdd045f5ea5c6b776a091381707a36fdf336198f3e28224042a9308ef31b0d4a1bdab17b39fa2013c0ab85a3169cbf59dfb4f8d9,CLEAR,DAYLIGHT,DRY,IMPROPER TURNING/NO SIGNAL,2.0,40.0,2.0,2.0
1062483346c8d54b20a8be80737969bf96a316729999babd4267b4586f1f8174323a7b93b09819d5bc6eeadcb2fe60ac3e0702e336d89d5bf868a3fa86b284ca,CLEAR,DAYLIGHT,DRY,FOLLOWING TOO CLOSELY,1.0,41.0,2.0,2.0