crash_record_id,weather_condition,lighting_condition,roadway_surface_cond,prim_contributory_cause,total_vehicles,avg_driver_age,total_people,total_injured
10625d2df0dab9129160934542c267574870d10748c50fb6fa42f113e652e7c3804d54d9163d269d6a9e26d6493a561f863b4c779290466ecb4e180fdb8573bd,UNKNOWN,"DARKNESS, LIGHTED ROAD",UNKNOWN,FAILING TO REDUCE SPEED TO AVOID CRASH,2.0,37.5,1.0,1.0
106274c0c145d7858826ee71f12d07ebd23bc0c51345cf6567a219a71289d5b287177df7a873b7bf9859b34ef6b585beb3d9ff9eb7f3e463a34402a5d8387538,CLEAR,"DARKNESS, LIGHTED ROAD",DRY,IMPROPER LANE USAGE,2.0,32.0,2.0,2.0
1062826df30fd5eddbba867cb58936c1944a5d2cd23c501e9e4fdb971d724e7a9a1b5a408517349d7488402e54d577acf10dda8f52a0223ca7b7c668178e0430,SNOW,DAYLIGHT,SNOW OR SLUSH,WEATHER,2.0,24.0,2.0,2.0
1062bc616bc1e9130cd9290af458715182a1f400f2e9c147868ce0eca877432629284ed1bd4452d301bcf528f0310133bf653325a3454d4d930e328635b74a3e,CLEAR,DAYLIGHT,DRY,FAILING TO YIELD RIGHT-OF-WAY,2.0,27.0,4.0,4.0
1062c3ba9403c0c028c73a74f829598c756fda4401d7d419c77e31d2fc6e03a065e294c120158d716ba013334031ea11dcabb9b6eeb9d41622a2d7c8b641aa98,CLEAR,DAYLIGHT,DRY,"OPERATING VEHICLE IN ERRATIC, RECKLESS, CARELESS, NEGLIGENT OR AGGRESSIVE MANNER",2.0,29.0,5.0,5.0
10630565299443d30338d915e4bbb60441f4bae64bd8bacc98aeb5d1cbaa93e6a8446fffbaab9b6a7241a7ed3cad784532a4c9129fee829293bbcc35e02b1693,CLEAR,DAYLIGHT,WET,FOLLOWING TOO CLOSELY,2.0,52.0,2.0,2.0
10630a2e9a1899b6b4039f56c239aa4ff49e832e8a9cfea2e3d0751aff3e5122d7aa70cca8e1dd3dd403705fd11a2e3be93c87b2bb2c857c3c5e2f2532a68761,CLEAR,DAYLIGHT,DRY,FAILING TO YIELD RIGHT-OF-WAY,2.0,33.0,2.0,2.0
106316ef0daa89695ff4cd034ea9b688ff98693d541f2d65468f8e46fb49c4baff2ce991f9d047ba2ed6a3bdfb0764856d63b30db765bf800e646a3bd09ca990,SNOW,UNKNOWN,SNOW OR SLUSH,WEATHER,2.0,37.5,1.0,1.0
1063207b7b0fa4fc49a483c76ed77f415710dcc44e7b52ee9884cceced6ad33848900a237d434431d12dfbef3305ec4a033c9b28ca21e83af44ca62ed4a7ae23,CLEAR,DAYLIGHT,WET,FAILING TO REDUCE SPEED TO AVOID CRASH,1.0,31.0,1.0,1.0
10637ce148cda662086509d8912137ff1fe752b48e3937d7b0818e64dd2c6f58ffc96c56c282c5dc4dd252c01279e31c70f6fcf7229ea2e6855f8bc33c0e26aa,SNOW,DAYLIGHT,WET,DRIVING SKILLS/KNOWLEDGE/EXPERIENCE,1.0,48.0,1.0,1.0
1063ac90e9c269413947182d90e7afa98ec840fa2306947c9ca5f08e4a55271c8c16c65839f008093bebbcf025bde87914dd438bdb74c2aaa9fd4682b44bd31b,CLEAR,DAYLIGHT,SNOW OR SLUSH,IMPROPER LANE USAGE,2.0,52.5,2.0,2.0
106421b02be8105e1bda9739744472c9622f0666c3cfceb3639758315a92873704ca79f2f0051540d57909d697f71684b8f8d021cf2a60f5dec6a43d3bdc775d,CLEAR,DAYLIGHT,DRY,IMPROPER BACKING,2.0,47.0,2.0,2.0
106448d66ca3eecabdc91db833fc494e601fe01bee02f94c752dd3dbe7c17122a2b60d15a623e73cfadcda0dfe9ff00b5e3b7467b83d1fe10f37b0e806445968,CLEAR,DAYLIGHT,DRY,FAILING TO YIELD RIGHT-OF-WAY,1.0,52.0,2.0,2.0
10644cca855817ece64d40d1a913ebfb92d76544bc03d605441caedeca5dc6a123caa53ca28840fcc4a803dbf77a558c6775f8762f90eb9c32f912136c592d05,CLEAR,DAYLIGHT,DRY,FAILING TO REDUCE SPEED TO AVOID CRASH,3.0,56.5,4.0,4.0
106461d6b86a544290c25a0fc5ca987faef9b4fbbafb2724d28854911055abe020b3b8d992cf3fe96a6086769e7a3c90a312319186798296d01058ca306ad8c2,FREEZING RAIN/DRIZZLE,DAYLIGHT,WET,IMPROPER LANE USAGE,2.0,44.0,6.0,6.0
1064738a8b22f8f620987c43569258494283e7728b7e84b304080b6ee389b01bd573ae4ba8c4fcf8eca35d519382170ab3ab536553d656be4b0a5110cc0564df,CLEAR,DAYLIGHT,DRY,DISREGARDING TRAFFIC SIGNALS,2.0,23.0,2.0,2.0
10649f2c144e1ee01e280ed6955b00465254a14c9e7e89b6ddd23e0ac651f5dfbbbe37b6b72dcca9b45d14d786577b8123368a2f80a3131f3645bd317a096313,CLEAR,DAYLIGHT,DRY,FOLLOWING TOO CLOSELY,2.0,21.0,3.0,3.0
1064e7af9b62c2db7e2ed53098e84f3271f7098ff44fa6f9493213158da41d6787f521c17629c4bbf04e3cb2c8424518fb18e37564a6e5e04908f6fb60e4d97a,CLEAR,DAYLIGHT,DRY,IMPROPER OVERTAKING/PASSING,2.0,17.333333333333332,4.0,4.0
1065333166f6a83082aeeef988cc53a40cb4aefa9eced07cfa35d72f364a89e1f05f611b6ec464e1be53d248f3547b78911c935d61adb83a8c36038affac2226,CLEAR,"DARKNESS, LIGHTED ROAD",OTHER,IMPROPER BACKING,2.0,37.5,1.0,1.0
106544e3e98e6dba6791421a1b12a999e6179a8f827184a3b9efbc04c3b69f72dc08f1b0f278fe9a638bcba7b1eec3494e6641fa296f96d4b79e65aaa0c641ca,RAIN,DAYLIGHT,WET,DISREGARDING ROAD MARKINGS,2.0,36.5,2.0,2.0
106549ada3bbdced5bf28f4770a8cee21d7fe058a081ccbbc1e2469bf7e8ed76f30c68ad47c477cf5d112b0389af6e8bb685d15a1f6d13832e42b0bbdd813794,CLEAR,DAYLIGHT,DRY,IMPROPER BACKING,1.0,22.0,2.0,2.0
10655759f930dbc2d1c6f0375f2eb4f552b5e91843593c5adda7a94c66a37d7346170e4e31c7c039ca7a3f4a27ceb052287f66d5910f92649dd119c8bbb9fdcf,CLEAR,DAYLIGHT,DRY,FAILING TO YIELD RIGHT-OF-WAY,2.0,38.5,5.0,5.0
10656965527362f4a633531c88d4dd1a879a32f6c3b53d5ba7e9ddb441400f5d8d8274561ba534ca80bd3acfaae6a005198148c7e9196b2475dea1e38854cccf,CLOUDY/OVERCAST,DAYLIGHT,DRY,FOLLOWING TOO CLOSELY,2.0,46.5,2.0,2.0
106581f15de14eb95ddc8c0ecec0405ed38bca0976b8e7f9983c0df1443b4853217804e146d86cbf42c99c145d034b009d8e6182c6db81977428067bd56e312c,CLEAR,"DARKNESS, LIGHTED ROAD",DRY,EQUIPMENT - VEHICLE CONDITION,3.0,27.0,1.0,1.0
1065d4d3a3bdf4a790686cf9ba628ef859c37350b9ce0fa1709feecd41c710994a9d0a7cf559e70b651a2e9a505608f678caf1c63baf6f840fa595db4e682e5c,UNKNOWN,UNKNOWN,UNKNOWN,DISREGARDING STOP SIGN,2.0,26.0,2.0,2.0
10660a4a828db8982bf48ee888192aa3e495b2aa2152936114c7dc7156fadd7287610700f8d9e125d4de71c10a70bc46bd827bf50b567b97412bdfb34bf16f3a,CLEAR,DAYLIGHT,DRY,IMPROPER OVERTAKING/PASSING,2.0,34.0,2.0,2.0
106610a566d165efbb98d63f7642ca1a96674dcea76b7535928b4343a37f5deef92f7ce714b42fe180bed1c4c3eb257cb9b6be6cd150565fb5dcaa61ee6ce7dd,CLEAR,DAYLIGHT,WET,IMPROPER OVERTAKING/PASSING,2.0,42.0,2.0,2.0
1066472fc5bf013b311e0b32dd614a09ced33f9d40d743ae15d56fc0bfa1c749fb752d76327b6dd9df80148c1b790b9e61e4779a775525b0ec51ac9d21740ffb,CLEAR,DAYLIGHT,DRY,IMPROPER LANE USAGE,2.0,33.5,2.0,2.0
10667b0f76a9345658d2801a7af5316d84c142a9330477e6aaf232408d1ff7c3cff1c6db5e76f9ef94612684eae8fb08a6aa2bb51f91f31903b9b3981cf8ebc2,RAIN,"DARKNESS, LIGHTED ROAD",WET,FAILING TO YIELD RIGHT-OF-WAY,3.0,30.0,2.0,2.0
10667b8f6d2823b276a640074d6d1651b8b260a32f4ba5128dbed2950bffee5cbac22d56590c7dcf33c96216777c0f30d2835d8f43760355215ca039aac4b2f4,CLEAR,DAWN,DRY,IMPROPER TURNING/NO SIGNAL,2.0,44.5,2.0,2.0
1066e6b98e570b433acc4e57b1bd730fe0748cc1b2c8e49a7a2d02fe27f40b07d7d04147433e032a7ea3f9c0dd75b3c1bab799e20685c69e9679f485ead1d157,RAIN,"DARKNESS, LIGHTED ROAD",WET,WEATHER,2.0,53.0,2.0,2.0
1067cb3370da7f5b43d55b0d4184b559cdb5e59fda8714f2aef0fd95d20a8afc79ee13a531038b1bd294939310ffd04eae131c4c9e6468e832e5e8ed1145994d,UNKNOWN,DAYLIGHT,UNKNOWN,FAILING TO YIELD RIGHT-OF-WAY,2.0,41.5,2.0,2.0
1067db8f9ab03bf9148d95e28beb0cb432a09c240132fee37c47f671c5760ffa340a88d9048039ff8b048e1fa0db14e12a1bb5ba9f55db17c20a1755730f8592,CLEAR,DAYLIGHT,DRY,FAILING TO YIELD RIGHT-OF-WAY,2.0,33.5,2.0,2.0
1067e8be043d5fd19eed2c113348e707bbf6b13c16bace74f01fd39172c2b7891284b9e954ccb6e8993b6375a0e8d9380c88d8abdce9b49952fc1bbdde2b642b,CLEAR,DARKNESS,DRY,DISREGARDING ROAD MARKINGS,2.0,27.0,3.0,3.0
10681c5162ebbb004ffd915e5530f51db27d8d3ef26c8a56b35637bb66710a2d8d7a94a962eb207b7e49903324fd12b6759ca30b8ac9576f3682f3cb446d4b74,CLEAR,DAYLIGHT,DRY,DISREGARDING OTHER TRAFFIC SIGNS,2.0,37.0,3.0,3.0
10686b268e28062f3717bb1808199fd9a60204a54cea35105c83a3ebde48041d7a263742e739edf7d439cce595a40adce0fe7bf53322ccf3954f2698ded5be52,CLOUDY/OVERCAST,DAYLIGHT,DRY,FAILING TO REDUCE SPEED TO AVOID CRASH,2.0,39.5,2.0,2.0
1068ace806e66542aa10941ca83e084cef49bb9a8774bae5ead17a36e71a48561d0b1edaafaf7ca551634019ab5f229cd7903b206ae0b14a06c0a9671486fad4,SNOW,DAYLIGHT,SNOW OR SLUSH,DISREGARDING TRAFFIC SIGNALS,2.0,52.5,2.0,2.0
1068ca0354ffcf98752607641439fe2bfb52bc84e0d01090e61e9ae3040849919902afeaf782dc19cc74d35ed4b132edac8be228f34c053dab4005c414218a6e,CLEAR,"DARKNESS, LIGHTED ROAD",DRY,FAILING TO REDUCE SPEED TO AVOID CRASH,2.0,39.5,2.0,2.0
1068ca6b0069fae04478a3a6e276da892e98293c73ecbb078dd61b0360d5b2146c8940435a859b613eac505298bffd2bbcbd64099d6a636ecefe2f85d1bc22bd,CLEAR,DAYLIGHT,DRY,FOLLOWING TOO CLOSELY,2.0,51.0,2.0,2.0
1068cc08159e3d9c5cb75ce81f2c928c2f09eafce0e9bc214e14d6f7a77cec252cd23b8351a70a5483f3fbe922cd1df144f98df1295602db0e29ab6031725159,CLEAR,DAYLIGHT,DRY,DISREGARDING TRAFFIC SIGNALS,2.0,37.5,2.0,2.0
1068f46e830f7786d7e0378d3a4de04821b55bfadaa213e198d911f260ca2fb09b82ae3ddd2db37cc13963ff832b8b8e5faa716a7d5c55794088e4ef48ed3471,CLEAR,DAYLIGHT,DRY,FAILING TO REDUCE SPEED TO AVOID CRASH,2.0,24.5,2.0,2.0
10694cd80e2c11aec1ebe113d238b1e6f1aa4020d8a8071905028578f7ec0a2e27de356d063729bbf771b34366e085bbfcc6e8ed2f0c0914c0113cabd2450e8d,CLEAR,DAYLIGHT,DRY,FAILING TO YIELD RIGHT-OF-WAY,2.0,25.5,4.0,4.0
1069e3850ee1012388a2fc2c2c6217c42514ee7306b449e67c5e7e4628be2f8f974801ed31be4a4fd55e22b5a58df880dbc2a675a3d5d73b9793f2ff426f74de,CLEAR,DAYLIGHT,DRY,FAILING TO YIELD RIGHT-OF-WAY,2.0,30.5,2.0,2.0
106a164fddbe7cfd7eeca63d18ce080df8ac26ce38f650fa6525687040f3bcfe0643e7b663b6e7b195059c9f50df830a034916571447cb14ef53b889aaf8649f,CLEAR,DAYLIGHT,DRY,EQUIPMENT - VEHICLE CONDITION,3.0,34.5,3.0,3.0
106a1e874a29a41ef0f10d88ff4ab07d18e2d3e16c5a6ca52b8a06a796b1fce2794a57190fba6ff84c8a5ba46bb8ddecb9a2dda3e8fde76362973d37a802dc75,CLEAR,DAYLIGHT,DRY,IMPROPER BACKING,2.0,20.0,1.0,1.0
106a59c1e0fe8d9b7102d289c139e0c0275d10bb00ddf595ae93b4b5758931ecaa0ea317a74829f1e46a215b6cca5ff68c87617b6edc3ba8c5a5365da46bffb5,FOG/SMOKE/HAZE,DAYLIGHT,DRY,FAILING TO YIELD RIGHT-OF-WAY,1.0,22.0,2.0,2.0
106a75ad20d5f1ec37633126adeeae6d773c6bffcaee763fb733355bc0ac46539fe3bc5ab0eb54afc8e445421e8d2bfd3ed8a0d748e70dfdd4e8644d8afa6410,CLEAR,"DARKNESS, LIGHTED ROAD",DRY,DRIVING SKILLS/KNOWLEDGE/EXPERIENCE,2.0,37.666666666666664,3.0,3.0
106aaf233482a1aca71bf2aa37a1dea306653b9cc48af5a41b6ad6756d60b0ac2b36889a42250dc81450b92407ba1d869f540f00f68033f380d18a123d9fe68f,CLEAR,"DARKNESS, LIGHTED ROAD",DRY,FAILING TO YIELD RIGHT-OF-WAY,2.0,37.0,2.0,2.0
106abb31244a842733f26e31ed522947bf5bd55eb3fee1e569adb5c08dfd574ca02d5250f25793b7b1aaf48208ec05beafd0fcecd5341b5070830342e0647562,CLEAR,DAYLIGHT,DRY,OBSTRUCTED CROSSWALKS,1.0,17.0,2.0,2.0
106ad79e0ecf737478c9ec5f41183ca454b4acba23fe2a19cdc7a9c43b547fa15af5b5c739cf65aef4ffbc0a2d889a4593c241bef48e3aaea4ab2275d4ff9a4b,CLEAR,"DARKNESS, LIGHTED ROAD",DRY,FOLLOWING TOO CLOSELY,2.0,31.0,2.0,2.0
106af3491c852f85e7a68c7435b596352b033a2454497342b2b1f5f864e1b7a5199ae750b6f43bb837a8fdd18bfc37481d8e32b1850b458c00ed453e21ddb314,CLEAR,DAYLIGHT,DRY,FAILING TO REDUCE SPEED TO AVOID CRASH,2.0,44.5,2.0,2.0
106b05e8462f9199725697729b02dd330cb261b9da9d43d077dc069194662b577a2c53855c4659618484cf502fdc983db85289283755fb437cf3499a2d0c1493,CLEAR,"DARKNESS, LIGHTED ROAD",DRY,IMPROPER BACKING,2.0,33.0,4.0,4.0
106b1b2f11e852b9c1eaa3ed879a988ea057d612132c8acf99c71d576365cae14d4602b8513fd45f9f7a1f8efc402037cd0a230e3d4e4dbf05778c0a21d062f7,CLEAR,DAWN,DRY,"OPERATING VEHICLE IN ERRATIC, RECKLESS, CARELESS, NEGLIGENT OR AGGRESSIVE MANNER",2.0,34.8,7.0,7.0
106b2e71712a886d7e588e301fc78d0ba42aac31c013a3a81496e587f332d069ba122fd72713256cb87385eb272cdcc088ff8c2dd3e28bc185da37606dfb7567,CLEAR,DAYLIGHT,DRY,IMPROPER LANE USAGE,2.0,37.5,3.0,3.0
106b349f3a276b65a40642d0339f9c58fd658fd38614975b5d09c29c1fd92d07a2a65404d65cc0d40139caffa20f1178252b3fba57767e5e42b939182680723a,UNKNOWN,UNKNOWN,UNKNOWN,"VISION OBSCURED (SIGNS, TREE LIMBS, BUILDINGS, ETC.)",2.0,37.5,2.0,2.0
106b40e425ea5ed091e27967cc0acc483e87bb5e43d7bc05d5a93945f899f98f23a547b3a9e155609e706d498601c8c5dca2756d8b568f5adea694bbe0c87e42,CLOUDY/OVERCAST,DUSK,DRY,IMPROPER BACKING,1.0,44.0,2.0,2.0
106b7009bba3e7c188bb51e64764f73f986e8b732534dd6a0d427d43df3db0dd72a4eda13f543c64663fa7e4e99cb04a4136734576a30e275fde49940100a8da,CLEAR,"DARKNESS, LIGHTED ROAD",DRY,DISREGARDING TRAFFIC SIGNALS,2.0,28.0,2.0,2.0
106b87ff735a07b16b6fdd7a42f5e347cdeab37fc28032524a9f262ef774704b5452487a223b4bcea02581eab1a006519605524b704bb92c69c0d96281b6daa1,CLEAR,"DARKNESS, LIGHTED ROAD",DRY,FOLLOWING TOO CLOSELY,2.0,35.0,2.0,2.0
106bef2791c06939082af59f2da9885ed044699975db82801f1c59eb9b7577d13b19ebfa839aaa9c1e16992658f33168063b5b66ec22673da55445a7696b399e,CLEAR,"DARKNESS, LIGHTED ROAD",DRY,IMPROPER TURNING/NO SIGNAL,2.0,40.0,3.0,3.0
106c0c9a8b3f62664c96330d75da76e82c5adbf0e59c7b37639bc37b98655d798015bbc1144957475090fe7b011f06076d663ade5c2baf8c3216672e675eaf65,CLEAR,DAYLIGHT,DRY,IMPROPER LANE USAGE,1.0,56.0,2.0,2.0
106c20bc710c81963cbc5deb84a435848baece375bdc1a988643bc43b2b39c5d17615da6d3068f990bedcf924ce2de70c178f6319f233209623b0c941eb60740,CLEAR,DAYLIGHT,DRY,FOLLOWING TOO CLOSELY,2.0,58.0,5.0,5.0
106c31ada05a91206c334c3c33ae1bd3aac67803ae93b34f5c9a776cce1bb4283a628e8d7b343304247d08621670b8a82bc41d11bdbdc273e9a1a2a8866c6e1c,CLOUDY/OVERCAST,DAYLIGHT,DRY,FOLLOWING TOO CLOSELY,2.0,39.0,3.0,3.0
106c5847d779ac88926b8786ee485ca9f4fce7f7bdeef49597464f7a59232f18cdb5cbe818526b3b6592180d5cb462bb9ff7b3bd292e64a6ae07be34a1d8b454,CLEAR,DAYLIGHT,DRY,FAILING TO YIELD RIGHT-OF-WAY,2.0,39.5,2.0,2.0
106c743ee119fcdafdf889cab30d7aca552873aa522462f4f42b53baa72083c4b2541372e83e8267a7649673027c0e3fba0ec9fdf21af18cd5c321978a7a14d2,CLEAR,DAYLIGHT,DRY,IMPROPER BACKING,2.0,57.5,2.0,2.0
106c859089ad9b6c0ec6aac789d8a0eb6540421bca8aa4d6694206c3881ca779716ce1589d8cdc4d561de54ae88e30b4ba594fd1b82fd29d394f9b0c4a4801b0,CLEAR,DAYLIGHT,UNKNOWN,FAILING TO YIELD RIGHT-OF-WAY,2.0,44.0,2.0,2.0
106c8630fffe8c890ff5ee6678f2f3b73ca4c4bd3091b420ddea86439fecec021d981810e9db096f103b6f4efc1e3cfc92e36feb1de55618a4f9139a08ff7cb6,CLEAR,"DARKNESS, LIGHTED ROAD",DRY,ROAD ENGINEERING/SURFACE/MARKING DEFECTS,1.0,69.0,1.0,1.0
106ca3448266f8b54bdcdc010f7cb7584e9a2cc099fde666dfec49375f724f79a58a32f42f0daecbebd81d5fe0ddcd6ca0f8f5fc6adca6494b36cc46ebe3d059,CLEAR,"DARKNESS, LIGHTED ROAD",DRY,IMPROPER OVERTAKING/PASSING,2.0,0.0,4.0,4.0
106cc1a87a40683665130d03f62f30d74dd02f532fc4a1182a46f0db5948725e32b92307b765019a31b63e954af77f3f5461b9353b811a792b8b62f982a06cf0,UNKNOWN,UNKNOWN,UNKNOWN,FOLLOWING TOO CLOSELY,2.0,51.0,2.0,2.0
106ce7cfcba69664a4706c477a16c21241e8d9015aecff1600f01004b6c9574cae47c2927f3da554ab4208595749e689ac000e6e5a43cb290389e796a0f0f00e,CLEAR,DAYLIGHT,DRY,FAILING TO YIELD RIGHT-OF-WAY,2.0,50.0,2.0,2.0
106cedf8ac53790b99590553d7057a90dc6a88bfdb565e6cfb6f01c1345e29fdbdc124c8f1260c8b76613ed43d434d7aa1e4255a053777824f51abbe3ebed8b0,CLEAR,"DARKNESS, LIGHTED ROAD",DRY,DISTRACTION - FROM OUTSIDE VEHICLE,2.0,33.0,4.0,4.0
106cf1cec7ba5dda94b3554c6b93cc6a6bf8ad569d331fd7eef32e417c559af9823c41bef57c23ef2c9d2375956322692a0225f6135bbddb7763e09d2eb672d9,CLEAR,DAYLIGHT,DRY,FAILING TO YIELD RIGHT-OF-WAY,2.0,70.0,2.0,2.0
106cf89907b41640fe76565314c1f35d560f610c732286cb24531106d835bca06e9696812be8bf9597eca4a092c59b35f34c50c83d08f6a2822c1c18e3eecc85,CLEAR,DAYLIGHT,DRY,FAILING TO YIELD RIGHT-OF-WAY,2.0,76.5,2.0,2.0
106d297494ffb7d2d5523133dad4c26b8fc474c58ffa4ef4946bd762f11c2371dbc822350738c054291c79da18201b3f343c5695c0658e47d21cc48e2a65e19f,CLEAR,DAYLIGHT,DRY,DISTRACTION - FROM OUTSIDE VEHICLE,2.0,27.0,1.0,1.0
106d2bb5ad01abecb9abde7e427fb380534a0abae76f799c7fae6fbc8bc2229737040860c06d8ad5e4510f7eb9cd1b868cde1044af8fae092cc99af7a198c694,CLEAR,DAYLIGHT,DRY,FOLLOWING TOO CLOSELY,2.0,37.5,2.0,2.0
106d326edddcc80f174c69827811b6d4646c37d3896c597fb33b077fec97b2f53f44b644b99158c980ea5ef3ea7423161f160eb4101114e75b870e36fa4059d3,CLEAR,DAYLIGHT,DRY,IMPROPER TURNING/NO SIGNAL,1.0,21.5,2.0,2.0
106d32d6ba6562c7db893ca1415799d7c82903568b8a9928a29a3280d9148a0ab01fce30a7ddbf1aed85da0e3314d80df0bcd10499ab516f43b1c87ef772e96f,CLEAR,DAYLIGHT,DRY,IMPROPER OVERTAKING/PASSING,2.0,43.0,2.0,2.0
106d331e4a07f4c0f43a05de0811892998c3e056afc7b87841bcf9825d62caac8f5e975d16dc53fee6e285c38abc164cf8d5452df95d0c3ffe864fa81c5b4cab,CLOUDY/OVERCAST,DUSK,UNKNOWN,FAILING TO REDUCE SPEED TO AVOID CRASH,2.0,23.2,5.0,5.0
106d4c131f7d8dae4e4b2b5e8736a702917e3b236ac5409c565204269a7bcee7a642db54d5c1e9d5426993662cd7654911ce6c9c10d3047253542e7d42ac305a,CLEAR,DAYLIGHT,DRY,FOLLOWING TOO CLOSELY,2.0,49.333333333333336,3.0,3.0
106d5c4085853acb05c5cdb0e14115b6f43ae361cb2bedc66ef60d43e6dc474080ab6c20888cfc1d29f3e2d090f3125c703c7ec98facd7cc791c63131b591435,CLEAR,DAYLIGHT,DRY,IMPROPER LANE USAGE,2.0,41.666666666666664,3.0,3.0
106d5ef7faabc49e10469a28ff0564056bf9c9d3dfd3848242a5a1ddd1297acd9cd18c3b267059b37a8240cec318094cda4f13f447cf40e6c94ba1f51999bbe7,CLEAR,DAYLIGHT,DRY,IMPROPER TURNING/NO SIGNAL,2.0,30.0,3.0,3.0
106d68efca89ce293f2d033d66638274bf589c489013fe76fdad53709b2c2c280d4a70117844a3ed23809f40d1b1c578e29e349858a891187808d3005893c2ab,CLEAR,DAYLIGHT,DRY,DISREGARDING TRAFFIC SIGNALS,3.0,33.666666666666664,3.0,3.0
106dfdc5c447ce36e20428dcb579bf7f68ab07e318d3686fede1539f8b9cfc3ecd34079d271b9f59d3eb247d58ab0095b92d620ed907b7049ea5fff5cf18422e,CLEAR,DAYLIGHT,WET,FAILING TO REDUCE SPEED TO AVOID CRASH,2.0,78.0,3.0,3.0
106e1aea6f10d5f318e9397d70e0349f552ae8a505ea24d0167f0c557da4484522d960027646a1f0fbb229681bf8d978c5fd778e90f9cd2e01754d1a81f0958e,CLEAR,DAYLIGHT,WET,IMPROPER LANE USAGE,2.0,39.5,2.0,2.0
106e286516b13b8712d5a48dcc2effb2a530ba6d80cac03d16dca2bb62386382b7067f9d3abe6e7db106ac4d6bf51cbafa8d6938e1e8b740d10f9f76b8f58514,CLOUDY/OVERCAST,DAYLIGHT,DRY,"OPERATING VEHICLE IN ERRATIC, RECKLESS, CARELESS, NEGLIGENT OR AGGRESSIVE MANNER",4.0,41.666666666666664,6.0,6.0
106e32b2198e86f45a3950be2d6b1fa95b573ca253dd8553c56cc8103c98920f34cb6aad667194e014c740de1b56ab38d5d5a22852b991635a51d1aa8f2c52bd,UNKNOWN,DAYLIGHT,DRY,FOLLOWING TOO CLOSELY,2.0,28.0,2.0,2.0
106e612b2f9ec63a1671c762089f6f55495ecc701cc05af3b6186594cf65a855bfcfdb5f1b0c8ef9eb49c5348a5a83e76b66c2d159a4c9fa5f8a9c1e857cc110,CLEAR,DAYLIGHT,DRY,IMPROPER OVERTAKING/PASSING,2.0,48.0,1.0,1.0
106e6912e8dcf1554d7fa2bdd418a6bc99f111a2d4c2f91599d12b657bd467b6b3891cd0b00ba9f113b152956bc5532be2fc42727f02899afcf17549d8e0e08f,CLEAR,DAYLIGHT,DRY,FOLLOWING TOO CLOSELY,2.0,37.5,2.0,2.0
106e6c01de8028abefce9f00400b678a21264249a5a2e0370e3d303ade63e0195aa6a7fd96231911de81a5fd0e8f209ead8b80b26120eafc9a8758fe4ee7e688,CLEAR,DAYLIGHT,DRY,IMPROPER LANE USAGE,2.0,23.0,2.0,2.0
106e921be01edfb21b2db0cc184b7192de8f6ee1e6a074eb7093b8848c59b1ee71f86c20a7920f94b7f8c0961b1562f384733af4ffa794627a69228183c38288,CLEAR,"DARKNESS, LIGHTED ROAD",WET,FAILING TO YIELD RIGHT-OF-WAY,2.0,23.8,5.0,5.0
106ecbbe1576fbd09e2d2e06f55b31d7e03345b7b27c829704fcd857ff057b0bfb3c4e4b81691313cc3c1d6122d82034a240ea8e4fc600448367e3477c99d741,CLEAR,"DARKNESS, LIGHTED ROAD",DRY,IMPROPER OVERTAKING/PASSING,2.0,41.333333333333336,4.0,4.0
106ed37186a0292cb89e99355ba74c3fb7f8fe28e1334e0edd6155bb4657e9d9640d8a82a6740dcbabdb15b24bbc41df11c518aaab5b00b28235053ca7d6e41b,CLEAR,"DARKNESS, LIGHTED ROAD",DRY,FAILING TO YIELD RIGHT-OF-WAY,3.0,49.0,3.0,3.0
106ed82fa042838389233b06e857dab3be0f5789b56ca22264d1557243538867085780f39e965e8fc8d6e22f502e3c1d28804e194d508b32c80e3bf6247c72a4,CLEAR,DAYLIGHT,DRY,IMPROPER BACKING,2.0,37.0,2.0,2.0
106eda840052054c7a15a25d590f915c9c5a5d1405dcce28ce93f99b72ccf85c29cf543a1ddf172c957edd06757a2f6f90e5c78bcfeb3cd27b6d77467f273b8f,CLEAR,DAYLIGHT,DRY,FAILING TO YIELD RIGHT-OF-WAY,2.0,60.0,2.0,2.0
106ee2e8811f83382197409e7fab6e89580ab704e39532e2453e65abe7b00ac8df9f57fc0a0de544d759de63e87b2a003c2c7321c3084cc008b5aa1bcb5699e2,CLEAR,DAYLIGHT,DRY,FAILING TO YIELD RIGHT-OF-WAY,2.0,20.4,5.0,5.0
106ee64b2cae8d38e96adf30f60c3bf7f05b669e5f77612bde2538bfc7f75d8671ff84436a9b6d0e9d975ace02a0535fd19712a78b01f338bb06f366998cff64,RAIN,DAYLIGHT,WET,FAILING TO YIELD RIGHT-OF-WAY,2.0,37.5,2.0,2.0
106eedcbf0c4bb7e78ea785ccb6af74c5bb69c18e21da7c96916e06903f45ddc6a43e8857fcef9211f26ac344f1b18a3c415275d0e675a2ae938730f5e268925,CLEAR,DAYLIGHT,DRY,FAILING TO REDUCE SPEED TO AVOID CRASH,2.0,22.0,4.0,4.0
106f0b10b77afc72aa3761a7411b5920f66af03cbbd7c1642460a955a7d6e954e17ffe2241c7fb6f2518197f727c7e9d73acc0472a0d3a5fb7bca746b5affc85,RAIN,DAYLIGHT,WET,DISREGARDING OTHER TRAFFIC SIGNS,1.0,58.0,1.0,1.0