crash_record_id,weather_condition,lighting_condition,roadway_surface_cond,prim_contributory_cause,total_vehicles,avg_driver_age,total_people,total_injured
106f17d5d0f1cc753f2f737cc04726bd25712f629dbe3fa5ade96377815cd10f2e3d087664b7a1c03def4d05ac1356914726c9deac0889b058a2cc05f2efe49e,CLEAR,DAYLIGHT,DRY,FAILING TO YIELD RIGHT-OF-WAY,2.0,32.0,2.0,2.0
106f2a64d4b1a3af163d4f82a76804ad5ea551c6ab5279d50ce324b17a99384cdc98beb4bbd863388511c311bd1e61cc770f6de583080d098809e2d37d953d95,CLEAR,DAYLIGHT,DRY,FOLLOWING TOO CLOSELY,2.0,24.0,3.0,3.0
106f3dd301a1a84b875f8b0c646969376c8ea7268c7016719ce1d975ae3248643832abfd2bc5b799baba62a9bd6ef014a613cbf5ea9e106c5e2d0b50542484ea,CLEAR,"DARKNESS, LIGHTED ROAD",DRY,FAILING TO YIELD RIGHT-OF-WAY,2.0,25.0,3.0,3.0
106f43e3ef81916195041a72bc3c1c88002acf38db3740e9c8d2708baa53f19f668a5ce2b16bd7f5b8f22bd7625c41e6399994c8e0e733f7b5a6b15fdfbbddaa,CLEAR,"DARKNESS, LIGHTED ROAD",DRY,IMPROPER LANE USAGE,2.0,23.0,2.0,2.0
106fb0fa5a9a803e89b1da1807cb8f2b0f0e65519c650555f776800ba061e4342d9d5072842e9ab6ba706ed619effe7fa6f9fe3b854fe745e694ade907079456,CLEAR,DAWN,DRY,FAILING TO YIELD RIGHT-OF-WAY,2.0,30.0,3.0,3.0
106fd2353ec78998d591b7c60bb9e7c02402181117ca912b09a42d3769fa784f04202f8a4f66ee7215e312f16b5e952f8d613a41886d6628f019b861c3106dad,CLEAR,DAYLIGHT,DRY,IMPROPER TURNING/NO SIGNAL,2.0,37.0,2.0,2.0
1070073edbb529089e1beff8ac49282f38f897692c25729675cd800fc01f791b8604e12e6525044e395f3110874b57ed148aefffa7f47fc16b51b7d8a896011f,CLEAR,DAYLIGHT,DRY,FAILING TO REDUCE SPEED TO AVOID CRASH,2.0,36.0,2.0,2.0
107010ac6b854067d410fee06ed42dbc7c2790fccf88c0f36ecb137436c5c52187b6801b2aa46ab274509546894dcc09163cf37089aeaf7823761cb6b0cf87f6,CLEAR,DAYLIGHT,UNKNOWN,FAILING TO YIELD RIGHT-OF-WAY,2.0,30.0,2.0,2.0
1070345f625b75a29c41ab08d3bc61fefbbaf85d6e0b5beb77831484a18216ab995dd10d5b7a3587ba3954f323725ae2acb21033b78291d01ba0639c096e1a3c,CLEAR,DAYLIGHT,DRY,FAILING TO REDUCE SPEED TO AVOID CRASH,2.0,70.0,2.0,2.0
107098162933f05404338df9c6dd0e925cad23ad0897d089230ba2338c037390f68b198c450fb061dd300c42675a26c432a4f7650b277a68f40f4e3ae06eb4ca,CLEAR,DUSK,DRY,FAILING TO YIELD RIGHT-OF-WAY,2.0,62.0,2.0,2.0
10709c469b0f31ff1580c9893a7abde6841c7bba3ab93e21a256fe89c1f1e9d28e99782140948b58bf7068c417eab3e5bc834be38ca82336f390493241050ff3,CLEAR,DAYLIGHT,DRY,FOLLOWING TOO CLOSELY,3.0,32.0,3.0,3.0
1070a59467d3281ea2038a039e3e3602fb4a617cf0704f0680f5438d33d3656a13fb95bb5aa3cc2910a2bc557759889da65ff43a0d85325efe262bc813024199,CLEAR,DAYLIGHT,DRY,FOLLOWING TOO CLOSELY,2.0,21.0,6.0,6.0
1070c989c3a635e851b25b480f3eef3c2f6e891f71f1a2a2c224beefa1fcc64a58eb7e07ed14eef1ec62f8a6098cba97a45873ff734700599b80e0743febd6eb,CLEAR,DAYLIGHT,DRY,FAILING TO YIELD RIGHT-OF-WAY,2.0,34.5,2.0,2.0
1070deef12aa8f86f62784e320d6c7096a5400870f665120e59ca2f122d829d8da9a4f7daea5dacafdc030fc75df7be433cb388c61fac7815a7b428ddbb60894,CLOUDY/OVERCAST,DAYLIGHT,WET,FAILING TO REDUCE SPEED TO AVOID CRASH,4.0,61.25,4.0,4.0
1070fd042ae845dd5d669518e2efd2fb603dabaae15aefa37479151cad9a83c48b428cd938ec55fe0f52b00924008577f810344392c80abd55a1a7ff43fc76c4,CLEAR,DAYLIGHT,DRY,FOLLOWING TOO CLOSELY,2.0,36.0,2.0,2.0
107114da769cf9ec43b2ed6f171064c70e98329657bd9a92e6bb087a70c638e8bfd2fc1bcbf8423c4be03c2b2fb248d02e24ffbbe6720bd84e5675c084daa9fe,CLEAR,DARKNESS,DRY,"VISION OBSCURED (SIGNS, TREE LIMBS, BUILDINGS, ETC.)",2.0,41.75,6.0,6.0
10715723af1a9af85378d5a42a428081e6f8e528d6e1330beff18e58640eb4514c750e0801153df8a0a2c4a497a754d7e09a20c46bdd9d9a18fb4c10a13beab5,CLEAR,DAYLIGHT,DRY,FOLLOWING TOO CLOSELY,2.0,54.5,3.0,3.0
1071b106baa51be80b654a252b6767ed3c8668c1dd9a4d206bb6afe0e9c572164f53a22d071db82f57d91db3f986efa3444d0320efda2d85cbe5ba3b8d951ef7,CLEAR,"DARKNESS, LIGHTED ROAD",DRY,FAILING TO YIELD RIGHT-OF-WAY,2.0,52.5,2.0,2.0
1071c61949c30bfffd2454e5b9b2d966be88c5a3a9725046bbd397c16bd94c7baa0e8c9abeaf262fe51d9fd315f99dd3121d70d21e1f590d4e0ec0887d05449a,CLEAR,DAYLIGHT,WET,IMPROPER TURNING/NO SIGNAL,2.0,35.0,2.0,2.0
1071ce9c4aba10aa029086416e83fdf47ff0581719a34fa8ec8bef054ea8ab99ef6a58c995fc05d1a3bdce5b16fc3f9cf4c67d1c2edc94baf8bc3e08b671d972,CLEAR,"DARKNESS, LIGHTED ROAD",DRY,FOLLOWING TOO CLOSELY,2.0,23.0,3.0,3.0
1071f25892e61cc5288f0362c2ef1a67d898369bc34c43d6c2fe36381ada202362af97fbca38b27bab56b609ab8ca9ed77b82339080861c70fe1fbd9fc228ff1,CLEAR,"DARKNESS, LIGHTED ROAD",DRY,FAILING TO YIELD RIGHT-OF-WAY,1.0,29.0,2.0,2.0
1072265ad3001688c25195f1645f055638546eae5009fb02e9ac01b90000754bffde916519a998248afd6f7d34e3b8c758909624471b3d8fe6920a2d7bc3ead8,UNKNOWN,UNKNOWN,UNKNOWN,DRIVING SKILLS/KNOWLEDGE/EXPERIENCE,2.0,34.0,2.0,2.0
10722a91f96f82538206395936a4656ee79b7e78e6a5664aded8a75725fc53fe6e111051f6352338247bff773a0876bade89a81a331b251eb18a45361ea8b8ae,UNKNOWN,DAYLIGHT,DRY,FOLLOWING TOO CLOSELY,2.0,53.5,2.0,2.0
10722bd25a6b99f673709370d613c44d00093f9ce1e1ead92d66d3686c67c27f5e9d026d7cf194ed483e77d7760bc55266d9cb57bc834036057239a60fab83b8,CLEAR,DAYLIGHT,DRY,FAILING TO YIELD RIGHT-OF-WAY,2.0,49.0,2.0,2.0
10725a6aa0992f05640799e518abf4b2196049e77ac96c8887e8e10fee4dca757a044402b3ab2fc5c884413eb2fb9e61949f5b53859daacce05da3944e849811,CLEAR,DAYLIGHT,DRY,IMPROPER LANE USAGE,2.0,38.333333333333336,3.0,3.0
107263306f326cd672e04fab17b00206e1f747350d176ff094229733ee2fc603883331d95a02aa6dc1bb6ce76bb1f0431a3a024ebcffb406fec6e8441debeedd,RAIN,"DARKNESS, LIGHTED ROAD",WET,PHYSICAL CONDITION OF DRIVER,2.0,53.0,2.0,2.0
10726b45bd87502d693f09811551d99f79c657b70245a61d8761e2136557c62ae9f4e07f55c47efe8604d64b34ae977f42223c644464aa5e1f554ffd5cac8f1f,RAIN,DAWN,WET,DISTRACTION - FROM INSIDE VEHICLE,3.0,29.25,4.0,4.0
10727db3967ce39f999a1f7ff87b5b136aa36834e12c8ae797fafbf9e85b91ea9ed28b3f54f7f4ca33bd7168a019b4b723c9b5bc4a2a9cb0feb9ed1d86bd399f,CLOUDY/OVERCAST,DAYLIGHT,DRY,IMPROPER TURNING/NO SIGNAL,3.0,26.0,3.0,3.0
1072be626cdcb7c5814bbc6138095e88c88c3713094cd3750783fc1d2801160a03b22f89f0c3de6ad60978e1dd0e5ece6f705f66d7938ee3ea7410e4aec29f4b,CLEAR,DAYLIGHT,DRY,DRIVING ON WRONG SIDE/WRONG WAY,2.0,15.0,6.0,6.0
1072f95439c86a0d298a8764d7971027da5321e7b297c8bf6d5ee831c3e5c0ab5f75beb423da4c343da2c6186d29052523ffddcb3286f2518b5abe396ade9c47,UNKNOWN,UNKNOWN,UNKNOWN,FOLLOWING TOO CLOSELY,2.0,48.0,2.0,2.0
10731e5ee893428b6c1d039c9ff182de006dcd55b582c19f75ff7b95fb57f91cbbbbaacfbbd8edf288dc95dfa4186c1e4cf243b03dace9bc5f9327170b18e1ab,CLEAR,DARKNESS,DRY,IMPROPER OVERTAKING/PASSING,2.0,58.0,2.0,2.0
10732a36bf3379f781cb7bcf601f684e4156b386cb2f509310eb6ab937c2f676705348aed5aa2108711d33cea438e837b0d88efae331b75693eb935f2b15641f,CLEAR,DAYLIGHT,DRY,DRIVING SKILLS/KNOWLEDGE/EXPERIENCE,2.0,27.0,1.0,1.0
10734131e3b61291c783ac76843800981c503834d87c0d71058a93bb7ff07ed8513abba7ce4a576d803fcc54361e62fc888c9c18cbeb32af6ae7c0afeb741425,CLEAR,DAYLIGHT,DRY,FOLLOWING TOO CLOSELY,2.0,33.5,2.0,2.0
1073474f74f5e162b8f72189c3eaa3b0a43218a83d38d2d99e53c97eda9e7496fb3bb029126da3bcf844204a78f66c0d6d5f19066b3ba3b1b489e0ca19ee2fdb,CLEAR,DAYLIGHT,DRY,IMPROPER OVERTAKING/PASSING,2.0,48.0,1.0,1.0
10736870825e41a463e712fa0b6f14d4d8b45c8ecaa02224a38127768d122139472f80314de004475cde8051f4cd4c093aee91f6592d09359bd6df864cc6118b,CLEAR,DAYLIGHT,DRY,DRIVING ON WRONG SIDE/WRONG WAY,2.0,15.0,4.0,4.0
107390bbc94b16f70cc868c085b0209af9dcd00c51e26d79671e4659c0f42d67e6c6341e1516d44e76b711ad1e6eef2c7661d2aca9309246d957ee1c6505e9a5,RAIN,DUSK,WET,FAILING TO REDUCE SPEED TO AVOID CRASH,1.0,65.5,2.0,2.0
1073b1199f57971930b4dc10813be11683699183b816782f812b39365a4056082531841d881809dd5753b05b22d8b303cb4a85519c92140a4c46c826119b4a05,RAIN,DAYLIGHT,WET,DISREGARDING TRAFFIC SIGNALS,2.0,18.5,6.0,6.0
107429418bd10d11b81f03cee07652bd670c13dc79b5789d6066db921e71eaa54ec51854f170770378443167f426115df7353745008f95b66db703744f60f0ba,CLEAR,"DARKNESS, LIGHTED ROAD",WET,IMPROPER BACKING,2.0,25.0,1.0,1.0
1074343e8c47888eb7649bdcf1e6f170cb5723ea3f60f0583af59bc970e54f23622941d7d5a85f54de99badc34f6d348214a8854d0e70cf9c945c2cd1c61642f,CLEAR,DARKNESS,UNKNOWN,FOLLOWING TOO CLOSELY,2.0,26.5,3.0,3.0
10744c379e8a010642acde79c8ac72a07501672db0e34e752f6af413e8db0b2c9c1123b1c82a54a16c7ec84048600f807685abed26bffc086c7f6918c0ca5998,CLEAR,DAYLIGHT,DRY,IMPROPER TURNING/NO SIGNAL,2.0,32.0,2.0,2.0
10745fb3d22dc88460217d7d9f8a1bf943392cd205c10fd50e2d06a82c606b684ba2594ce752369c8777fa45cdaa23bdf517de62b00612d300b55429bdbeecd7,CLEAR,DAYLIGHT,DRY,FOLLOWING TOO CLOSELY,2.0,28.5,3.0,3.0
10749acf66db3257ded262a63f4540af4ea7a52003cded5b5853f446f59fca97326dd1c2eb29b04fbfcde7da98ba1e046b53f69de8cf0c475685d7343f323dcb,CLEAR,DAYLIGHT,DRY,DRIVING SKILLS/KNOWLEDGE/EXPERIENCE,2.0,75.0,2.0,2.0
1074da8752df292c3c35371362a29e60f9e19966db28c4b1f8eae6432f980e3c633627ca2f9d585d129136f8476459a94cf1fbef89e4fab02d2606f476f1e736,CLEAR,DAYLIGHT,DRY,FOLLOWING TOO CLOSELY,2.0,37.5,4.0,4.0
107518a8706f730bc8b2b7528b4d1ee3cba56dbb7e8ce2ce5ce23c99e81df862381d1ead835fa3e6bf2910c57923f1753608d06874c6172e5871701c2fc9a115,CLEAR,DARKNESS,DRY,FOLLOWING TOO CLOSELY,2.0,51.5,2.0,2.0
10751a15ac6eb851b891e170e1b27d4c9770a389d7b85a994b20b1360fc707256755529265c789e7c68085a3c79bc21841e91506e874f65ebefc108f6b74141f,CLEAR,DAYLIGHT,DRY,FOLLOWING TOO CLOSELY,2.0,55.0,2.0,2.0
10755bb1191b528b42ee48b08f580a41e5152f5b0c95168addf65741126398a7aa595b77d27a6625dfb65d16e68901394e967319b5987387aac0ed7db5750a91,CLEAR,DAYLIGHT,DRY,IMPROPER OVERTAKING/PASSING,2.0,63.5,3.0,3.0
1075656d957e6170fd049b89a4479506898f98608248bfcab8a6823393adfe743c9adfd3a62602c668ff8c7341f0e1a281afabaf9fb3bb5dd90aaf95bb50b031,CLEAR,DAYLIGHT,UNKNOWN,FAILING TO YIELD RIGHT-OF-WAY,2.0,34.0,2.0,2.0
107565fcd79e1fc4269609135b4e75251305ec339e15c0785d2f4a268f360e7a15d5e8a314ae4493adad99609865fea6b5c75e5c0b36196a1f820419f5f0bb7f,CLEAR,DUSK,DRY,DISREGARDING STOP SIGN,2.0,49.0,2.0,2.0
1075746448c6426ef111efe2074abf490bae6ec764fab87df249a681e204365eb0d3716a72f867baa192ee57864baf4333edec01a0a1ee0f143e329aa2ebfcdf,CLEAR,DAYLIGHT,DRY,"OPERATING VEHICLE IN ERRATIC, RECKLESS, CARELESS, NEGLIGENT OR AGGRESSIVE MANNER",1.0,45.0,2.0,2.0
1075ac87db541240cf403e35a8007790ccf4818f653fbd0ae1b3e15b2a910f469264f3af085daba9f9c04bf1e895306b51b0867feeb37f515ab31d80a2c3050c,CLEAR,DAYLIGHT,DRY,FOLLOWING TOO CLOSELY,2.0,44.0,2.0,2.0
1075b93a7d3d0d8c9798df9c3a2fede45c655102025f5a2131ab7be797f74ad103ad7e43e399512fa4d67184a322c0e55313bdb19404930215baa640cc6b0e27,CLEAR,DAYLIGHT,DRY,IMPROPER OVERTAKING/PASSING,2.0,55.5,2.0,2.0
1075d9f3c249a5c426a80a92dc7ff5068630e252f535eee02cff7abec620da74d266f0a71e358499e90d8b47390ed764d6fd275a54a7b40e960275285092f78b,CLEAR,DAYLIGHT,DRY,FAILING TO REDUCE SPEED TO AVOID CRASH,2.0,48.0,2.0,2.0
1075dfc02990227ef48579f034ea2122720cb9c14cc436efe5a75f3474dfe58f02d80c05b31e58f5280da98ccacf0176725b5e07e6bba0e111c6b888dde7d284,RAIN,DAYLIGHT,WET,FAILING TO YIELD RIGHT-OF-WAY,2.0,37.5,2.0,2.0
1075e7dfc27f0624448baba56919d76c7b6070dc0c79cb230f4fcc714cb5e58e05df413be645c41c6405c8c3bd5c6d42d05df68a286ce1a090a65a81f3692db7,CLEAR,DAYLIGHT,DRY,FAILING TO YIELD RIGHT-OF-WAY,1.0,31.0,2.0,2.0
1075eb8568bfc9e6c43b56a1146abe701a29946c83d09eef258b5e699a9bbc55c2420b655f6a02a70ed29725e0990d2597234b12946d88ba9dd5548ee6f647d7,CLEAR,DAYLIGHT,DRY,FOLLOWING TOO CLOSELY,2.0,35.5,2.0,2.0
1075f0ddb8741654e5d9cab8cbcac734ca4777bcc136b4e8448e6951e55d4641efc2c75818d69df55f0a0179d49298257a7c21f0103e430ac1cb430e0eb95323,CLEAR,"DARKNESS, LIGHTED ROAD",DRY,IMPROPER TURNING/NO SIGNAL,2.0,22.75,5.0,5.0
1075f4482d9bc65280d2dab70ae02c5371d59892e965943c6161c0a868bf2ecc0b02c5a015c846adca6f625e86477607f9cd8b0bb58519908ed50b205e579493,CLOUDY/OVERCAST,DAYLIGHT,DRY,FAILING TO REDUCE SPEED TO AVOID CRASH,4.0,34.666666666666664,4.0,4.0
10760a8b9ff5ed802b3a468c9633d997ce6dd3650776f32abe143eddc2b83c6ca96c7ddfc533310d23a1e3eb4ddf4a8f5c126057592b982632793859aa17dced,CLEAR,DAYLIGHT,DRY,FOLLOWING TOO CLOSELY,2.0,43.5,2.0,2.0
10760e8ee71273d59bf87a35de7015290582bad251ab8677c87f1b229468353875f88e776db2ffd2c9784a5ca10cdc60718b04e0d33204b9a7abc1ac66305f38,CLEAR,DAYLIGHT,DRY,FOLLOWING TOO CLOSELY,2.0,47.0,2.0,2.0
10762db6694cd48ca3a2421e6c5cc816dc81c5f38032e38a5c2c0cef48f59be50ad5acacc9146332c803f67fe99bda99c092df665dbe8c953e27f92214276594,CLEAR,DAYLIGHT,DRY,DISREGARDING STOP SIGN,1.0,17.0,4.0,4.0
107674475deea7dfa51be86a9aee5710ff074c6b4f750f982458817583bb04cfbb63469960503524290ba4d4e369e7da0f789b6f5f527e22e8cccc2091c9deec,CLEAR,DAYLIGHT,DRY,DISTRACTION - FROM INSIDE VEHICLE,2.0,50.0,1.0,1.0
107689c5274e9477f4a90b449979e831ae2cbbd9c1f9de211b3f3b6781ebc3ed618527763690971ba72e19fc3329c7a960fcc662860f17f91d14d9ad63453a67,CLEAR,DAYLIGHT,DRY,FAILING TO YIELD RIGHT-OF-WAY,2.0,39.0,2.0,2.0
1076d2c411c645b5c1b018b85fa9392748cd66f5a8b6ff662ca8f810048ec60b7a93567344d118313b45e5f07e353a3d04fabe025a6663c7ec6f3e212b994882,SNOW,DAYLIGHT,ICE,WEATHER,2.0,33.25,4.0,4.0
10770dc406c45a3a9643f65b2ca1101b101ac047934117e6580a3c65ebb7ac499d0d140d0aa2668e2fe6df3b34a4fcc529bae1bd19ff7230619e1cb233b78334,CLEAR,"DARKNESS, LIGHTED ROAD",WET,FAILING TO YIELD RIGHT-OF-WAY,2.0,28.5,3.0,3.0
1077108afe707052f51005ed5f7ca4e95e0089de695c0db5af52be2241a8b06fd062ed78b920b0ce52ea466ba54081136a6ad0978c68ef32c8806b586a3b7b49,CLOUDY/OVERCAST,DAYLIGHT,ICE,EXCEEDING SAFE SPEED FOR CONDITIONS,1.0,59.0,2.0,2.0
1077260731e00e27da21a6c9ab9c092946cce61d2c862cfb8802f8d3b115c80fc10370cccebeaad7b14765306e85ebfae65406b624af674dec3d91e5d2d6fa7c,CLEAR,"DARKNESS, LIGHTED ROAD",DRY,IMPROPER TURNING/NO SIGNAL,2.0,55.5,2.0,2.0
107750011e5b0578f8d9f49e162f0c9e4f256cb1dff4c68fead6a713584478802107912f6a89247bf0fe36801193b8d6ff3ee16a8cf6e1c2a0acd147fed897dd,OTHER,"DARKNESS, LIGHTED ROAD",WET,"OPERATING VEHICLE IN ERRATIC, RECKLESS, CARELESS, NEGLIGENT OR AGGRESSIVE MANNER",1.0,37.5,1.0,1.0
107761099d27c6d3997bf200417f87ca7e1b56925fe0a3750f36068cead5fe1239ffeb90c5d17f56201957d493d5e858ff6f49c65d6ae46916a142011496fb32,CLEAR,DAYLIGHT,WET,FAILING TO YIELD RIGHT-OF-WAY,2.0,49.0,2.0,2.0
107785be440fc397d8196d04d6fb6b4acf0499155691cf468726c9781aa327fbe2a2f71a41688a53c56d1cdec597777b596a20de72eccb1a623ece362cf549b5,CLEAR,DAYLIGHT,DRY,IMPROPER BACKING,2.0,22.0,2.0,2.0
1077a747362bb83094833c36ae58e1edb2972ff840139de655975426b1edc52c2b80c941779f40eb846ef66ca9a701f81983e0a6c3c1db40373d94ad8822be00,RAIN,DAYLIGHT,WET,FOLLOWING TOO CLOSELY,2.0,38.0,2.0,2.0
1077a95008abcd936ae75a550247d057605fb2683ce5c7abf4be6b41efde2c3a1b7072513cd8966288c65be6de368019ec8ef014e54c5eea1eea24cacdf16c3b,CLEAR,DAYLIGHT,DRY,FAILING TO YIELD RIGHT-OF-WAY,2.0,15.909090909090908,12.0,12.0
1077b77ffa30fe44cfd4d3695ceb4b325588952ebfc9a4e6addcc935ed70377fcfbebe416a35dc896eeeeb03a1773b15b2966a1caf3a6081090fb37a864bae52,UNKNOWN,DAYLIGHT,DRY,FAILING TO YIELD RIGHT-OF-WAY,2.0,60.5,5.0,5.0
1077b995d2f233f31afd2d86220c8ee78b17ab44dadc3fa621a847b2b10d03331cd213d7bac7ca94a33649f3b213d0905e8601efbc5b0f13f24c644b2cde15a7,CLEAR,"DARKNESS, LIGHTED ROAD",DRY,FAILING TO REDUCE SPEED TO AVOID CRASH,2.0,33.0,4.0,4.0
1077bd21ab6ca5f6a3e90ce1936483497b4ac153f93de3b1d5fd10b4fdf1e4518c1f67a825ff5113d8c28d29498991d9d3e2788380cab5c8c1e650cd19d4e97a,CLEAR,"DARKNESS, LIGHTED ROAD",DRY,FAILING TO REDUCE SPEED TO AVOID CRASH,1.0,29.0,1.0,1.0
1077c04c53599cc9b54f79319b41ef6cb5be80d28b648cbf07f4008bdf6f300de837df5da6aeb627021eaa7bb2c1ea78f3c62e9ea2e6a431a4f37e4cf04d0696,CLEAR,DAYLIGHT,UNKNOWN,FOLLOWING TOO CLOSELY,2.0,37.0,2.0,2.0
1077c32fd696ed3d3a5bb7b5955e89c393e6dae36cd7b618d87515d38913a5e7bdf78f16aacc0b6360afa5e1c2b411bf84b5883891f0194ffa0d34d987fc474c,CLEAR,DAYLIGHT,DRY,IMPROPER BACKING,2.0,42.0,2.0,2.0
1077ec6eafea9c4b1ca5399c69610139d23b18f45c54fd1bfd9041aa91b95d2ab0f5ef296b4f545c04fdf51e5e1a1a8e8bf5b45a015f8dcbf30981252f72d7c8,CLEAR,DAYLIGHT,DRY,IMPROPER TURNING/NO SIGNAL,2.0,40.5,3.0,3.0
1077ef83cadd8df33da2710ac283d66d6d94efc626776d5282ea91bdbe5fd686d930d648586c02dc932192f99a3d7a9711c32a1a995149bcfad723c55e4a4fc1,CLEAR,DAYLIGHT,DRY,FOLLOWING TOO CLOSELY,2.0,30.0,2.0,2.0
1077f0c6c7f63ec28e6d8f2eb29576e63669857d096a79a8dd3da1e248024baff1173fbbadb4853bbd93263d4f42fee40b535413ecd80226fafebf4f26630ed5,CLEAR,"DARKNESS, LIGHTED ROAD",DRY,FOLLOWING TOO CLOSELY,2.0,52.25,4.0,4.0
1077f2d813376034415fe134a976ba0e6ae98d8d76a0c4407609362766b12ddbf9a3dbaf0f28d3bf43c07918272dbbc6ea1fb5b00df305e7582e5a74bfc9d24f,RAIN,DAYLIGHT,WET,FAILING TO YIELD RIGHT-OF-WAY,2.0,31.75,4.0,4.0
1077fc484e0cae7198bd1ff4aa6f221b1451e927fd7569ff167cd4fd0ce7cf4256688cf53c6635b1954d0af1665d2f05ce240d9b4576b42058284b78f5d5c021,OTHER,"DARKNESS, LIGHTED ROAD",SNOW OR SLUSH,HAD BEEN DRINKING (USE WHEN ARREST IS NOT MADE),3.0,20.333333333333332,3.0,3.0
1078272d2c56b73690e77c5788e9c3ab22122fef095779e32c64bee25db6c05daf5dc875cef2e0df88a5c549948685cba8372f7dd6bb77798662bc7eff876e30,CLEAR,DAYLIGHT,WET,FAILING TO YIELD RIGHT-OF-WAY,2.0,22.0,2.0,2.0
107829be27f70b3fb5fb79d8029d249597d72460da7181865e91679570b9f378753cb49010651d858da7b3bb7717086ff70f746416648056bb6de3ad65e9a32e,CLEAR,DAYLIGHT,DRY,FAILING TO YIELD RIGHT-OF-WAY,2.0,65.0,2.0,2.0
10782ab5d49b29b4082089f4af3f3cf78c46a74a767db30e65408e1ef83358e512e9162f36a7d922962e12772d8fd2f8aad957030b1f555bb85033c76ece649f,CLEAR,DARKNESS,DRY,DISREGARDING TRAFFIC SIGNALS,2.0,62.0,2.0,2.0
107834898b4a9c401c63c705708459c3691b54475246b8bd9025a6c41ae5a08704ad79f7526ba2e1c5184b9650a5f39ab13199d66699e10b66e0885046c51468,CLEAR,DAYLIGHT,DRY,FOLLOWING TOO CLOSELY,2.0,26.5,3.0,3.0
10783868c6d34e2c596b24a4dd8be853004a1f2e4227a00a22980a0cdfe5489cb2b838c241fa1a1bcdc169363229f767c436b2c4b85113d5d60e280d09e1c1de,CLEAR,DAYLIGHT,DRY,IMPROPER BACKING,2.0,38.0,3.0,3.0
1078507c1c993ccafd3bab85af96bb3a7b932a8b6a12ac9ee00cee7c390c114c452ffe6f076bec63b545a5439017efd5a21357496f2554a4108430178081e523,CLEAR,DAYLIGHT,DRY,FAILING TO YIELD RIGHT-OF-WAY,2.0,49.0,2.0,2.0
1078805ea83b953dcec217bb3b02f2b7d7b37387ceef0d8a17602e931a1e68420117da07652c57d8ecc5a90da4ac8a7bafbbb24ee261b9f65157dd858bc566ae,CLEAR,DAYLIGHT,DRY,EQUIPMENT - VEHICLE CONDITION,3.0,47.666666666666664,3.0,3.0
1078817593eb0143e6c4609940cabe2766a285e2966832e3d2db7b198e07f4376df6021b44b9a258edd2e438b9aac311fee39ae8d31f3bd37369dc35391146bb,CLEAR,"DARKNESS, LIGHTED ROAD",DRY,FAILING TO REDUCE SPEED TO AVOID CRASH,2.0,18.25,4.0,4.0
10788a1b311476efbe719ff32698f0dec915d148983b7d20479c7b7e62aef3a3287bae5a33613e02a884efbf1a72893c2e96cfe117a191e3f9b1c89d0409efab,CLEAR,DAYLIGHT,DRY,FOLLOWING TOO CLOSELY,2.0,36.5,2.0,2.0
1078b286801db4cf3516fad101ffa96e2660277b6c8f46e92cc3687007ae68a6b0831bea6bb6debf9f6ea633ecb5397d999f3cfa83bb1578630100d68e480f63,SNOW,DAYLIGHT,SNOW OR SLUSH,WEATHER,2.0,45.0,2.0,2.0
1078cc22ebf9651c26d04734c4569d549f3c8ab112ca68160297dae4aa51d0c7ffb1b19f59d8038752cbcd538ebcf57b1c45ec49118b4e5c7f98d821f3d0cbc2,CLEAR,"DARKNESS, LIGHTED ROAD",DRY,FOLLOWING TOO CLOSELY,2.0,43.25,4.0,4.0
1078f119707d2791119d4dc84f64bd59f2677725437fb8d69714a6c919b1a9c37f7797a36c6cbb8d63dcdfc66ff1d04b3a02a7a1cba0984226dc1adb12248c7a,CLEAR,DAYLIGHT,DRY,IMPROPER BACKING,2.0,56.0,2.0,2.0
1078f43ce4aed1784b5da733b43ed6dadb504e8faf57cba2ba1519a8c9f92ac5f6eb4b9dfb912240a6513d689fe32e5fca0cf7e1673a921d49df8c6f27062fcb,CLEAR,"DARKNESS, LIGHTED ROAD",WET,FOLLOWING TOO CLOSELY,2.0,86.0,3.0,3.0
107900d9517096badfdb70d2ada4c26a4823ab7bee51eb05418f7046ec048dccf682ad31bf2d6ec013c64e6c6d27168a6904a68dea6805223bf01a277fcb0d9f,RAIN,DAYLIGHT,ICE,WEATHER,1.0,52.0,1.0,1.0
1079056c30de07520dcfb5891300d498a50ee7cb01260f9fb7e68c37dae7a70268d5df8eb87fc60b7a282bd7ae8a90ceb4d4709d17a1fba48281f6b40bdfda0b,CLEAR,DAYLIGHT,DRY,IMPROPER LANE USAGE,2.0,63.0,2.0,2.0
1079122970e4358a1f5ab528f15e9c8a5d03c74c526b3e0e3c75e89dd39dbc6e293e29bae9ae52033d67da6855b0f024f7e468929d9882e5355ae59508033974,CLEAR,DAYLIGHT,DRY,FOLLOWING TOO CLOSELY,2.0,37.5,1.0,1.0
107920f3aeb7e19ad1c01a7d94065b38730fa51a45d6777edb784052cb6e6be7db6eda0e4d36efcac0e94cb01eee70239c75b9fa3c48dba7255cedddcb85fdae,CLEAR,DAYLIGHT,DRY,IMPROPER LANE USAGE,2.0,53.0,1.0,1.0