crash_record_id,weather_condition,lighting_condition,roadway_surface_cond,prim_contributory_cause,total_vehicles,avg_driver_age,total_people,total_injured
10795a70d8ff6a91e71df66c8bdcd3071fb70c8908608923a5f9ca92b0e387aabe98764d6b62b5f799819a09308305e3a077645c409f079cdebc3a0a6a24d142,SNOW,"DARKNESS, LIGHTED ROAD",WET,IMPROPER OVERTAKING/PASSING,2.0,28.5,2.0,2.0
10796dcab1b284314930ce2d478d61a9ba38229aa9be5c73d29f394e311496e97a57e829292374273b7a8d600ebfb075bda5940ba555636662e28c7f94b0fbab,CLEAR,DAYLIGHT,DRY,DRIVING ON WRONG SIDE/WRONG WAY,2.0,17.25,10.0,10.0
107978350229d46c14ec3a9262494dff38b903fb9233b1d3b2a5a6d4145c46ec317d214d2265ff317c118acd7ffa779df738a8119314618c58aa11ca478b3fd1,CLEAR,DAYLIGHT,DRY,DISREGARDING STOP SIGN,2.0,30.0,2.0,2.0
1079849ea4aa4a2965403a40b4aebc8662509f4dde46dceff38eaee95cc00fc6f3358f655211da079ed8de9556dc2e1a87c98ecb91d8c43c4e36869cad56bf03,CLEAR,DUSK,DRY,FOLLOWING TOO CLOSELY,2.0,67.0,2.0,2.0
107995ed61ff8403a67eed89efb9670343fa31aef0b56a30621286f15d7fe91791532ed88268cf5d426b17ec968a04969cefe1db3bed3d9784fc725b9a007b8e,CLEAR,"DARKNESS, LIGHTED ROAD",ICE,IMPROPER BACKING,2.0,35.5,2.0,2.0
1079c0622f8df87334e8b5ee6ebf992665b6fb52d3ded9ce15fc6df4847584ca257d1465b0895299531edffdadf09408c82df2ad62a9ed7a2cf1c451816b6880,CLEAR,DAYLIGHT,DRY,FAILING TO YIELD RIGHT-OF-WAY,3.0,29.666666666666668,3.0,3.0
1079c64a7756d28e0c9bbf7044b94922976b809ff2874e1e7f3e0d3466e2556597878dc1e126f26a69a4b3edcecf1395a91b829110f886f4fe36a6890c900d0d,CLEAR,DAYLIGHT,DRY,FAILING TO YIELD RIGHT-OF-WAY,2.0,31.5,2.0,2.0
1079d8046ca59b18753fc2b9e95d181e89f58fcba1f61bb2ff228f23e2b5dbbb4cb8a6bf02e6522480061d7674de37695998914b9b820799312cf3e742798262,CLEAR,DAYLIGHT,DRY,IMPROPER OVERTAKING/PASSING,2.0,32.5,2.0,2.0
1079f12073cd2a3cfb3e00ea64c96c055b52fe75a16dc8dd16556845713061f9799c1d2e8cae8208aac7b81a471a2739101565e742a6bc2266fb9ca05b4d95e3,CLEAR,DAYLIGHT,DRY,DRIVING SKILLS/KNOWLEDGE/EXPERIENCE,2.0,25.333333333333332,7.0,7.0
107a14912fe35c5931d0d62b3edff50ddd4760e7406d13a8ba70e5d9cb256e5a6d37f07f501927b9bb9b5f7d39f58316ba9ced86b5e7efda87128dc23e31e0ae,CLEAR,DAYLIGHT,DRY,DISREGARDING TRAFFIC SIGNALS,2.0,40.4,5.0,5.0
107a41b1dda3397ff2765edba8b145228090c71c656f79a917ae8d22d4342c745b0200b1d1b65ce85c9e96b70ca8d2044a583bd10ff009ba9ce793d928279705,CLEAR,DAYLIGHT,UNKNOWN,IMPROPER BACKING,2.0,39.0,2.0,2.0
107a4490abcb73536f691ac64571260f584d7944267b4181bea8705b0f3efbeec90349bc88189b2e11b93fa0eb52ad90c458132a6f38c1bb209407618b747ce3,UNKNOWN,UNKNOWN,UNKNOWN,DISREGARDING OTHER TRAFFIC SIGNS,2.0,37.5,1.0,1.0
107a675137203ab07668e06f74290c68171688ad87d372315709416d9e470bff2fa3f1cd6d17b3cc328ed8b00ddbd46f0a64c47a6d202e468c88fb097d8f563e,CLEAR,DARKNESS,DRY,IMPROPER TURNING/NO SIGNAL,2.0,36.0,2.0,2.0
107a9e844501d206e7edb0fd99df5b5190a5eb6d9f31390d4cc28181d15c9054bc42a520bdcbcb3e9811e3e2c6ab1e2705de9bc6ea7e7d03ee948ff5c7826034,CLEAR,DAYLIGHT,DRY,FOLLOWING TOO CLOSELY,2.0,37.0,2.0,2.0
107aa724e1a6be3345063457e64bed9a7a149ed32b341bf0ff38cc3461c2274a5c63af5f5b19b1899224989aae5d7e0ac9d25f5f675d5864cd0d2f10f69e7c39,CLEAR,"DARKNESS, LIGHTED ROAD",DRY,UNDER THE INFLUENCE OF ALCOHOL/DRUGS (USE WHEN ARREST IS EFFECTED),2.0,46.0,2.0,2.0
107aa8996fa036a498e04e31c4842db2ed2f48b8062ed2d14828fc6386419dcfdaa712a8231e903d0f8c7b3c73ba92728a195591085e70805646873f338b7181,CLEAR,DAYLIGHT,ICE,WEATHER,1.0,32.0,1.0,1.0
107aab81100d354385ebc8027bf45a686ebf8dfa2b0b95a00120875bb2b6f4f994813d20743563e98b7c0f5093f85195b96b08ab8cf940abefcffd633fea08a1,CLEAR,DAYLIGHT,DRY,IMPROPER TURNING/NO SIGNAL,2.0,29.0,2.0,2.0
107ab4289535e384a1e7f38366d63fe13629a451f835742f4f60989045e846b27dfb21ad35df75c210e51bdeb7ef5385e05cc0d7d81bdf235af150f02f2e21f4,RAIN,"DARKNESS, LIGHTED ROAD",WET,FAILING TO REDUCE SPEED TO AVOID CRASH,3.0,17.714285714285715,7.0,7.0
107ab508c08ba767313c8c42aabeabc71783e570101afb2416b4551724d827a27d2cf14c9054ae0400ed266a7c1bd6623aa6c70a624b4cf9c8dc40e1b1411df8,CLEAR,DAYLIGHT,DRY,"EVASIVE ACTION DUE TO ANIMAL, OBJECT, NONMOTORIST",2.0,27.5,4.0,4.0
107abef12aca7ffd8aae48f20f797eb609651b6de94e52591b879553b101ef14c30cbdc42a5a12b798269b9cd4c740d8b3a10737229985e39f8416ad3f33c864,RAIN,"DARKNESS, LIGHTED ROAD",WET,IMPROPER OVERTAKING/PASSING,3.0,37.5,7.0,7.0
107ac0fb56877d4a36ca40d419ff87f9d48ca43bf1a126c11535ed2ac6d0bab6a4dcb205b43ae083f99d4aa49e95617036e5544fbfce44f106c17098ef67c6ab,CLEAR,DAYLIGHT,DRY,IMPROPER OVERTAKING/PASSING,2.0,52.5,2.0,2.0
107b0aa0e38d4d9af91dbe942f78b3940c7cb1bdff30f13b716c46fb3f9e16ae21d26feb77a4238eccb4d97a5473c17eb87df913b638fc7e2cd5d6ae0a4f4069,CLEAR,DAYLIGHT,DRY,IMPROPER OVERTAKING/PASSING,2.0,36.0,1.0,1.0
107b20d66f5800b3681dcfad79168fafd0e90ddea0cfd76b9b4f895c918a981b5abe575d22617b67cd8618c3b8defd3fb323884a493b459b6feb8d5dc06d43c4,CLEAR,DAYLIGHT,DRY,FAILING TO YIELD RIGHT-OF-WAY,1.0,23.0,2.0,2.0
107b75666e19c200c1a61c29e2bc86bff1a5441c1ee69d115736919d650a6dbea94214831d6b7a5715ae46daf12c000bb524a24570022288d27f1eed82ba5c5c,CLEAR,DAYLIGHT,DRY,IMPROPER OVERTAKING/PASSING,2.0,47.5,2.0,2.0
107b8e1666bd7889265692717fe1213550c148b50595c5202ae95149a148d0a9a2d9555d3060f9d0e1556418aad020601979cea806ebcf3e6c449213d83ac914,CLEAR,DAYLIGHT,DRY,IMPROPER TURNING/NO SIGNAL,1.0,39.0,2.0,2.0
107b921be68cbadc990bc22588ccb8adbc5e981c5885ea0125cc8f8fc8ec625725aa4db3b3b875d4c15b6b4498d2da99f673c8cbb75debea865a432a5d4f21f7,CLEAR,DAYLIGHT,DRY,FAILING TO REDUCE SPEED TO AVOID CRASH,2.0,26.5,2.0,2.0
107b97337c963ba8c824368e21c9d43214ee554bcdca872e7359efcaea1361da6fd30d40d40739a9fa68e093e2db59a82e935c2e118dea86331078a5f4a20e7a,CLEAR,DAYLIGHT,DRY,FAILING TO YIELD RIGHT-OF-WAY,2.0,34.0,2.0,2.0
107b9aa8f8a84fc87796f15ecfc9602e06ebb30b83b90d3e88cb2d5a5a4e22089de15ce0576fce1d4d4bf763a5e402e204d6fb7dac7d9e5de4895b6f26e3c835,CLEAR,DAYLIGHT,DRY,IMPROPER TURNING/NO SIGNAL,3.0,32.0,1.0,1.0
107ba82c86deba71cc49469bab6bc7331fbb02c42c6e2405d0be2559c43bd8a96365f54afc92f438897a084c9d4d48dd4be968d40d9bbac8c7df4832f5a8297f,CLEAR,DAYLIGHT,DRY,DISTRACTION - FROM OUTSIDE VEHICLE,2.0,66.0,1.0,1.0
107bce3112d5f100cd9f630a9f4c9d251d582cf09315a6b336a33a320fa61de6ef4db2ad5599d6be5a79429b06210bdb74853b8e7682b38a98df4650948eeeef,CLEAR,DAYLIGHT,DRY,FAILING TO YIELD RIGHT-OF-WAY,2.0,27.5,2.0,2.0
107bf2d6c403db772de2ad4dfaf1cc5bdb7bef3afdb3e44fb56e1464cd0d6c1714a7b0afb6d66d2c1f09307e78312e1fae40f4881b6f10cc982ea948fa903991,CLEAR,DAYLIGHT,WET,IMPROPER LANE USAGE,2.0,57.0,2.0,2.0
107c0c7a70a7874b882bcbe31e177aa74ebfc8a22e45d44d8d97a251f82990173c2672d728333210c4a383598c1a29ad6a59b6f9458aee36cdba0ef3beb2a67f,CLEAR,DAYLIGHT,DRY,IMPROPER BACKING,2.0,48.0,2.0,2.0
107c20df38733ddd14fdd779448ce79e6a0812986740326f757f2cc6d21d87d2f2df0623c0b2634b5cae1e8ccc7ef11e54f224881d1a84b2cb1ff66716a4205a,CLEAR,DAYLIGHT,DRY,IMPROPER OVERTAKING/PASSING,2.0,42.0,2.0,2.0
107c2f0650d25d0df964c2b01c79039a6f487a717c877fd82240bb6c2876401b1e8743f92700f86785e55ce00f3874a6320ebe7a60db03172f73f70c95100309,CLEAR,DAYLIGHT,DRY,FAILING TO REDUCE SPEED TO AVOID CRASH,2.0,31.5,2.0,2.0
107c4cdce0a12f1978aff0e8db17ca4d2cd93718311c3840d72e7486573ec1532f79d10d1825055fb0155c4e2bc3612b6263f91b956425f9aea1ff14def01e99,CLEAR,DAYLIGHT,DRY,FAILING TO YIELD RIGHT-OF-WAY,2.0,41.5,3.0,3.0
107c6c397335ef0e0fe6c3ade28f6beb6638c0e1d59635ad17a391d6b2f01fc5a2f346df1978b49ea4d24ccce51d14341b3d4780af72eaad5bc48edf734de08e,CLEAR,DAYLIGHT,DRY,FAILING TO YIELD RIGHT-OF-WAY,1.0,46.0,2.0,2.0
107c73efd141ddfbe55377b2509b2136b6d790c5aa6004c2f17a27532884f3cdcfe8767297808edcff4791743f7a0f61984106c11d78a21566957529b1b40868,CLEAR,DARKNESS,DRY,DRIVING SKILLS/KNOWLEDGE/EXPERIENCE,1.0,37.0,1.0,1.0
107c77a92a1e0e2b6422ada12794c4e4e0ba3f05648f6f603353fc772243472c553d925f9ab6f6a55bab51d18062ae615ecca1a521d8473e734ba8a1f7232f25,RAIN,"DARKNESS, LIGHTED ROAD",WET,WEATHER,3.0,38.666666666666664,3.0,3.0
107ca1b59fed18227af9dc3088785aa1d1fecb27c0606273be8509badaedfd7c23ba4fc2fbecda143b796c7e90c93af94e3e534784c6501ba62b47aa496b1c4d,CLEAR,DAYLIGHT,UNKNOWN,IMPROPER OVERTAKING/PASSING,2.0,27.0,4.0,4.0
107cf8795d9752c7cdfbdb133e25dc14df6a28114d70543ebacf1297f2bd42e4794cbed3942da561cbb1ab84effbeeef79e1f93450d2729289a754d2098000be,CLEAR,"DARKNESS, LIGHTED ROAD",WET,DRIVING SKILLS/KNOWLEDGE/EXPERIENCE,2.0,21.0,1.0,1.0
107d191b3d18655ed5af76eabc2062ab034674dbd52f4a4ba5f813c0d7d05a1119ed61654a76029d842b626521eeb1cff61db272936d05b900f3bc9e82b69031,CLEAR,DAYLIGHT,DRY,FAILING TO YIELD RIGHT-OF-WAY,1.0,12.0,2.0,2.0
107d220e2551825e034eab05941dd9c8003205566c26174cf2b934f77d2f9e5f30c582cac43e9df09f010d0b1edf794408a4519a86d91bbe207005607824bcb5,RAIN,DAYLIGHT,WET,FOLLOWING TOO CLOSELY,2.0,23.666666666666668,4.0,4.0
107d26e6e07d960377be27f51156ed3bb3c58056ad9ea2504494b1cecf3f09313e263e1f10c054de6cd25577b68bf7b9aeb63a06da3ce5813185e4511bc1b5db,CLEAR,DAYLIGHT,DRY,"VISION OBSCURED (SIGNS, TREE LIMBS, BUILDINGS, ETC.)",1.0,18.0,4.0,4.0
107d2ce48e551cf7d931eaea199b023a1e118c741bed52b71a88fb3912d3a87830cb231ebe72b364db18b2bf1316d856e89e316061b7181ec7364a522b0fff86,CLOUDY/OVERCAST,DAYLIGHT,DRY,FAILING TO YIELD RIGHT-OF-WAY,2.0,52.166666666666664,6.0,6.0
107d5ff17a01de1320dcd0efef8a4453513b60970265845e8878e3ab95c918063bd392b9bf4898b661763c285442d015373a54d952cd621e0c38c69c479dd36e,CLEAR,DAYLIGHT,UNKNOWN,DRIVING SKILLS/KNOWLEDGE/EXPERIENCE,2.0,34.5,4.0,4.0
107d6f58572dd518f7c3d43bde74001d8738d8a3e7825646b61ce6201f407dc425b6e81297563c4a130584e028b7def1c460d2612d6a72b5206e7d22ac96f435,CLEAR,DAYLIGHT,DRY,FAILING TO YIELD RIGHT-OF-WAY,2.0,50.5,2.0,2.0
107d7ec3e465642e079c7dce62aa43eb7aa413bb5aa72890ecb0dbf697827654c20bd0b13bc82f1361fb90d42ffa5c32af85838f8016f55fe6e3732a9a288af4,CLOUDY/OVERCAST,DAYLIGHT,DRY,DISREGARDING TRAFFIC SIGNALS,2.0,54.0,2.0,2.0
107d8c6fdd2ce891ead350a8ec6ca179abadf202e963804475c47b42afbd1c1be5ae187e2f6552f2311aed067d2154e6839d5ec99897f831e58c520883f252c0,CLEAR,DAYLIGHT,DRY,FAILING TO YIELD RIGHT-OF-WAY,1.0,57.0,3.0,3.0
107d99abd95e297e0a66d79b541b2a1457739d16e5171363ad440e623f97f177f349aaa1a98800c3f4bd4c76b30326990685e71a1c211388cbe80d0ccdc04654,CLEAR,DAYLIGHT,DRY,FAILING TO REDUCE SPEED TO AVOID CRASH,2.0,35.0,2.0,2.0
107ddcefe51ec82047bb25467bf2c2e1887e4d4a65fa765652316ae120fbd9f2c6cc478ab50e32d294fd5032f161cf16204465dfe17f80ed0a82a0a4df7e4a1a,CLEAR,"DARKNESS, LIGHTED ROAD",DRY,FAILING TO YIELD RIGHT-OF-WAY,1.0,44.0,2.0,2.0
107dea18594abee56d2cf6103b062f9f872846f6f3193b6a04974affe3181814c79767c63a79802d9c0dd7d1c12862a7541db34bd7305627d6f93608838aa804,CLEAR,DAYLIGHT,DRY,FOLLOWING TOO CLOSELY,2.0,45.0,2.0,2.0
107dfbe6dc3654ef0847764b6e144d2cbdaeab327d3ea209af7290a92995cf706f51b1c036c0795748d880f127d6727f34a11cab7eda8556d32094cd4183de4e,CLEAR,DAYLIGHT,DRY,FAILING TO REDUCE SPEED TO AVOID CRASH,3.0,52.0,3.0,3.0
107e7166d175006cc28315dad499e0ddc64d4272d43bc988c29fc34c1a9601d163f54d6072b2c8788941941f86ab43174eacf15a5f7bd43c41fecdae614e25e3,CLEAR,DAYLIGHT,DRY,IMPROPER LANE USAGE,2.0,32.5,2.0,2.0
107eafafe1ec2969aebf1402c479b84c66275b90b10a20875417296fb9138db652d4f3018fc17c3ed944bf0d383be204ddddaa56333b7c77e6d530fa221e0d77,CLEAR,DAYLIGHT,DRY,FAILING TO REDUCE SPEED TO AVOID CRASH,2.0,37.5,2.0,2.0
107ed9939c354f26d3f391e2be597b8665dbbc7508425b97b285c41cf42eff95fd2110340b343001757981b095ad112111b136fbad073157ffd37efe51b5e013,CLEAR,DAYLIGHT,DRY,FAILING TO YIELD RIGHT-OF-WAY,2.0,44.0,2.0,2.0
107f01c3eeccbe435f2c85f92c3abfdcdf95585b3a81dfad0a8b3a961d1894dc0f51768a4014a060c04a2207fefe92ab779d2bfdb14d594687609b230de01c19,CLEAR,DUSK,DRY,IMPROPER OVERTAKING/PASSING,2.0,26.5,2.0,2.0
107f08380526aa83b9d74d22e85d43e7efd3af906eb279b684fd0298215dccbdfd7a2900461f238cac809ae8ca44d8e58978078b17854fd6966458654ebd5358,CLEAR,DARKNESS,DRY,IMPROPER OVERTAKING/PASSING,2.0,59.0,4.0,4.0
107f3e9279760c341afbae0eb7fd5c617dd38b38f762752a423d9095b1e151817438b12ef4d707ae475d219c81a38232e75601b26545165dd0a48e069e973611,CLEAR,DAYLIGHT,DRY,FAILING TO YIELD RIGHT-OF-WAY,2.0,24.5,3.0,3.0
107fb97cb2b871253035efcf3ef4118bc2f531ca2280d1ab182a0552011f92b5fe9249aaa55beb449c9db3d86da9d27f9dd37f822f2ecb893c7e68a099bc4996,CLEAR,DAYLIGHT,DRY,FAILING TO YIELD RIGHT-OF-WAY,2.0,41.0,2.0,2.0
107fc5fd8c5bad7a9e5984fd5a4fac2e65f2f36145280eca2b8f01d380dfe7bcf031e6d7a3dc6355af25dc60f537098f15ace9ec137dd1bccaecefb42c8aaa8f,CLEAR,DAYLIGHT,DRY,FAILING TO YIELD RIGHT-OF-WAY,2.0,40.5,2.0,2.0
107fe1005e1909466c54b788ad478655e5fab6fb365c2b65500dc8ef4ca3d6585efc8ea933940f1510d819f60037bd14f5a31e4a60e2ddd5e5e75999ae7ad468,CLEAR,"DARKNESS, LIGHTED ROAD",DRY,IMPROPER OVERTAKING/PASSING,2.0,39.0,2.0,2.0
107fe1a5ca80e65b0049160fbbec540e4bfe2e6b0bebeaf8470ae14b2af48a72ad32265bd6e6ddf790fc94e25e834e15446e170026cb13f9f8468df134fa6a3a,CLEAR,DAYLIGHT,DRY,FOLLOWING TOO CLOSELY,2.0,41.0,3.0,3.0
108008a146f74dde9886c0004c1f0c5580572d844c395714c30dfb7c2e50ea5a8579ffa3f17622d1babc3695a9c769a71943784221fac02e940eadbca878c4ff,CLEAR,"DARKNESS, LIGHTED ROAD",SNOW OR SLUSH,WEATHER,2.0,38.5,2.0,2.0
108009497ce44ae170fbf7b42861bf775a1fba07c618c49e3b91defbaa3698f2e46583c34bcc35cec61f91adc178cd108c64c050f5cb3973f26bd2f620de3476,CLEAR,DAYLIGHT,DRY,FAILING TO YIELD RIGHT-OF-WAY,2.0,34.0,2.0,2.0
10800e7a82d99b4648f81602719c7c35fe4a8bd44ca6710a0052070b1d663f850e6561e72bf9c5de52868c1ac942ffdf08c44063d7668e208913da43d0cd1c21,CLEAR,DAWN,DRY,PHYSICAL CONDITION OF DRIVER,1.0,32.0,1.0,1.0
10801484775715a5b35dead91ec37088fbb912942817f4a51dcdbc974c44a0497c1f0318775646f3c109add48a4ecdc80ed46c5a9bacb194b26becd5e760c3c4,RAIN,DARKNESS,WET,FAILING TO YIELD RIGHT-OF-WAY,2.0,20.0,2.0,2.0
108028e7bde7fd7add55bd0b8773aca0b581c1a32a3fd89c43e1de66c55313699fb34c744bfd964757a230a0a20e7126973445c279d7a507d14890e3b637f922,CLEAR,DAYLIGHT,DRY,DRIVING SKILLS/KNOWLEDGE/EXPERIENCE,2.0,60.0,3.0,3.0
10803476d771d4029d6ad3649c3c08b45cec9d6c1dbf14672327f212ce2a1961d7738796eee427da1bc44aa1095e76013c6b7682cb117fb45d790a488628718a,CLEAR,DUSK,DRY,FOLLOWING TOO CLOSELY,2.0,26.0,2.0,2.0
10803e217c8bd65aff0a00672e44655f3e78a37711013fb50a781a93906a5c571e0047b8e60109ce31bfb6928097c34bde04b510bc32211b7c13874ccfdd1bb0,CLEAR,DAYLIGHT,DRY,FAILING TO REDUCE SPEED TO AVOID CRASH,2.0,22.0,2.0,2.0
10805246156b0fffdf01d835b3275d1030207d7acd51ddfb8c600d5707b4c3c5bb5fff163a6132e451fcf7ab3b170ceb593e9449f9ff1771366c76ada344c1d6,CLEAR,DAYLIGHT,DRY,FAILING TO YIELD RIGHT-OF-WAY,2.0,34.666666666666664,3.0,3.0
108059b2cf5a2d46e8907594c4e11e5a622390bf83569aaf674528e761d4b7237c1087a73c9255dcc42e34f5c90bb5e05cf159910867507ca7c6e4c9a5641802,CLEAR,DAYLIGHT,DRY,EXCEEDING AUTHORIZED SPEED LIMIT,2.0,33.0,2.0,2.0
10807ef8610ec055e883cb10c9c6312db4b9b2e993c52b2aa1b9c26f6dffe3ccbd0351a44163af6b6860199399cebfc2e54be909cc556aef8a43ae8762ffd33d,SNOW,DAYLIGHT,ICE,WEATHER,2.0,30.0,2.0,2.0
1080954443bca737a1a237ff14bd05bb0c213104100f1ff73e82398599aef1a0fd82f2b8351d2b10b1fd65b29310bb4be49efeca081613bf1a973893ead7d506,CLEAR,"DARKNESS, LIGHTED ROAD",DRY,TEXTING,3.0,23.0,1.0,1.0
1080cb8f830298a0bbde327b674019f740bdde0644e3ca89ddee7d5c07bad586c8ba55a5971301a795bdcfe0c29a616e113bf868832a1de2ec7cbd62c454fad5,CLEAR,DAYLIGHT,DRY,FAILING TO YIELD RIGHT-OF-WAY,2.0,35.5,4.0,4.0
1080e8c4b83bd722b092104d36a7f2e4b615010ee796cb8f068f0e623e3ccc1c5532e31bfdc2054b69b9e14e8c5e032cb0574a956c4036b630ca21177e772c57,CLEAR,DAYLIGHT,DRY,DRIVING ON WRONG SIDE/WRONG WAY,2.0,30.666666666666668,4.0,4.0
10810ef764a68cef7619413d1df429dda23c2564987441c644a9779d50ad5170e6c6498cadf51808c3813713955a9753e67d76fbd75e4612a4ac31d7b4c6c748,FOG/SMOKE/HAZE,"DARKNESS, LIGHTED ROAD",WET,WEATHER,1.0,23.0,1.0,1.0
108131ea57f3169abbf27de8c65f336261b6ac97ab8ceb01e9188fcb995a3da3c04966304a5f62dbaca30a9b5a4db3cdba7d566c6ec5762d23e9e532da5473fc,SNOW,DAWN,ICE,IMPROPER BACKING,2.0,40.666666666666664,3.0,3.0
10813c0fbac1cd6feb402e147eae925b7ced27b80a691aa24fc56e5548bcc9741966edb9ef93c7759f81498ad691e7963706d6f35dfe2d9bb29e7eef75a356f8,CLEAR,"DARKNESS, LIGHTED ROAD",DRY,FAILING TO YIELD RIGHT-OF-WAY,2.0,31.5,3.0,3.0
108146c20a1e1da324c805fe4a7debf5a4433ba4dd36edf557ed619efaa41fd7119fb117dc254a58f1187de2a3af7a7c64d7d7c7900e08fdb0eb4a1072125032,CLEAR,DAYLIGHT,DRY,FAILING TO YIELD RIGHT-OF-WAY,2.0,35.5,2.0,2.0
108155ef39b20447753e14a1b38221abb257a7581c882f75671fea728c5377df742df2b2a6ee4857cd894cf70929f6a58daff6d42e3f41892afe40bee36d836f,UNKNOWN,"DARKNESS, LIGHTED ROAD",DRY,"OPERATING VEHICLE IN ERRATIC, RECKLESS, CARELESS, NEGLIGENT OR AGGRESSIVE MANNER",2.0,35.5,3.0,3.0
1081adbe04b330b27e75cd4791e58c2f426ca9c8d4c3d758690c28648f8a82520df3669a56335e8ee44ea1bd4820b0677aae7f749be44fb365c273d217ddbe83,CLEAR,DAYLIGHT,WET,FOLLOWING TOO CLOSELY,3.0,39.5,4.0,4.0
10821975c1252e801922a2c82321fca7a0f39c8d7887ea3e9e1b1e1e837aadeb53b0163aea585d5fa6e4f983cb05b9916c912c08172d0e71308e08cf7006f979,RAIN,"DARKNESS, LIGHTED ROAD",WET,FOLLOWING TOO CLOSELY,2.0,32.0,2.0,2.0
108231d300516eb33d3940665a7f3ff03e4274107db8eeaee132d750fca894de19c0880ab0cef410c24128e95f6e09c3ff4096b0b5ff4b3066befad3e87f8066,CLEAR,DAYLIGHT,DRY,FOLLOWING TOO CLOSELY,2.0,44.0,7.0,7.0
1082711fffcc36c4b6bc4611498af8debbcffe858df5d17a6a37523bc3aa561da28e894d19f7d70559604cfc40093ea0332783b698e673cda3ca42d4d96cab18,CLEAR,DAYLIGHT,DRY,FOLLOWING TOO CLOSELY,2.0,36.666666666666664,3.0,3.0
10828aaea1f83ea1d7bca049cb63d4a8d0fad0fdafee762d857d917b5cda635fdef098ee90a32b38f63ac58079e236dca993d472e8ec1b1c288e380ab7cce7dc,CLEAR,DAYLIGHT,DRY,FOLLOWING TOO CLOSELY,2.0,60.5,2.0,2.0
1082b43784790687e1b6cb7afc38aafed978660f73eb8ca42395779cfee30a330bba573e541a5394e8ed622780c5c541289f639970077426e6c2e1aa961a1ecf,CLEAR,DAYLIGHT,DRY,IMPROPER TURNING/NO SIGNAL,2.0,80.0,2.0,2.0
1082c446058d6c2b7ee232b797c87dad73eab91a98de132179113a1a10e78a6b7b745ab1420d836454931b7a800255c5c89fe14fdfc94b8285a2071d4e29042f,CLEAR,DAYLIGHT,DRY,FOLLOWING TOO CLOSELY,2.0,47.0,2.0,2.0
1082f7ae760e78cf5e11e4cfaabe1b6834a317aed87a4b1273a7058d5c8207b525313c1bbb35d3295e3079f3d25c07cb80362183159430270fcc4edda33113ef,CLEAR,"DARKNESS, LIGHTED ROAD",DRY,FAILING TO YIELD RIGHT-OF-WAY,2.0,47.0,2.0,2.0
108358e417f3579e1b4e47ab86ce8e83041b75555a0f4d1bd989057ccac30815a5ba2dda6bf056eb52f20e5fc52edb9335f82d494acd06253fb77cfa5de3509a,RAIN,DAYLIGHT,WET,IMPROPER BACKING,2.0,39.0,2.0,2.0
10838510f31fcb8abc87b00a159a8febdc5716877c867bf435ef476e4d1f2b884311fc05a2233d491ef4c23591921b24a8a6434d824fc9b7b6556946ae077cbe,CLEAR,DAYLIGHT,DRY,IMPROPER LANE USAGE,2.0,38.5,2.0,2.0
1083860a149fe55387753060165ee212007a6a234670933cb568ab4289335472a82c36b31f40dc55b596754d4224301955d9df979e8bcfa299b7480e1d033feb,RAIN,"DARKNESS, LIGHTED ROAD",WET,FAILING TO YIELD RIGHT-OF-WAY,2.0,49.0,2.0,2.0
1083c7368655675beac8e646b083385affb30c5806161d16d7cd809ef06a46c93326f479f5b747a35efdc57ca14db4430ff182bf60299068bfc9ab406ba0c787,CLEAR,DAYLIGHT,DRY,IMPROPER LANE USAGE,2.0,56.0,4.0,4.0
1083ea4ed1e3e6d40c808967263ce7ef312f9acfecc55f628267d146c1dc4e39d1cfc2bf49c07ad920ca49eb7d1cf990003eea7ee8024afc88e33407d7a188ed,CLEAR,DUSK,DRY,IMPROPER OVERTAKING/PASSING,2.0,21.0,2.0,2.0
1083eae038b2e9905ebec1f19bee673dd9f2028de8f1c7e345ab314c4b340a7117fdd6c9301383be856eb000e57de61bb42aafa1b3b6982735ff48712f620ac1,CLEAR,DAYLIGHT,DRY,FOLLOWING TOO CLOSELY,2.0,29.0,2.0,2.0
108435a6c8730abb6fd5de8ee20fce39610cd3d258e076c5eb807e65110979c4b3139f167175aaf89b9d90972283b83d556a7d459468a21f01409d52211604ee,CLEAR,DUSK,DRY,ANIMAL,1.0,28.0,2.0,2.0
108436d556d2944fbccc94a8073034880fbac0cc98867ce805576a48a128118c2bf4e55943a234e5cb1fc869d012fe5ca470b5d99e6ff77d983998c3ceb1dea8,CLEAR,"DARKNESS, LIGHTED ROAD",DRY,IMPROPER OVERTAKING/PASSING,2.0,22.0,3.0,3.0
10843cdcc842061817be4d959b55b331510f75235803ebaa60f170e81b2654176a361097269bb5edf1c324fb0b206ec7cc9769c89889058f04121057cb6c18b4,CLEAR,"DARKNESS, LIGHTED ROAD",DRY,FAILING TO YIELD RIGHT-OF-WAY,2.0,21.0,3.0,3.0