crash_record_id,weather_condition,lighting_condition,roadway_surface_cond,prim_contributory_cause,total_vehicles,avg_driver_age,total_people,total_injured
10849161350edc3dcc1c17f71d3852da85886fa829f8f8fdabdd942d137e27db34c6b4272eb9c94389aaae0ff54ce0d77b10b3178d6199214e2c382bb051fe85,SNOW,DAYLIGHT,WET,CELL PHONE USE OTHER THAN TEXTING,3.0,24.0,1.0,1.0
1084f99db204ab9d4dfd4e77eb5dfb26091a204d7fef2aa172bd2df8eeaa7ac5d6db4fb6ff107d654f26f9d86c41d1b9ccda3568c7c04c6dafc56792cac095e5,CLEAR,DAYLIGHT,DRY,IMPROPER TURNING/NO SIGNAL,2.0,32.0,2.0,2.0
1084fed57d9692b684326eb75f2ff00e024f0e5947bdecbb0ef907eff4e3701146622370a0e9103cc32b0a25e3f6137eda8d726b2900be128e338ac08162d9e0,CLEAR,DAYLIGHT,DRY,FAILING TO YIELD RIGHT-OF-WAY,1.0,38.0,2.0,2.0
108514d2b91fb5fb2302116cd81cd29a6446fc542f2a30662373306541e4f7bbffddfa005f230d20a45b70423fb184c4227b1b512d9db35aa79db6c53db8d7a3,CLEAR,DAYLIGHT,DRY,IMPROPER BACKING,2.0,50.0,2.0,2.0
108519f9bef14eaf3635fafde7add0320a867af2d2b1c81b5699db228008aa8853c164827f96f36b14ba8b51102f607601d9d3893d306c6108ec8f0ca0e0e03c,CLEAR,DAYLIGHT,DRY,"EVASIVE ACTION DUE TO ANIMAL, OBJECT, NONMOTORIST",2.0,44.0,1.0,1.0
108545047435be9de7d144a478af348f951975fbb2245c7a9a21bc4a422672deb970d91d23b2b0e2939f4f504845d047a85e0a020f44e9ae8fd47faadf6f0249,CLEAR,DAYLIGHT,DRY,FAILING TO YIELD RIGHT-OF-WAY,1.0,88.0,2.0,2.0
10856482efc5ec8f05ad4d40c85db4b316b187a26cf4652b2e2a708d23f20a7ab12cdf94bf218e66f7339f312377fdab30c29d96d46a0401029e2a2436ecb79e,CLEAR,DUSK,WET,ROAD ENGINEERING/SURFACE/MARKING DEFECTS,1.0,30.0,1.0,1.0
10858964ba4bd66a2467992b9807d3aeec8515d119cf681c81d9844f2f1db285ea355c42d318a2752b69f7cfe26a4cba4cf38ca9c3d1a224567f2e91d2c1258b,CLEAR,"DARKNESS, LIGHTED ROAD",DRY,FAILING TO YIELD RIGHT-OF-WAY,2.0,22.0,2.0,2.0
10858ec59291f2fe20223104c4f37eab75aed2ce5840d4bf1ee2071cb15353dd4749a4253fb5d2daa666ba807750be8bf3f319715e696bbc2b25162dfb3c5782,CLEAR,"DARKNESS, LIGHTED ROAD",DRY,DISREGARDING TRAFFIC SIGNALS,2.0,27.0,2.0,2.0
1085922370f00baa13496437ce39409f31c94c5ba9a66166908387e3cfbfe9c5d24e949c9bd8626e64f6b20b12faa2a82f74f3212c6fe6a22eeee2a80b2cd839,CLEAR,DAYLIGHT,DRY,DRIVING ON WRONG SIDE/WRONG WAY,2.0,37.5,2.0,2.0
108596a49da3fabc64d3c27a2c157baef2eae73c6ffbad6543a739c00fef2cfc1e41c22b05dc8fad8d6a273466666c2a017f5293e42ae781ef423b456d8d83ef,CLEAR,DAYLIGHT,DRY,IMPROPER OVERTAKING/PASSING,2.0,48.75,4.0,4.0
1085af1ebf352c25e9917c465171d35b7756beae908a48fa9f428ed3b3c5852c6f5c179c0d5154cf98c2adfb456782b7bc77e5e552e046bff179d93008bef8dc,CLEAR,"DARKNESS, LIGHTED ROAD",DRY,DISTRACTION - FROM INSIDE VEHICLE,2.0,41.0,2.0,2.0
1085b2d4ff3f1919fe879c68447a14bea0c20d486c340b2fe4894b83990c4d5a1b34712d1fe3ce127ed818a61dfe3e8c7ff32d1c877d550e1e95a4d8634c57ed,CLEAR,DAYLIGHT,UNKNOWN,IMPROPER LANE USAGE,2.0,65.0,2.0,2.0
1085b43d3bc7ed0c2ecf9f5ee4c1763718bd8eb6cac56ab23699b950eb4c71fadc281332522fb29b2d0dbfd6495d8963a9655de852e17cd70f2e08d39696db6e,RAIN,DAYLIGHT,WET,FAILING TO YIELD RIGHT-OF-WAY,2.0,77.0,1.0,1.0
1085c0e30b038a98821a12ee6a2abc828c793d0bba48e8a870eb7a63024211988afb2766f0da5f33f001df0da3e5314953b58ec06415e9233e18b14cbdee5cce,CLEAR,DAYLIGHT,DRY,FOLLOWING TOO CLOSELY,2.0,42.0,2.0,2.0
1085c6ade0185f9f00b1293e4b9c5b22905d1660027c9d7c6a44188427aac0601e4d6687f888f864f87955373587921acbb76b9c8197408eabfffc27ac3527b6,CLEAR,DUSK,DRY,PHYSICAL CONDITION OF DRIVER,5.0,51.166666666666664,6.0,6.0
1085cc24efb8eaad8d45906e95ad6c5709f39e7cc77e5274f2c2fd959abf064828696c6f6671ba07a58f2e5fc10f61696d2a4e4377ab4454dfaf482829d072a3,CLEAR,DAYLIGHT,DRY,FOLLOWING TOO CLOSELY,2.0,20.75,4.0,4.0
1085dde61692d325b986ce2420f065956701f5675891e785d91b76ccd1b2333c4c750527e89a48cf4d79c1dfbd387e8c46b0077f4a61c246af51d0b48fd3ea1c,CLEAR,DAYLIGHT,DRY,DRIVING SKILLS/KNOWLEDGE/EXPERIENCE,2.0,37.5,3.0,3.0
1086170a0744c76672c9cacb090a91194688b4ee7718c72e71ff84558c46ec157016feda955ecfb8aaf18b12bbf09104ce9fde46addad57c10cc6bf93f8ef1d6,CLEAR,DAYLIGHT,DRY,FOLLOWING TOO CLOSELY,2.0,54.5,2.0,2.0
1086181701d35a2a8e3996740bb12bbba7141ead56c4adaa8f087a8028d8c0b0e3fa980b49c1849b8f27da059ee7da02f32c8f8a798e70b163364c05a4449739,CLEAR,DAYLIGHT,DRY,IMPROPER LANE USAGE,2.0,48.5,2.0,2.0
10862b207dd4a2fa711cd66dc4e3d373bb286b46baf1d3e95b247bc008ffd35e2226ec92891a88fb8590f88691decb082a921db023c5f9eb19de4848480cc748,CLEAR,DAYLIGHT,SNOW OR SLUSH,"OPERATING VEHICLE IN ERRATIC, RECKLESS, CARELESS, NEGLIGENT OR AGGRESSIVE MANNER",2.0,37.5,2.0,2.0
108631701ba44ae035e2e014cd95c51ff181b95f991e4fbce0e396dbc8a39437b0db2e0597a176bd5f548d2c1fba3ead72fcf5d4cb8d9224fbe2465fbdb15dcb,CLEAR,"DARKNESS, LIGHTED ROAD",DRY,IMPROPER OVERTAKING/PASSING,2.0,37.5,1.0,1.0
1086512c797d809924de11c811dedb0237d1e8a40d2955beb158e8fbf96fdc43a294d28dbf74b7e71097ae6e5693cb600cd9640ef019504153e6856868b4b3b7,SNOW,DAYLIGHT,SNOW OR SLUSH,FOLLOWING TOO CLOSELY,2.0,38.0,2.0,2.0
10867e7b98791ada705da85d4fffc7c2e1599d1c284228228ff78ea9eb77ef4bf53b7ee6d86d20b3f6c16f28a453fe687e0fa4417e1c4538387f2863291ef144,CLEAR,DAYLIGHT,DRY,FAILING TO YIELD RIGHT-OF-WAY,2.0,29.0,3.0,3.0
10867e968efc80fc1d77ada2924426ecd90f549fccadcf03e1a57ece4df56eddf7142135ebc625af37d36453a7f7163b8efb2b9d49adf5b5f1998f19382d5c8c,CLEAR,DAWN,DRY,FOLLOWING TOO CLOSELY,3.0,54.0,3.0,3.0
1086e698cadee79be75c2e31208428cddba9e7f7bc623bc172895002e169a406cbd0a875d323b544c7a5d70e251c1e319c9a89fbf089225303b77e767c47bee9,CLEAR,DAYLIGHT,SNOW OR SLUSH,FOLLOWING TOO CLOSELY,2.0,47.5,2.0,2.0
1087254d4b9f04a2c2e6ca7838235d2cb5faf2abc6adb09c1db42eb65912dd0ea3cf4dddd8337469cd5a3437bddb36e3a06c2b1dab4b49f202f82e9e6890491d,CLEAR,DAYLIGHT,DRY,DRIVING ON WRONG SIDE/WRONG WAY,2.0,37.5,1.0,1.0
10873ae0b25fdbff6c579b446c864d5356b5c204023fe5c621cd38c70a707483515f6d7dc1ffbf8dac1de0cac638bbc8dc101fb99a58c8b39e61a2cf2c2949a1,CLEAR,DAYLIGHT,DRY,FAILING TO YIELD RIGHT-OF-WAY,2.0,46.0,2.0,2.0
10874177f6c200b4ae8c77a1508d5aff5b05e7523f2476a7b6cfd641fc4770e5baf3cab0fef131a05a90157949ab98ceb539878e1ac30e27c36811581922b79b,CLOUDY/OVERCAST,DAWN,WET,FAILING TO YIELD RIGHT-OF-WAY,2.0,45.0,2.0,2.0
10875c5285aae94e870c2896e60255252d12b2ac65181171ed11b2a7567cfc197171fdc7aba12fd4adb8275602063b4e1865353be4be2cdef77a1762af49fcca,CLEAR,"DARKNESS, LIGHTED ROAD",DRY,FOLLOWING TOO CLOSELY,2.0,32.5,2.0,2.0
108776fd55cbd694f1ffd34491ba5e706c6c0d338d3a051409445aa98f6c6165d7890c7f1c4dda5ea3a89110b6445ffbf8006012f353a6c97f91c15f37403600,CLEAR,DAYLIGHT,DRY,FAILING TO YIELD RIGHT-OF-WAY,2.0,71.0,1.0,1.0
108779439f005e6df17db7225cb7b438fbb0278a11f0f2e071d8305a9e8c476c4a4a7551820e0de65c139ba9b241ce76d55009882455e3364b1f76c1341e145c,CLEAR,UNKNOWN,UNKNOWN,IMPROPER OVERTAKING/PASSING,2.0,32.0,3.0,3.0
1087a3aa67016ff29fffb0e610bafcdde94d0008c28fb6784c6c7332187e1e3ab1d26d1e0bf202cc9506f9edcd69b7a5f5f90b9ead4f7144421459bc25549b40,RAIN,"DARKNESS, LIGHTED ROAD",WET,IMPROPER TURNING/NO SIGNAL,2.0,23.5,2.0,2.0
1087c5409e727c742f2ad4967815b3f3b6063e7cbc4212665407769dc224c7fe20570fa88e5b2231f4225b383afd1984d891241493629ed01887fd77d80b2003,CLEAR,DAYLIGHT,DRY,DRIVING SKILLS/KNOWLEDGE/EXPERIENCE,2.0,37.5,1.0,1.0
1087d59a78c9612f0e23e9153d397762f72867cf89788578e6ba5543cca30ae23db26113304178c01b4e3718c902a37108b5922fe8270d8116a6cf999b959bea,CLEAR,DARKNESS,DRY,"VISION OBSCURED (SIGNS, TREE LIMBS, BUILDINGS, ETC.)",1.0,46.0,1.0,1.0
1087e98ed9350c0490a7665d15ad719558445e9e167948efc3a02ff13fcdd013f80d2952789b07e1d44b061b7262440950e7310442a5b131e91b7011de478e8f,CLEAR,DAYLIGHT,DRY,FOLLOWING TOO CLOSELY,2.0,43.0,2.0,2.0
1088013a33e8a1883495a67428712850df1871c8fa11995d9ccd42f137cc9fc2ca6078f8b90b152709f4889aa3e558fb02e7b2f31b1bda3f27778691ff087ed8,CLEAR,DAYLIGHT,UNKNOWN,FAILING TO REDUCE SPEED TO AVOID CRASH,2.0,33.0,2.0,2.0
1088044efdcccdbcec27bfa44f5d53bb0ddad440bde5dfaf8d0783e0402d993a539affb79ee11da7dd65344ac85cc3433c39f57c5f71e0952d51d8beed0fb160,CLEAR,DAYLIGHT,DRY,FOLLOWING TOO CLOSELY,2.0,33.0,2.0,2.0
1088163c8598c296e7245d31d872379b3b74186162de1e0c830e86e6998603435a958e2d11ed1db8f7e5602027d995c77b7e60f563cc7a7c6c4726d19f28a15f,CLEAR,"DARKNESS, LIGHTED ROAD",DRY,FAILING TO YIELD RIGHT-OF-WAY,2.0,27.5,2.0,2.0
108838f70579596a8b19de05ec3cfeb5f6fae6fb8456de45ce068bcfcd21d8bb8eb7d7e352923c19c929b8c68c6b66ff430a21711881a4a91e20fd890b4c6405,CLEAR,"DARKNESS, LIGHTED ROAD",DRY,IMPROPER TURNING/NO SIGNAL,2.0,26.0,4.0,4.0
108847439d7fd947f9898d004ea38c03ed229f47e002e911679eabaf3760e73d64ec3e71e91ee5a277cd44a225bf9503b71b75c93ab1e1c81e349c56e3f2cce5,CLEAR,DAYLIGHT,DRY,IMPROPER BACKING,1.0,65.0,2.0,2.0
1088536645bb7fb9677857513e2fcdf0d8e502540485bb869b46d845dd1b0aeac875cb3a1c715d0d805f570e26246d3049fff855d58bfd3a6ccdebecfe1dbb2c,UNKNOWN,UNKNOWN,UNKNOWN,FAILING TO REDUCE SPEED TO AVOID CRASH,2.0,37.5,1.0,1.0
108861079241bf383ae24f99dfdd931f3c6b380762eed134ce2152ce55a5a12910c338d5cf32833e8ebfaba334cab92b4c1bc8ef74da3b322da03a62790e4d84,CLOUDY/OVERCAST,DAYLIGHT,WET,IMPROPER OVERTAKING/PASSING,2.0,27.333333333333332,3.0,3.0
10891eb8970c2e1ec9fef3171014f6fbde696802b06081bb2e0fad17c0ee4949b9215684d713b50283a353040cc0f0d42be72a8b664f0937f8d83d90fa977063,CLEAR,DAYLIGHT,DRY,FAILING TO YIELD RIGHT-OF-WAY,1.0,34.0,2.0,2.0
1089386eaf4652337869d01f2c63c87ede890c52929fa1824c19d3419ff3ca0a0a1cb3f6c12e65ed675529e77eac107878bf4ee958035f5dcadb1d7bcebc8d81,CLEAR,DAYLIGHT,DRY,DRIVING SKILLS/KNOWLEDGE/EXPERIENCE,3.0,22.0,1.0,1.0
1089523ebc9e3b3cfc42f732cf96f5255a4ad50b59cfd096c555805d0da444c8d6841305bf4982e31ac905b6637271695cef3036dcbe9ce1437d9164e8316180,CLEAR,DAYLIGHT,DRY,FAILING TO YIELD RIGHT-OF-WAY,2.0,33.0,2.0,2.0
10897b6dc0ae5899283b386254b430281d279adf3a4b8669d4c945301016ca849b7fa78709738afc226714c3d562b4cfb05f27ac071646083556ed7386937ac4,CLEAR,DAYLIGHT,DRY,IMPROPER LANE USAGE,2.0,37.0,2.0,2.0
108988ac0f267eff714f90b464bd706853be07f4011a567c9609bb8177e4f1a4ce271b38c8537f5f90328915921e3276b2e7efbd51e5dc617f34d404ff25d0c4,CLEAR,DAWN,WET,IMPROPER TURNING/NO SIGNAL,2.0,0.0,2.0,2.0
10899002d4b7a7b13acf09b17ee5daeeeedd3c6d24576e82c80362fe6cbd7e2842406039020391ffba1f2ba5cd722dd09c429fee98ed8fa3fad88d893f19cab4,SNOW,"DARKNESS, LIGHTED ROAD",SNOW OR SLUSH,WEATHER,1.0,22.0,1.0,1.0
1089cf3dddab55fcadb59f14669df999036ea92e162e24ef3dbf5ed2822dffaf0a6f01b9648c0fdc51800408be178abaa9c8e141d71c7f62192294ba801920da,CLOUDY/OVERCAST,DAYLIGHT,DRY,IMPROPER TURNING/NO SIGNAL,2.0,45.0,4.0,4.0
1089e5f7f50849c67bd1d396078eed04eb29c9fda91058d4f71711c3e7a3e9306f0b3a5e9620cb11885f54cf5fb5063133e66a9405cec357268b3c856b14f8cb,CLEAR,"DARKNESS, LIGHTED ROAD",DRY,FAILING TO YIELD RIGHT-OF-WAY,2.0,26.333333333333332,3.0,3.0
108a0470e961d9b5aeb991308446d907c32d041458981d2a7b9891020ba824b2630f43cfc715c4727577a074465b2a84d28e44658bc776e93a27d5493bc12da7,CLEAR,DAYLIGHT,DRY,FOLLOWING TOO CLOSELY,3.0,50.666666666666664,3.0,3.0
108a2052071b3aa10c497c7feb7d8aa13162f0e779bff225649581ab5bf4994e2996aeacc5feaf83d3b4db7960e54af6d1fd7b43e5f58d08042f4a7f27b44d6c,RAIN,DARKNESS,WET,FAILING TO REDUCE SPEED TO AVOID CRASH,2.0,46.25,4.0,4.0
108a25364aeef4de153b731663cc9b2cd9dce768357fc760a6c0520433abf1cc149bc40754107a06f99f020fca387272f7d62829ee62cd0b7e010d34695230a6,CLEAR,DAYLIGHT,DRY,FOLLOWING TOO CLOSELY,2.0,38.333333333333336,3.0,3.0
108a6629b8f2247b6fad199f503088ac5f2f86ebae1d88639f8dd786196e2ffc8e979f470ed8d35430d896c8eb7f0671b0bb168b0229dacbce6770c5a7435827,CLEAR,"DARKNESS, LIGHTED ROAD",DRY,"OPERATING VEHICLE IN ERRATIC, RECKLESS, CARELESS, NEGLIGENT OR AGGRESSIVE MANNER",2.0,46.0,1.0,1.0
108ac27f3bef1225dc07c5062064a8a1dc529ff63de002088423e123ac7fcf867db2028d008d3531ef897369ad62cc26320403d09309ac4cf36506e51d647034,CLEAR,"DARKNESS, LIGHTED ROAD",WET,"OPERATING VEHICLE IN ERRATIC, RECKLESS, CARELESS, NEGLIGENT OR AGGRESSIVE MANNER",2.0,40.5,2.0,2.0
108ad8528f1b9156ece79709362739a27785a41b2ad52c481c7489628cc22f00ce17c8e701e4bda27271ac9b5b97ca17ed7bf39b16ce1b26d3d0902a96f82cb4,RAIN,DAYLIGHT,WET,FOLLOWING TOO CLOSELY,2.0,44.5,2.0,2.0
108ad8a0d5b89d310f5e06872e2dc74b8070a8e9cb79a7da05feb66a7c96d52943ba1a3caff409d84600aa8ccfb562b9559c2a7a6d09231688bc20ad20413870,CLEAR,DAYLIGHT,DRY,FAILING TO REDUCE SPEED TO AVOID CRASH,4.0,34.333333333333336,6.0,6.0
108af28980c1250354b913c84d64292af86566e9835f3f29187655b870e87a208fb3389308b91ad7b99e473196d80f3415a7e6d5722397d5fc7c047dc422faec,SNOW,"DARKNESS, LIGHTED ROAD",SNOW OR SLUSH,FAILING TO REDUCE SPEED TO AVOID CRASH,2.0,37.0,2.0,2.0
108b07a0629f047e78979d3b01039a8a19a736e9f63dd3e8e5048ac5c34c456783a46f9395a3075ed696c7d8eccaeb44d7df3c4f09a8e37911fee192225f141f,CLEAR,DAYLIGHT,DRY,FAILING TO YIELD RIGHT-OF-WAY,1.0,24.0,3.0,3.0
108b0d35b7c631ec6486d2092ea5936fcefa693598e517b563eb83192f7ca2812aef7918646789b72d544b2298519db2a6b6efcae90bc98e758fb6f47763d60f,SNOW,"DARKNESS, LIGHTED ROAD",WET,IMPROPER BACKING,2.0,45.0,1.0,1.0
108b4a1cace4bfd5ea645b4446fc309dfdc089bcac91f6b173065363d03478de9690c4b5e87b57f6a758e9b2c17485f259ba083796b654d0d4c9b218ada2eff1,CLEAR,DAYLIGHT,DRY,CELL PHONE USE OTHER THAN TEXTING,1.0,0.0,2.0,2.0
108b6b5b6ec159c1f000311427d4455503340ba4f14ffabb98290de631f353f8d27851ac6b0915a5b11d4bb6e4bf1cdd4e0f186be4d4ffa55ac4412a44644d8c,CLEAR,DAWN,DRY,UNDER THE INFLUENCE OF ALCOHOL/DRUGS (USE WHEN ARREST IS EFFECTED),1.0,0.0,1.0,1.0
108bbce534142e7c61e791678697bac629dab0bd17edf333761fc7f5050dedf3ec1536a17b47e0edb6d2d71be0e38217fe44fad54f7dd36e2ff28f3d7ad85c9e,CLEAR,DAYLIGHT,DRY,FOLLOWING TOO CLOSELY,2.0,37.5,2.0,2.0
108bc623e0a68047502d094a069d1208a9542631c3e18cf726e4a53278fb0fde7bf38cc53b98d01ada9a24d34aeb04c365317fa22629ea559775057943c96302,SNOW,"DARKNESS, LIGHTED ROAD",SNOW OR SLUSH,FAILING TO YIELD RIGHT-OF-WAY,2.0,37.5,1.0,1.0
108bc89c2c7b4f0f087eb84e944d6a3594253b2786465cf06a657b210ea5b77acf9d07273d42c2335da0d4b164819fd1d97962741acd011fb4fad947d9321adc,CLEAR,"DARKNESS, LIGHTED ROAD",DRY,UNDER THE INFLUENCE OF ALCOHOL/DRUGS (USE WHEN ARREST IS EFFECTED),3.0,26.0,2.0,2.0
108bef1128a4d703994c93ee1d6a4ca13187dd0cf068216a047038c6559d8bd8a446e1f1ca33de3f043ec4030877364fbacb5b0f0c697de9898ecc385de4c37a,RAIN,DAYLIGHT,WET,WEATHER,2.0,43.0,2.0,2.0
108c248cd8831f429519422384c4d6bd4b99f3e61b6ce4cd6e7db0228d140aea39ac8b0eb9081574f3780c1e58cbe131ec28bf84a41da0f17eebe6a77881b503,CLEAR,"DARKNESS, LIGHTED ROAD",DRY,"OPERATING VEHICLE IN ERRATIC, RECKLESS, CARELESS, NEGLIGENT OR AGGRESSIVE MANNER",3.0,54.0,5.0,5.0
108c4b2f114180c374ed3ea8d2c12c1594e893542fbf17d459ddb62ea3e162aaa6a13c5930630ba00f5034c7adf1c7d6b0bb6481ffb0d1729921dcce91aaed71,CLEAR,DARKNESS,WET,IMPROPER BACKING,2.0,33.0,1.0,1.0
108cc80a31ab845246ea4998edd6bbc9f4a1d008ed836204c18d4190b7d624eee6ace4bc71050c769cd4bab9cddf8fda5e679801dfe1dbfd606aa616a2728e47,CLEAR,"DARKNESS, LIGHTED ROAD",DRY,IMPROPER TURNING/NO SIGNAL,2.0,30.0,2.0,2.0
108cda022187b6185aa95a3bbb18befc1e1c1ed764a7047850e6dd9243593449096eff468d4fcb271cae5c453aaeb2f975a58ffce4ca366493b01424d81099bd,CLOUDY/OVERCAST,DAYLIGHT,DRY,FOLLOWING TOO CLOSELY,2.0,34.0,2.0,2.0
108d2dc950b153aec98b2fa617535af06cf8c3ceae4c09e793dff5ceedbf978e156cb16f76ef159a6be2a3ac9c28c2a1be09ddd52b5c0e385708e23dc8d884cb,CLEAR,DAYLIGHT,DRY,IMPROPER BACKING,3.0,37.5,1.0,1.0
108d327d945c473fa4ace968a6120889b1868e1d762952344e2b88f17ebedd08aadf26d5d71d8a5b20eae8fc65269663c3a4c19ade90bb66dbd37d6db720739d,CLEAR,DARKNESS,DRY,DISREGARDING TRAFFIC SIGNALS,2.0,30.0,2.0,2.0
108d501fd9164daadb5d06bca82d6134e0d01bae287728163042a80b59469da1b7f98db5e55172e83da6e25684b424aa79c790885771bec6fe6e671192ed2a40,CLEAR,DAYLIGHT,DRY,FOLLOWING TOO CLOSELY,2.0,43.0,3.0,3.0
108d68ef50606d4ff7ae293ee6ecf53d5457fed80d9abc47b6121423181e3912fb038877495ecc753a040b207a7c2e1b1f549f0557e1c6bc43d306ae8b1a528b,CLEAR,DAYLIGHT,DRY,IMPROPER TURNING/NO SIGNAL,2.0,39.0,2.0,2.0
108d897d01d7f3b0b6a77457c9b8837411ecfdf36726695575f86290927c1013da5e6c8b8e82b1002105b9c694b0a820bfc99af4b8fc293c8a6dee207cad5058,CLEAR,DAYLIGHT,DRY,FAILING TO YIELD RIGHT-OF-WAY,2.0,26.6,5.0,5.0
108db95cfeb3163cb76d9c49259a191f4f5522a3b48f96bd5ec6d63716f4ec8e48c597161c1ba97b4c4518892efb6da0af124c7634145bf0481ebad82a84bfa6,CLEAR,DAWN,DRY,DRIVING SKILLS/KNOWLEDGE/EXPERIENCE,2.0,37.5,1.0,1.0
108dbc3394224f1863c1e04770c080883a5a176b315df8549f3422b27617edbeb126f4bdc162f6ef80e0259fff7893c60cab51184c3716edcc463c41282f17e9,UNKNOWN,UNKNOWN,UNKNOWN,FAILING TO YIELD RIGHT-OF-WAY,2.0,26.0,4.0,4.0
108dc7c2e3531060eda7e501efc8c0c3b5be2d04a99bac02540fb934c9837b12b248d6cc82459634a5e55539215718b26587317be692e2f58f31389d4f021c16,CLEAR,DAYLIGHT,DRY,DISREGARDING TRAFFIC SIGNALS,2.0,44.5,3.0,3.0
108de1d72819f042e78f0d952d262811d9a782f7000628f199fd69bf2956099aaa62223f42e6114525980364108446a2db36d2b0d4cced05dbfb0e8ecf8378e6,CLEAR,DAYLIGHT,DRY,DISREGARDING TRAFFIC SIGNALS,2.0,18.666666666666668,4.0,4.0
108de6380cd7ab35ee27f408ed65c2ce4d07e3644f284a4e4a9cea075e4a34c285719520c4c140de55fc7dffb24b2200d023a1574ec8d63ed232b22ef5b03e4e,CLEAR,DAYLIGHT,DRY,CELL PHONE USE OTHER THAN TEXTING,2.0,62.333333333333336,5.0,5.0
108e394a88e83ce2346d3ea422b723c5dde7b5fedfe29bf02dab6cf73ea059279055dc22ac535d037c003d7d8af79ff298b4eac7f242c7f969988e10001a1e64,CLEAR,DAYLIGHT,DRY,IMPROPER OVERTAKING/PASSING,2.0,49.0,2.0,2.0
108e45551343f8ba2e3a352c78ea9adba6e36b807c40ce4c282d81c137ccbab9a83a907226d73edaf8ccc92e5894f39513dd330dc52c7b7877b72ad8e81b346a,CLOUDY/OVERCAST,DAYLIGHT,DRY,FAILING TO YIELD RIGHT-OF-WAY,2.0,52.0,2.0,2.0
108e88a53db2079ea2fadffe670578efcf76fd72ce5c5cc04d4db0697621d768b517edf403ea0897ec45c068c5916d8fe0bfb1dd7db3e9e6f8d8a0286714a445,CLEAR,DAYLIGHT,DRY,"OPERATING VEHICLE IN ERRATIC, RECKLESS, CARELESS, NEGLIGENT OR AGGRESSIVE MANNER",2.0,41.0,2.0,2.0
108f0d3f28752e72895ff14d6a93de649531461c0b5d4ecd895bd5ee92fe4270ea80bd8f1f78244343c3244c4aa8f49f3c774b88ca0b5a699dbe35d02cbe8629,RAIN,DAYLIGHT,WET,FOLLOWING TOO CLOSELY,2.0,23.0,3.0,3.0
108f2f6740335e2814fb943831ea2c5b3e4276a42312ced9d655e16c2fa680eb9cff71e928091bee6aa6b89f619fe88672e5892ba015071649afd30881a6b854,CLOUDY/OVERCAST,DAYLIGHT,DRY,FAILING TO YIELD RIGHT-OF-WAY,2.0,41.0,2.0,2.0
108f3575101f24819f1e8472454783e8a1054cf7b764696590b57599d7306944391de14aa37e7f95e3ac6921ab6ac30f341211ca07efdb88eff91681d2661dd2,UNKNOWN,UNKNOWN,UNKNOWN,FAILING TO YIELD RIGHT-OF-WAY,2.0,24.0,3.0,3.0
108f3bfbc345307d3e482e07a05af8ad6442e9cd87300abce6df9d2b8c034ec17f2e9665d3054c1e604a1c501d35ea5268be3b967a1491139a678fb5826e7146,CLEAR,DAYLIGHT,DRY,FOLLOWING TOO CLOSELY,2.0,36.5,2.0,2.0
108f521ba27087fc78fc40427333454c8ad17eb27795bc6cfe2a7d9096f047735b50ee1519b00518918f40b3d0853a5adc26cfe2369b98e2ca85e953110b4460,CLEAR,"DARKNESS, LIGHTED ROAD",DRY,FOLLOWING TOO CLOSELY,2.0,23.5,5.0,5.0
108f7fe28b14ec68b5fc195c2b809daa2875e19af3537a9196207908dde4489d0b4eaa6442c123d85f93ab65f5585215ff82138832bee711eb9347f9aa0e8ac8,CLEAR,DAYLIGHT,DRY,IMPROPER BACKING,1.0,47.0,1.0,1.0
108f9aa7dec8d94b48f2cad51b6046fb3357a04cb7b38936b567ebf9cd128205d886e4f398e9b826df01a3fa30c80e98a95b44f79db83660103b3b8a4c670db9,CLEAR,DAYLIGHT,DRY,FAILING TO REDUCE SPEED TO AVOID CRASH,4.0,38.0,4.0,4.0
108fd0c25425eddf8f79e61dd5486b39338580e49f288301b7fe8cb536e5c4cdb01eb391248d81f46a9c20d5bccf1fe31b9e95f4432a152b50f63d64cae8cb9e,RAIN,DAYLIGHT,DRY,DISTRACTION - FROM OUTSIDE VEHICLE,2.0,20.0,1.0,1.0
108fe9cf1bffb03e24fecc2a6280f95be9283e5e16ba1fb364bef629b2133f9a72fb73bd2ac4f3f6b238f3cf7ad2082e1bfe3d6e58a18cd729c2eb08faa48c87,CLEAR,DAYLIGHT,DRY,FAILING TO YIELD RIGHT-OF-WAY,2.0,50.0,2.0,2.0
108ff0c0957bb28c1c9dc818dc0de629f09afa3cec71b611247a45544c8bfe60c99ce262dafe70d739aab4ab7f16b1dff5a0e93c436a4b09bc695af0fe1c9163,CLEAR,"DARKNESS, LIGHTED ROAD",UNKNOWN,IMPROPER BACKING,2.0,47.0,1.0,1.0
1090056c68102f19ca2b5db2af98249094087a9dc727239812b8a9b231cd80d6b82a625f8a6e1cba85341839cc7bbc3cd1c7e49de66410f5966795d073ae7c39,CLEAR,DAYLIGHT,DRY,FAILING TO REDUCE SPEED TO AVOID CRASH,1.0,44.0,1.0,1.0
1090189e30be908055009d449147712f21e7baec58088ad7c6f2e400c3e17f3552f1093bfeffc882f7b774de32891788b00ff9d49abd68922f300609336f5aa4,CLEAR,"DARKNESS, LIGHTED ROAD",DRY,IMPROPER BACKING,1.0,26.5,2.0,2.0