crash_record_id,weather_condition,lighting_condition,roadway_surface_cond,prim_contributory_cause,total_vehicles,avg_driver_age,total_people,total_injured
1090323c22153b0fae273166552a6589846922728a8f8880507cd1f812c2ea32a541e632cecdd948e747ffbc5f576019422bba8f8b3ce99fc9e6718b04982ac4,CLEAR,DAYLIGHT,DRY,IMPROPER LANE USAGE,2.0,25.0,2.0,2.0
10904338d5abe867bcd31c8530f5930d9a608a14f2f3ffead55515a901c68eafdb222ecabdd1f9e10691f78a7f06098dd30b5c7e950ce888fecee11d1ba22f15,CLEAR,"DARKNESS, LIGHTED ROAD",DRY,ROAD ENGINEERING/SURFACE/MARKING DEFECTS,1.0,57.0,1.0,1.0
109047d24e1f8d5968eb7824eb2271d63345879fbe8dbcb2903098a9e6ac9420be768a99865547210987efd4eb498c185d030560747261bcb0a37cfb0f6381e4,CLEAR,DAYLIGHT,DRY,DISREGARDING TRAFFIC SIGNALS,2.0,49.0,2.0,2.0
109097f4a7eb20dfda9106a1f826d7ad84236b2b2d35b022d2342ca76b2a28e62b650e292459f85ae10f6fc36de440629ddce728023ae4420c8d607c9adc0af8,CLEAR,DAYLIGHT,DRY,IMPROPER BACKING,2.0,33.0,2.0,2.0
1090b97ef04703114dc208d1bd47e632371e6f4fec11ab1ac1ea6f841835b15fc365a6f28b62736a079b4c645d2a8ab23c43ffc86da1e676e1848d6751ba9669,CLEAR,"DARKNESS, LIGHTED ROAD",DRY,DRIVING SKILLS/KNOWLEDGE/EXPERIENCE,2.0,39.0,2.0,2.0
1090ba10fb4c6bdf11ac939b8e5d8f988773c6c73c8f5e93d67884caa77c01976b414ecb51a606ad08d0aa6669ce09d883020a1005abee88372482ef267eec79,CLEAR,"DARKNESS, LIGHTED ROAD",DRY,IMPROPER OVERTAKING/PASSING,2.0,29.5,3.0,3.0
1091033cc6525fd2966a82acd4530e664d810b33de9bdd1e91828e2f3cb3b10bf0744d83cef9fa9c051324b527018dd81ccf7f168da48c75935a1750595195c1,CLEAR,"DARKNESS, LIGHTED ROAD",DRY,IMPROPER BACKING,2.0,65.0,3.0,3.0
10910cffca0637b1f92e03adcd090097c97bbe7198902c54c6e25783569afe9ecf6fd3c493de4c06b09bf6ed48fdc1685a73b2e1d1256dedeb0031b41467a6ba,UNKNOWN,DAYLIGHT,UNKNOWN,IMPROPER TURNING/NO SIGNAL,2.0,38.0,2.0,2.0
10911bbd2574ddb021e318f594fb253acbbb0e051ee1f64489b664eb95be815ca062b248819c7e132fb2317312a02c7411092a5fc71fc981da1850a3158c39f3,RAIN,DAYLIGHT,WET,FOLLOWING TOO CLOSELY,2.0,59.0,2.0,2.0
1091251aaf7ffc6d8c3b382643e4a040fb7dc32c4b31b43980082618eb89b0a094a4d84977ead1c670a7fcb76441a87a4b3b6024188619ed4589232534a87c57,CLEAR,DAYLIGHT,DRY,"OPERATING VEHICLE IN ERRATIC, RECKLESS, CARELESS, NEGLIGENT OR AGGRESSIVE MANNER",1.0,48.0,2.0,2.0
10913c689a2ecb62b49605093ad0f166e8f428d4fb43b59ac70da57d3e93ad05c035f92a4db47b881da69121678e274a74ed8750967ce8273a610e9337262312,CLEAR,DAWN,DRY,IMPROPER OVERTAKING/PASSING,2.0,31.0,1.0,1.0
109144975eb1b201cf33c5df1aacaa13e45ef03b7c984b97b6d3e31a475ff2d37b687531e27e30db05d35056cb8aad02534ffd9e0e40b00592af2f14398709cd,CLEAR,DARKNESS,DRY,EXCEEDING AUTHORIZED SPEED LIMIT,2.0,37.5,2.0,2.0
10914660e0796047507a0d879085bd4af6305550289237c4fe3256551de90a4be5292a697e41ec217c8de1c146c2f2a4b87a93c2867b82bd0888f6dd4b71a7c1,CLEAR,"DARKNESS, LIGHTED ROAD",DRY,DRIVING SKILLS/KNOWLEDGE/EXPERIENCE,2.0,44.0,2.0,2.0
10915bd337b3365c7c88f47232230088ca59bac4a2bf8ff6e4e00d3f03a43c013e2a7359d960d2a910a8d72690f0c8bfb3943a05c3d27b475b369cc8813d473d,CLEAR,DAYLIGHT,DRY,IMPROPER OVERTAKING/PASSING,2.0,27.0,2.0,2.0
10915e2d96aa6b7ff41033fb84a695c6913f69ef766d838c3aa431aff10a11528011de934e8296a226c539c8701d42b7f9046e662a5dadd28bf717fc3f354d8c,CLEAR,DAYLIGHT,DRY,FOLLOWING TOO CLOSELY,2.0,46.0,1.0,1.0
109190fada6ad995309cc01122f86562ec4976d0adf70e778098a3b5a6537c7331fdc383719db6e9a6e1085ce6f8f57afd8acb873bcdc250141be7a30edc9890,RAIN,"DARKNESS, LIGHTED ROAD",WET,WEATHER,2.0,24.8,5.0,5.0
1091a695113a259591eaea41059f73be8d6d6d9ba6c5dbccb4ff213d147c67502eb60cac87bb588eb66faf2ac5888d5ecfe3f25af11f8338a07571ab04dbd5c4,CLEAR,DAYLIGHT,DRY,FOLLOWING TOO CLOSELY,2.0,54.5,2.0,2.0
1091db63c36b3888faa2b854fc74b5db2a5a9d201c72ca81430db83a2603ddf34c73b220d9f2609b550b2b815682cd4662c4111a8d0fdb725cd2d5511f7b73e2,CLEAR,DAYLIGHT,DRY,FAILING TO YIELD RIGHT-OF-WAY,2.0,34.0,2.0,2.0
1091e8389f4d00c95114d21adeac10c64b989c1652d57bbdd553a462026ef408f915e948f49a791e1507db81a154046ddfd60d3f538c3a0c30f4c6d2c1946dfb,RAIN,DAYLIGHT,WET,FAILING TO YIELD RIGHT-OF-WAY,2.0,51.5,2.0,2.0
1092053765f8f58878603141d1a62d9ed659757d87c19cd45f3ec8015c3efddf8cccd3dd7556ef7c98cebe0610569d9aba3bd7d073a5f13b2cc0fe296d61ffc2,CLEAR,DAYLIGHT,DRY,IMPROPER OVERTAKING/PASSING,2.0,28.0,2.0,2.0
1092254ff6d65b2e3aec7124df9156fa401038b366e84bb37b25321b11192610783c9c4f943282942af5bfac9221858f3913fdbb5abbf660896b09b5b0aa598c,CLEAR,DUSK,DRY,FAILING TO YIELD RIGHT-OF-WAY,2.0,18.5,3.0,3.0
10926be92cc151a6c7dc79f916e14d3bd25414570f7d4afb95d8498a33b9361f60082c0997ec31cc1dc58e5dbba5bd2472a33ba4f38cd07862f618e9189b8e42,CLEAR,DUSK,DRY,IMPROPER LANE USAGE,2.0,28.0,2.0,2.0
10926d9b4d0167ba28d571d33eecafef79f2d0ab3becadb3ec50e88244457b2c5eff0faa448d357ef78aba54d12fc197d89e7e3d3ec74027de6cd9e76b6003d8,CLEAR,DAYLIGHT,DRY,FOLLOWING TOO CLOSELY,3.0,53.5,3.0,3.0
109279c38cead4d9ed8e5daf67568e256d22cfa49d8d260fc8905fa11b58dfcf6a97e01e6a78cb672d8fe5ebad4c85fa4ca9c960f9fa71bff2db5f3cce240ec7,CLEAR,DAYLIGHT,DRY,FAILING TO REDUCE SPEED TO AVOID CRASH,2.0,34.0,2.0,2.0
10927fc78e988274fb41329b816a2aa2abff55305a9cca6abaf91621367573540a5b8c9022288ac224a011503e7214db23bdf5c4a168980436a6b19d01729e17,CLEAR,DAYLIGHT,DRY,IMPROPER OVERTAKING/PASSING,2.0,53.0,1.0,1.0
10928233cd02c79bd1b77b9f1aeca8e915375ce31609f821d4fec9db880c0850a920d770be944fb89bd4eabffc351c81a27da6d3859e601306fcefe3c4874ab1,RAIN,DUSK,WET,IMPROPER LANE USAGE,2.0,58.5,2.0,2.0
109297662d97321615515d3c70db101242f1641da2258c9937c9e484c943922a099de30845616bacfc615ad76f99b29ba6c9c8ab63a054b7f57530b5cd3435bd,CLEAR,DAYLIGHT,DRY,IMPROPER OVERTAKING/PASSING,2.0,40.0,2.0,2.0
1092a8a11358361fa1725c35e215587e854791f0fd97de3ecd9acfdabf333f9256ed2c85918b87841b6dc16b5366b9ca9c0fca7fa5fe86ed96640f9913039690,CLEAR,DAYLIGHT,DRY,IMPROPER BACKING,2.0,46.0,1.0,1.0
1092fe72e51d2cbb2faed437f196caa5c49078282ae4df528561b6c2a4ecc5caeb3e957748fe3c76dd0c3bc0aedc98c59fe207ae57cc9b505f875c2a0b8137eb,CLEAR,DAYLIGHT,WET,FOLLOWING TOO CLOSELY,2.0,24.5,2.0,2.0
10930428e7b751582ba591c0a3f86df0ef502244c1623a50827a52aeabdee2ebb73210cd2043d129b00be31f46e7264b29ce78fcc9a8e6eaec75704990978416,CLEAR,"DARKNESS, LIGHTED ROAD",DRY,FOLLOWING TOO CLOSELY,2.0,37.5,2.0,2.0
109319ebd2a7eed8d28aca0618b7ef32c480dd531630bb9b4b23d64bcd2aa6ef508a2a717c85801a908ae1567da6d0f2d5bc84cb01b799469a8cd9d30bcef967,UNKNOWN,UNKNOWN,UNKNOWN,IMPROPER BACKING,2.0,37.5,1.0,1.0
10933b331ffca821f8ac00f48276da96d0aa14877faa993980e501eca4153c7873d3227a2fb11d1c5adfa9a50288df7da5b95246746316a3643a62c7bcb17e95,CLEAR,"DARKNESS, LIGHTED ROAD",DRY,EQUIPMENT - VEHICLE CONDITION,4.0,20.0,1.0,1.0
109390367588e0afe93cce369505b0f30a7686ad2556f85365b95029cc184860f4e8cdf47803c2796e055e9fd8ce4d498292d54e6c764e59f6604a89f5981e52,RAIN,DAYLIGHT,WET,FAILING TO YIELD RIGHT-OF-WAY,1.0,19.0,2.0,2.0
1093a7ca7a2aaa8453326b50d78f35d315b7845680870a427671e902fdc10e84d3367156d4ba8d7a3e4feedbcc3305335d3519c99e07bf29a1f84c6c1f3f718a,CLEAR,DAYLIGHT,DRY,UNDER THE INFLUENCE OF ALCOHOL/DRUGS (USE WHEN ARREST IS EFFECTED),2.0,41.0,3.0,3.0
1093aef01b6546008541ebd05882e7a8bc184d6552ad0ea5bb5b7f9a59bc7c82fc7ad6f2b4f9e2018ed71bf8a2ac8bc6e7ba1ab01a62290fbaafe4551d9cd211,CLOUDY/OVERCAST,DAYLIGHT,UNKNOWN,IMPROPER OVERTAKING/PASSING,2.0,31.333333333333332,3.0,3.0
1093c2b7656a02e4a9fbda315343f42c90e08e984a698f7e4265c61e950f319bfae5f7a5ae8682e52f1d30b67789986d93a4c46f6debac578f973cd649e207d5,RAIN,"DARKNESS, LIGHTED ROAD",WET,"OPERATING VEHICLE IN ERRATIC, RECKLESS, CARELESS, NEGLIGENT OR AGGRESSIVE MANNER",2.0,17.0,1.0,1.0
1093e0fc4af8050c019d4d5a9fdd5e3aae4fd18b6717960e979fa2a3b6e8413e6260485694e181496c55b89b9abb46767fb28e007ac0880ffeaea06544484b50,CLEAR,DARKNESS,DRY,DISTRACTION - FROM OUTSIDE VEHICLE,1.0,36.5,2.0,2.0
1094403ee956030f336d5c0f408cc630e12c68140b7b84e121c58e0b6b33b59d15ec5796972e7f1310517883372feae036e57b294660554fe0843c1bb4760e42,CLEAR,"DARKNESS, LIGHTED ROAD",DRY,FAILING TO YIELD RIGHT-OF-WAY,2.0,73.0,2.0,2.0
10944b45cebfae2bd7a8bf8ae9e7c53c3b36c39f7b841d96c4a46984006f3c6a799cf4a75f9f67a22d5889b0bbc3517d19361de4a2ed6914914456df88707731,CLEAR,DAYLIGHT,DRY,FOLLOWING TOO CLOSELY,2.0,59.0,2.0,2.0
109453a24ae955546d6f1c4024dfafa0cec45b1125db1cd30567e1a5478fe83b4d0beaf6ef13b4322182061e026b49ba21fbac04aefbdd97e9f4795976a10b12,CLEAR,DAYLIGHT,DRY,DISTRACTION - FROM INSIDE VEHICLE,2.0,31.8,5.0,5.0
1094597adf010292cc0c738c6ca359ba6a8cdaa42380e8851474af3f602b1803c04c2ef67748e87ea93ddf75dd76b26681610444b682c63c3aeb6293fca1ee30,CLEAR,DAYLIGHT,DRY,FOLLOWING TOO CLOSELY,2.0,24.0,2.0,2.0
10949af45d2f4c6815259fd9e57275c966db95b972234ac6bd363ea39a955734988d037e8ca7c2dc5c642aa72aa842b13fee3425e303b9e1d834db58ba400067,CLEAR,DAYLIGHT,DRY,DRIVING SKILLS/KNOWLEDGE/EXPERIENCE,3.0,25.4,7.0,7.0
1094b128371728cdd980ee2eb95739aadbe8c7e0c095f182d3f8e81db2f6c1d42f375dfbaca3ba5627f5085510a7d8529a9129d2478517bd2141878ba35f41bd,CLEAR,DAYLIGHT,DRY,FAILING TO YIELD RIGHT-OF-WAY,2.0,73.0,2.0,2.0
1094d86e99ee1381f51b6b91a6bc0fae8913a1130ddc1a12c1bbbe41c382277d5fe18c70b31ffbdc7b49eea23ec89bad31089d97b83d8799efe0aeb12c0dc585,CLEAR,DAYLIGHT,DRY,IMPROPER OVERTAKING/PASSING,2.0,43.5,3.0,3.0
10950be718a36bfb420c3a31a037756bdfd8dec40405cfed5698c56f4fdf3c3c001cd3e62d34aa6714e851a35347f21bd76dce14be9c48a9876353f1a3b5e2f3,CLEAR,"DARKNESS, LIGHTED ROAD",DRY,IMPROPER BACKING,2.0,23.0,2.0,2.0
109510f5e463fd029d2cf55312e424b14138b36b3931416623072c716b3501a3db1b075c402a3488d35dbeb753fa31efb5b8b355785e99ff2f2a426a4f20d311,CLEAR,"DARKNESS, LIGHTED ROAD",DRY,FAILING TO YIELD RIGHT-OF-WAY,2.0,54.0,2.0,2.0
109519dd9f2964546e0b2d76577a3572e9e3e9ec1163fc19bd0132dbd1ce3ba38429b8342694b7dfe3f0a2ffe7fcd77f6aa29995d0e4970e7df83ff8cc74abe0,CLEAR,DAYLIGHT,DRY,FAILING TO YIELD RIGHT-OF-WAY,2.0,33.5,2.0,2.0
109521b3e2b0017b1f3298b8f842a886b3e1c5ae09726a8593accfd874c0c55598aef4ebb07bc40a92db99f2fc11f054edbcc383e20356887eda6a8c5e8d35b1,CLEAR,DAYLIGHT,DRY,FAILING TO YIELD RIGHT-OF-WAY,2.0,29.0,2.0,2.0
1095296015fa3429c927759d92cbc06b30527d151dc618a27c866bd41cda42c019c143f1a9a138fe4f23a980eb8f8faba6eb8ce4b4e438ff36db6baea7d6a261,CLEAR,DAYLIGHT,DRY,FOLLOWING TOO CLOSELY,2.0,28.0,2.0,2.0
1095437a94f2bdee54cc5ca4581bc0b20bbf7484bfdc9950dca8a26d34dbee91c16c132586f393a2baf339ad466e8fbec60961d0439928529af6ed7c788a2d0a,CLEAR,"DARKNESS, LIGHTED ROAD",DRY,IMPROPER LANE USAGE,2.0,27.5,4.0,4.0
109545d369872b60718bd28fedce8072ea56761e090103b6ef03b638363643423be360ee202d0b8c69ee609f42e58f970c60b616c04736874534f8721d1d4aa9,CLEAR,DAYLIGHT,DRY,IMPROPER OVERTAKING/PASSING,2.0,51.5,2.0,2.0
1095503e2bd762534ef9aa5bb0dc4977c467243062839ad114cfdc3054400e2246903a98e14b39900e62bbbad69eb26e6d5733fa74e2db23d7b500a95386caef,RAIN,"DARKNESS, LIGHTED ROAD",WET,WEATHER,2.0,37.5,1.0,1.0
1095907a70dc0cdabb204baaac28c945608c923b5ee75b04fcf592a4f6c73d43566b180e9827c55db6e82cd00d6ab7f049bc3f8ba1647c581cd21545fbf5b650,CLEAR,DAYLIGHT,DRY,IMPROPER TURNING/NO SIGNAL,2.0,23.666666666666668,6.0,6.0
10959165bbac8aa2696ab44005f49e4a138ae2ea7bb217e609db54d6b2b654ed29d58d0bd30d46b60470658e5c0c293e1221bace2c0ea6503fd85beebdd60987,CLEAR,"DARKNESS, LIGHTED ROAD",WET,FAILING TO YIELD RIGHT-OF-WAY,2.0,53.0,3.0,3.0
109599cabfb63269292eb8c1d5517d2d7bf1d019e58cac273ce884661c9810f9845c73a3e030ede5578b3a12e26890c168c5f3442a8aff3a7791ef0cf3edf270,CLEAR,DAYLIGHT,DRY,IMPROPER TURNING/NO SIGNAL,2.0,44.5,2.0,2.0
1095a68ee5e7499e467018c42e4f1c8f812bbc84f9d089aac511f0f02383af08ac85cff59020e126b6fe845663575c70fb8a405d2c4da6caf98edaba112d1853,CLEAR,DAYLIGHT,DRY,IMPROPER LANE USAGE,2.0,20.5,2.0,2.0
1095c96fee47da36d7154c57da7675847b0ad8ca567f0cd16e00e4f1b73a3bbc9f2f592b20ac0e1ca5c172e165bbe89da5158ca76216776fabf1618830b72a0d,CLEAR,DAYLIGHT,DRY,IMPROPER OVERTAKING/PASSING,2.0,31.0,2.0,2.0
1095fb42aa36fe6dc6af41ce166b47507906514742e1d5ef7d9422bbb2a437be6e6ee4654881cad7a068a25ce1c9d6a56dc8d6318fe60a3a8756b77d514ddffc,UNKNOWN,UNKNOWN,UNKNOWN,FAILING TO YIELD RIGHT-OF-WAY,2.0,59.5,2.0,2.0
1096049db3ee7850b59f9e340684f4743fe8bab39b33715a8f9b27186feb6ff6e44da239167b5f6c194b8107aced893ca3646b1edbd192aebb09fa9394dfa777,CLEAR,DAYLIGHT,DRY,IMPROPER LANE USAGE,2.0,28.5,2.0,2.0
109604c7aeb0e9742868ea68de38d59b953a21983c40f2123982c82d5a259c2b7b1b8ebb5ada5ac623a0ac94a3e605d580a6b649a0fb0e894d81efac3935ffbd,CLEAR,DAYLIGHT,DRY,"VISION OBSCURED (SIGNS, TREE LIMBS, BUILDINGS, ETC.)",2.0,23.0,2.0,2.0
10964ba8331be748008724c4d389c08c2061a47e065d6988c240c087fb413c5810dadd91a16b6077d5247517b9545fd1cb55d70c3c54051a0b4ccf9641915257,CLEAR,DAYLIGHT,DRY,IMPROPER BACKING,2.0,41.0,2.0,2.0
109682f26514bf7eb927e26466a234c63b343cb711ef5cf97c4e91690e4d03375d035a69ab94881cf84969a0ba4da817c44f24cd79f3075559df75d845ee74cc,CLEAR,DAYLIGHT,DRY,FAILING TO YIELD RIGHT-OF-WAY,2.0,37.5,2.0,2.0
10969739fbe1e759ab4ac1b07844c63595f6bfe1fd9e00ddefe0ab9b11c65293a605f2d1cb63d5e5aee3a614e4ffded24ce720775c9efe765d6455ff8e1372b3,CLEAR,DUSK,DRY,DISTRACTION - FROM INSIDE VEHICLE,2.0,39.5,2.0,2.0
1096d63e9a29ea31364be36499f1174818fe2337f3613a1478991aa11fb889c757b2469b1ad166cc454bfd27ee94797d808e9974bb9468fc4b80bd41160e22dc,CLEAR,DAYLIGHT,DRY,FOLLOWING TOO CLOSELY,2.0,37.5,3.0,3.0
1096e0ac4a484969aeff42450d1bfbc465a12cbdc89822c794409e2acf7e0845beb20b577ff4687c7420804ce631850a837ab18358b5d3d486457788511e0eb4,CLEAR,"DARKNESS, LIGHTED ROAD",DRY,IMPROPER OVERTAKING/PASSING,2.0,49.0,2.0,2.0
1096fa82f3c01f251c8e6036d24843b61938ea178f0915c75856137f41db4b902bc9a24d6cce050eb251c4bcb25cbf4d81f49f1d2127eaa951bac04c89fe08cc,CLEAR,DAYLIGHT,DRY,IMPROPER TURNING/NO SIGNAL,2.0,37.5,2.0,2.0
10970de1b7d707b856a2f99758936ce6904ef5045ce651a505ab75fe531349fa110a19b0e7f0da1cc6834429c6d4e7f9e1a1adaf62440811543ca727c2f3243d,CLEAR,DAYLIGHT,DRY,DRIVING SKILLS/KNOWLEDGE/EXPERIENCE,2.0,23.0,1.0,1.0
1097610de9d17834d5dea75c38fcd945924d1aa360e7c961a5893c9b93b9a07d9530c035b84c95d634b73747b5169866c0b809e737f3055c43958226833e202f,RAIN,DAYLIGHT,WET,FOLLOWING TOO CLOSELY,2.0,56.0,3.0,3.0
1097635427ae5be2b42d7195977eb1404f5d78d4fc90cfa1caf8a38917f59d7c57bf9e3741701bcf1c4fd55d0e7ebb6530fd8734cedde28f9047fd1bc3722913,CLEAR,DAYLIGHT,DRY,FOLLOWING TOO CLOSELY,2.0,56.666666666666664,3.0,3.0
1097821c5e8068bb03164f495807950e9b4d87d5489591e1129b9b85aac584fe9de4ac9c6fe9024b4546619b5ae790cdf921a9bb4d8383a78ee2ffcc893ded62,CLEAR,DAYLIGHT,DRY,FAILING TO YIELD RIGHT-OF-WAY,2.0,54.666666666666664,3.0,3.0
1097a47a28fe05f483d5734807179e710d0a52a01d9821ef6bbdbe57249ffd210a2373e98103df9e41fa9114902c6cc3661214d8d47d9f013c38c8794339e1e5,CLEAR,"DARKNESS, LIGHTED ROAD",DRY,FOLLOWING TOO CLOSELY,2.0,41.0,2.0,2.0
1097a753302b2581deb7cf92b9c43c6e6017a67943f05bd2ee086474fbe80f271d066e146b46feecbedaed28f61c2aec93b57351b54591b8333a1514cb39037c,CLEAR,DAYLIGHT,DRY,DRIVING SKILLS/KNOWLEDGE/EXPERIENCE,2.0,44.5,2.0,2.0
1097a85864a851090a5e3011574334144fa8c308c07ee5934c38d45316fb5d9451bcc654a5a03f3a9e9011b70d4d0c48ee51d4c7182de0e0878d3493a63b8594,CLEAR,DAYLIGHT,WET,FAILING TO REDUCE SPEED TO AVOID CRASH,2.0,28.5,2.0,2.0
1097b51f7d64fe5860c2bfadb02672cf764ebd535e239cb6498e9c4bec662d71590410e5e515e57651fad2d4140da3bf674f52cecb74aea1269733522ccbe44c,CLEAR,DAYLIGHT,DRY,IMPROPER TURNING/NO SIGNAL,2.0,40.0,2.0,2.0
1097dca341898fa939cdff16d9ae85b49d2945a9c6807e43bff3db83c6af03c44badb3b334e221d701311d893907a16897a313138dbed97e5297d5ef177fa951,FREEZING RAIN/DRIZZLE,DAYLIGHT,WET,FAILING TO REDUCE SPEED TO AVOID CRASH,2.0,44.5,2.0,2.0
1097e476782c430feea1251b41ed5a44257c958a6b718fccfaf82a395eadfb81ffe6036d385b4c5056a78de7a2ffd8c9a6ad821caca37758db3d3f5b31820c69,CLEAR,DAYLIGHT,DRY,FAILING TO YIELD RIGHT-OF-WAY,2.0,27.0,2.0,2.0
10981efae7d99391281978e08e279b82d121471eb0a4acae4b4d0911ba164743c519b97a3f5e02875497f8c9eedd371e7454a80788cd3ef96e26d907aaf9e6b9,CLEAR,DAYLIGHT,DRY,FAILING TO YIELD RIGHT-OF-WAY,2.0,48.5,2.0,2.0
1098517a0cbc8d1848e384603712876215dbaf15fd77614f87d143ce2b921cf46cc6c950d4b86dfcf75f3c3a71180410a01232a677eedc0173f628a8db6ccd7d,CLEAR,DAYLIGHT,UNKNOWN,IMPROPER BACKING,2.0,63.0,2.0,2.0
10987b37ea73f7cda7abf0f31655457fe653c32619249a3595eded97d71c50be1ec6e28ae1fc126988340061e46d071b50b608f1a5b570e6824e7517d21c61ae,RAIN,DAYLIGHT,WET,FOLLOWING TOO CLOSELY,2.0,67.0,2.0,2.0
1098840e18fa38ff32557a163d14be07c91e8f3031fbc650aef04b769fbc38fb251bba44d464ccb708f8fa320ba569171e90fa8d78de915dae3bd1cf842351b3,CLEAR,DAYLIGHT,DRY,FAILING TO YIELD RIGHT-OF-WAY,1.0,42.5,2.0,2.0
109898c615f033226242a2f5c8ae7d4363eec8883d16440a76a3f1dc64a7d75e42c584c92dd7ae918c12c7d112d8296718448a4bfcbb4ac79cf3b90a98d44b47,CLEAR,DAYLIGHT,DRY,FOLLOWING TOO CLOSELY,2.0,39.0,2.0,2.0
1098ab0ec274a3783e778714a5ca283549592a88d028613c924b4e58722194d647cb27da9827baeb4ebb6a3001539f75a8d7e80ff624d10e849c681c225b83f7,CLEAR,DAYLIGHT,DRY,IMPROPER TURNING/NO SIGNAL,2.0,0.0,1.0,1.0
1098c9cadbb6073a33ceee3089afe1d40e6b08659beb9d3895ca0fe8c8e657670645529c501a59477b3d1289e0a4815eba2605521c2e57beeb13052e9dcdd5d3,CLEAR,DAYLIGHT,WET,FAILING TO YIELD RIGHT-OF-WAY,2.0,33.0,2.0,2.0
1098d2b19e02ef43e27fa3beef21c574bfb864a87e6878c2723f74a7d77ade90b01674e5376bedfb150416dba86b77f30ae9e93f323a9ce5835bc65abd857fec,RAIN,DAYLIGHT,DRY,FAILING TO YIELD RIGHT-OF-WAY,2.0,44.5,2.0,2.0
1098d7c4fc2beae70eaec4fee165e3bdafed57e8017c9275c4605f9eca7a7db1406436b6c9f925805f4b2e9c6c870992cc2478a85b624404a3f2ddd382ea8b5e,CLEAR,DAYLIGHT,DRY,DRIVING SKILLS/KNOWLEDGE/EXPERIENCE,2.0,43.0,2.0,2.0
1098eb787ac1c05f6373c1ad1cd0109f1809a8204c77429486ffac5903f2907f70a6d3be25d4d6a4e5e9b1becaca8e472a55ee98b660fa7a60bbfbcb96f02f34,CLEAR,DAYLIGHT,DRY,FOLLOWING TOO CLOSELY,2.0,0.0,2.0,2.0
1098eb96f90217b37efc85c0ec1bd19db49e687ce35a13335e7c99e2eadf99add87125b8f5f45ec67d825c56d4250b8dcf6f0f07e0b3c6f0ba46cdbe11f7ae74,CLEAR,DAYLIGHT,DRY,FAILING TO YIELD RIGHT-OF-WAY,2.0,25.0,2.0,2.0
10990a6d5c8da0b654b70915fae2aa5ba73aa4e13a53a0bd0e479d19124e86fe95b2770eae39261d1ab06757eb4eeea38b7f81c55e6c2b398ec9e1553f024bf8,CLEAR,DAYLIGHT,DRY,DISREGARDING TRAFFIC SIGNALS,2.0,53.0,3.0,3.0
1099545fbb29f7e505ca3a8bf4fbb5d913620def3cef853a84294c1863f53f2f2b58a7ad199eed831cd4c47c8c2b51d1f1b1478578daff12aea512ec494e8985,CLEAR,DAYLIGHT,DRY,IMPROPER TURNING/NO SIGNAL,2.0,23.2,5.0,5.0
109977d0b89ae45e017f3b5ff68e5e89f73be669c5b85a55e915c04505cd11d6a0526e4e11cd05dedc7366435bdbd96fe874ab65e2066a0e859b39e7070f8132,CLEAR,DAYLIGHT,DRY,DRIVING SKILLS/KNOWLEDGE/EXPERIENCE,2.0,54.0,1.0,1.0
10998198bd70cc165453eee3efa6d8a90bd5a67a1a69c9805bc5420f1d544c6ec1b575c3feee15f31009ecd29d47686bd9e269ec0d1cd9427371edd588127291,OTHER,"DARKNESS, LIGHTED ROAD",DRY,FAILING TO REDUCE SPEED TO AVOID CRASH,2.0,19.5,3.0,3.0
1099990d12ee58ee74419dd0b5aba066b8ce067e66f031d6137bb3e9ecbd983ccd741fd2603393b983810f590e6b303575ee5c21cd3baf9700419ae1ec78bb69,CLEAR,DAYLIGHT,DRY,FOLLOWING TOO CLOSELY,2.0,54.0,2.0,2.0
1099b6389e0cc523e59a448b15170c00e832e31ded13739525582e808574cfcf0b2af162cac58551d65a425db7efc1b60d60109cb63279693dda1d132a31d072,SNOW,"DARKNESS, LIGHTED ROAD",WET,FAILING TO YIELD RIGHT-OF-WAY,2.0,20.666666666666668,3.0,3.0
1099e4f56cf8afedfc8193e3c7187ba537f637db6ab0196e9b4b8cbcf0b24fd716294a3555f9de3ea354296940998bb81db441d10cb4e77641d213cdd066a980,CLEAR,DAYLIGHT,DRY,FAILING TO REDUCE SPEED TO AVOID CRASH,2.0,36.5,2.0,2.0
109a05b0d1bcfdf0e821720870bd2aa2ed60614bfd8e42e2feb5c9e7142b72f3a02c59d534aa76952008aac0fb50fa424e524d5259238225113dbb585a067e3e,CLEAR,DAYLIGHT,DRY,FOLLOWING TOO CLOSELY,2.0,63.5,2.0,2.0
109a1bffa89a29d5d37f900443434ce7fc5ee5c1d53206693ce51866548c8c29703f21adaf897553c30cd98b6f63d06f2ff5bc0754ee6f279cad0dd1495bb235,CLEAR,DAYLIGHT,DRY,DRIVING SKILLS/KNOWLEDGE/EXPERIENCE,2.0,47.0,2.0,2.0
109a1fb35e977d3738a564cdf33bef985025503c51bb46e0a87c771cf534e4d1f68598d667e2dcb2aef8c357c9d1c87a65eab59dd8bfbbaab741bcac7b755126,CLEAR,"DARKNESS, LIGHTED ROAD",DRY,FOLLOWING TOO CLOSELY,1.0,36.0,2.0,2.0