crash_record_id,weather_condition,lighting_condition,roadway_surface_cond,prim_contributory_cause,total_vehicles,avg_driver_age,total_people,total_injured
109a6efcbf772245ecbfa94c32b270f534d9f2f90062a6882468fb71f22ea6c71bfef3cd13c975fd899a1a68092328fa7530c60005cd218937e7f9c37dbc235d,CLEAR,DAYLIGHT,SNOW OR SLUSH,FAILING TO YIELD RIGHT-OF-WAY,2.0,61.0,2.0,2.0
109a99c945c3b0a81e74107574cf5aceeda374da3280c2d65ceefb735449bc0a2ebabdd618f41d13ac46fbd9548e79758c01853bc6a30209650fbc671875b73c,CLEAR,DAYLIGHT,DRY,DRIVING ON WRONG SIDE/WRONG WAY,2.0,50.666666666666664,3.0,3.0
109aa92a797b0b35bfccd98b3d47ff9ce23c247a30d505b5dd004e026d08ffaff18f0a873975439e5d3fe414f512efc777a19fa7c92ab5932fabcf87ae561dbd,UNKNOWN,DAYLIGHT,UNKNOWN,IMPROPER BACKING,2.0,35.0,2.0,2.0
109ac09bb21eb93538c3268700cf8893f5c8469630b99b4295032755dae1c4d21622a9488012414d76ff988f9d2e437ef08404689c867965ba18a7e71c3193de,CLEAR,DARKNESS,DRY,FAILING TO REDUCE SPEED TO AVOID CRASH,2.0,38.0,4.0,4.0
109aeb7df7eb1ccd4a0b0e51f7aa4001aad138022771ad8ee8591f6245018db15703d13bc6af7802d45d505975a6ba737e861c3fa5f62508828c7bbb605d2f12,CLEAR,DAYLIGHT,DRY,IMPROPER OVERTAKING/PASSING,2.0,37.0,7.0,7.0
109b064f8250225b0e1181a67bd8e5cb51c57babd594ac19c15f055fa6b80447a412c839751615ece339dd65c2d2406d7a47ce6d2e5ab7a82987c00093c72604,CLEAR,DAYLIGHT,DRY,IMPROPER BACKING,2.0,37.5,1.0,1.0
109b146aa30ef348aedc2042d0491740bc8b6202cd821f130a6c6be226be69df28bb8412a021e15fe397ea448859f3b42bc46f1f50344fa1c6f0503232186b12,CLEAR,DAYLIGHT,UNKNOWN,IMPROPER TURNING/NO SIGNAL,2.0,43.5,2.0,2.0
109b146c581506239b86c1a2088125c00c770f6c8f7f65046415f28df6afc44e77ab7ec224fe1bd5e501e1ee8138120a6560c9d8176fd90330b8e3bf7e33efa2,CLEAR,DAYLIGHT,DRY,DISREGARDING STOP SIGN,2.0,44.5,2.0,2.0
109b30b3ecccd3622eb84b6b800b81ab727e3ad157019667610de7cd223521d5ec3117c97da07641528f022bd2e10db09c1675f0ee277b8d9c19fc2380df8363,RAIN,"DARKNESS, LIGHTED ROAD",WET,IMPROPER TURNING/NO SIGNAL,2.0,37.5,2.0,2.0
109b31d1d85e90cc86abf2d86bc058908d603e9a4d8da44e08aa81dd09c0a5cf2ca46116e146fee1e6444dfcc798b8b22590ab4cb33c6a732ee348ad47a1a238,CLEAR,"DARKNESS, LIGHTED ROAD",WET,UNDER THE INFLUENCE OF ALCOHOL/DRUGS (USE WHEN ARREST IS EFFECTED),2.0,0.0,2.0,2.0
109b3ad97c01c5d1055ece43e77e34d518b09ac02688686ad711a32435a18bd67c442d55ab84fa51616031be709eedf684b24d86e6b5ea37fd43fd1bf51ea2be,CLEAR,"DARKNESS, LIGHTED ROAD",DRY,FAILING TO YIELD RIGHT-OF-WAY,2.0,29.0,2.0,2.0
109b40db232789d893717ec6e3a4aa276d1a37c405549243f6af3aefc1c36c6569f469ca4532912715e1f7b4b29f7bf8587d25231be0c8e9cbc3b7fda78baa4b,CLEAR,"DARKNESS, LIGHTED ROAD",DRY,"OPERATING VEHICLE IN ERRATIC, RECKLESS, CARELESS, NEGLIGENT OR AGGRESSIVE MANNER",2.0,24.0,6.0,6.0
109b712fddc1b9fe584e5be5c74f246d0541bd6561578e404ea7da99d3e5fa22b942dc5f8278a011b9523cf684702b8640a675f8dc9b68a580cafea0641f8493,CLEAR,DAYLIGHT,DRY,FAILING TO YIELD RIGHT-OF-WAY,2.0,55.0,2.0,2.0
109b78af59db8312825004bbba94c6b610c6e8a0b50b8aac2f4f63abe917055739c3ea56dd41a99d11e222f5d15272f45e4cf8fc79da55ed48ad4654ce2f5b7b,CLEAR,DAYLIGHT,UNKNOWN,FAILING TO YIELD RIGHT-OF-WAY,2.0,53.0,2.0,2.0
109b8a838a66688820e96a13c5f1eea29621c01c86b097511afc800e1529a9b8b33563c82d7f9ecda8168fabd8c3820ecd20d1bb9ad52766c06d8d34c8e98896,CLEAR,"DARKNESS, LIGHTED ROAD",DRY,FAILING TO REDUCE SPEED TO AVOID CRASH,2.0,37.5,1.0,1.0
109b95caed715c04b53043863fec9b0097a726c55de4a628a1f5390c6efa6644ae89e18f79abb7bb2b8b85531521cc0219670ee54b71ce7ea234aa370ceff939,CLEAR,DAYLIGHT,DRY,IMPROPER BACKING,2.0,14.4,6.0,6.0
109ba9922b5c294612818d8d9ccead65543414edeaaa21222496544d6fbcbc344c22a0b6f696e7730a1e10974cea09817b5bdf3aa733e89e94ab50cf41fe4c79,CLEAR,DAYLIGHT,DRY,FAILING TO YIELD RIGHT-OF-WAY,2.0,66.0,3.0,3.0
109bb23aeb480505ff4468a403c4ba3abf33c93a86a23b9ef7be1a334c00489199430d5e7fa757041757bb480a1a9757b61e69041d86baec905f85af5cadd2a8,CLEAR,DAYLIGHT,DRY,FOLLOWING TOO CLOSELY,2.0,29.0,2.0,2.0
109bc4657d53740c93b98ab702694c9055996cdb0b75b8c67321301b7f421ff6d67ba112eaba506ecab992a21f024aab08ba84614574d9a709c97f03445f08ec,CLEAR,DAYLIGHT,DRY,IMPROPER OVERTAKING/PASSING,2.0,54.0,2.0,2.0
109c0378fc71197b0a5b43cff00d2297f36a466d8d2d82f93c238d606a4cdf8bba34c1b10f1ed51f7df67a18ad34047d7ce4b4736a5be57c992fdbff9dff92d0,CLEAR,DAYLIGHT,DRY,ANIMAL,1.0,47.0,1.0,1.0
109c66567e687d5cb12dd60ec33660801d4912a1ce78f6db247a61d57d15100479183aacb77523e16e8d3a174135507994c5aa5bbfa615f49c410cea4a8e3567,CLEAR,DAWN,DRY,FAILING TO YIELD RIGHT-OF-WAY,2.0,54.0,2.0,2.0
109c72f89618ee932b443b510ea4a0dd685ec84794bc21ae12a7da6786ebe98d2db61f77a610473b9825274eecf06c82a977530ee77113837065e9b6d103dffc,CLEAR,DARKNESS,UNKNOWN,IMPROPER BACKING,2.0,37.0,3.0,3.0
109c7b791099aa17f5eb29d1d7f290f0405c6829316766802414089d1a774aa08186dd988d83df69bb11d16d5e3e1a1ab442b0bc495c6c0603700b26df1a0ce8,CLEAR,DAYLIGHT,DRY,FAILING TO REDUCE SPEED TO AVOID CRASH,2.0,56.333333333333336,3.0,3.0
109c98b4cd3c692f31dd8411629c2e283142beeffdb24fa922fceb9407db5d288d5833f26af48b4252bf4ee1474e3cd2f6601991cb108e0275c30cc353b6766c,CLEAR,"DARKNESS, LIGHTED ROAD",DRY,DISREGARDING TRAFFIC SIGNALS,2.0,54.0,2.0,2.0
109cb1c48ee41e2386a67e42838576b38184caaee498b0443ec42ccd0365ca5532db905516d4777804507d35180ee548ab6a98cc6629eac0d7f889a63e3982ff,CLEAR,"DARKNESS, LIGHTED ROAD",DRY,FAILING TO YIELD RIGHT-OF-WAY,2.0,23.5,2.0,2.0
109cb4d079feec1f739450184b8fa4558a30d40913b439f8fca3c0c571db215cc9ceffc0c8383e546c16ede3b0131ec292e37a47bdb463477d71f27bb75c1524,CLEAR,DAYLIGHT,DRY,IMPROPER LANE USAGE,2.0,37.5,2.0,2.0
109cc9edaff20a30747102ff5a838bcc11fc2794c2ab178dbaea9925534f150031e0f967caeb626081820a30dc47b5f4bf29c94d7f1f66f2d20cb07021c849e3,CLEAR,DAYLIGHT,DRY,FOLLOWING TOO CLOSELY,2.0,31.0,2.0,2.0
109cd9b7024fbd4706ca6c2dfa320bff608e5c0d382c1e4c50921be69ba00146a0baca69d37228c08b0480bba44d0702bc7ecf2b2188e72abca5298d03ad1373,CLEAR,DAYLIGHT,DRY,FOLLOWING TOO CLOSELY,2.0,29.5,2.0,2.0
109cee485ed7a593e7948df67cbd9bbd46fc84906349738260b798a3fa719a4852b6c32495fdb4c740869dcbca8f27b8dbcec1ded49f0fcda67df1d6ebc342af,CLEAR,DAYLIGHT,DRY,PHYSICAL CONDITION OF DRIVER,1.0,25.166666666666668,7.0,7.0
109d1582775ac52996270aee12d771298283970a30ba49983780dab21d018b793be081b04a42d7dea62125cad9e5017924da69382ad6a56ddd239399bcf7f677,CLEAR,"DARKNESS, LIGHTED ROAD",WET,WEATHER,1.0,37.5,1.0,1.0
109d20bfac9153c6f883baacc982e05af9fe7a533570c9c3ba273bde8edd534513f786af019096c507bf5c216a4d7589acaee6409f7dcb1eb00ec37f38831ecb,CLEAR,DAYLIGHT,DRY,FAILING TO YIELD RIGHT-OF-WAY,2.0,47.0,2.0,2.0
109d43201eb99d8014daf90eb49fd0a1c4604bcd771b916b1800a91e3b22d6cdfd42c8f0ab7cc8d0f5c2c86e228c8cafe7563d7a36c2d97d9afb5cdf23630098,CLEAR,DAYLIGHT,DRY,FAILING TO YIELD RIGHT-OF-WAY,2.0,49.0,2.0,2.0
109d546658b9338343b309389b0b09f88d4369b284d90c719a586890f4399620003934027ecfdd6b007864bcbae712cd7db7a0d755a0226223aec264957e36eb,CLEAR,DAWN,DRY,IMPROPER OVERTAKING/PASSING,2.0,29.666666666666668,4.0,4.0
109d63b75cc47c7ac78cd730242f5c4cb869b2a3955ae2fb7537ea186166e66eb15afdd1e64be38c76adb9f27a821b5c4ef69b6aba57bf8deb7e09c2fbff15f9,RAIN,DAYLIGHT,WET,FAILING TO YIELD RIGHT-OF-WAY,2.0,32.5,2.0,2.0
109d71b5a19658562f1041d10606a614d2bbf62cb034b7e59ce39372457a8aab14fb8bf0f74a91a61dbf91cd5f6ae96eb08c400cb07028f3255426496d8c87c0,CLEAR,DAYLIGHT,DRY,IMPROPER LANE USAGE,2.0,27.666666666666668,4.0,4.0
109d888e885386ab3ba1b7affd4fc33cca1cb22a6f2cd544fe500a41d151bb28b6ecb76f1a89998096eac6a7fd604e018160984266991979e412699f5fe152d5,CLEAR,DAYLIGHT,DRY,IMPROPER OVERTAKING/PASSING,2.0,62.0,2.0,2.0
109d88f46034d37e1832686b57a18745fb040179cad16b11175d7b8308b6a8940aa7aa3c2c8044a41aa81a40f0a3b901408ba06013f877cf37c4fdb89a04f65a,CLEAR,DAYLIGHT,DRY,IMPROPER OVERTAKING/PASSING,2.0,16.571428571428573,29.0,29.0
109d950e37724a6b2292538714d4fd508361a9ad932ae3c545ee02aaf958aafd9fc397577ba3af56c19818bc39e30d827b86b974afdf5da6ae81ec1ac2b54cad,CLEAR,"DARKNESS, LIGHTED ROAD",ICE,WEATHER,2.0,33.0,1.0,1.0
109d9caad0fdb51bd4b92a4a8bcf978cd7464638c52942ca034b65e2e74b508647ce4ffec48f655f2d26a9f3298887b842c50beeb4d39600bb8c2d1e932da9f6,CLEAR,DAYLIGHT,DRY,IMPROPER BACKING,2.0,60.0,1.0,1.0
109db97ec46eacc8ea964bf8093c0eecb32711a700c44eecaf2829ba5bbf4a5e5749e5fae3afc5bc78e14aaf1622fc09162c1c158e0a4bc2304c131ae4f26911,CLEAR,"DARKNESS, LIGHTED ROAD",DRY,IMPROPER OVERTAKING/PASSING,2.0,30.5,2.0,2.0
109dc2137682dbe25ab4de9c90ae498c8e604cab130dc1a3b64daeb81f3ccf729b13ac107c313b2bfcb3084f97cb3117fd8d17a277917fa3583a8a09001832f3,CLEAR,DAYLIGHT,DRY,"VISION OBSCURED (SIGNS, TREE LIMBS, BUILDINGS, ETC.)",3.0,36.666666666666664,3.0,3.0
109ddf1dab7b184423e83b3f3f3e86d8b35488118b7260ea147e7e01bfec993dc0814da1698f34d7611edb4ff3542f359edc201cc3a43d29fb4ada005364c3ce,CLEAR,DAWN,DRY,IMPROPER OVERTAKING/PASSING,2.0,37.5,1.0,1.0
109e0819cf6756c93d7c5d835dd7fbbfaff186b82f032e01428a15c4319176b6319d816d818e6407b48fa912cea1f865432e1477abc28028fb1156f7aa71920e,CLEAR,DAYLIGHT,DRY,DRIVING SKILLS/KNOWLEDGE/EXPERIENCE,2.0,40.0,2.0,2.0
109e1c4207291e8fcaeb5af7786cd4025a1bdccb745daf0f05994ebb9a0d52a04c773c93f9f2500117cb8bd9ca5c9fccb8d4237b3d6efee5a7a393c6e185cc91,CLEAR,DAYLIGHT,DRY,FOLLOWING TOO CLOSELY,2.0,30.5,2.0,2.0
109e25a141887428da23ef592a0ed8a3122b5aecc42cecb87f29ecf22a08043cc733e8765129dbaa9f2df1c70491572dbac9e013cfeb6a36dddf274b595268e1,CLEAR,DAYLIGHT,DRY,IMPROPER OVERTAKING/PASSING,2.0,42.0,2.0,2.0
109e3ec1105247bc83cd3084b34b673f235c86f52e90c1df957b7a94ac4ce350345bf5799dde299c3e5964197caf58133642f2c347fa2be0e25c8ff5a24116a8,SNOW,"DARKNESS, LIGHTED ROAD",SNOW OR SLUSH,WEATHER,2.0,62.0,2.0,2.0
109e4d3f31e867728094468733700706054485d686c1b8382faf85a7363df9b3eec9bbe9ab3eed29ddf2aecbcee1a97db5552f0f9532a4564da6bd19565f71b5,CLEAR,"DARKNESS, LIGHTED ROAD",DRY,FAILING TO REDUCE SPEED TO AVOID CRASH,3.0,34.0,1.0,1.0
109e5eadcc829eacb285bd4a66af915d759c24e29904340de9dc43679b6f2d884aaadc799a6d24c0692729d0d0a3ab4da85e543024ac9240ee9084afeb107934,CLEAR,DAYLIGHT,UNKNOWN,DISREGARDING STOP SIGN,2.0,34.666666666666664,4.0,4.0
109f1b3ed5555bd1fe4417ea6b70bb8b6a78d7d7d4807a45c51c93192c644449861086b033d813787330bdd09458ecd43dc45356e3ebfd0d4e4d6b69b55612a6,UNKNOWN,DAYLIGHT,UNKNOWN,IMPROPER OVERTAKING/PASSING,2.0,60.0,2.0,2.0
109f2fb707b46159739e95d644fe156af481d9cb21c4c3fa7f7ace0660b98e026539a90d748cb2bcdfcf81c952e1d47fb2d187450ec26991a90b67f104017ae3,UNKNOWN,UNKNOWN,UNKNOWN,IMPROPER OVERTAKING/PASSING,2.0,67.0,2.0,2.0
109f353dbfefb9843e0712c65133df93089fd567de8befbb50f12a1d1f07356f21c3f261d7347a9c43f08fff5f45a32cc39fb94f2a0210761e436d2bc7245c35,RAIN,DAYLIGHT,WET,FAILING TO YIELD RIGHT-OF-WAY,2.0,53.0,2.0,2.0
109f5ecb5070e99d6507038ce01993dcb3fcf277a3367eb3d24d33ea54e6a5a8f842560cf21df624a39d82986fea255b0f8861ca40e4475ce22d7fef08a3a8c3,CLEAR,DAYLIGHT,DRY,FOLLOWING TOO CLOSELY,2.0,33.666666666666664,3.0,3.0
109f90b9e22e004ede5c02103e09d7315a425fc913f090de22c6dba77a5fb3a159bceaaec7721f80f7d91d5e613c95b7daa4e44ad4e2b8668cad262448403707,CLEAR,DAYLIGHT,DRY,DISTRACTION - FROM INSIDE VEHICLE,1.0,52.0,2.0,2.0
109f9116681da484d8f93e1cd48cb3d182afdb2de61088c58ed8ffd4ce7425af3c8d011f16c663b59fca6402d43a0e8f55a9811c1df46a8106bbcd67b59f86f0,CLEAR,DAYLIGHT,DRY,DISREGARDING STOP SIGN,2.0,35.333333333333336,3.0,3.0
109fa04511a2af7097ec4916ce81879282e8b196095bf3b29be22c4aee680677f710226fad9f3b2f77993c41abb116bfa7c2bba76c0f60a404eb3a6db7ce2b63,CLEAR,DAYLIGHT,DRY,FOLLOWING TOO CLOSELY,2.0,42.0,2.0,2.0
109fa2760e4037a024fec156b4ff7d0b1a2aabbaece39b3e6f233ae4779539a3f269c59b02fae4d07b40a66e5444c87f696bfd2741f2247ef165f513ee3d1495,CLEAR,DAYLIGHT,DRY,FOLLOWING TOO CLOSELY,2.0,54.0,2.0,2.0
109fb31b32b239a8a259b998cf41972dfe36665d9801017616712efe3ec570b9e7cd35d3e3eb535822b9d95cd51931e6d3c4688342575d60850ccdf4869f2e21,CLEAR,DAYLIGHT,DRY,FAILING TO YIELD RIGHT-OF-WAY,2.0,43.5,2.0,2.0
109fcad6978bf2d81c11a6a4424bdd4eb4cf12eff64ea88e0b2204c6bd695945a7a1da0f258c5314b38449688b27d697f2791fccc510bd3db65a04e9c81d89bb,CLEAR,"DARKNESS, LIGHTED ROAD",DRY,FAILING TO YIELD RIGHT-OF-WAY,2.0,37.5,2.0,2.0
109fcb53d67f6cb78773d063bea29eb862e1cec6bd24c9f849920d23d34f5c2d36ea1c0c32a41869a362f5cab74fd5a3f9566348e21c638bc67da9b7b530007a,SNOW,"DARKNESS, LIGHTED ROAD",SNOW OR SLUSH,IMPROPER OVERTAKING/PASSING,2.0,36.0,4.0,4.0
109fdc754449a6bf2d38c751ae50b2a440f33d9f70d45246868b578dcc8898e3fa893bf7f0f041aec3ea49eb0256e24cdb5fe7483a6ca5f5c3a059789c75fa40,CLEAR,DAYLIGHT,DRY,FAILING TO REDUCE SPEED TO AVOID CRASH,2.0,28.0,7.0,7.0
109ff7b51d1088fb24579d90ef5f49a599b54dc2f15c75dcadf69eabeeb31d0060248dfd2156691cac9ed707192805de2fbfe5cbe50b36bb64cf70d72c6a565b,SEVERE CROSS WIND GATE,DAYLIGHT,DRY,FAILING TO YIELD RIGHT-OF-WAY,2.0,21.5,2.0,2.0
10a02d857819736ef124f1d2633531832fd12582a08197f59f08b5bb64f16e86eb963dcc9be1cc90a029838f39293cfeaa705698510bb216f0e59fb57580ace2,RAIN,"DARKNESS, LIGHTED ROAD",WET,FAILING TO REDUCE SPEED TO AVOID CRASH,1.0,37.5,2.0,2.0
10a0602d1fcd800ca38052470a9c79286435af1d5da39e720bcf9e655a0f186f4148d928cf30229679586b3b09d64bf27fb9d7c4c29c813108a73a737a30d17f,SNOW,"DARKNESS, LIGHTED ROAD",SNOW OR SLUSH,IMPROPER LANE USAGE,2.0,47.0,5.0,5.0
10a064b3a13f2d0b4892c7bbb181e8296302e1f95f8515cd892b322904a8cf60264b2b0b26122dee22b9534ce816bded95de2167a46763cb0dde404d5acec634,CLEAR,DAYLIGHT,DRY,IMPROPER LANE USAGE,2.0,41.0,2.0,2.0
10a07a7d4c64d9bd950dd8a7b0a42a32b50bbe085b96e5eb91be763ca94627b34f3f87305042935a4d021da67122b80ac5671a633602169ed61443ee307ca790,CLEAR,DAYLIGHT,DRY,FAILING TO YIELD RIGHT-OF-WAY,2.0,33.0,3.0,3.0
10a093a7b520557b03396a7ed10dfd72ff25a02f933d656093f3d95723b82522f3944f7264c1af55683a2bbc78ab44fd6a61a1069ac8a38a2d705ac6c4e4f96e,CLEAR,DAYLIGHT,DRY,DISREGARDING TRAFFIC SIGNALS,1.0,53.0,2.0,2.0
10a0daeb8a62e74d3ca7e345ab873c58978c8e29573a1ac280c5d2c8b6e60f7ff5a0112690be4fa8c661a4352352dceece125103ba91f07ce19a3e1373c91d73,CLEAR,DAYLIGHT,DRY,IMPROPER OVERTAKING/PASSING,2.0,24.333333333333332,3.0,3.0
10a13426b126cd20801f0cded1504938c6bd90aeffec9f5c44e6bdd9979d305e34f3280266687e0c5f7a528183e3c96808652785e6661f3adf7312c408c2edc1,CLEAR,"DARKNESS, LIGHTED ROAD",DRY,FAILING TO REDUCE SPEED TO AVOID CRASH,2.0,15.2,5.0,5.0
10a1384ded471d0dce85364d00518f4373809abf34a70408168ac663bbc54348e641de8195bdc74d83b0c3b36c2592a0a7a306d37e70d2f62160d2e746b8d681,RAIN,DAYLIGHT,WET,FAILING TO REDUCE SPEED TO AVOID CRASH,2.0,31.0,2.0,2.0
10a18677819eb85b880c5f9c08c0d09a261bc55aaacf928a92d217bf8378bd0d15cbde6cf2134b7edf3f9c17e13c9f9f873cd0b4b201922a3db5dcf09d64a0cf,CLEAR,DAYLIGHT,DRY,FAILING TO YIELD RIGHT-OF-WAY,2.0,47.0,2.0,2.0
10a18ec6298f81d2d78429d7d0dc50dbea13a7b80ad0cfff0d9c675c2e0fe96929967180169fc4683dfd673c81cabdc2a0f04bd9edf444aa4b6c9676e4540dbe,RAIN,DARKNESS,WET,FOLLOWING TOO CLOSELY,2.0,20.0,2.0,2.0
10a196498904c77f34b5c020af5fe3a0488a98ce0c886f1dfbccefa304f7cbf6b0de5adb11541edd41679e0b695c3c3b743387975c7fb227dcf1ba3ce7afc74d,CLEAR,"DARKNESS, LIGHTED ROAD",DRY,IMPROPER BACKING,2.0,12.0,2.0,2.0
10a1a0f8e84df34f79dc3b414e7d03fb962c989ea448568d1d24e9c9f598f94925335197deedaa180900a5cc6bc4a21fc772cdfbe640daad2c4be4a9bab9db55,CLEAR,UNKNOWN,DRY,DRIVING SKILLS/KNOWLEDGE/EXPERIENCE,2.0,48.0,2.0,2.0
10a1a56194cb3aadd64c224687958ecc8e4b9f179b7fed58c12cdb74a6644346eea382096f9dae6c8bf646d6e25ad9d9c02d515e6eea399e53794a2d046b00c5,CLEAR,DAYLIGHT,DRY,FAILING TO YIELD RIGHT-OF-WAY,2.0,37.0,2.0,2.0
10a1ae45851bb7de6b81220041896a7299b220fa7e83d36bd2dd42e406a31f1a4cc173ee99ccf5bd2d80673e1debe95fbc32d0f59d3256a56c211615e6709ec9,CLEAR,DAYLIGHT,DRY,IMPROPER OVERTAKING/PASSING,2.0,50.0,2.0,2.0
10a22217760143d4d52d19faa962142dac8f0c8feae745cd0485b74b6124c228ee80c22f6d06da99c91a20f3ae764688499dad285ea76c9a7294019f765e1237,CLEAR,DARKNESS,UNKNOWN,FAILING TO YIELD RIGHT-OF-WAY,2.0,31.666666666666668,3.0,3.0
10a22d54f9d994f6bc2441b4663090a45d4b24510be856337ce6dde7390720effe115b7351d464928c9c27da6e46443cbae278f1b414698aef764e5eca0f2151,RAIN,DAYLIGHT,WET,FAILING TO YIELD RIGHT-OF-WAY,2.0,60.666666666666664,3.0,3.0
10a235727063af712875450d087298445f446a4a057761f5171238829e14d35dcdced34ef7849bca38771751462b6a0c465004973ece7b9d80aace9d0da3ded1,SNOW,DARKNESS,SNOW OR SLUSH,IMPROPER OVERTAKING/PASSING,2.0,47.0,2.0,2.0
10a25bb22209396cdc2a14465821145a688ec3ca7a46764dc1bc929320f03714de373a2ab4baae3914ba9bbd201ec51f35f760e86b2db56824b289dc89380d1c,RAIN,"DARKNESS, LIGHTED ROAD",SNOW OR SLUSH,IMPROPER TURNING/NO SIGNAL,2.0,60.0,2.0,2.0
10a27b569e61ef40e1a88ec1548518c343deeda8603fffda34dd34e8b4fea6e9504a11589264267d60d8a6edef061d21ad92a6dfd2287a14de0d6508d1ffd5cf,CLEAR,DAYLIGHT,DRY,DISTRACTION - FROM INSIDE VEHICLE,2.0,30.0,2.0,2.0
10a2adca6a61bf25c39e4fe38e1c0ca112fe4a389ff3ac211ebde18db9a94e7e80f4444a43096d1b67c8d11d368277dec28b2c48902bddadbaaa007b95b6fd02,CLEAR,"DARKNESS, LIGHTED ROAD",DRY,DISREGARDING STOP SIGN,1.0,54.5,2.0,2.0
10a2af05442a1fb392ab3d4b0318d206769202fcd59282986f2871cb11780072f36dd71310281ea7d6d5d740ba3af4de227a8a74c6b168ddf98e836fff2b1937,CLEAR,"DARKNESS, LIGHTED ROAD",DRY,CELL PHONE USE OTHER THAN TEXTING,2.0,22.0,1.0,1.0
10a2b4e7ebb8be1dc9d8ed56d791b8d43c26e07c366bb90b0131cf37255457b5413f76c9977b926cb6e819135acb650ab65aea03be714a8925a9c5266dc2d11c,CLEAR,DAYLIGHT,DRY,FAILING TO YIELD RIGHT-OF-WAY,2.0,27.0,2.0,2.0
10a2bb88de02b2631c7ef27a97131aa6907a9dbc738fae2c05028de25a01720a4d08733968e0e60c8d24bcba85a9ee257362b845648ac3d4b089cd0cd2d38d6e,CLEAR,DAWN,DRY,FOLLOWING TOO CLOSELY,2.0,35.5,3.0,3.0
10a2c889591e84313e33e3f2eb62d1899c6b4f1f42f08c58713256d5aef67fd461a7e955e91433409c2f0bb74ec1445cac863a6adc8e5f17b51bccc4a7a8c96b,CLEAR,DAYLIGHT,DRY,FAILING TO REDUCE SPEED TO AVOID CRASH,2.0,40.0,2.0,2.0
10a307e559533cee6d3e37951ef161e0a2d76ed0d98b2dd0284e558d014bebb14dea01fc1a9a265daafdc7823a81b3c8dafc46c7b9e2f92a50216423a36e027b,CLEAR,DAYLIGHT,UNKNOWN,FAILING TO YIELD RIGHT-OF-WAY,2.0,30.0,2.0,2.0
10a33fe645dba110e1a96841d1e35ac5394972a5ae7b484a383cecd0666c761536963f69fc78d194e4e9462f28830bb62cd49291a9be7f324a0ada105814f39c,CLEAR,DAYLIGHT,WET,FAILING TO REDUCE SPEED TO AVOID CRASH,2.0,42.5,2.0,2.0
10a343bb1b43c687f4a5e142bf0fdce515531d029f6001579974863065a707989a66b164e68488319edf93938d4b7e6f4b5ec43aabf415031ec196b1236e9a68,CLEAR,DAYLIGHT,DRY,DISREGARDING STOP SIGN,2.0,21.0,2.0,2.0
10a3512d8372507c5ae6ff3dd75e9c4c08c64afb0030aec17d2b5370e55c5bfd342d051669ccf6169ac3917bd94ae8ccc55fb26a2d3eb292683d5ad26dc9dd3b,CLEAR,DAYLIGHT,DRY,CELL PHONE USE OTHER THAN TEXTING,3.0,23.666666666666668,3.0,3.0
10a3579eeb5c59386da4b3b5e79fb6590f2eb6af6b28b0e948e0e90e30ab7931dcd7c8c346e03e62dc730a872f850e023adcad97deb4e8ef0d896b450e9d1b99,CLEAR,"DARKNESS, LIGHTED ROAD",UNKNOWN,IMPROPER OVERTAKING/PASSING,2.0,48.5,2.0,2.0
10a35a8e795541682275b6524f1d05712fac9715a75eb52189957687839f8550118778e476b58d16607d41075838d6dd860646a95477416f8df48dd044c20ff0,RAIN,DAYLIGHT,WET,WEATHER,2.0,38.0,2.0,2.0
10a3d38852a2a7299a1dfb28c25fc81fc9b7419ccc269a71447457c4bfebc0eef743e38e3956346e1b99afca3ae27be3656c5a8df466fa03a05d1bfbc530aadd,CLEAR,DAYLIGHT,DRY,FOLLOWING TOO CLOSELY,2.0,10.5,2.0,2.0
10a3d7c2bde89b9ecc6554d20fb476a7eafc1714be6d6780ce1cfb3675ff1ea73d2c82d3e6654cee6cabb0884c19fcfcca151b0fb2ef3a7e61f15aaa0ffba4a7,CLEAR,DAYLIGHT,DRY,"VISION OBSCURED (SIGNS, TREE LIMBS, BUILDINGS, ETC.)",1.0,50.0,1.0,1.0
10a3e1092bdb476a9662b78d9c88f2808ff7e1d90f3aa6718e457c05ecbe676b790ede2acc7428da74c1d9004886019d0d79b89276c5866628326bc7e5839866,CLEAR,DAYLIGHT,DRY,IMPROPER TURNING/NO SIGNAL,2.0,26.0,2.0,2.0
10a3e9edd8ee17e8e1589b1ae6641840ed5176f91463a97125580750876a20ea2910e499d1f76771be11ded055563f1442993d77fea3636febf3c0d4db24ef6e,CLEAR,DAYLIGHT,DRY,IMPROPER LANE USAGE,2.0,27.333333333333332,3.0,3.0
10a41bb79ae2cbed78d33f45e8ced324737e06676d0869931bd25f18d3f8652f1067a66c2ce0b891d654e9690e87a253feb9e83e035bec2a5de91dcc40382172,CLEAR,DAYLIGHT,DRY,IMPROPER OVERTAKING/PASSING,2.0,47.5,2.0,2.0
10a421ab58ce6f07b9fe67f651d5e3aacdfcbcf06cd9e7eff0968524fe44172de78fd80e439396c0b448b40bbb6db6e16198354ee1cf2da6aec1a9164550ee3e,CLEAR,DAYLIGHT,DRY,FOLLOWING TOO CLOSELY,2.0,65.5,4.0,4.0