crash_record_id,weather_condition,lighting_condition,roadway_surface_cond,prim_contributory_cause,total_vehicles,avg_driver_age,total_people,total_injured
10a421c96d4587fd2326cadc04473536c2bb52ab51446919780184e42155c76b02ff75149ce2d6da1778e685b1327efb9300908782aaf775deaca74ffaef0cff,CLEAR,DAYLIGHT,DRY,FAILING TO YIELD RIGHT-OF-WAY,2.0,69.0,2.0,2.0
10a483edd046ea47437e6819ff196928ab668c059ca6fd1e4b0ce8a0d1c761652ab172b16e9b807a3febb715c852e57037f75dbcb3e2344381179db505f690d7,CLEAR,DAYLIGHT,DRY,DISREGARDING TRAFFIC SIGNALS,2.0,11.5,3.0,3.0
10a48606c393c16450c03b406474b88c04d2526baa3c9b8d1524bd3b268113b6df80d5218b6ab15b00c461e9d0d605d0aead72d9696e1bc38a7d9b836efc3d68,RAIN,"DARKNESS, LIGHTED ROAD",WET,DRIVING SKILLS/KNOWLEDGE/EXPERIENCE,3.0,19.0,1.0,1.0
10a498c619703bb7c28ba36cbae8a7329282dd563113bdacd04f1cbd986e92e4eee076eed0f6017d36ecf30ade3c897a4babdd9757ee7877fedb97db5b632984,CLEAR,DAYLIGHT,DRY,IMPROPER TURNING/NO SIGNAL,2.0,48.0,2.0,2.0
10a49a4ef39ddb3a5b1b4a57be56ecf97fd050d31d828ff3adb30370878b75e8fdbdb4014fa6bca0f3771cb2efec2b669022528130f3ced4c2b6714d5a8eca6f,CLEAR,"DARKNESS, LIGHTED ROAD",DRY,FAILING TO YIELD RIGHT-OF-WAY,3.0,33.333333333333336,3.0,3.0
10a4ad45d15d9b31573c6652ddb7de1caf317fc2c3ed16af4596ca21e235b28551f8ee7ac1ae25d6874f9bf47ba0e2e9c00e16ab8847541404bd65c9a423e85c,CLEAR,DAYLIGHT,UNKNOWN,DISREGARDING TRAFFIC SIGNALS,2.0,45.0,2.0,2.0
10a4bca3b9edc7356ffd26c9116a4989526439b58c7cda607723381e20a4186daadaf5cf8a97d876ed855b6870a412c0cad778d4e31e842da1c1567c2fc9a9c7,CLEAR,DAYLIGHT,DRY,FOLLOWING TOO CLOSELY,2.0,37.0,3.0,3.0
10a5173a36f91edb866ed0c52e43ae5cc62a73e3d99c4331bf197b3e1af2a084195e83313855a64fe2e6671b1b927680b0d339f5034e79c0e194718331b129b4,CLEAR,"DARKNESS, LIGHTED ROAD",DRY,FOLLOWING TOO CLOSELY,2.0,27.5,2.0,2.0
10a525158cdfa8c703baedbf12e8a42ac654c2e31de2d426626fd84cbcf77a3a43746ba06f16e635af21c9030919cb36439f4cbcebf5957d2f6f019c75a6ead2,CLEAR,DAYLIGHT,DRY,FAILING TO YIELD RIGHT-OF-WAY,2.0,32.0,2.0,2.0
10a553ae54e6def956c5099ca8178bc4b6601717e5897450aa0a2fd41b501e6a4cd76fec92a0766c9ea65790c48eb7fab2e1973a363dfe530c584f97cbacd46e,CLEAR,"DARKNESS, LIGHTED ROAD",DRY,IMPROPER TURNING/NO SIGNAL,2.0,37.5,2.0,2.0
10a55c0a79cb8f2ff046ea258f74d2e0d120a837b904908260726cea64439af5b9427c941c08319f54cb3583fa5196326cd806706a068100431253be24d07160,CLEAR,"DARKNESS, LIGHTED ROAD",DRY,"OPERATING VEHICLE IN ERRATIC, RECKLESS, CARELESS, NEGLIGENT OR AGGRESSIVE MANNER",2.0,37.5,3.0,3.0
10a5674e90608d6e221a48ba18ef2550230494495c42a2ff7414e26edc4969a6f5b4bcf8fcd957a335e74cb30525ad0cfaf10a52dd8dcdeb455fec2ebc8c52d4,SNOW,DAYLIGHT,SNOW OR SLUSH,IMPROPER LANE USAGE,2.0,12.5,30.0,30.0
10a597fcc2f1fd6dbaba6e929633b504d8be402c85a163800e596ab41fb4768ef9e418f242694162edde0caad54e27502b5984669957b9b92a982d8855e7eaed,RAIN,DAYLIGHT,WET,WEATHER,2.0,66.0,2.0,2.0
10a5a89097483a20cedbed86f6b8c07bdb3377cd49993f5b3ea4112009a31d9f7e8587c5fa8b4f7c20ca96dca9704f4bc7e8f6bd2de1bd5cc8458cc704148665,CLEAR,DAYLIGHT,DRY,FAILING TO YIELD RIGHT-OF-WAY,2.0,37.5,2.0,2.0
10a5d71cc771cb06afa7c46f85e062cb710308f5f40a99a670739d3b739ee23e69564932e0bfdc2aff9bf39837c630ef6963149f9ded65a9c684470068da92c5,CLEAR,DAYLIGHT,DRY,FAILING TO YIELD RIGHT-OF-WAY,2.0,34.666666666666664,3.0,3.0
10a5e3747022d9a009628e40cd158ebb06fb92393460631dea77afeca9219e9d73b089a3c94707b6ee7f8969bd64532fcae3a50880332b7108a6c5309f0c5848,CLEAR,DAYLIGHT,DRY,FAILING TO YIELD RIGHT-OF-WAY,2.0,33.5,4.0,4.0
10a5fa27124dbec74a36faac3923cae176ba8178f93cb54f39198c7481c3b1f2356a4768868a223e50207e1fd72e7ef20da248308ae184e1bab9ff9b83068e8f,SNOW,DAYLIGHT,SNOW OR SLUSH,DISTRACTION - FROM OUTSIDE VEHICLE,2.0,35.0,4.0,4.0
10a6587fcf17d6bd46a59e23a4e9f45b0b70c7fa73bf6b87b59a7b21c7ed1199e58d5ac8b5c1921db678f94390c0f7bd808484dac7ba9a973481446bda4cc776,CLEAR,DAYLIGHT,DRY,FOLLOWING TOO CLOSELY,2.0,0.0,2.0,2.0
10a6a2804960f9a12a4e69877d2bc1d3a6540fd60ab9226b00264b50f29fb47c3d6595cf097fe4b2bed5c9be28d8c092580c730c5206bbe55a73d56dc1214f37,CLEAR,DAYLIGHT,DRY,DISREGARDING TRAFFIC SIGNALS,2.0,25.5,2.0,2.0
10a6a2e95a2692e10ea10ec80a79c47830702998af3c27f0d6a978f398946ff617c867ffe391da366f0881329082a2daac9bbc0332ac9d9b586b3d431096f6ab,CLEAR,"DARKNESS, LIGHTED ROAD",DRY,IMPROPER TURNING/NO SIGNAL,2.0,47.0,2.0,2.0
10a6b763321a60b46a3cf34b06ab5121186032b57a5354d9be48ea7047ac2a89aaaac1eaa28a0bcc97b459236d93c5f2ae74910515dddbaf3ee3558676e2c295,CLEAR,DAWN,DRY,FAILING TO REDUCE SPEED TO AVOID CRASH,2.0,27.0,3.0,3.0
10a6c6d4d34782b0151217e73413520dde3908a2be975b140043cc277ab4f03125dd4849dbfa03070dfb23fca8a530d9e344f3b7057d0b6cdd2bdc85a2d44f35,CLEAR,DAYLIGHT,DRY,FAILING TO YIELD RIGHT-OF-WAY,2.0,65.0,2.0,2.0
10a70e1c51f53d484490f7ae2fd70346a9dca9a88dafa86ff65d440e6fa064113349c85d1a03948fbc06f0d56e9cab6f41daaf4d7f51481d512d99a1642b4d6d,RAIN,"DARKNESS, LIGHTED ROAD",WET,DRIVING ON WRONG SIDE/WRONG WAY,2.0,24.0,2.0,2.0
10a74f4c2fe29ddfd39e7cd9b19c3699de4f0845f90cbf22d52b0c8c988a8314f907a665bb57b44093c028c0cb1d330db55303ef574fc5128a6fc33d922ff01a,SNOW,"DARKNESS, LIGHTED ROAD",SNOW OR SLUSH,IMPROPER TURNING/NO SIGNAL,2.0,37.5,2.0,2.0
10a763cf796cdb1492c47bdc8fce5c2f3c50f9c958f594e3d5fd2bb13a2ba6a482a8c10f1a968bb5782f9e29313f864c92e4ac1ae38417d3df7653d9f7e92de2,CLEAR,DAYLIGHT,DRY,FOLLOWING TOO CLOSELY,2.0,25.5,2.0,2.0
10a77910eee84a0606ebf97d97bd9521c5278b49b5613574c0439169e32308ddfad77a5e5d0c5cfe420b43b1fcf24d68fbd51441e33968680476d6b0b5713ef7,CLEAR,DAYLIGHT,DRY,FAILING TO YIELD RIGHT-OF-WAY,2.0,28.0,4.0,4.0
10a7aaa88e09196914d09b335ebb1198b01a37118b405c526e59efecdfd2c35db6318550e80340ee4aa5c02eb521244b20b3e0b2b6f34b8927f1247955c07ab9,CLEAR,DAYLIGHT,DRY,IMPROPER OVERTAKING/PASSING,2.0,23.0,1.0,1.0
10a7b5baf012f2fd59434e2baf5f37c7d0802cd617502ca210db33f467f4ec9c4a37b79eb64b8e36dd2bcc2eb685a725959e23173fe35749e349cd284892bb5e,CLEAR,"DARKNESS, LIGHTED ROAD",DRY,FAILING TO YIELD RIGHT-OF-WAY,1.0,37.5,2.0,2.0
10a7d1b8b7565559b7e44131192df6dd9303c8c9d0f51ce1f1c103027768c7010fc190eac8ef4cfc228f16eb8cc1916e1faffde44abc6433e3837d6930726dd4,CLEAR,DAYLIGHT,DRY,IMPROPER LANE USAGE,1.0,40.0,2.0,2.0
10a7d8c4408e4e5e6a14f2dd2223abf771ce0c2e1b5032f70d1dd292357d5e3db10f6eb47fa073d50e5cc380679875259b1be01433dbb225856de8448886f93f,CLEAR,"DARKNESS, LIGHTED ROAD",UNKNOWN,DRIVING SKILLS/KNOWLEDGE/EXPERIENCE,2.0,24.0,1.0,1.0
10a7e67628035e14a9def10804117472ea61d742a4f1ca4e67dcd7eee9a51fc818dd1fd8e71488eb4cf555e4f51eeb4a722c0ba7b9556edfd010040833419de2,CLEAR,DUSK,DRY,FAILING TO REDUCE SPEED TO AVOID CRASH,2.0,38.0,2.0,2.0
10a7f43ea08f2d7126ffdd3a5580c95a6e1520e056e9445a14c9174d7f77891ea3f263a70f944da4624cf3860b933ab05e9de6f7a291b5b021963f9bada1c937,CLEAR,DAYLIGHT,UNKNOWN,IMPROPER BACKING,2.0,57.0,1.0,1.0
10a7fa43edb874c11a3070ce81224ede48dcfc83e510fc5f5febb809fc332975de054e21d6d8c18b2470654da5964d4abf503ce0df7cca72279408485558da41,CLEAR,DARKNESS,DRY,"OPERATING VEHICLE IN ERRATIC, RECKLESS, CARELESS, NEGLIGENT OR AGGRESSIVE MANNER",2.0,47.0,3.0,3.0
10a813cdacde6ae36706775d288ec55c0e25682a78351a84f30ef751bf7b5e9802df5df307db5f268c603363507eb802c25094e2b5c7cccde89bd157bb444761,CLEAR,DAYLIGHT,DRY,FOLLOWING TOO CLOSELY,2.0,27.5,2.0,2.0
10a81bdb91304af8cbfda9bef3ff27c0d20fd277520d4590bb892a90b1022236877f9c98e2e1d913366bfa4598ea68486cd6d4cd5ff394cf61f53a6e99ba30f4,CLEAR,DAYLIGHT,DRY,IMPROPER BACKING,2.0,37.5,2.0,2.0
10a821a6baeaecf3f806b13de0b7504c1c4e51ab3051e81f671cfda7e49d1d718a93b28545b08984fd740907880cd85d3b382e44831601ace3433daaf2eef8af,CLEAR,DAYLIGHT,DRY,IMPROPER OVERTAKING/PASSING,2.0,58.5,2.0,2.0
10a84b054afb3e19f383c937951039887627e82da53cdede2e40d24a69c95c5ca20825aab4661fae2760a928261f62160551e7ae2ae5f121f90e4057138dd950,CLOUDY/OVERCAST,DAYLIGHT,WET,FAILING TO REDUCE SPEED TO AVOID CRASH,2.0,38.75,4.0,4.0
10a862c236fa54e0d947628b5cba8592b75c58fe152e6e0313a78660be15cfc550e416d4da6644d6a2b10ef87a31475d956c1290ee7589e2dc20f0653b67c384,CLEAR,"DARKNESS, LIGHTED ROAD",WET,FAILING TO YIELD RIGHT-OF-WAY,2.0,70.0,2.0,2.0
10a873c1ec8a261f6fa33ea5c3ca8a6b75d95d6d78b038498a0c967839b89e21699f30beb93b5d233011b2af8ac5224774e0f9293843ac562af5f94327bcbf74,CLEAR,DAYLIGHT,DRY,FAILING TO YIELD RIGHT-OF-WAY,2.0,25.6,5.0,5.0
10a873e00c481cc0767cd25143c05cadbbaaa15f67a0c23f5a564058969c40d850d4ab03094c260ccf663bd6085c32f5d11cfc716a5af79adf7b8d448206274a,CLEAR,DAYLIGHT,DRY,IMPROPER LANE USAGE,2.0,53.5,3.0,3.0
10a87bc2c228e35ead8df7f834e06af3923c430ace3e96be12f982a060d8fe06fee7fe56af08224f186b3d0c9751f25b3094b89c451cfd3db840c481f684ee9f,CLEAR,"DARKNESS, LIGHTED ROAD",WET,DISREGARDING TRAFFIC SIGNALS,2.0,62.0,2.0,2.0
10a8c831d7eed94274ef0951106d6f2917af8a41042cafceb733e76c00d28d12f51bc708d782f5a85158ca1adffc3cd3d989c5edad9c0b818a14f305dbac7e81,CLEAR,DAYLIGHT,DRY,FAILING TO YIELD RIGHT-OF-WAY,1.0,51.0,2.0,2.0
10a8d42f6c3000acab134f7dddbfbb98a8ee8027922886d30b3de2aeef9435445d8bf0f4af8526939773dde6b6683592202fd7832329683b61c1c74fa5b982ab,CLEAR,DAYLIGHT,DRY,DISREGARDING TRAFFIC SIGNALS,1.0,25.0,2.0,2.0
10a8eb8671b3b9694bdf844872e484971ea826f3530c43bcf38bca44bf8156e27abdf2ea70d2d1c3b1e725aad77b8028590a81b64371bff45ea6d3ce87640b26,SNOW,DARKNESS,WET,IMPROPER LANE USAGE,2.0,32.0,2.0,2.0
10a8fb7d3c1058415d0a463b9379168cc9e6e59f3003728030714e05deb28f27b9421e0aae2a1b530fcd7bc84c811ec0ae23218dad10388348a8f2af68c5596f,UNKNOWN,UNKNOWN,UNKNOWN,FAILING TO YIELD RIGHT-OF-WAY,2.0,23.0,2.0,2.0
10a9259aac879b7c48e3b521adf588ad6cbb97f93e1ffb9d9fee238fdc0061dc8ce8913cf0a7bb8033cd6798444c6f921f95dfe92f517e01216af1d5800a88d2,CLEAR,DAYLIGHT,DRY,FOLLOWING TOO CLOSELY,3.0,34.5,3.0,3.0
10a93dbb553e50473a66b6f28acb153076461c38b616fc0fcb8505858b2886084eeef98a864ea46acff813ab500497911a5fb44c5739b74bdc871852f6e1610f,CLEAR,DAYLIGHT,DRY,IMPROPER OVERTAKING/PASSING,2.0,34.666666666666664,4.0,4.0
10a96d5ee2733d8883a338b88c72c93fa5f575994cfc5aeb51099cdc32e84f85a344b9ecb57de7f6b5f2ad649f2fcf45bd7496cc812389d503dd8917fd6cd69a,CLEAR,DARKNESS,UNKNOWN,IMPROPER OVERTAKING/PASSING,2.0,37.5,1.0,1.0
10a97c17052e639183af3716132ee986990b5b4ff4ff8b66ed7123e30defeadeb86b7ee996c6c9572012bd731ff549d4778d5aaa7283a230ce326dbc26fe353f,CLEAR,DUSK,DRY,IMPROPER LANE USAGE,2.0,22.0,2.0,2.0
10a98969190de9fc234ad9d022f424d10728d8f3f89d7527b9a2fd7fb7df9f2abf6fa2e99a42ba4cb0dd0f6761f70f04e495e6ec137b4ed6da44465a150f10b5,CLEAR,DAYLIGHT,DRY,DRIVING ON WRONG SIDE/WRONG WAY,2.0,28.0,2.0,2.0
10a99396d8a1035d9388448a0959f1073ee5b3be39b80d997d491c76b5aee5369b429e9e5facf77a1908521cd55c3dd3b18c31eae9cef9d21e16f596c6effd28,CLEAR,DUSK,DRY,IMPROPER LANE USAGE,2.0,50.333333333333336,3.0,3.0
10a9b45de3f278a7035eb36aafd9ae728f71c1b6bf6089c948e482dad293780b23eddc15525dc0277930ecbf34188558334fefd5741dd5243f5ee37ef8d6b83d,CLEAR,DAYLIGHT,DRY,FOLLOWING TOO CLOSELY,2.0,34.0,2.0,2.0
10a9b4bb5a243459e58386c45a31294af8c43e09e191e4b212162318b9aa16a9f8c0cef868506e60c6212c8caf26381636fb5448493c421bbaf2c921546964ac,CLEAR,"DARKNESS, LIGHTED ROAD",DRY,IMPROPER OVERTAKING/PASSING,2.0,21.5,3.0,3.0
10a9c706ebaadbcccd74bfd734fa778ecd14db6962c731720f18494b45975e3c2f0945930d3ed23c29703c11ee3bf644afc18beaf80c024f96d03c6f83702301,CLEAR,DARKNESS,DRY,"OPERATING VEHICLE IN ERRATIC, RECKLESS, CARELESS, NEGLIGENT OR AGGRESSIVE MANNER",2.0,21.0,2.0,2.0
10a9e308d2d959818e718326b42749de9831b6b3cb16b24ae8c2f0ba3a2d0cbdd638fe07fe8dc92c9d0742383d0832415629365b2a619db4d0dc3811dcc9df5c,CLEAR,DAYLIGHT,DRY,DISREGARDING STOP SIGN,1.0,41.5,2.0,2.0
10aa3f5b26cf86f990dbbaeb243312ee6c23d9f7cde95b44f11718cdb42a33f8f00cd2f88ad3857cc018518b7b2ed82ba026d35cd6b56b8f5de551d37c3d813a,CLEAR,"DARKNESS, LIGHTED ROAD",DRY,FAILING TO YIELD RIGHT-OF-WAY,2.0,29.5,3.0,3.0
10aa476be29ea08343279c9ce8ae3488f0ae2321a6bf3396d7d9f528f8f9ceb8845574c91a52c1f4fff45f13a90645813e683574648d633db2a97542b33a9826,CLEAR,DAYLIGHT,DRY,FAILING TO YIELD RIGHT-OF-WAY,2.0,71.0,2.0,2.0
10aa5b1074f43027974f86b6854ad9498d6ea0a2c3f46eef899b293d1a30aceda8ba9e6b2d04d68d7bb654f423babe8c13d871a049cd3513d02c71159f90c697,CLEAR,DAYLIGHT,DRY,FOLLOWING TOO CLOSELY,2.0,22.0,2.0,2.0
10aa7dba23ee90e4b479efe493b63bc71555f1e92df532af2a6576a4d166192c904ffb637528291b5c986ca16b81809bf701402ca4d806b07231d97de79bda1e,SNOW,"DARKNESS, LIGHTED ROAD",SNOW OR SLUSH,WEATHER,2.0,26.0,2.0,2.0
10aa9aed7a37b90c6191f1ffb6fed7c93fc8ffb55212cef697891735e6c4c94d334bb877fe7c7126135030b2274963ddb170e83d618ddae70e0c541ee8c3cde6,CLEAR,DAYLIGHT,WET,FAILING TO YIELD RIGHT-OF-WAY,2.0,44.0,2.0,2.0
10ab2217ae5b5ade2c9ad38546917b1d28d07651358f898a5582caf37b09d0812e07a5797745058a74fe2195900c615f09fbc9d530d0cb059fb3086b437b6bc2,CLEAR,"DARKNESS, LIGHTED ROAD",DRY,FAILING TO YIELD RIGHT-OF-WAY,2.0,29.0,2.0,2.0
10ab333d77a9691429d0ef264ce01ccc4a4fe8e80475923598ad1ba62a1e8be4bc8cf669d610c2c9c1407603faef102048615d2d0d30322c3bd1dd340165787b,CLEAR,"DARKNESS, LIGHTED ROAD",DRY,FAILING TO YIELD RIGHT-OF-WAY,2.0,69.33333333333333,4.0,4.0
10ab5d8f8bdb2b5ef2b6bb354515541136df4c0d50bf8b3d3391179653e9c3ccdd01e9550201e22a49f3b9932032253fe31d3239bdda00b918d146b3a9beb61f,CLEAR,"DARKNESS, LIGHTED ROAD",DRY,FOLLOWING TOO CLOSELY,2.0,32.5,3.0,3.0
10abb360aed23124e66aa4c5758f2301485ac642a7c05287098684e4b74aa19497900f7a30a87d5f7b58207d391b2a2308fc1df48bdc75689123392df590b75d,CLEAR,DAWN,DRY,FAILING TO REDUCE SPEED TO AVOID CRASH,2.0,37.5,1.0,1.0
10abc9744358debb22a651c036e5cd0f5ad3043bd9206c5469dbb9ac38c76074de30270f1f7d8dbbecd9fd10650cd1f580e03ceade0e869d2445397f253148f1,CLEAR,DAYLIGHT,DRY,FAILING TO YIELD RIGHT-OF-WAY,2.0,32.5,3.0,3.0
10ac23ddf54b0a2c26ad284fdbfe38d6c535cebdbfb232be2075dc637aaa1f0d3aac9ea855a2e64618c49baf67c8bb11b0517b4bb31cfc6de1f2b38583074586,CLEAR,DAYLIGHT,DRY,IMPROPER BACKING,2.0,49.0,1.0,1.0
10ac3d66ee8ddafa0e75add5fbc27006d15c0e44745201578d535faeacfb50bfe628ac43a9f8a686029e4de0098b8900b651036c9f8b208f6724e57e921b7709,CLEAR,DAYLIGHT,DRY,IMPROPER OVERTAKING/PASSING,2.0,37.5,2.0,2.0
10ac6d0bdbe9c7c1950e1e6306e6fb16a12f6c5b2cbeabaab7fbd88e1da5324220b4b45a3a08dbb87afe1fdb65a2979f6894fa8410e1419810245f67c52fadce,CLEAR,DUSK,DRY,FAILING TO YIELD RIGHT-OF-WAY,2.0,41.0,2.0,2.0
10acf286606ba778b82cf53856ab611af4784338c7f5a5c3763d0fb626abdec08fcf75d1cb86a08eb77ddf63b05d3c9e38da8ba1fd95014c0ed2a4a4bd31c157,CLEAR,"DARKNESS, LIGHTED ROAD",DRY,FAILING TO YIELD RIGHT-OF-WAY,2.0,43.5,2.0,2.0
10acf2ef823521e851e1fedf2edf7a6873614a43f2894e838d0d7dd3b8ab472ce259e104302d89ee6d8306eaef318dc91da7876b8178e42105d9b37fea96f307,CLEAR,DAYLIGHT,DRY,FOLLOWING TOO CLOSELY,2.0,29.0,2.0,2.0
10ad36bd096c2fde1386a5d1ac0b8e1c2f70de07504991955f4d62500ee0b7112384e770dbf36c49aa91be7eb0d656b3ddc2aba4723cb7cb5b6111a4bd61200a,CLEAR,"DARKNESS, LIGHTED ROAD",DRY,IMPROPER BACKING,2.0,28.0,2.0,2.0
10ad561562953bfc92f5cd14b4d067a85c87592bedcfb45941fe42c3d46bca2e293a8535d8e9ff10d4d7bb232642060f57776d6440138bc61675948875ea06fa,CLEAR,DAYLIGHT,DRY,IMPROPER BACKING,2.0,23.0,2.0,2.0
10ad5d54ab592cf6ab55adcb32c68584c787732155c1394ed41a727a9662fd00ce4a9c395849cfa5dca919cf902c8be36a53be2b1263a4d57375329289654cbb,CLEAR,DAYLIGHT,DRY,FAILING TO YIELD RIGHT-OF-WAY,2.0,25.333333333333332,5.0,5.0
10ad5f047aceb1906cb7befc758f088cd8e4a58adaeb708d01ac8818c69e391bac22aafa9a90580b561ecd5ce2db9166388d519505cbb4a455bbd0a8b9178d97,CLEAR,DAYLIGHT,DRY,FAILING TO YIELD RIGHT-OF-WAY,1.0,21.0,2.0,2.0
10ad62fdfebdd7b4ae37d4eba02b4c4c564dc8e6e12764b4a9e844b94bc4d797ea49788659ba7b5030d9fb47bb96859b0b595a331250d20a931c1e6902f68875,CLEAR,DAYLIGHT,UNKNOWN,IMPROPER LANE USAGE,2.0,21.0,3.0,3.0
10ad8c1eed9491f4a17a28cfd3640e0c303968761e0d47f711941005098933f8caf0663f6d10b630f5e172da6d57895928ae8603aa5604b7e6f372214250c3d6,CLEAR,DAYLIGHT,DRY,FOLLOWING TOO CLOSELY,2.0,33.5,2.0,2.0
10adbf48cf8275dfb8d0b1cbd9528687cbaeebf8a139faa1992382d9b2d63cff673131a00d0fcc2b5ee4a6f68d5c97eacf9037f41b14fa461ae0989a021d1ca1,CLEAR,DAYLIGHT,DRY,FAILING TO YIELD RIGHT-OF-WAY,2.0,52.5,2.0,2.0
10add65897e0b5d04469fbc596e7398741334c1b757aa823b9fd87b7d033b75dff225945fa8a2175baa61a3a31cd22b650ea278bc7303bb977497363d73bd63d,CLEAR,DAYLIGHT,DRY,FAILING TO REDUCE SPEED TO AVOID CRASH,2.0,22.0,1.0,1.0
10ade7e44c49dfb3d3a291df34ab8a587354a8adcb826e85112cfc36d739c6b7258dad2ab739ec0e5da37408ff8b40a54c44b9a2e9c6ece99d1f385f6fd67691,OTHER,"DARKNESS, LIGHTED ROAD",ICE,UNDER THE INFLUENCE OF ALCOHOL/DRUGS (USE WHEN ARREST IS EFFECTED),1.0,57.0,1.0,1.0
10ade8a1c45f271da92c0983824ca9bc3bde9c7a850f5ab9b45459b617adf815104fecb2b94f3207beef2224b7b24e7d82f9cdbcc2bccc6dc6e0dfd0aa823a32,CLEAR,"DARKNESS, LIGHTED ROAD",DRY,IMPROPER BACKING,2.0,45.5,2.0,2.0
10adef46b8aee8ac406007aea6ab95427968469dabb4cf49b2a6af627150996437411a5c580705c40a96a7139950ce70e351760930a84777818f4c94c865f74c,UNKNOWN,DAYLIGHT,UNKNOWN,IMPROPER OVERTAKING/PASSING,2.0,43.0,2.0,2.0
10adef94dbca91fd8d6b32861cee7318c09ac4e604a3cecd39c87064af1177f24337f0d42babb0ae70b19ded64c8ed939101f334e9b591323042f56240d60944,CLEAR,"DARKNESS, LIGHTED ROAD",WET,DRIVING SKILLS/KNOWLEDGE/EXPERIENCE,1.0,37.5,1.0,1.0
10ae167d45c0a69d14f158d85d5451f36ecfbdacaa189e7252b46f6c8227a94883ae815b796a6aed362923ded0ee81ce5f8cf0b4e28aba4c019b526c7e54e267,CLEAR,DAYLIGHT,DRY,IMPROPER LANE USAGE,2.0,77.0,2.0,2.0
10ae23b8f4d9516189019d2864313334d950b4c58e374d3e59acf78f316ddc7d0e630d11b751127bb6335156799e2e3fb7ba327134ad6ed5779f9586e59cbe0a,CLEAR,DAYLIGHT,DRY,DISREGARDING STOP SIGN,2.0,29.75,4.0,4.0
10ae86c8433997a0a99eeb6d765c79099b799c87a88aaf49af85ee9ed31180c8d95c35a8fae028438e8577bfca7741b925494972cb82b6d3463691ce9494eca0,CLEAR,DAYLIGHT,DRY,FAILING TO YIELD RIGHT-OF-WAY,2.0,34.0,2.0,2.0
10aea3fe40d0f9dd76e95d1427cce8f373aeed6cc3d3969db2b0860fd2497048bbb07bc9cd0f95c6f8f32dd163d4fa0a0e3bce9edb2a1d5ac0d1c338a242b822,UNKNOWN,"DARKNESS, LIGHTED ROAD",UNKNOWN,IMPROPER TURNING/NO SIGNAL,1.0,21.0,1.0,1.0
10aeb9eb7cf4e613966cafcf65097304326dd711b9d58f849a36b2e0a63622d15888bb0a371706098153bb375fd901c6ed7f99815cfad9d835b6403efe88b831,CLEAR,DAYLIGHT,DRY,IMPROPER OVERTAKING/PASSING,1.0,57.0,1.0,1.0
10aebaf25841e253c14f0ab6b83305398e356a2d99838a8ba15b6c0a16f3f3102f1eb485b4576f46b5d2e4e562363cd269047c2b3c062409dc9a1bf0ab1a469e,CLEAR,DUSK,SNOW OR SLUSH,FOLLOWING TOO CLOSELY,2.0,37.5,2.0,2.0
10aed720686ffcb429f61f8c3e23e06f7e7c271c05c1607e314de3e934531323622741861f10029ef7905f5b7ba6bcd4d5a96c0d4e8e79f7dfe985414221778b,CLEAR,DAYLIGHT,DRY,FAILING TO YIELD RIGHT-OF-WAY,1.0,62.0,2.0,2.0
10aef4b94e04ae4e16114fbdf95b641400337469630fe10c984c44538742747e530dee4516034038dcfc15fc3035b7bf8bd44e2d325c428ba26840a1d36a60ed,CLEAR,DAYLIGHT,DRY,IMPROPER TURNING/NO SIGNAL,2.0,55.666666666666664,3.0,3.0
10af2e0c6faa0fe21c372f5a8d4444ce85b5ea5e50b545521b506aa99b13c1e7b95b0115826452ae6755961b4d5ee579c2216bba5fbdd02fe90adfeae588f837,CLEAR,DAWN,DRY,DISREGARDING STOP SIGN,2.0,29.0,2.0,2.0
10af4d3b79062923319a549056c0a18b873287742df628e632369fc48e9dad54508725e8b57bdd19e6feded97fd51d1cb3a8ef9e4d466829e8ff3bfe9d59a786,CLEAR,"DARKNESS, LIGHTED ROAD",DRY,FOLLOWING TOO CLOSELY,2.0,32.0,2.0,2.0
10af6bacb41f9a97b32632517ed91639059e4f7f1db284f2582c378ed608d088032198a06a45a33f1fd96845460c2d7bf44b77ef88cb82bd5cc44f2f204980af,CLEAR,"DARKNESS, LIGHTED ROAD",DRY,FOLLOWING TOO CLOSELY,2.0,52.0,3.0,3.0
10af89a4b7eacb36a79351214a561c44e0913354a1a7d08dc2ed99a6cbc3bad68adf37ccad17c8ddc951a320deca7004175e0701dbf9efb9828305f0608018db,RAIN,DAYLIGHT,WET,IMPROPER TURNING/NO SIGNAL,2.0,49.5,2.0,2.0
10afbc7d0e400b90275d878841c71c1aa54ae8123725fd865c84f9094189e143d903fd3ef3c3d68b3b8d3abd4bae19e20600fc724f1a982548caed8e7093bc15,CLEAR,DAYLIGHT,DRY,"VISION OBSCURED (SIGNS, TREE LIMBS, BUILDINGS, ETC.)",2.0,21.0,6.0,6.0
10afda4f9a58efd5ac4b7cbbade54845c8c75a806043508025e4b53c4107c29a09d88affeef4ecea5ace3309cefaf838eeb86736154416f742dce6baa5be7c2c,CLEAR,DAYLIGHT,DRY,FOLLOWING TOO CLOSELY,2.0,48.0,3.0,3.0