crash_record_id,weather_condition,lighting_condition,roadway_surface_cond,prim_contributory_cause,total_vehicles,avg_driver_age,total_people,total_injured
10afdff2076232436f21f2f71593a38980a3b683fd10d97d4ce9bc85fc4c16168ceb555d719d93c1f97ef33ef21af49f3c72fb434a33f0301e1e80e2fd57e12d,CLEAR,"DARKNESS, LIGHTED ROAD",DRY,FAILING TO YIELD RIGHT-OF-WAY,2.0,35.25,4.0,4.0
10afe472aa37ee979a366cebd8e9d74f1e08b11c00ab760ac566d133446f26a09431cb10debfc1d71880d0e5ee50cb7f916f8ccef7ea41534dc62a33cda62127,CLEAR,DAYLIGHT,UNKNOWN,FAILING TO YIELD RIGHT-OF-WAY,2.0,56.0,2.0,2.0
10b00489782fcfb44900ed6a5ce525a884cdc87ee6407adc0147c5d5e919c57b461ddd1fcf7427bc0dfc673a029032aaa3b58972cf6233027b48272b6698285b,RAIN,DAYLIGHT,WET,IMPROPER OVERTAKING/PASSING,2.0,62.0,2.0,2.0
10b01d639858440e6063ba2da0493d2e828f3bace0381974f677c317a7c308470689f38b26a3f96c524eeddb9959de0d6f763f9a3accac14e6186439033c7263,CLEAR,DAYLIGHT,DRY,FOLLOWING TOO CLOSELY,2.0,60.5,2.0,2.0
10b02a63c555ac5ba472784cc7300a6e11ce76cf8790f94a04091cdbec97266f0e78c2f57f007073381f01902215af3bf3440cc6b0004db027e22fe98090ed65,RAIN,DAYLIGHT,WET,EQUIPMENT - VEHICLE CONDITION,2.0,31.0,3.0,3.0
10b0528be2699c0d28b4ee378febd3123fedc83928ab23c79e4188810f2afa5bc3100fd2a741bb59e7edd3de7a150dd62f6deee04947fa071f23135d026bb05f,RAIN,DAYLIGHT,WET,FOLLOWING TOO CLOSELY,2.0,40.5,2.0,2.0
10b07e74a71183dee199f5f54952f3af42f579faa2edd4928d1a1fc4b43414622ca931b5e21c5ebeefcc5b2031aa03a992d824393eebad415bf81b8a491bb4a2,RAIN,DAYLIGHT,WET,FOLLOWING TOO CLOSELY,2.0,25.5,2.0,2.0
10b0925c41988707bf227d0ba25575d370a6383838f4128548ee32eaa2fe2d621075c97f0dfc8bcdf13c28bf4bd350661a6c95848c4f4c1fffac552b728b498e,CLEAR,DAYLIGHT,DRY,DRIVING SKILLS/KNOWLEDGE/EXPERIENCE,2.0,37.5,1.0,1.0
10b09474ebf73e28563e9761aad87c67fc2d8b8bcee4f5a4d439a761b2cb64ab995ea71fddb99ba3a0edd056e6492d0323afd05c90eaef12eef3383a7c98a540,CLEAR,DAYLIGHT,DRY,IMPROPER TURNING/NO SIGNAL,1.0,37.5,1.0,1.0
10b09a02a1c0a06054f03c83cc10c48f7631c25c0a278782931f1c8decee3393134549a6e1d1f01393fe7e8e86379aa6c076b6724b590312a217000f27196288,CLEAR,DAYLIGHT,DRY,DRIVING SKILLS/KNOWLEDGE/EXPERIENCE,2.0,22.0,1.0,1.0
10b0a020d7d5080c393f12e2a0c738d421c98a64f3a3d4d693db1e36794efd101aa0639c3a5cf7821273329f7bde9470d1d8af948961bba01fbc8f8f36aaa74b,RAIN,DAWN,WET,DISREGARDING TRAFFIC SIGNALS,2.0,23.0,2.0,2.0
10b0eca4f8fc4bc4cda888a061991b2a52f91e51b1e086ba79c6ea460a738ffebb31b4edc86c6c06a40a2fd7e1907a06af85f0e6f8a2fcd5d3aefb02db185b3f,CLEAR,DUSK,DRY,DRIVING SKILLS/KNOWLEDGE/EXPERIENCE,1.0,26.0,3.0,3.0
10b11062075b7443cab348418bad34ff71bda654c8945704b30b0b72f854eefd5787f9791b1b6aaa118b3023d2c7114f414a8ea421a4d814c8d132f79fad3116,CLEAR,DAYLIGHT,DRY,FOLLOWING TOO CLOSELY,2.0,33.666666666666664,3.0,3.0
10b16d88397f06fe3051f8a6a3f2aeb0fdf771100ef91fe461aaf575d89766a9f81ce075c7800f6c3ef8eeb3a19980306e8d5c877575740e5880fc180f1ab87c,CLEAR,"DARKNESS, LIGHTED ROAD",DRY,FAILING TO YIELD RIGHT-OF-WAY,1.0,44.5,2.0,2.0
10b18238a5fde0582bdb5ee37713f3ec7eee630c30ef519f104d25811d384b71dfa3fd3c20e3fafcb7b6b83c65a48d1a1e29376150212159805b3616c624e551,CLEAR,DAYLIGHT,DRY,IMPROPER OVERTAKING/PASSING,3.0,36.0,3.0,3.0
10b183f2dce3401a1b5dc724f82e36c965f3bb6fbb9346a0dc6e165f2da050528eb0897bf181e85a7d72edbae027e32d1bd157afad44fca5f6df70d598e76767,CLEAR,DAYLIGHT,DRY,FAILING TO YIELD RIGHT-OF-WAY,2.0,40.5,2.0,2.0
10b1a623d2384d6a78342f12bc33bc2881ddd4cb659d1968dd0b85812e9f093c2221072655092925204e1b6b8b3150d0fcaecb45b527947c514ef7aa207cc256,CLEAR,DAYLIGHT,DRY,FAILING TO REDUCE SPEED TO AVOID CRASH,2.0,33.5,2.0,2.0
10b1d66ff809bbdcab2d37383772609b3714b67b1f368cc3e5ab7a645ea5cc2c1c2bf8533f4abb595166dbb1b96c88826f2840be6343fb6c34b2b364f4b70440,RAIN,DAYLIGHT,WET,"OPERATING VEHICLE IN ERRATIC, RECKLESS, CARELESS, NEGLIGENT OR AGGRESSIVE MANNER",2.0,46.0,2.0,2.0
10b20e7e03d33519af4dc4447d749fd0f0edfdea1b6358c47ba05388a3676fe407b43df8d7d1f2bcd7e72268ae6b8fa66e335f5a8936c0c96663d1b72242243e,CLEAR,DAYLIGHT,DRY,FAILING TO YIELD RIGHT-OF-WAY,2.0,25.5,3.0,3.0
10b2484a4b17621bf3a18eee8a463a3aa9fbbe496e3d6c388a9d2f8dc3f5be267b09667bd8b8986585c8907af31489fc74eaea8f3d9e033efc848665a8a2c235,CLEAR,DAYLIGHT,DRY,EQUIPMENT - VEHICLE CONDITION,2.0,51.5,2.0,2.0
10b256f70b0eb5eb4b54d72e77362a0c465718cba1860d74c2b1fba5a1003c966a81ac305fefc1052a03af0975b371f39206315655773508a7d2d84f32497f8a,CLEAR,DAYLIGHT,DRY,IMPROPER TURNING/NO SIGNAL,2.0,35.5,3.0,3.0
10b27c349fc7f0b6425f941d5841bbd7de786b46a871eb4b94d4ec7ca48c1de2ed1d74c1a22d0c513fe0fd3c5043f48f88d6adb079553bbd9d7e0f4062da7864,RAIN,DAYLIGHT,WET,IMPROPER TURNING/NO SIGNAL,2.0,37.0,2.0,2.0
10b282c9f38372a3a5a736bf91c168d3e67952d37c1fc45ef8c2bc5dfc37447405e424733fffa31b8637da1f451bdad0cd9cd4a44b8dcff585f44c2f50b1bdec,CLEAR,DAYLIGHT,DRY,FOLLOWING TOO CLOSELY,2.0,36.0,2.0,2.0
10b2876e240bf23ecfac3d6d650c90d124f03c05167ffed03951e7118e8ef1bf8ec19eb756baddf4dc9332b5aac6700d9979fe71012969d5b54b6c09e831674e,CLEAR,DAYLIGHT,DRY,FAILING TO REDUCE SPEED TO AVOID CRASH,2.0,59.0,4.0,4.0
10b2a66fee22f2dbefbbd174def6cfbc0b557bc7ceea34dbbd14979c0a310fe4f83260a1c10191982af722c0d21ba12b904d5562cec7c010019098ee12cbd2cc,CLEAR,DAYLIGHT,DRY,IMPROPER BACKING,2.0,48.5,2.0,2.0
10b2cdc68e3ab37dc69a09405e93ea6247a747133bf4b4873b1470229323e0f6e4091a3e42f422dd89919849cd9b2a9b5e2d1987bdbedc6ed2f0d1aee0416b77,CLEAR,"DARKNESS, LIGHTED ROAD",DRY,DISTRACTION - FROM OUTSIDE VEHICLE,3.0,26.0,2.0,2.0
10b2f023cffb98d073c5e6e4f407d919f2e257e8cf44337ccb76ef1ad5e94e3775bf8173def7852dc4711506be31844899911a5d1eb3759d9ed6994d51b12dd4,CLEAR,"DARKNESS, LIGHTED ROAD",DRY,IMPROPER OVERTAKING/PASSING,2.0,24.0,2.0,2.0
10b350c71015474fa67819cd123ccd0ac43044f4661ccd9da29cfb78246fd33001b48f7524043bd3c78a6be52bf1a353c4ebb306a0294f274b481ca5b5eb5a32,CLEAR,"DARKNESS, LIGHTED ROAD",DRY,DRIVING SKILLS/KNOWLEDGE/EXPERIENCE,2.0,46.5,2.0,2.0
10b35478422a132e7cd5686f436d0a50b7941844a4a31613250ee208d8b30a4e116ed6f409a0058222b9fbe2330de05b93515f6ac35b6bfde13d3e21e25191c6,CLEAR,DAYLIGHT,DRY,FOLLOWING TOO CLOSELY,2.0,36.5,2.0,2.0
10b37d60ef987e8583994f5994956b75c6c6a72d338d39f86bca774ddaf8ebddb1697895d58f9d4d53f5ef76d3018871e1cedfa3813d1088d7a916361b2368a4,CLOUDY/OVERCAST,DAYLIGHT,DRY,"OPERATING VEHICLE IN ERRATIC, RECKLESS, CARELESS, NEGLIGENT OR AGGRESSIVE MANNER",3.0,34.666666666666664,3.0,3.0
10b39a72484c72a191d74ed4546afb3a5020600556f8f920e3f31841583f004d1be509bb7d893d97f4846edf7d94f6ca46af282b57393442bd37fb64fa0ec4f9,CLEAR,DAYLIGHT,DRY,FAILING TO YIELD RIGHT-OF-WAY,2.0,18.0,2.0,2.0
10b3d31a8753c41ba62f73b983cb18cb8b60c5d30214128210fe443086d1ae178c939bcda9eaf8f614a982f4d101defccf8e5405c3ff95e69a8d93ccabc789bd,CLEAR,DAWN,DRY,DISTRACTION - FROM OUTSIDE VEHICLE,2.0,40.5,8.0,8.0
10b3da62a3740a188d7a25c15b0068356db969034ef1e2aae9da145e17a074766c97ac3447dec6f7838d6e4949fef90f282da01bf30dff5acef47208822c2e59,CLEAR,"DARKNESS, LIGHTED ROAD",DRY,DISREGARDING TRAFFIC SIGNALS,2.0,22.5,2.0,2.0
10b3dfe067bd65fefb629398b6db05a9c2f5d5e5abfbddafd465b5c462ae59718b614ed1fb7a08d0557cb94fc98757ebed10ee549228d64e357004bcd5688f4c,CLEAR,DAWN,UNKNOWN,FAILING TO YIELD RIGHT-OF-WAY,2.0,50.0,2.0,2.0
10b3fab4de5bfb6ab2ead898ab2031b2cd7878492baebb3df9eb74a44e75b2a3b81a8dc1ea43b4d34c9a6b9704cd09cac08090dce3356489fd27d4bc51157a88,CLEAR,DAYLIGHT,DRY,IMPROPER OVERTAKING/PASSING,2.0,44.0,2.0,2.0
10b404ab7c2a035417e2670d58685396e3653106cc82f039dd1d9272aed9bcc49ef56bda4aae6d32893ca40bb1b1801e3649a168da5cc9e10ee27d97e3b85ea3,RAIN,DARKNESS,WET,"EVASIVE ACTION DUE TO ANIMAL, OBJECT, NONMOTORIST",1.0,39.0,3.0,3.0
10b423d1e2b4f6b0bc627463bcf5f9afa85f87ec38c32429df905e95032c623d2b2915f835dd713a3b7f5e6688e795f587e89cf7feea99c859ce7e5a663ab1ad,CLEAR,DAYLIGHT,DRY,DISREGARDING TRAFFIC SIGNALS,1.0,37.0,2.0,2.0
10b43092c1f22ca636310d5d78b3a2e3e9e22509cdd8960afcbb9c8075953ebdfc264da986eff560d9b33651f9ca14ac503c7061eee4fe62aef61d66c8d3a6ce,CLEAR,"DARKNESS, LIGHTED ROAD",DRY,IMPROPER BACKING,2.0,46.0,1.0,1.0
10b47ba2ba1623b8dbcc6fc72a27284888c23acf95e8858dccc03a202460d1b2f13c6e704511fc3d46d8b43afe137ecb05d20963d00c3ce7c2530d836fbef246,CLEAR,DAYLIGHT,DRY,DISTRACTION - FROM INSIDE VEHICLE,2.0,66.0,2.0,2.0
10b47fe3b8e232d6b94ce68f7c2daafdb8f894e58e164d3b649f154fcf6dee69fa0c288bb0decdd29be5c32a2faff6a081681817c87aca29a329d15f8e5b13d0,CLEAR,DAYLIGHT,DRY,FAILING TO REDUCE SPEED TO AVOID CRASH,2.0,48.0,2.0,2.0
10b4a4b2ff276e532daf05f90a93b142a2791067b12217c3ddf6301678eeed7a9612e61db9af8aa367e3c3b513a47d2a072d5bec940bb8da3cc5a3f5d217459d,CLEAR,DAYLIGHT,SNOW OR SLUSH,ROAD CONSTRUCTION/MAINTENANCE,2.0,37.0,1.0,1.0
10b4f09f566555dc3ca5bfff01398683cc847cec1277b1d33692d8f18fbefe887ee4ea32c67bedcb421cb1bcf9544fb18f57bec18fc6f930c98255c5eaa4e1bd,CLEAR,DAYLIGHT,DRY,FOLLOWING TOO CLOSELY,2.0,30.5,2.0,2.0
10b4f9e4db280241cdc0dd3a6433bab2bd424e035d8eff68c8d76ef968ab489b96c7407d418964cd82e29e14f713c4f38e9dca384290a2ce2563617fb04272a1,CLEAR,DAYLIGHT,DRY,FOLLOWING TOO CLOSELY,2.0,42.0,2.0,2.0
10b5140321ce2d2ce11e36a50f42463723b2b9c208f854850408ac7666c65e997dd45759c7d6a788dd68174a4d19453318260f3318731cb8a4c3778a2a170f54,SNOW,DAYLIGHT,SNOW OR SLUSH,IMPROPER BACKING,2.0,34.333333333333336,3.0,3.0
10b55b278cb0412c20bc82fce14cdd1d97d9dead883a10c6ee93e634a4cf772b9511101313c924e8267c63721ae072280cff5e6ed3c7034763f9e996232c0d51,RAIN,"DARKNESS, LIGHTED ROAD",WET,DISREGARDING TRAFFIC SIGNALS,2.0,22.0,3.0,3.0
10b55b375d6f81a988a56ec9d19c8594c20e9cc11e05a240d5a4199dab01dfa508cae8ae9650de7329634243b569a475fb9ae271e193097fef20104427d5a527,CLEAR,DAYLIGHT,DRY,FAILING TO REDUCE SPEED TO AVOID CRASH,2.0,27.333333333333332,3.0,3.0
10b57abfd00d6389950401a40166e0f8f0db5900cabd30961768788ec9c4742235279dc2e6cd1d1ec51b9519790969dd495375fb01435987b0fa92a6e5c06ea5,CLEAR,DARKNESS,DRY,DRIVING SKILLS/KNOWLEDGE/EXPERIENCE,2.0,37.5,1.0,1.0
10b59bd0ca2e5391927d51cf31b0dab1ec30d78b776cd633f7898621b50ed430821febbde232f40d178381946b77fffeea56e0258c4b8482fd47802510ccf9b6,CLEAR,DAYLIGHT,DRY,FAILING TO YIELD RIGHT-OF-WAY,2.0,75.0,2.0,2.0
10b5c0b28a0968077178243a972c4741caa609559ddc3b1031640cbb077f51b832c759f768127d301b939a9017476757f3ee2c1f3a09dba4308062ea54788338,CLEAR,DAYLIGHT,DRY,ROAD ENGINEERING/SURFACE/MARKING DEFECTS,1.0,27.0,1.0,1.0
10b5cff09b5c9d9d0e6f926d6f0ad531e4a18d99e77723cdbf510dcb268f85df7ec1d39cbc5d73f22ef8ff13e458e5503d143d85debd48f7b00da98e5ffbb226,CLEAR,DAYLIGHT,WET,DISREGARDING STOP SIGN,2.0,41.5,3.0,3.0
10b5da7f62cf3b61eeea474f706b1c49d3106df8e8e5d9168d3459c22ff48f32460288cc645dfd141aca2d3615772350d32b0411e867e250c600f66476eabf35,CLEAR,DAYLIGHT,DRY,FAILING TO YIELD RIGHT-OF-WAY,2.0,35.0,3.0,3.0
10b6363b7805d2c40ec97f5f8cdb0f03bded90a210379ca66f95518856a8d8f087e02e4ce9cc2309873d45dbe8a2cf3e15982274fbe8bbbb08e9d4d0ba34e650,CLEAR,DAYLIGHT,WET,FOLLOWING TOO CLOSELY,2.0,32.0,2.0,2.0
10b63cde28fc101a9324f8fb410b9fcf48da94f4649b009f3c3b9c3d68026a6ff4a366f466844896701898e51d23ac87f537a57ac3a9f95f2968dee0fb7f2e40,CLEAR,DAYLIGHT,DRY,PHYSICAL CONDITION OF DRIVER,2.0,73.0,1.0,1.0
10b6416fabb4c6e46b4540fd0cf6a2f33b9c0c3ff6a85179a4a36641cddacd0333b8e30becb12204f4346b55b05895d10731aeac64c08563205615f3fe119834,CLEAR,"DARKNESS, LIGHTED ROAD",DRY,IMPROPER OVERTAKING/PASSING,3.0,31.333333333333332,3.0,3.0
10b652d9f7456e27b67c8b2c34f0fc0b184600fe1d7eecac9cd7abee5319e55cf90b3cb48243ba6f633703e5f5ba8667147a20ec1f74e15199705b34c3c1e656,CLEAR,DARKNESS,DRY,IMPROPER LANE USAGE,2.0,52.0,3.0,3.0
10b661eb995235039a666c3982edbabfca4f36203dcc0a83419f89c00328c9a13c984095ef9c933abd564b1d8cc6db53e5d91e05d82719642a1f78df3959b3f9,CLEAR,DAYLIGHT,DRY,FOLLOWING TOO CLOSELY,2.0,15.5,4.0,4.0
10b689c480b8d40463ee46b61ff63da25ffd9e96803b7132f29050c9cd14c182e7d26136571d358d9bcb47ebbf51d3df1cde724633671c5d48a993979491b588,RAIN,DAYLIGHT,WET,IMPROPER LANE USAGE,2.0,41.0,2.0,2.0
10b68f46d22cc5eb96adefa199997b1ffb321b534e029c95ccdb0ddbaccac2ecab72e049f4f2d6f5f2fd2c588ecd62a3640ddf7d051d5ba9c0f9a0cae0e6df5e,CLEAR,DAYLIGHT,DRY,FAILING TO YIELD RIGHT-OF-WAY,2.0,28.0,2.0,2.0
10b6dd9eae9131b94e921326e5d7d7d6c4608d1b5fc58adaed8bfe6511ee3c9e625017f5ddbbb75b06bef48879ce925965b766f4afeed99e2b43c9b1bd480424,CLEAR,"DARKNESS, LIGHTED ROAD",DRY,IMPROPER TURNING/NO SIGNAL,2.0,24.0,2.0,2.0
10b7065e1c55dc8e04fa7cc8fa77d9dbe575174ec0599e233087f2bb9fb83c1bcc4fcba80f13825606bb0bf8c3c345cf58f402dec65fba7f8f8c27c227a5509a,RAIN,UNKNOWN,WET,IMPROPER LANE USAGE,2.0,37.5,1.0,1.0
10b715c282f5f16e148b76f692a80db6229cb1dfa7288228385e11066051eae944e82b8858fd3fe08dc50385a9bb0ae85b466eeea338ff96d514ad743c31eedc,CLEAR,DARKNESS,DRY,FOLLOWING TOO CLOSELY,2.0,36.5,2.0,2.0
10b71c4f80c42e7185cd30e3faf8091bfa9b453fb8a1841143d8482e328c14b53a606bcfadf16aeee52f3beb678c6aa7cc159638dad68b623be9d8e82d9df7ae,CLEAR,DAYLIGHT,DRY,IMPROPER LANE USAGE,2.0,38.0,2.0,2.0
10b73268ad02dda1cade39f05d0f3b537118716329c558677c1ef86b36c7a4edd130846581709f0d90c838a9e561595d5281f2f03ef1770b0f6a3e26f25958b7,CLEAR,DAYLIGHT,DRY,FOLLOWING TOO CLOSELY,2.0,49.0,3.0,3.0
10b735b06e3df6e1e22dd35c9798689b0627ef70cf561fec73a9e12faae44e109124faf8afb9fe37f995235eb95dbe5266ee7baa187b93c6d5e8d5d76de41962,CLEAR,DARKNESS,DRY,FAILING TO YIELD RIGHT-OF-WAY,2.0,54.5,2.0,2.0
10b7537749657d4ec8c158e44546c3d7090d688532f9be55153adad5863abb9efec2f86d74673596f6aca1bd8c353c5c112300637e7f7ad7782879dcb2331a3b,SNOW,DAYLIGHT,SNOW OR SLUSH,FAILING TO YIELD RIGHT-OF-WAY,2.0,34.0,2.0,2.0
10b763de7db6c536df8a9b073917c9802f951fecbbdca7b946dc6bcfcd086927a9d579eefb715241685a48963ab99a19f4f1b658644e7a4145f11d266ccddd0b,CLEAR,DAYLIGHT,DRY,IMPROPER TURNING/NO SIGNAL,2.0,39.0,2.0,2.0
10b7686647eb03dcf4bdf772b90d6e64b2b156d7222e8056c7d201500252c682e01a77da36840306368f529bcb55b4343cec158aa7c6e0db160328094fcef5d8,CLEAR,DAYLIGHT,DRY,DRIVING SKILLS/KNOWLEDGE/EXPERIENCE,1.0,30.0,1.0,1.0
10b77e9586b1318bda445741b521ee6e932a5979ca5107414c0a70e5744b6bdbac31b424212c516b61136cd3207f5e1df04d54c6dba1ed9a5383121d446a7c9d,CLEAR,DAYLIGHT,DRY,FOLLOWING TOO CLOSELY,2.0,50.5,3.0,3.0
10b7ae2fb58f0c7699acbccce049bb373ae0889e821687f1785fa17d16bfed2b8e9e984f6310592bc8e3125d7b4dcacc0a14f4cfae73f18532c53867459d524e,RAIN,DAYLIGHT,WET,WEATHER,2.0,37.5,2.0,2.0
10b7e4bbead75e5acaf3d6c259711f2895a5662e0c238e943278a57c0ea23173a4336d41b53b7877c58829bed2d8576d622df15d26c4de8feaf177bce749e430,CLEAR,"DARKNESS, LIGHTED ROAD",DRY,DISREGARDING TRAFFIC SIGNALS,2.0,23.0,5.0,5.0
10b82f6541feba83524d4f4d37c28ad7dd56af5eaa53a8cee9aefd2d729daccfc6eb81b65dae4b4413688835bd258492d2b5c1824209c65caa0c0ad5372bc7b4,CLEAR,"DARKNESS, LIGHTED ROAD",DRY,IMPROPER TURNING/NO SIGNAL,2.0,29.0,2.0,2.0
10b8695d33572df729f2ec4b82b6c01d02eb79e0aa3819c94185b5d103f7f5d29b0992e82373163dfef0b0e47717994b6d9296f639eccfa6891353c86ec9e176,CLEAR,DAYLIGHT,DRY,IMPROPER BACKING,1.0,59.0,1.0,1.0
10b870421169e73d2b525a3bf6c5fae05d6a8aff5b3cc3cf12d847ef0d9fb83b6928e0e5a83f395dbc795ea67feb8e4caeda397619aaeef45425288c7451656b,CLEAR,DUSK,DRY,"VISION OBSCURED (SIGNS, TREE LIMBS, BUILDINGS, ETC.)",1.0,70.0,2.0,2.0
10b8733e1941681977c5a1210d115d9e7b64df2d83cc179941f246207481caf85797a1dcddd404ac96b64ba637255f11c28e72f23e8026a0a4171bec2ce163d4,CLEAR,DARKNESS,DRY,FAILING TO REDUCE SPEED TO AVOID CRASH,3.0,0.0,1.0,1.0
10b8a442b0a59c4f14ff78729a759b3b2fca60b61151a96ef389bf1c33b31eb66c19efaada37ce2ada5c161221417d4871033421d639e2fa3473ac3d21ca2e5f,CLEAR,DAYLIGHT,DRY,RELATED TO BUS STOP,2.0,39.333333333333336,3.0,3.0
10b8b8431f76f8376588901fc6dd9b10e782b8ac2f57c5a640c5281e702913e6aa6e96627e715f03ae4d43796ed8e38fe8bc2506d076b4a5000d56136fc6632f,CLEAR,"DARKNESS, LIGHTED ROAD",DRY,FOLLOWING TOO CLOSELY,2.0,39.0,2.0,2.0
10b8c55eec4c4b55f9bb4b23e8e72fc206e4579023eb201042964f5379166a19d842a392542321da65a9259567481780414f8be5e5ae282ded71ce6c66f07bb2,CLEAR,DAYLIGHT,DRY,FAILING TO YIELD RIGHT-OF-WAY,2.0,21.0,2.0,2.0
10b8ecfcd9c0d178f15531735f15777b684433785e80b2a946e08fb84966619d5d88bb2650d2941fbf0aa13c45b650f9553c499242d23f1ce1ebd1bc82761a2c,CLEAR,UNKNOWN,UNKNOWN,DRIVING SKILLS/KNOWLEDGE/EXPERIENCE,2.0,37.5,1.0,1.0
10b8ed807b1b495f66d907aa0c896b07ca1d6c9bc47428b4a6407b7544dc6f3f8c0bb69564dc52c482b099f48a6a22759c0bc6b125df01ff6c05794a977d9f62,CLEAR,"DARKNESS, LIGHTED ROAD",WET,FAILING TO REDUCE SPEED TO AVOID CRASH,3.0,61.0,1.0,1.0
10b8ee7a5738527f72d80445b04c5dbe622fd007424ff68101f7109fa4dd1c3d5e1c6f13173754e40c8392038a4661033463549f712245db4f37b55076c85230,CLEAR,DAYLIGHT,DRY,RELATED TO BUS STOP,2.0,56.0,2.0,2.0
10b933271ce1b5244141bb69e527b7558028e9c40c902cd0ef5283d0250a4ac234bf5d5f7c6661be3b0c39e66cbd368b1171975eeb515f7c45d8c0556bfb2d5a,CLEAR,DAYLIGHT,DRY,DISREGARDING OTHER TRAFFIC SIGNS,2.0,33.0,2.0,2.0
10b9376adb4abce98908b6db02301bce50055fa55ac1c3f844cabf9c76706afe3e20b6d68d08c793eec2e582a13b7b6b518f7f2b94d442b9368abe660a2f89cd,CLEAR,"DARKNESS, LIGHTED ROAD",DRY,FAILING TO YIELD RIGHT-OF-WAY,2.0,31.0,2.0,2.0
10b94f284e6c96dd0e5d85d7d18f2614137aca063e318dab8ce0d480ebe102daf9d4779f56b6c4c939d2e5dd46cde1ce8eba8b840b60ddb7055367f4d9fe059f,CLEAR,"DARKNESS, LIGHTED ROAD",DRY,"VISION OBSCURED (SIGNS, TREE LIMBS, BUILDINGS, ETC.)",1.0,58.333333333333336,3.0,3.0
10b96b2080b1e3d583e0c4a2c9c64fca0452a263bc706aed8cd4c4e166aba5db559aa51dd254f31451170e6829fc87703267cbc66784f500ef5e6d91cd3e26eb,CLEAR,"DARKNESS, LIGHTED ROAD",DRY,FAILING TO YIELD RIGHT-OF-WAY,2.0,28.0,2.0,2.0
10b984e8c783e1f83f4638ed2e863b260a0295fb3dee1a1a0766a79f7dd3085b61986dca395fcdad8b1f7f380f0111474d03d8eab6288bd7573e5e4b91a40a0b,CLEAR,DARKNESS,SNOW OR SLUSH,IMPROPER OVERTAKING/PASSING,2.0,33.0,2.0,2.0
10b98fecf1faad440d2a19ecb0b826315ced9ff97a4192b7ddd83bbf8d1bc6610243f7dea6b37e977a3a15e7ba8405b02ec26e9d262481e8aa8aaf142a190729,CLEAR,DAYLIGHT,DRY,FAILING TO YIELD RIGHT-OF-WAY,2.0,26.0,2.0,2.0
10b9c5d878d244d012351527db5c7bbce90144127f27f041ec72d6de8c0e81ca2d59f53e70c91b545962a467b68508dad6b7b85a197fb1b41f40c6014b8c3e25,CLEAR,DAYLIGHT,DRY,IMPROPER BACKING,2.0,44.0,2.0,2.0
10b9d994b632c989378f0c1d27e7bb93b08fdc207a2f06d2b621dfd440e9d650a78ea310618a902a4097cf0a8b2cca9aadffc169df552e297d129e08219274a2,CLEAR,DAYLIGHT,DRY,DISREGARDING STOP SIGN,2.0,37.5,2.0,2.0
10ba20967ad90c4c293d8d5df94f7b846c8151971e136720fe8b50d88ae142d9e2ad40f5889adec810d3703595b4a840deed64d82443852ed79e2a3d5e7b9c7b,SNOW,DARKNESS,SNOW OR SLUSH,FAILING TO YIELD RIGHT-OF-WAY,2.0,20.5,2.0,2.0
10ba31ee7cc7b9be7251fa0fb2ff8db6d2951dd2a1780b03f08d2388cab1f6ce1414162384eb6e4553bd060b973f61413db25592678b9cc375b1c8cb6d93bf48,CLEAR,DAYLIGHT,DRY,FOLLOWING TOO CLOSELY,2.0,48.5,2.0,2.0
10ba9a6396d5933c31539728989f4117fb1c89dd9f87f76c4cc09f6d9a796470a8a2ac0d030fdfbee8abecb15597b60cac71c06143d4fa74e4b7de5d152dbb53,CLEAR,DAWN,DRY,IMPROPER TURNING/NO SIGNAL,2.0,37.5,1.0,1.0
10bad2f03089f74ede2a6ebd4251f43dd4bf1c405d7c730aead15e5e80a51b3589121f4401d1046ed02257babab1c7e389c30f273d03263c7aa07b6283885f4c,CLEAR,DAYLIGHT,DRY,IMPROPER OVERTAKING/PASSING,2.0,46.0,2.0,2.0
10bad7e8cae02c42373f6006edd34c8092ee13c4708d636d4a392533b6f36d91c14cdecac885160f6a5d11d5fa210c60e32f1f15ed98d57ec90db6ddf727663c,CLOUDY/OVERCAST,DAYLIGHT,DRY,IMPROPER OVERTAKING/PASSING,2.0,41.5,2.0,2.0
10bafe51c8a1dd12416b03ae36290ae3c030a23f89164658dd83ccf508c1ce366b3fa558ad3c863dd1a3ea2f3534ffa77b23ebd5dc06f32b27545cbf6599718e,CLEAR,DAYLIGHT,DRY,IMPROPER TURNING/NO SIGNAL,2.0,37.5,1.0,1.0
10bb33f58f695b7d375c1523577082d4e0118cfd55e2bc76a8287ee9c8fdb1560b157ead6b5dfc5c4168c9579de61096a672afb4822beca2b071503e2c20e812,CLEAR,DAYLIGHT,DRY,"OPERATING VEHICLE IN ERRATIC, RECKLESS, CARELESS, NEGLIGENT OR AGGRESSIVE MANNER",2.0,57.5,2.0,2.0
10bb3761a346ecf67daad1c3df92073dadeae4c3868bac140d30853c043722b1385793262130735343c81b2e7289e0ffabec5486220670ba7f69a1e5d893a6c6,CLOUDY/OVERCAST,DAYLIGHT,DRY,FOLLOWING TOO CLOSELY,2.0,55.666666666666664,3.0,3.0
10bb49f3e60941d0e0c0f43f7bb497b94493191091ca17c087eabf7727c12f7066848b8f02b27d853c1988bab8fdcf91ca490f2e94b4fbeadf6323006f5aa51e,CLEAR,DARKNESS,DRY,UNDER THE INFLUENCE OF ALCOHOL/DRUGS (USE WHEN ARREST IS EFFECTED),3.0,27.0,1.0,1.0