crash_record_id,weather_condition,lighting_condition,roadway_surface_cond,prim_contributory_cause,total_vehicles,avg_driver_age,total_people,total_injured
10bb570d4ae7580f982c642e17e7ed06829122ade9bb90aec2cc5a317806987b6a91bd994a992a9ed1742fa62d550944855beba2da897ec2d7f6a03f9143437f,CLEAR,"DARKNESS, LIGHTED ROAD",DRY,IMPROPER OVERTAKING/PASSING,2.0,21.0,2.0,2.0
10bb856dcd8c1ce24aa984a6e18023b619bffaa338ce9c61e68810ef191902292b94adcaf96983368a00ca566d343c6ab2ae22261f2f97bf97bcabe683566693,CLEAR,DAYLIGHT,WET,IMPROPER TURNING/NO SIGNAL,2.0,32.5,2.0,2.0
10bbacc5b2b8d0ef0c1279c8c80f3e0e47a69270248e2fe94e87ca63523cf3657a55a7aa7c31a7f3b01d51bde62721e6340c43aacbf0937bbffac90783069846,CLEAR,DAYLIGHT,DRY,IMPROPER OVERTAKING/PASSING,2.0,53.5,2.0,2.0
10bbe7cc24b0cd2efea2c83703c38c664a0863ff3e55baf08b0e44f8a542a9efe9936b59edcfa7003aaf0f18328b2f4cdd94fad09620069468a6618ee82758b7,CLEAR,"DARKNESS, LIGHTED ROAD",DRY,FAILING TO YIELD RIGHT-OF-WAY,2.0,29.5,2.0,2.0
10bc3bb9608c42067d8aaaf22e73e439b862e2662f49acab022a769631b19507feacaeecb430989141e7a4fa11b8d359b9da8bbca9667224c233436b62554d3b,CLEAR,DAYLIGHT,DRY,FAILING TO YIELD RIGHT-OF-WAY,2.0,53.0,2.0,2.0
10bc3f7ad7d0d43df29f71ebeb693726f32b87c99a95e68bcdd65bf7629d9ccb3a9606d05004abdd7174697e1c13d6eef17886c92649675d106ffde91382251d,CLEAR,DAYLIGHT,DRY,FAILING TO YIELD RIGHT-OF-WAY,2.0,33.0,3.0,3.0
10bc5491942efa723094360f7571a358c31bf85f3cbed2b435258510a96372238bdafb0275191f9463fd9fa77288cb52f5936b40a3e874ae61a7198bc16eeb65,CLEAR,DAYLIGHT,DRY,DISTRACTION - FROM OUTSIDE VEHICLE,2.0,46.5,2.0,2.0
10bc5fdc850c0b174fb5dd9c9183474052a33bdca5dd4ad36f541e75b4ec70993659ec2bd47c47aa9689e3a561b4badc593fd8c0eb5e52d84e14b2a5a85280e7,CLEAR,DAYLIGHT,DRY,IMPROPER OVERTAKING/PASSING,2.0,55.0,1.0,1.0
10bc7ad19298c5020a133da04d12989c3e62708f402dd62efb77f4e0808c1500ee027c7f86ab660738d03c3a0fbab8e46f81c05f1d091325d9514202fc9e571c,CLEAR,DAYLIGHT,DRY,IMPROPER OVERTAKING/PASSING,2.0,49.5,2.0,2.0
10bc8ad6c4679906f108327a07aa8a87a6790a6703615ba2541a363be0074c63d0693e0ebb78c90c61c4a89647f9438798b1094503dc9ed0c64022fca773cd5a,CLEAR,DAYLIGHT,DRY,FAILING TO YIELD RIGHT-OF-WAY,2.0,46.5,2.0,2.0
10bcc0e0595e72e361fa92a720b53d45f2eb9a1f93339e40b028e261a7310a9b1f0d2772d6a2104cc8f15593284127d7386bd8c0d4c1ccbf63026ad24659d5f8,CLEAR,DAYLIGHT,DRY,FAILING TO YIELD RIGHT-OF-WAY,2.0,32.0,2.0,2.0
10bcc4207d1bd9266b0199a93b3d349a91b5e7e54d04eb06710f55f07d6cb61130706a858bd545b4035852c5e1e39dfffec1547dc0e3504ce652a0c59e1dc549,SNOW,DARKNESS,SNOW OR SLUSH,FAILING TO REDUCE SPEED TO AVOID CRASH,2.0,40.5,2.0,2.0
10bcc7cdee02ab50e0bea1e560e6d6f4d7e28a0968d7d51ca75f0017d12222a64ab48cf7743287fe10ef40574f12503984a068e2cc3f080e48213e247addefe7,CLEAR,DAYLIGHT,DRY,IMPROPER BACKING,2.0,45.5,2.0,2.0
10bccabbdb2d583aaeb617194af3b74545cd4d1058e3cad2294a5c3ae64ba22d0a323f75736dad4dc1a993bda06f7ec69273d9fcfdc87ad26dd7efffa9c991f7,CLEAR,DAYLIGHT,DRY,FOLLOWING TOO CLOSELY,2.0,30.0,2.0,2.0
10bcdf3b59c87a4f26d6d863d2c918f9698a28fdf3157ab1cd853b7c7ed8c3f955401850a4817db5a077b4dd5791aefdab86b03709e47025fb36c169db37f6a0,CLEAR,DAYLIGHT,DRY,FAILING TO YIELD RIGHT-OF-WAY,2.0,58.0,2.0,2.0
10bce193950374b9482b0df19abae2a87e9581dab08e3b989cb8eb5b7e56af7431bbc09eff939ca2d88aa19c1757ab9b9c731c7bab45d739bdb416211fca98d3,CLEAR,DAYLIGHT,DRY,FAILING TO YIELD RIGHT-OF-WAY,2.0,36.666666666666664,3.0,3.0
10bced81b5c5a6a228895d230acb184e6282cbf309eae55d3a272e42e751b026ba15eda442efa1d2308349b09acf8d6aef4681c0fb41a990ec69780afad4b39d,CLEAR,"DARKNESS, LIGHTED ROAD",DRY,FAILING TO YIELD RIGHT-OF-WAY,2.0,26.5,2.0,2.0
10bd007dc31b8b56ea98d8a1332ef16d1607f55054beaef52451b0e05a27c3a6d10d3ec459bb7bbf66e712a57fba292731bdde4568c8bf3d963e3f28302aa829,CLEAR,"DARKNESS, LIGHTED ROAD",DRY,IMPROPER OVERTAKING/PASSING,2.0,27.0,2.0,2.0
10bd0c9c2d96cb1bc4a49785c84cdc8909bc31dd724c27721e97db533ed12cc9a564154064d64197fe974fb80fa6f1ea66b2883b232f550ef8f282a2389f3d59,CLEAR,DAYLIGHT,DRY,DRIVING SKILLS/KNOWLEDGE/EXPERIENCE,2.0,33.0,2.0,2.0
10bd0e4d987d3da7f9cb1681af1c8f09a092eff1d5f9d5e94440b3f4d8367c7705b5dbfc4cd8686c66050347c07d779031863d598a76e21ac8401daae6638b2f,RAIN,"DARKNESS, LIGHTED ROAD",WET,WEATHER,4.0,33.0,2.0,2.0
10bd51035d2bebd8ef444f9ca9648c3bc683af6113313a22b96f11b8e5a50862c37ebc0042ed85c81d30f80d2cecbc013a1090b6241e6ef286bf8cea8abd7687,CLEAR,DAYLIGHT,DRY,FOLLOWING TOO CLOSELY,2.0,34.0,2.0,2.0
10bd5134bf5222998089d3fb304647720cf3203b70fc2cd2324b040c32349c236a933f9325985dea3d5165f63da6d09a39e2f9b13cf8ce5e96b02d1dd0a0fa6f,CLEAR,DAYLIGHT,DRY,FAILING TO YIELD RIGHT-OF-WAY,2.0,48.5,2.0,2.0
10bda892f45a9e68b9548030592da68406c7269ebe18a96f2bc3e7586c40a431d7a368a2ccde72ccfae2ed06424c974dfe062d58df5f9214a9acce89bf719320,CLEAR,DUSK,DRY,IMPROPER BACKING,2.0,35.0,3.0,3.0
10bde2032b2858849fdbbf4ac57c466888a4c2a53c7773f70774211cb11ad52d641d9ca991776414afdb8b60f8da0eb53c8c37c4b522e7c3c01f7f3b4867a818,CLEAR,DAYLIGHT,DRY,FAILING TO YIELD RIGHT-OF-WAY,2.0,31.666666666666668,3.0,3.0
10be21fed8c0eed829525f9ab0b4dde36b195e5e406ee43aff0ac818fce666f795b291e590c06a2bbee52ca69e91bd36e999fa7cfbfc16391f5875f369846fc4,CLEAR,DAYLIGHT,DRY,DRIVING SKILLS/KNOWLEDGE/EXPERIENCE,2.0,19.0,4.0,4.0
10be48a0b898dc79cb77c5d9e8975de2fb8213b4e46a1bf554aa2ebecd27ba6c68815fa7e7ab9de05677a93293062376d023e94169c21c52deb9b90e09980e65,CLEAR,DAYLIGHT,DRY,IMPROPER OVERTAKING/PASSING,2.0,40.0,2.0,2.0
10be84c66384a49c3f2943b25ec489c10e726b0ee4a4d22a3e8055c4258379e66397038b07616ce0dbdac9bf33175885b69fdc3723cc968ba12e468d695f3500,CLEAR,"DARKNESS, LIGHTED ROAD",DRY,FOLLOWING TOO CLOSELY,2.0,36.0,2.0,2.0
10be9033c644dc46f9f3c6dc3eb14c0611ce022a78bf8f06b069c45bbdcaad7e3e997da099315ebac6444556d5d65dd3ccc590428ce201c57d12903db8c48475,CLEAR,"DARKNESS, LIGHTED ROAD",DRY,FOLLOWING TOO CLOSELY,2.0,26.666666666666668,3.0,3.0
10bed0a8913b38b02b049677842edb3ee29fa2f49b85acd7426452b74370efb9ba889d024a8f58cc789151ba0106a680114e5199e3731968a0d1a15248adf143,RAIN,DAYLIGHT,WET,FAILING TO YIELD RIGHT-OF-WAY,2.0,66.0,3.0,3.0
10bed537bfceb0a6c9ccf919ad1fd9fb9dde8a626c923a9df1485930f74451b8b4f628249641f058beadbb71753c4495f9fe01aff6ebf4d65a41a87497756df9,RAIN,"DARKNESS, LIGHTED ROAD",WET,PHYSICAL CONDITION OF DRIVER,1.0,30.0,1.0,1.0
10beef3ebc089e9afacf404ada0f1ac5a55360082f25615819b0220f26c85a21128f9d7a0cef13aeaeb3000941717976535cab5e48cae02ac5c60d9189731450,CLEAR,DAYLIGHT,DRY,IMPROPER TURNING/NO SIGNAL,2.0,24.0,1.0,1.0
10bf06ca1b8b0b5188524f31bfb2fffcc2ba9da6dfa1bb133566a27505a63f335ac4d98315e8d7f9a5f9a5fc25d3cdeecafe17f3e1b8d52f9474a5041ac5ccc9,CLEAR,DAYLIGHT,DRY,FAILING TO YIELD RIGHT-OF-WAY,2.0,55.0,2.0,2.0
10bf51bd5ee663b88462f370c07fe7156b94af9ed9bfeaafd1a8230204388e2a474bf46420dfceb64e1d1c46688618cabf726261058a86c9e8322b252b4b32a0,CLEAR,"DARKNESS, LIGHTED ROAD",DRY,IMPROPER OVERTAKING/PASSING,3.0,27.333333333333332,3.0,3.0
10bf67f62b73fec28a571510b60535bc8784ab79d7f9331c23b1aabb9a5ecdb5529acee860448afad3b2adac3b4f126e79b062adabf59cc4ce63447ac8c6e900,CLEAR,DAYLIGHT,DRY,"VISION OBSCURED (SIGNS, TREE LIMBS, BUILDINGS, ETC.)",2.0,18.0,6.0,6.0
10bf772681d3f095eaff026a9d1e06d2d0b5dadcdebcdd202c8cb03ead6dc5b0546d3b217bb83a27ad69d50f85bdbb1f226e737ce69c0d391e6d20aa31b46cf4,CLEAR,DAYLIGHT,DRY,FOLLOWING TOO CLOSELY,2.0,31.0,2.0,2.0
10bf777fb4bc96be8b5272b8260df38d2c1388615f610a4879eae9039ca6f6c831acc677834455be94ba802fa5f72c9eb275e57cd0b3590bb2c1e5a7f48e75d1,CLEAR,DAYLIGHT,DRY,IMPROPER OVERTAKING/PASSING,2.0,64.0,6.0,6.0
10bf83d403179c8adaf18eeef524833cee207694865a754f7f2471c880f50f2d2fc20ecd434168aae6cf6a1595e342e86a51f245046bc464754c407326fa4518,CLOUDY/OVERCAST,DAYLIGHT,WET,DRIVING SKILLS/KNOWLEDGE/EXPERIENCE,2.0,21.0,2.0,2.0
10bf9b6a4a1be8e85b8e66be0fb989b621c1f4398c859be1ea730f9ba97d4fd0a3cbae9fcc24b11eb42173d51634709fb6acc103e22c95d24966447126137fc7,CLEAR,DAWN,DRY,FAILING TO REDUCE SPEED TO AVOID CRASH,1.0,26.5,2.0,2.0
10bfb38b1e004d4f85c2f9b230e561d104fc74b661d1b8e0be072b276a0933f3d312b137c4069f5e967db7663d1326aee1915077203dc12de416e065d8baecf0,RAIN,"DARKNESS, LIGHTED ROAD",WET,DISREGARDING TRAFFIC SIGNALS,2.0,36.0,2.0,2.0
10bfbcbc7a5e6632c6dc5ee9da42049642151cfbd81685ca5cf36452418ebadcb93d98f167ccccd5b55b5cae467495ab6a6be74f1862aae5cada83b69f7979a4,CLEAR,"DARKNESS, LIGHTED ROAD",DRY,FAILING TO YIELD RIGHT-OF-WAY,2.0,22.5,2.0,2.0
10bfcf345366f9564de01555551027be69efd4b80c9e86407da76b9d191b444fb50339dc9a909e3d14ddffe0bb78f9cc0ac76f50afba9be69cf997c33fab8c38,CLEAR,DAYLIGHT,DRY,IMPROPER OVERTAKING/PASSING,2.0,44.5,2.0,2.0
10bfedb4b3ab5039493f83e093a77c313d1d8967d718979af0b00fbbf64eba8792cbf0d9a2ae58cbd96bd59ec3b29f5a683a2be6afdf1e71633728405d1a4814,CLEAR,DAYLIGHT,DRY,DRIVING SKILLS/KNOWLEDGE/EXPERIENCE,2.0,37.5,2.0,2.0
10c08f1dca8524bc83322d94a580a2ea401cd9b2ed2dcf5b75f90a2c19bbbc839f10ba763402340c09b47d7e830bbec12ebc3161ac187f6268d291e6d53edc11,CLEAR,DAYLIGHT,DRY,FAILING TO YIELD RIGHT-OF-WAY,2.0,41.0,2.0,2.0
10c0a517702f8bd417512c7eb3e25468f95100b6f0aedf3a6fba3e77fa3c470687c64bb7c0e9dcc1059e9d64ab1d79c81768c02397c79e8c4766b13ecdb75c84,CLEAR,DAYLIGHT,SNOW OR SLUSH,FAILING TO YIELD RIGHT-OF-WAY,2.0,35.0,4.0,4.0
10c107a802f9c22e6d9e71a717b91e49f7715a65e178a08ce10f3707b2282e4c9cbc842398384654166eb4a2b4d6a22f8e31a7c11a60d068aba13a6f3592d6ea,CLEAR,DAYLIGHT,DRY,FAILING TO YIELD RIGHT-OF-WAY,2.0,33.0,2.0,2.0
10c11e7c2cf8d9bd24d5755aa9555266fda1bfe272e1517f0f2e61dd52ad688911d73486f2d4f208f3291c1364b650fd118c58e276db173fee325e390f1a1814,CLEAR,DAYLIGHT,DRY,IMPROPER LANE USAGE,2.0,53.0,1.0,1.0
10c148d9e6f6811eab59d579648d11fdc97759e9008030e7a3f3b2484c2a4a56bf4118abc4b6691b694f22cabd94fdf761fc8ae3de827f6abdf99de9e18db769,CLEAR,DAYLIGHT,DRY,FAILING TO YIELD RIGHT-OF-WAY,2.0,33.5,4.0,4.0
10c15a3a3e6b8f74774ff30c632f6e20a4a9130290df3110cd3b34cc8116eb8e0694d8b8825cf547cf8bcc61b17eb35315f69cbeb29afc581a212df82c947760,CLEAR,DAYLIGHT,DRY,DRIVING SKILLS/KNOWLEDGE/EXPERIENCE,2.0,37.5,1.0,1.0
10c170420b0946887074b8a309ec2add3599b806c8fdf8501e8aaadadb569c49ad34292f33a6e885d1ce37ac11e602c689ebebd6ce6ba438c44d8ac755b7d031,CLEAR,DAYLIGHT,DRY,IMPROPER LANE USAGE,2.0,44.75,4.0,4.0
10c173e4980e8eabced64fa3203be06b1aeba78208f23647cbc8c1b834388170a130649fa2f1c295571fdf24d3093fa4ed27e920f59151c6008137af727a5c91,SNOW,DUSK,SNOW OR SLUSH,WEATHER,2.0,45.5,2.0,2.0
10c179877af8e4d96c514eeaa9e2b34a8e4b6eea1550ed1fb65a5240f429520cdcb5a719b4fb5445e7e0215d2f93955e131281027a533057cac25f0f301c36f2,CLEAR,DAYLIGHT,DRY,IMPROPER BACKING,3.0,66.5,2.0,2.0
10c1983bd4ac1e0155f38ec5a5f7ebfbfff0e97b7b7c7fdbe534409f7c40ffc27d344cb3df1a923771a949a534f5cbf18e38ba90cea68698715b9b28bd08eba4,RAIN,"DARKNESS, LIGHTED ROAD",WET,FAILING TO YIELD RIGHT-OF-WAY,2.0,46.0,2.0,2.0
10c1bc060bfc0514267b143150a70f31c13b30b7881ff8756f6ea1bec9dfb5d5baa1c0cb35e7b6f1a1c8bfd5e23d725022c3e88088a8624cf4844faa9e865336,CLEAR,DAYLIGHT,DRY,IMPROPER TURNING/NO SIGNAL,2.0,34.333333333333336,3.0,3.0
10c1be1f11595998705768878d6da7c916fecc66010f604c11ea33250271fc51f12b43d6637fb05e56a9a5f71238cb121fde5d6abafb387a6a8752e481e0dddd,RAIN,DAYLIGHT,WET,IMPROPER OVERTAKING/PASSING,4.0,34.5,5.0,5.0
10c1d3ea8f16e19c7870547c23e4c74eeb48c802df1fc50c7a3a52b1e8a689fd2da4db60b0a1971c4aed7f0e9452827cbd4512d139a497576e209bca65d2496a,CLEAR,"DARKNESS, LIGHTED ROAD",DRY,IMPROPER TURNING/NO SIGNAL,2.0,51.0,2.0,2.0
10c1e556c2e44f1e500b058664f1caba7bf5dd3880e7508b95bfb0525af5d345b4cf57cdc3646bdae666f981ba4da3a4ee8b80f7496a1d8f398a5216c70ca031,CLEAR,DAYLIGHT,DRY,FOLLOWING TOO CLOSELY,2.0,48.0,2.0,2.0
10c1e8299f0785158f4e987a4a4be0d87de3171c855c9eb83def8e794a178d775d010a001fa860f92685512d7887203ffac85cda4d31e4fba6a734250e490329,UNKNOWN,UNKNOWN,UNKNOWN,FOLLOWING TOO CLOSELY,2.0,33.0,4.0,4.0
10c207de0a66ab866a039d4aaebb3a08ac91da78f417f89646a462842eb55c6a888868a8837a2ceaa49344a084e8559fb30a1cb7f859c1fcd19f61ddeea171fd,CLEAR,DAYLIGHT,DRY,IMPROPER OVERTAKING/PASSING,2.0,29.0,3.0,3.0
10c220a10fd38e02d58398ad6c1be711410a585111a7d53404a21fcce6fd9869ee0fc4fadf62874c74218a1fed568c94e34562f791f007b7e14e9f98d199bbf6,CLEAR,DAYLIGHT,DRY,FOLLOWING TOO CLOSELY,2.0,26.0,2.0,2.0
10c245fad5ea98609438f1f65473c64e0b7183965b87ac7d3849653d0e65dff79883b6ffaab77cf8a95b157bface17fcaf3db903145fba8531394b6359c98fb9,CLEAR,DAYLIGHT,DRY,DISREGARDING TRAFFIC SIGNALS,2.0,61.0,2.0,2.0
10c2a3d0460c23c7bea0107c18d9344b13fcd762c6c2128945cb2dceda2619562c04fa678b6b224792c33124da8e7fdd2202dd41f170c763e9686db07bed4c4a,SNOW,UNKNOWN,SNOW OR SLUSH,WEATHER,1.0,42.0,1.0,1.0
10c2a989d35ef947d6ed01a467e73b296322bbf9420a607c466a5359f99c7c926f1917d762ba72a1d7be6ca3b2f94d371219b4daf1530af0e9ba77ab76e70c9f,RAIN,"DARKNESS, LIGHTED ROAD",WET,FOLLOWING TOO CLOSELY,2.0,29.5,2.0,2.0
10c2b1bb4f3eb8880cb4e54e094865b7c90647b82a87ec36ce88c1f963a32b09283a106f7c4256eaa586a25021aeb071dcab4e0c7a53dc93c73a652ec239ef48,CLEAR,DAYLIGHT,DRY,DISREGARDING STOP SIGN,2.0,51.0,3.0,3.0
10c2b7d45b0b266c2b25144069269f9cbcffd47992628c495563f31e84dfccf8a6e368d3819897569b35b7289c3e02bc6a9594cece72339b143e21be50e8c581,CLEAR,DAYLIGHT,DRY,FAILING TO YIELD RIGHT-OF-WAY,1.0,21.5,4.0,4.0
10c2c2db4aad6c20b40b7729476ee6c5c2537321f9596c7d3fc4b4c71b9f6fdfd3b1d8fdddec96f31118a4de5b58d875a7e094eaab65a56768379e04f2526f0f,CLEAR,"DARKNESS, LIGHTED ROAD",DRY,IMPROPER LANE USAGE,2.0,66.0,2.0,2.0
10c2d023c5e34b659d4d1bfcc065d3026d606c0bd104fd53857815a8a26d3ef94042e2e560a3e47cf8fcbc6616b9f1c6781d87f5823917c0b3329ba7c31658a2,CLEAR,DAYLIGHT,UNKNOWN,IMPROPER OVERTAKING/PASSING,2.0,26.5,2.0,2.0
10c2e65214b1803f8ac5cef2db8118f12ca016bb279efc514de02c5306a581c1768ef399183a738d970644103f8a5dfe9cc555b99be11889383df967e15a15f7,CLEAR,DAYLIGHT,UNKNOWN,FOLLOWING TOO CLOSELY,4.0,68.0,4.0,4.0
10c2e831768114575d5ab0811a59350a516e68bc6261f633b9b33b2e7757fc362d08fa8c1e8060cd16096d70a46688f658549600ecc72d9d6138e7d14984545c,CLEAR,"DARKNESS, LIGHTED ROAD",DRY,IMPROPER BACKING,2.0,29.0,3.0,3.0
10c32d3457807e15d5c6a25a1027c3edac3f818f27512d404817a97618f5bcdd81b0a2da8e708a4d859d03747f5b0edd917369c49137dc1cecc2510cfbb9bf85,CLEAR,DAYLIGHT,DRY,FOLLOWING TOO CLOSELY,2.0,58.0,2.0,2.0
10c32f8aa49cb1d3e488df43424bfe16422479e3e005798de577a0f19f284bf7da79b73dbc2520e28185480a0b36b0613cf7931c3041dfad70598444ef268c89,CLEAR,DAYLIGHT,DRY,IMPROPER OVERTAKING/PASSING,2.0,38.0,2.0,2.0
10c3b3f472f0a1d47202cf35d9c29d3c03babf3a0ae70e13a10e3717e1bedf762e9d1635cbb589a9359d8fb7732dd628f9df4ac42ac4ce5c8a8fea9f562b360c,RAIN,DAYLIGHT,WET,FOLLOWING TOO CLOSELY,2.0,32.0,7.0,7.0
10c3c354f6bd1280d3ed2ee2f41c891c2a69b8f04a5beedc4ee0a462fdc451df0b4d339c9bdce4cd12e47f7fd1812a47de18d9a4d0f44986b0f5d687810913f9,CLEAR,DAYLIGHT,DRY,CELL PHONE USE OTHER THAN TEXTING,2.0,39.0,2.0,2.0
10c3faef8e5c5e3ce8e5c21e98a81aad32c478b576728fe45277a32ff6655300a79f0ff8411a226e99d871d5a3af415bca1e2fb8bfebf8993f0323d326814445,CLEAR,DAYLIGHT,DRY,DRIVING SKILLS/KNOWLEDGE/EXPERIENCE,3.0,37.5,6.0,6.0
10c41a30abd09fea1b927a7e9406a4fbec86c1e5056bbfc9adf14fcaec75b42c72f82ba7e84cd7158e4907ec4d3ed5b9ec782339c56d327dfc925ec777439745,CLEAR,"DARKNESS, LIGHTED ROAD",DRY,FAILING TO YIELD RIGHT-OF-WAY,1.0,55.0,2.0,2.0
10c426324cd4e20236d917e2c91f2e41cf5828f590b4258529e611bd919a52492015d3ca1da38725cd949eb4deddad91aebf8ba177d1b1af10bd32924a1ced40,CLEAR,DAYLIGHT,DRY,FAILING TO YIELD RIGHT-OF-WAY,2.0,68.33333333333333,3.0,3.0
10c42ff8ea1f0c1bba9be7c59e671f0d17b8dea7542a67410ba06046f0d672c92a80bf3776177522899aa8eaad1b821dbb28bbf3c27cf8dad652f46b501699f5,CLEAR,DAYLIGHT,UNKNOWN,IMPROPER LANE USAGE,2.0,35.5,2.0,2.0
10c4303d3303f5e21219bb5413945af35b7861a3666dd67abc31e44fe7cdf120c43fa7a97a567ab3f243dbde90cd6aac5f8456bc82901a4ffd40f2dade8b886d,CLEAR,DAYLIGHT,UNKNOWN,FAILING TO YIELD RIGHT-OF-WAY,2.0,63.5,2.0,2.0
10c4508183bb5a1466dfe8a85db6b0e1cc14ef52bccc745da98d3b7b8473534b7ecc6cc43fce3df1175c85f3c2094a8b56f298f3d7ab151c079040d2c0e618f5,CLEAR,DAYLIGHT,DRY,IMPROPER LANE USAGE,2.0,39.0,2.0,2.0
10c45d479aee859067366716005d42371156f396f333e62502aaf729bde3a777d16b50fdf13a5667c471de726fdb9b7777136fd5f92c74aff6b31a68a8f0e180,CLEAR,"DARKNESS, LIGHTED ROAD",DRY,IMPROPER TURNING/NO SIGNAL,2.0,34.0,3.0,3.0
10c4717c1124da98412207423f94fca57fac002ee694832824a5f819f6a01ed4cf844f849e8f342f37ade4a76c114d1f25887341c78d5b8800230bfaa7d266e0,CLEAR,"DARKNESS, LIGHTED ROAD",DRY,DRIVING ON WRONG SIDE/WRONG WAY,1.0,37.5,1.0,1.0
10c4b5d39575912c3c37c098e7f2b8064da89721804058046204eedeb45c0179092c9630a8ab0b27c21551e8c38cf30f0b0ac92ccd8679035c825347411fca63,CLEAR,DAYLIGHT,DRY,DRIVING SKILLS/KNOWLEDGE/EXPERIENCE,2.0,37.5,2.0,2.0
10c4c3981b65691193ec13502c71774417c2398b3bfb4779dea6dcd41edd7ab862e9df04e7152a7fa51686c9c7f1c15dc557c75ae247eb47b9fed04ea9da0c0d,CLEAR,DAYLIGHT,DRY,DRIVING SKILLS/KNOWLEDGE/EXPERIENCE,2.0,33.0,1.0,1.0
10c4c7029be8df1f69ab80fe6b54efce9413b8ac66e9c0e872e72fe90bfbaf36129c7dce471ff4be5fe09af8800df6a467ee9ca209abc8132642be2b0c6f76cc,RAIN,DAYLIGHT,WET,FAILING TO YIELD RIGHT-OF-WAY,2.0,40.0,2.0,2.0
10c4c9282dcca967d2927a3c00188c880daf5fde1d70c8eeb4d50d03dce901b8601620bfe7de1062bcab3637332b51ee5ac12dc698b7834e7abb1c1b085312c8,CLEAR,DAYLIGHT,DRY,FAILING TO YIELD RIGHT-OF-WAY,2.0,34.0,3.0,3.0
10c4f79d606b0767f99a6c101b5a7cc154eae8016201e27624af00f1978d8b7fb4d7b0be610f2cc11612b765b74be3989d137b3c3595e8a89d814e53e0fec50c,CLEAR,DAYLIGHT,DRY,FAILING TO REDUCE SPEED TO AVOID CRASH,3.0,37.0,1.0,1.0
10c50b5c9ace65d92b5c4b53a948bf80fdef100fc20ba89aa09249a4dbc5773bb4414ba01c16afd8008b0d66cc70da8842cbc9e2154d210b618f94f80c638006,CLEAR,"DARKNESS, LIGHTED ROAD",DRY,FAILING TO REDUCE SPEED TO AVOID CRASH,2.0,45.0,2.0,2.0
10c5317ef00d7f0fb35a83040cedf6f4d632adeeead4c20eaeee20297ce682529b844a12ec11127aba79c12d0a2bc1046946aa1ae5b6a24911889291d488eab8,CLEAR,DAYLIGHT,DRY,IMPROPER BACKING,2.0,37.5,1.0,1.0
10c538bae8e4a6bc8eddd768d0baa432079ac845326162edaca8e748121caef73640bba6ae504db23b74ab6fc8736c0d54111644099269a7461bb47511eb68a3,CLEAR,DAYLIGHT,DRY,FAILING TO REDUCE SPEED TO AVOID CRASH,2.0,26.833333333333332,6.0,6.0
10c53b57387b94722ad1a98f6fcab97bfd2391039e85b1ea7fe7d91e473d893c5f9eaa347321e78b9861c2a1254b0d6dd4422856f04ae97b973362d3b7a16d36,CLEAR,DAYLIGHT,DRY,DISTRACTION - FROM INSIDE VEHICLE,2.0,53.0,2.0,2.0
10c54493c331351c40c6459363ee96c204a6cb2a6c9e89cea47ff2cc58f98502353c792b91bd844253c9c684664ee0a0d592e44b72008d950f6b10a4991c7d27,CLEAR,DAYLIGHT,DRY,IMPROPER OVERTAKING/PASSING,2.0,39.0,2.0,2.0
10c56f9fef6137bf54244d433e2a0143f2e4dd30a150954ad7d572f82212fb88e65a08c9a01d7943d8d849f152e4dbabe43547e1f3f90255209743fc54817130,CLEAR,"DARKNESS, LIGHTED ROAD",DRY,FAILING TO YIELD RIGHT-OF-WAY,2.0,37.0,2.0,2.0
10c5771c52b226da539e8bd4e3f4aea00ce1ada85c3810fb1327917e6ebd4f7cb70c416543503f7d4a93a3c7f9dcd9db53862cbce1c48c1e8b1469bcf2ddf75a,CLEAR,DAYLIGHT,DRY,IMPROPER LANE USAGE,2.0,38.5,2.0,2.0
10c57eca9358745e119714bab694a72afd825a9ea49cdd79d561df51b975c553e737b37361e476ced09a839a704bcdff72e33a26cbe94aece53ede4e3aa02b13,CLEAR,DAYLIGHT,DRY,FAILING TO YIELD RIGHT-OF-WAY,2.0,50.5,2.0,2.0
10c5bcd3d65756d33f1651fe0f5138f99fd702782fd7a8712cc7761e79c40aa6ca5b4ac44548aa47c4612cff866a2f8661b873e4546f804237b3d9d7270863bb,CLEAR,DAYLIGHT,DRY,DISREGARDING TRAFFIC SIGNALS,2.0,20.666666666666668,4.0,4.0
10c5bedce29985560cb4501bfaa9128895a79c831bcd188c6123d8c9a73906e2a9d39c3843d70101692e100d509e1f8d88cd1ceeab57410fcf38b78e97655b2f,CLEAR,"DARKNESS, LIGHTED ROAD",SNOW OR SLUSH,DISREGARDING STOP SIGN,2.0,43.666666666666664,3.0,3.0
10c5c4c5d91d93f260f96794501d09b7e8ae13497cc7b35e212f0d703c47e08a8e53df68315a7db3e77639589e324d71b704bec6e5d973ccd61c2b22a0151f8f,CLOUDY/OVERCAST,DAYLIGHT,DRY,DISREGARDING TRAFFIC SIGNALS,2.0,29.5,5.0,5.0
10c5e8a6a426af4a6241dcd59de0bd537172c1e32f755442305b13d6a261a3778dc6d30d87a86fa4f68f50037bfa7196fbde006e6ca35aa0cb605cebfb700037,CLEAR,DAYLIGHT,DRY,IMPROPER OVERTAKING/PASSING,2.0,34.0,2.0,2.0