crash_record_id,weather_condition,lighting_condition,roadway_surface_cond,prim_contributory_cause,total_vehicles,avg_driver_age,total_people,total_injured
10c5ec4a6f26dbe10207accd6ac54dc510db73e86165deec00daaaf8fdfc0103f679f815636b4680985368f163676c0a8641968db5af89f01cffe57e12d6474d,CLOUDY/OVERCAST,DAYLIGHT,DRY,IMPROPER TURNING/NO SIGNAL,2.0,24.666666666666668,3.0,3.0
10c6093914c765ce5cd90eb7adf1379f9a99dd0a794593a2adc2669e6ded2f5688dacccc6459ae5b2c0e50080e0b905058210885fcbc5b586b53fbefc8d69533,CLEAR,"DARKNESS, LIGHTED ROAD",DRY,DRIVING ON WRONG SIDE/WRONG WAY,2.0,33.0,2.0,2.0
10c6586025cf6b9f57df0235549650a9fe271975761d10d19cce5e2570cba9db569896c3d38eb0a5728ab934f18fdb6f91e3ab3a0004eb592353f475453bb67f,CLEAR,"DARKNESS, LIGHTED ROAD",DRY,DISREGARDING ROAD MARKINGS,2.0,39.0,3.0,3.0
10c69254536970d9fe172b7b0d87f3eac1413704783caa5b1a1c19eab196bbdb13a547a89843347ec259cbaa676179087ec1a3ce114fbb5e670643ed8af74769,CLEAR,DAYLIGHT,DRY,FOLLOWING TOO CLOSELY,2.0,46.8,5.0,5.0
10c6c6c396ac350e090d8066bed5109d9c8d5e8167d2b4e4d7e2ea6011e08db84ede534e9fb92ec12a73b3f974c73a7f554508f0e9776580ab75ad52b73a77bc,CLEAR,DAYLIGHT,DRY,IMPROPER TURNING/NO SIGNAL,2.0,38.5,2.0,2.0
10c6ecd084bc024cd6f836808399150a4e60f8dee77b39a41322d182a618072a8480319fa9ab5b5601e7c85a258c8bb38ec24748ede12b11c3033c2ef791b1b8,CLEAR,DAYLIGHT,DRY,IMPROPER TURNING/NO SIGNAL,2.0,47.5,2.0,2.0
10c6f37624b3b2339cc3280d7edfd8b60d5f337ace117cda888cd91f5822c1cc1969e78d285695393a1e6cb179026a6b797d4fbfcbe45d19f4a6ad392fde4996,CLEAR,DAYLIGHT,DRY,DRIVING ON WRONG SIDE/WRONG WAY,1.0,27.0,2.0,2.0
10c6fda00c73874fefb216855949774fd5ef24cf7066c8e64dc814da8d642386faa6ebd8d0d2f9904a83fb6ecfe58ea554b7522258e0bc84f777cdd9befd8409,CLEAR,DAYLIGHT,UNKNOWN,FOLLOWING TOO CLOSELY,2.0,22.5,2.0,2.0
10c6ff26b4fb921b36a0ebc0b283f261adbe06462ac8c3e6fdac078e85e67ca759c1462d96f65eee129a2330dd56c660c89a09b7eef73bb9a07d403c6b97ae9a,CLEAR,DAYLIGHT,DRY,DISREGARDING TRAFFIC SIGNALS,2.0,37.0,2.0,2.0
10c71fd2dbc0841fde0938d3b03a7572e0785702cfc7ea9194019998b6a9009b55fc7b7e685cd939a3d4bafae8cdca6ca94292a8b4a2809c7bd43fb41b2ed984,CLEAR,DUSK,UNKNOWN,IMPROPER TURNING/NO SIGNAL,2.0,65.0,2.0,2.0
10c725ca2d55455a863f10a8f6c16828911d3589982a86b11b739314ae0158802f3728cd7efbc20fca4bcf0f6472aac1160f654779238e49d4215112b647fe66,CLEAR,DAYLIGHT,DRY,IMPROPER LANE USAGE,2.0,40.0,2.0,2.0
10c75750793a8560ce53a5ab7874ce185f59952182447e416a11af3e92d6ee74b3f73007c36f6662d99e28d38ad72114d9fbc6362e6a2d628a4bd2480bf10b16,CLEAR,"DARKNESS, LIGHTED ROAD",DRY,DISREGARDING TRAFFIC SIGNALS,3.0,33.0,3.0,3.0
10c75cf225f95d7a71dd4653a8026f9c475552b76406330f3a6ff87c4ffaa1fa8ab657d853de435922b0d771da889658d483fbb0a967a0707e2dec6aa605f406,CLEAR,DAYLIGHT,DRY,FAILING TO YIELD RIGHT-OF-WAY,2.0,50.0,2.0,2.0
10c76baa8907a1b9c9a4506741507d6d2f5cc493ccb05bbfe26f6942ff149088fd4d80cd6ebdcbec030fd8100e6c9020d468e911631f25c51f513b5189627835,RAIN,DAYLIGHT,WET,FAILING TO YIELD RIGHT-OF-WAY,2.0,36.5,2.0,2.0
10c77946bfc8c8141b5934dbf64c2a5afb3b2823f525202f8246c589243a64a40cca5334c0da546114e718ba80f944cf0657e4a91244ea06e537cdf43e125149,CLEAR,DAYLIGHT,DRY,DISTRACTION - FROM INSIDE VEHICLE,2.0,47.25,4.0,4.0
10c7aca494429697bd1342ab7bcebd2101a4c0fcd9c0278c68c5e6bdda62203dcaeb099e1beec0ff127844a1b13be0e644fa442f0be32d4a21e48a976ff03cb8,CLEAR,DAYLIGHT,DRY,IMPROPER OVERTAKING/PASSING,2.0,42.5,3.0,3.0
10c7e025b3765b4c1840d1d9aea86bc13a220a6e0448672d3ef99311946ef34fcbaaa1a49da233f08b36d9d953d46e036e02e655f6ea9eb44b08f4564bf126b0,RAIN,"DARKNESS, LIGHTED ROAD",WET,"OPERATING VEHICLE IN ERRATIC, RECKLESS, CARELESS, NEGLIGENT OR AGGRESSIVE MANNER",2.0,27.0,1.0,1.0
10c7f5c5ecbc99178c956b1b4032c1e8b79cb731ef6d45bec8fb6347d8031909dd36e6d288f1500b343922bd865ccb1dfacddacabf56c889293fff834b4766fd,CLOUDY/OVERCAST,DAYLIGHT,DRY,FAILING TO YIELD RIGHT-OF-WAY,2.0,29.333333333333332,3.0,3.0
10c859c851781938c9e9ef25c0a754603719371a2370d8364084dc7ba66531058fcec5e701d573d0f3bffc06ec8cceba69b3b428bd52e3a3d1b148c2e8fe7b5b,CLEAR,DAYLIGHT,DRY,DRIVING ON WRONG SIDE/WRONG WAY,2.0,30.0,1.0,1.0
10c8846a12eef05222427d212bb9a3d9b7a6bf829a450db7e61dc6173e39315bfb92ff6a61cbb92a6d265893baa84e1ace6b9cb8397bf6a8d38b814b1e7b2ed3,CLEAR,DAYLIGHT,SNOW OR SLUSH,DISREGARDING STOP SIGN,2.0,21.5,3.0,3.0
10c88f80ed3e9f6cebb1dddab3450f888e487c4dd2b18fded6d795bc182829236a36267d14b5b58720fcd7cd777f112e15d0902b27026544bf91baa56c5520da,RAIN,DAYLIGHT,WET,WEATHER,1.0,24.0,1.0,1.0
10c898d25f5897f109466f1a3dbfdd8f0aa77aaab6f269f838a2195707a7a119fbaca3e4e34d5c731ef058cb48a746361dca09bc7cbddfcf01663eac340b6c64,CLEAR,DARKNESS,UNKNOWN,FAILING TO YIELD RIGHT-OF-WAY,2.0,56.0,2.0,2.0
10c89deaf4f6e252e679e4e76b566e0a7d311551673b7fb05f423bf4e2ee36fe4aae6a4174072ea787d51928c7717cfa0d89d944f4aa1b25cbf0c472979c8a8d,CLEAR,"DARKNESS, LIGHTED ROAD",WET,IMPROPER TURNING/NO SIGNAL,2.0,58.5,2.0,2.0
10c8ac99e6848128a5ebdf77fac39f88ac30202787bd519f3786c8b15200fbfbb31a6df410db8f15bdd22f00ba40db10f924b182cb82a19cb8556d3cf30ab048,CLEAR,DAYLIGHT,DRY,IMPROPER BACKING,2.0,21.0,1.0,1.0
10c8e965a56a2801a40d669d7401f3720373a23efd1584a93593ae702de7cc67f291f4449ad4d36a8d71eacaea3dec954b80844bdf3907aae7abdbfb6595d4cb,CLEAR,DAYLIGHT,DRY,IMPROPER LANE USAGE,2.0,32.0,3.0,3.0
10c90ea84c636d77d070973db45f2350cff5592ce8c723241cefa1969624ed46d09b5548c12cf49e98cf57c416ce98f233c468a79d2d579aeddf894e942ae04b,CLEAR,DAYLIGHT,DRY,FAILING TO YIELD RIGHT-OF-WAY,2.0,47.0,4.0,4.0
10c9127210e804b535b239185765a15f1286b04ba9e7784251dd44c98da98d29a28e75c38c058c0798003c20f232d9a14e16a70b9d0284229d29a7e706f24700,CLEAR,DAYLIGHT,DRY,FAILING TO REDUCE SPEED TO AVOID CRASH,2.0,36.0,2.0,2.0
10c93b627f65b65fb25a1360cfa9eb0bc72ec06b4644fbf7f36fe8d8afd469fcba8b63bf08ecb898b759f77a91203cb30d5053b875597a48fbae001428b1f34f,CLEAR,DAYLIGHT,DRY,FAILING TO YIELD RIGHT-OF-WAY,1.0,26.5,2.0,2.0
10c94a4709f5e7cb33b11cfdc73491df2ffe97ab7ce255abf47185ce3a10bce3432eb848c207fde9401f15b15f5c09a4edce3b234a85fa2c57c7d15cec584531,CLEAR,"DARKNESS, LIGHTED ROAD",DRY,FAILING TO YIELD RIGHT-OF-WAY,2.0,30.5,4.0,4.0
10c9518630ecaf0cae7fbb6fdc0737c6925d3a41d7749d679f575d73edb16cae1b487eeb073533770d2b1ebe15726f00d6c5967214eb58eaab7b36b8fcf796c6,CLEAR,DAYLIGHT,DRY,IMPROPER TURNING/NO SIGNAL,2.0,22.666666666666668,4.0,4.0
10c97ca4a3598d5ebf25c3b6d1cdb2021f8fa145d5676d3ff0e8cee5555a73a76182b929759061a245045d66a212d544f54642a76afa1bd513ebe1a1ba8a32e5,CLEAR,DAYLIGHT,DRY,FAILING TO YIELD RIGHT-OF-WAY,2.0,49.0,2.0,2.0
10c9857b64c4e536e2b3bc4c9109e74ce3bd72b5c6b306c7a4a35c13307ece2c7d0f80270548a921b002d096b02f11358b282b32d85e1d4ac7b7e0468b7e36d8,CLEAR,DAYLIGHT,DRY,FAILING TO YIELD RIGHT-OF-WAY,2.0,33.0,3.0,3.0
10c994715d59a6c99b480f3039995e7bf5c2e40be3f4d6aa7cac5623abb3dbaa0235d1a98d8d8c30f0a0b93ade8d910b5d36eb43df4a41c45c332dfb021a8f64,CLEAR,"DARKNESS, LIGHTED ROAD",DRY,FOLLOWING TOO CLOSELY,2.0,47.5,2.0,2.0
10c99e1c6af1d26456b29d747d137dd953719864c3b0d8a8cbe5659c21abc19defb63ca30b98fd222abfdda87297ccd2f624bd7b17308f9d35160b2a4da1a2f5,CLEAR,"DARKNESS, LIGHTED ROAD",WET,FAILING TO YIELD RIGHT-OF-WAY,2.0,37.4,5.0,5.0
10c9a80da03bcd1232b034997082d367bbcc502378881f157d1def971b66f0354bcda28851d2b9358b4c2e3842335bafa491fcc45fad1f233963cd8119f6a0cb,CLEAR,DAYLIGHT,DRY,FAILING TO YIELD RIGHT-OF-WAY,2.0,40.0,3.0,3.0
10ca0ecd3c7ac14b0a165f8fff696100d1ac7a5ffc1c1b69c4b33832d5bbb7b334d58e6afd2247c1ada1279318a828e8cc066a1c0adfb78261e5610348d01772,CLEAR,"DARKNESS, LIGHTED ROAD",DRY,DRIVING SKILLS/KNOWLEDGE/EXPERIENCE,1.0,20.0,2.0,2.0
10ca145ae8cabecd8cc081d1f97c2169363d49d526bf67bbb6b732c9f148badee9d6f3f9bae6df8d15352ce07aaf0896bd2e99425c79d3d0e0b33eb800d7f235,CLEAR,DUSK,DRY,IMPROPER BACKING,2.0,49.0,1.0,1.0
10ca170bb2af604679ec887347db6aee8d348aa023a868f31ae9aef5b03e2753e2735d25eb35de31081a88f86a0498d4a92ec062211e08e6e68a72a2d945b4da,CLEAR,"DARKNESS, LIGHTED ROAD",DRY,DISREGARDING TRAFFIC SIGNALS,2.0,38.5,2.0,2.0
10ca5599f0676f7445b3f7185eee5dbbbbb3756dee15b2b8cde5a88c0b00e1f7c331fbdc5bc64dc3dd0d729d40b5557fdda7a24221d315d7bd56a4dd0c5408a4,CLEAR,"DARKNESS, LIGHTED ROAD",DRY,IMPROPER TURNING/NO SIGNAL,2.0,35.5,2.0,2.0
10ca62d66e8ae9bf403519a7e7f0bd49cf307f077b05879ac4344ddf6fc8b749f63418bd5e959dd19092962576697381dc2b815a9d34cee55f831acadd6446b5,CLEAR,DUSK,DRY,IMPROPER OVERTAKING/PASSING,2.0,43.0,2.0,2.0
10ca653dc14fbffaf42dbca25b918da9d1731f470243ff54d4590f3e0abea12e28e4bfa2006a023e1034e6ab9053ece21508194d38be7b05e48ded521257fd2a,CLEAR,DAYLIGHT,DRY,FAILING TO YIELD RIGHT-OF-WAY,2.0,49.0,2.0,2.0
10ca6f39f3a27933cf6ec4eda43c02a2036b79ee0f34b8658c2a0997f01315d874753f75e7241a61898050d44350907f5ea4db9abea48920a6224a682292aff7,CLEAR,"DARKNESS, LIGHTED ROAD",DRY,IMPROPER TURNING/NO SIGNAL,2.0,22.0,2.0,2.0
10ca762ce1a21e1f39fc2846a8ba41017d217aa99fbc4370dcc036dc6c1dcb33001f0681000ba885395a45230ec8d562014032e643564027527537f090a89b7d,CLEAR,"DARKNESS, LIGHTED ROAD",WET,DISTRACTION - FROM INSIDE VEHICLE,2.0,27.0,7.0,7.0
10ca7c767719f88ee4198505cf2d2a47ea646b3e9e120830a47ba76bda6d7c85e1a56eb09ded5427d43c0f0bf6c5f26a6c52ca07d2975dfc2771e958ce285121,CLEAR,DAYLIGHT,DRY,IMPROPER OVERTAKING/PASSING,2.0,60.0,2.0,2.0
10caa48ef9600d6e9451c4fd22dd6cd2eaeca43a7c150f51d4553a61d10991da09fc7289b7d0030508a39f782b4d5cf73fbe514d7ec9341ea144e814a15ce236,CLEAR,DAYLIGHT,DRY,RELATED TO BUS STOP,2.0,21.0,1.0,1.0
10cab41f31df1ee9be6cc9f87bea7d2d8aa23973d8792c29953de6850049ef90c56f97082d670cf94eacda51b37a1d13e797605c3740d8f30467dc6f0eda2b8d,UNKNOWN,UNKNOWN,UNKNOWN,FOLLOWING TOO CLOSELY,2.0,38.0,2.0,2.0
10cad9db9c8cf9ad1d58a4bf3c7efc63d31f478288bce804bd2d3ea50ab6d289eeaa8f11ac9f4f4d6348b6d70bb34dfd46e70aea57951256370ee4d541efda36,CLEAR,DAYLIGHT,DRY,FAILING TO YIELD RIGHT-OF-WAY,2.0,33.0,2.0,2.0
10cb0293657f8bbafd4febe9ceff270e398a7c0364ab32139531a6c1838e7b5fd9c34d36e7ed6fd2455576e2151275628f5c08b4b2006138e10072aed95b9af0,CLEAR,DAYLIGHT,DRY,FOLLOWING TOO CLOSELY,3.0,48.333333333333336,4.0,4.0
10cb0c856c113a1e2b030180833333a0ae13858153f6a28cc3915dc5829cbce940f4ca8db1937156ce097f8f9ea58871f872c9f35c9532e3efbe88957f4011d9,CLEAR,DAYLIGHT,UNKNOWN,IMPROPER TURNING/NO SIGNAL,2.0,57.0,2.0,2.0
10cb226b8e7827be4d864140089429962ef0ec76d7ec94397c26b5588d42f99028bddf791a826a5e985c2d7997eb4545abdbd59052ed4fbebad3076064c0619e,CLEAR,"DARKNESS, LIGHTED ROAD",DRY,IMPROPER TURNING/NO SIGNAL,2.0,26.0,3.0,3.0
10cb2673692b08f8f24c2720b31d1a1ec86f393008108a687f1f31dcb258f2129b3a486d08d0e69baa719b6727e3f4ef2a3c0c4d9410a7e064d0623395e8e323,CLEAR,"DARKNESS, LIGHTED ROAD",DRY,DRIVING SKILLS/KNOWLEDGE/EXPERIENCE,1.0,16.0,1.0,1.0
10cb30a092644bbee23c8e472bcabc95dd343c899162238be91a66e2533ba5ca2d4f001a7e1f0d6f31ba231ed65be15da532522ea189fb9a5b7fbd4b566cc5d8,CLEAR,DAYLIGHT,DRY,FOLLOWING TOO CLOSELY,2.0,35.5,2.0,2.0
10cb4610e7b3c39908b3a716649d78967f91990067209878a8c88b55aba6ff70e2e9b262554fc6b35503dff205f818878e5cc0fc2660db426a2f2b5bbd33b321,CLEAR,DAYLIGHT,DRY,IMPROPER TURNING/NO SIGNAL,3.0,55.0,3.0,3.0
10cb73cfdb17eb082c9caa7022f35fe500fe7f16534951b46ac5f44c2972ed8f8fe05fa9d0d427efbb210d953f0bb6fcfecf6eba575c166f2f0fc80cd81692ca,CLEAR,DAYLIGHT,DRY,DRIVING SKILLS/KNOWLEDGE/EXPERIENCE,2.0,37.5,2.0,2.0
10cb81dba5d42a93a5cbeafc49ae624961b92b9be708bcaab2e19ef7d8a8bc89fdeafe2607f07cd0203900b38f0e203a6efabea699d156872da3c4b4f7f8a41c,CLEAR,DUSK,DRY,DISTRACTION - FROM INSIDE VEHICLE,2.0,46.0,2.0,2.0
10cb87d1a7e70b5616cffe208bed464586349d140148332f438d3aea39e90735b0abd37ceaf0f35387365c73a9d6226d114dca79896faa29edecb5de163bce90,CLEAR,DUSK,SNOW OR SLUSH,EXCEEDING SAFE SPEED FOR CONDITIONS,2.0,37.5,1.0,1.0
10cb8df2858e2c994aa46f298512d0d175b3db856fe456add2e484c4b2c97eb16cce2ea1e122bba05bbb00fb3461ac587ea0c9aeab19d6ae62427bf155fe4d61,CLEAR,"DARKNESS, LIGHTED ROAD",DRY,FAILING TO REDUCE SPEED TO AVOID CRASH,2.0,31.0,4.0,4.0
10cb9347ca7e0c59ef7da8d7d86f4e2e67ff2c266c9576a3efaebe422bff048ee19f941a8fa38b3a50a885222442b63cde1faa38c791c8993923e4c8894551f9,CLEAR,"DARKNESS, LIGHTED ROAD",DRY,FAILING TO YIELD RIGHT-OF-WAY,2.0,42.5,2.0,2.0
10cbad74bfd89dfaed4aabd9ee4f206d38b0a63e7f75601e9fd464fd7ae43bc3443f768530bf26aaa065f19f4b6749d4bf0c83fca7d58219d7c0e6b8b1e89a98,CLEAR,DAYLIGHT,DRY,IMPROPER LANE USAGE,2.0,36.5,3.0,3.0
10cc084cad43b7aa54df432d2e866172e472aeb16246f009174956d12a5e98e3c91e75862a7eda62f01095db51f6161bdc2b9a0d8acfbeec2667acb249a3fc81,CLEAR,DAYLIGHT,DRY,IMPROPER LANE USAGE,2.0,50.0,2.0,2.0
10cc43afb7adc830d34e8156b4b7810a0eb5fd1d2d0467e908fa4faa649f20acd25a2012ff83aa7e18ed2f6f7fad178a89c42ed3ad692bfbd7f03e6c647cacbb,CLEAR,DAYLIGHT,DRY,FAILING TO REDUCE SPEED TO AVOID CRASH,2.0,33.0,2.0,2.0
10cc7f9801555c8698f5380997d66f1fd0430df26cbad734050d0b6695141937a82aaf6a5aa56452c4f18705ec9245ec75b19c6eb8515e7ce3d57454dd6a939b,CLEAR,DAYLIGHT,DRY,IMPROPER OVERTAKING/PASSING,2.0,46.0,3.0,3.0
10ccae23809a5c5950e5666cc612c8032f1080a7d22145698121f010615c5535b8e26ef163b4afc49af24d89e816e719bc7ae821ea792711bc3d5442bf819b88,CLEAR,DAYLIGHT,DRY,FAILING TO YIELD RIGHT-OF-WAY,3.0,57.0,2.0,2.0
10ccbcab1aafe3a78addd2f9ebd5cfbc533f03ef29b2adfae3460c14f4785a73a9836ab6cebca8a6e4008ecc93de7e430a4211bf4c576ad11d7773e04b587c09,CLOUDY/OVERCAST,"DARKNESS, LIGHTED ROAD",DRY,IMPROPER BACKING,2.0,27.0,2.0,2.0
10cce0dcccc38f06b5bc73f7ed6e422c4e028bff5097de762b1283be89fbec1cb6b1293800b9c895057f7d61ff39f41882a293976b99e97fd09b5c976fa56e85,CLEAR,DAYLIGHT,DRY,FOLLOWING TOO CLOSELY,2.0,13.333333333333334,4.0,4.0
10cce60835f94ad8d4ec4d3a8198eed53927871f6b60069faa680f126164df82c92e840c93d41e0f57278032420c4cb14a36c755070438d51bb67c7a1fa76e68,CLOUDY/OVERCAST,DAYLIGHT,DRY,IMPROPER BACKING,2.0,47.0,2.0,2.0
10cd1d448397d6e041fcd7a12c7fb3a9be73d84a4f8ab17413cd5a0f23f3a38fb4efca9aa445d6b505d6cfe87a4aa6327d9fdd4ac2cd3c87762fa8170633446b,CLEAR,DAYLIGHT,DRY,DRIVING SKILLS/KNOWLEDGE/EXPERIENCE,1.0,44.0,1.0,1.0
10cd38e0fd12566e298f745844bd37ec6f5dfbe9876eecc71bdf195158e80b80b6081868101d92eb22d3d61e5028da2c5dbfde67397cc0bf89b259a35439a747,CLEAR,DAYLIGHT,DRY,FOLLOWING TOO CLOSELY,2.0,37.5,2.0,2.0
10cd39dfc14346dd2b34a0b8c9f35454971a9d5707ba89df87ff4be7df442b4ce92cfd00d15c110ea16ff7e0dc668c89c90dff075b872594bb04877e1da8360c,CLEAR,"DARKNESS, LIGHTED ROAD",DRY,FAILING TO YIELD RIGHT-OF-WAY,2.0,42.4,6.0,6.0
10cd3b184af36ca4fc773e52e4d95596347b92f08896f8542f9911d2a78f4e75cb2d68e1c3fcf460d23219b37857d44f18bae364fe1a4254009ea670e59972a5,CLEAR,"DARKNESS, LIGHTED ROAD",DRY,FOLLOWING TOO CLOSELY,2.0,37.5,1.0,1.0
10cd52fdb089e3152f36821e1898476c7bf73c1c17361928bfb765e596d7fa4c27487dadbdb21adce73e8efe7802ad3cf5b8928302bdca1692e361789bdd0e93,CLEAR,"DARKNESS, LIGHTED ROAD",DRY,"OPERATING VEHICLE IN ERRATIC, RECKLESS, CARELESS, NEGLIGENT OR AGGRESSIVE MANNER",2.0,26.0,6.0,6.0
10cd683424382dbc44ea57ebd725b9cd6d2339b4c692cfa33a616b23db64f5867a24be1bb66272193ee3cc2d67b35f06fdb16e4013cce8eb6e57ee588c76a825,CLEAR,DAYLIGHT,DRY,IMPROPER LANE USAGE,2.0,39.0,4.0,4.0
10cd874f85203c5794d08bc8ac369edc83ca0cc2be107e5aa84bbef468e94492ed9ac96d0a062839c660954b61a1708755591bd59b1d2b302507321fbcf481e7,CLEAR,DAYLIGHT,DRY,FOLLOWING TOO CLOSELY,2.0,35.5,2.0,2.0
10cd88cef9d6d258e98ee53df8744fa564f19470a24036a5626b41a26587d434fa8ce2e34267bb32583e85b0f585c4cf2a541c0ace735e874c654e65b5ab234b,CLEAR,"DARKNESS, LIGHTED ROAD",DRY,FAILING TO YIELD RIGHT-OF-WAY,2.0,26.75,4.0,4.0
10cdb3f2c7a730dfee52e0db3bcb5bab898ac88d31c2ad8163715d4a44c4f23a7b29334adb5688d541ec76a7c823e1985bbeb1432655f4ea7b041907d0f8960f,CLEAR,DAYLIGHT,DRY,IMPROPER LANE USAGE,2.0,37.5,2.0,2.0
10ce0d631b1107dc7dfee38ca5fd6ec3327133603faeeb6ee64b5af8c872367a1f99abf2577b618cffce9622f45d9e54d4163d9f7a25a93824fac967c2c8e23c,CLEAR,DAYLIGHT,WET,FAILING TO REDUCE SPEED TO AVOID CRASH,2.0,30.5,2.0,2.0
10ce22e13a17d3dd1ee765e5293dc59bf4c6eb1a5af00ab646fcfa9e75df74fb9f11030c9fda128049ab48679e2e389a7ccf29e16bf2064fbe1ecf5db62737a8,CLEAR,DAYLIGHT,DRY,"OPERATING VEHICLE IN ERRATIC, RECKLESS, CARELESS, NEGLIGENT OR AGGRESSIVE MANNER",3.0,24.333333333333332,3.0,3.0
10ce2aa909d85c46743fe02baf2ac34ee406faed1fa777163f3e9ad4827241ee4d6670f4ff91e55a11ec9758f437032e4a793ef2763116ad2742edb1f0050066,RAIN,"DARKNESS, LIGHTED ROAD",WET,WEATHER,2.0,29.0,1.0,1.0
10ce33c4b3b2a174a2f0fc91e6c9ed116b5337744a9af96f2043415b4644c3e6b398ee5fedee6605a77ee15a6e6270b6efd3627c75cf61a016f10cd172f838f2,CLEAR,DAYLIGHT,DRY,IMPROPER TURNING/NO SIGNAL,2.0,50.0,2.0,2.0
10ce51729d099b9c9fc0c9103a4264c2b9da971e5153a3d75e7524ecb3a37e30e4eebc89d6065061b18170665ce55be10ae4f0a852924e797d0c223914bce96c,RAIN,DAYLIGHT,WET,IMPROPER LANE USAGE,2.0,49.0,2.0,2.0
10ce7a30e40a4c3e2ff607a9441b7427de84a5050f80038cb64b6d6016ec9946b4498ca55c363839813d0a62cd8991972b45cb585fa9d3d622a58e8cd05a4c16,RAIN,DAYLIGHT,WET,DRIVING SKILLS/KNOWLEDGE/EXPERIENCE,3.0,19.8,5.0,5.0
10ce8c30192e6bc17389740e45dc56bf82009afb8b6503761c025cd2be2680a8eaeafd7a3aaa0970ab7347c06d95edebe65e7ae5b7dd2585eb11b5ac2ee927e2,CLEAR,DARKNESS,DRY,FOLLOWING TOO CLOSELY,3.0,54.666666666666664,3.0,3.0
10ce9bc733ef2f2f56c26d1260730498a0b6e1ad189a82353819c46b85a9c23ede5c3a73539ccabcff0087afbe7b58ac03e80500101b777abce161ab9611df0e,CLEAR,DAYLIGHT,WET,FOLLOWING TOO CLOSELY,2.0,23.0,3.0,3.0
10ceb6ccd5b93e7fd3d016b7ca892d2a943e383bd7bd17bcecfed29e6f79dd9ad2303a5cb28177b70369e6f84cc7e9db07c9f0d8f067ed1816c1938c06f01f19,CLEAR,DAYLIGHT,DRY,IMPROPER BACKING,2.0,37.5,1.0,1.0
10ceef464fd437895ebb118379ce955bc3e134683c1455d897d21d5cf871a0726828133fa1e7d00e2172e7aa214dae7c6719aa9379693cdc01cd816e9f8e6f9c,CLEAR,DAYLIGHT,DRY,FAILING TO YIELD RIGHT-OF-WAY,2.0,37.5,2.0,2.0
10cf114c872942367f66300b9be358878c8d2c9d14ee4f038e298f19cea70a6f4887649e4f6825108748f9bc7542584256cb5b68de3a64bb349080c9226395a3,CLEAR,DAYLIGHT,DRY,DRIVING SKILLS/KNOWLEDGE/EXPERIENCE,2.0,42.5,3.0,3.0
10cf4f2af84c7cf47a27b929212420a414052a17e2588e1d6da78067d3ecdfa710d138cfbaf4cd5650949451318b9ae26924ba1f1229e22ace62005f3acbd4e3,CLEAR,DAYLIGHT,DRY,FOLLOWING TOO CLOSELY,2.0,43.5,2.0,2.0
10cf5f1b691c8f3e8eb4fd38c564b49618ed79687dc00d177c66968b2b128ebd96d2408128e0a58f420343d9bfa347b14b9720d4f1febe3b1d0b7fec91043542,CLEAR,DAYLIGHT,DRY,IMPROPER BACKING,2.0,73.0,3.0,3.0
10cf6934ba2628bacb1e2902f7eb02f9e02655194ef5f6327f65a553687c485cce9d14d133c29fb16c2d34c54a9a8e4236951360432a9ecfc24bfca700c097c3,CLEAR,"DARKNESS, LIGHTED ROAD",DRY,IMPROPER TURNING/NO SIGNAL,2.0,42.5,4.0,4.0
10cf82cd981f2fb143856b051c8120ef9393dde6db96032dac24f09702098880e35f904a8313b1c361dea03e2eb05122966a728fb695f3fbc967a7d44214bdf8,CLEAR,DAYLIGHT,DRY,FAILING TO YIELD RIGHT-OF-WAY,2.0,60.0,2.0,2.0
10cf8a3c07a0f978413f2e7e3880107fa1d02fc19f07c9b237576815ea7cea71a23cfd9e5927799fb54effc266154d9f366703e5881c8abbdf6a75e579eba33f,CLEAR,DAYLIGHT,DRY,IMPROPER LANE USAGE,2.0,42.0,2.0,2.0
10cf8ab4dcae2ecef60858cce717f7017b174b0fc00a786dcd963b847d5816b7e67a14949cde2557868a1faf68f188e838b03d6eaa9f84438ca3413856069ef3,CLEAR,DAYLIGHT,DRY,FOLLOWING TOO CLOSELY,2.0,37.5,2.0,2.0
10cf8dd2dcc8453f8128f374110036a51b71f36758b9674941610b2f3c3903efe71e3d01d255059c8b2098527b99b89d40e186adbb4e0d5d1b18bdfb6823b623,CLEAR,"DARKNESS, LIGHTED ROAD",DRY,IMPROPER OVERTAKING/PASSING,2.0,24.0,3.0,3.0
10cf9b0458ea9395f6c028a45fb7ead4fe60e4c527135ff41b7566256e412097d77fd8ed6b8285abff23657aa964e5f23404e2b43f433501ed3deeede4868dcc,CLEAR,DAYLIGHT,DRY,DRIVING SKILLS/KNOWLEDGE/EXPERIENCE,2.0,37.5,1.0,1.0
10cfaf9d4aa3bcd7e388ce3d94e6a2e7a569fe83277a25cf6b41bc122e77bf6ae524940bfdd13e9a9b88ac446e37342d308369fd91591e2e431cf8b26d1dc83d,CLOUDY/OVERCAST,DAYLIGHT,DRY,FOLLOWING TOO CLOSELY,2.0,60.5,3.0,3.0
10cfd77cb51f993060bc6700e2414f0cecddae4d4ae5c0e98bf80afac1e3bbb5843d94cd6667bbc4d2d4454c77389d1730c3a8be141484d737f177de25975490,CLEAR,DAYLIGHT,DRY,FAILING TO REDUCE SPEED TO AVOID CRASH,2.0,33.0,1.0,1.0
10d021665c46debaa7b37ac1e7d750094fb6ed540aedac664d47781766a8dd6228017af52588aa52e49bfd884c9a477cf8f2730f7f75191dfe7f861ef6b747a3,CLEAR,DAYLIGHT,DRY,FAILING TO YIELD RIGHT-OF-WAY,2.0,42.0,3.0,3.0