crash_record_id,weather_condition,lighting_condition,roadway_surface_cond,prim_contributory_cause,total_vehicles,avg_driver_age,total_people,total_injured
10d0381db3fb056d9e5c7d332f4175354d72549870ecb583cdb3f9b7f2f28dc3871ef242814cd7fbbc527dd49c7345d94efa58c6bbd02c0b29c3f8a9ea94552b,CLEAR,DAYLIGHT,DRY,"VISION OBSCURED (SIGNS, TREE LIMBS, BUILDINGS, ETC.)",1.0,36.0,1.0,1.0
10d05cb1ca54e0fda2e19cae4fae6ad25e90cbbae080a94b7f23b6f7362c1e295a651e1012e56b4db5c624bf9a6997b6026ca3879eb55c3f15b817bf331757de,SNOW,"DARKNESS, LIGHTED ROAD",UNKNOWN,IMPROPER LANE USAGE,2.0,37.5,4.0,4.0
10d081f5d12c807a36f9a7e67183af9b924ca1b8397fa92f2ad979d15fb603c74fa6434ce8cca25ea7b5d10259d58cc06c14b5cc1db01bb9abafab6b5a8fa758,CLEAR,"DARKNESS, LIGHTED ROAD",DRY,IMPROPER OVERTAKING/PASSING,2.0,21.0,3.0,3.0
10d0a28fad540449997cff0857a2c2012101e3fdb7f851447d765a1b216aaa084d1e8be0befeea73b1683ae0ee2e17fbbca4be613e0c0eae2186d305a428d91c,CLEAR,DUSK,DRY,FOLLOWING TOO CLOSELY,2.0,25.0,1.0,1.0
10d0a88192db3f632a5e5ae8d0bc04bf6e559623a33136bb08e5ed278b091765954e65e7f062468145dbcba9ac08b51e238d53b836afdec103afaf5b3c1cd888,CLEAR,DAYLIGHT,DRY,FAILING TO REDUCE SPEED TO AVOID CRASH,2.0,53.5,3.0,3.0
10d0c199405e575e9f37b93c35a369709306490f2593f3d317dee8d2974d1d64dd3cac12fa11262fede1637d672851434ac78142d1e3de4f2b47616518fbc232,UNKNOWN,"DARKNESS, LIGHTED ROAD",UNKNOWN,FOLLOWING TOO CLOSELY,2.0,33.0,2.0,2.0
10d0c4c050a2c492fdecdd8f653664ecbc8801c3627d9ad55bd6800e9583c1236164ea1076f6b39618dc9a11371ed0a78b2b409a6bf5edc3d5dad615b1da2e9f,CLEAR,DAYLIGHT,DRY,FAILING TO YIELD RIGHT-OF-WAY,2.0,21.0,2.0,2.0
10d0edede6387c724c34b339e04b108ad7ddc092c15283eabb878014efc1a1eb45f2306ff977c368f23ade77a132d5048437548798e3a1378d305d3dd3b2f343,CLEAR,DAWN,DRY,FAILING TO YIELD RIGHT-OF-WAY,2.0,34.25,4.0,4.0
10d0f3255022e1e9c861bf8df1fa1327700596c97f6ede37895ca6fc7646333ac643adaaa01978862a16c9ce0bc00525bc5af260b905add158d26ce15b5e0618,CLEAR,DAYLIGHT,DRY,IMPROPER OVERTAKING/PASSING,2.0,29.0,3.0,3.0
10d12bb95e836917cc1ff50a8c1c5fdf11a2217e774fdf247bed1586603ef1e9edd30e563961ad443c9aba3d0181ae51485f29657e815763c193825d9bc812fa,CLEAR,DAYLIGHT,DRY,IMPROPER LANE USAGE,2.0,41.5,2.0,2.0
10d14a1aaf2509e61ff7e67b44d38d1e8ebd73ffb15a0b44feb28c04adb999950d46598088ab59dfc33fe0332e2ebfea1422751f3e53d578d11afc404a8c4ad7,SNOW,"DARKNESS, LIGHTED ROAD",SNOW OR SLUSH,"OPERATING VEHICLE IN ERRATIC, RECKLESS, CARELESS, NEGLIGENT OR AGGRESSIVE MANNER",2.0,37.5,1.0,1.0
10d14c27432662f7084a3a91151840638a451ec34958185853a78ac261ac32f417ff27cfdc2925b8752c878eb3928b01084b22fdbb34914f1c447d46911c6053,CLEAR,DAYLIGHT,DRY,FAILING TO REDUCE SPEED TO AVOID CRASH,2.0,18.0,3.0,3.0
10d15b75d4300e669ddd943653829fdcc6b533514be7fc4e3e2b612285aa06a798e7f019debbf8eac8e6af4caaaca0593014f0cc22d6bbcd0b78305a0829e514,CLOUDY/OVERCAST,DAYLIGHT,WET,DRIVING ON WRONG SIDE/WRONG WAY,2.0,46.0,2.0,2.0
10d17563c96cd8c2bca0d801b40750aa12e4563c1ddd6874315475a55a1443775f6519613a81191b9f14c19199dc883418030634445ec4486929aba4a2af20b3,CLEAR,"DARKNESS, LIGHTED ROAD",DRY,UNDER THE INFLUENCE OF ALCOHOL/DRUGS (USE WHEN ARREST IS EFFECTED),2.0,28.0,1.0,1.0
10d1820441c255f52df46399b52a47e7370b6fc03bcae3175c0b275958c4e1128474fa1079ae34b4ce9f902f3fc6866f8b96d58d85674949b87e65664cbeb698,CLEAR,DARKNESS,DRY,IMPROPER LANE USAGE,2.0,45.5,2.0,2.0
10d1c0533ff5dcf50bcee5e5061d69575ddc83670b4f7e5f5f4b98f232f9a39e3b8576d0b413625433aa89164099f4f1e84dc90f37401cb0640412f4142d9b92,CLEAR,DAYLIGHT,DRY,IMPROPER BACKING,2.0,38.0,4.0,4.0
10d1c3e1dd163d898e335dc997a9bb50b584eb61b796918edee929229065a3370fba5a0d8ed3dd37cb1a0e8799d01bf15a450dae099fd530be702159e73c508b,CLEAR,"DARKNESS, LIGHTED ROAD",DRY,DRIVING SKILLS/KNOWLEDGE/EXPERIENCE,2.0,28.0,2.0,2.0
10d1d594a17d765f36251c28ac5e290084c2c785b21744ba5a0ef61b22eac6850b6a954993bd5f554063e33fb1a8d413a74555aed2e6f8cc548b82639e33cf78,RAIN,"DARKNESS, LIGHTED ROAD",WET,DRIVING SKILLS/KNOWLEDGE/EXPERIENCE,3.0,30.0,1.0,1.0
10d1d6ffcaf69ca99bc203d3c9d7c9a34680633f84742c376a28675cebe8515defc954d0a6c4171a416c3b57c9de5829903bcf3a411d5c5667fa400e6b0a2305,CLEAR,DAWN,DRY,FAILING TO REDUCE SPEED TO AVOID CRASH,2.0,47.5,2.0,2.0
10d1e56d8eab7b30c264cf4240a54510f9777bd645c153be0487709551fd6ba9ce47c1300dc3ca3aeaedd98e9596246573ee9a2704d02ea2fadd36dbb1e9fa4f,CLEAR,DAWN,DRY,FAILING TO REDUCE SPEED TO AVOID CRASH,2.0,37.5,1.0,1.0
10d2030b4d4e837a5cc5ad29976c6c0991607738ebda55ba162bafbd4233fd52d40b2bba2111909ba25c04f6648ea6db5f2eb7dbecbaae6dc1510c08f4688e4c,CLEAR,DAYLIGHT,DRY,IMPROPER LANE USAGE,2.0,43.0,2.0,2.0
10d20ca5948f6ef63a10a80e34c100e771a5df65d05afd5b9f5c13151148624ed53756678c8e502d3632d6a498d901bef1c87d6cff29a7dc21ac46487510a456,CLEAR,"DARKNESS, LIGHTED ROAD",WET,FAILING TO REDUCE SPEED TO AVOID CRASH,2.0,41.0,2.0,2.0
10d25e1504f51615089ad08e5c0ed17b5c213adc9b9340e2812865ab1ed57fd7dddaf195fd5b689c660524eb6887e7ace8664f02f2a3398136dfa3814a9df113,RAIN,"DARKNESS, LIGHTED ROAD",WET,DISREGARDING TRAFFIC SIGNALS,1.0,44.0,1.0,1.0
10d26fdb810465f7101c729b582ecd8060489573b5ea0a9cb84eed60c653ab21a2e3b8683ea9c5178d270580dc3db79f7f368708391ed9eca796b045a169ad35,CLEAR,DAYLIGHT,DRY,FOLLOWING TOO CLOSELY,2.0,37.5,1.0,1.0
10d27c507e33ea5ad4a6b777ba003e1191360691a9b1fcec7bee3129f631aa665260a5a13c38cf903f4379a49a63b06d5da8ec4781907ff793c07740a4119efa,RAIN,"DARKNESS, LIGHTED ROAD",WET,IMPROPER LANE USAGE,1.0,27.0,2.0,2.0
10d286b5a9327152a88c8f77d4cb674d6a9481b9b1bbef3f2b2a0ab8975f087699f3f9370fb860d871cb64b1714e126504beca25de5c29af8c75801c0f96bee9,RAIN,"DARKNESS, LIGHTED ROAD",DRY,WEATHER,2.0,37.5,1.0,1.0
10d2bf8b63f4841a58f6baf02653dc53b16b37b0b64ba3455276db35419bd5539df876d62498e6d1b2e292ac8f4de5f42d92c7d2abc8def3bdc4bcfbc7d81b00,RAIN,DAYLIGHT,WET,FOLLOWING TOO CLOSELY,2.0,28.5,2.0,2.0
10d2bfedc56e3daf602985d8cb132f99e28fa32366126a0efd814360acda55281d980645d95db6bd09f0fb91870d3e7352c24d3ac994b607e25627f371e1d40c,CLEAR,DAYLIGHT,DRY,FAILING TO YIELD RIGHT-OF-WAY,2.0,23.571428571428573,8.0,8.0
10d2c2183241bfd5137f91fb77c044410b901bde59a81192043be862fa0d9538e4d28c50e80e07802a7b47d6eada191e6b997d9971babc8fa835a9d08c8456d9,CLEAR,"DARKNESS, LIGHTED ROAD",DRY,IMPROPER BACKING,2.0,46.0,2.0,2.0
10d2ebb165ff8ec9352d0cb439b899efd14f824eecd2155373675af0918742cdcffab396e2a2da2eb85b23a172537e711b7f389a7f9c1b0d6a22fd2d0013d093,CLEAR,DAYLIGHT,DRY,FAILING TO YIELD RIGHT-OF-WAY,1.0,29.0,3.0,3.0
10d2fa3ea0469a0e4c5ab64dce5ab9fb9334da81cb97247928e28cc39f419a78d9b6f15b7bb400f8ed2dd374c3b9962d2e4f5417d49517780709b43c17cad50f,CLEAR,DAYLIGHT,DRY,IMPROPER OVERTAKING/PASSING,2.0,30.0,1.0,1.0
10d309f280e8c403aec328491a37e5d09caad2f0f962140b42594b34a44c726a7362872f8ad486d2c4f583b61f5621c68bd922f094a74d48f51cce4f3404b010,CLEAR,DAYLIGHT,WET,FOLLOWING TOO CLOSELY,2.0,31.0,2.0,2.0
10d30e79ec330093356bf746da4507f9c057393ccdd44f1bed65e53ea8da59029d47b312b945ebde4644f62f922b7ec976964499dc4d397a95b5efb83c392040,RAIN,DAWN,WET,IMPROPER LANE USAGE,2.0,32.75,4.0,4.0
10d310c4b29d447a48213006ff488d05b2ee9fb8e608c7730075b4d2a248f55392651d10f6fd7baac6d567d54b1b051d6e20e024f14d8e0d99a579120bc220ab,CLEAR,DAYLIGHT,DRY,FAILING TO YIELD RIGHT-OF-WAY,1.0,40.5,2.0,2.0
10d32da591d00eee21fd6b0631495d6af028e3680708c6fe8284769ebaaf2c0543f2f2067a2590de46d6873418621bc10f47bbcda45146aa24c8c5e8f0915021,CLEAR,"DARKNESS, LIGHTED ROAD",DRY,DRIVING SKILLS/KNOWLEDGE/EXPERIENCE,3.0,37.5,1.0,1.0
10d3360ee67aad19f04882e67ccd1f8781bf484c5cf57fb14dc2affe970aad2f3ecf58c89195fb2e4d831ddfdf20517b28136552b24e9090ffb3a15eaec57450,CLEAR,"DARKNESS, LIGHTED ROAD",DRY,IMPROPER TURNING/NO SIGNAL,2.0,30.0,2.0,2.0
10d34184ec819f8b38269be036d00b0cd03853fc9fca26cea7df7de9d45841cb0ea686b79f4b7a45e58a40d7e80a0829aba81e3f5617a5001e10ce7853000461,CLEAR,"DARKNESS, LIGHTED ROAD",DRY,FAILING TO YIELD RIGHT-OF-WAY,2.0,42.5,2.0,2.0
10d34606c9c3591b3a3c66802db9f243de4f91b7bc08cf5e50516d0e9271ee27d96bd935a8a243368884dc48d974fb6c0641e2b1246527764241df9ecb9ff233,CLEAR,DAYLIGHT,UNKNOWN,IMPROPER OVERTAKING/PASSING,2.0,46.5,2.0,2.0
10d3476bdf438cbfc054c5252db82dcb4dd74c9d3a0bd683041920bfc59ed9a55b30b47ce6a0e38e0c09367da99a0067856e18afe6b66efdd8deb56bcd55716d,CLEAR,DAYLIGHT,DRY,DRIVING SKILLS/KNOWLEDGE/EXPERIENCE,2.0,32.0,1.0,1.0
10d38b6355b040f4b377f97491bd687a23dfd3c0866727f91d09951e8c367c880b339898b4d48a0cbbb50c8da9962eb43bd23e922d2e1d3320666212ee4bd7c1,CLEAR,DAYLIGHT,DRY,DRIVING SKILLS/KNOWLEDGE/EXPERIENCE,2.0,37.5,1.0,1.0
10d395c371f781e254846e035966909db7d1ecd1817ea0253dca53938f9b9fabe076b19248b9231ffcd060b604d7ab890cf8ae6453ddc2d9a880e97dde38f5bc,CLEAR,UNKNOWN,DRY,FAILING TO YIELD RIGHT-OF-WAY,1.0,41.5,2.0,2.0
10d3b7a21d8e8f49b49f877c2d6da024ea80abc584c3aceb48d8cfeacca219d63337fc30e148f44277fd6912d6bb3fd43612f1c2bde9b50c8100aede5c35ccf3,CLEAR,DAYLIGHT,WET,DRIVING SKILLS/KNOWLEDGE/EXPERIENCE,2.0,37.5,2.0,2.0
10d3bda2adb7147f335ab86320ae567884c7649017533ac27ae4fc4838f7da5bd77e067d4593fb3923082849063adb5549b09cddeb53cc4fb8dafb30e692918f,CLEAR,"DARKNESS, LIGHTED ROAD",DRY,IMPROPER BACKING,2.0,21.0,3.0,3.0
10d417dc2430d940962ce2015ea6c471b3d9294699b3fc689d6eeea42e0b6385d1e85457cf0116ed5a100680c7c5abb2ef9b0d62995880d94cb8da27c3ae974d,CLEAR,DUSK,DRY,FOLLOWING TOO CLOSELY,2.0,18.5,2.0,2.0
10d43c6015c755ef6fcfb2ed777cfc5498b1f731863d2d249854e4ba947b00ae1d455bb6151b998495e4b389a9f96390c94261848a4e1c048a5f4934c333ac3f,FREEZING RAIN/DRIZZLE,"DARKNESS, LIGHTED ROAD",ICE,FAILING TO REDUCE SPEED TO AVOID CRASH,1.0,37.5,1.0,1.0
10d4544a144db3396a6c5879308601f0970e31e8594b541deed26021dec4fb9aaadb25e3e2b01ff05312ad778f7ee0d1846243b7d96bfb269dd4d93c6e8a1124,CLEAR,DAYLIGHT,DRY,FAILING TO REDUCE SPEED TO AVOID CRASH,2.0,38.5,2.0,2.0
10d483df0f00228991f409307aa037dd0626538065e9e3f47bd378afecf5219c567ccdac46b4c68282639eaa02a23bfeb895a92ea7cc44737024fcf075a50e0c,CLEAR,DAYLIGHT,DRY,EXCEEDING SAFE SPEED FOR CONDITIONS,3.0,29.0,1.0,1.0
10d48421c696186c87d2e3d70cf843feaa58041e43d85db0ba6290f694e67c6ace704b0aad8c04155282739f770fbb5ea8419cbe8bf7d524ebb45571e8012e86,CLEAR,DAYLIGHT,DRY,"OPERATING VEHICLE IN ERRATIC, RECKLESS, CARELESS, NEGLIGENT OR AGGRESSIVE MANNER",2.0,34.0,3.0,3.0
10d49cc3dd10612f3e2a004f3dbf9a5447a9637129e1487f0d6475527ddf95117feccd084d085a2e338142f9b347c0aad90af33facc7b1d698c2c611ae6faf6d,CLEAR,DAYLIGHT,DRY,FAILING TO REDUCE SPEED TO AVOID CRASH,2.0,37.5,1.0,1.0
10d4aa8bbab9428b59c6deb2ff63e3ce733452e1a67436d87858227e575e490cb9220cd93d85b7fba72981d491a4a72d8b4758c3e3e64f1229b11e4241aa3e8f,CLEAR,DAYLIGHT,DRY,IMPROPER LANE USAGE,2.0,62.5,4.0,4.0
10d4cd49a431a3c517050494ba1b237984a54ae4890a4342b71b068c0b2ad576284e663e9d28ba1c3cecba9ffdc50944e96960b51f00824ecd6c655e1b2ed14f,CLEAR,DAYLIGHT,DRY,IMPROPER BACKING,2.0,44.0,2.0,2.0
10d4d34f95d879aa06d4826bf916d9a285fbd14403c7abca40412ef29bcae35d3debf71cf93d6f260ac326831164e58decf91fbfed36455051abeaf7f8d36c61,CLEAR,DAYLIGHT,DRY,DISREGARDING STOP SIGN,2.0,54.0,2.0,2.0
10d4ec066a975e69601e275d9d6dc3432cc248f489b29683e7099b357f3db505f7919090ecb56471cf6594c7aa412ff64d096a34e9cbd360a707cb269140b19d,CLEAR,"DARKNESS, LIGHTED ROAD",DRY,FAILING TO REDUCE SPEED TO AVOID CRASH,1.0,59.0,2.0,2.0
10d5041fbf225cff62a01d8499d4ed003fd466358ca45c58200866ed5ccd595a3fbe27225a6e84fb7cd3bcdff441e7ba23a129f6fc9580ca96471164cc7239e0,CLEAR,"DARKNESS, LIGHTED ROAD",DRY,WEATHER,2.0,30.5,2.0,2.0
10d50de459ea340f2fb9e25cc514c1d0fdfbac0abfbffd2f3dd5dee35f529d74ac277cdb30024b07d71991a54589fa2f810967f2e4a3aae020d78d31f81ceea0,CLEAR,DAYLIGHT,DRY,"VISION OBSCURED (SIGNS, TREE LIMBS, BUILDINGS, ETC.)",2.0,33.0,2.0,2.0
10d53113b006dbe0b1bf738300b36a479b7ea9638ef97223365d22d7ea30da95e843f9ae6e942ffb8f8dd7ddbc8543e36f7a8ee7b465ddcfccaaba2bb12f5dc1,CLEAR,DAYLIGHT,DRY,IMPROPER LANE USAGE,2.0,62.0,2.0,2.0
10d58d8d4328bcd6fd7352d8c01f637bfb8357acb0b7973dc742fefc7e4514971b190d1fe9c627c2e39037718317a8db053d0acb7aad8ca372c78cf40dcb935c,CLEAR,DAYLIGHT,DRY,IMPROPER TURNING/NO SIGNAL,1.0,49.5,2.0,2.0
10d5a1dcf4756af12a42ad577ae577f7c1ea35dc92ef0af9c911dbae194beb81efacad3cf956ef2dd98f7d2699b1975e64d0e97ec527a5cff1dc570545a144dc,CLEAR,DAYLIGHT,DRY,FAILING TO YIELD RIGHT-OF-WAY,2.0,40.25,4.0,4.0
10d5aafac8b710389f0cc6c612d2269d21497c7579ea7dc703f162596f58161466f37b4ebc902ecf309b0c78d52e58a36291d92b7141f644e686dc2611905ca1,CLEAR,DAYLIGHT,DRY,IMPROPER OVERTAKING/PASSING,2.0,47.333333333333336,3.0,3.0
10d5ac0d92a40a49799a7d2af6cca4385d2fe1587fb2f5c3cac2b6d985f8fa637a8b7d90b665b601568a80f2df02880d18f5ed5996befa50ce80764026022579,CLEAR,DAYLIGHT,DRY,FAILING TO YIELD RIGHT-OF-WAY,2.0,31.5,2.0,2.0
10d5f22f874d12e201d695f8317c0f7b74e5d1da6e00359a2dd7abf5af1f30e48fe162630a2019008a6a0ece611aedd35124cc76b47333132407df1857152f73,CLOUDY/OVERCAST,DAYLIGHT,DRY,FAILING TO REDUCE SPEED TO AVOID CRASH,2.0,37.5,1.0,1.0
10d5f3ea75161e62ab4a5b9570c5a70f374db0fd21cc95b14c45becff732abd075a7b0e1a5846ef60acb4d7913eee8836d48b768408f25b9cbaa68d13646b897,CLEAR,DAYLIGHT,DRY,FAILING TO REDUCE SPEED TO AVOID CRASH,1.0,37.5,1.0,1.0
10d62645ce0d1995ef846d134ca2116993911a5a923bd7c491c96e2ec66011ed19ca7e88011a71c4f44858f5009ebd46c1966d75d22b9f94e0a00c6ae5db153b,CLEAR,DAYLIGHT,DRY,DRIVING ON WRONG SIDE/WRONG WAY,2.0,25.333333333333332,4.0,4.0
10d6495a03f30a28ab4323317ca588e6bf03aa92eb618f05ec34e344e075108015539b5f06f3395dc8fea9752a22b3882285e9b2657c9c838f103b64a0c4b91a,CLEAR,DAWN,DRY,UNDER THE INFLUENCE OF ALCOHOL/DRUGS (USE WHEN ARREST IS EFFECTED),2.0,37.5,1.0,1.0
10d653046ec7490ce072ac0016d0adeaca6b4c71a28c9ac652bda4e5a6d072c34ad2b674d3fde385bf91825bdfe56dfa196152ad6f17fd2391313fd88f6fdac2,CLEAR,DAYLIGHT,DRY,FOLLOWING TOO CLOSELY,2.0,30.0,3.0,3.0
10d68dbdace65fc7363386fdd7051cba4737aa9e313b7c2775f7c0857daef6718d85e91d7c78c0be5436ad323f397adaacbffd73204218728d7efdb23f58192e,CLEAR,"DARKNESS, LIGHTED ROAD",DRY,IMPROPER TURNING/NO SIGNAL,3.0,23.0,2.0,2.0
10d6b526b459cc31514ec62738a9189825d25311543227156d50fd7db05ecb7542238d257a665b026196b1793b742dce0099e5b1074b63d1814ba2385362f8bf,CLEAR,"DARKNESS, LIGHTED ROAD",DRY,IMPROPER OVERTAKING/PASSING,2.0,30.0,5.0,5.0
10d6cf1b079199b6b5f9202e7f3685a0cff3ce4fd254ba95c78452fb818c45204779f7ab70b3b28af8c291ddaf8a1c79d425344b305f3ad639ae0e7abb51a490,CLEAR,DAYLIGHT,DRY,"OPERATING VEHICLE IN ERRATIC, RECKLESS, CARELESS, NEGLIGENT OR AGGRESSIVE MANNER",1.0,40.5,4.0,4.0
10d6d274c803aa1400ad6793bd95b4172830eb3037b5f43fc1c9be7b26fc82c2eb59c86a8d467ef2bb99b7d37aa1ad2a87cc60720d5b9e017d6f0bf73296e389,CLEAR,DAYLIGHT,DRY,"VISION OBSCURED (SIGNS, TREE LIMBS, BUILDINGS, ETC.)",2.0,44.5,2.0,2.0
10d6d86cb39f2950350c7b5bdf108597e3b4e6a9e3789f4dd1319259a34b2e56facae68d410c3ed16fdaf6a83f0b7db15082ff56c54bf1e3caa14537bf1ae8a8,CLEAR,DAYLIGHT,DRY,FAILING TO YIELD RIGHT-OF-WAY,3.0,33.5,3.0,3.0
10d6e9e897cc5827f5946e304f797077090a7f218bd083b5712e5ce33dc0a75cc8722a91101ce89df14220ebb434bd41b7853a296cca7e28f750140bbf401f46,CLEAR,DAYLIGHT,DRY,DISREGARDING STOP SIGN,2.0,52.0,2.0,2.0
10d6f310836c4acaa2afb5013141d4f3b44be9761df4a691d040ce2706b2f6e84b935d5ee020adfa1729a405c011c27eafc7f49552470f24ec7c925ccf0c56c1,CLEAR,DAYLIGHT,DRY,IMPROPER LANE USAGE,2.0,19.0,2.0,2.0
10d71b7dbbaa12c3272f6fa403201298981fdf5f6ea9f698b0db50904f90422b9d858ef6d386d2c65eb63e711a431d4d6beeeb70cc67ef2aeee73e28a28cf559,CLEAR,DAYLIGHT,DRY,DRIVING SKILLS/KNOWLEDGE/EXPERIENCE,2.0,58.5,2.0,2.0
10d735fc21369f91ff79dd008158b807087ec07939521f1ea9444b9daeb4284c72f1e9efcc72797b602464c611eb2193e3432a444bdbf16c376ee0f8218163cf,RAIN,DAYLIGHT,WET,FAILING TO YIELD RIGHT-OF-WAY,2.0,42.0,2.0,2.0
10d73eb9a9725e0d22ceebbf5325f3a6a361e2c0f72dad2089c9d38490fa739011b68d1f5144b124ad462401bd19e7525c8157f7bb3d4be90e6105428c34f7ec,CLEAR,DAYLIGHT,DRY,IMPROPER LANE USAGE,2.0,22.0,3.0,3.0
10d756bdd88ed0cbaef49ce9d2c8666f098c85ec748854ecc6dcd54cea56eaf989ab77e0a8031b34c6bc39c30ca5cb883d9155062f5340db07b47305ad0da519,CLEAR,DARKNESS,UNKNOWN,FAILING TO REDUCE SPEED TO AVOID CRASH,2.0,37.5,1.0,1.0
10d77b5e25e4bfccfcecc01d5db722d5150157587b8ac7fd20f99214df0bfb07dc0b68e3ff7ea9fd639f7e15b6d2136362a5ab194919abbf3b81d108c4d3a5fc,UNKNOWN,UNKNOWN,UNKNOWN,FAILING TO YIELD RIGHT-OF-WAY,2.0,49.0,2.0,2.0
10d7c1ab3ee1835d306f0440c49ab236e00c3d10ef98b8f2035775cec891deedd254c1db3cfeb8a5dd5c34423c549a452173108241e2b89a2d1728adecabcb27,CLEAR,DAYLIGHT,WET,DISREGARDING TRAFFIC SIGNALS,3.0,28.0,3.0,3.0
10d7d7707101400a8eb141072947225aadc078aac072bea3fa4e9ca8b8f7a3e7c814c142e44a08255368062a9042c18a2f453db7c60d8de143b075e46b9c9f90,CLEAR,DAYLIGHT,DRY,EQUIPMENT - VEHICLE CONDITION,2.0,40.0,2.0,2.0
10d809cf6fc8b9b26765a62dd1889ecab9e32cd9b7b8e078a9b1735dd0b8717f08b724b0b74068d62869df5a0c7279f5462fc9d93887e02d7f1b0f1f69197198,CLEAR,"DARKNESS, LIGHTED ROAD",DRY,DISREGARDING STOP SIGN,2.0,41.666666666666664,3.0,3.0
10d80d4e04907a2b4563bf03447d7da0d980baf1365ffc060cd7756c21b7ea22f3f9382e831347453fd2563179deff079e6ad58744663111b5259ae918bbcc37,SNOW,DAYLIGHT,SNOW OR SLUSH,FOLLOWING TOO CLOSELY,2.0,29.5,2.0,2.0
10d822171811655f74a796a51269f5c42c5b25c8d6291602a45a8461474cb9bc7323a1cc1fcfd6dc71c6a5a55870f28c664f9735077edc39c3cde63bade7ead2,CLEAR,DAYLIGHT,DRY,IMPROPER LANE USAGE,2.0,18.0,2.0,2.0
10d8491fc9d90fa84781927c74ff3629c1777da078628fc88c9c37fc1143c53cf332720f5dde5ee23b52c8141a68b790d1742e977a9e06602bd12f38c2ea7dc0,CLOUDY/OVERCAST,DAYLIGHT,DRY,FAILING TO REDUCE SPEED TO AVOID CRASH,2.0,38.333333333333336,3.0,3.0
10d85a2bd8fbfcbc2e148b0ce5223e3c07e436dc7d7ddd88acbe36213b2421c91b758bd20a96d1d1eb2a90088eef17272a727d7b4c5579d7abed0034f1d7c3f5,RAIN,DAYLIGHT,WET,IMPROPER BACKING,2.0,25.0,4.0,4.0
10d87ca25c583b87f64483cda97321cb48b5e6715ce1d779c24147b5edc9c7c5b8f62acbf2d9184e48ed1201dd8d25fc3319edfce1038bff80dc7eaf6d7d27ad,SNOW,DAYLIGHT,ICE,WEATHER,3.0,51.0,7.0,7.0
10d8ac33a7267b71cfee064ba8b7b45e280c3a753290a6de8adf83995e02c76aba9c3af68c1746943195c5c8ff2e62d6c6bdc1ec0872f2bd7c85b84c4d36b07c,CLOUDY/OVERCAST,"DARKNESS, LIGHTED ROAD",DRY,DRIVING SKILLS/KNOWLEDGE/EXPERIENCE,1.0,31.0,1.0,1.0
10d8c56c9288dd2a52fbbb4a54da9fdf268318fba1830d221051e44a78463c96b13d75f7ba34659afda4a657521fd32e75195e00d8ec30ac82b247c4e4193ee9,CLEAR,"DARKNESS, LIGHTED ROAD",DRY,IMPROPER OVERTAKING/PASSING,2.0,29.333333333333332,3.0,3.0
10d8e3ad50ef8d865928af9bb809b689d4dfb1ea8d651dfa67856fa32617ff3f1724c5d68a71ca4531cb0ba6e9a626a264251c546da1821ae99f5a5c17592ca5,CLEAR,DAYLIGHT,DRY,FAILING TO YIELD RIGHT-OF-WAY,2.0,29.5,2.0,2.0
10d9200e91befa3f4dd25c2f7abd6e4e3df1fe750bba44dde0ef047700143fc57f7f9e82e9064cd60a39f2022d06fda134be39d63bc088ab591a7f1c4e227c38,CLEAR,DAYLIGHT,DRY,DISREGARDING STOP SIGN,2.0,55.0,2.0,2.0
10d92f2fdfd3b8c6d0c1def7aa04f2569265e261527a6c042c0b6e9a879c8d6b98558110d75e5ac7421228cd616c56138c071e8100782815eda7b8870ec49fdf,CLEAR,DAYLIGHT,DRY,FAILING TO REDUCE SPEED TO AVOID CRASH,3.0,27.0,3.0,3.0
10d954684a2598de567493d43adfc7ea067adcf3e635a7744d7537d3f15de8c54c6a69697795ad9d0b827e1be7ea45ab057ad924d0dde4aaf4d7ccc9dc3436bc,CLEAR,DAYLIGHT,DRY,IMPROPER LANE USAGE,2.0,30.0,2.0,2.0
10d954fec9a5a334048e1376022a96a517bac46fcf174cf65963630caee3295151ce14a3f2eab2939891053cf3151c937a1b99f9bc77b7325114f318f5226bcf,CLEAR,DAYLIGHT,DRY,FAILING TO REDUCE SPEED TO AVOID CRASH,2.0,30.0,2.0,2.0
10d957f191f71dd8c238a48274408bfbbfc52bdb9fda7bbbca02cd8ead846e18e1c01d59d44635840bd462e7d9332d71d009355a3c45a66e08c905d05beff5c9,CLEAR,"DARKNESS, LIGHTED ROAD",DRY,DISREGARDING TRAFFIC SIGNALS,2.0,31.0,2.0,2.0
10d973ff52f82c5e9a5bc6dd310b85e9f4082b71f379d0335f0d1ea64503c332561ff85ba86906bf10c2d4608f1fe79650985a83ecd3ab98a53f349b1478b2c9,CLEAR,DAYLIGHT,DRY,FAILING TO YIELD RIGHT-OF-WAY,2.0,35.0,3.0,3.0
10d98651ac48a72be00fdbf1802a90a90c802e82610f5243a82f1d949f494c9d9b15fa239f6c654137daf508a7e1b015c3c3efb517fb4b8e2adbfc3ead82c38f,CLEAR,DUSK,UNKNOWN,DRIVING SKILLS/KNOWLEDGE/EXPERIENCE,2.0,46.0,2.0,2.0