crash_record_id,weather_condition,lighting_condition,roadway_surface_cond,prim_contributory_cause,total_vehicles,avg_driver_age,total_people,total_injured
10d98d2bdba76b73d7302d22c3f329eb3b52fe78075c387cf39a73240a94ab12c4e9dd6162bb7187f53469d1e38a20536b2ca82593fd7064ade0016c5aa0b266,RAIN,DUSK,WET,FAILING TO YIELD RIGHT-OF-WAY,3.0,19.6,5.0,5.0
10d9aac8a6a2f81abbdbf4c0fdc5f4073f8fea032d9e6b92ffcb517fb479c215e598bf210c022946050257a076276fd69381f25435f201dafe12186fd12819a6,CLEAR,DAYLIGHT,DRY,FOLLOWING TOO CLOSELY,2.0,51.333333333333336,3.0,3.0
10d9bebce190ea4408eb3e775f0ba0c2af458fc10a822d7693d9a5acc41dd6daa1819f2b79cd8e018c58230111a458b8efa8db0db207c474572515f903cd1585,CLEAR,DAYLIGHT,DRY,FOLLOWING TOO CLOSELY,3.0,40.333333333333336,3.0,3.0
10d9d15fb703703b26fd0a57952d6b9631a7c444941bf607d36b4464dbd19255f8d49de3ffdb35def8137051b408687ced5978628e64b9378e1a3aa285d6a13b,CLEAR,DAYLIGHT,DRY,FAILING TO YIELD RIGHT-OF-WAY,2.0,56.0,2.0,2.0
10d9f3e9adcd747d82ebe08aa304878dc00422cac22fd8acd4f9aa53ef4b957c9582649d16be5ea6736067b93d74a709e9e00a33463f72b10fc35cfe9f9938b6,CLEAR,DAYLIGHT,DRY,FAILING TO REDUCE SPEED TO AVOID CRASH,4.0,29.5,4.0,4.0
10da000608fdf25988f462590a2a6a22738e79c04b1b4f1700d90a69773cf64d5a968ec5a77df8a8094639928dc83f8167ad635f3752e099b6d9b8f3bd84c5a9,RAIN,DAYLIGHT,WET,IMPROPER LANE USAGE,2.0,37.5,1.0,1.0
10da276602dca463c9cf342decf9dc82ef4d09de176b1fd775276d343d430cc915807c8414c602c6a8c20fc25a659520417f0068894bd764a0c966e83788d5f0,CLEAR,DAYLIGHT,DRY,IMPROPER OVERTAKING/PASSING,2.0,37.5,7.0,7.0
10da512d7b8eda00d6115605176a46b0e6bcdd878e46c39c68d74f9b4f4c5fc6e765ce17cd25bfe331d540b26b7a45b602fe57792ccb5050ad2e669e0d34ca45,UNKNOWN,UNKNOWN,UNKNOWN,DRIVING SKILLS/KNOWLEDGE/EXPERIENCE,2.0,24.5,3.0,3.0
10da7f6e53bcf96e33b7db136c42acaca105e2a213537b8b812369f35ad0a7c4f36927ba26f19be83fcf561c6beff0ede1555387d85a9e014cd1ff32b050cd17,CLEAR,DAYLIGHT,DRY,FAILING TO YIELD RIGHT-OF-WAY,2.0,28.5,2.0,2.0
10da9beea87b131f3a20979bf683dce52c1f0a9cd236b10d349ac697ea36d5e509562a65678e7e38bfc813d6bf8a6ea52b6b91e813fc674ab302530c497f20e0,SNOW,DAYLIGHT,SNOW OR SLUSH,IMPROPER BACKING,2.0,61.0,2.0,2.0
10daa09875806d11821f4a5c2213ed74043ac45dc300ea9bfabb7b893d1dc0a254a025434dbca38ed81752d1f76338ab4fc2539758994fa567e626fa87747411,OTHER,DAYLIGHT,DRY,IMPROPER BACKING,2.0,30.0,2.0,2.0
10dab845044b4cdb23b63bc9d5c6e1fd1d2601e0dbacdcb90e6405463b13fa6294c1d0452d13a89bd5f83030c0fc60387266c6f30faa9061da567edddae44e6f,CLEAR,DAYLIGHT,DRY,FOLLOWING TOO CLOSELY,3.0,29.6,6.0,6.0
10dabe255f3c08ebcf931d2f8def1fbaf2275d9158461fc84ea06e1c70f7e5934d7def1b3385c389bd83551e6ce6e3ab165a7e69f5f5d0edc8b3e6c6a0b7f92d,CLEAR,DAYLIGHT,DRY,IMPROPER TURNING/NO SIGNAL,2.0,56.0,2.0,2.0
10dadb9cb2af5d023be0fb9f6951d930b7854f211d52727f76b34629cf3dfcb292bdc9c64f1ec50513573f3d2e9a866c67651dafdef3223cbb27935e80ad36b1,RAIN,DAYLIGHT,WET,IMPROPER LANE USAGE,2.0,29.0,3.0,3.0
10db030cf7cc6e236675df579effdac88c154d77a7cb2550a185074ff7b854bc0687b7f482f4c3120f05cc857e7d8ca50629cacef0e34a90d39e1342eda0715e,CLEAR,DAYLIGHT,DRY,FAILING TO YIELD RIGHT-OF-WAY,2.0,29.0,2.0,2.0
10db104aba7a6d3fd04fc347759cb506a44aba38c11a6f8965cf8731584d4d54cbc87acd4d64a35268fa09ab773a83b905300acf049931600d06fee3fecffba1,CLEAR,DAYLIGHT,DRY,DISTRACTION - FROM INSIDE VEHICLE,5.0,44.0,2.0,2.0
10db192c1a263bfb2da47487d0ebacf9b6cd731a26b3ec8f96341ec580fbd2a75b8bb75a224c19a0b49a3b07738d255eefc8d7a7790634197178d86a2a43b0f8,CLEAR,DAYLIGHT,DRY,FOLLOWING TOO CLOSELY,2.0,50.0,2.0,2.0
10db20c93c0d0adbd5982378eeec73169bf05ecc93617fc0a48b2f8eef138945cf8454df9891fd0e627dcc7a7e1510d26baa4bfb1783d4edc1cde2be60362d8d,CLEAR,DAYLIGHT,DRY,FAILING TO YIELD RIGHT-OF-WAY,2.0,54.5,2.0,2.0
10db254e85c473c7bc5ebd89cf348b417eb87238dbf548770dfb22b8f2afeda4553b380e7eb67849860608ae192f766408886d9cf6849712978cd32a89db3ebc,CLEAR,DAYLIGHT,DRY,FAILING TO YIELD RIGHT-OF-WAY,2.0,41.0,5.0,5.0
10db34d974821ea9d7e8a88f62a3405ae93437a904771b272eda258854240cae9f5f744b73798e5c12c449e79f16d743aeb57970c0a4fce59ad3097a8f4382ff,CLEAR,DUSK,DRY,FAILING TO YIELD RIGHT-OF-WAY,1.0,16.0,2.0,2.0
10db3eccb452aa873be410857dded5fa037435250fddaf1caf2baf4f04891b336f7075578f2f5192e52087aae3564da066d03771f825dc8a5c53b5688632b9a9,CLEAR,DAYLIGHT,DRY,IMPROPER OVERTAKING/PASSING,2.0,29.0,2.0,2.0
10db6590bc605b87af8b3d2eebfce344bfa7e111853454b80ad1dfba15a912dc510e958fd23f9ccf00d471c0526d266737006b119b7d3d953ae28a2427ffdfb0,CLEAR,DAYLIGHT,DRY,FAILING TO REDUCE SPEED TO AVOID CRASH,2.0,56.333333333333336,3.0,3.0
10dba5b23f6c2aecdf093932e152bd57c4e919a6e763a4cac0eccb93fd9f9d0e42446ea935d605825e0b82104f29f0f51b8582832a3cf69f8775647f011c04ed,CLEAR,DAYLIGHT,DRY,DRIVING SKILLS/KNOWLEDGE/EXPERIENCE,2.0,37.5,2.0,2.0
10dbd5a1c384bcaacb2f8ff29f3db2029c03cafdb7e8a8240179f86528bd789f26b074e20e8cb5a99d9c15f43f81a3157030a52ca47c3a48d723e6a129486209,RAIN,UNKNOWN,WET,IMPROPER BACKING,2.0,47.0,2.0,2.0
10dbee58712cc455a0b1f87d7e115676440995c11d30d17902ca6c827e98331ae3a718e72cf2454ec03ffd77990f93bf7843e2c61ee990fec7f1f74783f3d3bc,CLOUDY/OVERCAST,DAYLIGHT,DRY,IMPROPER LANE USAGE,2.0,45.0,2.0,2.0
10dc2c74e3e1f9c1ae87f4f1e05a779ba1b32fd92bc63559166d115e3e4489932d1c92616aca25ffe655c90932fb052402b76ac2b63b4622513932ce616d4dbc,CLEAR,DAYLIGHT,DRY,FAILING TO YIELD RIGHT-OF-WAY,2.0,34.0,2.0,2.0
10dc3039c922b274302f79c214497538705b1b5e496a2f85134a4b32f6e8aab99cc14480875bc0e3ddba07fd85aab4173a18090f20366c026339e787d9f4f0af,CLEAR,DAYLIGHT,DRY,FOLLOWING TOO CLOSELY,2.0,34.5,2.0,2.0
10dc34081099c23963c799c2188fefa2d5bd42706e47ef8199abd0ca6693bd733c5df19b751a2536850996f6c4656ed9adcf91ce427f4092b21c98a63fd5afbd,CLEAR,DAYLIGHT,DRY,FOLLOWING TOO CLOSELY,2.0,42.666666666666664,3.0,3.0
10dc3e58be90be9cabc8e3c13049749741c62a69636170ebe2e32b5fa96cdd8d7fd1001453f7465d81cdabaf44381636bdd84f218c55092861a62bf9eb2a7838,CLEAR,"DARKNESS, LIGHTED ROAD",DRY,FOLLOWING TOO CLOSELY,3.0,34.0,3.0,3.0
10dc4181d385d33c8ffff446bda336209eeeee15c0f695b4a842e96a7e56ed7e1c3fdbb20518e6df517934500d33046310035bb69eefb78f48c002e14412ec38,CLEAR,DAYLIGHT,DRY,DRIVING SKILLS/KNOWLEDGE/EXPERIENCE,2.0,37.5,1.0,1.0
10dc4ce37db4053c5f4da7089092a010058bc14783232c6f98c394fec2bd75e5e9886be00c07095c55e0c51870044a70c8a6d2a7665227200733005b4aa8399b,CLEAR,"DARKNESS, LIGHTED ROAD",DRY,DISREGARDING TRAFFIC SIGNALS,2.0,37.5,3.0,3.0
10dc4fd7ad90e077df0271abc95bf9d1a407dd94546c060ea21734765b2be9c5255e9ba65aecdcdb1688b2c8e76204c2614e6be183178b181e4122344e88013b,RAIN,DAYLIGHT,WET,FAILING TO YIELD RIGHT-OF-WAY,3.0,35.666666666666664,3.0,3.0
10dc72586ab8af91cd504eebbbff9a941a8adc8df48b0a85e340b3955d8e2e746331cba7bc7cbebddac4e3acdbbfeba5ef8f49321505d8cde4d59af1a16dd893,CLEAR,DAYLIGHT,DRY,FOLLOWING TOO CLOSELY,2.0,48.0,3.0,3.0
10dc7c2a68fc1859c2002d72851134504cd06b5a5eb2b50042743b0d4f673691b6d545ce08ee651375692252e326d147a0731e7104c3acc73e9f75135806794f,CLEAR,"DARKNESS, LIGHTED ROAD",DRY,PHYSICAL CONDITION OF DRIVER,1.0,31.0,1.0,1.0
10dcd1ed81ef0d390a6256bc0b2c15b58d9074c001c2831786d41602c1c5603902946c0b727730b976b229946e77b583e6a793f7c4ee93c88b7cf79c784e8a90,CLOUDY/OVERCAST,DAYLIGHT,UNKNOWN,FOLLOWING TOO CLOSELY,2.0,54.0,2.0,2.0
10dcda527c798f319dac57d50f04d8414337f40a6b0469400bd4d92e0c356f5c87bd680350330190ed7ac9e4a31b9caeb077d1f45623cc964468c6bb41a416db,CLEAR,DAYLIGHT,DRY,FAILING TO YIELD RIGHT-OF-WAY,2.0,23.0,2.0,2.0
10dcf58bcf44d517d16cda9beafaf8fd150327e07a700276e224f1683fe1fb331aaa4739150ac0d08fe3e38cb4662bf08558a2daa699cf3909ddb1acc5464cc3,CLEAR,DARKNESS,DRY,IMPROPER TURNING/NO SIGNAL,2.0,29.5,2.0,2.0
10dcf6bc5ca5b4274c69955675b707ac8e533b988ed6c9b5e956f1202f51e216858a3b8c0f130b83b57b646a8ec8f044d1c1bee2e635bad9a224fc89d018f042,CLEAR,DAYLIGHT,DRY,FAILING TO REDUCE SPEED TO AVOID CRASH,2.0,68.33333333333333,3.0,3.0
10dd55f10a73f39b59b5be50296e77441ce91a54842a213f0aff7dd79c5e44d056ad879634dbcb63e1aaecd93f5637e204ee3ed5d761432373f5521d177b43c5,CLEAR,DAYLIGHT,DRY,FAILING TO REDUCE SPEED TO AVOID CRASH,2.0,36.5,2.0,2.0
10dd5ffb74f571777138bd2c606b2caf8f1f7a80fbc89c4c6cf9b0c27fd35a3e9ddc58f2a7137f48f33499b23128dbba4e967198ca92a69da9a642a9d7c8fe07,CLEAR,"DARKNESS, LIGHTED ROAD",DRY,FAILING TO YIELD RIGHT-OF-WAY,2.0,38.5,2.0,2.0
10dd7786a7035b7ac31fe6204de99811a1281cc0f879ea349c9151df997fe87871c36a897877399230d59b6df3788f7530ad487d5693f1412013ae525105e682,CLEAR,DAYLIGHT,DRY,FOLLOWING TOO CLOSELY,2.0,27.0,2.0,2.0
10dd7dff52d2fd5037ea1994d52675fd6725f1eca4806e768fa9a92585c2187da8b6f128d2830ac0f5a863ef7ffc8feb607151e7be705dc6846a580ea9e075de,CLEAR,DAYLIGHT,DRY,IMPROPER OVERTAKING/PASSING,4.0,19.0,12.0,12.0
10dd83a6ad58cf0ad46dc32fe707a5036fc701ac531cf9dcb5e68a701461373741b0190e03e0ba7ac72033af2539413466f925c96456acda4467eb390ee80f89,CLEAR,DAYLIGHT,UNKNOWN,DRIVING SKILLS/KNOWLEDGE/EXPERIENCE,2.0,37.5,2.0,2.0
10dda350ca5d9023a6f7919d0bf3241b116fa80eee075e87aadca81e6c5ab00f26606d9a52789c1b13a5b75a4c55040f4708e55da5ee198b1afdc642faa77d34,CLEAR,DAYLIGHT,DRY,EQUIPMENT - VEHICLE CONDITION,1.0,33.0,2.0,2.0
10ddd8b0a6ba7746c0b4ca8138766806652f080ba251fc96366a72ea18d03116d8d403f56f4ea43ce47d01e60eb7b1be8f17672d6cdba05e520e4d89a258aa33,CLEAR,DAYLIGHT,DRY,IMPROPER OVERTAKING/PASSING,2.0,39.0,2.0,2.0
10dddbe8e3d72182be0e0c73e331ce65214149cbc47b95ed503c5265c1e764a82efecde01c3490430e337017fc2c1a88aa5838abef633ee4682ec5b4f883bdf3,CLEAR,DAYLIGHT,DRY,IMPROPER BACKING,3.0,42.0,5.0,4.0
10ddfdd388436b2c08923a38ec0578cb99801ca5f86aa6c632bf8a12d2b52f404bc2bfa86082ccf63785a2dbc09dc142c7cb1c1c84d7ce49f138899243fb43e8,CLEAR,DAYLIGHT,DRY,FOLLOWING TOO CLOSELY,2.0,28.333333333333332,3.0,3.0
10de14b2f726ad57ab2d0c11ff6937e4279cd662294bb564455125858e15c26d690ba2da3db150efcccfc5247dbb3d6ab0a73c8f7946ccb7b458af99082108a8,CLEAR,DAYLIGHT,DRY,"VISION OBSCURED (SIGNS, TREE LIMBS, BUILDINGS, ETC.)",2.0,32.0,2.0,2.0
10de1b890758360746adfc6a9b399b589ceed88b533cc47854e8a7c40d289b587eba97a5591a71b85d7ed10023735e891e4642b8bb083458d2b34759859e27ef,CLEAR,DAYLIGHT,DRY,FAILING TO YIELD RIGHT-OF-WAY,2.0,56.0,2.0,2.0
10de2e4e2c369b83de1e7cc28203fe5f9b5febba44b25c5c0e562065a42c77d95a9fab71ece94e7fa208578b7420b7a5b29f52f27aadf89e88f719f827945227,SNOW,"DARKNESS, LIGHTED ROAD",WET,IMPROPER LANE USAGE,2.0,30.75,4.0,4.0
10de38f5912d56f3f1a95eb31ed92b3a09d5496b6f3b3926b9ba6f2b52ba4f4691c068441cebe119914ea7a7377e7f598488692e03c7f1da6790f1ea3343f7f2,RAIN,DAYLIGHT,WET,FAILING TO YIELD RIGHT-OF-WAY,2.0,54.0,2.0,2.0
10de5ea7294966fa2f7a90707a24806a1b225e0312065a36bac7dcb5619c5a51c3c9c416c47b6fa839141555627913ae50f74a3d04c48b04a1c2998313b38fc0,CLEAR,"DARKNESS, LIGHTED ROAD",DRY,FAILING TO YIELD RIGHT-OF-WAY,1.0,40.5,2.0,2.0
10de6b0245812bdbdfc9f18a06ad485d8b4eb429be6e6cee9bbf5281b7866c183e4839220b35ab4b096d433b84bd3749164f74461b8fa5d29f48ae1aadc8581b,CLEAR,DAYLIGHT,UNKNOWN,IMPROPER TURNING/NO SIGNAL,2.0,53.5,2.0,2.0
10de73ee6039987dc5f541ac3fb6e60d17a150ad17fd3584e756f497fd58c93e60b0e90c22854bbf3b3c48973c61f55f2e28483b05f74b00c4962a5de62fcb6e,CLEAR,DAYLIGHT,DRY,DRIVING ON WRONG SIDE/WRONG WAY,2.0,37.5,2.0,2.0
10de82616e4f78691ab651abf5e3832461d91b42eaf2abe83b0a92bdba63a273f290a8148bb7be26addc9d1725f161f80f5e8b484f9fec7541749cbb8eabe6ef,CLEAR,DAYLIGHT,DRY,IMPROPER OVERTAKING/PASSING,2.0,59.0,2.0,2.0
10de8e964feb46dbe8a5bb60c00201e2c36f7ef9d3f59c8176f201d5b3f5bc845b7b6c1ad63ee2ca4d31f66a4ec04efba7e8686b194729bc7034f1d01b3d7fae,CLEAR,DAYLIGHT,DRY,FAILING TO REDUCE SPEED TO AVOID CRASH,1.0,20.0,3.0,3.0
10dea97feadded5384214a911ad42abd7291832fcad0552defd36ac228bc2ef7d49cf8de264681e93ab3081a25ef9b6bdd5939083bfc229d30441aabf9ef909c,CLEAR,DAYLIGHT,DRY,IMPROPER LANE USAGE,2.0,35.0,3.0,3.0
10def2a9a01e54b6b7404b5d697f5821058248ab7681ba9cb28f6f38e7cc93a5722d3db7577506cfd30634e76f088b2d401cea98ebb8cf2ef8541109370206b6,CLEAR,DAYLIGHT,DRY,IMPROPER OVERTAKING/PASSING,3.0,37.5,2.0,2.0
10df0fe07af858c3db9271b6522e72476cad71f08ce5759636aa9247beb9260379c0dc18766e2f4abd814857519c085ed625cbe254f8bfa87df17ae7372717be,CLEAR,DAYLIGHT,DRY,UNDER THE INFLUENCE OF ALCOHOL/DRUGS (USE WHEN ARREST IS EFFECTED),2.0,64.0,1.0,1.0
10df1bae24584b34f06aaf53abacb8a02dab56246113c2ba50ac5ebf02b50a373ffdbdc31e10bf74d403b11b21bb2fdbeeeacd79abd95822a021004eb027f148,CLEAR,DAYLIGHT,DRY,FOLLOWING TOO CLOSELY,2.0,44.0,2.0,2.0
10df2f77aef652719d4a06f61d412dd56b287af9fadcf42cb4d643625e30afbd3ed50d7d1e456cce286a100d3d29131bb3f9e7e7935b47d56642b6d159507176,CLEAR,DAYLIGHT,DRY,FAILING TO YIELD RIGHT-OF-WAY,4.0,32.833333333333336,6.0,6.0
10df3b74325425336127dfc261b77a6aacfa3d69785d630cd82f1f42cd760174df50e2c81e648e33c17be1f565417cc9242a0eba40a4e9d97290ea6e1601cc4a,CLEAR,DAYLIGHT,DRY,FOLLOWING TOO CLOSELY,2.0,37.5,2.0,2.0
10df5fb575a28db35d90f06274d971ae88dd8d723d732b7e3517c363137cc2e5a9b61fc5531021c17f6f033c0264a7fcd3896e509e440885b07ff563cc111af9,CLEAR,"DARKNESS, LIGHTED ROAD",DRY,FAILING TO YIELD RIGHT-OF-WAY,2.0,37.5,2.0,2.0
10df66dfef594db7e3f0840831735b0b1af77f8a706694b333354bfe7c0c99b5045d13694eca91b644c2c8ac94805709a6b81c4ed9966cf316deb480a3d502bd,CLEAR,DAYLIGHT,UNKNOWN,IMPROPER OVERTAKING/PASSING,2.0,52.5,2.0,2.0
10dfcaeb5de77603cbe1ec739dd3e7de312b428fcb33a21880ccac195279c76a42c12605a1e8a839c4ae17df90f436699c5f33a922405c00108175ad99382b61,SNOW,"DARKNESS, LIGHTED ROAD",WET,WEATHER,2.0,18.666666666666668,3.0,3.0
10dfe6089e673fd6a8c1fe177a6b02f329b381704c67bd003b1778584db7258100979ef8b5ff6439b918e19bcad1520d93fa1cc2f9914b1c27c25ee3a8b0f2f8,CLEAR,DAYLIGHT,DRY,IMPROPER BACKING,2.0,47.0,2.0,2.0
10e00017575a548ec10bf884494a4ad2c2c2693f3e9123d874d8785517b10ad153c7f68bee9e58209fada6ec4fdb84649e93286af94a76fa336b02cd7aed4777,CLEAR,DAYLIGHT,DRY,DISREGARDING STOP SIGN,2.0,36.5,4.0,4.0
10e002ab461873f8ad8c4b26596cfee883d4430f9a643c984bf3127a4b2c9044e4aa55d8ee8ee8b6e99fb14d86a0e1cc4d6afb3ea50ae5f553afed098acc154d,CLEAR,DUSK,DRY,IMPROPER BACKING,2.0,30.0,1.0,1.0
10e04c92e1ce34f65e2ff3d2a93f55bb329c4f3683780ddbb8e144651f246660abc3760049ffa75e159268aaa7b18adebbba61d321bf3a76e6700e7e3b788c6f,RAIN,DAYLIGHT,WET,WEATHER,2.0,42.5,2.0,2.0
10e06c14dde6b4ab805c2aff416125a90684eb621e1be85180cf83ed4edfcb3358696724cb7ad8d5f00ca31c482dcd3268ffa6e2ed4be07a5a22b23721306c07,CLEAR,DAYLIGHT,DRY,IMPROPER TURNING/NO SIGNAL,2.0,45.0,2.0,2.0
10e06d024cd333b77ec45d096ddd69168d0b65ad1e20cd9366242a6cdfe97c9f9b7c3e633aadc58d45bd8201571aba268df1d98b3464fc4960d4cf27a8cd177c,CLEAR,DAYLIGHT,DRY,IMPROPER BACKING,2.0,46.0,2.0,2.0
10e074491187e744a038b5a915ba84629dee7ae018a58fe3dd7608a91bf844b5f914aaa9056c6471a59ad41cfffe0749e7a0a00595778b276bb6302103d90f65,CLEAR,DAYLIGHT,WET,IMPROPER OVERTAKING/PASSING,2.0,61.0,2.0,2.0
10e09548e7f4fc87000e79368e7ff043ddaa8d6ee992abc955fa34bede3a94256218d18a0f5f5a8f4b75d04aebe3777602e75dfa7b6542e3321c2ed351267932,CLEAR,"DARKNESS, LIGHTED ROAD",DRY,DRIVING ON WRONG SIDE/WRONG WAY,2.0,66.0,2.0,2.0
10e0d6194e4cf252aec22674f109febc4fe875a992dbe9e655df5704b3a44a37274810cdf6cf54c6c76fc2547d58057efb40529f5fb5b595e5aaaed0d7016e97,CLEAR,"DARKNESS, LIGHTED ROAD",DRY,FAILING TO YIELD RIGHT-OF-WAY,2.0,24.0,2.0,2.0
10e0fada380bc7d6210e5eb54db02f3f41640b53153a691b665774fb9c0c4129c4ebe53c728f035fa449f3a7739a0213c105dfde0481d820745d7c340f033555,SNOW,"DARKNESS, LIGHTED ROAD",SNOW OR SLUSH,IMPROPER OVERTAKING/PASSING,2.0,15.5,3.0,3.0
10e115e960f4fa399e0abd1a7c41345635e3bf6c25435e570155772662c947ef73217b38ce2a59dee41e8b40f44b7c168207ca8ea15a155fcb575714f2ba4254,CLEAR,DAYLIGHT,DRY,FOLLOWING TOO CLOSELY,2.0,23.666666666666668,3.0,3.0
10e1249feb616732c2234974c871859b56f906482a894f470ca91f753d8809e4f430a4d75579c46e41908f6d50a88224692fc53c1903212b9c2960fdb3beeead,CLOUDY/OVERCAST,DAYLIGHT,DRY,"OPERATING VEHICLE IN ERRATIC, RECKLESS, CARELESS, NEGLIGENT OR AGGRESSIVE MANNER",1.0,51.0,2.0,2.0
10e1350476ef4802fee5e9940df2603171ddcff0bcac8bb6defef07b308a02d5d50ea921c0117285e1c549525c195359ab8ed89250f7a86558f15b408872b3e9,CLEAR,DAYLIGHT,DRY,DISREGARDING STOP SIGN,2.0,26.0,6.0,6.0
10e162d36dc4adbcec337ace0dc9089382b96a14c7269c1e2e1a87e683bf92028567ee8bbb60921e00f63b7db472a71f4f1adfcde7819eabdb2bde6b796eda9d,CLEAR,DAYLIGHT,DRY,IMPROPER TURNING/NO SIGNAL,2.0,27.333333333333332,3.0,3.0
10e1a6435c31eab513c4cb268fea9e11f80c0a5aa45690efd7cadcb66391af15733453d8eaecb665a656b1f434b794d871970ad3cb8aa0c96004fb451414a43b,CLEAR,DAYLIGHT,DRY,DRIVING SKILLS/KNOWLEDGE/EXPERIENCE,2.0,37.5,1.0,1.0
10e1d5f0de34403e7dac33d12130ae0e23cfa623d911019a1b411b7b9be1651899027e5cf5d2ca280af455ac8fe8646396e49838d61d247f0e697fd14c519cc3,CLEAR,DAYLIGHT,DRY,IMPROPER OVERTAKING/PASSING,2.0,11.0,3.0,3.0
10e1e9f31ceb6213d9ca75c8501e338776700a058f75e8ce11a2af8a67dcee06e053a45c4a464b6ccb1fa35941e06177c772255655766418773d48e03719ac38,CLEAR,DAYLIGHT,DRY,FAILING TO YIELD RIGHT-OF-WAY,2.0,43.0,2.0,2.0
10e1ea93e1252d9050e6b8312cd9fde958cbf4a390e2b97c8321442b8c5bf45807cf9b985e014c0b0b49c64920ff31ac47b8ea2de3652f5e22e968f462aebdc5,CLEAR,DAYLIGHT,DRY,IMPROPER BACKING,2.0,54.0,2.0,2.0
10e1fa8b36194cd5896d686cbb0897a6af0039d91981cd6afeeb080bd4eb14330b8875658987bcee1847bad08741c0ccd13cf0d37c0be86416897c913799f145,RAIN,"DARKNESS, LIGHTED ROAD",WET,FAILING TO YIELD RIGHT-OF-WAY,2.0,28.333333333333332,3.0,3.0
10e22947ef9cafafbf24a931c43fa171d5ed33650dca6b93c73350154cb925a8459388645f613caf54bde6c6d15c73d1d4e2e62bae1fe38d53298a83bc48549d,CLEAR,DAYLIGHT,DRY,DISREGARDING TRAFFIC SIGNALS,2.0,44.5,2.0,2.0
10e25fc390ecbfb6d6b4f5841d9b19f0c7ede34375a3b7762688765be2fde62a7d4c40b7fa052103d8ad358bac82d14452c1ea3310ba39dd8c1117806c9763b7,FREEZING RAIN/DRIZZLE,"DARKNESS, LIGHTED ROAD",WET,FOLLOWING TOO CLOSELY,2.0,40.0,2.0,2.0
10e27cd3ac3492a753bcead564e2ad92cb9df55308d34cfa7f9f3b4f7cead6be5a07d4d8bd8a68fffd6c092b65bea502f6a5ed8a357db4fb1f3f25b6be19e68c,CLEAR,DAYLIGHT,DRY,FAILING TO REDUCE SPEED TO AVOID CRASH,2.0,39.0,3.0,3.0
10e2d2389dd9d03c641f7fe7b6f43cecc0b275ed6c6f815c896f2bfa9bb2b07f19fb079fccbb803e008157d32c905065eef57fb5016d155664a841769224bc61,CLEAR,"DARKNESS, LIGHTED ROAD",DRY,FAILING TO YIELD RIGHT-OF-WAY,2.0,33.333333333333336,3.0,3.0
10e2e7eb47c91b6389e369b8c77301107a8b1340d718f33cf6e79f9211e16e0714746766c67977623105a292b8e2411ebdd42a6496ffcbd94ba06c0a06eb73bd,CLEAR,"DARKNESS, LIGHTED ROAD",DRY,IMPROPER LANE USAGE,2.0,28.0,2.0,2.0
10e306e9806fea50ea1fb494858a23b905ead74ef6616562123ab138540bb7382f4b3b85e08545f5e8746b5cfc1d06b34cd0af7e5bea077a1f172ef421eea96a,UNKNOWN,"DARKNESS, LIGHTED ROAD",UNKNOWN,FAILING TO YIELD RIGHT-OF-WAY,2.0,45.0,2.0,2.0
10e30c2866ae58b700aa8ba657b307ff58f2fccde8285a73dd501e697bf090d70c0f356d6f248f04207e7c9a7b48d52405be2cb9fa4dc3fa46b8fb97c227de62,CLOUDY/OVERCAST,DAYLIGHT,WET,FAILING TO REDUCE SPEED TO AVOID CRASH,2.0,27.5,2.0,2.0
10e32d05be24d46002677c321906d2c35cc98e5d05725c2987ab96b82a23ac87b2ff669e261132a771598ab53fdc8ebddbe5f1cf3647f7a5a5b9076906f9fcae,CLEAR,"DARKNESS, LIGHTED ROAD",DRY,DISREGARDING TRAFFIC SIGNALS,2.0,35.0,2.0,2.0
10e346ea8d4e9faac4c2fc699d23d9dc82074abd90aa2c36bdf9b60430db0eebd1c788e3956c65f4ce0f25da4c06d335f5bc7aef86aa1b9223af0b47ad2f3bd7,CLEAR,DAYLIGHT,DRY,DRIVING SKILLS/KNOWLEDGE/EXPERIENCE,2.0,37.5,2.0,2.0
10e351def17aa1ce271217b86af7152b50381ab44a6fa73719cf57146e04c880371054677a6c137212f65820ee100df69d84b0ea1a080f9b9ac458316d0e109b,CLEAR,"DARKNESS, LIGHTED ROAD",UNKNOWN,EQUIPMENT - VEHICLE CONDITION,1.0,53.0,1.0,1.0
10e35f7d4b8b96ab35db6dad77475c56eb26d0470a03183a4314ceb2d7dea7312f01883e38f1a18b26103d47319f7688eec24424112c5e75891a4085c4e43291,CLEAR,DAYLIGHT,DRY,FAILING TO REDUCE SPEED TO AVOID CRASH,3.0,22.2,5.0,5.0
10e3874f3782dd132c7b10b41fba30c54d3a2eff0cad14c30129598c2d790e04b5e91d21c392a28b1ed832871b99d7e76b4a61f74fdf6fa8d966fc329564afb3,CLEAR,DAYLIGHT,DRY,"VISION OBSCURED (SIGNS, TREE LIMBS, BUILDINGS, ETC.)",1.0,40.5,2.0,2.0
10e39fe8254ff508c4ba6c3d487dc08d785f25455c5e98ce8c8a05b61a60c46d6fe8054a7faca15e57b99a4a0d9c7d3437db839e9820e80927467396bca06154,CLEAR,DAYLIGHT,DRY,DRIVING SKILLS/KNOWLEDGE/EXPERIENCE,2.0,61.0,2.0,2.0