crash_record_id,weather_condition,lighting_condition,roadway_surface_cond,prim_contributory_cause,total_vehicles,avg_driver_age,total_people,total_injured
10e3b076960e19e0168c665743243047fbb39dac482009ad8e74c4daf73ee0449ae54713971b7d4edb0942d6d5b1cec6d9b65c0417ef3950cfb0e60a79f634ae,CLEAR,DAYLIGHT,DRY,DISTRACTION - FROM INSIDE VEHICLE,3.0,49.5,2.0,2.0
10e3f3204430eb3aef413ca0ceabc81dff6c8fcf420fccf9ebcc4431ef2413135d285fda13d68e1f12658c875bbfe252fcdab89c14b95377b678fed6e8109b68,CLEAR,"DARKNESS, LIGHTED ROAD",DRY,PHYSICAL CONDITION OF DRIVER,3.0,34.0,1.0,1.0
10e4067b2e6b770118160282a2368f988b46c561c9ea756b931a0c58e6fa20759ed57d96a92a311156bfd38832014fe5260f6124dd3a1fdfee6afe6610bb5ed7,CLEAR,DAYLIGHT,DRY,FAILING TO YIELD RIGHT-OF-WAY,2.0,43.5,2.0,2.0
10e417cd4f39015e4705a545c6abf321e46294c8552ef93f031ce59e3927aa7b24de35155e23e1c5272e5b06290f7d73de582b32726cedbd92525962e948586c,CLEAR,"DARKNESS, LIGHTED ROAD",DRY,DISREGARDING STOP SIGN,2.0,64.0,2.0,2.0
10e42567db483e10e31282b60553e96e4ff057835262d3cd3455c005d1f855f2dfadb9a9207bcdb8fabe51809a95f31cd15cc3696ac5f8d0ad201ef3822183d4,RAIN,DAYLIGHT,WET,IMPROPER OVERTAKING/PASSING,2.0,31.5,2.0,2.0
10e4c157ade5266c175c67221dd3329f72a81defb07ab1b8ae6be8b1765fffc97e3278327e073f7e9b712eabb1faa81a4cdb1a53cdd39c5c33aed6a661df6add,CLEAR,DAYLIGHT,DRY,IMPROPER BACKING,2.0,43.0,2.0,2.0
10e4ebd23aa164cbe4c6e2c5f07240feb37fde3900928e3f3b90e310719cadef3ed001c66ed58033822357c7238769b60d52413dbf960b4d85a988096699943e,CLEAR,DAYLIGHT,DRY,DRIVING SKILLS/KNOWLEDGE/EXPERIENCE,2.0,25.5,2.0,2.0
10e518f3db4554aa7067834b2f1cd03a181c196e55891d85b3fba221b07b5841f6dc1ff42584d5a1ec9ee9ba77b0af97566224317aa58f829b0ff85a2b4b1459,UNKNOWN,"DARKNESS, LIGHTED ROAD",UNKNOWN,IMPROPER OVERTAKING/PASSING,2.0,37.5,1.0,1.0
10e54566782823dc723168cddabcfbdb60ffe275f781d3686f9b377cfe71794a957d695b432c9b87850ff2524e8cec0244686a1c3e1af83a06ff4d075ab5fc7d,CLEAR,DAYLIGHT,DRY,IMPROPER LANE USAGE,2.0,43.0,3.0,3.0
10e55dcf4e22b9909e65427ed14f7d68c3151cc9c2ff4cdcaabc02fdb379cd90f4f4b0ba91d719a84bc42d871b3a87588bb989493476854d630d825ec91d4a8e,RAIN,DAYLIGHT,WET,WEATHER,2.0,37.5,2.0,2.0
10e5cffd76b9a2b3ccb9a63ffb121bfc3ecf141206cd561810eb22500c4a38613be7a787ab7cd5dd4ad136022ff806c5b0763ffc582afaa306c1cdefe0ff0186,CLEAR,"DARKNESS, LIGHTED ROAD",DRY,DRIVING SKILLS/KNOWLEDGE/EXPERIENCE,2.0,37.5,1.0,1.0
10e5d1d8c13c2ba54c4d3fee4a113c97fa3cd863c67934e2fbe97a432c360555ff8b219dbaa4d452b1c49d0b3dc3503ca0294d158a11b62207544e6d1a5ecc7b,CLEAR,DAYLIGHT,DRY,FAILING TO YIELD RIGHT-OF-WAY,2.0,42.5,2.0,2.0
10e61ec36643277817103930ffc673fadab61ecd4f8e4f1d312aa1f7327f0b2b07ead549f6afc6ce203413fde75b7f93113223931b52561d9fecabc7f5ed4e78,UNKNOWN,UNKNOWN,UNKNOWN,DISREGARDING OTHER TRAFFIC SIGNS,2.0,29.333333333333332,6.0,6.0
10e6287bdc1de57360322bb00067d5ec67fc0086349e0973644bb6fa547ce15cb5bc55ef76e669a201ec45a2893ae8200ae948a3e37fdbc9fd6b77a1421a4d89,CLEAR,DAYLIGHT,DRY,IMPROPER LANE USAGE,2.0,37.5,1.0,1.0
10e6453c9b6d9b8b4c8de65dcf20182ebea10b57f7d5d8490fc8be5f91b69cc43d5c8461d8480eb494427bf92fe7e076f6d23b87160a1ccd41794e57c603df90,CLEAR,"DARKNESS, LIGHTED ROAD",WET,FOLLOWING TOO CLOSELY,4.0,26.0,6.0,6.0
10e663e4331d3345ac59e45184d286d6e8a215603bdd4286b4b0a5ef4ba4df043fc35c574ac6218a127cc87a18973111a732c1e8b25d06a6f9093057b30ce39b,CLEAR,"DARKNESS, LIGHTED ROAD",DRY,IMPROPER LANE USAGE,2.0,48.0,2.0,2.0
10e672baabe017858ba732eba5ed4c498f67e38863d2f2424c82e2aa6b6f539ee05bc25d0fbb930861252aabaf79f1a7bd4e5cea0b000cb2bca52c2d2c648058,CLEAR,"DARKNESS, LIGHTED ROAD",DRY,DRIVING SKILLS/KNOWLEDGE/EXPERIENCE,2.0,37.5,1.0,1.0
10e6f5373bef30cf6f9c452e2df8fff9282315b4a8c951eebdc0eaeea62ab9d37bb7e9afc58c243b9568341628c73a1e56c46f4419ad86a59a4b42177171a7e0,RAIN,DAYLIGHT,WET,EXCEEDING AUTHORIZED SPEED LIMIT,2.0,27.666666666666668,3.0,3.0
10e705e512dc60a6060b1cb171b253ba39078878b596d7c5371fdfbf6617fbedaa20bf5edfe11ab6ea6dfa966375d16ee19737ef5b9d24c1d7e27e678599e27d,CLEAR,DAYLIGHT,DRY,FOLLOWING TOO CLOSELY,2.0,22.0,2.0,2.0
10e71d860c5bdad4a28f7aee0595b716c3cdfe1a04937a6bd40466931cd43285981b2c2374c088574a7c02d8d4e9b3698d35cd2636246438e057023d779db482,CLEAR,DAYLIGHT,DRY,DRIVING SKILLS/KNOWLEDGE/EXPERIENCE,1.0,34.0,1.0,1.0
10e7498e7bbe3a14795096204bfaa4de3d10ee8a7a8b6864ef851c7cac78e45b5c06118158b3d53f2219191bbf661dcbd4963590480f4f4c779c9bdc24504eea,CLEAR,DAYLIGHT,DRY,"OPERATING VEHICLE IN ERRATIC, RECKLESS, CARELESS, NEGLIGENT OR AGGRESSIVE MANNER",2.0,17.0,1.0,1.0
10e79726e562d1c4f49a7c291855f93677c05e1b0073983939def4c8ae219aef3a58213ba48131af6c7be056acbb16c556eb17c068d5a4c56f88eb04ee1d50c5,CLEAR,DAYLIGHT,DRY,FOLLOWING TOO CLOSELY,2.0,32.5,2.0,2.0
10e7b82ce2b865c8a489bdc81d1d95ad3f5852ca3d406e170960ad6c8df211456b7b50354810d5929aed1793a7dc9455af243bbed894f919d1ea5574891f6610,CLEAR,DAYLIGHT,DRY,DRIVING SKILLS/KNOWLEDGE/EXPERIENCE,2.0,37.5,1.0,1.0
10e7c52cc3c51ec5f0710585d4b331870e1dca942b6251169ae330fef5df12d67fb442d2742ded61f15f0b9949d61150511cad2d10a761fd35bc356b1dc63c58,RAIN,"DARKNESS, LIGHTED ROAD",WET,FOLLOWING TOO CLOSELY,2.0,30.0,2.0,2.0
10e7d785f262171be9c92e6d350d2652bceb59dd739a9271102858d89d4eb788406b4aa4c9a544b1cadadb3065bc01052bacb5300d2173711ef999564457d857,CLEAR,DAYLIGHT,DRY,ROAD ENGINEERING/SURFACE/MARKING DEFECTS,1.0,36.0,1.0,1.0
10e7dd626009ccfb93f6ff5b9f629b575c44af633cdf936c7c177f3dfeec9c87232ceb012cb41776f4332dc001a6eea5b3a231569832182b131631ee4ebd5972,CLEAR,"DARKNESS, LIGHTED ROAD",DRY,DISREGARDING STOP SIGN,3.0,23.0,2.0,2.0
10e7e22134f4cb9c4e8d32ff844bbdfaadfb53932d9a8f51faafa8b924746f89d87640485f00be6e411442a2428cf5170125ba7b4cf9a27f9d85e14880d10371,CLOUDY/OVERCAST,DAYLIGHT,DRY,FOLLOWING TOO CLOSELY,2.0,20.333333333333332,3.0,3.0
10e813dad75bea10cb3023662cc4468aa87a28a40821f5a4919ad0ed12f0696f684d6462a9092c7be77b2783f93d137b46341888793bfe6fffd008a7d6293cd8,CLEAR,"DARKNESS, LIGHTED ROAD",DRY,IMPROPER TURNING/NO SIGNAL,2.0,47.0,3.0,3.0
10e81ce679910d33d9ddf201b233eae034bb2701623c4eae80ca81678180c6eca4cf30be598bcefbbc1924b39db8ffaffb84b05ebf07661365634367dc65928a,CLEAR,DAYLIGHT,DRY,DISREGARDING STOP SIGN,2.0,34.5,2.0,2.0
10e8429062cef964735826a10b03d4ff2f7a5dc25f42c279bf5a808cdf3de4ecfe324cea9a3dbfe83541de0bb369d8dbfe58405f827961753395308b027c2cd0,CLEAR,"DARKNESS, LIGHTED ROAD",DRY,DISREGARDING TRAFFIC SIGNALS,2.0,18.0,4.0,4.0
10e878b984aebda4f32596592e5bafed0cdf3604e2d27fa71d43bbb4d68242a403d2adc708c264b85d65196bd68773071fdaf662d911e37e1f8036162a71cd96,CLEAR,DARKNESS,DRY,IMPROPER OVERTAKING/PASSING,2.0,39.5,4.0,4.0
10e8a9ff369e72bc04b548906e59b258fdeb5b862c5f03ca685cc7fd3e7b8e5e7b9771ed98cf78b3ef236981b06210877dd8efc609170974ad5e12a66b6bdec7,CLEAR,DAYLIGHT,UNKNOWN,IMPROPER LANE USAGE,2.0,30.0,2.0,2.0
10e8cafb34acc25f3f9eba5915509b07b1187117684622300a535ed9d193306b95e2b890848841a25f480ddf7ed75ce969db66a48afd903411c5fe8e4079be11,CLEAR,DAYLIGHT,DRY,FOLLOWING TOO CLOSELY,2.0,20.0,2.0,2.0
10e8e07e016ffc22a61ad04247989795d02b73f7473a28a65ef583756e8add46da3371ad50267e06ce70c28d0a7e251b29228367a50288fe02118fedd3cc91be,CLEAR,DAYLIGHT,DRY,FAILING TO YIELD RIGHT-OF-WAY,2.0,36.0,2.0,2.0
10e908c0bf6dd2b10b1ab0289b6d0bfc32163458a578ddf83018267429ab6853d0f40c91bc5e0d4209183d0e38496e2439019699bcb340dc6d04696e83576707,CLEAR,DAYLIGHT,DRY,FAILING TO YIELD RIGHT-OF-WAY,2.0,27.5,2.0,2.0
10e90fc8ada4d7efa3fedf27018a95125bad1a698dc6df98f630ec31df85fbbf147c5c0830f6a2d39abb0862710e43a9e78a3dc8f2f49650786dbf3d5a734f4b,CLEAR,"DARKNESS, LIGHTED ROAD",DRY,IMPROPER OVERTAKING/PASSING,2.0,35.0,3.0,3.0
10e93eb597a6f06a28e6c08654e6a16832bd214dd63c1cb6a1aea9247dc99223e1df0a227fae71377cbf1dd18699fd886935b6a29d90f9febc667b9d6d8fcce4,CLEAR,DAYLIGHT,DRY,FOLLOWING TOO CLOSELY,2.0,23.75,4.0,4.0
10e9476fcc337bcaa438f548f14f5c64b065890a2c6e309e63e9eb3e1646af9d31c45734131db865dab7bab5b89347c1810fc300e552239c1e9e0a8de4edb6f8,CLEAR,DAYLIGHT,DRY,FOLLOWING TOO CLOSELY,2.0,49.5,2.0,2.0
10e964792e0f2dd80da0c639152794e4c8e6f04d20b81468786e1417ecbd4a41b85d7b5123612c5c73a33073f186440fbef79270d178efdbdc38471103c8e8a3,RAIN,"DARKNESS, LIGHTED ROAD",WET,WEATHER,2.0,63.0,2.0,2.0
10e9798544e72d65088ddc834bcbadd5659dbac75975ed1f4b3286b8fb92bbed52cc02d75dd6e3ebeb14498aeee1f435c24afdc985362c8f9d54a79d01431766,CLEAR,DAYLIGHT,DRY,IMPROPER TURNING/NO SIGNAL,2.0,64.0,2.0,2.0
10e997188001a058d574518c18756bb897a111257ec9512922803ff62c764bc8d819440c4dacfd273c28e8689b4a85e175b245450a3e5f4d79cf820b9bcf7353,CLEAR,"DARKNESS, LIGHTED ROAD",DRY,FAILING TO YIELD RIGHT-OF-WAY,1.0,46.0,3.0,3.0
10e9faf2c3049158a587fa5b5a3c9936374da174a6225fc05006bf6ff113eb0fe46c54abbd14a1be873c90a8ce86326aec9ae8c4e21113c5f041e4648ca57dc0,CLEAR,DAYLIGHT,DRY,FAILING TO YIELD RIGHT-OF-WAY,2.0,41.0,2.0,2.0
10ea18f15f4e5040f944caed84cddf870df3fadc206f1526230ed8303fc52b0bf3a6aeb1f60e97bad9e5298d036228fc987829caf48792471d8b90419bd9cc8c,CLEAR,DAWN,DRY,DISREGARDING STOP SIGN,2.0,37.5,2.0,2.0
10ea29406086af4d9d2f2279772b6e01e4c4c6254e2decacc4a68a62b5cbd1bd33f3e06140acf173e303b72c58b4a7dce1d9952b01100585986fce40c650bedd,CLEAR,"DARKNESS, LIGHTED ROAD",DRY,DRIVING SKILLS/KNOWLEDGE/EXPERIENCE,2.0,26.666666666666668,3.0,3.0
10ea5efe45ba20e739ababc3dbca55c05f5d2ef6369469fad7938da7d63e253f1000fbd9dfbce4fd0b8008afbfb4f88a3bcbcd509d24f5055997685d8754d42f,CLEAR,DAYLIGHT,DRY,DRIVING SKILLS/KNOWLEDGE/EXPERIENCE,2.0,57.5,3.0,3.0
10ea7cd6ef24adc8c0c7e88eb96800ce5a656d3b07f442f52a40c0dcaef7aff3c9211656139ec39d8676c2f0bc53b06e943af2039c8c0d8a99bc872ed0fefacf,CLEAR,DAYLIGHT,DRY,DRIVING SKILLS/KNOWLEDGE/EXPERIENCE,2.0,17.0,2.0,2.0
10ea7fbff3330d862044e40733611274005438425800a8dd56f7cbdd466953fb137a118556684d0d66d7af084ad35a1d151c7d2553ce6d9b74de208eb254e19c,CLEAR,DAYLIGHT,DRY,FAILING TO YIELD RIGHT-OF-WAY,2.0,31.0,5.0,5.0
10ea8a3709ec0f8a1bf3977a5ff28f9c369c7464d37f3512ec10cea501a1fb447bd0080aca63a88581c86e829fee499a81604c726984f78b1993855ac33af074,CLEAR,DAYLIGHT,DRY,IMPROPER LANE USAGE,2.0,38.5,2.0,2.0
10eaa4e3af0728416b0e3f56e1654064a94853506b149d5799c511df698cf556f887a23437247dc5d9727f6cf8b8d34625b6d741984056cb734a5b0a5a4778b8,CLEAR,DAYLIGHT,DRY,FAILING TO YIELD RIGHT-OF-WAY,2.0,25.0,3.0,3.0
10eac119182b9c0a76580ecf08ce91a0e9fc2646ed717a82eb358a3b48fea6b58c77d2510c65db6307534b0dc2402d266d78c2ab88fc6301d476561103bc22fd,CLEAR,DAYLIGHT,DRY,FAILING TO REDUCE SPEED TO AVOID CRASH,2.0,26.666666666666668,3.0,3.0
10eb1f872753e99ebf80e774bdbf35e427d225177e2f08aaba5c65a340fa828d343a702fb16cae03f59d6b77a4c7adba65a263aa93ab70674a29387e0a212849,CLEAR,DAYLIGHT,UNKNOWN,FOLLOWING TOO CLOSELY,2.0,27.0,3.0,3.0
10eb2f3cc895a5a8f4bb50450b8798b780e5fb382e24f91894b1ce7cda9dea1591b893a0a8b99b607139060e543f23c44d0b50bbf4c0d577627cf2ce9ccf05e6,RAIN,DAYLIGHT,WET,FOLLOWING TOO CLOSELY,2.0,24.0,2.0,2.0
10eb45ed26c1e070c8c4d3611c1866ba5ea734aa8f94e52ed52367a62e02bda2e8f2254abb8f0faabafeac6fc14dbb40db2b8256156e49c8f058bbd2837bec57,CLEAR,DAYLIGHT,DRY,DRIVING SKILLS/KNOWLEDGE/EXPERIENCE,2.0,41.0,2.0,2.0
10eb6087286f5627ea5b1f8c5d460c4132509afe560a29dcc47dc998a9c7ddded813b4aa64b3c9bb94dee3cc372027d65c7a5cb897c363db068950498e9fc135,CLEAR,"DARKNESS, LIGHTED ROAD",DRY,FOLLOWING TOO CLOSELY,2.0,42.0,2.0,2.0
10eb794e346f88a0e444e4bd2fb1c8be6a038bc919566779c332487c84c79ee4a88e93b0caa7ccde091fb194e8fce0df80199edcd266bd70b8ebf1759711f4da,CLEAR,DAYLIGHT,DRY,FAILING TO YIELD RIGHT-OF-WAY,2.0,46.0,2.0,2.0
10eba184ebeed54a74479aa14a342b1cd27fcd2f7ed8750863738bc5a74e71e196e61ce3f639ead01c8f93f25a3918f3a0cd023fb4173c34c1c7385eae225c6f,CLEAR,DAYLIGHT,DRY,DISREGARDING STOP SIGN,3.0,59.0,2.0,2.0
10eba3d46a260c4ec5abf17fabad817f03c4581388dc72eb4e9173e634c67aaadba090df81791122007ff2a919c2b1dd98dcbd5de63d58b5b18289e5b7c69b41,CLEAR,DAYLIGHT,DRY,FAILING TO YIELD RIGHT-OF-WAY,3.0,43.5,2.0,2.0
10ebb2f8fb59ea88378b13c51e5619d94e88803af35d7489192caa67c4985df55c72065cdf1ddbe253db47726185eb987bd74457a940c52b85a9e75f53032268,CLEAR,DAYLIGHT,DRY,FOLLOWING TOO CLOSELY,2.0,39.5,2.0,2.0
10ebe147e0721976212269013d884c3b50a4497ea2966af8ec76dfa35d0616ab6d016c5a1420cce26277baa53c809c0d7405789f2072018fbbacd1947c485393,CLEAR,DAYLIGHT,DRY,FAILING TO REDUCE SPEED TO AVOID CRASH,1.0,51.0,2.0,2.0
10ebee3ae49c1dd1b0964a38220401f4924d803c1283db73371012ad770663a88c0b369b98e838585d3998e5b91bd6fc2ce385a8f65bcee2c2d21f96d0117e86,CLEAR,DAYLIGHT,DRY,IMPROPER OVERTAKING/PASSING,4.0,48.333333333333336,5.0,5.0
10ebf1468fb646f584140119a22f6f0814b87cd821e612454b695581caea87eb684338bfe53101d3f8f6eaa5a1b13df05213f9e6ac660d0bcf4298b27f900840,CLEAR,"DARKNESS, LIGHTED ROAD",DRY,DISREGARDING ROAD MARKINGS,2.0,26.0,4.0,4.0
10ec02fcfff8a038c31342465b725fb82ff890c523c915de1daf9e45657275a5ca827b6de2f27812e025a706fff41c5ca1580f155a96d2c817d74ad9c80b845b,RAIN,DAYLIGHT,WET,FOLLOWING TOO CLOSELY,2.0,30.0,2.0,2.0
10ec29df9431defc2f6bb6dd0e7bfb6a4282ceaf6ffaac3881b83a4f3775faf263b6784cef60cad97a9a8cda98f39f504402f1b218f34ee54a7ab1005b6d19b9,CLEAR,DAYLIGHT,DRY,FAILING TO YIELD RIGHT-OF-WAY,2.0,21.2,5.0,5.0
10ec32821d706d9bd4df13a7c298a8cffee24e76280f82f30484f39fa0cd90b4d11a6836ad190b1c86648d8106837df2b6bd289fa963d690de62baf7c2152da9,CLEAR,DAYLIGHT,DRY,FAILING TO YIELD RIGHT-OF-WAY,2.0,39.0,3.0,3.0
10ecb16ad673f10fe48aacf46ab7c21be3d3436dc22b787fac3e9ef3fc672ff7b9138271be7d0947ea8005fc6977642b2cf713b4d5751a57581146d19cc0a8f0,CLEAR,"DARKNESS, LIGHTED ROAD",DRY,IMPROPER OVERTAKING/PASSING,4.0,50.0,2.0,2.0
10ecbb0e25cb237ea5f9c4864911740ff3f263ec336c3f3df61eda50f5d24b1f78119fc6b17096e7bca35ced882db83ed51a17bf6a07c56149c842cc23aafb0d,CLEAR,DAYLIGHT,WET,FOLLOWING TOO CLOSELY,2.0,29.0,2.0,2.0
10ecc55963939b93459fe60a2016ec101f4e6156bf8543c6a334645669a4aec8762c505a1b77f6be093f663b37f9a6dfed629398565b6763f530f2b354770186,CLEAR,DAYLIGHT,DRY,IMPROPER OVERTAKING/PASSING,2.0,43.5,2.0,2.0
10ecc929e45e0917e51e69e7396387cf77646957ca8c3f897f44e72bd73a18abee5ece5898a98ad4e00d1f52281333749d9ec129a3216e2ca914c63a4098efdf,CLEAR,"DARKNESS, LIGHTED ROAD",DRY,FOLLOWING TOO CLOSELY,2.0,43.5,2.0,2.0
10ecca25072bc247df1c759b389d43b3c14468efdb0d43f9a21a5028d1baa579d802024e27bd23dcc71918ae8932996d819aac5cad454dc212c2702f04d05557,CLEAR,DAYLIGHT,DRY,IMPROPER BACKING,2.0,57.0,2.0,2.0
10ed12d73136fd4202741a8e9bec37f40d1674ae2f15814bebc3cc75c5d470efa517ea6ea52f5e52d4401fc8fcbd5096e5a65a18964fcdddb56781bff8242197,CLEAR,DAYLIGHT,WET,PHYSICAL CONDITION OF DRIVER,2.0,24.0,3.0,3.0
10ed3147de1357e777d8b46a25e253e17ef329f6064f8ac8522624b13d42b325dc6b93ff726c765e6925eb42d8892b3b18a32cf7a05f6898aae4965a7d7a8301,CLEAR,DARKNESS,DRY,DRIVING SKILLS/KNOWLEDGE/EXPERIENCE,1.0,37.5,1.0,1.0
10ed368d15233bae4b973280efbbdbe46b382d57d7aebff84ced7eff7b7b4d8e2f32647e01823458c9378de9f8ecd87fedb8177546629aff7256cca09ef5ce84,CLEAR,"DARKNESS, LIGHTED ROAD",DRY,UNDER THE INFLUENCE OF ALCOHOL/DRUGS (USE WHEN ARREST IS EFFECTED),3.0,29.5,7.0,7.0
10ed9051f13ff72233eed04bd48f9e88138c592f7179fb90337731683ecbd52f3b52d316ea66eb62b3d52580d190a5e6c28e0968e5cafe18134d62aac49101c9,CLEAR,DAYLIGHT,DRY,FAILING TO YIELD RIGHT-OF-WAY,2.0,29.5,2.0,2.0
10eddb00bea72888b86ac0afcaa17db18bcf42c934b4df227b7aeadf69b518cec31164408db5ad0107dcca65c3f9a8b63ed17d6f55e593582d20afb0961edcb5,CLEAR,"DARKNESS, LIGHTED ROAD",DRY,FOLLOWING TOO CLOSELY,2.0,35.0,2.0,2.0
10ede3b8e3507503afc5b30a7f3e9cb845d22b3684761e9ab86264fe7bcf7b387f1e2626b8e7f71c9c8b76770c9c9b779f75689e22a0a10c44f91189bdab2a2f,CLEAR,"DARKNESS, LIGHTED ROAD",DRY,IMPROPER BACKING,2.0,37.5,1.0,1.0
10ee208c283b86e871c52669effdfcbc960e081b9e62fd39d4dc504b0d42f3e1476d9d67d56c04cb059dcbbb2d5126c83dbdc1fa6d90873d96d38fd486148fa0,CLEAR,DAYLIGHT,DRY,IMPROPER OVERTAKING/PASSING,2.0,37.5,1.0,1.0
10ee43cc749a0a105ee290e3910916c9c5fa8f586204957456b7442a8679032509a07e51de1f2763a1d1dc43eabead19432d45c728c32afba7f7935c87bf5ad0,CLEAR,"DARKNESS, LIGHTED ROAD",DRY,FOLLOWING TOO CLOSELY,2.0,48.0,2.0,2.0
10ee4da4860d2c1a0373d65201bd0fac81ed89cf210c49b3ec3cf864b1bbf8bcb7ad54ed864e5cf27d12a05ce88039f387284112e31c54aa03bea0bc81c5fec1,FREEZING RAIN/DRIZZLE,DAYLIGHT,WET,FOLLOWING TOO CLOSELY,2.0,27.5,2.0,2.0
10ee5742f282c3d4cb28074b82174734364de9bbfeca24d956f1ebcb6a247b50202e4b75e1fa70c5b435e9853b666ea1e709649dd9aa0512a8ef4f4eac7d725e,SNOW,"DARKNESS, LIGHTED ROAD",SNOW OR SLUSH,FAILING TO REDUCE SPEED TO AVOID CRASH,2.0,42.5,2.0,2.0
10ee967530625f7d10b418702a6789e4222e7c80f1cd327ab4f335428e3479045a9c3de20bfa3655faf0a8812a604b3382bc015cc55d3972fdaa976809eb6009,CLEAR,DAYLIGHT,DRY,FAILING TO YIELD RIGHT-OF-WAY,2.0,28.0,2.0,2.0
10eeb9307d0377e7cbe21f29e6ba261c4ed2016b0694d41e0f0860041ed778c9b891f035fcc958e6a4057cf970c5fa2d5ba56ba6f17fbbb4227be7aa46970a1e,CLEAR,DAYLIGHT,DRY,IMPROPER LANE USAGE,2.0,57.0,2.0,2.0
10ef0347f1d9935de834ca2e5c07a79bbd750dd635d869e32bf3e94c825753faf55bfc809ff8df32d32e1067a1add4c386c225564db5436ceb1a2087f64e452b,CLEAR,"DARKNESS, LIGHTED ROAD",DRY,IMPROPER TURNING/NO SIGNAL,2.0,49.0,2.0,2.0
10ef3cfffaa6c7e2d3c8e513927ea64437c55d212b5e7bc430fbd262f9b1559fdc8bec166318f1387cbf0d336179ddd5d1db28f523ee8eae28f0a09b7319e79f,CLEAR,DAYLIGHT,DRY,FOLLOWING TOO CLOSELY,3.0,33.5,3.0,3.0
10ef4bc15fe1bd480cf44b2f9f551c4a21b703c372bce65e29e6dfd5aa495d19c4067413894a108f0f6a773aa4c2c7129ec03f564060512563ca04e32e8ababd,CLEAR,DAYLIGHT,DRY,IMPROPER LANE USAGE,2.0,37.0,2.0,2.0
10ef517c433883dcb887138d4d05d6f812477512844c0f45871053a8c7d30dcff9edc147167d6316a9fdaad1af0478e86bb41099031b9240ce052a07feb764b6,CLEAR,DAYLIGHT,DRY,IMPROPER LANE USAGE,2.0,30.0,4.0,4.0
10ef53295a638db91211ae5932aaca785675f3b62afcd0c282c672741736a3a1b3a1e40e8b01f19ff5a54a70a940ef7c7df063927eed4392a5ada4ec836741b6,CLEAR,DAYLIGHT,DRY,EQUIPMENT - VEHICLE CONDITION,2.0,59.5,2.0,2.0
10ef5941c4490c0dc2dbe6e991f79bc298ec92d5916ce2fb1876bdf26785d3630789d3301808a298ddd8c6dbb24f2a7d19425c38cc8fbfa27981b44eb82d334d,CLEAR,DAYLIGHT,DRY,IMPROPER LANE USAGE,2.0,36.0,3.0,3.0
10ef79c6ab370483723de4fac9f9d2e7201053d7b1593e81c4740bdc8d2c3d4595474f92dd45545a472e83dd76dbdae7729a69b7a7c2a805e5b45b4ae7221caf,CLEAR,"DARKNESS, LIGHTED ROAD",DRY,IMPROPER TURNING/NO SIGNAL,2.0,31.0,2.0,2.0
10ef7e4a9430de4300f10a355fdfefc376f7bf5195d08a20de087afce3626dba73d2f3cba8428639c4d7632862221a003a5e6ba6f9d0f90e713ab92dc8350ba0,CLEAR,DAYLIGHT,SNOW OR SLUSH,DRIVING SKILLS/KNOWLEDGE/EXPERIENCE,2.0,28.0,1.0,1.0
10efa12fe52c8b02dabfa7ed50b32bae6033ff2560495d09cedc91f17b369df65cf080d2bc292fd11ad11caefbf5ed25598f564b8587034e07d7fe4936a06290,SNOW,DAYLIGHT,SNOW OR SLUSH,IMPROPER OVERTAKING/PASSING,2.0,29.0,3.0,3.0
10efa273efd116963a5bb72c9c4da89ce84bf578f32d852abc6372e1f3b37ede876f7a76500728f3939fae6cea9418a5d0e895a8cc87d908b0912d99b5a2af6a,RAIN,DAYLIGHT,WET,DRIVING SKILLS/KNOWLEDGE/EXPERIENCE,2.0,41.0,3.0,3.0
10efbb7b1bfe803741261152569ed1c8755b16791080aff3d4d67611c537a02840045ec8e00d2e8490290408d291e9e4b435d7df2eea1c9638445695739ef46f,CLEAR,"DARKNESS, LIGHTED ROAD",DRY,IMPROPER TURNING/NO SIGNAL,4.0,25.0,3.0,3.0
10efd0cc0b4115456310b63d927b2f1f342afa1cd28a975d556720a4b8def1f5ed4ffb8dc5a877ee388df671d0664660f924d939bd50bc68c9c06d22b17ce374,CLEAR,DAYLIGHT,DRY,FAILING TO YIELD RIGHT-OF-WAY,1.0,50.5,2.0,2.0
10efd112c300f5e3bfc2dd94fe3285dd8145f1f6ea77bd466a8c1adcec14dd659bace07ebbdeb20686c951f3b15dd9d50e430e4f59a34dfd78f07a0a8f405709,CLEAR,DAYLIGHT,UNKNOWN,FAILING TO YIELD RIGHT-OF-WAY,2.0,26.5,2.0,2.0
10efd8124c886bec5cf09bbd0da7719e908856cdfc6eeb5232369b4a040fef41ac8efe32c4ea516d8e99ff0f7391433bc73db684d7de608f9aa9267af30e23b7,RAIN,DAYLIGHT,WET,FOLLOWING TOO CLOSELY,3.0,44.0,4.0,4.0
10efd8d1a0d8118260e8604ae15e17a08f31b722b8f3a55bb4720e0a41693a35008d6047fe19b28718d1e165a8aa5e9f8c5d035c3e1c0f9b6856b98205bee987,CLEAR,"DARKNESS, LIGHTED ROAD",DRY,FAILING TO REDUCE SPEED TO AVOID CRASH,3.0,37.5,1.0,1.0
10f000b5a10e4763a345059b7f7f6bec9e65d8bcedcf376eacf5ae4c81540177ecc6e9e22b3f0dc73706e3a009e59a68a9b8347efff231346bb8c36ca067b141,CLEAR,DAYLIGHT,DRY,FOLLOWING TOO CLOSELY,2.0,30.0,2.0,2.0