crash_record_id,weather_condition,lighting_condition,roadway_surface_cond,prim_contributory_cause,total_vehicles,avg_driver_age,total_people,total_injured
10f019d7a43d9ddbf158ff4cb69fc82f56bc80bf428aba3799d89f5f1429a202909ede1994812eccaab5524f37332d121a415bb9295062164149d75d947ca168,CLEAR,DAYLIGHT,DRY,IMPROPER OVERTAKING/PASSING,3.0,24.0,3.0,3.0
10f022860e8a449abeb49b8e3ef819f7dc50d3ae3053e2bfbfe34b44ff079cf613e570467e9c9a8bd1fd31714948a66252d0e48bab3e97645a1cea310cba2ebe,CLOUDY/OVERCAST,DAYLIGHT,UNKNOWN,FAILING TO YIELD RIGHT-OF-WAY,2.0,41.0,2.0,2.0
10f03770f60a0c154466416cbdb3b77f6940fecad5c3d3062f33924fee83d40495fc0b79e0a028464c648784a9ce8fad5bd5aedc844396f56f0b724b34b94780,UNKNOWN,UNKNOWN,UNKNOWN,DRIVING SKILLS/KNOWLEDGE/EXPERIENCE,2.0,48.5,2.0,2.0
10f0501a577b6952a4a0bda07b2bc2a1a746022b3f1e7c43097283ee7d2aeb5eb2c2df4d92ffe34fc12f272434c3f4dbc8f08786b57d617b622503acfdcb7fdb,RAIN,"DARKNESS, LIGHTED ROAD",WET,EQUIPMENT - VEHICLE CONDITION,2.0,38.666666666666664,3.0,3.0
10f052d751f9f2d5ec73fcde6ed681f312b14e6c7d6d24fc66204d4ba476db9cc278a43cf5f4be97856d3fc6ac0cf3bfb92fe9fe6769432d160aeb0dad9dc624,CLEAR,DAYLIGHT,DRY,FAILING TO YIELD RIGHT-OF-WAY,2.0,27.5,3.0,3.0
10f0693681eb64034e8295fc6ec520e015d27e27ff98dcf843eb64d2227b8ba168660bc32acb610c105b978d02c3ece6236ebbe98b7e84c91b044b9331af3684,SNOW,DARKNESS,WET,IMPROPER TURNING/NO SIGNAL,2.0,39.5,3.0,3.0
10f07d3c0a54deaab9bc0d3a47ede089ac1cb2c21a53e33dd40326ab5934d52ef59a8fadd5b8b27c0a54c61b4547ac0252f4ac00112a26cd336739831aeb32e4,CLEAR,DAYLIGHT,WET,IMPROPER BACKING,1.0,60.0,1.0,1.0
10f080c63f6deea2fef9d7e1956faafca1c693c6a0163082c2e1a9cc7670fb0d141fc074eb69a7f1535624760d2ec9de6e228b4f58a379d4e1af4be8958e1dc8,CLEAR,DAYLIGHT,DRY,IMPROPER LANE USAGE,2.0,45.666666666666664,3.0,3.0
10f0aea11eda57f5d65c059a54bacdca5b73b6e06ba07bdf1390f984d21046f7382937a78a7b051c38f76fc02c805a0e48ce2e379fdf2857056a33754bf7a119,CLEAR,DAYLIGHT,DRY,IMPROPER LANE USAGE,2.0,32.0,2.0,2.0
10f0c98ec0c337719bf5f3328ce5c429a203a16555c48c7a010b62bba1b56e1fa46a63a87ad5f8156a8d072f4121f00309333f68881474434d0aabeb184ae32a,CLEAR,DAYLIGHT,DRY,IMPROPER TURNING/NO SIGNAL,2.0,40.5,2.0,2.0
10f0e293f14a210473905bd01bbe0fb4d4a0974dccabd6dba04aa49e661a40ec3e484595f167c425cf2863cd78ce9dcc839342af0019eebe68e49d6d5ef9e344,SNOW,DAYLIGHT,SNOW OR SLUSH,DRIVING SKILLS/KNOWLEDGE/EXPERIENCE,2.0,34.0,1.0,1.0
10f0e7b5d4e72ea4f965e5b1a5394397e58db5da6cfa52faef9e7de3c8765dc46c4ece334e7090118e6efdda57b493d2a2110114f5172c5c0c2c85dd88fbd0a7,CLEAR,"DARKNESS, LIGHTED ROAD",DRY,IMPROPER TURNING/NO SIGNAL,2.0,24.0,2.0,2.0
10f0eb8fb75833a4189495c671e962a69c9b179a21d96b48f2f9d914a557ddd508991b763b30c968288c9a551d71a9dfde8b078e21bcaa1b7aa49b9e1eac0b8f,CLEAR,"DARKNESS, LIGHTED ROAD",DRY,FAILING TO YIELD RIGHT-OF-WAY,2.0,29.0,2.0,2.0
10f0ec585e7c205101e443840cfd7bb6b1e3f0b9085e7276fd53a6ddffe4980d40f1631103ed0c23dadf509151db04a99e0cba4dcc5b2047a0402078404adaea,CLEAR,DAYLIGHT,DRY,FAILING TO YIELD RIGHT-OF-WAY,2.0,41.0,2.0,2.0
10f10abbc243fbb2b6387e11559d29c45382621a7c76e18fb94944d46e5ce6cca6bb17c2a38abb55f2356a1ef151bad81157c4a71bf5a277ea598f4cc432e140,CLEAR,"DARKNESS, LIGHTED ROAD",DRY,PHYSICAL CONDITION OF DRIVER,1.0,22.0,1.0,1.0
10f10d2763357c6989ea6ddc30a4102d09a5fde5092577f528db7a3934ed7c50f759a7ae846162f0280c00f15550c3633f55636f6d8baaf37267ae85b8198989,CLEAR,DARKNESS,DRY,DRIVING SKILLS/KNOWLEDGE/EXPERIENCE,2.0,32.0,1.0,1.0
10f10e5e8c31329303e5c24283371d515ba2313c24a8573684d43f1847edec1e002dce0616e0363d5f8b95d1b773df23da7d31aa0dbf1cfb6854e12baf2e0e6a,UNKNOWN,UNKNOWN,UNKNOWN,IMPROPER OVERTAKING/PASSING,2.0,54.5,2.0,2.0
10f132f48e2e10fa45e1fa644ac05c52757d0b2cd7a74e1cfd098568a3483f764ab78012644c777e071c78ed9d57c097ab343c5086d36cafa40811c7b18feb17,CLEAR,DAYLIGHT,DRY,IMPROPER TURNING/NO SIGNAL,2.0,36.0,1.0,1.0
10f164328ca5cef2399a53e924730085ac8debbac446143203f0df2c1bcd179f1954005f03f30743c0536666bf7b867fc4341293fa2da0b658a6039c03981a18,CLEAR,"DARKNESS, LIGHTED ROAD",DRY,FOLLOWING TOO CLOSELY,2.0,22.333333333333332,3.0,3.0
10f183b0e8a12b73831172f22ceec2172e705e2158d988a03fcfbc2661f78b4122757f6a5d77e4f670643adddd58085c489912b0baaea260fec1e34d095aebfb,SNOW,DAYLIGHT,WET,IMPROPER TURNING/NO SIGNAL,2.0,29.5,2.0,2.0
10f1d42f8960260def280e99fb706a40eb7e716198c1cb28e04b96fcfb9bf1fe90bf4c881250c087fcf1184191d30bfa6fee1dfa253bb49cbef043f24f84e14f,CLEAR,"DARKNESS, LIGHTED ROAD",DRY,DISREGARDING TRAFFIC SIGNALS,2.0,25.0,2.0,2.0
10f1ed1a1d779718feeec94a0187000806cc21701dbaa1ddd737cda632e750a49e4c3c993d3971ed79013638da35f23df60a80e6838ee159767e8178db46a5fe,CLEAR,DAYLIGHT,DRY,FOLLOWING TOO CLOSELY,2.0,23.0,2.0,2.0
10f1f5c99c0de79dbb70bc35b3367a10cff9a05972222b3d87210dbcfb1e0862254c567472b8fdc0311daf75230d777593cd24342f841629d85f690561c3b1e4,CLEAR,DAYLIGHT,DRY,FAILING TO YIELD RIGHT-OF-WAY,2.0,46.0,2.0,2.0
10f21becbf96d32a578adf26825acf5135566921e28502c23c98db1074c3c106f8d4e7701c8b486b0c801009ade32df71fbcdc6e90218b37d4efae059fb05f6a,CLEAR,DAYLIGHT,DRY,FAILING TO YIELD RIGHT-OF-WAY,2.0,26.5,2.0,2.0
10f2859465e0b15b0d6e7729184316bc1720738573de4ee869fe022b83cefec6817b3dfbda58c7564efc26fa8e4071196170865b7797d952431db0eb56eb9a32,CLEAR,DAYLIGHT,DRY,FAILING TO YIELD RIGHT-OF-WAY,2.0,59.5,3.0,3.0
10f31c650afab3c2c8bb562002fc3194baa0aed30361aebefb529365f2122ec0b38579da73ebffd5f1eae3409fd885b681e025ce6736cbc1577cb9ad06704ba7,CLEAR,DAYLIGHT,DRY,IMPROPER OVERTAKING/PASSING,2.0,37.0,3.0,3.0
10f32de57a3a7e9f04c12f10da07337c6f211c410e17b291e464e543023b98adbbc7b7df9dffdc64f7f9eec70761a859d2631a05ec927bf2abe899999ed8c094,RAIN,DARKNESS,WET,IMPROPER LANE USAGE,2.0,53.5,2.0,2.0
10f332595bcec9ab2e515468fabbb4fcbe5cea256c3fe0de45f27038e42efec1b72fcd5261e56741f448880858c4c74d0da4c4e304f3836e316066f51517b754,CLEAR,DAYLIGHT,DRY,FAILING TO YIELD RIGHT-OF-WAY,2.0,18.833333333333332,6.0,6.0
10f33e1ae56f9075c5806e4ac6c1b5313ec3f140f1dac7bb11ab558a2140edb2287933028969f37abef9bb2b855bc1f3086de2757b041302bcb960697af3e557,RAIN,DAYLIGHT,WET,WEATHER,1.0,31.0,1.0,1.0
10f3512b35a67a09c1203e8a2058fc3be6226867d684e123e878ca18df64db6fb690a73c99d705959ad26e2efaf4568066c663151f4b4da2414beda6296bfade,SNOW,DAYLIGHT,SNOW OR SLUSH,IMPROPER LANE USAGE,2.0,59.0,2.0,2.0
10f392c4ae3264e6864feb551932a05e980354f300d25b2f632aad7041e9d8b71c8dd1e99662ef8d36596e395183040f41c3e36be95492595e198b72bc695716,CLEAR,DAYLIGHT,DRY,FAILING TO YIELD RIGHT-OF-WAY,2.0,45.0,2.0,2.0
10f3c0d12b468d0475ca4c07d0ff996d113a7aa5d01dc2db493baae6f971728d179e50c19bf7f732e765211fbdcbb424c897a94ba198b0c0c4efd4f4ae37d054,CLEAR,"DARKNESS, LIGHTED ROAD",DRY,DRIVING SKILLS/KNOWLEDGE/EXPERIENCE,1.0,25.0,1.0,1.0
10f3e54f270ac927ad5fd596d9385f9257cf14163334fc3dbd1fd516efd82ef5f3b14b1e6fec2885a762e471148b8696bbaed048467e17423a0f4d1e750fbf79,CLEAR,DAYLIGHT,DRY,FAILING TO YIELD RIGHT-OF-WAY,2.0,24.0,2.0,2.0
10f3f3bb6e83fa650bb349664fda6ee1646f02e1b6a5fd81b1db139ea6b2099d95b24be5f3a015ef5253b6a9547cbbc16622386b117f4d776dfab063d0fc26a4,CLEAR,DAYLIGHT,DRY,DRIVING SKILLS/KNOWLEDGE/EXPERIENCE,2.0,63.5,2.0,2.0
10f3f7f12beb33a0a60c513f898a76603014871295976d9a24ea4a1ff6076de2ec0e2796fc8a242ee62a28f803f5420c327a2d3e96db9ac1d6a7481c9019a08e,CLEAR,"DARKNESS, LIGHTED ROAD",DRY,"OPERATING VEHICLE IN ERRATIC, RECKLESS, CARELESS, NEGLIGENT OR AGGRESSIVE MANNER",3.0,28.666666666666668,9.0,9.0
10f3f9f7c4b895120103646baea86a50c885d84f2f111ae25af5a7f59ab7aed7fdcdbee06fcf662feae5a71331f6cfe0ccd3f9ee9923da8c3e16f284618db2d9,CLEAR,DAYLIGHT,DRY,IMPROPER OVERTAKING/PASSING,2.0,37.5,2.0,2.0
10f41bf2eb7d79986c8e98a87176355be0740242c664006c94f8c3fb09728853ebba21762500f96ebb767fd2debb42b51c7cec1f2edb4bca1f5484dc19e14529,CLEAR,DAYLIGHT,DRY,FOLLOWING TOO CLOSELY,2.0,40.666666666666664,3.0,3.0
10f45187728636934a55e5292486b36e266007bfec17066fa44fae52083b49694bcef8619bc3f11b9adde483de56a1c0e5593e333dd686533ab7f5b116ca9443,CLEAR,DAYLIGHT,OTHER,IMPROPER BACKING,1.0,37.5,1.0,1.0
10f4807ef036fd1cd7272cebdc65f8232a9aeb5701dd4e376b99a1e9357962bc3e8a7d14dc284c0fdb8677e15884fa22ff29561ee6d76842f945352dba4e9c88,CLEAR,DAYLIGHT,DRY,DISREGARDING TRAFFIC SIGNALS,2.0,15.75,5.0,5.0
10f496a8adc3a79f5e0078501b9c78b04b022930d41b52565f64dc1066bede2e0c4bd461180aebdb059c14a2d44187b47a04543f6bd8e14a54dc89a4b40bb0a0,CLEAR,"DARKNESS, LIGHTED ROAD",DRY,DRIVING SKILLS/KNOWLEDGE/EXPERIENCE,2.0,25.0,2.0,2.0
10f49c6e1acbd3067203e9fdf43954d9891c75db52e026a8c400002b50680db4a7094d912feca080e5fcf52f9234b84e6311395943813e9da76d34d315ef72f8,CLEAR,DAYLIGHT,DRY,FOLLOWING TOO CLOSELY,2.0,55.0,2.0,2.0
10f4c12756be4e123c753378e792fa1d9b4c9fd4dbb3e230ddd532c2ecef787cd9aff1518fead83774e42eb4c8fe65cab049d72f06096c056afa23c6eb9cb50c,CLOUDY/OVERCAST,DAYLIGHT,WET,FAILING TO YIELD RIGHT-OF-WAY,2.0,52.5,3.0,3.0
10f53fb24a1219a71f61c8580eed0c537e14c2c148784fc8c6834354ed591a323393079bd84bde223525005343a30c6968f660d06bab30e2b1cc714c4dccfbba,CLEAR,DAYLIGHT,DRY,FAILING TO YIELD RIGHT-OF-WAY,2.0,9.75,4.0,4.0
10f59948d475e48babdadbad19a0caa01bd4a19eac930a2f81170b55565d2282a4cffb3c4ba14a6720775aaf227b7439472157943c865b2912dc03a19b2c1849,CLOUDY/OVERCAST,DAYLIGHT,DRY,IMPROPER OVERTAKING/PASSING,2.0,52.0,2.0,2.0
10f5c465bca7a63d58705043cd90c4539a34acfcdff7d6fabd7d1817604e64678072dd179bdd0ce3bf9cc1a195db6a9eaec1b96407b57258ee1a45abd21bee24,RAIN,DAYLIGHT,WET,IMPROPER LANE USAGE,2.0,40.0,2.0,2.0
10f5eaf2dee00974ad1ddadbf749f98ffe625ecbe5fa60d6047e92b01cec365dfdf29b62ac9fe628adf69272b3dd58b47214d79a69be11d8299cb53559fc2dd9,CLEAR,DAYLIGHT,DRY,DRIVING SKILLS/KNOWLEDGE/EXPERIENCE,2.0,39.0,2.0,2.0
10f604974b67ae6195afb391fbb02952380c15a7c32cbcfbc49cde2ec485c09ce6355fa1c2f0775cedca8279d0a0aeff83ef97eba645cc1a4b3ac1400afcbe81,RAIN,DAYLIGHT,WET,DRIVING SKILLS/KNOWLEDGE/EXPERIENCE,2.0,48.0,1.0,1.0
10f61bf26ac781402d3d34120e44c28811a09659489366210f1c9a11a03f9464adec527d7823d7dea5ea7c46c7d6f4e1fb0241e1bca2cfa702d4a9ba3110e3c7,CLOUDY/OVERCAST,DAYLIGHT,DRY,IMPROPER LANE USAGE,2.0,15.5,3.0,3.0
10f63b2dd18dd8613d75c949fee278788eaf1ab814c3b3788ef335ece5aa6c458125d6aadb796a90bdeb1a7a200e62cd85270de06e7b1e8dbc3bbd29f6e5271c,CLEAR,DAYLIGHT,DRY,FOLLOWING TOO CLOSELY,3.0,37.5,3.0,3.0
10f64fc92bc87a1926b8ca4067e113398af2e46c24d2460bc968567a51684ef12f38961dec2d9bc229ab4722c1ac014fde85200dcda38bb835c7cd6b9d7dfeb1,CLEAR,DAYLIGHT,DRY,ROAD CONSTRUCTION/MAINTENANCE,2.0,51.0,2.0,2.0
10f666c714c43b42b68297d64228cdb0e71e867e17a6fb4cfbf5005e5e749d4e52db9e84e01a33e09833a5712aecbd28f30b0cbb784f3c9359348f74f52522cd,UNKNOWN,UNKNOWN,SNOW OR SLUSH,FOLLOWING TOO CLOSELY,3.0,25.666666666666668,3.0,3.0
10f66f25bb533e2e2052a5dde06ae7f604ded392ab49968d04937ff14f854aba98f2a008f1986b003a63c27bb8a3c38197cf649792b4bc6b93f93f40aad75053,CLEAR,DAYLIGHT,DRY,FAILING TO YIELD RIGHT-OF-WAY,2.0,31.0,3.0,3.0
10f66fd592a041ac54992d226142c5f46f6e83ac9fe6325081e1c75d250d85dd96b7d5dbff1cd61808d69552a49e026859ad8d974cda6a7526102c878b2530fe,CLEAR,DAYLIGHT,WET,FOLLOWING TOO CLOSELY,2.0,39.0,3.0,3.0
10f68cd7cf23266ebcc024209b77113a700eeb0a67064e6329e772e07954ade21c5f49153c2e93ce91fbbf8e67b85941722d5d89557f0fb06aeb7931f0edf7cf,CLEAR,DAYLIGHT,DRY,FOLLOWING TOO CLOSELY,2.0,55.0,2.0,2.0
10f70894167fc48ece162baf83e8ad46c0dfe8e31a3b11cf5b3d0d9dbd240052354be2d10fb5994e87c06df33d0a90f1a8cf70eac8617e41e269acfbbc66a71b,CLEAR,"DARKNESS, LIGHTED ROAD",DRY,IMPROPER BACKING,2.0,19.0,1.0,1.0
10f710d10e1e5be6ef145ee7289f6399aad234466ac0a433681bbf9bb67c4f7d2021c731ae2a8fde1667816cc20333ec66b33726d549744b139794a155cf75b9,RAIN,DAYLIGHT,WET,DISTRACTION - FROM OUTSIDE VEHICLE,2.0,26.666666666666668,3.0,3.0
10f7124d2e32fe0ef40f6b1eb3fa2a531e74edc8637f894d6235f2fd32e47cd4f2961d1df9804cdcdaf902cff4a8f8589eaa5e328b665b22333a87c6e3f7c03d,CLEAR,"DARKNESS, LIGHTED ROAD",SNOW OR SLUSH,IMPROPER BACKING,2.0,39.0,1.0,1.0
10f75692bd047f763bec2a94263eb5f8d81678700127924723009d6a0fb82fb52a61e7ef30708ead4a56b238a25dd6410dbe6587fc59efacbc3affb373da945a,SNOW,DAYLIGHT,SNOW OR SLUSH,DISTRACTION - FROM INSIDE VEHICLE,2.0,44.0,1.0,1.0
10f75c32a4a3c0bce82bfa7308e55a0c2a4759ca603cca9a0463156a6728a0b8e2f40d2d32c4179c3484646e10cd4f2ec2855011a99b3c4b753b553ca6590b39,UNKNOWN,DAYLIGHT,UNKNOWN,DRIVING SKILLS/KNOWLEDGE/EXPERIENCE,2.0,37.5,1.0,1.0
10f764ec239688340e30088a36702b4895f378d3aea7b152b41ef4abb6267c9b5ba86a50542c5c4a82fe8593d347a8224c2bc9777dfffde8ea911719e7be4ce3,CLEAR,DAYLIGHT,DRY,FOLLOWING TOO CLOSELY,2.0,37.5,2.0,2.0
10f793bd227379a18cdeb32829b625e302afd074193e172d5bd956696edd870143b348914cede2879e03969fdab2df80a464cb87d5ea2fa967d6ada2a0c2613e,CLEAR,"DARKNESS, LIGHTED ROAD",DRY,DISREGARDING STOP SIGN,1.0,27.0,1.0,1.0
10f796bcc8a21c39d33d7ca1ac2152e22e3ce4b5cdf2d30f7c8dd9ec6611cb6b9bafd90dd2455d212bb60511f4f9a7eeef433c6dd3db117b2eff6afb1807981e,CLEAR,"DARKNESS, LIGHTED ROAD",DRY,DRIVING SKILLS/KNOWLEDGE/EXPERIENCE,1.0,41.0,1.0,1.0
10f7a1aec5f8c283a8a94ab1528a224876fd0458e81dac8be83a4a8305b857e349e306bed248f7681bcee3e8d69c5ee813e7d080ea40c4349cf0790fbea39225,SNOW,DAYLIGHT,SNOW OR SLUSH,WEATHER,2.0,41.0,2.0,2.0
10f7a9ade9e165e0efe7bdd5c433c4f4957f58041397ddc9ef449fa00e6d2f81404c3d6858f0e377842bf0bdd08a41de927e571b9ea05d0748cb9044fc7a6fbd,SNOW,DAYLIGHT,SNOW OR SLUSH,FOLLOWING TOO CLOSELY,2.0,50.5,2.0,2.0
10f7ace2eb68aedae8bde64cd63f9ead42708146c52828582b35b1677d82fe1132daf547313284a051d46b157bb449c291d2be3bb245dd7394f7ffc0b0249fda,CLEAR,DAYLIGHT,DRY,IMPROPER TURNING/NO SIGNAL,2.0,35.5,3.0,3.0
10f7aecb65112f024ea2ff997dcb38e8398e5bb757d7011654dce5ed08cd00f69a60eb6b584fce8d16ab22277ca51febf2ac818737ae9f81413673b49821fe47,RAIN,DARKNESS,WET,FAILING TO YIELD RIGHT-OF-WAY,2.0,30.0,2.0,2.0
10f83d72a46662469a22a53f884295fe6cdc258cf9ca5e5063e8cc0a0d0e58539252a54306495d9147eaee163988bf019db536f54de6d1e97d39d650b87ecf49,CLEAR,DAYLIGHT,DRY,FAILING TO REDUCE SPEED TO AVOID CRASH,2.0,31.5,4.0,4.0
10f855624d23ada6aaa208a537fd1aa2f43e41af88af819f94c681dda847e1b3f4c7c075997ea2d0673e77193d830c8557a296013a8f63cba3c66924bba4645f,CLEAR,"DARKNESS, LIGHTED ROAD",DRY,DISREGARDING STOP SIGN,2.0,42.666666666666664,3.0,3.0
10f86883bb970149282eb1693ccd0c08055a791202b0a190292b5caedd855466da58678d5fd16e4ba2dd2919a53916c42aae156070ebf07bf9f09a7ab28a0395,CLEAR,"DARKNESS, LIGHTED ROAD",DRY,FOLLOWING TOO CLOSELY,4.0,39.2,5.0,5.0
10f8be66263e1099f51dc9641db41598e6d8658ca8f02bdb120e29cbda7110b555fc70b0ff5ad349cbd6dc860f667586adec4da6c46e65f2c01a6043c83184a8,CLEAR,DAYLIGHT,DRY,FOLLOWING TOO CLOSELY,3.0,43.0,3.0,3.0
10f8cdf2dfa17bf5be7df6a050041c07de69afb04cef44dc5e23512c1402e4c8b455be04879601b60b8d4bb5e8ac89da005c86f5d3fe7b4917df5a4086a1d86e,CLEAR,"DARKNESS, LIGHTED ROAD",DRY,IMPROPER TURNING/NO SIGNAL,2.0,24.0,2.0,2.0
10f8d24a9b26b43b39eb2804c038e5e4f657bd694b800a59a547ff0c367cbbd0d14f55c0193a90ab92f4762720a3723ed362f45353fbfae13e9635783588acd1,CLEAR,DAYLIGHT,DRY,IMPROPER BACKING,2.0,43.5,2.0,2.0
10f8debdc5716bcbb7a99af3d5b6d61a7a1695b2b03ffdfeec019189d0d5c831ca6047a9ead680b413659eead5884dc2e15ee9693faa39ad8b830c63425f58dc,CLEAR,DAYLIGHT,WET,IMPROPER BACKING,2.0,74.0,3.0,3.0
10f8df18370f604fbf4b853f2f019df162086fe4ca587e90da296ef0a7e2e5fdc661df394d5c0bc6f9a55e584d0d5f0088c782c539ff204c23639c1fc27198c7,CLEAR,DAYLIGHT,DRY,IMPROPER LANE USAGE,2.0,61.0,5.0,5.0
10f8f3afbe153f98b5da109b9ea40a13cdf4237ce6fdc82e1e42cc138ee7b68a1b086f497b279b4439f7d2cacb7983f3b11eab17e87b0d7a93c89342f9949c5b,CLEAR,"DARKNESS, LIGHTED ROAD",DRY,DRIVING SKILLS/KNOWLEDGE/EXPERIENCE,1.0,35.0,2.0,2.0
10f91dbd501b6e96ee063a88022eb9bf5c5eabb9741c3c1530833b333dd42e8d549c88ddcccfdb2340622194d5005d8799072ea19b6b6c4b28fdb9bd7f98489e,UNKNOWN,"DARKNESS, LIGHTED ROAD",UNKNOWN,FAILING TO REDUCE SPEED TO AVOID CRASH,2.0,37.0,2.0,2.0
10f9218c8dcf7de0113bf362106f35fda1a2d57eb643028fb314f7b4c2bb8098fde0256796ef026ab6d26edbfcf89084f169d98a6c290ea366552f71dee5f456,CLEAR,DAYLIGHT,DRY,DRIVING SKILLS/KNOWLEDGE/EXPERIENCE,2.0,62.0,1.0,1.0
10f9481b0a6aab928e828234bf1cef6436f6598746e3dd3ff9ddf7387712409c5be8d7bf37dc85d9942907fda2cf91764cebd1fbc19b2158c1c658de6f95bd05,UNKNOWN,UNKNOWN,UNKNOWN,WEATHER,1.0,51.0,1.0,1.0
10f962adbc6a2f9fbfc50b1dd32ea6af1ee18d3f811ccecadefed4eabf4659e20500a57fb226b7504ca05129d553d6a91c93cb86601b323dc9c2e65ba607da6d,CLEAR,DAYLIGHT,DRY,IMPROPER LANE USAGE,2.0,37.5,1.0,1.0
10f968a09d8f640a82c9335cfdb43604e58c13b92f13d327dec92d2510965de4c6f33573aec05a29b5efc343fc0979de2c770074a4166ef6b9e0a8a7e45fa7e7,CLEAR,DAYLIGHT,DRY,FOLLOWING TOO CLOSELY,2.0,30.5,2.0,2.0
10f998e02cf6c446536bb9e330a1627745a8f294bcaee8b9ddd879434406617478be7cd53e4097b675ac0b3ea1d4dc69448ec1b122a01f01b962b5e1f50a4013,RAIN,DUSK,WET,FOLLOWING TOO CLOSELY,2.0,30.0,2.0,2.0
10f9ac2a359527a7222a4f3f44223c69fc5362b599c8180dde21bc3f56c2f84ba1ac607e2527b781b4ad478742c2c7fd07ca5f8763c515cfa0a1f09c31c21f2a,CLEAR,DAYLIGHT,DRY,FOLLOWING TOO CLOSELY,2.0,52.0,2.0,2.0
10f9b9e4201dd16fdcbd93d610967869e01c0af511406f19a7fd633454fc42e882e01640f97b34e240ebef35cdcd6df7634948adc071d1d63853820921250aa0,CLEAR,DAYLIGHT,DRY,FAILING TO YIELD RIGHT-OF-WAY,2.0,48.0,2.0,2.0
10f9be265a44e609557f4d9b783817c3d88c9e048636107dc78fc008b11f625d1b9088ef9e54aaab1f55743e8ddbfcd4808832816a858cfa71528d1afb211ae1,CLEAR,DAWN,DRY,DISREGARDING TRAFFIC SIGNALS,1.0,29.0,3.0,3.0
10f9c8af982f5be4341ed094ae523ce7934a8b86573e97c9a683f77ebb36180eba0b675b11ccdd694bcfa31342d6021d5ae27c26d09a77d211fe11ff25c45702,CLEAR,"DARKNESS, LIGHTED ROAD",DRY,"OPERATING VEHICLE IN ERRATIC, RECKLESS, CARELESS, NEGLIGENT OR AGGRESSIVE MANNER",2.0,44.5,2.0,2.0
10f9ceead31df85c88fee7b31b980c611f9b17277603192af5ff5f1ba1ebfb5f188af155948a8de9d5cc6a2aae68467fc6aee542c33aa25fd84f884f0431d059,CLEAR,DAYLIGHT,DRY,IMPROPER LANE USAGE,2.0,50.0,3.0,3.0
10f9de4a22525d09d46ad71c94630b12f5ff5cb09efd57580fabc6d3d544327ae4f82037ea4b3b7ceb1799157e4d1a542b33e790330067e81c86d32751a96f7f,CLEAR,DAYLIGHT,DRY,FOLLOWING TOO CLOSELY,2.0,55.0,2.0,2.0
10fa13d236f5346aa5290982ed3e3b6c56ce9bca499a5297264665021e728c3251a4d78e099bde4560155ba2d2e5d8e9e722c6f978e55cfe5a25cde471abf8f6,CLEAR,DAYLIGHT,DRY,IMPROPER OVERTAKING/PASSING,2.0,50.0,2.0,2.0
10fa9bcf6a874784b0e8279b8b1dfeb4623faa6c6090c92f60084fcdf9d7b65a4f2f98a6cb7be3ae6b9e6b81b9cbde4500073820034dbf3db965712dc5d1d12e,SNOW,"DARKNESS, LIGHTED ROAD",SNOW OR SLUSH,WEATHER,2.0,28.0,2.0,2.0
10faaab6e224d6dbc2916661cca99bd475bf65d5c5ee19f610bb93ce062fb482de8322353b5ef57e6459c7d5255f2b102fbdcd95261b92f485be97ff2199020c,CLEAR,DAYLIGHT,WET,IMPROPER OVERTAKING/PASSING,2.0,52.0,3.0,3.0
10fab97caeed26beb098222f38bf3ead829b8a097f6d5f7b72ca352063a456087b4f5e00b3ce35a2ea54ddb6f802b3512d0ab8a4189573ea3a0731d1ddbfad00,RAIN,UNKNOWN,UNKNOWN,IMPROPER TURNING/NO SIGNAL,2.0,32.5,5.0,5.0
10facfb557f41112aecb0bf96849ed72c3c14ffc8e09bf33b5dfa8ab9936e6d9a4e5482c9704113edb0a147202678a6cd427ebee50472c9f6f3954a870fa7831,CLEAR,DAYLIGHT,DRY,FAILING TO YIELD RIGHT-OF-WAY,3.0,34.333333333333336,4.0,4.0
10fadb2f59433f159c2247192add8dee0916bfe467012b177293a7e0eebc422edda5dd3d6f98dfb1148e80fbd01ce74334c582d4506b8c4bbcdbe0ddca08b3b5,CLEAR,DAYLIGHT,DRY,FAILING TO YIELD RIGHT-OF-WAY,2.0,29.0,6.0,6.0
10fafa1b8339fd4e2d639a94dd86bbcb53721d82af1a5429739fa3982e377a626d19f8f89f019d4742cc2ed6d5e2648019934eb5606694659921b7db82a2bba0,CLEAR,DAYLIGHT,DRY,IMPROPER BACKING,2.0,69.0,2.0,2.0
10fb0c2effe2a3fe98dc3ad18ae378d91f888cebc48b3fd5b38ce8173c19aedcaa95a9b424dec6b5e06de33492a323dd933df03bd59d3548418d75e8e0330a3b,RAIN,"DARKNESS, LIGHTED ROAD",WET,EQUIPMENT - VEHICLE CONDITION,2.0,29.666666666666668,3.0,3.0
10fb0ebb9d8c3dcbdb79cb18c8e7adc346d9b1b7b5d19ac09bd4c54a17ee72d994f291d00eb4370db19e23b18c5b341bd36d088e48c94d87bd9510a5c0d9aaae,CLEAR,DAYLIGHT,UNKNOWN,DRIVING ON WRONG SIDE/WRONG WAY,2.0,51.0,2.0,2.0
10fb20b9e5e0df148af1e46c4e4395f98ab45c0da5ea434e0cffe18fc0dc7470331f59a5dd3ca06609ee544f54fe995abfb4db9d29e8177ef1a306e262d372b3,CLEAR,DAYLIGHT,DRY,DISREGARDING STOP SIGN,2.0,20.5,2.0,2.0