crash_record_id,weather_condition,lighting_condition,roadway_surface_cond,prim_contributory_cause,total_vehicles,avg_driver_age,total_people,total_injured
10fb513606c772681b679e6358a390992c027b1351ab37f6cdfaf00310d4aa2e7ae0a52ee118f97b61f99523a2e15291b6874f265b2fecb9b8be46dc17fb7e3b,CLEAR,DAYLIGHT,DRY,IMPROPER OVERTAKING/PASSING,2.0,37.5,1.0,1.0
10fb5751d0d0946225a0c5de411665b3f67e88d60ccfff8e698b1881956aef65a8dbfd5343c19d182b070958880adf8c9be09eb864a8c2a25af7f25de4a70fef,CLEAR,"DARKNESS, LIGHTED ROAD",DRY,FAILING TO REDUCE SPEED TO AVOID CRASH,5.0,29.363636363636363,11.0,11.0
10fb6991b8adfaa4eba83322ef38d6e35d694ba5cf918cee3dfb852ff882fc2176a09cfa648b402006d8737e575fe36fe8ac0dde8f37771d5394ab50e925be36,CLEAR,DAYLIGHT,DRY,IMPROPER OVERTAKING/PASSING,2.0,37.5,1.0,1.0
10fb763f503d78335c43d67a521ba7c9da3783e308be17fc423367e25aee24e2a525928a6ee10b4efa974767ba4185eeafb19cfadf482f03bd97c33e5ac8431b,CLEAR,DAYLIGHT,DRY,IMPROPER TURNING/NO SIGNAL,2.0,31.5,2.0,2.0
10fb8c0e65476d63e167d1a3ffa42877539f239781aed66f3132913bd65686b591a566bb2e0ab9c8e709b90d1eb3d632e997739eca1011b58340817bc68471a2,CLEAR,DAYLIGHT,DRY,FOLLOWING TOO CLOSELY,2.0,50.5,3.0,3.0
10fba274da7bef26f857257c2b2130ccb6ec25a610f79670111f273fe49f511eb1bf4db015392b1cfdb092b47400512f08df438ac5d5e19a3742aae44a6d8820,CLEAR,DAYLIGHT,DRY,DISREGARDING STOP SIGN,2.0,37.5,2.0,2.0
10fbc67734a6ab2afb747cd29e1ff09de20602eaa71237845ad99c0e72b10b2f9e605e8307769a32800c7e2400f4ce7a67396b6f096c8d54069fb6a6f82e193d,CLEAR,DUSK,DRY,FAILING TO REDUCE SPEED TO AVOID CRASH,2.0,52.0,3.0,3.0
10fbe4cca6aac0a8431d9574186f76726fa5678c7eaacdd7bea7801d40a1e337a65bdfe34617b81c8c302364e5af185ee4ff5943164e560c6fc4888338cc6cae,CLEAR,DAYLIGHT,DRY,IMPROPER BACKING,2.0,38.0,2.0,2.0
10fbf4c384b567b8d0099b17e7f646e1dc26fd4ab272b272edfdf384acf8dc37ff031539e4ed84570fc40fb4ca11193f8a5a5ead2f1dd5c76994f05d3d9b3684,CLEAR,DAYLIGHT,DRY,IMPROPER LANE USAGE,2.0,59.0,2.0,2.0
10fbfbbf68e6a400972a643204fa12f12b9aaef021013124063f61db0d8dc9f313f3cc5a3c35a90d19f4bcf55d7f73436a66de44bd392de4ae5590de85496e52,CLEAR,DAYLIGHT,DRY,FAILING TO YIELD RIGHT-OF-WAY,2.0,41.5,2.0,2.0
10fc0777dd3d0f832043015f966881e19242e013c0648c91e83f0593ac562cdef0da0733c5b99c0abbd25f49cc99ec46608e165de00f334971799a565663b1a1,RAIN,DARKNESS,UNKNOWN,IMPROPER OVERTAKING/PASSING,2.0,30.666666666666668,3.0,3.0
10fc12f3caab3919dee3030c66ab9c568e2bfc50bf6ecb09970cbd7dd823f0d454f2ed6b581c6e677d95683252c54f6c5b9c78008da2bc2b34511ee97ed250d4,CLEAR,UNKNOWN,UNKNOWN,DISTRACTION - FROM INSIDE VEHICLE,2.0,37.5,1.0,1.0
10fc1e257e56337dd577ac1490bfb6e36cb079fe23faff19c5d3cb10f32037b89807201f43ccd6f1a4c134a1dc13a1c4246f1c7400fb99d948b267690db1ed01,RAIN,DAYLIGHT,WET,FOLLOWING TOO CLOSELY,2.0,22.5,2.0,2.0
10fc23bb0a508e20f639b0ec6789cb2322d07eb5e57070b2f8beb3d1d9dcb941ddf351c320aaea6ce4f370ab108c48791b53ff2272838bfe92386bf570984384,CLEAR,DAYLIGHT,DRY,FAILING TO YIELD RIGHT-OF-WAY,1.0,25.0,2.0,2.0
10fc39940baf677433abf3dbb81703d80ac50d978abd95203fab8a7008b76c621649660a54cd713799702c7ddf419862ef3ad5297674395e8ac4d42186aaa02c,CLEAR,DAYLIGHT,DRY,IMPROPER OVERTAKING/PASSING,2.0,61.0,2.0,2.0
10fc54e35f23565a1b77b21701e682baa5828993378fd553e6479112fbef71def4c0662099c3fe8d0e2efcd3e44143a5c016d59d8e34f55ca256bd163b689888,CLEAR,DAYLIGHT,DRY,"EVASIVE ACTION DUE TO ANIMAL, OBJECT, NONMOTORIST",3.0,30.0,1.0,1.0
10fc7fb740d66ed96dcfdd6b5332ed036498cc900f5e301f2dd8b605e02c4b053dc2864766ab7c7b096a1879f9dd0becd0610b88e2f4b025c39f8431eb44f984,RAIN,"DARKNESS, LIGHTED ROAD",WET,DRIVING SKILLS/KNOWLEDGE/EXPERIENCE,2.0,43.5,2.0,2.0
10fc8c0bb6f8cf0719df50f69aa2467e131a951f44830684ff2a27ea67504a3f2f1e2a9997d6206703ba77b433b804d3de3492f48a3e3b8f673899d4deec741f,CLEAR,DAYLIGHT,DRY,FAILING TO YIELD RIGHT-OF-WAY,2.0,81.0,3.0,3.0
10fcaebe3ec7835359a15e5ac982c844ab9b06562a961057c631959fb44ad1d6af318dacfe4d8c08fc8ca78db3e34b87c3275b3cda38b1b4ca6ace9c1bad6fd8,UNKNOWN,DAYLIGHT,DRY,IMPROPER BACKING,2.0,19.0,2.0,2.0
10fcc9a3d0c2af10b0b0d3cdd0638adb97af69969996c9e0a1e35f4314e25b97268ac4d96398a8fe7a458f9fe10cb19f773d065f2b28ab1c05e8903e1b6aa065,CLEAR,"DARKNESS, LIGHTED ROAD",DRY,ROAD ENGINEERING/SURFACE/MARKING DEFECTS,1.0,61.0,1.0,1.0
10fccb386dc3826693cf21023baa007f436ecb79abfb41c0f90c653c51f548f2ad4d315ea0472eb4475e9d224b45ea2ef934bd488db13547fff45587e0364646,CLEAR,DAYLIGHT,DRY,FAILING TO REDUCE SPEED TO AVOID CRASH,4.0,69.0,2.0,2.0
10fccd1a0b00f0fc2c82ea99eaa936b9110b70612adc765634792b108d4dde4aa6745a21eb04f91f75a5f76dcde0c5fe69e567ab8bf38d54a7462fca299d0653,RAIN,DAYLIGHT,WET,FAILING TO YIELD RIGHT-OF-WAY,2.0,23.0,3.0,3.0
10fcf3c56b8e6014d91bfab219807107a1a72ea3a280c47fd7eb46163728a67352bb6b86802c4612a6279b8e4b17ba189cde59a1b353b7c8ac0ddb943586e337,CLEAR,"DARKNESS, LIGHTED ROAD",DRY,DISREGARDING TRAFFIC SIGNALS,2.0,24.333333333333332,4.0,4.0
10fd1acf02209e93111b974c2362a00fc679f4651fa027b72c654189d365d004d45b4f6d7bc3c7135b7610a3004c4addb1c748c1db501ab3d39ab6a314110b98,CLEAR,DAYLIGHT,DRY,IMPROPER BACKING,2.0,44.5,2.0,2.0
10fd41b54a966179cd147a4b776f0547f6e90559eedb038f20959dbf26dd59e738495b98278499620dd83dfc8e630b00339cad811829b1ad71ce49d4a438f773,RAIN,DAYLIGHT,WET,IMPROPER OVERTAKING/PASSING,2.0,57.0,2.0,2.0
10fd43d955e9cf5c19ee392b79156505ba8303dee709bc9bd3051a19ee659ceabb0e3c35cece0cfc1ba4b2ed47def29acea8f0a321c75eb13cad53a7cff6350e,CLEAR,"DARKNESS, LIGHTED ROAD",DRY,IMPROPER BACKING,2.0,23.4,5.0,5.0
10fd710171f3abbc39ae97c8543c1f7db24e6765dabe32b26c17ebf206affc4b379d2030fc4b02c7f10b7b2e13cab95a9c254d495d83e4c409a3e2a8188a8af5,CLEAR,DAYLIGHT,DRY,IMPROPER LANE USAGE,2.0,37.0,2.0,2.0
10fd7625c65371f8b9da1ea07e59cbc641a667175704c437bcfa4fbf162c10eed2186a6e9711d97d1880c13547974f697a2de9a63330e71fc0dc592e8481899f,CLOUDY/OVERCAST,DAYLIGHT,DRY,IMPROPER LANE USAGE,2.0,51.0,2.0,2.0
10fd7a61e7650614cc0df1907c4eeb1d090858e521abce67dddce0f4137858632b539b45425521ae99bb299061071a68258f03d63850826dd838930493c8a478,CLEAR,DAYLIGHT,DRY,DRIVING SKILLS/KNOWLEDGE/EXPERIENCE,2.0,52.0,2.0,2.0
10fd9f72395269b817f6d86b2dfd9d9ff033ecf0ba59b9baabe134de950d437712b257d30e718b45813bccff9bc653f2c7c0b62deb4deef5e28a6d9284a58e52,CLEAR,DAYLIGHT,DRY,IMPROPER LANE USAGE,2.0,40.0,3.0,3.0
10fda491235352abada4b07bf55a02f17910711bfa362f920aedc23275e6b30af5f00c335dc71cd18f36a2f936069a07ac4ab1b269876c51fa68f88c28fb0e13,CLEAR,"DARKNESS, LIGHTED ROAD",DRY,FOLLOWING TOO CLOSELY,2.0,50.0,3.0,3.0
10fdab8fa7f72f885692280afdb5ff3a99a5976b8e66c51e99d8132c0264952cf38818e59a956d23bba9987db34906535a995f1848380442eabf2fa0caa927b7,CLEAR,DAYLIGHT,DRY,DISTRACTION - FROM INSIDE VEHICLE,2.0,74.0,1.0,1.0
10fdb2798bae108fec3bb5c7a9268c00e0c7d8e2227cc99210ad3a427c97e09366702b9fdcfb55a0e36d85ec55051fcfbf69494337b469a119e82afb2bc4ed1a,CLEAR,DAYLIGHT,DRY,IMPROPER TURNING/NO SIGNAL,2.0,32.0,2.0,2.0
10fde3ff5df3ec6040715e99da41823b0db763b798f3d3f22586bc1d8ac227f2b92ed7870d52033e6af898b3d75bdeff1a3af6dac9ae8c4483dfd3704f2aea15,SNOW,DAYLIGHT,SNOW OR SLUSH,WEATHER,2.0,37.5,2.0,2.0
10fe203674d42935b8567444d84c7c34ea9b8e52f7e2743ae173949923628bdaf88e0fde26d383e51d624e1dbe1141e1c2ff0624c02d7ea8a005d89b9845af36,CLEAR,DAYLIGHT,DRY,IMPROPER LANE USAGE,2.0,27.75,4.0,4.0
10fe4b31356f23f022c78c027f2c3422f66518691df99951d002279821bee9d03d7db92caf7dc8bb093220d433fbc8f7368f30b9307d5ae45f46d35719bf7649,CLEAR,DAYLIGHT,DRY,FOLLOWING TOO CLOSELY,2.0,53.0,2.0,2.0
10fe4b43353369453298ea27eb6dc7571e0a3addd18c923d255d564082f389b42eb97ac3db93f3e06e7481132913456e470696be1e1b9b0321342323a5673da3,CLEAR,DAYLIGHT,DRY,DISREGARDING TRAFFIC SIGNALS,2.0,36.0,3.0,3.0
10fe61901cd5144c4cb6ee4bd4a09b4cf011037096a2fad6ae19924d3d3a44f9fbe49d0a6cb6e1a9a71c514627a49fc11aebe153a8fa65c1c96cc4e51a06b21b,CLEAR,DAYLIGHT,DRY,IMPROPER LANE USAGE,2.0,53.5,2.0,2.0
10feb1698b96b71fe572a099002e49e67b6152d5933d392a07cab9c3388775fa676e5617f0f08a3473697114efc71f1ce2e07ec05f2abc9d74d2af6f0da6f4ca,CLEAR,"DARKNESS, LIGHTED ROAD",DRY,FOLLOWING TOO CLOSELY,2.0,23.5,6.0,6.0
10feb4da1c3e0db65b93ea0568cf65815bed8f5307b3e13ed37c667ceed3093da13a2face04965f5c85087697626178cf1ef26b33bf6f4b4e53e60881d47f501,CLEAR,DAYLIGHT,DRY,IMPROPER BACKING,2.0,37.5,1.0,1.0
10feb6e9a9eeec4754028a1f980fcae34182d6ba9d52f375f3d73d8df64d09e2e68b949fdb3265f887d1ba0b909f9fe505109ae2a725a4826fd628b16b67128f,CLEAR,DAYLIGHT,UNKNOWN,DRIVING SKILLS/KNOWLEDGE/EXPERIENCE,2.0,34.0,2.0,2.0
10febac3d9c65cda79cacd4bf95548194e97adb11fd78f6257fad1eb29bcb206a0843756e5b70a5a2f7404057502502ded065ee35256f595a18b224c2cbdc038,CLEAR,DAYLIGHT,DRY,DRIVING SKILLS/KNOWLEDGE/EXPERIENCE,1.0,41.5,2.0,2.0
10fece013ddc1d613d5ee9b1b47907d3925fe06684c83dcafe2befe9fe60a26263da15b63b9fbc033992f1f7fa153332cb69ea58a88f152a84e1c267c7e5ceaa,CLEAR,"DARKNESS, LIGHTED ROAD",DRY,FAILING TO YIELD RIGHT-OF-WAY,2.0,30.5,2.0,2.0
10fecf9ea6d21bde985c306a0ab4fdf8f7c97e772899e40501fa08ce9e4e93c9912f20b735fba17985850cfd574fd17906986a3fb3ae4388822b29161a4773bf,CLEAR,DAYLIGHT,DRY,IMPROPER BACKING,2.0,37.5,2.0,2.0
10feee28deac59e4fc2e2d30d9bd0d2f5de9acd410531f9845c3295b6f76fb9d911d8aae3714dc9cda05b8f6c4ec64083b461a09ba4a50123dacfb1210403914,CLEAR,DAYLIGHT,DRY,FAILING TO REDUCE SPEED TO AVOID CRASH,2.0,35.5,2.0,2.0
10ff3b746c2d35b11229391dd25ff5ec5503b069b6093115b095654cc1a29a20ee0555afb053c25f10caec87644e68d8c83b679a8c02c4a1a613db9b2c883631,CLEAR,DAYLIGHT,DRY,IMPROPER OVERTAKING/PASSING,2.0,46.0,2.0,2.0
10ff4dad3a99fac740db31e2cfc01608c99b4e1a9c7eb0707011ed39e6f615de21becc4cc3f44dde621f8c8b7ae99bb43a68cac6f41f2fff4edd3c5c23bbd035,CLEAR,DAYLIGHT,DRY,FAILING TO YIELD RIGHT-OF-WAY,2.0,70.5,2.0,2.0
10ff8dc561351dae39bcce126c727f7ce92b7615923b5c09d125d5c1b3bf2ca103b78d60f79caf462a86034233580e8bb0e48227defb2d201df9b44bf4eaf066,RAIN,DARKNESS,WET,FAILING TO YIELD RIGHT-OF-WAY,2.0,32.0,2.0,2.0
10ffc874f43cb09c369ad4f81d918b2c9b14a77536f8d4066f208b3a41f4a2284f6f50063dfc0b858d1cb6ced9bd25cb180e5566b338dad8432cc67b2edb400e,RAIN,DAYLIGHT,WET,DRIVING SKILLS/KNOWLEDGE/EXPERIENCE,2.0,22.0,1.0,1.0
10ffc9f6f1cc45f1387c3908a757ddee31a6cfdac106b7a4dc1bf8dbe999f53e63d0d39f87a09640f3d71eeb8d1972e9a0026aae4bdcd3015be7cd4ccfeb0b30,CLEAR,DAYLIGHT,DRY,FOLLOWING TOO CLOSELY,2.0,29.0,5.0,5.0
10ffdf53f7d5473d2bd82112d96ede778fc50ce756e097df103778d13a889a527039dfc6750424c7414ebad1b1064c124e89f995e91cbbdc306690c420b21ae0,CLEAR,DAYLIGHT,DRY,FOLLOWING TOO CLOSELY,2.0,41.0,2.0,2.0
10ffe99fe81bf4c816d0fe63dbe041cdb7e3fab02f02c4a21eaf134bbb233c4f1567cc5c542702b0f359895bf4ad9ba52f5f946702a8cc586e319c519c544f52,CLEAR,DAYLIGHT,DRY,FAILING TO YIELD RIGHT-OF-WAY,2.0,44.0,2.0,2.0
110028b9c0902c75ae1bfa7d05a3ad5cea7195f226888abad6cd39dff85f1f4f21bb12037211cc2697b2dbfbce946cee8b4ae461de5aa4e616e794743e6f2271,UNKNOWN,DAWN,WET,IMPROPER TURNING/NO SIGNAL,2.0,45.5,2.0,2.0
1100524e1adad0c73c9e526e3eb9cd3524b620e535d74ede8b95717f9fdda6d6fa0e5718111baa6415178211f36011fb602db7ee86f7e295b401a5c61845e9f8,CLEAR,DAYLIGHT,DRY,"VISION OBSCURED (SIGNS, TREE LIMBS, BUILDINGS, ETC.)",1.0,22.0,2.0,2.0
11005a45acdd3d40363b04ba168eaa2bac161ee3b098982f22df650a3b8538a4948caa6127c233c1dc8c1ee98463e63e695017ec0344798e1e92b5e24da66ad9,CLEAR,DAYLIGHT,DRY,FAILING TO YIELD RIGHT-OF-WAY,2.0,59.0,2.0,2.0
1100c7f39e40aa35ce88f41c14bfec0ff1b028a6484f9a18c49e18fe79686c2813cfed37a6510c09da6aaa04f8d848aa85c7504842b3c0e3a88293c1d752653d,CLEAR,DAYLIGHT,DRY,FAILING TO YIELD RIGHT-OF-WAY,2.0,35.5,2.0,2.0
1100cbca359c48699b4f95f16571fb7dc66b6b9eb68d4b0d1e7f93abe41bba3b93ea1fa8e22c0057d57be529f7b84413970a827a2e3cbb30e5c12787bbc6ca55,CLEAR,"DARKNESS, LIGHTED ROAD",DRY,EXCEEDING AUTHORIZED SPEED LIMIT,1.0,37.5,1.0,1.0
1100dfb7a5c1347de75dd5b5f2af75a61bd7c0f7cfd1120c0376f18c6c5c2ea882361d7349d8992d6afaaa1c28235367d589361cf137ab8ff15fbd2766c5d80b,CLEAR,DAYLIGHT,DRY,FAILING TO YIELD RIGHT-OF-WAY,2.0,36.0,5.0,5.0
1100f25ce60a8a615ae31085e6ff7e0e2ca1606028c1aaed42f7caf7dbb1c47aeeffe18cd930b6e111c3cc079c73216d01f95526fedf7d623372e613f7ce1315,RAIN,DAYLIGHT,WET,FAILING TO YIELD RIGHT-OF-WAY,2.0,40.0,4.0,4.0
1101234fd803f2fe52f2e996ef65538a4ce95fc3528d902cdc82ad0b9f4839546dd6e8e66691428568f3f00e3ec068acb17ef483648da11f9a2c53590a5f5cd2,CLEAR,DAYLIGHT,DRY,DRIVING SKILLS/KNOWLEDGE/EXPERIENCE,2.0,37.5,2.0,2.0
11013b5d9437a75f02425b5051147bff37d84dd262763c56613725a5afc073722c0170dcdb96902120caa807c3f2805e6f145d29e10280fabf63d3b1b96ad855,RAIN,DAYLIGHT,WET,WEATHER,3.0,33.0,1.0,1.0
11016cd9f58e55074986c755c65199fd187686f354520b4eceb9cee03c2332b784d74c32abe2f4f018d931eda8e5b613c1c615a06e196e4e17de4cb26b602ca2,CLEAR,DUSK,DRY,DRIVING SKILLS/KNOWLEDGE/EXPERIENCE,2.0,33.5,2.0,2.0
11017683c5245db6fe1164f311951de48bdd24aee7fbb6a450721fce6d6d6096f301f08893f815a867ac0e9da604f8f8222e52256f20d678ae4a43949d97e29c,CLEAR,"DARKNESS, LIGHTED ROAD",DRY,DISREGARDING TRAFFIC SIGNALS,2.0,15.0,4.0,4.0
11017751a494e0e9e6efd93e617086c10da867cbb8be2afc480f8460bb5334abdf842b189db8610ba2c9c7486586285c5b43b2620a245fd782b9ad622c038820,CLEAR,DAYLIGHT,DRY,IMPROPER BACKING,2.0,23.0,2.0,2.0
110180fb1dceccf576c1e2a22862b0f7dd0b19022dc65c318e4b3916471d9c1def982ae523ea6be685fa9c5a55fe9e0f276a8ed30112fa197c770f6794480a69,CLEAR,"DARKNESS, LIGHTED ROAD",DRY,FOLLOWING TOO CLOSELY,2.0,26.0,2.0,2.0
110198f7817ff7fd403b6ee427832f05274ae8839470192a9f494aab52414aac2324d6b5212bdb7b8270654b77e3c63b1bf8156fcd6cae5c22df016739bd2120,CLEAR,DAYLIGHT,DRY,IMPROPER TURNING/NO SIGNAL,2.0,40.666666666666664,5.0,4.0
1101aa309df0d92a004c5e6fcb643b51032c7ceed991b9d5248df18cf4c2b26a6079789837b1b1bd7e3d66f713ed318f0d726f47889cfcfc0ada3a5b873a486d,CLEAR,"DARKNESS, LIGHTED ROAD",DRY,FOLLOWING TOO CLOSELY,2.0,37.0,2.0,2.0
1101e74c6bd8bb656e8f4d9a61a1dbfa185df966daf3d8d2793f82295d29336b0f062428f7a7a7b095e5a1988e1fa7131712c5c8246defc44bbb44805a1e9fe7,SNOW,DAYLIGHT,SNOW OR SLUSH,FAILING TO REDUCE SPEED TO AVOID CRASH,2.0,18.0,1.0,1.0
110209b2f1a27ca264d0548d712e4c3a6ecd2809b468abcdb5ee7d72fb8d8a8f38989ad1502965e7a240548f99d0cf3120bb43b0682daffa4d79b7013cdcc953,CLEAR,DAYLIGHT,DRY,FAILING TO YIELD RIGHT-OF-WAY,2.0,37.0,2.0,2.0
110213ba45fe97c1dab3732b9916fe040c878ba2bcd5a0b42d961c00633204bea4967befaa0501c815d5907cff85c85c52514dd2fad86d52545e6c56bdba2bef,CLEAR,DAYLIGHT,DRY,IMPROPER OVERTAKING/PASSING,2.0,28.0,3.0,3.0
110224406a3722065db315c99325c98f22a317d8f1e0c138be175c391b5797c9213d54b70cf5d5b26c2fbb6a0b38bb196a932be62a669e3b44225531fcda51a8,CLEAR,DARKNESS,DRY,DRIVING SKILLS/KNOWLEDGE/EXPERIENCE,2.0,39.0,1.0,1.0
110259ed92c8763e45f398ec15a2d4978f98bf497e6bc6c9b9fb0a5043616105ea4dfd45bbc5da8bff4a1360315b94109a64645ffbd87f0f637adc13f867b161,SNOW,DAYLIGHT,SNOW OR SLUSH,IMPROPER BACKING,2.0,59.0,2.0,2.0
110263301eb9bdbc5d508f25c7c3fe806a14de28f9074cf9112864bd80b994b90df6f48a3dc95b834029ec9817a1367c9cb021f45a3cd36f41d5c08f7db70fd2,CLEAR,DAYLIGHT,DRY,IMPROPER BACKING,2.0,50.0,2.0,2.0
1102708cf6f0c38049c58bca3867d17458f977cb0763608921296e5c9d01ace35b3af3f2222086c93be33c466e685ead7a3da77ddad6419b9f601c8ad001f008,CLEAR,"DARKNESS, LIGHTED ROAD",DRY,FAILING TO YIELD RIGHT-OF-WAY,2.0,20.0,2.0,2.0
11029715d662ac6f9644c4f087ef932350ef32529b41264fe242c3903fcd240f26f3c913caebf04cc5d9476c8267b58bdf34d93f3546474cac44db1903186ce5,CLEAR,DAYLIGHT,DRY,FAILING TO YIELD RIGHT-OF-WAY,2.0,48.5,2.0,2.0
1102bb2f7cff9fd46823d8d7987383c5724f3c87e823806945cdf9b118e90c963a2522786713f644367b7dd07f489e98dd410d239b15bf2702e7b98a6855c3c4,CLEAR,DAYLIGHT,DRY,FAILING TO REDUCE SPEED TO AVOID CRASH,2.0,38.5,12.0,12.0
1102c7659b4c4dc72f6fa8172e4a8b0f8b02a844f0c341a26a678e86a11af0ca79327c89346bc8c01715fb24bc2a4bf3e303ddf7e5bbbb7be010e845c5e3351a,CLEAR,DAYLIGHT,DRY,IMPROPER OVERTAKING/PASSING,2.0,47.0,2.0,2.0
1102c7d4f59738f1ac0b38505963722fe87c3dad10dc99e475ff55886cc7b16515943130881b5b7802722b7d7c551022ab3e393240015db51621d8b6300ee20a,CLEAR,DAYLIGHT,DRY,FAILING TO YIELD RIGHT-OF-WAY,2.0,19.5,5.0,5.0
1102ced6dfda3d3b62008128fe3f1ad1c6af5243732b1221f852b18e5973b98af142ba34cd1a6f185e08e389eb9722f08ee892542c3d1335b04ab479b019d7c0,CLEAR,"DARKNESS, LIGHTED ROAD",DRY,FAILING TO YIELD RIGHT-OF-WAY,2.0,37.5,2.0,2.0
11030af7d1fbbadd4bad2e2370abc66f8e20e280602d61a043a9bd060c612fe6237dfecb036289446245b14b9cb6ddf187fc7954527895a3e0ac6a912178b0e8,CLEAR,DAYLIGHT,DRY,FOLLOWING TOO CLOSELY,2.0,36.5,2.0,2.0
11031927f9091b1626d5b0c42ed0b60b43abad85750c411998e72c18f611bd9c665ac4c0b8434ff2312c2acf94507c9f54145a51ee7eea1463ce2940ee04b639,CLEAR,DAYLIGHT,DRY,FOLLOWING TOO CLOSELY,2.0,31.0,2.0,2.0
110387ff1f8876e1e2c25002c3a81b1d973cabc350382934b75033aa30f211527d06ef3f40ba7b9e29a5c44820ed4ff23403d5e846a6a81bcb2652467b9ff852,RAIN,DAYLIGHT,WET,FOLLOWING TOO CLOSELY,2.0,67.0,2.0,2.0
1103b3e4807e2d1b778ea7c8cbcbf0c4631380a873f4a914d4b1154c73fd342625aba43821778a8aa6546c72d4b7d6e5dae2db6268226da0e49dd1d3ab5555fd,CLEAR,"DARKNESS, LIGHTED ROAD",DRY,IMPROPER OVERTAKING/PASSING,2.0,35.5,3.0,3.0
1103be23f0b7141476601ea60aefc77b3b5931939c1fd68cd66d4899ba3d7094e04a2dac6b28f774d5959f389a77be35df770b870e37cad250f5986710bfb1c4,CLEAR,"DARKNESS, LIGHTED ROAD",DRY,FAILING TO YIELD RIGHT-OF-WAY,2.0,42.5,2.0,2.0
1103c1a57b4c39970a41d61ee0af8aeef4bd8cd0a7cd97c6e9ec774ec1544804598e7b777a7138be6d5deb6b2cd4257455e1976885891b289391a3844c9cd1f4,CLEAR,DAYLIGHT,DRY,FAILING TO YIELD RIGHT-OF-WAY,2.0,49.0,2.0,2.0
1103cc30489de0ed4124b75426007378c5ef179f92ed47791724c77ea2628b6333735eb86ab4d8b8765ad59b4ba9f9d4ee71e410c975f17671a69cf1572fafe8,CLEAR,DAYLIGHT,DRY,DRIVING SKILLS/KNOWLEDGE/EXPERIENCE,2.0,32.5,2.0,2.0
1103cffd57c53b1208b3c4919efd0f3c885a8fb555bce96edf4f8f0dfa89032aeaaeef5fa27ff347a8ba4c1fd9e14e8ded3cd8e49bab77a21449e6182f1fb397,CLEAR,"DARKNESS, LIGHTED ROAD",DRY,DISREGARDING STOP SIGN,2.0,38.5,2.0,2.0
110413e3f668db578341a009872d4bd20bff337b99c565508f2cc00cd997398caa581dd0c26c1897239d0b417ff1618f5ee17aa2e0c269929099c4c74a3fea47,RAIN,"DARKNESS, LIGHTED ROAD",WET,FAILING TO YIELD RIGHT-OF-WAY,2.0,36.666666666666664,3.0,3.0
11043944de413d472d13c770a5f791311d944e0a7407bdca3d6cf9416bcc081bb98ec28e42732828433fa14093c09a405a49feb27935ddf45254ea88c1afeac1,FREEZING RAIN/DRIZZLE,"DARKNESS, LIGHTED ROAD",ICE,WEATHER,2.0,58.0,1.0,1.0
11045be5acb1fcb1df9a73d53b43d720cfa452653b744a1c877552ceff7736013de797d4c250206eda2d56c3da228380e8c3c59670e6b4a16c8ea40dcc44ec6e,CLEAR,DAYLIGHT,UNKNOWN,IMPROPER BACKING,2.0,48.0,2.0,2.0
11047b052eb6af5746667e804d39b7a7b660e1bc08cca45d3442657d4e1b313fa6aeee548bebc3643e3029db6e3771f6325116fafeb426deedb840aa8c922dd0,CLEAR,DAYLIGHT,WET,FOLLOWING TOO CLOSELY,2.0,43.0,2.0,2.0
11048530b00a7b5d50b5ebde7101b1c5b047d02efda9a52b8bb4786888480aeeed5da387cac05d95257a4db8a9933cd57c3d1ab847944734201b17f447ee2bb5,CLEAR,DAYLIGHT,DRY,EXCEEDING SAFE SPEED FOR CONDITIONS,2.0,28.0,4.0,4.0
110498dabdb31f8b6a3ed4ce18110b366ed786be1c32c6b29523b8eb509d2fdcabf80f290233638985b90c302dd4494cf0503950549adb0b4ac1259d583ef941,CLEAR,DAYLIGHT,DRY,FOLLOWING TOO CLOSELY,2.0,26.0,2.0,2.0
11049f3d97cc5c1c7fd9c8b60f0ffeb7fb26aa865dc2bfef3e254a8d874ed8200fa1817e4f0f7433e7ec11fc07ee94ca5a1749712be94dab45348b82ada66071,CLEAR,"DARKNESS, LIGHTED ROAD",DRY,FAILING TO REDUCE SPEED TO AVOID CRASH,2.0,40.5,2.0,2.0
1104ae38196b7beb272ebd36cfa48660d2efa0a0e3a8ea9361f26cf7a8228bb3f885a3000cd035cb9015bee7fcd117be3c2e5f6f9f968c324fe7f962d1d27a0c,CLEAR,DUSK,DRY,DISTRACTION - FROM OUTSIDE VEHICLE,2.0,48.0,2.0,2.0
1104bd7c53a604a4a04d3ab1544757ae372fcbca777469b455a1eda9824c9c0895d0a662e61d6c253b853fe6fb49fc595082939196f0a8a3458e85f0caf9eed5,CLEAR,DAYLIGHT,DRY,FOLLOWING TOO CLOSELY,2.0,67.0,2.0,2.0
1104bf8537cce39c4b3d78d518ee68e4dd2018cad131cf663c9f17703816f6b1c0fd7e5da421ed2a6f027027a483ef242855d6eb9ac764eb2a67295449f28f8d,UNKNOWN,DAYLIGHT,UNKNOWN,FAILING TO REDUCE SPEED TO AVOID CRASH,2.0,51.5,2.0,2.0
1104df3277f92051db1c266fc3ba6c32ff8e1e840ad0977df74f71f0fa84268c51c33771c7cc7fbb9fd47f455918cce0d0fb191ba86aef9c9e229c24f2b08866,CLEAR,DAYLIGHT,DRY,FAILING TO YIELD RIGHT-OF-WAY,2.0,22.0,3.0,3.0