crash_record_id,weather_condition,lighting_condition,roadway_surface_cond,prim_contributory_cause,total_vehicles,avg_driver_age,total_people,total_injured
1104ec75044f5b1a603863ba9230ed695d38cac0204950864a96f3a6cdc0cf0b805fb8f5adf980fb5d9a4af7690e6548ea3d04b0d2b13b2fa5eada18d709b4b4,CLEAR,DAYLIGHT,DRY,EQUIPMENT - VEHICLE CONDITION,2.0,23.0,1.0,1.0
11051a6f5f23c6dafbbadd604e55e08195ef1ff87620f2a9aacf9cfb95cf68ec84a1ebd2cc519641ae9b1822043c1550d1de84db6919ed5ce8969defe991a05c,CLEAR,DAYLIGHT,DRY,"OPERATING VEHICLE IN ERRATIC, RECKLESS, CARELESS, NEGLIGENT OR AGGRESSIVE MANNER",2.0,37.5,1.0,1.0
1105241ed6e643f4699f0cc69565b09d87e847781a9eab218f47ce0ebf02c5cc79df162fd02574507723e2d018660aa79ee8df67e916b31dcbc6ac84cdb9756c,CLEAR,DAYLIGHT,DRY,FAILING TO REDUCE SPEED TO AVOID CRASH,2.0,60.0,2.0,2.0
1105352cf66a735ebb5c374459c1017303e440abe65614da1d1957988b3d48ee3e09c4178b4ff347c7848543e17b85defbc23db537013bbdde1fbf8ebb502038,CLEAR,DARKNESS,DRY,FOLLOWING TOO CLOSELY,3.0,45.5,4.0,4.0
1105587cb6826b022bd535486c1f89c823113a6eb119acaa0c6e4a90e1b274983900f1b1322ac88a9c039d1d26f652b0ec92f9ae40295fe9d76f152ba3ec2da2,CLEAR,"DARKNESS, LIGHTED ROAD",DRY,DRIVING ON WRONG SIDE/WRONG WAY,2.0,38.0,2.0,2.0
11057344e483e3d98762a4cbcd90f20463a8b461ad29ab8846313c078c7399b73763302a61d4710a43dd7a7f2998449ca84e0241283f2b317f90f1240ce3b258,UNKNOWN,UNKNOWN,UNKNOWN,DISREGARDING TRAFFIC SIGNALS,2.0,26.333333333333332,3.0,3.0
11057d497e8818a3bb72a5866c4d35f0b32a9583fd5740d2d23710571e7374aadf2c262dd28a0ba79784f11c953665c922c311d35b66a4ef4d054cecef1bc535,CLEAR,"DARKNESS, LIGHTED ROAD",DRY,FOLLOWING TOO CLOSELY,2.0,35.0,2.0,2.0
110584190fceddc487edcb7d6219683dcc043840a487cf7e2145a6d6c6664000be8a4810e54243bfee9294e359d2ee11e50359ec700580ce13f531e71deb85b6,CLEAR,"DARKNESS, LIGHTED ROAD",DRY,DRIVING SKILLS/KNOWLEDGE/EXPERIENCE,2.0,21.5,2.0,2.0
1105a96d8d84497640d2ab3450bc4b6cf5d29ac57506853a67c49e840e7353ff8b86ee092e98f100f01b72f5a0fb7b0ee73ed07e598a184ee7ba1abb6b004e41,CLEAR,DAYLIGHT,DRY,DISREGARDING TRAFFIC SIGNALS,4.0,41.0,5.0,5.0
1105ea5324276b74d35b2ebdd64433970026adf1b803eb4599f487f4f06576d43405a532c92a7f3f6075d6aa1cfaad127adba8103b7c8444d6ca7b18048c39ee,CLEAR,DAYLIGHT,DRY,FAILING TO YIELD RIGHT-OF-WAY,2.0,64.0,2.0,2.0
11062d0348ff8b6c73402fd439345dfe6a215981438aad67f02149e73300b1cf83bd86206f910d7eb53437df866fac2f9d786c441d0320cea2ac31bb1ca0498b,CLEAR,DAYLIGHT,DRY,DRIVING SKILLS/KNOWLEDGE/EXPERIENCE,2.0,37.5,1.0,1.0
11062dc13c5a79080aafde8219c4b353954e4566de186cc13ea5b8276449cdb761be6020611eed158eb6a291abab9193cc1cf6144461a7b405fc40837924b168,CLEAR,DAYLIGHT,DRY,DRIVING SKILLS/KNOWLEDGE/EXPERIENCE,1.0,28.0,1.0,1.0
110655e95d85b4c8a9a1d2ee1be4adada95035e62bb702df9592c6e71fa943a9cf374a311caf4d44c3c7e00263c56df69c73d905069333a8fcca27d4a07d9d70,UNKNOWN,UNKNOWN,UNKNOWN,IMPROPER BACKING,2.0,37.5,1.0,1.0
11065a6e59bf9d09a04ad597167496469975101edcac547fbedcb3b9159e4b34e33f6761b6cdbd07cd2a7d20bce796490c1cbbf5b70e4432900ee6a7847a96d9,CLEAR,DAYLIGHT,DRY,TURNING RIGHT ON RED,2.0,75.5,3.0,3.0
1106897b1e5a0fd72933eee4069fedb8d039e210144aaadeec269378a3e737a7607496ae9cd00bc61f2a7641d397e684768030d0ced69434493cdc334c775244,CLOUDY/OVERCAST,DAYLIGHT,WET,FAILING TO YIELD RIGHT-OF-WAY,2.0,40.5,2.0,2.0
1106ada11c1150727aede44dcbd5aed2da8584f4b4db009a347296ac4ced59d7aadfb8169511c70ae3587524b1013b161b825638982142b1e70269070598f7ea,CLEAR,DAYLIGHT,DRY,IMPROPER OVERTAKING/PASSING,2.0,30.0,2.0,2.0
1106bad6cae5779550046ed2a426940788a36a98f4dbf851f5f6b9ba99eb88638cd782cdca1e0c3ac7903fe0d0a017949548ec7b633a47cedbc41d687e7cc08b,CLOUDY/OVERCAST,DAWN,UNKNOWN,EQUIPMENT - VEHICLE CONDITION,4.0,15.0,2.0,2.0
1106f4918e1d10d1b1f8636286bbf0b197c1ae01a95db0cfc05ce66095bfda71afd8dab25de6b04a9c61eca0b2ea8421e48b764addb440d571b7f6dd711c8e0f,CLEAR,"DARKNESS, LIGHTED ROAD",DRY,DRIVING SKILLS/KNOWLEDGE/EXPERIENCE,2.0,62.0,1.0,1.0
110741317f6c75a51f7d4a097e895ea1e4b95ef5bdf5c615a9cfe177ffdb7cf52955bcce850e28421256319d69f0a06e83418b1455ebb55e0d824611b34f5805,CLEAR,"DARKNESS, LIGHTED ROAD",DRY,FOLLOWING TOO CLOSELY,2.0,32.5,2.0,2.0
11077c35f473e18b20ab06d86d91214754a5555f3f71a7516381c0d09ae53378669254b599cbc248bb63595f9665044114d0a7d845ebd3f6ee3ab669d3744f96,CLEAR,DAYLIGHT,DRY,DRIVING SKILLS/KNOWLEDGE/EXPERIENCE,2.0,61.0,1.0,1.0
1107855fc81c2f7caf0ba5191ebfd9f5d4b69da983eb26a427d8bfa3dc3319e55dab0be54092e233e02b93d7e611dff0900ba29062687aab77d79bf0bf1c0c34,CLEAR,DAYLIGHT,DRY,DISTRACTION - FROM INSIDE VEHICLE,2.0,46.5,2.0,2.0
11079f689e34765adc2c339d8116ebb0ef8a758db1ace5422664a4abf4b6534e95ab7c45518b4e148e8659906ba08d2e60755bc72a5944472121d95f104819c7,CLEAR,DAYLIGHT,DRY,EQUIPMENT - VEHICLE CONDITION,1.0,30.0,1.0,1.0
1107f0984f11dd71088c3ccd422b336c2635006fc42275ed58eb953b81d4c5cb26b53fc3f9afa19a99fd8b120968f7a2bf3445856e78b0121b3a49e9b8a8b8d4,CLEAR,DAYLIGHT,DRY,IMPROPER LANE USAGE,2.0,39.5,2.0,2.0
11080d7d36b329e55ea9ac972af5af6552541d8e5b5c7166a28ef9509d65d2a74896e795f3c5bfcc7a6be63d068141ab0587de87a2945028d9263346120d6b82,CLEAR,DAYLIGHT,DRY,IMPROPER BACKING,2.0,37.5,1.0,1.0
110820108eee8b8570a6135663edad2b571dfb8dcd65ade2a7bc7229c83cf3455ded7133a9c1dd6bf5e98c00dd21e284610b60a857c2410d8ef0c0db60c65f4e,CLEAR,DAYLIGHT,DRY,IMPROPER OVERTAKING/PASSING,2.0,36.0,2.0,2.0
11084dd054b930ec2074f78d54b3846406f7bdf8bc1874be885f9e02a072a3be5ec86fea1db8d1eb52348626dc426c0e76f29a1468c8bd48b88256e2816a9600,CLEAR,DAYLIGHT,DRY,FOLLOWING TOO CLOSELY,2.0,26.5,2.0,2.0
11085363661ca3c0cffeca28d14f0c91410013797b6cff208e7fb0c76b513358ad460cce63c62d3983590bbb6a1ab5bc326d2b244fc0a70072e5801da52f61f9,RAIN,DAYLIGHT,WET,IMPROPER OVERTAKING/PASSING,2.0,13.0,5.0,5.0
1108623ca6ac0a58f1ba543c06a762529a1491ef170797103cde16cc41c6cff1d886d25a0828de6b7e917f7e847d10dfb3d67da05f70b78c538313d81a8243bc,CLEAR,DAYLIGHT,DRY,IMPROPER TURNING/NO SIGNAL,2.0,40.0,2.0,2.0
11086b75cffa1ed215518c7e5d052e334c4364901394139160d4fbcbd6c08cfa0e92d5622776feae3b364d9f8d99dc00a0d0b59da9a731638c0ebd1cff17ee55,RAIN,"DARKNESS, LIGHTED ROAD",WET,"OPERATING VEHICLE IN ERRATIC, RECKLESS, CARELESS, NEGLIGENT OR AGGRESSIVE MANNER",1.0,37.5,1.0,1.0
11086d9d935221bf66ab94f68f26d79e48f90d37065dfe65d8e8d8cf6248cb7b058f3a5e57974fa13d2a3eb0a0df55a16062181f13de0a749391b464835ea89c,CLEAR,DAYLIGHT,DRY,IMPROPER OVERTAKING/PASSING,2.0,37.5,1.0,1.0
1108738340eddb0a55fb9f307e25ca41a34c5e879e0172bef00fb473bb1a1da1222d7fdcf9c4e015a290e8f15a9180e9c8316794718cbef1002587d8506037e3,CLEAR,"DARKNESS, LIGHTED ROAD",DRY,FAILING TO REDUCE SPEED TO AVOID CRASH,2.0,27.0,2.0,2.0
11089c67b02bfb895ee2fa754dfb97186b5a8edda8760c1d81c747666b5cd074ea0be7b656f41c9e411ed16704ec3f970beb4939b60efe37dd56c54dcd9c37a3,CLEAR,DAYLIGHT,DRY,FOLLOWING TOO CLOSELY,2.0,14.666666666666666,4.0,4.0
11089d5cac9478928edba2388ead1dce0ada5776eff9f80106d39033624d82cc060abcf13aff064de1e706ce6f11bd712290899d82a01df68020049d9df49e99,CLEAR,DAYLIGHT,DRY,IMPROPER LANE USAGE,2.0,56.5,2.0,2.0
1108b71cd9aefb9ac6e128cced9a34da6346c1facae0db8095ced2d6ebc409dacb6805b6012225381af99081feeb9a8f8ac7e0b8f32bb56f5898b24b306cdbf5,CLEAR,"DARKNESS, LIGHTED ROAD",DRY,IMPROPER BACKING,2.0,50.5,4.0,4.0
110902bc1c015aa76f13bb4ed31d22d62a7ec6db55119cd2d7934c82ac9e30ef9adc9eebae030c2bd1a9d5e7d72c64d8995993728c6cec9685defb004a6cdac6,CLEAR,DAYLIGHT,DRY,IMPROPER BACKING,1.0,60.0,1.0,1.0
11091a2838a958c9688a9a76348941a7c394a7a59117636292df7fe6081c9608f6ecfbd2803104ca3f295473047a1cf6b004b0975d0e25525caea4a848f830f8,SNOW,"DARKNESS, LIGHTED ROAD",WET,FOLLOWING TOO CLOSELY,2.0,29.0,3.0,3.0
1109301ed080b5c6ddf00c81dd3cb44d0d52ba0960f6ae07670397641a2a523ae2826998617c3a1577a9a75676898590f850be9d0fb28bdf2949c48da31d9b1a,CLEAR,DAYLIGHT,DRY,FAILING TO YIELD RIGHT-OF-WAY,1.0,40.0,2.0,2.0
110942b5b785415b58adb1c5bceb861efe396a61b489a7ba517e8db4c76b33570619690705ae424debfd5badd736ed203f4395320a5edce1cf3393ea79772cf5,CLEAR,DAYLIGHT,DRY,FAILING TO YIELD RIGHT-OF-WAY,2.0,29.666666666666668,3.0,3.0
110966f5e8b64e0d6ece1e9ce643b13759bfbba9cfa2baffd90c8bb35c8af20078c1bd55c1c62ae5d2fefbd5c2dd029ab787f181627ce0f218c6f1ea0f92c762,CLEAR,DARKNESS,DRY,DISREGARDING TRAFFIC SIGNALS,2.0,40.5,3.0,3.0
11096a20c3f3ccfa22f5d85eb277be41a54326d126d382b9752b30423ac0e95bae699054c03c9513a1991993e8de9bc85cbaacc3eb3716deb066e7e5b5168518,CLEAR,DAYLIGHT,DRY,FAILING TO YIELD RIGHT-OF-WAY,2.0,49.0,2.0,2.0
110987ebb47410bdec2d3f6a05cd4f1ffa29de2885ec8b880cac1dce19af6bfd5cd034b93e3e96296d9016fb4f27e1567d3e4c9e0d440ba6f2ecbbca0d7b3a00,CLEAR,"DARKNESS, LIGHTED ROAD",DRY,ROAD ENGINEERING/SURFACE/MARKING DEFECTS,1.0,46.0,2.0,1.0
1109963bdd4ef5db18713fdf26f49d3f3cec659a70500be235934e6eae7f8c1064fb26137f7bbae13431f0e2f998adacdfc80555cf26af45684feef63a1271d8,CLEAR,DAYLIGHT,WET,IMPROPER LANE USAGE,2.0,53.5,2.0,2.0
1109ae7ee928b28d6c8f54b930419a7ed70a0b7916d0316cc4f000ac47e69d923608e4365d173466fbbb07497e41be2a8bd71d6b840cc7095225ce44cfe96fd3,RAIN,DARKNESS,WET,DISREGARDING ROAD MARKINGS,2.0,37.0,2.0,2.0
1109bf3ac74faa64f696db644c9e0cd50add787a84959142fedc0f2751b60801ffeeda1ed1318a0ac2969b3627ec5d82882c15095296f00410a2e4e617584926,CLEAR,DAYLIGHT,DRY,IMPROPER OVERTAKING/PASSING,2.0,46.5,2.0,2.0
1109c258ec4b8db6670147d92a559be97dd1dea3c014f4e875ba88f2a2921d73db2172771aaef71b15d2ca7031ad5ec6d5f767c36f14ace928d9b3f880d15710,UNKNOWN,"DARKNESS, LIGHTED ROAD",UNKNOWN,FOLLOWING TOO CLOSELY,2.0,32.0,2.0,2.0
1109cc9b32f4e6edc7cdd5d75affdd1404f9b5a310a94051f992fc8b440b275452f1e7ee5cc1c1bab85e79aa9da58ae625d92d3e5a2b111c980899d43b6a7f50,CLEAR,DUSK,DRY,FAILING TO YIELD RIGHT-OF-WAY,4.0,33.0,5.0,5.0
1109dca2274574cad6ee486eaaeb6260ce3847886c19f86b228c13e621c96cc62a55bb9f8eccc59fdbcee5932a3f6e1ab7cb408d552820aecaa9e126403da9bb,CLEAR,DAYLIGHT,DRY,IMPROPER OVERTAKING/PASSING,2.0,58.5,2.0,2.0
1109e729d44126ee0fc306445ec6fc619560bda4c4c4004afb475b5f4bbb64a656ffb5b30141f21d4f890766166e7ce142f40ba63a282d154bc0c610a386b920,CLEAR,"DARKNESS, LIGHTED ROAD",DRY,FOLLOWING TOO CLOSELY,2.0,35.333333333333336,3.0,3.0
110a083897eaca36ea030fecd28b6b6b097e9f7289e395aa7ab7efdf8e939db41ae8020a6f0d00966f50c1d6d8a025bb808ce2a0c2aaeefcc717108a084757c3,CLEAR,DAYLIGHT,DRY,DRIVING SKILLS/KNOWLEDGE/EXPERIENCE,2.0,62.0,2.0,2.0
110a3b8af54a4469aea4e1a37c4cc97eefb64ce090b934ebc8bd8852d067287cdaafef694d9b735b1a585daff43bf0ddd3c6aea6f7f5c8e76f587d000def7f85,CLEAR,DAYLIGHT,DRY,FAILING TO YIELD RIGHT-OF-WAY,2.0,46.5,2.0,2.0
110a5970ac1ba7e39297fb1b09a2db3e617cac0836c064a1815e6912c1ebb30e1d7d536ada52487251ec2b409ade430f996094f14cdaa8ea81fc4f8e8e4b83b3,CLOUDY/OVERCAST,DAYLIGHT,DRY,"OPERATING VEHICLE IN ERRATIC, RECKLESS, CARELESS, NEGLIGENT OR AGGRESSIVE MANNER",1.0,21.0,1.0,1.0
110a784f133f59b3296a051d0bee704e275cba43c4b993f2fe1d6d89db60bfbc69d0118d6fd73144d57ee2214b01c26d82fb354c9334399aade7a3be9c3d30e4,CLEAR,DAYLIGHT,DRY,IMPROPER BACKING,2.0,37.5,2.0,2.0
110a95ae7b683b7d42e823b69edf9279d5af242b4f4c11083d41e9b082226cda390e5811981232434a3853e8f4ca8c1afa71d502eb4494788b296589ccf53c30,RAIN,DAYLIGHT,WET,WEATHER,2.0,31.5,2.0,2.0
110ac9a2c7d2e4771c53dc7d097dc3ecc36f446c1967830268f646fbba8b616e5db7911f77ccc291a980a7f36a79d1b6c49b636201324a6bfd6db41c0ab06398,RAIN,DAYLIGHT,WET,FAILING TO YIELD RIGHT-OF-WAY,2.0,57.0,2.0,2.0
110ad7edd226404c62fde41c56de9870838cb4bcddbfa8b375f5a0891eb711b5b1a9be4dbedf3ecf9604ebc7b7a5283bb783bc5b971a94bc0a51caaa5499a85e,CLEAR,DAYLIGHT,DRY,FOLLOWING TOO CLOSELY,2.0,26.5,2.0,2.0
110af9a36a96abbfe93e7a6f01a20b58904f3a5d13039c3a26379eef4276b642b68d684669c83a6362c198a00e0d2731a16ce2924c21ab52386577df7f8669c5,UNKNOWN,UNKNOWN,UNKNOWN,IMPROPER OVERTAKING/PASSING,2.0,53.0,2.0,2.0
110b34fbce04c54e0a23132a7b7a16f63a510776274535193c5b6588593afaa5088ab370b0fb2034a78df1324f3ab93b4d04db635185b35535c5113559d71498,CLEAR,DAYLIGHT,DRY,FOLLOWING TOO CLOSELY,2.0,44.0,2.0,2.0
110b35788c5948ae48392507f64c46347547eaa5522a010eed38a1403ff44fb6929db1c775ab56f0affda1479fe4e7d0d090c184622d4845f5887b6f622fff51,SNOW,"DARKNESS, LIGHTED ROAD",WET,IMPROPER TURNING/NO SIGNAL,2.0,34.0,5.0,5.0
110b6f079598062c1847605d400e04f2fe8d67961f6c213539350d4591b4f41ca5c4890deca562b93c24631b5b33f36ece4b68dde8ac2fce34d6f684751a1692,CLEAR,DARKNESS,WET,EQUIPMENT - VEHICLE CONDITION,2.0,35.0,1.0,1.0
110b84bf57a08a5cb75200e13f5e8e4753d3f6a72ca24f0d66f6210948e47adebadc09e401283eec0eb41861cd17098789b9646b9be7316ea8cd9951519bf5aa,RAIN,DAYLIGHT,WET,DRIVING SKILLS/KNOWLEDGE/EXPERIENCE,2.0,44.0,2.0,2.0
110b987ab46b719b6870f03505349eb22c640653b2f6385d0be24270c39ca7dbf78ca35ce194fb0334b677ca8a0f96a691355eb6bf6288371b7c3a91fad09cc8,CLEAR,DUSK,DRY,FOLLOWING TOO CLOSELY,2.0,29.0,2.0,2.0
110ba9c5628f1a9c6038756a17b9d6700ed1322aa00b7dad9bfa623da8e8e58f91e17628380ff69174458d40fcef19880c3bb69309c9b9038db218a29e53cf4c,CLEAR,DAYLIGHT,DRY,IMPROPER TURNING/NO SIGNAL,2.0,47.0,2.0,2.0
110bbb0d94309383fc555599109e2c57277c32287998c1fd4eacaebb3c64770be6ab2310474accfd09343dee7567f17aabf17779595a0eec9ac5e1c95bdfd3cf,CLEAR,DAYLIGHT,DRY,FAILING TO YIELD RIGHT-OF-WAY,1.0,32.0,2.0,2.0
110bbccdce73105ddcdc5a74f8bc6ae0e4770acd491d31e508ef5f535945808ae0ab85d044fa39d58e76243dc76aeaab9c641e26dd837b21a097ff89e48e48b6,CLEAR,DAYLIGHT,DRY,FOLLOWING TOO CLOSELY,2.0,48.0,4.0,4.0
110bd68fc9d5eb03fbd7cb5c337fb5b3b8b6ce6941e17c72d1fcde581e7c1893b145a1565b02ff013ffc92ff05e1dc1826b4b68c3fc24d1f8d34412df789389c,CLEAR,DAYLIGHT,DRY,FAILING TO YIELD RIGHT-OF-WAY,1.0,49.5,2.0,2.0
110c04e2c02481375fa75f9acca59e12b7bf6ea1f7ec5000d22efdafdd70cb34226003504c5b120d97a57a621337758726b857cc24d23d1a905a46d52485ec25,CLEAR,DAWN,DRY,"OPERATING VEHICLE IN ERRATIC, RECKLESS, CARELESS, NEGLIGENT OR AGGRESSIVE MANNER",2.0,45.0,2.0,2.0
110cb22e6a5674ecec75f95e2b7ec2dce29cd99a87f9545935055ba7b2cb36f488e4437c94387d4ccf8e8a4972ae01ba37f88c06826e2560b5ce147b25dca642,CLEAR,DAYLIGHT,DRY,FAILING TO REDUCE SPEED TO AVOID CRASH,2.0,37.5,1.0,1.0
110cbfef4dee2c11e1f6e6a0932f4d280f69c0fac711c99217562efe8151741429861463daf565d4a7468825f130e2fdd07e6600ce6a2230cee6b241a68d3505,CLEAR,DAYLIGHT,DRY,IMPROPER LANE USAGE,3.0,37.5,1.0,1.0
110cd4c7da91673e708517f64e2c51cbe045a1ed2f3fb0b81d443902b057a743c3848353f64fcb61d82259087d488a64805a689491fd29c798a3c77757e988fd,CLEAR,"DARKNESS, LIGHTED ROAD",DRY,IMPROPER LANE USAGE,2.0,43.5,2.0,2.0
110cd89b887880942eb5889472e85df2e53fed9720955e7c80a86f5770edc37d2ba3e41865f3e141039a14a09f69624cdfce615ec7fdde3911a87276671af815,CLEAR,DAYLIGHT,DRY,IMPROPER OVERTAKING/PASSING,2.0,37.5,1.0,1.0
110cea5dd2fd4a5be53dc491527e12f23a77c8783d715742a71d242126d7edf6c5d2d012d8ca4d87fc4b916a75359a76870df9266fc6576a990e51e44220b9a2,CLEAR,DAYLIGHT,DRY,FOLLOWING TOO CLOSELY,2.0,22.5,2.0,2.0
110d1c16fc2081bb398a3c14de1f35e7dc9fa69b537df846af1c4c77b8e4ddda6b1ecddf88e003cd186fa955cbff3622defe6deab8338c6160cbb0d381eae0bb,CLEAR,DAYLIGHT,DRY,IMPROPER OVERTAKING/PASSING,2.0,37.5,1.0,1.0
110d54a8454589e6ba87eb269915ac552b6555306a3916523b82167b50c6507581bbc81889676843493d396726ef8a02d2cdb7aa1933bb3467a997d238b0e38f,CLEAR,DAYLIGHT,DRY,IMPROPER TURNING/NO SIGNAL,2.0,54.666666666666664,3.0,3.0
110d7223e6b2b59a00c76aa004f809572acf10ad11901125b02b30501c4d0cc8c27d7a3ba977e9c9d1cacf6b81b9b64aca210af8b197209b4c1155282aa89b2e,CLEAR,DAYLIGHT,DRY,FAILING TO REDUCE SPEED TO AVOID CRASH,1.0,35.0,1.0,1.0
110d8e6128bf863d997de7be34a28d245118aaf2c78d52ed5727398082f29049d63861ec23b9d17c5a538dcc42ac7a63b06a22e811e456dc5139c28b481377d3,CLEAR,"DARKNESS, LIGHTED ROAD",DRY,FAILING TO YIELD RIGHT-OF-WAY,2.0,62.0,2.0,2.0
110da3f4e0db101ab1ac12713c8b380d0383b6f0005f43900406b5b55933090cec701e5418684fc9f58247a6546e0828a3cc7bd73f53a45fbb20b0d094dc6b5b,CLEAR,DAYLIGHT,DRY,IMPROPER BACKING,2.0,39.0,3.0,3.0
110dad706e85f1602fc084936d7b4893810b0b92192e7775b21a21b9830589e1a7f3fda653dd94d710ff914fa5da436a2f45429d101e5cd442cc796b2036e27f,CLEAR,"DARKNESS, LIGHTED ROAD",DRY,DISTRACTION - FROM OUTSIDE VEHICLE,6.0,22.0,1.0,1.0
110dc36f368ad55367aa3ba7602b4a6c9eb9e5942050c4b5bf57b98582ef7a816cdd56fa443b75a40c271a8338be1f68486fe66ca8bbe63801f4e7c5c3e5c127,CLEAR,DAYLIGHT,DRY,FOLLOWING TOO CLOSELY,2.0,40.5,2.0,2.0
110dd251a6d49e37b78a9e97c6c7c84c6e3fc0ae52d094dcb7b4d151096429ad0055045df95796dc0abab98b527877d579eb83c9431ef9b4446f1fdee2f677e4,CLEAR,DAYLIGHT,DRY,FAILING TO YIELD RIGHT-OF-WAY,2.0,55.0,2.0,2.0
110de155a31ebfbdcbd7a33d685c16c9ae0e2af605b5f09e77f57290a85839970ea220695807f0baadd051741e96f735f3302ac9d7044fab753649ffe8417d5f,CLEAR,DAYLIGHT,DRY,FAILING TO YIELD RIGHT-OF-WAY,2.0,48.0,2.0,2.0
110e10c8890a8fdaa4f08c9f180ba43d9209c1974a4b8f1b176d2fcc07d66ad28306cc63b7654d48a1b853b048def3043fe717481db6e2c5e2a3d38c840c1f6e,CLEAR,DAYLIGHT,DRY,FOLLOWING TOO CLOSELY,2.0,27.0,2.0,2.0
110e14a2be5740dbb7f011c9d146cf51f1b53ffe307773ccea69be991c0983e464d5d1fdf1bb82efd52c3546dcd5ac39b1cd332c38fead9768f9a591dc778ab6,CLEAR,"DARKNESS, LIGHTED ROAD",DRY,DISTRACTION - FROM OUTSIDE VEHICLE,2.0,37.0,1.0,1.0
110e2b2a56763995d9e9a6c23f1cc4f7a9a7921f16ccac91514c569f4ca69e80404c832eee844977bba344b7fad22d3a510a346b67b539ea107daf40d417a677,CLEAR,"DARKNESS, LIGHTED ROAD",DRY,IMPROPER OVERTAKING/PASSING,2.0,52.0,3.0,3.0
110e7858036384c734c063ee15586df3dc8bd5d951c27bbd5ecabf42775b88f1326e1f5faab9b24ac21ee40a6ea6128c628d67adb540ec0da24b9697960eee8c,RAIN,"DARKNESS, LIGHTED ROAD",WET,FAILING TO REDUCE SPEED TO AVOID CRASH,2.0,44.0,2.0,2.0
110e88dc259cec3c6510e82b73281e56e52014658507fe2cefe64efb1030533faaefa6ba2a0b6185f42123703789d7f121bf27997b489c7bccef08e1f00118e2,CLEAR,DAYLIGHT,DRY,FAILING TO YIELD RIGHT-OF-WAY,2.0,37.5,2.0,2.0
110e8fe70ba082f17b9792ddd313b65d4b0a5e97ee28a528ddd89ccd5707ac0c72f7b16d72ab3139fcc55913db02f36b851d578ddffcedf55c2b89eaa507617c,CLEAR,DAYLIGHT,DRY,FOLLOWING TOO CLOSELY,2.0,27.0,2.0,2.0
110eac68be947803d812dd200ce219d58d79562c67844684741ed2e3d7faec13ad2d827e0c6ac59b2f34cf8243417afbe1fa83119ca2a02018385fe1e691aa6e,CLEAR,DAYLIGHT,DRY,DISREGARDING STOP SIGN,2.0,55.0,2.0,2.0
110ead1a5c2441443ffe99f2432322be225fc0ec6fef0b3f998855ed5dbc4b72039c289a7ac3c11c5d266f171cba4964624882a5e020a87c5b25e0f9bf8484a9,SNOW,DAYLIGHT,SNOW OR SLUSH,FAILING TO REDUCE SPEED TO AVOID CRASH,2.0,43.0,2.0,2.0
110eb528aec6b22b5b8c7821f3715d8ae1e3eb29b6fb242c57e422ef90b34cfb8a743835918e37bc2a2c6a2b21555417b8b66de7fef534efa5017742cbdb8797,CLEAR,DAYLIGHT,DRY,FAILING TO YIELD RIGHT-OF-WAY,2.0,58.5,2.0,2.0
110ec20a4215da09dfe9d553f92a6029f7f15b81c9ad726f7b1a9d8a88881609c0eb315d593b0302002e8c62dc02b63b2fc1cf0770fffec8515c1bc11ca31c4a,CLEAR,"DARKNESS, LIGHTED ROAD",DRY,DISREGARDING TRAFFIC SIGNALS,2.0,40.0,2.0,2.0
110ee69dbb418790fd1119ea15a9a0256eac794b3058ed5835c6ac364d0467d854ceeb49e609fe0c45e47b8b50d736af9aeb481ad9e47c6c3447338606d215d6,CLEAR,DAYLIGHT,DRY,DISREGARDING TRAFFIC SIGNALS,2.0,75.0,2.0,2.0
110f1a4e7a88faf21e2345cbecb3a0cf4a8048b8e98d3cbde4be89c8e8bdd941b9b045740d869bf4dcf1c46ed710069c1ebb3352aabcfff33a9bc31a5388cb10,CLEAR,DAYLIGHT,DRY,IMPROPER BACKING,2.0,23.0,1.0,1.0
110f1c0ffbb64d55fb6df122d491050cbea303010f723489e65efcf345d4253f53a0501c246143fdbcbda4b6e6cadee1eec29e4d50774bcaf53e7340df6f3d5d,CLEAR,DAYLIGHT,DRY,IMPROPER OVERTAKING/PASSING,2.0,38.0,2.0,2.0
110f29d943e38e8c9994d2155e7f5b87ce26af9aeb7aa40099f3d43782ababc660c251b07c3fa0d503e76af9b25428695a1299e2ac2a1ef4f81766eb8901a5d9,SNOW,DAYLIGHT,SNOW OR SLUSH,FOLLOWING TOO CLOSELY,2.0,56.5,2.0,2.0
110f2bb270ad502c3fb94126237c2aecd44b09e27d5411721162ab55e36076bb9db6c9bb0d2290e0e8161431d12b4360d6361e391abeb83876b1a05d6b7c7292,CLEAR,DAYLIGHT,DRY,IMPROPER OVERTAKING/PASSING,2.0,37.5,1.0,1.0
110f4adad5105aca7bc6883278f7ce21054bd3c000237bc9aee420db1d5c7fbd41d910d0b17af0b045704c2fead7c61079fb0736313731e01136096440579a28,CLEAR,DAYLIGHT,DRY,FAILING TO YIELD RIGHT-OF-WAY,2.0,67.0,2.0,2.0
110f4f467857a5b157296ef6dac61bd3043daee3ff3a082cc709ee66c94e8cb4416573391183a27a52c906355660dc280fec890bfbe1ec99b1208d18421831aa,CLEAR,DAYLIGHT,DRY,FAILING TO REDUCE SPEED TO AVOID CRASH,3.0,29.0,3.0,3.0