crash_record_id,weather_condition,lighting_condition,roadway_surface_cond,prim_contributory_cause,total_vehicles,avg_driver_age,total_people,total_injured
110f5060e27f82fa8308ee6d50229ed44ce9dc7ae1cf06295502ffd612448a18b11b9ad92ef6ed5dd800d1b600bc13074390382d7a39861726878edec4b1b34b,CLEAR,DAYLIGHT,DRY,DRIVING ON WRONG SIDE/WRONG WAY,2.0,36.0,2.0,2.0
110f51b5b4eb7758253385e3eb6bbcd99291396e9828dde9c402f10cefd3f35b1c109abb4e4d6a26e9b27ff59083eb4699ddc1be46e40028806232b5ab53c905,UNKNOWN,UNKNOWN,DRY,FAILING TO REDUCE SPEED TO AVOID CRASH,2.0,37.5,1.0,1.0
110f589f0f6bf7e0209b88dc177f67056d0bc9bbb53d3438e9753ebc6352ea63c606741a4ee71b2f41dd17e7ff9ec1590a3c2f90c7af8a270598269f68d2e920,CLEAR,"DARKNESS, LIGHTED ROAD",DRY,"OPERATING VEHICLE IN ERRATIC, RECKLESS, CARELESS, NEGLIGENT OR AGGRESSIVE MANNER",2.0,26.0,2.0,2.0
110f6f177bbc7e2526c60e3ef8a90ba95860c3e6c410a56da86ab73ed2d5c0ff07f9697e92282a2a6a4ac163414357225259e57cf4aff1b85ccb04710934cf81,RAIN,DAYLIGHT,WET,IMPROPER OVERTAKING/PASSING,2.0,50.0,2.0,2.0
110f71e5e2bb73150edfdf2d3ace5184071cff9d4a6603e61054e3ca97078c01913dea09052837b84b8a43c3f90c10edb3d00976caf6d9937cc34ba633f6ead4,CLEAR,"DARKNESS, LIGHTED ROAD",DRY,TEXTING,1.0,33.0,1.0,1.0
110fd1488c9456d34bfc5533db25861122c3e17f0e5e077104ab6ea70e65205510f75b50053f29eb1e71885d26cccac94bfa2329fc7d02a660806a8d241f40bd,SLEET/HAIL,DAWN,SNOW OR SLUSH,FAILING TO REDUCE SPEED TO AVOID CRASH,2.0,30.5,2.0,2.0
110fd2747dfcbdbba4add2d6028b0b754ec975dbf4c4e1ae677ec739d7a670da38fce57033a53e4591b7c7ac0c1d8dd94e5b640a627444915ebca98cae62f268,CLEAR,DAYLIGHT,DRY,FAILING TO YIELD RIGHT-OF-WAY,2.0,22.0,2.0,2.0
110fede91f53ee325b0ca8ffc114ebf235c86191770611c58e8d78e9e3acdceccb103cd1bb03a2750168659b2e4f3b79539f6a0a4cb622fb8d7928b85c222d81,CLEAR,DAYLIGHT,DRY,IMPROPER BACKING,1.0,37.5,2.0,2.0
111011710ad664a77aa8d0c4d57e6d3e29f59585d2c8463322450ab44c71039933160e9274907e676098fa66ca4281f6004eeb07c76ea2e2d790e9d132cd6b99,CLEAR,"DARKNESS, LIGHTED ROAD",WET,IMPROPER LANE USAGE,2.0,54.0,2.0,2.0
1110190f4c799c206fe4fd3fd85f65b24fb37f4cc429b3338e0ef8652c0c75513656cabc5ceceeef91e020a8b49aa01fe7620297fefffbf537390368d0f7cbf6,OTHER,DAWN,WET,DRIVING ON WRONG SIDE/WRONG WAY,2.0,39.0,3.0,3.0
11102a3cbb3a752b46e66498bd8a1309c9c1270f6e1d64fe37a620c7b810eab48ac23a8218ed225b88790b9fc96e9235df6a8812f874bbfa1cb57017e6477aee,CLEAR,DAYLIGHT,DRY,DRIVING SKILLS/KNOWLEDGE/EXPERIENCE,2.0,49.5,2.0,2.0
11105ce50dc089d578e5d07064cb1b5b877204ecc08371ab7dbe3c25fe47e1a7747017d7b7e59d16bf24810b72f96dc53c2580ba17cce2f16feff844a058dcf1,CLEAR,DAYLIGHT,DRY,FAILING TO YIELD RIGHT-OF-WAY,2.0,63.0,3.0,3.0
111078209ec3905ac99ccfd28c1a40826cd9b34e0e1a8517c43a45b7f689287ab5ef8e4d781ee2c408f8fb9e6164bef7e14dc9802f5c26f1bbe5c92bdde6c460,CLEAR,"DARKNESS, LIGHTED ROAD",DRY,FAILING TO YIELD RIGHT-OF-WAY,2.0,48.0,2.0,2.0
1110b24adb5031f9d7ea5aca59125449158f04a3c2cf092b21aeb1cf09010f89a7611c4552f6b780748ef85706a9ca1425bc69bcab6c5420399e8e598c1e669c,CLEAR,DAYLIGHT,DRY,FAILING TO YIELD RIGHT-OF-WAY,1.0,37.5,2.0,2.0
1110c0d79bd69876a5c0d3689952f166926679cd4123128d323befd6689cc3b9d5cd61f97fe615cf73a71a371323bee2ca6c2ff15504fc688af8080ee6ff14ff,UNKNOWN,UNKNOWN,UNKNOWN,IMPROPER OVERTAKING/PASSING,2.0,77.0,3.0,3.0
1110d4aa3cda2ee7c0a4a47a7a3d148c2eb8e06a4e2acd306241395eab6f0b0fa7975d64dca499c0ab6c1a9db3e69d68feff9f31f4276b19a1d8fca1fa012626,RAIN,DAYLIGHT,WET,FOLLOWING TOO CLOSELY,2.0,37.0,3.0,3.0
1110e075cac0334d14ed755f33a59b84c163af7f232f075f487888fef1207d65218335ec2c31c83f70d0d31d642ad8b5e70f08d11736378ca1d7b745ae03d22c,CLEAR,DAYLIGHT,DRY,PHYSICAL CONDITION OF DRIVER,2.0,38.0,2.0,2.0
111170b42f57ac6f79cc28cb820518650dff6759a22675d548129073fb0e3f65356442dd4f2b4486e27cd4787e3c71a03cd2d0068cdadb2ca55b302071c1da35,SNOW,DAYLIGHT,SNOW OR SLUSH,WEATHER,2.0,32.0,2.0,2.0
11117502edb17f1d9e5ef66a9aeeb92d4bf2f482a71b9fa7bf8cde4f39c5385bd24bb16d25a8d52b35078d705e39009789d0557b8dbd34e4762741c9a4f2ee88,CLEAR,DAYLIGHT,DRY,FAILING TO YIELD RIGHT-OF-WAY,3.0,49.0,3.0,3.0
1111e9dbbcfe7406853fec76e5d0a9b59254cc46042450ffe2af30dd57f0cda1f82f70beedc5847b6c77e03aea331f6ee760c5b5dfc7ae0ccd6e0aa36be6c455,CLEAR,DAYLIGHT,DRY,IMPROPER TURNING/NO SIGNAL,4.0,30.666666666666668,6.0,6.0
1111fe2997d2e62cc2fc354f1a4b050cbbb72f1c09782e9cc505837d62be346112714646dc41bb68d16660407729398f827551c3820955cb25ab271010242da0,CLEAR,"DARKNESS, LIGHTED ROAD",DRY,IMPROPER LANE USAGE,2.0,65.0,2.0,2.0
111220fe18884a021b6dba467ba9aad31acbaecfe0918b4834e8a3eff9a4e841719ccb263e7aeb4cfd5a125d9a0c5fae5094683304a388eb401d5c24d4069248,CLEAR,DAYLIGHT,DRY,FAILING TO REDUCE SPEED TO AVOID CRASH,1.0,8.0,2.0,2.0
11126325590427f8c9b630e518c4fd59b2cf6f858707b4c71ad3ab80284f09aa656e661df279fc2a81dcd61f22bb471636d2e03b46c4fe96832603e43809eba7,RAIN,"DARKNESS, LIGHTED ROAD",WET,FOLLOWING TOO CLOSELY,2.0,18.0,2.0,2.0
11128b1c22e264e6a3c2aa1da7d3bd005a02d86f84d39a089cb34cb1ef9a6d58e3e63a58c073b01c5c190ddb90a9edbd8a2f825cb8d5b684728cdb05d29a73a1,CLEAR,DAYLIGHT,DRY,EQUIPMENT - VEHICLE CONDITION,3.0,62.5,2.0,2.0
11128c7817e4e7d0f6652e5db9a58d3b92209639af4eda98f7b3b6e1b34dc0db5bf0d48ce332931941636753dd1f6ea3c90f809e995c39f89f389cb5c5225b24,CLEAR,DAWN,DRY,IMPROPER LANE USAGE,2.0,60.5,2.0,2.0
11129390f43ba6c6c00fd110c9f276899386c4283dee190b1b658f34c339aa77aeacb313d0b69b603f02b429ea0018b2d5189319a8b6fe3affc88c6f929c7829,CLEAR,DAYLIGHT,DRY,IMPROPER TURNING/NO SIGNAL,2.0,26.0,2.0,2.0
1112946307bcfdd291bb813336c2132e0ea6243a5d436c8fad913ba8cb1e698f5098f378857d13c4657eedc1f0dbb46dc99d83193a1828cf853e5b1b285bf796,SNOW,DARKNESS,SNOW OR SLUSH,WEATHER,2.0,37.0,1.0,1.0
1112e3968e1691b99eb4d822dc57ffd8f2aee74d326f701183a90615490bc67136752cf9b9b2046a7d34075fa2db08a6af90c54f295e71daa0795ed5891fb842,RAIN,"DARKNESS, LIGHTED ROAD",WET,WEATHER,2.0,19.5,2.0,2.0
1112e45320b76ed837743e6693b2ef6dfa537dbe63f82a671fb607b4f900419d568a5361944911527d1d50bbb7630d77e2bd1b36dd36b0fd848f0fe63f8a6e16,CLEAR,DAYLIGHT,DRY,IMPROPER LANE USAGE,2.0,30.0,2.0,2.0
1112e93378595f4a7d38169c1e10b5892c927ef5bd7fd4c68ab500c08b4756beb92c5e605afb79994dda752b30171a3b6d81d84e49998802e729f94a12395a99,RAIN,"DARKNESS, LIGHTED ROAD",WET,FAILING TO YIELD RIGHT-OF-WAY,2.0,34.5,3.0,3.0
111307b0847396d4e56fa9e4896024673c0fdd30ac67fb69b56dba4943807169a184a20d343aa76f1c83b1e108137b083cf1a4cb873087553827bb82b32e5ef3,CLEAR,"DARKNESS, LIGHTED ROAD",DRY,FOLLOWING TOO CLOSELY,2.0,24.666666666666668,4.0,4.0
11132be5a861cd7a643b113e86cf660f774679185c34e7ed20ea28bc5e105b48e7b0ba7576d98672c8d8878ecf6594bf41370244ec9c14ebb384e8c8f66e4ab4,CLEAR,DAWN,DRY,DISREGARDING TRAFFIC SIGNALS,2.0,32.0,3.0,3.0
1113567682b2797ecf3562350473be4004d6a9a0763182d075ecf406a055096d1725a6836045b53da47d9a750eb7e604f6d8d6362dcd70b9cc7757a005511329,CLEAR,UNKNOWN,DRY,DISREGARDING TRAFFIC SIGNALS,2.0,43.5,2.0,2.0
1113a99f17cb905125420f1645c20a212e387da6e3025d74a72f08baeb6bbd72ed7af8adfc5ba7b70e2e105b0b5dbc8eb547da342524e41b5c777ead2129e4ac,CLEAR,DAWN,DRY,IMPROPER TURNING/NO SIGNAL,2.0,25.5,2.0,2.0
1113dc5f13d2bdacba20c3dc1a9dd142eebdcddd1ea1becd3036af45580e284783da432a34a8eaac0ef66e2eb8151e3dc78ee06b139a1d8e37a39cf775b1c2d6,CLEAR,DAYLIGHT,DRY,DISTRACTION - FROM INSIDE VEHICLE,3.0,60.5,4.0,4.0
1113ec109367e068f4911c729ca06fd4ba1e6277e28f5f9dd746dd7527cae46503b127ba82c7a27803f663828d4621613029b23e6cc00ed40759649111aff98e,CLEAR,DAYLIGHT,DRY,FOLLOWING TOO CLOSELY,2.0,25.333333333333332,3.0,3.0
1113f046dcfb3c76264983523edc30cd55ee417f6abf2147fb3135bec8d8ce900aa7f0374ccf74774661f207c21a3bec17b202b68ddfe44e4e41cf24d0647709,CLEAR,DAYLIGHT,DRY,IMPROPER OVERTAKING/PASSING,2.0,49.5,3.0,3.0
1114202c02880951a41b5308774e1da6ff06addc0cae3ce2d9aa9790f4e8413f1cd85fbc5107ffbb5a100a531a7740bff865ae307faff1ff3691a676bca100b6,RAIN,DAYLIGHT,WET,IMPROPER LANE USAGE,2.0,26.5,2.0,2.0
11145d147d6de355abf8a090eed6430a17747463000da1fabb00a4fdf4aaeb2ee50b5bedecccaa61fc2d3104328a3389d1ebf158100ec4bb578d17b66fc93be6,RAIN,DAYLIGHT,DRY,IMPROPER OVERTAKING/PASSING,2.0,38.5,2.0,2.0
111462861070fc8c4ff4e1dca4a056efa2c60e0fa231079089d993da434191f670c7bb28180006cbdcfdfe2d00420d0955ff479e883f471d14241f49215891f0,CLEAR,DAYLIGHT,DRY,EXCEEDING AUTHORIZED SPEED LIMIT,2.0,37.5,1.0,1.0
111483ea3050b9244ae8255d1946d929c9e80da107ecc78ea1246badb0b51560a032e1227d6e1b6a96c07f4e1e114b8352bb953921b63e3ab534432e7bdd3ac2,CLEAR,"DARKNESS, LIGHTED ROAD",DRY,"OPERATING VEHICLE IN ERRATIC, RECKLESS, CARELESS, NEGLIGENT OR AGGRESSIVE MANNER",2.0,24.0,2.0,2.0
1114993c32f853c5f9de84e0351d8e57f436955db7836eda83e3febfa0f9945c82eca7211ba38800f0f668c8c05bba1a273b9891c5d1d5891402823274b57e3e,CLEAR,"DARKNESS, LIGHTED ROAD",WET,IMPROPER OVERTAKING/PASSING,2.0,63.0,2.0,2.0
1114d197d763c50854347c0ac03786d27084e45cab0d311d25fde04f87ae647f0f783328d4131790c98b2960146f519b692cf58ffedd7066fae67f30fe29a31b,CLEAR,"DARKNESS, LIGHTED ROAD",DRY,FAILING TO YIELD RIGHT-OF-WAY,1.0,28.0,2.0,2.0
1114da3138c27e21eb50442d8bb524ee6752bd9722867bfbdd8ae431b077bd3b200187e3f524c487c3fb343e876c5688b47ac4d0c38d7030cb744f11d29fae4c,CLEAR,DARKNESS,WET,FAILING TO REDUCE SPEED TO AVOID CRASH,3.0,47.0,3.0,3.0
1114eb64c231981422b010084c2bb3b3e033e1e61938078814029fe86feaa7ea03e79d5ff981ae1ebc81210a8d713e1da9c208fe0f37f5bc08ad872d318adf8a,RAIN,DUSK,WET,FAILING TO REDUCE SPEED TO AVOID CRASH,2.0,42.5,5.0,5.0
111508a4055af6a235b77c4e96b8fe22df1b3ff0779dadc6e251101d9a9dca4d55f92b58ab299c0c228af585ea254da22822cf39081592ec8e7b70de6f26af96,CLEAR,DAYLIGHT,DRY,IMPROPER OVERTAKING/PASSING,2.0,33.0,2.0,2.0
11153297c23fcc50e56888bc285fe69236bf33e71ab6d4c87212a0b3c29692de6813586b6729b9bc28c1dd41b1ae0660bca1c740800f8a104c5a9f8c8046de61,FREEZING RAIN/DRIZZLE,"DARKNESS, LIGHTED ROAD",WET,FAILING TO YIELD RIGHT-OF-WAY,1.0,21.0,2.0,2.0
1115966170ec72999c46dd4faf4f3ade980aeb52b8b261a68d3b46e77e2194780e089cd78126dd5818f55c98924711df12f54922580deaff46fa6a2dd4050041,CLEAR,DAYLIGHT,DRY,IMPROPER BACKING,2.0,39.0,2.0,2.0
1115b232ed5970a6e3dbbe9186a0fd9c0891589c42dc1f78872629e7b9ae9c3141fd9fc2324f286aef0d1c05537bba32f9ac95dcb63ce3214b83417043a2b834,CLEAR,DAYLIGHT,DRY,FAILING TO YIELD RIGHT-OF-WAY,2.0,26.0,2.0,2.0
1115c4f681afe0fa2501f778f4c0c3a03ed9c41eaeba19b496afa9b69a6b503f4cdd7f383c1f2daad63688c104e330e024f08aace0b59db1c38475f878472afe,CLEAR,"DARKNESS, LIGHTED ROAD",DRY,FAILING TO YIELD RIGHT-OF-WAY,1.0,30.5,2.0,2.0
1115ca72f0c486c580641eb76c6524677ea45667a08c1ee0c0bf8954ee6fc2555109ef03615bf613148383985d51108e5277471a7e4d0aea3797fc19d2dfe7b9,SNOW,DAYLIGHT,SNOW OR SLUSH,WEATHER,2.0,29.0,1.0,1.0
11161211365ddf0c81482b05e05de93a5321b682b628b8df290ec35752e5694194041b235518e4a8c0514e0e58709510e03109bdfd887c36f31c2587193473d8,CLEAR,DAYLIGHT,DRY,IMPROPER OVERTAKING/PASSING,2.0,41.0,5.0,5.0
1116121c841ec110f379ced7840db0fe0342902bfaacabaa404b187418674adbc1596ef2bdab29c46c3ea449a3450c6427c3f0af6c727533d8a05e4a476672df,CLEAR,DAYLIGHT,DRY,IMPROPER OVERTAKING/PASSING,2.0,60.5,2.0,2.0
111617559c4a1c8ddf22c9d94b3c1cf25127f3b32579d797c1b4aede2ab7b05c12e82fc143e45a01c36c433ffafc19194f07bf8ae0db7e2ed57af075697b2810,CLEAR,DAYLIGHT,DRY,FOLLOWING TOO CLOSELY,2.0,47.5,2.0,2.0
111626b94b710bf840d11a45a57effa19a01e1cc830e36fb30a07eab8f0ee5bc672e0712b522276af5a6a19b2d2b439ad0ce966c11dd57154e2ae2db73fddfe5,CLEAR,DAYLIGHT,DRY,IMPROPER OVERTAKING/PASSING,2.0,47.0,2.0,2.0
1116333cde2900f421aeab3397e0215cfa6203e429c424520a4bd01218682521667abeb958ce9ad1be9754168d45676e11543d76289ab86fe05a7689bf32411a,CLOUDY/OVERCAST,DAYLIGHT,WET,IMPROPER OVERTAKING/PASSING,2.0,20.0,2.0,2.0
111635a0ca171fe4336649e4a84ef7b64d81f20e705717091f08fe106a9007bed30e9dcc8bb1f000af74dc116ec629e0c992dde27055edaccb3dc494e08af8ab,CLEAR,"DARKNESS, LIGHTED ROAD",DRY,IMPROPER OVERTAKING/PASSING,2.0,38.0,4.0,4.0
11167029994a9e45e6fb06d83ffd76cf6d935623a439e508b9bf9ac5ead693d2fa79c843d50261e92d0cc486e30d59bfd44bd2373d496a4ac9854fc3d14de841,CLEAR,DAYLIGHT,DRY,FOLLOWING TOO CLOSELY,2.0,32.333333333333336,3.0,3.0
111670ddc00cc4936199017050e65ddcd2426ad5b1341b999ec392366c0e2242e7afe2f4f82a674adcf5116b67e37362aa70d08775a4ded9667a0ec5923abc7c,RAIN,DAYLIGHT,WET,FAILING TO YIELD RIGHT-OF-WAY,2.0,46.0,3.0,3.0
1116baf1b05a0398cdda5c482673c4af2d32b4fd60bfabd4d17ab466e7489c942b927591639f4d5700a1a973a7b860fd109d3820a484509293729a5f9e16cedd,CLEAR,DAWN,DRY,FOLLOWING TOO CLOSELY,1.0,66.0,1.0,1.0
1116fae6aef0d6e474d2297267c94863212becbb2ba9b70b2d8064e0641e5df1e7759993787f115a447db7c99cedaea9d22ada87b18cc7d695f40679a7b3d9bf,RAIN,DAYLIGHT,WET,DRIVING SKILLS/KNOWLEDGE/EXPERIENCE,2.0,39.5,4.0,4.0
111726d60756750c598f50389852683123e186a802b0fff2f95f3379ae64d4a3001ea8e581d0babea7c54d0946bfca00b99f08e9443e94841fb481bb1c1955f2,CLEAR,DAYLIGHT,DRY,FAILING TO REDUCE SPEED TO AVOID CRASH,2.0,17.0,2.0,2.0
1117a41ef4cbfa3d99bfa8f622aac91ca0f60f819c23ed7e295899537f0e115311f38b66b873e4428ac0246208c928d592410084ea7658615ccff091beacf4a8,CLEAR,"DARKNESS, LIGHTED ROAD",DRY,DISREGARDING TRAFFIC SIGNALS,2.0,32.0,4.0,4.0
1117a961bb8adeff3e41fd78b3d1c054d9a72293ba27a4b55917cabde0d89649d6a202073c16695354d4c30f6c1e9e7ff001073e2dd87a04c5acf2c2e5a4b767,CLEAR,DAYLIGHT,DRY,FAILING TO YIELD RIGHT-OF-WAY,2.0,33.0,5.0,5.0
1117b557d3512f77145d5452aac3c51095c46636d7f291d5623067bf57a3db01d1a7ee1c0d415641c915312a29d89150d3c600d80c99bebd5afc363a43d370d0,CLEAR,"DARKNESS, LIGHTED ROAD",WET,IMPROPER OVERTAKING/PASSING,2.0,22.5,2.0,2.0
1117b55b6e2d4b60a47cba04b80569c80e297969798fe1b7104ac97c63a2aa1538d537fc28c84e3431880bb834a0491ba86114dda45e007157562453e5103431,CLEAR,DAYLIGHT,DRY,DRIVING SKILLS/KNOWLEDGE/EXPERIENCE,1.0,27.0,1.0,1.0
111811188fdb8a1a8b35b1a0306dc711d77e20774c6931b782ab49eeeaaa8108dd922be087186006bdf340ee88034f21eeaf9b81b0aac64bcb9e55f8d323a652,CLEAR,DUSK,DRY,FAILING TO REDUCE SPEED TO AVOID CRASH,2.0,37.5,1.0,1.0
11185da5311406f4e909e54dc4a0928256ba5501b295eaf21fa631d695aad883a839be1c24a4134a43c8769c7678bf7c9f372f7c6485cfcba3ac8dd4c29a871e,CLEAR,DAYLIGHT,DRY,IMPROPER OVERTAKING/PASSING,2.0,85.0,2.0,2.0
111869ab11d16968b31837c199c1b10799e3a6156167c38545122cfe83cecab7baa3401966b740f14984a0514f5cf31c305404f88b4f6750c3e612c221b0e434,CLEAR,DAYLIGHT,DRY,DRIVING SKILLS/KNOWLEDGE/EXPERIENCE,2.0,45.0,2.0,2.0
11187402d5ddcf02ab4b5ae0343b72412951a3069ccdceedf04218b0c2b676430b25b99be947f7aa529a3f9ddb3cd8aeb2290736dd7cbd25f5ee180f89783c00,CLEAR,DAYLIGHT,DRY,IMPROPER OVERTAKING/PASSING,2.0,58.0,2.0,2.0
111881aeffdab48acdfe9c39363825b84f06a567e9fa614a26552aed2b939d476c8f338c219b50c0eb5f09fb33530f252e4856a3153f37fa2728df28dfe5f385,CLEAR,DAYLIGHT,DRY,IMPROPER OVERTAKING/PASSING,2.0,47.0,1.0,1.0
11188366d87b2d9a18d18bf406252a74133048b462e17bf66bf6c2a4bea3ce460ef6acb8cc2acc04f164bde6b7c3138819b8c545fef31d7276d0b256ed29411f,CLEAR,"DARKNESS, LIGHTED ROAD",DRY,FOLLOWING TOO CLOSELY,2.0,30.5,2.0,2.0
1118a17dbf989d13217d38abf4de7868d48ce8ab815f6f11f50e7a3abc6b5292bb0a54e50c5fd23d4983715f4e6e77072714d0ac754c0cbf60cc4cb6b3adf9dd,CLEAR,"DARKNESS, LIGHTED ROAD",DRY,DISREGARDING STOP SIGN,2.0,35.0,2.0,2.0
1118b1835c428612770dba59c197ec4f25ef04764e66faf4dcb816c168a9ba3cf73f2192842b19f619d94203ef7e3b5410d81a347c30f9f318758a2569bac5eb,CLEAR,DAWN,DRY,FAILING TO REDUCE SPEED TO AVOID CRASH,2.0,47.0,2.0,2.0
1118c7a3d4715d48d14c7bbc1fc4cfb829d0a3f873dfa785fb5a5b735fb53001e0e235740ebffd2ca63998c3c6c9311f8746ceec53285745174f7c574d33855b,CLEAR,DAYLIGHT,DRY,FAILING TO YIELD RIGHT-OF-WAY,2.0,22.0,2.0,2.0
1118c9806127f82a275855e86f83268408f33e93d88e2c778e8a73f33a0bf279588073309882dc56e73874ec1d6d0c50dd3ac936a6c38f9deee259a2e23bbd40,CLEAR,DAYLIGHT,DRY,IMPROPER TURNING/NO SIGNAL,2.0,41.0,2.0,2.0
1118e822c407e23ff344c0bfdfe890e26c31604d9ce91477e8703e7848ffcaa86aca7a1201adced282f6144195addace7debce19e0b02f563bf6e80b4789690a,SNOW,DAYLIGHT,SNOW OR SLUSH,WEATHER,2.0,67.0,2.0,2.0
1118f096b48b82ef9ec3da13886e052ddb1303e59694a452029f6d54f7ab528439e71c85a5f8f8d6602acfa352775f28f07e6c389de8fceb0a8c9ee5869b6d7e,CLEAR,DAYLIGHT,DRY,IMPROPER TURNING/NO SIGNAL,2.0,30.333333333333332,3.0,3.0
111907f83052271b22ebc00cd80e44bf80cdb1fb2b9b1894745a953115299116efa16679778c4812d832c1745ec98292aad963c44de244f7426c162a8bb725ff,CLEAR,DAYLIGHT,DRY,FAILING TO YIELD RIGHT-OF-WAY,2.0,24.666666666666668,6.0,6.0
111930b4a637b30402a432ba8609a0eeeab3daab057e10129323d7c7750a923986d27c8facded645f917ef4f3e9b2db0c76c07346dd232d2d3b6b48f0c7c180d,RAIN,DARKNESS,WET,FAILING TO REDUCE SPEED TO AVOID CRASH,1.0,41.5,2.0,2.0
11195fa467a20051a2520d70056264e0f82d2aec657db28744b44f8506773e87a49cd5868c4ce7caf031d92f17686233c02292b16dc37511008afb78d6994dad,CLEAR,"DARKNESS, LIGHTED ROAD",DRY,FAILING TO REDUCE SPEED TO AVOID CRASH,2.0,29.0,2.0,2.0
1119b166e58a59edc909ea9b4363d5c3fc25d4daea2956eab046f22c6a2b547c6c765ecca73e87ad0369fead369c7463f19ac0b24ea2c70858145f5e5895f409,SNOW,"DARKNESS, LIGHTED ROAD",SNOW OR SLUSH,IMPROPER OVERTAKING/PASSING,2.0,37.5,2.0,2.0
1119c6fca40e319c9f4872a08524dbe3115fcf978de1f009414cab6bee50d57dd6d92e3709c7f692e72e3af868b5856f467e6a1b0c2b20c7becc18acb6a12343,CLEAR,DAYLIGHT,DRY,FAILING TO YIELD RIGHT-OF-WAY,2.0,32.0,2.0,2.0
1119ef82d7f55ea1f03e2dd8ca8e397cfe898c5d2eb14ac1dbd764adce7a9cb7e123eba8628f039b0c4e5de3b48429038df760d20f7b209bb0055cda6aaf7a57,CLEAR,DAYLIGHT,DRY,IMPROPER BACKING,2.0,16.0,3.0,3.0
111a12b6f6636a65bbc6445db1ef404ae1c9e75613b5bc2d75ce7b3b7fe588ea7b865d1a53bd59acd7da871101e3cfb5e73df01cce1479a09b8d5a244a4107f7,RAIN,DARKNESS,WET,IMPROPER TURNING/NO SIGNAL,2.0,35.0,2.0,2.0
111a4fcc2464b0eef2108c1a00e5ca89fc9f79ddbe349ebae58355803a8b820d8db7ab5662d61809f22d7df6792100b9b1a623ec759eeefec3148d18acee879e,UNKNOWN,UNKNOWN,UNKNOWN,FAILING TO YIELD RIGHT-OF-WAY,2.0,54.0,2.0,2.0
111a8f3fd72330d1527014fecffe38b8b974603958986bb2c608be86809962cfca024ba22f5d1be4cde1de1c9c58e668c4158f2cf75848ca2833e1ade3b7f27a,CLEAR,"DARKNESS, LIGHTED ROAD",WET,CELL PHONE USE OTHER THAN TEXTING,2.0,61.0,3.0,3.0
111aba9aa72154bf246b898a30b76f4d8810b2fbbda5439b05168005a6fcceab2e19484a2eca51921cfd273ad5a526d4c21b71923e23fffbddd00e02d5d15e34,CLEAR,"DARKNESS, LIGHTED ROAD",DRY,FOLLOWING TOO CLOSELY,3.0,38.5,3.0,3.0
111ac33dd5be8462e01907801497ae68eb10be21194a490dae408be056d7b3204a9c4f818a83d9e70cfd908c22035e9d6ce376027cef4245a4cf08aa72bc799e,CLEAR,"DARKNESS, LIGHTED ROAD",DRY,IMPROPER OVERTAKING/PASSING,3.0,13.0,2.0,2.0
111afba91a2099fc6acdf74ee546343155356736438e064e0de243081dfef67fb0ca884cd57267069480e2e596b5510656c3c0b5d4fa2436b6df5d8b8228dbec,CLEAR,"DARKNESS, LIGHTED ROAD",DRY,FAILING TO YIELD RIGHT-OF-WAY,2.0,31.333333333333332,3.0,3.0
111b0506455e0a0d1ab6019eb5578a73300bdd882f0a1787c4142390c5195713294d5e70cf3d3d8e0b8a1f7c9017f353dc07ef3ef703923786a96872e74db487,CLEAR,DAYLIGHT,DRY,DRIVING ON WRONG SIDE/WRONG WAY,2.0,29.0,2.0,2.0
111b1c4f6d107263ccd253c73ca2fd6ea91120b0391f9a03febfb0a2f73773fbcd45bff889cc67f50735fd0bac504b25cd2a0e46351b557ace8618c64b3dd9e2,CLOUDY/OVERCAST,DAYLIGHT,WET,FAILING TO YIELD RIGHT-OF-WAY,2.0,28.5,2.0,2.0
111b1c6270141cf66cbc10d7411dc5c460132f7705444479f7cf3f3c2f72c167ed5aebc16a1ebc5349affc6ccaf4829161474b8364893c5bbca1efb1954d8474,CLEAR,"DARKNESS, LIGHTED ROAD",DRY,"OPERATING VEHICLE IN ERRATIC, RECKLESS, CARELESS, NEGLIGENT OR AGGRESSIVE MANNER",1.0,39.0,1.0,1.0
111b2fa70bc2d449ef1cdc614819fa878caa4d27ec3bcd75cc3b8e9868184a2a1abedfd11a6fd6465fe3221c49a6749623fb88a05ef69c07e6f721d976e51c67,CLEAR,DAYLIGHT,DRY,FAILING TO YIELD RIGHT-OF-WAY,1.0,24.333333333333332,3.0,3.0
111b4686496455ede46f059ee0277951b27e3c8665111d29d1bb1c8d3c35c833cf58d91e253584246c0a616dd2ae88e0d7a1524150148c95b1b5ac34045067ff,CLEAR,DAYLIGHT,DRY,FAILING TO YIELD RIGHT-OF-WAY,2.0,54.5,2.0,2.0
111b62c4928fe2f46955d07c410b02c3b2afb55d8a66a3cee8eec36fb042aef83c140a5b80acf733a32f7fcebc74d2b49b71594859fa2c7d4fe00de8e18b0054,CLEAR,DAYLIGHT,DRY,FOLLOWING TOO CLOSELY,3.0,29.0,3.0,3.0