crash_record_id,weather_condition,lighting_condition,roadway_surface_cond,prim_contributory_cause,total_vehicles,avg_driver_age,total_people,total_injured
111b731e32784ee62f31af2de97002783e6f59fa7b31956efc755b8796dc98136d8fb20dc357bb0adea82dd8ab49f9fb12ac243b8e1e11c248b7699e228c700d,CLEAR,DAYLIGHT,DRY,FOLLOWING TOO CLOSELY,2.0,31.5,2.0,2.0
111b8bbea4fff1d3aada3283ca83a7a3b1100408f008cecc164fc1d81869457121d80fc8fc7a01713d54bfb746edaa7a608658f8e2f0c2eaa8d5886d02cc1e8a,CLEAR,DAYLIGHT,UNKNOWN,FAILING TO YIELD RIGHT-OF-WAY,2.0,24.666666666666668,3.0,3.0
111c025be38b5a22319d15adfb87e88a5388261d0c307b724fe7bf022072c7b12e36de5f8d63f59f263dff99754d78066b39cad218039bfd6f3d5d266c71078a,CLEAR,DAYLIGHT,DRY,"VISION OBSCURED (SIGNS, TREE LIMBS, BUILDINGS, ETC.)",2.0,44.0,3.0,3.0
111c152ee1f02ef7f19501b403341695fa1fc10132355f50b106e2df456ab77575a2333a199a25531e97fbf89fb252dc62f571676ffb24e5c97cfa7514451248,CLEAR,DUSK,DRY,PHYSICAL CONDITION OF DRIVER,1.0,72.5,2.0,2.0
111c19cb1626bc73b683ffe83ad2d40867b171ea0c90baaf1314344cfffb831125255d7c4f34d79ba3072a1541350c72543b05b0f43d0ed8a146d481d3becb67,RAIN,"DARKNESS, LIGHTED ROAD",WET,FOLLOWING TOO CLOSELY,2.0,38.5,2.0,2.0
111c3cae94d3237793e1ff0f0cc763cba85b247e5241d6db0979716f62eab8c79ece552a33aba33755e06a30477c8752f057558534b8558f19e6714f3fa25a4b,CLEAR,DAYLIGHT,DRY,FAILING TO YIELD RIGHT-OF-WAY,2.0,39.5,2.0,2.0
111c3e7f121b7c82c04f3e32163eb53cfad4dccebfeb80389a2cb96f4205ed9a433dd05e5b6bf64f24269347d888d38634b0769730abfa850e1f0fbcf27d4ba2,CLEAR,DAYLIGHT,DRY,IMPROPER OVERTAKING/PASSING,2.0,33.0,2.0,2.0
111c6bdc8804322c76a98743f4c8b1855988465ed5f1de6ad99c24fcf586475ae088166355734495acab9b3e3d34ac035a388e71181d9b0ab9a4a657ee7060b6,CLEAR,DAYLIGHT,DRY,DRIVING SKILLS/KNOWLEDGE/EXPERIENCE,2.0,41.0,2.0,2.0
111c7a5543e3fb92437b185e8dace8595724da11d6b696a9fcf56cc51622f0af3379350cf1da16594e17c187222d13a9d35c9888900a7f71e598a3da60301b37,CLEAR,DAYLIGHT,DRY,FOLLOWING TOO CLOSELY,2.0,24.0,2.0,2.0
111ca15c5aef10b854e93e30d1ea82ad7e879a54dce94eed2c8fd7bf6a51d8fb8ad517b69edf0e78821bbcb3045287d58711a7d0c6e2fa9ad75ae908196fb2ef,CLEAR,"DARKNESS, LIGHTED ROAD",DRY,IMPROPER TURNING/NO SIGNAL,2.0,31.0,6.0,6.0
111cc7b478f210093586e312c9d8b46a93853540bde08e263b96361c1d820398beb6fb0599672b79e7f477e678a052364364eea81d4f8c945f7b5d94994516b1,CLEAR,DAYLIGHT,DRY,FAILING TO YIELD RIGHT-OF-WAY,2.0,34.5,2.0,2.0
111ce27594bf89832c3f002da764069589c9710c89464b81f18230266c6b8a718c5aadd209465a4c66836b406c86a24ab2139e69cbfd5cfb6204f09742bd3edc,CLEAR,DARKNESS,DRY,"OPERATING VEHICLE IN ERRATIC, RECKLESS, CARELESS, NEGLIGENT OR AGGRESSIVE MANNER",1.0,32.0,6.0,6.0
111cf019155a356d34a5ce72504add94cada77552a1b20b45e7afc913a135447b4b68eadc982e25d9a99afe67419622f9fe5e4943247a02e249150077f652a3a,CLEAR,DAYLIGHT,DRY,DRIVING SKILLS/KNOWLEDGE/EXPERIENCE,2.0,25.0,1.0,1.0
111d2696815031fdc485bcf5acbefb76fcf1afe7d548743036642d6b1628f8362170849ba59316c9efc0c740d84d988435840a0a82e9145c9103aae08b3f2d40,CLEAR,DAYLIGHT,DRY,FAILING TO YIELD RIGHT-OF-WAY,2.0,17.0,2.0,2.0
111d2b16fed09bc010e7f22d983bd5437cb93e6739b62c1ebad1c8c87b548085f157a7f279ae439be7cd0f6702937af6b817430c2ebe10bacd8fd6a4747a4996,CLEAR,DAYLIGHT,DRY,TURNING RIGHT ON RED,2.0,30.5,2.0,2.0
111d2d75e0b0d9262e7b6c13870c8037712fbcec1827fab4c4b36c98cdbfb135ba5d411a64d2a5fc16e489fdc927476b4b064d53e4236df6d7b7f5692beb76dc,CLEAR,DAYLIGHT,DRY,DRIVING SKILLS/KNOWLEDGE/EXPERIENCE,2.0,19.0,1.0,1.0
111d4611cfbdc84ca24037cf53a607de93d151a6c560bb1f9644bfa55935bdccc6a8b27913f739fc2a13c5499e56d8f3d977c4374a93afc0642a12af51ac3877,CLEAR,DUSK,DRY,FAILING TO YIELD RIGHT-OF-WAY,2.0,43.4,5.0,5.0
111db4fbd23e82327019b410dcedac519fc224fd66360b4f2e4dd1a43d0216b5887bf1d44d7d2e4368957c81ac4d2494ebb2b2fd372866842f045bbdf18708b9,CLEAR,DAYLIGHT,DRY,FOLLOWING TOO CLOSELY,2.0,42.0,2.0,2.0
111db8637a89f9eae8a26d1f8a7ff21475f545213f4fb86f70a105d42d344b06c80f4979a44eb6f89aee68069c4db33ea5450558658289ea98aae03006e834e3,CLEAR,DAYLIGHT,DRY,IMPROPER OVERTAKING/PASSING,2.0,32.0,2.0,2.0
111dbcf90c0646ccc0a7f5620578bd454a3c73381a30f96c51e4ea0184b3e066755d8f2ff3ebef72d695d47295391cad9ab0e75f14b682b5f3b93ba30a1737b1,CLEAR,"DARKNESS, LIGHTED ROAD",WET,DISREGARDING TRAFFIC SIGNALS,2.0,28.0,3.0,3.0
111dc63c8bc0066c6b84bf2bb3cd09f80c3e3c09972ab7f7995b4ae49d8a5e491060ceb765c67afb025aada8fa1344e9339ab08f6e1a06ff61ea7f0a10662f9a,CLEAR,"DARKNESS, LIGHTED ROAD",DRY,DISREGARDING TRAFFIC SIGNALS,2.0,36.0,2.0,2.0
111ddc953333bd502ad6a8ae0606ba73e860a2ebcaeb1eb7fa9973a2c1b26c367b019356e9222ab4aea73bad1058b3f8edf2ed5e5d201ab298df98d8ad9c2f73,CLOUDY/OVERCAST,DAYLIGHT,UNKNOWN,FOLLOWING TOO CLOSELY,2.0,20.0,2.0,2.0
111de52a86580571eb22642af363d0b046f1be6d78dee598c66042b4125b4e058abfb51458b959071409de9f3bed4bf88ae949292a73c2168e18420cd13cb0a0,CLEAR,"DARKNESS, LIGHTED ROAD",DRY,FAILING TO REDUCE SPEED TO AVOID CRASH,1.0,37.5,4.0,4.0
111decf6b73f33dcd6197a2b45c15e62bb762acc1b163ea8d91d64f82968d90679b0022c3a05ccc8b6b0520c01ef3386d42768a028f7842c0796d6e209716b30,CLEAR,DAYLIGHT,DRY,FOLLOWING TOO CLOSELY,2.0,28.0,4.0,4.0
111defd39f7d419a2c0e3e06a2c6801454cbba642b7fc21f362a82013270c380d1597bc24da670ca86f317da6dc324639038765bce194f9bd807c7fd1458f051,CLEAR,DAYLIGHT,DRY,FAILING TO YIELD RIGHT-OF-WAY,2.0,47.0,2.0,2.0
111e1d65b9721f84425c2528652cee7bd56f6f9e0b68e0a9343e72fcc7946a8538bffab75102dced2941a8215c2819a44add6de16172f6cc904b29b97ecdb65b,UNKNOWN,"DARKNESS, LIGHTED ROAD",DRY,"OPERATING VEHICLE IN ERRATIC, RECKLESS, CARELESS, NEGLIGENT OR AGGRESSIVE MANNER",1.0,19.0,2.0,2.0
111e3d1ee733953a5a101879181cdbeb40c1f7679d24b9b45bf9fd98015404ea8d3a5561c548d6266f5fd6cae6e325b057cb82433c864ac8d79a494b7c85c4ce,SNOW,DAWN,WET,IMPROPER TURNING/NO SIGNAL,2.0,41.0,2.0,2.0
111e3d9dad63911217882e4774bc32c7f556e62502d0fbb0d91fe42831a5514a4a791f2eadda0cf19902cc02df7d5c2a6dc25de45f190c45a9b853b9be4bf3e1,RAIN,DAYLIGHT,WET,DRIVING SKILLS/KNOWLEDGE/EXPERIENCE,4.0,41.0,2.0,2.0
111e6876523bc4471c7fc58132c59791cae8b9c48f6aaee18ec15a7c41ba0038e3772eefa8d08aa70123d508c0ded29ff359d18eced13c5fe6af09f681bf59a6,CLEAR,DAYLIGHT,DRY,IMPROPER BACKING,2.0,54.666666666666664,4.0,4.0
111e7c1bbf9b5870c17e02953116f5ecbd0396405d5060d8140ccbec87643b54bad051bf8247392e28f057cd3666c859cdb67ac33ea67050f40208d6986087d0,CLEAR,DAWN,DRY,IMPROPER OVERTAKING/PASSING,2.0,45.5,2.0,2.0
111e7f15d50e2332cada0d064d012a678e722f8209f4b9cd2ea1d986708f09213d0616682b99a85813f3022341f115fcf3b09b7e972bd896f3749e5ebe2110b3,CLEAR,DAYLIGHT,DRY,FAILING TO YIELD RIGHT-OF-WAY,2.0,38.0,3.0,3.0
111ebd4147f5cd0cc3d75bbbc67933de01ad11e55952138e1623d6c58fd09495101da015ffb829cdd07c86fb2934ecf95af5955fa52ef9646d2038ac944ffc9e,CLEAR,DARKNESS,SNOW OR SLUSH,FOLLOWING TOO CLOSELY,2.0,47.5,2.0,2.0
111efee16379762efcdc6abbf4c96608d8bd9804e5b6c2d80c4fb4051011843fd4cd066d2ba1bcb6fc80abb709363efea246da4dbf83b398d30f88654c7b4c5c,CLEAR,"DARKNESS, LIGHTED ROAD",DRY,DISREGARDING TRAFFIC SIGNALS,2.0,47.0,2.0,2.0
111f02bab3a0d03e3f98df1b2d4b1e0773b1713940adca93565bb346edf9f9dee2c4b27ce0c2974d895706ad6cd872db9f6414d970762324ceb532f425d57027,CLEAR,DAYLIGHT,DRY,IMPROPER TURNING/NO SIGNAL,2.0,35.0,1.0,1.0
111f31a2d25cac734c252eb1c83f8c0fe93f7f6cd491c646d513a1d3d222cc9fe215c65e93f59cdbe1fd780c151a09f989e4e4e9936fcd5c94cbb1b0b57a7a4a,UNKNOWN,DAYLIGHT,UNKNOWN,DRIVING SKILLS/KNOWLEDGE/EXPERIENCE,3.0,23.25,8.0,8.0
111f34ec3951b3a52b4148effd2c6cd3ebcc0bf455252abf351591dc1e89d12b9b70641c4146b3e694a8cbf1ad684aa53177580586f8f861885da1ffe50aa34c,CLEAR,DUSK,DRY,FAILING TO YIELD RIGHT-OF-WAY,2.0,26.5,5.0,5.0
111f366b89400a0e7f33a78b82c8811b07c5865e0be0b5990b17745bfabf82113b81817282ace1e7b69deaf0703378db314a02e634b9d46c578e82c9a0dc1211,CLEAR,DAYLIGHT,WET,FAILING TO YIELD RIGHT-OF-WAY,2.0,49.666666666666664,3.0,3.0
111f771ac9d89e22afea692a2427ed3ba4aa8ef78088baf7f9e6246bad5c223096a5c2ea4d4cdbde67b29466b66820f454508efdcbad2a030597121bd5fbefb2,CLEAR,DAYLIGHT,DRY,FOLLOWING TOO CLOSELY,2.0,48.0,2.0,2.0
111f93bbb4ac656247638ec37f805704286899d863ae2a75625c4e699e6e894c1a4de58ad13cc1cff135acb734b7e8c8db734a44db1f3a14b0dfa72fcb6a7e49,CLEAR,DARKNESS,DRY,DISREGARDING OTHER TRAFFIC SIGNS,3.0,31.75,12.0,12.0
111fa5ef9a9030597d3da764c256f8fe8da9781bf5774a45e5e09ac0b2653ef7259496dc126bf54a04a586e8cd8198c282f7cc3984f5e74a1cdaf91786a49ed1,CLEAR,DAYLIGHT,DRY,FAILING TO REDUCE SPEED TO AVOID CRASH,2.0,58.5,2.0,2.0
111fbb2da8f7da6b5b0cfc79b2d4d1c7f3f2f5c1c061b0c9bbafc61f8af0ec9e011570c36786b11d6b39b5378c08f40187ebda3e43857c5a18b54eee3976e75a,CLEAR,"DARKNESS, LIGHTED ROAD",DRY,DISTRACTION - FROM INSIDE VEHICLE,1.0,38.5,2.0,2.0
112026001ecb27a391815b301be5eb17917bc38e04d9b28763d5b3931101edbc77554a3d5c3736893bf2d7695f198646f5e5aa9e8bfe92e35feb68eb090d1a8d,UNKNOWN,UNKNOWN,UNKNOWN,FOLLOWING TOO CLOSELY,2.0,51.0,2.0,2.0
112028598dd44d99bfee303844895f8b1adbc50e5304b48796a6368c012a2aee6b85ce862d4e176c059245d36067788da5fd3f9592b7752996235e1170194303,CLEAR,"DARKNESS, LIGHTED ROAD",DRY,IMPROPER OVERTAKING/PASSING,2.0,28.0,2.0,2.0
112088164cfbd540f725eb4fb289b58224af407d6dc44f160fb48899a6fd300491e4dbfd5478636f2a16d026150c9d16b71e09e5c1cd123a3a52eb0a01732d72,CLEAR,"DARKNESS, LIGHTED ROAD",DRY,IMPROPER OVERTAKING/PASSING,2.0,37.5,1.0,1.0
1120a2e8e05fff98756b4136318edb2e5d5f4c267204ba0f166476c47e1fd807afd7fbd7e80b0bca3a5288e19d8c00ffeefd71cfee616f3a38830f3ef5e01812,CLEAR,DAYLIGHT,DRY,FOLLOWING TOO CLOSELY,3.0,29.5,3.0,3.0
1120b16246269c6b3c9c867d97d4eeb6d08b451e43c7da07f62fcc66f61549cadfe75bd86e76ce5e515d139bc6b44ec71b4b7cb253a75765e46889f5f7772431,SNOW,DAYLIGHT,SNOW OR SLUSH,WEATHER,1.0,52.0,1.0,1.0
1120dfb142cf971589a0c1e4fcff953f28d9b051fb086179bc0a2d5589c5a3a5526ccdd493c48eb894c004b104ea543c0911a27b1cfd2e1cf4646cb0fd8754cc,UNKNOWN,"DARKNESS, LIGHTED ROAD",UNKNOWN,FAILING TO YIELD RIGHT-OF-WAY,2.0,53.0,2.0,2.0
1120f21e01f55b30b48f8365b0c6bfbd5e20805a209ab89630087d79ae32d035995181b9dc19ae832caf3c9137f13395a642b5a666049cfdac99de68d0a050c6,CLEAR,DARKNESS,DRY,"OPERATING VEHICLE IN ERRATIC, RECKLESS, CARELESS, NEGLIGENT OR AGGRESSIVE MANNER",2.0,33.0,1.0,1.0
112102b21b94e66c6dd20d7f89d20b620e768c38b29638a1bf78c016502a6ecd2bbbb23f952a01d46e48af98415050425478e3cc0d66945a3e1674684102b74b,RAIN,"DARKNESS, LIGHTED ROAD",WET,DISREGARDING TRAFFIC SIGNALS,1.0,23.0,3.0,3.0
11214071abbb418daadde629755f0762661a70584bad2149a3a44cd72ef395e890d78752634f017cd9ac07f91197ea547b8b4765f156d9f90dd1ae430ac9f7c6,CLEAR,DAYLIGHT,DRY,IMPROPER OVERTAKING/PASSING,2.0,48.0,2.0,2.0
112157a380e680be190e96a3817ac5b18a4b889833386eaa1f5417f959746091782a6b5cfdd70dc1686584748022a36cdf2875555251551e616dd0c0835adda9,CLEAR,DAYLIGHT,DRY,FAILING TO YIELD RIGHT-OF-WAY,2.0,44.5,3.0,3.0
11218bb587bcc2a2e9437022ff4f221798145691aaba0bd183bb6d5b5cb6b71c2f488aefea4e7d091d3aa8bd680d882cde28c16078003b8c1f3aadbc078a4977,CLEAR,DAYLIGHT,DRY,IMPROPER TURNING/NO SIGNAL,2.0,25.5,2.0,2.0
1121b35fd49c424ef56af0811a24bdd63c3eb0708ef8b95c31c829cb949c19d1db74b31b4aba1afd646e7f676f84c17dfbce099bd66a22b4293642a9fcbdc32c,CLEAR,DAYLIGHT,DRY,FOLLOWING TOO CLOSELY,2.0,52.0,2.0,2.0
1121c5577998ff556c2c4deb43773c96fb6a8761632ad753250dd02b16459013efa26f90f6648480abee2f9f71e9b921885f5f6a1c761745883c20ce14dac9f8,CLEAR,DAYLIGHT,DRY,FAILING TO YIELD RIGHT-OF-WAY,2.0,41.0,2.0,2.0
1121dfbd8f4e7db1da0de829461e55cac2558a7a0bc025d2e7cc647464ffec69087a454e6da8f6c1b7624885105585d12140cb7a5a7f7319ce5cf9392a050e61,RAIN,"DARKNESS, LIGHTED ROAD",WET,EXCEEDING AUTHORIZED SPEED LIMIT,3.0,37.5,1.0,1.0
1121e147b73f823e2ae92b6bf30b9a9473fb3c7e8c72ef14e110a11a8720f75041822924638e0ee182c9210701363c7c6b23d4a8b9a4ae16f225f16dd69bb2c1,CLEAR,"DARKNESS, LIGHTED ROAD",WET,IMPROPER LANE USAGE,2.0,28.0,3.0,3.0
11221bcb5aa8c5801fcf4f5ff780caef0f5d9d80a66547f2fb20fca1474323dd6344fc4de6cc34c9845655efcd7e4b735648e7896a22337a861732e8f6b9d8cd,SNOW,"DARKNESS, LIGHTED ROAD",SNOW OR SLUSH,FAILING TO YIELD RIGHT-OF-WAY,2.0,25.5,3.0,3.0
11222c1048f7375d033e07c984a4b036ae5cb02563cc19397d244acfe303898ee150dc7c0f18d4bbb0622d7ee4a3ae8690b1062366606a20bc46260f751c1d90,CLEAR,DAYLIGHT,DRY,FAILING TO YIELD RIGHT-OF-WAY,2.0,29.0,2.0,2.0
112240c5a70f1bd970d0a28ddfe809c334689c79d9f1704f3afb6a032a14956125257069df83b8165c82ff15a7c2a64088d6a19fea843ac4e71966b8e541c7c1,RAIN,DAYLIGHT,DRY,IMPROPER LANE USAGE,2.0,37.5,1.0,1.0
1122461ff64aa2732d74dcab88c48f8c44e7d41f4107f23537ad87d7581dc015baa1d0b3b4e4dc9c26eda2c201083ffab8b971a5c93c474889013385f5d670a0,CLEAR,DAYLIGHT,SNOW OR SLUSH,"OPERATING VEHICLE IN ERRATIC, RECKLESS, CARELESS, NEGLIGENT OR AGGRESSIVE MANNER",2.0,29.5,3.0,3.0
1122a2228569cb66a6d798816137f8849718ca923557dbe46dac741876f92ad6e3644d747497351cf682f22d5b9c370c4a9a83324e6567341c670251f4817fd6,RAIN,DARKNESS,WET,IMPROPER TURNING/NO SIGNAL,3.0,39.2,5.0,5.0
1122b9f998bda250669c0c5cdfd8c04fccaa2fa1943bab294f5b8f3634c8683ad567ef68565998acd65ec2863d77ca328610ebfe862411d96799dc3594f50da6,CLEAR,DAYLIGHT,DRY,UNDER THE INFLUENCE OF ALCOHOL/DRUGS (USE WHEN ARREST IS EFFECTED),2.0,29.0,4.0,4.0
1122c1d4d55abf621c566bf3e8adf976fdc0f59157221ec79b230175bd48545938c5dd27148cce6190358a34afe0c734a8108e7ab7c5f74ce37f796d14287a2d,CLEAR,DARKNESS,DRY,FOLLOWING TOO CLOSELY,2.0,38.0,4.0,4.0
1122c298a6fc0e333a0fffba52435db5aaa863fc3cf9d83e71459161c472d61cc7f9629649e5a7f62a0a25ed10a0b05dce919c3fc9c06c51c059b4ce271ac34f,CLEAR,DAYLIGHT,WET,IMPROPER OVERTAKING/PASSING,2.0,68.0,2.0,2.0
1122f36ebc1138e06fa8031fa22a4004ccdd5679ac947d2ba44fb47248ac1317743033a1bdd6f47263469a06d5f6f9e5e5988fce0a3c93503a293e704891e34a,CLEAR,"DARKNESS, LIGHTED ROAD",WET,DISREGARDING TRAFFIC SIGNALS,2.0,31.0,2.0,2.0
1122f90806e71569b3ccfc9cb92030d95a6cb80a81544c61772a9132e9cbcc2d751decfb3e6ee947369e0003e14a77bd260cf40cc523579b38f2273f8041a05a,CLEAR,DAYLIGHT,DRY,PHYSICAL CONDITION OF DRIVER,2.0,37.5,1.0,1.0
1122fbe7ffed6f501fb28cde5b73a7071e07f60e02b1407ecb0c0ef933655371b120f7328d4bd89c61c5ffff94845ae0a667b0f852be726665f94733fab752d6,CLEAR,DAYLIGHT,DRY,FAILING TO YIELD RIGHT-OF-WAY,2.0,36.0,2.0,2.0
1122ff23ecb3104c53d9a5ba878ed0c4735f1996463efc31f9a914398ad6927a0a9d70a10999542af865d02d03457ccc6e944afbd388b31310ae2e99e7925e58,CLEAR,"DARKNESS, LIGHTED ROAD",WET,"VISION OBSCURED (SIGNS, TREE LIMBS, BUILDINGS, ETC.)",2.0,37.0,3.0,3.0
112353a2c371a446c5c74d781d195e6aee5c0715c41c58fcdd2880c099b0ec3ded0f5db1aa73d66328c95cf154318810a6332718a4a7e3f2a2cdf786ab073a8d,CLEAR,DAYLIGHT,DRY,FOLLOWING TOO CLOSELY,2.0,25.666666666666668,3.0,3.0
11235906ab0ed4b803d08666d46f8fc0d5393ad219ab08bb5884359a0f3232fd8d82aac220888e653bcf5b5dc982ccbefb9b8632951db0b6be0fd5d33605c3a9,CLEAR,DAYLIGHT,DRY,FOLLOWING TOO CLOSELY,2.0,34.166666666666664,6.0,6.0
1123763dd0cf6e4ecbf0e35558e7033a20625eadd6dd6e1bb5ecb71691d361b1d5772563ac48a97820a2d0dc189215f98a4f8a643947a5fce2ccdcc10d15ef49,CLEAR,DAYLIGHT,DRY,FOLLOWING TOO CLOSELY,2.0,24.333333333333332,3.0,3.0
11237e0b7b640c887fea5f673a8b070e0acd95d0ef231c1e0bec28132a2c6e01203cb6cd63b18cd538da7f163c3ac68a6a13b4a109d2ba7e3e955a6496a7874e,CLOUDY/OVERCAST,DAYLIGHT,WET,CELL PHONE USE OTHER THAN TEXTING,2.0,48.0,1.0,1.0
11238ba5290805b7b6e4e1cce5ad9ba410bb8abfd3d47b17c1fce734ed63ba91e56d5a4044f46f6fe9bc86040e818ba00fce5a8d91182c81396863b9b107cace,CLEAR,DAYLIGHT,DRY,IMPROPER OVERTAKING/PASSING,2.0,32.666666666666664,4.0,4.0
11238e316da385b2e2589bc05ecc7edd66bcfbc73c4a147a6d9696e32dad17a2954fe433bad877dfa7f6a306027347e5287eb1b97e37848a6bea8ad114d6e7f9,CLEAR,"DARKNESS, LIGHTED ROAD",UNKNOWN,FOLLOWING TOO CLOSELY,2.0,29.0,4.0,4.0
1123bd4793ea93b894876007c5d384bd2b7bae0dbaa76722f012454d677ee1ff9678ee0707424c81380c4db8291fbc5fc81b4d7587a4126f5e1939b55308f7fa,CLEAR,DAYLIGHT,DRY,FAILING TO YIELD RIGHT-OF-WAY,2.0,27.0,2.0,2.0
1123c61d28f60533622355bc78314f681f68f347d421b2ff0d8d56f31589d04fa936fcc2409a2e753257b1051e322ebbb36d2eb8b13325f9a86397b9cc3e31f9,CLEAR,DAYLIGHT,DRY,IMPROPER TURNING/NO SIGNAL,2.0,38.5,2.0,2.0
1123f9ed8971dbe316905d96d8333acb8b78a9426c7fc7223753646b95df176ccc371ab41616249ba92a24bdaa53d45d573b2cc3b8f54f63d38a06567c0e7a2e,CLEAR,DAYLIGHT,DRY,IMPROPER BACKING,2.0,17.5,3.0,3.0
11244069f03a835b27351b594fc0a82d8d06926806717fc5acda0ea7d5233383fea938f3c3a8cf30265708eceb51376ca249a1cf0f40f6463e7d6deae1829c1e,CLEAR,DAYLIGHT,DRY,DRIVING SKILLS/KNOWLEDGE/EXPERIENCE,2.0,42.0,2.0,2.0
112469581385cca0d6b97eae08cd0fc987deee02cfa0527af38125b501f4a0509eaae046e7eccbd0502a79ec209c92aecb0839e66cc0789324a3910467aba8f7,UNKNOWN,UNKNOWN,UNKNOWN,ROAD CONSTRUCTION/MAINTENANCE,2.0,49.0,3.0,3.0
11246d231d3c6e924b8dbbd11fba8aa3055b35a21f16402414dac0fec497aaaa30c18eaba97e153700c70781b72a3f3ebcd2efd658cad432736fd654e7cd7f5b,CLEAR,DAYLIGHT,DRY,DRIVING SKILLS/KNOWLEDGE/EXPERIENCE,2.0,64.0,1.0,1.0
1124ea8021bc05bf331cc0fc297c42bc5fce1695eb46f2ff2a9850a8217ebedd54c56a33a267ea7264c0fcaff208840bdaf7c12c94d53576e938daaf2f33f16f,SNOW,"DARKNESS, LIGHTED ROAD",WET,DISREGARDING TRAFFIC SIGNALS,2.0,39.5,3.0,3.0
112531c2a7669d2c897d1f5f969dc013a11f9be15ec2dea20b1794a97ba8baf92a6f8c2859abfb4d8be51c5c3a68f22656b75c51e636b594b386c3d253184a33,CLEAR,"DARKNESS, LIGHTED ROAD",DRY,FAILING TO YIELD RIGHT-OF-WAY,2.0,20.5,2.0,2.0
11255ca6c8eb8a63ac4ad21a3b851e4dc780b6f809ad82c29423fce40cc64890744d6074c7921bba2437efecbfc77fc7ca740a2be4f8b96208706beca53a89c1,CLEAR,"DARKNESS, LIGHTED ROAD",DRY,FAILING TO YIELD RIGHT-OF-WAY,2.0,83.0,2.0,2.0
11257110f9e4d50dd74d89064fe94e436c401877b784aa14f518209cc326adf36bb45d268c1ed45e9defda3fb9f95f1bcbb727cd50e03f87dec6359bd2069f2a,CLEAR,DAYLIGHT,DRY,IMPROPER BACKING,2.0,62.0,2.0,2.0
11258ddfaac79a52d39dc86c61b10e72bb070b460ef2054e4dafa509dfa6e8d903bdb54c91db4d7b82cceb25a5fc4bc4d487160369fab715d25ea9ba7b531578,CLEAR,DAYLIGHT,WET,FAILING TO YIELD RIGHT-OF-WAY,2.0,37.5,6.0,6.0
112590d3d3eebf3c77bddb4e9312c334387dbde8c167649967c9d3a495028240a88c34c1ab83bec0e4c16dd5b4d56ef9c199ba53f0edd82a037573e6547e8699,CLEAR,"DARKNESS, LIGHTED ROAD",DRY,FAILING TO REDUCE SPEED TO AVOID CRASH,3.0,30.0,4.0,4.0
1125a4da8384f4f43a6392d69e016794ac39b21fa6fe7838ce88605b81077b9efdffb0f3baf15a2977fe74e62ae27d70ce783c079b433e3f59eb1a258de8aabe,CLEAR,"DARKNESS, LIGHTED ROAD",DRY,FOLLOWING TOO CLOSELY,2.0,22.0,3.0,3.0
1125b5b3eea1c4c662766ffb48c5634f20c36f1f35611244ca9a96bd0a71135755d618b4d195f78b1399074b956e33be23e5bed9fbdd7d421da475124e608941,SLEET/HAIL,"DARKNESS, LIGHTED ROAD",WET,FAILING TO YIELD RIGHT-OF-WAY,2.0,43.0,2.0,2.0
1125ba453ad6e48469865cd0e8550a5b24e242d6451e9835a7dc678f67b758bf5d65987947b30714bd2a3785b4f4f0d5b3797e818e512d958b36dfc18d5543aa,CLOUDY/OVERCAST,DAYLIGHT,WET,FAILING TO REDUCE SPEED TO AVOID CRASH,3.0,41.666666666666664,3.0,3.0
1125bbf740ea5e51352b7ebff1c2d602ca44b58974455b9f8274b4c89098848f7d648a76870ec3d0defd701f14978a1af7816acec84af0c75f3e30a0204327ee,CLEAR,DAYLIGHT,DRY,FAILING TO YIELD RIGHT-OF-WAY,2.0,27.0,2.0,2.0
1125fe30ac898a3467d8ffc1690211b2f0ad820f11a92da087e57788eb6c19ab796c6b78a29caa1dd7a210a1eabbf31985667adf7b40e2a69ae81fe7aa9e7652,CLEAR,"DARKNESS, LIGHTED ROAD",DRY,DISREGARDING STOP SIGN,2.0,24.5,2.0,2.0
11269e964e7efab504c61063225031a578a06f59e970aa9ba22775fa772e27fa3f2fd142187f2fa8b14cda0874d3098fef2470871d38d04320272270859af4d0,CLEAR,"DARKNESS, LIGHTED ROAD",DRY,DISREGARDING OTHER TRAFFIC SIGNS,2.0,32.0,2.0,2.0
1126a43b95e16e707edd49f4f69bd51d8c25b0dbd7b88ba38b8fbb6b3c0c9ec233c06c700df80c785011723db13e00b7d91ee97aae77d1558ad71d63546c6747,CLEAR,DAYLIGHT,DRY,FAILING TO YIELD RIGHT-OF-WAY,2.0,21.333333333333332,3.0,3.0
1126a839e6855bfc6f343d0bf0aff3d57f7393b2af6c60fd94287b8fa103ddbd5503594bf2423cd69f9205326ad214bb81b94483bfb5733236049231f4768844,CLEAR,DAYLIGHT,DRY,DRIVING SKILLS/KNOWLEDGE/EXPERIENCE,2.0,76.0,2.0,2.0
1126cf679963918ffeb0de119c42af06736eef6f4d32e49b001235e1d0e717e823fc078a1f70753fab3a739aae2bcdc050fdc0a1573f0db4dff34426dd107593,CLEAR,DAYLIGHT,DRY,IMPROPER LANE USAGE,2.0,42.0,2.0,2.0
1126fa56204e54bf393ba076bf8d9c817a81fb39623bf83bad7c2fc9b4143e0c83e2c5006315ca92349453556cee7ec76e4d39c1c2e3f1fec4c6e699a8f6b9e2,CLEAR,DAYLIGHT,DRY,IMPROPER BACKING,2.0,37.5,1.0,1.0