crash_record_id,weather_condition,lighting_condition,roadway_surface_cond,prim_contributory_cause,total_vehicles,avg_driver_age,total_people,total_injured
11270d04a9be81f49a0fdc1a13312640b412d071475ab5e284ee0200c65bf4f689761fd8471a506c59b2631a2e584ff5d4e2dd68b36e25acf42a776e5a74d631,CLEAR,"DARKNESS, LIGHTED ROAD",DRY,IMPROPER OVERTAKING/PASSING,2.0,50.0,3.0,3.0
11271f2e23ce15e03dcd529e7f063f06f3c4af0d25c6b240f7c89ab60abbb908ab04207cb298307123b78e4e53f69ddbd715dd16e8017d3c79c7d6ed02765621,CLEAR,DAYLIGHT,DRY,DISREGARDING TRAFFIC SIGNALS,4.0,39.5,4.0,4.0
112760de23e9e14f9794d9e0ac7d40cbe680d4f0292f7363cb6897a22da39b33bff21ad000a675802111a55e7a417f786659607c29126a03caf09f6c3846cf7c,CLEAR,DAYLIGHT,DRY,IMPROPER LANE USAGE,2.0,18.0,2.0,2.0
1127630ed6212fd3cfa6172bc27bfe79766d322bd594b7f7e48eb3baa596f11c7fb15d567a01aa716e0e677bca474e36a8684790c1832e9db083b7b97a20c2e0,CLEAR,DARKNESS,DRY,FAILING TO REDUCE SPEED TO AVOID CRASH,2.0,17.0,3.0,3.0
11276b8f575dd86b3b1f2f72cdddf4326334c97fb0b49ffe6a0201b0319f23e2859538fdb529b8a97394730b2cf314642d130861371609f029557a4a321eaefe,CLOUDY/OVERCAST,DAYLIGHT,DRY,FAILING TO YIELD RIGHT-OF-WAY,2.0,72.0,2.0,2.0
112782490b210b86901cd5c2bfcdd8ac8c4e5198e741f24909f7efbdd757d63cb24428c90715eb295e073d99fd31b740399315626078d69f931aa0c24962b862,RAIN,DAYLIGHT,WET,IMPROPER BACKING,2.0,42.0,4.0,4.0
11279828050ea8bcf392faa68ed5831d4cb30417244bcf15b75989b2505977074d7062bb4e9f35d152e923d6b17d3b5c54b6dcfb9e0fec14149a289508a50429,CLEAR,DAYLIGHT,DRY,IMPROPER OVERTAKING/PASSING,2.0,39.0,2.0,2.0
11279d82ba0e3be0aa882a7ba9e2252c9dc5e5a2cfbf5aec62f7920216ae792560480368bf44dfcc079e4f08b4cb6db8cdb293528a92329c10c557b9a615f234,CLEAR,DAYLIGHT,DRY,FOLLOWING TOO CLOSELY,2.0,47.5,3.0,3.0
1127c127ddb976bb3bd0579999952ae3c645d687bcd6dc1e6eee792260c8166cfe645b0f8b2036022c43725ee3cfcb967215763346b5e4f3400c9dca5e0e804b,CLOUDY/OVERCAST,DAYLIGHT,WET,FAILING TO YIELD RIGHT-OF-WAY,2.0,21.8,5.0,5.0
1127c8eeeab54f17e9b6a4b0c21316dbab8e85eba550c6349f1d619b2e428448e8ecac32cfbb8911a1552202c3cb7c962ca8f29f2b00b6318c316d0e51a9856e,CLEAR,DAYLIGHT,DRY,FOLLOWING TOO CLOSELY,3.0,40.0,4.0,4.0
1127da61a879b52fe4a4a4081cc6cf77b657bc4713d1098529aadc22b494378007df84b869219836ccddc391715af8a8487041d96d3074383646bea662339420,CLEAR,DAYLIGHT,DRY,FOLLOWING TOO CLOSELY,2.0,43.5,2.0,2.0
112811f54533a1909f712821366d111948780bcaca2bed79a17407dfd646f3a4bccda4babe4626d104027b2367d67606fb5042d86c391030b65b563c34239a73,CLEAR,"DARKNESS, LIGHTED ROAD",DRY,FAILING TO YIELD RIGHT-OF-WAY,2.0,40.5,3.0,3.0
112815e9cffc725dbbf585effedf1e241a5243adecd5a52f9bb2d0b67b9f9d406c15d98c8be4c2361ba054cd09008aaa008a7a6740dbabf50c6c31a4d0416bde,RAIN,DAYLIGHT,WET,FAILING TO YIELD RIGHT-OF-WAY,2.0,34.0,2.0,2.0
112842001dea245196c45e5e3e66d185449fe239895e5d1d9de8c2867d5f0ebebb5e8ee3ed89fe242dced22ae7f4aeb690b1fef6c1c6c2e470d53ca0ab1fa06a,UNKNOWN,"DARKNESS, LIGHTED ROAD",UNKNOWN,IMPROPER LANE USAGE,2.0,39.0,2.0,2.0
1128a2f1b1ff60bb74b1822e16595b8f1c3f6b8116b154106198ecb19f446465db45d3681900e38ed796d630b7e1275adf86eca2fdfd70692c174924d796b760,CLEAR,DAYLIGHT,DRY,IMPROPER OVERTAKING/PASSING,2.0,22.0,3.0,3.0
1128b84f3677da492d83414fbbe5cb650e320afced45799a57925ff6036ec6b64b98b6892690d36cb574024e884a91da2b0e56c807925e8091d2155aa6b2702c,CLEAR,DAYLIGHT,DRY,FOLLOWING TOO CLOSELY,2.0,37.5,1.0,1.0
1128bccd4e36875bc78535ac5a8931f652caa1f75874beee01773887d4987071ccde93e134d41f8e13db6beca66249f2cb8c5ad8c5cc365a659546e6b96f1801,UNKNOWN,UNKNOWN,UNKNOWN,FOLLOWING TOO CLOSELY,2.0,69.0,2.0,2.0
1128e94989cd791e83c4e1e9a97737f81ae37a1c491c5ee14c7f16d3ad5536d8a12ec34aa6dd1c25c5396350259eb0fbf78c92a934c68846d434c6f808bf4557,RAIN,DAYLIGHT,WET,FAILING TO YIELD RIGHT-OF-WAY,2.0,31.333333333333332,3.0,3.0
1128f8d030f60a44fc762afb51c432f466e97158d1ba6acb7bc6218bc413c57f269cec4a62e3d8c706723efb57fb15d6cc64d560cadc6d1912847cda9c11a9ea,CLEAR,DAYLIGHT,DRY,DRIVING SKILLS/KNOWLEDGE/EXPERIENCE,2.0,41.5,2.0,2.0
1128f992833ffea9b24f7b2a27e398736d2146aeb18286fae1b418d382a428bfc2453732241475f4d6d63c76a176d00413f9f7fa96da900c879692b7ba38a4a1,CLEAR,DAYLIGHT,WET,FOLLOWING TOO CLOSELY,2.0,57.0,4.0,4.0
1128fe7bde33cabd07baf96e7308f7ae7f936c482774a7606466f6fd19b28f0ac1e432a7d6764c776a26d618add68d0c95cbc0acc38884bbbc3f347ad1aed077,CLEAR,"DARKNESS, LIGHTED ROAD",DRY,EQUIPMENT - VEHICLE CONDITION,2.0,58.5,2.0,2.0
112901d72ef634174986339a501b464ae34da1720bb91107f3e38a76120f6af862300fa5b9db054716de8c29ffa5ee145b2499784b13bae3a5ee72a54972bbbf,CLEAR,"DARKNESS, LIGHTED ROAD",DRY,PHYSICAL CONDITION OF DRIVER,1.0,29.0,1.0,1.0
11291970851ca70ec8e707d6acd1b387a9ce1b855a9619e352e6bec56ef8b68cda9f48471fe03c81e2bfcb9a5f6a076e392a43ccea1e0ef27f6ebbb2fa5ee2fc,CLEAR,DAYLIGHT,DRY,TURNING RIGHT ON RED,2.0,32.0,2.0,2.0
11296623b058d10ab2b3a16362615c5cd19c0a54b6b4c362c21d3a9440a803521690dacb2312629a1254943660cad0f5329580a9bf33375db278e6f57d16f2e8,UNKNOWN,UNKNOWN,UNKNOWN,DRIVING SKILLS/KNOWLEDGE/EXPERIENCE,2.0,37.5,1.0,1.0
1129824230db2f65b5ba4079943f90a374c27b6c13e36a797b0f2ea1125028de2c4b1970d427c44c0b11238f006b5df8b32ea615e2308453433a5764c1fb79da,CLEAR,DAYLIGHT,DRY,FOLLOWING TOO CLOSELY,2.0,43.5,3.0,3.0
1129861183123a98992ed755147c322083124c5cbd72a1bbffb941c09561994808fb8c8b3b0f76381f3540cf39800a7501feed767a32da912fbdd6a0131c9cc4,CLEAR,"DARKNESS, LIGHTED ROAD",DRY,FAILING TO YIELD RIGHT-OF-WAY,2.0,64.0,3.0,3.0
1129ac4e56d0f5d2c8405dbfcaa275dc0eef986695afbca87df58f6524f66ebbe852ff83bd4312453c6f13c004039cb8e1727d71e88af5081893e68bb88238ef,CLEAR,"DARKNESS, LIGHTED ROAD",DRY,FAILING TO YIELD RIGHT-OF-WAY,2.0,22.5,3.0,3.0
1129f3c0db9d90ed94da4f009552c5b760fe93db6101cdffd7e8daa5c3dbaf04dc35e83030b48b6d7191f3af050904baeaee71eee7e93e0cca19c89db360c60f,CLEAR,DAYLIGHT,DRY,DISTRACTION - FROM OUTSIDE VEHICLE,2.0,53.0,3.0,3.0
112a21390a4a4d47ab02b03530c360a5d0c3207f3cd02dfc5fba0e8bb37bd54171774d0fac556cc4b789038272c37ae7129017d30565fb7e0db4219ab9238226,CLEAR,DAYLIGHT,DRY,FAILING TO YIELD RIGHT-OF-WAY,2.0,34.0,2.0,2.0
112a73edb6c2c7bf42183469f891145f862afcf4edfc719cf8d010daa1248dc7cd5df040b018132d084c097b482e8facb4eb152f82795d21ba896b27cd58a194,CLEAR,DAYLIGHT,UNKNOWN,IMPROPER BACKING,2.0,57.5,2.0,2.0
112aec8e1c49c6bba6771ef567a8f3297823049442a78bab874f2683bb5995ec516b5fbed480529e65b222ca5fc4481308f867e4c474985fae13c74652f071ae,CLEAR,DAYLIGHT,SNOW OR SLUSH,FAILING TO REDUCE SPEED TO AVOID CRASH,2.0,47.0,1.0,1.0
112b0623bf9c8c04b9b2384dd39927316c9c839172cc4e7c8ff96733290b6f60d2d7e0ca1cf24c34f6ec5ce1b3fcaf1f5c6d13372ea711e8af99963fd63c086b,CLEAR,DAYLIGHT,DRY,IMPROPER BACKING,2.0,49.5,2.0,2.0
112b335acda0aa94ede0cef97f5369a24a8403a5ac885a470043d24eb10993c7f85ec4413708b1014ed1d54fd61eada882280c0d6a174359c40a1993f8d1e22e,CLEAR,DAYLIGHT,DRY,FOLLOWING TOO CLOSELY,2.0,23.25,5.0,5.0
112b412a0bb930725e99a22105cce0ce4e2062c291e1d6bb95ebfc0f70cabaf5b8c60935da58130e10ca0626d1d108855bf98a7e034ae710cca4fa350c0af9f5,CLEAR,DAYLIGHT,DRY,IMPROPER LANE USAGE,2.0,22.0,2.0,2.0
112b5c1f8619c921b79047cf167966274d1ebbea3e689aa34e7ec942789b48787577252c74087d55ba7cf3ea388459e46af5354019b31ef9a879351d283b7c2e,CLEAR,DAYLIGHT,DRY,FAILING TO YIELD RIGHT-OF-WAY,1.0,54.0,2.0,2.0
112b735cc373ba34262f94fd38cbbbf8cae69008c87dfb243f9d7be576cb996222ac66d27ee647129ff5c0c8ffa3eee6f90d7d566a17ca6dba9acc31e92d1677,CLEAR,DAYLIGHT,DRY,FOLLOWING TOO CLOSELY,2.0,67.66666666666667,3.0,3.0
112b75a7dc0b90c7fe2077f39149fa1d8bf7f72a41f02ad8d79ec5d516e332366c81c62418f562b7620685e45fff5d2bc541ec3b4d773f018dad330c6ad9e575,CLEAR,DAYLIGHT,DRY,IMPROPER TURNING/NO SIGNAL,2.0,25.5,2.0,2.0
112bf0bcef438f62c9c26afafbe19f35b9199526d85eef3bff8a6bc55091d34fe64f8a86c9bb2a551d80bddf7214812c163d86bdda7dca18231f371adfe75cfc,CLEAR,"DARKNESS, LIGHTED ROAD",DRY,FAILING TO YIELD RIGHT-OF-WAY,2.0,17.4,5.0,5.0
112bf89611ecc8ca0ce305d7c4bfd9aba591a3f7006666b843cbd3023b283622740c510f09b3775f331c2b21e56694df03fea502c9e298aa4e0ed5bb7a9caada,CLEAR,DAYLIGHT,DRY,DISREGARDING TRAFFIC SIGNALS,2.0,36.333333333333336,3.0,3.0
112c0cad71f18d2ecb75a4b6f8a2539825f6cbb26b623521ad3bb4bd7bc6cea14144f45d8af32857a6b703e4425b43a831f015983733d6d28535c75799b18c96,CLOUDY/OVERCAST,DAYLIGHT,DRY,FAILING TO YIELD RIGHT-OF-WAY,2.0,50.0,2.0,2.0
112c266012755590bcdd172e21b15a91c9cd1ac2d6d3d488f2e611495ce0cd4e800b64a637d0026f16f885616a34aebd84a2b8a50bbf4a422b09df43a98ca2de,CLEAR,"DARKNESS, LIGHTED ROAD",DRY,"DISTRACTION - OTHER ELECTRONIC DEVICE (NAVIGATION DEVICE, DVD PLAYER, ETC.)",3.0,21.0,1.0,1.0
112c56156dcd73ea2fd68f9dc6b345860eefd7010b2ec7799e7f03e90c6818eb1d79e99888b70ead849788d5b032a9e719e31cab6cca64e02d84272877ae6db2,CLEAR,DAYLIGHT,DRY,FAILING TO YIELD RIGHT-OF-WAY,2.0,42.5,2.0,2.0
112c79f2d202a379e40c15f002561e1b638705392a494c11a9e3e880363c4dc3c8bfea635c6288450ed8484d991f1ea6442fd33a89b3802713a5c5b3c727e994,CLEAR,DAYLIGHT,DRY,IMPROPER BACKING,2.0,43.0,1.0,1.0
112cd4600078f225d223216e247a8420e893f63f77ef3e71dae201d9d8c8b947b07617278651d7c1a9480e97b81a99a4787e45db468fe0f9df4f55fb9b53979e,CLEAR,"DARKNESS, LIGHTED ROAD",DRY,IMPROPER BACKING,1.0,62.0,1.0,1.0
112cdc02d2bd41d5a2a475d2d656d74c046db5ba62300fab7e1a846a9baace8697e44d17be4348a48ec90c65a2f46a480e18115a6ae084a06cd61f274f123d6f,CLEAR,DAYLIGHT,DRY,FAILING TO YIELD RIGHT-OF-WAY,2.0,71.0,2.0,2.0
112cdf4dc1f7540c4b0a18760b0a6d30a1e1795e368838bc13d6eca5ebe6ec2dc0fe70edac813bc3c28b8f92517c522055d05baecc7f4ec461ea8afa0a96c46f,CLEAR,"DARKNESS, LIGHTED ROAD",DRY,FAILING TO YIELD RIGHT-OF-WAY,2.0,43.5,2.0,2.0
112ce3afc833342b436ae150333d67988817944672811f2c3bc896d07f9089b321a2250c02ad8802fcc92e0aa3c0d1374ed35ac619a1c48691e0e4777f3ed968,CLEAR,DAYLIGHT,DRY,FOLLOWING TOO CLOSELY,2.0,37.0,2.0,2.0
112cf047b556b0e5520b46dce39071e6c0cf391f220cff46ada5a67d738c5a60fe983f6dd8bd3681fdb75a755ce6d21aadf74cbc4c85cdfb629e606cd20c5921,RAIN,DAYLIGHT,WET,DISREGARDING OTHER TRAFFIC SIGNS,2.0,30.5,2.0,2.0
112cf198d24584e8a190fd23d0f3961213ce12e5950805a319b8d5442d3a45f5846d66829b24bf5f9240d4de3bef8b96eddbf4a5a74f70ec284d132d6c22fbb3,CLEAR,DAYLIGHT,WET,FAILING TO YIELD RIGHT-OF-WAY,2.0,16.5,2.0,2.0
112cf6280cc84f34135aff0ce3a39363b49eb1ea145b58188add4534efda9ccf451fffc943a0ca7c1dd4f5890fd4b1c30c6dc3c5d70a2eab512238bf2c68b834,CLEAR,"DARKNESS, LIGHTED ROAD",DRY,DISTRACTION - FROM INSIDE VEHICLE,4.0,34.0,1.0,1.0
112d17bc88ab859b7ffca2fb0f1436cf310966c14d678f2ac2709438638f15f622c2d96f47b06237951aad7fab5c18b550a651c2a9777040e36420af92d10649,CLEAR,DAYLIGHT,DRY,DRIVING SKILLS/KNOWLEDGE/EXPERIENCE,2.0,35.333333333333336,3.0,3.0
112d2747aa1795203ddb8d9c1bd71147bc1621e72136df2f39161951ce33a74a3e3a60deedc3e6a75065f2cda1ac3143709b2266f7a38c000825694f37e85d4b,CLEAR,"DARKNESS, LIGHTED ROAD",DRY,EQUIPMENT - VEHICLE CONDITION,2.0,24.0,1.0,1.0
112d30f61eecbcd9b10053c3562b5b1494ed0d9cfae1a534da940a17fc04e838d9e8b35c43339330f15b8cdc06d49be3d5c70d8f2697f9a9cc423c4f14aaccc6,SLEET/HAIL,"DARKNESS, LIGHTED ROAD",WET,FAILING TO REDUCE SPEED TO AVOID CRASH,2.0,51.5,2.0,2.0
112d7a12a4ea6c864414a0d62d4487e0c5968b4d45b0219204e264c9ec759acd6d4ba12e8e992b734934ee46457e7d6aef9470cfb14dec74355689b9c1aa502d,CLEAR,DAYLIGHT,DRY,FOLLOWING TOO CLOSELY,2.0,36.0,2.0,2.0
112d7c33cfca5d5b4ce727bf6b69f5502f8641c37cd5f76bdcc0f48c3f1b72e72d1327d14381ba508dcbb68d7177e0a6f247da8b380f3041f092698a733196e3,CLEAR,"DARKNESS, LIGHTED ROAD",DRY,FAILING TO REDUCE SPEED TO AVOID CRASH,2.0,24.0,8.0,8.0
112db0809a6079d7326c7631beee7992645247199540f69509ecaa64213e5bd48f3dbe6b0a5d89b1a0d0b3206198a0b1916c2e4f191148e200782a180960fc84,CLEAR,DAYLIGHT,DRY,IMPROPER LANE USAGE,1.0,35.5,2.0,2.0
112ddc55bafe8a247724c9430dbe8a92138f2900e53262bae9d05eacacafdb4b264e9a6db97e4cc7f1aa1639f965b1560afc69e59ca6142a92017d3d2557da8c,CLEAR,DAYLIGHT,DRY,DISREGARDING STOP SIGN,2.0,30.0,2.0,2.0
112defec380dcad7cdd5d88d91626a6cf06168f56e5c341a34e691c76224224cbf4acbb9bf07987b09e015c8d2eab94c310dcf0ac1bb310106ff9107f60836a1,RAIN,DAYLIGHT,WET,FAILING TO YIELD RIGHT-OF-WAY,2.0,32.0,2.0,2.0
112df2bd61de43cb4d1af12ac45c8d5d7cbd0b11e3fe643f51c73d35f01a5ab37d5f590d7b82375a8e83e5d7b8be102fa1dac77874d5e3790919cebba482f140,CLEAR,DAYLIGHT,DRY,IMPROPER BACKING,2.0,42.0,3.0,3.0
112e06ad185b3f0ef3e813fa0852688de82183004c178ed1d3a7e5c6a4c828beecbbbb924945fe5aa6646ded83dfeac687793becf20b8b771844c0fda515a7e1,UNKNOWN,"DARKNESS, LIGHTED ROAD",SNOW OR SLUSH,WEATHER,2.0,30.0,1.0,1.0
112e1062156bf3418e6f5ac217b0dfda87702d47f447512b34cee4fe81fa40ca067646ea4987e7f6389f82ebb0e2d349ae68a93d9552832b42e06be2065185b1,SNOW,DAYLIGHT,SNOW OR SLUSH,WEATHER,2.0,47.0,2.0,2.0
112e45d330affaf318fd6c337924f93f7e61d2f383828ce4af012975a272a4cd50a3054824163e3aac8ac24dda63c136227ee565876f4e8b317dc77330188a55,CLEAR,DAYLIGHT,DRY,FOLLOWING TOO CLOSELY,3.0,53.0,3.0,3.0
112e65b2c89add390274ddcdb268b3e315b7367bb9e06567007c8871bc080c594089198f570aea02830c1bbafede665f1f67bfb2369250046b1ac400ac35686b,CLEAR,DAYLIGHT,DRY,FOLLOWING TOO CLOSELY,2.0,40.0,2.0,2.0
112e7660760eaa8036c83eb0bbb88cb241b33e7dc954b752e05fd44ef3a3f2e2c7417b0a02d5a673e22903a3c261959ae13641814200aa8b4518583dedd221c4,CLOUDY/OVERCAST,DAYLIGHT,DRY,FAILING TO YIELD RIGHT-OF-WAY,2.0,52.0,2.0,2.0
112eb5261fa46de8d48be5a887941697dfdf2a6dc9b20fcac58932a43d50dfc44f237b90b64c798c7e76fcefa4994ae59a6eccd0ec44f0221327da3aeac594d0,CLEAR,DUSK,DRY,FOLLOWING TOO CLOSELY,2.0,61.333333333333336,3.0,3.0
112eb9c8da3cc009c75593f442bb618b7d096a57e52450dc4988cddecdbfa5939ac01feb2cf0d9999faf173a1a5d4543ca453a2cc37a5f5418937cf191d1305a,CLEAR,DAYLIGHT,DRY,FAILING TO YIELD RIGHT-OF-WAY,2.0,61.5,2.0,2.0
112eeef25741680afcfbd55e9665a6052108095408e74f5ab4a2668e29226cce0b7777ba3308f057735f3b8da596ac8554c5342d242ce403e8971586bcbb4cac,CLEAR,DAYLIGHT,DRY,FAILING TO REDUCE SPEED TO AVOID CRASH,2.0,34.44444444444444,12.0,12.0
112ef27a0543257800d691151837daed8203b61da3015105a2263c3e85adeeda951536e9de7c848b1bde508b71f0624d28d688d3eac107cc67f8040f85feb725,CLEAR,DAYLIGHT,DRY,IMPROPER TURNING/NO SIGNAL,2.0,49.5,2.0,2.0
112f50ae9bca88986a8ad5f0ed40e667b24e34878f0d3d24961005a701062c7ab59fb657f13c75b6d1fb1f1018670231dfc3a10df79e49e4c259b29a380272d2,CLEAR,DAYLIGHT,WET,DISREGARDING YIELD SIGN,2.0,41.5,2.0,2.0
112f7eb146f863703bd032ec349375aa736e40f57c839a87d99d0332a22bca1e17d3c827140473c039e98ee8b04525ca0946856dd4c45317f0b12f6f2c995392,SNOW,DAYLIGHT,WET,FAILING TO YIELD RIGHT-OF-WAY,2.0,25.0,2.0,2.0
112fa53fb884882c13b7d2aaf9ea3feb8e86f55afd80cd875dd5cd2af18e53b4af62759eff390e7553f261878ef715111508743e8bf67d0440200e198b1c532d,CLEAR,DAYLIGHT,DRY,PHYSICAL CONDITION OF DRIVER,2.0,36.0,2.0,2.0
112fe3d6ce98c5fa2b739093689d139308b70216bd2772bd187d8575f8c7f4776885a0b2959142ea045b4cd4a979540a79cfce15cc3e9f83dc1b7b9ed3a1e6c0,RAIN,"DARKNESS, LIGHTED ROAD",WET,FAILING TO YIELD RIGHT-OF-WAY,2.0,45.5,2.0,2.0
112fec82d06fec96e20757784d5e1d70a306560fd4ef6d76a8c137c021c7656a5c594fe8a0894ceff8f030e92d4999a82a9c473ff06664c16cb80d2099554dc3,RAIN,DAYLIGHT,WET,DRIVING SKILLS/KNOWLEDGE/EXPERIENCE,2.0,61.0,2.0,2.0
112ff043665aa29e735e3c4cb7e6008eeedfdadf88125970bc0d670e3aa81adfcd2cf36c7f439eb50cbba6760f27b2a05bb7b9b43129e37502211b67fe9a2dbf,CLEAR,"DARKNESS, LIGHTED ROAD",DRY,EQUIPMENT - VEHICLE CONDITION,4.0,34.0,1.0,1.0
112ff27de362386fc5e4d7c5c13a159a50b778d8f745076db04b5f427bba34ea603d8327108deb7356e0ce87f61f31362858919160f398d078fe98d6aed36e8c,RAIN,DAYLIGHT,WET,FOLLOWING TOO CLOSELY,2.0,45.0,2.0,2.0
112ffa2a03b5986e6317aed0c5c972dc849c20a97f3686f86422490def9a88d3046f21edc2e5a30e7f458aa01bfc88dde7b24c832e41bdb7ee853657a446577c,CLEAR,"DARKNESS, LIGHTED ROAD",DRY,ROAD CONSTRUCTION/MAINTENANCE,1.0,76.0,1.0,1.0
11304a018dab447ffdc9e07f41d2af3b90730da83e72ab823eacb1ac079efd4e716bd7e28c0f039a041ced778b533a5ac44f8e1b6f8f4f19a8f7ba4d005f2de0,CLEAR,DAYLIGHT,DRY,FOLLOWING TOO CLOSELY,2.0,33.0,3.0,3.0
113054fd4eb3fd6f66e6db121f16947ffc1accad563761cc96c210100f9f0880a2345bf847806479094e735784567366563b367e06a6d90dbb562e7b256eb96e,CLEAR,DAYLIGHT,WET,IMPROPER TURNING/NO SIGNAL,2.0,38.5,2.0,2.0
1130770e2968ec46000de8dc34944ff1c63f1003f65271c3d9a0b614829e0858e20e1acd3b2f8154cbfd54d659d7b17ffa50432ea5bc3b8e82708d10a96bab59,CLEAR,DUSK,DRY,IMPROPER LANE USAGE,2.0,37.5,4.0,4.0
113077976d1a5bbe2dfeeb9a84b62fba18725bc37256c741c272b1e8cda15aa0ee4be9c5001901a3dda8b8c65f2a9cb6b330d4d0fce2b8a88fc6e4827d3b47b7,RAIN,DAYLIGHT,WET,IMPROPER OVERTAKING/PASSING,2.0,26.666666666666668,3.0,3.0
11307c363e65bdb6687e8d7ee5b63e0e6540adae5213387eb334d0e9d2225e50d509c9c0b1b205b330e2891d4d69d72511ae0728be480b0cedf929337c47cfde,CLEAR,DAYLIGHT,DRY,IMPROPER TURNING/NO SIGNAL,2.0,45.0,4.0,4.0
11309a73a63afe3043ede9a8d1fecb8a2f4dac10dd84b2a72c1bffc02c02380a2107faa9cee05df1d1a84206b1c142f802ca0dec47032c6e223bcd2b75c8221f,CLEAR,DAYLIGHT,DRY,FOLLOWING TOO CLOSELY,2.0,43.0,2.0,2.0
1130de1fbce686cdaebcd9ac3f489363a3af064ae93acf593d47456e1c47bba7657adefbbc84465ccd7f7248c2d61a419cbd65fe25b8dda5a820640b72eaf247,CLEAR,DAYLIGHT,DRY,DRIVING ON WRONG SIDE/WRONG WAY,2.0,57.0,3.0,3.0
1130ee5017deb24e2b856667c245c82bc1e60a870cde01f7ae56157c499e9b79479ce5cd32889bc460e23302570e7dcbdf317496b787a9a15e0c9372999055a9,CLEAR,"DARKNESS, LIGHTED ROAD",DRY,FAILING TO YIELD RIGHT-OF-WAY,1.0,56.0,2.0,2.0
1130f1d372895dd35719ecc2ab1a523676f5457342032b36fcd8c58878cc42e0178ac2256b3d32a403e61cf447820a36e66a49f236880a56ee1ef0d6d8ba1c76,CLEAR,"DARKNESS, LIGHTED ROAD",UNKNOWN,DRIVING SKILLS/KNOWLEDGE/EXPERIENCE,1.0,35.0,1.0,1.0
11310751caaa716829b7896cc965c5b876d47daefb551a66075f381a26f23420611832489403bd919a567e79b7e8d6b64dde9ea22218e497827f83136191ddd3,CLEAR,DAYLIGHT,DRY,EQUIPMENT - VEHICLE CONDITION,2.0,54.0,1.0,1.0
113114faf86b2b3e2e0514b857c9713fff8cb2be3e6643da34b27cafa8d6c33341697989b2028475bf3f4a425ee964bf7321dd0ff41e7cff0fca73e8405a8af8,CLEAR,DAYLIGHT,DRY,IMPROPER OVERTAKING/PASSING,2.0,38.0,3.0,3.0
1131176dd9c597dc22ff13d9129a0689f7412ab4aa3ca4e8285264ddcda857210ff76547b253719694261ef2e02e7a2078a99fc0c034b362f9545ae95d230fc6,CLEAR,DARKNESS,WET,FAILING TO YIELD RIGHT-OF-WAY,2.0,58.0,2.0,2.0
11311a6684bc33b82748b20f973856ad18364edf0de407c196edc5f64de08982b7040a851750ae110b56ca9bbefb3e072bcb09a855e9a9815c9d195654739092,CLEAR,"DARKNESS, LIGHTED ROAD",DRY,FAILING TO YIELD RIGHT-OF-WAY,2.0,35.0,2.0,2.0
11313f4c9eba1434259b1b2c273a1188294d9d793eec1f8a38bfcbf3adc12f931d4b8ec0d49feda77d5ebaaf8ca84b44b77ba8302ec797ee128d9219ce27139e,CLEAR,DAYLIGHT,"SAND, MUD, DIRT",IMPROPER BACKING,2.0,28.0,2.0,2.0
11317154d3c82b313859751f53248eb5b8172520007c63b3d517d269d53fa8070eabcf8c702302e67d2346afb9b77ece16581b1df25c98e4d35d8d2c9c37a21d,CLEAR,"DARKNESS, LIGHTED ROAD",DRY,FOLLOWING TOO CLOSELY,2.0,34.0,2.0,2.0
11319c66734f8b39ee04ba3182dce64ed91f2cb1fd29a78a53c8947b2b18b937fb89d1ecb4a431228c46f260cbb76726e87bb517de3ef4a4f6194be98c44c80a,CLEAR,"DARKNESS, LIGHTED ROAD",UNKNOWN,FAILING TO YIELD RIGHT-OF-WAY,2.0,33.0,2.0,2.0
1131e012ff7a2d8befaf1b2d313bd4ed2dbd65b0c96f564727de2d76bc566d801354f6f48ce0e4f99c0c1d8b100bf9e22b0fa3b33a8df7f59b40f19dd70e9420,CLOUDY/OVERCAST,DAYLIGHT,DRY,FOLLOWING TOO CLOSELY,2.0,23.5,2.0,2.0
1131e8f5ba39d87edc0552f902055b0b8e5a5d229aaa861408cfdad027ec3189ad5019e28c89050e22a701aa1e90948a872d11167b881aaddbc8ffdec703f072,CLEAR,"DARKNESS, LIGHTED ROAD",DRY,FAILING TO REDUCE SPEED TO AVOID CRASH,3.0,17.0,1.0,1.0
1131eea727a815bee2ca3c5c84f6cc20e3a231d593b6cd08082c0f484045c1abd890c0156315599b139faac333d3ff87e541e8f2c5b04c060bbba1aed2d38ed9,RAIN,DAYLIGHT,WET,IMPROPER TURNING/NO SIGNAL,2.0,28.666666666666668,3.0,3.0
11320a9ec95a44ff83f809729130e20eee2200006470f43519d0dda5b65fdcbacec7fb56e0fa2ec91b4ea92e3d34461b2e13c7e07f69e44e48f11f552aa3866a,RAIN,"DARKNESS, LIGHTED ROAD",WET,FOLLOWING TOO CLOSELY,2.0,34.666666666666664,3.0,3.0
11325e933bfd2bcd623379e45ca12304697fd1506179304678f6400568afe43a30de88570e57f319852b38b98bc4c5afdbd26877a6a612eaf2b995b39b954327,CLEAR,DAYLIGHT,DRY,IMPROPER BACKING,2.0,19.75,4.0,4.0