crash_record_id,weather_condition,lighting_condition,roadway_surface_cond,prim_contributory_cause,total_vehicles,avg_driver_age,total_people,total_injured
1132b8e45f3501f85f17dd5a5b597ebb489a42e30067474d93cc0fa194c9ee563f3ec1d2181b40afad5b8eb93d00d3691209d2c43d45841b3dafe07ef092af82,CLEAR,DAYLIGHT,DRY,FOLLOWING TOO CLOSELY,2.0,23.0,2.0,2.0
1132c0bbb9f5bffab0a8fda7de7cde9a06d62422efecf038fb44fa0cc73d46e2cadbce9ffff124994f0daaf0a9bea93e52456145cdc17e545bbf4b0ac64f148d,CLEAR,"DARKNESS, LIGHTED ROAD",DRY,FOLLOWING TOO CLOSELY,2.0,31.0,2.0,2.0
1132d3497ccccf4a38628a5c771a2198db1e82bda3e9c6c5223d5f83b90d3a2284df3d8cb64066273e00efe7b03c49daf7358af357ef9f46c5118d46185e9637,CLEAR,DAYLIGHT,DRY,DRIVING SKILLS/KNOWLEDGE/EXPERIENCE,2.0,30.5,2.0,2.0
11331912d50c429c67565db6c4d7ef10e75c269f750c5cf6bcece7b73f50ed641792d92341e2b62e2c7b232391eba0ef2f1990dea10a9e8a55c748ca8137c76f,FOG/SMOKE/HAZE,DAYLIGHT,WET,IMPROPER OVERTAKING/PASSING,2.0,56.5,3.0,3.0
11336cec6fd067fc51a746f9efc70bcde883ca5b6cbe5d07676ffd8099521f4aa15f92a7d181e2f66f436ea4b8f77c1b436bd3a6dcf913fb4169e467e5b13f80,CLEAR,DAYLIGHT,DRY,IMPROPER BACKING,2.0,50.0,2.0,2.0
11337808412703a65fe446d06a810039ddbe2c89cbcb82b5a1365048c2e96eb6d80a337763e909e336d8aeaf62fef3c056f0d45da1e51ebdd28a21bd370fe2cd,UNKNOWN,UNKNOWN,UNKNOWN,FOLLOWING TOO CLOSELY,2.0,48.0,2.0,2.0
11337c2d482b11645cfd8307e26bdd8609e808dfe7eb15fd39b3a8bef5adfc6ed2fa0fd84b6d8584826f81d6b919a007c134f6374dd2fe09a483eb297e10644e,CLEAR,DAYLIGHT,DRY,FAILING TO YIELD RIGHT-OF-WAY,2.0,28.0,2.0,2.0
1133bb706c7d22d2c5f584a5116dcbc92bc5460a5f729f6860632f27ab2b0df6d7f0e7dc84c48aa660f71d0ef23c8e984f8d60c70da85353a8f95e8d3343e6de,CLEAR,DAYLIGHT,DRY,IMPROPER OVERTAKING/PASSING,2.0,67.0,2.0,2.0
11341fd7fb3f54ef5176b4ebc08f053ea5bd105e736baf26254979c565a71f550749adc7d36b3db35ed8b67c5f448231e9dabbcb10c0f486a97ecae064b68b8e,CLEAR,"DARKNESS, LIGHTED ROAD",DRY,"OPERATING VEHICLE IN ERRATIC, RECKLESS, CARELESS, NEGLIGENT OR AGGRESSIVE MANNER",2.0,37.5,3.0,3.0
113420b8700efbf738c2cc5f60956de2df07850ac664b80496ebfece558052cabee768e9a562d36f789836ec6027c92914ea4d1b6eda370b3dafa5d4e28e788c,SNOW,"DARKNESS, LIGHTED ROAD",WET,FOLLOWING TOO CLOSELY,2.0,32.0,3.0,3.0
11342dece360498b9241dbec802f1dee233f34b61910fd088f49438d75f7eaac6de9ec9c20ea499574714b27ea93444c54552fa0f3f6ab90675cbf898ea83dc5,CLEAR,"DARKNESS, LIGHTED ROAD",DRY,FAILING TO YIELD RIGHT-OF-WAY,4.0,36.0,4.0,4.0
113434a1e215b7dcaa2df05bcb66d6267985f129085610ed940f5095100839a8469164886068239009b510ee9f36cc7f1ba3f7b6dd9bc05110a4d833e2d8028c,CLEAR,DAYLIGHT,DRY,FAILING TO YIELD RIGHT-OF-WAY,2.0,33.0,2.0,2.0
11344965d0856a73858b81823daf34199503d3586dbc7d802d70ba81d2180306b0564da0762fd07217be9bc12b61f5f93c27e9a922033f0d88b8ebc79743cb23,RAIN,DAYLIGHT,WET,FAILING TO YIELD RIGHT-OF-WAY,2.0,30.5,2.0,2.0
11345e3de59aba2dc1b5acb4fd89b1f7123ec8894923c39c70b17d73e922280f4940222f38460f3208203643de75240ee3a6f140af340a2da6da072d6736185e,CLEAR,DAYLIGHT,DRY,FAILING TO YIELD RIGHT-OF-WAY,2.0,57.0,2.0,2.0
1134662d4ac5def0a78585dd8770e463d3a4724ef9270ff09fa9623f4fd922176f60cba76a200333137cc53048ba3dfea9e2535f58a007577c4fe861bcfb2267,CLEAR,DAYLIGHT,DRY,IMPROPER LANE USAGE,2.0,14.0,4.0,4.0
1134a19ca96d8dca2ca8b69c7bb54bbacf2c657648856baf1d7dad96b667ca8b4a9e542838cec70ef4d2bd9efa963618ac9f84c476caa0fb673cf72915dab28c,CLEAR,DAYLIGHT,WET,EXCEEDING SAFE SPEED FOR CONDITIONS,2.0,29.5,2.0,2.0
1134f25a43ce7788016c6377b31d03e31fd570fc77827fba9d0f3749f3d104299e6d21e31f534da653b7715378a851ae85152c9a1a6b35b2b9ca2fb460a06a8a,SNOW,DAYLIGHT,SNOW OR SLUSH,IMPROPER BACKING,2.0,37.0,2.0,2.0
113517c275f2890b3860cec82b8e2f9b5eab76fb108c8e2bbd17e599a9c741acd008db3da0a28eba15854ecc61650f9501bfd675e698aa8b4858d3733b045a41,CLEAR,DAYLIGHT,DRY,FOLLOWING TOO CLOSELY,2.0,29.0,3.0,3.0
113541dc9dbe1ecf296498fe1653dcb99504082dfdd64549bcf435220d4b372f317076e31be978204adf187e7c70bd6729ed537c0fec8e855d694575bb0e2dfc,CLEAR,DAYLIGHT,DRY,FOLLOWING TOO CLOSELY,2.0,42.0,2.0,2.0
113564f9bc23c88024fe593e5c20db7611831bd046f1e89ba3f1c3621cc5ef3d162eb61610164e2a1e39ba3a0a9ece66f0697a32b83f589fe8abc6bd7a49c5c3,CLOUDY/OVERCAST,DAYLIGHT,DRY,FAILING TO YIELD RIGHT-OF-WAY,2.0,40.5,2.0,2.0
1135b7ad38fe5e7b763bc4c17f9ca74d3da8442dfee3b3adfdf2166307c2b710b604b2fcac5e522cbb6cd5299643a8b1de41b1721d16e2526a2ac1b175b96c3f,RAIN,"DARKNESS, LIGHTED ROAD",WET,IMPROPER LANE USAGE,2.0,40.0,6.0,6.0
1135f64f841d6e3ad97d99bfd3b6f6e2199332ea7c7119de02a88956fb28a189211089d96d7ce11077d216ce557cc57d116347ff20ace844fa440965b84109b2,RAIN,DUSK,WET,FAILING TO YIELD RIGHT-OF-WAY,2.0,25.0,3.0,3.0
1135fec1fbd52f12e9bf8aa0200b7b91a195e0907fdd463b66e8c60e7a3d549f54155fb3cccd49ce57d7174612118c2198ea57d2df87ea6a9505d14f60f994c6,CLEAR,DAYLIGHT,DRY,FAILING TO YIELD RIGHT-OF-WAY,2.0,33.5,2.0,2.0
11360f4dbea626de24fe39920d5456cf239c1188da30295bd0f75b745cbe0935bc3fef2b4323345efa16f12dd34a4f56780a78d4c38fc9369cbab3b7032da8df,CLEAR,"DARKNESS, LIGHTED ROAD",DRY,FOLLOWING TOO CLOSELY,3.0,33.0,4.0,4.0
11364d4b8f9b5eea3d29d59c1195aa4c41ab583c7138b1044b8543fd3d3c063b347cf2f98a01cbeb20f3103db179c6e207d5d8ef3bafc90495fb8660e9d025a1,RAIN,"DARKNESS, LIGHTED ROAD",WET,DISREGARDING TRAFFIC SIGNALS,2.0,35.0,3.0,3.0
1136557f0b715171db95f0824a8ed165bb6dfe13e236fe02c3864bf697867a5a00b020e8841f56cb8d7a3ab6db82930d9d20d61442dcd093a890889252fe3d03,CLEAR,DAYLIGHT,DRY,IMPROPER LANE USAGE,2.0,29.0,2.0,2.0
1136ad12de9f8d24b51fadfa46321d7643be2e8694f63b3fc448c5b0518228d37bf416517f2d6f01fe8b41190b741922a08e1251ac0c2bd07ae4f361d0df2c2a,CLEAR,DUSK,DRY,FAILING TO YIELD RIGHT-OF-WAY,2.0,34.0,3.0,3.0
1136b30f5167424af1daf111e05965b94dd79a7d3edb228cb15fe2da8a57daa093453d42681a89a6b9fbff68b69c97698654a4773b00e7eb0cf9a4b7f997c4c4,CLEAR,DAYLIGHT,DRY,PHYSICAL CONDITION OF DRIVER,2.0,51.5,2.0,2.0
1136e39e17cb6c000bebe094ab126f9c5f86b603f963f9f68d7a48e0d778cc04144cc7fc19121d4f31c2ed83311d112da697724447aef9799625edbb8d2c45a3,CLEAR,DAYLIGHT,DRY,IMPROPER OVERTAKING/PASSING,2.0,71.5,2.0,2.0
113720e9b294239a53ab7608e466da466a732a2fd39a8ad50492dd3c95043426f483f9c45b1c65865d5876d64b48b8af72b3be7eb536ba00fc3df0b183b1f265,CLEAR,DAYLIGHT,DRY,"OPERATING VEHICLE IN ERRATIC, RECKLESS, CARELESS, NEGLIGENT OR AGGRESSIVE MANNER",3.0,40.0,2.0,2.0
11376e9b517d4cead5ddceba7ebec5237257ea5227fab789e04a0e2c848f3acb4bc7ce1e251c294eaa15e13e7691fdfe85da3414792f5e3e75ca6b063ea006d9,CLEAR,DAYLIGHT,DRY,FOLLOWING TOO CLOSELY,2.0,62.0,2.0,2.0
113773ee0cc3ded095f7b8b330c8348b3fb3e9b3a9b9874f72be773e0015f1e4541e6a27037c624c488acd3bacb57b5f5dede35a1eb58cce8e685a86546659c6,CLEAR,UNKNOWN,UNKNOWN,FAILING TO YIELD RIGHT-OF-WAY,2.0,43.0,4.0,4.0
11377bce5922038f312cb18907ffce3511d92cdf62937c165213c77ce1cefe0d924b757493e00ab39285a5019b73e0b53cf1cef6ae259865ecef0d519a1d16e0,CLEAR,DAYLIGHT,DRY,IMPROPER TURNING/NO SIGNAL,2.0,49.5,2.0,2.0
1137eb55e73cd940b42e5cf2c29f2a4a4904e5766f692355e2e24b0538bee017451b7e9b7c7a1b98d5c9b8600a217014470b640cb9585d0e94b368120aa30075,CLOUDY/OVERCAST,UNKNOWN,UNKNOWN,IMPROPER TURNING/NO SIGNAL,2.0,41.0,3.0,3.0
1137f3a3d981d0b1b8b16eb6bdd27f693b53fd21a5fdd1a0656f5129f5403dd411f0016bbc015350bf99f6559b52ae3162fa1ab2897fd249739fdf893a6b910a,CLEAR,DAYLIGHT,DRY,IMPROPER TURNING/NO SIGNAL,2.0,21.166666666666668,6.0,6.0
113883a9c1ab54f802f0afe38224c6101d7b1265fa7b595c9fb36970433f6a884ff7933a9fd9c75cafcbbf1f089555e1be901ea69ee6656af3345307c98ee08f,CLOUDY/OVERCAST,DARKNESS,WET,IMPROPER BACKING,2.0,31.5,2.0,2.0
1138f1246b04f8d1e5dc0e012f770b4f3d8b8f418e098b8d31209a797216022a955446c253012ae471761c35ff90e852e9fb6f6c85a529629ccbecfe85d94b31,CLEAR,"DARKNESS, LIGHTED ROAD",DRY,FOLLOWING TOO CLOSELY,2.0,36.0,3.0,3.0
113901ab1f936c2e0e2af4986367901d54f0ea1554907bb81d6c7ca45ea42257350dcaeaf108060a634cfecc4b99e25d11db266fede342978b5b103cdc4d276a,RAIN,DAYLIGHT,WET,"OPERATING VEHICLE IN ERRATIC, RECKLESS, CARELESS, NEGLIGENT OR AGGRESSIVE MANNER",2.0,60.5,4.0,4.0
113942af320e22d81613514145b151ed567e6acee598fa58950abe0266284785b7f700970a4aa737040a039241273403f6838bb8f196c21f98fba50137858c0d,CLEAR,DAYLIGHT,DRY,FAILING TO REDUCE SPEED TO AVOID CRASH,2.0,39.0,2.0,2.0
113980edcae1d0b65725067f6e4c24af277bffd60c9c9a38cbe342bccebaa55aaeb02240cc38ef567b072bff38ce85e16586d5556a981ceb243bbeabd2b365b4,CLEAR,DAYLIGHT,DRY,FAILING TO YIELD RIGHT-OF-WAY,2.0,44.0,2.0,2.0
113988057acc4d34f633fac11e5b92d04c88426bafb49409b4620a2f163127f3b9ee05ecbf30f4d296cf89e809d51b063d6a2df6f9ba073d4b7c2d3996a485cc,CLEAR,DAYLIGHT,UNKNOWN,FOLLOWING TOO CLOSELY,2.0,62.0,2.0,2.0
11398daea6a011148641320309375981274e60ef891358232bdfb250b83bd1e3e919fa2501a742a7234fad5c59fe725a1004eb6344d1197ccc7080291ef7f14f,RAIN,"DARKNESS, LIGHTED ROAD",WET,FOLLOWING TOO CLOSELY,2.0,20.0,3.0,3.0
1139b4931b83450e1b9988f1d4a1703a3dcb88522fead4dd828b3b9b53cdc01a07dd519ba43c6ab6e3bb7cb8c4db0647bcff4792cea8eb90aa328e732b10523d,CLEAR,DAYLIGHT,DRY,FAILING TO YIELD RIGHT-OF-WAY,2.0,32.0,3.0,3.0
113a11d4df452e84225b8f2d459a5dc2818fdc46887c3352d3053ef01fcdb67f02de0409e4f6fecf2c74c9b016a251e01daa2249a1a501d1353e78851d1031e7,CLEAR,DAYLIGHT,UNKNOWN,DISREGARDING TRAFFIC SIGNALS,2.0,47.0,2.0,2.0
113a1aeca36a85437daa59ea086143541d7d36c8420674d9e42b33455bd04df361694c66589974da389418e295b43407493330e1ea8c28d1957ff70684a02672,CLEAR,DUSK,DRY,DISREGARDING STOP SIGN,2.0,23.0,3.0,3.0
113a1ba6d1215dbc56e88e530c8ec642e18d7e29165ae76d6aec69804e920aaa369cc2900d5345e66420494b49c72aa216936f1b7f27573e1e711133c39d6ce8,CLEAR,DAYLIGHT,DRY,IMPROPER OVERTAKING/PASSING,2.0,19.0,2.0,2.0
113a2dd1fa3155ba84f6995fd8a0cc6d1044de681ca0df6a2b7a0bbf3346a453da0a899bb6f040f5c9529e528a33e77cd164b82c235116620baf8559b04ef4ad,OTHER,"DARKNESS, LIGHTED ROAD",DRY,DRIVING SKILLS/KNOWLEDGE/EXPERIENCE,1.0,22.0,1.0,1.0
113ab4f8cedd7102d3970ab6b9a37ee279007777b115043f73480ca595632086444494f746106596a3f0cd2260eda8c9b00c78792d8c1cecd62f4875fc3e5b10,RAIN,DAYLIGHT,WET,FAILING TO YIELD RIGHT-OF-WAY,2.0,44.0,2.0,2.0
113adf4006135363a5ee052f2f1b9ba193888c4b83312cfb84e94921a5aa0c77f87e07bce7de57cb0bb3120a5666e7dcc7ec44643c78919309cdc15fcf9a6974,SNOW,DAYLIGHT,SNOW OR SLUSH,FOLLOWING TOO CLOSELY,2.0,51.0,3.0,3.0
113ae12070c2d0f7ce3564b35b81bde4a3d8635868600c6a6364036dd6fc798ec47524019de9a4a2d82ab27a684df3e849e2cc39dbc22c5a6d1fe92e79171975,CLEAR,"DARKNESS, LIGHTED ROAD",DRY,IMPROPER TURNING/NO SIGNAL,2.0,59.0,2.0,2.0
113af51bbe2a7dc2a8705af63902294ce60f3fc037c199e9a03b4c49fe2b1741b5425f0ef909a2d596b38e6afbe5e2e75181803e2cdeb12c8537494a2728a06b,CLEAR,DAYLIGHT,DRY,FAILING TO YIELD RIGHT-OF-WAY,2.0,14.0,6.0,6.0
113b538302ed9eb251be8a465a1a5ba2757915eb54324fefb7feca9b455d3314a6df59031d650440c62a2e45a1365cbf6b5093d2a2d13e5f8fcf9979649880c9,CLEAR,DAYLIGHT,DRY,FOLLOWING TOO CLOSELY,2.0,29.5,2.0,2.0
113b5932b25fa24520438323a2848a8319e463d08c2d4fedf2541982ae9bcc7b33a2139c9b7f003a643fda692af87c09475577e80a9a9439a3e3c20e23a0e437,CLEAR,DAYLIGHT,DRY,FAILING TO REDUCE SPEED TO AVOID CRASH,3.0,33.0,4.0,4.0
113b8ffe7b02d443d66f2734080a0844e53f8bafcab543f48ff0c9357a7b7d15ae21dcf5f2cd3737955764bcc42c7ecc80e3c6dd411391a89f063ee9718a2e8a,CLEAR,DAYLIGHT,DRY,IMPROPER OVERTAKING/PASSING,2.0,52.5,2.0,2.0
113ba17a16772835f46fd2bbf1a78117134af08bb1217c84646640fb1f88219bae273e54bf7a30c92fb7ffb9b2f2e1911181e2554f84b1c8ebd482127d5249a2,CLOUDY/OVERCAST,DAWN,DRY,FOLLOWING TOO CLOSELY,2.0,32.0,2.0,2.0
113c0d5a35311e55a9eef9951c14a2ee9e1d658b550b3837e6469d4502e39f643e0ec6de6d26aebbbced1070cf3b8da1424aea77d148c0ca9ba3e98846c160c9,CLEAR,"DARKNESS, LIGHTED ROAD",DRY,FAILING TO YIELD RIGHT-OF-WAY,2.0,45.666666666666664,3.0,3.0
113c243479b86aeb98cd8075bc97e13f31eb71ee360fcaea3b424ecff3691851e39f8dd151e1d72329a2008dbd26baa1f9180c7b4088eb65c1cfffe9fe20e60d,CLEAR,DAYLIGHT,DRY,FAILING TO YIELD RIGHT-OF-WAY,2.0,41.0,2.0,2.0
113c3d2a786990019156a5e9235eedd3815307d7fbc6bc1145e71c045f349b02f1d30e5f79218e952a3b1dfa6dd7e9b68084aa1104713e82d4f4c5615b548982,CLEAR,DAYLIGHT,DRY,FOLLOWING TOO CLOSELY,2.0,48.0,2.0,2.0
113c409743efe0dee0708ba907267da27c759f78482ac4f63f0f7ce9e7a6804a479080fefc489a390e40b817c0feb5b8f30afa4903eba7333262a456c335b839,CLEAR,"DARKNESS, LIGHTED ROAD",DRY,FAILING TO YIELD RIGHT-OF-WAY,2.0,23.75,4.0,4.0
113c4c4843efe4d79d37d0d5b1fcd9e8362947b215ad8f9ea3adb3f26f990ea0a1e8847d0b000a5826ef8f2cda376e3630040736c8c1bcfada7ba4664d19d70f,CLEAR,"DARKNESS, LIGHTED ROAD",DRY,IMPROPER OVERTAKING/PASSING,2.0,27.0,3.0,3.0
113c4e54dda51143130ff5c18eb3664cba636f938c3486046483a2a0c872fb43746b80ebc0a5124c0cf525befbb25100f2b197935ea37886bb32b44ec9fed514,CLEAR,"DARKNESS, LIGHTED ROAD",DRY,"OPERATING VEHICLE IN ERRATIC, RECKLESS, CARELESS, NEGLIGENT OR AGGRESSIVE MANNER",2.0,25.0,1.0,1.0
113c5fa917f3004aa66dcca95d15588a00f2b2664fd9b921a8eac48af9cc27855d5b271db9c8227c7096acf06480697fd34abb445ceb2a2b95c6d721445acc6e,CLEAR,DAYLIGHT,DRY,IMPROPER BACKING,2.0,29.0,2.0,2.0
113cde34e7c09f3e295b9435eebb9431f764cec6e3afddd07213a505902fed95bfaea794ca1026670bad3ab3dd8e26c395f6fd18989e71caa78b30f6397049f8,CLEAR,DAYLIGHT,DRY,IMPROPER BACKING,1.0,48.0,2.0,2.0
113cee7defdaaf2cdbec60378ba2a5d476384a7368b5666908df24ebfb8efd6c4fe0ebefefa52fcbc146cc6c9917b9d31e14cbda496b589ce0e42c10e5f47b26,CLEAR,DAYLIGHT,DRY,IMPROPER LANE USAGE,2.0,16.0,1.0,1.0
113cf125d6e7af3cbb998fe7a007e4a3c89fac57acdc348580878dccef15335f8693c06a8bf8fb2afd661562617aa1bb276ab46379f84c9a3c55073e55da0eb1,CLEAR,DAYLIGHT,DRY,FAILING TO YIELD RIGHT-OF-WAY,2.0,19.0,3.0,3.0
113d4237f44a2d14bed13aa65bd9bef2e6cd73f905d0ac73e1809c752380636df9c76121eedb96b9066221ff627d6784044baa0d24de1f731e1d86ab935c0292,CLEAR,DAYLIGHT,DRY,EQUIPMENT - VEHICLE CONDITION,3.0,44.0,1.0,1.0
113d4469b892d8bc2545f3dacac2a9499c6e1a803526215e1e67f856a354eaf0a0f235cc1401e0216a5ef922758fc94ef0c8c6a466390aab772103db62ef3892,CLEAR,DAYLIGHT,DRY,EXCEEDING AUTHORIZED SPEED LIMIT,1.0,15.0,2.0,2.0
113dc7fc50542c77e8e1ce23ea34943483f82163f5744963c4720cac9145d596396a2dfc15208ab3722ed703956db410d4c6687ec19f5a8e6900d7f2fa142e38,CLEAR,DAYLIGHT,DRY,FOLLOWING TOO CLOSELY,3.0,32.0,4.0,4.0
113dfc54c07a53a33471d1b0d5550531c3b423864f513d8d3ee5365127c6eae810f3988cda175b94610f81797cd10973565a237318314be8765db8a1f308294b,CLEAR,DAYLIGHT,DRY,DRIVING SKILLS/KNOWLEDGE/EXPERIENCE,2.0,61.0,1.0,1.0
113e1278490577f186fbbfb1fa9d4b6bede74a1edd030ea9868450be5619b1e20d56473b851081342c6fb692add37a1dea2b33c0cea6876a179b09626797f8eb,CLEAR,DAYLIGHT,DRY,FOLLOWING TOO CLOSELY,2.0,38.0,2.0,2.0
113e63b6c52fef6a281abae5f34878ca058767d615c4db23cd868220a5a4b4c0732ae6ccdc31ce4eec0a10bf3a361419430d5e693c19bb112b390b75b20e4e19,CLEAR,DAYLIGHT,DRY,DISTRACTION - FROM INSIDE VEHICLE,2.0,26.0,3.0,3.0
113e64bdff0a0170d29a7f3172627e1c1a0ca831592d77f1413f9e567d87fd4d3d017d2cd6e66a36a2e150f5d96cc17c17b849c731febae7d7e808f869945a75,CLEAR,DAYLIGHT,DRY,IMPROPER TURNING/NO SIGNAL,2.0,57.0,2.0,2.0
113ec7f7674bc58f67017a5b50f8c3565d6d75c84a7e3f49a7ce21e2cb4b9070da5ff5e55aea0f65d428968a1d50233967989f5365e17f7bfbb49794e590f2c8,CLEAR,DAYLIGHT,DRY,IMPROPER OVERTAKING/PASSING,2.0,26.5,2.0,2.0
113f17a158490273ade626f7260db272e7b8fedcca40c5b042c9a58dbde1ab19d6d0a627f74ac91ffa20b5cdad8f243b8fd7d1db01a7e09405fff3bbf2aa7396,CLEAR,"DARKNESS, LIGHTED ROAD",DRY,UNDER THE INFLUENCE OF ALCOHOL/DRUGS (USE WHEN ARREST IS EFFECTED),2.0,30.0,5.0,5.0
113f4153452736494ba9fcf66d95190b47c82c160801433068a4f6b024bf677d704b4c3373e4406abee4ee864da914fcf65c9e4a7d9124fb6a9675f89209c5ab,CLEAR,"DARKNESS, LIGHTED ROAD",DRY,EQUIPMENT - VEHICLE CONDITION,2.0,45.0,3.0,3.0
113f4befb730596edfd8f6b298e521f9380b56d26f684d2c612271038906730cbe21fec530ee6deabef15f2782b577f86a0a8c6085944bbe061b222561f6c927,CLEAR,DAYLIGHT,DRY,IMPROPER TURNING/NO SIGNAL,2.0,23.6,5.0,5.0
113f7122f8c2cb3f32d71c8bc8285eeb5a320df75c517c3b95e5e4c49aa7f61f16d1d678727b723c8e69807171f57ad01855c61a63a7f419f909092a82604ab9,CLEAR,DAYLIGHT,DRY,FOLLOWING TOO CLOSELY,2.0,44.0,3.0,3.0
113f749e6044e52c498dbc19bb8e46c4a81ea988d0251d2fb2d38be28ad355557ca3bb9f50474bffa3c34946b498e51baaa76f2cb009e776dbfe77c6e5a8a5e7,CLEAR,DAYLIGHT,DRY,IMPROPER OVERTAKING/PASSING,2.0,28.0,1.0,1.0
113f7f68cea07d8a9ec847d9c731a334476ff1993fc4b62142734052f3171c63129b4cd4f29a66c65dea19cc2d270635bbebc8bc71219afe45809bd36e16d615,CLEAR,DAYLIGHT,DRY,"VISION OBSCURED (SIGNS, TREE LIMBS, BUILDINGS, ETC.)",1.0,32.25,4.0,4.0
113fb5ebf9cacfc5c56f5e939ac3fdc538a79ea9416f55e62b706a550eafa2413075e136e4add335616a834cee3fc0d6bbfefcd19f8eb721ea9d354dd7f0d408,CLEAR,DAYLIGHT,DRY,IMPROPER OVERTAKING/PASSING,2.0,48.5,2.0,2.0
113fcd5503b363e1de05e98472d2f30a04a0c5d17a9a59389498dcc66991968868500e2dda9db71d4a57b432c4edbb7bbdb2331fedff0aa49fef80946206f704,CLEAR,DAYLIGHT,DRY,IMPROPER TURNING/NO SIGNAL,2.0,53.0,3.0,3.0
113fe60ec69755110950cb28ed2ccda518b00ad662f7ffaa89cfece7da920fde811a1fec6d49ba975b6ae01b29644afda3f2cc82c30ca2e9d81d120fe8b25621,CLEAR,"DARKNESS, LIGHTED ROAD",UNKNOWN,IMPROPER TURNING/NO SIGNAL,2.0,28.333333333333332,3.0,3.0
11404d670d8e2a53d92363c2bcf6eff3f43783ade4e4d949f6cf2c513ab2e1dd69189138657600fa18c552ebc3f0a917f6783edda1af139b6460e3e6b40be4e1,CLEAR,DAWN,DRY,DISREGARDING STOP SIGN,8.0,13.0,4.0,4.0
114055426a6d6c45aa53fb1278d30ae4e45f650d970a0af8b00eac85272ec176c0251aa6d25985854b2a571e67f23ca355a7ee714b63a304f13b0b47ef00f23d,CLEAR,DAYLIGHT,DRY,PHYSICAL CONDITION OF DRIVER,2.0,33.0,2.0,2.0
11405724427e83eb8abda830eab7dfa675e513aaa86397be8e5236cf4d984f6d3ae8cfca752707052a9ae6995382fd85622e79e3a89ca80b3978fe85a9105874,CLEAR,DUSK,DRY,FOLLOWING TOO CLOSELY,2.0,33.25,4.0,4.0
11406f7d831c6c69631bb81334ac618eeef9f6bb4c3d7253ad536dac54fa86586f2e84b840ffbf890c31863d0eedb2eda7997704d4e1b6a3f861c579978b18e9,CLEAR,DAYLIGHT,DRY,FAILING TO REDUCE SPEED TO AVOID CRASH,2.0,32.5,2.0,2.0
11407b4d6cc7339c251357cea4f15520f28b16f2c92be4c16d6f6a9c837eb513d3df0d4fa77cdbe515d1f55f3fcf8dfa3400fbe2e4b42a8065113a4c1739c0ab,CLEAR,"DARKNESS, LIGHTED ROAD",DRY,FAILING TO REDUCE SPEED TO AVOID CRASH,2.0,24.0,2.0,2.0
11408c6f75f0fa0674fe0b292de7f21ad8858d3bc1e773e24646cdf1340d2a5b9efedef2bc18789e4b33de1dbf7f29aae8dbc43413120aa1459a995e1e2464db,CLEAR,DAYLIGHT,DRY,FAILING TO YIELD RIGHT-OF-WAY,2.0,31.0,2.0,2.0
1140bd25a542676abdbf03a7d2c5f2d9e64005195a8e29795fe7c481bff13052b7be48e8e25521343fa19f52d4587cb3d699571f515a201b2f4a99e3268656a3,CLEAR,DAYLIGHT,DRY,DISREGARDING STOP SIGN,2.0,40.0,2.0,2.0
114107f052601a46333b128f52e51403249e1242a0764632e582d95c89676eb29febb15e5eda0caa5894d1ad36aaa039f7907d9a3715ac9e33409126b1c6f8b5,CLEAR,DAYLIGHT,DRY,IMPROPER OVERTAKING/PASSING,2.0,83.0,2.0,2.0
11413e0ae6f09449d4806c6326df416adab83ebd14b01b73156d777584fead2ea752eb0f8cdd0a5d3a3cf44dbc15b5df7a1fc773aaf81ec33ef8e7161e8d1fba,UNKNOWN,"DARKNESS, LIGHTED ROAD",UNKNOWN,FAILING TO REDUCE SPEED TO AVOID CRASH,2.0,29.0,3.0,3.0
11416296ea4a104f8d1c991f6ae062e0a04eae80f3a1a3fdab0139998298e10cef3f9b083ebbe9142fc887e4cd1bab639341d575c58f3f02d3ac62de489eb91b,RAIN,DAYLIGHT,WET,FAILING TO YIELD RIGHT-OF-WAY,2.0,35.5,2.0,2.0
11417d43044fdbbb4d36e4608721746a4d5ba8bf345d1176b7de96330d4cee2cc4c104bf5a274695d11582d88f127be32b16a1c878c9262178c046929d251f3c,CLEAR,DAYLIGHT,DRY,IMPROPER BACKING,2.0,35.666666666666664,3.0,3.0
11419bb4df530c21ec443e444a21f509b02a6363a3b550c9c65823603d354fe462a5a92055af67452985c14aef82791e34f690b3492d6ae48ff00914f12615a0,RAIN,"DARKNESS, LIGHTED ROAD",WET,IMPROPER LANE USAGE,2.0,37.5,1.0,1.0
1141a79bf8c1e2468f602c409ac09b6715070219f34013293554e61dd4fc7b72403c21bb3072c6b760d1c98605a5b59cc504d18201aab5dc3ebce43f33f02caa,CLEAR,DAYLIGHT,DRY,FAILING TO YIELD RIGHT-OF-WAY,2.0,41.0,2.0,2.0
1141caa0951cf28f29385434127be0530e05cb05f6ddf39a305cc5d8189881c7be6af55dc06db8e2ab8a6889c8ac8ca95508c79e7fc6ea25f0ac803160e2db7b,CLEAR,DAYLIGHT,DRY,FAILING TO YIELD RIGHT-OF-WAY,3.0,28.5,3.0,3.0