crash_record_id,weather_condition,lighting_condition,roadway_surface_cond,prim_contributory_cause,total_vehicles,avg_driver_age,total_people,total_injured
1141d385ce1cbfbf2dc740389f4591533a0847d2d02f562ab32071893cbcda847c561c83711fd1d628f5a5fbf826d47dd14495c209b332478e928a1d0b0b4b82,CLEAR,DAYLIGHT,DRY,FAILING TO YIELD RIGHT-OF-WAY,2.0,41.0,2.0,2.0
1141e4324db898f7749b74dd7699d64cb4b4cb5b2b5e6e39f16fb8ac61a0207ff789d10538005d96a65b3d1e90efef4e2e1e02c2a5506a74fdd79d05414cad1d,RAIN,DAYLIGHT,WET,FAILING TO YIELD RIGHT-OF-WAY,2.0,43.0,2.0,2.0
1141ec161d35185f7173c84d73eca89df7e6ce09916a849f5e42213df4000f88dfd73e1a2491d6bcecb675f8121335b78ef2595e58c77c14b390cef02871d4ff,CLEAR,DAYLIGHT,DRY,DRIVING SKILLS/KNOWLEDGE/EXPERIENCE,1.0,54.0,1.0,1.0
1141f00a098511917ba7ef34592a99c2416ec582db622021ddcf2134675559c9a3e4ef04ce3053673a7bc2bda7e094c72237086f059ad89fee5649512292c59e,CLEAR,DAYLIGHT,DRY,FOLLOWING TOO CLOSELY,2.0,37.5,1.0,1.0
1142061d6d85b2fc24fbf027f95c7b3c6d3f0627b550d892116542a36fa7552c811c041d214f3afac0993e4656045a7c13fe1cf2e16046177756750a5af03445,CLEAR,DAYLIGHT,DRY,FOLLOWING TOO CLOSELY,2.0,36.75,4.0,4.0
114236cf17a4ecf49d5758bf85d960b0847eb2975caa8199f484938233bbbb79d2687118cc41a157b4b755535b4f86b3e81411eec2a5dac3c881862d4da17304,CLEAR,DAYLIGHT,DRY,"OPERATING VEHICLE IN ERRATIC, RECKLESS, CARELESS, NEGLIGENT OR AGGRESSIVE MANNER",2.0,56.5,3.0,3.0
114237467f975a680c8c356c1b241e777f70b7db0f527ad1f50dc1582424574cfeee51c52c512bf85748ee12910d48358396f08c5abeed9c348b99240c5e46ea,CLEAR,"DARKNESS, LIGHTED ROAD",DRY,FOLLOWING TOO CLOSELY,2.0,37.5,2.0,2.0
114260c756125bbec9d83059dcccbeaa66b448f39b75fd7a541f36538fb19a5d0369de93515f2596659aa4689b9eaee3caeae738454e169612a21b4c9807b61a,CLOUDY/OVERCAST,DAYLIGHT,UNKNOWN,IMPROPER BACKING,2.0,37.5,1.0,1.0
11426b226d3af50f53e687e6f2e63927ed3eafdcb4a482005c0251ad87335800a58b120f51927bb2ef08c3016bf6ad87ab902e930783a7ec6522ac21b13426e6,SEVERE CROSS WIND GATE,DAYLIGHT,DRY,WEATHER,2.0,56.0,1.0,1.0
114274e929e6ed3c52432dd27ac11e211dc524a5d8221625199994f347f4662a26f978c49d3a076435ef5b4958e408df760fa519a20b7ecf25721d298b025807,CLEAR,DAYLIGHT,DRY,DRIVING SKILLS/KNOWLEDGE/EXPERIENCE,2.0,37.5,1.0,1.0
11428fe0d353aceea8948c17e0eec4e63aea1c8f4d8d9af159bd80793a3eefc7537e60bf0f61def068dea95e7e4803e4f0fb2b49284e66ea65f806ed9b5d0643,SNOW,DAYLIGHT,WET,FAILING TO REDUCE SPEED TO AVOID CRASH,2.0,50.5,2.0,2.0
114290fca8d88cfd49c7b7e6e6f983bdbbc07db018d7ccc1b700b1eee61458b1211eed09f764b7d12dd699f6c9a20473124d11055b042c3f04c9f77918821370,CLEAR,DUSK,DRY,FAILING TO YIELD RIGHT-OF-WAY,2.0,37.5,1.0,1.0
1142a5c9adbd40a0e1cac26666a66bf9f40b24d52dcc6fec4ecb8faf58d01b6c8401000107d6c6bf14aa8d36e1dae985ff5d7c1a3658f2f6069c2c6b4a70077f,RAIN,DAWN,WET,DISTRACTION - FROM OUTSIDE VEHICLE,1.0,23.0,2.0,2.0
1142b23efcff2d64641a0bb58728724665fb5b3050abc9fc12dcc3e4295f4a0a7b9d067e20ab5c1ea5df8e25c902b8ed328c977941a120ec3ef2d791aedd6334,CLEAR,DAYLIGHT,DRY,FAILING TO YIELD RIGHT-OF-WAY,2.0,12.0,2.0,2.0
1142df650a36c8b75ba4e2d234bd49ced4cf902b8a294af7598652c1a8d3f3aabd645aff3d621e97372b3805a15f6fd1746b5d286d0b14a6d7359e75c91439a2,CLEAR,DAYLIGHT,DRY,FAILING TO REDUCE SPEED TO AVOID CRASH,3.0,30.0,1.0,1.0
11430520b0b04821aa47fc96a735a29f739ad62ee8f3c6eed289cfea572998230bc6463b7bb32732d40abd292eb71b72659d900fd9a4ece19979a80cb53c3625,CLEAR,"DARKNESS, LIGHTED ROAD",DRY,FAILING TO REDUCE SPEED TO AVOID CRASH,2.0,29.333333333333332,4.0,4.0
1143416c2dbf1fd2b9666c5716d6652f4858c8fa1a486b449dadee6d414a264d759fc6fe68dc9e8f210302e10972fb99eebbcfaf05f3b1fb542207f8b0fdfa07,CLEAR,DAYLIGHT,DRY,FAILING TO REDUCE SPEED TO AVOID CRASH,3.0,33.5,4.0,4.0
11435890dbbacda1234b2771c186bba264d73559086ad87ea8c536516088bbc907bf7360df1ccde14e9b0906fa379839c0638ac17dc417961144ce333380f91f,CLEAR,DAYLIGHT,DRY,FOLLOWING TOO CLOSELY,2.0,57.0,2.0,2.0
114359e9c5f471cf350f08ad2ccafa3fa620a58a88da58bb7a64242c2c0909f344ea8260d652781c0d21848a99ad2a9a2286ced648704cab7a9faa290ac110dd,UNKNOWN,UNKNOWN,UNKNOWN,FAILING TO REDUCE SPEED TO AVOID CRASH,2.0,29.5,2.0,2.0
114367e5a534b8a05b1dd76f6d6de2398de96fc904824e8a089b1874c731dc2df82456bd82eba50f4b6b6ec06dffa9c17303e997683d9d20d6c718b23892aef3,RAIN,DAYLIGHT,WET,FOLLOWING TOO CLOSELY,2.0,49.5,2.0,2.0
11436da56c019782ecb4227c5c912f006bfab9b4056f964eb7dafdaacc894551335f08d7b6599cd8ac64b36fc7e9227493d00f38c221444b73bef8e05b096d8d,CLOUDY/OVERCAST,DAWN,DRY,IMPROPER LANE USAGE,2.0,70.0,5.0,5.0
1143b0f444a820cc1d92548dae0549e67a119cc8d0f483df1ea73c4635eb8e3043d5eda38ddb4556a1173ca265d17f5331d865796d42e9194ae8960f33a98a85,CLEAR,DAYLIGHT,DRY,FAILING TO YIELD RIGHT-OF-WAY,2.0,49.0,2.0,2.0
1143c1d0f099625cb4ac3a279d2ff1c0802173c69c531ac3b7aaf420704620fb7f18f785ca7d9fa0fb2c54fa47b8449925bba2565ca4c244c698c3fb506104b8,CLEAR,DARKNESS,DRY,DRIVING SKILLS/KNOWLEDGE/EXPERIENCE,2.0,37.5,1.0,1.0
1143cb01e717be8381e2fc7f1bbfae8ee1a58cd9b6e57e7ac6818e6bc0e9a22a1d79060d338433f4c815d3b286beb1948735d63d4ee5fe0c97af2db761c7e061,CLEAR,DAYLIGHT,DRY,"OPERATING VEHICLE IN ERRATIC, RECKLESS, CARELESS, NEGLIGENT OR AGGRESSIVE MANNER",2.0,28.0,3.0,3.0
1143e6c3d582fdad6f297c6ae56be17eaf1b17bd5e9c0662089d3759a25c1df5ec4a5abcab0926155dac0e58846637f9f9cb46676e96478d98622ae5aa34c9f0,CLEAR,DUSK,DRY,DISREGARDING TRAFFIC SIGNALS,2.0,30.0,2.0,2.0
11440ba67163608c7bbb45f1cc04351024426ba0212d642c29d9ec89b8f0a085646f8b87c0de0c8ea9ac394f62e59abadc85fde9df2652e9598ce85113929905,CLEAR,DAYLIGHT,DRY,FOLLOWING TOO CLOSELY,2.0,35.0,2.0,2.0
114446029ccb5bcac71b08d548b2959beb5dc00bc0cff64607237bf4404c1e268d84400418348198d73e50dc62d382eaaddf6e5715ea1fc418abe360a891e89d,CLEAR,DAYLIGHT,DRY,FOLLOWING TOO CLOSELY,3.0,56.666666666666664,6.0,6.0
11444adf8161788065a7828fd3918e44ac3edc7318d746c0fd3ebbd9d6b2891e8166490a65c528da6ae31990bcd6318794bbce7d93e3c974c3d2fdd0cb323d9c,CLEAR,DAYLIGHT,UNKNOWN,FAILING TO YIELD RIGHT-OF-WAY,3.0,50.666666666666664,5.0,4.0
114456b9bd0c67efc339b03546f3f11cca918a742e9a41190ccfcd32597a78f402faee2b7ca147b6fc3da2270c10d4df01232c286ee827858cdf99fdd9ffb57c,RAIN,"DARKNESS, LIGHTED ROAD",WET,FOLLOWING TOO CLOSELY,2.0,32.0,2.0,2.0
11446b4ae80deb718e953f1ead507099f629338944e078099adb0862508ac86825def082466e64868bf65d4f8c4ee70e5440d06fdd42e33476340b7e9eea661a,RAIN,DAYLIGHT,WET,FAILING TO YIELD RIGHT-OF-WAY,2.0,43.0,5.0,5.0
114498cd273ca805df2b77fd172a0b5ec3f6533d8c86cfdcfdec0e6e45359a663c89ba65fa0964eb4084b71a222eca7a02ae4a2562413ab5e06ad49c04fcc1ad,RAIN,DAYLIGHT,WET,FOLLOWING TOO CLOSELY,3.0,31.125,8.0,8.0
114498e61624bb0f9b4a1c39b4178cb0193f39545347658025bb331b0096c803ebae677084ba1054108e08766057f4f0ca5ad47dbe0f7d20808101732a9eae0b,CLEAR,DAYLIGHT,DRY,FAILING TO YIELD RIGHT-OF-WAY,1.0,31.0,4.0,4.0
1144a5ba390f378ffda1517c4977efac3cb9284ca59363379d321ec289d7abf55b81b5315edbf77e063146c5c9326b6ab3402f90ca26e14f6c02538b7a79461d,CLEAR,DAWN,DRY,IMPROPER LANE USAGE,1.0,61.0,2.0,2.0
1144a5eb8fcda1e78474e204de16ca4e21710228c1071e17233a453533d8e6f09834878b16976d3e2dae36e52799cede68fc7552dd7ca3e201071a0cc0223dd2,CLEAR,DAYLIGHT,DRY,IMPROPER LANE USAGE,2.0,49.0,5.0,5.0
1144bf1ec8936084846f5cbc023680f4f1cef2442f5102827dd816bcb52ee5636561b3602519c680be5f5bfd61091803946f0d69220eebef68accc1cf3dee7a3,CLEAR,DAYLIGHT,DRY,FAILING TO YIELD RIGHT-OF-WAY,2.0,35.333333333333336,3.0,3.0
1144cc81c93372a95a8e162ccdab071cc74f46939a6e26d2a700b0a522d672a33e7e9c68f0ac3e32d4b47b783d4fc686fb28859a0526f0f52a17c1008a27713a,CLEAR,DAYLIGHT,DRY,FOLLOWING TOO CLOSELY,2.0,17.5,3.0,3.0
1144df0e9c21d3513c2029ac3e6072c01b618c47951d9bc650a48cff3e686997cf12c2c3dcf5ad199d1bbdae7cbf903a5cc89b3f67359301ee2678f667e2b41f,CLEAR,DAYLIGHT,DRY,IMPROPER OVERTAKING/PASSING,2.0,53.0,2.0,2.0
1144f11f3340bf9b0efc52f3343d606dc85402f6d4e5dd0e816407383aed2aaf9a1ae1d48101d53dad25b528961af0fbf87a39a58751d89e0468cd03fe009901,CLOUDY/OVERCAST,DAYLIGHT,WET,DRIVING SKILLS/KNOWLEDGE/EXPERIENCE,2.0,42.0,4.0,4.0
1144f2c8d56bbc432b8b8324e152457e3a6e4225fcb7809502a160a1ec258e5dd6a130523b23b53e083109cb69d13e6a4f924575d82941d93453e7cd87c6c151,CLEAR,DUSK,DRY,DISREGARDING STOP SIGN,4.0,27.333333333333332,8.0,8.0
1144fc0dc93b8c3f4f9fcd9ecc3c888e8cac1538ce18db38de24abdb646f9eca37795812998005ac33f546cb0ef87f7df59d27d86bd4c6d5a1aaa26559483ebb,CLEAR,DAYLIGHT,DRY,IMPROPER OVERTAKING/PASSING,2.0,29.0,1.0,1.0
114535c88fd602a54becbf22319ba7473035eecc07b7e01b6f892cf8468bc79c2e28c95677e9390f46d46ecb9060e38782268ad385b0e44e99c1fcf1ebc0739a,CLEAR,DAYLIGHT,DRY,FOLLOWING TOO CLOSELY,3.0,28.333333333333332,3.0,3.0
114568e9aa5b9ceb64089c96670392e83c19802c2ac47e410dfd88feeb16d2f8efbdf9e6a9c70da5747114f84ca8641f780a1bc2862843181d815a3f6ae77fd6,CLEAR,DAYLIGHT,DRY,DRIVING SKILLS/KNOWLEDGE/EXPERIENCE,2.0,33.0,2.0,2.0
11458d907b5b5f62a3b1fef8ba00e4355bfb376b7bdcc1c0501563613121d47153b406bef6c857e2fa7fcd584add0efb57eddd5a8fb2dc50d74967c1b41f03b7,CLEAR,DAYLIGHT,DRY,FAILING TO YIELD RIGHT-OF-WAY,2.0,43.0,2.0,2.0
1145ba746fffc26373fa28ffd0da06308a921503e3af34d5c9084b4c51bf292cfb331d983b542976dcc2add98cf7c464cb0fb307b648c52ea2e55d325a5dad91,RAIN,DAYLIGHT,WET,FAILING TO YIELD RIGHT-OF-WAY,2.0,81.0,2.0,2.0
1145cbd6d699be4cc05ec6357f8f19564e6401abc1fdbfea2e4b7d7215bab132cd4916cd012d74ba2ad1fb6589899f30fdb8f6a6f76ab1e13af8bbdfc68ffe7b,CLEAR,DAYLIGHT,DRY,"OPERATING VEHICLE IN ERRATIC, RECKLESS, CARELESS, NEGLIGENT OR AGGRESSIVE MANNER",5.0,38.666666666666664,3.0,3.0
11462a3231625b6600b4844e8057c843fa0b0567bfab69415b9ece38704bcef0aa16a41e0fa518eba927872957d1c36edabf2cbfe7efce523a3036eadabc9cb9,CLEAR,DAYLIGHT,DRY,FAILING TO YIELD RIGHT-OF-WAY,1.0,41.0,2.0,2.0
114636620d66a68880223bdb4922120c4e413d16e6448df5734a5fff30ef2b420d9f4b061f39e7fcb9e952d30737db57e7c08f0c57e289e9bd3f8c0f6b8d6a61,RAIN,DAYLIGHT,WET,FOLLOWING TOO CLOSELY,3.0,37.5,3.0,3.0
1146402b5da24eb2c7f653a172acbc2921aeb782c83992bdcb022a71e50ac36adba4772f712ce9c94091fd7664f007401bad4041c5a30c5f8ef5ef0224564be9,CLEAR,DAYLIGHT,DRY,FAILING TO YIELD RIGHT-OF-WAY,1.0,39.0,2.0,2.0
11465890ba06b37b4f15d3317b1c82810bde67902977f336265bdb94aeda5bccd0abbae1788e2b5015d52068546f83de679d88bf016e8d50af92641488f718ae,CLEAR,DAYLIGHT,DRY,IMPROPER BACKING,2.0,36.0,1.0,1.0
11465b08f38aa16ff0b521e1773ec26a5adcc519ffedb9b79243980a5cfd06f1b455b7b48274d962d6c39410baa6719b9e178ceff5dec57a39eb9f4d66880565,CLEAR,DAYLIGHT,WET,IMPROPER OVERTAKING/PASSING,2.0,41.5,2.0,2.0
114665a581b71af2c4ebb5860e5a2d7b5e1edaf4b509237c89844d4ef216488597f86e3a8021e49a3c99721be4d4d98819d36e7e5df5aaa1ef00123370192c10,CLEAR,DAYLIGHT,DRY,FAILING TO YIELD RIGHT-OF-WAY,2.0,35.0,2.0,2.0
114683c59cd319ee7248f6a4c9eecc103879f6b1e4be46984d5fce66cad500526dad790557ee69ec9b5a3f1e82115d7e03151213fad4c19c0cea72dacdf0eb20,RAIN,"DARKNESS, LIGHTED ROAD",WET,DRIVING SKILLS/KNOWLEDGE/EXPERIENCE,2.0,29.0,1.0,1.0
114689021e12ea7859d9c0acbb7112e0a8d6f1f64fce650ef30f7e39715b01c38b148772ab9fc5cceec7ccda86fe1e118b8c3f79603964c408e3e46a1d563c51,CLEAR,DAYLIGHT,DRY,FAILING TO YIELD RIGHT-OF-WAY,2.0,62.0,1.0,1.0
1146a7386dbc3d962c509ef692a56b979c28952e638185779eb23760bd4dc57f135ac443e726973d8fa5d9e6e9f7bceafbb175490d67aac4d6effdc86b603340,CLEAR,DAYLIGHT,DRY,FOLLOWING TOO CLOSELY,2.0,67.5,2.0,2.0
1146e3a30d8dde6c8555ad3e88193cca09669aafbc5490c0d4cb9f0da3773467101813bb2c91b0d77ef93d9fa58e62fc1c761623a829fecb3cf7483660c6675b,CLEAR,"DARKNESS, LIGHTED ROAD",DRY,IMPROPER TURNING/NO SIGNAL,2.0,36.0,2.0,2.0
1146e56ac29d2c171cd16dd6bcd77ccf6c8c90cb6a996b7f94eb6adad16787dbc9d52a6a59a2c257d2f373c7f5eddac1e442c1809e54b565beb3e21f62e35b17,RAIN,DUSK,WET,FAILING TO YIELD RIGHT-OF-WAY,4.0,35.0,2.0,2.0
1147134f21798a5d33036444efd6f1350b30e537bb04fe0b00f6ab0cab7db40973d3aa28dc12438110530f5b86d04efc762becc7d9f0f4be3e55ede0980c57fa,CLEAR,DAYLIGHT,DRY,DRIVING SKILLS/KNOWLEDGE/EXPERIENCE,2.0,61.0,2.0,2.0
114762583b3d2ff8e0afc216bb033b482ec007533b7ba262dfaf3623400cf0e7f63bb76f8a2aad492437ad788d743e4076a0f59c2e62d8d8c5d28e7642b2c603,CLEAR,DAYLIGHT,DRY,DISREGARDING TRAFFIC SIGNALS,2.0,35.0,2.0,2.0
114785305387062617ff5c1931528ed3569cecaa731f62391465b0174f83b6502d531307897eb0500d63e9450c8090f20b6e043aa7d8488a180aca2a4647bab2,CLEAR,DAYLIGHT,DRY,FAILING TO YIELD RIGHT-OF-WAY,2.0,28.5,2.0,2.0
11479b228b0b43a1098a921a00361342b80e18f7ee9d15b7aa3bba0f9831c47977ecf35c02aa7cc15c63a51e833cd9d6c9fc5df8284367a0f3bbd525ef73cdf2,CLEAR,"DARKNESS, LIGHTED ROAD",DRY,IMPROPER OVERTAKING/PASSING,2.0,32.0,2.0,2.0
1147a46e965bcc611ad362cd432fba34f4fb428799f6d782a5870307e174b7c7a211ad57e2ab24d060c22a817672e4448e9833d5214b87fabd5baaf739423979,CLEAR,DAYLIGHT,UNKNOWN,FOLLOWING TOO CLOSELY,2.0,44.0,2.0,2.0
11480eaa8b8e0eb38b25969992daaa09f3dc6fce42f3973d592e8131fa7782d10df35d7fd712757eac36fc498aa281ca3faf67712835a1f6cc95a765c1bea982,CLEAR,DAYLIGHT,DRY,IMPROPER TURNING/NO SIGNAL,2.0,30.0,2.0,2.0
114859aa707efac10125ba4f40df26e736f22590f6abd5facf6e4a7121d56981ee34a3e335541f7f4f40cb9eb65d51fc740ac144d0b54e8f0dda8396370739ba,CLEAR,DAYLIGHT,DRY,FOLLOWING TOO CLOSELY,2.0,58.0,2.0,2.0
114889229205618c3941e69a5c17c4fb18f25c5ddd117602b3abd758f56b244000d0d6a3d7808b32ac0fb28d876c7e24609380d5e59c7c1955a6d01c481439c4,CLEAR,DAYLIGHT,UNKNOWN,DRIVING ON WRONG SIDE/WRONG WAY,2.0,49.0,1.0,1.0
1148f59ebe6d69f796665e1ed1ca8cb7c3ad166095ca8959464370b6f60aa33863e9b7e07f03ec9e5b01d90312ebf08c684f3c2a80b853c7d3fb5b263f305de7,CLEAR,"DARKNESS, LIGHTED ROAD",DRY,IMPROPER LANE USAGE,2.0,37.5,1.0,1.0
1149019d190fe2d48fdbe76d1a6c74f17f4e8f438d8911dd3788312d277e0249ee3f9dccd36a19353a379b957e7ff5a7ef37a4be88ee6630addd2a8e998f90bc,RAIN,DAYLIGHT,WET,FAILING TO YIELD RIGHT-OF-WAY,3.0,50.0,3.0,3.0
1149329e43aa3497a698542916cd085767eaa970dfb8ffd2ebeabb23040941787b616b5c3fe9225bb99f2c015c7e7677a274a982cc052022ae3bf1743d7e2e38,CLEAR,"DARKNESS, LIGHTED ROAD",DRY,FOLLOWING TOO CLOSELY,2.0,23.5,2.0,2.0
1149671efe3b005ad3ccce12580329c11afa6dde8f14b6610d338a936ddbe41abe4bf077eeba4f58aa4bd62534d1947d04ff2a2fb1ba7bb9d0784a2fdabf824f,CLEAR,DAYLIGHT,DRY,FOLLOWING TOO CLOSELY,2.0,40.5,2.0,2.0
11496876252f142b58580aa080c290a5c9986397c88e333da8984f9976cb934ab95c6b3ac541e1ef71ba0e1d8a19922725ffc335ce1bbeb6068c6c432dc1f87b,CLEAR,DAYLIGHT,DRY,FAILING TO YIELD RIGHT-OF-WAY,2.0,38.0,2.0,2.0
114969303e43096d2e62bb35a09cc5c17b78b3652230761ba2c80064a823c924eadca04590e2efd29acded5baf88fee5eaca197a86b5ac405526e8da5ae94b1f,CLEAR,"DARKNESS, LIGHTED ROAD",DRY,FAILING TO YIELD RIGHT-OF-WAY,1.0,54.0,2.0,2.0
11496c8616b832e54d4462f291eb828bd368316a6875978ebac331614a343194b6b773578bfdf8c374950720c06c1d6bb05328b0dd1beccfcb2160cf99ca54b2,CLEAR,"DARKNESS, LIGHTED ROAD",DRY,"OPERATING VEHICLE IN ERRATIC, RECKLESS, CARELESS, NEGLIGENT OR AGGRESSIVE MANNER",2.0,40.0,3.0,3.0
11497cd8af200a97a1503eb2086d0628afeb03407d97747b8bb17f87a656642bc82a9cd83df56d309056849e0afdc567766ba68f848e82ee351b79ee82336f9b,CLEAR,"DARKNESS, LIGHTED ROAD",DRY,FAILING TO YIELD RIGHT-OF-WAY,1.0,37.0,2.0,2.0
114981fd85b7af3d480e4c1b80da88242da2645470f00479c99f56787c90d62f12a219336f8465ebf67e8ec529a57bf9e5352bbe88198dd9888ab96cddc411ab,CLEAR,DAYLIGHT,DRY,IMPROPER BACKING,2.0,37.5,2.0,2.0
11498e19c50bafe7db4f5ef68ede85723717deb0410a8a73c42f623a52f8530f6d4f98f4cbf480eb5a97c8ba3530d7bae5bee4dbe3629a1da123725e23c57eaf,CLEAR,DAYLIGHT,WET,IMPROPER BACKING,2.0,37.0,2.0,2.0
1149916712fd9c42b5fa292b9ca563c498ebdaa8588c3db4e877c4da41ad6a84a3cf9fd50c3053adde3892d218b17680958b8e92939623d367e9ba1c5ac4e7cc,CLEAR,"DARKNESS, LIGHTED ROAD",DRY,IMPROPER LANE USAGE,2.0,24.0,4.0,4.0
1149cb3cbea3eb9ed6a718d5518be9cf1eea4314484db0de9eda73ad5ed141b99678f2bdae8d69dcf2762f649edb53b5331afc661050553666d581e943327383,CLEAR,DAYLIGHT,DRY,FAILING TO YIELD RIGHT-OF-WAY,1.0,56.0,2.0,2.0
1149f74f342eb135a497c260f1956c4cd98e4e5e5a2ca8c644c77c31bdb31f9295e84f4443935afb29e4b8e31962484c7b1b77d9292efb29912203be2a61c311,CLEAR,"DARKNESS, LIGHTED ROAD",DRY,FAILING TO YIELD RIGHT-OF-WAY,2.0,36.5,3.0,3.0
114a32775717b8c50042358cacf1345086b79f6de2a879eeecb00fc9d7dd4f41a7f5d1ce43be3c05cd0593ee5d341408c9eb2fabd74de2680f8cae05b6108f8a,CLEAR,DAYLIGHT,DRY,FAILING TO YIELD RIGHT-OF-WAY,2.0,46.5,2.0,2.0
114a5922ffc698ae0e1047c41a29ce1b632c9fa51857493d1dbd3c9209c743785f62ac2692c344abd3e794ba730fdc6a84fb6259f9d9cb3c74dab51313475cc4,RAIN,DAYLIGHT,WET,FOLLOWING TOO CLOSELY,2.0,24.5,2.0,2.0
114a7897438ae5847b904bb10722c1db51bb33143d1ab172dd4dc3487be27868f70ea1a16a64c9adc190a4e17b176f28c537d201333eb6f13cb47e5915e1a047,CLEAR,DAYLIGHT,DRY,IMPROPER LANE USAGE,2.0,42.0,1.0,1.0
114ad6bc39a3487aec4dfbfcb629e1ef96e08b0355410666b444688edeecce6118e1e98ad00cd4550d8f6e0ee507f2e942e9834c3604f09b58ddb6a6b62fca86,CLEAR,DAYLIGHT,DRY,EQUIPMENT - VEHICLE CONDITION,1.0,64.0,1.0,1.0
114ae8e2b79e2819884b9254fcce6ff76bd4ff795631dd8bac137e69bf9db835d3a9cba5281d554d56b115378edd91d5e96a909ccdcb87c56142ef4c96c27d9e,CLEAR,DAYLIGHT,DRY,FAILING TO YIELD RIGHT-OF-WAY,2.0,36.0,2.0,2.0
114afdacaf80a9a2706dd62dd0b7ec191483463946b83b197ffd18a09447cb398ab1e64221cdb41464f5e0ffc613a6ad98fe099d5b307667255a33f18e5d8782,CLEAR,DAYLIGHT,UNKNOWN,IMPROPER LANE USAGE,2.0,27.333333333333332,6.0,6.0
114b1e5b646e0d3c8a5ddddcb72099a8d4f2c8b078672d215e4566fafe62841334e8f47610cf1a738d6cfcf158c8ff4e2bd637ec1bdf70c5a00138592dcaaa71,CLEAR,DAYLIGHT,DRY,IMPROPER TURNING/NO SIGNAL,2.0,55.0,2.0,2.0
114b25a6f092d6078dcb1e543e3a7ba89641131a49d07de5d284e7171dbcbc06f7269af2e2b251966de5803f97047d6c4ed03e5ac9b1163bd41ad90d168ddc5c,RAIN,"DARKNESS, LIGHTED ROAD",WET,EXCEEDING SAFE SPEED FOR CONDITIONS,3.0,23.0,1.0,1.0
114b283a5d458215f25c535b7db8a7d710eb9c68b9cf75d4086e0324cedb2d91ee783eeb38d798391b03ec3f06744a1943ddb5126ad8c3d5f250ce7f3138217e,CLEAR,DAYLIGHT,DRY,IMPROPER OVERTAKING/PASSING,2.0,63.0,2.0,2.0
114b4e963267b785300a263bc2e89845e6e307c0e02a5dc90a33dd37bf08d2dc1beaa186e1e07f7e2933d7c9f44d0e0ac5a94cc8eda89b67990d795b070ad66d,CLEAR,DUSK,DRY,DISREGARDING STOP SIGN,3.0,19.0,2.0,2.0
114b50f160b72f01cb516ff44531fe86f871f9dd7700d8ab758b24a2d066a804e53f4f58849e67661f472f71f9caad0224f1e2529111a09cf4961bdc32590381,SNOW,DAYLIGHT,SNOW OR SLUSH,WEATHER,1.0,27.0,1.0,1.0
114b6009b0efc83cf74403c2633bdf0b68afe4ffc197443070bf9aef1f3a7af486d9f25cd5b603f043b4b2a90f2e137bc65f353d078180b6bfb6d0a925d0c0fc,CLEAR,DAYLIGHT,DRY,FAILING TO YIELD RIGHT-OF-WAY,2.0,53.5,2.0,2.0
114ba53509c0c6b2d8af86355964995cb23c7cb09f588f72a346c7242ebd45881a00e9946b88ba2eb1e6fdabaf4ddd58e842e70d22ae798873fdf4a5ba3fbd47,CLEAR,DAYLIGHT,DRY,IMPROPER BACKING,2.0,46.5,2.0,2.0
114baf1bbfac47f8f776f71c299091918e98a5a4f058c912c37d86be4494b438c14a12230624b14ceb09e1fba7c9e0686b41a24a76d526f2376ce7e79816a065,CLEAR,DAYLIGHT,DRY,IMPROPER BACKING,2.0,58.0,2.0,2.0
114bbe6286d8296f459cc6e807506dbaf810822b6eda83b29d3bd3916951e2a11f98083b93939d851284d4ce4d31fab86394ae2b60ebf124a9929fe12802b04b,CLEAR,DAYLIGHT,DRY,IMPROPER BACKING,2.0,37.0,2.0,2.0
114bc933898a7c86e8981403a09292fdf69a6b29145fc80ac656d5d6dbaed8a5bf797f55a36972c70973a8b9517c6edeede11e40d4837ba2583f7d8f5436112a,CLEAR,DAYLIGHT,DRY,FAILING TO YIELD RIGHT-OF-WAY,2.0,34.0,6.0,6.0
114bd80afb7f02e52ff463785e5fb56136850de627416a5443c915a57b3b91c2b8a7d687340c43297053b66ac6595d9060d1b077767724dfb32156ff6170aff5,CLOUDY/OVERCAST,DAYLIGHT,DRY,IMPROPER TURNING/NO SIGNAL,2.0,34.5,2.0,2.0
114c500b7bd6dc460b7a50e3d5ec36ba7665129b9e4914be9f54ec774d2d45ed1b5828950e7d3ad9eadbcf4ab5e977d32e6bfd32f77f91357958e2db985471d0,RAIN,DARKNESS,WET,FAILING TO REDUCE SPEED TO AVOID CRASH,2.0,52.5,2.0,2.0
114c7d50ba504c9c7d568eaab004986ce4c3dbf6a89df66d352bdf6d7c85dbdfba45dfd9d3ea304314f84cafb71216585c107c6a87e714bfe9f54493828e4187,CLEAR,"DARKNESS, LIGHTED ROAD",WET,"VISION OBSCURED (SIGNS, TREE LIMBS, BUILDINGS, ETC.)",1.0,39.0,2.0,2.0
114c94b86c8c3b609987bf6ab12c028fbad25145882865000b648e766f881d252e191ee48e08b39d0db656820f5754392dc4362ff20b0dbe0c31e8865b762c92,CLEAR,DAYLIGHT,SNOW OR SLUSH,IMPROPER BACKING,2.0,29.5,2.0,2.0