crash_record_id,weather_condition,lighting_condition,roadway_surface_cond,prim_contributory_cause,total_vehicles,avg_driver_age,total_people,total_injured
114cbcbd14749d69af154893f51877c1c3d3d894c20f331dc3e14ebed87ace4e557c2aa58a143c2f81cc4863618dbb20d88e9015fe72d169b5bc8ee43d202db9,CLEAR,DAYLIGHT,DRY,DRIVING SKILLS/KNOWLEDGE/EXPERIENCE,2.0,52.0,1.0,1.0
114cde16fbbd36f9ae4cbc703f3cd1475825618d7d846b6d282477f73b02770787c5420199d70281bca6a06669975e7d7af33d86a57d77be5e91d10bfad62fd1,CLEAR,DUSK,DRY,IMPROPER LANE USAGE,2.0,29.0,2.0,2.0
114d0ba79761a90731d7fbf11101c4e90ef03275353f097145477cfb8db48bab8027efb6e6d508d86b7bf119e7b58b615d7371a63e330c22cdd415fbc0869da8,CLEAR,DAYLIGHT,DRY,FAILING TO YIELD RIGHT-OF-WAY,2.0,35.0,4.0,4.0
114d235a84fb3c6c5445e2babb71d8fd94a8fb0754080f22bdc0d6589099e85cf18f05acdf8fa52e9ed456b5c5d0e2092bf7f1807be085c81531f00da29f0019,CLEAR,DAYLIGHT,DRY,IMPROPER OVERTAKING/PASSING,2.0,53.0,2.0,2.0
114d3607bf137dc4fcd2a369f7d6b76193e7c2987416cc49d5519b694e1fec332f3469c0b1142b2a7574b3401bab4099b4708346bf1a30cbfac1269248b5d3fe,CLEAR,DAYLIGHT,DRY,FOLLOWING TOO CLOSELY,2.0,47.0,2.0,2.0
114d36a2eef1f329cc3025bc321d0da1f00d2d355f3522398fb2dd204e95ee260b240456df1cc6d05e471b925519d4f0f85b66603d98f1afdd720a04524c1d5d,CLEAR,"DARKNESS, LIGHTED ROAD",DRY,ROAD ENGINEERING/SURFACE/MARKING DEFECTS,1.0,54.0,1.0,1.0
114d4859fab870cec810b0eaf142492f5cc2cb2d4a4175b8a42d34ff6bb230f84dfa38b315902388de53b8b5097470c8143f995ec8530f63369bd94f269b453a,UNKNOWN,UNKNOWN,UNKNOWN,IMPROPER OVERTAKING/PASSING,2.0,44.0,2.0,2.0
114d57a738a29ded28baf47519dbae4e923407f0254aa781d4335ae5e22c0b1f8f07185af0e2b7ffbfec00dfdc495f3fc8f7942c9a8b0965357f6fb518a1753b,CLEAR,DAYLIGHT,DRY,DRIVING SKILLS/KNOWLEDGE/EXPERIENCE,2.0,30.0,2.0,2.0
114d5c9b624ddc73c0fd62a6c60c99ea38134ee3f1698729984514ad9f3ea02b350f6f5375cedf21c8cd43ededdf79c6c1d32e5050a5932bc67a15eab67a9e0a,CLEAR,DAYLIGHT,DRY,IMPROPER OVERTAKING/PASSING,2.0,72.0,2.0,2.0
114d71da735d845ac24c0c90289dd805c2822f62e65a73b52769ece152ebf466a879d73426224451c07f5c5b9604a8901fd29c03785a49b31e83860ab9d511f1,CLEAR,DAYLIGHT,DRY,IMPROPER LANE USAGE,2.0,44.0,2.0,2.0
114d753e70a47945a755e985d65cf146de883e724ea54ad390ac713f6c5992586395fa0bbe92aa39f073356ddb91d7afd885fbfce72e26d8aa74f33b7cd5fff5,CLEAR,DAYLIGHT,DRY,DRIVING SKILLS/KNOWLEDGE/EXPERIENCE,2.0,37.5,1.0,1.0
114d75e91fcece88ac2268dc02777ae591d059a9188776d5c7bcff4cd86c29464b9a5b430d68a9809eaaad0dd578d5739845261ded54477e373d17b6f624cf8f,CLEAR,DAYLIGHT,DRY,FAILING TO YIELD RIGHT-OF-WAY,2.0,36.5,2.0,2.0
114d7dbff533131d1873e625d64a68946df5fee84912de962261e2db5062fce5d813c2d33f9d7ad56d680fe2e79d19f47091fa2c92b72579af34a66125db4271,CLEAR,DAYLIGHT,DRY,DISTRACTION - FROM OUTSIDE VEHICLE,1.0,37.5,2.0,2.0
114d88207f15236bdb9788e99eadbefc48699dc305ba6bedd439bb7ae6e47a48f7e416af0a49c0f6a69f589f3a944bc500bb650a42b13ece26eb6ad0fbbcd164,CLEAR,DAYLIGHT,DRY,FAILING TO YIELD RIGHT-OF-WAY,2.0,40.0,2.0,2.0
114d9dd1d1574353fce939047178a15b6747db113b8cd89de2342e5a8982c7682f515341a2cad445caaa2ed93e05ae8afdb9b338c45a168a1b0855412c97d4b9,SNOW,DAYLIGHT,SNOW OR SLUSH,WEATHER,1.0,3.0,1.0,1.0
114dc2910b459e2b349f3554ce80bfa1b83607c8de009f719a7423943ef2185b888d63c279abc4767311f17a29a2c5e1e8521974ac315f5c53a90e23ba980edb,CLEAR,DAYLIGHT,WET,DRIVING ON WRONG SIDE/WRONG WAY,2.0,18.0,5.0,5.0
114dd7521521f8065fa07b6e99ea8cdef5b193b4258da74f99751de1385e523cfd1d486c166fa2ff50c8ca629c114b395db16a8e87e44ef85bfbe8631bc1a254,CLEAR,DAYLIGHT,WET,FAILING TO YIELD RIGHT-OF-WAY,2.0,32.5,2.0,2.0
114df62fc2b0576fc8239c53b7603d50f597148f101a60598a9eddd664ba5980ea2c1ed9cd78a52097c50e061580dd808d0b72c90246b2923d1b7d411169ca42,RAIN,"DARKNESS, LIGHTED ROAD",WET,FOLLOWING TOO CLOSELY,2.0,21.666666666666668,3.0,3.0
114e22794b511e91901691f4cc5c7db5291269aba1db3fb9b36c73e44633419a39f338d69c1228454616cb5c9fb0cc148d0114821f84921126e813cb9ba4c2c6,CLEAR,"DARKNESS, LIGHTED ROAD",DRY,DISTRACTION - FROM INSIDE VEHICLE,2.0,27.0,1.0,1.0
114e67f0d158583668dc1e74b18fea37d9c11e91e5aa36038190e8b66e6d621854e5b394ad55090bab5a36936b1b2d773880e5b3ff5d48b11c270469399c15b2,UNKNOWN,UNKNOWN,UNKNOWN,IMPROPER TURNING/NO SIGNAL,1.0,23.0,2.0,2.0
114e6dcf629e9560ad28afc753c1ff9482c09903a6ad209770a5748762f3fc751d450702bfb998cc96de077e13909cefe829a2b24c5dae1db2fb3e7814522ab2,RAIN,DAYLIGHT,WET,ROAD CONSTRUCTION/MAINTENANCE,2.0,34.0,2.0,2.0
114e8cec6ed50a40f1b5b04ac4a100219f35ae032e6fe8c07f9ea9cda5a4f8906b9bcc7bae5e22af0ae8f720744c19d38838a89bc6df59385ac3af9598727256,CLEAR,DAYLIGHT,DRY,FOLLOWING TOO CLOSELY,2.0,25.0,4.0,4.0
114e9857eaecc359ce12c8415ecb6a46deb9bff3d86f86c8c064e409a8116be8eeea86c351c823b0163eb64ccbde95c114f953b635361d819bc1e4516f9ac209,CLEAR,DAYLIGHT,DRY,FOLLOWING TOO CLOSELY,2.0,29.0,2.0,2.0
114eb0bc8124d29bb90d59ffad4b2ea70a30029a3e8b15bcca21b925fae421617624f10d38eeb689c7a98ae47f177ff8fddb9f33d07e241ef486673ba918b8c4,CLEAR,DAYLIGHT,DRY,FOLLOWING TOO CLOSELY,2.0,49.666666666666664,3.0,3.0
114f04d1846d1768a60fa958003007832aae5bf03f27f8d257fc9679162ae043d75c79e9909b81d767733c9176914f9e6bbbd428b7b5a5f78d12f52e1b733dcf,RAIN,DAYLIGHT,DRY,WEATHER,2.0,41.0,2.0,2.0
114f1a974b132e16d70b851717ef8c52478375f170e546308db6ff041aea67e63830a763009e390378fce4547391834fe2d24d11ba8a97ce47e2529487720208,CLEAR,DAYLIGHT,DRY,FAILING TO REDUCE SPEED TO AVOID CRASH,2.0,48.0,2.0,2.0
114f29b970ffc2f7985bea1ff5816a07cbc0ecbd4b51a0242adca8a90fe1cfc9089ea6042867f512c8cf453be88bb3b263042ebb23c17538d453eeb1d46d954c,CLEAR,DAYLIGHT,DRY,FAILING TO YIELD RIGHT-OF-WAY,2.0,33.5,2.0,2.0
114f334ca90924e3de41304aaedffa293112e519bfef116ffbe782b21044fc8b479bb790f9b530eb4a99b445ab381b40891832f698ac4bf8ef0eb0dabd8cc75a,CLEAR,"DARKNESS, LIGHTED ROAD",DRY,FAILING TO YIELD RIGHT-OF-WAY,2.0,21.5,3.0,3.0
114f58b490fb61a79d0e481c0ec0d79fe15b06b46324b322f38c1f1a24e2785d69beb8c0da4ba426bde38b7bc2acd220c5ca78a41246428c54ecb14ec77a9392,CLEAR,"DARKNESS, LIGHTED ROAD",DRY,IMPROPER TURNING/NO SIGNAL,2.0,27.0,2.0,2.0
114f5981365cb9efe4039f546f2e1cef168fbc37268a1c79f40add2bff5ee50ca3351dd5d6b8d095c833fb701149f9ed7bab3b8a8e81a36289314518af2a0cfe,CLEAR,DAYLIGHT,DRY,FAILING TO REDUCE SPEED TO AVOID CRASH,2.0,49.0,1.0,1.0
114f7c15db70f8a75485e8fdde3b527a9936e2a54636d669373cdcc6b628d2d2ff20d7212a94bf0b83426b7701fe1fef5a39e68760b0f9948136f1bcb8cc594c,CLEAR,DAYLIGHT,DRY,FOLLOWING TOO CLOSELY,2.0,41.5,2.0,2.0
114f7f041ced1bcf9efb1c487c2c97a43b0791c9087e8830de8ce76872f415576c3e6ed32748b2a25fa8a53ed067502e1301055caa94d67808f7c24fb63c336a,CLOUDY/OVERCAST,DAYLIGHT,SNOW OR SLUSH,FAILING TO YIELD RIGHT-OF-WAY,3.0,36.25,4.0,4.0
114fb1aed02a695f4502dccac49c9d0d9bdb1331f1ebc853ad155e6373e5d30aaff3ba1b1c88ce4e496d72d3578ed73692ef93032a2a192a677b9025039e61a0,CLEAR,DAYLIGHT,DRY,MOTORCYCLE ADVANCING LEGALLY ON RED LIGHT,2.0,27.0,2.0,2.0
114fb473927a9b04dd2744dfb6645c7f22d33406e59570abafe82f32ca4f25f0e4bdb12a29109d5ad2e67fad4854e3a63a2f1bf73d510a0296f02bbdeb2b4daf,SNOW,DAYLIGHT,SNOW OR SLUSH,IMPROPER BACKING,2.0,53.5,2.0,2.0
114fba7830007d732b358fb9ad638e2145617dd8322338e508564e19b373a0e78118fbd0dedbd58c9d0c72a33576feb30297dc9fdee2b9a5cff9594d7a659f92,CLEAR,"DARKNESS, LIGHTED ROAD",DRY,"OPERATING VEHICLE IN ERRATIC, RECKLESS, CARELESS, NEGLIGENT OR AGGRESSIVE MANNER",4.0,37.0,2.0,2.0
11500c55f7afac07abf3f929e7b2d6ec9080ffa9031a6ae3b379d7757753bbfd99747c8593f620d040e1679a03c5c2a47f7ed43b073b09b862a9b5a58a802cf2,CLEAR,DAYLIGHT,DRY,FOLLOWING TOO CLOSELY,2.0,24.5,2.0,2.0
11500f0546b821b35c0b76a7f1d2437a91a29872bcc8e2ebfecc875da0e992d56a6a9b06e4f9a813ee5c4f96da77a04606463ecccdcd8ffd4a9ea808934a3620,CLEAR,DAYLIGHT,DRY,IMPROPER BACKING,2.0,38.0,3.0,3.0
115056fa5252d07ff69e55a0de63b1fc66bf4bac5af585b6f3d0adb71592117190eb2081b5a42ff0b1be03e5dcab63576fafec2b660e3ac82176fd5fd4434a8d,CLEAR,DAYLIGHT,DRY,FAILING TO YIELD RIGHT-OF-WAY,2.0,19.5,4.0,4.0
115062497d4d12794dd9a37a0daf3b01ac8d1de88daf2d6877cabb8c3fbf6ec547cc79102460d74ae856ae8705e754b413e3bb9be9bb4fe178f71311eeb3b819,CLEAR,DAYLIGHT,DRY,FOLLOWING TOO CLOSELY,2.0,16.5,2.0,2.0
115092680f5a95bfc9c8d068006ac59a32ad395f5e5d0ec5c79ba1a7488ee8630e394444a8bf8ac64586607b394712edf2c3f745257059e90902a4a088ef8b58,CLEAR,DAYLIGHT,DRY,FAILING TO REDUCE SPEED TO AVOID CRASH,2.0,28.0,2.0,2.0
1150a31b48f221191ce60b270dfe122c90b3cffb4489374449bfbc1d850da20c47ee3e3f09b1071e731b0c121aba7a2ede9a099b115c7e55614af3548a3d342d,CLEAR,DAYLIGHT,DRY,IMPROPER OVERTAKING/PASSING,2.0,68.0,4.0,4.0
1150c3f0deba3ef54dc91c727b55191716ab9c3741878b978143910cefb117797482d20f3ee1d2b1a02eb06db3ebff7b082232094edb844a3f8fb2626d8e04b6,CLEAR,DAYLIGHT,DRY,FOLLOWING TOO CLOSELY,2.0,40.0,3.0,3.0
1150cae34874ef9b17a7c3e7f5a127db1ffcf4c553518336d8e1c9be5bd25624a87c2a017b47934e5c173973c1a9ed759f2711c787670f69cdac58886b4b9c0a,CLEAR,DAYLIGHT,DRY,FOLLOWING TOO CLOSELY,2.0,20.0,3.0,3.0
1150caf88b9d226f953c67316e8f52163f1382191796f8e807d9241f73a31609e2f48dec8464f43bf36b8eab866914781620eaef7576ad37cd250dce904bea5f,CLEAR,DAYLIGHT,DRY,DRIVING SKILLS/KNOWLEDGE/EXPERIENCE,2.0,49.0,1.0,1.0
1150dc484fae68f7ec5baf53eebaaa5ee919ca5a15bdeecb59f4441756f5301abb3bc0db1432d67302640a51db2bf5df9c2c9c57fa8d23503710c73aa78da320,CLOUDY/OVERCAST,DAYLIGHT,DRY,FOLLOWING TOO CLOSELY,2.0,49.0,2.0,2.0
1151315af1046f518fd8fb70df4c5f747672dd8b5a46be4e7142446bad6a0a00c3a947464665afabd235efea81d25d6855777356a9060be60a92361bd95d5d92,CLEAR,DAYLIGHT,DRY,FAILING TO YIELD RIGHT-OF-WAY,2.0,54.333333333333336,3.0,3.0
1151701ef7a4c0902695132b2ad2393516b8acbf392bbd1e3a91a6f548959fc37471e7768b0783bc7e4ca56afde1b4b1eb366e9c3a56578e03db05d221130493,CLOUDY/OVERCAST,DAYLIGHT,DRY,FAILING TO REDUCE SPEED TO AVOID CRASH,2.0,43.0,2.0,2.0
1151b1f2f691be5198249c77818eb31ecb1c021931c733963aebf2f030a29d5e0bf03ebfce933c8e58d232cdb8c98f112ca1999aa2ef1f02d8d4d004ebd464f8,SNOW,"DARKNESS, LIGHTED ROAD",SNOW OR SLUSH,IMPROPER BACKING,2.0,66.0,1.0,1.0
1151c40a7c8f6dc0381bd7bccb2674fa83cd890acbd75e4e8c500f31c903d1b3f6bbf55cf8781873ce8fa4674da4095a8ce0e15bd3967953d737a1d48392c1d6,FOG/SMOKE/HAZE,DAYLIGHT,WET,FOLLOWING TOO CLOSELY,2.0,37.5,2.0,2.0
1151cb7b4af7612dfccbcf80197d40f45e19c01f8a3ff796b42e1eacecb275bd630d1caaabf4ceedaaaf4f1666e778c3032b01f15da83fbdcd76136fc6bed66b,CLEAR,DAYLIGHT,DRY,"EVASIVE ACTION DUE TO ANIMAL, OBJECT, NONMOTORIST",2.0,19.0,1.0,1.0
1151dcef719e282a439827be7cbf5a41e65763b36412b504d4cd9743f9337ace7c671dfcc3060c3343d29a6e9d98c7698c96b7fa5e8485bb58909304f3481c69,CLEAR,DAYLIGHT,DRY,FOLLOWING TOO CLOSELY,2.0,37.5,1.0,1.0
1151dd4bc2baa08e70b7d141ce95b82b2176a55239f9a4ca9729f3442be564127a54d4429c427d40988c2080564a8aefbe91a730add394de4a4e8cea8dcf6a8a,CLEAR,DAYLIGHT,DRY,DRIVING SKILLS/KNOWLEDGE/EXPERIENCE,2.0,37.5,2.0,2.0
115217259ea8b33012a7ea4fb02357f635d96e690e5962a08f1ccf1dd33988236e52914c90e309ee8ad615251def6e4b08c45633dfc6a8c3ab306b1187864666,SNOW,DAYLIGHT,SNOW OR SLUSH,WEATHER,2.0,28.25,4.0,4.0
115221e0061ceabc7a90dd7e5924eb15811a65b8e39aa766a01252b7f9d0f8a9e6187c769c988d7d92fc8aa1e1358c0bed76a5925a42aef9fd0a1508f202b394,CLEAR,"DARKNESS, LIGHTED ROAD",DRY,IMPROPER BACKING,2.0,32.5,2.0,2.0
1152630e5e608031f2d6e24b2a54d133af731ef5528c8a3d5f25cb62d8013881755e0f0f4c663e9a5897ec305d180d57f9ecd907854c9eddbd3e5d439b978a74,CLEAR,"DARKNESS, LIGHTED ROAD",DRY,"EVASIVE ACTION DUE TO ANIMAL, OBJECT, NONMOTORIST",2.0,37.5,1.0,1.0
115349f24b3342680e086bf68e0b8bfde3379c5645d1f1695455686f0f5708a7005a49e22311f1dfcccfb078f3796a4c5cf45c8359bf1f58dfd060189b705568,FOG/SMOKE/HAZE,"DARKNESS, LIGHTED ROAD",WET,FAILING TO YIELD RIGHT-OF-WAY,1.0,46.0,2.0,2.0
11537264a081a9f17e24b382e2a86744558663e91f7834f899c2e3cc5b99342567ccd128afcfb769cb12109ec938404b664923e3ad88f799e047f2630bf942cb,CLEAR,DAYLIGHT,DRY,IMPROPER LANE USAGE,2.0,31.0,4.0,4.0
115381a07afe1a57a04ee36c39cadcdd67b6601643587a6adcc281d43d7e20f86c5c892bfee9a97b544c0f4d6046778880cae945bee6c5e93b57b4b464a0ffdc,RAIN,"DARKNESS, LIGHTED ROAD",WET,FAILING TO YIELD RIGHT-OF-WAY,2.0,22.4,5.0,5.0
1153900be64d0aa58bce7a539f7567c4b0b35a6b1ec9139ee2b1ebaf085541f0ebc6f86d71f05e2afbb981a9a498b6eaae6429f40ded516c8ffded2ca65261ec,CLEAR,"DARKNESS, LIGHTED ROAD",DRY,IMPROPER OVERTAKING/PASSING,2.0,48.0,2.0,2.0
1153bb45f75f75ec8470cab265abab759f5746842e45e1b25edbe9d0a983762e4325721891e9c3d02e828f94506ac53c27fa93b6e742088a80a61eca2cc5bdcd,CLEAR,DAYLIGHT,SNOW OR SLUSH,FOLLOWING TOO CLOSELY,2.0,54.333333333333336,3.0,3.0
1153cc5ed2807a5b792c1a36426083b20b8d02c278895d39cebdf7bf2d300d5367b8a6047a26b28196ca821ab76e55a3ba764aff1b25a5862527631e61526530,CLEAR,"DARKNESS, LIGHTED ROAD",DRY,IMPROPER TURNING/NO SIGNAL,2.0,0.0,2.0,2.0
1153e27c388838ff1431e4cb1d8df4fc40a6e9089664923c14d72031fab5787dd732ded69fe3eb2739abd570a128320fde77e333cd893e32f95484eb0464a5ae,CLEAR,DAYLIGHT,DRY,IMPROPER TURNING/NO SIGNAL,1.0,35.0,1.0,1.0
1153f8286481a44e3a6b56620e6e52afd1c6892e6c149c4e067437d947eab66a938a805e434955935e56643577531dde23acdb4d963f8481b2131e26c84f4948,CLEAR,DAYLIGHT,DRY,IMPROPER BACKING,1.0,62.5,3.0,3.0
1154140a657e4e8cc25dc80ca64d064cc2ce978f184eaf1b92259ad6c41beedc2a329abca7015def0f90aaf75bd33dbd3b201e2bd41c58c66a86f2f85ef7b936,CLEAR,"DARKNESS, LIGHTED ROAD",DRY,DISREGARDING TRAFFIC SIGNALS,2.0,48.0,2.0,2.0
115418e74fd4cccf52a81023f034077da3296fe1cc84268202ab6a9c2f4a25770d0b5464c6d50f16ac17349a79eb6160c49fb1b35eb6e68a3a250a07ee2b6eea,CLEAR,DAYLIGHT,DRY,FOLLOWING TOO CLOSELY,2.0,23.0,2.0,2.0
115440311b88bc16d023efdbc7ad89f89b4685f034954a7465b1098ec1ff5d4d883728a83a043312fb581a0d42ea872fc44924c5818ad7f09ec0c798365bc3ef,RAIN,"DARKNESS, LIGHTED ROAD",WET,CELL PHONE USE OTHER THAN TEXTING,2.0,35.0,1.0,1.0
1154824ed1d6ee22a0e575e98b48cb17dc55742860c69b00acea5c34e271ee35bdab9713c2e7745ac6a02ddd2e30d04b67f84237c875844fc23f6f52841b226f,RAIN,"DARKNESS, LIGHTED ROAD",WET,IMPROPER BACKING,2.0,33.0,3.0,3.0
1154a96783fc6ae8e6a238a414e684548aca46c3f19fa420ef0236aa4d5a3cfeffa704b22d9e984bc5f8609839f4c53502d0709a1b4d8777262e68285b8ec307,CLEAR,DAYLIGHT,DRY,IMPROPER LANE USAGE,2.0,37.5,1.0,1.0
1154c0a3aaf191f15ad84c636fe1b77a9d6971f4334c4cfb4046d2c79ccd85510bb16508d25daa6f52d868ead5f5dab36d9143df394dd55f86e65924233dab54,CLEAR,DAYLIGHT,DRY,FAILING TO REDUCE SPEED TO AVOID CRASH,2.0,61.5,2.0,2.0
1154c8fe1a6e2626647fd3ea5072d1160ebd595fda9fa7333710a399caa05f10ce86fcb7f4ebebd34646a658ba17f75ce38a6346db3470583844b9b33aec1fc3,RAIN,DAYLIGHT,WET,FOLLOWING TOO CLOSELY,2.0,36.666666666666664,3.0,3.0
1154ee841adfe577621b41dda5592c20143d8d81bdcdacbfa5e5000298120569e9ea69600a3dffcc215cd0bec70eeacb90ca6d9740023347ff092b27a7c26a13,CLEAR,"DARKNESS, LIGHTED ROAD",DRY,FOLLOWING TOO CLOSELY,2.0,34.5,3.0,3.0
115510fa8a4e3b1dc72d3d8e8de7e22ba7ed5322602ee604575b3cf81eaca9817cbeb5c2309204febbe64d0a1bd96e354304b8549ec2577618b63bef1a7241fa,RAIN,"DARKNESS, LIGHTED ROAD",WET,FAILING TO YIELD RIGHT-OF-WAY,2.0,37.5,2.0,2.0
115515dc26a147ef6d95671bfb97d3bdcafe982ab626fd50fb2e81e0151fc368b8ddd1fb858e6be17f473e14dee56d3f06a5196c6e3a9ed7b473e4a31e9574a0,CLEAR,DAYLIGHT,DRY,FAILING TO YIELD RIGHT-OF-WAY,2.0,37.0,2.0,2.0
11552cc3ffa665b2905debb534138d6d943e3b1ab2622f1587426770eaf154bf8b7d6e2e2115b9072a2f286a51100cf49d7217078a865c0a42b76859134cd36b,CLEAR,"DARKNESS, LIGHTED ROAD",DRY,EQUIPMENT - VEHICLE CONDITION,4.0,46.0,1.0,1.0
11552d13867b62914a7ecd97a79ab503a42e34f942f5549b8e610f167077e341b3935302ca8e95db7b3b8a4b89efd019800f1e851712644d0b7ba1e249444d31,CLEAR,"DARKNESS, LIGHTED ROAD",DRY,IMPROPER BACKING,2.0,52.666666666666664,3.0,3.0
1155472d799376fe7a2a248c8a40f2c8b1dbec7e8b63844b08e789e3be2a0318028c8ebb8baacf5fb5017bdd2d8eb2b93ac11ab52343cf229bed124b123e2683,RAIN,DAYLIGHT,WET,WEATHER,1.0,44.0,1.0,1.0
11555232bb28ccfdd8d94a5f2fe707da9496c28a0507ceed02f9c539e11b824797de91fa630c615f6046251d698acbde6194803c2c5a0e4aa18c49ad611f3dec,CLEAR,DAYLIGHT,DRY,FOLLOWING TOO CLOSELY,2.0,27.5,2.0,2.0
11556206429d0279e08aaac820d15c2cd0bd4545b3a638dfde57a95761f2afb3443fc69828c84a872034ec1f5bdf0d92a13cb24b515bf2231e4035b0c53bd9b6,CLEAR,DAYLIGHT,DRY,FOLLOWING TOO CLOSELY,3.0,41.5,3.0,3.0
11556485bcbdddac633fd5a9fb937de48abea59d72096c4b3f9fe3671f0e2cf6fb8daf6fd5b482d0e3e4510ada846b37165bbc1482175126ca94ab257bf576c2,CLEAR,DAYLIGHT,DRY,FAILING TO YIELD RIGHT-OF-WAY,3.0,33.333333333333336,3.0,3.0
11556d8d6e1fd4a7a47c18220b1c88fe4a2e306d0d87d452974bd9abd4bd39940fa76dd320a184566462a46d28db5a690cf92fe9154c5004a3a32ff3dea10fa7,CLEAR,DAYLIGHT,DRY,FAILING TO YIELD RIGHT-OF-WAY,2.0,41.0,2.0,2.0
1155889cce32c6da965dc98d6cf1d4d2009811a774d2443f6eebe0e25419d5958043cfe3d0d3bf037b9fe0c5bc0526ac85afea9db006b29b48529ac3398b1d24,CLEAR,DAYLIGHT,DRY,FOLLOWING TOO CLOSELY,2.0,24.714285714285715,7.0,7.0
11558c9a813ec13af55b40eab4dfa16e0746b4e01cba2574c013de1ca2eadc7aad10950c695c42a42aa2d9a8f6b64f5acb733ec6801b42def152f941aca7c123,RAIN,DAYLIGHT,WET,FAILING TO REDUCE SPEED TO AVOID CRASH,2.0,37.5,1.0,1.0
1155d3f17b0e41c968aeaed24335c49351e1377c76b5b1498d6c7b46ee75d9c30a4bc6f0020d108f3a96cd78f7178f180c520068cee38930f26bbc0f37abee2c,CLEAR,DARKNESS,UNKNOWN,FAILING TO YIELD RIGHT-OF-WAY,2.0,73.0,2.0,2.0
11561f81df9763562ee5c111a6564bef630cbae191026dc5ffe7f4212e24f155bb61bbd24440285a5560315e3c45244d5158d354f0c24d25da51701e7f1c90c9,CLEAR,"DARKNESS, LIGHTED ROAD",DRY,FOLLOWING TOO CLOSELY,2.0,31.0,4.0,4.0
115623901ea9c115ff6c07e513b8e5b6cda9ccb2c32fef23313c422049358c88c61ec03bd7bb475bf5c4c44b45f4ff5ebf673e3fafdd10cf888e818c56a732ce,CLEAR,DAYLIGHT,WET,FOLLOWING TOO CLOSELY,2.0,54.25,4.0,4.0
11562a9c3460f1a5100bfb32ef796fc3fe0b16458e561aa3bab768efcaadd349614c8822aa9e2ef3cb1fc863f5e9837c588086dd9e7be4775df08e1b0b76fb4e,CLEAR,DAYLIGHT,DRY,DRIVING SKILLS/KNOWLEDGE/EXPERIENCE,2.0,24.0,2.0,2.0
115655e227de01f2bf70d4010816d6f93c01489d19af67c15d0b0399aa1300bf26b559c809fcc1a11196fe9380023d08a54da15a34583241cae2a34ea75ac3f2,CLOUDY/OVERCAST,DAYLIGHT,WET,OBSTRUCTED CROSSWALKS,2.0,39.0,1.0,1.0
11565a3315320eb6cdfb597ca92607fe696330a79d42c3b27ee48324650ca50630a67ef2daf56a94712b95173a1c7a73d4af4754524d0a86f0d30d304c9280ca,CLOUDY/OVERCAST,DAYLIGHT,DRY,FAILING TO YIELD RIGHT-OF-WAY,3.0,25.5,3.0,3.0
1156622039efbaf14179b4169f170aa7ddecc183a39ea3b9062312cf0dce35c6efc24a7d08e41de527b4912385b29ec53481458fd93b4851d4326b21d68ad271,CLEAR,DAYLIGHT,DRY,FOLLOWING TOO CLOSELY,2.0,49.333333333333336,3.0,3.0
115673a715753ef184f5318f1f98432c73b3de36273f09af6cf6664f2b693847f4fb368efddf5936f07f069f2b131a64bc157128a7709be4227c3bae695ccf89,CLEAR,DAYLIGHT,DRY,UNDER THE INFLUENCE OF ALCOHOL/DRUGS (USE WHEN ARREST IS EFFECTED),4.0,19.9,10.0,10.0
11568e398596c59ff49355e490d05b43f36fd330867e9a263964adf390e884221e6ddcaf5a4d193720f066b250448d3d2767eb4f479b039466476662a7d7f0f0,CLEAR,DAYLIGHT,DRY,IMPROPER OVERTAKING/PASSING,2.0,69.0,1.0,1.0
11569982435dbdc1eaa980a6ebc0782a2efc80723487fd2b1545dc48cf9efc84a38c665fc522b012751d5c6da77078eaca471f599d5a915efc3198dc0264d32a,CLEAR,DAYLIGHT,DRY,FAILING TO REDUCE SPEED TO AVOID CRASH,2.0,37.5,2.0,2.0
11569bb3dc45a580acb0599834712a2e0b9d05900d315e22b89f5b8767206a762a6464296cc619360ad41a120995d82d75cf67f2e226db4e25ff6fcc5ec6eec3,RAIN,DAYLIGHT,WET,WEATHER,3.0,59.0,3.0,3.0
11569cd267ff820131e99f7a22e4898685a66a293c604d7beef5059817384e78ac9b407da359acd5aa5840bad7355a119998d29b96d411acc55c2c625f6276ac,CLEAR,"DARKNESS, LIGHTED ROAD",DRY,IMPROPER OVERTAKING/PASSING,2.0,40.5,4.0,4.0
1156a2b7520e922ca90554e3ef21be27ffa72894c6701d70cf56b7f80d53de63d0e43d881b2a190c167fda6d0002a5fd9203d93ca26651e14a1d7ed8213666cc,CLEAR,DAYLIGHT,DRY,FAILING TO REDUCE SPEED TO AVOID CRASH,2.0,48.5,2.0,2.0
1156cd6845b1a0489a0af0cb7b2d06b5935a5cb03ed1652e3b0decad42220127c56be94c547ee65655b94f4ae75a85d902271f51f87599b816a586b3b7ecf15d,RAIN,DAYLIGHT,WET,FAILING TO YIELD RIGHT-OF-WAY,2.0,33.0,2.0,2.0
1156f77412ed4ac7e3a5e7ae5daefcf553e3466aa94f2ba6892968db9b6b5179331814e23c35055de43ae277b7ce781736e2af43d6081d750b1a7b7a4de32098,CLEAR,DAYLIGHT,DRY,FAILING TO YIELD RIGHT-OF-WAY,2.0,49.0,2.0,2.0