crash_record_id,weather_condition,lighting_condition,roadway_surface_cond,prim_contributory_cause,total_vehicles,avg_driver_age,total_people,total_injured
11570168a742972b93e84ba7ce8f24dae12bc6f77eedef2aa6df7294283481fe3c389a9362ca57febbc01aab505ef932c6ec65984f9018095ff1fc70f967532d,CLEAR,DARKNESS,DRY,PHYSICAL CONDITION OF DRIVER,4.0,0.0,1.0,1.0
1157a65e5f5f8fb336b12d93751c2311d532e375aa45ccdcc6aa97d023c06de909d810542834c20a2556135d8bf022babc982337014432b9d3b768e541b15169,CLEAR,DAYLIGHT,DRY,FAILING TO YIELD RIGHT-OF-WAY,2.0,25.0,2.0,2.0
1157b5802c9464e9d22651753bd9265781dc22298ebb9995c1eb59aa59166574ad70dac7d9c4bd538a3ef069d57ccbd73d677cd8b2d3ea0ce1045d28f8e6fa04,CLEAR,DAYLIGHT,DRY,IMPROPER BACKING,2.0,37.5,1.0,1.0
1157bff944c55cfb82d5c94c01b7f0baaa249e109d1416ede174a6a5b866f11e659b4507e58ae6b780bb4915223f2d6be2afa211d7d43087a6e1b5d792b05acf,RAIN,"DARKNESS, LIGHTED ROAD",WET,FAILING TO YIELD RIGHT-OF-WAY,2.0,24.0,2.0,2.0
1157fb8580c51ddeee39f04610ffdba688d282e8fe9f25180b6a91c53aebd27874dd6f2bed8ce12fdd12d4f21ac0ff02e6bd0fb46c899e633cd9aa0837515a90,CLEAR,DAYLIGHT,DRY,FAILING TO REDUCE SPEED TO AVOID CRASH,2.0,30.5,3.0,3.0
11581358a6e9c494651210cfb40fa936cd74e350717869e7715b03b829ae7022b45c486e0d5ff888db8c2b09946a0e94f14a044987cfa8779571b9e4be01299e,CLEAR,DAYLIGHT,DRY,DISREGARDING TRAFFIC SIGNALS,2.0,35.5,2.0,2.0
115818f00d4805e83cb2cfe3307fb2614e4df6a2d0619e89632ffac911235a42beff1d36ad23bf3de20fe6ce9c6f93993241086686a8b40cd77a0d0faf60ae9f,RAIN,"DARKNESS, LIGHTED ROAD",WET,FAILING TO REDUCE SPEED TO AVOID CRASH,2.0,71.0,3.0,3.0
115835a1409411118acdde1b3df2fc3c9d4b9f4b122b1951d1b1112911e34a314b72c7ea8abae34058dec77a23197b3c8ffbe4b44341ea93be25ee65bc065e06,OTHER,DARKNESS,ICE,WEATHER,1.0,37.5,1.0,1.0
115835ff517e0dae286496d469e3fc6d555b23eee3f8ac50d4a4f3567cd7112ab28011b44e779e578c7297cee97f940a83d5452a6a95454c0be776f7a160e622,CLEAR,DAYLIGHT,DRY,FAILING TO YIELD RIGHT-OF-WAY,1.0,37.0,4.0,4.0
1158539d777a21b1c6f677a75f48c96f1dc04a07fc1d255a24b3cc065f59320fad4753ae809b78f423d8021f3319ef1f805167e9f9690441e51a5cec065eb0bb,CLEAR,DARKNESS,DRY,DISREGARDING TRAFFIC SIGNALS,2.0,34.5,2.0,2.0
1158671f0e9de409553039ee4e00ef5f06417430add8aa268e14ba59e4361b0591963854f5725c27a9669295e9010c88291af825b8388ee053656a7aa39c9dfa,CLEAR,DAYLIGHT,WET,DRIVING SKILLS/KNOWLEDGE/EXPERIENCE,2.0,37.5,1.0,1.0
11586749f59310a4e2e8fab1bee8a6056107746edb5fefe96fa7a10e88947d1d014f84bd26c7609ec8757be82fafb56e2e0fcf0d7d40fbd1644cc7a1fb7519ec,CLEAR,DAWN,DRY,FAILING TO YIELD RIGHT-OF-WAY,2.0,40.0,2.0,2.0
115870148847ad33e5d78378838ed9abd8d7130e9cfc113dcf01b64633575b0475dca45371d5be2bae4e33e78fdc4eaedbf55f57fcfc69f193571cb50ffc6a76,CLEAR,DAYLIGHT,DRY,IMPROPER OVERTAKING/PASSING,5.0,25.5,4.0,4.0
11588850cf5127229f1f170252bb0f813e64fe47bb754a6efd9821c9cc54aba06517ac328271d682e639eb4194adec1a152bbff1ba036104aba9167c3370fd6d,CLEAR,DAYLIGHT,DRY,FOLLOWING TOO CLOSELY,2.0,15.333333333333334,4.0,4.0
115892b8525df30d30096bce65236d0de04895e7e314e7759ad730029b03bc0c59c01e47ee7e8bb55072a09d352c175cb7b1b0d22d1b599417e215aebdecf605,UNKNOWN,DAYLIGHT,UNKNOWN,IMPROPER OVERTAKING/PASSING,2.0,46.0,1.0,1.0
1158abe32cfa1d9278e98fda4f2c08bbd858d4d466e1e9679f7d3e2bc278e30c29c1be10c622fc8b7f7ceca4ec76ea99d2ebe18ef752361c446fce84d3d73563,CLEAR,DAYLIGHT,DRY,IMPROPER BACKING,2.0,43.0,1.0,1.0
1158e8c12a0e9803341f6ae5a8c63e4d44961322a8bbdb9394f144ff511e6186d2ad1e2ac661913b3f15ca96f35dc425d81e3333372afe8cd733794fed92d4de,CLEAR,DAYLIGHT,DRY,IMPROPER TURNING/NO SIGNAL,2.0,40.5,2.0,2.0
1158ebb82cf3b331680da0f1e37fa1da82fa810c2cbf09d381668866ebeba216683d2348ba1bae7986e99779e63055e5960585da0df9a622991aeb5d83053ec7,CLEAR,DAYLIGHT,DRY,DISREGARDING OTHER TRAFFIC SIGNS,2.0,41.25,5.0,5.0
11590ca5e9444934e8c42e245c418afd75d7282906e9f0f7c79508fc82fb01c77dfc45a2f66b0cf0fdd4f55b6cc9a3f037fca7286410bf2c6052e4ac57082584,RAIN,"DARKNESS, LIGHTED ROAD",WET,DISREGARDING TRAFFIC SIGNALS,2.0,32.5,2.0,2.0
1159350ee8ce8d88799a1c27dcb4d12b33ffdb2c4560809b57544da6491034eb42d9e5acb6b9a2d7e9b0b09b53eb1f8a69442c67c53c5cfbba5c5227510307e3,CLEAR,DAWN,DRY,FOLLOWING TOO CLOSELY,2.0,30.0,3.0,3.0
115937d8a646cd99e8427c5d1cf07a9b03cd69c497a3f4e0d3c981ebd7b221ad4567387a64caee10696ed3fa1af51fab38f0b4d04457bb02c7abce38d2b951f9,CLEAR,"DARKNESS, LIGHTED ROAD",DRY,FOLLOWING TOO CLOSELY,2.0,31.0,2.0,2.0
115961af0674d0b97fc88ba417c153e911ce1f90b60de6e84b1d85c816d1f117a3412bb9a086c5f74ace74202cdc86dceb2f4080cd8f7cdf85c02a5ce35dabdd,CLEAR,"DARKNESS, LIGHTED ROAD",DRY,DISREGARDING TRAFFIC SIGNALS,2.0,33.25,5.0,5.0
115994f543bfd201c00d3768f338507feb062ac8a427789b95901d3a9317acd6f9e15028ccab6a0f596dcc2b77a8e2d396601a5bcd9be5a8b46dea64eea3e2ee,CLEAR,"DARKNESS, LIGHTED ROAD",DRY,EQUIPMENT - VEHICLE CONDITION,3.0,22.0,1.0,1.0
11599fb0ad2385759d680e59207a58bf7301caa48790eacda82fa18f02b3562182ed8af6ef07b451346cc185c23a6a7f556ce8ac152de4d80e77ee93fc0e1aa2,CLEAR,DAYLIGHT,DRY,IMPROPER BACKING,2.0,25.0,4.0,4.0
1159a9163091ace3f98cc858257e10ea6b9917681f00dcf27b26bf4f98a65295a3eab49bd49eab247eb1f5d600313c61e90d50fb8117ecfa03b0c7414ef5b96c,CLEAR,DAYLIGHT,DRY,IMPROPER TURNING/NO SIGNAL,1.0,20.0,2.0,2.0
1159ccbb0a91c2718179f705f279ff2f8ae3b4ad24e5be28118572b00433b3cf022090d87ec98d47bf763a409b257e1939b3f01e4f7cde0660bccfc8de47f405,CLEAR,DAYLIGHT,DRY,IMPROPER BACKING,2.0,57.0,1.0,1.0
1159cd62d9dd7c2855eba1fe94d0d6d69765520085ce8e7a8506ad2f2738ab405459920f0d0baed9d4e32827dbf738deb5448d60402fb355c8392dc5923c74fd,SNOW,DAYLIGHT,SNOW OR SLUSH,WEATHER,2.0,71.0,1.0,1.0
1159e975a1769ce09b6d3985262e78633c208c2dfa42df4e68ef868871a23cf27efa5075730ae6e8e9ffd8c3e87eb81822fbaa953044183975a28888af41696e,CLEAR,"DARKNESS, LIGHTED ROAD",WET,FAILING TO YIELD RIGHT-OF-WAY,2.0,28.666666666666668,3.0,3.0
115a06e60e0ddd002baf75e88dc9c8d4245289b5027dc1b051aa622aafd29dece25474c4f02361f0bee6c7c0629bf1bb93ab188343b836e6ebfa2599b202051a,CLEAR,"DARKNESS, LIGHTED ROAD",DRY,IMPROPER TURNING/NO SIGNAL,3.0,27.0,2.0,2.0
115a095dc954631ade9af6d7ee35afaeed038613b8b49b310df39aa876cdd0fc700414c87a79dbc44ebd61538ea708b9ec8a1251ece5d69c89bf8d7986023b12,CLEAR,DAYLIGHT,DRY,FAILING TO REDUCE SPEED TO AVOID CRASH,2.0,18.5,3.0,3.0
115a6a9e60af2666db066e19cf4bbc03b1f678a7c5870ee922f954f909d278ecf314e5768cc7e4df1aaa7c5a03a3f68ac97a139461cf020904f04263b1948618,CLEAR,DAYLIGHT,DRY,FAILING TO YIELD RIGHT-OF-WAY,2.0,41.0,3.0,3.0
115a81f19a43ed7e80bbc74128a1273954d546d4398f1c9d2529f5b74c0b0c1dce0e62afaa5de3d3a0536fee1776ebac7b2d7700a0a30b20ad0f314f5b091030,CLEAR,DAYLIGHT,DRY,IMPROPER LANE USAGE,2.0,40.5,2.0,2.0
115a87748b2f547bbbc9553646bd9130800da5fa1ac5afe332ffac18965fb6c29124cd20469dbd0651f7a493043555c1fa2d899bf6c01e81d32dc7ad4d8d2ec0,CLEAR,"DARKNESS, LIGHTED ROAD",DRY,FOLLOWING TOO CLOSELY,2.0,59.5,3.0,3.0
115a8bb68471ab7b83e50a76245e2b18b07deb0d2689f5e2f8a7f43500b6d77a1548e9e729d14efe8f113164a9f1541ff4479b3dd8c23f7c3e04bb0c67c5c183,CLEAR,"DARKNESS, LIGHTED ROAD",DRY,IMPROPER OVERTAKING/PASSING,2.0,25.0,2.0,2.0
115a915b8dbe66ad9c5914c6632830d56e62297a91b4c99b8182a1e1ea549116c65c747fb3f19a674805db4c3269c5f11baaad6915fdf8c3c5ce4b4fb88e73a2,CLEAR,DAYLIGHT,DRY,FAILING TO YIELD RIGHT-OF-WAY,2.0,27.0,2.0,2.0
115ab43150daf3511404ac9076ab4a55805931e7b1cd7ea0cdeb0f48a8c62e8dc553a31e066c60787e4ffdc9112be07c636ca079b7b1a23b0fff25cc5bf17e09,CLEAR,DAYLIGHT,DRY,FAILING TO REDUCE SPEED TO AVOID CRASH,2.0,39.0,2.0,2.0
115adae10307f0fd0f0839f5c4af68c9e6d00ffbd3deaa6d762a26593ff09d5e47d02a1edd292574365dd0e0f7e1923bb1a25aa56d63ed8533d92387268a9870,RAIN,"DARKNESS, LIGHTED ROAD",WET,WEATHER,1.0,56.666666666666664,3.0,3.0
115ae0a35f275195f8109127ccb5799b1baf29d0f93edac8ced6507567eb1d13823010458d63da42f79eb009b32b490d843c3e5e7ddc0939a29a1dbdb2f67cd3,CLEAR,"DARKNESS, LIGHTED ROAD",DRY,IMPROPER TURNING/NO SIGNAL,2.0,33.0,3.0,3.0
115ae6bb1f0335e90cf652aec83a9b5cc56dd14d27c13e8c12c1bc561af6e069de3218d4af73b3e415098f5df7c65b45903534f8c9630fe3d05915a0676e8d9d,UNKNOWN,UNKNOWN,UNKNOWN,FAILING TO REDUCE SPEED TO AVOID CRASH,2.0,37.5,1.0,1.0
115b056da11480e0f2be47e849b65e371cc8e724d908a70f18426c5fe675c952fe9d5ef002b9b4ad7920e2a202eeaf9e6f9e6e04cd1af269f9fc0dca61b00db6,RAIN,DARKNESS,WET,FOLLOWING TOO CLOSELY,2.0,43.5,2.0,2.0
115b27cf90447ec3006c6b121ba8c626c67159a599cef331cf5586ec0d64332510a6a04814cd666f7c2fa3bd687b9af0764e77b53049bb11c834932bf3804bed,CLEAR,DARKNESS,UNKNOWN,IMPROPER LANE USAGE,2.0,42.0,2.0,2.0
115b52a967696b2257be4c97b1568229bd55c4363f6217371fd33816852efa8574d411e0efa7f70314098d2efe7f5249b68816b8e015d75f503debe66d689ce9,CLEAR,DAYLIGHT,DRY,FAILING TO YIELD RIGHT-OF-WAY,2.0,20.0,2.0,2.0
115b6136bb603ca2d296116f2fba6bcaf7dd37e549403714b48380837353598dcbc4690b905efb5b45c35b4e129cb461621006193d827d082308760b183f1ef6,CLEAR,DUSK,DRY,IMPROPER OVERTAKING/PASSING,2.0,35.6,5.0,5.0
115b68d5e6a86eb5123944b236659a95354efef1a3df6c370fe655f961779549e6bf24fb7c5ee120e1ffbe8489abfb361728038c3e08392270a9e2491ac08f4b,CLEAR,DAYLIGHT,DRY,DISREGARDING TRAFFIC SIGNALS,3.0,27.0,3.0,3.0
115b6ac6978b4d5624100dc39cff1de5bab7545866aad83c418a7a41dd98cc3689fcc43ec81b2a74c732cbee1d8e82ff3a97f984217dcb9911220953b5411609,CLEAR,"DARKNESS, LIGHTED ROAD",DRY,IMPROPER OVERTAKING/PASSING,2.0,33.0,2.0,2.0
115b8018a37d99711cf6f8dfcd3c565931b8267cd0498d655d6b409c5099c9e0c0db56e41cb8724abb719a71fb74872815502ab9c7c3a352919ef37935598cf3,RAIN,DAYLIGHT,WET,PHYSICAL CONDITION OF DRIVER,2.0,53.0,1.0,1.0
115b9e264676f594322cd47e4be109206cb2fc61013d376c685125323f77be15bac909846a9b699f6ad3324e7d80f4e95415a131d7ca584d07ddf517187e2118,CLEAR,DARKNESS,WET,FAILING TO YIELD RIGHT-OF-WAY,2.0,30.333333333333332,4.0,4.0
115bae57b1a67023df086bb92115cf2d07e5a14cc99ce91c967f02b2af3566a827752b6d13a78204573ae5fbbb4eae99c40bf2e640251cefe3c62a83ec30f270,CLEAR,"DARKNESS, LIGHTED ROAD",DRY,PHYSICAL CONDITION OF DRIVER,7.0,32.0,2.0,2.0
115bbbe5eb9d75cf98e3cfdac3ef12d722568668233936b97e281669f141bfe16c58ab2eecc422af99ba5bf1664c31531dd79e8e9caea4ea9609950a93773518,CLEAR,"DARKNESS, LIGHTED ROAD",DRY,FAILING TO YIELD RIGHT-OF-WAY,3.0,43.0,3.0,3.0
115bbd98ff444de8b9fea75918a97781ad3f5bc3d3f537948891aea707870930ec421c1f389c99b4042ce635cde45e95a4c59a903f82776128baf03900cfee4b,CLEAR,DAYLIGHT,DRY,DRIVING SKILLS/KNOWLEDGE/EXPERIENCE,2.0,31.0,3.0,3.0
115bcbea0b3cd533a39c9f0f6b3db2bd5213cfc59b0a664685e3e32be1052d520604bdb52999d72318c8ec2ab78ea565c59ce88115ffe209fd971882138f6920,CLEAR,DAYLIGHT,DRY,DISREGARDING TRAFFIC SIGNALS,2.0,29.0,6.0,6.0
115bdfd92d2a2e1f98d2cf5e8f3170cc5467784d857f97b6f730e11ff52ff6881fd5109ab38e8226aa1033651f805e184009937c5dfd91ef67adf6fd09916c35,SNOW,DAYLIGHT,SNOW OR SLUSH,WEATHER,1.0,41.5,2.0,2.0
115bf48022be79d5e1f2122e7fe2d48319929b806d7e83d5f4feee9270801fcc7099e2a3aba954eede567f94ccf2b4b122e432d2ca1025ca4e4e7e8f2fc6ec37,SNOW,"DARKNESS, LIGHTED ROAD",WET,DISREGARDING TRAFFIC SIGNALS,2.0,35.5,2.0,2.0
115bf99f300e1cc935d47d3af5f73b06a7606a0a9811cb8cab05c9bd3c585f29c9ba516662d7c2fac3e2cb0c5782e541f863ffc641d965c15cc6d9496ce0cebe,CLEAR,DAYLIGHT,DRY,"OPERATING VEHICLE IN ERRATIC, RECKLESS, CARELESS, NEGLIGENT OR AGGRESSIVE MANNER",1.0,20.0,2.0,2.0
115c0f9eb89de7fe78cc77186eab02858951cd1dfa8621ef90d2836a92d6b594015f79cddfc7950397b1785761bc0a51d5f21d557c6fffb2154bb859d43b3475,CLEAR,DAYLIGHT,DRY,DISREGARDING TRAFFIC SIGNALS,1.0,51.5,2.0,2.0
115c172220623d8b8806967ede1eff880798ca7172c8c84e3b84ce36535e9b699f881d4bab62d9112dfbbdea41208ebde9536f834b44b26827b09beaded12d21,CLOUDY/OVERCAST,DAYLIGHT,DRY,FOLLOWING TOO CLOSELY,2.0,31.0,2.0,2.0
115c2e659f2a520be173a119e4f80ba3f34308f36909259c08618cf70fb9667dfbc59d69a966a4eca1e2155d5b41842736f75f7f8d25593f02b8c1cca953b102,CLEAR,DAYLIGHT,DRY,DISREGARDING ROAD MARKINGS,2.0,44.5,3.0,3.0
115c43dbe52bb65f2a7f795efede73c06df1d1c741223cc128479b20e7ac20b970555d96ea1104cb7da232bcdbf9a54a386e27ae800f7999e20262eb8490ac73,CLEAR,"DARKNESS, LIGHTED ROAD",DRY,FAILING TO YIELD RIGHT-OF-WAY,2.0,34.5,2.0,2.0
115c6136c44f042b34475f0b9e564c77ad14e3a7f82773e7bdaca9b1d8e4847b87141d1ee03fac0373f03280eab7164c533f5b85a2dff467f6adb6c79445c49d,CLEAR,DAYLIGHT,DRY,"OPERATING VEHICLE IN ERRATIC, RECKLESS, CARELESS, NEGLIGENT OR AGGRESSIVE MANNER",2.0,66.0,2.0,2.0
115c7c9f24a64d3868f5b479cebe0d291da183f4daf7862b8794c09c374d4aeb1e9867b03c0b6b517e1268f50b8c3097e3cc5dcba8a800f703689f80b9dc7495,CLEAR,DAYLIGHT,DRY,FOLLOWING TOO CLOSELY,2.0,25.0,3.0,3.0
115c7d43a2b05ac7a9c0f35fb43ca0ace5bdf1d8d18418afc2458901c4039d97aad48707209a7ee4a1bf7c084e721b7b64ca4704d7130ce8f7252b37d6639dad,CLEAR,DAYLIGHT,DRY,FAILING TO REDUCE SPEED TO AVOID CRASH,2.0,18.0,2.0,2.0
115c93412c33dc904d0c11ee342a7bedca2dff6148b75dc541b3119c8b7b0951028ceff2a8fe08548d88d09ef8d61bf62fce1d32d2a7579acdf05cab4887cee6,CLEAR,DAYLIGHT,DRY,FOLLOWING TOO CLOSELY,2.0,51.0,2.0,2.0
115c96d7771d8c024f418fedfbbd18d8b2a7c293d349befdc36d5f32cc3175627e6164397f93d0c9ece53de27b9dd4561c62104f8d4b17d78d47f82e93bf2295,CLEAR,DAYLIGHT,DRY,IMPROPER BACKING,2.0,40.0,3.0,3.0
115c96ed62c9e8ef1e88ba49fc4b21307a774fb1b9115aa7f58db1ff9be728a212277a95b7f192c0c1802c1d72698d0047087dcc1b3ea4c4ed5899dc3d28ad83,RAIN,DAYLIGHT,WET,FOLLOWING TOO CLOSELY,2.0,28.0,2.0,2.0
115c9bacd95d0b7800811ce3c755163b1316f1c0ff2510436d41dc16d31c70b598bd4e384a578b39d8fd2fc54438d586a87afd2a2d74e90cc446145babc2a649,SNOW,DAYLIGHT,ICE,WEATHER,2.0,37.5,1.0,1.0
115ccc0e9512ae1a0c0f242447fba4776c740159f896b6e6ba5fd74e384c7bbb68b26f64f864b1e1783248d1f1aa9058ff72c2c99db9186f75bd48ae9ed90eed,CLEAR,DAYLIGHT,DRY,IMPROPER BACKING,2.0,52.0,1.0,1.0
115cdab372b550d65f10a619f242e31ec4439da14c10e886076996fe57fea085ad7afc0c602d1856e704b4138fc1d9b3c58c300ff624ca1cc3b9dd08e958acb8,CLEAR,DARKNESS,DRY,FOLLOWING TOO CLOSELY,2.0,21.5,2.0,2.0
115cdfb0efb7ed61a9024b996d9d20d3db13e8d43a8443437df7889a4cc18d8d3f3833c23fe626de604d8841678351bcb045387ee0efebf7fe70b900d5222564,CLEAR,"DARKNESS, LIGHTED ROAD",WET,DRIVING SKILLS/KNOWLEDGE/EXPERIENCE,2.0,31.0,3.0,3.0
115ce2b2607099ad42ca83ca04f5ce8089c0f4e4e168d56685e103c91d6f26b919744e5805d72d33bc5a1ba4201cba9518e46b65b5a656f07375a9eb6f54cb5a,UNKNOWN,"DARKNESS, LIGHTED ROAD",UNKNOWN,FAILING TO YIELD RIGHT-OF-WAY,2.0,30.0,4.0,4.0
115ceb955e6a09b91479e665ad722ac00d41cc2cf08dbdceb2dc54e1874e29a0984cd1c162d91f19bc5f352448e430ae5a0ffbf6181607deafa1c234d77dfeea,CLEAR,"DARKNESS, LIGHTED ROAD",DRY,IMPROPER OVERTAKING/PASSING,2.0,33.5,2.0,2.0
115d1c8b4ef9943907a2ba099e5795860a321168b4a2ea758654b62b850078dbffbc5cc078a715d7b43d3de3919471e5837a48bc89e991e0ff4cea7a68cd2e00,CLEAR,DAYLIGHT,DRY,FOLLOWING TOO CLOSELY,2.0,49.0,2.0,2.0
115d3f1dc45f06fed9968fb09ffd656ff9a7e9249a0d78677e03d83886c4613479dd343a36f225212f50eccfb631a83a10dcdeedb0729a0a7d24ac714de0b461,CLOUDY/OVERCAST,"DARKNESS, LIGHTED ROAD",DRY,IMPROPER LANE USAGE,2.0,42.0,2.0,2.0
115d9610f757b1bb1dc5caf2f29e6fc6b461622974167a7091d154c13bfac45dffdbe87bd9544b937e7357d3c8d8c24c5a320d87b05a8118bdccb2306e9df60f,CLEAR,DAYLIGHT,DRY,IMPROPER BACKING,2.0,57.0,2.0,2.0
115dcdb1c8b8a68a03d1cc90512f7a43d5341dae7b5b9bc7493dc2443f4666e5c809fa617796d32ccddf8fcbc8484dbd603dd263325e28cc4f8f66f98c1d6150,CLEAR,DAYLIGHT,DRY,HAD BEEN DRINKING (USE WHEN ARREST IS NOT MADE),2.0,35.0,3.0,3.0
115de11d7d53d464cd4269f7dcc4b411991b133fed9102b63d1ac338c378f2811fea93a0d111f13624b306ece82f3d44a1dadab2bf84f385e5b5170094d0b6cf,SNOW,"DARKNESS, LIGHTED ROAD",SNOW OR SLUSH,WEATHER,2.0,37.5,1.0,1.0
115dec07702f668ad1da72e52c8bdd9673be9d986eb01f322bab5b62765b01155f1cdb5f8e56136f02fb781bb6a6e8c9bc97a78cdd7110d2acc10bd5457912c2,CLEAR,DAWN,DRY,FAILING TO REDUCE SPEED TO AVOID CRASH,2.0,23.5,2.0,2.0
115df435c4349c0586901781b09b806423b2cc84cabf4e7f4169327beb4a6305afda74678e1ed1c656a4ad95e7e59fca54a424a9a9ccef6cd429203f185e0e53,FREEZING RAIN/DRIZZLE,"DARKNESS, LIGHTED ROAD",ICE,WEATHER,2.0,28.0,1.0,1.0
115e6cf481538af4f6b7da8078e60b367a005ee4c70d8ccb935c2353ae244282e4a7ac6c83eb8e69e914d9a2d1835054c5ffb6ceb34ae85a393e9d604aaaf589,SNOW,UNKNOWN,SNOW OR SLUSH,IMPROPER LANE USAGE,2.0,57.0,2.0,2.0
115e7a4af384d96a5f3db48c95a1751e1fcd499563bc9fc3f1c7d130831b07e15f3fe268618a197c2be28969f861038f6f06e601759758de290c3607a2b93394,RAIN,"DARKNESS, LIGHTED ROAD",WET,HAD BEEN DRINKING (USE WHEN ARREST IS NOT MADE),3.0,25.0,2.0,2.0
115e90bd0fbbead63cd628627bc0a21bde294359525944fce21bf39ac90c0e8ea95bdc869c17b0a6aa9d827bf9ef2be36fd8c7d75f30721d30bae64780e1d739,CLEAR,DAYLIGHT,DRY,DRIVING SKILLS/KNOWLEDGE/EXPERIENCE,2.0,57.0,2.0,2.0
115e9acf58fbed5f325e1f0a74757982c5b84d94f88ed37a94b38f60679b5fd018d3bc3222227ace42731a81c931c99b25e08563c8e3e915977263f1e2fa2f24,CLOUDY/OVERCAST,DAYLIGHT,UNKNOWN,IMPROPER OVERTAKING/PASSING,2.0,37.5,1.0,1.0
115ea60435d5acacf2b9f4704ec7e7d6fe4d8cfc12f6536faacb6e6e6f06e8d0393000c1b19f1c420168fc5def7af7a9bdbf7bd628e9ebb6989eb63e4693e9ff,CLEAR,DAWN,DRY,FOLLOWING TOO CLOSELY,4.0,31.333333333333332,4.0,4.0
115ed773d9c568e04d18be0fe3f2f36ce3c53ce65d17a1d3ec8c0b6f56872128df752f36b35047eb3d4a6888db7ef70ec47121d8b7d04875b28bf592dc9fa607,CLEAR,"DARKNESS, LIGHTED ROAD",DRY,UNDER THE INFLUENCE OF ALCOHOL/DRUGS (USE WHEN ARREST IS EFFECTED),5.0,23.0,2.0,2.0
115edf90068faa0ffeb7cdfcba2b4635a4c2f37d12a5b3b660268ed6fd20e6411ba0b168c415d49339b65fae14025435d27d8512e4f7545f54d15009938ba0a2,RAIN,"DARKNESS, LIGHTED ROAD",WET,DISREGARDING TRAFFIC SIGNALS,3.0,32.333333333333336,3.0,3.0
115ee8aa56d909e663c9171b44cd815eae8df3f58aa1fc11c8483075f1eb4d7afebdc89db4667bf0161a0ac97d09ed2d5c8a151836d10f096bf9b141beec3b8d,CLEAR,DAYLIGHT,DRY,DISREGARDING TRAFFIC SIGNALS,2.0,36.333333333333336,3.0,3.0
115eefa01ea479c04ecc7aa9fa4156794a4d212aca72255b7d94b99efb52a78d2fee9ea846c72dc4097dfb03173f5cb741d880e8a42419e8680c3582693e1072,CLEAR,DAYLIGHT,DRY,IMPROPER LANE USAGE,2.0,42.0,3.0,3.0
115f187e5122728d6673e95e67d1ce7d1eed1f300e5ee993f2e70e0945a650b0d2baaeaf2d9cdd18d7ef534f9dbb70bd56204a1c7c8aa417931864d222663f30,CLEAR,"DARKNESS, LIGHTED ROAD",DRY,"OPERATING VEHICLE IN ERRATIC, RECKLESS, CARELESS, NEGLIGENT OR AGGRESSIVE MANNER",2.0,25.0,3.0,3.0
115f35b30631ab2e6850bbc28c73f7000383cf58068593b5053dcbedec82a7b60dc1021e096c439408d691f7999cc8a9243ee2f5570bc83d5427944acd10052f,RAIN,"DARKNESS, LIGHTED ROAD",WET,FOLLOWING TOO CLOSELY,2.0,32.0,2.0,2.0
115f64cb2e419625dc46c926988cc310a59fdd93fb379377d4dd647b9870672872ca81043f3645f41780cdde5df0237c5093cef0637364c9b3b6b4d803057c58,CLEAR,DAYLIGHT,DRY,FAILING TO REDUCE SPEED TO AVOID CRASH,2.0,39.75,4.0,4.0
115f7a40c44233d9da30737b9ff04852ed02e9bcdac5e6d36736665c792ebf1fecd0b521efbb1302440b15b9141ac432bffd1929228bd5c5d5fe4a4cb44b6fbc,CLEAR,"DARKNESS, LIGHTED ROAD",DRY,UNDER THE INFLUENCE OF ALCOHOL/DRUGS (USE WHEN ARREST IS EFFECTED),1.0,21.0,1.0,1.0
115f9542eb8ad578a68def0a51ba867e80653831f5ff7a7f38f45127059adb8bb95850c3265a7bda7365f010799ba2c1941ff66d220120b2812b24dc156e6db7,CLEAR,DAYLIGHT,DRY,FAILING TO REDUCE SPEED TO AVOID CRASH,2.0,83.0,2.0,2.0
115fa4f9113be3b234b1de476859b484f92669bdd663975e41f1691b1bc7306c11585160e2a61a807b82ebf039117d5731eb094df138c29656491a0551f20d1f,CLEAR,DAYLIGHT,DRY,IMPROPER BACKING,2.0,64.0,2.0,2.0
116002644803726775d00754516053591f44e027f6857db8e439184a7857fa02c8d6131c6f655682048daa8a55599ffcf5a81eab37cd6646948b5ce6accb3c0e,CLEAR,DAYLIGHT,DRY,FOLLOWING TOO CLOSELY,2.0,68.5,2.0,2.0
11602dccf25754335505f7d17f092fc58ff694b7c795983f9def967468d795939ce0b903f717f6eabc7409013b6a04ab113be97f7d503d750f6e838bed12148d,CLEAR,DAYLIGHT,DRY,IMPROPER OVERTAKING/PASSING,2.0,48.0,2.0,2.0
11604035f9f1f2eb983bc94715c765edbf05e68e13c65396e701a5ffbcce5039a2a676b955b838450cac769cb7e8f9d79d686bde60117cfc9bae511a072aaa2c,CLEAR,"DARKNESS, LIGHTED ROAD",DRY,FAILING TO REDUCE SPEED TO AVOID CRASH,7.0,40.0,5.0,3.0
1160458a65cc3996674beb72ca7a4e7c62e9301130c6f57e24e037c2e6609b2cf2c967eb6ab5f247bc29896ae9f79078cf9342c9429600e16214bb640ee386d6,CLEAR,"DARKNESS, LIGHTED ROAD",DRY,IMPROPER OVERTAKING/PASSING,2.0,41.0,2.0,2.0