crash_record_id,weather_condition,lighting_condition,roadway_surface_cond,prim_contributory_cause,total_vehicles,avg_driver_age,total_people,total_injured
1160567a07997e9d89919075a820cef4ca40c78b3d5102a0da815b7b10035da25d9954d5a7bfb264ae50353338fb8ca14fd8b0b268c8ce279baa9265831d47d8,CLEAR,DAYLIGHT,WET,EQUIPMENT - VEHICLE CONDITION,1.0,22.0,1.0,1.0
11609fa457a6a27c8ec035c387e22c7056206610e2853cfa1a22b4f6eb737fa9f52f732192d14e2d7d637e0a1dee41be04ff366d3c3f45f6edde6e612ab22594,RAIN,DUSK,WET,FAILING TO YIELD RIGHT-OF-WAY,2.0,37.0,2.0,2.0
1160c11aa9c59cf79f84486efdee8e18b346dbe76f218885de96e48364ed86404f4eacb4b763560cb5653f8c5a40d0466548e172620da3e4105b1b1d242b9f48,CLEAR,DAYLIGHT,DRY,FOLLOWING TOO CLOSELY,2.0,54.0,2.0,2.0
1160d10fdfb07daf7b524a310060be560152ad738bdb15a94c16a5337878a8d9bad91a0ea9e9a98188691c88a15ca2033a0e12ca6e6b41853ac2577148d654a3,OTHER,"DARKNESS, LIGHTED ROAD",WET,UNDER THE INFLUENCE OF ALCOHOL/DRUGS (USE WHEN ARREST IS EFFECTED),2.0,33.0,1.0,1.0
1160d20693147ed047b05fd9f83f939aff2097a416e1fbaed0260517a63960932afb7caea5c8994055b961095e99b9578fb492b37c9c581598797cef72d71fa1,RAIN,DARKNESS,WET,FAILING TO REDUCE SPEED TO AVOID CRASH,2.0,40.0,4.0,4.0
1160e3eae4448629e8a861ecab38f7f02d1fd9a085a65c25c27a7b40c6fb5e9d1d94262c8b728aa9bae80f0fe4994d7f0bf35fa98b3b42eed7d3663d952cd4e1,CLEAR,DAYLIGHT,DRY,FAILING TO YIELD RIGHT-OF-WAY,2.0,42.5,2.0,2.0
1160f6a9a2ff277fd91ab26eaab50869661ac483ed365ede3e76260b44c969713c54115edee996137338e8c118ef1ac81120fe895fe9eb408151152b9d0c5473,CLOUDY/OVERCAST,"DARKNESS, LIGHTED ROAD",DRY,DRIVING SKILLS/KNOWLEDGE/EXPERIENCE,2.0,46.0,3.0,3.0
1160fbeccdcb9cbcac54a166dd9e57f0be097aced13ca014407a0dcbc3ef3585de59f30e0fb6c5a54f76b3df878310cc18efcf87472ecaf39d2f5c8241888433,CLEAR,DAYLIGHT,WET,FAILING TO YIELD RIGHT-OF-WAY,3.0,29.5,3.0,3.0
116112b8adcc369eb1bea29b4a9ea2e13cf2786f928bb380d85e37e4afb319fd93ffb6033a72f36d7924eda560a643407273e274d7dc0f338c9ec38b09815b5c,CLEAR,DAYLIGHT,SNOW OR SLUSH,FAILING TO YIELD RIGHT-OF-WAY,2.0,37.5,3.0,3.0
11611c399f007e383f233533361c41236f42e1839a55b8a3d67104caa79916c9f049d638a73452dee0a10fa157288cd7753e29ced2f8a3689b877aaddd39a66c,CLEAR,DAYLIGHT,DRY,FAILING TO YIELD RIGHT-OF-WAY,2.0,37.5,2.0,2.0
1161323f2585378c83b4fafd2fa350f97c6c853211023265bf21eb6e8db5894041c5400888b284d4c832ed126a32647db15af95870b4bce517460ffb84f37642,CLEAR,DAYLIGHT,DRY,FOLLOWING TOO CLOSELY,2.0,35.5,2.0,2.0
1161362fa804d1bb2682ad5a9424c51a7b3d8c5f48d31795883aebb1025216ba1a61c336ea3f3782fe82af932d0bb7ce787c901a395c55e5993112eadff9a382,CLEAR,DAYLIGHT,DRY,FOLLOWING TOO CLOSELY,3.0,20.0,4.0,4.0
116184493a3adbf9de4af29bc77eb7998f78ba1e8e64f8c0f2919dbe4ba798d6ec0152ac910a66b823e19e1504c3f1a7cddc08ce08fdb23093f476722bef0d87,CLEAR,DAYLIGHT,DRY,IMPROPER BACKING,2.0,42.0,1.0,1.0
11618979776258bb1987f2274a718718ce57754bbda41268ee8cb8e6ea89486bceb66851f5af574b667d91fa47b695cd2d2a9f8ecb944c8a54c65a21a1c85633,CLEAR,DAYLIGHT,DRY,EXCEEDING AUTHORIZED SPEED LIMIT,2.0,37.5,1.0,1.0
1161e027d64ae1d30563ead715b674465d87c1d6156620ea34b16cba29be91d4b162104d298aad701cd157223fbc5a5479f8fcb86945fef4a7a40162cb83df50,CLEAR,DAYLIGHT,DRY,FOLLOWING TOO CLOSELY,2.0,48.0,3.0,3.0
116211813ccb435e82aead4ef712ea9dee4d65b206165b9e4dc8941c491c5eb05496bcec3d08b24842a72db0d3ef9972cfa89651a9869ba5f228a05e3e4e7e5d,CLEAR,DAYLIGHT,DRY,IMPROPER LANE USAGE,2.0,56.0,2.0,2.0
116222f341faef4283d81d44e65d577c2969aa55213db1efcbc2c4e498c77fa6fdf43b2df485ace2af5469a0b39770a6053934b4cbe6edcf1c042f9e37338673,CLEAR,"DARKNESS, LIGHTED ROAD",DRY,DRIVING SKILLS/KNOWLEDGE/EXPERIENCE,3.0,29.0,1.0,1.0
11622325f38fb388adf5b8d23b357c6c05c3c09b00b231a39f66ffaf7e7401d6359b4ea52e1b5f4c3b0cb5c0c74ae17626dc1c18f42e9050a4a8bc519d79ecf1,UNKNOWN,UNKNOWN,UNKNOWN,FAILING TO YIELD RIGHT-OF-WAY,1.0,18.0,2.0,2.0
116225aa08ebd5304153219d4cf6ca52ae5fe68460426b131c2c4d12d935dee54bb7284d9e34934a0f38f421263307a4facf5f967dc048051fb1eec4fb8feeff,RAIN,DUSK,WET,IMPROPER LANE USAGE,2.0,34.5,2.0,2.0
11622dce61a07019dc1838f0b5d535e5a9832e43b06a4e4f6b2cf1d992642a4733f4b1768add0c17512c4c65934e7961f1505673bb3081d0b7e736974f858054,CLEAR,DAYLIGHT,DRY,DISREGARDING STOP SIGN,2.0,47.5,2.0,2.0
1162333a52776dbf33e2be579e3bce99179fbeb035a8d13133812d8464ddc27266a70bc87497708a20782041f898cb22a0436ce33165b7a419141b3c3793f8e8,CLOUDY/OVERCAST,DAYLIGHT,WET,EQUIPMENT - VEHICLE CONDITION,2.0,55.5,2.0,2.0
11624742dbcbc2df88b333af0b3eadcee96f730f208634b977dd1f733fd3d49e640c1725035910e0421fa874830bcf71c59084441469026b4bc78f5ffd68b8b0,CLEAR,DAYLIGHT,DRY,IMPROPER BACKING,2.0,31.0,1.0,1.0
11627ba7922ada84ce86d18b9d4d6c2b1b81db4fa594c1ac985780f591af5f9b7566b313bd10cfc3d16eff1ca028f0c82c678d689d52d104c39e4f275e3b676d,CLEAR,DAYLIGHT,DRY,IMPROPER TURNING/NO SIGNAL,2.0,53.0,2.0,2.0
11627d2f6ec4dcd0e2d23f96ae5216084fff491e4f6ef7c31a193b19c5ffc7ea5825fa8efbba51dc111001ea2221b458226a9d51f4a3600ce3e721f1696aa19d,CLEAR,"DARKNESS, LIGHTED ROAD",DRY,IMPROPER TURNING/NO SIGNAL,2.0,27.75,4.0,4.0
11627ed3035d3756f0c0d49969cb27469c370c8e5a072c892c7e6f17737b1564f8361db289cc27091a6ef5904ba1462bbfe36e326c96f18d05137a98b8dc7bf5,CLEAR,DAYLIGHT,DRY,IMPROPER LANE USAGE,2.0,44.0,2.0,2.0
11627f8f4d234a15141885d8a673c8cee586a0404fd6716574c1b758a6eb5eac7d7e276264591a7d521dc196ee21bcd4c69b36764399d68d95173447d1ecb35a,CLEAR,DAYLIGHT,DRY,FAILING TO YIELD RIGHT-OF-WAY,2.0,65.5,2.0,2.0
1162ad9f71cfe25f3604c5182c523b46a56039c93f28115b8b5fff81e414d4f7d9a1e6224235d3374883e57e2879edb2494e5355173badf9c0f47313289f05fe,RAIN,DAYLIGHT,WET,IMPROPER BACKING,2.0,32.5,2.0,2.0
1162bb012825c08d27d7f5ed11868130a6aba73d73f347dfdfbe93d36b4f1786306b5c92c385330a2a433230ad88897e32987c294e3482a5bac644f4cba97e3a,CLEAR,"DARKNESS, LIGHTED ROAD",DRY,FAILING TO REDUCE SPEED TO AVOID CRASH,1.0,21.0,2.0,2.0
1162cdf56433d62fe1610b4fc2ba1f10fc9909c5c2ebf4d8e4ad7bdaf6bbe602be6e9c577f4f1d4638447187c77eb09235bf7640627b35179c19710fac84bce9,CLEAR,"DARKNESS, LIGHTED ROAD",DRY,IMPROPER BACKING,3.0,54.0,4.0,4.0
1162ddba957fd855b425cfed5b6d98b282c47b0d70edc74822a416bcb3fb07dbac4fd30d8f20c685cb4788b8030aab74a98e74faf0cbd9597d7a4703934eb99d,CLEAR,DARKNESS,DRY,FOLLOWING TOO CLOSELY,2.0,37.5,2.0,2.0
1162e8c581f8cc03ec08fbb1fb2d22975da9e883a24a0827657eaef863b72e2417f60ee2b97869bb398249b921d8b23f7f616c9d9a287d5312450371d787e193,CLEAR,DAYLIGHT,SNOW OR SLUSH,FOLLOWING TOO CLOSELY,2.0,41.0,2.0,2.0
1162f21281280071c0a6ce2f5a55487279ae74b7a4165225ffd7ef409c347a37f03062096c36389d2a5934dd8c4662baa73431c14a3629be357be68ef7f65fbf,CLEAR,DARKNESS,DRY,FOLLOWING TOO CLOSELY,2.0,63.0,2.0,2.0
11633b1ec4820372f27e55eb2827aa03d6f4676f7b5a4ca955355be0498e40ffa2f7420b8a984e15541df094d62aa568210d2e02b7a59e403944eca5a8745478,CLEAR,DAYLIGHT,DRY,IMPROPER LANE USAGE,2.0,20.0,3.0,3.0
11636870cc74d840c7a7f58be89b2fe8863429cefc73d775f77a6d35bb9a1078d87ed5a4dea59c39c4d80b5e21038deaad1551134a5dc1cead864e3a4237eeeb,RAIN,DAYLIGHT,WET,WEATHER,2.0,47.5,2.0,2.0
11638650d5a477d10b310b2c79fd07251e2287cada3de57a670c3f72ad202924b6a71e611576a18746fd96ef7d56f26057ab5eb99edfc5e3d4372554e13ef7af,CLEAR,DAYLIGHT,DRY,DISREGARDING STOP SIGN,2.0,37.5,2.0,2.0
116389b71fdb38b67e7b38d21c1ace36cf1aa75e3835a71055e6d256e09f48b1c8a5fcfc000232e30c87c28e7cc09881da06cafc80fbb35bcc05d911bd975c70,CLEAR,"DARKNESS, LIGHTED ROAD",DRY,DISREGARDING TRAFFIC SIGNALS,2.0,51.0,2.0,2.0
11638ef27214cca74343d1164d8cf54535139ab818357a9e58f6b3e53972af04e82c0bf264111987c11c75dce8ade017a9da843b415192b3633b5d87b3635624,CLEAR,DAYLIGHT,DRY,IMPROPER TURNING/NO SIGNAL,2.0,50.0,2.0,2.0
1163bde858b8041e482774f86ff59a8aa06d4379643c90bbac83c0c9003c682edc36f75228ccfe207bff0b4e3c93e081a6abf4297fab6610214b01ed82b23aad,CLEAR,DAYLIGHT,DRY,FOLLOWING TOO CLOSELY,2.0,72.0,3.0,3.0
1163bdf53954de7f202fb71cdbba2e0fcf7cdd8167e52e3f3f1fe49d47a3ec6b7d6ccb7afb7c86193087bb915aaefdf1dbd816c98354a76f96207fd321a23ee4,RAIN,DAYLIGHT,WET,FAILING TO YIELD RIGHT-OF-WAY,2.0,31.5,3.0,3.0
1163ee5084585c39b90acc48f4682478f5ecbf8a0e56188f3ea5c1fd5f0780aa856df624a9eff904bb5275eb24052279afa460e9713bd8cedef69dbbd8bc3d66,CLEAR,"DARKNESS, LIGHTED ROAD",DRY,IMPROPER TURNING/NO SIGNAL,2.0,42.0,2.0,2.0
11646b640f65eeb34acb630031aacab608109cdcd8c5bc12d103b3144096bfdd7c2f4ca39eba7b98c94f24c9af0ade25dbd6e5d780a0cfaf33664949e16ba6d0,CLEAR,DAYLIGHT,DRY,FAILING TO YIELD RIGHT-OF-WAY,2.0,32.0,2.0,2.0
1164a6edf620aff7343e057a5bc956f27e5f1b2ee03ede5ef829f7ab6ce5c4d24e20522a0a47fa32e97b15e7954b7801b353c9b649b250c4561f1b9303daed68,CLOUDY/OVERCAST,DAYLIGHT,DRY,FOLLOWING TOO CLOSELY,3.0,48.666666666666664,3.0,3.0
1164cb71eb380f34fc5173dae02c2b9bdae150a8e46886e08be26cee5035d1ca6e4d4c5b8ae52f0e245a87a5cb888b39eafdc05cd290b458295c55d8c6470e84,CLEAR,"DARKNESS, LIGHTED ROAD",DRY,FOLLOWING TOO CLOSELY,2.0,40.666666666666664,3.0,3.0
1164eaf997a817bd886780fb7246a908b2affadb4f4aa89b92d11e0bda7999bc2e02bcfdb71c2d3649dba27067a407932e32b564be2eb11c04e7816c4a7feb6a,SNOW,DAYLIGHT,SNOW OR SLUSH,IMPROPER LANE USAGE,2.0,61.0,2.0,2.0
11660a25b155fdcc0c8360817f8fb83d73f35e695c135d3acd9e925c39e753e39ad0d16c42122cc4ea5052f033ff37fcbc94b21167d907fded2ee8efb8af8d5d,CLEAR,DAYLIGHT,DRY,IMPROPER BACKING,2.0,44.5,2.0,2.0
116619bfb4c16c0b74df5b8f5d7e5d1bad321885d9d2b00066d32558c9ae39573b260a61e31accd85e53e0cd5c2ef605c9aa5264c936c47c682dd1af5e2df217,SNOW,DAYLIGHT,WET,FAILING TO YIELD RIGHT-OF-WAY,2.0,40.666666666666664,5.0,5.0
11662a0a7729418de2c2f505f7eb619148e449d197dc830b91c316e0d2049e5ca873625cb8c7094ecafd2b0ae5cca52cad15b3219a5d3f6ae417051e9ff6df9a,CLEAR,DAYLIGHT,WET,FAILING TO YIELD RIGHT-OF-WAY,2.0,36.0,2.0,2.0
1166450e46938e1183028de79ee5ac0d510abfe540a94d4aa21d9a536321c49dab6ae9bdabe923873ad030e9032a5052010da1332793ff2d6d043f4a7aa111f0,CLEAR,"DARKNESS, LIGHTED ROAD",DRY,FAILING TO YIELD RIGHT-OF-WAY,2.0,27.666666666666668,3.0,3.0
11666a636e1513e33ce835ef791ace4c14363ef4cd67d3181a7b9eb11db4730ca769171ed4eb74918f1116d499642690c8c6d9d7b3b2f477274344f91c152577,CLEAR,DAYLIGHT,DRY,FOLLOWING TOO CLOSELY,2.0,46.5,2.0,2.0
11667c49d055e57cb2f54c764121f5ed3b49862d8a9a8f1846ffc3723c28f1e47ff5a0883b91c38d5d2d7d2bc1821680fd889b2bd96e15c6fa026e3ba77c7f4d,CLEAR,"DARKNESS, LIGHTED ROAD",DRY,FAILING TO REDUCE SPEED TO AVOID CRASH,3.0,38.5,7.0,7.0
116699b4f61a03b97a25e7e935aebd74a80bfda05273da5ff52613f9a67066c05465d620cc5f78f936f81cf87ba447dfe2f80f0d8a0984219539f2fae427727d,CLEAR,DAYLIGHT,DRY,DISTRACTION - FROM INSIDE VEHICLE,2.0,43.666666666666664,3.0,3.0
11669a9aa40449e8673c4c1a5c04c7c531554d94d90e91961abdc09e300553b1ab61e4410610629fe0f52e2039bfe99e01abdc75ed6fbfcb4197c058398b1f37,SNOW,DAYLIGHT,WET,WEATHER,2.0,26.5,6.0,6.0
1166cb6855026aca9d69f4352cb12caf5a779d61d040afc3095f78fc0f06130a5be288346b77a89bcd72008ba88f62a43135ec4560a09be5016a4e7ab7681d3f,CLEAR,DAYLIGHT,DRY,FOLLOWING TOO CLOSELY,2.0,55.0,2.0,2.0
1166f8a136b8b088aab5ee58fadac1601f4953b552ae87d3aba3a8b5bf274b8f449f9e93721bbabd932f22311981c0bc7a293ab79cca49846aa53c6b202c7059,CLEAR,DAYLIGHT,DRY,FOLLOWING TOO CLOSELY,2.0,38.0,2.0,2.0
116757de64e803ba2ec9cea80f3028dee1d5981cd2d684c17544ec5d3a47c2c1bd1b3c8c1eeaf26769a320d114f272486d4a4334975b016ed1d37b086d6229f0,CLEAR,DAYLIGHT,UNKNOWN,IMPROPER OVERTAKING/PASSING,2.0,39.0,3.0,3.0
1167637e87952c80f916c283cbe6d57c5af47f9aea93599c78708635242c613362636836a9d14de2b272f65996950b1826a593e020710cf9681d107f3c93b55c,CLEAR,DAYLIGHT,DRY,FAILING TO YIELD RIGHT-OF-WAY,2.0,45.75,4.0,4.0
11676f2d3eb0c923a9f189e78fb695047ec2aaaaea9d096361bdf20792c14d2f44b59594873635a29c3fceb28a43f087d188633e56d5d047a78ec5c3c13ed0f0,SNOW,"DARKNESS, LIGHTED ROAD",SNOW OR SLUSH,WEATHER,2.0,36.0,2.0,2.0
11678582392c44118aee81a500bb7df62e64419130b5ccaf17eca3501b18723477914a5fe34e3345f10ca19dbca94eff1baa254a56209182ce94231f0b0dbb2c,CLEAR,DAYLIGHT,DRY,IMPROPER LANE USAGE,2.0,51.0,2.0,2.0
1167868e73955a7048ec898deb11db5df6cee51d790c70e7504c722f9318a7133f78b6630efa31d4d3b145c87013bf3fc44c1d42dfe5e3c892fa4106a6cce1ca,CLEAR,DAYLIGHT,DRY,DRIVING SKILLS/KNOWLEDGE/EXPERIENCE,2.0,37.5,1.0,1.0
11678a4189fa16baccb908724b9f19f6e1d640b6ea37071419d96e66803740cc5048103b08ec5ac9727ea2cc3521b41aa7f08f480861e4cc049c25e20f6904d1,CLOUDY/OVERCAST,DAYLIGHT,WET,IMPROPER OVERTAKING/PASSING,2.0,40.5,2.0,2.0
1167c890bcdfc948dfc9db684452029ed1980be9c49940793c0b1c2e73a3f79dc4b2520bc8ec4cb0f50bcc86d9d292c2e4d5675fa1924ec45fc1afba2fea252a,RAIN,DAYLIGHT,WET,IMPROPER OVERTAKING/PASSING,2.0,37.5,1.0,1.0
1167db8d29d94ec25319687a18c54fb0666453ce13827d72df64db00804b8362ab5ae1b6277c34c36a2fadc36a2ed99851e3c8b751b8ab89097970dbf1091a4f,CLEAR,DAYLIGHT,DRY,DRIVING SKILLS/KNOWLEDGE/EXPERIENCE,2.0,37.5,2.0,2.0
1167f6ac7c5ee625d797a8762eab14d8c913ae1ea1a35049cdb0e2c1331be77a9eed699b9406f3d6f7ca43db0a00fdbef00f1b3993fa9c51963102fcce2f6aa4,CLEAR,DAYLIGHT,DRY,FAILING TO YIELD RIGHT-OF-WAY,2.0,51.333333333333336,3.0,3.0
1168132d51c9b3129ec56f7b8cc0a32a200f229f01af327a96e25ff8a954e36a0ea547ee66a766f3dbab3c11b8c812fa617a2db57d9392f6b0b2ece8d349e659,CLEAR,DAYLIGHT,DRY,DRIVING SKILLS/KNOWLEDGE/EXPERIENCE,2.0,64.0,2.0,2.0
11684553194d86a485260bd00eab579e2399d1ac4d842c3e09aab11e661d593bec20ac5729eccb5a0b362c354dcd3970e858e0be396ba1a276b20814e28d3d5f,CLEAR,DAYLIGHT,DRY,FOLLOWING TOO CLOSELY,2.0,46.5,2.0,2.0
11684794d03dbe923341aea5b8eb9a0a95c35535226a1e9c50e0c0d4ea1db77ca7c3f97deaac086e7c52ab904051a7e9f09f3d6716e54a945b3ae9c88cd8e674,CLEAR,DAYLIGHT,DRY,FAILING TO YIELD RIGHT-OF-WAY,2.0,56.0,3.0,3.0
116869c0d6971354045bfdb34d4504f201f04a24d9d066ad716271b76d134f2ea75158a90fb478569b23df2b2c8b2faaf095103ff2782eaccb2199d27c39830d,CLEAR,DAYLIGHT,DRY,FAILING TO REDUCE SPEED TO AVOID CRASH,2.0,52.0,2.0,2.0
11689c76d202e77e28d071044e06b670388fe43a1b86b5794ece955660136296f9d6b0c8ae7c4595af2f64537af60522f4e411634eafb3397b039a264d6905dd,CLEAR,DAYLIGHT,DRY,IMPROPER OVERTAKING/PASSING,2.0,51.5,2.0,2.0
1168b66523d9a21be5de016f25b72e4f1dcf72d7dd043c1ae2f84760877c02b71d311e36b45b722bc5189fd1aa6447ae209a3a2403cf34e0790973c7ee2f5003,CLEAR,DAYLIGHT,DRY,FAILING TO YIELD RIGHT-OF-WAY,2.0,23.25,4.0,4.0
116908f8824b4fdb37f80272f03fe04ac517f61f60a62998c54f8c60fd0367aa083522430493dcc1bd201d790442c9e83b3a3b56cd48e91cfe86ad6cd199b9d5,RAIN,DAYLIGHT,WET,FOLLOWING TOO CLOSELY,2.0,27.0,2.0,2.0
11690aa71bf4d3f356d0d32b81eea1743e4e7d9c04b082846f22825946e64f66e53d64d756dd92c928975b03c3473f435f0b8d1fce88e28d11f9c58154138dee,CLOUDY/OVERCAST,DAYLIGHT,DRY,FOLLOWING TOO CLOSELY,3.0,33.0,3.0,3.0
11690ab781bb172810477354c13a0f6feb0dd08958d607a263d81d7d19e43336a25c96ed0628cc6512833fb02c3d7e608ea5e91bbb7ec6049870b0b5b3620161,UNKNOWN,UNKNOWN,DRY,IMPROPER OVERTAKING/PASSING,2.0,37.5,1.0,1.0
11691ef0452c791c844cd65deeafdacbd410704105deb011b06844dd20f07b022439dda16296fe75b404dc5b21aacee5d2a8db9666be72e43737b48ad7438d79,CLEAR,DAYLIGHT,DRY,DISREGARDING TRAFFIC SIGNALS,2.0,53.0,2.0,2.0
116936dced4eacb236c909f5306a05ab7645311e670e6103e9631b0b4d9ab11b9b80aed3782720c84a3344948203b775d6c3162d465f80a622434d065aa31dd7,CLEAR,DAYLIGHT,DRY,FOLLOWING TOO CLOSELY,2.0,41.0,2.0,2.0
11693799e1c525ed49ace5c4429f32b57a41f75e7fcc6b75bd46e0be164798216c0c3b72e59492e52cef02fc9381020ceb0c40f9284e0fb1dfa6eb65c41b5b07,CLEAR,DAYLIGHT,DRY,FAILING TO YIELD RIGHT-OF-WAY,2.0,29.5,2.0,2.0
11694516be77314f09d2805623e7f6bb9eb97ee7dbcc2ddd596550fdfed9698eb61182a4c35a02cdf327a4f786932ae8ad650e202fd42017cba6ba184472ecb2,CLEAR,DAYLIGHT,DRY,DISREGARDING STOP SIGN,2.0,42.0,2.0,2.0
116951ea1e9e3063e93ae25fff7b937798992278274cb0a86f4705bdd655121ad08ab8a0afbe06deca33e1b14fa4b6e8341e6fe33eaa91bd14934b9e824f3847,CLEAR,DAYLIGHT,DRY,FAILING TO YIELD RIGHT-OF-WAY,2.0,47.5,2.0,2.0
116956090a2694a6cdc05b1aa3eedb7c3cc3ce2993836194d29a67971ad9753cf560b03448140d80cae538c180b03a7bf14149bf47b08fe1efb6570aac105c7d,CLEAR,DAYLIGHT,DRY,"OPERATING VEHICLE IN ERRATIC, RECKLESS, CARELESS, NEGLIGENT OR AGGRESSIVE MANNER",2.0,44.0,3.0,3.0
1169b79596fd6681f9a77fd9fa9b98ca48f87947b39d835d6bb7ff7e14a3c2f1d6a20c374e853f60664068dda98ddf8ef53ed25edeaebd84d72fd622d985ea8a,CLOUDY/OVERCAST,DAYLIGHT,WET,IMPROPER OVERTAKING/PASSING,2.0,41.0,2.0,2.0
1169bb39236c764b269dacdfa1ec0427340f9296c04c99e68df9fbe395ceee80bb20e594473613d3f2c4eaf3aec7fbdbb7114425ab050896dcfa30f8892ca62a,RAIN,"DARKNESS, LIGHTED ROAD",WET,ROAD ENGINEERING/SURFACE/MARKING DEFECTS,1.0,23.0,3.0,3.0
1169c36cd43b19505b940209ca05865433e781de74f2810734575651acd5d1dfb4ea6a2713f66307948904ddfee50ee7a779945bf584b7b96473c285e5402a35,CLEAR,DAYLIGHT,DRY,FAILING TO YIELD RIGHT-OF-WAY,2.0,72.0,2.0,2.0
1169d9aa96faea39d2c55ebda45578b41bef19df8f6a3a423087d50c793cee845bf9f1883fd3a549b1f386cfb80a90126788d546b2b791b8f404da6e62ea41b9,RAIN,"DARKNESS, LIGHTED ROAD",WET,FAILING TO YIELD RIGHT-OF-WAY,2.0,55.5,2.0,2.0
1169f32f144dfb36d0fc800b6055cc5e8822b12bd13ebcf824c6454864d9eacdcc6ef602c68550bbb54981f4cec887c71ebd7abddf5069cfbe2f20d3a57363e9,CLEAR,DAYLIGHT,DRY,DISREGARDING STOP SIGN,2.0,41.0,2.0,2.0
116a1885801d90aa56758cddf8219fb1c31089e8490db3832ad2025d2c18e5d1802dd1c90f819744898af6402783935ea087dbda0d09baf7581ec3ce61b9ff4e,CLEAR,"DARKNESS, LIGHTED ROAD",DRY,IMPROPER TURNING/NO SIGNAL,2.0,47.5,3.0,3.0
116a281130b6df72a65e816f65b50a2e93b615858ba4dfb35c28301f6a7ef6fd834ce027c5590bb2d93c4f8863b878e2f864bb8482fb2da07bbe8998cd5dc344,CLEAR,DAYLIGHT,DRY,FAILING TO YIELD RIGHT-OF-WAY,2.0,32.0,2.0,2.0
116a2c6200766a4bff736ecb5004769c5fcd302cfdaa7ec0a3fb38ed6df9c981e20f0c2f975d46c393f8bace397e832f30dcc5aef8037eb6b4c769ca02ba7c7e,CLEAR,DAYLIGHT,DRY,DISREGARDING TRAFFIC SIGNALS,2.0,22.0,3.0,3.0
116a66ed183402c0784eb636a7e69d2f008304d507ec9dd26f086c083edba9b48186852aec126fd5de08d4a20cd3d4d9406f56d35912367c54c8b7c675f8b1d1,CLEAR,DAYLIGHT,DRY,FAILING TO REDUCE SPEED TO AVOID CRASH,2.0,32.5,2.0,2.0
116a69dffb3735f656e5500f855c3ae57d1799efdf635250fc0048106cea69c8d7cc3245acfeb0a428d78f331a6b2c1a8257578e94b013d6e5f079a3e85cbc1f,CLEAR,DAYLIGHT,DRY,FOLLOWING TOO CLOSELY,2.0,19.75,4.0,4.0
116acc9f5dd7ab832abb73a911ee6c272dd72dc3f57e14f12282db4a5384d74bf52c1a78a6aef9152ce0c60569f1ae9a94f52f5bb183a4b6fddd04b7c1460b80,CLEAR,"DARKNESS, LIGHTED ROAD",DRY,FAILING TO REDUCE SPEED TO AVOID CRASH,2.0,38.0,5.0,5.0
116adadd75af7582956fd915b72419956d97b2b634be4c252ed249f3d5ac5c172d6357e3e9829d051d58c9863f35dc7f57de66db2f2e2cb11d6c47ea141b1f89,CLEAR,"DARKNESS, LIGHTED ROAD",DRY,FAILING TO REDUCE SPEED TO AVOID CRASH,1.0,21.0,3.0,3.0
116aee24e9ee3e60fa3bb20c80d0e2c86eec2f37b9b3e353567538c718a02faf0c21350e6b874702fb85fbb7988e8dca4fdbef73690da47f857af9370a47eb36,RAIN,DAYLIGHT,WET,IMPROPER LANE USAGE,2.0,43.666666666666664,3.0,3.0
116aee83704d2672e1fe30e37d86abb30148a85daded146bcc010d324a9a03ffd42d3e5149c17c7da3f687d2dfbea86ce1a778c16bdbe0eb66b90088ddb67911,CLOUDY/OVERCAST,"DARKNESS, LIGHTED ROAD",WET,FOLLOWING TOO CLOSELY,2.0,27.0,4.0,4.0
116aff1cbce09a79d69c410c8d88c6e66f2f584cdc4e3a44190b5e5241d3ea55066bd188ecac1ec51026ce98f561edd4fc224b9fee3cf2668b7e487b40a9f196,CLEAR,DAYLIGHT,DRY,FAILING TO YIELD RIGHT-OF-WAY,2.0,52.5,2.0,2.0
116b30fa995cc68b1ee0f00bc266eaa76d7fe43db095795ef45b3f655ef82f38bf02e1f4811b4c6885f2579ea594c6011c367d503c661e81498afc2893a412b0,CLEAR,DAYLIGHT,DRY,FAILING TO YIELD RIGHT-OF-WAY,2.0,27.666666666666668,4.0,4.0
116b340f1c7c62c33fd46ef605982a22401bd77807c1a2df9da12f648a17b02b711edcade0489492aa06c1dae9636cdf14791d8e0bb36f264b79bb07e023e84d,CLEAR,DAYLIGHT,DRY,IMPROPER LANE USAGE,2.0,42.0,4.0,4.0
116b3d6a6bb1b53c241610b109d6caa181f360cb8dca6388b17d1ddb62c70250f4e58e4cbe6ae8bc889291ed18fe920655fdf76809ec6841ed789b3adcce318d,CLEAR,DAYLIGHT,DRY,IMPROPER BACKING,2.0,37.0,2.0,2.0
116b4cf68d18fbbf644acfd098fa09065885c3caa2edfe3e9b5540e968d48ceb489c78d8f5bd41c6be74f81941851cd8b3ca156db2c7924596ca28df2c4a274c,CLEAR,DAWN,DRY,FOLLOWING TOO CLOSELY,2.0,51.0,2.0,2.0
116b5df9f294855b6bc4897a842bc232d7aa30f97624e5cd3416352463e6a55c77b77608cc9d8c0b8f3f65bcb34eddc10420cb457fe799774050b7407413d92e,UNKNOWN,DAYLIGHT,UNKNOWN,IMPROPER OVERTAKING/PASSING,2.0,20.5,3.0,3.0