crash_record_id,weather_condition,lighting_condition,roadway_surface_cond,prim_contributory_cause,total_vehicles,avg_driver_age,total_people,total_injured
116b8ca8bdc1305ce20a69a3a6f93b88ae15c979171fe48da84affd4ed03160932ff10495805ac4bc4632c7fca81ff1e65cd4e6f5de38bc2262fe1a52597a8f4,FREEZING RAIN/DRIZZLE,DAYLIGHT,WET,FAILING TO YIELD RIGHT-OF-WAY,1.0,39.0,1.0,1.0
116ba04898830ab4c1a6dcbc6649902b5a614b862cbd34919ea65968dad3130a596ceb72fe205dd25c7addb73643c92cab73fc53a68678f5e1f9a84932d4d470,CLEAR,DAYLIGHT,DRY,IMPROPER LANE USAGE,2.0,38.0,2.0,2.0
116ba359ab9ab2e505e644d4730905f6afe760ef1e71861614f8a7d6283b30869fc2661868da0defbe312b9af43869d6cb11356b5abb4450d174db869189aed1,CLEAR,DUSK,DRY,IMPROPER LANE USAGE,2.0,50.0,2.0,2.0
116baa0d7969da264212810630395dfdfd2d94f3f146ede93b4a49a5467ed132614f5d4dd74239af53410b3625194a0d459b78098ed73cbaf6dfdc0daceacb8f,CLEAR,DAYLIGHT,DRY,FAILING TO YIELD RIGHT-OF-WAY,2.0,35.5,2.0,2.0
116bba14552e703e50e05f6203bf691aa39a3957cfad9825fa8689bb1cd5e28d3e0605c0931f0cef9da0ade7c15f8511327f87b8568553a52fd51ee36770bf08,CLEAR,"DARKNESS, LIGHTED ROAD",WET,DRIVING ON WRONG SIDE/WRONG WAY,2.0,54.25,4.0,4.0
116c38ca57d2d3e2c44fd91a8e13706f8e6498162f2d16dd6bcfde0b5a518b77497adeb3e22182cae2e0c4cf2faa341afd76561d86925c9d76a581188fd226b2,CLEAR,DAYLIGHT,DRY,DISREGARDING STOP SIGN,2.0,45.0,4.0,4.0
116c3e22beeb7ea398debd3c3ccd5d91556ab80234e6bdc1e88beb754b19afa09e52185661a11d97ee883e11f237767600cb38bd64cda4574472e0e9ddb86ae0,CLEAR,DAYLIGHT,DRY,DISREGARDING STOP SIGN,2.0,18.0,2.0,2.0
116c462917f75ac0a764d7cd89b44972ff12de322d21398f09a471fbd62927f9ba7e9d950a1a7e4020203e879934a86b910cf08ff646dba491f9429dabd42805,CLEAR,"DARKNESS, LIGHTED ROAD",DRY,FAILING TO REDUCE SPEED TO AVOID CRASH,2.0,24.0,1.0,1.0
116c4a1c2901a459afe732090a6a9e4b66d36dc71a71f3d270c1a1c8fee526f5e26db166b514f20e4f6fb0d5398aed91dcfc162308cb368f9793f7042702f231,CLEAR,DAYLIGHT,DRY,DISREGARDING STOP SIGN,2.0,44.5,2.0,2.0
116c53f4ddbb4a259ffa0523264808327b4dac0e55f3110712bae5d3ce2fb5fdfe3baa98e5ee5a56ea3e419b507ec6c09ccc233fe4556cafd85a68f7ef1ca2f3,CLEAR,DAYLIGHT,DRY,EQUIPMENT - VEHICLE CONDITION,2.0,35.0,2.0,2.0
116c56a242eaec84c867da5d2750296676006554f55ec59a5da0b6330f2da587e433a9cd78ac96ec3ca461f60bdc5ebb323efb1054d830ae21c98e3a8817fe44,RAIN,"DARKNESS, LIGHTED ROAD",WET,"VISION OBSCURED (SIGNS, TREE LIMBS, BUILDINGS, ETC.)",2.0,33.0,2.0,2.0
116c56d891974af10da0d88530e67db337c6e56491fd766cd51a1def739f420ebbeb65aaea2a73a7bc8bab088b81a4a47a0f88e12fe1752de9f0d7381c8624a3,CLEAR,DAYLIGHT,DRY,FOLLOWING TOO CLOSELY,2.0,37.0,2.0,2.0
116c5eaa2962f47a3026aad63b2c601f561f0ca669a32d41db6954e051b4f43034e6ed5443179c9f284f1269c1c078c1ad53e30956f24c942edf3ab408ae9edc,CLEAR,DAYLIGHT,DRY,IMPROPER BACKING,2.0,37.5,1.0,1.0
116c9c50897fa0fe510e980e2acef38defb8fd7dc3c73751ca59d11943f329d9cc9419e3e39b7063fa011cd56742d7ef3b98fe3abade1413cef461b20b9d93e7,CLEAR,DAYLIGHT,WET,FAILING TO REDUCE SPEED TO AVOID CRASH,1.0,32.0,2.0,2.0
116cb3067ff79030571eff73b61ae5555c7f82291fe18a02d0b85e693c945f3142e5a0f15be6d3d799af0f2b7c392734598dd0a8be70535bebb854094dfb0a8e,CLEAR,DAYLIGHT,DRY,FOLLOWING TOO CLOSELY,2.0,30.5,2.0,2.0
116cfe32761a6833a48652c0e7a48f11a782ab6e9a71f6326eb0f1d6aadd33c3012281b04a2881706ef2ee08f50f7a0db755819abdd1351ab73715e7f558519b,CLEAR,DAYLIGHT,DRY,FAILING TO REDUCE SPEED TO AVOID CRASH,2.0,20.0,4.0,4.0
116d40545f04ad0ce5fbf767d6a3a40575048f9a594d5ba2f9a5b26c1267bef70ad1beaa48cf89845061f6dc0dc4a51dffd6b1adeb89099a4756c8cf66fb7d1b,CLEAR,DAYLIGHT,DRY,FAILING TO REDUCE SPEED TO AVOID CRASH,2.0,40.0,2.0,2.0
116d4760e1018c750ad067fc242a0c5d545551a5d0691f2a4bf2028d731a677621c2581dd4a408fec44dd82e9b868bd27fadd57e66dfaca2a57f13c0b68d8238,CLEAR,DAYLIGHT,DRY,FOLLOWING TOO CLOSELY,2.0,47.5,2.0,2.0
116d86054a323aec9e57e84b413fec049f25c1a4aa7ace843fbd20d88ceb619bc069fc360075ad9bd9381c9e3587ba52b8ff2d475e678d5b833dfca407105cf4,CLEAR,DARKNESS,DRY,IMPROPER TURNING/NO SIGNAL,2.0,37.5,2.0,2.0
116d952f7d92ddd22b42298fb88eedfceb3f7030f239584ba893d552b7933a8df5d44fa480fbbba75a3a78930677a429ca56d816257dc4fdd627bcf3fd87d9ff,CLEAR,DAYLIGHT,DRY,FAILING TO REDUCE SPEED TO AVOID CRASH,2.0,57.5,2.0,2.0
116dc110f2ef262d369fe9e4521ebea50a133f4baedb0d3b246a135372415441b6f6bb708a4a5227d3c1f8dc745e54834388304b2b9553fde1f886b7ae90efd9,CLEAR,DAYLIGHT,DRY,IMPROPER LANE USAGE,2.0,43.5,2.0,2.0
116dc84c76bb3528a4182d00c20eef2ffc9992dbf48724b22636fbe18dfd325b2c228763c77d7009fecb4cd98f7c25adb2c3d3b621e97f530545e768d05b6fd4,RAIN,DAYLIGHT,WET,IMPROPER TURNING/NO SIGNAL,2.0,37.333333333333336,3.0,3.0
116dfd8f7e0febbed64c172f5581192dc6c72ecbbeb7b50f5eb16e08cc54d527d8c185cf29d13704b3d43a41f5c4df41f66fd37235074a435370fe4262f2f4d2,RAIN,DAYLIGHT,WET,WEATHER,2.0,15.5,2.0,2.0
116dffe2abedc87b3b0947bf0fd4a9e1ce2ebdb77ceec3c547d06f5862d2d77d2d289b5402ffabea6f3a3f02a1f1ea51e72d3d3eaa00899ff5fcfd936cfd90a0,RAIN,DAYLIGHT,WET,IMPROPER TURNING/NO SIGNAL,2.0,27.25,4.0,4.0
116e05111d480c37f847313fa5517a357d6ef63942debfbfc9d34ab857eb09982e50f8b6d1aed928f1eee512be9e75abe8af518d2996944ed3a6eaf47e3c016f,CLEAR,DAYLIGHT,DRY,FAILING TO REDUCE SPEED TO AVOID CRASH,2.0,59.0,1.0,1.0
116e35cb183dd3a643705bdd303eaf248136632a1332ced3aba0a790b4b5b3f4fe086828b4baa47baa900e04ed9b50788d6a1ff6797f0521a2f7342b9d9369bb,CLEAR,DARKNESS,DRY,FOLLOWING TOO CLOSELY,2.0,46.0,2.0,2.0
116e366eff54203dd5037b5a74d534d377e148b55b71de6c13fdb4e4c78374e5b595356178a4c0f83f625136732c487edbb8bc26e47d61c373c91a1c41e8c608,CLOUDY/OVERCAST,DAYLIGHT,DRY,IMPROPER OVERTAKING/PASSING,2.0,70.0,2.0,2.0
116e36c361a047fa2944b192a475fa42b618931d4bbf7ee3d8c465c7c8e2e0cef66e4627ce271bd888783ee75448020cdb7efd22a99ebfd6c34f19e4f0356300,CLEAR,DARKNESS,DRY,IMPROPER OVERTAKING/PASSING,2.0,33.0,2.0,2.0
116e4337284fd66ff8d5caaf80f5e6203ae65e6918905700b8187b34129db2275dedb34e8930a2afc61a60941dbc5eefa2b468ede1d0dbbe39ce6da7f9179ac0,CLEAR,DAYLIGHT,DRY,IMPROPER BACKING,2.0,12.5,2.0,2.0
116e6137f032d41f8fa71e0a1b994f3cdcddfca35c6351e03caa3e17c4ef465bedd62284feedc48f43ea9e08191d19a9c8d15b29fee0e084974cb01248f97760,CLEAR,"DARKNESS, LIGHTED ROAD",DRY,FOLLOWING TOO CLOSELY,2.0,30.666666666666668,4.0,4.0
116e77253f7a1e5e57319f70af7ba211ad1f8c81483296f6be87dc87a09326664ee91739bd81b4043591d0d333a211598f0efa2eda8a7761ff295ef0f22e680a,CLEAR,DAYLIGHT,DRY,EQUIPMENT - VEHICLE CONDITION,4.0,41.8,5.0,5.0
116e7c5b0b14dbc6a96015060b6363a148288aec3f22fc8e698f6dbe0a1a9c805efe1c5ef091a82bd515cd66be3f7a06c266981766be96574568ec66e0daa55e,CLEAR,DAYLIGHT,WET,DISREGARDING STOP SIGN,2.0,40.5,2.0,2.0
116ea44f1459e8ef3c564984b2b2dcf33dd78c66d9a9107a2d46091a5de94a6324861d6125523b5e8fc3ed9f550a81f2b8d12b589238584e8db8f91043922b5a,CLEAR,DAWN,DRY,IMPROPER BACKING,2.0,55.5,2.0,2.0
116ec6f872f046d60ed05de3e8c0a0e580ba115b0beeb29d334844f06e9de0970d0f81c427f443c873013e361e755dcfb382650a503f77ebb51e112ac71dcb59,CLEAR,"DARKNESS, LIGHTED ROAD",DRY,IMPROPER BACKING,2.0,31.5,2.0,2.0
116ef59d2c543af38f05d601cc1f371ad0e59841177c1754d245633cb5bb054799afc8480bbde591b6cfb766221a118b6a830b59c7a555c51f7f85c8adfc166e,CLEAR,DAYLIGHT,DRY,IMPROPER OVERTAKING/PASSING,2.0,35.5,2.0,2.0
116f0b167c1175edd2f7484fba72a924b4e87ab30a83c0ccc214ba959ba581c5a13b378782f674162ed4ce9b42019bb8def9ed4c3221f8fcaea7bd24d6847022,CLEAR,"DARKNESS, LIGHTED ROAD",DRY,IMPROPER TURNING/NO SIGNAL,2.0,55.0,2.0,2.0
116f38a85eec5fdedd23658afd0596e16aae9212e0a191a79579bb05a1e774de81d8f0d7eb0ea24840276c341d7a4995682b02e5b2d09cbdbaca304d6e38b5e2,RAIN,DAYLIGHT,WET,FOLLOWING TOO CLOSELY,2.0,38.5,2.0,2.0
116f39e7a9d11a8907b26dc30c14aeca3ddf1863f16030af2f82148f4a3a4eda822bad9b80836e37f6af946da6c44f762cbbcd78854350aa2369c8cf86bded49,RAIN,"DARKNESS, LIGHTED ROAD",WET,FOLLOWING TOO CLOSELY,2.0,22.0,2.0,2.0
116f4de916adf154a4afea43ae8557d9a2194c5826e0d73da375a56443e18e4701e982ace559559b4292f876589b77ddb1d0bf12a88bfda2452fe4b1ab294e25,CLEAR,DAYLIGHT,DRY,IMPROPER BACKING,2.0,34.0,1.0,1.0
116f7f9c6947875010ce10924da4ed2fcb83fdab7681ab7b9f7faaf3724728835366f1dac0fe85ae8e184e0b9844621d4c3f358061e5b79cff0a80ebeadd94de,CLEAR,DAYLIGHT,DRY,IMPROPER LANE USAGE,2.0,33.0,3.0,3.0
116fb8d449c4593fd9d76464108d8a055f67cdb1bf1570dc48051dae013ea09a3b9bcd41846a69ea441c51edd16cbff1b0e3791fad8f0baf8c2d8b1e59a0a97e,CLEAR,DAYLIGHT,DRY,FAILING TO YIELD RIGHT-OF-WAY,2.0,37.5,4.0,4.0
116fd9384dd6b78f58950b1caa52c250d3f530fa4a51d4a871675b5e0f96ae7a5c198271d0fecfbee345c8fecd057bce95a3a577585d5dc084bc21736686d429,CLEAR,DAYLIGHT,DRY,IMPROPER BACKING,2.0,26.333333333333332,6.0,6.0
117004e166632f42de1af7703314367a68c4176adbba6655d5202d62b7bef2f642e052a7649023b1f56911d24b3b5dfea97192766c49e7458cdfcddeef7d9545,RAIN,DAYLIGHT,WET,IMPROPER OVERTAKING/PASSING,2.0,46.0,2.0,2.0
117032c7f7cf6d8afabaa9f6c7261e65dae458a6f6dfc5e63c627eadb24f18c0e8e5474cb43d91e7d69d5277de7da4ec51cbbc0e200d832acd880a16df391176,CLEAR,DAYLIGHT,DRY,IMPROPER LANE USAGE,2.0,65.0,2.0,2.0
117049070e6f21b9c9942561570893429ea5bdba4268f68b6efa293ca745120b16548e06f39d02a359279972648d99cfc530e870b28d56623ef6e60cd0ae6751,CLEAR,DAYLIGHT,DRY,DRIVING SKILLS/KNOWLEDGE/EXPERIENCE,2.0,37.5,1.0,1.0
11705c17c0178ae93e6ad034fa6fb2cfe4b4bf09b31e381f720e1b34af9899b7bf99c454dbe4887acaca4eaa02e7fe8fc0302dbe5659a66e0891320b5e4d4dd2,CLEAR,DAYLIGHT,DRY,FOLLOWING TOO CLOSELY,2.0,37.666666666666664,3.0,3.0
11706c79cc3dad4079a3432673771823318288890e6c3e3349d7acc72b673337ec14fc27caf4184fdda8fa524405180892fae8b1b0951f05697a87880514247d,SNOW,DAYLIGHT,SNOW OR SLUSH,WEATHER,2.0,22.333333333333332,3.0,3.0
11709407ab4db767131dce55ec81b75e65da81f880da7491e622102e82515f8bbd94090519da06d21cc66040083c3c24fbad848d7216326b0ab321eed3713732,OTHER,DAYLIGHT,WET,FAILING TO YIELD RIGHT-OF-WAY,2.0,24.0,2.0,2.0
1170e0009153ceece9ce507834aaa5d4672970ba096c608f8e0b3095d7b89e5c3371cfa762e4e32c3c36681b5fe00eaa50f6a17f7d66b226cdb8614dbf3b0109,CLEAR,DAYLIGHT,DRY,FAILING TO YIELD RIGHT-OF-WAY,2.0,45.5,2.0,2.0
11710f5265fbaf5f761034eddff12fee20bf0d8081b6016d9a960fc041d7dd4b86908cdd1ab42a310e7851ff46e792c7e538b50585db0e41ef56759839059b0f,CLEAR,DAYLIGHT,DRY,"OPERATING VEHICLE IN ERRATIC, RECKLESS, CARELESS, NEGLIGENT OR AGGRESSIVE MANNER",2.0,39.0,2.0,2.0
117135b3e060947fdea1b92164a14567d129ee269e58acdf85e2ca590574dbdf95c81f1f6bf45ad93ed148ca26179b6203266f4ea4f6873d1868af9281cb14f7,RAIN,DAYLIGHT,WET,IMPROPER BACKING,2.0,38.0,3.0,3.0
1171a7da61b0b963890883f60fb325f17184549838dbdbcf93ffe7fc598746b51967e097a809fe425194cf23e14fe97555180f9d0d91e218e388e20e9b9a26aa,CLEAR,DAYLIGHT,DRY,"VISION OBSCURED (SIGNS, TREE LIMBS, BUILDINGS, ETC.)",2.0,37.0,2.0,2.0
1171b7a9bd0f68ddede62984035f48ea42e6f3a8d493d0d53edd2197c3e341c75cff30a935d4c85cb9168f95bdb6a0f9ed15cf0e546aabec86097c793665b266,CLEAR,DAYLIGHT,DRY,UNDER THE INFLUENCE OF ALCOHOL/DRUGS (USE WHEN ARREST IS EFFECTED),2.0,52.5,3.0,3.0
1171c7dd8860b586f34f37da73d9347073a4f06f89624e76b9ddc00ee82beae83b94d0b98dd7bb5b0c7e00b8cfbdf32e8cea0c3eeeeeced2cc604effe1c54952,CLEAR,DAYLIGHT,DRY,FAILING TO YIELD RIGHT-OF-WAY,2.0,55.0,1.0,1.0
1171e50e233c95e3b93b9ab921ae04ed4643f409e7fb98a6eec541325055eddd06f790369fbfdb0f78b2f8132968b77fc8b0f699f92a7bf980ffb08b9e8f9eab,CLEAR,DAYLIGHT,DRY,DRIVING SKILLS/KNOWLEDGE/EXPERIENCE,2.0,37.5,1.0,1.0
1171e9d722d8b415485ff25d50264ec9e7e585a2c4ca9e1b181ab03b73fbf3b4ca7887fb6e051fd2a904d319b8375c806e8d5a2df6c85c67dec5e58ac9124852,CLEAR,DAYLIGHT,DRY,IMPROPER OVERTAKING/PASSING,2.0,42.5,2.0,2.0
117235b3a193f86edf5f08ef80d21608196d069a404df4a60571874281e8812931d5e7eedacc207f7f10eee2e934125b26ccd202d8365058cb45868468a684ff,CLEAR,DUSK,DRY,FAILING TO REDUCE SPEED TO AVOID CRASH,2.0,41.5,2.0,2.0
117237afd81375070400d62dd03bcca0f0fa2f7dca75a4beebc663f5103d8423bbfc53aec816690ded6ee346ca3802adb8a03c436ff4078007c39c95f0ef5492,CLEAR,"DARKNESS, LIGHTED ROAD",DRY,IMPROPER TURNING/NO SIGNAL,2.0,40.0,2.0,2.0
117239842b93c3820a91a179f22ca9849522e25e088217a57e2605e126e02b7c3efa2d247a8124a4db85dc5708c3f55e47592728bd5e71f5add88ed387d1eb8f,RAIN,"DARKNESS, LIGHTED ROAD",WET,IMPROPER TURNING/NO SIGNAL,2.0,31.333333333333332,6.0,6.0
117259b621b375edf680a559bfeef5b4cbe25946d4dc2879af97b2572e535c8cebd5978b95f245c42fcf0b45f821d0f6b5a95ac8a113263fd6e76da77177154d,CLEAR,DAYLIGHT,DRY,IMPROPER OVERTAKING/PASSING,2.0,27.0,2.0,2.0
11726d7aab54558abcb3da1d42198071df2c104ebd07cf824cbbc1c23f7c4608349c05018379e589d98cf78f191f3d435d2edc833814ea1f1f6e1b30f747bcc0,CLEAR,"DARKNESS, LIGHTED ROAD",DRY,FOLLOWING TOO CLOSELY,3.0,37.0,3.0,3.0
11727aaa8bad210295ad38ec00af48627c94a5eece046d17f776807682a15e63686fa12d414dbd05b1aedd78eb7fcedf2586ae7145895b730bf56990f008dcc3,CLEAR,DAYLIGHT,DRY,IMPROPER LANE USAGE,6.0,27.857142857142858,7.0,7.0
11729cbe43212d20409152813a621027f1a9826027090924d64ccac39b5b0b56be99e19c4d84c72d5e887b6303f5d5eddb8d991b2e8b01f9b0f45a50b7481151,CLOUDY/OVERCAST,DAYLIGHT,WET,FOLLOWING TOO CLOSELY,2.0,47.0,2.0,2.0
1172d332e6f9cf053735f5298494438db8763e3fa446b9db4a2eec74f59dc3f5de31606dbaad69c090723f2253868e0aaff8cfe38672acb0758b92e2c88407b0,RAIN,DAYLIGHT,WET,FAILING TO YIELD RIGHT-OF-WAY,2.0,41.5,2.0,2.0
1172f5695420feb3bd664b7d64fa6486635981b885bd96e0cc37dbca56649d462b190a794fcf7fcdb7ddecdd96e11e76171718f0b6ce34d9622b6858819eb67f,RAIN,DAYLIGHT,WET,WEATHER,2.0,37.5,1.0,1.0
1172f77d063e4b945027ccf1e2a9fe499408f526632e81dd57d190a3023e4c7352f70e8392049a82e91f8c1a5f25e659de7a46c86b2e601e392eae88dfa6ccd7,CLEAR,DARKNESS,DRY,FAILING TO REDUCE SPEED TO AVOID CRASH,2.0,45.0,2.0,2.0
1173051bc0c75fdcc062e1a04e965bbdd3070a4f39263ccbf2dff29889a49d4a8e76933849d71ab20808593b9de969fdcd82d227a8a72e6575a183a49f7815f5,CLEAR,DAYLIGHT,DRY,FAILING TO YIELD RIGHT-OF-WAY,1.0,91.0,2.0,2.0
117308415e1bd0857b572f11a1047e64b45ac197059a92e2893f4f34f75a6b6b75e5ddb7273b5f01bb579fc4f9c5ea7f5ca1596218f788eaa7548b51f274a25f,CLEAR,DAYLIGHT,UNKNOWN,FAILING TO YIELD RIGHT-OF-WAY,2.0,60.0,2.0,2.0
117329eb62173a542ac0c6b8e68767e49c63eef371fb1f9368e22302cc22e68c65d57719cd8242dd19c5f91ac63fbedbda7e190d0f0841b9fc4c87fe8c48932a,CLEAR,DAYLIGHT,DRY,FOLLOWING TOO CLOSELY,2.0,37.0,2.0,2.0
117346dd761f5d5a0b7e50d5fa05a4ac990f044c52295d123f231f6437b762e0212ee84fb4d183e22f71e53053a7ee37ddfbc9a58ccc060e3ce49d3e6b127f89,CLEAR,DAYLIGHT,DRY,DRIVING SKILLS/KNOWLEDGE/EXPERIENCE,2.0,59.0,1.0,1.0
11735dfa96ff9777af4c906a44a409bb4fbb54d46bff7dbf2e741b050267b961c930d603449342b5749d70b928e1ce27f724b43ee59b4a3aedd5eb29ccd78c4e,CLEAR,DAYLIGHT,DRY,IMPROPER BACKING,2.0,38.0,1.0,1.0
1173845212deb05e074479c56253d97057e0f5ce27179234b715e7a353ceaf507fee5ae458175421b4c1de0ba4b10618dba1d53625d1fa27bcaff11614c90279,CLEAR,DAYLIGHT,WET,FAILING TO REDUCE SPEED TO AVOID CRASH,2.0,46.5,2.0,2.0
11738675e86d55ae5b6b8ce79120279d3b4949afd42028b45845e7838e16b5de5dfa8266a2cac8eba908b32a6ec1a71269eaa1f7918cece3cbfefab2bfd53dea,CLEAR,DAYLIGHT,UNKNOWN,IMPROPER TURNING/NO SIGNAL,2.0,63.0,1.0,1.0
11738e64fde1ffdb4bc2e79cb799a4f53e7ae637bbf1372729743f0a356cd52d45a3ef5b562d32b6667f7a4e8346404f588a00459354092aa2c759c77c84f840,CLEAR,"DARKNESS, LIGHTED ROAD",DRY,FAILING TO YIELD RIGHT-OF-WAY,3.0,30.4,5.0,5.0
11741dd096d70ee50d119b4c5aa4a6a1fa496a8ddc6d0397c07f8fc1c6fa4ee9e2a98e38b5abee139306e7653dae6410d3184b63df4d73e2802ebf0530178998,CLEAR,DAYLIGHT,DRY,FOLLOWING TOO CLOSELY,2.0,63.0,2.0,2.0
117456a6ce9adff57cdeaffc507dcc14b51915900608a496c57a60713fac9ec20a0f883c3f8294a16346eb04192281935c98faf50b0746749e171b5c329a965f,CLEAR,"DARKNESS, LIGHTED ROAD",DRY,EQUIPMENT - VEHICLE CONDITION,1.0,22.0,1.0,1.0
11745e0f851af2015d54ffa9c8fd5a0bcb436db859e02285a4d4641811df5d2e2269262a1f3b63368ef1d7db2330b9083e9f082cb91a4a427f9a35e35f4c9631,OTHER,"DARKNESS, LIGHTED ROAD",WET,IMPROPER OVERTAKING/PASSING,2.0,31.0,2.0,2.0
117477ed99ceb21308a95b14e6245c5e094ed53aa391c713a268e94aef1908931242635bf9910b6361177eb8b2fd4c52d3700e54fda4ce7f90756177406f7cd3,CLEAR,DAYLIGHT,DRY,FAILING TO REDUCE SPEED TO AVOID CRASH,2.0,40.0,3.0,3.0
117478af4b5d5705bb311f5b81c41344540fd96a08bd2a419f854b80409571e7f51fdd49c4aa97cf805b5dbb8f21f7b7001e5b832d972db1b5ba1ff9ddfbc23a,CLEAR,DAYLIGHT,DRY,FAILING TO REDUCE SPEED TO AVOID CRASH,2.0,19.5,2.0,2.0
117488323f9d020d2b298d9fd1d97c9b9078f37d4362c5f2f12010aee0021ec6d40f15771fbf263302c9337c1b7b165fb184c85a0eb6577dce2372bc51673869,CLEAR,DAYLIGHT,DRY,FOLLOWING TOO CLOSELY,2.0,52.5,2.0,2.0
1174a4ea2aa0f34e775257c3d6de7fdaea14736859e6591899936b21bbf3714ae51cf5e91ad8f23ccac8dfefe31a0dfe4339d9bea2c2c5c24902ad90787bbd6c,CLEAR,DUSK,DRY,IMPROPER OVERTAKING/PASSING,3.0,38.0,2.0,2.0
1174d8461d5fd3352688fe3b03fc97a77230e408c001efefc9cd6eb717cc85fc2d05d39250754bd88317d310a96649d3e2dc59562a7ba9e1e9a5a6696786013e,CLEAR,DAYLIGHT,DRY,DISREGARDING TRAFFIC SIGNALS,2.0,24.0,4.0,4.0
117500542f182458b5b2a2c1db1210ff82aae4010465f07716e65a6b7a55967b353b4247209114876794433f5ad892d293d90837fd0d7418102fce5bf540e6a6,CLEAR,DUSK,DRY,FOLLOWING TOO CLOSELY,2.0,33.0,2.0,2.0
11750b8beb9a2a3c90409a3149540705acb43ced3d5a977cb4aeef4b7daea93ead394bc5631ee87e59b594c00bd3301c48d2c222e3477368e31150881bacf424,CLEAR,"DARKNESS, LIGHTED ROAD",DRY,ROAD CONSTRUCTION/MAINTENANCE,1.0,27.0,1.0,1.0
11751b71910f14d0cdf6db1fba56ad297504266d2a7c7314248b3c0b80bc72bd50c016626c63c12fd79aa07bbb411a7a9a55abe3654964c2e388251159c525cc,CLEAR,DAYLIGHT,DRY,IMPROPER LANE USAGE,2.0,37.5,1.0,1.0
1175382769967292683adcadf93e4673ae7adaddf05d5878c4a7e5fda15dd0ce053ad12a4ea2e8930bc8d7a71d2d8da6205c949e4372bdd4d3d89d9141977818,CLEAR,DAYLIGHT,DRY,"OPERATING VEHICLE IN ERRATIC, RECKLESS, CARELESS, NEGLIGENT OR AGGRESSIVE MANNER",2.0,37.5,1.0,1.0
1175493c9d6c6f80396e23727caa4e369d223defe1f3181418426a377aafb285ff05e549677490eec699dc22a088ededfff170b69f82c66278f29ef186d28b86,CLEAR,"DARKNESS, LIGHTED ROAD",DRY,FAILING TO YIELD RIGHT-OF-WAY,1.0,55.0,2.0,2.0
117586ad9e7f0463a002bdc36b60788ed375b52defc7a6d217f098f15b82d8a74fd9a9b5ac07e786435b566801b378318e0c6618fb67ff2dd8563800e4f0ce7e,CLEAR,"DARKNESS, LIGHTED ROAD",DRY,DRIVING SKILLS/KNOWLEDGE/EXPERIENCE,1.0,29.0,2.0,2.0
1175b5b5bd3597b4d1ee5c11ab2fe5f11fe996d4f706e68225c69b9e2556f17c8c4e3e4a2a70de35f84a019331e8136029454daf4ef7f8985eeb4473661aa471,CLEAR,DAYLIGHT,DRY,DISTRACTION - FROM OUTSIDE VEHICLE,2.0,56.0,2.0,2.0
1175ba15f2197129b45ddbdc16560103f78ef34dd314b51b3d9e0943a36bdffce6fb82f0b17e5f042f143d9e52157286f18d234984eeb61c9feaeb42e2792bcc,CLEAR,DAYLIGHT,WET,FAILING TO YIELD RIGHT-OF-WAY,1.0,39.0,2.0,2.0
1175f3a705d4562d30cc9db4684459ea45edae73e984c2a2b587683eada9f55002f955d02da6fc3cd86882412e524298f0a03f9a461bbc8f59cc9dcf5f55d16f,CLEAR,"DARKNESS, LIGHTED ROAD",DRY,DRIVING SKILLS/KNOWLEDGE/EXPERIENCE,2.0,58.5,2.0,2.0
1175fad0dc6520141bb6f30b648a5b13aa9dae4ebaa3aaada4b778809e0fd5c4d7f7b6d1b7b4d437a12d97c29fd45e98e9c173ea9f4b74d2af4cf16643a7d5ef,RAIN,"DARKNESS, LIGHTED ROAD",WET,FAILING TO REDUCE SPEED TO AVOID CRASH,2.0,38.0,2.0,2.0
117646e326cd5b03d460bd42b6e82fc440c68de995c4d43d93f763e118a42884052e5b5d5111c114ed5413a9ec633031667d9554454f497e9aa2633ac2774374,RAIN,DAYLIGHT,WET,FOLLOWING TOO CLOSELY,2.0,40.666666666666664,4.0,4.0
11764de93f6aee34f941f408f758b4e9c4f1af23552fa8ca2aea1aa771b6a0d02dddab31730361d848610e811e4c92fac1c7b394a058777729ab079baec1e702,CLEAR,DAYLIGHT,SNOW OR SLUSH,IMPROPER BACKING,2.0,39.0,4.0,4.0
117658651c1819fdf7da4bb0474379fd3c3df2b7c8d139be0ba9fc3a472bb4009434a44e48716e71a2146c6bb2dd6a7ae3d363277e5766574adea1bde3b5b5ea,RAIN,DAYLIGHT,WET,FAILING TO REDUCE SPEED TO AVOID CRASH,2.0,53.0,2.0,2.0
11767c022f137e2d317b3c2a926aa6400da6b86ebdc8664d528c6197fdde1d4c9eca574e42e98b5f856f45954752ef1d2e8664d633d1160ccf5e309a0e3872ac,CLEAR,DAYLIGHT,UNKNOWN,IMPROPER BACKING,2.0,37.75,4.0,4.0
11767fff4fb0744aa8650587377ce41027c80c0d9b1706bb6a6333079adcb19a7a4439ea4c2290f69f34a055111101bdf51d011096ea6b604d7a3b5e6817cd78,CLEAR,DAYLIGHT,DRY,FAILING TO YIELD RIGHT-OF-WAY,2.0,33.0,3.0,3.0