crash_record_id,weather_condition,lighting_condition,roadway_surface_cond,prim_contributory_cause,total_vehicles,avg_driver_age,total_people,total_injured
1176e6dfba1877c8314007e36ef586ec563e8189ead40e34e379d316c1809b0985fde0f2735d33768ed6969a54f4fc950fe300aafe54bda04be2cc731aed3dab,CLEAR,DARKNESS,DRY,FAILING TO REDUCE SPEED TO AVOID CRASH,3.0,53.0,1.0,1.0
1176ef043564ee772a4ee138289a72d46ff06572ea5b4a5d938416203aa4e3b7429289bd56a8947792cab174b9cba84124aedf032cdef1e4f38664747a4cd121,CLEAR,DAYLIGHT,DRY,IMPROPER LANE USAGE,2.0,78.0,2.0,2.0
1176fe19b9c97c237b9960d2c01aedadce9a643d9cce95e2941fad9f4b63eebddd33677581319385ee1cff060ba3094ec18ac1243df45497066e33a7926fe1fa,CLEAR,DAYLIGHT,DRY,DISREGARDING ROAD MARKINGS,3.0,35.5,3.0,3.0
1177044732f491d1f86c65d1f2e39fde56e010cf1686b9e5e455dcfe539706dfe2ee454a4660e725f31ca71803781bc45e3a3fd63d7bad63a74bc048725e2682,RAIN,DAYLIGHT,WET,IMPROPER BACKING,2.0,53.0,1.0,1.0
11770941bd1e92c3452828e9e1078e1fecc1b2c2202b2dbf80abc49b89a5468cd2fd978eb816f4ced9cff7715ad7adc668d5f6d0415061466e43aec83ab0dcc5,RAIN,DAYLIGHT,WET,DRIVING SKILLS/KNOWLEDGE/EXPERIENCE,2.0,45.5,2.0,2.0
117716d72a047c1c6401deb7869c4c67d4cddeff601e8cd27333f47d2c7b3d0600c31d2e7ef39c34256f246c3a2202983afa0268ae2026ffbc9e28b7aecacb45,CLEAR,"DARKNESS, LIGHTED ROAD",DRY,FAILING TO REDUCE SPEED TO AVOID CRASH,2.0,44.5,2.0,2.0
11771ca0d4e761149fb60fce27c7f593a4198f10ef682c8d702ebf839ce0b36ed7873aca77104a7e2f06208021c216d0f3608a48bf37bfce039b632355626bd4,CLEAR,DARKNESS,DRY,"OPERATING VEHICLE IN ERRATIC, RECKLESS, CARELESS, NEGLIGENT OR AGGRESSIVE MANNER",4.0,37.0,1.0,1.0
1177435b8921ad4cde8d94d93b9ddc1679a1a648cde6c0a05f5906d1a7805ff0b1d8821caed8b4270997079f9cb52fe9e9a63337c261a4b3a3589f0c251af328,CLEAR,"DARKNESS, LIGHTED ROAD",DRY,FOLLOWING TOO CLOSELY,2.0,26.0,2.0,2.0
117746206274c5352465ffefee20982642363220be311a3a21d96521e3bf0587ad108f03fcaa1d37640b1c4795062fbcf8c1a228d346ef2459bdcfd3238a4ecb,CLEAR,"DARKNESS, LIGHTED ROAD",DRY,FAILING TO YIELD RIGHT-OF-WAY,2.0,37.5,2.0,2.0
117757e516cae76c6829ef2af3ec5fec2fca885bd64a88e0da950aa42aadcef1a81063dddb60c2cce87a4f92a0b24c6c850de3413f1284b28672404385211e5c,CLEAR,DAYLIGHT,DRY,IMPROPER LANE USAGE,1.0,29.0,2.0,2.0
11777127f1f0703aed0ea4f041c3140537a300305dec9e4748c99aba4d73b824d37930f9c193868edea25edf24773efdb9111ac1798e04cd3fc8ff191612ed5e,CLEAR,"DARKNESS, LIGHTED ROAD",DRY,FAILING TO YIELD RIGHT-OF-WAY,2.0,18.714285714285715,7.0,7.0
117782e8f1678ce51a5181d5af429143cac8b0c48b0bda84a9214c72b11f0c5835926f5ea47901250cd2453779e96a46849c79041d2258e2a08b4e2061407705,RAIN,DAYLIGHT,WET,DRIVING SKILLS/KNOWLEDGE/EXPERIENCE,2.0,47.0,1.0,1.0
117784a49a4c31c77a60b821c0cb6c875fb222f5610ff1f6fbfc69f4f193759658c65e18bfcb798593ea0ebb7541a4c77d9504a46949954672789f66f1c19344,CLEAR,DAYLIGHT,DRY,FOLLOWING TOO CLOSELY,2.0,69.0,2.0,2.0
117797feaa7a2d4124a4543c41af5481c12296ec8f9608c5ab4f2f49303965d6d0ae982d4d8e847880c71442f78f9b019acfd605ea430e1788e25735d9b4f2a8,CLEAR,DAWN,DRY,FOLLOWING TOO CLOSELY,2.0,37.5,2.0,2.0
1177af8c41677ae2cb0a6e564c0e6cbb69a0f12bfd745a7ae0e40bedbc6799336b8e06acd46d632ebdcfe94dc4e14344e1eb461c3c8daed13564fc9a6e442bcc,CLEAR,DAYLIGHT,DRY,FAILING TO YIELD RIGHT-OF-WAY,2.0,52.0,3.0,3.0
1177b7d1ada2500cb38b017d607a225def34712a0c0929f0afa840f2943d03af92f441bf12631cff2e8fc8408aa086b8c41974db78f629ba5451f25396940289,RAIN,DAYLIGHT,WET,FAILING TO YIELD RIGHT-OF-WAY,2.0,42.0,2.0,2.0
11781fd2a8680d61ed668e10efe7d75c385c74901cf919d4f1e71664e8dedd4db265cb28e1bbe7798999d2c4c6a854a8bcbc8582a66509701bee32b1abd1125b,CLEAR,DAYLIGHT,DRY,FAILING TO YIELD RIGHT-OF-WAY,2.0,32.5,2.0,2.0
11785cbeec1f5a82a3f27dbd4fefbf94490ab1e37d7bb17f8d540dc1c1600f2ddbac7a4e25f5f5475d17a9c591dca86f17e3e8c94fb7bf6c3f5406c369841944,CLEAR,"DARKNESS, LIGHTED ROAD",DRY,FAILING TO YIELD RIGHT-OF-WAY,2.0,50.0,2.0,2.0
117891103ad1dce9fd3eaedf8d198d549d77e0ba1e702172ca8949107bc7b910bd26a4bdf78b4e96a8c37c56be92c7f8aef2494b675fd78ecb346823e91262e8,CLEAR,"DARKNESS, LIGHTED ROAD",DRY,FOLLOWING TOO CLOSELY,2.0,35.666666666666664,3.0,3.0
117899ae7445ff18e1d07a37836a8a95f3fc3dfef13937251e0ac860637b0537a68bf99f3c5b6784506ffa86189dd97101c8931bf900e6ae5f7633b03e2ecf74,CLEAR,DAYLIGHT,DRY,FOLLOWING TOO CLOSELY,2.0,60.0,2.0,2.0
1178ac564b70bebd3a1e1157f94492bee50bae17f5ad647f76415a8ba3af482f47db6c1b82c8ac73eb4e89d352141e1c3374137dcc51d363d38fb4c76e28c4b9,CLEAR,DAYLIGHT,DRY,FAILING TO YIELD RIGHT-OF-WAY,2.0,33.333333333333336,3.0,3.0
1178b218041c07f3a7b6b1f9e62125139bcc755afe798af362273a6e61ac3204d755da4b37f98ab01de96a3e6831730828d80d25ed402bf59a99a8346ecbb4ef,BLOWING SNOW,"DARKNESS, LIGHTED ROAD",SNOW OR SLUSH,DRIVING SKILLS/KNOWLEDGE/EXPERIENCE,2.0,34.5,4.0,4.0
1178b240b582836a315b4594cec24e89f18f45d813ec076d9e682b8c0deec69d5cab56c2efc111237c09b937393ad8b7dca364f3084fb24583567a649618b57d,CLEAR,DAYLIGHT,DRY,DRIVING SKILLS/KNOWLEDGE/EXPERIENCE,2.0,24.0,12.0,12.0
1178b31953144852a09a019c367798ae1ecb4fa6cf21f1f9398744374764695327b70b35bbe8ea79ab283bf83bd412b992c72352014eb05480d6d707ace04d97,CLEAR,DAYLIGHT,DRY,IMPROPER LANE USAGE,2.0,45.0,2.0,2.0
1178cd93e0d63c502e452fdfcfb6eeb5834c18f1e3996355b668af4377dfd3a5f2f9cc7794bf88fa14c3fe69114a1bd6b65cc5c9f1476d134a0e3374e89d1de8,CLEAR,DAYLIGHT,DRY,IMPROPER TURNING/NO SIGNAL,2.0,46.0,2.0,2.0
1178e0f5dd2d420725f9659c0052e6a980b81a25760d31869d7e6bf1dc8d971ca3995620bb21abb55c8d1a7b48515fd178385ded95029b06c69dcd81a765eac4,CLEAR,DAYLIGHT,DRY,DRIVING SKILLS/KNOWLEDGE/EXPERIENCE,2.0,17.0,1.0,1.0
117941cd9f8113de953b62e810e58801383adbf413d8f8d5f1af126652cb673fa93ab505683d924b474b755f5bcddd32c39bd40791586470b30f2f5c15e8cf18,CLEAR,DAYLIGHT,DRY,FAILING TO REDUCE SPEED TO AVOID CRASH,2.0,46.0,1.0,1.0
11799d0ceaead9b2306b33cd0f56f11dc172d69bcdb4f6b0fbd44235f740716668ac8f0c19b43a0c19b9ae2bd7a6fe49b011127bdcb36cee94771d4f71a4f24a,CLEAR,DAYLIGHT,DRY,FAILING TO YIELD RIGHT-OF-WAY,2.0,18.0,4.0,4.0
1179b642d14d9c3f7ea6370bda040c2b838b122c75510951ca8c54fdc8d7f260cdf84897a5747e0ce933bee22711491f11aea47632857983a153d6f49da5d7f9,CLEAR,"DARKNESS, LIGHTED ROAD",DRY,FAILING TO YIELD RIGHT-OF-WAY,2.0,42.0,3.0,3.0
1179c529c8c93d02adcf11399ee68f7a05a7c6a5962a19c24e141d186db11d5b6ee4bbb40495012f82ed4ce5175ef61d261e4f292e4e823a8a01c013322121fb,CLEAR,DARKNESS,DRY,FOLLOWING TOO CLOSELY,3.0,24.666666666666668,3.0,3.0
1179cb7b2ab8715131fe3d08cd4642e0ab0205fd64a5b7c37eda10a29d54438de9196916d149688e872d3b28d7b9bbb13641cc5fdf6eaa4bd4a9f0954b1480ce,FOG/SMOKE/HAZE,DAYLIGHT,WET,IMPROPER OVERTAKING/PASSING,2.0,29.0,3.0,3.0
1179cd65184df430ff8d9f570d117c36e7302130392636511d7e3505c9565efe305b6bada426d224bc97d59dc613d4bd899a2bc8b4cd3e3ddce5a457d4716c9a,RAIN,DAYLIGHT,WET,FOLLOWING TOO CLOSELY,2.0,49.0,2.0,2.0
1179eba3a694dd25673202446e596d53af0aaf04bf953c2c1962bbbeceb78091e708041968281c3955a3a2bef289b6abafe671a64e24895b24b8fa7fb38f2111,CLEAR,"DARKNESS, LIGHTED ROAD",DRY,FOLLOWING TOO CLOSELY,2.0,23.75,4.0,4.0
117a0fc50c4fb4d7cdb8ad820d4e981157c88a6a30e483bb29484100da6ed95cf16e3511832c6fdba42f75a36264cc16a22b7d11df4c195e1ded98d01ede6870,CLEAR,DAYLIGHT,WET,IMPROPER OVERTAKING/PASSING,2.0,41.0,2.0,2.0
117a2bbbdf7d5161d3f977834a4d11654712885b55e999f96735971b170a2727d611dd7577f01e09dc19834ff50993aeb1c7c1796de4f91fda546d6744e1b855,CLEAR,DAYLIGHT,DRY,IMPROPER OVERTAKING/PASSING,2.0,46.0,2.0,2.0
117a4f142a08d97c60c2745063ac22c87543402bc051a2ec64f8be819906c5662b6ecea58d1697842b147b5c7c7e54bc74a4ad983ddc930dfa5a4730ec62c4c1,CLEAR,DAYLIGHT,DRY,FOLLOWING TOO CLOSELY,2.0,44.333333333333336,3.0,3.0
117a641ea6f75a9f93b111bc3985729cb04ad86e2d1e2bf89fe953697103ff4d66ebece568c9c9a8f4b7a3463e8347cc32e51ba38fc6830b4a01745238aef723,SNOW,DAYLIGHT,SNOW OR SLUSH,FOLLOWING TOO CLOSELY,2.0,32.0,2.0,2.0
117a71151bcd351c352171849a402a44b1ce3cff9b38575cf1eb8646200248abd63b415b10c6718f3d336b62bf9fc3be6d694144c00fb5d9d5b8f95617412011,CLEAR,DAYLIGHT,DRY,FAILING TO YIELD RIGHT-OF-WAY,2.0,35.5,2.0,2.0
117af2a4e0f2d397510df1483777387d4d7f024bcb49dae393d82abb6081e36ae8a4edc66c60c4dd518e37ac870fc4a60c20c63077e6ee2aa7d8553cb9989838,CLEAR,"DARKNESS, LIGHTED ROAD",DRY,IMPROPER BACKING,2.0,32.5,2.0,2.0
117b2dd39cb50a447d69761623bfaf306fdf57ea68f6f3021c2454a9c15a3ad2dfb209e6be3f330a26c34547a615a45c0457e3f3ec42b7b05cdec72fe7203f71,CLEAR,DAYLIGHT,DRY,FOLLOWING TOO CLOSELY,2.0,26.428571428571427,7.0,7.0
117b351687c51e698d939aa63fee7898cefdb3dafa6a7d13dd2b240e06f11dbcd8ebd7f8da00dfe59b757d1add065aba585bb4210c8e1db7c125a8cad15d8e0d,SNOW,DAYLIGHT,WET,DISREGARDING STOP SIGN,2.0,39.5,2.0,2.0
117b433c4d470b9c1054e29c87085c3dd46aa5c0535cd384e3ab471c1074ac0153005a323a4c1a503707d70948aa5472bdac4d7eb8f0b843e843528c67a3a84c,RAIN,DARKNESS,WET,IMPROPER OVERTAKING/PASSING,2.0,46.5,2.0,2.0
117b5a024ae46d5a0fef689fb6f981fc9c7252c7a9985050c22035c6f46945f14c09ac1fbed6a35cac54b854e874351802c3aa0dbf908fe5c867ac2b70d682dc,CLEAR,DAYLIGHT,DRY,EQUIPMENT - VEHICLE CONDITION,2.0,25.75,4.0,4.0
117b5f6df47c768582b0df740c6a79256542a4bfaa05963e0a29ac9d1ea7ef95dc29521eec7c5907d55709a8d213edd6a6d2681377a99ed7d707c4ee8eb97b04,CLEAR,DAYLIGHT,DRY,IMPROPER BACKING,2.0,11.5,2.0,2.0
117b83783911fbca50b7669284fbab8b8a9be401b825a9658db189e72d230e0b25af43148ba677b90ea6784c42d6fa97a68f801d47a76df4ae63a3ac2f99878d,CLEAR,"DARKNESS, LIGHTED ROAD",DRY,DISTRACTION - FROM INSIDE VEHICLE,2.0,57.0,2.0,2.0
117bdbc2f0ad74e6ebbcf9e358db767f60453a1ab2ff2b654f8d958057c309e0087f82f5de5d54e28e3db9c3cbe9a9a7f43d7e288cc1734ea0d9dc3171da7837,CLEAR,DAYLIGHT,DRY,IMPROPER OVERTAKING/PASSING,2.0,36.0,2.0,2.0
117bedcf7ff1bdfcb88a84629adbcef325f5d3f8ecf9111f25a965e212bb3bfcdd18868051e2f8b9ebd4189e35b104cf6025c5851418cf29f0d1769641c21ced,CLEAR,"DARKNESS, LIGHTED ROAD",DRY,PHYSICAL CONDITION OF DRIVER,3.0,37.5,1.0,1.0
117c1808c523163be185098518249e7303a7beb88196ea9ab9771fa442b87c5143a737f51b05a20f989f3e38929be252e6d030da3fde5da62566e920b2cccf5d,CLEAR,DAYLIGHT,UNKNOWN,FOLLOWING TOO CLOSELY,2.0,40.5,2.0,2.0
117c2d3bba10b6b199f999bd1ec00ff1c3fe1ce447d45c40bb1aa8d210334e4b33bfcf1b596ffee5095e455279824047007531cf5777d7840de4f3de2b57e64d,CLEAR,DAYLIGHT,DRY,DRIVING SKILLS/KNOWLEDGE/EXPERIENCE,2.0,52.0,2.0,2.0
117c2fe383fbee80f9ebf2c511878899ef6a35f1b505bc3da10623760092eab44e8cc270ddedbf72b67b7e408a68aa6b168943235046b43bcaf2d1cf12202c26,CLEAR,DAYLIGHT,DRY,DISREGARDING STOP SIGN,2.0,28.0,3.0,3.0
117c37ab7942d416537eb2607b6a393c4463c972c400754a5853d12b277c0e51b46ab14bc19b69e9b410daef7228f649865c12a6fd63cbf7a94b184293e5e543,CLEAR,DAYLIGHT,DRY,IMPROPER OVERTAKING/PASSING,2.0,29.5,2.0,2.0
117c380e160a270adb379fbeea2f68a4c12d7f48048bf0271abb3f2589826bea73720788009fc1c6b6ef2ab560380de448d2c06c6193960cd3a806fcbf9eb5c5,CLEAR,"DARKNESS, LIGHTED ROAD",DRY,PHYSICAL CONDITION OF DRIVER,2.0,25.0,2.0,2.0
117c3da199d1d52f7b42b355e73db8b20b6392a869d16a2346d7baddaa7bf962f4a92956247812e183b44e83b2f5118faecee75b0bd2183240f0026c2974d4d0,CLEAR,"DARKNESS, LIGHTED ROAD",DRY,FOLLOWING TOO CLOSELY,3.0,35.0,3.0,3.0
117c51754d1e24a03dde2d9cc2545320ad7953667c92977e47dda983878c5cee1e6d624bcc3dd687a3c9c36d43585a4da23a697b3c5c371ab8bf58d66edc8061,CLEAR,DAYLIGHT,UNKNOWN,FOLLOWING TOO CLOSELY,2.0,20.0,2.0,2.0
117c5c62cff545565910d7fa0d9008f3ca2147c18ec9d6bf71ea282468940aa0f407a5005f0eb04973b36a6e2cb8d9cb3417bdfaccc04025e491efb184af3603,CLEAR,DAYLIGHT,DRY,FOLLOWING TOO CLOSELY,2.0,48.5,2.0,2.0
117c71185e20ce5c68d036d05888905ff2d31e1d7297cb1b28451b47297b82c47ccc6abe9602fe4988e359cc8dc28d5800368952f0bbf31ce5a2fcf312fe8478,RAIN,DUSK,WET,DISTRACTION - FROM INSIDE VEHICLE,2.0,13.5,2.0,2.0
117c7d3c093fcbbd0c5626998ab24b31b4a91be759521221aa7b9c787351a274944b9c8b0b2b329dc8b7d39fac924d9ca4f8d1d356de34a1650f175f09f9adb2,RAIN,DAYLIGHT,WET,FOLLOWING TOO CLOSELY,2.0,51.5,3.0,3.0
117c8ee651516a77451e15fc00704be221d0e0ea7fcc347b1b3a85537c2a4d46453a42673758c8d070de1cfd382db2f704b54cc6d6fa92d52467f9408c69435b,CLEAR,"DARKNESS, LIGHTED ROAD",DRY,PHYSICAL CONDITION OF DRIVER,1.0,37.5,1.0,1.0
117c9e487da9176ba7d791cddc507aafe5d2d1f4735dbde2de633c3337b80f4b7236f2f59c4a041c84dc946c1d896707a1f28908fd8f13c5dc691b198353f078,CLEAR,"DARKNESS, LIGHTED ROAD",DRY,FAILING TO REDUCE SPEED TO AVOID CRASH,2.0,31.0,3.0,3.0
117cc50d6b4011b3ea86c948f1bff0be025ccd2392c8e70c42b386fb7cb77c37a2c0b6e1b8429e3a3f146815cae7123b38a649f81af21e186f77dd16761bbc6b,CLEAR,DARKNESS,DRY,FAILING TO YIELD RIGHT-OF-WAY,2.0,57.5,2.0,2.0
117cc7ab482264bd7a4d19c0a44cfd9f2c8bc19a22f3d0f74d362069cee0066bfdbe8766c4ef7b6d997521d8a60ff17c75c5ffce4721ea75d919b182b941faa7,CLEAR,DAYLIGHT,WET,DISTRACTION - FROM INSIDE VEHICLE,2.0,38.5,2.0,2.0
117cef7e4c2b4a516a20a7273f0815156a4aedf687dd20fd051e906d8dcfb7e87569b8e1483b8166550613fdba84a594bc3c237966b5559fafadf102338059dc,CLEAR,"DARKNESS, LIGHTED ROAD",DRY,IMPROPER OVERTAKING/PASSING,2.0,38.0,1.0,1.0
117cfc3f7ba93a12784f3a44e70381ff00f70f093b6c5525a4f1e1b0cbb432b2d6c3cc95701bba2f28e8f4b639728c12c5caf47b1ed8c14816c9cfecbe0de0fc,CLEAR,DAYLIGHT,DRY,IMPROPER LANE USAGE,2.0,48.0,3.0,3.0
117d0c5b8c10499e7d41f1034dd86abf4e5cd56e74a5fe6970e01974b1bd140da142707766f08793f7e0c08345d25c27ecae8f419cefa52ecf1ff3328596d758,RAIN,DAYLIGHT,WET,FAILING TO REDUCE SPEED TO AVOID CRASH,2.0,27.0,3.0,3.0
117d1d1a5cee2f83ed54de528991d818336fc01b6f02388af58a471219eb2fb2cb7a10bdd796ab7f276be8035bf68060cd7d1f122a10fa30848a41a245f5ebc6,RAIN,DAYLIGHT,WET,IMPROPER BACKING,2.0,55.666666666666664,3.0,3.0
117d45351f085c5745cc1d923dde0532c2c6870b5a3cbf6b042f1326133fb6186a220b49d33855f7e4bc900a1b6a4d3edf06cf39b520a2a6d3e7d62aa410f9ab,RAIN,DAYLIGHT,WET,FAILING TO YIELD RIGHT-OF-WAY,2.0,32.0,3.0,3.0
117d5e0f720d9c7bfb25efc1ef54259c6227e45f20f52746e72352f03c1ff4b680e4d09f627fc85658655d8ae963cbacc8c4c56756e8300363e7e533286b7ed8,CLEAR,DAYLIGHT,DRY,DISREGARDING STOP SIGN,2.0,45.8,5.0,5.0
117d5e23e2a154462049910ecc63097a3773ad7a78bf3cd81d6d650dbd792bd84a58d615e9abaaa2119cb48db90d51b67c93c009cfebb86d9a22a32c1a9b2d40,SNOW,"DARKNESS, LIGHTED ROAD",ICE,FAILING TO YIELD RIGHT-OF-WAY,2.0,31.25,4.0,4.0
117d703f7fdf011330de7fce95448eb36ea670f8add23c12014518e59c9a51f57810b388593531787f995d1cbe9e4bf63fb09b03be5a2d892fd7cae6614c7afd,CLEAR,DAYLIGHT,DRY,FOLLOWING TOO CLOSELY,2.0,56.5,3.0,3.0
117d7ecd9aa331ed845d11d6ff87b3c307753a70b5859d17469ed0bbf0013b11a823737cf8e05e2eb22840c622cd09adfab5adfc05dbd9720aa8d0b65a365676,CLEAR,DAYLIGHT,DRY,IMPROPER LANE USAGE,2.0,32.0,2.0,2.0
117d86a1504d69dc1c8b7b502201d65450a900ad01ce1d7ab49ef286fb627a1a3354e0d36fdc305049114cbc48091e3d970ddd1b9ebd31df37786e592f425476,CLEAR,DAYLIGHT,DRY,IMPROPER BACKING,2.0,41.0,2.0,2.0
117dac14920dcfbb48c6a57deb511ecc7f6c309ab2be7f4192e59c547a4166e5fa721e131ec93a07af348f55f0686d9e6520b84a43ec972f38abab601c263f70,CLEAR,DAYLIGHT,DRY,IMPROPER LANE USAGE,2.0,39.0,2.0,2.0
117dacf3fb14370f94f349ff17478375d5907dc2a142f37b2624b30839728820f431c9d24f56281606899a4c8063561ba4d66c7cd7b7619a8627c40b6544a6de,CLEAR,"DARKNESS, LIGHTED ROAD",DRY,UNDER THE INFLUENCE OF ALCOHOL/DRUGS (USE WHEN ARREST IS EFFECTED),3.0,27.166666666666668,7.0,7.0
117db735e27d664ae88f15ecacdfc9df926011cbf96ff015dc185085d7d5c4ff0f11bef6008abf0a0dad80a85afc12a5d5520b7cf2e6b38314bab4da92618564,CLEAR,DAYLIGHT,DRY,DISREGARDING STOP SIGN,1.0,23.333333333333332,3.0,3.0
117dbd9a5998a63e3b46990be882aeccf85d03322337dca1018f0873b2daa510d1c20aa3f88905c5875e1826cebd23a1b378897904099ee3179afbc17984d8c2,CLEAR,"DARKNESS, LIGHTED ROAD",DRY,FOLLOWING TOO CLOSELY,2.0,50.0,2.0,2.0
117dd3266fac177ce2d61c8f8321f317bbaf3abf12b46245ea9518090deff64ddf0d5fa5cde613fa2dc8dcec10fcd374b595e774f037ca9bc1c8d7f7674cae1b,CLEAR,DAYLIGHT,DRY,IMPROPER OVERTAKING/PASSING,2.0,36.0,2.0,2.0
117de405fd3c37dd12f98ace73d331fc67034d788a2948035d2df11e49a439a50dec66933d5cf718f8ac22cd0aa4e8d3e5633832e6b4a4641400643e30f085ae,UNKNOWN,UNKNOWN,UNKNOWN,EQUIPMENT - VEHICLE CONDITION,2.0,34.0,1.0,1.0
117de7c34dca19806ca1ac4dcfbcd645ba1254296eeb8cebecc415341292a1eeaf0af6bf42f3c77ab700ac8c7c844531cadc3da13600b7263dbd1b5f172cd7a8,CLEAR,"DARKNESS, LIGHTED ROAD",DRY,DISREGARDING STOP SIGN,1.0,61.0,2.0,2.0
117dfa0c116e9900da0a37df035cb5db4707ce0f448ab33a0e3e85b3f41869f32d0c39b5eb095f5d0bb449b8521cf3214f82214fd6c2d1c688148f6d2ed904f2,CLEAR,DAYLIGHT,DRY,DISREGARDING STOP SIGN,2.0,34.0,2.0,2.0
117e495f211021f411373366a346e0710636ab61670dd95d9663b98304c31f8e7d24b3cd4c759083bd3b517e539fb8dddbb5e1652464338e0b4ccc0182eb36d2,CLEAR,DAYLIGHT,DRY,FAILING TO YIELD RIGHT-OF-WAY,2.0,53.0,2.0,2.0
117e79187a06c2fd677a0b3ce76c1d98f4d2587cbccc8293ea8d06d6e3fc324cab650d0565a03d0f4b5505e978b64bcb7c8eb6c8cfde1e3bf958f2cd921a6f93,CLEAR,DAYLIGHT,DRY,IMPROPER TURNING/NO SIGNAL,2.0,32.5,3.0,3.0
117e990d40ed9a7dbd7cf712e33703b0f65e642ba39d0f6c3e58187397d199159257929cf1ae083f3e16235ac9c150ca217ce26a7c7f56fa1187a644e21518ea,CLEAR,DAYLIGHT,DRY,IMPROPER TURNING/NO SIGNAL,2.0,28.0,2.0,2.0
117eb95ec890fe03c0bac086d82fe7e765f2034cf66d6c48924b43a7bce4e72bc9756df8ff1741525d0f3a5fb0cd0519889259dd9c461434afc49fc1c58d7150,CLEAR,DAYLIGHT,DRY,IMPROPER TURNING/NO SIGNAL,2.0,34.0,2.0,2.0
117ed4ce281499921d94e481be9f1d76479723fa7ab6eec77e277f5d05948ed82df3c7f28294e3bc75611f9f2ddf961cbda200c2c3b44bd0a21466f6f5768e15,CLOUDY/OVERCAST,DAYLIGHT,DRY,EQUIPMENT - VEHICLE CONDITION,2.0,37.5,1.0,1.0
117f065b363ca529cd08af6f4e90234ea8ae2c93b3d85a90810b0cd47509ee7132d926a3801339f755a2a3503fa58be60386c84f91b74fb395e9291f8a73cbe6,CLEAR,"DARKNESS, LIGHTED ROAD",ICE,FAILING TO YIELD RIGHT-OF-WAY,1.0,46.0,2.0,2.0
117f126606434a52b345db034391a5689605b44f059a31a1e30db6bab5f3d879a2e196c844bfffbb5a8ecb735991c1650c670f28435f8551e02c8099f0f46444,RAIN,DAYLIGHT,WET,FOLLOWING TOO CLOSELY,2.0,32.0,3.0,3.0
117f1c3d8bce910c8f15a47dd1cd13998b8a5a45c5585ee2e775ed580a085edb3092bf2f53b3d6c51e33f59c5fe1e417e6b9d0a3ec522ca191e51bc354d01e91,CLEAR,DAYLIGHT,DRY,IMPROPER TURNING/NO SIGNAL,2.0,38.0,2.0,2.0
117f1e3c855b20037a4758e8e026967782c0364bab31580a336400803815298f6ece51b079fecdded6cf96ad4d40f4af9c6c55acc96b601975493f73afae615c,CLEAR,"DARKNESS, LIGHTED ROAD",DRY,FAILING TO REDUCE SPEED TO AVOID CRASH,5.0,33.0,1.0,1.0
117f21807e70c852da61ab7ca79c27d5aee317a6a0290a5e18a288079620da19b5adf7344bc00b263d550f4ff10bf072616474167484c09c3b483d3eb68be5ae,CLEAR,DAYLIGHT,DRY,FOLLOWING TOO CLOSELY,2.0,35.5,3.0,3.0
117f370da4d76f18c320dcb8e64ee81a90ae4b9ed94f082d90d898368e802bc2f6a7b324c82b8daf6ef3d574c2833055498db5e77c7160f247c1db802cffc6c1,CLEAR,"DARKNESS, LIGHTED ROAD",WET,FAILING TO YIELD RIGHT-OF-WAY,2.0,48.0,2.0,2.0
117f4b91b65c21da9cfa3d2d503e47d21f340af42ed6846d01178ce36825d0e43574195ddad67d0e928a7d23623022595d6c414403c7e688e320183fa32195fb,CLEAR,"DARKNESS, LIGHTED ROAD",DRY,"DISTRACTION - OTHER ELECTRONIC DEVICE (NAVIGATION DEVICE, DVD PLAYER, ETC.)",2.0,25.5,3.0,3.0
117f54fd532490188181a80c4e330d9e19e163d4f2bc802c1df0015cd6acd8df564bc9f9cd737a7136e731eae244ac29269eb00ec584f42efd1eb483ac141c48,CLEAR,"DARKNESS, LIGHTED ROAD",DRY,IMPROPER BACKING,2.0,62.0,1.0,1.0
117f6705252cc192591029d69ee991169de65755f149a143d41ea6f54646cf6ccbededdd0acb3f58091c5d360b79a82035bde92dcc793d6fe2dc5611389ece95,CLEAR,"DARKNESS, LIGHTED ROAD",DRY,DRIVING SKILLS/KNOWLEDGE/EXPERIENCE,2.0,24.0,2.0,2.0
117f7dd66a4ea3176a88c4301767879388fca37c40b471092ccbd423b540b66741f87e94579b71a9cc359632d9e88f721931dfb01efdf066e1a0c0bdb546cdd9,UNKNOWN,DARKNESS,WET,DRIVING SKILLS/KNOWLEDGE/EXPERIENCE,2.0,35.5,2.0,2.0
117fbea88cff14bda30f79e945a00b8ca5317246aa50b9c5e6c00d647b5cc5b49edc7328aa86e353e56bf75c072d80273a347eafe5dde6fd94fe9fb05cf98e79,CLEAR,"DARKNESS, LIGHTED ROAD",DRY,IMPROPER OVERTAKING/PASSING,2.0,24.0,7.0,7.0
117fceae83c16ebe8034d8969c31c15e6a335b3efe9ef3f7eb10243032b7e0a4198ffc3d62654776a9653cf4475be106c2652ea4e46b09598faad09257ff5171,CLEAR,"DARKNESS, LIGHTED ROAD",DRY,IMPROPER TURNING/NO SIGNAL,2.0,37.666666666666664,3.0,3.0
11801ec3488087b10aa379a7d55710a88651f54b4230e372b809dd0e216b5c693b27cc0fac7f4be64f5317ca9dbb57c7bf0e404b5f1f4cc2c64a512d763723ac,CLEAR,DAYLIGHT,DRY,DISREGARDING STOP SIGN,2.0,41.0,2.0,2.0