crash_record_id,weather_condition,lighting_condition,roadway_surface_cond,prim_contributory_cause,total_vehicles,avg_driver_age,total_people,total_injured
118045cba73cd0a4f8e2222534d037a762ba0e1c622368425bba1072f2f84ae0c476a239d60f287434571727f923f0112970a17b394dacfb930695d4aaf559be,CLEAR,DAYLIGHT,SNOW OR SLUSH,DRIVING SKILLS/KNOWLEDGE/EXPERIENCE,2.0,37.5,2.0,2.0
11809a0472ca9423fdd8847105b72ef1c1586df8a36441f7af585614125cee531f1008e582ef3fc17fc52b8a9b241615fa6f7143393f1e82c2bd0d1d46424bad,CLEAR,DUSK,UNKNOWN,IMPROPER BACKING,2.0,25.0,2.0,2.0
1180a4146478a4bc7730ccde0c1f8615ac426b54623e0fc72d15749c624e7f83ac8f6541cee1701b0e0ab71c4465b69261457bb760e1efe17f9248d85a3d7a00,CLEAR,DAYLIGHT,DRY,IMPROPER LANE USAGE,2.0,42.5,2.0,2.0
1180aae9e69c57e0a99ed7ef0cbdab9993f3611c9ca1da6a4cc27d840c7b8858bc7678355acf780aa475fe3f4d0948b1b9329d7e0918dfbe0bd3eebef272ce33,CLEAR,DAYLIGHT,DRY,DRIVING SKILLS/KNOWLEDGE/EXPERIENCE,2.0,48.0,2.0,2.0
1180d112f0562768fce513aedd2d4b717c11f2b661bf77a050f08859ba13210986228ac5ba142c9401611691f1223ee34140d5a3bcc2be8e5d7bf913c8724892,CLEAR,DAYLIGHT,DRY,IMPROPER TURNING/NO SIGNAL,4.0,25.5,7.0,7.0
1180d731a46a35ec41d7033472e0331f65a4913d028537cb4664825a0994249b39a232931939a6675df2428e86d4ac6faa281c35703b4dd942ee7838e7e21047,CLEAR,DAYLIGHT,DRY,IMPROPER BACKING,2.0,31.0,2.0,2.0
1181008966baafe1b457a8dc02a0400a604cb8ae5f008b6012a82b0b8d2cd0827f6b8f904c08f130234f631f838535a0c22cfc9421683cbb1a9f19779cd1183b,CLEAR,DAYLIGHT,SNOW OR SLUSH,FAILING TO YIELD RIGHT-OF-WAY,2.0,45.0,2.0,2.0
11810d0fc0fbfcad489475ba190f09a757511129d38f9d65cc1398bf74daae0e3ed3d4a8357c496138c0e71a2f2ef6d5c54974ee91a95859de3e2a8b5bcab1cd,CLEAR,DAYLIGHT,DRY,DISREGARDING STOP SIGN,2.0,53.5,2.0,2.0
11817859e1953237f6637e2fc5256d041ad21347c3c01b71764e187db3f8fb7f8bca79a16d17487d525dc394583cb5eece0b81225761b0226163423915a96e59,CLEAR,DAYLIGHT,DRY,IMPROPER LANE USAGE,2.0,47.0,2.0,2.0
118186429b6f036ea9cdc5819c8747b1f1e492e90e13654f1e3b083a0050d5d07c412a4ec95ae8b709ba83520d9c89b9e2f1e3edc10dc2b44c59dec72042d57e,CLEAR,DAYLIGHT,DRY,FAILING TO YIELD RIGHT-OF-WAY,2.0,41.5,2.0,2.0
1181b00a962a8c55a37cc319d1813d707ab262dadcdcf2653125ee00d63187c1e78db2b76de76a89405302eb57d51269b0864b1d79a791872198d521778b73b2,CLEAR,DAYLIGHT,UNKNOWN,IMPROPER OVERTAKING/PASSING,1.0,24.5,2.0,2.0
1181bfeb385029571c6556105e3a9da28f81768de06172d63ce46f6d048523dfe8aeff6ce66390a3d4d21f00f05ca4597ffb7ee8fcbdc2ebea30310664b3c807,CLEAR,DAYLIGHT,WET,DRIVING SKILLS/KNOWLEDGE/EXPERIENCE,1.0,37.5,1.0,1.0
1181c1669e99880e9ffb8ff8d65888d032593c8fb8fc59463051dd37b33375d60ab2829b48528a5ea0c4e3fc06ae12b78d267ccbce31d97450e980ce06837d48,CLEAR,DAYLIGHT,DRY,IMPROPER OVERTAKING/PASSING,2.0,47.333333333333336,4.0,4.0
1181cc9a3e9506aa71488df9ebee37772d780936561ff70057babf283070ae6e7bac00d62434cdf3af7c21e3ea8cd170c6aab132456772364f246ba6ab7cf55b,UNKNOWN,UNKNOWN,UNKNOWN,IMPROPER BACKING,2.0,62.0,1.0,1.0
11822826aa77e72431b8b782e2809004c9b6a1db594531f0d2136fd59a0abb4c8d0e92093985066438b873478325d5da85123ce7e174007fe20094f76c067f95,CLEAR,DAYLIGHT,DRY,FAILING TO REDUCE SPEED TO AVOID CRASH,2.0,47.0,2.0,2.0
1182312ed975f4d3fb0c9019b0ad54ca63e0e7208fe74c8501db0deae5fd11114232f1a44db362f868bb044561ce1b0ee2d0d24474d00571846fbd0bc030685e,CLEAR,DAYLIGHT,UNKNOWN,FAILING TO YIELD RIGHT-OF-WAY,2.0,26.0,2.0,2.0
1182669f9a85402c4df7222a8be72031d04609a4e29478f0dd78d075cb9b6884d5834dd67ff346cdd704d978f815853a505d2e3383d5f75c401c29b7bf3abab4,CLEAR,"DARKNESS, LIGHTED ROAD",DRY,IMPROPER LANE USAGE,2.0,23.0,2.0,2.0
11827bd20ac8c04c4e1bd828bd08237586883c67dc7fbdabff9230c6d1c2c771b3b41d9edf413e3aa505bda4257dfe74f9fc7a31cfee1bcb2e9a7d95187f073c,CLEAR,DAYLIGHT,DRY,IMPROPER BACKING,2.0,29.666666666666668,3.0,3.0
11828bd9abd7c957b7d7ceb74a31dd83093462e55f222bbda9e7bead874518a5e160bd1dbdb09f9050e4d1bfed70277ade91621bba70fe390838a748f3144801,SNOW,DAYLIGHT,SNOW OR SLUSH,WEATHER,2.0,46.5,2.0,2.0
11828d79fcf3d1df0683c86e892e8b2df7378d94b5f05a4f516bdf053f26d0ed626729ff166960e9a1439401b045c2f9e32e49a00f0adac6e0e176895b0f3d86,CLOUDY/OVERCAST,DAYLIGHT,WET,FAILING TO YIELD RIGHT-OF-WAY,2.0,37.5,2.0,2.0
1182af6d9f556a6526cf4dcb776113bab21f0e875892e5dabec4e01a5649052b76fa1768458b1901cd039b526f7aa9992d54aac08b3a54811d917ba3d02cab1f,CLEAR,DAYLIGHT,DRY,FAILING TO YIELD RIGHT-OF-WAY,2.0,38.5,2.0,2.0
1182e4b36d6b1a75cf74b77ca86f2b0a15160aa39738e8f4034e55ae633bd92593c1e3ded357493ccd8d754c547a5cd750b525c031788d96ccd88d69ab089443,SNOW,"DARKNESS, LIGHTED ROAD",SNOW OR SLUSH,IMPROPER TURNING/NO SIGNAL,2.0,49.0,4.0,4.0
11831077dcb4c24c22fc4ffac5e436d120a56239f51b378f4f78fac1a751d28d61d9842c71b2bedc2fd579e9d5e6506ce11d697bbe045b5566d94454d079eeb9,CLEAR,DAWN,DRY,IMPROPER TURNING/NO SIGNAL,2.0,58.0,2.0,2.0
118369c001e499ea73888953ed89a9df6051e09c080c608a1644ebc7047b7ebec95af6198972984732ab8720e1c2ad54918618bf5cd3bef80bfe9b5719796b5a,RAIN,"DARKNESS, LIGHTED ROAD",WET,DISREGARDING TRAFFIC SIGNALS,2.0,40.5,2.0,2.0
118377cdfbad250cab6ecc11faa86ad7b2da8cec1a5579a44d0a83548ae03a129d382575184dacba55d0358fca9e5199fe2f5cbc6baa0d16b016e7bfce3d60b4,CLEAR,DAYLIGHT,DRY,FAILING TO YIELD RIGHT-OF-WAY,2.0,23.0,2.0,2.0
11837d8f2dd5b0d5371b6458bd5bd93204c2cd3d305d473c5aaeac68dfcaf7f575978451f703180a633cccdf830cf76c9e5c48ff6ac7504f85eeacc02e3f5868,CLEAR,DAYLIGHT,DRY,FAILING TO YIELD RIGHT-OF-WAY,2.0,47.0,3.0,3.0
1183bd816997c113c80309299c2cf72a7915ea4507d2f30b9fed5e4f72da2c7c6dde9586ae42de6aec3dbf404b2eeaf776d0d3a682a646381fd9a543025ba843,CLEAR,"DARKNESS, LIGHTED ROAD",DRY,DRIVING SKILLS/KNOWLEDGE/EXPERIENCE,4.0,37.5,1.0,1.0
1183ebe6b4ff73cc080ee1c527a4dd1aca5fce219e7f7ba08f6e6bff9c359abd840c50520944a58d3ca907e80a921a75225d21e93b668448285f66f723b66c37,CLEAR,DUSK,DRY,FAILING TO YIELD RIGHT-OF-WAY,2.0,30.5,2.0,2.0
11842c0a3b2dadb00156b88fde307065ecf56f96816e7bcf8f2a35e42543de9b065bfc3ad97e3025e89531298cad28f770788ba1d4e08ec1167355f99febf342,CLEAR,DAYLIGHT,DRY,FOLLOWING TOO CLOSELY,2.0,34.0,2.0,2.0
11846a51c65441d8c5a37f7e20f4c734f7895c169ba8b7cdedf077dbf51637b65395131434bd84490e3e8b9a2157859769866939855589c7042c97be048ef14c,CLEAR,DAYLIGHT,DRY,FOLLOWING TOO CLOSELY,2.0,37.0,2.0,2.0
1184a425b51c581611a8af85ca3b59f2d0dfba0494fb78ef3bf220527c4d32145f9761ceedbfa6233cd8ecac6cf5474db729406fbf97eb79e26cd4e0d9c4e877,CLEAR,DAYLIGHT,DRY,IMPROPER BACKING,1.0,37.5,1.0,1.0
1184acbcdea0fb9139fab8113d0ae22c4c1f01c4f9a2908a10001699a5ee5853955c488746c69e0018770644ea74ecd2d3e1ce2d6e8322b9ab1941bc0e4a7469,CLEAR,DUSK,DRY,FOLLOWING TOO CLOSELY,2.0,38.5,2.0,2.0
1184dc016262682eac6f6f2a428dd3a5b60a2cb25839a754e1480601204c10f182b3d40b0f0b4626e59a8aa5dc498e97ac547e72bfb7a266203fb778d76d65aa,CLEAR,DAYLIGHT,DRY,IMPROPER OVERTAKING/PASSING,2.0,26.0,2.0,2.0
1184ec5b3703f3d0d340eb8e188e6cd78c87dc7dbe650d2f196aeeb1009a7115fc48e37d52e7e46ab5b79287bf6f341550fde87b689903c1abc6cbb571183dbe,CLEAR,"DARKNESS, LIGHTED ROAD",DRY,DISREGARDING TRAFFIC SIGNALS,3.0,50.5,2.0,2.0
1184fd6f0bc06f5b7d9054237667679ed8a92ce70d9fc2d1e771bfea9f8b1e8b7edb5c68b8f49b5b88f8f9e995fa2cbf25380be9e98771dd1ffd635f50869ce9,RAIN,DAYLIGHT,WET,IMPROPER LANE USAGE,1.0,31.0,5.0,5.0
1185042bdc38badeb2879a4ae5b3776d316dadfbb9ce5506a1acf41c2d5b105d50705144f87577b82ab2aeaecc58c6f6c9dfa467f8d8471a0370184b9819ffec,CLEAR,DAYLIGHT,DRY,FAILING TO YIELD RIGHT-OF-WAY,2.0,50.0,2.0,2.0
1185411fbcacb4293622ec84b4ff031032f787a73db5830496ddfc164493b224ffacfb41e991d237d36217d4208960ba043ce783adf5dac80f2c004b7cfe011a,RAIN,"DARKNESS, LIGHTED ROAD",WET,FAILING TO REDUCE SPEED TO AVOID CRASH,2.0,23.0,2.0,2.0
118543e5b18f8b64338491b3e88baa35893b904e2338a5d0140d45e4c8113ee35129ba9a2924bf9edfe650e15debc5e1fa01e14124ce33235a72899346e46394,BLOWING SNOW,DAYLIGHT,SNOW OR SLUSH,WEATHER,2.0,37.5,1.0,1.0
1185527604c20b6995390a94bfa165665d7c461086c5d30ddc1a7071ac41be800fbe3948e3370407f8317312d56926cea4670716b6578828f489d148863eeb35,CLEAR,DARKNESS,DRY,FOLLOWING TOO CLOSELY,2.0,37.0,2.0,2.0
11855340ed6efafabbc17387612261ee8ac97adccee8a2b7fb174a5cc976c0b6e2458a3ba4634fca13a373f8723ab3547df85859e7533d7a63f2dcbe98255479,CLEAR,DAYLIGHT,DRY,IMPROPER LANE USAGE,3.0,50.0,2.0,2.0
118555ec514514c4ab834d3f1306cdfa6f9531f7ddf3d72afe25baf9f93bf786a1bf65efbd37a64aa3c8c5f83742569ed4cb1252a50a479946be92e6265ffe2b,CLEAR,"DARKNESS, LIGHTED ROAD",DRY,FAILING TO YIELD RIGHT-OF-WAY,2.0,31.0,3.0,3.0
11856f417a10373c157d7b007491bd18e4c78cc3ff00defe124a149a0b588226971dc12451be1b7f62e5bb5781b83c44cf1286dfdb7a850e9bb9e0faefd2bec3,CLEAR,DAYLIGHT,DRY,FAILING TO YIELD RIGHT-OF-WAY,2.0,32.0,4.0,4.0
1185c37174aa1d21fde363b698b3a6e72b5c7f92533a9f734b9a559e838b358c98deb6ccf0d17d10bdd7363fa96c29366cae88ff24d74dcfb3c5d96757863650,CLEAR,DAYLIGHT,DRY,DRIVING SKILLS/KNOWLEDGE/EXPERIENCE,2.0,35.0,2.0,2.0
1185cef8b4eacb56f79ac6f700117d8f3b1815ff1d94463b12ed03baa0e20ad1990668e114d898771f8ef4321e22105767eed2ad198d453dfa2c76e92e9651a4,CLEAR,DAYLIGHT,DRY,FAILING TO YIELD RIGHT-OF-WAY,2.0,54.666666666666664,3.0,3.0
1185f38d6542b869a2dd212ce5bae6f51c6cf304ecd1b308ecd075bd24b1fe376cebeca2e3a795d20d264da11ebc349886f921ed59139238e417a1061bc9e464,CLOUDY/OVERCAST,DAYLIGHT,WET,DISREGARDING TRAFFIC SIGNALS,1.0,20.0,2.0,2.0
118607563ef46739258cab1b71d16cdc606440f7763b86ff3b77ca577e69c9ae369acf2b94fa72c44f7dc692f4c6f5d78cab2d367a9b911ece56830696d3955a,CLEAR,DAYLIGHT,DRY,FAILING TO YIELD RIGHT-OF-WAY,1.0,29.5,2.0,2.0
1186531538f801ce48dede4fb0e3d71942e43c697142f34a8963fcdba49e30165e2e4a535658a9d2a5ca941e60b25fe10f5eab5463a79f22d0d6bad54febd0fb,CLEAR,DAYLIGHT,UNKNOWN,"OPERATING VEHICLE IN ERRATIC, RECKLESS, CARELESS, NEGLIGENT OR AGGRESSIVE MANNER",2.0,30.0,2.0,2.0
118653b408b466ec1c000e8cce1abce5edd8586f80f08f5cbe01473896250429f0e022e4c285531481c3b3f1fb27965be1810f63aeb4e636ab43e1712a04864c,CLEAR,DAYLIGHT,DRY,FOLLOWING TOO CLOSELY,2.0,53.0,2.0,2.0
118753764d9f74cb4f4b38eafd999b73ab2a95b10733e50234f0abfb7ad29f2ce9bcdabb3095a9eee150e7bfa4858b194b842ba8136a04d3565b017fc3a50be5,CLEAR,DAYLIGHT,DRY,FOLLOWING TOO CLOSELY,2.0,39.5,3.0,3.0
118755f6b49ecc8cfce8a64472c18ef72776e820a962fe9226f144215234fe82cf3658555444d0b02563c648f1a753f8dabb70be70ee6c738731d85cbe1b99f1,CLEAR,"DARKNESS, LIGHTED ROAD",DRY,FAILING TO YIELD RIGHT-OF-WAY,2.0,46.5,2.0,2.0
11875b4e03d7f12dacdf0226d545ec7fb3ffacf2ff70620f713a2a9448c4f4acb8b08bafed131ae337571e762aa532d5ca9c93baf9b7c26bdbe6744304e4afd8,CLEAR,DAYLIGHT,DRY,FOLLOWING TOO CLOSELY,2.0,46.5,2.0,2.0
118768ad052781a8eaf2a3994203062fd53ef7a8ef7ad40925688fcf58f4d3d30e0d2a8839b79aba812a939bb5a5c7d5451a5b0adb8c4e9eede3a6fcd90fab3a,CLEAR,DAYLIGHT,ICE,WEATHER,2.0,52.0,2.0,2.0
118774e5011a840bca85d277df9c62595729a183ce1677780f95a5249507da43c3599aaff8ce15acdaa8101c14bc31a696ac1f20b33af7459e0934f1b0bb3aaf,CLEAR,DAYLIGHT,DRY,FOLLOWING TOO CLOSELY,2.0,32.5,2.0,2.0
1187a07a1a2b97ab4b8fc14bc3f3d99e561c50d4eb9166e676dd6ab36a8714b9a9e921ff83a7451ac8b4e19871f910cfa84785c3cb37d8e309ac0dd57a587f18,RAIN,"DARKNESS, LIGHTED ROAD",WET,FAILING TO REDUCE SPEED TO AVOID CRASH,2.0,54.0,2.0,2.0
1187aa513a51f7bb09804b7cc34d70994bd24bfc9860a1c3c5e87159565c432058583841eeacf25fc67dd4588a4b474b7fb301457f094a3d5e08a00c2c082325,CLEAR,"DARKNESS, LIGHTED ROAD",DRY,FAILING TO YIELD RIGHT-OF-WAY,2.0,38.666666666666664,4.0,4.0
1187b1e207a9fff2db9ad5b4044fa734b47ca5110f70ac0b24d6000c04d2aea45e4a084f85bb9ebc6ea991fac90096a5fcdacfdd9f0795d14afa7a484b9c2d7a,CLEAR,DAYLIGHT,DRY,IMPROPER OVERTAKING/PASSING,2.0,12.0,4.0,4.0
1187b5193440e49d30cee585f95c6be7fe92f9c627684726658356e7549c7f0610553d3ecb906aca84a83c6e1a80ee82bac490f3b79b2c8f4d8ab5c7d1559309,CLEAR,"DARKNESS, LIGHTED ROAD",DRY,"OPERATING VEHICLE IN ERRATIC, RECKLESS, CARELESS, NEGLIGENT OR AGGRESSIVE MANNER",1.0,27.0,1.0,1.0
1187cba9db14d8b5e4f41dd0a3ec9ffc93c1a1efe71cce5b6491716a6c29c52466d0c8ea5db2f5ffb309cced27d63455e19b4bc648dd688f488e56ee247066cb,RAIN,"DARKNESS, LIGHTED ROAD",WET,DISREGARDING TRAFFIC SIGNALS,2.0,30.0,2.0,2.0
1187cfed3898ac66890c4a419275ed14fb92a9965c03cb0903c602333d0fb22ec675541fb7b32bacfed4e4b7706f970635156904fd247dd0c797520710c7d0de,RAIN,DUSK,WET,DRIVING SKILLS/KNOWLEDGE/EXPERIENCE,2.0,62.0,2.0,2.0
1187d0cf8fecc0ba681b41cc4e93c08692b2d586acbebaca792be0335eba8a66ccd1a502c7677279901942040cdd258d6389ca27e72fed58c97a5889c936d3a1,CLEAR,"DARKNESS, LIGHTED ROAD",DRY,DRIVING SKILLS/KNOWLEDGE/EXPERIENCE,2.0,58.0,3.0,3.0
1187dc39707ee05178ef1e209f913a47c2faeabd56727ef5f01849f772320638b099d3d60bcebca187aaf866a1b157bfcf14241cbb5269342a842b6a1ad67d68,CLEAR,"DARKNESS, LIGHTED ROAD",DRY,DISTRACTION - FROM OUTSIDE VEHICLE,3.0,51.5,5.0,5.0
1187dd6c7d03391a8646004fc7d34a03ce5b4d6ff6480fc2218ec026e62765f00f3d3da047e8f1a22399da17fb3783e6a6a6353b4380daa7ef95a46ee6aefd02,CLEAR,DAYLIGHT,DRY,FAILING TO YIELD RIGHT-OF-WAY,2.0,47.5,2.0,2.0
1187ea7a651338aa6a9c882c95e9d23485da184cdd1efbf360a2d5acdb34ce19010d7867322e0b558b56da7902ba3f1aebf60e138619958504e357e82a0f6eb3,CLEAR,DAYLIGHT,DRY,FOLLOWING TOO CLOSELY,2.0,37.0,2.0,2.0
118871a60740e1690d226c9f8f4fed357fb1197e4f8e5bb5341dbe9006471f228355d07f8bfd6734540e9e66621daa48e69cc0e3e4356c81f81cd0133569abee,CLEAR,"DARKNESS, LIGHTED ROAD",WET,FOLLOWING TOO CLOSELY,2.0,38.0,2.0,2.0
11887b7bd330889902b7338e26851fce3da3c99e50bc80ad5939441753738e0e203326fb286756307ef07d32c9b98a803a12ea51738bf735ceec3677fa1ec268,RAIN,DAYLIGHT,WET,FOLLOWING TOO CLOSELY,2.0,49.0,2.0,2.0
1188937219300fe9e4f18ba090f01f3337894aaf74a200fb3ada52a98454f77c80f1e6933864a95424a9badcf8e5d55a5e9ab925eb9d7f4e0ac053d2412bea86,CLEAR,DAYLIGHT,DRY,FOLLOWING TOO CLOSELY,2.0,27.0,2.0,2.0
1188a5f3c1687a106c45a5b4dedde61e41e95dc42399a887733750e760c5a9806c726cccd45f3e14a183148001496804447acd5218a60d381c344ec4fa16f104,RAIN,"DARKNESS, LIGHTED ROAD",WET,WEATHER,2.0,40.5,2.0,2.0
1188b3f716b2a6fc936d2182eba3b2b0a872c6cd14adc5775b602e380aa5747c2fb33f18892f8d4c975b6667beb261a338750909c60d5aab7fc3bff7c310421e,RAIN,DAYLIGHT,WET,FOLLOWING TOO CLOSELY,2.0,53.0,2.0,2.0
1188ba1a691718f2437a5f3f3f337391a93a7d69df9f77cdae9d49fd3528b06472a1148809adbc2c7216d737f3824f44303a2eecbf5e93a6c60f630096458da3,CLEAR,DAYLIGHT,DRY,FOLLOWING TOO CLOSELY,2.0,58.0,2.0,2.0
1188bb6ed782c0d89c149ab56798be289c43d18defb213321840b05e7f8caf2ed9b1a1d9a2116cc170f1ab0f23bdc50452eaa728cb086d083048060619259757,CLEAR,"DARKNESS, LIGHTED ROAD",DRY,IMPROPER BACKING,2.0,37.5,6.0,6.0
1188bba8d2e65228a2afb2d89583fe608081370aa40b14774465ef6809f5f73e7597a55bcb48574f120afc5f66816c24ef832fd960a3f8ffb5391e0ff6eea2f3,CLEAR,DAYLIGHT,DRY,"VISION OBSCURED (SIGNS, TREE LIMBS, BUILDINGS, ETC.)",3.0,29.0,3.0,3.0
1188bff6265931558eae20760d80e12fe3bbd0f2fc625264861c78ae8d956da4c0592f4084c8f5679cf533b2ba2a184cb6f12b419805616d39a1c07b616677fd,CLEAR,DAYLIGHT,DRY,FOLLOWING TOO CLOSELY,2.0,31.0,2.0,2.0
1188dfda837bbf491e68f40f6f4a139966e550281286a260343608ef31146b2ac799b93cad101eeb4c243c1324f2c2baf7306ce60f9d6939fd023afc6bb53d37,CLEAR,DAYLIGHT,DRY,FOLLOWING TOO CLOSELY,2.0,62.0,2.0,2.0
1188f82fbefb79c734ce330f19054362dc03540b629b255c071059fde964a7d39a42a592a649c492db8e6f2a24ec9f8425adecd2ec0fdbf490af525b9f750c74,CLEAR,"DARKNESS, LIGHTED ROAD",DRY,DISTRACTION - FROM OUTSIDE VEHICLE,2.0,43.0,2.0,2.0
1189502c6c33961cd979280926bb66b3a2f84adbcb9c098ffd2c533eb9c5cc04d062d11df382f666a5e19512bf61844a4dd3b89d024964b99b4f4b4facd9930a,CLEAR,DAYLIGHT,SNOW OR SLUSH,WEATHER,1.0,56.0,1.0,1.0
1189812d9d827f3b99995f82d6a12f567d7bf51a7e70f2dcf0e090ca0fb1614d24251a2d636241d9c5e749a1159141088dd89928e712f02ba35f2f17a3273965,CLEAR,DAYLIGHT,DRY,IMPROPER OVERTAKING/PASSING,2.0,53.0,5.0,5.0
11898d63e8ee6da04bc7f14b47b5602a76fc496be743e3fef73456ed86e44449bc46966b0b675f0f766be8dc6895cb46e6f683d5124d9eff18ca4894ba9d4165,CLEAR,DAYLIGHT,DRY,DRIVING SKILLS/KNOWLEDGE/EXPERIENCE,2.0,37.5,1.0,1.0
1189a96830cf4365fabcb97baaecd7a5fb096bbf7073a1aca0cbfa0e8e99341e9a355ebf88e984cb9ae4fd37cc5bbc4d354bb0e9071503b3b732834f1794bfde,CLEAR,DAYLIGHT,DRY,DISREGARDING TRAFFIC SIGNALS,2.0,45.0,2.0,2.0
1189b6223502680f922575ca1487dce336d01ed5db8876ffe1c24ac4a83886d73157391ef144032d4f869684d1f4ee9d29a3fc349cc8fdc0db7bc779466bc551,CLEAR,DAYLIGHT,DRY,FAILING TO YIELD RIGHT-OF-WAY,2.0,37.5,2.0,2.0
1189f8b25358033340fa6849e86896994799fc0912cbf3c21bd9d13493b9de891e8bb3769c58db114ee7bf9b293db04560d1c693cd5001de0ea53247ea75aad6,CLEAR,DAYLIGHT,DRY,FAILING TO YIELD RIGHT-OF-WAY,2.0,55.0,2.0,2.0
118a12f8c375f7ef5cbf93cd2a21c57fde0e229a3b6e169e85bd62d66a2cfcf24532474b60038301f101961f33981a52eea6e9d4207e255537104d864a955e47,CLEAR,DAYLIGHT,WET,DRIVING SKILLS/KNOWLEDGE/EXPERIENCE,1.0,14.0,1.0,1.0
118a1fc098f38819b2c4d7e5ddc3a3750c3419fef766e8aca01ce39eec72834d367f5333f20695a67c3cb1d1b1e5e9ae5abee911abc8792d67b8d3a47bc1d8a1,CLEAR,DAYLIGHT,DRY,FOLLOWING TOO CLOSELY,2.0,28.333333333333332,3.0,3.0
118a27b56dcd8696f889df274e3cd5dfa493bc775af6b0a921410f4845f5578714d7b1efdf750d74380ec94257375e09211e5d36d29afb7db3dd6e1a2bbc3d9d,CLEAR,DUSK,DRY,FAILING TO YIELD RIGHT-OF-WAY,2.0,21.333333333333332,3.0,3.0
118a29eea23ae03d9ebaa628511efa369aec7a2fdc5adac71630cabd2ddbfb631b6791ec431702f717a107b93bc78e894ee8748ef88e67c10f7f6e4d984a7012,CLEAR,DAYLIGHT,DRY,PHYSICAL CONDITION OF DRIVER,2.0,42.0,2.0,2.0
118a4218f484df65a0004e19baaa7205b0bc25dfc4df6a32f3bdad783d4ccebd2fca717785c29749d37bf015cee775955151799d8082e363b046393c07ff10ff,CLEAR,DAYLIGHT,DRY,IMPROPER TURNING/NO SIGNAL,2.0,42.5,2.0,2.0
118a544d639d6982ac5da0aad55bf5866bb0786291b4c549b95de260d2b6875c667641c132f778894f8389444982237b6b63124bf1516d701d9a0c41ab668687,CLEAR,"DARKNESS, LIGHTED ROAD",DRY,DISREGARDING TRAFFIC SIGNALS,2.0,38.0,2.0,2.0
118a683f25075dd29e44c3c730d1b9f352a500ff6e8d340ca322725c0586bd60a603c737179458f8b9ac72db5de1f6e9507c7bac1d7d1ea6de027cf9c65aed64,CLEAR,"DARKNESS, LIGHTED ROAD",DRY,DISTRACTION - FROM INSIDE VEHICLE,2.0,28.666666666666668,3.0,3.0
118a6ba689b62ef3c0aa479d2c303dc4155aa0bd1634daa55c52dc3d3c3426691cbd93a565eb1d02d2ab5a211f0606e6e363576e562888d01084a2c98b4fccbf,CLEAR,DAYLIGHT,DRY,FOLLOWING TOO CLOSELY,2.0,41.0,3.0,3.0
118a950d86592e0fbf6fbacb60053f250fb7fb599b11f79faf6690c5a24ce6905893bd900476ca281d8012ab42b7c747df8098a4d2c1189da6ecb2b44c00bb62,RAIN,DAYLIGHT,WET,WEATHER,2.0,54.5,2.0,2.0
118ab61fe65f8d92ac5750388093c6fe749c64a0e53ec61b7d709367ceedd6d96c6f89b1c5e6367af0c8c44a682d42831e7e876bed22c2f5656db0dded4ca80d,CLOUDY/OVERCAST,DAYLIGHT,DRY,FAILING TO YIELD RIGHT-OF-WAY,3.0,33.0,3.0,3.0
118abb8333aefce8b93a86f8c00d81ab3a2f3377f7273f1a674536743935f22557f3ae9fc7472382445cd218c179900c36a7ff04374e48dbc8d1c5c32cf9873a,CLEAR,DAYLIGHT,DRY,FAILING TO YIELD RIGHT-OF-WAY,2.0,35.0,2.0,2.0
118ac1f31b3839c68dd9c19d8e391def406611795bd1b2f931f739e161b5d4b44a76680fb53ac2760c331eee87793ed3a4086ca9fe1faa7d49c205d747399d75,UNKNOWN,DAYLIGHT,UNKNOWN,IMPROPER OVERTAKING/PASSING,2.0,52.0,2.0,2.0
118adb23a36b3912c471653470ef677606a24f5c2ca9096161a67f36522921c41022c028e6552305a049c01681c39c25a48e8d6aebbd1995b69c68dc65c25ce7,RAIN,DAYLIGHT,WET,IMPROPER LANE USAGE,2.0,41.5,4.0,4.0
118aeeaf17fe6bdf0259e6eddc8270936f133413c0bf7d0e690d9a4169408ac702e31564d29096f4766511750086d618fcb93905eac0362061294844a7dca30b,CLOUDY/OVERCAST,"DARKNESS, LIGHTED ROAD",WET,ROAD ENGINEERING/SURFACE/MARKING DEFECTS,1.0,57.0,1.0,1.0
118b02c9d77645cef345be207808853af8ae7776b1a49d034fb2318b5dcc9e3bfc13eda15613ca76674812a7200e9534f1b2b447425a74fc2ab908302497c8f1,CLEAR,DAYLIGHT,DRY,IMPROPER LANE USAGE,2.0,37.5,2.0,2.0
118b3a66cfdb7069897c2209d7ffbedaeef01b390d050ecd3891a78ccb0904dcdf5e2ac4b360dbd34bfc17d39c8373ed7aacdd6126d69106e184d770fc4c0f12,CLEAR,DAYLIGHT,DRY,FAILING TO YIELD RIGHT-OF-WAY,2.0,50.5,2.0,2.0
118b81a9f10af88faa46e7ae2f34e09330ddcea5dfe2e3d2d3fc45b541294e0d366cb1c9aed908c2ebbed9ae0af05ad78acce8668c722b96830c6a14b5273552,CLEAR,"DARKNESS, LIGHTED ROAD",DRY,IMPROPER BACKING,2.0,26.0,1.0,1.0