crash_record_id,weather_condition,lighting_condition,roadway_surface_cond,prim_contributory_cause,total_vehicles,avg_driver_age,total_people,total_injured
118b8af74908fe2e7d75a8ec143eef90c4fd27ba6fba0c8faa5063bde5e7eaf22b741231d915be4785dcfce8f149a9370e49efe18d437ca6a2a837143bd68409,CLEAR,DAYLIGHT,DRY,DRIVING SKILLS/KNOWLEDGE/EXPERIENCE,2.0,55.0,2.0,2.0
118b8d8086a9d557d847b28f27a86a08caa431f355ff0c96d90b850dad0aaf77229f57c454fa4b8b4d137fdb0e1a355897d2c7d99a7dfb0142beb7f1b1a1eb49,RAIN,"DARKNESS, LIGHTED ROAD",WET,FOLLOWING TOO CLOSELY,2.0,19.0,2.0,2.0
118b9d96f1176ccade682b6e93bd74ce45ca9e7002a5d6a2ac13d0ed197cffa1b29a1385350ac16c97c66fa92a663f00961729686a9bafa68d591c45ffa6cfed,CLEAR,DAYLIGHT,DRY,FAILING TO REDUCE SPEED TO AVOID CRASH,2.0,48.5,2.0,2.0
118bad52e9f7669ad2e2030c852b4f9018680a9b65bef02ad9e98111b36ca7da2ab4873777900da2d0efefaf9b936b885fde31c01dc2d0d7a9bcdbb004f5e1ec,CLEAR,DAYLIGHT,DRY,FOLLOWING TOO CLOSELY,2.0,23.5,2.0,2.0
118bec181c0061f4c35aac42ccf66ad48c180f7bbc1c50f90b805545ab3638f7372b9c26871ca4d8b42a1d11b7a4fce1a30b4da1cf0d9486ff7a4d75cc95b1ae,RAIN,DARKNESS,WET,IMPROPER LANE USAGE,2.0,42.0,2.0,2.0
118c61a1f47f97ffe90270d3daf98b06bd2a68082d1b24d7abd57ca13df2302584d62c278c314da3c6b063050ecea2df53e219da7afef5512b35c6bdc916cded,SNOW,DAYLIGHT,WET,FAILING TO REDUCE SPEED TO AVOID CRASH,2.0,43.0,6.0,6.0
118c90275c2e58170a915565df81a9d88c39b3215bc1832b7980608604ccc2f71a3673dceb183e1024835c387a979fa72fb9ea1e080374ca143108c8086d33d2,CLEAR,"DARKNESS, LIGHTED ROAD",OTHER,FOLLOWING TOO CLOSELY,2.0,23.666666666666668,3.0,3.0
118ca3fe255f471ad4805af1adb96e2e7644bf16c015e59d77905c33ac94c270f6de74011023e00a7aee708e814f95479348e5a7bbe8ee750a3d37e77ea146df,CLOUDY/OVERCAST,DAYLIGHT,DRY,FAILING TO REDUCE SPEED TO AVOID CRASH,2.0,42.0,2.0,2.0
118ca462f7120d222bdf020de2ca2e8e443e7c4b9437785056e11afb06add861f4eb012cb63883e53f499f5b484fddccabdcb6d73ccb6d7c723e581234dc48ff,CLEAR,DAYLIGHT,DRY,FOLLOWING TOO CLOSELY,2.0,38.0,2.0,2.0
118cae225c02afa497ca4fcc0e8c35a034f60a3ede9fd615fcd123c5e0252875bdc02196582fee181cc3e0dceb9b8b06329f2d48e7ae6ec643255bd74f2694f5,CLEAR,DAYLIGHT,DRY,IMPROPER OVERTAKING/PASSING,2.0,37.0,2.0,2.0
118ce38af1de9531a06183f963ce3050cc362581d0573c047c0e1d020dd13e81b848eef081ca756218ccbe687f0fffdd371d85e33e8f9a6e3a9ae06c9cd91127,CLEAR,DAYLIGHT,DRY,FOLLOWING TOO CLOSELY,3.0,37.0,3.0,3.0
118d5840a57c0659188e05094d56a180137b3e1749bd5a8e0b2011841f3b9ba51e9bf0aa68a4e0857cf1a844cf4764436f3a60a0fd1580c2833773061e03a85e,CLEAR,DAYLIGHT,DRY,FAILING TO REDUCE SPEED TO AVOID CRASH,2.0,45.25,4.0,4.0
118d7504bd872a736b89eaf1955dc2f329232f0454685ff700a0b43cf1582052fbdde21c4adcdc7dca62c95fb233777c4186aec7ecad51657f88b48b6cd7c071,CLEAR,DAYLIGHT,DRY,IMPROPER BACKING,2.0,37.5,1.0,1.0
118d9821045dfeb761a4dafdb83266b09dc2d5a642a29327e764da65f685861c2750a3b3d2bb717530462808449f19ca703aa9569beb6fb368bdf93c2bde888d,CLEAR,DAYLIGHT,DRY,IMPROPER TURNING/NO SIGNAL,2.0,42.25,4.0,4.0
118d99296064677ac4d3dfefbdab4f39628b363b60db95c91261cb423c21aed47ee4c387e79efd876d54366433739ec3b307518dafceed058751eed27e67d496,RAIN,DAYLIGHT,WET,IMPROPER LANE USAGE,2.0,28.0,1.0,1.0
118d9d288f76f433af4467bd20ad205edb4700eaef2e23f04e795d4f7d9d7d2782c8216a979679ab9e7bb7a31c57ba169b29f1daf8c13e31446503f19300d0cf,CLEAR,DAYLIGHT,DRY,FAILING TO YIELD RIGHT-OF-WAY,2.0,32.0,2.0,2.0
118dd30f4b2fbd70efb5b8eedcea42a21dc9e9a15f0aa5cdba40c36c49a76a06a2fdd7c6a0d5c690b0721deae3cc14a246b26ee20099511a9d978a7de6f5ba16,CLEAR,DAYLIGHT,DRY,FOLLOWING TOO CLOSELY,2.0,32.5,2.0,2.0
118dd8dc1d37299b1dfeca00639a98db3ef7ba6fc55e391a07f80cd59a9b037761b65675e1314898e49b60ecc2cdb1d2322f8d6dcaa02e22f6d1937ad699bc63,CLEAR,DARKNESS,DRY,IMPROPER OVERTAKING/PASSING,2.0,27.4,5.0,5.0
118de0c80f025602497fdfbca0ed4d274e87ce5008ed457a2cf74d92c513753041e33b8a0705bd09202ca9357de65374884b2883bf20ba79cf501f777fe1aac9,CLOUDY/OVERCAST,DAYLIGHT,SNOW OR SLUSH,FAILING TO YIELD RIGHT-OF-WAY,2.0,47.5,3.0,3.0
118dea7d0d2ce10726ef9170bf93cb7690ed43a6f10c77df71949d7063cc7bb6d7461421fa2280a26977ad2ec9372c5ba782fb06e6262df33f782c1be12a9f86,CLEAR,DARKNESS,DRY,FAILING TO REDUCE SPEED TO AVOID CRASH,1.0,19.0,1.0,1.0
118df15d57af47d91a3d60d9ffb5e99920752b38c368cbaae2b18afb199e762199fb2b09559b197c9364af4df1eb85513751df0561c18cceafea02aeb2dc21c8,CLEAR,DAYLIGHT,DRY,FAILING TO REDUCE SPEED TO AVOID CRASH,2.0,45.5,2.0,2.0
118e08562c3eee758fe1ebac679661e56635f24b959716dea129415403f5035efb1123cab8d51097441f65bf7281a0b106f55a008afa37c24684448709da3ff0,CLEAR,DAYLIGHT,DRY,IMPROPER TURNING/NO SIGNAL,2.0,37.5,1.0,1.0
118e0d6524405361e3d5996f3a99d1cb7591649f0fb4440708c34585c039efc097b7e57ac80872580de954b6c3a0088841bd36794a640a985c003014d20d4e9a,CLEAR,DAYLIGHT,DRY,"VISION OBSCURED (SIGNS, TREE LIMBS, BUILDINGS, ETC.)",2.0,67.5,2.0,2.0
118e476c89a5e79a96b3b3c48725eb986f31bd3ba43a5a9e42bace49c2cad3381be5d5598195dd5216b2a8b4d36a499f7d9a7fcac351125eb46d92b7cac32b99,RAIN,"DARKNESS, LIGHTED ROAD",WET,UNDER THE INFLUENCE OF ALCOHOL/DRUGS (USE WHEN ARREST IS EFFECTED),2.0,30.0,1.0,1.0
118e4e06da77c802d80714eab6717fc1c9a0cd2a947fdd9c9487ffb07ef7357086edc9e2eab9451596b5edef541f32236488df8089d4a6620a039bab36c1ad18,CLEAR,"DARKNESS, LIGHTED ROAD",DRY,FAILING TO YIELD RIGHT-OF-WAY,2.0,49.666666666666664,3.0,3.0
118e8228bcf073cb15a1332ff06e9ad1981dbe7bc8e8b8e61619ddd1da1b7162e1de150e23742fb5310c79aca867029ac635512790296142478916d8b35c8ad8,CLEAR,"DARKNESS, LIGHTED ROAD",DRY,"OPERATING VEHICLE IN ERRATIC, RECKLESS, CARELESS, NEGLIGENT OR AGGRESSIVE MANNER",1.0,26.0,3.0,3.0
118ec6374a5cbc4e3b1f505b77272f6c04fb18cff51e58e966983bde57c12de399f9933ba3652a46000fe2006dde06fe65ed818113b7d2a8db6ddce7b9821120,CLEAR,DAYLIGHT,DRY,FAILING TO YIELD RIGHT-OF-WAY,2.0,21.0,2.0,2.0
118ecbefbaa5f8ded090f8863a3f03ff7a8e498f75d0639eaf03c41695ea7044800d2af4b9e829216aa216e8551876b1b6563cece8bc80801a0a79ff59445d7c,CLEAR,"DARKNESS, LIGHTED ROAD",DRY,FAILING TO YIELD RIGHT-OF-WAY,2.0,40.0,2.0,2.0
118ed739be8d9a87c2d886408b617eabe7660469ba7319472883cfb196ce2a34ba82bc7c3180c68027142337e20e1eddea3552c3a8edc9efa32ce73bc713b90d,RAIN,DAYLIGHT,WET,DRIVING SKILLS/KNOWLEDGE/EXPERIENCE,2.0,48.5,2.0,2.0
118ee1f5f22064ce315e3aeab090457790ed326faf9eb991dfd4848c53bc8b4276691eca22038f654527e8f45232e7ed7ee16b92ab7e32b23e7deecea71155eb,RAIN,DAYLIGHT,WET,FAILING TO YIELD RIGHT-OF-WAY,2.0,31.5,4.0,4.0
118ee916285af0d98f00dbb91e2f7808633f52f3bb1f328f1435ac4ed36d1b0795e39a556936a5e0b31b646f48c6d2360d53d0e1f4d755db811b49f760d19c4c,CLEAR,DAYLIGHT,DRY,IMPROPER OVERTAKING/PASSING,2.0,50.5,2.0,2.0
118eebd2b886ddb625b941fcfae52e56c1aa6eb5edbc70f687d3cf3640e6210354e0a0d35c8953cdcab67e4bba7ffaa438222a3e9f60d4bad4e6f9de6a900bac,CLEAR,DAYLIGHT,DRY,DRIVING SKILLS/KNOWLEDGE/EXPERIENCE,2.0,24.5,2.0,2.0
118f10df874e036a8850304ffa921546e86ee3cf577228ae4f1641c735668cc7b7bfe86de785fce335cff84bdd531bfe19f03e04ff69b93616306d07f04aa0ba,CLEAR,DAYLIGHT,DRY,IMPROPER OVERTAKING/PASSING,2.0,51.5,3.0,3.0
118f22107891ae800efda1dc630ad28d1d837264a33833c6042105b2bfca698cf7827e56c4dd79048acd3db7f19311df999e0251c8a7b75025b5357a2123c1d3,CLEAR,DAYLIGHT,DRY,IMPROPER BACKING,2.0,54.0,3.0,3.0
118f2707b69c339de44f3e0e7d65e11795ba28ec5d5c05867728396f5572e48bd51cd75e0f545d3a7d4865e8f7ac9c92517ce882dd4e37f3855ab4e29d1f43da,CLEAR,"DARKNESS, LIGHTED ROAD",DRY,FAILING TO YIELD RIGHT-OF-WAY,2.0,53.5,2.0,2.0
118f4ac5f4e314186c9846e8602450b1af57a5cd1259b3e5e857d97f14ebb5ec7e205e65a86f74b0ccb5f4aac4a40c716b2dfdf3d44fbef667c7288f675944e0,RAIN,DAYLIGHT,WET,FOLLOWING TOO CLOSELY,2.0,36.0,2.0,2.0
118f7685cfc9cc109e1660d36c0e973ba24a108844a6183a7bcd3de9898cab94823efa16c4352700d5bbb43bc71c7fdea32f09a550fa174af38e2e6679d64534,CLEAR,DAYLIGHT,WET,FOLLOWING TOO CLOSELY,2.0,66.5,2.0,2.0
118faf3f86e82d35ddf21e69629ca63f41b3d049b2166997c6a14024b81ac75f7062a3bd81775f6c411278b6a47c3aebeefcb2c686546ad5e983324e28288a60,RAIN,DAYLIGHT,WET,FAILING TO YIELD RIGHT-OF-WAY,2.0,35.0,2.0,2.0
118fd6de55157cc402128b672a7e92ecfb44f68da6acea420ba3361a7e872785b23202af726c509330f7a55340e6d8404029dd42733cc7f3de3ab0267f36836a,OTHER,DAYLIGHT,DRY,FAILING TO YIELD RIGHT-OF-WAY,2.0,27.333333333333332,6.0,6.0
118fdb9dd57e53fafe114eb1de50bb505173195c520c66a8660f861b06f4c7900485a6f21191f616002ba89e0403269b39b71da051ab7ca67c4acd018d34536a,CLEAR,DAYLIGHT,DRY,FAILING TO YIELD RIGHT-OF-WAY,2.0,43.5,3.0,3.0
1190063a747fb4a239c3a2250c9ccd0bb7b71a0e2c8591064b89410d1c9f7835f6a3610d8f69c4912c67d61e9d2822027bea8b9f7093d215f69deb68a8bd32dd,RAIN,"DARKNESS, LIGHTED ROAD",WET,IMPROPER LANE USAGE,2.0,37.5,1.0,1.0
11900cb6f21853858861ceee7de1c64053b19b0dd6a08dfbf0721175be05f1d7953b25460827f76f7f33fa328661f95ffa625babdd35e5906263e47c552c79d1,CLEAR,DAYLIGHT,DRY,FOLLOWING TOO CLOSELY,2.0,37.5,2.0,2.0
1190205020ba9acef35746cb9e554c768e0f9b2469801042c377021bd713822914865f7375a7b3d3d0451992299c145cf96fb539b3f4dabfe17c9b1cad829a8a,CLEAR,"DARKNESS, LIGHTED ROAD",DRY,FAILING TO YIELD RIGHT-OF-WAY,2.0,37.5,1.0,1.0
11903980b85a367c544b77e7d8f7e6470f381b6bf72dd3957a410ae9a57c35b91e855bc40e0e90a3caa53df31b8584b29c76d829e221891bf6d3f44fda042dac,CLEAR,"DARKNESS, LIGHTED ROAD",DRY,FAILING TO YIELD RIGHT-OF-WAY,2.0,26.5,2.0,2.0
11904027f1eba3c3a968b25fd7ac186859888205746b5574156f88d8dde49cf416a00f1b9c02bcf7b56cf6374452bb6f41b63cf6721169a07f9bce6388cca2b4,CLEAR,DAYLIGHT,WET,FAILING TO YIELD RIGHT-OF-WAY,2.0,29.75,4.0,4.0
11904a990c94c78aeb70dcb12c2abcba3d0ddbdd92bb223f9dd7c4a2024c0fc1689c5026901b3703e4f101ca22605c94144f20ab513da9b2f449ca0e901b8374,CLEAR,DAYLIGHT,DRY,FAILING TO YIELD RIGHT-OF-WAY,2.0,30.0,2.0,2.0
119050bde807aa3b39fa5ee8f1ba0783fd1853032c2eb2cb91d4e201e9beb230abc10e1aeec47abed4da4daac3fe88533a5095bf84b032595fa89cb2da76b01b,CLEAR,DAYLIGHT,DRY,"VISION OBSCURED (SIGNS, TREE LIMBS, BUILDINGS, ETC.)",2.0,42.0,1.0,1.0
11905cf31483dadee339f89ed9939fe27334578e984c48fe0e7a0e4f416e230addaee8949e93932bade547b75a80e5503845c60484d51b9ea6aa6621def94813,CLEAR,DAYLIGHT,DRY,DRIVING SKILLS/KNOWLEDGE/EXPERIENCE,2.0,32.0,2.0,2.0
119067c8373b51cee6491b3416c6a4be62751a284ff33526aab10c9aa9e534a309a21e861cd3c926e80f590cd060d21d497bfa1bb82673a5c1ce55f57ad3f2c1,CLEAR,DAYLIGHT,DRY,FAILING TO YIELD RIGHT-OF-WAY,2.0,47.0,3.0,3.0
1190a1d936bb182906548f70a48413543672b61953fa338af285883ba56fe6a4670693af186256a3973ecd649905eb8553a50b157aa315b5e88dc5930e903c74,CLEAR,DAYLIGHT,DRY,IMPROPER BACKING,2.0,33.0,2.0,2.0
1190ac1cb79996258b3c631b929ccf5369b8e105d340a0dd82b53003f53f6eb207476e4cd9620fc8d8eeb557e16dcea717a317d81a8c7aee38b9172c2acf175e,CLEAR,"DARKNESS, LIGHTED ROAD",DRY,DISREGARDING STOP SIGN,2.0,30.0,2.0,2.0
1190b2c31a4b62b0e2d7222529c27415a00af74e950a786491302856c1eadef1065af6792c2264a92c1282b9be6f1fe3c1b7ab3791bbde60b68240eb0f6fad17,CLEAR,DAYLIGHT,DRY,FOLLOWING TOO CLOSELY,2.0,37.5,1.0,1.0
1191141efbc8b0d42e7ad1363531d75f07172c327c047a19554eb519b624fc73f26f59935df69bfb0549b7a46cd18bf1bf535d8d99bee10184cb0d2a6cd4b4cd,CLEAR,"DARKNESS, LIGHTED ROAD",DRY,FAILING TO REDUCE SPEED TO AVOID CRASH,4.0,27.0,1.0,1.0
1191388bb58d125c95ba24a580dbd65279072da692cdb515fd3453994bcea24464c17f7d8785114b60c7bdea6912219127004912cc83d0d522f7194b1797c817,CLEAR,DAYLIGHT,SNOW OR SLUSH,WEATHER,2.0,28.0,1.0,1.0
11915716bdad86601f35f8224602dc470f304a6baae18ae13a7dea8468948c7c7f1943315feb52a3672828e6d5ff41b8c28708125f25c9d264372c6e53618bd8,CLEAR,"DARKNESS, LIGHTED ROAD",DRY,FAILING TO YIELD RIGHT-OF-WAY,2.0,35.0,2.0,2.0
11916bbc50236eb70604537d288760189ba93ec1e8cd3256e7f4bb81fc3f310265ebb98c1c9b555161fda8a0da467297dd1fcdc22f79ec41d2f1b6b014a1f637,CLEAR,"DARKNESS, LIGHTED ROAD",DRY,PHYSICAL CONDITION OF DRIVER,4.0,51.0,1.0,1.0
11917304bc0247034ff2382ce89b4690a52013c8409d89eaa4a1545f1791fb727d51e30e264a4b601ad3490c30bfd867d2fce6e6b5770f04ee16efde8048200c,CLEAR,"DARKNESS, LIGHTED ROAD",DRY,FAILING TO REDUCE SPEED TO AVOID CRASH,2.0,33.0,2.0,2.0
119175fc453bd33e27f11b57f7515bf9847cb8c1cc5be217aa252f588095acadea146d36320322e0f5407f63c8f0c46aed6d78c67ff924b895a59ac563df24e6,CLOUDY/OVERCAST,DAYLIGHT,DRY,FAILING TO YIELD RIGHT-OF-WAY,2.0,30.0,3.0,3.0
11917c4b8b4ee9b1f2b58ca9967524d2190f3660c12ee2768c91d4d4eea89a4b2b6e424dd1719642d38c98e88a82cf1980c90312ae74518f1060f12e77b62b18,CLEAR,DAYLIGHT,DRY,FAILING TO YIELD RIGHT-OF-WAY,1.0,57.0,2.0,2.0
1191b5ae9d408fdae3457879e6fabbeb8eb39b3119ba5aa84f1c4050dfc32e2a95e556b3bce22cc95cb0c6a2367b5f393a295770b1a39f1eae989062430544bc,CLEAR,DAYLIGHT,DRY,FAILING TO YIELD RIGHT-OF-WAY,2.0,16.75,4.0,4.0
1191cc87396c7ac7482dc5f452f0fdaaaf67425e074bacc84248836e9ca1490a7d09068158401aa884578c99f3f5a409bfbd33819d74490220c76bcf1c0fa6e4,CLEAR,DAYLIGHT,DRY,IMPROPER LANE USAGE,2.0,36.0,4.0,4.0
1191dc2e4bbfd608c0d0c3eb3ccf25e61adc6eaaeffd8cd4fce9e854c5f57c9aac1f2d8a813a00f29b93aab37780425b64cdeb9cdb2da2a5f1efb02c549c64f9,CLEAR,DAYLIGHT,DRY,FAILING TO YIELD RIGHT-OF-WAY,2.0,28.0,4.0,4.0
1191f936315c4d2eb901ea918ed17f935d69f28797e7d8edc69ec2f8ce25fc5546aa94b6393e3ff74d26e1755688736c8ce83b8cdbe4e6a136f7cac6b469a8ba,RAIN,DAYLIGHT,WET,DISREGARDING TRAFFIC SIGNALS,2.0,80.0,2.0,2.0
1192064de43c1f7cc10258f6610824d147adf6ab6ee580db432a8df163eadcfb1cc6ba158690fd8477e913e95ed877ffbc0319571e30726df4700666ee44ba54,CLEAR,DAYLIGHT,DRY,FOLLOWING TOO CLOSELY,2.0,30.0,2.0,2.0
119218e86389a46e6537cd33ad5e4b532d0df496d63088ce7643b0bb7a503961e7247d205e9173a984f122d5f6f349fdfe31a52ab44a3de8657343d56b07006d,UNKNOWN,DAWN,UNKNOWN,DISREGARDING OTHER TRAFFIC SIGNS,1.0,32.0,2.0,2.0
1192198bdea645429dadc3e1fe83ad61909e6d282db31d3380219aa4bd692a91f2b1af833548850824bb7d6d58491c693beee5b7cf6b138299167f0dc0c5782e,CLEAR,"DARKNESS, LIGHTED ROAD",DRY,DISREGARDING STOP SIGN,5.0,39.0,2.0,2.0
1192338cf3aa4f479ad620a52a8c8a050476fd0fc99bd01d014045daf23cd21da742fa303709e55d184ed7bf57d3cf360ae9bec7a8c62e5539ee85d50adc39e0,RAIN,DAYLIGHT,WET,FAILING TO YIELD RIGHT-OF-WAY,2.0,25.0,2.0,2.0
11924e797b285da7a75c6ffe19e75fbde934a6f4601fa2e365d1b358e7bed4bfab5937df94172c83f42e34ded0ec4129191a6041080eec8f0e6e6d7d82f94917,CLOUDY/OVERCAST,"DARKNESS, LIGHTED ROAD",DRY,FAILING TO REDUCE SPEED TO AVOID CRASH,1.0,38.0,1.0,1.0
11925659575e6c0925a0e7e4ddb94c5d1b7779b4515022c713413e62dc15c5ac6415334a0ec8f699ab09059f1ec53b0c78914c80a8206bcce24a8e3bd72a7a42,CLEAR,DAYLIGHT,DRY,FOLLOWING TOO CLOSELY,2.0,37.5,2.0,2.0
11925a97be623ad01b961135cb13e6c1a8c0f3ec63e2d05e776d7264f6c82e048844869cb8bf67bc932ca30c1418a8e5b33c9f134f0a1aa7d3887b5d44fa7032,CLEAR,DAYLIGHT,DRY,DISREGARDING STOP SIGN,1.0,46.5,2.0,2.0
11926a873c9df54b306fea27682ff6f1cc38eea44fba03541394b56a3a05e84eef1ac4bcdf5a29b95e2137c9628d35b38d3c6cb9a3a1779f9d7379dd3d8130a7,CLEAR,DAYLIGHT,DRY,IMPROPER TURNING/NO SIGNAL,2.0,42.0,2.0,2.0
119298afc3752e02acb6df2be9c9ac5a43b5e6926ba92818cf89e0c85779f14b11d902dedadd0e54f34d7dc2979cb92b05c6d5ff710c8aff38ce664c43024306,CLEAR,DAYLIGHT,DRY,IMPROPER LANE USAGE,2.0,45.5,3.0,3.0
1192c274a1279ca56b31904a620626c59ab8df23c90c8494d7c212dc2309195951521c02351a94ddf2eef17c309c626263ec212d53fedb755adced5120ed06ef,CLEAR,"DARKNESS, LIGHTED ROAD",DRY,TEXTING,3.0,26.0,1.0,1.0
1192c9c1a812bf12fb46401a64179a4a8267ffb5e4d96aaf81f6ee3883267b6763425c50f972f1ce0ae3b97b84087c0a0f8d2efd534f74ef76271d61c5d9d0f3,CLEAR,DAYLIGHT,SNOW OR SLUSH,IMPROPER BACKING,2.0,41.333333333333336,3.0,3.0
1192f9bb386381f1e2d0c6f1dca5bb321625fa31d2a7f64cdf822ce1cf4137103aeeff1965ea2bdba0b703347fd80c2a4764298f09c1c66476d0ce046c46ee06,CLEAR,DAYLIGHT,DRY,IMPROPER OVERTAKING/PASSING,2.0,30.0,2.0,2.0
119310ff7f4541e721b0d4b6abec5f214954106be948680d19e92396396bc35d0ffbd1ac7b46807eb65fb0a9ca440052a010d9f9fbb299c48ea8a5b4cc55a4a9,CLEAR,DAYLIGHT,DRY,FAILING TO YIELD RIGHT-OF-WAY,2.0,25.0,4.0,4.0
11931e68ea3d39318098418a6142f38f302ba4758fb4e842b7c8a2ca681bce6b612897bd750ad41f54dfd1a8912a55d102f1545202b74a8da5041b0cb9b40b3d,CLEAR,DUSK,DRY,FAILING TO YIELD RIGHT-OF-WAY,2.0,28.0,4.0,4.0
119336cdd2bcb6b00f3d55bb6702dafcd0bb6d6c426e627fc4191718d58c78363b04ead17416e9ac2f2a2e89107615f3c8df6e8ff5cf0245d3359a788d30f323,CLEAR,DUSK,DRY,IMPROPER OVERTAKING/PASSING,2.0,46.0,2.0,2.0
119338ad91c297e065b2cb325bdbb5cc3e57de93c1ec409b16c210cb76382efbc4c3f6d3dac9b195b14bb9134d5fc4e7c96ad96becadee3c15988bbc7d400273,CLEAR,"DARKNESS, LIGHTED ROAD",UNKNOWN,IMPROPER TURNING/NO SIGNAL,2.0,39.0,4.0,4.0
1193890fe39772b15722c9c02cf0a089eb9826c371b4e34f2a61a9edb951033a5b9fff4e5b2e1009dbdbe0b6641327b31707e1044562b39acad47c9852dcee66,CLEAR,DAYLIGHT,DRY,DISTRACTION - FROM INSIDE VEHICLE,2.0,53.333333333333336,3.0,3.0
1193924579fcb9e3fe9fe3373e555121256eff1fc48d0e02ba94382694f310337f3d715a43993552db3d7ef3993ac5807170fd02fec95f7c22d6fda0e5c16941,CLEAR,"DARKNESS, LIGHTED ROAD",DRY,FOLLOWING TOO CLOSELY,2.0,45.0,2.0,2.0
1193941be03f253c6356e90c51a4955cd95e11f24fa444494c8e82c7bd409c6ab3dc2e1fc9a456241b915d13a06fd4a0f9f6583b64147f5d71e3859cc4dc97a8,CLEAR,DAYLIGHT,DRY,FAILING TO REDUCE SPEED TO AVOID CRASH,2.0,30.5,2.0,2.0
1193cf9c1dbd5e10e2ddad5733b88beecf1a0d42273c7a8fdd4f4e1c7a8562854e0eb286c99fc178e720abddff8eda72c6e9dce5e118bd1e035a1e434b38289c,RAIN,DAYLIGHT,WET,EQUIPMENT - VEHICLE CONDITION,2.0,43.0,1.0,1.0
1193d6e9bbcc226d7d09aa0b2f43698dfe3f679d382bcee3b1cad3f64eee553af2f26aefa17a6fe72cd6144243406139bebe55d9687114700ca9c256ac069834,CLEAR,DAYLIGHT,DRY,FAILING TO YIELD RIGHT-OF-WAY,2.0,69.33333333333333,3.0,3.0
1194057ea7c0257cfd0ebb93fdfed5ab6c145fb576e45d8d2e8ac1ce2e35981fe47e7da8f290292c5b41ee5c1b6785a52d63db36df4ca844310ff6d29db02a57,CLEAR,DAYLIGHT,DRY,FAILING TO YIELD RIGHT-OF-WAY,2.0,54.5,2.0,2.0
11940fa57943208e8f0a89f77083daa9cb091779449cd38d0f7623c490fc2f3eea243f1a5a8acd1f0b8b72ce6cac8b87ad48ac77c1cf1aed0e37956e3a7b67cc,CLEAR,DAYLIGHT,DRY,FOLLOWING TOO CLOSELY,2.0,37.0,2.0,2.0
11941ca1eddf093117e4a5fe1e03d3e38b41644aa16a91543ccd2f4f64205c022f349765d7342c1fbabd2c1b28fdf97395fe3b1546eef07415f81a5a283cf513,CLEAR,"DARKNESS, LIGHTED ROAD",DRY,DRIVING ON WRONG SIDE/WRONG WAY,2.0,0.0,2.0,2.0
11945047926914dd1002481ba7097b1f678c929a1462105a0b5ffe9f81644c476be1fd2c6034e7df075fde071aa17294073dcca0dc6238a69c36536e4ee3b5d7,CLEAR,DAYLIGHT,DRY,FAILING TO REDUCE SPEED TO AVOID CRASH,2.0,26.0,2.0,2.0
119454f7bdc47a681e0fee893e7d5e4840e5194f783de842f76bb826e3738f25e144bbcf003e9239dd4701f3d3c63a94650f225393a9d937563995e77f6084ad,CLEAR,DAYLIGHT,DRY,"VISION OBSCURED (SIGNS, TREE LIMBS, BUILDINGS, ETC.)",1.0,24.5,2.0,2.0
11946905968dc21b98ff3d0aa8b8cc94a31e8ed6fa372a3d21a461e9b5800c54960e7a75289e2a95f7566335fd5a81026a2e27d7f3c02a87949b9505e19da676,CLEAR,DARKNESS,DRY,"VISION OBSCURED (SIGNS, TREE LIMBS, BUILDINGS, ETC.)",2.0,24.0,1.0,1.0
11947054151b569ba3ce91ae738dd0e359bf691895d6c1fe40e54b1e44afb3fbb343c476c7cce8296c15c02864dce91809db80307e3a31138e1cfb53ec151a79,CLEAR,DAYLIGHT,DRY,DRIVING ON WRONG SIDE/WRONG WAY,2.0,52.0,2.0,2.0
119473012f79bce1e23074c5e0d80103066ce6daf4a2e835aed933e36d99e9e31669457721a3a8f98d77efdbcee44db0a0cf6c0f23414c27723c9588d6167948,CLEAR,DAYLIGHT,DRY,DISREGARDING ROAD MARKINGS,1.0,33.0,2.0,2.0
119490f4fabdd3767e4a05f6c1e17bc2ba6f510b4f71efd1548bae1ee77f38fe108fbee9d106f409c8db8571e82b5e499a4fdcefd4033e8e4a95f3e579384128,CLEAR,DAYLIGHT,DRY,DISREGARDING OTHER TRAFFIC SIGNS,1.0,48.0,2.0,2.0
1194b58b39bb1f58ff0654b124bf8cd73e5015c77ed6919d1c1c9a078d5ab1e87f658bc86a0ddad8cac47bb353949f66af4b9129e20b4d99e5382186ad35b65e,CLEAR,DAYLIGHT,DRY,FAILING TO YIELD RIGHT-OF-WAY,2.0,30.333333333333332,3.0,3.0
1194ea98fafecf27c37828b3f2ad9281dc459e3af4c4d961fa0d2dc02668c5713af1fd0dd5f8e0f8bf70fa0297dcf5cc311a9eb59a6b5d1ce8fd1687f426095d,CLOUDY/OVERCAST,DAYLIGHT,DRY,IMPROPER OVERTAKING/PASSING,2.0,21.5,2.0,2.0
1194eca79badc85bfde42022db798c72c42c709061b9dcfd5fd7004ea5b18068ba374591523bd0418083d0830b75157d90e37bfbcae647774388fd9c4d7be8bd,CLEAR,DARKNESS,DRY,IMPROPER OVERTAKING/PASSING,2.0,27.5,6.0,6.0
1194feb241aebe74c70df6491e2828f876dd6e96e0046acd9fdea74a08f5ed0bd99731f8a235d8a5566cd2d244add987ecb692c413878009357a3e9f56c9a261,CLEAR,DAYLIGHT,ICE,IMPROPER OVERTAKING/PASSING,5.0,31.2,5.0,5.0