crash_record_id,weather_condition,lighting_condition,roadway_surface_cond,prim_contributory_cause,total_vehicles,avg_driver_age,total_people,total_injured
11951ef2504ad736b245a7a4aeb58030a7ba90746f1f49c2e48c7c1bf00f73ca518f8c0c5ecc7d1e88026afebde17e838f6631830bbdc9812306d881b8854e3b,CLEAR,DAYLIGHT,DRY,FOLLOWING TOO CLOSELY,2.0,22.0,2.0,2.0
11952baefae0986d6ca0eb0b32185f22c65bedfb3185616928c1e37522baa1ef26d304829ede374183b2124e33f1cfbdc4a8e420bcf6b9de8efe58ad6405b3c1,CLEAR,DAYLIGHT,DRY,DRIVING SKILLS/KNOWLEDGE/EXPERIENCE,2.0,51.0,2.0,2.0
11953d3121a9291f6723d36e0cc30a567017d19144b6ac53b2b5041358de6199e8b31833846f870fa601edeba336d4f4458b1447bb87960c5a4a4913a9affda3,RAIN,DAYLIGHT,WET,FOLLOWING TOO CLOSELY,2.0,59.0,2.0,2.0
11955ad42912f259bceb4ad97c54b8603ea6f1d766b70c7f91c8283f55057ae79d55883cfde450ddb3017e39f48e8d4378e6bed627b1ab132f52b0bae43a8bf4,CLEAR,DAYLIGHT,DRY,IMPROPER BACKING,2.0,37.5,2.0,2.0
1195627fd8e2ba3b2395d12424ceed5228ccde6d9eb5ecd3d3ca08c47842c6d37640139bfa7f27416ea7ecb31dee35d7f3c5b6d696f23cc75b26524756b282b0,CLEAR,"DARKNESS, LIGHTED ROAD",DRY,FAILING TO REDUCE SPEED TO AVOID CRASH,2.0,31.0,4.0,4.0
119579a0d85032b4f3dcbd8892ba72dbfb5104ce82d1c0e74a9e1f3b249eda072061b0a144527556c6667dbadafdab74fe5091daa7b302bafb67b0b6342bbb4a,CLEAR,DAYLIGHT,DRY,IMPROPER OVERTAKING/PASSING,2.0,38.0,3.0,3.0
1195993e84ad641f34bd595a10dfeb2b68e188d2d0ee54dfb3ca67e6804414923e72490783689982484397c5d92a52a77bdc9d03b0a3da289a75815f399436cd,CLEAR,DAYLIGHT,DRY,IMPROPER TURNING/NO SIGNAL,2.0,37.5,1.0,1.0
11959f23851f019cd7d539d7fd40dbde95689722698b5780c5fa4d4f077bc7e23eab6ae5722cb85d0688ab01ed4e357b002d5e39f308791e3c763516293c16d7,CLEAR,DAYLIGHT,DRY,FAILING TO YIELD RIGHT-OF-WAY,2.0,40.0,3.0,3.0
1195df86badfa88b8170e36d61cc3c40b935e6058e0e66a2d0fe6afa04bd6ccad1a581f713049af093d12604dc7f20cba84ac7b8800c31208309f783cafb7c89,CLEAR,DAYLIGHT,DRY,FAILING TO REDUCE SPEED TO AVOID CRASH,1.0,17.5,2.0,2.0
1195ff2b44625bf90480e26c25f5e6f6e04295778bb0a7efad615d3b610a90a56aca2d1ed7f52531309e01c214441cf14f011303d23b2010cda354c3c8a33a3c,RAIN,DUSK,WET,RELATED TO BUS STOP,2.0,48.857142857142854,7.0,7.0
11960318e889f64f1bd315860261f609e76fd8fb0b2b7d854dedad203a34554ab9bcc48b3b6b135a99f4469858d630765aad50d97cb43ba8d35e918109768292,CLEAR,DAYLIGHT,DRY,PHYSICAL CONDITION OF DRIVER,1.0,43.0,2.0,2.0
11961d7f8f73e30d5e320089b6997581f4ee260999b5645931a7e9c40c03d35045390b67d17959633bb6faf446e4a29b3a6b6d98f61e562c1f1971f4e596a192,CLEAR,"DARKNESS, LIGHTED ROAD",DRY,DISTRACTION - FROM INSIDE VEHICLE,2.0,44.333333333333336,3.0,3.0
11961e8c850f782fe79a628cae234824467907c4b4f70abc0bee59f0a0615263de50f2dce768e0d701ab081a41aefd2120effa7c9d6e22b68f69d03a74feb84f,CLEAR,DAYLIGHT,DRY,IMPROPER OVERTAKING/PASSING,2.0,33.5,2.0,2.0
11962cd7fc6edbbb2d46e9582636a6d7f3330db0bfb52f8978b2774a48cdc1d4b7f24bd05ada20a404021705aed26f7885be65991a530bb9dbd1e057c54575b9,CLEAR,DAYLIGHT,DRY,DISTRACTION - FROM INSIDE VEHICLE,2.0,21.5,9.0,9.0
119648f2dc192f5f69782489727e5af7a627454d4e6113c9e791e635c0152d6c374afdc8cc135264d28a501a5603c2a8b17aecff4eabfae8600d6e68a961fd4b,UNKNOWN,DAYLIGHT,UNKNOWN,IMPROPER BACKING,2.0,37.5,1.0,1.0
11965e3298287a364bdb186c818bbb779c5834593c86f705421e48672df7070650ee6779da016fb4b6e2d7f0c8907e8d04f1e134a69634793557e44e19c608ae,CLEAR,DAYLIGHT,DRY,IMPROPER OVERTAKING/PASSING,2.0,30.0,2.0,2.0
11968f942744c7ffceb23ada124392ef7bc550b51c390942f829d0dc715ce8355533680ad89fc3f524f7091c61e64a12fd234e25c5f25b8cd654246cbccc73af,CLEAR,DAYLIGHT,DRY,IMPROPER OVERTAKING/PASSING,2.0,37.5,1.0,1.0
11968fbbb52737693520a38ac2abdaab6a0ff597461ac7426b6a34c595c8ce1dee5a62a0e0981aa2d205bd6f2ae9ef6e6a9a9065061667012f0febbbca032a8a,RAIN,"DARKNESS, LIGHTED ROAD",WET,PHYSICAL CONDITION OF DRIVER,2.0,40.5,2.0,2.0
11969b8d61caec4776b651d6a7f52b5ff93e2f0be67748aa6f0a289590a46c7bb165585b32f256d16ac7ae9b621ec68479dac9464551625c61990eb4efde5a0e,CLEAR,DARKNESS,DRY,IMPROPER TURNING/NO SIGNAL,2.0,54.0,2.0,2.0
1196a1d87b5d024aa50ece0953af7c5e7d742e2b4f16bc300a9ba4232f2895f68b2919a9e70f041cdea452592c4bce7ef862632781b8e6335fbba3a9b7f28d68,CLEAR,DAYLIGHT,DRY,EQUIPMENT - VEHICLE CONDITION,1.0,22.0,1.0,1.0
1196bca28be6b0afc016850f2edbcdacb66cdf61653cf9078dae71b3b8957920aa7c647b762bc5ad0bf624ebc67acef7106ca16cb10c828f337fd54d39d3db22,CLEAR,DAYLIGHT,UNKNOWN,IMPROPER OVERTAKING/PASSING,2.0,61.666666666666664,3.0,3.0
1196c99fa536da176c01ec6089782293085e93c619e694c23d7ba467a9f450d519c897c335e225cacb2fe6d9069f3d9b2c47feb3a0aa97be4764a7f63014a8c9,CLEAR,DAYLIGHT,DRY,FOLLOWING TOO CLOSELY,2.0,47.0,2.0,2.0
1196fe178e7ed8ea944e5bb55f8fc38b92ef7d0aa783786238e3366bc25871ecd72c0a3a6ddf01af27d29251a1ae82a92e90ce0a56c99e6639c9ec06c65c5664,CLEAR,"DARKNESS, LIGHTED ROAD",DRY,EXCEEDING SAFE SPEED FOR CONDITIONS,2.0,23.0,2.0,2.0
11972ed596e01e79a99705a2192da574c98bc88e2093d3333f6324dec43756664eb731a7095d37a2cf6cf7b04fdd9face46004556cf04bc435b6bebc353e7e78,CLEAR,DAYLIGHT,DRY,FAILING TO YIELD RIGHT-OF-WAY,2.0,43.0,2.0,2.0
11973130420341a91f0fc1bbe19aa346e4610c027a2f8f0dd85f0a96cfed443904755700798561f3971e615f24c81173a20f0557b7acf3ec23677546d142364b,CLEAR,DAYLIGHT,DRY,DRIVING SKILLS/KNOWLEDGE/EXPERIENCE,1.0,38.0,1.0,1.0
1197549fabb21e626e2088968e0b2599279c33eeb825a1518682c0b1bab0b7b3d203635bee46a6c67f0ecb5edb90d8125227c7b5770ebb71b94f6f713027e8ee,CLEAR,DAYLIGHT,DRY,IMPROPER OVERTAKING/PASSING,2.0,45.0,2.0,2.0
1197567d66137cb325ca09b2abc6b3f0371eabfc5c3aaec5f27023f5c2cf6af84ee8c9447e8c4476b0a0c251e07cb95d00ca57782e7ca15123273a178e74f420,CLEAR,DAYLIGHT,DRY,FAILING TO YIELD RIGHT-OF-WAY,2.0,36.5,2.0,2.0
11975c6beccfc6beceef964782377bc3dd5e97247ff95950e221119a34353705521c8f37dd5bc55bcda96d3b782901aadc097344816ff6c3dfb7635afeafe5a1,CLEAR,DAYLIGHT,DRY,FAILING TO YIELD RIGHT-OF-WAY,2.0,37.0,2.0,2.0
11976e10a55b8da74cf7aa50220dcd08f0a2e5661b79a6e426f1871e64f84637323e7c7ac657dcb80afd9f6e175f8a055fcd043723f1353445f0326ce6c9c659,CLEAR,DAYLIGHT,DRY,FOLLOWING TOO CLOSELY,2.0,33.5,2.0,2.0
119770e88a7d25532096078f5414f6ac4a5205c66d2452cee76eb58d4d3484fc207f7971c9393887c390dfe817157728c9052a2f8d3f3d3b3980effe05fd9298,CLEAR,DAYLIGHT,DRY,DRIVING SKILLS/KNOWLEDGE/EXPERIENCE,2.0,72.0,2.0,2.0
1197724a570793a998041c77c18e73b268a96b87479358b877589229dd3e54937418194729c2122ec183b7658827759c4cd2b86e37fadfe8c16b41faa98862a7,CLEAR,DAYLIGHT,DRY,IMPROPER TURNING/NO SIGNAL,2.0,37.0,3.0,3.0
11977c1d082c3a5d954c5531b99bcec3f37d99d0c3b5d2f1bc8d010b6f272bbf726258f31a56091b6f224215da82e6cd8cfa9d4ecd0de1b14b6cfed6542215bd,CLEAR,DAYLIGHT,DRY,DRIVING SKILLS/KNOWLEDGE/EXPERIENCE,2.0,33.5,3.0,3.0
119786246dfa4738f1a760586a4547fbc0173ee310412ec95d6b693794ef6521852379a7803a3a0e94d8fa7df5bcecb453fa1b5d222a90fa0f62cd1380d9c213,CLEAR,DAYLIGHT,DRY,IMPROPER TURNING/NO SIGNAL,2.0,35.0,2.0,2.0
11978a5d0f5b2b42ba253f389019745eb952b768933636311e274138b3a6990fe0ecfae803b26e3a31781a868fa7f01d31670c22a09e2ef167153c5fe725c648,CLEAR,DAYLIGHT,DRY,FOLLOWING TOO CLOSELY,2.0,54.0,2.0,2.0
1197a72e4a9da0d7b1905f61d644785dd4acea2b37b2e4d8348643a6a006f69ac362712cd4975a0c08656f9372d88d26edc5754a2153740e69bd336ee77949df,CLEAR,DAYLIGHT,DRY,IMPROPER TURNING/NO SIGNAL,2.0,41.0,2.0,2.0
1197d2a784753ec58300d0a070858349e69a0e9bac0398d38691ccf1a1f14b80e500934667ec9bfa90dcd8c9e8bf0ff5c4dddd8985c82ce28c071833f685780b,CLEAR,DAYLIGHT,DRY,DRIVING SKILLS/KNOWLEDGE/EXPERIENCE,2.0,37.5,1.0,1.0
1197d96779db918ae81a0612523bb8d3678af24899777dcd49034392670e5e408c5fb8498ed8afddffa3810a111feda583722da3ae31c1b62252f546f25c4567,CLEAR,"DARKNESS, LIGHTED ROAD",DRY,IMPROPER OVERTAKING/PASSING,2.0,48.5,3.0,3.0
1198025b0bbcf943bc9422b2a600b813899a7c8e9db3ac4e5218406c975997ff6b26b28296f80db44f926d4b216ee70b3c63dd8e433b2058f556f02a33294694,CLEAR,DAYLIGHT,DRY,FAILING TO YIELD RIGHT-OF-WAY,2.0,38.0,2.0,2.0
11981612e04497d993586c3f2602288d89bfde0307a90cf111c4f4c0dffa5e85698ed7137a404fcc8dbb54174d152fb7b4dd50989f9c0b566f29460e8bd5f7d9,CLEAR,DAYLIGHT,DRY,FAILING TO YIELD RIGHT-OF-WAY,3.0,44.0,3.0,3.0
119834deaef7fefd7199cffd60c4ef909053def39bd7be04b3f4c7ae648ee390a6b19e476811197816aa54a651ea1518cb6c86c16b1060a30eeb01a5efca4ebb,CLEAR,DAYLIGHT,DRY,DISREGARDING STOP SIGN,2.0,36.5,4.0,4.0
1198409b420d0bc1f209eeea7f68272803ad25b72131d1f73cc56aaa0603525efda9be949a4f6e06bb6e2fe9beaa3576eba9dd605708556d86ae7dca0c8cdb33,UNKNOWN,UNKNOWN,UNKNOWN,IMPROPER OVERTAKING/PASSING,2.0,49.0,3.0,3.0
11988a4a5ad719d9cf82fe6f6414f01c445f7e70e407a2f0a5be58c5b115fb45974af1bb49d9d508ae1559888e109433dcd277c07c43036ba317d46dd6d5d8df,CLEAR,DAYLIGHT,DRY,ROAD CONSTRUCTION/MAINTENANCE,2.0,37.0,2.0,2.0
1198966bdc48e78f5b8eab2fd7a175e45d260637ad4f4b511afca5e3b6a1ab6f64213aa3f72d6623e0867382e9977216654dd19a240d7e5c6b9a3b386af04f9a,CLEAR,DAYLIGHT,DRY,DISTRACTION - FROM INSIDE VEHICLE,2.0,27.0,1.0,1.0
11989b38b7a2fb47c9075d34af677027fb4906990b958c0d1194c03650d13f6aa670079faaa73c3709874dd1cc8e8acba2b64dbaa8f6a7407152ffe3aa948fce,CLEAR,"DARKNESS, LIGHTED ROAD",SNOW OR SLUSH,WEATHER,2.0,34.0,1.0,1.0
11990b9aec78f4ebc996a2a00f1f2d74727be07be7dd4950e50a8e10787190d23fe240607abda394bebda6425664f84610a8b86b2826fb7a3aa5db2f7bec19d6,CLEAR,DAYLIGHT,DRY,IMPROPER LANE USAGE,2.0,45.0,2.0,2.0
1199122a6c87faf4f44bca5ade1537d7f07137c17da65f3d8fc2efcfc37fa75f823bdb38304bfaf47fab4033e6f7b75b66deb894121c24a711334e08e5886e11,CLEAR,DAYLIGHT,DRY,FOLLOWING TOO CLOSELY,2.0,31.0,2.0,2.0
1199152b568b510954bb088026865ac5422ef3035219864b1886f4647a4d3ad3f4c66c83c9c3b60d1c7a3faba40a5235dbe1098fc86762454fb07d92ef334f7d,CLEAR,DAYLIGHT,DRY,"OPERATING VEHICLE IN ERRATIC, RECKLESS, CARELESS, NEGLIGENT OR AGGRESSIVE MANNER",2.0,52.333333333333336,3.0,3.0
11991beaee07ae9da43faffdf1017c9818d33f918b46a477855113fda32fe133492e5ab03e58874d179f65ff3a1de85945a16626d0596e47203955fd844049b9,CLEAR,DAYLIGHT,DRY,DRIVING SKILLS/KNOWLEDGE/EXPERIENCE,2.0,24.0,2.0,2.0
119936ba94c94717c4e6b42ecebfbb5f8c5008f3ff8313076d965c67898148eba02c8d295013066525a83051531db0d49b58ab34ea1a83177dff2088a6d09523,CLEAR,DAYLIGHT,DRY,IMPROPER LANE USAGE,2.0,64.0,2.0,2.0
11995c1af41e66428337ee3a335c82cb94bb6eedc9bcaaff0803256fa92cef84bcfdf2fd30ca65a8c418cf76a129e4b1279b854f776ffb0a0ba03b4be3e97a0e,FOG/SMOKE/HAZE,"DARKNESS, LIGHTED ROAD",DRY,FAILING TO YIELD RIGHT-OF-WAY,2.0,21.0,3.0,3.0
1199a517bf8244bdd3ec5c77ca491baf17fadbc5c721879694647c2b0cdc358c07a758f4b1da78009d8c0153c65363bfc52393b4543ec32f1457e76ee757f13d,CLEAR,DAYLIGHT,DRY,IMPROPER TURNING/NO SIGNAL,2.0,51.5,2.0,2.0
1199b626c174f3848cac4294ada55eb0b2b7ccd46ef059d573b651c1ea0e557cfbe1ebca4a0bedc49028852ae5d34c2fcc31c6ad2b730b0b997e4435d67f0c10,CLEAR,"DARKNESS, LIGHTED ROAD",DRY,IMPROPER OVERTAKING/PASSING,2.0,62.0,3.0,3.0
1199d9bb30c2e7a124e6653e2a4bce70488d8c2bbc67509a1b88941fe3ad4e02410b4e3a268ed560f50926a186a3dec9f9b03fc50fd0c1556ae19df5d1fe868e,CLEAR,DAYLIGHT,DRY,FAILING TO YIELD RIGHT-OF-WAY,2.0,37.5,2.0,2.0
1199fa73abfd2ace938967d57d39e010463913243cc964af177ffce2173ade5a587d1a926d76361beaf1f338d33b849ae8c72b3abae481c9fcad9d27fdb12287,CLEAR,"DARKNESS, LIGHTED ROAD",DRY,IMPROPER TURNING/NO SIGNAL,2.0,29.0,2.0,2.0
119a1b61a8fcaa0474ed8861a1918e765d8ccee35cb043782c86ec481fa80c615e86a42abb523b63309a2457952581446ea71ef12097e45e622ebccc2da5a655,CLEAR,DAYLIGHT,DRY,FOLLOWING TOO CLOSELY,3.0,49.666666666666664,3.0,3.0
119a31abb295bc62f9fa9c796d9a83391ddbd57c99c51bababb4351a57d881a15459551130168f9f8c7fe94547dc6a3cf961001be37b8e75704052dc8085a971,CLEAR,DAYLIGHT,DRY,FOLLOWING TOO CLOSELY,2.0,31.5,2.0,2.0
119a59c1f18bf615220249e139a9a6ec7eb14539ea3e92cc7c329aaf280371fec35d2de5417b411afed190809ef6a06db6c03bb7eb2108e2b08f5570eee61322,CLEAR,DAYLIGHT,DRY,FOLLOWING TOO CLOSELY,2.0,45.0,1.0,1.0
119a665290553db455424fe642cf414de0396be4d20d3a2d827939557870607f4c709ecca38fdfb962c30119ed7614d64422d8cc927992e90579e65720b608d3,CLEAR,DAYLIGHT,DRY,FAILING TO YIELD RIGHT-OF-WAY,2.0,51.25,4.0,4.0
119a909bf421d4d7f69178c185bcbf2e251f32eb9afdda83a60fd16bc4a4f48402df6148696072a1c75c6bd9c31ae6382d50ded9e50aecf6c4866e1b9d98d1af,UNKNOWN,DAYLIGHT,UNKNOWN,DRIVING SKILLS/KNOWLEDGE/EXPERIENCE,2.0,51.0,2.0,2.0
119abac6663fcf5b7a7857f47952880fde84309f6c9a353e7b227588659609eaf789511ef94c8280d92e988a676a15b29e7420e81630d77516d66982a1bd8a48,CLEAR,"DARKNESS, LIGHTED ROAD",DRY,FAILING TO YIELD RIGHT-OF-WAY,2.0,55.0,2.0,2.0
119ae314e7f60d2dd6d6dd2f0c853abf07e7959d91fc771e8239c4209d115dfd4536b7ba971023796d312920729a4681b80817111faeb0b1b9c2d549d7921bec,RAIN,DAWN,WET,FAILING TO REDUCE SPEED TO AVOID CRASH,2.0,54.0,2.0,2.0
119b00e7a12395b01442010d8a8a8739cb3203aa3619746a7033b55b820d2b0342803c316257c457281dc37f07bf757849c5efd22dad7bd17f4414b902cbef63,CLEAR,"DARKNESS, LIGHTED ROAD",DRY,IMPROPER OVERTAKING/PASSING,2.0,32.0,2.0,2.0
119b1a476468d55a78cb23eccf4a4c39ed3592049a723669fa3ef4b72ccb11f24e67536ba8a87fd9c1dfea01560f1fad68c0a58f7bb92c0dee0c7181b0d56e40,CLEAR,DAYLIGHT,DRY,FOLLOWING TOO CLOSELY,3.0,43.666666666666664,3.0,3.0
119b71cf00b7c90a351b960c0cbe8d389f4dd2c4b77bc157ac84b5aa9d4240a3564b425bf279981de21b77726c90e048019660e6863d534735327ec435b55918,CLEAR,DAYLIGHT,DRY,"VISION OBSCURED (SIGNS, TREE LIMBS, BUILDINGS, ETC.)",2.0,50.0,1.0,1.0
119bb01f1f32f5103bc8bddfca69776d680ebcf93afc7147a7a68c9a18b7be3ed70d33b1f7929978142bc4d0e601b99ead2167bd6b5d949672a3a014ba485f1f,CLEAR,DAYLIGHT,DRY,FAILING TO YIELD RIGHT-OF-WAY,2.0,39.5,4.0,4.0
119bb063ccf6b952a7b38d478621b3702a28d7713334c87d768d59bc4b4ebc6a2208d8aa69cb937e82a980358373894f1891853e2e8dd097bab4c49b5ece2e12,CLEAR,DAYLIGHT,DRY,DRIVING SKILLS/KNOWLEDGE/EXPERIENCE,2.0,51.0,4.0,4.0
119be4e6bb897718fa4206823ea97b891067d3d13cf1422feac8ca0dcdc340de86ec25251c312ca880cad9ee2c680bdccf5835dac0c2c9261837fdf7f6d4ba27,CLOUDY/OVERCAST,DAYLIGHT,DRY,IMPROPER TURNING/NO SIGNAL,2.0,42.0,2.0,2.0
119bf9191b6c759bf32c10e7ab6fb299898213982ec320d903739b2dd7ec7b339a5ef2111504185677b437e27d335ff4049c0a80ae71f7f8ac55218a45d3d9a9,SNOW,"DARKNESS, LIGHTED ROAD",ICE,IMPROPER OVERTAKING/PASSING,2.0,36.0,2.0,2.0
119c00068bf7c41815927f5c1b430eafaf0c7a2ed5a1d78cbb33fbdf49084d5ca1844812530793afd63c1a4dcbd5ca0b14c93ceac497780dc7273ab2ba4bde7d,RAIN,DAYLIGHT,WET,FOLLOWING TOO CLOSELY,2.0,50.5,2.0,2.0
119c07003fa1a46a9d76b3b2e4be0834f6a909cd25940b5026cd9c22627624c4c6b8fcf876eb304f0e5261d0ffc234981b4c101bd54572fe3a053747a371b84d,CLEAR,"DARKNESS, LIGHTED ROAD",DRY,ROAD ENGINEERING/SURFACE/MARKING DEFECTS,1.0,37.0,1.0,1.0
119c0f073b4dd5bdcafbe78841771c5e907959c01363a6b554dcd174d30e36df1d555b3dfd0641e556dbdf4b6ed73041cd9f3083b07b253e1aaa7c4e3e54089f,CLEAR,DAYLIGHT,DRY,FAILING TO REDUCE SPEED TO AVOID CRASH,2.0,61.5,2.0,2.0
119c17f06dc10a0eb64ca3f11b97bd1e30353efb0222e2df143b53c8b76a5516a73505f940fb3ec800ffee22070c59d385d22b4c1c644eb0004165ad52548b28,CLEAR,DAYLIGHT,DRY,"OPERATING VEHICLE IN ERRATIC, RECKLESS, CARELESS, NEGLIGENT OR AGGRESSIVE MANNER",2.0,39.0,5.0,5.0
119c7d5ed9a7f4d12981f0260c4ffec2804d32dd71f284ca0bf6a48f3ada8fda90aa52a31efc723cca95dbc062e133c040cc1797b32fbce235aecaddadee8fe8,CLEAR,"DARKNESS, LIGHTED ROAD",DRY,FOLLOWING TOO CLOSELY,2.0,34.0,2.0,2.0
119c95a0afbca60482cbc1892cdf661f2a27e2bce4e89eb96c3113b550ec1870a4e263766aa68c5c4b9c518c398ce87012e7b292d3215f2ff3bc2705434cd3e6,CLEAR,DAYLIGHT,DRY,IMPROPER LANE USAGE,2.0,58.0,2.0,2.0
119c97914fe5864070cedc4b808b97dc95b8bc271cd0f8997e017db375c871b5e2d0e3d4bb2631fc6a89992d40ff70501af89cba6e90c51649cff7a8782b9339,CLEAR,DUSK,DRY,FAILING TO YIELD RIGHT-OF-WAY,2.0,77.0,2.0,2.0
119c9a59aa5f33fcb86749cd88b21fbdd3aa54afa3c9c31f4884cdc714fb42e27e7b3b714f047c698a46da205a37930041cac0b28b942d5735532208a4075ebf,CLEAR,"DARKNESS, LIGHTED ROAD",DRY,FAILING TO YIELD RIGHT-OF-WAY,2.0,59.5,2.0,2.0
119cd8da27a9fcbd05bb66ef44d4d835d2b7a1c89f5f82602941fe3ac35f4a4d1b6e23f9c09afac4018225416de7f9051e22f239f3f00c51363192eda1a75477,CLOUDY/OVERCAST,DAYLIGHT,WET,DISREGARDING OTHER TRAFFIC SIGNS,3.0,37.666666666666664,3.0,3.0
119cdd41d704a081c214e4fa2c70ea288cfa693b2b7b2ee997ed8204f4be785c3f061a9c679bf6e7d4100f4d38ad33f49ef538d43c4399f205fecfd7f680135a,CLEAR,DAYLIGHT,DRY,FAILING TO YIELD RIGHT-OF-WAY,2.0,48.0,2.0,2.0
119d04b873427b261c53127e078585799e607713b43246ab462312f4d38ba4f66210796e8bc63c48a6f9e1cb45cfc51bc63b44a1964188f582a90f31fbe057a3,CLEAR,DAYLIGHT,DRY,IMPROPER BACKING,2.0,37.5,1.0,1.0
119d2a1441e770a9317837bad8da129a37a17e5194b7e7dece2208de4d2e835247d00899e720711c6654a59886312ef6565e4489b1dfa998726e44d23ed77501,CLEAR,DAYLIGHT,DRY,IMPROPER LANE USAGE,2.0,48.666666666666664,3.0,3.0
119d4bb3d540a2e99cd365700eae128206984b946dcce95e04687e0d9396c16c99c046c8e36aeb5a8a8cad46c8555acc5b8a1b3ed6f47569977ad5fa9904eacd,CLEAR,DAYLIGHT,DRY,FAILING TO REDUCE SPEED TO AVOID CRASH,2.0,71.66666666666667,3.0,3.0
119d6e917da218f79de8c04e2cd6fab8215609d68d08fe5e264b4d83aafbdbd54cf99a9ffcf69872036cdddff81e83d76bce9e0ebcfc25d01488aa9108640d5b,CLEAR,DAYLIGHT,DRY,FAILING TO YIELD RIGHT-OF-WAY,2.0,29.5,2.0,2.0
119d9a434bed3ebaf949b7825a26c8e9f4b7b4fc5ae6807f41a741f388ebbdc59786c97cf5cf4cfd037e1ff8d21018f57e55a6810ab546a88627d82237a447dc,CLEAR,DAYLIGHT,DRY,DISREGARDING STOP SIGN,2.0,27.0,3.0,3.0
119db1c4a7d5dcd77124902eb58268acf035727531863e55710ad9ba5859756863bdde8895e3946824835213e7ca67db65e8204c96e78c4be5ac59250a422d0f,CLEAR,DAYLIGHT,DRY,IMPROPER TURNING/NO SIGNAL,2.0,41.5,3.0,3.0
119dc4f64aaf44f9708d4eb3904250dfbc9079465ef333de64da9d88a2505d8e06fb901afb038c00ba7505ddd317178e22b2f83c61c59b08cef2a59006353b2b,CLEAR,DAYLIGHT,DRY,IMPROPER LANE USAGE,2.0,47.0,2.0,2.0
119dcace141e8535dff2167020c7594086e8f8cda8150c1bd2116b66be23ee6d44497dc412695d63c379a8226890a3cffaf84e6cc3da4bacb1520b13de57b870,CLEAR,"DARKNESS, LIGHTED ROAD",DRY,IMPROPER TURNING/NO SIGNAL,2.0,35.0,3.0,3.0
119df0ee7b8945803744d8251f147081217bc9592bbdb9a2fde217f92e99d7138fe1835d65db683835100533ca06eb13d91b98e9351e9eace0cfb66326d2e974,CLEAR,DAYLIGHT,DRY,DRIVING ON WRONG SIDE/WRONG WAY,2.0,37.5,1.0,1.0
119df98d2ac4ed0252be5872d141da15eaac110f9a91c4a3bad4f308c930da87400de067c560bd293f67f64d180084d4d3b0e1a71bc76fded2e085617ed5f1ac,CLEAR,DARKNESS,DRY,FAILING TO REDUCE SPEED TO AVOID CRASH,2.0,33.5,2.0,2.0
119e3c693e61dd5234edf436852b97be56954df7feecdb353a1e120c8cbe4884cef677b8c368c25968b8ee9d529d884307f4b4978ab0d3fa6d63f91182ed7394,CLEAR,DAYLIGHT,UNKNOWN,IMPROPER OVERTAKING/PASSING,2.0,64.0,1.0,1.0
119e9986db2d198c64337d2c7452f2c60189c3f25a00304e9f3d2cfb81caef39d08430135072bfdf7b2e0d49e487b007f8a1d7602831bdbf179235cf9376a5d7,CLEAR,DARKNESS,DRY,FAILING TO YIELD RIGHT-OF-WAY,3.0,46.0,2.0,2.0
119ea7e10a247a47f782b4202e3f98d30b0c99109ec5e2f68544830a13dcc6c9f420d674519d9ff9d81635f9a679914955cb8a8f9de4bab6153d5216a93c4795,CLEAR,"DARKNESS, LIGHTED ROAD",DRY,IMPROPER OVERTAKING/PASSING,2.0,58.0,4.0,4.0
119eac8fecc8f441e8cbb89b1f856a7cfc897a09679140287db344a4c77d730b6b8e285792fb314b5b1369dc5943c9bd47f9b65dd28c6aa2ae4ff1b6d775bd79,CLOUDY/OVERCAST,DAYLIGHT,DRY,FAILING TO YIELD RIGHT-OF-WAY,1.0,37.0,2.0,2.0
119eb6911b7812a091aad820f1da13f925cb796dd1b624ab9ed13db96fe5a292c8b6a59c3d083d2535edd8cbfff1eee6e857c5d72a7f08ee4cada255998bc8c2,RAIN,DAYLIGHT,WET,DRIVING SKILLS/KNOWLEDGE/EXPERIENCE,1.0,67.0,2.0,2.0
119ecf8dce8d53c15a5b35d336640bb3593d998acf32bdbf442dbdd1d36b0aa05e6d49dccc153a13d0879581946474418af4e427c9254c59f8fc971394ff8235,CLEAR,DAYLIGHT,DRY,FOLLOWING TOO CLOSELY,2.0,28.5,3.0,3.0
119ee970b538b71637d42a17fb8ecdfb2b33476a0b46d343e84c6bf526e957c6ab56f3c458771a78942e93b12560eecbef83f07214173cdee95798f192484744,CLEAR,DAYLIGHT,DRY,IMPROPER OVERTAKING/PASSING,2.0,45.5,2.0,2.0
119f2b90e7d9dd1b0b68b76ba51e12348b1c7171372fa6e79c42791daf5319a20c20d9ed46fefa52b3865a0ae42b33ff0b8f1b0321fdc98bcd45c9bf09c4f4a2,OTHER,DAYLIGHT,ICE,WEATHER,1.0,43.0,1.0,1.0