crash_record_id,weather_condition,lighting_condition,roadway_surface_cond,prim_contributory_cause,total_vehicles,avg_driver_age,total_people,total_injured
119f4fa69a51666b58a92bfcbbb123b2f03d9812b76a1e87fe8a8fe3a9696408440826aad46dc79ad2a35bb8771cf0685332815924f872144f863411b4f9f7ac,CLEAR,"DARKNESS, LIGHTED ROAD",WET,"OPERATING VEHICLE IN ERRATIC, RECKLESS, CARELESS, NEGLIGENT OR AGGRESSIVE MANNER",1.0,21.0,1.0,1.0
119f9dd196bab9c7c964be1dc77f6ea2dc67601b37ddb352607a92bc6e02887c0b2bbd9162f216dd5e2b3fb7efbf6c2b736733c64d6a680e1779dde8722ae45b,CLEAR,DAYLIGHT,DRY,IMPROPER LANE USAGE,2.0,37.666666666666664,3.0,3.0
119fa84c1b9d2b2273c80ecd7eba0e50d9cb0f352a63b1e794d1bc1dcaf2006b5759e31ff7d5257dd0c2933e61b5c6fa05030b4fceba469707402f8b61b6ca06,CLEAR,DAYLIGHT,UNKNOWN,IMPROPER LANE USAGE,2.0,51.5,2.0,2.0
119faae56919eb2259556911b9d816a958c792390a63013c3aef06ca9578499b24e0a0fec19d3e50d1109277278e484c1701d6c8ba77eb346000f4cd19d4cb32,CLEAR,DAYLIGHT,DRY,FAILING TO YIELD RIGHT-OF-WAY,2.0,28.5,2.0,2.0
119fcd00458726c7e4e2cfdef05f62f1c1125797989fdec383c48da3467006f7f830c2a27d099c0faf2919f99482c052cd3dbd7af81823bc77367a583468291e,CLEAR,"DARKNESS, LIGHTED ROAD",DRY,FOLLOWING TOO CLOSELY,2.0,35.666666666666664,3.0,3.0
11a00f614196a8a12d938c2b5bfde9f0357a5e169670594323c8d4d2a7d4b616ba42f3713746ce9d86d237ccf6884b7cc3791879c8397b92433fbd93fb897034,CLEAR,"DARKNESS, LIGHTED ROAD",DRY,IMPROPER OVERTAKING/PASSING,2.0,11.0,3.0,3.0
11a03ece85ddf815e57b5207df55331b3589373e76e8de1f0560014a7b1340cc576403323b1432ba9fa6f45a5c2ed84477a1f26ac031c872ece05788cd75b90f,CLEAR,DAYLIGHT,UNKNOWN,IMPROPER LANE USAGE,2.0,39.5,2.0,2.0
11a05154b059454f3e24e74ab2ce07c7b0a0641e2a39a5110402fd636b80080526b98d75a6df2ee6c97f75fa420354c4c992f7a8bc636e15df664109bc65a354,CLEAR,DAYLIGHT,DRY,FAILING TO YIELD RIGHT-OF-WAY,2.0,85.0,2.0,2.0
11a0b23604d23de21c602a601d400727b316011ae9befc0f9f70d669275cfa00fa9ae25d021eabdfb6e40bda3f2a719839a66891ac961e879ae327651c4008a1,CLEAR,DAYLIGHT,DRY,FOLLOWING TOO CLOSELY,3.0,47.333333333333336,3.0,3.0
11a0df59c13a1af44c2e2db3fd0b748dfef4c414818a31c5129933a018179094bf0a767813baf17c704463024630a576af97f0d3bf606e94e18eda3bfb28b19e,CLEAR,DAYLIGHT,DRY,FAILING TO REDUCE SPEED TO AVOID CRASH,4.0,35.5,4.0,4.0
11a108cb934e8b0039c98b4aca8c8e1480e25ab849637c3de17eedd58b6f06a5384d24e623820c38b2a8ba3b0df03c5214680aa8299aaa0a023f6cd4be802063,CLEAR,DAYLIGHT,DRY,IMPROPER TURNING/NO SIGNAL,3.0,28.0,1.0,1.0
11a1639d922656fcf20c1708297492c2a27ce64cf301eb8b8ba43bcba0a17d95fbd93d92530da2a8ad76dc0fd3693088b4dddb6154e95c92001e6cd41d17026a,CLEAR,DAYLIGHT,OTHER,ROAD CONSTRUCTION/MAINTENANCE,2.0,48.5,2.0,2.0
11a1652dfabc244be5a5014660456fd51a785ef1544a768d4c794ee4299df81243836eade301dda651e942dd83630b962a1712a9f026a3a16406325219526faf,CLEAR,DAYLIGHT,DRY,FAILING TO YIELD RIGHT-OF-WAY,2.0,31.666666666666668,3.0,3.0
11a1baf56e9a57934a7e864063ed2f140506699d25c58f7ab2fa527102c48bbbb2794d9e428ff7ff481424e4f7147bd2acdf05d640895867d75dd9af26d36b48,CLEAR,DAYLIGHT,DRY,FAILING TO REDUCE SPEED TO AVOID CRASH,2.0,37.0,2.0,2.0
11a1d1dfe65cea788fc61c7a57416e1ba6703c8267e16954688a08642dd5a53c1e72d4adabafd3db696622007c198929128d0a98e2beb43f4a16305fde3cfa4a,RAIN,"DARKNESS, LIGHTED ROAD",WET,FAILING TO REDUCE SPEED TO AVOID CRASH,2.0,66.0,2.0,2.0
11a1d5c0d0566bf8dc3d99c0ce88ec77857310b210512c411b4a8e9a89521d29b212d5389c1b31f330828d30251d7a3888ac817b453ab811750290d7608acaf7,CLEAR,DAYLIGHT,DRY,FAILING TO YIELD RIGHT-OF-WAY,2.0,77.5,3.0,3.0
11a1f23d7ae9d451f026170b563a4be8bf26143fbd42a68090e1c9fc6dee556ea256a3522d8a6c8a17a932ea0f3b30d81ffebe7903bdcf5363dee54a0154f734,CLEAR,DAYLIGHT,DRY,FAILING TO YIELD RIGHT-OF-WAY,2.0,46.5,2.0,2.0
11a215023fdc0f1e31512e9b700c78b3a50f8a66a1ca5e78769170c8506bdef091a557782ea7f41fc6e1bb3bf2df897b624475aaa8732ac4e39d60c25b373c61,CLEAR,"DARKNESS, LIGHTED ROAD",SNOW OR SLUSH,IMPROPER BACKING,2.0,43.5,2.0,2.0
11a22b2cea35bb37ba737441c625ab563060cfdaf881c50e57de4957e1b8bdfdfe87937d23fc2f9ae57367222fea878fce4054e8da466941ce7d253899c087dd,CLEAR,DAYLIGHT,DRY,FOLLOWING TOO CLOSELY,2.0,28.75,4.0,4.0
11a26af5a250bb54f7f66eb086738cdaa8dfa6d7b08f58028a270b74ae806df8f0a1066ab9c0534acbe84bbeaeab09647a857319989c3286f627c3fcb50413fc,RAIN,"DARKNESS, LIGHTED ROAD",WET,FAILING TO YIELD RIGHT-OF-WAY,2.0,27.666666666666668,3.0,3.0
11a2892fac255fb87fe4baf9d61626e9f976403a76f289e6e19b9d99667ab01557791b424da6ed0b1216b3a75fea0552c678c69de620d59de4f8f0591435ec0b,CLEAR,DARKNESS,DRY,FAILING TO YIELD RIGHT-OF-WAY,2.0,42.666666666666664,3.0,3.0
11a29dca943521fd5b2364188220ecf3d19b3a7f7d2aaa00e841fd08546ecb0d2506d530312492f5834e03907a048e48c569f5d712d37148eb00b3bc5ff56ed1,CLEAR,DAYLIGHT,DRY,FOLLOWING TOO CLOSELY,2.0,32.5,4.0,4.0
11a2a778c6343d33c39a1602392f41c10fbb5bdcf77a12e5d8f095071fbe2b5bdfffd31bd713bdb13e9b5ace27891020f5c9c814a4e75f465902db394c090bcc,CLEAR,DAYLIGHT,DRY,IMPROPER LANE USAGE,2.0,27.75,4.0,4.0
11a2bf99d556a539f4564fd5ace75ac04a25d54bdc58be9d2bc1dc862aebe87900f33dc86125f5591be59738ca7c5ec9e89e649356512844a905fdbf3604e4a8,CLEAR,"DARKNESS, LIGHTED ROAD",DRY,FAILING TO YIELD RIGHT-OF-WAY,1.0,30.5,2.0,2.0
11a2cf017349c5768bf8b83594ba9899af8716b5491c9db3690d9df85b94ea2aef7c44dfd1371b54ba7b3a943701040ff922002f06399ba81330e77b1f066e2c,CLEAR,"DARKNESS, LIGHTED ROAD",DRY,FOLLOWING TOO CLOSELY,2.0,30.5,3.0,3.0
11a347e8f5c6065351ec30c3d820aa6ed465490b23f977fe80e8a5bf1d5962d056ac1c9cab4ddfcc289e0d22a91f37a82ee3ad707505d64d867039692678f2b8,CLEAR,DAYLIGHT,DRY,IMPROPER OVERTAKING/PASSING,2.0,43.0,3.0,3.0
11a352574df437a99d251d31aa66e9f7d274bc838fc3866995e3d27a2a57bcdde233b04f79c29cfdfb5e164ab82088291655772c348efab19679f72d76a9cef9,CLEAR,DAYLIGHT,DRY,FAILING TO YIELD RIGHT-OF-WAY,2.0,30.5,2.0,2.0
11a36a6614ab0a98811d84b3cf789fc03ff5f6823f76ab27ba866db10aedfac3f9c35836c142372457efa03f163de497c0f662c963fbde3462e7fbca1b4344d9,CLEAR,DAYLIGHT,DRY,"OPERATING VEHICLE IN ERRATIC, RECKLESS, CARELESS, NEGLIGENT OR AGGRESSIVE MANNER",2.0,58.0,2.0,2.0
11a3af17e4bc514de3b76011e0cb1d56728e136e034150869753a94cbf80b0fa2021096378403c59b487cf52c14901d4a8bba34e462191d2d08c18f01021e2ac,CLEAR,DUSK,DRY,FAILING TO REDUCE SPEED TO AVOID CRASH,3.0,44.0,3.0,3.0
11a40c905c5d43c4d5a76c1019c3febc1e2f5cd745d885f4d6b12e481fe4d66e620ef65288e883ef9ac156b365b3447cf05f2ee8ec21b6e35cb97f754044f970,CLEAR,DARKNESS,DRY,IMPROPER LANE USAGE,2.0,37.5,1.0,1.0
11a41e365808eadefea18ecceb1bd129876e699d4df52fd00c88d2b50bd4cc3b75d317f37d74ec7508c682a9ca40c546dcc6cbceccbefb050770e860c82a7736,CLEAR,DAYLIGHT,DRY,IMPROPER LANE USAGE,2.0,26.0,2.0,2.0
11a42125b1695952b08da9a1ac7bbceadb51b76da8d01acd284bf64d9a911ae8e339fd9e305d4be9dc2838bdfa254b636a90d0c77b8ce80a1bef13aa3bd2ef8c,CLEAR,DAYLIGHT,DRY,IMPROPER OVERTAKING/PASSING,4.0,30.0,4.0,4.0
11a4406f45f6d240346670cb429456ec8d5d61ca4b80bab1b076016cb0890ba5ba37403fe119d56d13df919d1c72f55dec8d0a40d78d04e0a89b2f6222836637,CLEAR,DARKNESS,DRY,DRIVING SKILLS/KNOWLEDGE/EXPERIENCE,1.0,37.5,1.0,1.0
11a45fbc84b460905f68b5bf11c1e005bf2deb0f292114cdac085436f3ee35334b4d6f90dc8e4863ba95eabde4ce519eba7581e55ab7875abdf4852b1a2d8ee5,CLEAR,DAYLIGHT,DRY,PASSING STOPPED SCHOOL BUS,2.0,49.5,2.0,2.0
11a46c1e92a1960fefafc54e2cd98e7f12686000b2a0bf1b403f79c6c49994eabab0a0631a7b3b358b203ee79fe9149eba3f7579db3b6c71ba68a4fb91011601,CLEAR,"DARKNESS, LIGHTED ROAD",DRY,IMPROPER LANE USAGE,2.0,24.0,2.0,2.0
11a48d7cd14380967fd3cd86e8d8061f3ecc44b1eca5a0220b71c1eed66d277a48b64aef0c6ca38b91c1d39cb1cf883234dc5ae9996a7d45d0a46fc42894207d,RAIN,DUSK,WET,FAILING TO YIELD RIGHT-OF-WAY,2.0,17.5,3.0,3.0
11a48e1a319606a631037913c7b6405e0362cb23360d9a754e0e786e267c47b02be33b6626f539e58cb87de9d837bcce92d0b1977e787e142b2eb901dc78fbe7,CLOUDY/OVERCAST,DAYLIGHT,DRY,FAILING TO YIELD RIGHT-OF-WAY,2.0,27.0,3.0,3.0
11a48ecccb180d84e0ad8d2a8049bb227ed0ff203d72fd6d5f5153ac246384b466508b28be101c7207ca5af72c3d8f8619953d2d11c1dd52faf31a817cd82540,CLEAR,"DARKNESS, LIGHTED ROAD",DRY,IMPROPER BACKING,2.0,22.333333333333332,3.0,3.0
11a49eae7222317b2e5369fa0c3b085f7d1c72482842ed4390bb4c4642de698daaa5de14ca864293b685dd431c84c5673549187a0c4d864fb2e97ca2c49f881a,CLEAR,DAYLIGHT,DRY,FAILING TO YIELD RIGHT-OF-WAY,2.0,35.5,2.0,2.0
11a4d176b09f49d8f7e51e30713806d2dc933a13880b4a53a0e763eb6b6d634acbf45dbe00e4de5a7c5bdf25118b41637209e824bf76b99220860d7ed6a2f961,CLEAR,"DARKNESS, LIGHTED ROAD",DRY,FOLLOWING TOO CLOSELY,2.0,46.5,2.0,2.0
11a4dc5d923ea65895307d060140d8d41dd4bee2c956ede1375a6a66259122216faa84958942a3099d87d51207cd0814c37b8d680249aff61472e511510f9802,CLEAR,DAYLIGHT,DRY,RELATED TO BUS STOP,2.0,44.0,2.0,2.0
11a500394a22192ab024db41e82a4f8a33faa378eab8ee866b5d962b299a7f2c9e74db63a42cae8f47cb2adc311f0de7a273da8389d77658078d880be3503fd1,CLEAR,DAYLIGHT,DRY,EXCEEDING AUTHORIZED SPEED LIMIT,2.0,40.0,2.0,2.0
11a5019f636f96232cccbc546640b6795078c2d7fb596786fe35249cdbe323968aff71045517808f385f59a60ec7349ed3f2cb3863150092dcf4ef418b90ec47,RAIN,DAYLIGHT,WET,IMPROPER BACKING,2.0,38.0,3.0,3.0
11a560e5787d6b65653c389791e6d7310cbc47eeae02ef6cb1ccc420c812e2301a0b9d5d0ee13d453dcb26abe12213620341947f0ddb0f09bd893eafdbea9c27,CLEAR,DAYLIGHT,DRY,IMPROPER OVERTAKING/PASSING,2.0,53.0,2.0,2.0
11a57b7124d1f57631be8cfe70dee49d71a6fbc40297d6a9d9c9b9b9d6148fe234c0ce98086e9a8a362ff52a09aa4163c624969458a83d2e0e6a074a8ca76a2c,CLEAR,DAYLIGHT,DRY,FAILING TO REDUCE SPEED TO AVOID CRASH,3.0,32.0,4.0,4.0
11a59f27fd1348b95d1881a90fd7620b5ecfaf6e91a779751e9b0e6e3c7d6ae15eee1ee622b626488631cadbd3535cbab80ab3ae502e481024a6a0f47879a491,CLEAR,DAYLIGHT,DRY,FAILING TO YIELD RIGHT-OF-WAY,2.0,37.0,2.0,2.0
11a5a8d2235f64b8f415151ee5c19c26a784d958a54457bd59ecaf2edf5fdec753237c1acc44339133e4ea73483937d09ad5ebdd5bba0ff7f0448f4f6bdb3915,CLEAR,DAYLIGHT,DRY,IMPROPER BACKING,2.0,41.0,2.0,2.0
11a5da92504d6f9939ecfe727e2e1d2fbb01aef50fbd25110f7deb6d8431c1ac19acbdb1d64441b26bacbd200c1e5508ce0b5701a07a41b008a1b4939fb4700e,UNKNOWN,UNKNOWN,DRY,IMPROPER OVERTAKING/PASSING,2.0,37.5,1.0,1.0
11a6122aadd58f7b4d6f71c595b554733ef036bc84926c0299905ec48372f3d65c5a0415b6794246fb05e024008d4dd781dcbd5ceca2fc2bbd2ba2e687518886,CLEAR,DUSK,DRY,IMPROPER BACKING,2.0,41.0,5.0,5.0
11a62afba515fc1f390f8070c0e78e2450a22e35e6d4dcb033c34cc3efd7a13581c4a357525794c185ebd866e99556f5bf7d449396a3ee935b2e2c8fe6785ffa,CLEAR,"DARKNESS, LIGHTED ROAD",DRY,IMPROPER LANE USAGE,3.0,21.0,1.0,1.0
11a632f5b28ce53df3edbfb756b2350f2ab8c988a39399306782cf5a0fe1e15575db98a634c612ee63f19c2e0d63766961493318d6647214bedcc8c134a57dc3,CLEAR,DAYLIGHT,UNKNOWN,DRIVING SKILLS/KNOWLEDGE/EXPERIENCE,2.0,41.5,2.0,2.0
11a64c5c13b080f9aa88b15a82e7386a4c8b82c07ae7010caa34cf3ff22fae566f366fba044c0797b2c0880eb985dc31cb2b18fc4103bda2da713d0cc04eeba3,SNOW,"DARKNESS, LIGHTED ROAD",SNOW OR SLUSH,DISREGARDING TRAFFIC SIGNALS,2.0,45.0,2.0,2.0
11a65ca1b5af1a2ac002c609fc7dde593e4e29fee58fea1959f3adbed674d27df3564d29357a9a5034d2c95915caa753977f354c614236030076da79358469b8,CLEAR,DAYLIGHT,DRY,IMPROPER LANE USAGE,2.0,47.5,3.0,3.0
11a6757fc95663e8423523ab446132d850af78c2de5080dfc633847ae9ac69528ea34f8fc3d849a4ad46079ba7f43bf1c76fb40f96f30b2aa29d917e7131b190,CLEAR,"DARKNESS, LIGHTED ROAD",DRY,IMPROPER TURNING/NO SIGNAL,2.0,21.333333333333332,6.0,6.0
11a6a6b270fce4774b3d4f495ffd13bb0294d68811cb6a221cca6850c21a3b251d1890f449966d50d90214e10f348bf0a375c75139317d8cd2061136c278fd68,CLEAR,DARKNESS,DRY,FAILING TO YIELD RIGHT-OF-WAY,2.0,33.0,2.0,2.0
11a6f12d80fa4f26e8fd901f9ce27530d48fad6157b72db5fa23861a76d2d98ec72d52be2785203e5d939825de51a22850d6ddfbd6bff328d525a712191b80e1,CLEAR,DUSK,DRY,FOLLOWING TOO CLOSELY,2.0,69.0,2.0,2.0
11a7196712dc34ffef6c1768ca15b9d9e203bd273671881d1ea1f286e82ae6953079c36d84357d58db7fbc5d08aafe7073c72967ae595844fee61ee0b88687a6,CLEAR,DAYLIGHT,DRY,FAILING TO YIELD RIGHT-OF-WAY,2.0,46.0,2.0,2.0
11a71a9754d0c31e7c2eb18bf8318a21a5d4cc9560f43e1870315b4bb37f35665da719b3c19f7c48d39a3ca5d5b613f17774471bfbafcf1c71bc550b482dcec2,CLEAR,"DARKNESS, LIGHTED ROAD",DRY,FAILING TO YIELD RIGHT-OF-WAY,2.0,24.0,4.0,4.0
11a725259b2ddb05b83cc87c71ffc6e1417a3b7297a3e35e3e3216db63f4c16c2fcc3a822277326bada2e4e29f2e6b3869aac32e461106fb3e200f8eac020706,CLEAR,DAYLIGHT,DRY,IMPROPER LANE USAGE,2.0,39.0,3.0,3.0
11a72b14626d112a01e52394a9415639c93e4f1af98e1ec3c65b95b0ffae7484ea6b197e878fc9eaa7bca0e004094d935b94bfdd99e3b9b4ee722882449ae600,CLEAR,DAYLIGHT,DRY,IMPROPER OVERTAKING/PASSING,2.0,62.0,3.0,3.0
11a74cf3001f2588e2faa8154e990b3ad55028398f7937e0697a786d2b6c89daf8355dce43383b55a92e254b196860723011f88fd7ae3935efa1f9e37bd091bc,CLEAR,DAYLIGHT,DRY,FAILING TO YIELD RIGHT-OF-WAY,2.0,23.666666666666668,3.0,3.0
11a781f7468b361e33aab19e545f011ca9b307292dae34ca77ae7ad373b893a49415f77f756a8def0f3a948830a8bfc363641db00713507eb12b4bd6f9769aae,CLEAR,DAYLIGHT,DRY,FOLLOWING TOO CLOSELY,2.0,72.0,2.0,2.0
11a79894229a53b7cbbc11b362ecae535985185b91f9430c879a887c637a87c385e302b394b7c4206fd7967ecb52a4fa0285828c3a3cfd4eac4cd31027be2d9a,CLEAR,"DARKNESS, LIGHTED ROAD",DRY,FAILING TO REDUCE SPEED TO AVOID CRASH,1.0,57.0,1.0,1.0
11a79fd0a5a31a0ff8b522f18bdbc9fd5f7bde3cffb5845dda404a0cfe0c2c5eac325417598ff5c7bacb57ec1fdd8981efdb43e1def381bf8e09490807e9b2b9,CLEAR,"DARKNESS, LIGHTED ROAD",DRY,DRIVING ON WRONG SIDE/WRONG WAY,4.0,37.5,1.0,1.0
11a7ca6f6716f301fea358fb1deb1603b8d7f7ab91f7431c12d6da2b23cdae66aead5fbcba3325d47bc4836576f0a4b7758241dd5d8f6801bd4f240292495be3,CLEAR,DAYLIGHT,DRY,FAILING TO YIELD RIGHT-OF-WAY,2.0,56.0,2.0,2.0
11a7e290b39b092958257fea8bd2d34dd618309610603ced5b175b1abe80c625f481b0b11c7df0d69b0d5fe3ed6c71c19037a5ad0d71e8f3d6f911e4a4a389f4,RAIN,DAYLIGHT,WET,"OPERATING VEHICLE IN ERRATIC, RECKLESS, CARELESS, NEGLIGENT OR AGGRESSIVE MANNER",2.0,37.5,2.0,2.0
11a7e7649897c9f72a03b10768ce5160da12f7e694c1c76e73d77c603dad663f7b622b68306c7979f7011ce80ba971f237f9503a4e92d349b22ff7e1a5c8e6ab,CLEAR,DAYLIGHT,DRY,DISREGARDING TRAFFIC SIGNALS,2.0,77.5,3.0,3.0
11a83eb609d190d249c255de74abcd07b13510c3c4eb1b8f09444e03eb40f4101dc03c326ce41dd07c43d049ea8d630e5ba25cf5cefcdbf8f04da687aa558e1f,CLEAR,DAYLIGHT,DRY,FAILING TO REDUCE SPEED TO AVOID CRASH,2.0,29.0,2.0,2.0
11a85737a5210d85ef856b6ec66de43120d85b35813eb1f240d08287f4dd88bbcffcf20658daed6d93080360df64cdcc5e0cf165b901fcc1fdb557d96c12201c,CLEAR,DAYLIGHT,DRY,IMPROPER OVERTAKING/PASSING,2.0,53.0,1.0,1.0
11a8612cf949f78e26fbccf3ff77237bb2ac65e53c8f6f6a2c1e6e1c618ecea665188564dfbf1ecd7cdccdd01af638a799b0e4659a1fe0a426af09140006b6ce,CLEAR,"DARKNESS, LIGHTED ROAD",DRY,UNDER THE INFLUENCE OF ALCOHOL/DRUGS (USE WHEN ARREST IS EFFECTED),2.0,32.333333333333336,3.0,3.0
11a878183095c578fb03d8b7c76ce08307ed1bd071c4523507e867feba4532cce405e6226186ba47c3d260fcdeb5e1e5392c89c1c959461fd00b19774066e7a5,CLEAR,DAYLIGHT,DRY,FAILING TO YIELD RIGHT-OF-WAY,2.0,0.0,2.0,2.0
11a878584f5609afb5041e7f7c96f7b2b6f391d1d19092670c7e08044dd75cd1121cd99b6dc7eedbcd0347769efc967f9de42fe81babf6b5ab154ba2b54fbc9c,CLEAR,DAYLIGHT,DRY,DISREGARDING STOP SIGN,2.0,46.0,3.0,3.0
11a88cbf663af56d6ac04c7c3ca917ed3bb4c7d2ba22e1be578fc91121ae4b589f5bfc7d0619d7fe11283c2c4e156a4932c53fea716cb3e1303ca1d21f5984ad,CLEAR,DAYLIGHT,DRY,IMPROPER LANE USAGE,2.0,33.0,2.0,2.0
11a893323c9f8c0f38d90d6df8d2083de479819b681c1f3591070c98da0595d2e74293a57283f00ab9794015d7f287ba952d2577d57eb1aca0ca99454936d8e8,CLEAR,DAYLIGHT,DRY,FOLLOWING TOO CLOSELY,2.0,24.0,3.0,3.0
11a89ac7a3b26a64f1c7348bb749e563ae3ccb5133831d09bead3321d415a928ceb57db9e178f91a5cb326c8e953e0729421400bc788b15e15f2c0080d547fca,RAIN,"DARKNESS, LIGHTED ROAD",WET,FOLLOWING TOO CLOSELY,2.0,30.0,3.0,3.0
11a8b15a066983b118cba12ebf955d3711ae0adb7ff8cfbb06e0e152910b3686ff6cb738011e743d62c949b7427e50d7eb9548e8cf8c180f2e8b13cdec592167,CLEAR,DAYLIGHT,DRY,IMPROPER LANE USAGE,2.0,48.0,2.0,2.0
11a8c41517cbdd34767a77d0e05fc90b5986f2ff488f298b3ab98e14480aa321f76fd8de8da0103a4802c8e5fd72c76b8fb870446b070a70b5c43c18a40ba2c8,CLEAR,DAYLIGHT,DRY,FAILING TO YIELD RIGHT-OF-WAY,2.0,51.0,2.0,2.0
11a8c53f4af66f2d3f1ddf95c7d302d57e882fe9bd0ff3f0400faac7b896c9f732fbcd6d66ebec1a01fef943ea8663dcb6a499fdf92c770ade2b77100ec51126,RAIN,DAYLIGHT,WET,FAILING TO YIELD RIGHT-OF-WAY,1.0,33.0,2.0,2.0
11a8d2400bb9a3d41becb5e636a179b04d0a3322f4f743cd7456f638cea9b6cb3474e553c145cae13fd05c674ed540c740bd144380ec61c17d915bcbebaf9e1c,CLEAR,"DARKNESS, LIGHTED ROAD",DRY,DRIVING SKILLS/KNOWLEDGE/EXPERIENCE,2.0,31.0,3.0,3.0
11a90984d7521344e805bcd571e105d139c5bb2a21e62dac09bf4f6ff614c592c15524b588a64ea09fe4ecff900f5239dde64f1a73407f91439481c4dc1c81f4,CLEAR,DAWN,UNKNOWN,ROAD CONSTRUCTION/MAINTENANCE,1.0,53.0,1.0,1.0
11a91169c23530ea10a7a3804ae84480c68d8831bc06de196d16aa32e7ee95fa3b1530d26d72f817315f2f43cfc651913d5951023aa3aed9da7b6af54ca3e855,CLEAR,DAYLIGHT,DRY,FOLLOWING TOO CLOSELY,2.0,30.0,2.0,2.0
11a91ee72b5142d5b9a6f50051bd3856df05e319e83d06a1c9a14f4bb3bd1c1886ca9191f05eef85adb705815b82e5e97f4712d7f3e221e76f680b069a26aac6,CLEAR,DAYLIGHT,DRY,IMPROPER BACKING,2.0,17.0,1.0,1.0
11a942323bfd3b665049815e6e414dc1773e0395ae3b5705acf484620b9b9b6912ccb7b871fed57453d9aade5bf3af76d43f92d9e1862c65785b0c64dc3a5f14,CLEAR,DARKNESS,WET,FAILING TO YIELD RIGHT-OF-WAY,2.0,22.0,2.0,2.0
11a965f95d2b4b5d225f4e86bd89fc7af1ae941fd87c0a782a3b2ddc36a998fbbd532457e4721b76a2f0638fdf7dfa6f7fa93d18c22f859fa1fa1cfe943f9f93,CLEAR,DAYLIGHT,DRY,DISTRACTION - FROM INSIDE VEHICLE,2.0,41.0,2.0,2.0
11a974ec344114dea0ecf3aa83244f7713d979460f911b841e835b73139a23076fffbaf01f9ff5cffff4ee5bb82e44c70e838c3a8c335d792f67eaea65a9f40a,CLEAR,DAYLIGHT,DRY,IMPROPER TURNING/NO SIGNAL,2.0,27.5,2.0,2.0
11a9989f3998fe37c6a44b9b4824850b5ad4fd5725f20bbf8610fbe3261fe526ce2698057730587a3b7be760d434070b7aaa8f6ed4ed64bb9a3ea3a143672250,RAIN,DAYLIGHT,WET,IMPROPER OVERTAKING/PASSING,2.0,43.5,2.0,2.0
11a9ba80cdb0d513c41d774e48639e6dbeea2ef190a1131894d18e8c817700a8ae26bc41fcaed30077d2bae96e36393d6858a14dc13b74b4455b22ea79d393fd,CLEAR,DAYLIGHT,DRY,IMPROPER OVERTAKING/PASSING,2.0,36.666666666666664,3.0,3.0
11a9d5a37fbc307adbd41178953f7a3805351533f96294d70d9dc3d22e2e83677bcfe663870623697886ae11fe978975ecdf2489793bd64023d85b9872bec540,RAIN,DAYLIGHT,WET,FAILING TO YIELD RIGHT-OF-WAY,2.0,21.0,2.0,2.0
11a9dcc3f8dab9d4053ccf88c94d8701ca6c5c2e5e87a8daeb5ca4a767754f7ba9ad84c3cf55f5ff9cd693a6b2ff0d54dfde497873d1c3d7de66bc99b6a8e0c4,CLEAR,DUSK,DRY,FAILING TO YIELD RIGHT-OF-WAY,1.0,23.0,1.0,1.0
11aa024122cd444ee7d89c759736887e8d674b6298697df9a21ea4f981d43887e88985492f64aabe49794587a9623e19713a835d804168073b327e86405a2168,CLEAR,DAYLIGHT,DRY,FAILING TO REDUCE SPEED TO AVOID CRASH,3.0,37.5,1.0,1.0
11aa024e96260eaa263f976330b50b1613410dd20b6fd662bc7bc2b46fb53eb08d1e1951eb3f90905596e5619bd6c90a4f5e7006dc901c22b26efbab7a85e2bc,CLEAR,"DARKNESS, LIGHTED ROAD",DRY,EQUIPMENT - VEHICLE CONDITION,1.0,19.5,2.0,2.0
11aa1ac91400774618b2bfdba98be7f858de4d3e4be3c0ec5f55f27d6b72d913efe65e0b42aafa78d9a7ad8d5b5023aa0a47067da23f176f813ee6f033b8b3cb,CLEAR,UNKNOWN,DRY,IMPROPER BACKING,2.0,35.0,2.0,2.0
11aa2480078c716c0c30dd20a8f7a750894b9a9ac3780c236ba868da31b51336a3d51d369476b429ed496a7c10ad9952c6c0aa0fd1b77ff2f83b13417c2da937,CLEAR,DARKNESS,DRY,IMPROPER LANE USAGE,2.0,36.0,2.0,2.0
11aaa1ce75236cfa777f5f6f9811fe4bb7ba1d966d723fef701175279022f6c4f748e416453d9a3f7c80e61b9cb831f05c6cd139c9009d5def26f81bd483bb66,CLEAR,DUSK,DRY,IMPROPER TURNING/NO SIGNAL,2.0,34.0,2.0,2.0
11aaf44a7bf5b5ad00c99f7c3712c4d9299797858d874e24441fb1f46989d17d5d9ebfc5ca5603f619b0439b124235f35005c9b11c85da52ee6b5e072ebde4c2,CLEAR,DAYLIGHT,DRY,IMPROPER BACKING,2.0,37.5,1.0,1.0
11aafd8906e3722c85d2a13b7011eab40c7050cb0b96cb6053b7887a1a1ab3d4f0e991e53237a7802ae3a494a56651749c94f1a7ddfd926843e5a886804c601d,CLEAR,"DARKNESS, LIGHTED ROAD",DRY,FAILING TO REDUCE SPEED TO AVOID CRASH,1.0,51.0,1.0,1.0
11ab0d2bf5baba47fad5daceb43a84115b31700d6b40672010e18a7e65bee1676b3dda790c608738b079c931aae8fb1c7e3d6ad95d6b8b6fc0faff2e15ce488b,CLEAR,DAYLIGHT,DRY,FOLLOWING TOO CLOSELY,1.0,52.5,2.0,2.0