crash_record_id,weather_condition,lighting_condition,roadway_surface_cond,prim_contributory_cause,total_vehicles,avg_driver_age,total_people,total_injured
11ab53adf8cbdaddd9e3dbf8949e077b78181b14bd2224fb5bcda99fb7e4ceac162699d88fc689797b1bfe90e639ba60bc58c94ffc611b855b9270c38aff01e8,CLEAR,"DARKNESS, LIGHTED ROAD",DRY,FAILING TO YIELD RIGHT-OF-WAY,2.0,24.0,2.0,2.0
11ab5436152275a1e0f8fb0adc57213701b7d02805c5d9bdd10b47a8c0c2fc2be10dc37585945af40168a33611e4782a063c6052d14ecd5da98c3cad72757735,CLEAR,DAYLIGHT,DRY,DRIVING SKILLS/KNOWLEDGE/EXPERIENCE,2.0,55.0,1.0,1.0
11ab7123de1be4cf27200be5c96d31bf64622d11be9b7b2f3f5b4fdf0e71458f736b3e5efd99a5006e387a78adb56cc400302b8eaa37809407323b92f6de956a,CLEAR,DAYLIGHT,DRY,IMPROPER OVERTAKING/PASSING,2.0,22.0,2.0,2.0
11ab7bd5bc9193ea8bf0efc0c6bb627b5460f8230af49b2e5368d2bb4d9fe26b5a677a104dc99655b17b14d73d571b1070b7d946cd5113d19728252c3de6e6ba,CLEAR,DAYLIGHT,DRY,FAILING TO YIELD RIGHT-OF-WAY,2.0,33.0,3.0,3.0
11ab9462d98efc8f9619c00be3cf34ad10a5d66082f864bc7f91fdf818b21900d53803da93d7e246165eb3ab480b7f612c3b1f8dc0abb1eef039258f35bbc61b,CLEAR,DAYLIGHT,DRY,IMPROPER OVERTAKING/PASSING,2.0,25.0,3.0,3.0
11aba4aa7a0657f6b900cb2a3dd1db5c67a2e4f9f4cc65a502c4621a4e6c193445167812c43866b6c9744dcf93ef0fcfcd9aff5fdfe78140e0c809744afc2e6c,CLEAR,DAYLIGHT,DRY,IMPROPER TURNING/NO SIGNAL,2.0,23.5,2.0,2.0
11abd67863607edb8f1a71bf02679699fe0ae89662942f65a047d8d70b6de84dcd9b7506bdb12b5eaba0de66b6aeba07264cc568af7a2073f93d1f7ea55af219,CLEAR,DAYLIGHT,DRY,FOLLOWING TOO CLOSELY,2.0,59.5,2.0,2.0
11abf2d46fa015c20e232154e5ba32618892a18d9e81ee05d09786eaf5fe4423023058d218e554af6de12bbe2fc49ca292890c63e4066df797c4d40340cf5b03,CLEAR,DAYLIGHT,DRY,FOLLOWING TOO CLOSELY,2.0,37.5,2.0,2.0
11ac021fd7d13a6aa1c73c5f48027f3dca24e6e7bffc8c7ca3c7f03013812b22526baa951d837aa912222d73f4996e9be0f7580841a67f3f59b8d79eee9041ca,SNOW,"DARKNESS, LIGHTED ROAD",SNOW OR SLUSH,"OPERATING VEHICLE IN ERRATIC, RECKLESS, CARELESS, NEGLIGENT OR AGGRESSIVE MANNER",1.0,37.5,1.0,1.0
11ac2c97439b4ed29d750a80f16daa7067a6cb2773bcc043bf935e9c0e2b29f3acf298c56f9c550e03767b8a35a4bcdd4802066e18b447226f73a5c34ed79a2c,RAIN,DAYLIGHT,WET,FAILING TO REDUCE SPEED TO AVOID CRASH,2.0,43.5,4.0,4.0
11ac2e09cfaa9b64fe9ecc0c725335c0a1c5ea6197a111d77c3de1e7d90b9b7b53c3668567d92f5edad02ce19eda44bfe2ace5a0f42b9245e929c3339f95c7f5,FOG/SMOKE/HAZE,DAYLIGHT,WET,IMPROPER LANE USAGE,2.0,24.5,2.0,2.0
11ac7597ab561f2f116106b2eb45689d4271f9a63b4bab0e3972f74286e508651b1e4073d4564141e9a02e08ef7a5bc300c499e742fef722c02d6ef1fa331ec3,CLEAR,DAYLIGHT,DRY,IMPROPER TURNING/NO SIGNAL,2.0,18.0,5.0,5.0
11ac978e47cdc40c16d25fa71636a738ac1df4c3c6ea0e03847c1ba10970f0ca858c838dd79a4d3ceef21982aa0c2683ad0b8850f7539f5284583ebdb4209a83,RAIN,DAYLIGHT,WET,FOLLOWING TOO CLOSELY,2.0,55.5,2.0,2.0
11acf907d18e24df26e0130a043416d4c9dacf37f523fccef0e6e39d4c38ba95fb8d1144de7c23b556215c53c3e3b0739bc5e32823850a381d9cb6695cdddae6,CLEAR,"DARKNESS, LIGHTED ROAD",DRY,FAILING TO REDUCE SPEED TO AVOID CRASH,2.0,54.0,2.0,2.0
11ad00a51c8fea61d20a1f067325462b1aea0eea983ea1dd414cd727e4a33b4cf9c7ef313bbe56338c0c16d70d1563b38d2697125c953e7864347aecad917b49,CLEAR,DAYLIGHT,WET,IMPROPER BACKING,2.0,60.0,3.0,3.0
11ad4157803493290a0349c0a6dce1c2abc228b0097226fd7ea44f4ab7422efe67b9357b982ccc110fba03aa73358cf59bfb92dba4fa02afaa981e756b9b4251,CLEAR,DARKNESS,DRY,HAD BEEN DRINKING (USE WHEN ARREST IS NOT MADE),2.0,37.5,1.0,1.0
11ad70e0af544af576a159c999e66f7a12e634fa0377b66512c7fdfb2e87cc3cf1b53ffad4ef9ec41f7d4d6f6a04a4df7cc0de474c68f2f74f5d395e531ffd50,CLEAR,DAYLIGHT,UNKNOWN,IMPROPER BACKING,2.0,37.5,1.0,1.0
11ad767f506a9eb420f5524dcaed2cde5cd1d384e671833d852139208d0221e6db2cf4324bae0cd320256f664db01e7d581a208b0d05a159a4e47027b2108848,SNOW,"DARKNESS, LIGHTED ROAD",ICE,WEATHER,2.0,26.5,2.0,2.0
11adeaecabce9caae959f2b2c091cba883664577026c1d9f7e66643e8b6e9b1252ac08ecd32e5b3911ebfa1337c9621b56a389925016848f10b155ec487ad361,CLEAR,"DARKNESS, LIGHTED ROAD",DRY,FAILING TO YIELD RIGHT-OF-WAY,2.0,39.0,2.0,2.0
11adeaf43e389720c71fc9ad3ac81be3e7d2641bb8a016a3d6dd354010d493d972663a1329c86d6d335d9ea4ee6c93296ca5379de2da844587ac6610c6676e49,CLEAR,"DARKNESS, LIGHTED ROAD",DRY,"OPERATING VEHICLE IN ERRATIC, RECKLESS, CARELESS, NEGLIGENT OR AGGRESSIVE MANNER",2.0,18.0,3.0,3.0
11adecbfd4ad8b97440d869882ad76287971194fa6ffdd500e379d0cb3ab0d266143f7f33d349f8cb0c8b9c6bdccf845605b6c9877a939c0d0952330f6842c6a,CLEAR,DUSK,DRY,IMPROPER BACKING,2.0,28.0,2.0,2.0
11adf46a208d671383f91b3f3d24730faf16cb38de095dfd9ff16fe5f28902f2ea289976f08c9bcae28602978fd25e05009c4be72d0ab729e5e13fd6f3f1aacb,CLEAR,DAYLIGHT,DRY,IMPROPER OVERTAKING/PASSING,3.0,75.0,3.0,3.0
11ae44c93d8674bdc8a7b0911139635c3a830af3ddca6a508d181103f3af67cfc2e3bcb9b6e0b1ba7c63fb92a2e3aba6660589de92af0f431272896927bf832b,CLEAR,DARKNESS,DRY,FOLLOWING TOO CLOSELY,2.0,57.0,2.0,2.0
11ae57b73b233e27d41f26401d7ff828cf4b63a8f250cb51bffb21bee1b168a6cd71a20bb97ac3a8585832b3902ae9f8bfbfe7e39a87a569f4ea12b4d02fdd7a,CLEAR,DAYLIGHT,DRY,FAILING TO YIELD RIGHT-OF-WAY,2.0,72.66666666666667,3.0,3.0
11ae5f4b00c3f9b46dd63a6da507229d1a63eda26618f1a3d8f8754f07dbc742c73b42e1a5f20142fa8d3e07e203ed85b8bcfb99f3ffde230f7561eaadfc9ca6,CLEAR,DAYLIGHT,DRY,FAILING TO YIELD RIGHT-OF-WAY,1.0,32.0,2.0,2.0
11ae7bf305c260234a13bd04bd0fd31d0650ec564b347b355f071aa3ba12e1efda25602f8772a33bbac3a67be32e07b30e2c784f3b39845e9ccea4d20c07d1f2,CLEAR,DAYLIGHT,DRY,PHYSICAL CONDITION OF DRIVER,2.0,52.5,2.0,2.0
11ae83ca4ff0ea8f34df77ffaa133200bc2490c086682671a4fe52bef3ffec63759a1de785735c4eafb8b51e043f367fe3875eef1c83833bbfd2de73a6feb76c,CLEAR,DAYLIGHT,DRY,FAILING TO YIELD RIGHT-OF-WAY,2.0,59.0,3.0,3.0
11ae9f76e2d77ea3078c8cc0c2ed60c4b8812c9f7aaf61fd9abbaa63e297a689fb752b82c79858095071fd5c1f4b73af85ca8089958afda7f07ce2e46ea9d568,CLEAR,DARKNESS,DRY,IMPROPER OVERTAKING/PASSING,2.0,34.5,3.0,3.0
11aea7e2a25e917324da754b8761abd03da1e41f21cb3aed56d2d8eff5fbbe84246fc1db14cfb712945143e8829d94a4ccb39ac4574ab12aa28be0d4a26b5223,CLEAR,DAYLIGHT,DRY,DRIVING SKILLS/KNOWLEDGE/EXPERIENCE,2.0,31.0,1.0,1.0
11aec13193eca063081274b3233d04a33a118ba8a446dda27ff859f315b39edfd9ddc0139080c111707c83fc02784a188844f59fdca60d01345dcdbc9af1ba82,CLEAR,DAYLIGHT,DRY,FOLLOWING TOO CLOSELY,2.0,37.5,1.0,1.0
11aed6e71aa269e6b8e8838b61f719389e3711e426ad95ba3fc34e4c9bb44fea63bfa927aaa048d5c64237bc56228efe130575a01b4419db758cf2d620f2b46a,RAIN,DAYLIGHT,WET,FAILING TO REDUCE SPEED TO AVOID CRASH,2.0,55.5,2.0,2.0
11af085045dd13da5309e249ae165e76721a99f3d6f94d6b21d1d7acaee90ca27d00cbe13f6b6664e9f7fb5e881383ad699eabf5d817bd98fd427bcda79f8b1d,UNKNOWN,DAYLIGHT,UNKNOWN,IMPROPER BACKING,2.0,37.5,1.0,1.0
11af44671ce685860262349f0ec857bdd09c53191afb393b81a861a688972b3767088fd51d33950b1e70939f2efe92817c4f685e329a5a3f6e03c783868bfe67,CLEAR,DAYLIGHT,DRY,FAILING TO YIELD RIGHT-OF-WAY,3.0,36.75,4.0,4.0
11af458698f32220870ad6d9cafc6c5d5176cdf131413cb3830d0f7cce1121f6efbc53637b80ee7d585693b91ee848aee64c37808d8c58ee729bb4aacb4a5bbf,CLEAR,DAYLIGHT,DRY,IMPROPER OVERTAKING/PASSING,4.0,33.8,5.0,5.0
11af4892a222c4b2c525baef5c0e8067eb5634a551c4864045048246f9858df649273e5701e557fa6d3b97255d0b806ef87cf3a6d61e7aed9a94a0855c9030cc,CLEAR,DAYLIGHT,DRY,FOLLOWING TOO CLOSELY,2.0,42.5,2.0,2.0
11af62f3546ea7f14b638f9798d3ae428e19ee55b9f033826398788fc1d6b1df83e06eea3a81d2c0343eb6b6a36c013b41c129e622e625652178dad191002821,RAIN,DAYLIGHT,WET,IMPROPER BACKING,2.0,56.0,2.0,2.0
11af7329d41d06ce7eafc2ebae9d7c6cbb036f1771e5b104887f3c745cf5bdc31add4c59b3f16afb2ad27e0401e6278a33d9fab6b28c5de50985651e8388f4f5,CLEAR,DAYLIGHT,DRY,IMPROPER BACKING,2.0,75.0,1.0,1.0
11af9beebec8a5bb1f20f383d6ebc97124619c414894b6e38df0371739b06469f08af35310eaa2d0a4998740317d6cb49948147e490f5b97d2014d13e5627574,RAIN,DAYLIGHT,WET,FOLLOWING TOO CLOSELY,2.0,35.0,3.0,3.0
11afa6b937d4b54942d63bc7ea93050b7a7929a73b76bc0c7e5ad3fdd64f7f1abd5f1ad12594d241cd4e3644bd4bc73b7a76db212e7d5b6f5f5e471491b19eff,CLEAR,DAYLIGHT,DRY,FOLLOWING TOO CLOSELY,2.0,24.0,4.0,4.0
11afac4b26f5b115d0df7546c191f87b3f092f2f810236eaaddb17aa244d78494a549155b67b6f20e1483ec165409fc86a03d2090d0bb85f8c3f6cc090e64727,CLEAR,DAYLIGHT,DRY,FAILING TO YIELD RIGHT-OF-WAY,2.0,35.0,2.0,2.0
11afc56d19543c1a1724a99c50c605638cb4fcef03e7ca8706faf21520d719a1e9a7f15699beace3a409df6bfed62f62d4e8790158437f9c9415984b2e177e06,CLEAR,DAYLIGHT,DRY,DISREGARDING TRAFFIC SIGNALS,2.0,26.5,4.0,4.0
11afd008a4615ea5c39fdf1dbf5f988eda4a1d845c8e6a2d09b87c132857ab2c2d56b01acd972370876092d29a69d115de05a61959cb7b01ad713dc6141c68e5,RAIN,"DARKNESS, LIGHTED ROAD",WET,WEATHER,1.0,35.5,2.0,2.0
11afd15927fa67fa7924a50c2ecc326f9dd213f815dfe632401fc08e079fd56933f1a2610f7b592fcfea4199f78ecc283f23b124d90e43b24656e845215346e7,CLEAR,"DARKNESS, LIGHTED ROAD",DRY,FOLLOWING TOO CLOSELY,2.0,30.5,2.0,2.0
11afe4a19aae61259eb002ebf952ee186a0d4d7f3b606f5c02c69a30b5e700cc5a0b5018539691843fdf6fba205fd71b73f6fd443264e1468d63d3b463b8a8eb,SNOW,DAYLIGHT,ICE,WEATHER,2.0,44.0,1.0,1.0
11b00cee57834ab82b7ee86c7bc014f87ee542a004fa23388d95963b755d83561b8777c9407bbe13688f706e3af79c98b1335704516fab0c60ab1852fde759f9,CLEAR,DAYLIGHT,DRY,FAILING TO YIELD RIGHT-OF-WAY,4.0,30.5,4.0,4.0
11b02618072541b14671b85716a58efcb18e7462b8e41ad9abe4580313df9829b23f5e97f5f06b89bcfa870501b5bbb8d27143fff1b2c7d21711505474adb1bb,CLEAR,"DARKNESS, LIGHTED ROAD",DRY,IMPROPER LANE USAGE,2.0,26.0,2.0,2.0
11b02d30d1d8b8bd60424f82b89bcf78d29360d09569b7ce28a3f46b552d267c69ce6c92d7b447d8b6500181bd22e8fe5aa13a3475aecc2deb63daa183fcb73c,CLEAR,DAYLIGHT,DRY,FAILING TO YIELD RIGHT-OF-WAY,2.0,31.5,2.0,2.0
11b04e93fa929b67b5e73171b65112b402c4199b5f236d24436e19921e473a93172d9147cf8141a78aaaea8049b39a6c36f4ce7c58c924c2dd516d5ef2011764,RAIN,"DARKNESS, LIGHTED ROAD",WET,WEATHER,1.0,43.0,2.0,2.0
11b078a895a2f7026c7a30c8f574a00d1e76eac01ec86d6143ad2a607e23821c0ef6b4ce89551360b6bfc5a775ebcd7c23a918b1687632fa29c8ee6629cec69f,CLEAR,DAYLIGHT,DRY,IMPROPER BACKING,2.0,57.0,2.0,2.0
11b079db0e9d7e66e7bca62d569d6fbdbeefaba508357fa23cb103f573ce6d95e191bddb47ebde9ce7d0aa331a410ab83bf38a9a1da6f0712f9db4bc3d494dbb,CLEAR,DAYLIGHT,DRY,FOLLOWING TOO CLOSELY,2.0,48.333333333333336,3.0,3.0
11b092ce04a9797bcf62fb8619cf5902d95d688f60f48107a503cc7c5540712e0f0c2f2cd1fdfde5e24e6b98b0cc41ea34a694b25e9ad83af9e50b3f2368f840,CLEAR,DAYLIGHT,DRY,DRIVING SKILLS/KNOWLEDGE/EXPERIENCE,2.0,37.5,1.0,1.0
11b0d5b120c2516ed9669e5722f743638e693c85cb238bc6550b27de5d9e0af31a99be4f9b5be4b015d6311976131ee88bf403df9a84dba67881a629bf524e4a,CLEAR,DUSK,DRY,IMPROPER TURNING/NO SIGNAL,2.0,35.5,2.0,2.0
11b11d7a53de5180be85a390a1167fdcf6ecec5f314adf525453370dd0acefd8f5c94a2e703c4939cc412b8edfa4b50e2bd868bc51149c2290c9b92616db6800,CLEAR,DUSK,DRY,DISREGARDING TRAFFIC SIGNALS,2.0,28.333333333333332,3.0,3.0
11b133e3d7730537ca4d8392671456c9fba2c7ac0e69e9ed9a5b5e299c7a7d8bc0e564017e508a1298ce0c644349fe76cd1d227f8f46bd6ecf038ca03c6ada5b,OTHER,DAYLIGHT,SNOW OR SLUSH,DRIVING SKILLS/KNOWLEDGE/EXPERIENCE,2.0,26.0,1.0,1.0
11b16f5b9ad123449c224f043e5c5ad16006a78c5dd37b201ce3944871e379d3f54bca94ceed9b1e0ee35e8e8b1966f45b08a0450b634f3c51897a6d2b33d3bf,CLEAR,"DARKNESS, LIGHTED ROAD",DRY,DRIVING SKILLS/KNOWLEDGE/EXPERIENCE,2.0,57.0,2.0,2.0
11b174bb355b322d4c5cbd2f1544cf8c65761a6b6036b37d4c0cfd73e43e402223a383ba4a798bbb8b859773458dd323913c9dcc4875ef1c19a05007da6e534a,CLEAR,DAYLIGHT,DRY,DISREGARDING STOP SIGN,2.0,49.5,3.0,3.0
11b17c86b7d8e2c354419fc1be4092d486591388207a555c3f27244df90aaa97717a96de0b2ca985574df9c164d8e90f1260370df1321d2bd84d0f7f51124dbd,CLEAR,DAYLIGHT,DRY,DISREGARDING OTHER TRAFFIC SIGNS,2.0,58.0,2.0,2.0
11b1801f395b7f225fcf2fb892687057d3e353a2848d2e92a2add48a24a6a5dce9ef0a876126fb1df2cb07ae349243d788677feb1939157e887093a94e2fc71d,CLEAR,DAYLIGHT,DRY,IMPROPER LANE USAGE,2.0,62.0,2.0,2.0
11b19ce9b1ff72307694cb3441daa23097707c566c759f90ffc524014f9e69c44fca6d3217013845a3d73ac9f1e0d67bc868b2b232803fde477d439fb74a0cfd,CLEAR,DARKNESS,DRY,IMPROPER BACKING,2.0,43.0,2.0,2.0
11b1be1be8b2f1f716438a61125c983a6b96028240d09937d742617476e4214a84a85c82fb24a1b2e0e12a1d38904c5410c631be22b4397473023d02f33379cf,CLEAR,"DARKNESS, LIGHTED ROAD",DRY,FAILING TO REDUCE SPEED TO AVOID CRASH,2.0,48.5,2.0,2.0
11b1e3524757d00a0862b74638dbc7861d0c41ae14d95743d0e9386bb2cb813cb5df45bed504223f1ebd2068e07fdf92401096726e051da9186ae235f88c3bef,CLEAR,DAYLIGHT,UNKNOWN,IMPROPER OVERTAKING/PASSING,2.0,34.5,2.0,2.0
11b2113b9e6d8984611422a3250c7f67c75c1f28ff0078720cb7beb739ac9adcc5b6bb48e6c6e3b6734bc6db5fd36cf2ac4a7018faebc840cef6102ef961a303,CLEAR,DAYLIGHT,DRY,DRIVING SKILLS/KNOWLEDGE/EXPERIENCE,2.0,39.5,3.0,3.0
11b22ad0a5165e37c90bc5d491d91cd7aad1d36e7886911e1e24b15366a87ef424fc3c447c833788e8d093ce3083ace67e9d59ba6af75bebba1b39216b38d821,UNKNOWN,DAYLIGHT,UNKNOWN,DISREGARDING TRAFFIC SIGNALS,3.0,61.5,3.0,3.0
11b246694a8d91c9dd7627daa518e88874d4e2222639970aa30b8140af15ac847ac0d015650b748a14dd55c442369e07a290ebbfdb1b0c5696be5b7f7c3ed9cf,CLEAR,DAYLIGHT,DRY,FAILING TO YIELD RIGHT-OF-WAY,3.0,29.0,5.0,5.0
11b25ccb0a224ef984927a37e7a4211ae43148ce625967c7412e186c8bf57859a9037b2d2c3fd3f19b74ad8de9d54e8faaeda2a2ddab6f5f093150ed9426eb8e,CLEAR,DAYLIGHT,DRY,IMPROPER OVERTAKING/PASSING,2.0,44.0,2.0,2.0
11b276b5c81a34808ffd3daff4213f678c0642a0c3bd04f84855a5b85957d68d05b25b3f73bc7ede332dbd401a3b2e7923efca21d5d9f2e3afd3eb00e628c3b9,CLEAR,DAYLIGHT,UNKNOWN,IMPROPER OVERTAKING/PASSING,2.0,40.0,2.0,2.0
11b27d1ca3199818cebff15d8b0bfc00f225cca4f1ebfd8340152f1bb7b702eb219863e45a1356dc6b34b980e481223947aea09ee9e16a3ea33dd424b032840d,CLEAR,DAYLIGHT,DRY,IMPROPER BACKING,2.0,37.5,1.0,1.0
11b2bafa79563befab137fb467a4411d355328dcfdf2a71d70b3c2723b5bfcf54ea8d6e639451d62cc716b50417f8de9ef4eb1238fa132212744e87c1c5c535d,CLEAR,DAYLIGHT,DRY,FOLLOWING TOO CLOSELY,2.0,31.0,2.0,2.0
11b2ee4517ff6edb9c79a6e49c3e6c5b7548e4fcd0326e06667aac79ca53c3d9147d26f1a19c508b020bce6f2ba5eb646d5ee9035cd30ad36f4265b94f7ac7b4,CLEAR,DAYLIGHT,DRY,DISREGARDING TRAFFIC SIGNALS,2.0,68.0,2.0,2.0
11b2f164edbc6f895fd1199b3e7b9369e9d94a953428ae3f2a338e2e849a2851fb64395db26d9781a16b5c7bb7deedb97b1060d7ad4becddea9eadf96c8c17a9,RAIN,DAYLIGHT,WET,FAILING TO YIELD RIGHT-OF-WAY,2.0,33.0,4.0,4.0
11b301a270d2aee4cf62a060e1de73ad54ba03ed9d40d3609864f1f2096ff3bcf4647f62cf9e22b6b1f7ee33192b6760657e78e3b6b6c9020da6fd13cdc5dc9a,CLEAR,DUSK,DRY,FAILING TO YIELD RIGHT-OF-WAY,2.0,45.0,2.0,2.0
11b313334c3f5383efa9b6bd730dc92117da322bc3a536a3022891579976434ea01d3cffcfe3a8bdecffddcd0e8d1e1d5223a2c2678625805fc4120f14218f2d,CLEAR,DAYLIGHT,DRY,IMPROPER BACKING,2.0,51.0,2.0,2.0
11b31453f0c70e925461334487b1477597363ebd1df144676c1fc9da4072847bd786213db824af2d7dcbdecf776fd3b4db282e1dca088c36bf7639e10343aff2,CLEAR,DARKNESS,DRY,DRIVING SKILLS/KNOWLEDGE/EXPERIENCE,2.0,37.5,1.0,1.0
11b353ab63695a14d838fffda6ac997e61c88d294afa92c9bc15340bc2ae59b85cbec5aa5e5b293b5c73f1074a88500e09664ed48e5bb7e97a7f538ffc1887f0,CLEAR,DAYLIGHT,DRY,FAILING TO YIELD RIGHT-OF-WAY,2.0,30.333333333333332,3.0,3.0
11b36393d6de0a4411cc94089eba7403f50a445a19f074826d1f77e2d84b6090a81f24ffc1cd78ddbc888520e5c0157b5eb4c37b3fb7a8e989b9a61de45ac324,FREEZING RAIN/DRIZZLE,"DARKNESS, LIGHTED ROAD",WET,FAILING TO YIELD RIGHT-OF-WAY,2.0,35.333333333333336,3.0,3.0
11b36b316221df7baaad8b86482c162704a02abadca0ef30e180b23b8977a725afaaa51fd31dbf6b9022e0961af51cdacc0f6088ac4f0c187c0c40fa70e215a4,CLEAR,DAYLIGHT,WET,FAILING TO YIELD RIGHT-OF-WAY,2.0,27.5,4.0,4.0
11b39df08b3b67b65c44c72d5f63beefd737bcb342eb440c9446b2e647afc98acd7a38b58e2012fc78efa05947ccbee6941d5843089c8a6fd06c6e060589e8e7,CLEAR,"DARKNESS, LIGHTED ROAD",DRY,FAILING TO YIELD RIGHT-OF-WAY,1.0,41.5,2.0,2.0
11b3a7a8ac68fc9bedd96311032c37cd9ae396eb239b3f9a29fbdb50b31acd8fb56dad7aab3632fc8e1eb5e7e18a80a16f184b24dd58f25542355c9ffc9aed9f,CLOUDY/OVERCAST,DUSK,UNKNOWN,FAILING TO YIELD RIGHT-OF-WAY,2.0,43.5,2.0,2.0
11b3aa00d563b94cfa925c425c2939b2b87c3b68d648e19e069d3fe9b690880a90d345af32b0631869f0024ac5d43076c49280123b7fe1d8fc0a4d9d61696c9e,CLEAR,DARKNESS,DRY,IMPROPER BACKING,2.0,36.0,2.0,2.0
11b3bbbb18e606132a07e18ff2119f5fcce4b1162477a60385123f2bf2f3a270e20e6ae8cf3bee6343bb47d6082fa6a3cb2d8aa4cd1ce9fc10af7fb480398f96,CLEAR,DAYLIGHT,DRY,FOLLOWING TOO CLOSELY,2.0,54.5,2.0,2.0
11b3cbb620baabfbcc0eafd28c32b93992b940734acd143fedd34aa83c3d0ee567b9e1d1e68cbc3ee9483c753a9dace60670ed8ec9b564162231c6673506bc1f,CLOUDY/OVERCAST,"DARKNESS, LIGHTED ROAD",DRY,PHYSICAL CONDITION OF DRIVER,2.0,40.0,1.0,1.0
11b3e1654e92f2e9481ded4589db13fe8da68646b6aa1bf79a27ada37c2c8314629afa6c12a924bee96a52db6e685f1eb249882fd9d305278177423f51d7adb7,CLEAR,DAYLIGHT,DRY,FAILING TO YIELD RIGHT-OF-WAY,2.0,42.4,5.0,5.0
11b3e1e20d1da27efeef1d8bb1f4f473daac33f0a10b7062ec6eb8e57d65b7455d6bacab3072906ddf9c1d5040dba0ceb54860b5948fe7671fdab53fbdd8d17e,CLEAR,DAYLIGHT,DRY,IMPROPER LANE USAGE,2.0,37.5,1.0,1.0
11b3faf9b6f8967ab9c760163a92fb75f56f8ee415475d47dae1571dc9febc63b8dd6cb8aab76a4b4044fbbd3e2344166265bd21824e5a9c3587b49e6e8c605f,RAIN,DAYLIGHT,WET,FAILING TO YIELD RIGHT-OF-WAY,2.0,41.0,2.0,2.0
11b41f0173c402bff65f969892f2b393aff65bb647474ae19dfeda14c65423e52a4fdc3d836fe9338fc1df8e08c3a335fd29649e3a296a873404ee8f34319b33,CLOUDY/OVERCAST,DAYLIGHT,DRY,IMPROPER BACKING,1.0,39.5,3.0,3.0
11b42f11d4edae22dafbfee7791c95e703b43a3d00f3596f7d2d757c481530e0dca0024c34eeaf0ac425c425da0cfd54416db051b275f2ee3290925ade838af9,CLEAR,DAYLIGHT,DRY,IMPROPER OVERTAKING/PASSING,2.0,68.0,2.0,2.0
11b430bd2966352c05824fa02b4ccfcf8defcf97cc643c93782caf74ef2edbe69eac63443ab233dc135f53f4b73a44ecd177e8e3081185f6d61d8b5a75f1ac33,RAIN,"DARKNESS, LIGHTED ROAD",WET,DISREGARDING STOP SIGN,2.0,29.0,2.0,2.0
11b433ea6a4805676254a3618f9eddf6c71c4c865b6bb58499a8cf5cdb1c95f3d94d8fbd2a5ea39a0825580d9e17d6d1e687fff424dc17214ca24967e4575d0b,CLEAR,"DARKNESS, LIGHTED ROAD",DRY,FAILING TO YIELD RIGHT-OF-WAY,2.0,50.0,3.0,3.0
11b48e2ee6dc05c141f6dfc1ea314bfca96c418ced36f1afd82722cb51a734ae51fcfeded2fe051a9cda4d358275b931de56642ebe7a71321316200eae249743,CLEAR,DAYLIGHT,WET,FAILING TO REDUCE SPEED TO AVOID CRASH,2.0,51.0,2.0,2.0
11b4b3e4b5fce175dc5702575bf87448b7b6c80e86178dafc6b3f6b4c9365aa501365c815a8e2357d2046d0c5a70ecfbf18c088dd3864963f23dd597a72c8752,RAIN,DAYLIGHT,WET,FAILING TO YIELD RIGHT-OF-WAY,2.0,27.0,2.0,2.0
11b4bad310b14b420f516e1f4a4424d37bf89c05b0d2a4e690e2814c24bec73f91eafb720bc4e79f57af4897ed2769f7182c597957cbb3a79b42664eda41213c,SNOW,DAYLIGHT,SNOW OR SLUSH,IMPROPER BACKING,2.0,25.0,1.0,1.0
11b4c592401def9ab3cb6ffeb1f92bcb7ffb6474b4d2b52f7695cf5e62b21ba5b0d553eaf69f31b01302bfccf7f76dad2d7439b62cc4c1f1a96575cc2f6f9cc5,RAIN,DAYLIGHT,WET,DRIVING SKILLS/KNOWLEDGE/EXPERIENCE,2.0,46.0,3.0,3.0
11b4f6cf08ee5623fa448a462a07f6f5d2831ad1af3508560212068be603c7937e9e49a3652a4ede81988b31a6f6cc3df9ace10841eb415a32facd3f0bcac326,CLEAR,DAYLIGHT,DRY,FAILING TO REDUCE SPEED TO AVOID CRASH,2.0,39.5,2.0,2.0
11b4fe18262cd15f6c407e8828f4089194ca1c1e10141f75680ec8cb9df25aac97d531345e92b79516eb943e0dfcd3a89c2c2d0c7cf3d65fcd81a889ce47f24d,CLOUDY/OVERCAST,DAYLIGHT,SNOW OR SLUSH,IMPROPER OVERTAKING/PASSING,2.0,39.0,1.0,1.0
11b52b4aca0d18194f51c5df5e8e0ebdfc9e117f3dfe0b5e636cb4955104c033d7938330ad624a294a204d74543352189f1a93f35eee471407e0314dc72bffdd,CLEAR,DAYLIGHT,DRY,FOLLOWING TOO CLOSELY,2.0,43.0,2.0,2.0
11b53f61646599298388ce15b4a4f62e8b1c812cf168c880ef7bd9f418acc5efb94f2cb412b80ffb49d826fee1dd4e19cedaaaa4c55a104c97bdfc1451212b22,CLEAR,DAYLIGHT,DRY,"VISION OBSCURED (SIGNS, TREE LIMBS, BUILDINGS, ETC.)",2.0,59.666666666666664,3.0,3.0
11b551eeec7ce4df42982e6e0d740e2fa13b4cf987f3e264369ea6a0702e8464cc02788cc35df43d36f4277b106bf0f77cd62629c566e74682044248cc5579c5,CLEAR,DAYLIGHT,DRY,DISREGARDING TRAFFIC SIGNALS,3.0,37.5,3.0,3.0
11b56ad2448a6ed88140c601ab0d0e19e02962fd9fcaa3305b1c394f6ba0ede5329d2a1de4f8a588b5f2e3b9b73c0819581fddb96d5c3bd311ae3d0103a4b8e9,CLEAR,DAYLIGHT,DRY,FOLLOWING TOO CLOSELY,2.0,33.5,2.0,2.0