crash_record_id,weather_condition,lighting_condition,roadway_surface_cond,prim_contributory_cause,total_vehicles,avg_driver_age,total_people,total_injured
11b5a25d61b7e6f24b7638010e875cf8661800974fd9e87f381a3dd0ca299a6cb27870777d8a8f76ac05327c0bc676d2b8d9aebdb25dcea5b61cd5c7a4170e79,CLEAR,DAYLIGHT,DRY,IMPROPER TURNING/NO SIGNAL,2.0,37.5,1.0,0.0
11b5b8b11f364db7bc9e7823cd4cc2b823f45b23eba84247628e193e5ba3d713456c7546a83755fcd4959d5bb28dcd2db6a8f79e706e1e71325e35aedd9c1b88,RAIN,DARKNESS,WET,FOLLOWING TOO CLOSELY,2.0,22.0,2.0,2.0
11b5ba49960ba385df391dc2ddfebc5bd598331af1543734f0be2abd74c2099e5276476f1f368f74160596aba39f9f6aff87e19db1fe8784983b5a11c799d194,CLEAR,DAYLIGHT,DRY,IMPROPER OVERTAKING/PASSING,2.0,29.0,2.0,2.0
11b5d9eb2416356a7337b9e5c13679cf244144eb8809ed6717ecc7349c9175af8ca6037279e41dba97058256cea046604ad90b98d132a4312c6da1f70a1c1060,RAIN,DAYLIGHT,WET,DISREGARDING TRAFFIC SIGNALS,2.0,32.8,5.0,5.0
11b5de91d4188d7513882e482e43ece7e868b9061c953506340f6f63cd4f8b960960d596c400a3bf4de4b6e95b526fdade0c57e3d6d33cfce31a3b30abbf928e,UNKNOWN,UNKNOWN,UNKNOWN,DRIVING SKILLS/KNOWLEDGE/EXPERIENCE,2.0,37.5,1.0,1.0
11b5fbbc534f2d6cfb859a584ae9c3be3a682ea2c17c2bf4f56e9727b90238a722c07511c88956594b30f04d1c380dfa7bc0fd4dba6962e29f83c2fed19e6f58,CLEAR,DAYLIGHT,DRY,FOLLOWING TOO CLOSELY,2.0,30.5,2.0,2.0
11b60571394ccf91a307978953c309e9b816dfc3c6388b78a97c7224757a34e87a2fc0a069d4c592b8aac9b15275bb6ee0b28f002f76da571d2c48e3141681c3,CLEAR,DAYLIGHT,DRY,IMPROPER TURNING/NO SIGNAL,2.0,38.333333333333336,3.0,3.0
11b621859916b9c3f5747aaf1b87457287fd1314a0e0970902a40fb938f9918df709f8f4af5af193c408945e7b6eaa1dddff56d4683b08affc77c963a61f0aeb,CLEAR,DAYLIGHT,DRY,IMPROPER BACKING,2.0,34.0,1.0,1.0
11b623175efd0fbf52f78dda82b2772cf991d4d06061aaa5f9cf38276fd93af23538c44d72a4e5401ab8eac0017a0353292b89bbd7aae82d48faa551e69088f5,CLEAR,DAYLIGHT,DRY,IMPROPER LANE USAGE,2.0,25.0,2.0,2.0
11b62d45206a6b52850daf38beaf17472c9fc2e1341d8adb297a01e05788de4d197648010f6075cb9249d5a38a80a5336a6abe6f99d0a2dd388b056c1161f8e9,CLEAR,"DARKNESS, LIGHTED ROAD",DRY,WEATHER,2.0,37.5,1.0,1.0
11b634d161679dc57190117dc4d4d0def4369e6671c5ebe48b46ec750dc9595944c79b729eefe0d689456033216710ec88a7be320cad123698fef5e4e3b71049,CLEAR,DAYLIGHT,DRY,DISREGARDING TRAFFIC SIGNALS,2.0,48.333333333333336,3.0,3.0
11b66663232e3aa123b2b99c43ca461dd972a9a4403a84ea2e4db3fa4da588820d214f43a14959c5ce31e2515db2074b2c1d0c9a596a5c3057ad8ca383219f22,CLEAR,"DARKNESS, LIGHTED ROAD",DRY,UNDER THE INFLUENCE OF ALCOHOL/DRUGS (USE WHEN ARREST IS EFFECTED),4.0,37.5,4.0,4.0
11b6773b4701408bb08a5148013d3a43a24729d4cd434073651473fa804e5dd3fa1ff78b0d25f9959856c9e8dfe095428c13d05a094bd62dd2f31511a867c552,RAIN,DAWN,WET,IMPROPER LANE USAGE,3.0,31.5,3.0,3.0
11b69c89df00af40aca769da9b7e059a4b9c169fa877611ead0d4704ec033b5602e65dac250f4ee19bb982a7380eab53e276ba7cad6d76cfa348c4d72c93e58c,CLEAR,"DARKNESS, LIGHTED ROAD",DRY,IMPROPER BACKING,2.0,47.0,2.0,2.0
11b6a3df401198c3eb6cecc87eb5b515232fc07cd4f6110139d50dd37ce0ec7aec099b6827e41b6e64758a46146aae314f125b797f3f875c06cffab183fad461,CLEAR,DAYLIGHT,DRY,FAILING TO YIELD RIGHT-OF-WAY,2.0,55.0,2.0,2.0
11b6a4dc44a97bde92143aad83b2c9f934435e223348f6663905cf674769cc54a726b72fae4128111e0ea83838bb11c805d71706912ee9591cbec820df3548b9,CLEAR,DAYLIGHT,DRY,FOLLOWING TOO CLOSELY,2.0,27.0,2.0,2.0
11b6c060dea254622220ab5a0da4e1e573bf151486c1ef50503489f38e2f2bf495d4ad3d7e617123176b7e0c7fc99c6d54d7163ec5bb1ac68a0bcc7945c51b7c,CLEAR,DAYLIGHT,DRY,ANIMAL,1.0,51.0,1.0,1.0
11b6f4dbc755aa064037fc35df7e13c9e4926ea01a0ed7cec9d4e94e267169216538f25f5b71a207f685e99b7297fb7f37524d5bb34265a565860cf53c06de37,CLEAR,DAYLIGHT,DRY,FAILING TO YIELD RIGHT-OF-WAY,1.0,52.5,2.0,2.0
11b6f5e22253113d9160d65de04790baedaa44caaf5bd5a0e08f7f5d15f644dbea4f974986c68517a4fdfb30e28561615622a421871e1799b6e908e994ee01d5,CLEAR,"DARKNESS, LIGHTED ROAD",DRY,FOLLOWING TOO CLOSELY,2.0,64.0,2.0,2.0
11b6fff42c253d69b3e8c57e94856b6810b8b70d5dbf3db6ad95d4c9fe9a7098b31fc00c58114cda4ed15071bbf5e24ae70850073ada071f38f026dbee8c6384,CLEAR,DAYLIGHT,DRY,IMPROPER BACKING,2.0,50.0,2.0,2.0
11b70f73cf836d0b7fbbc2e2b1948ebe9134c114a7d8b4efeb86f5615f7834c9cea81fa2c708e7c4035942ac17ef0ddae3c098b6407ddeec1d042d5c525463c9,CLEAR,DAYLIGHT,DRY,FOLLOWING TOO CLOSELY,2.0,22.0,3.0,3.0
11b717d37d47a2b35156560871c5bd4eb086068f84798e961d44e35229ff895a82735bc3638e107b0b197fd9771f77cb60ae4eca1224dc99aa8e431ae0135508,UNKNOWN,UNKNOWN,UNKNOWN,FOLLOWING TOO CLOSELY,2.0,58.0,3.0,3.0
11b71e83418e42b538a34d1957ca4aad48732089d68d78e85e8f60378cf87800db40982eecbbacd18cfe73ffa1453f26bad25d2094fbb0d826010da925f00caf,CLEAR,DAYLIGHT,DRY,FOLLOWING TOO CLOSELY,2.0,36.0,2.0,2.0
11b73abc3c81d0270c82eb79bf340773dcf180815b437a90683fbb4eab195375f8e98e15496af91424fee9a71f209f65607f2aa78a1fefebd3f8a6cdea820ec2,CLEAR,DAYLIGHT,DRY,DISREGARDING TRAFFIC SIGNALS,2.0,28.333333333333332,3.0,3.0
11b73c7a200b5eb23b59a1fdf2a7a62f9d97faab52603bbd23d3ad9737b83a33a5b4c1a0c41519c937e29f7266a427873c77d20d90d3e583a676fce7a7ec8ce6,CLEAR,DAYLIGHT,DRY,IMPROPER LANE USAGE,2.0,70.0,2.0,2.0
11b770e57f64350d72e1d5d5ac1a46a444c5d018dca8729de404a30d6b83e5e8741c10c592f2c2ae8fd452490d8b1f9ac99410c636ff51ace852137a191199f1,RAIN,"DARKNESS, LIGHTED ROAD",WET,IMPROPER OVERTAKING/PASSING,2.0,43.0,2.0,2.0
11b7973c47581aac46cb2708534d13b305bd54e04d63be97f0384a39feb52774ac080795516f2e1d143a2022841f9c73fc55961ea9de616b1ea5f6c00eeac0e8,CLEAR,DAYLIGHT,DRY,IMPROPER OVERTAKING/PASSING,2.0,53.0,1.0,1.0
11b79a3eadd51a4a3cbac28020979ae426b12675b9f1a4854833ee2d5b691d5c70b4abb4d1c52ff8dd7051ab9d0b2cdee5bf1c1203bd6ec617b4820dfc5cc185,CLEAR,DUSK,DRY,FAILING TO YIELD RIGHT-OF-WAY,2.0,58.0,2.0,2.0
11b7f030839c70c3672218adc9fb8736c933621a14932984866b5fd44d5079b4f46774e9d6bea80bfdec41a13cb46bb42bae397e3e7edfe9ac5ae0e83bb30741,CLEAR,"DARKNESS, LIGHTED ROAD",DRY,FAILING TO YIELD RIGHT-OF-WAY,2.0,53.5,2.0,2.0
11b7f6af503aaa7074c76c39ca1ddbc5fbd153b9b70d9abb32620192737c64647c87f1f3355cab7755c8315bced0e553d4d9ebed16b1f962f40943a74a4d174d,CLEAR,DAYLIGHT,DRY,DISTRACTION - FROM OUTSIDE VEHICLE,2.0,44.0,2.0,2.0
11b7ffc47d42ed88b1441d9b05a71fa8192a547159c8233c0b3049ce324979d0f981092e8012146d1922d9a0865e590fd4af79bcc1e744b29b43a1ff4225be03,CLEAR,DAYLIGHT,DRY,PHYSICAL CONDITION OF DRIVER,2.0,38.0,2.0,2.0
11b80925b99ddf0f18dc69f886e585f7f56d8389b235faa55a63f13016228a2ffef280e54b6b2ada4ab8568d2769c88aa820f1e123a33e270302dc3fc529500b,CLEAR,DAYLIGHT,DRY,FAILING TO YIELD RIGHT-OF-WAY,2.0,58.0,2.0,2.0
11b834311c689dffd221b4051bfd62e91b0fb0ac1abdb7c0ea04dd60ce98459d4d75a0c33fc4a8257e319fdeda578009d2e0153ca75018cd1623d261d12f64f2,CLEAR,DAYLIGHT,DRY,IMPROPER TURNING/NO SIGNAL,2.0,34.0,2.0,2.0
11b883d68482052568545810cd347e85b457585dc027cfb38efb3a363e3f8d21cd6a0c4b9c5f5564a11447261074e641e534f65c1f1bbe5cdd7dae80488f2d5e,CLEAR,DARKNESS,UNKNOWN,IMPROPER OVERTAKING/PASSING,2.0,23.0,1.0,1.0
11b888c4366e9e6e68463eaf1adce3b64c4a82a617d9d17761d19d96f80df547c64f0df837204c4b982284a8c3e1a29aba2041d7b8eff2ea8cf3a62d022785b4,CLOUDY/OVERCAST,DAYLIGHT,DRY,FAILING TO YIELD RIGHT-OF-WAY,2.0,55.5,3.0,3.0
11b8a6b25612176ab9421835304502d424317ea94f36d8c9e2e9358dceb47dbf73f8c70238ffadc89cb47a8c34e79ca522e38f7c4d70d844b4c58c2975dd3e5f,CLEAR,"DARKNESS, LIGHTED ROAD",DRY,ROAD ENGINEERING/SURFACE/MARKING DEFECTS,1.0,39.0,1.0,1.0
11b8c2294e7dbccdb5cb0cbaee58f47360416282720a8ae88c13bb9b79687552d3e7b6e600428cb2ea2380f7f234ffd58a72eaa8831eff0cd43e2b99f0333e58,RAIN,"DARKNESS, LIGHTED ROAD",WET,"VISION OBSCURED (SIGNS, TREE LIMBS, BUILDINGS, ETC.)",2.0,49.0,2.0,2.0
11b8c955960649ea6dae4876110e61a1ec8abb9763ed9d75f0728be31313e8ca250638c0f4b7b07d183dfeb52352ab454eafad9f49d7f26e2fc7c7ed5ba326ab,CLEAR,"DARKNESS, LIGHTED ROAD",DRY,FOLLOWING TOO CLOSELY,2.0,26.0,2.0,2.0
11b8dd1e7ae244c07096e8a646a48e5f1e0988be66137098f721e078b6ca378b9d15a30a0401f94e203b181bc972039e74e79e23c8b30e0e06fe7e0be5211c88,CLEAR,DAYLIGHT,DRY,EQUIPMENT - VEHICLE CONDITION,2.0,33.0,1.0,1.0
11b8ef46953ddca2626520969f9aff19a95483df033cd1dfdb30056b33aa78c13061de272322d221b8fa10c4bc8ce9281af14432e74d57ba13691d1a19771ca7,CLEAR,"DARKNESS, LIGHTED ROAD",DRY,FOLLOWING TOO CLOSELY,2.0,50.0,2.0,2.0
11b92229226d2107783bb28071f345c850c7a91a08af429f7f04de1ab236164abf189a23b960a075b3c4cb943ca49917dc94e1ad2a072a14c776add94c298698,RAIN,"DARKNESS, LIGHTED ROAD",WET,FOLLOWING TOO CLOSELY,2.0,41.5,2.0,2.0
11b9430ba0f5b1e0e1adfcb3a618f3a3430a4e335208813d6a07e817f599b84c001a06a3279013fa269f06545e842aa0b793ad3759d36cac8a991fda1c4f6fb8,CLEAR,UNKNOWN,DRY,IMPROPER BACKING,2.0,37.5,1.0,1.0
11b94cc46e9bb0f6ddc06888aea1e25e5343e7b07d435da7aac6b9c6fa88ff28f636c1bcb52d120d843b9a1bd3ba70ced842581d9c2eaddea956b5ccc211d713,UNKNOWN,DAYLIGHT,UNKNOWN,FOLLOWING TOO CLOSELY,2.0,48.0,3.0,3.0
11b96346dbb94fa59ed12582f3244e6ff2b4a188609aa0cd75a11343055928904960845169d648ed01850dc9be47ad3d886740402c1450a40455a7b01382551c,CLEAR,"DARKNESS, LIGHTED ROAD",DRY,FAILING TO YIELD RIGHT-OF-WAY,1.0,54.0,2.0,2.0
11b978ae4853c3c42f765754e3da757028ff563ff3db093ce088500a6942ec9a7ef79d70176626edbc5691aed15abf1b549d364741ce08b712f30ed9d75f3dd8,CLEAR,DAYLIGHT,DRY,DRIVING ON WRONG SIDE/WRONG WAY,2.0,32.5,6.0,6.0
11b98fd17e8c7b82d58fa8472cfb6a4e92d3ab2ec8bfed59b21e2409f8d248f498c34c107baab7d9861df85e8687079b877d0c209c675f202f169f81c75fd8d3,CLEAR,DUSK,DRY,PHYSICAL CONDITION OF DRIVER,2.0,37.5,1.0,1.0
11b99e8b10c01013fba5e7f0436601bb60640736d0da63ffe2f4d7b804f9408ce377bd8cccbe9e5f93a8d700457c61b25ccff52c4d030141d373cdca1d5b0ecd,CLOUDY/OVERCAST,DAYLIGHT,DRY,EQUIPMENT - VEHICLE CONDITION,2.0,31.0,3.0,3.0
11b9aa5b89a4902fa5cfe644f71bf3170e9c0ad693f0dd61f88df7906fa19bc25fa8fbf32e9647046b9e1bdd88e118d9f25defa81086d8e137c6598c27d0fdca,UNKNOWN,DAWN,DRY,FAILING TO REDUCE SPEED TO AVOID CRASH,3.0,23.0,1.0,1.0
11b9b56822ed5744a13cecfb5592b56b7c644ed4b8afc70e193056d4e7cf65b796ea06b02c47e59bb5af2620a16bdc2413ee8c2a2160d3e0ddb9b7001a170e10,CLEAR,DAYLIGHT,DRY,FOLLOWING TOO CLOSELY,2.0,46.333333333333336,3.0,3.0
11b9c75f2e50587a5126310cd3c5623a768ff98b973fc113cd2b9fbfdd053ffe7b0b9fba850880aee8fdb476d64b07669682f65734ed90deda5dd94a0e48d042,CLEAR,DAYLIGHT,SNOW OR SLUSH,FAILING TO YIELD RIGHT-OF-WAY,2.0,46.0,2.0,2.0
11b9d8b56cc6f8c1bfbd9c1032ad8e9d74dccba7d9e0470326b326926cd4acfeb887c26b57ad7c3f9f2ea576bb34eb821580192a9e3347a0ff976ad3cb9b5e4e,CLEAR,DAYLIGHT,DRY,IMPROPER BACKING,2.0,29.0,5.0,5.0
11ba1e81d398e51a6733f7adfc22007beee8ceb1b50fd0ded96d7d794b0386492547bad840fccd58fd6f7b11e238c6cd5e7c4fa57717fbd334049f48253c3017,CLEAR,"DARKNESS, LIGHTED ROAD",DRY,FAILING TO REDUCE SPEED TO AVOID CRASH,2.0,22.0,3.0,3.0
11ba4903fc9133a07c3a1b47b213cfdd58ff17aa3eeb9c6b94bb8eed61c3065c64fe3309a9edb00cac8f1a0cd7d854e66aa7112afc1d8a3784bb19eb7d33ba7f,CLEAR,DAYLIGHT,DRY,FAILING TO YIELD RIGHT-OF-WAY,2.0,42.5,2.0,2.0
11ba51415e21c96baabd631548c7441e3e8009b4834516ac1e5ebaa5065d8f6802123135e49770355d92c9c98378054031fbd21c5bcf8ff4b2fec71680c54e31,CLEAR,"DARKNESS, LIGHTED ROAD",DRY,FAILING TO REDUCE SPEED TO AVOID CRASH,2.0,24.0,2.0,2.0
11ba64636875e26e253cfddb77c9f6738547d8d2001c9a5df41d44747687336b94fb93dfba5337cb74e96da63e2ad86ce458932b4ca47d4f33dbda35f6b0722e,CLEAR,"DARKNESS, LIGHTED ROAD",DRY,FAILING TO YIELD RIGHT-OF-WAY,2.0,16.75,4.0,4.0
11ba7632bbccbf01dfa1060f4add55dd892c713af133e65cc255fcf8517440c5a6be66eae83ff67ff49279767fdfc00dbc9275eb4a0a503d3ef37e3f12fe7dad,CLEAR,"DARKNESS, LIGHTED ROAD",DRY,DRIVING SKILLS/KNOWLEDGE/EXPERIENCE,2.0,37.5,1.0,1.0
11bad9866f104a4a47c6e03c93a7a366fa88ca84038b928460a968e3414e3b59f1f10f833ae6ed043a4c1dab111d3c20bc37265c83a827d6b7ae9b8d02c7cbac,CLEAR,DAYLIGHT,WET,FAILING TO YIELD RIGHT-OF-WAY,2.0,58.5,2.0,2.0
11bae82db8b9fa83aa4b178d0c9d7259e07033cffb197302f3e30f1014e65d01cfa584a2c46eb6eb2143825de9ae96fb1d2b500214d7abedce6f03076c8491cb,UNKNOWN,UNKNOWN,UNKNOWN,IMPROPER BACKING,2.0,37.5,2.0,2.0
11bb0268944c84c03a3ecb46e1eab407bf7fa20faddc513fba26d0a2fa671e39acbbb5e3f1bf075fba9c5104ef3790505f58074d7b258c5f2d8e0355782ca82a,CLEAR,DAYLIGHT,DRY,IMPROPER OVERTAKING/PASSING,2.0,38.0,5.0,5.0
11bb40c382e4f261451716be1f73ffcb779f56fa309b561191c74ffc4ee65ac3ab1aafaa2d1293b6259c218e83574bca50297f08f5ba12e36cc2ba6b4fcbcc76,RAIN,DAYLIGHT,WET,IMPROPER LANE USAGE,2.0,73.0,2.0,2.0
11bb53483d4e1818d78e6b51e26b83ac68c81111db82f26d16594e275c3f635bde066b62b2325e5a51829673e37944ef2e06bc14674c51a0b504fabf37775328,CLEAR,DAYLIGHT,DRY,DISTRACTION - FROM INSIDE VEHICLE,2.0,48.0,2.0,2.0
11bb565090b862af3e345e5be6bb6c39d4b2089b856d438973a8eba3ef1aa6f2c276f6fddca902a1c0d65d2fd9721041cc85505ce3917b9d32414b06fad6fcfd,CLEAR,DAYLIGHT,DRY,IMPROPER BACKING,2.0,37.5,1.0,1.0
11bba160af70308be28af24e09fbb5c8ab70dbf04396e81511a9ca81ef9c14b25d5f2a85f4c9e0fbfb8f2633b6d880206728aadbad64eeffa28a56a1ad7d2ee4,CLEAR,"DARKNESS, LIGHTED ROAD",DRY,IMPROPER OVERTAKING/PASSING,3.0,40.0,2.0,2.0
11bba22e375e18f8e5249c6fce758c2b4b454b113aa79ce1f8aadf71719f7132ff1395b43c31d8c4226686ca34c701f5093c9da4b4aecb89beb4a3912eb3f86a,CLEAR,DAYLIGHT,SNOW OR SLUSH,FAILING TO YIELD RIGHT-OF-WAY,2.0,0.0,1.0,1.0
11bbc077ff9547d18046495c475cb4186d020b554bb06a90890631cbd568f22fa388c137fff6239c8605e031e8eb67aeb54135d216e625ac33004d936aebd1d3,CLEAR,DAYLIGHT,ICE,WEATHER,2.0,37.5,6.0,6.0
11bbd014093cc7def9f199a36be0198d5b72f50b25012e230ef60f02896689c7adc60ede58deee31bca4823db2c39fface2de9e75b9c7c12f98e197a91442555,RAIN,DUSK,WET,FAILING TO YIELD RIGHT-OF-WAY,2.0,25.0,2.0,2.0
11bbd948f1d1109fa484f7d53d07c840ed0908eccd186f76212abee1fc68b46b3d09a92f372053405df787e3556f35dba710cb2915b4dc558d5bd5805044f3c4,CLEAR,"DARKNESS, LIGHTED ROAD",DRY,DISTRACTION - FROM OUTSIDE VEHICLE,2.0,37.5,1.0,1.0
11bbe6d43b4f41c80d33cb0c7c7f404e2f74c12d12b0e50577ea99f01e277678ed5824d19614fc9da487466a995080391ad9d32ae01aa0dea05bdc23cd8c8956,CLEAR,DAYLIGHT,DRY,FOLLOWING TOO CLOSELY,2.0,37.5,2.0,2.0
11bc1d36085aaae68e88cf2c83215c5402b6dbd44667cba592bb49948c0b8a111920e56fd86fb05be8f364973988f75d00befa868a7cf27ab456d18d528a3cde,CLEAR,"DARKNESS, LIGHTED ROAD",DRY,FOLLOWING TOO CLOSELY,2.0,27.0,2.0,2.0
11bc38494548e77e53358db23ae3ed24a633aa4aea5182a5e47886f2070999f666bdd0a8cf59f948f43f2b4319fca235c2acdf4e1fea31c109d5dace4bf6a661,CLEAR,DAYLIGHT,DRY,FOLLOWING TOO CLOSELY,2.0,34.0,2.0,2.0
11bc62fb67eaf9dfdf536302225fbc19bc4d00c7422a86df20fb71440d86286850d09d704e92228b6addf9f5eb60b71aae45354cdfdac8e63781cf7e98f0cf82,CLEAR,"DARKNESS, LIGHTED ROAD",DRY,FAILING TO REDUCE SPEED TO AVOID CRASH,3.0,22.0,3.0,3.0
11bc6bc4cf500be28f903851bb4f8271cd53a43faf30bda9b20362daeeef220e8a220471433e033ebcaccb462f8403af904339c2e5a796568add7b65ffe6815a,RAIN,DAYLIGHT,WET,FAILING TO YIELD RIGHT-OF-WAY,2.0,33.0,2.0,2.0
11bc9a42008b4da2160b6aefbd29556077be277113928b4d6836f2f38015e91552f5655c5d7b48e13dae2290f1ba030d2686e2c4d6f9440e6de281c8baa1ac34,CLEAR,DAYLIGHT,DRY,FAILING TO YIELD RIGHT-OF-WAY,2.0,44.0,3.0,3.0
11bca4ca64519299516983a8d38eb4fb3cb25aa84bd8d33f731513409288df207442eb5f3cf0fb3ce328f518dfc0696395a8cf41b15aac0203ebbbe5fa4cb9ad,CLOUDY/OVERCAST,DAYLIGHT,WET,DISREGARDING TRAFFIC SIGNALS,3.0,41.666666666666664,3.0,3.0
11bcc14b651966a7b2d78137e5a50acd65e1a3b8982f547b0c6646533585e9214b3485f8b924ab8f7ef5db63c86f0803a409d7669be58514b7720a5466edb031,CLEAR,DAYLIGHT,DRY,FAILING TO YIELD RIGHT-OF-WAY,1.0,28.0,2.0,2.0
11bcc57808367be41c749a3bfb07b085fd57cfe02f5c8192b4f98520f6c55114315399357bb01ef7ebbfa89a1aa5e2b21c972915a9af683cfa2b51598b3edc26,CLEAR,"DARKNESS, LIGHTED ROAD",DRY,"OPERATING VEHICLE IN ERRATIC, RECKLESS, CARELESS, NEGLIGENT OR AGGRESSIVE MANNER",2.0,54.0,1.0,1.0
11bcc7be2e065f722ecc1e7790dd7d52b7f89d52722120afd6b9dd2722fc860e8be683ef4f230372e82e85e8c623c5a9aec87dac073932cce3f5d37c0bd6dd07,CLEAR,DARKNESS,DRY,"OPERATING VEHICLE IN ERRATIC, RECKLESS, CARELESS, NEGLIGENT OR AGGRESSIVE MANNER",1.0,31.0,1.0,1.0
11bcd7ce014fe84a2c0bb92fd58527a209b810e01383337d5fef5d53d9a3a5df3a5cc485ca3775850bc2f8e91ac3a4e0f20c812a882acd4c7c2c93ea9c90871a,CLEAR,"DARKNESS, LIGHTED ROAD",DRY,DRIVING ON WRONG SIDE/WRONG WAY,2.0,25.0,1.0,1.0
11bcdf4f3aeccecd2d0efd96bacee76e18097222f0b297f814ba036bbdc5616fbe7270c052f4f5e9e1c8e40e7022da1753378c6aa422d2f4538ce44833b2b6ec,CLEAR,"DARKNESS, LIGHTED ROAD",DRY,IMPROPER BACKING,2.0,22.0,2.0,2.0
11bcfa74cb2668e53bd807760a96b18afc546917b78a856f3317987a79a8b9c0e59d7c0709eb8672060adaa6263a28dfe7a00b4715172cd70127ce7cfd08f264,CLEAR,DAYLIGHT,DRY,IMPROPER BACKING,2.0,40.0,2.0,2.0
11bd2b366aa3dff579f4f4d128514d8d3cbcc09cb71d74d243666eaf937cb03d5b5c3eeaa68c9ab228d7b91d2ac49acb2852bbaf7fc8ca1b27b7d92afa6967e7,CLEAR,DAYLIGHT,DRY,FAILING TO YIELD RIGHT-OF-WAY,2.0,24.333333333333332,3.0,3.0
11bd3115e718239b0013f637392840eb7363f20b294538e59788f32a2c843131a44f8d25886fcacc78fbcad8d0ee19760b2277bda496d20444cf375ef4d6d5a5,RAIN,DUSK,WET,IMPROPER TURNING/NO SIGNAL,2.0,46.0,2.0,2.0
11bd34ec5af57ac43b914ab6a93bc440731558e29901966788a6a09422c288189175646eb0561dd553135aa26de857acde847f3682f280121e08fb3fac758c07,CLEAR,DAYLIGHT,DRY,"OPERATING VEHICLE IN ERRATIC, RECKLESS, CARELESS, NEGLIGENT OR AGGRESSIVE MANNER",2.0,54.0,2.0,2.0
11bd43302d5e2e37fdac5f20ddaad41f89cc4cd3910b625b0b5d9fcb5680a51420d33830544789c8c908c5e1273475da959b9850c62766e4d1d468261156e7ca,CLEAR,DAYLIGHT,DRY,"VISION OBSCURED (SIGNS, TREE LIMBS, BUILDINGS, ETC.)",2.0,44.0,2.0,2.0
11bd696e882c51d29aca0641a1f33f96a817e00b6eab9f279c988c763c7d0882022d0a18c211ce3190d7f6411a9f943f10536dd71a2d23918d595669cad4be96,CLEAR,DAYLIGHT,DRY,FOLLOWING TOO CLOSELY,2.0,40.5,2.0,2.0
11bd8218747f3d2be3908d661e7ba89ae41038e1a4536e35fa914483d48c2054291a51d3d7cd859be562c26afe148c8f37fb4a72111861cc544a02412ec59fea,CLEAR,DAYLIGHT,DRY,IMPROPER OVERTAKING/PASSING,2.0,43.333333333333336,3.0,3.0
11bd82db9dde442be032a562e71cb392cd887fe7d91ecc7fa4de80d66b93cee4e2470c0150e2832e2cb8fc6eb3765324f2cfff81fb34fd6bc4863c3630a3ba95,CLEAR,DAYLIGHT,DRY,IMPROPER OVERTAKING/PASSING,2.0,32.75,4.0,4.0
11bd831d6586205bf62acef4719911b5b9bcb0f165d6567e028a4e8de8c36bd96c08686782968fba1edccf262aa817517310e410735df8310770d48c8f540aa0,CLEAR,"DARKNESS, LIGHTED ROAD",DRY,IMPROPER OVERTAKING/PASSING,2.0,45.0,2.0,2.0
11bd984071b6a6d1ab21b59e52b0a4669a15b531e4e5b2fc3defec0b2ee75496bb26df319c038b0475c07782597ff0c0f71e573212e379724fdc26cc282868be,CLEAR,"DARKNESS, LIGHTED ROAD",DRY,IMPROPER BACKING,1.0,33.5,2.0,2.0
11bdafa8e2bd491c087b2a4c1ce9abfeb85be3b6f4a2b9d20852c788dd90a50554f92c43bd8d0b157ff45c6dcaac08bb8e43bfc43866c38c76d36fa96dd0ca13,SNOW,DUSK,SNOW OR SLUSH,IMPROPER TURNING/NO SIGNAL,2.0,35.0,3.0,3.0
11bdb47e084c6caf2ad1b7c3f308d34f56b3e67712a2463a9fb1af77b68b3a0cc74e1de85175ac160e127499403dca4c5e8e7bfabe2f1434a2417b7846d55f39,CLEAR,DAYLIGHT,DRY,FAILING TO YIELD RIGHT-OF-WAY,2.0,33.5,2.0,2.0
11bdbe9e841b82d34a0449e8685d070e8694d6a368008f341fe9f4d1fe51962ae970b446eb61c81d8e1c9073448443ac157987b890a876b52fca5085938d17e0,CLEAR,DAYLIGHT,DRY,DRIVING SKILLS/KNOWLEDGE/EXPERIENCE,2.0,37.5,1.0,1.0
11bdd0b7a4feb63747deb2316b236a82bda6e0f6975e0b0ba8d9f3c0be5714f6b31aa06e9284766e78ab70494952f43baf3f8d1f03b37cd017568c494d061ce1,CLEAR,DAYLIGHT,SNOW OR SLUSH,FOLLOWING TOO CLOSELY,2.0,46.5,2.0,2.0
11bdf5d7eeef29f82d79f5a6d13d10a087a9ee316b659ab3429a6bfbf61042b19563a561572e88b8b760401457635cf217eec09d0ce961c5edf35ead65839052,CLEAR,"DARKNESS, LIGHTED ROAD",DRY,FOLLOWING TOO CLOSELY,2.0,23.5,2.0,2.0
11be3148836dcbae360d2c639fdf168ebb5d8fe11a8a2f0d3cb1630364083f0af419853f85d51f4456c194e38c6ed3aa57110b262e7bbf2e5e68f7fbace87f02,CLEAR,"DARKNESS, LIGHTED ROAD",DRY,"VISION OBSCURED (SIGNS, TREE LIMBS, BUILDINGS, ETC.)",1.0,70.0,2.0,2.0
11be33864cbe94280388ab0ce1056b8e4ca3a59377b8c7c64a697a24fdce49bc02e094ca7207f92d0983d4a2eab1db6fe5667109f461bdf9d315854a1aa314f2,CLEAR,DAYLIGHT,DRY,IMPROPER TURNING/NO SIGNAL,2.0,39.5,2.0,2.0