crash_record_id,weather_condition,lighting_condition,roadway_surface_cond,prim_contributory_cause,total_vehicles,avg_driver_age,total_people,total_injured
11be4681d544dde13ee99975ab65c4e440d2cac7b45ac2239ebfa06c41659c010571576b9766eea08b494fa8117c94b4fb20efe2a5158b6d598078e82a470c73,CLEAR,"DARKNESS, LIGHTED ROAD",DRY,IMPROPER BACKING,2.0,69.0,2.0,2.0
11be5374073af689fb8a896f03b5c9807e84c27ac19175ab1e929732fc27e2245e1f24ebd9f6a50855df51cc6e54e36d6e602fd332847967e4cbeab9a5bf4704,CLEAR,DAYLIGHT,DRY,FOLLOWING TOO CLOSELY,2.0,47.5,2.0,2.0
11be88b916da360e139c61477b9bb628a33c0e2be71b48ba083ac72947ef5bf00b55d7f8e3626ec7976db7c70961d1b7cf97e11ed9b8e998f63446b634359775,CLEAR,DAYLIGHT,DRY,FAILING TO YIELD RIGHT-OF-WAY,2.0,37.5,2.0,2.0
11be93eb7cd839c6850eadc4c24f0d33244921245a349aedfccf5ef9f3adab386e2f3fde301a3b6dbd7a5a88b7795aa29d85f9da1efae31aa010b5d75064ab34,CLEAR,UNKNOWN,DRY,FOLLOWING TOO CLOSELY,2.0,32.5,3.0,3.0
11beba586cffbfd7272020054caa7bd5eb7385ae9b9702b4cff120acfdd58053b42f66156ff863ba78c0ab9709410d2cd309d410c222a4a39d3d50e1b96c728e,CLEAR,DARKNESS,DRY,FAILING TO REDUCE SPEED TO AVOID CRASH,3.0,46.0,1.0,1.0
11bec2ba8326f58995a2c25d6b575f900c07e750e62765a1a60e74ea59f3d6892844afba0fecc5ee00b926e0e9de8ea3a2885699b331277f964c5788ec57ae47,CLEAR,DAYLIGHT,DRY,DRIVING SKILLS/KNOWLEDGE/EXPERIENCE,2.0,33.0,1.0,1.0
11bec42153a9a2a0fc2a369835d2e32c51676aefa88494aeee5ca2986f1c855ee7627cf041c55cfc27a885326d6ef5d1e8fd172207481b3dd3d6c867cf0ef3ac,CLEAR,DAYLIGHT,DRY,DISTRACTION - FROM INSIDE VEHICLE,2.0,27.5,3.0,3.0
11becab89a1c9a4d4299fc32ec4895268fc042b694de7d1964e9b7157e9a4b1f87a2bdd788000ec43a790ef43c8bf8727897911c0a1f718fa8a5175d7b2889f2,CLEAR,DAYLIGHT,DRY,FOLLOWING TOO CLOSELY,2.0,25.666666666666668,4.0,4.0
11bede39f97abf1401fbacb3de461913ffd443efcbfbf79e1e8ad2e46ed21fa2874e2ac27a7bfcbad5b8c3b5c3b3d8786baa0068fc6d6989b95f53d033960d34,CLEAR,DAYLIGHT,DRY,FOLLOWING TOO CLOSELY,3.0,79.0,3.0,3.0
11bef0e3aed3d6784e41605305fa5157c24b9c86e724e1abad7b343b5ad5b7df7f7ab81ce3cb2b3018c120932a1f74fceec19c5455e790dbb1035eb7360e18d4,FREEZING RAIN/DRIZZLE,DUSK,WET,FAILING TO YIELD RIGHT-OF-WAY,2.0,28.5,2.0,2.0
11bf3d41d463961efbbdd543b93078619f9df3be1c8c273cc8f1f025721d259743224a9ee289738a661e59677b7a51b02b223ad41618e3c911cce3aebb17caa2,CLEAR,DAYLIGHT,DRY,FAILING TO YIELD RIGHT-OF-WAY,2.0,51.0,4.0,4.0
11bf689b0682acae162fa743256af0bc813e78823cb35ce8d08029366ed5e3349aed6b2cc68dee8e57f90eaedef3e5c1e4f187dccb2c060593226f2cc26f233f,CLEAR,"DARKNESS, LIGHTED ROAD",DRY,FAILING TO YIELD RIGHT-OF-WAY,2.0,56.0,2.0,2.0
11bf94a88394eb2cf53207a5ead4a7d3d0eeb39f5fc1406cde92995a9aec1e8b872dcf4e203615cf0e553673aec61303294ea4261ba828141f8bc3c3e2b18c64,CLEAR,"DARKNESS, LIGHTED ROAD",ICE,WEATHER,2.0,45.5,2.0,2.0
11bfd7411e5c43ec54415dab1284a50cf37e29397aaaf176ed210b2fd385d363cd4c43d63bd239ce4653a2d5314e6c7801c255971d12e7ea8196ee78b01c729b,CLEAR,DAYLIGHT,DRY,FAILING TO YIELD RIGHT-OF-WAY,1.0,47.5,2.0,2.0
11bfebb579f6fea8e6fd4bf13b7a0d0cae1a3a975a90852a92c2a74cbbc7f5348eca084938c443c38a5e64ad88207f565b7de7178cf27e280ba4521969f810b1,CLEAR,DAYLIGHT,DRY,IMPROPER OVERTAKING/PASSING,2.0,55.5,4.0,4.0
11c0023046bbe5f800d2371242e1d69ff4918e9165aaac4cba31f779bca2cf3368cbc24237134631b1f17959101260067ebd62d2a2fe5569d1ab58cda04faee8,CLEAR,DAYLIGHT,DRY,FAILING TO YIELD RIGHT-OF-WAY,2.0,49.5,2.0,2.0
11c0048c00520d903f1e4c092932a46819fdded1ff175b3c99283ac3210a443c604693b656242a4fd1a6c92ae833386c39ff03e280ee4b950fd9359c5a6d9f7b,CLEAR,"DARKNESS, LIGHTED ROAD",DRY,FOLLOWING TOO CLOSELY,2.0,48.5,2.0,2.0
11c025b9fdb1e07f0f8264f71a8571b9f84aa72a694b117a029aeb924fc02a4e826ca12f86de22db3b3993a4bf4ffd8507d63612c862f782b7af4370b11c76c8,CLEAR,"DARKNESS, LIGHTED ROAD",UNKNOWN,IMPROPER OVERTAKING/PASSING,2.0,46.0,4.0,4.0
11c02c1d27209931c7fc4d5b28eb2d59248dffb14819a5c15a75e862304674a7ff3662b6b4b768f8013be13806080792a8361598ab62b8552517360fc6c01a20,CLEAR,"DARKNESS, LIGHTED ROAD",DRY,FAILING TO YIELD RIGHT-OF-WAY,3.0,39.0,2.0,2.0
11c03328652f879d0852308304fb6e1d0247b4bd5ee81ca4443f3d9fe02416a041632f809031c75eed28ee4402c95e0f378e09ba74482f1c5ebe4654744b01e0,SNOW,"DARKNESS, LIGHTED ROAD",SNOW OR SLUSH,FOLLOWING TOO CLOSELY,2.0,22.0,2.0,2.0
11c04b0f51de5f2257e0c97ceca2903939f25289d08b111679de0116a8ad57066f5b6e4e2a83a1e79643fdac8d2ac6164e6ac7d62638b319855a6a5a8afb07a4,SNOW,"DARKNESS, LIGHTED ROAD",SNOW OR SLUSH,PHYSICAL CONDITION OF DRIVER,2.0,40.0,1.0,1.0
11c05e0a286c1cc6302454c4cd3d0dd660e03e4bc3aeb83192f1efcef7f048f6ba20abfa2f0a93014a0910d78efbe3fc6508d038f47ffbfcbe74194842ac569b,CLEAR,DAYLIGHT,UNKNOWN,DRIVING SKILLS/KNOWLEDGE/EXPERIENCE,1.0,34.0,1.0,1.0
11c08028b9a1942c8a96a491ae12a23822b0e886313e3d7284cc7a5cfa32df9da6b6964b9a70ff002cf292a81670cfe46a1b73fea709ea6d6521da11b3504161,RAIN,DAYLIGHT,WET,IMPROPER TURNING/NO SIGNAL,2.0,52.0,2.0,2.0
11c0ac59112ad6e08fc7f78b352fa5af9747161809afdb691860d67bb88847551bf2d6b8132ab27f9074be0675ee2e43a5ae5602187ee1eb030f9b1467ef07a6,CLEAR,DAYLIGHT,DRY,IMPROPER LANE USAGE,2.0,44.0,2.0,2.0
11c0c17155d31892988f091a984cda83b94552a5e2706254766825dd5fd208c6ac32cc09e4287e1703d251f520c0aabb0ece6319da826b3ef411ec962d5ee488,CLEAR,"DARKNESS, LIGHTED ROAD",WET,IMPROPER OVERTAKING/PASSING,2.0,37.333333333333336,3.0,3.0
11c0c4fedde9b515eb67db4931739845d3be6142a0ecbaa7a39afddb5cdc7107ea193eae25d1eac197ce7cb05df042a46829fcf0dfba0c8fed916849b6dc406a,CLEAR,DUSK,DRY,ANIMAL,2.0,58.0,1.0,1.0
11c0cdcc740eff60bdc7877c9014ace0a99e87855be0fc536c1705d9feb0297768fa416495fce518e13ade389eec30b5fd973718f88edbebaba20dff2a865326,CLEAR,"DARKNESS, LIGHTED ROAD",DRY,FAILING TO YIELD RIGHT-OF-WAY,2.0,34.0,4.0,4.0
11c0d23ce3187ee05908ec67ebf80c322c868b6033f68d8794fa7e2218a634fcc3de48b8397b9f02ebec2e56590c068ec50c858182e6ffd167cff067dad57a84,CLEAR,"DARKNESS, LIGHTED ROAD",DRY,DISTRACTION - FROM INSIDE VEHICLE,2.0,27.75,4.0,4.0
11c0e967d3fb0e57f8456a49852b9b56b02b78674ab090658f199a66e8483eb81d982ef328becb18a9613a488c278bf42ce4ef296129cbf95d5ce84e58fa5ac1,CLEAR,DAYLIGHT,DRY,FAILING TO REDUCE SPEED TO AVOID CRASH,2.0,29.6,5.0,5.0
11c11536f0df7bfc2437875696a335a25a8fa0fbca66be4134977e0091af836c346efdf99066d44b9115bb801c0c417588e23bed330410db4093355df0f7bc67,CLEAR,"DARKNESS, LIGHTED ROAD",DRY,FAILING TO YIELD RIGHT-OF-WAY,2.0,45.333333333333336,3.0,3.0
11c1268e0d52890ab129f569906093a268e01114fea89ecdf62fe24438f276823c45eddd79beda637ae8fde0ed0e0f583a5b6503272953de846628d7135d2bbc,CLEAR,DAWN,DRY,FAILING TO YIELD RIGHT-OF-WAY,2.0,35.333333333333336,3.0,3.0
11c134c0896e9957126f80fd58ff62eb1950ea0d1b01f45623a54b29b1f2fb1544f404eef14ad96067e2616877ef2546f76ee43f5437764b2b931f17807e509b,CLEAR,DAYLIGHT,DRY,FAILING TO YIELD RIGHT-OF-WAY,2.0,46.0,2.0,2.0
11c13e41cab149ab6ea3bbc9bf489496f7609778e99345b3a0bd7c15160131e922ca8a4672f766922b9e53c56cdd8ef2119d5cdad40b34c4e1566c30fde7ff4d,CLEAR,DAYLIGHT,DRY,FAILING TO REDUCE SPEED TO AVOID CRASH,2.0,17.75,4.0,4.0
11c161d427513aa28ece48e864c935293178a03685099509bdaf3419cffcb2269c9b472a49888f86cede5b2ddd69b5a2fe3b605c8b664e74841e4cae84102585,RAIN,DAYLIGHT,WET,DRIVING SKILLS/KNOWLEDGE/EXPERIENCE,2.0,51.333333333333336,3.0,3.0
11c185867da7c3f44746e28a5addb59c3e7bbc99e56b388166edb360a30262049860a803b09867fc89de11a91d072865e89d21cf0b0efcdec0a5488bcd8c8ab1,CLEAR,DAYLIGHT,DRY,FOLLOWING TOO CLOSELY,2.0,32.0,2.0,2.0
11c19b40a50e8579f5418f10b250d9b8587fb884d0cb8245bd458067178c67d3dda4228d5574d1090b42ba2aaadf7179fe35b301ef22b03f47c6d42e22304229,CLEAR,DAWN,DRY,FAILING TO YIELD RIGHT-OF-WAY,2.0,26.666666666666668,3.0,3.0
11c200b7fd68fb68474de812271f1133d32975f55b943420fbf01e176b1fc64d5004985ee909e8359848e58db4352e0b60edf5179b16e9831fa1ec29452147b2,CLEAR,UNKNOWN,DRY,FAILING TO YIELD RIGHT-OF-WAY,1.0,37.0,3.0,3.0
11c210017e0cdf32016e77bcaa6fa370c0727017b3ab838322eac6d639d8a76c70e3e84b213fc011e4b486b96b2536b25fc2664efbc81f67db496b3fdad5aa43,CLEAR,DAYLIGHT,DRY,DISREGARDING OTHER TRAFFIC SIGNS,2.0,35.0,3.0,3.0
11c25f380bb601ff0d82def2211cd2001abec31e5f8d6c0e2e3e5d696f744efadf59d91868535d8f0d86f0e46627497004a1b557dc3253aa21c3ee02351e8604,CLEAR,"DARKNESS, LIGHTED ROAD",DRY,DRIVING SKILLS/KNOWLEDGE/EXPERIENCE,2.0,37.0,1.0,1.0
11c270490d61bf50c94b6becfc40640338933d60c0220ee20de9b8b8e8ee4ba5967806df0a82e52e790b7760483577e77e4a8e48f42e5b87f791b180f5c877a7,CLEAR,DAYLIGHT,DRY,IMPROPER BACKING,2.0,38.25,4.0,4.0
11c289b9b1e0800c82305063e6bbbd8e0c58b6d3bbc60e7a7e7600a6bb189a3435e70af6edbc725b990be92211051b3cf992680011070ba3f0f8b1bd75fe15a2,CLEAR,DAYLIGHT,DRY,FAILING TO YIELD RIGHT-OF-WAY,2.0,68.5,3.0,3.0
11c299a2265ece06949bd8735375799c2b2a6803df72171fee659f617899bafa98a21f1441f6ad7bc1be096e8d7016672ff124ac7dfe286f4192fa698ad57cf4,RAIN,DAYLIGHT,WET,IMPROPER OVERTAKING/PASSING,2.0,56.0,2.0,2.0
11c2a174bcc71ff8f569288a455be7422962ca3cc586303284f8b3ae758d326a7e208e98dcb6d0e02e8d64dea4f7fb5f21affdc93660e5b205cc5d5d5bbe227c,CLEAR,DAYLIGHT,DRY,FOLLOWING TOO CLOSELY,2.0,40.0,2.0,2.0
11c2a40793496c81acb6b4c20b319e4191346af70e283008b5d3d14605e74c78cc2c1b845a8a71afaedf8f300abbb8218eb2da8ceae38248ab57ab5c38b2694f,CLEAR,DAYLIGHT,ICE,WEATHER,2.0,40.0,2.0,2.0
11c2d441ccbfe0d5e2c65f4e892ca56e9d8ceec1a8667175825149f59ba1a9c47db59a5283d679ac2fa99a7b5b403712a127b22728769b775fa9435b7b7173fe,CLEAR,DAYLIGHT,DRY,FAILING TO YIELD RIGHT-OF-WAY,2.0,59.0,2.0,2.0
11c2fdd211fcf113c0933cd3798b957bfd0253a5bd1eb4fb133f5ed0d2ee52e62d346e8ff3d6081cdadf7b0d7510a8bba9ba6f55ab7a2baa0166392321bd2765,CLOUDY/OVERCAST,DAYLIGHT,SNOW OR SLUSH,FAILING TO YIELD RIGHT-OF-WAY,2.0,30.666666666666668,3.0,3.0
11c3050e2da6d611272f67a9cc17789dfb75bc5ff4a97d7d9aeced7b5e0d17c25dc3d4249ac252ddb25e3e8eaad49813d48255a8dd152ef6761f5b32bd09f494,CLEAR,DAYLIGHT,DRY,IMPROPER OVERTAKING/PASSING,2.0,33.0,2.0,2.0
11c3056845d5a0f8b1277bcd067abc14ff49900ea47570129c3e4ee783f762589774846045f59ca64f6e978c0da5a7275fe1cca856f4e8cdb61743452b09b67f,CLEAR,"DARKNESS, LIGHTED ROAD",DRY,FOLLOWING TOO CLOSELY,2.0,32.4,6.0,6.0
11c31cc9bc22429d87e83d1d4ae2a2bd1be58ed45a3e8af8f0e9c24d28ccb2ba5bb5631f937a37c7e96b9a8b0560f34c927dfbacccd0f2dde70c711698b34091,CLEAR,DAYLIGHT,DRY,FAILING TO YIELD RIGHT-OF-WAY,2.0,42.0,2.0,2.0
11c32ce6c6e0cfc59cb878a98bf98e129729e65e4746d5825612ad67881cdbeb2aa1e514a8082b8c0ca18c380b4bd9186d488b76c19c88b723167caab452981e,RAIN,DAYLIGHT,WET,"VISION OBSCURED (SIGNS, TREE LIMBS, BUILDINGS, ETC.)",2.0,17.5,2.0,2.0
11c33dfa00770026fb285647f2f25304ce89becd315f176cb1dd22b93e47cb1fb7a95a59c3542bda0f0b77e2c43a947ba628542b748ba9e3035de599076240b5,CLEAR,"DARKNESS, LIGHTED ROAD",DRY,FOLLOWING TOO CLOSELY,3.0,42.5,3.0,3.0
11c3655dd9f29a28ca2f19e1615fe884485444ff1cf3394b584eccd16556357ad5a14684ebf1d94edd8369c3cda0728296ec680f457923bf90fdbcd710367e3d,CLEAR,"DARKNESS, LIGHTED ROAD",WET,IMPROPER LANE USAGE,2.0,35.0,2.0,2.0
11c3ae5ebc9a9fc9de8c41cb7996051b92a3f51730a1eec53ddb59a9ba7c2b2f1b940025a2f54316b0269b73f85d24a93e1d59654cd26042099d3761849630ce,CLEAR,DAYLIGHT,DRY,IMPROPER LANE USAGE,2.0,36.0,2.0,2.0
11c3e2820a8241b7dd428d81fd3c29dba2d840000dfffd5b69718442fe0c666bfd07c51c10a3e7e329efe90dce733cdb59cc5b563247244cdbe787b254352489,CLEAR,DAYLIGHT,DRY,IMPROPER OVERTAKING/PASSING,2.0,47.0,2.0,2.0
11c3e5804d656ab5a81a0141d068466a332a201c5e827cb907c3b7eb75ff074df1513f7b187529ecec74f0bc3b6114768545f1ef75d5cfb446a0bcd174e61dcd,CLEAR,DAYLIGHT,DRY,FAILING TO YIELD RIGHT-OF-WAY,2.0,41.5,2.0,2.0
11c4034c7311b9a96d32286ff364feee200a13fe787b180f478af5ac1d3a123ae9bb40cff2d247fecf29a4273d54728637b8da9889c633f89e731ac15d2a2b2b,CLEAR,DAYLIGHT,DRY,IMPROPER TURNING/NO SIGNAL,2.0,52.5,3.0,3.0
11c422c22e6f47254c132bba4db521f0a25b29af4f95daa97642ef2b5e2f5aab5c6bc0631c3b99f2bf9e179c25d88bb6941c22f3d43d7d4e8b071fe45ba1458f,CLEAR,DAYLIGHT,DRY,FOLLOWING TOO CLOSELY,2.0,33.5,2.0,2.0
11c438caecf3ad5ddfde7967ab24c07a3825a134a4b4c3389831bd349a13a07f4e7cd88b2d23c6c76f24a0b47a5adbbef6e427d962a9a7eff11876d331d0949e,CLEAR,DAYLIGHT,DRY,DRIVING SKILLS/KNOWLEDGE/EXPERIENCE,2.0,55.0,2.0,2.0
11c447ec71590cacadbe0bf9cf1e2e800e098571940c97033751c6c82fc5d91696930c34d010803fddfc21100cf4f97bf4e7f3e484f9f1ad7972c9f55286e298,CLEAR,DAYLIGHT,DRY,IMPROPER TURNING/NO SIGNAL,2.0,55.0,2.0,2.0
11c45acbf638a88d7a00b2b4edec03b56511c77886b7bb309a91616096c6b215928621b81b32390a4bd7af9a0d229f46ed1974efdee4e39ad141e0a099092e69,CLEAR,DAYLIGHT,DRY,IMPROPER LANE USAGE,2.0,41.5,2.0,2.0
11c494bb8b842773ea36ce522b0033036cdfda961bcf3b1d606bdfa0d7f9369331d0369824d11ffd9fe364f8eb30115c23899b7be42c2865fa1dd453d31203ce,CLEAR,DAYLIGHT,DRY,FAILING TO YIELD RIGHT-OF-WAY,2.0,22.5,2.0,2.0
11c4a068e3a37d627747379eb9070261c76d7894efc271bcfe8b9f927b69972838033b83b33516173f97cc518f8f56b2c6a11e28c8d8d6eae957fb6ca6409910,CLEAR,DAYLIGHT,DRY,FAILING TO YIELD RIGHT-OF-WAY,2.0,47.5,2.0,2.0
11c4b969761e04d9da41e521184ff7b448f626d1e42c272339e863efbc9110ba5f918b84b7e7644ed4bc8049bcedb98601d911d09f882b3e69e269658b46b8e1,CLEAR,DAYLIGHT,DRY,FOLLOWING TOO CLOSELY,2.0,34.0,2.0,2.0
11c4e3273655ee99d5a11a2d2689e7551ae5f37acbb6ce817bc861f25297c7ae453315f7a81a24d2de974630581007d8817403dd62a097f3632321ce1cec6123,CLEAR,DAYLIGHT,DRY,IMPROPER OVERTAKING/PASSING,2.0,45.0,2.0,2.0
11c51cfb8df0fb8396b90a98e4ab74396591539aba8eacd01a358bca48306ec472cc83513a925a73997d00b314e27faee9e354f2e8b85d8ee8e1cc03e8c931f0,CLEAR,"DARKNESS, LIGHTED ROAD",DRY,FAILING TO YIELD RIGHT-OF-WAY,2.0,23.0,2.0,2.0
11c52c73ec57dc7803447680c2478e770492e7eebb55e1256b20b099ceca5e4ac10197b6ede6e8283a015a873e6a925e28bb51683d73e80e878b90c40baf428e,CLEAR,"DARKNESS, LIGHTED ROAD",DRY,FOLLOWING TOO CLOSELY,2.0,23.8,5.0,5.0
11c538c6f788295bc31fd81a2a1cf42025bb6893c65c5a6f74f5e9220e6c096b6a11fc723e1256d427c08278c78c21d845e7d8e0e5567e65f1fffc380d3667f8,SNOW,DARKNESS,UNKNOWN,WEATHER,2.0,32.5,2.0,2.0
11c55591888736d01deb9daf1112773297d7bbf53fd692a773c6585f9c2921d8eea97eef2210939bc69325d6cc1100275b3bc8608b1759019d75bc3bbd1912fc,CLEAR,DAYLIGHT,DRY,FOLLOWING TOO CLOSELY,2.0,46.666666666666664,3.0,3.0
11c55b03ab1ba6e7f2ace46a442ab5f6a4082d9f4da4c3976045c610a60ade54f892f2d5af9bcdbe7dfde132a2e3de20cbdf7fa1cdfa0b621605eb0057d22ca1,OTHER,"DARKNESS, LIGHTED ROAD",WET,PHYSICAL CONDITION OF DRIVER,2.0,66.5,2.0,2.0
11c567bdcc98689032e57b95741514dc811d773fcd62e1198d74051476320ba8d86127325976bc790457059eac783bc60fac03690198e0ca338acf7c0d73f056,CLEAR,"DARKNESS, LIGHTED ROAD",DRY,DISREGARDING TRAFFIC SIGNALS,1.0,23.0,2.0,2.0
11c568b69a6ca59e44c25ab34a9c7ced4a4f5072ec16fc1de2ceb0bdffdf6a192af1b79012c3bc826eafd22173baadb726f5bdef20e7996299b60b3122451cb2,RAIN,DAYLIGHT,WET,FOLLOWING TOO CLOSELY,2.0,40.0,2.0,2.0
11c5765032a5647b58ea74e4f9a469ba7156ab89bdebc315a9a9ca894f12258448f149176d08e5f7548cf20f87cec602a6a53b9baff95e551452a8de6b6f977d,CLEAR,DUSK,DRY,IMPROPER OVERTAKING/PASSING,2.0,44.0,2.0,2.0
11c596a5c7408128b2fad8f0d76eda693da97ba3ff8475643948afbaa2409196b22aac25ea8eeaf8b8aad2784b1379b93be25864444fdae100bf3dacaa29c5c1,RAIN,DAYLIGHT,WET,FOLLOWING TOO CLOSELY,2.0,46.0,2.0,2.0
11c59c225f607e05c31fad3dd82395dbc2798a26fadc13b3fa2152adca4731fc781a0c0be01740e72ff66d904968487f5ed05e1f9caee1487f7d545351e379f9,SNOW,DAYLIGHT,SNOW OR SLUSH,WEATHER,2.0,37.5,1.0,1.0
11c5a6e36aaea01c39dba754e96b461a538319e7b9865b63ea42c0646cfc5098c1bdb00ba708862f8430bf0867515f9fe05e897dc7ff16494ae4586bf988ecf5,CLEAR,DAYLIGHT,DRY,FAILING TO YIELD RIGHT-OF-WAY,2.0,63.5,2.0,2.0
11c5b7979899c1acd56248d97620715f57a54fe3c81de409d9ce0bf04229c8c70c5dacc69dc5931924b736ee7c21404b1cc49dcb54c4fbebd675f85f58d6d17e,CLEAR,DAYLIGHT,DRY,IMPROPER BACKING,1.0,18.0,2.0,2.0
11c5ec44fb128b3373cfdec7124497bfc984b99b14c3c68cf1503a084d16f86bc1a358a4192a578252a2e6be083c531b4c1379e4221361557fbe7e75a39fcbb1,CLEAR,DAYLIGHT,DRY,FAILING TO YIELD RIGHT-OF-WAY,2.0,26.5,2.0,2.0
11c60ddfbfe7c05e8b0ac4e80dc4306bb7965aff4b20f7256b4f90b23dabc0e77eec01b959b2f2001c14b982855fb01ed230660fdb4dc6453d4f62eac7cb7f21,CLEAR,DAYLIGHT,DRY,DRIVING ON WRONG SIDE/WRONG WAY,2.0,33.0,2.0,2.0
11c630cf5a4e29e3acc25bdb147659aa837bca5451a8f250fc901f7ca92980e198cf1cdfa1c93ccc8ef33208367f8c6c97bfd7a971894e5c940c15ec5c927537,CLEAR,DAYLIGHT,DRY,PHYSICAL CONDITION OF DRIVER,2.0,70.5,2.0,2.0
11c6387a08bccc1e09f5bada9cfa515a098ce44f80c11525a239e9c83f92b03949ee1789d07419a5bc1a5700ea4674bdc857a8a010cf5377f55c2730aa0e4208,UNKNOWN,"DARKNESS, LIGHTED ROAD",UNKNOWN,IMPROPER OVERTAKING/PASSING,2.0,26.5,2.0,2.0
11c654a29be718dcab92356fb53a9ff6d9113403f05d33528603e42be22f1e676733689d36307e9f38327e74dc98c25120e2917dd8ef00036ba7062def02134a,CLEAR,DAYLIGHT,DRY,FAILING TO REDUCE SPEED TO AVOID CRASH,2.0,42.4,5.0,5.0
11c683389536bdd9e82be00003d7719977bd4b30030ce60ac597d54eadf97890fa010b290088f26aa33da3a41b12b713728528c72e2dec80f85336ecd182f2c8,CLEAR,DAYLIGHT,DRY,FAILING TO YIELD RIGHT-OF-WAY,2.0,37.0,2.0,2.0
11c6f8e3e72dc2af6f8cc1305c454400042477833c889ed4975cc6474f32e0e791f4641a611d0c51e64460dd1c7f7a4a2836c3cb98626911554774c48d10ed86,CLEAR,DAYLIGHT,DRY,IMPROPER TURNING/NO SIGNAL,2.0,56.5,2.0,2.0
11c70b8c4ff103e8e58471a1cdf84dbbe45ed65685e3b55bedcd984792db1225fb94f53ec8dd27c7ce22c5a7031a197bb9d913e41d511c0f65d50cc9c83413b8,CLEAR,DAYLIGHT,ICE,DRIVING SKILLS/KNOWLEDGE/EXPERIENCE,2.0,20.0,2.0,2.0
11c7106b97242806653f63d6d7da58b9c52b82980a538fb0c587c1d353b1af533997deb78266f1933cfe8c04ac0a3eabbbbf732c9a85761c91b0da58628235a2,CLOUDY/OVERCAST,"DARKNESS, LIGHTED ROAD",ICE,WEATHER,2.0,41.0,2.0,2.0
11c7154e5d6faa09c0725950285729da74536a006775f73d2890f8fbc79d9e3d6dd05550e05be094426a7a24b3bbc4e61be27e9cacfd29b26d795e5d498ebce8,CLEAR,DAYLIGHT,DRY,FAILING TO YIELD RIGHT-OF-WAY,2.0,44.0,2.0,2.0
11c7bc0b81971720d1723664b3c5d7075038b746126a7908ac325b0c5ee83db45abcd177f131773c76d03c1e5b56c5526c9cf7b5c18cf4d2cc5d3951a75c9d49,CLEAR,DAYLIGHT,DRY,DISREGARDING TRAFFIC SIGNALS,2.0,19.5,3.0,3.0
11c7bebaf58a6c15ef11bf67512d8f0ba4c6ea24acb5c777c94e8a35e1ff79880265d82cd9881ccbd40ce9892939e97c246a15e051b45a01766e835fef73fca2,CLEAR,DAYLIGHT,DRY,FAILING TO REDUCE SPEED TO AVOID CRASH,2.0,19.5,2.0,2.0
11c7d97d824c629cef0ec546ea0bc863b2676bfb3c27000ab099a48a2342e3e5a4d48d50559f1436b90dff24216aefe8301625caa7bb04441887d9ae5b226a56,SNOW,"DARKNESS, LIGHTED ROAD",WET,FAILING TO YIELD RIGHT-OF-WAY,1.0,37.5,2.0,2.0
11c7ee69c2417d1dc44dc7d838bee6d9b364020befa64ada1e14cad3c0b2f2cb1bb93afbc8af8ace3f3659b30882228093a6020bf17d124128d635eed249f40e,CLEAR,DAYLIGHT,DRY,FOLLOWING TOO CLOSELY,2.0,58.5,2.0,2.0
11c7f1e5df332d721709ddbc681604080a025a67572072bc3030ff781f95357f8e9e1333b74cc5c4d113fd5e492e42cb1dfcd74f295cf92e1c7a0ee334ee268c,CLEAR,DAYLIGHT,DRY,FOLLOWING TOO CLOSELY,2.0,64.0,2.0,2.0
11c82a46834dbd7de39de1c222f195ef9ad4c1feae5338b7c882fa143c3f2852894c3da06cee80fcc451bab10e90f3b271bd1e9a8f627882aef1189f5ab2793d,SNOW,DAYLIGHT,SNOW OR SLUSH,WEATHER,1.0,37.5,1.0,1.0
11c83d19f2bd1481439977ec58f783713d1cb5b4361792e1badbdaae7649db61c0c1d1f2a8e9bd8937e7de8330dfc71983ac84d96eed888f4203479dc299b0dd,RAIN,DAYLIGHT,WET,FOLLOWING TOO CLOSELY,2.0,56.5,2.0,2.0
11c842fc36e6fd1e9c8af99ff92779aa1313a105e2e14db21a3d2f18e82c568aff5ea2732fcfbd0ae9329f96183eebd431afb7ee27d868984d20271d2d57afbe,CLEAR,DAYLIGHT,DRY,FAILING TO YIELD RIGHT-OF-WAY,2.0,23.0,2.0,2.0
11c84526715c4e255d614952ca051472815075451707df3e56f7da091efb5d33a15311d8b7f8f580ab4c03b597e822b4242df931c40fa158c780b6d78350912b,CLEAR,DAYLIGHT,DRY,FOLLOWING TOO CLOSELY,2.0,38.0,2.0,2.0
11c8455edfc9998c00be5ffa635e05850bb040d1b18d8f119bcd0811e62354c9149dc5debbc402080a108832a07dc84ca80655862b306f2e863f3f238955413d,RAIN,DAYLIGHT,WET,IMPROPER OVERTAKING/PASSING,2.0,62.0,3.0,3.0
11c85beaf015d4dc5cb9bc38f32ae706433aabfa9dbaad40aebcdb14104ee20b6bea002682e4a0a047108e6a6214d691682f20109efef19c8c4d4d763d9c88ad,CLEAR,DAYLIGHT,ICE,WEATHER,2.0,21.0,2.0,2.0
11c8938db5342e02a911527da2acad82075f10d775acd08c70a97c742aca2d903b213d8e2e7a8918686f9a9486b6986a5c73f3fb317be7dc66e15018e4bc470d,CLEAR,DAYLIGHT,DRY,FAILING TO YIELD RIGHT-OF-WAY,2.0,35.5,3.0,3.0