crash_record_id,weather_condition,lighting_condition,roadway_surface_cond,prim_contributory_cause,total_vehicles,avg_driver_age,total_people,total_injured
11c8ef8509a585fef76189ec7be83e769a4dab476dc98bfad864912ee85f4906a548ba13ddb187f195d8afbdb4ed5e4be864de271bc26990693e13eeb803c1dc,FREEZING RAIN/DRIZZLE,"DARKNESS, LIGHTED ROAD",WET,FAILING TO YIELD RIGHT-OF-WAY,2.0,55.0,3.0,3.0
11c8f1bc022f08433861536b5b6ad71835352102a3be6b1c4c5751ec2b1c3e1bb03fa33fee1d640ad71fb1adc96dd911916654034de833ef683dece1035de237,CLEAR,DAYLIGHT,DRY,DISREGARDING STOP SIGN,2.0,43.5,4.0,4.0
11c9189012d25f2afdd8ce2b22f3a92a95ea2aa4ddb5155f013505653f9d48745365b45ad3ea99b555f059224822b9c5f394af5ac461c1c2b05b49a656580aab,CLEAR,DAYLIGHT,DRY,FAILING TO YIELD RIGHT-OF-WAY,2.0,41.0,2.0,2.0
11c93af9b8b0a51feb88a085a9422511b1de653fcbdda619e41fbfc7527b137cc316a44d57c1c876e38b360000f93bc7cd14c6080737bd97ce6907a7a6e3a621,CLEAR,"DARKNESS, LIGHTED ROAD",ICE,FAILING TO YIELD RIGHT-OF-WAY,2.0,31.5,2.0,2.0
11c96274509fac25a4ccb0a3343646be1b617f0c878b7c5eb40dbe4fc01efb430e4f5662916bd085683ee6cd136d5cb14416cb0f6f762585f4963e8f09010cb8,CLEAR,"DARKNESS, LIGHTED ROAD",DRY,FAILING TO YIELD RIGHT-OF-WAY,2.0,18.2,5.0,5.0
11c97ea88a2f72216fb346af6c714ef0effc959e32ff636445758e405304a8de3c679194a4eed797a42b2fd369f5b57b3ac6aea5436d7b9e4505603422bedb4b,CLEAR,"DARKNESS, LIGHTED ROAD",DRY,IMPROPER LANE USAGE,2.0,47.0,2.0,2.0
11c97fca7b61fa78d457340be80ad6d4af59902458a6e76c41120722cd51451a9354bc62ae4684bac25e874f76593895419205f644b4406c6af8f5e39c902a52,CLEAR,DAYLIGHT,DRY,FOLLOWING TOO CLOSELY,2.0,46.0,2.0,2.0
11c9a19a733062c42a6b203ef34eeb29574dbabafe235855a61c36252e0d302d23e5df5bb9601bd206502d910a211a2c26199817e15598aabce5789730101e8b,SNOW,DAYLIGHT,SNOW OR SLUSH,WEATHER,2.0,64.0,2.0,2.0
11c9accccfb3494eb0081f38e2283d2a298025606989f5ae29cfb6077a132d35534e26f620b7b1b4b34c2cf8d640c0916db3ef23566ed049ddb03655bd8da8f8,CLEAR,DAYLIGHT,DRY,FAILING TO YIELD RIGHT-OF-WAY,1.0,22.0,2.0,2.0
11c9c74a1578a3da416256590942fda84a8fa2f0c1193ebebdb51bae78d68cea03a86fadae87c1565adad3eacf9e87abbfd28be6d4ae1c39b2c21ce70b231bf2,CLEAR,DAYLIGHT,DRY,IMPROPER TURNING/NO SIGNAL,2.0,72.0,2.0,2.0
11ca15cccf37c587da9ce609fa1b99c90b661d326f32bc263c3ef80f091c9c4855d89ea95a73d54bae18a182d5597ebbdda8e30a564ee70763df3b884d6d6ff4,CLEAR,"DARKNESS, LIGHTED ROAD",DRY,DISREGARDING TRAFFIC SIGNALS,2.0,44.0,4.0,4.0
11ca24bbf3730e2011b484d947a320ba5baae327f1ada89f9e836e20b25ff051b780756510df56866f4224172ea5494f5c3049e56716b98278387eb23b0f3bc9,CLEAR,"DARKNESS, LIGHTED ROAD",DRY,IMPROPER LANE USAGE,2.0,53.5,2.0,2.0
11ca3699ffbba7d59420e7c0291dcfebd16489a5f74a49d0b08d79e3a0ca670370229e06aff2ba102ff8564bb8582fd8f5cb0d161583d6b381dac687dcc5c1be,RAIN,"DARKNESS, LIGHTED ROAD",WET,FAILING TO REDUCE SPEED TO AVOID CRASH,2.0,34.0,1.0,1.0
11ca5d8eb515c65f1c9191a9e3e706d9d129e1487b5bc7d04dbddc0bc675d8a94f73ee0f000d7d52eba773bc2c7fd53836d9e970380431ea165921f9549df416,CLEAR,DAYLIGHT,DRY,FAILING TO REDUCE SPEED TO AVOID CRASH,2.0,60.0,2.0,2.0
11ca7b3ce75685e89fa7d212569a763cad989946c666add1802c77e695a14e914b8c590c407712b956f0766414d1cbbfd5445a6345b30d3fb998ec62e912b970,CLEAR,DAYLIGHT,DRY,IMPROPER LANE USAGE,2.0,37.5,3.0,3.0
11caa9470d049824a4a942f7c52935047819161a774950ffc89dd92e90ef9d296d161de5a405d75f0d635aeabc4ff3a5e51f30d25b35120d34e274c45f13cb49,CLEAR,DAYLIGHT,DRY,DISREGARDING TRAFFIC SIGNALS,2.0,43.666666666666664,3.0,3.0
11caacc792c783ea16dd854ca92dba4b4aba2ef4057d002bddbb0e170084a3e02350ae17a7cff4cefcfa6d9dbc9b5b07158c177070330f90eedd5e81508eaead,CLEAR,"DARKNESS, LIGHTED ROAD",DRY,FAILING TO REDUCE SPEED TO AVOID CRASH,1.0,37.5,1.0,1.0
11caae6cc5b3229e4b73ac1e5334784675efade9064952f588aa711def0bb65efcb018240d3ec156cd5f50d470dd859f2dc5b11373e1845665b9d10917b541a0,CLEAR,DAYLIGHT,DRY,FAILING TO YIELD RIGHT-OF-WAY,2.0,29.5,2.0,2.0
11cab20d16a7ce87332cdd35839dbd8218d2c624782115ec2d82838c7164626e553b17e1674884315618c752118d1e8bfbd30f7cf24aa2cdbe52bfc3b4f1cd06,CLEAR,DAYLIGHT,DRY,IMPROPER OVERTAKING/PASSING,2.0,24.0,3.0,3.0
11cac72a461b7df93037cdf1869d6c9de5b060164d02db51bbe1f4b9ce94be66cd90f2e7dd334955878125741f9c91e2caaa13aadec92a55b37086a79fe83102,CLEAR,DAYLIGHT,DRY,IMPROPER OVERTAKING/PASSING,2.0,23.0,2.0,2.0
11cae06bf82734063579bfa40aa0e8aab88fbdf152005624fa1ef788c8a924cce6959b895d54247485e2a8bcd7fa693c82381d8219e0b2b5e13b274e053a4290,CLEAR,"DARKNESS, LIGHTED ROAD",DRY,FAILING TO REDUCE SPEED TO AVOID CRASH,2.0,34.0,1.0,1.0
11caea151b0fd7f9d1ea2b080496e32dfbec9984aff221ea1534aa40ea399d867541e315dabf3d75adca8f80e1c830b56dd7437cf779eed0e263bbbc7374d275,CLEAR,"DARKNESS, LIGHTED ROAD",DRY,FAILING TO YIELD RIGHT-OF-WAY,2.0,25.0,2.0,2.0
11caf984c9fa15007e4b0cc3a38070afccc32fa58e6dc3441a1979cf48f14124a9ee9b9d15de3653addf2a18312c3b01086c2e6197ff9ca0c610484e4eeddfde,RAIN,UNKNOWN,WET,WEATHER,2.0,37.0,2.0,2.0
11cb0c3000d7e3067487fde28ed0483d1f6b72c14bec3047a497c00e6b5ce2f933d521ff935c1b257851e65084db8b3e46e9309df7e7f97c2d7105ee167cf0de,CLEAR,DUSK,WET,FAILING TO REDUCE SPEED TO AVOID CRASH,1.0,40.0,1.0,1.0
11cb0d447d2466f006210d12c56eb7b14eec5dab1c6d8e0f7d6ddab0f8a9f24a38bca8e54575bdc366d0a284098a2d20407af103674faa0bf09ea46d7e189a96,CLEAR,DAYLIGHT,DRY,IMPROPER OVERTAKING/PASSING,2.0,34.0,2.0,2.0
11cb12162945b63b134ee39973484c54d7a25223653d1081c75a8b97a31cad8696d57341bc777841dbf420844e26cc00eaeb259b9fe603e8c28e8f18f4e6736a,CLEAR,DAYLIGHT,DRY,FAILING TO YIELD RIGHT-OF-WAY,2.0,28.666666666666668,3.0,3.0
11cb226bada08135bbfbb97ddb2d99198f7e90e4d9c0dc8bf2d986f9577ec359ac4e1da879fabbf1bcc9456139d3fcfd9c057dbee9b3fd684384c9d2fd36b939,CLEAR,DARKNESS,DRY,FAILING TO YIELD RIGHT-OF-WAY,2.0,37.5,2.0,2.0
11cb57e87741ac5c68cc7afb82d06f56f4bff09cae4f392fe88ef083c72db7df872b3ca8333093b646e8654534d869707c76a5dece8e79141e2b5a80a2f92512,CLEAR,DAYLIGHT,WET,FOLLOWING TOO CLOSELY,2.0,23.0,4.0,4.0
11cb61373c7796147ddd66d12f82e2e3fba75652f7ac9c0f1e38e283c9e16385eef445727bd28f0dadeee25fbe9c2e20d4367d66075caf357ffd788b2e126a25,CLEAR,DAYLIGHT,DRY,FAILING TO YIELD RIGHT-OF-WAY,2.0,30.0,2.0,2.0
11cb701238e4624ab093546c9f307fb56b0f5f5f85a091fe11492ec4d3f5ffbb46a6b509294d243998dc2fb5b63150e5fc747313d95105a169c02d2e4066254f,CLEAR,DAYLIGHT,DRY,FOLLOWING TOO CLOSELY,2.0,28.0,2.0,2.0
11cb8acbfab38bdc340f68e65b71d923306b5b9130aef34ab46d534157dd4015765a4929084a9f599890e56d6848499f8b198792ba53b233246aa62ce95e371e,CLEAR,"DARKNESS, LIGHTED ROAD",DRY,DRIVING SKILLS/KNOWLEDGE/EXPERIENCE,2.0,32.0,3.0,3.0
11cb92f0ad114b2a7e88085a6be00c3c779a462478196a851a432f38d615af1e2c8b6955254a058efbf6b98fcdf653611c0e2a673a3f5f917e214fb2051d8abf,CLEAR,DAYLIGHT,DRY,DISREGARDING STOP SIGN,2.0,35.0,3.0,3.0
11cbab98a14d49e78c89ba27191b7d9930d69cef518916ce73f13a838a2fd356c536acc2373c3ae485381b8a596606ac932f6c1cce797b1f645cc6704ee6bcf4,SNOW,DARKNESS,SNOW OR SLUSH,DISREGARDING TRAFFIC SIGNALS,2.0,30.0,2.0,2.0
11cbbcd7977488e1189569b3f997b2253312bcb0e8bc3f133fb45223e18eda4ed391e4bda643d438164e754f971c5f3afba885756b5d74e0bb53e07739385860,CLOUDY/OVERCAST,DAYLIGHT,DRY,FAILING TO YIELD RIGHT-OF-WAY,2.0,46.0,2.0,2.0
11cbc0230830848315f8e8ccaf66f6219348eaac61b71a6c462a34f37272ee5e06e92cd58c0b4160ee2bdb8c6dfad01d48345b5f460618fdb79adcca7a01a380,CLEAR,DAYLIGHT,DRY,IMPROPER OVERTAKING/PASSING,2.0,43.0,5.0,5.0
11cbeed2321cbb9b57d947bcec5942a39d3f4881f818cc4928403a37ebc237087d2f87d19755797993d733f9716451508e39d8057d8c5c1011dba690865e0ab5,CLEAR,DARKNESS,WET,FOLLOWING TOO CLOSELY,2.0,19.0,2.0,2.0
11cbffc18cbc51ca70b6ef98f5395a9885f12fcd658861c682881ab3da81868961f19601bc5a398b4a90ee3f545b117e6fd3c7949ced46a9d395fd717793fb23,CLEAR,DAYLIGHT,DRY,IMPROPER BACKING,2.0,39.0,3.0,3.0
11cc08f808e90647e8a082a6142bf330d87ebfc3ec689e4f03adf4bc6122ef948621da54d09638fbb2132a8040ec083b6d692059d125cc3b5e6d808a43d8c9cd,CLEAR,DUSK,DRY,FOLLOWING TOO CLOSELY,2.0,39.0,2.0,2.0
11cc2006361b879012953cc03753c8c6e2e4eac1a1b54de1ed7dc12bfc57c936d1d391c85ff4d305bd920a9ecf436ad3f5868579f6541fe497d7e30adb896ce4,CLEAR,"DARKNESS, LIGHTED ROAD",DRY,EQUIPMENT - VEHICLE CONDITION,3.0,18.875,8.0,8.0
11cc473ab2133bde887913c85ac150cf352ea58491561b7b0d399677363c064a2723a35c2744f4eafc99952697e4dccf2ca4da944cd1dc59b5cf46d357874d2d,CLEAR,"DARKNESS, LIGHTED ROAD",DRY,IMPROPER OVERTAKING/PASSING,2.0,20.0,4.0,4.0
11cc4c91374ec16b314babc9c91c162fb41ec81d9c254d16f6fe6c1ac09fc372900cfe2eb1650bbad0abec0a0edab89179ffde3518748b443180ed2eccc3168d,CLEAR,DAYLIGHT,DRY,IMPROPER TURNING/NO SIGNAL,2.0,47.0,2.0,2.0
11cc7153d1dbe920ada00403302c673b2d200e04a1d8b934f239d69aedc766069e365f958f0eb536c68ba41455527ab33b936dd315a8710703e1aeaefff9e77c,CLEAR,DAYLIGHT,DRY,IMPROPER BACKING,2.0,37.5,1.0,1.0
11cc7677f88a5114af9319ad30704856067dd3ac8bb270f6a8b938d511a658a5583cf85d63f42c300f114e8a25e5b92d5e59df6e23dfa33c51abe3ddd8f53af7,CLEAR,DAYLIGHT,DRY,IMPROPER OVERTAKING/PASSING,2.0,31.0,2.0,2.0
11ccaadaa95e8d7c73ab2e258a41ddcaa6f3526e64d6a3d9e47bc9da8a86f0af2c848b0a0d2ee8dc18373fa0f7a4ab8d0662e27819c01313fb19df449d20d2af,CLEAR,"DARKNESS, LIGHTED ROAD",DRY,FAILING TO REDUCE SPEED TO AVOID CRASH,2.0,29.5,2.0,2.0
11ccae8a9188e5bae175c864d81869ec4331b28081efb34c277fadd99855977d03dea1c57fd440f19fa311d0ca8e82139a6914accc4089b40254c30da8ae8f38,RAIN,DAYLIGHT,SNOW OR SLUSH,IMPROPER OVERTAKING/PASSING,2.0,37.5,1.0,1.0
11ccc297114941c1d9da98f9e64fe167c89755a150f3fcab536065e95f2b9daab372ac56ecc4f81909e1b6a1989c9d315c0cdc1f70e3da477936172f529b5625,CLEAR,DAYLIGHT,DRY,DISTRACTION - FROM INSIDE VEHICLE,1.0,36.0,1.0,1.0
11ccfc7a00f0992abccfaa8e6d4d742bfb9cc3c4fe1e6cbd3031ccc5e17a65492a173d063d17e1bdb6b160e3f5943dd616cf4c1aaaba212b1f7e69f606f0590c,CLEAR,DAYLIGHT,DRY,DISREGARDING TRAFFIC SIGNALS,2.0,51.0,2.0,2.0
11cd340fcb10521fefd3103dd77261b5bdb497061b2407af0c98a6f389a7766622d4a75c92c2ba3f89b0cd686641d52d0e75968a9d7cc19747b438314c48e71a,SNOW,DARKNESS,SNOW OR SLUSH,FAILING TO YIELD RIGHT-OF-WAY,2.0,21.666666666666668,3.0,3.0
11cd4362d80a1c79620a6552c4988124922d3524f1aaffe7bd9baafff732521f177a836f72121b67fa46d5c819d4805a26e1381210901ae32a58e278083711bc,RAIN,DAYLIGHT,WET,FAILING TO REDUCE SPEED TO AVOID CRASH,2.0,33.5,2.0,2.0
11cd5d6567f5b21433a8073e964c5137e8b0f09ab27986149751b516101251e860d14482a2c40f1544eb1f3b77d8c09cdb2c1092768b0642def5f768a7add011,CLEAR,DAYLIGHT,DRY,PHYSICAL CONDITION OF DRIVER,2.0,37.5,2.0,2.0
11cd65c7a255e14ff05b96d04fc4f5467a06bc12514fa592a8dfe94ce43af7d021829bb0cf4ee04221905c1927adc34b95492f6d69494a1209f8b058d1082ade,CLEAR,DAYLIGHT,DRY,DRIVING SKILLS/KNOWLEDGE/EXPERIENCE,3.0,27.4,5.0,5.0
11cd82dbfdc60fd7a2fdbae676e214f1635799e23a18f52d6f0cbb50bbe71e61089e32381e3dc2d3f4f631729a1d758d1628d763d029b297514eac61495272ef,CLEAR,DAYLIGHT,DRY,FAILING TO YIELD RIGHT-OF-WAY,2.0,44.0,2.0,2.0
11cde207b7281f32a67a85f2dc15f085a2d409d234f16a9786c785c4ef172efd10766b227554015e268356bc15e312cf887684b8c858a2e62a2e95e74ca889ca,CLEAR,"DARKNESS, LIGHTED ROAD",DRY,DISREGARDING TRAFFIC SIGNALS,2.0,37.5,2.0,2.0
11cdf8a3d784386aaf41438f86f4b7e95c0e666c8b9bc3ed138a46c1acb27a24ae90e827c39cbf30367200cfd4da1417b6df85023161bd39c6f7eef74ae507f6,CLEAR,DAYLIGHT,DRY,"OPERATING VEHICLE IN ERRATIC, RECKLESS, CARELESS, NEGLIGENT OR AGGRESSIVE MANNER",2.0,28.5,2.0,2.0
11ce23b34e9974258af6af008e5e9d88b867954fa971be7aa80881f4cafb1b267dc80231b31db02feb1911e61a1e1cde2d15296b6932994dcebcab227b204a02,UNKNOWN,DUSK,UNKNOWN,FOLLOWING TOO CLOSELY,2.0,40.5,2.0,2.0
11ce57915a0745637f44ccb11085fc80cf44c925045f3b9a75c439423bbe1b04feb1f3cfa4f36f9018e894d1a248b5c5cea9fcaf9142abcd03dde849fc43db56,CLEAR,DAYLIGHT,DRY,IMPROPER LANE USAGE,2.0,49.0,2.0,2.0
11ce9d6df0deb457d518069e158ade5721ffe263d77e61ffa74e98100e11d38448b9a0b66c88472a169ffed0db41359a52dabf29997094e4372889400e38ca27,CLEAR,DAYLIGHT,DRY,FOLLOWING TOO CLOSELY,2.0,54.5,2.0,2.0
11ceae08a37848ef1fad63bb6e57fc6e1395c418b4759b331f5af45366cab9851b0d65dd10bbd1744dd89ffabbc625a6ebd88af8430914abe5ede07f2a95aeac,CLOUDY/OVERCAST,DAYLIGHT,DRY,FAILING TO REDUCE SPEED TO AVOID CRASH,2.0,33.5,2.0,2.0
11ceb720c73f6bab87ed26ff16818a62cfd473015e463a74b257523660a08a5357a598c483d1dc8812705bacc5d16741b3833d1efb717a281e3c908d76934e93,CLEAR,DAYLIGHT,DRY,FAILING TO YIELD RIGHT-OF-WAY,2.0,26.0,2.0,2.0
11ceb83d6c460e81dfb983f81488e7ec85b827759f4517fc7205c4da32872babd8633f1fa26820c133854d245bb1db2c815b242c48e9c0dfad76c6ac3504dd7a,CLEAR,DAYLIGHT,WET,FOLLOWING TOO CLOSELY,2.0,45.0,2.0,2.0
11cec5379b675fc31a55d8b4d0fe1d1cc722bca2ad34f4025c9654aad01b5f6bdbe9f6a5ac919c960acc6510e48a059637512c532ffa464ff65af1a569eb1429,CLEAR,DAYLIGHT,DRY,FOLLOWING TOO CLOSELY,2.0,33.0,3.0,3.0
11cf3cd85a80c7bb1dfad15e87cf5bdbc31024742940f8b19295bbc0875bf1004c4c0c67d5a839e37362ee98ec46fcb4624e420724c398347b7bed99a1e58d5b,SNOW,DAYLIGHT,SNOW OR SLUSH,IMPROPER BACKING,2.0,42.0,2.0,2.0
11cf3f2f35bfd07321a01ea0623829458075c802eb99dd4f30ef44d5d6bc09cea8a4b6b8ee4cf245458cf9de1f1762beb4e37e472b84545580e8955bb7504055,CLEAR,DAYLIGHT,DRY,FAILING TO YIELD RIGHT-OF-WAY,2.0,30.0,2.0,2.0
11cf5405c7d0610171a619ac2eaebd347268365d15ccc56a77fc6a4e2be4f6caf00ae5d3f80a64933aeac2fc641f5c3a5a68787834598ead9980568b01323dbd,CLEAR,DAYLIGHT,DRY,FAILING TO YIELD RIGHT-OF-WAY,2.0,32.5,2.0,2.0
11cf8d62735135fb5ee05d39643693610ecc3d6e65e4798f0c04f30705115a60aa65e9e5656488f8fa329de072624b852e69a925c00569f8797496bd097f0ec2,CLEAR,"DARKNESS, LIGHTED ROAD",DRY,EQUIPMENT - VEHICLE CONDITION,2.0,29.0,1.0,1.0
11cfae4ba13a0122efbd9a2e939caae1a7c5585a9f0ae54860a6158e19ed3eda7f3bbcc70eea280f3ed48e89e17733b73f867798b440fcc4dbb71ab3d4c75403,RAIN,DARKNESS,WET,IMPROPER OVERTAKING/PASSING,2.0,57.5,2.0,2.0
11cfca82439cfeec75651c226adb7503ba583f7352db6a6e17d641c88d72a7cd22f670e1d86321ceb644e557c6e529549a86d8771e5253318a087609865c12f0,CLEAR,DAYLIGHT,DRY,DRIVING ON WRONG SIDE/WRONG WAY,2.0,32.333333333333336,3.0,3.0
11cfec146810cf1f0b5bb5964366d484e177675311190519d6028b513d48caeb2a8049c350042e1bf4707a7650c6867f3726797c2bfa333c9c7a77c455b9ae57,CLOUDY/OVERCAST,DUSK,WET,FAILING TO YIELD RIGHT-OF-WAY,2.0,64.0,3.0,3.0
11d01b3808c4999d6a9146b42a6a0fdd33b1c7f85ee0c1fdfd0db4570ae8122e6a592314a207ec75169c9bf6fcd6d9a37471e5acbfd52a01885e77f2ee715201,CLEAR,"DARKNESS, LIGHTED ROAD",DRY,FAILING TO YIELD RIGHT-OF-WAY,2.0,27.6,5.0,5.0
11d0257d0253cd5ea05b879a92ccbc6c14245796278059abf060a0a54ac869dc07b06cd92839ccfe7506bb99a670869662dfc180a29f0c3512117439211f056b,CLEAR,DAYLIGHT,DRY,IMPROPER LANE USAGE,2.0,25.666666666666668,3.0,3.0
11d0261f006e4a2a79ed6ff95971d9a7e69d153cea8799da67f4ee357feca0437bc82073f2bbee2126855fb9e8c4093d77f59cae0c612a1ecafc734b70bef048,CLEAR,"DARKNESS, LIGHTED ROAD",DRY,DRIVING SKILLS/KNOWLEDGE/EXPERIENCE,2.0,25.0,1.0,1.0
11d02b3a8d9d76b8a8691d8a0b023cc1ac4db5553a9c4131d3eedb277f0ba41c09d23360ef9e1b8dfe76256f056914d1d4e478f0d416b3e9609fe2469041e15f,CLEAR,DAYLIGHT,UNKNOWN,IMPROPER BACKING,2.0,56.5,2.0,2.0
11d04972b00977d4a555688df831f2319f3c3ebd1c38b1d466d997942f7ecec8397aef686dc65ffc6df73ed8f3fc04ea655715fb29c29c0b78b55e3e451bcd89,RAIN,DAYLIGHT,SNOW OR SLUSH,IMPROPER OVERTAKING/PASSING,2.0,59.0,1.0,1.0
11d04ac19c5631cd001a8bb65f93ab9c8843572250c62b745bbd08327af37b8acdeef12da55dc5f7f8e81afc272473467f55c51d2aa400c79b0d183a135dd2c8,SNOW,"DARKNESS, LIGHTED ROAD",SNOW OR SLUSH,DRIVING SKILLS/KNOWLEDGE/EXPERIENCE,2.0,37.5,1.0,1.0
11d07d979428851c0268598960cb18a944fb1fe122e6defdf73a20692a33547c00ec5dbaa41e56f1e1c6f5b681db5df965fba365495634c8e6156c6a96eb8fc1,CLEAR,"DARKNESS, LIGHTED ROAD",DRY,UNDER THE INFLUENCE OF ALCOHOL/DRUGS (USE WHEN ARREST IS EFFECTED),3.0,40.8,7.0,7.0
11d08c75b2fc583849f2653b5c9869fe6edffa4e3ae02376d642980f9d74d9a55008a5370af26ae0711cf96b56697a211168d2bf1c61f545849e2e7f099c52c1,CLEAR,DAYLIGHT,DRY,FAILING TO YIELD RIGHT-OF-WAY,2.0,24.5,2.0,2.0
11d099081904e81a37d8338b67b9f015aff9343a9996676c872d2e2c16f18ba5d751b116e03fd596529a7e87b807aab64e9c92f5ef0ec0f7e3e1c74775b3f877,CLEAR,DAYLIGHT,DRY,FOLLOWING TOO CLOSELY,2.0,37.5,2.0,2.0
11d0bccda0ec3f3d0cc68bfd76cc508b972c5835755735958eb550c6740c7bc4153d2bb629f6ab39166cf3bdff04d62eeec5aea5e2fb2740dc0333604c646c26,CLEAR,DAYLIGHT,DRY,EQUIPMENT - VEHICLE CONDITION,1.0,58.0,1.0,1.0
11d0e87423c08c665c34c41d19c6c58f5059a4b4b77b0b64bef25dbe57566f2251e94892ea88366b28c4c43b8a32deacbcde4c08f6d22e1b1a0cab1eb2514f73,CLEAR,"DARKNESS, LIGHTED ROAD",DRY,FAILING TO YIELD RIGHT-OF-WAY,2.0,43.0,2.0,2.0
11d139a9a22cfc8b45967e98970c814216abfa59fb96d6a5a17e535c0f6bc509d06319b1b501a6a83dbaae9af33bcd6359aa69f58df9551743d8a266c043bf57,CLEAR,DAYLIGHT,DRY,FOLLOWING TOO CLOSELY,2.0,38.0,2.0,2.0
11d148f70f6d664c5c1c84aaf283026fc86131d23561cd85f0ca8d35f5ada502dcaf0f6dab84cbb597d2b25d4ccd2680d203f882958f441be5f5864210d6f008,UNKNOWN,DAYLIGHT,UNKNOWN,IMPROPER BACKING,2.0,83.0,1.0,1.0
11d14c979d07dea3306a87f282c8ae1d8ce7057558a0f6fec84ae2a31955b6f91c8a87d67f1010c3606ea9e93ecc0503699c7a9c7fdb82d7f6be4bc32b59443f,CLEAR,DAYLIGHT,WET,IMPROPER TURNING/NO SIGNAL,2.0,42.0,2.0,2.0
11d14d07b8f6d65391cfc6c282f8324afb6e236faede60adec92032e3119228a0d03a7ec7168781b18afa1e5325e84b963927328322dce57e7c7e3ded6595324,OTHER,DAYLIGHT,WET,WEATHER,2.0,31.0,3.0,3.0
11d15b8d330a1eb136e090722e2666846a21ab5e8ef05f4cc7a924a031b024d297a6481870adbe4165357e1bd9d5e6b6af873cbf730b4ac447f0bb45c3faad80,CLEAR,"DARKNESS, LIGHTED ROAD",DRY,FAILING TO REDUCE SPEED TO AVOID CRASH,4.0,24.0,1.0,1.0
11d168d39a92c6f7815248588cba2b531e24f0109d2701c79d1844329e4797784bfbdce5378eba218f823381edfd9487aeb341fd2c224496840b809f55f76b16,FREEZING RAIN/DRIZZLE,"DARKNESS, LIGHTED ROAD",ICE,FAILING TO REDUCE SPEED TO AVOID CRASH,2.0,37.5,1.0,1.0
11d16946b69d7739ac63feb945aa8d40fae59d7eb6d5bac02408f4dfed91fddf2bd22009f4b6eeb45c3d0a64aed524b510f9a6512b68c7abe91dcb798a6b5ccd,CLEAR,"DARKNESS, LIGHTED ROAD",UNKNOWN,FAILING TO YIELD RIGHT-OF-WAY,2.0,33.0,8.0,8.0
11d171ed67417855916c1b1a195a7b5c9b9e11dcc99182a39efb283f86700b2653e9113c814b1b435e5a8f0c21f05fbc056d81eab5a9adbd209d059666d0f6c7,CLEAR,DAYLIGHT,DRY,FOLLOWING TOO CLOSELY,2.0,0.0,2.0,2.0
11d191c1c390ccb5b5eb32b26cd5187cc60bb5c5ed460171f4348d78068293cb10709dbb917b7d47b2f5637865c728d126ab8ea1a5db5b095cc9d3dee5c0ce5a,CLEAR,"DARKNESS, LIGHTED ROAD",DRY,DRIVING SKILLS/KNOWLEDGE/EXPERIENCE,2.0,33.5,4.0,4.0
11d1bf59bf519a6abb1ce8624071b183950ebc353453d94366229ab7d4df6bed2a38fe0ab668603969311a227de049e7686a98bd4fb26571b2887d791884f666,CLEAR,DAYLIGHT,DRY,"VISION OBSCURED (SIGNS, TREE LIMBS, BUILDINGS, ETC.)",2.0,44.0,1.0,1.0
11d1c9c87bbc25e09ec7d6782f2cc90ced0c4312a1447acd4ffe26afffbed928e2309362959632de7587f35e21b34198949699d66b816588faa8f116634d322e,RAIN,"DARKNESS, LIGHTED ROAD",WET,FAILING TO YIELD RIGHT-OF-WAY,1.0,36.5,2.0,2.0
11d1d17c2e1dc218a659eb4d32eb6294b06571cef5940b7029194243c27541cffbf85240c6fae6d1bb45e430bd95965dbde986a9ac10b65effda65c7f54af029,CLEAR,"DARKNESS, LIGHTED ROAD",DRY,IMPROPER LANE USAGE,3.0,37.5,1.0,1.0
11d1ff3a553cd6fb077bfab02e6ccd152a1fe2f1e24b0d4e558b491d8373fc9e48f04d74956570b48e7f589acb52cecd5c32fc0563829611ba31aeaf5756ca4b,CLEAR,DUSK,DRY,IMPROPER BACKING,2.0,43.0,2.0,2.0
11d22152f0f707a550e574b3f8f7ac2bf60a9e4ee6a22c58a354a5294ba5c39a9ecc61f0d257859ec17dc312176137a36cc9eac58527d04cd46cfef44c08c93a,CLEAR,DAYLIGHT,DRY,DRIVING SKILLS/KNOWLEDGE/EXPERIENCE,2.0,51.0,2.0,2.0
11d2aa9638af9ec64d5768cebcd3750dd4c9aaddb5da84553c507d4405416b521231938e71f8bdddc8ccc6eb60b134ad4ca10c4f386d8beb25324b617bc2cdc1,CLOUDY/OVERCAST,DAYLIGHT,DRY,FAILING TO YIELD RIGHT-OF-WAY,3.0,41.0,2.0,2.0
11d2de528ea06989d0d61a8368e7fa8ef9fb16a0bad802293f02849c8b1b559e7775ffe0ea21db631e117a9ca07ea55354b25924bc32efd294f20f859483371a,CLEAR,"DARKNESS, LIGHTED ROAD",DRY,FAILING TO YIELD RIGHT-OF-WAY,2.0,33.0,2.0,2.0
11d2e70ef4b68fb46c48f428442c4781245362c4ed418d376e1f5204743640d44257657639aff6084ecfd69d39e8dc217b9fc9d064193a8024913618bf2222e1,CLEAR,DAYLIGHT,DRY,DRIVING SKILLS/KNOWLEDGE/EXPERIENCE,2.0,37.5,1.0,1.0