crash_record_id,weather_condition,lighting_condition,roadway_surface_cond,prim_contributory_cause,total_vehicles,avg_driver_age,total_people,total_injured
11d3330d041be80bf6c373cdafd11da143c536925dd75f2db105387498292885f145110b1b337f979c24edcd7bca427138efbed20cfec55de135d3c6b88b74b2,CLEAR,DAYLIGHT,DRY,FAILING TO REDUCE SPEED TO AVOID CRASH,2.0,31.0,2.0,2.0
11d35ada11cf82bbd69a05c40aa9c0b29a179b8fdf88ea62d65f127bb0827485692de1db741ed2fd6b0db422dd9f14815b402d4a599ecb53f4e49d022b88c5eb,CLOUDY/OVERCAST,"DARKNESS, LIGHTED ROAD",DRY,DRIVING SKILLS/KNOWLEDGE/EXPERIENCE,2.0,47.0,2.0,2.0
11d36bb546ec87592b1c1762de17d9be94ac030d415a85c085c84bf4c64cd0ae314a20596064d6712944fbb216716698e6a917e20dd1c8f463831295d8d74e64,CLEAR,DAYLIGHT,DRY,FAILING TO YIELD RIGHT-OF-WAY,2.0,20.5,2.0,2.0
11d36f4521b3029ba3e487d3fa62411511b30f109d5ca4d558022077b8f2bf910ab22aa23d7cff9cc541d85d5ee88d1c7e578da3dd0e4452a0541fc8f1594e86,CLEAR,DAYLIGHT,DRY,IMPROPER BACKING,2.0,24.0,2.0,2.0
11d3873718e8efb87bf0ec16b8dc6ce7917bbf6cc5f1c73df0ad3f46ffe503b302ac16328b565e318b117f03337bff8f9478de405beebe33eb62902f5ded0534,CLEAR,DAYLIGHT,DRY,DRIVING SKILLS/KNOWLEDGE/EXPERIENCE,1.0,37.5,1.0,1.0
11d38bf316b63bb5b23a34ea1be06174f1e666ed2497a985340e4a6050e80d32d5897703ae5c83aafec386135b948f12bb0800480fac31924923071fb673a621,CLEAR,DAYLIGHT,DRY,FAILING TO YIELD RIGHT-OF-WAY,2.0,46.5,2.0,2.0
11d39c0a70fc031fea5acf190f7bc3a239f85500412790118747f996a052c3648508def11f6b95f88c0b04b45470361984faa9fd949354f3e8f636bdf753fb3c,CLEAR,DAYLIGHT,DRY,DISTRACTION - FROM INSIDE VEHICLE,2.0,36.0,1.0,1.0
11d3f184d8393bbb5dd50da767c32fe6a68820e180c540a43c54cf41c4f78ebd3efbb6bd7874a6a7b712a06141c8be85c29a2207ef77dbb2efb8e111726c8617,CLEAR,"DARKNESS, LIGHTED ROAD",DRY,"OPERATING VEHICLE IN ERRATIC, RECKLESS, CARELESS, NEGLIGENT OR AGGRESSIVE MANNER",1.0,25.5,2.0,2.0
11d3fc324804db97c4f66f25d0a27b7a4a5a27a4250da2d1740468ced1571f853ef5dc0cf660ebf3cda5ce26ba412b83eb62d9081cdadb635a8b37120bf5607b,CLEAR,"DARKNESS, LIGHTED ROAD",DRY,DRIVING ON WRONG SIDE/WRONG WAY,2.0,23.0,2.0,2.0
11d4063910986e2b13aca40e58492b5c27502011a79f4d8223bb4b0c8370243c1c0ecda388ad032442a3d72de92a15feeaa77840659a7521a16134db20d3fdab,CLEAR,DUSK,DRY,DRIVING SKILLS/KNOWLEDGE/EXPERIENCE,3.0,16.454545454545453,11.0,11.0
11d42d9986eb0c7e6753ea026ac8456a89de2d8963948a672174879377b552f8a3237787f8cd657cbefd5cda880367f83d42faa6b96608ffdcc317892317b754,CLEAR,DAYLIGHT,DRY,FAILING TO YIELD RIGHT-OF-WAY,2.0,37.0,2.0,2.0
11d44ec831e6f73465855039e447852590a276dad9a22cf62d17d49fbeb91f6ff7ccf6bbd5e7003639a5d6b4fd53dd4745f70ddfbf3f120b437e0df9b1e9eb77,CLEAR,DAYLIGHT,DRY,FAILING TO YIELD RIGHT-OF-WAY,2.0,36.5,2.0,2.0
11d47aace0c63220eb5a6c2d5b85f6700080f0fd59278b4cd2928adc1e57d47d7307d7e4bb7934d98320f0f4d5fa6e324a9805ae6c69b2f822dad0f54126e999,CLEAR,DAYLIGHT,OTHER,FOLLOWING TOO CLOSELY,3.0,34.0,4.0,4.0
11d48cec45e6bca0d32a81013c95de3645b31f873b7d318d96aa9182a512bc2144b298e838ef500a4ce0b73cb6747877006036ea7da6ef78bd4df80e9b300f2f,CLEAR,DAYLIGHT,DRY,IMPROPER OVERTAKING/PASSING,2.0,50.0,2.0,2.0
11d4a2dac4e4e0c751196bc5b5b5182d97c9186fab1e4f749637a130c1ccc25258ab0e4d90b1175ffea06da140e3f93b922fa1d1fcbe31b31c3890e5bb7ee868,CLEAR,DAYLIGHT,UNKNOWN,FAILING TO YIELD RIGHT-OF-WAY,2.0,37.0,2.0,2.0
11d5a650500c98b7e613637d4f9a04c74776d4658431bc9380b435b8c4235adca6b73bf174caf79a3237f6a9a981d1d3ffe4682429ce81844a2ec5e8c16323db,CLEAR,"DARKNESS, LIGHTED ROAD",DRY,FOLLOWING TOO CLOSELY,2.0,51.0,2.0,2.0
11d5a74203478a49e3a1fbd36c1cf2d2c1255e8df4335844770e6b17412b2d61cb63b58ef9f3e225e4757b145ea909155526054f9acc7db59bae54080e90a2e9,CLEAR,DAYLIGHT,DRY,FAILING TO YIELD RIGHT-OF-WAY,2.0,49.5,2.0,2.0
11d5b085ea1130dddcf2d9d7e15731d0461557e72d2ec8b338f73fca205e9090fd7893b847b859f0b07a7043cd403bbc88c48f006c0ada698493deb2a5d54e8d,CLEAR,DAYLIGHT,DRY,FOLLOWING TOO CLOSELY,2.0,42.333333333333336,3.0,3.0
11d5b40d7cd93653bcee67eed6ceb0db4b34422aabe78d532db4b6ab913a655d163f85c79bd2de5f0ea6bdf8ef12415409dc873b103c5e9a3f648d4ed702687c,CLOUDY/OVERCAST,DAYLIGHT,WET,TURNING RIGHT ON RED,2.0,59.0,2.0,2.0
11d5e541e6c01f694ba2dad0dc16a2c3d6461b923e0aad8302a3e2fc6111e4881fddc0203fb52cbd3ed00e2672afc53da46980cea85dedccdcf4944ac8f21786,CLEAR,DAWN,DRY,DISREGARDING TRAFFIC SIGNALS,2.0,25.5,2.0,2.0
11d5ee9c40c3ae2d1f881fb1355614ed066b39952924e7e8b5a22d07a6da2a60463b77d891354604b73ab88b665aba9ba3fca520d1b2a8e16073145668f1c494,CLOUDY/OVERCAST,"DARKNESS, LIGHTED ROAD",WET,DISTRACTION - FROM INSIDE VEHICLE,2.0,56.5,2.0,2.0
11d5fb707d13768634a98de617fda9678ebefa094f978958907fc206df69bbd74dcca4a3d5f517f721af14120edef7c9799f47730d7f0a67a6764527b4838905,CLEAR,"DARKNESS, LIGHTED ROAD",DRY,FAILING TO YIELD RIGHT-OF-WAY,2.0,46.0,2.0,2.0
11d60e4fb4775da7ab5faebb59ca49486a7e1d2bed61b0a3b580bc50a014808ec86a88e59e7d1d58b6fe7bd283fec6cfac08b9caa3f513454c1dd47ba028dc20,CLEAR,DAYLIGHT,DRY,DISREGARDING TRAFFIC SIGNALS,2.0,30.5,2.0,2.0
11d6364d22e0943a1676a4bccf8cc44722ae1fad331bfba1ffeb3523055e4f431986faea05a645a7e4e5acea34444681d241e419b7d0de32f81a823a81c3c6d3,CLEAR,DAYLIGHT,DRY,FAILING TO REDUCE SPEED TO AVOID CRASH,2.0,30.0,2.0,2.0
11d68d95e999efe11a00fb9ed8c6ec87b9ea8ad1ee47c3618b3c4bc97f1e9f059e6d391154568096332d89871ab35b562ffdbb97444a815e7fd472241429bcca,CLEAR,DAYLIGHT,DRY,IMPROPER OVERTAKING/PASSING,2.0,34.0,4.0,4.0
11d6a786123f84757a05b0fcf0e43d6b2707880425c3731909cd1173de61f84072e81d078a956b3ccd3349c9a89953a26999dbc7ad886a27593b86c523a9aa8e,CLEAR,DAYLIGHT,DRY,IMPROPER BACKING,2.0,64.0,2.0,2.0
11d6c1540b8f5d699c7424300d0e2a3cfc761fd67e9010a017e89a17fdfdb47c08d86057e18a1bcf94ab027564904bdf142635f4c870427d91498334978784a7,CLEAR,DAYLIGHT,DRY,FAILING TO YIELD RIGHT-OF-WAY,2.0,48.5,4.0,4.0
11d6cad622ea37b78dfa2650cbaf0519271d1b86d9885181584c5a7fc53b72e4dbe8c26e0a3f13090f5c59ad63a19c3713406082153de8810413284b4252c973,CLEAR,DAYLIGHT,DRY,DRIVING SKILLS/KNOWLEDGE/EXPERIENCE,2.0,41.5,2.0,2.0
11d76f76a66175bbe716e383fcb2b9a4a4483d1449e2bc4c30828a2012137e4cd269e6d01d8551e5c81189e349829904676bc27af91f105548eb4c0393788f7f,RAIN,"DARKNESS, LIGHTED ROAD",WET,IMPROPER OVERTAKING/PASSING,1.0,37.0,2.0,2.0
11d7948d5bc37c5da667464cfa284c54aa2c5c64ec762c6caa9bb8982a46488e9a7c0df6806302a614a04ed25c93581b209bccd61e78276845d6e11faa6ac4ac,CLEAR,"DARKNESS, LIGHTED ROAD",DRY,DRIVING ON WRONG SIDE/WRONG WAY,2.0,46.0,2.0,2.0
11d7965904ba825cb60fd506ccc764cc45f8e3d393698a9762aaf2cf7cb7b3a16dd5968677c6916f491f30056421a6dfcf2d46fd9b49cee7950affca2333f706,CLEAR,DAYLIGHT,DRY,FOLLOWING TOO CLOSELY,2.0,27.5,2.0,2.0
11d7d7d5a7acac4bf7b4ad8815abf1b4eb0269f26151dbb2617a1e8a794aa12036de61caa2425dca14fef8f6cbf5334f0859f1db68d8c187372998aa1d598aa3,CLEAR,DAYLIGHT,DRY,DISREGARDING STOP SIGN,2.0,31.0,2.0,2.0
11d802ad9dc574da4eccf24c51f88c8102dd29e5af9c646866e79da50b30e1aa028b67ea55ca18e63c1f3351446698a1394fed2c5a365d8d4e917a3a62b2964b,CLEAR,DAYLIGHT,DRY,FAILING TO YIELD RIGHT-OF-WAY,2.0,62.5,2.0,2.0
11d8166c556258925d3f81aa5978faeeedfa19a35cfc50f122475b093dfb72e2cda6e5a173d79f9d69eb1da5b4a49395810e2e150b8a4f3bb73337ccacc2ec25,CLEAR,"DARKNESS, LIGHTED ROAD",DRY,FOLLOWING TOO CLOSELY,2.0,33.8,6.0,6.0
11d860d79b16875e7fdeaa6347f6b9c088bd2c944cac489d542ae0f058a4e83113cf0e9137a597333cef5642819d982e270956b2fdb74b19a9bbcb1f941a6bb0,RAIN,DAYLIGHT,WET,IMPROPER LANE USAGE,2.0,71.0,2.0,2.0
11d86b4d6a2b6825a94a0008327395896a1248f87d691bf51844355e1299c1498ad09868a58d261606f07e219eec82c98c3fcba99a87e3a6054fb5ed6d0b2ee2,CLEAR,DAYLIGHT,DRY,FOLLOWING TOO CLOSELY,2.0,45.5,2.0,2.0
11d86df3deabe0135355daeea7e77eae6883e740032e5b3176d23794bc1d2453e9b84dd73b80a52af2d335687a929aa39455ed7adeae90e12080252091c61794,CLEAR,DAYLIGHT,DRY,FAILING TO YIELD RIGHT-OF-WAY,2.0,53.5,2.0,2.0
11d89789a5c58dcfa8c630764f5431be236f0bfbbdcc078cefde586c0e03d922ae4c0ee61f14dc58af14f566ca513fa053d7e594daaf2414c5ef2e510a3b1bf4,UNKNOWN,DAYLIGHT,UNKNOWN,IMPROPER OVERTAKING/PASSING,2.0,37.5,1.0,1.0
11d8d14709165bea24163f33ad108e7683cba43bece73184abdd100b74e80d3eef83d2acbecaf02dca9e78a8fc45076cde4f8ffc5b91efb368629d3f0b81980f,CLEAR,DAYLIGHT,DRY,IMPROPER BACKING,2.0,36.0,1.0,1.0
11d8e5b758cf348015b6ed6805c0dbdef527dfbf55a9bc7d764aac36ef9939cd25a8d27f5fa3c2d42f890680cec40a2f41abca0f7be58fa9de567cd2e19be6f4,CLEAR,DAYLIGHT,DRY,FOLLOWING TOO CLOSELY,2.0,30.666666666666668,3.0,3.0
11d8e5ff709beaccdedf00467f7241145103448a2a2e40b4c57f5175bad6b8b1df1d320abe15e6831e966207866ab4920ea51cfccb64b748a733d9c8848d60f2,CLEAR,DAYLIGHT,DRY,FOLLOWING TOO CLOSELY,4.0,19.833333333333332,6.0,6.0
11d8ec83401c34ae11dc012937b6a547efe1b226d0a6bc20c11ae906f4fb9c2b8cd0437c403607169c6a0e00e81d2186a4db997aa23d3dfa4115308674162432,RAIN,DAYLIGHT,WET,DRIVING SKILLS/KNOWLEDGE/EXPERIENCE,2.0,32.0,2.0,2.0
11d8f8000f89c409ec48005c2d6be85bf6ef46b92bf9dfd5ef4cf5198cec98ab3047de968cef8bb077642f6cf431f3565b5a7f2e65acb7fe9e1bedb9be870590,CLEAR,DAYLIGHT,DRY,DISTRACTION - FROM INSIDE VEHICLE,2.0,33.0,2.0,2.0
11d913bd47c8ac8db16d85c42a6cd256f13c0c32573d7fda8271690dea3cff8c9a8e5c73bdbbb0699e86f4f0471d3f3b66ba61ccbb28b37dd4bd40786589e905,CLEAR,DAYLIGHT,DRY,DRIVING SKILLS/KNOWLEDGE/EXPERIENCE,2.0,84.0,1.0,1.0
11d932f7ea2f5bd94c330b8b5c967abb68667b6e705347f89a014efa197b23df129c4b8b6fe950938bd2a039ccbb55576e7f9eb56947d88173ec456c8824ef81,CLEAR,DAYLIGHT,DRY,FOLLOWING TOO CLOSELY,2.0,69.0,2.0,2.0
11d938b818cbe07aefdad04bc7503673c487fd3f3e98c15b3ed1d4489ed2f09fea1bd98b5bf633282d76430945622b3a4dddaa1cd3125cd16d7987d007aeeb7c,CLEAR,DAYLIGHT,DRY,FOLLOWING TOO CLOSELY,2.0,53.5,2.0,2.0
11d9a8d5a098fb3c3e2faf97f673bdf9325fe054b0fb0ca0db83d126a06d88d6a8dd21a4b0d289d1e8ee1a97d997915d010cb1544020e064b160a8234878e45a,CLEAR,DUSK,DRY,FAILING TO YIELD RIGHT-OF-WAY,2.0,63.0,2.0,2.0
11d9d59d20a8dc0a5332982b9ae7ebcd4482aedba353744e6594dba645e4ba55ffff244e48a91ea994009690572df015dab9b1737ca6b7e7ccb50c295749d3a4,CLEAR,DAYLIGHT,DRY,IMPROPER OVERTAKING/PASSING,2.0,32.0,2.0,2.0
11da0eccefcee4ba831be5c447450ee03b279b8c327f804ba0f2dd57bdfb2b11abcfab4ac27ca3db85febe0c3b0298a4caca9cb149c849d234239653719bafd7,CLEAR,DAYLIGHT,DRY,IMPROPER LANE USAGE,2.0,47.333333333333336,3.0,3.0
11da0f6e02982106aa268b0f52d1ceb2d9934148760409f1e0e3c569a2aa0a856383b53bcd12870e47226115d94f38dc7e21ec9b5a4fb755989368b3b20460e8,CLEAR,DAYLIGHT,DRY,FOLLOWING TOO CLOSELY,2.0,53.0,2.0,2.0
11daa77ed7cb1a465f337d08e449816e19b18d572daed7968f447c43a5506eb9a3d86e6f792bfd6b596d40d9867e4aed3931c55e6512c432acb22ebc6ce53c7b,CLEAR,"DARKNESS, LIGHTED ROAD",DRY,FAILING TO YIELD RIGHT-OF-WAY,2.0,49.5,2.0,2.0
11db0f69a1f5f81b52be76ae9122dc5c2a9d28bbd57bb6841b6478e3e808992075ef2b4d85a556d34a7fa3b3b6feba0b0a6becc7008c6c1356274a90bba4d47f,CLEAR,DAYLIGHT,DRY,FOLLOWING TOO CLOSELY,2.0,40.5,2.0,2.0
11db2092af26eef7373fe9323c60582e3ae97f4638a1e982cebdc5bdc5a65a897821349f29642ba6b81b70a817d9a39f3c187d5860b2bf2f7789079f806dd479,CLEAR,DAYLIGHT,DRY,DRIVING SKILLS/KNOWLEDGE/EXPERIENCE,2.0,42.5,2.0,2.0
11db40bcab8f497a8b4e097b1cb3ca0ecb49a9ab86e26a4b15b1ac0e07c597f586077597f49db09a2464edd13264ebba8d3d82a4eff044ebc3d96e8f3d427dd0,CLEAR,DAYLIGHT,DRY,IMPROPER LANE USAGE,2.0,35.5,2.0,2.0
11db40ebc0aae67d56473a56c41e4cdac714813bd3a1025c8b3c3c15de14418c5bd61d919e368f7a52efe753a4b9f769072ccf9986cb94b1f72ee7a9d13e91fd,CLEAR,DAYLIGHT,DRY,IMPROPER OVERTAKING/PASSING,2.0,38.5,2.0,2.0
11db7615ba9334447d2b880ac745c4ddb25d9da6893d623920254c7307dea0f62fcd8a03c0190d1081686f12825699005a0891327ee7c337ad5cd74e894070d3,CLEAR,DAYLIGHT,DRY,DISREGARDING OTHER TRAFFIC SIGNS,2.0,46.5,2.0,2.0
11dbaeadd64b67e00c84437a831a245d47d19bd3476471f2c0d7dea0ce0fcf4d0e7ea7a94967788c0bae0964d3109297e989ee0be6fd34fdda49d216d2a2e466,CLEAR,DAYLIGHT,DRY,IMPROPER BACKING,2.0,56.0,2.0,2.0
11dbf1fbe158ded5c42d9b0101b2ba6a5a8d174142559a3bd6594a2b8ee8ce1cc98ef480c8ddd51700dd546a76440d4d548d66d41b51ab1925be8d39847e2eb7,CLEAR,DAYLIGHT,WET,IMPROPER LANE USAGE,2.0,44.0,1.0,1.0
11dbf3356c98e7ff1dc157bbd3a393aa4d6ab7ecd64d3bae6796ec68e87c4d67140fdc77d8c65b23ad091453bb64d5203ed7b1b8195edd92ca7e0ed4fcd52b64,CLEAR,"DARKNESS, LIGHTED ROAD",DRY,IMPROPER OVERTAKING/PASSING,3.0,38.0,1.0,1.0
11dc022810a2e35c146ba657aa9013b52cf7b181769615d900cd9d1b47579ac18bff65f217d1caa838417623d6ac454ed745fbc8823ad6e2748bcce32fab2ce7,CLEAR,"DARKNESS, LIGHTED ROAD",DRY,FAILING TO YIELD RIGHT-OF-WAY,2.0,35.0,5.0,5.0
11dc1fc9dd221c409f3fdcf4447cfffb9218fcf53e8c4e2749bed866e5ef960e0d3d598f7a72008af57ce744fedef47f3589537419e751cc2a6090f0f1a769e8,CLEAR,DAYLIGHT,DRY,IMPROPER TURNING/NO SIGNAL,2.0,33.5,3.0,3.0
11dc56f9db6d2be2566f9f049a4ea512de1da6f22aa21a5a8c2c95837884460de58b3c67f62ce7f8131918a6439a5c742332f5d568d7ea6a0ecc410faaf5884f,CLEAR,"DARKNESS, LIGHTED ROAD",DRY,FAILING TO YIELD RIGHT-OF-WAY,1.0,30.0,2.0,2.0
11dc5bc72bfe2684ea81a3694b717710b1ddb0a2b43cf79b7ab10e005e88ee13a46e248839a91ea2176c158bb3e54bf2f3c338e96f993205ab59fff456d776f9,CLEAR,DAYLIGHT,DRY,DISREGARDING OTHER TRAFFIC SIGNS,1.0,46.0,1.0,1.0
11dc65e2d9789ec01eadc00d3a32e7b119ac4881b4079c215088cb3f954637ec9ee7e273be1ba6292064c6cfd8a8509a5ce405ae759c4054a3b053d8fa1ed890,CLOUDY/OVERCAST,DAYLIGHT,DRY,IMPROPER TURNING/NO SIGNAL,2.0,37.333333333333336,3.0,3.0
11dcc819376a6eaaafb55bfb23e4a9c9717c7e11e1d0a8a287444bc44e3f30b49898f0456b0b6b9a7f28bd2a893079d785a9159172ee70c93c76b49cc5894ee4,RAIN,DARKNESS,WET,DISREGARDING TRAFFIC SIGNALS,2.0,46.5,2.0,2.0
11dcd20d33ce3527fe5d45406b2028ccd451516c462182e108ce2f9fed264977614dbf9f8a0f9185b7b3704a1468bcb39a233ef9661bab1228d6d75cf5397a6c,CLEAR,DAYLIGHT,DRY,FAILING TO REDUCE SPEED TO AVOID CRASH,3.0,26.5,4.0,4.0
11dcd8a3d2f2a340528e6415ba0ac4fce18d752dd0cf80b9f393e3d4f8f65643e5d4a96a960636ed450b9bc9366a5a537b1b905ab08a5c42c1f878150b42faad,CLEAR,DAYLIGHT,DRY,FAILING TO REDUCE SPEED TO AVOID CRASH,3.0,37.0,3.0,3.0
11dce3646ac7a1fb6954f458d910e74d069dbd8c6aa631e2ddc79a4d2197ab5ae957ba63df02008cc163f689d6ddebb24dd6e3eea36d962ed64b91c73e4a53f0,CLEAR,DAYLIGHT,DRY,FOLLOWING TOO CLOSELY,2.0,55.5,2.0,2.0
11dd018a55e6374597e04ce676ccd54905cd41e949c2e930ea9e085c2bc5944f7d2b63846e2e59530024081b00a1bad7ac0f5cd2ee271ddf3ab4de36851542fb,RAIN,DAYLIGHT,DRY,FOLLOWING TOO CLOSELY,2.0,63.0,2.0,2.0
11dd204f27ec5eb46b5bf8066700ab61de223636eda590f2419e5d2bd4a47b82c67ba9efe94d94e3f41ba7aa8f6fe8327d04f4d2f2d1b55967bcac4b5dc20513,CLEAR,DAYLIGHT,DRY,DRIVING SKILLS/KNOWLEDGE/EXPERIENCE,2.0,40.25,4.0,4.0
11dd38e3c6a428905b366f4eeed35e1991ba650a08ee2756ff614d53080ef28217be021dc6015e3b9d4d6ac11b666835e1dd6497b37611547f78cbee97c81339,CLEAR,"DARKNESS, LIGHTED ROAD",DRY,FAILING TO YIELD RIGHT-OF-WAY,3.0,28.0,3.0,3.0
11dd805703ad0c20ab1edd4ec07c6d61123ba7b146304c9a1815084e0b82ec8b8a31c2b8ed1b0433a2ec6969c9f44d5b0b76bb2356e2e3dae2fb808273560d0e,CLEAR,DAYLIGHT,DRY,FAILING TO YIELD RIGHT-OF-WAY,2.0,54.5,2.0,2.0
11dd9d586b96fa46bb71c4383f7eb15a2d4668191d9d54744655f742b55a9933c101742ef062a6458259e21b327292af671b1fed5b0cc0393c863cb00dd9c355,CLEAR,DARKNESS,DRY,"OPERATING VEHICLE IN ERRATIC, RECKLESS, CARELESS, NEGLIGENT OR AGGRESSIVE MANNER",1.0,37.5,4.0,4.0
11ddccb0a234bc5efc438712b330ed00573541028b6efc9f3d89e2f229c8373be3ff73611e709a7c7a8c825c2ff0a44fd64f9a80432c6c3ad5a0c237ef8fe46d,CLEAR,DAYLIGHT,DRY,IMPROPER OVERTAKING/PASSING,2.0,32.0,2.0,2.0
11ddf047d6102018eaa7ecfcde5f581698838ae1e62114a9ee665505bb5bf65151172addb7d6e88263a646a445e2b58f8492aec518e638c4c475f6a93c7e95d4,RAIN,"DARKNESS, LIGHTED ROAD",DRY,IMPROPER TURNING/NO SIGNAL,2.0,51.0,2.0,2.0
11ddf5c78272a0fb1877e30bb1faef80e8d3acf991eca9379d6c671e539a30b806542f891bca3d608ada024461a8c2442a83511755ce9636b473ed456fd5e86c,CLEAR,DAYLIGHT,DRY,DISREGARDING OTHER TRAFFIC SIGNS,2.0,31.0,2.0,2.0
11de1b7ea6de0abac8b488fd8110ea80192a82f75b8a3f82b1c29c45d7b0f819bc4e3d23950aaffc883c13920d6797127901fd96f6b8ed25f5498e8d90deb935,RAIN,DAYLIGHT,WET,DRIVING SKILLS/KNOWLEDGE/EXPERIENCE,2.0,31.0,2.0,2.0
11de2a0960e58e439794d6f42d17badc40c73c980142cb4c03ae73aab3a10a4dedfe1e6dc0cec0753c498780d6ccc8b7a8071850a0e1c70539f13646680bd72b,RAIN,DAYLIGHT,WET,FAILING TO YIELD RIGHT-OF-WAY,2.0,30.0,2.0,2.0
11de2c21a8f284ed55443154d7548fb8f252e7b858ca8982305a77c72813d075e582a867bca2f299fbf6351602129018655b143ee15e76a382125ab3c69551f9,CLEAR,DAYLIGHT,DRY,FAILING TO REDUCE SPEED TO AVOID CRASH,2.0,30.5,2.0,2.0
11de4763e867b37f71d08d0c784ca058049d99b517ae2bcd6651c21d89209c514594db23d458c0942483efceb57cb88c805ea0d75f00280b9bc6ac0dac77a12d,CLEAR,DAYLIGHT,DRY,IMPROPER TURNING/NO SIGNAL,1.0,26.0,1.0,1.0
11ded7be6654f29159670a5af9b027963fcfa2c5248fe783d460b5db1a0475df0d97271adbb5bacc68dc6355aa7a831f4182fade2220418271b99f3cbb47fa84,CLEAR,DAYLIGHT,DRY,FAILING TO YIELD RIGHT-OF-WAY,2.0,70.0,3.0,3.0
11def74d84fe867ad3b53324bffad387e64ea600ecd36345f5caf870a4048d7005f5568c02ad1424f77993eb3fdaa6befdd179b8a2ee65e7f559db7ecd5dafba,CLEAR,DAYLIGHT,DRY,FOLLOWING TOO CLOSELY,2.0,30.0,2.0,2.0
11df1f2fd498d33a70359a75758e42e151820f06bb1c9316f87bfc83d9ec2adb8cb13acc1db233ccffe98cde512df1e9739905e6abe1a1b60e3c800a742146b9,RAIN,DAYLIGHT,WET,DISREGARDING OTHER TRAFFIC SIGNS,2.0,54.0,2.0,2.0
11df1f95cb556cf3743be5cc2742cc9d916ed697f6fcff0e4da6aadc636d84b49e4553047bcfe23a8d7db8e14bf2c453672eaeb3306d1d4906575873cb396d99,CLEAR,DAYLIGHT,DRY,FAILING TO YIELD RIGHT-OF-WAY,2.0,39.5,2.0,2.0
11df3cd5ebe84c2b9a4d765602af900e830bb5af43c9c652316c5544e481838cad9b6a764b5e720f85ae666dbdfac08dd574f8f8a87be76aeefc45582a5b6028,CLEAR,"DARKNESS, LIGHTED ROAD",DRY,FAILING TO YIELD RIGHT-OF-WAY,2.0,19.0,2.0,2.0
11df3e6a706956c75d14b8c0720be1b7613b5094c21a23cd6cadf49c886b9c6d5a0a8098d507a5d50b0b3f1e06faa7fa35612dea2c98a48327738431674671bc,RAIN,DAYLIGHT,WET,FAILING TO YIELD RIGHT-OF-WAY,2.0,25.0,2.0,2.0
11df42d09c7a2712d4e93349ffaf0c902d939de590fdd97a700062a1783ae2802c1639adfb55d9f58acc1d19fd0c59176e042138681e639cb0e4b8c044ff52a5,CLEAR,DAYLIGHT,DRY,FAILING TO YIELD RIGHT-OF-WAY,2.0,37.5,2.0,2.0
11df468a996a5366c63ccde678693709790e764ddfbcf42cf5d96e27d1e5d7c1e648c9e3df2d2516536a6fdd31e305444311f479256397ddcfeadc63a7cc05db,CLEAR,DAYLIGHT,DRY,DISREGARDING TRAFFIC SIGNALS,1.0,27.0,2.0,2.0
11df623db9baa380c069b83308c3e724e3d4bb05a1c5871a253b6261fed6bf48a22ca329209af98363a254935affeef919ffdfc6b256ebd9e3f1247d01416350,CLEAR,DAYLIGHT,DRY,IMPROPER LANE USAGE,3.0,40.0,5.0,5.0
11df6d82481021f0dbf9ace92cc5dbec6e3dc3c9772bf8ae24ca0b05268bbc1292679c492a228f1da7c2dbf7bcaaafc46cf67e4e286d4fd464aa0399388777cf,SNOW,DAYLIGHT,SNOW OR SLUSH,"VISION OBSCURED (SIGNS, TREE LIMBS, BUILDINGS, ETC.)",1.0,53.0,1.0,1.0
11dfa32fb5fe43fa9f2ac2806ceb0c52f4d6de9a3c2f7df3afa5ec1d3f87adac2c418d619c447033b2aa939e7738891cb20f9682d6bcb049d6ae78bc69e0ebca,RAIN,DAYLIGHT,WET,IMPROPER OVERTAKING/PASSING,2.0,52.0,2.0,2.0
11dfe677333a17401b8f9fae25130fec78e7b6e15b86db686079dc2ee2f6b486797ebd3f4369a99c3f2f668948a67fbd496f3d321ed6fdf510771e8487a5733c,CLEAR,DAYLIGHT,DRY,FAILING TO YIELD RIGHT-OF-WAY,2.0,24.0,4.0,4.0
11dff23360fa37420c3751242010a5b8a676f14c643b97daf2b441523fe8b3bfcbe2b6c951bca40a3c0ac7842cde252a56042799d0acd66814ec643e0b4c196d,CLEAR,DAYLIGHT,DRY,DISREGARDING TRAFFIC SIGNALS,3.0,34.5,4.0,4.0
11e036cc10fcc1006a4343d18a249e81221cfc2501f35d547437a6c760965d7e23dcb21541ea734bb8fe44526a7a533386a03f208abdb14bbb0e5cb299de16ae,CLEAR,DAYLIGHT,DRY,FAILING TO REDUCE SPEED TO AVOID CRASH,2.0,37.5,1.0,1.0
11e0e8f17ee6ce178a584067b551587c2688f8142cd699fce659e16c2a9b4cf2777e22742dec92924e57197c0d849b9bf7fd360fd6794f821eac681663b97afb,CLEAR,DAYLIGHT,DRY,FAILING TO YIELD RIGHT-OF-WAY,2.0,54.5,2.0,2.0
11e12f04ffd6a8c562343b46ac26cb8eaf5227f655b6b15c4781a3cfe29ced01881803566334021bf75f40aada1983216db77c3fa24541a6d6ecd635ddda90e2,CLEAR,DAYLIGHT,DRY,FOLLOWING TOO CLOSELY,2.0,38.0,2.0,2.0
11e13f2001880a99ebb98328a60f44945f5ee001f31740e9c08e5c25edd59c66b8da5fb22de15e426a0849a1d7db898dd6734a3f4d4f30145ba74ae8b4bec3e7,RAIN,"DARKNESS, LIGHTED ROAD",WET,FAILING TO YIELD RIGHT-OF-WAY,2.0,41.0,4.0,4.0