crash_record_id,weather_condition,lighting_condition,roadway_surface_cond,prim_contributory_cause,total_vehicles,avg_driver_age,total_people,total_injured
11e17fa0b32c6a3cfe07badf69f4245695d0d60de16925502d806f56ee8c82f6c95c4c08daec13200dc7e02958a5fdd38c62122050cdb814439ef698d5ae5574,CLEAR,"DARKNESS, LIGHTED ROAD",DRY,IMPROPER BACKING,2.0,46.0,2.0,2.0
11e186628ca86517a725e5047ee878a0dc6ba183d49f906315fcc5b5bc7afde92188eb106d978353178bd117803e3c3dcaa999cd420f8b205867018a26e8ceba,SNOW,UNKNOWN,SNOW OR SLUSH,FAILING TO REDUCE SPEED TO AVOID CRASH,3.0,37.5,1.0,1.0
11e19ab64d6e97c2a963a11f129cd92be57932e2f85455cc9eab1b15c8df4060744e1a376c633b7dd955bcde15c24ba726403103bcc55a696f101888b3358256,CLEAR,DAYLIGHT,DRY,FOLLOWING TOO CLOSELY,2.0,41.0,6.0,6.0
11e19c43fc9282315f6b98a554423cadd24e6055d1e67e6d34fc0e15fe889c832cecad6efef2f41fd0eb974b82d61f62ff88c34371e8d3f4be575b0e994704b7,CLEAR,DAYLIGHT,DRY,FAILING TO YIELD RIGHT-OF-WAY,2.0,39.5,3.0,3.0
11e19e57c51df8c1629654d532b070d2e85010a7a37b70e2d82339bb1d6b8c7ffeb65080b8e0f1f9ac391d17ed5712d6dd3eab00c088cb629d9e53e08acd990c,CLEAR,DAYLIGHT,DRY,FAILING TO YIELD RIGHT-OF-WAY,2.0,22.0,2.0,2.0
11e1c96170525abef95c998830edd5d037b6c3973a035ead7e5f21140da416c68cb0d37d18b94f9ea898a0fb77a892ee7174e5363e28cc5e5a5b97d1f9b9916d,CLEAR,DUSK,DRY,IMPROPER TURNING/NO SIGNAL,2.0,51.0,4.0,4.0
11e1e284b8a9536da517c3eb69ba2c9bdff61785de41a97b216a1d08eaaa03503a8fc63e87e1c1400d912005866cca534ca0b98c92adc5c3cc2d5b06b731a102,CLEAR,DAYLIGHT,DRY,FOLLOWING TOO CLOSELY,2.0,40.0,3.0,3.0
11e1e8afe84a2c4b32461363a08ee090187bea5249a1389b5f78d5210e5fa4f4f5643e7ff9fad8c2cd6599da547d5a5a7a7bbc565845dd393dd22cbaf3e0e8d2,CLEAR,DAYLIGHT,DRY,FOLLOWING TOO CLOSELY,3.0,48.0,3.0,3.0
11e20186ba7bab9d402e75681aa6065e7d90528f8b4adc8722af2d7d5e8ec5e0b6abd0f965d8e9cb6bbee8c881007357b9ca802a20fa14f2d04cb77e577333ae,CLEAR,DAYLIGHT,DRY,FAILING TO YIELD RIGHT-OF-WAY,2.0,37.5,2.0,2.0
11e21942771779b9acbe34d66ff03061fa249144dc1a1b88eb5d3e247e663455560b6e04ed78cf157fb01e1127b105fdb7896ebd46189b8eb4fbd9a7a32b3a4a,RAIN,DAYLIGHT,WET,IMPROPER TURNING/NO SIGNAL,2.0,46.5,2.0,2.0
11e2399fefb2bbcc9f1cbfe613c3c708a7821286a7605f175631cfbad9f8b4ab354c786a17b1e21d45bf128235d60981085d2c545814bf15d908a34f16bab35f,CLEAR,DAYLIGHT,DRY,IMPROPER BACKING,2.0,55.0,2.0,2.0
11e2540a6741e1c8089cdf34dde907d5b3c71962f8734f3eec18021a4cabd58ebd1ace56d9c52eb3d3f498fa8cec655dd9ee47aa79e5cc5d90d73e2c8e23eeca,CLEAR,DAYLIGHT,DRY,IMPROPER TURNING/NO SIGNAL,2.0,51.5,2.0,2.0
11e288f4eaf8ea4890833a078600d2d2a657086685170e3de45a51b3c8e3a18c117987f8da4f4bfa5e2b9ef196d5bacf2528824e48b2d7d90924f1b47575ad61,CLEAR,DAYLIGHT,UNKNOWN,IMPROPER TURNING/NO SIGNAL,2.0,37.5,1.0,1.0
11e2ac020a0cc0edffd02871b0de0c12117e879948f4b93b0bb997e8465291af21d583e5fe7da24e073cc034143a3095606f66f709c8a7d2197aae9457c042bf,CLEAR,"DARKNESS, LIGHTED ROAD",DRY,FAILING TO YIELD RIGHT-OF-WAY,2.0,32.0,2.0,2.0
11e2b3b119e5dd006b40e078e7a658af128afd6ad838ebdb26b6ba17653875d95d7088ef7e77265b2268e40aaf3c437cf18ab84ce45fc99d64a760b224da2cc2,CLEAR,DARKNESS,UNKNOWN,IMPROPER BACKING,2.0,37.5,1.0,1.0
11e2bffd7b3b1453ba93c5cff4d91ead830f8e39701dbb76e87a59bb04be0b5465c1e8c88509661da69ac9744099c1bbf7f90d5c82c44f442c643cacfcbb41ce,RAIN,"DARKNESS, LIGHTED ROAD",WET,DISREGARDING STOP SIGN,3.0,37.5,1.0,0.0
11e30c2a1452fd4584cd5170262bf633394cc2b2311118060a00236378269e8f52d32f51acc3e654e79a05863527bca5cd6f8cbd2d9def4f851a69c0fbd93793,CLEAR,DAWN,DRY,DRIVING ON WRONG SIDE/WRONG WAY,2.0,35.5,2.0,2.0
11e320f6ad51863b67b8afe642256548ff76b2c904591987f3666a853e193b2d48a5cb45b5850337866027877cf45e20b48fb98ddc3a837bf54407f9577ac81d,CLEAR,DAYLIGHT,DRY,FAILING TO YIELD RIGHT-OF-WAY,2.0,21.0,2.0,2.0
11e333a0596f2a00d8a7de5a13012c10339e357d30c0cb0244866918efe959b45282667a95c1f48f821a4575e42a4095ae0a6f7d3fd9ff36ac3b4b6b83ccf131,CLEAR,"DARKNESS, LIGHTED ROAD",DRY,FAILING TO YIELD RIGHT-OF-WAY,2.0,50.0,4.0,4.0
11e361804fbf1dba9720774be9d90c15e9df6e59ea59a10f65792120b9494d24e2ed6221e62003eb45a1f6115462e70ff520bbecfa703fb7af022defedecc9a7,CLEAR,DAYLIGHT,DRY,FAILING TO YIELD RIGHT-OF-WAY,2.0,47.5,2.0,2.0
11e37311156c82a6b2c226227158256227fae89311e3960fadd74bfcb1515f27d58c73268aad4b7c1403160a6a55afebf8eeef09be141d251d8395684c7b266e,CLEAR,DAYLIGHT,DRY,FOLLOWING TOO CLOSELY,2.0,25.0,2.0,2.0
11e3787f821c6f1a56fec7442378ba18966c36cf611ea507db6f46acf4f74d50f4b85311fbd785459b970df18c20b5526a753b4ae825a9c7a7bd43c916ea2165,CLEAR,DAYLIGHT,DRY,IMPROPER OVERTAKING/PASSING,2.0,52.5,2.0,2.0
11e392d1c20fb9b23055ebbc41d398be1f646201ac42bb861f905f50482bb5f2e60fa65c7e7cd2ec41a6d6136a58ab0b4456462147908ae2a5a1e60b689aec2b,CLEAR,DAYLIGHT,DRY,FAILING TO REDUCE SPEED TO AVOID CRASH,2.0,50.666666666666664,3.0,3.0
11e3ad5a767b5edc7665c88c6a0875fb530aa5bd2c8d19b106d8fb9db75a1782b456d2b147a443638dc0210456cd050c705f93108350eba8f0483c4a586425b5,CLEAR,DAYLIGHT,DRY,IMPROPER OVERTAKING/PASSING,1.0,32.0,2.0,2.0
11e3d3ecc30b540e6a547351d15421453a3d16b0d53abf639c32ed7efe3131633b8819f914cd434cf314c544f85f34da40683c84780edc8955a5a7c1500289ab,RAIN,DAYLIGHT,WET,FAILING TO YIELD RIGHT-OF-WAY,2.0,35.0,2.0,2.0
11e3f02675228353aac742230cf64af6a9d7bd7b0fa88e95c0ad9fccb07bb09e0261abd45a3397148dc49bc4bcc4237b2b8b8d03965b7d5a25545f1ac3a36549,CLEAR,DUSK,DRY,FAILING TO YIELD RIGHT-OF-WAY,2.0,15.0,2.0,2.0
11e428deda6fd3a37abb8f4625db5299d541b4ef9889136f7e139c03c366a3e81574f5fdf28841830332dd171a9e1b63f46ea99a6bb3831904e385ee0860c728,RAIN,DAYLIGHT,WET,FOLLOWING TOO CLOSELY,2.0,26.0,2.0,2.0
11e45e5403ec5ad80608dc2610f1313f410be56f1124a3cc7176f804c495d4dd170a00b2120f7fa6b1486ceb07bf0ebe7022b2808df652d8d8a72d672496f7ee,RAIN,DAYLIGHT,WET,IMPROPER OVERTAKING/PASSING,2.0,44.0,2.0,2.0
11e46a89940094e2f7cf54c1d6bb964c865d9d807407bffc28eeaba8a0611459ab34be532667a3406b411e1cf19289ff7dadc532ef3fb84ef5a6ef5125619f7f,CLEAR,"DARKNESS, LIGHTED ROAD",WET,IMPROPER OVERTAKING/PASSING,2.0,39.0,2.0,2.0
11e477144020a4af8fcb7d3bac148318963e0e247925d75c6b2d5e124c36a19a25cd2c7a755fac82b281078e7af2d0fa9a59ec6d462d58c3a39584e46bda1231,RAIN,DAYLIGHT,WET,PASSING STOPPED SCHOOL BUS,2.0,46.0,2.0,2.0
11e4782b17b9e7f16e6030a20dacf5ab491b794fdb28ca48ca73c360bd57e807c9801c868f02f3b3717dbacc60b2b6393e50edea83694d8824cd94ca85aae723,CLEAR,DAYLIGHT,DRY,"OPERATING VEHICLE IN ERRATIC, RECKLESS, CARELESS, NEGLIGENT OR AGGRESSIVE MANNER",2.0,37.0,2.0,2.0
11e47d77ec3c0956edada885926409dbc6d03cb760d207e5ee35c8c8fb0c3b58a1479308213195bedfc58a71ce51b7ae3b7e4281c33fe92ce2a079273d090563,CLEAR,DAYLIGHT,DRY,DRIVING SKILLS/KNOWLEDGE/EXPERIENCE,2.0,57.0,2.0,2.0
11e493fcdcf326c96ff9c44660297e18b21f4321981ed9a8fa0051e0d826167893b6017dc2b2772a97efa7bf41578592e5b680a5becd340867f0b8f3a0a2df93,CLEAR,DAYLIGHT,DRY,FAILING TO YIELD RIGHT-OF-WAY,2.0,56.0,2.0,2.0
11e4a463e1e93af853896c3c3a019600cd334eb9dea9f728350b98e5b559014ccc9b36e99f1926423d77ef204f008ac2cee0aabaa35de989cb946c6d2e20fee3,CLEAR,DAYLIGHT,DRY,FOLLOWING TOO CLOSELY,4.0,45.0,6.0,6.0
11e50ab8f9419944f914eb8232f50293b703237fe763f92ccb5f0a86bba6a127f3c2581c279773d9a40b343d14626cbfb465b3ba04d9aeb69bdf92dab231831d,CLEAR,DAYLIGHT,DRY,IMPROPER LANE USAGE,3.0,24.666666666666668,3.0,3.0
11e515d724683dd97dd84c17b38ba2490c4dc8926c841c4510918a36584581e7b92e75685a8cdea3aef2c08d39fc7ccd31cbfe033eecc3039e349847169e28b9,CLEAR,DAWN,WET,FOLLOWING TOO CLOSELY,2.0,41.5,3.0,3.0
11e55975ab4df726dd4e9bea13c445889efc94d960059e5f8ce8a7bd6ead5ef00c9b2775c1031e2f6c621f848b99a58f4f63beff0a253f4e7169605fb3b056c6,RAIN,DAYLIGHT,WET,FOLLOWING TOO CLOSELY,2.0,48.0,3.0,3.0
11e56534216099471b4d78ec19f1989e7e1da3e5bf0d31291b763ce749336d19bbf1d9c2fd4b740f77964805caa956ce0818fdb64dff590db30e8e0e5d8caab0,CLEAR,DAYLIGHT,DRY,FOLLOWING TOO CLOSELY,4.0,24.8,6.0,6.0
11e5724a3dce5fe06a1d714d21adf6809359fe4268123b10dfc15f77d643a4d28307c0afb4cd3eb6e8fe442a1a7e8df6a5df1a3336dd39571773f6cff59246bc,CLEAR,"DARKNESS, LIGHTED ROAD",DRY,IMPROPER OVERTAKING/PASSING,2.0,33.0,5.0,5.0
11e5bd91538e9f4c1d97e37e5d9d8abb8b9852a8d4db2e35ef76d3151f8659ff043576e3d82c2e49ca676aaf642a6abc38a21a4a97b619c1ce9fe61bfe78956d,CLEAR,"DARKNESS, LIGHTED ROAD",DRY,FAILING TO REDUCE SPEED TO AVOID CRASH,2.0,23.166666666666668,6.0,6.0
11e5c0e12af7b0dd94d31d923a42b3a9f486b4643d086244e1942ad51924731989706b56e55555d2dbbb3ec7ff5b7c7ac8e4c745f145398f3002e830684f3ec7,CLEAR,DAYLIGHT,DRY,DRIVING SKILLS/KNOWLEDGE/EXPERIENCE,2.0,35.0,1.0,1.0
11e5d050a2edb1d091a4b15a7f39f4a82ff0cc32e6be8645d2217bf9ef10e5e58adfd9cbf6686d49733158530b5563589245392084c2388eec39d050d35e577a,RAIN,"DARKNESS, LIGHTED ROAD",WET,FAILING TO YIELD RIGHT-OF-WAY,2.0,55.0,2.0,2.0
11e63915fc3736246dc19dd7093fbc178ff3e31e7f3ab31440ce7f2b796eaf8bd1415d97562e98275d8890fd7619301684bff18d28b79fac7a5383c5bacd4115,CLEAR,DAWN,DRY,FOLLOWING TOO CLOSELY,2.0,37.5,1.0,1.0
11e64fcf448bbd6b1eed5127768c26654ea275ef6afa49d8069e6881237324dc3795d2f86fa35c03a41a752448f48a49b72d9fdedd527f9954edf075bf072962,CLEAR,DAYLIGHT,DRY,IMPROPER BACKING,2.0,54.0,1.0,1.0
11e6565ec96f5a5dedd2cd37868f5bad4dfa9b23ce8feb86ff8f5bc40ff3cd2850efaf6847b986ec56211f61c865f200e154e88f36d32393a081618f0c988d67,CLEAR,"DARKNESS, LIGHTED ROAD",DRY,IMPROPER TURNING/NO SIGNAL,2.0,27.5,5.0,5.0
11e6701fdfb7b5587af4142f8f940c5a433bafa5d40f1cb5f710f98b1f23df85abcd130d9acf9ff4d1142495d1ce401251496551a12856a2deb321f74ac246e9,CLEAR,"DARKNESS, LIGHTED ROAD",UNKNOWN,FAILING TO YIELD RIGHT-OF-WAY,2.0,41.0,2.0,2.0
11e67bdcce88bb90fc72fcb6b0f0a37c069bdb6df4aab2fb2a29d33f84a2bd70f0633d6d964cfaeee84a9b1eaa1476c3c2d0b7981bcb8aecc89b18f48d4fce3b,SNOW,"DARKNESS, LIGHTED ROAD",WET,DISREGARDING TRAFFIC SIGNALS,2.0,33.0,2.0,2.0
11e689d9b6625f5730f583fcc42773bd1371832ae1e305caa3a0fd82ae16a561b90d2124ce7fa36f23a78a256b1c284a4c5a10b8d73649aad41f1c907ea62611,CLEAR,"DARKNESS, LIGHTED ROAD",DRY,FOLLOWING TOO CLOSELY,2.0,31.0,2.0,2.0
11e6916d06bb1d5daf9f7c58bc0e01c37a08d30563054898e84309d34986e061cbeeef2a5553dc86314df443c9095cda2c40fa52b0e86b531faa30b8b0aeb1fb,CLEAR,DAYLIGHT,DRY,FAILING TO YIELD RIGHT-OF-WAY,2.0,46.5,4.0,4.0
11e6aea6c7a79a61b2f394c7674df1e97ea1ea920a2e0c9af4aeb0f8c5f23f6a3e753cdb3e34f79cc6dfa731f2c8872b48680127d8073023eb1155fe71172030,SNOW,"DARKNESS, LIGHTED ROAD",SNOW OR SLUSH,WEATHER,2.0,42.0,2.0,2.0
11e6be37654b83949a0b0ee775ddf4b927cf9248ceb2af8039b900271fb38931d1506c10178fb6924adcbfed257fab20cdbec7a69f06318b7c311504ed91ff9c,SNOW,"DARKNESS, LIGHTED ROAD",SNOW OR SLUSH,FAILING TO YIELD RIGHT-OF-WAY,2.0,57.0,2.0,2.0
11e6c9f1a990b6bd3b0321c2f852246836cdb8f7ed30b6c40f434881e36ff51a4706ef770bd8444b0db9e650654a82e1c0832724f3b5e786beddc8c51d8aa3de,CLEAR,"DARKNESS, LIGHTED ROAD",DRY,DRIVING SKILLS/KNOWLEDGE/EXPERIENCE,2.0,46.5,2.0,2.0
11e6d587331a0027e2c5b1effe2f8fb1ac0239d9f8f56884fe8f07b4d2576b32737e4e76b0fdcf38e40d0ba72644b45f26d16314bc2ef435cc717d68391a90b5,CLEAR,DAYLIGHT,DRY,IMPROPER LANE USAGE,2.0,59.5,3.0,3.0
11e6e57cc31ff8d3314d20218ad139ec136988c9a4b587732c2da6e9362aee8da235ff356036696a56388998c634f34ea594f94ea18502484ed50b64ddabd82f,CLEAR,DAYLIGHT,DRY,IMPROPER TURNING/NO SIGNAL,2.0,54.0,2.0,2.0
11e719dc1bd75bf09a2d3f0632496e132482057f8a13a3c91f2f8aa6b3d4e34a2456f7a4a07cfe2b8a93bea53e282a1e8670096c0197a406cca876bfbf1d99d3,CLEAR,DARKNESS,DRY,FOLLOWING TOO CLOSELY,2.0,31.5,2.0,2.0
11e74a60418da5c771d7247e8a411401d5cefe45d27db3794ee8780581bc76942805e020d5c865254b92db7d38b73669796cf6a5d7b5c587e47cc7d14910b976,CLEAR,DAYLIGHT,DRY,FOLLOWING TOO CLOSELY,2.0,30.666666666666668,3.0,3.0
11e79d70e33554b77f3649869ef07390340ba205c28cbf597475e1c5c785cc506853211fee731d093145318ea784d5971b829bddde78ad225a3238895da5abff,CLEAR,DAYLIGHT,WET,FOLLOWING TOO CLOSELY,2.0,19.0,2.0,2.0
11e7c5d3c1828cc4aac7b4d851d113050dfdfaa36572e99b2e49e4249d28dd91d0a8f9a363974d3c61c4dd5f324011ae3587154a125d9cd683b25efe6faabf90,RAIN,DAYLIGHT,WET,IMPROPER BACKING,2.0,40.0,1.0,1.0
11e7e9d45ad9a1d53bc99040b2c14e9951beab60b4edbfad7afa27e84eb591a417788ccbc36c8a62c69f9f94b1da532033c6ff559c7e1090e2080e6281365156,CLEAR,"DARKNESS, LIGHTED ROAD",SNOW OR SLUSH,FAILING TO YIELD RIGHT-OF-WAY,2.0,28.0,2.0,2.0
11e7fa1a8e3a339c52dc971db772904b6867234208ca34b35e06ae31bc509cc8e7bfc076b405a1827c847f681268cf533401b2d3ea1161acfe220924ed4be8c0,CLEAR,DAYLIGHT,DRY,IMPROPER LANE USAGE,2.0,37.5,2.0,2.0
11e814e863956509713162247159ca6f63058311289f56719dbfb51a18192b70da3341d37151c3468371c6698a3ab00489228d6d52d1c8857f8a030d4367459c,CLEAR,DAYLIGHT,DRY,IMPROPER LANE USAGE,2.0,41.5,2.0,2.0
11e8215b25f7090acec054af5eb737b39328a5b80bb2045a3437400ed489be28dd61df8d5e4234f899e004d63ad1b47dc034ced9962100587c979e6ccce3d248,CLEAR,"DARKNESS, LIGHTED ROAD",DRY,FAILING TO REDUCE SPEED TO AVOID CRASH,2.0,25.0,3.0,3.0
11e8291272068fef277c0de56bf87eee7733cb32787c1ac4ac97e20e8c76ca9d07f68fa654fa29859c232b00cbc3c2e5f89ab859b10260c3a7b8969a5da96d5f,CLEAR,DAYLIGHT,DRY,FOLLOWING TOO CLOSELY,2.0,31.833333333333332,6.0,6.0
11e82f8e55040197c066db1c46c98ec370f785cc45bfa73fda3e2fe047a6beb31660b7d86fa5ff9a1f524a90d726963c377f093ec57573690f9dd81b069e8ea7,UNKNOWN,UNKNOWN,UNKNOWN,IMPROPER BACKING,2.0,56.0,3.0,3.0
11e84db04fb13c12dccc9a738911306b809e415ba9bf7f640019311271f7156bbf8feff7c965d9b44662044ac9c6380a4189d7276bdf83c4305383001e31406a,RAIN,DAYLIGHT,WET,FAILING TO YIELD RIGHT-OF-WAY,2.0,36.0,2.0,2.0
11e851d2ff128ca6e4d750906cef736e188230d9b2466a0023be3018a1fea7556822692ad0329b58b2cb5aab9c038a82adec959d5b4d195a1562c8174abd10b6,CLEAR,DAYLIGHT,DRY,FAILING TO REDUCE SPEED TO AVOID CRASH,2.0,37.5,1.0,1.0
11e853a841dc89965e8efe058e285c87a74559e14dfc597c1ca397953b7df221fa95c7411833bc8412a63417ea897b4d1cd59afc1d673a1b28b827191113476f,CLEAR,DAYLIGHT,DRY,"VISION OBSCURED (SIGNS, TREE LIMBS, BUILDINGS, ETC.)",2.0,60.0,1.0,1.0
11e854927515151758895f788257fda52dea6b3b450f80653827b18863e82e69aa75c7f67f60ffe1c0f9579fa5fea2a3e285824f4b5ff41b15edce0470042698,CLEAR,DAYLIGHT,DRY,FAILING TO YIELD RIGHT-OF-WAY,3.0,33.0,3.0,3.0
11e896bf37bcd404564e74f06cd5c8aa20913ef82660f31152a608528e359a6273afb0760984f426f699aae8f59e7cad1b3a1ae2955b7ab5d321b8c09e194179,CLEAR,DARKNESS,DRY,IMPROPER OVERTAKING/PASSING,2.0,37.5,4.0,4.0
11e8a078d0a7dad977404772c2773d6d0bd505c64fb1db6730b5fc7b92a4b30d00c52780ef3c9d7dcd8c3a698f8789c35da8c84135df6495639f343acb32a92b,CLEAR,DAYLIGHT,DRY,FAILING TO YIELD RIGHT-OF-WAY,2.0,33.0,2.0,2.0
11e8a9a4635fe156d567aea5ba00f2ddaacaf1af4539e16b7254cc739d0d480bb68e11084f282c4ae232f59445f788b03130a290cd76d0395a24c6a960156010,CLEAR,DAYLIGHT,DRY,IMPROPER LANE USAGE,2.0,44.5,2.0,2.0
11e8e9d1c54ee5f5d43bec225d0aa935dd6dd55ae8b9ab7e371dde003906b72ea3b3c372ec97daaeea290e1acd110fca8479d56b92e0b799a72edefc7dc1cf5c,CLEAR,"DARKNESS, LIGHTED ROAD",DRY,DRIVING SKILLS/KNOWLEDGE/EXPERIENCE,2.0,37.5,1.0,1.0
11e8f1f0f8315e3e09bfd24746232c70792a388aaf06bd6fec9aaec8b13f0b6f0f84d76d161c339beb96bbdf8c22cdbee1fc13d9752358b61da200d9ea3cd05b,CLEAR,"DARKNESS, LIGHTED ROAD",DRY,DRIVING ON WRONG SIDE/WRONG WAY,3.0,38.0,5.0,5.0
11e9055a9ae6a59fdf87e44b64dfe1266446560ce414627fcf9174f4a8c28791c229fb5d1c8087f09ab9149809836da4eef74134c8dad759d7071f15b5f7c163,RAIN,DAYLIGHT,WET,WEATHER,2.0,47.5,2.0,2.0
11e90b80744ed4fc5be09bdeca2971b65ce3e42ba1aa241d9cf826daff1887de1fd32a52ace2b20df46a30b720f3c085a34d66917109963493e17531e9be88c5,CLEAR,"DARKNESS, LIGHTED ROAD",DRY,FAILING TO YIELD RIGHT-OF-WAY,2.0,51.0,2.0,2.0
11e935523596a150a28fff6d2935eeca8b1e9f8869ef1047e4886d7ea5e3216a5f72061863050f9270766174d684bb5560b701dc8fc5dd16e178ccc03949e4bb,CLEAR,DAYLIGHT,DRY,IMPROPER TURNING/NO SIGNAL,2.0,56.0,4.0,4.0
11e9878bbabfecb7eb3cbb3d2de920e37eac8e6a6511a2084531277079f6ace3284f22e021dde39edf2a0044a3bf8811baed7d64852ccadb7c76a0cd0d41dfdd,CLEAR,DAYLIGHT,DRY,DISTRACTION - FROM INSIDE VEHICLE,2.0,38.5,2.0,2.0
11e9eff66c54afbed76758551ef258d48337685a57138478cffb0633eb53175b8ea7208466274f8c4a0eb4e7ebe063baf341eb2ba09908f51a6b94b65dc96bde,CLEAR,DAYLIGHT,UNKNOWN,FAILING TO YIELD RIGHT-OF-WAY,2.0,56.5,2.0,2.0
11ea52ca5d05ca2c3d9e0a108e2826895b9e265113b8e3587f9812a69e70382b8a508e17033081fef2f3c0125baec1706e39a715759db93b68e3c91af4184243,CLEAR,DAYLIGHT,DRY,IMPROPER TURNING/NO SIGNAL,1.0,28.0,2.0,2.0
11ea58a1db741605ac3f0abee89a4d34c4fedf5d42d8abf8692b7c891b937a4378491b2f0ffb38b7b755bd130dab371f8ffef676874e806812ad73eddd4ceb0e,CLEAR,"DARKNESS, LIGHTED ROAD",DRY,DISREGARDING TRAFFIC SIGNALS,2.0,36.666666666666664,3.0,3.0
11ea5c781cd316d84ab48bcad00fdd08ce65b1e2b66df69ee427d82cdb695013cf238dfc273b7092557018bf7d06196807760f3a83a4652f385be5355005312d,UNKNOWN,"DARKNESS, LIGHTED ROAD",UNKNOWN,DRIVING SKILLS/KNOWLEDGE/EXPERIENCE,2.0,37.5,1.0,1.0
11eaa9d3ea47c56ab8e6c1a796fdf4fc792818a0d1e3260cd4c9a9671c6058e84b8c104a46fa67ce4b8ea9352b5b1c474c6ba3f7d4cb768651df39cf3bcdf90f,RAIN,DARKNESS,WET,WEATHER,1.0,53.5,2.0,2.0
11eaab7a23529d7813f897069a92f137d2fcc90ba07214b2d163bd762b8f06366ed75ebe5393d07e311dac357fb4bbd8d4e869026ef1103ad88829ca68420b62,CLEAR,DAYLIGHT,DRY,"OPERATING VEHICLE IN ERRATIC, RECKLESS, CARELESS, NEGLIGENT OR AGGRESSIVE MANNER",2.0,43.5,2.0,2.0
11eabff858a6c70b6d0fde0a24ece9b425c211bf8d798840fdb1698581b653ea7e6cf7082a5f14980c08e141364f87f61524c7813f32f2f9d81308d91f01fecf,RAIN,DUSK,WET,FAILING TO YIELD RIGHT-OF-WAY,2.0,54.0,3.0,3.0
11eac79c0b4c39c76bb6ccd12eed0234594c3010a2e46f1c9fd1fc6e4838477b84bc9ff3c875eab90d2cc5625f48531189c4ce03d119bf072c7fa33b43d10e4c,CLEAR,DAYLIGHT,DRY,FAILING TO YIELD RIGHT-OF-WAY,2.0,46.5,2.0,2.0
11eaeb2311e7d7e3b6ed07c5168e78870988a0f68f2e64406d7d27f62f26abdd2adfefe0f6db516fd5358b9a960ae7a601ee51e6fdf9bca52411ac773a90c815,CLEAR,DAYLIGHT,DRY,FAILING TO YIELD RIGHT-OF-WAY,1.0,28.0,2.0,2.0
11eaf9f2353a4cec1bdc1eda3234196c35f69a834ebbe483d7f79a13af5a6bfc89fe163cecd81393730aad1c344e7afd9b1b03cc61833a9b38222c5df983596e,CLEAR,DAYLIGHT,DRY,FOLLOWING TOO CLOSELY,2.0,32.0,2.0,2.0
11eb35cd0b93f9ec12a571416a66d32ec89083283f1bef267c339a6ac8d8b58d89a27a00efb1f571fafdcbc6c712e901cc1ce30a56dcec63f4b2f7862c17edc2,CLEAR,DAYLIGHT,DRY,DRIVING SKILLS/KNOWLEDGE/EXPERIENCE,1.0,55.5,6.0,6.0
11eb4d8b79c7aff209d8df9ac299b8e1e79d00fa9ddaa28dd4db64af489519b0da1f695c05d484054fa219430a611025af9c90781fa359d52228cb5c02cf2f00,CLEAR,DAYLIGHT,DRY,DISREGARDING TRAFFIC SIGNALS,2.0,34.5,2.0,2.0
11eb63ac0df2c2d8c020617734abe6a6c834a5ed71b08d1ddd72bfb265c0d34dcd0aa08914271aa9f1c903f1904796aebce0a616565db23a7e6a46672464649c,CLEAR,DAYLIGHT,DRY,FAILING TO REDUCE SPEED TO AVOID CRASH,2.0,30.0,2.0,2.0
11eb703f3efaa0be363d34e073d69cadcb2c4ee044604663b3c496b907fbc4ba352ce726919b0a031a0aad14fea6b715a1abc819a21c9bdd8c948f0dbb1ff618,CLEAR,DAYLIGHT,DRY,IMPROPER OVERTAKING/PASSING,2.0,44.0,2.0,2.0
11eb8e99d5b6fb141bdcb42226e437140edb2f5fddca12e7a8011e3f5d969486d767283f72a7be726c66af18d5c2e386152eea79e0d0f15a7121680d05854647,CLEAR,DAYLIGHT,DRY,FOLLOWING TOO CLOSELY,2.0,17.666666666666668,5.0,5.0
11eb90820f95dea68cbaec072d79e326bd3188c1cd62a2a18f11de5cfc06a8c71d617725c5f8e1ee4c7db7db8267a0ecf245d8994ec90d80c2ec912d1ad06c10,RAIN,DUSK,DRY,IMPROPER LANE USAGE,2.0,47.0,2.0,2.0
11eb9c04dd55aa9c80a1cb83ae7d44aef447024f50b472ee04429c8da6c5be028fdd7fcbd0a48dd31c587a7e13d55153f2235924090b02316966c9bbd551acf6,CLEAR,"DARKNESS, LIGHTED ROAD",DRY,IMPROPER BACKING,2.0,37.5,1.0,1.0
11ebabc5c26a4c8e52187a0084f54ebbdcef058b5bc301e6eced0609ba95759534780cc4d9277d1b311c98c7234d89405bbb0ab2710f62f949202307d045f314,CLEAR,"DARKNESS, LIGHTED ROAD",DRY,IMPROPER TURNING/NO SIGNAL,2.0,24.666666666666668,5.0,5.0
11ebaf23125f7966f850327243c7a91b14a0cdcd93716a48e0a6685930c1e618bcfa4a92bc1fddee760215a724dc9dfb532d54c0d1c38ecc830c9ce8260f7f66,CLOUDY/OVERCAST,DAYLIGHT,DRY,IMPROPER BACKING,1.0,27.0,2.0,2.0
11ebca15fcf56b73a2f35be83fad68548397a8f634f081fed95b2ba376b85b2875c9e03749942e647dd5300d2d33cdab9119bbeb171332fb703f091bc98f5289,CLEAR,DAYLIGHT,DRY,FAILING TO YIELD RIGHT-OF-WAY,2.0,32.0,3.0,3.0
11ebd7c491777e0052666aab974a166a0382b94ffec245c652107630d4ecc39cd57f44310ef2034092ad72ec6fd5ed1d009baa8e65f685d0b970a458d571103d,CLEAR,DAYLIGHT,DRY,FOLLOWING TOO CLOSELY,2.0,21.0,2.0,2.0