crash_record_id,weather_condition,lighting_condition,roadway_surface_cond,prim_contributory_cause,total_vehicles,avg_driver_age,total_people,total_injured
11ebdfafce6168a038e9cb18207fd033f96fc5598c30984b4c8299da45d4c4e8e6795a061d3b77256805d5a3a52b5136f9e9164444416f5b51eef42031b562d7,CLEAR,"DARKNESS, LIGHTED ROAD",UNKNOWN,FAILING TO YIELD RIGHT-OF-WAY,2.0,36.0,2.0,2.0
11ec17db451d88c9fecf65204b6b125263f8b4e28dfd4b310e5eaa42c17c7debb432c7f8b3e474fd1edec0ced7ede13ef85d1a81f76491cfe30b1558c631ebf1,CLEAR,DAYLIGHT,DRY,FOLLOWING TOO CLOSELY,2.0,55.0,2.0,2.0
11ec2293002fa55f41297e3f2786d2fed8e0936e5ead4a999afc88456acfcad05d9ebc567875dd24d6b0c40e454990bb5a2fc6ae146b491ead568a2589a0b31e,CLEAR,"DARKNESS, LIGHTED ROAD",DRY,FOLLOWING TOO CLOSELY,3.0,33.333333333333336,3.0,3.0
11ec4e3bc4da7afa48c2c6c3a718ad5b629b460e6be3c52fa5ced67c32555bb2f0bb05a6e7af2d2f1f73a5a1e85d3abf73fa625f18141e5847228a065a84529a,CLEAR,DAYLIGHT,ICE,FOLLOWING TOO CLOSELY,2.0,18.0,3.0,3.0
11ec51032742754a9b22a5af1f30fe0eb6cb820968566a3c575196dde195853ed44e33eeae224d47e86aefa6bb303c4e255aa2b88a7a50fbbbc251049c1aab0f,CLEAR,DAYLIGHT,DRY,FAILING TO REDUCE SPEED TO AVOID CRASH,2.0,41.0,2.0,2.0
11ec7d426be20a70295785d05ef5e8dee0c9c4b9a02b6344cd8b273898e3f07e2163be1ae0fdc49c31004814b608dafb248257420c803a76f69b4d458ddb8760,CLEAR,DAYLIGHT,DRY,IMPROPER OVERTAKING/PASSING,2.0,44.0,2.0,2.0
11ec7e7223c25d7a392a0d56d618d38b2ca4d59274dfb04b5702789545885e21e6db31151bc9d806e4a6cfe5f1c448f52a3f40fd7349e84a04c65080cf22a9cd,CLEAR,DAYLIGHT,DRY,DRIVING SKILLS/KNOWLEDGE/EXPERIENCE,2.0,21.0,2.0,2.0
11ec9189ec82510897eb53fe68e13fab3aae47c241ccc6c4d57cdcd85381bf1681eefb17cdba3fe8a077fd34b2eb0198c48334f946d683a4194460f70f40b10d,CLEAR,"DARKNESS, LIGHTED ROAD",DRY,IMPROPER OVERTAKING/PASSING,2.0,61.0,1.0,1.0
11ecb79d55915fb30b22180f73ec89143fdb30e3b7ede56b8938f23a2f4edcb8d65e230e64d9386254be43ee27942677da4b84756607c44d68f6baf44ac25a73,CLEAR,DAYLIGHT,DRY,DISREGARDING STOP SIGN,2.0,24.5,2.0,2.0
11ecbfc99f5e36ec7daef6b727b7a0bb39a751cfef83fc0929ad60dd9f5e85965155b17a3ea4772c263a838cee5ff68e482e81c6bd2e5baa790c11c1c2910ddf,CLEAR,DAYLIGHT,DRY,IMPROPER BACKING,2.0,51.0,2.0,2.0
11ecc86dcedd497a34adcfb87a235ae5aa4bb4fda56b1e4f85092db7ab0ecf29dac4a87409c1b620fe5b3fbec43005fefc43b92113725b6143f13ae5c36a6abb,CLEAR,DAYLIGHT,DRY,IMPROPER BACKING,2.0,72.0,2.0,2.0
11ecd24bc9b1cfdc217a4557dcbde87e4b47f5f003c75e9e937ca5beadae3dc13847872f9430d93d394b8c51d97f868dcfc019f068dd324a7700c8735a0dcdfd,CLEAR,DAYLIGHT,DRY,FAILING TO YIELD RIGHT-OF-WAY,2.0,25.0,2.0,2.0
11ed081d1c80ef0e3b9c736c3e089fbb89dbd4df5fe9dc586f45e94ce83da54fb7f48726086aaf71016b5a98f572057274b74b91a7af46ca46ded547c7290e22,CLEAR,"DARKNESS, LIGHTED ROAD",DRY,IMPROPER LANE USAGE,2.0,69.0,3.0,3.0
11ed3305384214b5d9991fd624a17a79db3483276c8075747b81b17eaeffef5a510b2668d1f8eba35380e219386b0629b4f13bc47fcf47cad947c60c79b4127e,CLEAR,DAYLIGHT,DRY,"VISION OBSCURED (SIGNS, TREE LIMBS, BUILDINGS, ETC.)",2.0,69.0,3.0,3.0
11ed473b1ee15d26c320a4c6d1c9e4b9b4f3be2571c1df1a33fd749faff756f97fa75206d05afb7e6f4bd2d84b3b4c8ef2a1fed2306e82e44b3ff65c58d87cdb,CLEAR,DAYLIGHT,DRY,DRIVING ON WRONG SIDE/WRONG WAY,2.0,29.0,2.0,2.0
11ed67a6d0ab6a606d2550672528327f21a2cf5bb3f7f1a80a96891c39864a582a5c7748873a9574178a624aea2d104ecc2034323b2b4fe481fc146110ecb26d,CLOUDY/OVERCAST,DAYLIGHT,DRY,FAILING TO YIELD RIGHT-OF-WAY,2.0,39.5,2.0,2.0
11ed758f0372aa66a0635937922e5feac1cc6600bbf081bbdb1fc5f2a9c1d8ed755bccd330fd7f2dca9b09b1b4d0c0a1cbc7f31bd43a2ffd86364458ae690dd6,SNOW,DAWN,SNOW OR SLUSH,FAILING TO YIELD RIGHT-OF-WAY,2.0,45.0,2.0,2.0
11ed9243250df20b2d10677a21f14c5a3452b7cd95610efbe5a93c045d3046d9b734f6f7557066dac2826d4c7535685916dbaac9a74e769f1ddf76c40782bde0,CLEAR,"DARKNESS, LIGHTED ROAD",DRY,IMPROPER LANE USAGE,2.0,31.0,2.0,2.0
11eda741fc6abe2fae496524f683d3809460646e1b15961c8839462ab8a624c5acb33c8388990dee93e5402ed0eba7de3d109fa67781ce64c6efb82a3f11b128,CLEAR,"DARKNESS, LIGHTED ROAD",DRY,FAILING TO YIELD RIGHT-OF-WAY,1.0,29.0,2.0,2.0
11edb082aad35db75d75b2993a1d161134ebe9b9ce64c86c6a7f73be7ca6d560598449593599a2bd5d24cb401fd3c71c349664313454a55a590aac2d5905b5b6,CLEAR,DAYLIGHT,DRY,FOLLOWING TOO CLOSELY,1.0,48.0,2.0,2.0
11eddfa77a841b38efea8c5b64208b6ae6cce4919fabe384c2e90987625ea83b4a3a3a9eff4d3fa483c65d446852e1e8399cb795f6eccfbc6d7c84bde8100675,RAIN,"DARKNESS, LIGHTED ROAD",WET,WEATHER,2.0,78.0,1.0,1.0
11ee095aa1255ce630e354c0b95eb1f047f192acef91cdeb207c16e37efda5f87c0551cc9494b56d08b4f1cf5cfa3b8371caf7e884b00eddb53acdae50e12476,CLEAR,DAYLIGHT,ICE,WEATHER,3.0,31.0,6.0,6.0
11ee2f40ad1eb8621ba059fffb5c0e3c26fcccbdabaf5285575306154824b601f4c7d092d45a9fbc5efaa93734404def340da06ce54ae44cf54d452fc5c8f662,CLEAR,"DARKNESS, LIGHTED ROAD",DRY,IMPROPER LANE USAGE,2.0,33.0,3.0,3.0
11ee371882ec8736c25ca633bd5246af83425fd48cfd9147759877d3178839fc58504d4296ee59a506ae4c3e46c8b754d532ffa553bb283303a5e1d7f942565c,RAIN,DARKNESS,WET,WEATHER,1.0,34.0,1.0,1.0
11ee3eda7bf8f22b8062ec777acf4ece96ad7618a34c24d8ea8ae1e7a7f7ebf992a7f15b3d653ed05147e7d342e050a57985625f4fa64deff8b9869de7f1cf9b,CLEAR,DAYLIGHT,DRY,IMPROPER TURNING/NO SIGNAL,2.0,61.666666666666664,3.0,3.0
11ee5880b16910a5d1a2135272ae6ae55b645aebd263bf3f3acbec8855a9331b0cfda2d7d877bc3eb854641c371a85c3628549fbbad89cc15d37ae4b42e7e037,CLEAR,DAYLIGHT,DRY,FAILING TO REDUCE SPEED TO AVOID CRASH,2.0,29.5,2.0,2.0
11ef0740581a6c0ad724522467cae47682bec24b11873576b30cc5dc258879c3c35c46e2555935896fb8587378dc97a96dd1353264821888733072106e339ad2,UNKNOWN,DAYLIGHT,UNKNOWN,FOLLOWING TOO CLOSELY,2.0,33.0,2.0,2.0
11ef2031cd443958800d5062c111a025e97215ea3230df7d28fd93a88cf29d0e4d607126acee4fa61a59d83cd204fab036160efa57d6bd00b0529366ceffd5f2,CLEAR,DAYLIGHT,DRY,"OPERATING VEHICLE IN ERRATIC, RECKLESS, CARELESS, NEGLIGENT OR AGGRESSIVE MANNER",3.0,37.5,1.0,1.0
11ef2569076a21ef29fbca275050ac8f3500deb8e30594051ef98e87e824eb90e4accc22e21691f5fba23e5efad05bc5032cab2276107ee958aadfb6e203432e,CLEAR,DAYLIGHT,DRY,FOLLOWING TOO CLOSELY,2.0,35.0,2.0,2.0
11ef5ca17c1f1ff91eb2eca9713eaa28db504c8b051e4277c745e1b2e46d01ab4b532d633d5ead17054a2951b003b7d61c2c028893da6afb96d91dc474dee1a4,RAIN,"DARKNESS, LIGHTED ROAD",WET,WEATHER,2.0,27.5,2.0,2.0
11ef7767cfa2c4d12370e2ff7fb9a8aad360c848bbbf9fe2c95b34bddaeeb84fcabcde3b9ac70e4b03f6c19c68abd804209a03277352f5e38f0eee0c125fca3a,CLOUDY/OVERCAST,DAYLIGHT,DRY,FAILING TO REDUCE SPEED TO AVOID CRASH,2.0,49.5,6.0,6.0
11efa886e8364ccc3a2cb425b2768d6bbb341ed27508e5d8d1543a5501099de947d07fdee38a67bc675fba7665a8dcb53cdb37be67a0f87097b0cba57d1c850f,CLEAR,"DARKNESS, LIGHTED ROAD",DRY,FOLLOWING TOO CLOSELY,2.0,48.0,3.0,3.0
11efad5f07b27a141ca9467793a0a814305572f23021ec40925b324519c470ca7974a077b72bdbccd762faf249d20d6363452c8a4296cdfd3b6eefc77d1927c3,CLEAR,"DARKNESS, LIGHTED ROAD",DRY,FOLLOWING TOO CLOSELY,2.0,51.5,5.0,5.0
11efb5272cced343a595c49eb7fcc054cc3371330111cbac127883269506a49d57358d67bad1fcdcd460a9f14f0213c17a1c295756a450f3ad3f3bad0ce79e55,CLEAR,DAYLIGHT,DRY,DRIVING SKILLS/KNOWLEDGE/EXPERIENCE,2.0,53.0,2.0,2.0
11f0099e359454ce01f4961747e128b465ab74555fd1d2b382a8252518ff0e494c9bc7c2e79f19f5b3585e1920b3be5d809236a5c000a5117c03633b3cb6e7df,CLEAR,DARKNESS,OTHER,FAILING TO YIELD RIGHT-OF-WAY,2.0,31.0,2.0,2.0
11f009f53162f691add96b502eeeb43d7988dee76bc2a2bbd3928cd9629ab09e694f0e9bc2b35c09a71bdb813c471514cc5089f2e716a3fd0c0063f189b73c99,CLEAR,DAYLIGHT,DRY,FAILING TO REDUCE SPEED TO AVOID CRASH,3.0,26.25,4.0,4.0
11f03f8df11d65d103a37f3637ea4737bf5e13037ca28d57f5a9b8e48fe2f2467a83074acf81233542463deeb68cb111a92def1c34dac7f6385caf0af9d9b00b,CLEAR,"DARKNESS, LIGHTED ROAD",DRY,"VISION OBSCURED (SIGNS, TREE LIMBS, BUILDINGS, ETC.)",1.0,37.5,1.0,1.0
11f051ad7cc52c7413fffc0beb056e755ab99557c5ad5c1948777dbacea9087ddf40341718cb1171f8627ed82d1eebe51afcc6aa7b6b82e2ea685a37eb89b859,CLEAR,DAYLIGHT,DRY,IMPROPER TURNING/NO SIGNAL,2.0,57.0,1.0,1.0
11f0ae8887996fb2fa18a477a2580ef88689bab733b8f9898c6f9c5f07946699f7697b263388e41fec447f27261e061a437af120894a90695e99289acf68e6a2,CLEAR,DAYLIGHT,DRY,"VISION OBSCURED (SIGNS, TREE LIMBS, BUILDINGS, ETC.)",2.0,33.5,5.0,5.0
11f0d0635f598b0a1050fc187f657f52eaebf6ade499fa48e6365a9e3384e2eb6c4dc51d66f62f451e6df921fcdf5cf26a19265fae9ba569c468b433d58789b6,CLEAR,DAYLIGHT,DRY,"OPERATING VEHICLE IN ERRATIC, RECKLESS, CARELESS, NEGLIGENT OR AGGRESSIVE MANNER",2.0,14.0,1.0,1.0
11f0d8770f72274084cc4bd650983e8fd9f55a47695a4214d50bbc6d1ec5eb37214030dd6367cf6135537cd1a2472657a5d6f1513999605c3c0c1eb54e0123d9,CLEAR,"DARKNESS, LIGHTED ROAD",DRY,UNDER THE INFLUENCE OF ALCOHOL/DRUGS (USE WHEN ARREST IS EFFECTED),2.0,25.0,2.0,2.0
11f0ec0788cf7235c4d48edc14eb5e0701541c8a2f296d12e9c0a9fc734c168881ee9e1c5bde3fb4dec2b1c4d9dd12c93331b7f7d4f4589c538cbcc43d79857e,SNOW,"DARKNESS, LIGHTED ROAD",WET,DISREGARDING TRAFFIC SIGNALS,2.0,25.0,2.0,2.0
11f0f856530ae5332a32220aacddb61015c0572f2661b32cd7dd0e3967722617f6804d5de0f459dc9ec5b9938506b24e9f5bb6ae8b5a6780921cd1affdf3291c,CLEAR,DAYLIGHT,DRY,DISREGARDING TRAFFIC SIGNALS,2.0,27.0,2.0,2.0
11f10c366c9d125745c3786da0cf1fe5bbd5c5d2ed614405e89d9aa42df0b5530211d8d8e8ccf401cf59599691e0986f301d5973e2393bb5e3eceb78aeaddd43,CLEAR,DAYLIGHT,DRY,FOLLOWING TOO CLOSELY,2.0,35.0,2.0,2.0
11f117a1a91ccb3a4aafe20504eb172a1ed5ebce2cb6b6132e927ca5a85120de7b4ce2467cac00e6b239ad505f61f55f1cad1ff57e7bc6d027e44013adb51642,CLEAR,DUSK,DRY,FAILING TO YIELD RIGHT-OF-WAY,2.0,47.0,2.0,2.0
11f11b7b704672f1cb9e3a5031e54aaddd00a1cc24739088bb79d395c86adf84bf10e4abb4730e01b79605155588415eaa1865ea4c180c758de803f784352da7,CLEAR,DAYLIGHT,DRY,FAILING TO YIELD RIGHT-OF-WAY,1.0,35.666666666666664,3.0,3.0
11f156a7c3c4397af9422ba35af9990daec122ba7369a8333b55cc45fcbdc34016c8c40493674230f1d1112dea5846d2fed2b9c69ec0e94d987708bd04a5db84,RAIN,DAYLIGHT,WET,DRIVING SKILLS/KNOWLEDGE/EXPERIENCE,2.0,47.5,2.0,2.0
11f16b84eb0e01cad73f988fe4d0fbc113ba7fc3fac92c1be2490bc615635b819c229010894438c87d0a6544467acb5d3741d77afeb3a98649f0aaf4eeb85034,RAIN,DARKNESS,WET,IMPROPER OVERTAKING/PASSING,2.0,18.0,2.0,2.0
11f1cac363d52c19e8bda1d4e9c832c6d39a27dd4738ce3b45e3e93dae91376fdea4a560cb0a4d7cd2d9357ff7900a4987dfdc71d36092f4fe4bda3e0c5f3a83,CLEAR,DAYLIGHT,DRY,IMPROPER OVERTAKING/PASSING,2.0,28.666666666666668,3.0,3.0
11f1faea8a5abdce1c17c7e7b4d28e5fde689e66c1247ee57db491ddc70355114e1f9a5f0b7e531845dc2292448e5979b228bff748fe039679cda19543bb0d06,RAIN,DARKNESS,WET,"VISION OBSCURED (SIGNS, TREE LIMBS, BUILDINGS, ETC.)",2.0,57.0,1.0,1.0
11f221e55608de2fb82c4fd66c6c0e3ec35ce8eb721e371cf8ae7981c017c2d3f5915bb6d4ba9dc2718a99fd0b5f60a4423a2da636fa571d9d033027efdfa38f,CLEAR,"DARKNESS, LIGHTED ROAD",DRY,DISREGARDING STOP SIGN,2.0,25.0,2.0,2.0
11f252b451ba3bc1e8677eb1150a0b8a91b6c6afdffb480de1b76a67ef562496e369fb670f937590e4a9c817d02821a8f10ef6851b29e454acdddbf2a6454249,CLEAR,DAYLIGHT,DRY,FAILING TO REDUCE SPEED TO AVOID CRASH,2.0,35.5,2.0,2.0
11f26483d33dc63fab973b4fe91af4d9307aa6995e1b6dcc2ca43f2868284ea008072c66d1c133b9b1eefc8cb2573a5c079288aa74942057a36dbbe047344605,CLEAR,"DARKNESS, LIGHTED ROAD",DRY,FAILING TO REDUCE SPEED TO AVOID CRASH,2.0,37.55555555555556,9.0,9.0
11f299a8f158ab29f19dbd292c0cbf3ce144c52630ae3513f563311861f3a3dc8e5ff8486348b3cca95f4f6af71029af4f3748c11b3cb31d1c49f0782e5c414d,CLEAR,DAYLIGHT,DRY,IMPROPER TURNING/NO SIGNAL,2.0,55.0,2.0,2.0
11f2d42732bfd815a81f1c8a02d61d2bbc5ae3ee66b8104cbb5dc1a5c6402b16bc2e77136c2cd25980f1f19c23c4a540bf94f67a42a5c332eaa3863739d0e49b,CLEAR,DAWN,DRY,DRIVING SKILLS/KNOWLEDGE/EXPERIENCE,2.0,37.5,2.0,2.0
11f2ee873258976a031d1af5e3ec070eb55e5ee1fe22e03f3d28b93899af18309d99dc91ff002b67a5349cd8de156e3b6d726f9914afcc70636e5e84950100ad,CLEAR,DAYLIGHT,DRY,FOLLOWING TOO CLOSELY,2.0,59.0,2.0,2.0
11f31d57567141e8b4371009e19642a6ac496f87a97a8c521150cd10ab193365cd56e77ae83a77f6921d1fedbc484f8555fef93d608f9a1461800609a00cd771,CLEAR,DAYLIGHT,DRY,IMPROPER OVERTAKING/PASSING,2.0,45.0,3.0,3.0
11f3572f0cf0077af383949a96742e409d46cec34dcc348a6ee9ed0e3656fff15f16f83b86e1ba6bf9aeca0177c1dc957eeb13de4a5ac34b53d72c569b17cfff,CLEAR,DAYLIGHT,DRY,FAILING TO YIELD RIGHT-OF-WAY,2.0,58.666666666666664,3.0,3.0
11f35c550bcf82e4f1f2b45cbe54c521dfde543d7dde0172a52843afb86484459e587b7ff4ddfd8612d170cfa7be8c3d5b86cccff062770dda0ef83376cbbda3,CLEAR,DAYLIGHT,UNKNOWN,FAILING TO YIELD RIGHT-OF-WAY,2.0,57.0,2.0,2.0
11f36afe01a1c7ad71477662c6e16c781708db9ff5538fc3647e58b157b03c884c04d730e23749dd5a61ee0f32ce762dba952255daf17569cbf0bd89d6d034d0,CLEAR,DAYLIGHT,DRY,IMPROPER OVERTAKING/PASSING,2.0,50.5,2.0,2.0
11f36d0c1cbcb0851cb3acdcf191b1e6729f7137e4bad911e1d53e6e1856de7b77e81a3849f7e3a0b189b30ad6c600fe783742e5745a8109f79548f2ad9e1182,CLEAR,DAWN,DRY,IMPROPER LANE USAGE,2.0,30.0,3.0,3.0
11f37041c5df15b8264e818a9054167d9375ea9ab1be20a814255af9ee68f928d8df5d2dacddda1ec77f04f3b5f442186bcf0d335f22172be3f90cf4924c99fc,CLEAR,DAYLIGHT,DRY,IMPROPER BACKING,2.0,21.666666666666668,3.0,3.0
11f374ca0777f7e3ce40bf7af1961822f5b9078541708ae26b221e9df5a59305ea79e52c625b2c9ec08f2a8ba53d028cda4efbe28d87ff180fcc7e4df7fa5fb3,CLEAR,DAYLIGHT,DRY,FOLLOWING TOO CLOSELY,2.0,18.0,5.0,5.0
11f39c6ba565f792bd03d5eddfb608fac9b063c89cae53eeab76d0a0266ea8cd77442318fd328c8cf41da3c3902b4fe932bce6c81f84189f67655c2c73902992,RAIN,DARKNESS,WET,FOLLOWING TOO CLOSELY,3.0,40.0,3.0,3.0
11f3a29b41ceb6479937ad2e9cdf4d9975c3a9102ad0cb4e052f4e7ac84b8700644ec022b0246aff9da4a8aecef9e11ef35bb442488c113623637f3d34e0f38f,CLEAR,"DARKNESS, LIGHTED ROAD",DRY,DRIVING ON WRONG SIDE/WRONG WAY,2.0,42.0,3.0,3.0
11f3b321aa79297791c89ceb2ed2326b48a54e0a481f24f8d23c3fbed251dec9e91e1cc6ff4d5baf244a57600e6612cbc9f41e67c5363fce415ec40ecbd5df3e,RAIN,DAYLIGHT,WET,FAILING TO YIELD RIGHT-OF-WAY,2.0,16.75,4.0,4.0
11f3ce9be2db1bb8d053ccdad61d5dbf1b8cc0dc0e902c87aa1e723c1e3813c12073808e8f88813a27db232bc1e1b2a2eaaa8ba3b2fc6d74d2652ea9b6bbd1ac,CLEAR,"DARKNESS, LIGHTED ROAD",DRY,DISREGARDING OTHER TRAFFIC SIGNS,2.0,37.0,2.0,2.0
11f3f407247a522165fd3ef29de268cb998dab0d97cefaba984c03f641dfd7bef37253d76c20da9c09462dc158afcb85d6c8900053fa380eebf8bfa3eebf0f39,CLEAR,DAYLIGHT,DRY,FAILING TO REDUCE SPEED TO AVOID CRASH,2.0,35.0,2.0,2.0
11f3f8fa231f31769b75db7e546d01bc68c0c9bf4149c83a7c9523fc3cd397fedebc7dbedb20008f6c27e12be6b7f29ff5f3ace1b24fbf5a22ed28f5145837fa,CLEAR,DAWN,DRY,FAILING TO REDUCE SPEED TO AVOID CRASH,2.0,57.0,2.0,2.0
11f42f678196fcb37fd25f9332ce08c8fc17694c6d7ca8d01ccc154eaf851c1c27baf174641d1810470d6a9b6a18daeb0eeb30a905789bedb7ba5fd77a3c9fa3,CLEAR,DAYLIGHT,UNKNOWN,DRIVING SKILLS/KNOWLEDGE/EXPERIENCE,2.0,48.5,2.0,2.0
11f42fefc21d73f7c91d88ee242bb773a5c2fcc9242dfc22396a4d323d48e1a96b5171463a7fcbe9ccb36c57f69171cd0e3aff182e76fe68ed6c0951db74b60e,CLEAR,DAYLIGHT,DRY,FAILING TO YIELD RIGHT-OF-WAY,2.0,37.5,2.0,2.0
11f47bbcb241c1337dae67d5a1d5a8fa6fde7476bd0cbae349fb551ca9b9e53fd454edeaffd872d09f437c3a06e5ab3eb524f1ae0446ad8622ab859570c7047d,CLEAR,"DARKNESS, LIGHTED ROAD",WET,ROAD ENGINEERING/SURFACE/MARKING DEFECTS,1.0,21.0,1.0,1.0
11f4e7e7978f54794f580bfbf0f6eb5b49b755d6b404853121ca424da865842a5af735aa881ae4c680dd838dd6b77dbe9113784197ce791533b93930849b58fb,CLEAR,DAYLIGHT,OTHER,DRIVING SKILLS/KNOWLEDGE/EXPERIENCE,3.0,43.0,4.0,4.0
11f4ee4e5550a41531a3f80332e76ac78d2a8e9274854857e54fbeb50b0fca52411264f923cc618d3e9a44ec97806c29b1c4d8ae2cdf6f1cf5192a5aaead0003,CLEAR,DAYLIGHT,DRY,IMPROPER OVERTAKING/PASSING,2.0,45.0,2.0,2.0
11f53cd7c3ee8f8bb3bdc25d67e690b31934a427a58a68e9bcebb6621c7817b5dea7640a255d643067750fa25e12cf9a3dbf60e206fe4fbbffacc9ea2ba2a155,CLEAR,DAYLIGHT,DRY,FOLLOWING TOO CLOSELY,2.0,51.0,3.0,3.0
11f5407abcfb5a3a076cb8aaa3b6381958931fe3b8d6274ecad11a8feeac575c2bcde69916a3acfe2264961916699ec0039f67bd7130180a06751f822429fb42,CLEAR,DAYLIGHT,DRY,FOLLOWING TOO CLOSELY,2.0,50.666666666666664,3.0,3.0
11f540efe20a8c98b738b9d1d196b69f7d331f4a754fa44e3920e128ab0c87e18a19ba6a62c071701ff742deef833259f2356caf0e20f1067ffb75bb87d82a3b,CLEAR,DAYLIGHT,WET,FAILING TO REDUCE SPEED TO AVOID CRASH,1.0,75.0,1.0,1.0
11f55c8703b302d465c096464b3a550b20e6ff5b6681dfff516efda0b2172ebfef08a52284696f1a3be9dce469900a9ad97c2a27d1fe91e01eb8baf1b93534a8,CLEAR,DAYLIGHT,DRY,FAILING TO REDUCE SPEED TO AVOID CRASH,2.0,26.0,2.0,2.0
11f560d4c3a041e5d71c663bbb78c13106ca7b29f3a0ac2dad3d29b5509282ac853e4fca5190f939452b7535df1c1e64e49c7bcf6dfdbf971ebff022c8ab9463,CLEAR,DAYLIGHT,DRY,DRIVING SKILLS/KNOWLEDGE/EXPERIENCE,2.0,31.5,2.0,2.0
11f5649aee9e9286ac9a496e8fb9c482975308a34e24dffaffbd814da2a8b0085492d9999abd247bb6b2134da4977f321efeec9c40d3f1a4a0b99d1ce8fd8ac4,CLEAR,DUSK,DRY,FAILING TO YIELD RIGHT-OF-WAY,2.0,26.75,4.0,4.0
11f574bf1c6f7849d33f6df623b69b7c7624bcf50d03fe56742dfebc6af464d0cf2c6ebd35528f8340c00c235b829c6614be38556ad258c513149bb8fc75a3d7,SNOW,DAYLIGHT,ICE,WEATHER,2.0,32.5,2.0,2.0
11f57cdf8493de537774e4ae49a242108cde52af2bc844458e49c1d653192040b36d0650a49eb2fb4512cdb82e1bdb63b2ff831028190154cf5e4517aed9d1d4,CLEAR,DAYLIGHT,DRY,IMPROPER OVERTAKING/PASSING,2.0,51.0,2.0,2.0
11f599007ad355c544f092d72883f48ec4cd46de72860e182056c73034797438625c69e01404aa75c276fc90f021d026f1972fe6df0f0efd279f09cebe74f742,CLEAR,DAYLIGHT,DRY,IMPROPER OVERTAKING/PASSING,2.0,58.5,3.0,3.0
11f5ba6aa91cb3d5f850148b6e03506f79e90199455b83096e0359c5525ad80ef23380b75fb041a252d16ab57e1a59a3af67dc414709c4eab1b7b230e5deb3d9,SNOW,DAYLIGHT,SNOW OR SLUSH,WEATHER,2.0,40.0,2.0,2.0
11f5bd20fefe332739b96802c0d136683d9c51cd2320bce615d2e4718b6eda671bfecbb71bb201ac4256e55614a57fc5cf75c03be639dbe96b4d4055ebd7a1dc,CLEAR,"DARKNESS, LIGHTED ROAD",DRY,"OPERATING VEHICLE IN ERRATIC, RECKLESS, CARELESS, NEGLIGENT OR AGGRESSIVE MANNER",2.0,23.0,1.0,1.0
11f5d3bafa53ef3cc327ff81cdfa532cc9d09f9b9cbcc90926fc8133bf1905c09d0cd4578109080b6779133dda0d8d25d7c754641dfdf06b5072118e8b09097b,RAIN,DAYLIGHT,WET,DISREGARDING TRAFFIC SIGNALS,2.0,37.5,2.0,2.0
11f5d478817ec27c8365d03ece4c98f1fde91aacec5381cfd266b62f3823d2bfbf3e139a592f31c84725c25658c11b212579c434e07a14d5a4a4850358a8d5f2,CLEAR,DAYLIGHT,DRY,FAILING TO REDUCE SPEED TO AVOID CRASH,2.0,46.0,3.0,3.0
11f61180b13755b3a2c5959d117fd0e0bc1f273a2e07c92820efc4aaacbce645e82af3378972e23fe92e5924cb9dc8e2b5766ed8c699b0bd8e546648126bf2fb,CLEAR,DAYLIGHT,DRY,FAILING TO YIELD RIGHT-OF-WAY,2.0,32.0,2.0,2.0
11f66ac7719ad2dd7fe5c5c3f0807de54aa770469513653d5e1020dd3d8c1b0dc685a58e0e60451c6b6e3a5c00dd67cf1b34a7af53b49a26624eda59aa9c3c5c,CLEAR,DARKNESS,DRY,FOLLOWING TOO CLOSELY,3.0,30.0,3.0,3.0
11f679b15f7244f91fa1c38dbcb9805cfbbb2c45d5fba3155c1a95c906f1c3e1007305451e2ff5ad918a575b24c76b1b0b6815209f98a403bb71de1583fefd01,SNOW,"DARKNESS, LIGHTED ROAD",WET,"OPERATING VEHICLE IN ERRATIC, RECKLESS, CARELESS, NEGLIGENT OR AGGRESSIVE MANNER",2.0,37.5,6.0,6.0
11f67a8ccb474faa7295c8e7262281f91273099f996112673c3f530f084e2cce5f1aae3a869ee51ab2b685148f4332a9966934b0f1f30d765a6ec0f44cb7f96d,RAIN,DAYLIGHT,WET,FOLLOWING TOO CLOSELY,2.0,37.0,2.0,2.0
11f6bbdcd2a4863b6185aaa306cd655c33352f579887d655b5de24663eb6b9ff13ab80da843b1e7cb5e884b65301c8fcff20399407c532a118e23ea7e34a2856,CLEAR,DAYLIGHT,DRY,FOLLOWING TOO CLOSELY,2.0,28.0,3.0,3.0
11f701454825c47eba7689340eccbf1877377ab49703b99a254c83a2f74a056f590f7524aba1dacac020ef71afdac119ba83b9e2b58a927b33062d0cd21f3d5c,CLEAR,"DARKNESS, LIGHTED ROAD",DRY,IMPROPER BACKING,1.0,32.5,2.0,2.0
11f703f3eff6f5e8d77fae784579e698af1cce452563ea5e14c6ac629ec0da46ba0b8d431194e1b79058d890d159ad960a61e61ef3f40c1462e1b361f39f7449,CLEAR,DAYLIGHT,DRY,FAILING TO YIELD RIGHT-OF-WAY,2.0,41.5,2.0,2.0
11f729ec9767120728a5c5aa2823323682eb7d69987c925cbebaf3660d8a97e4c56bdf0332a095d83c04dce993bb3ba19c60adb686f3844e711952c47b4742c3,CLEAR,DAYLIGHT,DRY,"VISION OBSCURED (SIGNS, TREE LIMBS, BUILDINGS, ETC.)",2.0,52.5,2.0,2.0
11f73269e6c93b71c6e9942981c3732237c14cb0a6d7debe478247b37c44dcb2021257ad8e4d835705cc74375424496728977df83da95707c3cb16db7a2db3e0,CLEAR,"DARKNESS, LIGHTED ROAD",UNKNOWN,IMPROPER OVERTAKING/PASSING,2.0,46.0,2.0,2.0