crash_record_id,weather_condition,lighting_condition,roadway_surface_cond,prim_contributory_cause,total_vehicles,avg_driver_age,total_people,total_injured
11f73426a4d8fb571bbb39abcc530e611717026fe2d560fca32f5fc80cb0f0656027968220cdf5adb496b1882c75f4ecba1e89d911eecf41adc3ca54ab626e71,CLEAR,DARKNESS,DRY,TURNING RIGHT ON RED,1.0,41.0,4.0,4.0
11f78073f3ecb46c78986b09f55fc9b877452f4664f730fb67bbf4900fb15f869696bfb0c8d38ee2b13da562e9544d5a975be0909597fb8e66134d5097b467aa,CLEAR,DAYLIGHT,DRY,IMPROPER TURNING/NO SIGNAL,2.0,22.5,2.0,2.0
11f7b1758cd8a592a58c3babc722160c41c02f68f9478b474a7782028a1f90f50c75ca39cf9458eaf51940619d2b62908b1688ee04dcc85db0e64f87ec8166e0,CLEAR,DAYLIGHT,UNKNOWN,DRIVING ON WRONG SIDE/WRONG WAY,1.0,14.5,2.0,2.0
11f7c2afcd0ebeaf80e4b0bdb8f328220699fef987d407f8911f76b2f87ef2c3e510554325b1dd6feb4fcb90e3cd384b4ecd822afb02a8addfd0218f3617fbb5,CLEAR,DAYLIGHT,DRY,FOLLOWING TOO CLOSELY,2.0,37.5,2.0,2.0
11f7e10682ad144cb07758308713d107e0af9ada5865faceae1ec37a3e626b630869a7e05f3cd6031d6d58626d98bfdaf37f3f3bd93390b362c2258c79b0ccf1,CLEAR,DAWN,DRY,DISREGARDING ROAD MARKINGS,2.0,25.5,2.0,2.0
11f7f4fcd8ee30ced7dc9619ea81be9b25920d8cd04577872e339b1214b83399c647326dcf54d63a3fc4b32b2d9ecf25bafebf24eb9c78bf6b727e5f51bb0228,CLEAR,DAYLIGHT,UNKNOWN,DISTRACTION - FROM INSIDE VEHICLE,2.0,28.0,2.0,2.0
11f855c09bdba620a907abc018dd7fd60b07a9c00a7aae01f65a4967c5d13dafbe7f7745217fa31c2ad9db9e45950d9732562403e527679344db99ee6cc52681,CLEAR,"DARKNESS, LIGHTED ROAD",WET,FAILING TO REDUCE SPEED TO AVOID CRASH,2.0,69.0,2.0,2.0
11f8620119d7fc3e26d1f4fd25b9b433dc7ae641a87bb878c410371e0ad5bb0a5a8e48f34d3e7bc9132d23d009842be7cf3b67ea0a30775622b244cceebb9490,CLEAR,DAYLIGHT,DRY,IMPROPER TURNING/NO SIGNAL,2.0,31.0,2.0,2.0
11f882557ba42ac839b47865c13556f96d8da525936bab4e24c305843c8acd4ac4b515ffcb970b92bc1f864fbd25388eaf131c6f71c310db4fc58c440e299a3a,UNKNOWN,UNKNOWN,UNKNOWN,FAILING TO YIELD RIGHT-OF-WAY,2.0,37.5,1.0,1.0
11f89422e5709ee0175b0e3f0c426ff538b4f811ad9ed3c11aedea85032f34d8fc32b3a8f68fd897edd5fe16a6c7dbf017a92d530c0fcb0adbe68d16540ae2df,CLEAR,DAYLIGHT,UNKNOWN,IMPROPER BACKING,2.0,36.0,2.0,2.0
11f898845397053595b72120b07187ad286f835a6f3321992e97ecc80771257890f963c847e59e57f8629c7e10363f244988808ef3c881a02b6d2f07d16b7e79,SNOW,DAYLIGHT,SNOW OR SLUSH,WEATHER,2.0,46.0,2.0,2.0
11f8997bef3c28ee94234cbe3b5e664e0d97fa99dd6532abe446b1398dae1b2ffa5ec5c838f3e4b5b0d5de82bc1707d14e431867f6a56d52a2a9addd9e3504b1,CLEAR,DAYLIGHT,DRY,FAILING TO REDUCE SPEED TO AVOID CRASH,4.0,39.333333333333336,6.0,6.0
11f8bcd41b12c8472518fc8ae8a55ad8f6af7d6cebe69b1af8ef1892d0088c311239952ae05a6eea6d2a209d2af8cf700af35b450e2b126909cc3d03a3df9631,CLEAR,"DARKNESS, LIGHTED ROAD",DRY,FAILING TO REDUCE SPEED TO AVOID CRASH,2.0,36.5,2.0,2.0
11f8e8af9a3c0a9723a46cc71c58186dd5e4da7f013015de215b4003e033cb6dec742dc915fb11a6e3c80aaa3133e5a8c8cca204e119bcd9ffd9249a847c527d,CLEAR,DAYLIGHT,DRY,IMPROPER BACKING,2.0,29.0,2.0,2.0
11f910f9609362476fd71a0c6e6c6c944c2b198ecd27b70f55a38d320b1f25a7df1b0f954e40dd16013937c19887fe07b664d1c46ef886334a984b082b5c9b8f,CLEAR,DAYLIGHT,DRY,DISREGARDING TRAFFIC SIGNALS,2.0,37.666666666666664,4.0,4.0
11f9236681deed0edaf1a6649e72fbcac4c5bed89f6ef3fc2542912b32399f2eb4fec153c53189ae0f0754cb068cb23e866b987118cd00ada7d9618d412dd579,CLEAR,"DARKNESS, LIGHTED ROAD",DRY,EQUIPMENT - VEHICLE CONDITION,2.0,22.5,2.0,2.0
11f92897cd803bd178876fda573cb11ef16bcf3659d3f8f2698efffd1ed5179785df4e75afcba6b8dc722bd61254b1f1a7ac05276f2028a11b97c0a0d6fed5bd,CLEAR,DAYLIGHT,DRY,FOLLOWING TOO CLOSELY,2.0,37.5,2.0,2.0
11f9444ce6ba768ad53b98fd39597baf705f40e9b9c6a3275eec23a4c4a739eabcd413df64b185aaf42f3cc09f6f7f5dfb3b0980fa91b0c3b8d7442249af88e9,CLEAR,DAYLIGHT,DRY,DISTRACTION - FROM INSIDE VEHICLE,1.0,25.0,1.0,1.0
11f96e7a845449d397b9cc12c876cf2085516415720289fc44802706c7b5e8863c5b7ef41b7a6fb23fedeb6d59e831de9e2204f7550cf947dd1c9ed17c8d5719,CLEAR,"DARKNESS, LIGHTED ROAD",DRY,FOLLOWING TOO CLOSELY,2.0,56.0,2.0,2.0
11f97fd57b248e770958ce24beff85f13d0be138b8bb80c364472ca99d1d65932dd6ffa78af6fd501a89623b191365951303d325d0c5c5c1c0a24db1ac86933d,SNOW,DAYLIGHT,SNOW OR SLUSH,IMPROPER OVERTAKING/PASSING,2.0,26.0,1.0,1.0
11f9bfa3caacd0a3a98ec1ffe58bc054610c7549a19ab977809886651f7fccea469f8a38fbbb5a3fdc685181a50bd4a5877f22c3fa173c118e00393580245d27,CLEAR,DAYLIGHT,DRY,FAILING TO YIELD RIGHT-OF-WAY,2.0,61.5,2.0,2.0
11f9c8cc0921f4812175d8b4489c1d60e67a12c9c9ea8c66f47e867a9c68b2522d2a8405e95e2844789043824c7acf15c844dc2056413c732dd299adf13b223a,CLEAR,DARKNESS,DRY,FAILING TO YIELD RIGHT-OF-WAY,2.0,21.0,5.0,5.0
11f9df415c10516e09edfa09af3218f24098b135726c6204ba384aa3323c5d4c9bd3a628a234a789c1dc42fee52995da1d20e6d6aea6ca1b7fb10422496ad0cf,RAIN,DAYLIGHT,WET,FAILING TO YIELD RIGHT-OF-WAY,2.0,45.5,2.0,2.0
11fa04e8f36073c8381092f8af9ddb692f4ef5753433a9f7bf71782781e579ea9ee0f2495f1c2bab32c0ce7fff06b82d13e06c6f85c1c0f3f475f86b3a716343,CLEAR,DAYLIGHT,DRY,IMPROPER BACKING,2.0,27.0,2.0,2.0
11fa15573b28c77d30f84c7e84f6fd7ca4c2f9d105aa3e952bd939b197ed9390cb9298cd4c0d62a1bdfcc673d0c77b281bd098f6b1914d91eb22e30091b8fe7c,CLEAR,DAYLIGHT,DRY,IMPROPER OVERTAKING/PASSING,2.0,38.0,2.0,2.0
11fa2d2b7659783e496e669d763e0f68fbfacd6b06bd5f2a5751f6ac1871fdeaa6c0870b3484f22cada64e690fac45f689b3ffe7bb38b43917198d6452bff0d4,CLEAR,"DARKNESS, LIGHTED ROAD",DRY,FAILING TO YIELD RIGHT-OF-WAY,2.0,27.0,2.0,2.0
11fa32cb8ccf2fdee5175849e681e06c2b4316659aa006d33ba735ddadd128dbb48a442ae0d4f316ed2a4acf2e51c94d2b572112115f9eb319f74a6d1578c051,CLEAR,DAYLIGHT,UNKNOWN,FAILING TO YIELD RIGHT-OF-WAY,2.0,25.0,2.0,2.0
11fa32ce7b655695735587b26d585d8d5f3a58b9d048cf9328c1770741d58f707c6606c02ce2da1554cf5637279a0f7154f5ef36872f03abb2606b17f5b7ff03,CLEAR,DAWN,DRY,IMPROPER OVERTAKING/PASSING,2.0,39.0,2.0,2.0
11fa54d8bdf4fd17f06d5c5d187c71401da251babf1ea25d342a48ec73673b070af97fb173177f5d5e80c239b24ddb2115a016800a4e003733c1eb4e076e4ad4,CLEAR,"DARKNESS, LIGHTED ROAD",DRY,DISREGARDING STOP SIGN,2.0,32.0,2.0,2.0
11fa5bbadab2d999a40ea0ca53cdcd0a93550e8d90eedd07b27e23fff83227200e38417b8a5e96397b1ca21974f26481708687059c16d29e63ec945de033fbb8,CLEAR,DAYLIGHT,WET,IMPROPER LANE USAGE,2.0,43.5,2.0,2.0
11fa64010bce85ee4305c90a41308c04a759e164f1fa61412d44fd0648f39ec64da5f16b113691d3ec0dfe09145e284b490ea0f9b4a73b105fcd931b54ebcb9d,RAIN,DARKNESS,WET,IMPROPER OVERTAKING/PASSING,2.0,48.5,2.0,2.0
11fa6f3196162af7985b072a70cb4f9aa388cd316000cffbd536f1974789768101b62e136b7e9e5f111e43cea3e099a76e8f5b8a7edbe10c92f60933bd407e5a,RAIN,DAYLIGHT,WET,FAILING TO YIELD RIGHT-OF-WAY,2.0,36.5,2.0,2.0
11fa7690f41799c18435e3347a29a1a637366b846a556a922ce341440651c4828e8db347ef0fdf87e99e057e560d1e53f2cf6c5e9188b8e316cee0b56c146da6,SNOW,"DARKNESS, LIGHTED ROAD",WET,IMPROPER TURNING/NO SIGNAL,2.0,38.5,2.0,2.0
11fabba349be9c96357a0b602dc329550d49cb9e5700542207a5f493885e6ef44fbf7e11f211de7ef776e895e6d3900f1d9b512f171608820569f84f6d182fe0,CLEAR,DARKNESS,DRY,DISREGARDING STOP SIGN,2.0,34.0,3.0,3.0
11fac8a35b0e2333c3a85d64893e89c5382c46f4af97bc56f91eebcf46ddb35dd731bef98c363b3770d14807eb5f2a2cf58cda9a08152782b687e46d80416128,CLEAR,DAWN,DRY,ROAD CONSTRUCTION/MAINTENANCE,2.0,51.0,2.0,2.0
11facdea88e19673db0a9c6e92868081e3800b14d60f8a5edbfb49dd4eb906b4a1f557c583bf31d916403cdc9c2243c23e2821a0cd65583fe1d366270942ba5b,CLOUDY/OVERCAST,DAYLIGHT,DRY,FAILING TO YIELD RIGHT-OF-WAY,1.0,50.5,2.0,2.0
11fad1833dccf58158b65ab9aeafbfe1aebe4701bb1dc158b40d33c0fdcbd832142dfceccc0550ad482f00dcd132ae7ecf39496c650af539fb0b1fa92959e4dc,CLEAR,DAYLIGHT,DRY,PHYSICAL CONDITION OF DRIVER,2.0,32.0,2.0,2.0
11fad836305d8aca69afee972b8d13055fc45875c2a5ef20b3027c8c1426af7a3a2e7fc0929426b99b106e81ea2fae7d443f2ded82b70468c12ea46fcb576eb3,RAIN,DAYLIGHT,WET,FAILING TO YIELD RIGHT-OF-WAY,2.0,35.5,2.0,2.0
11fadf0c788c1da1ba127402e6eb3f59dc08cb50198e9d6473535f1a095ad6251b34f9b24bb5280c179d1dc7e367a0aef1959d6ce06f0b82a980716d6a47b025,CLEAR,"DARKNESS, LIGHTED ROAD",DRY,FAILING TO YIELD RIGHT-OF-WAY,1.0,23.0,2.0,2.0
11faf450bab97920e7d4b35bcaa35fb2c93638e58f38688cdb4dfdf30c1812adabc58ba54e26eb573bed6828250d19b04ca8c52b4d229752678022ddfdebd72e,CLEAR,DAYLIGHT,DRY,IMPROPER LANE USAGE,2.0,45.0,3.0,3.0
11fafb789c030d7cc38da30d64fa3cd36f6ca8b0af82031b378948c8f72d1e827b574685d8703af125cb3272a9a3a62d3794d611f248700a323fe86e1b89182d,RAIN,DAYLIGHT,WET,FAILING TO YIELD RIGHT-OF-WAY,2.0,45.5,3.0,3.0
11fb0d1aff64ba6e31c9376932bf58497579f57c09a1bb9be05ca5d018f81559e82a35b63a627b71face5eb94a9cbecf090dcde12d5891adce0829d5c57f1c4e,CLEAR,DAYLIGHT,DRY,IMPROPER BACKING,2.0,27.0,1.0,1.0
11fb0d21a71713f0388d858ad072880eb0503da7883fadbb992a3a934091ebebd89b395da8e040d4bd38bafd73b75d3be55068787ca7c255ae3b6ee9b8bd76dc,CLEAR,"DARKNESS, LIGHTED ROAD",DRY,FOLLOWING TOO CLOSELY,2.0,60.0,2.0,2.0
11fb4525dc3214c263b2227fda40fa771c82e8a5b0d1fb1152a104093c8db39ccc3637ec8002be108d09111fdc39290addcccdafbe60f28308ccafc67e399e26,CLEAR,DAYLIGHT,DRY,FOLLOWING TOO CLOSELY,2.0,40.0,2.0,2.0
11fb5dae700b940d5afe1d9689d21247ab11d9d1b4f26300252f43b35aed14345c7d009471cf42d9c26a8efbe17cd9c5eccd32a22c5c9e93af713f216c6162ec,RAIN,DAYLIGHT,WET,DRIVING ON WRONG SIDE/WRONG WAY,1.0,50.5,2.0,2.0
11fb6a50062860561ce5e8754ecd8a6b1422b771875d2ac0d82d1bea383ed61078c0b27ec60f0d386d0ed0f5cb638cec24e6a29ea5819d31c510308cc08c5875,CLEAR,DAYLIGHT,DRY,FAILING TO REDUCE SPEED TO AVOID CRASH,2.0,30.5,2.0,2.0
11fb9a6c66aea75bd0d1f528cf3059242b7136d4745b76992a10f3d2f23c5f138e85f92cb92edc4937b5bdd5047a2fc16b937807c390b7a6ade5727099601aa5,CLEAR,DAYLIGHT,DRY,IMPROPER OVERTAKING/PASSING,2.0,37.0,3.0,3.0
11fbd27ac4e61da3ece4c1e56840df171deba40bc10798ac466c7cdbccbcc4ebcb19da93a3814258bb2c306e1e3ae3ec70594af65535914420e40939ec84e60c,CLEAR,DAYLIGHT,DRY,FOLLOWING TOO CLOSELY,3.0,22.333333333333332,3.0,3.0
11fbf4b4e43e64c69b74c4b4d88aa3426fe18d2a0de76c103059e447e8a02fcad8b3ba7c15ed755a35c8d0862ee5bd303bcf69b92cc3101e79273085e6fbb680,CLEAR,"DARKNESS, LIGHTED ROAD",DRY,PHYSICAL CONDITION OF DRIVER,1.0,39.0,1.0,1.0
11fbfd633eacf433e54377248ca1302fd002730e632a34084af7104bd5eb73208b30b904723ebd875c41a7bdcd601881bcacea599acdbc6c9695559f02538380,CLEAR,DAYLIGHT,DRY,IMPROPER OVERTAKING/PASSING,2.0,67.0,2.0,2.0
11fc0d0a6b199d34a50be6cb570cb6eca51228336166e42e6f45a8cc33bc8c3bf3dc995dc9daca5fc2c0eb42f5965240186c53d61751a727ff39d939ab51cd2d,CLEAR,DARKNESS,UNKNOWN,DRIVING ON WRONG SIDE/WRONG WAY,2.0,27.0,3.0,3.0
11fc179979a495eab48b976bc4731ac6a78c4961d1620886340c516678e19bc158dd35d34c1514ecef1ab1490475c7b7f980225c444d0edb1274be1b9306b9a3,CLEAR,DAYLIGHT,DRY,IMPROPER TURNING/NO SIGNAL,2.0,61.0,2.0,2.0
11fc45b90a840703fb495258b25713fb177dd64c0494433ea7da31132c3a64d70271d8b87124f89a9f6422b4e5c2b104881632f494201e2f11e0ead329e1b2e5,CLEAR,DAYLIGHT,DRY,FOLLOWING TOO CLOSELY,2.0,38.25,5.0,5.0
11fc542dd6e429814cd8f3aaaec5f93de7c381a039e801a0c5244c2515528875b30c1c72fbcda6b4c28157eedc748af3f5d6e45e7a8717a52f962660daf88af2,CLEAR,DAYLIGHT,DRY,IMPROPER BACKING,2.0,37.5,1.0,1.0
11fc5c35b0251c9cefe26e6793e78c949fd4cf06e501ee56cf10a76d50a6be78fd98a273700bd5e1860a20057d3b73cd4fc64219e4f90421d8edaa49e29b5482,CLEAR,DARKNESS,DRY,FOLLOWING TOO CLOSELY,2.0,26.666666666666668,3.0,3.0
11fc625f1528586a316e21e1674c7e260f512511f3654d3042694981f6996829089b185eecfb97251764d9c5f93b78c36f70abff0be9577742bfa1c3f8508016,CLEAR,DAYLIGHT,DRY,IMPROPER OVERTAKING/PASSING,2.0,31.666666666666668,3.0,3.0
11fc94111c46a7cad33bddcc5ff176c39e77cdc70b4aa285caad80158debd87e7ee8f1495cba17515dce9cf767d8d813ba098b34981228a57ce6ebf2748e2ce5,CLEAR,DAYLIGHT,DRY,FAILING TO YIELD RIGHT-OF-WAY,2.0,44.5,2.0,2.0
11fc993b3bd267e0add656231184681dc4f64dfe313c30e2ffd0b2997c3eb8eaa4cf761366359602d73e07448db893c5a6423037ad50b14a620964dae5ab5c91,CLEAR,DAYLIGHT,DRY,IMPROPER TURNING/NO SIGNAL,2.0,59.0,2.0,2.0
11fca4637beb82d765b7ef7d0baa8be15fc618a7423e65bd964d518722ed56e05580e63f350b5d56b2a90279c20d2d24aa4eb3683a541496fe12e2a043253ee2,CLEAR,DAYLIGHT,DRY,IMPROPER LANE USAGE,2.0,28.0,2.0,2.0
11fcbafebf65d09ded123b425d0377750584bd957fb89ff09c5b8125327d73bdd7bdfa5d28e34c5cea9fd51eee263a441ae43d094b3e19334e9271e426bf3f0b,CLEAR,DAYLIGHT,DRY,IMPROPER BACKING,2.0,18.0,2.0,2.0
11fcbbf7fdcc8d32e2f1f1650e6c51af3f9e8e18ec3034b2b20c5d5ded05bbe98dc700924f13137343bd6bcec45b448f189efdf9087664af64555eaf6a655b72,CLEAR,DAYLIGHT,SNOW OR SLUSH,WEATHER,2.0,28.0,2.0,2.0
11fcbdbc97a003e77d1a627e679a21be6f8413eeb0cdd342ad6324c11f053c8698e0cbfd7bcb8d361b60c458fe347a0b1d65e9a00b5921a13926c961f6b18d09,CLEAR,DAYLIGHT,DRY,FOLLOWING TOO CLOSELY,2.0,37.5,1.0,1.0
11fd03ec586147cc25a4d83a0a35bec4fb276ea1e88ac894fe4aab42ce9224204f0444e297433aaa95f475ed8f8e638cc47fdeff2074b7ad466144607cec4aad,CLEAR,"DARKNESS, LIGHTED ROAD",DRY,DISREGARDING TRAFFIC SIGNALS,1.0,22.0,2.0,2.0
11fd27c048e0cbff5992865a80a948612e0812d4cf25b82aaee641ef2b9af90c5a6cec6f7de37b86745556ca1f5b8c4a09f9423bec0ac65b67d348477df32549,CLEAR,DAYLIGHT,DRY,"VISION OBSCURED (SIGNS, TREE LIMBS, BUILDINGS, ETC.)",2.0,27.5,2.0,2.0
11fd5cb512057e89f0eb7e8c6d9e7af916b8065281bb5b0b6b3ce49a93f727aaf0487523407787928736825f054c3d4cdb22cc8212b77437eada756330a867e1,CLEAR,DUSK,DRY,FOLLOWING TOO CLOSELY,4.0,36.5,4.0,4.0
11fd6262b420b87d34ede0609622df21dba513d2fb49bd4c9c0a38b6293f716b7da6eaf1a01a2f2c0eb041a4e45e754298868e7327cd9d6cd99911e3f4e38dfb,CLEAR,"DARKNESS, LIGHTED ROAD",DRY,FAILING TO REDUCE SPEED TO AVOID CRASH,2.0,63.0,2.0,2.0
11fd701a36f8f979aa63338ac5cc17d4d83418f10fdd5a6ed8c8b8f941f3e75ad744a8c2522eb057a59053c00a62fb20514b5263a499ceccd5ea42f2d8ad997c,SNOW,DAYLIGHT,ICE,FOLLOWING TOO CLOSELY,2.0,28.0,2.0,2.0
11fd797b8dbb00f490104f28166379b3d2ff73544b2ec07ee2b61406b6b56586a46e252f5ca368436af7938bcce1e0c6e4b711dd952dffa134b17160c3656c08,RAIN,"DARKNESS, LIGHTED ROAD",WET,FAILING TO YIELD RIGHT-OF-WAY,1.0,35.5,2.0,2.0
11fd822aaf95b828160892e222385d24f409efde0f15c85c8f4094379ea8991734515631e35edc7777b0f2b4a7837d64f5a01a2ab20f8a5560c587c785fe1c43,CLEAR,DAYLIGHT,SNOW OR SLUSH,FAILING TO REDUCE SPEED TO AVOID CRASH,2.0,63.5,2.0,2.0
11fd87599e9b9d62b2da75d03fda2c3bc0ffa01ab54c006dd218a334daf0b48b2b883408da4f17b45ce086e187780ece4997b33ba3df5ddec6b87306df185261,CLEAR,DAYLIGHT,DRY,FAILING TO REDUCE SPEED TO AVOID CRASH,2.0,45.0,3.0,3.0
11fd943a0ad3969e10b10b82956284cb6991bac4191ff3e42aa3b373ef3ae1560362566d759ef573e7cca455b9252b8c512c1e2bd86bb500c4c88153bd552b0d,CLEAR,"DARKNESS, LIGHTED ROAD",DRY,IMPROPER OVERTAKING/PASSING,2.0,48.5,2.0,2.0
11fd98a5910303be62af771b5c816a4eb4cf97ffde9382241ffda2501d4550d14f03893396c8bc80b16d52c61d907e1bf45deb9b94da84f0f197775908240db4,CLEAR,"DARKNESS, LIGHTED ROAD",DRY,DISTRACTION - FROM INSIDE VEHICLE,1.0,29.0,1.0,1.0
11fd99cf398c4c8e36f2359ee50a6d6799dcbe9fe897beb12f9f27114918c9cd45a41e708565c2f66e8724ea565ff02da9c0d5d0092e2ffb89c97fe179266b48,CLEAR,DAYLIGHT,DRY,FAILING TO REDUCE SPEED TO AVOID CRASH,1.0,15.5,2.0,2.0
11fd9e2ea3caea6669116fabef7801183aaf62ca96525a7c04c5556d6ac251109f4c7ab57b25b7fb8a0a3298a5a35ddc92b68e6b6e97e1dc20dbc23b89964e51,RAIN,UNKNOWN,WET,DRIVING SKILLS/KNOWLEDGE/EXPERIENCE,2.0,37.5,1.0,1.0
11fd9f39b74613cb7d4a93dfcf8054a6c866c21b0a84d5dfda62f1180ce38af36633bebe0b8648d9c4766e441c8d316dba419d5f36b17139cf5773107c127e0f,CLEAR,"DARKNESS, LIGHTED ROAD",DRY,DISREGARDING STOP SIGN,1.0,32.0,2.0,2.0
11fd9f3bfb8ddcc6f49cbfe39a95027a348f3abed9d402656fe36c9fe8de51510ab7157086f398742de645b889d27fa4ef83464b7369a47335c497a658111c97,CLEAR,DAYLIGHT,WET,IMPROPER TURNING/NO SIGNAL,2.0,52.0,1.0,1.0
11fdd1fc04a0efd1e6f24be751f04d590308723ac6f34d4204cd2a313c0ce3630574aaa1478aebe727fefeaf7d99903b08cfbae43869bcbe4dd2b221c0d49d30,CLEAR,DAYLIGHT,DRY,IMPROPER LANE USAGE,1.0,34.5,2.0,2.0
11fddc67b7ce695d1840f691ef2072afce7a17901052c0ab1c3513cc8964b5e6a18d61cfc0a04deaf4524aba8e4d8244edfc0eb3532b780eb0e3530fda66516c,CLEAR,DAYLIGHT,DRY,IMPROPER TURNING/NO SIGNAL,2.0,39.5,2.0,2.0
11fddcfcd3e22abaa1866ebaa3f8446cd09cc3bd220cafc5c52e1a189e2bfd2d162635f156470d040c19b6dd52d75aaa16cff8eb867121f2dd737a490bdf34f2,CLEAR,DAYLIGHT,DRY,FAILING TO YIELD RIGHT-OF-WAY,2.0,28.333333333333332,3.0,3.0
11fde3177840dbdf2a4f2093f77dbb5cf4c9e9aeb0b5eb07a59fdb9809e44de7706107c761a49eed8e14e2d93a4fa6fd2c9da9433590fec437de641ba6ff5c00,CLEAR,DAYLIGHT,DRY,IMPROPER LANE USAGE,2.0,23.5,2.0,2.0
11fe1dec6402bb677939c38546d4998dedde471d82a1c9e68781b26d5e8dbba48c0526f91c6988e80c7fd064fc190c07364ebd364a4a931dbe59a3707ad917ff,CLEAR,DARKNESS,DRY,FAILING TO YIELD RIGHT-OF-WAY,1.0,36.4,5.0,5.0
11fe5ffbd16fbe4ceeaa620f69c262970372db2fef846c8de2e0c7ba0b45db599c7b9d052a76fd6d6244510b1f625086f29e48f2529139cd71e23655e3d86153,CLEAR,"DARKNESS, LIGHTED ROAD",WET,IMPROPER OVERTAKING/PASSING,3.0,41.0,3.0,3.0
11fe65f190f5ee731eaa5229bfccc81e1057f2294560438c743ebc3f025e3a5371a4993de859afbdc2de183b9000ab6fc00f9da6643fc6585173302ced2ed51c,CLEAR,DAYLIGHT,DRY,FAILING TO REDUCE SPEED TO AVOID CRASH,2.0,38.5,2.0,2.0
11fe70fc2fbea11b0652c7245f4d1a926b4050aa55612e0c3924f24a485695d650304d122cc6c748d84456f856520d5ae4c1a63135956b094748924eeea79f37,CLEAR,DAYLIGHT,DRY,FAILING TO YIELD RIGHT-OF-WAY,1.0,42.0,2.0,2.0
11fe7ab2af4631c109aa4f10bbaf8480928e6b34c501e6dd0aa3bf3470bc0016dc18667c8dd26fe09671e3aab7d1ebdc9361e9ff35701c9928fae928e993f2e9,FREEZING RAIN/DRIZZLE,"DARKNESS, LIGHTED ROAD",ICE,WEATHER,2.0,56.0,1.0,1.0
11fe87429110833983d63f4074bd1359734111affda698f14212aecf99d6b8245e5fbb1a71a32d321993cb0f64a252b3b45d08d1ab3070022c9319f722cf627b,CLEAR,"DARKNESS, LIGHTED ROAD",DRY,CELL PHONE USE OTHER THAN TEXTING,10.0,26.0,1.0,1.0
11fe987a41b0b972bb76b925d7da27ab4f3b9373599925d9e165cd31bdfa35d6f0a0ecc7e3bb7b2774a47f3f47e71f0280823dc0549befd1bf63d9e3ff2ba25d,CLEAR,DAYLIGHT,DRY,FOLLOWING TOO CLOSELY,2.0,34.0,2.0,2.0
11fed151909b5a4c550113e7b4e83a7381dc2161635284ab2d377ab57aba0cc029cf406059dfd1ac4a088cc81b2a64cc7f5dfd29a70a94c0ee217d8f35087c88,CLEAR,DAYLIGHT,DRY,PHYSICAL CONDITION OF DRIVER,2.0,29.0,2.0,2.0
11ff24507c012ab4abb1ec80a2788160db9525f510418d86ccdfe2b1b8b0685d82dc584b2e4ca0c2ad997824a26d5297d5dd729651705030345685dfc3a73cd6,CLEAR,"DARKNESS, LIGHTED ROAD",DRY,IMPROPER OVERTAKING/PASSING,1.0,27.0,2.0,2.0
11ff257c6ec5717597596cafceae7d11bbf2bca1d5debd59fb268df14ca6b9a50db3c90adeca4fa5f87ee2b99a9afe27b00747f1673383e3cff8227dac000cb5,CLEAR,DAYLIGHT,DRY,DISREGARDING TRAFFIC SIGNALS,2.0,44.5,2.0,2.0
11ff3b15fe46b5365feca6ba2adcb6016267fb5a3d819285494976f1070ad2058b142c364a0b985a7f73972b5753265e92044a1f6595fb1d930c5d6083d5e0f8,CLEAR,DAYLIGHT,DRY,IMPROPER OVERTAKING/PASSING,2.0,0.0,2.0,2.0
11ff3bfd21f25461e4c352559e63bc3c8796ed7099f9db8908f5f3c735ea18ee6686dfb8dda71e670faa9b9405c97445889d48ef37b4e3fdd4a76faaf38424e1,CLEAR,DAYLIGHT,DRY,FAILING TO YIELD RIGHT-OF-WAY,2.0,37.5,1.0,1.0
11ff5eae07748ca1e58d26f813b3735d456eb5c1e5d400e9c347b9aa9eea5251392dd9233c458e274899811e284963572a8885aec2bdce914f869a8e95107894,CLEAR,DAYLIGHT,DRY,FAILING TO YIELD RIGHT-OF-WAY,2.0,33.0,2.0,2.0
11ff9170c1bb946a9b2c28001cac335f698ce8609c6e1589d9edbb0b9ff1e2c25fbc98a4b95de1edaa1f57534f4f7be80e65550732ff5b867943cf2842cf2d7f,CLEAR,DAYLIGHT,DRY,EQUIPMENT - VEHICLE CONDITION,1.0,31.0,1.0,1.0
11ffaf147f45c09a8a43f0ea3414a51b28987a982f53fe64f730ed5a5ba5bc25da32df702c1a75e40228ed343cbe05e293a6bec29abd25be171f92fba49b69f5,CLEAR,"DARKNESS, LIGHTED ROAD",DRY,IMPROPER BACKING,2.0,29.5,2.0,2.0
11ffce0e1e0187867494fb1a5e5416a7323a37277d30359356b12c0c3f9d199a439cf13b9ea9d5af1b1ae03f2be914d64484fe82972ccf143adb2578f1173e21,RAIN,DAYLIGHT,WET,FOLLOWING TOO CLOSELY,2.0,22.666666666666668,3.0,3.0
11ffe8406260ef78517436144724b423e7d1b1c55fa82c07b303ec80a24d2440a90d5712d7506ebcd1841274cf363ff83463df8d35584c4168206914a3fe0fbe,CLEAR,DAYLIGHT,DRY,FAILING TO YIELD RIGHT-OF-WAY,2.0,45.5,3.0,3.0