crash_record_id,weather_condition,lighting_condition,roadway_surface_cond,prim_contributory_cause,total_vehicles,avg_driver_age,total_people,total_injured
11fff575d29dce809fea0c5dd8d46e31c2d42f98adca3f7710be8b39da6f95502ef7b4086dd57bbe768894dcc8426cc77fbb11d6eff0d817d2e20a0f137ecb49,CLEAR,DAYLIGHT,DRY,FOLLOWING TOO CLOSELY,3.0,25.0,3.0,3.0
120016fb563b0c39a0e117cac18eaf98c187988b9ae68d6762dfb5a49cc4760ab42493d66f586a23198da06612aa77b935ac1153692d7eaf92ec425a069d73d4,CLEAR,"DARKNESS, LIGHTED ROAD",DRY,FOLLOWING TOO CLOSELY,2.0,33.0,2.0,2.0
120034fb24102742783a3bf99a6e1255d17a7ef797838e15e9fbe604b8e000cb044a8fdcc3a8456c1c400745aced363f92a67cf0f7467e7ca7981c7c56a7c30f,CLEAR,DAYLIGHT,SNOW OR SLUSH,FAILING TO REDUCE SPEED TO AVOID CRASH,2.0,31.666666666666668,3.0,3.0
120048e54f65f9ecdff219b1113bb2605c4fca8422082ad68eaa1c121af9ab6214cef331dc59f2d38ff6cb77ff3827b5cbdc807fe1463b031c23857b4d5abce5,CLEAR,DAYLIGHT,DRY,IMPROPER LANE USAGE,2.0,48.0,2.0,2.0
1200549e247aa7ab3f9e5febde75b307a90284bfd0c44bbcaa4cbd7c4e3ce195c1ed77642e95dd01ab671cb8505e55b86beb39d94e8505b801dcecb70c77ab5d,CLEAR,DAYLIGHT,DRY,FAILING TO YIELD RIGHT-OF-WAY,2.0,46.0,5.0,5.0
1200658f4bbaf26295012da5901b7d8960a4de87772641e4b796768f1a0eba8de44c8c8ba59e1e016d90e1ccdc118dc5e4df430c76c4552417a3475f5447ae16,CLEAR,DAYLIGHT,DRY,IMPROPER LANE USAGE,2.0,64.5,4.0,4.0
12006890853d4b7bcdafb6cf773015c490887f726115fff02dadcad12d422b310756652864803a82ecb48c28bbddabb8239db45c703c1a8e4d6e21f8f011273b,CLEAR,DAYLIGHT,DRY,FAILING TO YIELD RIGHT-OF-WAY,2.0,63.5,2.0,2.0
12007548715d132be29e4fe467290cd44b0f06ba8ca3f77fabda941866983424db6ae399f836245ee31e85b83a1f4a919b59fedafb22cf1768fa3d88d8d2249b,CLEAR,DAYLIGHT,DRY,FOLLOWING TOO CLOSELY,2.0,43.0,2.0,2.0
120081fecebd2ce4fb9c242c16f77e5b2857bd689635075ffe05dba8526df91215bbc97fa156385bc3728370d9ca3ecb8beb11e670a0e6f83db223eded58747b,CLEAR,DAYLIGHT,DRY,IMPROPER OVERTAKING/PASSING,2.0,37.5,1.0,1.0
1200b53d0b89b1ba3eebb8a429e4193bafb53a64be7ed029f025d4baeef4b60d612d2bb5ef4bd452d9aa5bf2c537e00b2e8ffdf38ab7c59b7d5b574a50aabec2,CLEAR,"DARKNESS, LIGHTED ROAD",DRY,DISTRACTION - FROM OUTSIDE VEHICLE,3.0,47.0,1.0,1.0
1200c1895a49c3dddc1ba169c4d99bba059da88ca0a47815484902d0c493521651666bae543b3174f7af9b1cd4c2821f7a50fd1eded0cda4a9454c85f873ac7f,CLEAR,DAYLIGHT,DRY,FAILING TO YIELD RIGHT-OF-WAY,2.0,41.25,4.0,4.0
1200ee4a9658ac481914bbb256e50e170190e191151a931e36499cd83a42978c6d9794e21cd8871c786257057e446d35f4176783784c2791d768340e36c0a304,CLEAR,DAYLIGHT,DRY,IMPROPER OVERTAKING/PASSING,2.0,26.0,2.0,2.0
12011877f0ed7a734408ad5bcbc54a7216eca8cfa820fef50a25a5cc6d3f334264fffd0022e664645634e6750683d24639d59394322d032ef3bc48349360a2ad,CLEAR,DAYLIGHT,DRY,IMPROPER OVERTAKING/PASSING,1.0,42.0,1.0,1.0
12012e0fcc29013575eeadd27f3b64440d80300c80e5432f4fbf1b132ee8832db323e802eb701579720ef0b0989edbee6d683fa2e5d1c433887e9710c8613e9f,CLEAR,DAYLIGHT,DRY,FOLLOWING TOO CLOSELY,2.0,57.0,3.0,3.0
12014d5403ff9600575a66d370c0f4b80b485d0e2c7a531d454998726e7b2c0cab396643efacbc7d59f9cdcbfb19460d2042b697f39f7e1bce3c123e97b815ac,CLEAR,DAYLIGHT,DRY,FAILING TO REDUCE SPEED TO AVOID CRASH,2.0,43.0,2.0,2.0
120157e094b49a08be0ea271ec20e394e23ded1b53f0d57254ad71f0bf6a94cd9932574a080ccc67f0db8c2abe30343a37e975db76f75022923ce3a06aaa3731,CLEAR,DAYLIGHT,DRY,FAILING TO REDUCE SPEED TO AVOID CRASH,2.0,39.0,2.0,2.0
12016597b19eecbc81a19f59ea706d6b7571d70c31773d9860808f53615b0fc8d0f5a2f54c85e6763493b34d2940b75c7efd3d896ea6836ac3fbc9e59423b9ff,CLEAR,"DARKNESS, LIGHTED ROAD",DRY,IMPROPER OVERTAKING/PASSING,2.0,26.5,3.0,3.0
12017d7b541db058686bd3aa8f881e127e0889fabc6b0847506e1bc256cd1d30dfc606f744765278e956448a4906435338e6bc21c9d502a502da9d1088db1f0b,CLEAR,"DARKNESS, LIGHTED ROAD",DRY,IMPROPER TURNING/NO SIGNAL,2.0,42.0,2.0,2.0
12018220b7263932df80025f78055fd2c33b60a30e5a2b443ac582450952a3c10275876bc11541b511b15e11679167a326cfcc0fd3d99d0231dc09ba36013f13,CLEAR,DAYLIGHT,DRY,FAILING TO REDUCE SPEED TO AVOID CRASH,2.0,24.0,4.0,4.0
1201904aa02091ca2e95822d198df89ae1d1337afede582d4c307db9cdd566ee5030d71b73209ab3701b3c9f7948a7815ee69dedaf302ee7557ee2b355649fe9,CLEAR,"DARKNESS, LIGHTED ROAD",DRY,IMPROPER OVERTAKING/PASSING,2.0,41.0,2.0,2.0
12019fff95fd14e3b83f40c9270fe97c42aebbf2ef1959aeb2812c6cf5dd78d0f3b6a838b2a235a71c897d1ce9adad920cd48a07c85b8c8e8b40b07acf4ebc85,CLEAR,DARKNESS,DRY,IMPROPER OVERTAKING/PASSING,2.0,32.0,2.0,2.0
1201a0e647077d38eac41789d63a2ce633c57e04883b65043fb95d0a2e6c2488a74b1dfb5d79221d2d90d75d159d4e4f426c8b4c3ce27780dd4273b70e0c8007,CLOUDY/OVERCAST,DAYLIGHT,WET,IMPROPER LANE USAGE,2.0,49.5,2.0,2.0
1201d1f2cb463495719511c214ef5005953c504f48846b0e0af477282cff89177e7de827b357f1d9c958d122caa6915cd8810ee60f399280d2418fb0d70af64f,CLEAR,"DARKNESS, LIGHTED ROAD",DRY,FOLLOWING TOO CLOSELY,2.0,37.5,1.0,1.0
1201d9966d0d9a69f8073ea2facdc3a4927577dee348e92c77205996e878e35d2639ddf3bc545dfee34c9663a9bb36bbdbebc874a8a74c29154ad00b1948994c,CLEAR,DAYLIGHT,DRY,FOLLOWING TOO CLOSELY,2.0,41.5,2.0,2.0
1201ef6bf94bc84936f94edd14d9a359b65ba29e72107fbb59d0810786fe4176bce84ee88f5ea66efb8ad8a761fabf7dac9ebaca384a3a3c00c5059ab6eb2211,CLEAR,DAYLIGHT,DRY,IMPROPER TURNING/NO SIGNAL,2.0,15.0,2.0,2.0
12020b2af2f5b2ef82714758d7ff722609a8bd010aa6d66768b573178ea988e4bf299c18d22a4775622b89cf01ac734ba6de382d7c36040230d6207753919c42,CLEAR,DAYLIGHT,DRY,DRIVING SKILLS/KNOWLEDGE/EXPERIENCE,2.0,39.5,2.0,2.0
12021f134254b63bd1d94f212ffc630c6d21b73fd13e6ca615eab5ad191a2f0d4ce2faf87ad6f4330427d708fa9ce3b2750b4a9f051554d63772456f7c4d51c8,CLEAR,DAYLIGHT,DRY,PHYSICAL CONDITION OF DRIVER,2.0,44.333333333333336,3.0,3.0
1202310a4686673bde04d7f0529d82c61a5398b4f4331f467ffefaa3afc121efc5273a03ad4a5f6f36a3e35cec1a2173d1721c688cd4d31c594d29b2b3400a5b,CLOUDY/OVERCAST,DAYLIGHT,DRY,FOLLOWING TOO CLOSELY,2.0,54.0,2.0,2.0
120253cb97565854de4cba8ba074551ea3385cf3bd4cf6fcd27fc825b5ec56995106abd12fe3113d13b25e72ca50ebed6c8367f90873650f6350ecc7e13ed942,CLEAR,DARKNESS,DRY,EQUIPMENT - VEHICLE CONDITION,1.0,20.5,2.0,2.0
1202650d4309cfc4cec0f1087b47c2a013cc7d82d51b93b397eec43fb0df9adb173511a33298606687989d93e36f8a6a2f2be9c5ee9be00dcf8f26fa86e262d9,RAIN,"DARKNESS, LIGHTED ROAD",WET,DISREGARDING TRAFFIC SIGNALS,2.0,58.0,2.0,2.0
12026dcc0699899f5894bedb51dc3fd066e9e9edeea4a647beb8e8b31cd2a226fbd3eb32e8c55e2f0833eb0730aae195135ca72cf4a2e10e9a4691437f481a5c,CLEAR,"DARKNESS, LIGHTED ROAD",DRY,FAILING TO YIELD RIGHT-OF-WAY,2.0,42.333333333333336,3.0,3.0
1202829ca190f5882cee77095d490e934a9c2a2a7445f821bfe5cc48f54d31a06f70574499369ff3622d53261cb4fc79198ca24e7d6cf31917244f3171ec3f95,CLEAR,"DARKNESS, LIGHTED ROAD",DRY,DRIVING SKILLS/KNOWLEDGE/EXPERIENCE,2.0,45.0,5.0,5.0
1202a66d2894200ce942ee9b431fb691e97ba8761c6f1b0e47ac5c9dbd564afbfd75d9b3ec726a97e2f5c3575cee6d7d42e5b1af90efabc54fc76562b38c94cd,CLEAR,DARKNESS,DRY,FOLLOWING TOO CLOSELY,2.0,44.0,3.0,3.0
1202a93fd289fbd2cc2383b53a827db570a7603de6ce050b383dd8bdb5b2f63742bb883e773382d4a5d0640b982c939a07f775b45e39f2d0d53b22f9c680e7cc,CLEAR,DAYLIGHT,DRY,DRIVING SKILLS/KNOWLEDGE/EXPERIENCE,1.0,69.0,1.0,1.0
1202ef47f392d0f6e760f55c40c25c8e15e6aa3f97c744d265e2fd01f2dfb6b76305e80842d48a98bd573e21bee86f02beb4347d3a1c3eed7c8493d15ec54935,CLEAR,DAYLIGHT,WET,FAILING TO REDUCE SPEED TO AVOID CRASH,2.0,23.0,2.0,2.0
1203067920115373bd80b88d36628e4b0aee4118d004265a227c54dc6286b2325f4a2a6d5df72f3a55d1d1e7860fb5cc88978a43ef1c7b8142b20309a806297b,RAIN,DAYLIGHT,WET,IMPROPER OVERTAKING/PASSING,2.0,59.0,1.0,1.0
12032852f89213260cf3e07f732c15ed82c936e44008f47ada13e468c7c500fd1ca8f1db32e2332116fcc4393d9309acab70420159b959f286a0e2c83c1c74bc,CLEAR,DAYLIGHT,UNKNOWN,DISREGARDING STOP SIGN,2.0,39.0,2.0,2.0
12034fd53a3fc552f34acd34b95ca66725a1f6dc0f013b3cc57867816de62c4a71eae6466a811302d8ab5c187e5706c744eff5907eca33dbe890873f25ad0aff,CLEAR,DAYLIGHT,DRY,IMPROPER OVERTAKING/PASSING,2.0,26.0,2.0,2.0
12036304bf46b2aa9ef10b1c5d3303631612ce5f944f925fe5d1f4d130b0c594b4b647869991124018e1f66305470b1b6404b880eae6ff8b7f9cf9cbf8464de8,CLEAR,"DARKNESS, LIGHTED ROAD",WET,FOLLOWING TOO CLOSELY,3.0,17.0,2.0,2.0
12038a2df617300761bfcb7646f8e1c039e66827fd5f5c74098bf117c8b60971f3fc5a9ed807011b3cb3fb3192ec64800fb9623800c1a8ffd50ed4680e594fa5,CLEAR,DAYLIGHT,DRY,FAILING TO YIELD RIGHT-OF-WAY,2.0,14.0,5.0,5.0
12039c5f2010d05af4920118bca875efe7ad00c12d848e31a7b3915d6a4c2c1e2bc4d520509e5613ae7379d198341bd07e5cb770ff3acdcd5b36eb5b7f66e687,CLEAR,"DARKNESS, LIGHTED ROAD",DRY,FAILING TO REDUCE SPEED TO AVOID CRASH,3.0,31.0,2.0,2.0
1203cb0cf5fc9f2d8926ffe1acdee502cd689a5a1047884e97d0dd51c68efc2672b9d29e51a59c98940cb316fa82de09a6d30aeca4fdb3e5e0c4c291a77f7c8b,CLEAR,DAYLIGHT,DRY,FAILING TO REDUCE SPEED TO AVOID CRASH,2.0,37.5,1.0,1.0
12041370c65a88ce9594bcb2e282ed481b1bdd3421fa4ed4194eafc6201ad29ca94edab6bf794a81eb86b58c4a4041b426054978d5277155e0eaa0e347bae6b4,CLEAR,DAYLIGHT,UNKNOWN,FOLLOWING TOO CLOSELY,2.0,23.333333333333332,6.0,6.0
12042439b912788219b09efe9c3369fc88f53a0869f5546387dfdcd1265190e5ede90688ba168fb614735677b407c63a0d842a852a53d635d88f39a02a58071c,CLOUDY/OVERCAST,DAYLIGHT,DRY,DRIVING SKILLS/KNOWLEDGE/EXPERIENCE,2.0,67.0,2.0,2.0
12042fff1c521d790ecbe08ffbbff4e44802257052275fc9f5ce39275e9d5c51c2eb166353ba2a2846869df8a900785d3c2c21d3a2af9397c4a0bad91e3ea90c,CLEAR,DAYLIGHT,DRY,FAILING TO YIELD RIGHT-OF-WAY,2.0,50.0,3.0,3.0
12045a5d647c9842edaedb82d56d0628bc5e4fc9e8e6df83530c13e3c4649fc73807329c81a95887fbe8f651f792e49b9d755d8f9e282e30117801f8e7f2466f,CLEAR,DAYLIGHT,DRY,DRIVING SKILLS/KNOWLEDGE/EXPERIENCE,2.0,37.5,1.0,1.0
12048fa14da4a55002555f3f4e7af8864687cdfb5ef23c93c1434f0fb46d1f2124a4bd150ac255b5e5d0a621defe6acf152f6d86ba8296a6b94b1b1d1349e08f,CLEAR,DAYLIGHT,DRY,FOLLOWING TOO CLOSELY,2.0,40.5,3.0,3.0
12049c5569f849b7d088ed7b3a589ecdd6fc76a221b9d4352512f56259b1abf6997c76fe734d988f44ba3361ecde7d0335e8ece7f7a904b927a2632753bc0155,CLEAR,DAYLIGHT,DRY,IMPROPER OVERTAKING/PASSING,2.0,42.5,2.0,2.0
120516982846d2ffad62f665798ff132b8bebfe88971038c5032795cb03511d49780f7205f9f194d96134223591e8e40232a09c37891f064a2b5637d74173854,CLEAR,DAYLIGHT,DRY,FOLLOWING TOO CLOSELY,2.0,40.5,2.0,2.0
12056e67b5fa3ff7c6e95be43eefb8b91afd3aa960b54563b154e1ba908f3e5fa0931385aac6c59b82843ba71b405ab49c463d8aab21a12d8db0be3716eb90bd,CLEAR,DAYLIGHT,DRY,FAILING TO YIELD RIGHT-OF-WAY,2.0,73.0,2.0,2.0
12058e360abcde0b747f36b2fc93b8dce1e4087e9ad833e030679188b85178087c2c2bc4dbe1dd17c0788a33941729da744468d68d2b44b68dee388bcba76e30,CLEAR,DAYLIGHT,DRY,FAILING TO YIELD RIGHT-OF-WAY,2.0,29.75,4.0,4.0
1205af830e56a9dca49a71cd078f0b7c07bdc05b9f581074d520b0ef05d5fda17b776d125063d1cd327d630da4aeb2d0b233119d55ee8ac46f40fc9753fb3676,CLEAR,DAYLIGHT,DRY,DRIVING SKILLS/KNOWLEDGE/EXPERIENCE,1.0,27.0,1.0,1.0
1205c7bc904e103422f69b4fec536d56e4fb2177d3c798e69207dc8a3c7860bd587a23550abad2395be7066da598df4338466bb26a9ce96f3bd30773e24eb7eb,CLEAR,DAYLIGHT,DRY,DRIVING SKILLS/KNOWLEDGE/EXPERIENCE,2.0,36.0,4.0,4.0
1205ead446323e081653337d04f14ae829fe4d10d7d0fd6558e5f66cd9f9e3d0db281ed6e7f77df7af7f8bd947d15c5961346047a3234b9ceb4352ed7663a986,SNOW,DAYLIGHT,SNOW OR SLUSH,FOLLOWING TOO CLOSELY,2.0,28.0,2.0,2.0
12060434145635631384ecd3fdfe37c813cfcb7c53bd86bca79864c35d665e38483c0a52f5446519390ee29c6d87bd087dcd59cc37e9ebff65d884410d0f4594,CLEAR,"DARKNESS, LIGHTED ROAD",DRY,FAILING TO YIELD RIGHT-OF-WAY,2.0,29.0,3.0,3.0
1206337c0ef8ea2cbfa19e448409b0e925413370116122b813b3b126f3e7e875cbdc4163bdd5d5c073939af8e41883b3dbe586ac93642488a82358ce55360d89,CLEAR,DAYLIGHT,DRY,DRIVING SKILLS/KNOWLEDGE/EXPERIENCE,4.0,30.0,1.0,1.0
12063563a81d65658a0394b3cf438a5aa7350f44b95e7dbb7df9993bfe8d9e66c77a97218532c5b0addabf9bf9c00a50c6fddfe0d4837e92788b6ab2b85db643,CLEAR,DAYLIGHT,WET,FAILING TO YIELD RIGHT-OF-WAY,3.0,51.0,3.0,3.0
1206639a8ea090f6cda67fe05adb766b0f9688d539ac41a404e229b32740213b2392b8b79955399d3bc433e7249a3cb92aac6d3ff006c6153c6d5fd4a4bf7cdd,UNKNOWN,DAYLIGHT,DRY,IMPROPER BACKING,2.0,37.5,1.0,1.0
12066ad54fcec9a3a8c3af7338f1eb6b6bbdd9e9a6dcc3a139806d1eb35cceebff92392e34c3f98184f13af48594cc0af6d881a34f7dbc578e7df373dcba4ecb,CLEAR,"DARKNESS, LIGHTED ROAD",DRY,FOLLOWING TOO CLOSELY,2.0,77.0,2.0,2.0
1206848e862638120c580ef8d7f7c156652cb964949c525f52fbadcd1c1b23d73a75577e2005776b2e8e0361bd2ae3a2bd5418cc5f285bc15de9ab35f64dced5,CLEAR,DAYLIGHT,DRY,FAILING TO YIELD RIGHT-OF-WAY,1.0,26.0,4.0,4.0
1206b0fc3134f0546174fd265c6a22eb1e5a9a17788716b6ec12e1bbbbfe49d828142aa4e16b6e868cf6a08e4b04d8d2bfc9860266384c249aeb3ca65efb8c81,CLEAR,DAYLIGHT,DRY,FAILING TO YIELD RIGHT-OF-WAY,2.0,11.5,4.0,4.0
1206e80d9b6e2b8e5e2af7f85d6c9fda1b0c16f78ff8dd442462406ba84fd27b9caf14a32a82393586869233b63362f89ed7ab8cafd9ab62d95426774f44ca47,CLEAR,DAYLIGHT,DRY,FAILING TO YIELD RIGHT-OF-WAY,2.0,43.5,2.0,2.0
1206ef97690c8366591d5a2e69017fd09727afc6563da5c4a673e6ef83c38a49921c74e61574e98eeab2f71f5d7f662638aa5997ba05991b1546a477d89ff16e,CLEAR,DAYLIGHT,DRY,FAILING TO YIELD RIGHT-OF-WAY,2.0,24.0,2.0,2.0
1207394612b1c8806f16d1c579880764783bc962bca8bd34378bfa6eecc2e62134cfeccc48356be57188594f58d7c3640c5a744f2ea7521e0830ea6b22308401,CLEAR,DAYLIGHT,DRY,DISTRACTION - FROM OUTSIDE VEHICLE,2.0,48.0,1.0,1.0
120754c034584b7c0da922a8e19325e3be74b52758daed20e82310d474bb2d9cf31ea5eb5898b1243f1d0483c36add7b7e0eb73d8a0e6b630756e3926f9c3ce7,RAIN,"DARKNESS, LIGHTED ROAD",DRY,IMPROPER LANE USAGE,2.0,45.0,2.0,2.0
1207b4704f9ffa4bcbfea0f6830b1b5a6a150cfc24e825883b1321ca16165b3dbdd53e8511769a54c1fcae489c329dcb87062433a9271bb2a61ccd484a1a7956,CLEAR,DAYLIGHT,DRY,DISREGARDING TRAFFIC SIGNALS,3.0,76.0,4.0,4.0
1207f393835cf880bff8da18307dc6ab71f08a05b770acc2e103987365790fc25e3d20773a87e4ce25a3a0fdcabc31a27f6015ab3cac9754dc41c9ccc861f19c,UNKNOWN,UNKNOWN,UNKNOWN,IMPROPER BACKING,2.0,49.5,2.0,2.0
120804200092700cad54992d8ed1e6dae5ccdb29350680e616e576bf7045e7e5cd58a018fea69d009813a681b18878257485b1b5744032acf7dc16d77f59a980,CLEAR,DAYLIGHT,DRY,FOLLOWING TOO CLOSELY,3.0,36.0,4.0,4.0
12084f74bbdecd72b494369f67a03502ac3f6e8f3227244de226ceb91f168316514fad439778a99ee089eeca23bb83e93543851e57c8d6c35d1eba1886b0b224,CLEAR,DAYLIGHT,DRY,DRIVING SKILLS/KNOWLEDGE/EXPERIENCE,1.0,0.0,1.0,1.0
120864b2513eff28d58b84b9cd5a7efba491c4dfc22ccadf80a9366675708aba3b1abc9d5682bfea0c141957b26c707879d6722b706192c2159b4b5f5bc6ea70,CLEAR,DUSK,SNOW OR SLUSH,DRIVING SKILLS/KNOWLEDGE/EXPERIENCE,2.0,39.5,2.0,2.0
120874ca2cb0117fd978f8dc35582be79f2fb438d840c53a9eab267744e57795f2148d94e9e321c31fdd6b155be6e1395c6ffe766e893f7622a68da1acfd7d2e,CLEAR,DAYLIGHT,DRY,FAILING TO REDUCE SPEED TO AVOID CRASH,2.0,29.0,2.0,2.0
1208844a610a466ed5ff97f9430a7bc3735d9a815146dfb8785526a107f1d052f8d658989dc596efe5a307a8c64e235563445aef8f2a6651ab4791c2a46de41c,CLEAR,DAYLIGHT,DRY,FOLLOWING TOO CLOSELY,2.0,42.0,2.0,2.0
1208aaba2c06ae535a53862bb03c5397a26b2a17cddd3bff124b58754d383a89b99ebb037825a8752631dc1676b9b2e44cdf27699a579f826f703c7bea385717,CLEAR,DAYLIGHT,ICE,WEATHER,2.0,45.0,1.0,1.0
1208beb7f09f2b115f3ee3b51f6e80226e8904dfc61d1aadcae5f81fe285d4c22af8a42b3aaae6f3e91f0c02eb113f4d2f0551b045efb3ce6857fe09d95df0ad,CLEAR,DUSK,DRY,FOLLOWING TOO CLOSELY,2.0,33.666666666666664,3.0,3.0
1208ca11c7931d1a85ff88588abdb78f255a6f82a069dff4972ebc6e936bb5429d00c6a293c85257f2d9587233447dc3c19e2dcbdd7be192fdc792631f00b1d0,CLEAR,DAYLIGHT,DRY,IMPROPER OVERTAKING/PASSING,2.0,57.5,2.0,2.0
1208e7fe066e71417acaa7190e9f1b93f963839b706186cab748251fcc0eb0f05fc5285abaee67c6eba95835d14c3cd284ad0a63c9376383638fa077b170cfb8,CLEAR,DAYLIGHT,DRY,EQUIPMENT - VEHICLE CONDITION,2.0,13.0,2.0,2.0
1208ee04c543f1f024b8afa9f733c7cd17f409482e16afa483beacadc61f29fd70f4f479baa5f347c4646b6168995c57ec4248adfcbd6d4dc228a439d7f785f2,CLEAR,DAYLIGHT,DRY,FAILING TO REDUCE SPEED TO AVOID CRASH,2.0,20.5,2.0,2.0
12093a06f17a5f42c794bd359afa6a10d27e2e027a02664a6460b6fa97bbe985de54cc12dc21f5a3cb17d20a7815c38bf3d965c3f4e41235a1bc103c84317fe5,CLEAR,DAYLIGHT,DRY,IMPROPER TURNING/NO SIGNAL,2.0,45.5,2.0,2.0
12094c20ad0ff8e87e5a04b11e042b426165052236440775484d0a33046ced9f0922f46f3659f696b10d08f15eda8099dda969fa267221fa522ff96e5068622f,CLEAR,DAYLIGHT,DRY,DISREGARDING TRAFFIC SIGNALS,2.0,34.0,3.0,3.0
12095b3aeebd2526e925a7058fd290f851a13d2b516d207ca4c8be21a14a8870e113d1dfd43ff14c8f0a4545460c174735b83ed579910aade1c3ff46075694ae,CLEAR,DAYLIGHT,DRY,FAILING TO REDUCE SPEED TO AVOID CRASH,2.0,28.0,2.0,2.0
120967fab2b70d31ac8529cf6af1b694f13035427f4c6a59cf64ef01cabdc4aa78fb09546ed0f8d0ac59eef0094547b05ce83836313d907d9eedc9335cc04211,CLEAR,DAYLIGHT,DRY,IMPROPER BACKING,2.0,50.5,2.0,2.0
12097c90d788bd30b221f655e883582021451db20a97975b2abf4cecd423960b16ded4486cf05f0faabaf6bbef78137708ff84b422042fa8b1ba382bc1a7ec7b,CLEAR,DAYLIGHT,DRY,FAILING TO YIELD RIGHT-OF-WAY,2.0,66.5,2.0,2.0
12097e544730ab3443e662c47601154478f6096738160d11051b58186f6d14d9ce809e610ba0d8a9cd409b02df54d01bf74873284d3fc5edd582a78d5f69d563,CLEAR,"DARKNESS, LIGHTED ROAD",DRY,FAILING TO REDUCE SPEED TO AVOID CRASH,2.0,31.0,1.0,1.0
120988bc739aa2f0711589d838f4090298bbf89e5fa8e31f91cd63ef83b2bd6a026e9b3cf3673980d735d2b195dc016dbd8bbb55812f3054f8de8c6138865ae6,CLEAR,"DARKNESS, LIGHTED ROAD",DRY,IMPROPER LANE USAGE,2.0,25.5,2.0,2.0
1209aec209dcbeb189541e8dc47fee54f19bc7e2e3e1c6d5c995bd4790cddba24a24a11acb2d16aaf7e2e4ab566e73a0a680bdedbbf001f03b2e98a4ec6a46fa,CLEAR,"DARKNESS, LIGHTED ROAD",DRY,DRIVING ON WRONG SIDE/WRONG WAY,2.0,16.0,1.0,1.0
1209b25636d7539eedcf1616df5000768e6df37217f665f5141e1eb15110fe22ef7fc53b4f31cd52a123ae9745db5c040d7fcc611dca36544f0e0da3c388c489,CLEAR,DAYLIGHT,DRY,FAILING TO YIELD RIGHT-OF-WAY,2.0,45.5,2.0,2.0
1209f6ed171f760b0ef1c8b312a46cbc264410f102c8c4a3d7fde963868bd39777822ed90bebfa2c069f5bc7039244943d872f8410ef91f84a288fb9b38c9ace,CLEAR,DAYLIGHT,DRY,IMPROPER BACKING,2.0,61.5,2.0,2.0
120a07f99fc36569af5b864dbaceec56928c7cfb06a1fd4ff82a1d69d794413c251988e7e0191f3518e040f9ac98fae30c0b50011d7c18d8dfe1255750d6cf7a,CLEAR,DAYLIGHT,DRY,FAILING TO YIELD RIGHT-OF-WAY,2.0,24.0,1.0,1.0
120a092b083117b8d93c7fb78ffdfdbf4de05b8878f3abb1707d18334372766c91fb053d3a94af087bff66c1459ef967a332119a8b6bd006a981fc7ee99235c1,CLEAR,"DARKNESS, LIGHTED ROAD",DRY,UNDER THE INFLUENCE OF ALCOHOL/DRUGS (USE WHEN ARREST IS EFFECTED),3.0,28.0,1.0,1.0
120a7878e0cddd2748e98fd71a6e7b0a25e710388bf10415b8e40ea75ff8bd17e8160ff7e0ee8d88329c58d78546cb396e627669aa1dc901597a6ad702d36cdb,CLEAR,DAWN,DRY,HAD BEEN DRINKING (USE WHEN ARREST IS NOT MADE),1.0,44.0,2.0,2.0
120aaddfc02192dcc2b2c438fc61faf6abe808d110362769601236bce493cd5a3aad21ddb13b3ad1295b9044661dfd2696a520feffcf42850e7f6194aaadf436,CLEAR,"DARKNESS, LIGHTED ROAD",DRY,FAILING TO REDUCE SPEED TO AVOID CRASH,2.0,25.333333333333332,4.0,4.0
120adeb06a98ae7d9d4881738719c3560fc8027087af6e0c16e3d24df148b7a9b4dce513cb9aa5dcca9ecf33d814ddd245fde36f3eae05747b29a30a0dcce80e,CLEAR,DAYLIGHT,DRY,FOLLOWING TOO CLOSELY,2.0,37.666666666666664,3.0,3.0
120ae9c1b6addcd4082f087213e48808c069b4baa0e35b95992d2bf02fccc7d1909d88b1919177acc7cb6a56979b9cc7ccf88b4cf1ae570ba578cf71c3e69778,CLEAR,DAYLIGHT,DRY,IMPROPER BACKING,2.0,26.5,4.0,4.0
120b0b2a0b8178c3469709091660d64a41f624f9a631840f2da2ab35e52da3127e8ea8bfc6bdc8aa9de8221dfe12fda1e150cee5610c72b49b75869bbef6c2db,CLEAR,"DARKNESS, LIGHTED ROAD",DRY,IMPROPER LANE USAGE,2.0,42.0,2.0,2.0
120b682ef511c0b647edddf2822341693fe82e412756a1009912cd852403204b0c148eaa57ba392020e7a35138c03c23d7d97facd61218c212fd1dabb540c479,UNKNOWN,UNKNOWN,UNKNOWN,FOLLOWING TOO CLOSELY,2.0,37.5,1.0,1.0
120b69bf0a517c900394861ef14cc15c04207be1b14749dcfd2c791fa9b3fd975c334aea535dcc5263d9d412f139b62ac233ee5db7cd5e655051a21b398dfd1b,CLEAR,DAYLIGHT,DRY,IMPROPER OVERTAKING/PASSING,2.0,45.0,2.0,2.0
120c0324e3a3fa67f57c1f636980956953f78164b7d1f5c7740f392ba7333dfa8cbcd130003686803af66ba730c613775873caffc90b38c4645faf4c9a3fe04e,CLEAR,"DARKNESS, LIGHTED ROAD",DRY,DRIVING ON WRONG SIDE/WRONG WAY,2.0,29.0,2.0,2.0