crash_record_id,weather_condition,lighting_condition,roadway_surface_cond,prim_contributory_cause,total_vehicles,avg_driver_age,total_people,total_injured
120c0a41679a1dc60cd27537ecb4322fadab9a4996916a75f577141d0809fb3307c1a0a54f401de4fbf5408578dda6c60c1ef83165922cb37b34c7ae6a1f657a,CLEAR,DAYLIGHT,DRY,FAILING TO YIELD RIGHT-OF-WAY,2.0,38.0,2.0,2.0
120c0c58ba1c418347395b9563201321975f823314ac7bd6feee4dc45e00f8474a98aa326a538d6f1287a964bf6b843225e5e112d023cccc1dca3eba99093847,CLEAR,DAYLIGHT,DRY,IMPROPER BACKING,2.0,49.0,2.0,2.0
120c1966b88573d6e1da0b7113074e3475524b5342fff31164866d781d5342432bdc9742414336b0254122a99cc3fb49ca89eca561a626f202e1743ede1b92d2,CLEAR,DAYLIGHT,DRY,IMPROPER OVERTAKING/PASSING,2.0,62.0,1.0,1.0
120c229e8e52008c036facb4ca09fa865ce9962232fc3492b3145a46d4595e18237d114c7708903b53f1eb2963a7d0128de7ef61f2da37e7d5b57bc1e8d0ba55,CLEAR,"DARKNESS, LIGHTED ROAD",DRY,FAILING TO YIELD RIGHT-OF-WAY,2.0,45.0,2.0,2.0
120c2bf0a9c7183dc8303d0a6e1d6787666b76ee4fb35ecf2e86489db9c276f56cffe7764c99b50dff614d808ed47acdb77efa9433db74e200c6a380003f2baf,CLEAR,DAYLIGHT,UNKNOWN,IMPROPER LANE USAGE,2.0,29.5,2.0,2.0
120c31325e3700f90018b9595ee33f271f67599cfb58dd1a2b4ec5cee717479ca094722622c96dfb79848f9a52fd2324c444fdad3025aa0a63743950660d4fdb,CLEAR,"DARKNESS, LIGHTED ROAD",DRY,IMPROPER LANE USAGE,2.0,48.5,2.0,2.0
120c559aa796074418b057c45f652cf593b8de187fdc1b0fcbf8e2e5177568359691362273e6d8119b081565bf93c93624431fd8d0afbb286b801e1e6ed16eeb,CLEAR,DAYLIGHT,DRY,FAILING TO YIELD RIGHT-OF-WAY,3.0,40.25,4.0,4.0
120c9688bad91dc21c20f3d2dc467a13d0f31256e24222d76ffdc6768c4ff5109ace30864461ca0b3c656799acff21c181d12ca86dfad662ea0cda32d056e248,CLEAR,DAYLIGHT,DRY,IMPROPER TURNING/NO SIGNAL,2.0,33.0,2.0,2.0
120c98f377c763f92504ed680030002c1e8e09123ccd5bfc05ba33a5d49e1868b25252e31b84a1c87a020cfd940de0737c5262a8908a62b1efcef53ecf95b9d3,CLEAR,DAYLIGHT,DRY,FAILING TO YIELD RIGHT-OF-WAY,2.0,37.0,2.0,2.0
120ca9900707a6a0dd844928462aa8098133a4d04e6e7d888ba1dc31b23ccf8fd9a01803a92954e5552e86f58f93cdb4629cce6b6453cf700b7fc3b6cbbcb84c,CLEAR,DAYLIGHT,DRY,PHYSICAL CONDITION OF DRIVER,2.0,63.0,1.0,1.0
120cbb7fca9e180d51276264e92866acfedf4a946efe2616b6b8e9866d5d1a3768ff91d2796182eba74cde05b24da3fa5967ac4d049cd82060e361f84ee83137,CLEAR,DAYLIGHT,DRY,DRIVING SKILLS/KNOWLEDGE/EXPERIENCE,2.0,45.0,1.0,1.0
120cbe01c064c0962b671de5ad906b6b00b6e350b181371776e9f89844970c940c990c5949e461fc60dc4d4c49db19f4b81fe719a1ce12617f010a9c3df20b7a,CLEAR,DAYLIGHT,UNKNOWN,FOLLOWING TOO CLOSELY,2.0,25.0,3.0,3.0
120cc1f811c7fdad2fed823a1ed3fa9afc3481b1916e5bcd3ef2e2f666b38cf2b2784c8b5b6812d66ef20565070def8b792842a0497c937edd412ec301a2207c,CLEAR,DAYLIGHT,DRY,FOLLOWING TOO CLOSELY,3.0,63.666666666666664,3.0,3.0
120d08f3c01b7f8221fda12635b8475ac8a77b65616593491d8cdb28d92153155ae8ea381af2fd44bffa043d122765ada2109fbc6a649d9e33423c9c78e4fecf,CLEAR,"DARKNESS, LIGHTED ROAD",DRY,FAILING TO YIELD RIGHT-OF-WAY,2.0,29.0,4.0,4.0
120d1cea14940e542647dae8befc105d3ff4153856c1db50e90ff7062467a0015a0d90bac8d4a263b1620b4444a5828886f8609b4ffcaa9ccb5abfcafc6f6c08,CLEAR,"DARKNESS, LIGHTED ROAD",DRY,PHYSICAL CONDITION OF DRIVER,2.0,25.4,5.0,5.0
120d3cb667944d9cef54037233ccecbbc523ebdc41e6369be89983d78b653d24a9d0e4c2e8af52f29744013c24c087e45ca466a3cf051fe9a3cbf1b2e1f9cd17,CLEAR,DAYLIGHT,DRY,IMPROPER TURNING/NO SIGNAL,2.0,59.0,2.0,2.0
120d419c4762009419c511f235ad6a328a6cb37bcccbf3debd66fbe82adfefc375519abcba6fb13c8eaf60210b6bdade9b863e50c28f847438b5c2657231a62e,UNKNOWN,"DARKNESS, LIGHTED ROAD",UNKNOWN,DRIVING SKILLS/KNOWLEDGE/EXPERIENCE,2.0,37.5,1.0,1.0
120d8da547a3c93869cec23b2499a1fa34d5e55c887fef5b1630439ac2cf25b99bb90dc88f79bd42edffb0ae2da4ae255381b6ecfd84a7bf7b4b9421f40a50c1,RAIN,DUSK,WET,FAILING TO YIELD RIGHT-OF-WAY,2.0,27.0,2.0,2.0
120d92a773ebe25e9d8b6bbf5c20d94cab4507f5dd424d1b21d263a7d1fb77d500278bce4bf8f4be206693690dc3b7f3598493bace67aacf238d01d20b22f872,CLEAR,"DARKNESS, LIGHTED ROAD",DRY,DISREGARDING TRAFFIC SIGNALS,2.0,36.0,2.0,2.0
120dbf3b5c48e3c4edd3fc151b1381d76ad0f95edc61078be22ef749ce5cd98460a619b3838ee6e0936aadbe6ab1750d98ff88d140c3235e26881667af4b12a0,CLEAR,"DARKNESS, LIGHTED ROAD",DRY,"OPERATING VEHICLE IN ERRATIC, RECKLESS, CARELESS, NEGLIGENT OR AGGRESSIVE MANNER",1.0,23.0,2.0,2.0
120dc2152437d91ab29d304eab1de0300544411a1271f55bb22c598ea996d6e97350a3a78480474dcaf50aff9ef45358ed0346d06430ee83ada3fb845063ad97,CLEAR,DAYLIGHT,DRY,DRIVING SKILLS/KNOWLEDGE/EXPERIENCE,2.0,11.0,6.0,6.0
120dfbab387b4deaaa2f85eb24e273ee47cb7a2a45f9ee839a4b84a09e3079d121a24d66fed1be950dc00cf9db4d7cae4aef2c0792fda6d452300917dea29e3c,CLEAR,DAYLIGHT,DRY,DISREGARDING STOP SIGN,2.0,19.5,3.0,3.0
120e0be0847124f12cdcd5c9d2f80bfa6d34e52d4f645dc1d3f19342d21286f6d7d3f8c338c45128cd5fd72dd3302a39f181f4839ea1d071130f3e505449764e,CLEAR,DAYLIGHT,DRY,IMPROPER TURNING/NO SIGNAL,2.0,43.5,3.0,3.0
120e0ed156b3c7b2b13b53234af2ecd1f21a7b68c1402f0f1c5f2003181529a152e262ff0b62669c645fea8b2eedc039cddecb9dfe5ed609ad25a635673b3645,CLEAR,DAYLIGHT,DRY,"DISTRACTION - OTHER ELECTRONIC DEVICE (NAVIGATION DEVICE, DVD PLAYER, ETC.)",3.0,36.6,5.0,5.0
120e5996730d0d3dbc036a1096541b394e3c2aa7f3efbc6949e871b8a0dd987044ee7ba83249c91778bd6bfbb32af81daf96e4738d14b1ab11255ef1a1761645,CLEAR,DAYLIGHT,DRY,FAILING TO REDUCE SPEED TO AVOID CRASH,2.0,34.0,2.0,2.0
120e62b41eaf8aa63dd3de4a48e621866682cab5c2335490502b6a469104f350ea18f3858c9f1e32fe8685101e44f940864943479622f71cfceea46cbd8313d7,SNOW,"DARKNESS, LIGHTED ROAD",SNOW OR SLUSH,WEATHER,2.0,68.0,2.0,2.0
120e732d3027d19e72c1b10a324e0e88c0461e0d7b8cfb29e1e617e18352b091d7019011425092351f2cccc25e3fab2e176b4df0ab5133c697243cee9b29ae0d,CLEAR,DAYLIGHT,DRY,"OPERATING VEHICLE IN ERRATIC, RECKLESS, CARELESS, NEGLIGENT OR AGGRESSIVE MANNER",2.0,32.5,2.0,2.0
120eb6b0400d5dad3441ae46b19981ecd91337843c081df01ff2d5ea18abd973135dd30d47803f4bc4fdaaebd85620abad5b61c274d0b4f81dd516eae7b40229,CLEAR,DAYLIGHT,DRY,FAILING TO YIELD RIGHT-OF-WAY,2.0,48.0,2.0,2.0
120eb8cb833e8156191ced36026924bb7db24a2e026564e54575b9f61ed04287fcb030e626175995a162bf10d14b628664a7e23c5ca21c755da087d8a0d88109,CLEAR,DAYLIGHT,DRY,IMPROPER LANE USAGE,2.0,35.5,2.0,2.0
120ef4cb69790ac1699b2f7dd38ad12b830b0024fcd5b198ebd00e589c79487ed16afac6d07d9adca3884168993308428c256125e01591a93099bb552e454671,CLEAR,DAYLIGHT,DRY,FAILING TO YIELD RIGHT-OF-WAY,3.0,38.8,5.0,5.0
120ef60823537d423c543159ffa6ffe9fcaaaa519bf9df510fd936bb2fed94e370feedaf65d8333f1b83ebfbc7111596f44a67e93a6208e280f7f8081b0ffa6e,CLEAR,DAYLIGHT,DRY,IMPROPER TURNING/NO SIGNAL,2.0,0.0,2.0,2.0
120efe5ade5c857987dbb59b9ed6f6d943ce791bc29ab5971af34c7be6a57f8f261de50364f29d70f7d0b997fc7fa9b5059557cf55279d47ca9dc9995136cd53,CLEAR,DAYLIGHT,WET,FOLLOWING TOO CLOSELY,2.0,49.5,2.0,2.0
120f03f3b47ff43cc8d5601931dc5e2af78d4dd9e2bbad35e10a497f51f58c13b44ff203d382515cafefa4a0bd10ee5e9c294bf18905d6e6b4db52f88afeef2d,CLEAR,DAYLIGHT,DRY,IMPROPER TURNING/NO SIGNAL,2.0,57.25,4.0,4.0
120f0996f3275c0f7caef9c60a558289e46b1cbe12901caa45fa6e9cf20bf89c38b2555f9f8c1f458541d9040f9c01eea5fea31a975b0a92091b92932fdeead0,CLEAR,DARKNESS,DRY,DRIVING SKILLS/KNOWLEDGE/EXPERIENCE,2.0,34.0,1.0,1.0
120f106e9e6f2cef1afbb372b79f80f1ec835f5984c290a9755b4c793109ba817f4d351c48fd74c1805db3b36c261d4c49825e6701831848478bc2260f36894c,FREEZING RAIN/DRIZZLE,DUSK,WET,DISTRACTION - FROM OUTSIDE VEHICLE,2.0,48.0,1.0,1.0
120f162a898f7c06a83243f3a888a417cd9db8637a6df416d377774669bccf43440b2fba282aab87b8e101c2cd5b74de90c573bfb0cf190faa5add91a1591284,CLEAR,DAYLIGHT,DRY,FAILING TO YIELD RIGHT-OF-WAY,1.0,42.5,2.0,2.0
120f182ec384068328df79a8b81f2c7c33592702747158ab42f8be2f39503ebbd2e36d130b1aad4cdd7a34e81e8b7cfaf66c772c59d5cb9a27e547ab461c5fe7,CLEAR,DAYLIGHT,DRY,PHYSICAL CONDITION OF DRIVER,3.0,37.5,1.0,1.0
120f512a770ded5ac43ea7ff4acc7faf22b02c85cfc45ceb55773a96be3179ebab78609ac0aea674a8d328b99520a6cc06eed6fd01eaaafe83c34496945a9434,RAIN,"DARKNESS, LIGHTED ROAD",WET,FAILING TO YIELD RIGHT-OF-WAY,1.0,26.0,2.0,2.0
120f5435038c90c6bd7b5adff7fcb989d9b2b78091f5061b8269bd5baa2d12040e64390b54e71f258899ea6fad11c70994016397f61e8e4c8f649acb8acdf217,CLEAR,DAYLIGHT,DRY,"VISION OBSCURED (SIGNS, TREE LIMBS, BUILDINGS, ETC.)",2.0,49.666666666666664,3.0,3.0
120f929095d8dc8672afd133ee49fb58563385493ba6f9b28e5f9a7bf1926605c567cbaed92e772c40cdfbe0efc8e747574ef1208a2b5c13d2cbb54f3566cf82,RAIN,DAYLIGHT,WET,"VISION OBSCURED (SIGNS, TREE LIMBS, BUILDINGS, ETC.)",2.0,44.0,2.0,2.0
120fc2b4067f2829fb9b0a148aca24d1a8e56b35ede493ca98c8735dfd718466d0fca82b8cf0472c6bf8adc07fc8a67371441eac89f5335ba45a9088c9b96d5e,CLEAR,DAYLIGHT,SNOW OR SLUSH,FAILING TO YIELD RIGHT-OF-WAY,2.0,35.75,5.0,5.0
120fd29183482d8b6db3eb3a898801a8bcc69d6a571d863c4c02389c9db60c069caf85a49ac4d9f355369fad8412f787964b81347593dc09ddf559b5b48a0150,CLEAR,"DARKNESS, LIGHTED ROAD",DRY,FOLLOWING TOO CLOSELY,2.0,38.0,2.0,2.0
120fe0e9dd6ae20f8dd5d20b1876bc223092f63dea5114d412d1257274d38c6d21245933d316a4c8aeca06cf4223e03085bbf072f80e7b1d8860afeaa7e6798b,CLEAR,"DARKNESS, LIGHTED ROAD",DRY,IMPROPER TURNING/NO SIGNAL,2.0,24.5,2.0,2.0
120feeb207fbd5a69c2665c85f3231d0cbd1f82962537ca3fa4ac8d11d51e0b9ed34009a5c53408ef3c0ca735f6fd4f0001293be0440fab1498f271f92b2a63c,CLEAR,DAYLIGHT,DRY,IMPROPER LANE USAGE,2.0,35.0,3.0,3.0
121000adc8f2497eff5d0d6e237291fe3f23aa37c33884a2684307cf3dc1a6695387d371aeebab4e6b1debfd4df158ccb649d124f76d2b7c059217ac0f2668ef,CLEAR,"DARKNESS, LIGHTED ROAD",DRY,IMPROPER BACKING,2.0,34.0,2.0,2.0
12102dd68e3741aa7eb883937e330cf46bf53b706be85d533a50e90a345c4cf24a0ff5621c1d09a5a966484846ff78cfafa6a7be053e98d1de6755aaf54e39a5,CLEAR,DAYLIGHT,DRY,IMPROPER BACKING,2.0,51.0,2.0,2.0
12106eb7467b4c7183b465067662ee3678354337ef1e6884978dc8a935f3d331d68c105fd496a878886ba9581f819f13adf8a1e5846c1d458ae6a0e91a40edf4,RAIN,DAYLIGHT,WET,FAILING TO REDUCE SPEED TO AVOID CRASH,2.0,50.5,2.0,2.0
121077a830ea47bfd7de98fcd8d45c002a0fad5c25cf265009e8d7946153ecd42268ab21ee1ac4d73798012643a02d6535b4f2339e98188fa62a00435de8f069,CLEAR,DAYLIGHT,DRY,FAILING TO YIELD RIGHT-OF-WAY,1.0,46.5,2.0,2.0
1210c25c57f8824b63945e7a365a5bbcd826b683fabe32739857bd1cb45d9f80603934d3fc11c229d3f6e8c1d7c9986cde641516e7a5ff69aa555df16ec688e9,CLEAR,DAYLIGHT,DRY,FOLLOWING TOO CLOSELY,2.0,38.5,2.0,2.0
1210c3aea537052e9524b0d48928ef5672784cbb2addb8e9e91a8fb3685ecdf03e8a47d79cc5e209f8aaa6a28c8ff45289cd31152649a94aee59cdeaea9df727,CLEAR,"DARKNESS, LIGHTED ROAD",DRY,FOLLOWING TOO CLOSELY,3.0,26.5,4.0,4.0
1210dfc17c6a3d5dc62ac36bdf139ee4a00bd9711c9a564aa7e2bdcc43fab2d07327e4b4b20a3c8987056123f27f03f18965dce59dfdf72f5706835175288f62,CLEAR,DAYLIGHT,DRY,DRIVING SKILLS/KNOWLEDGE/EXPERIENCE,2.0,69.0,2.0,2.0
1211002aca1b0b9f7e47cc4082ad085fcac1442d247e97b0179bd994b93b18b86363f47942ef4c8e43d70c43c1c83f9bd476285913ca49a96acb8c7b664d04eb,CLEAR,DAYLIGHT,ICE,WEATHER,2.0,0.0,1.0,1.0
121124ab5bf99a2ccf248999190ad6f74c8f36a3d16eedc687c9b077cb252728a539cbaf91133867fde13059c88d10d02c96788ffcf2939677b98553536d0422,CLEAR,"DARKNESS, LIGHTED ROAD",DRY,FAILING TO REDUCE SPEED TO AVOID CRASH,1.0,30.0,1.0,1.0
1211371941ccbfe67883b35c76615dc6ab8796412ee1346b645c64d532b4ad67fc790e3112a81adcdee89df166536629476661f5a16e8d08355b07b78fdcb980,CLEAR,"DARKNESS, LIGHTED ROAD",DRY,DRIVING SKILLS/KNOWLEDGE/EXPERIENCE,2.0,50.0,1.0,1.0
121144e882186419e0ae180f9bef29474bc7f19eae653a78782fc59fd115f41c1e077cb905bc5204d8bd25ac004bc816ba1b7dfab7ba7dcf94b8a2489608511e,CLEAR,"DARKNESS, LIGHTED ROAD",SNOW OR SLUSH,FAILING TO REDUCE SPEED TO AVOID CRASH,1.0,53.0,3.0,3.0
12116686891ae4657c4bd3fa88c55395cddb24558f3a867953c881bf26440857e52ab1e7987c2a6c91ce2f5d1eb44d48a7a4e0a0e655a17b1d27c587f7b18a38,CLEAR,"DARKNESS, LIGHTED ROAD",DRY,FAILING TO REDUCE SPEED TO AVOID CRASH,2.0,36.333333333333336,3.0,3.0
12117f3d2c9b241d23fd6f3f72b0e473bc423d50eb31ddb47298c40f2ee37c37e5f0c27f76efca7ff95e266d5431b214216d443fcb3b0764f33614463014aa13,RAIN,DARKNESS,WET,FAILING TO YIELD RIGHT-OF-WAY,1.0,29.0,2.0,2.0
1211956e60bb430261b496bfd95c132928291c146ec6fc50a19e064363561a2d00d0c9aea8cae3258047562964760fa63bedd7419b7c5dd9752070e6a20bb55e,CLEAR,DAYLIGHT,ICE,WEATHER,2.0,28.0,1.0,1.0
1211b78575ad7768094d53578803a17cc4ea746c9faa212e9ffb56db701a65b9e381e4a9029c00951cff87318247ea50fa8738b00f61dbbe639d4bceb7087566,CLEAR,DAYLIGHT,DRY,IMPROPER BACKING,2.0,20.0,2.0,2.0
12125053f2239e4be5d6f2a61f6310a961485f4e47b607b8bb3e4f9dbe8e1861183bfc7db26357beb6ba24e2680da1d110cb353eed0f7cf462c4f38619d4583b,CLEAR,DAYLIGHT,DRY,FAILING TO REDUCE SPEED TO AVOID CRASH,3.0,32.0,3.0,3.0
121273a4db15ee7acd47698908527f0b0ac4c81c28b66aed4dc2d252d9622705ddf71419aa23c07af0a1c89ceb83b722123a22edb33b1850f2f5eeb1b4c6e61c,RAIN,DAYLIGHT,WET,IMPROPER LANE USAGE,2.0,67.0,2.0,2.0
121277c1fe2d791cf4e47ba4d949f6904ed6219bc456fb08b006db4a35a2d2b3d5b9759219e52660c37fccf2717c56d66efa082603eb73b53349cc3e55c5bcad,CLEAR,"DARKNESS, LIGHTED ROAD",DRY,"OPERATING VEHICLE IN ERRATIC, RECKLESS, CARELESS, NEGLIGENT OR AGGRESSIVE MANNER",2.0,25.333333333333332,3.0,3.0
1212b000ca1fb65b2f651e5af915554a1f030c966924d26fe623840d82aab1ff25322f0860e1c1defeb21bbb6a69a2f9d11080d96714f2a7009a78afcefd3ac8,CLEAR,DAYLIGHT,DRY,DRIVING SKILLS/KNOWLEDGE/EXPERIENCE,2.0,41.0,1.0,1.0
1212be3c82e8e7b67cdd469e9656f56ce64153ee3744174f622958762489a1d9c7c6974121d87ba889e8fda76e7b5236dd553a99d6cf5b84ba36c7baf9f7412f,CLEAR,DAYLIGHT,UNKNOWN,IMPROPER OVERTAKING/PASSING,2.0,39.5,2.0,2.0
1212e7a3617a4509f0126866acaf04a8e4bbf6b8154f611361e09f7cfcb56437cf498b943a6126f8258d202fc725b74bc92b6e6241891e2b261028cecd35cee6,CLEAR,DAYLIGHT,UNKNOWN,IMPROPER OVERTAKING/PASSING,1.0,46.0,1.0,1.0
1212eb40736925bec14863c10f87c23b65bab9e3171156d00511cb04a1e9e7f6cd33652227a2410da6e0a5716f1cd7a8e3d8e844f817306165fcb73b5dc09376,CLEAR,"DARKNESS, LIGHTED ROAD",DRY,FAILING TO REDUCE SPEED TO AVOID CRASH,2.0,32.5,2.0,2.0
1212fce36b2ee2bf89c69791699e6754b4a752b2d70082e4fa434cda2c4afd1848153bba91806ccc04b6081ec0e26ceacda62604e86744ec01ac9955a5ebf0aa,SNOW,"DARKNESS, LIGHTED ROAD",SNOW OR SLUSH,IMPROPER LANE USAGE,2.0,25.75,4.0,4.0
121320e4a9486aa78e094e4afdae387d0358da0dd222086c9de32115af89dc70e89988b673b0f7953296882fbdf6411401c09bc98763acf3146f01753d2cf049,CLEAR,DAYLIGHT,DRY,DISREGARDING TRAFFIC SIGNALS,2.0,31.0,2.0,2.0
12133441132033f7a6736796b088bea6e41eecdbf3a23ca566fa79db1385806d55c1acbc97d468da3932246aa730d79a15c722445242cb8544cb7244e23e4b66,CLEAR,DAYLIGHT,DRY,IMPROPER BACKING,2.0,36.5,2.0,2.0
121353fe3efa3f32240dbcf8d646e0ae5c8f736e30f982465186bfc65e9abaf43e9b6010304e8124209c8808606eadaab5e24bea26a783d8155ad432e2516e14,CLEAR,DAYLIGHT,DRY,IMPROPER LANE USAGE,2.0,37.5,1.0,1.0
12135613370755202e94b2257f08221024cf87ce2d9ebd2d864e773a6fbd2d3204f4dda31ccd0311867de995f5e7c8d2e184ca28588617fb885bf1075c8d12ba,CLEAR,DAYLIGHT,DRY,ROAD CONSTRUCTION/MAINTENANCE,1.0,45.0,2.0,2.0
121374269b94429e6af738d3d2230d5cd51a137b1488eb8008c1b638314291b5440e63c3a0bfb8354e705572307b39bb6ba02b5ac243f36a78c0cbffb0d65a64,CLEAR,DAYLIGHT,DRY,IMPROPER BACKING,2.0,37.5,1.0,1.0
1213749c66eec1251b4fd86106967c00fc61157e4e5699b2e02f6cf367ec1ef1b943e16f59c960c096085c7a2709b295882c296e4187b27797156602e83cfa4b,CLEAR,DAYLIGHT,DRY,FAILING TO YIELD RIGHT-OF-WAY,2.0,32.0,3.0,3.0
12137afdb5235686b99d1f748270f34f7d565245123ef3c64e81e888e6c804644cd4ec3ce7c84a68282052da64ca080ad91df5558fe8d3e7b0eb061608f95721,CLEAR,DAWN,DRY,IMPROPER TURNING/NO SIGNAL,2.0,29.5,2.0,2.0
1213ac4b9141986f314193bd88c56c93c612fe69c52a4c8ccab64d12faf4649d57d656f9be8b999d8323a5c0cd3b82c2ee4794c672ab50c558dc708a56ba8645,RAIN,DAWN,WET,IMPROPER BACKING,2.0,57.5,2.0,2.0
1213bca6d4b824673408a9a6f8e8c13cfd8275fb21b19020b33243e925f37e9bb97b13a557c54326ff332b63deb2687cfd67641753e8c95d4ef6c0d6fcec09e4,CLEAR,DAYLIGHT,DRY,IMPROPER LANE USAGE,2.0,39.0,2.0,2.0
1213be30f2fef49574a4e34294bd4689dc99cbebeb5e81be3cdb374f4dd578c54bbf22514c20ef14555e75ea13315d484110238e60e7b3dd9b93b6eaa69211d7,CLEAR,DARKNESS,DRY,DRIVING SKILLS/KNOWLEDGE/EXPERIENCE,2.0,37.5,1.0,1.0
1213d72c14776a44c2c39be192dbf81b77db14754d8df5a0f3437a43c35dfb91f267c4bd2b648fb75bf8954c4833eddc63fd4569805e2969761bddd1587e1eb5,SNOW,DAYLIGHT,SNOW OR SLUSH,WEATHER,2.0,35.0,1.0,1.0
1213d739dd95e07f7099dbfab6dd804b41f3a4b9bd06bdb5bfd294e407f675a32ec583246c9777b33279e0ad489372492d3c687b102bb01f92b7b837e1fa39aa,CLEAR,"DARKNESS, LIGHTED ROAD",DRY,IMPROPER LANE USAGE,2.0,30.666666666666668,3.0,3.0
121400d9cb1e1ee74aff8fa09236e56d11366b033d14498a01722ec7575d5850244df0a39c7dc90fc54bce089e08ece5c87145d60d77e7684c0d3ad3364ad5e9,CLEAR,DUSK,DRY,FAILING TO REDUCE SPEED TO AVOID CRASH,2.0,45.5,3.0,3.0
121429bd2ac77b388eba6a9eab2e03e7dc6863e2949521075b2e604740d2ebe8320742c60d63623f226f32e2d1cba0a26dd1f38d56de1ffba8fd8c6176d09958,CLEAR,DAYLIGHT,DRY,DISREGARDING ROAD MARKINGS,1.0,52.0,1.0,1.0
121430082488c51a0771832fc97a9cd036c3e06c47d625b2e0ed5782217b143a12f2f15b08a61f6a0d6884072f982e4c23d7776794e4b74701f001393a681ed6,CLEAR,DAYLIGHT,DRY,"OPERATING VEHICLE IN ERRATIC, RECKLESS, CARELESS, NEGLIGENT OR AGGRESSIVE MANNER",2.0,21.0,4.0,4.0
12144ef706d6ae76b719403445c9dc3a89c13742552a8367f636ac5e876bdcf3d9d84a18542891ce86f2d5ae4fdfeeb361699ad744567ae7e46938f09cfdfdc8,CLEAR,DARKNESS,DRY,DISTRACTION - FROM INSIDE VEHICLE,2.0,37.5,3.0,3.0
1214a330a51c47516e5377e1c5a9203bb889ac2260734a709b4d3c8cb0fa2006dc7ca7ceff37f28854b951cc04ec45ff02a9b63f8b92291ba87d6a47a0d78dea,CLEAR,DAYLIGHT,DRY,DRIVING SKILLS/KNOWLEDGE/EXPERIENCE,2.0,38.0,1.0,1.0
1214ae1e61dc3f7c51877308738c332722cba8f3aa020caa46d39947e0c69bc679dba842a75116efa83b9d43e0f791536c0a3b2e7a83ba3a36caceded5eb37b1,CLEAR,"DARKNESS, LIGHTED ROAD",DRY,FOLLOWING TOO CLOSELY,2.0,56.0,2.0,2.0
1214d7b92ba9495db8c024f6e93062f2f8ead27091c6059752d67dd87d45799443afcaddaaef6e190bb3d54e62c780d998cf3adb028df6e0afb51ce742ed7b20,CLEAR,DAYLIGHT,DRY,FAILING TO YIELD RIGHT-OF-WAY,1.0,45.5,2.0,2.0
1214e51d0b0654de81c3f19ede491d67ffddf933257ce2cf25f1975b99065e69863765e792d5447eb83aa911db6da528f88ce4753a8f3088ccc07853346c4378,CLEAR,DAYLIGHT,DRY,FOLLOWING TOO CLOSELY,3.0,35.0,3.0,3.0
12156e33f31d67cdc3ace3995e15524e357df50891fdb53001d46716e66e58892136f4a74c59f5dfab6b6419dc505c7fdea134bf66dbc4484c6607dc49c973bd,CLEAR,DAWN,DRY,FAILING TO YIELD RIGHT-OF-WAY,2.0,45.0,2.0,2.0
121599f4b4f1add086af5ba54d557923ba18533bb30be5362d2c5bb2dfcdcaff85ff78cc8854f470a5982c7a0b0e40887f98fa721f0dacc4e63eaee726f4a7da,UNKNOWN,DAYLIGHT,UNKNOWN,FOLLOWING TOO CLOSELY,2.0,51.0,3.0,3.0
1215c3396e794c03c658c052b3dd1dc10d3ccc554954923c646617cb8f4e45469377d15d613c76c489a5f0f9719993c0929e06490760188f409375244fc92a59,CLEAR,DAYLIGHT,DRY,FOLLOWING TOO CLOSELY,2.0,40.5,2.0,2.0
1215c86d28f303bc7caf474f69fbe516533f476ac180eb7d2e9bfe5bdaf3d1158d8fe0e63aa27a38e2d7d4c501da6848f33a55ee4d059d31494d0d5a50e90520,CLEAR,"DARKNESS, LIGHTED ROAD",DRY,IMPROPER LANE USAGE,2.0,52.0,2.0,2.0
1215dc4c72dd038a2798c8930988c7baf0138f7f8c7ba7dd154bb26dcdfa6820b51884a250055f2b1b57b0b5055824d29104a29b3c169d8f36f4101a0a767bf3,CLEAR,DAYLIGHT,DRY,FAILING TO YIELD RIGHT-OF-WAY,2.0,38.0,2.0,2.0
1215e1ab0cf7625c7e60912690eca856f1ec97f73099fba49d63ae8f9ebbb80b22e50161c3a0e64f4532ac04eae24c412e454ece92e3d647b994d9a913a3382e,CLEAR,DAYLIGHT,DRY,DISREGARDING TRAFFIC SIGNALS,3.0,21.0,3.0,3.0
121620a38725a134dabe8e3780238b0c711dbc20f09b4e84abe93e2e4af23dfe9938d3ab835a679ff60066cb175d15f77eda83a7e79839ffb8bdcb1f43b84495,CLEAR,DAYLIGHT,DRY,IMPROPER TURNING/NO SIGNAL,2.0,33.5,2.0,2.0
1216355c5bc565060f70dd40ddc33b0b8a46f11b0ee7c0c6e1c4fe3c4dbdf44af2507a289ed2aa5c44b4ae3179d04f32454ddfc3a1fb63d3546d424fbb5bce8a,RAIN,DAYLIGHT,WET,EQUIPMENT - VEHICLE CONDITION,1.0,32.0,1.0,1.0
1216586ff9e2ec3e2cc82fa98f19397af3f3dd4878e0236b1ac6aee0fa6653c1c2838844ac25c246daf7f32c969dc1c83cc335ea1c5b54c2f455d934ea407c63,CLEAR,DAYLIGHT,DRY,FOLLOWING TOO CLOSELY,2.0,59.0,2.0,2.0
12165ad17d75f4494b5ffb03f988b23843af8bbf7348b51c62a67966920e6382683c13d6fcf47d0089551cb0775d5c41ef2d04538b9479a7817ef78083cc5361,CLEAR,DAYLIGHT,DRY,FAILING TO YIELD RIGHT-OF-WAY,2.0,49.5,2.0,2.0