crash_record_id,weather_condition,lighting_condition,roadway_surface_cond,prim_contributory_cause,total_vehicles,avg_driver_age,total_people,total_injured
12167bc4224ac45d82cf6abafe6cd3f50c7b21e16b9fd0429476f7eca7f36100947c7a9b4f1bc18e43dd8f689ecc93661d814345d99aeb878b00d4cffff600d4,CLEAR,DAYLIGHT,DRY,IMPROPER OVERTAKING/PASSING,2.0,41.25,4.0,4.0
1216a6eb0b522f42201b651c483c94974293656ad0158e0dc689bd73d8d738047c2e00c77917f880fc8e1229482dc5b94b16d34bc252e2ee36bae466c9d81889,RAIN,UNKNOWN,WET,FOLLOWING TOO CLOSELY,2.0,56.0,2.0,2.0
1216f7b7aa31b05c13e294e98e5d986da98f78863513ac025f7a0ee3108ef010e02e1f41101bad95c8fcbf5cdf09aa41569a07da8902137ed03d9b361336122b,CLEAR,DAYLIGHT,DRY,FOLLOWING TOO CLOSELY,2.0,43.0,2.0,2.0
12170f3a435b0733e078274aa26961c0aeddc7eaf652d6a01b99a9f26415247e5930442d5ea70cd77eeab9bc78152560159a69dc4d471b18c92b63951e5a6c97,CLEAR,DAYLIGHT,DRY,IMPROPER OVERTAKING/PASSING,2.0,60.0,2.0,2.0
1217114eb85c22fe1ef73dc917136697e15d14e4cc246b2c1fb0c0c44935868c22721fa468dba107a6850c899e39f3ad1cd8e68f47244a782acee7a329fc72b9,OTHER,DAYLIGHT,DRY,FAILING TO YIELD RIGHT-OF-WAY,2.0,40.0,2.0,2.0
121711760f8462e1e99a05571230208d0943ea67775e94dfd88f17c3da2d5c7aa390366c8d02c0f2a69cdc8ab82aa7e6400a092ed7c4c6b72b7749bb6ffcd50a,CLEAR,DAYLIGHT,DRY,FOLLOWING TOO CLOSELY,3.0,48.0,3.0,3.0
12172f6cbc933e1ed76f31e945d3c43a388ec495203c8236e93caaec19926cd43e64ddd64324c3f229f953f75aad2578b963913b59cc742a695557add74143e6,CLEAR,DAYLIGHT,DRY,IMPROPER OVERTAKING/PASSING,3.0,39.666666666666664,3.0,3.0
1217dda3a19e9677d62aea480818ebb1c02fca89b9a7b62157e1153b061ffc5990ac252ef08f49a96f3045c555493423c08e43db87a3cf8ea5cba7376a5da885,RAIN,"DARKNESS, LIGHTED ROAD",WET,IMPROPER BACKING,2.0,37.5,1.0,1.0
1217e3db5a1941baf279c1077ea63a5219f246e97f8d4f85a9fef55b83e751feb9e5dc86ac91b9f9a7ca43a5f44eb40d105d15f9c09693f20f4d092e3ad12db9,CLEAR,DAYLIGHT,DRY,IMPROPER OVERTAKING/PASSING,2.0,37.5,1.0,1.0
1217edf36eb298b09c1a451af98b747a23696fe066a2ad34d5a9492effe1794afe31bac75c3e971c6b21056f7a5b70660c64fda12ab01af81273748e611bb767,CLEAR,DAYLIGHT,WET,IMPROPER TURNING/NO SIGNAL,2.0,38.666666666666664,3.0,3.0
12181e912ba131144eeacb88182fc9adf27bc71f820f24ee75aac6cc08983e56ac6a02694469cf008971aa29f12b8b9cede2a54110157c9ebd9aca155e5ec043,CLEAR,DAYLIGHT,DRY,IMPROPER OVERTAKING/PASSING,2.0,23.0,2.0,2.0
1218364bf819dc1ab75458ea0931a1320d56f9ebd2dde6c8d6f313c3c124bb968bfea7ad58e5dc295b6e5bda69f066805513f6b0fe9f67443eb2cc013a605015,CLEAR,"DARKNESS, LIGHTED ROAD",DRY,DISTRACTION - FROM OUTSIDE VEHICLE,2.0,52.0,2.0,2.0
121843365fede717cccdba1dfffdd48c87c7525b7983ad194637a64d82291cba33c780ab51d31f1567092da0d3afa323494004aa49c1725edb92c50ad490ed92,CLEAR,DAYLIGHT,DRY,FOLLOWING TOO CLOSELY,2.0,53.0,2.0,2.0
12185b0da795e0ea28dacd718427536dfa8b924e0d917d540b28ddb79902b0d4ae6cbefd23205b10751b2ed74a9433e0ee65d55a0e3312331ad94b6dd9c655d3,CLEAR,"DARKNESS, LIGHTED ROAD",DRY,FAILING TO YIELD RIGHT-OF-WAY,1.0,37.5,2.0,2.0
12187316359e165d50b15644bf00661977d9bc660c60b9ccf6ee946424dc9f5be323a63a4b2fe4bdb23b801f8185afec863f28558d2564d4b1eb8a158720afc1,SNOW,DAYLIGHT,SNOW OR SLUSH,FAILING TO YIELD RIGHT-OF-WAY,2.0,38.5,4.0,4.0
12189dfe04439edcfe2af81fcba3a254e2af358f5621030daf8a77f99f2655818881a1f43cb148d25508d33e61e0ad47bc394774cb4081cc9639e8f486f22726,CLEAR,DAYLIGHT,DRY,"VISION OBSCURED (SIGNS, TREE LIMBS, BUILDINGS, ETC.)",2.0,29.75,4.0,4.0
1218b7ccfcad7d23cda403be60236da7d3e539fdd6e9751c3848a0254e8532867f6ba91089776309927456162f8d341ba2a7fca865994ae748aa3b458f40a058,CLEAR,DAYLIGHT,DRY,FAILING TO REDUCE SPEED TO AVOID CRASH,2.0,38.0,2.0,2.0
1218f6f762dd35442ed4c51196c9645b0469b75bb19281accadb2f15c5493eb8590735e69e3090091cdddacf9a7b2f3571fe64a3c942077820e35d3c85b3d9f8,CLEAR,DAYLIGHT,DRY,DRIVING SKILLS/KNOWLEDGE/EXPERIENCE,2.0,37.5,1.0,1.0
121907b4810b13eb9dbfcb008b6d51af8a69dfa8fc4848b3a4edb57a52cb3ccad0c93e9fe422b7d1936abdc6b6e576b57d01757210acbae49cc8dc3a16fe2449,RAIN,DAYLIGHT,DRY,IMPROPER OVERTAKING/PASSING,2.0,25.5,2.0,2.0
12191322f753413c1c7bd27d377f23d89516ebf741552decaaf654441f54beb5c1078ff242c8a70d363beb7b11f093929142357897f73c746ac9e743f3440522,CLEAR,DAYLIGHT,DRY,DISTRACTION - FROM INSIDE VEHICLE,2.0,23.0,2.0,2.0
12195e455a31d957da8e77ca1d32c95a80b7ea16a031ef553ad8068eb84d68c6bfc7cab2fb66334aae4be977a8c9f55d636b9765439257dbdf1bb377b8df0733,CLEAR,DUSK,DRY,DISREGARDING TRAFFIC SIGNALS,2.0,32.0,3.0,3.0
12196b4773dce13c80ca1bb6eb7cefe5c43ed2b93a5b0c11ed17792a57a0aec2e517206445e8d4eaf23cf1401f1d603f284f3ffdc73e230d1965590a126bd995,CLEAR,DAYLIGHT,DRY,IMPROPER OVERTAKING/PASSING,2.0,40.0,2.0,2.0
1219905d03e23df0f6a5a4bec386cd909d69febe3d87ab04e4e332b83195d55d6c1703c3ba6c1d9f88ca63c412dcc1d82d59b7cee2a74d8c147b62a9193ac12c,CLEAR,DAYLIGHT,DRY,FOLLOWING TOO CLOSELY,2.0,29.5,2.0,2.0
1219db4980d94e490dc64d2c18276db7038964e97da97261158cd1fe7bde5449c94bc2f93cd6d79418309958f3e45f431f907309b17c7a65406f3273cfeea449,CLEAR,"DARKNESS, LIGHTED ROAD",DRY,IMPROPER OVERTAKING/PASSING,2.0,34.5,4.0,4.0
1219fe62cfe319897b24019f7ec12a18b586febf518f548c4753e5dda46c34f2849a02f511673dbbe356991343598a924f2e710f737112de4cb6c10feb72a72c,CLEAR,DAYLIGHT,WET,FAILING TO YIELD RIGHT-OF-WAY,2.0,11.375,8.0,8.0
121a301b7f5ce8230cc196b0043b22cd01df058bd89b63463a700f718234e2757b1994ea9c8a785fd8f105528d6f70f8e345edf9609f3d5ced6d427b19abd4ee,CLEAR,DAYLIGHT,DRY,DRIVING ON WRONG SIDE/WRONG WAY,2.0,29.0,2.0,2.0
121a45ef96b88eaee536a07d600fe8dc06eaef069955e06cf6e3709527a1d43195b809383ddf589a3d345fd4ebaca56fe482ffd2bbaf33d6ac1376e9ce4b1c2e,CLEAR,"DARKNESS, LIGHTED ROAD",DRY,"DISTRACTION - OTHER ELECTRONIC DEVICE (NAVIGATION DEVICE, DVD PLAYER, ETC.)",2.0,37.5,1.0,1.0
121a4d3ea4a0754495f21bc64f454e1d5208640b3a64565b86be32495508ecbd26bd22a936e9f87cd310687d333661780cace7bef4a44fb9fac4e9e9ca5ef7f2,CLEAR,DUSK,DRY,FOLLOWING TOO CLOSELY,2.0,60.5,2.0,2.0
121a65c293c3401e7ea1b028abbb1882a8e6f39709ebe8831383d19c4066767b4cf1cc956d4829d64d54170cda64e1bef8be049c33b2e83e7e76a959bccd77b6,RAIN,DAYLIGHT,WET,WEATHER,2.0,48.0,4.0,4.0
121a82846dae82ccc9e0166b7017c1a208e72248688f325a6665b876250360a9e0298c64dbb1b5afccee058a49207cf86d9609c7ed7baa3a8640c7e50b96e2d7,CLEAR,DAYLIGHT,DRY,"VISION OBSCURED (SIGNS, TREE LIMBS, BUILDINGS, ETC.)",2.0,35.0,3.0,3.0
121ac872a7655d84cab3115bfc5b1c065a1ca3f7745b734fee88f76423535566eec6d2a8c1bb5d5a40cc84588aefbbe548daceaecbe278111f88b4a77cc3cf58,CLEAR,DAYLIGHT,DRY,IMPROPER TURNING/NO SIGNAL,3.0,17.666666666666668,3.0,3.0
121ae0887f2762363b9276b15108ac871214567386c7aab875725cca60695512c0c8b182f20fbae72ee3d7c0ec63cee9ee844f309f1ba954e4e0965a868f5441,CLEAR,DAYLIGHT,DRY,RELATED TO BUS STOP,2.0,54.5,2.0,2.0
121ae11fa2c517467a7a33d3001f0fe89f18a8b634984db01eee69f5968a690093284d03d5f0a41556b2ba9edeeeb7659f453eb102fbdc2e9a8718b8a7932295,CLEAR,DAYLIGHT,DRY,FOLLOWING TOO CLOSELY,2.0,37.5,1.0,1.0
121b065459564674982abcdb9ef458f2f8993ba82c4e2a2d78f468121d7ea609a0b0d0b3b9068f4bc95c30bb302e342fcccf6e7b6dc6c686039c0d0d999ccdfa,CLEAR,DAYLIGHT,DRY,IMPROPER OVERTAKING/PASSING,1.0,23.0,2.0,2.0
121b0d461e0354fc81ba16da35bebbc40f6e19fde96e33a2311bd963234e74b32ce1db9fb5f1d585ac79c8790be06cc6d7cb0baee421a7a061a9d9c388071622,CLEAR,DAYLIGHT,DRY,IMPROPER OVERTAKING/PASSING,2.0,39.666666666666664,3.0,3.0
121b270f0a34b049fc3de0aa3523fa9e375061789819fa6a648722c5f94acc46fd21d13b12de8d70b32f3e4c5b41c2a319baa266f4e85d87e6fee3a1a5e1c001,SNOW,DAYLIGHT,SNOW OR SLUSH,WEATHER,3.0,37.5,2.0,2.0
121b338298437aa8aea4d77a970ddc7fc288c7b1f9aa7222caa71d088f4f60257b54b45b53d3a31ae3aa8d4c2fedc7175f21d1003fe19d0bf5537bd6fe583ae0,CLEAR,DAYLIGHT,WET,IMPROPER BACKING,2.0,37.5,1.0,1.0
121b3c42b4b66909315df904c5cf984d9795cbc65068f366b4dd22d7772ee99b7001eb4194e27cac678c7e92116a556876369f3ab72ff97207b0c68d54755c6b,CLEAR,DAYLIGHT,DRY,IMPROPER BACKING,2.0,33.0,1.0,1.0
121b5bee70d36af790fc6b4ae23c801b0ac41463465ce46d76168093c5afc8615ee6a91829940caca9b328353c85c826a3108d23c7db53faa69245c80fe2685f,CLEAR,DAYLIGHT,DRY,IMPROPER OVERTAKING/PASSING,2.0,46.0,2.0,2.0
121ba6dfd9dd3ab9a00781b3d8dcd97d30acd92b673dca16f35bd94b41337a931b3319ce9a175d663f9719414917b33475684f289c507c4700b5cbad4bae069e,CLEAR,DAYLIGHT,WET,FOLLOWING TOO CLOSELY,2.0,28.666666666666668,3.0,3.0
121bb9d6c0505183d923aa55bed8a5fe61165786c9be8bfc386a591af290b3e704025dd0a07deeb3b71ccd5548c9797843dbac5917e5620e0c4b44c43098e766,CLOUDY/OVERCAST,DAYLIGHT,DRY,FAILING TO YIELD RIGHT-OF-WAY,2.0,39.0,2.0,2.0
121bc81ccd007677432075032d9efdadc47f487478017929ff0cf13fe5f8744a80039ff267516468061c001a95538ff89b6d643670664ae49e4c02a95c9624a6,CLEAR,DAYLIGHT,DRY,IMPROPER TURNING/NO SIGNAL,2.0,64.0,2.0,2.0
121c21f120840188007c15ee75255f05290e8ca1d2af2284eca90331ee04b1651425a53d10686d838a741b67d1a1ca55aaafa2598002ccf56083d2c68f3e53f8,CLEAR,DAYLIGHT,DRY,IMPROPER TURNING/NO SIGNAL,2.0,35.666666666666664,3.0,3.0
121c27d8e58c8b72bb4289068529868a0dedd8ffe4e92b1e1505ba16999ee58189c23421c626b81b48306b6286f9f5e162353c12f6894a6bfa57205879b2ec3a,RAIN,DUSK,WET,IMPROPER OVERTAKING/PASSING,2.0,27.75,4.0,4.0
121c515d2cdfc95cbcee57e71780adebf49ae4b419aaad673005a92485191c2749fe103a96b6a1ecefae79a64be0c10f6d3e50b4c74e985471f3873164e49714,RAIN,DAYLIGHT,WET,IMPROPER OVERTAKING/PASSING,2.0,21.5,3.0,3.0
121c75f328ec15724e8a637473bcacaebd8c36721543430a1beb8a45e1bd7bab14a623b3afb17c254e07f205b244b4a3e57c5dca0ff41fc88272185e06f45969,SNOW,DAYLIGHT,WET,FAILING TO REDUCE SPEED TO AVOID CRASH,2.0,36.0,2.0,2.0
121c8156f0a90021bc47e7404ecf55be243dfa7b3a66398d17d4baca31c065169034039bb614374aa5ef5ef78dbe3585b053122a7c67d8579ae93bfe62f72b4f,CLEAR,DAYLIGHT,DRY,IMPROPER LANE USAGE,2.0,34.5,2.0,2.0
121c89abd3b97dde660c996453de0ea36544c89da0fd1d7d34247f90acf8083c8d2e6ade2e43ff91501717cc0da64cb6b9260cd51abb593682c97487c02acb0e,CLEAR,"DARKNESS, LIGHTED ROAD",DRY,IMPROPER LANE USAGE,3.0,39.0,4.0,4.0
121c989f55dfc8ba3ec48cded014a841c1cc31fb33cd9633f8ca7cceff958e445002fd1e2d102fff77fd6b0a2c9d69dec709293ad478a4d0b1328b18e6555e5f,RAIN,DAYLIGHT,WET,IMPROPER OVERTAKING/PASSING,2.0,50.0,2.0,2.0
121cc7125062c231a422a0f9dacd328d3a7b14f6fadd1a3c0d767d73590e9ba0eb7805328ab729b8233bec82c005cac4ba8d36abde3c0ee8c536397985b06e77,CLEAR,DAYLIGHT,WET,FOLLOWING TOO CLOSELY,2.0,37.5,2.0,2.0
121ccb556034e7ce9ccb8e1cd1e42e9e9ede97d2e46a9055294e6839323ee77ddc2472590b70782a69e4b03a27fecc9886c70d4f4edc3270e133bd6388f1179d,CLEAR,DARKNESS,DRY,IMPROPER BACKING,2.0,26.0,2.0,2.0
121d0588edf2419d4894097fdec2c47b99117a188a65a91af0ff0374358c950d93a7ed61f9ca2a219ada15e403cdb831878728036f3bd9b19914a8cb9f4f1372,CLEAR,"DARKNESS, LIGHTED ROAD",DRY,DISREGARDING STOP SIGN,3.0,31.0,2.0,2.0
121d192988d31816cdb05fa31b11fdd08ac60a8ef60f9b4276d6c7875bece3db7425326e1040ea15a03565119048f8fefbd1470320253780e9fcade5e9eb4444,CLEAR,"DARKNESS, LIGHTED ROAD",DRY,DISREGARDING STOP SIGN,2.0,48.0,2.0,2.0
121d3540898a31777fdcea51671f23a643d81b337b4d9189fc6663a399a6ce2deee49064684f3b7dd127ae4e3a834f89939d243df28b5034fb8db878c67ab55e,CLEAR,DAYLIGHT,DRY,FAILING TO YIELD RIGHT-OF-WAY,2.0,47.0,2.0,2.0
121d4b1f17771dca1653d082d623d65f169f91ca7eb1442283d3feea7eaa23e8a30a54080ae6f7075ade79180ca2b5d825754db5f2037ade4f32306c62131761,CLEAR,DAYLIGHT,DRY,FOLLOWING TOO CLOSELY,2.0,52.5,2.0,2.0
121da2848d0d738a91d25ab5574c6b694741d617dd0af7f8a0f1f8005ef8e4d6f65871ad17ff77e6746750b343e310405b446fdc0fdcc062be137ca0deb5a333,CLEAR,DARKNESS,UNKNOWN,FOLLOWING TOO CLOSELY,2.0,42.0,4.0,4.0
121db6c667863288122023dbeb299c4d880ef75ee928ce41469bdd904adcab9819f78941c2c1001652b1730154a1fbd6c036571e7d87a0a556d2c3baa47fda87,RAIN,DAYLIGHT,WET,IMPROPER OVERTAKING/PASSING,2.0,53.5,2.0,2.0
121db9daef24170aa1a48b170a6d98bd9b68120b6fcf37bd882541dfecc67783632c5472653a10528b43a5bef6fd6dd83e42a61bb2f75ed19c7296578e33358f,RAIN,DAYLIGHT,WET,FOLLOWING TOO CLOSELY,2.0,23.0,2.0,2.0
121dba168fd0a41c7f9e39a84e71c86c550113175c40431ed43f98f7a9c531c5cb1e495f866c0aabafe5a41183455cfb630bd2dac4b384ea5f073d41874509e3,CLEAR,DAYLIGHT,DRY,IMPROPER LANE USAGE,2.0,38.0,2.0,2.0
121df0cf2496eeeab2775be0e432d7b1781e821223b2562fd45f403a69ce72f969e8d96ae46ce44b7a76d911e00118bf70bdfa821f6fc270e4ef936354bdbf91,CLEAR,DAYLIGHT,DRY,EQUIPMENT - VEHICLE CONDITION,1.0,37.5,1.0,1.0
121e290554cec22da74c71c4d5ca83e9e5bbfaada8553f7508ce9c8042baf9439002d2a09b849f91e8a4b4bcefccf716fd446287392f49b16904488650851629,CLEAR,DAYLIGHT,DRY,FAILING TO YIELD RIGHT-OF-WAY,3.0,43.333333333333336,3.0,3.0
121e4f57c96b6e45879fa01e026d58d63164e7342cec0ee8927091367bcdc2472bfaf3b0b788a6c9bcb5d4ea675695945450839497eff043fe2550eb5cdd2e99,CLEAR,DAYLIGHT,WET,IMPROPER BACKING,2.0,37.5,1.0,1.0
121e5abeece1c3e2b4cc1403cbc6d8db6440695ae06f003fc2badf62776e7f28c63a30cc7659aa52e65414e949d816eda72d42b9311a4e4f3b1179f411848687,CLEAR,"DARKNESS, LIGHTED ROAD",DRY,FOLLOWING TOO CLOSELY,4.0,37.0,5.0,5.0
121e7e8fca8241fe5d193cf396434590f92968e0e68b39156abe473064eed1e4b7014b9ae68f21579d0ce3edf6ade1054d243b0cef75272109aabd1a7766a042,UNKNOWN,UNKNOWN,UNKNOWN,FOLLOWING TOO CLOSELY,2.0,39.0,2.0,2.0
121e8e567e88804f49d596000d81d6e90c7153239a3e0fe350d0f717f941e324b7e79cab1a94d2356acf6ae69192a3f7063fc1e7d286d57504bf993a034aff2a,CLEAR,DAYLIGHT,DRY,FAILING TO YIELD RIGHT-OF-WAY,2.0,12.5,2.0,2.0
121e995314848ebb26054bb48c8150dbc64282656ae584deab7968633a18ece5a31697062c9f9108b472975f73b9077f7503b79427e4e4d7dfdc99aaf265fd3f,RAIN,DAYLIGHT,WET,FOLLOWING TOO CLOSELY,2.0,42.5,2.0,2.0
121e9bb9bbb0782efca510b88efa0da665878fc88324042e546952dc6b5f5018070fe96fccd63f4be858e16d0cef0056d2b53ca8deb73606cba0fd5d08fd9984,CLEAR,DAYLIGHT,DRY,DISREGARDING TRAFFIC SIGNALS,2.0,24.5,2.0,2.0
121ed50f20f5f8e88a366056ecbeb49394150d7b7a7c22f5b1dda3e347c5b453d79959d4bda03c4616f014e5451b481efaddd4bfe879521a1a56185107259f25,CLEAR,"DARKNESS, LIGHTED ROAD",DRY,PHYSICAL CONDITION OF DRIVER,1.0,62.0,1.0,1.0
121eda7ff2b886e42b4b4cb09b60d1a596fe3bbebceb9488d6a976e0ad22a1873b0d138593f119c29ca5ae4fc2f582e18e6b953aa707728074538d62f086eb44,CLEAR,DAYLIGHT,DRY,FAILING TO YIELD RIGHT-OF-WAY,2.0,39.5,2.0,2.0
121f19be20f3c2a9683fc3959ae107082aef9322b84da1f19a3ec859a8fa6b76e5d3a4f3dc121ac2bc9f97d7603716d3b088abebaeea0f74591a1c44f79eced4,CLEAR,DAYLIGHT,DRY,FOLLOWING TOO CLOSELY,2.0,52.0,3.0,3.0
121f1d6a2faf0ccc742de2bf7956dddb32a1f18bd3bd7283d05eb5356ef8205703b80f33a874ef3678595939beb835ab952b32c87b89e8fd13e3e3b60d4a83ae,CLEAR,DAYLIGHT,DRY,IMPROPER BACKING,2.0,80.0,2.0,2.0
121f4f1270ddc5ced0ced45514d908a7d2c851a4457cbc049f0c61cfdd061a6389aff5835d48f9c44ca602b29c93a460fd3914ea5f4463d376cafdfca96da1ce,CLEAR,"DARKNESS, LIGHTED ROAD",DRY,DRIVING ON WRONG SIDE/WRONG WAY,3.0,37.5,1.0,1.0
121f7ddf781b413582e5db8b4d95eb4fb321b0b364221ab1432c41c9614d452ac718c04b68fc0e497abb57d98f760775d7c85c948065a2e784e3beac7b9e4035,CLEAR,"DARKNESS, LIGHTED ROAD",DRY,UNDER THE INFLUENCE OF ALCOHOL/DRUGS (USE WHEN ARREST IS EFFECTED),5.0,25.11111111111111,10.0,10.0
121f8a143084c0086df2ea51cec9d5d3a5bcd76cdb58de30426abd8bf869d65a30bf29e6a232c6724129e6328fde2163d0d59da4c79922f617c93eb2ab29f440,CLEAR,"DARKNESS, LIGHTED ROAD",DRY,FAILING TO REDUCE SPEED TO AVOID CRASH,3.0,20.875,8.0,8.0
121f9d3019ff24c1dc9117a7000889243c3148f3175bf87ddfb0650a52566f339d419551a60ad7cb593b02d7fbae6cc7a56a9a8a958e6952f268fe798c95d6a2,CLEAR,"DARKNESS, LIGHTED ROAD",DRY,IMPROPER TURNING/NO SIGNAL,2.0,32.0,3.0,3.0
121f9e7f4631154831925e1ac44e43a66713c6ec1aa2d680df72b1e4e95ebb50951a76c462b16c0fd1136740cfe6408cd0e908006b3ac4cc612dc1888000a590,CLEAR,DAYLIGHT,DRY,FAILING TO YIELD RIGHT-OF-WAY,2.0,46.0,3.0,3.0
121fac468ab7e6d9ac5de99a64afb486577fdadf4c07676a0601f31aac5b65441ebc54bd005ed9c21a3b9bcead064be3b219a92bdcf6ca5cbd399d35d4ec9027,CLEAR,"DARKNESS, LIGHTED ROAD",DRY,DISREGARDING TRAFFIC SIGNALS,2.0,18.0,3.0,3.0
121fac97e6972ca472702de55fa35b7a5e5b9f71511019c64e995ae9762f09e6ca27db93c24181430634ada152d3321c14f2b6d6de814e41a06afdb95318cc78,CLEAR,"DARKNESS, LIGHTED ROAD",DRY,IMPROPER TURNING/NO SIGNAL,2.0,23.25,4.0,4.0
121fb023208538352df4b8e853e5d8a49994fd5ba13a217c59fd3210f5d4d6fcd64d342e4d5be73b8ecf3bf6f7fe52da066a9cb35eed796bd08838530f87e073,CLEAR,DAYLIGHT,DRY,DRIVING SKILLS/KNOWLEDGE/EXPERIENCE,2.0,60.0,2.0,2.0
121fb3ad8e8e95cd9fa74cbceb0006c4603103c37a9105923861819df77c79fb426cd142f345d8273e63865c315730fa837eadf5c6a4e8ed587206781b0824e5,CLEAR,DAYLIGHT,UNKNOWN,IMPROPER OVERTAKING/PASSING,2.0,56.0,2.0,2.0
121fb746cb6c2971007deacad5dc03bd1a54652a04796ffd948b1c1fcba2c64340197a01c40a929699a190cbf02733756a9e0cb86e6bb361f34c619eeb2075b8,CLEAR,"DARKNESS, LIGHTED ROAD",DRY,DRIVING SKILLS/KNOWLEDGE/EXPERIENCE,1.0,36.0,1.0,1.0
121fc5f8ec4874cae8fec16c19ac7987dafe1293d59cc2588253802a78b2620ef9fc167cd8b20c5f70716bbdb47f4b0300fc5036a7d2f371019d05e7ac8c6f69,CLOUDY/OVERCAST,DAYLIGHT,DRY,FOLLOWING TOO CLOSELY,2.0,59.5,2.0,2.0
121fe3247fe7b5f3d0b530d7af3b641f3c6d757cc9aadebea63a622f0b2f47d75045103c1d50c43dcb1e8e41825d6cd6c2e60b4a387d1a48f59664494caed2ae,CLEAR,DUSK,DRY,IMPROPER OVERTAKING/PASSING,2.0,29.0,1.0,1.0
121fff043ba24459a95b3d5e102f5a81bf001771ad663fd7c678f5a3f119aafac92daf55d5275cd8a8e86978d9b920b43cb59171169cb82de7c59fd4cb2a4aa1,CLEAR,"DARKNESS, LIGHTED ROAD",DRY,IMPROPER TURNING/NO SIGNAL,2.0,44.0,2.0,2.0
122015b04af61b3ad35c4fb513da742f022d99b10e7a708bb2f270da10ce4513b64ed8f4bfa6635f7a8bd16cfcac562f3f54b61e8685b6a8ba0310a6bdcbb939,RAIN,DAYLIGHT,UNKNOWN,FAILING TO YIELD RIGHT-OF-WAY,2.0,50.0,2.0,2.0
1220162ba00df3fd39c43dcd224dfb35b50fb0f3ccc129c2b5913508347c24bc5ef3ef11cd0a27ccde68b47506fc56a02ff99b10e90bcb036656d9d7c4501850,CLEAR,DAYLIGHT,DRY,FAILING TO YIELD RIGHT-OF-WAY,2.0,56.0,1.0,1.0
12204cce2c28219fb08b56c9aed54ed18c15b9e8fb4dce394fb138510b0841224a57b6b31d8de67f547d6b43c9ef9173e4644ed1167b9a4b31b4a7b7d47d1aaa,CLEAR,DAYLIGHT,DRY,"VISION OBSCURED (SIGNS, TREE LIMBS, BUILDINGS, ETC.)",1.0,48.5,2.0,2.0
1220529210ee1a027d7c6fce9ca8e75f855c6397b001f99c317dad9d1bd9bfd9ebf36f860f958dc7311c9a0054c4ef1a86a9c396f76cc43d38a8d5afead9c954,CLEAR,"DARKNESS, LIGHTED ROAD",DRY,FOLLOWING TOO CLOSELY,2.0,32.5,3.0,3.0
1220956556a5330cc5e7fc9b532d15beb87327e9bed8876131167c9e3a79ff377ae02833e0196958550f3601022f120b526bcf82624b47e499aef2ccba6d309a,CLEAR,DAYLIGHT,DRY,FAILING TO YIELD RIGHT-OF-WAY,2.0,38.0,2.0,2.0
122097d6a1abe43aa8df3150a09819f3aa192adac32856dec85f3c440a00cab5043d5327afca479f175f982ef98ed7a5a6ed7e51673c4adc0b25e67d0317bd90,CLEAR,DAYLIGHT,UNKNOWN,FAILING TO REDUCE SPEED TO AVOID CRASH,2.0,33.666666666666664,3.0,3.0
1220a2f929930f9f13b88660e820e87121bdac1e5b5baac587c8c0d6eb6840452abda969c61c205ef18a095e2ced227f94809eb3e2f6ce5f3e19841b0699e2e2,CLEAR,DAYLIGHT,DRY,FAILING TO YIELD RIGHT-OF-WAY,2.0,30.5,2.0,2.0
1220ae8137e6568a8f7c0a15a068f17ed08b63df198246af6fabc3c82d727ecc6de365d65679c6a365a5456ac358d0bd3b0af10a12ab808f3792e5b04aa872e6,CLEAR,UNKNOWN,WET,FOLLOWING TOO CLOSELY,4.0,30.0,4.0,4.0
1220bac88ad5df9bd37cd408253d170ccc57a82be7e47b4d171eef3283cace5f68cd67ef0b64d4c9b66d5d1ea2b41f0ed432309b7d2faf13322fb9bb5db40c0d,CLEAR,"DARKNESS, LIGHTED ROAD",DRY,"OPERATING VEHICLE IN ERRATIC, RECKLESS, CARELESS, NEGLIGENT OR AGGRESSIVE MANNER",2.0,37.5,2.0,2.0
1220de7d572fae463b648b3a5a8f67f54280678a41c6a5f2f84df5e1f5e3d55cbe78242356ed252aa864062f2b69cfc3f24d229980662f1cec1a66ca7b57b612,CLEAR,DAWN,DRY,FAILING TO YIELD RIGHT-OF-WAY,2.0,37.5,2.0,2.0
12210c8681b4a84436df1aa743460a08dbe450e4c864e3beadd90da8889b92764c7995429f10daa4aa8ec4a18fd72bcc561b54f8dc590a4b577c8443ebbd0564,CLEAR,DAYLIGHT,DRY,FAILING TO YIELD RIGHT-OF-WAY,2.0,32.5,2.0,2.0
12211641ddbd5ddc5f476a43a2411e05d5a62421ce9bd0b698f52c2cc43ebb6c68baed0ab661242cdd83f50493b778fbc52c41e068211953a7ac1030ce23cf90,CLEAR,DAYLIGHT,DRY,IMPROPER LANE USAGE,2.0,23.0,2.0,2.0
12212db2f85dea402d89a41f24d44b2df26ac037d17a4d9a43f0e8d66762f4a6c692a0c0eb18f23ca749c0320aa76167cd07a86c2ab846748ea38d0098ac33e6,SNOW,DAYLIGHT,OTHER,FAILING TO YIELD RIGHT-OF-WAY,2.0,22.0,2.0,2.0