crash_record_id,weather_condition,lighting_condition,roadway_surface_cond,prim_contributory_cause,total_vehicles,avg_driver_age,total_people,total_injured
122132c4ddcfcc11ca38a696b18ac16db69e35fe5be472a237747aa2a26c89d2fa626f1b95924c0eba0272645edf4210c585be7d6b1d3dfab426df50ee583288,CLEAR,"DARKNESS, LIGHTED ROAD",UNKNOWN,FOLLOWING TOO CLOSELY,3.0,37.5,1.0,1.0
12213b02202f13e32b6c447b7852dd52236578e1540b8211ee6abc46810a089c9d55e2f01b43243ac078dbb290dfbfdb67dfee09c2213fdd7d0f924b531b8c30,CLEAR,DARKNESS,DRY,"VISION OBSCURED (SIGNS, TREE LIMBS, BUILDINGS, ETC.)",1.0,53.0,3.0,3.0
12215c8846d37b2f1646d7b63893f46a5d38e90655ce61642d69d78c055d424a7b4e09dc9821efdec4627ab4ba91b9cc8dce94b09855969e8c3007ecbf188597,CLEAR,DAYLIGHT,DRY,FAILING TO YIELD RIGHT-OF-WAY,2.0,22.0,7.0,7.0
122162e80e2628e17bea24408b9da7cdae7aa4590bb3b549564d289e128bce659646230fe0890365b9dab9d40eef45e942a1df448f8de58c70f2ff600c631823,CLEAR,"DARKNESS, LIGHTED ROAD",DRY,FAILING TO YIELD RIGHT-OF-WAY,3.0,24.5,5.0,5.0
12217341fb9f09cfc31e8c6159f0104fd0ae35eab58445c4eb4c751b597d1de0cf45109e3792abcdf3ba0fb8d9a92131cfb918a04e38932e9f717e604dd7f090,CLEAR,DAYLIGHT,DRY,IMPROPER OVERTAKING/PASSING,2.0,40.0,2.0,2.0
1221b0576b2636c9ca1503b0f18c5565631f59e650ed2f1ae4ef9fba694d0253a250d9f6baf092dfbdf8d0cf135dbaaebae953f30eab28dd3f7602a1b4b2d709,CLEAR,DAYLIGHT,DRY,IMPROPER TURNING/NO SIGNAL,2.0,28.0,2.0,2.0
1221bb58100087e70de744fb22162bc5b3eaa88f5f4bfd43dba0000a02aab75145983e5b5b22500524ddb01e72073fc33f5f6fface2dd4effb5e3eef11430e10,CLOUDY/OVERCAST,DAYLIGHT,DRY,IMPROPER TURNING/NO SIGNAL,2.0,47.0,2.0,2.0
1221d50a10297abe61382cbdd312468a213d0c15806a99fb445a83f95ae6d431aaed79476531293ab897c411c00b147988ee1f1f8202dc4abc19727a468b7494,CLEAR,DAYLIGHT,DRY,FAILING TO REDUCE SPEED TO AVOID CRASH,2.0,29.666666666666668,3.0,3.0
1221db5d0614e5e75141e7a84ed2abf5b75f0d37f5ae8913aaad3e72a7e88998ef6c55efe4d4bd5c01699dfa2cbeab2da7fc301a2d89ad099e1fdf04efd91d9b,CLEAR,"DARKNESS, LIGHTED ROAD",UNKNOWN,FOLLOWING TOO CLOSELY,2.0,51.0,2.0,2.0
1221e5bd4d76e69104b7dd7ef1b362f55a8e796f88365345d5607e2923c92dd4d6aee862c85926c7a840f9411f026fa0a24f85eb745020413ce4ac5e7046e580,CLEAR,"DARKNESS, LIGHTED ROAD",DRY,"OPERATING VEHICLE IN ERRATIC, RECKLESS, CARELESS, NEGLIGENT OR AGGRESSIVE MANNER",1.0,37.5,1.0,1.0
12220620e96ac06ece98b4f2849fbc464cc4dddaeb970fc4a8fef06c4f87b9fb0d5d6770b1edc50708342c402993eb49736ac2ddc190ed395456c3720f1627f7,CLEAR,"DARKNESS, LIGHTED ROAD",DRY,DISREGARDING TRAFFIC SIGNALS,2.0,19.75,4.0,4.0
1222b5edd81f7c24e8efa27129442affa1edd722a255705692385832f42e56b4fa02a4a553b5ce616a8aad045051ae2e5c0d96821ffa6e1379c650b78ca6fdc0,SNOW,DAYLIGHT,SNOW OR SLUSH,IMPROPER LANE USAGE,2.0,43.333333333333336,3.0,3.0
1222edaaff41e0b1c5c5bbfdaf34afdc124b90f7818d7f90cc40ee95df8c1d9940f32c826e0e240d43facd75507e79e605ace66a80368facaa523bab2b3fcc72,SNOW,DAYLIGHT,SNOW OR SLUSH,FOLLOWING TOO CLOSELY,2.0,36.0,3.0,3.0
122310ef349d4d0864b995b8a291da8649a617b50cf68191295559e27610f96cb121b90f94b3d8df68c842ca28f395fe8e85227e7e33e58e34b6c2834548d72a,RAIN,DAYLIGHT,WET,FAILING TO REDUCE SPEED TO AVOID CRASH,2.0,49.0,2.0,2.0
122326c407c3048650d5a16f53b0fb47a67e91ea674860c38297d7286dab758b9a65cc147ce0c604aa529ed979c1a2f7b83eefe3a68d3b14d610dd22247cae02,CLEAR,DAYLIGHT,DRY,IMPROPER BACKING,2.0,70.0,1.0,1.0
12233fc0714ea04f27b037b19b0aa013a95dae3898ebc189430ea1f561451371a428f19f2b9b4be9523c31119c787fe3338abecd12f4b435468d01374b80640f,CLEAR,DAYLIGHT,ICE,FOLLOWING TOO CLOSELY,2.0,52.5,2.0,2.0
12234cfd2f64f542e0831b34ad91c01374a1b7213ccc7c3a61f9931a55b47deef1d68ef8ce200a60063b97ea2d9d78668b887e9841f31efe6c232cdb64d6ac56,CLEAR,DAYLIGHT,DRY,FOLLOWING TOO CLOSELY,2.0,47.0,2.0,2.0
12238f0aa76300c866b6dd2f80eca60160134cc30de066f0b4adba656b71d1ce67d8b2fa56587a0ce70a8bd2e9ebc9d31eb2de5bc507a03c2942cd5e0c8d95a5,CLEAR,DAYLIGHT,DRY,FAILING TO YIELD RIGHT-OF-WAY,2.0,60.0,2.0,2.0
1223969166d3cc37ea00dc36c7b7e3e8bb8a785fe995dd18195a59397a5abaf67c74f0c21588201795388d460c3dde80fe0edebee1ab485917180342fda01da4,CLEAR,DAYLIGHT,DRY,FAILING TO REDUCE SPEED TO AVOID CRASH,2.0,40.833333333333336,6.0,6.0
1223a692d22baf2cebc43e5057450df9bc75ffa6940c3f071239cde937b454282533463cdc45aae5165a200a16e8834106459bde87c36f999cbdc4184b7ccb65,CLEAR,DAYLIGHT,DRY,FOLLOWING TOO CLOSELY,2.0,49.0,2.0,2.0
1223a71d4bd40c118e5453a42eb9cc5b993c9a8c315dd672be030de2f04730ac005d2a728d720ef66503da281451409f46eba45c5ae05b3b5111f3313e6fd413,CLEAR,DAYLIGHT,DRY,IMPROPER LANE USAGE,2.0,36.0,3.0,3.0
1223bd678b1002a8d318a8f86fb4efc3189cd5bf817f960b4dc248ecbee39255e3e3e523ef864f7f8944c320c1e4154d9f75e23600c49986749add0cfa5e5e7e,RAIN,"DARKNESS, LIGHTED ROAD",WET,IMPROPER LANE USAGE,2.0,39.0,2.0,2.0
1223d2e4b6b1431722e25d577998a955f25e04c1743a4dde3205e58c0d420059874bcc933d09933112e11997c184081b596dede89d3a9a29bb8820d2067c8a5a,CLEAR,DAYLIGHT,DRY,IMPROPER BACKING,2.0,15.166666666666666,6.0,6.0
1223d6ac32eb25693c6364eb010180537e6f84bd00d46f1fc522a954dbf1ce805d3dc5ca1535c077e6f143d63e3ccb8ac60f2d5680a7d69d3f5c8fee645e70cf,CLEAR,"DARKNESS, LIGHTED ROAD",DRY,FAILING TO REDUCE SPEED TO AVOID CRASH,3.0,33.142857142857146,7.0,7.0
1223e7d9838c4d21c55d8c3ce8d16b163bb504fd7e8ff05e74a2a7f2814a597598ce360b4eea87daf980b1b5cc658ef50c99c9756b726013bf02cd7cf5a0db8a,RAIN,DAYLIGHT,WET,FAILING TO YIELD RIGHT-OF-WAY,1.0,55.0,2.0,2.0
1224006ab3283663485754f05ca69b879dc688468714be6df364fcbbe5e6093dc0e7579784db5260e5233b3ec12f97ae92a3df3c30a81159b1fb774bfaf90739,CLEAR,DAYLIGHT,DRY,IMPROPER LANE USAGE,2.0,37.5,1.0,1.0
122405c96a63f67e4ed84dd90dbc10baf6cab114655e64e622b295bdc0c7a0eddae99fd243e7ecd87ca97d62a10f16bbd07ca93b5c3e3f9775811ed1f44f4c19,CLOUDY/OVERCAST,DAYLIGHT,DRY,FAILING TO YIELD RIGHT-OF-WAY,2.0,24.5,2.0,2.0
122410deb6999abd19fcad4fa0d26aeb0505df7bd131b8a32093687aaf1bf86f71a767d84dffd3ca2e023589254c24ea876c41ec1ab03c010d29d99912fdbd8b,CLEAR,"DARKNESS, LIGHTED ROAD",DRY,FOLLOWING TOO CLOSELY,3.0,29.0,2.0,2.0
12243d0675c0ea381caa1f1eee915490cfaa9a02bcd664970688b756287c9dbf64584f9bb9277aa624e03e30a6f5d5e2b9f217ba5007eb8b30ff4e99cddf0812,CLEAR,DAYLIGHT,DRY,IMPROPER BACKING,2.0,53.0,1.0,1.0
12243fd730ceaa3ced75fcf7bbd03054212cee10e934366ef9f38e6c9fff6b92b786c95bed70352e7f25132388ce41dd38c5482650f8c2a20e2b9ad9aea95a0f,CLEAR,DAYLIGHT,DRY,DRIVING SKILLS/KNOWLEDGE/EXPERIENCE,2.0,31.5,2.0,2.0
1224411310a43cf8cd810f12779b1c2e46bb78a04c417c467322f11ac1ae8a5ecee4b4054e2f082f48e40046027381dfc49c08a03ed088b2c9cc2d000cae04f8,UNKNOWN,UNKNOWN,UNKNOWN,FAILING TO REDUCE SPEED TO AVOID CRASH,2.0,37.5,2.0,2.0
12246df0bf98bb749da8b070fe2af5c015a40a6d1054da0a1dc3aa14e1f37adc697041454122203a77c4684958978a45bf3bf51ccf45ae9ed33e63d98bb7d247,CLEAR,DAYLIGHT,DRY,FAILING TO YIELD RIGHT-OF-WAY,2.0,33.0,2.0,2.0
1224b7ba08a68426b2d967b84a81fd7848bfeb9208d8bee5d865643f265ec6567a8e1efd3196c8e1a9214688084668689e6883648c20e897039556202e649855,CLEAR,DAYLIGHT,DRY,FOLLOWING TOO CLOSELY,2.0,38.0,2.0,2.0
1224c9afaee2f45a12f376e5e688aeb3e7554438410e7f08dd0ac1f413b55a634e997b8566a8417b90eb5c04d711a2908976befeae7b4b25ce50c634f8af7481,CLEAR,DAYLIGHT,DRY,IMPROPER OVERTAKING/PASSING,2.0,37.5,2.0,2.0
1224e0c35e35ae4d5fc0540453009095eb8509d501cef55255baf4737bdeb193b91c24bd4b2714b20ae8970f8b063e60fe439ffca01b47a78fc8247c25f3c970,CLEAR,DAYLIGHT,DRY,DISREGARDING TRAFFIC SIGNALS,2.0,37.0,2.0,2.0
1224f18eb4e99219984ebf2db3bb67edbb80437cf076e0a11c4e3ae52729267622788f306a8d112096679e9556e51e07893f0a93a215168337c4ba0911ab9575,CLEAR,DAYLIGHT,DRY,FOLLOWING TOO CLOSELY,2.0,56.5,2.0,2.0
1224f1ac210e8dfc254bce50051f2d76b382c6fa942e4f0563348ee03158817d6f7e10c53dd5cf4bbbc4ff289f4676c9642e4caef42f9527a3abdc3cb01c52cd,CLEAR,"DARKNESS, LIGHTED ROAD",DRY,IMPROPER LANE USAGE,2.0,49.0,4.0,4.0
12250e9409adbc8fa5e1be4392a3e0b7b16dd9189cb54fc4b90625a1b5b6acb33d0c3274cbfddf3792fc532602ede4b7e280ba3677a654eefa8def28eb6aca86,CLEAR,DAYLIGHT,DRY,EQUIPMENT - VEHICLE CONDITION,2.0,63.0,1.0,1.0
122511581ec14334824dcba25c27dafc47ea64d8c0eee55f0fe92058099b252277248df94ea26c436a961c1c15634c70fda4e04bb2d4c9a57b5161e082dd6d1c,RAIN,DAYLIGHT,WET,IMPROPER OVERTAKING/PASSING,2.0,46.5,3.0,3.0
122539adb1383c5d32621d8f4b359600e929a2262cf872c4eddfe75419eb94a79b2fda8268928c0450d8455753384fe42fae70152f9e3ea024318c5733121311,CLEAR,DAYLIGHT,DRY,FAILING TO YIELD RIGHT-OF-WAY,2.0,23.5,2.0,2.0
12253ba8165da4121705c362b86727cf32508e9ba603f810848b5c958fb424b8689d05df0e262b5892fe8e3d819a301af4f0156ef12a9e035cc94b1486680dcd,CLEAR,"DARKNESS, LIGHTED ROAD",DRY,FAILING TO YIELD RIGHT-OF-WAY,1.0,56.0,2.0,2.0
12254371de4e755a9aaa83f38c2cae45c258e1572d8787a76ba6123714a27747c64df54a9cffebacb0e2c65c352dd23ed4d73056bf320ffa75bb6354a7fd20d3,CLEAR,DAYLIGHT,DRY,FAILING TO YIELD RIGHT-OF-WAY,2.0,22.0,2.0,2.0
12254375ba181610d939bc320bc8c7e00623e7270a53eb42bdb2c6385c8a0b33ed1a99c2920f3295ad34f2cccccc9ddc12b300f61de5457ebd6c164c3a7f1afc,CLEAR,DAYLIGHT,DRY,FAILING TO REDUCE SPEED TO AVOID CRASH,2.0,22.5,2.0,2.0
122554335f60c392de589c2fefb21f66a97496bdaeb7a98c0d75d331556a1901071b27ab42a0d4b507c1ae3474be56d5e0cf78e5836e01ab6d36779ec45a32aa,CLEAR,DAYLIGHT,DRY,"VISION OBSCURED (SIGNS, TREE LIMBS, BUILDINGS, ETC.)",2.0,31.333333333333332,3.0,3.0
122584bf6b4709afc950ad138a215064e8b22327c1931e9471eb37fadc48fbb945a8d0e196e85052f2af3d5edacb38960ae8917c9c1fe474ea9da1e5df0add56,CLEAR,DAYLIGHT,DRY,FOLLOWING TOO CLOSELY,2.0,40.0,2.0,2.0
122587b00e577f85cd17e1959d3e3e82c7f71ac142f1e10b09c3058ca340f461b3b8394928fc0451b09e85684660c81f0a5a45573ad8fc7053ff107a740b76c1,RAIN,DAYLIGHT,WET,FAILING TO YIELD RIGHT-OF-WAY,2.0,26.0,2.0,2.0
12259ae94ccac493d77d257881326fcf64cc4a074a86afa942cd36e325f07e015dc7cbded148b7699af83b26953d86142430d107c14aea1063455b2e2ad72e7f,CLEAR,"DARKNESS, LIGHTED ROAD",DRY,FOLLOWING TOO CLOSELY,2.0,26.0,2.0,2.0
1225bd2c3a7bbbd25301c05e09bc88d4d7114ef7fa4cfc3dfc3967dcd944235ea2a8c0037bdbc8ad22a828502f4e5c4b2eee3db30d941799ac718b5bc1438ae8,CLEAR,DAYLIGHT,DRY,FAILING TO REDUCE SPEED TO AVOID CRASH,2.0,27.5,3.0,3.0
1225e6d73746e6f510df108941392b0379016783a97eef98fe3193a01cd6fc3d99bd823cfbcc617e740eb1ab53d594055cb82f00286c88e1d66296341c931972,CLEAR,DAWN,DRY,DRIVING ON WRONG SIDE/WRONG WAY,2.0,24.0,1.0,1.0
1225fe1d3befed95e18ead3b4ebc33fe1d87ef05240386bd4f2e09a95ee50a17e1727d5c211e31a96ba38c79c3ab35573183757cb62076ef3eb52718683f4118,RAIN,DAYLIGHT,WET,FOLLOWING TOO CLOSELY,2.0,21.0,2.0,2.0
1226033b880547989f0624b90f798da048267f34297ccd8582a8ecbefec28918beccf34185e593f47262cd45098b898b8eb3800ec229d8506eba37142608e37f,CLEAR,DAYLIGHT,DRY,DISREGARDING TRAFFIC SIGNALS,2.0,59.0,2.0,2.0
12261e5276c4ee45698adbf3a556f4786370ccb4ba7d271bdaeb93bf24d4e122d6762b6b7354e8a3deda589c2d157aa00bd4964d5e0102ef4e08d961695fedf2,CLEAR,DAYLIGHT,DRY,FAILING TO REDUCE SPEED TO AVOID CRASH,2.0,19.333333333333332,3.0,3.0
12266f84c76dd36c27f2d1320e30c9781d709a8b9f1a67101e283ae29ade89cfe857df2bd93b7572cf55965682bb923c9bdec6d55de9e613f0b180b70a041313,RAIN,"DARKNESS, LIGHTED ROAD",WET,IMPROPER OVERTAKING/PASSING,2.0,75.0,2.0,2.0
122689e9edd2a5a8c603f62385381c65cb1a93648e318ea3557f6c797f7fdb7363c89ec278eda24eb908d083786133c1182b38a76238806abd43589e17e8329c,CLEAR,"DARKNESS, LIGHTED ROAD",DRY,FOLLOWING TOO CLOSELY,2.0,42.0,2.0,2.0
1226a094784e0102fcab6137674bd810e6d0ec0af7d3e6d2b2c08a2fbd59452c4db99622f36f3843d3355a0e697ef5b1279b40cf1f7f7a1fc253954ac7c6f30f,CLEAR,DAYLIGHT,DRY,DISTRACTION - FROM INSIDE VEHICLE,2.0,23.0,3.0,3.0
1226aafbad6b6d63893a5d216282708c418117fa10141f28993ea969f17fb2f72a62e892c2b2e7daae8c7b710e1d4c4197a91fd99497cca5e13de877d38512d6,CLEAR,"DARKNESS, LIGHTED ROAD",DRY,FAILING TO YIELD RIGHT-OF-WAY,1.0,63.5,2.0,2.0
1226ae774ccc34bcdcd691c899f6a6174ba254744f20322f169efa03ee9dc7dbfad0f891dd5827d73b997e4a46b46ee6b1c44ad9893e09d1336071e24f59c6b5,CLEAR,"DARKNESS, LIGHTED ROAD",DRY,EQUIPMENT - VEHICLE CONDITION,2.0,41.0,1.0,1.0
1226d45c5815db8c9b7ed3b839e09fc12a5c30b2a4c5f0076639a04053d23c0fcd47dd76d359f24aae5234f11b3a287991390174f7fad19ef504f473c566db5b,SNOW,"DARKNESS, LIGHTED ROAD",SNOW OR SLUSH,UNDER THE INFLUENCE OF ALCOHOL/DRUGS (USE WHEN ARREST IS EFFECTED),2.0,38.0,1.0,1.0
1226d665ec3e636edb79facb404b90349a9de4ae316c1e1b988ca451d5a2cf1780ccf25b9394d61b6a881a6db46965eb0498ba6a9311711658fe8337e8c0139b,SNOW,"DARKNESS, LIGHTED ROAD",WET,WEATHER,2.0,37.0,2.0,2.0
1226f8ed5b3ac8d3c77f08a1629adcb1a2ef0e5faacad1d8046e79f5b29f69e3aba4fa813adc3a9d52eb6074f3630e21d75c113bb3d8accbf8e3b53c6038fcae,CLEAR,"DARKNESS, LIGHTED ROAD",DRY,"OPERATING VEHICLE IN ERRATIC, RECKLESS, CARELESS, NEGLIGENT OR AGGRESSIVE MANNER",2.0,37.5,4.0,4.0
12275f36dc3b92abf545e687d1ab8a772b2902277edce9715e760acdf9ac516e8a19b12e2356b48a1a44271ff9c52a108157fa8840c734f2e5d4811bc4561337,CLEAR,"DARKNESS, LIGHTED ROAD",DRY,DISREGARDING STOP SIGN,2.0,26.5,3.0,3.0
12275f429399c67e23d4b2a4d22ecb4db91a94998ef3b73d4b570ea78542287a8ac3f843c19d8112500d8dbbbe6bbab193483fbe9c6a4896be9c9efe7250c76f,CLEAR,DAYLIGHT,DRY,IMPROPER BACKING,2.0,38.0,1.0,1.0
1227741e450cca6c88de12d714c39a72120d8f3d2f1feb4b2583deaed6ba124e222160c6d2f60cb89ff2001ea4fb8386f481430588962a640f4c4ca475180222,CLEAR,DAYLIGHT,DRY,IMPROPER OVERTAKING/PASSING,2.0,24.0,3.0,3.0
122778f636548b83150ecc1ef8499e3307c946d2727f8923ee00599133c1852f4fcffb22e6a006d72dc44d7a54e796eeb53d62086e25a19c7a300188f25b76c4,CLOUDY/OVERCAST,DAYLIGHT,DRY,DRIVING SKILLS/KNOWLEDGE/EXPERIENCE,2.0,44.0,2.0,2.0
12277d71e688ab3b1448fe296b84edd154ddb49d5d0ada4863eef73520b537a0224d1c0efeeb997f224c51ee3d9b6591922964423276c26641c90c93c6d7f83f,CLEAR,DAYLIGHT,DRY,IMPROPER OVERTAKING/PASSING,2.0,37.0,2.0,2.0
1227a6d5615939e70c01fae6bf7261d101fc2a1ab2fbead6a084be35d9b5beff381dabb7832c161a3c43493a52277f0a4a7e0133967a8df108e44aa2b3bd8c05,CLOUDY/OVERCAST,DAYLIGHT,DRY,DRIVING SKILLS/KNOWLEDGE/EXPERIENCE,2.0,51.0,4.0,4.0
1227c365f75aef0841c4c000ed6308f770022af7c90b78a7d9d9eabdf1cab5d8a891ef751b9f0b03cc59951b397ff9c1ede8bd2ba4145a84757997a412dbb96d,CLEAR,DAWN,DRY,FAILING TO REDUCE SPEED TO AVOID CRASH,1.0,37.5,2.0,2.0
1227dfdcb4b08bd947b2421aa58d24cc22b06a7ac138efccbb442be8e56c4f24da35b52b03197d939958b1e4174e3d915eb915d0e84c2767e7a948b963e014ed,RAIN,DAYLIGHT,WET,FAILING TO YIELD RIGHT-OF-WAY,2.0,63.0,2.0,2.0
1228171882fa9d15e047154199e78e11bb2c350529da9ae4c36cf33963c78f8cc9f036d8fe99d9e73a4e8b2f10efa3867ab908c3db71bef04eee3e99a3bf6f25,CLEAR,DAYLIGHT,DRY,FAILING TO YIELD RIGHT-OF-WAY,2.0,28.0,2.0,2.0
1228255d3032ae24cd3abcfbb714a3edb8eea9f76c2ae9f85abec3c9c25a044ee0af9c4cd4acf7d35249568ee7c86715cf36ed7dc0c7b6b7c00b0cae875dd614,CLEAR,DAYLIGHT,DRY,IMPROPER LANE USAGE,2.0,25.0,1.0,1.0
1228301bff1409f7c527cc8f2df99359ff830fc0db83110c3cd027e17aad3db9a42230c3bc01d62ca27d7e55cba821bae421e82297b1b64ef2d0acca3f869386,SNOW,DAYLIGHT,UNKNOWN,UNDER THE INFLUENCE OF ALCOHOL/DRUGS (USE WHEN ARREST IS EFFECTED),2.0,35.0,2.0,2.0
122842ee5637cd6810ff1fd0de55d0210390b42143ebdb02138bebbe0421e0b4daf0e8bc49af92cfebb8a299cea16d2bfbfba4bc348e09255120f94bd9e9c90e,CLEAR,DAYLIGHT,DRY,FOLLOWING TOO CLOSELY,2.0,38.5,2.0,2.0
12288d330c4511a29498dc381dbe77e33fb314cc9fd426aa17c46fe8a92aeebb0079f12793f8231fac6484eb68425a4ab2828d8bcdff83f5e7eb918171c0bc98,SNOW,DAYLIGHT,ICE,EQUIPMENT - VEHICLE CONDITION,3.0,36.5,3.0,3.0
12288e4fa4e319d32a2bf3b913f2842cacd60d95a194d98c0f0cacb0798497295b2fcb111c9ea1d0bb543033e6ddbfa426687187bcf011fea21ff81019c3f8e3,CLEAR,DAYLIGHT,DRY,FOLLOWING TOO CLOSELY,2.0,33.0,2.0,2.0
1228b06e7bc057d167cb130445af677b2435bc8160a1080e6a2b933c7c7093b330e0e726f8bbb34744f611ed9b2ac0ab7a0e3dc98f02a00f1c972c6ca46e7d39,CLEAR,DAYLIGHT,DRY,IMPROPER OVERTAKING/PASSING,2.0,37.5,4.0,4.0
1228d678f9d3255157a182d81831393157602add9c95b41b7b2eee1e9008758fca66f8629d7666a8052caff1c46cf51e25bd5875459e1c3989284b3e1d9b1919,CLEAR,DUSK,DRY,FAILING TO YIELD RIGHT-OF-WAY,2.0,23.666666666666668,3.0,3.0
1228e9542ead7d078adb912bdfc6460f304066c640cb0f618ea12506e835ebdce9975abb0185c6da92a94f622fda8dee3546a9e65042a9aa023208597bec078c,RAIN,DAYLIGHT,WET,FAILING TO YIELD RIGHT-OF-WAY,2.0,23.0,2.0,2.0
1228f96625f85d263bf2eafeb078ba035afae931dac7a337f479df1e6a32bda0af055adf7bf53fec2812ce4761c446ba1b63fdabd65a6bbd524b2cac1a89a3b4,CLEAR,DAYLIGHT,DRY,FAILING TO YIELD RIGHT-OF-WAY,2.0,57.0,2.0,2.0
1228fab5e873601881611e2abf3d345e4713df13cbe7eb2ae843fda7dcf0cf11773a15b5a1370f7c10fff342d758cc11b402ca3646047d4164fe46b8aff26edd,CLEAR,"DARKNESS, LIGHTED ROAD",DRY,IMPROPER LANE USAGE,2.0,23.75,4.0,4.0
1228fe4ca4314a5057697461c42f47de704b185ae6d0b0541cd020a4f2e57fbf5c5a64cc02cf40b1ca8f88574620e560c5e82d2561c8d7c9f8e361be223d2858,CLEAR,DAWN,DRY,DISTRACTION - FROM INSIDE VEHICLE,2.0,47.5,2.0,2.0
12291eb7a3e9bacf7078791b8e2aaeabbbf1b2a7d21af8dc95e52eaa80dc46f9dbf6c5c05c4bb186f4d18dc3cb2c2e8c0d6eb2668273c7dc5e8aa58148941696,CLEAR,DAYLIGHT,DRY,FAILING TO YIELD RIGHT-OF-WAY,2.0,29.666666666666668,3.0,3.0
122927045ef6c0c219ccbbdf47d5be0d3f75a903788b14343d746b76cd49a29816e508987acb026ecdb6cb664a76aeae50a73e8d12df3cf3b1c26c81c58723db,CLEAR,DAYLIGHT,DRY,FAILING TO YIELD RIGHT-OF-WAY,2.0,59.666666666666664,3.0,3.0
122960e44499175207c1d4f88d5896e116e9a737ac72c4f16ab2480660ccd1db77b850caa0e06bd728275f4c1281e0abb3bc8f4b40c5bada16a0ff77c1f8dab5,CLEAR,DAYLIGHT,DRY,IMPROPER TURNING/NO SIGNAL,2.0,33.5,3.0,3.0
122995aeb57f652ab2e1a7417ef506636277b391b681a81ae109568b362f24c4173f212a9d0b9aad2bc33900dc6f47dacb3b453eaf6d63590dfb73a0b0d1f962,CLEAR,DAYLIGHT,WET,FAILING TO YIELD RIGHT-OF-WAY,2.0,51.5,2.0,2.0
1229f6b54fa3dab649576825d1980539e85e44f07dd80b377b6b563cb84a974b3df0b1bef0b354ffc0560c8fda5a7582bb655dcfc9193eb117d1e2d776bab909,CLEAR,DAYLIGHT,DRY,DISREGARDING ROAD MARKINGS,2.0,25.0,2.0,2.0
122a15584f905576d7879e9aa2b405610e92116db0b279d694bdf6f60ef7ea49aa34e0d56209e81c9f4116270f12ffe6e42bcb9f9a419715bbd502edecadaa07,SNOW,"DARKNESS, LIGHTED ROAD",WET,IMPROPER OVERTAKING/PASSING,2.0,29.0,2.0,2.0
122a1e6075ad0522cbeb56596b15b7ebc91e4c1d793258a2ed24bc52b531ca9671085a1311f93d66f8d5180028415c803c494272138a66e0c3aaaa26e61b070c,RAIN,DAYLIGHT,WET,IMPROPER LANE USAGE,2.0,36.0,2.0,2.0
122a40fa691403d702dcde10cbde6a924ba8e98c44c51e3ac4bca7853884f9303a3c730171248a08f8e41086dc0870cd9306a1a0f40edcf81e07350719f7d3f0,CLEAR,DAYLIGHT,DRY,DRIVING SKILLS/KNOWLEDGE/EXPERIENCE,2.0,37.5,2.0,2.0
122a57638249fc9af89cba23f076696faa32331ad28cb4f1e36489bbe11c512dcbd2ada5a8d7dc9e9219549a069f91695f19ac3103e46b380541052f4a7fd127,CLEAR,"DARKNESS, LIGHTED ROAD",DRY,DRIVING SKILLS/KNOWLEDGE/EXPERIENCE,1.0,37.5,1.0,1.0
122a9d8408a701f28ccd5d5d1f557df852484a1e843b8f405fd8c70c450e4e4ac8e7d81952e1eacd114e7b81e52b9e5f8766f7b8adeea71def962865f3ec1781,CLEAR,DAYLIGHT,DRY,FOLLOWING TOO CLOSELY,2.0,35.75,4.0,4.0
122ac70b7c50d20278ddf0acbd0f29e20b8a28235b91fd9a726a084d3ea60b63a4f69a478f32c740e9ce51e2dc880d2c4bf2d2cb27a5e89493463d6ad88a5f27,CLEAR,DAYLIGHT,DRY,FOLLOWING TOO CLOSELY,1.0,34.333333333333336,3.0,3.0
122ad5a25ec99d5d40855393b3db2e9d899633c7acac75657bcec6a5b7116ec895c5aad8ade428566c39bafa3e01b5d368eacb3f825fa41ece8b82da5d361fa4,CLEAR,DAYLIGHT,DRY,DRIVING SKILLS/KNOWLEDGE/EXPERIENCE,2.0,42.5,3.0,3.0
122ada7d38c895c858172d6ddbed7667d59e72d236d4a3de34969c91ce6c24ea58441d71a72198426ff97eac143e426a5ab901209bbf3600f0c913c0955a5d4b,RAIN,DAYLIGHT,WET,FAILING TO YIELD RIGHT-OF-WAY,2.0,34.0,2.0,2.0
122aea59e6b8e98accceb8b15e578d44f84ee59f2c76ffe190e45fe8bff58becfb23a851b9f54f3720f8ee12992662e521e54da2fd243e25e6a52afa76f9db8e,CLEAR,DAYLIGHT,DRY,IMPROPER OVERTAKING/PASSING,2.0,67.0,2.0,2.0
122aec250ff156ee4dff92b370a2b66ce195264622fc450b0505b83acacf45fbfdc072fbadc5da56db316b4ceffa01386d718a230f2177d8d1391e989a1dad27,CLEAR,DAYLIGHT,DRY,DRIVING SKILLS/KNOWLEDGE/EXPERIENCE,2.0,33.5,2.0,2.0
122af11e0da4386ff709f31a025034f3296280257e47ba8086e8a766ec365ff840e0024c5ec0eaf555d84aeb19b964125acf1ee8c37bf492de80671dc8dd9048,CLEAR,"DARKNESS, LIGHTED ROAD",DRY,DISREGARDING TRAFFIC SIGNALS,2.0,33.5,2.0,2.0