crash_record_id,weather_condition,lighting_condition,roadway_surface_cond,prim_contributory_cause,total_vehicles,avg_driver_age,total_people,total_injured
122b17e063b30abfe6bb497ffde4c71dd0294fcc3bc602504de00a3521909f504d945f2a7565c0de110339239b24ead5af88260b139c11f58e83b4327f3b6788,RAIN,DAYLIGHT,WET,WEATHER,2.0,37.0,2.0,2.0
122b485e62f5e524737706520524c4c066073f06fd754b454df8f3f9ae2330d2b1fc07e66a58d056882882fb3a9dcd9dcdfa11bf8149015a20f957db783c10af,CLEAR,"DARKNESS, LIGHTED ROAD",DRY,FAILING TO YIELD RIGHT-OF-WAY,3.0,30.0,3.0,3.0
122b682a598970682611a37d80118c82bb2534f2999505344caf97169c3a70228aa20d7cf60eea46b00f6afa184c3771bb95dd2bb78de9742f8b6f8c258e9a9e,CLEAR,DAYLIGHT,UNKNOWN,FAILING TO YIELD RIGHT-OF-WAY,2.0,35.5,2.0,2.0
122b6e7807d7cdabd6a1ea52ed1a62f304118e82a6343eba31a0ea84e933d6355308b49fb9f8249b3f69b65a7aeac28c45fb23056544db8dda73d4cce2e1cdcb,CLEAR,"DARKNESS, LIGHTED ROAD",DRY,FAILING TO YIELD RIGHT-OF-WAY,2.0,18.0,2.0,2.0
122b80b74a39f0015300f010d2e4a7f9a234566412e205b61d7c04217cd276060b9de3e512a14b8c3e32a35b4acfc93f7cf8ab0afc2cfb8c50665524213ff10d,UNKNOWN,DAYLIGHT,UNKNOWN,IMPROPER OVERTAKING/PASSING,2.0,37.5,2.0,2.0
122b813d142fe7f81b65b0d04db6d57c4e790157eba7b0f5cedf93589f2f68e3ccacded5f11a57d4bce35040bb60649a58b211dfeb3e2a098d23698516a2dcc8,CLEAR,"DARKNESS, LIGHTED ROAD",DRY,IMPROPER OVERTAKING/PASSING,2.0,35.5,3.0,3.0
122bac1fbe6a7ce5fde099fbdd55dace98a96fd5a21dcc059a9a7c7ce6081fcfdf26c87302af8b451518c59f9a2d43a9972a2d16d5690878e8dad119d82ecdd9,CLEAR,"DARKNESS, LIGHTED ROAD",DRY,FOLLOWING TOO CLOSELY,4.0,43.75,4.0,4.0
122c4016e223a918819f06c65b746df8e35866e565d5f2ba422f986ee4965cc8632029ba5f6ed794a044a845b8454bcc2602d4e15c072aadd286f6f6d322f821,CLEAR,"DARKNESS, LIGHTED ROAD",DRY,FAILING TO REDUCE SPEED TO AVOID CRASH,2.0,58.5,2.0,2.0
122c41f3898f9af3bfbadbf7282e5fe8cf49b04720d548b2f26adfd281967df5116bb70ce85bacce3e3306821210d0c521c8a579a275ab1cf28f7c5408aa9811,CLOUDY/OVERCAST,UNKNOWN,UNKNOWN,"OPERATING VEHICLE IN ERRATIC, RECKLESS, CARELESS, NEGLIGENT OR AGGRESSIVE MANNER",2.0,52.0,1.0,1.0
122c754c17ff07cac274ca2f6bc8719525462885a02f4ccce9bf9c1ca1debd43c78b6cf2376f6a168b65a4d2a8fd5ef26d0ff1c083927093461200e20eed4096,CLEAR,DAYLIGHT,DRY,FOLLOWING TOO CLOSELY,2.0,57.5,2.0,2.0
122ca5c95f3134fd42b1934ba909c6829613d93fc6402ca2e76c0f369705933a778ff125ec77a3b5fa747046bc475e0181b70f087807e817970a2e0851596171,SNOW,"DARKNESS, LIGHTED ROAD",SNOW OR SLUSH,WEATHER,1.0,67.0,1.0,1.0
122cad07c87e0334faa96e84c896bda7d839ee8bbb950dc24ce4ac9b5815fb14f5fc1a253a4a23e1b828a1c7a2cec558723b728f608445f201201b154b016a62,UNKNOWN,DAYLIGHT,DRY,IMPROPER TURNING/NO SIGNAL,2.0,33.0,1.0,1.0
122cb772c8338a009007f2fec18b1e9b1207f6ffb7b5e09d358d061c8ed25d1e83c4a61c8a610a6512842e567e7bb43541621673342245fdcb0aa585366cc4ac,CLEAR,DAYLIGHT,DRY,IMPROPER TURNING/NO SIGNAL,2.0,36.0,2.0,2.0
122d6f01a2cd322888a3e57d5099e827ef550a2f649ed4c4a602c284b6009d3c3365814ee6788f3ab1571bb46e8ce1a4fa0fb371eb5609e3fd854ca854509c20,UNKNOWN,UNKNOWN,WET,ROAD ENGINEERING/SURFACE/MARKING DEFECTS,2.0,46.0,2.0,2.0
122d81d80e91d040dc3449f1ca89357395f12deecfb0e1352f054cbdd96f48a811ff7a6b7a12ea4aef2d4f053e22bbcd4d74689faf8d4641ab26a2d86a525505,RAIN,DAYLIGHT,WET,FAILING TO YIELD RIGHT-OF-WAY,2.0,40.5,2.0,2.0
122d9ec3bfc438e87e56bdc8f54b6f2e3cc0d56c32923e31c25d76cf42bd8b256551633cf030e2bbded58ea0c9a4da7e5c331ab2017bfb3bfe6b510efb509af5,CLEAR,DAYLIGHT,DRY,FOLLOWING TOO CLOSELY,2.0,41.0,2.0,2.0
122db004fe35bf67990b75f3b6101f8ff6cb1937341aa3b4962a0571fa8937325e6843502a4e40b9459774eea73fd15d88d90afc40005bcd5913fd9be8b515ec,CLEAR,"DARKNESS, LIGHTED ROAD",DRY,FOLLOWING TOO CLOSELY,2.0,56.5,2.0,2.0
122db634de32c9d5ac0f2e6b55bb1525876dd9839558466dd521bb9b36387a9575727155e9558638ef2ba97520ed1129875141d2c356d3f6c73d827266a1fee9,CLEAR,"DARKNESS, LIGHTED ROAD",DRY,IMPROPER TURNING/NO SIGNAL,2.0,30.0,2.0,2.0
122de0be8602df17dc1c87742e7784668e87e38655414ec1d5bba3ac30e2826ca611903617375690eae618307d539d2dc0877584a944ca6e712588d518331ebd,CLEAR,DAYLIGHT,DRY,FAILING TO YIELD RIGHT-OF-WAY,2.0,67.0,2.0,2.0
122df5edca44e5fb0357ce32a88ae7281878f93529261b5ce58189bcdc856f50ef4c5fe9b4d5ac1b6efa8bfddc575b2cbf1f34de63401a04f14f5dee5c02cf33,SNOW,"DARKNESS, LIGHTED ROAD",SNOW OR SLUSH,DRIVING SKILLS/KNOWLEDGE/EXPERIENCE,3.0,76.0,1.0,1.0
122e276533d77c500a585101f30b4356d6625b2175181eec733359cd151e48ae0866a2472335cd5bfbbdc4a3279969cc70ecbe99ffd2f391cb47ebd3613a5603,CLOUDY/OVERCAST,DAYLIGHT,DRY,FAILING TO YIELD RIGHT-OF-WAY,2.0,42.0,2.0,2.0
122e3beb62e70ff2af6614a5b394e09692e3dd485897e700fd554759ea950033b104f6759185e5ecc7c7d37a8ee113af98447c6cfe57a880f752c41818b01f48,SNOW,DUSK,SNOW OR SLUSH,FOLLOWING TOO CLOSELY,3.0,28.0,4.0,4.0
122e3d867789deb4aa191440a999c2cbc992c1bfed9cf68cc12ed4e5178434d475b049d66328c1c36e31b0d36e28341d214075afb5ddee57d95a16cd0ad3f3c0,CLEAR,DAYLIGHT,DRY,FOLLOWING TOO CLOSELY,2.0,29.5,2.0,2.0
122e938761b3f6e41ba13c5b6bb705d9f3697dfb0a2e7b572090fc56c3b35a83cc4685a5231a174935a3bbc2dccb7b7bdbbc18f318bc2338804cfe240ce9e1d7,CLEAR,DAYLIGHT,DRY,IMPROPER OVERTAKING/PASSING,2.0,66.0,2.0,2.0
122ef29e8df0a868ede1e610175c426b30c6ac15c73154fcef862d7cbcc3e68b6956fd461d71f7a1363be708f695ad3330c6baa5b3d74d8e94ff02698036f9ee,CLEAR,"DARKNESS, LIGHTED ROAD",DRY,FOLLOWING TOO CLOSELY,2.0,18.0,4.0,4.0
122f09376e677eca535a9b1786374e2b744215ac3f94f01d73c57ea25afbe7ab76b3a1ffdc27a737e37e6a1bf873851d2e0129d8bc09ed21144e3db7bead5e09,RAIN,DAYLIGHT,WET,FOLLOWING TOO CLOSELY,2.0,17.0,6.0,6.0
122f0fa5b1113df622a61351593134434d19534654725757ef81d3134f5f03f96687401a6bc582429f0a7d92e029ddbeedbe2a413f458501d6d94954b400c627,CLOUDY/OVERCAST,DAYLIGHT,DRY,FOLLOWING TOO CLOSELY,2.0,44.0,3.0,3.0
122f66df6e4469b264caa4a63058d68b9046a96264bc47283e2d4a00bbf8fc3b9fb0f6219348982faf07d1f8e22eaf804d20c2b845d58994556a2968917493c3,RAIN,DARKNESS,WET,IMPROPER LANE USAGE,2.0,32.5,2.0,2.0
122fc6bd19f6dae365fa8b95b7eeaa1b7f45b93e2e9b4d531067a5347a800d21826c268fa279047911114364a0c9d843d919090773e9b875ac03c47fd6647d60,SNOW,"DARKNESS, LIGHTED ROAD",SNOW OR SLUSH,"OPERATING VEHICLE IN ERRATIC, RECKLESS, CARELESS, NEGLIGENT OR AGGRESSIVE MANNER",3.0,34.75,5.0,5.0
122fcc5e1f05840106f03d9a3788a08458b42cca11e99901c6dfc079f33e852623c589d32435a780ce6bfd00ec053a3b9706b42be116b40b280bd564deebd556,CLEAR,DAYLIGHT,DRY,FAILING TO REDUCE SPEED TO AVOID CRASH,2.0,56.0,2.0,2.0
12302781775f1036ca03f461b0db91fea4a74fbc3346fbe25bcaf88a3253308d8eb0608a7be956bc535d631746925daaa946263f0d11987c75b39954e577ad6d,CLEAR,DAYLIGHT,DRY,FOLLOWING TOO CLOSELY,2.0,36.0,3.0,3.0
12303411cf0fbfde7eeb862a89d8e0259fa1d983349c33970d3805fefb82b8feeeb0fde4a0ad2f8db1afde3e2b24392694f75049a33318f55b05abc922ffa142,RAIN,"DARKNESS, LIGHTED ROAD",WET,"OPERATING VEHICLE IN ERRATIC, RECKLESS, CARELESS, NEGLIGENT OR AGGRESSIVE MANNER",1.0,37.5,1.0,1.0
12306a75e526e1189c4e3de1ecd4826b9b8880104fa9f65016c63599bb701d4a6ef3ca2d10b45a0827379781e2c806a7fd62d44f4929ac725870ec905b865cff,CLEAR,"DARKNESS, LIGHTED ROAD",DRY,FAILING TO YIELD RIGHT-OF-WAY,2.0,37.5,1.0,1.0
1230d1f0ea4cebf3e84093e1f38735afc9da872345c87adbad37d5fc01ef1cee3d8f639984bedc44e736c3faad4e83975d0b4359122614fd15bbe3132f6342ee,CLEAR,DAYLIGHT,WET,FAILING TO YIELD RIGHT-OF-WAY,2.0,29.666666666666668,3.0,3.0
1230d31213b2cf643fd56a4aea3a2c1bd17692aabd38cd699aa9bd78bc1ed712c9cc7fe1b1db816b138622e03bcb19daa3578bb20ea06e8c9ad1d14f8cde8f97,CLEAR,DAYLIGHT,DRY,FAILING TO YIELD RIGHT-OF-WAY,2.0,0.0,2.0,2.0
1230d45fed7ff529f6a52c809643945f462aa640511ff61cdff0b3840baf01ee3ab8ca5d34f0da2d14048e64b03cccba62b1bae947f9fbd30397da8b12e2d9f6,CLEAR,DAYLIGHT,WET,FAILING TO YIELD RIGHT-OF-WAY,2.0,63.5,2.0,2.0
1230da6401e16cd8c5f730d022faf71dda6bfa6502ea2b7c11dbd96560283c785fd0706e1bb5bb8620220d39c770661eb79e5502357358376c3fda8b380b6d88,CLEAR,DAYLIGHT,DRY,IMPROPER BACKING,2.0,45.5,2.0,2.0
1230e1da123b6584ded19a4c51b2e7824b681ab26c0864f02db1161c766d299e98899229765660b742bd99690341ed05dc5b3e40ddc638df07c33e077ed39c85,CLOUDY/OVERCAST,DAYLIGHT,WET,IMPROPER LANE USAGE,2.0,41.5,2.0,2.0
1230e591e5caadf59b28e81fa987dc9f3fe953e3fafd9cc2cfc3ec7015d5ff81b185a9707e2bfb3ca6a35a5a4836b9258b95301701efef4fb3b53b483b133e05,CLEAR,DAYLIGHT,DRY,FAILING TO YIELD RIGHT-OF-WAY,2.0,18.0,2.0,2.0
1230f5be0980bee6ab24f4e8bad682a497155ff418c9f0104876d050cdd077286999cdd9592c555c9bfffc00a30af0f1aae827b5338bab6af9bb2d72943686f7,CLEAR,DAYLIGHT,DRY,IMPROPER OVERTAKING/PASSING,2.0,55.5,3.0,3.0
12310e63549b13a1f18f5929247d6b4ef5d13666de02c5fb4af3e7a1b1806eb664b7fbec3a40adb3652cd931704b3676f963e0e06eb1d61e64b69ca98c1fb124,CLEAR,DAYLIGHT,DRY,IMPROPER OVERTAKING/PASSING,2.0,50.0,2.0,2.0
12311225eff56b58212a3056c88a34d1dd0b79ac1ced5597b7dc3c7ce1bd9b9205efd2ab01c312a216ddae9dafb0a24c99608ba1de467c1fe32bdc39bfd037a5,RAIN,DAYLIGHT,WET,WEATHER,2.0,22.0,2.0,2.0
12311856cab1103baa829d42113d4699b3a3a5e208ae95ba0ae32162c2eadba899d2153140d0c2e86ff1d1039d2c88e170a773ae2ed45498b84b151f9cd719af,CLEAR,DAYLIGHT,DRY,FAILING TO YIELD RIGHT-OF-WAY,2.0,29.5,2.0,2.0
12312854d7a05330af9d24eb1ad5b5575f25c01c03d8b8818d50a914098bd4111c10cf9daa378128a46f666dfb8c337cb607be88ce9cfba8d3c02a37a3edd0cb,CLEAR,"DARKNESS, LIGHTED ROAD",DRY,FAILING TO YIELD RIGHT-OF-WAY,3.0,34.0,3.0,3.0
123138930f7b775307c8c0b5fbc6915201d5a86accf157bdf60b9db24205828e0c837dd86b8957277609c777dc95839c2855b7d432e83e0a8c13c723d932cf58,CLEAR,DARKNESS,DRY,EXCEEDING AUTHORIZED SPEED LIMIT,2.0,37.5,1.0,1.0
123159dfd29418c2a0f7c35767799281d719d1758b836469a2ed3e38171b9e2c41c24d1d6257c1d92522df81c83ca5c542fa67d09f1dd68254158252bcff91ae,RAIN,DARKNESS,WET,WEATHER,1.0,40.0,1.0,1.0
1231657909e4c0475dad25489585a27fd3bd3a32c562a3995a3e33ae7d575b3401fa8848abf1f386cefc77dd9bc6a70801a15c9ed6dfb4518391dfbfeed78e59,CLEAR,"DARKNESS, LIGHTED ROAD",DRY,PHYSICAL CONDITION OF DRIVER,1.0,18.0,1.0,1.0
1231b4ba7ba42c0541febe7475cd06883c961dfa71adfd67ddf86d3203811051dfd31cf75d637beb0dae49c8772eab5780dfebf8f4a27f2be84ecae3fc3d502b,RAIN,DAYLIGHT,WET,FOLLOWING TOO CLOSELY,2.0,52.5,2.0,2.0
1231d0b235808c9a19bd198d0d565fc0bff7ffd04a4c87108f4af065e20b23aec7a8c454c85213f2d45e6472567af4f0cab8f220eba808d7ea5f08cbb4c44fae,CLEAR,DAYLIGHT,ICE,WEATHER,1.0,34.0,1.0,1.0
1231d645e20e7b3a318de8b79f8df7d61875e7ee4807dad61155ba0b8143e9e3dea2469bd32529f2eb854b9c35f616877c007dd24024a717610c7416d561b09a,CLEAR,DAYLIGHT,DRY,DRIVING SKILLS/KNOWLEDGE/EXPERIENCE,2.0,40.0,2.0,2.0
1231ee87054e363aa8e44bf1aa506040c97da00203b70faaf1a74291f8df6294c12a7bfdf81e463e9aae8ab783d6b68b3e27bd1672bc416d6c2dbf4ff4127c6d,CLEAR,DAYLIGHT,DRY,EXCEEDING AUTHORIZED SPEED LIMIT,2.0,37.5,1.0,1.0
123226cf0575132c62ff3e95c2871d37542b9fa19cb43f4dc6cd816c44f92f617629bb9d47366a01f5874555afdd04b995be2d3c734455ca637977df517df758,CLEAR,"DARKNESS, LIGHTED ROAD",DRY,FAILING TO YIELD RIGHT-OF-WAY,2.0,37.666666666666664,3.0,3.0
12323a2473d01ae69444e7b9024880c785ee302406b9ef5f0d60be6b1b209259c9cbe884e3f00883c0ffff7fca23b94433c3ae335781e7c876e1182a232ba438,CLEAR,DAYLIGHT,DRY,FAILING TO YIELD RIGHT-OF-WAY,2.0,43.5,2.0,2.0
1232688f7a0c428c8d1c946717f0a2e8f079197f343fa51e0893e2da0418ab062ac279ef5fb85a3e4b1ff853b064c6cd0082f5564a35b95aad0c02c704858e16,CLEAR,"DARKNESS, LIGHTED ROAD",DRY,IMPROPER TURNING/NO SIGNAL,2.0,21.5,2.0,2.0
1232759e1e04c417927ce80a769556640a2005d07d0f2bf92b7389f6641297cb6527736744a4bea99d9fe03a1b73bb30863147f495cbc4eaae44ac6406c960aa,RAIN,DAYLIGHT,WET,FOLLOWING TOO CLOSELY,2.0,27.0,2.0,2.0
1232b3d7f7ac0592c748444b165a7492226cf82b44bfe1573b4df7e99bc5c7514aaaf3b788d94b2e58aea219f88829626b4e3a6847a33dcff50da61b8c88928f,CLEAR,DAYLIGHT,DRY,DISREGARDING OTHER TRAFFIC SIGNS,2.0,53.0,2.0,2.0
1232be91b67a4f9d856daf32d9f924137daaa957cf255d34d03d05e692631c1994d92c04d3488d8e3b753103c4baa463d80cd5dd7b66a5749bde6c882f09a35a,CLEAR,DARKNESS,DRY,IMPROPER OVERTAKING/PASSING,2.0,45.5,3.0,3.0
1232ca0bc43876d7492edb28abd8fbf3364d39e8dfa5867daeb1a09ca211fdaf3f14280f3dad1b543de24cc3cc08a8d3442d069b9f1da476d01da37da246e79a,CLEAR,DAYLIGHT,DRY,IMPROPER LANE USAGE,2.0,18.6,5.0,5.0
1232cb4944746a50031466bf01c6146c9d371faac645a63fbb9b8efed23b5479fb475962c205d46244c569fc456f6a5055c077cb43a237d5c142735dd624af49,CLEAR,DAYLIGHT,DRY,FOLLOWING TOO CLOSELY,2.0,24.0,3.0,3.0
1232f59cfb702dc100377ed7a3dd19e917794e0067d47460841be4d688df86b66a4f12157ebeaf453feb19268a3c9e5de9af774b1b8c599021db68ce89923c73,UNKNOWN,"DARKNESS, LIGHTED ROAD",UNKNOWN,IMPROPER BACKING,2.0,37.5,1.0,1.0
1232fdb7a6c112fcf0c51d34acc11e46ce1e9aaa366625d03b213c8e5123e323c139864763520f60e6d499a619b76b9f2037563b829cdbcd7e33304659dbe6d2,CLOUDY/OVERCAST,DAYLIGHT,DRY,FOLLOWING TOO CLOSELY,2.0,28.5,3.0,3.0
1233211894fc857e0fdc2829d534418ac9532a356595a2e062d44c1ddefaf3e43d8bfc703e1f96c565d2fb151c2b6cff207e4f863af10d962ef1196b1cbfc37b,CLEAR,DAYLIGHT,DRY,IMPROPER OVERTAKING/PASSING,2.0,37.5,1.0,1.0
1233212f48f684aa532eb39ff46ad753454980e46eedfddaeb63cb9019507c6732855d37ea40d7e32c3084352c3f562777c0662220efa43f678339e3f0f2686b,CLEAR,DAYLIGHT,DRY,EQUIPMENT - VEHICLE CONDITION,1.0,27.5,2.0,2.0
123390324989b9b9c13d3a10ea90328fb29d8022b0ea258a3671e8b073f85bb93a00db18f2089eea1ca0fb86e3fd59aa4ff3ceb71675382401972fea8b93f041,CLEAR,DAYLIGHT,DRY,DRIVING SKILLS/KNOWLEDGE/EXPERIENCE,2.0,55.5,2.0,2.0
1233917125d331a5a1cc634557b1bc20a13b588e0a725eea02a37120268b60079e29a667d5fb7c38080824817325454b352ad6c892ed0b44f410f6e12f9d723f,RAIN,"DARKNESS, LIGHTED ROAD",WET,DISREGARDING STOP SIGN,2.0,35.0,2.0,2.0
12339e18ced708a19af62a69ffc058c1d91163014a6bc7b429fbd5320e48528500c1ce53f2101f1a2f856b820767da055077071988d8ca074af1a5b4599ff718,CLEAR,DAYLIGHT,DRY,FAILING TO REDUCE SPEED TO AVOID CRASH,2.0,32.0,2.0,2.0
1233aabb9676b4fdfc4ea149fa6beebf8e59d45855a058986a5d13db1f794937766d0cc6fa5a294e334bb68ae0055bfc22807114a3c0e35a177869b54b21081b,CLEAR,DAYLIGHT,WET,FOLLOWING TOO CLOSELY,2.0,34.4,5.0,5.0
1233c25f64cf0558a42037bce1fd75094c8e4fa9de30bdd45fb31dd1b6d2ccf777ee094df47876e6a141a174c6a8d3d97cbcb30f9e0ba38b00b15a54786c0278,CLEAR,DAYLIGHT,DRY,FOLLOWING TOO CLOSELY,2.0,33.0,2.0,2.0
1233c6cb8b7359c60013d0fd54ada3a832cb457a32b404fa7374fe56091dd4c148766ec45e73dff450a478990f9280dac48254dbabcd2f8231f8f798ed3e380c,CLEAR,DUSK,DRY,FAILING TO YIELD RIGHT-OF-WAY,2.0,32.0,3.0,3.0
1233ea7f0c895f25962f79db7e40ded85411ca9d92221019e1e33e40487862bfa1e6a619b7525c9ea565360d90a09bf37ad99ac653e907d1893f043a566f88d6,CLEAR,DAYLIGHT,DRY,IMPROPER OVERTAKING/PASSING,2.0,37.5,1.0,1.0
1233ef4aa693f7289d10d90ddb264b741035c8535528e20740a97675e0cf22368f3c503886e59970e8688bdde2f14447fb214595e3395382eba4d566b3b40b6e,CLEAR,DAYLIGHT,DRY,FAILING TO YIELD RIGHT-OF-WAY,2.0,52.0,3.0,3.0
1233f575c06b55f34947fb39ac00c3ecb649f1a658706ded4d151b5d26ec7b892db0a641038b5715baa6b1463c50fb369df08e01e4240e26fc4eed6d0d9fda72,CLEAR,DAYLIGHT,DRY,PHYSICAL CONDITION OF DRIVER,2.0,65.0,1.0,1.0
1233fa11bd17ab4102de65ac8e898e9bfe27a4a24ab21b46aa13ba1e7e8c143e098343b43fcac6eda9467ee81ae53039b9f189a5585a4c0ae2a7f056e37f1302,CLEAR,DUSK,DRY,IMPROPER LANE USAGE,2.0,25.5,2.0,2.0
123400e7e129781f24bfacc13214cb4f744d64b26ba54164eda091d5897feb826374db53b93bf9ce2fd541c1dc73c47dfdf56fd9b282b4f229fff7d1703b3655,RAIN,DAYLIGHT,WET,IMPROPER BACKING,2.0,34.0,1.0,1.0
1234608cf8800c7864f80fc14e9029ad22be8a3981e71647672e6bdfc357c218d34e762e32914dcee7a751272ca379db8153df5737151bd974bdfa5d8341a752,CLEAR,DAYLIGHT,DRY,FOLLOWING TOO CLOSELY,2.0,33.0,3.0,3.0
12347c367eba7e46d16058c722b86b166d4e7f5db6ac87757623dacac48c00fd6b57129f1ac007da704274dd565fb764d9205038379514a86eae6b4a3256dfff,CLEAR,DAYLIGHT,DRY,IMPROPER OVERTAKING/PASSING,2.0,57.5,5.0,5.0
1234812af5bf1da90f6468fcc18cebf3ed7026a23a928b5688bfea99297772738d5a0198dd737ba6ffe7c9abf8b804f66a8f77ea40b265d8debd363ecab8587e,CLEAR,DAYLIGHT,DRY,"VISION OBSCURED (SIGNS, TREE LIMBS, BUILDINGS, ETC.)",2.0,49.333333333333336,3.0,3.0
1234bc4b799bd5c0d21d063a306cefd242340057bf803b3967802344e0e4aacb947f41f283e9fa35be766f555e4ae3856a4acb5ad080f7bc5fba755747ee1366,CLEAR,DAYLIGHT,DRY,FAILING TO YIELD RIGHT-OF-WAY,2.0,25.0,2.0,2.0
1234dd61c6e862166535e54a5ef5b9c736425e95a9baf49f4d8b66f4107df17e344724f65846747faee35da5b3cdf12f2463729852ab31963b3bb68039e8c7b4,CLEAR,DAYLIGHT,DRY,IMPROPER OVERTAKING/PASSING,2.0,23.5,4.0,4.0
123510fcc570c589e566c620e7cdb351f0b53927bd477edc6761030f0dbe74ef2a4cfc89a1c27758bf10f6a492db78bcac9ee5aea0108c401a8e9c9f9af1c7a4,CLEAR,DAYLIGHT,DRY,IMPROPER BACKING,2.0,20.0,1.0,1.0
1235485eb432f74b70ee95558370a3aeb9c142e5a0e8a84d21856ebc0ab0ae9fc87832560d8261b9ed13886f34984f671f31c4d5f2d7b74bc88adfe4490596cd,CLEAR,"DARKNESS, LIGHTED ROAD",WET,FAILING TO YIELD RIGHT-OF-WAY,2.0,46.5,2.0,2.0
123550aeb99cfe1add5d1efed90c92f32ccb5b490a0ac3cd9a1ab09f5c05824b7b7e9ce0cf37025d1e4581cdcf7eb0c738b328a22748f707d4781f1567bc58ae,CLEAR,"DARKNESS, LIGHTED ROAD",DRY,IMPROPER BACKING,2.0,46.0,1.0,1.0
123567111ddf8118c3f7e289ccb5837096202b752232f04f724c563c51a7f5bcda424ba0c9acd9d1e810ca9dd5462ada3d2c0f5389517be7bf167755ab670d1d,CLEAR,DAYLIGHT,DRY,FAILING TO YIELD RIGHT-OF-WAY,2.0,45.5,3.0,3.0
1235abc18eccf59c5966794e4ca9eb426023e43311998f7c2cde0d218f49e6f984aa2a5ce9379a184cd52900982046e0253327d69ace84c06ff22e68cee73709,CLEAR,"DARKNESS, LIGHTED ROAD",DRY,FAILING TO REDUCE SPEED TO AVOID CRASH,1.0,37.5,1.0,1.0
1235b7095b5c0ef8543e0b06b53d21cd01cf36c422dc519be1bdf0359b620e86abb64af700ccd61614d0aca2b161e027c6ecc8438e203e61110e4c2e30df32fb,CLEAR,DUSK,WET,IMPROPER BACKING,2.0,65.0,2.0,2.0
1235d3cdef6325d6bcf0bdcfa9198735299ecfd9848ccfae2118973057239462aeb7b2cd1a3564a8edf42f776697fc0006d4a76fed7fa757d1f2290dbecd89e4,CLEAR,DAYLIGHT,DRY,FAILING TO YIELD RIGHT-OF-WAY,2.0,30.8,5.0,5.0
1235e3885a65acf17d55630016ae2fd05aa8c9d0bab27379ea5a008e55ac1968a44e69ee34f59e7c19c8255abe37fedb7c2600110c0880fd824e9b9cb8fe8bf8,CLEAR,DAYLIGHT,WET,DISREGARDING TRAFFIC SIGNALS,3.0,33.5,3.0,3.0
1235ee0ac8a97b91ee0ee8da4665f9930c779d9896c6d3a3679f5b9e24d7d31e43e3388245ab2ca658c9341f035c8659cc0693b350c941350d3ad4c4805a3217,CLEAR,DAYLIGHT,DRY,FAILING TO REDUCE SPEED TO AVOID CRASH,2.0,37.5,1.0,1.0
1235f89941cc160e16c7d0b930d1d7ba3c1160d402e85042e7b358bef543ebad42b5b2824be0ca1e762b0283bf82594600e085f1bba2756a49cc2b3300244c9d,CLEAR,DAYLIGHT,DRY,DRIVING SKILLS/KNOWLEDGE/EXPERIENCE,2.0,71.0,1.0,1.0
123601f86403573e6a1e81e34bb2c3511031c80f98f5889a5b7537a5b8cddb4af2762237131700ccf6b82825c6689b2c72f7039750f9e7445c4d2fae60dff731,CLEAR,DAYLIGHT,DRY,FAILING TO YIELD RIGHT-OF-WAY,2.0,38.333333333333336,3.0,3.0
12361170c64225bc6135d4d436cb6892b4010c69e0077625393be52e203b323b5facacffe6f758c09fc5f9d3df7d6dd7ffb11872571281b17f9815043539df80,RAIN,DAWN,WET,IMPROPER BACKING,2.0,28.0,1.0,1.0
12362d9e7387921ce07ca264811538f6ed188e7488601f147d97a41ef35d233791f3407c167421aa8fc9359c90949603ff9d4e1276feadb3efd4216833c28b80,CLEAR,DAYLIGHT,DRY,DRIVING SKILLS/KNOWLEDGE/EXPERIENCE,2.0,0.0,2.0,2.0
123630e764df097a2b5a4208b97eeb360d33beb202245f4ae2dcc4c3e559ce56c188b3fde9a34790b176223e0b37d2684dd8858b2b9065c0491c51f61eb91386,RAIN,"DARKNESS, LIGHTED ROAD",WET,IMPROPER TURNING/NO SIGNAL,3.0,48.0,1.0,1.0
12363c35aeec66fbe81126f93446b52247acc96e95b6907bd6f80e7d28af77031aa090a7f11633ff51dd40f67a4e3041e1e2cff1907308c741e5e994a6bb3e88,CLEAR,DAYLIGHT,DRY,DISREGARDING TRAFFIC SIGNALS,2.0,35.0,3.0,3.0
12364d839c6fc09b905674ac05871d12ec034df6f1bf6239550078bedf83815418fb22366d5c819cd96db1ff77e68bf868596759279c979d883ab55474c57570,CLEAR,DAWN,DRY,FAILING TO REDUCE SPEED TO AVOID CRASH,1.0,37.0,1.0,1.0
1236642ccb92122afae407dd2b75edfbf1cc4c18fdd1eec3b11ed0217583eb7758746dc39a66b992f72788d0ffbf47a2cb00ee41a410e297c588f8bc6a56bd10,CLEAR,DAYLIGHT,DRY,IMPROPER BACKING,2.0,38.0,3.0,3.0
12367579c0ab2cf614264f77a0718e1dc3cb3ef9023abfe3c66cead26cbcf25ca3228d564f122a93d6bb509b52a8195e6d7e143cd6018b1db0d2dc6b6068578e,CLEAR,DAYLIGHT,DRY,FAILING TO REDUCE SPEED TO AVOID CRASH,4.0,28.5,2.0,2.0