crash_record_id,weather_condition,lighting_condition,roadway_surface_cond,prim_contributory_cause,total_vehicles,avg_driver_age,total_people,total_injured
1236797b9ba75bc3a4f3cd918bceec8a6985d0f0588e8038888b55946f7d0f0793d6de7c9772e739000bf818011adcfd08bb25e5a562ee394084e1539e0b0eea,CLEAR,DAYLIGHT,DRY,IMPROPER BACKING,2.0,38.0,1.0,1.0
12367aeb1fac912910d8e5c42ae76376a0dc162d7c622900e3a7b9dce8329b4a14cbaabe6b586df822e786c3a23c64392fc4d68c776621387115f5600816ef86,CLEAR,DAYLIGHT,DRY,DRIVING SKILLS/KNOWLEDGE/EXPERIENCE,1.0,36.0,1.0,1.0
12369e0feddeb6ef551a0799bf70f1b58c6db3ad4c5259d15b49750144ec59f718e58c1824818aacd54e38bc20d7393eafe44582f13d3f9e56adc6889367608d,CLEAR,DAYLIGHT,DRY,IMPROPER LANE USAGE,2.0,36.5,2.0,2.0
1236e776035f923421a973a321ecc662af5b527f9e224ea82ecf06e76b265231df2e6ccb1337e88117c93a0b8427d970d03a95252d91b8d65a686de9d54e32d2,CLEAR,DAYLIGHT,DRY,FAILING TO YIELD RIGHT-OF-WAY,2.0,40.0,2.0,2.0
123705c41e12a71a127efca44f852c8314e2031d5c61f0b0f746955bbf7ca4ce16e37694b715b576a097829a01c3fc0d9dcddfe2f590eb26ea8113c4a02b7f4a,CLEAR,DARKNESS,DRY,FAILING TO YIELD RIGHT-OF-WAY,3.0,37.333333333333336,3.0,3.0
12373c764df9f44534039d7a3de3f8005fb6b4bca18d8aeef68910773d058985d82c9e8522f7ec39b8d98cf10c9a1d9aba570fda74b03303930aa8bada23a45f,RAIN,DARKNESS,WET,DISTRACTION - FROM INSIDE VEHICLE,1.0,17.25,4.0,4.0
1237487a191f4810219eec3509e8e376db26e61972ce7df1457ba1131735c98a30b1a2269c52eda1482f738c6230ff119b869837e9af8568fc6f79c89ed4c683,CLEAR,DAYLIGHT,DRY,IMPROPER OVERTAKING/PASSING,2.0,69.0,4.0,4.0
1237610ec34c99f2ba0b378aabf6384e7c5564a83dddc23eb771caaf34e1c35dc569ffd25dcb30a038fe86be091ae25c985192cd433d85d01a51d3b6e0a533b9,CLEAR,DAYLIGHT,DRY,DRIVING SKILLS/KNOWLEDGE/EXPERIENCE,2.0,37.0,2.0,2.0
12376c06d7e26376f2a2638d05d355887f24a6700e80f38b3e916c972395b987a65bf3f5e3c4173a6d47f32d239058e220fcc0540f4faadbe44caa3d8708036d,CLEAR,DAYLIGHT,DRY,IMPROPER OVERTAKING/PASSING,2.0,28.0,2.0,2.0
1237b46f7c65057f6e2843ab89b8674184be728fba9cc1552a667b4ed808d660779f1728f756b7cb8ef8adf6e5adc31ac7739d7a7427e5cbfc539ff08d4d539f,CLEAR,DAYLIGHT,DRY,IMPROPER LANE USAGE,2.0,52.0,2.0,2.0
1237d41dd88a080ae163c412a0b05180245a904ee897cf2541fd6fa13c45ffea9c7d18608a764253cbfd39be501333ba0eaae32c529f55c5eae68d499e734edd,CLEAR,DAYLIGHT,DRY,FAILING TO YIELD RIGHT-OF-WAY,2.0,50.0,3.0,3.0
123828837ba0f59dece83389df44c3650b0ea667eb8aede32a7ef72035c909b31ba9ae6f7c04b4eb58b761f0d5a4c11c40bea27a30eb6aa5f22eb5625282d13c,SNOW,"DARKNESS, LIGHTED ROAD",SNOW OR SLUSH,FOLLOWING TOO CLOSELY,4.0,41.5,2.0,2.0
123854c92bfed8e859a80b0de98966bda8a83f5e3b8a8efe4ea768833611356df856f7b25819c45fe78b02029113e466d858f863d2298680890129aff96d6bbb,RAIN,DAYLIGHT,WET,IMPROPER BACKING,2.0,21.0,1.0,1.0
12388e9d796d395c8e442e34a7f5ec0cb0f89dfc6812363eb1045a470607a220ec35e4912f27ed48c5be0981a5d1a2c4753a76809cbac5f058e58fd4cf89069a,CLEAR,"DARKNESS, LIGHTED ROAD",DRY,PHYSICAL CONDITION OF DRIVER,2.0,29.0,4.0,4.0
12389ea1112190de384aad6abe6cf65a153ca7a1a1a8b3c947dcf14205c4f3e204f3382374704fdf2c0edbdb31d2f1d21852f5af207b6d1fbbe6d4c06276fff3,CLEAR,"DARKNESS, LIGHTED ROAD",DRY,DRIVING SKILLS/KNOWLEDGE/EXPERIENCE,2.0,22.0,1.0,1.0
1238c520592bb1fb8a216de76c5f06782ee73777f09252f8906f0ddd640d840bb8e9f6ee6146bee3f35e502ee08dcacbccf9da6ca2af4a9f5b3f4b933ec534a9,CLEAR,DAYLIGHT,DRY,FAILING TO YIELD RIGHT-OF-WAY,2.0,25.5,2.0,2.0
1238d1dca8e2049b6d7f248cbcaee010efaee701e1d17ca2bcfea6bcab5f006d4485464b7c6c6adff4535472509ab5831f689f198b01e51127212f353e3eac73,CLEAR,"DARKNESS, LIGHTED ROAD",DRY,IMPROPER OVERTAKING/PASSING,3.0,17.75,4.0,4.0
1238f1ac3cff9a67d6bd658d565fb7b31da348195197859357b5e9de4c61df54da6265b00e324863d38033e8e7e65091afec98c9f50f97f0ef0263a109596568,CLEAR,"DARKNESS, LIGHTED ROAD",WET,IMPROPER TURNING/NO SIGNAL,2.0,23.4,5.0,5.0
1238f8658fe26d0800cbc8d8edfb6bd380844ea52548a184771dffed081e87bdf518494ea6bfc07094656be878dc587c147b5435d375bfc28be5ac3176938310,CLEAR,DAYLIGHT,DRY,IMPROPER BACKING,2.0,28.5,2.0,2.0
12390eb8942f656680fa4afa1eadd4fb8cf534eb7e8cf82032a8d8eb1e4c3904e2c6e9925683f0bea19542f3cac8aa9ac2174943cf8136f493f9316793930081,CLEAR,DAYLIGHT,DRY,FAILING TO YIELD RIGHT-OF-WAY,2.0,27.333333333333332,3.0,3.0
12391634823ec4e6c11bdf6e1f5630f6889847052ba824861e2ff5f0125813dd632900e00511861fc7f3580a6b4c5d36c98195ad176ce9945ef56b1dacc36dae,CLEAR,DAYLIGHT,DRY,DISREGARDING OTHER TRAFFIC SIGNS,2.0,26.0,7.0,7.0
12395bd62c3817c8b1c9eeaf68130b8665234e9b796279057b3f534f26326db9ae7dc6b7a6353f64c1dad3ef2121b0e8433284462e5c4bd4f2c73419ffc9350e,CLEAR,DAYLIGHT,DRY,FAILING TO YIELD RIGHT-OF-WAY,2.0,53.333333333333336,3.0,3.0
1239686bf00a51821815f79d5f93e0b02b4d0535f483381cddf840e8d5d4f29fd96fcd2ae0f7d40c021f9c0dd2a391ede0e8ee77c5aada76107766797bac1174,CLEAR,DAYLIGHT,OTHER,ROAD CONSTRUCTION/MAINTENANCE,1.0,47.0,1.0,1.0
12397229c745c10eac953e2f6ee70d5b707992a1df12508ee28852d4c86eaff0d38be89902c6b3a8c5520952e4b29dc74daef46785eb547881434eb3e26918e9,CLEAR,DAYLIGHT,DRY,IMPROPER BACKING,4.0,35.5,4.0,4.0
12397750ceb63419c790dd867c12e2c81e9f3eda3fb855c8620a896634a14f7d7b41b258ce97fbda24141251c44eb47a61bec44f1690d218ca8de250c39d8cfb,CLEAR,DARKNESS,DRY,EQUIPMENT - VEHICLE CONDITION,3.0,39.0,1.0,1.0
12398ab9aec30d8149154020b43c2a458446f27ba3e32f4ba684af62ad3c1b642e1253873e3245c69764b5ec7d0bb44a4e034131ec43a79546edf8472884f572,CLEAR,DAYLIGHT,WET,FAILING TO YIELD RIGHT-OF-WAY,2.0,38.5,2.0,2.0
1239a26ced9ebbe00cef05fb63ac765700bee4fd976b4ca45e113d12aa4e756648bf548154e763c5aa50604fe3c2412a0091d4629ba64d6fc849a58bbb20bbec,CLEAR,"DARKNESS, LIGHTED ROAD",DRY,ROAD ENGINEERING/SURFACE/MARKING DEFECTS,1.0,53.0,2.0,2.0
1239dbd95b3dfa796cb50c93954e863770038e0d9e6277f1ac71d081fc2ea969e237af7391d0a8f252800dcc542e342d9f1fc1d0b0b296bd631f96c419ed5ca9,CLEAR,DUSK,DRY,FAILING TO YIELD RIGHT-OF-WAY,2.0,22.25,5.0,5.0
123a14b855d20417335e30dfec92ee9462676b7d19cb286fc87f45fb3b1ee1fc1660007a9ee08a7fbb646fb0626b3c2cd118fc53ec8a555c9c6cf986cf4034df,CLEAR,DAYLIGHT,DRY,FAILING TO YIELD RIGHT-OF-WAY,2.0,56.0,2.0,2.0
123a15a6026ebcb1b6c169bbc353109252843502e1f3efa6b4d49646ff313c8d8933dcc9214a086475f0fdec9835757f25a3a6f538a7b275733cd3141ac3e33e,CLEAR,DAYLIGHT,DRY,IMPROPER BACKING,2.0,37.5,1.0,1.0
123a2555813cce7b577c3b2bac98f23bbe4532e03dcb2eecce9ba1ce972363dec14f7431b01937e52e1ed7d4c50af78e0da3c5b9526064b32263d194bdf29c1b,CLEAR,DAYLIGHT,DRY,IMPROPER OVERTAKING/PASSING,2.0,37.5,1.0,1.0
123a4188fce70020b7a2ebaa6ba4d64368407807a7a352b103b142f030d3a381d8dd26b092fc16727ea056c7acf2d177cdfa30a17e2caeb659eb730a5ef7772e,CLEAR,DAYLIGHT,DRY,FAILING TO REDUCE SPEED TO AVOID CRASH,2.0,24.0,3.0,3.0
123a53aa3bb5b950589dbb2ac38ba89aad0463b8649fc9a60bce08e9d02ca60d448e0a80d10c9c70605318b0df523fe31b70a27d8c6c68cf49d086321d3e839b,CLEAR,DAYLIGHT,DRY,DISREGARDING TRAFFIC SIGNALS,2.0,36.333333333333336,3.0,3.0
123a9817325672ad25648f26dea901156a9daab36912d396d9bd66753fe714072a1eadb2fa6d4421beff4484fc610940c71122b41f8c21bb75f45a92e12a25cd,CLEAR,DAYLIGHT,DRY,FOLLOWING TOO CLOSELY,2.0,33.0,1.0,1.0
123a9b45e62a6c893c48362ef7d3845263d971cab0a18765b52dc06da8391e4ea86e9904946b4a630c129b03be6ef1150ff3f6364e3ccb1e3028ce4a3ec5f2bf,CLEAR,DAYLIGHT,DRY,IMPROPER TURNING/NO SIGNAL,2.0,27.666666666666668,4.0,4.0
123ad24d64fd89d3914317508a11d3fa2ffc26c05be6869a06a2c04119aad611a643b7931577d6c0a9bcd4ab469202888e3c60c57aaa06080a85a1c9e230662a,CLEAR,DAYLIGHT,DRY,DISREGARDING TRAFFIC SIGNALS,2.0,61.666666666666664,3.0,3.0
123af9d3ab9c78fd23651405ff3c3733aa0d4c6b7e40849b898d83e593ec42363080511f73349df3339a1b117d7b1067a4829fe376ee114eec2777bba051e452,CLEAR,UNKNOWN,DRY,FOLLOWING TOO CLOSELY,2.0,37.5,1.0,1.0
123b1abd9d04fcf5c4906fd1f5d34dea95f9d2330d7ed889d0778cd63cb03215a3371068d846b44ecad412c81abf5b5565e92a7f87597f964f1bfe2aa94ea792,CLEAR,"DARKNESS, LIGHTED ROAD",DRY,IMPROPER BACKING,2.0,50.0,2.0,2.0
123b23b9a0a5b525d05673b803059137e9021d97f43f5b414658213af4c4eebfec12afe30e070e1e886167521ba52df662b0c1512cc1bdc29cdf190d64be5795,CLEAR,DUSK,DRY,FAILING TO REDUCE SPEED TO AVOID CRASH,2.0,35.5,2.0,2.0
123b23e74b8daa9815579b850b73f6338c5cebc7316d57b48ac3a40d0412b7aa114d15abe01cfed4f09d15c8ed10aa2e4f53b52f291925db83ee33714e1acd06,CLEAR,DAYLIGHT,DRY,FAILING TO YIELD RIGHT-OF-WAY,2.0,55.0,2.0,2.0
123b27eca3e5220d90abfadc49afc64740d896bc8e9cea6697310a5d8fc48ffe0c23270ecfd60cd5b310e8c698905d8a5d60cde10559067d0f09e09d143760d0,CLEAR,DAYLIGHT,DRY,FAILING TO YIELD RIGHT-OF-WAY,2.0,35.0,3.0,3.0
123b695129878bfafe5fa350e7086fc53ba9559f80bb919be2556230ed9a52f20f50c606daef897dd445c20105f6ea885511dca66fc862a0aaef544d0fcae90d,CLEAR,DAYLIGHT,DRY,IMPROPER OVERTAKING/PASSING,2.0,50.0,2.0,2.0
123b7313a8f5593ffaa192f7bce02b03b7c589626e4b474bdbf5b9b31df101b73caa8b52cbc7b9c0cc60ec482e20e6e063458dccbd567933ce0637b7d2153133,RAIN,DARKNESS,WET,FOLLOWING TOO CLOSELY,2.0,37.5,1.0,1.0
123b91ae3fa9b235d86a807bef86f889742b099060b28bff45b93107a35b30f8bf0313e0899257e39e15bb4b327e753cb1e5f930bb1ee7317704a5b7d1beabdb,CLEAR,"DARKNESS, LIGHTED ROAD",DRY,FAILING TO YIELD RIGHT-OF-WAY,2.0,24.0,2.0,2.0
123b93cd99d0a96348ce02b7f6420dbb6aadfd8106bbf287603f6d11b264a2b84097c9b556f17b44a57d6e8373b15798b9f97faa505510952a754c7cd538d954,CLEAR,DARKNESS,DRY,IMPROPER OVERTAKING/PASSING,2.0,54.0,2.0,2.0
123ba15fd18ccd35f6c8e0c4b96db843934444a41707b9d8257ad96b6709bccec33a95b0db27e33b00cfbc4720c8825e5853e2407a9442b2bd7088939de49092,CLEAR,DAYLIGHT,DRY,IMPROPER LANE USAGE,2.0,37.5,2.0,2.0
123bbc0f060bc93a9e0ed8671ddccfe1f172ca74f0e90edb5b1c660b892aa240d081cab021a6f676cd3fd5838abcd992adc90ac6c95b59ad807590c7de2d99e3,FREEZING RAIN/DRIZZLE,DAWN,WET,FAILING TO YIELD RIGHT-OF-WAY,2.0,34.0,2.0,2.0
123bc538661a53cc99f1d49901f2433ca790a03e3172f13ac764ec00bc76a1f337b8119674202e7579cf91595b1e8897caddb38faa03d5a5587e73246514a670,RAIN,DAYLIGHT,DRY,FAILING TO REDUCE SPEED TO AVOID CRASH,2.0,37.5,1.0,1.0
123bceba16dfefb6355b2f0fa7042a9372cd9af7c3eb38b6094bed2638f7f5cbcce330eaa0f5ecf8ba510dc9d0c010500bbdbe367dc068d5e60ebffaa2d4727c,SNOW,DAYLIGHT,SNOW OR SLUSH,FAILING TO REDUCE SPEED TO AVOID CRASH,2.0,47.333333333333336,3.0,3.0
123befe76d2bf2f037d7580b93f0930619f7ab39dca7dc1af9e003d81e9d260be50e5c3f3d5e886997fd99163c08114fd256ff738bc94e70a55819d54214c13f,CLEAR,DAYLIGHT,DRY,FAILING TO REDUCE SPEED TO AVOID CRASH,2.0,31.0,2.0,2.0
123bfd426cf1471c0380a0ac7ce84ed9cf93de8f3f6fac065d5c32491b0bad9036cfb6b6c7313fa431466af33f83cb90d48a2163da3fbe28ce99a52f4deb89ad,CLEAR,DAYLIGHT,DRY,FAILING TO YIELD RIGHT-OF-WAY,1.0,42.0,2.0,2.0
123c341f6b6fc58564fb5f14c1990dc24acb5fdbd3d844d8de4b268b0e127d57e8a292598969563f5ef34fde2240a3023e73073b52bb7c3ec97f2563d2481811,CLEAR,DARKNESS,DRY,FAILING TO YIELD RIGHT-OF-WAY,4.0,37.5,1.0,1.0
123c3a54485326291180287ae32e23319656dd28b4688fcb9662999882ce6724543dd38aa572faf8161dabba6677471c6ee76a6450207ba443d28b08d12a0519,CLEAR,DAYLIGHT,DRY,FAILING TO YIELD RIGHT-OF-WAY,2.0,33.5,3.0,3.0
123c430103e85f5340eb572ba04df5a32c0f14ef6bcca9fa2014e4e6b133d2630443a979cd3058e893517eaedcd752d9cc33e4aab84403f816f6e5c2eb4c7b8c,CLEAR,DAYLIGHT,DRY,IMPROPER OVERTAKING/PASSING,2.0,43.5,2.0,2.0
123c52d3f52b688c0518234b99ca2664d15b55958d5293b31a0aa38a6666851f861132afbdacd65a785d7f0377b1571e395b3e290149fc709a7bd25549aa4722,CLEAR,"DARKNESS, LIGHTED ROAD",DRY,IMPROPER TURNING/NO SIGNAL,2.0,55.0,4.0,4.0
123c62fc8a1124fbc5c685a765da80e8c955f9841d2436f93780c11d89a2a6cb176a37ec357722cf69ef094986946abd173b30516639383ecd9389cf74f24f02,CLEAR,DAYLIGHT,DRY,IMPROPER TURNING/NO SIGNAL,2.0,53.0,2.0,2.0
123c63c030ab1b7d1c09fc8cb00fa62a5fab42cd4f59f6bdc9649ab5d22888e2d9b8b87fe18c22b427792f998a5efc0d63983459f516cf539fe63c1583bc0a95,CLEAR,DARKNESS,WET,IMPROPER TURNING/NO SIGNAL,2.0,30.25,4.0,4.0
123c73beedef2a5fb986dc068a5abdb09524b324c75b995d75140bf6370a45b6f0a5a01c4351e9766f49eb9e13c0a5ddd92168f5b9b7ff28ac7568842f050f04,CLEAR,DAYLIGHT,DRY,EQUIPMENT - VEHICLE CONDITION,2.0,37.5,3.0,3.0
123c76a1b36435111049cc191d242d6c96a26d06f0ba4ffcb8d33c7ea9588410efde4e15738ac8e888ea77e0f7e23da4d3a23dac145661ae5e847e4d1200f363,CLOUDY/OVERCAST,DAYLIGHT,WET,IMPROPER TURNING/NO SIGNAL,2.0,40.5,2.0,2.0
123ca358d0f7876eca00b47abd1fe2c64e08207df52ec05062dc678217354b46d737a71e4b6a5e36bf83d7529dc5a758524c5d65406572380f47b0e68725efad,CLEAR,DAYLIGHT,DRY,FOLLOWING TOO CLOSELY,2.0,27.0,2.0,2.0
123ca5e7925cf09157cb9cfa4b1854355704ecba93d8ea3218b98b8e3ab7490456851a97b98a84f7d46891eb248215f22bf32b923b18b78b3880fe91a347f40b,CLEAR,"DARKNESS, LIGHTED ROAD",DRY,DISREGARDING TRAFFIC SIGNALS,2.0,45.5,2.0,2.0
123caf252c42b688eff1159f90727fc2bfb739a0a3485a2d496f1c73cd5b3c74e39702ac645dcc8ffa5c03b5951c9da38385a0ef41e9061393729cc405f1625a,CLEAR,DAYLIGHT,DRY,IMPROPER BACKING,2.0,41.0,2.0,2.0
123d11bfea5c422a2d67f8445faf139833ff1a878dfed421ce4f881b396442660914e5b55237a8b8af0978d5d305a689c73b4b5879f6bc9c08b97f131b43bf26,CLEAR,DAYLIGHT,DRY,FOLLOWING TOO CLOSELY,2.0,52.0,2.0,2.0
123d2de52b99dc4b84e2c5ed6180832246a2cc2c5990fba16c6a446fd6d96f4ea937886e8ad04fa150d9c5db7d60f28d5b837c7adac4d433ae2c78c3d2d3b136,CLEAR,"DARKNESS, LIGHTED ROAD",OTHER,FAILING TO REDUCE SPEED TO AVOID CRASH,2.0,51.0,2.0,2.0
123dd84e1112276c2bc2205eb9292d23034cddbe4bc4b5aa48a8b8e0cc8ed990f04d6a2dfbf1b2c107911ef399393f384d51cfbc042fe36dade3ad38f126fb32,CLEAR,DAYLIGHT,DRY,IMPROPER BACKING,2.0,41.333333333333336,3.0,3.0
123ddc96ed38ade009031ffbdc974d971a77a519193c4b286e528f478879747f74b77ae0be2f10c156c177e1290c74e0cc9345cda5b2c8131c33c92f8849b588,CLEAR,DAYLIGHT,WET,FOLLOWING TOO CLOSELY,2.0,52.0,3.0,3.0
123dfc4df984f17241ca3d1d8b0ce2003f9e8f3c19e0efd090fe32c10cdba1abfff8609758806f90a568b7018f51cb2b8446fbef517f188a2827292704f4568a,CLEAR,DAYLIGHT,DRY,IMPROPER TURNING/NO SIGNAL,2.0,43.0,2.0,2.0
123e48664761e75d424c8865a4a1cf734733c4607b91fe6994f8707c6d4a58c37f37f616530d23525bcf708c6a5dc3c265b1d23c128dae3d93576a789e8baf2a,CLOUDY/OVERCAST,DAYLIGHT,DRY,DISREGARDING TRAFFIC SIGNALS,2.0,26.5,4.0,4.0
123e546ab48c838a61f782b0c0dabfb3b2b0f21b7b996d8822325daba9368d7b5547887ef898d7a4f0ef4a324046afe467f01e94c6c23c2b32b201bcc8aa7970,CLEAR,DAYLIGHT,DRY,IMPROPER OVERTAKING/PASSING,2.0,59.0,2.0,2.0
123e6d5aac827b7947c45f9637082ad1ef4ad6da731ca0ff9c96940a7d6dfacc6c21d9910c8076aabfd6302760824221c2bd84b7a8abe0b486701e3b65f627c7,CLEAR,DAYLIGHT,DRY,FOLLOWING TOO CLOSELY,2.0,30.0,2.0,2.0
123e8f48a8a952192a1b22c062ebd6bc7d6f4196e98450e58916376f9bc1618a4bc4461440181d499e606790f934d3948dda19f38035b9df441afcd59e154455,CLEAR,DAYLIGHT,DRY,IMPROPER TURNING/NO SIGNAL,2.0,40.0,5.0,5.0
123e96454ec83747ab927b5233ac8d668f6e5c6f623d40aa592d97f2fb3d6bd89f14cb6c8d781f16fdcf35bdf3e7fb5584e2a3ccfe23538b73ca07d19b2783ec,CLEAR,DAYLIGHT,DRY,FOLLOWING TOO CLOSELY,2.0,37.5,2.0,2.0
123ea05eee2d5640388c9840690f7737edd0433f9c257c78c75378cecac88e5c0011b422f6c1d468a02135478ff85f302aa382f2921a9f81ed6bfcd8b99e33b6,CLEAR,DAYLIGHT,DRY,DRIVING ON WRONG SIDE/WRONG WAY,2.0,24.333333333333332,3.0,3.0
123ea64b41b4ce8654277eff5a43051b5099fe440ca59b0a63fd8555f09c29bbd16920d26f7814408dcb2b0f51a6b98b48126293438b8c140f3cd1b7e9f2d6a1,UNKNOWN,DAYLIGHT,UNKNOWN,FOLLOWING TOO CLOSELY,2.0,60.333333333333336,3.0,3.0
123eacc73bb53d931c3a609155ea870f4400a6184fa9ec6aaa3e0ad4dd634cff693eb83c7cbf58d280d312ae9d5837166cffd6f7f4269045fa285423a05cf294,CLEAR,"DARKNESS, LIGHTED ROAD",ICE,WEATHER,2.0,52.0,2.0,2.0
123eb0c5ca804afe92af999b702ad399d4359a4309ef8fc7d1eb0df960ec43f05e624278fbcd3fd0af02e096cb6860a469b8b487bb3d0b111cc47512a91b01df,CLEAR,DAYLIGHT,DRY,IMPROPER LANE USAGE,2.0,44.0,2.0,2.0
123ec1b7481257e90b4054f147917f5c7ff2447aa0ff416ff791634eea475a82391f004477afafccf5d750b8e311b87c24176977d1210745e084facf6c6a1f43,CLEAR,DAYLIGHT,UNKNOWN,FAILING TO REDUCE SPEED TO AVOID CRASH,2.0,30.0,2.0,2.0
123efeaa2fa56de169f6d1bd74303b881f4ad0ae62020f8cea89c88cdb360b31c6b63ace248a88d7d0ba3cd4595249ab54daadc7424fbe83c58b64965ec70b55,CLEAR,DAYLIGHT,DRY,IMPROPER OVERTAKING/PASSING,2.0,52.0,2.0,2.0
123f19ef4fbdc13762a88b043d39937de6e3fa238c3022dd99416cef0996488d5b5db391792520fe4c8a0fc8450277d53e2aa4756dee089efc545a34f04aa819,CLEAR,"DARKNESS, LIGHTED ROAD",DRY,"OPERATING VEHICLE IN ERRATIC, RECKLESS, CARELESS, NEGLIGENT OR AGGRESSIVE MANNER",2.0,28.5,2.0,2.0
123f2429fb31008001f67f3c01f1da17af3b301646f8c4302a134e50c148b3548075e3d1e419fa0c05e48de453b9e8036e978749db268b049513435cc18b902a,CLEAR,DAYLIGHT,DRY,IMPROPER OVERTAKING/PASSING,2.0,44.5,2.0,2.0
123f256d7e5208fe3f623c2848de89029c8531e34ff006bce97fced1e1558e06abb955ef016ee48d8dc2c4f15fe8c689447c5376b8fad67a17045b769ab20c3e,RAIN,DAYLIGHT,WET,IMPROPER OVERTAKING/PASSING,1.0,37.5,1.0,1.0
123f785ae36002cf5ca9847f1e4d00223a4aec9e7cf9332e57393a1a5989abc7d107e7d825c542e8087355d21bc4697c29cb59daa74ab0de7c48214b59135327,RAIN,DARKNESS,WET,IMPROPER OVERTAKING/PASSING,3.0,35.5,5.0,5.0
123f91bba50ec81eef3e7651f1652aa642e382d93771a988fb1453328cc65313dac21f32b6984fa984c859f19d0d6a49cab6dde0b77a9ce0348b303bff7f7d21,CLEAR,DAYLIGHT,DRY,IMPROPER BACKING,2.0,65.0,2.0,2.0
123faf5e72a6d8e017efb3e59a250a338b4d5026e78ca263976d89cd9e53d778e960b8c201d815fe0a34cadc8f7d9cc9514a9273e2cd1401ccd578da55eb7c35,CLEAR,DAYLIGHT,DRY,FAILING TO YIELD RIGHT-OF-WAY,2.0,38.5,5.0,5.0
123fb222cb0fef1837402d20ff4fe4223d8025f9f8a356ba5caa56c083e97d7d95d52d8f91d1c9d76cd5a95408220b48478de1cbd110800f8d1eac9f921b9119,CLEAR,"DARKNESS, LIGHTED ROAD",DRY,IMPROPER TURNING/NO SIGNAL,2.0,26.333333333333332,3.0,3.0
123fd8562ca8adaf733506d35c0edcad6974175f9d35fb986acc7309e3aa474e230500d9e9bc2230b8cad1a2020a4bf19749c64e2d61fc68b3b151d9e75cc516,CLEAR,"DARKNESS, LIGHTED ROAD",DRY,FOLLOWING TOO CLOSELY,2.0,44.5,2.0,2.0
12400430775cc5a8db6160f0d43a4b2efdb67035a567eeb03c3efd44d57b9930913b55122bc996a05a11acdcd6f89f0b8edf8a7061a482c36aa5c3adac3b2aa3,CLOUDY/OVERCAST,DAYLIGHT,DRY,UNDER THE INFLUENCE OF ALCOHOL/DRUGS (USE WHEN ARREST IS EFFECTED),2.0,43.0,2.0,2.0
12403ec93f4b5ded6f4a996a33b2c50da957b416ebdf377f57865d79af7f5a53fa6df5726f043da57263390e1d1e817ac6755d4266e762b31b97eba904b56fae,CLEAR,DAYLIGHT,DRY,FOLLOWING TOO CLOSELY,2.0,27.0,2.0,2.0
12404d0403c5c9689bcb6008f1e489910bf4cb4d3205ac67a4800d6d2b62760e6543e9ea9a3a74c520eafb4033bc8739cbbefbca94da783be43739e124691d1a,CLEAR,DARKNESS,WET,FAILING TO YIELD RIGHT-OF-WAY,3.0,39.333333333333336,3.0,3.0
12406d2c5cc3511ed85ae579a6c18d3ae3b5e366a814765d89389f8cb3600b6b8a12c1a3436fa6bf8314542c75b34e2c7e56b1b9b273a7d4decec339148d1cdb,CLEAR,DAYLIGHT,DRY,DRIVING SKILLS/KNOWLEDGE/EXPERIENCE,2.0,45.0,2.0,2.0
124083bab5132293dabde7ffe0d8f26a97ca8680208dfb126d585ffb02f0391dbd3070dc000f9143cb64c0ef70c0719ccae7a8b900300c9794c1fbc5f28225c4,CLEAR,DUSK,DRY,FAILING TO REDUCE SPEED TO AVOID CRASH,1.0,23.0,1.0,1.0
12409043915cdd779a4c25bffc345085eea9d71dbaebcaf8277cbce9dc06e9ce42300d6d310f19dbc24923d1c24cba44fb1a2102c2f51cfb20cb0d48a39ebbdd,CLEAR,DAYLIGHT,DRY,IMPROPER TURNING/NO SIGNAL,2.0,25.0,2.0,2.0
1240a0edb2d99866e88814a7edc0894c16b7f4cdd6c7ba8a09a3630b24e79d96f67678dc0cafa2c3b2056dc03f008cb255c1d35020b4b48fa00c2e9656d1ac94,CLEAR,"DARKNESS, LIGHTED ROAD",DRY,FOLLOWING TOO CLOSELY,2.0,34.0,2.0,2.0
1240b95acd4de07024780ada1dc1d6653fc7b827b04850dc2ff28db3914c016c69fb70be0e8c6a2a926969c7baa525931139c85d9b1c8c0e9990f6514efd54c3,RAIN,DAYLIGHT,WET,IMPROPER OVERTAKING/PASSING,1.0,24.0,1.0,1.0
1240cca295ae4659c5b37b36dea86859358b338c13e18e077c534615a6048a31842a5027db16aa37eafd016fe5df2ef3795930aaca46641bd7e292af976a33c0,CLEAR,DAYLIGHT,DRY,FAILING TO YIELD RIGHT-OF-WAY,2.0,57.5,2.0,2.0
1241121c2aa8e14f06b1d8e0037b4763f72a343f2b61ae620a40755e344950e53dbf0896ede01a9722cbae39759f041634ae9be45d89d1f14975de56655c8581,CLEAR,DAYLIGHT,DRY,IMPROPER OVERTAKING/PASSING,2.0,50.0,4.0,4.0
12412b9722603075314c9ee306522ad1eae6795711d3dab8e678f56a13db5de6de71627fcbb42d8005d3e0b06cb6a455829f418d76d1f6b4e89f3f6bb7936d0f,CLEAR,DAYLIGHT,DRY,FAILING TO REDUCE SPEED TO AVOID CRASH,2.0,37.5,1.0,1.0