crash_record_id,weather_condition,lighting_condition,roadway_surface_cond,prim_contributory_cause,total_vehicles,avg_driver_age,total_people,total_injured
12412fc763e083973e9709558ef8048fbf614c40e706df4d70d9ee46ab8475be31545ca976c11d0ff57a4058288c0f1f31f5555f70a067bb7025204c831a777f,RAIN,DAYLIGHT,WET,FAILING TO YIELD RIGHT-OF-WAY,2.0,54.5,2.0,2.0
1241391e373bbfd7950ae7f5b429680a34b0468b5b91b184ee5a027c740449d413f5b910cc24027ba261f59353a334ce64cf139b6e3efcbead5d60026c11031f,CLEAR,DAYLIGHT,DRY,FAILING TO YIELD RIGHT-OF-WAY,2.0,24.333333333333332,3.0,3.0
12416c71cee9f39f8b9a65442ffaf923f3d48e5e99c6bb4984ffeb71129e0a82dd759c68b3fa3a4e3ec5309dde72b6d584c25f9a354b7eaa2d58795100d234db,CLOUDY/OVERCAST,DAYLIGHT,WET,FAILING TO REDUCE SPEED TO AVOID CRASH,2.0,46.5,4.0,4.0
12418798885f00426b6f40ceeca8329286d4b5d2e8c3037e05a67adbd7b02dc817a95954bc652d95efa6661fdc4b231380d25ba3599aea9bc10702acd72b4241,CLEAR,DAYLIGHT,DRY,FAILING TO YIELD RIGHT-OF-WAY,2.0,44.5,2.0,2.0
1241d4a4f43d28b3253749b7995ddf454c0cc353d962543204ee451a0b484c8463962cb6da32c803585ff0f2b4b967250c735e5ad35ba744605bd5e39d95c602,CLEAR,DAYLIGHT,DRY,FAILING TO YIELD RIGHT-OF-WAY,2.0,36.0,2.0,2.0
1241e231f490a048e751200aee63119c1c4ae3e14e22ba7467dcf54cb11a6f9b2938b9f92abde7c2c22ce23e75cfedb85162679c2a3f603c967b25fe6b424a5c,CLEAR,DAYLIGHT,DRY,DISREGARDING STOP SIGN,2.0,35.0,2.0,2.0
12420111b0ee841f41cff90f42ff7d4d3e97745a0458920673014a8a0fe618eb4398be5cc849c27f16a3c7f8a70cffcadaf704fd90395cd2349a408ddeb9bfc0,CLEAR,DAYLIGHT,DRY,IMPROPER OVERTAKING/PASSING,2.0,47.0,2.0,2.0
12422acdd7c7e73e8b3c160cf1418c214f22c5afdbe3c646be2b194336cbde2ad86810dccd521a036bed463876c0e3185ab722ac07da530fdc6de8e307d7bd70,CLEAR,DAYLIGHT,DRY,FAILING TO YIELD RIGHT-OF-WAY,2.0,50.0,2.0,2.0
124231afb7a4d20ba95c70751f5e62ac895f0a49b45bab5eb8a6a38a53850d0ded31b006c5475ac5e6a13042a578ccc58ca0673e224cb455b7594737288bc777,CLEAR,DAYLIGHT,DRY,FOLLOWING TOO CLOSELY,2.0,21.5,2.0,2.0
1242505aa15718cdc55e1ec09cbdd20ae18962da37c56dd6523a1fe2d130b68a2775d01cde0c5bf4a2f34665c23ac0158765fd1a624da576946bbc5e9e468acf,CLEAR,DAYLIGHT,DRY,IMPROPER BACKING,2.0,37.5,2.0,2.0
12425a1cdf868b19b50389bfb354f2199ca9e40c96a8e713946fa64d4f9d99724a0cde23a2d79a26bfcf0b0e57b867f001caa5298adc64aacfed17182b32528d,CLEAR,DAYLIGHT,DRY,IMPROPER TURNING/NO SIGNAL,2.0,26.333333333333332,3.0,3.0
12425ff4d2452c8e1b2ae879a27afbc4536f0d9bcc0f473d6a14b6fdff5ffafd83db2fd0fc4f21fff62203526662fb5db66b8f344004a0f406a165cb8fc9560b,CLEAR,DAYLIGHT,DRY,DISREGARDING TRAFFIC SIGNALS,2.0,54.0,4.0,4.0
1242634afbd82f2a9532eef5404007604b9bc4b4a537c3b3d4991c2872dc179e7297b1a56144121e3be2fc957b9945071f60259340b99cb5bea52c0d97308e1a,CLEAR,DAYLIGHT,DRY,FOLLOWING TOO CLOSELY,2.0,49.5,2.0,2.0
124280e66d9ab5bfc1367bb17e97f4ce599a064bb72cc620d6a3379a7c281e8b710c1fe7cfd8611e44dff560b77cf7d7a426ae9ccb35817c7f0a167f49f7e910,CLEAR,"DARKNESS, LIGHTED ROAD",DRY,DRIVING SKILLS/KNOWLEDGE/EXPERIENCE,2.0,37.5,1.0,1.0
1242bd7f3c55da33e90f9cfd762b065ff97846c2b06698be63a73fafb4ad7bc4624a5943bfede06f876e0fb71557e15679d0c178d624f273f68a5b38c23b7563,CLEAR,DAYLIGHT,DRY,IMPROPER LANE USAGE,2.0,74.0,2.0,2.0
1242d317f681d0494ff9a42510694a940fc3947f963d77274dfd9f9a9412bcca59e137a4d33e59ab10df5b094b38d31e222ecfddd038826f604b8913804278e0,CLEAR,DAYLIGHT,DRY,PHYSICAL CONDITION OF DRIVER,1.0,37.5,2.0,2.0
1242d731884233ac409dfb57a76a682ecb8dde5ffbf4f4cde64c2e39d54b37e51446fd943928b1cadececd4470ea55ee071a733b01d1d48f2fb23321b71ffa3d,CLEAR,DAYLIGHT,DRY,FAILING TO YIELD RIGHT-OF-WAY,2.0,29.0,2.0,2.0
1242d89cace7926557431062d1cc3b7d1a5514e33a71f802d460f5b528e60ff4e2fac9e577c884b0fbcb3370d47e70daaaf232c8926e42e45b6c47ecf3024d0e,CLEAR,DAYLIGHT,DRY,IMPROPER TURNING/NO SIGNAL,1.0,37.5,1.0,1.0
1242de18c5c40cee2a4ffbbbc2990dc8e4eee48bd1a0e793c4faa97bf8f5e727ff76118c6617161ae9707a4e7b91aff9a61b3d5bdbecd6fc26d9fa5770818e9b,CLEAR,"DARKNESS, LIGHTED ROAD",DRY,DRIVING SKILLS/KNOWLEDGE/EXPERIENCE,1.0,73.0,1.0,1.0
12432e31df05e9deea120cee57b6577404efd189423ef705154b2072295a33d3f7208c3fc15cc457abf74f4d98eb8c7a6c0eef1f5afc7c77ff9d78877ff964bf,RAIN,DAYLIGHT,WET,FAILING TO REDUCE SPEED TO AVOID CRASH,2.0,46.0,2.0,2.0
12437162a39951e7f5f6e225870622e27cc3ddd77f617a8828907a9644abeed87d1309dae3e1e4b08abc51314c3868b67e289668895930356fd83d11cbc095ca,CLEAR,DAYLIGHT,DRY,FAILING TO YIELD RIGHT-OF-WAY,2.0,66.0,2.0,2.0
1243a35e4d017cf3236c50d0fa0688c814053ea057b863837cc4e2571ea6010016331f5441d4b74ff9bc7aa9c43771fb920c30202204dee993a9bd34abf7c0de,CLEAR,DAYLIGHT,DRY,FAILING TO REDUCE SPEED TO AVOID CRASH,2.0,43.5,2.0,2.0
1243af6a8a02836c8d50ef568cd2711ac1a92ee2fbec47e12f1df8da645eaaeec8da842773d2c4339b7ceabcb1afde4d8b4f4e07a65b022bed8574cad2dc401d,RAIN,DAYLIGHT,WET,WEATHER,1.0,37.5,1.0,0.0
1243c5406c20541d970b581eb08779691a93ebef5c48bb90f644b9f3d86f6884c244f1e5f820104b20e24114875e4613a0cb306871258fd24588d42711bc3a72,CLEAR,DAYLIGHT,DRY,IMPROPER LANE USAGE,2.0,39.5,2.0,2.0
1243cee9e251f1a4e55996b85e5b88001381bdbd00bbdb7006ce320335abb38ea1962f621521e3e42ff0f89e63c20bc222202c374dc9d728e0bc1578d8d54ae8,CLEAR,DAYLIGHT,DRY,IMPROPER TURNING/NO SIGNAL,2.0,41.0,2.0,2.0
1243f01785245148a099de492455629ee212e465ec69aa8b519ffcd23c1b5e9a114519c727bf97e07c32c404e189d9eee53b46366ea47591772f290d8446f6e4,RAIN,DAYLIGHT,WET,WEATHER,2.0,18.0,1.0,1.0
12441a990be0a56391900c9f48c73535d0332700c1b3ed40fb9177db7da3cb202507a21c5e32bafe009c14c36f1c03b1dade9f895701dd25504bddcb42b92f28,CLEAR,DAYLIGHT,DRY,IMPROPER LANE USAGE,2.0,43.333333333333336,3.0,3.0
12441c51a88be9a547047b32ad6f25119397389afa6d9dec3e5b4d42f2ce5f41b529e5d5221dfd11a81ab932ff4611ad905e989a1d7799ede2c086424cfa70da,CLEAR,DAYLIGHT,UNKNOWN,FOLLOWING TOO CLOSELY,2.0,52.0,2.0,2.0
124463fad10d60f7403abbaf8faef4d7dd21baea037016268a1edebac43de584191a7f5a0d5bae691c5aee6ba938010e31c398f24530237c591f60f8b49fd9cb,RAIN,"DARKNESS, LIGHTED ROAD",WET,EXCEEDING AUTHORIZED SPEED LIMIT,3.0,49.0,4.0,4.0
1244bf96aba32ef310a05afd0a090511db5b27badae7224edf8196f40036b5435cf258cbbae27148d0c3c127537175e1e2b26fc3f7ea25a05220d95b2f101786,CLOUDY/OVERCAST,DAYLIGHT,WET,FAILING TO YIELD RIGHT-OF-WAY,1.0,32.5,2.0,2.0
1244e9f0fd430c661a04b352ca49e3f25924c432f3a6c9bc21eb89feb5ab6f08758b5e1444dfee11a4f6855b47ed709536ddf31e4cab2f32ce97bce97562c513,CLEAR,DAYLIGHT,DRY,"OPERATING VEHICLE IN ERRATIC, RECKLESS, CARELESS, NEGLIGENT OR AGGRESSIVE MANNER",2.0,48.5,4.0,4.0
124505d6f2bd73e75d16d960f45b5ccccf7093c3d38ac0d558526112f50396d5290c4c1246a57b3b182e4a01e981abff300e604d64e7122635b99e4e95af0c20,CLEAR,DARKNESS,DRY,FAILING TO YIELD RIGHT-OF-WAY,1.0,10.0,2.0,2.0
1245117b635f2caed1363cc2b25eafb02ab6dc39d1f0685cdbb0e4acddfb0a3afabb748bde6c09d918f70e4f1062dcafb29e1f43282b0924a408b370028c7961,CLEAR,"DARKNESS, LIGHTED ROAD",DRY,IMPROPER BACKING,2.0,22.0,2.0,2.0
124519f6401363ab505ae8c4fa7afcd0ef5c4ef2dc79aae007f873c5e500485145d0bf5e9f91363c6585ac9f92912c68e37dfb73aabfcb7c26b4d1e40340dbe3,CLEAR,UNKNOWN,DRY,FAILING TO REDUCE SPEED TO AVOID CRASH,2.0,37.5,1.0,1.0
124547dd882abdf34b1fcc8cc235f79d61869bf8d7f3db4eb365be42a560cefce7e930a3ce85d3809e1e0c86bbd07bffb9bf2971a0837f4a4416360c4dd5e6f8,CLEAR,DAYLIGHT,DRY,PHYSICAL CONDITION OF DRIVER,2.0,60.0,3.0,3.0
124569e8816e7f0742ed9680ed9e441c9726028ebc6e3e2d98489251b3b2e37b83709f04504d2c7d394d004997840c5b1c01d6fae898b77484e2396be15bcc85,CLEAR,DAYLIGHT,DRY,IMPROPER LANE USAGE,2.0,58.0,1.0,1.0
124575462308a4ae61ebab3214f934e5f0cdf0fa541f3ec6db86996a08b80bdf3ab950bfd1c6341f1a958fd78122c296f6e64db0b9b70c8ef2cb5bd464218548,CLEAR,"DARKNESS, LIGHTED ROAD",DRY,FAILING TO YIELD RIGHT-OF-WAY,1.0,21.0,2.0,2.0
12458b5d83d1deeca5c7d5b854affef1faaf01791be933665667c45c5f4c025c7a597a11d4f173daa55964d2860f408304a3f24a81aefb7e1e1bf6abd28bc9bf,CLEAR,DAYLIGHT,DRY,IMPROPER OVERTAKING/PASSING,2.0,39.0,2.0,2.0
1245ad7f4848b99168febfa7c726ade15feb1c5ebea19a884876b539523f466cf443ecde5821d45f238fffd77d39aa1537d72c4bf446cc3a1e9cd650662e1941,CLEAR,DAYLIGHT,DRY,FOLLOWING TOO CLOSELY,2.0,40.5,2.0,2.0
1245d1e839fed2b9e6f6a7cd0bb60fd6f221a6fe6ca01c8dad44e91fbc3022639e184109d1c86479ad95244bb1a95abd39d95bfb7d409b0664825567d93c6d54,CLEAR,DAYLIGHT,DRY,IMPROPER OVERTAKING/PASSING,2.0,35.5,3.0,3.0
1245d497f6b996969f553ba6264b03494c5b8ca91cc98aa8e7b97c8e92af63dfbfabad995eb438638a293c685a98a9b3f120e039f07ea23850f308ab4945d06a,CLEAR,DAYLIGHT,DRY,FAILING TO YIELD RIGHT-OF-WAY,2.0,32.5,2.0,2.0
1245db3c9d3e13fe4e5f42d42e21778c584a280ab794c99cf2eb3f9371e1a7e069f3051130945ee2eb0c5d4d0f68aaad9b48d805582e5a2a337794aff94595db,CLEAR,DAYLIGHT,DRY,IMPROPER LANE USAGE,2.0,66.0,1.0,1.0
1245fb557578d6495c1c3ca1a2b29f8db795b8380c6fce70f73af2c32f5e2abc4a0b1e91c6917464224212d15f0bc264e2070644d28cfd332484c1355097a94b,CLEAR,DARKNESS,DRY,FOLLOWING TOO CLOSELY,2.0,44.5,2.0,2.0
124614d1eea14b87f2ff1c1a3d8d336e19a96c38b6a8326e6f4e4c51c76968018d451fffda73260914f52c1b926e0a55f61c1635e5e305754be31402cd839c12,RAIN,"DARKNESS, LIGHTED ROAD",WET,IMPROPER LANE USAGE,2.0,52.5,2.0,2.0
12464c39a25bcaa8ac9b09d0a4d726de046c38b084ea223201d6c60137b2d00e14244e385145b6eed02922b21e1dbf6dcea8771401e4cd1eeca60d02327a14d1,CLEAR,DARKNESS,DRY,FOLLOWING TOO CLOSELY,2.0,26.5,4.0,4.0
12466646a9e5c95bf2af73a34ee1e663556a9ae1b951e54b93c6f1ccdf5e4e36cab517b6e6c1f3e19882141b84c5db89499e7080062222689c347c80b6f51131,CLEAR,"DARKNESS, LIGHTED ROAD",DRY,"OPERATING VEHICLE IN ERRATIC, RECKLESS, CARELESS, NEGLIGENT OR AGGRESSIVE MANNER",2.0,24.0,2.0,2.0
1246bd74b8bcfbaf1109a343b670e74ac8a4478e1cde7078b72b3ef76a58398f461e05f87c772b1fbc50850c708ff1786f3e394227d339031c98761e30cd5f65,CLEAR,"DARKNESS, LIGHTED ROAD",DRY,FAILING TO YIELD RIGHT-OF-WAY,2.0,59.0,2.0,2.0
1246edb2524aa06ed36c72a2a8b38bcd6b8e997a93f844b94a146da32a36acba323652c1ada3a14ccb1f40c95c50f81b23d674a899048fab15088e604a6b29ba,CLEAR,DAYLIGHT,DRY,FAILING TO YIELD RIGHT-OF-WAY,2.0,22.0,3.0,3.0
1246ee89b77114690908f7ea4cc708ed4ded1eaef5659323f8ad33309d8d3e72dd245b86712bccc09439b4f81cbe67b677a5d7b12bf1e0d093d65b4b6774d8db,CLEAR,DAYLIGHT,DRY,FOLLOWING TOO CLOSELY,2.0,39.5,2.0,2.0
12470b8fa6669e1575a133e4d07ac3ae3484ada255a01acca1228d6879be0805b9f89b11d0425dc380af47bb8fed50c6b94ee426a839207236c47249cff5d7f3,CLEAR,DAYLIGHT,DRY,FAILING TO REDUCE SPEED TO AVOID CRASH,2.0,51.0,2.0,2.0
1247428f8699c900f8a56a8f460134e01fcbb0ba81e5d7619e0841d77ebce4e82f80442f2d28e23fc17b48a03c99bc633f5f2c189fca07c3e935760b8047a033,RAIN,DAYLIGHT,WET,FAILING TO YIELD RIGHT-OF-WAY,2.0,32.5,2.0,2.0
12475593a467c86b5b7ec82647793878129d4e8c6345b08bd05e54ed7e8ecc2993d89056aee445f73f0e0c42071ce8edcb49399246f6cbb31e9dd382df5d9320,CLEAR,DAYLIGHT,DRY,IMPROPER OVERTAKING/PASSING,2.0,24.0,3.0,3.0
1247730f98f86ec4567c6a71bb416a38193dcc744e5407283b81f8e6e219ecfa420b54c07d8c071601658d5ec77c27669df4d34444604067b4b8bfde6dcee57f,CLEAR,"DARKNESS, LIGHTED ROAD",DRY,IMPROPER TURNING/NO SIGNAL,2.0,50.0,2.0,2.0
1247808bacb9c894165a32800b56effa564edf9af047bbe2e435563e95d273bd2fed070f69c42f1da6cf90730f475ce497d5ccc13c5633dd25e71b6e8d81346c,CLEAR,"DARKNESS, LIGHTED ROAD",DRY,FOLLOWING TOO CLOSELY,2.0,71.0,2.0,2.0
1247a61f6fff6566e1fd8264ef4c9ccaaa1db516a2ffa373ebadf3256d026683195dd4af6797dd08e2fe96bf645d8a89fba9fa0bf9a8bd5abe3b128aa2b69efd,CLEAR,DAYLIGHT,DRY,FOLLOWING TOO CLOSELY,2.0,37.5,1.0,1.0
12480b2fe0ccf3d1ec21d52fd519c5b627dd5d3c0050cc6d81fe4787ec9bd059e76ddf784b54de3094e4392caef6657b347f5c3b3eb9582b85be5ea5a9bd7a23,CLEAR,"DARKNESS, LIGHTED ROAD",DRY,"OPERATING VEHICLE IN ERRATIC, RECKLESS, CARELESS, NEGLIGENT OR AGGRESSIVE MANNER",2.0,24.0,3.0,3.0
12480de46e37fee993a446035afae0aa6fd887bd57d7651ca03268667e67b3de2d77c3e133ed1ea6c1250c37d0ca272cf7439dc2a56481b763f02d23103072ff,CLEAR,DAYLIGHT,DRY,FAILING TO YIELD RIGHT-OF-WAY,2.0,24.0,3.0,3.0
12480f3b2b9db4091bdf81572b9de96f2652d0ad82957eaa060cdea57f5bb78e4eaf9a6a46bcb407e782af804c7945a16c4cd14746cf83dd43ce2d4e0ba5d815,CLEAR,DAYLIGHT,DRY,FAILING TO REDUCE SPEED TO AVOID CRASH,2.0,34.0,2.0,2.0
12481bff02ec2c8177c26aa78d9e5e67e77a113554fb9ccd46261caccea58c97a13de78624cc364218cd103e4475c159438633ce3ac13044caff762d0e5c2bcb,CLEAR,DAYLIGHT,DRY,FAILING TO REDUCE SPEED TO AVOID CRASH,2.0,25.5,2.0,2.0
124872d540284074ef4d39b4ce873432a5ac4789769dd48a90678deccd629b74984310f57c304311b86622bff5cea2abd3a47ff8f0379439d262d89b649e7b51,CLEAR,DAYLIGHT,DRY,FOLLOWING TOO CLOSELY,2.0,26.0,2.0,2.0
1248861594bba76628ee60372c9b0b608970d9a485016abab2b6859697dc7aeb33e65fbe58910c258ed169909f7dfe5fa5300b6d5cd9a58d875a5b94712c8b5e,CLEAR,DAYLIGHT,DRY,FOLLOWING TOO CLOSELY,2.0,37.5,2.0,2.0
1248a90368a81eba3f763cbbc56ef11f3e82c3a76da21a4dd077911101139e9101cfb4d06d3dd46062762073a8b84480c9477e9396a1025c8ad7ea9241f0f1d9,CLEAR,DAYLIGHT,DRY,FOLLOWING TOO CLOSELY,3.0,27.666666666666668,3.0,3.0
1248adeac8f8b1785a9a459e35b6ca85a1890da9e0b25e9f3006d165ecbfdfb9d6ce6006feaba88fda5aac9d5497e1911cc087e7fcf215a57046f09a1502cb4e,CLEAR,DAYLIGHT,DRY,IMPROPER BACKING,1.0,29.0,1.0,1.0
1248b4eb974c616db9cbcc610d646125a7c7c1233b6f0b7b50644006eb746454515616fc205ac558325aac6ddfd57eb5ad1cd8f68092da7093c1220b22457586,CLEAR,DARKNESS,DRY,"OPERATING VEHICLE IN ERRATIC, RECKLESS, CARELESS, NEGLIGENT OR AGGRESSIVE MANNER",2.0,31.5,2.0,2.0
1248f140b0bd9b637b926c39928f78ae50621d7175ec6627ca3a37e9127b159d493b47c16b48ca69f00f1bddb35ae43cf2df155708a77f6854d9a7112007ddb0,CLEAR,DAYLIGHT,DRY,FAILING TO YIELD RIGHT-OF-WAY,2.0,40.5,2.0,2.0
12492b2a1b4ff47c25b73e5ded2edfb62c44079df31b6a9e055f6d7545e950e7058858a9c0601d18661e3d7e0118465bc5c875a42fa1491d39707782c70d1933,SNOW,DAYLIGHT,SNOW OR SLUSH,FAILING TO YIELD RIGHT-OF-WAY,1.0,57.0,2.0,2.0
124977d80549d7ccfb5b346b57bb40d0f621c45629090bcdb3d4b1265a516c4a150439c4b6cf5f0c3478ba1af0545f273c08fc4ad49258945dfae7382b19c9c4,CLEAR,DAYLIGHT,DRY,IMPROPER LANE USAGE,2.0,56.5,2.0,2.0
1249ae3fa768900401d3743c66530fc98012feece4382dc63ce7ea027426eeb140458573c9305bd01e07b8bd3d5f1c443b10d4b1b4fbe73126483e89c33bbb65,CLEAR,"DARKNESS, LIGHTED ROAD",DRY,FOLLOWING TOO CLOSELY,2.0,59.5,2.0,2.0
1249b061f83993d6ba2716c98200548eaa28548a1f869af765defb7942a39cb239cc4d13f3dfcd3707da73e4e29740d80f82a0e01ff4554fc5c2faf0a912c9d3,CLEAR,"DARKNESS, LIGHTED ROAD",DRY,DISREGARDING STOP SIGN,1.0,34.0,2.0,2.0
1249e5fd7179e26373546621a958338c7e77b903828b13656ba66a24b04cf672349f0695a881bae9ab991c3a24b72885e5777d9248462f36ad03c20862954f56,CLEAR,"DARKNESS, LIGHTED ROAD",DRY,DISREGARDING TRAFFIC SIGNALS,2.0,57.0,2.0,2.0
1249f476852a7c814a6fc328814bc6a4f7fc880c2028d8ba0d4616553008e147d16c5c12ca34eff2b58f5a385835bbf092d0251a88bce624cc3621545130a38e,CLEAR,DAYLIGHT,DRY,FOLLOWING TOO CLOSELY,2.0,32.0,2.0,2.0
124a0d6c66f0c4f640fd87370cb060b3a69aa56dc9e87463234ba60c271d1f1ebd4295ed678a992503859aa2dfffa76d903b582e2a4076bb413598ae57202aaf,CLEAR,"DARKNESS, LIGHTED ROAD",DRY,FOLLOWING TOO CLOSELY,2.0,67.5,2.0,2.0
124a467d957abcef119b91c5fb7e61e20c2b30318a1a98ada64cbf2da6937e98e6da8d8a7cf03f21d6dfea225e35caf979318ec29e62c773bdb9d96b6c84c3a6,CLEAR,DAYLIGHT,DRY,IMPROPER BACKING,2.0,37.5,1.0,1.0
124a4817156b9a6b41fe6d29a02d4ac0e848bca1e485478692d10af16bd315da95ca207bcb45c7d33dbf01cf6ae32cccc7d55c472eb7373b6ff58bde28b599b6,CLEAR,"DARKNESS, LIGHTED ROAD",DRY,DISTRACTION - FROM INSIDE VEHICLE,3.0,34.666666666666664,3.0,3.0
124a4ac844682f35fd470b2e2739365e49bed41ee3e9a82a137b94c6dd722516debac0da3d9a5eaf5109be664f46a67ddfb739eb9bcc9ac6162139f9b23c0b84,CLEAR,DAYLIGHT,DRY,DRIVING SKILLS/KNOWLEDGE/EXPERIENCE,2.0,51.0,2.0,2.0
124a4f4fc1f1144d8a9f23b1e95305c36bee17f96198687dc7e1b33108c11afc7458a3330d901cdba485abdae835cb0fc131960dce6a9d3146a940c19e73e7c6,CLEAR,DARKNESS,DRY,FAILING TO YIELD RIGHT-OF-WAY,2.0,28.5,2.0,2.0
124a5efcc1bdb7d963d1a7a8dbaaddb94df1e488dcf02932e5fcf17d87f0d3c33c43feced853180f080847136630175c1958ea2ee0f34a0729bedf3092cd4f51,CLEAR,DAYLIGHT,DRY,FAILING TO YIELD RIGHT-OF-WAY,2.0,35.0,2.0,2.0
124a8ac6c258d847b1589182d05f562f94643064978265c4b58cfae72e75ab29c9793d8c5fac3aaf019befe01e3a708b2700082bd4be1f86f62598a97afae1e3,CLEAR,DAYLIGHT,DRY,IMPROPER TURNING/NO SIGNAL,2.0,37.5,2.0,2.0
124af3eb20fd4388557a8e2a2a089ee9c18d82c1cac7f69500d591ec15fd0cab36386348f1b4378aa6a1e9ee5a24fc9a65bdb1d3e9d84d0df5d35b90a467ac76,CLEAR,DARKNESS,DRY,DISREGARDING TRAFFIC SIGNALS,2.0,38.5,2.0,2.0
124afef874c0eecabe8835d11218c7a26be41af48014c4d77e9f36e6849fee9b3a86cb5e5929a76deac287de22e62391f355a135c388739d9b77fb18200886ba,CLEAR,"DARKNESS, LIGHTED ROAD",DRY,HAD BEEN DRINKING (USE WHEN ARREST IS NOT MADE),2.0,29.333333333333332,3.0,3.0
124b2025065118c6784fe9e514addfbc60b89474b2ff528978bd970a01b15adeeae9637837aa6b2c79a2d88961b30c0ead56a346db1770bc821dcf15593d7b16,CLEAR,"DARKNESS, LIGHTED ROAD",DRY,IMPROPER TURNING/NO SIGNAL,1.0,15.333333333333334,4.0,4.0
124b354c53956a765afc12165ba1dd4b8cf2e20f8dcc9d99065e6f591a2695a3684f45ddf0aec5b6f15fec81fc9913ac258174a34b094699beb253d14c5fb250,UNKNOWN,DAYLIGHT,SNOW OR SLUSH,IMPROPER LANE USAGE,2.0,61.0,3.0,3.0
124b5561fe95cbf5a75e9f596ed026c34eab1b92f35acb8b8f03f9c7785e00305eeec5d941b7cf3ccb9f251897d6dc8238494522f9f9212c66ed6fc756747158,CLEAR,"DARKNESS, LIGHTED ROAD",DRY,FAILING TO YIELD RIGHT-OF-WAY,2.0,32.333333333333336,3.0,3.0
124b738aa6d28519078200d6ea34042b2ffc7092308c7afbfaa451ea825d04cf1a5697ff68dd93e3daf8bea0584da41d38fda494f2caee1526dfd65b1921d9b8,CLEAR,DAYLIGHT,DRY,FOLLOWING TOO CLOSELY,4.0,26.4,5.0,5.0
124b8ba3368864ea789338fc9d21b55050c186b0fdb6d4a34868975c357514a5fbac75a1bb48b671d51400313c266db7c856a6feda102f5230d23cd2b971792c,CLEAR,DAYLIGHT,DRY,DRIVING SKILLS/KNOWLEDGE/EXPERIENCE,2.0,23.0,1.0,1.0
124b8f73ea2389b7ff73151f2eef9c5c873f8f982b2ca9429af4dce8d177fd56b6a6479cd89884810c3ff3696fa234b3f466caa7f1cc32419fa5fc6594450691,CLEAR,DAYLIGHT,DRY,FOLLOWING TOO CLOSELY,2.0,43.5,2.0,2.0
124bc2d2e96e435df23939ac364bf8037ef3dca543327acb636431b06c92e7630e59d8419d0b79c08cc0e196c8dbd06d36855b29da967a58ad011e97acc3db35,CLEAR,DARKNESS,DRY,IMPROPER TURNING/NO SIGNAL,2.0,35.0,2.0,2.0
124bc959d5deb88ed0594811dd9785161139dc524641d6f10136787c6c2c00a7f95d56bb1a82f4a170675ed85815ccb126cf534f119d0f6f41eb1df1428f3a70,CLEAR,DAYLIGHT,DRY,FAILING TO YIELD RIGHT-OF-WAY,2.0,36.333333333333336,3.0,3.0
124c456e93567d0a66cde25666fa6c3925bda8d79020be0447396b668704656532b476d54ce7c9323e28446a994f6fe0c52c9781b03787f667f98cd2502c38c1,CLEAR,DAYLIGHT,DRY,IMPROPER OVERTAKING/PASSING,1.0,27.0,2.0,2.0
124c4dd72e2d03df4f6d961878145d71c70fbc0b4e2fa9e17d08c91771a2cddc7e2b7683309f0066afdda81ee97b382b423cc54fa8d930573b8082d702c1edad,CLEAR,DAYLIGHT,DRY,FAILING TO YIELD RIGHT-OF-WAY,1.0,39.5,2.0,2.0
124c899e65c7d23146bf060ceeef98792ea84a53a856441bed2a403a83623394dd0e7fe5b4b476577708f7501664b5044772a643a87bd88c9d90545a6c1a72af,CLEAR,DAYLIGHT,DRY,IMPROPER OVERTAKING/PASSING,2.0,32.0,1.0,1.0
124caf9f34d57d7df236d9f1bd4b636f522d83533b0fe4fca32656b4d6d70845cab77fb2f66bde2bdf4418e4cd48241247568c9b6301ba2d561463f0a5d93d30,CLEAR,DAYLIGHT,DRY,FAILING TO REDUCE SPEED TO AVOID CRASH,2.0,39.0,1.0,1.0
124cb41e26f13feee134ad7f6860eedd312c31f9789bc888d0902dd6383e7e96d36f2398b5b93ca8f2c4d8da4b8bba29fa5f989b04dbb08773505e0a23ab7d6b,CLEAR,DAYLIGHT,DRY,IMPROPER OVERTAKING/PASSING,2.0,56.0,2.0,2.0
124cc2d1d1a4415f2cb8bf47531941c2c3bd41e7a2edc3acfc03b2c582711df73758fa20b7a3240f147fda352ea24183d25eae8165659e6d4523bc16c9353396,RAIN,DAYLIGHT,WET,FAILING TO YIELD RIGHT-OF-WAY,2.0,42.0,3.0,3.0
124cef44e2d59067bc5844e96d14b0f11dfbb166593469a12829c17b8393c0249520b8eb89ec13883301e246f63f23dc9bc73b0cef83f5ce035640d515155bea,CLEAR,"DARKNESS, LIGHTED ROAD",DRY,DISREGARDING TRAFFIC SIGNALS,2.0,29.666666666666668,3.0,3.0
124d0f3383bb7baf92db80506723aa06e9058c6a270706ec47ac613081642cf784205ada68af6352b54b2c1c0620cf4699239009d79be36e0aabae00a020fb52,CLEAR,DAYLIGHT,DRY,DRIVING SKILLS/KNOWLEDGE/EXPERIENCE,2.0,37.5,1.0,1.0
124d1eae32213add5033d6180b188ba671e97a66d5705bb2bfc3a2dcc992d1accc545daa0464a72c06bbf2cc2512baf3747ef6c0805b6d71f6fb2017814837c5,CLEAR,DAYLIGHT,DRY,IMPROPER OVERTAKING/PASSING,2.0,53.0,2.0,2.0