crash_record_id,weather_condition,lighting_condition,roadway_surface_cond,prim_contributory_cause,total_vehicles,avg_driver_age,total_people,total_injured
124d28a1bca8b7e84017ae81aaf640eb30551f87d00d600a28251d55af6f9394965063895087626aacb233dccc1ba1d1b42b0ac126e4c0a7af8d2b4dd8c810f3,RAIN,DAWN,WET,FOLLOWING TOO CLOSELY,2.0,26.333333333333332,4.0,4.0
124d304fff0ddb97b8a9ef41ca3510d0529a15876daf5c70a658a88b1fba1ec65b27666139606b51a1adb9ba3cf97798d4ed4fae5dc3e69d340d0ae4b14a2854,CLEAR,DAYLIGHT,DRY,DISREGARDING ROAD MARKINGS,1.0,25.0,1.0,1.0
124d39ed9058e06892cc73c03ee28ed9c956af2d80a76049a40a8aec90081fbd29525b56570d52378588190adcc986133014eab0aab92193cf0bea3890515fc6,RAIN,DARKNESS,WET,IMPROPER TURNING/NO SIGNAL,2.0,37.5,1.0,1.0
124d437e4a5ac72d3e0a8194a62f97ba6a34def860da7c0a1a07202d70ab9d044e295a2ccfb027acc4107b10bf6fc372f715996b9ab0fcc4cd75e1c8ac49e3f8,SNOW,DAYLIGHT,WET,FAILING TO REDUCE SPEED TO AVOID CRASH,2.0,37.5,4.0,4.0
124d8f82229231addc07b3af9ca8ceb19d42c034ad793adefdb0c109d1b70a2488abb7cce4c9366fbe3749d8d1c3f365c496b78318040bf71ef7fe5fe88b6bff,CLEAR,DAYLIGHT,DRY,FOLLOWING TOO CLOSELY,3.0,48.0,3.0,3.0
124d9e0689a3d35522ff16a6cdcfafc3444152715241f2f3416edcff6ef7a970508b088306953bb0a72fbc14a213723d154aee60f5d00b00a33e7a7b6f244217,CLEAR,DAYLIGHT,DRY,IMPROPER BACKING,2.0,37.5,1.0,1.0
124da4b17456355ab91e4b021ace9831d2e50f21c5cbd2a37f59b6edc50025f0d33c321e60544c6b4f983bfb457bcda5b54d564a66c456ff4e05969ec7d978b9,CLEAR,DAYLIGHT,DRY,FAILING TO YIELD RIGHT-OF-WAY,2.0,26.0,2.0,2.0
124daa1f3adc0714c969b94b391a2ef38cfbfb1dc0ca94efaed141ea1cbc29abb6af7a976f8c50179d2aa100bb238eaba58318a5c70b98bbf3383e363e0f1253,CLEAR,DAYLIGHT,DRY,IMPROPER TURNING/NO SIGNAL,2.0,58.5,2.0,2.0
124dea0cbe4960a7cd20a65ae0353b5c53b0c355a350fdfcbe67fda21b29189a18e32d9f2d285293eaffa17084fd8a4845ab9048386a4313ec6b7ddc459d7663,CLEAR,DARKNESS,UNKNOWN,DRIVING SKILLS/KNOWLEDGE/EXPERIENCE,1.0,37.5,2.0,2.0
124e0b725dd113f533d77f5287758d78b7338658077cb972325d12beab65f187205159153e614472522b076fcf98e41d88714602c5979073ae92fb4237a550a7,CLEAR,DAYLIGHT,DRY,IMPROPER OVERTAKING/PASSING,2.0,46.666666666666664,3.0,3.0
124e24f939e590cf413f080fe28a240f27da7b71441ca15d0791996471df9c83e937b42e82e8faa525d722333f75e039dffa3e471e2ee7f43a0b355a3c47242c,SNOW,"DARKNESS, LIGHTED ROAD",SNOW OR SLUSH,"OPERATING VEHICLE IN ERRATIC, RECKLESS, CARELESS, NEGLIGENT OR AGGRESSIVE MANNER",3.0,29.5,3.0,3.0
124e3120de804fba712ba0eea04386223e8ab1d257ad00200e77554eba4c53ef049b92ba85e3c0edb1f89239c71121dadd47894417b0c4f10b431065ddc4e8ca,CLEAR,DAYLIGHT,DRY,"EVASIVE ACTION DUE TO ANIMAL, OBJECT, NONMOTORIST",1.0,41.0,1.0,1.0
124e47cf4374590c4507e5b342bef46b747d7772a146a8cbafd1df09e4b8b0dbbae50db9ed8989f87988363989e53dd0585574dfbd9beb5a327a96af95afb8fc,CLEAR,DAYLIGHT,DRY,FAILING TO REDUCE SPEED TO AVOID CRASH,2.0,42.0,2.0,2.0
124e615e0c0d1efdb1a710b5c30cbd765e1bebe896ecb799ec31f582a734fd9c1409985a76346654a1d860e40cb96bec648bc6604d7b04376bd5ca604db15cb2,CLEAR,DAYLIGHT,DRY,IMPROPER TURNING/NO SIGNAL,2.0,55.0,3.0,3.0
124ec1c2ff5f3ebd130f97e4bedf5a98f04407542b3d32d4b4ac45ef14ec14f15f73528d20d06a3740afb8d9248ab070b2f39468d8ef7896662a13b4c85b90c9,CLEAR,DARKNESS,DRY,DISREGARDING TRAFFIC SIGNALS,2.0,68.0,2.0,2.0
124ee14257df7a2e35f9f5f06e7dcff6252945015e60aa7ad938ffb801611c6000b30cf85f3d81f2620d79670bd9938ff535e36783a770768f4f6242fa562b27,CLEAR,DAYLIGHT,DRY,FAILING TO YIELD RIGHT-OF-WAY,2.0,28.5,2.0,2.0
124f28e1fced6dfb5355608583c50d8ce0bb3b7d36cc625cca70554c666016e8606070a0466bf931374f4bea41865cd236ef7fd851a9dbce8b5be6edf92cafa5,UNKNOWN,DAYLIGHT,UNKNOWN,FOLLOWING TOO CLOSELY,2.0,58.0,2.0,2.0
124f3010d5298ef5f89f3cc083329c5a7c03662e00857d4a17342bf707bdd0ee687394dfaf8bae4387624f1f71f894e7f0591cfdb80e63b6f391ba8275619ba3,CLEAR,"DARKNESS, LIGHTED ROAD",DRY,DRIVING SKILLS/KNOWLEDGE/EXPERIENCE,2.0,44.5,2.0,2.0
124f5a40c6e4595698f95b84be32ed6c6262e5327f16760ebc58589e5b3e6ae1969753328964f5602a9a3940aec88b3b596009444c0247f3e1b4812eb19d7c75,CLEAR,"DARKNESS, LIGHTED ROAD",DRY,FAILING TO YIELD RIGHT-OF-WAY,2.0,17.0,5.0,5.0
124f6000a5c4346d06bd0019e4c54449154d3973fdb32391256df861dd8f4d430d9e35652276aee746e0b80eb2bffa89338d9f4c744d94c69ec8c464064a926a,CLEAR,DARKNESS,DRY,FOLLOWING TOO CLOSELY,2.0,37.5,1.0,1.0
124f660ddb7d69ade8e0c0901777046ffcd025a2251a3fc5101d25c3fd4a73bdda9b1def52ee4ea145028ccd08cfe3455db9fbb53f93ecea12ada63d5f2eb3a6,CLEAR,DAWN,DRY,FAILING TO YIELD RIGHT-OF-WAY,2.0,33.0,3.0,3.0
124f6bebec826735d9d502fd12204a086934bb8488d42d1db9a020ec689c0e501c10bc9e3b42b7e68f993adf99438ec758013b36788290a001b5b03b89679cb1,RAIN,"DARKNESS, LIGHTED ROAD",WET,IMPROPER TURNING/NO SIGNAL,2.0,30.0,2.0,2.0
124f70e9ae3dc038da3101a5522a77f66bd789515d1da21fc0d2a2bfc8a5647cc54a3f508c7f557639b1f35ddc3859454e479bf3c86a8fd98a393a2b80d213e2,CLEAR,DAYLIGHT,DRY,IMPROPER OVERTAKING/PASSING,2.0,27.0,2.0,2.0
124f79ab665437ff6206c828379df63403c137b1828c46179129d4e1ac4685a0ca6fde2de3128979f43f366ca25ca2944fb8381206e071ce9c9e67c128aba035,CLEAR,DAYLIGHT,DRY,FAILING TO YIELD RIGHT-OF-WAY,2.0,45.5,2.0,2.0
124fdc72294ea9673b33da010c699658fc3c34c7514995583fdb152ac8a4a989016d82077d3b61bbba812fd6e6395db74c791600658c99611026f34503404565,CLEAR,DAYLIGHT,DRY,FOLLOWING TOO CLOSELY,2.0,0.0,2.0,2.0
124fe99e85a092bf47b423b7669b27ea2b94acd9117ec7c4d3adc051e166a65166db6463b22a586a537172e915c53545aad13e4f1f42c2c709d2878cdfda73c4,CLEAR,"DARKNESS, LIGHTED ROAD",DRY,DISREGARDING STOP SIGN,1.0,10.5,2.0,2.0
12500294943dc4902ccf2c22d0ee291758ab89bf5d3ee83a6a726bb3d885ab638462ed6f96b51d381a5b984c4fd23c378f86fa5182e505bc8219848abf4b1696,SNOW,DUSK,WET,FAILING TO YIELD RIGHT-OF-WAY,1.0,77.0,2.0,2.0
125097fb6ed97dd6796a060b96eed28fdb363357698bb315b0b0def204906a655987bac59e30e04bb4c4ec20cf530a78315f01ad6957084ead176c3d2b001c42,CLEAR,DAYLIGHT,DRY,FOLLOWING TOO CLOSELY,2.0,28.5,2.0,2.0
1250d186e26c75f6385c37a617ca1d94e6b0ea485c9297813b42e2ad20f567016cd8879229019eee315f1a4db99bef36aeba39a235734a1031ddbea6ddbfb655,CLEAR,DAYLIGHT,WET,FOLLOWING TOO CLOSELY,2.0,37.5,2.0,2.0
1250e36723c6c3f332e7b69af8def17adafb0c81a97062a7984efb840959f1460d9bc832eb4ac85d348b30973bef022dad1cce780a2b1c3e2170586640532a39,CLEAR,DAYLIGHT,DRY,FAILING TO YIELD RIGHT-OF-WAY,2.0,26.0,2.0,2.0
1250fd7f5632bab6e94116c19eb24f6e25471f8a763b126565b5ed4e81c4929544f866820c838d36438c4c21924c48ba079bcf3f706ea3d6827536998b747b2d,CLEAR,DAYLIGHT,DRY,FAILING TO YIELD RIGHT-OF-WAY,2.0,54.0,2.0,2.0
1251105ff31bc8dfe203805c7ad1adf089ec1eb8fd7017e4b8815675154513a72d82c41d81270413371d3e0ac6b8f72e16df4c7dc6980d42d4667e3dca87b997,UNKNOWN,DUSK,UNKNOWN,DISREGARDING TRAFFIC SIGNALS,2.0,43.0,2.0,2.0
125117a6f3193bb2aa070432237c5d0794e3617482ea3ae0e885fdd908e4254b7218aca96596f23e9651a3c85b39ef2ef093084b11b70725fec5cdc547096b5e,CLEAR,"DARKNESS, LIGHTED ROAD",DRY,IMPROPER OVERTAKING/PASSING,2.0,39.5,2.0,2.0
12511ca52279934fe562d29aedac14a97c7298059e36f590597604916f7af6edbe8a1365a90877342f9ddf1dc098550adc672f44e66e2a37c5d3998816ea7cfa,CLEAR,DAYLIGHT,DRY,"OPERATING VEHICLE IN ERRATIC, RECKLESS, CARELESS, NEGLIGENT OR AGGRESSIVE MANNER",1.0,27.0,1.0,1.0
12512ed94dd275ecab6e5415fb83d9eae2ad13c7cbbb5e26c854c26b38726c6e2580a318899661b712d7be1d41c9fadfe55c228243ce93343e607de4a020ad7b,UNKNOWN,UNKNOWN,UNKNOWN,DRIVING ON WRONG SIDE/WRONG WAY,2.0,37.5,1.0,1.0
125145f8ffe9395ac670dd1e936e91c88934b266ab938285c8374177a6f0e33411fc56c4402179ee2cc7b3a39f28bc1985afe01462676c3113f0cce13ae19423,SNOW,DAYLIGHT,SNOW OR SLUSH,FAILING TO REDUCE SPEED TO AVOID CRASH,2.0,20.5,2.0,2.0
1251497d40c05722ec5d51dcd2a6abb155a37faebbe2d2d5dd408f3233b5d4faf797f781c200629e9cd341bd40863b238730cc91e7ebd23a43983e6fc57df3df,CLEAR,DAYLIGHT,SNOW OR SLUSH,WEATHER,2.0,37.0,1.0,1.0
125165f4f8560d52133aac71723afcafa3f66ada282898a267064e25a447939ec9f8460a15e110a8e7a1a94664aeb8a1537e5b40aee7fe15e79c5c163e574440,CLEAR,DAYLIGHT,DRY,IMPROPER LANE USAGE,2.0,22.0,1.0,1.0
12516de6b2d9e47ae31cbfb625a70fc2d59c082eda18c1f1b6905f08f9d213bcf9bab226d5ddac2f2f266fe24e3850c2a11be813dd96d99673b41113482cb004,CLEAR,DAYLIGHT,DRY,IMPROPER BACKING,2.0,39.0,2.0,2.0
1251868b516bcab28594c1ed17862ad21027e8753c9aca1dcce4fe3135513f93bc98bc7adb8ee8a31eff3271057fb5e3e5698439c7988f648db980fdd1cdaa30,CLEAR,DAYLIGHT,DRY,FOLLOWING TOO CLOSELY,3.0,52.5,3.0,3.0
1251bc8acf861ce384a2945f05b1c12356254cb22d6bb14caa56d7eb446cb4c7d3b830d82ade0bac1d3a1abf325acce00a6ae514175e2bb617b7ea234ba2e414,CLEAR,DUSK,DRY,IMPROPER LANE USAGE,2.0,54.0,2.0,2.0
1251c7056ab8b81fd1d08deb0d46a7cce79237400d2293df623fdd67b4734e291192cc50199495db750e05532e91ec3ec414496cabd466518f498a7f3dff2603,CLEAR,DAYLIGHT,DRY,"VISION OBSCURED (SIGNS, TREE LIMBS, BUILDINGS, ETC.)",2.0,51.5,2.0,2.0
125205dca7d8251c3ebb789138e52bf2337ab91f8d2e9b99b8e88142e80198449eaed0e406862b3cf65cbf820688d06a453cdcfedddb72d6358662b1dc574d64,CLEAR,DAYLIGHT,DRY,FAILING TO YIELD RIGHT-OF-WAY,2.0,67.0,2.0,2.0
12520d448185bbd163b5be347286a62e974bd9e3f896941d82e2bc1f13fdbc124c709d99b093729c5e66bbd7a250b37bc3d78769dde68608a2d3b39ccd9d03cc,CLEAR,DAYLIGHT,DRY,IMPROPER OVERTAKING/PASSING,2.0,29.5,3.0,3.0
1252127277e8ea5eb81d9b310b1fab8707ab6b3ab992c10400f5d36bcf2ce3525da2d32b4108dc6ce6332d77c6985688463655247f8d3bda865c99f350515733,SNOW,"DARKNESS, LIGHTED ROAD",SNOW OR SLUSH,FOLLOWING TOO CLOSELY,3.0,16.333333333333332,3.0,3.0
1252192e2339c8e4459bc5ad33b10300bc74e9836c86d9c79edcfeecc33fb6b7df7ab0e0f85b8d795f44b2c5692555e029f82aafb50bc928b4eb0500c0fa2b97,CLEAR,DAYLIGHT,DRY,IMPROPER OVERTAKING/PASSING,2.0,21.0,2.0,2.0
12521cb05ec8e755dca295a24621b2ca688ecf5bd85458d75e0676a80df042e3e10ef0e5ddc0413009d060ff48edcf2ef3017776f570026851068f1e8070d8fc,CLEAR,DAYLIGHT,DRY,IMPROPER BACKING,2.0,35.0,3.0,3.0
12525593db8f9b1b3c4505225491d20bcf5ee2ee0599e9acb95ff831db4508917994ce856232c4b81ae2d614a6c2d202e1448841e017bfc2e47a4ba6b64a3c8a,CLEAR,DAYLIGHT,DRY,FAILING TO YIELD RIGHT-OF-WAY,2.0,32.5,2.0,2.0
12527e9c82ecd2478eb197e15ca9e7ea86d0776d0be4d251e35074d3fd768ab1bb42d6a1d8c5f100760d6d3857c75ac7d6da6144194555ccaf2df80104b728de,CLOUDY/OVERCAST,"DARKNESS, LIGHTED ROAD",WET,FAILING TO YIELD RIGHT-OF-WAY,1.0,69.0,2.0,2.0
125281f10ad2df5e1ba84bf781fec33f99963ad103cf1208c2a5746e8c23aeca35ba6c5913a1fe0e9633ca6b49f75924239a73619b406becc270f33af0b28254,CLEAR,DAYLIGHT,DRY,DISREGARDING TRAFFIC SIGNALS,2.0,43.0,2.0,2.0
1252b1dccb18d80220f0aeabc40d270ef86485a6a84f2a4f68e45a8d81fa40f41a2c1d1959de7dc45c2a54968015e2c3f65771f684f44696f5a2524dac6683c5,CLEAR,"DARKNESS, LIGHTED ROAD",DRY,DRIVING SKILLS/KNOWLEDGE/EXPERIENCE,2.0,32.5,3.0,3.0
1252b8a5892c798d3ec6811a3dbb6720e7f9bf16e12c7ed069aa639a545fdc3feb3dc27782d98d191cd21398dea7f53cffb5bdd4416306fa45375171f54fd38b,CLEAR,DAYLIGHT,DRY,DRIVING SKILLS/KNOWLEDGE/EXPERIENCE,2.0,42.5,2.0,2.0
1252d84b8c2aea57c62fbc8928cb1c7d99dc335a5a3e059736bc3c24f26487b84057601b6442334f63c078741524fdda1c2d7ffa1d99b24a885790371ce181e2,CLEAR,DAYLIGHT,DRY,FOLLOWING TOO CLOSELY,2.0,50.0,2.0,2.0
12530fba2ce1d56698b0cfaa396e9319f430e04cd5fd561a73362ce3a85bcfe251249b0c2e6edc16b73356430c29be71597265392341e3e15efdc43b1a6ead76,CLEAR,DAYLIGHT,DRY,IMPROPER LANE USAGE,2.0,37.5,1.0,1.0
12531decd065aa054b6805aca8359bf6a88a52cfbfa11acd51e89fd4a35529ef7bb73e2594567bacb52c72112dd6ae1fbcc4214872a0b247ea347e17f616abc4,RAIN,DAYLIGHT,WET,EXCEEDING SAFE SPEED FOR CONDITIONS,2.0,36.666666666666664,3.0,3.0
125356453b685cc2575d86fd3802165f715ee72599f2d693b9b78e3ffeebed20b666859e198ea89fe143bae2677a6db3ac6340cd817fdc8941768e2761dc5b69,CLEAR,"DARKNESS, LIGHTED ROAD",DRY,DRIVING ON WRONG SIDE/WRONG WAY,2.0,37.5,1.0,1.0
12536949098632644b4070499080d3d09a7e364a9b9cf4af318c299793dc6f5b5e7e9770453d34baa7f3f49d07898b21372c59e0b234ec2499660c7b9c4b732f,CLEAR,DAYLIGHT,DRY,IMPROPER OVERTAKING/PASSING,2.0,37.5,1.0,1.0
1253cd5685852241fe47031e68d974eb51ec6addb86449a8f23d03af81f0a0a35bb4805e2361a065f19fcf5943b84b0547666800e4d330ae989252bc2e93025f,CLEAR,"DARKNESS, LIGHTED ROAD",DRY,IMPROPER BACKING,2.0,36.0,2.0,2.0
1253ea89415b8e62bd8d195ebe356690708f747457c8db87431fce52eff68557941d89d30629fd5182b52cf35eab3a7e88b6628c0c54edf7cd72e874a1955bd5,CLEAR,DAYLIGHT,DRY,IMPROPER BACKING,2.0,81.0,1.0,1.0
1253f1943745e3d62119850ec35662fc7cb11ae9d85e0a6e2401a0837ff08c8ad84b13c165b2e0ed97c1be2be7912bee1934b28466d9ab3571b0466bdd67bd6b,CLEAR,"DARKNESS, LIGHTED ROAD",DRY,FOLLOWING TOO CLOSELY,2.0,32.5,2.0,2.0
1253fc6bc8f9992c400dc36f4a9b062758d7042794fd6984ffcc64353a08d0915b7fc53a9466f8f0597c40f591479b7c225a3b3267bcd4d3f5cac039cef676aa,CLEAR,DAYLIGHT,DRY,FOLLOWING TOO CLOSELY,2.0,44.0,3.0,3.0
1254191ada33fc5d5f0703f02d29192c653e026d8aa5be476c52735d63fb4062017e41d87924d3542a7e2fd6aa2dd41a96db0cee2e81c8fa79217e7a330253a2,CLEAR,DAYLIGHT,DRY,IMPROPER LANE USAGE,2.0,30.0,2.0,2.0
12544e35f6eed83b3789ac749a53d8380c88c0f92102145d91790589122293d3538d14ceecd15916ec91599bf7a3ff1283a60e83b0f74923c8073505a7fbb71d,RAIN,DAYLIGHT,WET,WEATHER,2.0,40.5,2.0,2.0
1254a73642842d3cc677555a804779e79f7b02cec34fbb0d1c58270748862c1923303139e9f52d3f73a7183d64f401391617718c3635afa3e41d0d487daa434c,CLEAR,DAYLIGHT,DRY,IMPROPER TURNING/NO SIGNAL,2.0,36.333333333333336,3.0,3.0
1254c028c09e3ce305d209ea16a1a0a95c96c33b70ab6cb5ec0dacd2604bc1c2f5b430377743a9dc35980c396e7f1cefd638afab1a050da88acd09ab95bd0efe,CLEAR,"DARKNESS, LIGHTED ROAD",DRY,FAILING TO YIELD RIGHT-OF-WAY,2.0,25.5,2.0,2.0
1254c0d158850b601765bc9869adeb4029e34aea6d05c3e16092ee5da23f1838686589919f41583c8a7c1fb3317eba9ce368d5f96871b774078cdbd278782f70,CLEAR,DAYLIGHT,DRY,DRIVING SKILLS/KNOWLEDGE/EXPERIENCE,2.0,37.5,2.0,2.0
1254dda29ba8e613d96585cbe7f19b8ea29a778b71655b2b9c9b87ee4213d95dcab5ed2fc05c8162393834dd916f146da855018767e58bb61c05bab1db0a8372,CLEAR,DAYLIGHT,DRY,IMPROPER TURNING/NO SIGNAL,2.0,45.0,2.0,2.0
1254f3dd850d4eca83b61b60551f92abb49251c22dace045332390377886237fd80febc629b56a819db23d03f628f0b95ff7949df01a6c57e5622096f422ec07,CLEAR,DAYLIGHT,DRY,IMPROPER BACKING,2.0,54.0,1.0,1.0
125503c775fa2cd02f6b51b061ce7f8e29b2a843b98fe91d537b4b20ae84e8dbcc3f17a214abf0ac4fe87f692abf1efbee8fe530bebbac33d49171782e4e0bdb,CLEAR,DAYLIGHT,DRY,FAILING TO YIELD RIGHT-OF-WAY,2.0,59.0,3.0,3.0
1255296d7bc2bc23fb71f323f01a88d9a6960f2ef20fd952617293a50631bc05f9f101410b83b8928339b16b5093778f3ee7c3359ca4202db964f57d1fba9628,CLEAR,DAYLIGHT,DRY,IMPROPER BACKING,2.0,31.0,2.0,2.0
1255562c425341373e488d3ffc3460312539f9c2b16eb86447617deeac1f4f0641949f4095b9734f910be48ee20c2b94bb36119edfa18c608c1e03420801f5df,CLEAR,"DARKNESS, LIGHTED ROAD",DRY,DISREGARDING TRAFFIC SIGNALS,2.0,30.333333333333332,3.0,3.0
125585819f804354ff374d842980712c067e1775807af546149b28065da90a5043e4aa1f0c789e054ead3d6d08f02b1f35503b542ae0f7d97a573c44f692a512,CLEAR,DAYLIGHT,DRY,EXCEEDING AUTHORIZED SPEED LIMIT,2.0,37.5,1.0,1.0
12559105b1fc33fcfb88ca9ab0be49d9b39d57184df7d1a67fb631d932c14efeef1a5bb19ac2f3e19a063b6c656aa94e49fb81fcd710242d2a7b98bd647dfe93,CLEAR,DAYLIGHT,DRY,FAILING TO REDUCE SPEED TO AVOID CRASH,2.0,59.0,2.0,2.0
1255d01a8751274bf81cd95f2388b8bba527c9c9f24bf6795547e45aaf11cac2fda58289cc783113d4e8959f09efef81556b36e79ed419bd2f722fd90b1ba902,CLEAR,DAYLIGHT,WET,EQUIPMENT - VEHICLE CONDITION,1.0,21.5,2.0,2.0
12561409219ca7cb0198c05503f515f27fcede3b6f0976e83dd56837acd247b50e44f1ca9f8317d6e2426f5d50e01dbd029dd20f23b32439ef8ab910c39ef60b,CLEAR,"DARKNESS, LIGHTED ROAD",DRY,FOLLOWING TOO CLOSELY,2.0,24.0,2.0,2.0
1256400ac96ce458064b8a2775afa39eff6233759269fb9d6537283b45723183969e3514c1529a69027c80dcc91d6ede5e6478047d0772131c71507b77051dd1,RAIN,"DARKNESS, LIGHTED ROAD",WET,IMPROPER OVERTAKING/PASSING,2.0,26.0,2.0,2.0
125652ffc53a6988f5ded8149389d67a44b9f59302d36fda0431cb4ff8ea611438c856fe4780978e7eff68a211291a46aa50b82e4848328eaae0aaa2d8c70adb,CLEAR,"DARKNESS, LIGHTED ROAD",DRY,IMPROPER LANE USAGE,2.0,40.5,2.0,2.0
12566747ebbd1cf8e36f1248050c8dfabdfa431ec33ab3074212806f491849d86410ca249ed207e2b27443953e8e53222eed812c8171a5897b8959ee25519839,CLEAR,"DARKNESS, LIGHTED ROAD",DRY,DISTRACTION - FROM INSIDE VEHICLE,1.0,34.0,2.0,2.0
1256a62795f29c3013ccb9eaf34f117de971dd16650428c8c6659b91140a46c8d0e3c1b8a518f033d86f10fe753399a66dcfe5f84ba3ab8b6fc5cb822bdc287d,CLEAR,DAYLIGHT,DRY,DRIVING ON WRONG SIDE/WRONG WAY,2.0,24.4,6.0,6.0
1256c29206d2dab7d85f4352eeff6ea807b1dbd2ad4053a8770f07696ac8746b5f89789c98b8aea16deeaece4cb004e5e2d97d0b3dd55a0be025aa30bbc28b52,CLEAR,DAYLIGHT,DRY,DISREGARDING STOP SIGN,1.0,29.0,2.0,2.0
1256c4c710da11c1685049529c644cd29549c3f8008bb79b81463d55a0820b3b7515d7251cf78d37c68f054335b6e2ba97403dd5a8f7a710bc3db91a277f2f37,CLEAR,DAYLIGHT,DRY,IMPROPER OVERTAKING/PASSING,2.0,55.333333333333336,3.0,3.0
1256dc7a01b73324c50c9e9c05181bcf284b15e4e2295c42a3ecf41846ca3d0a61b7749239bbca277ed0e3b5ee096f7ee171bc282957a96a863cd035b6ed1275,CLEAR,DAYLIGHT,DRY,IMPROPER OVERTAKING/PASSING,2.0,29.5,2.0,2.0
1256ff663dca45724b0462b6f391c8e5f24a8bc10d72dec38579328e3d85bacf33ea0a92aa7e6e35085723183bef6aef508326c279b3900fcafcb00b94f724c4,CLEAR,"DARKNESS, LIGHTED ROAD",DRY,DISREGARDING TRAFFIC SIGNALS,2.0,34.5,2.0,2.0
1257118e890e6d9e8911e6ff526786b1e1889a868b74d0c15cc9cc82708e8ced1f040eda13cc58fc386306aab031aa0f7a05038de7044627a2864ca68ce8985c,CLEAR,DAYLIGHT,DRY,"OPERATING VEHICLE IN ERRATIC, RECKLESS, CARELESS, NEGLIGENT OR AGGRESSIVE MANNER",3.0,30.5,12.0,12.0
12572ced25df7ca7052d9d3944133fb29c8b365ba7bfe41818c721300411868e99b762498ac971eaf1465d7ff671a224f19f91e31ed33f6d585ad9c20b75eeaf,CLEAR,DAYLIGHT,DRY,PHYSICAL CONDITION OF DRIVER,1.0,24.0,1.0,1.0
12573c7b6709a6fc566381f1dc5e2382214db917fd99e504550b5f64606f658008e5fa76e1513b9e774321ae8bed9734695ceaa92b9be7afd88c91308e205507,CLEAR,"DARKNESS, LIGHTED ROAD",WET,DISREGARDING TRAFFIC SIGNALS,2.0,38.0,2.0,2.0
12575e92489ef08bd705cd02e5612a64b1ca9112ce6acae8a72bf63810d57218248dcb8b10e38469f5a83333c63161880065eeaa64a9b8366853dd03cc8c3452,CLEAR,DAYLIGHT,DRY,IMPROPER TURNING/NO SIGNAL,2.0,35.0,4.0,4.0
125777f7ff4619cb5a555de2e644e3718348b7b3124f8f510482e7ae0953315a6fac8b140f3f9984974202ddaae19f15e6462f91a606d178ea6ece83a0efa65e,CLEAR,DAYLIGHT,DRY,FOLLOWING TOO CLOSELY,2.0,38.5,2.0,2.0
12579080a1c57608ec074f2e3cadf204d8ddda4de3998d5e0bffce27852a5bae0ad4e49310c7580cc92b88fda0ce5f2a9b59304e1f90047cbb2344eb6ac16547,SNOW,DAYLIGHT,SNOW OR SLUSH,WEATHER,2.0,27.0,2.0,2.0
12579c396d8585ac9d5da0603447bfeea24b6aa3d493dec1f245d311e92affb7c97b1c430f6f499cbec4d044bb12b4530443155552244e0985650a23649f1022,CLEAR,DAYLIGHT,DRY,DISTRACTION - FROM INSIDE VEHICLE,2.0,28.0,1.0,1.0
1257acf63a0280e741c3041bbb7fefc1c63646b37141dde07986626bf4f79b8c2cfcbe79547d9e170d073d35534f796c1d460445fc611e3cd868048c4c40511f,UNKNOWN,UNKNOWN,UNKNOWN,FAILING TO YIELD RIGHT-OF-WAY,1.0,21.0,2.0,2.0
1257c076670a627a57d9437e9976a5e827fda4873d8a0b30b12f87b33e6840d7efb76a697c8ecb3707b75da2cfea4293776e9a88e7227ea5072154685cd805d9,CLEAR,DAYLIGHT,UNKNOWN,FAILING TO YIELD RIGHT-OF-WAY,2.0,29.0,2.0,2.0
1257ccdc8317fce66a8fb526914f34cd99179f4013b18ff1a5c4dc8c9383bfd204a4a7187badec97e11a5885015bd742e6f3bdf98bf95ace85f01dd23b5ffb5c,UNKNOWN,UNKNOWN,UNKNOWN,FAILING TO REDUCE SPEED TO AVOID CRASH,2.0,37.5,1.0,1.0
1257df98698b5c1372ec61b876d170aa7c211170d80ba1288846a9454812bfe275a894de97e3c1f10b52cef0c4ea4b31f9caf37359b7b5d2b8be88b5f595ca13,CLEAR,"DARKNESS, LIGHTED ROAD",DRY,"OPERATING VEHICLE IN ERRATIC, RECKLESS, CARELESS, NEGLIGENT OR AGGRESSIVE MANNER",1.0,37.5,1.0,1.0
1257f4cac08e7c5bf7305c1a2dd00c7982fa9c1dacd3cf756d8a4a375e5f7f9f11d2ababf52aaad7bc4ac91edd4b134ef89edf515d9a410eb36bc2830d2a70f0,CLEAR,DAYLIGHT,DRY,IMPROPER OVERTAKING/PASSING,2.0,37.5,2.0,2.0
1257f78750f3f18440de1f75e1a4ffb73de614f16c1dd32179b3ed911b2dc115a44f956e2fe6755073a3ae600e4ef3fe08b739b7c8bcf83c91c01253a779e090,CLEAR,DAYLIGHT,DRY,FAILING TO YIELD RIGHT-OF-WAY,3.0,27.5,2.0,2.0