crash_record_id,weather_condition,lighting_condition,roadway_surface_cond,prim_contributory_cause,total_vehicles,avg_driver_age,total_people,total_injured
12584a09c52ca8c545e2af32086f903542b8f01c87a691070f1e8fc21d3ffbd644398151c0c092571fc7a0b8265dc8954ec970b3806bfabed0025adfc2830e29,CLEAR,DAYLIGHT,DRY,IMPROPER TURNING/NO SIGNAL,2.0,54.0,3.0,3.0
1258797394e449e3f660990312ae66a22359464360b54476c04e7442120feb50133a7cf1af29bc4fe90716c98fb43c772f08a47d193de5067fcb6de914a12232,CLEAR,DAYLIGHT,DRY,FOLLOWING TOO CLOSELY,2.0,39.0,2.0,2.0
12587e18fc5bb0e48b3023c5491cf1132f984f5419cd758991e147b63179938a290d5511c316891e60e1f5bb29e9be755a0b2139c012afb4f0899a639bda3eb4,CLEAR,DAYLIGHT,DRY,IMPROPER TURNING/NO SIGNAL,2.0,26.0,1.0,1.0
12589e9edf70427e5d9892e3afbb4abcdce18eabb89c54b793df8d1759ca35dc8b2deddd5401130cf86e01f36bea134f0ea8446c992c996dcbca6b7b54204bd2,CLEAR,"DARKNESS, LIGHTED ROAD",DRY,IMPROPER BACKING,2.0,37.5,1.0,1.0
1258d388b79f52d38f5c69ad2e3800914a9bc487bae8309eb555831985aeac26b4a55d91c0efb47c29d2629e71eedada1c0c35af03f6f8dee5aa440e2c597d57,CLEAR,"DARKNESS, LIGHTED ROAD",DRY,PHYSICAL CONDITION OF DRIVER,3.0,23.0,1.0,1.0
12590b748c5c4ec6a5c9044e54dfc2da583037d96600b65ac9d860c982de9ee7ca2b94236d5b03027b7b78a6158c91b212c99854cf668287bcada8ae0d7aa158,CLEAR,"DARKNESS, LIGHTED ROAD",DRY,IMPROPER OVERTAKING/PASSING,2.0,41.5,2.0,2.0
12590cc5b0b9b34ae645e976e1aff5d3cf663c64e7cce9a07c1fca8db548d41ade2b9b2f0ffd6fb15b4e41e2f5aed887c864bf3cff55c7701af0e9f79f6bc899,CLEAR,DAYLIGHT,DRY,IMPROPER LANE USAGE,3.0,39.0,2.0,2.0
12590cc9ae37c593c2c6ae561f657a0f56f7a69732fcbe21ec73e9e2d0c10c2eac8358f4379d2aa0b742aea155910d23aeb0ba3e1543e0e86052f24907aa3c2d,CLEAR,DUSK,DRY,FAILING TO REDUCE SPEED TO AVOID CRASH,2.0,57.5,2.0,2.0
12590cd201b40df8e38b9a7295be554dc62bfadcbf1bd28cba813d4b1e3e47acf468e3f04d5a3ef1abff107d371b45f690c650d10dd49975bf243084414fc8c5,CLEAR,"DARKNESS, LIGHTED ROAD",DRY,FOLLOWING TOO CLOSELY,2.0,30.666666666666668,3.0,3.0
125915b1ad95ec2895079dc15860828d1ffedca7a6b247e58209aeebf273e89af642f4593ec42602385bc45702b3e26eb27e3d186681172d85539878b3bad504,CLEAR,"DARKNESS, LIGHTED ROAD",DRY,DISTRACTION - FROM INSIDE VEHICLE,2.0,49.5,3.0,3.0
12591ee577148bb10660a71bab13d695384a0bb33ad7467a7b8bd2297799f12c75e1b38ce17d1b871d76071efa7c0ace03a488113945b41d599e671d11525f97,CLEAR,DAYLIGHT,DRY,FOLLOWING TOO CLOSELY,4.0,37.5,4.0,4.0
12593d5a8328b7d475f36f7ace13479bfdb749c0f8faa5e890c6c29816de828e4d1cc162695df87e1d124712ba708e426f19a388de43598e17c833aa24ca7851,CLEAR,"DARKNESS, LIGHTED ROAD",DRY,EQUIPMENT - VEHICLE CONDITION,2.0,46.5,2.0,2.0
125953b0a11cfadcaa3360acb05f1263836641ad74f337a1d2fb4d60bbe42c34460bcc68182a750d490cb2c74df5a6088805bac55b753a1622ed71c117a34b34,CLEAR,DAYLIGHT,SNOW OR SLUSH,ROAD CONSTRUCTION/MAINTENANCE,2.0,58.0,1.0,1.0
12599a6b2c434ce3abcdc910bb56540fe44ff9f6370f9970e879cb1f9d9b288bd192670841c17bdabccd4e621bdabbba64e42e4b78f311cc7163b7f7faa3f75b,CLEAR,DAYLIGHT,DRY,IMPROPER LANE USAGE,2.0,40.0,4.0,4.0
1259ab0add7ebdaf4ae8721b76a90a1df9579ca4bc76508fb5210f04a5260c69404c481d3e2bb54705f43ec497f9430e279e9e34a8d39df10b071db57c71aed6,CLEAR,DAWN,DRY,FAILING TO YIELD RIGHT-OF-WAY,2.0,65.0,2.0,2.0
125a0f06400f2d8489a4bfc112a78b88bc413ca05c3409c33983b66340581007e1881f8e787e137616cfe02a2b8069222c0525b29579cdf44243b70526f835f7,CLEAR,DAYLIGHT,DRY,"OPERATING VEHICLE IN ERRATIC, RECKLESS, CARELESS, NEGLIGENT OR AGGRESSIVE MANNER",2.0,23.5,2.0,2.0
125a4971e0f8b583416f835364ae45831ac44dbbc7a2e7f023d5b712bc31039849e1fdcfa94c56a93bc343315f231c7d42281debd8260c07be0090cf367f363a,CLEAR,DAYLIGHT,DRY,IMPROPER BACKING,2.0,28.5,6.0,6.0
125a6ed8555f1db992e12f7afc28fb3dd9b7b6afb020df305d61c25976ac762b00665d1d1db929a8028ca7aad2db27f5160dd7b53b5440480542530352c82984,CLEAR,DAYLIGHT,DRY,IMPROPER OVERTAKING/PASSING,2.0,33.5,2.0,2.0
125a702f4e1e1098308ca28c70a2a9e2ce3c3f69119805929e7629c6630d4ba1c0af5d78f2e0a6c955a905c51caea454974e72fd1cfa8f3416befa844ccc9025,CLEAR,DAYLIGHT,DRY,FOLLOWING TOO CLOSELY,3.0,54.5,3.0,3.0
125a8d5facffd49c9a7fed0e6772c78d3e4fc8d161dbc4489d95a44ce492df6bd24d34fc20d69a3669b07df6344678ee38862dffde8b5722793355a31a899666,CLEAR,DAYLIGHT,UNKNOWN,IMPROPER TURNING/NO SIGNAL,2.0,41.0,3.0,3.0
125a9476f58cf4dfa17756d95e81f8a28c61f7a0767f08f81a9c68e6985ad403d01984e4dd6cc933c1bcc044ecceab09cac952d2dde45bf534a87251d66c1d57,CLEAR,DAYLIGHT,DRY,FAILING TO YIELD RIGHT-OF-WAY,2.0,48.5,2.0,2.0
125aae53064f2e76056ec32c40ab9a79a23f30955395685107463844a633f4b6f887413dfc4dad8339abb1a86fa2a34a4825627f4aec6cd5df6dbfdbddd84f92,CLEAR,DAYLIGHT,DRY,FAILING TO YIELD RIGHT-OF-WAY,2.0,31.666666666666668,3.0,3.0
125abbda9e582517bc1fe85f93fa878ae43c049a4587c3280d07355da546f90fb84b915e65eb5120af52875ddb7abbc0e9721c9cd36e5b5b463b54736937f857,CLEAR,DAYLIGHT,DRY,DRIVING SKILLS/KNOWLEDGE/EXPERIENCE,2.0,37.0,2.0,2.0
125ae000664f8ee2252c65acb579c47e4733088ab5f6e68fdbec57d17b3d115bd43f27ad596df06463b6c959d005254273f6224ed71d70c08a3e173d973068fb,CLEAR,DAYLIGHT,DRY,FAILING TO REDUCE SPEED TO AVOID CRASH,2.0,49.5,2.0,2.0
125ae422fccc395827aa3b6d974695b107d92f4b719ba1d7c662722190e7d01d5518282b7f170955e03fd66ab92e4c981057ba4b1afb9b9adace237c79d22ebd,SNOW,UNKNOWN,SNOW OR SLUSH,WEATHER,1.0,37.5,1.0,1.0
125af08f3fe649a9fdb4520f13ef9b6cdd8377faa3635f8faf7cf0fbd570ef8073999800594e3f9fb7ae64ffb53c9c03a03f49fdbbeb6d3271016a2b7239666f,CLEAR,DAYLIGHT,DRY,FAILING TO YIELD RIGHT-OF-WAY,2.0,67.0,4.0,4.0
125af5258f790125da24e593579b62c076f84d22c36467b1c18d2ae95ed5a5270d126bba5dbe0bb328129f5ee137a58b2850c640e2dd5069b59f21e50d9a7194,CLEAR,DAYLIGHT,DRY,FAILING TO YIELD RIGHT-OF-WAY,2.0,31.5,2.0,2.0
125af530c690ce12d99d3a596339b4210b67d96e94982bf4c54d4184393bd11cc889b5b1333c86332b9b12cb4ae91902baec08244f1f8bc02a5cc2f3b402196a,UNKNOWN,DAYLIGHT,UNKNOWN,FOLLOWING TOO CLOSELY,2.0,37.5,2.0,2.0
125b54fe483a67437ab1a0cc176964f007c154645e319e61327d5ecb02218a161c48fa00452b2e3623d8bb883b72c2f738a1f9bee9a3e5427f097aa25443a267,RAIN,"DARKNESS, LIGHTED ROAD",WET,FOLLOWING TOO CLOSELY,2.0,26.25,4.0,4.0
125b66a285fdabbc2e2bc0e17a357b9c786e09401a53ea9f637aad9a47eb4b9862de61c6b67ca6dcb34d5dabc0e489e8f72c05baa66191df2ff81296992985e3,CLOUDY/OVERCAST,DAYLIGHT,DRY,FAILING TO YIELD RIGHT-OF-WAY,2.0,75.0,2.0,2.0
125b98a9f1561c1905bcc41eb3f580379b950b8ceed92c7028a4b218f57ca835a21455e5595c08dbd400d9c3dd53c35b8fc8a27d15419884391ef1bf8ec17cd6,CLEAR,DAYLIGHT,DRY,DISREGARDING STOP SIGN,2.0,47.0,4.0,4.0
125b9bc2394f3531e2329cff7ee666772e6158e3f76038d510a387813a57c3d8d02a7b4434b21d42f0380aa0f9195880f7af9900319e05dd3f4d2eff4f184491,CLEAR,DAYLIGHT,DRY,FAILING TO YIELD RIGHT-OF-WAY,2.0,50.5,2.0,2.0
125b9efbf6908d821d7ffa63d83d1611a0b71067d9adaa6ba64155936880801f34754c4d41fd602b95beb831a7fbc7d9443938ea5bc02524523f38d47217fe10,CLEAR,DAYLIGHT,DRY,DRIVING SKILLS/KNOWLEDGE/EXPERIENCE,2.0,21.0,4.0,4.0
125ba2cf004955356e5d0352da69a1be74681af705a0b261c84ac97216d4685650bae21f92bf61bc845876afce357a4f34912383d8f9cf59431fe1ead8e8e340,CLEAR,DAYLIGHT,DRY,FOLLOWING TOO CLOSELY,2.0,32.0,3.0,3.0
125bbc175c6f0c4202b3bb7bb6c3edcf5b04c4a32493f17ff1408cb970c2df7995ebaeb9fa76b0156215ae3e7ce9990f71ecb7018261afa5bec34bfda9d9c864,CLEAR,DAYLIGHT,DRY,IMPROPER BACKING,2.0,42.0,2.0,2.0
125bcf6119bb392742956cbf3ccc7dcb6aa943745dd46d320a65becb34476bd63966a7f0fd63191d6a33393e5757049c193ed0513c137a95de3dee2a445bd607,CLEAR,DAYLIGHT,DRY,FAILING TO YIELD RIGHT-OF-WAY,2.0,44.0,2.0,2.0
125bf096003f7937bef9a0f19c39c83eb643563e40a31600f4b7e70e0a4e9a96471aa0fda86ccab5e782ee49a372576323dac0f57d2adb05c4c77d870827a91c,CLEAR,DAYLIGHT,DRY,FOLLOWING TOO CLOSELY,2.0,55.5,2.0,2.0
125bf11000840df8944da4f23454165b40e253d7d34b57c5f1080c9efb9a5f67f94235967b06711655a16a87581694f72fc7d9bc4bc6853df272e25dcab0ee35,CLEAR,DAYLIGHT,DRY,IMPROPER OVERTAKING/PASSING,2.0,65.5,3.0,3.0
125c0aa9e7a1acba81b0443e283754e70206e07ef113ef651db390edc3525eee6bdb5fbeeabf9aa8d03218fd2ecd5d7f1c939319d71cbe62847cfbccd082b48d,CLEAR,"DARKNESS, LIGHTED ROAD",DRY,FAILING TO YIELD RIGHT-OF-WAY,2.0,39.0,6.0,6.0
125ccb2ad222643f04a937f9dbf30b4f9b240371de199eb19421dbcaf8be5ed6dfed54554ad89a32ab3201df094db39f1fbe905f9b867f9150787e9658883b38,CLEAR,DAYLIGHT,DRY,FOLLOWING TOO CLOSELY,2.0,58.0,2.0,2.0
125ceaba54a78b93fac9bcf3e48974554c2465cf214e619e5f1f4afc09d553a69ae48a831397eaf128929d250c3b4faf6f7b66bbd4cd59e7b4e019d45844b851,CLEAR,DAYLIGHT,DRY,FAILING TO REDUCE SPEED TO AVOID CRASH,2.0,41.0,2.0,2.0
125cf1d4b4761172769df4eeb6a7d3f38d612d6a5f6bbe5fd67b01514d48a3443da58a9fdbde20749b1288844a24e6111480cee119323a8d4e1c79c8ac319b52,SNOW,DAYLIGHT,WET,FOLLOWING TOO CLOSELY,2.0,32.5,2.0,2.0
125cfe125bb9a6c31fc18c9548c275e553ca5cdd7c1caaca1b2e1aa62413a812a4a650b352a340b5fe605994408668f8f3c2a558c3ab3044ac303d29b03d5944,CLEAR,DAYLIGHT,DRY,IMPROPER TURNING/NO SIGNAL,2.0,31.0,2.0,2.0
125d230af271a8042d6f5ae74b31816499f260e83440e54a9db482e5ec0381736ad329b0f86bd126c9915f4762e300bc11268de36aa1901b4cb9de02f2d38a83,CLOUDY/OVERCAST,DAYLIGHT,DRY,DISREGARDING TRAFFIC SIGNALS,1.0,18.0,1.0,1.0
125d865274ee2c87d5e604c6e35b7275709f3c76061bd04dafdadd7b844028b82b29accb1d4bfdd8053f3dd025e05406d8a8a741dda02a0dc395c378f00f405a,CLEAR,DAYLIGHT,DRY,IMPROPER OVERTAKING/PASSING,2.0,42.0,3.0,3.0
125d8fb7764e20f42ee754e92d325f24fe60a76e71c6976a732bdcf113c36e39b59fcce3a93399e9ce5a334aefd0e6f56c52bf524bd2c0e3fe53a5ed8bb4e0a0,CLEAR,DAYLIGHT,WET,DRIVING SKILLS/KNOWLEDGE/EXPERIENCE,3.0,28.5,5.0,5.0
125e0b3cb46e1e612fde1db6eb5ea831841ca826c5bb2bf525d72c4a01a08cd87901dea2652871e48eb02187ae72d8efb3d3d67f46fd36e4f98872bd66cf0809,CLEAR,DAYLIGHT,DRY,FOLLOWING TOO CLOSELY,2.0,37.5,1.0,0.0
125e239b155519ddfded0f09146378a04d98206a276180e637d1c0e087c8565aaf6676d742109fce7ef159dd8cb4f356ada91d62bfd670312476ebfc76068208,SNOW,DARKNESS,ICE,FOLLOWING TOO CLOSELY,2.0,23.0,3.0,3.0
125e2bccc99417a2c77dfaa854847828e8f39b566d9d01fb134201ad6066ed7b383f3a4c07ec46317f3cd0f289625d9f0c8603b8946e25dfdc9315342bc43000,CLEAR,"DARKNESS, LIGHTED ROAD",DRY,FOLLOWING TOO CLOSELY,2.0,49.0,3.0,3.0
125e2c55648719eb1c9772d44e4023f5edd2251120e61da601154ee37943314f04c1fb2a3868fe5fa4115b5fc0028568c991a706b8c9509aef0e2328103da86f,CLEAR,DAYLIGHT,UNKNOWN,IMPROPER TURNING/NO SIGNAL,2.0,31.5,2.0,2.0
125e2e0a2463551706cef72a9239129ba265196a4e8f2e1e2728c4034e453ce50cb6973fa9bd266420cc375e1fde5cb493cc416aed3c5328bb4d2fb07c7c0697,CLEAR,DAYLIGHT,DRY,IMPROPER LANE USAGE,3.0,60.0,3.0,3.0
125e47503056aecaf7831f7bbc79b2498870f3dffa02b60bef16bc7bc6e490591a9b54956de6bf2e6faa54a3493ccf0f268c97717e6132293ec38ab83e341b30,CLEAR,DAYLIGHT,DRY,IMPROPER LANE USAGE,2.0,24.0,2.0,2.0
125e636d97f5caa49896029875d9ef035553b4c0c63c70b27ff439473cdaddf55b2293a9e35706bd9eb02032c750172ffbbede250de69ba9030b533122c1ff4e,CLEAR,DAYLIGHT,DRY,DISREGARDING TRAFFIC SIGNALS,2.0,28.0,3.0,3.0
125e7ece8c7b7e8fe73312ee90afa5ceed23c456599821100455d0fe8c5d92206c15698a521b9c10c2ec795e8799e99791a72d9dded3686e9baa91ad8077a19a,OTHER,"DARKNESS, LIGHTED ROAD",SNOW OR SLUSH,FAILING TO REDUCE SPEED TO AVOID CRASH,2.0,23.0,2.0,2.0
125eab3339e9d989b4512fceda1bf111e4007762e019983282a6381f6bbf020a856c6c9bc6b7717775fd8eb0b98e8c7c07f4b053234fb7c258f1bd4c629e56c5,CLEAR,DAYLIGHT,DRY,IMPROPER LANE USAGE,2.0,37.5,2.0,2.0
125eb167cdc861f521d3237cb07694c95b313c2659912621e70e5512ee3e3f78585905ac6126e8b18c1a8cf518399895139d46718bd3b95ac23757c27419075f,CLEAR,DAYLIGHT,DRY,EQUIPMENT - VEHICLE CONDITION,3.0,16.333333333333332,3.0,3.0
125ed05514df6dde049206df10e55d3e449d7ea290c0c5315ebcb35a997308d9f02c13835e31ecb96f7f9352e3aa09054eb093ffebc88595209b7313ffb7c8a1,CLEAR,"DARKNESS, LIGHTED ROAD",DRY,IMPROPER OVERTAKING/PASSING,2.0,37.5,1.0,1.0
125eec0625ed0f3e851e0dfb71e21d43a4ef66ac74fa2ff9f5594aebc8f0469395ec7c87f062928c44fa8ab92997772680dd4d1e5d6baa0fde3107e4ec583b5d,UNKNOWN,UNKNOWN,UNKNOWN,FOLLOWING TOO CLOSELY,2.0,37.5,1.0,1.0
125f0b63ae21f640f0d1385ca9279ab1e7ed42601551e8ed25ae92895024464c53dc823dc65553e429fdf577bfc89f761a1886e398554b8fe5ce5a094bff382c,CLEAR,DAYLIGHT,DRY,IMPROPER TURNING/NO SIGNAL,2.0,53.0,3.0,3.0
125f34c9f207ed997ee7a967ff638cbee5626000988b4cbce3d7186219c964bcb9047df37dccfbbd177427d52a3f03edd95fdb79f3c1868368bd323a52d7e4f9,CLEAR,DAYLIGHT,WET,FAILING TO YIELD RIGHT-OF-WAY,2.0,22.5,2.0,2.0
125f3bea6a41ae85e3011f9153252d3331c30dab08cbdfad08e1cfa4622fdd5a2d4a4c9a4beba39365d7cd6c77eb4c9dba9db1ff43f4111d80ba832bd3539c11,UNKNOWN,UNKNOWN,UNKNOWN,IMPROPER TURNING/NO SIGNAL,2.0,37.5,1.0,1.0
125f7c3edd344c3010f0409c8ad7746b336e0080f7b1b779c0ad2d6668138436fea30594d18d8e611b1fec2e5462ce3ec62a0d2b88b45612e9a60c4b0fe7c951,CLEAR,DAYLIGHT,DRY,IMPROPER BACKING,2.0,32.0,2.0,2.0
125f87bc54f08df9901217d61cb72c3aa39fbf60b99578fcef04d83864b7612cf5030daf86afafc5b0a8ec140e0421797d90390817a25fab687d2264c2e2c0b8,CLEAR,DAYLIGHT,DRY,DISREGARDING STOP SIGN,2.0,45.0,2.0,2.0
125f90bfde8a36b8f8cc7dac9eb1f0d17f43a51e0a24810537d6ba1be0b60ec2bf1f7dc1fd6267356c706e1cbf801f363e28c34b79e217fef638c30831dd165c,CLEAR,DAYLIGHT,UNKNOWN,IMPROPER BACKING,2.0,69.0,2.0,2.0
125f920a47739d303512547b250360a07406a55869d5830b83c8a4bbedeabd9486fc7df14c8ce5c2e8e8d0e2af8633622d313267f4d51a668293a82e9eac2df9,CLEAR,DAYLIGHT,DRY,FAILING TO YIELD RIGHT-OF-WAY,2.0,56.5,2.0,2.0
125fb18f9cf76e0d7d744f4a04ea01bc160287d8fc0de8960040b8e627ff6f88b7cc58fe1a698882ce69e1b11ca670720dfef88795be09a5e963779d59eee19c,CLEAR,DAYLIGHT,DRY,DRIVING SKILLS/KNOWLEDGE/EXPERIENCE,2.0,37.5,1.0,1.0
125fb6ac01eb5cf183b22c1db99695323f7169d07c5ab598fb6f71670699e4001ae989b2729c5d8fa9b9595541c49bbf5633e3fb721dbab5cc32137dac51a308,CLEAR,DAYLIGHT,WET,FAILING TO YIELD RIGHT-OF-WAY,2.0,28.0,2.0,2.0
125fc02dde79e76d98b26b462d7eda62c3c374f65b2082a4876e1a480f46704e3845dd23569073db07c4742842ca25a709aba0afe6ae486a0511a96df04c1269,CLEAR,DAYLIGHT,DRY,IMPROPER BACKING,2.0,40.0,2.0,2.0
125fc216712d6f22771c1f7e2a6be1753dcb8ac6c418d0301a51b033b0b7370464a1cae9adb986cc2a8d6cb6f3b276e6ab3de0a28817898aa19bdd8323049bc4,CLEAR,DAYLIGHT,DRY,FOLLOWING TOO CLOSELY,3.0,48.0,4.0,4.0
125fdcbde4513a1263a60fa33bd786487a3b8360f39d03f68ee3d45965fb4492d258bef5d44d4512fd8a38c3d4e846e44c0710226b7ccda9dacfff31af234b38,SNOW,"DARKNESS, LIGHTED ROAD",SNOW OR SLUSH,FOLLOWING TOO CLOSELY,2.0,22.5,2.0,2.0
1260026c847360887e7db5f3ea3230d491f7779726530cc4c73d260b18aee132ec50fa27bcdffa4be1aad790a35be92103efca87b740aa0a8fe1cfe2e5a4dd19,CLEAR,"DARKNESS, LIGHTED ROAD",DRY,FAILING TO YIELD RIGHT-OF-WAY,2.0,35.5,5.0,5.0
1260293f0fe84f3fe441e988939d712d12963fc0f6a5062a9480c32cae901050bd43f31aa1667e5b0243ebabd7cbafe02ba97f1cffcd34c4265fe9a5304b37f9,CLEAR,"DARKNESS, LIGHTED ROAD",DRY,FAILING TO YIELD RIGHT-OF-WAY,2.0,45.0,2.0,2.0
126040478247c7751f6c5d7672463ed24052c6eb43c962e98e76dfbddf5d9663cfb5b8696fb84bbb2049b8c39842f285f1b1080f8f18bb3283d31f4ac6a270d8,UNKNOWN,"DARKNESS, LIGHTED ROAD",UNKNOWN,FAILING TO REDUCE SPEED TO AVOID CRASH,2.0,53.0,2.0,2.0
12609599106e781f516510b880a55d4e325c2171aa3025e1943947b92de14f59e981e7200c72be7b16198782e0bda69060650d8681be3ebcd5957a042f5bf400,CLEAR,"DARKNESS, LIGHTED ROAD",DRY,IMPROPER LANE USAGE,2.0,53.0,2.0,2.0
12609f0b9f196be589f7bc791b70c01a0d46246c57a5cb296eef06aad7bcb4e3e099dd262268c6ab85654e8407e18e14df8e7488b2dfe617c48a698196a31d68,CLEAR,DARKNESS,DRY,IMPROPER OVERTAKING/PASSING,2.0,39.5,2.0,2.0
1260a7ea245823d8d3955ad522d71eaabdea5bbdded7fba7fd5c7c752bd356782db0271c3c1ccf8ba76f3f7b7f992e2091db7b79d19fa8653fdcffb58b830755,UNKNOWN,DAYLIGHT,UNKNOWN,FOLLOWING TOO CLOSELY,2.0,19.0,3.0,3.0
1260c699800a4deb65817edfb0f4ebb44ea75482afae5db4ac15fd1d9fdf67ab1b0a3a1eb05a44d9217f50dd1a0041bc749161190882b7978021b6ef6e71663f,CLEAR,DAYLIGHT,DRY,IMPROPER OVERTAKING/PASSING,2.0,38.0,2.0,2.0
1260e0283571b111829363b8a9a20d475cb27f83df09328d98a6ae1841395f8c72e2c6cbdde9d0c5cba17a45ffa81e17c96d1f6009eeaf0402a7b320f52dc8d4,CLEAR,UNKNOWN,UNKNOWN,IMPROPER BACKING,2.0,39.5,2.0,2.0
1260eccf157e8c7d4a3c0c184b5cd2d366d6330d4c35a2261cb32566bcde46b242ab5868c380571c904958cafa304223bb3b26e29f12cec5e1c8ed9aa9848743,CLEAR,"DARKNESS, LIGHTED ROAD",DRY,"OPERATING VEHICLE IN ERRATIC, RECKLESS, CARELESS, NEGLIGENT OR AGGRESSIVE MANNER",1.0,28.0,1.0,1.0
12610b84e8daf14cb5f1915a71c6e5aa2256e2ff62232ec52da33848b990a02e6ed6e526f5ab08292e0d120643029c5b1e59087354be42c3a209bad910d818e4,CLEAR,"DARKNESS, LIGHTED ROAD",DRY,DISREGARDING STOP SIGN,2.0,35.0,2.0,2.0
12611a4e5d22d570fe17a808df724984280bba5b394c898483e7ef5d7462234c38090c91a1ec1bac8fb5ff40745d0b6cfcbc5ef38fa8f80c8e507b3434b5ab12,CLEAR,"DARKNESS, LIGHTED ROAD",DRY,UNDER THE INFLUENCE OF ALCOHOL/DRUGS (USE WHEN ARREST IS EFFECTED),2.0,27.8,6.0,6.0
126138a8baa83382d22e8f6237cc05cb22f9ab2666d1cffa9a40698f7c5362ddee534755d8c0e2609ed37da9e198150fa55e16d1f50e30da805bbd9393e5eb1b,CLEAR,"DARKNESS, LIGHTED ROAD",DRY,FAILING TO REDUCE SPEED TO AVOID CRASH,1.0,55.0,2.0,2.0
12616d7b9ec67f9a2985fab4e398a5a6d775546eb58d97e1d8b4bc1f1d0862cd9f2122f6fdac70bc2f9fbce4802288950eb14bc3cd804a88749a2f78abb4253f,CLEAR,"DARKNESS, LIGHTED ROAD",DRY,FAILING TO REDUCE SPEED TO AVOID CRASH,2.0,27.0,2.0,2.0
1261966b7464c831e56c3ecf8b1ef696ff0f84265513ccd0c3a47bc58b4cb88a2123f078a0770ee7af1f0f2f29fa1d9d59cb47bae616035a73eba63538e133b4,CLEAR,"DARKNESS, LIGHTED ROAD",DRY,"VISION OBSCURED (SIGNS, TREE LIMBS, BUILDINGS, ETC.)",2.0,37.5,3.0,3.0
1261bb1a572a876920f98268d3a389b9ee9397edb8f7a4a5c8d27b1367196c584f7207f00f40db6288cc563ac221cc94a74cba93c9cca671a7ad573c4f095505,CLEAR,"DARKNESS, LIGHTED ROAD",DRY,IMPROPER OVERTAKING/PASSING,2.0,35.0,2.0,2.0
1261cf63030bf5372f58805b7868974085488f44729f70fcd597ef98809f4f3298096961c269bd5ffb94d831e7cf2ad897ee11e569c0dae7f9d3a744fd115536,CLEAR,DAYLIGHT,DRY,IMPROPER LANE USAGE,2.0,55.0,2.0,2.0
126234bce9b472c10c61bcfbbd1dab6266a3c88e970ab828a3fcab9f14146a0d7bbcf239807eed6a4d8c8813de6c8997ab5009e8bff42e630b60b31d7710f1ed,CLEAR,"DARKNESS, LIGHTED ROAD",DRY,IMPROPER OVERTAKING/PASSING,2.0,21.75,4.0,4.0
12628eda0aa31f402c9e83b6e82fc9cfe038a5ae14398d90949baec3e96783d59bbcb047fb9db20e83b8413cd41af21e34debcc7fa928bfce8e8109bab7c984c,CLEAR,DAYLIGHT,DRY,FOLLOWING TOO CLOSELY,2.0,26.0,2.0,2.0
126290aae2278e40716f07851c0b739a69a48d4c8386e9449796e843a76c5058bc79ea76b4cdbe3c88605e7d5b2d2ce9170b9ebb65c6edd5ed49e784d4bd9587,CLEAR,DAYLIGHT,DRY,IMPROPER LANE USAGE,2.0,37.5,2.0,2.0
12629b1549ab178f9aae75b8c574db7ca49829ad95ee01a1c96a3388dca08e8765451f3fb1b65c031b95e0ea8997feb7681022fa77301acc7d466f4fadbafd02,CLEAR,DAYLIGHT,DRY,DRIVING SKILLS/KNOWLEDGE/EXPERIENCE,2.0,31.0,1.0,1.0
1262ac2a42fb83220c5f12b188fc67559187bb2ca2d2e29c85a758de533fb093504f23fc8e7461dab2c34038d785aa7b1cfd7f5825784e8b4091a8b7f81c55ba,CLEAR,DAYLIGHT,DRY,IMPROPER OVERTAKING/PASSING,2.0,47.5,2.0,2.0
1262df3557da650e52b8c2732ce1ff6c7aaeb2ef1b9de0572781982ece7df4519dac056d3378acc91dfaf6967ce18a970aee50605e2c7e0c424834fb0cae609c,RAIN,DAYLIGHT,WET,DISREGARDING OTHER TRAFFIC SIGNS,2.0,35.5,2.0,2.0
126307467d1a4236cf03cda36faa85ee83c1bd2aee06fefee4ac1f44d60da67a20554d562bb63ae0d6199d5095314cef918b3aecc9d3c83e9bdd127f2a3955b5,CLEAR,DARKNESS,UNKNOWN,IMPROPER TURNING/NO SIGNAL,2.0,24.5,2.0,2.0
12630a8faad113a23bde2e882044e628c21df331d81b5c27be50fc2b298e9bcd1f620e043e81345980b69d5170e8a957e27f2d182d75f8c1841a5d623dd9901b,CLEAR,"DARKNESS, LIGHTED ROAD",DRY,FAILING TO YIELD RIGHT-OF-WAY,2.0,26.0,2.0,2.0
12630dcef58eb23946cfa86ad688da528e3fd01ea8a20b13987224f2f70251dae6c15c6cae370277a13c5c2ddd425e459d88b2ca8952babc2161fbff90539137,CLEAR,"DARKNESS, LIGHTED ROAD",ICE,IMPROPER BACKING,2.0,25.0,3.0,3.0
126339d7b8ef6219eea8e857fb3e1fd243d9a3a6ffa6f859164f7293652dadb7ed66a3d28ea817310c5b0ae0d296ca41cac9d49d0203c022e90afebcbd175554,RAIN,DAWN,WET,EXCEEDING SAFE SPEED FOR CONDITIONS,1.0,61.0,1.0,1.0
1263410722c28d8ae5098e314c1a438d5baa2db48ee67757a88e444d20f1832d068f961fe87088b4e839d71038dd551dbfeeb1cb6438d87565873714ed4ec42a,CLEAR,DAYLIGHT,DRY,IMPROPER OVERTAKING/PASSING,2.0,26.0,2.0,2.0