crash_record_id,weather_condition,lighting_condition,roadway_surface_cond,prim_contributory_cause,total_vehicles,avg_driver_age,total_people,total_injured
12635a6b7a7acffc48cdac604421a02cf53461c2b0d41472cb3ffd639e56ed5ebb70e152e711b5684982f21d2d5e735c92f96d0b72a206f06f1b34af796f9f32,CLEAR,DAYLIGHT,DRY,IMPROPER TURNING/NO SIGNAL,2.0,47.0,2.0,2.0
12635dc5c38a3803b9765ad56343c4113789106cc3b820f57fd1344150ad7cc5d173ec69fe818c3b85182fc89e6a28f42fb73dfb128f5d285bdc65324f2712da,CLEAR,DAYLIGHT,DRY,IMPROPER BACKING,2.0,36.0,1.0,1.0
12636d22fb3d9deb3158b8cd04cb213b4c045f050f5d1024e4c1285994dd010736781a07753d92e970f74497b73406f89380b8f53d34afca9335cae6676c51a3,CLEAR,DAYLIGHT,DRY,FAILING TO YIELD RIGHT-OF-WAY,2.0,41.0,3.0,3.0
12638697e09c441f671a3b733cc38192627cd3961a88fac98c912758dcf66d820a7e91231cfa9612613fecb8f930e1d49442ef936c72bcd2f06657f8036cc9cf,CLEAR,DAYLIGHT,DRY,FOLLOWING TOO CLOSELY,2.0,38.0,2.0,2.0
1263884d525700a520921f7fe521dde332c8556dda3f128c27671baabc91b346c00f3636440ecf0a3ddcec6ebfbcf0a1ddc8f38884d6d3638817821311d72b5f,CLOUDY/OVERCAST,DAYLIGHT,DRY,FAILING TO YIELD RIGHT-OF-WAY,2.0,29.75,5.0,5.0
12638965c950858a84757526c62d3b5dbcbe289de013bc4e086ab4a4f88d5633167be65d4a449b250130cfe47cbe79e33aa70c6a117baddec37ef35dd9dd2c8a,CLOUDY/OVERCAST,DAYLIGHT,DRY,FOLLOWING TOO CLOSELY,2.0,42.0,3.0,3.0
12639aea3e8f631715ff744c2e5ccc921fefd1511bab8e18c3d74456dee67af43faf7eaae082dd6d49563776299438fab13fac5df5ee2f510601b1dc9765b43b,UNKNOWN,UNKNOWN,UNKNOWN,IMPROPER BACKING,2.0,20.0,2.0,2.0
1263a7077ee0c11a5db8ae998e72d988e7debb3fce569e63ea6bf7a7aeb0e4391c395a09ec75a93bf43faea0410e81cceea2c8f6d0afe71da1c5a9f3ec823843,CLEAR,"DARKNESS, LIGHTED ROAD",DRY,IMPROPER OVERTAKING/PASSING,2.0,34.5,3.0,3.0
1263c314fa522b98d7abfe4f8775433da5ffda70b092a9f5e19eb570fcd5118640bf06e47c3a161222f6c6d9a57cd9b2bcd929bb9a9050fc0ee6e023c4fff675,CLEAR,DAYLIGHT,DRY,FOLLOWING TOO CLOSELY,2.0,51.0,2.0,2.0
1263da14ba1c30fbaa2badf6ba0dcccbd93e4b5e27a9b3e0c81258f024e43c903691c7f1c221c70264ccc8dd1cbecb0b3fb158dac8f04d45ef48ed795736effa,CLEAR,DAYLIGHT,DRY,IMPROPER TURNING/NO SIGNAL,2.0,38.5,2.0,2.0
1263fe40d4f9949b5eceadf4c98cc640f6add7aef183cc4d8335c809a5e3205e1f7454541eb07595e10a0f4254679948ff0a871bdfadd6006396ba221adcc0ab,CLEAR,DARKNESS,DRY,FAILING TO YIELD RIGHT-OF-WAY,2.0,24.0,5.0,5.0
1264601729c8f7bf1ef6d051fa65dad4ba8a21d987290dd6f3218517cb966ca9463a1bbda81073cb27f89b31ce42ca7fccc1f549193e2e940a95b472944cde7b,CLEAR,DAYLIGHT,DRY,FAILING TO YIELD RIGHT-OF-WAY,4.0,18.0,4.0,4.0
126485702696bc607e2cef98c858445feca0e1a59bb2c768f8331e07550c7fcf3eddba051e71e4784ae6db5bdacb0de384ccc26d104ed4c051c0b810a0d2a2c9,RAIN,DAWN,WET,IMPROPER OVERTAKING/PASSING,2.0,22.0,2.0,2.0
1264b3b332b32b9e6fac6d7b089e3ebf3179c28dbf0657aa1f73d4c936ceb52a538d6ce58dee91a2c5f29850b02d77dd492a6910c2baa27bd47b529a6efc5ba0,CLEAR,DAYLIGHT,DRY,FOLLOWING TOO CLOSELY,2.0,39.0,2.0,2.0
1264c95d4186d98c7879697875e3283923eacba10cb9392be98508da325534ba74713f3fc994f89e73ac1b7ab3a330b1449cee6466fbf8b159280c8fbea7eb26,CLEAR,DAYLIGHT,DRY,FAILING TO YIELD RIGHT-OF-WAY,2.0,41.0,2.0,2.0
1264d88628a0a46a4168c3d524b05ed085c5f51088a3681ded8c2d752a450d89f7d0f9587674ade4552dee7473e1bd69c2f250676b71ecbd1ac2eebfea5dcc15,CLEAR,DAYLIGHT,DRY,FAILING TO REDUCE SPEED TO AVOID CRASH,3.0,63.25,5.0,5.0
126501236af4426dc8713c64be8c68ac1e05044f0dbeed865bba21afd9e0ecd87d0af48390d9b930b0ce2839f97f6d03c0c382fe48bc0adf4fb89ce01e2e88c8,CLEAR,DAYLIGHT,DRY,IMPROPER BACKING,2.0,47.0,2.0,2.0
12651fafbaeacbcb53fafd14b009625d3a6f0b4cecbd570e4eebd55d3c53a05fb5906bbeb991b77ca3a17cc0c604a9a8b8741803c1db62373380044b687d9b28,CLEAR,DAYLIGHT,DRY,FAILING TO YIELD RIGHT-OF-WAY,2.0,37.5,2.0,2.0
1265395d6b0bc7ae9c742e0603223074dabbb6093b0fecc9dff203f4294a76bdabe504c50be7d15b54681d40ab4c15d9724b0eb4b4a18c14eb6ad870fef48946,CLEAR,DAYLIGHT,DRY,FOLLOWING TOO CLOSELY,2.0,43.0,3.0,3.0
1265443fc4ba873bcf3bc4ba0c8731ff5b2475f3510d8ac4ea711be5da6f67fdbcdcd64d8d97588b413e39247c470ecfb485c8ac0ce8753762c2886d268dd5d7,CLEAR,DAYLIGHT,DRY,IMPROPER BACKING,2.0,37.5,2.0,2.0
12655e246bbd3c14e87a09ac5b8ecd6652054f65080e6c4e68677a5fff2b6574628cb2502828e2644d59e9c9f4350c193fda854918678931db251a6d20743946,CLOUDY/OVERCAST,DAYLIGHT,UNKNOWN,IMPROPER BACKING,2.0,37.5,1.0,1.0
126568ba5e3cdc6809a59f4d69ea7d475e420f2b46159de2b82f72315957333c8c35d6402f2cc1a5d531828373aeacf7eda0a2f0ead4b25eb136902fe1f4b9a6,CLEAR,"DARKNESS, LIGHTED ROAD",DRY,FAILING TO REDUCE SPEED TO AVOID CRASH,3.0,31.25,4.0,4.0
1265703b08e5a6fc9889d59cc7ccb28baf275c42c41d61e288b80341bc039954a6ac804d9b70b18482f8776ac39c0e50e749ef9c305ee9455f4a8a9f3fea439b,CLEAR,"DARKNESS, LIGHTED ROAD",DRY,FOLLOWING TOO CLOSELY,3.0,28.666666666666668,3.0,3.0
1265849f7fec3d55d5842ceb4d930fb2fd247476461d4c2edf156e989215a208bbaa9d5389d849b83a5e8c8e1d6a4b147c6f448b63a72ef826df469863a7a490,UNKNOWN,"DARKNESS, LIGHTED ROAD",UNKNOWN,IMPROPER BACKING,2.0,37.0,2.0,2.0
1265929e8b3fea61ddc723187bc9859f22c1f6d6d2d27c1f7b1d6ac40e1985e45f89fe375c8e9a7a21f27a443e0fc95293b71c2da1e9c786bcf5789ae219bd82,CLEAR,DAYLIGHT,DRY,IMPROPER OVERTAKING/PASSING,2.0,37.0,2.0,2.0
1265b0d3470de9eb4b2540a108e0cbfb173d15f659c9f5e279ac4ca410dfab02986ca01946028d4de82d7648c13ac0a53477e0278b6cdb5b370e499febb9e5d3,CLEAR,DAYLIGHT,DRY,FAILING TO REDUCE SPEED TO AVOID CRASH,2.0,65.5,3.0,3.0
1265cf88a92ac35c39b7607c6cc983dbf88dbabc8123c8ae72b8910292c6c0dc13bf910a1ff340db0e087d1b2a7443bbb65bc3aaf2d66537f49bc5f0ea884df5,CLEAR,"DARKNESS, LIGHTED ROAD",DRY,FAILING TO YIELD RIGHT-OF-WAY,2.0,20.0,3.0,3.0
1266562fc370022ca947d378bcdb6b87ae0cb5c4ce5451883e79cccc51e286142b9fbaabeee020ac6f33dcf488d1dd86aaa68e85010dd763f3531ca7cbdf2b07,RAIN,DAYLIGHT,WET,EXCEEDING SAFE SPEED FOR CONDITIONS,1.0,20.0,1.0,1.0
126661efaf7a7a4130644541191f3fb438851cd796e3a0895bb6ea57fed2f0aedd47cc25fa163dc2a9aae801578ec9cf96b6a0058843dfa059cad5b3bbe06cbd,CLEAR,DAYLIGHT,DRY,FOLLOWING TOO CLOSELY,2.0,28.0,4.0,4.0
12666b820625fad93289e2978af91917d01b0c4c3e4c91d48ddaff0435359be38c92b6198eb4f9d3a997908e88742c36c6ae304f39761d80ce4299e72f3584b6,RAIN,DAYLIGHT,WET,EXCEEDING SAFE SPEED FOR CONDITIONS,2.0,50.0,2.0,2.0
1266974f37373d54098c38b982164d8f7a0351b3ff0c4b5a32cc448e7373e4f9135cf75b8ff14481d97d67f14694b4c0927ff21bca6d3de95ac2b1b551ff55a3,CLEAR,DAYLIGHT,DRY,FAILING TO REDUCE SPEED TO AVOID CRASH,2.0,46.0,1.0,1.0
1266aa899b0110ad0b9d14ce0fa70757e8e85597a58c774be7c3964ad557e039bbb78f9fcdd582b0826399687a75c7cecc0e35c7b04103e9b89c103c9b816e9a,CLEAR,"DARKNESS, LIGHTED ROAD",DRY,FOLLOWING TOO CLOSELY,2.0,51.0,2.0,2.0
1266c0b268a859eba7b1869718bec824d19414f26ff66d59f46406d899988f173d1f685129d0ccb254aa3740bb79fd27aba4649c007e4ae36b80dd4ba025e81a,CLEAR,DARKNESS,UNKNOWN,IMPROPER LANE USAGE,2.0,23.5,2.0,2.0
1266cb33a3260e3514c123c41b593af2c523a60c60ff7778caec559a4383b4e6affcdef527698cbd2b5d468c32864dffc3edccce39cd3427f796dc3dc3c28a24,CLEAR,"DARKNESS, LIGHTED ROAD",DRY,DRIVING SKILLS/KNOWLEDGE/EXPERIENCE,2.0,50.833333333333336,6.0,6.0
1266ce100e4011da82451a4fe2d33aa778bcf980462abd2bdead4f11348dc01fc5721e418be7d1a2036d2beb16acf3ab7b892a57738d42c9141ed2758e09230f,CLEAR,"DARKNESS, LIGHTED ROAD",DRY,"OPERATING VEHICLE IN ERRATIC, RECKLESS, CARELESS, NEGLIGENT OR AGGRESSIVE MANNER",1.0,24.0,2.0,2.0
1266d6c15df4cfff1befec75c892f4ec3fa3c940189a58a9912e3e4ffebf82bda5b91daef5a83482b16bf54c35161d0e12c226992e62f98224683d880d89c31f,CLEAR,"DARKNESS, LIGHTED ROAD",DRY,FAILING TO REDUCE SPEED TO AVOID CRASH,3.0,25.5,2.0,2.0
1266e618d98d53bdb429c8df30a81796ec7ca694bd0cba5a1613b4da62101e030aba8b52588cf6d2739532e72b3bfb14cbc5f475763aba99f5a5ec987de5c1c5,RAIN,"DARKNESS, LIGHTED ROAD",WET,WEATHER,1.0,65.0,2.0,2.0
1266ed7976fb6543c725b4c9cd67debf549129bc2af0528a5b515be63e75255863e4ba5dd75e347294bc0574f8b4b5ec19a4f60df0b5830b06586c72930923ef,RAIN,DAYLIGHT,DRY,WEATHER,2.0,47.333333333333336,3.0,3.0
126709fd8ff638f55251ae6a4d354155620bce6da317d767e4a7d3a71e7dfa2c3209d12b03d22851cfe6dd851b781cdc7095d0f5a84e49ad3b1ee40c1c9424cf,CLEAR,"DARKNESS, LIGHTED ROAD",DRY,DISTRACTION - FROM INSIDE VEHICLE,1.0,36.0,1.0,1.0
12671aca543951dc7912e384996c25ea871d123031bd461a8301a190567137975b778d731a2f2b64dfc61963d4df7775bbe04d3c7f4fb72c9395146806dd5544,CLEAR,DAYLIGHT,DRY,FOLLOWING TOO CLOSELY,2.0,33.0,3.0,3.0
126729ea25d1e8438ade33d83665afced85ae00dbb87ae05a5d227f697e2914d7cbed05c99cf15365c5eede95db74a996e8433b0c20a554ada76728705c7a268,CLEAR,DAYLIGHT,DRY,EQUIPMENT - VEHICLE CONDITION,2.0,34.5,2.0,2.0
126741359136b18bd41312d1925ab5924f8612133dc26e2e21135996e6a750c1c5ec0f1597607de5c90950c52b3ac9417516fc834beaba6fef4fe3e62de58bbb,RAIN,DARKNESS,WET,IMPROPER BACKING,2.0,48.0,1.0,1.0
126754f2613a8095c33181d231136ac9e6f766e9abf7efeaff49ce3a84513964dd6b7fac3f6a676443736492f37a4ed396ea635291418505cd62e9ed8b899673,CLEAR,DAYLIGHT,DRY,DRIVING SKILLS/KNOWLEDGE/EXPERIENCE,2.0,37.5,1.0,1.0
12675becb12cd274af1c2681aba4d084ee9e4d764e76bc09a58d13ac9827d26766014bb2042b2f60cd1bc870cb79af27ce357bf9f3a50ccd3aabb116628a72fc,CLEAR,DAYLIGHT,DRY,FOLLOWING TOO CLOSELY,2.0,40.5,2.0,2.0
12675d725d2ee2bfff05f759d50c568f08365a319d2c2612a11ba1d15bd6e14cf9eaf230c57dce6128aafad85b15a19e33e9461d1b81fa96a1379adc6e0b29be,CLEAR,"DARKNESS, LIGHTED ROAD",DRY,DISREGARDING TRAFFIC SIGNALS,2.0,25.333333333333332,3.0,3.0
12676a887dae860c95882d5da81018e6b24ecff19dab6bdc724527adb27c5f529577572a2f40a97cc18b6138e057b72b02d7f1d1ec9a9c6eb83b92927d1f0d77,CLEAR,DAYLIGHT,DRY,FOLLOWING TOO CLOSELY,2.0,56.0,2.0,2.0
1267707fbd104dca7ad65ccf22e9cecc2f09dac6ba7f51cb1af5b71dfcd6ff855d4ec8c5297cec5e52fd80e6e324d563f767c44ad2dc5a896b46a1f8b439eaa7,CLOUDY/OVERCAST,DAYLIGHT,WET,FAILING TO YIELD RIGHT-OF-WAY,2.0,41.0,2.0,2.0
1267bf361deeaee75abc0f048b1d631b7ee6b7ff6a7149b8f5ca19840125432365e28be48e663ac062601535ffe90436d26d94c4a0e9f94960b467225d32fe90,RAIN,DAYLIGHT,WET,IMPROPER OVERTAKING/PASSING,2.0,43.5,2.0,2.0
1267ccb7005b259a004e0d43628e28b2b52ccc776f3a7f0c959edb31fdee7a9b17a2978e889a41ab9e077cff9898e02ac6aafeeffbf0e85e0426fc19e35e3fc9,CLEAR,DAYLIGHT,DRY,FAILING TO YIELD RIGHT-OF-WAY,2.0,38.0,2.0,2.0
1267f9f508da4be8e8061c768307228c16490ff383b714f61e9fdcbff82608a3cfeda5a5ec9b9fd33e0a43ea60366d82bbbdc3a9ffdc28b34d6fcb8f23f3061a,CLEAR,DAYLIGHT,DRY,IMPROPER BACKING,2.0,30.0,1.0,1.0
12681e887b44f57efe2cc08ea3564599e59cdbc4cc4d177cea49811c11d9704c5c5b6e81ed5f0b069144d8cafea8b76eb5e778522b70846ca0c0e0e1f9cd391e,CLEAR,DAYLIGHT,DRY,"OPERATING VEHICLE IN ERRATIC, RECKLESS, CARELESS, NEGLIGENT OR AGGRESSIVE MANNER",2.0,36.5,2.0,2.0
126842a3b9513d310307d87bfda358f0caaa62e2db8478842afcdd5c8d1e9245892d5932e9e5b05a048807c142650e36c7305af1f80880dd04267ed2a0bc4997,CLEAR,"DARKNESS, LIGHTED ROAD",DRY,"OPERATING VEHICLE IN ERRATIC, RECKLESS, CARELESS, NEGLIGENT OR AGGRESSIVE MANNER",2.0,56.0,3.0,3.0
12685aa78f94c63b2e930f691cefeedee847b79f0510f38785aae4c7a7d95bc7b6d75de59594f23e9ebcd9fe598c172c7bf0bc92596a5415725d0a28c5f1bde2,CLEAR,DAYLIGHT,DRY,DISREGARDING STOP SIGN,2.0,32.0,3.0,3.0
126866cbad0dfe902235ec65ae0fe8e4470f686779a1f7589b49901c26b3d2286a6f49cb5b47d960e8fa1f51cf360d70287d8f84e8d6d3c15d54d3aebfc9e1aa,CLEAR,"DARKNESS, LIGHTED ROAD",ICE,WEATHER,2.0,27.5,2.0,2.0
12689e9cc133e3c79d55566902fe42263597b8edcbd8dd65d0da894d9169702a33268fd4cab82d749e44ff0fb876b60d19bf5761c6ddb7db26263b2f5568ce61,RAIN,DAYLIGHT,WET,IMPROPER BACKING,2.0,44.0,1.0,1.0
1268a05718a84c8e964e6cb0212f4a20ff0965af146c5c017c647b48c50625cc1ec2af50f59b8ca4a22774fc3f55926b5f9045795f73635b8d8b8e4b6957ed21,CLEAR,DAYLIGHT,DRY,"OPERATING VEHICLE IN ERRATIC, RECKLESS, CARELESS, NEGLIGENT OR AGGRESSIVE MANNER",1.0,27.0,2.0,2.0
1268e414fc861a87bbbcced638c937e53f2610602fd16bce34264758a0dce1050f24e4d9882cfc0a3388436932302c0192524ac355a4c74140231da8fdace611,CLEAR,DAYLIGHT,UNKNOWN,"OPERATING VEHICLE IN ERRATIC, RECKLESS, CARELESS, NEGLIGENT OR AGGRESSIVE MANNER",1.0,24.5,2.0,2.0
12690679f8e02cfbc5f749e8d4bf29d3a88c1b7269c5148285496bf110a1ba9ae0ab51aec8bc032d666a4a86bf8ebad4a076dfca45ccaa88e055d0f5a098ef88,CLEAR,"DARKNESS, LIGHTED ROAD",DRY,IMPROPER OVERTAKING/PASSING,2.0,61.0,2.0,2.0
12692cf3957ddbfbaf03015b00ca983c24eea572f93d8a94ed5f4f08b2af1d6ad7fa53d34aa3f8bd8c03c8c17084c7a2b3e3b87ac5a25782a2df4edfaa5a82b5,CLEAR,DAYLIGHT,DRY,DISREGARDING ROAD MARKINGS,2.0,34.0,2.0,2.0
12697271868aff81dc4e7b44cb86a361f202b2488b524a3a6353128d83a5cced7e4e932da1aef2b93319c17c19931b102851931fac74f3d6598bf3075db8e417,CLEAR,DAYLIGHT,DRY,DRIVING SKILLS/KNOWLEDGE/EXPERIENCE,2.0,55.5,2.0,2.0
12697a3bcf033bc103cc4c35dc7e34cfc44854123346ddc69e693aa5cf3e23dfad73e732b9021f75eac404a3716839dd97667a6608c0d7d18baf991142f03d8e,CLEAR,DAYLIGHT,DRY,FOLLOWING TOO CLOSELY,2.0,63.5,2.0,2.0
12699a87dccfad4babce7ae91acb2b915abca8b9de4359b7f2869a6c3e202f594e9bf02906cc9e75a7bc47301bfb864aabd48b72508bff06b3799bb23bcd8504,CLEAR,DUSK,DRY,FAILING TO YIELD RIGHT-OF-WAY,2.0,30.0,2.0,2.0
1269c7a3fa4942b25cc8c711ed2d7b782dd047d71f779543882963e6719bf92fc043328a4ae016324769a5b2e227b2aa8837957f15662fa193d224e48a0f252e,CLEAR,DAYLIGHT,DRY,IMPROPER BACKING,2.0,41.0,2.0,2.0
1269d2d4ea37c7223ad29622c40572d9e508a0c7a2cb3745e4afb109894390f8e4988ceca904d2c7c3be097e5d47dbdc1623a0302ec529882f1569c457d42011,CLOUDY/OVERCAST,UNKNOWN,UNKNOWN,FAILING TO YIELD RIGHT-OF-WAY,2.0,44.0,2.0,2.0
1269e68d7e8eedd765110c49b8cf27c12eaea02042f519808f33bc80c88e3d2109b7412974560148932433c4e2f025b7a3fa680ebd8a778dcac267444f8e546e,CLEAR,DAYLIGHT,DRY,FOLLOWING TOO CLOSELY,3.0,43.666666666666664,3.0,3.0
126a15c8d372d12b45b16f12bdc9af9bafb20726f7d2db5e0bf3ce21720ec08849ef381049174dd1acc6ce8b2b2d9743b0d07ec23f2a0df2ab5689201f9f9bc3,CLEAR,DUSK,DRY,TURNING RIGHT ON RED,1.0,52.0,2.0,2.0
126a19ee2f18a8393971a83646903709dacc0cbcbeb7d04554aa6b672fee44f028804379ef1889b99e153983bb4f05f23df549dfc08b799b2b2d398c757c3c32,CLEAR,DAYLIGHT,DRY,DRIVING SKILLS/KNOWLEDGE/EXPERIENCE,2.0,37.5,2.0,2.0
126a255bfba1c411c443928f8a684be012d4dc282b9c7a779eb65d7afabdfe16be79cff2950545aa3ca79decb4a6cb461fbfcf8608553c6f02a6b37323510e97,CLEAR,DARKNESS,DRY,PHYSICAL CONDITION OF DRIVER,4.0,20.0,2.0,2.0
126a497c8608eb87fd32329f04a8fdc61415cfacddbacb4d65ad441624c63b1644c59e381a8f81ffc0ae267b7322902c3a31135165e64a6f0ec9785f74cead9c,CLEAR,DAYLIGHT,DRY,FAILING TO REDUCE SPEED TO AVOID CRASH,2.0,43.5,2.0,2.0
126a7219310c84c539a73a36aa500d76e56cd347913699f7069a3db2d7ae707637fd26ed02b9e2609e29852818246fdf9aa193d5e0ca13854338cf0d7ee11e62,CLEAR,DAYLIGHT,DRY,FAILING TO YIELD RIGHT-OF-WAY,2.0,66.0,2.0,2.0
126a78e60d679077042aae73b0f7d958c3fa5a03ca4fadac90ca390e41afcd52c437145b6b2c4776e175f37934d6615f15236841be66bf8e57bb465954e10e69,CLOUDY/OVERCAST,DAYLIGHT,UNKNOWN,FOLLOWING TOO CLOSELY,2.0,57.0,2.0,2.0
126a7b32339b7dd7f6c059369aa976b43e90296befd794ef9f931e5818536cde506de14e0b12037380b0e442cead01c5cb73bd91da3f00fcc1d106b25b7145c9,CLEAR,DAYLIGHT,DRY,DISREGARDING TRAFFIC SIGNALS,2.0,28.0,2.0,2.0
126a7e03dc15f4195a0989f5608092bf5d4ddd7a683c80b5d94756990d4d9d888e755ce4d2e9553760847605715e6d55bc326d3e7223ba59eea34e6f07d9815f,CLEAR,DAYLIGHT,WET,IMPROPER TURNING/NO SIGNAL,2.0,55.5,4.0,4.0
126a9421d6d2e2b2956bdb5da8548d11c1b4536a1d2377f850ee4f35568afc1c3ecbcb507755d162fd636c5cea8b317b799c225408901ade47ee2429ee2e805f,CLEAR,DAYLIGHT,DRY,IMPROPER BACKING,1.0,40.5,2.0,2.0
126a98af9d8ad2fb040d3b1340c1c2e0482f65a601bf0f0f079da2a5c1f77add9fd3357be0f1d8d17369cb4fa96104c832be184fdd37ec2d863cddfd7a692653,RAIN,DAWN,WET,FAILING TO YIELD RIGHT-OF-WAY,2.0,35.666666666666664,3.0,3.0
126aae751a8b8548400978711ea8c9cabcab107515f206dae43beda004e17e63c040357867e3214f9bec567354f37b1a27f89933c5c17ce63d5dbe41983f8d11,CLEAR,DAYLIGHT,DRY,IMPROPER BACKING,2.0,31.0,2.0,2.0
126ae5ebd7672eb3e7c5dddb91f8deb3b03adb9808d40d3228702249f418017f632d1a79b8a0d8ffd2587542f1e3084a3f4dab2014dde816abb28c8e2075d28c,RAIN,"DARKNESS, LIGHTED ROAD",WET,FOLLOWING TOO CLOSELY,2.0,61.0,2.0,2.0
126aec83826495273aa39b0e5bf54c1907d72b32b497fc4064959fa563c6e0070faebbeb48c5438c89026a9a918b35ebac8528c8d83a884c5cbadc78ff1489c3,RAIN,"DARKNESS, LIGHTED ROAD",WET,WEATHER,2.0,38.0,2.0,2.0
126b4d7abd3a6b4644e777e11cbcc1e94c93fb886cfd84cf438351c04086c1e9e2e50a91c2c9fdf3c97d769b1bc7e7389066e1fbeebfac2ea6eb95b1a1ccd2d7,CLEAR,DAYLIGHT,DRY,DISTRACTION - FROM INSIDE VEHICLE,2.0,43.5,2.0,2.0
126b674ed1bad12091e9695fae2530fbea5d22accdf329d1d179c8f89ec5e81bc1fbb9a8f7b0581ae99689333a75dae2f89a9d010ad298296749cb7b269508ed,RAIN,DAYLIGHT,WET,FAILING TO YIELD RIGHT-OF-WAY,3.0,41.333333333333336,3.0,3.0
126bbf45bafd8af72c148bb16ad23c358843797d0abab2eba32ec1b965c3614b05dc25937ccb5ddb3adc78a2201d52750ef10f2fdc30d3a29bdaa4db20f479d2,CLEAR,DAYLIGHT,DRY,DISREGARDING STOP SIGN,2.0,45.0,2.0,2.0
126bc61d969c7686accb23dae1f6d5b6514d241931f8dfbd5b664f82e837a89fef6c3830413185a3db927864cb8f8c35b2c5ba24450e96cf6ad49e5636fdc07c,SNOW,DAYLIGHT,ICE,WEATHER,1.0,50.0,1.0,1.0
126bd0d998233e2e32d575c0856267fa0341041cca4ea279753cdc5b8ea9eebc5e2fb9d3de16181c22ac1e2af9f1fbf082ac8295fdf4ead810ef4b137e48b45a,CLEAR,DAWN,WET,FOLLOWING TOO CLOSELY,2.0,17.666666666666668,6.0,6.0
126bd34f8834c5977d22b573cc66cd171cd85a4e69ae09001b369ff577d4393abfa9c7a3ac854413a3067bf5f821df62e616e973290801e707988e973c43ef6f,CLEAR,DAYLIGHT,DRY,FAILING TO YIELD RIGHT-OF-WAY,2.0,50.5,2.0,2.0
126bfcdc676bbefec16b782d9415505c93c182056555c65576e921f72c7af4ee14ae8e89732ccfd75e21179bee99e2bf8df50f4ead3173b47020abb87a9a1b8f,CLEAR,DAYLIGHT,DRY,FOLLOWING TOO CLOSELY,2.0,28.0,2.0,2.0
126c3d589d3b433a165fbacd697138e6f1bdfcbd11d79ffcb73398a83c62603bd40f3a24c45d7b8bdbb3f973be8b5fb269a25106afe22fd93a37756c0da4a29e,CLEAR,DAYLIGHT,DRY,FAILING TO REDUCE SPEED TO AVOID CRASH,2.0,37.5,1.0,1.0
126c83190d3e908abb6632930815212d8789ac7df7a9023dfa9847238e7204b3ae5f529b430062e0ff55680d76a5078fc366e7e58614a057659cccdea7888cdc,CLEAR,DAYLIGHT,WET,DISTRACTION - FROM OUTSIDE VEHICLE,2.0,50.5,2.0,2.0
126c9f73f278ed68f0e4b284dd9a4221dae0d9d87402fa9d22f81ea7589012c2300f73dcb7fa60e9dffb1b2e65565f1a9ec1779b433df5f2e9fdd8fc7832416e,CLEAR,DAYLIGHT,DRY,DISREGARDING STOP SIGN,2.0,25.0,2.0,2.0
126ca567d8ccb291034859f936ad97be6cd98e2974c0a5beebe1ba1a6d53e3968e88227be5c808b65eeffd61b3c6bd6a97d80518b408383f42dc7cc6717db6f3,CLEAR,DAYLIGHT,DRY,FAILING TO REDUCE SPEED TO AVOID CRASH,2.0,67.0,2.0,2.0
126cb71ac8bc0bb53edc461e3b5975e74f80552493e2c03b2b9b9d515632a672e8b08c640b381c48f4306ab3d2f9355085b770674a66c91feee26da3a50c6d38,CLEAR,DAYLIGHT,DRY,FOLLOWING TOO CLOSELY,2.0,36.0,3.0,3.0
126cbc74f9863f2a7ee010aeec3e1575214e457a1e5ead8be2cddcee3349e1a76bfb95e2e6d3219e609000520d58a9908444af940cc7b4168d565319bc79c615,CLEAR,DAYLIGHT,DRY,ROAD ENGINEERING/SURFACE/MARKING DEFECTS,1.0,45.0,1.0,1.0
126cd92a587e0657b5df1dd38e84208f89fe96855de075f2789451759b07b8421de1cb553d45441a14376811222bf4208e9bd021a5604ac1867867d70bf4d0f3,CLEAR,DAYLIGHT,DRY,IMPROPER LANE USAGE,2.0,56.0,2.0,2.0
126d159782f81749560c5341429843a7d70bb564c96d30cd819af8391502961797cbf5a55bbb430c670070f15db02cd824f339a9abdae3935ee6d7ee698e8e8a,CLEAR,DARKNESS,DRY,FOLLOWING TOO CLOSELY,2.0,33.5,2.0,2.0
126d34ac52c6764fdca2048b7915666ae66d0d72f9f1a5b9d25d38524d810202017cf6e89500276f35811847567bcf65446e77c02b3d68275fd38f4e84de2456,CLEAR,DAYLIGHT,DRY,FAILING TO REDUCE SPEED TO AVOID CRASH,2.0,62.333333333333336,3.0,3.0
126d63f12831802357f6a9253f59e46206cd62fa656bd34cc7b86a2a5177ace80ef015d9469097d2606474fb987bc160722b88203d30bb1684754ec8a576c484,CLEAR,"DARKNESS, LIGHTED ROAD",DRY,DRIVING SKILLS/KNOWLEDGE/EXPERIENCE,3.0,33.0,2.0,2.0
126d67e1f391a14dba3536d5a38fd953101cf3193b2f6fe4e43afb79c6ab7694576e17e2c83ad88e791c80c7c1a716d2928f864a1917030ba20fe979f74e112c,CLEAR,DAYLIGHT,DRY,FAILING TO YIELD RIGHT-OF-WAY,1.0,77.0,2.0,2.0
126d7292545bad99e8aec12608c7d7b0f18eb91bb183a76d912541e728a294452f23cbcce77425b31c8d3f1c8bef29f3e018c8a3dd43bd87924f600f8895089f,CLEAR,DAYLIGHT,DRY,DRIVING SKILLS/KNOWLEDGE/EXPERIENCE,1.0,32.0,2.0,2.0