crash_record_id,weather_condition,lighting_condition,roadway_surface_cond,prim_contributory_cause,total_vehicles,avg_driver_age,total_people,total_injured
126d8baa3cfd4fae88301c054497689166d0ac8500ec1b8c8945e24e13a78e09782600f304607742e6cff734719ec08cc6b3a9bde4f599eea1d8729d53f48c37,CLEAR,"DARKNESS, LIGHTED ROAD",DRY,IMPROPER LANE USAGE,2.0,38.333333333333336,4.0,4.0
126dd157c0e0450348364e0497e4bc2526dc71a30beecf69f0eb24771b42724fc418ce7a2329141f604a56303eac838aa614d1b99f9ad800acc79698b332e68c,CLEAR,DAYLIGHT,DRY,FAILING TO REDUCE SPEED TO AVOID CRASH,2.0,65.0,2.0,2.0
126de8bcbe768d0ecbe6a35a74fbcdffc8fe73d15246628cf82197d99a3e74917994cb67e1349ffda8ccff1ed9e3c3820001a3afce1feb6b5b6f7d30a3c2161b,CLEAR,DAYLIGHT,DRY,FAILING TO YIELD RIGHT-OF-WAY,2.0,20.0,4.0,4.0
126e42d8840a6058e31988699ee1083f08530d55065103f6789e6996ad9f8d4daa2bf64e4850b95d21ab90214e7979bfab75874fef4c3b0bfb96a01a096e2d5b,CLEAR,"DARKNESS, LIGHTED ROAD",DRY,"OPERATING VEHICLE IN ERRATIC, RECKLESS, CARELESS, NEGLIGENT OR AGGRESSIVE MANNER",5.0,37.5,2.0,2.0
126e5b9a35c7a6cc5f8972556986be3ffd8b5f6b51e95afb58d953d1d733f9887c5582f8de034b4290643535945ec8593791eb9468563a18de51c485d2e5713e,CLEAR,"DARKNESS, LIGHTED ROAD",DRY,DISREGARDING TRAFFIC SIGNALS,2.0,25.666666666666668,4.0,4.0
126e6346479444b0b2e2648e2ac9f92edac06454aae22de0bf4350793c9ea48321153a32d9e6c9d07d47bc74d53c18ffe724e5753e926e57c6bf9da7979e8e94,CLEAR,"DARKNESS, LIGHTED ROAD",DRY,"OPERATING VEHICLE IN ERRATIC, RECKLESS, CARELESS, NEGLIGENT OR AGGRESSIVE MANNER",1.0,19.333333333333332,3.0,3.0
126e6a3e94f7ad637ffcac109a2e21f5a0d2cbb681f9dfa66e5ccc6ab6434031766e27f489d8e5876ecfccb791b7c14bb68b8fd39d2603dd0b6ebe89aafad7d0,SNOW,DAYLIGHT,SNOW OR SLUSH,EXCEEDING SAFE SPEED FOR CONDITIONS,2.0,65.0,2.0,2.0
126e7ab54caf7db9266146b73515479173f599e11d9a975112f35684646a77aa2138e5224fde31c86c413e8810b799d4abcfcbc1fd5113f534e46268b482bcbf,CLEAR,"DARKNESS, LIGHTED ROAD",DRY,DRIVING SKILLS/KNOWLEDGE/EXPERIENCE,2.0,39.0,2.0,2.0
126e7f6e3ecc050d0c13da96bbc49982ab4eee2574e11f0328bce5c17524003366b6835cd27125eb2b0e1632c210acb9b60597a3128ffd6ed69a30ee46f2d92b,CLEAR,DAYLIGHT,DRY,IMPROPER TURNING/NO SIGNAL,2.0,43.0,2.0,2.0
126e859424d9f48046a83951ed1e65259d340fec899c9fe066b1eb69d0eddb22620166be008d38b1cfa8fd5b3199bcda55c2f303e48e82b0b7ee804ff4024730,CLEAR,DAYLIGHT,DRY,FOLLOWING TOO CLOSELY,2.0,32.5,3.0,3.0
126eb0a23a1ee530d11ff9543cd1696374494239e4f153db97587a08b1c9cad5a053a524f676fb83b5e4f537e8ecf6448753e7263b2c514d10c913377399c70b,CLEAR,DAYLIGHT,DRY,IMPROPER LANE USAGE,2.0,68.0,2.0,2.0
126eee073307847a8d569c7ef1109b1a7b792e75b2667b952305a1e26812a6c30e00e224a31a5c7adf292a7dfe9e824c6366a9ab30a356c819d265b1ec72e12e,CLEAR,DAYLIGHT,DRY,DISTRACTION - FROM INSIDE VEHICLE,2.0,21.0,3.0,3.0
126eff8a500c1e50cefb7f8aa2e06ae3cd159f09035b3dc56b96d143bb699344b3adb74d5da2df1c3ba4f7c9bbefe44e75b7bf51330f679e76b0c9950445a678,CLEAR,"DARKNESS, LIGHTED ROAD",UNKNOWN,IMPROPER LANE USAGE,2.0,36.5,3.0,3.0
126f63fc92a0dd1bc98b637888cc5e3f0b8ceb0d30e99999e0705edbc612162bb9351c941c5a89e43cedcd2f97dc63be96faa5f3e9acc644064fcc7c1b431696,CLEAR,"DARKNESS, LIGHTED ROAD",DRY,DISREGARDING STOP SIGN,2.0,25.0,2.0,2.0
126f73eaba92cfed570e9be5598c22e5fc39b34f3f79688639d19015536087c8b38dd74dff5531b47aa5271a84686c463f3255756253b580175bcaafdb7699e2,RAIN,"DARKNESS, LIGHTED ROAD",WET,DISREGARDING STOP SIGN,2.0,34.5,4.0,4.0
126f8c71399332026270721d007e6a4a00bcae12fed016b0d2cb43ac2fb53ada860da37f6219902990c8cd61c1f71df6ca44d08975bac544b5fa1479316ab5de,CLEAR,"DARKNESS, LIGHTED ROAD",DRY,FAILING TO YIELD RIGHT-OF-WAY,2.0,41.0,2.0,2.0
126fbdb296e04d8d7b9126d829ade26cbb0e815c87944f90fff867edea1b22a6fced6dd254a416526035c3cea5f03acb603ec0163a19201be70571d8d3a9bec1,CLEAR,DAYLIGHT,DRY,IMPROPER BACKING,2.0,48.0,2.0,2.0
126fbeb89962c3b590e5685161489e62a4b2cc12ae4a3adcf02fbe373c9beae8bdbc3c486ed74a16cf63cb7448a6709d9cbd544b0e65e857c52513c379c85b23,UNKNOWN,DARKNESS,UNKNOWN,FAILING TO YIELD RIGHT-OF-WAY,2.0,26.0,2.0,2.0
126fc3bddea9c8a79bd9e979bc180efb69831eb6822d5a24b94f89bfb5f8a6fef9b73f720f27065778059ee4ec7d0487505985e694fe0a494c9013e477985739,CLEAR,"DARKNESS, LIGHTED ROAD",DRY,FAILING TO YIELD RIGHT-OF-WAY,2.0,59.5,2.0,2.0
126fdc7d8f158eea4e39b89b4fbf13195ee712ba7d29921320c5000dad44da467b2d35b1757d274e84623d9e5c7cc557a74a974e7d2930ebcf61e80330b72e0a,CLEAR,"DARKNESS, LIGHTED ROAD",DRY,ROAD ENGINEERING/SURFACE/MARKING DEFECTS,1.0,24.0,1.0,1.0
126fe3af77b9c02bb83b3cf7fab452fb4609b61d56efe0bb39292dfc35653b4fad627fae05fb70d86d6afdfc61cdbcea6254e8daa4796ca75a147134cfa3c9c5,CLEAR,DAYLIGHT,DRY,FAILING TO YIELD RIGHT-OF-WAY,2.0,62.0,2.0,2.0
126fefc10f11dbb5014b85175fd913050dbdf511c27115a7e1bcd36ac1298947f8e318ea513eabbdab74faa8bb2a2aa548234817024c7b62b45f411b7cb0a92e,CLEAR,"DARKNESS, LIGHTED ROAD",DRY,IMPROPER BACKING,2.0,49.5,2.0,2.0
12702b19093c0546b2ee37e80634773f6318bfd313320c2f18a1ebb1fecedc9c49ff65316fe88882467b4a02f30aa04f66f71025141f398b7d392e3a912050b1,CLEAR,"DARKNESS, LIGHTED ROAD",DRY,FAILING TO YIELD RIGHT-OF-WAY,2.0,31.0,2.0,2.0
127044929cea393908e02150d6df5a5acc078e14970cd10d7f7fcfcebef03aa04e325d5570c3bfa41fae14280fab39eb9a94d10f484483bfcf9213a102531cb2,CLEAR,DAYLIGHT,DRY,FOLLOWING TOO CLOSELY,2.0,21.0,1.0,1.0
12705879a6b361e190dd290b97e49f4b83289aa727335fa9457dfc55690c8a099c8b1cc49604195ced6e3e9cba01e2f28fdd27a0414a9e1145410b9349e6cf2c,CLEAR,"DARKNESS, LIGHTED ROAD",DRY,FOLLOWING TOO CLOSELY,2.0,39.5,3.0,3.0
127063fa83fe91b833b62a8474113f12a7ca7d61930e12e831f8b7b81155aad656e4358abbfd5a4a2665d5902f27bcb7d364a87d634fa5c521472edada955caa,UNKNOWN,UNKNOWN,OTHER,FOLLOWING TOO CLOSELY,2.0,37.5,1.0,1.0
12707573165901ecc237984884139bf3349ca30c7a6724244a2b633f486b2c8544916a5bb3134de77bb9b612c47a68e0c0421ccb8a4556e4e44b0232ce929387,CLEAR,DAYLIGHT,DRY,FOLLOWING TOO CLOSELY,2.0,41.333333333333336,3.0,3.0
127098f4c7c060fa5531fbf393c8dd26442c3338b1c9fd784046c3efd45004ca3c8e5ce67fe197d61a1e27335e2bc06a1d4628d11087d2450d0a0c6504925c9a,RAIN,DAYLIGHT,WET,IMPROPER BACKING,2.0,30.0,4.0,4.0
1270b509f406595e8a6311bff00debfe0d7a3c71d03f23aacc6d413689077cec463686500215bcbd3e8fafcf4ece33fa949781698b2b62c8b77f7d43409c9325,CLEAR,UNKNOWN,DRY,DRIVING SKILLS/KNOWLEDGE/EXPERIENCE,2.0,37.5,1.0,1.0
1270b8ba8574d9427adb1383ac58dcd748f36bb63bb8467ce5a24d1fbfe389f63560077fbfa7ed048ebe3c5ac21963ecfd657ced0f9714de5c74b925cdc66f48,CLEAR,DAYLIGHT,DRY,FAILING TO YIELD RIGHT-OF-WAY,2.0,38.0,2.0,2.0
1270d0eb48442d976c1395d3a45f04e7546b34620c550d634455c60333bbe41dbb15778cc45c41c900d7e3f9027c28d7a0243fe15ec313ab798fb92c226d8651,CLEAR,DAYLIGHT,DRY,FOLLOWING TOO CLOSELY,2.0,66.0,2.0,2.0
12711145349b425d643e900f82f1bbc396dcc951d808c7c4240ebf3164a851aaca35453978f8cad146828199222abc6266ef2a0defa87d69b34ce655997cfad7,CLOUDY/OVERCAST,DAYLIGHT,DRY,FOLLOWING TOO CLOSELY,2.0,37.5,1.0,1.0
12711caef78c924266d822b9e5502b2517adbe8be21cfa9f960dd8249695f7232c30ca5c84f175a8ddaa3505f49b100d86e1ebd7664c71c63462e6f2e97498d2,CLEAR,DAYLIGHT,WET,FAILING TO YIELD RIGHT-OF-WAY,2.0,30.0,4.0,4.0
12711e55494abb2a6cee209770fb8f72bfde925591be8f0b4f321c45e4bcbdd752e9390b1b67be1333db2af6ed18db1f5e5ddee84e6aed513270f3bb318333b6,CLEAR,DAYLIGHT,DRY,FAILING TO REDUCE SPEED TO AVOID CRASH,2.0,49.0,2.0,2.0
127190a5af8d80beccc1c6cf08653cefeb380e02bc0441c6b58ec1a0652f82c881054e19dff79857bc31ed7efd9b967a3f4ac1b48e1f3828e7b6cc779e115301,CLEAR,"DARKNESS, LIGHTED ROAD",DRY,EQUIPMENT - VEHICLE CONDITION,2.0,30.666666666666668,3.0,3.0
1271b13767649abaedf091bd8ea12b4b33e52ab083730d457af317708aec1ec111e56306b9d54331796a6b9e5cce1085a4bc5dde2eb39d896f4d9963b3ddcccc,CLEAR,DAYLIGHT,DRY,FAILING TO REDUCE SPEED TO AVOID CRASH,2.0,45.0,3.0,3.0
1271b942b33cb5a163e089d9abc91e4a339f3e28b2f79c50e46f99add4f3fb1211a6fee709baee7e98d8a27ba0129ab15154bd345ccadeda780bc053f132d53f,CLEAR,DAYLIGHT,DRY,FOLLOWING TOO CLOSELY,2.0,35.0,6.0,6.0
1271d320754b61e24a40ac7f7f5dcfdd7e2f59df5a7bd9c45b2155180221963776eaa8eab1d22bc084f72e413e57fa1f61aa389eec5f4a1142cf7c9fac5de837,UNKNOWN,"DARKNESS, LIGHTED ROAD",UNKNOWN,FAILING TO YIELD RIGHT-OF-WAY,1.0,36.0,2.0,2.0
12721d902b48afba6e11a54956e650239c75b7613e5b73e422b98880b0cdd6595f947050d707418626656b2cce3548a2502dd27b7deff3cc000f71af3fd0b09a,CLEAR,DAYLIGHT,DRY,FAILING TO REDUCE SPEED TO AVOID CRASH,2.0,43.0,2.0,2.0
127223a899288e63a8a05341032d8281ca54bdaaff548f251b2d5f7596eb7e50b1f3c720197bfa48fb290f7092dc9f8ca7b20852f3db4d3cbb512923faaf95c3,CLEAR,"DARKNESS, LIGHTED ROAD",DRY,IMPROPER OVERTAKING/PASSING,2.0,51.0,2.0,2.0
127236dd3e1d8bf5b21c81cce94f76879c6bf19083c1aac1c3a08c4ac7d5eca3c1f2a39354a2d054410d3aa7d1d2868db46d955f41b4fa88c101054eabcfdbb1,CLEAR,DAYLIGHT,DRY,DRIVING SKILLS/KNOWLEDGE/EXPERIENCE,2.0,53.0,1.0,1.0
12724be70a49b4ffba07ca77089ee6cafe3299f77d24671f2a73c9e7023e315e268f40923bfd05a0ae17fe64fbed742a8ecf28d5e7a290ae2e9a653634cb7658,CLEAR,DUSK,DRY,DRIVING SKILLS/KNOWLEDGE/EXPERIENCE,1.0,46.0,1.0,1.0
12725b74a52c0682b865efd67130ecb107a1ae3896da833fc7ddbda156da332e0b9d4c3923087de3a73303bf35451fed99c80ce4b1bc85ead1d87b7d593064f2,CLOUDY/OVERCAST,DAYLIGHT,DRY,DRIVING SKILLS/KNOWLEDGE/EXPERIENCE,2.0,69.0,2.0,2.0
127270eaf5089722c1138661d04e347971cb4dcca1e0e417fa3ba3d9324a4103c2a0c093db71d5be36dadc07644d44d64301c22b51a0f483a752a5256772abd2,CLEAR,DARKNESS,DRY,FOLLOWING TOO CLOSELY,3.0,51.0,3.0,3.0
1272d0d98b16e9f3464720074ec02dd0a672d0c31b10d796bc15b9d86a568bb0c63a2940f6156b9743d2ef2b907f68baacc4935a0c132548c437feea36b1d436,CLEAR,DAYLIGHT,DRY,FOLLOWING TOO CLOSELY,2.0,47.0,5.0,5.0
1272d563c1999c74269221deef72935628ca9f223de843868b9c979956e45e39f72d28bd2748d9672a222fa213882b35742c2d743885b162707da1dc8f519245,SNOW,DAWN,SNOW OR SLUSH,PHYSICAL CONDITION OF DRIVER,4.0,24.0,1.0,1.0
12730a0db12bc9d4b3d6d7e6d2c70e2ce1b0f309f248c033de2ea2a025499899cd7eb1f28c1aba514e747b41ede85bc532f929b4a8b40a6888fb26e2fbb28dba,CLEAR,"DARKNESS, LIGHTED ROAD",DRY,UNDER THE INFLUENCE OF ALCOHOL/DRUGS (USE WHEN ARREST IS EFFECTED),2.0,38.0,1.0,1.0
12731a3a3a6a40693fb2d60c8c016371906be36d57dd467076e0a32ba65eb49fcba7c4e9e085e68df9040485179c97b99bd01eb2ce68e0ddf1e89698bba0dbc5,CLEAR,"DARKNESS, LIGHTED ROAD",DRY,FAILING TO YIELD RIGHT-OF-WAY,2.0,47.0,3.0,3.0
12731bef04d1ad1a5e0aff8abaa61296204cb6bfc792c975ef9271f66e0629b40dea79275880a3c8f160528541e8d7e772955418c764bd57d511077faa75aac8,CLEAR,DAYLIGHT,DRY,DISREGARDING TRAFFIC SIGNALS,2.0,37.0,2.0,2.0
127330618fd8dbb540d66804f12de07a3d346de6ac6bf44cfe140f452c37f477ab8bade7fdc30da010c5fc5993631b9edca2bba01c9997f3bc7472d66b9e8aca,CLOUDY/OVERCAST,DAYLIGHT,UNKNOWN,IMPROPER OVERTAKING/PASSING,2.0,31.666666666666668,3.0,3.0
127336f337ab7c1e93d59045ec541a5fc89d1156a9559561689f44968e3bddf5c038f9a6b84ccf082a51c2a42cc8ce4063236c76787d6344a8cbd7557fef01ac,CLEAR,DAYLIGHT,DRY,FOLLOWING TOO CLOSELY,2.0,48.0,2.0,2.0
1273375ddd94628793e83b5e3e7eb91335969a5ecb2a1d77adad67e3e9519fae072b1321158c7ae3702b3c02362821454c60213817e48e5ea5f1f46cbcb63730,CLEAR,DAYLIGHT,DRY,FAILING TO REDUCE SPEED TO AVOID CRASH,5.0,34.0,7.0,7.0
1273376e2351e68b885e808ae072b1f032589bc0a069f917b7b219117cce5ce9c2268559f3a90e0a031fcf1a944aa5334cce93c6cd1a2c07392ec375fdb1a4d9,CLEAR,DAYLIGHT,DRY,FAILING TO YIELD RIGHT-OF-WAY,2.0,63.0,2.0,2.0
1273acaa0878d14ef32456da92a22bc09cb213d532e89a8029c22affa0b007b5e1c9b02fe9f07583d0d113755699f56f617e6bd2be2c8424a3a4837f26555ae7,CLEAR,DAYLIGHT,DRY,FAILING TO YIELD RIGHT-OF-WAY,2.0,29.0,1.0,1.0
1273ae1453bf71be2cf396968c56a1c99f802061c1a7c3c171a95fbe011befae9390e1eb6abaf66ead343898b963390de4509da643f2c8985d59282ce0c2bb8f,CLEAR,DAYLIGHT,DRY,IMPROPER LANE USAGE,1.0,42.0,2.0,2.0
1273b37bb35614a6b9c7c3b304c6622442ca9bd8adc8c25e64792dd99b068639583db9a6088eb363c1c8abf82a4520f243db3ca321e6538a5e537ab2f10a2818,CLEAR,DAWN,DRY,IMPROPER TURNING/NO SIGNAL,2.0,33.5,2.0,2.0
1273b46d4e7f7930905accbe60f182da04fef8f8326495e6c564f24b846514e9ddd736e173d7edc0e2a3e260f05fae17e945f5c477bff08e349124ad65255162,CLEAR,DAYLIGHT,DRY,FAILING TO YIELD RIGHT-OF-WAY,1.0,23.333333333333332,3.0,3.0
1273e2698cfe70edbc82ca7431952bf61bd206cf405523784cd9d7565fd521bfd75e90a895429618d2db3a571e120ad30ec9bc326199e52f61d11218ebbeaf67,CLEAR,"DARKNESS, LIGHTED ROAD",DRY,DISTRACTION - FROM INSIDE VEHICLE,3.0,27.0,1.0,1.0
1273fdaa25c6833784df4ce34b99188eb78801682ed93ea478fdc5edb0190092db160e56bbe553a46ebca0897abed1dd545fdd92b0fc565c8c235a9bac42f1c2,CLOUDY/OVERCAST,DAWN,WET,FAILING TO YIELD RIGHT-OF-WAY,2.0,15.5,8.0,8.0
12742c5a50a0622e2f567825c8b29b036889cfbd4774a0ab6887add33cf27e696ed10381ad3670720bf425e077753a18fe38102bfb0bc43cdcf08a2bd12dfc31,CLEAR,"DARKNESS, LIGHTED ROAD",DRY,FAILING TO REDUCE SPEED TO AVOID CRASH,5.0,41.0,3.0,3.0
127469efb2b2ece93e6a132db69489f616017cc3544a6ac1a57f5148bb6881e64645947967a946f9343f0bb4694d3ff288dc6e193856b21439dd64ad102c42e9,CLEAR,DAYLIGHT,UNKNOWN,IMPROPER BACKING,2.0,71.0,2.0,2.0
1274a00bce8a4be1c4d126a6a4f4af525d5675a49250529064e748ad877e9d18372c0e272a5ea4b77340ae3a1b220bb163cedadb667ed2e3957ef261d74d8742,CLEAR,"DARKNESS, LIGHTED ROAD",DRY,FAILING TO YIELD RIGHT-OF-WAY,1.0,38.0,2.0,2.0
1274b31826668d1f57f5baf8750037038ac5bcf88aa6fcc9319ee41ef017262f6291a9d13ed0a8bd8dd437f98eea740b1f53768e628688c7eee821268a4b4faa,CLEAR,DAYLIGHT,DRY,FOLLOWING TOO CLOSELY,2.0,21.0,2.0,2.0
1274c08c2c1d51cffa21eec361b0a33dbe84d4b3a9a1dfea76d29564b43a668b9ccd64c56eb5708f9ba3c57be4085a79e9796984dac010f94befee16ee23000b,CLEAR,DAYLIGHT,DRY,FAILING TO YIELD RIGHT-OF-WAY,2.0,26.5,3.0,3.0
1274e14757aad886ed21f14d3022443af01ca781510fcd02505e1562ec824596186b63be183fd7e81194bee1fdf91fe71c3631e7c9e83e5d0b57eae20cd38f1c,CLEAR,DAYLIGHT,WET,IMPROPER TURNING/NO SIGNAL,2.0,33.5,2.0,2.0
1274e57a42c38c1c965d6e89b90d45d7eefba28af7f720cde0a50621aa3e51fe0256d8707587108dfdc3fb361e90dfe89a7779a7feeb87f0ff37a215fba4f420,UNKNOWN,DAYLIGHT,UNKNOWN,IMPROPER LANE USAGE,2.0,38.0,2.0,2.0
1274ebc0e08df0ab2d349f19ca759ce63072968184467044cf68ff1c4262bf3cd23c46a9b0f9987342c45bc12a7413c499b0032ef16c8e9ea1d155e8f2aa5e1c,CLEAR,DARKNESS,DRY,FAILING TO YIELD RIGHT-OF-WAY,2.0,24.5,2.0,2.0
1274f8ecbfd526d967b3782a0822cb0212de603f28351a7aa7ef8786c7ce1ea671c28be8cdd0e50b6f0a5fb18a537a544bf9f4ec53ed1fcf32f60c840b7d54ac,CLEAR,DAYLIGHT,DRY,IMPROPER BACKING,2.0,57.0,2.0,2.0
127504006c774da0ef5463697b0ec36c7b5799352558a6031dac0492bcf199824811da4e0d469fb607c36d13b7ffcacbf61f8c18ccc46470aa23376f71194f91,CLEAR,DAYLIGHT,DRY,IMPROPER LANE USAGE,2.0,27.5,2.0,2.0
127506a1bb6c6848c23f4e8335f6cf29530a8e3901ae21fb46a84cf52902b3fac1434a173eb6c402ad0df082e16741466a68bd2bc0543cc5fa63ab1eb86574a5,CLEAR,DAYLIGHT,DRY,FAILING TO YIELD RIGHT-OF-WAY,2.0,38.5,2.0,2.0
127511b4527a16e2b0e7be3cfbc2b7842e583f3871917dc0973933461d0dd654cb249d755ca0421d03d44c2ae22d8543a94c6ed103ac2bb018e771af18bc5755,CLEAR,DAYLIGHT,DRY,FOLLOWING TOO CLOSELY,2.0,50.0,2.0,2.0
12752d396200ad2071b8110ceed5fc1cb7ff25077f17d51679e909310863223ef6a0d2aa22585b1d805982533e27fefec332259af263508b51bc55a823bca8b4,RAIN,"DARKNESS, LIGHTED ROAD",WET,IMPROPER LANE USAGE,2.0,41.0,2.0,2.0
1275444144a28efd8efa838374f9be8aefc909dd3a469c2207b2eea7966261fc8bb71ce79a69e7b6a808d10abc741333ac1c85e4d6dbdf9b6cfba8ab71336e4c,CLEAR,DAYLIGHT,DRY,FOLLOWING TOO CLOSELY,2.0,36.0,2.0,2.0
12756ee3bb833969b702dd3b7e521df659492bbae1c6d9b48c6140db8b8ebdb074518274e314cdec7ec682ba48aa2bda5ac80e49f87415e6b4fdd2caab9bc174,CLEAR,DAYLIGHT,DRY,IMPROPER OVERTAKING/PASSING,2.0,50.0,2.0,2.0
12757c8f4b18c9b4b2d9f5e39961f4d5aa483355d537afe5ca5a0f2a6138b79dc26fdaa893ff64984c3147c7d2d4f8e80df5ed99756fe274da123cacd96e3cfb,SEVERE CROSS WIND GATE,"DARKNESS, LIGHTED ROAD",WET,WEATHER,1.0,37.5,1.0,1.0
1275952dd6af2b41e7bdddabae5fe273693983fee7787b7cd2979626eb1be027ea1244e355a46a1e4266faccb45b19ae8d9c2dd8442ce965277783272a33164c,CLEAR,DAYLIGHT,DRY,IMPROPER OVERTAKING/PASSING,2.0,58.0,2.0,2.0
1275b16416ea2df3021237a95b92a6f95b11d4dbf4526ede3ff09cfec373c2dd3f18f1344b49c817dddc5d6c6cea93c729b5daf7c277cbfc99489d3fcea13330,CLEAR,DAYLIGHT,DRY,IMPROPER OVERTAKING/PASSING,2.0,31.0,4.0,4.0
1275dc2334522d8dea2af0f9223f40e36a171e7b0ff5f3efe4d66aebd49fd10585499acfd776cdd37490ea031040ae14c680014b765b908f34f2743d507b7e0e,CLEAR,"DARKNESS, LIGHTED ROAD",DRY,IMPROPER OVERTAKING/PASSING,2.0,52.5,2.0,2.0
1275e3c11a4a50e0a631dbbbb42e726dc6837a571b48cb7e84be9807730a1b968a5eab2f5b9a7cae67b0eee6b6332c8e2c6b585916591e72176c64bdef09cc2c,RAIN,"DARKNESS, LIGHTED ROAD",WET,IMPROPER LANE USAGE,5.0,37.5,1.0,1.0
1275f3f194392f22023927838c17ff746ff964b8b7a0de7a38685c85e1130c53376e8341850205767152c78b4d8d6bc68a46a128a7080f369ea71527134eac60,CLEAR,"DARKNESS, LIGHTED ROAD",DRY,DISREGARDING TRAFFIC SIGNALS,2.0,34.0,2.0,2.0
12762ab0673609b63b38225657ebf4e00cde386e4060e2e684de7ba35ef38d49166a9f5f67a89643288f63d19e4e3a30717dfdf17d22725504bd49c524663be8,CLEAR,DAYLIGHT,DRY,FOLLOWING TOO CLOSELY,2.0,51.0,2.0,2.0
12763868fda348016e84c9ff920f06ff72bd2ad09077921a29eaf971c2e4ae8cb483892c389c7123d951168def7fc39879fe939b3e174cdc424888988e829ca9,CLEAR,DAYLIGHT,DRY,DISREGARDING TRAFFIC SIGNALS,3.0,44.666666666666664,4.0,4.0
12765b11cc656156d8bf65cbf1ff7a16b438cb19c9509d9ab79b4c76a79f6cb89fadbee70aa6bddcf152114722d1e0d25c16c69462f95348a9c59e7e5e84dbd5,SNOW,"DARKNESS, LIGHTED ROAD",SNOW OR SLUSH,WEATHER,2.0,28.0,2.0,2.0
1276b168e09e990ea2a6c65c867560a9ac68f10ef42a803781244fdd176f4e1679898b8c9c935482c4d7dcf458971bafcb80147540bf1b4fd265dd5fbc629da7,CLEAR,"DARKNESS, LIGHTED ROAD",DRY,IMPROPER OVERTAKING/PASSING,2.0,43.0,2.0,2.0
1276d88c92019a19b6de865a5314435faf8435e750958491f28f7c6abb522bf9aef74eead1150feb38adcb9b734de96d7259d4e63af454aae3bb4f57c6c1456d,RAIN,DAYLIGHT,WET,WEATHER,2.0,52.0,2.0,2.0
1276ece1a65f574f637fad5988658e55c82979b9aec1275e785f6524a9e5c631eccbe60a5f19b72d7d2ec8f44def71d793738a303d2a313abc658b4aa71d65b8,CLEAR,DAYLIGHT,UNKNOWN,FAILING TO REDUCE SPEED TO AVOID CRASH,2.0,40.0,2.0,2.0
1277072abb9a7ce7ba1487f4dc1d267efe64abaa9065b06101f77924ff2cf4d326c664d8d2e4a6863d94a1b991072c81fe5e44b4be5586b32c4fdf0338a49dbd,RAIN,"DARKNESS, LIGHTED ROAD",WET,DISREGARDING STOP SIGN,2.0,56.5,3.0,3.0
12770c232807daafa04a812ed378d7085f6589631f80630af83d77f225ed866248340c80177d4b743c7aa1a0733c203c06f1e1b0644dd7cd046089d54e04f7df,RAIN,DAYLIGHT,WET,IMPROPER TURNING/NO SIGNAL,2.0,44.0,3.0,3.0
12773782f6995989373cbec10cd81e753fae5f97d1aae90391696675cbef9314648b1c350d6a1e1dbafd6c336eb67d9f3d999cb24da1503339d75faac1ded109,UNKNOWN,DAYLIGHT,WET,FAILING TO YIELD RIGHT-OF-WAY,2.0,42.5,2.0,2.0
12776868975be0a380241828f51efa5a8bdd0bcad519b46db2756b2ebc6681bfa706dd531a98fe40185676c4766c81c1735fe050b67c82d1190ecaf01fc6fd12,CLEAR,DAYLIGHT,DRY,FAILING TO YIELD RIGHT-OF-WAY,2.0,37.0,2.0,2.0
127786d75b6e45f1aeed8594aa93e60d32ed7303be61e55b0ad9abbae9ad1a30f065298e76a0233db8f04664df6afe696c236e49a2f301e6f0615d8ba34a665e,CLEAR,DAYLIGHT,DRY,FAILING TO YIELD RIGHT-OF-WAY,2.0,20.25,4.0,4.0
1277b045266773831f1e841a4ada441e5cc9b758cf825d3ffd28627ce7b54323401c21a9c414292950abc3b32262307d80d9f5d07e90c73d872fab17f17879d2,CLEAR,DAYLIGHT,DRY,IMPROPER TURNING/NO SIGNAL,2.0,24.75,4.0,4.0
1277b8b6d6a72e95e2cfc625d4f0f5095c6759fd165c6a947b14b9d6096ca60171a44e8579f427bb692464a5816f6608f51870cd3039b85afb03f1b00c32ef12,CLEAR,DUSK,DRY,IMPROPER LANE USAGE,2.0,37.5,2.0,2.0
1277fc12df36151cafe2a6fde8fa7d9afd45aaf6919a28b663f7fad7ae4e7b84bb27b724c9e6e535723c81a64edf55503085ac4bbb9519f848d549bb32ca85ac,RAIN,DAYLIGHT,WET,FAILING TO YIELD RIGHT-OF-WAY,2.0,30.5,2.0,2.0
12782ef322754108d8b87e9660abacc7e031d948300ad81e607c4541512618098c6601ee605986e4fb3cc36414e56ab0b284c53d04e1cd0fd6315c35d881182e,CLEAR,DAYLIGHT,DRY,FOLLOWING TOO CLOSELY,2.0,29.0,2.0,2.0
127876a75803e5d0869e180ab06512ae0d07abc488274614685e9160ceb06e93186210a46eb0ca705a0f5be04e676c0732001bfb6ab64b301ece9cb287a1f47e,CLEAR,DAYLIGHT,DRY,IMPROPER TURNING/NO SIGNAL,2.0,46.0,3.0,3.0
12788e1acde1246ffba9e5568818429f17a53f0cea9f7c06f54967505f9d0df48898261c68fc621f749463da3b23547af35699428281de370344ebcb14b56f27,RAIN,DAYLIGHT,WET,IMPROPER LANE USAGE,3.0,28.0,1.0,1.0