crash_record_id,weather_condition,lighting_condition,roadway_surface_cond,prim_contributory_cause,total_vehicles,avg_driver_age,total_people,total_injured
1278b573882ed7458be0e904d758e27e8a9d529a7c869ef24d396534e1ae45b70719156ff8fe0d89aef5ac8193eb6e25e80b54567eee9c2d20d2e3f371023aa2,RAIN,DAYLIGHT,WET,WEATHER,2.0,29.0,2.0,2.0
1278cde8a44789f3bbc3b0d5cdf39355532182b6abb7e131f75107fefa6263c4840611632ac0a400517af5bfa0a7fe841a7f8893a11984d8e14f17972b471d11,CLEAR,DAYLIGHT,WET,FAILING TO REDUCE SPEED TO AVOID CRASH,3.0,50.0,3.0,3.0
1278e5862d8cc572cc2e933949ff975ee03aa231c0e666aa2b197305b47959972ee0144a987b089db2bde12a8a98d4341dfc18c0dcb4dafbbcbac952e955d16e,CLEAR,"DARKNESS, LIGHTED ROAD",DRY,"VISION OBSCURED (SIGNS, TREE LIMBS, BUILDINGS, ETC.)",2.0,43.0,2.0,2.0
1278ea0569cbc06f5c6db2e0b43f96912de90b2245c58e9b758eedbc1159a076763c7a86df08fa0eb2c831d4db61bcfd6cb003e8cc53357046ab7c928687045a,CLEAR,DAYLIGHT,DRY,FAILING TO YIELD RIGHT-OF-WAY,2.0,47.5,2.0,2.0
1279294f0d5f7b0dda5b0219c63e187010b4bc7342fc74e0c6e0ed27afebf60d83400dde9ec074d9d3cfe43c61fe195a85f75199b927f0a6d3bdec8b39309eeb,CLEAR,DAYLIGHT,DRY,FOLLOWING TOO CLOSELY,2.0,49.0,2.0,2.0
127943d4f03cd9139af071dc7967c4a37f24e99c195ff719da47c7debc367e19e2600dc706f3991b09206b3ae78723b8d973f5925170b90a052657294aacc70a,CLEAR,DAYLIGHT,DRY,FAILING TO YIELD RIGHT-OF-WAY,2.0,41.0,2.0,2.0
1279652e75f630de173f37ab0c5d1ac54e81709ab48c99d91e90791e004aec8210f122529242960eea2c4377923a76af3f49506adf961cd3241c424d04c2a1ed,CLEAR,DAYLIGHT,DRY,FAILING TO REDUCE SPEED TO AVOID CRASH,2.0,54.0,1.0,1.0
12798af1a5d94edb394e42179448fd4867028bc3098f471e033a78bd5782ad79ad8afb61302026c1c47951663f284ba6c55ca56e452c2a60ab99c1167779af49,SNOW,DARKNESS,SNOW OR SLUSH,WEATHER,2.0,37.5,1.0,1.0
1279a713d0849970d503497654b02bdc39214f7239aa3661ce0f0ebae346b96c6cdaca3b29c89ca9c65df1370158d785c4a4d0325272742f8a966cf33678ebfd,CLEAR,"DARKNESS, LIGHTED ROAD",WET,FAILING TO YIELD RIGHT-OF-WAY,2.0,27.0,3.0,3.0
1279aa5893687336d2c900cbb6281fba907ac6d094af3bd953b1e38860a7afde4b2599f296050cdaf306e8d473c354384c8d134301f933baa762fcd3da07c469,RAIN,DAYLIGHT,WET,IMPROPER OVERTAKING/PASSING,2.0,31.0,1.0,1.0
1279b05165da884ea8c9a040f816962b42536fa4f8b21c53ae307d79b4ee246c04b86c54e383b6a20bc544aa7a1b180301b13d5d98d680f085115bcd68714d5c,CLEAR,DAYLIGHT,DRY,FOLLOWING TOO CLOSELY,2.0,31.5,2.0,2.0
1279b08f37089f0d010982deb926e42f3a81e9a9a460a90448e84e61f47be3900cb053c409af72b167eceb425f41ef595cfe0386def1098d9ac53c5b1eda7e12,CLEAR,DAYLIGHT,DRY,IMPROPER OVERTAKING/PASSING,2.0,34.0,2.0,2.0
1279e7152b28d25b6726119091b4a06448968f93b5b71ee1672d1f6f3b220ca830b3f80a5b62d1896eaf9aa3814aa991b9198f2bd2b9bd62475e1eb6933a84b7,CLEAR,"DARKNESS, LIGHTED ROAD",WET,FOLLOWING TOO CLOSELY,2.0,27.0,2.0,2.0
127a328834ab9fe8b23b1c62b01115b68a6e12b20203e3be46475de2c4580896c930424b2cfab25ac3a40b0c90ea50904d51861f0e86d08810639463e056b77d,CLEAR,DUSK,DRY,FAILING TO YIELD RIGHT-OF-WAY,2.0,37.0,3.0,3.0
127a3e8b4c9c99092a013087a97a4f2b80185d619eb686ab288d1a53028de4d1df7e877fe4d71c64cbd70d3a6b168d74172f652a702fb97f0c0d49265e272eac,CLEAR,DAYLIGHT,DRY,"OPERATING VEHICLE IN ERRATIC, RECKLESS, CARELESS, NEGLIGENT OR AGGRESSIVE MANNER",2.0,69.0,2.0,2.0
127a61105856d2551f9fa2bb78e34a15f6bbbed1bd024a7f36348facc552318eb3cddb443522277ad53393de05da7c81b5ce1c5f2c3e00216c9c6816462afcdd,CLEAR,DAYLIGHT,DRY,TURNING RIGHT ON RED,2.0,27.5,2.0,2.0
127b25d19db82610e197ffac1c63deb1ceb9dda2249cd190ed0fbe737eba734d718efe016167c935641e4698bf8e9668fa6a72a6dbb604306b5c0a4ddbbebaa9,CLEAR,"DARKNESS, LIGHTED ROAD",DRY,EXCEEDING AUTHORIZED SPEED LIMIT,3.0,37.5,1.0,1.0
127b545d7a03006a4c2e0caea50ac797506c80cb92f857915d931a512f44d598a205c77df0f238e17ae7a069fc640c2d920cdcb2f2664a5912be9dd4f1f804de,CLEAR,DAYLIGHT,DRY,FAILING TO YIELD RIGHT-OF-WAY,1.0,53.0,3.0,3.0
127b8a576e7f81e53fc2137c48e6c8af0f6495eaf13bc212ed0fe27d6e78447b7070fa2238784981187bb45a315861b2536d7ad6d56805384b7b813a8df51125,CLEAR,DAYLIGHT,DRY,FOLLOWING TOO CLOSELY,2.0,28.666666666666668,3.0,3.0
127bbbefb7fc9a6c7d10e211f5e5ba7c1b61c21ec5d8e083952903e962250b68abe84d4d4caeb5c51cf65beeacd1ea8e9d30b1dab6f58dffacec745928e8180a,CLEAR,DAYLIGHT,DRY,FAILING TO YIELD RIGHT-OF-WAY,2.0,23.5,2.0,2.0
127bdb4e79593075f67ef662b66187ca43707b0c236e3e1f299244251b53451bcc1b877105fcd21f678893b74d5075620f4c1a5e00e686bffd7a96ca4003aa60,CLEAR,DUSK,DRY,FAILING TO YIELD RIGHT-OF-WAY,3.0,36.0,2.0,2.0
127be64694103a22aefdf6d825845d038497ea5bb9b05fbdca273e7d86a8cd01479b675d942d60accf33866a6a0a0beef48e049921565cd754c7d1874b67bf41,RAIN,DAYLIGHT,DRY,EQUIPMENT - VEHICLE CONDITION,2.0,23.0,1.0,1.0
127c3c3017dcfee86a2535232fb0276e1d7c0c37d70864b9e20af1cf8d7e7beef59aa4f066c7b537fc87193426e6f49e97f4a056cb2623e1e0f81fdbfe3b3a76,CLEAR,DAYLIGHT,DRY,IMPROPER TURNING/NO SIGNAL,2.0,37.5,2.0,2.0
127c5ac80dd62bc5b65b3010db81e6f6d6ba7f69f5bdaf287db5a7633e70d22039e3f91ca1a58adbb985fa11c708d8fc086b400c1a5d39106fad12ddb870939d,CLEAR,DAYLIGHT,DRY,IMPROPER OVERTAKING/PASSING,2.0,33.0,2.0,2.0
127c5accf131287823356f91054696ec9febaeb0ac64799ffceb39d3031e182f94d14b94e34b216172f4479fce05e907c017a209a4762cd21d13e6df9da7cbcc,CLEAR,DARKNESS,UNKNOWN,DISREGARDING OTHER TRAFFIC SIGNS,2.0,57.0,2.0,2.0
127c765a8c7e7716e8a9345cd7adba2a717d34781bc5e3f39f31e54825b899984b136b53f5cf82de0eb2ba04da2957003e0217731df41fdb8e371fd278c84e91,CLEAR,"DARKNESS, LIGHTED ROAD",DRY,DRIVING SKILLS/KNOWLEDGE/EXPERIENCE,2.0,31.25,4.0,4.0
127cf96e3750c52fa3da3607239e74dc0bbbf20dc6d75983a233620a1f55fc3f13397fcb48286d8c478f9c60ac1f5bae94eba377a76824e31d7d4108924841f3,CLEAR,DAYLIGHT,DRY,FAILING TO YIELD RIGHT-OF-WAY,2.0,42.0,3.0,3.0
127d1369fb26f7be6db329716cc1b0e5718b2b1bb73c4c8ba402bc1467a4c0bba2e4c7d26e99af8c2026accfc2e12efb3b52370e462c1f67a13137073bc3bc70,UNKNOWN,DAYLIGHT,UNKNOWN,IMPROPER LANE USAGE,2.0,62.5,2.0,2.0
127d1464787e4b3a5f1ae04870072fcf7cd14822587e7496ba19e2b45d22d825625ecc3973458e0237dd69c4c750bac9ab676df69b74523941ad9c544b044564,CLEAR,"DARKNESS, LIGHTED ROAD",DRY,IMPROPER LANE USAGE,2.0,65.0,2.0,2.0
127d7efec7c5878891e1ceafa2f17adf828f90fc7e0afeeffbf15ace70663341ce856d70e02fdc256afd26fa2cd87159e97527d8811922cbc0b0bb12e26565f1,CLEAR,DUSK,DRY,TURNING RIGHT ON RED,2.0,45.5,2.0,2.0
127d82ed3c729d32d6d890f533d7b2741786c514ece9bcb9a2d8a46637ed7e89870fee3f0f2db15d81ac51682f5146d11296db938d570ef05b7c467bfe944b00,CLEAR,DAYLIGHT,DRY,IMPROPER BACKING,2.0,24.0,2.0,2.0
127d98461f4d311300d3743d3fb00d4d6eedaf6591c6cb6a7bfcf139261bbacf688c04c77dfcdea9c94209b6124135ae36b0d647649e5897f382e3f86ea5a435,CLEAR,DAYLIGHT,DRY,IMPROPER BACKING,2.0,45.0,2.0,2.0
127da7a9b419f2e60f5dbcea1a127a3edc2311df137a1f18c9a87cc1f5456a1c14ef807823c094d685927b85ee85c28dbe3e8e8ef88463487c39bb347bfd0340,CLEAR,DAYLIGHT,DRY,FOLLOWING TOO CLOSELY,2.0,33.0,2.0,2.0
127de097c083c08a4ded4546bfcf247de3b828633e1e02ec5394a2b00b48d9e7dc36b561cdd3964c7ec27bb0174db94e621fcc56d7cc623f93cfb6857adb9ff2,CLEAR,"DARKNESS, LIGHTED ROAD",DRY,FAILING TO YIELD RIGHT-OF-WAY,1.0,59.0,2.0,2.0
127dfdbaf351348e35f081019fe36837a29d5986d8d2c012629890175a88a0503ad23adf6b6a2ea29ebbde5b5ea7d9e0d6e218c2155832ea8b930662281f1e58,CLEAR,DAYLIGHT,DRY,FOLLOWING TOO CLOSELY,2.0,21.5,3.0,3.0
127e090e4da8210173f44b98ee0d648b6230ebb071b52fd6e46238314fce1540792c3aeee8b76119e13ccfa504ce6b0b64714462911daf76fd786a6d2aed0a4a,CLEAR,DAYLIGHT,DRY,FAILING TO REDUCE SPEED TO AVOID CRASH,3.0,62.0,3.0,3.0
127e1926a9323162d7a5c35f673b04afc336ea8682d53e6c383b6fdcc51d0604e024e9984894c2d06e796113f178b09b6c844bcbdbd9ce90b658ea7ae96fc48b,CLEAR,DAYLIGHT,DRY,FAILING TO YIELD RIGHT-OF-WAY,1.0,25.0,5.0,5.0
127e375d1231434d9cebb5e2e7a4c6f19d040b8b129d57bd21cecfb010535aabc38005dd95c1a7244c76843a2beaf8d9caff265ec5bc9c0e5d73b2a938bf77b7,RAIN,DAYLIGHT,WET,WEATHER,2.0,58.0,2.0,2.0
127e4d3ab9790b699e8e431c0478d37188da3c99b3289b8214be96cfbd1ccfd9de08db222cd1722aeca38fbacc008bccb8c36c344f3ca25b1009653005d42986,CLEAR,DAYLIGHT,DRY,FAILING TO YIELD RIGHT-OF-WAY,2.0,40.0,2.0,2.0
127e56afaf1bc58a6056b059a8296fd89e24f76d4c25d322a60d4788b14a19ffff7dc3f8c5be684ef65b06a5afb0f05f2daf70544d4eef539992f1c9693a2dca,CLEAR,"DARKNESS, LIGHTED ROAD",DRY,FAILING TO YIELD RIGHT-OF-WAY,1.0,39.5,2.0,2.0
127e597e77cd0775193b887f8eb72118808073de5a830c7424260b218ac2df5694c81f1b9646f812585287a17bc50045c06861430b0faf9181bef7589144e28a,CLEAR,DAYLIGHT,WET,FAILING TO REDUCE SPEED TO AVOID CRASH,2.0,41.0,2.0,2.0
127e744a65e8a0869ab33b4d61afe2e3c0dff20a131b66d1319ce132b997ea0e565fa85d9bd79c517babf782f23b11f93355d9bac213183f5d4f198efaa58aed,SNOW,DARKNESS,WET,WEATHER,2.0,35.5,2.0,2.0
127e75feff0f8d8185671fc9461ca1eb59cee09d1950f87162bb02bcf18ee85e15d8202daa24999a7011293a580f039c0285a672db8d2c6672bc7dc537da0f9f,CLEAR,"DARKNESS, LIGHTED ROAD",DRY,EQUIPMENT - VEHICLE CONDITION,3.0,21.0,1.0,1.0
127ecd7f1ac3e9216b68694279efbb0f9a3d7fb3d85f935cf369c9aab67db09605d3d50c67303b74ed636bc206e64e36a42b5af12930da334f7fc03b868a9471,CLEAR,DAYLIGHT,DRY,FOLLOWING TOO CLOSELY,2.0,41.5,2.0,2.0
127ef0b68e2b077dc8d4184d604401fc4e9a0a67173d3af1e05f5045413fde6030dd78d792acf3e55385d81a896d01dbab1017e225b83698c473696eb7ede010,UNKNOWN,UNKNOWN,UNKNOWN,IMPROPER BACKING,2.0,53.5,2.0,2.0
127f204eabe332adbb23feba4606508ed664730ce02c6ccf19f85b70ae68645acd228925e3c1372ca0f972281f7e844cd9e19ca3faa9971e1125467702e3c7f8,CLEAR,"DARKNESS, LIGHTED ROAD",DRY,FAILING TO YIELD RIGHT-OF-WAY,2.0,41.0,2.0,2.0
127f21b10ad3fc714fbe6e47719cf675036b80abe8344063dab97f3c4037cba190a0f3c2339e82cb02e71f1b63466dace2ca2bd46e656fb2c7b09208027b0e1b,CLEAR,DAWN,DRY,DISREGARDING STOP SIGN,2.0,37.0,2.0,2.0
127f616431f40cafce2b2a6ea1096f27fba3ecbea6fb2105c125ce68ebc502bc2838b5a5992a4aca7f1cf8a92313cc4c16d63065b90ec2dc43eeb822fcbb712a,CLEAR,DUSK,DRY,FAILING TO REDUCE SPEED TO AVOID CRASH,2.0,40.0,4.0,4.0
127f669b04e25b27f41740ecdf7523a09dd878242f99257027fdcd47b2fb5b6e4ffe87a63150bcc7318c2c87faacc21276134f0006287de29225b2d322bccedc,CLEAR,UNKNOWN,DRY,FOLLOWING TOO CLOSELY,2.0,31.0,2.0,2.0
127f9afb6a6fa2039ff14194c5498621bd90672d070b1cfc6aab17a2abafc3d101590b11adb07af8e57f9214d5ca360c01e3d358c2001c53b543fc16b43e8e60,CLEAR,DAYLIGHT,DRY,DISTRACTION - FROM OUTSIDE VEHICLE,1.0,37.5,1.0,1.0
127fb6192e79b18cb88a3003147e1951b054f61f758b9f52f0affc392ffc74301fc68fe0008df7e74fdb947b82b1be0135810e79bae5b9d4e806763680c36c03,CLEAR,"DARKNESS, LIGHTED ROAD",DRY,UNDER THE INFLUENCE OF ALCOHOL/DRUGS (USE WHEN ARREST IS EFFECTED),2.0,51.0,1.0,1.0
127fce04310ec2ace5b9264688343a949c61c585dc03843a0f91c6310f23b760c889852b05c4ad2a2a87a02909a2580a7072b99c7dda802f3879074e9d18ab6e,CLEAR,DAYLIGHT,DRY,IMPROPER OVERTAKING/PASSING,2.0,49.0,2.0,2.0
127fd11b832b589fcec9581b9dc9cbc3587ecffa3a5831b78ff8c663a9b2d8715716af4da68515895eaa87549ad04a87c27bf408ca4ba79392067f6a341c8889,CLEAR,DAYLIGHT,DRY,DRIVING SKILLS/KNOWLEDGE/EXPERIENCE,2.0,60.5,2.0,2.0
127ff5a886bb4c9e9532d2e3e84b98c51b46a107d673feff675d8f709f5fb87da1d3720d4e9c70fae7938e0eb09af728b7d0c2ea16d097cb418df20f86865fc9,CLEAR,DAYLIGHT,DRY,IMPROPER BACKING,2.0,56.5,2.0,2.0
12800947ba9f6ed29ccbc4b2f871c76567186e10ee3085c39f746be68ec819966f004dec675faf20e7a7afcdd2b372e962022a26c9e1d18780557f63e0401877,CLEAR,DAYLIGHT,DRY,IMPROPER OVERTAKING/PASSING,2.0,37.0,2.0,2.0
12803f99218a64bda7af7c4a1c7d133ac0833c43b5cb885375cc2231b2f92ef440fb5897b92cb0a0c347d676b304aa2d9aa28998a808516cd3e41a5a193b4d11,SNOW,"DARKNESS, LIGHTED ROAD",SNOW OR SLUSH,IMPROPER TURNING/NO SIGNAL,2.0,37.5,1.0,1.0
12804784e73e1593f0a221d44ebb09368e548ab2d09c6b7c670717355113adb0ddcae9030f77afe9d6b4806712591fa83e728a44da591ef53867d7ffbe5ef06e,RAIN,"DARKNESS, LIGHTED ROAD",WET,IMPROPER TURNING/NO SIGNAL,2.0,24.0,4.0,4.0
1280594a353afbdef9e2f4e3b16d36620c3346684a2cc6f7fd6b19a91849d8080eccd346ae3fb3a0ada7e304d54c96f6fc92e093e7bad8b214c0380a71e0db06,CLEAR,DAYLIGHT,DRY,DRIVING SKILLS/KNOWLEDGE/EXPERIENCE,2.0,28.0,2.0,2.0
12806e6c63df857cc911a531ee45768a6fee7ce120d18a201103c00c372bfbf43aee54d0cbc0e02c1f2dbd117100809245cbc13b050ef05bf8a3217ee7da5422,CLEAR,DAWN,WET,IMPROPER LANE USAGE,2.0,23.0,1.0,1.0
1280830ccdc2acedb4afb7434336ba5ba85b2fa9476582aa3d96f21218f0a99a191dac5d33c1ea06fcbdf617542f7ec793ac876bcbb691608bfa44473d0f8672,CLEAR,DARKNESS,DRY,IMPROPER OVERTAKING/PASSING,2.0,42.0,4.0,4.0
12809d6a6566f88a936a8777ec9d6994bfe3f3692cfbdb9fa9bc6fa120a68c3c958c1000b96bbabc03a69fd17d3bd66230e7b542bc98434957c635e44c514a86,CLEAR,DAYLIGHT,DRY,IMPROPER LANE USAGE,2.0,67.33333333333333,3.0,3.0
1280a9d0cdb77ec0a15895c90c2b934841db33d35c5ee362a3256ae95b81f950fcca649653b07fcd589437ef5a040835973e7de4734f14efb95e885e981bd405,CLEAR,"DARKNESS, LIGHTED ROAD",DRY,FOLLOWING TOO CLOSELY,2.0,42.0,3.0,3.0
1280c7a8988266ec79db4952ae848bede44c683500551b31197b901dab08368f6805842f49420f8873ae25edcb8d180555a07d9c87d4c669fcbbdeb6c2d73080,RAIN,DUSK,WET,IMPROPER OVERTAKING/PASSING,2.0,48.5,2.0,2.0
1280f6b9f56d7bb95c9a3bb237bf365966e4d5556a488896cdd87f07a1c2c296704f01cc5273f6d673928cd02bfd42c7ff756543d6e7a05af1033abae45a1548,RAIN,DUSK,WET,WEATHER,2.0,22.2,5.0,5.0
128102f7c9395f75eebf5334e31b5b7feaab75cb2a90c6beeefb5f85731f7d7f7f9e562a9cc15c47beb95852dcd9d960be4ae7470071c542800af7ef7cb59ea5,SNOW,"DARKNESS, LIGHTED ROAD",WET,WEATHER,1.0,29.0,3.0,3.0
128110d6e67ceae3fcbc44354732dc9dc5687d414be6e5b47ae27e95559bb31ee5c5af62c5dbf1ae84680983dc8780b7c04fbc9fef375a21f8a8dd983490469b,CLEAR,"DARKNESS, LIGHTED ROAD",DRY,DISREGARDING STOP SIGN,1.0,33.0,2.0,2.0
1281202fa26a7a197ffbdf6096732da57242ce23aaeb0006a059465af23512b87598aab3d1b18f64e3aea81a5d638ba4265aeff0eb62df5aa2ecf6cd4515bd9d,CLEAR,DAYLIGHT,DRY,FAILING TO YIELD RIGHT-OF-WAY,2.0,27.5,2.0,2.0
12812bf2f9eaa7843feb44c48b3650d3261b781cac17e82d28721beb79439270748c8395b1ede8be7de5de75261b62eb3e73716c7a63e2c22829cad1ee423fee,CLEAR,DAYLIGHT,DRY,IMPROPER BACKING,2.0,57.0,1.0,1.0
12814c1eb39297abf57c6e377f640d445037a813ced73fdb1502d0890351f796f4591ef12f5d408d272d1a6f0984f7b80a8fb19595bbfcdbc9876e24933fa41b,CLEAR,DAYLIGHT,DRY,IMPROPER OVERTAKING/PASSING,2.0,49.5,2.0,2.0
12816265b26339e7f31d5a78662ec928b4497b58693a07777ae6ae700bc24c2b764c969a8031bc82df63c19676bdea4abb23fca1978ea7b53b009787020fe937,RAIN,DAYLIGHT,WET,FOLLOWING TOO CLOSELY,3.0,46.0,2.0,2.0
12818396e6d257b5d677b5671efa12776174ebf8b1fc3f7cf511b0c720ea08a006961d426c936b06ac931fbaefd74cd4f347c838f8e694acb6fdbc274b94141a,CLEAR,DAYLIGHT,DRY,IMPROPER LANE USAGE,2.0,33.0,2.0,2.0
12818dcfc438647d5855e15b22bdb075bee1bfe515ecf366058da690396d8a6e97e56df742d488b4cebb6cf66c90b364dae38787be579c1074622e2fdbedb928,CLEAR,DAYLIGHT,DRY,IMPROPER BACKING,2.0,37.5,1.0,1.0
1281a1b03f82cbb74366df3b205f2c93edce12f43437f8280f883ac971708a352453cbd2040980cae1abbbac7045a08eaaebde90e924b50603a914edac16422a,CLEAR,DAYLIGHT,DRY,DISTRACTION - FROM INSIDE VEHICLE,1.0,31.0,1.0,1.0
1281d9e407b4060e90b4479b8f3e6e943082402030c489f1e1af08f62283900419ca695db85d1464d02e10de205babb57d14afc8f6c1e659719f0602602ca8d0,CLEAR,DAYLIGHT,DRY,DISREGARDING TRAFFIC SIGNALS,2.0,32.5,2.0,2.0
12820ea527e43c6a3e4e5317bfc7fb2fa7f3ffb21d1ebf053364d43dee6538fd808f71096da00d430b9950c4b92b009fee0bb9f89cb23d9774cf0079d393184a,CLEAR,DAYLIGHT,DRY,FAILING TO YIELD RIGHT-OF-WAY,2.0,53.5,2.0,2.0
128242fec0b90207f6b32a25fefc09f60928d77e344f26b0fa01f4e41dfa70235b62dee456e89a31233002a1b91e2b1476428a9bfa699ab098b8f0d0513c33f5,CLEAR,"DARKNESS, LIGHTED ROAD",DRY,FOLLOWING TOO CLOSELY,2.0,22.0,2.0,2.0
128246732484bf567897707639e75dbc94266b74196235912fe4194114514f02666c34980d9f4bdcb89a229180e84bd3b4772610bc4bf03105488d92de32f317,CLEAR,"DARKNESS, LIGHTED ROAD",DRY,DISREGARDING TRAFFIC SIGNALS,4.0,29.5,5.0,5.0
12824ce82eaf5803de98a82d1af5133665b45610b31b447e4469164de401e6c4cd85f56fc102968ae8dc3309ed38912659b63d2d2e27f16644fe5e7fff86ebba,CLEAR,DAYLIGHT,DRY,FAILING TO YIELD RIGHT-OF-WAY,2.0,46.5,2.0,2.0
12827b91995d1f0d7e82435b05fc18ccfc1aa5b7e221032c5e9bc6fbcf0761e65fc8c31c6103f58279cc525e734b30acfb253aa0c5d7cee783a82998dc797318,CLEAR,DAYLIGHT,DRY,IMPROPER LANE USAGE,2.0,33.0,2.0,2.0
128283d8cdbf21be5edb4da4cbb1fd8f61eb7fa409980fb3e4472f452dbf86fcf2f2d476e835966205c277084256f662f022be2e7056a81473f7b08907ca1a3f,RAIN,"DARKNESS, LIGHTED ROAD",WET,FOLLOWING TOO CLOSELY,2.0,27.0,2.0,2.0
128283e1ccd0ff5a532050cf7584a39ef1933948c0c6538c8c68fa796a79af32e7b6e059f7bed12f64982032301fb328ddfa2b7dcc64ae1d274260b861a9ba10,CLEAR,DAYLIGHT,DRY,"OPERATING VEHICLE IN ERRATIC, RECKLESS, CARELESS, NEGLIGENT OR AGGRESSIVE MANNER",2.0,45.0,2.0,2.0
1282b6036a9668a03ae1e37f79bf7f8cdd31ac1cee11d887bfce9513ae93e26c0e19a1d267896d746658b55f195274e0dcd9016834432a076f1c12a97bf4d0de,CLEAR,"DARKNESS, LIGHTED ROAD",DRY,PHYSICAL CONDITION OF DRIVER,2.0,35.0,1.0,1.0
1282d1377da58ae822214f7d661af072d5baf0854e5235e88f949e163eacb751e1a4d139a7583ac411f60c7cd68aa5fe1a5f9c94d77ed269c382ba46086f1f9d,CLEAR,"DARKNESS, LIGHTED ROAD",DRY,FAILING TO REDUCE SPEED TO AVOID CRASH,3.0,34.0,1.0,1.0
1282d44a83b974df1ef62f2b2a0daded5151c2bf2aec6c55808c87fb6f5b0e68050816ec890063d43f9601e2835f552a836926e213e19b6659e9e96ec60a63be,SNOW,DUSK,SNOW OR SLUSH,FAILING TO REDUCE SPEED TO AVOID CRASH,4.0,33.25,4.0,4.0
1282d820824b73c427256a0556f37ef0980f5c3f9f4ba4134dc9d02ea96a1274c28da07c3f2cd713eb47322d9a99901a044ed7c6e256006acd09811f840013d4,CLEAR,DAYLIGHT,WET,ROAD CONSTRUCTION/MAINTENANCE,2.0,26.0,3.0,3.0
128332fb9770e687fc1e608ce64e9b21a204b62466e07874883812c943b9a4d1ae74822ea4d8a4671234912a2f14fa652bf41f2503853726e54c458fae63edcf,CLEAR,DAYLIGHT,DRY,FAILING TO REDUCE SPEED TO AVOID CRASH,1.0,52.0,2.0,2.0
128352cada330574ef0cd495794cd417b574a8fd31c5389adaceef85f5ed6004751355a6112cfdefc4fb66132d3214b3bb8390e3c2fa85e86390fc8078859f68,CLEAR,"DARKNESS, LIGHTED ROAD",DRY,FOLLOWING TOO CLOSELY,2.0,37.5,4.0,4.0
12836228c778f3301e568ea701b1071723f57eb7a0d6597bbc553978154781ee66f35aa8945c81a99abb9184024583cf27f79f840d8fe5afe72754e55f31fc4c,RAIN,"DARKNESS, LIGHTED ROAD",WET,FOLLOWING TOO CLOSELY,2.0,56.0,2.0,2.0
12836ce8076378172c0e4903037f753171c781fae5fb5b85ee3c10a30025885870cd3bb2bb27b283202f1db2621dd7b658bb4e17bbb818915a003b7c85f0d945,CLEAR,DAYLIGHT,DRY,FOLLOWING TOO CLOSELY,2.0,31.0,3.0,3.0
12838c1ddb5538330dbe92f18d89f70b6ebee1397c1e747ee4ba6305148b3e815545680c3eea330abc0b29791dcaf46b502a59eeaac19a99db6cfc9807bd4e72,CLEAR,DAYLIGHT,DRY,IMPROPER OVERTAKING/PASSING,2.0,50.0,2.0,2.0
1283919b8b633b4c8377b1d68e94132e24be157c4af76eced490f1a0bef3378e1dc84b51886eb0f2bd91ab833c25e6a01395c289f31667a450fc751e9bced52e,RAIN,DAYLIGHT,WET,WEATHER,2.0,41.0,2.0,2.0
1283989e8da63d2455c3f7e4f5925684adb89e349a93848e11954390478233ff3c3f91dcd5c3161425dd17414d601540689b56d8a870c8f0629b909f90b2505f,CLOUDY/OVERCAST,DUSK,WET,DRIVING ON WRONG SIDE/WRONG WAY,2.0,59.0,2.0,2.0
1283a28b2c927fea7cf20f8590ed060a0186e6fd5ca0d1054ba51d88478a07dfb71bfeb431110bdec022242837d8ae57be96a7efd4aba4ebd3c80759ede6f820,CLEAR,DAYLIGHT,DRY,IMPROPER BACKING,2.0,37.5,1.0,1.0
1283ab802e3e66cbee7aed8126092ae029ff034a1927a467179ef1f300001858651ee7250b627f75fdcbf4d885c67f1f9eb7148ff61afd82ca99ff59b0a4fdd1,CLEAR,DAYLIGHT,DRY,FOLLOWING TOO CLOSELY,2.0,55.5,4.0,4.0
1283b8143f1f0b1d5d463d281cf90d42e276d1379a4c1dac8bc75649290cf695fc9cebda776e5293d587039266ca4ff2a89dc74597aa6df1b5d29ddd46f3c3be,CLEAR,DARKNESS,DRY,FAILING TO YIELD RIGHT-OF-WAY,2.0,53.0,2.0,2.0
1283e021f680d81e374757231f2d08d88d49d343412f6d1e10522062c9d7561a6b026d62b699d1dcadaeef9f48b3e6ea42bd8026f77acbbfa39eacbcc9537439,CLEAR,DAYLIGHT,DRY,IMPROPER BACKING,2.0,65.0,3.0,3.0
1283e6fcb7ded898a3287f50900797abf7266baaa641bbe211fb8164fe223b26a89564d4a571ede7bfa3ea8025cc9608478c772cea90a755758261ef071fc6e9,CLEAR,DUSK,DRY,IMPROPER BACKING,2.0,37.5,1.0,1.0
1283e8fe3f79efb0c30be1a9888b0097a92ed002ffcc160f13d22f9a3e5fd27edad1d3a7564837ee486045bd4f9c9a458428c2f3b46a95fb4c0aefebcc40c500,CLEAR,DAYLIGHT,DRY,EQUIPMENT - VEHICLE CONDITION,1.0,52.0,1.0,1.0