crash_record_id,weather_condition,lighting_condition,roadway_surface_cond,prim_contributory_cause,total_vehicles,avg_driver_age,total_people,total_injured
1283fe1bc42ec5d028028bf5d83c2f70e5a1dd599cc0e25175cf64f09e1ea8c42da45c4a9367a82318a6bdc9e98f3ff0563b14c258a0173e6161dbb322c95028,CLEAR,DAYLIGHT,DRY,FAILING TO YIELD RIGHT-OF-WAY,2.0,50.0,2.0,2.0
1284149250ebf092501851fccd5163b40545c0ddd5f1ad310366fb80e88b35f9cffa9d4efd5179c7f8e6df8d936ca31cb76032c6fa87a20078ad25c1b608dcd6,CLEAR,"DARKNESS, LIGHTED ROAD",DRY,FAILING TO YIELD RIGHT-OF-WAY,2.0,27.0,2.0,2.0
12842a776f6631e9d6e6f71b89246d65fa3c992b09d4fe970dcb8f550390c1c905cb1da2b4857ec08b022822e5b5917a22fda706603d7e2b50b5068ffdad9b8d,CLEAR,DAYLIGHT,DRY,FAILING TO YIELD RIGHT-OF-WAY,2.0,40.5,3.0,3.0
12843d0ff73368f69c525acf9848d1f2da3fd974dbda3eb361931cf7246d16e33abe4f4e1fb83406b94f6cd522f0511a92d35c909ff6fdf830e6c45812024b79,CLEAR,DAYLIGHT,DRY,IMPROPER OVERTAKING/PASSING,2.0,37.5,1.0,1.0
12845b72ca6f788fe06ce5b45a098332366f7553ffb2b6568905652b8b4d5d662b2b51c8acd43abd335d947c18e0f4108fb5ad253c21c7eff1d49a3e28afd413,CLEAR,DAYLIGHT,DRY,FOLLOWING TOO CLOSELY,3.0,45.5,3.0,3.0
12846ac9206d91dd3c34360c04dafb9565a8e3cab2d7419e17b7f34a597287c83a431e6ecb03a3f9e60c85eda39b462b1894e4a4cea42b9c54c0381ee68eef97,SNOW,DAYLIGHT,SNOW OR SLUSH,IMPROPER OVERTAKING/PASSING,2.0,22.0,2.0,2.0
12847185ffa7256f7c1972d415b4b85a107b1c82d56a7fb634776ca8a196eb05459fd05c855d040e1e54894cbe2a79431ec485d81bb0755b2f56b30031156b02,CLEAR,"DARKNESS, LIGHTED ROAD",DRY,DISTRACTION - FROM INSIDE VEHICLE,2.0,25.0,1.0,1.0
128498214833be62f8abda4ffb7876e32eef50752b5a7033429fce3a2fbce5deea6a6e84aeb5905ad2120599f88c5a20f4c277437e77141d79526c55cb8e1d46,CLEAR,DAYLIGHT,DRY,IMPROPER BACKING,4.0,37.5,2.0,2.0
12849acbb5a7af601f1993a10975bbff9d370b5ae89e63d12361f01c4d51d03bbee58fa2dff9b04a8678893b6c9265403fa4fc7a6494e152ed3bfb4d5486cd8f,CLEAR,DUSK,DRY,FOLLOWING TOO CLOSELY,2.0,41.5,2.0,2.0
12849f9c96f37ded6eaff5615c5aba3f9cb3265771aa18c841b8aa3f510af9ede0cfae6aeadde5d7bd236acfb0bdca8472cb30b39915795fdffdd616fa94fd15,CLEAR,DAYLIGHT,DRY,IMPROPER TURNING/NO SIGNAL,2.0,37.0,2.0,2.0
1284acd9d6ac297d644d9ae7b73b3b0a891bf74d2dd2bbde82de2d2dccd86506ad7ddc60f520ae8c623eea80cbdf80d7c9a8048510433b4ff89292ce16d198c9,CLEAR,DAYLIGHT,DRY,IMPROPER LANE USAGE,2.0,60.0,2.0,2.0
1284b1b56e33e0f4bed5c910484c9c85fcd05ce8d36c33ab3a14412c0e451482daeedef3a77bca39c5cac232649c701bf82b25ef2e994ddb3394a8bbebfca290,CLEAR,DAYLIGHT,DRY,FOLLOWING TOO CLOSELY,2.0,38.0,2.0,2.0
1284c9228d4e8420a97b00b6851c9e67cb7b0cc249cddfb85b69080b6d61d2efd888538349280ae99e23f9dabc81a0562c3e10cc0846b32f96dd613ca14e7e2b,CLEAR,DAYLIGHT,DRY,IMPROPER OVERTAKING/PASSING,2.0,29.0,1.0,1.0
1284d9ad06b853299845e05ac9fb34df1986db507a3e6181609624c5b745395fc58c9126372e8f25bea573354cceefbcba909cb98f870c6e946a3780bdfdedce,CLEAR,DAYLIGHT,DRY,IMPROPER LANE USAGE,2.0,67.0,7.0,7.0
1284e767afb005eaf6b8d11c70b541c9d2453705df41dd5f9da7ff391b0dd56715e5793aac0dcfcbec01ee7009712d7fa6f64aa9b4e7d568a19079f78674f247,CLEAR,DAWN,DRY,FOLLOWING TOO CLOSELY,2.0,31.5,2.0,2.0
128509f012425110e2898087f2f3c000a80a106e287b15b4c3b82d184ac3e8091744a9cbce3e46de92b238249fb8553392dc35fa06ba982556e65244c445ac5f,UNKNOWN,UNKNOWN,UNKNOWN,FOLLOWING TOO CLOSELY,3.0,25.333333333333332,3.0,3.0
12851824269baa3157e84dd6fd9bb30cb05fb624a5467399e224df117aae13e950ff0f08d392cc157482bf4a05c3a5c91627c8fb4880cdadceb3a658abf2cddc,CLEAR,DAYLIGHT,DRY,FAILING TO YIELD RIGHT-OF-WAY,2.0,41.0,2.0,2.0
12856885c51ccbd35310dfb7a3759a807960b751218a56727137a4c3dc2ce7be30ee22249ccc34004d4637fbe672dcca0fa092bf26c8e7723b0a807124b50892,CLEAR,"DARKNESS, LIGHTED ROAD",DRY,IMPROPER OVERTAKING/PASSING,2.0,37.5,1.0,1.0
1285732ca35e46dc1246ba0acb1fa9130c22bee1c3459b1a81143630f253a9a558cfbb0bf5c564b5f95d3e67e0ed5ef675d08b414dd33096ccb05facb597b74c,CLOUDY/OVERCAST,"DARKNESS, LIGHTED ROAD",DRY,PHYSICAL CONDITION OF DRIVER,4.0,37.5,1.0,1.0
128588889a983a12732b52235a85db41e267a65b520814d382c8adf0d4191503c61d5d54932cba9beff933ece9d4c0ce78b4e772c70bf2928234ceab2b5e3184,UNKNOWN,"DARKNESS, LIGHTED ROAD",UNKNOWN,FAILING TO REDUCE SPEED TO AVOID CRASH,2.0,48.5,2.0,2.0
1285b2599c7b4dcd2ad745b278bb89f30997d903591e89a2f1f1c401ec16bc27a24c9fa054d43dfa63c4ac0f25e09f92e8e00e31801d4e5b1fa623da4b4eec46,CLEAR,DAYLIGHT,DRY,FAILING TO YIELD RIGHT-OF-WAY,2.0,42.0,2.0,2.0
1285b3056704e9bb5609c38fb4937b16590de0e8a8ae40010947ef4806f025d4f5344fb8e95a624cdcd4fb0a11c597209219076b8f1b09d299743a11f7589675,CLEAR,DAYLIGHT,DRY,IMPROPER LANE USAGE,2.0,40.0,2.0,2.0
1285b9f7ad01083d51ad539a621bc8fec0e124374d33f62021b734f1f5cd3df26d1d3aac420a4b8e84976e712013d5573e492ff728ae3953dedf5ba7aa713ca3,CLEAR,DAYLIGHT,DRY,DRIVING SKILLS/KNOWLEDGE/EXPERIENCE,2.0,33.0,1.0,1.0
1285f151c06904292f5b89d71743bfcc5eaa2dca682ad3b95b546f0fed481744c2e2cae1e309a0d9e8f0d534eb8d338b41646efa1210c8d10e779e4013d5d753,CLEAR,"DARKNESS, LIGHTED ROAD",DRY,FAILING TO YIELD RIGHT-OF-WAY,2.0,28.0,2.0,2.0
1286213df453c3b558a72f579ac2191974bf40f342069603b34c47744d5754ddd65b24a3dd8382c7472e6ee8fbf701326e55889e4288b91afb4b65e7102535bb,CLEAR,DARKNESS,DRY,IMPROPER OVERTAKING/PASSING,2.0,22.0,3.0,3.0
12863f923b601e9052d175652bf62d01fd9f994bbc4173863c49a2c4d1d8b721f83f26d55479a1528339f59d92f6c83daf0006c40b35c8fa781ae86c50adf91b,CLEAR,DAYLIGHT,DRY,RELATED TO BUS STOP,2.0,55.0,1.0,1.0
12865cde0b618a072eb980739b5f38b7fe37072250539ebf344e9a71a7e1337de3d440d14bda86d9410c871009bcc482fad7948ab5b7e83cd13788d89ebbd9d4,CLEAR,DAYLIGHT,DRY,PHYSICAL CONDITION OF DRIVER,2.0,19.0,4.0,4.0
128668326b762974230ea970afdcb43eaef2b81a5b38b2c837ae9e2e3e2d3568ac6d11221d65800f8bc1b911fbffaefc3e9fd64b2f93c8af533be5206ba1f4eb,CLEAR,DAYLIGHT,DRY,FAILING TO YIELD RIGHT-OF-WAY,2.0,40.333333333333336,3.0,3.0
12867a02253a322f1b202e350d38464c293716c396f43ac2f0afb8fa9b76958cba2151c6c73a376cc0500a47251c9ed2cabb9f20cbb144bb8f61c49109a2f1e7,CLEAR,DAYLIGHT,DRY,FOLLOWING TOO CLOSELY,2.0,34.0,2.0,2.0
128681239dbb6a8996a6b510b71b7e53f5c046694932c9afbb22e9fd0d4f60372d78a4360bd8daed0e04cf6b9d0d8ede71b4f5a9a64c11f94f17d4fb771dbaa9,RAIN,DAYLIGHT,WET,FAILING TO YIELD RIGHT-OF-WAY,2.0,21.5,2.0,2.0
1286d482de45b6c4f49b61b16b41b88d725b65525eef1ae1316b6084d58c551b32605885c8cb0f2ec1c5fe08a30b25ff00f26b4cf60666da3c28a58723e0cfea,CLEAR,DAYLIGHT,DRY,FAILING TO YIELD RIGHT-OF-WAY,2.0,18.0,2.0,2.0
1286d7cc7aac37ad983c0bbbe027bdb1a17b53b730c32146ce8ccb33170359ccd79d63dc304cade05996de0ce2ad5c2132a53a841191ea2b53cdf9b9954912b8,CLEAR,"DARKNESS, LIGHTED ROAD",DRY,FAILING TO REDUCE SPEED TO AVOID CRASH,2.0,46.0,2.0,2.0
12870ea2eae9f8b28056534d110a511b6d53f6a650ad738c51495629678f2c9c58743a55eaf74f2fcb4af56c7d89fec9bd24e6436ea4124edd0e5a029f46a67e,CLEAR,DAWN,DRY,FAILING TO YIELD RIGHT-OF-WAY,2.0,32.0,2.0,2.0
12871490c0bc0cfa638b8b6d6a7c28dd3a501860667c45612c67eb8ee4e6fc3dea22171b5f4cdc6abc73843de30a84c1ed81f74386fce640ddd6cf82a0420643,CLEAR,"DARKNESS, LIGHTED ROAD",DRY,FAILING TO REDUCE SPEED TO AVOID CRASH,2.0,44.0,2.0,2.0
1287180a0853b4abfbdb5522e81cfe61abfd2a0d1cf0384919516d7c7c75b651ec72c80a1a834c8524f6ad506a60c0d32f75911071b0a39537c81bf0be9eb4c6,CLEAR,"DARKNESS, LIGHTED ROAD",DRY,DRIVING SKILLS/KNOWLEDGE/EXPERIENCE,1.0,16.0,1.0,1.0
128730bbfa2ac1e61f300e5dac6b83221be38c9335e199910751e0cf57eb78841f4b5804d3ff489ef216d07fa438d1e0cfb42e8d10e7da07f3066c43e88cd0a6,CLEAR,DARKNESS,DRY,FAILING TO REDUCE SPEED TO AVOID CRASH,2.0,37.5,1.0,1.0
12875d0abfeb95be34e36c15b5b5b29347c7bd53b98f94d098ebd535c6a20753e9dce0cf91191686da554e6b36e117296ec496403835ccf2b13e140832cdf1fb,CLEAR,DARKNESS,DRY,FOLLOWING TOO CLOSELY,2.0,23.0,2.0,2.0
128760e19a5f9c21b8626a0c9fa570b93857068d3cf6a832608c41ab49106a52effe9ca87d70e43ddae038f1f8a21d4887802d18858078239beba3da21ca89f3,CLEAR,DAYLIGHT,DRY,FAILING TO YIELD RIGHT-OF-WAY,2.0,18.0,2.0,2.0
12877734a0410299ffbc09f8640ff7fcb542163f3c0fa3884e96cf186a9d03b659d586779660cd0a1ac02144992252e8e2b14c63ed43cab856b2105d7ef873c0,RAIN,DAYLIGHT,WET,"OPERATING VEHICLE IN ERRATIC, RECKLESS, CARELESS, NEGLIGENT OR AGGRESSIVE MANNER",2.0,46.0,1.0,1.0
1287c84f8644d0fd6cf2dfa2b4b76bbe50db12fe98dc3d7f1be95d7b4f20322538c2ce759ade9b11f99b6dae6fe6dc0b01c4276aecb76deba9da086add9317ca,CLEAR,DAYLIGHT,DRY,FAILING TO YIELD RIGHT-OF-WAY,2.0,36.0,3.0,3.0
1287ff3693ad29a89cea4d78929d09f1c2e9cdfe3b9127a2a3536d1bdf8abdc625ceaab7212a2cb7971cb54e6cee1ee163a851eddc4ba7d771105dd3b6650303,SNOW,DAYLIGHT,WET,EQUIPMENT - VEHICLE CONDITION,2.0,33.75,4.0,4.0
1288192bf9769800ac31fa7823677bfd572e157607cf6d248a23833d7360405fabc200124c0c511790b61f8425bcf0edffa08e7ba0b17b16fe80c1ef71a13fb5,CLEAR,UNKNOWN,DRY,DRIVING SKILLS/KNOWLEDGE/EXPERIENCE,2.0,22.0,2.0,2.0
12881ee89218779f2ce6e33f7ca7e9defb8fe282ef3270214a1e02c967951094fc24a531afce3797649c739e521c1e13baf0b3d7937f3eb4fd2dec23915afea0,CLEAR,DAYLIGHT,DRY,DRIVING ON WRONG SIDE/WRONG WAY,1.0,26.666666666666668,3.0,3.0
12883393227fe75765af3ca60b898b356f5381a0057e458f1bcc711dfc09f864db4092dc2d7f62455ee87e036610ef5bd5c9c0a1598dd71b16a07e1453345980,UNKNOWN,UNKNOWN,UNKNOWN,FOLLOWING TOO CLOSELY,2.0,45.5,2.0,2.0
128839690c631dfba20aba2bfe76ace62088d6702dac80c6e9d69ae430ef61668bda2b17b91f5a5ee955ea8e71e2b680caf9780f329c10753ec3ca8de8dbdf17,CLEAR,DAYLIGHT,DRY,FOLLOWING TOO CLOSELY,2.0,30.0,2.0,2.0
12884dc3ead3e97a3115e3698e13c9f6e19ea527e928d78ecd3c6da6a6a891d5ecd713a9b4ab48e270d788b785aab6c65c7dfd96d3974e2a4ce0c0cb858fd623,CLEAR,DAYLIGHT,DRY,IMPROPER OVERTAKING/PASSING,2.0,56.5,2.0,2.0
128850ebe8c31227f7636182e83cb9660074dc911ef59d5e0ce98888aaadf9c08cb0f5ef3d1ee1ad019a779e6be1c8e4b3e4688efdc45a660d88db62a64892fc,CLEAR,DAYLIGHT,DRY,FOLLOWING TOO CLOSELY,2.0,40.0,2.0,2.0
128863418373810537b63ae1b1f4b48708f9a3fe4ff484651fe112d06d146c183c4534823b8265279b89f752e887518962389cd1ee781f1e870ca11215cd8eb4,CLEAR,DAYLIGHT,DRY,IMPROPER BACKING,2.0,55.0,1.0,1.0
12888e47fef19a2309e523dbb952a13a441a764ed083404ecb2043a85b883a849aab831739d022e8efe7cd20fa6ac50e6bbf7143089c4c07d4d6c090d6031e21,CLEAR,"DARKNESS, LIGHTED ROAD",DRY,IMPROPER OVERTAKING/PASSING,2.0,44.0,4.0,4.0
12888f7d64896b6135d3952c2810c9e79bf247f5b00959d0c534a133a05559aaf1685ced5388ab946c3911e9ca5ef687145d296190c22da96e686c674406f09e,CLEAR,"DARKNESS, LIGHTED ROAD",DRY,DISREGARDING STOP SIGN,2.0,49.0,2.0,2.0
1288acb0b2bb5250b85da8f4c3e5f315b196aca325d5d79f5078e9fe73bc35e30b0644c9b6998f407c642ca06003ec76ce97776445c9ea219b7ff90d744a7164,CLEAR,DAYLIGHT,DRY,FAILING TO YIELD RIGHT-OF-WAY,2.0,66.0,2.0,2.0
1288c0c8c60bb79e6a27128751e344a9b7db15e64a79b7d16d3300a4a96f85e2f4525f55c78800329899c38c2c20ccbda9b953b1d9343500884e985926bf1505,CLEAR,"DARKNESS, LIGHTED ROAD",DRY,CELL PHONE USE OTHER THAN TEXTING,2.0,38.5,4.0,4.0
1288cef9a3441a5deb677c873773c539597329c807bbe3015218e354f8a7bc99a72e954a065f75e64dd1daf34f08ff8e633a1e9b03f94538aea48e1b5c4969ac,CLEAR,DAYLIGHT,DRY,FOLLOWING TOO CLOSELY,2.0,61.0,2.0,2.0
1288f450a5379dd2d6611b6dc2d0bf4b95dfb56419374fcec7420f5d6621e56a935737ea8608a496a533fca6f6f8a322ee02bfe66e64d0fead15f2ff8f1c90e8,CLEAR,DAYLIGHT,DRY,"OPERATING VEHICLE IN ERRATIC, RECKLESS, CARELESS, NEGLIGENT OR AGGRESSIVE MANNER",2.0,22.5,4.0,4.0
12893fb264bd808203d41b97c06f13f6e90382f1c75333b896ea0763e84cd86925d13648015fce81a5ae1aba6e32efb1785858800af5e0b76125eb69005a5f1c,CLEAR,DAYLIGHT,DRY,IMPROPER BACKING,2.0,37.5,1.0,1.0
128941340aab35d153cb88a9818a3b1463bff37202d10e2bed7f45af927d74acdbc45138b663fa60d9e5af916b3096cb557c281f1d13ed417cd106fd9780759a,CLEAR,DAYLIGHT,DRY,FOLLOWING TOO CLOSELY,2.0,42.0,2.0,2.0
12896e4bd02e53a8c80b8f028290c7886a281774b15955048def33961cf5f95299b784a2ec7839d6f18b844c3b4bb397273e068ea1286adccde3608ffaa84b19,CLOUDY/OVERCAST,DAYLIGHT,DRY,FAILING TO YIELD RIGHT-OF-WAY,2.0,56.333333333333336,3.0,3.0
128974712a6dddcabc58f15ef9e9111a8a683d0855081af0564896a57aa8308675b8aaf815f8564105dedba1ad2e6d32a6f3a25b3e0e4e57c507db4fe01c984f,CLEAR,DAYLIGHT,DRY,IMPROPER LANE USAGE,2.0,22.5,2.0,2.0
12897519e082a38e2259f3256b73a5721e1f44503650f2578170b8c5d6edfa69bed11f2a90f9cc17dcd36e92ab2624b0a87cdbfb2fb7e34678370f76bf051362,CLEAR,DAYLIGHT,DRY,IMPROPER OVERTAKING/PASSING,2.0,66.0,1.0,1.0
128995a842910251d60520d46c4d1e1ea0dc15a0443730ea4b368e43eb687829cdf3ca46ce2f8f8c88778ce8aa5349a6d3694a2edb282ec0a1ec45f3904a5e81,SNOW,DAYLIGHT,WET,FAILING TO YIELD RIGHT-OF-WAY,2.0,43.5,3.0,3.0
1289a8d77b679e0f1c5a7d7783b71c288f9e9be7dc8ac926b86cdebdaf5ab8984c9adcaff5dd19e96294d2e519a4db074eaa51a4d96b399e80514e0254bd8a96,CLEAR,DAYLIGHT,DRY,FAILING TO REDUCE SPEED TO AVOID CRASH,2.0,59.0,2.0,2.0
1289acca8956e13a58972a8825e3dcb7589c272c5da9b89fcc0bda7a7658f412990298803821e009fe2fc2b508c4f74989023609d8b07e3b77beffb2f1e5259e,CLEAR,DAYLIGHT,DRY,IMPROPER BACKING,2.0,59.0,2.0,2.0
1289d0b882a1ea8f789b9bcc93ea5854b1624013c281a1ee29ad675cbaab17ece90906c6e4d61c90bccf710e6bc0cf7dc3aacbdeaecf02225dbdc07631f3ab88,CLEAR,"DARKNESS, LIGHTED ROAD",DRY,DISREGARDING TRAFFIC SIGNALS,2.0,34.0,2.0,2.0
1289f6a36a5f3ecee349276339f68937e258e56770277553e60cef68de5df303be7e221a9130d04eda884068d15f20ed7311031deeb8944d40de4e6b3e4c9114,CLEAR,"DARKNESS, LIGHTED ROAD",DRY,IMPROPER OVERTAKING/PASSING,2.0,36.5,2.0,2.0
1289fe0e04c2254db5be3a03b8e7ee508458f2c9438fefa7e26e6e54130fe01b90b78cbb8e5a186fd4e7d2b6e196199a4e0db9046213787049d70aa4eafa46dd,CLEAR,DAYLIGHT,DRY,FOLLOWING TOO CLOSELY,2.0,44.0,2.0,2.0
128a4a8e8ba33e0a3ae9960f90215b85adccb7cde5518d08c8a9b53af426a21856ffe559e69a6704ba992a5d8cf0a0e1f186d2646a4122468adebca99fdaf6d4,CLEAR,DAYLIGHT,DRY,FAILING TO YIELD RIGHT-OF-WAY,2.0,52.0,2.0,2.0
128ac2fdc39b0e8568719186781b4d077f5e92c8261199a5b2acdc4b2382bac96e109e8f03491d738c9d467a3668b5d2a763bacd143bff05aa93b61630cab0de,CLEAR,DAYLIGHT,DRY,IMPROPER LANE USAGE,2.0,32.0,2.0,2.0
128ad25d5c6e5f648ad1424b6c9b912699f3151691d766401f1ef7f2f42395a1b55d1c13bad9fd62e3c5dc8a5415ffa4ef812dae5a09bc0e708efd61d1e499b0,CLEAR,"DARKNESS, LIGHTED ROAD",DRY,IMPROPER OVERTAKING/PASSING,2.0,35.0,3.0,3.0
128ad5986515b5f4ebb575f646a3c9e49e0343f19cebf028317c5901b0fb108333367f6e171a7b1ad969928675d7c5baf37bd3d20a3a17fedb30326f887adbf0,CLEAR,"DARKNESS, LIGHTED ROAD",DRY,DRIVING SKILLS/KNOWLEDGE/EXPERIENCE,1.0,32.0,1.0,1.0
128af2ef0f13c7e463ed6a74e22c6ebc6711c65af737a819cf3c417108b063e2bfa1f41a0785593d42570e03d47df559bd5653da49c3e6fb0f217601853cce43,CLEAR,"DARKNESS, LIGHTED ROAD",DRY,IMPROPER BACKING,2.0,37.5,1.0,1.0
128afe7f5b5d8a1b04943097ce4721b6c6537cdc1eb9b1e3b9ba31da4622fe26e3b6918632963fc89e9b735fb79f3873acfa50ac4224c343dd64812aff0b35f5,CLEAR,DAYLIGHT,DRY,FAILING TO REDUCE SPEED TO AVOID CRASH,2.0,77.0,3.0,3.0
128b26c9e388d07599a512bd2ea8ac54ce8b8aef03a68c90bdba7c0a240b86b230f4bbbed2d16ff15173337dff1fc2283d6388e2037adff4801ff2ea0f65a7a4,CLEAR,DAYLIGHT,DRY,IMPROPER LANE USAGE,2.0,33.5,2.0,2.0
128b3737649b0d8532f9c4920999e7d93e423b3bc4eb1bbf75cd27274e732094e4ab1cd4638cf9ca7a3501c1b74512db5f657ddbefca818337aef3b7fbdc3d09,CLEAR,"DARKNESS, LIGHTED ROAD",DRY,IMPROPER LANE USAGE,2.0,44.0,4.0,4.0
128b37531b5c8ae57de596f223a650f145e9ab571ed26cef67bb80e8bbc44ca3bef431373867c0ef046787421885abbddc83ddc694d81b220a207be96d7d2d71,CLEAR,"DARKNESS, LIGHTED ROAD",DRY,IMPROPER OVERTAKING/PASSING,2.0,26.0,2.0,2.0
128b4ea240158fd84f5b3e7f039eed07157597f4d8a057265e157d5e67be9f9809f96d8ad31a8bff01d998bc478dc5dba7481ae05f32863d396c13a2343775d8,CLEAR,DAYLIGHT,DRY,FOLLOWING TOO CLOSELY,2.0,30.0,2.0,2.0
128b53b206a03dfa74ffc159926324525f70bb44473872780a352fba5f051a59955c734db51dee1d91ec4e56f252a616dba225dbd2046100140a8d50efef384a,CLEAR,"DARKNESS, LIGHTED ROAD",DRY,IMPROPER BACKING,2.0,35.5,2.0,2.0
128b5fe88b1305474d88045750fe6e0e11cc6ac6323d9bfdafd40e63b0c386fbe82025f69dbf88bf32eb4ae381447e02d9a48955503cd5b72c7bf04bb8173bb6,CLOUDY/OVERCAST,DAYLIGHT,DRY,FAILING TO YIELD RIGHT-OF-WAY,1.0,41.0,3.0,3.0
128b66b44c41ec7e53dc2ecee9c8de60d68e19e89fe7938cc445c2eb87583e083450c6373f90267760a9e2102adfdbf12451994e54177d5509a750410f04961f,CLEAR,DAYLIGHT,DRY,FAILING TO YIELD RIGHT-OF-WAY,2.0,37.5,2.0,2.0
128b7b92b1e3d979d7455ad4b0fba0cb843190af89ab1304c91817465ad5149ec7fb1597f4120630d7e3445f554cd32db02872281575cb991676b30d8358d984,RAIN,"DARKNESS, LIGHTED ROAD",WET,EQUIPMENT - VEHICLE CONDITION,1.0,37.5,1.0,1.0
128b8cefcde0b4c7445001d6af355f557d5aff51327b95330062d6d3fd0024b3c22f7cce837bf7b37eb49e4808bb49f12919cdfa77d033d3e9ccea7473ed9129,CLEAR,DAYLIGHT,DRY,DISREGARDING STOP SIGN,1.0,15.0,2.0,2.0
128ba0a94465c0f39c9df634eb0032356cfc5bf295869a8b11f650c750808f42bd9c14fc8a3fe6e87de6107f9db1221f8b2a46955607a6e7f1abb2dd5d3b6f56,CLEAR,DARKNESS,DRY,IMPROPER BACKING,2.0,55.0,2.0,2.0
128ba920a8c650fa49b9ecea7ec82243ba32a0fe3837d0f2d7d04601813c5650a3612c4b6a738032bed2e7667e2ca4cc06b2923c6232c158cb2e98870dac3ef9,CLEAR,DARKNESS,DRY,EXCEEDING SAFE SPEED FOR CONDITIONS,3.0,27.0,1.0,1.0
128baac3f50168ac9cf534a5c9de1f5ddc67d3e7c2a6fbea056a912d3a278b585bd65e644bc5637675ad74bbf0df6b804a8b359c2cf4caae85a5c85035cd4702,CLEAR,DAYLIGHT,UNKNOWN,IMPROPER BACKING,2.0,33.0,2.0,2.0
128bbe855ca880ab2240bc621ba7ddea3c1582b0cf3ef473df35050e742edb3189d3e9efac7f9eb1f0ef0110f3802831aeba6be183654c3442c08a0f426f39e7,CLEAR,DAYLIGHT,DRY,FOLLOWING TOO CLOSELY,2.0,42.0,2.0,2.0
128bc0b0a91890206f00afc4f4687f8fd426f15fb862f7267bdf9a3095d98434b581b2be8f6767d3bba10bc20289c7c84c9a860003d7b285cf9ff42c117a7ee7,CLEAR,"DARKNESS, LIGHTED ROAD",DRY,IMPROPER TURNING/NO SIGNAL,2.0,46.0,3.0,3.0
128bd280c61e1b4628b56ad4987f826d8902e1b24fd323598b3ed747b3b64d074c4f99e9397b98a5fa55aafe8ce6b8ddd89a1deed34e43ce1db0d8c6fc8b0a6d,CLEAR,DAYLIGHT,DRY,IMPROPER BACKING,2.0,37.5,1.0,1.0
128bdebc22ea966009274ac1e3977bec3330867b8042e3f76ac980fb4feb441b4d410e09cf5a5447112b69d2cb032f2e9b1f60fb00dae09cebb07be2737f967f,CLEAR,DAYLIGHT,DRY,FAILING TO YIELD RIGHT-OF-WAY,2.0,32.5,2.0,2.0
128c09d0e155b16a501f600004f4d716a62ea2bb807db5ed668b2884f0fc7b3822bb33a3e918ca7e98b53980824b300f0d2e8a561ec3b00e43034e343af1e84d,CLEAR,DAYLIGHT,DRY,FOLLOWING TOO CLOSELY,2.0,44.0,5.0,5.0
128c0a0a8e0e32cec8ba172246d3ad6d3ec7e3ab5ce1e5ffd8b65ea3915e8231743f25057b7ab46c2af9a6de204ed426ded987d5c53257a4f24832340d6a15ee,RAIN,"DARKNESS, LIGHTED ROAD",WET,DISREGARDING TRAFFIC SIGNALS,2.0,21.333333333333332,4.0,4.0
128c0aa5d93e72e040789193f0fd7a62c96c2f39852fe26a15d44ba70de9a29743434c8b4e9256d5512189829b4112fbe7baa25ceedebc4e836574bb1721abcc,CLEAR,DAYLIGHT,UNKNOWN,FOLLOWING TOO CLOSELY,3.0,42.666666666666664,4.0,4.0
128c1549763067f423c6d01c7e1968af4ee7ec7d6493332efbd64f19eed4a65354ae921ffe5e01ed53eb79374608c7e630b1111e4c59a60771777cbd5cdcc7aa,CLEAR,DAYLIGHT,DRY,IMPROPER OVERTAKING/PASSING,2.0,37.5,2.0,2.0
128c1f58369a2c9fbf49fb0fa53ab806de845bdc27189173dcc9c49e65e6f390af722ec90afb3f799bb9376d9056071a8a3e280d4980b74830cba1bb284b6e4e,CLEAR,DAYLIGHT,DRY,DISREGARDING TRAFFIC SIGNALS,2.0,31.833333333333332,6.0,6.0
128c2a2bdc869be9aa738841eff3c2a7bd234656fce309ecd705f5cc91eb7bb081966ab226368a2131d1d421a727fd8208a8a654492d34985d74a9de886b439f,CLEAR,DAYLIGHT,DRY,IMPROPER LANE USAGE,2.0,23.0,2.0,2.0
128c4c67d74c3ae8a8a0159ead7a834ce9cef0f22a61e15dc93d3efea76dd1e96fe7de635f1c1412f8578f765271608852643649d22306d3b7c8f1f787b36353,CLEAR,DAYLIGHT,DRY,FOLLOWING TOO CLOSELY,2.0,39.0,2.0,2.0
128c7b9d384c852aaef616aab731609b37370ff96fa2fe243eefcd551c842001ab61014586d7b6053a5150cae460be5754b3a38d907639f7767c2c8559c0002f,CLEAR,"DARKNESS, LIGHTED ROAD",DRY,FAILING TO REDUCE SPEED TO AVOID CRASH,2.0,37.5,1.0,1.0
128c86c260f73f4a5f75e647d8fe9b121632129022687e735659de7713445c76dc9c90e318480b5bccc3ff0ca1eb3e51992b12d94c5582557a333cac877a554a,CLEAR,DAYLIGHT,DRY,PHYSICAL CONDITION OF DRIVER,1.0,65.0,1.0,1.0
128ca394c55ccc047e4a0e469b59a79cc1d582a669e3ebf8348c9a5b381dad5b694d4813c634010e959c445f9a94ef8a693431b6b5684f1568fac0e1fb85119c,CLEAR,DAYLIGHT,DRY,IMPROPER LANE USAGE,2.0,39.0,2.0,2.0