crash_record_id,weather_condition,lighting_condition,roadway_surface_cond,prim_contributory_cause,total_vehicles,avg_driver_age,total_people,total_injured
128cd25544f0906bbb521c56e870d765bb98e54325db9659d5882501e025071e8fa9c3f4f9e4d50d3513beafe179c9e1eee161b31766a952de8e033c7dec62e7,CLEAR,"DARKNESS, LIGHTED ROAD",DRY,FOLLOWING TOO CLOSELY,2.0,32.0,2.0,2.0
128ced2406ff78a2b0da1ece2421b80e16c4ddfa00525e97233583bf9c72f9d85bb6ad4dc3a1bf50dc2810c14afb62254436f6db9e3fad26bb5df768c9d57dd3,RAIN,DAYLIGHT,WET,IMPROPER OVERTAKING/PASSING,2.0,24.0,2.0,2.0
128d145a4cf705ff4752f34a7ad9391bdfd44bb5ccd6f502733bfac433a12861085e596e991b65ed69b5b95124150639ef51c284e1a84ee4f4c3ca5c7217b3c2,CLEAR,DUSK,DRY,DISREGARDING TRAFFIC SIGNALS,2.0,17.88888888888889,9.0,9.0
128d4741e2902b98e388d42e9b1b3086cfd83d53c7b7b54c452f4e49355cb686e9ec69dec25cfa2bf29ca00b497ea6d89ad883aa032515e1e856ce4013fd0c8c,SNOW,DAYLIGHT,SNOW OR SLUSH,WEATHER,2.0,59.0,2.0,2.0
128d48f216db89c98be0bc14c56978fdfd8e30f77c4578d0bc4440b0f1c48b18acbe29c5693d8d413f19cab2ff014e152d64f9b5d082a9c16be9d71afc24e1e6,CLEAR,DAWN,ICE,FAILING TO REDUCE SPEED TO AVOID CRASH,1.0,14.5,4.0,4.0
128d76ac20915d9a96a4d6cdfca8a469f0228200722bd5ee0e2cae1bdeeff046794398e5aada499c3f19aa90699dc0fd3b42c0e30bb8adf89e72a3731e5ef488,CLEAR,DAYLIGHT,DRY,IMPROPER BACKING,2.0,40.0,2.0,2.0
128d8a1201ebe80c3bbd2eb0d1c09af528f90ab1cf18b085a744f9bfee49c03c1bb97c029e24ac9ff865ca762faa603870676e77891bf48fa9b96d5226ba37c3,CLEAR,DAYLIGHT,DRY,FAILING TO YIELD RIGHT-OF-WAY,2.0,35.0,2.0,2.0
128d9a02dc0e925158715a16c7d2334e5fd5fec56ca7679205918ffca51e0364c721d194858a8d6f459db0b64d425fb3523c64f16bf0c31b7e813b8c2de934e6,CLEAR,DAYLIGHT,UNKNOWN,DISREGARDING TRAFFIC SIGNALS,2.0,24.0,2.0,2.0
128db67750b509e444c0ccc7cad0dc0117e64cfcd7ae72ffc1486218251b123f0e19379f7ae18ee3a3694be033df441c1e3ca86cd81ca58f197cef282cf6981b,CLEAR,DAYLIGHT,DRY,ROAD CONSTRUCTION/MAINTENANCE,1.0,61.0,1.0,1.0
128de21058dbc3208eda704b10c7a9b56eb65c66261ea1ae7b25fe4c5f5abb0b4eb5c9a121624c7f96829a384ba767fd1614cf6826ebe5888432b7568198c884,CLEAR,DAYLIGHT,DRY,FOLLOWING TOO CLOSELY,1.0,50.0,1.0,1.0
128df4902bc8dd9e9fa8978d0b896f57600dd6b1de0d03ae711e8671c46da0d710b00c75601f0668cb5a4d4c6727ac52e6adabd688d39f8f6a23d8c6aaff8f7c,CLEAR,"DARKNESS, LIGHTED ROAD",DRY,FOLLOWING TOO CLOSELY,2.0,27.5,2.0,2.0
128e04c183ac5df2f26f357d6617b1ccb2fe0a76d2356dde0586d83cf5add40dd0f12233fd46847ad8b83fcc48f4889f399f6134265018b80262018dc5997b0b,CLEAR,DAYLIGHT,UNKNOWN,FAILING TO YIELD RIGHT-OF-WAY,2.0,39.0,2.0,2.0
128e4ab98e02778f0d0f11076bb7b753d8706c0138a67acc80fb3163dbe7ea3a76dfc937f3fca32ae2a6ee54c7c0f984e9ddd44076b5e9803eed40fe55b4714a,CLEAR,DAYLIGHT,DRY,FOLLOWING TOO CLOSELY,2.0,25.0,2.0,2.0
128e62eeb66821efadb8fcfedfcbc31b7f0687639816fe305b8e2359a33e0bc4b5b315b36863c40b6285b905954ec7cdd30c49a7314af0a387a5ecc4ddade72d,CLOUDY/OVERCAST,DAYLIGHT,DRY,FAILING TO YIELD RIGHT-OF-WAY,2.0,91.0,3.0,3.0
128e686b4247c4e6d3cdb67b571aea83dd2be6dbd9bc9d9be095e153fd5802e717baf5e238eb67df64d6355b2f9227a4aab03ecba13d013938b539af72bd0912,CLEAR,DAYLIGHT,DRY,FAILING TO YIELD RIGHT-OF-WAY,1.0,42.0,2.0,2.0
128e8d6e26a761d7c62c5cb6e2520c6c08640923e63afd7db53213ea77f5ea8d6fcee2d538e3a898d48d5ef8055ba35fb5811b401d0add82ee12955d020d0ccc,CLEAR,DAYLIGHT,DRY,EXCEEDING AUTHORIZED SPEED LIMIT,2.0,23.333333333333332,6.0,6.0
128e9abda959f6893ecf604300705a4f5a8049c94c543045c4f3ad9c4c5c03e4e1619ba983cef5bf38695600a8ff909ccf830680feb1ed3fdb6b2cb419644da7,CLEAR,DAYLIGHT,DRY,PHYSICAL CONDITION OF DRIVER,2.0,37.0,1.0,1.0
128eb7757b34ead952ee3daa6229315d56825ee918717ecccb21f46d74d5d2a80dab1e159b8707e9e2ae5a4e2ec3175bf4b2426117132161868dc50e952d392f,CLEAR,DAYLIGHT,DRY,UNDER THE INFLUENCE OF ALCOHOL/DRUGS (USE WHEN ARREST IS EFFECTED),2.0,51.5,2.0,2.0
128eb835ba888ff817d668a0294bdc5acd6967b7c38e30c7fb6444ac66154115e51de8f8c9edea34dca07834c312e4bb430d2d48936894931fde2ea85940236f,CLEAR,"DARKNESS, LIGHTED ROAD",DRY,FAILING TO YIELD RIGHT-OF-WAY,2.0,51.0,4.0,4.0
128ef98ee001c09d74c1f789439dbe0b2d1ca14852f17e93ddcefd145d1d72d046f132f0b12f567739ea0a7956151fe2cd025d9b2e50ec7314760e6db17f0d91,CLEAR,"DARKNESS, LIGHTED ROAD",DRY,DISREGARDING TRAFFIC SIGNALS,2.0,56.0,2.0,2.0
128f2db78efe30b21039661599691680d88d0bc01bd4e9403c7680208c3aa9a62e041a09f820c9820890b852cd742f7e0bf755f303aaa35cac4a5cf459a9b878,CLEAR,DAYLIGHT,DRY,FOLLOWING TOO CLOSELY,2.0,21.0,1.0,1.0
128f5db0b0220f3e881e7e0a8426e3612534030fc32a23c228e2801b1a91acafd0880ba82d7af1a8062ed995789d44eb477d75c0562e7e62fbcf39aa983548a9,UNKNOWN,UNKNOWN,UNKNOWN,FAILING TO REDUCE SPEED TO AVOID CRASH,3.0,53.0,3.0,3.0
128f64e9c2161875ea00c10bf21a5839b570aa867deae5b172b44887be6c9e41b5ccd04b889e7de2902fa959cf70d68e3831e241c8ee13214283554293a1a811,CLEAR,DAYLIGHT,DRY,FOLLOWING TOO CLOSELY,2.0,50.666666666666664,3.0,3.0
128f64ff7aa1a6fa81127e9b856740eb30be35f203a6a57411ed9fa80d14d59b232a81cdd56ed39c5dd90003e03176dadbc32a643befc7ef10d9c9d30ab9b439,CLEAR,DAYLIGHT,DRY,IMPROPER BACKING,2.0,37.5,2.0,2.0
128f8789a8bb181db3e9ffaf3c8404a52f266014e028df0d50a168ec8cc191d269b1e4f468c02ea6683c85686f1ad1b7a3123d13960aa31ca48d8d5f9cdf98fa,CLEAR,DAYLIGHT,DRY,FAILING TO YIELD RIGHT-OF-WAY,2.0,41.0,2.0,2.0
128f8ce2ee7c41604bb5983287b82cf37cded6c72a6be067111085be9c3a12042e28291787086cef3a3be76c4cc3dbf285d5d2c94b136efa76b506ca511fdef1,CLEAR,DAYLIGHT,DRY,ROAD CONSTRUCTION/MAINTENANCE,1.0,41.0,1.0,1.0
128f8fa98170b30a023aac78e7b223a54c991a7830fa304c1eadbf8565e657397c6bb59c2779fdc91bfd2a24316e514096cd97591d2735917daf0d751472ec93,CLEAR,DAYLIGHT,DRY,"OPERATING VEHICLE IN ERRATIC, RECKLESS, CARELESS, NEGLIGENT OR AGGRESSIVE MANNER",2.0,33.0,2.0,2.0
128f94823319a89308bb85040ddadbb10cf498f63c9531a2aaafac454280b8a7176f1658c939fb26f7ff248972e00d27414a93309f0de16a4f7af4f04b861b05,CLEAR,DAYLIGHT,UNKNOWN,IMPROPER OVERTAKING/PASSING,2.0,51.0,3.0,3.0
128fb963b5d0a26f222b3e178a0efdeb264b63339f2e67635bf79ae8ee9d2bdb1bda8f5faec515fee53515ad7aafd076bebd4ccfb9ccf60254b46ea18a398698,CLEAR,DAYLIGHT,DRY,FAILING TO YIELD RIGHT-OF-WAY,2.0,42.5,2.0,2.0
128fc42269e1130690c8b8baf4477138f4e9834f22f2be86cb9c29f90b7023e045b832062375f9026b228f819cea781a6fd071008ee99a34721468d2dc673809,CLEAR,DAYLIGHT,DRY,FAILING TO YIELD RIGHT-OF-WAY,2.0,32.0,3.0,3.0
128fc4c410db59ea76a4c402dfb47afaf300305d3626fd89798cbae8fbfaa8ed13b3e75f82ac736eb2f0801e7342ecadbc8e231fc3c867f5ffc018240db67466,CLEAR,"DARKNESS, LIGHTED ROAD",DRY,IMPROPER TURNING/NO SIGNAL,2.0,28.0,3.0,3.0
128fd75ae9baf3bf4c6d70488e9f438245d5190a005fca9eb2e36746b5e21d68ca65f3d95379c9ad6d5aed0ee86a346b7432370ac1513e20c23763d5aaf34bb7,CLEAR,"DARKNESS, LIGHTED ROAD",DRY,IMPROPER LANE USAGE,2.0,57.0,3.0,3.0
128fee69dd6c3c5fbfdf9ec8f06138dd7d7869c3a66ceb021ced56fcec1bcbfdf61496548af345950facc0ff286d160be97b9eef721c133a095ca36f42b7fe87,RAIN,DAYLIGHT,WET,DRIVING SKILLS/KNOWLEDGE/EXPERIENCE,2.0,62.0,1.0,1.0
129000b44783fe98e63e5817646d50f4937a61f1f133db28bc50a4d8fab51d8ebd79adfbf45333ecba4d58a248bde2a963d0f0535c00cdbec55e87e0604fc9c9,SNOW,DAYLIGHT,SNOW OR SLUSH,WEATHER,2.0,26.0,2.0,2.0
1290017daf6857fe235d0214c5d0ad8bb953280395cf20966a7388a2584aac3cb19f7c6356ae9ae969db487b88af4d15295bcc1a256f341ffc08ed82989a58e0,CLEAR,DAYLIGHT,DRY,DRIVING SKILLS/KNOWLEDGE/EXPERIENCE,2.0,40.5,3.0,3.0
12902f64bf4ba1b71ad84404f144da783390cad0f9be54b85de90ab6b92407027e6353fcb5d6923531192bbd19e03738f5cfe1cbea678690f6d4d07db2933702,CLEAR,DAYLIGHT,DRY,IMPROPER BACKING,2.0,37.5,1.0,1.0
1290b004e0d249608469e74a85840d45b5bfe10e9c8309b60d7ecb29bd301402416b03c0ffca3d45dbee88fe54b3ad80166f14bef176357c546b3cca24cbff5f,CLEAR,DUSK,DRY,FOLLOWING TOO CLOSELY,2.0,42.0,3.0,3.0
1290b8e147dd7e27c519991471a5d2a37ed3b11a1948dd840d585a30798544e4bd2d85010c5bc6e7017d06f4d6935e0b7d94aa29a8d445253dd54710485ce5d8,RAIN,DAYLIGHT,WET,IMPROPER OVERTAKING/PASSING,2.0,32.5,2.0,2.0
1290c93cde389092b417ff842251e88185e4f165538cc0f2556613e3238fc1d737ea86fe0e5b9590bf583840cf2695bcca0e8fe84e0e96788453c60862d74b49,CLEAR,DAYLIGHT,DRY,FAILING TO YIELD RIGHT-OF-WAY,2.0,35.5,2.0,2.0
129109e821fcb0ec9852e5c4a07e0975f86ef7de547b93cff298d51050d5e1917b1c171302044a9682963e7360b5e08715c1b7dbf9f6425e505bc22c2afe3648,CLEAR,DAYLIGHT,DRY,DRIVING SKILLS/KNOWLEDGE/EXPERIENCE,1.0,76.0,1.0,1.0
129110ce2bb18242bc0a8ac1b753311b4d9d133e0e322e4aa4030ce174d039aefb81d1cda4fe3c545cd624f141bf9e72737cdab2417ff4334a63f47c0c852b6b,CLEAR,"DARKNESS, LIGHTED ROAD",DRY,"OPERATING VEHICLE IN ERRATIC, RECKLESS, CARELESS, NEGLIGENT OR AGGRESSIVE MANNER",2.0,40.0,1.0,1.0
129122daf30177981c474520b1a2b8e35ffab116d759d91147c642cdf287346dd9dcfed5747425d674d39267e9b2b3d36922b85ab5491e405b9c3f87d84a77aa,CLEAR,DAYLIGHT,DRY,IMPROPER BACKING,2.0,34.333333333333336,4.0,4.0
129124699342be6d8b1b8bed57f969ee98d435e2cb895b31f9cbfc0efa5a8debf28086aa7c0bef0466bccacf6d6588cf86abf774aa15ce04a2ef6a8319823b52,CLOUDY/OVERCAST,DAYLIGHT,DRY,FOLLOWING TOO CLOSELY,2.0,24.5,2.0,2.0
129144959189c5961d1118b2f275df0788884572a27be84a36dc501f67092269e55da89976c06e2eb75876c14e63fb9554193c976fc68d1dbd6542d36c652d1b,CLEAR,DAYLIGHT,DRY,FOLLOWING TOO CLOSELY,2.0,27.0,2.0,2.0
129150c66a4d0656d6808710b069a7d280ce5596a3d10600179d7b4e60198ba4a311a9f4c677c734f6f8eb04a1320ff0ddd61a3f79fe6d7327e0acefb14386f3,CLEAR,DAYLIGHT,DRY,IMPROPER OVERTAKING/PASSING,2.0,67.0,2.0,2.0
1291a0c3c64cefa8c3ee9938f8848bdb947bc3a64041ba944003361f0ece9478abc63d877809e6ba8a71afa320219361c30220bb1874c5b9a8980741c79b065c,CLEAR,DAYLIGHT,DRY,DISREGARDING TRAFFIC SIGNALS,2.0,62.5,2.0,2.0
1291ca75509534a71bdf251e7fdeec7237edeeef2c441ae54e41975555dba91809a38ccdf9e9e0271f1b2000e3e32870c161017ba6b23b2d249d0bde5f297551,CLEAR,DAYLIGHT,DRY,FAILING TO YIELD RIGHT-OF-WAY,2.0,43.5,2.0,2.0
129209854c0a1f2a7824e2a9c41ed01c227ec3a935ab0667d406f238beb70411e97f5cbcc70cf0bf7b1a0818e7da6dcee7816192ada9b4cb8ceec0fe87e6b3b2,CLEAR,DAYLIGHT,DRY,FAILING TO YIELD RIGHT-OF-WAY,2.0,27.0,3.0,3.0
129209ea779a87c4d7164a99e365ba10797bdad526bfe484181f5dd54fbc00db953a800f111f7b1ffa7a0834f7e6401b4f63f30f43b950aa063eaf2334f30249,CLEAR,"DARKNESS, LIGHTED ROAD",DRY,DISREGARDING TRAFFIC SIGNALS,2.0,42.0,2.0,2.0
12921d0679611f66b11a5792ddfaf810e371c45a9f8185b6a166eb5c161f53c58a762ae18415e8d741e163590603ca4435dd06019573521b3eff548309ba19a4,RAIN,UNKNOWN,WET,FAILING TO REDUCE SPEED TO AVOID CRASH,1.0,21.0,2.0,2.0
12923fc49541d838f3d261d758369fc4308b2c47d08dfd4830bac9edd2b08442c29bb00143d534e9c2d8a242c879e37361fb366b86dd25d363996a0dea2fd414,RAIN,"DARKNESS, LIGHTED ROAD",WET,FOLLOWING TOO CLOSELY,2.0,31.5,2.0,2.0
1292727a3cc62da128cd7622cd88a003c34893d64111400f2fac33a68ce9d19764795afcee5a9bd13f65a9975deebf5f8441842f905797aa54bda221b6529efe,SNOW,DAYLIGHT,WET,FAILING TO YIELD RIGHT-OF-WAY,2.0,20.0,3.0,3.0
12927426076fc1b0285854ddecba7d2c7cfb8e17b0c0b968d6746b869607f9180a84f5bee5d609e77102e356820e4fd73b25b61d5e1fa314a4833a931881c4e4,CLEAR,"DARKNESS, LIGHTED ROAD",DRY,DISREGARDING TRAFFIC SIGNALS,2.0,35.333333333333336,3.0,3.0
12928712094d6fad789267f8a8e0b963615e27a69d729d44ba02de88a3ee5950975582aca66990ea1bcdff357521c2b33826d64acc48a6327bebc64d5b843677,CLEAR,DAYLIGHT,DRY,FAILING TO REDUCE SPEED TO AVOID CRASH,2.0,22.333333333333332,3.0,3.0
1292a8559a1a9c2fc9eea957ce59ed07847df41559df89ecb002dd950850c3ebd2c219dbabda385dca55654f9b06ad3f752b01ccb422c5704a7110116ddbe1e0,SNOW,DAYLIGHT,SNOW OR SLUSH,WEATHER,2.0,24.5,2.0,2.0
1292d230946f36aaad52cc0844972377d6aa2530065530b9f559ec8edd96a7a7f40c4e60f20adece4910dc912ed7e16cd7c3916ff6b389a3a5420b8a59c57b79,CLEAR,DAYLIGHT,UNKNOWN,DISTRACTION - FROM INSIDE VEHICLE,1.0,37.0,2.0,2.0
1292f2684a9ee39e8ff6270d26b30260599c18cb90b49ecf003e306f8d49b3eae232b53975e4017c59c9f8364892484df676b3b93f005bc9060ca336ceb0f5de,CLEAR,DAYLIGHT,DRY,IMPROPER BACKING,2.0,69.0,1.0,1.0
12932bcd6237c5561e0ee4cc76320da8d4a3163b4546f10dd8f7f236c3e87c5e71cf6a8c02f7fdd826beac009cc5def13d584df78a2dea443997b9bb9224e921,CLEAR,DAYLIGHT,DRY,IMPROPER OVERTAKING/PASSING,2.0,30.0,3.0,3.0
12932f4984250628d3d4fd8f2983a59635788a060bef87e7f68667c21031e05595b4a1f16f15ac31141e86c298a1b8299addaea76a4c92336856b83cfc24fe6c,CLEAR,DAYLIGHT,DRY,FOLLOWING TOO CLOSELY,2.0,20.5,2.0,2.0
12933a10d6e8d7ee8461dee18e1951928693bf821e20f8c2195dd462c3c3ff37e2ed03452407deff6aca4a98782dce7c560ee544470b16e761300ff5b0da3d3d,CLEAR,DAYLIGHT,DRY,FOLLOWING TOO CLOSELY,2.0,37.0,2.0,2.0
129363108ea97d888452e8043b75cf1d53470843b92a03fc8a6e832cce821b3dc6eb8e295b23b74d8d075687b4778ad4dfa2c7518b821f09f2c61e2ff5f77d0a,CLEAR,"DARKNESS, LIGHTED ROAD",SNOW OR SLUSH,FOLLOWING TOO CLOSELY,2.0,30.0,1.0,1.0
129392bdf8252fd1bbf3b40c4e16a66a85d21a2e4859643137bb0db817012d6062c73b3f36da82fd165cc065f08a4a60ed37311fac94c96e23ed8fbda3cb4409,CLEAR,DAYLIGHT,DRY,IMPROPER OVERTAKING/PASSING,2.0,57.0,2.0,2.0
12939f780dd2ab13612e229369608463c4ab653be193cbac544c15426de61b23a7e0068b1e914a79944f52d884019b41bc42dbc780087aa5b413094dee9bee7f,RAIN,DAYLIGHT,WET,FAILING TO YIELD RIGHT-OF-WAY,2.0,14.0,2.0,2.0
1293a870e57f6bc40dc181ccb33cf6dd5d1cadd822ffd428307064ce4e2c16bb7a6680d820abb5d3fe7179d5885e781e3cf0ddd9cab855ea0b49e4a2999cd592,CLEAR,DAYLIGHT,DRY,FAILING TO YIELD RIGHT-OF-WAY,2.0,34.2,5.0,5.0
1293abb18bd537e3fffecb51f7fc0b86901926caa343c0763907e0f293803ca832bc47008040d6ab3dfc90fc9fe04ab4fbbe4b8bb8008461abc3d92a319d0a1f,CLEAR,DAYLIGHT,DRY,DRIVING SKILLS/KNOWLEDGE/EXPERIENCE,2.0,51.0,1.0,1.0
12941e134df7d7dd03bd63b4ccead1de69f0465ad559b7c44343f1c34151dc307d60e8a42def280b7e13c4bf9b888528d2a68be7237933ae60fdb37e78fb3d34,CLEAR,DAYLIGHT,DRY,FAILING TO YIELD RIGHT-OF-WAY,2.0,36.0,3.0,3.0
129435125b93a1a20d36915be28ee340fa4a9c165c3a0a04429f269ae5f404788879474642c9fdd63ca37f85a0267b292a2a30297fb56fd4c3f2b12dccb05d57,CLEAR,"DARKNESS, LIGHTED ROAD",DRY,FAILING TO REDUCE SPEED TO AVOID CRASH,2.0,20.428571428571427,7.0,7.0
12945db768818cdc8d9858d4ca9691705e84b9de5fa9cd0ef4560efdd8a72907461a6351f9189b95f9d7f5a35eb8e2fea544ce5e8df7e49d08f0e502de1e24c2,CLEAR,"DARKNESS, LIGHTED ROAD",DRY,IMPROPER BACKING,2.0,34.0,2.0,2.0
129463fc37a36943780a3499739e359302e0079bd0b9af04f557d77489ade3799b5c6692794f5bbbda5afe86fd6f06c3cd2e2a203a439f9b296dd6c26644dff1,RAIN,"DARKNESS, LIGHTED ROAD",WET,FAILING TO REDUCE SPEED TO AVOID CRASH,4.0,21.0,1.0,1.0
129494cc5a87a32f4fdf5a941d81e65be0d199819ad06e11ff7b730b2b7f715e6de5dccc6fb3bdfbf0d8d90057e14a1ac6791b8ee544012dab6fe976287e77ab,CLEAR,DAYLIGHT,DRY,IMPROPER OVERTAKING/PASSING,2.0,55.0,2.0,2.0
1294994d04da87856fb413e5c5002ab5a061537e24a4965fb1dfd2bb2c0b6e34e02867397e0f2dabed92885f1213da21f5f4710a5d116b445b305e75b882c99f,CLEAR,DAYLIGHT,DRY,IMPROPER LANE USAGE,2.0,44.0,2.0,2.0
12949e82a8b65a5eb4ece2ca51a88c739d104f8560ec2636fb7359a9adab1776c02ae8a459273bac1507cd8eda7743f0b652110c9d970665017b3e1347dcf73a,CLEAR,"DARKNESS, LIGHTED ROAD",DRY,FOLLOWING TOO CLOSELY,2.0,55.0,2.0,2.0
1294d3fc85c671dee034b86f1d99744e870cbcd082deca39afbc547a7c683dae4c3d12f03f31dd8ec4eb0438eeafd1759b372ff9a833e211a1b898312cdceb08,RAIN,"DARKNESS, LIGHTED ROAD",WET,IMPROPER LANE USAGE,2.0,42.0,3.0,3.0
1294d50233d5fbe361101d237ba23582a394a29b0808b278d3089ca2011bedbdadc25cd81d2b16d55335460908a18d862ff79449578fc3b4d1c550c87a23817c,CLEAR,"DARKNESS, LIGHTED ROAD",DRY,FAILING TO YIELD RIGHT-OF-WAY,2.0,26.0,2.0,2.0
1294dcc276b893b52f594879f1c25569ab324cbb4bb6b791f2f42ec34ec9852b82b7ce01ba4b2e8614df1c6339f66fccdc41af53e0ab589023a276bec33a867d,CLEAR,"DARKNESS, LIGHTED ROAD",DRY,DRIVING SKILLS/KNOWLEDGE/EXPERIENCE,1.0,58.0,1.0,1.0
1294e7461adf91b25746df6e4af9df8e6dde823459a72efcc5c614352bade4088b676664e2dbb8ea96c80bea0cb058c7287f0e6b7554eb204b2c102abaf1a752,CLEAR,DAYLIGHT,DRY,FAILING TO REDUCE SPEED TO AVOID CRASH,2.0,53.75,4.0,4.0
12950dc0f604d26569271fe729ce7d452eedb9ea3ddd553e685407c0e1ed5dccbba93feb4c5c16b3c0e56581aa277e80e6d21ae65909e636aaf71ee5e0ecfd46,CLEAR,DAYLIGHT,DRY,IMPROPER LANE USAGE,2.0,43.5,2.0,2.0
129517b7f3f7e2d35a1afc8d40e24c779e6e712970d5c95b25f82c829100b94e0aea2db4b40b9e55ea60aed14fd38fd3ced51a7ac8a3093eb98405f07df13db4,CLEAR,DAWN,DRY,DISTRACTION - FROM INSIDE VEHICLE,4.0,33.0,2.0,2.0
12951fea019ab21ca56b238fa63e5aece30e197303474a6d8ea55c24edae8877689a2e36e26e7557dc6a6e5a31450f78bbcf5320346c361af56ed00a7663cf45,CLEAR,DAYLIGHT,DRY,IMPROPER BACKING,2.0,42.5,2.0,2.0
1295459261846a0b3d6982a96a5b8799d52d3de558fc4047d0e63fea3ed303ec5e9f199068a5bd0c974ecb59b3b66844ee55535564b3d05b9e7299177dfc1221,RAIN,DARKNESS,WET,FAILING TO REDUCE SPEED TO AVOID CRASH,3.0,32.0,4.0,4.0
12955910277182772bf9c787fd1ab296dbb797e94760080bc095a2a88ed54243f458f25babc2b26883fbafd5713e03445ab9f459b06c7c6d945bb6493656c800,CLEAR,DAYLIGHT,DRY,DISREGARDING TRAFFIC SIGNALS,2.0,29.5,2.0,2.0
12955f243ba48a6b7c5602cd3c97077926e96a6ea36d0d419bd2a10fc3ce2d77f9525db03abdd2f633d66aeac4d7ffddd80e433a331ce1a50cfa5cd239652cd0,CLEAR,DAYLIGHT,DRY,IMPROPER BACKING,2.0,48.5,2.0,2.0
1295779afa30f7df414c0db91e87ce195f4669a81b2da5b2151b0f2d891b05103e74d7f62ca07930f0bf21c42d3a9e82c12513bd0030a81f5f3dcd9a98df0b89,RAIN,"DARKNESS, LIGHTED ROAD",WET,EXCEEDING AUTHORIZED SPEED LIMIT,2.0,43.0,2.0,2.0
12957cbd05200ca040e71836a99433022b2a85bd216d9adaecd43fd6d830b6f0f34530f5d59ffa75b2088508e33c4dc842e85ed6c3464714ef25cd5d1b835050,CLEAR,DAYLIGHT,DRY,FOLLOWING TOO CLOSELY,2.0,26.5,3.0,3.0
12958c51187c6298bf0cd5e1fdb4a28ac112f5f56f80448882a6b4401ca0d22fe0ed1deb1ae055349c07a1a23106f7d275beb99d46810704fd09f322bd8a99a4,CLEAR,DAYLIGHT,DRY,FOLLOWING TOO CLOSELY,2.0,69.66666666666667,3.0,3.0
1295947873f1a8a9e33994626df1e16eeb62db22bfb4fa8fc88c79626761a33dec4d38c06a1cf3e717fe6cb2b60e50b0d150c8c3753df753c451c6f205d822d4,CLEAR,DAYLIGHT,SNOW OR SLUSH,DRIVING SKILLS/KNOWLEDGE/EXPERIENCE,2.0,53.5,2.0,2.0
1295a86acd16edb53d02c4b5c8090775c8d6812108fc2013cfb21c2c691c7f25f9974f4a2e6d782bfb98ece088774271f9418ea15d2ba275fdfdd36ace60bd00,CLEAR,DAYLIGHT,DRY,FAILING TO YIELD RIGHT-OF-WAY,2.0,18.0,2.0,2.0
1295cfe09d80cea60805456beac05c0b3478e7e1c5e31c3152783355b1f6c7166f87c4fa34cca40f490c8bbd1fea702dfcca702fe3d79a6cb2fbb06f7c6abd6d,CLEAR,"DARKNESS, LIGHTED ROAD",DRY,DRIVING SKILLS/KNOWLEDGE/EXPERIENCE,2.0,43.0,2.0,2.0
1295d5b393e03701a007002f528b36b3d465c7c9b65711872a2d424c74d78c6b50f609e2f0d486e3b2559e812ff2872a55d209f050413fd8ae83657bfd1aa4e7,CLEAR,DAYLIGHT,UNKNOWN,FOLLOWING TOO CLOSELY,2.0,34.5,6.0,6.0
1295ef0956279f9547cf5b5ec73cc4652c28e986348e41c9d29d7eca7473fb943fc68bca0c950a83a9ba8178f319dbced9d7d1103ca08539b674c969b7018f26,CLEAR,DAYLIGHT,UNKNOWN,FOLLOWING TOO CLOSELY,2.0,34.0,2.0,2.0
1296331f60fad97b52cfd64c16d24c50843f67a5f676b98f42421c10b132e68566eea7e3b21eac4b7f393dfa5b21246d9869aec58001d0a406cda61ab7dd58a5,BLOWING SNOW,DAYLIGHT,SNOW OR SLUSH,FAILING TO YIELD RIGHT-OF-WAY,2.0,51.0,2.0,2.0
12966c81171184c746b99954dcd7d2083469b5f5842313f4731055ed6eed42c30b89097c9ff0404260425e4572700cbbd4ee0cda158f3cfb4a1955fda56782bf,FOG/SMOKE/HAZE,DARKNESS,DRY,UNDER THE INFLUENCE OF ALCOHOL/DRUGS (USE WHEN ARREST IS EFFECTED),2.0,22.0,2.0,2.0
129690fb38bf2edd14b4bb4490098cbe83392d7fca8c50a62c74845e6bd3b8337323180347d5dd88586e8e46b64dcb4d61130df9f4c3ea0478ab5471508e45c9,CLEAR,DAYLIGHT,DRY,IMPROPER OVERTAKING/PASSING,2.0,38.0,2.0,2.0
1296e5db5ef288e8e1eb460637719651d350f89dcb2be70c655092270da124967fe0dca295c6ec2eb8588f852fd36509d95f814b7ad0e41ca7c0fb8377236d99,CLEAR,DAYLIGHT,DRY,FAILING TO YIELD RIGHT-OF-WAY,2.0,44.0,2.0,2.0
1296f584603b30fe673e06e3ec78f4c53f62bb192603c427b69d61def67c3d6907531146f4f3b03bf6165bf579bdb6b322162ab52946c9c3e9ea07d79a98cdd7,CLEAR,"DARKNESS, LIGHTED ROAD",DRY,TEXTING,1.0,21.0,1.0,1.0
129708397307d63842934589fe3ede2c0c7e8aadbe4d7e2f45761a668e0d635f5d0bacdfda2c45ef1011aef0217e3b3b1939ca099f93001cd6100de948c5ffd1,CLEAR,"DARKNESS, LIGHTED ROAD",SNOW OR SLUSH,DISREGARDING STOP SIGN,2.0,35.0,5.0,5.0
129716add55dc2e5567bc8f332738a9c8d3a4554e9271274c394a376aadda90222ffdb6827e21513932b7e4d9437e80f0f2d728a43d376f72896ceff90c7a0e4,CLEAR,DAYLIGHT,DRY,ROAD CONSTRUCTION/MAINTENANCE,2.0,55.0,2.0,2.0