crash_record_id,weather_condition,lighting_condition,roadway_surface_cond,prim_contributory_cause,total_vehicles,avg_driver_age,total_people,total_injured
12971d0ec67d989a161cdbb692eef45a2836e9f80898c4e84131c9e637a457db8a5f14a0d56b84094f36d4c5a102b5ff4e76800b257d211f98009f7b4e5f2dd9,CLEAR,DAYLIGHT,DRY,FAILING TO YIELD RIGHT-OF-WAY,3.0,55.2,5.0,5.0
12971e91742a870e0b52727d79ff4f0fa83219bb7c97edec16d799989fe36416a0e4d3f242eb793f1805f7df5f300497bc9f0f6b7d375538931736d93639c263,CLEAR,"DARKNESS, LIGHTED ROAD",DRY,DRIVING SKILLS/KNOWLEDGE/EXPERIENCE,1.0,18.0,2.0,2.0
129725ec69ed4883b23df48eb64eb1fecb69f58d3dd19a74382b3781deaea2c44983810c4f4238e53cfd396255eb17e1f47e49db440b4a4ec0b47666d8582bd3,CLEAR,"DARKNESS, LIGHTED ROAD",DRY,UNDER THE INFLUENCE OF ALCOHOL/DRUGS (USE WHEN ARREST IS EFFECTED),2.0,36.5,2.0,2.0
12975ec49795af014b10c3024e1e114f2c18f497dec5f3197e363181b3aab4be00fef2e65594d7f9355b84393519d30684d843988b968f22000c14ebf25083ab,CLEAR,DAYLIGHT,DRY,FOLLOWING TOO CLOSELY,2.0,40.0,2.0,2.0
1297be6ba587ac5e968feda4a1d3677a14f2684ea6a50635c808d7970f174eab2ee19ca6d7c84baf73610be0dd423ccc9346df67db80a7d57583d751f578c569,CLEAR,DAYLIGHT,DRY,FAILING TO YIELD RIGHT-OF-WAY,2.0,37.0,2.0,2.0
1297bf5830fb395c956bef5ed709a5a94aa8dd4f959395fa5328153e50c55c0817e7bec462e308ced15fca6f1c300028aa628a1d9b34f624069560005bd76d03,CLEAR,"DARKNESS, LIGHTED ROAD",DRY,DRIVING SKILLS/KNOWLEDGE/EXPERIENCE,2.0,18.9,11.0,11.0
12982db9fad281e6e7d7a15210e12f87f7113c9bf799d9f46069d2babd5cc06340e781954d13c43d8c9dcc9b03950b0d7976b9712264c5a04c52956b16e30dcc,CLEAR,DAYLIGHT,DRY,FOLLOWING TOO CLOSELY,2.0,61.0,2.0,2.0
1298568f00a830af4680f43c12ac6b6f411e2d1bcc60bc253cc411a7a28dabe630aeba938291ba149b1523b5e6e8feed4be41949527d139bf559d7ba6e05c3e6,CLEAR,DAYLIGHT,DRY,FAILING TO REDUCE SPEED TO AVOID CRASH,2.0,26.0,2.0,2.0
12986ad6444aed000d79830b3cee7fe5ab21a1c764621a33b31248891804be9227e35db32bcd0b8df294ec7aed10dff4acff34bd988f02039891d2e733c2169e,SNOW,DAYLIGHT,ICE,IMPROPER BACKING,2.0,0.0,1.0,1.0
1298716862366d29997a9e81eb5c29ea67ce0df29cf543127e3a833f61ce02e00ef4ac3c59193e54aa128723764e83aee6331f0736228299acf9d09f2b6cb06f,CLEAR,DAYLIGHT,WET,FAILING TO YIELD RIGHT-OF-WAY,2.0,52.0,1.0,1.0
1298bf875b8db869b75ca1ff9fb3044511e3dae75f775761849a49521f6adf06961c792a918dd10e46c9ac1dfae25eb84e9dec7375e0bde2356773d772fce216,CLEAR,DAWN,DRY,FAILING TO YIELD RIGHT-OF-WAY,2.0,52.0,3.0,3.0
1298e5c1efa75596a3f00bb7804bb6b3593ab6bdab0c6ccdbbd1f2f8c1eeca4862f95d9164ca6aa91eace07bbbbb0ab2e929f11a03ed165c8989611c5b44deab,CLEAR,DAYLIGHT,DRY,EQUIPMENT - VEHICLE CONDITION,2.0,46.0,2.0,2.0
1298efe11162e352b56e19ffffc6955797b95c8003f12995028d48abe53aa0374e9461e5d60447eae0cf7c6fafe46ffddf0249d5474ef452c3362984bf8b69af,FREEZING RAIN/DRIZZLE,"DARKNESS, LIGHTED ROAD",DRY,DRIVING SKILLS/KNOWLEDGE/EXPERIENCE,2.0,43.5,4.0,4.0
12990b5945453841d1e3655cbca6824dfa943aae55cf8f31a445d9a1aec2d3839da5011982a9414ede32e4099a1f9b4020427df4b0937a19e5225b705765bcc4,FREEZING RAIN/DRIZZLE,DAYLIGHT,WET,FOLLOWING TOO CLOSELY,2.0,28.0,2.0,2.0
12991fb1e4c6fa84e1e88f9422eb491dd3e474a975e2d87ff03851960b341dfad138234d6f43e5b9765bda8c03073247cb71aa3b0a959b3546a35511513a4e95,RAIN,"DARKNESS, LIGHTED ROAD",WET,FOLLOWING TOO CLOSELY,2.0,37.5,1.0,1.0
12992a10aafbff29a2439f75a373d3eff41d40ee2d2333839dfa2c75b899e01833586b49b0c05e6bd7c0bea4a3735ca12fc0002efd74929011bccceb88c36c6c,CLEAR,DAYLIGHT,DRY,IMPROPER OVERTAKING/PASSING,2.0,37.5,1.0,1.0
12992a6ea0049e878ac2165cc27b58c7312a6fa3be2420d92e38cfb11db4dcf9038e2fdd526ae225a070925d1dddac4f4744e5d6c695a04729bacefdcc8f4990,CLEAR,"DARKNESS, LIGHTED ROAD",DRY,IMPROPER TURNING/NO SIGNAL,2.0,28.0,2.0,2.0
12993e8a8b6b6926303958dfe09b419b472d727028d53f065d47e140b52019c6efe434fa317727227c86b4e5290546e9d4ed3f564bba3327f30e16aea0901a38,UNKNOWN,"DARKNESS, LIGHTED ROAD",UNKNOWN,FAILING TO YIELD RIGHT-OF-WAY,2.0,33.5,2.0,2.0
1299889c8bb1f1066e2f8fe7e8bc63c965bbe09dd90b56030a687e19302738c181b8c43e78068256b5d20db7a2433433cf5a70aff1e27c1d5c8b97d390111910,CLEAR,DAYLIGHT,DRY,FOLLOWING TOO CLOSELY,2.0,30.5,4.0,4.0
129988d57f601a2f67f466ecce2fb42b307118e97940ccd1b14ce9a3cf884c429c47594e65ba3eba7f193df65c480264c1c0c6ea26f3ad2f914df313fce2e304,CLEAR,"DARKNESS, LIGHTED ROAD",WET,IMPROPER TURNING/NO SIGNAL,2.0,21.0,3.0,3.0
1299a00b10cefe827cd437d833c2e3bfc72bd8de67d9a5c8acea87335a1e7dda29a55fd3c0abfaa866204e9b47656208cd2fe73e4e7045d5f77932b0d0d4108a,CLEAR,DAYLIGHT,DRY,FAILING TO YIELD RIGHT-OF-WAY,2.0,29.5,2.0,2.0
129a25fefbb08d454e9f05a877e55d26af9e5a0c80cdcd39cf0e06419018ef4e9abf0ad33efb86e57a04ca0f61309b7e2f5f77851fee94d0c6a8d13fa4458fce,CLEAR,DAYLIGHT,DRY,FAILING TO YIELD RIGHT-OF-WAY,2.0,37.0,2.0,2.0
129a301f5d72f643e7c8be187bfd5eb0736b0eb2517ecb0a1c41abc08b4bffc31199b0fe00c6b5f72bda36f211cd72e8759b10f2987f6ed54e4d9d7bb8497dd0,CLEAR,"DARKNESS, LIGHTED ROAD",DRY,"EVASIVE ACTION DUE TO ANIMAL, OBJECT, NONMOTORIST",2.0,26.333333333333332,3.0,3.0
129aa346ba78df52ff15403cca74cc2f33d427b1f5f4ca9d14738be53781187551a3fc51b90a9ed9bb2baca6cd1fd73d8c97e84463696cc5bc4ddc09aabd9021,CLEAR,DAYLIGHT,DRY,IMPROPER TURNING/NO SIGNAL,2.0,55.0,2.0,2.0
129aad02b45a2ea6011452005fe02daada6ca8ba7cca663cb27e1a58db49bf890eb1160a133983d015a9bf6635bb492c9556dfd0eb8131662b78bd6816f3caa7,CLEAR,DAYLIGHT,WET,WEATHER,1.0,37.5,1.0,0.0
129ae32a61baccc011a4a0f1c5dd5a09543ceb0764ef08068a4d2b2c6061fa23847b7d897f49ce3bf965e96a85223f858fbc7008a0a37f97ca7c293984c268b9,CLEAR,DAYLIGHT,DRY,FAILING TO YIELD RIGHT-OF-WAY,2.0,66.0,3.0,3.0
129b0c527f4540296591d4e81f98dbb68c24c37add13b7ab30e6ecef9bbdd74e4496feb6322126c4dcb430d28bf4472dfe1eef51727e7772c146497bb657148a,CLEAR,"DARKNESS, LIGHTED ROAD",WET,DISTRACTION - FROM INSIDE VEHICLE,2.0,55.0,2.0,2.0
129b25a99e9fbee4199e656e2d98904cc1d3c1509c798696ceff365f9e44afe3946a1a3b4ee784ae52f395e053698c65663135e48ff8a1a1e5f4018906a33794,CLEAR,DAYLIGHT,DRY,"VISION OBSCURED (SIGNS, TREE LIMBS, BUILDINGS, ETC.)",1.0,27.5,2.0,2.0
129b35003d228dd0a13c0b996448e6003b496e3f4661f3bb908747750e8f947c6e0eba7c201e6df61bf345fecaa19bcb8859d0efb0f4adcfe0cc780f20739c57,SNOW,DAYLIGHT,SNOW OR SLUSH,FAILING TO YIELD RIGHT-OF-WAY,2.0,38.0,2.0,2.0
129b44a784abbbd6beb9aa3f644b2892f5a07a642041a2905634cb4f4118cbcc30b59f760392d8a63eb988a38156b76a4ddcb38ee1056194a4be824d8b610fa6,CLEAR,DAYLIGHT,DRY,FAILING TO REDUCE SPEED TO AVOID CRASH,2.0,51.0,2.0,2.0
129b63133e6bfee40dee3a97525e174bc47032fb01b74f346c64d374b5e19f11a198f87ad9d19a23b5347917747caf4519d988eda6470fa7c790e8fb92c5c4ff,UNKNOWN,"DARKNESS, LIGHTED ROAD",DRY,"OPERATING VEHICLE IN ERRATIC, RECKLESS, CARELESS, NEGLIGENT OR AGGRESSIVE MANNER",2.0,20.0,2.0,2.0
129b8b60f96dbc585a5801993065771c30333e4ea31297e8fd0276b3a5a221fccd3c6edb37c909dbcb2ed843beed54a4c13e4fa40e7dc04eddb01a5d81016c82,CLEAR,DAWN,DRY,FOLLOWING TOO CLOSELY,2.0,33.5,2.0,2.0
129b933d24b8bbfc77c9c3b1282ac64bab45157db42bfd9b0119e59c7d51eb627ff6eab2440f674084bd325909cedc2b9b9a6d32ec4ced12cf4e373eb64824be,CLEAR,DAYLIGHT,UNKNOWN,DRIVING SKILLS/KNOWLEDGE/EXPERIENCE,2.0,37.5,1.0,1.0
129b9c23564a3c168666e5b84908bd7c898887e17df96c770dcda5caf00a93d128ca41abfcd7cf3d2cbd686058a0b80e2b9c366bf02edcf1e62d8a24967c0020,CLEAR,"DARKNESS, LIGHTED ROAD",DRY,"EVASIVE ACTION DUE TO ANIMAL, OBJECT, NONMOTORIST",2.0,35.5,2.0,2.0
129b9e954fbf1e9d7f44c21c177eaf169bbbaf2f9b3f3517a29b1889724bed56cd0c255072ba5fca50ed3a65970674b60fd5c06a3e117b267cc885d81e4af9ce,CLEAR,DUSK,DRY,FOLLOWING TOO CLOSELY,2.0,32.0,3.0,3.0
129b9fd60a87e21a474832218f510b32cb21353e71966d1ebe56c15f81687dbd9331cd4fa56aa9b32ea056fad60d62a7e276766b788aa4788c68d1c6d37f492c,CLEAR,DAYLIGHT,DRY,FOLLOWING TOO CLOSELY,3.0,47.0,3.0,3.0
129ba2a2fd8e30e219655e21070781000d94214a397d2e77537b8465ad41e8bb82c98bf18e8fdef49d66cd44111753c21ce41ccb79d91ff54916a7875e25a1c1,CLEAR,DAYLIGHT,DRY,"OPERATING VEHICLE IN ERRATIC, RECKLESS, CARELESS, NEGLIGENT OR AGGRESSIVE MANNER",2.0,33.0,2.0,2.0
129bd6eccccd869ff4ad1de8edf3d9f4f369366c8be2cfa3626f5c883499cce71e70a2fa4f22b1b02f3058c45438e02d86f6007fbcc3f40004095d97d2e4a865,CLEAR,DARKNESS,WET,FOLLOWING TOO CLOSELY,2.0,25.0,4.0,4.0
129bde35b47df4f3ad97282111fafe9efc017f50a3eaa6abee6ce1c2cd3708959e764ecdb30cfb0c3fdc2914d8101a5466f6a3aaf3ea4274e145d23826df0524,CLEAR,DAYLIGHT,DRY,FOLLOWING TOO CLOSELY,2.0,38.5,2.0,2.0
129bf5c928908cc1dced70fb2c39918eec50b37bec5e3a7cb0292ffab68068d210424f9897409dbf7719814f5482e2a3d2b20bc28ecec8c1c4a0a672068d455c,RAIN,DUSK,WET,IMPROPER OVERTAKING/PASSING,2.0,45.0,2.0,2.0
129bf60c8d502d19e890ac28e8a8f761732d14f13c960b476d939c766902c482855f7017a43b52b38d82bc6653d1b9006f66cf994f6c4300704b0efed6932a24,CLEAR,DAYLIGHT,DRY,DISTRACTION - FROM INSIDE VEHICLE,3.0,33.4,5.0,5.0
129c11f9e1ecc701fae8a91d89328f17d34f51cfb5473407e1ca4989e58d994b7ffce4fe5e1509a6f85ecca26996a290d83469371543085b48e88988c99ce762,CLEAR,DAYLIGHT,DRY,FAILING TO YIELD RIGHT-OF-WAY,2.0,26.333333333333332,3.0,3.0
129c1d3f981a6455e3b581fd90a1b6b07707edcc929da1224bf4eebe8effa4532a6e60e19f0625f831c8640591e9d734c0d1ed7bb3e775b3209970ee115c79a4,UNKNOWN,DUSK,UNKNOWN,FAILING TO YIELD RIGHT-OF-WAY,2.0,41.0,2.0,2.0
129c2f3e15a67c9250ff7321f469e5fb61b906957ff1d44bfd5e2078935ea6d9db3d4601cdd1c265ddddf03babfdf0ec9e98850dc2b87095003ae7f4677052a5,CLEAR,DAYLIGHT,DRY,IMPROPER TURNING/NO SIGNAL,2.0,50.5,2.0,2.0
129c39ddb511c1c65c69445c73c3222ca74097af77b3fe96bc4308ebfefeaf1392d3d6074555115a0ccca9e0ede3c5a434d1f82a29e8a44b94213b2c0d2c3016,CLEAR,DAYLIGHT,DRY,"OPERATING VEHICLE IN ERRATIC, RECKLESS, CARELESS, NEGLIGENT OR AGGRESSIVE MANNER",2.0,35.5,3.0,2.0
129c448b25f74391fc2bdcf57a266335c762a1bed1a8a4dd320aa1e26deb81dc0e037496b29a32f3086537a551cfc92525693bbf162bff17477c81b8f75f57b1,RAIN,DARKNESS,WET,FOLLOWING TOO CLOSELY,2.0,22.0,4.0,4.0
129cc15b1a3e84c23f763126bbff10c2c8ee394fdc2a1d8197f0411dc63bb0473416d78f1ff3ce337a4b71e972b2d0b1499b360d932cd73429b53332e84b2f10,CLEAR,"DARKNESS, LIGHTED ROAD",DRY,IMPROPER LANE USAGE,2.0,42.0,3.0,3.0
129ccd201954885618764d8e54bd7eb0de9a969d3082ea6627a6513aef5a08ebe92aaa1573530b7a17c3ce06262273b14fd092cd0d1640a21d64b666c28d8628,CLEAR,DAYLIGHT,DRY,DRIVING ON WRONG SIDE/WRONG WAY,2.0,33.0,3.0,3.0
129ceea807ba8fc49efe9368af857b5c628a5f2c6404f8c5d70ed1d4fd8b20b99839f6d72d1b8bf1a61c66b85255b2ac9aaa94be4298b462cb68466072b5bb10,CLEAR,DAYLIGHT,DRY,DRIVING SKILLS/KNOWLEDGE/EXPERIENCE,2.0,18.0,1.0,1.0
129d0dc9e79d470f6de2919ca0f0d6a895d60089e03d29617e379ab3c1871f579b57142ec2b99eb2dd551e314dad07c9fe344d63b7f8c681199e4ff5ea2c98b0,CLEAR,DAYLIGHT,DRY,IMPROPER OVERTAKING/PASSING,1.0,24.0,1.0,1.0
129d1c9bec227616b2e91afb44397f5470cc58a1e4dd17d579e0cb4f96814d86bb23d226a884c68b0cdabe8d30ff5db411f5a553d12886e4ab6f95820346df6a,CLEAR,DAWN,DRY,FAILING TO YIELD RIGHT-OF-WAY,2.0,53.0,2.0,2.0
129d293f9eef0967f4572bb7766c283aba7bb922086b9b3ac07229ece8dd52103ca3ebb7b38878d11f954a73e7494482094e87294ea47ac97959a142b4ca95ab,CLEAR,DAYLIGHT,DRY,IMPROPER OVERTAKING/PASSING,2.0,13.0,5.0,5.0
129d51027b75f6f642f9de2634a68fae86c6cf82db6a771f0e41dae01609468d9588a388a2e7e65e0e6482d95b8ccf911a209413ec0fab2ed3a3f6679c6b29fb,CLEAR,"DARKNESS, LIGHTED ROAD",DRY,DISREGARDING TRAFFIC SIGNALS,2.0,52.0,2.0,2.0
129d820d025522a70926df2adb241e75d94102b0a2ffce7ab915a20659f9c165a16f03579254e6f0643191b0112babd3a270deaff178f42ddc7fa5a24ea5ccb7,RAIN,"DARKNESS, LIGHTED ROAD",WET,WEATHER,2.0,38.0,2.0,2.0
129d89427811a4b518cd55d8e481d0f3d18136f658729e802572c46e642b5711d4b709dceef18b5d2e2fd77015c27b6aaa3ca8a76fb779a443681a0a5ec8b83b,CLOUDY/OVERCAST,"DARKNESS, LIGHTED ROAD",DRY,FOLLOWING TOO CLOSELY,2.0,45.0,2.0,2.0
129db4cb61aa866c708d85e9bdf2cdfe6a03365e0efa36015590bfe8f77204547a6f5a1a94a7578bc0c2373410accfc7828a87a22a71ea4d01792dd3138b6e0c,RAIN,DAYLIGHT,WET,FAILING TO YIELD RIGHT-OF-WAY,2.0,24.0,2.0,2.0
129db9663958f56c0a8569f3b150021e745ed24e405ba4b2d8c1fa6509632b4796599102c50c7c6ee6eee31a5ca1179fb476e2562e2f1aa16216ff322f3340f4,CLEAR,"DARKNESS, LIGHTED ROAD",WET,IMPROPER TURNING/NO SIGNAL,2.0,36.5,3.0,3.0
129dbd091fd81a81855a649c92efe0af2f3b1e68260193be9d5608f1a3c374dfc7a2ae795752c24babe2108c97501de6990df53eb892a50966b69de3f8892ef0,CLEAR,DAYLIGHT,DRY,FAILING TO YIELD RIGHT-OF-WAY,2.0,69.0,3.0,3.0
129e1082dfaa0be47344cfdba74bfb0ac907b84514e0ddfe3fc36b13156a709b2cf3e0d5dc538fe8c8bf2822b3bcf3d691240a5e794035778f7b96c8273cdf0d,CLEAR,DAWN,DRY,FAILING TO YIELD RIGHT-OF-WAY,3.0,41.25,4.0,4.0
129e5589591ab0e15d863a8ef2592173e94bdcbd60ebec5c88363447cba6d7a71f311a9f95bddd47735dba0e63c4862eb3ad475846a2b2df4211aba96736da77,CLEAR,DAYLIGHT,DRY,IMPROPER TURNING/NO SIGNAL,2.0,34.5,3.0,3.0
129e61a9ad35bf382271f56929010b41b2465ed40dfdae9ef9cba33ef2b78598854f2d9d6e3ad2ab7cd987527a0cc30e92288b79a2d5e047092f71e3b977a97d,CLEAR,DAYLIGHT,DRY,DRIVING SKILLS/KNOWLEDGE/EXPERIENCE,2.0,37.5,1.0,1.0
129e68d247de1116cda59300d0247462b440cff2a5b6ed49372e3e9808a8cbc549528c102cd967de9a6366fe29a7bc03e727f0dd2db5284ffd1b04b0345e7b87,SNOW,DUSK,SNOW OR SLUSH,IMPROPER BACKING,2.0,47.0,2.0,2.0
129e7318dcaee178525a3c0e0f49175dc25dc859de5385336a6614b90f517e56463c1e7a4e0edcc6a7adc51aa816d140c019e358bcc7e2cdd7e07dd164db3ffd,CLEAR,DAYLIGHT,WET,EXCEEDING SAFE SPEED FOR CONDITIONS,2.0,47.5,2.0,2.0
129e78abe03fe8759130fb874572de58e0f80b304c933be7d6e8be956b4ab0b33d5f9091b34466fc5ebeeb1716ae37f27bdf86fcf3ce244176b0eef3292d8549,CLEAR,"DARKNESS, LIGHTED ROAD",DRY,IMPROPER TURNING/NO SIGNAL,2.0,45.0,2.0,2.0
129ee89e5e536cdc19375a4d60a1de24e14767e613b40ca9dc5cad99008bcc057730de0e202db549e496b9ffbe0600bedbd89ed3bc7c58a0a9e57ddec9c8e4f8,CLEAR,"DARKNESS, LIGHTED ROAD",DRY,IMPROPER TURNING/NO SIGNAL,2.0,19.0,4.0,4.0
129eef29a26fef6a3429e80d6c55565e04360313d85291febf6635417d130be665d3a87fc54fa9fe9792584dfd4b673266947d7868476650346780c6b55ec868,CLEAR,DUSK,DRY,FOLLOWING TOO CLOSELY,2.0,25.0,2.0,2.0
129f00bdfb5a02d2f924157454d306c7e2e1e55b5dccd49cbd1985eab5355d0777abddc32e70e9e14a11084131930d1326d5e994f498a054f14ecf4c25934c1c,RAIN,DAYLIGHT,WET,FOLLOWING TOO CLOSELY,2.0,44.0,2.0,2.0
129f3d76b83b61deadc38237d94cd609fd587270d6503170676f00a8be9e54a7a3420969662fa4eb45ff955e27868fe1e0642a537045a1308787be5839566e24,CLEAR,DAYLIGHT,DRY,IMPROPER OVERTAKING/PASSING,2.0,23.333333333333332,4.0,4.0
129f49a846a8543a63df72e0e1b7c19855cf495ebd58d10e2238f6427f38c599a619347a25fb989c21541ea02cc52f923c2c222090ce604169c717d8e336a9be,CLEAR,DAYLIGHT,DRY,FOLLOWING TOO CLOSELY,2.0,49.0,2.0,2.0
129f4b74b4e6f68821929f911772aa20452df606aee1622eb60618b0ca39d43a07d6f9de467c27c03c71e9bfc27b045401aee8a17eefe810dfa89587a14c8ea8,CLEAR,DAYLIGHT,DRY,FAILING TO YIELD RIGHT-OF-WAY,2.0,25.0,2.0,2.0
129f4c447e420e0bce5d179cd43e5628001fa857f7f0f93b2286a4816da4bd443fb5449a8ecab11d18a162d784bcb709bcd00e17913c8cfd6fa6490b62e164c6,CLEAR,DAYLIGHT,DRY,DRIVING SKILLS/KNOWLEDGE/EXPERIENCE,1.0,57.0,1.0,1.0
129f6e5afba3a98200fb486a8ac79584c60867316e57936a3f33f8b96859d6e1b186d554066e25fed499cda377287f98e317e6385c6684b6f6977c2e7a837862,CLEAR,"DARKNESS, LIGHTED ROAD",DRY,FAILING TO YIELD RIGHT-OF-WAY,1.0,32.0,3.0,3.0
129f95e194e3fc2bd5e6b4a10cbe48d5fca39be5316ae3b86091419e3e43d344e3480534e512a21e8d105b586a4b3f9df421f30210ddb240d7ad75a577f7f6ac,RAIN,DAYLIGHT,WET,WEATHER,2.0,27.75,4.0,4.0
129fb07bf1b6d6da33df244e4bebb7916f5d1154e93582d08eb083a3a065971ea6878a5f453d6b1cc10c887686862b1728675ee66d8725eea08365b7b280b825,CLEAR,DAYLIGHT,DRY,FAILING TO YIELD RIGHT-OF-WAY,2.0,22.75,4.0,4.0
129fc71864d529c1d28ee31b80cf6e39e3bf73f5d543d4dc7efe2bb881a94277e921bf269b7fd7b1666ebb5e414a09293f9d5ea7b0ae97f4052b21ec9d82fc5c,CLEAR,DAYLIGHT,DRY,FAILING TO YIELD RIGHT-OF-WAY,2.0,64.0,2.0,2.0
129ff4d9cbfb741ae8d3c05bee712fd52d2f205f7fed0b978ab644b25978b04591aabdd6d0b5d6b815251479b15f0d77dc67676e2712a21ad7fbc928a955998c,CLEAR,DAYLIGHT,DRY,FOLLOWING TOO CLOSELY,2.0,36.5,4.0,4.0
129ffc89e2646264b26b761fec90255d8cb603d7e2beffe8447d7b4277c4d66f21324e56b85db28b2cd4e769b8bae86f2f9440f182d97b27d6c9e0faa4fdfbd5,SNOW,DARKNESS,SNOW OR SLUSH,FOLLOWING TOO CLOSELY,2.0,48.0,2.0,2.0
12a0328b31463e526d24087eb4f5adcd954dd11f3805911302524cec3bf260ab84c3c96afb0654fdef0dc0c6fee8be9c63448280985b44e7158f1b89cfd9be0e,CLEAR,DAYLIGHT,ICE,WEATHER,2.0,36.0,2.0,2.0
12a054a2a4330c481ea2a960152411945c4f00deed2251a38d6d47cd189538b3929dbb4ce0debfe84c0da8adc0167e64ca0e8673b165bf9060c68df6d70f7063,CLEAR,DAYLIGHT,DRY,FOLLOWING TOO CLOSELY,2.0,36.0,2.0,2.0
12a08221c7907b140e18a471ae3d5593cee31faa6d60befc2d3b9adfea7c07366ef3bef88f421b1df586bb2d2d1b799219bd1a35990e86fcc32f291bff11a8bd,CLEAR,"DARKNESS, LIGHTED ROAD",DRY,IMPROPER BACKING,2.0,46.0,2.0,2.0
12a096fe767f3cc17b68a64ece50c65d74c510c3014b20ef00d9b5e020eabfeead0690f5b796ab25ec8f6b1cfe4af05d304b32854299b810418b7a1a1ed5bd91,CLEAR,DAYLIGHT,DRY,FAILING TO YIELD RIGHT-OF-WAY,1.0,52.666666666666664,3.0,3.0
12a0bb505b7f1a8a7a4a480f20f6362e91368b9d51fc84bef90fb93e5c80a44f994d628815e4880dcdc591d369a9b89188e4f47f6efe1b85ad84d7b4cd05372b,CLEAR,DAYLIGHT,DRY,IMPROPER TURNING/NO SIGNAL,2.0,37.0,5.0,5.0
12a0c249932b032b8bfffb3008983fc597f3a2669ac301cbb524ad1b7a477f0c9bccf51a29d798e779b66b51e14f004d58cb930fbeb27411c2948ab5ff895ae8,CLEAR,DAYLIGHT,DRY,DRIVING SKILLS/KNOWLEDGE/EXPERIENCE,2.0,37.5,1.0,1.0
12a0cb8f64c97f0f3cdb303b86e5f7275fa25c178bf3ce90442d5478273ec27545b93ed4b87cc1ee3a1cf3496d50809c3005f12e4c3e42313aa561031c2a4348,CLEAR,DAYLIGHT,DRY,FOLLOWING TOO CLOSELY,2.0,36.0,2.0,2.0
12a0e34fc4a8439194339aadcad13735babb7c2fe020ceaa0d4767f60aba0d91f75af0665b199152783bc1d3e08c13e7b4a7a1d0a314505269a1df3c730242f3,CLEAR,DAWN,DRY,IMPROPER OVERTAKING/PASSING,1.0,33.0,1.0,1.0
12a11e8297eedea2e6dea29066a79fdca72252ca5c3519f41e6172c78681e3e397961b7a960f2506404b321cb13b3fc2827d89985002f180b02aebd5d21df01e,CLEAR,"DARKNESS, LIGHTED ROAD",DRY,IMPROPER BACKING,2.0,37.5,1.0,1.0
12a12f856b4a23083907384f908220d37fd06e9e292ae85f1ac2f507e38b17a8e3ce49a1dad397ab89058071d20ccfd8ed3eaf501c629d5aba3f29b52ce2bb7f,CLEAR,DAYLIGHT,DRY,FOLLOWING TOO CLOSELY,2.0,52.5,2.0,2.0
12a1447a90b45807b3103257762ac0145e3909d36023574bc70338bc412e82fa06b888f65f9a257625b481d81bb753136465e43c73bd0edfd860ebcdb5eea6d4,CLEAR,DAYLIGHT,DRY,"EVASIVE ACTION DUE TO ANIMAL, OBJECT, NONMOTORIST",1.0,51.0,2.0,2.0
12a152afa8ced26e223114c80cb8fedad5b416c6dcae4e02cd7d819849d2b9396efc117815dcc1a12ab9f9ac5cdc89a431561d5842370ec3b7424f5cc3aab136,RAIN,DUSK,WET,IMPROPER OVERTAKING/PASSING,2.0,34.0,2.0,2.0
12a157796c67f29bdaa4071afa2302e1b1e900e6eb6fd00e48de5a00c4f01565201fc15419f025fb830cb20c2f2ebbda8ec9bfcc58faf54bcb531c216c8d321c,CLEAR,DAYLIGHT,DRY,FAILING TO REDUCE SPEED TO AVOID CRASH,2.0,34.333333333333336,6.0,6.0
12a1680f958e0da401338035a71df3b8b70f75567f3c52c113f32b622a2af1c33eb6db5cce5408c9b436e97524fabc8f212b36e1d8503bef5c2d86584704023c,RAIN,DAYLIGHT,WET,IMPROPER LANE USAGE,2.0,22.0,3.0,3.0
12a16bf6f0cb143472a344ac672d99400f3c8b4b2b6c40beff30fb05499fc0ac4d6ed21458c6fb4948d266dbd9ad7c83444e76e5182f72e790a0d04af682b4b9,CLEAR,"DARKNESS, LIGHTED ROAD",DRY,IMPROPER OVERTAKING/PASSING,2.0,29.5,2.0,2.0
12a189eea69843fd15f061beffcf9e10131f9c72c3cb9351fc986284f8e7766abb0c2c98bce045ee0418bcdc92628c8317ccd7c23d1bcb673ca816c819e06e3e,UNKNOWN,"DARKNESS, LIGHTED ROAD",UNKNOWN,IMPROPER OVERTAKING/PASSING,2.0,23.0,2.0,2.0
12a1d34c006b8bae3a7358ccc0a61434f34a7b10fc5e2f2eba196f9ae0efef03f034b4d2c570e84070b4ce5d650f70ed50a9df23ba45ef6b41750a30c39c2887,CLEAR,DAYLIGHT,DRY,IMPROPER OVERTAKING/PASSING,2.0,51.0,2.0,2.0
12a1f87a2c89b7bdfb9ca52a938771dbecb26f7cedbecf21e83976609e4ceec0f1168bde36ec4fd17e38065252c5a598dc7fdcf36308b35b71d424a21400f27e,FOG/SMOKE/HAZE,"DARKNESS, LIGHTED ROAD",WET,DRIVING SKILLS/KNOWLEDGE/EXPERIENCE,2.0,29.0,2.0,2.0
12a20c071479559912e5259bfcdefc919f730efa5c15d74ff7ae5335e3154d1924b574a727c44c652df787e8f10aa9186107fb82aca0589ca87226ee826e0344,RAIN,"DARKNESS, LIGHTED ROAD",DRY,FOLLOWING TOO CLOSELY,2.0,42.0,2.0,2.0