crash_record_id,weather_condition,lighting_condition,roadway_surface_cond,prim_contributory_cause,total_vehicles,avg_driver_age,total_people,total_injured
12a210c98ce5eed7fa357c8acf4f64e3d5e15d982a6f7a6c9797643732d9461277e4611fadf415ff504febaee1a3a8375dca922b6dd8ec53418271bbd56de7d7,CLEAR,"DARKNESS, LIGHTED ROAD",DRY,DRIVING SKILLS/KNOWLEDGE/EXPERIENCE,2.0,81.0,1.0,1.0
12a221953ab7d5cb0e50e0ed40efa7e28170de5b7fba73f65d04f6e48ad8b7f356085d95b48898755c965be79dff35589bc595725aecea6e710da8fbb4070be0,CLOUDY/OVERCAST,DAYLIGHT,DRY,FOLLOWING TOO CLOSELY,2.0,32.5,2.0,2.0
12a2277b50bb8f8f2c4bd9e1f00794a15d55a3b2c15e90e34f80643db0b7b08084c3848e08a1c071c21784336557ce2920b3f7985a50f5ca628bc5b36d70d0d7,CLEAR,DAYLIGHT,DRY,FAILING TO YIELD RIGHT-OF-WAY,2.0,46.0,2.0,2.0
12a230d2ab4bd321df2df3a35712c1bfc5730a3f447106e9ce5bd51c1f864a99231dc629aa683f222e9d40dac00641efdf610513b8fb84bb48e9ce09c48e4ae1,RAIN,DAYLIGHT,WET,FOLLOWING TOO CLOSELY,2.0,18.0,2.0,2.0
12a248d72797005463beb0f0075b2bf5aab0f8102ffd9379fee544fbfe0eed4aa2d6895290fd5b7f196442ac4d94d8d17239d2b4f3a605b391dbbc730fa33d8e,CLEAR,DAYLIGHT,DRY,FAILING TO REDUCE SPEED TO AVOID CRASH,3.0,37.5,4.0,4.0
12a24fa80ef7e7379fe78f7f2f53c6da91c80c8b8ac71c305ead9770ff5182a37b76c9fb8c12ff418df1afc4d3e9d3bc613b50ef462d1356e4c5e424954849d8,CLEAR,DAYLIGHT,DRY,FAILING TO REDUCE SPEED TO AVOID CRASH,2.0,44.5,3.0,3.0
12a29aa60d6ad450244870325307718d4e1a7b2b58f99366a07ac3665a9bafb7bb2df56b5bfd9c53c28c873ea13b541ad1092f8623d1ccea1197f118d3592f37,CLEAR,DAYLIGHT,DRY,IMPROPER TURNING/NO SIGNAL,1.0,36.0,1.0,1.0
12a2a330de047c70d11fd22329c7bb0626a9721cba5c5376a5e26fa309bc88b2b4430bbf57d40ac6c047b8f6e3c6dab031ec90f857d3a52f55c7aa8729b78353,CLEAR,DUSK,DRY,FAILING TO REDUCE SPEED TO AVOID CRASH,2.0,24.0,2.0,2.0
12a2a3746c3ad76ba012fc2fb9b5b2bf2d28dfc4cc568805995cdeae7665e3f99fb9854ee41fa1891b9cce0372d5afbca580ef2e98e7eef63ff63fcaaf76ded6,CLEAR,DAYLIGHT,DRY,FAILING TO YIELD RIGHT-OF-WAY,2.0,32.5,2.0,2.0
12a2b52765008f3b01ce02735d5bfd0663a9647081273bada9842fe3aff62b58865611697bddd7f72a31e8a59bb841b7581b1b8d590da33c751ff7f6e24ca77a,SNOW,DAYLIGHT,SNOW OR SLUSH,WEATHER,1.0,0.0,1.0,1.0
12a2c6cd857ef6197bd8764fb2c64e54213fbfc2850b0a6985571f04ddbffaf7d9ab9e33e2d926b11966cc79c6f0d31cb090c4c86e09ede461de1b7a94d1d43d,CLEAR,"DARKNESS, LIGHTED ROAD",DRY,TURNING RIGHT ON RED,1.0,30.0,2.0,2.0
12a2d19da72e90e2ea5bf91b3f135910dc9c90f61de6b636195a9a31cf278ec4746e7a9b8e02a7471abf9e5011feef1bdbfddb38b2ac4aed4b628ceec2ef7993,CLEAR,"DARKNESS, LIGHTED ROAD",DRY,IMPROPER BACKING,3.0,33.0,1.0,1.0
12a2e4ba59d1666650cd8d0ec320ff6f6d4a3b0473d77d95d37b00dadfa906bfbe8c011643589c8708c0673087e2a92913dcc8af5f9eed28f3513d194e7fcb69,CLEAR,DAYLIGHT,DRY,"OPERATING VEHICLE IN ERRATIC, RECKLESS, CARELESS, NEGLIGENT OR AGGRESSIVE MANNER",2.0,30.0,1.0,1.0
12a300b78e677d3de7835fc33cad944d557cff195d256f03f9a860e92d5a54ac92631f10ff9c2de27154ecd15d30c88f47247342107885c9dd52553128616efb,CLEAR,DAYLIGHT,DRY,IMPROPER BACKING,2.0,53.0,2.0,2.0
12a3417deeb28987f66a5057c3a3e5651917a56849109fe5210587daceb8dd4a3b2c627cb48674d7181983cc89cd6d2d0a494f0c147bed6d7877b7069cc06079,CLEAR,DAYLIGHT,DRY,FOLLOWING TOO CLOSELY,2.0,42.5,2.0,2.0
12a36caa81e32dec7d7356c33bbe40323bb0d58339178980a0824c72dd15f546e1cbfae22fd5a4f294a644cb7af048d0c658e13d9a36e065f050eb16a707976f,CLEAR,"DARKNESS, LIGHTED ROAD",DRY,FAILING TO YIELD RIGHT-OF-WAY,2.0,34.333333333333336,3.0,3.0
12a38e895ae899158096efa42a942146602783b59fe13979328f7d90c974af40b4ed5637a0d7eeee3175b4f4ea64a90a5a537a8ccbbbb23a98e5ca051764c698,CLEAR,DUSK,DRY,IMPROPER LANE USAGE,2.0,56.0,2.0,2.0
12a3c333aa032a31a02be36328b48f9f3939c9213b174a8d73f192e0eb224f6d1d864349900918b218f0655bc077c34271b80567d1c4b93fd13ee7e1143272bf,CLEAR,DAYLIGHT,DRY,IMPROPER OVERTAKING/PASSING,2.0,60.0,2.0,2.0
12a3da0b3b0d2f8e4035384bd57ddec1a4cd2be647d6c29416b26d19fb930edddc2bbfec661a3511682589217b1c68d7bd2619d7c52573e78be24ac7dad35a92,RAIN,DAYLIGHT,WET,WEATHER,2.0,70.75,4.0,4.0
12a3e4ccd8053820d4b8fddfb1f5e066eb9d682ed4e3ca09b2984ed439e754feb53627023e100a171b96148c5165c9c275b5378726d502e4a824944be84a72dc,CLEAR,DAYLIGHT,UNKNOWN,FOLLOWING TOO CLOSELY,2.0,31.0,2.0,2.0
12a3e7f6d5e9f9afed27e1001b2adc7b6a95dd572fb902d6305ba9b3f5a1ef0a76dd9e09c1ffcad881335d5de8b8821339c0f7cb3ac998938f979b6bafddbb86,CLEAR,"DARKNESS, LIGHTED ROAD",DRY,IMPROPER BACKING,2.0,37.0,3.0,3.0
12a40c8ba8acfeedd8f9f68b9173d3a7a64c33c738ffed5278ca64f17560b650e428ec9017d2d5a392f9832a2b3a778551b3b3d78de1a4ca424bbbc053b77e35,CLEAR,"DARKNESS, LIGHTED ROAD",DRY,PHYSICAL CONDITION OF DRIVER,2.0,26.0,1.0,1.0
12a427a9ceb51d633c9dd6a3d8403d3e65e91d25ee07dc9b5095997e4ee8bd540777653f2893c6d58248ccf40e416155689aba7cc40a757a37443e172cfce4a6,CLEAR,"DARKNESS, LIGHTED ROAD",DRY,DRIVING SKILLS/KNOWLEDGE/EXPERIENCE,3.0,51.0,3.0,3.0
12a446f2e44706b24d8f09c41e6ddf77fa5d62c3b302cf48fa0316a931a89353ca98163d6abea1482f0769c1d56d3bf29b35e1b375f947014472fc317d3df6f4,RAIN,DUSK,WET,FAILING TO YIELD RIGHT-OF-WAY,2.0,31.5,2.0,2.0
12a491b76ad3d416a2b7706d71cd888729a0184f343db74f78d8bbf3a2b879e79b5a338b23873490e79c285aa4c3a1bc6c439ea2e152187571f1e7f2749d5258,CLEAR,DAYLIGHT,DRY,FAILING TO YIELD RIGHT-OF-WAY,1.0,57.5,2.0,2.0
12a497fefe3bbe623bdefd2fe46886d04717a376ca50eca1ed319d591f2797b56d3dcaf7aa8962826e4fb911539b8edb3ee91e2b5ea7c953b30281ecbeecf716,SNOW,"DARKNESS, LIGHTED ROAD",SNOW OR SLUSH,WEATHER,2.0,29.5,2.0,2.0
12a4aad0d5b01827851d9b6a06b7ab037b6350dd7edbddec41b656112b7424b69e446bb57a1f42cad813c04978e87cd2e5e4bb4a96e2df67503059361b2232db,CLEAR,DAYLIGHT,DRY,IMPROPER BACKING,2.0,45.5,2.0,2.0
12a4e193eecfc8be3f8e060cb6e6d261cf4977317b98be5fcb0718d9227cda46deb337a5973ab1ce1d82e3df1d6da5ad6055d070483bf8059ee4ddae0de538c4,CLEAR,DAYLIGHT,DRY,DISREGARDING TRAFFIC SIGNALS,2.0,51.333333333333336,3.0,3.0
12a5398ec7aa929d8c58c45c1115e9cc327e5d1a7c9626b1b3f3982f26ad98d2584d8f9462636431721904f6b6f5e172c7044ae8d6f1dd1bbb3e8c4ac0a5ba74,CLEAR,"DARKNESS, LIGHTED ROAD",UNKNOWN,FAILING TO YIELD RIGHT-OF-WAY,2.0,38.0,5.0,5.0
12a54513c7517e517eef32ef844f2c480c1c74dcda4cf1324e81bb4a268478da7fca36a9154c28b4cc8d706e28a2454b0d703c341c43d6b53757c1dc56007858,CLEAR,DAYLIGHT,DRY,FAILING TO REDUCE SPEED TO AVOID CRASH,2.0,31.5,2.0,2.0
12a55673012d9b125d5c58d02f1562496a223bd68be5b73da770a5b8e44743ddd56cbd441253f1927840b80e3e502fd1ee12f76eb21ee79c96922d26d5a499ab,RAIN,DAYLIGHT,WET,DISREGARDING TRAFFIC SIGNALS,2.0,25.0,2.0,2.0
12a591669259cb4dc2584f1acfdc7e20fe923fe866dd846c382da89b5605627aed612b69dcb4bbe842b46543859a6d2a8d819a192071966b6f255ca8190ac2b1,CLOUDY/OVERCAST,DUSK,DRY,FAILING TO YIELD RIGHT-OF-WAY,2.0,24.0,6.0,6.0
12a5d2e98414c8229a78955625e7b3d0d5afa6cf57f0958750ea7c4b647f95ca774ddd1d5e97d5fdb00ca6bdeb57a40e30cb6654de52e8f7b54f75e4a2da130a,CLEAR,DAYLIGHT,WET,FOLLOWING TOO CLOSELY,2.0,44.0,1.0,1.0
12a5f354fb70d04090477ce98cd3dcf462de5c127075eb2fab02da14f613fc59f598ecb6d0624ceecd579edfd236f03d9b84813f1bbfbbd6a10fcc2eccd1df7b,CLEAR,DAYLIGHT,DRY,FOLLOWING TOO CLOSELY,2.0,38.5,2.0,2.0
12a60e43dd5d5aee798f8a9b3c22d20f080f9c0c6aba63c6c6f37236535ef6f1e0813323b568c0cb867c1e127a529f50ff03ee4052bd5643eee2c56e0506a0c2,CLEAR,"DARKNESS, LIGHTED ROAD",DRY,IMPROPER TURNING/NO SIGNAL,2.0,37.5,1.0,1.0
12a65fc19c6efaad2be441fc913841bde578558ecc1691741a96bc2808cf13f372820ad3a94188e4b1b91813662db193802d9d70a7ca31a25a7f733b575b831d,CLEAR,"DARKNESS, LIGHTED ROAD",DRY,IMPROPER OVERTAKING/PASSING,2.0,22.5,3.0,3.0
12a71fe27ce7a726012fe803e303a2d0e1ebaeff240a1572fbc1c8eaa14c5da0cf6ae989f365b214905c31b80069d14a84672d94270d7a857cae4f760cd9a11e,CLEAR,DAYLIGHT,DRY,"VISION OBSCURED (SIGNS, TREE LIMBS, BUILDINGS, ETC.)",2.0,24.0,1.0,1.0
12a72510e623e7e4ae4500b21b7060050e70a80fd03935bd9792d355c8bf81e71050e567bbc8dcd0ef3866d4fd4361a10d4b04948c572fc9b76586a4623826f4,CLEAR,DAYLIGHT,DRY,IMPROPER BACKING,2.0,26.0,2.0,2.0
12a747b28bfb879f2b067e64863c1534759296d1285f903203554dbdd2ae336d61fcd9e651d57dc596aa325d36e4fd29c6cf1dcab07bdb905be596cc177911ca,SNOW,"DARKNESS, LIGHTED ROAD",SNOW OR SLUSH,DISREGARDING TRAFFIC SIGNALS,3.0,47.666666666666664,5.0,5.0
12a78e854a023fb28b29cf358b66eccb51db2f7d3eae816070a50619f175713e93a9f96312a2f081798ae98d17f3d94b604d044222766741a482c7e155ef81aa,CLEAR,DAYLIGHT,DRY,FOLLOWING TOO CLOSELY,2.0,32.666666666666664,3.0,3.0
12a79ea2f1c4640bd0013daf1df51464306f046e0d5bb3881059b63864d6778faebedb09a39cdf265a411b3951135254ee205479ed215e56b55039ef905b4636,CLEAR,DAYLIGHT,DRY,DRIVING SKILLS/KNOWLEDGE/EXPERIENCE,2.0,41.25,4.0,4.0
12a7babd0f9c4a877f22c0c51f05d3adc920aa80852dcb00570b42bf68ba08f6f1f33e4c69266a32a0b12ff9281b6d8231b12383cf38c5d2fc4f51eea04ec32a,CLEAR,DAYLIGHT,DRY,IMPROPER BACKING,2.0,0.0,2.0,2.0
12a7d7b30a9588f3f325e1a1703f39d5f23638314a2613266545f02a686d0eb529b56d46ec33f680f5c55d44ad6f8c6d11704f5440a1e5439a9528a5e4bd251b,CLEAR,DAYLIGHT,UNKNOWN,IMPROPER LANE USAGE,2.0,29.0,2.0,2.0
12a7edcbcabb4dabd40c8f7078d34d9dcac8222ab44095f659bd040b54546de007480c078b65a54e6ccc19818f273bc986ece8882e83bb0662f3b794eae42d8c,CLEAR,DAYLIGHT,DRY,FAILING TO YIELD RIGHT-OF-WAY,2.0,18.0,2.0,2.0
12a7f398084770a552404f4cc22f8d2a6fe574995c71568be1aa3a09e73fe1d510d093d1282be98fe90d55af88f00a33c8df48750b0ea65967145ebafb9fb307,CLEAR,DAYLIGHT,DRY,IMPROPER LANE USAGE,2.0,35.333333333333336,3.0,3.0
12a81baaf9b91982f4a22ad5846a0e844b73cfb34716211f003901687c59064d17d5fb0b4234938efda8daa45f564594ca857dbe7064313201683181df07a153,RAIN,DAYLIGHT,WET,DISREGARDING TRAFFIC SIGNALS,2.0,44.5,2.0,2.0
12a81f1fc854ef5400ebedd347aedfc0abb6feb8a9a3ab0d753752ade79b575952b1c2ba51231f489696327083bbc37ff35894b50196981fafd21a2df34a1885,CLEAR,DAYLIGHT,DRY,FOLLOWING TOO CLOSELY,1.0,38.0,3.0,3.0
12a853acd648f8e27356e3551e39ae19a939ad11de881e8ca3d55d2c6f97eb2d6e83365e70a0765ea5565a9bf0d5153e2558edf0ca8a889df87bdf0a9d5bc92f,CLEAR,DAYLIGHT,DRY,DRIVING SKILLS/KNOWLEDGE/EXPERIENCE,2.0,46.0,3.0,3.0
12a862166a58f91f1abaa60257ba9d745d2a799522e07a0588e1c42988683802392824f1f0f0d662c1e3d6899ab473c12eb1b2e57c5e1a382ff79a52ff8f6220,CLEAR,DAYLIGHT,DRY,IMPROPER OVERTAKING/PASSING,1.0,37.5,1.0,1.0
12a8769b9f5fa0279e674061b84daf5aed42e70503dc3bd099de45da8e6ec1386cc415c25e31b46c04525921779dbbbacb03d4af3c102779135f2b26ce54d4b0,CLEAR,DAYLIGHT,DRY,FOLLOWING TOO CLOSELY,2.0,75.0,2.0,2.0
12a88f9b65ed03bf0325e488d36393c68bb39c894c3778e297a6e84f23fbf67fedcdc5f431ce8976886873140669bf47a3301ed047ab05f1d355d7d3f4f68796,CLEAR,"DARKNESS, LIGHTED ROAD",DRY,FAILING TO YIELD RIGHT-OF-WAY,2.0,44.0,1.0,1.0
12a8a66a8927c15f5dab93faf4eb0b10fdeff381e4be0f169eed7e3d8e36d9081633f40f32f97fcf6a8890e5a3c926ed33e915c24958be76abd4390653cf6269,CLEAR,"DARKNESS, LIGHTED ROAD",DRY,FAILING TO YIELD RIGHT-OF-WAY,2.0,73.0,2.0,2.0
12a8a965c410e4ea7c81968f309af87a1d623b62feb5789ef3289b59cf14d3ad5fbc4a28200e977308149eabca580420ba6063a93aaa952a2b0df9a478c40b92,CLEAR,DAYLIGHT,DRY,FOLLOWING TOO CLOSELY,2.0,37.5,3.0,3.0
12a8c279919df37846d07ab13661f6100372c37a176b87169696f7263115db81cf697dc38fa027b959e2925ef54363d3b414e2974f233853fce3cb8f4c4c7976,CLEAR,DAYLIGHT,DRY,FAILING TO REDUCE SPEED TO AVOID CRASH,2.0,34.0,3.0,3.0
12a8cdcffaa9f5b0070284585d73242fca1ecd030f4796a3e191db3904a1fd780c88b4c81fe2c946a323d46d60ebfd7beff3e45e0fbf88466f1596903315e658,CLEAR,DAYLIGHT,UNKNOWN,IMPROPER LANE USAGE,2.0,39.0,2.0,2.0
12a8d817de521d30ff9c7b3a6c1a0b811db636c60455899c5737e5e459acec97ffa8c47e2f9cd70b5677fdde1519eb7b78dd17892edde95b1e09da0c411493f5,CLEAR,DAYLIGHT,DRY,"OPERATING VEHICLE IN ERRATIC, RECKLESS, CARELESS, NEGLIGENT OR AGGRESSIVE MANNER",2.0,37.285714285714285,7.0,7.0
12a96bae5c032a4ace9828f62fcc6340e87c6ec240f62d81e863524eaff54785f551b11437f67208419b4b13f1c6780527df1b6246380df9057c5f7763d64453,CLEAR,DAYLIGHT,DRY,FOLLOWING TOO CLOSELY,2.0,46.0,2.0,2.0
12a98fb9c9500e76150d2507954b9eabfcb0439bfa659c9a5c1081f0393a418d75643eee17598baf7634fdff90fc5f67a1db967969bfc90c4d19cdf4bcb8435c,UNKNOWN,UNKNOWN,UNKNOWN,FOLLOWING TOO CLOSELY,2.0,27.0,2.0,2.0
12a9a31f37130257f57ebd34e0268e5e8caa1410416b83a4369f0d99d416a8467919e7ee8847059953ba5857b78583c06d458b1a72edff456cf3067a114bf789,CLEAR,UNKNOWN,UNKNOWN,FAILING TO YIELD RIGHT-OF-WAY,2.0,52.0,3.0,3.0
12a9a9d7317b13e5c7e8540664b1b4c08c41e96326bb106174977affab4aa949acbff17cd1b55b58ffe53a4c6d7cef9828017fa743a86b77580179bb1ff71615,CLEAR,DAYLIGHT,DRY,"OPERATING VEHICLE IN ERRATIC, RECKLESS, CARELESS, NEGLIGENT OR AGGRESSIVE MANNER",2.0,82.0,3.0,3.0
12a9c1383b8c1f9dfd5340035a51d4e4a3134c9f01b194c75b3fa4ec1de3a0dcf43f1668b6c56de88e64b23c7ebf078d49fdc0994fa3b60774b6452fdf822fba,CLEAR,DAYLIGHT,DRY,FAILING TO YIELD RIGHT-OF-WAY,2.0,37.0,2.0,2.0
12aa078f278c6cfe720bdd2b73f9438693b4c971161a588d70a8b55b26c66b2e7d947c2a2b60eb89e730e5cc745c7a20126b4212c50aa16328103b52b1695efa,CLEAR,DARKNESS,DRY,IMPROPER LANE USAGE,2.0,33.0,3.0,3.0
12aa0c3f6a6abdaed8815aaaf691725405982b03da25fa294766c0fe5462d6f5769dcaa0569f8ba31496ff9fe23260a691e693e6ee5f9e69ade29338fe9bdb24,CLEAR,"DARKNESS, LIGHTED ROAD",DRY,"OPERATING VEHICLE IN ERRATIC, RECKLESS, CARELESS, NEGLIGENT OR AGGRESSIVE MANNER",2.0,27.333333333333332,4.0,4.0
12aa329985d4466d19636cc65268d1c03c5ce592bdd984daa3f3ce5da9df96ccea2b03b118eb1926fa0d53938de60911ac1a16f0321a1ab16c7016c59d13498b,CLEAR,DAYLIGHT,DRY,FAILING TO YIELD RIGHT-OF-WAY,2.0,56.0,3.0,3.0
12aa3bdef03b283c2d0f62216d742988e5722f7f7909f0f78225349e7088d7e3a4cd1b5b8da1f899d20bb094f53b328ba2d06b618874238921cf6a131849ce69,FREEZING RAIN/DRIZZLE,DAYLIGHT,SNOW OR SLUSH,PHYSICAL CONDITION OF DRIVER,3.0,27.0,4.0,4.0
12aa5869d2028896b725410c253f4110fb2597bf5936afc3aef22c7fc3192731ae032f3498f99dcfe0de95cbf5bbadecc155cdf78842445375533a5ce813df75,CLEAR,"DARKNESS, LIGHTED ROAD",DRY,FAILING TO REDUCE SPEED TO AVOID CRASH,2.0,37.5,1.0,1.0
12aa7bcbfe7322de6b4b463e9134d172fdc4f2b32dc1a5c7c111320d34e181a833626c841dc5bd76c58b2337520cedba3abef2ea8d66cb0d64016afcd9069fe1,CLEAR,DAYLIGHT,DRY,FOLLOWING TOO CLOSELY,2.0,55.5,2.0,2.0
12aa7d9bd8ad16ee616d98a4e7edb67b919d6d5ca727b0509b0c3384fef34349a2abaaf38cecd389a1da564ae52c0b09dcb624876748d0af620b27ffcd2d7fd7,CLEAR,DAYLIGHT,DRY,IMPROPER LANE USAGE,2.0,53.0,1.0,1.0
12aa84b2e4524e6b7ad20258eb2648070188cd635771f22705637137d73257ad1fda2f431c5f2c499d4561128e66c1fed263ceff15f9c6bbfa2f86b5b52ad83d,RAIN,DARKNESS,WET,DRIVING ON WRONG SIDE/WRONG WAY,2.0,32.0,4.0,4.0
12aa99a2eb0c39cc895701302bb3e7e2a3828a9af9183b46177758a42da8d7f95882a8b60aaf5a991fd891901e638fcc7810743af7537303b06338226bb09a89,CLEAR,DAYLIGHT,DRY,IMPROPER LANE USAGE,2.0,30.0,2.0,2.0
12aa9dc304dfe159a2c9cf3d1dbaea9aae4c44dc4c70b5fc73865f51557671cb4bdc9ae546b1e74a2c6f615a5a6a05fde406c3c3ee221a94c2ec9585556842d7,CLEAR,DAYLIGHT,DRY,PHYSICAL CONDITION OF DRIVER,2.0,40.0,3.0,3.0
12aaad62c5734851fb9a41b110b7f49a91905e23c19669c3c7712aeb1ed97ae2872027f906db8bd186669331f3284b1af09063343e2592804405ffe39657dba9,CLEAR,DAYLIGHT,UNKNOWN,DRIVING SKILLS/KNOWLEDGE/EXPERIENCE,2.0,65.0,4.0,4.0
12aac906831130a996d949882f7aa43662b70a9200f3a82d0ef6021134fe39f0b656ae49d22380d2295bcbaefc749636c537ed8ed5b15c9c9569d825bd3fbb0e,CLEAR,DAYLIGHT,DRY,"EVASIVE ACTION DUE TO ANIMAL, OBJECT, NONMOTORIST",1.0,58.0,1.0,1.0
12aacbf2d7e6f5254c329a058362430ec4203597cc352146a2fc0b9a1ed09dca6f33b827b4ec2acfbfc1effae7bd0e33fd7fbdb275bd7a627131d60fcc3ae161,CLEAR,DAYLIGHT,DRY,FAILING TO YIELD RIGHT-OF-WAY,2.0,27.5,2.0,2.0
12aacd53c1df2229a0037be7a9306524df2a38db8e6ad1f59f289683d3ec76d046232ffafe7421a321af9a439957d15e034e152f9465fb811226c604b6b5fcf5,CLEAR,DAYLIGHT,UNKNOWN,FOLLOWING TOO CLOSELY,3.0,42.333333333333336,4.0,4.0
12aae90bdad5a6067f427f36c9c1e9109ae0006a101578a4abc13cee58692a6c30ac32db045e956431190d1850ad7c7b54fef46f2cb9d8dc5400dc3e1114900e,CLEAR,"DARKNESS, LIGHTED ROAD",DRY,FAILING TO YIELD RIGHT-OF-WAY,2.0,34.333333333333336,4.0,4.0
12aaed52dc8cf7730a9fc295296cded3e8db2c091c1904ca6cb7b2a791e4152fb5f234bd8cd59eecb7c0ec14a247c656a4efffc34cbede3f33d8ccdf0d042fe5,SNOW,DAYLIGHT,SNOW OR SLUSH,FAILING TO YIELD RIGHT-OF-WAY,1.0,35.0,2.0,2.0
12aaf349779836b33aa00eb946c119bc4dd709da36d3b0ee2fb6acdc6cebc5a46d3b753202753a655f0c953dff635782293eec7b8f786df05dc714e7225379fe,CLEAR,DAYLIGHT,DRY,FAILING TO YIELD RIGHT-OF-WAY,1.0,43.5,2.0,2.0
12aaf89c9e94044558b72a2eb1bb1614f27240a3290c426e65772aae2156a6b7f6f1679bd65db8af5cb6a19aec8de32ebc4540e284296c98cda50d054e48f0c2,CLEAR,DAYLIGHT,UNKNOWN,IMPROPER BACKING,2.0,43.5,3.0,3.0
12ab01a685f68340e399e650ea2efe33bb1b50e5397974f7e140fea9d07e2f8b973f6b3854bf4fc1ac30695f4575c121e91818ab9c9f41a80493cb6f0867e540,CLEAR,DAYLIGHT,DRY,FAILING TO YIELD RIGHT-OF-WAY,2.0,64.0,2.0,2.0
12ab0331abd7af5f19bc7efbad3a13d62152dfd40838323c36a4f0e5360b82c900fec962e2116ffa218b24744985c44f2e7b22632e5e2c5456daafc35359ac69,CLEAR,"DARKNESS, LIGHTED ROAD",DRY,"OPERATING VEHICLE IN ERRATIC, RECKLESS, CARELESS, NEGLIGENT OR AGGRESSIVE MANNER",1.0,26.0,2.0,2.0
12ab04250a1aef9c5c3b64ce42694208d7775a57b56c51db79a88c6c23eea042120820ee6aacd930f4384b95dabf78820d0cec9eff4f4fa4912712d1ec5c052a,SNOW,DAYLIGHT,SNOW OR SLUSH,FAILING TO YIELD RIGHT-OF-WAY,2.0,55.5,2.0,2.0
12ab19ebdea85357f79db892529f631e4f5f3cfd4a3ad5b32943f7709f6235fd742eca1cb837d48e78568c207ebbfe059ad1ca1d0be19c93b1b7695a2ccbc2c7,CLEAR,"DARKNESS, LIGHTED ROAD",DRY,FAILING TO YIELD RIGHT-OF-WAY,2.0,50.5,2.0,2.0
12ab4db92e93af997ecebedea1875521f86e48a98234c6be7f404261f61214ac7253ce680f0e41f84a29de5312f2c6c40ae3741786887e14a6e3cfe83497e12d,CLEAR,DAYLIGHT,DRY,FAILING TO YIELD RIGHT-OF-WAY,2.0,30.0,2.0,2.0
12ab5036cd7bfffe5185769c53822052835607eb19bb5089e07a30aaf2a79c750370eb72da7d4a8514b48fb80c8f211869e3f445fe27e348e337d50a852e0892,CLEAR,DAYLIGHT,DRY,FOLLOWING TOO CLOSELY,1.0,34.0,2.0,2.0
12ab8550adbf2b3c0ca4b85a568e9b3b9e991805294c0e3ca89209511eae27b2557f382013e4621e17b0c3617d83e153906098a77cae51139b042e6086342461,CLEAR,DAYLIGHT,DRY,DRIVING SKILLS/KNOWLEDGE/EXPERIENCE,2.0,38.0,2.0,2.0
12ab857e559ee861cbe1169b56dbc2bb31b30383a8b39ac6211361ab45d4a342a34c292fbd701a2111074a10693851dff882029a56aa064aaa2af41ee69f9f47,CLEAR,DAYLIGHT,DRY,IMPROPER BACKING,2.0,33.0,2.0,2.0
12ab8b18a293b2ad9b76ea15da97769f40eddb2547931087817afb5afe6bedff838dceb1f9ef22fcd2b70922a956bc4cc7daa1c4050e8ce486a3b06beba78c3b,CLEAR,DAYLIGHT,DRY,FOLLOWING TOO CLOSELY,2.0,37.0,2.0,2.0
12abbc3a3bfa8335e4fa9e8282075dbf19ae63d917f516fc3afb3c5c5c39ab8a16f783d4f82f382a61615f89642f7e278c334584f8d872a5695d8af49e9be797,CLEAR,DAYLIGHT,DRY,FAILING TO YIELD RIGHT-OF-WAY,2.0,26.0,2.0,2.0
12ac09920b016c46e472203e225aff4d5c5e0306ec2dca0acf762fb9fa89d296fb42c5a1943272089802dcae4e3ba26d1f468d92c3333c53c416542a4f9a8b73,SNOW,"DARKNESS, LIGHTED ROAD",SNOW OR SLUSH,WEATHER,2.0,28.0,3.0,3.0
12ac2e8c2f58af05f432efcb3429afcdcf57152b6050c392d6e6cfb3511084dd0a5a230838ca3c47fa0573041ad8f9f67afc1d9bf1519e7662e9eeb9c2c25801,CLEAR,"DARKNESS, LIGHTED ROAD",DRY,FOLLOWING TOO CLOSELY,2.0,41.5,2.0,2.0
12ac6b16ec55fa63396638f25d4cf0203c80ec3a8b861648148040ce178d320589fad1ac91e5d9cef541f13d1260f0324a7243f0a8737c166f93b05fec0fd4cd,CLEAR,DAYLIGHT,DRY,FAILING TO REDUCE SPEED TO AVOID CRASH,2.0,39.0,2.0,2.0
12ac889d9ea0150a20374df693e1ca9ae697ba307360b8a93ba1aed931ddfad8cd41c171f2035723dd1b1ee8765be424f59324f9c1db9aaad2dfdcde64f6be80,CLEAR,DAYLIGHT,DRY,FOLLOWING TOO CLOSELY,2.0,57.666666666666664,3.0,3.0
12aca032b64c4806dc45c7130a0a740186f57a91f5e7c9082859b100abd2452229b440ea44b95307772775bd71cfe10c7816c8d78334af103e52d89e870b4166,SNOW,"DARKNESS, LIGHTED ROAD",WET,FAILING TO YIELD RIGHT-OF-WAY,2.0,26.5,2.0,2.0
12acba90a640e23d7cc6023df3b516f4e5fe1dbc2a544402fa6b512eb3a430ffb978a520620e81c69c0acdecfd69f5e8d64468d84e6b2b38bd709f9cf5f34ebd,CLEAR,DAYLIGHT,DRY,FOLLOWING TOO CLOSELY,2.0,46.5,2.0,2.0
12acc41aaa2bdc2be15740de5c3c6cf59fca238e905d1160d3d6e57278717be80cff378ba67ca704cef318e7ca3d608ecbafeb66064a2db24cd8809e71bb1bd7,CLEAR,DAYLIGHT,DRY,PHYSICAL CONDITION OF DRIVER,1.0,56.0,1.0,1.0