crash_record_id,weather_condition,lighting_condition,roadway_surface_cond,prim_contributory_cause,total_vehicles,avg_driver_age,total_people,total_injured
12acce9eadce8bb577820566d5e9b7ae13eb453c5887280275addb058afdee17645c48b66814a002cfc7137125df18ae069bdfe616c6f61f3a28ecde0316b509,CLEAR,DARKNESS,DRY,FOLLOWING TOO CLOSELY,2.0,35.0,2.0,2.0
12acd840a11d06b773e994d93767e8d60353e8673d2070160897538af53125e6757e6d2efe9d841b860638a7388f24cd75a44904913a32d8943e96226248b293,CLEAR,"DARKNESS, LIGHTED ROAD",DRY,DISREGARDING TRAFFIC SIGNALS,1.0,34.5,2.0,2.0
12acddca43b00b756d10a20c015638c05033307253dd6400ddab7885935e26704fb64f37f286eda7c1f116567fc7146886cbca2a91662f675b90ecd8ce8333d2,CLEAR,DAYLIGHT,DRY,EQUIPMENT - VEHICLE CONDITION,2.0,20.5,2.0,2.0
12acedca7c51c475134fd8c5ac59055c78c23d620a2938674b4b8c525d1fff4993785bf11a806c994fb8402154916008aede49012dd63666b5c732e431a774b2,CLEAR,DAYLIGHT,DRY,FAILING TO REDUCE SPEED TO AVOID CRASH,2.0,37.5,5.0,5.0
12acfad7874424cb54f6610c1e172e19be8344f332380ee80f139d2cd2c0877309acfebded48ba4ebab5b8f7a2defd3009f538a9d18e752b3839cc4b154bae8a,CLEAR,DAYLIGHT,DRY,IMPROPER LANE USAGE,2.0,37.5,4.0,4.0
12acfd68d445de15321805173c1bc878a736e4fb64d89681cbbd641edf0061330f0ac4bae6a562c66d5daff0828d854150276dfc981f7699bceb47ebf873c22b,CLEAR,"DARKNESS, LIGHTED ROAD",UNKNOWN,FAILING TO REDUCE SPEED TO AVOID CRASH,1.0,37.5,1.0,1.0
12acfe14cb00d6df82a177931f4f6b0413bb2463c0ec9ef434146c3ce6e1c9fdccf500888e46bfbc7b383edc23103756db7827ff8ba8303c7c9dd0c5378b6732,RAIN,"DARKNESS, LIGHTED ROAD",WET,FAILING TO YIELD RIGHT-OF-WAY,2.0,22.333333333333332,4.0,4.0
12ad025127434093601121212f679866d34d3d57afdf51ef99c11429536e6babd4b7b0ecfa802e00200d6af1f7b62de0b519cfaf81f87a809dd135fc63e71d6e,CLEAR,"DARKNESS, LIGHTED ROAD",DRY,IMPROPER TURNING/NO SIGNAL,3.0,20.0,3.0,3.0
12ad0651b21c7a34ea336c8faec7b14f57f0d3700f96a7bf3a74de96034bf24f3379cc3ccacb48b0ade3667899b75d4ceaab7ded670a9bba1655bd42225b782e,CLEAR,DAYLIGHT,DRY,DISREGARDING TRAFFIC SIGNALS,2.0,36.0,2.0,2.0
12ad35f7d918156622c42ec9d664d9f21225a6da50e7ff6aed4a4aeb5e8e846057d7de1c1485aefa7e426fcf36824390b93267d7c0fd76ba2b38c8a9e2b4e3a7,CLEAR,"DARKNESS, LIGHTED ROAD",DRY,IMPROPER BACKING,3.0,23.571428571428573,7.0,7.0
12adddfe2b6e46f8c4087cd6176c58583d4b68184e458d6102e25a2547797c760e5b181b20f6233f51077679a4df5e8d7c9a13d53f00e425f858f85f4a836ff7,CLEAR,DAYLIGHT,DRY,IMPROPER LANE USAGE,2.0,36.0,3.0,3.0
12adfac167dcfe699968fe35866df88fa5b4b6ca5735c0e4432d0b36ca6bfb0bda37cb631d9028940eeddb72d14d02fa090a7a58701474ae1b141c5591a520af,CLEAR,DAYLIGHT,WET,DRIVING SKILLS/KNOWLEDGE/EXPERIENCE,1.0,52.0,1.0,1.0
12ae090c30b54c8d70976b91ad82183bcd0abdedad8e9dad4a0e18260c02cb4ae5f2f49b26f9449925626517aeb04d64b5b9896b25a0833a70321e02ce082bbd,CLEAR,DAYLIGHT,DRY,FOLLOWING TOO CLOSELY,2.0,34.0,2.0,2.0
12ae3a749b74cb2b468fa1c6f0c24a4ff693d1bc44913e2c698507aa496050084a566ab4dfd1c1fa3a0614884756fa8c444fd1269124d2f19ee101b2517faafa,CLEAR,DAYLIGHT,DRY,IMPROPER LANE USAGE,2.0,60.5,2.0,2.0
12ae71cd1ec0c9db71b65a8ea1168f6176d6fed4fc28fe74397dd5f39659f24bbcdd3998b31655ff809dd717cc2f765e8b1852d41e126feb02e18fe7a9c754c7,CLEAR,DUSK,DRY,"VISION OBSCURED (SIGNS, TREE LIMBS, BUILDINGS, ETC.)",3.0,66.0,1.0,1.0
12ae8ad30d21c4bf0ed226c61598e1de2657da9df72f127e6e9e59724dca2d1bb21c59ab2d45baa22e4207d9b6287f361c3dfb76fda62a6f9a0f4da4e808a21a,CLEAR,"DARKNESS, LIGHTED ROAD",DRY,FAILING TO YIELD RIGHT-OF-WAY,2.0,26.0,2.0,2.0
12ae9481dc4c40d17d0af51f28813835ec0b4464ba5241ee79ac9a7fd8a31188f7476c31d4093604c2e8c2454d273582fe81f0e2a7cb1b6028f1567b22ecd988,CLEAR,DUSK,DRY,IMPROPER LANE USAGE,2.0,37.5,2.0,2.0
12aeafd3674bc269924f3ecfd35c458a20622b4e013f8f3ee4659f65468f1cf97a56238843a04e92bbf663a4be18a92ca6a9a164d8146eab564fb5165272c615,CLEAR,DAYLIGHT,DRY,IMPROPER OVERTAKING/PASSING,2.0,36.0,2.0,2.0
12aeb706b3c9f94861add83b4208d447421de6c507e52b1e0ae0f9ed570533a927689cedb28aed8e5f886b154f02de9d5bc620ab80ff2ed626fa965b725c252b,CLEAR,DAYLIGHT,DRY,FOLLOWING TOO CLOSELY,2.0,63.0,2.0,2.0
12aecc5219d7f6dd1a79fbb77b25c9840707b157c2ddaa9df89e2a7ccc2017fa620d128603a7a1f03168b8c43672410ac4750944c99c2cd89e84a3835e95074e,CLEAR,DAYLIGHT,DRY,DRIVING SKILLS/KNOWLEDGE/EXPERIENCE,2.0,42.5,4.0,4.0
12aecff16c3267230526a64092f14413f9b45c445fca24cd24a8724afa689631c36f735b823f2072a66a4074253a023602c0a789c18e0a96597359dfd7d72666,CLEAR,DAYLIGHT,DRY,DRIVING SKILLS/KNOWLEDGE/EXPERIENCE,2.0,46.0,1.0,1.0
12aefbc3bc6b9b22d8497e44955d627ba76e987de02dafba15fecc7ea323b8e46d7a29cb97623f26f29b7b411c0918da84c6a5fc89b84d2414c9451bb450b3de,CLEAR,DAYLIGHT,DRY,IMPROPER OVERTAKING/PASSING,4.0,26.25,4.0,4.0
12af0310d451da75dfac23826c735b5e00668372b97d5411536a6e316098c74dbf5d14cba91d539e5a328057dcb7310e5322f58ab2eb099ef4a9b82e78bdd5ac,CLEAR,DAYLIGHT,DRY,FAILING TO YIELD RIGHT-OF-WAY,2.0,63.5,2.0,2.0
12af05fc2806b924a7bd33dc0b53c074f623dff5e6fba8e124c7cad8f8019571e5790fe9ff5a40e8dcdb561b612bb9fd44064696e2b02aa373cf363d0725dc8f,CLEAR,"DARKNESS, LIGHTED ROAD",WET,FAILING TO YIELD RIGHT-OF-WAY,2.0,37.0,2.0,2.0
12af20c53749a52135b3da80ae8c4ccfe73f8ac6707c50be1d06e080541d9be364da3f0419fb61164a914f4ef3cd01c37189b71d14d295da2bd5e8c4f2727316,CLEAR,DAYLIGHT,DRY,EQUIPMENT - VEHICLE CONDITION,2.0,36.5,2.0,2.0
12af6682b09e7b4269912411a4a3f6bacdde69a4de02acf0402cce195967e4e6dd9f9e0b4888199ba66eb874cc47594c60af143906ede33654389bb1eac0fb19,CLEAR,DAYLIGHT,DRY,FOLLOWING TOO CLOSELY,2.0,37.5,4.0,4.0
12afb47fefe7774668a9081f1c6775b76de9ade4b14769d16fc8b4bfe3163b00500cbf1e6c907a40061aec5b122d1b16ce3909914e14b047ef36133d2dd97362,CLEAR,"DARKNESS, LIGHTED ROAD",DRY,FAILING TO YIELD RIGHT-OF-WAY,2.0,38.0,3.0,3.0
12afbc02b251ce78d1ecb3969d0b3797284c0568a80350e3b0ebfb4cd7551670b160c27fa5fa67d816bc07f49b663de42ad80c9689292fb72c3ba0a900d367d5,CLEAR,DAYLIGHT,DRY,IMPROPER BACKING,1.0,29.0,1.0,1.0
12afdd7e4a978bbf045c178bb6b866bbbe2d2a68448f366fc38fa78974ff34bf5e58833a81e5b765ed8ff43b6a971e621cf9cf97350a01cc100cc5f567d805dc,CLEAR,"DARKNESS, LIGHTED ROAD",DRY,FAILING TO REDUCE SPEED TO AVOID CRASH,2.0,45.0,2.0,2.0
12afebfd7773c53b06f1fc5e9e8fb460fdcb2ea250b0bb2220293d38d33b1fe13a4d7959be3055fecd197fe6c426946f10ae1b711306a8e57d2bc5e8e5c889c2,CLEAR,DAYLIGHT,DRY,FAILING TO REDUCE SPEED TO AVOID CRASH,4.0,26.833333333333332,8.0,8.0
12aff2c4b3925f2a79d8298838c4e9ce0387531950cdd806a017e73430c5f6eb8599462b72358506d6752c21636a0763b5e4feefe1994f12dcd358f566502842,SNOW,DAYLIGHT,WET,FAILING TO REDUCE SPEED TO AVOID CRASH,3.0,57.0,1.0,1.0
12aff5bf8bfcac985d230a4625fb627710d5dfb0f73101009aad899452ae2d77d7ebee02fa635e5d73a1a65f63f935334ebab4af052b281e39a101a8e7c4da66,CLEAR,DAYLIGHT,DRY,IMPROPER BACKING,2.0,69.0,1.0,1.0
12b052a4a379b1583b0c3fc71ee13d925da765e23bc35ce879d76179f68af0ef3203103d4d972a345ba87be60d2098094068e95c09f4bce2ada403dc16f5c1c1,CLEAR,DAYLIGHT,DRY,IMPROPER BACKING,2.0,31.0,3.0,3.0
12b06aaaf720079b361b80c2d1ad4c5954acd2cdc435edcd9d35636143201d4134a16de07f7f3689b6ab52f35651adbdb2a8d8358d6032e06d1d4f9b840f60c6,CLEAR,"DARKNESS, LIGHTED ROAD",WET,FAILING TO YIELD RIGHT-OF-WAY,2.0,48.5,4.0,4.0
12b0720450aeb83a53c4fa6dc68cfed759c7b9f21b89ff41ce84b434c8e1adeee057c9d0c15a62e23c2015758d9040eec717a6065be8c366cfcdbb515d223b32,CLEAR,DARKNESS,DRY,FOLLOWING TOO CLOSELY,2.0,34.0,2.0,2.0
12b0ad2a2f38c2f8ebfb51cc3ea71741b78f055c3ccf878d0465c4d6b43fdef584b90709864445994249a3a66eb7e7b12c8eb02c10f749018ceedb43a65ba7b3,CLEAR,DAYLIGHT,DRY,FAILING TO YIELD RIGHT-OF-WAY,2.0,45.0,29.0,29.0
12b0b4a5f45004bce3bd31b6addfb643e828af3f9fb3c0bdd2530715d3470544bbcacb82b8daa97784b4a4fb2b6f7bdfc3261015a314b47a893ed3724855048b,CLEAR,"DARKNESS, LIGHTED ROAD",DRY,FAILING TO YIELD RIGHT-OF-WAY,2.0,29.666666666666668,3.0,3.0
12b11d69b83926b7b01fa8bb322146d170ec03abc7723c352f96b48364e14b114632570acf101d92c1a61d7c8fd9bc0e9991acb7430b6f0637f4fe5a883e1d26,OTHER,UNKNOWN,UNKNOWN,IMPROPER TURNING/NO SIGNAL,2.0,39.0,2.0,2.0
12b1224ef203d13d6483249ea32de4fde7f1c8e0b615e24ae2846919c1724ca69711556f75f7d1f04e1614ae5484b34f6bedc16ffc00b393eabda036055d93b4,RAIN,"DARKNESS, LIGHTED ROAD",WET,IMPROPER BACKING,2.0,39.0,2.0,2.0
12b12ecf3c2b24d0e57158c2f4c7299abfbbf6e98edaaa03195e19217afa5d2b05e13cd5da6f2c3a9a7f4ca9a35619982bc4001288e43db7e356d4e71bbc62a8,CLEAR,DAYLIGHT,OTHER,FAILING TO REDUCE SPEED TO AVOID CRASH,3.0,46.666666666666664,3.0,3.0
12b12eea4a217a7e8a8b9b23d373c785ee887129b77a0805ed86a1cc6df56f459e79cd9c499ef3a1d46cb5abf1800e7ed0bc8eb0937e7690ea242681292e5c95,CLEAR,DAYLIGHT,DRY,FAILING TO REDUCE SPEED TO AVOID CRASH,2.0,37.0,1.0,1.0
12b1558cce260b9540669db45d568d70679ee5b1ddb57607d224cafd5976f9f60a28f2e73081d09fb6507743438b4f3e06d180eefbfd390a22a4c1fb66e4bcc3,RAIN,DAYLIGHT,DRY,DRIVING SKILLS/KNOWLEDGE/EXPERIENCE,2.0,51.0,2.0,2.0
12b165bd61a79028ab1bf29624c58cb3088830b229b1facf14a5cd76124a249e72d93fe5de11db8940b98fa196faa9e70da394c25dae5946ca0f2ce711f16055,CLEAR,DAYLIGHT,DRY,DRIVING SKILLS/KNOWLEDGE/EXPERIENCE,1.0,37.5,1.0,1.0
12b16d98b156ca98221ca9eec96712b3ecb77408c2dc1462be414b01383503dc63de9bf8571459189fafd038547f08b903f60b3a7c8aa1fa67bacd6839165d3a,RAIN,DAYLIGHT,WET,"VISION OBSCURED (SIGNS, TREE LIMBS, BUILDINGS, ETC.)",2.0,62.0,2.0,2.0
12b179db9d2757982217d63f996afb303f95b2fe3c7350b57c51885115ec16c5dd4e4e8d129f2311e93a3eb05b7246bc451f2e6cf84b6cecb06a71de6e00ff30,CLEAR,DARKNESS,UNKNOWN,IMPROPER OVERTAKING/PASSING,2.0,37.5,1.0,1.0
12b1e7ccd9b2dfd407ebb966a82c5a8b8d6b65705648abaf663c5e2bc5ecd3a2f92ed01e001df6a779fda608fa539774773710ece90ccdde456edee677194ec8,UNKNOWN,UNKNOWN,UNKNOWN,IMPROPER LANE USAGE,1.0,25.0,2.0,2.0
12b1f36a90cea4f6a34413888349abb2b8abd51dce44ce3085b9d6522f3fd59d93f9c0b4fb2f843986261f61c1285f57b88d39336e3fd48e7bf8d90048714e4c,SNOW,DAYLIGHT,SNOW OR SLUSH,IMPROPER LANE USAGE,2.0,42.75,6.0,6.0
12b1f8e77507c93179c6dff382edebc9667144c8b0c7fd87bb5d59965a2b298d48df64dc5997b2f17eb2583f8e49ba9e066d1a88e0faa3dbe70cb7b1ddcf1f97,CLEAR,DAYLIGHT,DRY,IMPROPER OVERTAKING/PASSING,2.0,37.5,2.0,2.0
12b21047bfa4f9b3d5e9a7804c46a44e52d5a3ee4944acbdafc8ff5cb848e29d345ccec1c810332a7270eba20657bfd081acba0dca1509f7fc7c943eff055869,RAIN,DAYLIGHT,WET,IMPROPER OVERTAKING/PASSING,2.0,41.0,2.0,2.0
12b21ed1d72954f496d04f5492ec9c3f49a50c100f41a5c1c4e3a48606dbcb7e61a85cd70b8d024e7610e12364a8c863c8fac1e5758dc5473d6a6c901f97304f,CLEAR,DAYLIGHT,DRY,DISREGARDING TRAFFIC SIGNALS,2.0,21.8,5.0,5.0
12b22ccdc24acf9da2466138a7b9159da0ae817673a855ad0a4876dc122ca5614bc85627eb6465007d42c0cfa53dc91c2ed3f9bf0d334ff1d9c843a3dc2a0115,SNOW,"DARKNESS, LIGHTED ROAD",SNOW OR SLUSH,FAILING TO YIELD RIGHT-OF-WAY,2.0,39.0,4.0,4.0
12b2615a2f77c02f94982bf6cd474922da55af33929f27b70bba65d4d57085a8889255d4cc2af6aad76c7697cdb0a6706fd43adbf9464a41142852b6a7f6e867,CLEAR,DAYLIGHT,DRY,IMPROPER LANE USAGE,2.0,50.0,2.0,2.0
12b26c681702840bc0bc042b8bd01399785422f699925f0442b920e314976cdd2ce3282e662506f324fb5645108a20a908511788da123612b5843f6ad878fbcb,CLEAR,DAYLIGHT,DRY,FAILING TO REDUCE SPEED TO AVOID CRASH,1.0,9.0,2.0,2.0
12b2742e830a5aefc0e755c255720fb0fed8a39e5fbbb612a0e565ea7b4a919f89f0c81e44bc1ac0adcd4fa95988d1ee89fb1334049778c7464f36344d275d11,CLEAR,DAYLIGHT,DRY,FOLLOWING TOO CLOSELY,2.0,35.5,2.0,2.0
12b2f2d7ae26d485d7322fb1b0ded45bd1c995610af10a0fe2783593e550249121e0100a76c60b13b276ef8c0c50d20162ef315f624293b56591c8e7c0cd2606,RAIN,DARKNESS,WET,FAILING TO REDUCE SPEED TO AVOID CRASH,2.0,15.0,4.0,4.0
12b3009b208e8c9d566ee40a3ec9e25048a225b141776b74cea7061471d0e53f67eb3180aa15173fa8a0df080a588e887afddabff98d7771089465f00d573857,CLEAR,DAYLIGHT,DRY,IMPROPER LANE USAGE,2.0,40.5,2.0,2.0
12b32c461cfed6d19532ac2b7002b5356cf6c5bef3e1c79dda25da9d2dd014984f2ce6498f25817ed821c129ece3c41cfa267c7ed63b4bf23657e2e3fbbaf021,SNOW,DAYLIGHT,SNOW OR SLUSH,FAILING TO YIELD RIGHT-OF-WAY,2.0,51.0,2.0,2.0
12b32e59fb54aa313e9ac4def6941b672a8344e1ce16ab7b9392507c60429f0c9e00ae2c36be6ffdd535e88fba385be0497dd6f50f5ccd007ead634acea97251,CLEAR,"DARKNESS, LIGHTED ROAD",DRY,FAILING TO YIELD RIGHT-OF-WAY,2.0,32.0,2.0,2.0
12b3369db8a902ac57010096b89af4a32a53949d9c537ef678dafe0b304c64e5459a11e6dfc63e9a1de350db8e2e351a2e4e5f690416f5e2b7c2a0ee0da87be9,CLEAR,DAYLIGHT,DRY,IMPROPER LANE USAGE,2.0,30.0,2.0,2.0
12b33d325b1e49a090053bb70653aa8a832cca7817acecf6915042234bb803c151ef45383c9b51449a8e476ffe0ff9c0a55f1472d7df82aac3335d0f57bd53c6,CLEAR,"DARKNESS, LIGHTED ROAD",DRY,FAILING TO YIELD RIGHT-OF-WAY,2.0,42.5,3.0,3.0
12b35a350dc3fa1494d21290a539f1439e25d0524e50322ab3f69083bc9d8040d3dda8ec32199275a42509f685bdaf5d2a3099d822921dad8028cf6a362da5fb,CLEAR,DAYLIGHT,DRY,FAILING TO YIELD RIGHT-OF-WAY,2.0,73.0,2.0,2.0
12b35c609088d6f45b866b27792b53b839c30fbbd1107c800c2edc71a8012ab353378102b651bcb479a47e54ce874919fd27e305cc77d0caac9dad80368595d7,CLEAR,DAYLIGHT,DRY,FAILING TO YIELD RIGHT-OF-WAY,2.0,39.0,2.0,2.0
12b38ae5c8d9ec37fc87f238819937a5e0eff7260481cf6c31ff6070cfe982ec129bd2572e58ffbcda795c32343d7f3354eebbf5c97d9979a2f6f9d8538c8cf6,CLEAR,DAYLIGHT,DRY,DRIVING SKILLS/KNOWLEDGE/EXPERIENCE,2.0,37.5,1.0,1.0
12b3983e9ded0c3d21e687d44bf49ca46ee658c52d8fda4e6d72c8733e08f30997c631fd1636eb167c71cafbada95d6ade051ad210eaec6321da3365854d342c,CLEAR,DAYLIGHT,DRY,IMPROPER TURNING/NO SIGNAL,3.0,37.5,1.0,1.0
12b3b9eb051d5bf32bc4f46cb47669c6aa435dd3ed3be16a27fd1dd291f92ed11b5f43331bc54afff867433350398bc784cfea107fdec238065a66cc54d3eff7,CLEAR,DAYLIGHT,DRY,FOLLOWING TOO CLOSELY,2.0,32.5,3.0,3.0
12b3bc6327fde1c4c6b90bf75409569736463c2cbb3cdc37d43f6364a2ee1e6f0ef82ef29d5b9abd3564dfd9fb9f5cf8e44f6c8e5d323dfa0653df0dc53064e8,CLEAR,"DARKNESS, LIGHTED ROAD",DRY,FAILING TO YIELD RIGHT-OF-WAY,2.0,28.0,2.0,2.0
12b3d609f773149e6526c687c0fb29f7bdf2b53ec9c6cab1d97dbbe8d80814908b852a2fb17633e609c731b5e51d9fa98a90b7a70144978b231919fb8e41b082,CLEAR,DAYLIGHT,DRY,FOLLOWING TOO CLOSELY,2.0,27.5,3.0,3.0
12b3e7a8ac75358e6c762c2b6f502fc7e3bb310acef857aeb697ff5f0f6f20791a953744e2a6e4db59a757b61986413a68b8b45bd653299ec2e57266a038e98f,CLEAR,DAYLIGHT,DRY,FOLLOWING TOO CLOSELY,2.0,33.0,3.0,3.0
12b3f7277846d8e4e8e4aa0b03d3c63ae4b696a40e9105d07c7fd99ff0902db5cf119ab2c723b86392e8ec08d212298cccad58068ffbdd1efc91a080ce070777,CLEAR,"DARKNESS, LIGHTED ROAD",DRY,IMPROPER OVERTAKING/PASSING,2.0,37.0,2.0,2.0
12b4232fe76c503066b7ac28bc444a18b8fface25fe5b01d33e986e1cff83d853508d2e8b770d12e47d203e6b002ed2ddd9320651e4298b85c5a71506fceb60b,CLEAR,DAYLIGHT,DRY,IMPROPER TURNING/NO SIGNAL,2.0,47.0,2.0,2.0
12b4271771e58ce0d47b9b23fb9ba4ab23704251ebc374440082e73eeb183422909f44c9f45cfabcfc44c2bf7e38ea069f835cb6222b075e3b2031b887c70657,OTHER,DAWN,OTHER,IMPROPER BACKING,2.0,54.0,3.0,3.0
12b46d02a5167366238db9e39bed7d0f48da79e4347d2bf5f9ac3ab7a2ad5789a1780c8d66a9d8e30a3e75b9a1085e643f684847127c749328fea1a15da66d12,CLEAR,DAYLIGHT,DRY,FAILING TO YIELD RIGHT-OF-WAY,2.0,56.0,2.0,2.0
12b483c61b2af99e56372da0d4ad80c23176ca35025c8e4bfa400cf2b2f5f78f6b4ab2e0a5909b83e74c501cab170220714e3f56a89a08a762f7894ec8dab29b,CLEAR,DAYLIGHT,DRY,FAILING TO YIELD RIGHT-OF-WAY,2.0,42.0,2.0,2.0
12b4c6d2398c00cbf0c0f8ed70253b567f82d9101fc420eaa0cf2962932c1918ac6f81d3a4e6df314a9923854438eba01787e4f4f87566808f942e6f71d33270,CLEAR,DAYLIGHT,DRY,DISREGARDING TRAFFIC SIGNALS,3.0,37.0,3.0,3.0
12b4ca5e52da416f037029be16867cd87307271cdb353ad0528e51950aca8fc4b603edbe00454f43d87fc65db9ae68b418da6e341b594d1ad31a3c68d80e26bd,FOG/SMOKE/HAZE,DAYLIGHT,OTHER,EQUIPMENT - VEHICLE CONDITION,3.0,35.0,1.0,1.0
12b4d3482b1fd589d7c3406fb0ee314c77c5b0a554cace947902e9351ef0fccce654a3d9e9a024c62c74bad3c8fe7d99068f3bb92957d9cc212f0bd263ce26e5,CLEAR,DAYLIGHT,DRY,FOLLOWING TOO CLOSELY,2.0,29.5,3.0,3.0
12b4e7d7480832979e5846217b65c64c20cee673c50464e88b19244eee7752fad865738706b8e64023ebb9b7dd0a1e93a8f7b4064e025aa077d54934c645a630,CLEAR,"DARKNESS, LIGHTED ROAD",DRY,ANIMAL,1.0,23.0,1.0,1.0
12b525affb5a72181a4a018f22c4954534a7d9f6ae83b05775d40666a41df589cb43123dec4ccc7dde82c8695119aa16844602e7964e062cac770d33daeb2994,CLEAR,DAYLIGHT,DRY,IMPROPER LANE USAGE,2.0,38.0,3.0,3.0
12b52921a1317f53bb8dcfdd09ebc4e0ff419fa2834d95232c62ab65259f2b46e5ab1fc17c1cd5c7c7991f04d4cde7ae2773959237d6d9cd18c6c13ae852627e,CLEAR,DAYLIGHT,DRY,IMPROPER OVERTAKING/PASSING,2.0,49.0,2.0,2.0
12b54498580df8ff82b158529a5e0351c56fa35dff186aa533fdde6790d7e980da79f5a60efdadbaf9bc037c6765002c5687fa0b9c3d8af1724d15bd541f9078,CLEAR,DAYLIGHT,DRY,DRIVING SKILLS/KNOWLEDGE/EXPERIENCE,2.0,54.0,2.0,2.0
12b547b750c5abb84fe818f66cb814be091788e4c22a5582bfd9e0af152e96727d18dc43dde7250d0ea92b12ce309000083003afdd31ab1ca8610657243cedba,CLEAR,"DARKNESS, LIGHTED ROAD",DRY,DISREGARDING TRAFFIC SIGNALS,3.0,36.5,4.0,4.0
12b54bf3f81c7f9d9188c0c10aafc974616fba913e674f8c11008748701617ce150740304151d96e41bfc389f84e67ed4c0865090ad4a70b0d0ca4d795c704c0,CLEAR,DAYLIGHT,DRY,FAILING TO YIELD RIGHT-OF-WAY,1.0,59.0,2.0,2.0
12b559b8b4b217034831a4cc9f4dcf70460203aaa4611877828819541a08b722480d82858d45c580f81e196dc0d1b6d173c33a65cbdb0f320ff59d07a532e34a,CLEAR,"DARKNESS, LIGHTED ROAD",SNOW OR SLUSH,FAILING TO YIELD RIGHT-OF-WAY,2.0,32.0,3.0,3.0
12b55d310f60220ee6da00b580a93d95f8c1206edc951e2f0abe8fe318990ab75eb41fd8d72b00383eeb912390bd5f785fe5657d1870630ab0b48e0fd6ef868e,UNKNOWN,UNKNOWN,UNKNOWN,FOLLOWING TOO CLOSELY,2.0,18.0,3.0,3.0
12b592794fd8686e920c53351cea5e6c2f1e8683cc25ac2f55b7d8898024ac6cdec35b813b5f18335771c4d0da2bc96799b57f5465fdd3ff658c7bd729c12ce2,CLEAR,DAYLIGHT,DRY,DISREGARDING STOP SIGN,2.0,54.5,2.0,2.0
12b5aeaad4a47de975f41b9f36e5ed601628213e8de9db8b3788ad016a03613327da4409ff42d8c7956059211bd82a1d347462de9f0f0ddb999d4a2c7718d31a,CLEAR,DAYLIGHT,DRY,FOLLOWING TOO CLOSELY,2.0,44.0,3.0,3.0
12b5cc8055fcb8053965efdb079ddcc4d800b6c2a593af0f93cbbeb214b58879432df930551925bd7b741af1c3ab1b2db4a31dbf4798fb8742085ecbb117f99e,CLEAR,DAYLIGHT,DRY,DISREGARDING STOP SIGN,2.0,36.0,2.0,2.0
12b60bddb868b8b552030d7c429e2298d192b04b5a45509dbb9addaf99818d429c29ca8c29cbdcfa363ba8f975fbfdd7f541dbc409e42a59c9ec024cb1579201,CLEAR,DAYLIGHT,DRY,IMPROPER OVERTAKING/PASSING,2.0,59.0,2.0,2.0
12b6143c86e32281c434133c427ed4bf0246feeac11d440f2097196e155cf611a3f2a9d3575780eecb2ae69eb8bcd4adb65c479e5bc93d52c7db212420bc5961,CLEAR,DAYLIGHT,DRY,FAILING TO YIELD RIGHT-OF-WAY,2.0,49.666666666666664,3.0,3.0
12b639bb9498777d3d3c2973d187f4fff9d779b37b636d1961ccf87f9f3dc368854615b264672f5de37a9dd62b51e709be0dd7d0874e63146cdfb51a07212a60,CLEAR,DAYLIGHT,DRY,IMPROPER BACKING,1.0,52.0,1.0,1.0
12b64d4057d5c4245ed4877d3b3dc0b6b9b4b2a1a55279c3aa28b4b6a8fd9f3ea1250bb2056df31881563438ca44cac7769830154fc6608761de3e6920cc9854,CLEAR,"DARKNESS, LIGHTED ROAD",DRY,DISREGARDING TRAFFIC SIGNALS,3.0,34.25,4.0,4.0
12b65ae6289b8454cedc8064c75fe31d44742118e753d087533601ca8f4a745ac068b5b4a26883acbf38d49d1d040ed742e4389458325c428cc55776fd968321,CLEAR,DAYLIGHT,DRY,DRIVING SKILLS/KNOWLEDGE/EXPERIENCE,1.0,39.5,2.0,2.0
12b67985fc8473518961f6b902da9c2e3bc314d3af5dfb1120f2b8c9a754469e91b1472109e3837699d2d024d9deec431cdc03724a87f23c7496a56a47f25c84,RAIN,"DARKNESS, LIGHTED ROAD",WET,IMPROPER OVERTAKING/PASSING,2.0,56.0,2.0,2.0
12b6a09eb66e88c7896a8771d965a7f54173ec3f64866ad60cf9d7de3a597a91a2a88b1d325e32986892bbfa60fe7914698010834769f6d41ccac421d088a839,CLEAR,DAYLIGHT,DRY,IMPROPER TURNING/NO SIGNAL,2.0,49.0,2.0,2.0
12b6d5937b0f52aafe5c961c55820d32df706562e3f6f26c83c4b23c084941625f1d7bdc207a26a7accbda546bd88c2bc3c40aa1faa9eee285f3d50167e16f9c,UNKNOWN,UNKNOWN,UNKNOWN,IMPROPER BACKING,2.0,37.5,1.0,1.0
12b6fa576a0c497c7b27ce1349ccd0aec25dde5780ac0522e2e640714e0b6121cf6a1cd1c6a846de6226c5fc04120603dfeceb7e76fa25f28bc3d8907c4fe91f,RAIN,DAYLIGHT,DRY,FOLLOWING TOO CLOSELY,2.0,23.75,4.0,4.0
12b703bb118e97efead41c2c7b6b6841738552f95d7ada855a77f894e5c67675228905e5676f51afb21f27630b8f4827149de91d7566728ed31d85c7921acd43,CLEAR,DAYLIGHT,DRY,FAILING TO YIELD RIGHT-OF-WAY,2.0,29.0,3.0,3.0
12b717d88116251d19681ea8d7ba1fb855a8b98077526dfbd55a878e04a91a4ede2b91436ebd11d7f0e4236bc4ea99cd0eec5d6d02ed19021348466727b4b314,CLEAR,DAYLIGHT,DRY,IMPROPER OVERTAKING/PASSING,2.0,51.0,2.0,2.0