crash_record_id,weather_condition,lighting_condition,roadway_surface_cond,prim_contributory_cause,total_vehicles,avg_driver_age,total_people,total_injured
12b75f7f3a46c6b60178ad4429142a039658bdfb5ae8e4729e0553ec17217463470f224d3726ff4ab980797e92804b2882825e57742714dac29bed15a84f167b,CLEAR,DAYLIGHT,DRY,IMPROPER LANE USAGE,2.0,48.0,2.0,2.0
12b7706cd7b0240a855f504eebb3d6a01f48d57de5c7872faafc101f93f5682c936991ee83dd87f56c1c957183e8d46d07e7ab7d4fc83dea2104d27327a5cec1,CLEAR,DAYLIGHT,DRY,DRIVING SKILLS/KNOWLEDGE/EXPERIENCE,2.0,37.5,2.0,2.0
12b77893760183747e9d547f7b3a250d9843501056dfa637c183dc523d128594f969199a0008b98f46317fb8ce93f2da19b5d0c58d7c529d052d86ade347dfd4,CLEAR,DAYLIGHT,DRY,FAILING TO YIELD RIGHT-OF-WAY,2.0,49.0,3.0,3.0
12b7a0504b9d0293792b693cf01ade30a0f8b946bf25fc6d81d1ac087c0e0fe555eb11e149112bf56f5d3aa2650b1f179565dbb4c91e14721cd4da3f9e3e5c46,CLEAR,"DARKNESS, LIGHTED ROAD",DRY,IMPROPER OVERTAKING/PASSING,2.0,32.0,3.0,3.0
12b7ba5aa26db9bae58df8cf5a156c3129caab1c01bde51c86b4bdaf32aa004ed3b752683dd297b3afc3f7cc23a32100fc8552d1b0a74c3892d1e9f3b2a25fbb,CLEAR,DAYLIGHT,WET,IMPROPER TURNING/NO SIGNAL,2.0,32.0,2.0,2.0
12b7e34f519312363ce404b7d3d2dace8b52786ec4dab1b8b608d4378a09fb22aa6e4d0a4c7d8bc98d4671a114c8ce2187f21173dcf23b6a8db6298dca292933,CLEAR,DAYLIGHT,DRY,IMPROPER BACKING,2.0,37.5,1.0,1.0
12b822a3c7f563783d60f73bd2f1a032a7710425eaeefc79bd418554e0fd762f534e9fcb71abbb945bea815b04c6ba06133ab85bff7567c9910e8f8d30dd2c53,CLEAR,DARKNESS,DRY,FOLLOWING TOO CLOSELY,2.0,50.0,2.0,2.0
12b8bc998e60cf548219891738f2e720ca225d7719485f93efddd06b89689d22fe43b4f2086d585fe139a56b1b8169f039c050f1823a1a6b01e298af472b9826,CLEAR,DARKNESS,DRY,IMPROPER OVERTAKING/PASSING,2.0,21.0,2.0,2.0
12b8c1cb5ff019145b408e152c953f3a17fd05b4e216f2436e7783aa2f4c8503a5ff2a9b0b92bcaa69d749013090a5a0ff2123fd216aa5d91d2b37b29b984229,CLEAR,DUSK,DRY,DRIVING SKILLS/KNOWLEDGE/EXPERIENCE,2.0,37.5,2.0,2.0
12b8d60237e34d11487f937fd7359871d7265e60131b93298eace5106af09cedb450ac753fa6fdfe5e40809d06f3bb75b73b789de2dca1b00d046c971144a63f,CLEAR,"DARKNESS, LIGHTED ROAD",DRY,DRIVING ON WRONG SIDE/WRONG WAY,1.0,21.0,3.0,3.0
12b9368d6cce0559149412a88900b9a2892117dd211e330c83a58a6f0b0775cc55645a76684cdd381cee0df3c455bf0315280d78460570b53a9fa4a774492304,CLEAR,DAYLIGHT,DRY,PHYSICAL CONDITION OF DRIVER,3.0,66.0,1.0,1.0
12b9371e85d6ff0445b5b2b9aa74b66eee3100752db1d47e6f9cc34830803009859fdfe9a0fa7a8a48ad3e34fda5549d143f513060eb0ac842bc7375668bb118,CLEAR,DAYLIGHT,DRY,FAILING TO YIELD RIGHT-OF-WAY,2.0,46.0,2.0,2.0
12b94ad4dc9890187d049b9c3d1862e00f533494a295521f07ceb2bb410bac03e263e7486d2c5e305015b3d46e56d2b6027ed37ce219fb43ae9ab9adf8e690d3,CLEAR,"DARKNESS, LIGHTED ROAD",DRY,FAILING TO YIELD RIGHT-OF-WAY,2.0,31.0,2.0,2.0
12b958df68e9ec8fd2d6655e7c7d7d075769378d995047eddbe6b1da1bb00e14777e6bdf2cbe7909d914a2f57743a4a839cdf6e333f1886195af4c50e5aa8b6c,CLEAR,DAYLIGHT,DRY,DISREGARDING TRAFFIC SIGNALS,1.0,31.5,2.0,2.0
12b97d60a74a763f1483613e3abe1b0e0e1802a7c4ea024a01ea5c0530ca0b168ac7ea7724da0c807185917dca2f9d7aa04fb3f680889c4131f7dcae79a08ca5,CLEAR,DAYLIGHT,DRY,DRIVING SKILLS/KNOWLEDGE/EXPERIENCE,2.0,37.5,2.0,2.0
12b9ad033286840708602120d517c2c7c975b273ec3add8f0098a3795decbee01663ac0c6e5ff79fa85a025fc61144a3295533e0b8f225015288c32aea204b3a,RAIN,DAYLIGHT,WET,FAILING TO YIELD RIGHT-OF-WAY,1.0,77.5,2.0,2.0
12b9dc6fec04137fa1c1e420e92b14007c842c20fc19a5135116f2fef362e14bf11c6e7b545b84ee174b36e006f6116efa0868b1fa34ba7239cce99730b8fa97,CLEAR,DAYLIGHT,DRY,IMPROPER BACKING,2.0,30.0,2.0,2.0
12ba2e3ac31a5822fb7d1294e8473375804afb405bb6ceef8af6146c35b384acafb25efa776b1db5991dc56725e85397d62e6b51ef24f95f3589f00012b7bde9,CLEAR,DAYLIGHT,DRY,IMPROPER OVERTAKING/PASSING,2.0,24.0,2.0,2.0
12ba44e88489cdf676556f1bbf61dc4c5eb6678d82e49aff8ed2a8aa80ddb88311814cf7918d4fc5f8ed6c135f6ab0cb872694f864578912666a90b0e6aecf3f,CLEAR,DAYLIGHT,DRY,FOLLOWING TOO CLOSELY,2.0,35.0,2.0,2.0
12ba5015bae6b27807b062968239265a105c46001920e0940615d52c64831119e080611997c2e3024ee1fafa8159ef7a9cb07df80f0add41f666a19ac460275e,UNKNOWN,DAYLIGHT,UNKNOWN,DRIVING SKILLS/KNOWLEDGE/EXPERIENCE,1.0,56.0,2.0,2.0
12ba85ea3c40560204d0c9e3dca43d49bf83dd81e6fb213638c07d8bcbf39a57d4c1e0a4c39e1b3da237c6a2e48e280cbcae11027231335a737a701614c4784d,CLEAR,DAYLIGHT,DRY,PHYSICAL CONDITION OF DRIVER,2.0,53.0,2.0,2.0
12bad5c2186b8caf7f6e71b904062666701e3ffdb9d78fc5c62f5e17f02c1fb846ef2e2840de448ebdb94f59aaff1d942ecc5e80da3f02bec76d1be2bd85a05b,CLEAR,DAYLIGHT,DRY,DRIVING SKILLS/KNOWLEDGE/EXPERIENCE,2.0,22.0,2.0,2.0
12bada2173321ac4c6e658e6a7b79504fb9d2bc82eb847735f367a6a661a7656a58a397df1d6074c3c513179461e5872dd9e471d0d1c71a3aa074ad1d5db423c,CLEAR,"DARKNESS, LIGHTED ROAD",DRY,IMPROPER OVERTAKING/PASSING,2.0,53.0,2.0,2.0
12bb5278d9eaf11f447f9396014adf63db1582e066907740bbc1c06efb8b5e9227e887df5774e46fcb1090b6263e24558aa3ff543272e689242ffc6cfdc8fa7d,CLEAR,DAYLIGHT,DRY,FOLLOWING TOO CLOSELY,2.0,41.0,2.0,2.0
12bbaec33444d6fccc8ad9535ac9f93e3add28f63312115b03c6f8f65cdf15cd07154ffce5a8c903e2d64631e4a8b45d288c087dcfcf84c7ac9f3522b7e6adaf,RAIN,UNKNOWN,WET,IMPROPER BACKING,2.0,27.0,2.0,2.0
12bbdd727e4a57d930bce16a6fba467f26e7242ea5c51e5864094ec4420193597a57c9b681bb083f2dbe1d9479bee39bde1f5331e1cb38034f771bafa393a9de,CLEAR,DAYLIGHT,DRY,ROAD ENGINEERING/SURFACE/MARKING DEFECTS,1.0,61.0,1.0,1.0
12bbfa34d434cdad46b2c9d1ac955aad4f76f842fadadafa16829842d2651a27229dbf07d284cbe72073ed4908df07cf956199cc50668d39cab6082d93da4b13,CLEAR,DAYLIGHT,DRY,"OPERATING VEHICLE IN ERRATIC, RECKLESS, CARELESS, NEGLIGENT OR AGGRESSIVE MANNER",2.0,56.0,2.0,2.0
12bbfabbd844df4ec63e17a97293639358726e7b56efe31e0fd29a2b98ee1673f31077be9d50ef4b082adbedcfa7822acb51ba6bf7ee1310339cb9cb07666f53,CLEAR,DAYLIGHT,DRY,FAILING TO REDUCE SPEED TO AVOID CRASH,1.0,37.5,1.0,1.0
12bc322ad77b67812d59b58bc6b9aa80be84b2f70e8854040acc92b8dd9b531ba96a488424b3c2d448ec83e79324e668f6997674db601da3bc3d132c020f2c75,CLEAR,DAYLIGHT,DRY,IMPROPER LANE USAGE,3.0,33.25,4.0,4.0
12bc398e8d29d6b108786982eb75b510be6101bff42295ba5b1641ecdc0f5a42029807b33c9c2f07466adb434ea3e2f419936314d8afc76c72a508ab53efa93e,CLEAR,"DARKNESS, LIGHTED ROAD",DRY,FOLLOWING TOO CLOSELY,2.0,62.0,2.0,2.0
12bc4ff84179c9a39d9ff31704643fea6b4b086fc179bd048e820984bdf31a40e860bbd9428a00c2721093e587565c80163f37c2865be612b159a3a55f4b104e,CLEAR,DAYLIGHT,DRY,DISREGARDING STOP SIGN,2.0,48.0,2.0,2.0
12bc9d7bb86fb87ed5a5b68eec1e3f5d122426e0f841c1b2c4cef78b4ba542ef95a2680dd17e91bc06fc0f4f248d4bdbb7889212fca6d3921e1e472e5841e494,CLEAR,DAYLIGHT,DRY,FAILING TO YIELD RIGHT-OF-WAY,2.0,31.5,2.0,2.0
12bcb28be759e160a9e9472cdf949b49f9c031e76e8a37772083171db46e9ff70912ea5dc8497279bfb3cd22562729434b6a12d2093d577834560a4fb91fb8a3,CLEAR,"DARKNESS, LIGHTED ROAD",DRY,IMPROPER OVERTAKING/PASSING,2.0,33.0,2.0,2.0
12bcbed441a385b74f3272768dcf3a020f8dabfd0afe160362b1557f9d0d18b3dde34f53c02529a2985d13834fa0306a8268292c42f87b74bb851c74b5243495,CLEAR,DAYLIGHT,DRY,IMPROPER OVERTAKING/PASSING,2.0,42.0,2.0,2.0
12bcc5bda66f07bcfc27cbfef4bc78603937ab5eb09a10584c06a608626dd2a4e32ae60f7e90cf3eeba851fd32e8148d174792165ec753a151f7d86388d86ba3,CLEAR,UNKNOWN,DRY,IMPROPER OVERTAKING/PASSING,2.0,49.0,2.0,2.0
12bcce572b30b28e3e573344a63d781695abdf2cbbfde20db1af229d4189a877fb04e7cf1436af93949bf3ee30713e6b91e04367e75540c77af6a10f8f98ab5e,CLOUDY/OVERCAST,DAYLIGHT,DRY,FAILING TO YIELD RIGHT-OF-WAY,2.0,37.5,2.0,2.0
12bce5a99440e462aa3af428d5ea142b641422fb5302ccc49deafe33c5141ffb1062eb9d03fd5f0e63f66fefc15a3439c6e6a8209df4828a9a8c044973538e4f,CLEAR,"DARKNESS, LIGHTED ROAD",DRY,DISREGARDING TRAFFIC SIGNALS,2.0,10.0,5.0,5.0
12bcec808d1bbf7bf759573e39d09a4a7db45f0d4802ebfb8fefc399f3db4e0e9863fa4bd7e9687375ed18ef40b92696ef03127b6b67b91b5b28e75cb640eabd,CLEAR,DAWN,DRY,FAILING TO REDUCE SPEED TO AVOID CRASH,2.0,56.0,1.0,1.0
12bcf01de48b5fa794a0fe81ca7bd0b9be8829493b15c9cd1a7c6e64616e3f69a53ea9a99daee8654406ab935b7d9ba886a800b872402565cff90518212dff6a,CLEAR,"DARKNESS, LIGHTED ROAD",WET,DRIVING SKILLS/KNOWLEDGE/EXPERIENCE,1.0,37.5,1.0,1.0
12bd3c6aecbbcf3d24a29f185230c4f08d5caeb408695620b968db3790b7b993a46502af8a8a0593741b13adc1298980680a58d0fb514f8c4bbf2ded6688a35d,SNOW,DAYLIGHT,SNOW OR SLUSH,FAILING TO YIELD RIGHT-OF-WAY,2.0,36.6,5.0,5.0
12bd8238acb55cc29fa5305532349758ba13fbf629ed64253c72518ee0afe86565e5c94d8d48fd68c1f7e5c37b55b811a264783432ba33c0ae49d6fd0ae32075,CLEAR,"DARKNESS, LIGHTED ROAD",DRY,UNDER THE INFLUENCE OF ALCOHOL/DRUGS (USE WHEN ARREST IS EFFECTED),3.0,29.8,6.0,6.0
12bd95487580ad48e1b2a424613fa1d33220eae9e380f6b6e3197d2e26d0335a6b9a9087954c70da1a926b91b1284f317d05ad76a94dc94a417f4945ebeeca4d,CLEAR,DUSK,DRY,IMPROPER LANE USAGE,2.0,69.0,3.0,3.0
12bda824afecacd90e571f46117d7c3c2d56ee7df9f015f30357fb4feeedf20d35acf44e126b19a9e29d402ba78dbd66af914d3754b90f3135a6dfa86b83912d,CLOUDY/OVERCAST,DAYLIGHT,WET,FOLLOWING TOO CLOSELY,2.0,44.5,3.0,3.0
12bdf5d9a187c0a48b9e1035971a02a544556e9684e647407c6c20e0d5d040f32ebdf4a5b5f36cbb5bf76da870d3e68e36462a4a6030f53f746dab9165f14d66,CLEAR,DUSK,DRY,FOLLOWING TOO CLOSELY,2.0,42.333333333333336,3.0,3.0
12be0ba38ce4f6a3f88c488155f5363af7206831a66d06b3945188577e6efd14995fcfe93ce10f73228c5ff4d40b2493e4b4de436782905e7dcd5e7defbe9a66,CLEAR,DAYLIGHT,DRY,IMPROPER BACKING,2.0,25.0,1.0,1.0
12be190153400cd2f65de0bc0394d35db40f61d6f6910f692b0344945b1fb96891b6bf8edf947b50b358939c4fa1e654d6b061adf3d09d48f8d44ffa17d5e50f,CLEAR,DAYLIGHT,DRY,FAILING TO YIELD RIGHT-OF-WAY,2.0,35.5,2.0,2.0
12be31e4a84c076306c7134a7f3d9be4e6ceccb495bbbd31c2d8994134b01d08cce729b470f6bb39c92a89fa32d000243a621db3bf7c2f31c1f911f6bbf771dc,CLEAR,DAYLIGHT,DRY,FAILING TO YIELD RIGHT-OF-WAY,2.0,83.0,2.0,2.0
12be36bba131be4723fbd2ae2ecfe03508f112d71ed64cf48bb904c22365a5b02a709f3952ac074e925b8ac74cdbcf7bdaa0a17f370f2156f2a6dc7f481e32ea,CLEAR,DAYLIGHT,DRY,FOLLOWING TOO CLOSELY,2.0,41.0,2.0,2.0
12be74bf565e7a396a5a7c5c8727d8eda2336d41edb851571605d0b43455698b993b4649392019e82d21bacfa9c22e41536b674a34a627fcb23b25066a4222f2,CLEAR,DAYLIGHT,DRY,IMPROPER LANE USAGE,1.0,20.0,2.0,2.0
12be83f3bdf8ea7a3eb9dbd752ec9795c88599ca6ac6a467ca078b8556de5b4c7dbbea3f22e3071f1009350a3aae75e425b24a648a6bb8ea0b0c93bd2bd2763d,CLEAR,DAYLIGHT,DRY,FOLLOWING TOO CLOSELY,2.0,22.0,3.0,3.0
12be89b4cee773ee57bea5386c0365eb9b28549a03cf558a460aefdd19fb56e03c8d02dc510d2cd26948547d9635355447f5f502dde3ed8b415bc23ca182d4ba,CLEAR,"DARKNESS, LIGHTED ROAD",DRY,IMPROPER TURNING/NO SIGNAL,2.0,45.0,2.0,2.0
12be92ea4f8db4a2fcfc8f8a37c937bdd352d8a500f82f40d0fa1e29f0f6bae9c00cd1376edae2f6bc7f1cdf5dd8a3a0e9682eccb5cd795184241ffe92a4cdc7,CLEAR,DAYLIGHT,DRY,IMPROPER LANE USAGE,2.0,30.0,2.0,2.0
12beaf98ac5a651994cfa4ce4733b651b6c2f37ce3e8da22e4260a8f314bdf745acc1e4210e68749dd8e4c09420ab3cf7bc831e8e820001db6e71c679be3dc0d,CLEAR,DAYLIGHT,DRY,FAILING TO REDUCE SPEED TO AVOID CRASH,2.0,39.0,2.0,2.0
12beb53f4a19fffadc8fadaccde4add410209f8211449cf45419b0adbfb56c02050e814484e9638bd982be4c703c79f5709264280546369a50ac5619f6b8b1e3,SNOW,DAYLIGHT,SNOW OR SLUSH,EXCEEDING AUTHORIZED SPEED LIMIT,2.0,57.5,2.0,2.0
12bebde76165f91548973d48455a8e398b70afd17127b52736642062bf71de188c38c46a2732878569248e8ea9b1283d0ed0e20abcde94fd332814c93c7fecb9,CLEAR,"DARKNESS, LIGHTED ROAD",DRY,FOLLOWING TOO CLOSELY,2.0,31.0,2.0,2.0
12bedcce82fdf488f2bd1f29bc890fc012d769021818814b4ee7c6eddf6fdc3dcc174d495d75f6bb99e790735583aa4436c263d228908d4ca3ebccc643911e58,CLEAR,DAYLIGHT,DRY,FAILING TO YIELD RIGHT-OF-WAY,2.0,27.666666666666668,6.0,6.0
12bf0f3f797172c2ef183011801cb66503b48975b021e968b3c7a748d931ed961e28a5780b7d5e2458eda1c5885cf0e8b75bcfce6e6b7ea4b3db48e43ab8ba06,CLEAR,DAYLIGHT,DRY,FAILING TO YIELD RIGHT-OF-WAY,2.0,33.5,5.0,5.0
12bf14fb8cdffed4e0a84bec241626181094a5248e02603edab7894a7873916c45903ebf5ec4cb2dc0e7c0cdf6b84a6b23185d60b95a08de958b7aa72042d1ec,FREEZING RAIN/DRIZZLE,"DARKNESS, LIGHTED ROAD",WET,FAILING TO REDUCE SPEED TO AVOID CRASH,2.0,37.5,1.0,1.0
12bf973b97ff77929befb836726eccc60e3758d806f897b5e684da47bea240eed9eecf78b2d679895dafd3d47097d753df5630f69049bb18e71dd6d461dfbe83,CLEAR,"DARKNESS, LIGHTED ROAD",DRY,FOLLOWING TOO CLOSELY,2.0,61.0,2.0,2.0
12bf99f58253a1beab36a94b437f6a17fa03a5230126ad849f16ce502d19b4de3756ca044a80cae2557ea1fd57894161b3077c614e5e420aded33edf2b62a778,CLEAR,DUSK,DRY,FOLLOWING TOO CLOSELY,2.0,37.5,2.0,2.0
12bf9d248d8bc5e97dff6d14c75dfd4f3233c82ef7a8f81e6816d0792f405681c2305de01b0ad4afcb7c64722e4f4cd455f442c6b12eae0d2e9be6459d09528a,CLEAR,DAYLIGHT,DRY,FOLLOWING TOO CLOSELY,2.0,36.0,3.0,3.0
12bfbb5d305a8a24bbad68d340b083580db5ab4715223a66c8673adf1bbaa204e7a0ef21e711d43be21a3f6b121f073336f8d5c8ff1df85afaf8c5958b0829cc,CLEAR,"DARKNESS, LIGHTED ROAD",DRY,IMPROPER OVERTAKING/PASSING,2.0,61.0,9.0,9.0
12c00f54e362738fb44069a792a48d108a17e8622cc6f4e7f358d6e52c35971a64c4844635a4b0d274cb2c2a0328fc601bdca6b5efd6282f26718988e9a5c252,CLEAR,"DARKNESS, LIGHTED ROAD",DRY,FAILING TO YIELD RIGHT-OF-WAY,2.0,31.0,2.0,2.0
12c0188409dac4e63c98b464c5fba2eedf079e96e6dbf5c1005eb33732bbca9d6e47d3816ccd33353438d8d9fa92ce2d36654290c6839f78283a2d2cdb0b32a4,CLEAR,"DARKNESS, LIGHTED ROAD",DRY,FAILING TO YIELD RIGHT-OF-WAY,2.0,23.5,3.0,3.0
12c0335254003ae3a1f121cbaef919687bbcb1bc132f4d8b893ee1965e48534b782c9a26f81e5de40fe67870de2d3abc8e5a41a6c1a498fa41a8bb6751ae74bd,CLEAR,DAYLIGHT,DRY,FAILING TO YIELD RIGHT-OF-WAY,2.0,67.0,2.0,2.0
12c03857e856c85bd14236a731ae6163158ac0ec973dec6982f3e98abe510ae45b9865fadd6f1e6c1506695cc9521c31bf1a2a277b558f36a1775440031bb109,CLEAR,DAWN,DRY,IMPROPER LANE USAGE,2.0,40.5,2.0,2.0
12c03abfd91942a8d29f13525ac024234d2c48e70417a9f89df93680ce28082f866a80694042331947cb53fcf1fa57456638066972e58058f68da94227109767,CLEAR,DAYLIGHT,DRY,IMPROPER LANE USAGE,2.0,42.5,2.0,2.0
12c05405fd8e973befa5fe0214482d81859433070618c0e881bbc257f7af496f747404a41d393c81ef792f48d7436cd82d8e3442c00e7c91dbdf040ebc390b95,CLEAR,DAYLIGHT,DRY,DRIVING ON WRONG SIDE/WRONG WAY,2.0,28.0,2.0,2.0
12c05413f161fe923d8e5b2f98b9b74f393ee9f476a23f87546d123453b9b13f2a87aebe24167a1434295c766a2ea33655fc97bd8955410daf96e1f9302ab431,CLEAR,DAYLIGHT,DRY,IMPROPER OVERTAKING/PASSING,1.0,37.5,1.0,1.0
12c05dd658e7407d154edd0227958ec6357118f454cf1b34c3ec2aa2976c845a0f672960f6245a78ae21c78c23adac9cdda0f671e450a48c3e1292b73adc6576,CLEAR,DAYLIGHT,DRY,EQUIPMENT - VEHICLE CONDITION,1.0,59.0,1.0,1.0
12c07d99f6dd8d4e8c3c27d0dc0693c54774a86afe071cb26e0143440d9acefa85fa3f3229ad5f45992b7c6dc74e1a8573550b5b79721e4a24fc27fcf889844d,CLEAR,DAYLIGHT,DRY,ROAD CONSTRUCTION/MAINTENANCE,2.0,31.0,2.0,2.0
12c085e05eec8e51177fbdeca5e8c50e37b45727e738a95327c7fea7d85698986304fcb4ff5e1cfaa51b82aecf56a5b12d689aa3796388f4f96a2d858be1935f,SNOW,DAYLIGHT,SNOW OR SLUSH,WEATHER,2.0,47.0,2.0,2.0
12c0876095babd36dc5881406f535b37bd364fce61483b3b74f0580d3c50b26eca25ee4238fee7e5b6f155be25108cb843c14df94f0c60bd11beca7e2bf090b3,CLEAR,DAYLIGHT,DRY,FOLLOWING TOO CLOSELY,2.0,50.5,2.0,2.0
12c0add701e5149fb30f8910dd47b084855fa31ba97e070a512694a9c02564e9be78dd17f546f8cd2b017f2a84d834fb16878d6df0c0ebd2bc78506839152477,RAIN,"DARKNESS, LIGHTED ROAD",WET,IMPROPER OVERTAKING/PASSING,2.0,43.5,2.0,2.0
12c0b1b01c0d19ed430d5bc7d18989d11df7cda2eec568d15fb599d28e6cad6a90622cb3302c2c56d4d4dce28bdec2584da532b850531ad5f61469cf62f591af,CLEAR,DAYLIGHT,DRY,FOLLOWING TOO CLOSELY,2.0,29.5,3.0,3.0
12c0bead1010f9b8ced70ba11576cfadf67bffe8a260b49b89f4adf7445c449c6326b418cbc847b4fde35e439339a121e1d97096474355264995e96f42763702,CLEAR,DAYLIGHT,DRY,IMPROPER TURNING/NO SIGNAL,3.0,32.5,2.0,2.0
12c0ccc95bb0792e4c41eb78daacd01228c4a995bf1e44f3e2b2e69117fa61b5c1d72d5a0e506c4f567c0b9ef11d652836d2e029e2507946fbd6d3e293ad0cfd,CLEAR,DAYLIGHT,DRY,IMPROPER BACKING,1.0,37.5,1.0,1.0
12c0f4839ecfca00f9d0f8188f96f3d04652f7c36b70df776358b963b72c3966ec2fd94b7efd72b8a6fb43a6e55dbaf3c9df38162a3a832f311e778ad1b6c796,CLEAR,DAYLIGHT,WET,FOLLOWING TOO CLOSELY,2.0,45.5,2.0,2.0
12c103a59df43f4146fc35049b6b63dc4e76a2fffaa10f25bf6ffe41aad69e7a2620f4a7b6deb4f6d586c456db9114a86b88a549ec820942464115606a1005c1,CLEAR,DAYLIGHT,WET,IMPROPER LANE USAGE,2.0,63.0,4.0,4.0
12c112419fcf71fccd00982d54d2868ec2da4653ec35c526d126c3963620aeed2ab5d60ddd0072a348e276b8ecb8de99724a2e722d954cb4f36500431ee30855,CLEAR,"DARKNESS, LIGHTED ROAD",DRY,FOLLOWING TOO CLOSELY,2.0,26.0,2.0,2.0
12c116eef541b046d02908570d323cc32186342ac8a45574f4713ae7c51caffb2efc1e8c987e93ebe544fadccbb395e5d85567b05823b519ff8f0b97ebc2fdf2,CLEAR,DAYLIGHT,DRY,FOLLOWING TOO CLOSELY,2.0,38.5,2.0,2.0
12c11da7cc9d821a0ddf0edc55708de829ba4ce6fb05576401a4c5951a301f0423f9faf4c210df330865973f5de0d643abde8e4adf23b95abfa284c43398025f,CLEAR,DAYLIGHT,DRY,DISREGARDING TRAFFIC SIGNALS,1.0,24.333333333333332,3.0,3.0
12c120f815936c18045a75714fe047f76b7f0b6af7eb0e2d7f7af96d9e8607f900ef2cf55c0089ec2143f4b145baf8b7c9eeb6a8b434487f59a67f2c7b1d2e3b,CLEAR,"DARKNESS, LIGHTED ROAD",DRY,DRIVING SKILLS/KNOWLEDGE/EXPERIENCE,4.0,41.5,2.0,2.0
12c1248fdb15a39563bdd196f56dfbc7c5be0e847a45bab175bf66d5083a7a881fd30d73f606957cd6129596c1cec71fbe2af5ce01defcfac92c303e76d58a8d,CLEAR,DAYLIGHT,DRY,IMPROPER BACKING,2.0,74.0,2.0,2.0
12c16b9a80b3a8fcac59c017b402802273dbb71b99012b6d7bbe0c90a429d9b3e1df329a3ddf34cdff6a49e4d3c1051b3a7627d2aa42a217dd7508353134652d,CLEAR,"DARKNESS, LIGHTED ROAD",WET,FOLLOWING TOO CLOSELY,2.0,25.5,3.0,3.0
12c1a07d9df94030e5b0858f64f847389b66fd356ff12debdb84bc0b6551ed5ffe60326555a216e54cd4cf2081df09fb62b410e7b66074eabd5cbe42bfbd04ed,CLEAR,"DARKNESS, LIGHTED ROAD",OTHER,FOLLOWING TOO CLOSELY,2.0,18.75,5.0,5.0
12c1a66615c0d036b813843b75538d7319ca3846e7944bce683012cd3f454f69870ce0efaa8c09dc278d1e20195cc806bef68192be583876f9e8d657df9fc897,RAIN,"DARKNESS, LIGHTED ROAD",WET,FOLLOWING TOO CLOSELY,2.0,21.333333333333332,3.0,3.0
12c1aec9b2d1642f49798dcf4fd394c13eb8ab7210caf70aceb3c4a3dd48395e75027b444a1b53f35e0184e785df74b9c6f1aca7dd3fd4c1bc56a9fe224b6b84,CLEAR,DAYLIGHT,DRY,DRIVING SKILLS/KNOWLEDGE/EXPERIENCE,2.0,37.5,1.0,1.0
12c1b69ff2074958abcaecdcfe60e79e9e7a459eed96fcadf8efd9c8be1a6fc28a215ed8723956fbb5c1e003220d1815c2a386f62d87b232ae3f9b62a8df22c5,SNOW,"DARKNESS, LIGHTED ROAD",SNOW OR SLUSH,FAILING TO REDUCE SPEED TO AVOID CRASH,2.0,46.0,2.0,2.0
12c1ba68b793c8b8173a3a947767b3d155c45195c19ee913d46d4e63b65e9ef15249aff562aff7785262c429e318ebc0b0383c1ca54f91229f0704dd634f54e6,CLEAR,"DARKNESS, LIGHTED ROAD",DRY,UNDER THE INFLUENCE OF ALCOHOL/DRUGS (USE WHEN ARREST IS EFFECTED),1.0,39.0,1.0,1.0
12c1bb06afc9059bd53184380debd02baf503dc91c518151d0895bc7c7b72eae4d832d3a9f96c4651fcdbe007e979e47e8fa543b7ec321768ce237479a9feac9,CLEAR,DAYLIGHT,DRY,FOLLOWING TOO CLOSELY,2.0,47.5,2.0,2.0
12c2dcb896628d7d5c39f75be2fb368d330114763441cb0f8bed59ba5ae9b46749106400c7a57bcfb83160bef2fbbe6b7694a26d3f614ee9b0e77c9ea61db3c9,RAIN,DAYLIGHT,WET,WEATHER,2.0,68.0,2.0,2.0
12c2e6ed053c7a0a5dfc2892b42cf50fd9aca539722311d2e5b33464669a8b05f3a003520a1762448fff37ddffe59a57dff9be409f57ca0ea46c32bdc3887074,CLOUDY/OVERCAST,DAYLIGHT,WET,DRIVING SKILLS/KNOWLEDGE/EXPERIENCE,2.0,28.0,2.0,2.0
12c2fa9aa6a897347fa883e9855f3f4eafbafc54ad9a9caf23b61f9e99c0a419329fff2a6aa24d6f457416dccf4807db015599842d457c5cdcf61f2a18401b05,CLEAR,DAYLIGHT,DRY,"OPERATING VEHICLE IN ERRATIC, RECKLESS, CARELESS, NEGLIGENT OR AGGRESSIVE MANNER",2.0,36.0,2.0,2.0
12c30f15cb9358fba2e48763b4bf8d3fe9824a2f4d8da9180e1d82f91ed2ca6812f7bd8ed698a40530c3c1e15f23104e3687cc8a35ad93458a9d98d53672425b,FREEZING RAIN/DRIZZLE,DAYLIGHT,ICE,WEATHER,2.0,41.0,2.0,2.0
12c330bb8ccdfe9e646e119881e2adbb866d2485bb272c162f8e87ad6de5518bd22ba0f2492220bfd44c368e4ec5f4cae9156787696449200d5fdccccea044e6,CLEAR,DAYLIGHT,DRY,IMPROPER OVERTAKING/PASSING,2.0,28.5,2.0,2.0
12c3323c84ec4b3649b5283668654cbcf372d9e7972677931074769cb71b57292d2058cd61dd86478b7d48e715252a997f1bf454b27c17b952b25d35e3a0aebb,CLEAR,DAYLIGHT,DRY,IMPROPER BACKING,1.0,34.0,2.0,2.0