crash_record_id,weather_condition,lighting_condition,roadway_surface_cond,prim_contributory_cause,total_vehicles,avg_driver_age,total_people,total_injured
12c3371a01440f1e543b53a0293daf20edb50bc9347fc6de9409dc04bd5fd9f96a5ee8e7af5e33e26da13ac023d6f4a44276f90688d126068cb25286e126b549,CLEAR,"DARKNESS, LIGHTED ROAD",UNKNOWN,FOLLOWING TOO CLOSELY,2.0,38.333333333333336,3.0,3.0
12c33831ac870e5b4f3ac8804b45f7d084b43d3fb2b7de7020df4d33c5ffe871d2afa49777485c1c0241855740ddef84ab59fbeb480154f4ad286b2fa1c59647,CLEAR,DAYLIGHT,WET,DISREGARDING STOP SIGN,2.0,54.5,2.0,2.0
12c3948d38c9543f5012032d2baaffd292ddd35a7ec7d57d1734cf80c13e45e1f1581b58066822297482ad522742c918b2bf2672015d1f6b9fa88fdabe8ee0ee,CLEAR,DAYLIGHT,DRY,FAILING TO YIELD RIGHT-OF-WAY,2.0,28.0,2.0,2.0
12c39d662eb0348eaf9f6ab754c99f8a66d1fd6ef16d4160418da9803cd6c1938d03f9ce21cb510d0d8ca69a3ff248df60ed3b403380a96a75c6db713e84c17e,CLEAR,"DARKNESS, LIGHTED ROAD",UNKNOWN,"OPERATING VEHICLE IN ERRATIC, RECKLESS, CARELESS, NEGLIGENT OR AGGRESSIVE MANNER",2.0,37.5,1.0,1.0
12c3ce6b70b7dbd7be5d990bfee063ed29aec190ed17bf80748bbd6a1f387be226c0e724ea7eb9131a940c0dcf4be453cad682dca70a0ed8be2cc332f8da0cee,CLEAR,DAYLIGHT,DRY,"VISION OBSCURED (SIGNS, TREE LIMBS, BUILDINGS, ETC.)",2.0,24.0,4.0,4.0
12c3d80d65d64d89fa8d332f3bdbfeca2a03d282b6458d5430cf60b4dd539de642b652ba213805ffdea2a687741ed2577f9d4cc660fcbec4e75c0aad286085d7,CLEAR,DAYLIGHT,DRY,FAILING TO YIELD RIGHT-OF-WAY,2.0,18.0,2.0,2.0
12c3ddc3ca3a3a9ff3b4809c03564152f30047c083ad598ccaaa6a1cf53b3e5a16c60c12077a60cca91b3bb437603fa7bb8de75cf0bf59eea2dc4b2d06df173b,SNOW,"DARKNESS, LIGHTED ROAD",WET,PHYSICAL CONDITION OF DRIVER,2.0,32.0,1.0,1.0
12c4077b47a8a0b9277d49f2e23ece1288d572140a990e88c4b645192e8f45e2d64ea885575eba206e486c0a9e66d277a8c57008f679391d8cdaf16b0d960fa2,CLEAR,"DARKNESS, LIGHTED ROAD",ICE,WEATHER,2.0,25.5,4.0,4.0
12c448e12e323df6361fca55f9896720ef8055b0563cfb95b4ab970e6060bde6525a9506ad22904b6f1f6e8a5845886b554544916cef71a97ff412a0fa3117ac,CLEAR,"DARKNESS, LIGHTED ROAD",DRY,FAILING TO REDUCE SPEED TO AVOID CRASH,2.0,17.5,7.0,7.0
12c461f4cd60de0509fa9de21e013afb4eb55dc4e3d488f8fec0c2332469e4a911d4b9d083d1fab9ab60e85a235c60211959377cb9ea293e28fffb6fa2ff68d2,CLEAR,"DARKNESS, LIGHTED ROAD",DRY,FAILING TO REDUCE SPEED TO AVOID CRASH,3.0,29.0,3.0,3.0
12c4b9ad8c81d96a34fd60492511abf5b30a85e468f41545ff9a660d3652012a62ec336034f3f98d382d0532113f6cb3fd481a89e660b0a52070198ac6c93780,CLEAR,DAYLIGHT,DRY,"VISION OBSCURED (SIGNS, TREE LIMBS, BUILDINGS, ETC.)",2.0,25.833333333333332,6.0,6.0
12c4c6d83bf649820ad65efbb65afe6ce5cc93ce7e5bc7864478d48e72e4338759cce61200af1952452888c9ec697f357e7f948aad92a6e7eba1de5312b083a7,CLEAR,DAYLIGHT,DRY,FAILING TO YIELD RIGHT-OF-WAY,2.0,30.5,5.0,5.0
12c4e842c664da4ef455d2ba820a42ac516bcd4d7b0d2d3f9266ad3c2b54cb3b0d29cc84e6a073a069d618a8b6ac56190d64d327b0a94a6aa056e8564256b484,CLEAR,DAYLIGHT,DRY,"VISION OBSCURED (SIGNS, TREE LIMBS, BUILDINGS, ETC.)",2.0,36.5,4.0,4.0
12c50da20eeb9748e962445e5ea1cc67b21bc5e8eaeebd0bdcc7b2320d9c6bcb1adee4ac7e85053d5a743fae2fffc7f4201f733e360f3c33b2a0e3eb6c515807,CLOUDY/OVERCAST,DUSK,DRY,"EVASIVE ACTION DUE TO ANIMAL, OBJECT, NONMOTORIST",2.0,43.5,2.0,2.0
12c50ffd97759cc56c5c20aed28c1bcf5016a8cf372cb37bd44540b3211af44f94b9b9b6044fa51e1a23af8bd8f5c0bf9d7e17dc1bab6ba746de0f762da1556f,OTHER,DAYLIGHT,WET,FAILING TO YIELD RIGHT-OF-WAY,2.0,51.0,2.0,2.0
12c5300aac0f23b8371e9491cafaa3c8168edd00d69321de946672bf4b5999f9f07f396697c6765d14d1e73c16588fb238f221e07bc5e02b2e58304aaf1037eb,CLEAR,DAYLIGHT,DRY,FOLLOWING TOO CLOSELY,2.0,37.666666666666664,3.0,3.0
12c56501c7a47dc120ccdf1218c97f4c6e9c887d7b38a53599007a1c2e4bce595d6025eeeb110f93d2fe1734ece5d3aa9789b8dd8fa398878012a42010eac2d5,CLEAR,DAYLIGHT,DRY,IMPROPER LANE USAGE,2.0,47.0,2.0,2.0
12c574e0cb5138711ffb8ed970e2744a5a15b3ed06322b7beb6e952aa102d6e6ec4db6af4b7a4f922b6851a13d7958282a9cc1f18b2f162217e6c8f1cd1cdcc7,CLEAR,DAYLIGHT,DRY,FAILING TO YIELD RIGHT-OF-WAY,1.0,34.333333333333336,3.0,3.0
12c59960ed499c81a9ba7a4e96667aece9811f81f15d3a826f7b8f746e9d1bcb41855d1a8f34ef082e8a1652838a233f41860099d9424100bfe5a01622c89795,CLEAR,DUSK,DRY,FAILING TO YIELD RIGHT-OF-WAY,2.0,24.0,4.0,4.0
12c60133db9bf01af799033feabe3355bf07307c657b877bc54dbf76f3ce1d226d26ba9be2a905de76de5c0830fa7318a77f195748830912e7667f043590c47e,CLEAR,DAYLIGHT,DRY,FAILING TO YIELD RIGHT-OF-WAY,2.0,37.5,2.0,2.0
12c609775ba7333d05919749b631f32004145da3db409a1e83be7c10e25ddc7993b82b9037b716f60066a3ed23779ecda4fb2eb2f17ea9c2568e3b9e63a10ed0,CLEAR,DAYLIGHT,DRY,FOLLOWING TOO CLOSELY,2.0,28.0,2.0,2.0
12c6293d19e6104af1cbbe148e78a44868769290833e7b3621755541b922604ab1b8f2c985b0c07a228fe917956a0507ccdd1d25ee60e2ae29beb982dce5a17c,UNKNOWN,DAYLIGHT,UNKNOWN,FAILING TO YIELD RIGHT-OF-WAY,2.0,44.0,2.0,2.0
12c68624b5c9fedae587aa818b87fd3f3b0485eac30fe6b6086cd1c73890a3c759ebe18a6e3962f74f0fd362432ae6bf3c9c79c0a1cf541eb3bc6b9657561854,CLEAR,DAYLIGHT,DRY,IMPROPER OVERTAKING/PASSING,2.0,32.5,2.0,2.0
12c68b213465a38f8642151a9ac034c8b61c081a0fe3485237d1000bb0299cbd67fd2c25ec6cfd00a46d9b49d15a1a9f89329d402362c730a6f4dc511fe98b9b,CLEAR,DAYLIGHT,DRY,IMPROPER TURNING/NO SIGNAL,2.0,31.88888888888889,10.0,10.0
12c69bd9ab7105d7eb62ec7cb865c6235c4f05838ed1649ff24f21d02dc4a900d48e045cc41c72b00de9c535612c40df59a3886ce4cfb142927d20547016dbec,CLEAR,DAYLIGHT,DRY,FOLLOWING TOO CLOSELY,2.0,16.0,3.0,3.0
12c6af1432a95e9b1344029a5852963b7c8c1da1c144860a465e007dcea52cabc967abd7377c4c4a23ce50d9e2597781505d651e053b135fe73995cf65bda218,RAIN,DAWN,WET,FOLLOWING TOO CLOSELY,2.0,42.0,2.0,2.0
12c6c3b178ce225c8144c5c9cee2bb286af07d71c5212673af408fc9e5670d26e3af6f70f7830654963f2f95fa3ca652a26cacf5737957c1fc27e53f0db4fe2a,CLOUDY/OVERCAST,DAYLIGHT,WET,"OPERATING VEHICLE IN ERRATIC, RECKLESS, CARELESS, NEGLIGENT OR AGGRESSIVE MANNER",3.0,27.0,4.0,4.0
12c6eee1a221cf700bc2256aaedb3b160cceb5b6302023eb837d5247cfc2f1ff6ba48ec3875eae6315190bb98f748abc304e5105189ca871fc2eb98fcba29677,CLEAR,"DARKNESS, LIGHTED ROAD",DRY,EQUIPMENT - VEHICLE CONDITION,2.0,25.0,1.0,1.0
12c778ceead8cf8c4343679b0ce2fd97bc62d2fc0894b8d278fea8c8f0a140ebd15497146c34b2ae222875aa2ccb6f9252d72e6e7ebf9ee9bd44758612973877,CLEAR,DAYLIGHT,DRY,IMPROPER TURNING/NO SIGNAL,2.0,39.0,2.0,2.0
12c786e96dda1d1674acf2084dc53aaaaa57961ebbe762157a83341a76665cc8fab0fa0f9f7c9a786c2286c6ef8980fac31005cc592bce5e82744fc2c47eda5d,CLOUDY/OVERCAST,DAYLIGHT,DRY,FOLLOWING TOO CLOSELY,2.0,33.0,3.0,3.0
12c7a279bc3ba44ddf7a0eb126fcb3a2a9baec2a85d5fed666345c6a341da9af14075a51d6b9ea322554f32602e78f0a2d2aa9ce8d8498891b47b827e1686815,SNOW,DAYLIGHT,SNOW OR SLUSH,WEATHER,2.0,38.0,1.0,1.0
12c7dbce013e8fa17e0693e5e3f9f9d78d9b316f9a0d7e90ee1bdcbe6891d734289053bbcd4a9009c4de6732e3cb9f0103227e4f2cde5e6af2d26fdd7fbe44e3,CLEAR,DAYLIGHT,WET,FOLLOWING TOO CLOSELY,2.0,28.0,2.0,2.0
12c7e39efe2ebb008fde629244388ac366c6e1ae8934ecf4e3d273d65481ac2da60175e68ec1b516df004fa4b98bb1a8529313f3a8207f1ff458273813790593,RAIN,"DARKNESS, LIGHTED ROAD",WET,DISREGARDING TRAFFIC SIGNALS,2.0,56.5,2.0,2.0
12c81759ac26226a824b03e57f827d69ae0981039e37d73b7c9b82c10250663a16932511c7c5237406aea792a1a1b3479f88bfee75af93cacf702a39b19b22c1,CLEAR,DAYLIGHT,UNKNOWN,IMPROPER OVERTAKING/PASSING,2.0,18.5,5.0,5.0
12c84dabecb0164f128421277b5ad2f6fc15e74e48dd7b7ca0b914e7f32c54e5fa8a1b9b7a62ac392734cb99f1230e51e38e5db1aef17f76ca4b42ab8f2b3474,CLEAR,DAYLIGHT,DRY,DRIVING SKILLS/KNOWLEDGE/EXPERIENCE,2.0,24.5,6.0,6.0
12c871e8f4cd6292fa98163b28c0decb1da957ef33ee12e25fa3c667a68a0580d6201070092704ba33a5fcb5cc97a09a6caee944697c8216c8140905b4519a31,CLOUDY/OVERCAST,DAYLIGHT,UNKNOWN,IMPROPER OVERTAKING/PASSING,2.0,25.0,2.0,2.0
12c87cb4a1ecdc25eb323a5c94fdbcdbfd0e23fd0b578edde5b6cc2621aa74ec0c835f234b359b9f1b309424e3af0a7b838941b9b95c114c865b701948ec8027,CLEAR,"DARKNESS, LIGHTED ROAD",DRY,IMPROPER BACKING,1.0,27.0,1.0,1.0
12c8890ce2f69d95de2f020edcb996803ca6904246ed498ad974b76491dfb5c1fd4b7b76e1adde30663e5d4f0d4edd8ea1399956c101da364076b456a038c3c6,CLEAR,DAYLIGHT,DRY,IMPROPER LANE USAGE,2.0,25.0,2.0,2.0
12c89a02bd73a338b2a6523bba4eb0402336d150d07dea079100788be430d5c87c71d803fb3766887594cf232e19b455b4b79aac3f61294dacc0b89048a2df2f,CLEAR,DAYLIGHT,DRY,DRIVING SKILLS/KNOWLEDGE/EXPERIENCE,2.0,29.0,1.0,1.0
12c8b2fba391ec96416393e5d9ec2c74bb83af9d165a7282d42aea6ae2bc2c94819d0bdb53641ab096bcf73a4382a7a3e9dbad98e49f2174c3a651e3106721a9,CLEAR,DAYLIGHT,DRY,FOLLOWING TOO CLOSELY,2.0,64.0,2.0,2.0
12c8cb5d6bc24dadeca752ba021c21ffa92f383daa92b47ff472bb1c7bb6eb7c9602d7f1c37e6e1385750424aa27f006dedda750c834ca22d8e8c61e7c9c000c,CLEAR,DAYLIGHT,DRY,IMPROPER OVERTAKING/PASSING,2.0,24.0,2.0,2.0
12c8cddb1ae94b57dee1c4a939ee85c22ecfca96c96618852a2005236407d9248f118ea258ed6b5d3f067c1c8b23e3c23ea6483509dc14354212b5e464e4758a,CLEAR,DAYLIGHT,DRY,FAILING TO YIELD RIGHT-OF-WAY,2.0,37.5,3.0,2.0
12c8cffb73b7d58929bed840762626abce498a2521029d2165eebe1adc4f6318b6393af607de84ac166f5e0d35023c60d5d0a7df908e57608aaa209d6e1db31a,CLEAR,DAYLIGHT,DRY,IMPROPER BACKING,2.0,63.0,2.0,2.0
12c8e9ea35a419d330d1ad59ecb1094fd78416a8d6d18ca0e8e530f09d85fe00fa8708bf8747d8c98d012eca12eff74aa996c4245dcb44301c54c9a61bb12bcf,CLEAR,DAYLIGHT,WET,UNDER THE INFLUENCE OF ALCOHOL/DRUGS (USE WHEN ARREST IS EFFECTED),4.0,51.333333333333336,3.0,3.0
12c92d78fdd262d07d87ac4dd4087275024678014e5ecffce0825dcdde1407b0d098dda93e3f796e7f6383a84d9ce0b81981669397972e1af937eb0eaa6f27f1,RAIN,DAYLIGHT,WET,FAILING TO REDUCE SPEED TO AVOID CRASH,2.0,41.0,3.0,3.0
12c961f436d74d4bf1088f390372dac7122eb8c0c798fd404fb0b9d78975e05b449d53b4cbb53e47acc655f3ae58c30d4886ede948b7eca58a9c4bc00ed85d50,CLEAR,DAYLIGHT,DRY,FAILING TO YIELD RIGHT-OF-WAY,2.0,40.333333333333336,3.0,3.0
12c96709644b26d6b290e6d855d50f670c8f7a1efa40493c7571a914f24464fd6dc5e4164f1d32da88629ebdb23471932429b2df26aeb218ac9a292ca130a08e,CLEAR,"DARKNESS, LIGHTED ROAD",DRY,IMPROPER LANE USAGE,2.0,33.0,1.0,1.0
12c975f747a33e45aeecab57bc0b12ee6385ecf91a53cd8adbc6a5b547a1adf25c63b47aa0086e57dbf345e8fad879709be8526b347502b356ab1e3c4eb04e7c,RAIN,DAYLIGHT,WET,FAILING TO YIELD RIGHT-OF-WAY,2.0,55.5,2.0,2.0
12c99f0b386e0cc50bb7b2e5e903af5b9344e35ff412a2264bc73338185063d7b7abbf58b5371a8f62371680b74957d941f7344ae2f99e20af85a4b677809e7f,RAIN,DAYLIGHT,WET,"OPERATING VEHICLE IN ERRATIC, RECKLESS, CARELESS, NEGLIGENT OR AGGRESSIVE MANNER",2.0,37.5,1.0,1.0
12c9bec1a3ed80ba320007d6b24b191af375d0e65292412a2fa7b503cc90998be63737083f6e98238f9cc1529d8779cffb42cabc56f156ffe24c833fc8ad2eb9,CLEAR,DAYLIGHT,DRY,FAILING TO YIELD RIGHT-OF-WAY,2.0,31.0,2.0,2.0
12c9df565d295d6859ff6283a2013947c632244bc051bad1ae449ce150d12e4bd9606479ec802c4c99a6b703a467c2b47aa44de83146fd957f1b389a9a9a9a43,CLEAR,DAYLIGHT,WET,FOLLOWING TOO CLOSELY,2.0,54.0,2.0,2.0
12c9ef26a22e8ed5e86a04862e25b215c5d452ab13ccb9e426fc3587a0ef5b3fa7fd2f1bf558bcda035ee84ef70be52293f1f01b1a2122897c37d5c3cd97a756,CLEAR,DAYLIGHT,DRY,IMPROPER BACKING,2.0,76.0,2.0,2.0
12c9f15d41ff0128fefea79ce917ef13167a4a0c52a42a400576356be052aeaaba7ab6b3479c72d82b3187a1ff5d3b52ea74f2a3b93c4bf08260f3eabe4d7793,CLEAR,DAYLIGHT,DRY,FAILING TO YIELD RIGHT-OF-WAY,2.0,63.0,3.0,3.0
12ca78bc2597e0dbf8270ddf39031d937cf564b40d20c223adce11fe7bd35e30bfae553a5310dd5ff43b737d9e669be267b67cd07760a4a2e30ec16bc0465f25,CLEAR,DAYLIGHT,DRY,FAILING TO YIELD RIGHT-OF-WAY,2.0,36.0,2.0,2.0
12ca8034e1f9d022fdddc3d2e05a48cf5f942963e9a144eb80ed5ca51a9475eacc4ad4895b8f3701c4be81e8cebdcc203b507ccf94d6df006ebc97ac1a99e55d,CLEAR,DAYLIGHT,DRY,FOLLOWING TOO CLOSELY,2.0,57.0,2.0,2.0
12caaacbf4cb74c9b37cfdd2d5281374a8effe6ec8590040d785d65afd223645b72bfa5944f56e1c15a124c4179449407ca34bed939095effe3000803650f58a,CLEAR,DAYLIGHT,DRY,FAILING TO YIELD RIGHT-OF-WAY,2.0,32.0,2.0,2.0
12cab432c8ae07072f8a121d1d5c93b6a773f926ad2ae85875940c8dfdbc869dcc08f1f47bdc507903003b6a684521f028ab9405bd5956950585092e0820df95,CLEAR,DUSK,DRY,IMPROPER OVERTAKING/PASSING,2.0,61.0,2.0,2.0
12cae41683d732776e5ff212afc004bd9c52986f7ae0d6645eb4705d25cdba9261af60feb51f58ff31dfa5e6405459d4d0c17c29474319126017ffc4cf2c7180,CLEAR,DAYLIGHT,DRY,DRIVING ON WRONG SIDE/WRONG WAY,2.0,37.5,2.0,2.0
12cafe1ca48b504b28fb701f0cf9e2e3251cee6db308755e7773b8d0cd6d84f1c83498e24c4b1927e8d75dc9f35bc1d86415b350c0eaf90b6cbe32473fdc4f60,CLEAR,DAYLIGHT,DRY,"VISION OBSCURED (SIGNS, TREE LIMBS, BUILDINGS, ETC.)",1.0,36.0,1.0,1.0
12cb0badd6c43615f552cfce674077af6b9876c780be6657b5136495d863c609344329016fdc703361a2b2dd561e02d1c0103c7e6bf05910a157254fb59be4e8,RAIN,DAYLIGHT,WET,FAILING TO YIELD RIGHT-OF-WAY,2.0,32.0,4.0,4.0
12cb36b0a1484d3d44c8a51504aea81c75efd92c0d4e0bee1e76324340e437beaee1de6e4cdad02bec6dde3beb2b32392bbfa5628f3a7c21ead3198a1f2bb123,CLEAR,DAYLIGHT,DRY,FAILING TO YIELD RIGHT-OF-WAY,2.0,74.0,3.0,3.0
12cb38c1c526e4fd7fff13e3220da814c63de229205ab444c0d73211b77d141b0e1facbc21683845fa17fd1d925b12e952a31e9a3efb3a25896a794727aaef5e,CLEAR,DAYLIGHT,DRY,IMPROPER OVERTAKING/PASSING,2.0,40.5,2.0,2.0
12cb3b0ffbcbd66890559c61de3f4ce897fdfc46f64f6322870d796b84ef59b3a258ff807ea95458d92dbcd35f2a510df4194f9f6cf095c1e41c41409bb5435c,CLEAR,DAYLIGHT,DRY,FOLLOWING TOO CLOSELY,2.0,38.5,2.0,2.0
12cb6bb821508a164926013fd595eec35e5cc1c7fa10bd16f3490d88499f7d3a446e0542be6bc283f99b2febc97495440d465242b9d32f28175adaca305e81a8,CLEAR,DAYLIGHT,DRY,"VISION OBSCURED (SIGNS, TREE LIMBS, BUILDINGS, ETC.)",1.0,50.5,2.0,2.0
12cbc84954deec47136a467609d5b5c8e49cc3ebff6f95e069e11779c613261d8675af5a597018f8d913eda38fb6b0754c367126de2735d82a109a92cc655a70,CLEAR,DAYLIGHT,DRY,FAILING TO YIELD RIGHT-OF-WAY,2.0,40.5,2.0,2.0
12cbca616715037f8efe7500861e37eebf81c433c6fad944fda911c41dbd04d4d4daf9153ded019a92e3c88e45d3791807f8ce09131f2643b2bc7389966fa6d2,CLEAR,DAYLIGHT,DRY,DISREGARDING STOP SIGN,2.0,54.0,2.0,2.0
12cbd87cd361d2d0024f92ccaa1b9b90c2a543c8efc720c4dbc090e79b16a6e516c2c682983e4b2e064ff943097d4cb5755543cbae2aaa4b962f9ada78528492,CLEAR,"DARKNESS, LIGHTED ROAD",DRY,FAILING TO YIELD RIGHT-OF-WAY,2.0,25.0,4.0,4.0
12cbdae86d421ca6fb5135e91377d0f45909f01ae96d869515c9f785c009af5f5b3039232a3566484eab525030b348be740aba68cc7478605a6b53177c702402,CLEAR,DAYLIGHT,DRY,IMPROPER BACKING,2.0,43.5,2.0,2.0
12cbe25d440f7b1a23a9c39d4aeeaca1cf820080fb2e2d45e14b88b257ea8cd5b766973dc65397cb1a1bc48a3ff21ff8f586dd4ff7892dc49544ce0e4d25301f,CLEAR,"DARKNESS, LIGHTED ROAD",DRY,FOLLOWING TOO CLOSELY,2.0,26.0,2.0,2.0
12cc3ded283bcd98ac6917a6d783954931454dda97ddf3842249520135c5c095ff6e56af0c0300d8fac9d6c44aeb3de37fb3d7f2e736fb79834b87dbb5f3d401,CLEAR,DAYLIGHT,DRY,FAILING TO YIELD RIGHT-OF-WAY,2.0,53.5,2.0,2.0
12cc55c9d2cac1e26fd16b2edf2392bfcc86610d4ec566d4f422da815fe0072ba8b57c3827db5d815b4b41e1512974a16998559034ed5bf5e5d427b8bb1a1519,SNOW,DAYLIGHT,SNOW OR SLUSH,WEATHER,2.0,34.0,3.0,3.0
12cc5e993fb69202525a7fea7b1d64e70d7f00281ec3ed93129cb7c8d0a19bba58d70f9fbb5d076d5ecbb170c0962fdc8c16b531ed0efa4ad72a30aa9e5b89d6,UNKNOWN,DAYLIGHT,UNKNOWN,IMPROPER LANE USAGE,2.0,37.5,1.0,1.0
12cc6fa75451573d1fa219dddb6c473ef1476c2fb576af181ef578166e3f22f97f4b40dd7628d3c9de6951f5cd9a4989107a271a1cb85077c4d02a37d8df7e84,CLEAR,DAYLIGHT,DRY,DISREGARDING TRAFFIC SIGNALS,2.0,43.5,2.0,2.0
12cc73d205cd2ade4960cf11e30054b0d66a4140651d210bf808e1c8d10d102dda107c7e54a754b78248bcda9ce19ac21bfb495fba3c1926a0265f157b597e97,CLEAR,DAYLIGHT,DRY,"OPERATING VEHICLE IN ERRATIC, RECKLESS, CARELESS, NEGLIGENT OR AGGRESSIVE MANNER",2.0,42.0,3.0,3.0
12cc82fd585545518808534191c88fb77216b92599e290afa6199138b22c4d81dd7c5553aa6e7ddafe2989ff838710b44201a1d63b6008feeee2a456dacdba15,RAIN,DAYLIGHT,WET,IMPROPER LANE USAGE,2.0,30.0,2.0,2.0
12cca4028f02e8ed9b2ad669165516e7038035aba57bd45fca7b748c974f78e89000c8845598070941ab900ec2ff409131a5d200f7b563c114d4b5fecabe091e,CLEAR,DAYLIGHT,DRY,IMPROPER LANE USAGE,2.0,73.0,1.0,1.0
12ccb47c24f9509d85e731d01c806d4e31756fbb1c3dd09654ebabf769e10a3d7a3a6f4948931de1f95debb26445573b28b258560f20b7db4c0f591bb09561a6,CLEAR,"DARKNESS, LIGHTED ROAD",DRY,FAILING TO YIELD RIGHT-OF-WAY,2.0,70.0,2.0,2.0
12ccc063c1f319a8b4aec477f2aeffb3480aae78c2c8d4677a0741b0f213a2fbdda01e95a6249ac2644ae9f5dc054679bbdffe73c95b80df9eb00390d624ae3f,CLOUDY/OVERCAST,DAYLIGHT,DRY,FAILING TO YIELD RIGHT-OF-WAY,1.0,17.666666666666668,3.0,3.0
12cce21182d6bf5a4669d590669441651884541c671d987254faf23e7b3a345f6b9f4662947b5cacbcd05595a0441e8a02a1a1ebe203ff09c7653224819cd297,CLEAR,DAYLIGHT,DRY,FOLLOWING TOO CLOSELY,2.0,59.0,2.0,2.0
12cd099601cb7f7a47ccadf04e93c7eef52fe20f2092ab2f733198256ccbb43623439429c8feebd9893bad1cb1053abdb7c028968e750a503e929a0ba8f1c3f7,CLEAR,DAYLIGHT,DRY,IMPROPER LANE USAGE,2.0,23.5,2.0,2.0
12cd13bdbc1e935459f690ae3c27f2bbbaec89452e7be08e4c4d32f00c186fcc3bc2040f2c382c9392324fadfb50c7d2d951d42c1838296d30073db947eacf9c,CLOUDY/OVERCAST,DAYLIGHT,DRY,IMPROPER TURNING/NO SIGNAL,2.0,15.333333333333334,4.0,4.0
12cd76fedca57d6dce9482b0f1a77cb6ee13af9edced3e78d13fd0462da9ff069239509fff46af9d550a1345e619316e7d58e61879d307176bdcca02b8d9916d,CLEAR,DAYLIGHT,DRY,IMPROPER TURNING/NO SIGNAL,2.0,45.666666666666664,3.0,3.0
12cd87f0f7b7891a00df75244cec19c405d9932aaca974627d2633a519bd895b1908245fcdd5dae8bec193c22dad4dc9578e2703ab6ddf351a18bad5571f7114,CLEAR,DAYLIGHT,DRY,DRIVING SKILLS/KNOWLEDGE/EXPERIENCE,1.0,24.0,3.0,3.0
12cd9d2254e1431c03afe7d8a96da178df395ac328d9cb0e8a9baa2714872d9d09a768ec09d1ef14456c93f12a82ecf651fa2ddc70f16cf24535666bdd393761,CLOUDY/OVERCAST,DAWN,SNOW OR SLUSH,DRIVING SKILLS/KNOWLEDGE/EXPERIENCE,1.0,26.0,1.0,1.0
12cdabbb2928dc253c7f65e17c2428195b85d8c98784b3531bf00e976f1e76162effbdf6eab13d20e747613c371ef0a947fc3cd4b857579b711f7ecba1a8791d,CLEAR,"DARKNESS, LIGHTED ROAD",DRY,FAILING TO YIELD RIGHT-OF-WAY,2.0,29.0,3.0,3.0
12cdadf05f53b647a5a8ab90716b0e10e17e609b2c4a104c14597e276645cf915d2565ce32da6547c9c24a0ae63c740500b2c104da4a2acd7a55024f2dc7d985,SNOW,DAYLIGHT,SNOW OR SLUSH,WEATHER,2.0,29.5,2.0,2.0
12cdf5c87423552b03ebf3fce95a29b101a7f891af6af617595475e0f8611b44b9a7b979547da1d807760d2cb19e90fe889ed971b88f2e2e6a7a130854c13bc4,CLEAR,DAYLIGHT,DRY,IMPROPER OVERTAKING/PASSING,2.0,28.0,3.0,3.0
12ce40465009bf801341212ec35bbe50bc9dd07d9ba08d2d043b428a9f66687cc6132bce492fccf09d558ce33a0436fb09668205508592689ad31f8b731f14d0,CLEAR,DAYLIGHT,WET,DRIVING ON WRONG SIDE/WRONG WAY,1.0,32.5,2.0,2.0
12ce591447ed1e57f765b4b210a944d3a6b17e5e6eff3bd0f581382a4ae523b335f3b51db308b159021d7ed2e9abf029cdd0fd72ab7ade4ff0f09986a90364ff,CLEAR,DAWN,DRY,FOLLOWING TOO CLOSELY,2.0,44.0,2.0,2.0
12ce6beec05b97e493ff06f06e1fa6c208aece8e369281b368328681b15aee793407a3aeaadd11467668a876acba4b389ade986c58f3a23bb86d7b130a707b1e,CLEAR,DAYLIGHT,DRY,FAILING TO REDUCE SPEED TO AVOID CRASH,2.0,32.0,2.0,2.0
12ce6e5aeafde0be8a44b6a498344f6739482127d6aa3569a3311385aa28e4bb04b8817f98a96708ed069f4e57a75139409abf41a850c115e3d03b07b2a90564,CLEAR,"DARKNESS, LIGHTED ROAD",DRY,FAILING TO YIELD RIGHT-OF-WAY,2.0,43.5,4.0,4.0
12ce7bc282d78ee1264d51dbb68089cc60e5c4bc86fda42d0f1ddb370a9cece5a858fa19aa8d066284f7e21ced279346525a7252c9d5e950cec23d2629d8b9bf,CLEAR,DUSK,DRY,"OPERATING VEHICLE IN ERRATIC, RECKLESS, CARELESS, NEGLIGENT OR AGGRESSIVE MANNER",2.0,18.5,2.0,2.0
12ce9b23d6a943f8dbdf12066127f99774c4322836443a1225fed8bae493155945200b4971749b9969c831ac224f7e0c5556b20bcc0fa7be2a60966a767cdbb5,CLEAR,"DARKNESS, LIGHTED ROAD",UNKNOWN,FOLLOWING TOO CLOSELY,2.0,35.0,2.0,2.0
12ced9edc3436b34c2e36e49f3d09289896abc6039ecfef3df67145a08ca2b42a65a57ebb69077158cf1e9304b83c68e247738f14f53fd1b5c31ff8cc3d47960,CLEAR,"DARKNESS, LIGHTED ROAD",DRY,IMPROPER TURNING/NO SIGNAL,2.0,57.0,2.0,2.0
12cee6d4a253b058ff5e05f5e2a476c55c3d8e764c2f6819aa1cc4c36cd1050c6c698add27f777e5019b6bc231c6b28eea77bb7a1b03d58b1192984da9c5a1ee,CLEAR,DARKNESS,DRY,FOLLOWING TOO CLOSELY,2.0,30.333333333333332,3.0,3.0