crash_record_id,weather_condition,lighting_condition,roadway_surface_cond,prim_contributory_cause,total_vehicles,avg_driver_age,total_people,total_injured
12cf1b4743d3ea3be9de6543e719f26495a59e6bf848acd51d321b970f09270d4aa5bfc4439f3e24ca38ee55fbfa793f20990f8497f6766a161364c6117dbcba,CLEAR,"DARKNESS, LIGHTED ROAD",DRY,IMPROPER TURNING/NO SIGNAL,2.0,33.0,2.0,2.0
12cf20ea10ecc94c7dcbccf64117e56f32b10c39e2eae4479810ad7e68f73e4005443cf8c12394002dc5af6399c38dee8781b42c5b9bc2465a5f96f0607c4ee8,CLEAR,DAYLIGHT,DRY,DISTRACTION - FROM INSIDE VEHICLE,2.0,39.5,2.0,2.0
12cf3c97aa12264459afc300d685df12b9701bf4787d248ff05317f951322a311549d218a776239f9c802670853af1a960fa2bc1172823f7ffb8438fec26ecff,CLEAR,DAYLIGHT,DRY,FAILING TO YIELD RIGHT-OF-WAY,2.0,48.0,4.0,4.0
12cf43f4d5fbb7140a8c473c0d77cad2681d90b3dfb14f071a7442d32001022c0e6f3ce749c038804ea04d95cf5d0a3e0a96213e6796d76844d1b3e91f374a9a,CLEAR,DAYLIGHT,DRY,RELATED TO BUS STOP,2.0,71.0,2.0,2.0
12cf7087484269b85839cde3ef5d021c739e7e4ea39a7664e68b7da02fdb65bff7dff2791935777d022e470f4b5e65040cf66b109c264579d3f9f16c3497bd73,RAIN,DAYLIGHT,WET,DISREGARDING TRAFFIC SIGNALS,2.0,28.5,3.0,3.0
12cfa99e1dc2cec6daf466cb0604a5a7bb5b499c8e2cb8cbf5aaa69e34e06c6762dd5985ce8e39cc7be8077d29e35fb93b3b8a0adf4a2b889af894d574cdf117,SLEET/HAIL,DARKNESS,ICE,WEATHER,2.0,50.0,1.0,1.0
12cfaa8cef0e70250ea8e55e17e6a8fb07cc4d4c361155d459577215c0f32494c091705ce597cd6242eee928bbeef9d14bbfa6fe2c06159300c5d0583dd58233,UNKNOWN,UNKNOWN,UNKNOWN,FAILING TO YIELD RIGHT-OF-WAY,2.0,28.5,2.0,2.0
12cfaf79f6931da15929703a79823e4d13fa6d171cd0364a17d3a2c3040696d2f900f7429fd84f0c4096217c6a1f0c26ba8b9d4aa221e09ac4676bc698c2c9c9,CLEAR,DAYLIGHT,DRY,DISREGARDING STOP SIGN,2.0,27.25,4.0,4.0
12cfb9133c76eaa2eb4b4681b2616430c2ba6644cfb6a8d0a7fa3ec9ecbd00fe1c146b11394d1c3b8ed707589613eee3bfb00de24a31011601fb272ee3258677,CLEAR,"DARKNESS, LIGHTED ROAD",WET,IMPROPER TURNING/NO SIGNAL,4.0,35.666666666666664,3.0,3.0
12cfc59f05c6ccdd001b0453381192231840a23f6f11b063a0d7aeffdc15cc8ff7f1485866ea8f8caab84ff4dfc0e691a10e3926489798a10d97a37ab0877da6,CLEAR,DAYLIGHT,DRY,FOLLOWING TOO CLOSELY,2.0,26.0,2.0,2.0
12cfecaa14e4e401ab489b0a5eb1ff1711b1f693b7b661fd2173ac0e171fbddb7c00660ce13cb54a296be4489cfe8ffd2342d272a8d5ccc91c700fb07871f1e1,CLEAR,DAYLIGHT,DRY,IMPROPER LANE USAGE,2.0,53.0,2.0,2.0
12d0055bbdd6ba837b6137c6744d82d8539abc6bdef5f33ad59f8efacd03e8924cdd77765f9eea77517a54fe5388ab639338f9b0b35a73c522fab5610a2c8b04,CLEAR,"DARKNESS, LIGHTED ROAD",DRY,FAILING TO REDUCE SPEED TO AVOID CRASH,2.0,37.5,1.0,1.0
12d01b0a2e9371cbbc83c57d320ff1fcdaaadd316fba37d06f4f450da8ead38181b557f9652d116f5e9d6d60b11ffa091a597b118b50d5e9d7cd4eaba0a9e755,CLEAR,"DARKNESS, LIGHTED ROAD",WET,IMPROPER OVERTAKING/PASSING,2.0,39.5,2.0,2.0
12d026fbf30225397388b3436aacb9a313c38ef7569e75057fedc91dfe071f09c20636a5cd59d78bdc0d6a125e3f147297673119ffe9c1d48175b60bb9e8543d,CLEAR,DAYLIGHT,DRY,FOLLOWING TOO CLOSELY,2.0,22.0,2.0,2.0
12d06715a5b6eac1bd25b3253629eb72b7bdf5cf3fe8c4a51ddc2faa562714d4e602b52769fb997c947a4a47796ea48a6079528c9a48143b9e4be2b4098018d5,CLEAR,"DARKNESS, LIGHTED ROAD",DRY,FOLLOWING TOO CLOSELY,2.0,33.0,2.0,2.0
12d085d49f7a83f3df0c268e750bb871df2b5cfd9be724b67cf5b2004ea7cfa7b95aad4de1cc7ec170e578f2fcedc154f56a3520ca0d6e226bd03cd2e11862b4,CLEAR,DAYLIGHT,DRY,IMPROPER OVERTAKING/PASSING,2.0,48.0,3.0,3.0
12d08d009e4b6b8ebf467b661fc905fb4c747d0d6c3aff0736402ba0b7ba6a8cd1cad041c34fed275cb588bdbc9760d83389c01ca4cab0a1896ae1288a251292,CLEAR,DAYLIGHT,DRY,FOLLOWING TOO CLOSELY,2.0,54.0,2.0,2.0
12d0a0b26119d14682ceec8ff1977354c0d8c3f11dd6d9a0f4f212f96fa23708a29a65664585da097ba594a6c30380cd6761560fe01204ec52fb0e8eb57ed89a,CLEAR,DUSK,DRY,FOLLOWING TOO CLOSELY,2.0,29.5,2.0,2.0
12d0a18379efe5a244420ebb2e768df80d99206fab59a1e03448cfa11d14ede566d315099a45550a341bc6cbc3e746da395c0a27a6eb205cd3aded7316c3f469,CLEAR,DUSK,DRY,IMPROPER TURNING/NO SIGNAL,2.0,25.666666666666668,3.0,3.0
12d0cb1fdd3cc293db209489f00b144c0813b9a5dc96745919bd06192ee0cb5e4f9b6829e4ff6f8e493b7d640ca323f3a5728196994b23ff46e0c206180bc3d8,CLEAR,DAYLIGHT,DRY,IMPROPER OVERTAKING/PASSING,1.0,24.0,2.0,2.0
12d0ce0ea2ac333a67756345f44f25ef12b6e98a51f2e238f557d9d1d126fec47a22152ea579b13338c4a433c386a361afd008348de17fccbc4e715c71ee542c,CLEAR,DUSK,ICE,FAILING TO REDUCE SPEED TO AVOID CRASH,2.0,52.0,2.0,2.0
12d10c37e874cb710b3288e5019244de83808313af6023ba71cd6d3c1fc6d5bf16c957f1262c0c67d9feaf549c09e08a2cf0ce9d915449a9e53a6f3638610af2,SNOW,DAYLIGHT,SNOW OR SLUSH,WEATHER,1.0,21.0,1.0,1.0
12d131b0c290f3bb3fb76bf945df35e7ac64b6dec47e2e042868fcc68481442d9fe2d59cbf3eb98636cc4edfb5674b6b24c3e8f0b001e6468b5178f5f855206d,CLEAR,DAYLIGHT,DRY,FOLLOWING TOO CLOSELY,2.0,55.0,2.0,2.0
12d139ec0f7ba6f764e69f22c9bd171bc89c8424a5893c97d66319d4a562b2f02ab2df5725c6774ff128db65e02dc26e08bc0a7906886cf0d1e02b576ec7e9e6,CLEAR,"DARKNESS, LIGHTED ROAD",DRY,IMPROPER TURNING/NO SIGNAL,2.0,38.333333333333336,3.0,3.0
12d15e27fe44b8d37ac15489aff1b1d3f7311fdba0cab027c22221624e2044a1256c69135eaf400a9fa2d6ac143aa4e2043060b6c27e83cc44ae9833a9d0634b,CLEAR,"DARKNESS, LIGHTED ROAD",DRY,PHYSICAL CONDITION OF DRIVER,1.0,17.0,2.0,2.0
12d17a8e38a6bade19fb9fc87f73999215909e168110961a651bbded18c985e4e6dbf459392478a39e0a774c519433e1bd9bd2b22599a6ecb4171d487ae4959a,CLEAR,DAYLIGHT,DRY,FAILING TO YIELD RIGHT-OF-WAY,2.0,17.4,5.0,5.0
12d17c9ee8305e4ccd36b37f4b28511997224346172f86231cbb0e11384839ec1a970ee349133dbe1bd4860ac447877ceb2a5608c1ab92d85cd104a7335ae8ae,SNOW,DAYLIGHT,SNOW OR SLUSH,FAILING TO YIELD RIGHT-OF-WAY,2.0,44.0,2.0,2.0
12d1a77b489bafac0b09817c145a4fd2298533bcc9cba7492ee47d12735519f15cb7de58593197161a4af90e493bc25970ebba5e8dc1885afcbc8e357d6d150b,CLEAR,"DARKNESS, LIGHTED ROAD",DRY,IMPROPER OVERTAKING/PASSING,2.0,30.0,6.0,6.0
12d1b8d2e2112528a383bc07ccb14c3fbf9e1a207c24dcbaebab3a27a97ad7841b28aa72af8055a2acc2f1792676503fce1d999c56abfde64fb4e87cbd18aede,CLEAR,DAYLIGHT,DRY,FAILING TO YIELD RIGHT-OF-WAY,2.0,24.0,2.0,2.0
12d1f21318f364357d547a1a370f0f776c35dbc01e7545a5e96dc53fce4b12afb8057c9886117ecf1762eedaa3121e8fd6660ce6e9bc03a7fe102644537dacd6,CLEAR,DAYLIGHT,DRY,FAILING TO YIELD RIGHT-OF-WAY,1.0,36.5,2.0,2.0
12d1f917ef270a30296a38a04616bf92f940a44754c45b33ce465b88e792195cdd4935d604bd718a47861458fe9ee9f6f785071d198d9029a820ea3e4ccef88e,OTHER,DARKNESS,SNOW OR SLUSH,FOLLOWING TOO CLOSELY,2.0,34.0,2.0,2.0
12d205b929575857f8185e01a16cf40b7aa944c5a080e73cb36751c2b8cf161b7a5cdf6af14702d648e3357505cee9ca60c3c19087253928f5fac1532efbe2fd,CLEAR,"DARKNESS, LIGHTED ROAD",DRY,FAILING TO REDUCE SPEED TO AVOID CRASH,1.0,37.5,4.0,4.0
12d2123fc988a864852d6fa5868ffca638e8508e3983e8c7a246da601452f7cd92dafe694ef62d230c6ac55b8b7e6df637c48e098fd5bd44ed52cbfb282ee30f,CLEAR,DARKNESS,DRY,DRIVING SKILLS/KNOWLEDGE/EXPERIENCE,2.0,25.0,7.0,7.0
12d22017c0ce7d5e82b5089ebfdab4468e2ab7f5a8d8137791346bce27d753a4b065cb867c258a0c2c9b30aa4652e909ce180bac001ed0876cc1dfaa73c18142,CLEAR,DAYLIGHT,DRY,IMPROPER TURNING/NO SIGNAL,2.0,28.0,2.0,2.0
12d227fad25d519b9a5bfba1436fbb0dfc33f490e636b3ae86dd8851885c7f599ba9c56b9605ab1ac095ef67832865003b19f9a0196dadd98466836901e77a77,CLEAR,DAYLIGHT,DRY,DRIVING SKILLS/KNOWLEDGE/EXPERIENCE,2.0,61.0,2.0,2.0
12d229fb13eac954bb5ea275772f62a3b3fa32a21782e421869f81e808b9f76d390af11eb5a6785a325931d83a8a06cb6e395d0dd9f7e1f902993362e7480a9a,CLEAR,DAYLIGHT,DRY,IMPROPER LANE USAGE,2.0,32.0,5.0,5.0
12d2b608e428197a3ac2c7fe6edb2e54d9e9546b20fac581073e4b62ade0285cbc6a4595146b4e804bc2e3da2501f3cc08a8b0b3f8d4ae81ea4a03cb67477bca,CLEAR,"DARKNESS, LIGHTED ROAD",DRY,IMPROPER OVERTAKING/PASSING,2.0,21.666666666666668,7.0,7.0
12d30e62b84b67863b578f2a9dce3a8149b150213b4ccb65f9130909a52b9a4fe9e5ea44d40a89874a7ff289751d3e7b2a9667c4bb8f6a85096955c47dcc60a2,RAIN,"DARKNESS, LIGHTED ROAD",WET,FAILING TO YIELD RIGHT-OF-WAY,2.0,41.0,2.0,2.0
12d31a323e1c4de774e94a6d54821dccfc239e383626a38ab3b9c1f2bd7bfeb53e9802159c3363f3014b99151818f5921fa1d8f92ccba9797da502bd0dc6431a,CLEAR,DAYLIGHT,DRY,FAILING TO YIELD RIGHT-OF-WAY,2.0,32.0,4.0,4.0
12d31b31a2bd6651cbbcf681bb3853db66b29b6db690142632c88bd583da23bbb3f17574394b63fbd71b7bcbe5b8c9409218cfedb64be5b88ac247e231a00dd6,CLEAR,DAYLIGHT,UNKNOWN,IMPROPER OVERTAKING/PASSING,2.0,24.0,2.0,2.0
12d32639088ca6231ae731fd809fde853d8515542abb9115b8671005c66c500296af78eaec305d1fb1bb3dbafcac52ad732e3a4f13249d1a0c1e22a5b5473b27,RAIN,DAYLIGHT,WET,IMPROPER LANE USAGE,2.0,23.0,2.0,2.0
12d34b3ebb9208c60f095bbcfc49cc3134ae576c12fa74cd9a941c43373d98d6f18d2048cd07afd6b1212bdba0a73b010c0d20114d05b750766ac6f48e0c8a4c,CLEAR,DAYLIGHT,DRY,FOLLOWING TOO CLOSELY,2.0,23.0,5.0,5.0
12d3700ada45bf93c3a842381efead1ce0163fa632e3b11ffc27b8d0632e2c38a32f65c14fe26d6c17c40d2b1a47c582a82d171e0e209df6430fadca3f720e9b,CLEAR,"DARKNESS, LIGHTED ROAD",DRY,FOLLOWING TOO CLOSELY,2.0,48.666666666666664,3.0,3.0
12d3c971d6aff2fd9452346b7165850df50e1553bd32e733960c9eb2c3cb250f9b7586004749e7bafc188da3957488514c4dbe44f7f62382715bb26e5be1e0e2,CLEAR,DAYLIGHT,DRY,FOLLOWING TOO CLOSELY,2.0,40.0,2.0,2.0
12d3e0f62c8c0ddd3f1a257f72bbf47221d31bc50a03612732c5021b87c58310de1aff671028adc4ab942674015499df14d7351a856aa8cb4908210a400f6bce,CLEAR,"DARKNESS, LIGHTED ROAD",WET,DRIVING SKILLS/KNOWLEDGE/EXPERIENCE,1.0,24.0,1.0,1.0
12d4027b796ebbb5df44fd6da42a405f8f792d8910774d199f0e78a0791512cc989cda1912aa859a855bebe6da27e06536777f198d91cad9fe48519a27be926a,CLEAR,DAYLIGHT,DRY,DRIVING ON WRONG SIDE/WRONG WAY,2.0,31.0,2.0,2.0
12d42876ee0c97c05c01c0f26f3943045b72b6ca8435f47a8d01396498efc7f38214fe6a4b9046d5e2d3d7fa9dbeadbb646445f667700ef86e616ff163efe04f,CLEAR,DAYLIGHT,DRY,IMPROPER LANE USAGE,2.0,47.5,2.0,2.0
12d428be4e61b81bb9f846b0382d111f8c236ea95e3896f08148b1bd1b00da3f46b104e4b95cadb35bfa950e26bcc81495b88bd565fc1a34e7a868bdc9b8a6a7,CLEAR,DAYLIGHT,DRY,FAILING TO YIELD RIGHT-OF-WAY,2.0,50.0,2.0,2.0
12d43465eef904656b24bfd8eb861a1d36fdc6b475d7e57f4361e8b8bdde27648026e8ac71bda0a9ff5aadadaf8b786aa2ac10b2b6f5c5bb402a34c68a49f630,CLOUDY/OVERCAST,DAYLIGHT,UNKNOWN,IMPROPER BACKING,2.0,52.0,3.0,3.0
12d4613a9a5fb1b0339f0d274f87f02bca2bbb758656c716a03045268be8e78a1d8d23df2e65f7327a9e85ae1f165e1fdd66b98ba2184d41c69b9c1356dd21c2,RAIN,"DARKNESS, LIGHTED ROAD",WET,FAILING TO REDUCE SPEED TO AVOID CRASH,1.0,37.5,1.0,1.0
12d4656798b823215a9865b1fd5eedbf4d0a82709392e9410eac0e095d9687e049250aaa4ed60caf3e8763c00520ed7a544b9fc1e156f6696b995d042de93a67,CLEAR,DAWN,DRY,FOLLOWING TOO CLOSELY,2.0,27.0,3.0,3.0
12d46babcceca4a7739667879f1f52077e4cdb5ff8e813ed493a82328e8639485ff3c4984b732d1d94ee3705e6f02d7fb9e86338e0c1996702737d3c6bdce4d6,CLEAR,"DARKNESS, LIGHTED ROAD",DRY,IMPROPER BACKING,2.0,37.5,1.0,1.0
12d475ab31e476d9b15e5d0b2b2ca1577b0bdd676fa403bdb9d4fb02bffbd8a76fa2989c0860fef4dd224d8ef8827c4dc1ad30746d4be479cba8b8718f3c7781,CLEAR,"DARKNESS, LIGHTED ROAD",DRY,DISREGARDING TRAFFIC SIGNALS,2.0,37.5,2.0,2.0
12d48cd4da63b02242c2fdd876b32eab387c48e9930d8740f498f487055efcaab42c68678e5abaf5f66570eb3720139e76c35941e18c6862c8c51330489e503b,RAIN,DAYLIGHT,WET,IMPROPER OVERTAKING/PASSING,2.0,25.0,2.0,2.0
12d497e679de3f74ab3075f5e1b624d2178c6514fd05d2baf1e4b4dbd614dd9187f58ba3e6e3270d1fd45f4594b59908eaca13752bf0b31e4f3f57edf434332b,CLEAR,"DARKNESS, LIGHTED ROAD",DRY,FOLLOWING TOO CLOSELY,2.0,52.0,2.0,2.0
12d4a25b1758946c862c6716f5c8d9483b1fc5160bdc25af26e46f6f3700cfc0ac8a6f23f1e7aca4f84f0804e20dd2c5d9465c9d5290bb82b0a381ea9c65a97a,CLEAR,DAYLIGHT,DRY,IMPROPER LANE USAGE,2.0,54.5,3.0,3.0
12d4b31d5e291465c8dcb0a48492fb5a82bb49831a9ca63d80e06fec4bb5b05438416878c40818d5b755f9bcb39bf90e4cbcf11da64fb3a9f550924e01ce2078,RAIN,"DARKNESS, LIGHTED ROAD",WET,UNDER THE INFLUENCE OF ALCOHOL/DRUGS (USE WHEN ARREST IS EFFECTED),4.0,31.5,4.0,4.0
12d4ce80b6d087c9ae366f354797ea3c7fa789d833f4912dc8924f4fce4599555a2230be1a99057c046f4cae47ebdfc35f6298079ee6625feabdc857b1419555,CLEAR,"DARKNESS, LIGHTED ROAD",DRY,IMPROPER LANE USAGE,2.0,18.5,2.0,2.0
12d4d57648ce6c092b4628c0a5aee4e8f2b79bf8f9da2aee399cf52b1d0d058e3e0e366ac8af8fac3e8b18e1bc063e95564598d17ab269746a44a7dba035f56c,CLEAR,DAYLIGHT,DRY,IMPROPER TURNING/NO SIGNAL,3.0,51.5,2.0,2.0
12d4e2b86d265447a23d4e88c58f62ab56890ac6dd98262b987d2bb287d928177894c573899931c476966a8a92bc4ede57c057b4eb98e562ef4c823494c8bcb8,CLEAR,DAYLIGHT,WET,FOLLOWING TOO CLOSELY,3.0,25.666666666666668,5.0,5.0
12d4f809127f23c04ea58760fc1160d6a8c5297d09827973a8682fadefc91a2b8ef92c791d9df8e69d761f9e1c3f6e3dd2fbfd12518a818941b5438f37251068,CLEAR,DAYLIGHT,DRY,IMPROPER LANE USAGE,2.0,38.0,2.0,2.0
12d4fc9134f084ed60d38cfb92f5de824485f773f69684b583871ecdb45a60039b55907ae1f6a2c6ba480ffec4a7fae7667f23fb70a55434812ed9c3f1f6c6f6,CLEAR,"DARKNESS, LIGHTED ROAD",DRY,FAILING TO YIELD RIGHT-OF-WAY,2.0,28.0,3.0,3.0
12d53a1b9de6d274ba6691111eee5163d6bf1c8ba467b68d9f5c0a521a265d23121ea575c25f2d44611ece363d62fdc6d95540a436c8c34a3eda06a8a1f92a37,CLEAR,"DARKNESS, LIGHTED ROAD",DRY,DRIVING SKILLS/KNOWLEDGE/EXPERIENCE,2.0,37.5,1.0,1.0
12d54acdcfc938f8bcbf7057ecdd3ffd23657e634f1a1f08bea314a1548600cf55aad5f1481c5ec7895177c65e4892a22a5f551ee67a0ca5cca62b6466180212,CLEAR,DAYLIGHT,UNKNOWN,FAILING TO YIELD RIGHT-OF-WAY,2.0,66.0,2.0,2.0
12d564c5175bfa57f30e8ece4afd35380f58525fa2f66d81652f3bde2e9d03f1d7cd1a4b2d60d44c4985e9868bde8d00edb166e269a94dc08081f9fd88375ca7,CLEAR,"DARKNESS, LIGHTED ROAD",DRY,IMPROPER LANE USAGE,2.0,21.0,2.0,2.0
12d57265bded87eca9d637abb7e55de333c58adf1b473bb3409d4e54624ffc91ca676e52a91869da467c87549e0e0f2de913bd98d94ffecbd1dad8da15d83406,CLEAR,DAYLIGHT,DRY,IMPROPER BACKING,2.0,49.0,1.0,1.0
12d582c8b077545f2c9879e945c90f7f7d4ccbb8a7a4cdd2fef5a06bc040ab0398bcec62b98c6953bccdcddeaf52fbd6a2c567b93a2ca6ea71fb1f51bc134a4b,CLEAR,"DARKNESS, LIGHTED ROAD",DRY,FOLLOWING TOO CLOSELY,2.0,50.0,2.0,2.0
12d5ad2af5b0f085f514f9e344b9abbd16de55113a40bd6ddfc635f3322f5801544d53de3570396227d20cd0c93967b628dc2b8aa76b62a265c10befe7ce0c1a,CLEAR,DAYLIGHT,DRY,IMPROPER BACKING,2.0,52.5,2.0,2.0
12d5c19abc1f8247032f9c2006416a74dfe13310cb401d58bc80eeec69eab6a06b1704109a76cabf2e56fc2b0dfe24ac4cb95d905182552e846c4f96398fa17d,CLEAR,"DARKNESS, LIGHTED ROAD",WET,FAILING TO YIELD RIGHT-OF-WAY,1.0,35.0,2.0,2.0
12d5d0db27e509ae3afa99b209d701d77b6bf04231a78d7ad0b55e723dbe6ce6de39c4fdefaccec65c49eaeb03c142b54497665178c579c2a0a6eaa53ff9e88c,CLEAR,DAYLIGHT,DRY,IMPROPER TURNING/NO SIGNAL,2.0,21.0,2.0,2.0
12d5ec39d51140761af81ac64c8d8440026e3f2fa18302d3e5c379d939484daacd936fc3645a6c662f2eaa5b39187fea76f541c025874002b76c8cf9a787731a,CLEAR,DAYLIGHT,DRY,IMPROPER BACKING,2.0,28.0,2.0,2.0
12d61b14d20637cc297223d3e00369a74656346529552a4ca59d04021e98de547d68f1b42b7b20f323ad055583a115bcb18cac7cf25680d1a572a382c166ba36,RAIN,DAYLIGHT,WET,IMPROPER OVERTAKING/PASSING,2.0,44.5,2.0,2.0
12d64abd9fb6f33d3b30a660d11e0bc1d5bf25a01724f15150b3c1313aeb43464d91bafa951d88bb0330528e823342b2e617fe7c143b1c393c366e849ecbacfe,RAIN,DAYLIGHT,WET,FOLLOWING TOO CLOSELY,2.0,44.5,2.0,2.0
12d68368020e07a88aa3a9903923e68efb6f7c5257eac658baeacba0f00475bc1b22aea9088b577eaa548868e5d62afd5ad93bb69197003b7ccdc19120565a23,CLEAR,DARKNESS,SNOW OR SLUSH,IMPROPER LANE USAGE,2.0,48.5,2.0,2.0
12d690867224200fed618f4ebe3fbda3486f8b5e0955d579b5669c8df0a6b69c1f82a0815f6242c8770f41e871dc0f5e77217bc4f7b27f5de3de426c0996de0b,RAIN,DAYLIGHT,WET,IMPROPER OVERTAKING/PASSING,2.0,12.0,3.0,3.0
12d6987ecd6afd603305346708d47bc548c85218cc20d80f6b541c854ad7a348ea5a8f89bbd3a67d12a6504d902789d8f3e1eac03e05d9bf13e09bf5e4abadbf,CLOUDY/OVERCAST,DAYLIGHT,DRY,"OPERATING VEHICLE IN ERRATIC, RECKLESS, CARELESS, NEGLIGENT OR AGGRESSIVE MANNER",2.0,60.0,4.0,4.0
12d6a28ae46d52e53c2e91bc180f93ba84062d5d1baae2eaea32109223fc7a64bfee4a0d013d27f848e12bf15f01692bf8341583b32d8b941068d12e4d4268f0,RAIN,"DARKNESS, LIGHTED ROAD",WET,DRIVING SKILLS/KNOWLEDGE/EXPERIENCE,2.0,37.5,2.0,2.0
12d6af7af260269871573b036328f0c3991230fb095d4cbc94ae2cf345e56d6e9509f83ed0ffcd3ef7bf74343afd415ae6da078eb14e4162e4ad0bc89e9e913a,CLEAR,DAYLIGHT,DRY,EXCEEDING AUTHORIZED SPEED LIMIT,2.0,54.0,2.0,2.0
12d6f495ee307ea05aac4b1895ab04c742a45528601ae12067b71ae0a06e4c545e4156cb99186bf6962168a119bfb77108e5889402aad5e0fea12bb214e60498,CLOUDY/OVERCAST,DAYLIGHT,DRY,FOLLOWING TOO CLOSELY,2.0,23.0,5.0,5.0
12d723a3dbc728216845da8c801f9bb14b90dad2d4647d4603f93e7491ef5c7c403eee561c4641cc2297df8f00f3ef7fcfa1c6e9d7a73f25df1e22737bcd2aad,RAIN,"DARKNESS, LIGHTED ROAD",WET,WEATHER,2.0,37.5,2.0,2.0
12d738ffb1f2394f0dfebaa7b219736b0a95820873cd64872ad5d1122e8e9baca571e9b5a2de2860ab6d5a5c04054f522dddfad823bdddce07b9aaf18fb60197,CLEAR,DAYLIGHT,UNKNOWN,IMPROPER OVERTAKING/PASSING,2.0,22.0,2.0,2.0
12d79b66b467bb9940bae7e96800e10ee2c235e168054289809c8a01c7cfc5bee2eb44e989a7135c4e2a0d8bedd9abe60091021bccbc0e005550c3f3dcaf07c6,RAIN,"DARKNESS, LIGHTED ROAD",WET,FOLLOWING TOO CLOSELY,2.0,35.0,2.0,2.0
12d7b36700712c3df775eb61bf6fa9b5b973f71ec0d0b8f8ad752811c3eba96f352ff16f2f0d1a20d0213e3921e6e1a4d1ded6443e0366bf346c3f68b07cfb04,CLEAR,DUSK,DRY,FOLLOWING TOO CLOSELY,2.0,28.0,2.0,2.0
12d7d72ea4e82d231580f09f23f3f8663d17982dfcae49372054318e5192f2382e6584f422da30a4f672df49e98ee9a10256a47e0dc54086c7f6bb59fbf9b6cd,CLEAR,DAYLIGHT,DRY,IMPROPER TURNING/NO SIGNAL,2.0,39.5,5.0,5.0
12d7fe69c7a23438cc5bfc35bf27b9c274b2ab87d3da1265160ab6897f63eb0095bd1c0f1b49f30817b7ff87257c83e286574e8ab207f3ab822982715469b01e,CLEAR,DAYLIGHT,DRY,FOLLOWING TOO CLOSELY,2.0,37.5,1.0,1.0
12d803e5e0bb772d5b29f0ef8bcde857a4a7784c1560769268ad0525b090048c396fdffc4b55af46bfe3fdf6d2f82d6ff2bf5a0aba2ba8b67d84516fcac0194f,CLEAR,"DARKNESS, LIGHTED ROAD",DRY,"OPERATING VEHICLE IN ERRATIC, RECKLESS, CARELESS, NEGLIGENT OR AGGRESSIVE MANNER",2.0,70.0,3.0,3.0
12d81e18d9250d9bd0ff1eb8cd1c9d7c4f35b5538889b6e2a49682554a0e1b17e8353a8fae86987a6b31950efe4d9eb7eff4c083fad38c41c5a72b494decb834,CLEAR,DAYLIGHT,DRY,FAILING TO YIELD RIGHT-OF-WAY,2.0,46.5,2.0,2.0
12d83219ea90b64eeb61d9924ca1f7aa96a75dd9d9c1e549b3e1ee0a09eaf16a419ee3f657386e0bfc2ccfa223e6f2676f64d9b23a7ddedb8e4be25cf4356248,CLEAR,DAYLIGHT,DRY,FAILING TO YIELD RIGHT-OF-WAY,2.0,62.5,2.0,2.0
12d851fb25d810a6ca0b8d3ff406687af81c8c9884fc2f795eba77512256ec38e86f1ac5c98e5ec2b99f76175403f5829a54768cabf4a11191d24b3c3e327029,CLEAR,DAYLIGHT,DRY,"OPERATING VEHICLE IN ERRATIC, RECKLESS, CARELESS, NEGLIGENT OR AGGRESSIVE MANNER",2.0,37.5,1.0,1.0
12d883476bf225d8d4774e73f5f916abf2ae3a2c71a3e40bcc0f309a620409299608aa51b2992eeac82fb70245f266c21a36ba1d0c91bd69fd18a93d3d2a0f73,CLEAR,"DARKNESS, LIGHTED ROAD",DRY,IMPROPER LANE USAGE,2.0,32.5,3.0,3.0
12d88e96daa4cb4b29cc18c9009608544a4563e740f0403d54992c85141fe2b97030a01cf15a2e6dcbf26a12b620eec12fb6cac628fe7bd66e3aec7caa3f47db,CLEAR,"DARKNESS, LIGHTED ROAD",DRY,IMPROPER OVERTAKING/PASSING,2.0,36.5,2.0,2.0
12d8c415fb61a12e617d1e718ec92f9930d3b01bfb1c059423e4815fbf767d6c66f7cf0f06319e06349e34cf5f7f6dc6fea3d67b24049bddb168554d55b84f6f,RAIN,DAYLIGHT,WET,FAILING TO YIELD RIGHT-OF-WAY,2.0,20.333333333333332,3.0,3.0
12d8d3aeccd747cd24da09737eb9c81b9b60d989b5b3468b90c06f9b0b62517a64e4e51a88bec28b4667ae73bbbe7ecaed7a4b6a3e4ff0091f148015c47ce5a7,CLEAR,"DARKNESS, LIGHTED ROAD",DRY,CELL PHONE USE OTHER THAN TEXTING,6.0,29.0,1.0,1.0
12d8e7bdba0bd7f6a14222e5b7fff905aff089f4a44b600df956ae54fe512781063a4a44832e3d110ac2375d413e96b2754cef249292ba5b84e7db47c9da5592,CLEAR,DAYLIGHT,DRY,FOLLOWING TOO CLOSELY,2.0,19.5,4.0,4.0
12d8e98844e49ba396e1c5c61660e765b4dc0e89eff2bf0112ff51b0f4b3b5d15b1ba75da8227692cfa7fef6bf86b2dac961a0a9e281c631943ce2b2f49317b4,CLEAR,DAYLIGHT,DRY,FAILING TO REDUCE SPEED TO AVOID CRASH,2.0,37.5,1.0,1.0
12d8f35661496ed8a335604d92e3b083e0ceac6dde77c7b40dac7e14929c749586920cfec431d92ba45602ae0b64bba3540c8540f072e7c3e613eeb54a53bfb2,CLEAR,DAYLIGHT,DRY,DISREGARDING STOP SIGN,2.0,26.0,2.0,2.0
12d910c60c47fd6540fbba3e42e568e3505e5c39b1187e34f7f1c258b889faa659d8da68210e932b3f920c2981bc05d85ffd1c62a8c929cb2081f810d0dc1dd3,CLOUDY/OVERCAST,DAYLIGHT,DRY,FAILING TO YIELD RIGHT-OF-WAY,2.0,22.666666666666668,3.0,3.0