crash_record_id,weather_condition,lighting_condition,roadway_surface_cond,prim_contributory_cause,total_vehicles,avg_driver_age,total_people,total_injured
12d92330a1af734eb8535521ebd8a14adf6df8a1a13f2bbda62d73089efb5459a7fda8222c2a67094bee4ed8f14989cd015ac52d11d0eb2186fa3337b8965a80,CLOUDY/OVERCAST,DAYLIGHT,DRY,"OPERATING VEHICLE IN ERRATIC, RECKLESS, CARELESS, NEGLIGENT OR AGGRESSIVE MANNER",2.0,55.0,2.0,2.0
12d968e382a26d1b1d5309649b7625fe7e541666488bc6a752fc44a951c3654c04529c6acf13de2ff2d5e25695dc1c04b7757af70d735246399b13e61e855f03,CLEAR,DAYLIGHT,DRY,IMPROPER TURNING/NO SIGNAL,2.0,27.25,4.0,4.0
12d9b3e9b52c4c5a37afd782c5a665d190b8d81ddce376b69dfdff7b862022ca7aa87ee3cd6dc09a3ef5ecd878f1657e0d5909781d74a0fd3e88e1a98f59cd51,CLEAR,DAYLIGHT,DRY,IMPROPER BACKING,2.0,33.0,2.0,2.0
12d9beb8bfdbd497df00a8f82ac5ca22a36c22c0ca90f4d17ffcccfbe959317aa0adf3b07fccb5774fd5f25e4c3101c0a803fec9effe554803d3c57f7048b9b4,CLEAR,DAYLIGHT,DRY,DISTRACTION - FROM INSIDE VEHICLE,1.0,37.5,1.0,1.0
12da1bd3b2e1b3657fa4c60757c67dce769069a6b812d40831584611313f6ab20dc250456519ff739064e2e3d481bd0c7468af8a627e6cb756516691fea33375,CLEAR,DAYLIGHT,WET,IMPROPER BACKING,2.0,37.5,1.0,1.0
12da289be286d1875a7dc52762a216f399c73edc42f622524cba7d2b5215a7a2acc524c1e3d1a6f89211036d7e1d7b3e1c8f1f581374b30946c37a9067917a51,RAIN,DAYLIGHT,WET,DISREGARDING STOP SIGN,2.0,29.0,6.0,6.0
12da34203004fbc898625fda1aaf2ba40de9a1c2c1e64db2e96ccb1b7fe0915d427988b41f15ad576fbecadbcab67217cbd6c36805b9a21f7d4b1f8aeeea04e8,CLEAR,DAYLIGHT,DRY,IMPROPER TURNING/NO SIGNAL,2.0,51.5,2.0,2.0
12da8ae90bec8994874d97b804cbd733b707084f9ae3bfc17054db823a187a3b42eb845fbdc0e20decee1408b2f77888ee04fc0dc5d0d160d992f9dc90d4f487,CLEAR,"DARKNESS, LIGHTED ROAD",DRY,IMPROPER TURNING/NO SIGNAL,2.0,63.0,2.0,2.0
12daac2c3d290e83131b4af0ee7bd485303381f24ab759a8abe7ecff6706cbfe2b9af7de0cc2794685f8db834cda69888d8eda157ceb6b385512f5f8c6c3d8df,SNOW,DARKNESS,DRY,DISTRACTION - FROM OUTSIDE VEHICLE,2.0,39.5,2.0,2.0
12daad7400ada6535453753c9ff01f65ecd4bc418b68c4da922bb8577a6ba5e5d4224b0cc739a03ad6eec665e322bf299da13e36de0c662c84438962f83ed147,CLEAR,DAYLIGHT,DRY,FAILING TO YIELD RIGHT-OF-WAY,2.0,53.5,2.0,2.0
12dabe02da792b7d39c7691f8c72cd001bd6d423289ed393a957063c396de491736e7f8faea688afdb290ba17dca6a55ea2fec4ac4c32a453763b30589830505,CLEAR,DAYLIGHT,DRY,IMPROPER OVERTAKING/PASSING,2.0,46.0,2.0,2.0
12dadff56f1af625f4259bc0cff74c4a47c3fd2a1e022977b252fc9116a9b3c2bc4d7d17477da4afa441c9c1fd2fd2f172153e387850e41eca93e481a4737ce1,RAIN,DAYLIGHT,WET,IMPROPER OVERTAKING/PASSING,2.0,27.0,2.0,2.0
12db08cf8f767768ad3d2e98d126cdac4b869e3a654e182e4de9bd477d63c4405f61eab95485c7e42346c518313e9756b6a3ebe6ba2a911dd6cc087a311f822c,CLOUDY/OVERCAST,DAYLIGHT,DRY,DISREGARDING TRAFFIC SIGNALS,2.0,28.5,3.0,3.0
12db10d39c5ae62caa0b7d46121e833b66ec471f79f5c7f063be22696b22db8ebc19ca1581ef945f339c50c86295c6403efbed4ba404f234d3fe3cd95b6333e0,CLEAR,DAYLIGHT,DRY,IMPROPER BACKING,2.0,41.0,2.0,2.0
12db88a039d6dae47533a24a93380664ae8bd94d22a7023f3c71d2a46175572b1e60b0efdb0a867616d2f1c85696527e97809d633e55bc27e700a8a105cd9746,RAIN,"DARKNESS, LIGHTED ROAD",WET,IMPROPER OVERTAKING/PASSING,2.0,37.5,1.0,1.0
12db8a300946962be95276c82b2dc23b264141aa061c882ad8f67df6e6ccf014693332af655bf5160226022d467ab0b0c15375b1a0dd132cbd99f989822b02d5,CLEAR,DAYLIGHT,DRY,IMPROPER LANE USAGE,2.0,38.0,3.0,3.0
12db8a8449589ecbab4bb3f05d41658be4d91eb272d42496700caecc4b129751a0ef54cbb5a2f74aaf4ad19f500cfb66832b178121ab2aca5ad1dcee6276f14f,CLEAR,"DARKNESS, LIGHTED ROAD",DRY,FOLLOWING TOO CLOSELY,2.0,38.0,2.0,2.0
12db90ed3a0fd5575230f4585e901dbab32c5ac2c3ab2f43a8e6aaec474b531ad9addb7c8d32f6efb0fc9f0d2688f307d736c87feaebbd72a092ab3a79e2990e,CLEAR,DAYLIGHT,DRY,FAILING TO YIELD RIGHT-OF-WAY,2.0,48.5,2.0,2.0
12dba4d2fb380e44f31a5a594b4ec539c6be7ece06af256a3cad5adeeec07cdb297d81d918c4db7f618ade4beb336d594cb037d57ced10ae29d2a8732b1f87db,CLEAR,DUSK,DRY,IMPROPER OVERTAKING/PASSING,2.0,28.4,5.0,5.0
12dba8ad3c03894c0269479be5dca1feda04b7728abc1f515d126ec1cc9a236ea358b2169cec9f871184698e659d517615de356e9bf75f969e5aa36ffb2f2010,CLEAR,"DARKNESS, LIGHTED ROAD",DRY,FOLLOWING TOO CLOSELY,3.0,47.0,3.0,3.0
12dbc55718ec314fddc8b15106cd7662e500a97723f67f3ef0c39ffaf99bf31341de420304bea460e13bee5ec1f2b4b2be9f5db3edcc76d501caadec5c52e48d,CLOUDY/OVERCAST,DAYLIGHT,WET,PHYSICAL CONDITION OF DRIVER,2.0,43.333333333333336,3.0,3.0
12dbdf0a5e394221a0ef0bd96b664038f8d9bc5d94afc13c16055e7687a332c373d4e7962cc9a165553718d77bf5530be1eae35cd66f62b5c66e925378106712,CLEAR,"DARKNESS, LIGHTED ROAD",DRY,FOLLOWING TOO CLOSELY,2.0,50.0,3.0,3.0
12dbfe2dbe3d6cc93376fb44cbc3b78629d17198b9dde72c20343c8024568d6cf9cb5f2cf041497f4fd204de6a18a2095e2d8727d8ab5b55f76913fe4505dc7c,CLEAR,"DARKNESS, LIGHTED ROAD",DRY,FOLLOWING TOO CLOSELY,2.0,23.0,2.0,2.0
12dc15199acf3e5f543b3e6f0d403ffadda7b6657109a8741210cbd5ce143b49bb277e7f9c1d3b0087b0af7c1e98ca41c393cbd0df88e22354e631eceae05e83,UNKNOWN,DAYLIGHT,UNKNOWN,IMPROPER BACKING,2.0,37.5,1.0,1.0
12dc7771e9a9624fa8ec06c59a8de8d1101a34143787f71ce7a528675f53b9300a88884bba6b911114dc625d777916475a08a8f0321281bff14dc06a0f0653d2,CLEAR,DUSK,DRY,FAILING TO REDUCE SPEED TO AVOID CRASH,1.0,37.5,1.0,1.0
12dcc22fb1e9a88c8ae63cfc9cca37aa317ad8d0dab90aa37248ea682ae5c452596c9b3aa3a5827d70cf98f5efa6da80f56f49b368ae8f7d3372ef93c8aaec69,CLEAR,DAYLIGHT,DRY,FAILING TO YIELD RIGHT-OF-WAY,2.0,27.0,2.0,2.0
12dce7a774a11759cf485b05fd83727e778f973b7246f1df2c71aa53310d877ac46251ac6cc065dca9dc486a71ea94ec0cbdde930419dd4c2241d5fe93fdd409,CLEAR,DAYLIGHT,DRY,FOLLOWING TOO CLOSELY,2.0,30.0,2.0,2.0
12dce81647b477c41bb24f820b6a96920298d5000b720d1aeedb0af5bd0dd7be6814e927f1304e58d5c5c2f6eafe29cbb62763dbdf306a14d782883f06641047,CLEAR,DAWN,DRY,PHYSICAL CONDITION OF DRIVER,3.0,41.0,2.0,2.0
12dd300136d592a6da5d014558d4839a241dd0b75c3846d318fff32bd7e2a722aa3cbcf00668fe278fc5fd861b68e1ed449463336ed09069883c08ba9c8d2a1d,SNOW,"DARKNESS, LIGHTED ROAD",SNOW OR SLUSH,IMPROPER OVERTAKING/PASSING,2.0,31.0,2.0,2.0
12dd48a3e53fad3cf0e2a33d87c845f4769e670aaf828fed0f93069399453d3be4bbec51617d8538529afe003ec1c6b356a6b5ace4c5ea5a1580b211263516cc,CLEAR,DAYLIGHT,DRY,IMPROPER OVERTAKING/PASSING,3.0,40.0,2.0,2.0
12dd4d419bdcbeff7b8316e37b31aeb31d72788ef26a69f9789f1e090d2e27d287fba81b2f47127185d5ad239fdc289648a24ce3b91c9821f29a52deaddc4122,RAIN,DAYLIGHT,WET,FAILING TO REDUCE SPEED TO AVOID CRASH,2.0,30.5,2.0,2.0
12dd9f0142e154e6db8e1a1a6b0585f89a41cad6344d1122b2c95ae62c412ae92ac9b7464b0a4f3616fc9f11a5b1d41c3f57943ece63b761dcd020ba56f36bd3,CLEAR,DAYLIGHT,DRY,FAILING TO REDUCE SPEED TO AVOID CRASH,1.0,28.0,2.0,2.0
12dda399260af38ea4058f9fb6f4f10183b3e978b1809ac9bd0c4126b5c316bce10b01136864c78dbd5ba226fa1c00da88e34a2d791eed26d09d41d1665f6276,CLEAR,DAYLIGHT,DRY,DRIVING SKILLS/KNOWLEDGE/EXPERIENCE,2.0,30.0,2.0,2.0
12de0dbb7efc969ff4f9bb5f819901e95dfab16a66a054a4959eb6c7a3ebaadf32111845b40eb08d013eba01b82e32e0adb8f317861a057f0cb4e6cbbcf627cf,CLEAR,DAYLIGHT,DRY,FAILING TO YIELD RIGHT-OF-WAY,2.0,71.0,2.0,2.0
12de43ff0ec7a125bcbe589e0dc9ff42699c085ba74d9914f3834b5ce20becc0d9f42098c0c7dbc29be6ada69d46353d5fb45b63fb3ca1722dfa97b9fc2b639e,CLEAR,DAYLIGHT,DRY,DISREGARDING STOP SIGN,2.0,18.0,3.0,3.0
12de574b8727ed1ed38d33a8bb58983a4440ead8756d111dde4edc4d111a8653d53c51673fd9e414bb3c716a6008e9f7dd30afb8edfa328157680c65b717351e,CLEAR,DAYLIGHT,DRY,ROAD CONSTRUCTION/MAINTENANCE,1.0,71.0,1.0,1.0
12de7f7ba9d89d2a4cefd692f0588915a52ae53af4a68107140b287eba3776fcea8f6655c91be8906a3a66c594950693d8db012ded26c85bc5293d0efb6bae69,CLEAR,DAYLIGHT,DRY,IMPROPER BACKING,2.0,42.5,2.0,2.0
12de9cc5ab63bd2ef48adb62c0fb733b6bbba0675e38ab31a814bd2316873d1edf7500aead5bdb0abe700562740845d0d5b848279aa1b6f98749af6fa759ada0,CLEAR,DAYLIGHT,DRY,DISTRACTION - FROM INSIDE VEHICLE,2.0,67.5,3.0,3.0
12deb45df9d8eeeeb9a4dab1976fe624c95d0ad3d988d6122e268b1ea5124f8e919d83baa2ae2e360aea8f698fe9ed061e836b543bc1c623e2087fb5aff253f2,CLEAR,"DARKNESS, LIGHTED ROAD",UNKNOWN,FAILING TO YIELD RIGHT-OF-WAY,2.0,37.5,2.0,2.0
12deba1bcd9cf8b94e4457fd58cc9bf8b9effdf40c0bf2708cd942854c61f8df3234a26e1880aa992519c1698e6fc649b9c76d852c68e8c261062d01c0e261a2,CLEAR,"DARKNESS, LIGHTED ROAD",DRY,IMPROPER TURNING/NO SIGNAL,2.0,23.5,2.0,2.0
12ded6d023ca718d9588bc68b66a09a8006eb777134cd8c5ba1b78ab69d31e53c90a445ca36e5926a59a44e9598d1e1d2f106fa0e3b409348e23640117759dc2,CLEAR,DAWN,DRY,IMPROPER LANE USAGE,3.0,60.0,3.0,3.0
12defe4f89f916947aa09797bfdd85d766c93a181882a189873f45b99c3fc0252ba1b2b78a32d95ee3630878ae3bc83cd086b0f04108c526f76843c05511223b,CLEAR,DARKNESS,WET,IMPROPER LANE USAGE,3.0,43.0,2.0,2.0
12df06bf971021315f374ef9fca699ef97e8c7e8d4aa7fd6ebdddc50e58c701673b4b0493317718d5beb2b48b52fbd913b500afd4981fbd0d095c0019350b50c,CLEAR,"DARKNESS, LIGHTED ROAD",DRY,IMPROPER BACKING,2.0,24.0,2.0,2.0
12df20acfa77b0b71ddaca02f01be218af126f7427f18a84a41457ea36f8ec94af7510c31538b8d15c31857383ee28ed6eb574b236503b8a2038b7ce6811990b,CLEAR,DAYLIGHT,DRY,FAILING TO YIELD RIGHT-OF-WAY,1.0,61.0,2.0,2.0
12df37556f893a2e1aa1969a5ffe52ac2e38cc3872d5a6ddd2cc4ca57d9fab6784918d1e96fb1596b56d462d27fe19f6ba41bf3df50196717edf8d0f7c71b76b,CLEAR,DAYLIGHT,DRY,IMPROPER LANE USAGE,2.0,24.0,3.0,3.0
12df40fe1f9412f700b48960ee11e231f22171890eb7629c5e98e209473a56a0aea646ac21342d8c5e3246491cd919e4abe1420a6853da9b359e729340e96618,CLEAR,"DARKNESS, LIGHTED ROAD",DRY,TURNING RIGHT ON RED,2.0,64.0,2.0,2.0
12df43b6af60a1283bd686e240ad9142c663a007de762a070749c7f5183df3863db0040e6dde76f9574680e853d6fb83071838160bf6d64da3a58239fd075fc5,CLEAR,DARKNESS,UNKNOWN,FOLLOWING TOO CLOSELY,2.0,50.0,3.0,3.0
12df4c2ac9d63a8569959de3e68936cf665d016268d9631d73e25d05fa73a1cf271bf06016e576301e6432dd00b014222d30a3a4e57d54277d2e4849e9c75985,RAIN,DUSK,WET,FOLLOWING TOO CLOSELY,2.0,37.0,2.0,2.0
12df5ee9d8ecab7bb86143c9560c2d018f1e45ca89cb23416a2de16f98a5a0caeaedf78563a540b6d5dd40913071e63f2f5f21bb76ead22c65044526a7733187,CLEAR,DAYLIGHT,DRY,DISTRACTION - FROM INSIDE VEHICLE,2.0,38.0,5.0,5.0
12df5fc90856777663ad1032ea0b818d78601683078a51c2ae2d4de618f6a832fe5d11f0a8f6ebfea5124e7ee9e442539a2b39699a8c2f7c8af1668f05a372df,UNKNOWN,UNKNOWN,UNKNOWN,FOLLOWING TOO CLOSELY,2.0,21.0,2.0,2.0
12df6e355134d653f6c6591f43b169cce13a3107de42ec690be18029e514bb05319333cce9a37808ed333a7afc52086d44f14fd0384114038864d54d3852e841,CLOUDY/OVERCAST,DAYLIGHT,WET,FAILING TO YIELD RIGHT-OF-WAY,2.0,51.0,2.0,2.0
12df80f5f479e3077473367d2ccf79d7f6371479ad12c59328a82f3513140273ff3f52b35c4f5a0c1ea504f1adbb13ecba3eabc53404754728d2d71cbc83b4ef,CLEAR,DAYLIGHT,DRY,FOLLOWING TOO CLOSELY,2.0,37.0,2.0,2.0
12dfa29e3500c6d68511337fbce2bd7bde1b4da51cf40289a9ace0206174e0a0e7103e5fb3e6578c972d1995723a8434e7b27ae0ce07ea2ed568e62d2447420f,CLEAR,DAWN,DRY,DRIVING ON WRONG SIDE/WRONG WAY,2.0,45.5,2.0,2.0
12dfbaef180a2e88bba5c0670d6fc03bab3d7081ca0dfefdafca548e5a76ed6e1008e7fc856f39b75616a5a35955cb355f4c12f486881c707cf674b6fdc807cf,CLEAR,DAYLIGHT,DRY,DRIVING SKILLS/KNOWLEDGE/EXPERIENCE,2.0,59.0,2.0,2.0
12dfeba096ca570cbb468a37d8aebaafe764d12d3e1f923cb7df6821b6b2d9bde7a935f233b3fb35c0fbe862d04875909721fe8c47e78ab32e24cca6fec056a9,CLEAR,"DARKNESS, LIGHTED ROAD",DRY,FOLLOWING TOO CLOSELY,2.0,31.0,4.0,4.0
12dff18f839f0abd9f4f63bccf5a066f7406e10300928001c2aea09f70160dcc3b3b0efbf6a5031bb82e09b11b74ddedb22832ffbb34e02fc09a4a0412ea6336,RAIN,"DARKNESS, LIGHTED ROAD",WET,DISREGARDING STOP SIGN,2.0,27.666666666666668,3.0,3.0
12e007b7247f99943bda320f0e46ec5393aa231249245dbfe6a214ea7c4da6591fc0b8265414cf3974da77d7a1310bb69a6902ec64f20e8aed1b0b6aa49757e8,CLEAR,"DARKNESS, LIGHTED ROAD",DRY,IMPROPER TURNING/NO SIGNAL,2.0,33.0,2.0,2.0
12e02429e36fd689cdc8fe3edb9e8c5e3ad67f04ae03dd9cfa3f7ce9c47f339ff677b7dcd335bafbaeb82ccbc3f1e434c4db821b5c1e8facc7a8be650fd99211,CLEAR,"DARKNESS, LIGHTED ROAD",ICE,WEATHER,2.0,18.0,2.0,2.0
12e0420e21d9c1dd5d5ead84e67f938e38286a646a4eb6dd8e403e74ae992ab5a5fb6b3506418e2624cba7ffed98ae53642c9afe9e2954a2cc413e6a47293d00,CLEAR,DAYLIGHT,DRY,IMPROPER BACKING,2.0,42.0,1.0,1.0
12e04fd331a3d83c443e48440b321ec89a98a380daa85e0661a1724d66eb5796c67565782c89f26c4fecdf7b5820614919f6a8f836b6abe18667a73d39eb067c,CLEAR,DAYLIGHT,DRY,DISREGARDING ROAD MARKINGS,1.0,37.0,2.0,2.0
12e0bebe447d6bf6e4fcd78fd7308d70f0c0018aaf09272d7176346a6dc0aa33bc69d020e367874ed9f8ed4b025a441ffd544a0f8fe1ffe5553070f5ec9d26d0,CLEAR,"DARKNESS, LIGHTED ROAD",DRY,DISREGARDING STOP SIGN,2.0,29.0,3.0,3.0
12e0c4c0d229760bb0243a0b2c118d2b3a493fb99242b9254e80cdb886b6cfc8e005410a8c517ba60b0541f08538362bf700db2d227b234889615d9554a55d2a,CLEAR,DAYLIGHT,DRY,DRIVING SKILLS/KNOWLEDGE/EXPERIENCE,2.0,24.0,1.0,1.0
12e0cb080247dcde67e1535feaf7c5a186f4a855e8a2959af71105a7e385cc9569819d915ebbafc91ec98287cf4db465cac00120b3cb114f996f8496d62570e7,CLEAR,DAYLIGHT,WET,FAILING TO REDUCE SPEED TO AVOID CRASH,2.0,70.0,2.0,2.0
12e0d0d6121fb1876d1f56b892dc7772b16381da82339517f52e626e3f7d748e2d73ad8f19c4684a9e9f26967990e2b6f715628d17d3f792727927dc4a1d80d9,RAIN,DAYLIGHT,WET,FAILING TO YIELD RIGHT-OF-WAY,2.0,47.5,2.0,2.0
12e0d585b3c35f6cc200b4f3248b5922972d8d00aa4582436b80e406128cc064ebf85898502ccf20048e41bb45fddb7135c2fa974ba2a5cfb2079dd39dc4e2a0,SNOW,DAYLIGHT,SNOW OR SLUSH,FAILING TO REDUCE SPEED TO AVOID CRASH,2.0,37.5,3.0,3.0
12e1041505296fc4a2fe5884ea189c9d9ace857083def5527857c74b3e1310b027f3f61fe252ced10a04758e6752146640ae70842b355c4cafa6867899a90a5f,CLEAR,DAYLIGHT,DRY,IMPROPER OVERTAKING/PASSING,2.0,41.5,2.0,2.0
12e14e360a3aa9d4fe7a82ec4119a7aceea21fc5609aff0c59d7fc01ab73230a47c7de153e2662ff6da36724da4cf2c0cdc0ec1234c25f5f96198383dc7c491d,CLEAR,DAYLIGHT,DRY,FAILING TO YIELD RIGHT-OF-WAY,2.0,45.0,3.0,3.0
12e172c523592ad78101d997ec4589d473a1c348d6bf79e3f70eb3ce2dc997f805d38ec0504d1ccb5c7b2a1f39afd008457edb264da600e0411b7406bec44a87,CLEAR,DAYLIGHT,DRY,FAILING TO YIELD RIGHT-OF-WAY,2.0,35.333333333333336,3.0,3.0
12e17602439448addc0f09b2316eb44c7721734fb75437cc1a5057e13abdabc3494ecf72fe9eb1dd94ba3cf1d4dd60cd66760d4846d98b0a7a361054aa48e53d,CLEAR,DAYLIGHT,DRY,FOLLOWING TOO CLOSELY,2.0,53.0,2.0,2.0
12e18cafa5ba8df918dbe9a5341ba368898bc4f96b3f4b303e18faac4af2703fc4bde79609d4d077a001bd7352bdf0f9e9755702f349530fdc719b14e2c5772f,CLEAR,"DARKNESS, LIGHTED ROAD",DRY,DISREGARDING TRAFFIC SIGNALS,2.0,33.0,2.0,2.0
12e19f34a67c10467b6459ce7a59846106851afc483ad655e61b04b16c391da1e5767a41611f1cfb69f91a93cbf3a408650f51a671b7a92e85728203a5ea5c7d,CLEAR,DAYLIGHT,DRY,DRIVING SKILLS/KNOWLEDGE/EXPERIENCE,2.0,26.0,2.0,2.0
12e1a3c65dd03dc7cd0e7b73b7ac426687f8e191e3200c66c9c5d5f8e4ab2f58f33991882f06ecb8010f944002966868b961d479073943c84beb59de563a99e8,CLEAR,DAYLIGHT,DRY,IMPROPER TURNING/NO SIGNAL,1.0,34.0,1.0,1.0
12e1ad59ef1859c42d97a65bcb37e00a634a5ea65416954f83ab6d84779e6ea7005b59cb7bffedc55d5d8a8f2a639bf0964fa8b93b1543fcd88e5811273f9d53,RAIN,DUSK,WET,WEATHER,2.0,22.5,2.0,2.0
12e1cbb9d47f2eaffa84f0a284c8164fba258f798772d7baeea92fbc0a7233094d878f6d5ce5abdb56cca2ded51f72db168c5987269887e7d50eb9c88537fdef,CLEAR,DAYLIGHT,DRY,FAILING TO YIELD RIGHT-OF-WAY,2.0,23.0,2.0,2.0
12e1d8cbf67b582341267cd9b4747a7cdf884a390dde667f1c38d3a7a5b43080cddc24ae91d3f146e08e422a8b88ac891ed8bb6b7ec9c32871cf82ce8bf751b8,CLEAR,DAYLIGHT,DRY,FOLLOWING TOO CLOSELY,2.0,35.0,2.0,2.0
12e1feeb7293dd624214419e7dbee1b0422491e505a84d733a73d5e28e207819ed6874fea72c2d2888e545ffcec400626512de66e8fe5c82d3660098b2e2c027,CLEAR,"DARKNESS, LIGHTED ROAD",DRY,EQUIPMENT - VEHICLE CONDITION,4.0,33.0,1.0,1.0
12e218a696ad661182fe975fdb23d277b0fe631021e1b2a820e30aab0e80e9f492a719b31591005f2cca6be1a7f64af7bff19dd2ed2ae01b759bd685f17b64c6,CLEAR,UNKNOWN,UNKNOWN,"OPERATING VEHICLE IN ERRATIC, RECKLESS, CARELESS, NEGLIGENT OR AGGRESSIVE MANNER",2.0,37.5,1.0,1.0
12e23b4d0814a5777025447761fac27d896b7825e7d38d831871aa9e7b8a8f6058d52db2d4ec4ab3c686b963cdde5fca888b8185407a8b09c680bdde0e274a8b,CLEAR,DAYLIGHT,DRY,FAILING TO YIELD RIGHT-OF-WAY,2.0,42.5,2.0,2.0
12e26e8d7f1336168954250a00d130931cab331710ef384eabb600c3928f15221ae12dc5697671df4b4518a7d679a54c44bb489d6dc33c9217e0d82f2de87521,RAIN,DAYLIGHT,WET,WEATHER,3.0,37.0,3.0,3.0
12e2c20d499b8423f67ee7da2d5b78c5d5cad1904d7867338261a1bd871a6c50e488000a51146b4fe5bc5cfb68fd6c2790cc0cae681b8f4d54cf506ca10e024d,CLEAR,DAYLIGHT,DRY,"OPERATING VEHICLE IN ERRATIC, RECKLESS, CARELESS, NEGLIGENT OR AGGRESSIVE MANNER",2.0,39.0,2.0,2.0
12e2f02bf1d089ee170258b0ba596b0c54463ea59fdb44d47e937fd15396332faad60cdd6971345ee61bdc28bb9234d2ad753719af98a424c7c71200e78282b5,CLEAR,DAYLIGHT,DRY,DISREGARDING STOP SIGN,2.0,53.0,2.0,2.0
12e2f257dadb8632c2b137db1559a02b3d3a9d449153c8ad72dc379cca4c84869e101223fb5b9c8541c75b7e6c48876b120b2baf9372cbffce59aa736ac1659b,CLEAR,"DARKNESS, LIGHTED ROAD",DRY,FAILING TO REDUCE SPEED TO AVOID CRASH,2.0,42.5,3.0,3.0
12e32c21989209cad49fdbb9a2f29f8725171f740f7bdcb00702d39fe8a88003fdeaca34059ab222db81c88082035ee48ef5c16d0f4b7de129a291e2913d9457,CLEAR,DAYLIGHT,DRY,FAILING TO YIELD RIGHT-OF-WAY,2.0,22.0,3.0,3.0
12e32c4d5d957864122b66421e9f406bf7bfebc1279333b6fe29914cca8fcfad730ff0a54ccbcfd5ca3d5b1749ac0c30e58a063c915e685a1a9766cedbf55b46,CLEAR,DAYLIGHT,DRY,IMPROPER BACKING,2.0,51.0,2.0,2.0
12e330efe0e33b0449ac4b95f7934125239a22cdc8f63053dfaf18d56f7f9d1289ee875d886bd436505be568c2d8fc092330baebdba9f54ef49978fb5051ca7e,CLEAR,DAYLIGHT,DRY,"VISION OBSCURED (SIGNS, TREE LIMBS, BUILDINGS, ETC.)",2.0,36.5,2.0,2.0
12e334cdcf14142eaf61d1dbcd27c395ab5541c4c3a72d1b7611097c7a88bc4124a6d7bba4472557edc93168f54a97f9a2d561156d92cb35b5e484a84ea857d8,CLOUDY/OVERCAST,DAYLIGHT,DRY,IMPROPER OVERTAKING/PASSING,2.0,42.0,1.0,1.0
12e35e7fe7095792d8aeacd464e5e1facb40c3ec3672736b0e6a0a79038c7fc5e55500c90216dff957795bfd933dec155fa961d5b16a06be7e4624f9fcd251de,CLEAR,DAYLIGHT,DRY,FAILING TO YIELD RIGHT-OF-WAY,2.0,35.0,2.0,2.0
12e373a0f1c55b25a8c0ffc22a510374e4a399f9c6bc5cef651120f72958344efc9460b99420f8667530aa1bf2fa9ba083f7ef04b6d12821941b9d480a5bbab4,CLEAR,DAYLIGHT,DRY,IMPROPER LANE USAGE,2.0,36.5,2.0,2.0
12e37ad3bf72981e3ebd581f1704408f5b633b244986b9cdd27d8f030fb0db104d135337392311d85dc17f0c0f87a05d7936e72d8a2a29ce6ff7680215e0ccba,CLEAR,DAYLIGHT,DRY,FAILING TO YIELD RIGHT-OF-WAY,2.0,44.0,3.0,3.0
12e39a35314e734d664cb8db026f412cb76a700b75bcba0ab3c1a69f1f6a14a3ddf1d78b1c146d52157772eb809afa63c6af4cf5631661080971ec09c07f1a6a,CLEAR,DAYLIGHT,DRY,FAILING TO YIELD RIGHT-OF-WAY,2.0,23.0,2.0,2.0
12e3d7ed13bce6858bef2e41ab09a01bf32a1821f3f6b52c6c7b3ccd1e59074e037e31bdec8f597a1341874dc3b7405bb011cf75edd3c147aebb36c271d3a723,CLEAR,DAYLIGHT,DRY,FAILING TO REDUCE SPEED TO AVOID CRASH,2.0,54.0,3.0,3.0
12e3e753bee54edb44c241111fbe4001c5acff5ce66bbb3d9585b0acb9b689a91cc5074e1b286c94e49b529c422807cd7488191503dbf5ead9c697629d80f539,CLEAR,DAYLIGHT,SNOW OR SLUSH,IMPROPER TURNING/NO SIGNAL,2.0,48.5,2.0,2.0
12e3e8cc241c9ca8191dc8c87d75df5f0f6fea0358fc00f2dac5678f3a4261e7d013edb70c833a95a10f428e6b3255ed5648acce18376d9fc2764ad2d06488a0,CLEAR,DAYLIGHT,DRY,FAILING TO YIELD RIGHT-OF-WAY,2.0,56.0,2.0,2.0
12e3f243a0b94daa82ae10eeb2e6f43bc41f576cb6b80d5851f1ca406fb30266921eb03069a449f9a7ad240b61312899adc42702fbbd9ad3a5a5c86fdf0c3bd9,CLOUDY/OVERCAST,DAYLIGHT,DRY,IMPROPER TURNING/NO SIGNAL,2.0,41.5,2.0,2.0
12e3f84a395ba30d1f1f498108538e936ff74714be82b145d4fbee3eaccf9b3089b6de4468a509ce45c3b5df974b27c6b5b14a7ba6b7f18692eea9366517c8fe,CLEAR,DAYLIGHT,DRY,FAILING TO YIELD RIGHT-OF-WAY,2.0,50.5,2.0,2.0
12e3ff85643ea110a568489c03a07065f6e06c13167d721a3ea590a562e644cee33f349bb5a253099a58b245ddb35619daadb0c12dfb96d66a3e33a9877b7566,CLEAR,DAYLIGHT,DRY,DRIVING ON WRONG SIDE/WRONG WAY,6.0,40.0,1.0,1.0
12e450827b1b5ef393ebed0ff12b440fca2660e04b2a56a75f6f5f2dc6f493d793b96b54537e78babc858b631fa420a602910545418aeee04213830fc2235c42,CLEAR,DAYLIGHT,DRY,"OPERATING VEHICLE IN ERRATIC, RECKLESS, CARELESS, NEGLIGENT OR AGGRESSIVE MANNER",5.0,19.0,6.0,6.0