crash_record_id,weather_condition,lighting_condition,roadway_surface_cond,prim_contributory_cause,total_vehicles,avg_driver_age,total_people,total_injured
12e465bee8e2606eb57dded927f548a8c9d6fbee83d2aff9c668998ff1dcd9d381b56bd103789a318bff6f167d04de8b295d60f588ea82db825fe2f400636598,RAIN,DAYLIGHT,DRY,FOLLOWING TOO CLOSELY,2.0,72.0,2.0,2.0
12e468b05fcd60fdd0361c6f056b7dfa4048327527475515383fc81dfcdd2b9aee8ca3e0638c73d167ba0b054116b7e899d3ccc05d1ab50b31755043be8b4550,CLEAR,DAYLIGHT,UNKNOWN,IMPROPER TURNING/NO SIGNAL,2.0,47.5,2.0,2.0
12e47d9ab12ff5dd40fa44214834c165f5b27e3bf1589483d7393c9f536ce8d137721a5fcde517489601c869a8c921fa94bb91a31e9d050006cf54131738e815,CLEAR,"DARKNESS, LIGHTED ROAD",DRY,FAILING TO YIELD RIGHT-OF-WAY,3.0,26.0,3.0,3.0
12e48e22092fd65e3ffcf0476704fa808e53a03a7e659414f05f49ece9cf76810345508f4b5e604fb9e45e75591b4c31540c0baf87d74eb765a9da004dd2e959,SNOW,DAYLIGHT,WET,FAILING TO YIELD RIGHT-OF-WAY,3.0,29.0,3.0,3.0
12e4a62cc5dc137ec648c3172aea3dd2336a86b7f7f86e66dbe5af2804b00a0720c65f3cb4e04b88a1d3bccebdcfe13c330fa9bc6becb5f7963c723014cb213f,UNKNOWN,UNKNOWN,UNKNOWN,DRIVING SKILLS/KNOWLEDGE/EXPERIENCE,3.0,22.25,4.0,4.0
12e4e325c6711599e51f76941c91c4ed2e217b0cebf0a85e70d28b34ff30d595bcdd94dee48e08bb8b77aa34853103f3e4ab6d885e620c1afcb7bac8d4de79da,CLEAR,"DARKNESS, LIGHTED ROAD",DRY,DRIVING SKILLS/KNOWLEDGE/EXPERIENCE,2.0,39.25,4.0,4.0
12e4ec0879a7cbacf77fcf62dd882b4112f9f35544790d6112b1e209da470b40c925e96a667252aa6c6539037d786055103da12d83bcdb43876a0d264a65f070,RAIN,DAYLIGHT,WET,IMPROPER OVERTAKING/PASSING,3.0,30.75,4.0,4.0
12e50354cca49d4ffd3f110df55748682ae54a7d8ad134f0762ceb2d7ead907e85996619d24719784fe76b2f3a591c8c79d76268c063404359263029e4f86192,CLEAR,DAYLIGHT,WET,FAILING TO YIELD RIGHT-OF-WAY,2.0,32.0,2.0,2.0
12e506409e17505af6d93fcc489a4bd24be6a848428e535571fb9c2ac63d790a2b93fdf6c37b03e496f0b420b4b34a78936cfa61ccfd3d68686f0649d8c3419b,CLEAR,DAYLIGHT,DRY,FAILING TO YIELD RIGHT-OF-WAY,2.0,55.5,2.0,2.0
12e51d7a652956ee4852b2a157a9eb4103c52e668c3cc4fbd0dfdb73be42de7cfa9cba8e32c948477e97bf2ef014376bd721f041527aa8e1fc896f449b0f2fb6,CLEAR,DAYLIGHT,DRY,FAILING TO REDUCE SPEED TO AVOID CRASH,2.0,32.0,2.0,2.0
12e54fe99e0420556c0ed66fcca2a376d7febbdde961f5363bbeb40c3a64603c39643291c12064c3389739bb3d1bd9fc1a537eebef1a7983e680e2172bf45762,CLEAR,DAYLIGHT,DRY,DRIVING SKILLS/KNOWLEDGE/EXPERIENCE,2.0,60.5,2.0,2.0
12e5546b2962f995abfe364241c8b4ae2d68b23b13b794711c8b76d31ec3319dbd4cac45dff1b5e154487d89e2805360cefeb42b72ff0b271f35ec35ef72f568,CLEAR,DAYLIGHT,DRY,IMPROPER TURNING/NO SIGNAL,2.0,35.0,2.0,2.0
12e56aa96db88830d6706f4bf7b67d8560e423ecf855bf528c8e4f13eaa266f36539660ddfe4f70bd50a2aed2252535a88cc8ed20e84d4cbe0d9959aa14b5e87,CLEAR,DAYLIGHT,DRY,FOLLOWING TOO CLOSELY,2.0,22.5,2.0,2.0
12e571ce70775df1a6738069c4550f0b6b27ec8238fa9912efb6e3f06c4983675f573db228d6aa367a3353e1828cfc6e8b2c060247d6d1ccb5667a778494928f,SNOW,DAYLIGHT,SNOW OR SLUSH,WEATHER,2.0,50.0,2.0,2.0
12e577845ce0b86a4ba94563783575acde503c9b09e3bb0751f1bd8dadc19f9d333624a54328642157250963a40abec3200a71ee13bf658395936bbf1595fd19,CLEAR,"DARKNESS, LIGHTED ROAD",DRY,EQUIPMENT - VEHICLE CONDITION,4.0,21.0,1.0,1.0
12e57f31ba1d2f0884f85f9d346c9ac84470b0ee7c01830df94f552c0741986714277ac0442e97cb06e60c6bdc8c9eb1a23790c629967c9500289eeee5708248,CLEAR,DAYLIGHT,DRY,DISREGARDING TRAFFIC SIGNALS,2.0,57.0,2.0,2.0
12e59cc6fefd20974421619290c2b26e8324d5fb82819a63d54158a908d5cd6b03b6366ebe3632834fe775e11f629cf52a308c03e6a9aef3178894c1a39fb5c6,CLEAR,DAYLIGHT,DRY,FOLLOWING TOO CLOSELY,2.0,32.5,2.0,2.0
12e5a039a33431e2e82fb3a7c8aea769a5e58f59e1895fd955370fda7b7ee3d0b39c96d91fd326fc23f0dc08c032a9c9caeee28a8547901cda33544ca28bdc24,CLEAR,DUSK,DRY,FAILING TO YIELD RIGHT-OF-WAY,2.0,46.0,2.0,2.0
12e5b630885490a6fc6319637f9ce0654f4be3634a08b4be69e83bd40b7efbe218aa258c9f36f72dcefede4d06f99ed6f6de1027b10b3e3353d09d8a61217587,CLEAR,DAYLIGHT,DRY,DRIVING ON WRONG SIDE/WRONG WAY,2.0,35.0,2.0,2.0
12e5c28d3594936975f35227950c732f899e11a60f5f18f717ada40a0b7a3949ade8d420595338f46bdcbc4d21eabbd5d650946feb5c2fd356b170bb44bea60a,CLEAR,DAYLIGHT,DRY,FOLLOWING TOO CLOSELY,2.0,47.5,2.0,2.0
12e60b35d37b6ad5def00ab1b0b593eb692e697b24bc6a72341acd21d531af77e4b65d7b6050dd8fdaeac30ffe6fcdf619a6bda8201acf993ca59db143d65952,CLEAR,"DARKNESS, LIGHTED ROAD",DRY,FAILING TO YIELD RIGHT-OF-WAY,2.0,35.25,4.0,4.0
12e62390588c3c6f0a5064effd689ed2d161c0742f846ef5d9c3d3b69941543567dd1fbaf1bf0a32b21c24ced6cd76f400619c29aeaecdec37071a8b6ab33713,SNOW,DAYLIGHT,WET,FOLLOWING TOO CLOSELY,2.0,28.0,2.0,2.0
12e66f197b69ac344120a7773e587bf87faf90d7eafd79db14cef571f7bf4b45aacfe53f0c4aca18396dc63a870bf48cfb9792e7cf2356801dbff3c8f64fc68b,CLEAR,DAYLIGHT,DRY,FOLLOWING TOO CLOSELY,2.0,27.5,2.0,2.0
12e684cd10011a3d5b719973b1167a8cc2d380f6853ae9918dd62dd81b0fa42c7a18e02b8c4491b827189e34b919b8e1e96553764a0975d7da01e543605da80f,CLEAR,DAYLIGHT,DRY,IMPROPER LANE USAGE,2.0,38.0,2.0,2.0
12e686f9d0699daa1f6232060077f6aa846a6bc288a33cde4595f0ac46656ad7612d70e65a3b4a435250023b35cde085ab37bc14f77f06aba85e2d60fe44289a,CLEAR,DAYLIGHT,DRY,FAILING TO YIELD RIGHT-OF-WAY,2.0,38.666666666666664,3.0,3.0
12e6dae950d56aa2d88cbae3e89ea538f1c9556d9fed5d14836cffae0a205e3b8f94a95bf224f516a596479417b4b9f7c34bd62d60f7b3428e10ed4658ae5ed7,CLEAR,DAYLIGHT,DRY,IMPROPER OVERTAKING/PASSING,2.0,12.0,4.0,4.0
12e70acb4a80a56bdb38398014cef295b681f4f546c0af39c5faeebe3ca92a4471c5cff516373cc5ed81798cbda62884bf49b7234d2540f2e03414d6d7a7561e,CLEAR,DAYLIGHT,DRY,FAILING TO YIELD RIGHT-OF-WAY,2.0,28.0,4.0,4.0
12e70b7745f6c16c2732d8e9f02c39a000f96260d43a315aaa02836f16421d6c448be988b8ab7e2f1be46c3ebb37ab56f7408c3d33349056899fea28c955180a,CLEAR,"DARKNESS, LIGHTED ROAD",DRY,FAILING TO REDUCE SPEED TO AVOID CRASH,5.0,29.0,1.0,1.0
12e76a09f173c1388b6818ef2d1404b699e749ed4d459ba60744507b75cd1f4c55706ef4f626f7f7371bbfad570022dd51056d2196ceecbfed08ca73b622bdee,CLEAR,DAYLIGHT,DRY,FAILING TO YIELD RIGHT-OF-WAY,2.0,39.5,2.0,2.0
12e772b95b81ffda0d4d46b9e53063d0c9ca5e0a9bb5f71d75b347660528e8a4d6690ee412b7dc03519e981a9b950171df3aec0479c8c202b500c500cdc8d611,CLEAR,DAYLIGHT,DRY,FAILING TO YIELD RIGHT-OF-WAY,2.0,25.0,2.0,2.0
12e7a843cf296af14b281e0d2cfe73181d4c996c32534268f04b0e6dc2fe211e02203c8aada5eb4323e76bb895e1968c712832e438a9f8a1de93b1876f862d4a,CLOUDY/OVERCAST,DAYLIGHT,DRY,FOLLOWING TOO CLOSELY,2.0,56.5,2.0,2.0
12e815600ec15ad33e58871a48698763cd7a91b8265dde06e8fb8f6206e1bb02fa9b7079b53bbd077220d39d1a069a59c5173dcad645f08a08984afb89d0e6c7,CLEAR,DAYLIGHT,DRY,FOLLOWING TOO CLOSELY,2.0,35.5,2.0,2.0
12e83f7ebc46a969c35dcfcdc35fd2784ca42c6a3c47331198d173701db8a781e6ed5e850f33a23105e59a75c698b6eab15822b9b194d49c49f386b087ac53cb,CLEAR,DARKNESS,DRY,IMPROPER OVERTAKING/PASSING,2.0,30.0,2.0,2.0
12e8c75b3414023729a2eb1cd3310efbf66f1f854429c68e9ab72e3b4ffb22dc215e05f029b49d2b3b58261be1010a64a981a10a679b7a0d9fbc8d3f0c329a0e,RAIN,"DARKNESS, LIGHTED ROAD",WET,IMPROPER TURNING/NO SIGNAL,2.0,52.0,2.0,2.0
12e8d05ab9e3dc24c1a3b7beb462ba865fd97207907c477b828ccba3d9fd26947ce046cf79037949dad1dc524c58d534608a7c42d477289d2b756284cdbd221e,CLEAR,DAYLIGHT,DRY,FOLLOWING TOO CLOSELY,2.0,43.5,2.0,2.0
12e90150b4315e7be80ef4d850d2f7ed29329ae6e2bfd176e79346101f4a615dd62305c5d28adb36ec09694d4c3117219459ac34c0db5a16079d5346e969855c,CLEAR,DAYLIGHT,DRY,DRIVING SKILLS/KNOWLEDGE/EXPERIENCE,2.0,28.0,1.0,1.0
12e91adfe7068758af3a3bd8fcea470f67effe2513f9919682336ef1721af9b1a0514e0681c5a6008dc9ee44aba8022072821c6b03beb3dd9ff78be4b5c65d33,CLEAR,DAYLIGHT,DRY,FOLLOWING TOO CLOSELY,2.0,31.0,2.0,2.0
12e938e831e07afe97c96402ef2712d7f8a519c65e2af9ce01bae292c87ae091336e8198644b1c984a05e3ace9e7e626e65a88054c1e301295ac8f875aef8545,CLEAR,DAYLIGHT,DRY,FAILING TO YIELD RIGHT-OF-WAY,2.0,67.0,2.0,2.0
12e9b5909df90faa66f6d4068718c53506dd78b496dc3404dadc8bb37978e588c97697a1cdab7977fd3ef7e4d4f84a07c0661038d1eb5249690b6f78b76e1b1e,RAIN,DAYLIGHT,WET,FAILING TO YIELD RIGHT-OF-WAY,2.0,70.0,2.0,2.0
12e9c01eb995f2b5ba5ff5057d348ce854fb820d0d0dbe280febeb637b868c62875571cb21d9b4b74986a3e7c4ef685a5399a0e19ed253a365a39043b243f808,CLEAR,DAYLIGHT,DRY,IMPROPER BACKING,2.0,38.25,4.0,4.0
12e9c68b6db82645ddb7722c29e9ff94572e78d9c92c3fa99f8c9b7b0df6ea477f34615ff7547a514c41d928673e2dd242791cc8ca6ccb68a425621ace134c43,CLEAR,"DARKNESS, LIGHTED ROAD",DRY,FAILING TO YIELD RIGHT-OF-WAY,2.0,71.0,2.0,2.0
12e9f85566deaad842ffdeda4dd0622c5be78a8906e408c91ca6d9eeb5a1a4f576de29414b3b3fd1947bde9a63a211df4e7db56c3550e9ee14e75e7327348e76,CLEAR,DAYLIGHT,DRY,IMPROPER OVERTAKING/PASSING,2.0,37.5,1.0,1.0
12ea22f6c812da20fb6f8001dd7de16eda7e38ec4eb087825aa4c19d5ac7daf0d75bbd71828564042bf845743dc1040c3ca515f3d641b3b15f9f9f927ada0c91,RAIN,DAYLIGHT,WET,FOLLOWING TOO CLOSELY,2.0,46.4,6.0,6.0
12ea28231a689e12c4ebf3c098b2a033d1208b20e0181af336fe7cc211aae2ece7f97c4791a5c2a2678638e97579970eadc96b03517484051a2e181bdfc66531,CLEAR,"DARKNESS, LIGHTED ROAD",DRY,ANIMAL,2.0,24.0,1.0,1.0
12ea3bbefac7bb5f5861936cc7bcd70f65360ba1ef5b357e19d3d5eae36c34b01580be8ff174259aa54afcf3c2d6c1878e5ecc17670853e75847474df57fd744,CLEAR,DAYLIGHT,DRY,DISREGARDING OTHER TRAFFIC SIGNS,2.0,30.6,5.0,5.0
12ea3fa4be13c9216122457e4c5c2b59216eee535ad731e565ad97f94be7a4f06166bcae7cac6e8239f839b7345d1ffe890ccadde97b9f1672ace4ceb18592ac,CLEAR,DAYLIGHT,DRY,ROAD CONSTRUCTION/MAINTENANCE,2.0,39.5,2.0,2.0
12ea3fbd3d3d917e2eb0afa6d7b8d451d24ead9155a72f4adc49fb5266d813d1f7e9548e2e5d24df738fb7e2de233e2bc2673e0b4bca95ee35f182cd6cd40b6f,CLEAR,DAYLIGHT,DRY,FAILING TO YIELD RIGHT-OF-WAY,2.0,29.0,2.0,2.0
12ea47346fe514cdbb818f527990707a335de63dd9c78afe6958a873fdff425c191cc89394322758311434ade28f741e023dcce83c56df1e920ed018173d70af,CLEAR,DAYLIGHT,DRY,FAILING TO YIELD RIGHT-OF-WAY,2.0,49.5,3.0,3.0
12ea6fcab65408270371518a1afd450129440c34d554ce8d8ec44cf5bffa720311a1c36a59d66b80b34213145263bdcfcdce83c544aa5edc5842933984d8c48e,CLEAR,DAYLIGHT,DRY,IMPROPER OVERTAKING/PASSING,2.0,23.0,3.0,3.0
12ea762f02b91e984c8d594c2abdf5797d7e29948536ab6ff0519c7a70c0416e54e19212f4130ac76d6a9d306310f81466883eefa5b062dbdd2131de47180b08,CLEAR,DAYLIGHT,UNKNOWN,IMPROPER OVERTAKING/PASSING,2.0,37.0,2.0,2.0
12ea898d73ec6d2e44b6d9ee867789f3a588ef76149429acf0e23bdba20df2f26516c1f1f264ac485dfdf4d8ea34c28aa59dd38f8a552add384e2cf441180f5a,UNKNOWN,DARKNESS,UNKNOWN,FAILING TO YIELD RIGHT-OF-WAY,2.0,41.0,3.0,3.0
12ea9ef72ff615b2ba97a581f3d3632c4a59dc2db9ed515e101e42a1581e00013a76e6afa188cfe166c006b002116caa1f51e67666de6cf39a09296507987630,CLEAR,DAYLIGHT,DRY,IMPROPER OVERTAKING/PASSING,2.0,43.0,2.0,2.0
12eab5590aa412ca8c0f4a7ed2fdf6381d3c5c26fd19992349ab99a4d3b68947eed7f77dc12d3e13e7925ee7daddc4c3c43ee3e8b345261e540de3173ff94e6c,CLEAR,DAYLIGHT,DRY,FAILING TO YIELD RIGHT-OF-WAY,2.0,48.0,2.0,2.0
12eac93b8fa74fbf10ecd23b570f4860fefd17ff4e3b0e0f0d7a6eb9ebde7491f2f337a5db8e61de99021143badd96506e04b56e22dd7b3e8905db538ad02f5b,UNKNOWN,UNKNOWN,UNKNOWN,DRIVING ON WRONG SIDE/WRONG WAY,2.0,74.0,3.0,3.0
12eae5f4f34dc4ca985a61b767a691e1abe696097cce71b714f0a2e5703679d1f376914688920136ce3d9d762ab3c78a508000fd94d87e566c4bda685459282f,CLEAR,"DARKNESS, LIGHTED ROAD",DRY,IMPROPER TURNING/NO SIGNAL,2.0,51.25,4.0,4.0
12eaea04ea900132acb4abc87b0c07af6a956ad0eabc7751d07b45772fe9974c0556e3ac4f5a82a1598c8d9b94ac470b6c51071bb7d77d4bdf3b124f576ab05f,RAIN,"DARKNESS, LIGHTED ROAD",WET,WEATHER,1.0,28.0,1.0,1.0
12eb01715168453437efbac3606748cc347f46e78e608b55a73e811732d023b3ab9e18cf1e71d2f083c25f1733776cbed84e43bf5f6af069349f4f5753f0a050,CLEAR,DAYLIGHT,DRY,IMPROPER LANE USAGE,2.0,41.5,2.0,2.0
12eb1396ef8f6ba052673ecad9f762c89483f9034b3b84a4cf660865a330370d2df04ef2e65ff8e8277f5c36c6b8bc06af27700c06b050b45e992572daaa1fba,CLEAR,DAYLIGHT,WET,FAILING TO REDUCE SPEED TO AVOID CRASH,2.0,29.75,4.0,4.0
12eb38a0c8888375500e0d5183777573106d998b78608ddcfda22e2a7ac357ff015da99523f2d4830ef33dc033f950acf474e8b35bdc75ce4b1b8e0cb21790e0,CLEAR,DAYLIGHT,DRY,FOLLOWING TOO CLOSELY,2.0,23.5,2.0,2.0
12ebf3a0519e6ca7aa958929ee46f77c7c99fa022781af47fea09d0bfd98cf809a6e7102bc9d8fff4b38e7a87b4d29f046fe497727d72cb66b2e611a587ef5c3,RAIN,"DARKNESS, LIGHTED ROAD",WET,FOLLOWING TOO CLOSELY,2.0,23.0,2.0,2.0
12ebfa811e066ab7c785ad4b14166c28a59a59c5d716f3b5fdbf758ecb25bcd0919f5a3d7170759c2fa7b382ead7bead867ee1cd94125c8977021557288b6c3c,CLEAR,DAYLIGHT,DRY,IMPROPER LANE USAGE,2.0,54.0,2.0,2.0
12ec26b10cbd3125d85b82e2514ea9fc09d819db3f98b076bd82df484d5aaa7a8bb35b28f6dabcdd212ec5587edfce47efb38cd2b860bb7ec4aca576d8e51d3c,CLEAR,"DARKNESS, LIGHTED ROAD",DRY,IMPROPER BACKING,2.0,51.5,2.0,2.0
12ec706edf239fa2bd67064105c952529468eb66dcd4bd707579307a9938c2bac2a0a83b1bdd1d1cd2f6a1c6b16af572fd5b2bda7d9440ffafd0544923aa8fe5,UNKNOWN,UNKNOWN,UNKNOWN,FAILING TO REDUCE SPEED TO AVOID CRASH,2.0,31.5,3.0,3.0
12ec88f677d486017e8990f516f650f3236861bf7df2b16f77a4b0ab37230caa07ac3e927915749683cd091e949d59f782d675a7b8d4d554866514488371bb66,RAIN,DAYLIGHT,WET,FAILING TO REDUCE SPEED TO AVOID CRASH,2.0,45.0,2.0,2.0
12ec8e4b737a83b7323c1dac8436104081bbb3924b10dfc590b3d698f5735fb9187c41e1c9314acb444d979728a521dbde5d4877650812f2e932bdef2764e8de,CLEAR,DAYLIGHT,DRY,DRIVING SKILLS/KNOWLEDGE/EXPERIENCE,1.0,70.0,2.0,2.0
12eca0c5810259e41810854c4488b962c444d29d2adf488167914ee6407947b4794dd899b694cdc4ead631218122de87cd7328f4ea163d347db8869e255777d4,OTHER,"DARKNESS, LIGHTED ROAD",DRY,EQUIPMENT - VEHICLE CONDITION,1.0,64.0,1.0,1.0
12ecc792f269b1ee3bcb25febd69e65d9073734d199515cb034a569d960601c4c33dfe803dd5211d4bcd7a36f808235f4984b437c11d99262a6b7f0ee63e6abd,RAIN,DAYLIGHT,WET,IMPROPER OVERTAKING/PASSING,3.0,24.0,2.0,2.0
12ed0d69b0c83f0b35b26319352ff2a534f40dd1d00ea8c8e8316ac78005f9f71061e20d61ae96603654eca6386fe3a4b2412d234a0f7b207846a248ef6c8cc1,RAIN,DARKNESS,WET,WEATHER,2.0,21.0,1.0,1.0
12ed2aea0a3187cf8ec065d5f056a344d81242cae7962915dbc29ad4f4e339540b3c20681873ebda46265bd12c0030ff5e7d38935a307a5fe05a84775bc454cd,CLEAR,DAYLIGHT,DRY,IMPROPER TURNING/NO SIGNAL,2.0,53.0,2.0,2.0
12ed6446aec52fdde9098ebbc1f486b3b98ba4d25c439d8730f4cf01d2e78d36aa0c2abe514fe29423dc9fd5c96484c22a011c10dd026033850a78970639b643,CLEAR,DAYLIGHT,DRY,FAILING TO YIELD RIGHT-OF-WAY,2.0,43.333333333333336,3.0,3.0
12ed6ac12e881d23d3ef4ca76b54f2a2407728fe941f9f50b3eb7e73b999fd24c17ce6d1b12d53cd8c0be057f9a07612f932e6ab44ecacac3f6269ae856c635d,CLEAR,DAYLIGHT,DRY,"EVASIVE ACTION DUE TO ANIMAL, OBJECT, NONMOTORIST",2.0,39.0,2.0,2.0
12ed86ca61bc960dd005236e2533c8ff28662f0fde945538dc1f50d436fa829413efc6eedc3712eb73868097a86d46f01445016d00d3b71d635bf658cd4af776,CLEAR,DAYLIGHT,DRY,DISREGARDING TRAFFIC SIGNALS,1.0,46.0,1.0,1.0
12ed91e4bbe3abb4ac8ca042a91e182d24cc9b6ebe0f865264945583d7d15804e421741ee931e853118f1d5d913a87a14c8af38b4c6601c7cb4e102bd5d04530,CLEAR,DAYLIGHT,DRY,FAILING TO YIELD RIGHT-OF-WAY,3.0,35.0,6.0,6.0
12edae5427eecca9b6fff15a6216b434e6a9ff0b176b778c00507e91611d0fbf5ce4c38faf2d7c6dd142d8eb1609ff5dd6dac8af004f16743f4c14f7962f157f,CLEAR,DAYLIGHT,DRY,FAILING TO YIELD RIGHT-OF-WAY,2.0,41.0,2.0,2.0
12ee093d5638f396fc111afbbe2fd8787b5389c4d9ef13159820c666564dc41648683867aa47795c8f4b96b300ae01c41647eea71176cb285dadc8d8ff2adec4,CLEAR,"DARKNESS, LIGHTED ROAD",DRY,DISREGARDING STOP SIGN,2.0,24.4,5.0,5.0
12ee39666b09eac7f9f5c977eb64fb96aa0582e733c8e9e594f7c47abb09558e55569abb4d152969302ce213bbdac8e449718a29fa4549064bcb1ad45f060799,CLEAR,DAYLIGHT,DRY,FAILING TO YIELD RIGHT-OF-WAY,2.0,51.5,2.0,2.0
12ee568749c7b0226c86b3bd22e9dc437e851b72042cf05ef0e689ecdfb168f9d29268684781fc396a836799d8ff9825acae2b4cfd8d17cb0f0e69120070e88c,CLEAR,DAYLIGHT,DRY,EXCEEDING SAFE SPEED FOR CONDITIONS,2.0,38.5,2.0,2.0
12ee79999c2bcecf55e9d8a700da7efa5ac0d9cc99384188c82ed92dcf76ea019cc69e12a4efbc6022c6bcb81dc255c60b99f5796ea0135580f826d27c8bd8c2,SNOW,"DARKNESS, LIGHTED ROAD",SNOW OR SLUSH,WEATHER,1.0,58.0,1.0,1.0
12ee8a6b61ea20e61dc8d385de7a90f82de56a9751d54af872e4578e42ea5dbfbf76287afaa3aa5fac92b384320f3845620791cbc78ba201b4b8e3a856351785,CLEAR,DAYLIGHT,DRY,IMPROPER BACKING,2.0,46.5,2.0,2.0
12ee99cb484348cdde2763cf350ee082374a0f9a2a42565e675ee37e19a9e6294a093860bf42de73cd609931a1ed40e6656ea4465932fe09f2e6781a5ddaae85,CLEAR,DAYLIGHT,DRY,IMPROPER OVERTAKING/PASSING,2.0,37.5,2.0,2.0
12eeaa6f868fa66b146f998152c2da99d95293c64affaaee8f06804c31dfe10ca5621616038561b3e282621c09bee8f8ba34d186703da81c616c42f76fc5914d,CLEAR,DAYLIGHT,DRY,EQUIPMENT - VEHICLE CONDITION,3.0,55.0,1.0,1.0
12eeaa92eab83f8e679faf2e3fe24573532edd77b4bf34444b289b356fcdde90f7ce145eb009b1ea788d38d2d73dfa4f87f40fe92f1cc012c01120b97205a09e,RAIN,DAYLIGHT,WET,FAILING TO REDUCE SPEED TO AVOID CRASH,2.0,35.5,2.0,2.0
12eeaadf0e3966c568041ef5cdf0dd84186cb80239055e2f555b6e3be077511c34cc4be603f3c8bef0adf45a53cf6c2e94f91887e48f83691ef5d682f65184e1,CLEAR,DAYLIGHT,DRY,FOLLOWING TOO CLOSELY,2.0,68.0,2.0,2.0
12eead285534d218c039a29323fef3c8e0d4a4ad3bfcd1c3228592847f805708d15883f0551e4ec396dbae307c582450db139f0f3cf5c2447f383db990386c21,CLEAR,DAYLIGHT,DRY,DISREGARDING TRAFFIC SIGNALS,2.0,36.0,2.0,2.0
12eed61bb3f96006cc9e0f936f6e88da55df8ff04786ffaeeb50d33657fded49c06aace0a2a8c1e6ea9ed5b540afa3eb3fe2a6e94d05ff1e30e154d46804101a,CLEAR,DAYLIGHT,DRY,IMPROPER BACKING,2.0,12.5,2.0,2.0
12eee535cafa8ced83c5aef7e1ec818496144f915147de7c13e02dd791f7bbc3ad22a036598cc18c58a7cdf94432a96e06d87bac36c1d08b1b9c2884f6d4cf9c,RAIN,"DARKNESS, LIGHTED ROAD",WET,DISTRACTION - FROM INSIDE VEHICLE,2.0,31.0,2.0,2.0
12eeeb3e3766f8cf69be5454e2e60185b6020c9882343438f28e5993cea93d90ac465e2ad1d5f02fb99d0642699470f44927da7c6443d01ddcaa3bf309d2ba85,CLEAR,DAYLIGHT,DRY,IMPROPER BACKING,2.0,45.0,1.0,1.0
12ef05bc326ff2be9a624f99bbbf427c251405259aa85804954aae41baf914f51a8131988ad18eafe304197dc47db25af4f0f1090804f97ee7a0cb6605fb4b37,CLEAR,"DARKNESS, LIGHTED ROAD",DRY,IMPROPER OVERTAKING/PASSING,2.0,55.0,3.0,3.0
12ef2da08503a5c62a3022c83bdbe594f6dddc33a482025a22ff8a52b2de112156ec4a87d6a487671fd8f8ee490acf2d829aef5a568d4e6be996347c5b214774,CLEAR,DAYLIGHT,DRY,FAILING TO YIELD RIGHT-OF-WAY,3.0,46.5,2.0,2.0
12ef6280418f5622ef57dd1f009263cd5b7f6b5c170386fb6d87721408e8b1d3c262e7c68a72b2be3c80d22d8217aa0cd65da98439e62c6afbdf54f1562a57f0,CLEAR,DUSK,DRY,DRIVING SKILLS/KNOWLEDGE/EXPERIENCE,2.0,37.5,2.0,2.0
12ef77e26b4bc602445a86d707cec4939a4a68bfa4de0dd5a82e9711a559ba4279fcfcf7ca18372570abf979bfd1428928d02a6853f29e7c7804615bbb743f9e,CLEAR,"DARKNESS, LIGHTED ROAD",DRY,"OPERATING VEHICLE IN ERRATIC, RECKLESS, CARELESS, NEGLIGENT OR AGGRESSIVE MANNER",1.0,21.0,4.0,4.0
12ef79b7e7fcc8ee4cc218f4fbfa4ee2d45e1ab439da36caab0082839490d4a3ebd3acd0be3e033170de7a0973845c0312b13a0d4b4f35d5604ef00130ec0bf5,CLEAR,DAYLIGHT,DRY,IMPROPER BACKING,2.0,37.5,2.0,2.0
12ef7e3b4c8d5274f14b96060eb81ec52841c0797e43864829d1a0caad4525c39b16faed6e42321ea05f86bcebe35df9157b609a9eade30db90537f46082a18c,CLEAR,DAYLIGHT,DRY,FOLLOWING TOO CLOSELY,2.0,26.5,2.0,2.0
12ef9321022078035fc21eaa8dd60037ea2da6065be41e441b5fd3d568768a0c8de7cbd295d7b0c5b70eab3024c21c80cea462bff756066e30af41d9d31dcb1e,CLEAR,DAYLIGHT,DRY,DRIVING SKILLS/KNOWLEDGE/EXPERIENCE,2.0,50.5,2.0,2.0
12efab180568deb80a828ee2654a789c9b9948d44bfe9d6f72c1a60e2d54c803bf230eaaa681342e545bd6131029014c10c7f1387e11b65d3fc7d14921fe20eb,CLEAR,DAYLIGHT,DRY,IMPROPER TURNING/NO SIGNAL,2.0,36.5,2.0,2.0
12f01b039dc64aa100fabe42ebc6aa1af9d8709fa5b5ccefc4d76ef89b53112cb65700fc8d124e64fcedf456d94fa8ce5096e79e9bf8f4490bd9b5f14d2425e7,RAIN,DAYLIGHT,WET,IMPROPER LANE USAGE,2.0,54.0,2.0,2.0
12f038a43ba8ce6cec4920eb8ee57ae804ce7ae58155357e9d351a657f2da5594b7d5f8a3336404eb968432b62f814056d6d0a064ceee1d9118e21f4460618ce,CLEAR,DAYLIGHT,DRY,FAILING TO YIELD RIGHT-OF-WAY,1.0,56.0,3.0,3.0
12f03bcc7614e51275ca4001617d1ca95cb3c365ddca6aa3bb19f8c5af3f534cab49e069b3a81e26d8f4c4c0b855f56f0fbed64a89238bc73ee1738299dbbbe9,CLEAR,DAYLIGHT,ICE,FOLLOWING TOO CLOSELY,2.0,32.0,2.0,2.0