crash_record_id,weather_condition,lighting_condition,roadway_surface_cond,prim_contributory_cause,total_vehicles,avg_driver_age,total_people,total_injured
12f04637cd08fbd4b9036bc08fdb4e7d77abc7ef1d7f8595d57791054f3c9d1ce44e7c46cd44e366380dc7cb2d6446d6d8a8fc7a9f60211b909eea0838802e70,CLEAR,DAYLIGHT,DRY,DRIVING SKILLS/KNOWLEDGE/EXPERIENCE,2.0,23.0,2.0,2.0
12f0b63fd40d0ae765a50176c008d30f9a84084d78a0459be77af9ffd91e0bb61e8ac487bf4014abe289a4436be18c7e7bd794f3ea26b62c3682116ebbdee866,CLEAR,DAYLIGHT,DRY,FOLLOWING TOO CLOSELY,2.0,33.0,4.0,4.0
12f0b9aa1fd95b03d06874d44a4c07f3f8af687d380fbc0195517d79b6cfc40726ebdbf593a8ea2344a5ce9efef12ade2a226bd8b242ee4750a6152e7f3efece,CLEAR,DAYLIGHT,DRY,FAILING TO REDUCE SPEED TO AVOID CRASH,2.0,43.5,2.0,2.0
12f0bef22ad3aefa4dd3990c4685a173bb818160f69a1b2026f6a37e39cc2299ff15a6fa019294521cb65ddb7f49d9c3bc8921ff4e21555520e61b548b04f5e0,RAIN,"DARKNESS, LIGHTED ROAD",WET,IMPROPER OVERTAKING/PASSING,2.0,38.0,2.0,2.0
12f0f68db0bab3f76a6a69e80eae49bb67994484e3aeba863bc135de09c8760c241ad866b5ee652fe4eea79ea7b6087dc8f5aa535f55fc3ca5b1183d4e80c4cd,SNOW,"DARKNESS, LIGHTED ROAD",SNOW OR SLUSH,WEATHER,2.0,36.0,2.0,2.0
12f110091c40bf5c5e648eecd197299c097a3f5d83db7d43fc9da4e9a742c670777df854776f343c76ae66ee9cee19604b104b3a157d502a89f329b614392c39,CLEAR,DAYLIGHT,DRY,FAILING TO YIELD RIGHT-OF-WAY,2.0,64.0,2.0,2.0
12f15b0738825b78d2a8bb111c368709dbe944e1b0edcb165d5ce4361f0768486fd08f7577b2ed288ba533e9e607510e3e12f5ae847a54e5a5f28f1446fc4755,CLEAR,DAYLIGHT,DRY,IMPROPER BACKING,3.0,51.0,2.0,2.0
12f15d6d725c459ab23d4e44686f131fa618b6695a78f93c404eb7bf3211a6ebc70cbd6ed461f1d848ac177893e7daaa095de3bc433b4370d0f9cdd45d2149e9,CLEAR,DAYLIGHT,WET,DRIVING SKILLS/KNOWLEDGE/EXPERIENCE,2.0,37.0,2.0,2.0
12f167417cd5c3d57cbb27a0833d91a34ec6eb77a789d1793c30e33320f31db4338210c7f61a22d7b8893a7bf5715745127aa42e8f189a6ddab01cbc75156204,CLEAR,DAYLIGHT,DRY,FOLLOWING TOO CLOSELY,2.0,46.0,2.0,2.0
12f17b6cb84cb41b388b80f82ba53e1063f36c1c4cfe1d39605dfb20f3267f394790ae27475bcb17c7aeb5c350e7366b72bd6c39a39efc5813bee817b94773d3,RAIN,"DARKNESS, LIGHTED ROAD",WET,WEATHER,2.0,21.5,2.0,2.0
12f1828f7094c5bb61b5aa76f6f51852e1b22868d386186949156b604126bfceb2ce186a4e16071bf20909ca11100541e424991e2b1e5b69d94a67dde0db7d58,CLEAR,DAYLIGHT,DRY,FOLLOWING TOO CLOSELY,3.0,38.0,3.0,3.0
12f197459095642096f64bc56568936ce161edbe8a26705f087773684497db1feede61057fa398430de83b4161e1194cf98839febad86910e7759b4a6b0236a0,CLEAR,DAYLIGHT,DRY,DISREGARDING TRAFFIC SIGNALS,2.0,35.0,2.0,2.0
12f19c8cea221a061245fcf263c7e365dcf4559b209280ae1dbea8d76bd0e5e9987614df7f55148ab30913065086b41bdb97e1dd2ed269d7b8bfeba0b69aff89,SNOW,DAYLIGHT,WET,DISREGARDING STOP SIGN,2.0,63.0,3.0,3.0
12f1ba3aafddc277b0d615e50ff7d55c179718c09e242085b95d5461cb16590ced780a3a3995428d062e43641407b398a1c58703e063e4b0f1f795694bba7216,SNOW,DAYLIGHT,WET,FAILING TO YIELD RIGHT-OF-WAY,2.0,39.0,2.0,2.0
12f1ba5b4f67baaf65aee2229c6ae5fb879384714dd93bd533cba2c8633de0b1ad4bf28b3d790de363fb74a1bb3218c3effe883da998501198869335f5359af9,CLEAR,DAYLIGHT,DRY,DRIVING SKILLS/KNOWLEDGE/EXPERIENCE,2.0,37.5,1.0,1.0
12f1c21af1e1c52ec0ef1a237978acff2cf2b259913ac4e4b88fc21908d2b8c880170d24f672929c8bac4be214a50d1a19a34e0daf71488b08c7256916e7a5fe,CLEAR,DAYLIGHT,DRY,FAILING TO YIELD RIGHT-OF-WAY,2.0,35.666666666666664,3.0,3.0
12f1d6a91ddc08475b247c03ee0a0383f60258f2520ce430217e48f1490dd8236575b29cedf72cdb9536c511af5527b01f5f5337d74315f9e5443e90730ba518,CLEAR,DAYLIGHT,DRY,IMPROPER LANE USAGE,2.0,56.5,2.0,2.0
12f1dc319e1b14e0fcd96a6e3c4e229df0477a175840ba515ceda0d71c0e1dd5a1e2a4c79187b252a99933cd4c185258196f4a8332a9d7b066299a48bd2bb5e8,CLEAR,DAYLIGHT,DRY,FOLLOWING TOO CLOSELY,2.0,50.5,2.0,2.0
12f210549dee283b48e9d05a4f989b167e922242cded95fe284cee6c02e8710e2589f218ecb47bce98258ddacf2589ab8d8dab9c046654cf0cc8a7f3dd10e05c,SNOW,DAYLIGHT,SNOW OR SLUSH,FOLLOWING TOO CLOSELY,2.0,33.0,2.0,2.0
12f22128b561122297b1e986bfe3290151d403f26c633c18149fb562d1302baf2aecda7ec7c8cfe55f1121e33f2e172d346a1f8f6d9660054332f10ace60cfa6,RAIN,DAWN,WET,FAILING TO REDUCE SPEED TO AVOID CRASH,2.0,49.0,2.0,2.0
12f26be631b0f4600b291b7fca51d860b6e7bdd89ea2c8b98b19f8845f47ceb8e4315ecacf35741bc7c8dc9e2433a485a51f4933211f9250183c91dae07a57ca,SNOW,"DARKNESS, LIGHTED ROAD",SNOW OR SLUSH,EQUIPMENT - VEHICLE CONDITION,3.0,39.666666666666664,3.0,3.0
12f26e84b22db3ad8348763f75f935dbcbfa5489e8cc1f44fc47b7972dca78e23d9681e693797156860812cb42d42809cd2e44b87f7a44ad44ad8eb0835e3b82,CLEAR,DAYLIGHT,DRY,FOLLOWING TOO CLOSELY,1.0,37.5,1.0,1.0
12f2aab45ae30fde3ca52f225e99963b44a6c2268f782f4f3bf26c779df9d5ac3950f663b0382733c5f51ea60095512cd9ac7eb1ab09b4d66f4c523ac1c1b162,CLEAR,DAYLIGHT,DRY,IMPROPER BACKING,2.0,30.5,2.0,2.0
12f2d53ddcd889c4064737d87965e2576f0bd412a19106e5396a773da1e9aa1a1955e37d342102bfb039c08631259a5d6b6338ed3d0f03cee1de4e4e4e573d8d,CLEAR,DAYLIGHT,DRY,DISREGARDING STOP SIGN,2.0,19.0,5.0,5.0
12f2e3009cce9b6634d411a2071d730a0fa71909710f810115010131529744beb96c51d7a5c2827c9e365590c2e23fdd47690eaaab5e29703b307b91289cf1fa,UNKNOWN,DAYLIGHT,UNKNOWN,FAILING TO YIELD RIGHT-OF-WAY,2.0,47.0,2.0,2.0
12f2f3eacc142c58966092457dbd8e441b8d25221a590f3d9abea6ad44578b020ae8a5ca7df2f6e8d9365ee3bf37c41ae3876a86057c8c77d17608da1dee2f8b,CLEAR,DAYLIGHT,DRY,FAILING TO REDUCE SPEED TO AVOID CRASH,3.0,37.833333333333336,11.0,11.0
12f2fc55e128325c32c9786a91c7522534317f9ee5a0213340d02def8bdf3e0c9b7f67e04aca691ccd3db3b123774c2b23d9c9220703282876d48f2a3e158ad7,CLEAR,"DARKNESS, LIGHTED ROAD",WET,FAILING TO REDUCE SPEED TO AVOID CRASH,2.0,37.5,1.0,1.0
12f30900a407ac9a35b1409a53b69e814bb68d257e96ff6a1927286b73928370200d72ab1c81cd3b6f5122925e046960befd261c5fc187742c7a1803982118e3,CLEAR,DAYLIGHT,DRY,IMPROPER TURNING/NO SIGNAL,2.0,19.0,1.0,1.0
12f31db6d6cb3ab2390b77a1ce1593e5f418a0d27ba24bba9c4a6a91eea618c5a12f7336fd936de828f5e8731e9311a5ea9c74aae1b3aafa8f423a594a9760eb,UNKNOWN,"DARKNESS, LIGHTED ROAD",UNKNOWN,DISREGARDING TRAFFIC SIGNALS,2.0,27.666666666666668,3.0,3.0
12f33fa37579a594f0b829734e9e469ae73625f0f7eec33b560bbecb973e82403a81b3405061b032defed657277093fde4e7b8ce594483c202634ffdbe4e46a3,CLEAR,"DARKNESS, LIGHTED ROAD",DRY,FAILING TO YIELD RIGHT-OF-WAY,2.0,37.5,3.0,3.0
12f356c8a6c2ebfbc407d8d43133c370234ee73d15541e0a123937655351eb0e323047d94657899ccf03308666c2fbbf6c1fc416c2e9bd7ee9c12fd8d9b88170,CLEAR,DAYLIGHT,DRY,FAILING TO YIELD RIGHT-OF-WAY,2.0,29.5,2.0,2.0
12f36b6a7b0455cac01bc172cb96ebcd421733799b6dea8cec3c8b57848bcb9d705b65bce50bfa5804cd264082fd08a8e5b795dcb220f986d51d7890d3d98868,CLEAR,DAYLIGHT,WET,FOLLOWING TOO CLOSELY,3.0,47.0,3.0,3.0
12f36b91b9b91bde5ca7bf0b4189813332ce49eddddc5cdac9e58b46cf707a91b983f394684846ef4db342eb864c3de86bf4e546ed9796b1f5e651a6541a8af2,CLEAR,DAYLIGHT,DRY,IMPROPER OVERTAKING/PASSING,2.0,34.0,2.0,2.0
12f3add4718871dc5dde8cfa10ae96c1dca09f1bd054b966c7546b83e7eb83b19c9d1d481a80a100dbf17e73bf0c5f03683499bb0621284e98ac20fd63dba087,CLEAR,DAYLIGHT,DRY,IMPROPER OVERTAKING/PASSING,2.0,83.0,2.0,2.0
12f3e112892d0cb1877a49de0c5036349015c09f4510ad231867fbe0dad5be24b2acf6e1c35a3272c204981b260288d55feefb1d225055d37f6eb5e0ce52c2da,CLEAR,DAYLIGHT,DRY,DRIVING SKILLS/KNOWLEDGE/EXPERIENCE,2.0,32.0,2.0,2.0
12f3eb75c8476e8e9af29a5b2a05eaa46e483b079e09a1fc754231878bd4c06437796517d4e7ce7b9806624d8516433da7d051c13bbf62bd9dc20e6b1117c8fe,CLEAR,"DARKNESS, LIGHTED ROAD",DRY,DISREGARDING STOP SIGN,3.0,53.0,3.0,3.0
12f3ee6adb6b7734779f161df6ce17ad2e92fc0ebba83bb920611842245a2dea1a44725cf49957016042475b0990f85533ff741d450acd97da75b0e3604b357b,CLEAR,DAYLIGHT,DRY,IMPROPER OVERTAKING/PASSING,2.0,56.0,1.0,1.0
12f4456ed7919b7c2a1200417a254afe89c390563ce4b3a7dfcaa7245f9961143459b0c543496c64cb68b90c921ef83538cf4d702c02797163fc5d4f826b8297,CLEAR,DAYLIGHT,DRY,FAILING TO YIELD RIGHT-OF-WAY,1.0,35.5,2.0,2.0
12f44713d874e4c4ed51e8964ddf373ea3380cab8e258418dce8a96c9c83fe0f0d22c016c966ea295cf46727e0ebe8fc828271972f93d0b22f0600ee4ee096e4,CLEAR,DAYLIGHT,DRY,FAILING TO YIELD RIGHT-OF-WAY,2.0,52.0,2.0,2.0
12f44808a07f00fdcd4c910bb7d7af3f0a8ad439f70ac680bc571e698105d94a25b09526ca53b268251c0181749de0b10cb7987c9df09b562a4faf1e22a5986b,CLOUDY/OVERCAST,DAYLIGHT,WET,WEATHER,2.0,51.5,2.0,2.0
12f44f2fcf5465f9f640949ec599391faf12d372257d2795cda9a4830c8f05c5a1c4c726616f52718a0f16f54e95d6d192906ab5d65fdcffea9fcc7702f784eb,CLEAR,"DARKNESS, LIGHTED ROAD",DRY,FOLLOWING TOO CLOSELY,2.0,31.0,2.0,2.0
12f45b9b64d5b21b74c09f32b492c157b0fb13a118e17666030228efbfb81deb361ee1a35cb97c06ec6efc6f56582756ba4301caeb5af2628b7a4eb344f96208,CLEAR,DAYLIGHT,DRY,FOLLOWING TOO CLOSELY,2.0,21.0,2.0,2.0
12f47668fde0abed4087a6ff43caa53b3c327e4ac5f0546ac9187599e1606f455f891850ae7eb8269100174c9774f09d348413e30e34c44b122fc70b4af0a9b5,CLEAR,DARKNESS,DRY,DISREGARDING TRAFFIC SIGNALS,2.0,46.666666666666664,3.0,3.0
12f49f2ccd05f97f11dc18d82b8a09e529fb79296e3acb556af8eb89ac0819f9303c30cc80814df532b0b77dc3494a77eebb4295e039d9e206ebedd7d0defa43,CLEAR,DAYLIGHT,DRY,FOLLOWING TOO CLOSELY,2.0,50.0,2.0,2.0
12f4a451ff580033f1e7953b970073f00d853cbabf18a65f516be10a3467c776ef4f002850d0599d90c3049fa3865e2c7234721f18a7bea5ae5f8e57f0d38177,UNKNOWN,UNKNOWN,UNKNOWN,IMPROPER BACKING,2.0,37.5,1.0,1.0
12f4ab9e8e7c364c95bceba930c358c4049223899178fd54fafde8e65ca8677bd309d55a41f79aa5b1e42ea13c28a955af56e476e343cc3ea812ba6b0ae6d228,UNKNOWN,"DARKNESS, LIGHTED ROAD",UNKNOWN,IMPROPER TURNING/NO SIGNAL,2.0,32.0,2.0,2.0
12f4fec511e94532b24e9ac0ee7efcf18deb83f7e50e91be8965982b562e5664250ce2c854379de105a275eb2c556379f146c20a2dc72cd5f7df8d1f384830a8,CLEAR,"DARKNESS, LIGHTED ROAD",DRY,IMPROPER TURNING/NO SIGNAL,2.0,24.333333333333332,3.0,3.0
12f50b32698fddd4ac8105c044948949c5d81392c39ca5f96ca6797a90479c2a619e57b3b5a909e308ca480e3fb048077d0ee8f8aa5156e558aab4eb13fc3883,CLEAR,DAYLIGHT,DRY,FOLLOWING TOO CLOSELY,2.0,18.5,4.0,4.0
12f53097df6bebe2c88369e6a8eb09ed56279adb0bd2cbcc42cce9b134a0898ec4cec24c91167cbe9f4ab1ec2debd99adce128490ee341d2f949322c2aa1849d,RAIN,DAYLIGHT,WET,IMPROPER BACKING,2.0,45.0,2.0,2.0
12f535ab157e0f39bc0f16895fe246aebd3a1da25d491574b9deebcca9bc21ad9076a888854db66a209d42be3f4e81284e72491234c232216fc25df794ec8440,CLEAR,DUSK,DRY,IMPROPER LANE USAGE,2.0,42.0,2.0,2.0
12f537d8d0a4909831b67beeae1b217c94a236929b0fdeca67e178dc3f319b9a6eec8bc54fadce827150ad95ba13637484839b13370211588ca6ca590bd88c91,CLEAR,"DARKNESS, LIGHTED ROAD",DRY,DISREGARDING TRAFFIC SIGNALS,2.0,21.5,2.0,2.0
12f550e15c57925ea0ee9804a17a022b1d28015bf8f8422b0182e2bffa813c983bf88c59515d5734bdfe7e5e1468d88973bd7ac5969bc0898a67371739314976,CLEAR,DAYLIGHT,DRY,IMPROPER LANE USAGE,2.0,32.5,2.0,2.0
12f5871f0a11c80febbd062a95e1a55847ca39781702840d121b11722aa6125c0072848cb193c8369ce941134e1898324582919a510d23efb15b703fb1936d45,CLEAR,DARKNESS,UNKNOWN,DRIVING SKILLS/KNOWLEDGE/EXPERIENCE,2.0,28.0,1.0,1.0
12f5c891fd34adf414fa2ff35a3cf660104e6fdc651cbb7e728b84a6d0dfffaf260022f5a5ebdd64fde7ff3b2e4f00d26872a4f547f0a0760aa146a24c44938f,CLEAR,"DARKNESS, LIGHTED ROAD",DRY,IMPROPER BACKING,2.0,37.5,3.0,3.0
12f5ca97490fd3ab834e871fb3901894f979a4c9c8a1c49148efb6c3256b01b35e3d3f476ec4816ec80b516f81999fc144416778a54928ba31c7bccc5dc381c0,CLEAR,DAYLIGHT,DRY,FOLLOWING TOO CLOSELY,2.0,41.0,2.0,2.0
12f5d141573097f1ad6cb9d45bdd34109c6a38588ca519818beb4495ac2835c39bbf7e1401e4949b32d033b48d6de7310451c76af8df989bdc32dbf311f83b00,CLEAR,DAYLIGHT,DRY,IMPROPER BACKING,2.0,38.5,2.0,2.0
12f5d5cb02f48ad7394a7b7b4607048fa927e8236953d4796ad4a3f978f13bb8aba97802017ad1295cae0d00483188d8a9bf5ebe3ed84be6a48c0d1d6ffc761c,CLEAR,DAYLIGHT,DRY,DISREGARDING TRAFFIC SIGNALS,2.0,28.5,2.0,2.0
12f5d84f0c7039c39ca6975f73f63fbb4a04c1dfdadd9f44e810cdb9190590e0838489ef0762f53637efb2f5a6e045a314149e0aba5578250b500f993ddb14bb,FREEZING RAIN/DRIZZLE,DAYLIGHT,WET,IMPROPER TURNING/NO SIGNAL,2.0,44.0,2.0,2.0
12f5fb5a0b6419b259f26eb060f7406cf305ab7e43469ead852b4a522b1d7deb9363d89cfc318a6adc253291575c5922c6d65b7f79409cc02df3bf3513c18dd5,CLEAR,DAYLIGHT,DRY,FOLLOWING TOO CLOSELY,2.0,60.0,2.0,2.0
12f651c233b77f29a993d7f9195593c68f45eb0a0242522916fbde33d7321b81b9a1ab4879f1a79ddcda551718956ad2be089589abfe0f1a24c570fac1c9dc5d,SLEET/HAIL,DAYLIGHT,SNOW OR SLUSH,FOLLOWING TOO CLOSELY,2.0,36.5,2.0,2.0
12f656a5ec291652cfcc3e9b7a1d4caba70e9bd411e3f999ab81419b2d6ad93cd6a8b25e0c5de01109c87521a63b93a97276d2a0cfcc373701f713a6017938f0,CLEAR,"DARKNESS, LIGHTED ROAD",DRY,"EVASIVE ACTION DUE TO ANIMAL, OBJECT, NONMOTORIST",1.0,57.0,1.0,1.0
12f65eba6c281a806905d475e5ff4e409cfac5df85a9519f998ebf0c29fd06e1d541bfe7da8deb21fa8c1b4a09fb241396b6828345127a062bd296500d8d72dd,CLEAR,DAYLIGHT,DRY,FOLLOWING TOO CLOSELY,2.0,37.5,2.0,2.0
12f65fc389c39e737ef68a548b95095e27700ccde11ecfbf028bf6dfad59bce9090f06e336e8ee31fa8d99904788732474fc5c77ee0d3367f05f7c7124439baa,CLEAR,DAYLIGHT,DRY,FAILING TO REDUCE SPEED TO AVOID CRASH,2.0,21.5,3.0,3.0
12f6699e8cf5d07001b279733156184e4e90436bd36964230284d7af5b7aaa569fcc4e2a9c59298ab7697454bda8c9744cc44b8b3265a096933e666dd72e176d,CLEAR,DAYLIGHT,DRY,FAILING TO REDUCE SPEED TO AVOID CRASH,2.0,22.5,2.0,2.0
12f6cbb33ffe61d2fcb9f2247657eb5ac520ecadf7d76f2bf85a5149dc09615224ea0bd00640ca7712635b0bad0975c1bdaf5c9868ed0f75ab24771b8d313129,RAIN,DAYLIGHT,WET,FAILING TO YIELD RIGHT-OF-WAY,2.0,23.0,2.0,2.0
12f6d5bc83bf55a0cca321e0b17262ee216a14e38fdd3a2e562c2e43db8d69cc684ad154e3a555af41daf560845f9d2bc2ee19c5420f8d627647095561c7207d,CLEAR,DAYLIGHT,UNKNOWN,DISREGARDING TRAFFIC SIGNALS,2.0,49.0,3.0,3.0
12f6e0277af1651a29ed797a583353ddfb0080e598b15082a393a2b1c319c398435917e9d83cbd53189fc7bb97be896b2d5dc6305fb4026972fb1ef1b9e521ca,RAIN,"DARKNESS, LIGHTED ROAD",WET,IMPROPER TURNING/NO SIGNAL,2.0,50.333333333333336,3.0,3.0
12f6e45f9b15737309f078427edf4df072f01dc0d933535cf95ba9b11f43f1ea46bc8bdd38086115196d9f72adcea192705e78ae383307d15051d03c67ab2b79,RAIN,DAYLIGHT,WET,DISREGARDING TRAFFIC SIGNALS,2.0,20.0,2.0,2.0
12f713df38fa16805f5d214f58a602c0c2f75d99bc535f9699617218139805b48cc710aa3485c7e18e09e5e6db134340420268d357e43804a1202ccf33588989,RAIN,DAYLIGHT,WET,TURNING RIGHT ON RED,2.0,37.0,2.0,2.0
12f717db8c4bf03e8b059313728904756009a736808ce17a2cf0e033ce38f5d0c789488284c9472e9e6eac1c34aba741911ec669c4cabaeac6ccdebd05ed2023,CLEAR,DAYLIGHT,DRY,FAILING TO YIELD RIGHT-OF-WAY,2.0,54.0,2.0,2.0
12f7193b936dbe7cf2767aa3773170480514a09ec3959ba5e1eed33a3d10bfc2f8d772b9e749c5f37b5da2ee785f4472782a3532c4254b504e13ef3ac57f75c4,CLEAR,DAYLIGHT,DRY,IMPROPER TURNING/NO SIGNAL,2.0,63.0,1.0,1.0
12f71d3e08a6972b02d8311331f721d7d1d2d19013911310b6a0c042b237b988765520a365c2fce2299bb2fb0080b81377be7ec4390fc098339c144b8987199e,CLEAR,"DARKNESS, LIGHTED ROAD",DRY,DISREGARDING TRAFFIC SIGNALS,1.0,25.0,2.0,2.0
12f7406d53f12d0a70f265b1bbbab86ae1ad887ac5dd704050a87c561d93b8de260823241011ca5744b1afce99acced0498c9591fb3000f83d3e9643dd4ed25e,CLEAR,DAYLIGHT,DRY,DRIVING ON WRONG SIDE/WRONG WAY,2.0,37.5,1.0,1.0
12f753ab423940908470fba805a03ff618d64272b30ecdb347818c398293202088ed024003bb54d03a6a5ca9050d3e7d15ac290c7ff10f3f6301beefbc7b5d53,FREEZING RAIN/DRIZZLE,DAYLIGHT,WET,FAILING TO REDUCE SPEED TO AVOID CRASH,4.0,45.333333333333336,4.0,4.0
12f7715cd8077980db95c54610f21236a5e1020e4cdce3d55f7a00d79e63eb721e0f14ed0c3c6c56d63869600d75401163fdb48518a75795f276bc7ed7c7d526,CLEAR,"DARKNESS, LIGHTED ROAD",WET,IMPROPER OVERTAKING/PASSING,2.0,36.0,2.0,2.0
12f781e2f4e4954a8a4a8e3c575a5dad4770fc9f46fd4f8d6bc63ac0d0f1df0715da48cb64d719c602aec5f470849ca20cb7f794f7be72b57504935ad9b7813c,CLEAR,DAYLIGHT,DRY,DRIVING SKILLS/KNOWLEDGE/EXPERIENCE,2.0,32.5,2.0,2.0
12f78e13c533231cb7f21e23a4319db62dbca81eb2cf491e9d3aeee2700e6f905aa8be949cdb43cea81a46bed82727c9cdcac90de0b634a1274527506b691d06,CLEAR,"DARKNESS, LIGHTED ROAD",DRY,IMPROPER OVERTAKING/PASSING,2.0,33.333333333333336,3.0,3.0
12f790921aab89d23fec4914e9a3b10711f2ec8c1aca2b10f7b55f26bf137007df89faca92ae02a426142197646376c4ca2e5cfddceea0a5b9cda92e60a94723,CLEAR,DAYLIGHT,DRY,DRIVING SKILLS/KNOWLEDGE/EXPERIENCE,2.0,37.5,1.0,1.0
12f7a2de9b9b6eaea10f6484804be0b75d2ed7f4326ce4badb6c3576e06932c81c1d26dd0bbdcfe65e9b02db32e57fb84289668cf752ec079cb3cb32be5df29a,CLEAR,DAYLIGHT,DRY,IMPROPER BACKING,2.0,39.666666666666664,3.0,3.0
12f7d028e0eef2fb9b04ab364efdcae79b8140c6f4a4b4d2d439d87fdef40abf802994419253bf4fef5ba2eefc419758e73c2594e86eea56b31e0b5024b8d827,CLEAR,"DARKNESS, LIGHTED ROAD",DRY,UNDER THE INFLUENCE OF ALCOHOL/DRUGS (USE WHEN ARREST IS EFFECTED),1.0,23.0,1.0,1.0
12f7d6179be9a0af75558655512e06e216670eadb199691aff4daab0e5481672812a65cbcf13ab5b95f9d52c60b16e9951958919dcc7bdb11783da3ef9a14fcb,CLOUDY/OVERCAST,DAYLIGHT,DRY,IMPROPER OVERTAKING/PASSING,2.0,53.0,2.0,2.0
12f7e75b0578ea78fdc3b6212d6b1b061c5d538243bc63ca78882ba8d589f9e3930f4af263f300adbd529e2acb7039d614525fe1368d730f6796d764e900b326,CLEAR,"DARKNESS, LIGHTED ROAD",DRY,IMPROPER OVERTAKING/PASSING,2.0,23.333333333333332,3.0,3.0
12f7f14a8aceb5462a05813e570b61db7755ea8de84f5c018259952b850a8732f7a0c82bdd4cc858b734131038b3c191a19d1eab57daeb4c133e3ef30abb69e0,RAIN,DAYLIGHT,WET,FAILING TO YIELD RIGHT-OF-WAY,3.0,32.666666666666664,3.0,3.0
12f7f7070586a97fd8f0b0adb56266e43cffb662e74ed974cdca2206bb4fd5ee4c9e2815637fe6696ae92591f5b03875988592c1110be67c9a9bb26612c03f94,CLEAR,DAYLIGHT,DRY,FOLLOWING TOO CLOSELY,2.0,53.5,2.0,2.0
12f830107bc20cab2ff4c1b5bb80d7ec6f27e0675c0e6b29129ec87fa94582b29bfc3b59ea56a61517fb79819bff6541e5eaccb376a6da502a7ec55ee1fe6f12,CLEAR,DAYLIGHT,SNOW OR SLUSH,FOLLOWING TOO CLOSELY,2.0,18.0,4.0,4.0
12f84560c6a257bb1cc9186726e0944faa0aa21bfb2c560bec9f68544d2e08142f59097a2715d3dbdabe12fedafa73027998eafe74562fcab956e0f57f96ce18,CLEAR,DAYLIGHT,DRY,FOLLOWING TOO CLOSELY,2.0,35.0,2.0,2.0
12f85aa3a239a1223ff171c292f2e4a7ed2da8d3fa4c7573a4eba8ca66d1214a8654a2f6a9d03b55abaffc0f2707caca532de67224224164af88dca55f5803cc,CLEAR,DAYLIGHT,DRY,FAILING TO REDUCE SPEED TO AVOID CRASH,2.0,50.0,2.0,2.0
12f866741cff1c8ec3a5ccd01a1357e1b3622938c8570d06a988111ef6459f445eda257e4bfec6670f1a71ee0c00525ae38ce710cb2826a3a3651e5a5bba9cea,CLEAR,"DARKNESS, LIGHTED ROAD",DRY,DRIVING SKILLS/KNOWLEDGE/EXPERIENCE,2.0,55.0,2.0,2.0
12f869171eae372199a3a5cc7cae81a3b81f999a3394d8f391a3e618f61633d37249f74ef07cc2e2c3d576bd2c57a3f25f1a5d18c9de740edc22d9857caa2ef5,CLEAR,DAYLIGHT,DRY,FAILING TO YIELD RIGHT-OF-WAY,2.0,37.666666666666664,3.0,3.0
12f88485102589f8029b15f697973b303ba24888e05ca743e352918bde394b6b331a7969c16668fddd0fa9aa786ef2625e7e3730dbf2e55f72ebcc4f73422fb9,CLEAR,DAYLIGHT,DRY,IMPROPER BACKING,2.0,38.5,2.0,2.0
12f893a1e4c32861c064c8738d53a171310f93d1b26c318d6d877a6f3249e6d99a969b572b9950df097b5f4043cef35b1ca98915e8f557b043b6addd5e34ecb9,CLEAR,UNKNOWN,UNKNOWN,FOLLOWING TOO CLOSELY,2.0,37.5,1.0,1.0
12f89afcdfd4f0afce9e52a700a00e44aa4337a2761863e47350c849f74c810209042b61af635a15d8ec52832f78860d27d223a5aa83a2898b560bbb19cffe15,CLEAR,DAYLIGHT,DRY,FAILING TO YIELD RIGHT-OF-WAY,2.0,39.5,2.0,2.0
12f8f07e3978ebfedeb5c6c7d7738a718564fb903ac0bf2c8992f66767431b34142c7685e1e0a856bc3caebbfa1a4dbb36d585a5684ab257f197f1dbf22b7d2b,CLEAR,DAYLIGHT,DRY,FAILING TO REDUCE SPEED TO AVOID CRASH,2.0,27.5,2.0,2.0
12f8fd635d4f59503ab5a43b191250b5751434aa9ea6a1c80d09f7fe5ac72fb7db8d74bb6e9cffc44640559fa14f24d30bd534d2ad02d147ba2e9d30d4e361f6,CLEAR,DARKNESS,DRY,IMPROPER TURNING/NO SIGNAL,2.0,34.0,2.0,2.0
12f906eb0dbe9ad0763520fa147a2cf1c27f21c5fb9b27236510b6e9dfdb8792fda96e6e1fdec74339ff247be617f6183a1fdfb968547d44b8d7a7e18954ce2a,CLEAR,"DARKNESS, LIGHTED ROAD",DRY,DISTRACTION - FROM INSIDE VEHICLE,1.0,22.0,2.0,2.0
12f9194b7a08a9cf2a9ee471c81c764ab894cfb842a90cc9ba52f6f78aad93acc95079bb266a37f7a7a287cb9f24de9bf02ebd6903c8b9a405c81374218e1129,CLOUDY/OVERCAST,DAYLIGHT,WET,IMPROPER TURNING/NO SIGNAL,2.0,44.0,2.0,2.0
12f93e23235ab2c256b159e979222b1add7f5e2018f8be7f1d30350d9906f49f2a055da94036f553c948721ed4c99f96cc18cbb0032d02b65551128d7c41acc4,CLEAR,DARKNESS,DRY,IMPROPER BACKING,2.0,34.0,3.0,3.0