crash_record_id,weather_condition,lighting_condition,roadway_surface_cond,prim_contributory_cause,total_vehicles,avg_driver_age,total_people,total_injured
12f97db25d7483cd932b036fe7c76833e58bd073a482436c3b0fbf34c5fb33149db6f7c5a442755114a913cff1faa3d7c12630efb9cd30fa75963b85acfba615,CLEAR,DAYLIGHT,DRY,DISREGARDING STOP SIGN,2.0,36.0,2.0,2.0
12f9908e53d308ed1c5355117832366f0c9db93d7fe59af9eca486b40f509c920b5303c993c19ea8da91aa55b04939c29d3a3a9b195e52a7f2b0fb1bc8cb5b4f,CLEAR,DAYLIGHT,DRY,DISTRACTION - FROM INSIDE VEHICLE,2.0,58.0,2.0,2.0
12f9d017d2bf62dff500be0bbfe36040994986616bf29d976e5408a4e0408aaef1318877c824e5775f932d595bba2e786f4b020f13c31ec6687958f1c32d7d1b,CLEAR,DAWN,UNKNOWN,IMPROPER TURNING/NO SIGNAL,2.0,55.5,4.0,4.0
12f9f769847a82d1d462ace774a822fb9ffa97b3e57964eb8e12268432d206a7798ddac9cd32f167f1dece57984d6c9c9b8125722e616766b7e04c9a047e8317,RAIN,"DARKNESS, LIGHTED ROAD",DRY,DRIVING SKILLS/KNOWLEDGE/EXPERIENCE,2.0,25.0,2.0,2.0
12f9fdcbefb7f36bf47fbe3cf100e6a9c3ff9a9dd746134c640e004bd742bd1e44dbafddfb3e89ba64087453d734b54e6a1ce5a219942f959c90ef710a5308a7,CLEAR,DAYLIGHT,DRY,FAILING TO REDUCE SPEED TO AVOID CRASH,2.0,55.5,2.0,2.0
12f9ff0e358e46542484c3a6f273a358075f827dd2a062d3d8ce86f721af2ce2c32e26642e6a6189e7ff367a0d3cabf4405fd653522ca03907a9bfb32dec5e83,CLEAR,"DARKNESS, LIGHTED ROAD",WET,IMPROPER OVERTAKING/PASSING,3.0,24.0,3.0,3.0
12fa0c3d6e8970eba99aa8aa0a960e870fbf04cd82f689e7e0ba803fd329dc00beb3a38983c0630fd1808117573415f35c485ab58c0da967b27f70cc1d3e28fe,CLEAR,"DARKNESS, LIGHTED ROAD",DRY,FAILING TO REDUCE SPEED TO AVOID CRASH,2.0,49.0,2.0,2.0
12fa3e746a8127ad49e7ec5f7c5ae1102001fcd34b8b4e33d86ee1c1811d47a61066796aad54799c8fd379e2704f830622cf759cdffec3ddb9a73548b3b3e2c7,RAIN,DAYLIGHT,WET,FOLLOWING TOO CLOSELY,2.0,31.5,2.0,2.0
12fa98b168b51366156ebac204e802d4da527ec3c908225cfb27873ca2401a546e78d2d302bf30ed8b4f3846c159fdfd8fc093b1af1a5186ac07dd478ccbd96b,CLEAR,DAYLIGHT,DRY,"OPERATING VEHICLE IN ERRATIC, RECKLESS, CARELESS, NEGLIGENT OR AGGRESSIVE MANNER",3.0,32.0,4.0,4.0
12faaf9d7a16d9e73751bb59f19d9794ffd831a71ce4ee32bdb8687477d903039f41163cdd426d91e25414821dd1db22cbe03498736d9cfc9b9a96f7343eef3d,CLEAR,DAYLIGHT,DRY,IMPROPER LANE USAGE,2.0,25.0,2.0,2.0
12faca0421c1c902aa9a32f4ff419709802850905c4286e2b490e50afc1204fbc1ff5c640c3bb83bbdaa880d2cddc4371a4d8103c3c0a0f8cd9b2f3a4be3e016,CLEAR,DAYLIGHT,DRY,IMPROPER LANE USAGE,2.0,45.0,1.0,1.0
12fb0d950001fb8e819d9212e090d0b472785c4d4c9b9b37696a9ca7b7c83eba4b5a96aed1db96aec07c94477efb8cbda6b67f1ce987e1274195a3a4da4b6c2c,CLEAR,DAYLIGHT,DRY,IMPROPER BACKING,2.0,41.5,2.0,2.0
12fb10d3d72e9366b3e451f5770a86d8d1dd6a566effb3c04737ce4fd2582a0ecd3d4667211185006da54ab487e889ba3b544874846e69279ae1da0b803d9700,CLEAR,DAYLIGHT,DRY,FOLLOWING TOO CLOSELY,2.0,33.0,3.0,3.0
12fb35c06afc54dd6e461231dfcda2d291bcee8e9c194c982291913b4c4446a803c0bd3de85f5bdd74e54f7af2212c620a5595cd837873d8839bb664a6dc07ff,CLEAR,DAYLIGHT,DRY,IMPROPER TURNING/NO SIGNAL,2.0,48.5,2.0,2.0
12fb44831f37b6ad82a82296ef9058a4fba0401f4fd6b31c8b9842b9c00a2c99eb55e3ebb7caeb2cc33cc571c675bf269adf72e07e8030c50c4a1908419e844b,CLEAR,"DARKNESS, LIGHTED ROAD",DRY,FAILING TO REDUCE SPEED TO AVOID CRASH,2.0,48.333333333333336,3.0,3.0
12fb62ce83a406fd977035369e5205a2a93aefeaaf09551cbe09f98d535f1e48d066ef0fa0d23181edfe98dbf81adf70853ec6b847c6c751b534bb8f7da328a7,CLEAR,DAWN,DRY,DRIVING SKILLS/KNOWLEDGE/EXPERIENCE,2.0,37.0,2.0,2.0
12fb6cf4d4b15a773cefa4375a884b3f64486f9104cec82b88be12d0ff1ad73702b3bf1eabe277e1a748deecde7ee84c2a011ce71cc24d9c049387a1a6c74e37,CLOUDY/OVERCAST,DAYLIGHT,DRY,FAILING TO YIELD RIGHT-OF-WAY,2.0,26.0,2.0,2.0
12fb8ef63a1dd5fb76f5dd39888116554504e9091254e39e3dad0b95c9fe7c3e8816489e546c30dd05a8cf6f26ffb002d5216c3db55a967fc3ef83a3e07f6d6d,CLEAR,DAYLIGHT,DRY,IMPROPER LANE USAGE,2.0,38.0,2.0,2.0
12fbaa2ecb702b5cfc7042db57f50a54b95011ff7197aff703d5dbb029953d54144cbfb10eef2e89755fa72d5172280518cb2814541ca71ae3be30b2e2abd666,CLEAR,DAYLIGHT,DRY,FOLLOWING TOO CLOSELY,2.0,0.0,2.0,2.0
12fbb67fef7adac89cda173286ce413aa8c622ebb4b5bcb13122b557acc148965c1e5af246bbaaa1aa650ae8d44f07eb6e8d242d8827c90fc9991f49c9f39856,CLEAR,DAYLIGHT,DRY,IMPROPER OVERTAKING/PASSING,2.0,34.0,2.0,2.0
12fbd2748400da28711ccf5a295360b475c96b6aa655df53d32978a820d7a1920fae83bd3aa8fbd70219c52e07ed454f48ede2216b53c998417bc979e1d544c2,CLEAR,DAYLIGHT,DRY,IMPROPER LANE USAGE,2.0,37.5,3.0,3.0
12fc06953ab13d9fc83fd84667ab19086e0de5b935baf73249390ac14af410c3604293878a6ffa09c24612296ed3f7567035bfbff9a4fddf7af8ed1f917fa670,CLEAR,DAYLIGHT,DRY,IMPROPER LANE USAGE,2.0,29.0,2.0,2.0
12fc209f7de49d1cb4219b6f53a98d7baf8d91242d6972125ca0b14042a1a8b6f8e500d70cefa7433b4b1a61b3587f175d4dd497c4105db98d838df1bf78eae1,CLEAR,DAYLIGHT,DRY,FAILING TO YIELD RIGHT-OF-WAY,2.0,31.5,3.0,3.0
12fc452999411a5d4b665ada3ca305ae90bb950ecdf92bd7b19a15ec85a1e24df1a19320fac22d97ea3e43c0946451357d23fb2e82407350f6f69f6bd76402e5,CLEAR,DAYLIGHT,DRY,DRIVING SKILLS/KNOWLEDGE/EXPERIENCE,2.0,37.5,1.0,1.0
12fc791c95003e99d9fec3fe430e96b653eae396050f588c59d360e4bc63747917a5d5f01567f29e31f8ac68a913f6d9eb1417b3a62df75c5a1902766d8df7fe,CLEAR,"DARKNESS, LIGHTED ROAD",DRY,IMPROPER LANE USAGE,2.0,30.5,3.0,3.0
12fc7b92eeddad45e9d8318ab00d76729b9126496aca08acc096460f1069e0e0ee9f26a90ecd0c0dd5aca123f965c140a5590bcbec3ce14626292daf7c44ae44,SNOW,"DARKNESS, LIGHTED ROAD",SNOW OR SLUSH,ROAD ENGINEERING/SURFACE/MARKING DEFECTS,1.0,32.0,1.0,1.0
12fc7ea9ec6dcd0e21c985db5260b5070bdab47487c8a9a27219407dd46c84332f47247ff583afddcd7809e1749e3c167ef22d3165bf72b90568f55cca017189,CLEAR,DAYLIGHT,DRY,FOLLOWING TOO CLOSELY,2.0,35.0,2.0,2.0
12fc82a93d0b53e5d6d562f8c032e35838415f8a8a02e3f294e64575accc6cf173c1d0946707397810a42c4f24653ff8b7ed13d69d849d077111d6b8558cc034,RAIN,"DARKNESS, LIGHTED ROAD",WET,WEATHER,2.0,37.5,1.0,1.0
12fca4a930377c322d8733af2dfe18fc0ecfce92cdd653db088a64892a99ef889ddd63804f3d24111262985de3644b4a4e07d68dee24d511af331600412deaf1,CLEAR,DAYLIGHT,DRY,IMPROPER OVERTAKING/PASSING,2.0,24.333333333333332,5.0,5.0
12fcbf51cd98f00ce5cfe72e19a7d919f1a738aa92dd55d1a203d7acb3a5133824475e7d8df96469183b839a567f93dc66c39260bce9c6cb4ff46d6405d4c23d,UNKNOWN,UNKNOWN,UNKNOWN,FAILING TO YIELD RIGHT-OF-WAY,2.0,42.5,2.0,2.0
12fcd1e6af2b971ccdc9a479547fc68c10b841572d6c1e068eb62c38697a0fe66c3f3d0a1a89e59590e93a9949d8c872cc74d3b8a6d141958d8db29f6783c072,CLEAR,DAYLIGHT,DRY,FAILING TO REDUCE SPEED TO AVOID CRASH,2.0,38.5,2.0,2.0
12fce58cd48c9043b5b9d443c264f5b46250a406de75628130ccf65c03a4bfbcfd645eed6da6bc8f6b0a7accaf2bba2dcf29aaec7ebce31ffa5516894fb916be,CLEAR,"DARKNESS, LIGHTED ROAD",DRY,"OPERATING VEHICLE IN ERRATIC, RECKLESS, CARELESS, NEGLIGENT OR AGGRESSIVE MANNER",2.0,36.0,2.0,2.0
12fd0fabe01c7b4d1c6b073fce5813d940f6c0fbb607d76fec3f2b7af39bf971babcd396103358a934abeab22b46d77e31e28e73e45845262bfc095b194b1211,CLEAR,DAYLIGHT,DRY,DRIVING ON WRONG SIDE/WRONG WAY,1.0,34.0,2.0,2.0
12fd2e8a02c7ffcc57fa341d0c068fa10f25e3ed1c9c6f1659e1525e175fa9f72e4b7019f76aceef42a365aefe2d2e3836f78b9023a8f9959f7a518f7d6d9e52,CLEAR,DAYLIGHT,DRY,IMPROPER BACKING,2.0,28.0,2.0,2.0
12fd318b564ff978dc6334fdb8e108c4f1eaf0b7b678912e48c715179c358bb02f187bb3201dda15c62904171ae04bc13383a3b8be919aa820d27faebe5095aa,CLEAR,DAYLIGHT,DRY,FOLLOWING TOO CLOSELY,2.0,51.0,2.0,2.0
12fd517c453bf5720992c85802b8cbd79e1130bbd08841c02cf08269431d8da26520a89d4b4d12aa9a1043cad66bb07533f583fb0abe57673341491b097e61b6,RAIN,DAYLIGHT,WET,FAILING TO YIELD RIGHT-OF-WAY,2.0,41.5,2.0,2.0
12fd930b2583108db8956b4dbebb04e29d02dce4d26bd07d471a5333fdb6b39e56eedd08221217fd17d8fbf10050d1d7b249aaeac15fabd72553a910e9759409,RAIN,DAYLIGHT,WET,DISTRACTION - FROM INSIDE VEHICLE,2.0,31.0,2.0,2.0
12fdb7d3e34e7c824cad446c89300b0b65337a777470226dc94ea2f7fd3d80adb3520d0e1d3083be46e9f2ded061bfbf655287fac01fea00c3c37d11524f902a,CLEAR,DAYLIGHT,DRY,CELL PHONE USE OTHER THAN TEXTING,2.0,26.6,5.0,5.0
12fdba4cc1137ca21ac7628315d68404bf639165ab8fbe875617a8b86992faf6a884fcb27990fe99e1b54c9ffc479318bc7dbbf401f3bd5beccccc5266e171e7,CLEAR,"DARKNESS, LIGHTED ROAD",DRY,IMPROPER TURNING/NO SIGNAL,2.0,35.5,2.0,2.0
12fe33e01b6dda0f8bee330d91000e1d69a63c1e8c774c76643bbf8524e559c16d36b67f12e1b01de5fb3e9447c13850c6ecc997d2cf73f3003746594a4d146d,CLEAR,DAYLIGHT,DRY,IMPROPER LANE USAGE,2.0,36.5,2.0,2.0
12fe55ea38f39b27094a836ef9991c1084ab0b84ae374e55d158b2cea8c74989d43f770737323491403a8f31db5e392b580fdf436ee3868c946d4dd8ab705079,CLEAR,DAYLIGHT,DRY,IMPROPER OVERTAKING/PASSING,2.0,37.0,2.0,2.0
12fe5b4e0316fbf56abe70a62910796ddfe7a457a6e3d04710e5dcd019944b0dc58f702ebb41369f475c647ce0a8e861ac89b3b332b013d5c108d84c7446da45,CLEAR,DAYLIGHT,DRY,FOLLOWING TOO CLOSELY,2.0,55.0,3.0,3.0
12fe75a5e24cef33a7f1001278028e82f613894442949ef0a59564d5a8672c8929e6e3a8d0311b9d1dfbf588522d409c7382b7c7871fddf8fb9903c6c91daa12,CLEAR,DAYLIGHT,DRY,IMPROPER OVERTAKING/PASSING,2.0,59.0,2.0,2.0
12fecc88bcb94cb5112505a8edee6d836dd716f3b11a5550fd69422f63155d30e1b500d20f5604aa08212244f846e792629fd54fb458e8163afb9f9d55f69aad,CLEAR,DAYLIGHT,DRY,FAILING TO YIELD RIGHT-OF-WAY,2.0,78.0,2.0,2.0
12fee645879a331d2987fbdd5e7b172a2e32260b85d1e35eca9a7a7e5f4782b8371f30d1350f3c7b3e7423d4f77f1b8b95d7732aaec36eb0da33751b395f34c8,CLEAR,"DARKNESS, LIGHTED ROAD",DRY,EXCEEDING AUTHORIZED SPEED LIMIT,2.0,16.5,5.0,5.0
12feebf51bb3f6a9f6431267c76f20573c894bcb4af2c799797a9b9ecfa09025f27b6a27703976a27670f915176cd998eccb1d50e67835a6cbaa30f4da8051bf,CLEAR,"DARKNESS, LIGHTED ROAD",DRY,FAILING TO YIELD RIGHT-OF-WAY,2.0,21.0,2.0,2.0
12fefd2162ea346fe097a6023ff062eaf64891c278d61cb8653109421447636cd93e2aa1467a72fd12b03ae29f49d25401cd14ab91060131480466611e691c64,CLEAR,DAYLIGHT,DRY,FOLLOWING TOO CLOSELY,2.0,20.5,2.0,2.0
12ff1711fb0537cb18e79fe8922a4b3dd635e6680451c36ffbb11e23beb6fe9b9e52773f04cf83f850ccf5d7dff659e7911507cad3dde2b6a95f0f070ff1864b,SNOW,DARKNESS,ICE,WEATHER,1.0,12.0,2.0,2.0
12ff1794adb6a48ec7b99d781491d7d60a87ce71c8aa5bb89fc5f93a7a7992657bc5e61dd03e0e51600978f34afed2dcbc9e0c875b8a7992a18986bba606590f,CLEAR,"DARKNESS, LIGHTED ROAD",ICE,WEATHER,2.0,37.5,3.0,3.0
12ff237ce5698774c1967e00957d850bb0a97307c7d4bedf213362e500c68691d29d3b3e1bb5fb0b04181dcbb79596cca15f9f0dbd9fa51c86d4a64c3ee5dbf3,RAIN,DAYLIGHT,WET,FAILING TO YIELD RIGHT-OF-WAY,2.0,56.0,2.0,2.0
12ff39a45dbfba62b812f176c7a7b0470a8a541e45a20611e360d53cc424a55bb4c30e57188a9f5ac0553cbde52515e5c5df81229ae4dbe05cc9ed0b6e01c400,CLEAR,DAYLIGHT,DRY,FOLLOWING TOO CLOSELY,3.0,31.333333333333332,3.0,3.0
12ff4d249efce301b2bc7e96d3e931206752fae775756611f3e0f14849e77babe84d1b33275c71b5c00044a05cf149a2791194630cb17901d038ee4a872beab0,CLEAR,DAYLIGHT,DRY,FAILING TO YIELD RIGHT-OF-WAY,2.0,47.0,2.0,2.0
12ff6db9d5834a8054f749cdf9d9d24d6d2a03f0ed638d476cb00712139871f56c7ea00e97026dd73421d6361f9dc30b758350f4591b5e978ffa7323ebcb6f49,CLEAR,DAYLIGHT,WET,FAILING TO YIELD RIGHT-OF-WAY,2.0,45.0,4.0,4.0
12ff74a6f801baf54884fa3c6ec00e1b985a976f28c98fb34914f91e19133b42305550fed7b1daaf80e9163c457945dcafc1cf3cb1fad6148e42aa3160ba099a,CLEAR,"DARKNESS, LIGHTED ROAD",DRY,FAILING TO YIELD RIGHT-OF-WAY,2.0,50.0,2.0,2.0
12ffa55adad3b5787d02a43943e357539c21f76012a70eb0460751f25c36b3462112523465c1e095bd502754c22c8c0dad5caf4f5bc8708889540c848b7de21b,RAIN,"DARKNESS, LIGHTED ROAD",WET,IMPROPER TURNING/NO SIGNAL,2.0,32.5,2.0,2.0
12ffb6689afb961c294dbbcad9471f262df60b74ffea33175295d3d5227a53d7eea6a8eb001290c54a19ff6c90fa2ab2db32e821fbe7fb0de9cffa21bb960801,CLOUDY/OVERCAST,DAYLIGHT,DRY,IMPROPER BACKING,2.0,41.5,2.0,2.0
12ffb6e064b57e554922b91d830e478111dbfbc9af19dedf3d97eb45bf3e2947d4944b4cbba26391f4af28b6ec45ce29547b98b9a918827152bbcbc9fd888e8d,CLEAR,DAYLIGHT,DRY,FAILING TO YIELD RIGHT-OF-WAY,2.0,26.0,2.0,2.0
12ffbe4f64e507967696aea4f5ffe8ddcca6081e6e75bfc06958652afec0ceac08f5be6b389947d02a12cd9db8c1d61c75fd8beabce70261fb963f2ec2affdd4,CLEAR,DAYLIGHT,DRY,FAILING TO YIELD RIGHT-OF-WAY,2.0,34.5,2.0,2.0
12ffc30a897f49b2f2906811ced247819783cf11363d424436b6a4ffc197ca3b3492d6f4484bc81db8732fab299249c536d4fc961ef83c27db9e3431f74ad447,CLOUDY/OVERCAST,DAYLIGHT,DRY,DISREGARDING TRAFFIC SIGNALS,2.0,45.5,2.0,2.0
12ffc6f72d8fe1997ee4cb45be33dc0b9060670eaaddb8ed44abaaaa383b05090735dd68ea19961565074a55a33fe577ca30d0f789b63780a5365b2f21dfc849,CLEAR,"DARKNESS, LIGHTED ROAD",DRY,DISREGARDING STOP SIGN,1.0,37.0,2.0,2.0
12ffd13f402a3c26dccad1fa551be608dc41f624f17eab9b80a1c859a0c90c2a3ac4b6caf5909cddd8a008dc977614438d7ad6877c5a0a34c21969a58cb555a7,CLEAR,DAYLIGHT,DRY,DISREGARDING TRAFFIC SIGNALS,2.0,39.5,2.0,2.0
12ffd43a828441c415a464c2d93ed37ee71158ad35e620ceb6e3f4fd67f1006b15facfde4eb6316371625f6544f96748e17ec38e3cb4e8f6206f43ad2948b31d,CLEAR,DAYLIGHT,DRY,DRIVING SKILLS/KNOWLEDGE/EXPERIENCE,2.0,61.0,1.0,1.0
13000aae1833018be9fdac54abb9c87326e8b1080bf4b1efcb0bc871d20f56ad1d57d2fc71d35ffa241e4f14ed2bb0630c49b34f3c86aff91c98ffa05628a167,CLEAR,DAYLIGHT,DRY,FAILING TO YIELD RIGHT-OF-WAY,2.0,21.25,4.0,4.0
1300170db4d93469e8a8553e74a64c288fd4714bd9b31df855f080ae244df4baddf84a8a806cc7f26afdfc970e40c628de3c811c3d0c6ef49e981eea7a5f3ee2,RAIN,DUSK,WET,IMPROPER TURNING/NO SIGNAL,2.0,34.5,2.0,2.0
13001b6e864e7d6ee2232dbd0f3e796cb4ee1e4f5cdd1e3ed0f3af5676b2981d10e1cd6283cf9e06fb25e49c818a5d5ce13077e70a4710f5603d61da03d6c0d8,CLEAR,DAYLIGHT,DRY,FOLLOWING TOO CLOSELY,2.0,48.0,2.0,2.0
13001c9be38320f1fa386b33a26e89fbc9d9cd39c7d14e215070a865f7536a2fc18396352f85dd86fd6942a7e1c5b7ba713f0060e43914ebf91ad424841dff53,CLEAR,DAYLIGHT,DRY,FAILING TO REDUCE SPEED TO AVOID CRASH,1.0,13.5,2.0,2.0
130027d2eaeb385653b3ab8510f2e6082305da010457dce4ac4c9d7e2fd8f8082e628219ccbda66e849e520af5f34ceac1f975bbf4ce8ee7d09ac0673218293a,CLEAR,DAYLIGHT,DRY,IMPROPER OVERTAKING/PASSING,2.0,41.0,2.0,2.0
13004cabafb2d26b018c20ca03a8c59968b14749bb64d1676a69407295b0ebfd6c004b819686f38ef1d128afa4e024890854fae3638be2f496fc0b10910b3717,RAIN,DARKNESS,WET,FAILING TO REDUCE SPEED TO AVOID CRASH,2.0,25.5,2.0,2.0
1300737a56eeb0a56e4eb3aaab6c016c6546938084ad1b1e725cf39453e519c0b6558309e712657ec85b24d3eaa6014639719299bb45b1a7223e5a8672d636de,CLEAR,DAYLIGHT,DRY,FAILING TO REDUCE SPEED TO AVOID CRASH,2.0,23.5,2.0,2.0
1300ae6eac77901323bb4103f34b9efccb3da2641402c373d8fbb6be08373d17844b725572bd6de6cba35ade6db1fbc87e5454a992f6645661335c2ce901e75a,CLEAR,DAYLIGHT,DRY,FOLLOWING TOO CLOSELY,2.0,58.0,3.0,3.0
1300bb57bbfe3679bfa2c5b032ff46e3b109a09e31b390d7646a241cdb894acd7e41d6bfe409af1e9154e7d00fc0dbd5987632dee05f082c22748bf4c480b2e1,CLEAR,"DARKNESS, LIGHTED ROAD",DRY,EQUIPMENT - VEHICLE CONDITION,2.0,28.666666666666668,3.0,3.0
1300bcd352598b870bf087441ba79971205a178308a5a1afbdac731bfdc1546a578cf1d972df1528383944d75d15e17ec046911dc114a9e9947bb57d38339366,CLEAR,DUSK,DRY,IMPROPER OVERTAKING/PASSING,2.0,47.0,2.0,2.0
1300d4848d38032bb66069313b9e37da316318a3e5a2481d77724ebcf82e605cd701c220d4f4b960599c13acf8d3f8638b1b55d9aa0505f9bb31fd7867853ed3,CLEAR,DAYLIGHT,DRY,FOLLOWING TOO CLOSELY,2.0,33.0,2.0,2.0
1300e387bf200c871c32c0b4e53eaaa80fc97beda968dc0e0637036ec2c5ef270b6ee58d2076a6f36a1cf78a53968d86adad03baf1a1762e16495f97e7fb6b7e,CLEAR,DAYLIGHT,DRY,FOLLOWING TOO CLOSELY,3.0,45.0,4.0,4.0
1300f0b1a3648dd6d6ea5fe4218ceccd56f4fee34a3bf4cb3084d4d96f10fef91aea4549452f1a10aed026560affc51eded1e5e25df98bda6b2442ee52348cf8,CLEAR,DAYLIGHT,DRY,FAILING TO REDUCE SPEED TO AVOID CRASH,2.0,35.5,6.0,6.0
130116e65cb5fb2cfad33b9362f3f99265557e6ea1322a6079ff2d5293d3476159295c3e52fa3e34fcdefa0637a24e6a9a5063c51d7bd3fee393fe9c00d86ad0,CLEAR,DAYLIGHT,DRY,DISTRACTION - FROM INSIDE VEHICLE,2.0,44.0,1.0,1.0
1301223fe80e5c1029b96dbd68f2ff79826acdc3642bb51044412fb109950e14300666bb659074ad5fade94a56e0dcc3d9237ac3913c3bac0fe30487357f32d6,CLEAR,"DARKNESS, LIGHTED ROAD",DRY,DRIVING SKILLS/KNOWLEDGE/EXPERIENCE,2.0,19.0,1.0,1.0
13012e6a459182bb1d106517f3a3f858234dc72ed5c33d6aeb3dead9681fff4395d937aa35ad4aff6ce40f73ed82edfdaa5113c38581564eeb9f5341b26c200d,CLEAR,"DARKNESS, LIGHTED ROAD",DRY,IMPROPER TURNING/NO SIGNAL,2.0,55.0,2.0,2.0
130146bfb0424af0716f9c972c8ecc3649a6c89311512f9cf5f3169eb7dbb72d4215c22b220baa4220f591b8e50c6724cb3e0ffe416d0aed033125a0d165c345,CLEAR,DAYLIGHT,DRY,FAILING TO YIELD RIGHT-OF-WAY,2.0,31.333333333333332,3.0,3.0
1301db04ab958e14fa760c559bbb9db1dacad11aa03469435576cedcbc82c57dffa053705cb87a2af1ddb6021e79f678c549245d6297fb3dd45437fc68ccba8e,CLEAR,"DARKNESS, LIGHTED ROAD",DRY,UNDER THE INFLUENCE OF ALCOHOL/DRUGS (USE WHEN ARREST IS EFFECTED),3.0,61.0,1.0,1.0
1301e42f76b8e282926051fff23d4945a66f23b93177dc7eff4ddbd0897357520702537dce867cc87fc8cb933e394050ea0604f5dec51d06a76bab014ae91c24,CLEAR,DAYLIGHT,DRY,IMPROPER LANE USAGE,2.0,26.5,6.0,6.0
1301e646764850c3b1360243d64da72675d0dbf7c9681ada50066d5372f6a698f70177261cd16688e3e15d400019f83ead27cc1cd80bda8b412cdddddedac24b,CLOUDY/OVERCAST,"DARKNESS, LIGHTED ROAD",DRY,IMPROPER OVERTAKING/PASSING,2.0,31.5,2.0,2.0
13020e0ef3e0c6d5fff93dbd962629e447eae1bc83b08956612deeac27621899aa31ce3f7e279ee3e03776b33cd080d969e27ee670834ee0994060d64e596f07,CLEAR,DAYLIGHT,DRY,DISREGARDING TRAFFIC SIGNALS,2.0,34.0,2.0,2.0
13020e5370d3c10b91e1585516901e507ea2672c3d852a9ecec6d1b95a2ad1c91b808180612251a3721c17c30db76fbd853d4bb776f4dd8dce72e51582cf7154,CLEAR,DAYLIGHT,DRY,IMPROPER OVERTAKING/PASSING,2.0,32.5,3.0,3.0
130286e8e736d9a39cdbff7c69f40f6e465689312844cbf3b93bbe2ffdd6b7256543b59b45a66d60e4486455b415c3e450662502f4541b265182d9225bf0fa4f,UNKNOWN,DAYLIGHT,WET,IMPROPER OVERTAKING/PASSING,2.0,40.5,2.0,2.0
1302ae5afc3a6165635f8e784839d62ea936eede6b7f07ae86bc0014d6931ea1134df96cac39bcb77364d52da76f57bbe0536796ba347a05feb2ca2ebda6d651,RAIN,DAYLIGHT,WET,FAILING TO YIELD RIGHT-OF-WAY,2.0,34.5,2.0,2.0
1302baa7f635e2b678cd5e1c4578d209ffcb61ab81a4622f176e6b2f8bb9f6a8e573eefdcff79c41321297ed32fb6e96368d4010df1fa9e93f291adf135cfcd7,SNOW,DAWN,WET,IMPROPER LANE USAGE,2.0,25.0,2.0,2.0
1302d3a884f79dcb26002ae4407b9eb5d73dfe5dc245c0d669d442b0f69b3201c77c19925e093c482084c096055857f1118d136bb54c617c51c7de8584eca6b5,CLEAR,DAYLIGHT,DRY,DISREGARDING STOP SIGN,2.0,21.0,2.0,2.0
130308082149b9df2346590e363c2233b703958cdcfc2470fb5c9fddb7c8edb7699cdfcd4ef7bb571d78087a69d32479e81c08b211b88792391a29361141d317,RAIN,DAYLIGHT,WET,FAILING TO REDUCE SPEED TO AVOID CRASH,3.0,22.6,5.0,5.0
13034664bf55f51ecb2f3c9fe1d81d382f348897b9220a246b64a0630ba4ecaff311bb0695c417551efd7d6229df56fb0a1162350ad5374a64f08e630ebc4503,CLEAR,DAYLIGHT,DRY,IMPROPER BACKING,2.0,54.0,1.0,1.0
13035e20f5fbb942c4cf85c0c7498b1f43879cb629e952cfa36af248bd6fea4c5260257504cb33a01ea27a0be73106f280279dcc401dd63dcc90fb55ce082c3d,CLEAR,"DARKNESS, LIGHTED ROAD",DRY,IMPROPER OVERTAKING/PASSING,2.0,26.666666666666668,3.0,3.0
130362db2bf982756ec1a3250e5b99ae751dd94853794818fdefcb172bd0f464f0a0baf4f2d43290338be54a4cd618d29d54ee3ae6155f6e63e62f14d04ce4e2,CLEAR,"DARKNESS, LIGHTED ROAD",DRY,FAILING TO REDUCE SPEED TO AVOID CRASH,4.0,46.0,1.0,1.0
13036549f8e8c5796ec0fce94a49c089998c72358fbfd2e4557645aba12a473f9b0d2cee6c52120483efcea60682f02775c8212ebb18dbf2384efd7cbd4066a3,CLOUDY/OVERCAST,DAYLIGHT,DRY,FOLLOWING TOO CLOSELY,2.0,24.0,2.0,2.0
13036b48e97de99d817b7310886f301214421395bace231abeeb04f043bd50d2ec579f72594dba812397f766ebb7d2ea45b550ebc5d9ad2dd40da5b15d523ead,CLEAR,DARKNESS,DRY,FAILING TO YIELD RIGHT-OF-WAY,2.0,43.5,3.0,3.0
13037bdaaf6d92caae01e1ca0839dfeafe9a3675473ae998ff37627c2b70175f84cd3b9b30f621ea0f4c186e6bedfae1c7a486f36647d76d98bff6eb3a060dfd,CLEAR,DAYLIGHT,DRY,EQUIPMENT - VEHICLE CONDITION,2.0,45.0,7.0,7.0
13037ca933c84479fc5cb1c1edb37763ab4dfed378947334c3c48299eceacb3650f9a5979a8f7c4bf3a7ffa8783c50cb9eeb3a172688a715e882058f7800ef76,CLEAR,DAYLIGHT,DRY,FOLLOWING TOO CLOSELY,2.0,23.5,2.0,2.0
13037f12377ab50e47bddc87320317ac69131b987573cbc3c8fa092c599d1ae25e604988e363d57f0eeea3a447d9fa807051996da330678e804c435d691f4097,CLEAR,DAYLIGHT,DRY,EQUIPMENT - VEHICLE CONDITION,2.0,41.0,1.0,1.0