crash_record_id,weather_condition,lighting_condition,roadway_surface_cond,prim_contributory_cause,total_vehicles,avg_driver_age,total_people,total_injured
1303e9441dc3586da265e1f55499e3ae32ed37bd04a516a7a4432878b1eb71d152bbcf2c4a71bd833c77799c7e77fc1a7a9e83ce1ac98ed33a68f38f5233b058,RAIN,"DARKNESS, LIGHTED ROAD",WET,IMPROPER LANE USAGE,2.0,52.5,3.0,3.0
13040cea6235a40e7c6ad636face7924e42a214d4e20d1c89a44007ce0b6df0cc72695f2a3dd03b3c309289d75235fab64e7395e308919bffed07ebb04bbc4b9,CLEAR,DAYLIGHT,DRY,FAILING TO YIELD RIGHT-OF-WAY,2.0,39.0,4.0,4.0
130422379c982bbb6c762f07dd94e80cb3e3d5e845bb783628e86b53b6227ff78e778359226758a6679eda0f4a8def4c4e9afd3ce3d489dcbfb68d5661fb2b9a,CLEAR,DAYLIGHT,DRY,"OPERATING VEHICLE IN ERRATIC, RECKLESS, CARELESS, NEGLIGENT OR AGGRESSIVE MANNER",2.0,37.5,1.0,1.0
13042b2f0b537985266698daf82cce31f4abe816978dfccb9e2a8f66ef8445363f5e2174cc5d6d6a5726057797571279938d6edbe573952a352569c7e39b99c3,CLEAR,DAYLIGHT,DRY,FAILING TO YIELD RIGHT-OF-WAY,2.0,35.0,2.0,2.0
13043a74fc5d50db4c155bbf4b2c671b27fed28ce90703496750f81b578934898d6998a6d7f021ac3e87b618c350f1f0db0ac92ce3224ebe838d647d5fdb2d62,CLEAR,DAYLIGHT,DRY,FOLLOWING TOO CLOSELY,2.0,33.0,2.0,2.0
13044ba7e8c421dbb4adb37de73d2752b014895a21379e7415e98d30be3a5a00a52cb7befc09df2848c56f08f8f960a7b738ae49d3bcb64943838c47baafdbcb,CLEAR,DAYLIGHT,DRY,"VISION OBSCURED (SIGNS, TREE LIMBS, BUILDINGS, ETC.)",2.0,68.0,1.0,1.0
1304658592b9ad3fa9b0914c3724bf0d7fd2f3fc3a95e129e0e605026267136d2952425bfb64abbbb8a742a3016360f42dbe3588ee414f0139bdb49f728bdd21,CLEAR,DAYLIGHT,DRY,FOLLOWING TOO CLOSELY,2.0,30.0,2.0,2.0
13046dfb56399c928d86f260c7236a98f1016c06fc01d82970f2ec8cc2acdcfbcb6635f2a8507e5a035bfe337204d729f903d1b7cb8bc24680d2bacb035485c3,SNOW,DAYLIGHT,SNOW OR SLUSH,DRIVING SKILLS/KNOWLEDGE/EXPERIENCE,2.0,22.0,1.0,1.0
13047e41b292a9897ca09b8d357cb2739380181dbe98e646ccbbb41e0274bc61ee53e124e6f0c26b9677e418db46d69383279a1101e54acdb6acd472ae993eef,CLEAR,DAYLIGHT,DRY,IMPROPER OVERTAKING/PASSING,2.0,37.5,1.0,1.0
1304c744519ca09605efa2e76627ca600deb61492c3da67d010fa6fd853a2b00100ba2541a39dc05e5290aa797eace57bd5bfb3eea337fc817756b8f35b60435,CLEAR,DAYLIGHT,DRY,"OPERATING VEHICLE IN ERRATIC, RECKLESS, CARELESS, NEGLIGENT OR AGGRESSIVE MANNER",3.0,15.0,1.0,1.0
1304ccb47411f42c65db1bbfb3d3c26f0267604fc4b8ff8f7cb0b0dc2a98e3d8e6afb34594e573092c345210797e9da00b9174081bf80205e2ba159897d67d94,CLEAR,DAYLIGHT,DRY,FAILING TO YIELD RIGHT-OF-WAY,2.0,21.5,3.0,3.0
1304d8374cad4d5559a78547fab6e93f80b2c4b585b2f1c8479b7b35c475fd729bfb7f197bc6b29be48cca98a0279edbadc2a6230f9be4129e2dc9d05aac6c2e,CLEAR,DAYLIGHT,WET,FAILING TO YIELD RIGHT-OF-WAY,2.0,31.666666666666668,3.0,3.0
13053e2316dba578197752170aa2d5285c44c7eddc04cafa7a2e5ca28652aebf3ab6b0173fbccb96d9bd3618868abee5b2380e290b22cc7ebfd4b9cee64ec954,UNKNOWN,"DARKNESS, LIGHTED ROAD",UNKNOWN,IMPROPER BACKING,2.0,72.0,2.0,2.0
1305ca402073830da3aea861816786768e3f1753259ad9b90f24092083ec76f17b1b908ffe3475dde81c6bfa78c6ba303c51d5bc83748e75274bf44026f960a0,CLEAR,"DARKNESS, LIGHTED ROAD",UNKNOWN,FOLLOWING TOO CLOSELY,2.0,35.0,2.0,2.0
1305e3e0ed16e4f30f3480eb710c2ec37da3999415037cbe0e6ec5e0955c08674bbfbd2635ccd4b838133bf9f4fb8f8d789c228759edec02a5389279bff89332,CLEAR,DAYLIGHT,DRY,DISREGARDING STOP SIGN,2.0,25.5,2.0,2.0
1305e6972ecfddbe91869cd4f31452ac3b4098ec8c0bfe449aa02ecd7b9d5c0c0d900039eb709ff3cd5ec4600ea262244e9ed4548028183644913e3f1dcf0855,CLEAR,"DARKNESS, LIGHTED ROAD",DRY,DISREGARDING TRAFFIC SIGNALS,2.0,29.0,2.0,2.0
13064409a5ae224bb6a88013525e7d88611e936af77866cfde1d11a856c27b946ef23bc077c37118bd2e3053d3cf080442bb85bda0457df8d57073c52821c611,CLEAR,DAYLIGHT,DRY,FAILING TO YIELD RIGHT-OF-WAY,2.0,76.0,2.0,2.0
130652f0d5978d7b497d28e3d1078b9e5692f904fc134cecf919e476519e1d30571da0bcd368f5de08bf4940170ebc7a5bbcf6c4b728142e3cfe53aca2c64a63,CLEAR,"DARKNESS, LIGHTED ROAD",DRY,IMPROPER LANE USAGE,2.0,34.666666666666664,4.0,4.0
1306865d3b9756a7a616400ccf202c3385747fb4aa4523ebda8bf9a4470e4f4b01acf3adac8ff2d202e4decb483d655082f4e234542e37e1cdc21f268061e3a6,CLOUDY/OVERCAST,"DARKNESS, LIGHTED ROAD",WET,IMPROPER LANE USAGE,2.0,34.0,3.0,3.0
13069cf22b31f8183dc4ac8b1c3ce322ba0be3cc45bc3a1c89170debe993e6d237da966e50278aafb296f0c2e2da1c63dcff70ab68e40dc45f61752de6f0145d,CLEAR,DAYLIGHT,DRY,FOLLOWING TOO CLOSELY,2.0,22.666666666666668,3.0,3.0
1306b29e6a5a749d613d9bf99013c9be88c5a25b6d150f32a78031bef8dc9c98f5fec901687e6a91463c5debe893925f5aac8becef78eebb3a35ef5e05b56b46,CLEAR,DAYLIGHT,DRY,IMPROPER OVERTAKING/PASSING,2.0,43.5,2.0,2.0
1306d333dd2b240c367eb9c7cf10b2a01434f58b5471b721db353e76669225f8ba4b77d618413242d3b2d65359471740a21266b0de2fa59fa732be96958d615c,CLEAR,DAYLIGHT,DRY,DRIVING SKILLS/KNOWLEDGE/EXPERIENCE,5.0,33.0,1.0,1.0
1306d8f80611aad444c4792a5dd341b51a0e9e4462d0fac8c3bcd5d974553892d9fa044b59449b889c2668c1212e059357d6516e35317684044da917e3333de4,CLEAR,DAYLIGHT,WET,WEATHER,2.0,38.666666666666664,3.0,3.0
1306eecbe57836c0a8757c4503278fd473a31f74f09d8ff63978b23070fce93dda2260f2fea1774d6867bf7781a22d130c61e874ee97a65de5a15bfccd8b1712,CLEAR,"DARKNESS, LIGHTED ROAD",DRY,FAILING TO YIELD RIGHT-OF-WAY,2.0,36.0,2.0,2.0
1306f34c629838f46bf38da8adbb0c99036a30496d51342a8af5f3f1411d3b3132a1e9d5088ac7ef74dde3715bddea3c701f9edb7eddc9315e719b7283f76d93,CLEAR,DAYLIGHT,DRY,DISREGARDING STOP SIGN,2.0,61.5,2.0,2.0
1306f5ddbcc6c421ebb262776b1468f17ebcca494ac48abefdc041c0debeb6884859e6ebb3a6f0afc60dc90fda324eb688345deb724661db550cae06dd84ca4b,CLEAR,"DARKNESS, LIGHTED ROAD",DRY,FAILING TO YIELD RIGHT-OF-WAY,2.0,42.5,2.0,2.0
1306f6e85bcc0b980e7758ef803efce030ec63a1065951d463a04667cf23035de06529c4848c3c0f29403c6ea568fc3cdd8cf0a493455c857106b6e18d9afbc1,CLEAR,DAYLIGHT,DRY,FAILING TO YIELD RIGHT-OF-WAY,2.0,25.0,4.0,4.0
13070505b04db72d10fa6ce4bc0fbd5313927b022675ad0a9ea4ec8fc3f27da503fb0d50804a366b037c8769d61aaa17981f95cba4d720efdca9638dc6bcca9d,CLEAR,DAYLIGHT,WET,IMPROPER TURNING/NO SIGNAL,2.0,35.0,2.0,2.0
13070ee29b99b9c256bb784aefa5a8d848940f88612c811f73e79465de8d0df76c8869eadc16ca5ccaadfced80ffc8074332f4739c2588b399c44b9011ce7c45,CLEAR,"DARKNESS, LIGHTED ROAD",ICE,WEATHER,1.0,45.0,1.0,1.0
130785ec169507d33d2af12c28f562be09b2db956c1fc62738cba1b176d9225d84c261258b2fc5955cccacbe78c97d3e09b6ff3f43762afa71f6d96939e3bf90,CLEAR,DAYLIGHT,DRY,DRIVING ON WRONG SIDE/WRONG WAY,2.0,55.0,2.0,2.0
13078d730de6fb8f300fcc81fa6edf17c9b8e7e659ed3347a5b21ed2d8d2b7b0b031335cf9ab91f3a76c83cb6dfc45646c74ef7f85937f8590a38ae0d3b61412,CLEAR,DAYLIGHT,OTHER,FOLLOWING TOO CLOSELY,2.0,22.5,3.0,3.0
1307907307266413c63b3db17b3dc4cd761155869028406d49601321e78cc55c2b0d1aad96f153784080a9a89279f0e698f9463efde4a2c34e0cac678f0d2060,CLEAR,DAYLIGHT,DRY,IMPROPER OVERTAKING/PASSING,2.0,32.0,3.0,3.0
1307c66ce6faad808f1005919e9685a154c62df0a5c18275bb3e2c1203c78eea25cf1bf71f60785d313b338db5fe1ffe097014fb6162e65b62ea8b4a939cdd68,FREEZING RAIN/DRIZZLE,"DARKNESS, LIGHTED ROAD",WET,UNDER THE INFLUENCE OF ALCOHOL/DRUGS (USE WHEN ARREST IS EFFECTED),3.0,21.0,1.0,1.0
1307f3f5a39e06181de950533db9e541737f1782d6c631a2b252471c18a1f7972ec07fbea92812511c3dcdf5c8348f81a07aca46f1b613e691e81cccb2eeb9c6,SNOW,DAYLIGHT,ICE,FAILING TO REDUCE SPEED TO AVOID CRASH,2.0,68.0,2.0,2.0
1307f518edc896bc00bb21e9dd91c8d711ad1c2084c6681d6a7c28015d49da84ecc1828dafcf341912834a5e5183fca29ea626bd021f9c413b16801dd52f8a66,CLOUDY/OVERCAST,DAYLIGHT,DRY,FOLLOWING TOO CLOSELY,2.0,56.5,2.0,2.0
130845d7eb689203185e5ad3da2c59660a6f06d0c135aed74d8328eb700b7aa1517d4887c28ddb53321f844195b406aa3cda684b54fae1b10e4116a969a34109,CLEAR,"DARKNESS, LIGHTED ROAD",DRY,FAILING TO REDUCE SPEED TO AVOID CRASH,1.0,37.5,1.0,1.0
13085f003119a32f2ea9f8194c2b7d61bab2594287d6bde0c0f98ee1caa85a25c9831237d1abec56db6ce37e9b412a6aa7378bdf029de4de8de0d520031d3a0f,CLEAR,"DARKNESS, LIGHTED ROAD",DRY,FAILING TO YIELD RIGHT-OF-WAY,1.0,65.0,2.0,2.0
130869225dba70ba60f384cd03e5585286ee85a9d4b9c7b6373986378ec9ba99a8953714f08a4e260a54f51f0d211176e45c9b601aa21e46760683b8529805cd,RAIN,DAYLIGHT,WET,FAILING TO YIELD RIGHT-OF-WAY,2.0,40.0,2.0,2.0
13088ab6054ac0d2292fc9b7a1718e714f0e8e35ed06bd5b2c223f2d13307daafd5bd38c7126eb0a8e39bc9794614e3d4755fe9a9832da20c12a42498b588b68,CLEAR,DAYLIGHT,DRY,FOLLOWING TOO CLOSELY,2.0,19.0,2.0,2.0
13088be4165b83349dcb4b0583d78b0dca6d58ca2ec6e6aaa04d2859ec84eb747ea0867df65a378792d9d698252fcca8d975ff37424ccef2e09591df1e6419f3,CLEAR,"DARKNESS, LIGHTED ROAD",DRY,FAILING TO YIELD RIGHT-OF-WAY,2.0,41.0,2.0,2.0
1308dd66c1e6fcdf133af162d6c8a9a8ce81e391d24420e60c82a98d883badc558ca3a6b04189817a9cff74a81655afbb7087fced87c12b68167e2145ae149c0,RAIN,DAWN,WET,DRIVING SKILLS/KNOWLEDGE/EXPERIENCE,2.0,46.0,1.0,1.0
1308fb8faf4d9350f27b18d40e73cabbde26abe30271f9cecf54e0abab046425e06072c96c311cb5bdc97eb8fe7f20d49182f09cd1d61b0e5e9a1eef3a080e19,CLEAR,"DARKNESS, LIGHTED ROAD",DRY,IMPROPER BACKING,2.0,54.0,2.0,2.0
13091b252375ad3ddc7fae3ec0973ac74e122b948188095ccf1b44b461e4e5e054280d6db38773e709379dc0cddf642c65153ed60b6da9a9e4d9eb7096102ea5,CLEAR,"DARKNESS, LIGHTED ROAD",DRY,FOLLOWING TOO CLOSELY,2.0,23.0,2.0,2.0
130929a4700dd4849ab863e65998a615e51e4f0aff9e5c8779f399b00a3a70209bcf22c5e8d38fbe1401de9f5db5782251b4d22dbfbba918d3ecf75d6b75a79d,CLEAR,DAYLIGHT,DRY,DRIVING SKILLS/KNOWLEDGE/EXPERIENCE,1.0,34.0,1.0,1.0
130943a3b83e6f13f49715ca0f652642e499296b0fe497c3c3333746cc1a5d3c246aa2440e5d40768baf5f23ca8c226dd16d6f7beeced03d3c3eae0cd2c9dd8c,CLEAR,"DARKNESS, LIGHTED ROAD",DRY,IMPROPER OVERTAKING/PASSING,2.0,37.5,2.0,2.0
130948b549c53883ce19c9832d8e63e91ac16aae7597aae04060bcd933d3c32f4b515e9719047ec7543eedcfd14c6847c26148cad1b256b58f6438b98cafadef,RAIN,DAYLIGHT,DRY,FOLLOWING TOO CLOSELY,2.0,23.0,2.0,2.0
130980680a101437a8966952487d48c4f97a7159421d1e19db8ef3e2cb60895c03b77a0c2bbfa874fa16772730b9fd9ce7c1c1a0ce44aa975762e324b2d670ba,CLEAR,DAYLIGHT,DRY,FAILING TO YIELD RIGHT-OF-WAY,2.0,46.5,2.0,2.0
1309e45fa2c3667a581f3bc9295300700e3dc2e0c14f1f6a5ff43a8324684dc15aaf5e57a5809dc0006e961655604886b1ab55fad4d9f914cff231b779aab5d8,CLOUDY/OVERCAST,DAYLIGHT,DRY,IMPROPER BACKING,2.0,65.0,2.0,2.0
130a00dba202b9b008c6572308b7fe51d8d95ece2259dc7648be52b0afd38e871ad4716b85936bfd2e75c08f77de8b0810e9a15fc837822ae35a4a1fc4316426,CLEAR,DAYLIGHT,DRY,FAILING TO REDUCE SPEED TO AVOID CRASH,2.0,43.0,3.0,3.0
130a17be0e0b3a49b9a894beb75da0cb1343c40e22b0d26d2c84b1fbba83c46cef3a77b56837c15458758d34115e9fb21cce5df5aef8eb5434a264f0abc420ca,CLEAR,DAYLIGHT,DRY,FAILING TO YIELD RIGHT-OF-WAY,2.0,38.0,2.0,2.0
130a8271b15069690f6533b83c54de8be8b35b312b66a88586b52839a9467b879ee34a9c14a0fb00341a2437c97c1cab750c3d70482888e1957637d735a77272,CLEAR,DAYLIGHT,UNKNOWN,IMPROPER LANE USAGE,3.0,28.5,3.0,3.0
130a96bb04538e6cde8ea35def4da8a814f799d44dc1530cedf60a25cbf8d55a8a2d78e04fd013b6b37b8570188069fc49e390a9a60fe098e22ccfbf0fe17c9b,CLEAR,DAYLIGHT,DRY,IMPROPER OVERTAKING/PASSING,2.0,49.0,2.0,2.0
130ab35ceee5c269c41c9f5546816e48a89401b7070c0713ff8a0cd4299e0ada8f3a3c32d498985f93c7e2a8f0d42243231a0541047c7d03b7fb9c8df6f34d8f,CLEAR,DAYLIGHT,DRY,FAILING TO YIELD RIGHT-OF-WAY,2.0,51.0,2.0,2.0
130acba654f81181985dc2f1b795cbab6ad2352f1de06b3320c0ad94f91cf6cdfdbefa4754f15f9b318dd8de1b395964e11c23c68294573760a7476e1f1659d1,CLEAR,DAYLIGHT,DRY,PHYSICAL CONDITION OF DRIVER,2.0,42.5,2.0,2.0
130ad7af6962eb844bf8b9a721eb824dd1cd7edaeb3819d34811a303402ce14fb8f6749187637314c409eda1f3014c4d4fd3d4e5fe113634294bd7e9c85a02af,SNOW,DAYLIGHT,SNOW OR SLUSH,FAILING TO REDUCE SPEED TO AVOID CRASH,2.0,51.0,2.0,2.0
130ae0699f10eac43cb98edc5a8007837d0ecbae105b3595e5fd96cf609a7a792ddc54258383e8baa621bef45f8dfbf6d42ffef1347c83ceb8113fab0e29926b,CLEAR,"DARKNESS, LIGHTED ROAD",DRY,FAILING TO REDUCE SPEED TO AVOID CRASH,4.0,29.2,5.0,5.0
130af6d269539c722db50fa036af5b841efea7433a90059efc27f5c06e769b70eaf0cbb061e08673b8eb3beff2b6d33fd0d085623df23d39b0147f7e062027fb,CLEAR,"DARKNESS, LIGHTED ROAD",DRY,"OPERATING VEHICLE IN ERRATIC, RECKLESS, CARELESS, NEGLIGENT OR AGGRESSIVE MANNER",3.0,37.5,1.0,1.0
130ba05020821b0ac2c5b6e00cad192c88324cae58322715f5e432748fcd48cc229ab0a327c89c2370d623218f4c029bbf1740e9d91469216811e2afe22b246a,CLEAR,DAYLIGHT,DRY,FOLLOWING TOO CLOSELY,2.0,23.0,3.0,3.0
130bacb4ecff1625e8cb92c310cbf52edd35a8eff7d45ea0aca3e278e3fa6386462b144961317b6cb02e4ac2d2543b9f3ea8d53aa98b8ac929adb3f19ff7138f,CLEAR,"DARKNESS, LIGHTED ROAD",UNKNOWN,"VISION OBSCURED (SIGNS, TREE LIMBS, BUILDINGS, ETC.)",2.0,36.5,2.0,2.0
130bc6c31243d5a9d05039cda09281db959ea34d86cd4f2194c2029e73c88a21695b5641e53e14b4848cd256341c08350023ca1efe17b6dfc5601bb00974b750,CLEAR,DAYLIGHT,UNKNOWN,FOLLOWING TOO CLOSELY,2.0,30.5,2.0,2.0
130bd4615bda6051ddb5a892b67e0ed96f5e473ec583c4cd508d11c91f62252837ebae2889a4443f4b7b239e944e83b7c4d23c70157e34492851d95d97c3f5c8,RAIN,"DARKNESS, LIGHTED ROAD",WET,ROAD ENGINEERING/SURFACE/MARKING DEFECTS,2.0,22.0,2.0,2.0
130bd7e56274c824bab5d63c702328c937f484f279e8cf6e72c1c4cafb8b64a70b1d70fd3361a5ecc42b561195c0d4afcd83b47f1f9d3ba569392d8ad9f413c5,CLEAR,"DARKNESS, LIGHTED ROAD",DRY,FOLLOWING TOO CLOSELY,3.0,31.0,4.0,4.0
130bfbd64796f2d6884a256b5dcaaac310ef3ed6c18d160fcb8674c3934c692eb2737474035a4637a1669907e6c5f2c514c6d1c09031b1d64e3797b0a3a8c393,CLEAR,DAYLIGHT,DRY,DISREGARDING STOP SIGN,3.0,22.0,3.0,3.0
130c2c336ad3925aadbef3152dea60ffc2811d38f01bb89e5f245c49d12efadcef04e26938373a297997fa7dfab67b05efc0eefdd1a48b6fea01d92ab0189887,CLEAR,"DARKNESS, LIGHTED ROAD",DRY,FOLLOWING TOO CLOSELY,2.0,31.0,3.0,3.0
130c355c9a06edd5481a34d671ecdacb221f3fec7672e7705c054817df5bb8e2e0e42c2108ecd85b30c6f4fd24af40b965899c3e2da97e78a49701cb797a1475,CLEAR,DAYLIGHT,DRY,FAILING TO YIELD RIGHT-OF-WAY,1.0,39.0,2.0,2.0
130c391479303b22890625a7ea1e3d2038b476644af141a56f9c66f87ba0bd4e4a4b6f29fb7ec3c11181e9c291c2bd8e2bbd0633227a6a100c5cc3ccadfd80ca,CLEAR,DAYLIGHT,DRY,FOLLOWING TOO CLOSELY,2.0,43.5,2.0,2.0
130c3ef78b0ba1a0b779a03a81fbe9e36d1266bd9fb3a53ef5b82bb95c3a7b641cbc7c1cbda36c5dac9398f724fe71a352f69d9b272244d17546d5bab334e432,CLEAR,DAYLIGHT,DRY,DISREGARDING TRAFFIC SIGNALS,2.0,22.0,3.0,3.0
130c4c5756904d9c5c82fe389ac4505974f1c1aa4762252af4b86c52b2f281091238efabd22c752a5bb6bae39c356847d816de0426168fb890054ab3a5dc6124,CLEAR,DAYLIGHT,DRY,IMPROPER OVERTAKING/PASSING,2.0,57.5,2.0,2.0
130c4d58b0c255870b204bd8f94841de5a4ae88a6692b2284a4115bb44c0546240af2f299a11327d2d8e13eb159ed3ed12a9ddb39d14fc82f3190e85d52f78ba,CLOUDY/OVERCAST,DAYLIGHT,DRY,EQUIPMENT - VEHICLE CONDITION,2.0,49.5,2.0,2.0
130c5442aa9eb8921a9c55aa814f6e5aa66dd92f079e8cb98247abc02fd4d0096afe2ebc184e536cb3e8d551ff65ed256bb62328744417f9962f1c872fb7abf0,CLEAR,"DARKNESS, LIGHTED ROAD",DRY,FAILING TO YIELD RIGHT-OF-WAY,3.0,34.0,4.0,4.0
130c5dfe9b781041a899d47d041c1fcacf16b0acee008b1ab6b200ace83a38b474c325aff57aa702b19597c2a3cda5a573c93968846957270455b7a8287df748,CLEAR,"DARKNESS, LIGHTED ROAD",DRY,DRIVING SKILLS/KNOWLEDGE/EXPERIENCE,2.0,70.0,1.0,1.0
130c62f3a56c3deceefa336306cccd72a7fec1502ccdae0ee91975387a13606a7e819c89d3abda41b36432ed51ea80ab7b225348962b87345b138aec15e14684,RAIN,DAWN,WET,FOLLOWING TOO CLOSELY,2.0,41.0,2.0,2.0
130c66a2d0821b5d2ec98fb73b014d7a7858a9dc1db315ac69b1ce814dc784132f397e22ae0e9e8f988bc0089d1ab61bd77d9e9fa6214de9dacba802a8e6c22f,CLEAR,DAYLIGHT,WET,IMPROPER TURNING/NO SIGNAL,2.0,31.0,2.0,2.0
130cacae6c12b53cae415b949f06f402b79ba0b2b43a3482fdfde597436becf6fcdf77b975e140bef9cdb63adab3bc5fdd342df23a82c1ef3515da2d0e9bb34e,CLEAR,DAYLIGHT,DRY,FOLLOWING TOO CLOSELY,2.0,60.0,2.0,2.0
130cc389b18b0b3a6444ef4b6efe61b87e7cf38b4c962f6e6a26efe9887dc52d6473f53cc482e10b1ff35d1002f9e2a0cee2e3951df1582eea250a4af31fca50,CLEAR,DAYLIGHT,DRY,IMPROPER BACKING,2.0,64.0,1.0,1.0
130cc8af00e4f5c7dccf9ed97848de28a7bb79ccdccb626e7e596e12acec58f448070999fe11e528530f3ac20aae0dc02f024b1b628a91db3edec2cfa32b70fb,CLEAR,DAWN,DRY,DRIVING SKILLS/KNOWLEDGE/EXPERIENCE,1.0,29.0,2.0,2.0
130ccd1f1870590455d1937161f57a21c20907389bfdb63e31b56ff3b5ce0307b0137d919469d0fb6e9924341a7e1845ee6aa9f7396310387ba48e326829a52e,CLEAR,DARKNESS,DRY,FAILING TO YIELD RIGHT-OF-WAY,2.0,33.0,2.0,2.0
130cdfb4e8fce6ad72e2e4c1007f0413f7e0f70c73023da0910223f22108d85f90d72cdbdef48bb97c6749ec87e23013f9ff677f65b6cec3f76678900f6e38c5,CLEAR,"DARKNESS, LIGHTED ROAD",DRY,FAILING TO YIELD RIGHT-OF-WAY,2.0,19.0,3.0,3.0
130ce248d4208441f3f83a7c34c55ebebffae3a86e6d00a4e8694115895062ee5b7434f47c9804c6d7c3645631ce892999756a31dd8a4ded74fc0b0f2da2d0ed,CLEAR,DAYLIGHT,DRY,DISREGARDING TRAFFIC SIGNALS,2.0,38.5,2.0,2.0
130cf63aa3a8224616e22ffbc6cd4ae4d83a1e13a821ac511a1b5c9b92fd7ad48ee301a6c608378e4e97b9b9c329143aa1a6de2e8547ba8ca14cb9af55f9bdd9,CLEAR,DARKNESS,DRY,"OPERATING VEHICLE IN ERRATIC, RECKLESS, CARELESS, NEGLIGENT OR AGGRESSIVE MANNER",1.0,22.0,2.0,2.0
130d0d29a29877049e26e758ad4318589edfb25f9511e3fafa207725c070bc205e3e61f6da45fcdf91b00fa2bae0d4889daf0b60b4bc5eb9b8357427fb54c139,CLEAR,"DARKNESS, LIGHTED ROAD",DRY,FAILING TO YIELD RIGHT-OF-WAY,2.0,44.0,2.0,2.0
130d15ced373e78b213d92fcaec20d21a1f11428fa8ec3ec322cb4f3a852809712134942786934adf477bb65d3392e33793337f42ae90b227b30d48044088233,CLEAR,DAYLIGHT,DRY,FOLLOWING TOO CLOSELY,2.0,34.0,2.0,2.0
130d354efdf5856a498ba6907b0afc0c21eb24342e8a708f6aa1b1a1e5d76b8dd8fea1f17e6363d7d8dc022fc9836c44243e9bf634d371c92e50664cf8067aee,CLEAR,DAYLIGHT,DRY,FAILING TO REDUCE SPEED TO AVOID CRASH,2.0,37.5,1.0,1.0
130d35c737f1982fb4841f2ec661110438338b002e92f292b86fbcbd2be7cd0602f3c3e9f45175b750efbd1551d4a8e8ff793ceb371c3a43f784f204132d0635,CLEAR,"DARKNESS, LIGHTED ROAD",DRY,IMPROPER LANE USAGE,2.0,33.0,1.0,1.0
130d3ac2741765d6ab7c0b38e82d760ddb2bd823e9166d4f18c0e25a9dd9298f7b7517dd357545dbb4d1a49cc8c62c3548ac372e46415fd46d79cd49659d35f0,RAIN,DAYLIGHT,WET,FOLLOWING TOO CLOSELY,3.0,46.666666666666664,4.0,4.0
130d472e9dfb1150a5717834d44442cc8a0097a89641b60015c4588863d4ffc88344a6348cf956b61aeb7dcb53ff67dc9746db134402ba0e491e665ddd99de5a,CLEAR,DAYLIGHT,UNKNOWN,FAILING TO REDUCE SPEED TO AVOID CRASH,2.0,44.0,2.0,2.0
130d78c317f90a942d9c7cd3278e04ce533cc3e7724bed79b7c876a8f2b5cd7689b0d0dff9efb143e0f79acdbbf16c4562b82b87d1c1bcf0f6c399a08c82f6a1,CLEAR,"DARKNESS, LIGHTED ROAD",DRY,"OPERATING VEHICLE IN ERRATIC, RECKLESS, CARELESS, NEGLIGENT OR AGGRESSIVE MANNER",2.0,37.5,2.0,2.0
130d89fa5ff60e7290272300aae1a94558cfec78e77f4c881ba3cdf1a5de98edb5c9964a84244e95edda16b26f8962f35d96b6e32e9324a472021ccc9845ed23,SNOW,DARKNESS,SNOW OR SLUSH,FAILING TO YIELD RIGHT-OF-WAY,2.0,37.0,4.0,4.0
130d8a5650cfdd6e6f3939eaafa774ccb27f7131bae6def30615d0aced4282c4e223fd5470bf4290c7e573ccc8c91f4984ae584b987c876f96aa6228bd514710,CLEAR,"DARKNESS, LIGHTED ROAD",DRY,DISREGARDING TRAFFIC SIGNALS,2.0,18.0,2.0,2.0
130da1b3300339c58bb6a04dfd194881e7069fd26036c20b6b34d84eda5514194040ab8ccf8fcc6b5fa7c8a04fd62d09664bfda9de69a51d3826d03119d4b7fa,CLEAR,DAYLIGHT,DRY,IMPROPER BACKING,2.0,46.0,1.0,1.0
130db29de8cdb57e988b3a07a87bbe84ed0b30ffab3f47190e1f447996ec03847bb6beca4390516fd44842caef27d1eeb60e5d099c9620bbb43ad5698cc44f13,CLEAR,"DARKNESS, LIGHTED ROAD",DRY,DISREGARDING TRAFFIC SIGNALS,2.0,27.0,4.0,4.0
130dc3b487d7b79542c45d96720b83f6fe76c22aba12525e2f58671bccd897d05c4c2a0928665dea1d3afc2f3b8b264bff468d276e748bffc96243edeb55bda2,CLEAR,"DARKNESS, LIGHTED ROAD",DRY,IMPROPER TURNING/NO SIGNAL,2.0,35.0,2.0,2.0
130e4fd7688f1fec6410c0b54f64404610bfd73eed24248d0352aa232246d0c4d2ebf124c59bcad26f66065d76ce3a32faf46414df6eada29fa239598cbdd98e,CLEAR,DAYLIGHT,DRY,IMPROPER BACKING,2.0,30.0,1.0,1.0
130e54b08f9f7ddc44e0e9552f20d4cd1f9554375da8302a685c5b8e7585c9d8ab6a21f9a5884a7179a2592d59e8f35472608168eb510d79d32ce76927fe646b,CLEAR,DAYLIGHT,DRY,FAILING TO REDUCE SPEED TO AVOID CRASH,6.0,39.0,2.0,2.0
130e563d1042ccb38fcbce9b28f172f47701e9e1da83d075cdaa1feeee011a2d9be969a134333da93f29edcf180d48363f741d98b8595535ad861682ad797591,CLEAR,"DARKNESS, LIGHTED ROAD",DRY,IMPROPER BACKING,2.0,25.0,2.0,2.0