crash_record_id,weather_condition,lighting_condition,roadway_surface_cond,prim_contributory_cause,total_vehicles,avg_driver_age,total_people,total_injured
130e6933cb47e78bf3c8277bcce5c4620bd3141b7833911e0858f599cf51d3ffa04499f56af68a97e56bac56ae60c0ca91ca0405b1d81995c3463e5e539d7a5c,CLEAR,DAYLIGHT,UNKNOWN,FOLLOWING TOO CLOSELY,2.0,36.0,2.0,2.0
130edfb1bcac9a809d2421a132240ccccf89160837900aa23fbf9b6955b2c024e80175579140aecb662fadd3c912524be4f494643f3627eac73590d0645e768c,CLEAR,DAYLIGHT,DRY,IMPROPER LANE USAGE,2.0,46.5,2.0,2.0
130eeb0c56bb4f3667c6642efec6d46fd9e6d0842c3e6f60d13b27b4afd9adf8022395c67bdfc544510f69306fe227d236837570131ffd45434bb777b2d39f67,CLEAR,DAYLIGHT,DRY,FAILING TO YIELD RIGHT-OF-WAY,2.0,37.5,3.0,3.0
130f08835380eb2b24db1aa7f56223b6d16d4147b73490638108e79bcd000a97d9aa8325df5f80e2252dba1098fd90bf268f548a98a325a7655b1280e8d1a8e8,CLEAR,DAYLIGHT,DRY,FOLLOWING TOO CLOSELY,2.0,47.0,1.0,1.0
130f3bf415ce46e091c5d7018cab2f72f0af0b0a0dde37b3e14bded50f638001e415f00142400c712f98028d526f08e71b948f58f32336ad09608fbea426393c,CLEAR,DAYLIGHT,DRY,FAILING TO REDUCE SPEED TO AVOID CRASH,1.0,35.0,2.0,2.0
130f423d8861387ab3dd306cfa27662acdc1e54d686ba827ebdae961da0d16333cf56696286710283c9f4d422d2e3f48cace91620f72b25b0276785b4ffe8ad9,RAIN,DAYLIGHT,WET,FOLLOWING TOO CLOSELY,2.0,28.0,2.0,2.0
130f619e32af4c405fc75cf8fc15e44b1d4d3038df54598a21d6be9d411ffc66a0efaa21e41c6ef02e500ecb3eb967262b9ad242ff75f894be2da1538d3a65a5,CLEAR,DAYLIGHT,DRY,DRIVING SKILLS/KNOWLEDGE/EXPERIENCE,2.0,30.0,1.0,1.0
130f6488122af3aa746d0ede0f77cf44bd716ab315c35853d7124609afcdd52fbdc701f4f942609ffbe0737c0b28c77637789f2f44fd12ec099b45b5284c1614,CLEAR,DAYLIGHT,DRY,FAILING TO YIELD RIGHT-OF-WAY,2.0,61.0,3.0,3.0
130f6dc9657f4203f55960d746d32807aec9902f91fe1e5e6d64429eda39aa1624626ee5373ede87cdd20069575b7c8f71b34afa0c5fca4274c2095dc1955c59,RAIN,DAYLIGHT,WET,FOLLOWING TOO CLOSELY,2.0,85.0,3.0,3.0
130fa6ac32216dba2677fca55179b06cdc566ef4c8f4cbd00d3db44b71db7226e8364a9800b37594342851321a62f380e83a20aed0748582111758de3baa005f,CLEAR,DAYLIGHT,DRY,IMPROPER LANE USAGE,2.0,30.0,3.0,3.0
130fdac6365a5b6383876ad97edd0dc6e5f7631c57fcf581884a60e3f3bc255a642763482359f9f05055ec09b8b9e521ded3f9c9944e0c15e81be90131791941,CLEAR,DAYLIGHT,DRY,FAILING TO YIELD RIGHT-OF-WAY,1.0,51.5,2.0,2.0
130fe1fa3581da9730be845a1241baa48765c130deb343822c001e3dac3670096612473ed0af70ff93f30fe674ad7f2dd72ffa61049d5162274fbb01600b8937,CLEAR,DAYLIGHT,DRY,IMPROPER OVERTAKING/PASSING,2.0,23.0,3.0,3.0
130fe4fcafda26bdadfc2fcce7f4e86a07be2eb58523514bde694217bf070b5a3ba0114625dc41f69ac7081a9cfdc8ce17fe1e1e9654b5fff43bb4d782424d9c,CLEAR,DAYLIGHT,DRY,FAILING TO YIELD RIGHT-OF-WAY,3.0,38.0,3.0,3.0
1310203be6a6b16a86481752bb5b833ff817510fb4b437663fb5b873200e81a00fbf90a758afccd1daa7a26732f84e9958c119cff0520aee4a006f679944e001,CLEAR,"DARKNESS, LIGHTED ROAD",DRY,UNDER THE INFLUENCE OF ALCOHOL/DRUGS (USE WHEN ARREST IS EFFECTED),2.0,47.75,4.0,4.0
13103c8c1ad8ce39a7bfe22759791c4202a7b4750dd8cd4348a981c9d6f38bc1e8e81c022f07f502f0bb610d178ec6d0ac916079c9a8a05d2f08468ccca760f0,CLEAR,"DARKNESS, LIGHTED ROAD",DRY,FAILING TO REDUCE SPEED TO AVOID CRASH,3.0,21.0,6.0,6.0
131040e31c4aaaa27cebc4f30fb6ec1387c24d8da899c9e65a2596d6f06a6118c5e7c48355a8cda70e5ffbaf38a2353ce2495e07bbd22bfeb12ac53e83d7746b,CLEAR,DAYLIGHT,DRY,FAILING TO YIELD RIGHT-OF-WAY,3.0,38.0,3.0,3.0
1310659dc33324c58cd29f555fbfd993a926a696562cfd1ebf74693ac4f7c0632f600b3e5b869cf0691ebad3b7d6c7bc722e6b06b846a7a615d38b6585339ade,CLEAR,"DARKNESS, LIGHTED ROAD",DRY,IMPROPER OVERTAKING/PASSING,2.0,28.0,4.0,4.0
1310a22276fe7e9a943dd8a809146b8e999e66352e38c35edf04432c8001340ddee871283e13f354f4c9efafc0a405c3496d702075fed9875cfe1f4f7c94aa05,CLEAR,DARKNESS,DRY,DISREGARDING ROAD MARKINGS,3.0,25.333333333333332,5.0,5.0
1310b49391e39b181c09704746c7739e003b136a2e6b82788f682a3873ef4d894545f195c6abe689e3ca31975d6c333423f9edf64131c57f60a17f2ef0eb9dd4,CLEAR,"DARKNESS, LIGHTED ROAD",DRY,FAILING TO REDUCE SPEED TO AVOID CRASH,2.0,27.666666666666668,3.0,3.0
1310c7f16e90e7d256f3dcbdb4b5dc4e07a24d54d8781b57766540e7b16113f408590be032ddf3a0797d6c1e7e8d1f3c318e6db8ebf359d3ed1c81b29c180ee4,CLEAR,DAYLIGHT,DRY,FOLLOWING TOO CLOSELY,2.0,50.0,2.0,2.0
1310cf80c31ffd45f5f1d168673bd0cad936558cf99d68ba16cfc17d2d9fa29a33323af7526822097ad5e8ee99bdcf126b2c366e21dfdb32b8a8666a15ff2f18,UNKNOWN,UNKNOWN,UNKNOWN,FOLLOWING TOO CLOSELY,2.0,37.5,1.0,1.0
1310dbb71db2b43d73b29be77055c56fa1411d3ab05947501c85d6f61a24d759cc5e7c31fe356046e9e0ae310b0c6b915b859f28908856f45e87016959800669,CLEAR,DARKNESS,DRY,DISREGARDING STOP SIGN,2.0,36.0,3.0,3.0
1311191c4acb30002c17bfcf859ded2c166654ff406441956c2380d55c6a2c1aeece3a2ee674453957882cb34cb3fdd4698d9fb182e3643275e773734a35c9bc,CLEAR,DAYLIGHT,DRY,FAILING TO YIELD RIGHT-OF-WAY,2.0,49.666666666666664,3.0,3.0
131127002fff19476b9bdb1f6302608cce4c25caebf8f47e36ada6f9c22f9f3aff4087bb4876f78334c9a66292d688be791f3ebc066b934c451c51a36a30958e,CLEAR,"DARKNESS, LIGHTED ROAD",DRY,DISTRACTION - FROM OUTSIDE VEHICLE,4.0,33.5,3.0,3.0
13112b0978ebb95cffbc7bcb7fe411e14f376010c5da10fc83f176a10d37bcfa61eb4a543f76e5ef51ce8dc4c29c401daa823188023a3c25981574dd4633f7ce,CLEAR,DAYLIGHT,DRY,FAILING TO YIELD RIGHT-OF-WAY,2.0,43.0,2.0,2.0
1311459796e99c8bc55c6572661d6da3929ba6d8f19f407d56f361adcd3db830e68e8557bdee400bb8a6e9c07a1fc009521b83e553d4e4ca8e03f1dd304d1b9a,CLEAR,DAYLIGHT,DRY,FAILING TO YIELD RIGHT-OF-WAY,2.0,31.4,5.0,5.0
1311729a5aa0635724cd564e432a851f2fd2db5a20818730d764c0bed2018f6254b8e59bead7c34d148acc6a492b3eab1df39b77dfe670ccde17c75d31e1838d,RAIN,"DARKNESS, LIGHTED ROAD",WET,FAILING TO YIELD RIGHT-OF-WAY,4.0,33.0,3.0,3.0
1311973cc786d4d4f927768e8dd6d3f721e77ef5956237c993871bef64bcf8d67c66b4de701896c6eda0efd903fb12aae34fbc2e0cb3ac500e18ed265aaa1271,CLEAR,DAYLIGHT,DRY,IMPROPER LANE USAGE,2.0,19.0,2.0,2.0
1311b032f0c580d02b5f8bb8d307b0e1f877727d4b78f1b0ab248c3859e905cadde626feb2439d5dc385e74bec3b8125dde71a2e46be3cf869ce112ffd4a02df,CLOUDY/OVERCAST,DAYLIGHT,DRY,FAILING TO YIELD RIGHT-OF-WAY,2.0,54.0,2.0,2.0
1311cbfebb113504838a9f318ad6d94796155c856339a217da7098e978c7db0f2433f4942e1d46324ac74d00569813fbb3e7ff59ac7269fb93547faf7f3f0a59,CLEAR,DAYLIGHT,DRY,DISREGARDING STOP SIGN,2.0,37.0,2.0,2.0
1311dc1deaa5fbc83352f846cdaf514eceb8a27ab9162a428a0283488247739cc86bfe32e02a088a1dfbfa84e3c30f360297e66d1427a83e4e04b2078100f0a2,CLEAR,"DARKNESS, LIGHTED ROAD",DRY,IMPROPER BACKING,2.0,18.0,1.0,1.0
1311e670d5dd1f69b7bbf9e75343dec733b8877e15d413b3dec35eb47ffee660edc7a877642bf92d65e45d090233d85e6d3039c7853e66efb551e382b8e55178,RAIN,DAYLIGHT,WET,IMPROPER OVERTAKING/PASSING,2.0,35.0,2.0,2.0
1311eaeced9a4111e904865d0c76003bcd2061d0d79899ffab66cbbe934b31c5fef4acfd47a27e0a4caa8119c351a882bf0fb460066e3dc4a0d80d7914af5f1a,CLEAR,"DARKNESS, LIGHTED ROAD",DRY,IMPROPER BACKING,2.0,42.0,3.0,3.0
1311efbd9ac86101742b46343ead0179e479ef42f28981015a10a7edfc504047b62cd0b84ebfc0fd17bea80e28e34e79fadf6c5476560898789ae37ff0fa9497,CLEAR,DAYLIGHT,DRY,DRIVING SKILLS/KNOWLEDGE/EXPERIENCE,1.0,37.5,1.0,1.0
1311f34ea8a81823054209ab79b528a4a8f2d3549566e13fafb083b2a29c6afa539e1600d8f32290119203156a3a4e05c1d8f8311f0b7dfe59b93eb87b537634,CLEAR,DAYLIGHT,DRY,FAILING TO YIELD RIGHT-OF-WAY,2.0,37.5,2.0,2.0
1312131e3c7c1f2519fb59f30972242043c117ecca61878cb1bd2ef93e0320a2e0814ebd47d908072bcd01402c02bf9324bca1c4f6966720d3d862b185184405,CLEAR,DAYLIGHT,DRY,FAILING TO REDUCE SPEED TO AVOID CRASH,1.0,35.0,1.0,1.0
13124e8dbc94dd46206b320ebdfdd91fb47c74565bfd01dd2bcda848e2cd11fc5af3178b907a57dc9135f000e83bd6a4a3362866441a1f90b989a4942c8400ba,CLEAR,DAYLIGHT,DRY,IMPROPER OVERTAKING/PASSING,2.0,34.0,2.0,2.0
13126991adbe1ad5f0c24a93d679fc6d86ad2bd8101a5ee0c1c534dc8afe60265068f1963f4ddf6cb589e37e55cb5a4bcad103f33550e56f3b2712bfbb88d441,UNKNOWN,UNKNOWN,UNKNOWN,HAD BEEN DRINKING (USE WHEN ARREST IS NOT MADE),2.0,37.5,1.0,1.0
13127028d61d6185977948d2e78c34a4561c4db01947ab56f4c48ae4beab3bfbee64367db35bed4e2777549ac530e7e05d38a456a7db955781a69696c4c2661c,CLEAR,DAYLIGHT,DRY,FOLLOWING TOO CLOSELY,2.0,26.5,2.0,2.0
131282fae8d90b6feb1b89f4169339b15b7279d076e3cf0ec141c213c0f85dfa92b175894b3a7a957f430b5c0226681d7409437ba8617e0a0b05f71d9a3419d2,CLEAR,DAYLIGHT,DRY,FOLLOWING TOO CLOSELY,2.0,63.5,2.0,2.0
13129f78a805c7486f55470463bba28b33b5e0db785cd0130af223c97295e155ea4167613e0969d77a7760726e6ef57d0599753f3360a6d2e7efbc4df8073f25,CLEAR,DAYLIGHT,DRY,IMPROPER TURNING/NO SIGNAL,2.0,46.0,4.0,4.0
1312bc7a85bfc7d2565738d2b52de7939460e2fbacc756e469d16e2576a554a9fcde5100ae77dadd3e9f3736ffc72ad2603ff17444ef855c47d8a8be177ffa81,CLEAR,DAYLIGHT,DRY,FOLLOWING TOO CLOSELY,2.0,35.0,2.0,2.0
1312da172f2548b45a41cb96d8bfcdc7dd783471ae92dc2e4673ac830f2748f524ae07b968a2860ada0519e4bc7adad1a858ff6d35926e619c33c444d88b31ab,CLEAR,DAYLIGHT,DRY,IMPROPER OVERTAKING/PASSING,2.0,34.5,2.0,2.0
1312dceaec06a4c288f0d56f25c75495dec9ddd388c111bcdb5c78b07b9a2f1556e9d82182e89c882bc7007b15d70de635ad456d46357b53b805ac8681bd20b9,CLEAR,DAYLIGHT,DRY,FOLLOWING TOO CLOSELY,2.0,22.5,2.0,2.0
131331127176bf9c104a93abcf9b9b998eff8657f6befb7cb88d3f6919bd6c4f3047723e421b47fb16c4c6bf4e9be0b116b645eb1014ccc9e7a055d4e551aef8,RAIN,DAWN,WET,FOLLOWING TOO CLOSELY,2.0,53.0,2.0,2.0
1313536ebcb47fd0d52ad44f20c1536deef2c19d9283c5d8c32b03c686773776c96d521187cdbf8cbb9d0a53642e5c46d9c21b350963e886248c1c3a1fa390f4,CLEAR,DAYLIGHT,DRY,IMPROPER OVERTAKING/PASSING,2.0,38.0,4.0,4.0
1313656a2bca9568437f4f0fd8a9897d6b9f5191e89233c12bd1af8991f995f00823a300bbd60076ccfd1d7c79649c23bc037e2844b1dc92d1a9c5046bd33b30,CLOUDY/OVERCAST,DAWN,DRY,FOLLOWING TOO CLOSELY,2.0,32.5,2.0,2.0
1313e2afad78255560f7af639bf8b5887f53a673cc5722447cb6bad8e1498abec0e9239e5a0a1a15896101553b08f2e18eb716a1c54a6ddae86e57263182e4ff,CLEAR,DAYLIGHT,DRY,DISTRACTION - FROM INSIDE VEHICLE,2.0,53.0,2.0,2.0
131403bb54f3f550db6d3427cfda7d93d02222cf3ba48f664b84645cc50c49ec217ecb0a1b39b55e4f40d0ee8c377c6ce342fe12c04cdb5d6cfa0677b1d45540,UNKNOWN,UNKNOWN,UNKNOWN,IMPROPER OVERTAKING/PASSING,2.0,43.0,3.0,3.0
131434b812014d1cd786d2621413d2281f2525aef3dfca93c2ae85431f3603266a719c99f4a5b008eea3f09ecbb943e2300179a3071b781cc4969ffe5dc6aff6,UNKNOWN,UNKNOWN,UNKNOWN,FAILING TO REDUCE SPEED TO AVOID CRASH,2.0,37.5,1.0,1.0
131450389cc4e0640d5e61d51acb00ff1d424822e685388e815808dcdfd7b40a0333c773014e463c3d5d74896e9da632fae9e06afca6340e0fbcb9205a804458,SNOW,DAYLIGHT,SNOW OR SLUSH,IMPROPER OVERTAKING/PASSING,2.0,44.0,3.0,3.0
131457ebdf75d487b0ac99d34e0cabfa74a6c88fad955184087be45564aef8c5484830934cfb273a68896bff29b89682924ad18ebb0ae59b6db471d4d4097f05,CLEAR,DAYLIGHT,DRY,FOLLOWING TOO CLOSELY,2.0,37.5,2.0,2.0
1314d022405bd4dab5cf1ff93a71ec8a32a93333cd4094dafa8e99b437fbbd35b6bc90e1e2177036af2ce184618ca2c0574638940d6951680df43a8c8502526b,CLEAR,"DARKNESS, LIGHTED ROAD",DRY,FOLLOWING TOO CLOSELY,2.0,24.75,4.0,4.0
1314db2f7166e4bb5e80fd47ea73be73f38595a40047c233365b2025ca0e7ed02f2b5ce5fb872eebbc59f8a1540995b442163281264e1cf99a8fdbd678e85993,CLEAR,DAYLIGHT,DRY,FAILING TO REDUCE SPEED TO AVOID CRASH,2.0,0.0,1.0,1.0
1314e6c81718eb1b3a573de3006acb77f082d8a44d51303b30b51e843ce6e4bc15691d223a179916dd752b8d2cf06708b3aa5846bf285cada778b4f1f73d0ac7,BLOWING SNOW,DAYLIGHT,SNOW OR SLUSH,IMPROPER LANE USAGE,2.0,43.0,2.0,2.0
1314f4bba0f54d935b12575d3ba83ef8e7db8b0912e8c1c757a530a02484e4c505ca6857bf30357d24ce98092cbe1911cc5a709745e6730190b322ff74ef2196,CLEAR,DAYLIGHT,DRY,FAILING TO YIELD RIGHT-OF-WAY,2.0,31.0,2.0,2.0
1314f5884e6980eddf4ffb43f8b97810849150ffb1f099184c68771f5a9a51d2bde3f73cd8560be179b0964a4f9ed81b225067fd45bccc103b264913eafa592c,CLEAR,DAYLIGHT,DRY,IMPROPER TURNING/NO SIGNAL,2.0,56.5,2.0,2.0
1314f916f2b662ce460087c0dcdc1e7100b3fcbe4cfafaf49d9ffd15ab8a2c504e7665d1a4a65b5b582e4800487a6aa5c128dd8d3a3b0e21d29757b4e172cc06,CLEAR,DAYLIGHT,DRY,DISREGARDING STOP SIGN,2.0,36.0,2.0,2.0
13150d655eaa367e120eab339c538fed9c972d12a2dc7b4ffe8964da593cb12689f811313ce07bbf5e3143ae9b7db596aedd33cba5e5ff59ca2dec0f524b51fb,CLEAR,DAYLIGHT,DRY,FOLLOWING TOO CLOSELY,2.0,24.0,4.0,4.0
131510f01bd9a0ebbb557f2665f29a04d8e901c3cb73c3457c63fa64ad0f0dceaaf0f61b27bf16e21586014fab33cb396dc0c6208f300fe22881db2451438324,CLOUDY/OVERCAST,DAYLIGHT,DRY,FAILING TO YIELD RIGHT-OF-WAY,2.0,42.0,2.0,2.0
13151fa295efa6ddf8c5ba172fda3bb9429d107dc4e017679f21f29fea1f536f430cae1ecd2b3b1d6df65e62f70ee439354d52886822540e9a4305829b00d209,CLEAR,"DARKNESS, LIGHTED ROAD",DRY,DISREGARDING TRAFFIC SIGNALS,2.0,27.0,2.0,2.0
13153e02b3febc00c818b38959fa15483578539c1922e5f2c1cff9337f7bd58fd5ae9647f1f052058d0527f2337eb0804914000a929ecb01c72f1738659ac781,CLEAR,"DARKNESS, LIGHTED ROAD",DRY,DRIVING SKILLS/KNOWLEDGE/EXPERIENCE,2.0,18.0,1.0,1.0
13154dffb1f1476c986f10849c6aed3f8c3b92fad4e17c36559fc9fdffd6ac798eaebfabf3898b576be3e4581c8cec09b535f631905ed204a67ea69bf86ea971,CLEAR,DAYLIGHT,DRY,DRIVING ON WRONG SIDE/WRONG WAY,2.0,79.0,2.0,2.0
13159cf73e9c560d28ca7d7f1f8b2abe9718f90e06fdac8fb11492c4c6c9b0afe52522e92c55616a47678d155000541ebe37becf6022bfe8f736a925954c3ea9,CLEAR,DAYLIGHT,DRY,IMPROPER LANE USAGE,2.0,30.0,2.0,2.0
1315ba199c790f358764d77dc73f97d36b28d9c30e8ace729f73c17c258b51a9e1d9cafd05a27795bf59590fa3b32854d50842d9a4103a1796d55127e537ad95,CLEAR,DAYLIGHT,DRY,FAILING TO REDUCE SPEED TO AVOID CRASH,3.0,46.0,9.0,9.0
1315c34c9562fbb288539dc2badfe1c95b51e6594120f254b74038a78a3e67dccc1168154896d9f13bdaf9a0f005b01b1dd9bd8b0e6f1b33b2d2e06e919f45c4,CLOUDY/OVERCAST,DAYLIGHT,UNKNOWN,IMPROPER BACKING,2.0,33.0,1.0,1.0
1315edbf0c45f4fabc0ba23c5896d498a69db94be258e3e3aee20e6fce754b98728280208ff0848c845a1171cd02730869fde7d5716fe662223ca9ac46b3186b,CLEAR,"DARKNESS, LIGHTED ROAD",DRY,FAILING TO REDUCE SPEED TO AVOID CRASH,2.0,53.0,2.0,2.0
1315f01d494b56b6fc57bbc6fdba00bac6a9fa03977224758e5108463fc476e649eb2808be1f4318683322f1592f70122d0f363474d0dd13cf79eb6e0bce786c,CLEAR,DARKNESS,WET,ROAD ENGINEERING/SURFACE/MARKING DEFECTS,1.0,27.0,2.0,2.0
131600a7124f89bfd838ae88099b5b07dc1bf91630a2f53f2c5bdc24e4f83b1e101ceedc8c693d466c5f35467a8e965bc9158a9442f9615d5fac4a89ab4ae3e4,CLEAR,DAYLIGHT,DRY,FAILING TO REDUCE SPEED TO AVOID CRASH,2.0,63.0,2.0,2.0
131601203844b2518cc05dbb9cbdd213b36b51b0ddf8ce76b452ff1559dd0ee0ff7e63cf1e83fd572d5c22c8682a8df7bf1094804c0630f7e565bd19caa436dd,CLEAR,DAYLIGHT,DRY,DISREGARDING TRAFFIC SIGNALS,2.0,19.333333333333332,3.0,3.0
131630a20d37d418bdea15d0836f9ceae54c5f05226a3ca3f86ab2409ff08caf765b4ae52486d967c897a60237876fb8c7ba1cd6bfe511d1969dcf6aec4adb61,CLEAR,DAYLIGHT,DRY,DRIVING SKILLS/KNOWLEDGE/EXPERIENCE,2.0,37.5,1.0,1.0
1316393c5bf95f0b951aa931b4400306a02ca65c6b2e57703030090817df9ca225912ec9755acb347046958e317fe9c38ce646be377b108e47ccdd8109af2414,CLEAR,DAYLIGHT,DRY,FOLLOWING TOO CLOSELY,2.0,30.5,3.0,3.0
131678eab98547631830416caee1bd53c562872ec47acbd419b8f4daa7b8817e402b7fe91f492561a3325410f882c9756f4e601ac1952667ff437e1625edafd8,CLEAR,DUSK,DRY,FAILING TO YIELD RIGHT-OF-WAY,2.0,39.0,2.0,2.0
13169cdec8dedb58c5d4676f22f3e347b4e4737746807529b8c02f3e831433d5a1e7d0d5d3720bcae3cbbf7384c1c0fc4a13ca94948831375fbbdef2cc0ea587,UNKNOWN,"DARKNESS, LIGHTED ROAD",UNKNOWN,FOLLOWING TOO CLOSELY,2.0,29.5,2.0,2.0
1316cdd040a81f660972586d16f70fa3f4d289cafd94e780b1d7a35d05edd71eae8593e708258a3a28944e9067603448688f97bd12b72b306f42ac0154a86a49,CLEAR,"DARKNESS, LIGHTED ROAD",DRY,FOLLOWING TOO CLOSELY,2.0,46.0,2.0,2.0
1316ce75e04d3849bf85d4512c6eac663c2fb7c2e7ba618ba18d5c387ae69d849001bac14396778c0711c911f7750a9ddac790e565170ca98c6ceb67061515d5,CLEAR,DAYLIGHT,DRY,FOLLOWING TOO CLOSELY,2.0,31.333333333333332,4.0,4.0
1316f6fc922e441e0bc927808d1e569b2a580771706dcdcbf6b3257812f04fc9f611e19adc29ea1c71d4be79a1225e053e28d0bc8c9a55ac8dc875e04fc06c38,CLEAR,DAYLIGHT,DRY,FAILING TO YIELD RIGHT-OF-WAY,2.0,40.0,2.0,2.0
13172f970fef0c993b86b9f9eaef1d1acdbe19d8ff6b0c28e61b5621432d4e86bc0bf97f25eb533f140fa61710b33438815d0aa0842af1878a42635f49e5aee1,SNOW,DAYLIGHT,SNOW OR SLUSH,DISREGARDING TRAFFIC SIGNALS,2.0,37.0,3.0,3.0
131744ac7f83e8cacdffb9197a0d86dd46134855efe474203551027a71a7e73b4f0642369fdeb93df952724bad33baf32cdb97e6167a3d43acff0610122bb4b1,RAIN,DUSK,WET,WEATHER,1.0,30.5,2.0,2.0
13174b3e2d2aa96711bb9f28bc63cf093a67a5514dda4851143c335203ec2ee3ea739d8fdcafe0ddc9138ed422a195264842a4dfac9386b6a93371a82accf088,CLEAR,DAYLIGHT,DRY,"OPERATING VEHICLE IN ERRATIC, RECKLESS, CARELESS, NEGLIGENT OR AGGRESSIVE MANNER",2.0,32.0,2.0,2.0
13175b57f66e0af458ce62b6d1ecc33fd3c043c8cb7f47d5a9e07df8968c99b400781a6a46c0e3eaa96796c23eb1fb076a565c1ec258f0eaa7b0bd679cf7bfc2,CLEAR,DAYLIGHT,DRY,EQUIPMENT - VEHICLE CONDITION,3.0,44.666666666666664,3.0,3.0
13176c8a842cd434bf4cd1488d0c8b4ed6507a99aaa30706e27b60003129d946d46faee84c05a3fc2c606e01d425fd47837960253aa3ac83394f1888d110ad72,CLEAR,DAYLIGHT,DRY,FAILING TO YIELD RIGHT-OF-WAY,2.0,35.0,2.0,2.0
13178a4d5d95ba511779373922fedf80a801ae7dc40f80a6106ca2cddcf72f75184b601b495912b446d1215935bc625b0e12b5860c29442d8d81c4348868bc05,CLEAR,"DARKNESS, LIGHTED ROAD",WET,FAILING TO YIELD RIGHT-OF-WAY,2.0,35.0,2.0,2.0
131792fd135bb7d0add8d73f109e8e21a37f40011fee3b9b38c6aec6ac3a97ad2c7d2e716918958419bb297038bc29c8c755c178dd04b44d3f43787d4cf61002,CLEAR,DAYLIGHT,DRY,IMPROPER LANE USAGE,2.0,11.0,2.0,2.0
1317a9e7cd16eb98e5655705b89ad684b5837058510b359ebca55e0b3a62a18f169f1ff404f5ef2b26edf28ae3f61c62d88a8dcd457a14a1b1b1dec73bacfb99,CLEAR,DAYLIGHT,DRY,IMPROPER OVERTAKING/PASSING,2.0,30.0,1.0,1.0
1317c972c48d383fecd7afcfb9e7a3f9bd2a958a9627e8428d6ff0f7f84400a1139427b24f4039e2f1210cda3ca66fbf10231df9276f395e4acc2b4a17a48a80,CLEAR,"DARKNESS, LIGHTED ROAD",DRY,FAILING TO YIELD RIGHT-OF-WAY,2.0,54.5,3.0,3.0
1317e6dfa6798021d0b277d8d64665b76476cf2375973900f099571d6bb1ce3709792de505b1a9adb81603ae3ba9de3de6fc473abce424d23eb6c74efc73bbdb,UNKNOWN,DAYLIGHT,UNKNOWN,FOLLOWING TOO CLOSELY,2.0,33.0,2.0,2.0
1317f3add2a88aa70f4dc6fc8eceee0aafa5215792dfab18297ffc6717faec3d56eae8cd58598a740ef397ff99f2aa4952c89fdc3fcab365bd122f8b631ab5d3,CLEAR,DAYLIGHT,DRY,IMPROPER LANE USAGE,2.0,38.333333333333336,3.0,3.0
1318282ed842aeff57f6f12105a2370ead1b1385319b54085389b467ee0361e20a49790aa3acb1158c5190d42dea5dc39a36b6621064837ba31fa48a0e5d8dc8,CLEAR,DAYLIGHT,DRY,FAILING TO REDUCE SPEED TO AVOID CRASH,2.0,32.0,2.0,2.0
13185488094f7945b0decdc5e0875c00a2abfec111e15cf106c96982cf68a321a04669a37c637e7c4d656113dff9225321c563d75fbb517ce320718b2462de5a,CLEAR,DAYLIGHT,DRY,EXCEEDING SAFE SPEED FOR CONDITIONS,2.0,29.0,2.0,2.0
13185d994dfe343e06797ca3df96e4f17be376615c19982df3a0cfc1688b07774bd545f6faf9c2b41e0afd3fc0710a6b60eaf068a4db851e737201657e7767ce,CLEAR,DARKNESS,UNKNOWN,IMPROPER LANE USAGE,2.0,33.0,3.0,3.0
13189e1239155fb08710c2f9a4f6393ac00be3e8196088e1bda8233a2c02dafc96f234049f34fa385907b741db0988e69b7fc3bf23c7842339757844b5acb77c,CLEAR,"DARKNESS, LIGHTED ROAD",DRY,FAILING TO YIELD RIGHT-OF-WAY,2.0,42.5,2.0,2.0
1318a64d37127fa04e79400093b3bef7d33de1d0f02eed7058a9d2df4937fb11907cb5bea66f4d9d0406b9c38afed544c5548b8f213f21233e343d39c26ee6b3,RAIN,"DARKNESS, LIGHTED ROAD",WET,DISTRACTION - FROM INSIDE VEHICLE,2.0,50.0,1.0,1.0
1318dac11cb9fdcbdb2c1108da32b5bbea277e7ab6d141e0d83f4169cb1012b62d0b8bed3c0110df4ba487117d8dee88540e3588d8181efcf1bdfc000f245c1b,CLEAR,DAYLIGHT,DRY,IMPROPER TURNING/NO SIGNAL,2.0,36.5,2.0,2.0
131903be80b7346ee13ffbb535294d66fb170a14221064f21ad608c9c12e4a729a27f459ce89ab04ba76ad2eba4fa4c18daa0bea11ceeac2d463a350560269cc,CLEAR,DAYLIGHT,DRY,IMPROPER OVERTAKING/PASSING,2.0,57.5,2.0,2.0
131918947a5640af644c9a5abf01688c40e631c6d30f508491018789ac51667df282146059fe9c303a1f86bdde9d04848815b7cbd231a49eaed5da75613f24dc,CLEAR,DAYLIGHT,DRY,FOLLOWING TOO CLOSELY,2.0,35.5,2.0,2.0
131953e0cd88713bd942cf39baf1bec366b5a2e596390b915ef970662229aa1594b36918e9e4269c459e4653f9446a48557be7df76d5ec998ab293b6c2db81df,CLEAR,DAYLIGHT,DRY,FAILING TO REDUCE SPEED TO AVOID CRASH,2.0,30.0,2.0,2.0