crash_record_id,weather_condition,lighting_condition,roadway_surface_cond,prim_contributory_cause,total_vehicles,avg_driver_age,total_people,total_injured
13196818bd2299c5b861f886fe07f95c45322e1ed7c7d223074b696dc8d2d5dabae80156b0956397e42b6aff755c37f73aeb48485aeb5049b88e7625ea9b13f8,RAIN,"DARKNESS, LIGHTED ROAD",WET,FOLLOWING TOO CLOSELY,2.0,33.0,3.0,3.0
1319b051dd6aefa37afba89cddcff6fbaa69169169a6a7cbf430b207f5767c27c9b6615f4cba779b2b6283290a8fceb123fe8714cf05ccc1fbcffd5b99389e07,CLEAR,DAYLIGHT,DRY,FOLLOWING TOO CLOSELY,2.0,30.25,4.0,4.0
1319b45a4146ada29d2f17fde056aa941fe5e9808c7ca4a0c3c31a39e461b647229e1d5a9ce341ef80647c1f9a3cf4578e9c84a17315ec4f5d7c0f4df6ebdf7e,CLEAR,DAYLIGHT,DRY,FOLLOWING TOO CLOSELY,3.0,29.5,3.0,3.0
1319cd45b307c3b7082851fa301353c4a241a0d7435cf0b611154ef40d28fc941c33b042570a793a269b95bcae7b6e50fd05a373769d9f57ac5cd733a65ac351,CLEAR,DAYLIGHT,DRY,IMPROPER LANE USAGE,2.0,37.0,2.0,2.0
1319dacbfc1cc3d801b14a1879eebd51c54ed7e14dfc4b02d6956c96c4de3a999b48b67d8ab4a2f0bcffd2e19555ed52175f1ca80190ae977f61186025c2d6c6,RAIN,DAYLIGHT,WET,FOLLOWING TOO CLOSELY,2.0,44.0,2.0,2.0
1319dd7f795c40655ecad09dd7914dd6f2704db83bc52a50267830ebea49cf771841c20e70f56b7dd3b5b4d0976bd57a1f79204f5b640af77f7dba0c45fb65f4,RAIN,DAYLIGHT,WET,FAILING TO YIELD RIGHT-OF-WAY,3.0,36.333333333333336,3.0,3.0
1319f02eadc52d8c9f365c22276c9ebe10f3d1a4727711121b4b409688f06b1d649209371cfd6ba2ac7ec64502930c41cd276f03374aaf0d2a3bca9c8c34e49e,CLOUDY/OVERCAST,DAYLIGHT,DRY,IMPROPER OVERTAKING/PASSING,2.0,50.0,2.0,2.0
1319f1fbbdbd393ba0c49c90d627b036346fa560f3651371f8a06a405a91b2e49ef80b51f33b395bc59ebdc88d4c55f650581e521fc630493f089ae215384bd1,CLEAR,"DARKNESS, LIGHTED ROAD",DRY,FAILING TO REDUCE SPEED TO AVOID CRASH,2.0,19.0,2.0,2.0
131a0d15617ea317eb274be8a38f6ec6125aa7b23f5e2e31e4ce4fbcfed3375902b961cdf33b897ee819362da21e2999af43ad559b59a2a969cd888e6d7c3656,RAIN,DARKNESS,WET,IMPROPER BACKING,2.0,37.5,1.0,1.0
131a44383490a1cbdb2fae082e87f531a80883c061061839f3450a3213dbb4e1c1766c29fb73811b812ff9f1224b98b314f4246279f1bafa5a071c1cfe4895e8,CLEAR,DAYLIGHT,WET,FOLLOWING TOO CLOSELY,2.0,62.5,2.0,2.0
131a738a5581594e8b330ed2489825c417d93008349b5b1120ca75c9d04f7fd876f1ab67f1c12d24da9920ec7673beb7858cb2a40e4c92400e22f1449aea93f9,CLOUDY/OVERCAST,DAYLIGHT,DRY,FAILING TO YIELD RIGHT-OF-WAY,2.0,37.0,3.0,3.0
131aab3a05d05257c3c33bd175a4fed780f011161e0867fc72486d2f8506d9f758609d65f1362319f7938d4a331a8412880ff85ae99e594c4915fb6b395048c7,CLEAR,DAYLIGHT,DRY,FOLLOWING TOO CLOSELY,2.0,38.0,3.0,3.0
131ad10f956cba965b7c2f91d004c4f58bd098cdf946dc1b05b3cdf2fd83cbbe9a691d8582fb63f3c7e53e38812b13d4dcd45b751c11e7172365b0b2795c2a05,CLEAR,DAYLIGHT,DRY,FOLLOWING TOO CLOSELY,3.0,33.0,3.0,3.0
131af2d05d46673daaa621552b629665ddf4b3e03802764e849b5d63d4e37dde15462050186631eeb684bd5644642fd6c72192f3c8145c16c4b4073f8d0746eb,RAIN,DAYLIGHT,WET,IMPROPER LANE USAGE,2.0,46.0,1.0,1.0
131b03d6710d508f06fa649382174e9903a2327bb8a2d7ce4d0a540f1c1a242ad0cfb9c5db88e2c92e75a75f2cf05597090272536b281a810e17e8e9b6c6f3a7,CLEAR,"DARKNESS, LIGHTED ROAD",WET,FOLLOWING TOO CLOSELY,2.0,43.0,2.0,2.0
131b17cb51d1135c95dd1b2c0cccb8aabb0d3989e84c58f3ba2fce39678f3813cf17570cb1e1b000ec035c11597f825a628fad177d89f78fcf8ab9ac5a2baba5,UNKNOWN,DAYLIGHT,UNKNOWN,FAILING TO YIELD RIGHT-OF-WAY,2.0,43.5,2.0,2.0
131b48d842a0b18211263bc9bf6e5f737e9cf0b47e504a11c5884c4827d864bec016e2c94d00a69b387f6c5388e3e6f3902a70a24240cd429367369e10a85533,CLEAR,DAYLIGHT,DRY,FOLLOWING TOO CLOSELY,2.0,31.5,2.0,2.0
131b77c03e9e52bf42d0bea4f462c34e21e927801c2e2c53594bb8997a027c2a8d57b0cda86cc1ec7c65a4b786effc10fc85788d8071372d6d4beff842726cd7,CLEAR,"DARKNESS, LIGHTED ROAD",DRY,IMPROPER BACKING,2.0,26.333333333333332,3.0,3.0
131b7d551cbe917a698a9a708cc1fcb61fcb3f1276394d9da51c3f2697f1ec6b4dea51713ff6b0cf67a69ed65ed04ffab4feb4b86e609da983629b48dab375a0,CLEAR,"DARKNESS, LIGHTED ROAD",WET,"OPERATING VEHICLE IN ERRATIC, RECKLESS, CARELESS, NEGLIGENT OR AGGRESSIVE MANNER",2.0,23.0,1.0,1.0
131b9e127ad933eeaab926dd86baa0b6a59598dff0006fd846a554a6bee416e1899150f89ec835f6f1b3b7dd7304635f441b825fb2a28f7bbc615b7b01950357,CLEAR,DAYLIGHT,DRY,FOLLOWING TOO CLOSELY,2.0,23.5,2.0,2.0
131bf8a0a5cc87c836758df680312238e408e88ac88277cdc15b8f4543158c14b3ff4f112209facc168bbd9b125456e4c97254cf519d89072ac9b89cd25231a8,CLEAR,DAYLIGHT,DRY,DRIVING SKILLS/KNOWLEDGE/EXPERIENCE,1.0,44.0,1.0,1.0
131c25bfc6ee5914ec5c9297116308b2b87152598a452f939be964b8a6acdef90c38266e4977c725ed9c73c7f79cfb25258d9e7ba8198b6a953f29a392492f62,RAIN,DAYLIGHT,WET,FAILING TO YIELD RIGHT-OF-WAY,2.0,39.0,2.0,2.0
131c36e18370cf287f8c8a2d73fc45134e5dcd58d8fb7130c6698f4d4e54a01326ab2c222ffc89ea03b789cdd65c79fb3110f2bd9a5e41cbd69ffc2a1974ee1a,CLEAR,"DARKNESS, LIGHTED ROAD",DRY,IMPROPER OVERTAKING/PASSING,2.0,27.0,2.0,2.0
131c37681cd6c51cd150a9ec4b7eb9c3b0f974ab3a56556cc1a4bfc2e201844f7b23bc32f18f75fc9ab0a392503bc746dec6d4260f6ff251afe8c841551c5daa,RAIN,DAYLIGHT,WET,EQUIPMENT - VEHICLE CONDITION,1.0,32.0,1.0,1.0
131c46648fe6ca79e82fdfd788dd083b27a53a3bae503159985c4b9c55f382efcadf1cecb0e7f39e3e0ca555570d9c01385a0b85e75b2ea61dcb72ffff99f3d8,CLEAR,DAYLIGHT,DRY,"VISION OBSCURED (SIGNS, TREE LIMBS, BUILDINGS, ETC.)",1.0,47.0,2.0,2.0
131c7bc01c1fd924a07e372312fa3995672a05d1e0e0803907e345ced0d00a4f37fd55aaa3535f1e1d9615ce5664a09da0c29b7c40e40eb512aad7e945e8ae81,CLEAR,DAYLIGHT,DRY,FAILING TO YIELD RIGHT-OF-WAY,1.0,35.0,2.0,2.0
131ca194c410e908ef5fb6389df36bf2ee59ef000181d5378c6fa78f6381dbc1bc43ccc8d1008bab7de5e8a0ca873322c64e1aaf26ae46994f9512fce664283b,CLEAR,"DARKNESS, LIGHTED ROAD",DRY,FAILING TO REDUCE SPEED TO AVOID CRASH,2.0,39.0,1.0,1.0
131cbbeb9e6020ce0f5049957d7908e99036893452bd27142c8aea98463c03b056d75caa5868704bfb9d8dc30b603c93dbcc720a429ee1710cf5665603f68679,RAIN,"DARKNESS, LIGHTED ROAD",WET,IMPROPER LANE USAGE,2.0,34.0,3.0,3.0
131cea07810693cde0730768ad2c51e66a6a944d293945d771d4f4b9d24eae375b5093aea59f4ab027bc455a3e4eb05a268a3dee09f44d7fa9c524054decb49d,CLEAR,DAYLIGHT,DRY,IMPROPER OVERTAKING/PASSING,2.0,8.0,3.0,3.0
131cee4d3c26c6dd107fa9262ce863b1190f2677ca098793f3e0dfb4b62ca54c5acd9cc3dbf7a81713cbdc6bfab182fd120ba70f98b455f7d8f1cd7926f7a48f,FOG/SMOKE/HAZE,DARKNESS,WET,DISREGARDING STOP SIGN,2.0,25.0,2.0,2.0
131cfa5a391e7e065fbec760d5d0f4f5ee12bb7efe2a9c38ff95c61ca5d0d34b9b0bddd83b21e730752df3c99cf99362a90c4307546d4ddde7af82e68d37a817,CLEAR,DARKNESS,WET,IMPROPER BACKING,2.0,26.0,2.0,2.0
131d0a9373fd79255e4d9e586ee28fb8e9745b7b1e57537cfb3687dbd9a918198b7cb9272dfe3153ffa68dfccf02378021eee51826f374dac7c03dc23976466b,CLEAR,DARKNESS,DRY,FAILING TO YIELD RIGHT-OF-WAY,2.0,36.0,2.0,2.0
131d14653dfcd167a48295a4ae9a142861f6b8f15b0baac4ebd64277d997463e628429be9972573454de9f135e7b7834268d1be46a0dfa56785f2b4567e80680,SNOW,"DARKNESS, LIGHTED ROAD",SNOW OR SLUSH,FOLLOWING TOO CLOSELY,2.0,27.0,2.0,2.0
131d2735933b8428be9e501e636a2ff33dadc96ea554892f0f24035aab1a39e7be8e6348d092a0371e5df1ada1e5f26302426e6fcc699559caa29b16d2d02467,RAIN,DARKNESS,WET,FAILING TO YIELD RIGHT-OF-WAY,3.0,33.666666666666664,3.0,3.0
131d371bfadd483eeada47b6b5c7f739aa7af019fdc4844a2356de08433745a7ff488eaa5237664ea72302813ed1ce6380c1e757e97e97d3a40ed3836851ba2d,CLEAR,"DARKNESS, LIGHTED ROAD",DRY,DRIVING ON WRONG SIDE/WRONG WAY,5.0,37.5,2.0,2.0
131d38ff88456c7608beea0de4df0ab4d22f7ac5741fa778633395ca43c7d43c8a5ec48040ac1111dda0329943f02df5620f9ef362b0a7e78056cb0caba248fe,CLEAR,"DARKNESS, LIGHTED ROAD",UNKNOWN,FAILING TO YIELD RIGHT-OF-WAY,2.0,38.5,3.0,3.0
131d52d4820294a3a98e2380e767cd1da48bdfc30660166be43881c4a7f5c93008be256befdfdb42899f424c36d804b2540d3762d2228b17749d6e36fa64cb4c,CLEAR,"DARKNESS, LIGHTED ROAD",DRY,IMPROPER TURNING/NO SIGNAL,2.0,35.0,5.0,5.0
131d6a53b6b8b9454db1053cba244de71b8852c80a897cfd855a2a52cf93c6e9e9ee2531ba65429813b4a02c4c73da1be3e5fc7737b1d39bf4e89d211333f3e3,CLEAR,DAYLIGHT,DRY,IMPROPER OVERTAKING/PASSING,2.0,37.5,2.0,2.0
131d78c802e494cdd8be603ec30ceb753a297ff90266415ab7c8fe1c0c0fecc183aa5309c0b3be7d6fa1f2886f1816c27da7c059929bb669152294acb19ed670,RAIN,DAYLIGHT,DRY,EXCEEDING AUTHORIZED SPEED LIMIT,2.0,46.0,2.0,2.0
131d7afe1474db645c7f0aaa7d139a98a681d364cc87328de42ca011d196b3b90c2414032d02393786e036631b868b44e6eaa7aa11b14c9323df43029f1bf6c3,CLEAR,"DARKNESS, LIGHTED ROAD",DRY,DRIVING SKILLS/KNOWLEDGE/EXPERIENCE,1.0,37.5,1.0,1.0
131dc76e432058b560f237190ffa26ebb9e0f62a0c377d477e2de7ee6230101315d12d24d6d303307513f0aa9a7da5a55dbbe756b00a8972b6aa692e724f1ba7,SNOW,"DARKNESS, LIGHTED ROAD",SNOW OR SLUSH,WEATHER,2.0,39.0,2.0,2.0
131dd81eb470e80e516c992459b86a9c98be809fce7ed9a17e62d7c0a6311bffbab0d5f141e273289f28426af569eeaeb657c8f6d0d0b531100204f1715106be,CLEAR,DAYLIGHT,DRY,FOLLOWING TOO CLOSELY,2.0,33.0,2.0,2.0
131df62098bd59c7a6088c7b7116a0f0aabee603b04e1b9812393fc1a48e11e3355992bed8bb57629fc340f4488574a77b6b9fd07b57b08ef783f89246cd1f72,CLEAR,DAYLIGHT,DRY,IMPROPER LANE USAGE,2.0,68.0,3.0,3.0
131e22615f0bda6e2aa822e86f8fd1a6d01535925c068cfd9ada20a187ad17548d3b417981d481473e456953cd936a7b16fb8a5fc4bdc9fd5dd839a5023ccf4f,SNOW,DAYLIGHT,SNOW OR SLUSH,PHYSICAL CONDITION OF DRIVER,2.0,38.0,2.0,2.0
131ec0d0fc8e6a632b888c68cf08bfdca83e674e9cf84a807467409c6bd94b8e9cdd346b939c5558e86acfc005cbac5c116e8bbf3f7a9a29cbe80b101408458c,CLEAR,DAYLIGHT,DRY,DISREGARDING TRAFFIC SIGNALS,2.0,18.5,4.0,4.0
131ec901cccbf972deeacd4847e61926ff33284df423c13702fbe2a322f61b45b69e7a2a72d7ff2ccc3706deb4f39f267c97579380af75f4554c371be7ad9784,CLEAR,DAYLIGHT,DRY,FAILING TO YIELD RIGHT-OF-WAY,2.0,42.0,2.0,2.0
131eed25bccf0799c938562558700d7a622fe2ba7a8069fc26ba6c4c51ab971accd323fb79b18e1927c254cc25cdcf5bc3a1a6f648753dd69eb15b41ae659bd0,CLEAR,DAYLIGHT,DRY,IMPROPER LANE USAGE,2.0,62.5,2.0,2.0
131f28cfae41da78aa7154a3ed4c5fdd7e0d66e1b83fd8f35d30fd92cc6a43e23bc1600e50ddb95c03ba119c804adfb1f7ab67cd1496109b9ca151af24e55d61,RAIN,DAYLIGHT,WET,IMPROPER BACKING,2.0,37.5,1.0,1.0
131f6bf731d0f09eb8b8c0124a6d8cb9021eb2fbb16e057e86ef5d1876a8ca0b7ce200bac78bfed34550546a7840c0d5db6c8c7445f6963c56bc44642832657f,CLEAR,DAYLIGHT,DRY,"OPERATING VEHICLE IN ERRATIC, RECKLESS, CARELESS, NEGLIGENT OR AGGRESSIVE MANNER",1.0,0.0,2.0,2.0
131faae60937e2178c717932a1a4ed7dee3268b15a8264b076e5e4186728d5706170c30ae5e0859d573690a19d6236aced1f05385a8642a5c081fbdee7dbc10f,CLEAR,"DARKNESS, LIGHTED ROAD",DRY,FAILING TO YIELD RIGHT-OF-WAY,2.0,47.666666666666664,3.0,3.0
131fafcefeef8402281dde72fe4cb8b51b731746d14dfb839130e06bb8b3c636d7904067a3283778a5973dde9febf87d15318abf64c96cf3ed836a5985c14f93,CLEAR,DAYLIGHT,DRY,IMPROPER BACKING,2.0,37.0,2.0,2.0
131ff901d3264e066fcdd25f94c210db05343b570ea452f3c9936343e3ab2d7879e7839bd5d5ea97a74a3ebb96219bfde45d84c0835b87cc24e1a8d67f88d4e7,CLEAR,"DARKNESS, LIGHTED ROAD",DRY,DISTRACTION - FROM INSIDE VEHICLE,2.0,25.0,2.0,2.0
131ffa1f16c4538edce7ff3070f83e85dc40ad4d1db79231d1e39088f7184e795db18f276f99af346b2bada7c10494823f576173c003e52aa97e355a905d4cad,RAIN,DAYLIGHT,WET,DRIVING SKILLS/KNOWLEDGE/EXPERIENCE,2.0,37.5,1.0,1.0
13200ed405524554173d2efdc1e699ac6b7d9956a16f0f130b5977137a6667113454e8f8f3fe6ec7bebbc6b9f8702b6f636e7af3c5fd414a3aa9cc009a75c236,RAIN,DAYLIGHT,DRY,FAILING TO REDUCE SPEED TO AVOID CRASH,2.0,69.0,2.0,2.0
132010e480dbbabe60d347a827cbfe6f3743a3efeefe66d5c9d2f4aff7cccf8bcd29c982818801d200632898f2c734cbb690bc2bcfe6a4b43bf549e5e31b0de1,CLEAR,DARKNESS,UNKNOWN,EQUIPMENT - VEHICLE CONDITION,2.0,26.0,2.0,2.0
1320280d9c472488f5cce9f8169149cf76fa97b1c9b78c562a19a91da98f1c955c8213b7913a1697efcc2aa07ef9633712407e9906914c0d508304c4ee859c30,CLEAR,DAYLIGHT,DRY,FAILING TO REDUCE SPEED TO AVOID CRASH,1.0,28.0,2.0,2.0
13202a5820a4d9f557bd4def1cb018a4686b89cca75753800ee833c3eb6611f28b256a4bd79ae31a730fdcb1a28b77de42c773210a3d802e49976dc3f24229e6,CLEAR,DAYLIGHT,DRY,DRIVING SKILLS/KNOWLEDGE/EXPERIENCE,2.0,34.5,2.0,2.0
1320415e0bd637384b31db9d76d16a8c1a2421db30da6eae17f8ce735ab365ad5d8ce36b8b256e6efe34541a744b0fcbf8e0c5d187f4fd04f6e5851face5c908,UNKNOWN,UNKNOWN,UNKNOWN,IMPROPER BACKING,2.0,31.0,2.0,2.0
132053759879181c34adc2259b43921e376fb1586606e223efdc9a56af593bc484f792ba504811c262727f75c53e2eb5d4be2df4f605eea1fc9509e164d26ece,CLEAR,DAYLIGHT,DRY,EXCEEDING AUTHORIZED SPEED LIMIT,2.0,41.0,2.0,2.0
13208252067f8be159f82846233b2c733a727c40217a0a1aa929d92908aefca2ef839563866343de466b62e7af7d1ab0335eff4f53cecba2fe9c086aa82599c0,SNOW,DAYLIGHT,SNOW OR SLUSH,FAILING TO YIELD RIGHT-OF-WAY,2.0,39.5,2.0,2.0
1320c15e151d3b8ef7bae40b2f8cc8da122255b630e5692e0eb62cbc50f78aa46ea05a1020ccea63ecdd44bfa402caab9d864755ff530e0bbfee67707cfeb5a1,CLEAR,DAYLIGHT,WET,FAILING TO YIELD RIGHT-OF-WAY,2.0,50.0,2.0,2.0
1320f5ff0854aabb364296a01c30b8aff14e390e887057a6888ced44db332715ded0f0c37c6b5710a538f1de85dbccaffe2f6ca88a5fb6ebc9343deba81cefb8,CLEAR,DAYLIGHT,DRY,IMPROPER TURNING/NO SIGNAL,2.0,27.0,2.0,2.0
1320ff381899d5bcba22e0b5d1b16b7e3fc3302dbea9a800aa4248e7bfff2b18016168e8e4280c17c19482cda120b4ff2dc4c0d78bc3a9c6c2c461fc2240f173,CLEAR,DAYLIGHT,DRY,FOLLOWING TOO CLOSELY,2.0,31.0,2.0,2.0
1321010c50661fcc1fc08090e5f14ffc2b587ae811e7c2cae613349b92b16ee007852a409e3dab0ab6800acaa0232790939cdb091f9a204adb2f770c318f234d,CLEAR,DUSK,DRY,FAILING TO REDUCE SPEED TO AVOID CRASH,2.0,19.0,1.0,1.0
132101d067644039c28d4a8947eaeb28f106645518b6cc1e2f8c028f077884cf51f48cdb71ffca834f3c503e568e9baf7a069278d0ef7fe043b0bd24609535f4,CLEAR,"DARKNESS, LIGHTED ROAD",DRY,IMPROPER LANE USAGE,2.0,33.0,2.0,2.0
1321244a17ad908f6e137d0a0e95a1f74b6b46ec719f61c2ce768e79487831185d089fb9a2417deee3e8fae6f472ec35f477199e450cd28793e79d67dd64cce3,CLEAR,DAYLIGHT,DRY,DISREGARDING TRAFFIC SIGNALS,2.0,39.0,2.0,2.0
132168d953057028acab88eabf8369bdc90f1b428df5a22ffed5771b40e10164d7acc55e8f07cf53fb48552827978c80ddc5cce2ae7c7d8b8b73cbb30bb4a13a,CLEAR,DAYLIGHT,DRY,FAILING TO YIELD RIGHT-OF-WAY,2.0,34.0,2.0,2.0
13218cfafa859e25d7818308c562f91a6ab0cd5ef6a6780aa232ef6290df8faafd1a914ae4a97feeb92deae7c77e59e19486657089c18eb97be5653deed17605,UNKNOWN,DAYLIGHT,UNKNOWN,IMPROPER BACKING,2.0,28.0,1.0,1.0
13219b6305cad38daa0f9d56c21384bd009cac3f883b22f8fda70af45f15e7669ed61bb582fea9a097076600628fb93943bb2ef863199093443189bf3c69af13,CLEAR,DAYLIGHT,DRY,DISREGARDING TRAFFIC SIGNALS,2.0,46.5,3.0,3.0
1321acd7f5d6df83ad2021cea1fea905397e90ac69fdc0b7f773fcf1297b0d456d047d35a883a8c80b8058d00c82ac976b2635e54da65692d711d05849e9b22c,CLEAR,DAYLIGHT,DRY,IMPROPER OVERTAKING/PASSING,2.0,63.5,2.0,2.0
1321ddb6ced3d0c620b4fd8ff8e944c42b843f5913aa1013515ffad9ac3efaa56428296804a7b5d3ba5681ec6aa81f583089343e94f32f14fafd538dbaf328e5,CLEAR,"DARKNESS, LIGHTED ROAD",DRY,FAILING TO YIELD RIGHT-OF-WAY,2.0,39.5,2.0,2.0
1321e4c56b9c6995b05c08f3c7385c7ec95ba7293c9a8c58a81aa53ae4f7c79030a181781e2b177159b64d14cca3e0cfc3dad3bed67fa216c1e2f1e7d9d1ba76,CLEAR,"DARKNESS, LIGHTED ROAD",DRY,UNDER THE INFLUENCE OF ALCOHOL/DRUGS (USE WHEN ARREST IS EFFECTED),2.0,36.0,3.0,3.0
1321f30dc52816ed259f1d1ca531e0912151ea9b80db25d5d5dceb7082e0ed5715e2a3484ab653aaf42aac40ecef8413005daf76a2a798bdaf6838ac72962322,CLEAR,DAYLIGHT,UNKNOWN,IMPROPER OVERTAKING/PASSING,2.0,45.0,2.0,2.0
1321fb294135888e2d5819c727bf33a910a148c98f76b55760cb5c8284539937bc26c6d03b4025a9da349fa0d91293eca50d177415da3c30fa029e544f4c89ff,CLEAR,DAYLIGHT,DRY,IMPROPER OVERTAKING/PASSING,3.0,38.5,3.0,3.0
13220b62a749e9c0515ee33219b56c2f8d042b547622229c7e3abfd29f007a6d15ff2d62b6da7a02bbc825229d22667bdfe8de919b8fa64217cb2a16b1a2881f,RAIN,"DARKNESS, LIGHTED ROAD",WET,FOLLOWING TOO CLOSELY,2.0,31.0,2.0,2.0
13222db2fbd95b82b3716bbddc582b7282bad8f1e3f3b92935abefa8495bef7f3e56fe5b84ced38d978e4856cc4a60185334335ebfc4557ba2ce28b2a6b363ed,CLEAR,DAYLIGHT,DRY,IMPROPER OVERTAKING/PASSING,2.0,40.0,2.0,2.0
13223648d90340aa34565010c59770b446d7d1e89805f7f9b6ba3047fe91dd577fd9867ff94727d5b9eb66c4fce311f2ea8ae6e8a2817309ebb27b9b2129364e,CLEAR,DAYLIGHT,DRY,IMPROPER BACKING,2.0,59.0,2.0,2.0
13223c034ccc0f0731516934e360d7cb19818da62d6f647bca9154381fef29fcfa0e242cd852493f0f730ae82f46b3cc9eacc1c4642b3608606af844a8773cc0,CLEAR,"DARKNESS, LIGHTED ROAD",DRY,IMPROPER TURNING/NO SIGNAL,2.0,29.0,2.0,2.0
1322541dcb00963dbc87590859f57a8d39212ed59bd2d4bec6affea16da39a9ba8e504691986c6ef4d701323e3bf53370d8a9feccea81cfb6e4b0fa62819ba7e,CLEAR,"DARKNESS, LIGHTED ROAD",DRY,FAILING TO YIELD RIGHT-OF-WAY,2.0,45.5,3.0,3.0
13227348ecfda025af2077115c8498df9c49b06042f67e11de8882fdf9cf2a5bb30ae4943729577c342d50c5a99c37e66c0a4b8164af090b999aa197f062e04f,CLEAR,"DARKNESS, LIGHTED ROAD",DRY,IMPROPER TURNING/NO SIGNAL,1.0,56.333333333333336,3.0,3.0
1322a36e5c200eec6290d46e953cb43e6be0773849c3f6e5a659402a8178d418bb1564112d7ab1c7e33752f478a4e57206b88a98e6526d50fb9cdb15fadd6763,CLEAR,DAYLIGHT,DRY,IMPROPER LANE USAGE,2.0,24.0,2.0,2.0
132348efe9c6b0cd0625fb910d5e333b2a6914182acdc8742b75de097aa6e65bb41e6d44750add667a27d311470b8081eae89fc8620d008d554a0761e325a7b9,CLEAR,DAYLIGHT,DRY,IMPROPER BACKING,1.0,53.0,1.0,1.0
13234ee07702e89c6eb1a0f8c0bceb40a33b2c39d0c692c483dfabb66c0707b4da7c06009689d8f3ff63c2c9c4c2a238329ebee595466c59fcb2fe33899bb403,CLEAR,DAYLIGHT,DRY,DISREGARDING TRAFFIC SIGNALS,3.0,28.0,3.0,3.0
132352a641f5267dfd61204ff04591b4e3377cf6af047ef33b3ec09ea4b3026a1e8b02cb6539c0e851757e9fd83c268b4c014f4fe2d5bb9a4d626fb173af0df5,CLEAR,DAYLIGHT,DRY,IMPROPER OVERTAKING/PASSING,2.0,51.0,2.0,2.0
1323686a19ab01d2f6147067b94c262f71445c3b0ea6feece7cc605039d95727b3bcf9754776bd365fb2c9abee0204693228ba1354e9ae0d3f3a2045fe6f6c6f,CLEAR,DAYLIGHT,DRY,DISREGARDING STOP SIGN,2.0,47.0,2.0,2.0
13236f09ebf29db905148dc0cea57cd08aa4e8cf8fb3d3f700090780961cf3e733285a1d8e0f0d498924895806067277fc3e0804c4b50943ed43f88a43596168,CLEAR,DAYLIGHT,DRY,FAILING TO YIELD RIGHT-OF-WAY,2.0,41.42857142857143,7.0,7.0
13237b80f0ed13604492815071e66962e95a6b1d4b89c24eb0d95c93d0222d22bcc9a51adff9839a783088b71e6212f758f80def4de80224e21c1d43105ea34f,CLEAR,DAYLIGHT,DRY,IMPROPER LANE USAGE,2.0,57.0,2.0,2.0
1323dc7c6f32741216be2cd5dc0b8abe9f0d3881302b2a212ba9978770ee7abcc4d10ae94a1e032b29b0ad8ad9eae090d030f1631f122f3002bf8767f9a778f8,RAIN,"DARKNESS, LIGHTED ROAD",WET,DISREGARDING OTHER TRAFFIC SIGNS,3.0,32.333333333333336,3.0,3.0
1324357110d20a36b5870fa67d7ccb454f8d1a15a40fb4bbf8b0f8ee2b8cd8dbe3aa2919e0e952fc2989a857731ccae0c81e03bda85bca5aae966d3848854412,CLEAR,DAYLIGHT,DRY,IMPROPER LANE USAGE,2.0,31.5,2.0,2.0
13243941e1f88e3134cb82f898613ed5d8e1d55e36950c01302b71132a325e43ec63222f33913dd9377120c2a488124547d45b411822047aecbbcdb180b77e82,CLEAR,"DARKNESS, LIGHTED ROAD",WET,FAILING TO REDUCE SPEED TO AVOID CRASH,2.0,53.333333333333336,3.0,3.0
13247412f4cbb9957ee9acce106464cbfa8b2d7f69d364d5eb816d23b001e3037b8f743519dd6b70cf557b14ff4bcb93ed9b3b7043bf3c53dd34b43bd7bd3a13,CLEAR,DAYLIGHT,DRY,PHYSICAL CONDITION OF DRIVER,1.0,38.0,2.0,2.0
1324a61a1f8d26825df7b5709e61685965ca3bc2b62e5e53865f1430bfb5f93f31f77cfbff8c8103049f2cfc46fc3f20b4ada51de08a2176b81a7fd26571bc7e,CLEAR,DAYLIGHT,DRY,FAILING TO REDUCE SPEED TO AVOID CRASH,2.0,49.0,2.0,2.0
13251783f8dd6177c1221850e67777e546bf421776f4fe15c5e7ae909155cef4ec7253c951f65b22b53e12a472c52065c253c9e3fb190892d73859e98bb84a96,RAIN,"DARKNESS, LIGHTED ROAD",WET,FOLLOWING TOO CLOSELY,2.0,33.0,3.0,3.0
13252f35e44b8c1b0e40b4a7466ddb0c092d5b7b4f2ddca93f83690b54ac8297c7e98737890ab49f6a7396c429bd20d53ce460a9270c7d8a0844c75594537693,CLEAR,DUSK,DRY,IMPROPER LANE USAGE,2.0,31.0,2.0,2.0
132531d668d0f34f53d271773fd6405e97fad8a12b9c57dd90bb8a72187f393dad1b68efe23f9efbecb955933b21e345a3a1fe5b943c9aa20ae934303350ffd6,CLEAR,DAYLIGHT,DRY,FOLLOWING TOO CLOSELY,2.0,39.333333333333336,4.0,4.0
1325486ffa6919fd717217a2fd11e00acd221223d3568cde123a83d6b01fe71eebbed006843a9442166140484811c58f10cbe28fbc0797c734e7fb4c30d313b9,CLEAR,DAYLIGHT,UNKNOWN,IMPROPER OVERTAKING/PASSING,2.0,59.0,2.0,2.0
13258f3d4a357954397704d731c8e67135df4527b98f545365b7f5434caacc45f5072062e2f76b181be06df09c263292c2785371aef1db5aab617e7ae71cc68c,UNKNOWN,UNKNOWN,UNKNOWN,FAILING TO YIELD RIGHT-OF-WAY,2.0,33.0,2.0,2.0