crash_record_id,weather_condition,lighting_condition,roadway_surface_cond,prim_contributory_cause,total_vehicles,avg_driver_age,total_people,total_injured
132594ee62bf8514d1003718302b0a0718789b5ab0314ac4657c3635db3b1277a77e7d86008c8c516bacafe5e0e105f67cb7440733bd2ad542a335a222ffb20e,CLEAR,DAYLIGHT,DRY,FOLLOWING TOO CLOSELY,2.0,62.0,3.0,3.0
1325a29681f880e86fce57973e708ca1b1d54f834d9ac25c0e356099416649d4d432cb315d0ec57d79db439052fa8aab6d0bba14a5212ae8d53f53e5b4b385d5,CLOUDY/OVERCAST,DAYLIGHT,WET,FAILING TO YIELD RIGHT-OF-WAY,2.0,22.75,4.0,4.0
1325b6c47904d04695b05f6b38335bd707b8ad5284634efe805d4cb589763e51234c5f75c78f34134ea34e82f0eaf6e605c843a713e83aae19c44500cab9741b,CLEAR,DAYLIGHT,DRY,FOLLOWING TOO CLOSELY,2.0,39.5,2.0,2.0
1325ee7c64bd449ec7379b9f2fdae66de4bcf013a1c19f3fbb419e2735452b59c35aee76bc0f2aebf5243f421d7075aaaae9553c82af14c07798db87a72d2355,CLEAR,DAYLIGHT,DRY,IMPROPER BACKING,1.0,37.5,1.0,1.0
1325f6b1c5a6bbb77ffca2f6818e0490b232323cfaf42b2fa0cd49494839e82528398c35401a3e32d2a402ddfcd469341c5804ef6f17f556c840ec451ee9c368,SNOW,DAYLIGHT,SNOW OR SLUSH,UNDER THE INFLUENCE OF ALCOHOL/DRUGS (USE WHEN ARREST IS EFFECTED),3.0,35.0,4.0,4.0
1325fa76e4cdf2dc410b0489b051f53b3dd1bda7d043a7bec34b95776e912293c42307f1cec6ed5ea5e4bbcf1571bdc99d0d14dfee8b12e61dad3a0353e8554d,CLEAR,"DARKNESS, LIGHTED ROAD",DRY,FAILING TO REDUCE SPEED TO AVOID CRASH,2.0,25.5,2.0,2.0
13260199de12ea5a8b11cfad83f89586cec8e2056bf8f4aee58105e02b8729bd361fb942875a69b4b9599fe9e4859e7e77e9a1ae201483c6d387737d93629daf,CLOUDY/OVERCAST,DAYLIGHT,WET,DRIVING SKILLS/KNOWLEDGE/EXPERIENCE,2.0,57.0,2.0,2.0
1326140f20910427904c7220486ccf11faa5eda00cdc84054512857530ec2049e710b1f285519af9365617e52bc7b546c08ee3235e4514b02b809d2626635d49,CLEAR,DAYLIGHT,DRY,DRIVING SKILLS/KNOWLEDGE/EXPERIENCE,2.0,35.0,2.0,2.0
13261b61206e4a4ff7dc203341d74fcbb2d63066fdd321f59133527f6c04dd5a571d4a60d5cb4a05d1ce5bac072ce98487d567d35f9713eb3e79f928ee113c7e,CLEAR,DAYLIGHT,DRY,IMPROPER TURNING/NO SIGNAL,2.0,42.5,2.0,2.0
1326354eb923e612ab84cf78fbbec90277158b4e32b3c67f9a3a3827df1c803413641afa82f6cec70562f5d891c802fe8bdbb2090d6807e969c28fb53eaae6c6,CLEAR,"DARKNESS, LIGHTED ROAD",DRY,DRIVING SKILLS/KNOWLEDGE/EXPERIENCE,3.0,37.5,1.0,1.0
132661cda90c3b9f9b4c596a4f97387daf2ac95ffa6ae318cac28dc980fb177d8a8e9ec3ef4194025b2b0f9d6161c1f2d76b77e36301ddfd80c3e58cbd394688,CLEAR,DAWN,DRY,FOLLOWING TOO CLOSELY,2.0,57.0,2.0,2.0
132681a7980fb58aa054a82e08173e2d35f6a148fe07879045add80228fcd790fc268ad514fd34453c2b4f245e5772e582890f011bc303c44b3a3f6cc5657ca7,CLEAR,DAYLIGHT,DRY,DISREGARDING STOP SIGN,2.0,24.0,2.0,2.0
132684a3624708e8bae2924a4d876537d309b3048a25a59ab7c434aa79ec196dbb9ce25277ba5bf6985b0f7727ceca73962405dccb01a0fcd5d548a8f38c01ab,CLEAR,DAYLIGHT,DRY,"OPERATING VEHICLE IN ERRATIC, RECKLESS, CARELESS, NEGLIGENT OR AGGRESSIVE MANNER",2.0,43.0,1.0,1.0
1326af37717fada0d7320e2c3941e1426d672f1d4d4f7337f316e6151e280a55154569612a7e71e0752caf10ee0aef32944639120a690b8f80fafd25eaf081ef,CLOUDY/OVERCAST,DAWN,DRY,ANIMAL,1.0,69.0,1.0,1.0
1326ef493cef944809eda102bd9a8e106f3210123ec3d32788d24abffdd465821a10636cb27918250821d529be15e8f4693f4c15eab03eed43cccadb1d72a843,CLEAR,DAYLIGHT,DRY,EQUIPMENT - VEHICLE CONDITION,1.0,48.0,1.0,1.0
1326fd69352ce9f84266395c9dffe83763ed5a25ee88ebdd1839d8dd64c15437a44d0fcfe9beea903e79cca7ccb12b56052d3d8ae7b0a1fce64a6dfd80593233,CLEAR,DUSK,DRY,FOLLOWING TOO CLOSELY,2.0,58.666666666666664,3.0,3.0
132708afdd765dc5ee7b38667a5c85dfa606a9fa100ea872559d64e3f71c3e033362d16cfc588180ce67f03786550535187b93f4c233979433cff4c3de425788,CLEAR,"DARKNESS, LIGHTED ROAD",DRY,IMPROPER BACKING,2.0,37.5,1.0,1.0
13271b252ec96e952307a03a27f0a5159334bb21be72c40097548a107a174b2868e25118d02547f9937bb058a14b9c7c832b1a45b0e1edf1d99d3c61c4137359,CLEAR,DAYLIGHT,DRY,FOLLOWING TOO CLOSELY,2.0,55.5,2.0,2.0
132740946c030063962ce7809adafaaa014f09a8686da4adef2bae9a7f7e700b68583753d835d1637891f95ae8e08dfcb93eeafda100be4d9bacb362d9246537,CLEAR,DAYLIGHT,DRY,DRIVING SKILLS/KNOWLEDGE/EXPERIENCE,2.0,37.5,1.0,1.0
13276bdf1a3dcac86411f4eab6b93b757e93f0dfaa6e30248afff5f6c44d62f01e77b561c23170b7521037f3a7f2dde254a242ddc8f99d0cf9e6c3eacf8600c2,RAIN,DAYLIGHT,WET,DISTRACTION - FROM OUTSIDE VEHICLE,2.0,50.0,1.0,1.0
1327797ccc38a4af9c2c76b8684d2c074cb39aa9ddc04cba50d16669c4c7a580df387e094e67bfa10083c74592fa4df36483e0d36a6463d38262d6052d7b629f,CLEAR,"DARKNESS, LIGHTED ROAD",DRY,IMPROPER LANE USAGE,2.0,37.5,1.0,1.0
13278f3a106562fbac9f6d3aef1497bcf835065223be3a24c2b20a9d4aedf604cf42b3f8a9c871ffe8db50ba1a01707e755cce1fb6152f5c904f5b5ebfd2cf82,CLEAR,DAYLIGHT,DRY,FAILING TO YIELD RIGHT-OF-WAY,3.0,27.0,5.0,5.0
1327aa27279ca4f7c9b2e1b3b1f69e14251a8fab8d200cbe12865de99e9906d9564c324bb614dd7c2dc0ff8c343827f82e1423a52ec96886209731aa70bc0750,CLEAR,DAYLIGHT,DRY,FAILING TO YIELD RIGHT-OF-WAY,2.0,28.5,2.0,2.0
1327c1a48db441090451b4a3f1a129ab7c55291cc11fbcc729a34ecaa12766b324d90851abec00d68e9bd94df3ba791d767e668640838ddd19a08ec0c7695862,CLEAR,DAYLIGHT,DRY,FOLLOWING TOO CLOSELY,2.0,53.0,2.0,2.0
132810f0a9371da20b238d4db3f1be12033b3b58de8863dec516c9716d90467b25d26b4990754b8d87bbc38c9227e622eaa158c301b08c6d2c7ccce2714ec5c8,SNOW,"DARKNESS, LIGHTED ROAD",SNOW OR SLUSH,DISREGARDING TRAFFIC SIGNALS,2.0,50.0,2.0,2.0
1328137a6ec235099652f181ed4e7dc2b47bb783ccf19efedf9813fc62c7f0c00b623283bd3c3b735fa51d5adf31070333bed75c6945a84a22da5980a8583c67,CLEAR,DUSK,DRY,IMPROPER TURNING/NO SIGNAL,2.0,34.5,3.0,3.0
132837e9a51755458ded6722eeebd2101daa00124002e5191dff4b08cbbb208edbca98d39da109ee59a830f1eb20e6b1699383c30eb2a772e1ffc55c86159427,CLEAR,"DARKNESS, LIGHTED ROAD",WET,IMPROPER TURNING/NO SIGNAL,2.0,42.0,5.0,5.0
1328505d1b0f4f1f1a6706a0f4d9c565dddf3c2f740507e26385f1641393670b2c7a0577571b715c0b6819dd64ba961638e83d76b906aa93567d558927ee5362,CLEAR,"DARKNESS, LIGHTED ROAD",DRY,EXCEEDING AUTHORIZED SPEED LIMIT,1.0,31.0,2.0,2.0
13286728f8509d340156aa4283f79f8260aedf814c554e37c77449b815cc4ae91c1172327245a7729ec6fb070b5c52fae6dff669b957ff6c3683f0599b70d276,CLEAR,DAYLIGHT,DRY,FOLLOWING TOO CLOSELY,2.0,37.5,1.0,1.0
13287edde8020e45b71d58f4bc4aaa7477b0043cf846ad150fced8ffa9d712a91cacc0960b5f1ba72423b76d772e9c98300e8b4c5b1b4fb986beb5bcb1082cde,CLEAR,DAYLIGHT,DRY,IMPROPER OVERTAKING/PASSING,2.0,21.333333333333332,3.0,3.0
132880cf5c0f66245e84e9504dec4dd912ed63ae13230d22c5f14414510d230866b06b17568a8912d59658c8ba139cff32bc3bb881bc5667dc9371b6788f68ac,CLEAR,DAWN,DRY,DRIVING SKILLS/KNOWLEDGE/EXPERIENCE,2.0,31.0,2.0,2.0
13289627101dbfcd24c695a5d97f1509d45e1d32991425a86815bd43a81174f0e2373798f46955a4695a49aa7559a4a9260fdcfed1f6be9f13557b0825e31b7e,CLEAR,"DARKNESS, LIGHTED ROAD",DRY,"OPERATING VEHICLE IN ERRATIC, RECKLESS, CARELESS, NEGLIGENT OR AGGRESSIVE MANNER",5.0,17.0,2.0,2.0
132897ec564a844c07c12c16c8f42ae6b9eb082d26023924c145b047e1282c65fd972d90e5044cef7f201d89669552bb94d3d418bdafddc2b36d9c5794c01c84,CLEAR,"DARKNESS, LIGHTED ROAD",DRY,UNDER THE INFLUENCE OF ALCOHOL/DRUGS (USE WHEN ARREST IS EFFECTED),2.0,30.5,2.0,2.0
1328dc3f511d5fd38b1e1c059525c30b6240d915edc0efdf076f974a6683e9cd5e6ba4a52d0524e9275e7d20d6768b357505bd84760b2dd8df80c8b2a56c0a3d,UNKNOWN,DAYLIGHT,UNKNOWN,IMPROPER BACKING,2.0,69.0,1.0,1.0
1328de80b0a79d632ad5c0080222843d0a59e8cc4cef74d942339e4df2de9e382537f252f91b0710a6ffd45de8d08987ce1d4c8247aa34324f31cc7461e67e65,OTHER,UNKNOWN,WET,FOLLOWING TOO CLOSELY,2.0,49.0,2.0,2.0
132955ea3808045a24b557b8a22a1f3443fb631c425ff376ac3259832e579c385bc38779ab276022120a0ed54d7088c4efc478fbc516ff31725f855ece8a8e26,RAIN,"DARKNESS, LIGHTED ROAD",WET,UNDER THE INFLUENCE OF ALCOHOL/DRUGS (USE WHEN ARREST IS EFFECTED),2.0,63.666666666666664,3.0,3.0
132969ca64d52d4559bd85672439e005bef39b403ff3900ada5c7c49ff87e17e2a0ad063b9293b7138c3cbe5483fee9cc19ea7c8d9698e142979e31d21546d65,RAIN,DAYLIGHT,WET,DISREGARDING TRAFFIC SIGNALS,2.0,41.0,2.0,2.0
132976f5d70fc128b192ded79be4733d44a7b2060feeb2835ad95dde0a370c44848c036771ac92e58a834ba71b0101e3a5e77a7d2d6391f68dce7adcf36ac0df,CLEAR,DAYLIGHT,DRY,IMPROPER BACKING,2.0,37.5,1.0,1.0
132988f631b559cac41c7e018ebdb3d940bd2b5a7998a225ced4139652772814da00ad983e84040fc999a46814c258259449ac6330fefb4c33a99bdc5a5c10e4,CLEAR,DAYLIGHT,DRY,IMPROPER OVERTAKING/PASSING,2.0,53.5,3.0,3.0
1329996d320c642fe64c1de0e951ccb2e67ac2b15c30003a41fae23662230827eef7c10b7799ef8730d4d1995fbc0f6cb29fb2fb14534d858d2208f14d9d1800,CLEAR,"DARKNESS, LIGHTED ROAD","SAND, MUD, DIRT",IMPROPER OVERTAKING/PASSING,2.0,58.0,2.0,2.0
1329b62297cf1f4d50fa31f5b9b35ca66974eb59f42c7dd5daee6a70e886ce92fc4fe1150e307cfb6d61600e195c8db52a87dabb6abd32aaa0222a7b6f2b9789,CLEAR,DAYLIGHT,DRY,FAILING TO YIELD RIGHT-OF-WAY,2.0,53.5,2.0,2.0
1329bd3c8cb270a69591cc3aee1e9aa8f02d24ee31cac9b6275f443280c3e1fd6b5d1f37362eb8a44f83478303a89411cf1a48b98b735d426aa51cf73a5df9aa,CLEAR,DAYLIGHT,DRY,IMPROPER TURNING/NO SIGNAL,2.0,39.0,3.0,3.0
1329d74f3411f854805fe3fc908b6094d4b52d30c0482d19dacf7b1b63a88481b2deda61e4db6c7a4c168234a4de89d7101d568c9835ade1fb8db7cf961c6c50,CLEAR,DAYLIGHT,DRY,FAILING TO REDUCE SPEED TO AVOID CRASH,2.0,37.5,1.0,1.0
1329fb756e9d8444cd5fd54f498471c6e36bbbcd19a2ac8645f9529893894372fd71fa2e482df765658d353a814c67e3011fdb9d4b3b0a285668c240e1e10ef8,CLEAR,DAYLIGHT,DRY,IMPROPER TURNING/NO SIGNAL,2.0,20.5,2.0,2.0
132a1369b0c0985b8b458b9d26ebd3fe9eb7b72b431a632438f6a5066649def519f4fb662ac63379c939e1e29de4e6f7efa18c742217df43fa2545e98ca1ad87,CLEAR,DAYLIGHT,DRY,FAILING TO YIELD RIGHT-OF-WAY,2.0,42.75,4.0,4.0
132a28d0d89fe4e60b0bf87f583f412bcdc7ffa76c20d02710cdf24b4c4fc31eb8b9afd0b050ac1c4bc58368fc91c809dc94e5046e3a337982e9647fe1da37b4,SNOW,DAYLIGHT,WET,FOLLOWING TOO CLOSELY,2.0,21.0,4.0,4.0
132a5a0821cb0a66999916b2663c88d3e1ef4929a16d82cafb2772a6001d7119e3a89ab881926163e9dacf0765f8e5e6c807a82197c0d3ed0c4ad55b7fbe291f,CLEAR,DAYLIGHT,DRY,EQUIPMENT - VEHICLE CONDITION,3.0,30.0,3.0,3.0
132a8c7fcf41603752892451c124897a25c8b7b2556680b888de09f3525b717b6be4b6d27efbae1d941809d48a75459ea1af07d7e4ef4d80f9f597571b0e8291,RAIN,DUSK,WET,IMPROPER OVERTAKING/PASSING,2.0,35.0,2.0,2.0
132a8edbdb836b50424e6f9626957a4f162470d2202cf465a6c12749c1c1c6fc8e4236aa7c39afcba626446dec7e68d81d3b720a3e19f2847afc315354d16eeb,CLEAR,"DARKNESS, LIGHTED ROAD",DRY,DISREGARDING TRAFFIC SIGNALS,2.0,31.0,2.0,2.0
132a94c700d8a7c6506e2d8b93da4fc801d928d6a675476f75c6555f6eb98b420f173ca60b27269151faf640271247da7fb14dee344652ad178f7cf698c63b0b,CLEAR,DAYLIGHT,DRY,DRIVING SKILLS/KNOWLEDGE/EXPERIENCE,2.0,34.5,4.0,4.0
132aaffe27d99098a73e6abebdfb3067e5a61f329add672186f2459fd9c24d0443329df1469b3b5baa23c53aed6c96657c9be4853118cf266dd9a3dfcf7dda92,CLEAR,DAYLIGHT,DRY,IMPROPER LANE USAGE,2.0,50.5,2.0,2.0
132ac9bf649858e026131278d5e23d5216ef790b4b9db022efdb09f925e88f78d45333544246e33377ea7c4fb955dcc4aa584cc34c166397c8364dbd5e59616c,CLEAR,DAYLIGHT,DRY,FOLLOWING TOO CLOSELY,2.0,67.0,3.0,3.0
132aeb1b10669d303d00c6e099fc61ab36a551b088d1db6e86c173af710f2e76b6fedb3ec66becb485318c94dca56c7a42a269bdb5268e4207de880be2e2178c,CLEAR,"DARKNESS, LIGHTED ROAD",DRY,FAILING TO REDUCE SPEED TO AVOID CRASH,2.0,32.0,3.0,3.0
132b0fb357eed80723e6d5236d2be27a2cffc76f5de9c58aa3602bd5ba29a2e68e3f86a35daa3301facd735e66c7b94c423390c312ffc3e7548d2307033ea5b1,CLEAR,DAYLIGHT,DRY,FAILING TO YIELD RIGHT-OF-WAY,2.0,55.0,2.0,2.0
132b541e3d6bdb47f998429eff2df843dd30744674ff2340a478192525a2e920bf664b0d5f3eb48f126f4ef4b95219940ab6b0aaf3f743af78966d6ab0825ca2,CLOUDY/OVERCAST,DAYLIGHT,DRY,FOLLOWING TOO CLOSELY,2.0,28.0,5.0,5.0
132b672ed82e18dbd48e3e74307372654f816fc5f5204e33e4450a5cfa449f56ba394e6553ad47a68a22c9e6475016c82935a092e3df9e17a6f3e28474cf80ca,OTHER,DAYLIGHT,UNKNOWN,FOLLOWING TOO CLOSELY,2.0,61.0,2.0,2.0
132bace2337acff3c848385645706736aeaf1ab16e9bfbe0cb18ff379487806c009b37cee05d97f7cc13a05cbdb6c9fa063b22a62aac241b8ced8fe339d19f95,CLEAR,DAYLIGHT,DRY,IMPROPER OVERTAKING/PASSING,2.0,55.5,5.0,5.0
132bd507655cbac2022b7ca79c55ec2d37fe49b32bbd48a974b16f988718f8daabcc2d2499e2fb00119984f08243bc00f68cc40bb00fd67efe1a80d3079a9ba2,CLEAR,DAYLIGHT,DRY,DISREGARDING OTHER TRAFFIC SIGNS,1.0,37.5,1.0,1.0
132bea66a7608be4f50bd19f3301c40bf3fae6ac0d79621e6c36ab6aac2097d1ce44f283b95b8d179b58e1cd456d98412e880208944eb61cf95420987e3aba97,CLEAR,DAYLIGHT,DRY,FOLLOWING TOO CLOSELY,2.0,44.0,2.0,2.0
132c36d37a7ab894a597586fff0d0af2fa7c6ec834f8750ba768fd001867533fa04a795d742d2fbcfd7f5dc6ad645bd3de524a58f1b6a6f65bc7b74a21b735bc,CLEAR,DAYLIGHT,DRY,FAILING TO YIELD RIGHT-OF-WAY,2.0,28.5,3.0,3.0
132c76ebf13eb042643116d8205bf16899da67c8fbe48dd5b8c0ce1ab5e9e7b49b16e29a7359b2ae7d3e87773ebf7918ba8ce609103b18bef180ebd297edfdfc,CLEAR,DAYLIGHT,DRY,FOLLOWING TOO CLOSELY,2.0,31.0,2.0,2.0
132c8b6a08593cce01b0f1bb0772230697459f93a1c9a8bbbd518f18ebe74cf66db370301721b4092deeb61e04d260f8292a967e3bbafe64512e1ef940af655d,CLEAR,"DARKNESS, LIGHTED ROAD",DRY,FAILING TO REDUCE SPEED TO AVOID CRASH,1.0,1.0,1.0,1.0
132c9239f53c3594032a5bd40595df37dd5478d884127d5ce85bf056ed7213778b8b442fa4f2d6ff2e892a57c3c9219f56d0cd4d14aabfc3c5c1a66a1007b3e3,CLEAR,DAWN,DRY,FOLLOWING TOO CLOSELY,2.0,24.0,3.0,3.0
132cb361b2582d72bf80f5ab0f85511c1041f89f8f3c399da99463aec1de70cb151b74dcca1e10aa0c3b2229a06d5fb32f922de025e6ce4e56257ed37157f08a,CLEAR,"DARKNESS, LIGHTED ROAD",DRY,"OPERATING VEHICLE IN ERRATIC, RECKLESS, CARELESS, NEGLIGENT OR AGGRESSIVE MANNER",1.0,20.0,2.0,2.0
132cd007ab9c316acd9fc9cf4db668d53e9ec3b0a5072047b777ae72fd67eeb5bf65723096fb1a93c97fa9dc5d3aa7b3aea02d1ea08543aad2fa37ea4c27c634,CLEAR,DAYLIGHT,DRY,FAILING TO YIELD RIGHT-OF-WAY,2.0,27.5,4.0,4.0
132cebf31e088ac755e6bb996e4ee379b7eb695833a173abbae7fd053df4bd3c547a022f933f5025684f2d16f5787f03c7147fafeaab05677bd8a276de19e46e,CLEAR,DAYLIGHT,DRY,IMPROPER BACKING,2.0,55.0,2.0,2.0
132ceec783aa6738c311eca47cf5ef0511ff8bd131bb75dec2a95ed1fc31dff16a8fe6c2f8c4f4972d80feadc29087201c4ba4d0ba61f9f7bb2362961def44b1,CLEAR,DAYLIGHT,DRY,FAILING TO YIELD RIGHT-OF-WAY,2.0,26.0,3.0,3.0
132d20c1fbabd572507e1e2325a8c85dc567e7824ef83ac134151203e1dd85ac2621a9f397ef303240cefddef4e362dc80ccb63d55be55363fd180121136f5c0,CLEAR,DAYLIGHT,DRY,FAILING TO YIELD RIGHT-OF-WAY,2.0,31.0,2.0,2.0
132d24105574ad49ab43b4a697c998b6feac4401f26b5f30472359039508550b917f10351af93964a44d1d549d0a0f12c3a435514b65749945c0563cc8c678f6,CLEAR,DAYLIGHT,DRY,FAILING TO YIELD RIGHT-OF-WAY,1.0,56.5,2.0,2.0
132d2bf7530f0ba15cb4ff859d2f6fa6bf69a1eaac383e87a403ca12ad9880a0296127b6bfc672d7c892c38ac4b9852dd4d36270c613e770952223ab244bb986,CLEAR,DAYLIGHT,DRY,"VISION OBSCURED (SIGNS, TREE LIMBS, BUILDINGS, ETC.)",2.0,42.666666666666664,4.0,4.0
132d3e9cdeb69dd4c594e375ef11a0ce0855cf30d91b30f19663ce5eb7a53b0f753ca3c1eec103c12ab160b4d8f134eaba2568a0c1490ed9da67d0208861a950,CLEAR,DAYLIGHT,DRY,FAILING TO YIELD RIGHT-OF-WAY,2.0,16.166666666666668,6.0,6.0
132d5266e175b5d4949e461626c1fed79d7e58586d875ef1af54ef3786c5443d2943ff40acba862d323e8a296ad9d124587d574dca2b1041a49041ba64ce45b1,CLEAR,"DARKNESS, LIGHTED ROAD",DRY,IMPROPER TURNING/NO SIGNAL,2.0,51.5,2.0,2.0
132d54cde1eeae3e8c6ebcc8abef0b38537a5ea2c5dbe928814072a07c73c8ba1f83d982caca8b56e4cd1557aaeef0f70bca59c73095b3fc42c8f6b0aae2825a,SNOW,DAYLIGHT,WET,EQUIPMENT - VEHICLE CONDITION,3.0,34.0,3.0,3.0
132d5aceb08a7a28f67f5be6b6b29b7e0a1db9e9036ebedada2389633784600203be4b715980fe63e65d6f04f0af850b2bbf04265b98f1518143e1886f0cd4d0,CLOUDY/OVERCAST,DAYLIGHT,WET,IMPROPER OVERTAKING/PASSING,2.0,40.0,2.0,2.0
132d622487655de1f774f596b41edea03a303e5269511ddfccbc23911caa76dff608b7da6966608f20e5377a9f9c8e53319bc254c6b805533fc7cdf045bf6080,CLEAR,DAYLIGHT,DRY,FAILING TO YIELD RIGHT-OF-WAY,2.0,26.5,4.0,4.0
132dd947184d38f68b84d3aa2953eee379e235d5a946b2d68d625826d3eed193bcd90e1ab17e58b9a30549be741d90806bc8271d598db3a9e331ffb3875a2aa7,CLEAR,DAYLIGHT,DRY,DISTRACTION - FROM OUTSIDE VEHICLE,2.0,51.0,2.0,2.0
132de5912ed53a8e1cd3d0b77e1cdb5f29a283b2afb26b893971689782db1baebf084d0bd3c1a81174d4a50918be7edb8673aae137c5a6fb404ca3bfbd7ec57a,UNKNOWN,DARKNESS,UNKNOWN,IMPROPER LANE USAGE,2.0,37.5,1.0,1.0
132e059d818d7f02f03ae97901a2ec3e27eda48111abe55b2970a4b5fd33afdbbc3f3b0692d704382efc1886eb80e3bf8d8c726ed5a4381a5c1787d7281d3f5f,RAIN,DAYLIGHT,WET,IMPROPER LANE USAGE,2.0,38.0,2.0,2.0
132e0a0f594ee258c60e4ad74943c5821d8431e5224ac68d492b5b4b0dc99dd8996c239f2f69f0baaa633ac9bb9354598cb7fa3fcfc26dfbf486a486e3555025,CLEAR,DAYLIGHT,DRY,DISREGARDING TRAFFIC SIGNALS,2.0,38.5,2.0,2.0
132e0cf71cc1e83149423c0dcbb1d9fa915dba8edea588adea0ffd690b3fd34671db6c9a3c5de5e24be80406daec00ba1a12c82a28389799c6a64a1e82702928,CLOUDY/OVERCAST,DAYLIGHT,DRY,FAILING TO YIELD RIGHT-OF-WAY,2.0,50.0,3.0,3.0
132e46be32e525d6a684073be42947e9d3b72a1906d759ce66e2d8b04cad0a983be1a0758e5a7c9e0ad38a66a0abb4965dc0d5877534434e30b5e37cf1d0ba4d,CLEAR,"DARKNESS, LIGHTED ROAD",SNOW OR SLUSH,WEATHER,2.0,46.333333333333336,3.0,3.0
132e6644577a7b01617c4041a8f7924f8db876e93d03d74dcd0612d06b2086c746816936f1af8569b4f427c655f0d43a411e4ebcc5457dfcbf3ed41f1192a97d,CLEAR,DAYLIGHT,DRY,FOLLOWING TOO CLOSELY,2.0,37.5,1.0,1.0
132eac7d4834eaba1f6cce1be68681fcb4a8489a15252f34b7c9d7083889a233392b7f983ce57443c60f75b17c487b9325553b7962a322dd5cd98c828038028c,CLEAR,DAYLIGHT,DRY,FAILING TO YIELD RIGHT-OF-WAY,2.0,26.0,3.0,3.0
132eb0fc463f6bd539a5a71f69d26aa08ecd5cc9f3ce153ae9ccf8c1f754d5b2865901e6dfb8cc807f417a73a10408355e0cbd6383e1a13170235b591afe3260,CLEAR,"DARKNESS, LIGHTED ROAD",DRY,EXCEEDING AUTHORIZED SPEED LIMIT,1.0,37.5,1.0,1.0
132ed61e09783a30f85fcebeac5203209239af990a42e1256e3489cf4348b05085841ded45fd7d976de0a321581544c74397467709227b4c03dbcf9484ab585c,CLEAR,DAYLIGHT,DRY,IMPROPER LANE USAGE,2.0,32.5,3.0,3.0
132edd5ce152cebed924f572f9d2ca1bdf52e826bec935855f962537ac85513383c25190cd67094a06d72e9a70ddc1c550d3de99b9af9aa1c3fca8c4f9602fa4,CLEAR,DAYLIGHT,DRY,IMPROPER TURNING/NO SIGNAL,2.0,46.0,2.0,2.0
132ee3980ac9eed30895a81435d25bf8e2fa310862d937b3573b0bdfe3e6f92935fea029d097687945e1c54768ea86bdfcefd95376d62b142ec770c77165c946,CLEAR,DAYLIGHT,DRY,FAILING TO YIELD RIGHT-OF-WAY,2.0,22.25,7.0,7.0
132ee5dd559836779989821dbb4d40e8cbde7fbf7316a894710779ff48926593172890700caeaff8b4190148d5ae1c911d9b85797cf9789bfeb4a3acb2f5600d,CLEAR,"DARKNESS, LIGHTED ROAD",DRY,IMPROPER LANE USAGE,1.0,27.0,2.0,2.0
132f11f0168abfa2c3bf3809692f01b130e9ceb8283056294af05fa041bc53263c54044a9e922ee1b2d968a685881c16e8221447e41188bc0475896601dd6907,CLEAR,DAYLIGHT,DRY,FOLLOWING TOO CLOSELY,2.0,28.5,2.0,2.0
132f6e80e0f1ee38f3bf6a2d1f106ecb2dfcfa59df53feffe363dc65413485b7262dc230b03e9d3f4a3026429971df4e31f6be22a6dca314e87ca62d95a5d2ed,CLEAR,"DARKNESS, LIGHTED ROAD",DRY,DISREGARDING STOP SIGN,2.0,19.0,4.0,4.0
132f92f111330274dde3157f3e3e91f7acf8b7c76de24000e14149f2890e0b34ccd7e487b1cf14e94e731c501a75bf8d984b8636a748c5c4941d25326deb550b,CLEAR,DAYLIGHT,DRY,FOLLOWING TOO CLOSELY,2.0,67.0,4.0,4.0
132f9bf96130c389a0d107e8b508ea5ddba36f5aefea13eefd2fb0ef9e897ed880a2354fe9aea721952187ecea85ff8c23f8b2e393d27c251ee73f9ded9aea23,CLEAR,DAYLIGHT,DRY,DRIVING SKILLS/KNOWLEDGE/EXPERIENCE,2.0,37.5,1.0,1.0
132fa8035f26e1ed4a42e3378ecedbfba0da537c330360bfcc672840f2e66ff22b676de14bfd887d61be773af2da01059d48b6743fabec97a9ea400c480ea88c,CLEAR,DAYLIGHT,DRY,FAILING TO YIELD RIGHT-OF-WAY,2.0,80.0,1.0,1.0
132fd37cb6b0c5850d895efb841a2b40618c2cd6666cd10a8eef1a6980eb2a3bffa6604f682edecbad30408a9ea1354b6520d130ba99a7ee2e6b32770f3fb4dd,CLEAR,DAYLIGHT,DRY,FAILING TO REDUCE SPEED TO AVOID CRASH,2.0,37.5,1.0,1.0
132fed9373050d28451c54c305e1d164599ae74a287ff03a45eb50fa12792e217198e3184fa0ca56650f3ea0cd27af3d6945ed70ec4d782dc81c14a89ddb3f5d,CLEAR,DAYLIGHT,DRY,IMPROPER BACKING,2.0,37.5,1.0,1.0
132ff70c62e07dc5b20aea3068f41c0e4a15bfe210290cb0a806f5f98c4cda5ea84a0cc535c4af6fecdab1da6cafebc6c10dc801b913ae6a325abf08aa58fadf,CLEAR,DAYLIGHT,DRY,IMPROPER BACKING,2.0,38.0,2.0,2.0
132ff7e5bea10e30665cd1e35ee7d9893134731163e63d16a168c34030e46546e86d52da6580e78fc92faa5b952cff4496173b8aad8bc1010eecd748ce0328ca,CLEAR,"DARKNESS, LIGHTED ROAD",DRY,DISREGARDING TRAFFIC SIGNALS,2.0,43.0,2.0,2.0