crash_record_id,weather_condition,lighting_condition,roadway_surface_cond,prim_contributory_cause,total_vehicles,avg_driver_age,total_people,total_injured
13301f39697632ea3e479eb58ac894c84f65b2afaf3d62097d5b37430afb582b0b81a321ce07d43fb636c6b7ae30b6bde8880adf2cd4f3f58f266569f697b1f6,CLEAR,DAYLIGHT,DRY,FAILING TO YIELD RIGHT-OF-WAY,2.0,24.0,3.0,3.0
133065293594e7be7048135c77edc5b7bd4a5a36fa0e3b705f6a4452c2d4969d1c0967ed732e5f6ef82df7dfac4d0d36777d13854a0827a70d1e1157e9d1fe46,CLEAR,DAYLIGHT,DRY,FOLLOWING TOO CLOSELY,2.0,36.0,2.0,2.0
13307d137c5aca049f4528a57f45f2fe5f657cb8554a17cee4ecadc7c27e06d5fa778f36adb62b239e76adf28b8cac9fa1d378e11c2a26ea434390864a43d572,UNKNOWN,UNKNOWN,UNKNOWN,FAILING TO YIELD RIGHT-OF-WAY,2.0,37.5,1.0,1.0
1330879f0927d00d25baa45a8c64e6caf450bb1abaada0849610d6ad40bc28d4b0c4793336f438ac3bae732266337f8f3fe9a22c60c295b470f874afc7c7bac1,UNKNOWN,DAYLIGHT,UNKNOWN,DRIVING SKILLS/KNOWLEDGE/EXPERIENCE,2.0,37.5,1.0,1.0
13308ec2a29070ebf9f56cbbe13d782c55442407a7b521947e1f89757fb53cda7fb285d0addb105c56c581a70b1073715f407eaa5403263011114802b8ed1802,RAIN,DAYLIGHT,WET,FOLLOWING TOO CLOSELY,2.0,52.0,3.0,3.0
1331265e770ed8c06f369353f5e60228f00b6949769b8b021a07d5caa18ffbc2bf7777861f4746fd1fbf5ffb7eb465809992f0e50c77b123e34a6687bec6227c,CLEAR,DAYLIGHT,DRY,FAILING TO YIELD RIGHT-OF-WAY,2.0,28.0,2.0,2.0
13314295c8c533ac290f1da8752a5e6d1e5cc583c70969e884e97596a2dc6c9ae517ee1d5371032e7b3efdd0aa0d0ddc7e59fb5b2a004b0fbd2ab9cd55045890,CLEAR,DAYLIGHT,DRY,FOLLOWING TOO CLOSELY,2.0,46.5,2.0,2.0
13314c38ed839762a0d722568ed7b4d5880c3cf806a673d78199ca5fcbc56c12bb73de9ac7d4b9b1f26d09e6444a3891ae586934ad7d64b49efd1b6f1b82fa08,CLEAR,DAYLIGHT,OTHER,ROAD CONSTRUCTION/MAINTENANCE,1.0,29.0,2.0,2.0
13314cd881e722d1c0c9e797f5165d41ac150fa631383f3e9b2c1d90487a85124141320035f919b4a4df20ea7a0cbe40606b319aa48ddb68a731a314f9104d9a,CLEAR,DAYLIGHT,DRY,FOLLOWING TOO CLOSELY,2.0,29.0,5.0,5.0
13316464032b83938ef8d89d592207a0fd72082c9e5eb00bb8f0b7c51a9e4763b69e89b1aa17d708fe85696d1614a5c0dc0166a234aaa6189f5bf19321303de4,RAIN,"DARKNESS, LIGHTED ROAD",WET,DISREGARDING TRAFFIC SIGNALS,2.0,32.0,3.0,3.0
133165d0bcf8959dc27b9d73e666fc78d5c9961458179410e184530a53d3fda8e272e54307b960270497b222800069cc17910434b4207bc04a7d7e8e88557161,CLEAR,DAYLIGHT,DRY,FOLLOWING TOO CLOSELY,2.0,41.0,2.0,2.0
1331a251399e57a699ec604e7106b61e012f2e4a14e399e2d3610f46a2591459a463bcb4e15920680cc1dee3712d9e348fa37c3e30210219fa7861b5cdf31a1b,CLEAR,DAYLIGHT,DRY,FAILING TO YIELD RIGHT-OF-WAY,2.0,40.0,3.0,3.0
1331bdd629f3119b754aa9793ef329485d4a9b200693b6ff7bbcdc99477c297076857c6ead0a7acf18570a72eca430ea3b5e59d7d72d2375d8e2c81d6293c66b,CLOUDY/OVERCAST,DAYLIGHT,DRY,FOLLOWING TOO CLOSELY,2.0,36.0,2.0,2.0
1331d00fbf16da8e1aa3fcbb566bfac3ee0b29a49ebe204e29708f1c9dbe24ecee4d987010c17590960455dc5538e682ee5360c9df28b74ea48deb9cc9d88c8e,CLEAR,DAYLIGHT,DRY,FAILING TO YIELD RIGHT-OF-WAY,1.0,17.0,3.0,3.0
1331e6d0ff93054aa844f814b01e78963f522c3c5640d427cf8ea28b166de3cfa79cf44734272346d16283ed8508ed901c7ae9b4c51ac75a91aa456a8c43f51b,CLEAR,DAYLIGHT,DRY,IMPROPER OVERTAKING/PASSING,2.0,63.0,3.0,3.0
1331f4cb11809eb813d6a2b9618951a55e998be72d3b24adc3f125760ebba441886c77ea3733f5641d44f3b837d216f98819776c7c5623bf9d54736bec0b6058,CLOUDY/OVERCAST,DAYLIGHT,DRY,"VISION OBSCURED (SIGNS, TREE LIMBS, BUILDINGS, ETC.)",2.0,47.0,2.0,2.0
133211b6c0a93475e6b18c527f8c73d0f72cf895b45aacbbd7ae7fd9589a289798038827d0cbf4ddb6cf4b0ecd5f465b09e2b413345360ed5394b73aa563aa59,CLEAR,DAYLIGHT,DRY,"VISION OBSCURED (SIGNS, TREE LIMBS, BUILDINGS, ETC.)",2.0,35.5,2.0,2.0
1332268ec283c3dc7a41e376e1922f798d970abe6af81063cfbd47f46f19aef20da9073728d46807342ea4c41f44a32814122b2d800d8627f10eec70fc6a9a46,RAIN,DAYLIGHT,WET,FAILING TO REDUCE SPEED TO AVOID CRASH,2.0,30.5,4.0,4.0
133238a859e68b79b7248ca1f07dee604d6fb50535d9bf38cf091a629c94a32b3e86d9eb717ae12f29e28586ed32ef7349e4fbe19ca719df38ff40efd2e8b557,CLEAR,DAYLIGHT,DRY,IMPROPER BACKING,2.0,36.0,1.0,1.0
1332596637b44fcb6d35307c1105cc099ac86d095415da7f5b23f04dd5f47b8e34b5db89498451f79e1f19907fe484add33af46ffb4121f06a322b0df0370ef5,CLEAR,DAYLIGHT,DRY,IMPROPER TURNING/NO SIGNAL,2.0,24.5,4.0,4.0
13325cc76126e3302e1dda134a0e6839d28932fec23b7cf2ddd04c0b54056eb487cb3dea7a2583fe732ee4da5ea9c32aa5ec349d205292b468ce65c2e70d4f38,CLEAR,DAYLIGHT,DRY,IMPROPER OVERTAKING/PASSING,2.0,27.0,6.0,6.0
13325d76ee98465266b856f00fadf623a151949941fd37bd1ebefbdb2911df7ead8d51baa3241888b31f5198aed380dafd66ac6a09e3982989eaae5d58840563,CLEAR,DAYLIGHT,DRY,IMPROPER OVERTAKING/PASSING,2.0,50.5,2.0,2.0
133288cb2ee752b7116378bb3f43e36963353fbd16b685bcc0c0e988cdb772e0fa60bbcc6c89d13bcefe10aeb42f394c337d6eaf8b06d6b686d373ad72397dcc,CLEAR,DAYLIGHT,DRY,FAILING TO YIELD RIGHT-OF-WAY,2.0,35.0,2.0,2.0
1332be116df276ab3f222d2a7ab741efa102539ffe246f641e74b243b0cf8768555887972c261061525d021fedd67580fd8b8e23c4461f32d9d40fdb3c6eab76,CLEAR,DAYLIGHT,DRY,FAILING TO YIELD RIGHT-OF-WAY,2.0,28.0,3.0,3.0
1332d805c4e82719337bd0e6245f29139ad8625f28f82468ba75aa89f876346325631b4349387f56de6a123ed105fcca99f7f67787c5e70a1eaf5d8b391cdee9,UNKNOWN,DARKNESS,UNKNOWN,DRIVING SKILLS/KNOWLEDGE/EXPERIENCE,2.0,37.5,1.0,1.0
1332fdf7d8b356f5967a0c4ed2f5bf53257c22e4bbb47f324fcfa88c9570e8cdb4b9f9163d33adf7b8803f4ce735afa95521b5ffc2726e0f936f9257d5cfc2ef,CLEAR,DAYLIGHT,DRY,EXCEEDING SAFE SPEED FOR CONDITIONS,2.0,30.0,2.0,2.0
1332ff749026e2a72932073c0173a3f7c00e175fcb61da4c53eae1494bc2cb3f1452547a3fa1895f722c74a4d5bb465354635cdb5eb2d4d5e5bdbae36b804b00,CLEAR,"DARKNESS, LIGHTED ROAD",DRY,DISREGARDING TRAFFIC SIGNALS,2.0,28.6,5.0,5.0
13330723ea1cbaf2a8dc68932598cb531975aefefbb3fddce1dfa06037be3e786381228aed2fbe9fa6664f5059d8dbd0521e1b6e1da6f3c935efeb94852c912e,CLEAR,"DARKNESS, LIGHTED ROAD",DRY,FOLLOWING TOO CLOSELY,2.0,31.0,2.0,2.0
133310182a7e90628aa6cf344a065c491ae50fecb0ba4730d9a3b77c5d0dc4e0518d8f55f7613e6221c55dcc0e1a0f80cb840a0d23877373800af11215485e41,CLEAR,DAYLIGHT,DRY,FAILING TO YIELD RIGHT-OF-WAY,1.0,34.0,2.0,2.0
13332e6b80f8ebed17ca267d28c794c691d3eb51629586be1ff1068417138dffa8b387280f0e5921fbc2f04c80ab224163bc71a562c31015854143e08d8f87bb,RAIN,DAYLIGHT,WET,FAILING TO YIELD RIGHT-OF-WAY,2.0,16.5,5.0,5.0
1333c1ac22932376852ba76dcaaa17fa953b27118cb1e1026161d27a7331ddef452ae136700dc03f405752244918cf48e7667f22e848b522054913068db04ba7,CLEAR,DAYLIGHT,DRY,FAILING TO YIELD RIGHT-OF-WAY,1.0,34.5,2.0,2.0
1333dad2851d3c54fb6e0515eb81b529d7ea4ff46031cf62bb3bb4581c84a2705d58b03d78ebfb7d9e064d13ef344f01557f5bad0aa1413e50868b86ce7fa064,CLEAR,DAYLIGHT,UNKNOWN,FOLLOWING TOO CLOSELY,3.0,45.666666666666664,3.0,3.0
1333f562200b3de6206fb519db0f391a1ca15f6609c9d840273362c01866ca5a50d014efa09df5f9a3a174e9d654e78b0854d05ee3f9bc618fbd612231eeddc8,CLEAR,"DARKNESS, LIGHTED ROAD",DRY,FOLLOWING TOO CLOSELY,2.0,35.333333333333336,3.0,3.0
1333faef7b120e08ed5fffd862d2446f0891c03d3b7875d815e28e948fd570369f133496c64b396f21c69d5312bc1dc741cd7be512cd893a3e229b2a040d8d7b,CLEAR,DUSK,DRY,IMPROPER TURNING/NO SIGNAL,2.0,27.0,2.0,2.0
133437c46f0efc987bd2414dd928e7716a88f655fc69bd9d8d0f702c29f711a06ea90eea839f87bcf78e5756d0778e58de05b8a36120f839050986b8c47bf2d0,CLEAR,"DARKNESS, LIGHTED ROAD",DRY,FOLLOWING TOO CLOSELY,2.0,23.0,2.0,2.0
13347a61f542e2211c1facaa61a62ff91d57d24b2ea5e6dba1a20e3ac306b57999ff9a3fca64385897c0bb854a3f1f9a7745893414663c4d42100aa41edebee9,CLEAR,DAYLIGHT,DRY,FAILING TO YIELD RIGHT-OF-WAY,2.0,41.0,2.0,2.0
13348e7063d43d6f655e66cdd73a1ede01e1f938dc62482b108f3accd5fd17f2dff99ed73dc04ec22d952c784a1ea1ff1700bfccb87487ad19f751fcab7867ab,CLEAR,DAYLIGHT,DRY,DISREGARDING TRAFFIC SIGNALS,2.0,32.0,2.0,2.0
13348f28d4e3ea7635b6a0ccb2731aa022e34dbc0ddaedaae25ec6dd588fc4d8a652e005af4979e8bd5008b68f212267f2761cfed87974960bc2683bd91c2864,CLEAR,"DARKNESS, LIGHTED ROAD",UNKNOWN,FOLLOWING TOO CLOSELY,2.0,52.5,3.0,3.0
13349cb7fcf62dea4f7b041567c4d7d7e99e99e2c90ca8fa70bb185e1ccba2f8ed2a03e18844338567ad7623836174a0217f41ed5679e707c612b7c5f8948614,CLEAR,DAYLIGHT,DRY,FOLLOWING TOO CLOSELY,2.0,34.0,3.0,3.0
1334ab07e30344b45eb2b8bf9e96736927c5b73975cb7722f8e3cc072165218c24a36126ba129c73bdd333dceaeb665359be48675337c23e27f7272aebf7f7b8,RAIN,DAYLIGHT,WET,FAILING TO REDUCE SPEED TO AVOID CRASH,2.0,32.333333333333336,3.0,3.0
1334b6fbe48dd9e98ce1bdbf5a6be495945aeab015b987f0835c79d7ec0ce4182926633555ef4742d968bd238f9d3c24c3e494bbeea01bf35811a1bf02e5a2d7,CLEAR,DAYLIGHT,DRY,FAILING TO YIELD RIGHT-OF-WAY,2.0,26.0,2.0,2.0
13350d3b0840838121909faa4d3418e37c9378641810db04a2f06adbf55c99656ce537446f1e0e41fa7c73cfc3c310778b717b0e9a972f5b5864b6bfacaae419,UNKNOWN,UNKNOWN,UNKNOWN,IMPROPER TURNING/NO SIGNAL,2.0,31.0,2.0,2.0
133548a0ed3d80acadee6b41ac198da850d5674cb6e6fbe4a577a71e6bbe813dc3e19c0be498ce119bab3990963b362929e5351f18358228f56b398aa2151bfe,CLEAR,DAYLIGHT,DRY,"OPERATING VEHICLE IN ERRATIC, RECKLESS, CARELESS, NEGLIGENT OR AGGRESSIVE MANNER",2.0,37.5,1.0,1.0
13357673cf10c46228e6b0d83c3f5c9e1f38055b0bd4d400d1729afbf3f6aa9b70b3f523cf6330e0bfff56a488fbd0064bbe53d339783276ef08f116cc2de86a,CLEAR,DAYLIGHT,DRY,FAILING TO YIELD RIGHT-OF-WAY,2.0,31.5,2.0,2.0
13357c289776d2c8446c921c89958bd61ec0cec42f9ed455fa5f2fefd446e440f2653b8f6dba5c7ed6a38aedc8919d27fd7c6c6f16a6d9f16a1cfb8a3324c4e6,CLEAR,DAYLIGHT,DRY,FAILING TO YIELD RIGHT-OF-WAY,2.0,24.5,2.0,2.0
13357e741d4a7130de693e6c0250ded13e4e918f0d7b10e1e3a1528fdf0b5b2e92542422d80236f68b330518dd4488d1cd45b826628c69b1668e3dc298adf21e,CLEAR,DAYLIGHT,DRY,PHYSICAL CONDITION OF DRIVER,2.0,23.5,2.0,2.0
133588e62cb6b5d8524d5855299c9fa8eb02253b517661e055e72308c0575c25840d44564a9f8a58ec1d780c39d33d85c2c15609a19817a71318c9691dd083fb,CLEAR,DAYLIGHT,DRY,IMPROPER TURNING/NO SIGNAL,2.0,47.5,2.0,2.0
13359e6a45c5efdcaa62a81b4da8dab92de932f08cec5a3dbb4e27ce0ed592a2ccb22795bc611501b3c5f3f40a52a1f004e9bf490e5ae4d06a7c5ce07333a85b,CLEAR,"DARKNESS, LIGHTED ROAD",DRY,FAILING TO YIELD RIGHT-OF-WAY,2.0,49.0,2.0,2.0
1335aec8aa6b60876559e1856060495a5300dc8c6a97ad9ff2a3432a2bccd1ea13527084af8f596b5496be5c22e013099038b3c0769c952a27d8bd5eec264000,CLEAR,"DARKNESS, LIGHTED ROAD",WET,FOLLOWING TOO CLOSELY,2.0,39.5,2.0,2.0
1335b0d30c69a931f218974f5cbc35bf2488376588afc67a51f2190402b64c87793836729a3320b0d957e29ee11fd852a34f1d51dcb833f89b93f90517939acd,CLEAR,DAYLIGHT,DRY,ROAD ENGINEERING/SURFACE/MARKING DEFECTS,1.0,47.0,1.0,1.0
1335e5b2e025445174843f968867129803a58a20d6d053d2a0c50eeceb72b286b12df93d47fe12c63450690fba765f75c125b237029fb2150e47489388bf96c6,CLEAR,DAYLIGHT,DRY,FAILING TO YIELD RIGHT-OF-WAY,2.0,44.0,2.0,2.0
1335f3c90d308d29e29bfc999346cb90224242054fbf6acb4bfe586bd482d4dab6d3cfa16b9ea638b42a90a5ce991aeadc75f6ad6f51c0d8a4932e821a16b835,CLEAR,"DARKNESS, LIGHTED ROAD",DRY,PHYSICAL CONDITION OF DRIVER,2.0,23.0,1.0,1.0
133605f1c3938d9c5bad1920ae6d2df4b393282e843d6d8bf5aefd69fbf0a2628fddd1e599b85aa29c2b6e0e1e118efe73a2fc5a042872fee1b00987c949ad9e,CLEAR,DAYLIGHT,DRY,ROAD CONSTRUCTION/MAINTENANCE,2.0,32.0,3.0,3.0
13365e02773902be358e8df1d93ad0dea091f7377eaf51558e757cbdb20c6507feb4a2223fd13391d680fe41cf9c5a80ffda0af77f7dfc0e22e0dac6750ca374,CLEAR,DAYLIGHT,DRY,FOLLOWING TOO CLOSELY,2.0,34.0,3.0,3.0
13369143dd0462be747cd160419ade635f750287f839cc420ae842fbab59ac9298362eb2d4e1620e113a14e7e922020b292169d8eb6f49d7fb59da34ec3d7c3f,CLEAR,"DARKNESS, LIGHTED ROAD",DRY,FAILING TO YIELD RIGHT-OF-WAY,2.0,37.5,2.0,2.0
1336bf4350ff568cf8472f28e2e551f674ea3d84f7eed0327dd1d8545e76082a630ae29238e8685c94985905f00357355dcf432da700485160a30e6a4f9e4e94,CLEAR,DAYLIGHT,WET,FAILING TO YIELD RIGHT-OF-WAY,2.0,36.5,2.0,2.0
1336c13c044dd4c2d5974fa7e620d3e1e8d5c574545b313df9ca80dbd95fdfd3604d4c42bcced8fef970761701ffc335502822ffe918637ec34b8c4f48f54fce,CLEAR,DARKNESS,DRY,DRIVING ON WRONG SIDE/WRONG WAY,2.0,25.0,2.0,2.0
1336d574aa2ce3fd303cbe60587d5fdc10fe19bd489d4df8066183ed83f4ad1c81fd0d5162d098ef67896760d03e0f6912a796af75b89920b35b7871c2b279ec,CLEAR,DAYLIGHT,DRY,DISREGARDING STOP SIGN,3.0,69.0,2.0,2.0
13374473286f60d3de3f0a225fcad211d81f1f8890778833d7d00e5963e530235b9eb7bb59ddb9f8536c039dc8fe3a57816d459b396406e35b57b16b1c2ca730,CLEAR,DAYLIGHT,DRY,IMPROPER TURNING/NO SIGNAL,2.0,30.666666666666668,3.0,3.0
13375f24e01c17d8eb9508e7275f141c9b1936e13f786dee02ef8cd2bcb84ad161403a98ab60b052854912988016742b4604a06800e28d17f517efae7426e97e,CLEAR,DAYLIGHT,DRY,"VISION OBSCURED (SIGNS, TREE LIMBS, BUILDINGS, ETC.)",2.0,34.5,2.0,2.0
133763c48e121bba9ce14a7fd8e8332d13994e54153878a2ee6e37cb0a7002a3f0648fcf242bcd234897cb45a4bd857cac1920a7270c7820ae1ef8ce200de6c9,SNOW,DAYLIGHT,SNOW OR SLUSH,FAILING TO YIELD RIGHT-OF-WAY,2.0,31.0,2.0,2.0
1337c442ccb9df92736cddbf473fdafa401e7309991f3055486df02d46a8ecc30968d4791b4e7dc719398877eb4a86db024bfcb0c2a93a5ad29123a2f27eb758,CLEAR,"DARKNESS, LIGHTED ROAD",DRY,FAILING TO YIELD RIGHT-OF-WAY,1.0,25.5,3.0,3.0
1337c8b33323786e7b8ee2e96c67608390f1ca1132a62d138921170dd67d903a7aa27d792cf93540a6e9f150c9f71fcc4b7a0e3f64f9ebc4358eea29a001b842,SNOW,DAYLIGHT,SNOW OR SLUSH,WEATHER,2.0,21.5,4.0,4.0
1337cbf7c2e8f15d8f70c9bb50b1bfb9c49092afa71ff9e1d4240eefb03a8d07570d93e025fa83b3a4405d86e6998b4b736557ef23250ece48f8044ee17015c0,CLEAR,DAYLIGHT,DRY,DRIVING SKILLS/KNOWLEDGE/EXPERIENCE,2.0,39.0,1.0,1.0
1337e23f6d255c4fcb276bb033244af1f9d56bd4a0d1710f55b17a060c58448eb77d2fc0cf0a405df204451239374037e3d7fccfc885960307f43bc07bf8485f,CLEAR,DAYLIGHT,DRY,IMPROPER OVERTAKING/PASSING,2.0,65.0,2.0,2.0
13381669921bd507b62c657141c11088d739533638248344b93b1f49d71c1e60dfa7698283affd43d4654083b7a13fd1fb38d88f7330e686204b99aa4f717ce5,RAIN,"DARKNESS, LIGHTED ROAD",WET,FAILING TO YIELD RIGHT-OF-WAY,1.0,29.0,2.0,2.0
13384b955dd625bc992d43cc7e9b75884f5299f1e6f0415e9b4fc0c57e21620bb00ba9a9ef68f252c6fdc07f0bfd70b16f27fa48a71c2d5d8ef533778b4189a3,CLEAR,DAYLIGHT,UNKNOWN,IMPROPER OVERTAKING/PASSING,2.0,22.0,2.0,2.0
13386e2b5ad176d07cd70bc9daac261c77c7b0b3d8d771e0c2a9da5aa6fd8ef8a7ab627f502c8ed2fa96643a3c94de1761aa98086491e9f7251a8e3e25bd949a,CLEAR,DAYLIGHT,DRY,FAILING TO REDUCE SPEED TO AVOID CRASH,2.0,21.0,2.0,2.0
13386e7ade55e579ac278020e4a7f71ca591d8c9f5f8884775b46f2f4718463e776efb3e1c41751ae53185c5148ce12d8a7b1d3d93aaac91d16b0a60ae44c41d,CLEAR,DAYLIGHT,DRY,IMPROPER BACKING,2.0,30.5,2.0,2.0
13387413a2f538d176f20d2d091986272d0cfa0212ae9d2375386be31a9086ea7cc2c5edf9066ed2fc7a6d53d37b724ce983dd94d53b88b70b0d6c4c2531c70b,CLEAR,DAYLIGHT,DRY,DRIVING SKILLS/KNOWLEDGE/EXPERIENCE,3.0,52.0,1.0,1.0
1338966f97339b8eff5a042fa0fae3c118d1a4ace37868188313264aa2c42a25253e58dab29d2adcce4f780ced0e2195505bdd2ca793453d89b3fecd6713e373,CLEAR,DAYLIGHT,DRY,FOLLOWING TOO CLOSELY,2.0,27.5,2.0,2.0
13389e7f6e466f61cde86dd406997386978f06456457954b93470d57d72e80798f9bc1693bcf060f67bdf9785ff9a9559f37b02fd53088662c007a5d28c1fc8d,SNOW,"DARKNESS, LIGHTED ROAD",SNOW OR SLUSH,"OPERATING VEHICLE IN ERRATIC, RECKLESS, CARELESS, NEGLIGENT OR AGGRESSIVE MANNER",2.0,37.5,1.0,1.0
1338ab72fc556ab6e4ef9320a35678baa81c845c0c112719f3eaccea3ad02bb1a99cc6537c28602c151d9d8c2804e0db230239732cb92889bd21c6df6ed7d020,CLEAR,DAYLIGHT,DRY,FOLLOWING TOO CLOSELY,2.0,29.0,3.0,3.0
1338e7d90e9f01b9b6601cfb9a9fa4439f0a3d86da49ba024df76745bd48c2a4daa438735c142e2e28d652d55715a8e00ed8771e4429b03c9beadf3cf5975faa,UNKNOWN,"DARKNESS, LIGHTED ROAD",UNKNOWN,IMPROPER OVERTAKING/PASSING,2.0,27.0,2.0,2.0
1338f4c43b71a10dd05738ee3c81bc42796a95340d9570626ca9fc2e31dfcf37777ce3a0110a7be7f88e96aa825d0e1a877925cb31743f441de82ce6c7777efc,CLOUDY/OVERCAST,DAYLIGHT,DRY,FAILING TO YIELD RIGHT-OF-WAY,1.0,37.5,2.0,2.0
1339164755a7af2b6f19e7715024e292c863c59477b5efd4682b91304e46776161d78363256466c72f00a9f48b96bde0be1c9d01d3ef026cba7a7ba4657b2c80,CLEAR,DAYLIGHT,DRY,IMPROPER LANE USAGE,2.0,46.0,5.0,5.0
13394e8f6843e3ec3e6202b8ba067aa8ac915949e3bbd805dce018134d2a85f7bf9b787b78e01c5105fb784b3dae55174077186a4e65d042e273236dd4cc1c92,CLEAR,DAYLIGHT,WET,FAILING TO YIELD RIGHT-OF-WAY,2.0,76.0,2.0,2.0
13398c94380b7002df47ed75458faf05bac490797cc8857d4a024b86592854391cc15ed73a0b3c7647e6d9b797ff61c06fdef3b57d6de00c52b177b64845ce39,CLEAR,DUSK,DRY,FAILING TO REDUCE SPEED TO AVOID CRASH,2.0,33.5,2.0,2.0
1339b01afde1806a97ddf806f5e02b2e15837eb7ab9234cc9f9223562d55a68b770ba40a729d91c2929566dda72120c5b5005c0f4f5223da9c7136ca7cf0112c,SNOW,"DARKNESS, LIGHTED ROAD",SNOW OR SLUSH,WEATHER,2.0,32.5,2.0,2.0
1339bc56b1e9c8c58519f7008068f730f76969c626ec188a46cb208a5c0731e85b3627bb40003c03ec06d0e436d26b3197e51e4013d575c5febbb1f0e0f58651,CLEAR,DAYLIGHT,DRY,FOLLOWING TOO CLOSELY,2.0,24.75,5.0,5.0
1339c25c3ae9762043b042fc39dd908b37cb65fd2fca0e43f0fa95d72513c7f2ffc7a28584118e8ec1b8260a8607cb0a619bc3677dfef21c411c6892c110d5fe,CLEAR,"DARKNESS, LIGHTED ROAD",DRY,FOLLOWING TOO CLOSELY,2.0,35.0,2.0,2.0
133a1b2e82c051d4871ab6e9625a6aecf48e1e2322fd517ee3b0356f6ff12a8f7ea97d701a751768b995462ada0abcbb36e001200e6c900f4878deab9d49ea28,CLEAR,DAYLIGHT,DRY,IMPROPER OVERTAKING/PASSING,2.0,37.5,1.0,1.0
133a2a7631b18bb1fe47f22de5947d673ab0dbccffcf876a73f14551313858733d4445e410bdf9caa639579bad290536bab45ef6001b553fb385ddf9cd5119d7,CLEAR,"DARKNESS, LIGHTED ROAD",DRY,FAILING TO YIELD RIGHT-OF-WAY,2.0,39.5,2.0,2.0
133a38123c9c8e1da50c7962f09f62b4374ed0535ac9b571b73184ab4ebc3c5f730dcd416b84877610d20e3d73a630161b5251c07c13aab58a470f71c1084b21,CLEAR,DARKNESS,DRY,FAILING TO REDUCE SPEED TO AVOID CRASH,2.0,37.5,2.0,2.0
133a5d3c666e7b35dbcd7d82bdce373c50f6be17fa30a472ef3249e8a2ca4d08e39cdbc89c5b6b582b3cdff7ee62f8f36f9662a52ba44f1139b9f8d52c693fe9,CLEAR,"DARKNESS, LIGHTED ROAD",DRY,IMPROPER LANE USAGE,2.0,26.5,2.0,2.0
133a9242c5901089f37113432b057dc49eb8ece6b35151fed394756a870dddfa2cbd19a0bd23bd68302e3ac2fdec8a99fe74d81071c08b914b87305c01069c17,CLEAR,DAYLIGHT,DRY,DRIVING SKILLS/KNOWLEDGE/EXPERIENCE,2.0,37.5,2.0,2.0
133a99702ff845122adc853b31ff84af969c2deaaa546cee8efc290ea7185f9863f08cd05801ca02301e2073bafd88035761bf093f695fc8496236d4a41bab23,CLEAR,"DARKNESS, LIGHTED ROAD",DRY,EQUIPMENT - VEHICLE CONDITION,2.0,22.5,2.0,2.0
133aa0968558e3403aac1842f38ca4ccde3ac4105b79da03ad1c435ddd1d2705e113f2c086e5f9cf03750aa7f7db6552b4aa16b62a897a8697ee08dc164003f3,UNKNOWN,"DARKNESS, LIGHTED ROAD",UNKNOWN,DISTRACTION - FROM OUTSIDE VEHICLE,4.0,40.0,1.0,1.0
133aabb7d6f51996fb1b50d3346c1212c972f4f834ab859c2f1da55f4b3551f8eeb2507865c3d4caedb4ffaba2453c453d4e22550a3524fa3d6e3eec3d55e676,CLEAR,DAYLIGHT,DRY,IMPROPER LANE USAGE,2.0,51.666666666666664,7.0,7.0
133ac5da8bfa510f0b850f063dcddc9d0678ccc83e261a1271253992eb15777ca92852157d53e36d80870f663e56efe66b8c6e2952e01f522264453eeb9d212d,CLEAR,"DARKNESS, LIGHTED ROAD",DRY,IMPROPER LANE USAGE,2.0,52.0,3.0,3.0
133ade094deffc14e9e7f8c22dd29a6c485868905a6113fe732eb64f75c34f1a552cace89b7f65a0811e858c00d82ffad7b1c0346d8578f0b0485e61f1d3f51f,RAIN,DAYLIGHT,WET,FOLLOWING TOO CLOSELY,2.0,46.0,2.0,2.0
133b08a67d4663a08fd2bc1beeb831c6489414f5a7f310478975719fde4449bf2a4cf34a7abe67f95b8888aab25bf0c63ff92a57df8ee649e0389deba3d40042,CLEAR,DAWN,DRY,DISTRACTION - FROM INSIDE VEHICLE,3.0,58.0,1.0,1.0
133b263bad0354491673bf03d2ce06db081c2180da317b32b3cbf1daf43f9152f23fa336712061ebf92be4ec1f561d742b28ced688a1859b7ea5fa1d1cd91f3d,CLEAR,"DARKNESS, LIGHTED ROAD",DRY,DRIVING SKILLS/KNOWLEDGE/EXPERIENCE,2.0,38.0,2.0,2.0
133b72d00962d34764573c9428a505a24146d6fea9b10451f3ce1f6e476e14e2b0b4249f6d9e9957f7a76d20286288a7e523a371179874c584eeb1a321459389,UNKNOWN,"DARKNESS, LIGHTED ROAD",UNKNOWN,FAILING TO YIELD RIGHT-OF-WAY,2.0,51.5,3.0,3.0
133b8e53cffee55c31deb1407c336926af4fd9bb728fff9b2fe86ab030048bdcda8b5dddea1954cda848d09058e96465ac4c279f9ce2db5e642a4b89d569bc2d,SNOW,DAYLIGHT,WET,DISREGARDING TRAFFIC SIGNALS,1.0,36.0,2.0,2.0
133b91b4e9b850e8ea4343defb616642abecc798fe59db249d2a0d7244fe622a53ff979984326b3a5d268267a30e830146b418e94f34474061be41a612b553e6,CLEAR,DAYLIGHT,DRY,DISREGARDING STOP SIGN,2.0,16.5,3.0,3.0