crash_record_id,weather_condition,lighting_condition,roadway_surface_cond,prim_contributory_cause,total_vehicles,avg_driver_age,total_people,total_injured
133bd33f29b8608af7d0122d90573631ec3c4c2b4f111d29d8fc2907f5628a6b08edce7e455ef34f6fc534be8f32ce46fa3188a010ec14f89070d0ee963d8f4b,CLEAR,DAYLIGHT,DRY,DISREGARDING TRAFFIC SIGNALS,1.0,36.5,2.0,2.0
133c06a87e9ffabd0241d88aeca0dbc0f144bee0c474abfd5ff84e7f87941b67eb70d0a54f81ff487412b9e4891d68004c513b561be7c94ca328db4ddbf39026,CLOUDY/OVERCAST,DAYLIGHT,DRY,FAILING TO YIELD RIGHT-OF-WAY,1.0,49.333333333333336,3.0,3.0
133c2ca1ce046b08412c88df5a76c6b13124a21237e251d7d22735a95c68b4b23d6166715c807d3e91175c1a64bb5cec8a45d370e97aa27cbfade42113261c63,CLEAR,DAYLIGHT,DRY,FOLLOWING TOO CLOSELY,2.0,36.0,2.0,2.0
133c875aa0684c3b622da5bdfe026622d554deab0c7b9a931b6ef495f3205182efd63d082d2485c94e9414ff45e554ef970d0eb052f0280275937f1b8ca47480,UNKNOWN,UNKNOWN,UNKNOWN,IMPROPER OVERTAKING/PASSING,2.0,37.5,2.0,2.0
133cb03988312f1423d3c4da23ca4955fd7b849894869926a0a545d2944bccd039089d109cfe3a2a40b6afef1a3b57d585d8c17719a3c4ea6c3c13a467904ee4,CLEAR,DAYLIGHT,DRY,IMPROPER TURNING/NO SIGNAL,2.0,29.666666666666668,3.0,3.0
133cd5241195b7b1c7edf1d15cf674b5beb419e527978df4d31619d1d3989b2b5dc48f96cbcff6bf218b7eed7d111417a88af73de08f03ed19d7a4bf136f82e6,CLEAR,DAYLIGHT,DRY,FOLLOWING TOO CLOSELY,2.0,36.5,2.0,2.0
133ce0b3dcc1ad37f548cc8033e5ace3e64450a9616e9ba33d8cd2bbe5f2bb743e87dce7c2ebda28f97f6b8e5334500338c13f73280c4a6fa577087cf9af3893,CLEAR,DAYLIGHT,DRY,IMPROPER TURNING/NO SIGNAL,2.0,37.5,2.0,2.0
133ce8ac0156800617805397d862ef8a081ac3a84fd415198fa3c3f2819af44dbb93853422455f5e84d1726500827b9c5caa278ef3ba84884fee1a617d37e4e5,CLEAR,"DARKNESS, LIGHTED ROAD",DRY,FAILING TO REDUCE SPEED TO AVOID CRASH,3.0,39.0,3.0,3.0
133d07337d546bf80fcb780bb1580fc1ae336987e4de7f3a0e7d2ee496e8f0be879aa66bde2ad36a765e89a240e90a48ef70e611d2f61ea4e04965944a57bd2e,CLEAR,"DARKNESS, LIGHTED ROAD",DRY,FOLLOWING TOO CLOSELY,1.0,36.0,2.0,2.0
133d0774f2eb0618237a9494253b4baaf6075b78ec008b6f5b0f60ba5537bf55a333f3645dffa8eaf67d0db273ef48b04c109880feed7126b6cacfc47ad0341c,CLEAR,DAYLIGHT,DRY,IMPROPER TURNING/NO SIGNAL,2.0,26.0,1.0,1.0
133d1f0848f12bb8938fd079c47bd8058fd9c93d38729b00470ea8c19487882dea0cc7671d97a08fc53624c3bb3587e756008e0bc12db7fa99e5b24cec5245fd,RAIN,DAYLIGHT,WET,FAILING TO REDUCE SPEED TO AVOID CRASH,3.0,47.666666666666664,3.0,3.0
133d21c684fe8be32cce4b8e83788c1cbb996668b16b9e06f02efd9b091af7453390fb84afc0253bc1fce61ae21bb75d4985e365a7ee06f9b9b5377a2f0cc2f8,CLEAR,DAYLIGHT,WET,EQUIPMENT - VEHICLE CONDITION,3.0,35.0,1.0,1.0
133d26a1179b3b30c8af7f218c0dc76cee1abebb75a475e5e69995aa4c5bf412eb6ccfb83fa5013a36e965e0a6f07222203d68476ad1f04b1b3cb3ca9e872fc6,CLEAR,DAYLIGHT,DRY,FAILING TO YIELD RIGHT-OF-WAY,3.0,24.333333333333332,3.0,3.0
133d5be7e7d53118017104ca58219064ae49a0dde1bc37fe4cee1cdc654bfb45f5fb341ef73b2dd9dc03db1a7a723ac62c175faba412c137d2b7198089397a0d,CLEAR,"DARKNESS, LIGHTED ROAD",DRY,"OPERATING VEHICLE IN ERRATIC, RECKLESS, CARELESS, NEGLIGENT OR AGGRESSIVE MANNER",3.0,22.0,1.0,1.0
133d5d1d2abc37c537cf9e7752e86d6520d9b4cbcd9f89fe1ec13765160a5c6acc88c5fd842cd128c938239755acf41eae797bf673e2540bc182922e2f4b2621,CLEAR,DAYLIGHT,DRY,DRIVING SKILLS/KNOWLEDGE/EXPERIENCE,1.0,37.5,1.0,1.0
133d6ea45433c9b825db09ccc6dd962ae31bfbfc7cc6884fed1633821c48561869789522a04a5f1ab81fd64cc47d781e06ac94df8901e878ac92f8557ea2a7a8,CLEAR,DAYLIGHT,DRY,DRIVING SKILLS/KNOWLEDGE/EXPERIENCE,2.0,38.5,2.0,2.0
133d792375ddb03ddaf88c394c1f448809297ec66c75c8e92cd33a8d2d91c24d44bca680e6413a07091f254f5a04d866742f6a4ae3d86626731e70e72713c3bb,CLEAR,"DARKNESS, LIGHTED ROAD",DRY,IMPROPER OVERTAKING/PASSING,2.0,28.0,2.0,2.0
133da498574237477ca55e0a93410c3641c467fc0869603ab9eb7edca974216d88738213ae695e4d0ff05acf210f24b47e12e78d1a234ef8daf4bd41f078392b,CLEAR,DAYLIGHT,DRY,IMPROPER LANE USAGE,2.0,48.5,2.0,2.0
133e1c025bf90ce03daf6df2c0a87e0242f795624b76851677239346dcb016fb4721b316e8d017a3309036dfdfee706f213a0f0c49199000a461ad4f99988470,CLEAR,DAYLIGHT,DRY,FAILING TO YIELD RIGHT-OF-WAY,2.0,53.0,2.0,2.0
133e68543252335b3558587af4b684388eb5b9882f46cbe9ac9a03dedeb389669a7aef73eee06284780a356468a0fafb43b24928aa932d4b2e1dd8d7f4f58af8,CLEAR,DAYLIGHT,DRY,IMPROPER LANE USAGE,2.0,42.0,2.0,2.0
133e73fd034be88a34544391c39408a4723214d3921b5329ea353186af40a95bdbbebd6e7f6c2f168448e2d08f5102065177a80830bd2221e0f0199fd69d5ae1,FOG/SMOKE/HAZE,DAYLIGHT,DRY,IMPROPER OVERTAKING/PASSING,2.0,58.5,2.0,2.0
133e81a107d132cea0d6772cb4c3247c3d4fe6be054bf17419ea5ca041f4618622eb9661f3f21772bd70dfc875b1fcf9ff2a9b2704f103290fbacac622c59d5b,CLEAR,DUSK,DRY,IMPROPER TURNING/NO SIGNAL,2.0,22.0,2.0,2.0
133e90af5697a41f5f68af8bba93f4f576155c8151aaf9e7e6b4c100aebc4f5a97b7dd38530eb84ccfbedb91f7497f7716c4228e63921ae76a266cff63eb63d3,SNOW,DAYLIGHT,DRY,DRIVING SKILLS/KNOWLEDGE/EXPERIENCE,2.0,56.0,2.0,2.0
133e9318d9aa597b87d09ad8767aedf6c80914b34b06a79eddcc45830df5828982aeb152f746a0f78e6fea5fb3947a9d2b82c30152afdf8fc40f1a2056544cb8,RAIN,DAYLIGHT,WET,FAILING TO REDUCE SPEED TO AVOID CRASH,3.0,37.5,1.0,1.0
133eacd1467fb4bfc3b94912cd36d9e124eb69e61b819d22bd8d55fa04520ea948fef4687cfdaddf26145be97185a1b2bb38653b86ad15e8ecbbf6e992e84328,CLEAR,"DARKNESS, LIGHTED ROAD",DRY,FAILING TO REDUCE SPEED TO AVOID CRASH,2.0,40.0,2.0,2.0
133ecb008b4e207b8887ae7a749a5f73a6894198bbb093c4969a6dc0c910a7901746abf3f57fb16942a64afa8b140a9afd4e8a0d31a2c0cdad9c754127f3bfeb,CLEAR,DAYLIGHT,DRY,IMPROPER TURNING/NO SIGNAL,2.0,59.0,2.0,2.0
133f1c369265c31815654f06039cf57b1f4f1d45b64d7fc032d98854ab49a43aa13b59bd341b1e133ebd309d7de9f4d9d590c96e7f53c285ffc07bbf43ed938f,CLEAR,DAYLIGHT,DRY,FOLLOWING TOO CLOSELY,2.0,37.0,2.0,2.0
133f26c6e52d5929261ca18d44f8c9dcd97a2102464655cce9db4308e967ab541d0af213a7b4abc8c662b67e35db92c254a1a3aa319c170efde0ffc18c3e45b7,CLEAR,DAYLIGHT,DRY,IMPROPER OVERTAKING/PASSING,2.0,60.5,2.0,2.0
133f497ea6c36c17ae7e152cc5cfaf2e2e64b12fc9cf57d31f03415d7acb129d973fb838747ffc4f9691a25f33fe134d5adb5cd071e034267b4de633f5621b99,CLEAR,DAYLIGHT,DRY,FOLLOWING TOO CLOSELY,2.0,50.333333333333336,3.0,3.0
133f55bf82e9401649a4ff1e3720953c296d2b17af91bcbd00b2fbb851ec6d9fa84131bd101be61d864e4cce20b239613b5aa57265671d7de173464666bd3f57,CLEAR,DAYLIGHT,DRY,IMPROPER TURNING/NO SIGNAL,2.0,26.0,2.0,2.0
133f825fb605089895ff09baf826bbddc29ac1ec90e741564af9880978eaf24d8ce25424b0e8940bd8a708a5d4efb544c3e9125b92fb87ad7c62fbd2bd864c51,CLEAR,"DARKNESS, LIGHTED ROAD",DRY,FAILING TO YIELD RIGHT-OF-WAY,1.0,43.0,2.0,2.0
133f835b79569fff4ff1ba21eb2ce730297aa76584fc9594690645853519fc2d7296cbf626fafddff5645e82ef56314c50089626f71461c387269e027e040aef,CLEAR,DAYLIGHT,DRY,DISTRACTION - FROM OUTSIDE VEHICLE,3.0,22.0,1.0,1.0
133f89e308afb7c70084bb4d66b2b00a6487282fde2a1f68785214c0186680e56cf4925b493dd7ee19a5354d7a3474686b5821100854d64b9eeb9bb04296f0f7,CLEAR,DAYLIGHT,DRY,FAILING TO YIELD RIGHT-OF-WAY,1.0,70.0,2.0,2.0
133fe238dd43bc9b300d03abad833c5898f0a5c174816fe4617519dc4ae9c9c38357c9d7a0f8812e6fe491711ed551101e57386584ae8f84f8ffbfb02b7a090e,CLEAR,DAYLIGHT,DRY,ROAD ENGINEERING/SURFACE/MARKING DEFECTS,1.0,65.0,1.0,1.0
134019308e3f9176acf2ff17aeb5e2bae85252a6684b2d4a008ec5ba222e4889eb8339b39a1adf88ac8a68b7fa4c0d9decf3fdc1cf8980683224cefc28b23c24,CLEAR,DAYLIGHT,DRY,DRIVING SKILLS/KNOWLEDGE/EXPERIENCE,2.0,28.0,2.0,2.0
13402324b73f0ecd6fc1b68d6025322fb8b9ac415c6522a6213fb79f974c45f32d23616a6c3ab8924fddaa31311fb8b7cc3bcced778f2cf3b179b88fd3c3128e,RAIN,DAYLIGHT,WET,IMPROPER OVERTAKING/PASSING,2.0,32.0,4.0,4.0
1340315cf5dcb18c0e316935bca5e0214befc6ef5373c922f5bef5d51739f98958ad1de4041161d9232a64939f7b9dbd3737ff11305d2cd9a8afa57824ec6aa7,CLEAR,DAYLIGHT,DRY,FOLLOWING TOO CLOSELY,2.0,25.0,2.0,2.0
1340403d7d2086486828f4b2858eb69862982802624467c14850fa8548594999b8a1a301588253db3e1db8d9cd94909367b9beec24a80237dc958129c8717f8c,CLEAR,DAYLIGHT,DRY,IMPROPER BACKING,2.0,37.5,1.0,1.0
13405e7e180ef3f431565c542a454f5cee6173ad995bfee345175f693acc69af69f2544b9d52d584f165fd21e2f39c10d2d929d21c9b96b3904fef2bc40dfc9a,CLEAR,DAYLIGHT,DRY,IMPROPER BACKING,2.0,37.5,1.0,1.0
134078378c9e7caec4cee193527667841d7a17b4ff4a8e974442994ac482bb1568573ab86de3b2b0306395a221780745cb21c02ce0a08b1ba200233431441bc7,CLEAR,"DARKNESS, LIGHTED ROAD",DRY,DISTRACTION - FROM INSIDE VEHICLE,1.0,20.0,4.0,4.0
1340cf6a0cd40074a74517445e94be5f3d2b4bbbaad6c21b2b8db7f893fb6a781dcbd7dddf5fa7312b873a5588086e1dfce90dca65a98abd8d12741f98bf8019,CLEAR,DAYLIGHT,DRY,FAILING TO YIELD RIGHT-OF-WAY,2.0,30.0,2.0,2.0
1340d7f05b8c87894053c44cfcf8568a60bc19cbb0362cb1d015ac76bd442481d0ec9860c779f64f39be721af3675fce1c46f0f58011f66d1ad0704ac7f61df3,CLEAR,DAYLIGHT,WET,IMPROPER OVERTAKING/PASSING,2.0,20.4,6.0,6.0
1340fbcac6c42a903b78dfeb3d16527bbe3e5d51f75760ea1c2727423b88f35abc2080ab374190b4fa4ab63d0da22e1ad3c264064d2a542e19e4c574903b6c25,CLEAR,DAYLIGHT,DRY,DISREGARDING STOP SIGN,2.0,61.0,4.0,4.0
13415bb9731fa27c442677dbdc1f89d6cc4e30e3ebc22fe232619cde616b88f484efd5ad4b46f45b0fea70247a4b28ee1792f29916a4e6b3b64c327e7f232901,CLEAR,DAYLIGHT,DRY,"VISION OBSCURED (SIGNS, TREE LIMBS, BUILDINGS, ETC.)",2.0,32.666666666666664,3.0,3.0
13417b8be7e6b4e6017f60dc4cbe2d5699933f1fbfa4d8609edbd2ffd70d784ab9e987f0ce316f21e5b2da0de224e602cf75912e597f8ef569bc6e8242c9e036,CLEAR,"DARKNESS, LIGHTED ROAD",WET,IMPROPER BACKING,2.0,49.0,1.0,1.0
134191bc1dc596e1338af1776757693d4e544e83effac843223c23d4e89c425d85918376f1f3230f55bc8565827da94078884cd2d5c3b7e7d73e5b166f314fd0,RAIN,DAYLIGHT,WET,FAILING TO YIELD RIGHT-OF-WAY,2.0,39.666666666666664,3.0,3.0
1341991d09277aa3c220f87732bca73038cb1e9f65cecc5bd0f51abb7593a18a3dae5d4c85aa3dc2516581ba7b64f872cdad7d6d4da16a5e9e941c87529b1fc8,CLEAR,DAYLIGHT,DRY,IMPROPER LANE USAGE,2.0,42.5,2.0,2.0
13419f7e489ab2b0aae51559d1338a08ad2a336ad1623a43fd5582c96791d7435713697fbe9b70bb8b50abc484a609d2344745fe295c54db538fb07363663d0c,CLEAR,"DARKNESS, LIGHTED ROAD",DRY,FOLLOWING TOO CLOSELY,2.0,32.5,2.0,2.0
1341aec81ec92c87b558f95aaa01dc3e2971022dce842cecb4403b70d27e9aefba967770d173f02852593c00a78c9e5b8435f8402c05d10967c70b5a780130d4,CLEAR,"DARKNESS, LIGHTED ROAD",WET,FAILING TO YIELD RIGHT-OF-WAY,2.0,32.5,2.0,2.0
1341daa376f4e526169e948873ae2f61ab73b39c084e98fa8e98875235ba15f4b5ae4c819140d41e1d933aef3d19812d417ad5e32feb11e9bf8b476b69fa2816,CLEAR,DARKNESS,DRY,FAILING TO YIELD RIGHT-OF-WAY,2.0,43.0,4.0,4.0
13422bfc561e3baf738546a3677b865ea8e14f1b8acee403170d6615abcff523ffb1157d3babb0bb48353990d90f5f21a5c94769af5f1d1913cfa3c92e5a99c8,CLEAR,"DARKNESS, LIGHTED ROAD",DRY,FOLLOWING TOO CLOSELY,2.0,37.0,2.0,2.0
134278ee307b67a217f4a50e9b188ac0c261875d17fde49a7e027a63c23fa553db9e2d003a404fddc68061d10ec40690c83f97229a5b7a45d3154f09d9ac13bc,CLEAR,DAYLIGHT,DRY,IMPROPER OVERTAKING/PASSING,2.0,65.0,2.0,2.0
1342fac85043660cbf621054c51f1932c2066588e39c5bdfb56da044d5352eff383807a62ba665086818daee262d2900758e787fe19dd064da0745e484275944,CLEAR,DAYLIGHT,DRY,IMPROPER TURNING/NO SIGNAL,2.0,37.5,2.0,2.0
13432387c57b094873bd56d6ae760a49965d7b113237a2075783d47701feeb947c488dc1c7612fc5066d0582024a8f797c8cb2587366e4a7c460f6c954f5c59c,CLEAR,"DARKNESS, LIGHTED ROAD",DRY,FAILING TO YIELD RIGHT-OF-WAY,2.0,31.5,2.0,2.0
13433b62e593c990639ad306faa86adfc3b903d6d7b553a46d8e2173d493ab358cc4ab0d31bd90d172b1de526a8f2559ac8cb74c46c606ff2044622528a8293f,CLEAR,"DARKNESS, LIGHTED ROAD",DRY,ROAD ENGINEERING/SURFACE/MARKING DEFECTS,1.0,45.0,1.0,1.0
13433b7579b8d9ba5f775e34bfda8bb3b1e0bb484928a87ffef4224a260a61b7f3a72a01705059f2dc8af63b3b64e7b411eed2f6c788906dc4bf5d35e8542967,CLEAR,"DARKNESS, LIGHTED ROAD",DRY,IMPROPER LANE USAGE,2.0,37.5,1.0,1.0
13433e8279731b64d4ffb692967eca88fef87dfccee55d930c4a223d48f30c0a1a0ed190876f43607bbc8c7f9e5fcfcd7ff336343036e5cb094d695085f7073a,CLEAR,DAYLIGHT,DRY,IMPROPER BACKING,2.0,64.0,1.0,1.0
13434367f39fc712af2e018972f777c38b30f8a1eb54af087e2c0f764cb5dae668084315ec50f1005dfe18040244e580e8449e6df3b3053826f05324190f72eb,SNOW,"DARKNESS, LIGHTED ROAD",ICE,WEATHER,3.0,38.5,3.0,3.0
134370162a6d43833acd1e2f7d55b9470fc18a003467d1c8818a68ac9ce13fe679a856b046a126263d00474f35eea2f041bc36cee1aab83214668e22569006c2,CLEAR,DAYLIGHT,DRY,IMPROPER LANE USAGE,2.0,37.5,2.0,2.0
13438674882172d2f25b524154e51a2777c3bdd953aefe1f114e9a7e9e89b25b0b91c3e75f0aa1f558d0793cfea21c2f22370bc78fc610c9ebf495d182816a37,CLEAR,DAYLIGHT,DRY,IMPROPER OVERTAKING/PASSING,2.0,21.0,2.0,2.0
1343a60a49b1e7cae6fe1c0a8502060c3d42972f65c8f7d9ca29bff92106f97d36437ce242f2568c03a7017c8d674cef012fb2df360996ed1a3f40a93da301b7,CLEAR,DAYLIGHT,DRY,DISREGARDING TRAFFIC SIGNALS,2.0,26.0,5.0,5.0
1343bf4779696a571074dca5d2916348e20a269951ba24bc33098ba68811269d39f025350c85a4071c244a23b45663be9271cc9a54c35253c4e3fc1cca2a07b0,CLEAR,DAYLIGHT,DRY,FAILING TO YIELD RIGHT-OF-WAY,2.0,40.0,2.0,2.0
1343e32adbc6deb2452245f5b246d8db9f5620c31f1a4f0b59b78615451a0e86582579401ed8eae6f3429c8de96f30b9d12a8a91c77c9d3e59f0f8d62ffbfdc2,CLEAR,DAYLIGHT,DRY,FAILING TO REDUCE SPEED TO AVOID CRASH,2.0,61.0,2.0,2.0
1343eb3a57a8bb6b6dc046ada1ac224d278b7679cf42ff7d1687a544643d7081b345485fbdc0d2ba39aa61585e97c67fcef0439a4def3c7d106d1b9606835786,CLEAR,DAYLIGHT,DRY,EQUIPMENT - VEHICLE CONDITION,2.0,34.333333333333336,3.0,3.0
1343f03e2427fa27092a04a999ac8d561d693fcb625931f25c0d3023ae595c67ee498e35797cc65dff679b4e04da1ef269e3e8ba3c54fa5a6abaa7c48f5cc6be,CLEAR,DAYLIGHT,DRY,IMPROPER OVERTAKING/PASSING,2.0,27.5,2.0,2.0
134401e16ccb1598cf324efe316fbeb1888052c79874c81c931243157fb15df89d9852feee97d8965bc6cd396634f81b8972ef3da136c0b8f61d7367fd6f473b,CLEAR,DAYLIGHT,DRY,FOLLOWING TOO CLOSELY,2.0,34.0,2.0,2.0
13442017592f3ddbd33d4f165c379b9426327bcdf5820b2cfecf5471c352307678fbf2b9c8490fa032f189f621b1e41d28bc08d05d80dc6b784b0a70370ddbbc,CLEAR,DAYLIGHT,DRY,IMPROPER OVERTAKING/PASSING,2.0,24.0,8.0,8.0
13442ab80ea7bc25126e72e46927c8b405f1da272a62b6a686653670b9e070ab5f5a61538a27af2f545f3fcf2fb5ac5689fa9bc9d0df4b07bd57e441dade4727,CLEAR,DAYLIGHT,DRY,IMPROPER OVERTAKING/PASSING,2.0,35.0,1.0,1.0
13443187e0703a0d81925e1b2b748e1f1045ccb9bc7cbbeec66d7120c33cfd409a9459bf7ab682ccbc45ca2d58da8200f8ca60a9f0976c46f28d1ef07e365750,CLEAR,DAYLIGHT,DRY,"OPERATING VEHICLE IN ERRATIC, RECKLESS, CARELESS, NEGLIGENT OR AGGRESSIVE MANNER",2.0,20.0,2.0,2.0
13446010f6d7f9fbecdcddfc4248a4618f59cc2fb3a7242b46eaf8c000aa9ec938a23e4d5eba344637d343263f4d13b6e134595aa932038daa564f0330dbd21e,CLEAR,"DARKNESS, LIGHTED ROAD",DRY,FAILING TO REDUCE SPEED TO AVOID CRASH,2.0,30.333333333333332,3.0,3.0
134479b274358bc1fb5f645b53a19b5b82aca5c2c88dd45076eeadbf0a6d1fee49152defcd80174ecfefcfb3029428b47f0ab2cf6260e3b3f6428c9200b63eb8,CLEAR,DAYLIGHT,DRY,FAILING TO YIELD RIGHT-OF-WAY,2.0,35.0,4.0,4.0
13448f6a52ca426a0c3ada8616b89e353fb33a855691fd125ed3f0b809584163925e398c200fe88c1e39396142a5c7ca61cb461cd79012aac09c8635207f0e40,OTHER,UNKNOWN,ICE,WEATHER,3.0,48.666666666666664,3.0,3.0
13449657e80cf22e7f1c8baa38f89f8c8c5b5e7019616ff6a16d162a05966ae5405dd9984eaf015001fbd4bf422612a27ac4c1f3f6b657e4cd520154550ffaaa,CLEAR,"DARKNESS, LIGHTED ROAD",DRY,UNDER THE INFLUENCE OF ALCOHOL/DRUGS (USE WHEN ARREST IS EFFECTED),1.0,24.0,1.0,1.0
1344c68895e0380c4da8089ee7285ebdcd142034d3e52ed82fadb4eac50f071e583a808d41a16905ce9aa1a5050f005f4304b3800ba6128db0b8cced6fa54413,CLOUDY/OVERCAST,DAYLIGHT,DRY,FAILING TO YIELD RIGHT-OF-WAY,2.0,23.5,4.0,4.0
1344d2c2d3208c1965c24fe74655971cd7c21ca116f92e5d14d7a08c7b11a1ed18b0f7a452048c4e4993236574bebfddf73329a88c6b2d70e5b4922b0133855a,CLEAR,DAYLIGHT,DRY,DISREGARDING STOP SIGN,2.0,28.0,4.0,4.0
1344e8988eda2b146c888da98a14cb2e5c09e6bd47eda55e1e9bf21b8fd8d982ad28d86b1ee3cec9a5e9c6d3f5d5793aa4ed6fa0917afa29e9a1bb5f7cadd0ff,RAIN,DARKNESS,WET,FAILING TO YIELD RIGHT-OF-WAY,2.0,25.0,2.0,2.0
1344f9fe29be8f9a6018a57a5ce9e70341293cac4d74843b14db7fb8a5a6ecfda711d5854422332958acb78d1010bc98c43860d32701e2593e2f74e056a7f987,SNOW,DAYLIGHT,SNOW OR SLUSH,WEATHER,2.0,36.0,2.0,2.0
1345032ca2592abebe69bddc53a902133b41ecbce1a6a018d98426b2fe3053cfc4876cd01b990396c494f00555ca84a6bb29cf60aba520479396367764e3aa80,RAIN,DAYLIGHT,WET,FOLLOWING TOO CLOSELY,2.0,54.5,2.0,2.0
134504963cde3bb3d28bbaeef4828972a0672e7a71e37a959712241f79d5be64c8ec423f2f6d2374b6fc8e69a227bb5d9c677a6b68729964823a9bfcb5f99f05,CLEAR,DAYLIGHT,DRY,IMPROPER OVERTAKING/PASSING,2.0,38.0,4.0,4.0
134505cde58397c378effa3f25e248684efbc1f4215a2ee30e95a8de534867714a81c885b1bad0e9c46c8bea7ee942d8f354966011406ecc63c82cb7ab5f736f,CLEAR,"DARKNESS, LIGHTED ROAD",DRY,IMPROPER OVERTAKING/PASSING,2.0,29.5,4.0,4.0
13452061cf52d073d5720fbd6f0c9ee3b28ab5a86362b98f6398e3642a4ed2635bccdb0c5cdb1dae6b84795c54865211a0cc16f986d04f7cfe742df0677c700b,CLEAR,DAYLIGHT,DRY,FAILING TO YIELD RIGHT-OF-WAY,3.0,39.666666666666664,8.0,8.0
134529eac92e84fa22c3e856b07428847ead7f034def24dd5e4436074ece5e838f2b06328f4f3208ce8ad9872ade95d37346603be50b4bbd457d9f7ed6c557e0,CLEAR,DAYLIGHT,DRY,FOLLOWING TOO CLOSELY,2.0,17.0,3.0,3.0
13452ca8739a59110a1143ce0f5a64270a608443ec98ab3aae3d5f7384038295fa5e59b9a50093ad13186d1ee186a1b9f1b4c84c16f80da68188cfa1adc136ed,SNOW,DAYLIGHT,SNOW OR SLUSH,FAILING TO REDUCE SPEED TO AVOID CRASH,2.0,56.0,2.0,2.0
134533c5716d8bc49aa77c34eedd7ace77180950bb96a32f646bd30d3468fd9810009978873cfaea99398fdf3818e3b21a7b975bff682c9942f4613d99342b2e,CLEAR,"DARKNESS, LIGHTED ROAD",DRY,FAILING TO YIELD RIGHT-OF-WAY,3.0,37.4,5.0,5.0
1345379bbaef768ad078f093229a1046ae871f6035cbbfe83c0a093a5be1b3b8146d284701951df86fe05f052f282ff8f2c2bc6c1ae5b1e9dd5f344f3263f129,CLEAR,"DARKNESS, LIGHTED ROAD",DRY,"OPERATING VEHICLE IN ERRATIC, RECKLESS, CARELESS, NEGLIGENT OR AGGRESSIVE MANNER",2.0,32.333333333333336,5.0,5.0
13454df0668d9e57d7be46d1d4e9999f89ea9a6b6956e7f688e477b865cf215f2e014da27f0db9c84ae96ab8533ee560b098c75d5cca86e1f6a56d1d95ded18f,SNOW,DAYLIGHT,ICE,WEATHER,2.0,21.5,4.0,4.0
13455ca534cdd088d4d18c86c86f9c112b6ce065652508b18c1741a3c54df50ae31fe6863815a4f511d8de63bf05eebd409c5c495910ac24a1ae6d57b275387c,CLEAR,"DARKNESS, LIGHTED ROAD",DRY,IMPROPER LANE USAGE,2.0,40.0,4.0,4.0
1345e369f4f6a2bf96e31f8a8662dc45cb59723b9bfb3f6ba6d53d3caf559cdc26b38c279c2b63f5b460737e0703f3ec8f8dae2ef0233c7bcf2ee62f9446bf75,RAIN,DAYLIGHT,WET,IMPROPER OVERTAKING/PASSING,2.0,34.5,2.0,2.0
1345f9ec14d90aea11057b85a0a7cd3edef36c08d97564919e55786c5870a4300bd2ac2226d444868d147d3e058dab8bc24e438d840cf20bbac76a90807ff2b8,CLEAR,"DARKNESS, LIGHTED ROAD",DRY,IMPROPER LANE USAGE,2.0,22.0,3.0,3.0
134608ce724976d9173d9b6aad925a90fe6780060df0e08e268ce113c722676fcb5c7fe62258d9d5284d8c635cd0755aa0869d07c2a345213a811beb39359556,CLEAR,DAYLIGHT,DRY,IMPROPER OVERTAKING/PASSING,2.0,25.0,2.0,2.0
1346209e53ee583452caf1750bb9208833e743df388f8053bc364d7b4b6d55d74f4d752337403b5d018045b6ec2d3d72df28f0ad6a92b708405c5a2c739e2e93,CLEAR,DAYLIGHT,DRY,FAILING TO YIELD RIGHT-OF-WAY,2.0,55.0,2.0,2.0
13462a69a4cb9110ff6c4ca36f1f63a0f30759525651c178a792da17bae85261ccb710a0cc5dc6dff0aa427a18651f30e88c6786a6f3a922c806d7d20c691d0e,CLEAR,"DARKNESS, LIGHTED ROAD",DRY,FAILING TO YIELD RIGHT-OF-WAY,2.0,29.0,2.0,2.0
13463d8b076d53ad9e617f82f28bc16ae29986b6c44ecab8427d83b2b1c30d9c331e692a418fefbf0d563b98c72a173e01c00f4b32c8e2eeed0a7dc99277b473,CLEAR,DAYLIGHT,DRY,FOLLOWING TOO CLOSELY,2.0,53.0,3.0,3.0
13466446e746416885cf73a057e8bc10d53c0606fdf95ae3f9223591bb2e7dcd99c0a7e9af8ccc2445bba35764778a72990d7896a6899bb1952a4a2c91d842e6,UNKNOWN,UNKNOWN,UNKNOWN,IMPROPER OVERTAKING/PASSING,2.0,23.0,2.0,2.0
1346985913e619af04aadaf60909af075e7755ea17421e70d6b8d91da929cc645e167751ac8b4665f5be07937e5238fbdeb99c8f93631c1b8c6d3c1158f5435c,CLEAR,"DARKNESS, LIGHTED ROAD",DRY,FAILING TO REDUCE SPEED TO AVOID CRASH,2.0,19.0,2.0,2.0
1346d8ff009b4cde4fca89c4843926a285dad4bcbeb1dadefc233d04c74546c497a23bc8ebdbe7c98dbea2319e1596e39377a2d44d464581ff47132053123396,RAIN,DAYLIGHT,WET,"OPERATING VEHICLE IN ERRATIC, RECKLESS, CARELESS, NEGLIGENT OR AGGRESSIVE MANNER",2.0,37.5,3.0,3.0