crash_record_id,weather_condition,lighting_condition,roadway_surface_cond,prim_contributory_cause,total_vehicles,avg_driver_age,total_people,total_injured
1346e07550f87e03d6c532e1c248830f8a55fae715d50b5785dda731ce0ef4d12e8617d3811271a9f3c134b51c1167e2c5c3d4c9bd48f98414e8b9bdbf1a569f,CLEAR,DAYLIGHT,DRY,IMPROPER LANE USAGE,2.0,37.0,2.0,2.0
13471d739dca97b970b77203b09b9a8fb0ad1ac36d00d33422ca6523dc15a3c3d1bb08a576f1208588bc6f0eb95a6e41e92365c7302c13fea029cca862158f78,CLEAR,UNKNOWN,DRY,FAILING TO REDUCE SPEED TO AVOID CRASH,2.0,23.0,5.0,5.0
13473e43920ba45e54145613e9b9dee4803b56f8f23aec5effffbcc1ca5b645dee7856cf20e3bfd17977fa1ae16fa851b805202e714b34578e28c52965529d1c,CLEAR,DAYLIGHT,DRY,IMPROPER LANE USAGE,2.0,46.0,2.0,2.0
13475d788a78671cdf357edf96a43d09de46cb9ddc321e00f5f92ec4cfdc097f34a060098ab798dad6cd0ec408173cab0c9817993f11aa177c99bb661604c4ee,CLEAR,DAYLIGHT,DRY,IMPROPER OVERTAKING/PASSING,2.0,63.0,2.0,2.0
134764032fac4f6bb8991ee71a0ae6fa6ae0b36f7c1d4eb56a3963b36c04b9abc93ce5e5d23ad6d6603753c1415e436bec26bff94a04ae4361b2f3ac045c7038,CLEAR,DAYLIGHT,DRY,DISREGARDING TRAFFIC SIGNALS,2.0,24.0,5.0,5.0
1347893ed440d8a321820cc4d170325c1dbc2d82f1b2f538c6675fc91694709a0cc722169c48e6798f018cd5c17f6ca4c885c9a1a915733dcfb1caecc3b35e16,CLEAR,"DARKNESS, LIGHTED ROAD",DRY,EQUIPMENT - VEHICLE CONDITION,3.0,22.0,1.0,1.0
13478af65b34367b2f1fb68ab8ae273db72dd88026651b99ecfa782b7397789d19f9794f334144508ea365974925b8b3a7b6147e0b72ec0ea5ad6ff7d59c46bf,CLEAR,"DARKNESS, LIGHTED ROAD",DRY,FOLLOWING TOO CLOSELY,2.0,34.5,4.0,4.0
13478d6fb56af9a69af1ad77140527369bcae723f596b43bbaa73c3321947864df1e29d27a8bc3d28cf1ef32f1f235009521ef5ae84b8021113f8b6ae47772ca,CLEAR,DAYLIGHT,DRY,FAILING TO YIELD RIGHT-OF-WAY,2.0,38.5,2.0,2.0
1347a0928eb4ebf35d8259854f1ca54d9ee34d5bf0ac5451dd16756ed05e2e6d28139de653e825871e5abac3f2f2484cdf9853b00df19f21fd71207dfd05c4ac,CLOUDY/OVERCAST,DAYLIGHT,UNKNOWN,DRIVING SKILLS/KNOWLEDGE/EXPERIENCE,2.0,41.0,2.0,2.0
1347abeb20728b251c4f8050752cb54091127d64fd03c71ae09a922698189f55bbbd3df10d94eba5873ffc721bf38e96deed9e51ac3ec10676aeace5eaae88f7,CLEAR,DAYLIGHT,DRY,FAILING TO YIELD RIGHT-OF-WAY,2.0,67.0,2.0,2.0
1347ad5784b68482c3221716ed88189bc2ed2278f0f545519f113a900f93d2e85e7dc810e5378713638613d21021906588ba01f4900269fdb074f8a334062670,CLEAR,DAYLIGHT,DRY,IMPROPER OVERTAKING/PASSING,2.0,46.0,3.0,3.0
1347e08e86c292f4abef8857adc13f259de2749fe028eefb2b4e8e590fb78add32eb942a45bdc7e419a6f2d33430eeb318cdfc0a2026656a9b884611ccd66dcb,CLEAR,DAYLIGHT,DRY,DRIVING SKILLS/KNOWLEDGE/EXPERIENCE,2.0,37.5,1.0,1.0
134840db7dff1901e5fc303e5913fee9beeb0a6ec08fe310f2c46331b9e22bee8caa076c51e456c47ab8224a5ba664092231de45f7558b34abbfd7f840afd213,CLEAR,DAYLIGHT,DRY,FOLLOWING TOO CLOSELY,2.0,46.0,2.0,2.0
13484645a3e7baab233932f71c7befb4ecadbcf605065acba84cd1d9ce6c44dca4073c3a9cbe763a1ef7dfe84563970f44f3e64569a9699fc7b9e0d98251bb6f,CLEAR,DAYLIGHT,DRY,FAILING TO YIELD RIGHT-OF-WAY,2.0,47.0,2.0,2.0
1348715588b2880cc46e514cc75a5eaa11b9a1a0aa41166bbf61d6dd2c644160561b30c08010a17576a1732b75663513937b505f61651a22f71a0426c4671163,CLEAR,DAYLIGHT,DRY,DISREGARDING ROAD MARKINGS,2.0,29.5,2.0,2.0
1348786d66a37d7f0150a6a91e84a1e775dd03be7110467c82a963cb82c83c221b3ff5f120106ac41bdbb1c07385e7f07fbf4b902a3b60a6b8fc59ddf394c572,CLEAR,DAYLIGHT,DRY,DRIVING SKILLS/KNOWLEDGE/EXPERIENCE,2.0,29.0,3.0,3.0
134884af47cf85bb9b6347e4bb037c196bd54c3b06de2efce25caf2f2fb8666271e3cc10bd994032df8ca826d8b5b7cb6da33d216c1ef2f7b835e7630f4df3df,CLEAR,DAYLIGHT,DRY,FOLLOWING TOO CLOSELY,2.0,30.5,2.0,2.0
134890a13ced196ae6c50e170e788bc6edf290d0dcdc902fc586c9ff14df1735b7593af4fa925e1fad2005a581d13ea9a4e2b5564a24dc7097ca0f184bc68455,CLEAR,DAWN,DRY,IMPROPER TURNING/NO SIGNAL,2.0,27.5,3.0,3.0
134916c407a16fcdff063d2bb585faca0300e5d4ef6b9fb9b96e04245b09e16e63f1ddf64b8ca51b16e0abd37bd597894fb245d2dfc4b3f230fcd9cd08c4dff9,CLEAR,DARKNESS,DRY,DISTRACTION - FROM INSIDE VEHICLE,2.0,37.5,1.0,1.0
134927be1f6716cf38e1ff322290eb5627380b799c95a6da8dc86a040141ab159597be8abecb06e10372ae3adbbfebde36d9faaafc6045ce2bc8ca18f9884309,CLEAR,DAYLIGHT,DRY,FOLLOWING TOO CLOSELY,2.0,54.0,2.0,2.0
13495744b6eb343d1a5f9feedeebe43f5d81c205da9ee63457584dbffb6a7b04dcf2fd858748be0745c4c3aeb99b1c737730ca7a9e7db7103025e4ff66322712,CLEAR,"DARKNESS, LIGHTED ROAD",DRY,IMPROPER OVERTAKING/PASSING,2.0,37.5,1.0,1.0
13497319fd61f1e22c86cf0c279748f09c410952bb140853632637f546ad13bdde1ecf4fb61aa267739fa7c6831c5e386694aeb0940037a307944a0fef7d6f11,CLEAR,"DARKNESS, LIGHTED ROAD",DRY,FOLLOWING TOO CLOSELY,2.0,60.0,2.0,2.0
1349808cc177ab3d72620584a34d461bbd4a2ba1729de802d5384543e7d5c6eb72805bab09869f553544373b8de5809bb3a107ca84a7df098531613f528f9059,CLEAR,DUSK,DRY,IMPROPER LANE USAGE,3.0,24.25,4.0,4.0
13498298451984c1b58e9a53697d178051103a252887361a5c2d39c5e7538f87b6e5b147dd3e38b64d335698e5dc9e62b48113194e3eb629f17e0747491ff79d,OTHER,DAYLIGHT,WET,WEATHER,1.0,37.5,1.0,1.0
134991955bee094452ae20e5f80b0f1631e385b2ce90e42edd8f46062057f164b680b7cbebe9b8b1e5045549970fb84cb2c5bc0613098014767ebcc4bae63450,CLEAR,UNKNOWN,DRY,IMPROPER LANE USAGE,2.0,37.5,1.0,1.0
134993211ab17d9dbb6ec152e1e28c5eca7acee9ab9c7e791f6683b050e34f2a67681919f12784e472b6cd3b9b10e1a937867af1a57f8113c38953418e7d838f,CLEAR,DAYLIGHT,DRY,IMPROPER OVERTAKING/PASSING,2.0,45.0,3.0,3.0
1349a0b04ff1ebcbd6a690d32b319533adb21aab40184207f49460118b13efb10b8eb09a11bd7f437986230a90729f6407974ac379702ea15f54995b22d87132,CLEAR,DAYLIGHT,DRY,FAILING TO YIELD RIGHT-OF-WAY,2.0,15.333333333333334,4.0,4.0
1349c802d9cd106c65da70f66dbc34ee932d6940f080646e819f6651147314cbe814bab3a0f418e8824ab0d38eaf85a681a6ec78781d1555a6671a005ab9e890,CLEAR,DAYLIGHT,DRY,FOLLOWING TOO CLOSELY,4.0,60.5,4.0,4.0
1349ce5a4d0c48b91a8d374e4213f5ad1747836ddbb401e25eab32480248b09be2d16535d0808ee58859c4a9d292ceb120b2334fc00de78dca39f8b8701aa612,CLEAR,"DARKNESS, LIGHTED ROAD",DRY,IMPROPER OVERTAKING/PASSING,2.0,59.5,2.0,2.0
134a56e7bd7a8ff5aaf30a9789f61a48dda7665054055de86fb96e26189479bd4bb6764cdcf4862069cb9d46aadef0c36df6b94f8027c5e4b091dbac874d4435,CLEAR,DAYLIGHT,DRY,DISREGARDING OTHER TRAFFIC SIGNS,1.0,18.0,2.0,2.0
134a73b6793c030d7ff0f14f2c373be5599eb37b26f18deb786d88c71dadcf35cacd78c54efe90e2fa67db665387719408b677eb18a1c6a51b9e0289793ad3d9,CLEAR,DAYLIGHT,DRY,FAILING TO REDUCE SPEED TO AVOID CRASH,2.0,32.0,2.0,2.0
134a793a7362e7a1701c93437aa432b9a64a8bb386c73a521e221c73fd483f8230103949f0edc887cc6a952cbe2f8d061b7e5fcd35efbaef34449a62dbdf4b2a,RAIN,DAYLIGHT,WET,DISREGARDING TRAFFIC SIGNALS,2.0,32.5,2.0,2.0
134a939e34cd10b7461581c491f5c3a07f650153f8260793af06da935a5badd147ae4f48513df199d872903cffdce019a08181fddf642a757142b9885e329536,SNOW,DAYLIGHT,WET,FOLLOWING TOO CLOSELY,2.0,24.0,4.0,4.0
134aa625e0dfb87b2c751d967477b50728ce3ec9945037b3ee1dc239f4baf33f8a0606b46a8a27d3be766676aa2dbfbbc0675d1bd31db02f3b7d5086a114b48b,CLEAR,DAYLIGHT,DRY,FOLLOWING TOO CLOSELY,2.0,52.0,3.0,3.0
134ac0074187588468f4c2450c3027e96da3552d7f68c621e775bcce0396d7fe498a7a8073db8c70e23afb2462a7eeb79a9d230d15186aa935c7cd7d4d38da66,CLEAR,DAYLIGHT,DRY,FOLLOWING TOO CLOSELY,2.0,34.0,2.0,2.0
134ac219103789b7bbfa07963e1d30afd4984c127cb69706a764d1798837ed59767536ed00f848d6e6a32703369374ba8e9fe76419afcae51e4932a950db5680,CLEAR,DAYLIGHT,DRY,FOLLOWING TOO CLOSELY,2.0,37.5,2.0,2.0
134ad300c4f9a36eea7fcfb1857f35bac46819bb77c7080a54d3ebd189b27ac9b9663c0e4743777bb377598f17ad3129bc45621d8575b063060d3d350f3c38a0,SNOW,DARKNESS,SNOW OR SLUSH,WEATHER,2.0,64.33333333333333,3.0,3.0
134af2979b931af46e920712393aa97262a8b104fc0d5c8454eae73a6c52d797639eaa8660e0ba0c352de7ffdf74ef5c8b1bdbc4b17a3b0df44b7a9b991efd5c,RAIN,DAYLIGHT,WET,DRIVING SKILLS/KNOWLEDGE/EXPERIENCE,1.0,60.0,1.0,1.0
134b00213c98f2c71a52b53b281f2d11214300f8193235a80c9f7627ba0209bfea139e852934c85b8fbed7835be074a0fda36ed2aa492e560070cf28f7ddce57,RAIN,DAYLIGHT,WET,FAILING TO YIELD RIGHT-OF-WAY,2.0,35.2,5.0,5.0
134b24a27a88b8f582936394e96341d3010db1265f846714e45a8094573762cfa64e4647fc407e59107b1219e31de14bc4cb4e3676f2773e38961f2e90b59887,CLEAR,DAYLIGHT,DRY,FAILING TO YIELD RIGHT-OF-WAY,2.0,28.0,2.0,2.0
134b525307c1d6346f2da249b36501d07415a6d46966c1df829f86d44b56e3aea7f9ba977b37fa2ef2536394d9ea67b9d3738209140a7923ab12992762be830a,CLEAR,DAYLIGHT,DRY,FAILING TO YIELD RIGHT-OF-WAY,2.0,31.5,2.0,2.0
134b5b7d946e55e03a6724c581e5e3aaceb2e7385f3bc3e505e7847d6fdff9d5b1217f27002f85797e9a61e468a6df889db6246b617127d1b60f4da76bab88f3,CLEAR,DAYLIGHT,DRY,"OPERATING VEHICLE IN ERRATIC, RECKLESS, CARELESS, NEGLIGENT OR AGGRESSIVE MANNER",2.0,54.0,2.0,2.0
134b6d73cf780b5d7c39d29acfd341d726c8e957168c06d1aee4f8b0e9927378985ba016bd53e491b36de5a23853be4a19abf1da759e286b6e1c68e673bc9a31,CLEAR,DAYLIGHT,DRY,DRIVING SKILLS/KNOWLEDGE/EXPERIENCE,2.0,68.0,1.0,1.0
134b79e848d43049921463f3d15d849ded6fd569f098bbc2d6c59fbbece40c9407b5273baf1b22eb05f4ede857c5eced00ef32e2d99ca1443089c8f628b92422,CLEAR,DARKNESS,DRY,FOLLOWING TOO CLOSELY,2.0,24.0,3.0,3.0
134bb0d704fc6249b7c446ff73e6eaf2cc91c86a537bf287af5778c2e30cce5728098a99cc873ed124187d17858e5cae855ddb25f719d8aefff50904322e562c,RAIN,DAYLIGHT,WET,IMPROPER BACKING,2.0,35.0,1.0,1.0
134bb7d41058735615c5cf3f6f6512e81e59bd23070e56bbf7844d0aaf9e1b5b9b4a02878042869bce2b707f8241e6cfa5dec4a7ed5c9bb0ad5115510a105c30,SNOW,"DARKNESS, LIGHTED ROAD",SNOW OR SLUSH,WEATHER,2.0,34.5,3.0,3.0
134bb8d95703f6eccf09028297ac64d4128db9b35ef95eef39f598d8dd4cb68d418884833586d54497731c509bee23829a0e5169a7986036dac1a99e18f73485,CLEAR,"DARKNESS, LIGHTED ROAD",DRY,PHYSICAL CONDITION OF DRIVER,1.0,20.0,1.0,1.0
134bba7fbedfec54be2ab2199cd2e741a8aa68a2d6ddf8962fa54bdd8311467fef5483adfc51bc3a7083bc1af7675389c963860452f256250f5f94d57fbdbd90,CLEAR,DAYLIGHT,DRY,"EVASIVE ACTION DUE TO ANIMAL, OBJECT, NONMOTORIST",1.0,37.5,1.0,1.0
134bc45a556115ba85a113db791ab931fab64356929c848e579fbafa4f51155591c2928fbdebf6f63ca558ad59dc59ee57e0de4f63fea2dbf5c896afb57e8497,CLEAR,DAYLIGHT,DRY,FOLLOWING TOO CLOSELY,2.0,30.0,2.0,2.0
134c028cdaa5cf826ab731da11f6656d1ee4a788006352fb609bc6e0fa09e9c37dcc5e923a8e392db8ffc985874ff93aeb120d5d791d03972001769472c3fa25,CLEAR,DAYLIGHT,DRY,IMPROPER LANE USAGE,2.0,37.5,1.0,1.0
134c25ba7a02f0b7b9b50cf91ea3e17ff25f9f801293b59c4034c3fc1d79366e12d6f1852b252f13ee4ac6bdc36c4a34b2fb46098ac0689c3f03b7cb83b6bfdd,CLEAR,DAYLIGHT,DRY,"OPERATING VEHICLE IN ERRATIC, RECKLESS, CARELESS, NEGLIGENT OR AGGRESSIVE MANNER",2.0,64.0,2.0,2.0
134c2b24cde8676af4a6a28b5362eec18666cc74f580223ad637ef8658b28fbd01613357dd9c5a6314d4adf99cbecf449757c4778dce7819700c89d57f7a7e0b,CLEAR,DAYLIGHT,DRY,IMPROPER BACKING,2.0,29.666666666666668,3.0,3.0
134ca16f4a80c6485c1b5debaee5f0bb3cd87aaa4684faa0dd64188353091e14b5d5396be398ba1ec9cf5326116508412b1befff8877ce6fc4cf53493a003bd1,CLEAR,DAYLIGHT,DRY,IMPROPER OVERTAKING/PASSING,2.0,49.5,2.0,2.0
134ce23a56646a6d707e33fa7f463de675db31aef2a17a099c3d378b6a41605eb1ef95a5a719b000274d28036eb2b6ae2379b1c9e24d5aa807e87411c0f0516b,CLEAR,DAYLIGHT,UNKNOWN,IMPROPER BACKING,2.0,64.0,1.0,1.0
134ce721f6ebffc9101cb9707063eafe97b817a5b0266bb1115fb4b19d7ffd1e1f2477507a80a9315cb21a8a834c6a00d494c4b8915c3811f118024da562f462,UNKNOWN,UNKNOWN,UNKNOWN,DRIVING SKILLS/KNOWLEDGE/EXPERIENCE,2.0,33.5,3.0,3.0
134d05f555a4c0c57f92ccfafd7edae4fc0b40ade4a96f65c19e4b55d7dfe3f29a5e9d375a95d6f4f44ffa8f28935a769d6e232dc2124695df8017ec0d56fa8c,CLEAR,DAYLIGHT,DRY,FOLLOWING TOO CLOSELY,2.0,52.5,2.0,2.0
134d141fff378fdbe7a0cc550a19c15b389c6d4000ed6432047fef377c14e10a62cc7b53963aae12e3f2fe43d40d54ad2d42d5c1dc6cb91692518fb749b008f0,CLEAR,DAYLIGHT,DRY,IMPROPER TURNING/NO SIGNAL,2.0,19.5,2.0,2.0
134d3ba43c91be0e3db26a50dd76e3d28a6fc15d4aa59be09a1cb356bbe6c9606075df469399df44d2c2b061a4bc12dec129f056dda3ccf2553891b19456cc9f,CLEAR,DAYLIGHT,DRY,IMPROPER LANE USAGE,2.0,58.0,4.0,4.0
134da2790fe7d041d792d6f802bfe8565c55f31de1366847b1586516e05560120f98f67503c8df308bd02b4bb1ab1f339652049be2e34b3a94bb705582d34bbf,CLEAR,DAYLIGHT,DRY,FAILING TO YIELD RIGHT-OF-WAY,2.0,48.5,2.0,2.0
134e28d4891e7c579b1b618d278e1002a0ae4b8233673028512c883ef3e998a142e19de17fc6f80146e98e52ae36d50869af0e7dffe0dc663d864480456e5bd4,CLEAR,"DARKNESS, LIGHTED ROAD",DRY,FAILING TO REDUCE SPEED TO AVOID CRASH,2.0,50.5,2.0,2.0
134e67b56ab06afb86f45297370401cc8ec425bd7f029fbaf26b44726dde96f06861250035d4e2536a52f4a3b5766832217c420b4c84823521a7a6679754ed61,CLEAR,DAYLIGHT,DRY,IMPROPER LANE USAGE,2.0,31.0,2.0,2.0
134e96a331967bf21192cc75a1d8efd98e33affc9bc924f2a9a09edd606f2355c3ed0c46713ead3deedec7e1da652f971c256c1ee1be242e9c675a83fd2064dc,CLEAR,DAYLIGHT,DRY,FAILING TO YIELD RIGHT-OF-WAY,2.0,54.0,2.0,2.0
134e970c3950b5b2e0cba3f55af89ee6ea53e8fb77dfdb1268694f6ef86eb33ee37b5135fff4873aef8043928e9ae86b3e1f50ea8c118c6704b92846ae720c9c,CLEAR,DAYLIGHT,DRY,FOLLOWING TOO CLOSELY,2.0,32.0,2.0,2.0
134eb5aadc30cb61e663f5d7b898abd1ee0f3e3a1fb98a7a0cc5a37769cb0f0192fd87ad27852e6b4a3838a20f99748d66d80a3a4f9b95449414c028a41ad5df,SNOW,"DARKNESS, LIGHTED ROAD",SNOW OR SLUSH,IMPROPER BACKING,2.0,30.0,2.0,2.0
134ebe2d24072828a53afe5f83f7e5091d52187f3ae3c378156374b187b04b3c887820f96ac0a2949a16d923a06a8cb85278e77285c7feab7b24d4a251c14fa2,CLEAR,"DARKNESS, LIGHTED ROAD",DRY,IMPROPER TURNING/NO SIGNAL,2.0,28.0,2.0,2.0
134ec226cf9022381fd0891f2c3827fb3687a659da0a7149db49882fcc7ef076620f905c8b36db7cb7d92f8ed45eaa19f5e7efaffeb0d42dab8bf33f64f551bb,CLEAR,"DARKNESS, LIGHTED ROAD",DRY,IMPROPER TURNING/NO SIGNAL,2.0,32.5,2.0,2.0
134f0f713e29d7300ff9e2bbb830fdbda84f1e52f9ef96d0ff6f10c0d2c2253a7ed85d2ce07bce50a9670e0f45aafc468e1d3e355282dcda33dbbfc764796e98,CLEAR,DAYLIGHT,DRY,FAILING TO YIELD RIGHT-OF-WAY,1.0,68.5,2.0,2.0
134f4af37e0a86705574cc4a806c74a6b23036de2f15a72520eb2a1af46a89661576e6891d3755bce07da8983249c1212a31cc1af3041fcf2e997be4bfa3c444,CLEAR,DAYLIGHT,DRY,FAILING TO REDUCE SPEED TO AVOID CRASH,2.0,43.0,2.0,2.0
134f60ecaba3bc7cb9e83a5440ebb1144867d2d70e368f1fdad40667e0eb4a63a51082763285fcf3e3d47655ef28f4e8456d4e2345472d9c078d9009c74215cc,CLEAR,DARKNESS,DRY,DRIVING SKILLS/KNOWLEDGE/EXPERIENCE,2.0,22.0,1.0,1.0
134f64f333c0f62a23834d6b4894d742995e7995ceb6974cc1200629aa870af0d5490e5886cb9a36873c5978b6b19a0def6eef116e868b18dfbcab8ac334cc13,CLEAR,DARKNESS,DRY,FAILING TO REDUCE SPEED TO AVOID CRASH,2.0,21.0,5.0,5.0
134f65c75c3c9c675dd6cd94d4feefe6928db82cb763270c6090c8176bafa2977e4a61d0ff9cf773c9aa4bff91a1014ccc564b9b0706654fd14f266731baac08,CLEAR,"DARKNESS, LIGHTED ROAD",DRY,DRIVING SKILLS/KNOWLEDGE/EXPERIENCE,1.0,25.0,1.0,1.0
134f899e7e8ea534d3d1e05ddf47b33733aa81e3961c8c35ca89b3918795680a8bacc01f8596ab3f4918fc7b697434e6aa851169bb601df584770951a69331af,SNOW,"DARKNESS, LIGHTED ROAD",WET,FOLLOWING TOO CLOSELY,2.0,23.0,3.0,3.0
134f93ebc0ceec4b29f284545446666c68f22e1fed66749efa7cb7645259eeae9f5a50c46369b1bae356e77679309c560769504891eeca92cb590f51c9357520,CLEAR,DAYLIGHT,SNOW OR SLUSH,FAILING TO YIELD RIGHT-OF-WAY,1.0,23.0,2.0,2.0
134fa0e440d37cb6c48c0ede6aa5f9417d71b7c2ac991905d4fb4ba16cbca052e0a06bb091a4100e53a547063af6de54d7e72dec2ded71a6f042b52ff9e0bf2c,CLEAR,DAYLIGHT,DRY,DRIVING SKILLS/KNOWLEDGE/EXPERIENCE,2.0,50.0,2.0,2.0
134fbfa88484f6f0b1b0aa0ea2324d6656f81cadfa472a12461e4ad4ad4102436215127332b0b52d13ed509058af459873d10ca929af03556ba21a00d01aca2d,CLEAR,DAYLIGHT,DRY,FAILING TO YIELD RIGHT-OF-WAY,2.0,57.0,3.0,3.0
134fc22cf09ec1de46df401858a1ec6e7692e14fa98b7d2bd50814ed64a4591452166564917ffbb2e0425a4f841ed19898df240b34d5536139daba8c6256186b,CLEAR,DAYLIGHT,DRY,"OPERATING VEHICLE IN ERRATIC, RECKLESS, CARELESS, NEGLIGENT OR AGGRESSIVE MANNER",2.0,43.0,1.0,1.0
134fc98e3c81e53d39649807feba6d3204ab8aa747c0a7e6f8ca8e95a26011fb89ca72672a32ec37c4704bea1b98410414632873e05fe406923966bd87bd5536,CLEAR,"DARKNESS, LIGHTED ROAD",DRY,DISREGARDING TRAFFIC SIGNALS,3.0,26.4,7.0,7.0
134fcd53161fa64b0fe92cde23a0dd1de6be1528a6d5f11a87450b116bf8a5b92e2f8e3241263761bff6c63de1ab2f76be3ee1edfdcba05c104267dee5c630cc,CLEAR,DAYLIGHT,DRY,DISREGARDING TRAFFIC SIGNALS,2.0,34.5,2.0,2.0
13500ab08c67e17d91151fd2fe45e2359e5bf3545f86a049fd2bb49c97ef38ad70e701fd2ac0474ab472b3b0b8c58f8e2c9e42108c420418549b20d71b5bbe35,CLEAR,DAYLIGHT,DRY,FOLLOWING TOO CLOSELY,4.0,50.0,4.0,4.0
1350127a4bea8416950bf0b9811d8e0af51ad9d033b1b7fb53be082938aaa1721ba7179c665d847c1e081ba3084d3c26d4f0f57fc12417963e0442f0a331d809,CLEAR,DAYLIGHT,DRY,IMPROPER OVERTAKING/PASSING,2.0,17.6,5.0,5.0
135014e941033db8e4cbba70298e3417a13798d78e6d65f55fc7c340e670bb942b04638092073861e93561515a2a15fd8ecfce3a9fcdfee3f0c34f89ed0017e5,CLEAR,"DARKNESS, LIGHTED ROAD",DRY,DRIVING SKILLS/KNOWLEDGE/EXPERIENCE,2.0,44.5,2.0,2.0
13501517ac7144e9b3c460b85fbbae6877d0e1f79e3c2181d59695a147365de249e8f859a4f9c8941b8d42c2ab479984a2e6bc83f0ba0bb6a72814412a86395c,CLEAR,"DARKNESS, LIGHTED ROAD",WET,FAILING TO REDUCE SPEED TO AVOID CRASH,2.0,48.5,2.0,2.0
1350227103b7bdf624770b6a7362342a8ee0db7b4f56f0623318e765bc3c974b910e81c889a352ed8f0bdec3ef0d11ac1653d8112da866b6c146e67ec427cb4a,CLEAR,DAYLIGHT,UNKNOWN,DISREGARDING STOP SIGN,2.0,48.0,2.0,2.0
135030cff6d52afa905d1f4eed64c8f8e36b04790695c8228eaead7b8abff8f5be77eb7f7d255780b56463b7e9dd21fa63d79cbc766220b6ceae409a70e99916,CLEAR,DAYLIGHT,DRY,FAILING TO REDUCE SPEED TO AVOID CRASH,2.0,32.0,2.0,2.0
13507f8a519d209fbd9ad9f03c5d58649211699dbeb9afd4ff964e36337830fc4d5d30e8e285a91fbc39faf5b7fdf9afa58154244f1da922d5afe9a77c7c729a,CLEAR,DAYLIGHT,DRY,IMPROPER LANE USAGE,2.0,55.0,2.0,2.0
1350a68c6628e5a1eebd8ffb1fda391eb0242708b9be28a7eacb5699f4678262350e0c6f9e2249232c516bba33c8a783faa404761b0f8d0f0d0bca75b3974831,CLEAR,"DARKNESS, LIGHTED ROAD",DRY,IMPROPER OVERTAKING/PASSING,2.0,35.5,2.0,2.0
1350b4dae02c66debe3fe339d085c8e04a2df4e45f0c872bf4a35f2d6de82b4c84fa54cf348bbc3ec9850c4679545bbe786701630600be36cf54ca6585fb8917,CLEAR,DAYLIGHT,DRY,FOLLOWING TOO CLOSELY,2.0,29.5,2.0,2.0
1350bcca281afd44448ad1766c7179f58dd98a9ff4ca6fa24020b07a60b0902ffe729a238bc57154ff1df912ea896ff5b906de361d1ede8a758cf0bb1392abcb,CLEAR,DAYLIGHT,DRY,FOLLOWING TOO CLOSELY,2.0,41.0,4.0,4.0
1350d9e1e6fa926ec5e55c383ba2e93ad57efbfe802d2c2918665f02db6e5a74f6a2de441ff91730ced796593ce1c315735db2426f3b71863952ecbdb3d3653c,CLEAR,DAYLIGHT,DRY,IMPROPER TURNING/NO SIGNAL,2.0,39.0,2.0,2.0
1350e268712c4efe755df407c4b6aca5c7f0783a71aba97de69571c2054937666b2f291bcafdacdc8182c0b3cebadd07c186e9f5a61d85131412c15528b2a913,CLEAR,UNKNOWN,UNKNOWN,FAILING TO YIELD RIGHT-OF-WAY,3.0,28.75,5.0,5.0
135120adf91009fc7380d234d8a75e60d46c8f1004bcc6fb6368ded11d832258be649f2db4f13e2b45d0b5b514bdae23c190b3ebeb67b824e546594d4e21f3b4,CLEAR,DAYLIGHT,DRY,FAILING TO YIELD RIGHT-OF-WAY,1.0,36.0,2.0,2.0
1351450504276861daf8d595ace219c9b7663a3c176f9362237f545a225006e3ec451fb0fb76fcbe5c9b7156f5964c26efc642f2b3f3a095d87904d4061f49ab,RAIN,DAYLIGHT,WET,FOLLOWING TOO CLOSELY,2.0,38.5,2.0,2.0
13514bd08c0c4f957a1b95e004d1e58ed0b4f42c9c8457fe86481f762be3e6b527ef98242ba919917275e811dc52b202b3dedfb4e96a8ce5a0a26b9034069185,CLEAR,DAYLIGHT,UNKNOWN,IMPROPER TURNING/NO SIGNAL,2.0,40.0,2.0,2.0
13517f06732a4ea42797dc8d9895f78eadd360a5b3f9959ec04684924f59e3adf1c4fad8bfade8bc9da34d36297f1a63f1fc3076612906dbe01bd80482abb511,CLEAR,DAYLIGHT,DRY,IMPROPER BACKING,2.0,25.0,2.0,2.0
1351868ce3654e3a08fe0d3f10e47a3f1dd693de95dc226a95ac9ed70c722609fb7a4b87e08e6132fff8b5a83730df2f53d2a04ca30e9868bb44e18a8dd6410c,RAIN,DAYLIGHT,WET,IMPROPER LANE USAGE,2.0,38.0,3.0,3.0
1351a5a771c53d49c403a5e8d20ffdf9d4b844c5c5e11661eb99efec862933a21e1d7f0de7fe92b2fc1b7bceb456b2cd27fccf4a780b3f73fb9ceedc95904e7a,CLEAR,DUSK,DRY,"VISION OBSCURED (SIGNS, TREE LIMBS, BUILDINGS, ETC.)",1.0,44.25,4.0,4.0
1351ad5bf40a1b350592256de5351c89402d896b91806f34d33625d901487e0497ead1a32d163d7cb154c7fa096454795e12583fd4bcd9e038a28fdfe022e400,CLEAR,DAYLIGHT,UNKNOWN,IMPROPER LANE USAGE,2.0,37.5,1.0,1.0