crash_record_id,weather_condition,lighting_condition,roadway_surface_cond,prim_contributory_cause,total_vehicles,avg_driver_age,total_people,total_injured
1351ae573c0a40890b42c473a750842088724100fce9cf6a0207a97f5228838bb198b8f7a5798b233d7a334606ff237e17cdb5fc1905a57b49635e0103d89727,UNKNOWN,UNKNOWN,UNKNOWN,FAILING TO REDUCE SPEED TO AVOID CRASH,2.0,38.0,2.0,2.0
1351e0ecdd472d6dec68e43324b410f25c01239c7ea0ccb87b18cbfd02e521d2e7473e8cb8a8ab2d0a3cee176c9c35e13dce20d66e2c145424d2fb61aadfafb0,CLEAR,"DARKNESS, LIGHTED ROAD",DRY,DRIVING SKILLS/KNOWLEDGE/EXPERIENCE,2.0,48.0,4.0,4.0
1351e429f888bfba45d6292073bca607fdcdf6560645e37d1d73ff7433e95cfa84d8e73210aaf3b083f11960d06665fd5a751a50335227b38dbb53770936112c,CLEAR,"DARKNESS, LIGHTED ROAD",WET,FAILING TO REDUCE SPEED TO AVOID CRASH,1.0,16.0,1.0,1.0
13523438f62369b387e3c40aa6b47167791faa21a1a0b2d930783264cbd3a9e037de4869eabadbd983b8b14fac53dd94ae30d554efbd3448d057acf587d896bd,CLEAR,"DARKNESS, LIGHTED ROAD",DRY,FOLLOWING TOO CLOSELY,2.0,52.0,2.0,2.0
13525c19b803e88692a2b68754c90e1e59ffa5245d129f756d73a05cd9ade85b6470e25ea058f1a0e4a709287d56bb3a6dee2385ee215c75745084495f2aac6e,CLEAR,DAYLIGHT,DRY,IMPROPER LANE USAGE,2.0,44.0,2.0,2.0
13526008b057c05f621d0e5ee591fa6c114f0ed3a96ac12c55d3338ccfa35d315784a5a5dd7373530022c750b09cb157b988fe9a22a83bc6da1fa00685d153d4,CLEAR,"DARKNESS, LIGHTED ROAD",DRY,IMPROPER TURNING/NO SIGNAL,2.0,29.5,5.0,5.0
135275b11c1879ddd8dbf1444b91d1e67355a533a3a523d3deeae4242ff497c603a8a284c01565703b03f8bfb873300584e3bfdd2872118a82b27ac0022a465d,CLEAR,"DARKNESS, LIGHTED ROAD",DRY,FAILING TO REDUCE SPEED TO AVOID CRASH,2.0,37.5,1.0,1.0
13529c59aa1f2255277a4ae1eae87556d617eba74b47015d1fa774c4d768f6d3d52eaa46c7fad53a328c639f87a7797810acbcc5de5851d01fc007dfce12adfe,CLEAR,DAYLIGHT,DRY,FOLLOWING TOO CLOSELY,3.0,57.0,4.0,4.0
1352b181e5c0f7bfaff4b39d38130e7b482ac7629afdd2f7c80b53b8e9c479e35a0079000e34dab8f564514f771f8cfd18e1cbcb85023b358ee854337c378aaa,CLEAR,DAYLIGHT,DRY,DRIVING SKILLS/KNOWLEDGE/EXPERIENCE,1.0,23.0,1.0,1.0
1352b471ee6a5be6eace4dc5b64c3be534d311387fe3a2695a4341eefb20dbf9801f1c1b36205ee7ee512a2b70cf1792c489d2e58d740d8b6519adbe9b8cb952,UNKNOWN,DAYLIGHT,UNKNOWN,FOLLOWING TOO CLOSELY,2.0,56.5,2.0,2.0
1352c26900b8309e2011f2552db004315d8d490e52f9e1d388b596f2e527fbd7e2551335ba48fae114bd5237d546124c3800647b0bc217f3b6423b01cc9d3420,CLOUDY/OVERCAST,DAYLIGHT,DRY,IMPROPER OVERTAKING/PASSING,2.0,46.0,2.0,2.0
1352c27e2cc872dacfab8196f75361f65a987d0d7a410db2ee8c6e3156265b0c175d8056d7fbe957492c4d59dddf863e2d6b20d188333ae27fe3d2877a0da938,CLEAR,"DARKNESS, LIGHTED ROAD",DRY,IMPROPER LANE USAGE,2.0,41.0,2.0,2.0
13530ee4584c6e06bd60b161a01cdd121f70095b0baa4c896ab43519af7d65ada87032adb6a3805d1c8976a4067137d6643b1321578100a12083a0bf44bd14b9,CLEAR,DAYLIGHT,DRY,PHYSICAL CONDITION OF DRIVER,2.0,59.5,2.0,2.0
135324a4ceff9132d38053ffb0fb05c51a934bc1c94c64fed78119763393947814cb917410cd3ce29a0ee2b2488e5d9480b7592d81d34d29777ed7a277ab7ab5,CLEAR,DAYLIGHT,DRY,FAILING TO YIELD RIGHT-OF-WAY,2.0,37.5,3.0,3.0
135334df94c8f85c1d2944a67f0194b1aa55c2f1502766c76eeddc7df6eecfaeb7f5e54ec600a0cc8a599fe78f9a4b0992fcd60f4fc6767b7bb134ae9a5b0d5e,CLEAR,"DARKNESS, LIGHTED ROAD",DRY,FAILING TO YIELD RIGHT-OF-WAY,2.0,20.0,3.0,3.0
135353dd941a318c995d503fc0113b1cc6f08823454866a5d778773874a286e7471cac945c0aa8627f4bf35250bf4ea52fe72f1634422b86a32cf6cb2c5cd545,CLEAR,DAYLIGHT,DRY,FAILING TO YIELD RIGHT-OF-WAY,2.0,31.0,3.0,3.0
1353827ac0345791c0258558548d99b4df8892fc23e95bdb172136d22b28b0fcf5ac8fa319828b29e373ec64796fc5cb61cf0e22c7b21f6525f3e62a42618da0,CLEAR,DAYLIGHT,DRY,DISREGARDING TRAFFIC SIGNALS,2.0,59.0,3.0,3.0
135390222ba599cac32f7c3919b2c6780111d7aec7459671470cacdae5e3a16195e460840530adcc4dcd59729d75e5bb8de7a3a61aefb1ba47bbc8c14c423924,SNOW,"DARKNESS, LIGHTED ROAD",SNOW OR SLUSH,UNDER THE INFLUENCE OF ALCOHOL/DRUGS (USE WHEN ARREST IS EFFECTED),4.0,35.5,2.0,2.0
13539f3b403665262a8803800471a74d5ca4ea270f75e52440029dea7b6ec9f11156bccd73cf06d87f1e356e52e1d27ddc4f2906f2e2659f773249be9abd1f21,CLEAR,"DARKNESS, LIGHTED ROAD",DRY,DRIVING SKILLS/KNOWLEDGE/EXPERIENCE,2.0,45.0,3.0,3.0
1353a787bf0a45e1e70ec70be332a3a131ef18878a34f2bbdc54ee38938d4eeec9b11dfeee6140ca2ae0eefba85abbc5b04dce131ad2b67bb7726b358fb88375,CLEAR,"DARKNESS, LIGHTED ROAD",DRY,FAILING TO YIELD RIGHT-OF-WAY,1.0,73.0,2.0,2.0
1353b7021a9c6e43c3bdbb81153ed6fada93f52f689afabcae0ba29c2436f8e47a2523b067a24a85ba42d89036ffad9366cbedd73a89a9d0f4cbd1ccceb9c031,CLEAR,DAYLIGHT,UNKNOWN,FOLLOWING TOO CLOSELY,2.0,44.0,2.0,2.0
1353c6bae5a78124ed94db8c84c3f7b99f9d168dc38962d3adfb549fabd7b699743f00a96b959203208c4169def253454bd1e6372dfb75bd89933a0838820fb2,CLEAR,DAYLIGHT,DRY,IMPROPER OVERTAKING/PASSING,2.0,29.0,2.0,2.0
1353c89855af745d0e4617733fe42dbd2204cfa0bc77bb1a4a3b102bc947850c4ba742d790b83722015099c8efc19e7d14131de7207be77bb71c60e07e908f76,CLEAR,DAYLIGHT,DRY,DRIVING ON WRONG SIDE/WRONG WAY,2.0,51.0,2.0,2.0
1353d1b8c164aee928fe24eb878435efb41e17ba56ff1a041fcab178f2b0150f8888e3abf912021b581cba0b13a776465e6c2d6b16db109505672f0f7c620054,SNOW,"DARKNESS, LIGHTED ROAD",SNOW OR SLUSH,WEATHER,2.0,46.0,2.0,2.0
1353db0be3fbe378a109191d6cef67a3b2414aa4b1f67f354077d4213601274cbb986042b435042b1d62a51b737740c001e15abb8559822e63ed52eeadf68b32,CLEAR,"DARKNESS, LIGHTED ROAD",DRY,FAILING TO YIELD RIGHT-OF-WAY,2.0,23.5,2.0,2.0
1353f85a8e638ec6146a783d5c0d7fcf6a0c488c291a9fb38027a177c6df88ee0e37f79c509ac5cd2370458c1834580d57a38505203df41753a46e364ab8187d,CLEAR,DAYLIGHT,DRY,FOLLOWING TOO CLOSELY,2.0,53.0,3.0,3.0
13540b373f630ca1779b9fb2a2a963e7b862704f01a6a80b982e8eb84960cd53e493bee938ac3537d121ef2e81042c0c148d0a8b24632f1bb5fc57e8ffad839b,CLEAR,DAYLIGHT,WET,FAILING TO YIELD RIGHT-OF-WAY,2.0,37.5,2.0,2.0
135413a4cca9ffa8e6b72f1acee472fe7062eeaed752011569c178d3733ed0301e84ece50394e9890383c76c4c4bd8af8a019cd752734652dc771a2e7bad6f7b,CLEAR,DAYLIGHT,DRY,IMPROPER TURNING/NO SIGNAL,2.0,28.0,2.0,2.0
13542691e2399f891fdd4bd5317a011d27798661b2bd4fa62ddb018fa0740a207f38bc70a0d27c58cc755c959f0023970948211902c09e7c80234093af64947e,CLEAR,DAYLIGHT,UNKNOWN,FAILING TO YIELD RIGHT-OF-WAY,2.0,30.5,3.0,3.0
13545902b60ee7e5248f3651c00c30d9d088a2fa7fa1fdeae7fa9cd9e2ff3e362c866d01eae96fbfbd18bb435d9cf234a91e7c5b19bf59940bef319dee6b1342,CLEAR,"DARKNESS, LIGHTED ROAD",DRY,FAILING TO REDUCE SPEED TO AVOID CRASH,2.0,17.0,2.0,2.0
13546dcaa47ec372c9fd5e44e77252673dbd2013625f14ca32b2a813b059f4e31e116360d31cf7cf2d22faa1b340596f523dc691bb651a54eb343882b6d2dbe4,CLEAR,DARKNESS,UNKNOWN,FOLLOWING TOO CLOSELY,2.0,33.0,2.0,2.0
13547d63890cf04ff1b05afd8f439d19d28610e7926a230d6cf7d8644be3a21f81fe74d1d79b32bbe1f4b6610d4ea667d7373289be0535a2781316f049150dbb,CLEAR,DAYLIGHT,DRY,FAILING TO YIELD RIGHT-OF-WAY,2.0,34.5,2.0,2.0
135486496af56a838e80c0033c2604c66317bd87b847c58fc7d3ae8a94daa499187faea44f40b55e64c0270fbaed1236980ad864e8448960fdeec986b3c65389,BLOWING SNOW,DUSK,WET,FAILING TO YIELD RIGHT-OF-WAY,2.0,43.333333333333336,3.0,3.0
135492e6e1bcf93a7ae1013fb4630094e62e561e251968853dfaa54c0e93f28047b4e41a9b74e65aebf1e0779bc1c7f7b03cd66189bb9367b452a75e44feb582,CLEAR,UNKNOWN,UNKNOWN,DISTRACTION - FROM INSIDE VEHICLE,2.0,25.0,1.0,1.0
135494cfdf5f6762733f57472b758a5ccc9c17a86625a65462b2960466f866ed779a3f74dda1c3077df215657525d3279199de7f12847bfa99f8840ee3dd4842,CLEAR,DAYLIGHT,DRY,IMPROPER TURNING/NO SIGNAL,2.0,39.5,2.0,2.0
1354950ea73112c556a932661d6e6e7854a1b5b789a03b8155c5f8854203be6eaffaa610e81a7dcf2274768a3cfe6bfac8dc18414ff774d8adb39b1b4f7344c1,CLEAR,DUSK,DRY,IMPROPER OVERTAKING/PASSING,2.0,50.0,2.0,2.0
1354ce1ac3803433718751d27e2c330056fae8f6c13bc195f405ae05c4ed7df70278fe2c023fc4a2d11b0160bb2adb8847546516c3fd22d9d866087630844c63,CLEAR,DAYLIGHT,DRY,IMPROPER OVERTAKING/PASSING,2.0,39.5,2.0,2.0
1354d305fefb180d1a6334b384e72547547f80614f8ac871d4db32259f18fa9e931e42075c28697d1d3b545dda22248cd4fc29bc784612c51b44ba806f4c4d67,CLEAR,"DARKNESS, LIGHTED ROAD",DRY,PHYSICAL CONDITION OF DRIVER,1.0,25.0,1.0,1.0
1354e8fe5d9b3a55bce394fdfef85769a0a033d6feaaec368f7584700bb1646fa02ae70494b4c4972a0be4809f13ddcca5112c05dc30249403309b8ed0a97367,CLEAR,DAYLIGHT,DRY,FOLLOWING TOO CLOSELY,2.0,26.0,3.0,3.0
1354e946c33996d6d4439438db2ce2f32b5a7e75c6f01077322ec5801bb972cbf439e413a5a483c0a3e377743afce2e55ea66725effd25da98628326757a55eb,RAIN,DAYLIGHT,WET,FAILING TO REDUCE SPEED TO AVOID CRASH,2.0,20.0,1.0,1.0
13558e4c6cc28cb63ac6f02fa36ad7edd285d3aa287d0f6c2cd7f96b013585c233309726712035b191a6b8665858f036923a2b105ce5c903427835a487fb929f,CLEAR,DAYLIGHT,DRY,FOLLOWING TOO CLOSELY,2.0,40.5,2.0,2.0
135598a9fac56eea667d003aebb4b8076580559db3f407acfcdac4fc5625435eb135ce6e7a6511e6f8e3ca84958c8facb9bc954674075ea671062ffc2ef8fd3c,CLEAR,DAYLIGHT,DRY,IMPROPER TURNING/NO SIGNAL,2.0,26.0,2.0,2.0
1355d122dcb7e0ba0d1b54ef0022ace92dd680f12114fdbfdc6046c076f234616f447614b8679b1625124e141b8a87dd0faeb7be3d9036be9f21891e9e5afa9e,CLEAR,DAYLIGHT,DRY,FAILING TO YIELD RIGHT-OF-WAY,2.0,34.75,4.0,4.0
1355e848b571210129114747b6f8ce2e2d2b9fbde6bc1dffe8eef6e1ebbc081d793d7c5ece03edd5b1e98343eac6153291e0f4170a6b2021d78a2cd0b2437bd3,CLEAR,DAYLIGHT,DRY,IMPROPER OVERTAKING/PASSING,2.0,28.5,2.0,2.0
13563bc8ca5b6b09a641d7ef8f746ffc2f898d5e8f36b6a9899a6f8e1bd06c14d970c9f6cc4ab6b99666ab2f4f9469f3f81eb395b2d47e880bba9796d6fa8602,RAIN,DAYLIGHT,WET,DRIVING SKILLS/KNOWLEDGE/EXPERIENCE,2.0,37.5,2.0,2.0
13564091dfc936b4a6b26dc9fefb62e2e537fa82d5fcc98b62584131fa806b6acadf650eb667f52b9967dbdad7be4c8fe792edd3ad058f924ece2513805b6035,CLEAR,DUSK,DRY,"VISION OBSCURED (SIGNS, TREE LIMBS, BUILDINGS, ETC.)",2.0,33.0,4.0,4.0
13564773bea394ef7d6031fff52ae2a49901a9447822afa76338c0329c4e677b4700773da4049ac854668661597bed89c2ee6dfdf744f6ba3c13ace7a33ddf11,CLEAR,DAYLIGHT,DRY,FAILING TO YIELD RIGHT-OF-WAY,2.0,51.5,2.0,2.0
13564bab308cc4a6d4680ca6f7005280edd11f68b0f7c48efbe103e0af678b12e3da8fa1b723dddf2df2089fa2649fbf8ba6fdcc3c1c077a59965f40f912e394,CLEAR,DAYLIGHT,DRY,IMPROPER OVERTAKING/PASSING,2.0,26.0,3.0,3.0
13566062446cc2462bd6dae6585c57b7a7bc597b007474abfc1586aa6b80bd8314233a62d0b7e0bb49024400612a4a4ac99573a1dddc73b4d47d1cb56f58e8dd,CLEAR,"DARKNESS, LIGHTED ROAD",DRY,FOLLOWING TOO CLOSELY,2.0,40.0,2.0,2.0
1356774ba7f982bca11025afa29b64787b786508a559a359631007f417f7ad8c6d2f27e91eb73e8894f5a10d52b9e5ba9975c66d5ac8c1058c1c7fd44a97d7c5,CLEAR,DAYLIGHT,DRY,IMPROPER OVERTAKING/PASSING,2.0,30.5,3.0,3.0
13567e9d2ccea6efe3e9560710299dd3f8be8bf530ea31ddae1deaa49cfcc93e5a86ded3dcbc1f2a770e6c6411a416d9cd2b91bceee9a3b6dd2118d49cded642,SNOW,DAYLIGHT,WET,DRIVING SKILLS/KNOWLEDGE/EXPERIENCE,2.0,24.0,2.0,2.0
1356de368bc9fe6513df610e99b850a4bd3149fbb476a023227357caf3857ae0d28f2933bd292deb7324444ee33bd88eb1e0208abf83ad73b788fcef0b64b559,CLEAR,DAYLIGHT,WET,FAILING TO YIELD RIGHT-OF-WAY,2.0,39.0,2.0,2.0
13572b241145679482a80b556b52b1a0ee567e71da32c36135a9079e394a05ddb2593da49f1daa2f62b85a982a4607c671626a2b52fc6ccf36397e0d8fef2f0e,CLEAR,DAYLIGHT,UNKNOWN,IMPROPER TURNING/NO SIGNAL,2.0,24.0,3.0,3.0
13573e3e6a0331648ee45773ea6241c604fb424e27f7eafd1ebbbb9faef4278f8c118571adc8f366c75281d821e4ec372cfb311fce3e2c9e9e976d9d49036dc1,CLEAR,DAYLIGHT,DRY,"VISION OBSCURED (SIGNS, TREE LIMBS, BUILDINGS, ETC.)",1.0,19.5,2.0,2.0
13579599756920833c60cf12a5a3a3c6b16a559348f2403474ab58b116d0df457560f01d244398d9a3f61bb19f3257784b32d70b5d1abf50a6c023111cca6600,CLEAR,DAYLIGHT,DRY,FOLLOWING TOO CLOSELY,2.0,20.0,2.0,2.0
1357a75f6ca396fef4c782ed290ce00626a1f1f4fab7188abfe3d7e565ea17bc126cacf3435d39fbab8d7dcc7f53bdb02e8c7fcf5ea0af43e4b937f8a505bf53,CLEAR,"DARKNESS, LIGHTED ROAD",WET,DISREGARDING STOP SIGN,2.0,22.0,2.0,2.0
1357ae36579321f5e6df46db04854956b5e8115e9af5f81a2010753db493a9adc6d8be15055f13091ef8b1f1b35815abed699464168e74312dbe027118694d6b,CLEAR,DAYLIGHT,WET,DRIVING ON WRONG SIDE/WRONG WAY,2.0,37.5,1.0,1.0
1357af697b6d918597e23855015c5283bc1ead7aafddf4840fc6577b4a65483b6d5aa4a409cd173ab2462003d553b23fd2eed1c257f776c6485bcbcefc31e561,CLEAR,DAYLIGHT,DRY,FAILING TO YIELD RIGHT-OF-WAY,2.0,36.5,2.0,2.0
1357bbcdbe419fcbca7c873f1853c02b133acab01a0320f8711d05aa02ca76b3906e8e03e5da8ed8de45738134f3756589fc3bf13065de4704e4162863cfee1a,CLEAR,DAYLIGHT,DRY,FAILING TO REDUCE SPEED TO AVOID CRASH,2.0,26.5,2.0,2.0
1357cc3a42d18426c6fb889c9656f8f4c8c54c383cc59f1c2891f882a39650cf7e1999b2d592afecdc766c081dce94633fe768b3419f80cc01b1fe7522d1de6c,CLEAR,DAYLIGHT,DRY,IMPROPER TURNING/NO SIGNAL,2.0,37.5,3.0,3.0
1357d8977953e34013d8bd6c02f7c95773f69806ade48334dd9cd657bddf1b9abe16996dda61237bb792f4195a84c46b00d6909a0c4e4ad4d8c00684352ae741,CLEAR,DAYLIGHT,DRY,FAILING TO REDUCE SPEED TO AVOID CRASH,2.0,23.0,1.0,1.0
1357e740457c84fb12338a37c0c840a9b65efba7cafaf59a2b21c27fdbd4959b6f2847073b9c1cafd43bdf870ef942695e06fe89bbec3ceccba37eac1ab55a91,CLOUDY/OVERCAST,DAYLIGHT,WET,DRIVING SKILLS/KNOWLEDGE/EXPERIENCE,2.0,30.666666666666668,3.0,3.0
1357eab1909acd90d2f6883939361e502e68a559fbc397f74b75c3dc951805b2f6d44c4d4d9d7e98e5fac0fae48a8923e22b2f58fa77185059fc43635ea21d3a,CLEAR,DAYLIGHT,UNKNOWN,IMPROPER TURNING/NO SIGNAL,2.0,55.0,2.0,2.0
13581d624f918f1389ca71122e5d8bbeecf29588cae0f03a77fa3daa9d4f08abfbb3d0d593aca1459b607f5980de6b3c1601443a98acc3351fa0ab83a194b223,CLEAR,"DARKNESS, LIGHTED ROAD",DRY,"OPERATING VEHICLE IN ERRATIC, RECKLESS, CARELESS, NEGLIGENT OR AGGRESSIVE MANNER",3.0,37.5,1.0,1.0
135823a2159bc23e8234f88ccf155382b2cd52812639bfee268ed87e9339314053a364721926b732b9b152e25c21d8c78c1be298375f2665ae5d8feaa0b2d4e4,CLEAR,DAYLIGHT,WET,FOLLOWING TOO CLOSELY,2.0,32.0,1.0,1.0
13583025209abd251f2b65fac9694f9315a6586e75a0551c4f068842339cfa87c61a4b4f03e784a35343e55aa22b6dd403b66e4ce987ab89d87fd35c67c911fb,FREEZING RAIN/DRIZZLE,DAYLIGHT,ICE,IMPROPER OVERTAKING/PASSING,2.0,19.2,6.0,6.0
135834d716c2b3c60e2ee2bce0525bbd77213fb1d2a13f83886936c0fe44ef9479dd0f5c68abf4c35db82dc8a10aec8f5472c290e8b49975d96fcf285de262db,CLEAR,DAYLIGHT,DRY,IMPROPER BACKING,2.0,39.0,1.0,1.0
135861d72a2a57fa169a4c6244dcb2ef960d6d97134c9ab0b500286d970cd591b3a015897647a42295d015f1bcfa2fbc2ca4071444525ee88505f18be2d8018d,RAIN,DARKNESS,WET,DRIVING SKILLS/KNOWLEDGE/EXPERIENCE,2.0,37.0,7.0,7.0
135863efefe58b4ac3109e0ae2a7d14e188b402ce5a526ea226124525a9e26705ecf2511e3d4d9654439cd922e1befcaaa588703eed5423aeef4f3d2ea2792a6,CLEAR,DAYLIGHT,DRY,FAILING TO YIELD RIGHT-OF-WAY,2.0,43.0,2.0,2.0
13589a804cbca0992b68417a91089bfadbd03f52644f417925f47a3aa13bd65576a0099c6339cf22ba269026c33e1431d1b0d774a70cc6f7b51bd5aa0b0eb29b,CLEAR,DAYLIGHT,DRY,FAILING TO YIELD RIGHT-OF-WAY,2.0,28.0,3.0,3.0
1358af32bc197080afca59986a923fb489f5d6766cc597b112c2e8af30cc98e1e7832c145030c9c8389cf054a429a87cb8a609bd7fde6c30656aa7401e417732,CLEAR,"DARKNESS, LIGHTED ROAD",DRY,EQUIPMENT - VEHICLE CONDITION,4.0,17.666666666666668,6.0,6.0
1358b268a884b881b103d3c11167352078f46cd9e97f8f19652902c72620b68c71518ba884f41b44220881239b288384800e0ae6d67561d5d4b3ec375a1713ad,CLEAR,DUSK,DRY,IMPROPER LANE USAGE,2.0,46.0,2.0,2.0
1358e231e57d228f766fc96794a9ebd04492d0fa0c0fb6391a2cfb8d3c42d0dbc8ddf61d3c8c4ff97fe6ca936d36ab0409d13baa590e2bd0ef006408ec831b4e,CLEAR,DAYLIGHT,DRY,IMPROPER OVERTAKING/PASSING,2.0,22.333333333333332,3.0,3.0
1358ec84ca52d52a17117082b36b55e1812dc4fafef9e5c44540b57afa1a65eede9d5c75804f09485c64b07b3c237f091de451fac24172f803831dcb61f6f4b4,CLEAR,DAYLIGHT,DRY,FAILING TO REDUCE SPEED TO AVOID CRASH,2.0,45.5,2.0,2.0
1358f9351aa6c7d7a7ba366af4eedfa19e703e0396a0409ff8b4457011957f234833e1aed81c8757dda44c4948dcd93c49d3dc10ffd55304936932fef9250b88,UNKNOWN,UNKNOWN,UNKNOWN,IMPROPER LANE USAGE,2.0,30.0,2.0,2.0
13590737932bc286e96548e0ff4b476253258edebdd185dbb60f34edf52b8b67923bc203c598dbe156735c4447831355a2a4324dbc01cc0fc624aa1ab3615db5,CLEAR,DAYLIGHT,DRY,FOLLOWING TOO CLOSELY,2.0,28.5,2.0,2.0
135914c866150ebd3de5eae1c2853de7bca72261ce1be03e45fa53d06c8073fede43d9c7e038a1893e2a64597520ba7b0d22340772d3fd347e80a8fa03c5b0b0,UNKNOWN,DAYLIGHT,UNKNOWN,FAILING TO YIELD RIGHT-OF-WAY,2.0,54.0,2.0,2.0
135920c8e57e3aae907d40971c07cbdca95bb6fbd8cbc73a6bc69b9405a93066079518957e9d335cb2f5f7f71c3a98b26b8870d33d0cd4b15e95aad34c74ac50,CLEAR,DARKNESS,DRY,DRIVING SKILLS/KNOWLEDGE/EXPERIENCE,2.0,25.333333333333332,3.0,3.0
13595cf8cc0f11dadd476041afd58e0a1ab93819bded805abd0c58410f6a8681629110b69907e85ca9ccd02e61016213fb17d2fba883445d5532c7ffce17d1cc,CLEAR,"DARKNESS, LIGHTED ROAD",DRY,DISREGARDING TRAFFIC SIGNALS,2.0,49.0,3.0,3.0
1359672676909ba37d8a074aa833fd9ff0d05eafbc5e372332ee93e3b327e4ee02caf423795f9b63bd0b89902fce237f52c6841b88bd87a454931229fae68521,CLEAR,DAYLIGHT,DRY,FOLLOWING TOO CLOSELY,2.0,37.5,2.0,2.0
13598d863d5ce548a27e9bce58213da8ecf298678d55cd35a017623fbf67b1212af88df68ae092b804e910dc005f22d83c304bb0892ce7ed32698d88a34c3f1f,RAIN,DAYLIGHT,WET,IMPROPER BACKING,2.0,56.5,3.0,3.0
135994ea237002d42b8d5c33fe4f64b5c439d6c008f2ec632fcfdf1ee954210f514c14ec134b45b1f7652b14d0ee378597a1c49c4c5ad798e70220d9e0f5d9fc,CLEAR,DAYLIGHT,DRY,IMPROPER TURNING/NO SIGNAL,2.0,34.0,3.0,3.0
1359b10d97e1b9e0b62466e289ce2f621583a24b64c3a97658f19e6613141aabe91a0a1e233c3a76783bcaabe4b0b1dfd7754c302402f060f935f08a21888858,CLEAR,DAYLIGHT,DRY,FOLLOWING TOO CLOSELY,2.0,54.5,2.0,2.0
1359b581c9e88db49488de76d433fe1c2c7221bae523d4047988f120cb10a2c3d0bedbaefa88c762d24eaf2556849f039d4354cb1e42628b8e3216425e3b046d,CLEAR,DUSK,UNKNOWN,IMPROPER OVERTAKING/PASSING,1.0,35.5,2.0,2.0
1359b7abccacaa7f538dcb7026985ffdb7366710415d90fe06b8ec64cc6def01ee4eb3d6a05186a758eb2f09a2bf6f6fcfdc7a1d954e5bdeff1ce3fcd69c249c,CLEAR,DAYLIGHT,DRY,IMPROPER TURNING/NO SIGNAL,2.0,30.5,2.0,2.0
1359ba7e21f5d4e360ca8257505be7c0d2fd3c303963344979448e23270f00cc432fa1f42e7eb0c004c9a3d9a3eb6404c5fbc2306011b9fcca5a9b2867e28e9a,CLEAR,DAYLIGHT,DRY,IMPROPER LANE USAGE,2.0,30.0,3.0,3.0
1359ddca18bfd8f077cd08fa9d6e8f144051d02370510b42b6dc20771ce2c1e1dcc61531dfe2d3a62810ea1f27adbebc898f6a4ea7b39c2b01eaa7a3d00f675a,RAIN,DAYLIGHT,WET,FAILING TO YIELD RIGHT-OF-WAY,2.0,27.5,2.0,2.0
1359f3746affaa25287ed322a1e8de0ba176f2751e969e3c3f12c0decc990f6dbb71e3e2db585ab5d5919bb762f83332fc3c538e3fc30bcb3087838a91ccc409,RAIN,"DARKNESS, LIGHTED ROAD",WET,FAILING TO YIELD RIGHT-OF-WAY,2.0,54.666666666666664,3.0,3.0
1359f44460e189ef129da6fa017e09014949e82abdda13b279bc8f2a45f118ec62d8f693c4b81bf641705315730d3a9f66d3e41c9f8408c94684cc12ba640b0d,CLEAR,DARKNESS,DRY,FOLLOWING TOO CLOSELY,2.0,37.0,3.0,3.0
135a24a508ebbc73d26bba067033dbaa00eb75751d5c9477075ab37de3317ef1e4d206c57cfccb818f5c8f37ff3e0b4569c2440b8b7226e56e9bf9caebd3b120,CLEAR,DAYLIGHT,SNOW OR SLUSH,IMPROPER OVERTAKING/PASSING,2.0,28.0,1.0,1.0
135a2f7607512ead399f7d86879efdbcc0eb1a2ca09e91b6181417473025412594fa32c0b12e5915acff0b1423754d8975d3e9ef98c7812861f52198769faf6e,CLEAR,"DARKNESS, LIGHTED ROAD",SNOW OR SLUSH,FAILING TO REDUCE SPEED TO AVOID CRASH,1.0,19.5,4.0,4.0
135a3bf7199105d9d1ba13c30efb7e044e775f2fb91c85a204971d29257a37bb3e249208c2354cd5a8a36511732ee10bf5dfcb18fd5582fe3a8265836d6dd8bd,CLEAR,"DARKNESS, LIGHTED ROAD",DRY,FOLLOWING TOO CLOSELY,3.0,45.0,3.0,3.0
135a4ea95abec754983514c386674511ae67a714a680b0efec71eaa3dfc61588eda4bf133647de1fbd382cb7113ca75298b0f2c1ccabc5b66b7094c8a63a9630,CLOUDY/OVERCAST,DAYLIGHT,WET,FAILING TO YIELD RIGHT-OF-WAY,2.0,64.0,2.0,2.0
135ab23c2f248855465fb4929aa5809069c611b81de934f8e03b77947d227f55bbbaa17c65726c785caf0df53d204d35dd1603fcd4936e563b07f2fae27e3da0,CLEAR,DAYLIGHT,DRY,FAILING TO YIELD RIGHT-OF-WAY,2.0,68.0,2.0,2.0
135ac042af221df9e09d1b89f20b40232444d8da46b9b360ff25ea3bb14010731700eb7e8e38cfa7779395725207f79eb81b2fc7e84158ef74f27b1ebd911caa,CLEAR,"DARKNESS, LIGHTED ROAD",DRY,DISREGARDING TRAFFIC SIGNALS,2.0,30.0,2.0,2.0
135ad7d544b1aae442c634b9f48654e0996f8735f1c8950f80a617201dcdb26ac771f5cff1c2eb414bdb6ad8b3ec8c368402da0b004e7f4882a2a8ef66165061,CLEAR,"DARKNESS, LIGHTED ROAD",DRY,FAILING TO YIELD RIGHT-OF-WAY,2.0,43.0,3.0,3.0