crash_record_id,weather_condition,lighting_condition,roadway_surface_cond,prim_contributory_cause,total_vehicles,avg_driver_age,total_people,total_injured
135aef441d5ceaf852a33be2e0ae8f103b4b8162f587fe5ece0c48ec2b770da3d559913cb561bc2f5c9cff6467af324be3731aa5c5c5f6062ca11837f7cf31b5,CLEAR,DAYLIGHT,DRY,FAILING TO YIELD RIGHT-OF-WAY,2.0,44.0,2.0,2.0
135af653289f0e7b596056c3dbdec47cf8c89ca365c4d011e32f4883092970f541d25bd498ad4ed3fdd8233b8db83dade58f44fd616f5d1cd883e49db0cdc300,CLOUDY/OVERCAST,DAYLIGHT,DRY,FAILING TO YIELD RIGHT-OF-WAY,2.0,27.0,2.0,2.0
135afedd0d9ba7b8728bc2af0e4124e356a364df7286c2b45165976e504c14ca3539382d0f2ec3a26743fed61c70ee12d4b97a8f57b3212236330d2ed830f5b2,CLEAR,DARKNESS,DRY,IMPROPER OVERTAKING/PASSING,2.0,31.0,3.0,3.0
135b18995d311c28e56ec13cd26fe26db834aa9d63e8dec4e719896b872e6bf3826d117a235bc64a1e617caf167056b223d1522adf98e1ca78700862f557b1d7,CLEAR,DAYLIGHT,DRY,FOLLOWING TOO CLOSELY,2.0,41.0,2.0,2.0
135b4b733c34b44bb6ed811cc4eef8a6bb96e5342caf4f371069a502c5dc4b85b6d415c2edf828277494fd461076d1b9249537655c5aef3c17cd179c811a3f24,CLEAR,DAYLIGHT,DRY,FOLLOWING TOO CLOSELY,2.0,46.0,3.0,3.0
135b6410a403e4d17352e29ca744e91dc3a68dd18618de64c3c2474ec9d77af058a5fc714deaa80c4706432e43bb1e8027556f90f46f2bedb284e9e931dba4f3,CLEAR,DAYLIGHT,DRY,DRIVING SKILLS/KNOWLEDGE/EXPERIENCE,2.0,37.5,1.0,1.0
135b81c4eed9c0da347ec4d5276287d8808ecea068e1c5446f4c19681d972a5606ca3551733307709e5c56ed65ffee52670e75ca45b14061d6bebf155a166962,CLEAR,DAYLIGHT,DRY,IMPROPER TURNING/NO SIGNAL,2.0,41.0,2.0,2.0
135b9d9b0e57160b0e44a00496e7e5d535a2494904c4eefa9b81ab97b12d152cd00d725669850c5db9b51946deeb483416a5a4de3b94782a73485e2f3d0a85bb,CLEAR,DAYLIGHT,DRY,FAILING TO YIELD RIGHT-OF-WAY,2.0,21.0,2.0,2.0
135bac2cd10acf723ba288b57ebb6b34d1078c334634d580bd2acc32d311fca289b4e7977f0c9ff3336a963df5821316b7f5402bcc295f5977f2c164e7833556,CLEAR,"DARKNESS, LIGHTED ROAD",DRY,IMPROPER BACKING,2.0,37.5,1.0,1.0
135bb1a07ce1c947cb47692e90dea46b70e3c06e8003581efcd90b87771d7f86090313179f9983039e7a6862a59c5a1546471921c2192b9a4bb6d759712d90b1,CLEAR,DAYLIGHT,DRY,DRIVING SKILLS/KNOWLEDGE/EXPERIENCE,2.0,60.5,2.0,2.0
135bb74ceccc0a72a89355aa01aca9b49947f88f7edd847fdde67c935fa927c6dc080ac22e72b99222654c80a27c9703a66124c9224e1626308c123f4a0428e8,RAIN,DAYLIGHT,WET,EXCEEDING SAFE SPEED FOR CONDITIONS,2.0,39.5,2.0,2.0
135bb762bcdc4f18e2e122a356ebcdaff3b3495d96f8ff7da0dce785b76773afc47a3d0e6fcc32546db7f3985d47e3db784a1627de03283a4990f8da4bc0cbda,CLEAR,"DARKNESS, LIGHTED ROAD",DRY,"OPERATING VEHICLE IN ERRATIC, RECKLESS, CARELESS, NEGLIGENT OR AGGRESSIVE MANNER",5.0,17.666666666666668,4.0,4.0
135bdcd8025cc0dce32398b274a0e123b67eca8d0c5f3624227bd23c8e35769b85b6c4001d734cc70a6e836ef33c16296429e607168044cab8600325ca2581c4,CLEAR,DUSK,DRY,FOLLOWING TOO CLOSELY,2.0,42.0,2.0,2.0
135bf202974d774473355736997c7b0eb68e0cd01d9434220a98bf1d52db8a46dd91639e3d50a3bd513f0b5603e9e7fddd4db76f2aa9c67735880840f4968a9e,CLEAR,DAYLIGHT,DRY,FAILING TO YIELD RIGHT-OF-WAY,2.0,33.333333333333336,4.0,4.0
135c074de72ad244017280dc15fa901d3a12a051201494f9979fccd79a9ed1d50a2cf970e2a940ce94a265a5caab69a3b31534065503bd67e0caa61e33fb6d59,RAIN,DARKNESS,WET,DRIVING SKILLS/KNOWLEDGE/EXPERIENCE,2.0,23.0,1.0,1.0
135c128f3d59a0474fb60addd9a7446fa5296e0d41444af84045977140449d27b9d6231ddd95f07a625fd7577dbccffba6a1b5cb29bf6bc6ed3d2f3fe9096962,CLEAR,DAYLIGHT,DRY,IMPROPER LANE USAGE,3.0,14.666666666666666,4.0,4.0
135c1de152d7e9cc9e5e98ff984cfeb217b3212b46b1e5a6737de7bee0fa2543843823d631c429aadecebfdc1d684dfa2d8d08dc4b2b13821cdbdb26bdff697a,CLEAR,"DARKNESS, LIGHTED ROAD",DRY,FOLLOWING TOO CLOSELY,3.0,34.333333333333336,3.0,3.0
135c7a7088b0dff6b8c45343633d1f67e539c99607774b31566a88625f28967108ba5c988c554167f0007388f25a0bad28a0bc4172758a2fe2e556b9415f3843,CLEAR,DAYLIGHT,DRY,FAILING TO REDUCE SPEED TO AVOID CRASH,2.0,48.0,2.0,2.0
135c83d38247b535945547308ca07e151e8267d612ee7496a7da874e3b1d1b7447a884d2b8fa5788142e8427951f599613a7f4bc39f7974e35948ec085b4bdba,CLEAR,DAYLIGHT,DRY,DISTRACTION - FROM INSIDE VEHICLE,2.0,35.5,2.0,2.0
135c9ca96de200a0b72bf8b9dc105c90dd002535c7f205faf5d205246c8edc40ca0b45aa6e940b1e73c6b9ce131b94cd1413f94916708aa704576fc116036b67,CLEAR,DAYLIGHT,DRY,FOLLOWING TOO CLOSELY,2.0,22.75,4.0,4.0
135cb3464923da2ba09f83b1aa051caf6ccb036fdb022077c7430052e4c4ea98d1f2e9c265a2a964ef61935576f023fd72ec6217d6d5479bee3355c8f7d1e137,CLEAR,DAYLIGHT,WET,IMPROPER OVERTAKING/PASSING,2.0,19.333333333333332,3.0,3.0
135cb746ce58034b9b62fb8bc72e8e77f934d2e61beae0358ee1e5cbb42d6a829d5250c477421ee97ef3c0752ed27b70b5a340ab4263c3380e8f35effc242752,CLEAR,DUSK,DRY,FAILING TO YIELD RIGHT-OF-WAY,2.0,29.0,2.0,2.0
135cbe900d509aefcb141ce47d65ee172929a44e5d2aca047b9c35a1a395a6943b99e42d778a2a9e5f0d0b9173faea1709006109d6c2fe7065d9901260bae7a0,CLEAR,DAYLIGHT,DRY,"EVASIVE ACTION DUE TO ANIMAL, OBJECT, NONMOTORIST",1.0,41.0,1.0,1.0
135ced22a073f1064efd1afbb5c7a4a5099350924e7abec68c92499a042f4d0d478812526d8095d1e0e72a42c9b4077e48b998ad2e48f0bf13ec33909eea0052,CLEAR,"DARKNESS, LIGHTED ROAD",DRY,IMPROPER OVERTAKING/PASSING,2.0,59.5,2.0,2.0
135d0a14286d65ebcda9fc143b94fbd596f4dacd4706d5be0ea927ef858fae0537cbcb3d5f35a367cec5517646640c2843912a45b95037115723b2eb95b2f019,SNOW,DAYLIGHT,SNOW OR SLUSH,WEATHER,2.0,45.0,1.0,1.0
135d11c3b8fb70ecfef831c74f31ae152616de41cd776150534b4389e10fad0483676e1b366ded1f251dcf0024bb434b11d65372fd6e107b1366b26ec5d5c2ed,CLEAR,DAYLIGHT,DRY,FOLLOWING TOO CLOSELY,2.0,26.0,2.0,2.0
135d142f724eee2a4f5aa26fa36134f9e5c0efeb217872e7eef7fbeb39fdcd6577da5b473e4a0e996a84d3604a3cecc8cfd9720d8f8f5fa1042f67c0c34b7f65,CLEAR,DAYLIGHT,DRY,IMPROPER LANE USAGE,2.0,36.0,1.0,1.0
135d20bbc293520f4228a3ac2a8304b54b12ad83f86b4c7029abaef8d90eaa986137ddcf68e36766ff1fc84734bf6b5bf09f6490c8614d6762c9ed2976d6d977,CLEAR,DAYLIGHT,DRY,DRIVING SKILLS/KNOWLEDGE/EXPERIENCE,2.0,58.0,5.0,5.0
135d22ab00eff33d0287928a4d238f8bb61f27e9dece5fe6d6eabb4629887e24064a0b112acd40047e6cdf25acdc437618500ea9fe41fd6c3d1c9a8e929a3a0f,RAIN,DAYLIGHT,WET,FAILING TO YIELD RIGHT-OF-WAY,2.0,26.5,3.0,3.0
135d2bac01beafc06c5b5cf990b43dce250f7f88c155fc124fdbc753a4e0703a03a18e77401a74f7ce31074c9b646cf29ca4aac068575aaee44f2671d8e10913,CLEAR,DAYLIGHT,DRY,IMPROPER TURNING/NO SIGNAL,2.0,24.0,2.0,2.0
135d4d129aa27b30938aab00cac308b66c36fcc3db072c0ba8ed54186ef62281904ee003577172ddbdd3daac313a9746d881a41821ee286e6d5cea2244f17d08,CLEAR,DAYLIGHT,UNKNOWN,FAILING TO YIELD RIGHT-OF-WAY,2.0,48.0,2.0,2.0
135d51a1519cc9a7c79fd9315844da18ee2f65c85d7fd68490ea8e0971024959801c332e35a5fded10387b9e0347c71cbe5cf5feaf5aee4ed701dc8467dba22d,CLEAR,DAYLIGHT,DRY,FAILING TO REDUCE SPEED TO AVOID CRASH,2.0,56.0,6.0,6.0
135d5ad093354efabda6fa36b04f644da114e69e96111749888b9da12949a0876c64e21782048029f17c37f96b343feaaf8d4d8417d1627700e85ea88ead0871,CLEAR,DAWN,WET,IMPROPER OVERTAKING/PASSING,2.0,48.5,2.0,2.0
135d68861d243672b22fc3e4aaf80809491a1edeac851f8a77ae2560cf2125de16f9ec2a476c1b598b6a37f36684e419f9b935ad7a4c639db98d2c1844bf3766,CLEAR,DAYLIGHT,DRY,FOLLOWING TOO CLOSELY,2.0,24.5,2.0,2.0
135d863ea904b27a1695116080112bc5b334f7705ea3855fd951e5246a3f286b515443552b90a812941ca6aa5b393997bb72327e0f52dacf46879bb082d5540a,CLEAR,DAYLIGHT,DRY,IMPROPER BACKING,2.0,71.5,2.0,2.0
135d8dd428f0245e6b0fa198b651efa180c151943ef1d7293a026df08eedd0051e6eb7553a16e1b8c23620f3d2008f65f9bde121e0fe94b1cd09000903c83fb5,CLEAR,DAYLIGHT,DRY,FAILING TO REDUCE SPEED TO AVOID CRASH,2.0,55.0,2.0,2.0
135db47393e5eca4f2c10a29900538d1e9f333672a5abf1b5a5d3124cc36fab4c63ac4414cfe7d6b7088951af22a76aae9d1baab582ad7f72dd27ec45d2691ca,CLEAR,DAYLIGHT,UNKNOWN,FAILING TO YIELD RIGHT-OF-WAY,2.0,46.5,2.0,2.0
135dc366fba612020d952715d5897e2bfcd304290ea90066661dd84b58f1a28bb6eabd28256b92b10fee391b10e6627841d4afaa638f80ca212b70fdf6993ad9,UNKNOWN,DAYLIGHT,UNKNOWN,ROAD CONSTRUCTION/MAINTENANCE,1.0,39.0,1.0,1.0
135ddd90887b2b632c38eeb283276c8d1a91f8a2ccfd7d8159b7fe843d872aed641c562b3b43dd9d00a3ad649e7c2cae7098e18985420e741e017af7fd0c3d60,SNOW,"DARKNESS, LIGHTED ROAD",SNOW OR SLUSH,EXCEEDING SAFE SPEED FOR CONDITIONS,2.0,32.5,2.0,2.0
135ddecb09e462e590d909a3789a253c10c913b46128862613c0b47fafdad65b002d506be109526592aa6a893e3a4165250bf24f913fca09d834ac7c2cf02980,CLEAR,DAYLIGHT,DRY,FOLLOWING TOO CLOSELY,2.0,34.5,2.0,2.0
135e0e697a85dcde4297847003be3b9ffa7e26845047248cea02987f51462df247cfb9ead5141e7962fbb958c0fe77157ff83e52d784a65e225f2b03604b3ca5,CLEAR,DAYLIGHT,DRY,FAILING TO YIELD RIGHT-OF-WAY,1.0,28.0,3.0,3.0
135e26af8eb6858780e9ba562d4def4197e6c9416ddd7d823e6c87b29523323b459ad501b44b176d019524e8e7de17816b509e2400dcf74557723ec6f8485501,CLOUDY/OVERCAST,DAYLIGHT,DRY,FOLLOWING TOO CLOSELY,2.0,31.5,2.0,2.0
135e2a93bcebc5c9130628c8e1c4b49c3839741fe3b86ee840287187fdbd2e6418a3fe54d4d738965a783e9cf74ac241c73e1d885e44e1ada96401ee3aa336da,RAIN,"DARKNESS, LIGHTED ROAD",WET,IMPROPER LANE USAGE,2.0,31.0,2.0,2.0
135e582274f979f0469c1ff4bb9bdd53ca47e8af916d322b6d32f7934d3ca3cd57e647c0e1ed3b83b2debe4af143eab349cdfa51485a0dff42677832d8c92ee9,CLEAR,DAYLIGHT,DRY,FAILING TO YIELD RIGHT-OF-WAY,2.0,57.0,2.0,2.0
135e72a751fb1aac1440845f835f75bef91e9b31f2555961bd4914d7d707cd6801742d4dc991e8db6833d309d38bdb1b6c79ea54b9e8073a6106341c32cec660,CLEAR,"DARKNESS, LIGHTED ROAD",UNKNOWN,IMPROPER BACKING,2.0,37.5,2.0,2.0
135e8871d7115ee8c3521ed5776db5c29245fde2cce2d8e91345569d0f7f14b7533a543f3826d10e8489950184189e4e662f5dc0d514612af087334d80811754,CLEAR,DUSK,DRY,FAILING TO REDUCE SPEED TO AVOID CRASH,2.0,43.0,2.0,2.0
135e922fe441346d20812502e60c419334873d676c8963f7c5d5002bc89db1cee4df54c1701557b0cac1ced7549ad9d0e707b92cd6cdb830b7225c2a2800095b,CLEAR,DUSK,DRY,IMPROPER BACKING,2.0,37.5,1.0,1.0
135ea746f80ae831f03910b3740e72cc4288ac08b67284a2298b189b57f3ffe6d03a054ef0587ea1b6322179c4dab91f37129eb7accb9b1fd710dd765f8f6a12,RAIN,"DARKNESS, LIGHTED ROAD",WET,PHYSICAL CONDITION OF DRIVER,1.0,46.0,1.0,1.0
135eafbb6e93b49ca4228bc7c1b0103fe3f97c6d43b928baec705a78c93d3f5e80f0766022dea9e541e932cd95bc4018d15edb093975f6db0075ffd25b8a5c60,RAIN,"DARKNESS, LIGHTED ROAD",WET,IMPROPER OVERTAKING/PASSING,2.0,44.0,2.0,2.0
135edb91a5de2384fd693746089ae171d6798aef9684ba0aeb2ddc0f7e9a5a5c104c080bb2c90b5f2d6227165c1a21f5f74080468118aac263d297dde72b54dd,CLEAR,"DARKNESS, LIGHTED ROAD",DRY,IMPROPER LANE USAGE,2.0,37.5,1.0,1.0
135f08ee076256473ffb33635defdb72a596fee03e1553dcdce450b067c93f59b58bb444eab3afbb00491c9e88fe1491603d51bdb8dfbec9e6f9ad4b42c6405d,CLEAR,DAYLIGHT,DRY,FAILING TO YIELD RIGHT-OF-WAY,2.0,24.5,4.0,4.0
135f6c848d677bcf613fd0eb5fc975e6a342b1637077b46547c0311af5285cd089601e337d548202b1b8caeddb869819ef55d5ecc0ed864c2805c5155d27fde6,CLEAR,DAYLIGHT,DRY,FAILING TO YIELD RIGHT-OF-WAY,2.0,34.0,2.0,2.0
135f7251f7dd93f956d9d4d6ff403d799d7075893b97d3c4d17c8f3ea7690fdc55cf4cff2a894608366010cfb74c5615b975f0d8e2a420f5f2f7ab83e53ceb0d,CLEAR,DAYLIGHT,DRY,FAILING TO YIELD RIGHT-OF-WAY,2.0,46.0,2.0,2.0
135fad10eb7400504a81a771c8372d010cc5b2ead371e789bb67c0d7efa7d5caccca35ca6ca1a474d5ae074372b36735b55ebd8fbd012ea1f467907fc1bf0c9f,CLEAR,DAYLIGHT,DRY,IMPROPER LANE USAGE,2.0,54.0,2.0,2.0
135fb5317e208e0411a02c527e02427e14397ab847d3e94afbfe47e4e444e60a7e257f549ca98174d6debef73dba09fbddf25a489c16ba278a79fbdecee471a3,CLEAR,DAYLIGHT,DRY,FOLLOWING TOO CLOSELY,2.0,27.0,2.0,2.0
135fb8b6209f22103e680c2d4c89505a07801400b122e38eeb4146d3a4236527077a60d2fb3ade22e8a8fe3430febb260484823f9d674625bbd433ffadab89ed,CLEAR,DARKNESS,DRY,IMPROPER LANE USAGE,2.0,37.5,1.0,1.0
135fd5bde3d53697f8166e7f03492f2b3b0e2611db4ddb9241b56859efcd53bb51659477e3d62c11bea476112dcd009c60e662e9be8fee5a315556774dc16ba7,CLEAR,DAYLIGHT,DRY,IMPROPER OVERTAKING/PASSING,2.0,32.5,2.0,2.0
135fec994fc03c7c56349671aaede3329ea1d71367efe96786c1d44376f99e643cfceb98b238a6ff9d9df16b794cfd53352b4368a5d84aeee0b8bef3b9de81d4,RAIN,"DARKNESS, LIGHTED ROAD",WET,ROAD CONSTRUCTION/MAINTENANCE,2.0,37.5,2.0,2.0
135fed630516a37465350d9e1e2314cdea1950641975a63a1cd2e616c6d123820e5cb8c87764c10e9220297a5e2499ab2151e7a3b19e269ae05667c2d79354a8,CLEAR,DAYLIGHT,DRY,IMPROPER BACKING,2.0,31.0,2.0,2.0
135ff630684238791c3e6e10c73889b0a2c9de258ba36a81b9f3c77e4531e07425a7066bf73b1397fb6a71237283ddc07544a79169fec83594c34f091daace8d,CLEAR,DAYLIGHT,DRY,FAILING TO YIELD RIGHT-OF-WAY,2.0,31.0,2.0,2.0
136001059162d1ebd2c0a20d80d32a2f3d4192b3f54a6da79c8cc4cc685979cbc5f97859a4ed363592462c4fd311d104ce36240355158d41bbe6b076cbec3c47,CLEAR,DAYLIGHT,DRY,DRIVING SKILLS/KNOWLEDGE/EXPERIENCE,2.0,69.0,3.0,3.0
136019ef3c0a535400a542f1c4fb41b1b741a95bae20ef7174f355c6784b48caf16e1f04450d66e1b24580bd8d4da419785cb2462e6640c206d498051c588665,CLEAR,"DARKNESS, LIGHTED ROAD",DRY,DISREGARDING TRAFFIC SIGNALS,2.0,55.0,2.0,2.0
13604b32a6f86f40085e4f0476057f3fd3471c9f21c02916e8072faf01eaf3685ae5f2c66d5d04e8175c75dcd65b754690391e9759f3e1e7e075070a9bec5ad1,CLEAR,DAYLIGHT,DRY,FOLLOWING TOO CLOSELY,2.0,38.0,4.0,4.0
1360589717cc5fbf04a25ec6335ce1676641575392ccdd1971582626993da581015f2e9fde4e44b2f11874e7234a79109946ec8c9507752f40dd21471b45c96b,CLEAR,DAYLIGHT,DRY,FAILING TO YIELD RIGHT-OF-WAY,2.0,27.0,2.0,2.0
136059d1cfb816d3abbc5f262d20ca560e57fee01a96cd02babc15d6e5e7aece8789bcfcb62655f5ac4ab00e7a616df44bc4361dcca1219602956ebfaf2233ee,CLEAR,DAYLIGHT,DRY,DRIVING SKILLS/KNOWLEDGE/EXPERIENCE,2.0,64.0,1.0,1.0
136093b072a04cd2521a4d986e33ecb55b35c9ca943171732185f05ff7e6fdc98c6c12eb01994a2b5af94f5ed85dcdc8eb998f11eb7c34d9c0ea9d434f06efbc,CLEAR,DAYLIGHT,DRY,FAILING TO YIELD RIGHT-OF-WAY,3.0,36.0,5.0,5.0
1360a9071fae26957932dc61764694572e93134be1bdf24675b99ec82903acfdcefe54a2445c2cfa3d09ef197604e8b5b51f8d53740b22ce0030512254993d0e,CLEAR,DAYLIGHT,DRY,FAILING TO YIELD RIGHT-OF-WAY,2.0,18.5,4.0,4.0
1360b3e3ed55c2371335b5b4ddfe15f8a7d22854a48ed5204cd80b25b61e51cb090f4b8e7df34634bd8427603595edc6921f337ef87917fe31c33d023c63da73,CLEAR,DAYLIGHT,DRY,IMPROPER LANE USAGE,2.0,37.5,1.0,1.0
1360b9c06dda3a24cf67be8cb4d21b9530101e3805d8f3ff4a6f6177b5f8dead2413b20d71a1a54e07250e67819765ae95052de72413a2cd5badb0a80499b5aa,CLEAR,DAYLIGHT,DRY,FAILING TO YIELD RIGHT-OF-WAY,2.0,54.0,3.0,3.0
1360de9217169f893b7d327ab240620c34cb2fe8275180929bd8184deeafce89bd266b044e537686510d124cec8a2398f3093464f5e2856b999c5b45fc9d2a1f,RAIN,"DARKNESS, LIGHTED ROAD",WET,FAILING TO YIELD RIGHT-OF-WAY,2.0,51.0,3.0,3.0
1360f5d0295e9ae019ea42a1a6e6c1d1bca08a382154d4a59a59d95b0e35db18fa5cb7c498b116f03bb12916cef8ad483831a93e69460886bac18882e0250151,CLEAR,"DARKNESS, LIGHTED ROAD",WET,IMPROPER LANE USAGE,2.0,44.5,4.0,4.0
1361200581e8ec0ad10a67ef287ddad93d5a5b9d804dbfa2a9e9b82f47f73f5aa303a79e0ed366543fc92ef7ece0c24a368d06f7b889fe8420d53e64558fbdfb,CLEAR,"DARKNESS, LIGHTED ROAD",DRY,IMPROPER LANE USAGE,2.0,37.5,3.0,3.0
136131e4dcd3916c8b5d8e6ee4742190124346369555c0582ab9d1eb6539aea3508bbcc7597ae35aa939bd0e0e16d125898fb3d1f5019adda8a352ac34d4e8be,CLEAR,DAYLIGHT,DRY,FOLLOWING TOO CLOSELY,2.0,28.0,2.0,2.0
136148821f58267a8e2b0c6d8c756ba0ae6523c68d86468d553d2bc6195ef73ceb7de5aaf1733b56b27df98a353b5756692f483b79e863b37473c137ccfb2d05,CLEAR,DAYLIGHT,DRY,DRIVING ON WRONG SIDE/WRONG WAY,2.0,83.0,1.0,1.0
13615734a20b7c89e1e559a42be2d1b2a5caeabcebc27b47d3e431e1c71ed936a84bc81ea37f8954e6377425fde13502f11356594a4a8329a3b12c0f0ae9685a,CLEAR,DARKNESS,WET,"VISION OBSCURED (SIGNS, TREE LIMBS, BUILDINGS, ETC.)",1.0,51.0,1.0,1.0
136175d1bd6ba895d197806c31df7e57447de7f1634c0bd39afaeae9eabd237b9cb68ce47c67dacb346b1b3d10b4e3c0d060c9335269b31b8e20863a3ac59b71,CLEAR,DAYLIGHT,DRY,FAILING TO YIELD RIGHT-OF-WAY,2.0,28.0,5.0,5.0
13617f51c6177ca76dea1ed3d67b7f0469fd6db049c51a98bea4b3b9efea3399f2c0144686b79a659f6a9b779e12bf2e8c6fdf8760ff00a9767d4e5192613dba,CLEAR,DAYLIGHT,UNKNOWN,FAILING TO YIELD RIGHT-OF-WAY,3.0,25.5,4.0,4.0
1361a65b350ba37bc0ab2a33b7813635e0a732c7eab2f1f1edcb8ba085462ee84981d07e865978d4f05ddca794699da099900d48cc4146a0322604aba6a41bc6,CLEAR,DARKNESS,DRY,DRIVING ON WRONG SIDE/WRONG WAY,2.0,50.0,2.0,2.0
1361cb4b32068361e6df2423a191402fd39f73e0a8c9eb654e98dd6e262ad9d304106f85910a88dddbf49b87cddf5957c7b900712aac59b1a5979c1c1dd263be,CLEAR,"DARKNESS, LIGHTED ROAD",DRY,DRIVING SKILLS/KNOWLEDGE/EXPERIENCE,2.0,39.0,1.0,1.0
1361e31d48b9b00e7e01bc909449fbbc6798846846ded0842bd81e6a466c774d2fc3bd1c9e23d2bef5a2a89f5fdc27583613071f4f5fecb454f8c4aeb8a681ec,CLEAR,DAYLIGHT,DRY,FOLLOWING TOO CLOSELY,2.0,62.0,2.0,2.0
1361e5e4391424848cd24572aee22e5d28e48864c72acaea5d13d12362ff35cfcd1a040d72e12376fd5672186b48dd132c37f836b91cfd5eae536a3ad6fececd,RAIN,DAYLIGHT,WET,FAILING TO YIELD RIGHT-OF-WAY,2.0,38.0,2.0,2.0
1361f261ae7e5c12b1bf896b97c98f54241f578c2140a668f845ac5de0c7aaaf2d68b8843ea3aa7fa9bb3190b48230d5cb61e39f66abff492e5af6254071fcbf,CLOUDY/OVERCAST,DAYLIGHT,DRY,FAILING TO YIELD RIGHT-OF-WAY,2.0,46.0,2.0,2.0
13621ffd74e223c67abbdd7fc52f585c4a7717a3aa7b12a780c9b04147dadd9455f1533c72103148218b2df10ee4f263bcdcca8dc368d9e32efc108e610430a3,CLEAR,DAYLIGHT,DRY,IMPROPER TURNING/NO SIGNAL,2.0,23.0,2.0,2.0
136223bed6efb252f38b535c6e98576606246d6276d5d257d1eaf6c98073817c873e46052b0497765223c3301281531fc30906dd803370be4f1e9137649fa01f,CLEAR,DAYLIGHT,DRY,ROAD ENGINEERING/SURFACE/MARKING DEFECTS,1.0,72.0,1.0,1.0
1362367d37aad0fc393599b726a058a91c2a8fe55606dbec1b804a854f22f6a58b2f15ae5203a1857b6d6ef09ce4b165b205f379197241c5c5ed748cacc143d1,CLEAR,DAYLIGHT,DRY,FOLLOWING TOO CLOSELY,2.0,58.0,2.0,2.0
13627a2a239b1d3f1e1b01872f9e82363603255c408610e4cb0813b5c8b5cfafa6abe97687cb58621b447c43b98c283accbcafd98ea1e1e92795a2682b6d9b0b,CLEAR,DAYLIGHT,DRY,FAILING TO REDUCE SPEED TO AVOID CRASH,2.0,50.0,2.0,2.0
13627c4b7f0d55623506a3fd3c36bfc20078bf642b27b6dd399af483429c248e3b12646db3cf24ef4681f4526cf3d7a24e1c32a910bdba60e1698a60c04f961c,RAIN,DAYLIGHT,WET,FAILING TO YIELD RIGHT-OF-WAY,2.0,36.0,2.0,2.0
136281993bdf42956a13edfd40510a953cebabdde70104b424f5d4a221784a89c192ad16f46725e5ae4895a4646b1d02b4fd7473cfb6fd32a0a55cbb1ece37a2,CLEAR,"DARKNESS, LIGHTED ROAD",DRY,PHYSICAL CONDITION OF DRIVER,2.0,39.333333333333336,5.0,5.0
1362a7d01883611555a6aaf4621c7432365bc845cc869c1ac28509eeb8af285d27b87d89804535d80f6d598bee0101688eb66ac7ea71bc2cda5c2fc7cf195803,CLEAR,DAYLIGHT,DRY,FOLLOWING TOO CLOSELY,3.0,29.25,4.0,4.0
1362afbd1e2f90e9392bb962301a77d83eb41c62bb556249012c311ed43d117e2f8a07c759a2a75163ed7c7d8f8f41f33fa777c06ca567fe835648d22e74b47d,CLOUDY/OVERCAST,DAYLIGHT,WET,FAILING TO YIELD RIGHT-OF-WAY,2.0,30.666666666666668,3.0,3.0
1362c0dfd81599e2d6f35a6150fdb0490ef1d2d58332daeb740ed26d6c5937931c10f4eb61e8cae776e788230cd953741066bd07de440ad95cb611bc2bbe0481,CLEAR,DAYLIGHT,DRY,FAILING TO YIELD RIGHT-OF-WAY,2.0,34.0,2.0,2.0
13631f5ce508383e9fb777dc5269ea654bc11022866f8a66873c578672da8d52b9292762a70ed2dfec0224a505f35ce759e7b486afc6c3babc8cea7a3fbb1bb0,RAIN,"DARKNESS, LIGHTED ROAD",WET,DISREGARDING ROAD MARKINGS,2.0,48.0,2.0,2.0
13633059a92734adb8976379b1b5e4a088aeea78f141346978beba1a898fd3fedf432d289469d53b5d1db73d79beacd2d881086d3bb90561116d5e8e36284526,CLEAR,"DARKNESS, LIGHTED ROAD",WET,IMPROPER LANE USAGE,2.0,53.0,2.0,2.0
1363357fbef1c46d97ad09850143e50a637455a9dc1aaf3bf6d7a5eaf4587a9e8c53736433dc8cab1f921973bbb5ff9aeda48429492d286d266646c56ffba243,CLEAR,DAYLIGHT,DRY,FAILING TO REDUCE SPEED TO AVOID CRASH,2.0,14.4,5.0,5.0
1363439c60d12c2f7470282a58f96cb227894547cb66bce7d3aa692a8810bca43a86330317e5ca7f973feacfdb172c8b24afc6b4c8d5427aecb169c92462335d,CLEAR,DAYLIGHT,DRY,IMPROPER LANE USAGE,2.0,29.0,2.0,2.0
13635c87f3a1982549e6b6e8a01ce7454695b1e52f2486780615abdc7140528fdf281e67c7502f6a8f7945f08812921ae61e794c30d2b61225b6016347fabdcd,CLEAR,DAYLIGHT,DRY,IMPROPER OVERTAKING/PASSING,2.0,55.0,2.0,2.0
13638af4ab9dca7985cd23e6ca668d5a626675aee3fe01efb7669c7a5b8bd2558259ad4b31df616c97ef376930234ffe36b65ea75edde0dc16fd045fefbf76a8,CLEAR,DAYLIGHT,DRY,IMPROPER LANE USAGE,2.0,45.0,2.0,2.0
1363a4426ac725afff5a36abde7017b54f37362deb8f8999f30ef2751c0d7cb2247fffaf1dcaab0d0ef58d60c63574201f69fa2eca3d89006d6d15881030181f,SNOW,DARKNESS,SNOW OR SLUSH,IMPROPER BACKING,2.0,37.5,1.0,1.0