crash_record_id,weather_condition,lighting_condition,roadway_surface_cond,prim_contributory_cause,total_vehicles,avg_driver_age,total_people,total_injured
1363a750bea9a94a88b6a61905152136f9c7eec5353debdc11de1e2411140cd4b03b3a7aa268192682a5e6f861d2c403021979a5954080f90c04a6205103e8d4,CLEAR,DAYLIGHT,DRY,IMPROPER LANE USAGE,2.0,43.0,2.0,2.0
1363a7e67570767d276684fa65b849a958392038878b2636b5f1dda4cb06aed9c69bb3619131933ad23a370966fcd7d5f1ef6be192409b8c5422743da482b1ac,CLEAR,DAYLIGHT,DRY,DRIVING SKILLS/KNOWLEDGE/EXPERIENCE,2.0,46.5,2.0,2.0
1363d3feeb60900d6bcf00f8dbacf0e7c3e14c62b6c5668047a61a338e1affefc0e2f3d3a00d7a6318375cc197234c5b610a4c93a2f3a3689672a4b0b57f867f,RAIN,DAYLIGHT,WET,FOLLOWING TOO CLOSELY,2.0,27.0,2.0,2.0
1363d5084435192c4f9f4d1084ff85dfead4d335a9668a076334eb6c1e42cbf497a3dfdd808275ab8de2539ef43f51a76edc50c4ad387783a423870f9efb56f7,CLEAR,DAYLIGHT,DRY,FOLLOWING TOO CLOSELY,3.0,53.333333333333336,3.0,3.0
1363f0264144b065a823be45c217b6be32dbe0a0cc8a93a04eaa4110afa7ff8e53505433d6e7ca607bf25ed58da3a10de9aa8b121175c2a9b1c469afc7412d87,CLEAR,DAYLIGHT,DRY,FAILING TO YIELD RIGHT-OF-WAY,1.0,36.333333333333336,3.0,3.0
136463768ee6220692fee14737583fdf786427f598f4eca341a302df6b73b10080d7779c33543468a97897014e705d23fa9f4650ce8bb567d9705c7b7d282013,CLEAR,DAYLIGHT,DRY,FOLLOWING TOO CLOSELY,2.0,36.0,2.0,2.0
1364824e83448c433dd29ae33fcbff4bd2ca954b45b2c1f2e5533ef01f3a91c0db39fadbc0c397996ac269a31f259b33095238a31334e064f27e4c1e9a5e8442,CLEAR,DAYLIGHT,DRY,IMPROPER BACKING,2.0,39.5,2.0,2.0
13648a588a7674eb4ebec5251bc3d1aac162e746cd630536c58263e1c29854ed8e2386b690e1b4377ebc704fbcea8f3340b04b70bb46756991fe52717c87e65f,CLEAR,DAYLIGHT,DRY,"OPERATING VEHICLE IN ERRATIC, RECKLESS, CARELESS, NEGLIGENT OR AGGRESSIVE MANNER",1.0,15.5,3.0,3.0
13649a8e27a983706826f1e7a2fdc101904b21f59e6f991a30a18ed1de0a7f161df4a5e71433de44f87dbebee5062baccede176c624296f43593ca5aa349906f,CLEAR,"DARKNESS, LIGHTED ROAD",DRY,FOLLOWING TOO CLOSELY,2.0,27.0,2.0,2.0
13649fc6ebb6247f039060d4226f2658370d48a166431f3204f3a7bd8da6bafed0615724087341707f71d6c64edf1f773615eb81bc852e6973fa42ba8cefe6a6,RAIN,"DARKNESS, LIGHTED ROAD",WET,"OPERATING VEHICLE IN ERRATIC, RECKLESS, CARELESS, NEGLIGENT OR AGGRESSIVE MANNER",1.0,57.0,2.0,2.0
1364ef087c1d93c2d2ce19b6edad2d6da17575994228d4e88468324942c80b1948195db007c9294871c2fee511352f1cae480e841c7621dd587d9a3f26d2d268,CLEAR,DAYLIGHT,DRY,FAILING TO YIELD RIGHT-OF-WAY,2.0,46.5,2.0,2.0
1364f0f7aa45d37841a3318b2dc5788da02ea4920d3624a0ca165911d5990412130f21f4dfc102c592848dae44cd2bf3dabf04af1c7951f607d8d0f563736743,CLEAR,DAYLIGHT,DRY,FOLLOWING TOO CLOSELY,2.0,39.0,3.0,3.0
1364fb0779a0c4c6e452eb9d64be4bb5239d421a58bdf5a20e21101a009402a10688aadea31a843a0a96ecd12e447d9407a0fbf095276c8342cd5b4d94b347c0,RAIN,DAYLIGHT,WET,FAILING TO REDUCE SPEED TO AVOID CRASH,2.0,20.5,2.0,2.0
13656c794664de1d32c35d79e0461706c8467413fcf8f57be685d1f261d7ba9255e5ea97ae75a004a8c44a18a0012bb8fad4b5ac7c217988aa66bd462dd60671,CLEAR,DUSK,DRY,FOLLOWING TOO CLOSELY,2.0,53.5,2.0,2.0
13658883dd4b9f23d4f103850fd9b333291a063a9eb44a1b5d7cfd4916042734f82b729fd412522a0f4a16207b16ffb0f772fd09c4fb3ea651852fd875e147a6,CLEAR,"DARKNESS, LIGHTED ROAD",DRY,DRIVING ON WRONG SIDE/WRONG WAY,2.0,33.0,2.0,2.0
1365b4ae009f4afff81f4cedc89bd2cbca443a7262b883f0690ad0c0073029702bbd9dd3ce39215df5e3a837b7d685392fd3c550ec668c0e150e0a47ef6f9b2d,CLEAR,DAYLIGHT,UNKNOWN,IMPROPER TURNING/NO SIGNAL,2.0,47.0,2.0,2.0
1365d400ae85ecd56044259293567236cc98941ba78ed69e47e9a00859087c09a2013a46a60768ffbc831e25c0f02a761ffc7c77e9a0e319b0c49af892d3e143,RAIN,DAYLIGHT,WET,WEATHER,2.0,37.5,1.0,0.0
1365d9dd3a38fb50ecb643c884811eee9363f6e4fe0ec912eb97fd8bef23ed7166a270c17d80e1aab31c4c5c0b1c4f991f3c38bf76eac8b83056adef01e07152,CLEAR,DAYLIGHT,DRY,FOLLOWING TOO CLOSELY,2.0,45.0,3.0,3.0
1365e5d63e75bb70efca26296b86cb84248e1f0832fb9a3f5bbbc05e13f20aec578218e6fa87e0d1510f2a5de8fc7c6b5e839ba75874315d1062729eb68982da,CLEAR,DUSK,DRY,FAILING TO REDUCE SPEED TO AVOID CRASH,3.0,37.5,3.0,3.0
1366297cd6462f17ab4b9aed743d7686b4d179a25eaac21548d2c6653cd16d1a6d929e96b501d02261010f73a2f3f8ffab7ac440711cd3bd83a8ae8bc1a7c91c,CLEAR,DAYLIGHT,DRY,FAILING TO YIELD RIGHT-OF-WAY,2.0,23.0,3.0,3.0
13662ffc91f2fcb1f5bac734d880b11ec1f8131ff69e4952a5437dc366a08ebb6f1137f0b97085e89fd1d0b16a168a6ffbd435325b7bb0595fd48f76f68012fc,CLEAR,DAYLIGHT,DRY,FAILING TO YIELD RIGHT-OF-WAY,2.0,28.0,3.0,3.0
1366781f3c3676ee21327b2057a774ecb00c564496f770243bb2363133afccd01cde21fa1594620516e740616870cb9c497c8a0362e58e7f1480f4c65e83a799,CLEAR,DUSK,DRY,FAILING TO YIELD RIGHT-OF-WAY,2.0,31.0,4.0,4.0
136698d81d8e34a9883e88f3b24e1ac2a9dff869ebb897cd2e7f10cf11fc55d15ff0c032dae5a5e1243223ff4f3dcd91f4c9e431970a88e1720d9666c9d74359,CLEAR,DAYLIGHT,DRY,IMPROPER BACKING,2.0,46.0,3.0,3.0
136705f6db77d444c76126a783713baac8cfb8b69df1a71810b5510e723f216b66b45582fd163dc6616922d425d8a1c133d60ec1e460ba1455457724f9e83ba7,CLEAR,DAYLIGHT,DRY,IMPROPER OVERTAKING/PASSING,2.0,28.0,2.0,2.0
13671e5fe4422986dcf62436ad83c731f5ec41da28149cfe40060a2577e5868a2b4b1cbf4da470a8eb81a8e8a9e0110c29879adb1944246e5fcd9df20fabf539,CLEAR,DAYLIGHT,DRY,IMPROPER LANE USAGE,2.0,47.5,2.0,2.0
13673d3c27ad3f6e75010c84274b12a9f1ed7454b3d7cf48cef04b9a9d109f72316b0c0edb68699df0d27b78ddac37e93dd2c044be5db35f769436119cbf61ec,CLEAR,"DARKNESS, LIGHTED ROAD",DRY,FAILING TO REDUCE SPEED TO AVOID CRASH,2.0,38.0,2.0,2.0
13673ea186b0449a393f70def80c69b0094ec633531ba9e571016d57fd5487796060226c9dbcc5e781d635b9795425f88436a7e7ad3e759816b97d035a187382,CLEAR,DAYLIGHT,DRY,FAILING TO YIELD RIGHT-OF-WAY,2.0,77.0,2.0,2.0
13676dd8067f8739a6e2a118deedb1b4a9962ebd24bb7e5edf018defb89dcec22909f9efdfdb3f06ff66ddcf5de5d11a2aa225cac83975c03ee74ab78ea4dccf,CLEAR,DAYLIGHT,DRY,IMPROPER OVERTAKING/PASSING,2.0,57.5,2.0,2.0
13679e81984d1c42d3f1541e76363092d41fa27300873f8c08df27a6d5aecceddeb9a2c0aef1f77f54cbdfbcf6d95b9a4638e6026c0a37c20ff921ab41904ab9,CLEAR,"DARKNESS, LIGHTED ROAD",DRY,IMPROPER OVERTAKING/PASSING,2.0,44.5,2.0,2.0
1367afe4c0a9f3f9bfdd9f2c3eabb4bd7d066fe68f957657d3c4ebaa1f7374a50b3187e945daedb399e69f4ba1c584159baf3f828e83a38f8579929dff629160,RAIN,"DARKNESS, LIGHTED ROAD",WET,FAILING TO REDUCE SPEED TO AVOID CRASH,3.0,31.0,1.0,1.0
1367bace2cee48c01f9cd81882a2afcd24cb4ea0b3435168caae5df6b2bf3d31a40f1528e72a3326363b248291b9e2f1472c10b90a090c31491a8d8a430330cc,CLEAR,DAYLIGHT,DRY,EQUIPMENT - VEHICLE CONDITION,2.0,39.0,1.0,1.0
1367ddb1c37e238847a4e288ceb1fb3e86124db467d2152584dac2e9966087a8dd0d6b0eb8203a45eedeedfe1d72e5d18942f0a06d591a263ceed8f2d5128af8,CLEAR,DAYLIGHT,DRY,FAILING TO REDUCE SPEED TO AVOID CRASH,2.0,32.666666666666664,3.0,3.0
1367ecd46d36617dfad164d59f7f9153194f40551e9dc95e2b52b8d2155e2ad9053eeaad8a16305316a425f023734e84c2c53da70a073b45ac453129c7ca76ce,CLEAR,DAYLIGHT,DRY,FOLLOWING TOO CLOSELY,2.0,32.0,2.0,2.0
13680e19fd2f06a564c4bda5ff857118fb5d26d800aa3c43f37d6e166ddde117e77640d39f3bd2c702800070cb26a9cd92989cd48f6b06286e3f7c94de55d951,CLEAR,DAYLIGHT,DRY,FAILING TO YIELD RIGHT-OF-WAY,2.0,21.0,2.0,2.0
13681c6dad1333f1f28a5dbe8058cdb568ed378b823ac4612c438cec0ca5df94fe50468320ca6e1dba2d645e5e3c4747c9e2a7ce1edb9e98f6215e73facf89f0,CLEAR,DAYLIGHT,DRY,DISREGARDING TRAFFIC SIGNALS,2.0,67.0,2.0,2.0
13682e1b5a8492eac3d0d36b1eb85edc0d337c98f2cb6aa4a63990ac115c8466affbc6b9acfc6bdff31d56dc0e85c3d4cb11eae6072461f4d784a7b14c5d4f97,CLOUDY/OVERCAST,DAYLIGHT,WET,FAILING TO YIELD RIGHT-OF-WAY,2.0,26.666666666666668,3.0,3.0
136856cc73ec3f74f5deb05af1191c8b8450a7b2481fa31305646c7b8ed1753715ca3c80c0476c98f8f8dc2c4effdd2f0e8dca49d088d374eb384416dc00f8ec,CLEAR,DAYLIGHT,DRY,FOLLOWING TOO CLOSELY,2.0,29.5,4.0,4.0
136888ccd1123c12bfc33058dd274d2f548b908435db6e3787ef39f0ed1177a4711467ec6009928edbf71a3728626ff367241edefc694c4445338aa69f97e3f5,CLEAR,DAYLIGHT,DRY,FOLLOWING TOO CLOSELY,2.0,35.5,2.0,2.0
13688c01a86d5734a631fcbe411e28ce58f3e92e466cc57f97cc920768f22fd63ae231b781b632bb3d5b4d1a19ea38e13b8d87230a5d907071b7ab6700c127c8,CLEAR,DUSK,DRY,FAILING TO REDUCE SPEED TO AVOID CRASH,2.0,22.5,2.0,2.0
1368ce8a9cd2b25c2f6c32c8a175bac165fe531cb2be9aca06d42b14d2a7a4c712bdeabf077da3c9f46d11e3160fe6033a6f5524b82db4ffdee64a16da5f962f,CLEAR,"DARKNESS, LIGHTED ROAD",WET,FAILING TO YIELD RIGHT-OF-WAY,2.0,18.5,3.0,3.0
136913c9dc6d35a6898a61d62d696b87f0edde716d0ede99492d7192f577f14bcc44e0cf3b364c42c913b93ec3603fb494af38cfa5dfb2ce274f094f0b24da5a,CLEAR,DAYLIGHT,DRY,IMPROPER LANE USAGE,2.0,25.333333333333332,3.0,3.0
13695b3ae754e7d03db6b0340558dfc1391e88e4a82b3e7dbd7630d2a9f7d933f06555ef56741ccd62c2617d76689cca565a16487d058900d35e0d1611ba909f,CLEAR,DAYLIGHT,DRY,FOLLOWING TOO CLOSELY,2.0,60.0,5.0,5.0
1369a92fc64bdb31699aaa582e11d021d2569be1624c23282bf3b31088ec3043f1f94831dd2ba59583e87636a17070f986334322bf88efba242c8486d2d2ac63,CLEAR,"DARKNESS, LIGHTED ROAD",DRY,FAILING TO REDUCE SPEED TO AVOID CRASH,2.0,32.5,2.0,2.0
1369bdde2a1e4653cbb7e4318a8620df52caf07f93b2e7c270e55a4f044eb814d7fc42e7093989259994a9d07414ff256861a5ebc3d2454d84310f0379bd95b7,CLEAR,DAYLIGHT,DRY,FOLLOWING TOO CLOSELY,2.0,27.5,2.0,2.0
136a254b54562d7ebaf4b96278f8429e21874c87556b3145d743d9127226c8d770624d0e8f300111a752af179e65739ce7456712c00205db6beb0f436651db24,UNKNOWN,DAYLIGHT,UNKNOWN,FAILING TO REDUCE SPEED TO AVOID CRASH,2.0,19.5,3.0,3.0
136a32275c0278654ab218732213d60cb037d6f82099b595e9954be7f7b0c68e816c42288143ba4bcb6edf035c6e6ed8aa41866b928c3dfc2e8bca61fa46c9aa,CLEAR,DAYLIGHT,DRY,DRIVING SKILLS/KNOWLEDGE/EXPERIENCE,2.0,25.0,1.0,1.0
136a3287c3c73c341e55b191b797e7004c973cba219c8b7bb19b2cd20d6daef2194fafb31a60297246a712e2ed461f23108abee9472508832bbcb61089b6a059,CLEAR,DAYLIGHT,DRY,IMPROPER BACKING,2.0,26.0,2.0,2.0
136a5206ddb9998df18ba63a0428fe917c3377122f6839f288a28e5aa6535b6b3182b36b6bac553e2727c5257baf3e99dd99c020287ab78018b03aa04ed4a257,CLEAR,DAYLIGHT,DRY,IMPROPER LANE USAGE,5.0,41.8,6.0,6.0
136a69f26b69ff50df9fbf80c58e450c78c3a64ca7bf8205a76d41fbb4b51fedc48439dad524e353c4ab2e956f2b58040b21443bac40ce8cc4f8aaeb9db3d065,CLEAR,DAWN,DRY,IMPROPER OVERTAKING/PASSING,2.0,64.0,2.0,2.0
136a7443b291bf5800aa5dff9ae14842bca3398205add38d71a2c6acce59afb9b86add2e5256e9fb8dcf7f1b5e1acfb659bad6cb89f106b75a6488a44d906a20,RAIN,DAYLIGHT,WET,IMPROPER TURNING/NO SIGNAL,2.0,47.0,2.0,2.0
136a7cbda3efa52ea56fa9672484341ac44702266e1290e8a9b275f1a2c0fc7451051bcda0a11af4c73b8bc05cbd1a82832fd6b3abf793e0e304c88bd6b061e9,CLEAR,DAYLIGHT,DRY,DISREGARDING STOP SIGN,2.0,20.5,3.0,3.0
136a7f575d339d744023782c5c3aca980b6c30cab31b75eb0006297ef6fbcdb62e41fe79c238a900363541885c3f141a1e90246333479e636b5f0f2e526e3237,CLOUDY/OVERCAST,DAYLIGHT,WET,IMPROPER BACKING,2.0,67.0,1.0,1.0
136a80128e673afa1e99d090116ed1b35ad7b77611a39bef3d239582a0d2e5d47d94c333998cab7c8e9517d1bf9291acba3f6a0d3f176fbb5743c48b3e950280,CLEAR,"DARKNESS, LIGHTED ROAD",DRY,FAILING TO YIELD RIGHT-OF-WAY,1.0,16.0,2.0,2.0
136a8756809d43224dbfbbb839f8bcec6a862015ccc04b783053423db954bc665525bf42ceecb9c24bf82adbd2c531cf5db40b48c466fb8fde023787f192f9d7,CLEAR,DAYLIGHT,DRY,IMPROPER OVERTAKING/PASSING,2.0,37.5,2.0,2.0
136ab6e868eada8e7abc6c14149284e3c8bddef3ca75513149a74c8ec38ca2cdf4a18859c0dc8fda1d1faeb5db183fd944d39b81338a70a6a29a0583c0b06094,CLEAR,DAYLIGHT,DRY,DISREGARDING TRAFFIC SIGNALS,2.0,49.0,2.0,2.0
136b1e85bc6f62b0288e64f3b5ba46cccfde0a48ac7a0d574cb0826de20bb61a1d5526dff8b43ba913ef2206677a9f1ed76bfb71b2f48c074ef6cb966c4809c9,CLEAR,DAYLIGHT,DRY,EQUIPMENT - VEHICLE CONDITION,2.0,57.0,2.0,2.0
136b2e165fa77b604c81fd96e519e2bb57a651317c712f1f3417285fa4a968cdf27a20fff118fe6d769c058016130aec06be4953be85d38a48082b4e3aaae9d2,CLEAR,DAYLIGHT,DRY,DRIVING SKILLS/KNOWLEDGE/EXPERIENCE,2.0,33.5,4.0,4.0
136b4dac7d57ddd90a11b2c4ebf50c97b0386f2e12ee0361a107ac0446fbbdb4ca2009a53ce6c61e0bb6cc9e28a786c991b13b553c2996594a41b74e29427206,CLEAR,"DARKNESS, LIGHTED ROAD",DRY,IMPROPER OVERTAKING/PASSING,2.0,32.0,1.0,1.0
136b6017b3eec067909ee4ce8409b99bd13b7c335ecb7ec0c8915f75feba030b4039e2ed0a4b62828c968c4665f03a6f4d2f030ac8a54b78e5732c53cbc9eac3,CLEAR,DARKNESS,DRY,IMPROPER BACKING,2.0,37.5,1.0,1.0
136b93fbb3eefcaeae38eb6060fe4f455528816d63e3a44dd037ada5d95e2dcad0be436d6d8a16517307e9a0d2cde1c0e9e39bb07e3d8fa1fa4ccfa0c9541125,CLEAR,DAYLIGHT,DRY,"VISION OBSCURED (SIGNS, TREE LIMBS, BUILDINGS, ETC.)",2.0,45.0,2.0,2.0
136bac21dbd1f12533df29f74b84056f492b03dd5e199b80420503cc1137d294a7435094eff660476ed1b0b5f2dc1c927e8dd01f5292e51f24c9952890bf0f0a,CLEAR,DAYLIGHT,DRY,IMPROPER BACKING,2.0,37.5,1.0,1.0
136be080b55b7ad7842ae208f99cc1bd8c555a61718881a8daa533d4b1c4b06522574629f3190b0823fd67c5cf242b7085f1b1bf5096ffe686561ced88c3a115,SNOW,DAYLIGHT,SNOW OR SLUSH,EXCEEDING AUTHORIZED SPEED LIMIT,2.0,77.0,2.0,2.0
136bf6adf176bd3366cbf0e8033bcea04bc6f237925764c34ad1b22504846ef2a177a1af91e388f851d2da803a7be61af812dc0d26b46e0c4143cac79271f493,CLEAR,DARKNESS,DRY,FOLLOWING TOO CLOSELY,2.0,68.0,2.0,2.0
136c03272b069f03015cb38bce7724d81fa2d5a557825dc326d1bd1cdb9b8553212d2fd85f8e812e5204f89cfdbbaf37c77fb43a3fd23d773a250fedd84f152d,RAIN,UNKNOWN,WET,FAILING TO YIELD RIGHT-OF-WAY,2.0,19.666666666666668,7.0,7.0
136c0ce3379a0d463b87435ae78ad57cc8538783fd2f036037167c88d3de5c77ed62887b642dbeb2e42d50da0f4c12828b76a1fda01ff9e333998b0e69bf2dbd,CLEAR,DAYLIGHT,DRY,FAILING TO YIELD RIGHT-OF-WAY,2.0,58.0,2.0,2.0
136c16c20bfbc4050dcbda32fa59aa3963048abbb933e7b2cfe4f18da1c627ceee3914f0a422f30649dded067e4202e3fd2633f49c4764ed9f8086b081c21d21,CLEAR,DAYLIGHT,DRY,FAILING TO YIELD RIGHT-OF-WAY,2.0,61.666666666666664,3.0,3.0
136c1906486bde34483b20609b1f25213af500767672ac7639001aa46bcc5e41828a8ed478427cfbca1d85837f8fa9497a3ff8c2ac2d1307ed8240dbfb245f7d,CLEAR,DAYLIGHT,DRY,FOLLOWING TOO CLOSELY,2.0,33.0,2.0,2.0
136c22aa31190368523cfeb077f65a38f0b0d9c1fc62e65c71289b3de2b57f70f48c66563d460ab8c3effda593ca73ac8afdad239dd0dfd15b967edb21d34303,RAIN,DAYLIGHT,WET,FAILING TO REDUCE SPEED TO AVOID CRASH,2.0,33.0,2.0,2.0
136c2dc90f9127c23a6d41d3d4a2bf51a5dfdbbdc069bbcab5238fa8f11a28b1552cdeba31fb6b5a226b3e21f500c0f78a5aa5635cfe66a1cdd48eb45cdb2865,UNKNOWN,DAYLIGHT,UNKNOWN,DRIVING SKILLS/KNOWLEDGE/EXPERIENCE,2.0,37.5,4.0,4.0
136c3a0abd31c4ad32908d7fa2204d0da5653eb89e389bfef10be34fa226a93459f38e82ab0f9e27afd47a48dceb69c47c9f35288e4798f0b9ebe3d25c0ca7ba,CLEAR,DAYLIGHT,DRY,IMPROPER OVERTAKING/PASSING,2.0,44.5,2.0,2.0
136c53a7863da45a5686188abd6bb3390ab0fd97b1b36175f62a77160875337e4b37b2926fa7f258e59cd021c79a4e8705dd6f6cee130d49c29d47a326d98cd6,CLEAR,DUSK,DRY,IMPROPER OVERTAKING/PASSING,2.0,29.0,3.0,3.0
136c78b566cda747bc045f119d1e1864c5f77d531bef36f1539360e1e61e69b8e2e6621d8aa6c0d4d2b7d7ad788f110d0b0574ec8c5d8add3b98af8260008cae,CLEAR,DAYLIGHT,DRY,DISREGARDING STOP SIGN,2.0,28.0,2.0,2.0
136c7cf0676f6dbc9a4ec53ca79cbbc1d463e879626e6c3fe31c9c2471b44357b3012075249606710bc3535d5627c79df04fe0b97d8ee6107542b086f16a2b8b,CLEAR,DAYLIGHT,DRY,FOLLOWING TOO CLOSELY,2.0,37.5,4.0,4.0
136c83174783607074a388ab78c0c39a36abf567a69ac6decb6b1d1727973d7cb2ff34219f4aaf379b29f681c7cffe1886f0b388f4ffa7397eeb37530bcd1eb1,SLEET/HAIL,"DARKNESS, LIGHTED ROAD",WET,FAILING TO YIELD RIGHT-OF-WAY,2.0,52.0,2.0,2.0
136c8f35158f1a865132051d4cc4ecc3866f03bc9689c544bae206f8b700fc42c2fcb44ad9a76f39f61dd6b85954cd62df1051d7a1d5627a5ab6c3eca10b930a,CLEAR,DAYLIGHT,DRY,FAILING TO YIELD RIGHT-OF-WAY,1.0,34.0,2.0,2.0
136cc8f671add0f0047fc41516dc61e96f428f17f6f89f5b1f60a309f3140e20e6e5a1e8665555d2ab6c793a10934725422fdb525594a8538aad29622875af78,CLEAR,DAYLIGHT,DRY,IMPROPER TURNING/NO SIGNAL,2.0,41.5,2.0,2.0
136ce33bf0460094837228ade1f1596be58259a2785cbeefd3c0469447a19557cddd08cedc9c4ee7d733a54d03ff6ac5f5f8fbbbd18080ea9194c9bc33e4ada3,CLEAR,DAYLIGHT,DRY,IMPROPER BACKING,2.0,24.0,2.0,2.0
136ce5737d21798273e8c61d6c19141053219b5cfa6daf404aaef3b3b6ce99ae9e6c66c0a541dacf849a87913143061652c2458f982f7dd28e2ce702cc8d9631,CLEAR,DUSK,DRY,DRIVING SKILLS/KNOWLEDGE/EXPERIENCE,2.0,37.5,1.0,1.0
136cfaf5ac5eda090bebd0e59467302923bce7e4c19a2441f07b33e9116f18f99453794943be875270a0c50603ce1aec57805282bd6547045bb9193a697ad325,CLEAR,DAYLIGHT,SNOW OR SLUSH,FAILING TO REDUCE SPEED TO AVOID CRASH,2.0,31.0,2.0,2.0
136d00328404756b6551e23aa743311a69b440c0f619b7d6f543e912ece0b990e767799eb105e78f572f3b3913d316be1dbc3e71bb78ed1ec4468ddf04e34ed7,CLEAR,DUSK,DRY,FAILING TO YIELD RIGHT-OF-WAY,2.0,23.0,2.0,2.0
136d22d7382c394e6e7599f956e05a8d1ff23b8680d5b90d4f30d576492e77ab0645b1af21a9336fb4acc12e61c2bec13f837f5ef7638128077679aa73b1277b,CLEAR,"DARKNESS, LIGHTED ROAD",DRY,FOLLOWING TOO CLOSELY,2.0,34.0,2.0,2.0
136d28593dc8061c1cf0da15a158a44a69472c186569221e66244cdaeaf384c2b1819f11c7387d735247ecb81fccc3dd3e5a2a706ad75f4c24b74627e9cfdc99,SNOW,DAYLIGHT,ICE,WEATHER,2.0,48.0,2.0,2.0
136d34d5c65450a7ba495f62019865911f067747953aa1aeebecb89557ea2e181c3ec0073d38c88ac26c6dc87c7046481411608e2fd8f54dfe674384a066fe08,CLEAR,DAYLIGHT,DRY,"VISION OBSCURED (SIGNS, TREE LIMBS, BUILDINGS, ETC.)",2.0,49.0,2.0,2.0
136d51ec128215ccba6ce9466357ecc4c3cf8e93da12545fec94229b84952770951e220a6cb0822e9146647e876e283f6bffe8652cd9dd42bb488db269a18262,CLEAR,DAYLIGHT,DRY,FAILING TO YIELD RIGHT-OF-WAY,2.0,37.0,2.0,2.0
136da9ddf880b2b291453066b2daea4d69597598839afdd84dc187201ca27e9fdb119dc79b65111a994623f79c28b925f86cb841522d239acc9cc9861c5112ce,RAIN,DAYLIGHT,WET,IMPROPER LANE USAGE,2.0,40.0,2.0,2.0
136ddb1506774850f9800d38061ce1650dd3c85d484dc00a1bf875001c0f25687a6452f805e559b7b40a74b40862dfc000881bcdd1ae2f9a11eabd8823d08b21,CLEAR,DAYLIGHT,DRY,ROAD ENGINEERING/SURFACE/MARKING DEFECTS,1.0,33.0,2.0,2.0
136dec9c75a3abc32deef7fb845dc99ad62623f9c2792122dda70c135be020d2f994923e974c3b8d359a3795da10bb059c2c76c59624c3b80c34c2f2a8cdcb80,CLEAR,DAYLIGHT,DRY,FOLLOWING TOO CLOSELY,2.0,37.5,2.0,2.0
136e1543928fd3891a80042887d6ed4ab34d323df0387fec95ba96c55aeb91271427c49897771860122ba8edeffe1673f4fa795a590556b7a593749ef0e1816a,CLEAR,DAYLIGHT,DRY,IMPROPER OVERTAKING/PASSING,2.0,39.0,2.0,2.0
136e1e2be520998f17e526629c5bb695ea1ae39208042a1836b1db26a75f0f89bfaac62ddc321258c1013bf27b06c66d42cbd64b0ecc350522d4041b0ec3fc83,CLEAR,DAYLIGHT,DRY,FOLLOWING TOO CLOSELY,3.0,36.25,4.0,4.0
136e211d4b09f2d718c4a84fedeca9a96eeb5e535fd2fbd73376d7d433267a610349d595feac8cd88820409533b651f413f27cd7c296aa0305495acc750d0d2c,CLEAR,DAYLIGHT,DRY,FOLLOWING TOO CLOSELY,2.0,48.333333333333336,3.0,3.0
136e3a6884b093e69b1e593cc7519362733a8b18363659de9b3547b8fc938b60660d2d8ce427107a9145b49c8f63593d0ababdee0c89c3a7441a759c556f756c,CLEAR,DAYLIGHT,DRY,FOLLOWING TOO CLOSELY,2.0,45.0,2.0,2.0
136e3c7b52554ce1c479a05d132309109ca90fdf5ad7ccc0c492faa12420575f52bbc98c39e3e6b91927cd44d9d8281b93f30f6fc08f215acb0676bba76cc496,CLEAR,DAYLIGHT,DRY,FOLLOWING TOO CLOSELY,2.0,37.5,2.0,2.0
136e7cf06c8339913d26ea03b277bc13e34384c8f8e10fc87f63cd7fae449ed278786388eb6e03b1b114cba983570b41594666ffa13f4a01e638129c6257bcab,CLEAR,DAYLIGHT,DRY,FAILING TO REDUCE SPEED TO AVOID CRASH,2.0,65.0,2.0,2.0
136e952bd7c9b1b005378727d60b145c630a0497efa08efc2eba0134eefc6e309b05c0b8f113bf63f49a2e461eedd926f56309971ab875806626db28f09cd108,CLEAR,DAYLIGHT,DRY,IMPROPER LANE USAGE,2.0,20.0,2.0,2.0
136ede8d7044418c0fa132411e19bd82b1f2018fa8af0f887f03e7f49156ce3e03bcba764483e6bf8e9636c02828c19d5cc7431562dc2f7c44e09e3637e9ae3d,CLEAR,DAYLIGHT,DRY,FAILING TO REDUCE SPEED TO AVOID CRASH,2.0,21.666666666666668,3.0,3.0
136ef836644ba0a411b033cd8202d62e741db99ad81456d150da52cd523d38d8882e17b939f26ed5432254d9e9fa6944174259692da17858e8a2f1043a096b8d,CLEAR,"DARKNESS, LIGHTED ROAD",DRY,FOLLOWING TOO CLOSELY,2.0,29.5,3.0,3.0
136f58495037529a83cd16444a867d6a9929c8a1a66149db589360adda5edf5e3f3f540e307eab4e77165e9e6241fae1c22798effb4e86b40fd740da3979597c,CLEAR,DAYLIGHT,DRY,IMPROPER OVERTAKING/PASSING,2.0,24.5,3.0,3.0
136f68c9a05025cde18fcb84f296ee51af43f777e30930b6f64708939aad75585fe8a5dc68b1ce13a47140095b016aae7f1727a4c1ca1fdd8b085f439132bb59,CLEAR,DAYLIGHT,DRY,DRIVING SKILLS/KNOWLEDGE/EXPERIENCE,2.0,31.0,2.0,2.0