crash_record_id,weather_condition,lighting_condition,roadway_surface_cond,prim_contributory_cause,total_vehicles,avg_driver_age,total_people,total_injured
136f945cd3a2f87dc16f131c7135f29dda01d5b6475f289b8c8cc2c7a806fb9fd7430dcf1b57bc4393fd4eb4bf7ef3d07960b5aaa44086ca53a11ec6ca177ec5,CLEAR,DAYLIGHT,DRY,FAILING TO REDUCE SPEED TO AVOID CRASH,2.0,64.0,2.0,2.0
136fa0e7c523d8099b6c0238eba8706b6a49d61a2bf72b1f110bd44f3ca0b42b7783fd18696d53748271d55740c5355d08d8f339a3bae3651c5d01a6cfe43319,CLEAR,"DARKNESS, LIGHTED ROAD",DRY,FAILING TO REDUCE SPEED TO AVOID CRASH,2.0,26.714285714285715,7.0,7.0
136fe041c4004bf7a1a14461516f6712e3a36a872cd1eb95bc77bf03a89aa6203eb223aff3472efed15a39285db2090e132c33a31d1737fde9216367341fef64,CLEAR,DAYLIGHT,DRY,FAILING TO YIELD RIGHT-OF-WAY,2.0,41.0,2.0,2.0
13702a7b94c2191fa36414a8a6e1443692175fe60192d67d08edbdbd176f1ee917cd7ce42631c3252ad55fa1affe6c2b1952f9a9861e87bdacc6bbe0723fd917,CLEAR,DAYLIGHT,DRY,DISTRACTION - FROM OUTSIDE VEHICLE,2.0,53.0,2.0,2.0
13703220366ff7b7171e0ad6f19f57b06067ca52afcfa1353a322d2ad573605f4ac72decbd2419550ae93a593f53ba93e354a49dab58cfa5af8ba29e24a70571,CLEAR,DARKNESS,DRY,FOLLOWING TOO CLOSELY,2.0,64.5,3.0,3.0
13704ff383ca0511a9addd0135cc345f054aa135ffc94bcc34a6180ccb3f5407498150a2dbf0d6c537d899043efcc2122a934d0f0dbf9bc0fd1055c780002379,CLEAR,DAYLIGHT,DRY,IMPROPER OVERTAKING/PASSING,2.0,38.5,2.0,2.0
137050f79145d4ac1a938244443850ad205089cfa94329c14bc527e33a4092ccb298b69c4d106f94fa030cd822d8823ce046151c54e860fe1db8d0adc054ce19,RAIN,DAYLIGHT,WET,FAILING TO YIELD RIGHT-OF-WAY,2.0,44.5,2.0,2.0
137078f2693d36cfb16417a82fd9f6f2d3a084d244ebdf26980d36b805edba6d5d0621235d535f623eeebe9dfbe2a9916641ef39fe62de4250406ac371bab85f,CLEAR,DAYLIGHT,DRY,FAILING TO YIELD RIGHT-OF-WAY,1.0,29.0,2.0,2.0
137091a0a882f25b6718e74acd0ab419c6380618090a9b023a66dfbb13ac477d65da54927d2eac478d94b6abfa55ba4a4db56e0750e52c1843997e20b19c2d0a,CLEAR,"DARKNESS, LIGHTED ROAD",DRY,FAILING TO YIELD RIGHT-OF-WAY,2.0,23.5,2.0,2.0
1370a17a4b97cff523ebfb52a452074900c13caffa1f048b94aba456afcc651cc196f9f65cb8dd6a235d6bbab808ec3d2d0a2f478ce48888093f1f5d2fe99950,CLEAR,"DARKNESS, LIGHTED ROAD",DRY,FAILING TO YIELD RIGHT-OF-WAY,2.0,43.5,2.0,2.0
1370bb5410acb3a30eb421756e12ae48675dba65f15244ee9252d2628f945b9404b2804c0fda413017cab9fa7fea7e35dc37eee35e4231cf269ee6aa80c67f43,CLEAR,DARKNESS,DRY,FAILING TO REDUCE SPEED TO AVOID CRASH,2.0,35.0,2.0,2.0
1370cf537d3760671ba3cdb8a3f6023b6082a4a3cdc3a5f2738c80e3801bc553221e7bb623aa16bb29e080549424e18c9dbe451969b4652814bf51937ad8cb2a,CLEAR,DAYLIGHT,DRY,FAILING TO YIELD RIGHT-OF-WAY,2.0,27.0,2.0,2.0
1370ee6a33bbb2eb12b08a293f4586a7f7b7e6b1db80beb84d58a807c6af9c86f6f323c0568457e2a6a74a8456df982f4ee84d13a4877ba00f3f9918307f8d02,CLEAR,"DARKNESS, LIGHTED ROAD",DRY,FAILING TO REDUCE SPEED TO AVOID CRASH,2.0,37.5,2.0,2.0
1371013c175d6a99a2e116d4fb5b9d8205a2ea93aed49f71111c1b2ddb49f18b6aa05bc719c1c31025c7d726099e595354fc83909f34b6bdfcefd162971dd5a6,CLOUDY/OVERCAST,DAYLIGHT,DRY,"OPERATING VEHICLE IN ERRATIC, RECKLESS, CARELESS, NEGLIGENT OR AGGRESSIVE MANNER",2.0,37.5,3.0,3.0
1371549a3525a469a2f0f6ada927404b1ea1d949ae9672aa64504e422da4a683fbf57620b8b0b21ddecb94cdcf2d3a4c7da95a05962c58ea1172bfc72b4c5bfa,CLEAR,DAYLIGHT,DRY,IMPROPER BACKING,2.0,55.0,1.0,1.0
1371575a00e149abc06a5c666b24888f02ebe3bbf4667c101630aa781ba8dcb9c7a0378c1d79bb11450bf710c22404e6ab62f674a84c1d59b89914f5ace4ae3a,UNKNOWN,UNKNOWN,UNKNOWN,FAILING TO YIELD RIGHT-OF-WAY,2.0,33.5,2.0,2.0
13716a132613703f96fe702f8d86bced7f7fb7de43741569a258a9530e86db63d6790467fe58ad0cc3dbfdd5ca13bd708ad239d52bfc958d86ff1cd2e7a49e19,CLEAR,DAYLIGHT,DRY,FAILING TO YIELD RIGHT-OF-WAY,1.0,36.0,2.0,2.0
13716e86ace2f04ee7dba6684d75fcc56954b98248a474d440a2dc8c87584a20fbcb199f56fcdc91890daebda9621edaae70004f654c4aa50c9b13a8ad9d38a2,CLEAR,DAYLIGHT,DRY,FAILING TO REDUCE SPEED TO AVOID CRASH,2.0,24.0,3.0,3.0
1371a5975800e0cb75783f7c6b4c9e222851875ad6c3cd46349d39272cd2f345388ce44c93d00d3269815dba3d68759dad6521a70b55b84fc0f9f914945024e8,CLEAR,DAWN,UNKNOWN,FAILING TO YIELD RIGHT-OF-WAY,2.0,27.0,2.0,2.0
1371bb451858870f48d54bd28f0279a9f8a0c10a0f708dba92ec6aa942699f4c927c8d99d0610af9a2624048c0f0f833131c530f3846a0b6ec73a00bc7dede53,CLEAR,DAYLIGHT,DRY,"OPERATING VEHICLE IN ERRATIC, RECKLESS, CARELESS, NEGLIGENT OR AGGRESSIVE MANNER",1.0,12.5,3.0,3.0
1371c23629a469a9a76a8c757fc2f7353968b6eb05dcc35c3865705ab0db3ef8b72a5109e8e4fc8290998151e24a16477ad19adacd8bb5d59ffd66345c3c347b,CLEAR,DAYLIGHT,DRY,IMPROPER TURNING/NO SIGNAL,2.0,58.0,2.0,2.0
1371db2ff255a5fc6ccfaa572138807a3a81b3b0e9893343d90c68a600d6c7a821754272043c2de8eb0c7c191b2d75774ea6134a7555e00cb3189289c6058493,CLEAR,DARKNESS,DRY,IMPROPER LANE USAGE,2.0,68.0,2.0,2.0
1371e4fdf3c1d32db04957b587d7a3b915dd4fad2f80a9b5fc88bd1f162283b834363c4185e79dd5a7e22c098986000269e2ba5d56a9dea7e02dddd852beaa0a,CLEAR,"DARKNESS, LIGHTED ROAD",DRY,FAILING TO REDUCE SPEED TO AVOID CRASH,2.0,23.5,2.0,2.0
1372377ccf2b48002622bd3ee678da34fb9bebf7407e3512c7644640873d255ff48ae8a79694d0dfc8f86505bb706687f32c894eb55fa1f4b9aa804f6e2d1287,CLEAR,"DARKNESS, LIGHTED ROAD",DRY,FOLLOWING TOO CLOSELY,3.0,36.0,3.0,3.0
13723cc79fcd576938310a9c273fb0bcaafa388bfe2ccd93e935b733e1cec49d97294355be897cfbe131e83fe8da98752c3e4267f160229469adffb3192ad816,RAIN,DAYLIGHT,WET,FOLLOWING TOO CLOSELY,2.0,38.0,2.0,2.0
1372463ca16b1cb6999da00ab7ff71f661e58e3e15e1c3acbb63b809295ad2df9b808fe2f3c51ccf21c7e5f6a8ad1cc3046ef4ea9fd0a9170cc12b52b603ca96,CLEAR,"DARKNESS, LIGHTED ROAD",DRY,PHYSICAL CONDITION OF DRIVER,4.0,24.0,1.0,1.0
137246dbb6287a87a2694d813fb1c48c62203762a7e52a2082b65ae84a631ae8c854cb71cdbfb5c3e9417ee2828fa7f4babb76d3be658e467208668888295817,CLOUDY/OVERCAST,DAYLIGHT,UNKNOWN,FOLLOWING TOO CLOSELY,2.0,45.0,2.0,2.0
1372477ce62c492a1b7cff5216faf8c5231ae573e73e952a9155a68a3c29432942f960f67ba1a459384f26206eee560b00a45b9c41df714cc429e449dc45f87d,RAIN,"DARKNESS, LIGHTED ROAD",WET,EQUIPMENT - VEHICLE CONDITION,2.0,29.5,2.0,2.0
13725e8c9b3e7c9316179217c2bfcebc333d3717515e80e37b157a77daca2596b912af5136b7e618f95dfde9236860e801bb42f44a9b10423b44ae8ca93ffbe3,CLEAR,DAYLIGHT,DRY,IMPROPER BACKING,2.0,41.5,2.0,2.0
13726397f574b8fb85625c52c6bf4b7c9be4991523a133130b4542e522f02d47ebe12cc59da509e5666b873a3bd8c3c490cdfe68fb70bce37cea2f1697989412,CLEAR,DAYLIGHT,DRY,IMPROPER OVERTAKING/PASSING,2.0,23.0,2.0,2.0
137277fd08d7ccf7dd2e701c7c7d34582d587b0eb8f47345d66d632f7a6637009b37cf65ca403a10bae641ddd774c27b10716baec0e472154e263597864d9c4f,CLEAR,DAYLIGHT,DRY,FOLLOWING TOO CLOSELY,3.0,24.0,3.0,3.0
13727f82aee064d27dc58dbaf38e0622b38c67266dbe9429195a89eb7375b8431152e0b09dad741ac75450bfc4d345719e3fe82a11ba82fd99c72f500103ec25,CLEAR,DAYLIGHT,DRY,FAILING TO YIELD RIGHT-OF-WAY,2.0,31.5,2.0,2.0
137281505333df834de7a5b8d1a68fdedae79548f54ec78fb472c888a3f615c499f04fb3a8785ea0930cb6f60dc6d206ca6a41f1e8bac0c3a228e70514eef619,CLEAR,DAYLIGHT,DRY,IMPROPER OVERTAKING/PASSING,2.0,46.5,3.0,3.0
13729456a662fda03ae0c49de6a142a68dde1aab491491af1963273307a8b01185ef51c7289167db454792140b30bd9a87ff94b63b966a6c0d0fc2618515201b,CLEAR,DAWN,DRY,IMPROPER BACKING,3.0,37.5,1.0,1.0
137297b68382d157fd2d9aac7be84d480aa5f4771740ad90e81f8bbda2c03f57cff45837240b9910dfc1ec332ae879e486348a5036dbac8bcc1fd6975ebcd2e6,CLEAR,DUSK,DRY,FAILING TO YIELD RIGHT-OF-WAY,1.0,43.0,2.0,2.0
1372a34ae6569485c5a64d4e9e38f5ec27e5a38cacac7c64909fd0533050efad7e6bf3fa691897b39911fbeec86c2d3b1c0232673b4634bc7495746c32c5956e,SNOW,DAYLIGHT,DRY,FOLLOWING TOO CLOSELY,2.0,37.5,2.0,2.0
1372abbfc22f1229eb4c52423743b4af5fed34b1662d5e16f74a55c6e4ee5e109a0b3e6c55e8db7d035aebcdbcce615e324bddc68bce7e64e7109e3188036eaa,RAIN,"DARKNESS, LIGHTED ROAD",WET,FAILING TO YIELD RIGHT-OF-WAY,1.0,32.0,2.0,2.0
1372bd123f979e330af73c40b4a5eb79c29ed5906d06af0fc97c51f155cda23c3afddbf1e87dacd02f9f1810b78613252445733dc6d55d1ddb435dc2718a2951,SNOW,DAYLIGHT,WET,FOLLOWING TOO CLOSELY,2.0,59.0,2.0,2.0
1372dfe99a44d64bafb76f6e9cf2ebb8ae2d0391ac28985a85012c9fba5f7e6649277fb1ef3f7bc64c3b0527a015feb52ef6141bd64ef0a496b93926a1131221,CLEAR,"DARKNESS, LIGHTED ROAD",DRY,IMPROPER BACKING,2.0,27.5,4.0,4.0
13730cf661ac98ce54338a9b3e084187199f065f003fa53602f1aa97220cc07fcec99d06db2b3de64c064a1dcfcc70a95941fa0310a44036b873394cb76ef4a5,CLEAR,DAYLIGHT,DRY,DISREGARDING TRAFFIC SIGNALS,2.0,28.4,10.0,10.0
13733ee227ef638a5d5097f9320e10b3feaa6227b2c071bfde508b5dc95c94cad117d1ffcabbdee6840c49c4395fbb1019bfc722710df4c20a43a35d2e6d67c9,CLEAR,"DARKNESS, LIGHTED ROAD",DRY,FAILING TO YIELD RIGHT-OF-WAY,2.0,26.75,4.0,4.0
13734a00853a6b0301ca06f92ed1a969855db603295bbf738562bb3a32fe6d15e0ab71192191f3d996b75ba2d2a010b6d0d57911f8bb5ff5acf3cece491d4671,CLEAR,DAYLIGHT,DRY,RELATED TO BUS STOP,2.0,49.0,2.0,2.0
137385717bcfbefc098f80b48a1bb7abd5ed8dfc398b781e355b4491f1b7092eebd8910e451817e6db935b362f3f7bdd7deedc633d055d4db43f0bcf261b9c70,CLEAR,"DARKNESS, LIGHTED ROAD",DRY,FOLLOWING TOO CLOSELY,2.0,40.0,2.0,2.0
1373a24cd74d8cdb3037876745bfe3d4ad69f9a22e632fe9b807125b66d3fe5332663e2ee92f722d8399d6d98080a9552ce6fe86d4f054a0006d16cf54fac7d6,CLEAR,DAYLIGHT,DRY,FOLLOWING TOO CLOSELY,2.0,44.0,3.0,3.0
1373a2f4dd4f3b246d743b1d799bd992f8ea869b22eaa5e2144d475975d7881978195c8e4222f1e27f7b38f3a63286ed092594bb4292b075896e66ee376da0b7,CLEAR,DUSK,WET,FAILING TO REDUCE SPEED TO AVOID CRASH,2.0,50.0,2.0,2.0
13741cbd1a5aedc11300977c6a3500e078422d515130f035a114b5f5b191759af09d0d77086cd43b94bf76e6d5081caff0dfc41b5c73e79c6acd7370331fd842,CLEAR,DAYLIGHT,DRY,IMPROPER OVERTAKING/PASSING,2.0,44.0,2.0,2.0
137442bee95db9f39c81f13df85632773a89480cdc4da0eb22611dbd84cd0cd5e76a3b9508e6648fab5cc873783462a3897b5b76d7519afc7b6e3889e6d44c31,CLEAR,"DARKNESS, LIGHTED ROAD",DRY,FAILING TO YIELD RIGHT-OF-WAY,2.0,17.6,5.0,5.0
13744a455ae93ae35b2f32dac65a1803e7bdb1a35c7d22cfc10c7f71b823c33a7bdf2bbfb9b651941e232cb980262d03b47837296b8dae264587aa901bddfc07,CLEAR,DAYLIGHT,DRY,FAILING TO REDUCE SPEED TO AVOID CRASH,2.0,37.5,2.0,2.0
1374776c629c046bc2b1d9f3b2637b54defbe429fccc3b01db13f7fb7bf76e69d7bb5a65114ee07a880c990f726cd3bdc1a7ccd8fd46e87f8945f8d3ee4dfa21,RAIN,"DARKNESS, LIGHTED ROAD",WET,IMPROPER LANE USAGE,2.0,38.5,2.0,2.0
13748424a8b0e4be76734f3c130ca43254ea0f36246cc3b1beeb52f7e174e6cc19e3a570da9d9209dcff739eda6bb50e05b0c8c97df0c499e7ecb4309c01cc77,CLEAR,DAYLIGHT,DRY,FOLLOWING TOO CLOSELY,2.0,26.0,3.0,3.0
1374b462f87cfa4ceed83ba443c401474e06d7bb4bd06586e0a5c0ea43cb99ce160932a97779d1c18c97616c2af4465acd85f60d0ca76ecf30b6f7aebad83835,CLEAR,DAYLIGHT,DRY,FAILING TO YIELD RIGHT-OF-WAY,2.0,66.33333333333333,3.0,3.0
1374c13f0720d3a3d52aaa0546af607afa148d0ad5a24fa17a222b10080e56be5bad2e9284e7c5dab67856af9ae04aab5fcc15be8a46987bca435157778771b4,UNKNOWN,UNKNOWN,UNKNOWN,IMPROPER TURNING/NO SIGNAL,2.0,25.0,2.0,2.0
1374c6431fc03d5dcd20a7a00da21259769ed61fb50a39aaba274f5c5152959ae2c14ccf2e7a0880498ecf7b798e504c5f1a859c73064753214e3b6b33b77f74,CLEAR,DAYLIGHT,DRY,IMPROPER TURNING/NO SIGNAL,2.0,30.0,5.0,5.0
1374cf231b6df3f97a4c565eb1a06821e187ffb64418fe594d49b1ff36ce70b925ca5e859b2456af46eaf3f9739f7cd8d61322c674d18eb0c3e27a4db1d0125a,CLEAR,DAYLIGHT,DRY,PHYSICAL CONDITION OF DRIVER,2.0,53.0,1.0,1.0
1374d0e3911941e102a819110ab55897598b9bd34f6486822d4b29c7ba1ebda32db3d7f9f2e5ced53078bc9b2d24041a2a3a762ba4569716989343dfc1ceb26c,CLEAR,DAYLIGHT,DRY,FAILING TO YIELD RIGHT-OF-WAY,2.0,34.0,4.0,4.0
1374fe97e0371c67da43e669b3b4d08f42cb73717b07de2f603fb3cb0c82946684bd8e9c4ecc116b55bb1edd7840f3e6b11cbe1f7dc30a70bcaa045005c58651,CLEAR,"DARKNESS, LIGHTED ROAD",DRY,FAILING TO YIELD RIGHT-OF-WAY,1.0,62.0,2.0,2.0
137546e651f0e5493c63c37e485d1096d3dd2e7a326a13fa1bd7319785def0c3c394b8a0bc1065b0f71bf50647f262de89a489e97916d37200d047d22bd0a51e,CLEAR,"DARKNESS, LIGHTED ROAD",UNKNOWN,FAILING TO YIELD RIGHT-OF-WAY,2.0,20.333333333333332,5.0,5.0
13754cd988d7e7583ac19e8bd9744020e9301e300dbb64ae6891e68d14e1738cfd8bf363c7aa69c227fa732ebb2f1bd2fd329e224905562dee7b0a6a356a28b9,CLEAR,DAYLIGHT,SNOW OR SLUSH,IMPROPER BACKING,2.0,32.0,3.0,3.0
13756925374e02126ec21b7c39e546cabc09d0c50a1a8b8989dddf278a41e3f045143e844ff44c5f6e54e78dad101a99eaf399951cea41cc2398995ab18e117a,CLEAR,"DARKNESS, LIGHTED ROAD",DRY,DISREGARDING TRAFFIC SIGNALS,2.0,43.0,3.0,3.0
13756996c49f809eec2a620d0aea4fdca1280647d0d5a279f2626d15b6e56efa8517ab4f218331f93b306297a41ee794d52be05d11365a2e828936ff246dc8e8,CLEAR,DAYLIGHT,DRY,"OPERATING VEHICLE IN ERRATIC, RECKLESS, CARELESS, NEGLIGENT OR AGGRESSIVE MANNER",2.0,37.0,3.0,3.0
13758ae572ca640f10474a259958d899f69f54827bf6e1cd43a70134b51efd155a27be17292e34c6491dfa2cef668b2ee309e9505654f448b3830f2be05c122a,CLEAR,"DARKNESS, LIGHTED ROAD",DRY,FAILING TO YIELD RIGHT-OF-WAY,2.0,43.5,2.0,2.0
1375a2ce1fc6b5b463965dc3cf9814a43edaa062863b99eb57f46c6933eab085912f6bbd5c8b2a79f5ab23ef0c9237970be0dc9f22b2806562998fb2bc254e5a,CLEAR,DAYLIGHT,DRY,DRIVING SKILLS/KNOWLEDGE/EXPERIENCE,2.0,52.0,2.0,2.0
1375a93583fe3bf285508be7481f286a40a7cf8a86bb1bbe19775d221334e2fa5f639fc586064a39fe81e95d270a62d62159677da511448e4d9c978d3dc4c9af,RAIN,"DARKNESS, LIGHTED ROAD",WET,WEATHER,1.0,27.5,2.0,2.0
1375aef0eae6e5b2d9920e4a31c6e74737bd7b28efad559d6e51d48668116d74c52e9b6808914d5ef8f5848677f544032cfe9a6df328829f12b1ed1d3f6f3abd,CLEAR,DAYLIGHT,DRY,IMPROPER LANE USAGE,2.0,88.0,3.0,3.0
1375afef4388471c5b75262836768e2092c1071a5dba3c2f71cd50bd60e290e45ba9794d759eff8480df6a77d6e6478ba766593fe0c1bf02ab981b4928259ca0,RAIN,DAYLIGHT,WET,"VISION OBSCURED (SIGNS, TREE LIMBS, BUILDINGS, ETC.)",2.0,30.0,2.0,2.0
1375f074c632822c41d1ca4c3f47cc2bd9029748e0e38082d1c5367cd2fdee913827472c28c2feb9907eef8b417a75ee42eca090e6bf025ea8a64bfdf37705e2,CLEAR,"DARKNESS, LIGHTED ROAD",DRY,IMPROPER LANE USAGE,2.0,30.0,1.0,1.0
137609c103ddcef8f59bd1b011c5ba71d770bdf45d50cc91fcd2ade890b6ec6c34ba45562bf8d86d3cf7adf386f0945798f6f2b23210bb16d94e01b8945e49f8,CLEAR,DUSK,DRY,IMPROPER BACKING,2.0,31.0,1.0,1.0
13761910ef419db3b48bbafa2a690472801b545899bab46dd15d10e6dbca5e05840cc8bd7584f18e99a3991c78d37a87cb43baaa01c8983593e01b0a44e76b75,CLEAR,DAYLIGHT,DRY,IMPROPER LANE USAGE,2.0,37.5,1.0,1.0
13762a0ea1fd164136b20eed5d0055b27123acf155c5cef3b1834a7b71fac7c7c6c3a0980a1c3ca0d03f1fd352e618de7ffbbcab92bd48d784afa602d192b8dd,CLEAR,DAYLIGHT,DRY,FAILING TO REDUCE SPEED TO AVOID CRASH,2.0,43.5,2.0,2.0
137630dd92a8f9959eba39fa0206ed4df8d72fca50e90dfaf2faac074962fbc6d7c567cb0df42941b83a92bfb97f94bc9706df306c4fac3d63eae027134821d4,CLEAR,DAYLIGHT,DRY,IMPROPER LANE USAGE,2.0,32.0,2.0,2.0
13763a12b7c9188e80488f0cb7cba6dac1b7fe706781cfebe53a88241d6303c4978840696120c59defe3f6c4466eec7a65aa6d1d30fc6a34e02b23f0b63dd1f1,RAIN,DAYLIGHT,WET,IMPROPER OVERTAKING/PASSING,2.0,35.8,5.0,5.0
1376456092fbe1109947209d5e25dab00cb3d2dd98bce4166d1e2fd89f736b7d1964faf2dfcc203444b5e48a4b697d8bef0c7b6bfed492a43031ccf0fd361633,CLEAR,DAYLIGHT,DRY,IMPROPER TURNING/NO SIGNAL,2.0,18.0,2.0,2.0
137646480f826305a9ac4469c580c923929fdea49ff822cd866ef17879cea84ca9b3a65f99f8dbfe6a4d320fae26d0e034c38aaf9980df7d0abedb4ba1e968d0,CLEAR,"DARKNESS, LIGHTED ROAD",DRY,IMPROPER OVERTAKING/PASSING,2.0,36.0,2.0,2.0
13769e74c95b67ac2fe1073971d2de980c72a9b3fe907c30011d1c142e335c74e8c6817f572b02e162302db649b600cbdffce85796af2467ca202f6ef04613fe,CLEAR,DUSK,DRY,PHYSICAL CONDITION OF DRIVER,2.0,24.0,1.0,1.0
1376c2d97c4d4749d8e13e2da25a058c68147f2c5c390bc6ec0ab161efa53d166a50764e6bcb3245fd809bbe33b64f1e9e90c04752122750575b8d0e8703fb64,CLEAR,DAYLIGHT,DRY,"VISION OBSCURED (SIGNS, TREE LIMBS, BUILDINGS, ETC.)",2.0,57.0,2.0,2.0
1376d4977bb769693e3def30313684601559159efcd4669963bf335195b7192be3a146e55b5a5d05ea38d36d7a38ff9e201cb78a1a8847df18731742efbc411e,CLEAR,DAYLIGHT,DRY,IMPROPER OVERTAKING/PASSING,2.0,35.666666666666664,3.0,3.0
1376f8560a1832fb3b088cf639b1bf868a47f14316183fe6311a89cdc804c2c60f9ac141cd11be3de4168690d9438d1de39c9a758f963d17e505e3621c8aa753,CLEAR,DAYLIGHT,DRY,FAILING TO REDUCE SPEED TO AVOID CRASH,1.0,31.0,3.0,3.0
137708b9e0be584c1d74e4952d97b0d0498a01a328847ca55ebddc01db0b7020c7492779738a5f6fed239966b3963771f4d06fdbad239516e4dd15f7d341a39d,CLEAR,"DARKNESS, LIGHTED ROAD",DRY,DRIVING ON WRONG SIDE/WRONG WAY,2.0,32.0,1.0,1.0
1377093209ec1e507b3e36e499f1600fc109a3322922fe84e4cc744bcfadaaef37b201553e7b020fb28465bdc549fccf3d1aee75543b65bc04876ab3c33e0d3a,CLEAR,"DARKNESS, LIGHTED ROAD",DRY,FAILING TO YIELD RIGHT-OF-WAY,2.0,23.0,3.0,3.0
13771f8599c312702ceece75535c24d5346b02d2567f04f473cd0e94bed25894d8a53ea522324a430fdb93a6a0a4c695b8f9f186cf263e2dbd71a7094f743954,RAIN,DAYLIGHT,WET,IMPROPER OVERTAKING/PASSING,2.0,49.0,2.0,2.0
1377220108ab297853929956fb1a1613401ef69ee211f7cd7d7713302deea3457c62351cdd2929e68402d3c9b01268e2a00cfa879695776971e05c0822dd6ebb,CLEAR,DAYLIGHT,DRY,FAILING TO REDUCE SPEED TO AVOID CRASH,2.0,55.0,2.0,2.0
137725f9f1062e2d11ba30cd6fe6960126090a417d1e37d8da93a330123144b1bd940f22c8febcfb2a435b5098fd1c9504b8b3c0512c549c232b8475c5dbc84c,RAIN,DARKNESS,WET,IMPROPER BACKING,2.0,55.0,1.0,1.0
1377397d18eae81e3793c962ad2327ac8b5dbd55fe8b413fd29a823b6b8bbf3323c1fde5a869f40e9637b656162096cdfc72d0a5bbba0ef0786690128e2a060b,CLEAR,DAYLIGHT,DRY,IMPROPER OVERTAKING/PASSING,2.0,64.5,3.0,3.0
13773bbe4bcb7f8816c53f6dda53677db77adc0dac003fef06b3a8d5bfc133b05c885e1e152120feea59337ffce3b4792f9929d29fb739978134da77b59f0cae,CLEAR,DAYLIGHT,DRY,FOLLOWING TOO CLOSELY,2.0,32.5,2.0,2.0
137750570e8d0607a95281ee2e654bb60e4b56383d6b18279c6a4e4b0469555ffaf07dc17653367bac3fdbcc7f8e18f7006cec0c4bf67f23869ba70191e2af4d,RAIN,DAYLIGHT,WET,IMPROPER LANE USAGE,2.0,33.0,2.0,2.0
13775f9e2649c49211de875de855b5b02106b738a660b00bb222e0923e8d30e6d2e7f7e665a22d648b8a59f506acd431f0f05cfe2a1743d6cd643eaf09808551,CLEAR,DAYLIGHT,DRY,IMPROPER BACKING,2.0,37.5,1.0,1.0
13776669999e790537c58248167df6667f835a17a3722f99d195d9d25e580dfad70deecdbd102a1e388da0c3e3105a4295d65bc796ebd9473b59294527c14a38,CLEAR,"DARKNESS, LIGHTED ROAD",WET,FOLLOWING TOO CLOSELY,2.0,43.333333333333336,3.0,3.0
137770bb10fc6d7f1b9a395bd788f7a4e8ab72f0a6b9527efdd3fcc2cdf9dffba08e289d1c5c2190a96444b1cef09c19f50dcffd3b8ef73c1a10426527c97a35,CLEAR,DAYLIGHT,DRY,DRIVING SKILLS/KNOWLEDGE/EXPERIENCE,1.0,18.333333333333332,3.0,3.0
13777a2f0068cca71644938e493138146882639bbf47f0a39b9b83e2d35c67dd8fd21690ada4df45c91e1e66bc144f8485696db37cfa6546c302f402c0a08c5a,CLEAR,DAYLIGHT,DRY,FAILING TO REDUCE SPEED TO AVOID CRASH,1.0,26.5,2.0,2.0
137789e360250f4b60a6748503dffc410d17182b6282c2d59e73a5411277005e4150805cf2b41aca8d3fedfbc506ce73219fc9d0b7bae98c5886e5b5feb11602,CLEAR,"DARKNESS, LIGHTED ROAD",DRY,DISREGARDING TRAFFIC SIGNALS,2.0,29.0,2.0,2.0
1377935100f90ec9ee61d91175041f119eee28395baa341750155fa9d6c1485ca65b06b425b505574d916a3612a5bbd5cd37de89a020048f5e8ebe107baf22fa,CLEAR,"DARKNESS, LIGHTED ROAD",DRY,FOLLOWING TOO CLOSELY,2.0,50.0,3.0,3.0
13779d48b392eb7d18214f579177a8ae7c7894afcc2d275eaa715289ef0b3b7ef34b2d3d595324f5be396047e21efead90520525ef33bab879f4d05ad77d602a,CLEAR,DAYLIGHT,DRY,IMPROPER LANE USAGE,2.0,21.5,2.0,2.0
1377ed4c2c7ef68267b9164bb9c6c69a3357465904a104b589b3a1e025601157dd4bf423994b70989411338006e8cdb20c44b79c63693912184ddd1f3117accc,SNOW,DAYLIGHT,SNOW OR SLUSH,WEATHER,2.0,38.0,2.0,2.0
1377fd892df64dca036111cf1aa26385d0c119909b4bf3f1938ff788cc2556c97c76624a401c435d184c55ce01a3e3a6244f2326bb9327b08f99e0e7f0e79845,CLEAR,DAYLIGHT,DRY,FAILING TO YIELD RIGHT-OF-WAY,1.0,29.0,2.0,2.0
13781e07288e6b6e564260657da9aca6ce940cef83e3e3c6bdb138c7f72258d25a0c812695764e86bcf13d98a9b133691d97068453a098287daec786f15554c2,UNKNOWN,"DARKNESS, LIGHTED ROAD",UNKNOWN,DISREGARDING TRAFFIC SIGNALS,2.0,31.0,4.0,4.0
1378231c9f498d882a9ae6e604dfed2cbfcc0b4c7f4ba7246232276fef325e317e6cb1f5a57785fcbaf3343b07ed81322a87575729de6bcacb74d0cd02128ea0,CLEAR,DAYLIGHT,DRY,DRIVING SKILLS/KNOWLEDGE/EXPERIENCE,2.0,39.0,2.0,2.0