crash_record_id,weather_condition,lighting_condition,roadway_surface_cond,prim_contributory_cause,total_vehicles,avg_driver_age,total_people,total_injured
137830ef395dc624e26c4ae43698772c4237e94e64b023dcb86d2d20526c162c553cd08137bd72b205b8b468ac4cddfac2599e1999f47c57b9acb7abf7b83ec5,CLEAR,DAYLIGHT,DRY,FAILING TO YIELD RIGHT-OF-WAY,1.0,37.5,1.0,1.0
1378922d13ceb2609cbf575a1be510c04bb99a4ca5fb9fda0b32f1ac03e1042dc5edc4f75df69f7d27d6a2c750c8836c0c274778081c9f85243b119483f37fcc,CLEAR,"DARKNESS, LIGHTED ROAD",DRY,IMPROPER OVERTAKING/PASSING,2.0,32.0,2.0,2.0
1378a852f24396709893dc4ca29c89aacfdb0f29e0ecb2659e0b6154c1cc1aaca03ef8bf1b41271023857f8d06618ad05c5cd220041feb2eebfd817ca5d68de7,CLEAR,DAYLIGHT,DRY,FAILING TO YIELD RIGHT-OF-WAY,2.0,23.0,3.0,3.0
1378e1f241aabae2733987ed12dff183f10a4892518283ca05ad66da47a249e00b2fc8968aa3d533b9cb13ecee68700fe6a8e27a09005a93e706213861e95148,RAIN,"DARKNESS, LIGHTED ROAD",WET,FAILING TO REDUCE SPEED TO AVOID CRASH,2.0,29.0,2.0,2.0
1378e285567985c274bc4858ec93d831111a068a9ead9a28b70991d755941489f02f03b3d7982d5dd0f27402e2d94f7e0803562cae95c03c0e20b2cf289d8140,CLEAR,"DARKNESS, LIGHTED ROAD",UNKNOWN,DISTRACTION - FROM OUTSIDE VEHICLE,1.0,27.0,1.0,1.0
13794cb97d20fb5675484bc0662115a8b61f3b71490731a4f0c181e3c2bd897e7286ad070fdc890355296b8a7188f8736662887bbb1034a4ac28ad2dda65fb23,CLEAR,DAYLIGHT,DRY,"OPERATING VEHICLE IN ERRATIC, RECKLESS, CARELESS, NEGLIGENT OR AGGRESSIVE MANNER",2.0,27.5,3.0,3.0
13795602f040ac0ed7521e53327a1013e3c3bd43272d6fdc8888a163037bb7537a537cc28104f0545a65e550d1b9f16adcf1b672463ae1286143f6525b857e39,CLEAR,DAYLIGHT,DRY,FAILING TO YIELD RIGHT-OF-WAY,2.0,39.0,2.0,2.0
13796c73315e37d906c5cedab8ac03db2d36020234f86709df64d21e3a754c8e4c078a27e702969446ce9dfc9b91c1dcda67531f8d152e81a845e8b9284ff696,CLEAR,DAYLIGHT,DRY,ROAD ENGINEERING/SURFACE/MARKING DEFECTS,1.0,28.0,2.0,2.0
13797d10248815e06cbb7a01277969d8b20b65eef869da54d145700eaa90d5ab4b5b6134674fcee557ebf1a322badb2856dc7978643dbc23adfd5c34962e34e7,CLEAR,DAYLIGHT,DRY,IMPROPER LANE USAGE,2.0,26.333333333333332,3.0,3.0
13799076baaffdad8b3f1a067bfe7c58bf204e757c99b98c2145ff16ccde1c2941a28cfa779b1493857c24c9c44ee2c5e108dbe3d5982675bc493bf31ccce967,UNKNOWN,DARKNESS,UNKNOWN,DRIVING SKILLS/KNOWLEDGE/EXPERIENCE,2.0,37.5,2.0,2.0
13799f4f90200689236fb0a4df0fcfc8273955a36d591782a2cfcb1d1750ffaea2bb183494b718bf460bc08754cb89d682a6dc83703d880ae0a50d7ba0c07ed4,CLEAR,DAYLIGHT,DRY,FOLLOWING TOO CLOSELY,2.0,37.5,1.0,1.0
1379a2e6393bce6573dfe14869c9f06fd498a994c6df3f075a0facb6222d7896c2593cc270929e494b97aecf622b7bc672cc059e3b69e7b85c6b60d5ba6894de,CLEAR,DAYLIGHT,DRY,DRIVING SKILLS/KNOWLEDGE/EXPERIENCE,2.0,20.0,1.0,1.0
1379af13e0f0e171b4baa4b71d454357ee1d0bb96766ee3b7599e91f90e65c45a9d278952cc916a88c954f643d0ce73102bae705b2fbbf858f65dc6c7dfe6601,CLEAR,"DARKNESS, LIGHTED ROAD",DRY,DISREGARDING TRAFFIC SIGNALS,1.0,22.5,2.0,2.0
1379b5cae5e3b99266d11af72f52e15fab1f5c8f0f55a8d7e9eeac8e9511f2397d7fc4d7047ff8bf353785a7606433976cf41334d5eb7a9130c8b77ddd4240f4,CLEAR,DARKNESS,WET,DISREGARDING OTHER TRAFFIC SIGNS,1.0,29.0,1.0,1.0
137a026cb4e167ce384979df1d245dd189bad265766d986681a9da04b57db4b21f15c62a5ea6a9a2b2ffdf2f71950dfdf1a9260fbd461f5e9c6cc5add36b4c03,CLEAR,DAYLIGHT,DRY,FOLLOWING TOO CLOSELY,3.0,30.0,3.0,3.0
137a1f2bfa1dbfb689f3a8096e1339cdca53bbeb92b0c8d12c19e7514e278296d05c3ffc31c4339382000dcd33620d9b701f4ba0ae643d21b8b3b424d5e57030,CLEAR,DAYLIGHT,DRY,IMPROPER BACKING,1.0,30.0,2.0,2.0
137a34726f11968a7e2a5ee988ca3f1b0c255be2082fb7fe84382d57fade0f978fef400691e221a711ded56eebd336d671624446dd8a8c82e27928de7896c5a6,CLEAR,DAYLIGHT,DRY,FAILING TO YIELD RIGHT-OF-WAY,1.0,42.0,2.0,2.0
137a3e2da3d00a14063ac6fd01d57ef61a0d9f6d66fe6db6e76d8c0721b43151ca4b660b8e55d7ce735e4fa2b9abf52a765d13a4ece584edd18e587e1c520691,CLEAR,DAYLIGHT,DRY,FOLLOWING TOO CLOSELY,2.0,30.5,2.0,2.0
137a577f8f9e5ed8b349aae5842e3b47aeb2ac363c42eb129dfb2ccfe24f3fe3c13dcbf948bb4d5c4af2f10f0a4bfcf3c98772d7ec4cfe7945cc76153d6dd571,CLEAR,"DARKNESS, LIGHTED ROAD",WET,FAILING TO YIELD RIGHT-OF-WAY,2.0,44.5,2.0,2.0
137a6658fe7e91b0284199c2866b99ab9bf6bc4f1ff6825e0af6d6985954d86901c33696842b5f5d9e69e1f4ee190f1b9450b9d658f25cee6948de041429490c,CLEAR,"DARKNESS, LIGHTED ROAD",WET,IMPROPER LANE USAGE,2.0,36.0,4.0,4.0
137aafc3e11ed79a9b0b4a6c05eca80928251159b3d2539bc517901af3ffc6c77950dcc81b511ed88178d48c8f6be2074610c5896ccf0312cc5dba4de2ec482e,CLEAR,"DARKNESS, LIGHTED ROAD",UNKNOWN,FAILING TO YIELD RIGHT-OF-WAY,2.0,43.5,2.0,2.0
137abb3fc91dfab5bca7fb6637277ad1ae2d425fb77e35a994be708bdbce10426b5ef7513dcbe77edda37082bc949a506309fc71e3eaf85485439ec005c1c7a8,CLEAR,DAYLIGHT,DRY,DISREGARDING TRAFFIC SIGNALS,2.0,54.5,2.0,2.0
137ad2699a8a4702edbcf79e4006c02b0b95b0affe43b7b620683980fb8a479590a3a6191275452f29e38b309f7c31e945f1c7d2ecb8075376d2e764eb16842b,SNOW,DAYLIGHT,WET,FAILING TO YIELD RIGHT-OF-WAY,2.0,36.0,3.0,3.0
137ad8462fd06b56f0edb4e2d8f3e9d9ffced753f82e3087cbf03e9f83fd26256b00120c56de25e1f5d84f301d0a15514e39084ff352647dee04ada6e5ef27f2,RAIN,DAYLIGHT,WET,FAILING TO YIELD RIGHT-OF-WAY,2.0,23.0,2.0,2.0
137aebee96ef62ae5a8b48353ec016544c734df526523f2a3e81a2db55e92fc636d4824ac74357b29c82bda6c6d533e5aa0285117c5f6dfc762012d7465645da,CLEAR,"DARKNESS, LIGHTED ROAD",DRY,IMPROPER OVERTAKING/PASSING,2.0,27.75,4.0,4.0
137af4f7a1514c1c5fbdc959b4cbbc1afc1e5843eeafaac7578bfadae2c1eab52d9196913f5d6748324452061c7bf20c36145b7f70a4f81b5f7dae973720ff1b,CLEAR,"DARKNESS, LIGHTED ROAD",DRY,IMPROPER TURNING/NO SIGNAL,2.0,45.333333333333336,3.0,3.0
137afb043a7a678c31f635f9e254261ce791f8db99aa98a5901c935d18e1a33e099d604ecd0713fc7e7ae9eb2be275180d65aa5480ca75e72660e7fbfe627e42,CLEAR,DAYLIGHT,DRY,FAILING TO REDUCE SPEED TO AVOID CRASH,2.0,19.0,1.0,1.0
137b7d301cbf1d6dcc95d436e6d0c3d87a31386f8800ad444606695c0140566a1f84a3c4e7c2647555522e7a07b05c45da83dcb8c91d686a8efca0e2fd028b57,CLEAR,"DARKNESS, LIGHTED ROAD",DRY,FAILING TO YIELD RIGHT-OF-WAY,2.0,62.0,2.0,2.0
137b7f0b7f83d130d33aa03d2cff5aff77e4a6ccec0e44eb145f36c5bac030a16b25c610e378ea915d0ef6955777812aed8764d514bfa24477266462fce079b4,CLEAR,DAYLIGHT,DRY,FAILING TO YIELD RIGHT-OF-WAY,2.0,31.0,2.0,2.0
137bab7bb4af2bdb5b7fb03bf415b6be76499aa54c9d2bae78fedb6fca374339fbaa53e3ad45abb3f2a1bbaa8a956cc9d5a86826b58451f9215a634827977454,CLEAR,DUSK,DRY,DRIVING SKILLS/KNOWLEDGE/EXPERIENCE,2.0,54.0,2.0,2.0
137bef5e0703eeb8fe1ff89947a96972e9b4ee6f2778ed114ffebaf3ee30e2fbb27467e72ab3b3cabbae087dba261ce08cbbcef826a82c17963949a57bf56a2a,CLEAR,DAYLIGHT,DRY,IMPROPER OVERTAKING/PASSING,2.0,46.5,2.0,2.0
137bf46f9b938fb72eaa8575d8b6e742ae7513b6686b81f7242863da0f59a278e44ec08f9dc4b2272b2063b5105d04d055d2de520181322a3e060dd544222195,CLEAR,DAYLIGHT,DRY,IMPROPER BACKING,1.0,28.0,2.0,2.0
137c0a21cb1815eb488b6d059b498306341d1672c0e031142c8ec981c58a3a8b3349206d496a254f596173f605d84830231f37cdd6e27b36e9c1097318f980bd,UNKNOWN,DAYLIGHT,UNKNOWN,FAILING TO YIELD RIGHT-OF-WAY,2.0,48.0,2.0,2.0
137c390c024264c48da01f5cbe0b4eb33afe1c074079bc489e91e8ba61e46f82c39ba272cc2b7429d0b478965e84ef8be46ae9f84c7508cb6815cc2b048d6867,CLEAR,DAYLIGHT,DRY,IMPROPER OVERTAKING/PASSING,2.0,42.5,2.0,2.0
137c8ca3c051414facfeb3c997b73f7ca680b7804c92083f6451281def03fda3aa921028bebd70a28e2c21320979435ed566606e29a81cffc96aa1aa79989d1c,RAIN,"DARKNESS, LIGHTED ROAD",WET,FAILING TO YIELD RIGHT-OF-WAY,2.0,19.0,5.0,5.0
137cc600a7300d9221204f17e1edeee8de6ca153ee387c519b4d2692ff7dafd3cce034dc7c58d287976f952d698b0c2264b5e3e19ea98d456158f9a98c581fed,CLEAR,"DARKNESS, LIGHTED ROAD",DRY,IMPROPER TURNING/NO SIGNAL,2.0,34.5,2.0,2.0
137d5230a4c18daff418e96a6bab9b5a35c15fb1cebfc3d95f4de63fb7700c240371c79bff15e32b7399cbdfcd0a6aa1e0341fba0fca432d3a3338ccac0a2621,CLEAR,"DARKNESS, LIGHTED ROAD",DRY,DISREGARDING TRAFFIC SIGNALS,2.0,25.0,2.0,2.0
137d56924564e536c5c5dc794266ce9cc7eb6f7db6eb7cbb3a2b5b2a90f85ddf6334fb0aa60f87ecc30881d526be0d8d76e139312bcd47b8ad3c93cfbd45a370,CLEAR,DAYLIGHT,DRY,DRIVING SKILLS/KNOWLEDGE/EXPERIENCE,2.0,64.0,2.0,2.0
137d7c757e333725349e7636f04c7e453a9067c5ef8dd93ff1b9a5bab710ba6654d460b43ac25900893b90ccd032f4c5c31b2917f8a2701c7ad21d6f82d61d7b,CLEAR,DAYLIGHT,DRY,IMPROPER OVERTAKING/PASSING,2.0,39.5,2.0,2.0
137da695a56f328022cdd6cee33dff6687bf449f3a29e0d69df8d18148e500fa8d0dd350a19f5129f6277cfe6131d26c25ce9f07fcaa3cccb8c1aea30cf943be,CLEAR,"DARKNESS, LIGHTED ROAD",DRY,FOLLOWING TOO CLOSELY,1.0,40.0,1.0,1.0
137daaefe709b487224f60687770d3422343c71f842df21ceb6108346b3276d8c4e3864e3c235453de04993598246099fc19cbfed9dce424e3f448c279f853dc,CLEAR,DAYLIGHT,DRY,IMPROPER BACKING,2.0,37.5,1.0,1.0
137dafaacf30705d3094c5fef081728096ca3e749b360a63918822a40703b9d106ee4ccda6d740e29e7f2818c58aa7ef7f27deb67f6093b3d659c1373e8bb2da,CLEAR,DAYLIGHT,DRY,FOLLOWING TOO CLOSELY,2.0,41.0,2.0,2.0
137e0304b43699dcdfbd8301c23a4e2a58d2904a9a00badd8bfcefec38b34d74ea1c9ab856c5021d4c2c314701e8390a310fc3c0ba53790d63a72a7426133894,CLEAR,DAYLIGHT,DRY,FAILING TO YIELD RIGHT-OF-WAY,2.0,33.5,2.0,2.0
137e14d37613a2316474fd9764ae25be2736bc3115d02d34d6ba0f5d0866b080e0738dc786a120dcab7597b0018669333828d05a10edba431554b5ecd478081d,CLEAR,DAYLIGHT,DRY,FAILING TO REDUCE SPEED TO AVOID CRASH,2.0,37.0,2.0,2.0
137e16ba613261b2dee7584ce5698298478cbe96e1aaccfbae0a078a15976b49bb86793625ff41360f178144c981abf62d594fa13f0f8082d98dd1bcd7746c0b,CLEAR,DAYLIGHT,DRY,IMPROPER LANE USAGE,2.0,24.8,5.0,5.0
137e1cb8b88504cc04e760275eae373aaaf42f3a3eaf270da22a82a6354d6c35286a3bf4619e7304961dc6182f9321289ced892e94571dbdad23ea0a4ca862b8,CLEAR,DAYLIGHT,DRY,FAILING TO REDUCE SPEED TO AVOID CRASH,2.0,37.25,4.0,4.0
137e2d0c391ed57e4a563a0ca8c1f473b59b48b7153b779005376a85762073007d9273d984f066b17260b08f2dd4e5ecee33b652e998bcc4ccb8d0def638bdb0,UNKNOWN,DAYLIGHT,UNKNOWN,IMPROPER OVERTAKING/PASSING,2.0,37.5,1.0,1.0
137e768e5e1ba2e776be46de1d1783b219d55696dbe210c49f47c6115cf5a8fb6bc448238e0d85292b4659030481baa34ed39873b387c37725f30bb728bed5b1,CLEAR,DAYLIGHT,DRY,FOLLOWING TOO CLOSELY,2.0,53.0,2.0,2.0
137e8bc203ccf1df11917dab1b4b7cfe4da8a6dde81e8eb9538fb1570ef342642edf678e2d7d32b3f2335511ed56bb176b2352bd4b73e71e7deae6a4b578186b,CLEAR,DAYLIGHT,DRY,FAILING TO YIELD RIGHT-OF-WAY,2.0,23.5,2.0,2.0
137e91c89fb313209bc1ebbc0d5b5fa53f3a7160b52141fd585f8b315aff2b0da5433ecb2e41026c3a881dff9ba4077d5a81d8d74f2ae5a107cfa782c4b6650c,RAIN,"DARKNESS, LIGHTED ROAD",WET,FAILING TO YIELD RIGHT-OF-WAY,3.0,44.666666666666664,3.0,3.0
137e9528b89ef786c109327365c788416cfe7833492c8b82bbbc325d277a874f244f2ab963d77967de9062c4f4aa576aef3c5c2d0cd9f1e748d4c95d842c46fc,CLEAR,DUSK,DRY,IMPROPER BACKING,2.0,62.0,2.0,2.0
137ea4c2961d5003a30adc1ad5bf16c823bc3cbebc3b1b186174bb6eb52e21e5d7ff20a852ea3ffde64356957f28b78d5aee6a673b0308a4f62aa41937ba94e3,CLEAR,"DARKNESS, LIGHTED ROAD",DRY,IMPROPER TURNING/NO SIGNAL,2.0,44.0,2.0,2.0
137eb4943c38e47222ca43d6a99acd624a4b591743aad5ad766a5236da334a6b64304f216fe070e0ee449a433842ced9cb5aca65f4a3c25662c1a500883278bb,CLEAR,DAYLIGHT,DRY,FAILING TO REDUCE SPEED TO AVOID CRASH,2.0,37.0,2.0,2.0
137ec74a4ac2d47afe279d781c709b5a553c8563c49c3b2cd9cf9d4c6b87084a9e827cf1f49c183f3d40b8ab5b6d0a48707f5bb7391bb7eaea4c7080a82598d8,SNOW,DAYLIGHT,SNOW OR SLUSH,WEATHER,2.0,48.5,3.0,3.0
137ed49040ff3225826d66035f7860659b8728a36358adfc04878b6909ca35036d4d60b1513381e6aace09cb119713c6d286b39bdeeb868264fb23e93b26ec09,CLEAR,DAYLIGHT,DRY,FOLLOWING TOO CLOSELY,2.0,44.5,2.0,2.0
137edb4a364c3e8e0dfee2e9c8a50f3b4d461fdaaf68e9709823d2b90c84df34f8bf7c0ab645e958914b11f8ab20fab0900cef8f02feca4e3d769e7a912717b2,CLEAR,DAYLIGHT,WET,FAILING TO YIELD RIGHT-OF-WAY,3.0,46.0,3.0,3.0
137f587e9c04cd3d964a2ab9552cb581d7ae0abddd038cfe37fbc190e6f5066ea6cee1110d372b4f2e78e10174f40ee9382064ff3647d6998c9ff483d579939c,CLEAR,DAYLIGHT,DRY,IMPROPER TURNING/NO SIGNAL,2.0,23.666666666666668,3.0,3.0
137fb969f73e2fe6b0aae80f75cd885d2758278b50c564be77a159cef2d31eac069a7591c1a5535d24cef50a46c4525bb725d3e68d4cde9ec5f3e7f76ed017ae,CLEAR,DAYLIGHT,DRY,IMPROPER LANE USAGE,2.0,37.5,1.0,1.0
137fbd4bd43c030a9d2f3cf86278e0efee0f6a2534e9b4df1355addf78d9079d4f2f848aa95bb76019e962c195363a332fc6f342c44ec5e9fbeaaf73ee89d2dc,RAIN,DAYLIGHT,WET,IMPROPER LANE USAGE,2.0,64.5,2.0,2.0
13801e4c715bc1d5964eace229f68f96b9739f4ca40fc9ddd6f659f04a312b749981f8c4782cad0940f703bd7f02cbdf4caa13d2262d3ede65f4040c76680ed3,CLEAR,DAYLIGHT,DRY,IMPROPER TURNING/NO SIGNAL,2.0,50.0,2.0,2.0
138043cb2f1329e0dd1864c0582e51999d0782b642be1b94faf588e0a37229b83bba7a40a968dbffc7dda4f84528d2b319a6e68c3559bb3d90de94b520ac6840,CLEAR,DAYLIGHT,DRY,DRIVING SKILLS/KNOWLEDGE/EXPERIENCE,2.0,18.0,1.0,1.0
13805d2fd53573d2d239987a9255d8e69cc63aa161bd52bbaa2516433f336bce9cfe9220bf73e6979335622c8dcc1dc56a4658cd11d4ed641c6050290a89a35e,CLEAR,"DARKNESS, LIGHTED ROAD",DRY,IMPROPER TURNING/NO SIGNAL,2.0,49.0,3.0,3.0
13806001472d6e882ab4f6684f6f83a233de88038faa489743574de547247105223abdcc02387406975d01ac3918b63ba420104ccff00def01b883882fa927bb,SNOW,DAYLIGHT,SNOW OR SLUSH,"VISION OBSCURED (SIGNS, TREE LIMBS, BUILDINGS, ETC.)",3.0,26.0,2.0,2.0
138063fa18239a9f2920b7de0d591106494a7c03444c1c449cd4cd1696e8894ea880a28f59361e8a2fbefd31d595c77ba99bd8cf97b42f56cd9f3ba35b70c7c6,RAIN,DAYLIGHT,WET,FAILING TO YIELD RIGHT-OF-WAY,2.0,19.5,3.0,3.0
13808441a0886eb8d65fc39fcb5b57ca4c320e05bff6ddf20312a7ac5b34b074b95f25a424d2cc27debd382990e3b204fd4edae66cc9f8cb506d9e360d04e97d,CLEAR,"DARKNESS, LIGHTED ROAD",DRY,IMPROPER BACKING,2.0,37.5,1.0,1.0
1380ac469745639c0dcac048314523fff308d2b42d65a3374e0b890b9e7a392463bb083bf850f4269b4e55c200d70c4c207f8eb080ef3561c873c18f0ae6ccb9,CLEAR,DAYLIGHT,DRY,FOLLOWING TOO CLOSELY,2.0,36.0,2.0,2.0
1380c66835468be38d24d57edb42f1d1cfde33cdb8fb4c46a0f6803ee73e9698add81afd498e9c79d682245308a284989e2e975ac15016ef83371fd99b15101c,CLEAR,DARKNESS,DRY,FAILING TO YIELD RIGHT-OF-WAY,2.0,43.0,4.0,4.0
1380f32580d57312a5c80ba0a87cb383d9c2f6f8d21f75123cf385dc7787499c4b0cc2c89dc52f8b6601caf5f68b51b3525027559d047e967278d543dd6e64c8,CLEAR,DAYLIGHT,DRY,IMPROPER OVERTAKING/PASSING,2.0,43.0,2.0,2.0
1380ff04d5a25e5aba450e675a636b230bce49b5ff9e3f8352524434b945226ee2c832c92f75649d820040a5d19a63276a24e2f138fafc9a0c60d512e66fa02a,CLEAR,DAYLIGHT,DRY,FAILING TO REDUCE SPEED TO AVOID CRASH,2.0,43.5,2.0,2.0
13813cc1156c93c01e9a991f0c205550d8a09e21f51e9cadb1c2f748b0ddcb33c3b2df4a49d4696c4401a1098cdfa04afdc2bbb78790a59b2c0b9cc3bb31c9b2,CLEAR,DAYLIGHT,DRY,FAILING TO YIELD RIGHT-OF-WAY,2.0,44.0,2.0,2.0
138151db55a91d6519ec20d95f145f67ca99d228dd3003412e47668b6ded441649885a4cd76af753efcf9b0dc3c3760b6d35f9024f9e8e99db4a127f4c68586b,CLEAR,DAYLIGHT,DRY,DRIVING SKILLS/KNOWLEDGE/EXPERIENCE,1.0,33.0,1.0,1.0
138162b52544bba6ea2ed5aa65e19a3e15792fcc213cf8f535ebd6fd60895694ed400e23901494a848cfcedbbd2819985905f2823b180c43ce0d627895223e6c,CLEAR,DAYLIGHT,DRY,IMPROPER BACKING,2.0,66.0,1.0,1.0
138196543ca3279bdc21bf34340fdabd31f5625fcdc3eeea8b885cb3d76d9b8e2a5344be755df0dff2854b4ff2ebbd5fde19d76bed62e1f6221c5f65e51eaba3,CLEAR,DAYLIGHT,DRY,FAILING TO REDUCE SPEED TO AVOID CRASH,2.0,62.5,2.0,2.0
1381b26cb0e6ba6bf3cd6e9d8e94f8cf3c41e5d6b4a6b9018aa1803033d9c16edb8db3fd7292584b2705209dcd7bc4fee7bbfb040a67bdddb026ca539c4eb440,RAIN,DAYLIGHT,WET,IMPROPER TURNING/NO SIGNAL,2.0,70.0,2.0,2.0
1381de24320eef36cdc9a1220d28ce768a8801b682cf5ccff7e75b88d0a7a43c264d50871e3e4010319d42f1b490a4fa8e62f4909741d3306099c512313703e1,CLEAR,DAYLIGHT,DRY,IMPROPER BACKING,2.0,49.0,2.0,2.0
138219da118e68b478104636cead568000b580d5cd505267016f0a49f94c8712dde72b9099d8cfb9fda9655d13ac85abc8620306d011e92de4b36ce0394e7b78,CLEAR,DAYLIGHT,UNKNOWN,DRIVING SKILLS/KNOWLEDGE/EXPERIENCE,2.0,38.5,6.0,6.0
13824f95ac6b2b1e16a21de3517217665391e0e91a8478cd0f0a39ae22b385cd00b5f2e96115c285875d0a3e8710be53f33114faa9fa9078e36065627e0d8596,CLEAR,DARKNESS,DRY,FOLLOWING TOO CLOSELY,2.0,37.5,1.0,1.0
13826ca6751ce6342577343566483b4de773396d7154e70e29d1bdb2a21dd50db966b410103cf57c63a56ebf4202da8c2b52c462b8f7f047059f89f40c540563,CLEAR,DAYLIGHT,DRY,FAILING TO YIELD RIGHT-OF-WAY,2.0,37.5,2.0,2.0
138275421a45b6502d52c5b9276da3ba560e2c176e3045f507c6902114f174dbe926d1f9820e54fc08bb54ce5f238c209d141b52aaa52e36d3585d6457ac2fae,CLEAR,"DARKNESS, LIGHTED ROAD",DRY,IMPROPER LANE USAGE,2.0,22.0,3.0,3.0
13828f381be944eb2f585b4e8302e3bf3a26939bdc6201a607e686cdc90de22374586fb90866232bb8d037c14420c2f4c07849713428f52692c703a8f0b71bf5,CLEAR,DAYLIGHT,DRY,FOLLOWING TOO CLOSELY,2.0,42.333333333333336,3.0,3.0
1382c58d16404d08919c9c11e5eadb49fe5378997211d6ef861bbb84930208b98187d3e65b76731d1184e85e5be65eaad53c937911e612e6f05082fc6289f0c0,CLEAR,DAYLIGHT,DRY,DISREGARDING TRAFFIC SIGNALS,2.0,15.0,3.0,3.0
1382ede8db79fb64ea3c22a80f14d2040351d300edd2d1414bbaa9e8012b05aa1535bca7e31c3b204e5af1715255ed12833d2f0dc4cb926f278382361e4a407c,CLEAR,DAYLIGHT,DRY,DRIVING SKILLS/KNOWLEDGE/EXPERIENCE,2.0,57.0,2.0,2.0
138318a49db3cd1bad50ffaf2545c54462bc78233691331ee96d8a09345f5360dfeab485ca4ad411e6600262a843e02b478f086f0ec89a34ba09693f00e0e2c0,CLEAR,"DARKNESS, LIGHTED ROAD",DRY,FAILING TO YIELD RIGHT-OF-WAY,2.0,51.0,2.0,2.0
13831d0dd3373b326a53c65ae767059311d637f1a4d7d3cc5bc0d802082eb0285e24603491b0990e4d8759554e49bd82e5921a650bc5678c44201c559897d190,CLEAR,DAYLIGHT,DRY,FAILING TO REDUCE SPEED TO AVOID CRASH,2.0,49.0,3.0,3.0
138338376866664b058ff9749674b4b7a9f213bf05b9675efd11923bb313e10a5317f32eec2c7cdc28f32cdb27ce21be248f0fb90446e48545cf8887f09974f3,RAIN,DUSK,WET,DISREGARDING TRAFFIC SIGNALS,2.0,31.166666666666668,7.0,7.0
138345822ede81d64768929c5cde434015c11faa5c7f894d6afa79a002a61700cecedc16e2c74ed4ff7582989e84f3dae40176e3dd1352ec0c4a58fc0d5f9c96,RAIN,DAYLIGHT,WET,FAILING TO YIELD RIGHT-OF-WAY,2.0,63.0,4.0,4.0
13835538bcbf1732cb8119188a3aa979f7dafb26d43ab596c001f24c29c0313e5650050f5884a70aad2d15d2726a36a1bf2f95cd0c955d9a8af169a83a49c847,CLEAR,DAYLIGHT,DRY,FAILING TO YIELD RIGHT-OF-WAY,2.0,35.0,2.0,2.0
138391ae60285399b6010a9d3f1c8402e9942ea2ea1651a2beb8fbc319111adfb3aced69fa02b05c6865a0161a71da56b6aef91c9ee7ed4056b701afe778d6e4,RAIN,DARKNESS,DRY,EQUIPMENT - VEHICLE CONDITION,1.0,34.0,2.0,2.0
1383b3742e619e7a0066c2808b8c22bf27fba9151ade94148bcd646f4a905217ff320f220b359c679e6f46fc0bc0d242f4e4d1afc5cdd360182acb582d1b9e3e,CLEAR,DAYLIGHT,DRY,FAILING TO REDUCE SPEED TO AVOID CRASH,2.0,25.0,2.0,2.0
1383bdbaf4508165174149eac0869743f254d282ad3faeb9b5dd654e6730e2aff4925aa7816d88304879c00eb88a779931f0aed89d34c553a1d2be383fa58257,CLEAR,DAYLIGHT,DRY,FAILING TO YIELD RIGHT-OF-WAY,2.0,44.5,2.0,2.0
1383c3e30d7ef380ca66f9e20cf76b9b531be9485c885e8b0e73d7fdb81c42dfb351cb4a4326116083e18060416b046355237b2650ee0d9a5517a29dcb500352,CLEAR,DAYLIGHT,DRY,DRIVING SKILLS/KNOWLEDGE/EXPERIENCE,2.0,36.0,1.0,1.0
1383e31ba3cdc09e2fd3ad8ee75cc50d0f3f1edb1318a781556edfbb2c226facbb99ebb4fdcd5bc816e027a1647804d79321069743fb98dffda5421b37d60a7d,CLEAR,DAYLIGHT,DRY,IMPROPER TURNING/NO SIGNAL,2.0,44.5,2.0,2.0
1384195ef9f60054d01b50aa868fedfcc10ae4a4e229e1c1620a9a8455cf5ee9516b08ef84214d0a5261790bf594b826a6b745dc7e27665d3953cacbf351b74f,CLEAR,DAYLIGHT,DRY,IMPROPER TURNING/NO SIGNAL,2.0,47.0,2.0,2.0
13843a67d844468ec100fbaf1c1d36b41af151a120b3e5be903d23a9d0b9e0bac234dbeb34e3b7ff4ae6acbc83fb5d279239e85c0536a4c9653b4c187642f93c,CLEAR,DAYLIGHT,DRY,"VISION OBSCURED (SIGNS, TREE LIMBS, BUILDINGS, ETC.)",2.0,19.0,2.0,2.0
13846ad0831bdfdfdfe4b2b64934f82e8a446f24bae445eb90a143d10daa2637e69a060a10c871e609a8d80b1eace1138a4993c8a0ca7aab6921cbe44cb6f63e,RAIN,DARKNESS,WET,IMPROPER BACKING,2.0,30.0,2.0,2.0
138478006ecc4c987856ae32c25cbfaecbb60bf3ef7f08402a7e2f8882366fae571294aefee6b8948762ea226577731a40c3849f7466f57ec5b3a6252d044927,RAIN,"DARKNESS, LIGHTED ROAD",WET,DISREGARDING TRAFFIC SIGNALS,2.0,46.666666666666664,3.0,3.0
13849f39a6f554b4ae0a3be1c0728ee430cab5b4c9ff54dd57358189a986656ebdcbd2d3a54d8b77df5e0e9a9c99a85605d4e06b6f26336f99dcb117361b327b,SNOW,DAYLIGHT,SNOW OR SLUSH,DRIVING SKILLS/KNOWLEDGE/EXPERIENCE,2.0,29.5,2.0,2.0