crash_record_id,weather_condition,lighting_condition,roadway_surface_cond,prim_contributory_cause,total_vehicles,avg_driver_age,total_people,total_injured
1384a9013ffd6cfc187e15dfb50317b22919927867e07fa3bd33747b9fa4db256d5e3def4aa3cd6a91fa4b2c8e754cc9793fa01eb631f8bae5b9297b6d931117,CLEAR,DAYLIGHT,DRY,DISREGARDING STOP SIGN,2.0,48.0,2.0,2.0
138541da471f47d4e3f9f5240ae0ea402b8efc3dc4b5e1351d754096858207026eb33e6da8b36f0b47157466c55121d3d73f54717aed623c2b221b5a14a0ccd1,CLEAR,DAYLIGHT,DRY,FOLLOWING TOO CLOSELY,2.0,43.0,2.0,2.0
13855a4fd5cd76cf073658548d037a44df841a9082069355c5dcc938ce32f2c936a0a11459fe935c5885ccff70957d12964fda0ba478f2d254b9785e420cae05,CLEAR,DAYLIGHT,DRY,FAILING TO YIELD RIGHT-OF-WAY,2.0,27.0,2.0,2.0
13855d717802ed1613ac412dea026cfbc72679d0485abf9f2aaacef7720c0bf301ecb8d6b4dd562efc161694f7c1350f3ae079d51cca12aaf3a8c5f32121bc15,UNKNOWN,DAYLIGHT,UNKNOWN,"OPERATING VEHICLE IN ERRATIC, RECKLESS, CARELESS, NEGLIGENT OR AGGRESSIVE MANNER",1.0,37.5,1.0,1.0
138579b6e2d8ab953826d8986d46f89dfe7c00f2c5f226e1550655c12bbe37e1bb3a2ce857b32a8acf8219136c63fff33ecf20ff859fa69c7d1ccebd5ed504c6,CLEAR,DAYLIGHT,DRY,FAILING TO REDUCE SPEED TO AVOID CRASH,2.0,25.166666666666668,6.0,6.0
13858a338793354c80fa7957af59cf9f53809679ab64c39bff065ae12509f19e444414d2e2b4547ddabe6e485069cee922ee25d9e0a90915d54858f47c4297a1,CLEAR,DARKNESS,UNKNOWN,DISTRACTION - FROM OUTSIDE VEHICLE,2.0,46.0,2.0,2.0
1385b4e7af25676a39ae3ee7c787d6303014a084c0e5ba2e99f1c0ff207f6051d1693ab02363c00d329d225e3e42eebcf3b1ca2e160aeb1e350897d81924a1a8,CLEAR,DAYLIGHT,DRY,FAILING TO YIELD RIGHT-OF-WAY,2.0,44.0,3.0,3.0
1385b9c07815d09b02fe604ec2ad439f6312349d3b51e8c5dd677edf3d696e1fdbb8ecc28678c1ccef2c45ff13835448a578bea77623fb2791893bf7152fca97,CLEAR,DAYLIGHT,DRY,FAILING TO YIELD RIGHT-OF-WAY,2.0,37.5,2.0,2.0
1385fe80d9d7635ee6d9ebe5ddaad65341edfa2b96823c661c236d34de48d0685a2138a1820fa5912f90ae736e7461e960009e4221a49fe5ebafb097f610f258,SNOW,"DARKNESS, LIGHTED ROAD",SNOW OR SLUSH,WEATHER,1.0,30.0,1.0,1.0
1385ff15e0fbeedf0de7a60911d1c4a646b6a06be46bc85cd64a60edb8f14fa39cf66645125e4e6e5d89603f8f18012dea651c4efbc173e38bc3e043ab817373,SNOW,DAYLIGHT,SNOW OR SLUSH,FAILING TO REDUCE SPEED TO AVOID CRASH,1.0,42.5,2.0,2.0
1386181915e6762dbe3db6d44f2e9d37b3c387748469dc3ea6c59a5f0bd531308d5298127a5922615a8e9af76490165d8642f28c557aa19c041d22739ddcd668,CLEAR,DAYLIGHT,DRY,FAILING TO REDUCE SPEED TO AVOID CRASH,2.0,51.0,2.0,2.0
13863064258b4e68fc5af20e13fcc7bb379191a4658f051cdb89ad85c744c7843c11aceb6061f318718da00071ba38eebff53e7439f36a37a13f97130ecb51ac,CLEAR,DAYLIGHT,DRY,FOLLOWING TOO CLOSELY,2.0,29.0,3.0,3.0
13864d595a0afddf5ee54de35650904890cca1445ce1a2bb54bdece6c058f842e3f7547dd44cac58ac4be50d881fce78e1731b74e182a280c855a46a5c057db6,CLEAR,"DARKNESS, LIGHTED ROAD",DRY,IMPROPER LANE USAGE,2.0,50.5,2.0,2.0
13865a67d6e7b32b4b9e108cf490955ceb60c0314b0ddac7e0bdb53021c67a074f26b885ee8265a5156d57b2263190bc0adc664a98ae58798045c82542bacdda,OTHER,DAYLIGHT,DRY,DISTRACTION - FROM INSIDE VEHICLE,2.0,21.6,5.0,5.0
138698c385723328c679748820fbf87856f5997fa5380e78324616be1b6579026b6eee1ac5d817ac7a6ea1947c84a08b50e04c571dc5d4bbe43d38b92b72712a,CLEAR,"DARKNESS, LIGHTED ROAD",DRY,IMPROPER OVERTAKING/PASSING,2.0,32.666666666666664,3.0,3.0
1386a6937985a8ffd0487ee6993a1650c4da87477967635e23fa3db134a15f29e9bcc4a4d4caed718393294627eef6fea71cd7d7910299e78a322d8c13226377,CLEAR,DARKNESS,DRY,EQUIPMENT - VEHICLE CONDITION,1.0,23.0,1.0,1.0
1386a852c497eb3a5d85d1810e2fa79d40e738e56d9c89609f90086570c8b612935357587b13ba87a6da7f86dd165a903aa50fe6819c750dfe2800b5a575ef63,CLEAR,DAYLIGHT,DRY,FOLLOWING TOO CLOSELY,2.0,34.0,5.0,5.0
1386b4853e342dee35ac117506e052a19dcc5498b355d1f34ec9850abcb3529050ef947672aa84a8aa12a403629c14f72cfff16332418cf314b09d9d9a49c701,CLEAR,DAYLIGHT,DRY,IMPROPER LANE USAGE,2.0,84.0,1.0,1.0
1386bf9d77cc24346444afbb657ba5b241511422565dce1af5f5afb8f1b184cc33df080adf040536132ec4618a4a65b2b42806db1549c336ec06bc357b25d6ee,RAIN,DAYLIGHT,WET,DRIVING SKILLS/KNOWLEDGE/EXPERIENCE,2.0,52.0,2.0,2.0
1386f4d58ff44f07e80b490dfe50d154e0ac23cbcc64cbfa9687ca4ded90dd2565e05fdd98a2e69e49e4e6104178fbdf0be21225982421446934174de3f007ed,CLEAR,DUSK,WET,FAILING TO REDUCE SPEED TO AVOID CRASH,3.0,41.75,4.0,4.0
13872f632e25ee5b529b10d56ddeb101952042134cda25ca45ca9ce071e171c3d1312d1014ddc8fa0fde7a31fcadb1c36e1f3f65dcbb39ec723bfb8c0ce7fa48,CLEAR,DAYLIGHT,DRY,PHYSICAL CONDITION OF DRIVER,2.0,34.5,2.0,2.0
13873da3ad11e52f1e170602b83ee68751498d49fea8c067b14dc65a500349c549d13914b3d66884746f88db22927dd543347ea9d642ef996f0a84af62e01e9f,CLEAR,"DARKNESS, LIGHTED ROAD",DRY,DRIVING SKILLS/KNOWLEDGE/EXPERIENCE,2.0,26.0,2.0,2.0
13876c429df54ee3036945623b6d92bd26a58e5ddd7b25dc3b7908796f1569214bada56c628619370536f7313ee5ee4895fd7de0bfb6b6572e700184b930f5ea,CLEAR,DAYLIGHT,DRY,FAILING TO YIELD RIGHT-OF-WAY,2.0,35.0,2.0,2.0
13876d83a9f2fddd10430a7e8448cd4f9bac75068d443aa296d1d44b165e55ed60a98318edfa01abcfe48b8ec474a8b4e1eb5b2d5354cfb0c8b88929d6adf2b4,CLEAR,DAYLIGHT,DRY,FAILING TO REDUCE SPEED TO AVOID CRASH,2.0,29.0,2.0,2.0
13877d910024f7608c65d555bf983b82f93ce37ed49952fdb10af0e3380425fe3229ea9c3324733820c0db12c857524429a6a226825af6b853589f684144d9d6,CLEAR,DAYLIGHT,DRY,FOLLOWING TOO CLOSELY,2.0,33.5,2.0,2.0
1387831e25d546e6666941d03466233e371065dd4674a0c723c68b23ccbcaf2f4b11900c8c16d3b4d74f4cb0fe8d846cafe92b1258e24ce0ab44611362e34e57,CLEAR,"DARKNESS, LIGHTED ROAD",DRY,IMPROPER OVERTAKING/PASSING,2.0,0.0,2.0,2.0
13878c7852b598e43a8dc4d28f487d08f549dbaf48d7b8385acadc6c85c3babb69d316a93969320a64ffeb18a850155f7e450dd7eb8d76c6b125d75814fc031b,FREEZING RAIN/DRIZZLE,DAYLIGHT,WET,DRIVING SKILLS/KNOWLEDGE/EXPERIENCE,2.0,19.8,5.0,5.0
138795d7b67c3521eeb58d400e6f48e34bebb2a52a3c6f5f97f53b85f6bfd873ff9e799144727fe6f2c0a56e60579e4b35a1a11a20625b22bfc58b7924171f49,CLOUDY/OVERCAST,DAYLIGHT,UNKNOWN,IMPROPER OVERTAKING/PASSING,2.0,21.0,2.0,2.0
1387c3e85a28cfa3a9de31da2d7d560a22438adf26030bad82b817848afde0d4a19c00daa9179747539eb893ed0789b9c834f4c092cd05a7d4f78486b650cbdc,UNKNOWN,DAYLIGHT,UNKNOWN,IMPROPER OVERTAKING/PASSING,2.0,30.5,2.0,2.0
1387f5aae077ac318ffff5dda8a096bd328d60efaa275ae5a3d1fb066cdbd356f2a9e9ca50608e7bd15355b4547b7318c15af50fe420a8ec5c69e7a3da728727,RAIN,"DARKNESS, LIGHTED ROAD",WET,FAILING TO REDUCE SPEED TO AVOID CRASH,2.0,65.0,2.0,2.0
13880bac2dcaf3dcd56a989f10622f234e16f55bfc6acbc69281308e3abbe32d64e6e6f721d59e5e5ea292ed9d6306ffa0835d32616650a8842e7ef613388801,CLEAR,DAYLIGHT,SNOW OR SLUSH,FAILING TO YIELD RIGHT-OF-WAY,2.0,23.5,2.0,2.0
138819a4a74e4b02b271715e497237fb0018729ac97884ee93676d1f47d3b231c1b9bb9343525c092dc4d743c86e5c91b99ecdd9ee9536aa2917b25000571fea,RAIN,"DARKNESS, LIGHTED ROAD",WET,FAILING TO YIELD RIGHT-OF-WAY,2.0,31.75,4.0,4.0
1388513b80e168bfa514532062f5b71830696d660419be76b5ac63879b0b222db612ef0290b367b14eb23009beb5fbde9808a01eb842135b4c8d2789a46506ab,CLEAR,DAYLIGHT,DRY,UNDER THE INFLUENCE OF ALCOHOL/DRUGS (USE WHEN ARREST IS EFFECTED),3.0,43.0,3.0,3.0
1388c48f06eb299ad2808c3b9788e12f6574f4a32a1e6f2a94aba8d979b9c53f4412c1e21e43531a5e0658706ce01cba31c11ccc99d965d8273ec6cff5f27b9d,CLEAR,DAYLIGHT,DRY,FOLLOWING TOO CLOSELY,2.0,27.5,2.0,2.0
1388cdc11c701033b4546ef37b62297b96b9d6e8f6d17eba09de1d8521288294ee71881c6247aedf055e660331e17035593dca48c6cbbf70fa33ea66da66ac12,CLEAR,DAYLIGHT,DRY,DISREGARDING TRAFFIC SIGNALS,2.0,48.5,2.0,2.0
1388d4ac2216be06f4ef16512ed0fc5ec0b09e7bac80f01775e568c8f162a5f7f713072dc55ede3a5cbd2c38d725648983a3b8c323c65607966a99199e5f3f95,RAIN,DAYLIGHT,WET,FOLLOWING TOO CLOSELY,2.0,48.666666666666664,3.0,3.0
13891a11633e0453e8f8c35f3f32aca8da24e7d575ad585296de6f016cd2610b83a05461df7affd74f34c16490c1c223a2e9f20a9e37c87b80405889d4279200,RAIN,DAYLIGHT,WET,FAILING TO YIELD RIGHT-OF-WAY,2.0,37.5,2.0,2.0
138925cf02db6f0b34808cc7b36020153a286d8a4415bb51d61964c3d9d1fefc179c27ff41ff4c8a70ef0dfd36d692bf9594eb8b85599450417680eb2e384e1e,CLEAR,DAYLIGHT,SNOW OR SLUSH,DISREGARDING OTHER TRAFFIC SIGNS,2.0,38.0,4.0,4.0
13893c2e8dbef09915d73eaf04f69611ef6b5e8006b4bab248daad72d384277c9413fb6df09e0d651685a2f26c5eae636c5b490fa287e5a9278aeddd83ebe73d,UNKNOWN,UNKNOWN,UNKNOWN,FAILING TO YIELD RIGHT-OF-WAY,1.0,55.0,2.0,2.0
1389446424b08e9f06f6e593cd04a801f054b9a3c20b3745658886e7be1888e45c3c5f38d92ffd742efef2ff4e4f81377f73464901ff5687f945c5dba55bb182,CLEAR,DAYLIGHT,DRY,FAILING TO YIELD RIGHT-OF-WAY,3.0,25.5,4.0,4.0
138985653726d4c6c66840b9c721abe01cc94323e512f92371e2aff2ba700a0b04b84a6d05827cb7558b2bee0cd70696379e5c971a72f7a21840167016a23dca,CLEAR,DAYLIGHT,DRY,DISREGARDING STOP SIGN,2.0,50.0,2.0,2.0
1389c4298fa60bd63d7f3b1f06540043d520ca660c2ee0dcbdf49a99b72b93fff50b38489a01ea5b724d7bfdb78f7e20c4073bcb9392c33ded6a6daec7d26da1,CLEAR,DAYLIGHT,DRY,FOLLOWING TOO CLOSELY,2.0,26.0,2.0,2.0
1389cf2198e2f7b4c7d0a891d24c4035bbc5cc619f08f6334524baf3a2fdf8f09ae4ad985c7fbcfd30ecfaa953e0fe500ff3d1429dbbcfc0fdf4649147591e1a,CLEAR,DAYLIGHT,DRY,FOLLOWING TOO CLOSELY,2.0,25.0,4.0,4.0
1389dd3f6fe72af8d737ffd233f4f53b7c211a0a69174160fef46b65d1adb970a926ba90b3f43a49d418906cde06e12c92c60255d4b7dd8484e99877e32a138e,CLEAR,DAYLIGHT,DRY,IMPROPER BACKING,1.0,52.0,2.0,2.0
1389e0d23e991244c45701652f54044a98412906622881a291eef1a282c9f65ddc340f220b1fa4447018106827c299754f9d5737a7aa7a079e09adaee90e9eb1,CLEAR,DAYLIGHT,UNKNOWN,IMPROPER LANE USAGE,2.0,36.5,3.0,3.0
1389f1bd81101e9c99be7b1fd8638c5dcae50e128e3dbe1fae52eef83a3fac643c19538b24f2b3ae65f9826ef088627c2fd7c33be94a419a621c425e0be2cb03,CLEAR,"DARKNESS, LIGHTED ROAD",DRY,IMPROPER OVERTAKING/PASSING,2.0,37.5,2.0,2.0
138a0b55a4ccf8ad72d8aabd3b7f78f7be557646e445118076617218d3358047b7a37f496f241466c710d3ba05e6c6b1dba0dabae114746a22ef6585ace9ec86,CLEAR,DAYLIGHT,DRY,FAILING TO REDUCE SPEED TO AVOID CRASH,2.0,28.0,1.0,1.0
138a147b4895e8f37936f3ba0e25399eb18486be3a580f7d885faf58b5ee9880621867ea031a8930c5efcc257b4ebedffb526978d99bff513d90d69ea7de85c0,RAIN,DAYLIGHT,WET,FAILING TO YIELD RIGHT-OF-WAY,2.0,24.0,2.0,2.0
138a2f7bcfc728f514e738495648d1a1f70f7b6d692148a3edfd34696c5be25b453d7b89b8c5f533a3291b693dc0fc14b14a00337ad17ce674d12bfdf40f2517,UNKNOWN,DAYLIGHT,"SAND, MUD, DIRT",PHYSICAL CONDITION OF DRIVER,1.0,47.0,1.0,1.0
138a38b681f5b17694915b127e7b3e4bef47c8beddb96a1669c87aaa0e8ac29c79155f85eb75152664436304c6b1d4d979b3a768e3bdf58eab3ad198c106f290,CLEAR,DAYLIGHT,DRY,IMPROPER LANE USAGE,2.0,40.0,2.0,2.0
138a56804459b6d84576c548bccf3d6fbcd984bb6f454e08e38730848958e746367d7499a1a9291f29c9afda2b8295432503bcb83f2c0f62844283bd0982df74,CLEAR,"DARKNESS, LIGHTED ROAD",DRY,FAILING TO REDUCE SPEED TO AVOID CRASH,6.0,21.0,1.0,1.0
138a5b5fd549df1010492873d9aed7aabea80cfa260c7f9e1ab9420c7531055c3ae35cc85838601dda0938505ca03b986bafd80aa9cf9dd43015f2488bfee510,CLEAR,DAYLIGHT,UNKNOWN,FAILING TO YIELD RIGHT-OF-WAY,2.0,43.5,2.0,2.0
138a7f75a1d2c9db9e31da3c4dca91602ab943dbfcfe1147db65f838a6544f4219cc0284fb0c516addb8243cc67f387636a9bf4c82009d3336d347602f283631,UNKNOWN,DAYLIGHT,UNKNOWN,IMPROPER LANE USAGE,2.0,64.0,2.0,2.0
138a8b6f649d0d6a6cae8c55df7b949454c7ac8e1a260454a20b7f8f29f5f3b187fe263ab2fca160e655ce62fdfc39681ab86877a5d314879a071ef28838056f,CLEAR,DAYLIGHT,DRY,FAILING TO YIELD RIGHT-OF-WAY,2.0,39.333333333333336,3.0,3.0
138a9ee4ce93d1020675af20e7ef8a87bc36743bfc8ba75df1ce28051176c19a9aeb29e79e0ac617804ed2317c830e7ecd577ef8c0a115f8affa50b6eae88e52,CLEAR,DARKNESS,DRY,IMPROPER TURNING/NO SIGNAL,2.0,27.0,3.0,3.0
138ac3becbc3cd203537a6331067e39d2c2e9c5ae16ea0ca2d3427df7ac5c43291e2295b20f571b9b978d670519c6ec4ab5b72c6286307955c08dc4e5fc53e26,CLEAR,DAYLIGHT,DRY,"OPERATING VEHICLE IN ERRATIC, RECKLESS, CARELESS, NEGLIGENT OR AGGRESSIVE MANNER",1.0,21.0,2.0,2.0
138ad4637f3b9aa56512400a7e6e28477fde2c09156b463f5abe1371898c637dab54b698100ca5674278f75c9cdb1c4908e32a896826de87825ce2b38c712d51,CLEAR,DAYLIGHT,DRY,IMPROPER LANE USAGE,2.0,44.0,4.0,4.0
138ae4ae91c10d7145f171a4b0c077244b7e3e7fc81e66feff7fcca111ee2ee812fbd211d61282bdad01d598e4f59a4b0282c1cae876a23b90dd0ec6bda38564,CLEAR,DUSK,DRY,FAILING TO YIELD RIGHT-OF-WAY,2.0,43.0,1.0,1.0
138b001bd7569ff6ed6b5ad764e7d44e267127df54e0fe06db29539739e5ea000a733c0004dfadef758278df59704876b1e4d0a03a490de76ac2f924bdb89217,CLEAR,"DARKNESS, LIGHTED ROAD",DRY,"OPERATING VEHICLE IN ERRATIC, RECKLESS, CARELESS, NEGLIGENT OR AGGRESSIVE MANNER",2.0,19.666666666666668,7.0,7.0
138b360fc8650bf3cc358da1fddc4ed791dbce5420fd1185a38fe2dcae02a133e40023cd815ce3f271c9ba393a21ce3a4048a375b5a027fc1da198574b84cd81,RAIN,DAYLIGHT,WET,FOLLOWING TOO CLOSELY,2.0,53.0,2.0,2.0
138b449220bdc986740b520db91de62cf80330a98e8d39b0f8e0fa1c47b90c29746c7a806209ae54f823c2a55bb27bdf34f40b52e835b7dfc49675382bf9f9d3,CLEAR,DAYLIGHT,DRY,DRIVING SKILLS/KNOWLEDGE/EXPERIENCE,2.0,72.0,1.0,1.0
138b775940296c34a00daadefdec9229eac9c703848bcd95253885414e9e38e326c391ca747afb42a010c8a0f47f93b15606d3c007ecca594fecc0c5a88d1739,CLEAR,DAYLIGHT,DRY,IMPROPER TURNING/NO SIGNAL,2.0,18.666666666666668,4.0,4.0
138b8abd7850f2d4b40d7445915930d7cede41acac31e05df9ed65ab896329b30030ccd86a34fd79a00a628a6e7aace66434eee3a22a5e69f06a8423053f4920,CLEAR,DAYLIGHT,UNKNOWN,FAILING TO YIELD RIGHT-OF-WAY,2.0,46.5,2.0,2.0
138b8feb7d2cd18c2692373cb2dc822b2431e65461781e47d41836b97c5ab5fadff11c265e152ba1938276beea2cfeeb0cf059028a3e7ab2dba4bf6558e5b8e7,CLEAR,DAYLIGHT,DRY,IMPROPER OVERTAKING/PASSING,2.0,38.0,2.0,2.0
138ba8bc8a7f6dd55fc8bc3cbbce5a5a7d115b09adb3374ae454333e4010860705e1e64882a2041d6b6a4c2918a4078121a7863df9402d74ca38f939e4b46eec,CLEAR,"DARKNESS, LIGHTED ROAD",DRY,ROAD ENGINEERING/SURFACE/MARKING DEFECTS,1.0,35.0,1.0,1.0
138bc3f8be023ae7b263330bf75d98a9fba6346f83f69a08d683903fdad175b97056be81eb0e91ed100abb460caf98b62ec8145fbe27ccaf3295f941e6485568,CLEAR,DAYLIGHT,DRY,FOLLOWING TOO CLOSELY,2.0,33.0,3.0,3.0
138bda306d0f91e10e813be2295ac59c6d8bf6f5478381e22c480a49345c655d0f9f65ad9aa5bd995551a5cf553a3e8b917ae502668f8a2a28c271262818e2fe,RAIN,"DARKNESS, LIGHTED ROAD",WET,FAILING TO YIELD RIGHT-OF-WAY,3.0,46.0,2.0,2.0
138c00be01776569df2a907235524be4cf7a86dada2e2496321f36a6937228de6c15ae4b05763c7c211a50a829071abf6c84e54612b82778267a402dfc310345,RAIN,DAYLIGHT,WET,"OPERATING VEHICLE IN ERRATIC, RECKLESS, CARELESS, NEGLIGENT OR AGGRESSIVE MANNER",2.0,57.5,3.0,3.0
138c4d95fb97f15fb1197aa228afca544c7cf9050f9c43b9b0b39f7e578e8a886dafac8c93c488f53dd634032f10f28bd87051df1d196ebbe394de07a1aac053,CLEAR,DAYLIGHT,DRY,"OPERATING VEHICLE IN ERRATIC, RECKLESS, CARELESS, NEGLIGENT OR AGGRESSIVE MANNER",3.0,63.0,3.0,3.0
138c6f1cacfbcb41860a460e49080481820f309da7983325c579dbb7ca169ebeaa8b3bb2560a553c0f21037da900a28797d5eb4edd3a6d4fbe3c8d3adf56d664,CLEAR,DAYLIGHT,DRY,FAILING TO YIELD RIGHT-OF-WAY,2.0,29.0,3.0,3.0
138c8964c5f4d8845ce480840a16aee7cc270a9833ea3b4eb411b62caa43393abc5d5f3ff6e0d938463ccab7820b34b04c36735d3a66aa9aa169ab4776dbeadf,CLEAR,DAYLIGHT,DRY,FAILING TO REDUCE SPEED TO AVOID CRASH,2.0,23.0,2.0,2.0
138ca1108a6849724a46cea14d01b3889ee8a77ed1d6326b9b46433f9e98d08a7607370ae5f8a385c927f0635893e1f5404059e684f111b4616cac9335677a3e,CLEAR,DAYLIGHT,DRY,"VISION OBSCURED (SIGNS, TREE LIMBS, BUILDINGS, ETC.)",1.0,39.5,2.0,2.0
138ca8e8b61701fedc265d840ae66f1f55da1f2747cb7f26e7947833c11d139627e1d3eede7f9a7cbf542b8192c90813d5a9be5adc6e55b8288c441759afc017,CLEAR,"DARKNESS, LIGHTED ROAD",DRY,DISREGARDING YIELD SIGN,2.0,21.0,2.0,2.0
138cbe0e3f15fd0bbbe9e1315a36e467490f68e95afd826b6cb40407b469808ee144c936f179fccd80886952612632e245595906bd13ad56f4e5e880d145f9e6,CLEAR,DAYLIGHT,DRY,"OPERATING VEHICLE IN ERRATIC, RECKLESS, CARELESS, NEGLIGENT OR AGGRESSIVE MANNER",1.0,45.0,1.0,1.0
138cee3834c9c71aa846a6af57f683fb92262ad61a9b34e0a90a7657b37f164951ce980a8563fbcf3d20f1f14b19c380e5586205bc74cd81937a076ac298cd81,SNOW,"DARKNESS, LIGHTED ROAD",WET,IMPROPER OVERTAKING/PASSING,2.0,37.5,1.0,1.0
138cfee2522ca002412156ec4c0c46af942f1e36153e3b8d63e26ef828665428e71b877804b7132ba0336e5cfa9555f34268e922c5c29bc4ab5a05db6b51a0bb,CLEAR,DAYLIGHT,DRY,IMPROPER TURNING/NO SIGNAL,2.0,37.0,2.0,2.0
138cfff3176a34b88ef7a750ea82e8fecc6f37c6e37ea7045714fc355662a2f8b9e529fd6af992ebf4f1f7340be09ec0e16eca8e443e49ff76ce8e5074539b49,CLEAR,DAYLIGHT,DRY,ROAD ENGINEERING/SURFACE/MARKING DEFECTS,1.0,55.0,1.0,1.0
138d6afe4eb5ba789e1daf164299236612b52e75b911d68e7493cb56d7ee24bdd14154d5e1cdaba5cbe52425462d86d122d60084b0c14fa44054989a787a4306,CLEAR,DAYLIGHT,DRY,IMPROPER OVERTAKING/PASSING,2.0,40.5,4.0,4.0
138d8828ab3ab6f3612f28cb02eca9692a397ad024c5506882a354ff4ef0fde1dad98d4777550a13efab2ca7a76284643a2ff26df1a0b2c4ebb1b2a450b3508b,CLEAR,DAYLIGHT,DRY,FAILING TO YIELD RIGHT-OF-WAY,2.0,31.666666666666668,3.0,3.0
138da166e9ce1f4585572209387681f9dcf12b3e24a5b7cf9251a6d671353d58117c5be5fa8cd712b8bef047351cae15d7315bbce310fe31963b217e860ef5c2,CLEAR,DAWN,DRY,DRIVING SKILLS/KNOWLEDGE/EXPERIENCE,2.0,25.5,3.0,3.0
138db9a2a09f2133c46bc5df55f24d91874ece72a046922234437c2b7d2af27308580bca5dfbaf495ce52742332d2712f6df4866c79c6cd22c698875abb7ccc7,CLEAR,DAYLIGHT,DRY,DISREGARDING ROAD MARKINGS,2.0,67.0,2.0,2.0
138dc819c87178541cb70c84bdc929e778bcaef302e02bda0341a187a8970aba9d68e33a19efa1121a8f53a274b18ea1605fe3011de5dd92a4cca3901fb48640,CLEAR,DUSK,DRY,IMPROPER LANE USAGE,2.0,28.5,2.0,2.0
138dcae8e84d81dbf899857958e3bbb92fccc2060d732d545b2a0176d0b2ad557a1df17d9a306182c33502a1ced417163b92dbb881f16c2ed5e9fca5efcce00b,CLEAR,DAYLIGHT,DRY,FOLLOWING TOO CLOSELY,2.0,64.0,2.0,2.0
138e058d62886a496cf835aba5b31c27aa18a71135bef71383491670f167a9372a8e22643fc1eff2750be789aea5519c995b5a4b18ed2091f08043d9f55fa464,CLEAR,DAYLIGHT,DRY,EQUIPMENT - VEHICLE CONDITION,1.0,34.0,1.0,1.0
138e15db57a510830f4b928af952dc13685271c46ceef78551e819b49ad5b896b74c949560dec103efbeaa2296e60710fa38c9200a0fa2c2dc2f7b5735ceae34,CLEAR,DAYLIGHT,DRY,DRIVING SKILLS/KNOWLEDGE/EXPERIENCE,2.0,25.0,2.0,2.0
138e1af0b5f23c8adadf65fcafc82e9859534f120bc3fe4b4355605bbd78f5259fde26f9514537f8cca2d84987c5907e40631eb4975af31186b073eeed3066b1,CLEAR,DAYLIGHT,DRY,DRIVING SKILLS/KNOWLEDGE/EXPERIENCE,2.0,63.5,2.0,2.0
138e2f5eb5a05ab301749b0db862506dc0afea67947b738a3c737ff12d91d8aa26b53cd0b20435078a1a4e5d7fe45903267847920b2eee7213b59de9324f5e83,CLEAR,DAYLIGHT,DRY,IMPROPER BACKING,2.0,39.0,2.0,2.0
138e33d5c3d2b4e8ffc08227d61ab2fdc80b38179145355ec7b5d5566dcdeb46a49b24abd08f54e104f268d2bce86f11ee38e2533100d35eac0bc8ca33bddff4,CLEAR,"DARKNESS, LIGHTED ROAD",DRY,DISREGARDING TRAFFIC SIGNALS,2.0,55.0,2.0,2.0
138e4cc4ea988fb4c86a09344abac6b726cb2b48109ad746e14024045e7f664febe602217e9c811eac90fee494a6c3d6c9cf03d0d5d1a03e9207d9230a4c37c8,CLEAR,DAYLIGHT,DRY,FAILING TO YIELD RIGHT-OF-WAY,2.0,61.5,2.0,2.0
138e82e97c0046175d5d0f7ad89ed739517e75e656811ddb6486fd551c152d4d4823de8ba6da6508c034dd86f8c63396973dea88b4bd60bef73f157d6b422bf2,CLEAR,"DARKNESS, LIGHTED ROAD",DRY,IMPROPER OVERTAKING/PASSING,2.0,37.5,1.0,1.0
138e83ed5d74c14bb5256741a946dbe0bc72e549938a5e88ff3f2848b7d77287afa30847011b451ebd25cdada3faed8373d862375b1a62e30a4d40255a8f5ad9,CLEAR,DAYLIGHT,DRY,IMPROPER BACKING,2.0,67.0,1.0,1.0
138e873f19fe8ee897ad3b4422e6670000b402bc16ba5247dfe1cf65d40d86c941ea43eadd7bc8f56efa6c202806da498d0ae8d0fd19c8cef7cdc105d76234ac,SNOW,DAYLIGHT,SNOW OR SLUSH,EQUIPMENT - VEHICLE CONDITION,2.0,30.0,1.0,1.0
138e96cc5991f7c5d582b66e1719703ebe9a5c162d6a761a5c644dee145db6617fb9acb46e72a0da4a383f3e9cbd3e4145a7f61a51984fc9707fd5407581bcb5,CLEAR,DAYLIGHT,DRY,"VISION OBSCURED (SIGNS, TREE LIMBS, BUILDINGS, ETC.)",1.0,29.0,3.0,3.0
138e979d2d51b3bc0ffb825ca2e3e1ae881a2ff18f883e79de35a602199bcc6a2b49ace080112de2d4771e1ce4522a62528fee0e3ebf18d981ff49494712e791,CLEAR,DAYLIGHT,DRY,DRIVING SKILLS/KNOWLEDGE/EXPERIENCE,2.0,38.666666666666664,3.0,3.0
138ea2d193908d778963f023a04d0e8cbd58cd934f48c5452f8ec5ca5edc6df39bca15100567c6ce4b85a39c81221ce7be9f686b31fcee330c01f15f02da3183,SNOW,DARKNESS,SNOW OR SLUSH,IMPROPER BACKING,2.0,19.0,2.0,2.0