crash_record_id,weather_condition,lighting_condition,roadway_surface_cond,prim_contributory_cause,total_vehicles,avg_driver_age,total_people,total_injured
138ee6729644c135e910be752151ea282c0db175bba11058507d1d3d3c3ce573e0d73d977fd594eee59b47994e6716e6356fcd286ef61d9ab8832f6bff1835c4,CLEAR,DAYLIGHT,DRY,FAILING TO REDUCE SPEED TO AVOID CRASH,5.0,38.857142857142854,7.0,7.0
138f173bf103174dd119fab5080c9394e0f45efe05453868df58fd974e7fa413f75bb99a38ece8a0ab1f70613f210b2862fc96df179dc96638cb0def80fa752d,CLEAR,DAYLIGHT,DRY,IMPROPER LANE USAGE,2.0,35.5,2.0,2.0
138f4163ce0d639abc7c840c51b0e934b61fbd67ab22d84f7df48327ffd7c8e80e91c267fae2cedb8c7f82831cba94fddaee10af1f062389679b49d513a3e01f,CLEAR,DAYLIGHT,WET,FAILING TO YIELD RIGHT-OF-WAY,2.0,38.333333333333336,3.0,3.0
138f433be310ffbce1ecae4e9772f16d30777c7dca1b9775ee6d2b99690809e046ed756be2254f8cbb50881dc91c74fd5c4c2005c620aab64904245ffb3b4c40,UNKNOWN,DAYLIGHT,UNKNOWN,IMPROPER OVERTAKING/PASSING,2.0,37.5,1.0,1.0
138fb63bf0f6dd4c26932fbce17650cc610217e07a1b32d5338611e6d1ac93968fb248bd08df9f3c82497e3838c99ef2973866ad0247b2c397420babc23d9c1f,CLEAR,DAYLIGHT,DRY,FAILING TO YIELD RIGHT-OF-WAY,2.0,50.0,2.0,2.0
1390183e6d710fe222981c091e4f98297f5fce1f73738bd5ad58cd6580f1c90f711be2678d7160c8fda01fd6bfe698b4c32cc721c6f49b51f5998206f6a87e54,CLEAR,DAYLIGHT,DRY,IMPROPER OVERTAKING/PASSING,2.0,30.0,5.0,5.0
13902e40dba43baa115af9839aa94e2730cc03e6580629cece3afc52c714e51660bf7cdf94e8b352eaa92744ed0227f2977311745746bd484b30692eae524a30,CLEAR,DAYLIGHT,DRY,FAILING TO YIELD RIGHT-OF-WAY,2.0,39.5,3.0,3.0
1390828e22c4a48a61db88c174d2d6145db36560a2b9e78a60829d4e2ead0925dc393364840e417336fde451a77b92be699bae361c06220559c13bffc31d703f,CLEAR,"DARKNESS, LIGHTED ROAD",WET,IMPROPER LANE USAGE,4.0,37.5,1.0,1.0
1390a8214b302e20a903b13ecf7a1ec891297725304dd150ef4ef0e875f0b9f17e1fa99a797ee51f47c950e7613f185f55969f3f9d3243a0539669fbee6d659c,CLEAR,DAYLIGHT,DRY,"VISION OBSCURED (SIGNS, TREE LIMBS, BUILDINGS, ETC.)",1.0,44.0,2.0,2.0
1390a95584dad4a7759c948b421790fbadbba66f0e2365994a7771c396eb1c2f76f8526e5b53dd5a7d3419bfc95009861825f109776102055528376daee21e56,CLEAR,"DARKNESS, LIGHTED ROAD",DRY,DRIVING ON WRONG SIDE/WRONG WAY,3.0,29.0,3.0,3.0
1390d831f7a9bbb2e3c2a47ec5c5cbbfe12201ad14943f1655a5bba2a3cbd214b2d0804159fe51c2878fd31b1b7fcd3d43ea74a8278e5ef3487bb4626d991b3a,CLEAR,DAYLIGHT,DRY,FAILING TO YIELD RIGHT-OF-WAY,2.0,47.0,2.0,2.0
139152cacace30a515db378fb63664dba1122527e636166009d6161a9a7f2879d027f93896d66cfa4656cb588d0d12b7c07ea2fba974e6e91f2361f329da1e13,SNOW,"DARKNESS, LIGHTED ROAD",SNOW OR SLUSH,DISREGARDING TRAFFIC SIGNALS,2.0,49.5,2.0,2.0
13916c2600312e87de118c606bd929ffa482aa31e5914e672681be6b6674becc7002c9b84de51244851dc6f0b3ac9d8020b24705ccd24cd11836657cdcb62bd7,CLEAR,DAYLIGHT,DRY,FAILING TO YIELD RIGHT-OF-WAY,2.0,25.0,4.0,4.0
13918bf9d24430bdd9ec613c63ada0c5d84a58871957b18e30f76cca0e338c310e728919168110a008526ddb5fad03f7315e0bddd8280a2ae9f035616fb1667e,CLEAR,DAYLIGHT,DRY,FOLLOWING TOO CLOSELY,3.0,39.5,3.0,3.0
1391a3c9af40f26adcc7eb702111305ce775b64d3499bcf85e01e5945e34501bac92dc0f4ddb7cfe0350e8053939c3e2e60f87d3179405bae7f9862d377497ef,CLEAR,DAYLIGHT,DRY,IMPROPER OVERTAKING/PASSING,2.0,31.0,3.0,3.0
1391c381c5e5a053978741ebd0ec6f3b794b31ecde90f25af0e03784bbe0990727b21d5a8a1b343176a79f13328564d4727aa8999f5b66c2da58aae6017644ec,CLEAR,"DARKNESS, LIGHTED ROAD",DRY,FAILING TO YIELD RIGHT-OF-WAY,2.0,62.5,2.0,2.0
1391d6f797c01bf16f5d7ba2ea379c05659f2acbbc37b19e97ef279f9d7ae8cd52489dc2b98fc58131649f503f44a2b4892420061bf5fabdbc60909685ae4d93,CLEAR,DAYLIGHT,DRY,IMPROPER BACKING,2.0,37.5,1.0,1.0
1391ec114c8ee715c5fc3488d25b6776a500825851e915fa49978b25bb693c8a6c976fdab9af03d3fddb7fe5ddf0db8d00424bd864edae99996bfdce786fbb5d,CLEAR,DAYLIGHT,DRY,FAILING TO YIELD RIGHT-OF-WAY,2.0,62.0,2.0,2.0
1391fe548e362078570ed7edc1ab99a4e52fad02c43e5d8f86cd4b2b3e6117dda912665654f14e9abeea101bad46ee4929bb9068411ae1d6a9780bc274552f23,RAIN,"DARKNESS, LIGHTED ROAD",WET,FAILING TO REDUCE SPEED TO AVOID CRASH,2.0,21.0,2.0,2.0
1392080b10e01f06c0123593e9d7e1b69de4fc6376931a57a5eac4e631c7c79d002ac88e273e3481e5415f182376c44387a34f678495ecbab8d2b1343001fb9e,CLEAR,DAYLIGHT,DRY,FAILING TO REDUCE SPEED TO AVOID CRASH,1.0,21.0,2.0,2.0
13923a1becda661514d098cea86b3bb266fb3e678d1debb54e10be554ef26d7ba1fc7abef56a95fe60963f3191b413bb460ad6056cbf815883ee712eedeaf9cd,RAIN,DAYLIGHT,WET,IMPROPER LANE USAGE,2.0,48.0,3.0,3.0
1392400beb4c7ed28b8d6f77ec154d798b72d4af9d36bf6ea4659aa278596167da8ffefd77e13b89eca05db9204481e41ec323e43be29146a5d1d0ab05fab3de,CLEAR,DAYLIGHT,DRY,IMPROPER TURNING/NO SIGNAL,2.0,43.0,2.0,2.0
13925b4b7f096938289009ceb29d367d6e0b2faef235d4a45d8df88529bf8234f932fb0c9bc26e000c26b93128ebe13855e2a8ed6d930e8d5c8b8ecf82318051,CLEAR,DAYLIGHT,DRY,IMPROPER LANE USAGE,2.0,52.0,3.0,3.0
13925daeb8ee7b2d743d5fcaf68b3b43a57824a919ed1537a8d2244835ffd44982e529b556e0dad994cf4deb9e258d6a98b71a6b3cefb374f5231580ac26e01b,CLEAR,"DARKNESS, LIGHTED ROAD",DRY,DISREGARDING TRAFFIC SIGNALS,1.0,26.0,2.0,2.0
1392775c7f665ac2bd89d38b9374e8fb6440a1db50808ca80a55e6629ce3c045d1a9f2bd8b4a0402dfc48ca2863f564700a7002fdd7170e02d56b744650b59a0,CLOUDY/OVERCAST,DAYLIGHT,WET,IMPROPER OVERTAKING/PASSING,2.0,60.5,4.0,4.0
13928164ebc17c1c9301f58bdb5e9d699fc13b0e86c796819f553f9b7e22b0d796c79b8ce30a9bd7eacd49705aa16345881482684a657528b091ee5c3d52d476,CLEAR,DAYLIGHT,DRY,FAILING TO YIELD RIGHT-OF-WAY,2.0,23.666666666666668,3.0,3.0
1392dfda10d4c3f5747c3f76cd8e95ba2ec26d1f84ee7638e5051f54e2919cf16a63075d9cfcbcbdcba7694a33a59f359e0169f178c977e7bb5d5fefb7d4cd84,CLEAR,"DARKNESS, LIGHTED ROAD",DRY,IMPROPER TURNING/NO SIGNAL,2.0,35.0,2.0,2.0
1392e9d000083f29bba8d6b4182a9698e08a8179583f0a6af2e42e5a67589091b797537588794b5f45715b1a080563fb2e890bf2082d81284a1faaab86f391ff,CLEAR,DAYLIGHT,DRY,IMPROPER OVERTAKING/PASSING,2.0,25.0,2.0,2.0
13933836f6f9d5a98714385c705ec1a5dd72ccfe7ef4bbabef2dd012931f626279aa08daad628344171928e11653f329743d6ef4bd72bdad6f7a7f9278b6e5d5,SNOW,"DARKNESS, LIGHTED ROAD",SNOW OR SLUSH,DISREGARDING OTHER TRAFFIC SIGNS,2.0,44.5,3.0,3.0
1393563bcc75f31b130795211d5fc525601958a61c894fc06b0061aa86cba342b6dbd61b228b6722514eba078499f848328bd6bdab912a591dc1a78f4a6224f2,CLEAR,DAYLIGHT,DRY,DRIVING SKILLS/KNOWLEDGE/EXPERIENCE,2.0,35.0,1.0,1.0
139357ffee0d1b7c461ef7d37ca2a6150a67599d685d40bb0a1f8c76e0350523693c118930b54e936241681d839beebda3e2a8c04aac660fd25c64a88e821dd2,CLEAR,DAYLIGHT,DRY,IMPROPER OVERTAKING/PASSING,3.0,31.0,2.0,2.0
13936feff5b590cf5f97b5671b51941e1fc1787501a233030fbb63dc5856d3b12a4b832b3ac6328c2d9b0d30be3a57cc8ad78f5dfa3c4af88c7f58edef94977c,CLEAR,DAYLIGHT,DRY,FAILING TO YIELD RIGHT-OF-WAY,2.0,42.5,2.0,2.0
1393786ceb3d2310bb932fad045188ce06d4c04698babe59eb33d4ed845dd0b79ee998e29b24c750bedefa5e67abb45e641660c0b6a547e68c0c91e78b79267d,CLEAR,DAYLIGHT,DRY,FOLLOWING TOO CLOSELY,2.0,71.5,2.0,2.0
1393827b2085050ba167f504c8232caed958d310fddadb5d796d6ac20bcd47fa598c513a5e92c4732d7585919db28cef56132d91150f56d3591575e57df67e4d,RAIN,"DARKNESS, LIGHTED ROAD",WET,FAILING TO YIELD RIGHT-OF-WAY,2.0,29.5,3.0,3.0
1393ade7fb45628d28deeb18ac9e3edad39aae5ee76afc553f4c3f4ff4f61e53fdc7ae14966a2889229b5635f3ff5690208570af830894a56d0e9ead2fc705a8,RAIN,DAYLIGHT,WET,IMPROPER TURNING/NO SIGNAL,4.0,36.25,8.0,8.0
1393b7fd6dc4361b494fdc896633057f3ccdff236b568034f052116e0ea3fd9ee00fe23b233537fae2863fdbda7358db8dd8a01cec911ab809ee51f929b19ab7,SNOW,DARKNESS,ICE,"OPERATING VEHICLE IN ERRATIC, RECKLESS, CARELESS, NEGLIGENT OR AGGRESSIVE MANNER",3.0,37.5,2.0,2.0
1393c0b655a7a07560f80ddb2b880c1eeef22ddebb328688825e9bbb1093e11eece85105f91a52da8633b571765bb9068ede0e5a247c187c413ee002c37246d2,CLEAR,"DARKNESS, LIGHTED ROAD",DRY,UNDER THE INFLUENCE OF ALCOHOL/DRUGS (USE WHEN ARREST IS EFFECTED),1.0,30.0,2.0,2.0
1393c6aa3b14d955f20b1244ed00b4e4bc5d24626d66e9e2ff243da04a1cb8d3d9c98a0c2c1e37a56906f4e5c902057d5d7d637e01c33b403f30b33c5ac25f0a,CLEAR,DAYLIGHT,DRY,FAILING TO YIELD RIGHT-OF-WAY,2.0,26.166666666666668,6.0,6.0
1393da62419a93bfa5de17bacdd597fb7c22fc02c3b2bac2e83f167603c57e2211c4770d35bb1db95964faac6969da48919a9f59cb36fd54da276ca023612987,CLEAR,"DARKNESS, LIGHTED ROAD",DRY,FAILING TO YIELD RIGHT-OF-WAY,2.0,36.0,3.0,3.0
1393df7ed3191c80df7e190e1b9e2658ea65a093410a31271f2c8bc459f02b66716bec1cd360eee04ad0eb6e54b3d1fae106b83c9a08c19c579af9a0b56a1fe4,CLEAR,DAYLIGHT,DRY,"OPERATING VEHICLE IN ERRATIC, RECKLESS, CARELESS, NEGLIGENT OR AGGRESSIVE MANNER",2.0,31.5,3.0,3.0
1393e2643a9dfab7fd525ba69527e32620acb5f7fa97567a1a80fd24f7ff9ccb98bd9e8d474902f55037799137251a0d78903e58c06ea277edf5158d83cc660c,OTHER,"DARKNESS, LIGHTED ROAD",WET,ROAD CONSTRUCTION/MAINTENANCE,2.0,31.0,2.0,2.0
139418fb0f76ca4651f195560b333774faea2e633b8c4550a8459a4dbd8ba6467d68bc6ef51c9eeae8574b34072c2cd22f528853842cc07883e6e49496e0a88c,CLEAR,DAYLIGHT,DRY,FAILING TO YIELD RIGHT-OF-WAY,2.0,29.0,2.0,2.0
1394328578610e2375049d6f3f5c8be377e42211eb49e672ddeb90ee24b1bbde0c03f7acc64075ee9126335b7ca775d9c2760ffc0da5678cad51b16dbfdb6302,CLEAR,"DARKNESS, LIGHTED ROAD",DRY,FOLLOWING TOO CLOSELY,3.0,37.5,1.0,1.0
139450001a77127b502188ef3e5f98f7e0cd27cf15b97f95b944cb17d8fd7eff13e3e4f3008c600df1e58108fcd8fb5e67ff38670f68c0f0575dfb8bb1aaa86f,CLEAR,DAYLIGHT,DRY,FOLLOWING TOO CLOSELY,2.0,62.0,2.0,2.0
13945bf7e4299933bd0fa98629f09ae8a946b2e33e94d3ce74e9c84393dce0d4e9321fc9ecbf61b85fa23a3b8e815f89eb7739c22912595969c5220a3958da64,RAIN,DARKNESS,WET,DISTRACTION - FROM INSIDE VEHICLE,1.0,13.166666666666666,6.0,6.0
1394a248448dc656c9b2b17749a0e7bb524ab3e78e6fbfbc0a96f24fff19ac5b6282b0d95d6af6b4338b92aeebf258c5089371e8b39e35cd461bdb7dc16b21d1,RAIN,DAYLIGHT,WET,FAILING TO YIELD RIGHT-OF-WAY,1.0,37.5,2.0,2.0
1394cbc68fe9e45d8396112f1ba548a6a2ab997df614f3087acd195fdb6d0bfbcb79f00ac93a8078804b08c91d81dec3ee35509b2924ecc813aefb20ed84349c,CLOUDY/OVERCAST,DAYLIGHT,DRY,FAILING TO YIELD RIGHT-OF-WAY,2.0,48.0,2.0,2.0
1394ce47f67150d261183de67809da22bb892c5f492cb78274f2ed3e2700c6819bcee1f796349cfc9feb7077f299abb7d7d35fe66e8567b0407fa25f50388591,CLOUDY/OVERCAST,DAYLIGHT,DRY,FAILING TO REDUCE SPEED TO AVOID CRASH,2.0,25.0,2.0,2.0
1394facb3291bc68e6e4cef30665975975f294f215e7e4d08ae09a5682c0dfb0f515b3952ee21e38f252dbfa423bc78f8f74cc4a809f42e0f950408696d747fd,CLEAR,DAYLIGHT,DRY,IMPROPER LANE USAGE,2.0,62.333333333333336,3.0,3.0
1394fb257a45512352ce54e43d5498fb10151b0a53edae1e9436a191adc66da174d947c9202a75dd8f53bebb4a28cc7d316fa04f6a3e201e668e7e0850a63587,CLEAR,DAYLIGHT,DRY,FOLLOWING TOO CLOSELY,2.0,36.0,2.0,2.0
139502f1914cb99d2c565b40d460cd556e3b3c5633fba7ee3d8ea31488eb6c38ad054d6e6c4e7d891fdbfab6bee11d549ffad72023f774348442c9d8a5bc9995,CLEAR,DAYLIGHT,DRY,IMPROPER TURNING/NO SIGNAL,2.0,54.5,6.0,6.0
139503d200ea39e799b39a1bae4df49f409ffcba8d6c5b981372a52c8228e36fc1783f60f73a35255ae93d52d2f4dd5a5430c0341d93b9160f4e16f073f6d89c,CLEAR,DAYLIGHT,DRY,IMPROPER BACKING,2.0,60.0,2.0,2.0
1395109ce3385687bf753970a831b48448614fe0d4fd56496135b3a63be121e4ac1d3b699386ada33feb10164d7a04077c56374bf19ff1f6796a40961a7f81e7,CLEAR,DAYLIGHT,DRY,DISREGARDING TRAFFIC SIGNALS,1.0,24.0,2.0,2.0
13951a3a29e48808ee75257dbd6bde7b879462174886bd39b64b856422d6270a83ee70e08e0239b00945379e5bc1d9b986bbfbfc8ab5d60612dae02aef65a874,CLOUDY/OVERCAST,"DARKNESS, LIGHTED ROAD",DRY,IMPROPER BACKING,2.0,65.0,1.0,1.0
1395363949cf5afb27f9f21ce6420e82588af2c22806221fe1f51be7bd72ff5e07372e024f5e26dbb7b46ed3026d16620568ca858fa4a122523b19457e36778c,CLEAR,DAYLIGHT,DRY,IMPROPER BACKING,2.0,37.5,3.0,3.0
13953729f1888a9fda4fa323bf7f54651ec2620251402e0af670ddf5d44b313c63590300a92dfb91392903c668f2644deb2fe8ae7cf6cd7b567e743a76fb457b,CLEAR,DAYLIGHT,DRY,IMPROPER TURNING/NO SIGNAL,3.0,27.666666666666668,3.0,3.0
139538f0131585c90a918ce06965c7acbf62af285981ad971480f0fb97674b6d74657a46c4f666e79cb5f33b23f3925d25f1cb5373a9c8f7002455baec37e378,CLEAR,DAYLIGHT,DRY,"VISION OBSCURED (SIGNS, TREE LIMBS, BUILDINGS, ETC.)",2.0,32.5,2.0,2.0
139539547f04757430318654e2d40ef26c9faaa362425fc76547bb31091db903d28ea35c5ef19f85daafb325534863b1aebf368871aa454289461407f4882b5b,CLEAR,DAYLIGHT,DRY,FAILING TO REDUCE SPEED TO AVOID CRASH,2.0,26.5,2.0,2.0
1395af1333d632b9fce845258cb37ce450a4f84ef73c89cb33f4f3afc777e1777b92ebae0fb6971761d2830e305130694a88aee465a89c6cade900a8f9184221,CLEAR,DUSK,DRY,IMPROPER BACKING,2.0,54.5,2.0,2.0
1395e93d757f46b2957a7ff4115a82596d813bda74ea522bac269ed106d652153980a32357ae3f381c6bf47e91d66901d6c3601a367ceb4c1e22b6434ea758b2,SNOW,DAYLIGHT,WET,FOLLOWING TOO CLOSELY,2.0,49.0,2.0,2.0
1395f019fa82d277100e5c7041b5810308b72a21be303d020ba60c4aff1119fdd912b9ce5d552b99b956e0bb23222e5a3d06887dbeb042b7e907a1841646b870,CLEAR,DAYLIGHT,DRY,DRIVING SKILLS/KNOWLEDGE/EXPERIENCE,3.0,22.0,1.0,1.0
1395fc7ee6010c30c941a245f0d3a42fef97c10fdbc64a4c689ed1b896257a9e943ca295a9cf939525995dac2fa8af61b24f959dc347a9cea1bbd7e5a4bbaa4e,CLEAR,DAYLIGHT,DRY,"EVASIVE ACTION DUE TO ANIMAL, OBJECT, NONMOTORIST",2.0,53.0,1.0,1.0
139616afb94924d2dc9a3dcee43f64096ea362f666139789bf13d86aeb6cc05a67845f0563c9f175d453228577fde76e0c9a01c1648c261c0d78b27a71c0ce89,SNOW,DAYLIGHT,SNOW OR SLUSH,WEATHER,1.0,30.0,1.0,1.0
139626938e746993d55efc98b09465ec3445db98da462b954acfd6a39e8b154af0bf862496577ecd248cbfc5e3deb3edafdb8dfd406dfd844a7faed4410357e1,CLEAR,"DARKNESS, LIGHTED ROAD",UNKNOWN,FOLLOWING TOO CLOSELY,2.0,71.0,2.0,2.0
13963b146dfbd5ad270ae7139e04b9981ef85aae7a47cd893b5cea07f71da3d0213f15f88d1677a66e894bc16078ff8ceec087c505e5239eb3e6f71ed7cfeaf3,UNKNOWN,DARKNESS,WET,FAILING TO YIELD RIGHT-OF-WAY,2.0,32.0,2.0,2.0
139658d791e08ba0f6b3f7719c9d662aa033130860e453a97c22aede95dac43b110bbc212f09fbb8ec16ae1560f84bfff6d6b40805c0736012f88e49adb282f9,CLEAR,DAYLIGHT,DRY,FOLLOWING TOO CLOSELY,2.0,38.5,2.0,2.0
13965ad2b50db1066abad0608c5799012678ee231c7c1fefd643c15d30c09f5191f951e2159d67050e030fd0e5127358acd1a943e88712e2a24baaf078ac6340,CLOUDY/OVERCAST,DAYLIGHT,DRY,IMPROPER LANE USAGE,2.0,77.0,1.0,1.0
139662b79c0c73747b4e3ef9ba87cbbd841ade2298ea4cd1cc3ba4082545355c1e96097190b5455215d015a1af6c5c464981c9879e053db78824ed225cad496b,RAIN,DAYLIGHT,WET,EQUIPMENT - VEHICLE CONDITION,2.0,44.5,2.0,2.0
1396abcc126572de2fa28ca8cb1e6e17015f553b367a3f7b8e1246bf594c6ddda77fbc776e671bde0d5d1ce8a51e3d465ef7d1be23563d250cf83f724c726f8f,CLEAR,DAYLIGHT,DRY,DISREGARDING OTHER TRAFFIC SIGNS,2.0,37.333333333333336,3.0,3.0
1396b95303cdf82ede697fe964d3bcfe0a7329ded46815d9239455bb07b63ec8f8d3fb7a4795e9834236746f4e033357f6948719bd7a02a0ffe385a58820b8c0,CLEAR,DAYLIGHT,DRY,IMPROPER OVERTAKING/PASSING,2.0,0.0,2.0,2.0
1396ccfc30d0566dda4beb52f90979757705421484565f5ff024bfc90612d71f1b155297f057f81a2e20757d2756507616c636bd51410e3c1e364cd4ca8c46d3,CLEAR,DAYLIGHT,DRY,FAILING TO YIELD RIGHT-OF-WAY,2.0,37.0,2.0,2.0
1396d6910569405beec05917ea6c4c0da6ad85d7d147c435264ea54af3b1dbec8c58c18a31ddd65365065e2bfd415c15e070a62d4e6b41e6f12287ae3e7f9540,CLEAR,DAYLIGHT,DRY,IMPROPER LANE USAGE,2.0,44.0,3.0,3.0
1396f003f1114b7efea77ed40b2466f0aa1bad0f882cc050b5b14ed607055e2494e8102261fc16b6467392eb302a2baeffbd14aec7ae55d76f78155158494d72,CLOUDY/OVERCAST,DAYLIGHT,WET,IMPROPER OVERTAKING/PASSING,2.0,30.0,2.0,2.0
1396f621a3110e2a664f607b7fc6f45db57687b5c70db553134adda9ee0b6d5322f4882fd0e815222099b893dd909858561a0685936ca607b451ec4ad4e764be,CLEAR,DAYLIGHT,DRY,FAILING TO REDUCE SPEED TO AVOID CRASH,2.0,20.5,2.0,2.0
139736f8821570325d93eb20933960e6b5a453f65d46182ca0210c484c3d237840336ba7b26b6985b1f580af001571d340323fd37d79db860df5cac3bc3df8a5,CLEAR,"DARKNESS, LIGHTED ROAD",DRY,FAILING TO YIELD RIGHT-OF-WAY,2.0,52.0,2.0,2.0
13973dbe355bdbd6c86713bb0cd4693325d506a91537ae03f7ca33df4dd2775de6a60464948cd2895c568b08c3a3884533abf54580b4b2ae27c7a8133c59c3e3,CLEAR,DUSK,DRY,FAILING TO REDUCE SPEED TO AVOID CRASH,2.0,26.333333333333332,3.0,3.0
13975cbc31ef0505d40cba3ef9ec8cb4e215605b5c2a5b3a2abbcb6a270078ab65e44c1f2471417f3d9d00ecbc215a044eec453cafa1799d1ca9ff3aec882e0e,CLEAR,DAYLIGHT,UNKNOWN,FAILING TO YIELD RIGHT-OF-WAY,2.0,22.5,2.0,2.0
1397634f1bcfaf486491fa0edb946010c8e171a4934034a127be09399f05d6f8fdabe5dea1687e9b2f3b44d8dc71fb9b376e5d507e16e48556c13f27d7b4aeb8,CLEAR,DAYLIGHT,DRY,IMPROPER OVERTAKING/PASSING,2.0,46.5,2.0,2.0
13976bd748f732e6cbac52de1d0925ee8968094465bc8c457dc786efc6613ba4df500e4bccfd1c3df858fba05a15d54c091fcaf4e37c01dc95f8e43603768cf3,CLEAR,DAYLIGHT,DRY,DRIVING SKILLS/KNOWLEDGE/EXPERIENCE,2.0,34.0,2.0,2.0
1397728ee493b75c2e6d3cb63271784678e5fb997e02f59decba267ae0945dc7d5f2266671e39f1dea058cc652064828c4817dff19bb3c42ad2aefef1103b462,FOG/SMOKE/HAZE,DUSK,WET,DRIVING SKILLS/KNOWLEDGE/EXPERIENCE,1.0,85.0,1.0,1.0
13977586661f5ac17bd1d0cd09f02660f3eceea6cf5fa77eb240eb303a5418ce62cdbb3d21b33cb2825bde65b0ce4a33b462876ccc779f12c2fe4b523e82b810,CLOUDY/OVERCAST,"DARKNESS, LIGHTED ROAD",WET,FAILING TO REDUCE SPEED TO AVOID CRASH,2.0,42.0,2.0,2.0
1397779db81d9ec0f28d8b018011033fca79c26777bc20def89d447b85750d2290fc6f2fbc3a9d79f80380ecd9273cabd16aa505d1dfa4b83f3c9fcca3d79009,CLEAR,DAYLIGHT,DRY,FOLLOWING TOO CLOSELY,2.0,22.0,2.0,2.0
13978bbe307e6e0f5a02d0f4d39d9b44283f807315eec1fdcf198901e147ec553ff10f90620ef2ea25dd4369235116f620261500c20ec3dafffe45ce24a56eda,RAIN,DAYLIGHT,WET,IMPROPER LANE USAGE,2.0,24.0,2.0,2.0
13979abcce33c52dd402486ec1a9560dab3f00da9f88a384e5ef6f40f38dedc7c7d254c4aed89751fac88bdb35da3e7107bca233f621a312b9e1a0c0e1796f1f,CLEAR,DAYLIGHT,DRY,IMPROPER BACKING,2.0,47.0,3.0,3.0
13979b29d848af54b636e9db607b6cafd82b89b805ce78a814d50355e0fd20cc544f49500183f2b5cdf84e3976ec613583e147cd79b00d22c9277c6c923fe311,CLEAR,DARKNESS,DRY,IMPROPER TURNING/NO SIGNAL,2.0,31.0,2.0,2.0
1397bebca52fd6dc58b145473e2c8faa5706a34c6be78133104d6f7c7137a17fce2330f447d61da8bad9fd8b66054a449e5354784ae820671a0be0728dfcf28c,CLEAR,DAYLIGHT,DRY,FOLLOWING TOO CLOSELY,2.0,33.0,2.0,2.0
1398061ca5d978d5f7075a773b2382a08bc2616bf4b3b524d9f5039ba76a77cdf58cbab0d5d43a93b6e1635e4b75a2ca01da5cdda5556dbde7151f490bf106d0,CLEAR,DAYLIGHT,DRY,DISTRACTION - FROM INSIDE VEHICLE,2.0,39.5,3.0,3.0
1398115abc865a7c65566a3933c2ca884c4c1bd6598a01ad13ffb50181fda02dc830794b5d21574a7fa6b427debae58ff398dbb689114598ced32855263c6cc2,UNKNOWN,UNKNOWN,UNKNOWN,IMPROPER BACKING,2.0,28.0,2.0,2.0
13983504a211c8fcd91750cdc1ced0ee658ef0baa4698499b313a559cf62e920fe684c906bf9d02d2fec19eea63cb57a7fe65dee3702b8463ed85384ee9e1456,CLEAR,DARKNESS,DRY,FAILING TO YIELD RIGHT-OF-WAY,2.0,19.5,3.0,3.0
1398412e36141c1b9f8e43e2226ca8481517559b886579faa2b7a06a9330a0bcf5d0e0066ed4f34c18caf87edd3ec9a730db295743d6ebaec53e65d73a332042,CLOUDY/OVERCAST,DAYLIGHT,WET,IMPROPER BACKING,2.0,52.0,1.0,1.0
139852078b58fa8910fd043e18f5a9a4922fef97672be6953cd806351beaacc289bc567e9ac13cca4974c983344bc6f9739c137ab91c53e57c63cdc427d5efb3,CLEAR,DAYLIGHT,DRY,DRIVING SKILLS/KNOWLEDGE/EXPERIENCE,2.0,31.0,2.0,2.0
13987dca5786581cd106837bef7eb4dbee055632af555e0c7a2e16913626bbb535239c4fe322c672bcb2553b9b316bcae88f49d4b36a153749c4512adc86a7c3,CLEAR,DAYLIGHT,DRY,DISTRACTION - FROM INSIDE VEHICLE,2.0,44.5,2.0,2.0
13987fef4ef5fd6bfb04ba7de61f9b0f16aaba1128464e6e618da3693435d7091d2c708ff4fc7f79f30ce264084203a9f124a56066a946aa24afb418bba05665,CLEAR,DAYLIGHT,DRY,IMPROPER LANE USAGE,2.0,25.0,2.0,2.0
1398b0a12b78bd8989b9dd9dde0f2af8b9ef92c51fcacaf2125fc96566e94691e7b25df710d6ddc33f37adaf75e615967f63468c482a80265122eaf8d6527710,CLEAR,"DARKNESS, LIGHTED ROAD",DRY,FOLLOWING TOO CLOSELY,2.0,29.0,3.0,3.0
1398e84c55e854cfada02a60fa6222ac26d94cfd92fe58eba0859d8a0f48ae22df543f1f5efee2d405bd70f74b5b2218f4000f265e71f6c09d6a17f5031c2774,CLEAR,DAYLIGHT,DRY,FAILING TO REDUCE SPEED TO AVOID CRASH,2.0,32.0,4.0,4.0
139914d77f844696c30c85d3023ddb175c990e718a56d195a2ba1dc5de2501495a48cd020fba992b37853fb26a76ccfce019550253a5556d72da1ad4e8c4c3ab,CLEAR,DAYLIGHT,DRY,DRIVING SKILLS/KNOWLEDGE/EXPERIENCE,2.0,46.0,1.0,1.0