crash_record_id,weather_condition,lighting_condition,roadway_surface_cond,prim_contributory_cause,total_vehicles,avg_driver_age,total_people,total_injured
139919906bbf3cbb7df5fae23abf03bcbe9bb7a1d5c57e57326d261950e721e545bc2c93c9f77d700e209e9e7990a65d34c5df480da9435f2ba49546eb482cfa,CLEAR,DAYLIGHT,DRY,DISREGARDING TRAFFIC SIGNALS,1.0,40.0,2.0,2.0
13991ac006516c70bbbc5ac943b824ff4f83f4bd43f8c1948724fcdfa7a184fce01d1c40e83801d5090c9787ce8a4d36af04425a4d363ffc5b9acdc20acf2154,CLEAR,DAYLIGHT,DRY,IMPROPER TURNING/NO SIGNAL,2.0,31.0,2.0,2.0
1399220a436c4a64882793cc363cc8c5c7c3201d4bb62b33aaefbed204816f65407c9d782b98b8ba7ad790485129de4e32aaa102f86f4e302f2d21f8a430634a,CLEAR,DAYLIGHT,DRY,IMPROPER BACKING,2.0,32.5,2.0,2.0
1399610d426869c5d9d66ceaf63f669d094a7a9d29ce2edeed908cc45d37a904492fe369fb18fd15a4c2cfee2e1a981d7363f8c0c5a24b147330a20efb8fcf7f,CLEAR,DUSK,DRY,IMPROPER BACKING,2.0,44.0,2.0,2.0
1399664d9fc3b44a3b3ae5d911d33e97796d502d81d8715ca5fb81fdfcac5d1a94e6d5cd212aef381a639db174c3730316011b100f821994e98905ffb08fc876,CLEAR,DAYLIGHT,DRY,FAILING TO YIELD RIGHT-OF-WAY,2.0,25.0,3.0,3.0
139990fc0bd7bbe09406e8189888f428d6cd7c6d237436d2f4db1a7a2ae2950f1ac559047c5692fefbefa2be6740a5c6b404e969306bccef6e8958fb3c216206,CLEAR,DAYLIGHT,DRY,FAILING TO YIELD RIGHT-OF-WAY,2.0,31.0,2.0,2.0
1399b92493b84ff5078a052a09a7100e85fec6398e316f41dc239e135a40f817191b297ac42797fc1b2bce5dc892a541224f7c1985dbdce1eb8a8cbbcbb6e7ed,CLEAR,DAYLIGHT,SNOW OR SLUSH,DRIVING SKILLS/KNOWLEDGE/EXPERIENCE,2.0,48.0,2.0,2.0
1399c5d7959dd03b03c0adcc0341ccfa3a03d2c9323490c3c3dad167e58231ab8b595a090d15befb26585aa6c20c87402343ff190ceb8abe7855b447fcf7b5ae,CLEAR,DAYLIGHT,DRY,IMPROPER TURNING/NO SIGNAL,2.0,28.75,4.0,4.0
1399daff524c8714568c31fb65b976bea3132935c513c74abc4ede5085d81aed25ba4aff83165ea60550582f243db46843409bdd2f35d8cc7d392cbaf7abee94,CLEAR,DAYLIGHT,DRY,FAILING TO REDUCE SPEED TO AVOID CRASH,2.0,40.5,2.0,2.0
1399e6407153ce43cb07d0a6a4c2c40025eecbd5f434c640c2de44297058abbe2bbf5be232149bf5287422e09985705a7a84f75328a7fbab0cc1411fb21f483e,CLEAR,DAYLIGHT,DRY,DRIVING SKILLS/KNOWLEDGE/EXPERIENCE,2.0,49.25,4.0,4.0
1399f040f8243111a4e999098747e4840029af4619411577c10d40a4f6d61a4b153be4c1fa626b1d42e6411b8e5340819b4b3f8b13a11911d8c837ffcb58b59c,SNOW,DAYLIGHT,WET,WEATHER,2.0,26.0,2.0,2.0
139a0ead8bb410383de962dbc80901a793698ed3b385fe617e1e75c233ebf0986a3ebe0e79d8590845a64063032beecb1d11233b7b3247948e6022d739b23533,SNOW,DARKNESS,SNOW OR SLUSH,WEATHER,1.0,31.0,1.0,1.0
139a239793ecd7ba01a0b0091cc6a29624ae5ff961a31280af94e7774c989262dd56ce215c9846618225cadffe67257244218a3d3f2bf1cc0793c4d73ec2220e,CLEAR,DAYLIGHT,DRY,FOLLOWING TOO CLOSELY,2.0,22.75,4.0,4.0
139a47d4e3c4bdd718a384cbf4fd268a0fcccc4c65613f36664ca60f5021cffda74c201b42ce1a8839ccea72f15b37cc5616918de3d4b78d9dce273f5720df69,CLEAR,DAYLIGHT,UNKNOWN,FAILING TO YIELD RIGHT-OF-WAY,2.0,47.0,2.0,2.0
139a76f256ab67e1927d4f270dbb02861dc1a16fbc9876a06fe66faf2fa80a2c94b5ca81dba301e7774936a38223e93ee0a597da2130f39862d9de11fb33e705,CLEAR,DAYLIGHT,DRY,FOLLOWING TOO CLOSELY,2.0,51.0,3.0,3.0
139a78023d7197e057c78a822f50127c2408a479483b1b3a9ac5fdb9d734097361fa5c1a28948b936719e384b4c7ba602786610aa263675c5dcd661c6a8f8a98,CLEAR,"DARKNESS, LIGHTED ROAD",DRY,FAILING TO YIELD RIGHT-OF-WAY,2.0,31.5,2.0,2.0
139aa60b82192d85c4853c9a8a8e4c14f788d615808b182cb93fd7856501a59c5d9dbae1237be2821423fd90552e72b7658aa85daf284ce05f27a0e051f05db0,RAIN,DAYLIGHT,WET,DRIVING SKILLS/KNOWLEDGE/EXPERIENCE,1.0,20.0,1.0,1.0
139ab002637bec7d0b366474e065ae5786125fb81edc07a6b6c4aae575e10061fd6ec67e2086d4041589a5e2e4e6787f6d5b8709c6668bcc12562699006f22c6,SNOW,DAYLIGHT,SNOW OR SLUSH,WEATHER,1.0,27.0,5.0,5.0
139ac6c3212301aca432c046660a28aa8d149ba2aff1c085c62a9b5b99f6e5dad446fa597f1be002f97e1f6d0b3e8890410423edbfd19ad2f09f8031215b5874,CLOUDY/OVERCAST,DUSK,DRY,FOLLOWING TOO CLOSELY,2.0,77.0,2.0,2.0
139ae18cce07ef02dff876ef818fdc5357f27cdc0dd06cee0b73ca8150273b5e84c751f7323bb3d575df76e13f94cc55c1a5d83ee9ac5297012abd16545c82ea,CLEAR,"DARKNESS, LIGHTED ROAD",DRY,FAILING TO YIELD RIGHT-OF-WAY,2.0,37.5,2.0,2.0
139b4910cd77721b2b4a99d84356ebd647e287483869c4cddf28c9f5603ec9ee59811fccac5d89c2f858eab17d2837063c778b2558dfe511c22ec5e9f472c64f,CLEAR,DAYLIGHT,DRY,DISREGARDING TRAFFIC SIGNALS,2.0,43.0,2.0,2.0
139b59df86c86f1f7d8fa91c6fe9375f820918e31c02e9ec57f75ac9d5cb98a08bcb5782a509a049234e69516adde18c8337635aea0db12283ec51ae2254ef18,CLEAR,DAYLIGHT,DRY,IMPROPER LANE USAGE,2.0,34.0,2.0,2.0
139b779c3bf2798e686812997f7ca941ee369d67aa24c36fbd64ad6e657476b864e5107f3ec381ed35173d5409fb95b3d70c996a3d1f08d1cab5e827f0b2eb8a,CLEAR,DAYLIGHT,DRY,FOLLOWING TOO CLOSELY,5.0,36.6,7.0,7.0
139ba483863c8ab636bca49c423c23929c1f22780e2c18a5611a0456b13a8cf74667070165d4a5c6ba28ee6b911e67960bd2cb02a0c75c5290f4ea59ac81a081,CLEAR,DAYLIGHT,DRY,FAILING TO YIELD RIGHT-OF-WAY,2.0,34.0,2.0,2.0
139bd11f06e725d0b832072f0ba3b5ee38ad604315feaa8a96889db414e166f0c26a212c5a9bb67b92532e0863f175e6a1899ec3331da7dfc233a9a770f82297,CLEAR,DAYLIGHT,WET,IMPROPER LANE USAGE,2.0,31.0,3.0,3.0
139bd22248f97d57f351e923a585b18e74851097873b03054c6200fe91574592bdc4b579e93e3e51c5954e3a5b8be07b4aca440b42c7f8788d9e52250f542fbf,CLEAR,DAYLIGHT,DRY,FAILING TO YIELD RIGHT-OF-WAY,2.0,60.5,2.0,2.0
139c2025fecaed58ec6945f9c22aeb2155bc65c0ee79f3a24db6e091a473c1da41ce5fde48c4ebe3805aa63e218dd160c6090cf27fa9087f8dec168e9d157937,CLEAR,DAYLIGHT,DRY,FAILING TO YIELD RIGHT-OF-WAY,2.0,29.0,2.0,2.0
139c227e9208088cc1bd58b5bba6bc1595b668b0d43d18803eae9da68eeae32881d6ecfab8eb6da0bd3e7b5f0f88efe02996d48d290f1df5241cd6eb80609319,CLEAR,DAYLIGHT,DRY,FAILING TO REDUCE SPEED TO AVOID CRASH,2.0,30.0,5.0,5.0
139c2e2793060f45886290f52fae7705847fd99e8479aa6c3f8ae98daf1768343f86e4fcfb4abc087d3660a03beab8f183be17a66b2dcd97475d7fb4853b9cdc,RAIN,DAYLIGHT,DRY,IMPROPER LANE USAGE,2.0,58.0,2.0,2.0
139c3464b3bcdf8a7aa29a08bab31ef5996a36e4fcb6359505a7d6a5d8c9ae210bfb285bc94e42d24fdb8549520c7c604e09bda9fda3dcf2d90296b7d99d0940,RAIN,DUSK,WET,DISREGARDING TRAFFIC SIGNALS,2.0,26.0,2.0,2.0
139c3b5d1e111bc0c52ead826eb24e42dcbe307482fa40fdd50ec2420735f1f70521097e1c624b9a0e0de4f3b1ae28b8f57fe79761f9c742c026ceb2a15d6157,CLEAR,DAYLIGHT,DRY,FAILING TO YIELD RIGHT-OF-WAY,3.0,70.0,1.0,1.0
139c8e0561bb52a71f49cdb5442ccb9073ab4d29b58774f79be8b84948240e8b00916feeec0b7526e8640223627fcde22899d14a7d276cd79cc8d19b8f85d23c,CLEAR,DAYLIGHT,DRY,FAILING TO YIELD RIGHT-OF-WAY,2.0,64.0,3.0,3.0
139ca0c04ead9ae190fa573676ba4444fd1620fec4f1f662b1238cacdd0aae4acc3f3312116fec0928015f93701c4b7464d8e4fa9f751011508561301f8c6e28,CLEAR,"DARKNESS, LIGHTED ROAD",DRY,IMPROPER OVERTAKING/PASSING,2.0,32.5,3.0,3.0
139ca21fac0987fb1fb904268343075be085e4af4548d4301783c7e84cb7f2f6330ee425ebaec4541edae460441db561665aa3c2a652f79cfefe3c61d920aae8,CLEAR,DAYLIGHT,DRY,FAILING TO YIELD RIGHT-OF-WAY,2.0,40.5,2.0,2.0
139ca40666e3eed145e0cb95b923d9e28f958970a05011158fe707fbf5d6fd056ac1c56c0a76f061b83faa722aaf6c7c27b01d68cea5cb1676df1260d90ca561,CLEAR,DAYLIGHT,DRY,FAILING TO REDUCE SPEED TO AVOID CRASH,2.0,37.5,1.0,1.0
139cc9b3eaeca8ca75f535d61830eb2807fd93259869227f6bd718f1176accb604f9318771870c924fdc82fbf5920d3a5f8b59d22e4cd6c9cbbd8aa2c6edc270,CLEAR,DAYLIGHT,DRY,IMPROPER BACKING,2.0,28.5,3.0,3.0
139d217e316287cc42f737df593dbe1a1fd06d54c3c8277d271910e569c2bd4c91840d2347a9a08ba0caec2d9c8e2369def79e3556e08fc13afda9329a543b8d,CLEAR,"DARKNESS, LIGHTED ROAD",SNOW OR SLUSH,IMPROPER LANE USAGE,3.0,29.0,4.0,4.0
139d21dca7b497aed1dc49f171b79372373e8d850012bf197beccefc0d9a873b9af3c438a5be60e2a9394eabbcfcfa6715e34db6740a24a0c1500f6f1790d46b,CLEAR,DAYLIGHT,DRY,FAILING TO YIELD RIGHT-OF-WAY,2.0,33.5,4.0,4.0
139d2b6a45626142120af887eb9daf7d844bf7146da456ed8b93283e929abfd1e87b9f1c44627ff0f2381271cff49d6fc8cce663bb6d1233cf7a573a0b31570a,CLEAR,DAYLIGHT,DRY,IMPROPER TURNING/NO SIGNAL,2.0,41.5,2.0,2.0
139d38d9241a73b74dee9a949ca4d9ad4ee8b16e54766d3973575275e48975531692ee902fe8861bd2c4472f71691066373fea2289a14a24ab35ea661e9f673e,CLEAR,DAYLIGHT,DRY,IMPROPER LANE USAGE,2.0,41.0,2.0,2.0
139d3a37631b83973c375ceffe581d410badd66271de0f84daebda13c19e593545ae2580bd84d5728fb6955a17c50d7b64053c1157d6fbe7472a58c62df89706,CLEAR,"DARKNESS, LIGHTED ROAD",DRY,DISREGARDING TRAFFIC SIGNALS,2.0,41.5,2.0,2.0
139d44b8043f25a1af50546ed0f3c4a3a410b354280f51b38f5de1ddcbf729f1d83240a08344f69d69bb9389f5ea641a4e0d0d0dd4a571d0db95adabf5a4bdc8,RAIN,DAYLIGHT,WET,IMPROPER OVERTAKING/PASSING,2.0,38.0,2.0,2.0
139d48eb9d27cf3acf6e1f71ecbdc1f701f57c14c2a861b797170284453a49184529b9bb2601246567753ab848f0edc0e8e87d7922ea2cac837cebf382000712,CLEAR,DAYLIGHT,DRY,IMPROPER OVERTAKING/PASSING,2.0,47.5,4.0,4.0
139d641121bd8deb88e4ba63b7df38b5e9f973d70b441642a459a7abdc9f18e8682882afc684dd1450970368ecf96bfbcbbca11b1e95aebddba10848d31b80f8,UNKNOWN,UNKNOWN,UNKNOWN,IMPROPER BACKING,3.0,37.5,1.0,1.0
139d881c888644c509075d4f929ed9d3e4ec02792f17b7f8fb78876cc41839218694bb1b44bd9b015cd5b325cf52b22b36aacc235450b6e9d77b02651aca71e9,CLEAR,DAYLIGHT,DRY,DISREGARDING TRAFFIC SIGNALS,2.0,25.0,4.0,4.0
139dbc49c34b86afd33103df155ea2ffa6baf0158370b656eaf4088dd53d3df5ac47dfb82ed82b5c48194cc58fcfa5f8d0a08999e6e8b214cd2af45e012ed34c,UNKNOWN,DAYLIGHT,UNKNOWN,IMPROPER TURNING/NO SIGNAL,2.0,52.0,2.0,2.0
139dbe93a8041774dd573cc5acad5745722f84fc05a26004dd79ad79463051bdaaed9a2cefe6905522f56cb0395f191af7e4bee76bf07dc88a7d2177a1524778,CLEAR,"DARKNESS, LIGHTED ROAD",DRY,PHYSICAL CONDITION OF DRIVER,2.0,33.0,2.0,2.0
139df16ffea073f70679cd1429d70abcc728409f0228cb289b95597bcfa25b0573f1ea79de37242a3143d83456df57898885bc4adf563b33d5e5129a13c97628,CLEAR,DAYLIGHT,DRY,DISREGARDING OTHER TRAFFIC SIGNS,1.0,36.0,1.0,1.0
139dfad540fd1a7c4218aac9818a6729331f6bb00c8f86a8dccf032ada2fe038e5e2339ddcc3d57bb5ec458a620bf6f0208b9fc83e202d272aba48121bd821bc,CLEAR,DAYLIGHT,DRY,IMPROPER BACKING,2.0,52.5,2.0,2.0
139dfcec2ab4f5234caff1d4946d131590cab147b2d41f619728cea7bfaed4fb5d6280b98c66cc4f38d3c241bc5f19f96d068d8956198b89a1f63824aba18ddc,CLEAR,"DARKNESS, LIGHTED ROAD",UNKNOWN,DISREGARDING TRAFFIC SIGNALS,3.0,30.0,2.0,2.0
139e26ff8be62bf0047c8599c46053f6b6516fdf35c3321b073777987df863156e637d7d1915a26a0d783fa657055c784ed74400969525e32746a92756f76c66,CLOUDY/OVERCAST,DAYLIGHT,WET,FOLLOWING TOO CLOSELY,2.0,13.7,10.0,10.0
139e31cebc33305df3c7f5a35ecd98cb95b06ceec6f6bb5aaaad017c4dc7bb9a60168d750c0e5953170fbd48cf5d66c68c9498a43c7396ff99388ae0075f8793,CLEAR,DAYLIGHT,WET,FAILING TO YIELD RIGHT-OF-WAY,2.0,34.5,2.0,2.0
139e4c28fa6c2ec0c23f8ba5df09673528c474a29b78584e0c38598c457ff51804c0f64d989e6d5b1cdbf25280ee1ec2ff48f9a8bd9ff43f4cf84ab586ed38e4,CLEAR,DAYLIGHT,DRY,IMPROPER LANE USAGE,3.0,30.0,3.0,3.0
139e4ed9609b2eb5651c6442a20d0a5fc45a968706827eeb967836832697da39b30f0178442cb0e73ceb6ae441dc63a6d9792801260dc7734f24dfbfc2b7e523,RAIN,"DARKNESS, LIGHTED ROAD",WET,DISREGARDING STOP SIGN,2.0,36.5,2.0,2.0
139e7cb5f643f6049175489b160d6ae7dd5e9822e86b7749a6c2bef3c17fc13b01a244bb749a32ef69632c067760c58cbebce14bc7c34ee5c7ab7fec04f31a46,CLEAR,DAYLIGHT,DRY,DRIVING SKILLS/KNOWLEDGE/EXPERIENCE,2.0,24.0,1.0,1.0
139e8186b707a8d9cfe6de003c6ef008be730b930ef939b496a6d1724a56400df42fefe6d6049db409bb3f38151beae3f5ce5bb870f8ba547d5db6397550bd91,CLEAR,DAYLIGHT,DRY,IMPROPER OVERTAKING/PASSING,2.0,17.5,7.0,7.0
139ea883db82358b8d02e3121fb4efef4171405219f43edd557151e463ba7abd61e76ebc667bbe5801cd9c5e2d32c16e62179654968abd829fbc9612d58c5256,CLOUDY/OVERCAST,DAYLIGHT,DRY,FOLLOWING TOO CLOSELY,3.0,29.0,3.0,3.0
139ec6d7e0484512088e6a2bb922281f27532ea693543ed34aab7f5e833690461b0516ce6e00e635989f827a5fd39bcc606fcfb40c529d48634d3ec8507a8785,CLEAR,DAYLIGHT,DRY,IMPROPER OVERTAKING/PASSING,2.0,42.0,2.0,2.0
139ee3b1e5a4dd4e5cf8b5ca80549c13b934f9f116bf6d72f95b6d8042d8f33071a7d770e102c13945e2c6465b227fe128d9e8155a6894c2d7bcb423dc4a756a,CLOUDY/OVERCAST,DAYLIGHT,DRY,FAILING TO REDUCE SPEED TO AVOID CRASH,2.0,24.0,3.0,3.0
139f30282cd579e05b8b7c203a734d4e78402d7c845de9318135b98f837d7c45370989b0d2f47d50b5102b1b04d072eeeb3dcf58acff4330f10eca8a1ca9ac00,CLEAR,DAYLIGHT,DRY,FOLLOWING TOO CLOSELY,2.0,48.0,3.0,3.0
139f3f4909bfb8e7380094d5db65bdfae83494b4d42bda730a1bc3a50f3e29c1f1d243bda26f5671a8f243a79a59d1995a9c2ba3294cc5a444234eb3c16a6ce4,CLEAR,"DARKNESS, LIGHTED ROAD",DRY,IMPROPER OVERTAKING/PASSING,2.0,41.5,2.0,2.0
139f5266b6378d83cd50d65c9659e33805e432e885f46abb480d658d6bf330a4d61f0c2cbbf68d42c2345377a617f2db080d95addb855fd8770b3027d1c3ff56,CLEAR,DAYLIGHT,DRY,UNDER THE INFLUENCE OF ALCOHOL/DRUGS (USE WHEN ARREST IS EFFECTED),4.0,26.0,1.0,1.0
139fabfe3077607e9f488ad2cd0f8354341d0c6fcd99c338e5c25bf9ef177297ec8e375abccafeb96da367e12c89bba095b3e1b2ba835d8523961821f89ad83b,CLEAR,DAYLIGHT,DRY,IMPROPER LANE USAGE,2.0,68.0,2.0,2.0
139faf0cbd0a06d6b9aef4f4ca758d3259c249ad384f0e3d330984eb283cb093517bf31afd44121093c2d6b120c00099d810b9508bd64b8d1bf841b344c25dfc,CLEAR,DAYLIGHT,DRY,FOLLOWING TOO CLOSELY,2.0,38.0,2.0,2.0
139fbbcb077d339511fc9b8219322fb9a3f75b321e8eac60d93f34dd9baa9abe281c604b96ccf71d2837738244cd001d6d073c58e62356b556150a1c3d78cf0a,CLEAR,"DARKNESS, LIGHTED ROAD",UNKNOWN,FAILING TO YIELD RIGHT-OF-WAY,2.0,26.0,3.0,3.0
139fbfb6b817969ba4af41aa9619bd09f302e3573fa4aea442138fe5b36ef66f067fc9828689e7147d5e40bbea47d79e8f16bd95b6a00725a7a059c13d1267ed,CLEAR,DAYLIGHT,DRY,IMPROPER TURNING/NO SIGNAL,2.0,41.0,2.0,2.0
139fcfc1603bd9f05493e07a6d2f1504e56b2da234f558fdee1b13169b3edfe205a17bf435159a91e5b92ead83e16aae675349d98312d1529bf0ae7a4d7105ba,CLEAR,"DARKNESS, LIGHTED ROAD",DRY,EQUIPMENT - VEHICLE CONDITION,2.0,43.666666666666664,3.0,3.0
139fd16c495a02c04c25f3464e4e168c394b41fcbbd79cd1d0bdf9578f099c9298d8f020f5bf612033ef2b3bc80069ece0138ea4e6ad0975668eeb07ae5eaf3f,CLEAR,"DARKNESS, LIGHTED ROAD",DRY,FAILING TO YIELD RIGHT-OF-WAY,1.0,46.5,2.0,2.0
13a0342d696e2b737181f0ca1a7a9b722b02d3cba46c9c9ca8ce563fb92bbe9f95e4efe0ecb4595657a107cf9c91546d673d618c47771e4107e4d4475adecdf9,CLEAR,DAYLIGHT,DRY,FAILING TO YIELD RIGHT-OF-WAY,2.0,35.0,2.0,2.0
13a0a48c4dc2f86e04f0ad0a951312cafae691411289ad6fa9d7689759f98e38dcbfa3e4317c8ae2c25f9063fa03e46522b63dd6ff4e1d080be32ed2d5ce8d42,CLEAR,DAYLIGHT,DRY,ROAD ENGINEERING/SURFACE/MARKING DEFECTS,3.0,26.0,1.0,1.0
13a0bb8d9c8269eeb14c1ba5e8ed3ed54cba34a6e06ccd07c807c52bbe0f8c8552dbd5f8aaba7ddcbc17e2c316dcd63b7ddfef734969168a12bd145b50882dac,UNKNOWN,UNKNOWN,UNKNOWN,FOLLOWING TOO CLOSELY,2.0,37.5,1.0,1.0
13a0c2bb969e2166ed7d83f7f082abf3c88570aa54ce540f0568979d59c6eb121558cd1f3869d0ca038efcdb2ad9a4e19e93616eadd505ace0a6db10a165a8bf,CLEAR,DAYLIGHT,DRY,IMPROPER LANE USAGE,2.0,29.0,2.0,2.0
13a0cb6521f4d80a42f30d7bcef86e624e09468b194c34a918244db0ae9c525c91b1e380a20ea431191e79ac1856d191bbb0ca32e8d2f31c6dfc3c10425d31f2,RAIN,DUSK,WET,FAILING TO YIELD RIGHT-OF-WAY,2.0,41.0,2.0,2.0
13a0d3dfddbde17375ca5e6e92e3cde54f89e81452f019f0192e09d9a08ccc536f74f0622e62270ce8887323ae8f5ca187029a78d97054c266922e3e192652c2,CLEAR,"DARKNESS, LIGHTED ROAD",DRY,IMPROPER OVERTAKING/PASSING,2.0,41.0,2.0,2.0
13a0d6164da2bbe0c43bed9f1814ef3a6de0b48319b6063d598e4b89438f7b9373020326769f3604470ee4a6f79a54b5efd5676129daba6bc531c691acb8d3db,CLEAR,DUSK,DRY,IMPROPER TURNING/NO SIGNAL,2.0,15.2,5.0,5.0
13a0e959a648234616a08fabd00528e1ee6bc5d9aadb4770399fbe1f52d4a4781eeb3197d5a75587981d40f8ce41fa422cd0b707b0a7bd1582bae8d5b936b7af,CLEAR,"DARKNESS, LIGHTED ROAD",DRY,FAILING TO YIELD RIGHT-OF-WAY,2.0,21.0,2.0,2.0
13a10e9adb2d3e77f3fb5474a0894ed3b161fe0c88fd6229dbc456a505a293f17f7ddc3a572eebd6a8c96122593b291e73397678f3f51e1399b094b7fa3d3bd3,CLEAR,DAYLIGHT,DRY,FOLLOWING TOO CLOSELY,3.0,32.166666666666664,6.0,6.0
13a11dfe5340db00475dadd8dd7dbefc63a6e0c8dc1c85bc56cf79dc84e3c88f25551eec67641f28ad940be3fe2ccc881fc7b22b55bf090b19e3bfef2b5ec4d1,SNOW,DAYLIGHT,SNOW OR SLUSH,DISREGARDING OTHER TRAFFIC SIGNS,2.0,51.5,2.0,2.0
13a14e375206c634af36dd7bd9f30ac1b29c027b7656a23bb3e67f3f5bcc992deaffed442fe0fe4fd1f5bdb10df6856e50de63e9e7c52f941522444bd574b529,CLEAR,DAYLIGHT,DRY,FOLLOWING TOO CLOSELY,2.0,55.0,2.0,2.0
13a1870d4d9d74e84cb1543ec91a0570dba0abee5791d8d80551ed0a5324ff960988b0e90817e24d085ddf5ad98d9c6e1b4044738f1424403055d5562de27058,CLEAR,DAYLIGHT,DRY,DRIVING ON WRONG SIDE/WRONG WAY,7.0,26.0,1.0,1.0
13a187519affdf26e0b78fbb6145e6be25dbd40c0048e659239518a1fd34c6450db4ffef38a725ff13e2779b1c04bbc4c8fb87ec96aa2d28017b6df0be63e0a3,CLEAR,"DARKNESS, LIGHTED ROAD",DRY,IMPROPER OVERTAKING/PASSING,2.0,32.0,2.0,2.0
13a1a740253d8e6d65007f491e985342f38678d6757ccb28cfa1921db669bb7d89f4adceb0d507984aad6907c50648e6caffe68aa856b533da439526a890386e,CLEAR,"DARKNESS, LIGHTED ROAD",DRY,IMPROPER TURNING/NO SIGNAL,2.0,21.333333333333332,3.0,3.0
13a1ac38cb56325c0c61df3d68017152757f5574c442a664fd6656f94f1b88acf522b9a5495eeae92854f8d76c18ad149ded5da636d61eff74d9d29a2b633788,CLEAR,"DARKNESS, LIGHTED ROAD",DRY,IMPROPER OVERTAKING/PASSING,2.0,51.0,2.0,2.0
13a1c44d1434a7d27bd6556108c7bad79bf5141a522a9f105dbb156539b94e0591ae6ba95dc085ae229892b7c0d8fe1185d787c1c4bb6e8f3b20018c989033c8,UNKNOWN,UNKNOWN,UNKNOWN,FAILING TO YIELD RIGHT-OF-WAY,2.0,31.8,5.0,5.0
13a1c68523bc8faceaee3e7d78be2c3f1478528b32bd5d44516b7f2ed7035c9a59dbb0a913751cd4f7f6e3054f72f832c34de128578ed181c20db114b1c6feb9,CLEAR,DAYLIGHT,DRY,IMPROPER OVERTAKING/PASSING,2.0,30.0,2.0,2.0
13a1e2213f8746596c7bc91f4dbee3710c1b87112e2ecc0f9b82d913ad7d143026b0e58e8461c6ee4c8f9e42c834e722c4f3be5b8cd526f03a47ecd4bc9b2211,CLEAR,DAYLIGHT,DRY,FOLLOWING TOO CLOSELY,2.0,40.0,3.0,3.0
13a1f5d162e79d19483a432a11a6da52340cc1ea17f2741c89acbbe8ba52633b1e52245b697b7e03c8342ab05bf1c5a837e0563da3a38f04542862f5867db88d,CLEAR,DAYLIGHT,DRY,PHYSICAL CONDITION OF DRIVER,2.0,48.5,4.0,4.0
13a1fc1040c4fdd6ad636fd06d218f9b736ed31b7bd234b9777b0105a1cc80e77208e9aa67da1ca12a1010525316e040271f471b6e65e269046ea3a6bb835ee1,CLEAR,DAYLIGHT,DRY,FAILING TO REDUCE SPEED TO AVOID CRASH,2.0,45.0,2.0,2.0
13a215685547dd3cdf6bbe847e37875f5cb87d2031b1da5bf4d744e3a7866d3d90e2c551da829c3bff09383f46024b2de14b1d9db9162ec563aefc6e07ca2f7e,CLEAR,DAYLIGHT,DRY,FAILING TO YIELD RIGHT-OF-WAY,2.0,35.5,2.0,2.0
13a22ab25e3b0c579275738f28be838e3e1c09b4c3e77438d435c08a99dd8ed1f0e7da64da9ea0dc6a8a858dba3e2473aa6f35d5652f6837d7ba60f1cc137d39,CLEAR,"DARKNESS, LIGHTED ROAD",DRY,FOLLOWING TOO CLOSELY,2.0,33.5,2.0,2.0
13a250fc160bb0efc3802c8b9d9bfb8c740a0408d5ac5cddb119a4c20b94e981d13ebd07a19c33c3a69b94203dc0cdf77b847df4c648a9e7bdf26e4611484b72,CLEAR,DAYLIGHT,DRY,IMPROPER OVERTAKING/PASSING,2.0,48.5,2.0,2.0
13a2adb25b20c17bf71be3d6ea29d24b4fb19d035264296347b8fe0c9b6a9a66b0dcc7de94d2d0764eed9fb50483009adb9f5c5f744decf3d8edac225d88cffc,CLEAR,DAYLIGHT,DRY,IMPROPER BACKING,2.0,37.5,1.0,1.0
13a2c6b4daf56d9e0f305dc954d60be6c0b281c76fc43121bff6cde4e8bd5fd9203bf8124729cf2ad0807191efceec2a30f535e5acab7a30acd9cc371cea9f0b,CLEAR,DAYLIGHT,DRY,IMPROPER LANE USAGE,2.0,45.0,1.0,1.0
13a2eee1b242efe3c39a62e8dd4628a15a50c78555c8d17a4ac314e52fa76b8eec79340aac5d7eb2c8b9cf1613ce1ec1782506445e4699f9f832977d0d980948,CLEAR,"DARKNESS, LIGHTED ROAD",SNOW OR SLUSH,IMPROPER BACKING,2.0,37.5,1.0,1.0
13a2f29f92d56bfa9a6e30dd8f58201cc155caee8f35e905ff9ecdc170398970baca44c5630bc3354eb9f373cbf0895068c64743d295bf92df2001a756d6cd5c,CLEAR,DAYLIGHT,DRY,IMPROPER TURNING/NO SIGNAL,2.0,33.0,3.0,3.0
13a31e338626bb1c765150a42216e34ba52e17cebc483b99cc0e212694106565800f6bb58227a48ae24be2d251cf6b9adeba00ad129114e7bc9c15e417bd9f26,CLEAR,DAYLIGHT,WET,FOLLOWING TOO CLOSELY,2.0,37.0,2.0,2.0
13a35f3d7b7f5143f97152677fa3f4b9d63f00ad605823516bd25c10820f4cee142e76297ea20b746460a5bdf465fdb57c155b16d9e7d42a2a5889c0225cb32d,CLEAR,DAYLIGHT,DRY,IMPROPER BACKING,2.0,37.5,1.0,1.0
13a38cf3d8778e376c098f48f6620ede912c8d7dbc35c4c224ec15274676a7d415a33beed66ac1fef370707003bed7554a2cccf83ebb151c8e3a7c2f30092487,CLEAR,"DARKNESS, LIGHTED ROAD",DRY,IMPROPER OVERTAKING/PASSING,2.0,37.5,1.0,1.0