crash_record_id,weather_condition,lighting_condition,roadway_surface_cond,prim_contributory_cause,total_vehicles,avg_driver_age,total_people,total_injured
13a395a5b93db9a49b77d344f334d1f308048cc94d3d7551dda8ab0d8d0d190eacc2c9063fe207ab950a58f9ed8dbd602df6adc4ff992084ad3ba5f8d19a97c6,CLEAR,DAYLIGHT,DRY,FAILING TO YIELD RIGHT-OF-WAY,2.0,44.0,2.0,2.0
13a3af85e986001c6a1d34ea37b4fb58c5a14916b610328a4530129cbc9035c74f3fccc92bbf535b8d070ac87def16aca41768405f8e81441ee70f149bc8a97f,CLEAR,"DARKNESS, LIGHTED ROAD",DRY,IMPROPER LANE USAGE,2.0,38.0,2.0,2.0
13a3e212d86e00b724692b452d0765d3513deff8670ae4009eec2bf7a9d1ede4f5b58fc48ad6a02eef49852d87ce6565a7f25fc9059e756b7ec96b6b0c433449,CLEAR,DAYLIGHT,DRY,IMPROPER TURNING/NO SIGNAL,2.0,33.5,2.0,2.0
13a4033165f711810bbf646835928bc85157da64e69042de8cd6149c8b63583bbd210d019eb10334251bd2d37399cd8b02e85508862308e858b3c0ad2a39f4d2,CLEAR,DAYLIGHT,DRY,FAILING TO YIELD RIGHT-OF-WAY,2.0,25.0,4.0,4.0
13a40f367501db443d1c66035823c7da4a2dc374378b397a7437be0d15c28f12695db8175dad1f60734852da417a2574c23f35838e4bf770dfb2c77f4ccbac49,CLEAR,DAYLIGHT,WET,EQUIPMENT - VEHICLE CONDITION,2.0,43.0,2.0,2.0
13a44bec56d6d4b5d06bf4e89f2eda6b29d6c17062dd7de0cb770d72a4d613180f28ae6828689c8eeabf6d7ff36cb1e79bb6c65f927703a82bdba5dd03d6ff98,CLEAR,DAYLIGHT,DRY,EQUIPMENT - VEHICLE CONDITION,5.0,35.0,1.0,1.0
13a457dd0d6aa7a8973c21950d6114609a48816109d8454d4aed02086abbb4911ded02ca4226f40ac65051acb14254ebc2c7c499452bdde0ac5dbcd98a56d8ca,CLEAR,DAYLIGHT,DRY,DISTRACTION - FROM OUTSIDE VEHICLE,4.0,34.333333333333336,3.0,3.0
13a47b3e1a76bd3b1aa7d71674fcb4b06ef5247f5e2a04ada1a10999fbdbeeb179fc541e7a54c6e4af0d485ce289f115b39aefed64a514cd893e97efcb63bb6f,CLEAR,DAYLIGHT,DRY,ROAD CONSTRUCTION/MAINTENANCE,1.0,61.0,1.0,1.0
13a4aab3e878fdcfb683dc99c0ba8e4bf6b5a56325d9f1072c3463bc4d18ab11273942e0173455da3a773ade07868d5a9a794614e4e1bbb0768efb796531a955,CLEAR,DAYLIGHT,DRY,IMPROPER BACKING,2.0,40.0,2.0,2.0
13a4f7f58880dfc456cb3cce7eee3c5c9dc12d2872279d8cb97d5b23cc856c5995994f21fd46b83f0d807c0c6face0513390acf2336af6488c7c5e7b75a3fcf0,CLEAR,DAYLIGHT,DRY,DRIVING SKILLS/KNOWLEDGE/EXPERIENCE,1.0,21.0,2.0,2.0
13a4fabd8df1024052617ca0726a86767e9119cfe79a4264d271f15847a20fc41e2d70a0cc48cad61d2a8f3fe2f491d42210f337934d714e4debb08033d08f5a,CLEAR,"DARKNESS, LIGHTED ROAD",DRY,PHYSICAL CONDITION OF DRIVER,5.0,25.5,2.0,2.0
13a50015c25074dd259ae08217c71281c36dfa00b7e96021ff8b29857fda8ea6b5a51e2a44ae06af699626f025bb064f35b92117976951ef78b8fb1f3d005a83,CLEAR,"DARKNESS, LIGHTED ROAD",DRY,FAILING TO YIELD RIGHT-OF-WAY,2.0,19.0,4.0,4.0
13a50cf04955b0c41d0ccb05d1cfa53f2e1c75357e2a2c50e25bf12d150c7ec8c873db5089f040d3275c3ce24151ac4665963403cd9bed2bd6bc17d2f32711a1,CLEAR,"DARKNESS, LIGHTED ROAD",DRY,FAILING TO YIELD RIGHT-OF-WAY,1.0,34.5,3.0,3.0
13a55271fa4886be76ecd0de07d835bf4adaf5809280041030bf9da0a24f736c14efee000a10d4870420d17535d10b271617b8776efc44bc334abd5004c4552b,CLOUDY/OVERCAST,DAWN,DRY,DRIVING ON WRONG SIDE/WRONG WAY,2.0,51.0,2.0,2.0
13a563699b1fd4ff732445a028901927c641de682168b11b5276953ede3d779058feb1ec41e84056fea083492942bdb11256b9a66294904f6c87584c5fff3b49,RAIN,DARKNESS,WET,FOLLOWING TOO CLOSELY,3.0,33.666666666666664,3.0,3.0
13a5a23bf0790192e9d78fb9d61a0658a24ce43cf5f488c2c955f9b4cdb14ddd7cfab20f6839a95c9391dbfd58e7d5db4bd1e8c68c31ff98bda1ae1ee813dd37,CLEAR,"DARKNESS, LIGHTED ROAD",UNKNOWN,FOLLOWING TOO CLOSELY,2.0,33.5,4.0,4.0
13a5de21109c689a1b4624e52a53f41a47f0322df48392607f65b9acf7a43eedc5f305bd106de4d1ac373758b60007ac1d9b9e6d2da599bf7413ab07deb5a145,CLEAR,DAYLIGHT,DRY,FOLLOWING TOO CLOSELY,2.0,24.0,2.0,2.0
13a607d805c1294205b2ba7e6d0ee7135b837ac8ba1110b2275c7714cdb9d3c4c357da17a882d56f5bb28530541680213ff6d0305cca329388c764986635a991,CLEAR,DAYLIGHT,DRY,IMPROPER TURNING/NO SIGNAL,2.0,58.5,2.0,2.0
13a61196b300b49f896b990c235026d7b1950357cd6ec29ec0497be3e003ce0e64003b730e397fc3d3052b32992fd8e229660983f6c9ddbe71b9715b96b5d707,RAIN,DAYLIGHT,WET,FOLLOWING TOO CLOSELY,2.0,57.0,2.0,2.0
13a61e5fa68d8ae2d2ff99d511300c5bd303ae222191befe29444c7d668aa14602ceb2cebd6876e6bac3e33b9e1b078450645139e503099953a10c33bf02bf48,RAIN,"DARKNESS, LIGHTED ROAD",WET,DISREGARDING STOP SIGN,2.0,47.5,2.0,2.0
13a63861b1c297f489ee1df1e825502b1f1846d41c17424f9b104982d675a41d00e1fdf1fec26f28c5bc13280b3a83997da1d9f613456c49eec5cbcf46808bdc,CLEAR,"DARKNESS, LIGHTED ROAD",DRY,IMPROPER LANE USAGE,2.0,37.5,2.0,2.0
13a6567dbf4c4477602b64b51c12a88b560c487178b66384f4e044a72d29f0bfc4fa86a6f1df027fdff8916c0619074bc18127d6346ec8e05fc3a28ad3166977,CLEAR,DAYLIGHT,DRY,FOLLOWING TOO CLOSELY,2.0,39.5,2.0,2.0
13a673019babe63084d74dfa25da5922b70c08638d736819f73391d7e324527258292d1227e52ef1f2b22a1c655577ffb2a5de4a5205bd73bdfba20f8f4a0048,SNOW,DAYLIGHT,WET,DISREGARDING STOP SIGN,2.0,30.75,4.0,4.0
13a6948bb5e4785a9a37097868602e41a274183ec51ec0fe9bec2531df55d99060900edd530b17fb649cf79c38cbf1eac5f4de178e2a013b5943c22b83f01513,CLEAR,"DARKNESS, LIGHTED ROAD",DRY,IMPROPER OVERTAKING/PASSING,2.0,53.0,2.0,2.0
13a6aa6fc73daee4d43476860934dca0ce9de99949b18baa42ff90e8c1e98a0eaaa3e494606e273bfc0ca494727b9ba8e1c7734e8867b842559ab9cbb7648b2a,FREEZING RAIN/DRIZZLE,"DARKNESS, LIGHTED ROAD",ICE,WEATHER,4.0,37.5,1.0,1.0
13a6b249a44d76c6b3b3a635f91ed4648f8e10dac3315eed373c338284c295418e3efb09226320bfdadfca02c351a32d8f4e6763bb8ac71c86e64eb978097d8f,CLEAR,"DARKNESS, LIGHTED ROAD",DRY,FOLLOWING TOO CLOSELY,2.0,41.5,2.0,2.0
13a6b735cb6ab363b3f2f58bbe9ef8c564dc09b113f580a9672f7eaa8f0d72bd2caa99d1d566c4d916e94e3b1480ddd1173c1fcaedd914ac99179a96449cfe44,CLEAR,DAYLIGHT,DRY,DISREGARDING TRAFFIC SIGNALS,2.0,40.0,2.0,2.0
13a6cfdcaecbcbe1ae469e356e69be25553218a1c331f283b485e3c155a1a839f77f13f4847ef7fe4205d0cd90f75947813bbe30257874cf72bf7f7a5f25c582,CLEAR,DARKNESS,DRY,FAILING TO REDUCE SPEED TO AVOID CRASH,1.0,46.5,2.0,2.0
13a70ebacccf94391eaa0fd6aa04a8d0d7abf2e9ef3071f00f4dc1019d8e39fdbe057bce1130c529d2ea9683e85a9eabcbf4c23b867989b1dd9d578e2c05eb57,CLEAR,DAYLIGHT,DRY,IMPROPER BACKING,2.0,69.0,1.0,1.0
13a727c3370df1546341ed56555b22e9efa7c9a791307a0e7304528e2d39e9f7cd90c4cda8b0d1613ef2d7170a5df55884bd59655dc0c730604cd184c2f39f04,CLEAR,DAYLIGHT,DRY,FAILING TO YIELD RIGHT-OF-WAY,2.0,25.0,2.0,2.0
13a77d15c67a0c73f54c6620a664f45f79fd09486e4a040417fc17d344071a7a98547cbc98ac4021b9aa4855038769df6eb775142d0d26272f7a958c3b1baa38,CLEAR,DAYLIGHT,DRY,IMPROPER LANE USAGE,2.0,44.0,2.0,2.0
13a79faa5669d78ee59d9c6876845595acda145ce27037d7b771c3cdd37d63fecdf6f18c47fdb7f7f0e205e9baeabe14c2da375529f45e869f96afcf586ceb14,CLEAR,DAYLIGHT,DRY,FAILING TO YIELD RIGHT-OF-WAY,2.0,43.5,4.0,4.0
13a7a1ba2808de6cd463f11690038c044a44bf3ce70661ea080efebbc53431e57f0fccb214a1da8b97f9377ff579d7affbcea6ec5e2996999a313f9c547120bc,CLEAR,DAYLIGHT,UNKNOWN,ROAD CONSTRUCTION/MAINTENANCE,1.0,56.0,1.0,1.0
13a7c4ced136ac47ef8387f5ad280025d02a6c2da1ab65dceb088281ec9421ca5a252457cdf70ebc14ee1e6f94fe4e6deca96ae27fa3fd9e4a8a042c0f45a32a,CLEAR,DAYLIGHT,DRY,IMPROPER BACKING,2.0,37.5,11.0,11.0
13a7cf9212e6d6a26aedb6d7087c98d16d7a88ae0659bab955739a309edf1bb13fa5e5e20cc532214e1d4b1d0eeb31d7046349c2849fd4687a43bcb502e3f3db,CLEAR,DAYLIGHT,DRY,FAILING TO YIELD RIGHT-OF-WAY,2.0,50.5,2.0,2.0
13a80e3a505f31de75a70b2043f53bd8ca380ae35ba7d73175b62273b0d306fb56adb4e4e08ebb06aeef40603cb78aaa2edad720cdbf8b2dee32db60e9d30033,CLEAR,DARKNESS,DRY,"OPERATING VEHICLE IN ERRATIC, RECKLESS, CARELESS, NEGLIGENT OR AGGRESSIVE MANNER",2.0,19.666666666666668,3.0,3.0
13a84da623b1654ecf4e30c432ecaf2395bf6d75f0e5edc16960eae0876f07b1c91e140929fdb0c2720535e537c6317ca8340f5f815d4c330640748a51d6e8b6,CLEAR,DAYLIGHT,WET,FAILING TO YIELD RIGHT-OF-WAY,2.0,51.0,2.0,2.0
13a86b132b4ab15070bb55c0bcf8ff1a35516e623b250ce478bbcb63003375b8d11e4c13356938b1df4dfdfa0535c3408738007c837b9b181ac3cf38a740b25a,RAIN,UNKNOWN,WET,IMPROPER LANE USAGE,2.0,37.5,1.0,1.0
13a8821160775edace3d3bb842b0e49fe527544f31dd571fa1755e1fcc7255f353833e7d06753825916fb4d4d698e206e3687888bac4bcd0e2c31dabf1cf66eb,CLEAR,DAYLIGHT,WET,FAILING TO YIELD RIGHT-OF-WAY,1.0,59.5,2.0,2.0
13a8b2e19d5abcda58a7e48b1b8e116508099bd8cb666cf43a06ba1bef965aaa8cad28aad85d119fa50f437fecd80b205c821069040b21221a05a53f2358286f,OTHER,DAYLIGHT,WET,FAILING TO YIELD RIGHT-OF-WAY,2.0,45.5,2.0,2.0
13a8c7a021b33d8f7599f6dd9f43eddbbabea4c4b5c23aef4543d68d5ed6f517ba5542b84eaabd4279801b479fc9f5442f0691e3a9d01c05c5ca7b25864cd5ae,CLEAR,DAYLIGHT,DRY,FOLLOWING TOO CLOSELY,2.0,33.333333333333336,3.0,3.0
13a8f34799e3385a3de9ba1cec14eec8997a3181be2052a14671a8a0b97c0314615335647c59591dd683b1663d60d39a549724a7548c9feb9d4a77ffb938c3fd,CLEAR,DAYLIGHT,DRY,IMPROPER LANE USAGE,2.0,43.0,2.0,2.0
13a90c31504f48f19c9a2a9705e3a78ac48a62e8b2fe6e40ade5b6082cea7b7657086d6aa770b7833a393e6886b87f97d531647c8ff131f0dd14982158e08675,CLEAR,"DARKNESS, LIGHTED ROAD",WET,FAILING TO YIELD RIGHT-OF-WAY,2.0,19.5,4.0,4.0
13a938d0dbc3bb698d0d09d02d2c51137df70efba58dea89077b59c81b10cfdfa2d38039635b56a38c2e281f22ec869911a6dc4dd859b7e4f0c34d864ecb9426,CLEAR,DAYLIGHT,DRY,DRIVING SKILLS/KNOWLEDGE/EXPERIENCE,2.0,37.5,1.0,1.0
13a9613346873747111d286a33da20433157f6c093ad66031eb3f92e4a5ff4a886d8737f7472e8c85557054b7393d78706d05c77a271c3994282802e6049e367,CLOUDY/OVERCAST,"DARKNESS, LIGHTED ROAD",DRY,PHYSICAL CONDITION OF DRIVER,3.0,44.666666666666664,3.0,3.0
13a965e7bb39d1b91a1e74279b26c9239ba30302c75a5932f4195be90b7ae09e73facbe8236dd20f16e165d1139c5e5a4afabb4ee7264276e7e5a5598954d6e5,RAIN,"DARKNESS, LIGHTED ROAD",WET,WEATHER,1.0,26.0,2.0,2.0
13a99c4a0e6dbb8806306ce9a8b497ce973c4e968c87150e2bb3a33943fbc1cbe7cd3018bff5777136a4e28401e0b5d09e9cff8dc1a3503fa95c614fb5d51b31,RAIN,"DARKNESS, LIGHTED ROAD",WET,FAILING TO YIELD RIGHT-OF-WAY,2.0,25.0,2.0,2.0
13a9aef1ee29fe9f92867b0d747b9bf67fb585636ad3619c83191d677f2b8049a5e6af880f3656c58cf32fec60690d3c4d8e63e06255baf5c70d127678ea31c6,CLEAR,"DARKNESS, LIGHTED ROAD",DRY,"VISION OBSCURED (SIGNS, TREE LIMBS, BUILDINGS, ETC.)",4.0,23.0,1.0,1.0
13a9cdb67e133588762b410cd2c10943f3198e9f026d75b3bf28d113329af27e2711b9bead40752545c0a5587d1d64017b69ff2ba122420d673ccc2d4ccfc2c4,CLEAR,DAYLIGHT,DRY,DISREGARDING TRAFFIC SIGNALS,2.0,64.0,2.0,2.0
13a9d1400d8f51918042c0b61df95c014650080446632897e26beac685322759fe151cf720fdc07f2a55c504768558b6fcc67af680bffb575dc74d70b273837f,CLEAR,DAYLIGHT,DRY,IMPROPER OVERTAKING/PASSING,2.0,53.5,2.0,2.0
13a9f48759837693326cd117eed97c014bf78b5bd72302e7246b60909c0e0d9bf48dd2a97a0563d1c6385ee4413003fd63e4c3ac093759559f32ce1a6ccd8612,CLEAR,"DARKNESS, LIGHTED ROAD",DRY,FAILING TO YIELD RIGHT-OF-WAY,2.0,35.0,2.0,2.0
13aa0255b16a3ce8b4d26c4cf76823bb10cba6f9daa24360a6da76f11a771e7c1a77ac00721d663cf50a7da71fbfa12016e92ebfd4c8a1fd55dbd3f6df22dccf,CLEAR,"DARKNESS, LIGHTED ROAD",DRY,FOLLOWING TOO CLOSELY,2.0,48.666666666666664,5.0,5.0
13aa3b4e8e0ac49bc174c2f974c2727e5cab8070b5d9289fb7820e6550286fa7b3444bd48066bbbbc39622a5b0d122ddea4270fb49c31c3d5645d7795d1655bc,CLEAR,UNKNOWN,UNKNOWN,IMPROPER TURNING/NO SIGNAL,2.0,31.5,2.0,2.0
13aa489c9fe7a16b71a16248bd0978095dc277aa08a9da14d13f6235632aa01ef2d3c31946c1370e3f162335a5a868dee89c91191e6acbfffccc9b0f9171a166,CLEAR,"DARKNESS, LIGHTED ROAD",DRY,FAILING TO YIELD RIGHT-OF-WAY,2.0,28.0,2.0,2.0
13aa5632bbe2713a072f0d2e981bcf1537461cfdff979096ad6d983ce00fd747d965d7d9c6571259799776245f6e2e1e3679af6c5a2d8abc2ff85486157d05e7,CLEAR,DAYLIGHT,DRY,IMPROPER TURNING/NO SIGNAL,1.0,55.5,3.0,3.0
13aa5933a4c4ba3425ae56887f9961257edaffc989bcf1430c58a726b4a1ff72691ebd98d95af2ccfd27c7ffe3c276b4d4aac1bf04bd7ef20f72bc3509bee2d2,CLEAR,"DARKNESS, LIGHTED ROAD",DRY,FAILING TO YIELD RIGHT-OF-WAY,2.0,37.5,5.0,5.0
13aa756996c3024a07799b188723b09784c36afca139f3a4fd03ffdc9c825b50b55815ea79a61019550f01a821bd4c1c177e490f1d7aaae62cf123c3079df463,CLEAR,DAYLIGHT,DRY,FAILING TO REDUCE SPEED TO AVOID CRASH,2.0,59.0,1.0,1.0
13aa79ba9bf10a9354131a2e0d0c7b5bddf33ed1b7c7e36536eb61400c4632531e0cef8be423d0b1ff4302125d0e7493793da4025f2b147f10e49315ba6d7eba,CLEAR,DAYLIGHT,DRY,FOLLOWING TOO CLOSELY,2.0,33.5,2.0,2.0
13aa8ee6b9df574690ec2b03da14a26d6688659681feb4d28abfc1a5ada1828c3dc95f68c0887b5d384b9554c72031e8e39b1e8af3aac194f7b287254e78749d,CLEAR,"DARKNESS, LIGHTED ROAD",DRY,FAILING TO REDUCE SPEED TO AVOID CRASH,1.0,18.0,2.0,2.0
13aabb34a774955236bd6ab45e27bd2958802694f4eee50f840ee35676de59c904f67af39bd0fafe29f0cdadb73875555e7904381741484423afb7cb57be2f45,CLEAR,DAYLIGHT,DRY,DISREGARDING STOP SIGN,2.0,37.5,2.0,2.0
13aac7b95c81874fd8f64c0a64664e01ff658ef8bbd416bccfdf9ec352eceab48b5fb8550d87f4bb435ddf050f5f4dd64e3c939e4f70bcb8636b3f190893f66b,CLEAR,"DARKNESS, LIGHTED ROAD",DRY,DISREGARDING ROAD MARKINGS,2.0,35.0,2.0,2.0
13aac8c68e93b668a9de0fe1b50d6a21952f5f13d0e62083e511358a7b32205d18f414aea5a71e8433c105fd8a6cf0e7174506118515d9d0cd0bad8227f9fd3a,CLEAR,DAYLIGHT,DRY,DRIVING SKILLS/KNOWLEDGE/EXPERIENCE,1.0,51.0,2.0,2.0
13aafbd29aad41708bc1a8b67c3c8a9430f65df8ce857d88946cf7b28f494b0f618b514f64541c71e2246bcc729be92c6343a02a1918f47c0ed36bae00f8397a,CLEAR,"DARKNESS, LIGHTED ROAD",DRY,FOLLOWING TOO CLOSELY,2.0,43.75,4.0,4.0
13ab449838fe2addf35bd8775e9b230090a779531c583b950c1caebb40faaa4d646c07be572a32b691fd193a85f806d95b460bd4068abe6a2de8232dd1a68941,CLEAR,"DARKNESS, LIGHTED ROAD",DRY,CELL PHONE USE OTHER THAN TEXTING,2.0,25.0,1.0,1.0
13ab55110a2472dfef151fe8bcb4488f8b9e8135c2d051068a128054752a13fafc2daba293de7aa82d36ada2010cee3dbcab54087cde302b4fe1b4570101525e,SNOW,DAYLIGHT,SNOW OR SLUSH,IMPROPER OVERTAKING/PASSING,2.0,58.0,2.0,2.0
13ab71694ea21bab0d75ceb50eb10551ef530a8c101edf46894a50cb12a9c21559e789e42145ea40a952595138dce986f280ef901c4a56d91a807dcb7a02dc9f,RAIN,UNKNOWN,WET,IMPROPER BACKING,2.0,37.5,1.0,1.0
13ab8b4c1243a2eda7015e6e2f27669342c4056093a4c45c9dfad3baa55d557a8a050eb0b7b6774f14e43d4b6c9feb9e8fac145dfbf6a7d96acd02cb0cf3df5e,RAIN,DAYLIGHT,WET,FOLLOWING TOO CLOSELY,2.0,45.0,2.0,2.0
13ab92263cd1e1537bcfdcebbc281e2a767280ecfc95ffbd114a52e98383fbcc92a9dfef9199eb216fa351eaecca2b371907476338882bdf2459d3f8c59704c8,CLEAR,DAYLIGHT,DRY,FAILING TO YIELD RIGHT-OF-WAY,2.0,32.0,3.0,3.0
13ab935ed39eefee9d01b77d950f122c747d9ab7bf3f8163da41d8a97d6b759ad1fdfdd1991d866b6a871c9646a5559f0e63909b2c89c09acf0242a3cca1582c,CLEAR,DAYLIGHT,DRY,FOLLOWING TOO CLOSELY,2.0,43.0,2.0,2.0
13aba780e14b64bd547af9cbbb8a51606220a762dcc1444d829571b978411f60d9d2ebf72d07bfce2393300a7d2a5f0bea850229365c9a30341442201a3d2fdb,CLEAR,DAYLIGHT,DRY,FAILING TO YIELD RIGHT-OF-WAY,2.0,24.5,2.0,2.0
13abd9f4d19706ba0cf18efc443ec1cfbe5612feecd799422b87897ff5015912918ba24469c1766a2f9b1916a0b5a69f71acc890a0e7aaf6f220a329c9514f72,CLEAR,DAYLIGHT,DRY,FAILING TO YIELD RIGHT-OF-WAY,2.0,30.25,4.0,4.0
13abdc60f355c71fd477a763f1d37877784593358bb43599b446a0b620bdab0786215a544854bd3b4daf58f2a9f1135390d60d35992dfe098d0cc781bf24cc3b,CLEAR,DAYLIGHT,DRY,IMPROPER OVERTAKING/PASSING,2.0,30.0,1.0,1.0
13abdff20f4084b48825c4ac0557ba13e8e2200502ffc10ae628bd2a3e63946daa974620c5eb134c18ea721f9b3330eb92b8fd40baf0657395738ca1cc4f0cc5,CLEAR,"DARKNESS, LIGHTED ROAD",DRY,FAILING TO REDUCE SPEED TO AVOID CRASH,1.0,24.0,2.0,2.0
13abe809d82a9d73f773ed55c4399d67cae770d187c158016bf78b8a60ace24ccd13a29c3e23c794124e916e5df4a775799c7c06c6a3755984b62e5cc6f9e215,RAIN,DAYLIGHT,WET,FAILING TO YIELD RIGHT-OF-WAY,2.0,39.0,2.0,2.0
13abfaa46def6ae3985c4061d1380614dcb7412f59a39e463574e070049057c238421b99e8abb47d6fef0ba4f0080993c1b47b5fad8814373b28ddf02aa3abca,CLEAR,DAYLIGHT,DRY,IMPROPER OVERTAKING/PASSING,2.0,35.5,2.0,2.0
13ac0ce608a8506becbdc80dfe884bddf63212d4f64c63334ca63e2fa262dd702cd3126a5cd2a0ab5d2df88a962c57598d9353c24750f0541163868b71065a6d,CLEAR,DARKNESS,DRY,DISTRACTION - FROM OUTSIDE VEHICLE,2.0,21.0,2.0,2.0
13ac1e95253b46328eb3ebdc56ced529e89b0261284966172ce0160816adace698544212c46097d430bc6459988641a74cd4dafc526f69d9ded1cfb1c2d936a8,RAIN,DAYLIGHT,WET,DRIVING SKILLS/KNOWLEDGE/EXPERIENCE,2.0,30.333333333333332,3.0,3.0
13ac420cbdbca9e5b8d7cffdd3dbc0efac37b98bc56be0bc9b2f3af72285fc99a759d67ae05b0e0ae6f5eee8594398f44686af5f5a49507bd7ceca7abd022d8a,CLEAR,DAYLIGHT,DRY,FOLLOWING TOO CLOSELY,2.0,32.0,2.0,2.0
13ac4b213b29728aabab1e10e6324d625240eea8d6e0f974f9ae2ef63af1c0c030042f4bb68729661d9119b3113f3d69c24063c0bf41d12dcfaa1002f10beb0d,RAIN,DAYLIGHT,WET,DISREGARDING TRAFFIC SIGNALS,2.0,27.0,3.0,3.0
13ac6a341ebbf84c540c42d8264efc47a2cf0dba3695e96564e4a80346df5c0cf0043f033c3a648dc2c05c82f9864f2eb50e4cac3ac612b38da2711faeca864b,CLEAR,DAYLIGHT,DRY,FAILING TO YIELD RIGHT-OF-WAY,2.0,40.0,3.0,3.0
13ac8c2e369d44c1ecf3b48a635c0243218035b597c366fef7c35007570986a818122dfb7d41fce1b0ed2ad03d21394c5820b4fe1adb663300e72a090ce91d1f,CLEAR,"DARKNESS, LIGHTED ROAD",DRY,FAILING TO YIELD RIGHT-OF-WAY,2.0,45.0,2.0,2.0
13aca7fbd2298a82f7a65970f7f712ec23c0959e49435ec1f71bfdf121ce252848987c16c961c597e7f2a31e17cd560aeed8b950ee866d40e8e23387ab3f2bb5,CLEAR,DAYLIGHT,DRY,FOLLOWING TOO CLOSELY,2.0,55.5,2.0,2.0
13aca80a15d4d8f736de1163be542d5de572489616801d98d9560bdfb8929cedcfe66e4c2095f00dde7fde02f5888a9d5c197415415b8b44b4df429792a64440,CLEAR,DAYLIGHT,DRY,FAILING TO REDUCE SPEED TO AVOID CRASH,2.0,36.0,2.0,2.0
13ad0897323f2f8de77446ea4403a3538b5ef95ae207b9b4839702ec7ce75fbb8c5817e8402b2c6ee294d5534968abbf32271398c5d3434f66ad8a74fa63974b,CLEAR,DAYLIGHT,DRY,FAILING TO YIELD RIGHT-OF-WAY,2.0,30.5,2.0,2.0
13ad140945900c36225ce2956ae10ea71d4f08c8472cb695503431189ee327e23462b0be00b9959012403fbd64f6115f128b97f823a979a29c2b4ea663875fe9,CLEAR,DAYLIGHT,DRY,FOLLOWING TOO CLOSELY,2.0,42.0,2.0,2.0
13ad336763ade8755310454647b94459f2d881834dbf7b1909756610efe5f4548b555f3dabbc668d181cc2938e25724170dbc4f152d05c739b5b12844789eb4d,CLEAR,DAYLIGHT,DRY,FOLLOWING TOO CLOSELY,2.0,32.5,2.0,2.0
13ad50ee71708ae350445d16812700cb0080c6236931e3df4ac44ddfedbadea82ae72eeeee8956cc029e6dcd1b60d02e002b549a61c56e867df9567b7b0d96ce,RAIN,DUSK,WET,FAILING TO YIELD RIGHT-OF-WAY,2.0,51.5,2.0,2.0
13ad6b329d6ab5647794fc6618067f980d14d9eafc576e8b17ee0811df593e9b03f0eb3df44311033c189a991a47d5bf9dbb21be3a4813672f6c5ab330435295,CLEAR,DAYLIGHT,DRY,CELL PHONE USE OTHER THAN TEXTING,2.0,43.0,1.0,1.0
13ad6be3ed829b975daf8542b3c27946f26cadda0a6699e044b468763cf35e57f2949966d4069ac9900ed55b9dfae40dc508232900e06fc49c4c66f036909616,CLEAR,DAYLIGHT,UNKNOWN,FAILING TO YIELD RIGHT-OF-WAY,2.0,35.4,5.0,5.0
13ada88a968380661df7d6530a661f3d1910f7a7597ab7929cc6ee43559e9b600a00428bdb31586df741b1c352b0c0dc0eaa6d02171fc67fc01e1d424239ccbc,CLEAR,DAYLIGHT,DRY,IMPROPER LANE USAGE,2.0,37.5,1.0,1.0
13add010980675ce6d9f5c4655355f22e211383fefda67f5acb46d2ce38fe4b42549e7d485df158f875f0de69e4db648eca69a592cf97d793d938fbef95d9903,SNOW,DAYLIGHT,SNOW OR SLUSH,FOLLOWING TOO CLOSELY,2.0,31.5,2.0,2.0
13adda4bdbc85f9e71a9587cb70f2522563cf000823394fb8f8356d495b0a9b6559d81289334863acb3fc844adc843bda4f2b94991b3470fce2c8cfc0328c126,RAIN,DAYLIGHT,WET,FAILING TO YIELD RIGHT-OF-WAY,2.0,43.5,2.0,2.0
13adfd6ae999bef8257a79b9ccadbc69c0e152819d4e90a21d6e25d0dd5694cd847668f95f22ee9741970241a837c5693ddd2522f89650ab0d2b0990b21aa896,CLEAR,DAYLIGHT,DRY,EXCEEDING AUTHORIZED SPEED LIMIT,2.0,54.0,2.0,2.0
13ae1acae47bf4b6d7dee08810b76c33cf11f7721c185c53430d4a47dbbdcff26dc7404af2e133db2c12091cefe52f9eee43fa5e6b75869cfde94205a2137259,CLEAR,DAYLIGHT,DRY,IMPROPER LANE USAGE,2.0,36.5,2.0,2.0
13ae31734e9cd04415ab331c8af79047649b39f21074072bcfacee1a764b3c8cc5fdb335f2381d2bb5829ad0911d6d3011a3080e9391aa5ec84311d248324a1a,CLEAR,DAYLIGHT,DRY,IMPROPER OVERTAKING/PASSING,2.0,39.0,2.0,2.0
13ae3876819c4c32b339635977d671a7fd5611fe09fc05a7deb5c694075a77b0ff3e8fa6d17ffde5d583018e66f4be4edc267617850b8c080191ab5bd7f27e48,CLEAR,DAYLIGHT,DRY,FOLLOWING TOO CLOSELY,2.0,43.5,2.0,2.0
13ae7729af3f19e20e558c30e3194eedaa2795c3605c8bbddc4b39068d6abe8b90a25a22b95b97890eb83290013d240a9e5bdf8d898c00ec5f2d07b62e2ffd8d,CLEAR,"DARKNESS, LIGHTED ROAD",DRY,FOLLOWING TOO CLOSELY,2.0,40.0,2.0,2.0