crash_record_id,weather_condition,lighting_condition,roadway_surface_cond,prim_contributory_cause,total_vehicles,avg_driver_age,total_people,total_injured
13ae8f7027bd89db286eefd2d0d42727640c00390b0c23dc0b7b36f601697d8dd91a6a1baefc30bad3b3d8c75b5938251d2d7b2560ddde47c755705f23c1d47d,CLEAR,"DARKNESS, LIGHTED ROAD",DRY,FAILING TO YIELD RIGHT-OF-WAY,2.0,32.0,2.0,2.0
13aeb0c141cdd4121b8544e762559e77356cda705f8b9f7237581e152e57d2ffd71dbba562fb56d27c2d0dc804e60462724f2d42ee4ca9338a92f53562ce0ac4,CLEAR,DAYLIGHT,SNOW OR SLUSH,WEATHER,2.0,40.5,2.0,2.0
13aed6e8a21a88d3c0d412053d2d42b723b4ebe76685b06d284dbfd2aa904f11e3050a0b9e2562fecddb58300a757343f674b4ef5a149e9015e61c6232b02aba,CLEAR,DAYLIGHT,DRY,FAILING TO YIELD RIGHT-OF-WAY,2.0,23.6,5.0,5.0
13af075f189a16d24f8204736aba85aa07465013747426655fc3ff0a89878998a9f19dc11d3b0fd93ca17f0089add8c0d2b93633e9a47c837e7aceb838733e21,CLEAR,DAYLIGHT,DRY,UNDER THE INFLUENCE OF ALCOHOL/DRUGS (USE WHEN ARREST IS EFFECTED),2.0,28.5,2.0,2.0
13af550b437cd56656ab4e1bb493fcbe837ac6a94d43f50b5d92c96d1931e09e014906bce69ed05cd9fa33076dadb9afe797c0ce4a21a55db4983bcb1668e8e3,CLEAR,DAYLIGHT,DRY,FOLLOWING TOO CLOSELY,4.0,31.5,4.0,4.0
13af79ddbd788af3d2832859d900fe2b82f8da3b59ce515fdc1520732461dc92df299df3f573e68975a46c696f2d30f4ec776b8e4e917dcac54965b712b61e7e,CLEAR,"DARKNESS, LIGHTED ROAD",DRY,IMPROPER TURNING/NO SIGNAL,2.0,35.5,2.0,2.0
13af805456f285f9f78cf6adbe064466c80974defd202e5d2ebfee83eadc7edeed91774516d3aa67bc7d1a47c9810cf01ec52d42cbccaf6141b53e0a73441cba,CLEAR,"DARKNESS, LIGHTED ROAD",DRY,EQUIPMENT - VEHICLE CONDITION,1.0,55.0,1.0,1.0
13af8088bc0f2d0da8b3f508ac9ad32ad1a226b95d5bec562306bbc91bd74eb67be0013e43c11e02ee3338140e9d7d602b9dd7afd31c124ade07d0322cc5c396,CLEAR,DAYLIGHT,DRY,FAILING TO YIELD RIGHT-OF-WAY,2.0,39.0,2.0,2.0
13afa20854d79cd3c04e3edc10de1fd80939f88442e20223a01ede19d0859c7a821e068334c7334c53b6372ea2850d36a7cd5b7ca4fff058c894b6b56bcf0440,CLEAR,DARKNESS,WET,FAILING TO YIELD RIGHT-OF-WAY,2.0,30.5,2.0,2.0
13afc07493fb1098371ecd7a146849bfd33bfa974c8fe12fcd9121f5ca9ab3bb22583c207dcfb04db9627c53e3cc92adfd1a982ac609bee66e7039cdf2b6e72e,RAIN,DARKNESS,WET,PHYSICAL CONDITION OF DRIVER,2.0,17.5,3.0,3.0
13afd8a9ddda90e4db798fe3c606adb04c87bd5d0925e4bff78bfde5bb1bf294d133a9f11c5771829e0ad8e9a63e988726f7c96d9d3d0ffe7564c16461954413,RAIN,DAYLIGHT,WET,DRIVING SKILLS/KNOWLEDGE/EXPERIENCE,2.0,34.0,5.0,5.0
13afde667f885b10bca184866a723b0c8564c61dd2796b0f61e24388a86859bee323e7208ecb5868e7bd0af926f2407930f70c29334d46a61cf2bb0aea64128c,CLEAR,DAYLIGHT,DRY,IMPROPER OVERTAKING/PASSING,2.0,27.0,2.0,2.0
13b011d6d87c8add1cce928b3bf1fb55a45da1a90a36b97f43bbe2fe3ee1138a67836726e4410212695f5f2cee9715f1d7336ccf64de4c5aa9d65feb31bde750,CLEAR,DAYLIGHT,DRY,FOLLOWING TOO CLOSELY,2.0,25.0,2.0,2.0
13b026269a396e40b11d597bf230b4070a8f8ce2e7468be45159018a32671ba9acbd3d6ab5ecb93387f5102728da5c59580c3d5f788a061438e4ae5edd759f6e,CLEAR,"DARKNESS, LIGHTED ROAD",DRY,FAILING TO REDUCE SPEED TO AVOID CRASH,2.0,31.5,2.0,2.0
13b026e3f9c2383f67464dc37e05e12f33f667b0f6b3110637b2b757514eccf80e04490c7d82739bc8162cf0ce48aa72b833a573e41d4bb5cf7d4f53f79f5f62,CLEAR,DAYLIGHT,DRY,UNDER THE INFLUENCE OF ALCOHOL/DRUGS (USE WHEN ARREST IS EFFECTED),2.0,34.0,2.0,2.0
13b03c0ef838c7f006519cab745044541155abac0370687e8e7bd6f78edd834d4c096fde71a09f4bd305a1b276f1ff533bff22cd93b022f4196f82b27c0d3a78,CLEAR,DAYLIGHT,DRY,IMPROPER LANE USAGE,2.0,33.5,2.0,2.0
13b06885bee036ef300ac931f04b492c8656a444532fc6e441c4ea448afaae4e2a2cc6ecff310e0d45e9762650dd70a17105b2ea577b776faeabcff8c6d85730,CLOUDY/OVERCAST,DARKNESS,WET,IMPROPER TURNING/NO SIGNAL,2.0,36.666666666666664,3.0,3.0
13b06c13feeeb6ec6c95ba7dba55fe95c9943b3b169886f41d9e3915338759611476859251e19dfc7c91ad9f63f291dbf905477c3c287c10df3a22b56a978fa9,CLEAR,"DARKNESS, LIGHTED ROAD",DRY,DISTRACTION - FROM INSIDE VEHICLE,1.0,39.0,1.0,1.0
13b084e8dc0b0a3048be3d3e6c8f4256271f7dfbe1eddc0f4e8b398ad178f2f7eb7a96c42198f5a3a264cb82663ceba400039f014f0a31804bfb761caee08f24,RAIN,DAWN,WET,EQUIPMENT - VEHICLE CONDITION,2.0,29.0,5.0,5.0
13b085c0fdf6b076a068c54b0073a0fa955472989e8d1ee5becab3ed323e9a9798d217716c364124e0ff0aedb54df38d932b2ce80910e2801cb57d6722fa0abd,CLEAR,DAYLIGHT,DRY,IMPROPER TURNING/NO SIGNAL,2.0,32.5,2.0,2.0
13b0a2f16e6dabc5195a4f86e46b32edd55c24209f0b23e51a09c89caa05a8040abb3027d1794e799757bfeaf990d1ba40625dcdcb162fdebd7e07c8d6bc3a8e,CLEAR,DAYLIGHT,DRY,FOLLOWING TOO CLOSELY,2.0,37.5,2.0,2.0
13b0cba2172080e1f1bcc40fec968f87ba29e6563fa9a7b3777b424d5f21e457982bc44407df9a50be66a7ecf874e7fd693c05a5771a8f21f146b5bb17ba2e5e,CLEAR,DAYLIGHT,ICE,WEATHER,2.0,42.0,1.0,1.0
13b0eb8ecd116381bb03390601a54117083e9305259735d35df944918f6cd65c41857932435354be8cd000fede79fc0ff937ef4e08f77431ed868837f60d5ec1,CLEAR,DAYLIGHT,DRY,IMPROPER BACKING,2.0,43.5,3.0,3.0
13b0fa124daea26709ce3c7acf1a1d0e256b5b2e685bf20d8da7c2ddd8f22bd0771104f2b3c1e414fd544e5bf25d9c8ddd108ea2041acd9f509e9577288d2c0c,CLEAR,DAYLIGHT,DRY,FOLLOWING TOO CLOSELY,2.0,50.5,2.0,2.0
13b10e69a2690bd80eb14b3b577c7ca8b08a751dc48594de2c62e2c6cb7a669635e06e4cc7e23ec1bb1489ec52ba1d0d93ed8c293a1b48d457839855579824df,CLEAR,DAYLIGHT,DRY,DRIVING SKILLS/KNOWLEDGE/EXPERIENCE,2.0,24.0,2.0,2.0
13b13608e5efe4d541a33cfe44883fe25f7efd7ccbd535d34c161f75ee7b3fffa1ea36c19d430ab742f78388a6e3d04b9c9648e10ea30b3e4e18a515f8a9f67b,CLEAR,"DARKNESS, LIGHTED ROAD",DRY,"OPERATING VEHICLE IN ERRATIC, RECKLESS, CARELESS, NEGLIGENT OR AGGRESSIVE MANNER",2.0,24.0,1.0,1.0
13b161bcaba51aabe9b4214445093f4dc27eda1a7f789dc399cf2432f0f12df55197d2ae66de57c71dca972bbad58a6baccb5faa3f4d347ead830e77737c922f,CLEAR,DAYLIGHT,DRY,IMPROPER OVERTAKING/PASSING,2.0,77.5,3.0,3.0
13b1c027a73d2663d29aa464036c47ad0ff6f9ce6127c61fedf9f4e578f7025e52af490ea220c6730ab6946e86729bb9b29b49e991d11636e54248e0b7d08d4d,CLEAR,DAYLIGHT,DRY,IMPROPER TURNING/NO SIGNAL,2.0,34.0,4.0,4.0
13b1ed15fed0ce96e645c7a55c424156fa295f78da472f9058103e50160e9a611ade4cf2d431356080eac220dea676a25ee5082083e93113937bac29dbb01caa,CLEAR,DAYLIGHT,SNOW OR SLUSH,FOLLOWING TOO CLOSELY,3.0,39.666666666666664,3.0,3.0
13b1f08564daf977064d061246b6d291b15126f1ac59ddf6c6aeb777b1d79ad9883eadb5dc3a0e78721cd244bb2ce7e0940a853bbe874b44398fb4b7f1a90c9a,CLEAR,DAYLIGHT,DRY,"OPERATING VEHICLE IN ERRATIC, RECKLESS, CARELESS, NEGLIGENT OR AGGRESSIVE MANNER",2.0,37.5,1.0,1.0
13b1ff2abdeda84e570e004ef05cf4a7605a714a45aaaaeff510a03fd861d52fa05700818c92e6d94ccbff6ca95a242f07b8316527e9860a26a1c5e2da24ba06,CLEAR,DAYLIGHT,WET,DRIVING ON WRONG SIDE/WRONG WAY,2.0,30.0,2.0,2.0
13b21a1f5e3316fe94e85220ebf4d800c078ed8ce94c41d84738d486c49b469a724e46eecb749ad1980d3364db2773a8d418aee434eb9bb09a519ebe56ae7d7c,CLEAR,DAYLIGHT,DRY,FOLLOWING TOO CLOSELY,2.0,35.0,3.0,3.0
13b22198febc07704c7de05fcb38944840062041c920e01e55316276eb7643239a2d14f4262167a80bf017d120fa6361fd89764253347fabf61a329a217621fe,CLEAR,"DARKNESS, LIGHTED ROAD",DRY,FAILING TO YIELD RIGHT-OF-WAY,2.0,46.0,4.0,4.0
13b228f90646e4b08c4859ffedbcafc21f09f25f54cbedd271b59f6e6899067611194c15f82a1ffa038e5dd8b8212f74cde76d09b22d6b18aeaaf76275b3d0a7,CLEAR,DAYLIGHT,DRY,IMPROPER LANE USAGE,2.0,37.5,1.0,1.0
13b24daaf21390e585d3302c777057e8f270af04be2155e499f8844ea2ee297c0d4034eb93fe39bd6f4a12b14e48e7830044151eccce4c29f00632285e6964f3,CLEAR,DAYLIGHT,DRY,FOLLOWING TOO CLOSELY,2.0,25.0,2.0,2.0
13b25dcaab2bbfb92e0581ca7eeb2e87d80027afd4cdcc00b06a1ebf4e95771c2087c3d6c2c9c9809a661221a4baf48deaa3a4e9470b10ffded19ca9aa527c96,CLEAR,DAYLIGHT,DRY,DRIVING SKILLS/KNOWLEDGE/EXPERIENCE,2.0,70.5,2.0,2.0
13b274d7e22becd1fc3675dcd08ee1d14753de7d49960d68bbbc1f376400eafdb27066c42b0fc6eddda7418a51a9741ad2c2bb2b8ff670daf164011b68ed9e0f,CLEAR,"DARKNESS, LIGHTED ROAD",WET,FAILING TO REDUCE SPEED TO AVOID CRASH,3.0,27.0,1.0,1.0
13b281b06ae100c6560f1301de2449dd209f28a6fe0dedca5a7352bfb76799ea7fee67fd77171e62b7246c16f483633ed087f652fc76cc5ad39b9bb69525fb63,CLOUDY/OVERCAST,DAYLIGHT,WET,DRIVING SKILLS/KNOWLEDGE/EXPERIENCE,2.0,37.0,8.0,8.0
13b2c6ab78131152d258acd8a6cfd8d0dbe3eccd9ac1097838dfcfd247bc569791ff391134912e5e135b3266a71deffcee1a522728b76179ee32afc74e43d28b,CLEAR,DAYLIGHT,UNKNOWN,IMPROPER OVERTAKING/PASSING,2.0,62.0,2.0,2.0
13b2d957f96ff4b469f558817b9f82d2c526d886910451e1f64cbfe1bf752f1dde770cbac018ac16761a2b83fa62b252cd4ec9848f1240f5727e1d68d8f48838,CLEAR,DAYLIGHT,DRY,DRIVING SKILLS/KNOWLEDGE/EXPERIENCE,2.0,53.0,1.0,1.0
13b3129204872c0c1a2988db4046effb6cb758bf944aadc0b5943339274e858b9a190965b506cb77da28626e00bc85f7a9d0e4506a338b050e20b4c3193f612b,CLEAR,DARKNESS,WET,FOLLOWING TOO CLOSELY,2.0,38.0,2.0,2.0
13b32697b1c4d03acd4b8554ac73f20732a8d2e0e119f43d3393dc2aeb661ff5982f9820e70475b5f00c81d2882f38f04a9a49fda78ad3add860c46e93924b51,CLEAR,"DARKNESS, LIGHTED ROAD",UNKNOWN,FAILING TO REDUCE SPEED TO AVOID CRASH,2.0,21.0,1.0,1.0
13b34aaa3058cbdd54692a4822e5e26f51c1645629d9a0f35f594017808e40c4332d6d4cac798d4cf1b6fc33a4670c90f3aecffa792976884f547e9815651c95,RAIN,DAYLIGHT,DRY,FAILING TO YIELD RIGHT-OF-WAY,2.0,37.5,2.0,2.0
13b35b6db08ab70d6d9168b69b9d59944de721556da5deccddab8c93ff9325798161a8ad1e9b6a3df780225b4a767fac619efb88d953b5128c74f2301e6eb8cb,CLEAR,"DARKNESS, LIGHTED ROAD",DRY,FAILING TO YIELD RIGHT-OF-WAY,2.0,20.5,2.0,2.0
13b360cf45d5b0ec53455888026cf2528f6e52534dc3558247098d069f2fdddfc03169cc751e513165b0636dda8469fa367cc784a1e3c2a2c254765351da2188,SNOW,DAYLIGHT,SNOW OR SLUSH,FAILING TO YIELD RIGHT-OF-WAY,2.0,35.0,2.0,2.0
13b36c0539bd9d4a743546cff63dff9351d383ae9f9a16390b9ec0f2344bdba3f43d2af5c53b11841894e6f549a8e1a0f13931f68e2c597b71c78c1bcde78f4e,CLEAR,DAYLIGHT,DRY,ROAD ENGINEERING/SURFACE/MARKING DEFECTS,1.0,84.0,1.0,1.0
13b387b655df4a96d56e93a037ccf505ac8e3f2fe7074ebd9fbdaa097ec28cfd37b16fde670c03e2b31e6117b90986c840346e53647e7cb3d43692a55f2c517b,CLEAR,"DARKNESS, LIGHTED ROAD",DRY,DISREGARDING TRAFFIC SIGNALS,2.0,24.0,2.0,2.0
13b388da18724c6b8cb240c5ee716898132921b324ff7baef61d150ee6611a9331180b02b5b6afc86db1aa4db4dc5fe66a23f1bbdbdc959a36f0a2c3e092dace,CLEAR,DAYLIGHT,DRY,FOLLOWING TOO CLOSELY,2.0,34.5,2.0,2.0
13b3b65277deb6dc0d134c4ba68b9089893f2960b90acef52ac03c5516a3559c8184a709732e9c7af09ebf572343dc1d7848cac03339b87a749eff9ce4e77458,CLEAR,DAYLIGHT,DRY,IMPROPER LANE USAGE,2.0,37.5,2.0,2.0
13b3ba927703eb5aa03d7cd4ed5fd5407f584ea48a394782d54985d6be5499b0f702e3c3077665b3d279911a8b72af80a1d1b2685716daf68ea723e2a8527f82,CLEAR,DAYLIGHT,DRY,DRIVING SKILLS/KNOWLEDGE/EXPERIENCE,2.0,51.0,2.0,2.0
13b4004c8c68a7f9d64f916c1c231659a7e74270ff43395fc4279765e65456c06d46f3e77870408a152e014075e2cd4eeb0d533b1550f0434817649d7222e0f0,CLEAR,DAYLIGHT,DRY,DRIVING SKILLS/KNOWLEDGE/EXPERIENCE,2.0,17.0,1.0,1.0
13b444f8e321ff685fcc3b266ef309d4080ff06f0ea99cb0a2664fa568294d9363dbd34ae2da10870bf636da930e5f7f0c3c768a062cb78c08ad8c1d6975ac94,CLEAR,DAYLIGHT,DRY,FAILING TO REDUCE SPEED TO AVOID CRASH,3.0,23.75,4.0,4.0
13b445125ab7f0720c2b691deb1ceb051dc27fac8a22d89b26b4d430f43271408328e8fbc08f499899c1141f121e4afee4c6710f045bb149235aa459cde49e0e,CLEAR,DAYLIGHT,DRY,FAILING TO YIELD RIGHT-OF-WAY,2.0,65.5,3.0,3.0
13b48e0e3edb997d5dbd0820b8a0c456e8d344e1655d46037ebdae8c53ecd4a286296e465e6759748a4ce2ded6222421e3662e88765a0337bf3ad29cd770ced2,CLEAR,DAYLIGHT,DRY,IMPROPER BACKING,2.0,41.0,2.0,2.0
13b4a64ea97f7a75d89c6326e403c7fe6818204156b6b3b30e22de1b51c4ecbe8f0a09f5c2d2346cea9fa529a6fede973a76ada4a822203753457d712458d4e2,CLOUDY/OVERCAST,DAYLIGHT,DRY,FOLLOWING TOO CLOSELY,2.0,32.5,2.0,2.0
13b4d0be431735a97f6740e4a11d7cd9f423c3d7446c6f6c6078620213940c27345125160552d84d9efbcd1d8f403f4a369d0631c3af2243b981b34d0f6ff670,CLEAR,"DARKNESS, LIGHTED ROAD",DRY,FAILING TO REDUCE SPEED TO AVOID CRASH,1.0,37.5,1.0,1.0
13b4d6b9d414dc99156dbfd5cdfc19e333b90b9e4f2b9e6cf6fcad772e2847d60b9ef896e193e0bb4a8976d05d789e4f13df84f7ee98673b87d3b603de9acac7,CLEAR,DAYLIGHT,DRY,FAILING TO YIELD RIGHT-OF-WAY,2.0,46.0,2.0,2.0
13b4f4b6146e5d97b7504befaec1127bbebd12e13da99bcd858ac36023d4730b332b24f706101b532986ab58a1198346b58668f36dbef8507637829b0eff1af4,RAIN,"DARKNESS, LIGHTED ROAD",WET,FAILING TO REDUCE SPEED TO AVOID CRASH,1.0,23.0,1.0,1.0
13b5098749fe583963abbad6e5d5c94b809ad5e485871007bdc2cc81341b4b8a4f308430b89504f5b393e852e14760b441cbd9ac95ce2f2174d9131070822562,CLEAR,DAYLIGHT,DRY,IMPROPER OVERTAKING/PASSING,2.0,52.0,1.0,1.0
13b52bbf03f50be360c58b01e67ed7f2d6e6ec054c8db43024f138e837acdcbbf0bb530fa6b5f9933833b2951cbb27f1862c5e1319753c5cd76e13aa1a715bc3,CLEAR,DAYLIGHT,DRY,IMPROPER LANE USAGE,2.0,31.666666666666668,3.0,3.0
13b530202985e4e26576376ae892a6088aeed406518322932372247ff8c524bc34717eb841c9871193660d2f1bd87d9f0a4ce819a3b3b64925a2a44b857f2bb8,CLEAR,DAYLIGHT,DRY,FAILING TO YIELD RIGHT-OF-WAY,2.0,35.5,2.0,2.0
13b532e37325d99a0a89b35d105a2a11e88404fe8badc02aeb1cf60beb56f7db1e0f369d6d1980673d8221ed06e90a8cbf6b7e8871cb152e4a989352f3709d08,CLEAR,DAYLIGHT,DRY,FAILING TO YIELD RIGHT-OF-WAY,2.0,34.0,2.0,2.0
13b54feb2c050ee2cd1594e0a14073c902955f5b129342b368552de22a454f47cc7b8ec886ff099b0b24a15a78387e34dbee7bc84a2fe77f951a2aa4068939e3,CLEAR,DAYLIGHT,WET,IMPROPER BACKING,2.0,37.0,3.0,3.0
13b5503208527c02be0f8bfcf663b90af27b39c844aeee4dd94f4b3c2f1ed53589a17a65b1772f7f21a285deaaa91ab810c3ca7445b9bf7a2f5f09d905afafe9,CLEAR,DAYLIGHT,DRY,FAILING TO YIELD RIGHT-OF-WAY,2.0,19.0,2.0,2.0
13b55b71a9d34c51ee260ac729180836287842b99cff32e1e43a9de0f9320137369fb5ea8a30b2bbb71c6b92ecfb2e091e7e8e8960cdcce82305afaf648baa91,RAIN,DAWN,WET,IMPROPER BACKING,2.0,37.5,1.0,1.0
13b59e78da48e1cfad40ec0c4ec36621de7fe25763519e8f01e33680bebb06ffe494ab3cd2430fa3580abf0bdadcfec66a64a8a03f4a3f238251eb28e74bda71,CLEAR,"DARKNESS, LIGHTED ROAD",DRY,IMPROPER LANE USAGE,2.0,24.5,2.0,2.0
13b59f0b754c31f8a9b4b5d90ae679a6d04a2595a1981a0f9b4b8b8a231292edd3d3f8ad27e6643a379e997b82d5efe413c0e37c724e27ec3dacd33d6140011e,CLEAR,DAYLIGHT,DRY,FAILING TO YIELD RIGHT-OF-WAY,1.0,46.5,2.0,2.0
13b5b178fafe022fb06d9eb9ab8a97873ab7650e6b1f13aa81f4586272364311db1d06684350c553b881151d85d201e177a39e9950f1d7385e289a5f8b75d47d,CLEAR,DAYLIGHT,DRY,FAILING TO YIELD RIGHT-OF-WAY,2.0,75.0,2.0,2.0
13b60dfede05ffc3975c51abb49fdf5c5067538775500ce4bd2010af865b225dbd327919478ed4e4c297434c6e14b1f8051a218afa9d7ba3315d27140bceb802,CLEAR,DAYLIGHT,DRY,FAILING TO YIELD RIGHT-OF-WAY,2.0,20.5,2.0,2.0
13b61f6a4d09c4bfa22902f57fa51f7e70b390ce34f37da321cd9c94d758b0b3935bc1abb2cb08eaa446d4d9254ca05dc321a711a618a358d85d9e9fc3ea2b3f,CLEAR,"DARKNESS, LIGHTED ROAD",DRY,DRIVING SKILLS/KNOWLEDGE/EXPERIENCE,3.0,41.666666666666664,6.0,6.0
13b629cb09bef145e7a32859efac47827e4b9030745a9a275e52f55e75f963839dd434f3651d4206803e8f01536b331325fadb28fc928b994608bd39d6f937c5,CLEAR,"DARKNESS, LIGHTED ROAD",DRY,DISREGARDING OTHER TRAFFIC SIGNS,3.0,37.333333333333336,3.0,3.0
13b642aeeab801d94a9e5b178a8e87147c113b81855339f4b574e21fd3f4fd334cd385a1e7a904bc1fffde42b47eb19f2341071457effb8b04f301104ee39bf9,CLEAR,DAYLIGHT,DRY,IMPROPER OVERTAKING/PASSING,2.0,60.0,2.0,2.0
13b66337f08d1095be2aa648d9108048394f78a652f9e09c683ac327c8fffa35422ea58c8b4d3e0baa68c908449b7b7d154347d460d2e94d232389ce32dcaa2d,CLEAR,DAYLIGHT,DRY,IMPROPER TURNING/NO SIGNAL,2.0,22.333333333333332,4.0,4.0
13b6e16b367c732c1435f206394e0e1b7747c96373dc2c66a276cfc278872dda541ab71f85775e268f57eba923bef663d6c6ae0f846f679be961334735b0c183,CLEAR,DAYLIGHT,DRY,IMPROPER BACKING,2.0,19.0,2.0,2.0
13b6e8a26862a8b465a7036d3b42dfbd2fe829cbd43ea44df1ebafa9ab6d38274862d57f42813db6ce6e52816adafbac8e6f61451fa7401fb6018ffa187886aa,CLEAR,"DARKNESS, LIGHTED ROAD",DRY,IMPROPER LANE USAGE,2.0,27.142857142857142,7.0,7.0
13b70d44f02618d961637d1dc86c915caf033e94cdda3375aec4a30c83f80e0534708c79b92cde68fbc6f737d7b0df61d3bc6a3032505ed7234d9d69724c3acb,CLEAR,DAYLIGHT,DRY,FAILING TO YIELD RIGHT-OF-WAY,2.0,53.0,2.0,2.0
13b71f4d50d35aed9fb2f04be5b4323c0087a4232497a98925482bfd4bf7c7489c3d12f3d5c10959a3d7512dcbda493033226bf28af0901e8327fcebf9c69ac7,CLEAR,DAYLIGHT,DRY,IMPROPER TURNING/NO SIGNAL,2.0,33.666666666666664,3.0,3.0
13b720715a530216d7ef6f3a490ad3466582e1cd27a59f3d42c05c1ffcb4a58e7a4036d3659052d1e0566d28c66e4cda0e0452ed00cc0654505e39f3de6c2619,CLEAR,DAYLIGHT,DRY,FOLLOWING TOO CLOSELY,2.0,32.0,4.0,4.0
13b7323cdcf82b87a9e108ba2e95ecbeaae76a1e0a2ce19cb611394c2cc248e5d6bd285cd0623871d0a34ce457ff167c9d2bf97ce2dde6ca9a5d8b47c326e97e,CLEAR,"DARKNESS, LIGHTED ROAD",DRY,FAILING TO YIELD RIGHT-OF-WAY,2.0,53.0,2.0,2.0
13b75f3d9d30f7c306cb4da88f00c493999952bfe90f7020e0862852ec0707cb812a59acd9e301ee59194c272651b0502807f707fe851977df73f5a5566b2c96,CLEAR,DAYLIGHT,DRY,FOLLOWING TOO CLOSELY,3.0,37.666666666666664,3.0,3.0
13b76b7ca1f8fb0bc1e27b4a7ea556595f1798ee7d851a1b23553c790fb2d7af0735bc921ff49eba90e775198c5f869902eee71d728ef478de4932e8755f695d,CLEAR,DAYLIGHT,DRY,IMPROPER OVERTAKING/PASSING,2.0,37.5,1.0,1.0
13b76fdf70a737f6c2e58b50990861b8471da00a566587132e7cb49536e17c1d977ff7b0270be59080aede35b756252a8097ade57af949bda32c05ed458197f1,CLEAR,DAYLIGHT,DRY,FAILING TO YIELD RIGHT-OF-WAY,2.0,35.0,2.0,2.0
13b7a6fe560f89caec032c21a394d4a56478b08af6da96b8d357b4b30a55b69c26fe86dc3c9489017e67568816d6cfa021a668c19b33951867959b72b412555a,CLEAR,DAYLIGHT,DRY,FAILING TO YIELD RIGHT-OF-WAY,2.0,37.5,7.0,7.0
13b7ae6ddb8eee2546be975b8f34175d4619463cfea6e6d1b22f8f6feef2b15fcfa68ab95d7348c8b557d52e8b95bbdc03f274a069da41d9186d65e4ba3eb962,CLEAR,"DARKNESS, LIGHTED ROAD",DRY,FAILING TO YIELD RIGHT-OF-WAY,1.0,27.666666666666668,3.0,3.0
13b7be789fde6a223515c9c13b42751f7c861b30610266a2e30b5a27135f6625b994db3eed4650516cd4f400e1ea69df5ff834a34bd23113451511dca89b7d74,CLEAR,DAYLIGHT,UNKNOWN,IMPROPER TURNING/NO SIGNAL,2.0,79.0,5.0,5.0
13b7bfcfd52ea0a09e7c0c745987d6194de54c2bb21e9a85d91ae8277949af7512b36641534b06f2382e7b6711d54a71b0703e4da745d33ec69fe8f4b2273056,CLEAR,DAYLIGHT,DRY,IMPROPER OVERTAKING/PASSING,2.0,36.0,2.0,2.0
13b7df3a01bfdbe81e8cb15d4b4953166bd491e0a29d2c885b2f301b7f18004586043542520dade41184965adc6db7b5099914e607e29ebb917a51e237bd062d,CLEAR,DAYLIGHT,DRY,DISREGARDING STOP SIGN,2.0,27.0,2.0,2.0
13b829fcca4ed3d47383fe85b898c5fff2aeb0bbbbe136a0a329b91e29e8f3f7af8556f75556d9e43dedea0794bda2d0837428c43706b9723e96062ebad36b70,CLEAR,DAYLIGHT,DRY,FOLLOWING TOO CLOSELY,2.0,35.0,2.0,2.0
13b83c87f4f4147e5f0150d5887bd3324200f4e903f00aea497bbee33a9b26fee13659b7c6444ae88f7e04b1a817b9d5b5e0c2589f9fd6637fea0e3a67c25f5c,CLEAR,DAYLIGHT,DRY,IMPROPER BACKING,2.0,40.0,6.0,6.0
13b8406483b6501105e550598b7772f73ca20f36af8109320f2544baec87393f70721a23cf5fc0ddf7ed2d8a25e0968a77833cb013eb4dda0f90782d8160549f,CLEAR,DAYLIGHT,DRY,IMPROPER OVERTAKING/PASSING,2.0,41.0,2.0,2.0
13b8596ca1bec7f0d383f3882e21bf6779e56e12e720c53f05bbf66725341ca64813ea8e5196f57081d6abccda842ebedda621327678ebabcc184cdc326313c8,CLEAR,DAYLIGHT,DRY,FAILING TO YIELD RIGHT-OF-WAY,2.0,51.0,3.0,3.0
13b85f8f1c422ed046b7bf8010b023caf5de52d524b2817bee8f62f88f437649a905d07ebbd5cb8569e267b692ff2f040c5e744c9ac2252d4efd6927fec563f5,CLEAR,DAYLIGHT,DRY,FAILING TO YIELD RIGHT-OF-WAY,2.0,24.666666666666668,6.0,6.0
13b86cc5c5b58d3a1f4998e4f106fd5978b6a85acb727b5703c1799f09d5831d386bba88f0422c071a687eb6dc3a01663b11fa9adfbd6133d78f49d80c950e08,CLEAR,DAYLIGHT,DRY,FOLLOWING TOO CLOSELY,2.0,35.0,3.0,3.0
13b87835c45e9f722f86135ab54ef1ce85927d10eb7ced177adf10f3174220f90b028618adf8c8cf17732b882af0ec8369774070bfe0075c0dda07d7bda32dc3,RAIN,DAYLIGHT,WET,FOLLOWING TOO CLOSELY,2.0,46.0,2.0,2.0
13b8ac18312ab9cde869a29183b799201494004c5f561f686178233f45fb49e4575bcf6153f3ef1dd04b8e8086d939c1a80cc969d89b907bbd45b539af4102a0,UNKNOWN,UNKNOWN,DRY,PHYSICAL CONDITION OF DRIVER,3.0,31.0,1.0,1.0
13b8b4ac5ee687bddd45f4e7fd633727b1fc6a2dc57bca21a78323fa72bfabadfa978f55d4021cd4b965d821a19d54846c8e131d744e9da876b32b90e3f93d76,RAIN,DAYLIGHT,WET,WEATHER,2.0,31.0,3.0,3.0
13b8b4ec55df93e40cba471b0cb9559fe1b06e28d2657407d5cc43097a54a41f9459942ab6244e48a9280886c2d3e9051bf416945cd8f7cefb02d723cd475b13,CLEAR,"DARKNESS, LIGHTED ROAD",DRY,DISREGARDING TRAFFIC SIGNALS,2.0,28.25,4.0,4.0