crash_record_id,weather_condition,lighting_condition,roadway_surface_cond,prim_contributory_cause,total_vehicles,avg_driver_age,total_people,total_injured
13b8bb78f77ba7e5e09d78f73e41276d652f4633f2b98c65e999abd959556b3f44635f92e21a3f14e4bad9e6dcdfc052a95856984d6ce1fb2b5521798d7c47b3,CLEAR,"DARKNESS, LIGHTED ROAD",DRY,FOLLOWING TOO CLOSELY,2.0,61.666666666666664,3.0,3.0
13b8c6d004e8adb24651a733ff0e6f55524644dd728a7b16699282da0f5f28a64d409dc1331fbda2947d38234c3963eb0d119a48abbcd6ed48337627fb9693dd,CLEAR,DAYLIGHT,WET,FAILING TO YIELD RIGHT-OF-WAY,2.0,50.0,2.0,2.0
13b92f986d4221b42b7269fd0ea4ac1356ef236778f10e6aeeee1272d5d7cb018dd0d9aed29ec337a337ea01252642ec6317794e283ba04f87055832d20744ec,CLEAR,"DARKNESS, LIGHTED ROAD",DRY,FOLLOWING TOO CLOSELY,2.0,47.5,2.0,2.0
13b96325fe9d48017ad4b30eb3a468d5a4df5736ff1c317b45a31dc03ae08e901cb7f0ecc2e06183005f189161849c6d04a58dbd5bbb538fcfd9f6faf7a84219,CLEAR,DAYLIGHT,DRY,FAILING TO REDUCE SPEED TO AVOID CRASH,2.0,44.5,2.0,2.0
13b969d4834f36957a05682c3da5f4bd6e7c1055430e929c5e510aa5dd809d495334b30b4d4b00e0351abf26268476c415611ad8e3db2994579bf36f542134b8,CLEAR,"DARKNESS, LIGHTED ROAD",DRY,DISREGARDING TRAFFIC SIGNALS,4.0,43.22222222222222,9.0,9.0
13b9790e59b1fdbe98caa926144d94a4db134c85f91ebe36879d86c5a04447da37f2e0bc0d471dcad0ddf2dbbb7af4bdbff963e957d98027bdcaed90fa364875,CLEAR,DAYLIGHT,DRY,FAILING TO YIELD RIGHT-OF-WAY,2.0,27.0,5.0,5.0
13b9beb96b7bc54e272cadd322b8d61a5d1d87c109c7eb078a4bf4b0e89da2d93798dbebf7c415878e549e2ce48976b1d920f318ac6cd15c72284de73e3e59b2,RAIN,DAYLIGHT,WET,FAILING TO YIELD RIGHT-OF-WAY,2.0,45.5,2.0,2.0
13ba00b798e7091ffb74ea1b258795c17617aaa70e82f2e5f162ffecc984d416128e7a6cbe2ad7bc74a950bfa22d95c928f77618b5e421d08505bc5fea9d242e,RAIN,"DARKNESS, LIGHTED ROAD",WET,PHYSICAL CONDITION OF DRIVER,1.0,37.5,1.0,1.0
13ba576b95c4bddc2933e83573156311983442f9bcbd632bfb55c4f32653da71c271026aaa7120d54f46d8426fd4da598f56244576cb14b2355420775fd67d27,CLEAR,DAYLIGHT,DRY,FAILING TO YIELD RIGHT-OF-WAY,2.0,36.333333333333336,3.0,3.0
13ba7703169578a24c0be269751e4f65243c96685d5a88225f1ecc59513ff805e642d302393ff56f2d7f3d56b49e3e84fa11a934bcdf2b87ae6f822166755dfc,CLEAR,DAYLIGHT,DRY,FOLLOWING TOO CLOSELY,2.0,22.5,2.0,2.0
13ba7e00cba58ccc05c8ff4a228f60480de6778ba95e183313281d0fad4e75b1c17007712f877f2acc00f5c7f949dfe21d01ae722ae186bc131a81110306311c,CLEAR,DAYLIGHT,DRY,FAILING TO REDUCE SPEED TO AVOID CRASH,2.0,53.0,2.0,2.0
13ba9514e0d4947cccd08568055ea38f0df14893453201cdd63a9ef4fca0f2f4e5405d48cbcfd64f6bdf164695b45a4412541b80c883df82c910592e87a50164,CLEAR,DAYLIGHT,DRY,IMPROPER OVERTAKING/PASSING,2.0,37.5,1.0,1.0
13baea30e0ae231082f1cad2b0940e35d8ebb054f898308a649e91a0cf2a24c95017abf81ec3357883980b97f5d24a4ee3ec426872477d133a0cb8fe79c23316,SNOW,DAYLIGHT,SNOW OR SLUSH,FAILING TO YIELD RIGHT-OF-WAY,2.0,40.5,2.0,2.0
13baec9057058f7a00584545e669a83d8b3e4b7531bdcb5b7076e832ef5d92b809a102d11b822d87a0679e96b8228dd9290bae652fb9b1eb39733dd73053710d,CLEAR,DAYLIGHT,DRY,FAILING TO YIELD RIGHT-OF-WAY,2.0,22.0,2.0,2.0
13bafb4d8ea925ff52605bbbadc3edcee3770947987d71643053961986f13d4802f0bde734469e12c9bbd50ee2c41ff5beeb4a028db9112ca27601f85861b785,CLEAR,DAYLIGHT,DRY,DRIVING SKILLS/KNOWLEDGE/EXPERIENCE,2.0,42.5,2.0,2.0
13bb1abd0406098677cf1e4aa3da475f37f5c434698b7cc357fc6afbe01dc49f61c25faa990d417d809de0a8fb20acb16b54d9cdbe302a55bc631e63156cc7d8,CLEAR,DAYLIGHT,DRY,FAILING TO YIELD RIGHT-OF-WAY,2.0,30.5,2.0,2.0
13bb23f3bf43f63b3b720030e663decefd5f7c696b1a7fa88dc2d65c75ada1b07d9d86f3accd128f249b7d5fd95a0396b502885cac78a2addef93a8b9c842965,CLEAR,DAYLIGHT,DRY,FOLLOWING TOO CLOSELY,2.0,29.0,2.0,2.0
13bb677a9432046024973b3993fed3531abf08cac808dd33d7442b957a0b6951f268ebfdfdf12488227e77df0e51623363d84715a2ae767a07e0898d2470e4f3,CLEAR,DAYLIGHT,DRY,FAILING TO YIELD RIGHT-OF-WAY,2.0,72.5,2.0,2.0
13bb8980f08e8c4e9af46ff486ad5b745e868a30cd8cb708075c37ca06e751c93d22f8169208802114d294e45e1e6f83eaaefa66a9ec863cb9d01794550f7cd0,CLEAR,DAYLIGHT,DRY,FOLLOWING TOO CLOSELY,2.0,53.0,2.0,2.0
13bb91afd1d3f2802ebb4205112a40210f514b4b0e5008a651b5138df204086daea459e4de74cfdab54bcc287b2a1a0dfc85f769813e6c508b56c0947eb99acb,CLEAR,UNKNOWN,DRY,FAILING TO YIELD RIGHT-OF-WAY,2.0,37.5,1.0,1.0
13bbab616e29d553a807e6b5160a71379770ed7b913fd471bbd4ad58188d2c533616b507b311de75f788e858cd2dd696d88024c9c949b520a415819878594d6a,CLEAR,"DARKNESS, LIGHTED ROAD",DRY,IMPROPER BACKING,2.0,37.5,2.0,2.0
13bbb29d3d3510eb7583fd01112f7736e06870f356f19ff00be45cf9415bfb8770b5e54e25eec756c8a598a08dfd8f2ce2f37bd03192dd3927c5c9f2da4d6d77,CLEAR,DAYLIGHT,DRY,FAILING TO YIELD RIGHT-OF-WAY,2.0,49.333333333333336,3.0,3.0
13bbf46617c4d0abdedc871bb57bdf4af427580fd9932f25b3bb0e535c615c57acd22d60aadb6730d8e1b603e78cf3a1ea24a4025744dfc4b2f511caa9da8c95,CLEAR,"DARKNESS, LIGHTED ROAD",DRY,ROAD ENGINEERING/SURFACE/MARKING DEFECTS,1.0,29.0,1.0,1.0
13bc3222e134bfef3db715c031344f451ef0902073b5c08e65c846882babb113b5ffa46391c20decb7ec39748d2ce40f075db926b12009fa276d9286ffd45758,CLEAR,DAYLIGHT,DRY,IMPROPER OVERTAKING/PASSING,2.0,27.0,1.0,1.0
13bc84c9c9181e283da522c75f9ca70055d1015664c21a7c50859495f6de280f7c4ad25ccd21e9c1cf39225d8fa74e30ddf3efe93fb6493813a0d4578d709da7,CLEAR,DAYLIGHT,DRY,FAILING TO YIELD RIGHT-OF-WAY,2.0,59.5,2.0,2.0
13bca6d779f6d5e623ecf0698f8b05031be9d3c4501f75ff7340b6d812c75d6b12f639d95e09b255fed6971a814b95e1d3a090405f9dd53c3c96da229da4e662,CLEAR,DAWN,DRY,IMPROPER LANE USAGE,2.0,34.666666666666664,3.0,3.0
13bcaba3d537c77efa076fcd4e45e78408917aed368c81c3b131bc8980a91531e382b9c8139a2d7c016156e357128dcd03f66f9a1af39f004f5e10678ed79aea,CLEAR,DAYLIGHT,DRY,FAILING TO YIELD RIGHT-OF-WAY,1.0,69.0,2.0,2.0
13bcccb8e53cf2d6686c872b1216dc9de44c89ddbab581ffc0314feed7c1904c324fc2c88474659d3d7aec5f7fa73762cc944660ddde0943d2efa01e17a8ee6b,CLEAR,UNKNOWN,DRY,"EVASIVE ACTION DUE TO ANIMAL, OBJECT, NONMOTORIST",2.0,67.0,2.0,2.0
13bd127a91f9bd5ee82aa67a133a512dada7385d07797509b9faebaa832b1bd9da155b82de54ce704f9a3fe2f25ff9fa2a637c60967079017682bba8d0130833,CLEAR,DARKNESS,DRY,FAILING TO YIELD RIGHT-OF-WAY,2.0,24.0,2.0,2.0
13bd16986cc9a47e8b6c1dda57546697370433c72e711938b83dee4e9c1f753819ff600afef3fc2bdb2bf848b9a6b7ebf3fcb818cfe3aafe04e57502ddb1ada1,UNKNOWN,"DARKNESS, LIGHTED ROAD",UNKNOWN,IMPROPER OVERTAKING/PASSING,2.0,39.0,2.0,2.0
13bd187683fe4d9c9d33ec78fbac17d08729b159ec88878b44fd8bf92551c9d8cab22a93764e2ad22100b9b92058505b756a380764bb4c5cb7784d489aa54a54,CLEAR,DAYLIGHT,DRY,FAILING TO YIELD RIGHT-OF-WAY,1.0,55.5,2.0,2.0
13bd22b1f09d4712549a2188bfec93c25432aa5a86e60ea852e76b3013ac3939cf1139bb826ac88d7c6e2d8c0f00197cf7ad6082f5653dd3df351b6f87e9609c,CLEAR,DAYLIGHT,DRY,IMPROPER LANE USAGE,2.0,22.0,2.0,2.0
13bd64fd11fe328d321cb56bea7e94e16303d754af41d28f42459e2f9abc529329417b152f13db30a5db99ddb466e378e7076c2d60ee6931f59716be38674027,CLEAR,DAYLIGHT,DRY,DRIVING SKILLS/KNOWLEDGE/EXPERIENCE,2.0,44.0,1.0,1.0
13bd8925fb2ed6358c6608da4156c73c9291a3b596019dcc697f22aad61e428e4c4c1c7f0ea091eeb3977f3da00b895b0919c56f4024b1a5838c94028647ba9b,CLEAR,DAYLIGHT,DRY,DISREGARDING OTHER TRAFFIC SIGNS,2.0,36.0,2.0,2.0
13bd9ec4d4a062e87b1fae33d3d939414dfca5d3e660ec6e7691bcf42287b10759d14e7bc3c13e37009774f686e3735c6f0f6bef0dc8ebf8a0a55c51f0bee4b6,CLEAR,DARKNESS,DRY,FOLLOWING TOO CLOSELY,2.0,27.5,2.0,2.0
13bdf24f508e118f7146f2c51153ab10ae95f5daff865d37727affe3d1b30bae42c5ef312e44508d82ac5e71f12e0bce6b48acf7406702c788cb65dbe1436a67,CLEAR,DAYLIGHT,DRY,IMPROPER OVERTAKING/PASSING,2.0,66.0,2.0,2.0
13be07ca7fcd6433d75454dda9cb4653ad91c77d8d6108890123f1abad34c529a4c045dc65da6bd48ac05db0205bbba8208eaf65a383e8d9e78124a58e16288a,OTHER,DAYLIGHT,SNOW OR SLUSH,IMPROPER LANE USAGE,2.0,26.0,2.0,2.0
13be32414f9cec9d41a0d9c5fdc1b4bee4556c3bf8a4e2741ae1ca1b39bccc923b89e0311b657bee9bbf155f620c4ea12a3e42840ab2527c6cc216ff1c61170d,RAIN,DAYLIGHT,WET,FOLLOWING TOO CLOSELY,4.0,46.666666666666664,6.0,6.0
13be3f6cc935d5cc727b85f3e5bb490f4f8bf01a73ef479ea2389e01c728bce20fe2b385c59e3e63e8bd7e4385935cded7ad9fffb7fd9e08b04c299be935ee14,CLEAR,DAYLIGHT,DRY,FAILING TO YIELD RIGHT-OF-WAY,2.0,45.0,2.0,2.0
13be4026b3d6b73119d27066e192e97ac078dafe337c717b4bb96e5c35e79513899bbdbbb8c990d15e2f57d726483cc500b9f751db02c1a60a4e38b647550732,CLEAR,DAYLIGHT,DRY,IMPROPER OVERTAKING/PASSING,2.0,16.0,2.0,2.0
13be5d4f7a0ae6f620959d94a8786626540bbf9b71fdd936cd97e049fc05461de3286a65eed01513ac868acee152cf03056c4595a8d43a9b95cd7a79f3e9e8b5,CLEAR,DAYLIGHT,DRY,MOTORCYCLE ADVANCING LEGALLY ON RED LIGHT,2.0,55.0,2.0,2.0
13be8a5cccd58003350948bc9c9061b1e6f2e6a5dc149c6ac380c19a373d9a85894eb0d9b5c362697249eb82c6b6a94f92b94a2c1f9f8811af32f989af8bb2e5,CLEAR,DAYLIGHT,DRY,IMPROPER LANE USAGE,2.0,37.5,1.0,1.0
13bea6afa6f28d842b44b1775140cffc97876064f19fd07b69578bb50b67f392aceb250a5eb2da05409b03200b65ef6fbadb701b6ba6363801ce86f2e10cc1a0,RAIN,DAYLIGHT,WET,IMPROPER LANE USAGE,2.0,42.5,3.0,3.0
13bebb7b175003b78771da619349f2c8a0248ec614d9fa9b53311bac97bb304be21923e70277a19e60af2de426dcffac049aa75850f9fe0e54295e6fc134c391,CLEAR,DAYLIGHT,DRY,FAILING TO YIELD RIGHT-OF-WAY,2.0,21.0,2.0,2.0
13bf3649ed1cec7beeb62371295a8da9e1636d0eb671e4f03736debf7859287f38911dc9b60347fe65fa30024d0cd81b170a7763c6fd1dd17ca05001f1482878,RAIN,"DARKNESS, LIGHTED ROAD",WET,"OPERATING VEHICLE IN ERRATIC, RECKLESS, CARELESS, NEGLIGENT OR AGGRESSIVE MANNER",2.0,18.5,2.0,2.0
13bf4f9fdcf49f49ec473d214a87b2ca94078d95dc4cfabb74942da319a78caab48b966d059396557878d16db5843c3aab297a3c54bcda2871b13d32e6736edf,CLEAR,"DARKNESS, LIGHTED ROAD",DRY,IMPROPER OVERTAKING/PASSING,2.0,37.5,2.0,2.0
13bf5371eec024bcf9ca5b674e03b56a3cd9c098d33df5da33b94522b6d56efb481a8e485262ddbbbf7b684827ccefbb02a75e62e78f47013150d275b7e9090f,CLEAR,DAYLIGHT,DRY,FAILING TO REDUCE SPEED TO AVOID CRASH,2.0,41.0,2.0,2.0
13bf570bad43d5908961d2be27a11cc726598dac9e921b9cc4c8db0d940fc925bb992dab108efc557491cf5dfdff70b12c6b095eabd2054c79ba0faaab805e6e,CLEAR,"DARKNESS, LIGHTED ROAD",DRY,FAILING TO YIELD RIGHT-OF-WAY,2.0,29.5,2.0,2.0
13bf7cda233fd19b4bfa43ad03e5f435420b919c68092ae9be8345bbc51b946958c432f9ef63fae4831a01082a5e6d4ebcc764671efdf3368a769bd5f7432cef,CLOUDY/OVERCAST,DAYLIGHT,WET,FOLLOWING TOO CLOSELY,2.0,65.0,2.0,2.0
13bf8e730b59cace9b70ffcb68e15562bda60a8841176a04c68701a276723657442357c892d88e945a57772c5462c938e8f1f481ced63662d259dc34c3e54f0e,CLEAR,"DARKNESS, LIGHTED ROAD",DRY,IMPROPER TURNING/NO SIGNAL,2.0,24.333333333333332,3.0,3.0
13bf93cf6024e6b02a4499f640e19c039bb3aaa4a968e29709879b47d9d868ae61d8d9307caf11aa986e2e53ccfba72aeed7d8f1d39008b99bef5ca0c812d28e,OTHER,"DARKNESS, LIGHTED ROAD",WET,FAILING TO YIELD RIGHT-OF-WAY,2.0,19.25,5.0,5.0
13bfc157e0b859ea1f92284872b3a6aac0b349289c1b3e3533c5fa8aa7fcffa9638f8ca9b64ff5e5f860bf7486da169f2bed9c065816d60ed049a03c2410000b,UNKNOWN,UNKNOWN,UNKNOWN,IMPROPER OVERTAKING/PASSING,2.0,35.666666666666664,3.0,3.0
13bfd025722fb816107429f27c34b6d5f600b43b8abe7b529a8c2b9ca1bfe64d9456e15519e098a4671f55802ffa31e1e2d5e5787d7775e324c15f10db0356e9,CLEAR,DAYLIGHT,DRY,IMPROPER BACKING,2.0,64.0,2.0,2.0
13bfd7216f5e69621aa820845fc322d58c570e8977e47418d6c7a1f2c7356cf3856846def6120f76783f8064ece6de1749ff4dcc4bbff9bef2bb18967fa07cac,CLEAR,DAYLIGHT,DRY,IMPROPER LANE USAGE,2.0,20.0,2.0,2.0
13bfe0060eb941f2cf181def0151851872740cb7ae64e3f0d2e69c8d4c98d1a46c0ad009fcefcbaaf606ca6ca0022a440be23f56a7057590ff193c879419a357,CLEAR,DAYLIGHT,DRY,FAILING TO YIELD RIGHT-OF-WAY,2.0,31.0,2.0,2.0
13c00102779217813dbcb281b0bed3070218fae3c9c1ef37ba0ea41b65251b84202b5254e9b0ab8d3909e7fb2f4043212cbc02d5e6ba11d6fbc5b066a12e7148,CLEAR,DAYLIGHT,DRY,IMPROPER OVERTAKING/PASSING,2.0,56.0,2.0,2.0
13c00c6b6fa9ccf8d2c117a3f49fe31ae6c46dd176bf0ec45bd4702505db48148f4db7b20303c53f915730820218982a24b80cc5d080b0ae31674e3ec0e8d744,CLEAR,DAYLIGHT,DRY,PHYSICAL CONDITION OF DRIVER,2.0,21.714285714285715,7.0,7.0
13c00da909773e4053a8e2d675e5fa8fb0e9a204eee95dafe849beb700787318a57b2fc4aa56915c0d29b48cc1d0fa290da4a0baa20300e1c1456fff448b6e17,CLEAR,DAYLIGHT,DRY,FAILING TO YIELD RIGHT-OF-WAY,2.0,30.0,2.0,2.0
13c028b1ea8d0b87da81a6e208c3eadd72e90b837181cb3ae4844aa05cd67b1945ff97e29c721934b1f15bae36d587d88e2c5e4fca418c0e94ea7d49905cc914,CLEAR,DAYLIGHT,DRY,IMPROPER LANE USAGE,1.0,46.0,2.0,2.0
13c05260292945be66fc1a6f112fa5bb531f9f2bbe483097050719f6b65c248b2cc20c45cd0c4dc9569c087fdf20e50bb1219fcbacbedcd337b3c42baf4730e3,CLOUDY/OVERCAST,"DARKNESS, LIGHTED ROAD",DRY,FAILING TO REDUCE SPEED TO AVOID CRASH,2.0,37.5,1.0,1.0
13c085f4d0f6236828edc190de8715683aa824889590720ad6b35924b497d3a2e15a084126f5f7af3ad7ff3ba8be685c7b7203002e01a36421e1c8fa9ac53aae,CLEAR,DAYLIGHT,WET,WEATHER,2.0,29.5,2.0,2.0
13c08dec61e4505a5def61ff9104e44360f9210faf2c518d1d14382a5ed3935bde9085da731e22f3f730e5cb2e06f4d95157b58dbfe4988874b68b6c239f7b76,SNOW,DAYLIGHT,UNKNOWN,FAILING TO YIELD RIGHT-OF-WAY,1.0,37.5,2.0,2.0
13c0d6301a25bec67cc2f159087285d77c972822e39b24e60cc72e7002789fe4515a20005b84ec0b04049a806e72e1393a1bacbcf303735e8aec3e78cbbf4f17,CLEAR,"DARKNESS, LIGHTED ROAD",DRY,"OPERATING VEHICLE IN ERRATIC, RECKLESS, CARELESS, NEGLIGENT OR AGGRESSIVE MANNER",2.0,25.0,2.0,2.0
13c0d7790a3568737d0c1cbb1b3778a01835db401462f2e550f2a7002d9c4e0afcbc406693704ce4d93da67f0e23dd24449fe7541c4fa24d30a634167f1f85ee,CLEAR,DAYLIGHT,DRY,FOLLOWING TOO CLOSELY,2.0,23.0,2.0,2.0
13c0e035a3a00c227ac92582c3e73856c8f8786b2f489489edc2b5bfec56143f168c30c8504045ad234d8f6629f8fd712120d15cc0901e30d5a3860a085f64ef,CLEAR,"DARKNESS, LIGHTED ROAD",DRY,FAILING TO REDUCE SPEED TO AVOID CRASH,2.0,41.0,2.0,2.0
13c0f1b79a00b668133c64df39f7802e9f893decbdc78d9a0d55a36d94cb2dd061a0dbfab39ec585adaeeb9758c3d7652ed8eff99a575431f4659045271320a4,CLEAR,"DARKNESS, LIGHTED ROAD",DRY,FOLLOWING TOO CLOSELY,3.0,41.5,3.0,3.0
13c126f3db90d46d5b5ab94ed87924c6420d3c515acb0faec1fd26c083ea2873c52d6faf85ff2aa50d3809dd4b01a1a765600169119110fd13672a9172a4fe67,CLEAR,DAYLIGHT,DRY,IMPROPER TURNING/NO SIGNAL,2.0,46.0,3.0,3.0
13c13153230413fe7c14a83abbdd7ef41ee3d5206e9a515fb85585288d2ec373bf21593b0e4a54449b7a6f670f297935c7e08bc0eb0aae6d9add405e5b08d50d,CLEAR,DAYLIGHT,DRY,DRIVING SKILLS/KNOWLEDGE/EXPERIENCE,1.0,19.0,1.0,1.0
13c134b0ef02234d8da19456ba17aab0e9ecf99850f2a022eac65c8e50dffcc9ac3ab00d546fc4a3086f0deaa1cb7ee4e74b1071d25ce4d42a0dd6d17c18383e,CLEAR,"DARKNESS, LIGHTED ROAD",WET,UNDER THE INFLUENCE OF ALCOHOL/DRUGS (USE WHEN ARREST IS EFFECTED),1.0,29.0,1.0,1.0
13c140522b77157143ce90d4ab58c562eb7653cb2af16aeb10923a93c9971bcd4ef2c28b13801482440ca7d9e50e0696956144fedb3a8f4d4b74e250ddf3fd73,CLEAR,"DARKNESS, LIGHTED ROAD",DRY,IMPROPER BACKING,2.0,37.5,1.0,1.0
13c1637cdf09698f241bd766e14d0923cc92253ff7a92810e3be082277ba6aaaf402d8664d91c9f6be7491ad56ab8ad25cda5e8972d7f362a1b08d2e4575f0a4,CLOUDY/OVERCAST,DAYLIGHT,WET,FAILING TO YIELD RIGHT-OF-WAY,2.0,12.25,5.0,5.0
13c168ed321a7c370dedcae2d2bbfeb29f884d274e78cae383b020e0031032b79c532f2f61e8c8ca0529cf362433ae95f65fd09d33c68df4ccf95aa74fa10f79,CLEAR,"DARKNESS, LIGHTED ROAD",DRY,FAILING TO YIELD RIGHT-OF-WAY,4.0,33.0,2.0,2.0
13c19ba2f4b95c1036a4d8ff97cd3c7115caa984025482ed6f4cfa8401cf47d09f5f45a069bd89effa74025e69204df3b342b4d9ed8ab46bf262d3624c57a7fe,CLOUDY/OVERCAST,DAYLIGHT,WET,IMPROPER TURNING/NO SIGNAL,2.0,28.2,5.0,5.0
13c1ab88ea9db4fd5dfdac7d6e98ef3f589c5135f7eedcb5d1dc9ca5304df516cb73be6b9141384de8291857c6836496a4bc8a39466423a3194eda98a8b23a00,CLEAR,"DARKNESS, LIGHTED ROAD",WET,IMPROPER TURNING/NO SIGNAL,2.0,21.25,4.0,4.0
13c21cc5b6dcd0b85396a33a705d7e0f0638dd7309e86a160ad4a3878b3d1c45133eb2acbc1b74f7da83f2b5c43c89177de4c1f13642818112c743efb43330c0,CLEAR,DAYLIGHT,DRY,IMPROPER TURNING/NO SIGNAL,2.0,21.5,4.0,4.0
13c23871ba0459452102da526c3617cc4cc120190df780c3bf055e860016203e4beb6ba53d838c3c4a2e02059287c89dcb2510bf8f91f749466cea4ea5b0e0a1,CLEAR,DAYLIGHT,DRY,EQUIPMENT - VEHICLE CONDITION,2.0,25.0,1.0,1.0
13c2405f172d33449eae9e46129747e8a92625babf06679797de178e8c116d36f389db9013074d6dd34f24718ddd3a97d631158464d171842aef86a48267fd00,SNOW,DARKNESS,ICE,WEATHER,2.0,34.5,4.0,4.0
13c274f90f849215cbc914e4cc9cafc4508628044a079971b860db0456a7bc7b54006e2ed4430cf3df961c115b88df702bccd838473f989527a844a535070000,CLEAR,DAYLIGHT,DRY,IMPROPER OVERTAKING/PASSING,2.0,34.5,2.0,2.0
13c2906544cb2f6fad54a08fc2ce51140e79e67fd6d7040fab538c011f77a461315b6d4a64241ef3130e96901b7b7fdf44b2c3d778d13a85f40a04c3f958eff6,CLEAR,"DARKNESS, LIGHTED ROAD",DRY,IMPROPER TURNING/NO SIGNAL,2.0,40.0,2.0,2.0
13c2c5d52e1c3fd4a2cdcc88b22d0629f501a53f63d1c6e2ebe5a8309b105c30d3c4071b76558400fb7445b354c39fde4c656dea6780d10f48a4137588b8a441,CLEAR,DAYLIGHT,WET,FOLLOWING TOO CLOSELY,4.0,39.75,4.0,4.0
13c2eff01e86d5742393baf29bbe52a7294f8bd6c0887b4f797984413594256d8dfe92f427a060b679ab5e35edea906e74d31c4e1f94902b6ef97cdbc6b24f62,CLOUDY/OVERCAST,"DARKNESS, LIGHTED ROAD",WET,"OPERATING VEHICLE IN ERRATIC, RECKLESS, CARELESS, NEGLIGENT OR AGGRESSIVE MANNER",2.0,36.5,2.0,2.0
13c30d722516be7de9ebfa2b1d682893ea8026f978da3b3af1235188e8cb9620bbcf2ed29b5b154bb09bce7b155d3006ab6fa2140ca136ba234cb560642309c6,CLEAR,DAYLIGHT,DRY,FAILING TO YIELD RIGHT-OF-WAY,2.0,50.5,3.0,3.0
13c3140763571d25e8a00fd25af2a24e8bedf2eea3c0b53d07b142a47533d569c00f5ce4d3e62e1d06a8815e34e9bf3f7556d88e21437ee96e873694141f15f3,RAIN,"DARKNESS, LIGHTED ROAD",WET,FOLLOWING TOO CLOSELY,2.0,27.333333333333332,3.0,3.0
13c35cf0c17cbf1e8538573c45e0c418c333b11e4691d979e0eb23d28972a42ef6c5729c21176bc140a56198f081df780f870ec92eef3b33725325e6815da123,CLEAR,DAYLIGHT,DRY,FOLLOWING TOO CLOSELY,2.0,37.5,2.0,2.0
13c369d89a83fc4b4a5376bbebe87a7b65eeda876d1d6c8f0d3cfc862271d570798a7ce4415e075c07cc99f2ef0a973b3ecf273712174a2f28a2591a6418c8b3,CLEAR,DAYLIGHT,DRY,ROAD ENGINEERING/SURFACE/MARKING DEFECTS,1.0,37.5,1.0,1.0
13c3743b54fc16bb92144284c7a0aee5c85e855b0408f982f9b494c57b2aa277aa96cd62272b1aaf59d966b4a3feabc0a143efe0c045f74168044209cd707b8f,CLEAR,DAYLIGHT,DRY,FOLLOWING TOO CLOSELY,2.0,70.0,2.0,2.0
13c3c09c23f0e3bac5dd5f439bb18ffa15a609e398e5a7b3c4cecd4976b1a27138b37b9a9b8b4ecde0435b08ef0b554d80db0f785e9d60e646d9125acbd24b45,CLEAR,DAYLIGHT,DRY,DRIVING SKILLS/KNOWLEDGE/EXPERIENCE,2.0,37.5,1.0,1.0
13c3c8e3f10ea33867c641d50f1acc1cdeceff9d32bfa48d089e9e3bc35deb17c3a4bbd8c72a8cc442d8b434f554695b4913b82691927f74855e20fbaf541d97,CLEAR,DAYLIGHT,DRY,DISREGARDING TRAFFIC SIGNALS,1.0,62.0,2.0,2.0
13c3d6b625b66bc82d01b78f99ed594b142d7af41ac0566370630bc856b6b2c44a943a11a847f7195c53a20dfdbc235864f5002cfa885f9882f254958f827032,CLEAR,DAYLIGHT,DRY,FAILING TO REDUCE SPEED TO AVOID CRASH,2.0,24.0,3.0,3.0
13c3ecdc7bcf7d16f1740d08d386e5f789f527325d138ce3feac28212495f9f429e0c3e77904cf71d0f3c4ba6252f05963c5bd634a952f3422ea3fa3a6346943,CLEAR,DAYLIGHT,DRY,FAILING TO YIELD RIGHT-OF-WAY,2.0,49.5,2.0,2.0
13c407899742cc66cb88dc135e3340dee16686e641ed35e644fd122f2e1879ef634735ac89904899ac5cf30e841f2bd492a16f048b97fbb0696df56d443c5644,CLEAR,DAYLIGHT,DRY,IMPROPER BACKING,4.0,32.0,1.0,1.0
13c41c420f33545f875f0efae97b171ad8472088af4a94fb4bea9801891be44174a86a26f07c31c872d6533388a88618343113852cfd6093ae1d767ace716546,SNOW,DAYLIGHT,SNOW OR SLUSH,WEATHER,2.0,37.5,1.0,1.0
13c43a991200be084ceba6478fba99f1050e825e0c6fd7d384d59838be23d3c223e13c6570a881af7fbaed8feac7795f11dc40f18c2bae77329d30f4b5afccd6,CLEAR,DAYLIGHT,DRY,FAILING TO REDUCE SPEED TO AVOID CRASH,2.0,67.5,2.0,2.0
13c43acf85e2d9e5312985737060f69744e474961046a9190522befd994af87635adcb820f33ac960ecb7130aeded2c090d724638037b0693f096d1bfeafb316,CLEAR,DARKNESS,DRY,FOLLOWING TOO CLOSELY,2.0,32.0,2.0,2.0
13c43adb4d7bf72828ee2b0b236ddad4753fb639693b2753d2319a3b640060f4910427cdb5ffb7de230ead51a5cbf46c395130040fd9c42d1251131197ae6eed,CLOUDY/OVERCAST,DAYLIGHT,WET,FAILING TO YIELD RIGHT-OF-WAY,2.0,53.666666666666664,3.0,3.0
13c447e88972b569f57ad60c432c7310d5401dd9f8c991c5afb0db84667c42e322b8d5588f760197ba912d87aee16b3c1ea8f7e9947c39b0765f2f9197a3b9dd,CLEAR,DAYLIGHT,DRY,IMPROPER OVERTAKING/PASSING,2.0,30.0,2.0,2.0