crash_record_id,weather_condition,lighting_condition,roadway_surface_cond,prim_contributory_cause,total_vehicles,avg_driver_age,total_people,total_injured
13c4aab15135407c540a13a928da98fd172b8e7a95ca24b015ecf94b170c306fff73b79a9551be9fd66af5e0d5a9f77ee24fd1e708f2bdc13a6c7e30f5b1349a,CLEAR,DAYLIGHT,DRY,DRIVING SKILLS/KNOWLEDGE/EXPERIENCE,2.0,35.0,2.0,2.0
13c4aba4f5b0fe839b8c07aeff084391d22519bb67bc496bfe8093dd1718a6669e2677eb18dcb091b47d39d12f4a342a61696254cb6dca9f57535712df1c3005,CLEAR,DAYLIGHT,DRY,FOLLOWING TOO CLOSELY,2.0,30.333333333333332,3.0,3.0
13c50d4c3fe35a683db4ff548933f0f766f7873c1f7fdbbdf7430633a3513f33567866d3a347039d6e11927c056feb533b1036a0581aa8cee0a0d9f3b6bbc73b,CLEAR,DAYLIGHT,DRY,FAILING TO YIELD RIGHT-OF-WAY,2.0,19.714285714285715,7.0,7.0
13c51164e226a70dbe5dad7dda33bf29e07d443aaaa7193ad571daee2f5957ab90fb9db19c14fff5c6999d918ac9c6348be1b462778f50bb256819362e728af0,CLEAR,DAYLIGHT,DRY,FAILING TO YIELD RIGHT-OF-WAY,2.0,46.333333333333336,3.0,3.0
13c53364445c9fe2ce9c1ab9ad0fcbde0b2533f01e42640a6d00c741b01614570da708f7102e97b9446714ee42070c7a13385b010f9cc22af8c068a016a6c6a2,RAIN,DAYLIGHT,WET,FOLLOWING TOO CLOSELY,2.0,24.0,4.0,4.0
13c53574e595d98e029dfb4bd850e34477870216c8cd1c2b7543a54f434da8e519a689c9c2bd0c01a383c22c099c8eed0562d7bd801be4abf73e1923145aa594,CLEAR,DAYLIGHT,DRY,IMPROPER OVERTAKING/PASSING,2.0,44.666666666666664,3.0,3.0
13c5385980450eef1437b32720d487cd4ac984cb8b056761be12fad9e67e6b350850889b3eeb332360f40479ce621ec5830d50f9418346b093959505e1537d03,CLOUDY/OVERCAST,DAYLIGHT,DRY,FAILING TO YIELD RIGHT-OF-WAY,4.0,33.0,7.0,7.0
13c54aec44eedb2a49491cd1aba7fc07e0ea4496057ac34a41bf2e0c23b6c5ab5e7c75968e4e1ebde69564d148e65067c06f7433906ad244b9c2f7f612a31798,CLEAR,DAYLIGHT,UNKNOWN,IMPROPER BACKING,2.0,59.0,2.0,2.0
13c58012ce55085aa67a1c8ce1341cdf1c9b2b7fa63d6cc324ab097c72d55b2485078e58b1432f9a3313dec11bb8786beb49ff425d2a82f10b35abff7d637e3f,RAIN,DUSK,WET,FAILING TO YIELD RIGHT-OF-WAY,2.0,20.0,3.0,3.0
13c595edab2182d769fae3f9d56adbf7b795b5842267a9506d4ed96df33b37c7383167b4fec69af6a6b71e52b7900d44fc6a5c299d5a911336712ef15d753cac,UNKNOWN,"DARKNESS, LIGHTED ROAD",UNKNOWN,DRIVING SKILLS/KNOWLEDGE/EXPERIENCE,2.0,27.0,3.0,3.0
13c5a0f243359b4660a3bd25d7e5383d7dac37c778e63828e8346f85823d0727b83833b4f4f6813f7bd498ab460eb60288bb3c064306a0797dd6f5f0288ee459,CLEAR,DAYLIGHT,DRY,DRIVING SKILLS/KNOWLEDGE/EXPERIENCE,2.0,37.5,1.0,1.0
13c5ad3eb076eea700f961bc91cb4a73570e8eb55cd32f1066b1c493f04647552dd8237b1db0842a098046688d06130ffe1a71bbacb3d979bc66079d9ba3ba28,CLEAR,DAYLIGHT,UNKNOWN,DRIVING SKILLS/KNOWLEDGE/EXPERIENCE,2.0,51.0,2.0,2.0
13c5c1da533315dad751cd62cbd2aa0e325bb9cdf1022ef1efe520dc0fc993e492082fd37e1cfdf6c63dd460d36c05fdd9988067b06aa04647dbc26abb230c07,CLEAR,"DARKNESS, LIGHTED ROAD",DRY,IMPROPER OVERTAKING/PASSING,2.0,51.0,2.0,2.0
13c5cfcb916e4a2a21bfce822da4c667ce8f9073bd854e3bae4944d2fff9ed32f392f0bdc88800d4a0254132ce16d324304f5247eac52560b9d86d1056a8a494,CLEAR,DAYLIGHT,DRY,"EVASIVE ACTION DUE TO ANIMAL, OBJECT, NONMOTORIST",2.0,49.0,3.0,3.0
13c5dd21e7120a8a3bfd6050d5b90a6465c81fd01688f84b761525e5fb7ac71e5157276a028ee3f1efc80504b61320d02f54386e4756318491111c0f30e3fce7,CLEAR,DAYLIGHT,DRY,FOLLOWING TOO CLOSELY,2.0,28.5,2.0,2.0
13c5f1fcce4ede3b2181f5653e0ef97b63a8852de75c7800d310885fd3820746d9116508589a7832e00a4751fe5819478e4aabcc66b45c79ca05ec2d57bce801,CLEAR,DAYLIGHT,DRY,FAILING TO YIELD RIGHT-OF-WAY,2.0,39.0,2.0,2.0
13c601b5d94d2acc239e0fbef043ed572cc624bd25f9643a75c35dbc6671b524bd580f7f8e3d8f74018f6b9d7c2b48914d076f08792e5992abca27e7435db467,CLEAR,DAYLIGHT,DRY,IMPROPER LANE USAGE,2.0,59.0,2.0,2.0
13c620726dfa405313a6e0f6b0e326a6468a5cc4f401559b8e5ab9eea512c4cebc61644b7b5451e5d193c6e80bc4e36afbff7d78b6b0aaa26aef6070c1ac0b3b,CLEAR,DAYLIGHT,DRY,FOLLOWING TOO CLOSELY,2.0,28.0,2.0,2.0
13c6331876d54584263ac05b7a261f5cb7fd8dae34512dbdc781dd663e45a196f7513cb49eca239f13e6a9c5c33ca2ae3f19d641702916b19995d0954a7264d6,UNKNOWN,UNKNOWN,UNKNOWN,IMPROPER BACKING,2.0,64.0,1.0,1.0
13c63b04fa51279943e7de5bca10b75800df2a941752c111b183d01df660600ae45365c2a3e4e3057e1998d6ff6337465b518bc0b29b5b3233e3f6606e24a5f0,CLEAR,"DARKNESS, LIGHTED ROAD",DRY,IMPROPER BACKING,2.0,24.0,2.0,2.0
13c643160ffb9888639fd581cabf2ccd3ef20210e6cfcef9b456e832b5ab95de89df43b91dc19feb45116f6c5fd393615a203fd1baf5d5feacc33a14538b8887,CLEAR,"DARKNESS, LIGHTED ROAD",DRY,DISREGARDING TRAFFIC SIGNALS,2.0,36.0,2.0,2.0
13c64480828c51025dce4d14537410e820df456aeb68f4db4f1cb30a48c05b221329b7d0bdae31e609e664c7ffc3b006acb7cc48586bf3a9ad526195addad842,CLEAR,DAYLIGHT,DRY,IMPROPER TURNING/NO SIGNAL,2.0,47.0,3.0,3.0
13c67befbdf0cfc5304fac14c0ef93415a0bf4e220451a8b35982a8105e49479e0adc3c8e5ac67872c89e99631179f2de89f9218e13b451913ca630636446a7b,CLEAR,"DARKNESS, LIGHTED ROAD",DRY,DRIVING ON WRONG SIDE/WRONG WAY,2.0,59.0,2.0,2.0
13c685e07d476a1c34a418e0aabf9549ce0d0b4f6ce0875cbc329333ff8b7c864239191a09c4155d0052686f96e6c2ef7bdd3eed85fea36d42883add515efb8d,CLEAR,DAYLIGHT,DRY,IMPROPER TURNING/NO SIGNAL,2.0,36.0,2.0,2.0
13c691ad208a8989a44689f9eee5e025f2fcddb7dc21e6f0d8ed8a448c1d270cac5b8f06ad3f577ce853ca120aa128098631fe8b6cfe4d74ebf7121503b8b6e3,RAIN,DAYLIGHT,WET,IMPROPER OVERTAKING/PASSING,2.0,24.0,2.0,2.0
13c692fadfddf676ae2bd7ce6c22363ff641c18dc4503b929e64ba8309a79bf747ea86f5ad2e29b05c9f7f1c5669553e01a6622ee7e3fa6ea64103e5bd5ac41d,CLEAR,DAYLIGHT,DRY,FOLLOWING TOO CLOSELY,2.0,50.0,2.0,2.0
13c6ce162a582dfea95a29289b29d4e6c60f5c7b9db91e7c5769017d68c5066bf12617834cb1c0e4a2a7d47f232f64f42806bc2a1b303687c118559dfd22e89a,CLOUDY/OVERCAST,DAYLIGHT,DRY,IMPROPER LANE USAGE,2.0,53.5,2.0,2.0
13c726ca1691c9f2bb4874eaedee1ec1cb270a0798345c9a612e8c72ae66493dc82d41058838414ffaa897240f22ffab8e57576f6d85391ed2cea967c1fa9bb7,CLEAR,"DARKNESS, LIGHTED ROAD",DRY,FAILING TO YIELD RIGHT-OF-WAY,2.0,26.0,2.0,2.0
13c73e7012f6d682596f3be451df08ac1e65a10d8aff85c6782cbebc6f59483494cd3f2c808c7ed85ecda891b319624fd8c7bf8d99b72a0717f52fea4dc16829,SNOW,"DARKNESS, LIGHTED ROAD",SNOW OR SLUSH,FAILING TO REDUCE SPEED TO AVOID CRASH,1.0,37.5,1.0,1.0
13c7a33917a6e4a3626e31be46391dbfa08fd5c73408136bf0f814c4a8091574bc1f5b531bc95ebd55b9cb1fc4d49ac826d8c20e5743c9bc6a964711b1842873,CLEAR,DUSK,DRY,FAILING TO YIELD RIGHT-OF-WAY,2.0,51.0,2.0,2.0
13c7d32d061f248e9b2681d804d5bdb18a6379c5492b637cb9ec74c297446163083bc3157db06e11880ddb0ad56dbde38450d132671a047a98bb0de9cd1c68d4,CLEAR,"DARKNESS, LIGHTED ROAD",DRY,FAILING TO YIELD RIGHT-OF-WAY,2.0,40.5,2.0,2.0
13c7d51ca1c9e811519349257443f921b757cd054163edb99ac0ff255f722d37e2028de627e324e5d4a8459e567487fcd53e747e95fc28228335f438c9ed33ab,CLEAR,DAYLIGHT,DRY,FOLLOWING TOO CLOSELY,2.0,39.0,6.0,6.0
13c7da86fec48ae7e3f261bc45fa06f3479ba08c74cad827c6c7fcac0b67a8a7091a6618eb2cfa513c2266ef30c20fef674de9837ec67040df1b4e9dff9f91ad,CLEAR,DAYLIGHT,DRY,DRIVING SKILLS/KNOWLEDGE/EXPERIENCE,2.0,37.5,1.0,1.0
13c7f384b4d2e1d9b362289b03bb8baaa5d3da513552461691ab6b9c93bb600812f1f42ac93bcb9274d0a3bb99d27fae8ed9faa9c6076d2e12f3b37889f5b27c,RAIN,DAYLIGHT,WET,FOLLOWING TOO CLOSELY,2.0,40.0,2.0,2.0
13c845a8aaa9e820fd977bd7179d6f470f411f5d5367f48427c8f082a6bb6f4ddf1408280dd6f7ac6b2666a37337fc1c7b039c2d820b0c58e5cbe48a01ad7512,CLEAR,DAYLIGHT,DRY,DISREGARDING ROAD MARKINGS,2.0,60.0,2.0,2.0
13c84662784105c4d1778a1ea34f65061f787f08f46f4e50cd36ed828d66d6d96258ca55e7da8c7d4afa209cb102aad1db7a0129727cd6fba243b03b4ccf7ed8,CLEAR,DAYLIGHT,DRY,FOLLOWING TOO CLOSELY,3.0,24.666666666666668,3.0,3.0
13c86e8cb8340fd58012e8e2d3990c6fe406e05338c64832228f2dd032982c6e31c6ddb80c978dabe6a18e71e6c47526f163e2be2a06d6b56fcc3d6ab9f33943,CLEAR,DAYLIGHT,DRY,IMPROPER BACKING,2.0,53.0,1.0,1.0
13c87846fc86f5e2f354faf6c17fc4806ff2e79730936a41b5eb9c172611756ce8fb4b8433f805a2ce5d3b79cc8166a5bb317f71638956b4676a707f340e395f,CLEAR,"DARKNESS, LIGHTED ROAD",DRY,IMPROPER OVERTAKING/PASSING,2.0,48.0,2.0,2.0
13c8d658583171844432d7c7750ebe6afe467358e24c5298bdc4d2174c02aa974e1b5045a97a99b5dcfd24f038b39463a3caafd3dc55362cd5466914ead84007,CLEAR,"DARKNESS, LIGHTED ROAD",DRY,IMPROPER OVERTAKING/PASSING,2.0,53.0,2.0,2.0
13c8dc6fde8117f7cb27dbfe35522cc515e0a16594cd66335814d3e349f175acbc021bd9eee14549475449138f17746f1a5de9487b49107ee695f5f1fd3b09b8,CLEAR,DAYLIGHT,DRY,IMPROPER LANE USAGE,2.0,54.0,3.0,3.0
13c8e4ed56673eac3727bcb838eceea00495ccb674c4bcce3bb567dec07c5a05752ec5c9d655ba4aebfe8aca7ad767f6958f848a0986975cec2e2fd5ce5da95f,CLEAR,DAYLIGHT,DRY,DRIVING SKILLS/KNOWLEDGE/EXPERIENCE,2.0,38.0,1.0,1.0
13c90fa3de53e5faa2fd069ec1498a11de583027bc5a85161620f11e90792a31fde2f14325156944a25d520646a44954a82079a6e50394e8883c124c031f8a6f,CLEAR,DAYLIGHT,DRY,DISREGARDING STOP SIGN,2.0,36.0,3.0,3.0
13c942dab3cc6b2c8bab8ab4ced4fcbf6f99612183a7803da0778d7977672466b985128c3cc8978968ccf2ae079fc303bc958f83da1245ba717484d928358f54,CLEAR,DAYLIGHT,WET,FAILING TO REDUCE SPEED TO AVOID CRASH,1.0,49.0,2.0,2.0
13c95d73603fe89847081be40cb52f0bcd9ed2a99ae377bad962148c73a6be6f1fb2813e3dedf0bd9b5e234dafd7d40fec99206eecd26aa4193835de6aebab99,CLEAR,DAYLIGHT,DRY,FAILING TO REDUCE SPEED TO AVOID CRASH,2.0,44.333333333333336,3.0,3.0
13c96d8e59c0dfaaca7355dce324dbc040d3f069e5d8ae02a3900178eea1483d23c633ffa7f1a6d715988af05e07c5a32ed3b967a0e5e3f6bf10faba074e17bf,CLEAR,DAYLIGHT,DRY,FAILING TO YIELD RIGHT-OF-WAY,2.0,42.0,2.0,2.0
13c988d2c8c0cdc8a002f8a5291f5fcf3a6b472372eb1b53a26f096c4f2be143a8501a365460ba5c0ce6bd69adcce472a20e4ba97d6dce39bc0c05b9d9de8802,CLEAR,"DARKNESS, LIGHTED ROAD",DRY,IMPROPER OVERTAKING/PASSING,2.0,38.0,3.0,3.0
13c9a5c243f13af12fa56e472000b0b7b7cdfc2125edfeb34fc6dfc41fb7672163c40547725947f17ebdf3018d6aed3caf31227691cab6c397bf331ba06db351,CLEAR,DAYLIGHT,DRY,FOLLOWING TOO CLOSELY,2.0,58.0,4.0,4.0
13c9a5e0c398e56bf25a263d70cc3dd74e8c97f9cc1015bce5049b9edb85b331a43fc1fee4a9aec22d16b5c0bcf2feb3fa586108f027ff0003166e05e03ed147,CLEAR,DAYLIGHT,DRY,IMPROPER BACKING,2.0,59.5,3.0,3.0
13c9bbb98129e12c0eb70adc81d53c623bad4136335aa1f95d845fe019c3c8a373a2dc9934fde8af02bfe0508cafe1931a630552e9121c58523d4cbb7c53d0b9,CLEAR,DAYLIGHT,DRY,FAILING TO YIELD RIGHT-OF-WAY,2.0,69.5,3.0,3.0
13c9c64c344b3fc54a731ab122d62a72899de51414ff2c64d4902840914089d49401736331a5c02f7269727551b928d9a89a09d69078361553268da6de81bd33,CLOUDY/OVERCAST,DAYLIGHT,DRY,IMPROPER TURNING/NO SIGNAL,2.0,29.0,2.0,2.0
13c9c6e776fd90ebd1952abcfbfeaf1a454569a70c522f8a9979d8b024b1fbab3d6122edd4521c53f38994dac849aff5d06104640e302359b628ddd95e0fb218,CLEAR,"DARKNESS, LIGHTED ROAD",OTHER,FOLLOWING TOO CLOSELY,2.0,26.5,2.0,2.0
13c9ec0c2691f165ba8444af28bf29566dad3f67ed1f87da6ee43b011e9bc4a5878f71060fadea1ac2af256663fccacf5cba21e7660dcc3775ee8150138945f9,CLEAR,DAYLIGHT,DRY,FAILING TO YIELD RIGHT-OF-WAY,2.0,53.5,2.0,2.0
13ca031f095d335b62c6b9153076e5c4aa1e36b49a5a81109d1d4e8ee78648772a2f9a6c109b5f0d0819666c63d22a0d9dc5e90e507e41acbed8329c380d4bad,CLEAR,DAYLIGHT,DRY,IMPROPER TURNING/NO SIGNAL,2.0,39.5,2.0,2.0
13ca3a246914589fd37164b03165949427b878a35b2dbfa13a8a1d58f5922165e203d558c2f1b307313263c3a014d85551e6339e675135e9acb19667ffb67ed7,CLEAR,DAYLIGHT,DRY,FAILING TO YIELD RIGHT-OF-WAY,2.0,22.0,3.0,3.0
13ca70748f99e08c84d9aa0c5782f94c426e712f93a86c0150449853308c3d9f9b06eedf841b36df835aa9259245933cfcef31774ab102367b5ef708370d33a7,CLEAR,DAYLIGHT,DRY,FOLLOWING TOO CLOSELY,2.0,55.0,2.0,2.0
13ca90cd051bec268a475cba5ba71f4fc48b09fc596c382c85733c503f65df4adea06684c55b0200c073c52e4ceb1ddfbbf8b4d495db4ea962d68d0aeed9a0fa,CLEAR,"DARKNESS, LIGHTED ROAD",DRY,IMPROPER BACKING,2.0,79.0,1.0,1.0
13ca9d31302b138b0bd4af9b8bfe6a1168c4844b60673d76bf28aed1be82f14395e116c0d73f4ea6f19d993001b0c2ccb564fad7d9bafb3a96aa0658fbad25fc,CLEAR,DAYLIGHT,DRY,FOLLOWING TOO CLOSELY,2.0,37.5,1.0,1.0
13cac072073bd2f828a16fe2c90490153b3a2d7a63eceeb8575ee37b07709e52b4038d57b72bb58c7582b95f1502d36c0013ce170e01bb8ace716fc19e4bb4f4,OTHER,DAYLIGHT,WET,WEATHER,3.0,35.0,3.0,3.0
13caf71b94f9f4e29150f894fd931e9d5169e2781080651d60fd34e1f4bf22cd3f81badcf0632f139c5e68c65742b5ef1c747fcd2c7c686127872faa47d0e6a9,CLEAR,DAYLIGHT,DRY,FAILING TO REDUCE SPEED TO AVOID CRASH,2.0,41.0,2.0,2.0
13cb02fcaef802c3582bbb0da8c31f46e5c4eefa5926b2a029229bc3d70f8c985cdfcfe89796903ce61609c78dc8e46a5b849da4778157563bd4ed53d3017dde,CLEAR,"DARKNESS, LIGHTED ROAD",DRY,DISREGARDING OTHER TRAFFIC SIGNS,2.0,43.5,2.0,2.0
13cb419d69df44f5c04f9868d6870e8c94595b95e546d8576909fa09a418cf132a77bc8f561750ec83a8f29a940fa315bd257683e87a04d72c20bb3907da3f7d,CLEAR,DAYLIGHT,DRY,IMPROPER TURNING/NO SIGNAL,2.0,70.5,3.0,3.0
13cb58548b3314c1a1d4624875dbdb4458d7706d30e52a2d183e2560a0134278fa72583358a8446c23f2c8952de6162b230fefb7f0081ee9bc07d4a410dbcb56,CLEAR,DAYLIGHT,DRY,FAILING TO YIELD RIGHT-OF-WAY,2.0,37.5,2.0,2.0
13cb73fce1997677cf91db7d2800a49117a1b1bc8d11053fcb0165f510f5c4a445c3824d084e1276bf8e6e110913ad5f329ab4c4d3ef2adf9561f4353c96ea3c,RAIN,DAYLIGHT,WET,FAILING TO YIELD RIGHT-OF-WAY,4.0,32.333333333333336,3.0,3.0
13cb77d8669c0ad9cbca3dc4d46efb62fd41135d834dfd3b7e21f8eaa14863a3f0bbee6bb9847aa81db642067e4d0b6ae7d7f18b8ebcdc712a69590140281a12,CLEAR,DAYLIGHT,DRY,IMPROPER OVERTAKING/PASSING,2.0,40.5,3.0,3.0
13cb7930c61e862b09cfbd3127bdcbf1ce0099dd40bcf2310fdd7b1cfc397d6e686a740aa9c029f1faa39560d4005c8839d2f9916e574ed13a705b05ede4a203,CLOUDY/OVERCAST,DUSK,DRY,IMPROPER TURNING/NO SIGNAL,2.0,75.0,2.0,2.0
13cb7fd575dfa5fd36fd309d47554cdf57e5285be3dfe3529b1c7633999df57a19fd129643a7048b6ac0a2fac98692d67c2d0a91697450982ad3f97cced71eb6,CLEAR,DAYLIGHT,DRY,IMPROPER BACKING,2.0,57.0,3.0,3.0
13cb9bf3573e1d778031354e2eb80bd64056c0d3bcbe3a212d7be03970bedf32e73c76c0c662f15632feb8b705fffc53ace7721c2bd7e0e51879f8d53b62fff1,CLEAR,DAYLIGHT,DRY,DISTRACTION - FROM INSIDE VEHICLE,2.0,26.0,1.0,1.0
13cbb8a90a7f96f332b2f36b9b75e027f01de6b47e80298461d71463bbb2394161267546acabde5b20bbb137641639170cc67368a7c40f5109acba8c494f2999,CLEAR,"DARKNESS, LIGHTED ROAD",DRY,FOLLOWING TOO CLOSELY,3.0,54.0,3.0,3.0
13cbbbb298de1821f398c7180b37f8e2e3f141618df456dabd53b5835897fa7645c0447ad4625b7700e573fa5fd891367aa311c8c670749317a08340a68f3539,CLEAR,DAYLIGHT,DRY,FAILING TO YIELD RIGHT-OF-WAY,2.0,30.666666666666668,3.0,3.0
13cbc5946bd3d5724329afa294e80851bde3bbb6128e3cab5d3b6b23327861463b12c4f5ae88b4fe669fa0552d17ee9077026eef32fb05f57b725c9786cfeeb1,CLEAR,DARKNESS,DRY,DISTRACTION - FROM OUTSIDE VEHICLE,1.0,51.0,1.0,1.0
13cbd662a9ce193fc08492d2bec667cad001214b529ac5412fe32d14834d922ea62223420ff4ad40a937c343e2e307c92b62271aa05336c2dc33a2e31576f372,CLEAR,DAYLIGHT,DRY,DRIVING SKILLS/KNOWLEDGE/EXPERIENCE,2.0,21.0,1.0,1.0
13cbe945a491ecbb7428d663c36d8b5113c42be2db3800ab76dde4de50fc3475cf3f22d58b82b1b6a8bd573b3087867a6e2d4aad05fb4652ca670e745329cda7,CLOUDY/OVERCAST,DAYLIGHT,DRY,FOLLOWING TOO CLOSELY,2.0,31.5,2.0,2.0
13cbfe754a2d4ea2c30e5d665f3dea87961e05fda9e2a275130af13e10f9845a97cee2f7750d070720ad31a1af73f58f8caa233520fccfafc8b8edf178fe9d24,CLEAR,DAYLIGHT,DRY,FAILING TO YIELD RIGHT-OF-WAY,2.0,39.0,2.0,2.0
13cc0c1d1034077db8bea0dbec469383d1841cfdbc5264e56612ce2f975c04d7c31f470681657b4c3cd7e8e5b67a16227483f45be9e1b095b773e5ffeaba99d7,BLOWING SNOW,DAYLIGHT,WET,FOLLOWING TOO CLOSELY,2.0,53.0,2.0,2.0
13cc1fe27544c93484114d51146ba198f3f2b9b5ece795ef800482d54839bbe20d2a291615b1339753322e33fee4aa1d48ea9dfba021c426a649f2b054a9a33c,CLEAR,DAYLIGHT,DRY,FOLLOWING TOO CLOSELY,2.0,46.5,2.0,2.0
13cc2daff8a54897afd659faf6dc8bc484be8fe579e85855dbe972c6a376a9287b81d10e055fee10dc8fc48e08e864ae3ec8016ba4072b5bdbab316062748499,CLEAR,DAYLIGHT,DRY,FAILING TO REDUCE SPEED TO AVOID CRASH,2.0,39.333333333333336,3.0,3.0
13cc3395a05e049117e0011093f23a461058411e05ae34cbbcfa8ded0a9eb5382e32eb7a55ad4a6810beb6e1a54bdadff790dda8810b08609f70a5a63bb19f7f,CLEAR,DAYLIGHT,DRY,IMPROPER BACKING,1.0,79.0,1.0,1.0
13cc38e555106f6b846f964fc55627935b4b7fca26157f061fc752044097b211739b411b52fec078fb79972a63e3b50f5c6dcf2baac3a8dd1050abcb3f67716e,CLEAR,DAYLIGHT,DRY,DISTRACTION - FROM INSIDE VEHICLE,2.0,25.4,5.0,5.0
13cc4d7de03b3fe6fdf66d510ae23a6ca8ec40e18315286515bf40a15765086349cc052168013e672cc2164685d10f2583687d26fb7440fe16f0d711508243d3,CLEAR,"DARKNESS, LIGHTED ROAD",DRY,DISREGARDING TRAFFIC SIGNALS,2.0,29.0,8.0,8.0
13cc7d3e8600e810ef4b136d658dc8e3a4686527c6b6d344bc5ac011f251ae7a57629a876c85612fde735381439b98120cb4ee138a0cc482560e5ed27a3ff20f,SNOW,"DARKNESS, LIGHTED ROAD",WET,"OPERATING VEHICLE IN ERRATIC, RECKLESS, CARELESS, NEGLIGENT OR AGGRESSIVE MANNER",1.0,8.0,2.0,2.0
13cc9431cb94c94c4611e1f74604a50ee67f0612900257146033a746267e5f61bf68341ac53d6f29c5213c04e8d8a964e131060ccd1c4676b59197788ac532fd,CLEAR,DAWN,DRY,FOLLOWING TOO CLOSELY,2.0,16.5,4.0,4.0
13ccc5af5c408621768baf902523cabfc1f46207e8d2d079587848d87a03708af34f19ea26158d930a7fa113aebdd5470ff94403dbb483e500b29b4d29f383f2,CLEAR,DAYLIGHT,DRY,FAILING TO REDUCE SPEED TO AVOID CRASH,2.0,75.0,2.0,2.0
13ccd8780f3fd2d9b3eb92eca37e2a63e41a376d0b61eabb6cb79fbf77f31059320699faf9cc2b8b2c41984cedc6ba27a9cc166252be0e5d205f17a4bfd062d7,CLEAR,DAYLIGHT,DRY,FOLLOWING TOO CLOSELY,2.0,46.0,2.0,2.0
13ccdc3499941445b966be8331db51be609f8a0d0e8c572d7aa84f5c92f7207f671a44fe67ec0c1d54e3de4d080557063d93493d54d1066a741b643be5e66835,CLEAR,DAYLIGHT,DRY,FAILING TO YIELD RIGHT-OF-WAY,2.0,43.5,2.0,2.0
13cce2d36a54fb181d5c250c7c149235297e5da0ee9f9e18ad5a9bf34fdad2769c5899b1d5b760373f161b192f20f36ecf45fed257a99205b1c957e2df78f973,CLEAR,DAYLIGHT,DRY,IMPROPER LANE USAGE,2.0,28.5,2.0,2.0
13cce7f52911879bc18097fde588b2b67c5114f65d264977a6421b354d023e06d430de50119ee4214addc4164a17540f165e6a531f5fd9318007db286c85f682,RAIN,"DARKNESS, LIGHTED ROAD",WET,IMPROPER TURNING/NO SIGNAL,2.0,31.666666666666668,5.0,5.0
13cd151d24f3566ee3ddde48d533f5cc1750510b9c3b61d641a1ddcd10f3644b89cbedd99f81687505eecab1687fc60e6393abe598f4111ab7529043caf2e34b,SNOW,DAYLIGHT,WET,FAILING TO REDUCE SPEED TO AVOID CRASH,3.0,25.0,1.0,1.0
13cd2ace3f38fcab782c64e79b196d3acbcab7382069a91ae28ba6f064668f8e8f1ea31f24f40cdd93a7dfc53f689e396502401f2f653e9711bf4ba11decfcd6,CLEAR,DAYLIGHT,DRY,FOLLOWING TOO CLOSELY,2.0,53.5,2.0,2.0
13cd31b921fb55b60e2f0c64cb7d5e4eecbee3aa40cde9b632b908ad8b3d7787d1ffa04429d99343055ef84304ec5c042d7b46097bdc94c75050340ca7606c75,CLEAR,"DARKNESS, LIGHTED ROAD",DRY,ROAD CONSTRUCTION/MAINTENANCE,1.0,50.0,1.0,1.0
13cd60d324624c4aed80abc8eaab1018d5ffd4ea7bdbbec9d5bf8c3dd7958f0ec73d841158a1f1efce8cf37f377ac2d27c430d81ffdae0498ee9cd1c5590e4ff,CLEAR,DAYLIGHT,DRY,FAILING TO YIELD RIGHT-OF-WAY,1.0,18.0,2.0,2.0
13cd857629c4f679ab353bbe7caeb37e8db7fefc3f07b68b3da9fa8e1ffe58fd24f84d41afbaec090a1773e35cb6524dacbb7eae7814644c68b38dfc34418b95,CLEAR,"DARKNESS, LIGHTED ROAD",DRY,IMPROPER LANE USAGE,2.0,37.5,1.0,1.0
13cda8978c44ca8ca04f185c3300675afbf4d712f5a6d6c6ace62a995d6e0832cc827b60bd8f460c34c6ca97c8bfe3949aeb41b4cfadc4a2b1b378f83642c46a,CLEAR,DAYLIGHT,DRY,FOLLOWING TOO CLOSELY,2.0,34.5,5.0,5.0
13cde0ef016dd3fc425a2dead36e707f5850dd8ed9fcf5aa23f505d9cda646f02f9b2e6d12c79844acc4119f6b078b0640d3bacb6028cd0542cef2af059f360a,CLEAR,"DARKNESS, LIGHTED ROAD",DRY,FAILING TO YIELD RIGHT-OF-WAY,2.0,38.0,3.0,3.0
13cde13a12df5c0a9a69cd2869f192c1fad9ccd9b39e313dcf9b2b8f21cc7a26a0eef66bb63862e12d46552cb5668cc7a069fe60f1d919bbef2a0892c0fcccd2,CLEAR,"DARKNESS, LIGHTED ROAD",DRY,UNDER THE INFLUENCE OF ALCOHOL/DRUGS (USE WHEN ARREST IS EFFECTED),3.0,27.0,1.0,1.0
13cde858ffb1b5e1dcc5241fc5580487b8a25de36f90fd56d0727fa2ae0502bcbff8768dedd3c66ee26ac4b99393cd014117e6a4e5e027d3bd5bb7f3af43604a,RAIN,DUSK,WET,EXCEEDING SAFE SPEED FOR CONDITIONS,2.0,16.0,2.0,2.0
13cdf42bd61158e5441503ff887200e622cc3f86352a030cdca4048c1473ea3acc30fc62311cd66a925423cfc4b3974e274dfe4237397453790d22dffd5169f2,CLEAR,DAYLIGHT,DRY,FAILING TO YIELD RIGHT-OF-WAY,2.0,41.0,1.0,1.0
13ce055c5163ae6ab776fcc903fbc29adba51f5cbf1d701457ee7b883f70b4987ac9083658fd98a6831bd1a6baabd101bbb0506703d4af23fca30a6f92fc4276,CLEAR,DAYLIGHT,DRY,IMPROPER BACKING,3.0,25.333333333333332,3.0,3.0