crash_record_id,weather_condition,lighting_condition,roadway_surface_cond,prim_contributory_cause,total_vehicles,avg_driver_age,total_people,total_injured
13ce175b71aff83b6a4acd89ced36882a3e599290a5d4bd68833ffd4b48c797d03417388cb4b3b231e3e543978506789a31543f1a5c9394df317cc24cec1ae5e,RAIN,"DARKNESS, LIGHTED ROAD",WET,FOLLOWING TOO CLOSELY,2.0,42.5,2.0,2.0
13ce3c877f9827979a4dcb61248d2ec38f8a27e37e495a3f1e5cf78f93aae3b99e3bdd5e76a343b24d12cb12825d31b9ca7f4daa30eb3f0930a0528cd0b7031b,CLEAR,DAYLIGHT,DRY,FAILING TO YIELD RIGHT-OF-WAY,2.0,43.0,4.0,4.0
13ce46b3a450b34a4142254a7ccf6a76d03903cb908f0be112d6b41f6e4a25b064fd54f419e0d66ad2378e4dffbbb6e61df3f734c04ecd2cc98160a2d82b8e9a,CLEAR,"DARKNESS, LIGHTED ROAD",DRY,DISREGARDING TRAFFIC SIGNALS,2.0,20.0,3.0,3.0
13ce51690679f2c98b7ddd3bda9fd9e1d15a3545767e6ddffeab3ea29e3fe7a0d6b3444f61f3a135ee423d225da810aebe95132034a988393f9fd85df3725ba9,CLEAR,"DARKNESS, LIGHTED ROAD",DRY,DISREGARDING TRAFFIC SIGNALS,2.0,23.5,4.0,4.0
13ce878c0daa1df067ecaad2be8d64e2a34a9b2255f47f1c62506b2b30b48313415a5fd386232f571ce7fbc5ee14364b0ca4725c4cd1df801365f5cff67dd679,CLEAR,DAYLIGHT,DRY,IMPROPER TURNING/NO SIGNAL,2.0,28.5,2.0,2.0
13ce8a0e478c1034cf17491990580b945c83235d93138290b61f3839cde39f7b754a3dc700ac6239007d5b5526699a3e42d6c1fa1c4f1364e77620256a9f6c07,CLEAR,DUSK,DRY,FOLLOWING TOO CLOSELY,2.0,37.5,2.0,2.0
13cf1ccb069244815f0f1d1cf84bbb0a1b56d2257ec4f8bb88ffae6dad4d52ceea10878931ac2732b94ede8c66aab7c1f8936ba13bcc61b9e6368110c235b12b,RAIN,DAYLIGHT,WET,DRIVING SKILLS/KNOWLEDGE/EXPERIENCE,2.0,46.5,2.0,2.0
13cf2dd227572074fb6d443135db8a3c988afeef23e91d07a3a28ae109e7ad3726f1784e740c53054ec097780d8d01b10cddd3194b33892bf513a8741655f14d,CLEAR,DAYLIGHT,DRY,DISREGARDING TRAFFIC SIGNALS,2.0,18.0,2.0,2.0
13cf45beccd47dbfc77061ee9c6de42a612330e405ad97162ff6fb21ec6e0e50e0b788e4a289a45f589e6311efde1fc0a89a8e0ec83714b813daebaeb7a46c0d,CLEAR,DAYLIGHT,DRY,FAILING TO YIELD RIGHT-OF-WAY,2.0,48.0,2.0,2.0
13cf55b41725135235656f3ea7be0a37167a60a3fc2acae2b51b823b899190c894bf8236cffd21187e19d3aee7a254a5ee76db354461a8125022d34fe4d4b244,CLOUDY/OVERCAST,DUSK,DRY,TEXTING,2.0,42.0,2.0,2.0
13cf727d3614034df0835f7595ae19817bd5ce0f427962c687959149f8c3b6dddfbfe4692a27f510c7e497d0c01d0447acc3353c2ed610f10ef2a5cfa7ec2df2,CLEAR,DAYLIGHT,DRY,IMPROPER BACKING,2.0,37.5,1.0,1.0
13cf8fc7d27eeb06464f241827254c121d731be46b123b876ab66cd6fc63cfe88e8d6ca17db4ce72cd820c52e0033c14920714bb569269fdfca02e6aefc3750f,RAIN,DAYLIGHT,WET,FAILING TO YIELD RIGHT-OF-WAY,2.0,37.5,4.0,4.0
13cfaada490f37d829e6e4c2e325a82793a84871ce6881a564b427a1dfe3dc1443211e5594196b2a4fef92db9e497e06d6c022e021dfb2bb7c8dbe424bb34cfb,CLEAR,DAYLIGHT,DRY,IMPROPER TURNING/NO SIGNAL,2.0,30.5,3.0,3.0
13cfc4d3bad424ed5bf928361cb807d6f182dad12cb19ceccdf54b23be645a0694a764bad4c16d3458572ff7dd9fea456c84b3b3212d56d72015b044ff4ffc0f,CLEAR,DAYLIGHT,DRY,IMPROPER TURNING/NO SIGNAL,2.0,29.0,2.0,2.0
13cfcfe0604c9d7820a11a6eaa2f8f12ad732b95eca4f04555c302c84faecc0f755d2588a6193cfeda988c88b41a0143ff10595f4b99be5a55cab36f29230313,RAIN,DAYLIGHT,WET,IMPROPER LANE USAGE,2.0,38.5,2.0,2.0
13cfd836301d32677e343914fa574739356eaf0cc7bca976ee0ab324997e33c05f054871ba89f391e64e9aad5f5c6a21c5a9ed023a78be12b62fbeebea693ad4,CLEAR,DAYLIGHT,DRY,DISTRACTION - FROM INSIDE VEHICLE,2.0,49.0,2.0,2.0
13d00f66eae475a31d8b85e3a0a1cb343199d20a801644042dbc01123e9bd01929955a7d177faf8c05e3ec3fd3722144e34296487e98f86ebb524dd278541cd1,CLEAR,"DARKNESS, LIGHTED ROAD",DRY,TEXTING,1.0,37.5,1.0,1.0
13d03a98475739757a79fb26a33f3981bd3a37d3c75e2d6266ad09a4f658833e47744038b2bb658d98ad3f0523df829d8fff03334f19668cd6c8b8b3401e23ba,CLEAR,DAYLIGHT,DRY,FAILING TO REDUCE SPEED TO AVOID CRASH,2.0,46.5,3.0,3.0
13d04224d5791bb6808f2c50e8640287d7f66a7ec945e2bcb8e4fa9b3d1d6adf16e548854802d299f42a74eab361a3808ddb47749b867af4c6590449ab0e83b6,SNOW,DARKNESS,SNOW OR SLUSH,FAILING TO YIELD RIGHT-OF-WAY,2.0,28.0,2.0,2.0
13d08bc2df96ef1684ade832507f71ef0af3294814e6530bc53680b464345c5dc56523c18a9a2310676d3f3457ab1713fd2237442f562d1cab9b45fc24faf5bb,CLEAR,DAYLIGHT,SNOW OR SLUSH,IMPROPER OVERTAKING/PASSING,2.0,46.5,3.0,3.0
13d08df80bca566120e4bf8289a15bfa5e6b194996992155f4f9b47ba79ee46aeb7b0da67bde42164505d3dce4c06c854b5355a8c21f52f569731a69fd7796fc,CLEAR,DAYLIGHT,DRY,FAILING TO YIELD RIGHT-OF-WAY,1.0,37.0,2.0,2.0
13d0a86f926aa46c46bbec8ac63720681b3370ecd3485f6a90a453ea32eaeb297866df644fd029282f1eac0ae5ad30d00dca2b6d8ca58f8bb3fde434a7489878,CLEAR,"DARKNESS, LIGHTED ROAD",WET,IMPROPER TURNING/NO SIGNAL,2.0,43.5,2.0,2.0
13d0d2ff53e559504b5aa8b6b33a8abf559c2a83c7a27c7e2d4579b8f5fbd816b3e06a31f4448022d287a4ae9af3eb6eae96fb101aa8d6618482bf2c0c78732b,CLEAR,DAYLIGHT,DRY,DRIVING SKILLS/KNOWLEDGE/EXPERIENCE,2.0,37.5,2.0,2.0
13d0d969e5c2af669ec4ddbe351e064e6af6740b0d42101242b2e6c92989b12c877b0a0d322e930590b60a10c141230efc9f13b611a3d850958bf97a8a67daec,CLEAR,DAYLIGHT,DRY,FOLLOWING TOO CLOSELY,2.0,40.0,2.0,2.0
13d0eb254b3eefcc070a1fc547760f643bca04f2b40c65837fdc206a504d632d5986ed3c6f8c32718c53104744d9260ba9ce3d017d1d6d3e3531d42efc726a3c,CLEAR,"DARKNESS, LIGHTED ROAD",DRY,DISTRACTION - FROM INSIDE VEHICLE,1.0,27.0,2.0,2.0
13d0f7c526d46314e974ea19d27d26c4fa7b19cb7683f3138614bd12943f6a07bd4aeb762de284b17601dc37129fa286776bb915ef7f6b1a6bea2da7df381474,CLEAR,DAYLIGHT,DRY,FAILING TO YIELD RIGHT-OF-WAY,2.0,43.0,3.0,3.0
13d143d0715ae0f994b65f29706ad7435cc5cf659be1be36b1e9b8d48eabc2bfb6150e8c8c8aef1b668d7df73f893cd6e4f1195a3b68e4d0a7931b02864f941b,CLEAR,DAYLIGHT,DRY,IMPROPER OVERTAKING/PASSING,2.0,64.0,2.0,2.0
13d18bc9a98559438aca29e3ff31f1e15c50a0f55a6b88e614f0acd3e004b377941be708fd77f2230f9e3a63dba15359fc3da35eb6980f31c5269eb86eeac9f9,CLEAR,DAYLIGHT,UNKNOWN,FOLLOWING TOO CLOSELY,2.0,30.0,2.0,2.0
13d1960bb0eb15a87aa245a592131c95191191409b16efe29144a62b81a1ed1c4563a1cf6299dea783238a83fbf89795cee15341c09f7b0196c987e815174ceb,CLEAR,"DARKNESS, LIGHTED ROAD",DRY,IMPROPER BACKING,3.0,57.0,1.0,1.0
13d1a04c7e08a16f9f7cae613d8565174cbc7ca4765aabc0291fa122ba4f94f15f03499247b37d44baa10dc68b8bdedc855edfa51cb22a7674c4f05fe7f4f0f2,CLEAR,"DARKNESS, LIGHTED ROAD",DRY,FOLLOWING TOO CLOSELY,3.0,49.5,3.0,3.0
13d1b54f09092db32783be7f7aedda24a54ccfe35b0b7f1551bc77d3a8fc3460e35958ae679a1a475901ec55d38149270e42f9d60fce1a5f89bd4578db70cf23,CLEAR,DUSK,DRY,IMPROPER LANE USAGE,2.0,38.0,2.0,2.0
13d1dbcdc751a5fd11aa2ef92b0a82241cd665327ce4da9a9e6f179512b68f9bdee0b2823648f7668a2c17cc1d854c5223d5297cdf6f37dd80126535e839f92c,CLEAR,"DARKNESS, LIGHTED ROAD",DRY,FAILING TO YIELD RIGHT-OF-WAY,2.0,43.0,2.0,2.0
13d1e9cf9be3f5084e9daf5cfaddf730f667afe45f8b35c4278656073deced60c1a59d48e22ae66c46a054c302be731e8c04932d7dde8e02905c335428d154ad,CLEAR,DAYLIGHT,DRY,IMPROPER BACKING,2.0,37.5,1.0,1.0
13d1f6a81b3bab6498e91cea82992fc6602eb7a68e38f9b7d66ea6f5cc4f416917f9a15ae0c9736d4a260fad892d28de3a3656066d39939f6aa28691a80dda27,UNKNOWN,DAYLIGHT,UNKNOWN,DRIVING SKILLS/KNOWLEDGE/EXPERIENCE,1.0,36.5,2.0,2.0
13d1fcc31763548d89a90a9aa3d20dc3856ea7a6db43768181db44dedd50c9e272b360d2642e09b9991b1f6177eb2b0d8757f0464debba2cc40825ef02b8422a,CLEAR,DAYLIGHT,DRY,FAILING TO YIELD RIGHT-OF-WAY,2.0,47.666666666666664,3.0,3.0
13d21647b8492e45725b1861fbff5d4d77499f59bf66cd28046c55048b44ed8a17029c05ea0b69a139cb540175c610c8348cff79c180d7157f77c73fe271722e,CLEAR,DAYLIGHT,DRY,IMPROPER OVERTAKING/PASSING,2.0,19.0,2.0,2.0
13d2303703251a92d85a4097d64683113c7c77a564a05f4dfab0571881c22449156b71c2d4c1fe209e197567ec6f993750b3b90b7c03b607430826807efa2de7,CLEAR,DAYLIGHT,WET,DISREGARDING ROAD MARKINGS,2.0,22.0,2.0,2.0
13d23751a8545910775bb028d577eb79cbcd96a52857905c667ba5f1f65c7c3b2cc0a9b617452aa4e091e3985566375f84d012d1bdc355b49b3855bf68a82e96,CLEAR,DAYLIGHT,DRY,IMPROPER BACKING,2.0,44.0,2.0,2.0
13d2435af83856f377df47527eb72307840ea99486ba803daa7e19e14a1b035cf5356175cb63896ef56a25a887c8b5758d12f69cdd224e6375a217f267b2f7c8,CLEAR,"DARKNESS, LIGHTED ROAD",DRY,DRIVING ON WRONG SIDE/WRONG WAY,3.0,35.5,2.0,2.0
13d2862b867fab2fafc159bc130ab9c598798d620d5726f1975070827d9cca49f64c2beee087681da5adeae51185cdd40bf1d3208e76e278b2d1075f8f2e6920,CLEAR,DAYLIGHT,UNKNOWN,FOLLOWING TOO CLOSELY,2.0,42.666666666666664,3.0,3.0
13d2b87aee9d5fea2db5d8a88856383ece0c258298e075a3e7c6a5ee7aa6e50a75cf6b7ad22f946e5253b68d61c13fe4c1b51d762cc295d6e28d6221d5686ba1,CLEAR,DAYLIGHT,DRY,IMPROPER TURNING/NO SIGNAL,2.0,40.0,3.0,3.0
13d2c9db19f907a57db5a0926bc1726afe017840e24b03718770a9d1caf0bcae3a55ba4308a41935ef876a85900e9c8970def313a908e061958b921cad32e943,CLEAR,DARKNESS,DRY,FAILING TO YIELD RIGHT-OF-WAY,2.0,36.0,2.0,2.0
13d2dd7fb0a7c10238082ace6f055face831992670973bc8f11b3514e2cd44cb2ffc1113f9fd0d20a23f65449b5a4795734a604f204c58d4ae2704afd86ab0c3,CLEAR,DAYLIGHT,UNKNOWN,IMPROPER OVERTAKING/PASSING,2.0,34.5,2.0,2.0
13d339ea9f2e49f79677d49ddf790ee20c10de847fb8d52312c364eb1d5ba042e580048a1dc8cf7d24450135550eb40a3e9ae8dd76920e89a8d633bf24978d20,CLEAR,"DARKNESS, LIGHTED ROAD",WET,IMPROPER TURNING/NO SIGNAL,2.0,27.0,3.0,3.0
13d343444f36d9a3d0f1c96c5e488737ed30a388ec4d9748843d307eac8b5a3188033d60062e71f65eb923fd13c77c4da5c37f8fd8c5dcee40becc72b07b187f,CLEAR,DAYLIGHT,DRY,FAILING TO REDUCE SPEED TO AVOID CRASH,2.0,30.0,6.0,6.0
13d350806553fc1dafb77ba49dc3eee0601f8d9142b33c8d70252fae269b7fbe977a7a9fe48fd8afba763142b59279517842bb43a1c4483360a65037f847cd73,CLEAR,"DARKNESS, LIGHTED ROAD",DRY,"OPERATING VEHICLE IN ERRATIC, RECKLESS, CARELESS, NEGLIGENT OR AGGRESSIVE MANNER",1.0,17.0,1.0,1.0
13d385f0f739f2b0b538f8508e28eb4ec5fed2ea562358786176380e8011f000e5aae053069eb0ea91202af30c27eae3fb86a4b86ed631aac593f856192292ad,CLEAR,"DARKNESS, LIGHTED ROAD",DRY,FOLLOWING TOO CLOSELY,2.0,35.0,3.0,3.0
13d397c5f1147c85569bf4bf581fd4a74fcdc9b74f6d3b4cc8b6e6e5ceaac6a3f82a2226f96cb3946eda95cd1eb3965f26bce104e22abde7e28c23d4729cf4a4,CLEAR,DAYLIGHT,DRY,IMPROPER TURNING/NO SIGNAL,2.0,36.0,2.0,2.0
13d3a63a5076b11e6c95db76b27c8180d01908ee6a5121f5faab81b21d512c8e3bf45865f28272006a2f14e5d21a5b5f30299a8a28b6155ade1a8ec0b1320d78,CLEAR,"DARKNESS, LIGHTED ROAD",DRY,IMPROPER BACKING,2.0,23.0,2.0,2.0
13d3cb19437d9768c954f5f934e07e14f4cd129d8af9e6da126ea41849499503561e5261aeaab5ab93dca65f9fb9e05ca4483bc67449e5f14131b0a0d9922f7c,CLEAR,"DARKNESS, LIGHTED ROAD",WET,IMPROPER TURNING/NO SIGNAL,2.0,29.0,2.0,2.0
13d3f80796f2482aab381372cf84018c32b8505ac3e66d3ff90297574ea0c744ec16d1cc73e1ca7324c1c366de41d3f78cb0a99ad89a866a3f7fcade1f20c3a9,CLEAR,DAYLIGHT,DRY,DRIVING ON WRONG SIDE/WRONG WAY,2.0,31.0,2.0,2.0
13d404c0bfda383a9e88f66ecf8f31da081046e84333a95f0271dc8b8baa6f8431eaf5514399c33316600e874a1d11474e15d754c5388934fb294c235b4d9b68,SNOW,DAYLIGHT,WET,EQUIPMENT - VEHICLE CONDITION,3.0,53.0,1.0,1.0
13d4063d1f34483bcd79f684ec7ce99b18ad7d07e1508093c314515d500fd8dd0f52af1a975d6369c23f6c960c2ce28871fd245568ea7aac07883cfea22c93b8,CLEAR,DAYLIGHT,DRY,FOLLOWING TOO CLOSELY,2.0,21.833333333333332,6.0,6.0
13d40d9ff19fbacf14cefeb7cdf24728dc34d6c326d3c182be4a8596b85d325d7339e0e72f386b66741040375b1d2cb0fe2e5d0ef45f26dd20fe1c2dc4a2bff1,CLEAR,DAYLIGHT,DRY,FOLLOWING TOO CLOSELY,2.0,36.0,2.0,2.0
13d41a352fb05912f9848135b9619168ddd5daa1002f68bc1f17050ce5fec94efb3c9d40652c771e95fb7b313035c74aa6c5a582a9556e0ebc33e29fd9a29752,RAIN,DAYLIGHT,WET,DRIVING SKILLS/KNOWLEDGE/EXPERIENCE,2.0,26.0,1.0,1.0
13d454f44e13ce001fbd2a18f64b15f0d96092fc63f759636042973c77b29d7fa2098eec80c2e6cd2af22c5a8b490fa4fc7aafaabed37616c3303785c03489b6,CLEAR,DAYLIGHT,DRY,"EVASIVE ACTION DUE TO ANIMAL, OBJECT, NONMOTORIST",1.0,31.0,1.0,1.0
13d45ddd06ead990da36eec73c8d65c3bdb00cb96fd57bf9d5755fd7b5188a26b26fc71c3ad00f1b2acc28b023d57a1f2c555307396aa170af6f631ec312a265,CLEAR,DARKNESS,DRY,UNDER THE INFLUENCE OF ALCOHOL/DRUGS (USE WHEN ARREST IS EFFECTED),2.0,44.5,2.0,2.0
13d48d7fde24c044e776608ad63d90df0efd54e5f19d49945c8b04a5dd2c57600fe2bf01a8670856e49abffb568f1859ed4a3796a7a8a4b2d92eda6e58420d03,CLEAR,DAYLIGHT,DRY,IMPROPER LANE USAGE,2.0,48.5,2.0,2.0
13d49e30cb14cda182250e0cc3208c6ed63d7efdf0746153b048f3b21691283896e7d252013b1fa50ae153b27f147c1ad6bf9fe43d3586a105035e02c92533e6,CLEAR,DAYLIGHT,DRY,IMPROPER BACKING,2.0,51.0,2.0,2.0
13d4b020daf54ec3779320230abbeca2dbe8f3c9c8e374abb6c00df89948bf1fccc6ad5cb639cbc27b7d2804efff09273b124e68bd301f329d326742623899e9,CLEAR,DAYLIGHT,DRY,FOLLOWING TOO CLOSELY,2.0,27.0,2.0,2.0
13d4c4e395ec7c7fd0b5cc2f19e4d7e1697065b88c6849dd5536ab63dc4e93d8b094e6353779e033d39be37c3218bc9bbb63338e25e6be088ca7d1d414e6e666,CLEAR,"DARKNESS, LIGHTED ROAD",DRY,DRIVING SKILLS/KNOWLEDGE/EXPERIENCE,2.0,51.0,2.0,2.0
13d4e321828239c9c04e59883a493cb0687d6dbdf36b6db9a0490583627b37df03e2e84e8196ac2a28ad5f932c96b0b9a2ecc61fd10ecfe7c5e30354988845d1,CLEAR,DAYLIGHT,DRY,FAILING TO YIELD RIGHT-OF-WAY,2.0,68.0,2.0,2.0
13d4f5b0841f397ecddfda96e09136a639609cbc5ff916da848b8a25d5948194662f67cde42997228b2025d5d79b64d1c75f125a13998ee2a090106d303ae356,CLEAR,DAYLIGHT,DRY,FOLLOWING TOO CLOSELY,2.0,25.0,2.0,2.0
13d4fdf6b9b1f19592514b53a2e8780d2789a72a00bb8e296938621fddac14ce1749b3b87129050ff384ea4d945d71aa7f5d6b3c65d01625c7031dc070b46495,CLEAR,DAYLIGHT,DRY,IMPROPER LANE USAGE,2.0,42.5,2.0,2.0
13d514429cd6c61f2db2f50efa5cd68c3584ecbbdac49f9d8c290b6c711046c0619f68b3fb878cdb9652aca825dc2a92f4404374986b37d1604f374f96c09059,CLEAR,"DARKNESS, LIGHTED ROAD",DRY,FAILING TO REDUCE SPEED TO AVOID CRASH,2.0,53.666666666666664,3.0,3.0
13d5758b06905c6e83240d78cb965a1daf69a4d209b004888a0f9f80488214314f9e1fef03372ed96321ca6a688cb0af2b7718873b577314171785d786c3dced,CLOUDY/OVERCAST,DAYLIGHT,WET,IMPROPER LANE USAGE,2.0,26.0,2.0,2.0
13d5856df1ee2e9fd27ce92cdf3ce5f7fd042216622c29b4dd1729b28719a12041610389a3d6c6ca7f605f7aa660819184dd7d785eea434f98de1fd56dff4e87,CLEAR,"DARKNESS, LIGHTED ROAD",DRY,DRIVING SKILLS/KNOWLEDGE/EXPERIENCE,2.0,36.333333333333336,3.0,3.0
13d58bb37bdedd1a88b6ca2467f11285acf97610e24ab93704ea5631dcd534c217c7c470855dddd5980e221529f6c89b5450c1a39b8f6b6e441887f0429cb143,CLEAR,DAYLIGHT,DRY,IMPROPER BACKING,2.0,41.0,2.0,2.0
13d5ace60a759a3dcff373374326f852da5c5b1786d30c070440dd60246ba6141262da96bb83a209d714c846a94567797129d5a3fa644531070f724d90f62f40,CLEAR,DAYLIGHT,DRY,CELL PHONE USE OTHER THAN TEXTING,2.0,19.0,1.0,1.0
13d5de820d643598adb8883bab795033aa8b78f9f79c052762a3620b024dbc1c82fd51f54871b18bc1af09fe35e305bb14a66f32c59d960d66cc844bbca7de6a,CLEAR,DAYLIGHT,DRY,FOLLOWING TOO CLOSELY,2.0,56.5,2.0,2.0
13d61f1e59d0a02a3205975781d22f9ab94e9a260f7ca1c7b8be2b999b4dd98cee272106f7effcf13a82823995acd3074ee630d0ed7ce987187b0ca03ae6e7ae,CLEAR,DAYLIGHT,DRY,IMPROPER BACKING,2.0,44.0,2.0,2.0
13d62115fb95353c495f7c8f85e1a016a45b3e3365f553549caa67ff033ef1ef796ffc403c0cd8fca8826c943395f2806c602aff6b6b078199b5f33da43e1e44,RAIN,DAYLIGHT,WET,WEATHER,2.0,50.0,3.0,3.0
13d62f168540fa24d3cdbe97d4b239496a84a04f616430d9565c86d275b9f41197997984249558dbffd364662a1d2f36a0fa04975ca30ce7ee710fb6d4adf2a5,CLEAR,DAYLIGHT,DRY,DRIVING SKILLS/KNOWLEDGE/EXPERIENCE,2.0,52.333333333333336,3.0,3.0
13d64b3af4d61b6cec360e3f5adc1a68116f9905f3b7a7c1e48c0a918667b1de9f5855b6b89c19426d87778f0a49643fc2fbcfc693285fcebd79b4178c1b30e1,CLEAR,DAYLIGHT,DRY,"OPERATING VEHICLE IN ERRATIC, RECKLESS, CARELESS, NEGLIGENT OR AGGRESSIVE MANNER",4.0,29.0,3.0,3.0
13d6645c0ff0d6f4ffae66ca1639e3c32847349591f3904ad781556e6d45c3a0de12f686eb9fc4c6ff26f547b6c316d3be1c8cfb88d6c928bf7737a96b198cfb,CLEAR,DAYLIGHT,DRY,DISREGARDING TRAFFIC SIGNALS,2.0,27.0,3.0,3.0
13d667a753079771c12f92751ba4d8f09a5975ea69abeef60c86675cea7fd90a83cac44c559215de7002640df9ff296031a9fcc6c319c95d38ce47dadd3b2ec9,CLEAR,DAYLIGHT,DRY,DRIVING SKILLS/KNOWLEDGE/EXPERIENCE,2.0,73.0,1.0,1.0
13d6872b8e42516242012fcf36005fc199233ed48dfb4955a4bdeb01a0f75bf7b8775cb7602e14cc2b5ca4fcd397bb8ab261c7d2c813aba266cc27f4ad502bcf,CLEAR,DAYLIGHT,DRY,IMPROPER OVERTAKING/PASSING,2.0,36.5,2.0,2.0
13d6fcf160ad1e6623d121ad044ae28d6bb332f4cfbf851474b95d7008d13aa8262b5c9212a762b082920aa5a9e4c71c36008ed197a1fbd99cc88e19c9293407,CLEAR,DAYLIGHT,DRY,DISREGARDING ROAD MARKINGS,1.0,31.5,2.0,2.0
13d71b858dd517bcc871bd2dcb34960c18567173477c00424fdae3de8a8a1d3f933422eca1ab274348272e84c5460ef01574334b2f523aafa8b9b0b4d3d6fca3,CLEAR,DAWN,DRY,DISREGARDING TRAFFIC SIGNALS,2.0,41.5,2.0,2.0
13d72f616b778ff98eb01d7b58ce3b4885c4cf111616c4ebd8c83d62c7e1951740f7741d1cb7cef71f94fc8e0fd9b8c1fb05cea3ac97ecad98261b5910daf9b2,RAIN,DAYLIGHT,WET,FAILING TO YIELD RIGHT-OF-WAY,2.0,45.5,2.0,2.0
13d74fcacbe07a8f4bbbd5a91563756490c01fbbae653119f48d372b3f812ddc826918cd53432c56b5c13708c2832dcf2ea693b9fd3c2f8d716cdd48ed5c22d4,RAIN,DAYLIGHT,WET,FOLLOWING TOO CLOSELY,2.0,61.5,2.0,2.0
13d797ba8cdbef0e49c2186b862c5f89940319d834e8db8f846e8c0848df6b24543a0ed39e8af156dc69c286feaaa2afc1fa9731a69fae7ff7b8ec7376689aea,CLEAR,DARKNESS,DRY,IMPROPER OVERTAKING/PASSING,2.0,27.0,2.0,2.0
13d79b416c6f8b3942f023ba999062798244353b27e2c3ad9f9a8dd838fcb75229ad39c9be8bb2dcdab5f7784573d150932de66da8a24257a0ecbfa324371e74,CLEAR,DARKNESS,DRY,FAILING TO YIELD RIGHT-OF-WAY,3.0,22.0,2.0,2.0
13d79da7f1fad77ce17ffec2443d0949ae3f3ae6f855b61a8c695875e2433ef850bc6a2bc364c430b5c6321d1105b4229759e11bbf5c36c6fd87480ad946faf5,CLEAR,"DARKNESS, LIGHTED ROAD",DRY,DISREGARDING TRAFFIC SIGNALS,2.0,42.0,2.0,2.0
13d79e01269ffde56acaf510f555ad41dd563f9594f700c01eb20bc5b065c3fd5bf49c51b2e327f2f48f7e757995e99ab0764498c44d5c893a8b0a07280f7144,CLEAR,DAYLIGHT,DRY,FOLLOWING TOO CLOSELY,2.0,54.5,4.0,4.0
13d7fcdf9db8a53cea0d616c50ce407734b24f586fbfb9ca1173dd9d9a0461d707fefdb2a35be8632f32acd39de796a5ba340967394e1fb171610c25e5b91d72,CLEAR,DAYLIGHT,DRY,IMPROPER BACKING,2.0,45.5,2.0,2.0
13d8103ccdfb301c0ff1200d668c03a10cd59e40be6666ed90870a09c4525e54a62bfaf7dc96c68b2518e664cbfb9c83da8c65fbb1d52453b85721254a1dc11a,CLEAR,DAYLIGHT,DRY,IMPROPER LANE USAGE,2.0,39.0,2.0,2.0
13d841480e15f4c9e482d6e7587cce446ed02cefa524b43cbaaa9d3c1dace3175a12f7c94890bd091b62b154b32a70d3eb52831be55c549a9535550011926857,CLEAR,DAYLIGHT,DRY,IMPROPER OVERTAKING/PASSING,2.0,76.0,2.0,2.0
13d869746f1d0bcf36edb86de096a62b2aed2c0cecf8d83957587e665df619c7d5a423cac1c8044b363d52e38359a01199b4242636af9c46013a60d3091118c3,CLEAR,"DARKNESS, LIGHTED ROAD",DRY,"EVASIVE ACTION DUE TO ANIMAL, OBJECT, NONMOTORIST",1.0,38.0,1.0,1.0
13d872c50be0df1d34c5cdda9d28d761c3551bf8369dc37879967ae5ca402068ad5fe2240c0e96c47be9573a83a308f93aa745fde6a06e4d9f3d73b8bef514e2,CLEAR,DAYLIGHT,DRY,IMPROPER TURNING/NO SIGNAL,2.0,33.0,2.0,2.0
13d89168934e27fd7cdfbbc2cfd17ec34fc007eb1634f635bc2d5114b0242498338b6340479158cf010a68e9bce5fef9242e8ed70f6e356aa188b99b006d131d,CLEAR,DAYLIGHT,DRY,FOLLOWING TOO CLOSELY,2.0,42.0,1.0,1.0
13d8bef642fb0f637a0562248a8fd33df3aeed8208a56d1d961c681a8455fac7c2b06579a312da47b42e563e8bc8d4a7796a928da2abd923360decccedbe7184,CLEAR,"DARKNESS, LIGHTED ROAD",DRY,FAILING TO REDUCE SPEED TO AVOID CRASH,1.0,34.0,1.0,1.0
13d8cfd9bf8d78a114f2177c565a4c5b4c26496ec1295affb5dd94f82c77782ec2e975028e748c7af9038cbcd901017615224fe2293f5f5fa82ecd019661d30a,CLEAR,DAYLIGHT,DRY,FOLLOWING TOO CLOSELY,2.0,48.0,2.0,2.0
13d8d9fd8637860f0bed16dd0b075ab01bfa1f038c4d4a29cfc7aef3355afd9b29038dab4add274fcc532f98644a73de8cc9011b9f9029d36574a4cf88fd4162,CLEAR,"DARKNESS, LIGHTED ROAD",DRY,IMPROPER LANE USAGE,4.0,37.5,1.0,0.0
13d8f712276d2adbb328bb22e7b19fb96488935c98ce409b556642fb27ca6fba2e0ab0b01e2b19e03359a191223fab489af78c362a7b4ac145110b759506ebd7,SNOW,DUSK,DRY,DISTRACTION - FROM OUTSIDE VEHICLE,2.0,48.5,2.0,2.0
13d8fc5a09d31b23de06c37f61066d29300bc38a5140d7847d959192f496c909c82963092d12f9c0532a678fa193a9a33af1ac25793e60a4a2434ded90e0fe7b,CLEAR,DAYLIGHT,DRY,IMPROPER BACKING,2.0,54.0,2.0,2.0
13d919ae4353693e4b8373426175248714f3556fc8858b4b76df039882dda7c6520f9a5f099905d819513d3d20fd32928f998e36a6e545bf21f16366fb300e19,CLEAR,DAYLIGHT,DRY,FAILING TO REDUCE SPEED TO AVOID CRASH,2.0,45.0,6.0,6.0