crash_record_id,weather_condition,lighting_condition,roadway_surface_cond,prim_contributory_cause,total_vehicles,avg_driver_age,total_people,total_injured
13d91b5ed755ee46ccc2c2886b05d05ac9a1a604b76f12491275f4d66b14748a17978966446ae820c58e35562ecf0d613fe82c8dd90fb4581178cbc1fcdfc567,CLEAR,DAYLIGHT,DRY,FAILING TO YIELD RIGHT-OF-WAY,1.0,50.0,2.0,2.0
13d93f3bf5499c79606641ee17818f4d0c1a46172c3ab4f528e57d6e7725be1e209ecd9f790e0dae372547933b6f3b24664a26582e0c6eefcab1cbac8a996121,CLEAR,DAYLIGHT,DRY,FOLLOWING TOO CLOSELY,2.0,48.5,2.0,2.0
13d949a2b3f4e871966fa0d233aad2a02f040616c061218c8c9ad2d5ec53a2a79e4f2bdec85c99f67538648d923e00f5675bdd3b1e12e4224db399fa849b2637,CLEAR,DAYLIGHT,DRY,FAILING TO YIELD RIGHT-OF-WAY,2.0,57.0,2.0,2.0
13d9a46b917ea83eb5e34f3485a5b42f8c9dc61229c8e6c7290d5c2cae8ef95b1443663d945ce6ae9a87bb91c858ed247178803a2429260d4d864b1d834a8f80,RAIN,DAYLIGHT,WET,WEATHER,3.0,52.0,3.0,3.0
13d9b1cae0dca74c1fa8c54937461e774a8637b4983204c92adad0e897d80150a5353b6f9d6b98d2e50ba1a2c478981eff6a2a179464d38e7f219f4a10d191a9,RAIN,"DARKNESS, LIGHTED ROAD",WET,IMPROPER BACKING,2.0,37.5,2.0,2.0
13d9b785585110ab4d18f4ef34bfaa36aef61926ba2ca7a3103b2d0f0ff5141367014682d3acd35e6edfeb116043d6aa671ad0172b5c94e4fd49b2db72161707,FREEZING RAIN/DRIZZLE,"DARKNESS, LIGHTED ROAD",WET,FAILING TO YIELD RIGHT-OF-WAY,2.0,24.0,3.0,3.0
13d9c4bcd008693ba0de0d0ad9c64af3e45be1e5a238e1913097cc586800bdf198ed272af0dc4b3d7e8593228e6bd3d183cb5b9e8ce04911c2bf7f262bbe7e08,CLEAR,DAYLIGHT,DRY,IMPROPER OVERTAKING/PASSING,2.0,27.5,2.0,2.0
13d9cef640dcc295364deaafb5e24caec978419585565850ee08b7ee1a27667be138b2bc9b97d7a14b12af58075a14a3a51b68e091b87cb63a8723af2d5e843f,SNOW,"DARKNESS, LIGHTED ROAD",SNOW OR SLUSH,IMPROPER OVERTAKING/PASSING,2.0,37.5,1.0,1.0
13d9d7b69468d265154d3bd06ce50130e26cf62b622421f788fa00eb22ae19ae0f1172afb26576d7a107e1737bdf6639bfc2fd9a9bafb1e960ec85e026c6d536,CLEAR,DAYLIGHT,DRY,FAILING TO YIELD RIGHT-OF-WAY,2.0,41.5,2.0,2.0
13d9ef082c3c56afd0a3b9cbdfcaa58d220bd924e14616ae2dedc4075c339d89b4b4cfc5949c1eaecd4213940bcbf8d95a378ebb11300bb4d108cfe360888b97,CLEAR,DAYLIGHT,DRY,FAILING TO REDUCE SPEED TO AVOID CRASH,2.0,54.0,2.0,2.0
13da0cf5fce81fb315d7d9e308063b974f3cab139d5909ecae6cf1c60ebb6a3503ff47c753daed1c3f08683413cfe69a882ea0e2850743cbd7c9847740f5a237,CLEAR,DAYLIGHT,DRY,FAILING TO REDUCE SPEED TO AVOID CRASH,3.0,21.0,3.0,3.0
13da54da7459fb9afba2dc249297a8361f0b8c38945e1bf51eb2652df3a16bcba413ec1044dfb71847c12ec2d07bb0ddbd14d40141b0395d0b38fa3c4c51a3c1,CLEAR,DAYLIGHT,DRY,DISREGARDING TRAFFIC SIGNALS,2.0,28.5,3.0,3.0
13da64374abb0f584a9fa6cafd2caf305e8896237f3f5546e87cbc653ceac4309259509bd0a8ddb9c8023aabad8c70668f0673983c9625a15c400f922b916f59,CLEAR,DAYLIGHT,DRY,FAILING TO YIELD RIGHT-OF-WAY,1.0,39.0,2.0,2.0
13da78372de7640fb1899b6793208dff89056ea76d9d06240bf085b091d152c77329ffb96912aa0e6615ba40469a6254c9fe1e2e4078bb5d032790e73c9be3a1,CLEAR,"DARKNESS, LIGHTED ROAD",DRY,IMPROPER TURNING/NO SIGNAL,2.0,49.0,2.0,2.0
13daa6ea94eb16a03d0221cb448d4e0b0a70fec60f45403955ced4e65274478826821862fec30be9590660dee934d092c1139b4c2ae030f038b8191680674c04,CLEAR,DAYLIGHT,DRY,DISTRACTION - FROM INSIDE VEHICLE,2.0,36.5,2.0,2.0
13dab90732e275f9591c90c780d9645e4d0d3f3542e903f65a0b47c3d228b4a4d47e3b2aa16d3a5100e5853c67c6fae12365c39d830474f44ee0500e68e4db2c,CLEAR,DAYLIGHT,DRY,FAILING TO YIELD RIGHT-OF-WAY,2.0,35.0,2.0,2.0
13daefaa24efb4deeee137ce85603faac485367db32f50273882c38213c2086a8a4757ce0618d8784df768bea97d4120b17c96fd968b1b2202d15386b7b5060e,CLEAR,DAYLIGHT,DRY,DISTRACTION - FROM INSIDE VEHICLE,2.0,55.0,2.0,2.0
13daf3861f37e18d0386f78eea34f576a7fa13918fd90fa2c5e358c335200c447cfe8f196fafc4083b2766a545e2c418113fb3e1863ba8c7f6382891bd9dbca3,CLEAR,DAYLIGHT,DRY,IMPROPER OVERTAKING/PASSING,2.0,69.0,2.0,2.0
13daf74f087a8816c95eecdf8e9865fb7a63cbf99e3702baa6e2fc813d16fe30784c83beed4e8d438b1af3a1e922f8bf6322ed17ed3322cb6dcb097db282fe98,CLEAR,DAYLIGHT,DRY,DISREGARDING OTHER TRAFFIC SIGNS,1.0,20.0,1.0,1.0
13db14471c25047aa7b155f602954212655f9f8dac181d05c7ea7330c81d790059c7f334da00b9050c98beb95744e0c4f3378d987d1bc793ecc70bdae85e31bd,CLEAR,"DARKNESS, LIGHTED ROAD",DRY,IMPROPER BACKING,2.0,36.0,2.0,2.0
13db50d4ebb7dbacee433bc67d84293a518a3a592fce6223b04d3e5bb2af949c4174a57f4fd2c639c07db032482afedc612ab23c3b8d053a4e46d0968dd31457,RAIN,DAYLIGHT,WET,WEATHER,2.0,27.5,2.0,2.0
13db8631a86c0e99c2fccb8c5dd674ed82f9994b63a41e4883f2506b682bc38eb0de92c6d323257900009e040a54f1f42198dba6a5aabcd07484592e2661537c,CLEAR,DAYLIGHT,DRY,DISTRACTION - FROM INSIDE VEHICLE,2.0,32.0,2.0,2.0
13dbaa15c9e3a4133fca8441bd16171350572e3b84f56d381d1597f4ff23ac3c1312972cd256b79e80e7027b33fd5fdb8684aaa003ef7a8bb65cd4a3a309f317,RAIN,DARKNESS,WET,UNDER THE INFLUENCE OF ALCOHOL/DRUGS (USE WHEN ARREST IS EFFECTED),3.0,23.0,3.0,3.0
13dbe78a4142102e4485b894384ac49e17ad4459d3474e9fd3fcaea08d4d21fcb9a88339dabc75b7789cc49429073498a327c44d475e44041445d9a9769dd991,CLEAR,DAYLIGHT,DRY,IMPROPER LANE USAGE,2.0,37.5,1.0,1.0
13dbfff9b68c9d5e6e38e0fdc10dcc74cd8d7a5a864acc49d14ae4a9a0d75a7d454729a64c202a535f94e82b731394e053e63446c5652457cfdc73f24528910e,CLEAR,DAYLIGHT,DRY,FAILING TO YIELD RIGHT-OF-WAY,2.0,31.857142857142858,7.0,7.0
13dc0306b4a4421c42657890c0aa2a7a8d3bc9250d912d41b6ef5988ef836dbd6f0c3331c68c25bce5367f0066bb5874120c279be526d0a1ec628b04bc090bc1,CLEAR,"DARKNESS, LIGHTED ROAD",DRY,FAILING TO REDUCE SPEED TO AVOID CRASH,2.0,30.0,5.0,5.0
13dc5cfb49a5a285062c47eeb2187e8583a82ee0fc9f98b6191466e6d7a946ed4a0fda285bad1b13fcb21308c2fd45ba0056119cc17a378ca626027218bba385,CLEAR,DAYLIGHT,UNKNOWN,IMPROPER OVERTAKING/PASSING,2.0,40.5,2.0,2.0
13dc898a7cea5eac091d768d0e11fdf82447fc44d8e2a73bd26c13ea6544e4c7338f9c984b64300cb3d02d23c360d04c00cb7df8c66e532c1e59008ff7e706da,CLEAR,DAYLIGHT,DRY,FAILING TO REDUCE SPEED TO AVOID CRASH,2.0,66.0,2.0,2.0
13dc99b145d7eb615d4815dd5b29dffb0960b99c4a22097f3d76531fe4d3edcd22d2f67028f24dfce381422b3f3bccde4bb0920f049b0769d8e3623df86cef73,CLEAR,DAYLIGHT,DRY,EQUIPMENT - VEHICLE CONDITION,2.0,36.0,3.0,3.0
13dca1df8fcef60b04b5fdaf47c9cd8211e057e5ee08da1065a595b1f17f7b9366aa3dd645d0d286aa68f45888046f065b990289b210d0aa67820783176f317a,CLEAR,DAYLIGHT,DRY,CELL PHONE USE OTHER THAN TEXTING,2.0,43.0,3.0,3.0
13dca56223d4c50bc56ed3c56f26d992ce128f922f453c5cfe8619fa7791fbd52316b345c0f0a4bdc290e7d117b9496a7882526bf40ddd1fafdcaf3b479e6e20,CLEAR,"DARKNESS, LIGHTED ROAD",DRY,FOLLOWING TOO CLOSELY,2.0,43.666666666666664,3.0,3.0
13dcc0d157c2475d054c5bdde8a9808a095961218c23077127ba96f114e4db8ab40c9490c0c38da53e70f61af6139186d75d8af55e10479e3a82b2242d216c4b,CLEAR,DAYLIGHT,DRY,FAILING TO YIELD RIGHT-OF-WAY,2.0,38.0,2.0,2.0
13dcc6ff4db5ec019fbbc4c124983f7308f8482b5d6cc93fa048c66df12498d26ffbbf4480ce56c140630ab03f80aca68b9da248cc1eb8c74dc7560ecff4cd6e,CLOUDY/OVERCAST,DAYLIGHT,WET,DISREGARDING ROAD MARKINGS,1.0,63.0,1.0,1.0
13dccb5f3f1a06a84e0bdc7bbc24cf95a34306cdc2f77e14507eff80633917b81310c0848cef0b26f544a4afe7f407036d8b76ca2f98b035d5625affe7b19e8b,CLEAR,DAYLIGHT,DRY,FAILING TO REDUCE SPEED TO AVOID CRASH,2.0,39.0,2.0,2.0
13dcdb016f2b4f37c57dcf565ef18d40a0205deb287f2cfc0ec9ba48d7228ec1241ee5c858184d5c106de1c1d7e5fec049d3231ac658773b64e60ec866fafb79,CLEAR,DAYLIGHT,DRY,FOLLOWING TOO CLOSELY,2.0,48.0,2.0,2.0
13dce022009cfafe2fc779734562ad4205cc2177d89b66bf86ee2d89520781059ffbe7d577e6bf017325e7cadb5d72a8ed45a22fe51357096c1f53fa6731f7d8,CLEAR,DAYLIGHT,DRY,IMPROPER OVERTAKING/PASSING,2.0,26.0,2.0,2.0
13dce201aa1796541693ee750d7b81b67be7751cb34fc64e8521c6ca4a704fece403d632d7b8696070b19741588105ca4574d78c81c103d2d706352b4ec1c8ad,CLEAR,DAYLIGHT,DRY,FAILING TO YIELD RIGHT-OF-WAY,2.0,39.0,3.0,3.0
13dce4e0c70b99c1f377ffd809a9407b2492af6fcd064563f283d7bbbe4c24ba4a4ddc0f75f8cab1a0e8e01174b5e4922baa7bfc9dff937ed453ff691ebc74ed,OTHER,"DARKNESS, LIGHTED ROAD",WET,FOLLOWING TOO CLOSELY,4.0,40.0,4.0,4.0
13dd186307f9802949a18f64722fd69747c634d760845d328ec5dafa56525a344a6eeae479b4e1195e2c38fee134e47a60a8c5a239a4dc8109b9155dd4b5bc49,CLEAR,"DARKNESS, LIGHTED ROAD",DRY,IMPROPER OVERTAKING/PASSING,2.0,26.0,2.0,2.0
13dd34f92c3352d6985aba499ac7b040b0d91272c81ed27b64032cd664a485fbd3e3d17440726327b93a0f5d22232d841ae525d557ea98ff24a947515f9a1aef,CLEAR,DAYLIGHT,DRY,FAILING TO YIELD RIGHT-OF-WAY,2.0,46.0,2.0,2.0
13dd4f6159cc96cb69afeca63c6ad9b18f78d7241718b7293d60b8d056630d4e1c2f51895b58f1eb8f2fb57da845d7585c96384862445e6ae448e33f779daee0,RAIN,DAYLIGHT,WET,FOLLOWING TOO CLOSELY,2.0,28.0,4.0,4.0
13dd814a58fabb2eff263d2e34411bde80859247979bf04b7e82ed923bc608d3df0d4cda94e476f80b2f69ac915305f8533a3993087057ca05f94a34d7dedfc3,CLEAR,"DARKNESS, LIGHTED ROAD",DRY,IMPROPER LANE USAGE,2.0,37.5,1.0,1.0
13dd8aaf7b77a5d30b959b7a9a6de6364350c5f07e21259f4ad3800f488c8d31c736f145a9a88a48c7bcf8839080a983c0ec483e1a831ba0a5e063af5d50113d,SNOW,"DARKNESS, LIGHTED ROAD",SNOW OR SLUSH,FOLLOWING TOO CLOSELY,2.0,27.0,2.0,2.0
13dda01be3cd4322067490301bd7591bf680bb96e89773094d76121b28c2cfcbef6c347499d413a340bfbbab1915875679d15f16c308d9b32b868e6429186f32,CLEAR,DAYLIGHT,DRY,ROAD ENGINEERING/SURFACE/MARKING DEFECTS,1.0,24.5,2.0,2.0
13dda1a46fc9b0ee6439b4e3ea0a6189c43246496512b2eaef88f79d621753ad8dd122662ad0ad9bf37c2a7d2fbb985001a1ae1aa1e6413997503488bb8e26f7,CLEAR,DAYLIGHT,DRY,DISREGARDING TRAFFIC SIGNALS,2.0,29.0,2.0,2.0
13ddc0fd9b747eea790fed31dbab1d8d87823514747c74f14824aca2e0a2ead380d1145a659d4a760e2f11e158b87e2c4c1b9d63307c4d3d30abda570a0b5322,CLEAR,DAYLIGHT,DRY,FAILING TO REDUCE SPEED TO AVOID CRASH,2.0,37.5,2.0,2.0
13ddc2802bf51a75fad8d9bbdc13db8e97e66fd44d75d4509d6c4dee753cccd2408b38385d08671e6bc6f812c44b2d0b23bca5c461540522f5f500da56e7e4de,CLEAR,DUSK,DRY,IMPROPER BACKING,2.0,30.0,2.0,2.0
13ddc71536b57637fc9ed057cb52b7b11743ef54ae395d39bb5ed3c74194190c738e7a9658321da54aa49c61d82b77b9be777874f23f8bdaceb0d87bca56e31a,CLEAR,DUSK,DRY,IMPROPER OVERTAKING/PASSING,2.0,57.0,2.0,2.0
13ddda503bfd27c96043e25b476294c1bf0718a0eff191e43cb4a02c87498c6792b33bb62ab9b66bff94fb58088234bc5df0b18389cc47c7a46a7f66c142cdf9,CLEAR,"DARKNESS, LIGHTED ROAD",DRY,DISREGARDING TRAFFIC SIGNALS,2.0,29.333333333333332,6.0,6.0
13ddf023e0d149a4fe05b6b5601c72cbe0d7149964f78aad2853e7f649b38450b76e06cabea0051f3d5ebd02a4a94d2c21ae0420acc864644c96236090b0ddbe,RAIN,DARKNESS,WET,FOLLOWING TOO CLOSELY,3.0,31.5,4.0,4.0
13de52f7a4c40993b15279bdbf6a573c7ede2e21db58a823f3fbf8db920c7ff88b71eb2d266eae6b4aecbd4a3311fd8c3254620fc2a67bf27348247e3b8e77ae,UNKNOWN,DAYLIGHT,UNKNOWN,FOLLOWING TOO CLOSELY,2.0,41.5,2.0,2.0
13de6acee2d0e8e32b4c189eb7f6c338264b81bd8083482d4c85c5e149f2aa6c6120c2d207f2bc31c8d82fe872f99f415ac0366ea906f35c5780e42a978a75be,CLEAR,DAYLIGHT,UNKNOWN,IMPROPER LANE USAGE,2.0,56.0,2.0,2.0
13de9f05f3014e087dfe9133ba7356fe6c283f62883c63cca7f07ad2294ac212f596943e5181e7c47aae571402d2ecdffc8bcec2b366472c819f31620474cd3d,CLEAR,DAYLIGHT,DRY,DRIVING SKILLS/KNOWLEDGE/EXPERIENCE,2.0,34.0,2.0,2.0
13dea24f2258b94100ca114b9be2318238c86518475cd1e13671aa12d30189cc613271ebd6e9f92fc43be5afcc3d50d78863cfab40300f2b63ac11299c72044d,CLEAR,DAYLIGHT,DRY,IMPROPER TURNING/NO SIGNAL,2.0,27.5,2.0,2.0
13deb5aa543d788d0c212293687d2c8be71d56a784f5dc07b0d7d22f06d24145b7c6e8adcc5b03da93838e03052a81fca9b8e9e03d4a74c905f4e7f3c79e5061,CLEAR,DAYLIGHT,DRY,FOLLOWING TOO CLOSELY,2.0,30.0,4.0,4.0
13df4ce8fc053e8acbc5b326b64a1c18f095f01314b1dfd0be494cc9c9d85062a6f1f8888b4330680d651884281f5a289dc59cd2fcdc12231439d835fc57819c,CLEAR,DAYLIGHT,DRY,FAILING TO YIELD RIGHT-OF-WAY,2.0,43.0,2.0,2.0
13df5f6f7df3f40e69f8f8cd440ba11fea925e477f4af61352b03aefe86890e0512a1c02763ecc26e80e8586365950afa1d1d136687edf6166c0d4f8ac3056f4,CLEAR,DAYLIGHT,DRY,FAILING TO YIELD RIGHT-OF-WAY,2.0,57.5,2.0,2.0
13dfd4302c52a85b98c47006c4e7906efec456d7c1e6874218ab7195d2b904a6393347ab43231ad00c17e05d4c7dadf926817d90c6b1bd8b058c1c288cfe9416,RAIN,DAYLIGHT,WET,FAILING TO YIELD RIGHT-OF-WAY,2.0,25.0,2.0,2.0
13dfdb701da2afbf906bb448281d23fc384ac11f43076ba33a6ffd6a3d4e54b6cd6d4c2ebcdc9ea27fcbd61516392b639440e436fac5fbfe0def7bd0745434c7,CLEAR,DAYLIGHT,DRY,DRIVING SKILLS/KNOWLEDGE/EXPERIENCE,2.0,44.0,2.0,2.0
13dff763ede6049f2aaca0fc8de6fd15096fe6d3876fc1fc9244137718ea73f04d5f7ff3cdbc55ec74cc49651ee38efc28d7dd86729ed4f8ddf16502be4c696f,CLEAR,DAYLIGHT,DRY,FOLLOWING TOO CLOSELY,2.0,32.5,2.0,2.0
13e00847cf9b7dc49a222d4f5986c600be22bcf713676e832922b80b2bf190d5f294c315193dc0e20042beda0f2ea312444fc30a596ed136d14fd8442b03de64,CLEAR,"DARKNESS, LIGHTED ROAD",DRY,DISTRACTION - FROM INSIDE VEHICLE,2.0,44.333333333333336,4.0,4.0
13e020d470fd9b650f0744ac21651c643c2b9e58d6bf99b4e45a3a5141e90043049b75ad79f2c2fa69e3d1a63face5ad97cb1b0f8c78cb6db0fbb745c521b361,CLEAR,"DARKNESS, LIGHTED ROAD",DRY,FAILING TO YIELD RIGHT-OF-WAY,2.0,20.0,2.0,2.0
13e022033149bfbbc7fdf6fb7e783b9735fb6e8d301541daa6be511c5b394edd18e7efe8718813b3928589d8a4daf141d6a1a4c161d546ce902db85d4dc19cec,CLEAR,"DARKNESS, LIGHTED ROAD",DRY,IMPROPER OVERTAKING/PASSING,2.0,58.0,2.0,2.0
13e02753ecf1b5414c4397a6ddd33944dcba09717fb4b22f1881a5d35b95fa1d007e80414b67db9bc8b8fc01c9279a4bbea1451d398c1aed4c27a9a0e4999baa,CLOUDY/OVERCAST,DAYLIGHT,DRY,FOLLOWING TOO CLOSELY,2.0,53.0,2.0,2.0
13e041c4a1559966d5ee0b87fcff119ce4415b3d117bb7bfa9bd1b1c203e10684adfe6c1d182392b9a44dc7b747958e2e694e3a622be77375999a418376fff27,CLEAR,DAYLIGHT,DRY,FOLLOWING TOO CLOSELY,2.0,52.5,2.0,2.0
13e071433cfb40c0db75a6cc479ec9650364ebce0c5aa66705e0491821a14dfa104f32bcdc52341b93bab597df2614f5c0759e07ceda1ad08e877d88c3f32aba,RAIN,DAYLIGHT,WET,IMPROPER TURNING/NO SIGNAL,2.0,44.333333333333336,3.0,3.0
13e0a06c77e4ed1264b0261a5e56c3e59e0af53ade5e2a8c9b1d777528c909ae852d6aedcb5496ea12f2b020f3892c84224e3ec34d84c450ebb6cd094ef1c694,CLEAR,DAYLIGHT,DRY,FOLLOWING TOO CLOSELY,2.0,30.0,3.0,3.0
13e0e942c2b6add8662492154c32e011b404b481aafce90f1eaecc095bc3e1efb5991dadcc8e250869a0809e4d1570ff20f960f29b1e679ad120351762512854,CLEAR,DAYLIGHT,DRY,FAILING TO YIELD RIGHT-OF-WAY,2.0,13.75,4.0,4.0
13e0f0cece6b1075177c59a35b17be8b20b9888160fe453b9a248dff163778f3fb969c468f7efcb6b346dd9779edbba1ab62d39e94e8b9840513f77628272b19,CLEAR,DAYLIGHT,DRY,FAILING TO REDUCE SPEED TO AVOID CRASH,1.0,52.0,2.0,2.0
13e0f6037f0788c1b1a60d8f4ad6e26530cd3cb3d839629447c51ce65af2c11d6ce7378d946ea3d2cbde4da016745f126afac7f42cd77ea49e4a1ed08a51aa6a,CLEAR,DAYLIGHT,DRY,FAILING TO YIELD RIGHT-OF-WAY,2.0,34.333333333333336,3.0,3.0
13e103efaf41bede503541e7b408e3d5bc9ac101d1944dce944f15a723892782d839b7ae3437e5181139cc0e197a573ffdf4f4968ee84cf937dcd33434809d59,CLEAR,DAWN,DRY,FAILING TO YIELD RIGHT-OF-WAY,2.0,11.5,2.0,2.0
13e110e393096363218edc312462896f3faf733c28db4d47e325f272f1873943e9db7ce79dab0ee4a396d55ba3238225cc44eb00c0522228069b54df18bdffa2,RAIN,DAYLIGHT,WET,FOLLOWING TOO CLOSELY,2.0,27.0,4.0,4.0
13e133294019e91114c260b3b14e0f9dd41eabbcd750f4ab30cce209917c686f7401df5225e26ee318830764b6d6c030a1c213c6cadf18b9c8439cd75a72a025,SLEET/HAIL,DAYLIGHT,WET,IMPROPER LANE USAGE,2.0,37.666666666666664,3.0,3.0
13e143d816ac939aaeed5c8573beb68fb4735b97b6236dfa21cdc1cdc51eb9262e73788838a28e4351ed280c3f303c91f184dc6ddc827a1f0d9167046cde0aae,RAIN,DAYLIGHT,WET,FOLLOWING TOO CLOSELY,2.0,39.5,2.0,2.0
13e149f9ac97db0a917229a114d569d52d086b2579a4f18fb8dbad44da6d63d03822af51da36fb1b0fce6ed649b4db1863f7d6438c8fcf0cf5d12d727a03f849,CLEAR,DAYLIGHT,DRY,FAILING TO YIELD RIGHT-OF-WAY,2.0,33.0,3.0,3.0
13e1593be06bf4238499462702419df8a59dca38c3e8004c2c397e1fc91d5185301f0d23c97b7c0da1c6ad5eb160f1a1e2f53e15d001485c7b4e11af42e4931e,CLEAR,DAYLIGHT,DRY,FOLLOWING TOO CLOSELY,2.0,40.75,4.0,4.0
13e163fc3e799f52979451c4d5a6431d7c9a7e8532f156826e750d8fbabdbfa1b5fc2326d1e36b7e8f37e7d772190b45dd453ac6294a6aae013fb24f7ddf84fa,CLEAR,DAYLIGHT,UNKNOWN,IMPROPER TURNING/NO SIGNAL,2.0,50.0,2.0,2.0
13e19b2acb8e666d6bb89b30ab326134fada52b3d7adcd6ac911e7928d5d2a843ebb80e4e3baa0a4d5c56d47b2dc44327be90a403eab7a37a01292636cedbbfb,CLEAR,DAYLIGHT,DRY,FAILING TO YIELD RIGHT-OF-WAY,2.0,34.5,2.0,2.0
13e1d03c0f218d5d5d1034201eb6f5cb381b0dddcf3b35afec7317b3614c2ae8fb2b1e17327cf11abeb29cb156d3c6f6d6f46645b12dba40f87fcef9d13377d5,CLEAR,DAYLIGHT,DRY,FAILING TO YIELD RIGHT-OF-WAY,2.0,24.0,2.0,2.0
13e1dcae78130351dc3fda697f7f78a5402317031fac7c7901d2d485eb35e78cff7ecc316db48ab423e9f83f422ec75716bd8289c9d13abf4d82089a7512186d,RAIN,DAYLIGHT,WET,FAILING TO REDUCE SPEED TO AVOID CRASH,2.0,14.0,3.0,3.0
13e218c0ef8721af2870202188f9aa85bfc310fab6fe75feec4b249f50fe139ebec101ac7e2c7ec916ad59e8e2608d2d8ab670f132e17607413fd8db3d726930,CLEAR,DAYLIGHT,WET,DISREGARDING STOP SIGN,2.0,45.5,4.0,4.0
13e235b4b237fa5581b922a525393c814b17991b119fdb2059f12683f278a63c45aa1f3c08e444a8398ea74b6853d7a72fc6b3b44a8416aad5fe6f0f8f80d21e,CLEAR,DAYLIGHT,DRY,FAILING TO REDUCE SPEED TO AVOID CRASH,2.0,31.0,2.0,2.0
13e24b7e151f8c0d65336eee77be470e42e180691d8181c3001e7d8f8de2f3a7e2c3bbc59f14a1a84738a1ea31b702e708ac69ccc4c104734b4873fe7634450b,RAIN,"DARKNESS, LIGHTED ROAD",WET,IMPROPER LANE USAGE,2.0,41.0,2.0,2.0
13e2ae29ae61cb030de13ae07aa760df661ae6a9f05646fc5b4b6eab1dbe5a6c77414cdd5bf7bd5a68adfef7e9b4ac8b4d0c3ee741052d344a1669279c7355e7,CLEAR,DAYLIGHT,DRY,IMPROPER OVERTAKING/PASSING,2.0,44.0,2.0,2.0
13e2b624ce6cac9b6401e3de25a527d5633df3d5911599bd2207f3c0ea667eaa3486e1ecd397519c080d30b5ecd3d73dc22655e4b666087d7c65c4314abcbfb7,SNOW,"DARKNESS, LIGHTED ROAD",SNOW OR SLUSH,WEATHER,2.0,39.0,2.0,2.0
13e2d5cbb48abfd6054c163321ed4993f749e0d758a6a0945bb6348cb0ec9ceaefe03371eae05d6aa5a60e5c0ad65896e95edbd037e53d51ca30c241dbff60eb,RAIN,DAYLIGHT,WET,IMPROPER LANE USAGE,3.0,30.333333333333332,3.0,3.0
13e3140043c1ed765347ad3600edbf19d47b95859c95b4410d88f687954426908e8401e900491a90056aaf7409bba92e750b92394d6890ae2e6ab6ec09c1dd08,CLEAR,DAYLIGHT,WET,FAILING TO REDUCE SPEED TO AVOID CRASH,2.0,45.0,2.0,2.0
13e347505831515bd64b51dd88431907a18cc36d46af27217ba4ff2127bbe6c8f28e38222d4f86e49b58c4af39e902d0ca08fc3ff7f7cb77d18809af7725057e,CLEAR,DAYLIGHT,DRY,FOLLOWING TOO CLOSELY,2.0,44.0,2.0,2.0
13e3ade488701a4b9757f9176d499be9d8467c7b4b2d160b6b596fd6f844eb04a3702510e67398a5f902ffbf9fc8ea825e808e001e406719df53d395227d7b12,CLEAR,DAYLIGHT,DRY,FOLLOWING TOO CLOSELY,2.0,56.0,2.0,2.0
13e3b71c2e19974d8c5c365695cb6beb4833c6da63d14651debd62b7ca0e6e9acc8b05948c8df807a1b9a3a0cffb558d3b5ca1ec0bdad84fe67bbe16d602fe23,CLEAR,"DARKNESS, LIGHTED ROAD",DRY,ANIMAL,1.0,50.0,1.0,1.0
13e3ebfbbd8487f3ff2e509fed832d742cb0ef86475171e4e28336bb7df725ae4b54df2448259bb3a918607a60342782f2f3d837be74e19c19f54d6c66dcbb8d,SNOW,"DARKNESS, LIGHTED ROAD",SNOW OR SLUSH,WEATHER,2.0,41.5,3.0,3.0
13e3fca6b14c0a2ade1de30dc760591b755bfac2fe53f4e19c56166b596d9e8cf2d2a4aab2191e5dc221392c9766d7b7f5dbb816b5adb5e10b1e4cc970e2477f,CLEAR,DAYLIGHT,DRY,IMPROPER BACKING,2.0,42.0,2.0,2.0
13e4146e7d105c4eb4ba4ecee9650db18ee2c0a0cae7b0d1f8b0c9094068c39335e53c9ed8fcda3ae2c80e70bd03b5b2c260b42c1ce1e1097d8a5878111b0e05,CLOUDY/OVERCAST,DAYLIGHT,DRY,FAILING TO REDUCE SPEED TO AVOID CRASH,2.0,49.75,4.0,4.0
13e4462954b4333d66b6061e18dfe13f2a6406747d8aa40127be58c036b2847a9306e471152e1ab51feb3cdfc729fa878cccee22628879e2edbd856e0576e232,CLEAR,"DARKNESS, LIGHTED ROAD",SNOW OR SLUSH,DISREGARDING TRAFFIC SIGNALS,2.0,21.0,2.0,2.0
13e4551aaf72340ad90049916cd43227e47dc62ef6306b7b746935d4b478a58dd39761aff6f4cd2d5d493f3dfaae3491c6d7638cb4645f0a75da47822c47ed89,CLEAR,DAYLIGHT,DRY,FAILING TO REDUCE SPEED TO AVOID CRASH,2.0,31.0,3.0,3.0
13e47860f58114d8356f56612aea7d07be3f702444cf715e73c6df796b1ebfeaa26dfeac4a90edf8f26c1e2afe88da15155cd7462d4cdb58904dc7d5c9aba932,RAIN,DAYLIGHT,WET,FOLLOWING TOO CLOSELY,3.0,30.0,3.0,3.0
13e48aef669600d2c7ed134fe931a866ea178e2807cc038106be0f4aa68a04618c9b8c9550c7150ccb797746c20544a48af12af5ab903d2c04ee8a176a053c4a,CLEAR,DAYLIGHT,DRY,FAILING TO YIELD RIGHT-OF-WAY,2.0,38.0,2.0,2.0
13e49d4084ad7c570a82098309a46d0475170c3e79277f92bb481757605dada78973d4cb4e06f693c13934a8acfe2e6442b8968111cd9f22c980d9419a2f558f,CLEAR,DAYLIGHT,DRY,FOLLOWING TOO CLOSELY,4.0,46.666666666666664,4.0,4.0