crash_record_id,weather_condition,lighting_condition,roadway_surface_cond,prim_contributory_cause,total_vehicles,avg_driver_age,total_people,total_injured
13e4c2371d684c49c3fec49ce4d0964fc195fec2ef85fafd15045e4a2a14fbb327e86200c0dcdf50eede32429b01195083e2c243713a7c93a4b3b36bce8ecdce,CLEAR,"DARKNESS, LIGHTED ROAD",DRY,FAILING TO YIELD RIGHT-OF-WAY,2.0,0.0,2.0,2.0
13e4e685e07d044968a49843a2e8beb28f05ce2426e78780035aaf89740f31a383aec28bde9426cd1924df82f403a9d50b3ad71d1c2cdab7705e126601956cde,CLEAR,DAYLIGHT,DRY,FAILING TO YIELD RIGHT-OF-WAY,2.0,51.0,2.0,2.0
13e4e6b6079bf6e4a2da23c94af7f37444652953b256f80399b6e9c43f9b53c536edf3cbd0f44876519773deffb0b992bb184f00126a2f79e93ab51da6bc7174,RAIN,DAYLIGHT,WET,FOLLOWING TOO CLOSELY,2.0,66.0,2.0,2.0
13e4e775ddea37cd5af577109edd839332ea3ce39b92ce6f04e940126f744315864df459404cd872842e16d7156b95ed912c75a16c0a9b47d82c2b03e771092b,CLEAR,DAYLIGHT,DRY,FAILING TO YIELD RIGHT-OF-WAY,2.0,42.0,2.0,2.0
13e5270826d4f137f97f8233d6490d11deb1b31be752b149c072acf37c1ef7e777a318e28c431af0c8bf16b3c5ba8680abc1eb8be0c8050e248d230c976f3d3e,CLEAR,DAYLIGHT,DRY,DRIVING SKILLS/KNOWLEDGE/EXPERIENCE,2.0,47.5,2.0,2.0
13e527b7fd71e02ad4bbd91536241d93712ade69763d5b74f081204faa79bf0ef86db06c115099191066baa7bdf64fe814596a9629f797d4ab5a6c4953607bb6,CLEAR,DAYLIGHT,DRY,IMPROPER OVERTAKING/PASSING,3.0,49.0,2.0,2.0
13e5c1aa6dd76cdaf5e8a6b1836da3fac8d73626f1cb413068c91d8c24caefced1eef3b8899548c2da8824646ba934eb71223ea2b3b5a54267d1c8b9d161c730,SNOW,"DARKNESS, LIGHTED ROAD",SNOW OR SLUSH,DRIVING ON WRONG SIDE/WRONG WAY,3.0,34.0,2.0,2.0
13e5dcb745279a45373720f9a41e9ea3b72e75ae789a5007dd526c265aea8ed36677e58eae67c6a22694bb0452ddaf7c112e90fc248380e3f0bd319e3bfd037a,SLEET/HAIL,DARKNESS,WET,WEATHER,2.0,43.0,2.0,2.0
13e5f3d8612bb36b5bae6f66b7c880eb036ae9e097d0b9709e9af10035bcc0139513ac1bc3008ef20eaf80f99be544107f80f2a04de8d4e2307091a20ae63aa3,RAIN,"DARKNESS, LIGHTED ROAD",WET,DISTRACTION - FROM OUTSIDE VEHICLE,2.0,28.0,2.0,2.0
13e603c52a2ac21594271945fb1c7604b1f6ae52bc23190d25a3e9d5c119e6af3671bab0db45628ce92567e8af47925c4dff56a9e266320c7abc1fb8927858b1,CLEAR,DAYLIGHT,DRY,FOLLOWING TOO CLOSELY,2.0,36.0,2.0,2.0
13e61f49e4d48a061783f98ec1ebebc5fda44eebf8f75e67420708b8560b794cbef341ea2969d70665fd77f49bda881cfbac0a2fabd71a74641a1a8479437ca7,CLEAR,"DARKNESS, LIGHTED ROAD",WET,IMPROPER OVERTAKING/PASSING,4.0,34.0,4.0,4.0
13e62128ac557646ee2b46b22023d218864264c26ce9a52194d55abc79327b80e06364ee0691a80c68d7223234dadd8b42b3af38672ee58fac98a439d6faac2e,CLEAR,DAYLIGHT,DRY,PHYSICAL CONDITION OF DRIVER,1.0,37.0,1.0,1.0
13e630217e89386af93aa1830dbbc44654701b93b493e7d5f43d205068f8cdce846ceaea6325709c35f190076ac61bfeec0dab9794c97fe809b7be9dc5c2c0db,CLEAR,DAYLIGHT,DRY,"OPERATING VEHICLE IN ERRATIC, RECKLESS, CARELESS, NEGLIGENT OR AGGRESSIVE MANNER",2.0,21.0,2.0,2.0
13e64cb8dd8b18da0f458a89ce7c22fa3532259bd1f77cc95554cc41c4d34af5fac68322079c285cc6fd341d02baef987a102b6151d417f789bd5e8525913393,CLEAR,DAYLIGHT,DRY,FOLLOWING TOO CLOSELY,2.0,36.666666666666664,3.0,3.0
13e660612cafa6caa23b20afca9b54060df3e88a9d2ec6e3a7120b5e71fe2ba1f9c0435a7266aedb9d4ec82273e92d0bd850ffcfcce6b27b32f64658546faabc,CLEAR,DAYLIGHT,DRY,IMPROPER TURNING/NO SIGNAL,2.0,28.0,2.0,2.0
13e6826ce1dee4698d4caeaf2caa49dce80206c931d4888529f7fdbe8b564c04e6849fb2b4aa61ea60a9b3c65a48a2f9b888db5444137f2d3bf06ecb58ea61fa,CLEAR,DAYLIGHT,DRY,PHYSICAL CONDITION OF DRIVER,2.0,24.0,1.0,1.0
13e685ed58199d472bffcd3c1b6a59aee3149f012c6552a6e086ad8e45253d3e9d10688d456f8e515f0512d7493977cc549fc1db0633ec2ae45b790ebee6525b,CLEAR,DAYLIGHT,DRY,FOLLOWING TOO CLOSELY,2.0,30.5,2.0,2.0
13e6f603786463db4d467f2a1294b178385f26f99955e60196371bb0b60c78f7634b0d3ba1c196dc0c9837d51a2896c0a079885c5eb80d02bd8315abf8f4ee38,CLEAR,DAYLIGHT,DRY,IMPROPER BACKING,2.0,53.0,2.0,2.0
13e7054c6a8dc7d7f9a5d09e6c3acce40a5f499c00b9899bc1c9d66c02992afa466483768fe9566d9dfd796b92c325ea4bafdf6955b8c2683a2f6b54ff5fd67c,CLEAR,DAYLIGHT,DRY,IMPROPER LANE USAGE,2.0,24.0,2.0,2.0
13e733c11bce6769455d813e0e04622d69167dfc3ad66f4d98291d224988bc2c7b850b08fd1b71d877b84350d5f0fcaaed48efa46fd1724b19bcbc89e787a2f5,CLEAR,DUSK,DRY,IMPROPER LANE USAGE,2.0,38.0,2.0,2.0
13e73a7d2fe3801712e5ba0f17a62eb8d180c25d53121c4b788e3f0e64c218121318356853762191d676363a81d97013b839750479e1f0b1b5ad378e9cc0ec9d,CLEAR,DAYLIGHT,DRY,IMPROPER OVERTAKING/PASSING,2.0,46.0,2.0,2.0
13e75b550ee1704546292c24e73e0bceb4091682bb78b85b2d0920f5a1a034cf6df26fbdf83ee8cd244c3be805dc49985e6b751af9529390bf228817d1930f3b,RAIN,DAYLIGHT,DRY,ROAD ENGINEERING/SURFACE/MARKING DEFECTS,1.0,26.333333333333332,3.0,3.0
13e785a26e2e20457bc7c8f24fc60915e457fd3ca30dc3ce4ba3ced98c9734d88ea92b967ecdc2673bde8518b7162412b5ad112a1619e17c8776ea46e8d8f0fa,CLEAR,DAYLIGHT,DRY,DRIVING SKILLS/KNOWLEDGE/EXPERIENCE,2.0,72.0,1.0,1.0
13e7a69330b9ed9787cf21ca4fca691c22da5b2a5d70c51f8e730c37d85f999a44339b5d0eede6826b2240d0781aac04699ea987d4387ea44011fefb389e1e7f,CLEAR,DAYLIGHT,DRY,DISREGARDING TRAFFIC SIGNALS,2.0,59.0,2.0,2.0
13e7b43bad1f5053091ca4a89904b1d0af8d58925c35e3db93f2384389a157c54cb981b5aec1787bdcec96924f66d9e53003804086f4b333adbd91e086d85b21,CLEAR,"DARKNESS, LIGHTED ROAD",DRY,FAILING TO YIELD RIGHT-OF-WAY,2.0,35.333333333333336,3.0,3.0
13e7d368f737db2d89fac561b34ba25d7486b201e1237f24e8e06155d0a05fe0b6b81eedb477aee0dd6d1debb295553afbb1a0fddee19b1ed2dc0d36675819a2,CLEAR,DUSK,OTHER,FAILING TO YIELD RIGHT-OF-WAY,2.0,29.5,5.0,5.0
13e81e1b9bb92f2ba5cef44c0adb83573aa98c8b32782b5f332988228829831a9851604b46d0d79c7a50a18b3c6035bb71fe6b92459d71cdbf94b0652c56f264,CLEAR,DAYLIGHT,DRY,FOLLOWING TOO CLOSELY,2.0,44.0,3.0,3.0
13e849ca995f61bff22ac156ee3833c0f8733c2934ad544db4da0a62d09f5c5d478c362be15fdce7889ebaf23390357d9a4f6b1b6978db1b78d5d26064fa4e04,CLEAR,"DARKNESS, LIGHTED ROAD",DRY,EXCEEDING AUTHORIZED SPEED LIMIT,1.0,23.0,1.0,1.0
13e85cb4c564da35df633bc6dc6539a9463e576746bfc196fb37ce67bfb7bf8ea4134a6663d5b794e2106821a68fc22b232a8ab1f80a6164d2d2905d66fe415b,CLEAR,DARKNESS,DRY,FOLLOWING TOO CLOSELY,2.0,11.0,2.0,2.0
13e88bd40bce13c1afd82f25d1b8e1def4d70aeef7ceb576aa64b08623058da0ae1ca269717a4c48d9d36b591805fad3447dd0999a773a2efcef5b7003954a47,SNOW,DAYLIGHT,SNOW OR SLUSH,IMPROPER BACKING,2.0,37.5,1.0,0.0
13e8be4869b3453c3a5df8eeeced3263df23465fa6314a973a3570441420b2321be5092d51ac8266999d3afdcb8ee39bb7d0784c6229aaeca3c4d012ddfad1d0,UNKNOWN,"DARKNESS, LIGHTED ROAD",UNKNOWN,IMPROPER TURNING/NO SIGNAL,2.0,43.333333333333336,3.0,3.0
13e8d03bb82917ea143b598f469069b9fdbb000b254670f13ab129ee762bb01c7db78bd9dd796556f68775df8a92e6820d6e1b4832cb9f4bed2a405192090418,SNOW,DAYLIGHT,SNOW OR SLUSH,IMPROPER OVERTAKING/PASSING,3.0,37.5,1.0,1.0
13e8fb92c5c0bfc68464954104129e2d68d04b620843822fb72805766517281be4a8f4ebd0f04d5cc030a74ddeefef9fd596d2c0dd07bfe23b2e07ea220d106e,RAIN,"DARKNESS, LIGHTED ROAD",WET,FAILING TO REDUCE SPEED TO AVOID CRASH,3.0,55.0,3.0,3.0
13e91ca59129498d29d0ccfb0ad02307f7d6fb1b36cbc73505b702341815338a96d92b8d1bf8a59f6ed4c55c35071025f80a1cfe7304f19d5023f48daf60d387,SNOW,DAYLIGHT,ICE,DISREGARDING TRAFFIC SIGNALS,2.0,59.0,3.0,3.0
13e959dd021c690313dc85812e8604332c7f91a4f421e1cebd26718cfeb96e99b29ad03d0b9dfb872b977306e6d7d030cde03472f43d8c070ee1de837e411278,CLEAR,DAYLIGHT,DRY,IMPROPER TURNING/NO SIGNAL,2.0,37.5,2.0,2.0
13e9740a739ef405f9f3c5bf3f3f5e62115affcc7ae55a46bc0ce615f229addacf1d0b61b020045d973d67fb81f7c6e63b6844ecd3cb94da870698361aefff91,RAIN,"DARKNESS, LIGHTED ROAD",WET,FAILING TO YIELD RIGHT-OF-WAY,2.0,26.0,3.0,3.0
13e9778b31ded16e645bec795b7240ace3347c571cd955062b90f3beee46cf327e0fb22f038b7628c62cd697fc1f9921db5c0c66ed246786bb38f33606ba0f69,SNOW,DAYLIGHT,WET,WEATHER,2.0,34.333333333333336,3.0,3.0
13e9a7ea373389d9353a800b60993eae0fae12ce88218193ff981f192cff3569bd237e3e7a0297115fb86bb336746954c3752e8972f26cb4800ec53b98036351,CLEAR,DAYLIGHT,DRY,IMPROPER OVERTAKING/PASSING,2.0,39.666666666666664,3.0,3.0
13e9c915404a75f9a98e5e7584f6f0223b1be6d1aa8e39b8639c68e56aef77cd0524ea90a0d30eaad26ab95e884dccc947b395a4623a023cc23dbe304a74e7aa,CLOUDY/OVERCAST,DAYLIGHT,WET,FOLLOWING TOO CLOSELY,2.0,45.5,2.0,2.0
13e9ed7794566c5465819e77fa7092c362834f433f3f5d9603890c95168b2fc5fc4ce7f25d907ba3bd65dd3c84ffabd4a7c9452a290c93a72e9483dd9b7983d2,CLEAR,DAYLIGHT,DRY,FOLLOWING TOO CLOSELY,2.0,35.0,2.0,2.0
13e9f9e8c9073c1e4b02e3856a6d747c941bb68fe0a96558ce38e89dfd17a9d7deece0866f1d5fcbdad30b373561d43d063c0cbc0c4757a8a3e598fec652eaff,CLEAR,DAYLIGHT,DRY,FAILING TO YIELD RIGHT-OF-WAY,1.0,46.666666666666664,3.0,3.0
13ea4fbf40347fc36ce6daf7b27bbeddf955a71e84206b555a6b38cc4126b98cb1266e64d1fa9c66042539d4b72b9497fe3236f7b3b220f6ff0948359946b7e3,CLEAR,DAYLIGHT,DRY,IMPROPER BACKING,2.0,40.0,1.0,1.0
13ea51ef8601b9a050bb9e3f8321cb28633bbd87215bd4f65489133e855643abbcfedefdce439ed01216282c9f590c2e05f6a5d9bec0a6dc614b1ee82f9cd793,CLEAR,DAYLIGHT,DRY,FAILING TO YIELD RIGHT-OF-WAY,2.0,32.0,2.0,2.0
13ea53e65d9ceb1bf29765fbddf571d70d3cd74b9ebe21d0d91ecb78af71a8ac42d43eb3270d84f14428ce8c684ad2b2874730f9ba29696b8b5e25a7b479afdd,CLOUDY/OVERCAST,DAYLIGHT,WET,"OPERATING VEHICLE IN ERRATIC, RECKLESS, CARELESS, NEGLIGENT OR AGGRESSIVE MANNER",2.0,37.5,3.0,3.0
13eacf4c837b32d337c8880d2f6564cee70c97da7dd0ad94d1013a53d5478e657d0b393d64fd577c86025b8f1a52c9e1e0bbbd16237bceb14dddde9a553d9c89,CLEAR,"DARKNESS, LIGHTED ROAD",DRY,FAILING TO REDUCE SPEED TO AVOID CRASH,1.0,53.0,1.0,1.0
13eae080692abc69b70bdb774bfbda4db0236776da473f1c1d09c0f62c816912fbb2aa1eb067ef94f900479aa9a1ca3cc26e311f3166186102db9362fef90b8d,CLEAR,DAYLIGHT,DRY,DISREGARDING STOP SIGN,2.0,18.0,2.0,2.0
13eb01e0f6e9cb78172f14247941456788a68aa856b8fe917f5dd1e44bdb709f4a4f80abc572ce3c3a48794469f161299f1da0bb304a5ca487c52f91ded55095,CLEAR,"DARKNESS, LIGHTED ROAD",DRY,FOLLOWING TOO CLOSELY,2.0,49.0,2.0,2.0
13eb1ad8daea947cb8ea224eedbdfbc4ef14a823f87d3d71eaa5ae1f5b83e8446c41828fec76a80c1c8647ab801ece9e5f00bc9b3e29c8248bc5dfb070a7985e,CLEAR,DAYLIGHT,DRY,IMPROPER LANE USAGE,2.0,67.0,2.0,2.0
13eb1ddbfe24d998ff98ff2d0f0249185be0a0a42376133d49437c8f612ea8141e03fb83b17f345c6e20b6694431fa01ccc3d998969585be79b3e524d9652119,CLEAR,DAYLIGHT,DRY,FOLLOWING TOO CLOSELY,2.0,32.5,2.0,2.0
13eb23aaf76c0bf49512d113c409cbb0deba459d4907806ffd9f24cb58840e0cfc97cbe4ba33eac28edefc9ba7a6d1e157f667882ee15b3d0bd9c909d403798a,CLEAR,DAYLIGHT,UNKNOWN,FOLLOWING TOO CLOSELY,2.0,24.5,6.0,6.0
13eb2ee8b4104cfc5dcb85d7b3ef6d4a7156523281f809c6c890f348729b92176ce84f496b26b0c0437c071830eae02634754bec4500f052f62c7e53b1e21998,OTHER,DAYLIGHT,DRY,IMPROPER OVERTAKING/PASSING,2.0,37.5,1.0,1.0
13eb84944d76baa59c1baa11f43744a02e95ec801efd35f214b52c84f3965c6b6ef4e12c24ec89f777b1f536669987a006c0f01c395fb649a4be16c293f32ea0,CLEAR,DAYLIGHT,DRY,IMPROPER TURNING/NO SIGNAL,2.0,30.0,3.0,3.0
13eb853cf87fc45514993f4bc4d0d25a101e226983e92cc32cc07bebbbc135cdbf8fe04f4fbcae5d609722b482f15664dbfed321137584d7b7954c00f1f958d3,CLEAR,DAYLIGHT,DRY,IMPROPER TURNING/NO SIGNAL,2.0,36.25,4.0,4.0
13eb8bd9635fefaff096ae771e7e1c5c8fd1af0fb3557c4932610fdbeb6661fceee20ef1eeb3f25dd086aac505537ea3a7486f2198e0c617be78992c205ddbbb,CLEAR,DAYLIGHT,DRY,FAILING TO REDUCE SPEED TO AVOID CRASH,2.0,35.0,2.0,2.0
13ebd90303ee5e25023f2264786a7e71044a107ef6e4748ce2d22cb3d4653d00d1876fb129bcf2892522c35fb916a5cca935ba2fa47ad27a2936ac0cbcd978e9,RAIN,DAYLIGHT,WET,"DISTRACTION - OTHER ELECTRONIC DEVICE (NAVIGATION DEVICE, DVD PLAYER, ETC.)",1.0,24.0,1.0,1.0
13ec0c494c82de506e80c3b08cd81ce9747a03629acafcec4b422c00b7cdb41c289d3207001730eb5ca73d1e682033b427a7c47fd35d07703066975cf3837da9,CLEAR,DAYLIGHT,DRY,IMPROPER LANE USAGE,2.0,68.0,3.0,3.0
13ec48fd650281032a5c0df9d543f280ca67ecc2b69fc3fbf0fc575887c19fa96b700366df31a6b5d81af70f2b0200bd2e9ee2900de6836b1481278249b48f30,CLEAR,DAYLIGHT,UNKNOWN,FOLLOWING TOO CLOSELY,2.0,19.5,2.0,2.0
13ec55b8fe2d6bc3d7d2e2d11d29c04e411b31ea28b36785c01951b3c917556f2818d64460b6c4fe5ad7303846c0d41fc07a0c74dad9a27a5cdd68f18b12a6f5,CLEAR,DAYLIGHT,DRY,FAILING TO YIELD RIGHT-OF-WAY,4.0,40.5,4.0,4.0
13ec609e991151b799fc247c124cbecd515582f70d558a004aef5e594b2440e8e7d58e0bb5ac5a1918bf7d890f0d21af737e48c7e5a1ef6cced5cd9102be148f,CLEAR,DAYLIGHT,DRY,DISREGARDING TRAFFIC SIGNALS,2.0,34.0,2.0,2.0
13ec6ea08d3b7d74efd601190223bacec27a0c0469a6c6053ffb64c8098e37931ddd7d2e01da9021e820f44a0e44767e54fd3fbe63b81a0335ebbcdf518124b0,CLEAR,DAYLIGHT,DRY,FAILING TO YIELD RIGHT-OF-WAY,1.0,28.5,2.0,2.0
13ec70d5c7375862261e94bda886ab809769f63bccad8cf4cb5772614de8953ed4d332495d6e7d842a9d1f2061c908afabd4673c8b8fd1dcf5e66baca8bd9863,CLEAR,DAYLIGHT,DRY,IMPROPER OVERTAKING/PASSING,2.0,37.5,1.0,1.0
13ec79b94a4bf9e6cbe8a43c08bf90b271669326baa6acae97bfe0def0853545af44ad3aac3f48d8b5b2b1e2958d591c3973477f2723b3bbc65ab28ecb34c796,CLEAR,DAYLIGHT,UNKNOWN,IMPROPER LANE USAGE,2.0,36.5,2.0,2.0
13ec82f128be2f4b9f2fe04e6a28d607761caae2fb495899b52c7ea51e8f8222760852c1c6401b18633b841384159769c2dafd93ddbf1b5777d768ebdbfa244b,CLEAR,DAYLIGHT,DRY,FAILING TO REDUCE SPEED TO AVOID CRASH,2.0,23.333333333333332,3.0,3.0
13ecd90de7865102948556562162a208d4cf495fac52bbb1e5cd8b27b3ba7e721c5ff19ce66b6991801183434fc9ea1d26d7f8b7d6e11a0ca7a6c931cc299cb5,CLEAR,DAYLIGHT,DRY,FOLLOWING TOO CLOSELY,2.0,49.5,2.0,2.0
13ed03377d347ca247408b7ee236e046fab12d47c31e78c456b2ba7b84fe61e258d1e28dcadf3382444a96980835a3274a549cdabc0fb1c0c8e9ecdeffc5be82,CLEAR,DAYLIGHT,DRY,"VISION OBSCURED (SIGNS, TREE LIMBS, BUILDINGS, ETC.)",2.0,30.0,2.0,2.0
13ed076663c7fa5a44accd4b35be28a00f68348d5b4d7f0774f1bffb67d3e140dab8aa7475e9fdce82cf5e0e851d81a9b4d08c380773cf4bb03e8662ff88cf2f,CLEAR,DAYLIGHT,DRY,IMPROPER OVERTAKING/PASSING,2.0,37.5,1.0,1.0
13ed1aee40a3d87d937b4bc704fc1b92024899cfe2ad62e0e25085ed32d2c5e49e028d5647c073d4ad986544a2a5d5283c6606feef590640bc15e8c66d7e1a05,CLEAR,"DARKNESS, LIGHTED ROAD",DRY,FAILING TO YIELD RIGHT-OF-WAY,2.0,29.5,2.0,2.0
13ed2d5e4440f74f693e0983c3f6955bb7a3caa52d9259a3c7039d4708a75a49062562490f1e85e4617c6d4da9f107f7e928c8732b3fbb481b4fbe6753ff45f3,CLEAR,"DARKNESS, LIGHTED ROAD",DRY,DISREGARDING TRAFFIC SIGNALS,2.0,26.5,2.0,2.0
13ed2e42aa60b6fe8b7b048fac189862cb46427d6c097153fccb0ec1392b62ca0a5548986bc28fee481568f7f2e2a5c322daefa23c443e357814af7ae224ae9b,CLEAR,DAYLIGHT,DRY,IMPROPER OVERTAKING/PASSING,2.0,39.0,2.0,2.0
13ed5138d51ba8ce5087cdd43704b66225bad18c3906530da2024d36de21171b999e23bbb98172df8bb1d4971160d1e7ca13383e7a561156eb0506bbe94b3602,CLEAR,DAYLIGHT,DRY,FAILING TO YIELD RIGHT-OF-WAY,2.0,62.5,2.0,2.0
13ed54d80d3f4f69ef1421a1e6784954bb264664a585c368b4931eb6f1b00479ee9ae7b9657da7480c93dbcd26f72b953ca15fd98e396f6e5460407740720afc,CLOUDY/OVERCAST,DAYLIGHT,DRY,IMPROPER LANE USAGE,2.0,41.0,2.0,2.0
13ed555b059b187e591896dfbc871ed1aa6786152c7ed95f5caadd4270367ee395e87ef2dc64bb9c8f60957213c97387ea909494115187e74ec91c922d368960,CLEAR,DARKNESS,DRY,"OPERATING VEHICLE IN ERRATIC, RECKLESS, CARELESS, NEGLIGENT OR AGGRESSIVE MANNER",2.0,37.5,1.0,1.0
13ed5bd073ffd5a1eca5e42c3942f8362fb7180cda14e16099acecb8ce5adaba9afa82e14fd07537a54c3fa39db347e31e6f4e8632f1a3e12f10ed1622e3e1f2,CLEAR,"DARKNESS, LIGHTED ROAD",DRY,FAILING TO YIELD RIGHT-OF-WAY,2.0,31.0,2.0,2.0
13ed60c95b90406de313b2532626aa5f7eae60eafbb3ea7e186180d560d721449e5f27953cbaf9a1fcd0fd11532da32c90bacacf4665ddf05a84fb1421aedd1a,CLEAR,DUSK,DRY,DISREGARDING TRAFFIC SIGNALS,2.0,42.5,2.0,2.0
13ed727ea19f5e56e491200b389b12dc565eb3e90ffba561ed4708e112db55e0f9b5f4303278cca468f05cfd5166e9a9fc8014707c81b01d97490a56d18dc1ed,CLEAR,"DARKNESS, LIGHTED ROAD",DRY,FAILING TO REDUCE SPEED TO AVOID CRASH,2.0,40.0,2.0,2.0
13ed8c4936f3bf0d66c68b39ad9ae03a0700985263774fe43d65dae7854609c34e05ef26015d959c07af6e8932e7c46d4b3503cc26988a4e5d4ce4fabd529293,CLEAR,DAYLIGHT,DRY,EQUIPMENT - VEHICLE CONDITION,3.0,18.0,1.0,1.0
13edc549c78e742c255a92710e747ef40faa5018fbcac87dad75c185081bfedd3f11bc263b1139c6ed4a82e09996b01bac20ec5952e37dc57a54dd6b0365d86e,CLEAR,DAYLIGHT,DRY,DRIVING SKILLS/KNOWLEDGE/EXPERIENCE,1.0,66.0,1.0,1.0
13eddd3282db202af380f97eb8fbbf27fe7038e456f2737ab4caff12d4f021c86e272a8c212d69b055887ddb131cb5a9600bfe3aeedce063340c00fd1a07335d,CLEAR,DAYLIGHT,DRY,FAILING TO REDUCE SPEED TO AVOID CRASH,2.0,33.0,2.0,2.0
13ee104cbb69795349e3e222eb1a7a8abf6d933d560d37ae9495a0e14282f87e017a4070b4dbffbe59dcf8684a709ed1210ffc506397ed373cfd972ed4c3d6f9,CLEAR,DAYLIGHT,DRY,"EVASIVE ACTION DUE TO ANIMAL, OBJECT, NONMOTORIST",1.0,44.0,1.0,1.0
13ee5451b83f6e5cbbaaa099ac05be0686d24866d0d18cb6ebcc131b26841667dbd42eb8ec65a266598acd89a79cb5fdf3f614b35db299dd3afbe9b66cb9d5de,CLEAR,DAYLIGHT,DRY,IMPROPER OVERTAKING/PASSING,1.0,33.5,2.0,2.0
13ee860baca23784b8632598b7e717107b2008b99b8c35fb800ef4787266a56ae406ab4a81108c0d04df1b956a7a2723644cbb845f563044509746a64ab3b004,SNOW,DARKNESS,SNOW OR SLUSH,IMPROPER OVERTAKING/PASSING,2.0,51.5,2.0,2.0
13eeb0ca7977387a2657114f01e438c7814361f2ee6a32fd4af6a082d28dfc99d92ec60b53f62c5830e6e6064fe4ef5a871a48aa0532fe4cbdc9030374ade4e5,CLEAR,DUSK,UNKNOWN,FAILING TO REDUCE SPEED TO AVOID CRASH,2.0,44.0,2.0,2.0
13eeb2030f203437154e734db4386bbbe3fb4f8fdc02fe46dec54a5b9be2d4ccb375207aada88d22f275f8935c53dde6d77926c682b0a5507f6ecf982c542c55,CLOUDY/OVERCAST,DAYLIGHT,DRY,FAILING TO YIELD RIGHT-OF-WAY,2.0,43.5,5.0,5.0
13eebe04b399cef99ff67a65681618c6f70d905fb09dcd5fcaf5253525bc36497d8a16a106bdbd0ae34d6f5f0ea6ccd81747a14a46108d82d2de80522ddfea65,CLEAR,"DARKNESS, LIGHTED ROAD",DRY,FAILING TO YIELD RIGHT-OF-WAY,2.0,58.0,2.0,2.0
13eedb9965fb849701402a8ec40ddc0a4d1915386e88847bbfcbc050e74b1b01537c10dd24785289805f666430e22e5379bf4b2dcbad6f4e73b14d38e4bdf218,CLEAR,DAYLIGHT,DRY,FAILING TO YIELD RIGHT-OF-WAY,2.0,26.666666666666668,3.0,3.0
13ef04aec343132aabbe39b264ceb06f0ab3d75f204aca3c3e283fd70eacda22da86b9cf14188c906954aa4793c42a0f55a1dd2d7ac52ef0bd71b2b206ca231e,CLEAR,"DARKNESS, LIGHTED ROAD",DRY,FOLLOWING TOO CLOSELY,2.0,39.5,5.0,5.0
13ef1e09d00809b6f308f3773b14b1b1380149451c12cea2928ef987380e6ea89af24a8c4ca74d3de357aa9c1f3db2d456c3edd8e52b10069be6a424018de493,CLEAR,DUSK,DRY,DRIVING SKILLS/KNOWLEDGE/EXPERIENCE,2.0,37.5,1.0,1.0
13ef3606754c0eb11d08484fefa13db6b3745df69939599a0084ba42e75aff6462a46d55929e5bcf51ded7f5ae90edf26bea3734f9718ca99fcfd6d6d12bc7ed,CLEAR,"DARKNESS, LIGHTED ROAD",DRY,DRIVING SKILLS/KNOWLEDGE/EXPERIENCE,2.0,37.5,1.0,1.0
13ef4b293a223c4b7bc02ded8a900a095cb26b5df26781d0a5a84d587dbadf08758113b10c8c5d611bfbf2dd3d3a87b5bdc4cf251047b0578d400f928fbd6cf4,RAIN,DAYLIGHT,WET,WEATHER,2.0,38.0,3.0,3.0
13ef4e465882f8ec006256231507286b7b5ef79b8eeef0b854da36e6f323b65b39e1c10832b58a0454af7b1241ca5ec939963334c7438978ac7029ad34cddc41,CLEAR,DAYLIGHT,DRY,DRIVING SKILLS/KNOWLEDGE/EXPERIENCE,2.0,37.5,2.0,2.0
13ef68a88a171b75c5bb773e2c5b82a18ac77a0c2969538bd2290d58cf466cbd9b2f1a20b4dbd2295e249e59c3280115e9de7a5560a8aa53c253578af6806df1,RAIN,"DARKNESS, LIGHTED ROAD",WET,FOLLOWING TOO CLOSELY,2.0,39.0,2.0,2.0
13efc82e44a4d88d21ccb817c6b19506b21fa75c48909996cf94f5207427e2a2c689d2f6b64b81ff718db64e032656f24ddc4f08b7d256d52f82c3e9dad23bc7,CLEAR,DAYLIGHT,DRY,IMPROPER LANE USAGE,2.0,29.333333333333332,4.0,4.0
13efec7542d899d48bf7a70514c563d2bab46f0e56b65f25d15b10a2ad216eae901a31885283d674e5547ba27e4d84238e4d9ad2b93b16183fb8c0d17077b399,CLEAR,"DARKNESS, LIGHTED ROAD",DRY,FOLLOWING TOO CLOSELY,2.0,41.5,2.0,2.0
13efff41f007b92a13a71bad0fed025cc01994d08346c2046fbcbd70e81ef41b5cc472bc8dcaf7ca9b0ddaa9c503b40040b1102684eecea12e89d4b0db491636,CLEAR,DAYLIGHT,DRY,FOLLOWING TOO CLOSELY,2.0,37.0,2.0,2.0
13f00dcc7f40a397c2e44c0d965381e6db67e404b014999df53f9725af6e65eb8d8e2b2e987e0311bc79a9b77fc0a73721f795d0af76094ef5ad00a809d62112,CLEAR,DAYLIGHT,ICE,WEATHER,2.0,38.0,2.0,2.0
13f00fb503c54960f0bb55ffdca848a8b007c01cc984f6efa7960a4148a215812db3b36605889ac6d428fc96128019a65bd74d2171196bc0ef27db6e4c99f254,CLEAR,DAYLIGHT,DRY,FAILING TO YIELD RIGHT-OF-WAY,2.0,31.0,2.0,2.0