crash_record_id,weather_condition,lighting_condition,roadway_surface_cond,prim_contributory_cause,total_vehicles,avg_driver_age,total_people,total_injured
13f02575eeaefe04999eac583f3608f24fed64ccc529914b3a11f2b60b45f2bbd4942c08cc5c84a13e35709567f83a086e636d768737346b67593e03df403ca6,SNOW,DAYLIGHT,SNOW OR SLUSH,FOLLOWING TOO CLOSELY,2.0,37.5,2.0,2.0
13f02ab1524b3ea03612f70ec26cc5ba7aaebabe1f660bf0c23f15b9fd5cc22d7bb8436942b1bd672148852747c24b3ffac773413241192bdef42c95463077f0,CLEAR,DAYLIGHT,DRY,FAILING TO YIELD RIGHT-OF-WAY,2.0,20.0,4.0,4.0
13f054647d9236bac55c576e78d1dfc0ea70175a9e2bf38b04a825154fc8fbf893cd2463ef272d7e2191c92625b53c40a2a13e3cdc1cfb26a0f24f7b703fcad2,CLEAR,DAYLIGHT,DRY,FAILING TO REDUCE SPEED TO AVOID CRASH,2.0,58.5,6.0,6.0
13f06e9f7ab2c466003b5a9536053f1f5ce493b59fb565dbfe55fd288c3d237dc320a35bcef1957884d74402e9eab0900e505d54d0f33ea38a8b4a6f258e093c,CLEAR,DAYLIGHT,DRY,FAILING TO YIELD RIGHT-OF-WAY,2.0,55.0,2.0,2.0
13f07371eb6f39b7fb27eea2857818543e51f5c7d04dd51714f3d8dbf3d2c428025b1183ea95ee69345f0d08bba7e2f79d2ce18b34b7a83d407e955dd89df37a,CLEAR,DAYLIGHT,WET,FAILING TO YIELD RIGHT-OF-WAY,2.0,38.0,2.0,2.0
13f08807fb2c8903d891a62ca85c7dcb573f7756c8c5d635653a26c0fd36d02c77e48a81f1c47adde21790ed79392dc970b377bd792fda0324643e2b7ed25151,CLEAR,DAYLIGHT,DRY,FAILING TO REDUCE SPEED TO AVOID CRASH,2.0,31.0,2.0,2.0
13f0bfe73e6879a8e20bfb2613c387226a3536748cd7a1a4094e5ac3829539a8cde3de98abe3c6362232718404ad64490921a66e11e2e87b911e4e9d8c4825ff,CLEAR,DAYLIGHT,DRY,FAILING TO YIELD RIGHT-OF-WAY,2.0,34.0,3.0,3.0
13f0d71a03bbd9113078ea94bce7437e34791b691a1c9dd2400cffa71d6b94e9da8c34a53bcfad8a695e6834f5a8d33ca5a098ed00081b122c91ec831595822a,CLEAR,DAYLIGHT,DRY,FOLLOWING TOO CLOSELY,2.0,66.0,2.0,2.0
13f0fef5023887a9aafb2256e5f865879f952967b2585cb4925d7b779c98506a56e7234342cffeef655909b3daf1a81d99d536bc22d3a55d10ce5142b9468487,CLEAR,DAYLIGHT,DRY,FAILING TO YIELD RIGHT-OF-WAY,2.0,34.5,3.0,3.0
13f104019664e27d015c7dec5a1060bddfa8675e5e626915158268cc5575f2420c4c026652592a7acd425c02e5e169e00595d44c7371b46b151c60d6aefedeba,CLEAR,"DARKNESS, LIGHTED ROAD",DRY,"OPERATING VEHICLE IN ERRATIC, RECKLESS, CARELESS, NEGLIGENT OR AGGRESSIVE MANNER",3.0,32.0,3.0,3.0
13f1083b38ac99f759c73709e14d2cc7bd6ef2650fb85f24eb388aec7da54f79f659b05b9f1c7848198cd79f77644eae5124be5f21b2bcced18da3e2a8e4ffda,SNOW,"DARKNESS, LIGHTED ROAD",WET,IMPROPER LANE USAGE,2.0,21.333333333333332,3.0,3.0
13f117ea43b22afff7ad3ebdcb7540b7330d7343ff089b1c3aa92b5211393b07465144c2c8c3c695ee1b561e32ddb56917dd6b520e1520238a3299078e528034,CLEAR,DAYLIGHT,DRY,FOLLOWING TOO CLOSELY,2.0,36.5,2.0,2.0
13f139fd37c91e7379c85cdb39864f2f203696b420ac2d08482b4fe1c15239db1e56f19719a3c8656f10c788f3f89a38e68942faea3f3c6c1ca9f1f06415374b,RAIN,"DARKNESS, LIGHTED ROAD",WET,FOLLOWING TOO CLOSELY,2.0,44.5,2.0,2.0
13f1544a11fdbe6b4be91c896332b989871fd7d25f40493e3ee14b1b1fe2a17ce30dd2daa3744c87a7082febf5d883033c9847c4978cf8ee4784bd72d38b9797,SNOW,DAYLIGHT,SNOW OR SLUSH,RELATED TO BUS STOP,1.0,39.5,2.0,2.0
13f18d93312c4b8ea3358565f82034a88b791761d42fbbbf63365d5ea9729e6361004f61f7d995e088535bbd69a3e5f452dda7a06436fa175651c56d1ad95655,CLEAR,DAYLIGHT,WET,FAILING TO YIELD RIGHT-OF-WAY,2.0,47.0,4.0,4.0
13f1eb902e0ec7d245e8066fe12ac60407fcfb8647e9b445c33fcfe2cbb3e76ccdc4aba256f19bacd4d777dca1690751fbf0953866bd650d5763056c068dc6bd,RAIN,DAYLIGHT,WET,WEATHER,1.0,10.666666666666666,3.0,3.0
13f1f7474ed606d3c5007809e9482bb9341c2e58d1a76a202da3f612ad3cfd0d33ad51f089de2bb5686f47fbe98b3e2c250747b5231455d4b9836249a6c9340b,CLEAR,"DARKNESS, LIGHTED ROAD",DRY,DISREGARDING TRAFFIC SIGNALS,2.0,33.5,2.0,2.0
13f1fff7d5cabb7375ee28602ea9eea0bf5c90206acee560c427177e97337624e8eec15eeaab37166aa930d0a15e371e2d9945db02fda816dbbeec3785fb85c0,FOG/SMOKE/HAZE,"DARKNESS, LIGHTED ROAD",WET,FOLLOWING TOO CLOSELY,2.0,47.0,2.0,2.0
13f224155debc65d2bcafdc48051cb5a2e53b6d47ca346dc034e0c660e9c9d150ad7b1de65c4ae0d671447759a6c286c4184aa784e978a2e671d06160d567d7c,CLEAR,DAWN,DRY,IMPROPER OVERTAKING/PASSING,2.0,22.0,2.0,2.0
13f280de9caf2459d0bf4945dbc18daf09ec042a2016d3762ed56f1756ec000c0dab5e0a17d2fa26be5028a2608a35a89e809ab5c58a73ebfe271930f8708dcb,CLEAR,"DARKNESS, LIGHTED ROAD",DRY,FOLLOWING TOO CLOSELY,2.0,41.0,5.0,5.0
13f2fc4dac059bf4c52554c651459786b44bebb0ad984444b7d8d175870193df73f9cb538943a123e489f52aea9691497e45a2df2ec00e2a45b8b43627dc36f9,SNOW,DAWN,SNOW OR SLUSH,WEATHER,3.0,44.0,4.0,4.0
13f33ae5c10981b48727c01c98cd45a41642bd433164d7479ddb76fda8f373bdf8d37c785140731f894268cfccd056c06c2b701cc9ac160ef022d9e849288535,RAIN,DAYLIGHT,WET,IMPROPER LANE USAGE,2.0,26.0,2.0,2.0
13f3429363f431ca923fbba29da5b63414d4b1fd7fc7974735fa795f5d9698e510a7ff7f23fc5b4fb5df68d3c26c06cde588cf7393739db3d3858a468e62172b,CLEAR,DAYLIGHT,DRY,FAILING TO YIELD RIGHT-OF-WAY,1.0,31.5,2.0,2.0
13f34de2b592215115ac85716f58eaa561b3476158be7806f8307ba39f4e90bb84931d8a81fe0e1c14bb9fdbe9f3fe90e4e6253c6c63bc3077f1f6355111d8a0,CLEAR,DAYLIGHT,DRY,FOLLOWING TOO CLOSELY,2.0,37.5,2.0,2.0
13f3638f410e0ede511420f224ae40d13282dbd0376745fd54b7654dd07ee1dbac90e5100b9ee2e941abd6a5bf30a14afa10fe94599d4c17a878fc3c0f1f387f,UNKNOWN,"DARKNESS, LIGHTED ROAD",UNKNOWN,ROAD CONSTRUCTION/MAINTENANCE,1.0,73.5,2.0,2.0
13f37d2c9102c75ffc2baee32505657ebea83dc414b5de0ade8cdd262a9c2792f414764c4ea5ed005083971c2286c8881cd1eeb2567126abdf293a54152e7e65,CLEAR,"DARKNESS, LIGHTED ROAD",DRY,FOLLOWING TOO CLOSELY,1.0,27.0,1.0,1.0
13f3852da4e846f47ddf3816b0c010c44b3abfb9be879ac15e29611a007cfd8f6e86ff1a12d7e76776dce226257a2a3630ed7d813f262f4bca1d48036971d008,CLEAR,"DARKNESS, LIGHTED ROAD",DRY,FAILING TO REDUCE SPEED TO AVOID CRASH,2.0,32.0,2.0,2.0
13f38c287c54b6630385b1efb7621d0097ba3afe49f3540a049f2508e4139c8c9af4cd3d21e252381ffd837413bdac9dafdbc8c706c64a87b9d875877143bd23,CLEAR,DARKNESS,DRY,FOLLOWING TOO CLOSELY,2.0,14.4,5.0,5.0
13f39c476cd18b6d94fa05129a5fc812ffda94c5f461c74e553adcd3f0264f565ee1f0fa1ac6a58c709ff2ac6bcd9fe673e6766fad3e9c4572859ac991ef722c,CLEAR,DAYLIGHT,DRY,IMPROPER OVERTAKING/PASSING,2.0,28.0,2.0,2.0
13f3ee6e7c38693e5eedca9c85e9a994554fbb82200ebece2e22bf85c49c4b91302dd3e98f26bc46d99077f20cbd47832761652a59973fa482b5c16edc727d69,CLEAR,"DARKNESS, LIGHTED ROAD",UNKNOWN,IMPROPER OVERTAKING/PASSING,2.0,36.0,2.0,2.0
13f3eefc22569e2829d52cf6d43f7de02ba2869f8f421168f2aa0ec444cc5ca6b4b1e93f97473a4b7f970f40dc74ab0d29208ede7865088a93dc358e7b37958a,CLEAR,DAYLIGHT,DRY,FOLLOWING TOO CLOSELY,2.0,37.5,2.0,2.0
13f40809a89d5d3d7c781617034b346c2eee1e840bca8934c24d0386160e54062aef16e9a11d49920db56897ba7f810c675e79cf57ce44fac191ed5c2947cb0f,CLEAR,DAYLIGHT,DRY,FAILING TO YIELD RIGHT-OF-WAY,2.0,23.0,2.0,2.0
13f408bdefe281d83618ce5a27503afd47f53e3fc678ba24261f008178da0bec5c4bc587c533ffd732decd478aeb901fce3578ec255adbd0823f52257c194e22,CLEAR,DAYLIGHT,DRY,FOLLOWING TOO CLOSELY,2.0,29.5,2.0,2.0
13f40c3bf144f221a45af7d143df7d049680c6f6dc2146899ddc394f7c1efd0697f3bb7186da036ea2de1c7244918d70e56ab67ff39b8a71af4c32713faf6b8b,CLEAR,"DARKNESS, LIGHTED ROAD",DRY,IMPROPER OVERTAKING/PASSING,2.0,37.5,2.0,2.0
13f412173a453c12f6497357a38abd1579d1b3a34dfbeebab69ca006145d1cc00ff14815b2d46b2f8a754c7b2e6ece5b39ea8103d5ae7645d23540031605c122,CLEAR,DAYLIGHT,DRY,FAILING TO YIELD RIGHT-OF-WAY,2.0,27.0,2.0,2.0
13f41b8e45d84713d03abf34c9cb40faaa6076a834ec22d15381267a145e4d31f5bc53e19fa5ddc7bcbf23c99bfd9e7ef4448a463ac5568a4fccca71ce0a645f,CLOUDY/OVERCAST,DAYLIGHT,DRY,FAILING TO YIELD RIGHT-OF-WAY,1.0,29.5,2.0,2.0
13f42ae56be10db9a130fd7ffe429a36b90f6572dd68fda7999fcb27036fed999563ba77bf76e4eb5a5be4244dd82aec3235fc43667562ac035b687cb0091a0d,CLEAR,"DARKNESS, LIGHTED ROAD",DRY,FAILING TO REDUCE SPEED TO AVOID CRASH,3.0,37.5,1.0,1.0
13f439c4ddc59dc3014737e2fb1b57d20a2a1c555969973caee061d55194344ea56c21b853f7598aa82c147ce3b9cdc9dd280f36db2ee73129a5b37bd7eb35e1,CLEAR,DAYLIGHT,DRY,DRIVING ON WRONG SIDE/WRONG WAY,2.0,60.0,2.0,2.0
13f44205dd1d521eaa5e742a090520c57fb7e6c6cb5f2de752dcca57ae1e2eab3cfb091d16b752baaa79b10b2d2243adffcbd966512e3b3d613a6ebdf2c6103b,CLEAR,DAYLIGHT,WET,FOLLOWING TOO CLOSELY,2.0,29.5,2.0,2.0
13f472c1bcef9b1b356bde5eba43058bc4da9cd6fbd09fa1475951082ed9365b6bcd1af669371eec21f573bde3b1f50246b2f2d30499aa61c21ee3114a4c75ca,SNOW,DAYLIGHT,WET,IMPROPER LANE USAGE,2.0,38.5,3.0,3.0
13f4855cdf006f4be93451d839fd1c2d21d91ff5ab5c0003c351e322dacb9a378cc3d52b9c17642ed029bb9147d2fd51ba137f365da2baf4c2cf6164ee10ea10,RAIN,DAYLIGHT,WET,FAILING TO YIELD RIGHT-OF-WAY,2.0,25.5,2.0,2.0
13f4c3a57d6fbf3633c7e2980ddbfec3fa52e48cc224c5becb60025ca44a86173d0bb305466a096caf0568ea3c0a3356b02d67342abdb437999e6398d9e351ff,CLEAR,DAYLIGHT,DRY,IMPROPER LANE USAGE,2.0,35.0,2.0,2.0
13f4fc62de1452da2f1b1362d1394be02d1c0b215b5aa7ed65810069c9055364b6e20d38ed7859bdb2e20d9a13f743769fc68dd4e1d5572bad4db67edcfc68ef,CLEAR,DAYLIGHT,DRY,FOLLOWING TOO CLOSELY,3.0,58.0,3.0,3.0
13f519a31ce1232773990afeace785ad7a862463824d9d814813b3df28dbc2ca6a4c51a76003a01bcbce6c10813794c17ff7dc8a78213355ee0df75254661b7e,CLEAR,DAYLIGHT,DRY,"OPERATING VEHICLE IN ERRATIC, RECKLESS, CARELESS, NEGLIGENT OR AGGRESSIVE MANNER",1.0,30.0,2.0,2.0
13f5217425d10e114c88ad6ad02e6f4fcf74299a7d27b56a307803845cfcea83fa2c3f48f60f4348bbcadc2a167755fa4f4405e9893d1f9ad2e7afad3be6a02b,CLEAR,DAYLIGHT,DRY,IMPROPER LANE USAGE,2.0,66.0,4.0,4.0
13f525c481f0989c65c23575bc3a0d74347376274fc2deb4bfad18aa6e938423ceb4b64acfd6c4ca70500ad659b477cc56fc12b7a1264c197319566a21580b6b,CLEAR,"DARKNESS, LIGHTED ROAD",DRY,IMPROPER BACKING,2.0,35.0,2.0,2.0
13f5294a9bfc392291d83cb31e42c69ae57d7f8348f6543e894f69e50d17a271b167ecfe3f75238b9b074b3b9d5d97645eb458c51c2d128fab92fbce217e1da2,RAIN,DAYLIGHT,WET,FOLLOWING TOO CLOSELY,2.0,44.0,2.0,2.0
13f53cfbb2eb2b370faca4ab737ce2b66b7cf33191ba86fc958d9dce5488c21e7b579df6ff48e3e8b04deea45c2babd538d3ddf7c6871c0f78cab8fd6f354a2b,CLEAR,DAYLIGHT,DRY,FAILING TO REDUCE SPEED TO AVOID CRASH,2.0,40.5,2.0,2.0
13f56844fa8137825c79ea0b25d820eda3cf8469ba15b9451ebe2b19fb20e882875804c630edd7fee53267d5126af12586fbd33ea2050a78d6c0dcbd526b68b2,RAIN,DAYLIGHT,WET,FAILING TO YIELD RIGHT-OF-WAY,2.0,37.0,2.0,2.0
13f56e3725c1418b9de7adf0560c1ff5e7c304a79e0bf764aeeda383a8f36837c8cbefccf4928228b49f3e2962c0327b0a95364e97b8fc01a3fc75083fb014bc,CLEAR,"DARKNESS, LIGHTED ROAD",DRY,FAILING TO REDUCE SPEED TO AVOID CRASH,2.0,37.5,1.0,1.0
13f57794940153b6e82d8ef29d5542b02c541961ed20c1098127045e74af04481036534d4985d96ed85bc7875b622ea59dd5b94c02a7d142615581cfcd5e13f8,CLEAR,DAYLIGHT,DRY,IMPROPER BACKING,2.0,55.5,2.0,2.0
13f57a3e57a61c840769caac9929fb3f215e5009ebf9229e5ddf5ddb9bd6d47a27d39332573e6783e7ee48fdf5771ee1ad9ab1f1d62323cd4e43130c183684b7,CLEAR,DAYLIGHT,DRY,FOLLOWING TOO CLOSELY,2.0,32.0,2.0,2.0
13f5820b6fc5657449e72f57da0ee5dfd51fe768892c2b452cf9985fd8d1260c1436c9385c294d5e0812d378e8f4c797390952e70e23db5f54ce38c3e8f31a46,CLEAR,DAYLIGHT,DRY,FOLLOWING TOO CLOSELY,2.0,57.0,2.0,2.0
13f5be28949f16e4de75f1111abfe1113c02b0656aa4361ba4c95700de5005ada7941b33957c63ef5464a08c600e6778d57fe6e6c6910e1f5d61fdff22e528f3,CLEAR,"DARKNESS, LIGHTED ROAD",UNKNOWN,FAILING TO YIELD RIGHT-OF-WAY,2.0,36.0,2.0,2.0
13f5d43187f20fa359a9673f690e534197b8b3fa3ea2390dc5590b55ec4624f861d16f8b8d84a70d0c0d787d6b50c84316060285f83819177c6ed42e4fd6ca1a,RAIN,"DARKNESS, LIGHTED ROAD",WET,DRIVING ON WRONG SIDE/WRONG WAY,2.0,28.333333333333332,3.0,3.0
13f61233989a9d9180fd43a696e2d55fc200f89960f7e5e149ae228ca70a5d5cb4f9d78ea04f458b18db2a09878e294e622f59e30e81ce8c2e687d071aa53f50,CLEAR,DAYLIGHT,DRY,FAILING TO YIELD RIGHT-OF-WAY,2.0,34.5,2.0,2.0
13f6470b2bf7ec48186719fdd9524b53c2ca1ccea21009f139ccd423c650fdb4d60824d7ebf9808cfe43e4e8c7d8e1f07cbb2c73b01dbcf72878f735372095dc,CLEAR,"DARKNESS, LIGHTED ROAD",DRY,DRIVING SKILLS/KNOWLEDGE/EXPERIENCE,3.0,37.5,1.0,0.0
13f64d71911a55c43c390a521ea5a956673c7181db55f61c569553294d9d6fb5506e142d9cee21dcc49d46546a4da8958cb587a21228bc9a8cfea3b6a54e10af,CLEAR,DAYLIGHT,DRY,FAILING TO YIELD RIGHT-OF-WAY,2.0,40.5,2.0,2.0
13f653cdaee187a226612fa0d62212a41387a4ed6779e23407d0088545f45fa623320bd295b496d32dbe1c2743ea34100e412ca1e8d03c2606094439e70043d7,CLEAR,DAYLIGHT,DRY,DRIVING SKILLS/KNOWLEDGE/EXPERIENCE,2.0,37.5,2.0,2.0
13f68c2bf15c8a766260c097f642bfe86e8ac1e1d9f2d8d15ca18b9dd4099e1245c829cf71eb8fcbea745270d418c90b9e48d078767da61bd47535d7db24a906,CLEAR,DARKNESS,DRY,DISREGARDING TRAFFIC SIGNALS,2.0,39.0,2.0,2.0
13f6b963ebb43e2774e5d8270ecb62e05a8f65f1d4065d9ff0dee5969a163b5521641ba27f4354735244cb57c614826600bc24e1f32af9fd87a712baa27ef9ef,SNOW,"DARKNESS, LIGHTED ROAD",SNOW OR SLUSH,IMPROPER OVERTAKING/PASSING,2.0,46.0,2.0,2.0
13f6c480984a2e7db3c62c26014d6404df99fcd5ec4ca1f6b2e8a739f639b5dcfc2ea59304fc814c7e5fcbf3b3623bebd713c8dffb886365278bd5578849753b,RAIN,DAWN,WET,FOLLOWING TOO CLOSELY,2.0,38.5,2.0,2.0
13f70a50d102472a9e5b26daed2f3a0307d7b2a2f3578f6d6be9001f7cbacbc6be8ff1fb6da840fec435285ac30f69e4064ce330e8094e449ad5356edbcb0676,CLEAR,DAYLIGHT,DRY,DRIVING ON WRONG SIDE/WRONG WAY,3.0,16.0,2.0,2.0
13f7662e68e76574a028bdc44c4a70e9016b50cef8338cfe7f8cdfa4fb6c6d17d5fff0247bf44637e39071e7686d6e5fc239f9c64bf85125276db71ace93e612,CLEAR,DAYLIGHT,DRY,FAILING TO YIELD RIGHT-OF-WAY,3.0,61.0,4.0,4.0
13f7675fdce894fc52127c8acee5910f8d3a597b3c10b79f085314b72ceb9296aa24c168590bb5819ca34590e32c7770e01d6aa782780552535c82bb06bea336,CLEAR,"DARKNESS, LIGHTED ROAD",DRY,FAILING TO YIELD RIGHT-OF-WAY,2.0,30.0,2.0,2.0
13f79abce51eae17cd2ddc56ff62a69d1190a61c48fd421cab2e0df96fc460d8f6011185004c0d8ce4556c3ac9952e04bc5ce29c11a2d724c8b029bf9bf7c887,CLEAR,"DARKNESS, LIGHTED ROAD",ICE,WEATHER,1.0,27.0,2.0,2.0
13f7aad84ba3373cfc6c026d20fe91f8b3ec2973a820c2d969f0de497e829592958a45cf16e34479be7e9a4e13548e4781fb8e453244ed876552a7e4f340a51f,CLEAR,"DARKNESS, LIGHTED ROAD",SNOW OR SLUSH,FAILING TO YIELD RIGHT-OF-WAY,1.0,67.0,2.0,2.0
13f7cc66afb111d7223173532e7d41dbb84e52097ef9ff56fc5f70b077f436ad077476e04c5e34006f1416755cb652a80c68e6ab55dfab987e2abfe24fbad8bc,CLEAR,"DARKNESS, LIGHTED ROAD",DRY,FAILING TO YIELD RIGHT-OF-WAY,2.0,55.0,2.0,2.0
13f7d6a6bda8dd3c3c964fdfeda8202154d52acc206a0c7c7ee020d73cc1b707f6ddacbcce6703b14b83bfd46bf848b6cfdf539653d3a55b44e33cb5aac82280,CLEAR,DAYLIGHT,WET,DISREGARDING TRAFFIC SIGNALS,2.0,37.5,2.0,2.0
13f7e23bb884f9f8badcc0dde701a1685acb572d62f5e35cf51e3891e42c860db765cd6bc6bb961e189c1562525c48e4999aafb498a2fca045787d59f61d9c50,CLEAR,DAYLIGHT,WET,IMPROPER LANE USAGE,2.0,64.0,2.0,2.0
13f7e54ced4d40b8cd550ee24c2d6a151ed19822c87cc22f889e8c9216f70dddb2d7f6c68f9fd06bf89ab05dac64368f6b11a5b2d50acf980102510a86c0dd68,CLEAR,DAYLIGHT,DRY,FAILING TO YIELD RIGHT-OF-WAY,5.0,52.8,5.0,5.0
13f7f1782217e329d156ea417c930557f190c06dceee27716a0b82c266d88257d8547937de02f061ca4a18a2935c0a229b83fbe4ee88bb0723f9ffaab4db436b,CLEAR,"DARKNESS, LIGHTED ROAD",DRY,"VISION OBSCURED (SIGNS, TREE LIMBS, BUILDINGS, ETC.)",2.0,31.0,2.0,2.0
13f7f92ee1501910cdd1906c5bd285578585557323f8bf61ca777f5213e0c38c740b032cc4a065446f403cccd2b8932858baef1cd250ca0283a4e195edaf89cb,CLEAR,DAYLIGHT,DRY,DISREGARDING TRAFFIC SIGNALS,2.0,33.25,4.0,4.0
13f82692b107ed00dd6b238015a492fe9e7834f9ed2fdc2973adf512c63de2b7c39d27bbf3489ee6acd9d2236546986bb26a750ee47c03480b7addf1efda9250,CLEAR,"DARKNESS, LIGHTED ROAD",DRY,HAD BEEN DRINKING (USE WHEN ARREST IS NOT MADE),4.0,37.5,1.0,1.0
13f8402afdce8a62ebb6b6776dbed7bd1e5c1b2947e0a0cc3ebc31bb2b74c506976d6d9609b976b4b1166f9eef15a330f9882ff79febea3c224158cdb33fbce1,CLEAR,DAYLIGHT,DRY,IMPROPER BACKING,2.0,37.5,2.0,2.0
13f84b03108a60c8df88501c49b3b929cb1beedb5959ee863d432f2c7a08d48d9a5440bdded37b34598c231a98fa60b2d7a03a048c97bd29a53f5bdd5b677d7f,CLEAR,DAYLIGHT,UNKNOWN,DRIVING SKILLS/KNOWLEDGE/EXPERIENCE,2.0,39.0,2.0,2.0
13f8680e91e0b20b017d99b187b8378e17f2484ea7b4f9f8c3916d50357ef2f881e54242667a225c149333c85e5619fed41803e5c05cc0cf82b36b662783f31b,CLEAR,DAYLIGHT,WET,FAILING TO REDUCE SPEED TO AVOID CRASH,2.0,33.0,2.0,2.0
13f881a9b9051fbc8e4ef1059a0ccadc484ba4cd8811a48cf2d52edaf51eb936dc2978999275a68d0ac507120c3e18a2438b48cb9c9503984ce80f5a6d311999,CLEAR,DAYLIGHT,DRY,DRIVING SKILLS/KNOWLEDGE/EXPERIENCE,2.0,37.5,2.0,2.0
13f888a43436cc6521ec77b0404a9f7eda6db181ff2ce213526131bbfe7c7a3f362fa26d7319f5af55c3a9abaf38e11f2574bf1f03cd047faedeba616cc7b93e,CLEAR,DAYLIGHT,DRY,FAILING TO YIELD RIGHT-OF-WAY,2.0,68.5,2.0,2.0
13f89731185df5d2e53799942a86a883005cb5887c57395b4c109670a38019257a6671edb76d0d232b9dc21cc331f3c8c3a0b6848b9371ead5088124b7654e16,CLOUDY/OVERCAST,DAYLIGHT,DRY,DISREGARDING OTHER TRAFFIC SIGNS,2.0,40.666666666666664,3.0,3.0
13f8a15776b52af085594f8c9a67fec7ede59379d7a54e271b23a016c65800c4d74cd9fb830daa1504245cc6a12d90576a25ba7b5e5a568d865e92f9c39ec5fe,CLEAR,"DARKNESS, LIGHTED ROAD",DRY,FAILING TO YIELD RIGHT-OF-WAY,2.0,37.5,2.0,2.0
13f8b9d6627cc30b0f0d1e10f57c8b27b52983a567b8ec90dfffc1ef5d0b5eeaf6c1ee5b2a4e20e958c87f4a8b9366cee488d9bf301196e7b6acbcdbb5acf99d,CLEAR,DAYLIGHT,DRY,FAILING TO YIELD RIGHT-OF-WAY,1.0,31.5,2.0,2.0
13f8bf1ba39c9abad1c9f6862aa62c102047e2a3fa9409ad91529b4d05bcec0d0ffc42dbe7c699f751ea87ab2441c6dcf6cde32417aca728e439a44ce698f8c2,CLEAR,DAYLIGHT,DRY,PHYSICAL CONDITION OF DRIVER,2.0,46.0,1.0,1.0
13f8d4d414f6741aba3b18238256765282acf97a0835001a9f88da72562d71d41fcbdc713a8d6e099b16d5fd2fcbc216f731af39dd824f0fa50147d31facc260,CLEAR,DAYLIGHT,DRY,IMPROPER TURNING/NO SIGNAL,2.0,29.5,2.0,2.0
13f8e9fa30c1f3c39d35fb76ac46a0c3ae80d6b95d01fc035d4b016a9abdabaf88328f0707e103d417088988e85015fd88d5e4ea61bf17ab81bdd1fa7ee12449,CLEAR,DAYLIGHT,DRY,FAILING TO YIELD RIGHT-OF-WAY,2.0,43.5,2.0,2.0
13f9000260ab8c1fb32c5222225a91d4e0aeeab01c59caac3bc7c58374b77c4e6b386bddff52d6c4533615551378d220934679e0c02a9cb62ce17da6b9f16916,CLEAR,"DARKNESS, LIGHTED ROAD",UNKNOWN,HAD BEEN DRINKING (USE WHEN ARREST IS NOT MADE),2.0,41.0,2.0,2.0
13f934e4ddb272768ea9ed1e8e8ba586d1aebf0a5cb1475fe364b785c49fd451f5ee53dfcd37cae7d421dc592ce96c07449254ba57ec7f7e60d053a3de9fd6f0,CLEAR,"DARKNESS, LIGHTED ROAD",DRY,DISREGARDING TRAFFIC SIGNALS,2.0,22.0,2.0,2.0
13f94a0fa8a22a0f3950d583b1364de738c72c547506e625d14f12a057526242a6a9abcb7ac59d0baa78068a3cad24a22f098e8c342ac19ece7d076dd5ced5af,CLEAR,"DARKNESS, LIGHTED ROAD",DRY,FAILING TO YIELD RIGHT-OF-WAY,2.0,14.0,4.0,4.0
13f964f39643cf54dbddcc770982802ddeaad29fdaedd6ccdbdbdd2cd60e4b38244824da020ac8da162516b80b14d38f5ba25e543cec9285ae8f07036fcbc6cd,SNOW,DAYLIGHT,WET,ROAD CONSTRUCTION/MAINTENANCE,1.0,53.0,1.0,1.0
13f974b755cee7d859cba017f291fa04bbcdad4d67d11ddd7c94cccbb039ea584bde7956baecd537f1a78d7aca59a4a03eed87402901241a84dbe6e5601cb086,CLEAR,DAYLIGHT,WET,IMPROPER LANE USAGE,2.0,65.0,2.0,2.0
13f98bdfd25a1d9b058037336fe52d0d8a055384b24ef47d3009ce208b9b92a62fdb4870a65f04bc6598f46ecd5162a661c0d926a54f990f770a39afe8ad7b7c,CLEAR,DAYLIGHT,DRY,FAILING TO YIELD RIGHT-OF-WAY,2.0,34.5,2.0,2.0
13f9912933b96455ef2d43859bb903c89b7c9f88206db44b2c7e43aefc76dd00853ce35770364fd519e2fe42dc2abdb0f7a63ac5d810f869955fea47303fd533,CLEAR,DAYLIGHT,DRY,FOLLOWING TOO CLOSELY,2.0,50.0,6.0,6.0
13f9c0b9918d483ebab1491f70e5d80912fa76f3fee55920fc112dc0bc1614c1ff19fa4c85f59848029d79170e48587a58a900f658fbd40720b706c61d9e06d6,CLEAR,DAYLIGHT,DRY,FAILING TO REDUCE SPEED TO AVOID CRASH,2.0,44.5,2.0,2.0
13f9d93275944e94a5a9b3b789bdbdd1d29661246a4c3187d35981feb4d54f02e66d249b51d0651f1acb872f3de2226da1313d83a3a85f4806af41546be23f18,CLEAR,DARKNESS,DRY,IMPROPER BACKING,2.0,37.5,1.0,1.0
13f9dc99e781a074650f6f5866abdf9c2556e55c5e88fb70ec88af9f99db0a9405a241b69f4e2f56aa024df7d32d795635cb9abb368a35f18239cba6d257c122,UNKNOWN,DARKNESS,UNKNOWN,FAILING TO YIELD RIGHT-OF-WAY,2.0,33.0,2.0,2.0
13fa1a99dc591fc89e8cf34beff57349a168f578092494bb8c0c3438aafc823705693033d032c445407684de6cbd9dc34f36fdd829d8d6edf9a33b49c340a2bf,CLOUDY/OVERCAST,"DARKNESS, LIGHTED ROAD",WET,FAILING TO YIELD RIGHT-OF-WAY,2.0,52.666666666666664,3.0,3.0