crash_record_id,weather_condition,lighting_condition,roadway_surface_cond,prim_contributory_cause,total_vehicles,avg_driver_age,total_people,total_injured
13fa293056f101ae4cbcbc7fc196b02d71854fe3fbe2f949cf960bd44d6f0cad02fc1ebeae33a9205fea6dacc05fd74a6a8a3ea0dcf8cbe3926e5736c77091ab,CLEAR,DAYLIGHT,DRY,DRIVING SKILLS/KNOWLEDGE/EXPERIENCE,2.0,37.5,1.0,1.0
13fa2b164f2a13c9a1164bd108a23a5c8bda91769101b000e5eb7678694ec84a4e265c6f8ebce580fe2c3f0f00014229f66485af5839d55313085f6ed5113cf3,CLEAR,DAYLIGHT,DRY,FOLLOWING TOO CLOSELY,2.0,36.0,2.0,2.0
13fa482ab2b9379c30e4690c77fe00ce2fb15286bd0aef4823329413816a009e2b95755fe4357506c2df9e6b3cb337e8c3b37677c178d20acbb9c8a4c6041f6a,CLEAR,DAYLIGHT,DRY,FAILING TO YIELD RIGHT-OF-WAY,2.0,70.5,2.0,2.0
13faa5d91d8e04911d482fe0524a51a2f17b62d7f5d31d033ae1db91dadb8adf62369a7cee1f6d20256897c026bc0042cf01277d3c4b662f7d9f9c4e259d4db2,CLEAR,UNKNOWN,DRY,DISREGARDING STOP SIGN,2.0,68.0,2.0,2.0
13faa6c91cdeefb062d63d1b073f883f0c97b0285584b8ef9ea249425120ca1b23286e3e5713d211b80de96d7855a8d83d97a14af69eabd6ce274856ebb1cbe5,CLEAR,DAYLIGHT,DRY,IMPROPER LANE USAGE,2.0,28.0,1.0,1.0
13fab47253e1da774da5044a186302cc373b0eb55991cd674bb75c34ae9607bb87d9ad977d9205b9a7b1bc54c84b39cedff77674828bf094881b2d0f9f569e26,CLEAR,DAYLIGHT,DRY,FOLLOWING TOO CLOSELY,2.0,54.0,2.0,2.0
13fada625356c08f268ddabe540ff82de6c4848720463d9e3678ba8a9bed6cd5b30061b0df46e62cf966c7896913ab924fb81b76e2ecfb1ce7707e0097059091,FOG/SMOKE/HAZE,"DARKNESS, LIGHTED ROAD",WET,EXCEEDING AUTHORIZED SPEED LIMIT,1.0,24.0,1.0,1.0
13faed8fafda6cb5bae16aaa92ceeaa9a829c05f133b3391b5fe96842593a8cfcecf819380a64cb0c8afb23aad48199dccb3e81f305bf66db5ef3b47730c4a22,SNOW,DUSK,WET,IMPROPER TURNING/NO SIGNAL,2.0,21.666666666666668,6.0,6.0
13fb2b4f5797627a07ecabcea06bd1c8c1d3c3c28347ef7cee7507296ebed6651bbf45b20f71e8eaf5c12a78d4524de89aa664731601e063c98994a4258fcf0a,CLEAR,DAYLIGHT,DRY,DRIVING SKILLS/KNOWLEDGE/EXPERIENCE,2.0,50.0,1.0,1.0
13fb321b2987904335a7acd6c4b6ea2c4ddc23bae0a0f2413642744dba94810d598abd694aa30928c6477b30e82d153d513541181d6dbb033621fc9b69dc0d7f,CLEAR,DUSK,DRY,FAILING TO YIELD RIGHT-OF-WAY,2.0,48.0,2.0,2.0
13fb3d642e87331c39c0ce60884e09c7ee644cd7966b95a9cbbdcc3a5256cbef9feaeec229f1ba31d422b0fc0d16ae84233fbc19b8b3f313b45cc633606297a9,CLEAR,DAYLIGHT,DRY,FAILING TO YIELD RIGHT-OF-WAY,1.0,22.0,3.0,3.0
13fb4137fa9217a773ca8605409d8adce3853a745cf5ff02bc87adf36850794926a96bec2f7f7041ff0d12408ec5198b84a6407417d49db63da6cfd538f1c2f8,CLEAR,DAYLIGHT,DRY,DRIVING SKILLS/KNOWLEDGE/EXPERIENCE,2.0,25.0,2.0,2.0
13fb4ad0c0fe2752d2757949bc638eb3ffdac30f8ecbcd30b723c860bdc6464eba7eeb5639fc8e9d40ff2af43e59792014651c140eaa44b870a68a2832fb0cb7,CLEAR,DAYLIGHT,DRY,FAILING TO YIELD RIGHT-OF-WAY,2.0,65.0,3.0,3.0
13fbbd1991bf1d2e33b2ed8ac866824019b680fa131bc652ef51c80063d80b039c6cbca9d8210bf39b82f2789749f6be983c08437e97e65a6ae8de0b3b3d1e3c,CLEAR,"DARKNESS, LIGHTED ROAD",DRY,EQUIPMENT - VEHICLE CONDITION,2.0,45.5,2.0,2.0
13fbf6ec93fa7913fc4d00a5f613eccbffad0f2ba8add08b285197c1664b7c421b59b8f386a8283ef72d47c7bf15b532e72ca29c46b2e8aae37f7ffc62d05634,CLEAR,DAYLIGHT,DRY,IMPROPER BACKING,2.0,22.0,1.0,1.0
13fbf785684f637c2bc3374157797b160ddeb1d742587b90edfbb6b41ed689f2dc9cdee96fcc5cedc2c420001a3dc51267d5b1efd4f93b0e0f9b031de24a6f4e,CLEAR,DAYLIGHT,DRY,ROAD ENGINEERING/SURFACE/MARKING DEFECTS,1.0,45.0,1.0,1.0
13fc0285288bcd1fb76b4aa54472711d7efb8917a65b19623ef883503d58736c957e799b50d9b26a34a55836e82adff7fc6f9d4366fc898faba6979bb8efea28,CLEAR,DUSK,DRY,PHYSICAL CONDITION OF DRIVER,2.0,51.0,4.0,4.0
13fc4addf4a2aec826129c4a9745579a59c8060975643cd4f75ba82a5de90cb9997f85271a5df0feb05ba4b7d4770dbbca123bc9beae675af4c102ed37f19b1b,CLEAR,DAYLIGHT,DRY,FOLLOWING TOO CLOSELY,2.0,73.0,3.0,3.0
13fc61dedf85c75adac9de4a758391aed2540bbb391b5ae02bb04cd78897bd332b573b8349e2648711201ff2f87d5ced8de4728658174dd7b523c9949cd8806d,CLEAR,DAYLIGHT,DRY,IMPROPER OVERTAKING/PASSING,2.0,20.0,3.0,3.0
13fc94b15804decbbf823d845048fb19f3a724c939c736f7dcbdaee4b8bd0fe7f75b36bb83223f38a6a005986f3bd1765a9b970d29497ba56da0eb55710e0f55,CLEAR,DAYLIGHT,DRY,IMPROPER OVERTAKING/PASSING,2.0,46.5,2.0,2.0
13fcb7ee7b1623b5dc259eabf8fae4343b1bee12f0873b1d156578c39e0a3688dd293df5a8567db9a6c658728fd56ecfbc2d1a53f97160f7ba1e3f2e60b26014,CLEAR,DAYLIGHT,DRY,IMPROPER BACKING,2.0,34.0,2.0,2.0
13fcb8699ce20fb6889e843ba972739889a339c02f0626eb8f286a9d15649d88bc6dcfb11324a63f6f37ac629fc9bcbd20f400bf4a52ca77a0214afd22d48cdd,CLOUDY/OVERCAST,DAYLIGHT,WET,EXCEEDING SAFE SPEED FOR CONDITIONS,1.0,31.0,1.0,1.0
13fccba02937e978b55d9b97ae50c218cb7cb5a7d82587f86de31074ac4c58539e81792c2ca80f94407d6959621d231869e6205213b37caedcdd6d960b500451,CLEAR,DARKNESS,DRY,FOLLOWING TOO CLOSELY,2.0,30.0,4.0,4.0
13fcfb5a7bddd3f990675aea36267ace1b4610299c4459c6bf6c6fdc83051c7d443de11785420eabaee082a845ab0cdcdd779d10cd17908ebc336a288577a927,CLEAR,"DARKNESS, LIGHTED ROAD",DRY,FAILING TO YIELD RIGHT-OF-WAY,2.0,45.0,4.0,4.0
13fd21fc180672da531e9ad2de3f7507781633a5a489767a89dd38b2ff6a2aaf35698255e46a0398836e47966c064e5d58b0aa32fdc369ad7c3efb320891ae0c,CLEAR,DAYLIGHT,DRY,FAILING TO YIELD RIGHT-OF-WAY,2.0,23.5,2.0,2.0
13fd35327c6bf33c0cdc076fb78bf1b55eb71af3789786d28d69a041aa1e2c2b696eb2d0f2ca85f8b2e76a12c8032cefca79e4b0d27d52010eeeeaf0d70365f1,CLEAR,DARKNESS,DRY,FOLLOWING TOO CLOSELY,2.0,28.5,4.0,4.0
13fda0d9e63ce847a183b50a725e39ac823835d7db3e1be65fd823b57b652cb05e67fa1f0c63064415996a7299198c3ba14573e44c3d29692b9705605789b2ee,RAIN,DAYLIGHT,WET,WEATHER,1.0,25.5,2.0,2.0
13fde7471d556674c94fc22c7b8c371210cc41e6281f11a0165f15d4dbde4ce984acb73c5be7fa9bf3a7c5b960d9205124f8dbaf100844fea06fcb680b36534d,CLEAR,"DARKNESS, LIGHTED ROAD",SNOW OR SLUSH,FAILING TO YIELD RIGHT-OF-WAY,2.0,29.0,2.0,2.0
13fe02da958dd881062c2d1199385c05f86d4965368d9a7724d9e3ed33494b95c870a811fc04aeb3748c6441d2d32097c7d50097d2931c174f1dcdfdd939dd74,CLEAR,DAYLIGHT,DRY,IMPROPER TURNING/NO SIGNAL,4.0,25.0,4.0,4.0
13fe27c0320526d086fb08eb0176e5ddd8ef85942d452b7fe1e3d92a35deee3913933cd840c44a37869b69d23f7d52f6980a2d32b746f7ba05f559c2b62e2b90,CLEAR,DAYLIGHT,WET,FAILING TO YIELD RIGHT-OF-WAY,2.0,40.0,3.0,3.0
13fe2fa7efc86e1b8eac833d0c0c9585a95585898d510dc3c8b1216fca68bb904ec2b3345517c553a28f815d8c96d00c08acde5ba007f7aa2c3611cb2493221c,RAIN,UNKNOWN,WET,WEATHER,2.0,37.5,1.0,1.0
13fe48e7c7791c19cdde592ad8a11d977f897d642053449f6d15afb3d4cae4a4080d5e038e1532c5a7392f6cee83234df587b6bd47f189b1d2d3c61b770a0b3c,CLEAR,DAYLIGHT,DRY,IMPROPER TURNING/NO SIGNAL,2.0,31.5,2.0,2.0
13fe5646c477d406a28104228ea2859d630f2b4859bec711290a42fe3ee30b6ef0a8530031fcf45db092f4e01ec87688fbc5d5242a618afcc14609274645c967,CLEAR,DAYLIGHT,DRY,FAILING TO REDUCE SPEED TO AVOID CRASH,2.0,36.0,2.0,2.0
13fe7b89208427e0ffac00775b8c9a974a81533c3cbf6d92317cfe7c7c4a4c002261d684292185177578776502d8ee76a1edd85d22ade62158bdc41932e23d8b,CLEAR,DAYLIGHT,DRY,FAILING TO REDUCE SPEED TO AVOID CRASH,2.0,41.0,2.0,2.0
13fe9386f6f00ca89d20236586662b1205b8784ce0baa3c3c4ab9420a310d534900d4b8452e9d449960748a26f62510c885c839573ff715bf0afd260704fc205,CLOUDY/OVERCAST,DAYLIGHT,DRY,FAILING TO REDUCE SPEED TO AVOID CRASH,2.0,34.75,4.0,4.0
13feddbb22d4488f001c21663f2cb20356f691408311eaa00a5cb10c4c0d8cce0a5426adb8754a0f178e8fec472ec5961a983ebbb3ca7b66c1a1498df2086e45,RAIN,DAYLIGHT,WET,FAILING TO REDUCE SPEED TO AVOID CRASH,1.0,24.0,2.0,2.0
13ff05aa03c47ca5f9d84f1bd946085ef3164a844fd5925fe8d849f6ead2ac8d4c9a09317d63de20d2b83142ebd2035764927166716705cdbf37b4f3dfe2949a,SNOW,"DARKNESS, LIGHTED ROAD",SNOW OR SLUSH,WEATHER,3.0,33.0,3.0,3.0
13ff5157a655beba555cd7d7cf943c053098af9892675f7bc9b0af9f1bf6eb25de12c5d39ccef0d911481f728a0d5ca02033199367955af3d9283d34a09f6455,RAIN,DAYLIGHT,WET,DRIVING SKILLS/KNOWLEDGE/EXPERIENCE,2.0,24.0,1.0,1.0
13ff5807b7000c1eca8a6c6463b41e800e696704f933b8e7268eda8d150981c23fb83fe6158c57c5a6cf0539beebbe7ec8789a07d2b2b153eaef972736454a13,CLEAR,DAYLIGHT,DRY,FAILING TO YIELD RIGHT-OF-WAY,2.0,62.333333333333336,3.0,3.0
13ff61e8abddc2b876dfcc8aeeb53f9f8bce9adf76cc4649d080fccf006a190b111daf89b39abadbdea985e4f6cffa788f46bf6d85de55221648ad4bcf7c7d79,CLEAR,DAYLIGHT,DRY,FOLLOWING TOO CLOSELY,2.0,34.0,3.0,3.0
13ff82372537584090d315f2068738281f938d126d8bd76b3f9f943b6dcbdd6099aa10044e1d045e1d48f0a5e2e007999f4bb3c61fa1fdbe4c195587fd576b61,CLEAR,DAYLIGHT,DRY,DISTRACTION - FROM INSIDE VEHICLE,2.0,44.0,2.0,2.0
13ff8c811cee7c3e3bc25fd103067e53bfc13757574090f9737c579d955d727fae3c9c8426e858bbf9dca81275a9b8279f904767f4691ea97218a888a16c4a1f,CLEAR,DAYLIGHT,DRY,DISREGARDING STOP SIGN,2.0,24.0,3.0,3.0
13ff8e614d3ab55267316d2ef538d61585068bc42d1c7016596a5854ef92b345c974ea0cb4506daecc2833e5fa8337b213a3f84e780be92af4ae1ef1573320eb,CLEAR,DAYLIGHT,DRY,FAILING TO YIELD RIGHT-OF-WAY,2.0,27.5,2.0,2.0
13ffacdd666b7753ee866d13c0d21a943608a0f9dda1897689813b8138879f5150e859241c6d33cdf0df7254309bde93eead927ed49c75f4db54aab2574c826d,CLEAR,DUSK,DRY,DRIVING SKILLS/KNOWLEDGE/EXPERIENCE,2.0,37.5,1.0,1.0
13ffb390e9c51f1aadb1c230dc1f546ce500b29762e073024bc6e1f1eda6b7490e64ba522a7a480bf0e7ea968e1a42c57c54a3e573c0104e9e5f1437d849af57,CLEAR,DAYLIGHT,DRY,FOLLOWING TOO CLOSELY,2.0,50.0,2.0,2.0
13ffdd77343e8185b3444e207f15e394a412f9f1de622cd381f69aec8e7d4757c0aff86809deaa96ffddff50e79f44697dea8f9b4177c2648eb5d04ad0cca531,RAIN,DAYLIGHT,WET,IMPROPER TURNING/NO SIGNAL,2.0,31.5,2.0,2.0
13ffe3da9a5b7a0dc8f0c18e9b13b9d5dc8b0922de4ef59503b466656fe223eae2ec20f2abeecc35552eda8d0b1ffbac1575009da948dd0d5d6ba81b1717ee52,CLEAR,DAYLIGHT,DRY,IMPROPER TURNING/NO SIGNAL,2.0,22.0,4.0,4.0
13ffec174c7122232601d9d0afc02e79c594e49a6830bba76953b18b6181e8386d7624fb879120fbf40032382a548319626e36d88e4c532acc53ec798b158a2a,CLEAR,"DARKNESS, LIGHTED ROAD",DRY,FOLLOWING TOO CLOSELY,2.0,45.0,2.0,2.0
13ffeebd896618efca3d060d8abc1f3e413cf4fa4c8962e2908ca4a3c37d59b7ab8580d4f803eb20437603a6055d2394e74f6054fd0dc6865538b12f1f20a7ea,CLEAR,DAYLIGHT,DRY,FOLLOWING TOO CLOSELY,2.0,74.0,2.0,2.0
13fff528fa4ea71685db3ba3e86d1e5a50d061231a5171427289a1762c8730e9b20be1c825d7cc18408e4ca67096d9a97ea6fda28cc23f665f5d7ffb2e249461,CLEAR,DAYLIGHT,DRY,DISREGARDING OTHER TRAFFIC SIGNS,2.0,35.0,2.0,2.0
14003910af345ea3dc8dd6938d4d841cfbd1a4ca47da9a2787dc916f40e0497bf86535d879ed50e881baabd749fb15cd9ea15ac36e7e825609b98bf3fa41063e,RAIN,"DARKNESS, LIGHTED ROAD",WET,IMPROPER TURNING/NO SIGNAL,2.0,26.0,2.0,2.0
14003f542fcce04816c07e23c82cc71e816ae21078676fdf349716717dab2ec41929f7d2fb262b29cd983088e978da9436cb47c0409aa7f6dddbddd4d2decf81,CLEAR,DAYLIGHT,DRY,"OPERATING VEHICLE IN ERRATIC, RECKLESS, CARELESS, NEGLIGENT OR AGGRESSIVE MANNER",3.0,29.0,3.0,3.0
1400b756bf0ec52817a5451753ab1c229acedae849a6cb9f645d1366f701b5061ae327e1cb56aea998dc8643dc720267e94961aac7aae9c317eb8a9590cdb034,CLEAR,"DARKNESS, LIGHTED ROAD",DRY,FAILING TO YIELD RIGHT-OF-WAY,2.0,36.0,2.0,2.0
1400d444ea3cc0725ab5bf458890e7461bc2741af1dbecc2e956c6ed9c143b6eee2128b96e6ecc1efbf848dd9d9ce35245427b153f56a0eb2b2b67aca0e21375,CLEAR,DAYLIGHT,DRY,FOLLOWING TOO CLOSELY,2.0,39.0,4.0,4.0
1400d4d70802bcf2bd01db00d233a06314005196cedb7a93413782b41a5213450a75998382990568dd1eba4ef8942960bd1ac057f1f8c6e5e45f72d0aeba82c5,CLEAR,"DARKNESS, LIGHTED ROAD",DRY,IMPROPER LANE USAGE,2.0,37.5,2.0,2.0
1400d7ac3b53334497c58b52ad75c3f8f52ea8db4d9ffaced7e052cf29e821f67f3b91c92da7d9e7c5d62641406c42d7146119b404c7d9c7da77e9f32b3086bc,CLEAR,DAYLIGHT,DRY,IMPROPER BACKING,2.0,41.5,2.0,2.0
1400dd170d12f99446391286fcc33a9def2a609dddc5107d2fd46fcd3e48e4eae8906002a610bef42a10c705b0e645af10ec9a99d324d822063dd7bcb0505d18,RAIN,DAYLIGHT,WET,IMPROPER LANE USAGE,2.0,64.5,2.0,2.0
1400fc2f65e070c64e0a7ed0eea54bb855652f165de5d91c80e673f89676218eed31827a66e5a175c2e60cef24cfcf2b3aff632b6bd419c820a1d275a4a45881,CLEAR,DAYLIGHT,DRY,FAILING TO YIELD RIGHT-OF-WAY,2.0,44.5,2.0,2.0
140108d06cb5db066255dbbc50cbfc4de378323de76465e4c922ad76384542a8f6637f6362fca3b968cb729251676abf4b1e9e567f549a56d364c577580a70d8,CLEAR,DAYLIGHT,DRY,FAILING TO REDUCE SPEED TO AVOID CRASH,2.0,45.5,2.0,2.0
14011c2f669ec38c78826ed3962f7693f92827995305a712ec90c0f97e449fb3ab4039e26cdac2ac0665f6217b985be7d60c3176f1013d10cd89dc0ea2b4e22b,CLEAR,DAYLIGHT,DRY,IMPROPER TURNING/NO SIGNAL,2.0,34.0,2.0,2.0
14013ecfee35fa60ecc83e01129f8ef390f5eb5e3268ae6c28f6e900741173230d0a12f14b4d4b9c14f849d7b8285e6a7c3dd4b954119953d041658dd3926d91,CLEAR,DAYLIGHT,DRY,IMPROPER TURNING/NO SIGNAL,2.0,40.0,3.0,3.0
1401460d54dbb70a292ca526d3b4ead8440b825da88b75a179132ecedb4db78b7ab863bb856f04d65e79cef479b09af382c15d102ce483fe01af0b69bbc9bdb3,CLEAR,DAYLIGHT,DRY,IMPROPER TURNING/NO SIGNAL,2.0,67.5,2.0,2.0
140147b66942445c38dee985275cb35d5052ef2f94856ddd69678df79f7168b009187b70d5bafaae77ee651453b8a69564c0e6ba3408010255d4fae351b5808d,SNOW,"DARKNESS, LIGHTED ROAD",SNOW OR SLUSH,FAILING TO YIELD RIGHT-OF-WAY,2.0,58.5,2.0,2.0
140189ff8d9bf06f4dd2a2f94ae1a708453507b1288b17e744c163c3d7ae8e833a7fd35a51ab2561a78937c552e4f2aa713c60076fe0589b6333e8c4f51b9687,CLEAR,DAYLIGHT,DRY,IMPROPER LANE USAGE,2.0,39.5,2.0,2.0
14019429633dd83d05e80968682dda264f618c6a78b2ce7a13e0f1181361221a7c0aed42f347eb494b1a4b8b50d619a9081cbe04756c7ee0209d84019198ac34,CLEAR,DAYLIGHT,DRY,EXCEEDING AUTHORIZED SPEED LIMIT,2.0,37.5,1.0,1.0
1401c47030ab3a64e29d7f67519bbfbf48c7a6822746007ab44a950e3a9ec1ccaffbb6a949396854f5087fe60861783888f65d84cbb51e5c60977126f897b6a9,CLEAR,"DARKNESS, LIGHTED ROAD",DRY,FAILING TO REDUCE SPEED TO AVOID CRASH,2.0,53.0,4.0,4.0
140200e0c8d71437c8e61a1c8f6c42af0007cc192445dcd3dc6e82cf641f47531ad59e3a4880d85d80358887f3d8a1630e325b9c96e1953787ac17484200c132,CLEAR,DUSK,DRY,DISREGARDING STOP SIGN,2.0,37.5,2.0,2.0
14020d282449f1285950f0c661e1eb00a74147db9d410d77a01c124bb952380f522995e30f7a57c52d5fac95c942cd06cde2ce93da324d8c70f4e14754723b55,CLEAR,"DARKNESS, LIGHTED ROAD",DRY,IMPROPER LANE USAGE,2.0,34.5,5.0,5.0
140215f181863d9ccb3e1996a1fc8b4412b944b36e8780dcd2530d53dff69a9ad0ce954e5a6b7156aae24cfd787e05ab1cd05bbdf1e3ea074e08aa0a04660cdd,CLEAR,DAYLIGHT,DRY,FOLLOWING TOO CLOSELY,2.0,45.0,2.0,2.0
14022488939f27242464a915c012cb30d4036d99563797b6e170a5982718717655d295628faab0b9d18b314c952f28b0de7cecb133a62ce56aabef1aadfae001,CLEAR,DAYLIGHT,DRY,DRIVING ON WRONG SIDE/WRONG WAY,2.0,34.5,2.0,2.0
14026f2be949404e947846269a347fe6c30e4de1631da727db6234f59ba23603ac520bbb021361a57fd0e423f85b40cbc76a0e5978a739c6b260ac6423bcebf9,CLEAR,DAYLIGHT,DRY,FAILING TO REDUCE SPEED TO AVOID CRASH,2.0,37.5,2.0,2.0
1402ade4b1614b316a9f586bd48dc10128a5abf6e7301f9ea9da058130defbeb774045dc103a20fc8822296c82ebeb78f762cdcbcde59eb27d9904ea09a60b5e,RAIN,"DARKNESS, LIGHTED ROAD",WET,EXCEEDING SAFE SPEED FOR CONDITIONS,5.0,26.0,1.0,1.0
1402c8978663a008c36bd2b4769f3fb2cf6404b4f3f47d224abd5938c4c40952ca7cd502ad9844e39675974d7373b6804cb535f4482f36408b697186f0822b67,CLEAR,"DARKNESS, LIGHTED ROAD",DRY,IMPROPER BACKING,2.0,37.5,1.0,1.0
1402ed8c6dfd202f0b5fc668c220a32095aea5c15567d6e09aec3379968ae4e33e8dd75060405b4a920e047fe15ca827467e3e2df3be7c83e8bd647eb51e2d75,OTHER,"DARKNESS, LIGHTED ROAD",DRY,IMPROPER TURNING/NO SIGNAL,2.0,48.5,4.0,4.0
1402f21183336985b676b781dc3169305bf89ae7960e34b62ea4174b589f20696708eb04381c142813599efebb6f8a7c4bc829880d3164af778bd04725e3c9f1,CLEAR,DAYLIGHT,DRY,DRIVING SKILLS/KNOWLEDGE/EXPERIENCE,2.0,37.5,2.0,2.0
140311a7764c015676ef0b3c6b27f5ab63a4a1a3f2dec804890b63ca88c44cdb2ded70c5414d73a8a68819341d2fd283e95b63a4cf485a81e6f341dfaa5a72ef,CLEAR,DAYLIGHT,DRY,DRIVING SKILLS/KNOWLEDGE/EXPERIENCE,2.0,33.0,1.0,1.0
14032c1d1bd707ea3e5fc66c06f553017ea4fda36afa49eea5a5f9dc0e40773fddfb3b96bf2e086e5028d1fe6417ae1f17d98d6608da75a014f369bb1975561b,CLEAR,DAYLIGHT,DRY,IMPROPER BACKING,2.0,42.0,1.0,1.0
140335e569332923696b0ac01fed9c19ad613353006d3c82ba30ebda56a5dd18b2c370186d46b60f332d51a9bd487f2b51691d0d093643c208d015035b8dbe78,CLEAR,"DARKNESS, LIGHTED ROAD",DRY,FAILING TO YIELD RIGHT-OF-WAY,2.0,39.333333333333336,3.0,3.0
140347c73bf5ca1a9ee3957622a51b963ed8136746a6ff81a04dcd2231bcd91e06202a9695993792353f5a8817c9d3356f70d36b79be9cbf321441d9898a55c5,CLEAR,DUSK,DRY,IMPROPER TURNING/NO SIGNAL,2.0,36.5,2.0,2.0
14034ecff3364eb225d07f5bba5164bd9f6cb6de54a080563f6e9792644b31edb18809a7ae06ca17fb1fa46828332a565065a96274037330958f46fe879455c5,CLEAR,DAYLIGHT,DRY,"OPERATING VEHICLE IN ERRATIC, RECKLESS, CARELESS, NEGLIGENT OR AGGRESSIVE MANNER",2.0,30.0,2.0,2.0
140355ec0db9b16f1646bc96b6e6dcef4175f8d1cc65f30002eb7d9506e862c1560a9ed725ce8bc6c3a65ede414dbd5e1085ef5079516869d8be9c7625b0a2ce,CLEAR,"DARKNESS, LIGHTED ROAD",DRY,FAILING TO YIELD RIGHT-OF-WAY,2.0,45.5,2.0,2.0
14036a986ba647f3c6e9ef2221707af38eeedbc4790c4db8d7e65f21c24c216dc7683a8e9ef7352d7ed3d2b57f151ee2969407fff9c83b4a33f6267e9cbf9bc0,CLEAR,DAYLIGHT,DRY,FOLLOWING TOO CLOSELY,2.0,40.0,3.0,3.0
1403a9df416cdd6028c6fa2234d2cc56267a63c9f009630f2408cca41e0c564215e374ae2c2be42843194b3d967e2dc24ae99e673c61a0e487376bc32e4f28c7,UNKNOWN,DAYLIGHT,UNKNOWN,IMPROPER BACKING,2.0,37.5,1.0,1.0
1403aa01aa36e4934997dd753a1baad237a148bc7389c870d4c4d9a499d26e58e0c4266a14e241a2b7e4e5453b0aeaaf247ec24fd79acdaeaba8c789f2e5f019,RAIN,DAWN,WET,DRIVING SKILLS/KNOWLEDGE/EXPERIENCE,2.0,89.0,3.0,3.0
1403aab54d319f9adf8f51e9658f785901c4482f0d2a4673b12d663d9fca00ed4832ba758ce3858e925baa21ef9d65a4bcbde10c2129fbcb9936af0166954b69,CLEAR,"DARKNESS, LIGHTED ROAD",DRY,FAILING TO YIELD RIGHT-OF-WAY,2.0,41.5,2.0,2.0
1403e91cd8dd568dc03133358e79d61059fa4a622934e5e96d74e9bd9d83e4d60ca937fbdfa949a631f8214a88b5f2687f76efce448b5cb4f3bbd65aa19cb729,SNOW,"DARKNESS, LIGHTED ROAD",SNOW OR SLUSH,IMPROPER TURNING/NO SIGNAL,1.0,44.0,1.0,1.0
1403f5fe8ca6a421dc5238b777fdc310bc7ed4842ad81554f2a5f73b6c2690bf96eaeda064d2e2864899c7fe70fedf7c61577575beb63de29a2caf1417f88887,CLEAR,DAYLIGHT,UNKNOWN,IMPROPER OVERTAKING/PASSING,2.0,45.5,2.0,2.0
14042de1a3488450c7067b3dd9a36d3af6eefe834b8b5996ce2c0e628a703dbcb3638f1c1b60d9054517a05e48114b3824b5b38da0c7c57274e80f91c90c1533,SNOW,DAYLIGHT,SNOW OR SLUSH,DISREGARDING TRAFFIC SIGNALS,3.0,30.0,6.0,6.0
14046d8f727d24520d36b2e66fe7f2c065fdd76a074678327a6983b1cf285f0331f7de7ac86a35017ac5819f9560910e4040791610bddda9b36472ba209cd575,CLEAR,DUSK,WET,DISTRACTION - FROM INSIDE VEHICLE,2.0,33.0,3.0,3.0
14046e2f9cc3f77bdbeace102a4be3f4c99a56ca25e0efdbcea9ec8d24411cc2d41a0294ac3c241f55fb6878236e9043fce06ff2bd40ba7aa1814fff0855ff0a,RAIN,DAYLIGHT,WET,FAILING TO REDUCE SPEED TO AVOID CRASH,2.0,44.5,2.0,2.0
14048dcce2a54333a3859d411bd977a385aa8f04b57e788fba8e05ce7c48b26f6a8532c1d5387e3e9c47a0ac665e94b25a86411704f6c461c5ac9e1a52ecbf45,CLEAR,DAYLIGHT,DRY,FOLLOWING TOO CLOSELY,2.0,29.0,3.0,3.0
14049c4933d0797945fb158c00a43b57a2292b8a01ab6caa5493d62740061af4ae8c62c5b5046f95fc4639d514c698a3c77e215152aadac9c139c197362bbacd,RAIN,DAYLIGHT,WET,FAILING TO YIELD RIGHT-OF-WAY,2.0,39.0,2.0,2.0
1404a6c24986ce9657665d0e368ba19ca37524e5af2c6a382b487765684c98ea8f6a49be4294a8e29a6852977cb158cca539723008caea4fa7414a7f8accf2b5,CLEAR,"DARKNESS, LIGHTED ROAD",WET,IMPROPER OVERTAKING/PASSING,2.0,33.0,2.0,2.0
1404d370060c62dac0e4f333d17872cfc477875e55ae41abbf8693eea105baee4deee4f01041b4a1e65b6e5068dd96b907695ab797e7e06e49d305746b6b193a,CLEAR,DAYLIGHT,DRY,IMPROPER TURNING/NO SIGNAL,2.0,35.5,2.0,2.0
14051070cc1510a065a7baa23d308392c45b29186cb8ea1e66d30cdf43da73418bed601ab82b858751c189a7dff49c61b5fc2c707b9c9f857208db96d21b1472,CLEAR,DAYLIGHT,DRY,FAILING TO REDUCE SPEED TO AVOID CRASH,2.0,43.0,2.0,2.0
14051a81000465da82a347aa3eaf673185c35fbf98fb9dc1eaadeea3b73d1c0f672d280fe6fbce110efa3a09e97cb0434fe7e81f98f9373f98a4793424d708b0,UNKNOWN,"DARKNESS, LIGHTED ROAD",UNKNOWN,FOLLOWING TOO CLOSELY,2.0,57.0,2.0,2.0
140523e9246367b7d9f2af2e72b4a99dcdae8a650b9ea687dd95ebfc27cc7e03a9d6a0c48bb26579a3a4c7d8f5c0a55feb90c70faf7e4a72da83d624eb293600,CLEAR,DAYLIGHT,DRY,IMPROPER BACKING,2.0,37.0,1.0,1.0
140526435e05a1739b19ed0c83af79f49036f964fbe58859981c84aaafc726b72f886bdea762787a3d6529cec7e26125b16fad39cb60f680823d442251f7e061,RAIN,DAYLIGHT,WET,FAILING TO YIELD RIGHT-OF-WAY,2.0,24.0,5.0,5.0