crash_record_id,weather_condition,lighting_condition,roadway_surface_cond,prim_contributory_cause,total_vehicles,avg_driver_age,total_people,total_injured
140533475b15795f663863ae86167d7c61ff3b53fe14ee62223e663e94a698d5909f02671abb4064af9e8128b58b85e037694fe6167d3d50f5dda29a7d06af51,CLEAR,DAWN,DRY,FAILING TO YIELD RIGHT-OF-WAY,2.0,37.5,2.0,2.0
14053e28e8a5f60863c48a60b79bc9623983d05647e87511a5f1569febe5d98799d461e306238f4f4087474493595b13290196608ca22c33b7da13bc773c1246,CLEAR,DAYLIGHT,DRY,FAILING TO YIELD RIGHT-OF-WAY,2.0,16.0,2.0,2.0
1405451d899ac603ebfc4a2e3b147278c6e0f06a88454450b9a43149bc9920edc6f39418325e70f2386e150e48beb2f7047d395bdd72cd7497235afd797ad9c8,CLEAR,DAYLIGHT,DRY,FOLLOWING TOO CLOSELY,2.0,34.5,2.0,2.0
14056b025aed7cfda8d82aaec7ba26d9e86f7a2724409ad2d89f149a253fa4048e72ea811870b99bdbcd2f6e46775edae552acbb5c2123af90b021075fc357c7,RAIN,DAYLIGHT,WET,IMPROPER LANE USAGE,2.0,42.0,2.0,2.0
14057e9ddd6a0a073e14c213711b95315f86faa7ad8e85499d39eeaa0609d90d1ff07839136200135741384aa73ff1808181503e834b0c2ed76422f1b5de87a1,CLEAR,"DARKNESS, LIGHTED ROAD",DRY,FAILING TO YIELD RIGHT-OF-WAY,2.0,44.333333333333336,3.0,3.0
1405a8651107afe90bde05c77213c80e1039c7ab818147713eb4eaa8c51fb56028864d81c3cdb14c475db4dcc1325b400b19636358909a849e5ce43ba1022950,CLEAR,DUSK,DRY,DISTRACTION - FROM OUTSIDE VEHICLE,1.0,41.0,1.0,1.0
1405a8894e38db60cd47e017f9572245d1ab38e1936d1b6429c289b2e2dc19759f6a9b1a631e887ca69956fbcd51f5b846003b00e35362417e948e2f35c348d8,CLEAR,"DARKNESS, LIGHTED ROAD",DRY,FOLLOWING TOO CLOSELY,2.0,34.0,2.0,2.0
1405c37b19c5b5bf79e783745b62f1a281705d2e1b6e784053520a0472a7419e2006d21090d8aad0edb01c99522e60e23da8564cd1e6227cd1fbe068bdf7645e,CLEAR,DAYLIGHT,DRY,FAILING TO YIELD RIGHT-OF-WAY,1.0,53.5,2.0,2.0
1405f38ff149689abdd08323e74fd883977ff2b116e0c2c155f04e6457715f1d7b06f53ac6f2eddf5cc2f945bb5aa95870ef2db69276ebdff61f350477302830,CLEAR,DAYLIGHT,DRY,ROAD ENGINEERING/SURFACE/MARKING DEFECTS,1.0,23.0,1.0,1.0
14061325b3f7d25e172cb282f7f141364bef11977201a2729519ad679ba07151efb05fda5e095261755353c1bd6b556f815732e409474dff4b6af18e868b0ff4,CLEAR,DAYLIGHT,DRY,FAILING TO REDUCE SPEED TO AVOID CRASH,3.0,36.0,4.0,4.0
140615b4263feee2ad97eda2a3646f7495d669462983a1780ea475f212c6539acce50e8192f48622d81e78902d345cc5b19db70cfcffc51ff5c33f65677f880f,CLEAR,"DARKNESS, LIGHTED ROAD",DRY,FAILING TO YIELD RIGHT-OF-WAY,1.0,23.0,3.0,3.0
1406381f4b03bca45c4e10e40b0a98002b2d421e2b1fbd48fc8ee88d30d202ee165ed7c58b17afaa6b95ab71503309a5b6ed0f5c2bce11ab96b0f671c79cd339,CLEAR,DAYLIGHT,DRY,FOLLOWING TOO CLOSELY,2.0,41.5,2.0,2.0
14065b958fdc564c203e8f70e7b5b843e440cbdeeeac4b9bd86e7c2aa453f3e232b4b780677628bfada8817eca039ffcc47376f6dce6071a8aae571d952d8c5e,CLEAR,"DARKNESS, LIGHTED ROAD",DRY,IMPROPER TURNING/NO SIGNAL,2.0,27.75,4.0,4.0
14066c0b82a4a473a649b019e9065ee7fb76944e34162aa374c3696f69e04c062b284fbfac3bbd03b6559f7a602bb6db19a737c43a637d4b6a5a4ddc542f532f,CLEAR,"DARKNESS, LIGHTED ROAD",DRY,DRIVING SKILLS/KNOWLEDGE/EXPERIENCE,2.0,43.0,1.0,1.0
140687b54cba7dbffb6b47b54a20ae362fcd7ff275633039d77185c931a8257e5ff78e1125d1948956fa3c765fed46c4e1866e940151b4ebb9098d166ee57429,SNOW,DAYLIGHT,WET,WEATHER,6.0,36.57142857142857,8.0,8.0
14069a0ca3a3d41ec8675743b24fbb1626b46e0c15201cc5590d7dd017fdc0b5d897286e28d1db1789b780ccc15860a7538a77850beb2cb6a5fd63f4a99f50b0,CLEAR,"DARKNESS, LIGHTED ROAD",WET,FAILING TO YIELD RIGHT-OF-WAY,1.0,17.5,3.0,3.0
1406cec8b83bc5bc53786422170ea89e6c484497af444bb50f5406066c9a51af3cddf71016c51a4337791ae51b49ecbf3b41de18afa09bd84d2b1b17c2c685d1,RAIN,"DARKNESS, LIGHTED ROAD",WET,FAILING TO YIELD RIGHT-OF-WAY,2.0,35.0,3.0,3.0
1406f7ecfd3b86797a8e43263ba89b967a6420adf370739bfb771d02737cbf7cc1df0c55acb2abb4f549b2f4a288eb2272dfea5fe8c7919d5105b2fbe1e027f3,CLEAR,DAYLIGHT,DRY,FOLLOWING TOO CLOSELY,2.0,41.0,2.0,2.0
140724401108cf32699914dd942b2b32b76ec919b11e0ca5dd9d66c66d25179361d1851462413cbc0b1871c5cf61de61439720db15a5315df873c173cb8bb47a,CLEAR,"DARKNESS, LIGHTED ROAD",DRY,DISREGARDING TRAFFIC SIGNALS,2.0,25.0,2.0,2.0
140728e232d97aa4c5824a697a7d40e8361b85a8af04f5806fa61f9f8b336b22dca8393330922ca4ef23b617c2224f364cc6b639b80b2cdce2502c39879707df,CLEAR,DAYLIGHT,DRY,"OPERATING VEHICLE IN ERRATIC, RECKLESS, CARELESS, NEGLIGENT OR AGGRESSIVE MANNER",1.0,29.0,3.0,3.0
14076e3a5ea81fac7001b483ce569438023a03fab2a6887d0b352c73a6a58e622c6951de52b28b38c8c19c2c063d43ac3a54ce5e725064ff17abb8e4909b5499,CLEAR,DAYLIGHT,DRY,FAILING TO YIELD RIGHT-OF-WAY,1.0,45.5,2.0,2.0
1407851905ce5ffa688f53987fc07df7d545cf0a2413c9ce03cd9243017629d0360cc4b643224dda056cc86fa134b5f4fbb5db5c89a54212c2edc0102db0cf1a,CLEAR,DAYLIGHT,DRY,FAILING TO REDUCE SPEED TO AVOID CRASH,2.0,33.333333333333336,3.0,3.0
1407932e1080fe90ce29a9cbb8f3678f77a6df382d44c422257602855734b27b617fe03738262c8491620d049fc1996b309c0c01307a3fe300eeb7b846d0fd99,CLEAR,DAYLIGHT,DRY,FAILING TO REDUCE SPEED TO AVOID CRASH,2.0,34.666666666666664,3.0,3.0
1407a24cd018add6e5dd004425f75e02a3c36cfbbe44ed62dd623e919e521a89be46b079770a16cb8b9126f2c97d7a8ebabde97f2978d0d987ff4d793d40cdc3,CLEAR,DAYLIGHT,DRY,DRIVING ON WRONG SIDE/WRONG WAY,2.0,47.0,2.0,2.0
1407c53efb64b205422e5587d7acd7ddfe99a89fd936a94affd1af8852e5cdbba13fedfcc079c81b50c9b59478cba8088ae94d067ba539487649b8bb4d8aecb2,CLEAR,"DARKNESS, LIGHTED ROAD",DRY,IMPROPER OVERTAKING/PASSING,3.0,42.0,3.0,3.0
1407e08f0739c94057f52b76d9ece5c25352f6a6e7a02a8e6cc084034dd6d80e9c8c06f7471711e523f4d80eca9dac89d6818bae3c3fdb439350f4bb6728e338,CLEAR,DAYLIGHT,DRY,FAILING TO YIELD RIGHT-OF-WAY,2.0,46.0,2.0,2.0
1407e2f399b05344e24550fa9eb7b3b39add452cb0efd9975e00e9f642faf69284aee501fbe14c347b42df2a307dde3baacfac31843e16f3a1e36e9f3f4eec47,RAIN,DAYLIGHT,WET,DISREGARDING TRAFFIC SIGNALS,2.0,40.0,2.0,2.0
1407e4e1ef63a80e9cd87498230a790ac1ef589bfd6d1d1e7a16230600c7130a273e01ce8f5dfa18834e014c3e25851bb1ac11f54f61352e487df8c6c5f0680c,CLEAR,DAYLIGHT,DRY,DRIVING SKILLS/KNOWLEDGE/EXPERIENCE,2.0,33.0,2.0,2.0
14080118c7a8518ec7de946483e27ad31824f324ee2c266211f171118c789128cf1ea3b4967538216937d2c1b052530bf7936d9402ec69f9d7673f794d1bb60d,CLEAR,DAYLIGHT,UNKNOWN,IMPROPER BACKING,2.0,37.5,1.0,1.0
14081f63b45e6955cd439795462b06deaf56663aae3d8eb3b7759b698b4f635ee5859fa7e87a672b9daa3fbd8e54e157acbec14e1b952f14d2a43d9a333e4b37,CLEAR,DAYLIGHT,DRY,FOLLOWING TOO CLOSELY,2.0,65.5,2.0,2.0
14085b6a5cb661b2ce932fc919a35d44b39735823ac5de54b3d8ac3ae806d11d626f31f851ddc6ef0e3b542ab62dd1f1e6615d5b6e32369722eabe50a882ad93,CLEAR,DAYLIGHT,DRY,DRIVING SKILLS/KNOWLEDGE/EXPERIENCE,2.0,18.0,1.0,1.0
14086696917009b1ee48ee7c3dec68f9d7b5448110cc21b133d62d52380ef982c0d9b269e0142227cb952ba432df8aaeecd9781b9fd1bc1695af2de60db67b08,CLEAR,DAYLIGHT,DRY,DISREGARDING STOP SIGN,2.0,22.0,4.0,4.0
1408796e0a9cf735ce271f8157ed2d8a9e699c1daa8850ecce1f2f983b652320f22a126f815010ecb63e5715a0f95242a6916346e4f0d5c48bcb34f661158bac,RAIN,DARKNESS,DRY,IMPROPER TURNING/NO SIGNAL,2.0,32.5,2.0,2.0
14089f0a929db69c4cd3ce4678d92cec113ddb27c47c33b8a480b00b73355ddd398df81e893257ac28bd0c7771b8a33524e4f5287decc8176207fb02e41cc25c,SNOW,DAYLIGHT,DRY,FAILING TO YIELD RIGHT-OF-WAY,2.0,63.0,2.0,2.0
1408f948ff16126e9fef7a7cef2fead05ca0ab0d378ebfb8a2d1bdc43446e5e74817aff39b737a54ebd59483822bf8df8d14d2518e601d922cd6af05a6e544b1,CLEAR,DAYLIGHT,DRY,DISTRACTION - FROM OUTSIDE VEHICLE,2.0,27.0,1.0,1.0
140903492c5d33acde678dc4893a348f1319b2ef00d668f771c041ae95460cd27b7b881adafe2451dd0473b6004bb09e3e556509def3fa1a7a5d7cb59a692286,CLEAR,DAYLIGHT,DRY,IMPROPER LANE USAGE,2.0,26.0,2.0,2.0
14090de473f49bc504a2eed3b4ed4730809a9872dd40580206a21d49a220a8933ac644ae2ea4645214e750eeef88ab2ab6abb105944af5bda44c6ae56c2abac1,CLEAR,DAYLIGHT,DRY,"OPERATING VEHICLE IN ERRATIC, RECKLESS, CARELESS, NEGLIGENT OR AGGRESSIVE MANNER",2.0,36.0,2.0,2.0
140923d7bb27f540c285e9ef9f76c91eac85fc128d58df515b6bbe44576c81153c5c9db729f8fb17321c8e123a546913bcd1eff7f64dcf0226e6f50af842b0b5,CLEAR,DAYLIGHT,DRY,IMPROPER LANE USAGE,3.0,66.0,1.0,1.0
1409288e6482bd287255b453f48fb2859ea46787afeed52dc61f899ba4ffd631e76d51bc4ddfea17b443701e271b6c201540ab858ce316331f9a28f87032b49b,CLEAR,"DARKNESS, LIGHTED ROAD",DRY,FAILING TO YIELD RIGHT-OF-WAY,4.0,33.5,2.0,2.0
14093a16f080d22a8351eaf7e0bffa5e71aaab229acb7bc319ad20b9fa28e344e17cef64ba04881f5d439897f6f0901b70ebd7fbb3c15101071b6a9fd41c0caf,CLEAR,DAYLIGHT,DRY,FOLLOWING TOO CLOSELY,2.0,66.0,2.0,2.0
14096483c29f17f15c01207a25970140efc6c6101c7c4b8c8bf83d5200acd268af5c9cf086c3d668a51163f3b0e5196f494dba117ad7042a3aa7387b60cb3b20,CLEAR,DAYLIGHT,DRY,FAILING TO REDUCE SPEED TO AVOID CRASH,2.0,73.5,3.0,3.0
14096616b75f47792bb995cefbb09486c47d3e72a7de14291d67d918b187516c65b846cfdc3a1be17a062cfd6a632fd514a63e836aa732668cd99f24b509e2da,CLEAR,DAYLIGHT,DRY,IMPROPER TURNING/NO SIGNAL,2.0,52.0,4.0,4.0
14097afac0e7f4a0d57d87d23a9a2428122f5960a26dc2690ff9b996e5c92fc863574631783b57ff71da80524c359e591eba848bd17972c84cc6afe472c98f56,CLEAR,DARKNESS,WET,FAILING TO YIELD RIGHT-OF-WAY,2.0,26.666666666666668,7.0,7.0
14097c1c219f000c47fa569af786d1f560d5508a6d0769df8e2236ff0f0ec8e5051445e382735a46e9f44269a0af27234bcabeb410b24eec637bd6e48f390768,CLEAR,"DARKNESS, LIGHTED ROAD",DRY,DRIVING SKILLS/KNOWLEDGE/EXPERIENCE,2.0,55.0,2.0,2.0
140993a81c677d97f16f5abadef405f435939158875a3df5140949536907c28e2fdb3f7b0065e8ba50d6a5eee3b8a89606090db38b755d8d56dec27dd223830a,CLEAR,DAYLIGHT,DRY,FAILING TO REDUCE SPEED TO AVOID CRASH,2.0,29.0,2.0,2.0
140997501423429a2ea0856002a82ba15eb15223b8c1b663d71459604e12f4a7d0d4776f0bfdc5139ec0e28d20d99e9e60c8fc2b24fd068156cd32977709dd62,CLEAR,DAYLIGHT,DRY,FAILING TO YIELD RIGHT-OF-WAY,2.0,25.5,2.0,2.0
1409b67de39b25c6f900ee5f61c45e776ff7f9da154a3aee3c092d5f80867864687b4b47dfe95f05aa682cb8fc0ec793c81459e4b91440890294783cd361af85,CLEAR,DAYLIGHT,ICE,WEATHER,2.0,37.5,1.0,1.0
1409d0af66b09f5751aa811cf1b7427cc74e9ceee7d52fdcd517b2f6d642c185e548989cfbdbfd58890d7ac3b61ab61baf936e28885157303f21f61df7cb5b62,CLEAR,DAYLIGHT,DRY,IMPROPER OVERTAKING/PASSING,2.0,31.5,2.0,2.0
1409ebe5695fee5d6c8dfa7acc50607acb6b6a6138f0eb49d5b34f0394918f988aa035c7d78138f1d5f7e201a00801a930fa3c55ce77b7b76943e8bc40208726,UNKNOWN,"DARKNESS, LIGHTED ROAD",UNKNOWN,IMPROPER OVERTAKING/PASSING,2.0,20.25,4.0,4.0
1409edb16a2ef00593f4a7b4485bd5c8d5f286bc094b103efb01a2bf82c9e049196db22150dbf7314ae90a7e88dd7127090681f55ae66d1bbb0d0352c5b9c8e5,CLEAR,"DARKNESS, LIGHTED ROAD",DRY,"OPERATING VEHICLE IN ERRATIC, RECKLESS, CARELESS, NEGLIGENT OR AGGRESSIVE MANNER",2.0,44.0,2.0,2.0
1409fac7443e1a38720e8871b7234f74dae67f3ccc8cc852be227bef0f824e9582ec7c3f6b1760631965f282d3207f14cda30926dabf47b7238c7536ae13405b,CLEAR,"DARKNESS, LIGHTED ROAD",DRY,IMPROPER TURNING/NO SIGNAL,2.0,31.666666666666668,3.0,3.0
140a10e85cdba0c4ab3aac91d4ffe14d9e4f5e6b8ab18d3bdc209d40457e97c02caa804aac17640819fa777e2e0bfe8e801429b91d430d701da5bdf71d03c20a,CLEAR,DAYLIGHT,DRY,IMPROPER BACKING,2.0,54.0,2.0,2.0
140a1490f2145bd5ee8c09095672dd614e76486bfcc92a3066b47d29aac10c52e49f2f47a2985abd2bf7a15150e6dbd120b6567fd83bcc5268342479d3656f49,SNOW,DAYLIGHT,SNOW OR SLUSH,FAILING TO YIELD RIGHT-OF-WAY,2.0,45.0,1.0,1.0
140a2cbf9bf9dfd2ef66d58cd6244342e4506f5d43b3577747939f8eeab0228ea5be816c5a47c858b0ac0cab46766d966f9969a9eced231f7a8a937a1185386e,CLEAR,DARKNESS,DRY,IMPROPER OVERTAKING/PASSING,2.0,67.0,2.0,2.0
140a908d6975b986cf5ac3665e2e27395fbdd253b1ab4dd53b2a1141e4e9525798db1889ac79d561e6415cacfba730ff0e3df3be9c107be9912b3c4b27dd5c3e,CLEAR,DAYLIGHT,DRY,IMPROPER OVERTAKING/PASSING,2.0,53.5,2.0,2.0
140a9160660e39c81f0f1b17c5b481ad53d8803776dd33b018cfff894a92a760640f9914d1c87a2517d2e6cb6c8abe187742fd8fc5b387b40c35170564faa172,CLEAR,DAYLIGHT,DRY,FAILING TO YIELD RIGHT-OF-WAY,2.0,50.5,2.0,2.0
140a9fa0c9d46259a5f539ad8c328ce1dd3986991dc5bc828f680b1f1b5d2ec2ea8985b0969dc7725c45db763b7e7f191361763d25ab832e14d9b9bff801beac,CLEAR,"DARKNESS, LIGHTED ROAD",DRY,FAILING TO YIELD RIGHT-OF-WAY,2.0,25.0,2.0,2.0
140aa3714ea9ac6bca984f4824806b86527e5387bcdc46b59e1f62ddfb63e1f228a61d45ecbdc50cdf7e18af23fab58a36d216528a0847c1d294c2e5fd77643e,RAIN,"DARKNESS, LIGHTED ROAD",WET,DRIVING SKILLS/KNOWLEDGE/EXPERIENCE,2.0,37.5,1.0,1.0
140ad2a03a0f6421571db0881141b307d172b7a8083a3af5d60d127cc38d761274f665bba66eb2d88db57c5780e780c0a1beba0d2dbfe7d40d66fbf4cf76e85e,CLEAR,"DARKNESS, LIGHTED ROAD",DRY,DRIVING SKILLS/KNOWLEDGE/EXPERIENCE,1.0,20.5,2.0,2.0
140ad8e7de5a78df413d3948f1addc9f2c175430ba50a91af268e196a67e44318e42c926396ef03e91476e72b5602f29a8a2de752d9a9b80334d1c38aab03f2a,CLEAR,DAYLIGHT,DRY,FOLLOWING TOO CLOSELY,2.0,50.5,2.0,2.0
140adb7df5fa4ef72ade5a441e6eacace9ac768d73d938f0de6f1fbe70b5a4594e55e673705fb6eaee76eac4d977b8208b2803cdc7a280fc9207959cc009ce96,CLEAR,DAYLIGHT,DRY,IMPROPER OVERTAKING/PASSING,3.0,40.666666666666664,3.0,3.0
140ae1aa0ff1458afe634404f2977b0bc9068fd42110df21e6fa0a1051cdffa11346d84dd3f3c033eaf77bc7136d18615fce8fce28cd3a2fa38294bc57c0bf78,CLEAR,DAYLIGHT,DRY,FOLLOWING TOO CLOSELY,3.0,25.666666666666668,6.0,6.0
140af10d58fdb28da37534678eb44be1834f5435fea98291d2c357fb25c977cf1f54c20695cedb6a6528ba3f583483f7130f33dc611032a69bb9cef786a40aad,CLEAR,DAYLIGHT,DRY,IMPROPER OVERTAKING/PASSING,2.0,38.0,2.0,2.0
140b002979cd6d7614e4029729aee31c8198fbb20f573e104c75d99425474feaffcc9e3266b1c43add37d4b1e9800b41fdb378f40558697600fad6ce370ab3c6,CLEAR,DAYLIGHT,DRY,FAILING TO REDUCE SPEED TO AVOID CRASH,2.0,27.0,3.0,3.0
140b2c972ff1ad191b906ba64b9fb0f647b4a80d79af3fb1c63143eed936fb9cf5f3bd12d94bcff144b28fad354b89f5d44b54b3da241dbf7080b2b93d474cca,CLEAR,DAYLIGHT,DRY,FAILING TO YIELD RIGHT-OF-WAY,1.0,63.0,2.0,2.0
140b41fa97ab98b0740ef8d27e499f354deae20ee8c49d1a30be4fe31679d3f5f0435154e925296101069bda92224cef61d239975b6f4f6a21d947c5b837c368,CLEAR,DAYLIGHT,DRY,FAILING TO REDUCE SPEED TO AVOID CRASH,2.0,34.666666666666664,3.0,3.0
140b6007d03305dfa9ed5f43ba72461ce7f108aca97c2ffdca6b095ff568af2114db89b249c80bfa7a36ace6fb38e31b25ffeab811c4f411d7d85bc38245f809,CLEAR,DAYLIGHT,DRY,IMPROPER BACKING,2.0,41.0,4.0,4.0
140b89593d862f9f607e3fee84c2d1425be21966d4e752c77a0c8e9f34f62158f2566b5a6206dc55c1ae3e4a2dc920a746f9feb28618d8c31f6626a3fc327128,CLEAR,DAYLIGHT,DRY,FAILING TO YIELD RIGHT-OF-WAY,1.0,62.0,2.0,2.0
140b8d802e0edf2e2854f9a21f01cfbbd517efa49d8d82647f346f863b1c414d543c594f88299377487efcaebe829f686010ce676c6b444d0feb7554d30727be,CLEAR,DAYLIGHT,DRY,FAILING TO YIELD RIGHT-OF-WAY,2.0,41.0,3.0,3.0
140bd873fccd57e51ca91d91f02e8bee7ad7b4c4ad89e826f0563cecda038d4275a564badef295e89e8c34bc21be7f494ceb02cbe294cdb7467930cd76f43e7b,CLEAR,DARKNESS,DRY,FOLLOWING TOO CLOSELY,2.0,26.5,2.0,2.0
140bdce08ab5b4f5ecab45ceb0d43769b3b7c36873c567e42b4ffae6d6c36b8439b6c5018417b1596fce2b57cc0b8bd73e85b08fd8fb7020dc7ddddd65739ff1,CLEAR,"DARKNESS, LIGHTED ROAD",DRY,FAILING TO YIELD RIGHT-OF-WAY,2.0,31.0,3.0,3.0
140be6419f25eda6a1e1a5bdef0ec089e9a5722eb2e3f60222c40e15400d684fbb723b4d5336ae9ece58832521942fb929a921fca8f57f04549ec2e8b26cfb0d,CLEAR,DAYLIGHT,DRY,IMPROPER TURNING/NO SIGNAL,2.0,0.0,2.0,2.0
140c1bb2a7ef0f46f5c6d783df86cf4abe065f2849998677ecd8e8a5aa057177ace79dacfde2ce3bd1ba49bd4eef4db0d9c4336641e0558b9977b9db67cae7ec,UNKNOWN,UNKNOWN,UNKNOWN,FOLLOWING TOO CLOSELY,2.0,35.5,2.0,2.0
140c28e77074c47e125cce2f0f708c63f291eddf6372597fa5cc3e1f0e601a2aca1ed4f5d5197c9e1e893c887e4ea73469d566c006ec34081c798f434cfa62ce,SNOW,DAYLIGHT,WET,FAILING TO REDUCE SPEED TO AVOID CRASH,4.0,32.25,4.0,4.0
140c2cf6757fb61196b4720895cfa36c4fbd1dd112472f92fd49bf9dd8344e835c74fd489ccbe2ec59df05e6500640dc2d2247ceced0634e2a4d9253e14e34c9,CLEAR,DAYLIGHT,DRY,IMPROPER BACKING,2.0,58.5,2.0,2.0
140c4c68241b4cfb5e3f8eddb959e0351fce56676213dd92183bccdf8c12d483254f48700bcfbfbc92840ffa5171a23c419800c27f8efb6c26cc36ab04b21ebd,CLEAR,"DARKNESS, LIGHTED ROAD",DRY,FAILING TO REDUCE SPEED TO AVOID CRASH,2.0,48.0,2.0,2.0
140c7a86a9e553fb6fb4060bffa325477fc7eb20a95f22a5f19a22ccb4e0cf256d64c6ac14832e64bce03dca2a94d8a7445aa3b645f0d9173a1ed03c5297e546,SNOW,DARKNESS,SNOW OR SLUSH,FOLLOWING TOO CLOSELY,2.0,18.5,2.0,2.0
140cb31297a8f4ee7d88ab0596f2fc5ea197b655bce4e9c421c2b8eb2a3ede46a8182f6778d28830dbd1a0ec884eb1fe985e60f33d799dc14e71f189f537ef9e,FREEZING RAIN/DRIZZLE,DAYLIGHT,WET,FAILING TO REDUCE SPEED TO AVOID CRASH,4.0,42.2,5.0,5.0
140d03be44838ea129671948fe143155bb9d1ed533567c7b0a6cf11eacc7464e5a51c12a1ebdc2efacd615fb5df161745b8c2806f2a8d881a61e645a485446a9,CLEAR,"DARKNESS, LIGHTED ROAD",DRY,FAILING TO YIELD RIGHT-OF-WAY,1.0,61.0,2.0,2.0
140d32049daaeead84f5ae04fad7d0d0be59ac7e2d972ba958491aeb2d3e56eb8d13509b091a5e92fafba72c76327b1c3b2d0c999a96dead9487a98c50c28700,CLEAR,DAYLIGHT,DRY,ROAD CONSTRUCTION/MAINTENANCE,1.0,74.0,1.0,1.0
140d3917a041cc78004b0e9e1d336e8f8f567b5d6542832de00cda8415be66bd3410ad4d13cd24efdb13763893394a4606c062c5e797ebccb39e9516c412ca7f,CLEAR,DAYLIGHT,DRY,IMPROPER OVERTAKING/PASSING,2.0,29.75,4.0,4.0
140d3f42911fb52c8263954092465fa530f0593303c4b673bde1d5579de6df27bf2dee0761a21603e24984f0c52aa3b6f48a818ca02d17a44dca929455c58c2e,CLEAR,DARKNESS,DRY,IMPROPER OVERTAKING/PASSING,2.0,37.5,2.0,2.0
140d4aa4c661cb491eb7c87277e7b55306df0e96bee7e8d608502aa8e4f5aaaa004c258747e3b9a3b1f875498ddaae470f73bfe88e0a0365c179957aacceb87a,CLEAR,"DARKNESS, LIGHTED ROAD",DRY,FAILING TO YIELD RIGHT-OF-WAY,1.0,48.0,2.0,2.0
140d5e3144e471c58969ee3f0afd02bb282e68255e0db1ba1b297ae52c651a31ad5eda72f95cb80c4372c88be3acbb80fa9b6c04e52072503e6c79bddef2e616,CLEAR,DAYLIGHT,DRY,IMPROPER OVERTAKING/PASSING,2.0,42.0,2.0,2.0
140da063425a22ba658975145ac515ded082350931508f853c35da3fd65d931a4a1a0dce643657cb2c354f25cb078b3103cd249b1815974d39e72dcbf7b49689,CLEAR,DAYLIGHT,DRY,FAILING TO YIELD RIGHT-OF-WAY,2.0,26.0,2.0,2.0
140dc0c47be41e54a6e41a8da938bc9d225efec22e72c9606dfaa52cfd979daad96467421be676c10798e8757420e73baa85e7a4aef1d2355cb449b5ab9c1d4b,CLEAR,DAYLIGHT,DRY,FAILING TO YIELD RIGHT-OF-WAY,2.0,43.0,2.0,2.0
140e2cf151470f544967c2cd32faf483b6d03900d0da69c6a21a9ad9d680bfc19a9d8db78c92d0ce52d60319f559f067560922bbaf31ae2fc1007fd82a306693,RAIN,DAYLIGHT,WET,FOLLOWING TOO CLOSELY,2.0,28.0,2.0,2.0
140e70703a91b05b8b334080a37af406d0c42b73b72d3e006422a396ec48ab1a391f0082572b9fc2db22f192a8f14ac06cfc109b6a8fee3022f5684446af4f7b,UNKNOWN,UNKNOWN,UNKNOWN,DISREGARDING STOP SIGN,2.0,43.0,2.0,2.0
140ebe7a94680d9d2a32393b0f78d7034d8196d510a1728015df4cb8bd6a4d51f3bb889f56a9043aa37e1e6fa4242955142a8e9f90d1b154e27170880386d9cb,CLEAR,"DARKNESS, LIGHTED ROAD",WET,"VISION OBSCURED (SIGNS, TREE LIMBS, BUILDINGS, ETC.)",2.0,36.0,2.0,2.0
140ed902418f11837773b7886ca40afe46449f0f44424b7c739ea346cfc2771666022ebc4425ef311354de6a00577513032bf9a17e2578e3c0cce32502ee3692,CLEAR,"DARKNESS, LIGHTED ROAD",DRY,IMPROPER OVERTAKING/PASSING,2.0,33.5,2.0,2.0
140f133a2095cb34bea16f1c4a76c639e45623d91f2cc75712a459e8421031ef6336b2bc60b5184a187c14eb39774cd44c14743e043bbaffd94cc538a0a58f64,CLEAR,DAYLIGHT,DRY,FAILING TO YIELD RIGHT-OF-WAY,2.0,34.5,2.0,2.0
140f1e1ac912e8b4fc99c4b4e46c2668d6a4335924ae534907bf72451030f84e10e83f04c7648419091a25b0f7c79c73d3969ac7050dceb5340903a659b5b25f,CLEAR,DAYLIGHT,DRY,FAILING TO REDUCE SPEED TO AVOID CRASH,1.0,13.0,2.0,2.0
140f24f3d781fe3d61e8b53fd3550e710a5ab24f7ab480fa3e4652b8267dbd118aeb058a9c3712eca91690ad9649e399745fcdab020707906d7840aaacad46ee,CLEAR,DAYLIGHT,DRY,DISREGARDING TRAFFIC SIGNALS,2.0,60.0,2.0,2.0
140f302535fe9d26265d38457199c02116471f487ed24e42fb7cdc378a3272061f504243060ffe383e9711d8afabb2cd6e6ca0416ff37fae6798c94b12378056,CLEAR,DAYLIGHT,DRY,FOLLOWING TOO CLOSELY,2.0,57.5,2.0,2.0
140f52425a5b0906dc6d90564eede1466ddafbb2383ea6e72bcd22f3b464906ae7930b421226ba43e1c21e64e24ed1b14afe181f8ab5eb5a7417eeaf3ba5cc16,CLEAR,DAYLIGHT,DRY,FOLLOWING TOO CLOSELY,2.0,37.5,1.0,1.0
140f8812f5b673ebdf5564b337e7ffde7ba31ff1413ba08c2698d9ed07af097eb373bf5ff1db119a56f0ad425dd2c522280a77c1ffcf69c5713c4ee9a95b0872,CLEAR,"DARKNESS, LIGHTED ROAD",DRY,"EVASIVE ACTION DUE TO ANIMAL, OBJECT, NONMOTORIST",2.0,25.0,2.0,2.0