crash_record_id,weather_condition,lighting_condition,roadway_surface_cond,prim_contributory_cause,total_vehicles,avg_driver_age,total_people,total_injured
140f8d5a780557bef06b469c2409b87892ec6002c8828ed92c218a882bf621b618bafa64d9b154e9685802ce6b216fef6a865fd77b56ef5cc9dac45159bc83bc,CLEAR,"DARKNESS, LIGHTED ROAD",DRY,FOLLOWING TOO CLOSELY,2.0,29.0,2.0,2.0
140f8e37c7168822e4632cf760b03f762f11c02bc13ca5f5ba238192aa1c3b7d0dd370635b4c3fddb494451460f5a37c2f254d344ab63658837556846a78a598,CLEAR,DAYLIGHT,DRY,WEATHER,2.0,37.5,1.0,0.0
140fb408d6b51182471d69dde9e8b98cabca5af68af85e8ef7ab2ef712d3b2666495dd5320625585e28c47c437e41a71b413bdcfc6c303414e4876e699fd7c22,CLEAR,DAYLIGHT,DRY,DRIVING SKILLS/KNOWLEDGE/EXPERIENCE,2.0,29.5,2.0,2.0
140fdb419e86cbbd5508906d3d91ef1f75dd060939b4e1ddd80747a0a17a92b3807b4356fddbfaf6a34c9eb714b866672aea3bee47eae1cf03e4ad780ef5b056,CLEAR,DAYLIGHT,DRY,FAILING TO YIELD RIGHT-OF-WAY,2.0,44.5,2.0,2.0
14100478770ef8fcaa5626cdc49d92a737764b8b8883c0c9aa48fdbe1c42f28503ac441a17177a7e3cc2344b2261f27e44922f9659b770c2c778dee72e7e038b,CLEAR,DAYLIGHT,DRY,FAILING TO YIELD RIGHT-OF-WAY,2.0,37.5,1.0,1.0
14104dd6842d048e3dd1903b602f942a1046e9a2d9cdb8c14ba5bd5a813d89d83078b9b628718d9d60fe3172e49c77faa58d2291c73a6674a901dd11bd0e367c,CLEAR,DAYLIGHT,DRY,FAILING TO YIELD RIGHT-OF-WAY,2.0,26.5,2.0,2.0
1410533f0da6a59a6f8e2666d1502a9be21b5402811934e57f5b3dbcf0f60164f7c68fdee3ead81d89b1164c2506431ac27b756ef8238267d080f29c3df33628,SNOW,"DARKNESS, LIGHTED ROAD",SNOW OR SLUSH,IMPROPER BACKING,2.0,37.5,1.0,1.0
14107510cd0a39db40060cb82e384fd0604664a95f652e46c8a9de046480d4c7de2f621892a845f41fce4f962108fa35275e3cc810ef0ab2f13c8c99146c6726,CLEAR,DAYLIGHT,DRY,IMPROPER LANE USAGE,2.0,52.0,2.0,2.0
141075f7ef4f13c06afc3e4b21e5271f139b2d961a2320797727e3147242aaeeee4c8b6e7d356d07831baaa01dc5a0797a52ad8db7fa33a4c2fb2e989641b09a,CLEAR,"DARKNESS, LIGHTED ROAD",DRY,IMPROPER OVERTAKING/PASSING,2.0,37.5,2.0,2.0
14108af725c85483a3e94b1e0d36a167bb5c5b9770ed258b9fa5f95290a4494ce48383a9ebc122b71f92d2f5aa0fbf7bdef34cf6e21bcf0ded5504766a33c185,RAIN,DARKNESS,WET,FAILING TO REDUCE SPEED TO AVOID CRASH,1.0,45.0,3.0,3.0
14109f4268c0c7aa951fccb5dee6de1696f5266752cd6a186977f7d5d3eedaa496906c52ddfd64a45f1211e3443de6a7df82048eea952915e5eb67d8ac2b9a49,CLEAR,"DARKNESS, LIGHTED ROAD",DRY,IMPROPER LANE USAGE,2.0,37.5,1.0,1.0
1410afba8996a1f41c69d32f5a4bec5d80063a3f58b0d68c6950f75c283e6f7e12ebeb7b384e7d9d2bd3dae3d84b874fd44204410f9b693bdb5d1c594e5b9991,CLEAR,DAYLIGHT,DRY,FOLLOWING TOO CLOSELY,3.0,33.666666666666664,3.0,3.0
1410b370c1f74ee09026d6fd6eccada71f1153b14f315f41b15d6d0d78845a71a4ade492b89d8e9f7758a713bd39017e86dc2679b073f7c896fadb83e421b188,CLEAR,DAYLIGHT,DRY,FAILING TO YIELD RIGHT-OF-WAY,1.0,47.666666666666664,3.0,3.0
1410dcfa47783ae7db773932ccb6565d21e68cadd16441a1140005acefd7f8cdca6418b674907abacb8f04a8c3e4914944810238715f6a282f778b37ea5bc0cb,CLEAR,"DARKNESS, LIGHTED ROAD",DRY,DRIVING ON WRONG SIDE/WRONG WAY,2.0,31.0,1.0,1.0
141106668ebcf13fc04aaf87afd903e3ddafdeec69748a2cacd5c456ca4e59d9a82d38670f76949c8db4a8ea40deed9e13030dc47b6bbf37343ad161808e7723,CLEAR,"DARKNESS, LIGHTED ROAD",DRY,PHYSICAL CONDITION OF DRIVER,1.0,28.0,1.0,1.0
141174323db48d3f1236b0cc04eb8e8475f9c92b63c61ffbf0d588415eb6c0dfd6e236e01fbf73dfa5b178e4f4f6b276036916886899dac2750a91c7bbfce241,CLEAR,DAYLIGHT,DRY,FAILING TO YIELD RIGHT-OF-WAY,2.0,24.0,2.0,2.0
1411a6e62f8280ede86e33ffdda04a26ed45dd4f82774e62fd729e0c3bc0caa890ae23bb824c357d258a8d1ee2d22f2e5811c81d63f498c6c2cf36ec4cc47483,CLEAR,DAYLIGHT,DRY,FOLLOWING TOO CLOSELY,2.0,45.0,2.0,2.0
1411c0b6c60690fa87bd0dc6b62f7f004774a92e6bee45aafea4172c56308be9d3ee8079b59d451b8c5ca0c4de4bb7c1f19c2e134896f75a2fea810e587f3201,CLEAR,DAYLIGHT,DRY,FAILING TO YIELD RIGHT-OF-WAY,1.0,42.0,3.0,3.0
1411d28dd06e36c2fdab61edc55508ccd5318fc4a223af9456c27a2ba632935bd4714daa45b9fbce2a0593e2848af46022aa61d880628f4d18ad8902b12c6bd6,CLEAR,DAYLIGHT,DRY,FAILING TO REDUCE SPEED TO AVOID CRASH,2.0,57.0,2.0,2.0
1411eaff19fc3caeb0da368471ce073e54976245672eeffb589cd02ab6e14ca0fb4714a072b7d4602edfcdb0b91a11d73423c936ff2b57c61eadb94e323af30c,CLEAR,"DARKNESS, LIGHTED ROAD",DRY,PHYSICAL CONDITION OF DRIVER,2.0,42.0,1.0,1.0
14121f60f18e5c717c91b5194c07b975beabc2a242193e9ae340d104dac509465942913556eb9e10ee77262bba830814511c1bf23d728b42aa327d9801095383,CLEAR,DAYLIGHT,DRY,IMPROPER OVERTAKING/PASSING,2.0,24.0,2.0,2.0
141238c2ecf89e64c00dcc7860246589b2d10a7964453a8a9e9dfa24f1bcd1e18c6ed60c2ee10b03ba42eb079499bb8539c83936969644fb96b92d0d20655f2d,CLEAR,DAYLIGHT,DRY,FOLLOWING TOO CLOSELY,2.0,37.5,2.0,2.0
141241f8deb1e91f44f73cd8084af6910d7f2b2ea7d49624dee906739597336ced80cf56e7e55690b081bbd63c53c2ea7852659ad0b43c6264837fb556ff4e95,CLEAR,"DARKNESS, LIGHTED ROAD",DRY,"OPERATING VEHICLE IN ERRATIC, RECKLESS, CARELESS, NEGLIGENT OR AGGRESSIVE MANNER",4.0,26.0,1.0,1.0
1412668013c2db8baabfa33811da3d96e8998058264cb8a6537aea56e3509cbf84319aa3f5993cba6950c18fad871246e729ee39630841e1b0659d6bb6f23d0d,CLEAR,DAYLIGHT,DRY,DISREGARDING TRAFFIC SIGNALS,2.0,71.0,2.0,2.0
141270f6168f29ea44ae45b9c3bdce1730dd1e2fe69dee41c7b6c8284a6bf601c95f9fcd8bbf6bb7139fd7570c4b4b89d45270afedbb12f1b6a4122f63d3d073,CLEAR,DAYLIGHT,DRY,IMPROPER OVERTAKING/PASSING,2.0,63.5,2.0,2.0
1412921ef210022cf4644591f1070e3326b9060e5b6f0d80696de99321eac4f452d6308544557a3839a5beb0510141f073b866a31ed846ab91f5149f9807bfe6,CLEAR,"DARKNESS, LIGHTED ROAD",DRY,FAILING TO YIELD RIGHT-OF-WAY,2.0,52.5,2.0,2.0
1412a6ea04ea426e2e0ffdd8d245f723d20d1e1a33332671bc3d848b2429c4a91041c4e7d3e8ca25f2e8925120823d85fc9e41c81b625c0b6f1297127a672bcf,CLOUDY/OVERCAST,DAWN,DRY,ROAD CONSTRUCTION/MAINTENANCE,1.0,54.0,1.0,1.0
1412bed8c05e42ef42ba22fb4d4d3fcc71adf385f5e00056b9f8375282cc59f89ef5508e1d97ccecb0b71b3d3e8aa5c5bce635cb866d3418400ef0c2f7a193de,CLEAR,DAYLIGHT,DRY,IMPROPER TURNING/NO SIGNAL,2.0,38.0,2.0,2.0
1412e9f56b271e5a2f274e9dce6707ef82fbe687cdcf929c7f33e161b71d022f5eda4c99ce7f05715c147199b97952dde7fb932e0cd09c33a54b904178ce4526,CLEAR,"DARKNESS, LIGHTED ROAD",DRY,IMPROPER LANE USAGE,3.0,37.5,1.0,1.0
14130f7141c02ac09525bc414ab42024b32bd04dcf9961ffe75d09b63447f9896fc981cdce5b6c48fca385da7be321af86ba891aa2295a28933389c43b250a6e,CLEAR,DAYLIGHT,DRY,FOLLOWING TOO CLOSELY,2.0,48.0,2.0,2.0
141311d0cc0966177b632df89ca8ea16fe630a2b363b39fa46b1502e5e342628df6a5968fb7bc6eec477b2eeaa5b576e5d4f8d4c012c7bfe7bab76ef0bf9c80f,CLEAR,DAYLIGHT,DRY,IMPROPER LANE USAGE,2.0,60.0,2.0,2.0
141322810f8813433544cc0da621334d3acecfb1979c747739cce8ca8cee0b9dbf0e1b59d25a35ae88fb71cce385f5cb4a135e22cdfc50f27645d231443af596,CLEAR,DAYLIGHT,DRY,FAILING TO REDUCE SPEED TO AVOID CRASH,2.0,65.66666666666667,3.0,3.0
141326ff614e06121ad2582805076fc3d0472ef1952008e230a90a61f5f72c20bc92e8e12990980e969a46ae7e0f0fdb3519aa052f485fa8b99e75781b4c55c2,CLEAR,DAYLIGHT,DRY,IMPROPER BACKING,2.0,36.0,2.0,2.0
141352c19b8bfb4ffa9f6a7328c50fab61e86c6a617aa8d67d9d57d92bff9689306cdd1d586cc79f490d381c9a3b649c94c890c533205741b4442ce586a169e3,CLEAR,DAYLIGHT,DRY,DISREGARDING TRAFFIC SIGNALS,3.0,31.5,2.0,2.0
14136921c69dfa09d2e3ee8f129acd1c9ced81cb9e99edf03432008c766aed53c9e140534b90db31c78abdc4f72f2b1802249bfad63d2d45669fd85c123673f2,CLEAR,"DARKNESS, LIGHTED ROAD",DRY,FOLLOWING TOO CLOSELY,3.0,37.5,1.0,1.0
1413f138b2f5dc0222febad3016fc68075247a42be041ee1efe3bd03dc60f4e5226aa946a359a9a08b6bb40b5090773fda5b2d183b2f3662b89caddef8a4563a,CLEAR,DUSK,WET,IMPROPER BACKING,2.0,37.5,1.0,1.0
1413fcb8933889971c579ee056b899d4ec514db0b374c00f9c1d7b1cfd0ef83776e7cd5064b4fa23418a58e16d178f4794ef54b1461e6bf7072ccba8d5b8ae64,CLEAR,DAYLIGHT,DRY,FOLLOWING TOO CLOSELY,2.0,30.5,2.0,2.0
141407e6c0cc2a11f1d1b4aae61e7a58eb8e1114cc0cae64660dee7090bfa9a7c13dc7a2e94fdfcc55f687667fce444de7b556b5851ab53f4548a53f17533400,CLEAR,DAYLIGHT,DRY,"VISION OBSCURED (SIGNS, TREE LIMBS, BUILDINGS, ETC.)",2.0,25.0,4.0,4.0
141410c3598c97cea1112471cddce386ada283945ece702d724cf2d7bde6df15259707960b02068e9a795eefdc46a6f393855ecf450b9f12371226d3a4b046c5,RAIN,"DARKNESS, LIGHTED ROAD",WET,DISREGARDING STOP SIGN,2.0,70.0,2.0,2.0
141441cd926bbfef89ffc4b522a44e3daef99b6589e8a50ccfbcf9a8078ffbc1bbd1e64faec3e7d68f28ce3722e7bb1d192240c657b1854abcf40da5e061be0b,CLEAR,DAYLIGHT,DRY,IMPROPER BACKING,2.0,37.5,2.0,2.0
141443ba611f8512d62c976602112ad6ca6347ded65df1889641c9f3808a0e80fb4d8b49b52907a21889df1c70f30f29beb5c8cc30e9ec3f69304e8ffc3d3ecf,CLEAR,DAYLIGHT,DRY,FAILING TO YIELD RIGHT-OF-WAY,2.0,22.8,5.0,5.0
14144b74a00389a8cfbea45928f01de1569e06beb5670e447d5ba0208b6361917f7e00db85b204720ab449d1df554dc2acb0717bdba2a426251c675ae3bf419d,CLEAR,DAYLIGHT,DRY,DISREGARDING STOP SIGN,1.0,34.0,2.0,2.0
14145ba87f6b9c0d6dd29e8e5c8a8b58d3dfbeb6a85989c788e1e883e2fdd2c3202c63b0760c44683bf93ef53ceb3160dab945841039f3d014d766172cb253f6,CLOUDY/OVERCAST,DAYLIGHT,DRY,FOLLOWING TOO CLOSELY,2.0,43.0,3.0,3.0
1414636a503ab7bfb9deb348c185779960add584d9f4ffd3520a8f1d59b65e6f864591c500f824d069c3fc254e83c16c0b2d650b1e698ac45f490316887fe0f3,RAIN,DAYLIGHT,WET,IMPROPER TURNING/NO SIGNAL,2.0,42.0,2.0,2.0
141472d4769ee1880733a001ec8bd08b445f924d43767cd507c5601f256d38dc7082bd86ba288e6513d1b0bbd180a36a4e477cca7ad78d063e19287947de5c69,CLEAR,"DARKNESS, LIGHTED ROAD",DRY,IMPROPER OVERTAKING/PASSING,2.0,46.0,2.0,2.0
14147bee53d87cc03f4d8549bbfdaa33b75e38acebc01bbe198be9fd092a2f093a196ad51e269bfd460f99806e870709ee88d5ef4a4ae3d3ae2023ab28c3c631,RAIN,"DARKNESS, LIGHTED ROAD",WET,FAILING TO YIELD RIGHT-OF-WAY,2.0,28.0,4.0,4.0
1414bb011a9f62de5372015e11acb0ace5a25b8854d18c7e7cb3e1c09d1746b399f26404a62578d16c71eb688a5a22e7e0b5a539ea095fb3a9fb398ffd26a2eb,CLEAR,"DARKNESS, LIGHTED ROAD",DRY,FAILING TO REDUCE SPEED TO AVOID CRASH,2.0,51.0,3.0,3.0
141510b0ade130a2ccc4fdfef4a8bfaf05156c8c9ca03c02cf8513cd7fb7460058985562172b7fb78048a2bdac926b65dd1ef64e17c9015aac2fdf6e17cc5a42,CLEAR,DAYLIGHT,DRY,IMPROPER OVERTAKING/PASSING,2.0,48.0,2.0,2.0
141521f8cb1cbe152dc8c3b0774775312205dd3687db012543047c499deb06c6516630b9ae7e6e8c0848b9e265349d5ac362cd12c2231d98e0819e7b60d50a4e,CLEAR,DAYLIGHT,DRY,"OPERATING VEHICLE IN ERRATIC, RECKLESS, CARELESS, NEGLIGENT OR AGGRESSIVE MANNER",2.0,40.0,1.0,1.0
14152e0574973f9b053793aba823d567e03e9ded1da75877da108f4d08a78a24a09f355b5fc0832ef2982981437a3c4b2a79f2dcce428c9ee2fddf50060290f6,CLEAR,DAYLIGHT,DRY,FOLLOWING TOO CLOSELY,2.0,23.0,2.0,2.0
14153dd60268c54ce79d49ac3344e34b83d8e09be2b220bc67c732a3ca39c3d147c33ce788255bc6dc1ca693159c56c7bad472c464d44e967ef09db546e4e654,CLEAR,DAYLIGHT,DRY,FOLLOWING TOO CLOSELY,3.0,37.0,3.0,3.0
14154943aeeb3d5919716848b2baaf74a8e1f5d69ffb6acc25e44f2c9ad714dab4c823797b7915d782b39a5a1646206c018cd6002a1ddfe6d3be1f098e943674,CLEAR,DAYLIGHT,DRY,IMPROPER BACKING,2.0,23.6,5.0,5.0
14155f56b289ff5a17f93e80f5ee85127750e5e6c8cf7f921f40ecdbcdfa8f7efddd81c24fc76461957e9a63abc54342445aece356b0ad5c7f4c6245dc109c3a,CLEAR,DAYLIGHT,DRY,IMPROPER OVERTAKING/PASSING,2.0,61.0,2.0,2.0
1415694eac1a8cce5807e54b794d841c26588aeea2437ea230295be67b1962bc3b1845c52d4004f2c7fce9c2bd78e873440a176f1c90fd9ffc8566a5cb0fb057,CLEAR,DAYLIGHT,DRY,FAILING TO YIELD RIGHT-OF-WAY,1.0,55.5,2.0,2.0
14158df5d6ad4ed330033ffc76e468aa4496f9fa9d2dafc7b2ee1025733580b7fe8f67d38b0c87d5474b2fdbaf968d74e54b8c91d0e2e135510a5aee493ea7df,CLEAR,"DARKNESS, LIGHTED ROAD",DRY,"OPERATING VEHICLE IN ERRATIC, RECKLESS, CARELESS, NEGLIGENT OR AGGRESSIVE MANNER",1.0,20.0,3.0,3.0
1415e207a29cd6db6b7a5fae5d441c180d333d10e6db8759f3b681479b4c89566a1d155fcb255350b84128bb24bd827cfb85150e59e6b5a06e154f2e6229ac88,CLOUDY/OVERCAST,DAYLIGHT,WET,IMPROPER LANE USAGE,2.0,29.5,2.0,2.0
1415f8923e14c0cc9d30d85710b3c17548f2afd30f44b889879389c223ff8255a8f0dd0ccf7969be72a08b1739f8a5c4cb1539f8554005aa353613fb12ef521d,RAIN,DARKNESS,WET,IMPROPER OVERTAKING/PASSING,2.0,44.0,2.0,2.0
141603efe87c86a1f822b20b848fa9b0efeeb62597acdc2d23f1bfb20a9c8034e9298fd01a8deee189a68ea3f10477406280aa210ac5d3d8c55ffd09b2d459a7,CLEAR,DAYLIGHT,DRY,IMPROPER BACKING,2.0,37.5,1.0,1.0
141607b2c13a42922fd9bd4e7fd326a606149bab39fafd09952a525f43379159e67a7d6ee78534db69b5c97e8360a502bdaa9542f174e8617a50044dbd44d3a2,RAIN,DAYLIGHT,WET,IMPROPER TURNING/NO SIGNAL,2.0,21.75,4.0,4.0
1416155637d5afa8559a7a7a22c99182d0a1290496fba9fc4fb947482012e5f7c065d7f43c435eb0617abaad932d89d6f8eb1a5d66c2ee1192ee90e93c9aefd0,RAIN,DAYLIGHT,WET,FOLLOWING TOO CLOSELY,2.0,38.0,2.0,2.0
141649e8d7cf3a53d782b35581e74b72f4bbe495aa18b4a68ab0e5d76da0ab2f7e3dbf7d997e292050990a90ee95778af8a0b881617dc87cd868ad8ecec6c8d8,CLEAR,DAYLIGHT,DRY,IMPROPER BACKING,2.0,57.0,2.0,2.0
1416524f778e0ac004e04c7dcd833e03058467c780892007a4807583ae6eaabc4c838cf181776f7fc9f257c07a4fc27a9cd57fb7dcfadc8a30b4c5e8dfa8a15b,CLEAR,DAYLIGHT,DRY,FAILING TO YIELD RIGHT-OF-WAY,2.0,58.5,2.0,2.0
14166f95fd07d95a5a98474219143b716763ac7e3dcdca9eddad3d7456a69b2b54756b44139c133af36eece6f6a00ae772bd7ff10e088dd7af70b45c0ac91a08,RAIN,"DARKNESS, LIGHTED ROAD",WET,FOLLOWING TOO CLOSELY,2.0,43.0,2.0,2.0
14169521f0b1642ed9c690cbe751cf02ae45f705c503c2381089391212dfa7a65c1d2af866d2fa5d66d32f1a2c0687c0545ef76464f2af1f938bf9deb37c7f88,CLEAR,DAYLIGHT,DRY,IMPROPER OVERTAKING/PASSING,2.0,27.5,4.0,4.0
141706de29b617b6d4acb02a57a5f8f12d3a26e8e90587cfc5036db4f217a109b92f2269bd96188d055510284974238e5145bc42408d32cd95465b8f13d1fca8,CLEAR,DAYLIGHT,DRY,IMPROPER OVERTAKING/PASSING,2.0,38.0,2.0,2.0
1417144f7db466b10f8a4fc4668ea29173d39e4b975eb58bb8a21054518d7cb6d087f1481d25f5a2dd1f72cf255de013e2cdec7f74d712d082efd6e3a6ca7ce4,UNKNOWN,DAYLIGHT,UNKNOWN,IMPROPER OVERTAKING/PASSING,2.0,40.0,2.0,2.0
141748a182f111682ffbea168976402b4d8c070b2f0d32eadd08e8447e0795ac95fc5276f5005235cae1607e8c4cba78d725bd3df4135270f8775e25a5037a5f,CLEAR,DAYLIGHT,DRY,IMPROPER LANE USAGE,2.0,44.0,2.0,2.0
141797f650ee48c11aaddbdcd977d75ecc17bc20172985ae502494ebaa0cb071acfea25ea40c1d7338958c2e75da50056c6e162eb5c1ec08fce163d3fec864ae,CLOUDY/OVERCAST,DAYLIGHT,DRY,DRIVING ON WRONG SIDE/WRONG WAY,3.0,37.0,1.0,1.0
1417b1e7854d06745e12cf99f3a75b5dbacab81dcdcf92a7b5909f1687bbf21758ac208bc03326e04236f3176b9a3ed780efa061fe3105832b3814ef8b4af845,CLEAR,"DARKNESS, LIGHTED ROAD",DRY,FAILING TO YIELD RIGHT-OF-WAY,2.0,48.5,2.0,2.0
1417dac4264ed6cfe00112742f71e5210876890ef79eac238f05578c1db630a7f9e560837ee7a939b2872d141bd33c4735e42f1a4240ed5a1260faf2f67e80bf,CLEAR,DAYLIGHT,DRY,FAILING TO YIELD RIGHT-OF-WAY,2.0,37.0,2.0,2.0
1417db0b66f7d8049d584c5afee70bf671dc2c8cb1776e01a4361e6971b000cda3eee7ecdbb75d13861c66dc9db64a1f945456eecef3e5aea52f6e7c892eb025,CLEAR,"DARKNESS, LIGHTED ROAD",DRY,"VISION OBSCURED (SIGNS, TREE LIMBS, BUILDINGS, ETC.)",2.0,24.5,2.0,2.0
1417e7ae41e6af6c2fb319f3ea8a6f94be43551b1679a943ce9bcec1989dcee07ec20f6b0c3e1d56d73cad2516d3044c69aca8e6ac2b0018bdc8a3e17df56a2a,CLEAR,"DARKNESS, LIGHTED ROAD",DRY,IMPROPER OVERTAKING/PASSING,2.0,37.5,1.0,1.0
1417fc356443454e5474215f5ecfc812ea7fbe03bc73903da7fad98fe0df27332022b69db1dcf005e48d15eea4045cc760c4bc0f8a4562c6cca6349233b38782,CLEAR,DAYLIGHT,UNKNOWN,DRIVING ON WRONG SIDE/WRONG WAY,1.0,17.0,2.0,2.0
141815183f09398f300fdf21028494e4e68a7eee5e106bcae27214ffc9415d0dd6e34436b48a03abc2e04f6a021fdc8f124bb1413321f3a9d53f4ce24ea79de7,CLEAR,DAYLIGHT,DRY,FAILING TO YIELD RIGHT-OF-WAY,2.0,36.0,2.0,2.0
14182e24408d90306f98307efd08db85f94d24913acaa5f87171744840668d4ed4258cfbd82e717f343a1293e4debd2f648979fd8749fc9e4cafb8ba4215155f,CLEAR,DAYLIGHT,DRY,IMPROPER OVERTAKING/PASSING,2.0,37.5,1.0,1.0
1418500414cc21d5e01d67e07a762692d0d0201ab7142c0aca0e32f877ae9b450326e9d52045047ffa6f732cb590b84de8bc0252f2937ea3e20f83197b64f03e,CLEAR,"DARKNESS, LIGHTED ROAD",DRY,FAILING TO YIELD RIGHT-OF-WAY,2.0,56.5,3.0,3.0
141883d8c294d8a6bdb9f4c1b898fc774ad62fe35cd84b31824e8f45c3a6568af63abf9127a7b5471ea7342cd9a7e3ed00b63e4445ebd72e13d31f5b1f1af0bc,CLEAR,DAYLIGHT,DRY,IMPROPER LANE USAGE,2.0,28.333333333333332,3.0,3.0
14188afef65308c8d732998a59b9a420d6072733975ed7580455f43f9f1d77efa1c0fdcbd0cd2947c94da181a6ac068713e9ed65516c9d848783975f72e0d449,UNKNOWN,UNKNOWN,UNKNOWN,FAILING TO YIELD RIGHT-OF-WAY,2.0,42.0,2.0,2.0
1418e8f24a224d0a80a9d1f81224a9a119578d62411730e365159d3195a3eb508ad4eab726aaf2f4fa53bd255f9e7c0a774353681db815ce31827ca38bdc1123,CLEAR,DAYLIGHT,DRY,FAILING TO REDUCE SPEED TO AVOID CRASH,2.0,38.0,3.0,3.0
1418ef175a6dcf8828570d4b063fd208f530d1d9da01d117b0e5705c16bffd1287649f3de7f783dcaa8dfffda0647af8de65a241b99cf50e684457074979838b,CLEAR,"DARKNESS, LIGHTED ROAD",DRY,IMPROPER LANE USAGE,2.0,34.666666666666664,3.0,3.0
141908b7decd8361eddafd50d551493ce328db3eb04cd9cf7b9d87314005dda45660bf561553e0f123b6d807fd75617de94681417d6b2ea0ad7fb720bec492ec,CLEAR,DAYLIGHT,DRY,FOLLOWING TOO CLOSELY,2.0,26.5,2.0,2.0
14192ebe1109160acf443f6d96ed8b9b85b71d92fb52e07e83d84714f53532cf3dfbac4ad68a447f575d59ce51570d93c7fec911cedbfb041bc88a983a161c6c,CLEAR,DAYLIGHT,DRY,IMPROPER OVERTAKING/PASSING,2.0,23.0,2.0,2.0
141947444c0b115983193e7c45529f56a1abd6f3ead27a800a9ae2944a76ab9c868c30c794d8023870f4204f7aaa7cb3b6722bb19f14499d7dc9b83ef983b4b5,CLEAR,DAYLIGHT,DRY,FAILING TO YIELD RIGHT-OF-WAY,2.0,36.833333333333336,6.0,6.0
14196a47032c1a0fc2378c8aa910b9e761861008563336724760cdb18ca5eda79deb8b8703c70fa1f03deaf26ad13a90bd932dbf07e2d428235c2bc411e3596b,CLEAR,DAYLIGHT,DRY,DRIVING SKILLS/KNOWLEDGE/EXPERIENCE,2.0,38.0,1.0,1.0
141977d8c6ce3e1b4bed565ec7bbce2da0aa75330bb78c72931a6028fae3a1d33d6006c5211447da53a6db9c4b624edcf01860db6a6ddddfad410e0c5694a657,CLEAR,DAYLIGHT,DRY,UNDER THE INFLUENCE OF ALCOHOL/DRUGS (USE WHEN ARREST IS EFFECTED),2.0,27.0,2.0,2.0
141990b44d8870af36ad96f4612df9518e980f7cf88e5eea60c858fc46ad74ba6d9711002678b45a3e6b1821a51269f209f7779702ab18af585897b52e9cec75,CLEAR,DAYLIGHT,DRY,DRIVING SKILLS/KNOWLEDGE/EXPERIENCE,2.0,29.333333333333332,3.0,3.0
1419949c5b1a78648f2bdc4364978b27636247880ae8897da1e409652b8a857773aa42a8c35ee5be0c6bca9b14b95978b7da7717128b63f12cd44a4a803f4305,CLEAR,DAYLIGHT,WET,FOLLOWING TOO CLOSELY,2.0,22.333333333333332,3.0,3.0
1419b1765c7b95e5ed3d9f64638a995ae89d10d8e2f03049c89316c0db04b3381e71f090e1181473b4160d1c26ed4bb768fd0245e799affd7e01f5aa9779a49e,RAIN,"DARKNESS, LIGHTED ROAD",WET,FAILING TO REDUCE SPEED TO AVOID CRASH,2.0,54.0,3.0,3.0
1419bf51178b558e3d9a92e4d1f94ae7e62580f30e2d064198932b4724373acd3afedb38cbef2b70e59f68bbf37b2ec7b264ab7ded88ba813bed119e92600ec6,CLEAR,DAYLIGHT,DRY,IMPROPER OVERTAKING/PASSING,2.0,29.0,2.0,2.0
1419c0df4859726cacc52b5bbe42f5784de29ddf7ffcb1309ef4597151ae49a29bff62e7168204c505e7e000ba316e4b20cc7216c4606ac21b0979558cb1a074,CLEAR,DAYLIGHT,DRY,IMPROPER LANE USAGE,2.0,38.5,2.0,2.0
1419e51dd0479b2a05dea8ccfd9c3b81ee1dd9e291f6737727a01a382e04569f932ac90f3064c703a208fa2b8d9fe7ef582213c6ee802acbc92ca267ef1d07ec,CLEAR,DAYLIGHT,DRY,FAILING TO YIELD RIGHT-OF-WAY,2.0,45.5,2.0,2.0
141a174dc08e6452749d8f9331959f3e3c22bc228b78bcd39e4065447150a675133c402aea033fe69aec7212dd1730953db2b828d745140b79f9e5107ebbf657,CLEAR,DAYLIGHT,DRY,IMPROPER LANE USAGE,2.0,34.0,2.0,2.0
141a37bc9402196264e49551259d4a0cbebcd7b8b5654d682bc99e1efee2274dd02f2ede3b2f99ec12bdf6b71c99c0d0a959e12e007b17f5db818ad9432c4496,SNOW,DAYLIGHT,SNOW OR SLUSH,EXCEEDING SAFE SPEED FOR CONDITIONS,3.0,43.333333333333336,3.0,3.0
141a60780d8c42af07a137fd64aa0a0143b010eb7478529845624c87191d902551bbca2281e5bd62dd718ed7e5d23d67dc608c6b418510d93ece3762fab58434,CLEAR,DAYLIGHT,DRY,IMPROPER LANE USAGE,2.0,40.4,5.0,5.0
141a9343bad389a8f7ac8dc3b059e3926ddf82012f53ad4898bcb936272225d51c548ae3ed32b464f713cecf3c184a1e1ec0fcb813f03113160944062fad3a13,CLEAR,DAYLIGHT,DRY,IMPROPER BACKING,2.0,76.0,2.0,2.0
141aa6d96a6da15d1255c16b0c3692c80638c81f1baea9db750729cd9969ac59be2ef68a1135bd71b223eeac254611f5bb5c9499d2a7bce419135b017a449a5a,CLEAR,DARKNESS,UNKNOWN,IMPROPER OVERTAKING/PASSING,2.0,51.5,2.0,2.0