crash_record_id,weather_condition,lighting_condition,roadway_surface_cond,prim_contributory_cause,total_vehicles,avg_driver_age,total_people,total_injured
141ac1081621e4f19e76b8fc96a89cae9e93348b7b0b36a411959476eb8a2c5d0dcc8deb192365a96faf49ab6185479d1ae00dfe9ec081e8d8614f6254084de0,CLEAR,DAYLIGHT,DRY,FAILING TO YIELD RIGHT-OF-WAY,2.0,69.0,2.0,2.0
141afa0c3eba702d4216b015b9362f1811bdbd1168552cf29083fb3ccaad13558648c9b60ce8cc0119872c2aae61e9b486cce6445bcfa7667407b2660161dd66,CLEAR,DAYLIGHT,DRY,FAILING TO YIELD RIGHT-OF-WAY,2.0,36.0,2.0,2.0
141b0336e2ecc95878a58bfe53adad64f9b2f66d083d4804066f5cb2d3376eed6000400ba095fa274027965e834270f3545496da38852fa53d63e3d1ff3f37a0,CLEAR,DAYLIGHT,DRY,FAILING TO YIELD RIGHT-OF-WAY,1.0,30.5,2.0,2.0
141b645a1a3319ccd99850e88d2ee893399c7f4f77faec0c0cfe8ab8293a12dc4389744833e0db64753195af75238864b8db90343256900b9b885569c342d034,CLEAR,DAYLIGHT,DRY,FAILING TO YIELD RIGHT-OF-WAY,5.0,25.5,2.0,2.0
141b7eecc57ce49e7c9d4a16f4875552b5a46c0b31a7c13e6bd6bd5b4741c08a7128ce925010c1ccf020267a2285e2e8e6b3c9aae4bad429a2e783b67de1b25c,CLEAR,"DARKNESS, LIGHTED ROAD",DRY,FAILING TO REDUCE SPEED TO AVOID CRASH,1.0,27.0,2.0,2.0
141bb5cd6c539ff77e3872b8f71f6f6e5d05cae9fdf8b7761d53362ea341c5da213311dfbe143aa1a5ad10e4a4e82b92997d42a8298fe11b1547dc3325d31e19,CLEAR,DAYLIGHT,DRY,DISREGARDING STOP SIGN,3.0,22.5,3.0,3.0
141bb951a0f1f98606ae2790e5bbfb55eebe4a61ee5d4d81cb417bc8bdfe4989723e356939dd5286dfdfd8c6b515ae1443e4c09b971ac46a5fbbfccdff65d1d0,CLEAR,DAYLIGHT,DRY,DISREGARDING STOP SIGN,2.0,41.5,2.0,2.0
141bbd36723162e4412848bd79cdcfcd64b3eb44ad52ae128e9473d7bdd598cb62e3d990783dc0682f4136e54a97b2a694abdbeea0897cd9960ba24f99553c0c,CLEAR,DARKNESS,DRY,EXCEEDING AUTHORIZED SPEED LIMIT,2.0,27.0,3.0,3.0
141bca63472e6d1dddf1af1ad7267537b8fb42db6f6966a41211418761449daf0ee5ec97395bde938a31b62f089205fe0cfeaf277a728a1172c1239307ae024c,CLEAR,DAYLIGHT,DRY,FAILING TO YIELD RIGHT-OF-WAY,2.0,48.0,2.0,2.0
141bd268d7f4c28e40e509f4ef5e29c1381dc2ba49442bc1dfb54893b1581dc605034d52ddd372def7d14e0bfad4a6aa3c57cff57c5ac97cb5eb50b637075f07,CLEAR,DAYLIGHT,DRY,IMPROPER TURNING/NO SIGNAL,2.0,21.5,3.0,3.0
141be7fd9c49bc765228e77d943b08270836b48b7a3730177c27e761afc4f9e9988c0cbc99295e7ac7dfa3261a42667babb3dd414c35d61285a149254717e225,CLOUDY/OVERCAST,DAYLIGHT,DRY,FAILING TO YIELD RIGHT-OF-WAY,3.0,33.25,4.0,4.0
141be87e7daa86f8e4b39684a09a254e07b984923cc36c36387df6ae88cc05a71c8120cd0e0cd486caf8ad435fc76d36bc07c2a4934fb8237bc672f20d508476,CLEAR,DAYLIGHT,DRY,FAILING TO YIELD RIGHT-OF-WAY,2.0,20.75,4.0,4.0
141be9070145ad2a4b71fc0c578818bd853fb75051c5c1448eacc364726515f8842b1b773c526c26e8fc9c79b8f0dafca914274e1afb7b18a73f115f3bc1a108,RAIN,DAYLIGHT,WET,FAILING TO REDUCE SPEED TO AVOID CRASH,2.0,23.0,3.0,3.0
141bf441719d6efccc9e53ff6d8fcef28cb6101041974b3c9a0c0ec48c589c43d5fb4a32e121cd709d4050b880c14e4db5bc839f7ba6095b5b66140efe30bbf4,RAIN,DAYLIGHT,WET,FAILING TO YIELD RIGHT-OF-WAY,2.0,47.5,2.0,2.0
141c1e77106471aa34212a178fb9fc93a8ec597f200d1745c582cd3410896bbb0ed4311f0bfeab67d3282541bf9a31eae17a101b2b0519c49d5f4ab9cf6f3c64,CLEAR,DAYLIGHT,DRY,DISREGARDING TRAFFIC SIGNALS,2.0,41.5,4.0,4.0
141c3209d2b674eb6310d64a6edf3de04531f801245e554fbb04bbf26e3534d81a5b646c62bccc8e14ab3e2e6b70f2ea2a84e137a04a047e64fabc08f6ddeb1d,RAIN,DAYLIGHT,WET,FAILING TO YIELD RIGHT-OF-WAY,2.0,46.0,2.0,2.0
141c3ad6da0ba7cc76d04a00e11348353bc8f9bd328546d0a3ce24f79b129201c0199db71e60f22b3b4dd6d31e588bfed30f05b55bbf782aa5a684b579b7e747,CLEAR,DAYLIGHT,DRY,FOLLOWING TOO CLOSELY,2.0,19.0,1.0,1.0
141c411c7265e0e6943f7f409989b9622b04a5bd7f042f1d72f3cc9615517832e8f780881c0912656c72f4e7de3c80c858bfe830d8f8c3d77efeabac85b7833f,CLEAR,DAYLIGHT,DRY,IMPROPER OVERTAKING/PASSING,2.0,36.0,2.0,2.0
141c56e51488c9e51ea6ee9254c2e49227d869c7c384f19330e86635d66439606cb8d55367b97043b8b3b0a86b9632c6d1bb3fab3fe9aaffc568c09dc977b3a6,CLEAR,"DARKNESS, LIGHTED ROAD",WET,PHYSICAL CONDITION OF DRIVER,1.0,41.0,1.0,1.0
141c59307eca453b0c14a56d8682747f6ad94e955410410d6a9173c7961090316f11ca2ae12dd482aba6f2483b1d8c2c2fea101c8242571283c1c12185203c31,SNOW,DAYLIGHT,WET,FAILING TO REDUCE SPEED TO AVOID CRASH,4.0,23.0,1.0,1.0
141c5cdfc1b8850631f71cc9b609efee0b7d4fbbc6a3a793e9725b3c917afaf7d13ae197a287103e5c9cd8c50ab281cf61cd0300c782a38096d5b4117667e6c3,CLEAR,DAYLIGHT,UNKNOWN,IMPROPER OVERTAKING/PASSING,2.0,27.0,3.0,3.0
141c80167232bb0c615587bf84f6d15acbb448b27e3c7a2fd499d2b224cc6f51826792c77644aec4943bdbbbf20104780c0c9722eac4fc5a57fb01588a964e43,CLEAR,DAYLIGHT,DRY,FAILING TO YIELD RIGHT-OF-WAY,2.0,25.0,6.0,6.0
141ca63f6076bc55aa730214707488601b6fe922a85cf56b53aff7822941feaaad4d475aa56594110be3e674d694e70728e9c2ddde1ab55ece8f33f83cf77d31,CLEAR,DAWN,DRY,UNDER THE INFLUENCE OF ALCOHOL/DRUGS (USE WHEN ARREST IS EFFECTED),3.0,62.5,3.0,3.0
141cbb8ea28227093938f3b8050852f3815971148697a7ac5b066b82a1273234be5b5837a93b50f7aebfc2138617ab2cb9a9e6e0ff254f4635853567e2f96a02,CLEAR,DAYLIGHT,DRY,FAILING TO REDUCE SPEED TO AVOID CRASH,2.0,42.5,2.0,2.0
141cc42f16c5da2fe8b8425342baf32cf932dbdf0eb6bc095800225f0f6642c1097e502d112da2685d010c570048301dd19e07bfb6dd3bd5396e0826d2cdffec,CLOUDY/OVERCAST,DARKNESS,DRY,FOLLOWING TOO CLOSELY,2.0,44.5,2.0,2.0
141cc68cdbdbef9e60399f183e8ca0a507f2bc4d6b4c42b72e46ab23278f08a15098d54dba333fe240008020782cc91cb686a78044ac1fd1de5a3ae4d923959e,CLEAR,DAYLIGHT,DRY,IMPROPER TURNING/NO SIGNAL,2.0,32.0,3.0,3.0
141ccf0d7054f537882a31adbebb3b4440eb29fedcb79ed002c1b55090500af4fb306fe784281ccdfc350c38890d37280cc7a9c3d5bdffc5a2e25a0527a6dff3,CLEAR,DAYLIGHT,DRY,FOLLOWING TOO CLOSELY,2.0,22.5,2.0,2.0
141ce8445530ceb3f3133f3dd50d05af8b12b05ad7b845bda860534593b45e6e30e7af306a5d3abc2cd36f52bef76cb9bf354d81ef530bf48dd3257c3c985829,CLEAR,DAYLIGHT,DRY,IMPROPER TURNING/NO SIGNAL,2.0,80.0,2.0,2.0
141cf721aea0aee68b721f0e179e29bbbb5a58002016e557f92035bdb5e9681d050ba484bc455fbb843fa868f5bbc9744c7d3aceb085550b3f38d7256178e9e3,CLOUDY/OVERCAST,DAYLIGHT,DRY,FAILING TO REDUCE SPEED TO AVOID CRASH,2.0,29.666666666666668,3.0,3.0
141d006e03138f0bb680ea25539d2cd9d1a447600984092e00fc0ad0e65c9e39ff05e7fd6480c5c0a531631eb64ebe42b2aebb07c262102eff8fdd28b9014f4f,RAIN,DAYLIGHT,WET,FOLLOWING TOO CLOSELY,2.0,53.0,2.0,2.0
141d0408accb570476d17ec121b42382fe1e5f4f1411e5bd005748c971599525638d6f25f30bf552c1c37cd9af2ec3be75bce12cf46ba45f13cf7c0ab03b321d,CLEAR,DAYLIGHT,DRY,FAILING TO YIELD RIGHT-OF-WAY,2.0,16.0,2.0,2.0
141d05ebbe19fac99bb2dbbe8b57471b9a122c3d83e6b24e06f254e1b5a31919b68da5d7167bd40ba785a412326be259263441ae11b04bb11830269cccd7decf,CLEAR,DAWN,DRY,DISREGARDING TRAFFIC SIGNALS,2.0,28.5,2.0,2.0
141d32a7f86266d70db31a11621476556672270800f8505d5630c5b6fe8367fc9f48735ce6520e7aaa323ad5f3856ce2eb04ec441b3c46e29f54b0a4b3a2c30f,CLEAR,DAYLIGHT,DRY,IMPROPER OVERTAKING/PASSING,2.0,25.0,3.0,3.0
141d60d6fa957640d81ee319ada4a2b6ae1180aa7d9e566e405f9634f037e4588bd61d70ccfabf18e09bdfd7f819897198ff54daa54eea78759665c28a7c35a2,CLEAR,DAYLIGHT,WET,DISREGARDING TRAFFIC SIGNALS,2.0,48.5,2.0,2.0
141d7fece4981ffc49638f3f7ab57bae60cf34be594993974fae94faae19d78d328717b0f1e04b887fb691d48b5c533d223dd600abdb794d04f2c5ef990f7ea1,CLEAR,DAYLIGHT,DRY,FAILING TO REDUCE SPEED TO AVOID CRASH,1.0,36.0,1.0,1.0
141d999864cf30e660cf286d456f43c5741884fe47c483fac74fe33972bf39788280de15b40b28eadfebc7224e05416cdaccd038496e29c7fd0e7b7079d44fe3,CLEAR,DAYLIGHT,DRY,FAILING TO YIELD RIGHT-OF-WAY,2.0,43.0,2.0,2.0
141dcec8cf8ebbcc5ced3ade9ab535bcc1ae284f8cc2c2da5cbdce612e2f5525d0a36f9d63dc6f5219ad3e4b8efdb7fe55e7cfeb410c8c8dd3beebe0f6fe58c6,RAIN,DAYLIGHT,WET,DISREGARDING TRAFFIC SIGNALS,2.0,30.0,2.0,2.0
141de559a71f076d49541e926cdd97f0966afb00a943799608c52825a79d457ce08dfc509c30ead8310c5d76702abc440a1ab72c6d6a549a10429b0b2f261941,RAIN,DUSK,WET,IMPROPER TURNING/NO SIGNAL,2.0,37.5,2.0,2.0
141df4738cb8be0fbd37677a5ccc610d12f3c9a7d78032902b862420185b7090af767a7fa55a2746b69c657938f35f3e82b7a98b0b94e3f6bb274bf930012e98,CLEAR,DAYLIGHT,DRY,DRIVING SKILLS/KNOWLEDGE/EXPERIENCE,2.0,57.0,3.0,3.0
141e08ee64d3c5e0d78521d61c5f8c67501adea59e21cefaf7c3fb81663185e493c0533d67f06f04df98bd0dc8452f091c7fe95f7eca562db46bb447a67a2f9f,SNOW,DAYLIGHT,SNOW OR SLUSH,FOLLOWING TOO CLOSELY,2.0,20.5,2.0,2.0
141e0fa33e9213beca25b45c93d3d2a4cb8d2eeaf5f5c24a085a94e9f78bc67c916e1c3ebe412501422dc906bb1025dfc7d2a87474fae9b6da2a584055cd7b11,CLEAR,DAYLIGHT,DRY,EQUIPMENT - VEHICLE CONDITION,2.0,14.25,4.0,4.0
141e1a8dbedf2a6dde1c379c5d0f2e32efc81e006462253f6c6dc3cc46fe7efdaaa0e2f50e8744a4263322f33647675b1a23748106d78de765c54eeba64da1d1,CLEAR,"DARKNESS, LIGHTED ROAD",DRY,FAILING TO REDUCE SPEED TO AVOID CRASH,2.0,49.0,2.0,2.0
141e2280bc5af3dac4fd91219c4ecff24d795ceeb919f96a49565da5e9566390cc42152752200c852ed7f07249d9dcb316ad07139b7b849ed8e70a1bb8339888,CLEAR,DAYLIGHT,DRY,FAILING TO YIELD RIGHT-OF-WAY,2.0,50.5,2.0,2.0
141e2e6059cfa347c7e0cc388ae3d61ced162e70952fd3d618766261867f69086d7f97644c9929e332a09b49748755b0248260ea68c49e9db80d75c52142dac1,CLEAR,"DARKNESS, LIGHTED ROAD",DRY,TEXTING,2.0,37.0,3.0,3.0
141e3103998caa571b0b7792aa6ce44bd22f6381b2edd4478982353b14161d60f66dfef72cd7b8654662e89f55e4bbbd29571f0bf7aacc8d6edb54ce62f2e445,CLEAR,DAYLIGHT,DRY,IMPROPER OVERTAKING/PASSING,3.0,54.0,3.0,3.0
141e58b8032e5a31d6083cea574413abc1934df80d9ae554ef7adfbf7ade346647f37c3e1932c5a331318c6537f47769bcd93ea09c626840a41d47c98bece45a,CLEAR,DAYLIGHT,DRY,FAILING TO REDUCE SPEED TO AVOID CRASH,1.0,41.5,2.0,2.0
141e70b2c82bdd1300a3716461d5f652713e5689a685161803f47337dcfc4c09464af6fa88564fe67526a76de6ee8082e8a10e623b46ab2da267aa6ca506f904,CLEAR,DAYLIGHT,DRY,DISREGARDING TRAFFIC SIGNALS,5.0,50.2,5.0,5.0
141ee8580911104f4cba497a1c97b01b0fe6dd3e5d0437d256bba055917885ac39877850be41a6e170e3a7dfa021c53fe7b60d5e8b34232aef14022321ac1456,CLEAR,DAYLIGHT,DRY,DISREGARDING TRAFFIC SIGNALS,2.0,29.0,2.0,2.0
141eebaad41c0532e93401ac853af4365857846619e8f3ac4429efdf152741b1b59d3a02376403138944950894e424e10fd02d138d02c062990d38335d614750,CLEAR,DAYLIGHT,DRY,IMPROPER BACKING,2.0,37.5,2.0,2.0
141ef1098a5e6f6369ceb38769841a54f8017edda987be7c6e464f0ac01713223e3156ab01c8f72c1be69731ea17920d6c7c4fa32a7e4d9d16f0c2c5a21006e3,CLEAR,DAYLIGHT,DRY,IMPROPER TURNING/NO SIGNAL,2.0,38.0,2.0,2.0
141f2e500695fcbbae5cf081331acdcd9762b302560b90919fe3ce7ec1bc6e651a19d0b148bc647876e88c83d2bfa53c3e9055067c5cc3f9d56e9a37dd10b5c7,RAIN,DAWN,WET,FOLLOWING TOO CLOSELY,2.0,35.5,2.0,2.0
141f4eac117662b73ed206144f162bae05c487f4a2180380cc4c6451bbfe7216c35d9cd5048a0e2aa37d3afd5feb90d87504cde1ccbd40536f48ed8ddfd92a56,CLEAR,DAYLIGHT,DRY,IMPROPER OVERTAKING/PASSING,2.0,41.0,2.0,2.0
141f559656abb51ac075b0d08a65bd08c9e170a638c5a5b0eb4a3b1315a2e4b2ced5abc97fbe609facbf182fbe5118614c48ab5c471a5bc0989e4c8d05437f80,CLEAR,"DARKNESS, LIGHTED ROAD",DRY,IMPROPER LANE USAGE,2.0,27.0,2.0,2.0
141f626749f9c038f14d21e926dbf2fd29926575f145aabe4648357dce640178b5ee7a784797f79ebe02a4dbf67752bc10e479aedacec92e7e16f8f90e63e5cb,RAIN,DAYLIGHT,WET,FAILING TO YIELD RIGHT-OF-WAY,2.0,57.0,2.0,2.0
141f677957052cafc0adfa39005de51c6a91f6066437afa165be0d981c84a9bf3d3427aca7d6cb55a95c0244070ea96a63ff90c91a6f10f479fa16926dab14be,UNKNOWN,UNKNOWN,UNKNOWN,IMPROPER OVERTAKING/PASSING,2.0,57.0,2.0,2.0
141f88d8d6610f061efd429e38d45eaf547d04cf8ca1e4e27b1a5ae5be43be2b5ba04666201c67659034dd48a4a9f413c389b9605f8efe4002e85df941144b82,CLEAR,DAYLIGHT,DRY,FOLLOWING TOO CLOSELY,3.0,47.333333333333336,4.0,4.0
141f8f62450f8aea4127005b88f8501b292f6fc7d261d55f09463708576035ad4c33ce7e7d3e6b7073118ff165c577eeed4ff7c5d88d462e6e8039bd6440bc29,CLEAR,DAYLIGHT,DRY,TEXTING,2.0,34.0,2.0,2.0
141f91cf70fb8b63b638c8efc2603494683613eba00b73a1eab02948113da812bff461bf8955a83dd9bcd30d99bae38aa50606fd08164dbe223460bd90d0c5c0,CLEAR,DAYLIGHT,DRY,IMPROPER BACKING,2.0,37.5,4.0,4.0
141f92dd569dd0a145951896efd0383849f55d14827c1f7baa2fa3cd0ff5109a3e343084194c6cf58889b39234c4a553e08497e466af4208a060941ea2a095f3,CLEAR,DAYLIGHT,DRY,IMPROPER LANE USAGE,2.0,68.0,2.0,2.0
141fe1b2e73df3e0c16dab883af1dc8053f9dd2705fd3f1f385d1dbe3e6cbf6b6e5d88d5927df91df5da509aa4c8842ae23a74b4369169567e3ee3a55847d75e,CLEAR,"DARKNESS, LIGHTED ROAD",DRY,IMPROPER BACKING,2.0,37.5,1.0,1.0
141fe41261e898820a7c1a425b905a30513405d554cfc2daad244ee424f4f9a97c0d82ff595341bb604f770193a47fe1d9c7121b421a336af8993b021fd169a2,CLEAR,DAYLIGHT,DRY,FAILING TO REDUCE SPEED TO AVOID CRASH,2.0,38.5,2.0,2.0
141ff291d54e68166d5a0a9a1e6d6360e5e212a390ca3b05e46cfdd2c3331f08d0dd4a37746b0488b409b4352df36268e36a267ede0f305062c8f5ff6235475b,CLEAR,DAYLIGHT,DRY,PHYSICAL CONDITION OF DRIVER,3.0,66.0,1.0,1.0
141ff9ddee5cca691da57bad3b075dcdd5dc359d3ac1e9635bef3d45f5717482ac9e7f6bd39384cdb3ef41dbacd76d483e9dcb3839af150b172bf9c0e8d57286,RAIN,DARKNESS,WET,DISREGARDING TRAFFIC SIGNALS,2.0,56.0,2.0,2.0
14203ccd748269fdc2c884d6a0bbc85131940e39a2f203cc96d74937cced55503db0b80b7a40e2b957d43f21318389c06486f1797be1e50c1f666e967e33e5d0,CLEAR,DAYLIGHT,DRY,FAILING TO YIELD RIGHT-OF-WAY,5.0,60.2,5.0,5.0
14205ff538cbac591360da7fc828d65d3575bff9fae8e2b0313a6d1d723b830bf2a045248258970c85b2502c539343efdf3dbceb941f11ed3d50b8870dfe749b,CLEAR,DARKNESS,DRY,FAILING TO YIELD RIGHT-OF-WAY,2.0,40.5,2.0,2.0
14206ee6a3485fc5ed660e46098d1b81e90c688ab3ad9868444d2bb390d92e848b1eca6af0efd007e2198ef7804ccd52f1ee996c864e7a621492586bd8b8ee00,CLEAR,DAYLIGHT,DRY,FOLLOWING TOO CLOSELY,2.0,49.0,6.0,6.0
1420744271b9d001b07301f8360284380a51fd325e6e8968ad47756a957dcbc2994ba5ee63c85e87921750a78357476234439dc88a19e8fc5d8deb3241dad4c9,RAIN,DAYLIGHT,WET,DISREGARDING TRAFFIC SIGNALS,2.0,33.0,4.0,4.0
14207f7c195d722d40bd98a613e659d5749a87fbe6cd310194f40c4943798b8c30c2354b424ff3bc71cbaaf7eb01971abb5d57208fef7999579e1a9b12c90ddf,CLEAR,DAYLIGHT,DRY,FAILING TO YIELD RIGHT-OF-WAY,2.0,32.0,1.0,1.0
142093dc42f35810d31ee655133e70b939bd0a39b92c8c62aa7518e00e0b9d822c4ccae076b9ac4b6941fded9eb808809accde94465d3026fbb97352a4c07f46,CLEAR,DAYLIGHT,DRY,FOLLOWING TOO CLOSELY,2.0,41.5,2.0,2.0
1420ef2c631ca6d5983c890ba2784daf84d514225b1365a565ac188756de8f2883042fb7bd6c8f8e2292675f63d9ea1a156d378f093f97bc477ad44379d93b4a,CLEAR,DAYLIGHT,DRY,FOLLOWING TOO CLOSELY,2.0,44.25,4.0,4.0
1420f793ce792df0e4147822f2feb69c0383462f7e4d10cbe4556297a12d8ca69e3c9ea9e5bc44b7ccc697c9eed15f8c1514dc1fac87d1bf665b9fc0320cba86,CLEAR,DAYLIGHT,DRY,IMPROPER TURNING/NO SIGNAL,2.0,32.0,1.0,1.0
1421013891aa545f70a76ee17bcece4a3f57d820a8be8256f5a5603833b3612a76cd0824a37f09c7a1a97e4bc6a731a0678f5a21cb5f1bd9b06867dcb7127737,RAIN,DAYLIGHT,WET,FAILING TO REDUCE SPEED TO AVOID CRASH,1.0,48.5,2.0,2.0
142115fcd1e67cbed799cd42f82b695319677faed505d0286047f1643cb10718ec9f10cadf422e67e718943024e9ab82167b675e0c92f9ffa3b62a534b4f146a,CLEAR,DAYLIGHT,DRY,DISTRACTION - FROM OUTSIDE VEHICLE,1.0,51.0,1.0,1.0
142124f54e28f0834e144e4e3775a077b48d90aa6f60b816ed01b47c528fde7481b8f9d8c5ebf182e5bb11572307a2245c40b7704166282e5ccdd608e0aaa427,CLEAR,DAYLIGHT,DRY,FAILING TO YIELD RIGHT-OF-WAY,2.0,23.0,2.0,2.0
14213704360f6e4a58f020ab13f92bdf4862e091f151a61d383e41c4d46533b40c31b5d896b3d21a98f0b7d1f9e94424464b1e0c8005e8b8410939d7985141f3,CLEAR,"DARKNESS, LIGHTED ROAD",DRY,IMPROPER TURNING/NO SIGNAL,2.0,27.0,2.0,2.0
142152126782e0de2427b49d16f801c4a4e8fea633dda3a5b8c69dab52adf53cbe4b17565b160f7db1011684223ea827924caa45ebb83172d17d6819b42c7f0d,SNOW,DAYLIGHT,SNOW OR SLUSH,FAILING TO YIELD RIGHT-OF-WAY,2.0,54.5,2.0,2.0
14215c19e36789278f652110d612641d6e09b8d125ce37d7e0d7a51146ed8ffbe5d94f84a8dc6772302b0412cb42138eb884b62c20b8e14ce93850ebe2fb14c9,CLEAR,DAYLIGHT,DRY,FAILING TO YIELD RIGHT-OF-WAY,2.0,45.0,2.0,2.0
14219671b731d14899e46a747bc209da238a77d84c407787ccf8fc4ccc05788190fde7ef9146885f161e735d657cbd890c891f3dbb52884a557762de43de3701,CLEAR,DAYLIGHT,DRY,IMPROPER TURNING/NO SIGNAL,2.0,46.5,2.0,2.0
1421abf13cc7522c9f714a99758b41c7d40409473b61b0a4933846df3af1894674d2376f5c43a2ac0b8ed4513d648fed44edb0429e568129023cd10919c98880,CLEAR,DAYLIGHT,DRY,IMPROPER TURNING/NO SIGNAL,1.0,13.0,2.0,2.0
1421d324fccc26c5e4aa08ff19f97ca3fb24be8334d47f858e4e5902a11d98260aaf4f4540b05acf965bf704448b1e83a08dd37748e4987950e854019915bbf3,CLEAR,DAYLIGHT,DRY,IMPROPER OVERTAKING/PASSING,2.0,38.5,2.0,2.0
1421e247cba05f2e035fc6d4e56432f8181b266da6430a17cb02f44b6610623a0becc9fe60f58a885940cf8a7180a50debed578aac4b341dbefe76e35f6e8191,SLEET/HAIL,"DARKNESS, LIGHTED ROAD",SNOW OR SLUSH,WEATHER,2.0,35.0,2.0,2.0
1421febfa656730af8324c6d09fb885ae29c6bf7f1ce33c285eb19d9eddba7ade02723f062801fd6961760a34c7e404093f928e20ab253272201ff0dd1d2fc27,CLEAR,DARKNESS,DRY,FAILING TO YIELD RIGHT-OF-WAY,2.0,40.0,2.0,2.0
142202d13c5fffdcf1a00aa681f5945fa3244e5b588dd6d5d384a3c5362cd375c2160cc38454bc116675b63a44068fa930a2dd3735d8b27f0479c2b8e02898f0,CLEAR,"DARKNESS, LIGHTED ROAD",DRY,DRIVING ON WRONG SIDE/WRONG WAY,2.0,37.5,1.0,1.0
14220ecb2a9404fdda81a9b924f58243ed5950f61ca541d17fe0efcdf72d1310bb599710e08e7b0d1d39fdfe847324062df6311c5a8465c9ea921d292a566944,CLEAR,DAYLIGHT,DRY,DISREGARDING STOP SIGN,2.0,32.0,3.0,3.0
1422ab7656866199215380675b14dbca60da0d26f2cd5f9c55a7332b4d30b037571d116c35b8b04291c2322837a3f41bdb29237a5c9392915c45bd8993855021,CLEAR,"DARKNESS, LIGHTED ROAD",DRY,IMPROPER OVERTAKING/PASSING,2.0,23.0,2.0,2.0
1422ccacb8d4cf861c93de0e93a4a1629b2766f7ffe8cc3bc218524c1533b6ee84258770c032ba73e41794510d0a442cdc9fe8f9173cd1b8c06295c2eefd34d0,CLEAR,DAYLIGHT,DRY,FAILING TO YIELD RIGHT-OF-WAY,2.0,65.0,3.0,3.0
1422ea170331e46b5262243f4712479848648ebd2dbb21b171bf1e5946ebdeeea3fad71bf38dcdbfc1588cc6e300f285bbc55c38183490408520d92b9ce19f13,CLEAR,DAYLIGHT,DRY,EXCEEDING AUTHORIZED SPEED LIMIT,4.0,45.666666666666664,4.0,4.0
1422f1989d5508d4360e44587f2d39cb6b214d75c1e091be26667a772bb5a56620d39d00ba94cf162fbdbf168b16e5204f3affa0fc397ab937fa79195025f845,CLEAR,DAYLIGHT,DRY,IMPROPER TURNING/NO SIGNAL,2.0,37.666666666666664,3.0,3.0
1422fadab848d26e13b22d69770044ffc547ed00880bb4812bb88028272ae98b91bb43f7c85f53c6f3cb9d4ad9321e8d1104f2568cc05ca394e09bc37f01ee87,CLEAR,DAYLIGHT,DRY,FAILING TO YIELD RIGHT-OF-WAY,2.0,54.0,2.0,2.0
14230714e50026106954ec27875e077462a1cd23b2375358806dbf21aa095a917117ccad95d5d0fc006c29c9f5df8f274213c5043ea6b794462e781dd5aa6a32,CLEAR,DAYLIGHT,DRY,IMPROPER OVERTAKING/PASSING,3.0,40.5,5.0,5.0
14230cdaf8ba02b698d548574b4f4f34354b360108f056e5bacf4fe3fb4750b2eaacf6ef904ac5102446828a9b0f5476d4244f74be8afdd29276f7a51338472e,CLEAR,DAYLIGHT,DRY,FOLLOWING TOO CLOSELY,2.0,36.0,2.0,2.0
14232f211ae6ead789fb630a88864ce31ea6de69232f878171762e63700e1e38881193a960f76543e451fe34b494bc33af06f46d1126ad26c492b87256631a36,CLEAR,DAYLIGHT,DRY,DISREGARDING TRAFFIC SIGNALS,3.0,36.333333333333336,5.0,5.0
14235d7a67092e823b64d6e96d7bdf16c23b497537a6a6fee7833b5187e6a7be496ab765fa1500e056e64c8536e60c1ba048267d5273170c3b71f958c61645dd,RAIN,DARKNESS,WET,FAILING TO REDUCE SPEED TO AVOID CRASH,2.0,30.0,1.0,1.0
142365d5d1b852fe434da24a8da9f9bc4264d082692d7e38e98c3959c251592528961efa20f1ad8b2f9809ce85a4f1dedda37c5ebdddac3c0b2b0ba84bb18480,CLEAR,"DARKNESS, LIGHTED ROAD",DRY,IMPROPER BACKING,2.0,61.0,2.0,2.0
1423673f43dc962dfd40e194681d2f6762b23a85a6d8d33f4dcced48abcb89ee66c886e52833bb35db1efd3b97a7ce381331d5697cb44cbbdaff8a045d03fa00,RAIN,DAWN,WET,FAILING TO YIELD RIGHT-OF-WAY,2.0,30.0,3.0,3.0
142399e6f700f5d0112bdedf1687b7c6fbc55800cf4723e5526f9052531117e3f1c44db365c102532894833381e84d26e06897a8536e17d453e40b8ceb924e27,CLEAR,UNKNOWN,DRY,IMPROPER BACKING,1.0,37.5,1.0,1.0
1423aff07b2d55ad31beb951a5bad40cd3e720dd008a57bcb18e03f9bbc90a35690391b79baa34aaf08f9621393e425d49f96046766303b4d77d4ad363cdb8df,CLEAR,DAYLIGHT,DRY,"VISION OBSCURED (SIGNS, TREE LIMBS, BUILDINGS, ETC.)",2.0,65.0,1.0,1.0
142434f9ce995c9d95ea7a197481871461fa8198c6890e9cbabf2a59c9e3b240f9ce925bc4953d54bb09b603151435bd61f4472a34670fec95ebb380b4f8d3d1,CLEAR,DAYLIGHT,DRY,IMPROPER OVERTAKING/PASSING,2.0,35.0,2.0,2.0
142439f6ad37b502eab216d8d013ba04731387732e0210aa15df6c2344949cd235a8f2a89e56ba49ed312a30ef7e9501cdda9e1e007b0aae1467bd008a36b18b,CLEAR,DAYLIGHT,DRY,FAILING TO YIELD RIGHT-OF-WAY,2.0,37.5,2.0,2.0