crash_record_id,weather_condition,lighting_condition,roadway_surface_cond,prim_contributory_cause,total_vehicles,avg_driver_age,total_people,total_injured
14243dd051e6c3b140e0a085433030c9cf35f96d889fbf5ca2b57023b769255e2ba150f752d38990fc24040c631e17c20feb1ef28f59e639be4ff7bb23768f0b,CLEAR,"DARKNESS, LIGHTED ROAD",DRY,FOLLOWING TOO CLOSELY,2.0,19.0,2.0,2.0
1424430f7d82d3d5fb0b5a5f5725d31bb3d942b775ac60adb5c093a87f39d98be621bc8c919c960f4afc65b95e64b739e42dfec141acdeb5ea2d6c03aa0197ba,CLEAR,"DARKNESS, LIGHTED ROAD",DRY,"OPERATING VEHICLE IN ERRATIC, RECKLESS, CARELESS, NEGLIGENT OR AGGRESSIVE MANNER",1.0,27.0,1.0,1.0
142469dfedff39b80bf2bd24a581f8bf81c2595f39a0ccb6fa4a1a5521bd7af20ea418930f529de5249f8331abef5797aadd8a460594cad059ed16c2d9f0d8cb,CLEAR,DAYLIGHT,DRY,FOLLOWING TOO CLOSELY,2.0,20.5,5.0,5.0
14248e6ad63c322f407998d9327325a00b41d20d0968532dbff57724734dd3d66b9d18090c05d51480caa2a788fd2b72ee6d34ab87558657a2351909c34df15d,CLEAR,DAWN,DRY,IMPROPER OVERTAKING/PASSING,2.0,37.5,1.0,1.0
1424a3a234ccbf2ebf5a43c782092fa62e6ba58f1195a4630a8a91e6751679511ded2fbcbc51172839396bf810b435a1f146938c4b3b0fed7650980153aea7ae,RAIN,DAYLIGHT,WET,WEATHER,2.0,60.0,2.0,2.0
1424b76b78255382bbbe1b6ef459478d7c3bc4961b81e6de5e3083d8c371f0dfa763fec7ba9b4da7405d82523142701eae4f385926f04418a4f0011a3c48c42f,CLEAR,DAYLIGHT,DRY,FOLLOWING TOO CLOSELY,2.0,22.0,2.0,2.0
1424c0bf1700b0898bf64fc23066a9aeaba0010bcb3d43c1ec1d8de0c59fe84b20191dabeeb913aa9c7c207bbb61da2743128782c01964afc354fb49aace999d,CLEAR,DAYLIGHT,DRY,FOLLOWING TOO CLOSELY,2.0,33.0,2.0,2.0
1424d8cd3fea4a7d444951cd901f5297b219b8fc0b6b7c488cd10fdc3da3c2a57c276b255d56f611aaec3196d9c199a99ee4a4ce8d096d8bf0b9569b3bb88a75,RAIN,DAYLIGHT,WET,FOLLOWING TOO CLOSELY,2.0,35.666666666666664,3.0,3.0
1424e1c2cec9008d1953e436aa7db66db144262d08c72bec0390e918602dfaa0a0893b03c127d11736b8263b50a23195b36d2808830ccb6f9f29b71d30318255,SNOW,DARKNESS,SNOW OR SLUSH,WEATHER,1.0,44.0,1.0,1.0
1424ec45a2f3e1eed0c7ecb1c4065b0d07081643ce24565930cabc2a61a0821cb832a0f46e178096c78c3591218ac652790e348ae9aa36f1375191cfc63cea3b,RAIN,DARKNESS,SNOW OR SLUSH,FOLLOWING TOO CLOSELY,2.0,26.5,2.0,2.0
14252c4581c9ed83ec4201168e5b547d263ea7cbc5bb4bcb37e2589a87fef58fde9284b03b99b29de21e746bf36e3950572a3f680776a714bf7c49d5976dcbc2,CLEAR,DUSK,DRY,DRIVING ON WRONG SIDE/WRONG WAY,2.0,35.0,4.0,4.0
14252cea6842a345d8e2319236a5173f9478b632caff08db5276580a6c87acd919974491a42300206358282d2c58770977e1dc5e5812ecaa6b3a111e16898566,CLEAR,DAYLIGHT,DRY,IMPROPER LANE USAGE,2.0,41.0,2.0,2.0
142539b5351d16bca752535cad63683d4d5e28417748ae86a2102495e97e9bf5b9d9de459f25fc64b04bb36f8665bd49b83f9bc41d21aec21915cb7b0e0dab44,CLEAR,DAYLIGHT,DRY,FAILING TO YIELD RIGHT-OF-WAY,2.0,57.5,2.0,2.0
14254f4a7fb327bfd6113045e7e5c2e7e9347672fea568a26e237ad4ff0019addb3960d51e3c653c021c0ab720cc483792551cddf0d7e91dc938380e2ac36055,CLEAR,DAYLIGHT,DRY,DISREGARDING TRAFFIC SIGNALS,2.0,58.5,2.0,2.0
14255840e37ada5e5a71e1865c86d5de14a53297b5b065f2bfee5c0e366609f19df6cf40af35bc677e69e27a427b552e4b47c4ee13407e84f8bc3b7ae6d18fe6,CLEAR,DAYLIGHT,DRY,IMPROPER LANE USAGE,2.0,50.0,2.0,2.0
1425677d2585ba4bed95d5c21e7fbf0c9a09d6980053e52c328fc764df61b4e84b338e98df5e25a8269fc6e5fa34539ce7de35b59fedbc7f30c223427991861d,CLEAR,DAYLIGHT,DRY,DRIVING SKILLS/KNOWLEDGE/EXPERIENCE,2.0,43.0,3.0,3.0
14257997bb9ad7f3d5e6e8afbbd5ba6596f8b4287489fd4e82728c4df260936e416c1430b3de70115150491cc6230ce0d5590b37a03b7240eeee0f4853e22818,CLEAR,DAYLIGHT,DRY,FAILING TO YIELD RIGHT-OF-WAY,2.0,39.333333333333336,3.0,3.0
14257d33370e370b7e27904bee499ead4380a0c5c91f856a2affed652acaabb730e6cbd0b9e2dc01d4e66af904d5759bafb7e6b70993ed2b11bbbd2f08e33b08,CLEAR,DAYLIGHT,DRY,IMPROPER BACKING,2.0,47.5,3.0,3.0
14257f226d35c37df2570d43d4ac01b2023c6f4e93bb1cd80718a89bb37161d255bd7903f1c084fd5946a7e1206d9941102320a8ccecda988c2447675b058595,CLEAR,DAYLIGHT,DRY,EQUIPMENT - VEHICLE CONDITION,2.0,43.5,2.0,2.0
14258e8ad994c341fa5db35cde474d9a5c2e421708b3cb4e6d199e7c6b784c47f336e3cd8437ed016d624e0f72453fb6afea1e1cbe53f6c6e2a2b8002f9caddc,RAIN,DAYLIGHT,WET,FOLLOWING TOO CLOSELY,2.0,37.0,2.0,2.0
14259581d0354640739adad2809a35f05b26e0936688332ae1c7cf7ca90b303115c744c60eb4cb2e1e86ab0f08308b8d1a108150f54f87340effdc76568872fc,RAIN,DAYLIGHT,WET,FOLLOWING TOO CLOSELY,2.0,44.0,2.0,2.0
1425b4be755aa2537d09c4264977c07ee0beeda0d787869de484843805d08881d133c0a17c959aca59dacade59905e44a73315ebe8d6f5ca6f21fc9b30e13d1a,RAIN,"DARKNESS, LIGHTED ROAD",WET,DRIVING SKILLS/KNOWLEDGE/EXPERIENCE,1.0,16.333333333333332,3.0,3.0
1425bd72f4f64879487573d559d9689541b3fa4a3550d95ecbafb773388c90cbc1ea91b93fb336e9411eaf2c84b77aac359f4cca5b758cf44ba799fe097cbfc1,CLEAR,DAYLIGHT,DRY,FAILING TO YIELD RIGHT-OF-WAY,2.0,64.33333333333333,3.0,3.0
1425c3e2ee495c38cf68034b539c0c92ae85feb99d4d5f0b70d1d96db7716f2711c31bb4fbe4ca38a6a6300970c9c4fa7875c9745c89fa6be96649818c8cd239,CLEAR,DAYLIGHT,DRY,FAILING TO YIELD RIGHT-OF-WAY,2.0,52.0,2.0,2.0
1425efd2d61edbfae109f870403984715b6794a88137a27a37c02c03fa75015066bfa605fbfd77efeb38ff2ccf8ab373447eeeb8b4e532fc8250b73e0ba3e3a4,CLEAR,DAYLIGHT,DRY,FAILING TO YIELD RIGHT-OF-WAY,2.0,20.5,2.0,2.0
142604124f049d82927ad50422aa2d77eac77d2dc8223913e97fc877dc3198f236eb998e8af1a2e3bd785c06658154a35348623b4280a3db238470eb3402e7fe,CLEAR,"DARKNESS, LIGHTED ROAD",WET,IMPROPER LANE USAGE,2.0,53.0,3.0,3.0
14261b1da939281e5afc8f4b6dd734dfccc104714cd16786bf4b9f9803151f4dd9a8be399a0ad7f629448b0dc57c5bbed395457428b6ccb0111a5d50c6a10869,CLEAR,DARKNESS,DRY,DISTRACTION - FROM OUTSIDE VEHICLE,2.0,37.0,1.0,1.0
142691a1ecebb6260cf8f95a1b409ec59764dbc7397864db947d4bd858bccf5dc8301d78bd09a20554243ce94703542fa1611ad6e167c66f7be570c05a467dd7,CLEAR,DAYLIGHT,UNKNOWN,IMPROPER LANE USAGE,2.0,46.0,2.0,2.0
1426e02e150981152f520e9ca2e89dd10429c2c905ffec66cf78f1bffccc8b83ad1942c220b36313016a67c4721d5d1e0de1ab7a72238d00ee3a0b9d1af006fa,RAIN,"DARKNESS, LIGHTED ROAD",WET,WEATHER,3.0,30.75,4.0,4.0
1426f157b6554f4a35c9ed6a1375083611f353a55d24a5ee0f43792b0429a7fdf26985d387a9d10a81e1efb3eaeef21e5f5405b0539ef7a391cf0b5b4290300b,CLEAR,DAYLIGHT,DRY,IMPROPER LANE USAGE,2.0,38.0,2.0,2.0
142727a5fec349c739ead642659451953c680f4fa48f3357f5ba1ef3322e18e661c600286562767fb9f4a3f6c097db4ffc3c88d51b11633c08238e8de34f2adc,CLEAR,DAYLIGHT,DRY,FOLLOWING TOO CLOSELY,2.0,51.0,2.0,2.0
1427559717292215ba0b08e16ebb5d5a0648dc6cbb54e94ea42d10fb3bfa329517787ad4f4ec0822f034513a098f7991ef5690f990b227ee9a99e1276fa45b1d,CLEAR,DAYLIGHT,DRY,"OPERATING VEHICLE IN ERRATIC, RECKLESS, CARELESS, NEGLIGENT OR AGGRESSIVE MANNER",3.0,37.5,1.0,1.0
14275d16c604726f1d04377cd1fb4896af3f78086c2a4c9f176b2796a0bcde36c123c806baa0f953e71b311ac9af430dd7bc7c7c18e980ed1862a711e02a399e,CLEAR,DAYLIGHT,DRY,FOLLOWING TOO CLOSELY,2.0,37.333333333333336,3.0,3.0
142764db3b884efa657f060385516cd8d8ba58111736a2879ab1f9959d3be561f28bc28e0a075dca1d20df27f7626fa331be3db02010ff4dd0d504fcc6e71cf0,SNOW,DAYLIGHT,WET,DISREGARDING STOP SIGN,2.0,39.0,2.0,2.0
14277ed85dd153563e7378854f72a6453778a3e10b1554e1aa632509fa08628b93d9509a3bb638fd7b6924161c1f0391d8371a71b7fd384415ad14bce5e1dce1,CLEAR,"DARKNESS, LIGHTED ROAD",DRY,FAILING TO YIELD RIGHT-OF-WAY,2.0,54.0,3.0,3.0
1427a2dca18ee5aa8a8e3ba60db2243c2eb6309de1e14f67ae22b8f9942791131059470214bb44bf6a863d30f8c212171f9454627bc78d524901f5cd6ab08520,CLEAR,DAYLIGHT,DRY,IMPROPER BACKING,2.0,36.0,1.0,1.0
1427a8ff6c3fbbb58d6909d39fd2096bc99d5719d7bcafcc3d70ea5e6944e51adcab0fd88a7c375431afd75ff24af0e8d1b6e931fbd9cb35332e5eb268c475e6,CLEAR,DAYLIGHT,DRY,FAILING TO YIELD RIGHT-OF-WAY,2.0,22.0,2.0,2.0
1427c729413968a624ab6b391c8216c34d0f0ba08646e24fc2d6bf7099c76e2de4ae2a0742a653b3e3a00322986d9bb17e7abc21e1a2cf25b5b6c1ae409b7bb3,CLEAR,DAYLIGHT,DRY,DISREGARDING TRAFFIC SIGNALS,2.0,54.5,2.0,2.0
1427ce21f3885c848e17dd918dbde17edd30193edd19ed15fab0bb557bf1c41ba27e08abdffab949833a8f8f3fd7b802a5de50dc35cb38ee66b54afac8818abf,CLEAR,DAYLIGHT,DRY,FOLLOWING TOO CLOSELY,3.0,37.5,3.0,3.0
1427ebe0e0a1afbb5ea57674d3b1892c14753ed7e83e5f9f1821b1b3db8041e3c8d4b67814b5499666445191fc5d7dff1c891fc96f428b830e1d854062258f48,CLOUDY/OVERCAST,DAYLIGHT,DRY,FAILING TO YIELD RIGHT-OF-WAY,2.0,37.666666666666664,3.0,3.0
142812bacbb4c374171fb47447fc054159f8bc15265d8d1c1e7078cb8eba6af5199ef7608b078bd0cf45568337b5622ff9b13fed9982a0768ffd96318d48673b,CLEAR,"DARKNESS, LIGHTED ROAD",UNKNOWN,DISREGARDING OTHER TRAFFIC SIGNS,2.0,23.0,2.0,2.0
14283ec0d74f6caf2c8e994788370f1139227e19ba6fb0edc80cb676b8cdc9466428b2b4eba2e4c8685a23f027f94e19440e159f078e25c3a2c51b938042bbc3,CLEAR,DAYLIGHT,DRY,FAILING TO REDUCE SPEED TO AVOID CRASH,2.0,46.0,2.0,2.0
142841264d862caa14db6673a0b53701f404241f1d64eab9bde0387d9e6eefc5d3b0090685d4b59e5176023944836f187955fd62cb3f3b775a34aba150b763ac,CLEAR,DAYLIGHT,DRY,"OPERATING VEHICLE IN ERRATIC, RECKLESS, CARELESS, NEGLIGENT OR AGGRESSIVE MANNER",2.0,26.0,2.0,2.0
142874cbb2ebe7fd468d332325a12c5beaa6d511e892c6db5a2a3d2de8b21d33f391c1b4198c36231ec923fc9a9ad4566189f18eaaad10d62f23f592062fd40b,CLEAR,DAYLIGHT,DRY,DRIVING SKILLS/KNOWLEDGE/EXPERIENCE,2.0,58.0,1.0,1.0
1428df9fdf7df544c51127fa9b1b766450488a75dd53bf5e5a155d168162f36a5929e2b7899c41cc129d146e4806cb76a4d66433863bf0557e27926db45489d7,CLEAR,DAYLIGHT,DRY,FAILING TO YIELD RIGHT-OF-WAY,3.0,20.5,2.0,2.0
14290bf2ccfdb00088de04fee4588908e0e561f27aea6e5842995a04cd55128e55a79e73cf3f372e675d998980bd2adf717fe7514804cef31774b195bb495831,CLEAR,DAYLIGHT,DRY,IMPROPER OVERTAKING/PASSING,2.0,27.0,2.0,2.0
14292d3ed9bb7f839d10367265ca96d223ee5a6870caf70bbe2c740aa054659744d71cb7ce1db7855fc46c0a9cb94aad5aaec532576f4468bc0b4aeacac56564,CLEAR,DAYLIGHT,DRY,FAILING TO YIELD RIGHT-OF-WAY,2.0,26.0,2.0,2.0
14294028bea38db5ea92724abd05c0eaec89d91cdbb88dcedc06197d861985c3ceba833bad7de2e4704f717ab1549a3d5013850fd82f461e5d1d72f1c7058c23,CLEAR,DAYLIGHT,DRY,FAILING TO REDUCE SPEED TO AVOID CRASH,2.0,60.0,2.0,2.0
1429641998114b15c09d06588300920a50df0eb267e6545ad629ae8593687a66ddce82c60602d92b97fbb677a5d373bcd53fa5e32dbb7ff6513259cf5d88b72e,CLEAR,DAYLIGHT,DRY,FAILING TO YIELD RIGHT-OF-WAY,3.0,30.9,10.0,10.0
14296ffd2259f1954f66d53824db3fd9189bd3275c8c069dbc478b765621bb68c94923f0e0697e25af0c4159dc2c7791996de4c826a8df73b2c8225f9a74308f,CLEAR,DAYLIGHT,DRY,FAILING TO YIELD RIGHT-OF-WAY,2.0,76.0,2.0,2.0
14297e7df8c6bb2487ac35da157f96e9fa84e09bd386701d0cb0c3144b04b37fa57d2df57b1fd88510537aba36c433ddc360286621589c55ce5dd01b942e2398,CLEAR,DAYLIGHT,DRY,FAILING TO REDUCE SPEED TO AVOID CRASH,2.0,51.0,2.0,2.0
1429a14bbd68b393a0500db778e8fd84cd276d948335fece82527843aa50e046ffe9ca1fde231ba559e4439f4f1ca421a29cd20b9b69b285ad306ce8ac4cbd44,CLEAR,"DARKNESS, LIGHTED ROAD",DRY,DRIVING SKILLS/KNOWLEDGE/EXPERIENCE,2.0,29.5,3.0,3.0
1429ae50f144abad88ad72fa31f5e22aea54fe7809d4486efed13b432987b15a437e36fe25d76a758e780be5dcb9d1e0aaf8043e48b5eb45a4ed92fcc5b5c4a0,SNOW,"DARKNESS, LIGHTED ROAD",SNOW OR SLUSH,WEATHER,3.0,56.0,1.0,1.0
1429b907afecb0288cae11b834e10fbab84c9e6fc148483d8acaac8d9d29ab00c6fc99b47784975177815d9bf3b446374d9feeb8adfadcf07300633f70de459c,CLEAR,DAYLIGHT,DRY,FOLLOWING TOO CLOSELY,2.0,41.0,2.0,2.0
1429ba0a71445a61a1eeddcf6f632ea18d99cfc5a0fba6c204b0cf61e97969deb603095e762541fb2ef0d3618a7b3c4c73435f713be04253abea389fcd691ce6,CLEAR,DAYLIGHT,DRY,FOLLOWING TOO CLOSELY,2.0,37.5,1.0,1.0
1429c5428e5e465e036445ceb017402c95351150c0de5dff49baf96c2fbcf33438e4401de976e6f5adbb6c080fe7f2ea7cdecf63917fd7041fd078631e286bb7,CLOUDY/OVERCAST,DAYLIGHT,WET,DISTRACTION - FROM OUTSIDE VEHICLE,1.0,34.0,2.0,2.0
1429e81a38acf734ee9a7f15294c4487e43292e37f885de7a640342f986eee59c94ecc1b905fa0d6dfbe6c3d70c2e7aefc00a8eb64fcd55312ed81dbac8c7ec5,CLEAR,DAYLIGHT,DRY,DISREGARDING TRAFFIC SIGNALS,3.0,41.5,5.0,5.0
1429e96aa5fcd0bc2d17ae770620c16f67549b28b66517bb8724e95abeb2935511846932f42008d0b5fb1d4ce0fb7979e0883b765adabe487f0fcdd56c6aa001,SNOW,DAYLIGHT,SNOW OR SLUSH,WEATHER,1.0,30.0,1.0,1.0
142a12253bf38386f36d4968a30df9aaa84f49db187047c33b8eb358c030dc21f9377620f894fbeab64d47b8cc8646f74a3792c845dd2a082a32f4cbfe26df48,CLEAR,DAYLIGHT,DRY,IMPROPER BACKING,2.0,45.0,2.0,2.0
142a15ada0754577d78dbaf9d053c58f1ab84cd46a62555c767cc41ea09c72ba3efebdb5afb049f20a43de8a19e9f0aa7e981179e1830c1908a8593dba8c4149,CLEAR,"DARKNESS, LIGHTED ROAD",DRY,FOLLOWING TOO CLOSELY,2.0,30.0,2.0,2.0
142a1fe71dbdba2a88e1c8e25fcc1338a86c234d8311f47ad721034de64d3880c91bf2de6df267e87a80fbe7d2a945468e5c1bc332e956aa684138a19ba51201,CLEAR,DAYLIGHT,DRY,FOLLOWING TOO CLOSELY,2.0,40.0,3.0,3.0
142a235be88017a110f27c5c8692258acaa0358b3768365ebdb4204a83255684891a7d3a1691693ac2ef5ca2adbf9f1953d3a080d43caf249fa373306956c8f6,CLEAR,DAYLIGHT,DRY,FAILING TO YIELD RIGHT-OF-WAY,2.0,64.5,2.0,2.0
142a2c679dff2e82bb429101b8dc70c9f845151530bb6baf7ee288f8494d6d0fa773ac42bf719bd711eb99177da84149b80580f355e8651f858bfd3534e77018,CLEAR,"DARKNESS, LIGHTED ROAD",UNKNOWN,IMPROPER TURNING/NO SIGNAL,2.0,42.5,2.0,2.0
142a44b3c7bfccbd8850bfa0c667865897fe6154a489a90a6d57d678a3b0e1993a5577918533502f67f03e53893f33b99ecf066a830344b6c717f77ba0838812,CLEAR,DAYLIGHT,DRY,DRIVING ON WRONG SIDE/WRONG WAY,2.0,46.5,2.0,2.0
142a68f1ad72a7340c9358ac64523be0276e81dbea506b912a28fdb4e4fa972bcd26c6deacd140c96b478d4b820d1e753324a61c60ee15cacb2cb5774b01beab,CLEAR,DAYLIGHT,DRY,IMPROPER LANE USAGE,2.0,22.0,3.0,3.0
142a8cd0cef3380bce3672013fbc8c9493d1e3f13200e4dc923b06c9d3c040bbb0879851a6581dffdb32f8f775eb46b407cb052f56b0507641ff99c07a3b34d8,CLEAR,DAYLIGHT,DRY,IMPROPER OVERTAKING/PASSING,2.0,50.0,1.0,1.0
142abef8f94b5fb4e189b23e61c6a38b30d62df4b6e43607fadf81dc13d87cb3b11db2962f718bb071a99e13c1bf7d373a521519a7e8ddf947117b810b583d90,CLEAR,DAYLIGHT,DRY,IMPROPER LANE USAGE,2.0,34.0,2.0,2.0
142b0bd6e7691899e5b60dd18af27290437e89cbe3745abd651a4d8fa6a53515cba4930b1ca64d46017ce18ef6c4213db76d0c34bd502b9123c4f7eeec58fede,CLEAR,DAYLIGHT,DRY,DISREGARDING STOP SIGN,2.0,29.5,3.0,3.0
142b6827f6dd7a2081eb2a03fa9be3555ca9f0465ebb4ffcba739f6adb93b3c22320bc206bb5d09cfbab12950edad5e197b25ee2cbb31c108398ee225c3789aa,CLEAR,DAYLIGHT,DRY,FOLLOWING TOO CLOSELY,2.0,61.0,2.0,2.0
142b83c434fae81a67d55237bf2a5496d6c2412f60b6a001d2cab715cef35fc396475a5f76cd088227d02d050ce7e03cfc5d001195efa8593878eb621a14386e,CLEAR,DAWN,DRY,DRIVING SKILLS/KNOWLEDGE/EXPERIENCE,1.0,40.0,2.0,2.0
142bf76a43547fec362f9a887ed73fb62d6bd04a9e3e0b3a203938ff55e38447eec576aacc50eddabc3db9e3663f81cf8189ee5821872d2f39f3715cf93fdd8e,CLEAR,DAYLIGHT,DRY,FAILING TO YIELD RIGHT-OF-WAY,3.0,43.333333333333336,4.0,4.0
142c496f98b6e35ad784a96cb62f88cb811de36bfb3d93317022761295e58bced5534a321421c5101c26298b7e6a418b7fcc13f74cf36f407fc2897c792de2b0,UNKNOWN,UNKNOWN,UNKNOWN,IMPROPER BACKING,2.0,54.0,1.0,1.0
142c563956d4e0dc69942610d8e693ae173968ca1b4f584447bbe8bd8d1119dd3d11d6ea4c9a7605978bff5d40debf94ab4ed4be978cdc1e206b6a7ec8689fd3,CLEAR,DAYLIGHT,DRY,FOLLOWING TOO CLOSELY,3.0,37.5,4.0,4.0
142c5f43ca69ca0d183f0de777ff9d39011a16ec43866915f0e528885f12b19a4afc91559c44306a224bbb8096eda95646f5c6d0ad2f83e8933b15fc6514f295,CLEAR,DAYLIGHT,DRY,UNDER THE INFLUENCE OF ALCOHOL/DRUGS (USE WHEN ARREST IS EFFECTED),2.0,39.5,2.0,2.0
142c81593aa59b055a2d35780ee2006a0acc0130ce7cef7af1a4cf329b3c0e383757c67ca348932997ea6576f5d892afd3a5b25e57a3646276a9fb1d54d0029c,CLEAR,DAYLIGHT,DRY,FAILING TO REDUCE SPEED TO AVOID CRASH,2.0,45.0,2.0,2.0
142cb04c7ed62bdb213c5ec8ae4f02f6d5a8f33a4bc02b656bd56f5f6fea8cea5c3f7e49eb23010f06d1dac03fcaa7b4ca18f7f6fa035bad9820d0ae61ed93cf,CLEAR,DAYLIGHT,DRY,FAILING TO YIELD RIGHT-OF-WAY,2.0,60.0,2.0,2.0
142d3943357a657951cf3ebde9c01d774d5949d1e13349b83a898b81f68aa71dab85be93260c0c13a7fd4fb157725831f86ef37a8c2d0cad2c21f4c3ce51a582,CLEAR,DAYLIGHT,DRY,FOLLOWING TOO CLOSELY,2.0,46.5,2.0,2.0
142d6cb5a7eea8b8cf9b47e3f899d61bbce053944173b1473f71e6f1280d4728befcde27dd7b88d7a4b575d4ec6a48a336aa22282c502787f1a54816a54c9e00,CLEAR,DAYLIGHT,DRY,IMPROPER OVERTAKING/PASSING,2.0,38.5,2.0,2.0
142d9e058af306c31ae18bf2c480cbaf7f27b3beaa78f38e6488a94c25131bf120f292e8a82f79a7a2702a72eb9aff1875fbd430acaeded888b8ce461129d169,CLEAR,DAYLIGHT,DRY,FAILING TO YIELD RIGHT-OF-WAY,1.0,31.0,2.0,2.0
142dc0c2df1bd0408bf0c3f583964616da2eb52b4e516da6f621c52a395658f06ebc88924bef153244f21510473804331625026466e99f508d8824e0ea77004d,CLEAR,DAYLIGHT,DRY,DISREGARDING TRAFFIC SIGNALS,2.0,37.5,2.0,2.0
142df6d47f7d4e330571bafc840b0dbf54733c961f4653e9550710c416ac1233169da01d075cb940abc51d93700449975657e7e4a34c9f12127b563bf51ce3c0,CLEAR,DAYLIGHT,DRY,IMPROPER TURNING/NO SIGNAL,2.0,39.5,2.0,2.0
142e1aba2340a4da96614b9dfaf426e341096bcf4084fd70ce9287426169724b3d0cd8a960c17c7b614d85fa6fa52e9d14911349e8fa8683fdc7b0d81dde2fc7,CLEAR,"DARKNESS, LIGHTED ROAD",UNKNOWN,DISREGARDING STOP SIGN,2.0,53.0,2.0,2.0
142e263f7cb025091325e526fd005963aa3801da119b30ee0344fbc62e529196ab2f9ebc11e4dcd796279f0c04ed22b3ad200277ed9f903bec749401fa1114bc,CLEAR,DAYLIGHT,UNKNOWN,FOLLOWING TOO CLOSELY,2.0,28.0,2.0,2.0
142e530e39214a0555fe96bbba04247f443787da732a6d0de0fe9cb7addb1c830f1f3a8f8ec42f20b3d20799f1a376864c3ca8b2a59f8bee25466155b0466660,CLEAR,DAYLIGHT,DRY,IMPROPER OVERTAKING/PASSING,2.0,37.5,2.0,2.0
142e5471e7e8e592f0d27796993b4de1b4e4bc15eb2b725feb652b7013fffe35bbbd2799dcfa8fcbc111fbfa9c6ad7095cfea87aa184540286f3a8807c1fc755,CLEAR,"DARKNESS, LIGHTED ROAD",DRY,DISREGARDING STOP SIGN,2.0,40.0,2.0,2.0
142e862bdeceaa6d3530018ee1e3c94d54637a48eb63a355d912842f33f638d80266f1a03628eef6082c2d610982f5a9019b7bd8d9c134941f143c6bdc4d9ca5,CLOUDY/OVERCAST,DAYLIGHT,WET,PHYSICAL CONDITION OF DRIVER,2.0,39.0,2.0,2.0
142ea57c6670790974c0c16a244d635dda9e8ec442683742e487d1660f2afcb577ed3f354006a267eb044547896226fbaa8432fe1aa96f00c28d64a901775596,CLEAR,DAYLIGHT,DRY,FOLLOWING TOO CLOSELY,2.0,24.0,6.0,6.0
142eb56ddb7614cddba3b053e52e61efefb7f2df01dea58ee6d30155257243ad7d776e14a393860a668174014614eef33b13d2c109062ea31aafc7b642fc546e,CLEAR,DAYLIGHT,DRY,IMPROPER BACKING,2.0,16.333333333333332,4.0,4.0
142edeb5924dd54c86ab64838a2a39d56e68720e1136c4f09fbe4a02c4a73c0fa3589d55c535a29fc4ff344cbf784aaa407cfb9a01f2fc3936874ab3111e044b,CLOUDY/OVERCAST,DUSK,DRY,DRIVING ON WRONG SIDE/WRONG WAY,2.0,63.0,2.0,2.0
142ef0677f4a6dc8e38fdf4fdb73712f907d0ad1a687fa594a363a655a7eb06e6c9c7b4986d119f74a8b2b5fb852cf2c7088fb58276206f71cba58e015d330c3,CLEAR,DAYLIGHT,DRY,FAILING TO REDUCE SPEED TO AVOID CRASH,2.0,29.0,2.0,2.0
142f13955b30ea73190293ff33872391e2d28be6cee38ba6aed440a46986bd0f578c0fb6b143767b2cee21bcdbdae7c5e1e94bc44883f645ef6228cb114dc948,CLEAR,DAYLIGHT,DRY,FOLLOWING TOO CLOSELY,2.0,29.5,2.0,2.0
142f77c4bb4e0187a9e4af0c07d4dd440470efcf91606041e375c459cbc82eb59ab64d529663b6cde6d3007d92b7da7c8988797e58336d03f2c3db3f6aeb4434,CLEAR,"DARKNESS, LIGHTED ROAD",DRY,DRIVING ON WRONG SIDE/WRONG WAY,2.0,37.5,1.0,1.0
142f7ea36b4384c7f0b5095f3271000535ccbfc0eed6d47721262b3c6a1e1e525763ec1cc68ea70be241a1a1d3ca0a6575f06ac721af191b0fcc6906108bec49,CLEAR,DAYLIGHT,DRY,"VISION OBSCURED (SIGNS, TREE LIMBS, BUILDINGS, ETC.)",2.0,28.5,2.0,2.0
142f8c5f20c3f26234fbe5eb520a277799fc6a34c0c7e365676e204043a3d78fd75490f343eea3776cbb1a62bc2fbd3015b384b17ac3441654fe40696adfe465,CLEAR,DAYLIGHT,DRY,FAILING TO REDUCE SPEED TO AVOID CRASH,2.0,24.0,2.0,2.0
142fcc74a70d646845425f75f5033426caabe872008868fa7609fb0058bdd6c2fbcb2354dd9e931e85e005e6d3668d493a868311300e98f392cb4340115e68f1,UNKNOWN,UNKNOWN,DRY,IMPROPER TURNING/NO SIGNAL,2.0,27.5,2.0,2.0
142fd67e715303eb258da952d36ebb18666a991c23a3a1ad513881ed484602b740628350e1978ada9640eee55aad57bcc53148ade1e6801b3e7e6587ed581bda,CLEAR,DAYLIGHT,DRY,IMPROPER OVERTAKING/PASSING,2.0,37.5,1.0,1.0
142ff722d2ca561f68ccb6f7ca39fcd954e42029c10f8dba4efdec9c12eb0ef0ae3c4d47f989b299aef51db0056e8f969c36d9a05bdd015869994e4e9a3aeec2,CLEAR,DAYLIGHT,DRY,"OPERATING VEHICLE IN ERRATIC, RECKLESS, CARELESS, NEGLIGENT OR AGGRESSIVE MANNER",2.0,21.5,2.0,2.0