crash_record_id,weather_condition,lighting_condition,roadway_surface_cond,prim_contributory_cause,total_vehicles,avg_driver_age,total_people,total_injured
143010e63f372206fdf91b49d0d645c09cb115da26ed68c8733f6a90c5ead9127cb18eae285140cc745bfcc7f046610aa8a7a276b53fd6b0bcdc74eb267ed706,CLEAR,DAYLIGHT,DRY,FAILING TO YIELD RIGHT-OF-WAY,2.0,22.5,2.0,2.0
1430368ad5de2660bd7452e62cbaaa8e22bb774ac32c31367a6b451b182204b0f6bc7c43c31fc89e4ff55742a6375d002b83dfcfcb9368013afb41c7abbda42f,CLEAR,DAYLIGHT,DRY,FAILING TO REDUCE SPEED TO AVOID CRASH,2.0,52.0,2.0,2.0
143069e84f1cacd77d2828b2ef01bc3a8bedbd3c73a84628c4e74de2b64310d3d061a682c5600ed57b08baa03046617ce1e2afa757d629477369f3e341420c59,CLEAR,DAYLIGHT,DRY,DRIVING SKILLS/KNOWLEDGE/EXPERIENCE,2.0,37.5,1.0,1.0
1430707ed577abfab77ddba4434ce96272b7dbb27596902dd4b5469ff252b2eae69a9289de17d576d64cd18c15118f1b93f2d583c21ac349e3c6b50758ea4580,CLEAR,"DARKNESS, LIGHTED ROAD",DRY,"EVASIVE ACTION DUE TO ANIMAL, OBJECT, NONMOTORIST",1.0,41.0,1.0,1.0
143072126ecae429ec8f79e2c4b7f5e8a4b16dce6b7a7763c67aa3ea267f28e50da1a27d4b5c5347634f88d30646bd2e40d227cd9c674c17c3c1ecb8d133f5ac,CLEAR,DAYLIGHT,DRY,IMPROPER OVERTAKING/PASSING,2.0,37.5,2.0,2.0
1430768aff5cd72fb5b220841e48b09fb5f897760aa93db3cc3fac39e74cd707e2f00258d2f99752059ac3f4182d47868a6ce80ae006c0315998c74e1697cd2e,CLEAR,DAYLIGHT,DRY,IMPROPER OVERTAKING/PASSING,2.0,36.0,2.0,2.0
14307c52b6c2086af7d5971711635e6516045be47bd024939ec69f8fa1a88af913448622dc2524125492a8d0694d2d22f8c6c75513a1926fb8b5fcda3bf1f0b2,CLEAR,DAYLIGHT,DRY,IMPROPER BACKING,2.0,58.0,1.0,1.0
14307ec7ec9a7d0a678b60b8e7f67e185b31adbd56e21288fa69960f5e4592144bf5dd0ef8c142b885989995b95c7b65b74d1db3e9a141a79069619bb4d7ee36,SNOW,"DARKNESS, LIGHTED ROAD",SNOW OR SLUSH,DRIVING SKILLS/KNOWLEDGE/EXPERIENCE,1.0,32.0,1.0,1.0
143082a3b0b68d72c30c7e8e41ddacddfd7d6a5b0d5d63cbe28e141ff9dd4f1b49254f4f6b38cce59e9346373a482c0272543a844fde4b0984a6e009c9a1b56e,CLEAR,DAYLIGHT,UNKNOWN,FOLLOWING TOO CLOSELY,2.0,38.0,2.0,2.0
143092c7f25fd61d299bab17885f967b5223cfaa6ff28c8b76fd0dcac535cae0637caefaaba99dcadc8874b644f19a3801f07fe401b3280cb5f7819ca25ed983,CLEAR,DAYLIGHT,DRY,DISREGARDING TRAFFIC SIGNALS,2.0,61.5,2.0,2.0
1430a450f48a8ab6cb4af924b5603a90c0715e6986b57598d826f0624407c30cd9f20a499e977af935fa76c39da213a355cd4f3c6eb802ee7224036e1b5cb5c0,CLEAR,"DARKNESS, LIGHTED ROAD",DRY,FAILING TO YIELD RIGHT-OF-WAY,2.0,43.0,2.0,2.0
1430c17074483fdfbf3f21fbfb34e5eca91613b20f5c9e8ff4ee24076d13198d991332da158a6f2bc1c769f2d4c62d9d613ac3ea9d7ce56c3def8a17397bd943,CLEAR,DUSK,DRY,DRIVING SKILLS/KNOWLEDGE/EXPERIENCE,1.0,86.0,1.0,1.0
1430d011d010fa50a0689a22754856d64d0b8b1ca007c3b35511bbd39a01df0a27b714a1f62a9b511dfeb27cd7c7e142a3bca9a421cd80b18e21ce086cbf3468,RAIN,DAYLIGHT,WET,FOLLOWING TOO CLOSELY,2.0,30.0,3.0,3.0
14310c0041d49d2a2298d9e4ccff4397bf1d1290a7c80321293248690bc5fefc0914b72b5a6ae72124997b685c8698da5623f150a951005e67a2beedbc39fec5,CLEAR,DAYLIGHT,DRY,IMPROPER LANE USAGE,2.0,26.0,2.0,2.0
14310f6459b4687e39d72a70a7a8c69cc43bafc740e378e020fc06c6ba4c4dfa09f7799e33d6034d67cab0c3300dbf9ce7b552b9addf5db0ccdef7e7218e0439,CLEAR,DAYLIGHT,DRY,FAILING TO YIELD RIGHT-OF-WAY,2.0,36.0,3.0,3.0
143121a5d7ad7e8a501a4dbf7b7a28a8cb3f5516b4d975878671d8bfcea4e6ed7d4bb00dfa4a5404783cc686a747f5e032b11fbb492e29b201cc59836d5b379c,CLEAR,DAWN,DRY,FAILING TO YIELD RIGHT-OF-WAY,2.0,19.5,5.0,5.0
14314ca476e5b25bc1cf6d5d0962b76198c326f1d39cbe0f52485724e15d2e8be2d78563abdf18c4afca993bd81f80d159c1b50664331983ef4f942fa0c15c80,CLOUDY/OVERCAST,"DARKNESS, LIGHTED ROAD",SNOW OR SLUSH,FOLLOWING TOO CLOSELY,2.0,29.0,2.0,2.0
14317ba2512ccd0ddce029e00508bb8421bd9b0b08affafec66acd43706d3c4908b4be53114376288156395bca566584a68c6097f48e5bf3f1953a358c1e5892,CLEAR,"DARKNESS, LIGHTED ROAD",DRY,DISREGARDING TRAFFIC SIGNALS,1.0,20.0,4.0,4.0
14318e282381ac84cc7ff046368b4c4b8bf74652b55605dfcf2a989bc1516af81120d03f88a96b4396014ca57b1580dd95379f52efd38391f3908ce1a1da51c3,RAIN,DAYLIGHT,WET,IMPROPER OVERTAKING/PASSING,2.0,55.0,3.0,3.0
1431b7335cc36e95de05fbb43c1dd5ae458202b613f11bfaf4afba5a941fda435c361a8d739d6d32b66addfe3610f89babe2239e72daadd32756aaeb6a91c1fd,CLEAR,"DARKNESS, LIGHTED ROAD",DRY,FAILING TO REDUCE SPEED TO AVOID CRASH,2.0,37.5,1.0,1.0
1431db08dd5a91f62872dee3b1e5060e78f301e53dade8f3ffcba38623d0690ee6ec8ec80b210d69b99f61ea972a650a4a5d3dd1b4b0b425f99bf55566bf0847,CLEAR,DAYLIGHT,DRY,IMPROPER LANE USAGE,2.0,77.0,3.0,3.0
1431df6a54ab3bc3c64011382e7fafddc77d123fdd8a77dbc08bed81ae3fac209e32f20dfffdfba24bdbe0189c88298f4718795f7819b063bb17d4eea9bb9b15,RAIN,"DARKNESS, LIGHTED ROAD",WET,FOLLOWING TOO CLOSELY,2.0,37.0,3.0,3.0
1431f83e858e76d9ca0519c4ad3ec43a84a9ecd2b3f1146421a8110fccf9f941eb829ffa679906cc37dbd962381f8fc9d0501f5505b863f3900477f608c20c55,CLEAR,DAYLIGHT,DRY,IMPROPER BACKING,2.0,54.5,2.0,2.0
143213e14cc795ca0c439a5b295171a74a847faaab740b6163e5aee4e534634efdb9db118c1cfa24676555c37b52550e29bc2dcdd34de85859fc8fc05d692620,CLEAR,DAYLIGHT,DRY,IMPROPER LANE USAGE,1.0,28.5,3.0,3.0
14323255efd983911e70ef5d7c1ea738756c5625f0c494c697750b51797c3aa7aff1725992a5ea7d80a612791dbafc4b2cd41496efeed3ff7e1c207b0727eb33,CLEAR,DAYLIGHT,DRY,FAILING TO YIELD RIGHT-OF-WAY,1.0,37.5,3.0,3.0
143288be611bbe7bc605bef10ae1a69ac2542a18f41474a94c4d179b84a5af218fc6e0b7d737c91bbfa3731f41fadfe0f0dda84fceb4eb05fcdd7f78f999f7cc,CLEAR,DAYLIGHT,WET,DISREGARDING TRAFFIC SIGNALS,2.0,20.0,3.0,3.0
1432a395d265566e66faf2a6cf77a3898984c117fd79c97118453b63c88df065b66eb9c50fae253078dcb8deeaa3900c7d610ba4d51017977aa4497a59bad2ad,CLEAR,DAYLIGHT,DRY,IMPROPER BACKING,2.0,39.0,2.0,2.0
1432a75849d3a24112d8f60b3a44f7f691f8ba5a1213f64d447cb106044ba60db6a00d5cefec6000dc394aacb5c8452e427ab8d7d3cec479f73ed2259dac0ffa,CLOUDY/OVERCAST,DAYLIGHT,DRY,FAILING TO YIELD RIGHT-OF-WAY,2.0,49.5,2.0,2.0
1432ab86512cba4a6f18d02ff0bec782d4d5318b5207652bdc2391a5595ca5230da6ce82691a7df80d85243f783f934f09aa5c062f875086ea024c066bf8fb1b,CLEAR,DAWN,DRY,FAILING TO YIELD RIGHT-OF-WAY,2.0,28.0,2.0,2.0
1432df9421d9e8f80bddcebd862e7e07bb78a1a40a6fe0dbd6141f0e7c8dcd028e0ba0d015c8396e544c91aea55a688acba22a0123259d499a662433d876d106,CLEAR,DAYLIGHT,DRY,IMPROPER OVERTAKING/PASSING,2.0,33.0,5.0,5.0
1432ea83f2bace13a340209b7cfb655d08fc098efaddedbf62d56c42ac7b6ad7fe54ad65510daeb662194e980b4711bce18ab7a7df5951ea45df8280c2939a30,RAIN,DAYLIGHT,WET,IMPROPER LANE USAGE,2.0,26.0,2.0,2.0
143300ad2da5f455f565dd72b4d8208a6f36dcb03e546616d93f9fe89773b428e60b4337b52fb5ad39d723713c56ae7d757a021b72c02da2f98e3662cc719a37,CLEAR,DAYLIGHT,DRY,DRIVING SKILLS/KNOWLEDGE/EXPERIENCE,2.0,33.0,2.0,2.0
14332c599fad9fc2e0b13d18eb6af5cafb08fc1688e6bb2b9f49a661f1e9eb24c11230ac6edf1c1e875af205c594d4ad8de1049dcc2b6bc73580b72029b8818b,CLEAR,DAYLIGHT,UNKNOWN,DRIVING SKILLS/KNOWLEDGE/EXPERIENCE,2.0,37.5,4.0,4.0
14338367787a92de72b6ff4542ebb7b7263145bb7b49a660a32325647e83e3bc14d45a9ee71f19a37fc8e22a8b153b1d6eb00ec79f9f71c9c03d424609919893,RAIN,DAYLIGHT,WET,DRIVING ON WRONG SIDE/WRONG WAY,2.0,32.0,2.0,2.0
1433955bf998371cc21e7e2024878061b6c69b660939d6e1caf3eef3df2b51322ba66bcf5b5629141101026e821c8a845f2f4b973001cb6b85122e6cb7f6bbaf,CLEAR,DAYLIGHT,DRY,DRIVING SKILLS/KNOWLEDGE/EXPERIENCE,2.0,30.0,2.0,2.0
14339b744eed9d1ef17ab7e24a4611938405b990080dcaacc8b4d41e99f05c20e1291d36187412e16a1e66458bf1bed6e3edc53cfcdca4e6e558b9212c417b1e,CLEAR,DAYLIGHT,DRY,IMPROPER BACKING,1.0,58.0,1.0,1.0
1433bf2dfc09a30a8f4e36b546661b9cb310f9c0d019d7e7cd9a386e2fcdac344de24bb3c12463df7ef1b4dec9ae084b25987b4709f65e93e528bc3fe6158c25,CLEAR,"DARKNESS, LIGHTED ROAD",DRY,FAILING TO YIELD RIGHT-OF-WAY,2.0,25.5,2.0,2.0
1433c298d1fee1f0407aab9aae92e168801ba1bf4024275768defbbe291047aad69d67eec3c426cbf23bcbbe578e094e2d21a8447debabdc3fe331440946f1fa,CLEAR,DAYLIGHT,DRY,FAILING TO YIELD RIGHT-OF-WAY,2.0,33.0,2.0,2.0
1433dd0974086e53321a6b2208ad76518d1282f7c4cd0bc0f61c08a535c97f548c8f530bd79d09b037944735aa10d1b3ca49145372438a7fdf84313dc19b835f,CLEAR,DAYLIGHT,DRY,IMPROPER LANE USAGE,2.0,37.5,1.0,1.0
14344a45e6e480197c527e7a843ebee22789aeac842b34795d7d704bf534b9b9ab25187fa7ce25c1b440f42cdcccd5b7c3584b8160864a5b9ec995f24e56ee30,CLEAR,DARKNESS,DRY,TURNING RIGHT ON RED,2.0,34.5,2.0,2.0
14346a1ba390e2b045043d97d0bfcf6cf57a1d6970202725eaf4104752d00089df00ab77b5bafad0be1a46d5972137d1184f5dced2dadeaafe6fc64b1157e916,CLEAR,DAYLIGHT,DRY,IMPROPER LANE USAGE,2.0,0.0,1.0,1.0
143474051c338a510d80fbf59a1f3e04f2d418d02833d11037327fe540ef2f1ac7b2c6d96e957f97af1f9248e0a4a094b549e4208c4b7d93d1e6f35b2ea3817f,CLEAR,DAYLIGHT,DRY,DRIVING SKILLS/KNOWLEDGE/EXPERIENCE,2.0,65.33333333333333,3.0,3.0
143489be400ac079fdb034ed1340cb88e741538c295ce4b2bc72c9f8af293972f90ba9d82b1db5c3b927f3c0ae2912381f242b3d268457ab0cfa5b529d0d9280,CLEAR,"DARKNESS, LIGHTED ROAD",DRY,"EVASIVE ACTION DUE TO ANIMAL, OBJECT, NONMOTORIST",2.0,35.0,1.0,1.0
143499d302eaeebec13ac485e97a1e9205a6782d5700d0766ccfa88d74f4aaa5509f9bf2cc354713dade8d5bd3f6423f2dab5c673b734e44c9eefe68c7dc9559,CLEAR,DUSK,DRY,IMPROPER LANE USAGE,3.0,33.333333333333336,3.0,3.0
1434b9301861fbf621cd49bb20fa51007940d8186b0aee8a68434f096666565d239dc69245d178e7ef85cabdb385e1aee59bd7650c77e913c8a2b4c7578bd141,CLEAR,DAYLIGHT,DRY,IMPROPER LANE USAGE,2.0,12.5,2.0,2.0
1434bc586f4720042c6819c0d7910616facc6f0df20be082f680351144d75795409252353c5e766c4d26792c114080433d017fd28b14f88c12ca9d3c932c1754,CLEAR,DAWN,DRY,DRIVING SKILLS/KNOWLEDGE/EXPERIENCE,2.0,37.5,2.0,2.0
1434bf7a496d324ee9b0762f4435abe1bca6433979320ebd78a8d223351d47acaefebf43bbab9122b09e8efe1004cdbade272f96012ef4036df1fe48dfcd476c,CLOUDY/OVERCAST,DAYLIGHT,WET,DISTRACTION - FROM INSIDE VEHICLE,2.0,41.5,3.0,3.0
1434caa9f9ab432e2d10ac2f49626fd8b8b97ec98b89e955cac9b17de2264bf14e50d178fb308b0c2351a647d32df585fe03e4f4c91112c8d4eaae6b643b2ceb,CLEAR,"DARKNESS, LIGHTED ROAD",DRY,"OPERATING VEHICLE IN ERRATIC, RECKLESS, CARELESS, NEGLIGENT OR AGGRESSIVE MANNER",2.0,49.0,2.0,2.0
14356f55771a7682e5051bce809fda17b9110cdfac235b7efa1c6de553fd20b09afa76b74dff65b34a85d264b315963fb1aff43055764e34bb70c76336d159b6,CLEAR,DAYLIGHT,DRY,FAILING TO REDUCE SPEED TO AVOID CRASH,2.0,24.5,2.0,2.0
14357c7d02dd556c587c8036606ec4e28b032be94d318badb25d095f594624619b62adfe04765ae8a3ac884d7168cf9298bc18f4165dd68c1513fd52943a3ffe,CLEAR,DAYLIGHT,DRY,FOLLOWING TOO CLOSELY,3.0,44.0,4.0,4.0
143587064a4002afd9d1e3e8574949aba52591cc2325d83a1eb434f19eb06428eac63e18466a2cfc39459668774ade2316c6798496d39b3b12bc0d6f60adacea,CLEAR,DAYLIGHT,DRY,FOLLOWING TOO CLOSELY,3.0,41.0,3.0,3.0
1435a75849e26e23cc1a393856e20c3ade6298a47368c000d3ffffbb042738dbfbb98b3e848a76e13c34d960e3a13f8709212aec8989b8caa49ef7988b0ee0f9,CLEAR,DAYLIGHT,DRY,DISREGARDING TRAFFIC SIGNALS,1.0,61.0,2.0,2.0
1435b9567fab72b05967b7e9c2d1590d032327c7a3fa9638fc4d16c706f7b78dd045ed579109e5ed9273489c3464e2162b93998a115735492345ffa57802dba1,CLEAR,"DARKNESS, LIGHTED ROAD",DRY,FOLLOWING TOO CLOSELY,2.0,37.0,2.0,2.0
1435fb7b93f9d82553c2f23d4ae96bdef6f771e7618cdcdd875fabc9bc6714d0ce7a41e2b3da1a352eadbe4436f8ea73b6657a0a773ec56917daab450c962bcc,CLEAR,"DARKNESS, LIGHTED ROAD",DRY,IMPROPER OVERTAKING/PASSING,2.0,23.0,2.0,2.0
143612856be71b9dbf79d1e00d20951110b384e3a072839342290f2bd5ae6c366d2a61dcf718c4f1a0b1778c2060a2ad855cd6ac2af6b3d04443b831a3e5b451,CLEAR,DAYLIGHT,DRY,DRIVING SKILLS/KNOWLEDGE/EXPERIENCE,2.0,35.0,1.0,1.0
14361fc885d3c2cb6259c17c8f8ed3fc6fa5832b578eaebbd5a8135af2bf508ddd36bedc0c812ffffa34cb416afd46569b0aee090427a1952f1c88e698735c91,CLEAR,DAYLIGHT,DRY,FOLLOWING TOO CLOSELY,2.0,51.0,2.0,2.0
1436426a9e0d05ccbeeafb3bc6051c276d574069397e1043f5d4081d873917811917bd44ec3fead7bc5a45a6e85534804bae354a70b3396d3c4d612f596e3087,CLEAR,DAYLIGHT,DRY,FAILING TO YIELD RIGHT-OF-WAY,2.0,36.0,4.0,4.0
14367528e5deb54b53e0da2a06862537d25b06510735ff74d6fed5184dcf2c1f5ab6ebfd170beac8766bd3abfdfd1f41c24ccf5f171f08df77f957c5dd5c4ac3,CLOUDY/OVERCAST,DAYLIGHT,DRY,FOLLOWING TOO CLOSELY,2.0,37.5,2.0,2.0
1437334f56ee3b07c609ba3ba410a68cfbf204381a25996b97a159295814064e9b3129552974bdfaf048009f01598f50e26db4d1c9e66118ff45a084350f64ba,CLEAR,DAYLIGHT,DRY,FOLLOWING TOO CLOSELY,2.0,35.0,2.0,2.0
1437a7d7abd40dead227c250bfbcfd2715aef2592dc41664931fb281004b738cf5b7ea6afdefa057b6b3671a08c645b9fd143542671da3e8eb0b54002a818d6e,CLEAR,DAYLIGHT,WET,DRIVING SKILLS/KNOWLEDGE/EXPERIENCE,2.0,37.5,1.0,1.0
1437a8a3edd976c262d88cd1b234bf59f8345b0503126ec2c7eff83c9d243de62e756ecb723f1264930f286254ead278842fb5fc4ce4b45cd22e9a1fff8ee401,CLEAR,DAYLIGHT,DRY,IMPROPER BACKING,2.0,33.0,2.0,2.0
143811aecc0fa64e458ab96ecac1246667632928531e765536ce5050fa45f7155803d32bc0bcf302074fa5a1c8e0090383b7ff0603f8f2e530d970db7241572d,CLEAR,DAYLIGHT,DRY,FAILING TO YIELD RIGHT-OF-WAY,2.0,32.5,2.0,2.0
143824071aedd64bd790800b806080be51b9ac31ef2280e81c6747e6f6e14fd6f9a97631622ca015c7c438bcb83a9be9507db00024e2578d64c675fb0df11e61,SNOW,DAYLIGHT,SNOW OR SLUSH,FOLLOWING TOO CLOSELY,2.0,61.5,2.0,2.0
1438412fd0dcc5436e87364612fb49431d2a4f7cb86522b4108c4b75d02ef5b39dd568d67e978972e7e7a5270a96a7fdc4953bb4b0f8b793ad88e93450e48ee4,CLEAR,DAYLIGHT,DRY,FOLLOWING TOO CLOSELY,2.0,43.0,2.0,2.0
14385f240b47c77ed3f56a8d475ab918dd37ea41621eeb5d9cce9f4677fc8afa8909e319e2438ab5d9cfa99ac9e47e9ec13a1ed353c17ed7a8b57027ae51a0b3,CLEAR,DAYLIGHT,DRY,FAILING TO YIELD RIGHT-OF-WAY,2.0,47.0,2.0,2.0
14386daec6219c6032b71612b28f0e4cd38e2898f39aae84deeb4efaf165253548cb27cb90088b2d4f9d3e484aa1e7f5076969da4d3b8137a43a3dc94536ac19,CLEAR,"DARKNESS, LIGHTED ROAD",DRY,IMPROPER TURNING/NO SIGNAL,2.0,42.5,2.0,2.0
1438c41197173a1fc2140ac1621980b041b5bf423ee8456e8922aea833c5a93549e8f103b84ba319af5501ddffb78ec98dd37cb3b8d2359a52b440029078b37d,RAIN,"DARKNESS, LIGHTED ROAD",WET,WEATHER,2.0,60.0,1.0,1.0
1438e9876ee862750a6042e4170cba735a294d5f0b6b119a8bf24c329d68edebeb66a9e984532645b4130f5560dd9ab916085082cfb62222f4f9d93f200aaf37,CLEAR,"DARKNESS, LIGHTED ROAD",DRY,FAILING TO YIELD RIGHT-OF-WAY,3.0,59.0,4.0,4.0
1439042a801819197033bf4fa38f3ecc4802d59ed114bfb937b6c034562ffc34658a30701c7080c9ca362193c3fa54fa259cb19840dbcb6e2e31040e5723551a,CLEAR,"DARKNESS, LIGHTED ROAD",DRY,FOLLOWING TOO CLOSELY,3.0,44.333333333333336,3.0,3.0
143908c8f43599d3e3c7c8b9211dd640952f34259de01b9b0f2479a436025f4d7d332123e835a94e8e49717d4d8c37f4c24ca7a15a0ffebe9e9b9b10a1d47260,CLEAR,"DARKNESS, LIGHTED ROAD",DRY,FAILING TO REDUCE SPEED TO AVOID CRASH,1.0,25.0,1.0,1.0
14393440bde6e4c18202b8c19892bd93eda7f41772edec5bcc8750131c91b2f8bf14dc00c70a31841597a04b212be8702b9ddd2880793408a2e87bf5fb79ffbf,CLEAR,DAYLIGHT,DRY,IMPROPER TURNING/NO SIGNAL,1.0,37.5,1.0,1.0
14397bb33f368f2fa9ae0e21beccc68c1c787825b61db8b4e3500ff2b8ef4b8b0712737cb053aefb92d1cf814d2d6244e2ca7b94c6e2674bc993c693f4c16393,RAIN,"DARKNESS, LIGHTED ROAD",WET,FOLLOWING TOO CLOSELY,2.0,42.0,2.0,2.0
143985ffbc3f126277a7652a883c9fdcc6822a6a2b47f6a6a7cec76bf7a6b2cba5d1af667846dd8fb64515bb30468782ee73a6ad3eeb4a15017aed2691ca347d,CLEAR,DAYLIGHT,DRY,FOLLOWING TOO CLOSELY,2.0,54.0,4.0,4.0
143987a50806abd849a5c944892fd4acace39dd3be163806148a2bb50fed1a3e0c812f1c7a206cd35b31da2aa6901dfda761ef2421e2eca3408f6134dc77db0b,CLEAR,DARKNESS,DRY,FOLLOWING TOO CLOSELY,2.0,33.0,2.0,2.0
14399e683d1ddec4bfbb46d6e01b07f556616258a74975fdbd384dc0516dda7afb2752ac361e77047b40de652cce24368c002f51aacd2225e95201056da5ce3e,CLEAR,"DARKNESS, LIGHTED ROAD",UNKNOWN,FAILING TO YIELD RIGHT-OF-WAY,2.0,41.0,2.0,2.0
1439a4e24df8aa719a33076557eecaf6b1c02f14f2a8eef9a3266dd8d7620b3e0b2556bd42e876f4ffd1676c71727efbc9b42e277d4348f089e09d24196b6d74,CLEAR,DAYLIGHT,DRY,FAILING TO REDUCE SPEED TO AVOID CRASH,2.0,37.0,2.0,2.0
1439dad94a832fafc87ea1048fb8d02ae10d0ec5f8decbca8a28fcdc88e7339c139c8a623ae9debc8cca2961abfaff198015732621e9e98aeb257cc55b630090,CLEAR,DARKNESS,DRY,DISREGARDING STOP SIGN,1.0,23.0,2.0,2.0
143a45d9fdb9d78505ea7d76922373a4ee2ea2fd3531776c7908892262b0445d35c38633fcf75da9ab501bb07fb4e4ee0faa0840f73a6363dbd38288ac8a1eb6,CLEAR,"DARKNESS, LIGHTED ROAD",DRY,FAILING TO REDUCE SPEED TO AVOID CRASH,3.0,33.0,3.0,3.0
143a4b52bf45f1ef8488f28fdfccde96127d05536896c987da47abf87da77781fdb1a0561f5d0e3642978966250d7938a7e67cec012e7120a84aa815e4d17215,SNOW,DAYLIGHT,SNOW OR SLUSH,"OPERATING VEHICLE IN ERRATIC, RECKLESS, CARELESS, NEGLIGENT OR AGGRESSIVE MANNER",2.0,37.5,2.0,2.0
143a58c2e3f3185c2c16d9879454d5563ce6deabfcab846ca74bb5081e4399bf31b45dd791e8c69da90bffe5726d7affba170957ddd7b53b72dd090f984b91ce,CLEAR,DAYLIGHT,DRY,IMPROPER BACKING,2.0,37.5,1.0,1.0
143a71fbe021a0f73c98fa272c440f438acf1d88dcd88ce8804b0408e46723dbce77ff78a58ee97c394356f2e76ac97c0a4800af46025171b99270cf34017b81,RAIN,UNKNOWN,WET,IMPROPER TURNING/NO SIGNAL,2.0,58.5,2.0,2.0
143a7e4ac637a81b487d1300b817ab8fc4fbf0842e29ad09fc7e88537f02dd83298c29412e4395dfac3b240a1e482122fc0fc1a8963be76afb1fe9442294f483,CLEAR,DAYLIGHT,DRY,IMPROPER BACKING,2.0,37.5,1.0,1.0
143ad629523efb75dbe8a324255d0447bb9f47171932b40125d2a2aa61de819d8e2683e4573aa05f814e8753376071f10daaafd1dca951524be5362827974759,CLEAR,DAYLIGHT,DRY,FAILING TO YIELD RIGHT-OF-WAY,2.0,37.5,1.0,1.0
143b14b68d1445cf05d09d922e9204f38b9968e3ce9f53290f7d46446bc99b864857b3d7ea2f55cb18e94ed37fc14f0b7b02e1392bce964b16511ef28072a05b,CLEAR,DAYLIGHT,DRY,IMPROPER BACKING,2.0,28.5,3.0,3.0
143b37d824905f40314d85dbc32b4fecdcf26be11ac2cf048eaf3c805a361eeceebbc78e2160330d8fe76e6a1d6c1b24fc7c2c4201c72d9822ea6b4ead1276d5,CLEAR,DAYLIGHT,DRY,DRIVING ON WRONG SIDE/WRONG WAY,2.0,36.5,2.0,2.0
143b554c3033589001765cd5a83d515b36f3ab981fc16c05fc1dc7040478ec522d67e4a2bc851ef0f5e31a754527d320cd2b32005b2a8052cbd603b6e6524be6,CLEAR,DAYLIGHT,WET,FOLLOWING TOO CLOSELY,2.0,33.0,2.0,2.0
143b6b4efddf2e3bf5b1d992ea37956f0ec646557e6a104cd67b80949c0c9229e5e82864b1e74b75e683a460992af39345f0d3f393eaa1259d08d70d4287acde,CLEAR,DAYLIGHT,DRY,DISREGARDING STOP SIGN,2.0,67.0,2.0,2.0
143ba3234624a83f9edb3de5860afc617714a2d4db94936f59b2db310086866bbd51ec8f01f40568c629b3ff4b991dd32241f1edd27df1230f18a814a4d63fef,CLEAR,"DARKNESS, LIGHTED ROAD",DRY,FOLLOWING TOO CLOSELY,2.0,20.0,2.0,2.0
143bab829b918f25625962fe7b90b5048e38b143808c19b324ebb34f69fd3c607b5e30957598a4b077a1cf16522e10b543b7029b7d97bd84f3a03bc93e312478,CLEAR,DAYLIGHT,DRY,FAILING TO YIELD RIGHT-OF-WAY,2.0,24.5,2.0,2.0
143bb0ae62ec40aa7890caa1858724b1dfb97c7a918b221bc03cef2fb7fa721af2ab6d89ffdd607b1b0bf9a0eef437284f68df04905df3e63a44a501860da57f,CLEAR,DAWN,WET,IMPROPER OVERTAKING/PASSING,2.0,43.666666666666664,3.0,3.0
143bc307c5a8e4188be1b171fa99603bcab748eb13aa0681698a6422082c6acd2b732087c026df2775516e82f77edb909bb0a03f297eedb4b79cb303e15e096b,CLEAR,DAYLIGHT,DRY,FOLLOWING TOO CLOSELY,2.0,26.666666666666668,3.0,3.0
143be5b86cbe1e074f3af88379bf6ea936f50f518d4b89bb12688875b8c40767f427b40fd1de74ca945edd344e8eac2a7eafa26e119b1aa7c9a7dc03f5e348bb,CLEAR,DAYLIGHT,DRY,FAILING TO YIELD RIGHT-OF-WAY,2.0,35.5,3.0,3.0
143c57b3449659d16a6b7b6b78ab9ecb4fe42d0d0885bc7ab17e994b0374b2e08a72b70a3f96204dd144fe486473dc343483b2c7a6c698ae95728b7e1642345f,CLEAR,DAYLIGHT,DRY,FAILING TO YIELD RIGHT-OF-WAY,2.0,28.0,2.0,2.0
143c9de86350889af82dc4ba070cf43382f514ef5f31c3cee3e4e4c08cbac7882569bf454eea5d1e94e6028c0e069000ed58e0319b3dde5cb0f5ea58fdcffcd1,CLEAR,"DARKNESS, LIGHTED ROAD",WET,FOLLOWING TOO CLOSELY,2.0,41.0,2.0,2.0
143cab8fad3aef6c1d86bf9ed83da5f53a5c984298ce296ca51cee22db7efb9fb45bb431206198cbf085c28046d06a919a3dafd7cdccd6e8f952cb493da52706,CLEAR,DAYLIGHT,DRY,FAILING TO REDUCE SPEED TO AVOID CRASH,4.0,21.0,1.0,1.0
143cf54b102385f19a547e4e02dbdecf1489642826983b7f819be009ccd73fcd39216cf56c1cb69484bc9b847ba8215db2276a555e9f77d5127cd7d9f3b734f0,CLOUDY/OVERCAST,DAYLIGHT,DRY,IMPROPER TURNING/NO SIGNAL,2.0,22.0,2.0,2.0
143d0c02f2ac3292f11e13b82789431115a5f757122d148568a8653b804438cf490e67f1a7d21c94e1fef62256e42ba608ca2cecad54e68845a906b6cdd9e92b,CLEAR,"DARKNESS, LIGHTED ROAD",DRY,DRIVING SKILLS/KNOWLEDGE/EXPERIENCE,3.0,63.0,1.0,1.0