crash_record_id,weather_condition,lighting_condition,roadway_surface_cond,prim_contributory_cause,total_vehicles,avg_driver_age,total_people,total_injured
143d14fefd1b0df4d088aed24011418b7f3c44c6ffff58a642058c7c6c2ddace91bffe45e1b16ffb77d8c65a07bb42f508e3bf887eaa3248a9d01a9168d5f33d,CLEAR,DAYLIGHT,DRY,IMPROPER BACKING,2.0,55.0,2.0,2.0
143d3de8f1ed61797bb575cf9ed327f04e5db524221f722ef15a82e7ec771694b36292fc9a51383c85f0e2a879f0914e0a4eefc2f22d3fe0f2fe969f76000c56,CLOUDY/OVERCAST,DAYLIGHT,DRY,FAILING TO REDUCE SPEED TO AVOID CRASH,2.0,47.0,2.0,2.0
143d496ab6d65e18924d218fb1ded6fffaee9b68f06dc97a0901999208e990d99993ea6b47c04339926b618138b5118b93a835ed047ad24e19d0fbcf7448bc8f,CLEAR,DAYLIGHT,DRY,FAILING TO REDUCE SPEED TO AVOID CRASH,2.0,45.0,2.0,2.0
143d62f6730816d330097326e96213a4474d693e92996c1a4f4c35e5545e9138e79c700bbb1683079c61c8cc1eddf362f96ee087f89dc3f326d13ff5382591da,CLEAR,"DARKNESS, LIGHTED ROAD",DRY,FAILING TO YIELD RIGHT-OF-WAY,2.0,25.0,2.0,2.0
143d63b477004ef5969db8a65b533a2854d001c08dda98aa2bbd2940d14a8fdae54c650040e8fa8bc16101d26d80e2e0236d1ba134050eec78457ef165305d25,CLEAR,DAYLIGHT,DRY,FAILING TO YIELD RIGHT-OF-WAY,2.0,53.5,2.0,2.0
143d688707df1f7687fe347403f27006acc7ed2b42f5fc9c8c41a635f2c35bc6c59461faf161e6df8f55b37bce288cbd8d830215665306dabf36451d4e0381e9,CLEAR,DAYLIGHT,DRY,IMPROPER LANE USAGE,2.0,44.5,2.0,2.0
143d7024b83acbeef26f6538bef04d8de4f8655d4bee3bc22ffb11a8283587265a9d6430dfa038bc708e63522c174db2f47860c2ec4814b1c73d8e5eef147282,RAIN,DAYLIGHT,WET,FAILING TO YIELD RIGHT-OF-WAY,2.0,47.0,2.0,2.0
143d739523bdaf4ed30d4bf3502e3d5b953b7ad4461d6747a84a4cdb267c122ea2d373a9ba6763833d8b4e979fc03da4313553ef577d695027d8421639506be0,CLEAR,"DARKNESS, LIGHTED ROAD",DRY,UNDER THE INFLUENCE OF ALCOHOL/DRUGS (USE WHEN ARREST IS EFFECTED),1.0,34.0,1.0,1.0
143de42cc84443b385faccd1614c031ac9090bced4e1dd9a5bea61ed90ee7811ee9d50f9b566d776bf4dffeba0cb12b5adcad5264ac41a5b03232d6473d34e2b,CLEAR,"DARKNESS, LIGHTED ROAD",DRY,PHYSICAL CONDITION OF DRIVER,2.0,21.0,1.0,1.0
143dfa1e2fc791a15977b859d6b50461abbebfb46f5ffd36a2d1284b78c3a4ba02b3597fd573039c2cfb3e5a865001e726956e09c507e24837b020bf641859a5,RAIN,DUSK,WET,FOLLOWING TOO CLOSELY,3.0,36.333333333333336,3.0,3.0
143e141bf17761849d6392af34a3152d41e845b8f8f217e140d14e619dea95dbbbade2e321665deb115052e75b31cf0d3990bcb52ee11bc6d850eb3c430aaba1,CLEAR,DAYLIGHT,DRY,FAILING TO YIELD RIGHT-OF-WAY,2.0,37.5,3.0,3.0
143e1de3ae97f3cb28028427d2558f40604ed5ddd1da2a7312e1d40f6467d5a46b50e8d46ac4c31f1cb792a2f18b361faa7aa6379f79f3ee4bac525b4b08a3e0,CLEAR,"DARKNESS, LIGHTED ROAD",DRY,IMPROPER TURNING/NO SIGNAL,2.0,32.5,4.0,4.0
143e2d0428406f6c6d3b308c1e07b00e90a491745f15f7ba3213393dca844fc9dc97a8167efe4a337bf87c83b9a65056203f93195a41fb15c5f956fae9e147c9,CLEAR,"DARKNESS, LIGHTED ROAD",DRY,FOLLOWING TOO CLOSELY,2.0,14.666666666666666,5.0,5.0
143e5edeee5c7f30a9847b9c4902df1aa4d37eaf56ed2ddd05699bb12275e8629fbdacb78c413073ec121453dfb5fc921ef113d3bfbd4ee37d67fa8e1e629752,CLOUDY/OVERCAST,DAYLIGHT,WET,FOLLOWING TOO CLOSELY,2.0,22.0,2.0,2.0
143e6f3efd2e56f6414006173a9f2b37de97cd77208b81976b809d247204862ee1aa739ee95b4ed2caf4e8021c9cb02f97071969ea8ec5071edc48f6136aa975,UNKNOWN,UNKNOWN,UNKNOWN,DRIVING SKILLS/KNOWLEDGE/EXPERIENCE,2.0,45.0,1.0,1.0
143e809cda2aa9cb205dd44060cf3877affbd97946387e7741d41c725249d8dfb93c7f876cdd269aefcbf8c597aac0c91a2cbb1b992376640301aebac9c8df87,CLEAR,DAYLIGHT,DRY,FAILING TO YIELD RIGHT-OF-WAY,2.0,51.0,2.0,2.0
143ea7702c1156a9060f83694a761a7a6ca06e1e6f6e357b1c4681867fa583718b8281e4792c3bfb234248b10e57af0a719488946a43510c121f7cee414c966d,CLEAR,DAYLIGHT,DRY,UNDER THE INFLUENCE OF ALCOHOL/DRUGS (USE WHEN ARREST IS EFFECTED),2.0,54.5,3.0,3.0
143efdc7a7c9df7297e5be9b2f80e609fbff0f115ae78bdb9bb3fddafd7d94d84ad285e9d286fe0a4108104c53bdad6225fdf12fa79a5ee17bd17c3c4724209a,CLEAR,DUSK,DRY,IMPROPER OVERTAKING/PASSING,2.0,39.5,2.0,2.0
143f342098989b2afca3aa894fc4e193b3d63b6d07051793f0a3f546524336417e00f3c38ffa4d9534bee285ce0d84263fae96917fbcf74a37e1bb92b8a6d5b4,CLEAR,DAYLIGHT,DRY,IMPROPER BACKING,2.0,40.0,2.0,2.0
143f995bdf6655366e2bab7766547713a1335aa2366c1322d7fc218b50ef9489e00d71c699f60a279af5fad33c388d88f67d92ef8e3bc9bd71f734ea28824ace,RAIN,DAWN,WET,IMPROPER TURNING/NO SIGNAL,2.0,56.0,3.0,3.0
143fa16c35cad1c51db80dd1f3a66eab35c039ee5719be2ff2cef72be27be1912c86906ae3038ded819d6118287e5320a69b12539fae8b25fa89a19c0abe01df,RAIN,"DARKNESS, LIGHTED ROAD",WET,DISREGARDING ROAD MARKINGS,2.0,30.0,2.0,2.0
143fafb0eeead5d322b713b5d728aa542a9cc1cd573ba95dd1569a6a99c19e0bd71addb39b733610e94c4cc2febc192a44a82272c3e1461932cb67c9d7650987,CLEAR,DAYLIGHT,DRY,FAILING TO REDUCE SPEED TO AVOID CRASH,3.0,19.5,2.0,2.0
143fc26668a82e9a74317414d30dfd3d5f2a5f6132a23e1289dca873436600bd024806e7a07aef684491f20286bf55e6b788037d88287647caf4bd7aa57fb71e,CLEAR,DAYLIGHT,DRY,IMPROPER TURNING/NO SIGNAL,2.0,36.0,5.0,5.0
143fc5e0111cbd49d661b58442cc1eda4f33aff460f672cf3eef6857b9e23693fe2b3ba1c37bfe13608c8fc7306f2f0de05cd6eeee852c535d12ed17357c6d6a,CLEAR,DAYLIGHT,DRY,FOLLOWING TOO CLOSELY,2.0,28.0,2.0,2.0
143ff7176ad071e3715136e2b06a29bd7a7d91bc480aba3c206856582231228e08e13bfa78edda9fe10bf56358d2eaf3fc6f20eed349aecfce83d5c1f09bc000,CLEAR,DARKNESS,DRY,FOLLOWING TOO CLOSELY,2.0,31.0,2.0,2.0
144004c51dea311f5a430ce973f64383599f4d273b23c25ed5ea86846848e1f8e402762fd9501f1940d39d5b0a29f90774d61346be87140d89232bd3f32a4f13,CLEAR,DAYLIGHT,DRY,IMPROPER OVERTAKING/PASSING,2.0,46.0,2.0,2.0
14402a96701e49a7fae3827509b1a16844b57764796bcb6305a09769aab0ed2f22c3fe5cf2e79d24556201b78bbcaf338c8c55805891e4a3c79d4797767f14c7,CLEAR,DAYLIGHT,DRY,FAILING TO YIELD RIGHT-OF-WAY,1.0,66.0,2.0,2.0
14404134a6c2abfeca9e56633318077526952faa74e6771cc3dceeed0e80c6320ba29fdfce45dfee3edf8e77c01ab61bbd0fb5a14da7c9bea66ce10d476c49c1,CLEAR,"DARKNESS, LIGHTED ROAD",DRY,IMPROPER BACKING,1.0,47.5,2.0,2.0
144060bf3f2c5bdf3b288a6e7f8b71c8ff56026c1e734e09385e345a75489391455a07b0f2b04756a53b19e80f9ee52ce0bfd559598744a61b672e1cc8f95f90,CLEAR,DAYLIGHT,DRY,FAILING TO REDUCE SPEED TO AVOID CRASH,2.0,36.0,3.0,3.0
144076bba11dad4baaa0f87bffa345de89756a2b01fe34e572915ac0ec335fe161d016444ad79d40b532cfeaaecaedd06981c48af2bbb99d9f311fffe607d8f8,CLEAR,DAYLIGHT,DRY,FAILING TO YIELD RIGHT-OF-WAY,1.0,20.333333333333332,3.0,3.0
1440920aa88d3e5d40a268da0465b8586446a9cc227bc5db85edc6033c27219ded911dbc38765a58e49bb19a633e4aecb2f988da447d9f82bd1778244b44c8e3,CLEAR,DAYLIGHT,DRY,IMPROPER TURNING/NO SIGNAL,2.0,42.0,2.0,2.0
1440945f94b4dd08f906da4a524d1359deb05f398b93eff068a937d5a729718ad21c6f480d91400b986fecbe40645574107d497797013d4da72c0844d9b310df,CLEAR,DAYLIGHT,DRY,DISTRACTION - FROM OUTSIDE VEHICLE,2.0,29.0,2.0,2.0
14409c8c37509c7f6ea94014ad9442522f31851ea12c977401d84b3433b3a379966e0d360aa0b213bf27a3cbcba8830350fab6ec66cb781d14b09fdcd51f4103,CLEAR,"DARKNESS, LIGHTED ROAD",DRY,"VISION OBSCURED (SIGNS, TREE LIMBS, BUILDINGS, ETC.)",2.0,31.0,2.0,2.0
1440b9750085663e582afba1347469d13f0e3e69cbfe51fa38a9625230eeb6903baa2bdd08c09258605d5ee39e9434fc110f156ebe6eb43a7ff3bfede140a1af,CLEAR,DARKNESS,DRY,FAILING TO REDUCE SPEED TO AVOID CRASH,2.0,37.5,1.0,1.0
1440f2b890e32d805b0aad1e6575514b61f4fe4162bf5eb987d533b1e31a25cd6df4ad4d2d31d54e62d02492f58bf304d746dcc35b0488cf924e0dca6f163aff,CLEAR,DAYLIGHT,DRY,FAILING TO YIELD RIGHT-OF-WAY,2.0,60.666666666666664,3.0,3.0
14410a56586555aa584e376280eb381592e5bb1c95f81c51918b395fc0f1ab1a4728bf3bd513dac1d6c56ad2fdf3b39bc66082ea99c3cf3d55db2b4ec2dccc24,CLEAR,DAYLIGHT,DRY,IMPROPER BACKING,2.0,56.0,2.0,2.0
1441287d2493af6a2d2267dd11edfd5a7256abcd8b50bc133e8eb0a47a59903121495feee6ba7f83d52f2eff6e98c8fbfa69fcfd3a10cde2d61c8096202c867e,CLEAR,DAYLIGHT,DRY,IMPROPER OVERTAKING/PASSING,2.0,75.0,2.0,2.0
14418b51e8c6298485b46b45494595bb2d3167dc0a9abb8acbbf7f7a93e199897b0e5db2e3dd35729451ed1eccc3cfb7b29756277a7a78234d68db2fa9c1988e,CLEAR,"DARKNESS, LIGHTED ROAD",DRY,FOLLOWING TOO CLOSELY,2.0,47.5,2.0,2.0
1441a8627225f9cf16e117fa81bcfbeeb901698e6e4fede1fa7532accf331df71dbd7eea5bf116b57980c132877997e50ed64068bfb5bc01a43463fc4edc775a,CLEAR,DAYLIGHT,DRY,FAILING TO YIELD RIGHT-OF-WAY,2.0,55.0,2.0,2.0
1441eed8529ec1a83c6f4c6447af4a8c23f995c79c88c69526e83968558f971e7a3b1a7e9403d20b60ec23065013e13cc696937594f11c1e00191cfdc8a501a2,CLEAR,DAYLIGHT,DRY,DISREGARDING TRAFFIC SIGNALS,2.0,34.5,2.0,2.0
14420c80f27334fbca4ad051e796ff5f2a9ac8f6d09e15f83c722368052192e3a8a66dec70fe630cdc33c1fe857e81db46bef131b7f92054de7114828cedb7ad,CLEAR,"DARKNESS, LIGHTED ROAD",DRY,IMPROPER BACKING,2.0,37.5,1.0,1.0
1442312dc92fe634c05db8bad18404a1d8e2f151dece20f5ceed3ccc0b809b59ed73c98302c99fceb8ea2d59843d94ed0cc0cf85ce0e5c8d2510b6b7a482a500,CLEAR,DAYLIGHT,WET,DISREGARDING STOP SIGN,2.0,21.0,2.0,2.0
14425982c619a2c7a8981d4976be150d5c9f1c2cef6d29a21e5249ae4711016279014fd0f18d45dfa80b24746cc61fd966fb3eeb125853289609984fb9e1b5ff,CLEAR,DAYLIGHT,DRY,FOLLOWING TOO CLOSELY,3.0,42.5,4.0,4.0
14425d448f70335724a34f067292489d3ad20747e549e08acd4bde5d0569bffb2fad1f776a28e455004c021b5ca8d0c9f6a3698ebd325ca096c6f575c3d185db,CLEAR,DAYLIGHT,DRY,IMPROPER BACKING,2.0,36.0,2.0,2.0
144287aae4013dafa115a307fdef08ce3c96e6fd67933a699673b9b943725f11fe4c431375115a8506bf372cc53d5d41a07af0dd010d49575aa77bac2346733d,CLEAR,DAYLIGHT,DRY,IMPROPER OVERTAKING/PASSING,2.0,35.0,3.0,3.0
14429d787ea5449b1a28992a30624ce481de5bf39116dc31c6612b811decadb4ca2e16f07a513d6097e2766055f00980920c72cb87fd443118fedd535aa3a772,CLEAR,"DARKNESS, LIGHTED ROAD",DRY,IMPROPER TURNING/NO SIGNAL,2.0,60.0,2.0,2.0
1442c16083c797ab541089ef34d3157f7907c92f088db4627eede7ff6078655157083635538689e83c38142bcc69cde0c6af67eccc4c3b39e48907793e0d79de,RAIN,"DARKNESS, LIGHTED ROAD",WET,IMPROPER LANE USAGE,2.0,37.5,1.0,0.0
1442e06c328174d3859309861cce9ec011e59f56272717b162ee0327da8a6016cebf56e459a36cbfef418ff45815d4e9f0dfa2640de64c1bf39822c8033c98bc,RAIN,DAYLIGHT,WET,FAILING TO YIELD RIGHT-OF-WAY,2.0,55.5,2.0,2.0
1443112b6d26be3610816b6023abedcc33b2472676031ae1386b7be46c21dd0f0800218c074ee81274d80983967d90f360a1ef1c86b8bb82e3e3cb3079ed0321,CLEAR,"DARKNESS, LIGHTED ROAD",ICE,WEATHER,2.0,20.0,1.0,1.0
14431fa8f42f705995c8ffca0a938b31f294642f1dce4961f38c585c57990f23f5517eecf1832c43847c7b7612eebc01ca5bcf34ee5f741bfe0dd685f0eba295,CLEAR,DAYLIGHT,DRY,DRIVING SKILLS/KNOWLEDGE/EXPERIENCE,2.0,37.5,2.0,2.0
14432124d5427bfa510c1d8d455221eb8d127742d2f3f1731ed9273ebf2ba289453915ab614da1d6f4702fa143639045df7b8fae0aff975916c5bf0c0a1dc472,UNKNOWN,UNKNOWN,UNKNOWN,FAILING TO REDUCE SPEED TO AVOID CRASH,2.0,53.5,3.0,3.0
144330e921d704af1368d1d006efd6c27a667e5420024e7ea250ebbb8c97a8e0c9a7121e7204655f7dad8d1a2b8e565d8417c28d4da14c57de8625bce4f4456c,CLEAR,DAYLIGHT,DRY,FAILING TO YIELD RIGHT-OF-WAY,2.0,52.5,2.0,2.0
144330f58b0a9e460576e432fab37d52102e06798654434165ef333bc1f6133c93dd77d355bdbaa18a94d3db23b0e52460fed25283d39e9c9aa14300c52f3568,CLEAR,"DARKNESS, LIGHTED ROAD",DRY,DRIVING SKILLS/KNOWLEDGE/EXPERIENCE,2.0,37.5,1.0,1.0
144331cc5237356d1005dbb72c5fc76536a139305c8beef3c675672ac1489a71e704f1c4c6bd22688398a3096bc51fa8e74d27bc98d1631943d2a20db268cfef,SNOW,DUSK,WET,FOLLOWING TOO CLOSELY,2.0,55.0,3.0,3.0
1443341da03929b335c60e9fb339a22c8820ba5e41c92fb4f5b3a54ac37e9167b6290cdb8e000e909393fb6090a2277a49aad11bb9f7a8dc234f3edb456294c6,CLEAR,DARKNESS,DRY,DISTRACTION - FROM INSIDE VEHICLE,2.0,30.0,4.0,4.0
14433a10177dc2b3ea2505cc73786d331fa0aef1557995b8e5559abddb67dfe1832c8eb18d3dc4a3b09fd5884af3c5804c25d01cda8c678661d30178f26df7f4,RAIN,DAYLIGHT,WET,IMPROPER LANE USAGE,2.0,27.0,2.0,2.0
14436347821c87dbbb3bde0b3a2e592c55dd4311728f463920ad9f4bcadda10902fc150dfa1c3ca87f7ca009ad44b05fb69efba29cf871f2a5755a2fb569285d,CLEAR,DAYLIGHT,DRY,IMPROPER TURNING/NO SIGNAL,2.0,19.0,3.0,3.0
1443a3a8454e917130cdf952af068fdbb8b4f18f29c55682c8ce516b97001dac3fb9490c9323ac69687d3e9f95cc65e0f5d49b9697841c2f265001b07ec55276,CLEAR,DAYLIGHT,DRY,IMPROPER LANE USAGE,2.0,21.333333333333332,6.0,6.0
1443a9c888c6ffb764224fee5cf1edb1a07daa4625ef6833b78b2fe5bf83ecb298c950e4020ad10fbc2f15c0eab9cc3adfabf10490fd32b607d5c2932de5c05a,CLEAR,DAYLIGHT,DRY,IMPROPER BACKING,2.0,33.0,1.0,1.0
1443fb5a266d37872875f6682ee3ae81b3b8a0d2a2ea1994f8b24069b871817aa59620b1b0ef98ac2103bd72ccfab8457c466e3db1b1721249cedfd8027f21fa,SNOW,"DARKNESS, LIGHTED ROAD",SNOW OR SLUSH,IMPROPER TURNING/NO SIGNAL,2.0,22.0,2.0,2.0
144458cea4cecef0819c14adb54de152c2eeb05071ecce9dcd47423872fac62b31c05cd79abb8f677314f0d63631cba6475e90fcb5ed01f5ecabdd9258a91b7f,CLEAR,"DARKNESS, LIGHTED ROAD",DRY,"VISION OBSCURED (SIGNS, TREE LIMBS, BUILDINGS, ETC.)",1.0,61.5,2.0,2.0
14448ed93c9dac3bd2db7b2b2b918dd81c342b7fba34217aa32ab81ba2600009f828ddcf32980643733777ff106a8a37d08efa2dc9429783ab04ac96f917b5ac,RAIN,DAYLIGHT,DRY,IMPROPER BACKING,1.0,30.0,1.0,1.0
144490eeb1f65d732f546f86900f3700c4d7db3279dbe9278086a2bf8337e845e7aba64a1079307d8c1448466076526e7b8571692207226de4b9b6619ad56187,CLEAR,DAYLIGHT,DRY,FAILING TO YIELD RIGHT-OF-WAY,2.0,43.0,2.0,2.0
1444975330822a27b573b6c7155152dffd6d3ee8454cf11b55575f6f364b9faad99ab112e6a3180a619c9d70ea533eb90535992411e2040f9f314db2f5a5e9b8,CLEAR,"DARKNESS, LIGHTED ROAD",UNKNOWN,IMPROPER TURNING/NO SIGNAL,2.0,37.0,3.0,3.0
1444b905d8be5b8b3dd05d6622cd9fec149cf0fc514277f1d7729ead9d72e924eadc202735f2e30bb76f2d16fa2d08584c5cc08fd3162e4ab65343e7942a6b82,CLEAR,DAYLIGHT,DRY,DRIVING SKILLS/KNOWLEDGE/EXPERIENCE,2.0,29.0,1.0,1.0
1444c5ccc11ea78e0024f1b9a62b188975d102021e584a6c43b7ad74662256644b745eea0e5679a02b767ed95f106f1d767b043c244835d66dc9333a26e35350,CLEAR,DAYLIGHT,DRY,IMPROPER LANE USAGE,2.0,50.0,2.0,2.0
1444db0ca04eca6be53559f6dbccbb466c1a334537510e0020194b1f3a36bd4a81ee9bb6cc0406dc3588855f32753b0ce8064ec530f8960b6377e2b636311a4d,CLEAR,DAYLIGHT,DRY,PHYSICAL CONDITION OF DRIVER,2.0,19.0,1.0,1.0
1444e32d64bb4057db0f66faf868bfc12881efc1ac02762095242c68bc6db8b01278d531c143b639815a614540360a644a9491728f9cc0a571712068d5e5df2b,CLEAR,DAYLIGHT,DRY,FOLLOWING TOO CLOSELY,1.0,66.0,1.0,1.0
1444f1b98187b221d13914c46806553843a2ca43c2ef36aa8f6458dcb378b19349d16a6c4015d888cf1fa012cd9a270c2355c44191af8343634f87e981d637f1,CLEAR,DAYLIGHT,DRY,ROAD CONSTRUCTION/MAINTENANCE,3.0,44.666666666666664,3.0,3.0
1445141a8d4d966fbf96c3baaf8a9f2ec285f8d3217c18465a4ac23ac011d492a85562bcacbadb8faa11607c111f3e942b5f22ee1e1f4dd7db38997e86d1b12f,CLEAR,DAYLIGHT,DRY,FAILING TO REDUCE SPEED TO AVOID CRASH,2.0,38.5,2.0,2.0
14451f53978bcdbc1800d378facf1c8a3c9819d122e7d4da4ef80e0736fefd599fb262d23e69f3a79955e91ccd56e5808a449f35262744bf3e1ccf0d299b332f,CLEAR,"DARKNESS, LIGHTED ROAD",DRY,DISREGARDING STOP SIGN,3.0,53.5,3.0,3.0
14452d5d8ae34eac617479b3e167cff55cfe93fe2f4c45f7018116e528dbab3d9badfab685d17af39ccaf378a384ff164294ed39a01261b765fe9c2fd63554ae,CLEAR,DAYLIGHT,DRY,IMPROPER BACKING,2.0,37.5,4.0,4.0
14454b2208b9ff50ac49cf18e2d30e9904c94dfdf688f937842312487f3761e1337280ded97ebbac01d91c559abd811467ac00cd8585a3097caa601efa609272,CLEAR,DAYLIGHT,DRY,UNDER THE INFLUENCE OF ALCOHOL/DRUGS (USE WHEN ARREST IS EFFECTED),2.0,53.5,2.0,2.0
1445918955bcd02f005b7745a4f5d4177b27e7f7031c1895f0b5ca14437fa60d587a187c9d311182262a0d99f9f5b402d141048527305b5bb46dc85c00d50688,CLEAR,DARKNESS,DRY,IMPROPER LANE USAGE,2.0,22.0,1.0,1.0
14459939ce53b7a419a1ea890ad176636f6e11c6dd0a7c988c5ca18f50507c7fccce72bdd2a1c9a397da29bce6295014358b4cbd7becfc4c74d8283ee0c407e9,CLEAR,DUSK,DRY,IMPROPER LANE USAGE,2.0,25.0,2.0,2.0
1445cdb9d9303acdf8ee3917621ceeec6f85d57d9dafb652a7a2824f04c2e3a95f5bcf5cdd93374c451759245640b3cbd6d2f72318a1a6749aad20491d8b1479,CLEAR,DAYLIGHT,DRY,FAILING TO YIELD RIGHT-OF-WAY,2.0,36.0,3.0,3.0
1445e9736c3cf2ec7fec3f99194d3af85d8e10db52c253af79bac42b6776d00bea69266e2e87f8658412665ffa599775290620cd9c879e1d6f7ae1216504745f,CLEAR,"DARKNESS, LIGHTED ROAD",DRY,IMPROPER LANE USAGE,2.0,34.0,2.0,2.0
1445f68d3ae31b57f38b9af31a25af7a14f7a3a34aa0489559f751c39199308324e26010b457a5622d4290edf39ec480fb12b157aac1b62a4f0439d8e241f708,CLEAR,DAYLIGHT,DRY,FAILING TO YIELD RIGHT-OF-WAY,2.0,41.0,2.0,2.0
1445fc64126ca184ac5805fd7ab1e4bcfd0ba4d3dcb1eb199d1b0c3b7924e4117c86897ecb320aa042c43d813a11ba50179fca6b68ecc80bbde76e6fe1b3a24d,CLEAR,DAYLIGHT,DRY,FOLLOWING TOO CLOSELY,2.0,25.5,4.0,4.0
1445fe0317f394871cb051db3dc2c4a6e007731b4b6f7203d95e0d8a8d18da1340afde1a8b12eaeafdf210f6223df6fa9cf3fa9509192ef9bceb11b029b00f27,CLEAR,"DARKNESS, LIGHTED ROAD",DRY,DISREGARDING TRAFFIC SIGNALS,4.0,42.166666666666664,6.0,6.0
14460f00722ab864a36e31b3d6bf73f72c98e411da704756c939dec51be0eba803d228dfef08d658aa1021147242d3c6daa6e2b2900ec629835fd0362fc8fe36,CLEAR,DAYLIGHT,DRY,IMPROPER BACKING,2.0,0.0,1.0,1.0
144629792734bb15bd1d11e471f6ff0a121df49967e49383ca84c4731d927fa65e29fff281c960d2a71c904c9055d68e8e4a18c58a5a9f5dd40e389183131302,CLEAR,"DARKNESS, LIGHTED ROAD",DRY,FAILING TO YIELD RIGHT-OF-WAY,2.0,27.5,2.0,2.0
14462fa710e81d3610bfa0e17b960ae28b3e60a09b94ac96875a2a9af9494ba053f58405a8e11d416e0bd0d8d171c4cef97a6c2437dfa4fb9d9b07b8b6b06d3c,CLEAR,DAYLIGHT,DRY,IMPROPER BACKING,2.0,37.5,1.0,1.0
1446384af6a7d0728231ea4986102d412a60a429a7635274db57c2f5a58c78907b7be030455c0f1a6a55ef261af0b5c997b24ae5ff99b8cacf6f0483a5a112d2,CLEAR,DAYLIGHT,DRY,FAILING TO YIELD RIGHT-OF-WAY,4.0,40.5,5.0,5.0
14466abd3034cc28d2cd46f80a27c30f9ac4cf43baf37f17ed528edc4e185eda1d1d13d71fbb09ef05c4ffd996e28fbeb5a2b414344a4f01f9550640d5b41b89,CLEAR,"DARKNESS, LIGHTED ROAD",DRY,IMPROPER LANE USAGE,2.0,37.5,1.0,1.0
14467b9f7628f7beb7a29bcbbd6c1f4f25eff34dbb5e7037152b06936e7ad816b6c6c0cbe68f5c14bc9f0c7c2340caabefd938336e6e4d3307e5f28cb5a6cec4,CLEAR,DAYLIGHT,UNKNOWN,DISREGARDING STOP SIGN,2.0,32.0,3.0,3.0
1446947b10cb66fe991fd5bd9840902f80d07986ec02b2477d3c35bbb8e2ba8ba78eecd6e233e08e864c45f52e5afb64eab349e1025c7c429cc1fad16abbcd20,CLEAR,DAYLIGHT,DRY,"OPERATING VEHICLE IN ERRATIC, RECKLESS, CARELESS, NEGLIGENT OR AGGRESSIVE MANNER",2.0,45.0,2.0,2.0
1446a3c0af97dd267b266d698a2f730c6f2d96abe0106eddf00c2eb801dfb1bea4823781c37daa75cba0111a435373c0075ea97f82d2ec06e838a4fd36344e35,CLEAR,DAYLIGHT,DRY,FOLLOWING TOO CLOSELY,3.0,48.5,4.0,4.0
1446c5f5d9ff6b69267bb185e282355554c9d96856e12436f22336a5d870dc2ede764a16c939fe09d640e9d448048bc02c090b45ca2a0c8150ed0c5f359987e1,CLEAR,DAYLIGHT,DRY,FOLLOWING TOO CLOSELY,2.0,63.0,1.0,1.0
1447001f1068fa2adc23d5ee67eb5f8f38ea5993380e366b2365ef661b0772e912e9a3fcb34215977a8565be6604482fea9a790b43fbb03f2deb99ec54988a04,CLEAR,DAYLIGHT,DRY,FAILING TO YIELD RIGHT-OF-WAY,2.0,29.0,3.0,3.0
144704db5f720eb2cadda712873dd42f9e4d54975fb071fa03d0c283648ef910a9658d1f58284ae6e1560db55d503542059a04712660119ee1c9d97f1a323ad2,CLEAR,DAYLIGHT,DRY,FAILING TO YIELD RIGHT-OF-WAY,1.0,24.0,2.0,2.0
14470afee7a2a9d087bdfacce5debcea27f793cf06963a3497ca9d86d93d902c439d842b945169ec21e3da70d2f8d863535c3ac76845d3867f83c2754e7de1e5,CLEAR,DAYLIGHT,UNKNOWN,DISTRACTION - FROM OUTSIDE VEHICLE,2.0,53.0,1.0,1.0
144765307056c3f3ed476552dbc50b88873958fb08f1ace556b0d9e6fadff856b2de2ffe6e9829cb895e86c76c459186fef5bfaff99be324cde7cfb5b5e52aa6,RAIN,DAYLIGHT,WET,WEATHER,3.0,41.666666666666664,3.0,3.0
144791ac0be645ab407a07c5f81d5b5bd422ea83cc5c989fcbd6105049919f0eb93401bc0fcc906092bcdade22fb4112c6c5e2248c761779a5858b20e1c999f5,CLEAR,"DARKNESS, LIGHTED ROAD",DRY,DISTRACTION - FROM OUTSIDE VEHICLE,2.0,24.0,3.0,3.0
144795d61b9b2bcf643044b3a61048580c9761347e1eb8d95fcae51495bbb397c341d5458f59cde36f61831a972230b09f3ffa639c687f97d1c229cbab610391,CLEAR,DAYLIGHT,DRY,FOLLOWING TOO CLOSELY,2.0,43.333333333333336,3.0,3.0
1447c6103c7422a8264fa0ca0a4c01ff058d443f00e9e12118efbda8463449bad1dbffe17eed8d68f90c84ffe645820fe74cc10ffd3aaa956c986041d7518408,CLEAR,DAYLIGHT,DRY,FOLLOWING TOO CLOSELY,2.0,30.0,2.0,2.0
14481187f022cc3b1b6e487c23fcdbf66062fd384a56a83fb58c2d669a906519239c3a7ac23c1c4f320283ff501151fbc81ff3a4c63f29b97dd236a197d0aa8f,CLEAR,DUSK,DRY,FOLLOWING TOO CLOSELY,2.0,58.0,2.0,2.0