crash_record_id,weather_condition,lighting_condition,roadway_surface_cond,prim_contributory_cause,total_vehicles,avg_driver_age,total_people,total_injured
1448262bf0c52a6777ca58f11182c4fa5ca890122803527b9ac2707a10c3f022a7372fcd0ab47d9ee190df317e5b971c14b3a01e43530b8106829b9368b52db8,CLEAR,DAYLIGHT,DRY,FOLLOWING TOO CLOSELY,2.0,62.0,2.0,2.0
14483e24f0ca633bfe7c0a2d9e019de2277ab60b1257a685b1e59f15e56061bc4c6b5682c3100ec4bf84e661f4af70b936ccd5d127513925c1da796cdb303814,CLOUDY/OVERCAST,"DARKNESS, LIGHTED ROAD",DRY,"VISION OBSCURED (SIGNS, TREE LIMBS, BUILDINGS, ETC.)",2.0,30.0,5.0,5.0
14485889ae1192179343b6e97c64eed2878527f5efe0e11a5502d61141eec5c376612049b89059a62f848c9a2e6e794678000316a3e4dddf4fda046c0484e8d7,CLEAR,DAYLIGHT,DRY,"VISION OBSCURED (SIGNS, TREE LIMBS, BUILDINGS, ETC.)",2.0,40.0,2.0,2.0
1448a968678e7959b8c9339bb26793af71da7841a74c3fa0466ff1d10dbf8a49ddafd6b591e60c5c5cb7b2808eaeca272d378ac95ebd72155659e909ddbe573d,CLEAR,DAYLIGHT,DRY,FAILING TO YIELD RIGHT-OF-WAY,2.0,27.0,3.0,3.0
1448ad87b2d169069035d1bd5c2aefa2dde410649c0091a339cda07aea50089cfd5829ae6b94224032aa71dd7f217bd4ed4298e6ec49a267206c748e1a1bc67f,UNKNOWN,UNKNOWN,UNKNOWN,FOLLOWING TOO CLOSELY,2.0,24.0,3.0,3.0
1448b72e379edd1ada663f7affa97b7c29f056535f9568f180100c7167867fed728193f4e54b59e6a4ed97b92d82d427879875ba06481e7defe91f75c296ad6d,CLEAR,DAYLIGHT,DRY,IMPROPER BACKING,2.0,27.5,2.0,2.0
14490222d3b7fbe7d23f923d640266a0fc0c8c9c9faedd20991abe46cfa0748240855bc3249a5cac885c9da6b5522af4b82d6731ceafd95edea792451100e1ba,RAIN,DAYLIGHT,WET,DRIVING SKILLS/KNOWLEDGE/EXPERIENCE,2.0,41.5,2.0,2.0
144909ed3d672b545499cefa4283f40d188a23533cffe9e84402105fd535b4d4e8b5a6ae6634b8f9b91d976fd3c8ceeeb57f7a4989ddf15b099ad4eb1277f98d,CLEAR,DAYLIGHT,UNKNOWN,FAILING TO YIELD RIGHT-OF-WAY,2.0,28.5,3.0,3.0
14490a0e1f65d392e0edb01db75b87e73ee5ee30be10085af6bc24799a159610c4153b9a56eb1c7ac5008e7cbafbcda2e5e5c7ad7f9a74195a320659350cfaed,CLOUDY/OVERCAST,DAYLIGHT,SNOW OR SLUSH,"VISION OBSCURED (SIGNS, TREE LIMBS, BUILDINGS, ETC.)",1.0,44.0,1.0,1.0
14490b42fb83b3f8f420ed1afdf1ac03d368f7575d931c3a3f58a4134756b4b8a517934f22a9f90dbbfa1c1aba28196ebb2412e22944be63fb94bfcd572e2e7a,CLEAR,DAYLIGHT,DRY,DRIVING SKILLS/KNOWLEDGE/EXPERIENCE,2.0,33.0,2.0,2.0
14490e31997a54e608dfca777192c4ba402eb3bf3b1161f49de7180768c7fe87436441021e07481958febc7e9e97a495e21bc5341b1919dc1fb5d9e1a0b5ae9e,CLEAR,"DARKNESS, LIGHTED ROAD",WET,FOLLOWING TOO CLOSELY,2.0,64.5,2.0,2.0
14491d094bcd29baf0e2b18416f8658d1ff1d5070a5aabc4ddce2be4a144a167a6a6ed712354dac1cf910914965081929b921810f3fa7c92ea6d9531cb3d970d,CLEAR,DAYLIGHT,ICE,WEATHER,3.0,43.0,3.0,3.0
1449217b5f8508c1d227b5d8babbad2ac6ed91c3cb2325db89b86aa52abb61bf66ee7a4dced48c544b0dbd99d949199011a943f1d96bf70ea93b78e8b7b19922,RAIN,DAYLIGHT,WET,FOLLOWING TOO CLOSELY,2.0,27.0,2.0,2.0
144928fd1da6002744a3d6dc74b05770f690fed0d359ce6806b427ae17ac0d17ee5f6fe524cc15121da17ed1c841b0af7ff0df8ba91ca34a23e645b67b833210,CLEAR,DUSK,DRY,PHYSICAL CONDITION OF DRIVER,2.0,26.5,5.0,5.0
144930d06f6995d9bf1b72fb0e4b43c54d928ce14c99bff8c1866418b46dc6ccf7c90b4ed6c6ece3edff5831e880bc87c0f4443a4935161504d0db7cd0ce1219,CLEAR,DAYLIGHT,DRY,FAILING TO YIELD RIGHT-OF-WAY,2.0,59.0,2.0,2.0
14493f51d6c1901b69281904257326facf618896e86bc4c8424faaf3bdda8675321bc9478d49396917f8ad6d671a4c8ce02a22fcc0de1c935650b10576f80d14,CLEAR,DAYLIGHT,DRY,TURNING RIGHT ON RED,2.0,49.0,2.0,2.0
144953b8f4c76db3d2a50986aa4bc6bf24b612c4e1eb1bfa39c63e3686608327d1d3be69508810d5893853acef35963532838537b4562d04ae107505b852177f,CLEAR,"DARKNESS, LIGHTED ROAD",DRY,UNDER THE INFLUENCE OF ALCOHOL/DRUGS (USE WHEN ARREST IS EFFECTED),3.0,29.25,4.0,4.0
144960078ade39b5c26df14bce5f8d39d1be8534a4b212b411d6c2461fec09a4d4fe3cd21729b040e84775d1e9d2323897fa8abb7e82ce5614912dd67ef6ff45,CLEAR,DAYLIGHT,DRY,IMPROPER TURNING/NO SIGNAL,2.0,41.0,2.0,2.0
144962065f14e3d235f02804ec41e1b192240e949308cfe565e519b17ab0aaf148d8bc9c01d92bef167219913f106dc061cf709191316f68f45bf6b5a6b6bf81,CLOUDY/OVERCAST,DAYLIGHT,WET,ROAD ENGINEERING/SURFACE/MARKING DEFECTS,1.0,37.5,1.0,1.0
14497ab15f9da8205cea08a109ff990bdb79e13cdda04249130c7e4f5bdf1648ada10f44964d278c3d034ddeb15d4f2958733c4c27b67f0c61d0e274ed27ef00,BLOWING SNOW,"DARKNESS, LIGHTED ROAD",SNOW OR SLUSH,FAILING TO YIELD RIGHT-OF-WAY,2.0,40.2,5.0,5.0
144988d089caf3848c62c0d8c97ecf7978769f4abb70c301b16dd6695d63a4c8ee9420f546e27fb66e6f9c8ef5e8c17bfd6e0131573349428a16b985b12a103c,RAIN,DAYLIGHT,WET,IMPROPER OVERTAKING/PASSING,2.0,32.0,1.0,1.0
14498958629efb6aad03c603fc1d708349edd1f93fb301799fc79826a317d410bf93f3ac0eeb28cdc32ba5dd6e690ba844c765399c5d206a046232ad47f50d69,CLEAR,DAYLIGHT,DRY,FOLLOWING TOO CLOSELY,2.0,26.0,2.0,2.0
1449a1c398656b8a3196728fc7c3118c0aee1309fc9ab58bbfcb7a41c776fc4b59592a3c12f34195a7ba0ab015954b19e0871a0969c29168ad4571a7a7eef51a,CLEAR,DAYLIGHT,DRY,FOLLOWING TOO CLOSELY,2.0,37.5,2.0,2.0
1449a6ffd0783586f6f3db11ee5f3dc61a61de22ee36a747cd510a4c279298a8b923b0887bd7f6c451f0213f2ea68cfaf1f8a46518543787667c70f0f09f557c,CLEAR,DAYLIGHT,DRY,DISREGARDING OTHER TRAFFIC SIGNS,2.0,42.0,3.0,3.0
1449d140ff64e71c3d3b4eac912f4fae7e7266ca13f3cf854127b6974673a39b91ffb5f7b14ffe65c8c6f632d62e26e3dff20a6ce7b79fda738e12a2cd9fe1ed,CLEAR,DAYLIGHT,DRY,FAILING TO YIELD RIGHT-OF-WAY,2.0,32.0,1.0,1.0
144a122341e656ac61e5b83a2fbd3ea3d309c6024133930a98fdb98b3ffc06195ad06dac7b65b8dc1e0a116eda9833dcbdfe8614c5e183d10ac538c85990573d,CLEAR,"DARKNESS, LIGHTED ROAD",DRY,DISREGARDING TRAFFIC SIGNALS,3.0,30.5,2.0,2.0
144a2479e47367346bc92316251d54347a0ff3aa690de61cf7aa2dd47bedf582ae0432ba7d95ccf90f5a74154f75ae3cc3df6aa55d4e328c412b667371501003,CLEAR,DAYLIGHT,DRY,PHYSICAL CONDITION OF DRIVER,1.0,65.0,1.0,1.0
144a2bc313bddaf83e3f932d15fa3b1885a1796e2a2c53530ec1ca035f1a3ebf40b0adfe3aea0e6f9a62c858c05bd32a3725b846baf2a4c0f3809cb0e5d9cb96,CLEAR,DAYLIGHT,DRY,IMPROPER BACKING,2.0,46.0,1.0,1.0
144a300540bbf4c0d8369169436fc67ccabab5159f48fc8e48440b036b6b777cd42395848dbec02e138e097883a04e9a7c091fc9db54df8e9f9408751022fa3b,CLEAR,DAYLIGHT,OTHER,IMPROPER LANE USAGE,2.0,39.0,2.0,2.0
144a38eb6082e2a8313720a5785af6619dadba570679547434412e1d6ceda11bb05dfc4b0a0812b3863481702312dbcffbba8ee543efee6dd4dc2c5bd80bdc9a,CLEAR,DAYLIGHT,DRY,DRIVING SKILLS/KNOWLEDGE/EXPERIENCE,2.0,37.5,1.0,1.0
144a55bda7109fa0cacf6f6731a21aa77dcd4673122c88aba56271e1e34426a1c0f581091405be13d34911205ff3a66fb3000aa9d85b04bada2b9998ccdc782e,CLEAR,DAYLIGHT,DRY,"OPERATING VEHICLE IN ERRATIC, RECKLESS, CARELESS, NEGLIGENT OR AGGRESSIVE MANNER",2.0,67.0,1.0,1.0
144a68b96e83a9b6a915f1c62e0632f8b845b62f56ac35389771683d8755f63e34af66552770aa2123b011aa6025385dc29efa488c83bd51cf768918571867c7,CLEAR,"DARKNESS, LIGHTED ROAD",DRY,IMPROPER BACKING,2.0,24.0,2.0,2.0
144a6d21d7615d7a68bd06188f45e01c9cca347a8880f20835951ba00c80b0a59f24502e53a9f59dba46df141adff38e9bd4842b9369613874160f2ee848644d,CLEAR,DAYLIGHT,DRY,DRIVING SKILLS/KNOWLEDGE/EXPERIENCE,2.0,45.0,1.0,1.0
144abbd3b21c067a3e1869918c409475e52fb1402c9a3007308744b0384ab397f70846d5b40ae23e8e05898d8c9e43e54dbc2ccc45c843e2c3b224db0c146ab1,CLOUDY/OVERCAST,DAYLIGHT,WET,IMPROPER OVERTAKING/PASSING,2.0,36.5,2.0,2.0
144b160f460a1158588d8a7f6e3758a1d3248bfb8b9d2baceeb6f74126ffe6419f22b73da5d5aacd2ce7dc96d3acbec502d32e2b482bb544debf8ff399626edd,CLEAR,DAYLIGHT,DRY,FAILING TO REDUCE SPEED TO AVOID CRASH,2.0,37.5,1.0,1.0
144b7bd7fc26f90dcb88428dda3ffddb7d4866ca640168c2113f3bc153ed51a621f6f59b2be3088e6b3409235e03860067b63a013c1b9f3a4ae9fed7e8d8322e,CLEAR,DAYLIGHT,DRY,IMPROPER LANE USAGE,2.0,35.5,2.0,2.0
144bc185babc149a21e50fdd16bc81dc450d2e940ad47391683cad6af064f1f2a597edc2a02126aa797c9507e612f568b8a7e4b8ba7f8e12b3379f69b2b75155,RAIN,DAYLIGHT,WET,FAILING TO YIELD RIGHT-OF-WAY,2.0,35.5,2.0,2.0
144bdcfbd2b633be8d6384483ad00d166b75d023784631a96544ad6ed5ef8a8450973cbfc08064eccc99a398164c99581b30b7685c762e3f01dc3f7127ce1682,CLEAR,"DARKNESS, LIGHTED ROAD",DRY,IMPROPER OVERTAKING/PASSING,2.0,23.0,2.0,2.0
144c3b33a329257996b18ce48919d87eb1cb3a8488472aa34853f6e2d65cf69dc154d888efac645cea11630b788aac06876a8383c9d3a25ecc9f966154192aca,SNOW,"DARKNESS, LIGHTED ROAD",SNOW OR SLUSH,IMPROPER LANE USAGE,2.0,20.0,2.0,2.0
144c3d4eaadf95350abece3748c4cb9be6425f3659ea66ed26f3903f686de9d8d713ea9f73b21ee5b5fb51f99c697b0692223b3f346d5bb12437eeb59cd73a49,SNOW,"DARKNESS, LIGHTED ROAD",WET,IMPROPER OVERTAKING/PASSING,2.0,32.0,2.0,2.0
144c8a4a51ead9e82af4b7e35c17952a8d2a2debddedca2df35b653b444f7411fe4a098fc2b535ed641fd6453e62016fbf918aafc9fb7c864651cdba2ba9d944,RAIN,"DARKNESS, LIGHTED ROAD",WET,DRIVING ON WRONG SIDE/WRONG WAY,3.0,62.0,2.0,2.0
144cbe9d4bd9ba61427ec753ff8eadf46ee09df8576ae05cd3f762628407176cb8d5f02d4dda3f82043061a122f1b263986677083e4848ebf773bf0e10f5c4b5,SNOW,DAYLIGHT,WET,FAILING TO YIELD RIGHT-OF-WAY,2.0,31.0,2.0,2.0
144cebb8da58543b97476f179ea7fa99d751dfa3f887e7dce33b60a173e4bdc6697170fc572ffa4bfcb9c710b45773fbc911608b214dde8fb7258a099b117911,CLEAR,DAYLIGHT,SNOW OR SLUSH,DISREGARDING OTHER TRAFFIC SIGNS,2.0,29.0,2.0,2.0
144d5725312ab48809d16194886e5196ad78d16b16814591d7b321aa896f3ed6e42b88bcf7c9ee4dca5694eb17fd05e9033d5a8744b3de5543ea2c0beec37324,CLEAR,DARKNESS,DRY,FAILING TO YIELD RIGHT-OF-WAY,2.0,57.5,2.0,2.0
144d664391045704d9503a93dc34ab60702c733a1abf2408ed2859c8d681dfec6e8d7feda72acd9ac4d26a86be704449865711e28f7d829bf6d3adc68f6516ca,CLEAR,"DARKNESS, LIGHTED ROAD",DRY,FAILING TO REDUCE SPEED TO AVOID CRASH,2.0,28.666666666666668,3.0,3.0
144d6cc19a0483cb8f5e4aec601a81f3d63e32edef535de6053748e322ccddbfe36b795c374ad749bed5767fdbc0d4da7c47fcd7c7ada22950123b12bbe42506,CLEAR,DAYLIGHT,DRY,IMPROPER OVERTAKING/PASSING,2.0,41.333333333333336,4.0,4.0
144d74a88181eec23844011de04be5da2841bb4312087e12dbb6a607a75d0302e0fc48a3a6750c421a390da156e6c00941b68d3014d16c82aa06676556918748,CLEAR,DAYLIGHT,DRY,FAILING TO YIELD RIGHT-OF-WAY,2.0,39.0,3.0,3.0
144d9d5050c707afdbfeda2398351a5e32a40eceb8a89b4763f9e6d5ef327a7ff3ef3225c5ba57e58ba7b190619020e358203a069a5e9dc28d26906bc565d8d1,CLEAR,DAYLIGHT,DRY,FAILING TO REDUCE SPEED TO AVOID CRASH,2.0,39.0,2.0,2.0
144d9f3d98ca9a50fabb1f7fb10a7173f7c0c1601eb1401fd72032ae86209724ffe554aa8b6573e6b3361bb83543ba19c97c87d8b3875250b060aaeeb35fb778,CLEAR,DAYLIGHT,DRY,EQUIPMENT - VEHICLE CONDITION,4.0,47.0,1.0,1.0
144dade294f51717a8a67575963146fc3d773d1a70b087fee3c8a8541af62dd445752795ef6f39ad86b8a6cde89b37ab178f09650281f39a8728b04925743dfe,CLEAR,DAYLIGHT,DRY,IMPROPER TURNING/NO SIGNAL,2.0,48.0,3.0,3.0
144db58495f4515642bdb9d154bd2962b3fb6734ac56454a07ff29ed39920ea8a278b4146e87fcf3fd37216a42ff0fbb95c49e165540ef8e99b8ce208e28577c,UNKNOWN,UNKNOWN,UNKNOWN,FAILING TO REDUCE SPEED TO AVOID CRASH,2.0,37.5,1.0,1.0
144dbcd72797941f5d24276e4f200ca4337b471fae7acbd5f02f5cdb42f534c330333182d729a6a9677cfb900d3f248289fc596e4f2503a5d39b43c897e98d99,CLEAR,DAYLIGHT,DRY,FOLLOWING TOO CLOSELY,2.0,56.0,2.0,2.0
144e19840a2e1c4acf3274b1f67be57a6e5216b0616f514b8d5d31c34b607636dee369c56336ccf159b495452ce6d7a6140a7f9027fbd2422d2e3495d6ea3c33,CLEAR,DAWN,DRY,FOLLOWING TOO CLOSELY,2.0,45.0,2.0,2.0
144e5c59f9e4a55c20bfc4e00a580b6d89aead7d02d011eaaecd416135fe9bb2e914b3f0187b66850d687ba1161545a72a9e2ba6284b2fcbbdf3c919a4e07029,CLEAR,DUSK,DRY,"EVASIVE ACTION DUE TO ANIMAL, OBJECT, NONMOTORIST",1.0,21.0,2.0,2.0
144e8528dd118a23ab51a11bf1d17e3d4ea10ec038847e0be529a84426f9f1ace26bcacc7cee2d9e919f86bde28a7b587dfab3704db5707111fd713b28adfee1,CLEAR,DAYLIGHT,DRY,FOLLOWING TOO CLOSELY,2.0,25.0,2.0,2.0
144eb351e901e2c173e9cb9c6d8a06ac070eca93379fc62f5f7fbdc060d23c706339a8fa0271cc6927d935c75555ee7e1daebb7b53ae6462dd82fc405220fc21,CLEAR,"DARKNESS, LIGHTED ROAD",WET,IMPROPER OVERTAKING/PASSING,2.0,34.0,1.0,1.0
144ee7461d38f25cfebc09494228345efcd3caa5ee4955c986f3321cb6e779f4bc9f779791f96b26f00fce38399c2ae3052044f9c29f964b3634b79c636928cd,CLEAR,DARKNESS,UNKNOWN,IMPROPER TURNING/NO SIGNAL,2.0,18.0,3.0,3.0
144f0b7a4c09a10bc97bf918356a361f43505e239062af6d1108ae2365d94a7adb3a1e30add35557edb0481106c894aed28e224e3bcb02d2f43cc0542c20568b,CLEAR,DAYLIGHT,DRY,IMPROPER BACKING,2.0,66.0,1.0,1.0
144f84f2a3e0ab7a76d1b80af168e7280343f548de7778b255649a1db20eb7e5052c9573f0951087ff15bb4180cb9cf35036d34b70754ef629db8c0269525f1e,RAIN,"DARKNESS, LIGHTED ROAD",WET,IMPROPER TURNING/NO SIGNAL,2.0,27.0,2.0,2.0
144f953c27cc54ad37afb1ec432d5177c8bd269d68123e8d6809198a162832d95fbf69cc65a5469c9a56451868fdcfde0d7e6e407525d025476cd71beb3159e5,CLEAR,DAYLIGHT,OTHER,DRIVING SKILLS/KNOWLEDGE/EXPERIENCE,2.0,65.5,2.0,2.0
144fa6e9c83cfaa9195fbeed64b6283a76e71ca352456af32e66fb71461c69b7c92e49290922fb8240f500a88e26911ba0d9ce80c3f63aa672dad69ef65e885a,CLEAR,DAYLIGHT,DRY,FAILING TO YIELD RIGHT-OF-WAY,2.0,28.5,2.0,2.0
144fa8e82f9e171407694c0227d4eb023fef9197c2f4e9df3eeb760f8967d455ba4af5f0b13b92b7c40b269db79b4ad07ec280540cbc97e24d6bf395973c04af,CLEAR,DUSK,SNOW OR SLUSH,FOLLOWING TOO CLOSELY,2.0,37.5,2.0,2.0
144fc66fe1e62461ee3bb71ac18372ff1836802f5ce2d9975782cd3cba10c1c54f5f07efe814b900e816ccbf860014cde678a2914f5076cd2913f3e16143d848,CLEAR,DAYLIGHT,DRY,FAILING TO YIELD RIGHT-OF-WAY,2.0,50.5,2.0,2.0
144fccf40969b689c68c4a50f3f52185b9e2f480521c9bc42f131f2ca01f4c726bd51b7d6ba4a65a778bd74f106fa74e30c71d8941b74d47eea61b6fb66258ab,CLEAR,"DARKNESS, LIGHTED ROAD",DRY,IMPROPER OVERTAKING/PASSING,2.0,37.5,1.0,1.0
144fe144a95a10c221e77d07bf150bcf31efca28dbbfa3dff39a05e3f0b13b18b6977805855d24962638e138eefcdb7e20d98f49176b064c194d6c7437d97d7e,CLEAR,"DARKNESS, LIGHTED ROAD",DRY,DISREGARDING STOP SIGN,2.0,26.0,2.0,2.0
14501947622b36a4d4f73f0272d13e060709ba8feb9cd796008c570c8cadebdd62591ee342795ee23d69ce4e73e292494767c362afa38dd550b2af2871f12985,CLEAR,DAYLIGHT,DRY,IMPROPER BACKING,2.0,41.0,3.0,3.0
1450275f957d30e1da0c1b09214e5c9bf731f021b08a7b5f9fa0456f6091746847d4c63c814047fac4495f4309179857b1e802f13563defdad48f149b8e9326c,CLEAR,DAYLIGHT,DRY,DRIVING SKILLS/KNOWLEDGE/EXPERIENCE,2.0,23.0,1.0,1.0
1450334590ce169b5feb82c000692b9ad53ca13f7a0378fc8be55983e194dd2e0ead680c1d18d50ac1e43668def0b43a2fc07dc3059e3d74cc693d4d9a39f1cb,CLEAR,DAYLIGHT,DRY,IMPROPER OVERTAKING/PASSING,2.0,16.5,6.0,6.0
14503b01ec4d245456d98332b6b90a1562f7eacf5ce4f54278dba6e86c3ba8fbffc891661c0e86caaf7439fc1f63308b5b6d0117fa02082ed1d60da729f8f6ab,CLEAR,DAYLIGHT,DRY,FAILING TO YIELD RIGHT-OF-WAY,2.0,49.0,2.0,2.0
14503c063e59d728d6a34e3f72c5b1d46ab1e140bc687363a18b4af6e4bc417302bd751997c569c43b0a770bda0ef53dad3bd63d93d17167e7f941a89df222f1,SNOW,"DARKNESS, LIGHTED ROAD",WET,FAILING TO YIELD RIGHT-OF-WAY,2.0,27.666666666666668,3.0,3.0
14507aad0c8dc73caa5464d56b310d337da3187f6b13b33d4dd7c80ecc85ec08f6dc72569ce00b04eab3e7ae276bad5829f7b45011dbb6fffdc349929ab0fe04,CLEAR,DAYLIGHT,DRY,FAILING TO YIELD RIGHT-OF-WAY,2.0,37.5,2.0,2.0
1450878a3882ab3237ec6fc72ad301439dc40f6a22a1855a96db0f3d528570cea7328c2b6e716f26292674bdf2e86a29a2975e936bff1e07eea051efdfceeb96,CLEAR,DAYLIGHT,DRY,IMPROPER OVERTAKING/PASSING,2.0,66.0,2.0,2.0
14508bc3952e17c952b0481b115ff0243c893abbe4885568b0e7be15fd016537db908c005f905c2fa1f66c0a788d79ad28e8d13ad92e71b18c058986d27dbe10,CLEAR,"DARKNESS, LIGHTED ROAD",DRY,FOLLOWING TOO CLOSELY,2.0,37.5,2.0,2.0
145098bbe23c9082b216d1111960f986e30aca0ebd958dc7096b1001291a9e3ee0b64f4e7b4e6b299b7bd38a2253cef192ebc3af753c7b26bd6c0e515ad55b5e,CLEAR,DAWN,DRY,FOLLOWING TOO CLOSELY,2.0,49.0,3.0,3.0
1450d39665120d7af90d24e1f444073e77df7c1a504c1f311a26019594f08dc290ad34b41e94dc72fd6fe25b61e3f0b2a3e6b7582943c2e71cd6fef9e6874e42,CLEAR,DAYLIGHT,DRY,FAILING TO REDUCE SPEED TO AVOID CRASH,2.0,36.666666666666664,3.0,3.0
1450d3a6cffc877e8ed9c7123ff4278ae8f6c74a1378cf3ce45443c7269e6154c2f7a94922c4797d2325f6092732d67a64c8ceda96e04f28e0236205d5a34a85,CLEAR,"DARKNESS, LIGHTED ROAD",DRY,IMPROPER OVERTAKING/PASSING,2.0,45.0,2.0,2.0
1450e147930ab1b6ffc2402cd78612e3d7a5966a6ae48cfa5fe7bf2e3b5e2fbea24e9ee13b64c77426ffbc99f0a1f4f5f8e92f42ca90d247f3473f3d1a411961,CLEAR,DARKNESS,DRY,FAILING TO YIELD RIGHT-OF-WAY,2.0,37.5,1.0,1.0
14511a3ab1c672edbe40a0cf3780c33e1ad45b67e86240b8bd3fc426f7e4fc86bc510035337dfbb3ae72858eeed851b0239cc90e82e8762e20635e849aebb76a,CLEAR,DAYLIGHT,DRY,EQUIPMENT - VEHICLE CONDITION,2.0,25.0,3.0,3.0
145146f5cdc45a8dd6722c84850624828039db661e1f7f7df82865c76dc83f724c0f083cd27ee9561c85318210d61b52a05bf5d826647a978515e3737d94ad6d,CLEAR,DUSK,DRY,FAILING TO YIELD RIGHT-OF-WAY,1.0,20.333333333333332,3.0,3.0
14515c8b5d9e50ab45c6bb11401e13f1e5e2e9ccb768ae7dccd8f26cbf474a7788ff45d448b1635f964fc774d0735698de95c3fc0647f716b3a217651d89afbd,SNOW,DAYLIGHT,WET,IMPROPER OVERTAKING/PASSING,2.0,51.5,2.0,2.0
1451795624f8233f23cf00855c03d36e3f63233f03f7d3f5962c3ada58f60a834cdf37d2dc5402950112aa4788dbf7a999a59dc4e60d7c53e48956ab0e648326,CLEAR,DAYLIGHT,WET,FOLLOWING TOO CLOSELY,2.0,19.5,5.0,5.0
14519db77d5e4a974adf73fe4d0efa6729537ca14cceb6f83f3128d15b7bddd6669371d33d6b7810cc12150204c90595cff764fa17b236ff5744bf3e928ff0d5,CLEAR,DAYLIGHT,DRY,IMPROPER BACKING,2.0,38.0,1.0,1.0
1451ad27fe49b53e22ebc871b9c5330f6bb6316e17ed2bd887cb80ee217cd35283409c35837890e83c835f9cb6db030331e16949fdac52698706dfacfbdcab54,CLEAR,"DARKNESS, LIGHTED ROAD",DRY,EQUIPMENT - VEHICLE CONDITION,1.0,25.0,1.0,1.0
1451c204317e56d11fe22f1742ef1a225f879d47d9b0cf4783b9b031303d72b0fa5cf4d367aca24ae25daebaac4030d34f35bc14ec7ac0ea7efd4d8592547f77,SNOW,"DARKNESS, LIGHTED ROAD",WET,DISREGARDING TRAFFIC SIGNALS,2.0,26.5,2.0,2.0
1451f1563e3715785771433addba2cd3aba020ce072eb2580ff15c0c225ae3abf116474ba0d3215661dd7c8216b6f130f1b95f67e022a21e77e44ad64a7e455f,CLEAR,DAYLIGHT,DRY,IMPROPER BACKING,2.0,30.0,2.0,2.0
1451f28bfbe87122cb043ce98e0b8091ec196cfd49cb12aa458ea28b0e1cd27e9fd2e49c928be20e59359751ac387d1009d7077eb0db56fe815d0f90de7a72f2,CLEAR,DAYLIGHT,DRY,FAILING TO YIELD RIGHT-OF-WAY,2.0,19.4,5.0,5.0
14521b0bca58885d7641e5fd9ff5b92964104c3b0562ee928f5c411c5aa4de5bbc2c1c3e35c9a9bb0e5107d1b55da7a35b5717ed10d925813c944910a694c532,CLEAR,"DARKNESS, LIGHTED ROAD",DRY,FAILING TO YIELD RIGHT-OF-WAY,1.0,37.5,3.0,3.0
1452235b769de54ecebd45c31b1031c23537b2a6ab0c1053abee11aa7f83030f3f34a856555c20dfcfe4e5201eb4d0c5278f3365a96882581ec80f28f8228742,CLEAR,DAYLIGHT,DRY,FAILING TO REDUCE SPEED TO AVOID CRASH,2.0,53.666666666666664,3.0,3.0
14522951a0ec3a7c643715f1e9818d0501174b5b2aeb3f7f72109a6697f96974e7cadcb7bbb4a60fd1c4f65522d9daa465c1fc01c7b19a1dc363ddfb3fe691e6,CLOUDY/OVERCAST,"DARKNESS, LIGHTED ROAD",WET,IMPROPER LANE USAGE,2.0,30.0,2.0,2.0
14522adee37503061e23381487e944a3d814f6c352219441592c3c8194252628548289e62fe476ecd0aa5235e1c21a4908095ef2608abc708195d7dd099faa30,CLEAR,DAYLIGHT,DRY,FOLLOWING TOO CLOSELY,2.0,23.5,2.0,2.0
145244f3a9ea58800bc1277acd3dea70dcaa03f08bc711cda3d5b786720b95272ecc8b666bde3703f89dddb369aaf2c440d9120d0247802aaceab0863b418183,CLEAR,DUSK,DRY,IMPROPER LANE USAGE,2.0,18.0,2.0,2.0
1452466162675afea5cf28935d02a1bd9fa51192506de512f8f7a34d49ebeb3510d8f84db155156ed4bcfdd6666d6f173f0b06fadfa4993de519a092d3ca5e33,RAIN,DAYLIGHT,WET,FOLLOWING TOO CLOSELY,2.0,40.0,2.0,2.0
145248f6c4296a0dd92b00766046a79e539f426b9517b31be8b5c75d503343d34ca1d6be0f42b0f33266983fbe367ceebdfb023707291f9ec60362b51a727559,CLEAR,DAYLIGHT,DRY,FAILING TO YIELD RIGHT-OF-WAY,2.0,60.0,2.0,2.0
14525614cde4da8bb6cf88a6301dd3ef295403965cbbb2939b978b302941c9118a8b078464a835ebd2bdbc73b1b4750bbc9fa7cb391aceca49eb3b798708ed63,CLEAR,DAYLIGHT,DRY,IMPROPER LANE USAGE,2.0,23.0,1.0,1.0
145262df12fa1373a64c793cb8396d4493ba349cb1fb44254a6452573662d76e770c887eb5b6e257bc915ae93d017ef3a6469f2dd5d9a149fbfaffd84f968d8c,CLEAR,DAYLIGHT,DRY,"VISION OBSCURED (SIGNS, TREE LIMBS, BUILDINGS, ETC.)",2.0,52.0,2.0,2.0
14529232682e7779243a459bf43bb6b1e4366cfab60c428f97b6b5ee0b51f1d2076af6ffe8e216f9ebbec356336def27069fde6dc536b353eedb9cc7b3d15658,CLEAR,DAYLIGHT,DRY,IMPROPER LANE USAGE,2.0,31.0,2.0,2.0
1452d48629d123e0c64d7cce97666023f72e0c7f34014e43465afc35dfdca266f183112087ec08ad5d9130743cdf7de36a4b01fb2feeaa3b929921d754d40335,CLEAR,DAYLIGHT,DRY,FOLLOWING TOO CLOSELY,2.0,38.0,2.0,2.0