crash_record_id,weather_condition,lighting_condition,roadway_surface_cond,prim_contributory_cause,total_vehicles,avg_driver_age,total_people,total_injured
1452ecb85203d6262ca2aea39e0557af27215d713b45231928bb1fcfcb3f3eacb0b9c2dc9c08414e123f752b89d8747c5e7335a87f6c5ecc67a5bd4a70376361,CLEAR,DAYLIGHT,DRY,FAILING TO YIELD RIGHT-OF-WAY,2.0,30.5,2.0,2.0
1452f0b2a82467ae84e9f683f70588422380972fa3d1c40f5f01c1125c9cb7ecd483b1d773d034121d74525cadc44f1f86dfdae8118457e45057834e7e212bdf,CLOUDY/OVERCAST,DAYLIGHT,DRY,DISTRACTION - FROM INSIDE VEHICLE,2.0,31.0,3.0,3.0
145334053841bb46ecdff694e51a8808d60be800bb37341e37633573220df964e07ced4a998d5380574bf8e27d5bd4cebc3df422eda99e6842a74983bb7fa2b5,CLEAR,DAYLIGHT,DRY,FOLLOWING TOO CLOSELY,2.0,41.5,2.0,2.0
145352ef6aa6fe3adf2b9920ab0c19aac8631bfd02cced40c4929cc112e9f8d57840917fa423aae3fd4317774646b4829c93a8e2ce0ff8d17b398293575c0e3c,CLEAR,DAYLIGHT,DRY,FAILING TO YIELD RIGHT-OF-WAY,2.0,40.666666666666664,3.0,3.0
145390b1f0b1002337a4d0c247ea8a5f18e1b143466f5035cf966f0ca1b74cb65de9ee389c0bf310bff18ff9700976db8e1bfe9b84d68d7595b29736a2bfea12,CLEAR,DAYLIGHT,DRY,FAILING TO YIELD RIGHT-OF-WAY,2.0,29.0,3.0,3.0
14539116bf27ac187a3923cc2e0406c74c3d8b3d54cfddd313bc4332606da8d6b50aca88fc8916f7ed71bda1cc638b269a463310e94fde2ce4804d4e405440b6,CLEAR,DAYLIGHT,DRY,IMPROPER LANE USAGE,2.0,39.0,1.0,1.0
1453b1144819bb82b8516aa1d75a49db4e94a81f75105945edb7406400f889f715ef094d773cbb9c8a812c12ce8c67f764d54fc29d7f82b027d707d5b6363e9d,CLEAR,DAWN,WET,FOLLOWING TOO CLOSELY,2.0,34.0,3.0,3.0
1453b358c2ac9a76e558eb7856c3b9a9f0baccfabc87703736ec9f4493683b881edac8bb183a3613128d28026a26b5dc3a8d5a95afea847ca714b528d13be1bb,CLEAR,"DARKNESS, LIGHTED ROAD",DRY,DISTRACTION - FROM INSIDE VEHICLE,1.0,57.0,1.0,1.0
1453c75b3e9594ae50b762222fdcc1d798f810fdaea5a98f370d0d241a4d76fe3cbdfd0e19128a10b9fd502b371d37292b0ea1aa300036a9abed1979001f3c61,CLEAR,"DARKNESS, LIGHTED ROAD",DRY,FAILING TO REDUCE SPEED TO AVOID CRASH,2.0,58.5,2.0,2.0
1453cce4406c4c8cde1946ecca335f2f7374f3cae009d23b5987b9f314bcbe9f959b4af9a33d0b25c4ab65d87e840614d551068762a9f6f8408adcfe6e430a09,CLEAR,"DARKNESS, LIGHTED ROAD",DRY,EQUIPMENT - VEHICLE CONDITION,1.0,42.0,2.0,2.0
1453ce7f4a441c8de8669d0396f9b955df1a5eae3969a08df6b0b42f5b485cce0d060f6c8688f95ee85e81044e7bffced6b8c42fa4277b9689523178e912a230,CLEAR,DAYLIGHT,DRY,EQUIPMENT - VEHICLE CONDITION,2.0,21.0,1.0,1.0
1453d7faba7019b8a70c94d9f5b0e715b4448236fad2acd6097029b688cf22b012d17194c621b85cf204db6f96831c29b7decaf03f75f85c0e9f341fe7f16e58,CLEAR,DAYLIGHT,DRY,FAILING TO YIELD RIGHT-OF-WAY,2.0,43.0,3.0,3.0
145417b6fa61091b1d1b762bbc4f33a7c331c8dd508cdfb14406aacef4bfd1efbcd7b12ccb6ed7fee7faa289e8b69daf796d63c344971d73070af0779055e9da,CLEAR,DAYLIGHT,DRY,FOLLOWING TOO CLOSELY,2.0,21.0,2.0,2.0
14544c26fbbe253fd6ca4f1c40e656351b5c8d8280062d20778536ea31175d69a8337c2bc3b727d4d71bda7efb5371b75800f564548572733617d780caf8187a,CLEAR,"DARKNESS, LIGHTED ROAD",DRY,DISREGARDING STOP SIGN,2.0,56.5,3.0,3.0
1454650a372d51fec01273afc8cf8753d78ba237c55dea237306de43f10e2433e014fb5414d38dfef50d5e8dc4e68350868bd77b20e4a507004b000d2ea1b785,CLEAR,DAYLIGHT,DRY,FOLLOWING TOO CLOSELY,2.0,49.0,2.0,2.0
1454750449a24a45f0f39f25d15f6f78e494ac23551e70f56534f62b6ecfdb1e635dddc8b2f3eea0d226df6f31ad9b074abd3ca87ad4382f3ee58ec5cfcc1405,CLOUDY/OVERCAST,DAYLIGHT,WET,IMPROPER LANE USAGE,2.0,34.0,2.0,2.0
1454a017217aa1b5ab5fefd5034bd62efb4f92b355f9c5fc00511d4bf1985870d57f6747d9786e342c36f7a3fba6030126c3e60fd465d84b9b10b00607619616,CLOUDY/OVERCAST,"DARKNESS, LIGHTED ROAD",DRY,FOLLOWING TOO CLOSELY,2.0,39.5,2.0,2.0
1454d019d391a3700063075aa5ec0394019d9549469e581600427652ecc0716b8ba4c9c83ea4433ca3daf06423622f19b6032ae4a05ea8201ff6c6ad934dfe98,CLEAR,DAYLIGHT,DRY,DRIVING SKILLS/KNOWLEDGE/EXPERIENCE,2.0,50.0,2.0,2.0
1454d387ee08b6aaafbcf3ead5baad089deeb1550427c93b54715acb4ec346d2e1fed94cb2bd6ca8a3accbf13e78825a1c761b95a5a315c71ba78ca3d615c9c5,CLEAR,"DARKNESS, LIGHTED ROAD",DRY,DRIVING SKILLS/KNOWLEDGE/EXPERIENCE,2.0,37.5,1.0,1.0
14552913c98ebbf77f50ef7e771b99618ac16a89d7503be51448a268d31b198ccbfe515af2895111ba4d4eb50378c67a4923d712062c502ba9e4781f324b20c9,CLEAR,DAYLIGHT,DRY,IMPROPER LANE USAGE,2.0,75.0,1.0,1.0
145530d8bd785a4255d5086e9cf141fed2f1ea78a69fa4780285851593310c66cbd0be8ec18444b3ff1312dc43d4df4644861ee286c940c2fe1b5fe197f7bbc8,CLEAR,DARKNESS,DRY,FAILING TO YIELD RIGHT-OF-WAY,2.0,27.5,5.0,5.0
14559753469a58daa3646e3af6eeec631c5de76987a1a9d780a4cda5e281176c897ce6ad659bdbfd2399fe5f2ab3bd7405a630a0511433c272af113f27287307,CLEAR,"DARKNESS, LIGHTED ROAD",DRY,IMPROPER BACKING,1.0,35.0,2.0,2.0
1455b8742fbcac818c65a1794039fd48aa40a60ebd5dd4704216d102adaf7905c92755b7cbe771da42cacf0ef015c431e1f55e15142f94619507d33b19e70689,CLEAR,DAYLIGHT,DRY,FAILING TO YIELD RIGHT-OF-WAY,2.0,37.5,2.0,2.0
1455d1fb9fed524e0639e8da975c5dcaa07e837b3615038abfba2528a1e0fa0406d1c1958bb74449a968ed16a5c10df30531f81880208bf30b65e6011aaf3e1f,CLEAR,DARKNESS,DRY,FAILING TO REDUCE SPEED TO AVOID CRASH,2.0,37.5,1.0,1.0
1455ea83663c831fda201d4b3eb6e846712fe74458490990360bce3c1b914510357b0338ab2dd5bcf7887c5ae94ad0fb8351c583a8fafc5b9da59aeb5b5dad12,CLEAR,DAYLIGHT,DRY,IMPROPER LANE USAGE,2.0,21.5,5.0,5.0
1455f41eaaf3e48757ceb9344d859916b8fca0ad5aa86f371d57e3e5e837141b5873dfd02a87a37a38002a7925c1f43c6e5fb553f62f09a1629bd1705ee4805d,CLEAR,DAYLIGHT,DRY,IMPROPER TURNING/NO SIGNAL,2.0,33.5,2.0,2.0
14564c999c13d325231c92a2940092a29788727cc253a73b3a554ed337cc694a107ddd7c4dd2e9570f1390763016a0654bafea02787a131caee449ca5262fcd2,CLEAR,DAYLIGHT,DRY,IMPROPER BACKING,2.0,45.0,1.0,1.0
14566c09fc8632f9ee69f585ea79ef8d4551ab28b0d144ce6e382d04bec230c84060bac3888514c8bffeeb1dd4e60c29f0a99de6bd37b7b026f8543ad4a0e43d,CLEAR,DAYLIGHT,DRY,IMPROPER LANE USAGE,2.0,67.0,2.0,2.0
1456826d99ba11216b9b9b4e7d57cbcac6c1922c3150286b5076391ec232321ac5ccf67af22b705e44eb9090f8c0ced13b6d6b79fcd044f496467baf7edabed2,CLOUDY/OVERCAST,DAYLIGHT,DRY,FOLLOWING TOO CLOSELY,2.0,30.5,2.0,2.0
1456b84be90f50ee6c776dab0aeb4599ae258764b47ee637dafc44ecd9ebbcce74c5b15a4e599f42ddca68c4fea53be0d3428ec1fdad2c973c7e2df579fd8d20,CLEAR,DAYLIGHT,DRY,FAILING TO YIELD RIGHT-OF-WAY,2.0,34.0,2.0,2.0
1456ba511406320dc3cbe735244400c97abbd377eab79f7c5bf7b10be879ed9d62ee1464bffffb1d5795124194ef58ba438d921a7f822f8adfca408d36c3dc21,CLEAR,"DARKNESS, LIGHTED ROAD",DRY,DISREGARDING TRAFFIC SIGNALS,2.0,44.42857142857143,7.0,7.0
14573a78fbb57e664454fccdf4abd1d3498afd4bf69bc37a72ea9a9735064d7bfc923e9bb3372b5d684495122fe75983f4516d3fa570c91e8260066f276abd45,RAIN,DAYLIGHT,"SAND, MUD, DIRT",FAILING TO REDUCE SPEED TO AVOID CRASH,2.0,35.0,1.0,1.0
1457680b18c644510e2178e8190fb79864fb16ba7d52ddab190d9cc95403da96fb799f5cde714b3f6f4fc0bfa1217c85a43f4cf46db113e09b7fdac553dbb4fc,OTHER,DARKNESS,WET,FAILING TO REDUCE SPEED TO AVOID CRASH,2.0,19.0,3.0,3.0
145771fbd0a466db11cc54de7bc1ba776752e30b0054de13c9f3cd8620872d58cee935cc155619656e9f0e563fb52db2683a75fcd66c3522835e4b81e344c7e8,CLEAR,"DARKNESS, LIGHTED ROAD",DRY,IMPROPER OVERTAKING/PASSING,2.0,30.0,2.0,2.0
1457829e172885d36ae0048f610d91bd9f6cbacfa43dcc71afb8ec59e45982bf56f4908c51feb66bca88d4f1f6d0ea722d788d29909e4b42f42bcd88894acf07,CLEAR,DAYLIGHT,DRY,FAILING TO REDUCE SPEED TO AVOID CRASH,2.0,34.5,2.0,2.0
1457830f4239f87fe0555f54659ab16ba86ac4ff6f4912c7f50c351781b7c5899b5a1f599a57ded27d7d3d7eb523e9e0836a777edcf04344504741a57d8c349d,CLOUDY/OVERCAST,DAYLIGHT,DRY,FAILING TO YIELD RIGHT-OF-WAY,1.0,49.0,2.0,2.0
1457eff4f1c24651cb2d0e2460092bf8a0bd6203cd6024829eb9a5bad9f9866c66c2fd33385f88fcf65c317fb03a04c786032320c624300406db4d9346651be0,CLEAR,DAYLIGHT,DRY,FOLLOWING TOO CLOSELY,2.0,43.0,5.0,5.0
14580813a0ef726a0c6f76e40b6e04d377c2b7f6c460e09a15762f78b5eb0d3f10767b4e16b0617f4707cdceff1a186db3a17559eefee8236e37a5b6618fe17b,CLEAR,DAYLIGHT,DRY,IMPROPER OVERTAKING/PASSING,2.0,50.5,2.0,2.0
14583122af3407084f40bfaeb52364696c658c5f6063095cb4392c42db57cd7e43a25305186f58b9cba2fd64a84836ae379d0f48b3aba49a666e77fe78060b21,CLEAR,"DARKNESS, LIGHTED ROAD",DRY,FOLLOWING TOO CLOSELY,2.0,27.25,4.0,4.0
145833f239a7ca0df022e838f11e83848ba9903bb47d22c3617056e68f6082c59dc71856981622329553b787af3e5dc966f3bed6b50dfd9c9e9c3837b2aad6d9,CLEAR,DAYLIGHT,DRY,FAILING TO YIELD RIGHT-OF-WAY,1.0,44.5,2.0,2.0
14583fd79ac4a5aa49986ac4d56b166a30f53ef99e5b22a949cc3a0ffa7c107371cad730af5e42ad0cd0470cea5c3e432a2418b7a0f5e9c92022000f8ad730f3,CLEAR,DAYLIGHT,DRY,IMPROPER OVERTAKING/PASSING,2.0,37.5,1.0,1.0
145842598b263b732cdad505ec92ebd0a6a2aeae7e29dec514cd0dda6557bf2a785a3e0c38f9fb3a8fef74e4c41c89c094d6d39e13f74f0eaecc6e7e7c014371,CLEAR,DAYLIGHT,DRY,EQUIPMENT - VEHICLE CONDITION,2.0,38.0,1.0,1.0
1458745fd6f2ac53519c0c4b700240fb88eba8dacb9fb2629fa95a300c5f7ab38e7fec664c3b5bab8970fa2e0d77e1d0ab1c429684274c1789bd9df2316bad38,CLEAR,DAYLIGHT,DRY,PHYSICAL CONDITION OF DRIVER,3.0,65.0,1.0,1.0
14587e5cbc9ec48cf92f349d2057d474414a5976030592a69ee0c72eb7d6f3529722379addea8683fa1c26b2f6ab1d05eea432094e292fa2d4a5571d9208ed02,CLEAR,DAWN,DRY,FAILING TO YIELD RIGHT-OF-WAY,1.0,57.0,2.0,2.0
1458d565c5f35596cce1536272fd0ce3c4f3b657a7841946a31c32968667edf30ed2371e9784b257ce0df7be17bbb3840e83ddea05f3992bb9e021b5ff2b18ba,CLEAR,DAYLIGHT,DRY,FOLLOWING TOO CLOSELY,2.0,26.5,2.0,2.0
14590121b09d64dffafc8249a949ace024f9dfcb2d0acac1ced0faed4227961a93cf1696b42c41a16064a0e2bdd8bd8fd2371a66fd63cfbc0d0d8a5878034ec5,OTHER,DUSK,WET,IMPROPER OVERTAKING/PASSING,2.0,44.0,2.0,2.0
14590b7f4d3fa3270b4816ce56d868a2b2956a9d259861e0da76a5f29956baa0ad89151fca1c9e7340817fcd9f968817c316e200d85bf7be1f57397f2c81fd20,CLEAR,DAYLIGHT,DRY,IMPROPER TURNING/NO SIGNAL,2.0,51.0,2.0,2.0
14590ebd1dca7cdff6d5c018760fabfe98679a049262786e1f451e8988f5f008df688e3e9c0ed8daa555f6abf01e8d52d8c754c2e42339688c5379ed675f5fb1,CLEAR,"DARKNESS, LIGHTED ROAD",DRY,IMPROPER BACKING,2.0,75.0,2.0,2.0
145938e2a5b77689fb54140016f46926ba28b198649237207e72fdff6249344dd9d57f9b03e4c79450eb078f66bac2299177340d36adb16cdd2b383a6a6578ad,CLEAR,DAYLIGHT,DRY,FOLLOWING TOO CLOSELY,2.0,37.5,1.0,1.0
145939e2842eccbc61b7c9d85fe444a1b5eea77903b486d684b271eee4d7d7cb9c52aa659521328c1ae8a07734968dc1fea54dc3d85332f87831a3c620fa7e11,CLEAR,DAYLIGHT,DRY,FAILING TO YIELD RIGHT-OF-WAY,2.0,41.5,2.0,2.0
14594258edc7b9084cb26ec921654b845c5746432b3b6e6298fb1020e48114a4484aef7040a377419204dde0c88d1d523d5f886fde2c4b8b1b839a8fd62ffd8c,CLEAR,"DARKNESS, LIGHTED ROAD",DRY,DISREGARDING STOP SIGN,2.0,43.0,2.0,2.0
145958ef97b5ebb6e0e430e458d853a42a73c1d0ebcea28a32e5a708cc8592c0064ef32cad0561c8a6ce4bc250888de71b7b60ff8ec092bc3b0545bf9725a42d,CLEAR,"DARKNESS, LIGHTED ROAD",DRY,"OPERATING VEHICLE IN ERRATIC, RECKLESS, CARELESS, NEGLIGENT OR AGGRESSIVE MANNER",2.0,37.5,1.0,1.0
1459ad8587bcb153a7ed98cfd751f6908a37c4623d70e31397fb1f738b1063636b7272239ba3b876f2005fd6b18400ba58678620ac85159c33a151ccf1a9bbe8,RAIN,"DARKNESS, LIGHTED ROAD",WET,FAILING TO YIELD RIGHT-OF-WAY,2.0,26.5,2.0,2.0
1459b14adf4633baca8e09bab631205b2e4aa512cc00f74e60ea8a697355e8c7973e632ac326c66be1c25fbaeebe31090433379e30ae3ab6d122a46384701c3c,CLEAR,"DARKNESS, LIGHTED ROAD",DRY,FOLLOWING TOO CLOSELY,2.0,37.0,2.0,2.0
1459b362c02e544f92c37a1e06bbced93822ce2848146f44690dfc4f8c5af38498014a8ac72f8990960706f74be25b4b8bd6f256324616f3436b1e5302cffdcd,CLEAR,DAYLIGHT,DRY,FOLLOWING TOO CLOSELY,2.0,28.5,2.0,2.0
145a13d1af73dda480eff300129ae9a2594ea1e20ecd54f0fd2a79c74f0bfba91e3d3d96db5f883cd3ba54498e932431a7eb5cd85c475ded41ee8dc7386631e2,CLEAR,DAYLIGHT,DRY,IMPROPER OVERTAKING/PASSING,2.0,44.5,2.0,2.0
145a5a06cdfbf5379baf8302a2d065b4919642fd5bb5442043fd17ecf1722dc21198a6dc60c29706207692c2958d85f14524b3f1b4d5f1835f62232285edb17c,SNOW,DARKNESS,SNOW OR SLUSH,WEATHER,3.0,28.0,1.0,1.0
145a71743a063e8cdfeffd3d9d4c00c0db7433d83efc06309115f754e168822e761eeba3b0646238d822dcd831a9678a33ca47bd7c880edc2c2e6ca4222a34a1,CLEAR,DARKNESS,DRY,FOLLOWING TOO CLOSELY,2.0,46.0,2.0,2.0
145a88ea8df19f2ad9185f7a077109a2ef44fe4a97ee333d4749c5bb42185770299470a81da6aa6eba36fd2854ecc0d78f308ef3ed6cd88108e00272aefbd6fc,CLEAR,"DARKNESS, LIGHTED ROAD",DRY,DISREGARDING TRAFFIC SIGNALS,2.0,35.0,2.0,2.0
145a8c7bb1a449fc82e11b3475bda2e7e16c41e26d4ccc345e02601932a185cdb5c26c84ad7f30a49a3507269d64de19f1b4d281bd1f036f023cd1a846a7bd38,CLEAR,DAYLIGHT,DRY,FAILING TO YIELD RIGHT-OF-WAY,2.0,55.0,3.0,3.0
145a8d94e7ccfda706acf19ca0c51cebc029cd4d2797703534954d3ba06a4170c01fc1c0320676eace9f28c738a9be2580b1fbbc7dba0ee929e312f74a181878,RAIN,"DARKNESS, LIGHTED ROAD",WET,FAILING TO YIELD RIGHT-OF-WAY,2.0,35.0,2.0,2.0
145abe3b8bcc37dcb45f42ccde5f1d16de138effdbb4169c7dc3c01dbb7656e36d160012509d12585987f0f5e024484d5b5ece06fa9158edff002580ad0e6c52,RAIN,DAYLIGHT,WET,PHYSICAL CONDITION OF DRIVER,1.0,34.0,1.0,1.0
145ada3c2bc1fa966adc4f0798d7c70c99d2de60589bed7d4bcc1aea00f1374200ea8463bf6b4c7bbb733fc1b6f5576bd17ed5f62c3127c0f7ebebe986ef8b2a,CLEAR,DAYLIGHT,DRY,FAILING TO YIELD RIGHT-OF-WAY,2.0,28.0,2.0,2.0
145b2b63ce7527ed0bd0d883794dbdcdcdba0afbea6a452e46f8a571bc9e58b1cf20924edf751ce7539696b5094a174d882544c8ef054c6dc84db5f1fd437272,CLEAR,DAYLIGHT,DRY,FAILING TO YIELD RIGHT-OF-WAY,2.0,21.0,2.0,2.0
145b5e432a326acbd7da21d829cadd53d96af43c1ee2346d7a78a37f18a1ba472b03febb510e9775d714ce27f67cf466613c9d091c62d01561894308d48cd265,CLEAR,DAYLIGHT,DRY,FAILING TO YIELD RIGHT-OF-WAY,2.0,31.5,3.0,3.0
145b5f262e3d555861ce574d88474e27f0ec9b0f29006d704d1583fb46e34a6395dd566dfc8c6ba1b4342d3c8ad410893bfd100ed9e21cb320b1ce8bb6dbf798,CLEAR,DAYLIGHT,DRY,FOLLOWING TOO CLOSELY,2.0,48.5,2.0,2.0
145b634384d4a14d19545ca8147dbdffafe046e55509a1903931c8b1f6d534c726b1477869bf2bbb4218e92367e66646cc50424a8008d5bef4a4bb033f92b3ee,CLEAR,DAYLIGHT,DRY,FAILING TO YIELD RIGHT-OF-WAY,2.0,37.5,1.0,1.0
145b7060107c03b4cb95ad0a1dc0897146b6435e5701992eb49d8670e239f7e5e9d57c33176c631cf159c88e5d84884df3ca5ce490b0dd075fc6b4e269a511a3,RAIN,"DARKNESS, LIGHTED ROAD",WET,FAILING TO REDUCE SPEED TO AVOID CRASH,1.0,22.0,2.0,2.0
145b75a6727c855bfef6ddf4c3ff4e602b92b8f30d2fdc6e8993d0100b4e1b75ce8f0a133d8778a43ffaab483d73cd3a002d7c087f074518bcef0ac10453075c,CLEAR,DAYLIGHT,DRY,FOLLOWING TOO CLOSELY,2.0,49.5,2.0,2.0
145bb357ce8829c11f9f043a31828253cebcd883164fe725ce2c13a229cbbbda91d0a1d82e9881e48cb58a56e6b2f4ed4adc28f3a7b647b66f5288382339e412,CLEAR,DAYLIGHT,DRY,FAILING TO YIELD RIGHT-OF-WAY,2.0,33.5,3.0,3.0
145bd02369c066f74542e597104f7ced2919ef2a3183df0b1dc84168055fa6b7e6b10205292a5ff6904783ea917e4e44b7d1dba20c0034cae383d34b56e5d510,CLEAR,DAYLIGHT,DRY,FAILING TO YIELD RIGHT-OF-WAY,2.0,54.0,3.0,3.0
145bf624b4f3b60126e78cc9f7a303b5880241e7251b9e2816af5ad2b2e8fa278124e55ba55edde15f0e1b4197c8df862dddf4495bff4688e69625b3cb2b514a,CLEAR,DAYLIGHT,DRY,FOLLOWING TOO CLOSELY,2.0,26.0,2.0,2.0
145c03b21fc7a6d90dfc6faa332e5a53c64aa3a962cdc44cbc09701523285335fac56de443dea41e75f80aab1d4b4ea40a571cf447c34987a2c51afbd2131e22,CLEAR,"DARKNESS, LIGHTED ROAD",DRY,FAILING TO YIELD RIGHT-OF-WAY,2.0,29.0,2.0,2.0
145c109a92c8a187ef33246bdf85fdb3662474f25bd31460d719c4bd4a3857472c69e171539c155b5dfeb5b9d3942d0ed1ce5cba8a980388eff9b8b1384c194b,CLEAR,DAYLIGHT,DRY,DISREGARDING STOP SIGN,2.0,39.0,2.0,2.0
145c146827cafe23f1bac3d2e47036607350f50a1d921f52bc38c993450540a2aa739dffd73c847c5732d4c5d8d40bcd6ccc64d462fe9f01c4fee6705d9a7476,RAIN,DAWN,DRY,FAILING TO REDUCE SPEED TO AVOID CRASH,3.0,43.5,3.0,3.0
145c41736eef3ee6eb805d2b5466e5cba0ab2bd5ad7cd345f30a5c0862383fa782d42079dea2468c027185ea5986a5fd538c8e56be0cb47ca67c9e2bb8221c90,CLEAR,DAYLIGHT,DRY,DISREGARDING STOP SIGN,2.0,41.5,2.0,2.0
145c52979a6310c81f7ad70f287810a6db4719f80778ae0229ff3f34542f0ad1a6f1677855614c5123a712a7f1dbec352a822d3ad8bc4be11f1ea698d725e7c4,CLOUDY/OVERCAST,DAYLIGHT,DRY,FAILING TO YIELD RIGHT-OF-WAY,2.0,40.5,2.0,2.0
145c7cd145728be36c7d2929c9485a80ccb84f4e3bdd685a33e4fcc10d0a522af052daa84c5cb9344a47f02725b91de96d176c6d94d4fa295bd99f43ef3c82fd,CLEAR,DAYLIGHT,DRY,FAILING TO YIELD RIGHT-OF-WAY,2.0,38.5,4.0,4.0
145d0fb56e3ff2890020c3131acc3a7b57745914f5c363b8796f977ed47db33ce1bbc931de52859c19ea86a308f219965850919f79080642786215a92da62017,CLEAR,DAYLIGHT,DRY,FOLLOWING TOO CLOSELY,2.0,44.5,2.0,2.0
145d32603e22b9bcee321b0e29fc0396cbea4e915bf94006142ad8fc20c047962206af09b01897778df999cd714e364d9371a85cd1a0f2c3e1b92f84c958c05a,CLEAR,DUSK,DRY,"EVASIVE ACTION DUE TO ANIMAL, OBJECT, NONMOTORIST",1.0,59.0,1.0,1.0
145d44b6e9a79b508a72f946b6fe4c346ac14a5a6928f775ce33a3aa6513ea73463353d82423bc1cd58356547f24d001c2e2b343358b8ea9ee149d2aa30b84e3,CLEAR,DAYLIGHT,DRY,FOLLOWING TOO CLOSELY,2.0,37.5,2.0,2.0
145d4587585c5919d87243e7e32bb0c1851eaaea0c7624656f36840f1e3d4c3d9633b96d18b82a570d09b7d5733c1252ece6a89d30c1243b4f5c251628cb5ec1,CLEAR,DAYLIGHT,DRY,FOLLOWING TOO CLOSELY,2.0,34.5,2.0,2.0
145d518645226df7d621f139c5e20199740e64c78ac89beaf5260907083df5043ca50ff8dc3dd310471614886215d419db7f1e8bdb3c50f89ead57377b1ff177,CLOUDY/OVERCAST,DAYLIGHT,WET,"VISION OBSCURED (SIGNS, TREE LIMBS, BUILDINGS, ETC.)",2.0,21.666666666666668,4.0,4.0
145d78461b9f16a8f5768a3acbb215a1b51f953613d5393c34ce6cf60844e953a11807db56dd2dfa40bd3d29c71555d5cad86ae7cfc3a6837df801d3bdab59a8,CLEAR,DAYLIGHT,DRY,IMPROPER LANE USAGE,2.0,48.0,2.0,2.0
145d7b6fb9a47628d907b6bd21cf26dd2ed043300cf6ba08a64261e0aa466ac5ec7949bda2f953b34afda7eff9ef880d6e27fb6a83cc20536eac98dda544c3a4,CLEAR,DARKNESS,DRY,IMPROPER OVERTAKING/PASSING,2.0,43.5,2.0,2.0
145d9bf02084fc2d68081003c61168d88f0d272117a09db55db7d1f41b1a70713562beeed12520df4fd1147262fe6d63f55611682affeab1f6c94c546812bc6a,RAIN,DAYLIGHT,WET,IMPROPER BACKING,2.0,22.0,2.0,2.0
145dc34ae17728fa99cd8ca2c123f22777c8ce85b41cc125e9998e4f1579dbbf02ff655049a1fb396229e9c039ddaf0f1709e9bebb4ee5bebfdcbf8ba7cac47f,CLEAR,DAYLIGHT,DRY,IMPROPER OVERTAKING/PASSING,2.0,54.5,3.0,3.0
145ddcbc12b58e1339f7bfff0e83788a166810916b109d9d288fa9217844645dd3d6e70d0f13022edef2226b5df281fe4598fd0791234d486c16ee7a4c1e3253,CLEAR,DAYLIGHT,DRY,IMPROPER BACKING,2.0,43.5,3.0,3.0
145e7059ee6de841a080db5655598a1d9602ef2dfebf43d9fd917c494aaa1969b13d6792a0539ea78a323863f1166dcfb5b15e8a961068916d1294c892248124,CLEAR,DAYLIGHT,DRY,FAILING TO YIELD RIGHT-OF-WAY,2.0,69.0,2.0,2.0
145ebef2115b0f5bd50fd300f27d6cb3fdc964064edbeb32f1fc1461a4db4e141f34145e6a5d64369c6c14afcd1df192990922401d45a4d73ac35b210a1cb4e9,CLEAR,DAYLIGHT,DRY,IMPROPER BACKING,2.0,33.0,1.0,1.0
145ecb737bec8ee00d3f5e299ea5d482b24da50042041beea7268c551194b350a7b1a7fe1ff97a0d362fe11d6187f51938099583cec8cec563021cb9b143182a,CLOUDY/OVERCAST,DAYLIGHT,DRY,FOLLOWING TOO CLOSELY,2.0,51.0,5.0,5.0
145efc1499febb9e96d1a526cdf0381c34abb1ddf153355a3c15c8561e8534acd817c887de9db90c73517cd33a7c53d0868f9bbb8a0d7ab3c29ed92d498439b7,CLEAR,DAYLIGHT,DRY,FAILING TO YIELD RIGHT-OF-WAY,2.0,57.5,3.0,3.0
145f011c55a12a452e5d61487477b924ebd1ffba07b5cabb4846cad58e15d630a9cef9fa4748f07dfb23af75e57806b9ccddfed0907ac267983f1070c1783e9f,CLEAR,DAYLIGHT,DRY,DISREGARDING STOP SIGN,2.0,18.6,5.0,5.0
145f0550e8358f41e0d6fcbe634c64675df7c7207dcf1f372d13b7e858a90ebacd97e205b898c183dbe33707f2e7a8ac97779f80c6d2126522bd1769e1d392c8,CLEAR,"DARKNESS, LIGHTED ROAD",WET,WEATHER,1.0,37.5,1.0,1.0
145f0c315b6825398dc608db0396d4f13773d8fb2a0085d1ad7e160d14812f1ae22bf4e737326efe610c59413dd227f1ef18988e72eb4e6626707638beaefc15,CLEAR,DAYLIGHT,DRY,IMPROPER TURNING/NO SIGNAL,1.0,23.0,1.0,1.0
145f26111d267c3679bd0727909d16ff9f99957328743ba0f4eace6cec095979f12a43c47584c8e5f22230f43a34bcfc44527ed10062f154737a7172d48f513b,CLEAR,DAYLIGHT,DRY,FAILING TO REDUCE SPEED TO AVOID CRASH,3.0,44.0,3.0,3.0
145f3bb056fb237e044331992578dab0267a16d418951e7821ac17771f49344a7740bdcd38b36d6de6cfc70ecc5e0c7c29eecb9b6e9f5b9da6227ed012afb5db,CLEAR,DAYLIGHT,DRY,FOLLOWING TOO CLOSELY,2.0,32.0,2.0,2.0
145f54f5d7b422972b7ecb91540837aa0aaf4fc46f7c96b0771baf1496af454bfa1a4d4887a19df01e947334520f99e7d59cc35e6d854e5ff25705ce5640dfdb,CLEAR,DAYLIGHT,DRY,DRIVING SKILLS/KNOWLEDGE/EXPERIENCE,2.0,41.666666666666664,3.0,3.0