crash_record_id,weather_condition,lighting_condition,roadway_surface_cond,prim_contributory_cause,total_vehicles,avg_driver_age,total_people,total_injured
145f828bda5bb6430108af276b141ba6f406c23b5d0fec7e5960e95b77226109eb82458f8a48ead252e93e6b95682479a8895c8e327100a037ae3dcd4fde5538,SNOW,DAYLIGHT,SNOW OR SLUSH,WEATHER,2.0,61.0,2.0,2.0
145fcf5bbd4ad15701fb7de1bbcc758c2d9ba3515eb9f2e1ded10adfb6e793847474e200569dcb489e43f84a137b2c94c5336060f6b3992f08d4a3b1df919630,UNKNOWN,DAYLIGHT,UNKNOWN,FOLLOWING TOO CLOSELY,2.0,41.5,2.0,2.0
145fd2b763086c89d09036583a470b6c5e0650fe1f49ebf88a70ed3cfcfa595e88f7e598566610b2ec8a01e51fbc82103835685f198d3fba5a54f3ed143f1d5a,CLEAR,DAYLIGHT,DRY,IMPROPER OVERTAKING/PASSING,2.0,28.5,3.0,3.0
145fd400a0a21f00b6db169626aaef39dff5a0b095846b68ce4170c89e0d4a7d7959270f6f137341b10365bbc145f5d9087d9d8c2a8bfe0d09c1ec228745d64e,RAIN,DAYLIGHT,WET,IMPROPER OVERTAKING/PASSING,2.0,37.0,3.0,3.0
145fef6707bb2c6f174d3bac08f62092d5fb97d5a895c588698ecb3bc5173f94309c5cf6cc8505ee262817559a4c3a174de1c98b904d6d8d6fdf1d79d1deab0a,OTHER,DARKNESS,SNOW OR SLUSH,IMPROPER BACKING,1.0,40.5,2.0,2.0
145ff4edb1b09d2977f4ff1b3bcbc96aaf8b7540d05fee9013904833aca7980ab6438a1c5c24e404ad7eda3361008123bb222c9a7a3ebdcffd04df39fb1682ea,CLEAR,DAYLIGHT,DRY,FAILING TO YIELD RIGHT-OF-WAY,2.0,28.5,2.0,2.0
146028f1c08faf40c63862074e53e264078439428f45ca9cec874eabff20abff7f76c1dd37d7bc036af6f5120338247737461949b96c6ee2d166849ffa73a739,CLEAR,"DARKNESS, LIGHTED ROAD",DRY,IMPROPER BACKING,2.0,37.0,2.0,2.0
1460293990d1d24ed5f37cea8b5f5497342ae7048b51d3c337b044aac6e20b82eb8c796ce2dd38e85c86e96ab168adfaf5e1896d5265450d0861222421cac261,CLEAR,DAYLIGHT,DRY,FAILING TO YIELD RIGHT-OF-WAY,2.0,37.5,1.0,1.0
14602a90782c7a7cb61a2cd03a87f631464f1acf406390e6c2ead97a502590fe06d25e7bd4fe7f03842873d1b0f7ec41a4ec182c4f3de25ae395c031086f5494,CLEAR,DAYLIGHT,DRY,IMPROPER BACKING,2.0,25.0,2.0,2.0
146038673543ba39ab34cb6f02c0985929fd0a8f3b89bd9b8c9d05cafd87543a7a1a69c4cae4bb7135d0a6793ffff26180f2539d86fe98cd02086f6e2f0a6a04,CLEAR,"DARKNESS, LIGHTED ROAD",DRY,FAILING TO REDUCE SPEED TO AVOID CRASH,1.0,43.0,1.0,1.0
14604ab4e31aecc4ee045049499c48b4b39f455cc3fcd476863cf41b779b14a3917fbd53eaf79a062e611970ed45e8c29792d04f120d32cf05b59a7732eead49,CLEAR,DAYLIGHT,DRY,FOLLOWING TOO CLOSELY,2.0,29.0,2.0,2.0
14607849386cf72abbd0f5df7656246f875b99beb9d674611f8d8ab33fee917754708b9e5c40753e743d42cd77cd8648e46b07e51d6feed23a27548b31ad5850,RAIN,"DARKNESS, LIGHTED ROAD",WET,DRIVING ON WRONG SIDE/WRONG WAY,2.0,21.0,1.0,1.0
146085757d25a8940f21edfbd842c2bfa49bebb06189d1e157a462a2c746e0c0cf7a62fe55d3e696aa8c679ec2cc0a9197ee07d9d97341e4190de709c635e34b,CLEAR,DAYLIGHT,DRY,FOLLOWING TOO CLOSELY,3.0,26.25,4.0,4.0
14608ccaa7d482dd49d999b783cdad2eb475a3a4b7a80f5de0ca370b32e00834d15655476bd07e983c09112a2cba8be83273af39fa724966db3800e0363c254c,CLEAR,DAYLIGHT,DRY,ROAD ENGINEERING/SURFACE/MARKING DEFECTS,2.0,28.0,4.0,4.0
14609f2af43be562ac84d38d70f63ec761b26b25680972d5bc09955f46f159524c6bbe9041164e1c8422f88fc37eb7effe4960bd9d1a3f1684e028460977f557,CLEAR,DAYLIGHT,DRY,FOLLOWING TOO CLOSELY,2.0,30.25,4.0,4.0
1460befb481d8c30bbeaedd55dcc43c10c0a9000c57b43d07d95c29d8cf966fb0277c2814e29c6ac4eb85f663b3b69f787237d765c435bccff5e18bdc2da6b6d,CLEAR,DARKNESS,DRY,FAILING TO REDUCE SPEED TO AVOID CRASH,2.0,27.333333333333332,4.0,4.0
1461702fe672fb6889739a3f36899730725373e47c18c7d929bc479c26c0e2f7b608729f117ea58c2ee8b5e89ec7aadddf399ae3210e9d913554dcdf239e2b7b,CLEAR,DAYLIGHT,DRY,IMPROPER OVERTAKING/PASSING,2.0,54.5,2.0,2.0
146192bbda73d133318fa90ba10e9e4e09ab7ffa5e5166323798de814c32ca36820d31fd8ce59f61de47879a5624fffa96d91f581c4f5a90e09b602a11d6c8af,CLEAR,DAYLIGHT,DRY,FAILING TO YIELD RIGHT-OF-WAY,1.0,24.0,2.0,2.0
14619dd2fd55d894d1b7bcc784b09fbc076f37f150c483f96fda37eade9f6ca5f010d01d334858b339ad35faa09697ec30a58a6fdf14a901c1527c2840f81d15,SNOW,DAWN,SNOW OR SLUSH,WEATHER,2.0,46.0,2.0,2.0
1461a2b8e1cfc960e8aafca15dbcd84e8f6c98cc16012916f4a926fb436176d57db864fdbfc3e21a97ea0ab143ca014890e475096764d6c819ffa26ff3bf5adb,RAIN,DAYLIGHT,WET,FAILING TO REDUCE SPEED TO AVOID CRASH,2.0,41.5,2.0,2.0
1461cf6bba2f96e5f33bf917b7640dee91e1c25845a0f4a2492efb4f512155f5c6c4fd76efcba32a483f61d3c30f11b1b8a7b9eaad10a5b7eb52b6e533b8c55c,CLEAR,"DARKNESS, LIGHTED ROAD",DRY,FOLLOWING TOO CLOSELY,2.0,42.333333333333336,3.0,3.0
1461f0eb99f295fbe531ff12536004217058a590f0a284ea90ce9ac20b053f113aaac5fc88013ed44901d4c497381459167c18801de06420b0975836de06eecb,FREEZING RAIN/DRIZZLE,DAYLIGHT,WET,ROAD CONSTRUCTION/MAINTENANCE,2.0,40.5,3.0,3.0
1461f623038a28653aee0780f93ff8e2aa345584da5a9ba1cc7feb8f5ec642b2e90b1fc6b5c21bbf654f0b25fbdcb2822c40c32e99080acf9c4c2bb26a84de4e,CLEAR,DUSK,DRY,IMPROPER OVERTAKING/PASSING,2.0,56.0,1.0,1.0
1461fccf515f876156935911ce2e1742c159e488168f32031dd64cb52665e4723f1622ca9007285292c721ef0d3c931c7311a05afcfe5e3f23f77c4ab51b840f,CLEAR,DAYLIGHT,DRY,DRIVING SKILLS/KNOWLEDGE/EXPERIENCE,3.0,19.0,1.0,1.0
14620074c5205e42d1c2251d2431eaa099b667fa81b25b0a3384a11b3d026b2e17cbf7c92282fccd602e9bd4202b32a14161197789665adeb876df27b2985897,CLEAR,DAYLIGHT,DRY,FOLLOWING TOO CLOSELY,2.0,34.0,2.0,2.0
1462331784960ce3a2aa9e8cf1e24a14f01bd3c4078a7bc911f64bf6d8aee41a014f04e1d1816add120f13fc807b55ef945b49880ee1ffcc2c0750763b8caece,CLEAR,DAYLIGHT,DRY,FOLLOWING TOO CLOSELY,3.0,66.66666666666667,5.0,5.0
14623bce0d285f7341af2b93fda2e41efadfc4aa12e50857c7d4971e267e2301a631b59a3a889450d6291921c6a707abca56085a56d12b0eec7b85850f2d12b0,CLEAR,DAWN,WET,IMPROPER BACKING,2.0,31.0,3.0,3.0
14625795c650cabc997bac70f6ee48f906a22f42c4b050d3936bc90fe5f3eaf96e7b7167e9a06c8cf72607c6193fd301b11fdeb415ae0ae6d3c4cf3f660e606d,SNOW,DAYLIGHT,SNOW OR SLUSH,FOLLOWING TOO CLOSELY,2.0,36.5,2.0,2.0
146277a4acb15f7c65ac20fbacbe578368ab5fa74dce680e926b24fd5904b531101fe9b6947eda203e611f9b889ac92ce2f9196b25bf499485164d7d405741eb,SNOW,DAYLIGHT,SNOW OR SLUSH,DRIVING SKILLS/KNOWLEDGE/EXPERIENCE,2.0,43.5,2.0,2.0
1462a7b0def161af88e2286d000f24c8a6a95f68bd72469425b80318073eed6a2830b8131a078c2bf8bde8252a3c54307981c5b767d504f7589105092dfe8a1c,CLEAR,DAYLIGHT,DRY,FOLLOWING TOO CLOSELY,2.0,46.0,2.0,2.0
1463015e71fe2ef41e5126324fcbf3af4a200039eb173d6f4112c98e1704fe17ea8cbf324ae8b1b618df10cad0b30e9cc5cc8267144d3bf3042a6cf6cfcfb5d9,CLEAR,DAYLIGHT,DRY,FOLLOWING TOO CLOSELY,2.0,51.0,2.0,2.0
14631598e0c9be84812f95642f7d62ac218da67ed324453b7e99cde6bd203399bd181ecdbad95980f5e341e4e8ac0f13b4ba745813cd9152e87930d056a0e6b9,UNKNOWN,"DARKNESS, LIGHTED ROAD",UNKNOWN,IMPROPER BACKING,2.0,37.5,1.0,1.0
14633ade072ca41dad87f792526c75251de4fd951d4b7d15245f77bec9310e0c5e7ec31e603336cde00f9d04a8aa887ef247d2b5f8531a6d61d741df1601028e,CLEAR,DAYLIGHT,DRY,FAILING TO YIELD RIGHT-OF-WAY,2.0,30.0,2.0,2.0
14634bee94bc51065bc788d8c82ffd377f9f4735b8a051cb0c525741c112f7705887d053829e4a45c120089266de69356141a857f9c3720ba9c6b03ee3c8166b,RAIN,"DARKNESS, LIGHTED ROAD",WET,DISREGARDING TRAFFIC SIGNALS,3.0,39.4,5.0,5.0
14634e606674ae58b54e0a2736cf9168a9a1442586677d1123b50dbe676aead70353fe0a2c60661855e6ce4cad5214b85efa04bda70251f4dfb1b0cc45fd04a9,CLEAR,DAYLIGHT,DRY,FOLLOWING TOO CLOSELY,2.0,29.0,2.0,2.0
14637899f768938f4f6ac482db08ecdc023db7faa8da43e63767d2fbed7e1d57f03541043e203c2659b3e713dabbfdd6591cc3406a1274931190db81f221a3cd,CLEAR,DAYLIGHT,DRY,HAD BEEN DRINKING (USE WHEN ARREST IS NOT MADE),1.0,63.0,1.0,1.0
1463812c14c6113e6e187e9462a821f0b86ae683813b9e79509912786f16a532cc6ed01ccec083d5b48ff2c1b087923a42956707727047e29ce371da034552e2,CLEAR,DAYLIGHT,DRY,FOLLOWING TOO CLOSELY,2.0,27.333333333333332,3.0,3.0
1463cef604eb0f35cc538d4e516d96f2dd8104f1ffeb141923066b53f2a31ab7b697cfbae68f5a5292003b38ad50688aaf996f94b90c05cdb740c07da1a35f2d,CLEAR,DAYLIGHT,DRY,IMPROPER LANE USAGE,2.0,0.0,1.0,1.0
1463dab700b14451728719dc6df16f7880eee0136bba9447ca285e8bc2420f8d31ec930ff52d033c43a5c8eaea95d393c4c50da7a47f372324d867a56add99a0,CLEAR,DAYLIGHT,DRY,IMPROPER TURNING/NO SIGNAL,2.0,27.333333333333332,3.0,3.0
1463e17120884796bc3592498cf4c8f6d88f8efe2b897383068f0f5735500630a089e7ad432474b98871d50870441569b56254ed3bb2bbe04ce033a612dae3ab,CLEAR,"DARKNESS, LIGHTED ROAD",DRY,FAILING TO REDUCE SPEED TO AVOID CRASH,2.0,50.0,2.0,2.0
1463e969dc38aafaff811d62cfe11706299a6088157a459232a3e479e0063324e2c3b13d0e0c1a465365c68db653867fe1f7249aab1eae028810cf69a9b04059,CLEAR,DUSK,SNOW OR SLUSH,FOLLOWING TOO CLOSELY,3.0,51.0,3.0,3.0
1463f14e3736b7ebfc4b114daf58a5d58aa1eccb9ada568f59f43144ef830eaf58473d1bfa09d447436eb52e11fed7acf8a3d567d78cfa2e205eeab52bb80382,CLEAR,"DARKNESS, LIGHTED ROAD",DRY,FAILING TO YIELD RIGHT-OF-WAY,1.0,43.0,2.0,2.0
146410093725a735dca52ba6e8873e1446808c2452ba9ffe45d6fc4728adb0c70d3f7c539fc9f3e1796178268528141a61b537f9868b5d26e9716d0c56c2ba4b,CLEAR,DAYLIGHT,DRY,FAILING TO YIELD RIGHT-OF-WAY,2.0,49.0,3.0,3.0
146447a5543c423ee325645be1081ac02eee338dfe9d97e58e85dfa8a3467170c8511f5fe9ec2f50fbac59da783cfc589cfa328e905950128718a8ffe77713c1,CLEAR,"DARKNESS, LIGHTED ROAD",DRY,FAILING TO YIELD RIGHT-OF-WAY,2.0,23.714285714285715,8.0,8.0
146462e9a0b8bedaa68a4847168d25f37e5a85f29971033dd99c8491b95f309704c2a0ac0b6d2855c7bcdf5b1396d1d72e0391c46b4e24a6477bb1547e265fb2,CLEAR,DAYLIGHT,DRY,IMPROPER TURNING/NO SIGNAL,2.0,30.5,2.0,2.0
146491f946d91a782acb0d2686f151f51c13d3a30519daa01e4a8839cb89026f9faeeedd8f2580d611236bf5caa02f51d906ef06b0091f169ba9422a5746af66,CLEAR,DAYLIGHT,DRY,DRIVING SKILLS/KNOWLEDGE/EXPERIENCE,2.0,22.0,1.0,1.0
1464a3d04e4797d739d8a31d34b6b8b13014672f62b3bb7844ca789d244b17c31263c02d188b0812974b9af746035d95ff6c6b8c527976d634451464ddff0b7d,CLEAR,DAYLIGHT,DRY,FOLLOWING TOO CLOSELY,2.0,35.0,2.0,2.0
1464a6fb1a1a42142dd03cea15a24bd0ec9e51a0223f2fe4fd7ab9e1429040cc54000954032d3e9352300a669d81ac75302cbdacf4627c77bafc64fca58c67be,CLEAR,DAYLIGHT,DRY,DISREGARDING STOP SIGN,2.0,39.0,2.0,2.0
1464b2afaa33ec7aebbedc8b94ddd9d9d0395b8730dada81f95326d6aa7b47c2994c17f32ef263234ba3310f1e85efb5e0167b143a2a0780eb7387660dffa953,CLEAR,DAYLIGHT,DRY,EQUIPMENT - VEHICLE CONDITION,2.0,29.0,1.0,1.0
1464d9f6d64da9e97bad0812ef27213cb48fd2c05f3a54ae8fac24cd9588f478ac74f937c80c6ede0793be10b051aa5864e44d4b4562d4fc09a9b81d67e96420,CLOUDY/OVERCAST,DAYLIGHT,DRY,FAILING TO REDUCE SPEED TO AVOID CRASH,2.0,21.0,3.0,3.0
1464dd65f7c7e245bf73b8c16f337201b9f837afc7a781f4c02b701d1b529a508632684b30327a90bd5f2c3de7cf5dc1bbeecd8cade4e8d7844215ce650e2833,CLEAR,DARKNESS,DRY,UNDER THE INFLUENCE OF ALCOHOL/DRUGS (USE WHEN ARREST IS EFFECTED),1.0,24.0,1.0,1.0
1464fe79016b534fff6d9fc6663218720340c596162412ff5271d695dc62508f55f9bf465db5dee6a3df3bff0adaf652f5d236880a5de0e0a43d06c5c0e6d4bb,CLEAR,DAYLIGHT,DRY,FOLLOWING TOO CLOSELY,3.0,32.5,2.0,2.0
1465157f3287c0c446c57dc78ff52c8934b949f8a4519f30ad5258216038562c0dbfbd82eae5e88f8b3ae87904bc64213502d823f8ac5dcc4808332d3319348d,CLEAR,"DARKNESS, LIGHTED ROAD",DRY,DISREGARDING OTHER TRAFFIC SIGNS,2.0,16.5,2.0,2.0
14651785ff252ac688201e36e221666fe7326c18678a1ed3477a52395c92bbbd57280dba1b1752870454293e27242dd2cfbb1875b6c186fe701d82d9d662a774,CLEAR,DARKNESS,DRY,IMPROPER TURNING/NO SIGNAL,2.0,43.0,2.0,2.0
14652ff8419a23a28a3d08c6940e211f0f4aaa1a7a5e0a8e1308ed602d523f3d24b92a670222fea971451c06f83d501a61519aaedc1cd29c498eeb51cc30f6ff,CLOUDY/OVERCAST,DAYLIGHT,DRY,FAILING TO YIELD RIGHT-OF-WAY,2.0,51.0,2.0,2.0
1465334efe11d633c4e8e33ccc58aba1cbdd07c79eeadc53db4f750c9410df490cd59dcd523ab3f982044b58db576c65ef8a5c95f6d70ddf1110e13aa063789b,CLEAR,DAYLIGHT,DRY,"VISION OBSCURED (SIGNS, TREE LIMBS, BUILDINGS, ETC.)",2.0,26.0,1.0,1.0
1465360b7a67e4210cfd125f3e0528a2332170369460f993aac4cc58a37fb170569df55a68c5434e0890ea1059e0c0f088751679f7743b6831b26b7470f331a3,CLEAR,"DARKNESS, LIGHTED ROAD",DRY,FAILING TO YIELD RIGHT-OF-WAY,2.0,30.75,4.0,4.0
146544ffd052b54ffbddbf349b19f5f2ee81e14a11049c32f07871f2bb05da4b3467f24cde185ebf4410fb8bf4078cd67cfd42c1f9e45152fe0dc86deb5522f7,RAIN,DAYLIGHT,WET,FOLLOWING TOO CLOSELY,2.0,33.666666666666664,3.0,3.0
14654a2b3b6652dd71f236363bd33a8924af4a4f3fc316018272851636a5d74dd7bb7163d9db6fa4503e5b8faff6fc94690cf0cfc2a7f2cf1f1dc7dc8404fc1b,CLEAR,DAYLIGHT,DRY,FAILING TO REDUCE SPEED TO AVOID CRASH,2.0,38.5,2.0,2.0
14655798db4844500f46bcbb2cab4d80c2d13f426428f595775ec84f6e6840c4bfb638703b9dea1fe8aba20ce63e4fe093c0d1d3255d128470f119d541469933,CLEAR,DAYLIGHT,DRY,FOLLOWING TOO CLOSELY,2.0,60.0,2.0,2.0
146566a06457cbcd6d54e28637b1630de67244afd7de4374148578c91243f6bae4f2ca8fc2621eb7c89081da912777351523edab1a32ee29bcef023f775a25d4,CLEAR,DAYLIGHT,DRY,DRIVING SKILLS/KNOWLEDGE/EXPERIENCE,2.0,37.5,1.0,1.0
146588c44142de0e874d0d4e9ff7699209b8aa2174c0612e6f57bff536d6d0f4300221df8fa97bac312538511d5d3a147e99190e96f5d45389a39c0e554f6bca,CLEAR,DAYLIGHT,UNKNOWN,IMPROPER BACKING,2.0,37.0,2.0,2.0
14658e0b7d8302fb47632bdf4baba16ef9c4bc3456c875a59e536915959b65de0fc0eb8dde339112f13a0fa473dc1463ac297aab6bb8d896216a1c2688056589,CLEAR,DAYLIGHT,DRY,DISREGARDING STOP SIGN,2.0,45.0,2.0,2.0
14659a6117e04048eadd4e41d8defebcd6c6bae697bde6b930910c190ce98a93ad96e96de5dbf77b7194f13aed1de093a8f38bd437ef0aa69842b6987e247fcc,CLEAR,DAYLIGHT,DRY,IMPROPER BACKING,2.0,43.333333333333336,3.0,3.0
14659d5a448a0dc48b53e9c8ad98c0030f3a0cac72dcbc77a02e882717952e880974f6e879ae5674672b993d164f5bff23c7a0dfcc5920c202ef9934256eeb36,CLEAR,DAYLIGHT,DRY,IMPROPER BACKING,2.0,54.0,2.0,2.0
1465c95300078ebd3822b74d13ac31939bbc5b9f7e15bbb160eaf81f60921bef2715111f192892bdc2ce033d8ecfba125eb58ec31e7f1afd84c8c1351a96fc6f,CLEAR,DAYLIGHT,UNKNOWN,FOLLOWING TOO CLOSELY,2.0,59.0,2.0,2.0
1465d79c9ab5193ff1467215659e691fa54f982a59db704f2a22aef4a05b8fde1dcb9b725a0543eb571945be6d5907968d136e972f0d126c9938e28b7ef41875,CLOUDY/OVERCAST,DAYLIGHT,DRY,IMPROPER BACKING,2.0,54.0,1.0,1.0
1465eec7787ff74103d373e7be74bef98ce886df3333e1114b578e35a3bbdd06d5548ed3dca3c88267b0782b46fd5b1c83275f38b4dc5a7741079ae60a9dd26d,CLEAR,DAYLIGHT,DRY,FAILING TO REDUCE SPEED TO AVOID CRASH,3.0,41.0,4.0,4.0
1465ef1268baea0a0ee5bcc10a4d310ba9ce56dda63bed4e79d8433d401a5441c4fd18a146858974b432950fc7e35883bbed45dbfa349e1769ee8f99e630f428,CLEAR,"DARKNESS, LIGHTED ROAD",DRY,FAILING TO REDUCE SPEED TO AVOID CRASH,2.0,27.5,3.0,3.0
146612b53efe972ae1033ade1422ad46ac51efb0b540c036f3cc53ee3cd49027496e15bc210713083e196c9ec1aa89330a11055468c3b6f0369b62f94c3d5490,RAIN,"DARKNESS, LIGHTED ROAD",WET,DISREGARDING STOP SIGN,2.0,30.5,2.0,2.0
146623e1354a1cee17b8ae84a882779629e96dcfe2e7157bdc0656cd604aed18d5d70c0884ce2b814478552651c5dd59d64cd8f89e798421b54107a145f5b540,CLEAR,"DARKNESS, LIGHTED ROAD",DRY,IMPROPER OVERTAKING/PASSING,2.0,21.0,2.0,2.0
1466318880ec2183c3e2e34c26392c823df7af4e66825b9c17e56045eb3af2d900f1d2dbc588e649b801ae2630712661b6c48a3747ad6c46781c58cb9f1a44bf,RAIN,DAYLIGHT,WET,FOLLOWING TOO CLOSELY,2.0,18.0,2.0,2.0
146659b0575969a58cb9c878b3babf1fc491baa3ca2f9d3af2ae43d47645a68915441ad07ccc77c00bd9105248604a091230087d7443c466739d335800f2bedb,CLEAR,"DARKNESS, LIGHTED ROAD",DRY,FOLLOWING TOO CLOSELY,2.0,30.0,4.0,4.0
14665a5a5652a1e0fbec203267f050a395298c5522497b67a4cc79e4e26eec9b12e164e81e46ac1b21cf4c34f0c1b7feecd82c439ebfff14821c05b72a96a6a8,CLEAR,DAYLIGHT,DRY,FAILING TO YIELD RIGHT-OF-WAY,3.0,47.0,2.0,2.0
14667075dd79e85cafc59f9f96e84e9aa036555087b5e25eb53ee9b32c4e1dd52967385e4d61a2217e61dcb7efed25e04c8a480bce23a399e30b01387aaabaef,CLEAR,DAYLIGHT,DRY,IMPROPER LANE USAGE,2.0,64.0,2.0,2.0
146675a12a08b7e242b2cc0ee8f3ddd28725984b37c0b78366c66a342e0457f6ef6da0c375e5ceb6d0f3ae4d10da9783db43411bc3667740d2e2070e2f007b34,CLEAR,DAYLIGHT,DRY,"VISION OBSCURED (SIGNS, TREE LIMBS, BUILDINGS, ETC.)",2.0,40.0,3.0,3.0
1466e1b3d1293da2479c246f6af3e512d776a0c4575dda85e54fa8771ac99c80846a707c95eb60593d8de9ad8890773adc75d9bf73ee6d92838543bb63a212e8,RAIN,DAYLIGHT,WET,FAILING TO YIELD RIGHT-OF-WAY,2.0,27.666666666666668,3.0,3.0
1466ffe9f21c9aebc36634b3bbdc36f5495202680eb5f305cc0306ef0b4c92a440bd0080d2652d2e1d40886c6e06feebe3d23ce661cc504769222a6d11deb1f6,CLEAR,"DARKNESS, LIGHTED ROAD",UNKNOWN,EQUIPMENT - VEHICLE CONDITION,2.0,37.5,3.0,3.0
14676e160e0f5c1c2325bfd594c90114860b1fa51e6d4f17146a79073b02181a2ff3fae718a504e6b6b41dc9e062e4efe8eec04943ada573533cba1b03355087,CLEAR,"DARKNESS, LIGHTED ROAD",DRY,DISREGARDING TRAFFIC SIGNALS,2.0,52.0,2.0,2.0
1467a23799beff0565d8c24f43edf94b08519f8bd6f2bfd5026bf0b9c4f4c05b6b1a3703258985262db108ad934932ee341c974bd758748347cb0c26f2c2d8d0,CLEAR,DAYLIGHT,DRY,FAILING TO YIELD RIGHT-OF-WAY,1.0,36.0,2.0,2.0
1467f891629713e4604b99c860b3251219e2b75509b419cd5094bb9478e345b01d8ca4413ec8f853b11acd390a3b0bb44ad642611256159870f322494ddef590,CLEAR,DAYLIGHT,ICE,FOLLOWING TOO CLOSELY,3.0,36.5,4.0,4.0
14681d0e3184494186280d8106bff0a88f7f189afa4f8373794ffec9f54b233e49a8da2d2748174dee155d4494d9a5f39a256cc841c4d0e6168a4c858bc09838,CLEAR,"DARKNESS, LIGHTED ROAD",DRY,FAILING TO YIELD RIGHT-OF-WAY,2.0,24.5,2.0,2.0
146841a19da0b6429e84d336063f2bbacffef2758da55e24d53a51cf60484bf593530fc474a5a1ea992c43ef9d1b1fd7680528329c7b3b407b89891282d7618a,CLEAR,DAYLIGHT,DRY,FOLLOWING TOO CLOSELY,2.0,19.0,2.0,2.0
1468462936cb2b37127d88c0e8e45ee613e4b69a6e3266690e9ee85bdae2f12089f27cc96af9ff4c10d2e135288392d616aacde3c96af013db5db665f2af042a,CLEAR,DAYLIGHT,DRY,"VISION OBSCURED (SIGNS, TREE LIMBS, BUILDINGS, ETC.)",1.0,27.5,2.0,2.0
146866fed66c423d9b8d2ada97224348b8afdf3a589ad1eae8817b819fbe136d0653b7cc6d34c9d60e576fdd9061b9d1d1d2619fae8a0499c26c7b1bff1e6881,CLEAR,DAYLIGHT,DRY,FOLLOWING TOO CLOSELY,2.0,72.0,2.0,2.0
1468a2122866fbc85a2d091a799e579cd0007d9129776d662b03dd21f4f1df2aa8316ab91bee102c9ba32df34efad8ae67e46d80af1a9dfe6e16c5e438b3a747,CLEAR,DAYLIGHT,DRY,DISREGARDING TRAFFIC SIGNALS,3.0,32.166666666666664,6.0,6.0
1468b1a2ba9b776f475b5a09ae22160b96ff1f6c583527178d29ec3a5c73a0290f570267339eb9663b2e11216e2626ec8834cd7028a9033fedd19c03a7b37dc1,CLEAR,DAYLIGHT,WET,IMPROPER BACKING,2.0,52.0,2.0,2.0
1468caabf2f2a13a9cbe61ad7208a16c14c0bb4901ac2fb36585fd12eda3946f70314243d839b7089cfa5edd062cf82dd74af80a4c0c61895162a0fb96af17e0,CLEAR,"DARKNESS, LIGHTED ROAD",SNOW OR SLUSH,FAILING TO YIELD RIGHT-OF-WAY,2.0,54.0,3.0,3.0
1468cafc2d1be0a2c780541f7b29edfa0cdd2c2e7f444e9e68d6258e787a3b52435795ebc198210a40d5d0df3568ee29e687e13ab8b1266f1a36e03f96a2e6d1,CLEAR,DAYLIGHT,DRY,IMPROPER BACKING,2.0,41.5,2.0,2.0
1468d7b64a3630656bd3562796200a32a8e1baf4d041f91aea48556132f4a41ee850ea80764d7870b8aa31ffd3bed4d282939a8e4dc3fe78c0425e1666f7b99c,SNOW,DAYLIGHT,SNOW OR SLUSH,IMPROPER TURNING/NO SIGNAL,2.0,27.0,2.0,2.0
14693b09f751301d7e01e4c40e03ba121699b9ddf885798c1c1a3f8f4de799610263bd76a1c1f8a1431be0cba5fcd8208436686b63efba72de8379ad4462d089,CLOUDY/OVERCAST,DAYLIGHT,WET,IMPROPER OVERTAKING/PASSING,2.0,36.0,2.0,2.0
14695a1179ab87644c76cc3484f972a8dd4149e6e909357c5df15ffc002d53b4281b0f7dca4222f3d9ecf58dd149f772dd33c50ac23d406ff391732600e80dc6,CLEAR,DAYLIGHT,DRY,IMPROPER BACKING,2.0,61.5,2.0,2.0
14695f6adb2f7635a615d9f6ea4ab99a0e4306bd38158aa93b18083daeb13238a214f67ead5fc1fc3cc6b437d7fcdc6d848a5e7bede30514fd2786dc8693d29c,CLEAR,DAYLIGHT,DRY,FAILING TO YIELD RIGHT-OF-WAY,2.0,24.0,2.0,2.0
1469fd9a1aef4517403a6a6beada51d8e82942534f56ed3e0747304b9138b9031110bf3f32750d4a4f363dab653d8f7e086644f4dabc96f1b65d04ac157c2b0d,CLEAR,DAYLIGHT,DRY,FAILING TO YIELD RIGHT-OF-WAY,1.0,59.5,2.0,2.0
146a05882e40ecdc3b3f805337e1308ce0bb353a941aaa9fd95ca783a6e21cfdc11cf9eb30387c210649bc64c4a9fcafda3a0e7716b2cdf7853aa154551c5f12,CLEAR,DAYLIGHT,DRY,FAILING TO YIELD RIGHT-OF-WAY,2.0,25.5,2.0,2.0
146a2042f227116b65300f44984567ac6532aaad1c04fa0a6ba3549898f7a8dfbb35482c90eaf9233a0c60298c5056544fa0d4dd2b7c6fb87027486675d239b7,CLEAR,DAYLIGHT,DRY,FAILING TO REDUCE SPEED TO AVOID CRASH,2.0,41.0,2.0,2.0
146a8addb1db5acf90c6dbbcf006ea4256910637944842a0783fb3957365f8d0c96361e05a5d34378a090d14ee4b9a466ab8b0e2ba048fbb30b71bea8624f5e3,CLEAR,"DARKNESS, LIGHTED ROAD",DRY,FOLLOWING TOO CLOSELY,2.0,54.5,2.0,2.0