crash_record_id,weather_condition,lighting_condition,roadway_surface_cond,prim_contributory_cause,total_vehicles,avg_driver_age,total_people,total_injured
146aba11055c8e178ebc60be0f2b22240b6d9be58f1b4adc653e3b7a655c478164282e85bef867f870879595eed5d59c7bf48315eb887e6693a6c662584a4349,CLEAR,DAYLIGHT,DRY,PHYSICAL CONDITION OF DRIVER,3.0,40.333333333333336,3.0,3.0
146aca6db0ca991f028b4572e8453dbf34a73e3ed88dbe8e536e5564627eb85cdb2cca4b47e5c7b80cb1a715d4cb0a1e5738f747286b6c21e71698013fcc56a3,CLEAR,"DARKNESS, LIGHTED ROAD",DRY,FOLLOWING TOO CLOSELY,2.0,28.0,3.0,3.0
146ae1665417b7767aeee19385bfae49f2ae6f95084073399e52e4a314004e8d6c6c629d9ce7180e64d5ec2eabcbc4c128ae20fdb820c7dffa655b6faafd80a0,CLEAR,DUSK,DRY,IMPROPER OVERTAKING/PASSING,2.0,48.5,2.0,2.0
146ae81333d81b5fecf2c34fa40db44df77c7b85bcea96429bec72b82cdfabaf4014c32f7e5acba84fb13f192d00033f8cc7926af18c0353bdeec378b902c527,CLEAR,DAYLIGHT,DRY,DRIVING SKILLS/KNOWLEDGE/EXPERIENCE,2.0,76.0,1.0,1.0
146afdad7301c66dc5eaa8581063303611ee649731c7e2c057d630ebaee72633fc6732f833cefe38d314a0b5b1ebbb25395f1cf099437516cd0dc8c9b0969175,CLEAR,DAYLIGHT,DRY,IMPROPER BACKING,2.0,21.0,2.0,2.0
146b1920e296264fcecbb3792a9732c4aae42ef225b45805a4ef535f65b56c8209fa9e49d069f999a5e094ec89b34b56873e530309a5681be7f9cbfc4c6eb3bb,CLEAR,"DARKNESS, LIGHTED ROAD",DRY,DRIVING SKILLS/KNOWLEDGE/EXPERIENCE,1.0,24.0,1.0,1.0
146b26283fa2cac75893139800b4ce5c27b6a2c8a3b38f9479960abb9234b376ad276c4a93ecd6ca586d75371a406f96b337af3953382ad408d726004ff700ba,CLEAR,"DARKNESS, LIGHTED ROAD",DRY,FAILING TO YIELD RIGHT-OF-WAY,2.0,32.5,2.0,2.0
146b3c074ac981ba5f13a72de70aff4f0ce9da55452803c75ade6cf95eeaf2b16a200473850548df1e00f532962a0e4c51c3ddde6455210b2b0ef13617a6d88a,CLEAR,DAYLIGHT,DRY,DRIVING SKILLS/KNOWLEDGE/EXPERIENCE,2.0,64.0,2.0,2.0
146b686188af690d11c2cf46ca187382a85b5e62be6e76475c1265add37a28560d80d50cfa4a76f038dba792ab24afb7dee075047373cfcdaa2e46d883230000,CLEAR,"DARKNESS, LIGHTED ROAD",DRY,FAILING TO YIELD RIGHT-OF-WAY,2.0,23.0,2.0,2.0
146b735337f0bbc2784d854defac80a0fd75c0fd29def2d67367c29974a8acd91e7483f2aa93475808ae9a0650e23db787ccf0a4a04f7741d4e51a78fd644c8a,CLEAR,DUSK,DRY,IMPROPER TURNING/NO SIGNAL,3.0,29.0,2.0,2.0
146b7b80719b5d1f7a67548988a6eb4b4720c8710b36a697572d16bb9ddb1b1f1f4759b1352e37edac15bc34cf57f2d125531d7f6262a383bf9fe1087ebde6bd,CLEAR,DAYLIGHT,DRY,DISREGARDING STOP SIGN,2.0,23.0,2.0,2.0
146b9c8bac3de45249852877a50e3936de5c791d464338702c2694747748e3aa6c86be39d19b8e62bb71a78bef81a53a1f72dfaf84f1429f3dec5783e551c8fa,CLEAR,DAYLIGHT,DRY,IMPROPER TURNING/NO SIGNAL,2.0,38.5,2.0,2.0
146b9f5c963cf2fd085f84695419b7d6aac6d28d4a70e1434d0ab7c8442f1b419fbabc8ad56e66894b96cbe27ee738d35a24ade7b64cd416cef20d5b022d1b36,CLEAR,DAYLIGHT,DRY,FAILING TO YIELD RIGHT-OF-WAY,2.0,56.0,2.0,2.0
146ba45f71f360dbb63529f2188cb35863a9cdf25e050622281e712711cc6be942d0feccfd5ddfd8233af97197a3051664f1b6f20e2baedb51a6c8ffd5012da7,CLEAR,DAYLIGHT,SNOW OR SLUSH,IMPROPER BACKING,2.0,37.333333333333336,3.0,3.0
146baf47508f2d7f1740fc5785f085c3494f995521f7595775a0726441cdf2229565776f79b5a93bc2e23f90d67310a3b49d2d763248d07e643b1ecf961ff3cc,CLEAR,DAYLIGHT,DRY,IMPROPER OVERTAKING/PASSING,1.0,69.0,2.0,2.0
146bc0413f47222d358c51dede330ea0227000477a86af10e445963f4b83bfff7dfc737d3731992e35b050da749851eaf6f839a362108ae7cd361fdfe856dfb3,CLEAR,DAYLIGHT,DRY,IMPROPER BACKING,2.0,37.5,1.0,1.0
146bec44f4a20a74a807366f3debd7b839583d76c1724e895760809ca3109d00dc16a7812087f7276793441094e85de6c14e08172d2898ce4b0be0d40a09b63b,CLEAR,DAYLIGHT,DRY,FAILING TO YIELD RIGHT-OF-WAY,1.0,28.5,2.0,2.0
146bf7cc359f7805c066ccf6f364f37f9541caed60667083177415a1e287dd139b7b7f6902b2342e215ca3af0e56bd49e31341c1bf135b8643196cd372ff6c48,CLOUDY/OVERCAST,DAYLIGHT,DRY,IMPROPER BACKING,2.0,40.0,3.0,3.0
146c21e49d37a311fff4c01ff6a47ff0bf4495bd8f473bd3178f3ce579799f2e7cad8fc9cc222b7ad422677a525c86cc0a2f484644d37c581039b8fcb131ec48,CLEAR,DARKNESS,DRY,FAILING TO YIELD RIGHT-OF-WAY,2.0,29.0,2.0,2.0
146c4d19a558ea1f822ef1da9882a479e940de8f633cf8d5eaaed230c8f9c2a22706a6e8fe72d33e395a474e71d01ac8468a58b8c8a21feff6dd62667fc6af7a,CLEAR,DAYLIGHT,DRY,DISREGARDING TRAFFIC SIGNALS,2.0,25.0,2.0,2.0
146c5b5ec99fff367765ad725e0104ded619a881d87e7cd75f85b3b2ac7b9fbcfcfe4d59bff2fbcf0e7b312993ba1f40e5ac261801de825ed42eabf933cba7c6,CLEAR,"DARKNESS, LIGHTED ROAD",DRY,FAILING TO REDUCE SPEED TO AVOID CRASH,2.0,26.5,10.0,10.0
146c6cefa28a396d18e0aba7393db7cb7a1c7075a7cbcc4fa0ca88cb780607acc65629d868a71ad7ab2a035913905427351551edfc2532a3c5fd5d145792a8b8,RAIN,DAYLIGHT,WET,"DISTRACTION - OTHER ELECTRONIC DEVICE (NAVIGATION DEVICE, DVD PLAYER, ETC.)",2.0,19.0,1.0,1.0
146cb22d7045f46b58fc87d6822151eddacada04365d9f7d44424ed5a8ff4f69fd4a43cbd9fc63e34458955ad842a09dab8af234fd84d92faf0a6b25568f12cd,RAIN,DAYLIGHT,WET,FAILING TO YIELD RIGHT-OF-WAY,2.0,44.0,2.0,2.0
146cb56e3cabb274b43e83aad38be087f257865f382a48b1b72a27a3c649e704d6eab1910faa975673f8bb58e469c17edad4970579cf7ec3ce003e824d06a823,CLEAR,DAYLIGHT,DRY,FAILING TO YIELD RIGHT-OF-WAY,4.0,53.6,5.0,5.0
146cec667a44aad52d5caae2f6a207a717064240aec1d55ea51e5fe15fc945698b7e0b9d78534360c59a48f130a9789fca493c37611b960f51d004b0ddc927ec,CLEAR,DAYLIGHT,DRY,FOLLOWING TOO CLOSELY,2.0,23.333333333333332,3.0,3.0
146cf72993b0dd41c935b73bcf9fb6567f7a2d10886677ecf026fe5ebcd4fb8c237ad8f7fab78f7613c472f1ee3725a49531a38068eddfb7a5580795222eb4ec,CLEAR,DAYLIGHT,DRY,FAILING TO REDUCE SPEED TO AVOID CRASH,2.0,37.5,1.0,1.0
146d0237b8d6a05bfbcccecb629559e42a094e8177ee7e1f85c52e50230af83252f35f8feffd9a3a82d86a9bff302daf9049196a5f0c7ec70c0fdededcf782b2,CLEAR,DAYLIGHT,DRY,IMPROPER OVERTAKING/PASSING,2.0,27.0,2.0,2.0
146d059257e8e8dd05ddec58ef5a9f8203ecceae03aca88e20c4143d3e1974e862326c2284e5d95fd33e413e8ac042383d64ad6d6bbc02176274f6982b429818,CLEAR,DAYLIGHT,DRY,FAILING TO YIELD RIGHT-OF-WAY,2.0,35.0,2.0,2.0
146d2f0e1bd5566ffbc2ef0f70b4b2c4c750bc8990ee0c6614b4cbca1ef038385db74dd2df83f34cdc0ed47e4727fbbf770c46a3daa3b17e31120955eb29e81f,RAIN,DAYLIGHT,WET,IMPROPER OVERTAKING/PASSING,2.0,26.0,2.0,2.0
146d5a2405e28d095db433cc2dc656796e4907c22711c7e761aa4785997b5ba442b642a320c521d0595b583eda9692c9472c6209f15219b882df805308f52c9a,CLEAR,DAYLIGHT,SNOW OR SLUSH,FAILING TO YIELD RIGHT-OF-WAY,2.0,67.0,2.0,2.0
146d6560e2758740ffafb47e47db00f596955d1432a3c79eab38e238241dabd762aa23b836d5a11665af276d1be9ca7cecd330778d792d9db2b278a7ab90ef05,CLEAR,DAYLIGHT,DRY,FAILING TO YIELD RIGHT-OF-WAY,2.0,67.5,2.0,2.0
146d6ab62dad53e8797288d0535dfd8efe11a6b7cdb1ccf009201f7859c63d6ea887ec6d0537acf85ae4cb52a56286a077fc5a88e1b6d640885eb22882ca8a7a,CLEAR,DAYLIGHT,DRY,IMPROPER BACKING,2.0,26.0,2.0,2.0
146d7ba12f165dcdd45cc88ee9e82b421b330e1005edbcf3d79a4fbfa6d76ce87f2c9c40369dd4e6af05366d9ef491d13b96e199f1b822c70dfa101d6fad89b8,CLEAR,DAYLIGHT,DRY,FOLLOWING TOO CLOSELY,4.0,23.0,4.0,4.0
146d8e2fae363c19da2fd9d592dbc96f8e7c9e1a98d28814ecaef0db79c41bf558096de182ed8ccb5d5ee720d9950b75fc2590515daad94d61f104388e74f597,CLEAR,DAYLIGHT,DRY,DRIVING SKILLS/KNOWLEDGE/EXPERIENCE,2.0,32.0,1.0,1.0
146da51b7d3fbb86342f929ac1f1dae5ab6c5b6f7da86cc95fd69bc0b916f264e95ab9db15c359c7270df67a61429e1e47f0b8033472032696d3560138a9d795,CLEAR,DUSK,DRY,FAILING TO YIELD RIGHT-OF-WAY,2.0,40.5,2.0,2.0
146dcbf993df5f204a2b437e23dfd0815bf6e5d06e34f750455665e99828dc2da168f2c266052a99d96472f9ccf2582400521a7821cc4f755458c340b887320a,CLEAR,DUSK,DRY,IMPROPER TURNING/NO SIGNAL,2.0,36.5,2.0,2.0
146e2b1270dc78517e36b004f0b2adc6fae394d12b0be9254697bbd1eb5dc324e58e520058c745695b1f2725490ae7b9d42cf155862851da17bf8fd22528d636,CLEAR,"DARKNESS, LIGHTED ROAD",DRY,IMPROPER OVERTAKING/PASSING,2.0,31.5,2.0,2.0
146e655ae08dab64ae8bd916c588ce56848acf352a462a51827e732403a3519a874fd81b4f9238903d3b214e873fffe133ac48a5a19a1a715245a811a13651ce,CLEAR,DAYLIGHT,DRY,FAILING TO YIELD RIGHT-OF-WAY,2.0,17.666666666666668,3.0,3.0
146e8b834e39fc2782d22309cf3131d3afc1b099714df45441de06a6a4af1aeb659e5b1b658a701a6777af1cbbeef9a4ded1e472f65444b9236390b95ee7e5ef,CLEAR,DAYLIGHT,DRY,FOLLOWING TOO CLOSELY,2.0,42.0,2.0,2.0
146eb5e8f316bc13a8dc1acd759d53af8e5b677b0d262a39df374c71e2b4ead572e60dfc80d2d08c6957094665c363f42aa3978123e791135d0d2a8e8c8cf87a,CLEAR,"DARKNESS, LIGHTED ROAD",DRY,FAILING TO YIELD RIGHT-OF-WAY,2.0,45.5,2.0,2.0
146ebdd3a2e5f859c6ece093c96649c904e97e6b8c6218683f740a9a391ca3cdfe60eb119d18b28d40624e4e5b094dd518ff690906281e7ea86d859aa1a93a08,CLEAR,DAYLIGHT,DRY,IMPROPER LANE USAGE,2.0,31.5,2.0,2.0
146ec7273ccedc1569e53b4250004aa70f696a8a47e089b2821f881ede87be821290178cd2858105f98a07a2131ce07a9230d8374705ebead0f53a15229f2c9c,CLEAR,DARKNESS,DRY,DISTRACTION - FROM INSIDE VEHICLE,2.0,57.0,1.0,1.0
146ed9e4a689e14d4885d3367885451d0a33c48f80a0464c0b95f595bdaebf7765ac3fcfc11e6890f91cf4077a0a26c7eca24d7f18c5f3d95e329695303d658d,SNOW,DAYLIGHT,SNOW OR SLUSH,WEATHER,2.0,47.0,2.0,2.0
146ee11093b1d70307ad0a86ccfc60edc81c62161f4ac2420661bf42f6a5cc757003c268b1651969cbf9ad1b7edfa3a9690ecc3568da7f0a3b46c16103e7c2a3,CLEAR,DAYLIGHT,DRY,FOLLOWING TOO CLOSELY,2.0,43.0,2.0,2.0
146ee24750b48d11dded750a18d0193b369020bc052044a1e34c656b37d8d754bfa93a7f0e67e29f5d9cc12f3a992eed7f4a22a379c2c8f73153a6bf17efd963,CLEAR,DAYLIGHT,DRY,IMPROPER BACKING,2.0,67.0,1.0,1.0
146f3157de571c01e347d9b15024414ba86a75ebab357ad3c7aa0e8c311eda6d77f36d9a7940bdcd15bbdae1f1050a81c2810cbc0745debd7443cafd3bbc6da6,CLEAR,DAYLIGHT,DRY,IMPROPER LANE USAGE,2.0,31.0,2.0,2.0
146f3f5944dc9575fe03c4b00572288b777c8fa6bc0392c65b0067ed15712fbf5a7e4dc498ec9eec5c06e2d3c11cc920c6764f24bc310bd12af593b86ec31e62,CLEAR,DAYLIGHT,DRY,IMPROPER BACKING,2.0,62.0,1.0,1.0
146f5ae8738dcc0924547b770201ae64995a9b3014d1fa52f92366c12127f1f4ca422e4b005ec62a64bda1800c16fb62c4c3a3dea095eb32d46790e097666775,CLEAR,DAYLIGHT,DRY,IMPROPER OVERTAKING/PASSING,2.0,66.0,2.0,2.0
146f68e236265b9e60f2ce82346145c3ce01fcfb96d4f67c9ef6d8ec408c880c45bf1fe5e27ec8954621ae7969fb6c7a48072bdbc227a013e8285535481b51f7,CLEAR,DAYLIGHT,DRY,IMPROPER BACKING,2.0,30.0,2.0,2.0
146f691d13e42e41f0c4b668770477b1a3e426fbbc61586a475a103d13b84ac2bac757960eb23e0036d49984d6e8b695e79340a10d3048ee38967acfcc9b5b52,RAIN,DAYLIGHT,WET,FOLLOWING TOO CLOSELY,2.0,37.5,1.0,1.0
146f69a2ae9d441dec5d250a0b030d3d98407e325052e65815d0550dc19cf2cdb5332caaca06f2a5b24279e9aa2c2d3154bccbe47d204af5d36577342706a3b1,RAIN,"DARKNESS, LIGHTED ROAD",WET,WEATHER,4.0,26.0,1.0,1.0
146fb060a615ff343184345e5c40ef45ee79b174ac6fc4e44e9a43c7ca383b0f57b0d7120627ce3078d285395da1714f7afe8aca9396a900ace358caf38979b5,CLEAR,DAYLIGHT,DRY,FAILING TO REDUCE SPEED TO AVOID CRASH,3.0,50.75,4.0,4.0
146fc3a96f7892e689d691177ff8983e85a0120271df845a8c03a770777114918c57a934a9c60eef1ee50578fdfc66f0b34545742b2aabaf8a374ed17d782c2d,CLEAR,"DARKNESS, LIGHTED ROAD",DRY,DISREGARDING TRAFFIC SIGNALS,2.0,34.5,2.0,2.0
146fd3a21ee1d36f9e72629fd3e8d9564f0faa463ff9b750540cbc4ed42120bcaa39d8cd5de2a3ddb9a61aaf2028f2fde876ffa76af77ef3f92850be1e195941,CLEAR,DARKNESS,DRY,IMPROPER OVERTAKING/PASSING,2.0,35.0,2.0,2.0
146fd6ef1b8aa3d6eca1e593508d6af923b43a667412e5810d538411a85027e181b7157415c78153d4fa9d7776719f65937c20e63287381ea555c31a12163ede,OTHER,DARKNESS,DRY,IMPROPER BACKING,2.0,37.5,1.0,1.0
146fed2d8da635db9c71061806977c986fe6e9756abcdc99709f75c9275fbdd372eb28f68be3dfeab1c45fad4b20f2257ee3c0b4c059a40f9a5655a641bf1751,CLEAR,DAYLIGHT,DRY,IMPROPER LANE USAGE,2.0,34.5,2.0,2.0
146ff71fbb855ee1c2a58b2c9d5e24ce6a9d9487d07517a6f77609164e1543ae58de2d003d06cec867b3c94d89ec20ccfece3101f7687be0634a3deaf0fdf627,CLEAR,"DARKNESS, LIGHTED ROAD",DRY,IMPROPER BACKING,1.0,57.0,2.0,2.0
14700119913cd6eb4cb2b6b760e824c2d86058b58b12e1b5a0e80f8c78a4f5a6ac25fb08188321256f76f6f231eddfc2f1ee5d8d49d9b2ebf510292af85deb6e,CLEAR,DAYLIGHT,DRY,IMPROPER BACKING,2.0,58.0,1.0,1.0
1470325a6a28d7f1150ee32a7f5355be0b83846f9bd98a2c0bf6edd460740d1464c9a421d4c0065e0e4566ff539afee6907629b2d2369df7bf4f11ebdd6198b2,CLEAR,"DARKNESS, LIGHTED ROAD",DRY,"OPERATING VEHICLE IN ERRATIC, RECKLESS, CARELESS, NEGLIGENT OR AGGRESSIVE MANNER",2.0,37.0,3.0,3.0
147054b673ba07f2a544cf2eadae3a914fd439dbac2576357eee6a84291ea1859cbd4bc2e8858fbc608d7e81f1048be5387f7678a78ac2ecbe61c455271572ba,CLEAR,DAYLIGHT,DRY,FAILING TO YIELD RIGHT-OF-WAY,2.0,31.0,3.0,3.0
147066f4d8617797c97d177ea2ddf74f7ead06fd7220c84b4bb0c51db437e7bdad6279f1bab8b78a084833a647a4b4f6a352cfee73ae4b3b6659f6d5ceb26290,RAIN,DAYLIGHT,WET,ROAD ENGINEERING/SURFACE/MARKING DEFECTS,3.0,25.4,5.0,5.0
14706941dc8442e5734a93099b39c243e14ab3731895d23b3e08eabeae7a60fcf4a56ebbdf3e7079c2af77dae4eef7e6bbbf33cc967292e6f962236ab7c7f7c0,CLEAR,"DARKNESS, LIGHTED ROAD",DRY,FOLLOWING TOO CLOSELY,2.0,44.0,2.0,2.0
14707710a6c3815031c4e90db8a2f1e248042fde82cc0a368c83fa8ad1f0ba9687ee8c7a9587fdde46bfd6aaeab63926ce6a00e8d32f8ef1d44c0d8a2f604e02,RAIN,DAYLIGHT,WET,FAILING TO REDUCE SPEED TO AVOID CRASH,3.0,18.0,1.0,1.0
1470c3f016aa210d81e8fc3d1ae6521ef0faf870fd186dfd28e68e8e861950082395df68b1f52f16b21342c713fe5906f3122deea2869b77f6de069c1642e978,CLEAR,DAYLIGHT,DRY,IMPROPER TURNING/NO SIGNAL,2.0,38.0,2.0,2.0
1470e21c93be2113559e00a1177822c44f7e5ad84d9209efa0cb8344122e26270d6a25f853e014126936fd40828bf4ff0a84dede70c6bc126b9f7a38ccdeb873,CLEAR,DAYLIGHT,DRY,FAILING TO YIELD RIGHT-OF-WAY,2.0,53.666666666666664,3.0,3.0
147107aac3dd8f6e452671bc6a57a56d72fdebd0cd278c3fa18b4789a3aee49b55282f91ba9aec1eca12d56311649936b136756e30abc018eb9497332fc1e8f4,CLEAR,DAYLIGHT,DRY,FAILING TO REDUCE SPEED TO AVOID CRASH,3.0,54.0,3.0,3.0
1471094d2f2a497653584d887ed73cddcdfaa35fd02b20376db776ef90f265a2c48a2d3cb5f92dd4633f68a639bc02e11ca5d5a87342ceec219c246d2bd01dd5,CLEAR,DAYLIGHT,DRY,FAILING TO YIELD RIGHT-OF-WAY,1.0,25.5,4.0,4.0
14710b80522f651acca9f0632dcae91c821e575ff5fb255cf8e33f4e6db239faa7b647fdccc267380c7d3e98ef225fdba90a7661e30d97b9ca7d1e20f8d11898,CLEAR,DAYLIGHT,DRY,IMPROPER BACKING,2.0,39.5,2.0,2.0
147116e79580467866d5c3ba09f7246e0fac7a630972f7cf718ac1f8212154f2c2aa5e5667a14b94e2424176425f9103cb19cd8d9c50078bfd93634b660c4895,CLEAR,DAYLIGHT,DRY,IMPROPER OVERTAKING/PASSING,2.0,63.5,2.0,2.0
14712a877abb575bee43a4ae992e2f2499bf558c4f25d1c5b28818c56c91a55dc19eb0905f55e9d572b9de5bc66f3aa5ebd713227c8e1ed999a587b1ca851109,CLEAR,DAYLIGHT,DRY,FAILING TO YIELD RIGHT-OF-WAY,2.0,41.5,4.0,4.0
147140ed03105a045171adb659c4b603cc79962c51b76e2b527fd03f653bc41c13b880691f3b29adeb42b58378e1d5a4816680c78963fb506d6f0d1b94e31ffa,CLEAR,DAYLIGHT,DRY,"OPERATING VEHICLE IN ERRATIC, RECKLESS, CARELESS, NEGLIGENT OR AGGRESSIVE MANNER",2.0,29.0,3.0,3.0
147146ee08af621e16d9395d6816bc1ebbbed34c4b78a544efb16d8094744c01c2075832124ac321b796737b6b2c9ff03ada4f9cf2f222993f459724ffc1171b,CLEAR,"DARKNESS, LIGHTED ROAD",DRY,DISTRACTION - FROM INSIDE VEHICLE,1.0,27.5,2.0,2.0
14715023e6ace543b94b09251beac1615a6e45a3b986f80d1ec4f3a73a26185d010643654bc6dc593ef2d4d0973aaaa8ed523b935c0bbc8198d20111d54d0ff0,CLEAR,DAYLIGHT,DRY,FOLLOWING TOO CLOSELY,2.0,58.0,2.0,2.0
14715c934133bf2064b6ce876f1c3c9655bc2adeac805d14b704b91a23ac3be07079099b288b90e37908fb1edf518eeb902295900a583e5d66e47a90f9900a2f,SNOW,DAYLIGHT,SNOW OR SLUSH,FOLLOWING TOO CLOSELY,2.0,26.0,2.0,2.0
14716b15f722b4ce07ac23e6ec7b45bcdf39bf8d4ba0dbe81765296fcbdc7e7bbd5aafe33711d152880a84bfe10d385f3057ae580e603d8261eee42f6d428bf3,CLEAR,DAYLIGHT,UNKNOWN,DRIVING SKILLS/KNOWLEDGE/EXPERIENCE,1.0,63.0,2.0,2.0
1471a77d20d376870e6c41b2b633ae8bedef09a115fd53e38845437e30ca6fec8d6de542c31e68ba1efa2ed37179b2b4ea156ca1f65f7a9ded748d149aca83e0,CLEAR,DAYLIGHT,DRY,IMPROPER BACKING,2.0,58.0,2.0,2.0
1471fe28156bc7ef5ca5a8bd921c4dcd42684f523851a71fc4bcc1dfc60bfdde3fc3733842b0a768b03816c79c93751143697acc09ec87df515cb7a23993b60d,CLEAR,DUSK,DRY,IMPROPER BACKING,2.0,27.0,2.0,2.0
14720e939ac0b16d9f4ebf72e87f56aad7c82c65cd15ddea35534af70a1e97e7247662399a4271d28049045dd672369790e97c6fa67cb0b423bda65f5417582a,CLEAR,"DARKNESS, LIGHTED ROAD",DRY,UNDER THE INFLUENCE OF ALCOHOL/DRUGS (USE WHEN ARREST IS EFFECTED),2.0,46.0,3.0,3.0
147220de30f7d7bb03ce81f2e015c5538a5f6612ff709cba9328cfcd619f89e01226e1c9cfa9ed2daec7b87214a050f3615cb9b3fb9acda648f1eea4cbb8812f,CLEAR,DAYLIGHT,DRY,IMPROPER OVERTAKING/PASSING,2.0,36.0,2.0,2.0
147225fd5c17a9cb73c2de2cd12b28455dbae35a7f179c1ff8b1c964da732ffe4702c71f5754792738ea3070f111cd88008c317ddb22b5f812133d8d636c545c,CLEAR,DAYLIGHT,DRY,FOLLOWING TOO CLOSELY,2.0,18.0,2.0,2.0
14728e28813c8be0493820bd680381a14b702b056b3397d210c4b45d0d39d8ec2329596b8d7d0966b009de4ed352f8d3e741da52fac908a386485c99abe1faf6,CLEAR,DAYLIGHT,DRY,FOLLOWING TOO CLOSELY,2.0,26.0,2.0,2.0
147291fa9002516fa16dfdcdb73e2368adcb5268bc0eba246ced4f823f9406df5fbb38c6072c31d3d3d821258b081dd72d527d12635d3cf02ab6e1bb66e7e82f,FREEZING RAIN/DRIZZLE,"DARKNESS, LIGHTED ROAD",WET,IMPROPER BACKING,3.0,37.5,1.0,1.0
1472a3f5030385869fb9cb961648561387cd97e0a58a009f3b5db85061e5ba255121e279c0112a52cf9a966868763cfea14af749c4fa34a002be3d201fb6becc,RAIN,DAYLIGHT,WET,IMPROPER TURNING/NO SIGNAL,2.0,34.0,1.0,1.0
1472c9dd73639bf9aaed6bb8065a76fbf8c1daa9e592e1b3feaaa1691be05b269c2d3e78e0de7c121b0ebed38d31b98278be80ddcf2c95bd46610fe789d63de8,CLEAR,DAYLIGHT,DRY,FAILING TO YIELD RIGHT-OF-WAY,2.0,23.5,8.0,8.0
1472d5b77b2fe96a390543d2b55e805331fd4be72435a05375d6d9b85f629a3103f0844b6c4d442a2003ea083755720f35296c6d55464ad14338d3b5dbaba216,CLEAR,DAYLIGHT,DRY,FAILING TO YIELD RIGHT-OF-WAY,2.0,45.5,2.0,2.0
1472fd6f79ede71852f1b144478b8370f336d66e9f1417a5508fc8d069905c79af9d3304a72434cbc72cf127a843e668ec405679b174e58112013b234e120004,CLEAR,DAYLIGHT,WET,FOLLOWING TOO CLOSELY,2.0,21.666666666666668,3.0,3.0
14732a175fc1f5240d39bb70a5e6f40048f84814de229e109ddf5c48c5fbe41974b933adcb681049aabda3a0e3f36ba4711abe3500cceddb14e006c33bb07c67,CLEAR,DAYLIGHT,DRY,DRIVING SKILLS/KNOWLEDGE/EXPERIENCE,2.0,69.0,1.0,1.0
147355643a7775ac10f1fb2c2051164a03942add69ae70ed9af621878c8e168e1f1f33fa5f31daa9724d8fc4c2f5e69a3e383a3f1aeb13f3eb5097fcaaca9d01,RAIN,"DARKNESS, LIGHTED ROAD",WET,FAILING TO YIELD RIGHT-OF-WAY,1.0,37.5,2.0,2.0
14737067e92106450908a8ed9b96666cb5bb6c297f15c0c41f17e379dc9b185ebc99ad435f5fc3bfda900662e1bf4c66b6072b420a84ec4044db812986281861,UNKNOWN,DAYLIGHT,DRY,IMPROPER LANE USAGE,2.0,56.0,2.0,2.0
1473bcd49889efefecace249d1df93b5b88e4c70a76f86253c5bba6d07f58cbdfe4ebc82567c2ee1f522da72463cad1d5e228ac4f6721b0ebc6b1af16dd3a45b,CLEAR,"DARKNESS, LIGHTED ROAD",DRY,"OPERATING VEHICLE IN ERRATIC, RECKLESS, CARELESS, NEGLIGENT OR AGGRESSIVE MANNER",2.0,26.0,2.0,2.0
1473bdb7c4574ca62113cb1812377a8db23c7755ec820d8d20e47c7151cc7eeb03ccb858e12ab96e783fc3a4d72685039945f37626601762883cb12986925f9c,CLEAR,DAWN,DRY,DISTRACTION - FROM INSIDE VEHICLE,2.0,55.0,1.0,1.0
1473bebf7c397c1eabcfa362164be48b7ac6ce89c101c307737c59d9505fc63b2de0feb64414ab10eb14d1c8c0220a769c589ab2543633665d38b539d19600aa,CLEAR,DAYLIGHT,DRY,PHYSICAL CONDITION OF DRIVER,2.0,19.0,1.0,1.0
1473ed700c00f2a5ede5b9be9247fd71bf33a8988f5f353f8671f2e8df12d8c263376111c10e3169d95efb1df815642cf2052b69a9a96343de720a33c0d7bcb8,CLEAR,DAYLIGHT,DRY,DRIVING SKILLS/KNOWLEDGE/EXPERIENCE,2.0,37.5,1.0,1.0
1473f1b711f570e4ed563783bb41399360f6bd648295f0c519ecae3ee91b638ebdda0f1588dfbb4e777ce6d605cadab6b1bb87539245c78b46a62ddf905889da,CLEAR,"DARKNESS, LIGHTED ROAD",DRY,FOLLOWING TOO CLOSELY,2.0,33.5,2.0,2.0
147410f912a04875d89d5c54f70d7a8f35ecb2b61fbbb9477b75382c6b4b70eab59a85d8526122051858cb1e69f0b658ffaec1f9a589ecdc9f30087f189573e0,CLEAR,"DARKNESS, LIGHTED ROAD",DRY,DRIVING SKILLS/KNOWLEDGE/EXPERIENCE,2.0,40.333333333333336,3.0,3.0
147441d53659026e056b86b47514f78be5cea46ddf71fe10c192f5e8b53ef017d453e5702f74629fb593ccf0b02a3bf8e7cfb592f9b7a5f0dcfed08cc279729b,CLEAR,DAYLIGHT,DRY,DRIVING SKILLS/KNOWLEDGE/EXPERIENCE,2.0,37.5,2.0,2.0
1474c444fae71fa4cc57fc1b2fed6cb7be6336e0470f489d4f3089019bb015c8d9f197596cb909d426faac0bf5baa1833c7bad9f9aaaa0986b47671c838e9515,CLEAR,DAYLIGHT,DRY,FAILING TO YIELD RIGHT-OF-WAY,2.0,48.0,3.0,3.0