crash_record_id,weather_condition,lighting_condition,roadway_surface_cond,prim_contributory_cause,total_vehicles,avg_driver_age,total_people,total_injured
14751f5cc4961a14f0576041c099af1ce3ab9f61981ebc5011b1ee09fbf9f9614960cac0d5072e022752fc00c020b73d40e357ba73bea7bbc302531b9ab00687,CLEAR,"DARKNESS, LIGHTED ROAD",DRY,FAILING TO YIELD RIGHT-OF-WAY,2.0,63.0,2.0,2.0
1475215f5b9d3fe0f37b084bf18cf78a8326eb83406accc6a8e16209b0f724501a5ab8455c05ef2637d130ee5ed9ec6e997d7c2e9793ccb8d90a97791c4fa50c,RAIN,"DARKNESS, LIGHTED ROAD",WET,DISREGARDING TRAFFIC SIGNALS,2.0,50.0,2.0,2.0
1475514679907a5fd637e9de926d4179d14c1eaa1191dff0580c8b5614dd06d7dc4e97085935eb91e56b9d741a5feea0cd6a56ea637c908722baef3b019e2d74,RAIN,DARKNESS,WET,FAILING TO REDUCE SPEED TO AVOID CRASH,2.0,37.5,1.0,1.0
14757b316cb97b2ec2207e3b129426030d28a036395103fccc0955acaad29f078fe084667b1edde59e0b93a068757aa626c785bf9876bedc0f533bd194d34005,CLEAR,DAYLIGHT,DRY,FAILING TO YIELD RIGHT-OF-WAY,2.0,38.5,2.0,2.0
14757b6cd81e1c58cc089330d459cdda2d268f9f5c126d5fd0dbf6135fadb08d60feede97ec6ec534af8d263245cfdbb0eab5cf49122ab3af6c9af0f330f55b7,CLEAR,DAYLIGHT,DRY,IMPROPER TURNING/NO SIGNAL,2.0,22.0,2.0,2.0
1475c051283cb1e640db3b25a3489a63ac32eabb552322c6337f936dfe39b673eaa24e5862e39f60d69e8988b9bf43bdcf781b07300775a28d8d1a3f1b1eeeb0,CLEAR,DAYLIGHT,DRY,EQUIPMENT - VEHICLE CONDITION,2.0,54.5,2.0,2.0
1475c9185ef948a170a30ebaa51d323c1a858fbbb62a34c8606de75382ff1bc2d7045b2656dc0e9997e9d05cf27061ff485e2876fded21166c4463a1fdc9b464,CLEAR,"DARKNESS, LIGHTED ROAD",DRY,"OPERATING VEHICLE IN ERRATIC, RECKLESS, CARELESS, NEGLIGENT OR AGGRESSIVE MANNER",3.0,16.5,4.0,4.0
1475ca63991180a13889ce06f3667601a97a98132c7f70d65aef6a91c73e701b824410194dbc896cbce555540dfbb18c154cbb1a5a24277fb08a2c888054eff9,CLEAR,DAYLIGHT,DRY,IMPROPER LANE USAGE,2.0,50.5,2.0,2.0
1475d98ebe817db05850fb0872c05a6598f6d1343ec40da516a5d46e615c5f2e8c34de6bb5b1150c23480995fb8229bf080f2a29178579c1ea74fc5c4bc72506,CLEAR,DAYLIGHT,UNKNOWN,IMPROPER OVERTAKING/PASSING,2.0,59.666666666666664,3.0,3.0
1475fe888b5963e6813e62869b1505015fe2ff7362f42304b058aa1b62819f042d6c23b5e9388dcc0884f06a3e309017d1d41a9f134a1a9c054ad68b7744bb59,RAIN,DAYLIGHT,WET,EXCEEDING SAFE SPEED FOR CONDITIONS,1.0,36.0,1.0,1.0
147615ed7c6fac973e1c6cbe789440873fc4b2bc6afb51cb07855df9e36dc073f3544be941448cf0bbfb95660589dbce912195e7845f155716ca81a18ce5d737,CLEAR,DAYLIGHT,DRY,IMPROPER BACKING,2.0,44.0,1.0,1.0
147625160b57d95082d8c47a28be239a4f17afc498653cabf20de7ddc39040e1b2b9f6f1c94af0ee9fb44b1b4cfc4cd4054f489a1cbe977b77c6f5dbb170cba1,CLEAR,DAYLIGHT,DRY,FAILING TO YIELD RIGHT-OF-WAY,2.0,29.5,2.0,2.0
14763296697bc625c9095b8fa820829fe7f5b892c6565e5cb08b39cdadac00fb1784ccf7866238735866986540e661e60905a209191da3da4d416e52d832419e,CLEAR,"DARKNESS, LIGHTED ROAD",DRY,DISTRACTION - FROM OUTSIDE VEHICLE,2.0,55.0,2.0,2.0
147639942cfbeb8e95771240aecdf4243f11fe6901c39dc870b33044c22c99181230d67265ce2be309322c49172681e8eb992de1d00c6139a996f96183402624,CLEAR,DAYLIGHT,DRY,DRIVING SKILLS/KNOWLEDGE/EXPERIENCE,2.0,33.0,1.0,1.0
14764a3a9b846654bc6a2c7bf391a94027c3796c87738ca942e03754870f2c9e52e91bee93eea940cf14ad52ba3e8405ac0ca5abb35cd7a21c1ebde501431705,CLEAR,DAYLIGHT,DRY,FAILING TO YIELD RIGHT-OF-WAY,1.0,44.0,3.0,3.0
14765a19a4fd83a37ee2f957bd4d736f61e84b7213c77f6af696226c76c4932d73e6b1847842311e648ff53a00e5f50f054211b4d990a239dff15832cb4c2e9a,CLEAR,DAYLIGHT,DRY,FAILING TO YIELD RIGHT-OF-WAY,2.0,67.0,4.0,4.0
14765c8bb3726e628a0953818e3dc2f9150e67f08645cc118ccd20b80f15557126be15e126dc04e0b3424648610dbbe490a22aebefe8282e81d8ce22abf97421,CLEAR,DUSK,DRY,IMPROPER BACKING,2.0,61.0,2.0,2.0
1476730afbc1df1ad65c1b4426f439d8cc7e1fa03de6cf41553262fd68594568b26882c7cffbdf52b511bad1349e033adca0c3a42e7d11b94d6b71b80f27c2dd,CLEAR,DAYLIGHT,DRY,IMPROPER TURNING/NO SIGNAL,1.0,42.0,2.0,2.0
14768552309f7b19e581485f7a0b2dba3f92ce740e029ea72e1dec5422069593ac028bb9ecb70ccf67cfe3adfbccae71e9236dae30728ce7bbf46de23c189b8d,CLEAR,DARKNESS,DRY,FAILING TO YIELD RIGHT-OF-WAY,2.0,22.0,2.0,2.0
1476c6741ee1eff74f44ec172c3bff8c3471e97397cb8d3869f06d18557c63bf48f0bf0bc0b91cbf2eca51c249e934c70fd53dd33bc314caa94e922b0fb53c0c,SNOW,"DARKNESS, LIGHTED ROAD",SNOW OR SLUSH,FOLLOWING TOO CLOSELY,2.0,30.666666666666668,3.0,3.0
1476cd2643b7285679e43e006bb13ca5c89022d0d6568d6c932e900d5eb455a7047db8a8d7a68daa7fc992092aed1ffae28a93679aba58c919443ddfdadaa854,CLEAR,DAYLIGHT,DRY,FAILING TO YIELD RIGHT-OF-WAY,2.0,32.0,2.0,2.0
1476f32b41ea159e3400a1f6e4b88ee19711a6b20298eec8306bb93832068d4b4364af010dc97fa1016f0ec13bf864e72010b23230b8d30564112fd51e4d76e3,CLEAR,DUSK,DRY,IMPROPER OVERTAKING/PASSING,2.0,70.0,2.0,2.0
147703e2a0adc6b6c18c54661cc6ca8c989e324965956e9e2111c84647d22f9215917e854e530740045de5777e14213b08c48944401c5b1ed698fec2bffd8419,RAIN,DAYLIGHT,WET,FAILING TO REDUCE SPEED TO AVOID CRASH,2.0,56.5,3.0,3.0
1477189466e9b4fcfaf4caf99470e72734ad308e0b2fa44ac06eed2f1e2731f9271e5dbb539ed563601623c5ffcebe2bb4af50898de115d032cf3594ec282aaf,UNKNOWN,UNKNOWN,UNKNOWN,FOLLOWING TOO CLOSELY,2.0,31.666666666666668,4.0,4.0
14775a00aca54a58851ddf83ae3dfe21e172c72c65970afd9ae7d515feba7a807d65ae14c86a3a143962e4c055aa88965c19b4a1eb41b6befa5c7efadb1561d5,CLEAR,"DARKNESS, LIGHTED ROAD",DRY,FAILING TO YIELD RIGHT-OF-WAY,1.0,32.0,2.0,2.0
14777acb0976ed0c80df64c8099e24f9fdcd9576da88a9107feea6ea6ae9bac989d16673a3f25ca620a7481b0dfe4a6f5c57b1d0b0593318e6d3ae202d986809,UNKNOWN,DAYLIGHT,DRY,FAILING TO REDUCE SPEED TO AVOID CRASH,2.0,37.5,1.0,1.0
1477905166315b5ad80a9cf92f21086d997044cef7155a93f17becc752f150aa9984f3c4fcb9ae73638c506811ac358d2f02c6eae87dac5665a5d20df91f3368,CLEAR,DAYLIGHT,DRY,FOLLOWING TOO CLOSELY,2.0,37.5,2.0,2.0
1477977a274ab155138597038d724e6e0e645b71fe97c6eb9097a631e6f1bbfa6a5158979098ffe66cb7988a737ce5a56cc40bc45978ebfe448dd287cdcdf056,CLEAR,DAYLIGHT,DRY,IMPROPER LANE USAGE,2.0,37.5,2.0,2.0
14779a456a6e5946438f0174df51e6f4864c57c64f20cb223792264115dd87966db02bd894e7ab929e176c31fff9cb31f8f688aca386f7aa6d40f190d9a01d00,CLEAR,DAYLIGHT,DRY,IMPROPER LANE USAGE,2.0,45.0,3.0,3.0
1477c7504389b3c0085a4dff13f99d850744a261837c2829e2a8c8c8fcfe54a0419299d46329b4b8f2e6c93710bd089e6f448ffb0e13cb5cc3ffe12ad867ef44,UNKNOWN,UNKNOWN,UNKNOWN,IMPROPER BACKING,2.0,34.0,2.0,2.0
1477ca26e70e9cb0c79862ee7f8e14c2d2319afafaa2914c8ea8b6c6642830031e95d99f2f88f6430708ab9a237cc471032d85213fc5e9248497bc1cf751afac,RAIN,DAYLIGHT,WET,WEATHER,3.0,21.5,6.0,6.0
1477cbf71034167a44f8358962adffd79f0a308ee0ab1b27ea8d95d19741ef1991b60df419b3eb8bde638005a14e170815b3c02917248cbed975d95493cddabc,CLEAR,DAYLIGHT,WET,FAILING TO REDUCE SPEED TO AVOID CRASH,1.0,25.0,1.0,1.0
147829cafec2aa2e3d53a18c1f04bb4d6195556b7daf6b534ddddf77fbdcd01e70a31fc2315920f2153de5c110cdf204117a7e9443314c5976eca9f233e3b1e7,CLEAR,DAYLIGHT,DRY,DISREGARDING STOP SIGN,2.0,27.0,4.0,4.0
147883ff710108339d4e86ddefd154e3c25aabb23256d7c0360500bac670b33f32b6f9d9f15f8866a8951f8fe3d20dd04e984b36f2d6e5127e6256aeb18ef058,CLEAR,DAYLIGHT,UNKNOWN,DISREGARDING TRAFFIC SIGNALS,2.0,39.0,2.0,2.0
1478bbc0e39c9516b127a9e103726023783520b5ac2e4cfbd7d874c8b5cb78924cf5f8844f62e49523c548d04a4a63b19229b776eddea12a5bf3583d273eea1b,CLEAR,DAYLIGHT,DRY,IMPROPER TURNING/NO SIGNAL,2.0,50.0,3.0,3.0
1478f61df76a933c4836e0b4b80e5520882b0853aa98284a3628dca8bb4ecbe720d54d2f85c31775284347940e89d77b2ba143aeb907c34de0831a665e49df98,CLEAR,DAYLIGHT,DRY,FAILING TO REDUCE SPEED TO AVOID CRASH,2.0,28.0,4.0,4.0
14798cf9655d9662f9d74ef990390d28b1b24892e1293d547d73f57c6f966557ba08ae23d21cc0be51f57cdbc3496f10c338a29b0dd58d20efb94f485eedd900,RAIN,"DARKNESS, LIGHTED ROAD",WET,DRIVING SKILLS/KNOWLEDGE/EXPERIENCE,2.0,46.0,2.0,2.0
14798d6a88f4b23be2c20107e7a1a6c1cddcb66e20e17a04fa18a2905400acf70b0a6b98350b7468df07a3b780fd5b2f2ff67fc2f483b623a30aa8465b9aafa9,CLEAR,"DARKNESS, LIGHTED ROAD",DRY,EXCEEDING AUTHORIZED SPEED LIMIT,3.0,25.5,4.0,4.0
1479bcbf92e76adc7741e41d57fe4bbd44e91d06859f0c6ce0982acd249126671262027888c6e67c696425e9e8e5e67dd42cd5d156d4e6f23b1b66cba76964d8,CLEAR,DAYLIGHT,DRY,FOLLOWING TOO CLOSELY,2.0,26.0,2.0,2.0
147a1430e1f71a077aa4ce555c79fd9f017d284977ba5a7712ad8c14d035a960d54d84a8c1ec689b58713d935c6f4602c28302140f52554482a406f75d9d0ee0,CLEAR,"DARKNESS, LIGHTED ROAD",DRY,FOLLOWING TOO CLOSELY,2.0,50.0,2.0,2.0
147a311f3d717cc4a840b1a55c3f6a3e664445e7d8d6dc67930d5e0586585e2bd60cd0607b6df058f29c063c7be5a4784754901b139e14f203efb159b1a29b2c,CLEAR,DAYLIGHT,DRY,DRIVING SKILLS/KNOWLEDGE/EXPERIENCE,1.0,31.5,3.0,3.0
147a56728a8b3641ffd80c560421866f313215a910fc3b7054d6989b8db90740cbcbebbec7d80825fc6c78b0ed9278bf228a4eb6acf1af116b3d03d9d5fe7cc6,CLEAR,"DARKNESS, LIGHTED ROAD",DRY,FAILING TO YIELD RIGHT-OF-WAY,1.0,41.5,2.0,2.0
147a5b78f2dc455df86f943fd5deb0bd33e9ec569ef65e2ac8ed78d25f276d05ac199f9dbd6494f8e0759071d6360aca499d067b6b167488c499982c6d3528f0,CLEAR,"DARKNESS, LIGHTED ROAD",DRY,IMPROPER LANE USAGE,2.0,32.5,3.0,3.0
147a5c005c11355f5b34ae8e8625ee8080e542cf075b93bdedac841535c380b22422aad7155b75b8b705b61e1bdbced33b67f4aea3b47c4c8811545811f80396,CLEAR,DAYLIGHT,DRY,FAILING TO YIELD RIGHT-OF-WAY,2.0,23.6,6.0,6.0
147abee9262cec0fe7c3e079e315b42b40392b5385e610e2c1a3def8934b368e361e9d883d579b38fee0d6afb271b5cae1bd6b9e8a678f9a3befd8a52ee87c49,CLEAR,DAYLIGHT,DRY,IMPROPER OVERTAKING/PASSING,2.0,15.0,3.0,3.0
147ac82343659357f6fdde91e965a2ddd14e8cf2b76d6bd22fef34e95781302759987bdd40a7c334c99df43c492dcecd5185cc3705b27de201eb3981ba2485d6,CLEAR,DAYLIGHT,DRY,IMPROPER LANE USAGE,2.0,35.0,2.0,2.0
147ad5a422387522849e3da0ff334912d4b7def8d239b6ad57d2ff743adf107bf1f629f086a463268920c8e65490d23263ec1d5c99f17205e543b466097f3fc8,CLEAR,DAYLIGHT,DRY,DRIVING SKILLS/KNOWLEDGE/EXPERIENCE,2.0,61.0,2.0,2.0
147ae17d5e4eecdf7f18c13730400057f9676a876bf9c8533a18d13db0698d08706654401163064ab15b18f847993cbfc5e503a94edeaf37805110ff19598ee4,CLEAR,"DARKNESS, LIGHTED ROAD",DRY,IMPROPER OVERTAKING/PASSING,2.0,22.0,2.0,2.0
147aec021c4c90f7bc66fdffc6e1006036901021d9883b0c88e14f9bff29552377cad42d75dbce8346b78a9d4b22650e8467f4657eb2e8d807c164c2542e1fe4,CLEAR,"DARKNESS, LIGHTED ROAD",DRY,DISREGARDING TRAFFIC SIGNALS,2.0,33.5,3.0,3.0
147b17f8b71b114e0a4b1ffc4b8a5ec0706bf7cc92b8fe58a65634e178cae09dcc53ce228ec2ce3ccb9ca3810cae7c26e0136d3fd151ad1a6a46edf313c68608,CLEAR,DAYLIGHT,DRY,IMPROPER TURNING/NO SIGNAL,2.0,23.0,2.0,2.0
147b1ae88359a082d13415ca21ac0732dd9d156e5241e6c58d27e99ca52332ab011097bf6d8863533e9c43d32e996f74a961ae72d475f5bf1d7d59634aa0d0a5,CLEAR,DAYLIGHT,DRY,FOLLOWING TOO CLOSELY,2.0,24.0,2.0,2.0
147b3987fbd730bf2a4ee7ba9630f01c344cd26433caa0e889657c1f46aa9169a7ff448a232b84b1782d7fef45e7a63a9b1e5d1e46e55d5871321a1076a56854,CLEAR,DAYLIGHT,DRY,IMPROPER BACKING,2.0,35.666666666666664,3.0,3.0
147b59cd05412697757414cdf6e94e9cf9659625778e7175518daadae3d909c839970e2b7ae1a5a44bec75c736ad174a77a3af0049cbd6d0ad1b62f4d039e1df,CLEAR,"DARKNESS, LIGHTED ROAD",DRY,DISTRACTION - FROM INSIDE VEHICLE,3.0,49.0,1.0,1.0
147b761a7059df7b3f1143e6c3543eea39dbe54dd92024b04c1d2ff667d39a86794f5c9904a57f0121b7a87419c18ebd2552857624a46bb6377bc982cf9f6772,CLEAR,DAYLIGHT,DRY,IMPROPER BACKING,2.0,30.0,1.0,1.0
147b761eb7c1adb7083e1aff07af191c8f727008fc0a201bbc0b632438ee16a78eb46f44d32a5a7a65a7d3de1978481a8b4199ff3f679c682ccf342e0441f76a,RAIN,"DARKNESS, LIGHTED ROAD",WET,FOLLOWING TOO CLOSELY,2.0,45.5,2.0,2.0
147b7a948d29a4a471a077c3df79fdecdeb22eeec1ab52c091b6a424714acfe6b997f801dbf60d4487bf83550a192c5e8fd41eb2c5e9aebbba43dabfe3dbde69,CLEAR,DAYLIGHT,WET,DISREGARDING ROAD MARKINGS,2.0,44.666666666666664,3.0,3.0
147ba92a0e11c948473aba158f1d31ecb89d791de55c4f7956c4da2c91c3ebcd0422fc5e62ac7b979184e2e266fd5b88763fbe5e53adc6377a25d94d437c8a0e,CLEAR,DAYLIGHT,DRY,IMPROPER OVERTAKING/PASSING,3.0,52.0,2.0,2.0
147bc1177da4d856da27f2f193f80a89046feab9b11cecbd0daad54e54b7525d3797ba0c867b93a5a214ee697a128c4c02fabab1bb010c0b69c25de512caa20e,CLEAR,"DARKNESS, LIGHTED ROAD",DRY,DISREGARDING STOP SIGN,2.0,27.333333333333332,3.0,3.0
147bfd358f5c1cb6549613c2c7af8312d5f1cbb9578961b82d885e4984016e015dd82bf5862131fef1bb813ef7ccfe031275ea87f06036f32ebe2838b5fc5e09,CLEAR,DAYLIGHT,DRY,IMPROPER OVERTAKING/PASSING,2.0,44.5,2.0,2.0
147c1371433880e5c45b4e1fbb5d0cf583b18e7658b8f1edf5910a73f20219af93c5b4b20a7880c84233d423d4fddd45e18c4ee0b716c237fe9fb6a53abd765d,RAIN,DAYLIGHT,WET,FAILING TO YIELD RIGHT-OF-WAY,3.0,38.0,3.0,3.0
147c157b92529d16c6410b9938feceb3e35b10b8a0e73774691c025f871ed9bea36f709b4bef3c90a63de5380cfac3d16e1426a8ef456150021f6ef07d47a475,CLEAR,DAYLIGHT,DRY,FAILING TO REDUCE SPEED TO AVOID CRASH,2.0,58.0,2.0,2.0
147c2abf0d49417fe281d53eeb07613172014354ebbe0d9432f3038540374a345dbd6ef5222518e09c864a34536d4f5c75f1d6ec43498d6b171c93cab8ad7ee3,RAIN,DAYLIGHT,WET,DRIVING SKILLS/KNOWLEDGE/EXPERIENCE,2.0,59.0,2.0,2.0
147c3d6ca1909e5c69c3fe98341784914d928745b35e9a5162a5c5003232dd87c07dc250580e035f56218215409138cbb3833d37b747ba49f1d540689e7b0369,CLOUDY/OVERCAST,DAWN,DRY,IMPROPER LANE USAGE,2.0,40.0,2.0,2.0
147c851f79ef91e1ff7d29662438b8542fa9cb2370fcef7dabc64a17aeae0bcf6b9b4dae6790823bd96a17aa0d68a36b43b1ff9849418411c9846a426e8c07e1,CLEAR,"DARKNESS, LIGHTED ROAD",DRY,IMPROPER OVERTAKING/PASSING,2.0,37.5,1.0,1.0
147ca2fc59b3b67d817a9feebfb87df5b7780f1bd5c5c2eccb1b704ec5f1fdfa2d2bc7bd669e046c2ab9e3a99b4f16d66bea3a7b369ea518bde0e045a3540870,RAIN,DAYLIGHT,DRY,IMPROPER LANE USAGE,2.0,23.333333333333332,3.0,3.0
147cd8c6726698f450570ad020ca2965543f18d286f36718f7ef9cfce90870bebd25fa5128a6638391314da5ee7b0412e264ac87067709bcd82fa9e1e468715d,CLEAR,DAYLIGHT,DRY,FAILING TO YIELD RIGHT-OF-WAY,2.0,36.666666666666664,3.0,3.0
147d0bd35434b06bd91f95c68b7eb0f00ab8cfbfbe9419266f74a88a756f06eee503db776c5e095c6876de728e82341df486872d1b8314ef09f0ace9cd987214,CLEAR,DAYLIGHT,DRY,IMPROPER BACKING,2.0,65.5,2.0,2.0
147d10d0e82dc2594a7240751d0935160240560941a8c07bab7ff0f80c47e305a7e038c943c67298f0ab5685e1d96a87437e739b4e4451b2428b1ba7cf4d0fff,CLEAR,DAYLIGHT,DRY,FAILING TO REDUCE SPEED TO AVOID CRASH,2.0,35.0,5.0,5.0
147d1701e628cb93975fbf3c8cb66186559bee86658b65d44831df8ce9b2637b042ed9cccd2d7433f20004515530ae11696f8207db2d27bc5c1a7596958880c4,CLEAR,DAYLIGHT,DRY,FOLLOWING TOO CLOSELY,3.0,43.0,3.0,3.0
147d4280064aa6668e7913b8aec81bed2db401ec004f684208f24d6da8b72c56e39e08fda83c2258baeed5d214b6ade5698a5514d9033a3c6de1b6164aa88345,CLEAR,DARKNESS,UNKNOWN,FOLLOWING TOO CLOSELY,2.0,31.0,4.0,4.0
147d4dbacca6313a37d90b0e3b15f07455c42db3f8dcb5e06c6887fd7d7a3670bd69a576b46cdb7171af1f0bf3531f50a8a53b7e23da5072fe8185e14de644d8,CLOUDY/OVERCAST,DAYLIGHT,DRY,FAILING TO YIELD RIGHT-OF-WAY,2.0,36.0,2.0,2.0
147d853e441592ebb0ac15403b1b1be1b7db84db6e45ef4d719a8204aa174267e4d665ce916a0b2b9c5d64c4ed1f76170d4c3a687029b697a179b8e365977776,CLEAR,DAYLIGHT,WET,FAILING TO YIELD RIGHT-OF-WAY,2.0,37.0,3.0,3.0
147db7ed79073f0f3bf71008e21ce9cfb0bb5b340200dc1064c2f262457f6af4b14648b42cd087708f2414fc6d8d63ba7dc954272cade1027c0c263ae2073098,CLEAR,DAYLIGHT,DRY,IMPROPER LANE USAGE,2.0,37.0,2.0,2.0
147de7a8ddece0e9a1ab32e75df4655369f3830b602dca572f36e51156ac3e2fc8ff3f06c941fec515fb9f4007180b3de182bbff73a67228ffb3397b4c501c21,CLEAR,"DARKNESS, LIGHTED ROAD",DRY,IMPROPER BACKING,2.0,33.0,1.0,1.0
147e04de13dacf6982f64b73af64889bcd0cbaca076dfb234b76c3b43cac5d6c9b56357b4f3d1be57bed859640d45d938c9708aba7bc11885d92be4142c5b107,CLEAR,DAYLIGHT,UNKNOWN,IMPROPER OVERTAKING/PASSING,2.0,36.0,2.0,2.0
147e1090a45881f8559f0f953da6ff3632456295ec196ab60b9ae5fa9e81667c14d76e11a3dc8d882b8a8286a3b471aa8b3696616bc45db468418b706fbbeea5,CLEAR,DAYLIGHT,DRY,FOLLOWING TOO CLOSELY,2.0,43.5,2.0,2.0
147e117f24b1b4b69c55210f8ad045ce38df6a79925e57dcf382825094a8c27fa98480cf9bbf86832dd0ff51846185eec11497c9612940b1236ad5d31869e51a,CLEAR,DAYLIGHT,DRY,FOLLOWING TOO CLOSELY,2.0,49.5,2.0,2.0
147e716437a0cc2943267ad24eae573940a81c9d2c30f6c37300a572801e4b6acc26ed86d871dee6fabb425160b1826683abbc66286c238657d3ae25979c1696,CLEAR,DAYLIGHT,DRY,FOLLOWING TOO CLOSELY,2.0,21.0,3.0,3.0
147ea8e7b1b1cd7141723f6d2a541ea28d275a2d7c19909ace1228fb276e158328be06324ee9f184064096833c24cd4cb97ff4d967cb2edcd2f9f2b9d558b3e9,CLEAR,DAYLIGHT,DRY,IMPROPER BACKING,2.0,37.5,1.0,1.0
147eed0c0b198e596339c271401f118b40724fcbb97f182c59390d7028e2f308b093949e5e5a9d85bb60af28864d29ecc7ab6d54da687fb53966c5657db11fca,CLEAR,"DARKNESS, LIGHTED ROAD",WET,FAILING TO YIELD RIGHT-OF-WAY,4.0,28.0,3.0,3.0
147f1e247607ba3f98a1f56bd4469bd288d55b8d8eeae15120347ad9c19f21d4fd6cbe52f43556b6b41dc10e591161413432937e6eae5abe9fc4379bf0a0c005,CLEAR,DAYLIGHT,DRY,FAILING TO YIELD RIGHT-OF-WAY,2.0,37.0,2.0,2.0
147f2bda71befbee636fdb66c03cf00668fac2e586776e08980e3163df2a50cb38408b0a37a7c4fb801c6e693c619e63a908359435d864fa7981461a03489cae,CLEAR,DARKNESS,DRY,IMPROPER OVERTAKING/PASSING,2.0,37.5,1.0,1.0
147f3076f2e2aaa0c7c600b67741d78c742656f32e9e65f3b7c4033a8161faf5a4a61f39abdc4a80bdf7756e054a1627f923a1e0914f0442eb00ea13f3347028,CLEAR,DAYLIGHT,DRY,FOLLOWING TOO CLOSELY,2.0,49.0,5.0,5.0
147f4e7ddbbc3b74c1b1e2528cc620ca8ce5069379071e8c752d6e29907acb7a6f87a7a746a4d96d76de4a748e0a139924b6d8eefe5f5e3b1a6417c67c707e9a,CLEAR,"DARKNESS, LIGHTED ROAD",WET,DISTRACTION - FROM INSIDE VEHICLE,1.0,38.0,2.0,2.0
147f63f1f34612cdcca3f22146b5e4731dfa1076e6fed0f48012ebf45f17631bae72740561b381f0ae47ec1580eacf30850815b29c0f1a53bc31d9633b9f0c1d,RAIN,DAYLIGHT,WET,IMPROPER OVERTAKING/PASSING,2.0,73.0,2.0,2.0
147f6457f2e9e744c3c8bdef7a20ed15010d6988149371c05304ea868bdd6176c4b7bda557f6673e2d497ac66e689457f13ed66a303de5d099d9d637f4e398b7,UNKNOWN,UNKNOWN,UNKNOWN,FAILING TO YIELD RIGHT-OF-WAY,2.0,54.0,2.0,2.0
147f87fabbeeef7910d08d5ccea928e48e4adbb6f29ffb51b9008f1170b14039dfc839a32ddddaa87a03b6be7f2e5edb0f37e0de52042a74ff62b0540431ef00,CLEAR,DAYLIGHT,DRY,FOLLOWING TOO CLOSELY,2.0,35.75,4.0,4.0
147f8e2f368457cc7e47e2f8db89cb01dc6b66d0d6c0530144c7d2cc8d5fcd5cfc3a1206df4227b9326d55f49ed65769b9bad3d73ccc577155a421c7d5d5c0d9,UNKNOWN,"DARKNESS, LIGHTED ROAD",UNKNOWN,IMPROPER OVERTAKING/PASSING,2.0,27.0,2.0,2.0
147f9711103f34fd331c2e67b4f625b5ef473c203b50278d0586a492e35cd368444a3a35b36fd07b67350292e5aeda01f1c59926df3add27129166a7ba95eb40,CLEAR,DAYLIGHT,DRY,DISREGARDING STOP SIGN,2.0,37.5,3.0,3.0
147fa9f4e0fd873a581065a70aa098eeea85b49cfe502494e3ed82724c7cefb246fd9e206598f0248ff1d33578ac74ce45e8dd209690ff0a25f1b39a37d90eb5,CLEAR,DAYLIGHT,DRY,FAILING TO REDUCE SPEED TO AVOID CRASH,2.0,37.5,1.0,1.0
147fbbf5abf4fe46bd35f6daede54d5ccd41383e60c3d6804a690a448191ac73352e735ae7a31ef0473a28acfd52f552b4ba598a6c1bad799ce09c41973d15ba,CLEAR,DAYLIGHT,DRY,DISREGARDING STOP SIGN,2.0,37.5,2.0,2.0
147fbd61c8279fac31ee6b8a7dd65f11214240ed035d4f8ebbdc7d28280a3d3699f86a9d6dae77aa764c58fcd3771d8f972882da085562f023b3df9b722abe57,CLEAR,"DARKNESS, LIGHTED ROAD",DRY,DISREGARDING TRAFFIC SIGNALS,2.0,25.4,5.0,5.0
147fcd7fb06059a20b33d68eb0fc6ac7d924bbc31384358af826474c6a5028ce0daf5b8d91e310fefbe3fdd360df28582f8543d94c34910ffa9be36883a14a52,CLEAR,DUSK,DRY,FAILING TO YIELD RIGHT-OF-WAY,2.0,22.666666666666668,3.0,3.0
147fd4b7196c928500b84267c0400aa45e80c4773e4f39026d9817cae3f5b7ef4fe0dfbdab055793e5231e33795f9179ed6f4d3c4cdaba1ae7e58707dde0fc5a,CLEAR,DAYLIGHT,DRY,FAILING TO REDUCE SPEED TO AVOID CRASH,2.0,39.0,2.0,2.0
147feb2b9d4c827cc393f82bf30b7fed5a5ab2328289508c01af796b20c4845a978c75dee108b9627cd24b47820f8b4d1395db3628989c6197547663c2012527,CLEAR,DAYLIGHT,DRY,FAILING TO YIELD RIGHT-OF-WAY,2.0,34.0,2.0,2.0
147ff6ac0f0eb616d2d741d8732a7131b896f13c6140ebb1be74cda0c05bed1bac990475ec6f4efb3231590a98e10ca96670906ff3c31b1b6e6bf544968eed2a,CLEAR,DAYLIGHT,DRY,IMPROPER BACKING,2.0,61.5,2.0,2.0
147ff8ef9ed54af0f101c1471c366da8bf185d4f352ebd082597f6ef3e61038055215ce882145ddb8cc77b978ed4f81f23da6b655f15d492d231b90b4392e41a,CLEAR,DAYLIGHT,DRY,IMPROPER OVERTAKING/PASSING,2.0,49.0,2.0,2.0