crash_record_id,weather_condition,lighting_condition,roadway_surface_cond,prim_contributory_cause,total_vehicles,avg_driver_age,total_people,total_injured
14800c335751e75a27e7f83baa62e27b74f10af9c5d4f7070171bd2d12ac9d981e4085f6d32b6f664a09caa5940e0cf76dd01a5bd3d4b4bf4b86c3c0bca0a425,CLEAR,"DARKNESS, LIGHTED ROAD",DRY,DISREGARDING TRAFFIC SIGNALS,2.0,33.0,2.0,2.0
148017327d146624acc1bdbba7d08d1921da3ae662e2aa3565eb2e19612f90747bdb5b11804ffaf068f8c11ec41f38bd72a30064d28fa25d80a823261844631a,CLEAR,DAYLIGHT,DRY,IMPROPER TURNING/NO SIGNAL,2.0,48.5,2.0,2.0
14801d029e38be13e8ee874b4e048ff2351fc663dfcf0ef0ba6fc264532e33052f50055a4fd1b77b78c33acb757f37e079ad18336fed2494be05324a092afaf6,CLEAR,DAYLIGHT,DRY,IMPROPER TURNING/NO SIGNAL,2.0,37.5,2.0,2.0
14803847c0df8ec880fac9273b80fb7915b75ad46c912a8133cc6d40282cc4f0c33de26be7da9824b45b6cf5e511dc0c47d25e37da00da21d1d7e15547c5abba,CLEAR,DAYLIGHT,UNKNOWN,FAILING TO YIELD RIGHT-OF-WAY,3.0,27.875,8.0,8.0
14807b0cb753387d973991d2873b49f6fbc7aef88979ef5bae77f6213ab2d839d9cbea0f903a8e691e5ca3e51c491c0c8a5f05d18898da8ecd4f1a0190643e96,CLEAR,DAYLIGHT,DRY,DRIVING ON WRONG SIDE/WRONG WAY,2.0,21.0,2.0,2.0
14808814865282e05dcdc4c7e9724262d165523c628bfd1c317c47a1b984618857aa89a7ea40a566c7a24b7647473776a0802d44fdf2fa17accc2d4d0ca78de1,RAIN,DAYLIGHT,WET,DRIVING SKILLS/KNOWLEDGE/EXPERIENCE,2.0,26.0,2.0,2.0
1480a0751e72be5a690f2bd7762856b4a14d5af1228af8f05134982b0e05066662c08f537669d0a51bc6c1dd14daf1d4c745da29d129fd6f5e06df94dc829b38,CLEAR,DAYLIGHT,DRY,IMPROPER LANE USAGE,2.0,52.5,2.0,2.0
1480aa7f5fc20ae4d6f696b279f0b4ce965ef85183234c51ec7ca0ccaab48400e906accf0681932df15e091fb640546269d0bf0b06ef8e3d2d1d5f2d57fb43ef,RAIN,"DARKNESS, LIGHTED ROAD",WET,FAILING TO YIELD RIGHT-OF-WAY,2.0,21.333333333333332,3.0,3.0
1480bd46e65c942d26edb46e5dc2948ae73669c6112c0d51f72211f29a08229ecb5189af5f68c7f456df786e27bbf9da19e9eb6b87aaef4013c5a8e1aeb5fc6e,CLEAR,DAYLIGHT,DRY,IMPROPER LANE USAGE,2.0,48.5,2.0,2.0
1480d37c1ea320d09bc19c8e62371010ab11091cebf152d0be5b7c6d3cf691966439ecac32332c952467378e59ba0682f2584830606999da295f45239c0e17fe,CLEAR,"DARKNESS, LIGHTED ROAD",DRY,FOLLOWING TOO CLOSELY,2.0,18.5,4.0,4.0
14812ddfcb5b7a471d5598db5ad9d986e4242ffc9e5023362c9626a2e920f7448696ceaac40d879bfbb4a4de5786ab25d58f5b13e188ad1d59710b6812230a85,CLEAR,DAYLIGHT,DRY,FAILING TO YIELD RIGHT-OF-WAY,2.0,59.0,2.0,2.0
148142eb2bb8c0727131620e1e65584b58f64d158ff62fb95acfe59d5f02df9f1b19c562d309c2cd18907637185803911840b282f8ce4d25a530a13738a43d27,CLEAR,DAYLIGHT,DRY,IMPROPER OVERTAKING/PASSING,2.0,29.5,2.0,2.0
148161f0f63fde019ebf87f33c26d84762a41f9ae4d9ae8fcdddb31b90ad36c65a6d922e1b6cc3b85e64150e3b7ff123444ca0389a988246f8f985ac0fb3de0b,CLEAR,"DARKNESS, LIGHTED ROAD",DRY,DRIVING SKILLS/KNOWLEDGE/EXPERIENCE,1.0,44.0,1.0,1.0
14816f72ca03a6c280a34ab27616ee6113fef05d11d17bd696ad1494688213f9dca470bf594a811b3c75c71f124ba3df06d72bd3e91929daae800128840ce2d6,CLEAR,DAYLIGHT,DRY,FAILING TO YIELD RIGHT-OF-WAY,2.0,37.5,2.0,2.0
148183650495588ae921e021d7ebb1829717f243e6417eb332db34b73a7af60231ebfce0932ad95fc58cbf3bb4840dda96492ad60c730d4b4b5a104065571aa6,RAIN,"DARKNESS, LIGHTED ROAD",WET,FAILING TO YIELD RIGHT-OF-WAY,2.0,28.5,2.0,2.0
14818894947cbc87bfce76d06ae2ca53e2c8726df2ad1d899b5f3bfba047e4dd0368a7456be61921bbc705bb70bf9e5c5bbae9dfb4ab1c44f136beb764ff9a00,RAIN,DAYLIGHT,DRY,IMPROPER LANE USAGE,2.0,44.0,3.0,3.0
1481c4f573387124cbb96b9df948c66fa037fc2e22cea664e48d481b76fd4cb3cf04bf9753d6887a59b1025278b4fa4c2687c263b8f5df955e9c9ecb5615eb8e,CLEAR,DAYLIGHT,DRY,FOLLOWING TOO CLOSELY,2.0,37.0,2.0,2.0
1481f2da17052ee212114e1c7365463321a648493ff64d16d7eedcd213832e9de741a865579a4645b18ddc585099ce85edccb1981e1165e3e6676836a15846c3,CLEAR,DAYLIGHT,DRY,FAILING TO YIELD RIGHT-OF-WAY,3.0,37.0,2.0,2.0
14820bc89e0515db09ca26089938fcb7cb5cf84f5060e011ddc9588ce24df7d8b29095cfc708575be0a74472bdc46f44e5cfdb3188f35a3b8c24cc388b195b5a,CLEAR,"DARKNESS, LIGHTED ROAD",WET,FAILING TO YIELD RIGHT-OF-WAY,2.0,39.5,3.0,3.0
14820c76d5bd2272b64b438d94a7d3f3c19aaa6203f4b8a8bd3f73d9c96fede25be9d16177fa1dfae45024dab930c184a2783139e6fd17b5cf6e2bead95c7313,SLEET/HAIL,"DARKNESS, LIGHTED ROAD",SNOW OR SLUSH,IMPROPER OVERTAKING/PASSING,2.0,22.0,2.0,2.0
14823ef9fcb03dfc1d6bee2adc8a53b8467acf9394202c9bf33f0122fd8b29c48a10d4f01a40fcc6194449fe25bef023f4b07faecfaa5196310980acd1699351,CLEAR,DAYLIGHT,DRY,IMPROPER BACKING,2.0,41.0,2.0,2.0
1482876b45356d2535c459c9f180498af858adc701cd69225fa1b8c725badda67e7701d0d03301616fac25842d71aa7cc506cbea60252a9c9eebc823fb8e7418,CLEAR,"DARKNESS, LIGHTED ROAD",WET,FAILING TO YIELD RIGHT-OF-WAY,1.0,34.0,2.0,2.0
14828f36817a446692d2ec28f11b4f820dce238198c0c42855f52aac0d96fb06fd3e379a9131698dbcf187c348dfaf22aaebb86476b00c618e6196042c728579,CLEAR,DAYLIGHT,DRY,IMPROPER BACKING,2.0,57.0,2.0,2.0
1482aecf8a74bd6b8e8a3fad170f2550db97ca27e896f2249fd8ed309764a36661eeaf3c2d2181b7ca6ad3e2b9c25e9f90e5c0d73646d12b4b14d3da238b5487,CLEAR,DAYLIGHT,UNKNOWN,DRIVING SKILLS/KNOWLEDGE/EXPERIENCE,2.0,41.0,2.0,2.0
1482d5bc35b26484037134f0c8ff2384bb361001c8afc6e01e2adeb0818ccc02c7d7887005b6b9b5e0ec187028a95cca6a9bc97dfc49f2da27ee3171855b94f6,RAIN,DARKNESS,WET,FOLLOWING TOO CLOSELY,2.0,37.5,1.0,1.0
1483371f6c88bcf02f3c5c4f32eafafab626298fe39f468335387d76cb347234c64de817034b10618470c1facee9e9599eca73917c02a35f78b00cff78629540,CLOUDY/OVERCAST,DUSK,SNOW OR SLUSH,FOLLOWING TOO CLOSELY,2.0,38.25,4.0,4.0
1483448a100677231a47ce8f296278493d21643a73fdf263420d0a7de95df30b5a1c0b0248d3ee19c4ce6e6005963c31aa1420d16f2d3003bcf660efe3595bc9,CLEAR,"DARKNESS, LIGHTED ROAD",DRY,IMPROPER TURNING/NO SIGNAL,2.0,32.5,2.0,2.0
148356419afce8814243159f0049684749d5bdb294cc7855d2f4f775ce1ab103ad8d6f582564c38a4796e59186078cc642b899006ed3b11a41c4cb97dadf9151,CLEAR,"DARKNESS, LIGHTED ROAD",DRY,IMPROPER TURNING/NO SIGNAL,2.0,39.0,1.0,1.0
14839d42c7d05b2ae16c600bb3fcfc66d76a909fbca8040a4e99d6d837d8fdca39ec82205984cf1e92f8f921ce41843983d6c35c994502a9c998912064b61767,RAIN,DAYLIGHT,WET,WEATHER,3.0,25.0,1.0,1.0
1483aece935cf2aace4a535ed0ee5a5d933a826fc1eb88a3a02c51d0d62f080c8916e97b5c4883d289066905ad6f1c0ee1eb06517890dc15a50a757d2f4f6945,CLEAR,DAYLIGHT,DRY,FAILING TO YIELD RIGHT-OF-WAY,2.0,35.5,2.0,2.0
1483d2cee769dce361d8343d3bd009aaf5e87da573ad4d8bb48f92608338a16030bcd72ce1b082673dd1cc7006eb9c7544180d077215d0b7ab8eb28c0464b600,CLEAR,DAYLIGHT,DRY,FOLLOWING TOO CLOSELY,2.0,51.0,2.0,2.0
1483dd3c4a53544c53877ad8acae6a806888ef101489b67fc000bffed94c3c1d8e46d55243c049ce5abbdcda8c5ca033cf767e93d50692273f6fbaffe5422d8c,RAIN,DAYLIGHT,WET,IMPROPER OVERTAKING/PASSING,2.0,58.0,1.0,1.0
148418c1d09de3cdeb63f1d3706f61e7c0a12a64c7b368149273b758e8003bd86d04a80215c488654bfc65202db9919989612b3ce9d5eb963bdc675feac5307a,CLEAR,DAYLIGHT,DRY,DRIVING SKILLS/KNOWLEDGE/EXPERIENCE,2.0,37.5,1.0,1.0
14842984dc4ba9356030b72e755befceed52d883970ff45fc052f29fd4085a55003824c5e33a2e46b22420cf3d0144aea7e24481dd82e0ef46cec03f062eabd9,CLEAR,DAYLIGHT,DRY,FOLLOWING TOO CLOSELY,2.0,40.25,4.0,4.0
14842fc5d4157d24cb1b8c955eee2b426b3bd3a9e1edb2ded629087248dbc2141db8c3b6de9c7d4c15e7b971b8fd22f64d48858daced89d18e048a698cf55633,CLEAR,DAYLIGHT,DRY,FAILING TO YIELD RIGHT-OF-WAY,3.0,38.0,3.0,3.0
148447003482d817d755eeb132ad8d4554f0dba26796fe9b1842c0d529168d9b112c7e938bd65e180edb26865a508d1d6d3598d7aba714bf5bc25d42b308047d,RAIN,DAYLIGHT,WET,IMPROPER TURNING/NO SIGNAL,2.0,55.666666666666664,3.0,3.0
1484650a244eb293a47ae316d201758bebdcf16ef858b9486e9430f6acd4b072d600f832939376187a6e41ef2dcc764ce41d62ca632eebb55e6d0579b2900555,CLEAR,DAYLIGHT,DRY,IMPROPER BACKING,2.0,21.0,2.0,2.0
14846f6395200835ab76f4035f2b849a91c35acd433c49f102fd31f75f7239e879191bfb769713b0f6d369c90712698d71e0f7454d24613af9e532da25a7c89b,CLEAR,"DARKNESS, LIGHTED ROAD",DRY,IMPROPER BACKING,1.0,32.0,1.0,1.0
14848537dda0f3e00193df157a28caae9ca267ecec75aefb04b62d144faf8217edf78ba2afbabb0140e1422d9671c52896ca5efa3705d2841d851a2cf70f5d96,CLEAR,DAYLIGHT,DRY,IMPROPER BACKING,2.0,54.0,2.0,2.0
14849446484605e068ef8ff90e54127d5dc522c017fb0c073c63ec3898bebc892e862de1d0bac9a8b77602abaa6ffe80a36b00db2d7f3b4343c92c943fbb3963,UNKNOWN,DAYLIGHT,UNKNOWN,IMPROPER BACKING,2.0,40.0,2.0,2.0
1484aa7dd4d7a8352fb922de911c2b735b7f5169f8a5e652b8ff747ef7a2e77e7c1af74899182f205630d00b1d8a86aa033334f28dbbe42f77046121d15e4869,CLEAR,DAYLIGHT,DRY,DISTRACTION - FROM INSIDE VEHICLE,2.0,33.0,2.0,2.0
1484b362fa81688f2bba0fa950e44b28370ef15aeaee88e2add9bb3999f76ba83faa1b92f3a124f5210553c871cd96e99495700d2c73b7487e620ff5dc72a691,CLEAR,"DARKNESS, LIGHTED ROAD",DRY,IMPROPER TURNING/NO SIGNAL,1.0,37.5,1.0,1.0
1484c5738773687bddfb11fe98d2047e0bd64079396121c7831e5dfd98df9afe1a08a961186f3d9d352c7d8c622c8d8cf316d0619fd3c04ceec5f7a6e280494b,CLEAR,DAYLIGHT,DRY,FOLLOWING TOO CLOSELY,2.0,37.5,2.0,2.0
1484f7c135171a2cb30a0aab427c03d1c977ba4e008dc78457b408b4d73af97c24793543676d5588fc0f9d4366155f890e1aa476858494a44add9bb773f8aa34,CLEAR,DAYLIGHT,DRY,FOLLOWING TOO CLOSELY,3.0,32.0,3.0,3.0
1484fc45e1c34ea83e123899400b792e6ba9b7aec6de840e3f52d1d09de1530a52a6db9e7944fcd92ac79d96b617019968d67f63194b10893e1232a8920841e3,CLEAR,DAYLIGHT,DRY,FAILING TO YIELD RIGHT-OF-WAY,2.0,44.5,2.0,2.0
14850656da242fe92b37fa124f9d0b8769ce9bbdf13f1d2f320da94f55ea374047e4dad7978b976d3d0f7f0f55937f782775a262e216bf6df77a02b2a966db9e,CLEAR,DAYLIGHT,DRY,IMPROPER LANE USAGE,2.0,61.0,1.0,1.0
14851cb14dfe7d31af2e43469a80dd619e122ac3b98c896ea5794b35114632f796467b3f7fec8034ed875f1851d373efae111e50dd8e448342e28439d6d449aa,CLEAR,DAYLIGHT,DRY,FOLLOWING TOO CLOSELY,2.0,30.0,2.0,2.0
14853c20f7044c33d9dfb9cf936dafbd42c2daa183de2909c88b5101cdc582c8c5f25e753cfcc7c806feebc7d1a7ade3d68c47d1ba7b778edd5fb057e21f0248,CLEAR,DAYLIGHT,DRY,FOLLOWING TOO CLOSELY,2.0,40.5,3.0,3.0
1485518565bf081e0e623f97dd65df85cac227e6a1955a333aad21ffc7537a6572a0b796f813938b73c5df0c631d3ab43fdd05ad580697de3fc7f3a833523973,CLEAR,DAYLIGHT,UNKNOWN,FOLLOWING TOO CLOSELY,2.0,56.5,2.0,2.0
14856feeefba87e5cef49b9bcd8332a1f0d21fbda527a04ea53fd4e05dc417205cf814a0515ff91e92b0d4bce3f6c205defba202d228adf6901c78e92c9e6480,CLEAR,DAYLIGHT,DRY,IMPROPER LANE USAGE,2.0,49.0,2.0,2.0
14857007304d08a3b27e5abc2b246a6ed20cad8337fbaecb6365c251b6fec9d9f957054e0388772f4358180d64bd00e0ccbd564226da37a455a0ce89df37feb1,CLEAR,DAYLIGHT,DRY,FAILING TO YIELD RIGHT-OF-WAY,2.0,26.0,3.0,3.0
148576e12e03ffa93efc350757c0786580b72f2ee873adc5ee4689078bf6605689510c9e33263bc58774f08efe9f88108fe6844f05e78c996ecce3e4fab5fb44,CLEAR,DAYLIGHT,DRY,FOLLOWING TOO CLOSELY,2.0,37.5,2.0,2.0
14857823f362a33eb3fae2455cf6e3a64f391030a59b321bd1465a9182212ef644897f09a6430053bafc1e177aba29a7bc7534536ec24bef54678629a081ab2e,CLEAR,DAYLIGHT,DRY,FAILING TO YIELD RIGHT-OF-WAY,2.0,35.5,2.0,2.0
1485964925d129c792d77911ef61a2e825ef8e648e8c14f7b48b70be362d37564476c5f0f8162cd4e41bb4a4d70a585de70c099687720d53f46517418d342124,CLEAR,DAYLIGHT,UNKNOWN,FOLLOWING TOO CLOSELY,2.0,38.0,2.0,2.0
1485a864b8cf3b80c0a5c4d3fdb257d9b25694c5a1a8a6307af1a8f8bf908175e5c6c8d251020915b758ce6c8024000b70b45c4fffea69e450c750708c0ac2e9,CLEAR,DAYLIGHT,DRY,FAILING TO YIELD RIGHT-OF-WAY,1.0,30.75,4.0,4.0
1485d0fb3ba315ed2d5c2634975f9a8bfb648b3671e4f1eee37700bc900a632f94cf411cdd5c25382384b906929b4bd4a80b3f792aa8f9829785583926eb35ac,CLEAR,DAYLIGHT,DRY,FAILING TO YIELD RIGHT-OF-WAY,2.0,43.5,2.0,2.0
1485d3402e9067fd86dc9d4b65fc264e5a571b1cc0740dd078921091322d75b8bae1c1d0c1049abd9088548eba4fd7d2321d0fa69c3f68e66db4255a5df51793,CLEAR,"DARKNESS, LIGHTED ROAD",DRY,FAILING TO YIELD RIGHT-OF-WAY,1.0,51.0,2.0,2.0
1485ed6fe5d0d1ecf6be631e424f59d7c22fae7df401a93a00d7c6a86d6ca451c41617523dde26048bcd327f60ca98224b8ba07949caaa4b300eaf4f31ffebd0,CLEAR,DAYLIGHT,DRY,IMPROPER OVERTAKING/PASSING,2.0,36.0,2.0,2.0
14860ac68fe684aa6ed975f231c50f83d8218eb4cb83fdb115a43a06e34766608b7b565c2e6fbef088de3f061f27baaa93c7b5d049cae0774e0a1eff674887a0,CLOUDY/OVERCAST,DUSK,UNKNOWN,FOLLOWING TOO CLOSELY,2.0,41.5,2.0,2.0
148622251a5352b32edd3735f6f63a6eaa69e126209272905c0655239cb46cc664c07b8f6a4432a81e07a514907689b4a42c0901417c80f157576d2160dd6c8a,CLEAR,DAYLIGHT,DRY,IMPROPER BACKING,2.0,33.5,3.0,3.0
148667fc8709d61dc62a8caeb162726a71448257bc1ebc46128b183903e98bcf6419ac0514bcb9e63f13160fe36e506a93c7c559b2d750a78fed1c124c368381,CLEAR,"DARKNESS, LIGHTED ROAD",DRY,FAILING TO YIELD RIGHT-OF-WAY,2.0,43.0,2.0,2.0
14869100e68be58760d1c34a11b9611b7b5a2f85fe1132671ff0caedbef8131e7c20a3238c697c208d5ed16a6fbb7318a82103aa11ee0f3d8336ac81b7a1fa13,UNKNOWN,UNKNOWN,UNKNOWN,IMPROPER OVERTAKING/PASSING,2.0,22.0,1.0,1.0
1486b02850d9ebf126d9434e13a178bad8e95bc748028c7e765cbc2bd6fb0b3cd58d487eec8c430c6bb9f89b4d9ed1a9909a306e56e5582c71b5ff2e73c937d0,CLEAR,DAYLIGHT,DRY,FAILING TO REDUCE SPEED TO AVOID CRASH,2.0,37.5,1.0,1.0
1486ba6c0e9ef21c6e21f6fe5fa9a8ab37222d17a2323fd960ffaf2d5bbd615b8bdb2053a8ecf5548ac3c38e251295f08a8de120dc1600aba70013ba064c2f35,CLEAR,DAYLIGHT,DRY,DRIVING SKILLS/KNOWLEDGE/EXPERIENCE,2.0,31.0,2.0,2.0
1486df8961ebc00a74f94b27ef050cbffb781c9e681bf126b92908c63f2cf8dc70d5afd6c4e9849781d6baaca152d1d0d2bd7867636eb7c0f0e485d450dc70a9,CLEAR,"DARKNESS, LIGHTED ROAD",DRY,DRIVING SKILLS/KNOWLEDGE/EXPERIENCE,2.0,36.5,3.0,3.0
148706d6d3dc81baab5511331ef2db30165b9fd4390d4403d81039a99ff4e31b564e05d9d5e4b88a1e9254f8d31310a24dbd43a6e5b0f19445bc2e2d99e7b281,SNOW,DAYLIGHT,SNOW OR SLUSH,FAILING TO YIELD RIGHT-OF-WAY,1.0,17.0,2.0,2.0
14871927aff8105cbba95ebc8bd9bc6f9b5ef0234693f03345c0100f0d74988a3860e801b15f0cbdce7687bdd04880338a8ca7043efd79e6c59882897d4605ea,CLEAR,"DARKNESS, LIGHTED ROAD",DRY,FOLLOWING TOO CLOSELY,2.0,40.5,2.0,2.0
148720489b77e87909e6661c1f5db92ad90687449ef5532e2621bc9bcbd10030ee228f0745b809e851a487f2eadeadbd9eb3d29397b311fe797ede15f6e44cc5,SNOW,DAYLIGHT,DRY,WEATHER,3.0,46.0,3.0,3.0
14872dbcc26aa40bb48c819562e4566cb8b5e418f57fa4a5a5d1c21ccabc1fc6fdc5f92c7e1561936c42c4e97cf55c4b8251c5214f8999adb738a4a5464d4380,RAIN,DAYLIGHT,WET,FAILING TO YIELD RIGHT-OF-WAY,2.0,54.0,2.0,2.0
148757e422d25d36c97d216c050e44da7e830908283f59511d9b9a498f7a8917196eb6f24212a651ab1725275dd0c692e02ee04f73cfa8b6a593d91732fa7fe6,CLEAR,DAYLIGHT,DRY,IMPROPER BACKING,2.0,49.0,2.0,2.0
14875bb5d76f6932a3dbcecf93eb961ebd3fbcbe2d387ebb3699437878155d8253a8f149f5b7ff9123dc056b7ddcf689692913a8f9145bc0d2400c0cd465b898,CLEAR,DAYLIGHT,DRY,IMPROPER OVERTAKING/PASSING,2.0,34.0,2.0,2.0
14877777a5989a17725e3756b225b1b5123f4d52cc3b05c08478e890f9c7b27d060ecfcfa8d74415ee9f014e20bd95786f1cf44881f8aa28df970a03e0c56c34,CLEAR,DAYLIGHT,DRY,FOLLOWING TOO CLOSELY,2.0,25.0,5.0,5.0
1487aa4e0d800e4fe9055f150cd235a2e4e43970913cf50c3315eeb8bbf2c202ac6574e4f159f8c678c836d619cfd0360be2bed7334a5ade412c7c84e5f919f5,RAIN,DAYLIGHT,WET,FOLLOWING TOO CLOSELY,2.0,30.0,4.0,4.0
1487b36eeb6d16f7872bcc6d0cdf9ebae3b600d469679b2725aa9c41669b413975e2123c1e9e3755a5c8b1607d099f79fff7206906a5fb880642c762ff54a1f4,CLEAR,DAYLIGHT,DRY,FOLLOWING TOO CLOSELY,2.0,44.6,5.0,5.0
14883016cd1570c2eb7dc34d40943acf1876c069021981e18c024c3c4e4ca846d0dec3c8ec242e610e0113d80a5ced457ffb630d8abb8b2d1ab8545d6140e74b,CLOUDY/OVERCAST,DAYLIGHT,WET,DRIVING SKILLS/KNOWLEDGE/EXPERIENCE,2.0,37.5,1.0,1.0
1488325a097f6e670316c30bd6cea14bf913cd6d98f9305106a425e2def59e7bb8ae5a88b3c6bb01410f67fbb73b84d09f43c59b54fb0223214d1ad878ca9386,CLEAR,DAYLIGHT,DRY,FAILING TO YIELD RIGHT-OF-WAY,2.0,52.0,1.0,1.0
1488748233a4946c8203dc51c037d09bbe3a9d48b26183eecfdf648839c07729ee3a2773f9d3df8fb0767a7d85be3a378bb1efd4154b7ca17d5b270000401730,CLEAR,DAYLIGHT,DRY,FAILING TO YIELD RIGHT-OF-WAY,2.0,41.5,2.0,2.0
14888c2f3e00c32bb1a24d55cedadbb3fcecb0b8c6308322b6932bd200903d7fd7e53d7b3e5c6931b940c2fbfcdf064b0694448d6c9224c6e650917bfeaffe6c,CLEAR,DAYLIGHT,DRY,FOLLOWING TOO CLOSELY,2.0,26.25,4.0,4.0
1488bc76d871b3ec6240ff7e0b3e2d2e33c22044033eb5ff9b790fd06dc121ada1f912336a80dcaea6c9fbe9578699f83ded07e719445a02913969299a93ce24,RAIN,"DARKNESS, LIGHTED ROAD",WET,DISREGARDING TRAFFIC SIGNALS,2.0,45.5,2.0,2.0
1488d452a4f31500291a2fc6254a289362475ad51e3f14f986d770692fe3a3664aa5e71762da39950a61ff1fbc53ccd64f4c2328fcafb916de8ce576721eccf8,CLEAR,DARKNESS,DRY,FAILING TO YIELD RIGHT-OF-WAY,2.0,19.0,2.0,2.0
1488da8f9de58e120917c63ffb916f7b2eaa6cbf2c9d0b461f0b0bd029762802e5282c6004bbf3ca50a1b5faea5faa3d3280bf69d6cee93c138e35350e9c5f3e,CLEAR,DAYLIGHT,UNKNOWN,FAILING TO YIELD RIGHT-OF-WAY,2.0,30.5,2.0,2.0
1488da9392efad07ab88a2d1ca6c9f98460024827b553530ba7259fd3acee56159970a22b5aaa29d7aedd03a43cf81bb5cb93679b683102a2ef3340d40f1ab96,RAIN,DARKNESS,WET,WEATHER,3.0,25.0,1.0,1.0
1488ec2edb150fe01cb703b680ab28e2968918dc6ab01c36fc7036c804278be61969371a29a36cd270f83c602c70e17ff2df0b4c3719a4a332693d133fd74401,CLEAR,"DARKNESS, LIGHTED ROAD",UNKNOWN,FOLLOWING TOO CLOSELY,2.0,31.5,2.0,2.0
148942a1bdc2012858f34da15e89af93d05c3ffc17d9aeba50a39e23e780664d38e2c34f7093f23a199a4e76014460e0851658f930a944b7d49c44e1f8067a16,CLEAR,DAYLIGHT,DRY,IMPROPER OVERTAKING/PASSING,2.0,25.5,3.0,3.0
14895def20c852530a8f74f6d68906157b0e55d7a817d47172ac582f39fe63202a6bc6ad29506c31a11eabe2bf4a0d69a856229cc02cf355a5337dd56802357a,CLEAR,"DARKNESS, LIGHTED ROAD",DRY,"OPERATING VEHICLE IN ERRATIC, RECKLESS, CARELESS, NEGLIGENT OR AGGRESSIVE MANNER",2.0,30.0,5.0,5.0
148971a9597677c36ef1f16278388f1ead7cd98e1f900ede20daef6ab784154c08df7c66507483d56bdf88b634e2e6deb432239ee9d58fac11749d01d6b5553f,CLEAR,DARKNESS,DRY,DISREGARDING TRAFFIC SIGNALS,2.0,37.0,2.0,2.0
148987325ba239ad16bfb2349b25177f2496b5011ca234627c708f976e22f4083159fe02c7e24796b6ac84b2327bfcb8a387178a90b6a935dc2f5a2544852b9b,CLEAR,DAYLIGHT,DRY,IMPROPER BACKING,2.0,37.5,3.0,3.0
1489877ef98dcd5d686d9e90cf7dc7b0b26218269f81635732a4c0af1d3423b547c883d677bb27319aae738b1a0aa4f1e68a8b332da945de5b95f83998ca3486,CLEAR,DUSK,DRY,FOLLOWING TOO CLOSELY,2.0,45.0,2.0,2.0
14898b7ea45f905a7bc12196839d474a5c2e4634d2b675570a4c9e8ae4a257fea0be2cfc082aaeaa7c374cbf1ae4abd1eb4e59f1c7c540cec937de26b0c73368,CLEAR,DAYLIGHT,DRY,FAILING TO YIELD RIGHT-OF-WAY,2.0,28.0,3.0,3.0
14899c6f8ab1068c9c46a38b16f526899be0d8c40bc6013db34d4306b6bd722581a8aabcb976e755384c0493a8cdb43a94bcc1e296103a1bd1869fba9708c69a,CLEAR,DAYLIGHT,DRY,IMPROPER LANE USAGE,2.0,40.0,1.0,1.0
1489b2a5f52857091126ac3345f919a0c4ffc009bc90948c5a8f6da0e0b269acfdf901512d7968041e36335ce33311b90c7ff71de83df2ff641b509412aed8e2,CLEAR,"DARKNESS, LIGHTED ROAD",DRY,FAILING TO YIELD RIGHT-OF-WAY,2.0,18.0,3.0,3.0
148a2b709136f9f3a5f528adc6a4f106825838e077a0a4e9a75fd3e31893fdca321803118458cda77391f8d15cb2b70230276ea35fcace6b4374114bb1a083b3,CLEAR,DAYLIGHT,DRY,IMPROPER LANE USAGE,2.0,37.5,2.0,2.0
148a575f50efbd03bf8551cf77bd53f3df1d3fe070df392e48eb6e833a989fe967c22d3a498e108a8394be34c9c2ffa4cf265a2043c0f6af1a419d2c3af731ba,CLEAR,DAYLIGHT,UNKNOWN,FOLLOWING TOO CLOSELY,2.0,40.0,2.0,2.0
148a8701eef8f0f3061552b4fe6b37bf64bcbb38fa12399a91bf15530c1a8385b431b32b03e88707201cdd847a2916314f05da5e106dfd595b6187710f2c51a5,CLEAR,DAYLIGHT,DRY,IMPROPER OVERTAKING/PASSING,2.0,23.0,2.0,2.0
148a9a90b4d780a8c11ec48c693f3801930951f8fc50e93daf1c1f6d7054e933ba88eb3da5eb5827352357e0ff5e9d066a1a04f1ed30dadeeab8d271e0021fe2,CLEAR,DAYLIGHT,DRY,IMPROPER BACKING,2.0,29.5,4.0,4.0
148ac665faf79f52f016a343dbc1fb0de832176d07b802b065c2bccbffd1e76a528dbef4a052546a873c6b65fab0d940a6d2c92a8bd0663d3cb36208cf5513e9,CLEAR,DAYLIGHT,DRY,IMPROPER TURNING/NO SIGNAL,2.0,42.5,2.0,2.0
148ad5e9f093d9ace1cb3bc9d414431d13c138c973f65f4dc5cc5b10bb06920d2daee9e01c592f45b817049d40e47eb29bb495ad922f6969c66d258018b078f7,CLEAR,"DARKNESS, LIGHTED ROAD",DRY,IMPROPER TURNING/NO SIGNAL,2.0,23.6,5.0,5.0
148aedc3740f62100e8ed8e1e8051701ca25845b4fd68ccac5a8d2f66869ef0c8d55e5b1586a45e420b1aad73a633715b96fd366a191de82f50a220eaa2e4607,RAIN,DAYLIGHT,DRY,FAILING TO REDUCE SPEED TO AVOID CRASH,2.0,70.0,2.0,2.0
148b1a6fc2a3ccfd76d5c297c430afd0cac9fcbcb99959a1ee43b6cadb2387ceaa9170bb3f8c801dc863f618486d13b299d00932ed557fbfa33d03206e8f1121,FREEZING RAIN/DRIZZLE,"DARKNESS, LIGHTED ROAD",ICE,WEATHER,2.0,39.5,2.0,2.0