crash_record_id,weather_condition,lighting_condition,roadway_surface_cond,prim_contributory_cause,total_vehicles,avg_driver_age,total_people,total_injured
148b4b951491334006388ebe6b52b07e6d495394fe377c603b851293b082d600388a349b52bc82e8d4828629d3670f879bd90bfdcb857ad04fb48227395b7a29,RAIN,DAYLIGHT,WET,FAILING TO YIELD RIGHT-OF-WAY,2.0,22.5,2.0,2.0
148b529f37e09820706c96f18151a24ddafd53482467ff218126fa619aab5385b6dc6a33e3b82820927cd53be79672691ecd56d5467a2040edb9b1cd0add27d7,CLEAR,DAYLIGHT,DRY,IMPROPER OVERTAKING/PASSING,2.0,37.0,2.0,2.0
148b5d5662ddc7ab1b064c0347a1446549e7d89c909b7fc571ba9b584e730a06c04438c1c8f44db2f7f476eccb6953f1425c46cbc19300cea7b2ac23dbf87f5e,CLEAR,DAYLIGHT,SNOW OR SLUSH,FAILING TO YIELD RIGHT-OF-WAY,2.0,31.5,2.0,2.0
148b66ebb85bc50c32aa7ec5a67d263acf9a34af7e5b38186958576915bdff6c66899ad9cd9f3face7d264410dee7a10fd6fd5de5f98fda5c72bc6f73fdb8fe6,CLEAR,DAYLIGHT,DRY,IMPROPER OVERTAKING/PASSING,2.0,45.0,1.0,1.0
148b751ee1a162a8db5f958f6e724af6e158ff1ce510001e4cab0d3e556ef6ca191e883a03bc408d08d011b49c9a8ca9cdb9e3fa950548fd5d0f11e0b23a1da1,CLEAR,"DARKNESS, LIGHTED ROAD",DRY,UNDER THE INFLUENCE OF ALCOHOL/DRUGS (USE WHEN ARREST IS EFFECTED),3.0,24.0,1.0,1.0
148b8bdb86d757a3c0535d6807e8d2dec8598ba312743077cc8346059147e1f74c8598c2fe890070fac6511081ce25699c3ac77c159694ad31ca208dc7e1a76e,CLEAR,DAYLIGHT,DRY,FAILING TO YIELD RIGHT-OF-WAY,2.0,53.0,2.0,2.0
148b91fe3b450f182347123a27245c6a72b30f638069467f3cc9e3e591056b2494307eb750fb27ccf376f2b4d78721d5169e582a5e085578b0329d09f80e4b93,CLEAR,"DARKNESS, LIGHTED ROAD",DRY,IMPROPER OVERTAKING/PASSING,2.0,32.0,3.0,3.0
148bc0ef37efceb72eccb126d663a984b2137ce6d3c14096695a0ffedfb09ae644fdf01d27e7dfb2f277a3ea9f1bc0e25bde0ce21e5dec036ebbd17429f1f7bc,CLEAR,"DARKNESS, LIGHTED ROAD",DRY,FOLLOWING TOO CLOSELY,2.0,33.0,2.0,2.0
148bdc760587f11e185af0f2cc5f8a2a26e335d587d345f631ba6e33bfea23ee2267e3b7983339ba18d088c8d53182ae899b93ec7c1d1821d13e83f094be0129,CLEAR,DAYLIGHT,DRY,FAILING TO YIELD RIGHT-OF-WAY,2.0,40.0,2.0,2.0
148c0f9176037abe809963c44763eff8c1922e998c75fe483f1834bc1f377208e29e2877efd2ce1d4e64bb667e58f526a09e7dd6e0aade16f3c13f5fdfa6dbbb,CLEAR,DAYLIGHT,UNKNOWN,IMPROPER BACKING,2.0,37.0,2.0,2.0
148c215fd690d568c292e8baac2ca5d7b0c40189a25c0159d971d3c9cf2f10a056135bb6f368dc595d0a5b645d5f2ebbeb84e1214836ee1cb57d70f4f0904315,RAIN,DAYLIGHT,WET,DISTRACTION - FROM INSIDE VEHICLE,2.0,41.0,2.0,2.0
148c49b1c0091334f903419bd18b2a21c83f667a7e17047b873c1f83804ab4844ccc3ed7b8412c83ed4138ba1bb20b815f415526177c7ade608a119836bbe763,CLEAR,"DARKNESS, LIGHTED ROAD",DRY,PHYSICAL CONDITION OF DRIVER,2.0,14.5,3.0,3.0
148c55ef250e802be23482d5818a66689448a8a53a9e487f98b8bbd4ca3cda6f776d5f596b01fb5b9e892063b520e49bcc8c18a81e9ac754cd48caf10232ddc6,CLEAR,DARKNESS,UNKNOWN,IMPROPER BACKING,1.0,37.5,1.0,1.0
148c5e04829eb2ac5172b37493364b4a4e9d30f4a5c64c821fe47a72d77ae29d6493504bb5f1f43c31091dce0d68e33648aa1a7b28c61dca0c4d167feee7bc25,CLEAR,DAYLIGHT,DRY,IMPROPER TURNING/NO SIGNAL,2.0,25.5,2.0,2.0
148c7011349eaad4f31b0eb7cc608a0a6277116dccbec4fe9b5de7ea5cf861dab0477e02fe5a254092a3066b016142fbaf5c969ac7ba4e88cf9c0a42c7720fae,SNOW,DAYLIGHT,SNOW OR SLUSH,"OPERATING VEHICLE IN ERRATIC, RECKLESS, CARELESS, NEGLIGENT OR AGGRESSIVE MANNER",2.0,37.5,1.0,1.0
148c8f87518ea84f27b6f5034140433caf20ba57ce16b446b3c2e1048a7cc759292c65aa1174da6b341cb7467e8cbfe9a647f9fe85ab18aa67b420c5cfcf09a6,CLEAR,DAYLIGHT,DRY,FOLLOWING TOO CLOSELY,2.0,25.0,3.0,3.0
148c94bb1e7dab2d164211a3eccfe4251bc77d96d63f78bbbffe263cedcc890056cef09a660d329d3a41274120fb5653e4bcb20da76f1c94d12e9de8f15944a0,CLEAR,DAYLIGHT,DRY,DISREGARDING TRAFFIC SIGNALS,2.0,66.5,2.0,2.0
148ca37e3fb7f51a708c3484a27050c4d0f047e5354384384df9307a657e902243bcdadf31d4da72a60ef0cb3a992620ea0ab75fa6ad8719ac9a2c4830099e7f,RAIN,DAYLIGHT,WET,IMPROPER TURNING/NO SIGNAL,2.0,34.0,3.0,3.0
148ca3b5c5bb914efbd38158ffc6b9da77cfc85118be9932f64e4920e868ed33a453444a2f5197641cab927551115d561c02e4f29d119f6f0c23e38d2791edd2,CLEAR,"DARKNESS, LIGHTED ROAD",DRY,FOLLOWING TOO CLOSELY,1.0,39.0,2.0,2.0
148cb38cfdf1f4c4d4a58d0d2c71be29072a30ea891144fef6a12b2fedade4ecb3edc684eb500edadf21177002652d8c6abf9f7f48ded1387bb724438ccd47b7,CLEAR,"DARKNESS, LIGHTED ROAD",DRY,"OPERATING VEHICLE IN ERRATIC, RECKLESS, CARELESS, NEGLIGENT OR AGGRESSIVE MANNER",2.0,26.5,2.0,2.0
148cbfe3325903eb6d47f7085540e7cfcde8b18b93527b7ff3be68891bc239e9490d753c3e9511b799435fbc11361cae2e303756948fbddd5b4243fe3ceb93d5,CLEAR,DAYLIGHT,DRY,FOLLOWING TOO CLOSELY,2.0,17.0,5.0,5.0
148cc0fc34c4bce9a3b187a3531ee1e7125dfe2040932fe4f84ffb26e5521db82e6033315d89bd2e7f426e63414859650fdcd447b2bec44111e745c14da57b92,CLEAR,DUSK,DRY,IMPROPER LANE USAGE,2.0,37.5,2.0,2.0
148cfec1c9feba979f6919d1a1be0bf494dc02d52d1ff4c710bddfb6101ce320fbbef405a977c3a55dbc0c0ab5fea5567aa73712bf2ca55260847ee5056ecc04,RAIN,DAYLIGHT,WET,FAILING TO YIELD RIGHT-OF-WAY,2.0,25.0,3.0,3.0
148d2a9fb4ee9db77d6c6a6cdfad0f568812487a769c44f70e153facd75afd12470989190a8474fb5160d9a7fff915f9bd13f43876ad3e13af6e568e688a541a,CLEAR,DAYLIGHT,DRY,DRIVING SKILLS/KNOWLEDGE/EXPERIENCE,2.0,29.0,2.0,2.0
148d454ecbc793bf2e237fde2bce6cb33e30b55c7ca57b8a08ed47c619dad11970a69d88651f29c2dd672780e809577b525f54684ae5aaa1ced6b4a1c2d02522,CLEAR,DAYLIGHT,DRY,FAILING TO REDUCE SPEED TO AVOID CRASH,2.0,31.0,2.0,2.0
148d98cf7a462558a45582be3587fabb25e4b6f8fe226f691055a4218f1fe1593f4568f61d9efcd88584b5fc85b47952b2e82bc22e361fb1cdd5c3def71ad219,CLEAR,DAYLIGHT,SNOW OR SLUSH,WEATHER,2.0,63.0,3.0,3.0
148debaeecb846ec84a76e5eb62354d983a61cddee6c1c266dd0e8c36adaae1e86afe78d292efe7a1f118b24f6686a288e83a6b4a695f83cba77a3d815e1bd2d,CLEAR,DUSK,UNKNOWN,FAILING TO YIELD RIGHT-OF-WAY,2.0,46.25,4.0,4.0
148e0f420d84f67c5dfdebb191936286180faad37d758ab7be4c1c6573761eb82bbb2d94c28050bd163a975b1f403838f9cfdf0a6cc0b24b2ac5ce5f805df8e6,UNKNOWN,"DARKNESS, LIGHTED ROAD",UNKNOWN,FOLLOWING TOO CLOSELY,2.0,30.0,2.0,2.0
148e12d97274e5500cd6647be432bbcafe6a725e71136b20d95941fad03211c752f963b22fa9b39bbcb18451510c497b6efa31d3373c31bda420ee86a01a836d,RAIN,"DARKNESS, LIGHTED ROAD",WET,IMPROPER OVERTAKING/PASSING,2.0,0.0,2.0,2.0
148e522de53c5bd18508b5bb343726aa80578380c9f9d7362e004a157e905ffb376a25fd55b32017c17f5cc99f1b0338bab8c1515906a3190f74428024111a8c,CLEAR,DUSK,DRY,FAILING TO YIELD RIGHT-OF-WAY,1.0,47.0,2.0,2.0
148e72c018076d0c6c0149167809cdf1c89d091c22ddc1950b58a4064db30c6fe5d64b50a438f02493bf3c90957bacda905b702265ec2bcb11c4be5bde5b7e4a,UNKNOWN,UNKNOWN,UNKNOWN,IMPROPER OVERTAKING/PASSING,2.0,35.666666666666664,4.0,4.0
148e75c6b393c77bfe4170211e0c9306f77b83d08b33a07db67db754ce212c919b9ff2c1b8c204d07db1cc9c8b1f46a34484dcc2e52e48262ce332be26a203ea,CLEAR,"DARKNESS, LIGHTED ROAD",DRY,DISREGARDING STOP SIGN,2.0,23.0,2.0,2.0
148e8299a306a4108c25c36d5d418c1695116e9fe881a8e79900945db62b5264f06bef99d9e0eebd8b5ee37acb9618fe5f0301e8c21f522395531380f139c31e,CLEAR,DAYLIGHT,DRY,IMPROPER LANE USAGE,2.0,37.5,2.0,2.0
148ea8614b4e9e886107343cde218bb87a8910eaf5c884a58139a3e67cc1bcf6c665c8c587535137ac4fc4c0f6f75ce5ec1abbfd0c38891c921affda74a12698,RAIN,DAYLIGHT,WET,FOLLOWING TOO CLOSELY,2.0,20.5,2.0,2.0
148eeb9c683847a9566c7813f5a3c8c6119d2b085a3899a257507a068d7b1b13129a79b1b54c4f8fe955323f5f5641afdbe31e703e6a8bd41e68ff94a78c95f2,CLEAR,"DARKNESS, LIGHTED ROAD",DRY,FOLLOWING TOO CLOSELY,2.0,35.5,2.0,2.0
148f1847c1e058e0bf1ef14feddaf3e9a9b7f49ba85644417537f608ba94fe569630150ce1c6db5f58a15eb66f900ea8ae14460c9e0ac156dfb7beb63f77c12b,CLEAR,"DARKNESS, LIGHTED ROAD",DRY,IMPROPER LANE USAGE,1.0,28.0,1.0,1.0
148f371ab9c97501418b0d78523423acd049ba42e6843134a982af0988b7b916f08d998f6a3085a4e2286769609df5b587ef5c0d9ac6403ed22c8799916c78c7,CLEAR,DAWN,DRY,FOLLOWING TOO CLOSELY,2.0,38.0,4.0,4.0
148f37344a90c090d02b0695ccbe3aa8cf57d366f55743b9ded2cdbff01d384779293ed1ad3cb8c9166d6629f6dacfe8376fe2ccbb1c61d6292bc1548ada3a12,CLEAR,DAYLIGHT,DRY,IMPROPER LANE USAGE,2.0,69.0,1.0,1.0
148f667737286c9a5a0f439d9d2dcfec67f280cc3806e581651183d6db494ed2629c9fd4d7b12fe5e6615b95189087acf93c655c9b67a2fa00abd4d3e4b7bb45,CLEAR,DAYLIGHT,WET,FOLLOWING TOO CLOSELY,2.0,45.0,2.0,2.0
148f7cf14a7b5194d30addcc0c761bf1af2297eac7ca8bfec080bc59522a6d035103d4e8ecd831ad8dee8b9f2b73dfcdc18727229480805e0e500cfb900c045a,CLOUDY/OVERCAST,DUSK,DRY,IMPROPER LANE USAGE,2.0,21.5,5.0,5.0
148f80ab1b9b8045284e9d7bd66d30dc56f6fb8e1223782ed20b15e042a5cce1547db24797ba2b576e384267a124cb761ca8b9c874d99ac09384fea1aa3a5e19,SNOW,DAYLIGHT,SNOW OR SLUSH,FOLLOWING TOO CLOSELY,2.0,61.5,2.0,2.0
148f91a826a185493b9ddc55a9b8e0f4b2637c0617a4c6cff23c2ce429dcaf99d8192c2d0fa52da1ec7c595a259d8bf1e14b3622ce58813167bfd2058110bb9c,UNKNOWN,"DARKNESS, LIGHTED ROAD",UNKNOWN,IMPROPER LANE USAGE,2.0,37.5,1.0,1.0
148fad3e7bbdbb542cdb73f663b8c4c82d7f0627e7313d71a46e4d4d1a64e32be7872f5decb1f2b54b778e078112b37156725cf23938e1e941ff59b61e38e29a,CLEAR,DAYLIGHT,DRY,IMPROPER LANE USAGE,2.0,58.0,2.0,2.0
148fbb2e29f9857ab65c24cfd6f102c1a140b05f7a3a084a2de815ad1e7ebb6d7ba0f606b89ccd42e652b9d5c9969880faedccf47d7689c5e57f9b380b49e0ad,CLEAR,DAYLIGHT,DRY,EQUIPMENT - VEHICLE CONDITION,5.0,36.0,5.0,5.0
148fc925f83078ff43db8424a2d2a305d7b97ab82ffa219bf1e8ce49a6c57c2bc476bbc7ba893bc17ac23afb5c753babda1604ffdc93e1cd3c6586d17473b6e0,CLEAR,DAYLIGHT,DRY,FAILING TO YIELD RIGHT-OF-WAY,2.0,71.5,2.0,2.0
148fe6f9313d1ace261380a146b448e0d3d14c99d3f207bb25069213b9ea7599fddce5ab48a9e176d287356219f097e9637e70ee5c1401f61dce792b0a8cf78b,CLEAR,DAYLIGHT,DRY,DISTRACTION - FROM OUTSIDE VEHICLE,2.0,36.5,2.0,2.0
149009c17e898c67c0f5584e69b4ee4d2ee136c8d1b3d9aef65c2e987930edd75dee0ca50190877de985b4bdc90c57612e6a76de5f4fc52e9b18954d3ebd382e,CLEAR,DAYLIGHT,DRY,FOLLOWING TOO CLOSELY,2.0,37.5,1.0,0.0
149012589ba153da00f346a486fc1cabfaf0ecf01e218e9ed7f3608d587e9fd2602f7809ad5f3b501c0e46f294839bad77e775162b89b903f6364882d781a685,CLEAR,"DARKNESS, LIGHTED ROAD",DRY,FAILING TO YIELD RIGHT-OF-WAY,2.0,24.5,2.0,2.0
14904e57f81acc3fba682897431fafd0a7d56191931215bffbb9fd635a7fb9b7bad6d34b65ce8794b463322de51c627cbee0709fdc48426120925c80b3840b52,SNOW,DAYLIGHT,WET,FAILING TO YIELD RIGHT-OF-WAY,2.0,22.0,2.0,2.0
149050d694e4388c0cf6f9805c4c9d755a624559be0d9e36f9618d31f59901c1d7fed1e515141770101494e170faa9b78ba6cf85ec22fc51258a7d89786c9e09,CLEAR,DARKNESS,DRY,FAILING TO REDUCE SPEED TO AVOID CRASH,2.0,32.0,2.0,2.0
149080a0df257913e7b1afbeb2f20f0b12d98936a5b010c4fe008cd02250ae15ac82003e08c2151bd007a60241fa0453343800eeb1f7775099ffd20b40ce32df,RAIN,DAYLIGHT,WET,FOLLOWING TOO CLOSELY,3.0,53.0,3.0,3.0
1490b74d8c2f6751d9048a73d249b383a8da2907272489a46360e4f97a96715ac799a0fcee88c402a7868edf6ada422aae070448920745c49365e1d24011e6b3,SNOW,DAYLIGHT,WET,FOLLOWING TOO CLOSELY,2.0,34.0,2.0,2.0
1490c90819e9d40144d02eb0b2c5e1b8d4f3129d610e3a2075bf16a4fc31b02451a87251221b9a87c7982cc63f6da3f1223aaeb18fff5d2b1b61a24499700b0e,CLEAR,"DARKNESS, LIGHTED ROAD",DRY,FAILING TO REDUCE SPEED TO AVOID CRASH,2.0,20.0,1.0,1.0
1490cb23ee7ca3e3a9dceefb69e362ea0e9b3dc360e0a8971019ef3344198d5d41a31d954e61b6ab34c28e4e417aaee0fd85099e3aacee5bfb11b375f81a8c4b,CLEAR,DARKNESS,WET,FOLLOWING TOO CLOSELY,2.0,51.0,2.0,2.0
1490d1024bc8da199f68ee738b7128a6f6f8361a51f80ac4ab0bb8474b2e73d7801e78933dc01c122f41d401f984a3571b4bbdf844a5ddfe3e4ba755102d6d97,CLEAR,"DARKNESS, LIGHTED ROAD",DRY,"EVASIVE ACTION DUE TO ANIMAL, OBJECT, NONMOTORIST",1.0,29.0,1.0,1.0
1490e36ab0149546f4cac184c31a7f9154e7f7ecf206102551902d44e589843aeed828afa1c3ecb007bd4adfc02065aa4eeff8c30e8101d305290f13a948987c,CLEAR,DAYLIGHT,DRY,IMPROPER BACKING,2.0,41.0,2.0,2.0
1490e882e2080884d1f65d3df27c8e37dd3cf4a4c0c259741ba27fe407fdd30dd48d5f9ff8c9bf4a14aaa5b84501f7288d1fcbce0f6db4545819354ef9ea9a2b,CLEAR,DAYLIGHT,DRY,FOLLOWING TOO CLOSELY,2.0,37.5,2.0,2.0
1490fd294491ed400333228155ae8b89183c1f4bf15e1484eca9646fbfbd366d5a182a9d7a7cdce46a7aca1dd13e5c7ce486645ee3cbc0718a7ff8e7c83c72ff,CLEAR,DAYLIGHT,DRY,FAILING TO YIELD RIGHT-OF-WAY,2.0,26.0,3.0,3.0
149109c4452b2e328d2be7ae2844043d3df4b8f9f18e9c336c2a03afae775f4a69ac5b24c06fa0bec2e66ea942d6f081bd33ecb9de51769085497753c494ad53,CLEAR,"DARKNESS, LIGHTED ROAD",DRY,FOLLOWING TOO CLOSELY,2.0,31.0,2.0,2.0
149126e410fbda78cef7525581333e63a594b260ddd40c6381aaabd00ad349fc281ca8acc53a2b0af33ada7268b13d0b854a05fe0ea518b7b6056a4027f61c15,CLEAR,DAYLIGHT,DRY,FAILING TO YIELD RIGHT-OF-WAY,2.0,22.0,2.0,2.0
149139938bbbebe72fc2c26e706e171220341376af8c8fcf3ce6e1c45be3923110e8947ccbf9dd703eb32fd248daf1a51e55c403ae8fe130c94bf58ee6effd25,CLEAR,DAYLIGHT,DRY,FAILING TO YIELD RIGHT-OF-WAY,2.0,35.0,1.0,1.0
14916ab2a290ae8ab22dd28e7c7c702bbdbb6d1c2cbe1a466d809cb8e172df140ab71bb30eed66cb0980432f21795d2a6edc6ba0d8ab6c9ba8ff8e4e381e5902,RAIN,DAWN,WET,FAILING TO YIELD RIGHT-OF-WAY,2.0,35.0,2.0,2.0
14916fe18ff1efbd8add15dc9a47d0c30ec37bbca31b43b4cf26f43fb1375c7e2ed5cfb340f25a047cd572484cd39b8a9cf57dd2b38308300655d5e837808ed0,CLEAR,DAYLIGHT,UNKNOWN,FOLLOWING TOO CLOSELY,2.0,30.5,2.0,2.0
1491a536cf2bbae1b757411980a8350ea3664e520bb1ca691d416395c75eb75f16c3608ad202a1562430cbc03af7a382f26832ba29b78cb7c2daabe1078a8bb5,CLEAR,"DARKNESS, LIGHTED ROAD",WET,DISREGARDING TRAFFIC SIGNALS,1.0,39.0,2.0,2.0
1491be3b0d089fce7bebddf657d77859e0fd1afc2287a6d0421b8ab3cf4194559ee25051384f578cca5a75af0cfe6b6211074d044f668228213e47e6088df0ce,CLEAR,DAYLIGHT,DRY,IMPROPER TURNING/NO SIGNAL,3.0,18.0,2.0,2.0
1491c1de33f6c9ea2f25583d772fe8065431907edd317e4c1149aa13b91f6af72dcd7d1fc961b62c5168c689bf2cfe0bfc593a6bd65265e7769fab3ae59e7d8c,FOG/SMOKE/HAZE,"DARKNESS, LIGHTED ROAD",WET,DISTRACTION - FROM INSIDE VEHICLE,2.0,33.0,1.0,1.0
1491e0d740ae19114acec21917a21e0c74720e2e2f10c5e945b55b26f4a3545d7368e97e5c8f68d1a464fe079457a0228b297381b2a30eb7309185956162d895,RAIN,DARKNESS,WET,FOLLOWING TOO CLOSELY,2.0,48.5,3.0,3.0
1491e4d3c1b0d64da6c38927997bd4a38bfcd0c346fa3f22e7685a31b1df312d879a67418c82db2b94352fa3e32e0789aff2772486b312414b672327b5be3df2,CLEAR,DAYLIGHT,DRY,DRIVING SKILLS/KNOWLEDGE/EXPERIENCE,2.0,42.5,4.0,4.0
1491f870c54f4e5af5982d957c8a51b3e69d07963985a36464ff6c8c2c7dbc4f6486ea665632ef2fdc51ae4a58cc0510019c00fafa06dae67bc58e1521c90063,CLEAR,DARKNESS,DRY,IMPROPER OVERTAKING/PASSING,2.0,36.0,3.0,3.0
149235893fbd09678648b26ef9004c38d91d4826b2df4ec749a2ddec27d1fa5a566eb25424545e9192920dcdd5025bd99e44d8cc4be9cc4930cd536cd4a7b488,CLEAR,DAYLIGHT,DRY,"OPERATING VEHICLE IN ERRATIC, RECKLESS, CARELESS, NEGLIGENT OR AGGRESSIVE MANNER",2.0,26.0,2.0,2.0
14923f446bec95aca92afa9a044d8366261e5d303d247945606f7eda9d3228026a68742eed55ba43ac99f1cb498236731d2910286f59754e96093dc4147d601b,CLEAR,DAYLIGHT,DRY,IMPROPER BACKING,2.0,37.5,1.0,1.0
149244a9953bb0e9893bb6e156fda7d9aa98905475a005fac2ae231f95e0e7f9ee8f1a386a7197ec719ac05de9e262b4ced8bd8c9336d43565c7b1bd94bd831f,UNKNOWN,UNKNOWN,UNKNOWN,PHYSICAL CONDITION OF DRIVER,2.0,62.0,2.0,2.0
149269c4bf030252b2d166e7d4ba6213737430b1676094c4fefa7ebdaed5297bb593cdf0fa06c077ad5f5f0e6538b84a59f6ed0d533cf6154597e6822b3d9b1e,CLEAR,DAYLIGHT,DRY,IMPROPER TURNING/NO SIGNAL,2.0,47.0,2.0,2.0
1492712b13e6e1e987a6747820051a36af1931d7ad160e386e88cbf554a4be10b23c6681cea5142dd92a80cf35e06f840c1a47c08d5974abc0eeef995b9f4209,SNOW,DAYLIGHT,SNOW OR SLUSH,WEATHER,2.0,43.0,2.0,2.0
14929963b21af2a275cc79cf387613ffd98edb5a22dd54b9cfe1a079366c6ec9b995cd90a220202285696edd8c09a540800f74996cf18cd0881cb6c8dbc0c6fe,CLOUDY/OVERCAST,DAYLIGHT,DRY,FAILING TO YIELD RIGHT-OF-WAY,2.0,42.0,2.0,2.0
14929cfa4a2b54ea1cd8963df55bb7be338a0b99b94d450c00a5e7d68699a19294f912cf3735b4d5da32b66892a66fe51002a729e04391edbae221f59af9f1f9,CLEAR,DAYLIGHT,DRY,FAILING TO YIELD RIGHT-OF-WAY,2.0,58.5,2.0,2.0
1492d987184300f0b004e283ce32e6931db5de4aced611f6483e98246b5a0b646479e197bb7911c167295649ba5a3508e69e9cf735cc61bbe328513738bc0879,RAIN,DAYLIGHT,WET,FAILING TO YIELD RIGHT-OF-WAY,2.0,37.5,2.0,2.0
1492e63b8fb9ffb8f9ec8cdde95042644b0baed32db3b78d110981496cf2babaa8395b1f908d82758e0f696bab89ad9b220408bdf2b0ff588dc86057472330a2,CLEAR,DAYLIGHT,UNKNOWN,IMPROPER OVERTAKING/PASSING,2.0,52.5,2.0,2.0
1492ec36a41a9464c7379a6c1b14c439ea37e668fac4211f79ffe5dc4d90cbc97f51512a2938f67ea2b4e1b04b5f8d8fa94f24baf17a252e2524c9ace30c1779,CLEAR,DARKNESS,DRY,IMPROPER BACKING,2.0,37.333333333333336,3.0,3.0
1492fa9d8b38740f01362a2127e635943fc23d50a84b426c94f0a12db4dd96684c80726cb8f3baf473d1ad5201906cb16c39ac2c7834c2e4f0ee8e30b7e65ac4,CLEAR,DAYLIGHT,DRY,IMPROPER OVERTAKING/PASSING,2.0,24.0,2.0,2.0
14931ea6c165762abd5bda33f6c2f92e5f3d101d2f42d7a6dce57836f5078d00c4328326729953e9ca16c54e842af244598059e4643a55a4e289dba546b080fb,CLEAR,DAYLIGHT,DRY,IMPROPER OVERTAKING/PASSING,2.0,29.0,3.0,3.0
1493310a710080fc68c1e11885d809a26539f5a289fa0c04870e1d1e6d57e77d28d99c9874ac82dc7f2e090e1774ab6abc37ce293ad636e4cc624232d27d693f,CLEAR,DAYLIGHT,DRY,"OPERATING VEHICLE IN ERRATIC, RECKLESS, CARELESS, NEGLIGENT OR AGGRESSIVE MANNER",2.0,41.5,2.0,2.0
14933cbcafed8338fb841e0ee98ef9dd1e25cdc8f6499a7d3d29a8ad793187536f11c72db1b6046913a74115b14894e4cc74c1c07df5b3dc19c5ae27c45d6311,CLEAR,DAYLIGHT,DRY,FAILING TO REDUCE SPEED TO AVOID CRASH,2.0,47.5,2.0,2.0
14935523bd764dfdcea4ced110eaa3c5f60aa379fd6323bebde12cc9812d6b15bf86233c4c8e8b9ff3e5092c5cf0e90421c4d849093f7b2a2ce5d81de3b77c4e,CLEAR,DAWN,DRY,DRIVING ON WRONG SIDE/WRONG WAY,2.0,57.0,2.0,2.0
14935a797e7a031325d7c976641af530b5520a5971de1ac88c5c19292a80f876a19da7a480ad46918ca334dd0c509eaeaa8b8e6fd9e077bee56919c558fb7a8b,CLEAR,"DARKNESS, LIGHTED ROAD",DRY,FOLLOWING TOO CLOSELY,2.0,60.5,2.0,2.0
14937a3518c4a8e7bf54a64794cdad541da2bb5fcab8b2ab2ccbf11c5ba5707cd20c572901fb5361ccd59283a66219388ea4a8ad8e8785426cc44f341a99fe8c,CLEAR,DARKNESS,DRY,FAILING TO YIELD RIGHT-OF-WAY,2.0,29.0,2.0,2.0
149381afcfd31bde8b76aae06d252e9544b63abb6c000f1eadabe352db69648ac6922dc0db026cf56219d4f81760eca08867923f02ad2e48cd4c08eaa0743520,CLEAR,DAYLIGHT,DRY,FAILING TO YIELD RIGHT-OF-WAY,2.0,36.0,2.0,2.0
1493b2b736a5539823d0098901188ae41d086d0696dd79ee7ab1ece733d923ec262bceb2f54f14e7318d149f6eafa25605965d6ac14c9cf41283988b67ba272a,CLEAR,DAYLIGHT,DRY,IMPROPER TURNING/NO SIGNAL,2.0,37.5,2.0,2.0
1493c78b9ba54c7e3700bbd1790a304ff69d3d44f79214631b4542c07650b34cdba563d0b81da820bc7bbf0a1672e0bb8bb84062c69099f49858223bfc231b64,CLEAR,DAYLIGHT,DRY,FAILING TO REDUCE SPEED TO AVOID CRASH,2.0,29.0,2.0,2.0
1493df283431ec5c9c37f351e4649fe349006c341442f2f97a05fe2bb6ea9a1d7bf6f4740fd73cedfab542d9d567b5cf87c19c1e0f3c6417201907b9e2d74dc7,CLEAR,DARKNESS,DRY,DRIVING SKILLS/KNOWLEDGE/EXPERIENCE,4.0,27.0,2.0,2.0
1493e6c5821c768b75b731d0d750169023d80b8594b9251cceab8347156453fff52eb27514c08091f02217d2dc79572d88fcebc4e4a686cbf86bf1c3cd8411d2,RAIN,DAYLIGHT,WET,FAILING TO REDUCE SPEED TO AVOID CRASH,2.0,53.0,2.0,2.0
1493f1724b8297d56ebfa01833ebdb4627045cdc4b9f27bd315b4cab66a45d9fbd72c4a57746a9677bcfc58202309a74919fe37263aea02b4b1017be59829a7e,CLEAR,DAYLIGHT,DRY,IMPROPER TURNING/NO SIGNAL,2.0,37.0,2.0,2.0
1493f50e81e3b6470875f4a3a76735d9a3fce20872af0081cbda29270fd7d72d3435f542b1773aa01934e6d7d16918227047246834836cc520d539eb19e1f391,RAIN,DAYLIGHT,DRY,UNDER THE INFLUENCE OF ALCOHOL/DRUGS (USE WHEN ARREST IS EFFECTED),2.0,37.5,1.0,1.0
1494451606b15f47b173c97451a6e57f721412d2f3408e56824d4b94f7354b553384282ab829c856338b89a3b0595e4e16aea587742d02d90911d93cea733bb2,CLOUDY/OVERCAST,DAYLIGHT,WET,IMPROPER OVERTAKING/PASSING,2.0,42.0,5.0,5.0
1494b7addb148d8ea4bed47d97d57de9585d9d3a75e65097b3a17973bee8522532613dd67121a80e486c7168629983e5f4513cf25d8a2015f54b2816714ccff8,CLOUDY/OVERCAST,DAYLIGHT,DRY,DRIVING SKILLS/KNOWLEDGE/EXPERIENCE,2.0,37.0,2.0,2.0
1494ccabff399c5ee18544cea0c0834412787949fc1a69ed6b22c094421f7d868dc7e5d18d88b1e340362deb339dfb69773b57fef32d8d173454588371a85222,CLEAR,"DARKNESS, LIGHTED ROAD",DRY,DISTRACTION - FROM OUTSIDE VEHICLE,1.0,19.0,1.0,1.0