crash_record_id,weather_condition,lighting_condition,roadway_surface_cond,prim_contributory_cause,total_vehicles,avg_driver_age,total_people,total_injured
1494dfe3e1933562194f092e1352963b42c920c89cfadb4b0424f71a66d001b686d81c0c1623c30af44d8742fd1a213ee78f2e38fe0fc7c99bf5aff6a9c82825,CLEAR,DAYLIGHT,ICE,WEATHER,2.0,52.0,1.0,1.0
1494eb88fee0783f10f1937886ad55352b8a655a29885b08e24edb1ed1aaaf290712b857c8d86f157ace2e18d16e91ba00c5c90a79e70328364155c4ba6c78f2,CLEAR,DAYLIGHT,DRY,FAILING TO REDUCE SPEED TO AVOID CRASH,2.0,45.0,2.0,2.0
149532e37a2c6ee046f251a7b2939668123b1dd9a6aadcb2dd0a4094b43856bd31e34ba474ff38e96cf94186e1e92e7f3b4e804103bb75577faed232d0441198,CLEAR,DAWN,DRY,FOLLOWING TOO CLOSELY,2.0,45.0,2.0,2.0
149554ddfd4b491f2106bc6ef9bab6d028cb42049f8f960e678f21dc935dece0c413d6bd47968819ad4c1d1559ff6bcf2e1ac915af2f2baf980a82c347ece82e,CLEAR,DAYLIGHT,DRY,IMPROPER TURNING/NO SIGNAL,2.0,33.666666666666664,7.0,7.0
1495b6c2b68351080983970d2cd3528985bc5fa7adb78b46a0fdaf2b37b602d6443ee1a0a8845c6ede26d580217d7019168cef06fc3c5bbd39e12f144cff9882,SNOW,DAYLIGHT,SNOW OR SLUSH,IMPROPER LANE USAGE,2.0,48.0,2.0,2.0
1495d027042195bd074a76d52800064af5f338da8a9c20d3050a532c068ac171908696ab4e6be4cbd806a72d678f2ab0d1ab0e0cad9cd3bb0fa9af2ef4af1b76,CLEAR,DAYLIGHT,DRY,FAILING TO YIELD RIGHT-OF-WAY,1.0,41.333333333333336,3.0,3.0
149605339a1f3cc367fbbfad3a059059256d624450daf65a7d4f0aa8a162b33e7125d4ee16557896c1b6aed34b6136e7d132e6ef17c0ecd8558b5fda85e65e5d,SNOW,DAYLIGHT,ICE,FOLLOWING TOO CLOSELY,2.0,61.5,3.0,3.0
14960ab5f8407378de6c79c313abf433f8c4959aa9018a7d8ee8f8f02d4cc8368cc4b061fb6435bf2ad52e247bc99c6d60c4fadae347c098fa5c5a3aa6e12c87,CLEAR,DAYLIGHT,DRY,IMPROPER TURNING/NO SIGNAL,2.0,48.0,2.0,2.0
14961a5f8387abb1f3b4608a6103a8e1d06d05701b8bf988323255e77620c9ef43b16b6ff854fca2339ea23d28dc722b57df8b1f7a67d2cd7b992d8b10538763,CLEAR,DAYLIGHT,DRY,IMPROPER TURNING/NO SIGNAL,2.0,25.666666666666668,3.0,3.0
1496226ca1e3908eec7c7bed9987469d292e8d5536f58d478e607bb2fda4f5b575c61a740a93699b5303c93c696922611a54b93a3fb31d17a6b317178668d6d0,CLEAR,"DARKNESS, LIGHTED ROAD",DRY,FAILING TO YIELD RIGHT-OF-WAY,1.0,36.0,2.0,2.0
149623b103acc013238cb7f48dfb8fe957ac9bfe4d9e92c0a720ec786c7f74605731f56727892434b152ff7b605ec61961e55c6e01f6953edda93d22b1fd0961,CLEAR,DAYLIGHT,DRY,FAILING TO REDUCE SPEED TO AVOID CRASH,3.0,19.166666666666668,7.0,7.0
149684b2fd36407b71868b9268d2a44200a0b8a0e3426cfa19688c45e0c6053cc402600ecb7e3aca9d1ed68d5b3cd4854c32c20005f525e9034974d0493fae21,CLEAR,DAYLIGHT,DRY,FOLLOWING TOO CLOSELY,2.0,44.5,2.0,2.0
14968736ff8ba3e2cb1c3ad90861335b5fe88b18b42c75389d04b5d29fcd14938926ea083016184af323afc46b56fca362e35b1be49b1a5f307f9a72b93a324f,CLOUDY/OVERCAST,DAYLIGHT,WET,FOLLOWING TOO CLOSELY,2.0,36.0,2.0,2.0
14969b3af0fe85e0cd8bb79149a4b430d450839fad7c279e141c13373d9c4b5b5370d9d60790638fe4abfda2e24e5b1a91de361088f77e125eef410b07473093,CLOUDY/OVERCAST,DAYLIGHT,DRY,FAILING TO YIELD RIGHT-OF-WAY,2.0,72.0,2.0,2.0
1496b6a08bf3fbc77acf49467114e4313f530d5445fb9d12d0383b561249820576e52a7372bf79f37468956730dd2f96ffbfdf615ecf504909d12f0f516ee2d4,FREEZING RAIN/DRIZZLE,"DARKNESS, LIGHTED ROAD",ICE,WEATHER,1.0,35.0,1.0,1.0
1496d7c1398d45a7161f2639bf575c3ea70738c4e54c68161a297a9d9000973a423bf4ad2a607820dcecd9be9f9e1999ffce29889d61ffba4a939d5bda185746,CLEAR,DAYLIGHT,DRY,IMPROPER LANE USAGE,2.0,24.0,2.0,2.0
1496f3dc9d9f3dc2f8216091facbd5416f9b4749981a6a3d74994186ef61e5e59927a06fa8a7512ea04e4d2ec3a7f435f87ffcc9548241980eb9dde1d2a9f410,CLEAR,DAYLIGHT,DRY,IMPROPER BACKING,2.0,37.5,2.0,2.0
14971f5f48cd275430f7140206e09469b033c4cfc82635cbf8aff4fe66179c227f85a025e75fb23aeb56aa4f7e8ad313e0f2de3f9d4cd836d93650d62998426d,CLEAR,"DARKNESS, LIGHTED ROAD",DRY,FAILING TO YIELD RIGHT-OF-WAY,2.0,29.0,2.0,2.0
1497379d441aa58c1e4b477ebc3520b1da54147697d2e5dbda34bad471453cf9b6847ec49bc17028587da0de45f81a043a69e207df7751f3366c66e5ea789181,CLEAR,DAYLIGHT,DRY,FAILING TO YIELD RIGHT-OF-WAY,2.0,41.5,2.0,2.0
14975005e71a0da58b7676fd5f6de9d4149c2fb5f2f619b0af44bb48ccdb6744ba7dbee76ec36a353581772274000fe92d7c647232b8a925fa4ed3d0d56a5325,SEVERE CROSS WIND GATE,DAYLIGHT,DRY,IMPROPER BACKING,2.0,38.0,2.0,2.0
149770a97e9629f7bbdc6fc36b889126cafa219059a170d56e94d8118f4a5584b33d95dc2086bae6f2134385f56e743ea4160d5287829dab38762a4a99086211,CLEAR,DAYLIGHT,DRY,FAILING TO YIELD RIGHT-OF-WAY,2.0,30.0,2.0,2.0
1497ac825ebed581d59c9508fcfeab8028e8d9a40b2c3c0ba23ecc529a7741f4a8e72e0fa4ddd7dedb93934ef0091ed145f943bb9ec687c2ae73db3476a01bdc,CLEAR,DAYLIGHT,WET,DRIVING ON WRONG SIDE/WRONG WAY,3.0,28.0,2.0,2.0
1497d450a98353d991397aee1b6fd48535f1c6337ded827c4e33b2a9497df2b738b36fcc8367b1b816be1447b14b6194a3e749450c52bf74ce708f8511933c33,UNKNOWN,DUSK,DRY,FAILING TO REDUCE SPEED TO AVOID CRASH,2.0,27.5,2.0,2.0
1497fc2c8cffa00ee015798329ab238f40dcbbac747be384814c77563fc93dfd99c3228a6a85866438dfd6d91568c94e40036127182b6a010f40db95da10d506,CLEAR,DAWN,DRY,IMPROPER TURNING/NO SIGNAL,2.0,26.0,2.0,2.0
1498076038c564c5513a3a66323e3879c9cbde70e61bc012ba006b28a2101b4ff427d9e3bba7f6c19a7282c36336d0e55d70e15d309cfb64ce291409302762f8,RAIN,DAYLIGHT,WET,FAILING TO YIELD RIGHT-OF-WAY,2.0,17.0,3.0,3.0
14982027e7e8ef6acca551f5a9c62da03cc1cca293bb4f0efff8d16029cba835978dbe00379142ea7e96b8782f436a0875047f456a117596d8e11f4dde0e052d,CLEAR,"DARKNESS, LIGHTED ROAD",DRY,FOLLOWING TOO CLOSELY,2.0,37.5,7.0,7.0
149850edf652a593040c65d0673c78a148848d04051181202710c0cb095140e0404d69f6df342a630e51ecaba26afe73a972e076f912ee64c7c22c5d1dee6e2b,CLEAR,DAYLIGHT,DRY,FOLLOWING TOO CLOSELY,2.0,28.5,2.0,2.0
1498692c17ed274ead5da66ec5f2298b7abeffa62bbabd48a9a84f8b0a52e8534e0f8b4958dd59c282d434dcd017abc4b39f367de69401f6b27887ee54240f8d,CLEAR,DAYLIGHT,DRY,DRIVING SKILLS/KNOWLEDGE/EXPERIENCE,1.0,56.0,2.0,2.0
14986d6b390f965243e971fc5534419e37e53eb88b68c0299edaac1d5827d03d18b6e07b131845904207ce97e25f436ce21a5a4abab84c93bc2854ee77dbedbb,CLEAR,DAYLIGHT,DRY,FOLLOWING TOO CLOSELY,2.0,36.5,3.0,3.0
1498780cac040da3e1dfb14ce9f9deef8346bf490901fa72151d243b858d150b048bd385ee66e6764383037a13343cf0007683193a23c655b57651e030ffc6c5,RAIN,DAYLIGHT,WET,"OPERATING VEHICLE IN ERRATIC, RECKLESS, CARELESS, NEGLIGENT OR AGGRESSIVE MANNER",2.0,43.5,2.0,2.0
1498a661f727c4c6346279c70b9f9a0e9e805eeacbf1cd959e26aa7b3f2bb8b40c8a506e8706eb15c9070b55493c3b00620f540c6e180bf88b0ff472f8e93e51,CLEAR,DUSK,WET,"OPERATING VEHICLE IN ERRATIC, RECKLESS, CARELESS, NEGLIGENT OR AGGRESSIVE MANNER",2.0,54.5,2.0,2.0
1498b0ed50d70fae1f4324b78a86a1f030e133dd142f999e5559cf66926e42c0efdbbc233bb16ec5aa6d39f7a82233d6ade58b4fc1bfdcaba521e4073137f497,SNOW,"DARKNESS, LIGHTED ROAD",SNOW OR SLUSH,WEATHER,2.0,26.5,2.0,2.0
1498ea68c6b9127f82788b56ea9b45a858c91668b287c0751da7ea56e39cb553cf208d76368315bd489f41d1047451ad88c53bcd95dafe47755d624d18e1bba6,CLEAR,"DARKNESS, LIGHTED ROAD",DRY,"OPERATING VEHICLE IN ERRATIC, RECKLESS, CARELESS, NEGLIGENT OR AGGRESSIVE MANNER",2.0,37.5,1.0,1.0
1498f035629c6494b4a37ee569d8446510cf2d6237eb805a90cdbf62014c68ca6d9329485b6d8c63eee2e8116872586f907007b81542e90bb924eea740828d03,RAIN,"DARKNESS, LIGHTED ROAD",SNOW OR SLUSH,IMPROPER BACKING,2.0,37.5,1.0,1.0
14997bcd649404b8e1e3d0787a4ffd54f9f994e5fe0bcd861d93aa53ecd0d53b9b0453424fbcdea52fd464a4003d174642d92593cd9b9b0a236235cbdf83d829,CLEAR,DAYLIGHT,DRY,FOLLOWING TOO CLOSELY,2.0,38.5,2.0,2.0
149999e3e3881659706713e935657573fab4f07c93cfed302a62ab3849900063cd40a8311b0ae46da9355cececaebce75736cf5167457b3a0c40c0a706ed1df3,CLEAR,"DARKNESS, LIGHTED ROAD",WET,FAILING TO YIELD RIGHT-OF-WAY,2.0,43.0,2.0,2.0
1499c3e514178312bfbc2aa67c6f1396078aff3ed247c99713762c36cd0218e1c604b54398907ad13f82505ec2b39809c3b202f34de129656916015c4885fdcc,CLEAR,DAYLIGHT,DRY,FAILING TO REDUCE SPEED TO AVOID CRASH,2.0,55.0,2.0,2.0
1499cb5d0ab85ad7942a20c7cfabd3233fdb3770b4f5f3d7d4491bbace23510fee5421431b3ebc6755fd361e1cc308bc64e10c4b68cffb4d383b1a6b5a150b17,RAIN,"DARKNESS, LIGHTED ROAD",WET,WEATHER,2.0,29.0,2.0,2.0
149aa7830bcea56c71806b1e011324be52fec5e11c24a95be1a5f93484bb1551b0517ea8010966dc62b4e3d5be1723b46392d7166b70bc4498fee87eb40164f2,CLEAR,DARKNESS,DRY,DISREGARDING TRAFFIC SIGNALS,2.0,37.0,2.0,2.0
149ab5ad610c8faab07e9ecab9d853a8f74ac53732ed50dc17ed5dc9d6a8c92f335eed12a3d264ae3049aad22bf727991e5fe3bb047bfca64f9d7cca19c343f7,CLEAR,DAYLIGHT,UNKNOWN,IMPROPER LANE USAGE,2.0,36.0,2.0,2.0
149ade282e58aa7370ee6bd0baf0e2bdaa1fb3b4157120e5d7276a95188b984d5151974a2b8e21cdd5d26ccffcf2d4787abd769a907f5c78994452aebf66f189,CLEAR,"DARKNESS, LIGHTED ROAD",DRY,FOLLOWING TOO CLOSELY,2.0,31.0,5.0,5.0
149b0c83cf7488d3740d3f36d4978d9e908365c4e852614730a8be2c26a8396ee03a0de4eb1648885d94cb1dd23fac113816dae7de0e8420f3b7fdd095e8ad55,CLEAR,"DARKNESS, LIGHTED ROAD",DRY,FOLLOWING TOO CLOSELY,2.0,40.0,2.0,2.0
149b401901f0c32f4c58a79577055e242a69584490dd34f2a3e6179dc2c5a3a6d104939372a8f121ad58db51434f8706247a05c5a0191acb1bd6b5e5ecff7270,CLEAR,DAYLIGHT,OTHER,IMPROPER TURNING/NO SIGNAL,2.0,39.0,2.0,2.0
149b8e0264aa400e1856cfaf104503ae5836bbfe79d4deb000e979c880b7aa6c398b1e3b203c01a58ce7060ea780238d598ee34b83a4f3264ba91ee6825782a5,CLEAR,DAYLIGHT,DRY,IMPROPER OVERTAKING/PASSING,2.0,43.5,2.0,2.0
149b923d66aec684b9535dbc0b74a44162296dd835043733848e5477e1c79d574f30e7c4eada5d747e1a6c1a9d5ca2d3424dacadfb19b202bbcf3165a8b88397,RAIN,DARKNESS,WET,WEATHER,2.0,37.5,2.0,2.0
149b94225a71f104df608b03d19e00364780d6674b2ce5abfc46370625947c6d46bfa42a910011c4771599948c5561a84256e530e9a83a61419a15adb56bad89,CLEAR,"DARKNESS, LIGHTED ROAD",DRY,DRIVING SKILLS/KNOWLEDGE/EXPERIENCE,2.0,24.0,2.0,2.0
149bba211ca32c8abba845f292d423ee4e751e379d222d82fb6bcde2ca8e30a11ba4dadf23a307743719f3d028bfd2ed4cdb3e1c8fcd83013cb4868706ae8e68,CLEAR,DAYLIGHT,DRY,EQUIPMENT - VEHICLE CONDITION,2.0,41.666666666666664,3.0,3.0
149bd5f2af799426a4ae30dc9f40614543673f14cb0f63434ea6d149f7b7ccef70c2c4bd7c3b8a77224cc7b20697e7f8ef66af84b53474747d35b8c4fd7032f8,CLEAR,DAYLIGHT,DRY,DISREGARDING STOP SIGN,2.0,55.0,2.0,2.0
149bf49a98b5acfbc108e1388bc215761c2e12a0fede939acd1d3d40fca9f7d2fb8a0896b6ddab47b2c4d50c8e7448535f75cabbbe657fe17110b6dc454ee3c3,RAIN,DUSK,WET,FOLLOWING TOO CLOSELY,2.0,28.0,2.0,2.0
149bfd539bb7e3adf2b71126353fc2b6eb6927cc985aa82c18bda338d2b0697f2d64b10a6a738d2614b0fb8e7bfd287391c5c4d6ed8f3d48e74c6bd48bfcfc6a,RAIN,DAYLIGHT,WET,DISTRACTION - FROM INSIDE VEHICLE,2.0,29.0,2.0,2.0
149c07daf541fa60210e7d331f1466710df6de758eed701caa35f6293b88cc0df2f65fc640a12cb956a23c56bacaef812b686e44c078c1ff07e601410da2f5c7,CLEAR,DAYLIGHT,DRY,RELATED TO BUS STOP,2.0,31.0,2.0,2.0
149c1aecd245596bd3850c53da174cc5c914829a48be688eaf6290b4e33aaf54e6fa72bad8b776530ef36e482a9f8fa3053b8215b6602b4d6a4c218059b93ede,RAIN,DAYLIGHT,WET,FOLLOWING TOO CLOSELY,2.0,37.5,2.0,2.0
149c7c09a5e0e6a8c44f8b68154cc482e7ead0d1f1dc5bf544441f78fb356550a3cdca6d1c4dd2a74f876dc2a9e345a90ef809475ffbb27f5e2f7a8a790fdc66,CLEAR,DAYLIGHT,DRY,FAILING TO YIELD RIGHT-OF-WAY,2.0,42.25,5.0,5.0
149cc4e4435dc0c465c690ba1e4ee64c434cfc000e85d25c5962164db56d4c34c69417979db8ac16053f2b7f8a1efd2d0c42b3bef294610ab1cb801694e08bd9,SNOW,DAYLIGHT,WET,FAILING TO YIELD RIGHT-OF-WAY,2.0,37.5,2.0,2.0
149ceba0edbc24568dc51403ab7e639496007057740a5ec87692c1f95584a15a767df2c9d64d652bf38efd342af3c4e24b0ff22db3638a7e2ca95fc6e7aebfa3,CLEAR,DAYLIGHT,DRY,FOLLOWING TOO CLOSELY,2.0,37.5,2.0,2.0
149d0fa35a705d30193fc92807809f9c896d7997d98e1bb88f7394df6a62430b1c696ad0b08d51b652c69218816a4215ca5bdc8c13ae2d7f129d6a7beeae3a03,CLEAR,DAYLIGHT,DRY,FAILING TO YIELD RIGHT-OF-WAY,2.0,15.0,3.0,3.0
149d1f10c846ef34a2b619c84f36507597a4dd706eb6aca4a9d40f4f9e2af7d66bd61c0437f13cc1e84585236ca45d0cd67a3667650d2390a8ac782755386afd,CLEAR,"DARKNESS, LIGHTED ROAD",DRY,IMPROPER BACKING,2.0,25.0,2.0,2.0
149d41bdf38ef555d4cb0ea51a1f19b69914c7f90b66040c3f273fb166853aac109438f6622b65bdea06f08f5770e56eafa3a0346ab95e9849a50d9dca1ceade,CLEAR,DAYLIGHT,DRY,DRIVING SKILLS/KNOWLEDGE/EXPERIENCE,2.0,50.0,4.0,4.0
149d42e2567df00bcdb383d40d772dfa283f63ab5c1024129d71df3015cfa1bbbd850d9dc144bd0dea85636f307772ab2d3848d95f7468b0776ee851fbf74978,CLEAR,DAYLIGHT,DRY,DISTRACTION - FROM INSIDE VEHICLE,2.0,33.0,2.0,2.0
149d4d8978d713ab0e291448196d7b190dfcbe77dee474baecc5848a665c2fd1fa7c4db972c5012a6908c61f0c6626f38a6c62a1d2837cfc1f96b0f0ec912785,CLEAR,DAYLIGHT,DRY,FOLLOWING TOO CLOSELY,2.0,25.0,2.0,2.0
149d6dd1d510278fbecc09037a9e449252a682da569cfc00d6ca9d2e5963fdf7714b6f5042feb9731d1bf6a2f3777254608515427dcbb3b9d91044fb191de870,CLEAR,DAYLIGHT,DRY,FAILING TO YIELD RIGHT-OF-WAY,2.0,38.5,2.0,2.0
149da576b02d89261b1911eb4e982403052f6f23714d47a7e7ea91d2bb1505b5a23a7ff2a707a76c184080f40a07e858d7b9221ace1496a68e5c10a3c0c09ba0,CLEAR,DAYLIGHT,DRY,IMPROPER OVERTAKING/PASSING,2.0,40.0,3.0,3.0
149daa210ed0dd8aace455665bafb68f5e34f6e7be5b551dfa0c862b01ae00e41cea80c4ad1c42e0ebf9de62968aa948aac3828bb0424a825dc1c600eb5c936e,UNKNOWN,UNKNOWN,UNKNOWN,FOLLOWING TOO CLOSELY,2.0,36.5,2.0,2.0
149db15a40ef9209a02d561c6323f366faeffd1c9d958433c471a3f8219936aa18ee93a43304c25a0dfeb129e58282a0a08b65993cf0eb405f4484188e0c542b,CLEAR,DAYLIGHT,DRY,FAILING TO YIELD RIGHT-OF-WAY,2.0,46.0,2.0,2.0
149e05d3d968fcc2729f64efb52c5b57dc68ff314ce0c271903562f4ccd41aabe1c6131a651b592683dadb30707bf03f50da54c93705c0e9f61f85f0abbbdb0a,CLEAR,DAYLIGHT,DRY,DRIVING SKILLS/KNOWLEDGE/EXPERIENCE,3.0,45.75,4.0,4.0
149e3aabf7c723264c4d5a57db3472bb430a85b761a4a9c4d432f9cae173afb749838bc769ff7cbb4d3e337f79aa82a8f605d7aa7665cd9fcfbfed42afdc9a6e,CLEAR,"DARKNESS, LIGHTED ROAD",DRY,FAILING TO YIELD RIGHT-OF-WAY,2.0,31.333333333333332,3.0,3.0
149e5dd00a4788645ccbd9261d8f2d7970b0d4d204e8aee4b8e0caa777a37b79da19ef3ddbc3cee0c1ec73e1e02d9c3db7d65e6b244403c625d2832a5fc1f0d9,CLEAR,DAYLIGHT,DRY,FOLLOWING TOO CLOSELY,2.0,32.5,3.0,3.0
149e8ec7212bb54bbc5f864f35c1b4c9bb240b3624d42c69db7b942976091ce1817c3ea2bed9f17cebc67c8e297f955e5677b10720a40258b92c565bbbfc02c6,CLOUDY/OVERCAST,"DARKNESS, LIGHTED ROAD",DRY,FAILING TO YIELD RIGHT-OF-WAY,2.0,34.5,3.0,3.0
149ea3b6c60269f5f3812b8c1714592b0b4b55f154c44d9403d1aa826f27fc60029704f60252395bcaca76a5f185d902c6a0e80173872752e4eff23d3142a757,CLEAR,DAYLIGHT,DRY,FOLLOWING TOO CLOSELY,3.0,45.25,4.0,4.0
149ea6a4ea2e52ddcc6b43bbf4e10cdb264cd14b887f3f28069e005c2ef0691c74fcf90fc48752bceac3c1b6dfdfefd4c86384965220fcf42570667daa2d1f8d,CLEAR,"DARKNESS, LIGHTED ROAD",DRY,DRIVING SKILLS/KNOWLEDGE/EXPERIENCE,2.0,25.0,2.0,2.0
149eb924b21b2d774e31851afd0e8e7b3a522e29b5899aa037dd72e1aacbb5809ac82ee588984528b5ea304ad8465a521fde62c80974699e65cec0a95a2fb824,CLEAR,DAYLIGHT,DRY,IMPROPER OVERTAKING/PASSING,2.0,55.0,3.0,3.0
149ec3f01b318752c5531894a434405676a3b15a5b9c6bb7ce836d1bebbdce0c475bc94f3da12e2b94cb13e2f3ef9142f81154d94fe9905b02b25c8d3636c8da,FOG/SMOKE/HAZE,"DARKNESS, LIGHTED ROAD",WET,FAILING TO YIELD RIGHT-OF-WAY,2.0,58.0,3.0,3.0
149ee6681708a7d379a8b58b588a45adb87b1132981cf861077c3dbf2adf17301da7a91f29e5ebd63c32352e825727156f2257486f29d7b18b3e90c47deaf75c,RAIN,"DARKNESS, LIGHTED ROAD",WET,"OPERATING VEHICLE IN ERRATIC, RECKLESS, CARELESS, NEGLIGENT OR AGGRESSIVE MANNER",2.0,37.5,1.0,1.0
149f003f29b23ff7ddc3fbd53942ec272b6067d48c5e642d13c220957c8ecc3065745d0615a17054e4605a4f46fcf13bc1be73e19e4ee340956bed700842dcd6,CLEAR,DAYLIGHT,DRY,IMPROPER BACKING,1.0,57.0,1.0,1.0
149f03be8afe8b4181445748290fed2ceda8ecf4e707d39d5161e6ea165d7a5b67846bc4afe62c11e7965b9e523c89ae868fc8160c97625f29a365ef857fb425,CLEAR,DAYLIGHT,DRY,FOLLOWING TOO CLOSELY,2.0,49.5,2.0,2.0
149f2a385a8d63456c12b3e9b85df985b78778d0fa2abe891291b0d84f652152d04eca78254d62c6d640c76954e693e107ff7cf279f972cbd9fbc497e24b75b7,CLEAR,DARKNESS,WET,FAILING TO YIELD RIGHT-OF-WAY,2.0,41.0,4.0,4.0
149f8934ca22693d84d7557255b410b6ec4d809d0cf67af38dc11f0b2496c40a333bb2d11b01d1494cc1bfcbc6025f2d9ede37bb4cced14150c6bce453a83811,CLEAR,DAYLIGHT,DRY,IMPROPER LANE USAGE,2.0,44.5,2.0,2.0
149f94a0edb63bcc48fce2a472aba3b79e37e369e61f716d9935f40d02543a5ec0874c09f6b9b3366aced1039658d429799d77c6d1baa430fe5af37084ea378c,CLEAR,"DARKNESS, LIGHTED ROAD",DRY,DRIVING ON WRONG SIDE/WRONG WAY,2.0,29.0,2.0,2.0
149f98c986ebc8fe22842497cb6a457befd331247c11e49ddaec098032ec0fcdff61fe6ee7193e79c355bebec6eeaf1a764e9208580c92041c3597401f6202aa,CLEAR,"DARKNESS, LIGHTED ROAD",DRY,FOLLOWING TOO CLOSELY,2.0,35.0,2.0,2.0
149fbea35bb7451546c1007be8edf5f16c8af7aebcf39a5d9d34e77b68ef67a091cf5ffc4e685fb8bca339ef22abb7fc447e7bbc42bd1966e482ab5bdf14b04f,UNKNOWN,DAYLIGHT,UNKNOWN,DRIVING SKILLS/KNOWLEDGE/EXPERIENCE,2.0,59.5,2.0,2.0
149fe87f5f38f6493f7341c242a1aa5fb57652f5a7797eda6ca69eb0e0325e14ad65d5ac673c536de6cc9b05d2fcbc80d7dbe00246a555e2222cd46c2abfde9e,CLEAR,DUSK,DRY,DRIVING SKILLS/KNOWLEDGE/EXPERIENCE,2.0,26.5,2.0,2.0
149ff3e468671d0e6bb30bbb3997493c6e77f1390d16d7a9c915e371b81aa72e4814732c1d4143408d7d5146cc0937605ee89c0155ec391958278eeccd848d19,CLEAR,DAYLIGHT,DRY,IMPROPER BACKING,2.0,26.333333333333332,3.0,3.0
14a035408d5fe26f5697bba4b41ff1b5cf1e0d0da32d7b367589bea2abe83093b9edb1485dab78648b747414523447b176c5befb9bfa8b3b445f8e1b06203a4f,RAIN,"DARKNESS, LIGHTED ROAD",WET,FAILING TO REDUCE SPEED TO AVOID CRASH,2.0,36.5,2.0,2.0
14a0834f17326c129a301247926f808b3c2891d9c8352055d259abe2a06ba70c92e5155a1e2b1dfe0b874aa89d92ee7b8d3ffb864f7bf22c798db09842ab8252,CLEAR,DAYLIGHT,DRY,FAILING TO YIELD RIGHT-OF-WAY,2.0,37.5,2.0,2.0
14a0a146ffa1f6ff2ec55d0ffd6a8f4a630ad6a0c3ccc7dbfc8fe3746dff648f28acbb28b211f33cfeee313cead1d881431ac5262b227c465552b0acfa57ef20,CLEAR,DUSK,DRY,FOLLOWING TOO CLOSELY,2.0,31.0,3.0,3.0
14a0b07ac6126267003b38beb87a8aa923e3540d7f085eb11a0394164c9de868e1c82b15fbe5c767efa925c36374338b3442d06bf72c90b6041fb8e54c8cebcf,CLEAR,"DARKNESS, LIGHTED ROAD",DRY,FAILING TO YIELD RIGHT-OF-WAY,1.0,58.0,3.0,3.0
14a0e6fc7cc7f73774d106d50ecf3782e12629b152f8f1bfe730f22139d5cbf39bff04b51d844c189de6baa39e098883ef0227506e8ba5cf2abc7e64222744e9,CLEAR,DAYLIGHT,DRY,IMPROPER TURNING/NO SIGNAL,2.0,47.0,1.0,1.0
14a10cfaf0cbbd4713800f12b87a40b50203f7943658576c0a91f5c0819f87fce437f30a669196465c80620c39ac6881d3840a0ec6409602ddef9e644bba78f2,CLEAR,"DARKNESS, LIGHTED ROAD",DRY,UNDER THE INFLUENCE OF ALCOHOL/DRUGS (USE WHEN ARREST IS EFFECTED),2.0,30.0,3.0,3.0
14a11b56621af7bbe8f715d9354b83e0f102a9ee6d8273f7ff599d5f7972eaca15581d5e8c552ab6c0422a4d0edf9ebd8930a37d79c3a4b6d418056215e6ae8b,CLEAR,"DARKNESS, LIGHTED ROAD",DRY,DISREGARDING STOP SIGN,2.0,21.666666666666668,4.0,4.0
14a12cdb94dc03e8fbadaee44c80721fdae15a100924d239730ba1dd1f60ceba7accdfdd285b5e72de390942412aff3cc2e2d86bcf49d6f94c8a748d7dbd372e,CLEAR,DARKNESS,DRY,IMPROPER OVERTAKING/PASSING,2.0,37.5,1.0,1.0
14a152a0194d96e6223d357d1478c67c8cd86a41fd2cf769a204e7af7bc89165083482711b7ce7295ee0769d4544937b994cbea5ded12c6ae7aea18f6134622f,CLEAR,DAYLIGHT,SNOW OR SLUSH,DISREGARDING TRAFFIC SIGNALS,2.0,43.0,4.0,4.0
14a15e2941f32e15da91517eb2363f61873e6efbe8fcaec404eb7e45e693d8b08c6219c3240abfa8471e288e7964ed97025d18f6441bc86ee955f84acdeaba60,CLEAR,DAYLIGHT,DRY,FAILING TO REDUCE SPEED TO AVOID CRASH,2.0,42.0,3.0,3.0
14a1b52b646274579cd166f73592848777b081ac33f586d2f67b8669534cdaa6ac36e5915df31870f6effca9f7a38436ec3b01dad2cd851718c67b136861db94,CLEAR,DAYLIGHT,DRY,FOLLOWING TOO CLOSELY,2.0,39.666666666666664,6.0,6.0
14a1c831aacf02a9b8ad5dbe8a98d8d299e16ce01698e57f5cf4d18fc7f51e0735541a26ba26579e799a2caff05c9969004878c519fed48b399f724743642997,CLEAR,"DARKNESS, LIGHTED ROAD",DRY,DISTRACTION - FROM OUTSIDE VEHICLE,3.0,36.0,3.0,3.0
14a222bab6ce33516dd6ca1e223dd16cc9a98ad1040c401b95b000556f75cd100a124ea65495bae51f63713982fdb44646cce1c229e6f917cebfbe3b0dc09e55,CLEAR,DAYLIGHT,DRY,ROAD ENGINEERING/SURFACE/MARKING DEFECTS,2.0,37.5,1.0,0.0
14a23ca24e416bd80dc9272d604d8093209b702daa798dd3fc6fd7dd20ad4c3eb57a11b4b0fcf72fbbe36e615c4c255452a423fca199315f6197525c1b92e318,CLEAR,DAYLIGHT,DRY,FOLLOWING TOO CLOSELY,2.0,41.0,2.0,2.0