crash_record_id,weather_condition,lighting_condition,roadway_surface_cond,prim_contributory_cause,total_vehicles,avg_driver_age,total_people,total_injured
14a25277cff7010c0a03367b4b0d82dcf761da6cdc8949c42e03c6b82155c84ba24dd28d8496887136b0c5e8fb21d695a18bd59eb1b68e93e7780ca8efdc8422,CLEAR,DAYLIGHT,DRY,DISTRACTION - FROM INSIDE VEHICLE,2.0,31.0,2.0,2.0
14a25d56be9a6ff5cc150d816889e9bb41e8bf88ba1302d1499b755f0c3a566ac12487d779dadbec99a21d49518a852f3c23fcc1a590a64ea57ba782dfa1acef,CLEAR,DAYLIGHT,DRY,FOLLOWING TOO CLOSELY,2.0,34.0,2.0,2.0
14a2693958339670859fef0eea4da12679ec8f73ce1970e1396d7a30e5281190934e76c4550bdf3bedd93bd81ee70cab3a41e99fc0fe78cdb7865addd08c414e,CLEAR,DAYLIGHT,DRY,IMPROPER LANE USAGE,1.0,26.0,3.0,3.0
14a275f160e1b436c608b6ceb6ee58621b2eaff44bb701b468cf75fbfc48217a6eb164de753916d8655c331cbcaac32f0bcd2122c7dcad2c754fd2e5c630b512,CLEAR,DAYLIGHT,DRY,FAILING TO YIELD RIGHT-OF-WAY,2.0,62.5,2.0,2.0
14a28709baa8ad46754610d2b6ec084f3fa9a06d3692730cada389b5999d522511688838a06097872f883c1a46302ec6620da4dbefbee799e6f1ebd35b1ca111,RAIN,"DARKNESS, LIGHTED ROAD",WET,FAILING TO YIELD RIGHT-OF-WAY,2.0,28.0,3.0,3.0
14a2b9dd1a94dc2f8846de0a2339bd48a09d8b913f1977b4f8536d1ff7faa9fb127ff4df0855a742feb1b2f0428acf81ab3e2956fad7391ebeca28a123762cff,SNOW,DAYLIGHT,ICE,WEATHER,3.0,35.0,2.0,2.0
14a310bae795f82873a137714b50a090272a992ca4eec06a7c2c2821604e0098805b4efc4c63844d66df7fa564c9ad7f5ae6cab593b8ff7ad63b297cc2b82933,CLEAR,"DARKNESS, LIGHTED ROAD",SNOW OR SLUSH,IMPROPER OVERTAKING/PASSING,2.0,40.5,3.0,3.0
14a32d5fc23734496b0e8c1077388f32f58c8783597122c386381830d89cb7b0e757712380814461b5f457a009afce504b2f08ba7fed1d324a26c17f2552931e,CLEAR,DAYLIGHT,DRY,FAILING TO REDUCE SPEED TO AVOID CRASH,2.0,26.0,2.0,2.0
14a35b54617e455f06d09b6de10f78f644b9424448c6a714defc73b4997bd0c7da181ffc8f972b5734e587ba3a0b9c902212c4153709e898b488a2f6efe0fc66,CLEAR,DAYLIGHT,DRY,FOLLOWING TOO CLOSELY,2.0,64.0,2.0,2.0
14a3611a36e8ce43fc12067bce385e6b93adbc88226e597e07b1fbb3108d747e3833c82cb7a7bebb0a7d4e4e6bda85168e470ff865c238024b30d70efdac09d3,CLEAR,"DARKNESS, LIGHTED ROAD",DRY,IMPROPER BACKING,2.0,22.0,1.0,1.0
14a3714d1da61d2f81b1e5689cb9a2eeee706c6fcfb95321838ea43447caf680c9a05d770dba75503d51a5a91ba1788cb69a4f0d602a4e8604985f6ace14fef0,CLEAR,DAYLIGHT,DRY,FAILING TO YIELD RIGHT-OF-WAY,2.0,37.0,2.0,2.0
14a37ec7b58cf0b59567e8d21ac3d984923ef72f5681f7be97d206f2991a02b72ecde696d91cb21586284e90909fd48d7e777907da81c0e4d4d964edc8d4d3a0,UNKNOWN,DARKNESS,DRY,IMPROPER BACKING,2.0,50.0,1.0,1.0
14a37f2bfe1c3dc0f869840d365e2996aafbf934d4066ef0d7680c5dc4803787dfb45c0b064350b92c579db7bff9203bd9c22b3628af7ddfe9ad5b730401c72f,CLEAR,DAYLIGHT,DRY,IMPROPER TURNING/NO SIGNAL,2.0,32.0,1.0,1.0
14a386082d57f94ebdc10ac003c04e896461df9739923090c85f7c4c07deba737de14cdf61cbce018b70c47fe8e31d2f81efda82fedf81add4c0726a5ed2b83f,SNOW,"DARKNESS, LIGHTED ROAD",SNOW OR SLUSH,FOLLOWING TOO CLOSELY,2.0,24.0,4.0,4.0
14a39fe827b3957a4139f0c0656a70aca0a14089a374b38912be798aa8b56425951c5d64b77a69156cd116221431dd704481c48111a297c5bfe15ed89a87c285,CLEAR,DAYLIGHT,DRY,UNDER THE INFLUENCE OF ALCOHOL/DRUGS (USE WHEN ARREST IS EFFECTED),2.0,24.666666666666668,3.0,3.0
14a3dfac2144a1f34ce1343429fb5b626b2b0963d66c9e891c6c88ae119a10b7e2592036eab450234c30c4bbbc2ab938601f3cda0a9f964c5912faf2fd68fad8,RAIN,DAYLIGHT,WET,FAILING TO REDUCE SPEED TO AVOID CRASH,3.0,25.6,5.0,5.0
14a3e3ea2e21410abfbc817cb9987c2c42bcee0df138c479cd55d61ce61d0793ca9c15dc00b0dc1e0575d1cf4ce19922253902cea50507ecc0a64a89173fab0d,CLEAR,"DARKNESS, LIGHTED ROAD",DRY,DISREGARDING TRAFFIC SIGNALS,2.0,47.5,2.0,2.0
14a3eb4864277d0341862f4fb5a4a343f4aa456ac6e22a651414ee14f133c262874133a015fb49cffd6fe7e844c15ea011b15021746aa807cc3b69b0ce412d5f,CLEAR,DAYLIGHT,DRY,FOLLOWING TOO CLOSELY,2.0,26.0,3.0,3.0
14a487fbc4756d0178329a0d498da64d45353bd617193b412aba6092848fbef1c79c9696b4a063cf1ae3c2da2dc8586263d2541a08ea5c362aae4a463cf6c9cd,CLEAR,DAYLIGHT,DRY,DRIVING SKILLS/KNOWLEDGE/EXPERIENCE,2.0,65.0,2.0,2.0
14a4aeb63b120ea6b1ba820dc957eee83209c458762320e7583cc1288387e42deeed5da3abd18c4d262f4cbe21a76c5e2a8cf3b87e1c5682306bb342157af6d0,CLEAR,DAYLIGHT,DRY,FAILING TO YIELD RIGHT-OF-WAY,2.0,65.5,2.0,2.0
14a4af0ecfad5b5dfe89b7afbe6cc1b62ce81776e773fa268d93e9f84f9a57cbae6ec99dcb52f2b1a8a67a1214d8a61883f456c3f6e1394afb6559f2bcceb04a,CLEAR,DAYLIGHT,DRY,DISTRACTION - FROM OUTSIDE VEHICLE,2.0,43.0,2.0,2.0
14a4b6b4aba88628b32bb5cb9160dda77a7093891c7a97621a281ab9ef67fa83a1e5324ab4b13ebcadfad26ca52f845ffe56adcbe8f2f98bba2ec619381c8114,CLEAR,"DARKNESS, LIGHTED ROAD",DRY,EXCEEDING AUTHORIZED SPEED LIMIT,1.0,27.5,2.0,2.0
14a4d0b68885e43c960dc5ed8e84a8f16fafb6232c6e931c350b9c0b130f8b3b06d3b5124d4dd4553207b67e9439a157fee79caeace34621ab7b4cfe1a49244f,CLEAR,"DARKNESS, LIGHTED ROAD",UNKNOWN,FAILING TO REDUCE SPEED TO AVOID CRASH,2.0,31.0,2.0,2.0
14a4f29bf8cd052f0aff1ade5de656f28ed05bc242a643e5c716d813bd7b3d6415fecbe08a51a09495c62f74b9ade9ca661b209780ad332c12aab2c1572bb82a,CLEAR,"DARKNESS, LIGHTED ROAD",DRY,DISREGARDING STOP SIGN,2.0,36.0,2.0,2.0
14a504814280704b293aff9374965254fd694654e6958c1b6a7fbba666e60e4e9d5b1232c9337c1fa556c54370779b4eb98cd8d75fccb22c9401f01e8236be1e,RAIN,DAYLIGHT,WET,FAILING TO YIELD RIGHT-OF-WAY,2.0,29.0,2.0,2.0
14a50f6cc67a661a27d5d492250bcb087d9722464c5ff259e6d7200c2a75f73b99204437fe7edf9b7a88a88c526280befc38d0b3c675d73b460069a6edabcf6e,CLEAR,DAYLIGHT,DRY,IMPROPER OVERTAKING/PASSING,2.0,43.0,2.0,2.0
14a52f3c98ab970a5b8fc6b002b1a6b0b66c7e6865c701dee2aeafd304628091e77d807ae52e36aacaab347a6ea8355d71371dfb6ef80e428482351bbccf3228,CLEAR,DAYLIGHT,UNKNOWN,DRIVING SKILLS/KNOWLEDGE/EXPERIENCE,2.0,39.0,2.0,2.0
14a55775978cd5c6dfeec30ee6f3e962ab5c3b4be9b0171ddc301a63ca6a1ab650c31857aac69c46038c028325b3606cb6e9cb03a0f34315951c0c178ee3af55,UNKNOWN,DAYLIGHT,UNKNOWN,DRIVING SKILLS/KNOWLEDGE/EXPERIENCE,2.0,37.5,1.0,1.0
14a5799dda8a6839aa73e6a0d0fbdec4ee140bd1ac96bfd8ea02f08bac06eafc55763b79ff403fc785d761254a13e6dbdefa0a029b6e6e03358e49e69ee666a8,RAIN,DAYLIGHT,WET,DISREGARDING OTHER TRAFFIC SIGNS,2.0,52.0,2.0,2.0
14a57b00a419d6466291a2744907d0fd6fc8c5632c5731701e0fe961091eaf843db0258ec4c04b341ae01254f9a544594d06f2e6e05d2d3f9287f8cbc281b7b4,CLEAR,DAYLIGHT,DRY,DISREGARDING OTHER TRAFFIC SIGNS,2.0,24.0,4.0,4.0
14a58e7cf2237a558f3c9298f7aba4d643df3dedf31db3c56fee12d4dcb5e2e5091d8877991835c76675bbb2db6ed0573ef249848e12fc55f6a3b54bd69f8774,CLEAR,"DARKNESS, LIGHTED ROAD",DRY,PHYSICAL CONDITION OF DRIVER,3.0,35.666666666666664,3.0,3.0
14a5b4d9011941ad04397c4c7ec03c243320306594260305589c1a636c2d052e108393a03cfeb66e42c8e0351538d2dfd4a13aa99a379326d14455919eb17ee2,CLEAR,"DARKNESS, LIGHTED ROAD",DRY,DISREGARDING TRAFFIC SIGNALS,2.0,43.0,4.0,4.0
14a5cb1352282ee8d8e25a1172b75099915b5126725ffbff0eff4813e401f365313d5e2cf806690ff12573f7f2479506c108b929128efe308df1bdcaffcd4a4f,CLEAR,"DARKNESS, LIGHTED ROAD",DRY,FAILING TO YIELD RIGHT-OF-WAY,2.0,39.5,2.0,2.0
14a5e99cb1f7853dfd0efd2d084032377a9fa6d3ef9e3536a767efe71923990aa64fe0c47ca04562ea07667803786c27fb23ead98f9ddb6cc00b7a6c7eb757a1,CLEAR,DAYLIGHT,SNOW OR SLUSH,IMPROPER BACKING,2.0,38.5,2.0,2.0
14a5f9cb20887c7a3eddafb004f9c4f0f8f50c6f5bfe9e3b00032a90a303143fc85718fa54e7ba856c27f5207127f8b2a69b539b17582b5eab4aaf468efd82b9,CLEAR,DAYLIGHT,DRY,IMPROPER OVERTAKING/PASSING,2.0,28.0,2.0,2.0
14a608a3f318970c60c57c198b0ebbe3bb3f2e7a17fb9146a574fe17ca134d28dc794029a12f3fef741a0225eee888bda20797ea3f3784b864c5f8776c8679c6,CLEAR,DAYLIGHT,DRY,IMPROPER BACKING,2.0,37.5,1.0,1.0
14a6426da714ec313adf8b44b4fd8427386497138d4b4830f18e2b318c918282b380696c7ac5927ed0eb02a7a84feb1a2ce3069b762d5a73e0afeeb95087a942,CLEAR,DAYLIGHT,DRY,FAILING TO REDUCE SPEED TO AVOID CRASH,2.0,23.0,1.0,1.0
14a646b1bfa9d0df22067af71e7249da1446043eb5222ba2772114dfd24fbfbb93a534a89f88cfca146bea84569b6e1a99b5989df6a364c0be2fa73408c87518,CLEAR,DARKNESS,WET,FOLLOWING TOO CLOSELY,2.0,59.5,2.0,2.0
14a6534282eefb8552e64532c7a86092794e900cf5855ca0fb4c45107c4467a8a9dd2ea531926770fa96049e373e5add5f939b167e1a113382dafd0dbcf7a3d4,CLEAR,DAYLIGHT,DRY,IMPROPER LANE USAGE,2.0,56.0,3.0,3.0
14a6697dfd28ff6b417c71c41cd2c10fc96f39de456b5b2e0f925216c43338bd28cf9f01d0335b1d0fdf398bf602846825fe49d29efecbb77c0f70bbd2a99751,CLEAR,DAYLIGHT,DRY,IMPROPER BACKING,1.0,44.5,3.0,3.0
14a69f9c68b7cc1fcc2a252b86ee50c4a172c1d31cf17517ccf3a94fcb4fac4725349f3efecb3145ceac6c0fc67b98d9868dfc8024bea0a72e1fc6fc8aca32be,CLEAR,DAYLIGHT,DRY,IMPROPER BACKING,2.0,39.333333333333336,8.0,8.0
14a6b76b646e33d2fb7d240aa688d3158977080ab73d6db46068ebe20f83d171a0bdda838ed36637d1e3c2f5058b94adc7ac048ebccdabef09729a5d69217912,CLEAR,"DARKNESS, LIGHTED ROAD",DRY,DISREGARDING OTHER TRAFFIC SIGNS,2.0,56.0,2.0,2.0
14a6e33a9a33169458c2c1d55b19eee2e7fd2f8795be9ae2ac1330df23b3efb6453e5a59d8c8a8b000af432068a370b33ea0b20398111ee56d58bac3caa2c6bd,CLEAR,DAYLIGHT,DRY,FAILING TO YIELD RIGHT-OF-WAY,2.0,45.0,2.0,2.0
14a6e80bf0f7435d5707027858ea1443d87d8efe10fc734e60a5889cc5b7c84827e41caf2d6afd82966bcf7ed3783f37c749a20a97e6cf9c184ff86e559ce8a4,CLEAR,DAYLIGHT,DRY,FOLLOWING TOO CLOSELY,2.0,55.0,3.0,3.0
14a6fa26080ac2abe3175e1570cea3065c76a0ccf03611aaadae39b25f098b7ab802db7825deb5a51737d764d8c8db192c750e7590ec471bd00cc4a401f22683,CLEAR,DAYLIGHT,DRY,DISREGARDING STOP SIGN,2.0,16.5,2.0,2.0
14a709668f874edded3a0d553a2289a382b1114a72158064e716671705af2a146a3498ae1a58116709bc9c9960cb2a0f1c1787393b42aa11d48cd7f43afb5d06,CLEAR,DAYLIGHT,DRY,IMPROPER TURNING/NO SIGNAL,2.0,57.333333333333336,3.0,3.0
14a70a4f608bf4c90fa37bf4f0e814e1496cb3efe47e3a1faaeeb8c581a2065b82743da3a0dd7e1f8c63c8c50d6d3b58cb9c091d1b67592994feb6e469f3bbe7,CLEAR,DAYLIGHT,DRY,IMPROPER OVERTAKING/PASSING,2.0,27.666666666666668,4.0,4.0
14a710bc8afe08eebbb7be3647e233dc08b18b0ebe54ee6a31d23168dc77216475b0919619ad1eeb9efd0f8be88249d34f220322f1b24944584344a64a2a632d,CLEAR,DARKNESS,DRY,FAILING TO YIELD RIGHT-OF-WAY,2.0,37.5,2.0,2.0
14a7239f65de91904cbe27bf60072885c4e5d6f9c7d5dc3407992515cfe7cd3365cca36b0dbe90c9958130f5c9de913b476053ad885f622ee1e434fe3cbe99ca,SNOW,"DARKNESS, LIGHTED ROAD",SNOW OR SLUSH,WEATHER,2.0,24.0,2.0,2.0
14a749082f2fca4ea015a75490db63538cdbf3c4e3b34c8fba6559300896675188eb9d7eacb0937278c33fd4d581a447fb6f946de80cb13500eb5e09bc5c52bb,CLEAR,DAYLIGHT,DRY,FAILING TO REDUCE SPEED TO AVOID CRASH,2.0,51.5,2.0,2.0
14a75a509aea10b7eb5c20c381d5ae76444f29dae60b2b6edc10b57a11c32af9e63ffc9fb39d85da3a0aaeaf0850ecb4abfd5f883fab0f702e8169a2663db716,CLEAR,DAYLIGHT,DRY,FAILING TO YIELD RIGHT-OF-WAY,1.0,65.0,2.0,2.0
14a7649df84f76c62a56c48975b09237d64763c70b7a02ee026b22b0ee1bc80b727008df6b3d78e2e3aa6f8157fbc865d44c7d87d273bf8031f62017bfddd5f7,UNKNOWN,DAYLIGHT,UNKNOWN,FOLLOWING TOO CLOSELY,2.0,63.5,2.0,2.0
14a7693e4eeb518d3d61aca32fa0f7283c1a6b745a35e38186800a0bed1157b30ddff3f68c9d797c1e5a1128affc0fa8bcb0ed54f29105844c04a393c88a10cb,CLEAR,"DARKNESS, LIGHTED ROAD",DRY,DRIVING SKILLS/KNOWLEDGE/EXPERIENCE,3.0,50.0,1.0,1.0
14a76bd45a67118e9029c735a92a1f629442597dc2c681de431960b04fe15ccc8ad4b7862f7deec60deec662515ec50f633bfc0a37cd5caf56251101e984ec28,UNKNOWN,UNKNOWN,UNKNOWN,IMPROPER OVERTAKING/PASSING,2.0,25.0,2.0,2.0
14a79706a7a63035b693b60d13e0ce6f865c6aa30e1e7593634a86f5ec3d310401fb85072121f66d5fd7c32047a75e6960708e09695f2d101ea7fe388d4e5907,CLEAR,"DARKNESS, LIGHTED ROAD",DRY,FAILING TO YIELD RIGHT-OF-WAY,2.0,21.0,4.0,4.0
14a7b122ccadcee2cd2154df5285758c865f926e31f3d765cbf1c40ec31f25941eebaa369e6d608a06a7673e35417127ad827e89ba1f49f09168745240406f96,CLEAR,DAYLIGHT,DRY,FAILING TO YIELD RIGHT-OF-WAY,2.0,39.0,2.0,2.0
14a7e418cd63871c0b047ea50302d0a883afc69e154cd4f6a717f5464182a49c4f59bcd8b4b6a9897f558ceb53c7d29c5746784416fe9659abefb78a41fe0bee,RAIN,DAYLIGHT,WET,IMPROPER BACKING,2.0,47.0,2.0,2.0
14a7f9aeb47d1f2d22d04168cc231e204421831834ba997cc39d8224bc8198f508e9cc9bd336040e47df5e4b8162d7e6d27099cd5d035db355e03db707ca3a49,CLEAR,DAYLIGHT,DRY,FAILING TO YIELD RIGHT-OF-WAY,2.0,32.0,2.0,2.0
14a810d2d8841f154f0f8b8d6e0b175dce71b8b08a59eef6de6a92317992a1ff83b00b6ecc4a5bdd67ac67cd2f0e018ecedd015bb3ff8dcdfb358c3e9499aade,CLEAR,DAYLIGHT,WET,PHYSICAL CONDITION OF DRIVER,2.0,53.5,2.0,2.0
14a814738ac98d88ab433da343a201a6868e599ce823b9ee90dca1e3cc33cce41b1bd33fde5f99c3b493131206962f213daad4cd9ff2dc73caa8ecd84541826a,CLEAR,"DARKNESS, LIGHTED ROAD",DRY,DRIVING SKILLS/KNOWLEDGE/EXPERIENCE,1.0,23.0,1.0,1.0
14a8457012af3f8c288dd635cfd961c174781c81a4181d8c85ac84c1fce72f30738f3ed39bde0e871fcdfa3582df184193c6774af8d7402677a04f27d30b8c16,RAIN,DAYLIGHT,WET,FOLLOWING TOO CLOSELY,1.0,21.0,3.0,3.0
14a89efdd9925d98dc28422ad659a521d404518aa95084fdba00ae43ca8fc00e43380b57523b9600b33df3ceb48126eed207779e25bbddfe0087d8e09929143a,CLEAR,DAYLIGHT,DRY,PHYSICAL CONDITION OF DRIVER,2.0,22.5,2.0,2.0
14a8a35523326383915252433a5ada3481f5b565276cb3bdf9066bb369a9f082a43ef4d1917020759acc51406a9a437ec0e8be8088f2e7b8aeb653f7b1bfcb67,CLEAR,DUSK,DRY,FAILING TO YIELD RIGHT-OF-WAY,2.0,32.5,4.0,4.0
14a8ad363093a9a20580b23cba5abc4ce58f112fee1a46710db931952d1544e04010bffc149f7b09f5ca5f3b2d4c15adc51a29c2b679aa028ee732b82e340e9f,RAIN,"DARKNESS, LIGHTED ROAD",WET,WEATHER,2.0,27.5,2.0,2.0
14a8bd0b61b0ba59a89e44aad5161dea53459eac4083bcf6be6c37d0b01d183313ec4114420408d0447631c9e796a944efe975a3b6f440d094d06e8e595e008d,CLEAR,DAYLIGHT,DRY,"VISION OBSCURED (SIGNS, TREE LIMBS, BUILDINGS, ETC.)",1.0,17.0,2.0,2.0
14a8c056d4774179d4e6eae72a7203dd1757a0675956cce31e290976c174e943b7ed14492c4ad996d4a3b04908efa5aaf47f9c9bd1b336b2f7e7d6d73fdd88ed,CLEAR,"DARKNESS, LIGHTED ROAD",DRY,"OPERATING VEHICLE IN ERRATIC, RECKLESS, CARELESS, NEGLIGENT OR AGGRESSIVE MANNER",2.0,37.5,1.0,1.0
14a8cef049e9e9cce8c8ba8a79240e80701b7358bc7c2d26b7ad6e65d2c3f4c200594c4635283810c84519f9c722fdae79e3dd1b692b56b715457581a960f0f5,CLEAR,DAYLIGHT,DRY,FAILING TO YIELD RIGHT-OF-WAY,2.0,43.0,2.0,2.0
14a8ef242a27cfeac0879339105bd5ccb4e000f370bf810e20f7ce8ddd66fc09d7fc1863593a18593e59282290d1478335b1ec8fdbdb27d5b45319594bc75bdc,CLEAR,DAYLIGHT,DRY,FOLLOWING TOO CLOSELY,1.0,19.0,2.0,2.0
14a93be91fcfc547fdef57ce2b842f6d337f383fff2e176fe402e85e67bc079f457bc0a0964169d8643b0fe7948eca426ca62c02ea78936a6c0a3aefe38f1c18,CLEAR,DAYLIGHT,DRY,FOLLOWING TOO CLOSELY,3.0,29.666666666666668,3.0,3.0
14a94cd71deef3eae3f271a531402b508ce4d4b0784818fbf5f2ed73ecd52f38b40013dbf404ebbd0d3f01256e923d40f567618614b56ac1baabbda7a6b0e14f,SNOW,DAYLIGHT,ICE,EXCEEDING SAFE SPEED FOR CONDITIONS,1.0,20.0,1.0,1.0
14a95e32527f2dcae0cec8705464567641323378efdf7989324ca031fdfe68749174b772c1c2082414be2cdc70e59a069ad13b226d4418476057cd3e957c12a6,CLEAR,DAYLIGHT,DRY,FAILING TO REDUCE SPEED TO AVOID CRASH,2.0,31.0,3.0,3.0
14a95f2a515fbaf49f2719cc7c82ed1c446abba3c4712dd03aae3e9ef65ce1a15dbefa4d26b01c1d2e196af330bd8619d78798fea5549ed9e1fe46e68f29e8d1,CLEAR,DAYLIGHT,DRY,IMPROPER LANE USAGE,2.0,30.0,2.0,2.0
14a976d044ec4b0fb7a23f4902d4a58c32a30c2e1595b0f32663b82570a8950c947105c378dd78a51b80c4d1ff1ab46509a0fbf82cba801622940b1d759b366f,CLEAR,DAYLIGHT,DRY,IMPROPER TURNING/NO SIGNAL,2.0,25.0,4.0,4.0
14a97c3a4cb91e06750b2039be174244711164feb6cd346f2ca4520f7c2eff10ddc188365f40a2f5101252ef70fa8489034ff14d64134ea55e029b3532643787,CLEAR,DAYLIGHT,DRY,FAILING TO YIELD RIGHT-OF-WAY,2.0,32.0,2.0,2.0
14a9a8dd11b09c0a721b2a592fe63522dec016f291f7652095cfda2b8bb38a22e5c4821b89d851d7185bee2bc8bdb584c9374702f586649cac390b47442a4ce6,CLEAR,DAYLIGHT,DRY,IMPROPER OVERTAKING/PASSING,2.0,58.5,2.0,2.0
14aa2452abe6d4d4f014e06a6585c9a7f242a85de19b77582ff9923e55ffe811c9e478c1cded897dc2e64f9e59aa8841f969f5381bc422bb868c07054932d107,CLEAR,DAYLIGHT,DRY,IMPROPER OVERTAKING/PASSING,2.0,39.333333333333336,3.0,3.0
14aa4ed025b6855313e10dcf1acf6ef01bd327f587d248e9d21143ce35331b14f4d18dd9c91fdb96bf443f2e23f5d4c7b866cdb79918e93e94061b2a593c8cda,CLEAR,DARKNESS,DRY,FOLLOWING TOO CLOSELY,2.0,32.5,3.0,3.0
14aa9c0941bf283ed4ec0c53ace5bc404af19b7ac6e050894c71b860fc5ab5afc842814671183f2b4dfcfd464d7e9eba753a2b57fe5421bd140e46c34b4e4929,CLOUDY/OVERCAST,DAYLIGHT,WET,FAILING TO YIELD RIGHT-OF-WAY,2.0,33.0,2.0,2.0
14aab6094e90d406687f1cac77e56c6580a9c0455ee42f4f48d3a9e76c19e2eaec8866cf51545fe654316301433578b06134d8e166812e2597634f5aacdec017,CLEAR,DAYLIGHT,UNKNOWN,IMPROPER OVERTAKING/PASSING,2.0,68.0,2.0,2.0
14aac265f29502011dcbac314b8866eabe6555e3c66f08d121c31f0c7b05add0f58694e6ac8c7ab2f60b6d105f98b2b68040672b36fbc54868a2b719503cacc8,CLEAR,"DARKNESS, LIGHTED ROAD",DRY,DISREGARDING STOP SIGN,2.0,26.5,2.0,2.0
14aaebf10651875073a028a114c54b81cf1a40d3d201f045a9780eaadc449ea93b4c1319fc16b35643ad6a1fc43ce2f9bf03245edd7f3a5449f9fb1d389858fd,CLEAR,"DARKNESS, LIGHTED ROAD",DRY,DISREGARDING STOP SIGN,2.0,30.0,4.0,4.0
14aafcf74776462c3c39ffcbe899a511ebaf9377b5137fb2f299094337b1681c9796711122a22954f16ce1d151241fbd58c4e84c9988ab9f9045293828c28c9c,CLOUDY/OVERCAST,DAYLIGHT,DRY,DISTRACTION - FROM INSIDE VEHICLE,3.0,36.6,5.0,5.0
14aafd2afb4d3ecfdd790705bba2b99b9710ceacf3a317dea81ccced2503f61039c3bd8266c2406f84ce42f68ead0cb04ad46f81ecc9fe88508868be5674104c,RAIN,DAYLIGHT,WET,FAILING TO REDUCE SPEED TO AVOID CRASH,2.0,31.0,2.0,2.0
14ab5fb4bc7efca4a79c31f6f39c8f7be858ddc13ee2a06be71348d64fdb0e0d2ee31f1e07041e0a6aea9a3f7acaa53d490eea6a242517ddf4ada7addc61acc4,CLEAR,DAYLIGHT,DRY,FAILING TO REDUCE SPEED TO AVOID CRASH,2.0,46.0,2.0,2.0
14ab6f5c41e79b14159072c38138fb8da43988d644efdececb119cf45106524cb89593765ca81180431daea5df43508bef7be7afd39b10ef971cb2fc8ab4fb30,CLEAR,DAYLIGHT,DRY,IMPROPER LANE USAGE,2.0,45.0,2.0,2.0
14ab889ee52758a44c32fd1d4cfcbb848b28b09b7503df68f2adb1a7b610c2315263cf847e0612e2c3cdc12379bb67ca01ddea85ae8a3d1f04438f9cd13951f5,CLEAR,DAYLIGHT,DRY,FAILING TO YIELD RIGHT-OF-WAY,2.0,62.5,2.0,2.0
14ab8fb58fb33f9c547c5ddc96208194e2e235e2ce3eac2489b28459f75e60923bce8ce4de4c5abcf6441d560b426ea43ff62013008d5b89761fc97d9aa7a958,CLOUDY/OVERCAST,DAYLIGHT,DRY,FOLLOWING TOO CLOSELY,2.0,52.0,2.0,2.0
14abb060ec339850d03e00416b07325951d7fd66fd0caa1171b6deab69dfb371f4f9a5c93a34ead2f3b913e2d7b866dc3a1531b3e8840a83934accf2698dec79,CLEAR,DAYLIGHT,DRY,DISREGARDING TRAFFIC SIGNALS,2.0,35.5,2.0,2.0
14ac1dbd3059b191cbb4291b38b1475ce215abe74e60851ecdf213eb59bea4c384534512ffcd9f9c5c8e80438f7352822128a6e1eea851787167255d1de35e12,CLEAR,DAYLIGHT,DRY,DRIVING SKILLS/KNOWLEDGE/EXPERIENCE,2.0,42.0,1.0,1.0
14ac1ee53bb180007c86dcef3b6634fa2172cb255fbe0f0703f5bd7cc6a783e7577f8a6d1951daf1cfae812ca302f0cf9639bcfd9a230e45ebbec70cd6258634,CLEAR,DAYLIGHT,DRY,IMPROPER OVERTAKING/PASSING,3.0,37.5,1.0,1.0
14ac4e397d7466ffb149bf325eff71fb3c36c00042e6b82142f89e2da44dad52108b1f52d8e5d6c48740bba21a3733363a6b0d2e973cda7fa23216634b5a6950,CLEAR,DAYLIGHT,DRY,FOLLOWING TOO CLOSELY,2.0,22.5,4.0,4.0
14ac652eb279c0e434942b87bf4658af5dfa138584fc91a719786fda891db46431a9060b83bec955ddc49a8f3361825c59aa81bc9380eaf5cfdfc529057b4042,CLEAR,DAYLIGHT,DRY,IMPROPER BACKING,2.0,37.5,1.0,1.0
14ac6c340ac4054851e5eaab4c41bbf05f873fce45e8640a12bcc179bfa35e812c92e6098f912b021208aa5ae83e6c259ec1b9efbaa47c4cafdc5719eb654d6e,CLEAR,"DARKNESS, LIGHTED ROAD",DRY,DISREGARDING STOP SIGN,2.0,51.0,2.0,2.0
14ac841e114fd669e648e96bac6be5221ac0ceaa067af8336805b687c3dcca6446da4c2525bba710a100bab3e0f0411d92a66d70c6dce762ff0e315a8bedf1b3,UNKNOWN,UNKNOWN,UNKNOWN,FOLLOWING TOO CLOSELY,2.0,49.5,2.0,2.0
14acc1f35b6b55280b6077bc747c79574f3598ef8826eb44153193c58659bee184449d1c205f7a842c345422e3be1b822ce28ab9fbd5c972d04128d8be7bebde,CLEAR,DAYLIGHT,DRY,IMPROPER BACKING,2.0,24.0,2.0,2.0
14acc5e53283310301f321abad941f782a3b8dce6d98e81be335e50c1ec9f0973f8b44a0c6b001ed6f6fa49304fe71ab969f1db8143d463637249e855b182b56,CLOUDY/OVERCAST,DAYLIGHT,DRY,FOLLOWING TOO CLOSELY,2.0,26.0,2.0,2.0
14acc7783cc7066660f59813a6576022182a18b41d6c2c49743936d0636c3fda459fdbe1558e14526a80a4c5d57b7970961a152c5db2342dfc1f6a010005c3b1,CLEAR,DAYLIGHT,DRY,FAILING TO REDUCE SPEED TO AVOID CRASH,1.0,19.5,2.0,2.0
14acc7fc457dc0676602e7c6fb920d66c1e71d648d35e00ebf81c2097d9aae379feaf4bc55612e4c81e90ef4d1dbb29ce96d60b90f3868501fbd3255bee20d29,CLEAR,DAYLIGHT,DRY,IMPROPER LANE USAGE,2.0,27.666666666666668,3.0,3.0