crash_record_id,weather_condition,lighting_condition,roadway_surface_cond,prim_contributory_cause,total_vehicles,avg_driver_age,total_people,total_injured
14acd62d8d7c2fdb109de4d7ed7973b354a1f475b226d1cddd79565c05a18c1f6efc7ec75a4cb30e2ddacf883c055ec5ed99808ed395eed777a38ce0bc4ffccb,SNOW,"DARKNESS, LIGHTED ROAD",SNOW OR SLUSH,WEATHER,1.0,43.0,1.0,1.0
14acfd91db6176067839ee75f2ed4429bab95014dbf47cf82615841f1e199caffced44fe5d39c9e57a1dc1715e591c1f0c6597019f84679312b707894cb0d2e4,CLEAR,DAYLIGHT,DRY,FAILING TO REDUCE SPEED TO AVOID CRASH,2.0,30.0,3.0,3.0
14ad14a6c660485d0f9829eb0165a0814e2efda39e51823afda757908dc13e60acffc0f76290baa1c5bb1533f6289ed37adb71ad142c8804b9dcb49d07580633,CLEAR,DAYLIGHT,DRY,FOLLOWING TOO CLOSELY,2.0,27.0,2.0,2.0
14ad1512b3fc02d1cca03a818d98f0f0d671ec261dbc412a18eaf4b8d99de4a7febd229e9c7ece71eae5b7a9fa82d0615c464ca32e9962f33accabbca4b15db1,CLEAR,DAYLIGHT,DRY,FOLLOWING TOO CLOSELY,3.0,26.333333333333332,3.0,3.0
14ad49cc772d3250e413e241c2d66ab93604e50caf0b9d7815a58a2093e60b8fc26a4790a95c3f95309af97293eb326f92fbdce30d7dfc7e212db9cc5bf67634,CLEAR,"DARKNESS, LIGHTED ROAD",DRY,EXCEEDING AUTHORIZED SPEED LIMIT,2.0,22.5,2.0,2.0
14ad875a40fbbd5d1f453b708b11de75705738bcae1203a547226f3274d725478e4e1b1aa41f98b833630e7020711973f35bed682cbfec5b6fd2ec84dce09155,CLEAR,DAYLIGHT,DRY,FAILING TO YIELD RIGHT-OF-WAY,3.0,43.333333333333336,4.0,4.0
14ad878dc44be6bf051926a07d227de23c4ad61707feadb64dc0349e3af845268b5bed3cbcf1d098fbfac314c4a69e71dfdc3916e0eaabf6012ab0e42d4198ab,CLEAR,DAYLIGHT,DRY,FAILING TO REDUCE SPEED TO AVOID CRASH,2.0,51.5,2.0,2.0
14ad8a89c87b50084488564660aca62cdb95a40d315f3acc959b832577e9bf363cd97face4860bbf09b5c21a228f99f8a509e76a1d9f3c7a89bb632690264551,CLEAR,"DARKNESS, LIGHTED ROAD",UNKNOWN,FAILING TO REDUCE SPEED TO AVOID CRASH,1.0,66.0,1.0,1.0
14ad8d5cde4c602538d96ff3b2a6094702017958add6fed594d56a9598ba76a86a9797a6c6295ffe7895ad0d21092189ca283be70301c3e7fd7503a855c2e095,CLEAR,DAYLIGHT,DRY,FAILING TO YIELD RIGHT-OF-WAY,2.0,24.0,2.0,2.0
14adacb0795b02e01584ee442c9bb6a6b17029b8e2cc6c1360b7ac9c0b92237c5b4eb8a7ea087efe5902219504d52a44dc8075a7eb9a2cfe9dd607f8c3f6fe65,CLEAR,DAYLIGHT,DRY,IMPROPER BACKING,2.0,67.0,2.0,2.0
14adcfd9e7ca3d0cb0d98d67e0d083b8a9f26802f58d28c734d5fefec613daa89ab87bf2283fefee18917562fd241ee65d63789fcc00284ec8df52b837b8098b,CLEAR,DAYLIGHT,DRY,FAILING TO YIELD RIGHT-OF-WAY,3.0,30.666666666666668,3.0,3.0
14adf5515e776df9af76706f5b3c15b85a857543127558d18bb19562d27cca599382e54c7f9d00d45bfdf67e3a5b19b32b1737a437beb8efa2db9a12f35ecde7,CLEAR,DAYLIGHT,DRY,"EVASIVE ACTION DUE TO ANIMAL, OBJECT, NONMOTORIST",2.0,40.5,3.0,3.0
14ae2a9af94428a742ed905a988602f2660f5ca33f5bf9015f781cacb1bd7f4e926838a28884541ea82211009d881a25a39571eb1c2ec0e48cd14a0eb2cf20b2,CLEAR,DAYLIGHT,DRY,FAILING TO YIELD RIGHT-OF-WAY,2.0,36.0,3.0,3.0
14ae817a11fcbae00e2892ce91c780772f170fe15e1c657083ab67e6d86937f9a3b6b4fb6c332fb8c921fddf355ff832b68224ea7f947f416f5cd7577494b416,CLEAR,DAYLIGHT,DRY,IMPROPER TURNING/NO SIGNAL,2.0,31.0,4.0,4.0
14ae9f7f52ba93de09eeb2f0076d69a54f4e31c121ffae45adf34a62a111b7f1ee361bbd564d75cd2947f78b56a91df563c256487072a13fd150018297c4f9e5,CLEAR,DAYLIGHT,DRY,DRIVING SKILLS/KNOWLEDGE/EXPERIENCE,2.0,37.5,1.0,1.0
14aea8312e30ab16ec363ce5e7c122084c26a02939da9eec012f6ab794b2058ad67767027b5a7d27c221d22c88951e71552a76027a02abde298900e7a4330ce8,RAIN,DAYLIGHT,WET,IMPROPER LANE USAGE,2.0,53.5,2.0,2.0
14aec2cd8225f41dc52a04c58ef5a5c9c37a1ed22c4a5a304e638c30db25539d35e7c9396fbb69cf44288f3df49b6b34da317e72f949de42adb5568331b015ed,RAIN,DAYLIGHT,WET,FAILING TO YIELD RIGHT-OF-WAY,1.0,37.0,3.0,3.0
14aed59badf719b6bb68f1a70a283d73da3637c5bb76d6b290fa1645820bc38cab6e400f3218e004bf3a5be9196b9cc6b7c9e64a72391d99a37000f51e3e4f99,CLEAR,DAYLIGHT,DRY,FOLLOWING TOO CLOSELY,2.0,62.0,3.0,3.0
14af17c7cfb6164a50384724395cc7a15a79cab4e49e0127831680d095017693428454d64ec1b88f09bf5c461126eead5beee77abf7e2bc7c1645078663d2235,CLEAR,DAYLIGHT,DRY,FAILING TO YIELD RIGHT-OF-WAY,2.0,42.0,2.0,2.0
14af1d2a97eca6225456a77769f0c45d88db02d6228e130ebf5571970ee16ec1126087ae3e58531670f80feb9c9c47dc55d9b15e2c2024bfa258c9d378ad258c,CLEAR,DAYLIGHT,DRY,DRIVING SKILLS/KNOWLEDGE/EXPERIENCE,2.0,52.0,2.0,2.0
14af24d00bedbeeec6ee720ead6bb4564562682d153a041a49433fd691ba1389c919e6de90f82ff4dcfbd8282d716963adbb96d7ed7db84e2a2e653073d1f7f3,CLEAR,DAYLIGHT,DRY,IMPROPER BACKING,2.0,35.0,2.0,2.0
14af2c87f608711f9449dc59098e52d4e4f77a0c84b099c0d0aa4daccff8990cf928c92e283604e02f2e8db76251e7795354ff1692b61ba5d2931b23fedd6b36,CLEAR,DAYLIGHT,DRY,FOLLOWING TOO CLOSELY,2.0,0.0,3.0,3.0
14af3a8846c4b1bbcbd44d0a9c175cd43043201d373130234367d93a651e315fbc3624238f33ed5bd798ceb61be11c334e09e4a6d13ee57af09ad4728e01e018,CLEAR,DAWN,DRY,IMPROPER BACKING,2.0,61.5,2.0,2.0
14af4446c73f799dca75387edfa3d909edbb7445e50b7ba2752d9a33908b24643c6e6fb79961eef4072c5c0b321d1b93ead2745fdea9d95f1d1ab49f3723a1b6,CLEAR,DAYLIGHT,DRY,IMPROPER LANE USAGE,2.0,33.0,3.0,3.0
14af4d602b63a37fef8d0d1fd2e49c0bd58a98c95dca583f2a807b9e1311825acdf9564aa63fd355763fb20bc5717f82d16321690a0b2da493c5a4d6981b1bf8,CLEAR,DAYLIGHT,DRY,FOLLOWING TOO CLOSELY,2.0,35.333333333333336,3.0,3.0
14af6b1219ec8927aafb77b03fe493458ae903bb69ff67153db883ea01626245749483bc2f98385706e6a399e2278620caca450c54f363ffacb043f253095227,CLEAR,DAYLIGHT,DRY,FAILING TO YIELD RIGHT-OF-WAY,2.0,24.666666666666668,3.0,3.0
14af8d595692e45665f6d3bfe5e26d2b484e515a86c9ab69c520fd317946fc2cacd753c066813f7e5e6de9555817129a95f768a018ef0e9364735996ec510b27,CLEAR,DUSK,DRY,FAILING TO YIELD RIGHT-OF-WAY,2.0,26.0,3.0,3.0
14afab685cb4ffe6ed0ea0c0adb31928f6b2b17d40b57afea58b93419c3098b732c87e48a699e3d00932380953832796d115bebfe3f14d543a58d982eb29bc40,CLEAR,DAYLIGHT,DRY,ROAD CONSTRUCTION/MAINTENANCE,1.0,33.0,2.0,2.0
14afb4d00d65adca889a4a473ff6e9b71b9d0ac26b07ef9ecc944901884058ce31635c3c5fa321b4f9d5094c65990b42a5d2128c655fed739cdd22f7f25e95cc,RAIN,DAYLIGHT,WET,DISREGARDING TRAFFIC SIGNALS,3.0,47.333333333333336,4.0,4.0
14afd41beffe00268f7ed8e07971c3911fb2add595705e31a1fdf50fa093f5f9ec97118d8472df04ca3da785a6d1d87fa844bb41e903bfc7f692d0af29e45a96,CLEAR,DAYLIGHT,DRY,UNDER THE INFLUENCE OF ALCOHOL/DRUGS (USE WHEN ARREST IS EFFECTED),2.0,37.0,2.0,2.0
14aff662f156976aefd005440745cedd5b1e520c3a7b681f48106abfaf39846f5e823583e4125f96f8864696e5b71321dd30ef2d20b9cfb46b79ce385a20936a,CLEAR,DAYLIGHT,UNKNOWN,IMPROPER TURNING/NO SIGNAL,2.0,36.0,2.0,2.0
14affd2446a5636b060dfdc1025407873c57f9a71f729928bffa6eccfcfb82521d7c0dca3c1bfc4f84a7ac8e15b5a70e03bc89a58c7cfe1d68bce55135998c9a,RAIN,DAYLIGHT,WET,DISTRACTION - FROM INSIDE VEHICLE,2.0,41.0,2.0,2.0
14b015bdce1efef3d98d15fe34944e2f33955d90025c04fbd574e33610aaa72117acb44380abf649ce3aff568864e54a3c32108526c23b8ed1d9ef858798741c,CLEAR,DAYLIGHT,DRY,FOLLOWING TOO CLOSELY,2.0,35.5,2.0,2.0
14b021a66337a13ecb1e3e966353057b3f4d227b8f83bc9b27d14cf0f6af62bbdb0ea522ad9d2ea8459b37dc958e01d7192fcb42cdcea6fc1034f46976cdd94d,CLEAR,DUSK,DRY,ROAD ENGINEERING/SURFACE/MARKING DEFECTS,1.0,32.0,1.0,1.0
14b0350564c60b046c821b82733f875e65e6fad22779e2d63d8d66158beb585b6d65d8673c5f34f5398b0b563db2a4e0cba10fdd4f514e35432e9348a98dfe2b,CLEAR,DAYLIGHT,DRY,DISREGARDING TRAFFIC SIGNALS,2.0,68.33333333333333,4.0,4.0
14b0876747f955d0bac2a24f9fc8fcf46466bfa131416c252866393eb5d6021d13d181e7cad927c7d8afc0f14ed211988f54d7e65eafd25d55bae91234590a70,RAIN,DAYLIGHT,WET,FAILING TO YIELD RIGHT-OF-WAY,2.0,45.0,2.0,2.0
14b0a1708cb58c517fcdca7daa831c2edceb42bc49badf1273ca7a15ac4cd1b09bc1cc4ac4f39c48270466f1cd6dd6782b12f6c92eaf3cb8a657ac912fb0acbe,CLEAR,DAYLIGHT,DRY,FAILING TO YIELD RIGHT-OF-WAY,2.0,37.5,2.0,2.0
14b0b805cf341a7c7bce5500ba859813ad90344d5efc54ef93c4f207bebec68805498f606db1df59dae8547b2c505d02f33c186a4afb080b1330501c6c7273b5,CLEAR,DAYLIGHT,DRY,IMPROPER BACKING,2.0,35.0,21.0,21.0
14b0c186d4ab1fbf144a4260dfe33a33e2ba0dd48f54694fadd105112c81225fcd7cc4d6aa90f94b18e5d53ef76d81e72111661b9028315dfc39b0345a81a61c,CLEAR,DUSK,DRY,FOLLOWING TOO CLOSELY,2.0,23.5,2.0,2.0
14b107df39992fb1c3e4d40f6a65d7609f443eebe2acf2e320fe22ba805a725f8af1d55a6276ca2b981a15aafb37262a335e50f0d1ce89bfdfa1ba17f052570c,CLEAR,DAYLIGHT,DRY,FOLLOWING TOO CLOSELY,2.0,42.0,2.0,2.0
14b1091356b0a581c063e3b3f9af7837b1a1acedf40e8c1a6699322e6b6ef6a6610cd698b51d892ae988f5765c5e30a8833d62fad66ca2f1c8c094dc34b1d6e3,CLEAR,"DARKNESS, LIGHTED ROAD",DRY,IMPROPER LANE USAGE,2.0,37.5,2.0,2.0
14b10a8a966118410460ec090d13221c82840371c21a93b1265962d956664818d36fcfb90f478fd45f78aac077df8723b21479a532f9c55bb2b2ea437bb31aab,CLEAR,DARKNESS,DRY,FAILING TO REDUCE SPEED TO AVOID CRASH,2.0,48.0,1.0,1.0
14b10cc9243949594fbc9479720ded83f6ee5ce6112a92e6090a7c874dc0a7b679d23a5267e4ea8ea38d35c5a149fb628249d44a718ecf00af28451e9d70b28f,RAIN,DARKNESS,WET,IMPROPER BACKING,2.0,49.0,1.0,1.0
14b112c7e794d2464fb863e6a3250cc85ac7c2eb01fd1464e621e38d4e89bfe0ad394dc35a41a22737e5b2a7bbb3597739a433e8abfe16b95351311f4dc7161b,CLEAR,DAYLIGHT,DRY,DISREGARDING TRAFFIC SIGNALS,2.0,32.0,2.0,2.0
14b119ddd7bc3a8863d7746dc511e0286346b284d76b353510bf48fa6c64686110c200b71c20818ec1e1f9af51af1666499e42fb845eeb32ae548efcba0d2f87,CLEAR,DAYLIGHT,DRY,IMPROPER OVERTAKING/PASSING,2.0,21.0,2.0,2.0
14b12df6bd9a889d7bb3dd82a2e17699cad2feeaeab774349a8efe4282df3b23df76b4ff49670637e265aa873f11158bc10663f7a3e8fa0de61b64bb0437a9bb,CLEAR,DAYLIGHT,DRY,IMPROPER BACKING,1.0,62.0,1.0,1.0
14b150cb398e0dd0c9016d6b5802b466a7e48fbea4c1391ebc51f3130746c85cfc768ec3781c5858689e38872812641fea3b4a7e8fe30c8a583e3751f89b2931,CLEAR,DAYLIGHT,DRY,FAILING TO YIELD RIGHT-OF-WAY,2.0,37.5,3.0,3.0
14b15e3dd32916535b7fa2a77d7cca13dca87ac6cd4e2264b1d25fcd16e213ecc1aa1a81cbd97e8edfd8114e41469380127885f3fbab05b46a8e3a3bc616eb5c,SNOW,"DARKNESS, LIGHTED ROAD",SNOW OR SLUSH,WEATHER,2.0,48.5,2.0,2.0
14b16404e649660e926b7b034c06a5283bfb2b274151938f929b9cb93551108da9c3bc5bb01d4cda09ffc59947c51799d8b19bbe262a75ce115946365e8f162a,CLEAR,DAYLIGHT,DRY,DISREGARDING STOP SIGN,1.0,55.5,2.0,2.0
14b1906c4c81e518fa683c477281d158f24392962c3e6113027634b9b9bdf743fa544cea3ce92aeb9e6d230571fa5abc9c247afc2cda090c72cf1ef2561555a8,CLEAR,DAYLIGHT,DRY,FAILING TO YIELD RIGHT-OF-WAY,1.0,22.5,2.0,2.0
14b1a9d8e0bafff77c4b8f9f6191114af6a8303073528382d461a105dfcee82d9f8ff772afd27a667cc00c2ab5b0f994c6959af37f769129ffbd36617d1421bb,CLEAR,DAYLIGHT,DRY,FAILING TO REDUCE SPEED TO AVOID CRASH,2.0,44.0,2.0,2.0
14b1d5bfc97a1d18a7c15769f23fa66a6ebf6b077c2c2a2e38751ed011ca020d74d7febd65dfd74b3209de9f44a5e1583516324b38c3b6b3fc75cbb19063c637,CLEAR,DAYLIGHT,DRY,DRIVING SKILLS/KNOWLEDGE/EXPERIENCE,2.0,69.0,2.0,2.0
14b1d8dda873d78f48e580fd3446083eef58e933382e74744a398278007543a88ca4138392c8460c9fb34ee2bbdbb02c8280b187f32e499b2b07b026c70bfdd6,RAIN,DARKNESS,WET,FOLLOWING TOO CLOSELY,2.0,27.0,3.0,3.0
14b1f490746697e9db54d96fbed28d40406253771e0f74c7ed6a7d4fb4ee897f49a10cd6ac0b7b985cfc0b9930d4670fa47fc4d27362c5c2775263cf9c7fe42c,SNOW,DAYLIGHT,SNOW OR SLUSH,WEATHER,2.0,54.0,2.0,2.0
14b2149a5b3c2ca9c1f61fa5911df855a72864eef5b62483229eb66adbdb1002959e8620b03870942672f8ff1667bfcf01547a906d16bec68bede229a5661a2b,CLOUDY/OVERCAST,"DARKNESS, LIGHTED ROAD",DRY,DISTRACTION - FROM OUTSIDE VEHICLE,2.0,32.0,2.0,2.0
14b21ee28a7f07ea86694fc5478bdacfd805f5db0f21d5c256f75d2e6bfccefbb83791aeed55d0c86a019dd1b5d06d5971804b5d8545cc056994de9d82cf6e5f,CLEAR,"DARKNESS, LIGHTED ROAD",DRY,IMPROPER OVERTAKING/PASSING,2.0,39.0,4.0,4.0
14b22bcd8dad064083e51ffde62a8c8170bb15161d1954f2084dbc8833242e22b1dbe6214ea87c3cbe98399f0e38be8d05f1e70a16aad80c36e1863d2c4066e5,CLEAR,DAYLIGHT,DRY,FAILING TO YIELD RIGHT-OF-WAY,2.0,37.5,2.0,2.0
14b240b83db50fd04512d558febd722d23f5e0da298d425e60ff3ffb7e50c18e6d62959d1e6c132ed87203796187d43364225d3a804cb271e4075002d37f8411,CLEAR,"DARKNESS, LIGHTED ROAD",DRY,FAILING TO YIELD RIGHT-OF-WAY,1.0,18.0,1.0,1.0
14b266ae48905eda696933a973d0e91c4f83085f16ff05cf0e6e357ec6b7a7941ceb4267385d018275e24aa244e7e58e438d82f96920fbba2b7342819d98da6f,CLEAR,DAYLIGHT,DRY,FAILING TO YIELD RIGHT-OF-WAY,2.0,57.5,2.0,2.0
14b272817029bfa5800d7265dc24d2a19e1bab75bff70e867aeefe593c1d41ae4c744e59e0d7649f378b1a750524f09c71438b9bd9bdca96ca0552da3646cfd8,CLEAR,"DARKNESS, LIGHTED ROAD",DRY,FOLLOWING TOO CLOSELY,2.0,73.0,2.0,2.0
14b2728bc8412c8040b64322ed4b88601d502d8d72ebc4323ea45f3cca81312380075a71d0642a0a4960b2eb932753211e6a49a22a03260f06601c9219e0d406,CLEAR,"DARKNESS, LIGHTED ROAD",DRY,FAILING TO YIELD RIGHT-OF-WAY,2.0,45.0,5.0,5.0
14b2b1698b53bfb2bdea299f768fce97faa6920f8f741dfbef3321e71b5d100c7fa310c52862ddca02abcdc2d54fc364463bcc7056590bf0ebf9d8a073f3cdde,CLEAR,DAYLIGHT,DRY,DISTRACTION - FROM OUTSIDE VEHICLE,2.0,27.0,2.0,2.0
14b2df6ccf49eaaff60d73549d1560e2925d6a3b58a00eb0aad3dc7a2198ee95f1c48635af75d21a7e0400d504d669f544ee4ad69ef65e6cdc74d30d8be96a34,CLEAR,DAYLIGHT,DRY,IMPROPER LANE USAGE,2.0,24.0,2.0,2.0
14b2e182df2ed270ae31a5132109558f961599a3eeb363f0b5f4657beefd02aae89801b9db89a8091589554e365216b1a270983d8365d0ec048f2f3060911a51,CLEAR,DAYLIGHT,DRY,FOLLOWING TOO CLOSELY,3.0,44.666666666666664,3.0,3.0
14b2e4253428beca8f6ed5d1193b02a6f4aaeb9d7e32d041524900e581524a5e7f70be17d932aef7b3466ac7d74c0d6434b7eebc245728eeadd197789b2d3808,CLEAR,DAYLIGHT,DRY,FAILING TO YIELD RIGHT-OF-WAY,3.0,37.5,3.0,3.0
14b3112165bb27a7afa6d30be75fe56e2599c74529192d62a63efae65f1928bee41edd035a8f671f23457bb6f82cdf99709c57e0566576ddecfe91d854805ed9,CLEAR,DAYLIGHT,UNKNOWN,DRIVING SKILLS/KNOWLEDGE/EXPERIENCE,2.0,72.0,2.0,2.0
14b34e29981cba6149b373968f5f3f13bc464025d1002a4a59cee56385692ad0a6d438976bb99c2e3bc052c80dba23fcdd1bf223ecd47a2aa86283e4120cadc7,CLEAR,DUSK,DRY,DISREGARDING TRAFFIC SIGNALS,2.0,30.0,2.0,2.0
14b3d20154b93c7849e0c1a5f1c8243c8ea8a069786a0df5788cf617920bdff520e1195d51ac49ccfee6043889d5a9a58fd27788265f423905510c6284b11da7,CLEAR,DAYLIGHT,DRY,IMPROPER LANE USAGE,2.0,37.5,1.0,1.0
14b3d9599018e07f2df8687b8d78a3b6cc4711127613dfcd2db7f0143487c6e2f25be1ff0ac8b9e6fd966db970497b2cafb8190895236fe60262fb4250fcbf3b,RAIN,DAYLIGHT,WET,FOLLOWING TOO CLOSELY,2.0,32.5,8.0,8.0
14b3dd8cd66d248382b039d8ab928c84a0279e090dfd6a5bd055c70f1b0bab0e0c6c489c85371435a733ccd291a72438addaf615fdccb4fba906e75243b316e8,CLEAR,DAYLIGHT,DRY,IMPROPER BACKING,2.0,48.0,3.0,3.0
14b417ca1ac0040144fd5c33a0dc8bc1ab363f4fafbed76be899eac9d1d6b277694a306987bbc0109827c28f4565cd08a14b61e613361f254492e3f46c2a55b5,CLEAR,"DARKNESS, LIGHTED ROAD",DRY,IMPROPER LANE USAGE,2.0,25.5,2.0,2.0
14b427dfabb27f668b75e9f330e12343ef8d6a7801c8c7a6f564f5ff91959b87de4a2bdbca664e1e9c6fe0a388d66e5f8b05ea8e894e5c90333e20dd9d8ff4ed,SNOW,DAYLIGHT,SNOW OR SLUSH,WEATHER,2.0,51.0,2.0,2.0
14b42b4ec27a98b2f58e07727529a99864880774de95fd0e34c26311a504f00b710b39eb41ffb01c632f5b5e0313d337894466068a54fa16e0f37e953d154a58,CLEAR,DAYLIGHT,DRY,FOLLOWING TOO CLOSELY,2.0,44.5,2.0,2.0
14b46a51a3a937016a489c8ee6b1270695206c0eb4f85cef0f1788029ca22663166122359976df660ff1dc90d4c9d0eeaeb8d4609d4caf437badb0bf1cf07a51,CLEAR,"DARKNESS, LIGHTED ROAD",WET,FAILING TO YIELD RIGHT-OF-WAY,3.0,48.5,4.0,4.0
14b48c01eaca96a405e9cdca692bb2be4c419c45a8fde2625f40c22577ddd2ee542fa041d829a248aa4df549d8e0cfded5fd461ef2f06760445c33ea22a27800,CLEAR,"DARKNESS, LIGHTED ROAD",DRY,FAILING TO YIELD RIGHT-OF-WAY,2.0,39.0,2.0,2.0
14b4a36a5c9c3f535bcd7631ae27f5e3dda7ce277cf275bb89be6ed1a834765b22be2bcc6190d1a592967c7779484f166c3d12352b96a7aa1b9e1892599f40a9,CLEAR,DAYLIGHT,DRY,FAILING TO REDUCE SPEED TO AVOID CRASH,4.0,51.666666666666664,4.0,4.0
14b4a5a9fbcc45bc9313f5a7e0866a71bcaa3ad23001b02503c2c3ea70980be716e7beaa4812ba0096346fb03737ee0872b2215a38263313af79c7008fdb95f3,CLEAR,"DARKNESS, LIGHTED ROAD",DRY,DRIVING ON WRONG SIDE/WRONG WAY,2.0,37.5,1.0,1.0
14b4bdfc5f2e373de39235d0d84466ba081fb5d36e6833fce92d2392f673f082fa3a4ce16159d32d46aa4b14235df8fd9410db78888f3a3539111a182dbe0ad8,RAIN,DAYLIGHT,WET,WEATHER,1.0,37.5,1.0,0.0
14b4e3d039840d1c8fd31e762905506d0a8574ef513fdc8f0f91f6ea8eed6ce7f226bbabe1c85a82d6955ff3af6b762926d4b7a067e91c740b5b65cb3db759be,CLEAR,DUSK,UNKNOWN,FAILING TO REDUCE SPEED TO AVOID CRASH,2.0,38.0,4.0,4.0
14b4f726854e755d4ad0d0c4771cdd4035be0ebfee5745f26fae3d4472601fcabb10bd361a6defd8435fbdd3521314f414f465ef68ba4940290f1fd87ea3207a,CLEAR,DAYLIGHT,WET,FOLLOWING TOO CLOSELY,2.0,49.666666666666664,3.0,3.0
14b5240175f85c816e7b9900a934436b65cc5628e67313fb8e77a3a6ab9a27782f55b2ce214eb5a4c7e093491a169401d8be05ed02f96a0739db7e76dd2e87d3,RAIN,DAYLIGHT,WET,WEATHER,1.0,59.5,2.0,2.0
14b53c349b6841c1906d8ccc0f62032913c04e8174ed635fdbeee21db9fb111ebf4e163ec153f6598460a665d766ff779bfe2dc52ff3f94d94b204dca07ebd98,CLEAR,DAYLIGHT,DRY,FOLLOWING TOO CLOSELY,2.0,35.5,4.0,4.0
14b53ef62d8128a8f592004b778b42ab5a15c75a5cfea1c92964b8f363e3e1c1f26b96c03f69bfecc969f956ed54e78794d7b7a1f3fdf018de05bb4ca0a525f5,CLEAR,DAYLIGHT,DRY,DRIVING SKILLS/KNOWLEDGE/EXPERIENCE,2.0,36.0,3.0,3.0
14b56d06ed02be0c4fad5e591f2eb48fcb7bf4faffa6d8514da1e75d80d6a8a738c8a5168342f7722e6a0ede9854480758b62bc1a35d29bd418e130aa2db0549,CLEAR,DAYLIGHT,DRY,FAILING TO YIELD RIGHT-OF-WAY,2.0,53.0,2.0,2.0
14b58cd0e2967cfe75fbdb434b0ad1061a63621e620599af60434399467323f0aefa0cd50fa940f78d36081cb45d415377f0fea39b988fd4bcfc0d6d83c63de8,SNOW,DAYLIGHT,SNOW OR SLUSH,FOLLOWING TOO CLOSELY,2.0,35.0,2.0,2.0
14b5bc0452436dd0c116f977377670c1bd43599ee1206ac9480e49a0ec7431e910796aafc29e3558e724adb4e7b357e5f100d4e652f58d9e1839b366d4d8d651,CLEAR,DAYLIGHT,DRY,IMPROPER OVERTAKING/PASSING,2.0,23.0,2.0,2.0
14b6034fa1d2d2106226966b4370802fd4b2a067ba307e67f52c8b529529ad5d24ee589e52a686306eeb5289e245df0c6524901fb106fbfa4744239e280d3e38,CLEAR,DAYLIGHT,DRY,DRIVING ON WRONG SIDE/WRONG WAY,4.0,37.5,1.0,1.0
14b611707ce735e118a9ad06d1f30e6bb9428925623d7e881dddeb8edca34a132fa70c6913d8280dab934e520fbaa7d29b0e6c027212b6dc0d71147a7e7d374c,CLEAR,DAYLIGHT,DRY,IMPROPER OVERTAKING/PASSING,3.0,41.0,3.0,3.0
14b6217ecb2225102c824213eca743ee5bf7662ec33df894ef6221f6b785c9cafaf71081ed1f0ad9281e9d2a776d4d60f80e3e18ab6f9de8cc445b9680708400,CLEAR,DAYLIGHT,DRY,IMPROPER BACKING,2.0,37.5,1.0,1.0
14b65c8c32f42ca5195e39744676ddb3dd789aeffccd236fab9713ee3d6a31e471d21d1e6d2255708b9383fc51d1ef0f11b812378cecd4d42425f28d99f85c50,CLEAR,DAYLIGHT,DRY,FAILING TO YIELD RIGHT-OF-WAY,2.0,33.666666666666664,3.0,3.0
14b661cb76ecd51bdab6aa9d347dcd7e09a3ab6618b04c0e6053bc97f595a77262dfc52ae6ad3f8c4b36bf93ecef93de514417bf9dc63d2212cee6c1fc9f49bf,CLEAR,DAYLIGHT,DRY,FOLLOWING TOO CLOSELY,2.0,27.5,2.0,2.0
14b6ec9d314a2695d4051d92b654392eb0a7bd64dcfc444007fa654cd0b34748b8ec2394c9bf87bc6d6db0c6595da7cd0e891d440c1ecb20971cfd8c430e2fe2,CLEAR,DAYLIGHT,DRY,DISTRACTION - FROM INSIDE VEHICLE,2.0,24.0,1.0,1.0
14b6fa83bff0a5d727dd3b52818f3391a6820f484f7ae8ce91e5fdea1c814fdade839d645f886d0c398a1d0ccd46192222379e95dee124cf66de3e1fa7a3824f,RAIN,DAYLIGHT,WET,FOLLOWING TOO CLOSELY,2.0,56.0,2.0,2.0
14b7126483f406050fd79ca4069d782a392181c9dca819bf48f34f4186e8ec6ce14220ace1a3591d1c5b4e0c017780c9c8bc3fbbc066c4143296c90ca3dc5bb5,RAIN,DAYLIGHT,WET,IMPROPER BACKING,2.0,52.0,1.0,1.0
14b71af96573d180aaee046f80dd01d8579ac510143576b75338d76c3edccbac0e93b45d7ea9cdbfa4d761a55c142a952c7ad3310577260c2ccb5b5935735895,CLEAR,DAYLIGHT,WET,FAILING TO YIELD RIGHT-OF-WAY,3.0,25.0,2.0,2.0
14b7312da5de0dcdaf0e699d61bc69f6a4b12857d4b151af26ec3761d57b7ab0bd7e3c2d789e6b4285f9ce831734002774a4798197fd6c77339a483d38021017,RAIN,DAYLIGHT,WET,FAILING TO YIELD RIGHT-OF-WAY,2.0,37.0,4.0,4.0
14b74ff96c01a854e4beabc072a2b407da6c2604aa778a1f806fa3b167ce90d58c792a74fb340ed7bcaabc16d33168c381bd2bc9f6262022deac2b233ca28749,CLEAR,DAYLIGHT,DRY,FAILING TO REDUCE SPEED TO AVOID CRASH,2.0,61.0,2.0,2.0
14b75a72f8124b5ffd0d391099e2f9cf437897c358c82a3709705a7d72dec373782b7a38c1ebbd2c467470d10886dbe348169a101a964c80575027329b692e2c,CLEAR,DAYLIGHT,UNKNOWN,IMPROPER OVERTAKING/PASSING,2.0,50.0,1.0,1.0