crash_record_id,weather_condition,lighting_condition,roadway_surface_cond,prim_contributory_cause,total_vehicles,avg_driver_age,total_people,total_injured
14b765dd2f7954c0afb4f0d683da2f6cfa4126fbcd2f75b6c84e3422f27333dc069d670541f4bafb5b5cd31dbc3ce3bc800475d3228cf9250bfe7b7cb06cb39b,CLEAR,DARKNESS,DRY,FOLLOWING TOO CLOSELY,2.0,71.0,3.0,3.0
14b768bdffafd81c488fd211d7cb8bbd75f5e4f09dfcfab92a652a7b2b66ccd81dae3acf65de944d178730f44f7c66cff053d01f2894cd86c83dfb0aa31bf4b8,CLEAR,DAYLIGHT,WET,IMPROPER OVERTAKING/PASSING,2.0,57.0,2.0,2.0
14b774fb5d2361f3c54df3d535093c3c54de7c42814a5bea2f2036f657d8de5b4271f1b9a57443261f2400c1344693b497e86650ce30229e9d3544a2e3ef2add,SNOW,"DARKNESS, LIGHTED ROAD",WET,IMPROPER BACKING,2.0,32.5,3.0,3.0
14b77e55b4bb1fb2f4ce1c21f59f604ae7bc6ddca53c61fe6571a548cfd9040aab72de620ad19386187948bc81efe255bbd6ac4aa438c5e4999d39bf6a35e7c4,RAIN,"DARKNESS, LIGHTED ROAD",WET,DISTRACTION - FROM OUTSIDE VEHICLE,1.0,36.0,1.0,1.0
14b784f8708d3ea7346b33d5977abdb84449d161faafab5f6c715b62c17ee3f46f875daf32d973a84855deb02533c7ebd975c4f34ccdd4608f392da77e9104a9,CLEAR,DAYLIGHT,DRY,IMPROPER TURNING/NO SIGNAL,2.0,29.0,4.0,4.0
14b7eb8e255e7d3d25d49a5951f15c495e17c0822052cf6eeaf8813d12e0ef67a4eff0c48425292e9e181a4d7e10149001bb66b8d0b864808f6dd75b3181f4e8,CLEAR,"DARKNESS, LIGHTED ROAD",DRY,DISREGARDING STOP SIGN,2.0,23.5,2.0,2.0
14b80159c75a277625c17e16681a60115a37bf45123a1ded50bf13a0d42d14458bc4cd254eee84f8c1907065c01b52033815e5c2d5fdfacaf93d9531f678d622,SNOW,"DARKNESS, LIGHTED ROAD",SNOW OR SLUSH,WEATHER,2.0,34.0,3.0,3.0
14b807863da2eb50d107848c4646fe4e69e4481b64f90466840566664b9217c9e221724ac7d7ee5661283a5d02fc6ac244c1a153cd8584f6ff61a2a4809461dc,CLEAR,DAYLIGHT,DRY,FAILING TO YIELD RIGHT-OF-WAY,2.0,47.0,2.0,2.0
14b809855bbe46e9e07834a4c97fe2173af9551ccf3de88e94d17680e0b6c32ca42b6ad91e4fd408b1ddac6a989d0bb808b2a3b3a29e047ffc0a88089d191255,CLEAR,DAYLIGHT,DRY,FAILING TO YIELD RIGHT-OF-WAY,3.0,27.0,2.0,2.0
14b80a28fc720e7a5d0442f77a2f658d3a50f972fc112316e30a1dd0878838c47c1095d3b8193a3c2c890b58c7962a92c1a2d20fa2b9292e34c47b81fddae9dc,CLEAR,DAYLIGHT,DRY,FAILING TO REDUCE SPEED TO AVOID CRASH,1.0,62.0,1.0,1.0
14b81c31a37172c3d5f63a6245ec6fb755dfe8d5900cbf7382a4ddf3acc09797702fa0bdf3ec28091240243866742433dfc71c634000045c9dbb5abcc3401399,CLEAR,"DARKNESS, LIGHTED ROAD",DRY,IMPROPER TURNING/NO SIGNAL,2.0,30.0,2.0,2.0
14b8235232ce7e603557f51f5875fd44ad0d951d6231f1bdc0196073988f2bf652edbec2b502cd82848496abfe8cc322f86b54dc429b491e855a04f576a6f1ad,CLEAR,"DARKNESS, LIGHTED ROAD",DRY,IMPROPER BACKING,2.0,34.0,3.0,3.0
14b82e77dda429c423a18d8a82096fa466e0dca4433ec72612c7c91c26c4da7eccc5ad7518f46b7a68a028abc573124db81548b236cedd45fe21a5d7533b31cb,CLEAR,DAYLIGHT,DRY,IMPROPER BACKING,2.0,20.0,4.0,4.0
14b841f527509ab84edc6504361849c5b9c484d9f39dada411ed8cfb7836971b28bb61e1bf8f8c5bb75d73e782f4f4ba69e84405b0596434e61c105596a1a2cb,CLOUDY/OVERCAST,DAYLIGHT,DRY,EQUIPMENT - VEHICLE CONDITION,1.0,84.0,1.0,1.0
14b8594ac5ede295486d594fb8294fb477b0658c4eee9c47f32780de0dea6ac48eaf9860223c03271492fca54e4323e0b890b2be8db69717114c3904d31f4b90,CLEAR,DAYLIGHT,DRY,IMPROPER OVERTAKING/PASSING,2.0,28.0,2.0,2.0
14b887a387588752983e91ffa59864f605cf2b58a9581bca5506f53ab4092671f4ff445beb0f7254b31780f41bc2e3e99f403a2b6e5498b40b8d34c6205fd2e9,CLEAR,DAYLIGHT,DRY,FAILING TO YIELD RIGHT-OF-WAY,2.0,19.0,3.0,3.0
14b902cbcff58291f52c4eb884db1b21a38d82cdae4147b99868305a3e4b0f42a2690ffc807ff88fa4474b6416fc02db1ded6b3929ba121583b13fbbde8fe4a4,CLEAR,DAYLIGHT,DRY,FAILING TO REDUCE SPEED TO AVOID CRASH,2.0,23.0,2.0,2.0
14b9117c9c8bd3aca4030f09181bfaa5dbe40529afb675d09af2983995e725b6ae4ae134aa6735da8b1e9463cf708ac5c3857a00fc0829916acbddbd7bf407d9,CLEAR,DAYLIGHT,DRY,FOLLOWING TOO CLOSELY,2.0,26.0,2.0,2.0
14b92409689f11115b9715e754b04039b31b26d0f43ffbcf1fb3a292c10d1cf7668be015f71542acc2e8095ae3d02d4af395d94761f03e66400bcb4443d862ad,CLEAR,DAYLIGHT,DRY,IMPROPER OVERTAKING/PASSING,2.0,37.0,2.0,2.0
14b97181fe5b03f1c7e54f6a0be0b78b30f262980499fb38d388b5e43a253672751328745abf3e5b984f0973abb233c3b77595a0e78d278a91eaa11c7eec362e,CLEAR,DAYLIGHT,DRY,FAILING TO YIELD RIGHT-OF-WAY,2.0,23.166666666666668,6.0,6.0
14b98df67eaadfb7fa4af141358df34ae2ed95625da10e8e0ff8be02fb7632a84d0fef8aa3eae389da480fc2d2d9c4a71bd8383737c5b45f2fac8f1d02565802,CLEAR,DAYLIGHT,DRY,FAILING TO YIELD RIGHT-OF-WAY,2.0,30.5,2.0,2.0
14ba278079d047afdb4ffed8d0f41364ffe71289f76ef5e2b78dd15785d9dfa045ef7f9db9a64297af49bcb726fd2cc55169f7d79c74898891132af3da839f2f,CLEAR,DAYLIGHT,DRY,FAILING TO YIELD RIGHT-OF-WAY,2.0,22.333333333333332,3.0,3.0
14ba2e0e8617187261204ef80a01251335adf8419feb69a2e65b2e3b906feeb15f9d874813cd388f39f659c6492c31484730f2b3822c8fd55d345b8b8f78a285,CLEAR,DAYLIGHT,DRY,FAILING TO YIELD RIGHT-OF-WAY,2.0,45.5,2.0,2.0
14ba3f25242cebcb7cc784e8f153e327eabbf0fee220522913b496d02804ef5eeaad73300f7f46b26460b81b5efdb6dc39c01b354a54ff0e3d09fca192563e96,CLEAR,"DARKNESS, LIGHTED ROAD",DRY,IMPROPER BACKING,2.0,22.0,2.0,2.0
14ba42d347e480387b3229ff7c3e4ac53a105804db475aa43b10e50b1ba269c0fab17e4a34e87cd357b232a541da5706e44a38c361708535492e49434eddd108,BLOWING SNOW,DAYLIGHT,ICE,WEATHER,2.0,40.0,2.0,2.0
14ba5831363c4e810a4396a94b4ae4aece4bcc73b819a0b938ded2c97561b7728d173ca94d3ed027d63edffb786dd61c6f38063d92da6091f3020b04b5cba90d,CLEAR,DAYLIGHT,DRY,FAILING TO YIELD RIGHT-OF-WAY,2.0,43.666666666666664,3.0,3.0
14baa56dbb7845bb1902f7e750a0295c0b887b2d27b6bf3a93bb686e0a7c3e0a43de8a12acddd171557bcd930c681fbae8a2641702156f5695421681e529944c,CLEAR,DAYLIGHT,DRY,DRIVING SKILLS/KNOWLEDGE/EXPERIENCE,2.0,30.0,1.0,1.0
14bab79fa60f3f50b639f0e5646bb55fe569a64e6a645ff61f9ca07698d702e533faa3b189adf8d820001fb1d52b2aa0a76839e9b948b6c4b4a6e8d11f1812f0,CLEAR,DARKNESS,DRY,IMPROPER BACKING,2.0,27.0,3.0,3.0
14bac1dd8a2fbe3810f90978e4345438eabe8c5967c84f66bd7e477293581a75091626532d653cf9641f4d830bb70e9d80e8437bdc6cddd588c4cfa59e9e2277,SNOW,DAYLIGHT,SNOW OR SLUSH,WEATHER,2.0,37.5,1.0,1.0
14bad77f66e9675618de0e7d13dbf2dce82c3174e77f76255cfe883179e3b548a3cdee780380ec741af63f79eaa96cc4066bbc0817eaafb803f34c8a32e24167,CLEAR,"DARKNESS, LIGHTED ROAD",UNKNOWN,FAILING TO YIELD RIGHT-OF-WAY,2.0,23.0,2.0,2.0
14bb1c3917009b7195cca5478848c3ba360f1920844840c72e030c4f907789d962970e07e8e88e69bfd77e2dd3a9e9c953b025b557d1c1da1c45aa35ff532077,CLEAR,DAYLIGHT,DRY,IMPROPER LANE USAGE,2.0,37.5,1.0,1.0
14bb26c685f08eaf30ddf2f208e830312daebd141713a0d167b21a982fdb9b749f3651cec77603285f7e3c8364a56ef28973474058439251fe1646b2c78f5fc5,CLEAR,DARKNESS,DRY,IMPROPER OVERTAKING/PASSING,2.0,37.5,2.0,2.0
14bb45493bd6299e090181646875957e9366d38774883c70cbe21b9ce6bd068357a414fa8c3f7a81d319c0bcfbb4056d930e45db7a9ed71873b916d5324e6fbe,CLEAR,DAYLIGHT,WET,FOLLOWING TOO CLOSELY,3.0,38.333333333333336,4.0,4.0
14bb803e67a50137e348a1fb066650a2bed209fc656a10aba8f778b07436cde8ef0b182dd62ed49ccba50ecd860dbb8190682fabcb30572c24a2677ad94a3149,CLEAR,DAYLIGHT,DRY,FAILING TO YIELD RIGHT-OF-WAY,2.0,25.0,5.0,5.0
14bb822017700a7af2f76026eac0d387d2215f11db98ede3ef9241e41f245e2e243b300890d0ca4c92157709386b825e3f08dfad48ad2fb6378014519d309ce4,CLEAR,DAYLIGHT,DRY,FOLLOWING TOO CLOSELY,1.0,35.5,2.0,2.0
14bb87deeb0ba59d4fc44f4f08825989615130da3a7953857ba183c8a55c90001059a5707a79ca1a838b141b2183fe9edf74f07873185c8a7b36b524138b635a,CLEAR,DAYLIGHT,DRY,IMPROPER TURNING/NO SIGNAL,2.0,55.5,2.0,2.0
14bbb889140270b2714d80d808157fe1f8943a5463211d8144bbb4c83a5a106b7441c0a6e7ac14b0650bd17dad08f37627eb1a9c38ed96c403734be2b4b37be4,CLEAR,"DARKNESS, LIGHTED ROAD",DRY,DISREGARDING TRAFFIC SIGNALS,2.0,22.5,2.0,2.0
14bbbd8c1c696416f6b5a7b00807e9cb2f08512cd89150323bd9f8a53c11bfc662822e17191b3afbb359b94981e3219163a79c618f381fe3d487ca57a3ea4147,CLEAR,DAYLIGHT,DRY,FAILING TO REDUCE SPEED TO AVOID CRASH,2.0,37.333333333333336,3.0,3.0
14bbe5aad30f9ddcedaa72e10311055b7f680d522a62eb32b56c569e83666716ce2559557e97c3b2f7e904b3e2bfcad17379c67840eb6b7a879530faed38e341,CLEAR,DAYLIGHT,DRY,FOLLOWING TOO CLOSELY,2.0,75.0,2.0,2.0
14bbf410f93c906bdb37d856e83f02508c5b0e027039b7c46b90ed55bfbdc9b3f1add302bec41ee54d9898b9af12f3e2556e9f95beff56e30aa377058116d2c4,CLEAR,DAYLIGHT,DRY,IMPROPER BACKING,2.0,32.0,1.0,1.0
14bbf46ef3ac28fca0896e92f918372774ca260739c8ed0a0860b8969b1a0997b6c94b18f9e40b90501a336d81f2914d828813cc452920fa917a49ee205a7f38,CLEAR,DAYLIGHT,DRY,"OPERATING VEHICLE IN ERRATIC, RECKLESS, CARELESS, NEGLIGENT OR AGGRESSIVE MANNER",3.0,24.666666666666668,5.0,5.0
14bc1cf5d32f5719921b4e15e3751f7b00a516ff872fced5b1c223bd5b651eceacac28bbc58ace48b9b967092988b03e109336f12c6fc0bf3199b91de0735e11,RAIN,DARKNESS,WET,DRIVING SKILLS/KNOWLEDGE/EXPERIENCE,2.0,42.0,2.0,2.0
14bc37871cd07f8ee0ba1a412acba65d40330fb33269607ce3907437ccc87e58cb283c02e7ede0e1b3caadee2cfefe295b33152397d1f2254896704095a7b4ea,CLEAR,DAYLIGHT,DRY,IMPROPER BACKING,2.0,25.5,2.0,2.0
14bc3ff62211665771a35a6a10e3e9e73a2abe2404858c48294f3b0baa0a2c580c1b66a1d4c876b8de23c0ed096c168c1b706e159c164d02bee795747fdbaf02,CLEAR,DAWN,DRY,IMPROPER LANE USAGE,2.0,44.0,2.0,2.0
14bc7115e528eec30e2b41ebf8986f485ea5335dcd62ff97e5ba875e49d1ecc5797106821ff2aed7cfb4566284cb52d68e846f483de326e1bc9dc981026fc599,CLEAR,DAYLIGHT,DRY,FAILING TO REDUCE SPEED TO AVOID CRASH,2.0,38.0,2.0,2.0
14bc71b0d6ef21836fb34793bcaa8e98be2abd0d50be6a0afc329b530e151e252a4eefd067d391003354bf128610bdb0aa53604d874f4b5eed6f7df1d415d93c,RAIN,"DARKNESS, LIGHTED ROAD",WET,FOLLOWING TOO CLOSELY,2.0,26.5,2.0,2.0
14bc805cb971a97d32bd1d820c05a090c6615879b350e4424c67bbccdd2427a5c52d60a0847e42af76c1257a8cd1a91de3cf7a5ca1cbfacd4f3cfc738fd03006,CLEAR,"DARKNESS, LIGHTED ROAD",DRY,IMPROPER LANE USAGE,2.0,58.0,3.0,3.0
14bca1c98f262253fb42ae0f56a77cbe486d1c2cb2e926e6c39bf6aa69203ce4d779e692e508a9ddafcec2d3988b2d7f5f21ac782e7c02c2bb98b679a0076499,CLEAR,"DARKNESS, LIGHTED ROAD",DRY,FAILING TO REDUCE SPEED TO AVOID CRASH,2.0,29.0,5.0,5.0
14bcb29902c5d2fb5f08f68bf849c21b41934fd31a3d314aef03857ba75d3f0306334c459a8607a145fdaa86a15666ad644a29c7c627c7348977fd250063aac9,CLEAR,DAYLIGHT,DRY,DRIVING SKILLS/KNOWLEDGE/EXPERIENCE,1.0,37.0,1.0,1.0
14bcbfb930f3d65632e153eba9522e5dfc64a0b5f8a6fee4121f1c12c00a48f49a7c4f296f48b18462ca9040a59e36e4dca0a7d6072611caedf8248a0409524e,CLEAR,"DARKNESS, LIGHTED ROAD",DRY,DRIVING SKILLS/KNOWLEDGE/EXPERIENCE,2.0,25.5,2.0,2.0
14bcca425c2b77b137c64c23bfdcf6b13ac8473767341705b70337deb8fd2a868500e7107c8318e51e440e794443eab625a17b3e50b3680a1b1fa36209ad0b01,RAIN,"DARKNESS, LIGHTED ROAD",WET,IMPROPER OVERTAKING/PASSING,2.0,49.0,3.0,3.0
14bcd18f4af67d6b8ffaa1fef9b292c1987b54060732a262a8cdb91535c212ef220bb906b8d47e1b172a8d75d7cbc4ef63a76c461438e17b4e6dcf6eb755826e,CLOUDY/OVERCAST,DAYLIGHT,WET,FOLLOWING TOO CLOSELY,2.0,34.0,2.0,2.0
14bd318cd3594a06bba3e1812055d37863a792e1bdc530edbc6deca0c9b9bd3d0b75d9c7409d31e6459fe19dff66da30ec7dfbaba85d78e8d626558db689e66d,CLEAR,DUSK,DRY,FAILING TO YIELD RIGHT-OF-WAY,2.0,37.0,2.0,2.0
14bd9aa31d457a29dbf29a2560682b7ed4e3ad2237486f97fa682bd06a3e10fed0b905ccf5f67b4b3428b7c31509353f3cba0724872d3914efd69c5a47291bd2,CLEAR,"DARKNESS, LIGHTED ROAD",DRY,DISREGARDING TRAFFIC SIGNALS,2.0,20.5,3.0,3.0
14bdb1b11fbd0f9185c94d383b52186ae1bf898a018354270250a90a95f4bf37a472c589c709e21a300634084af83e57d5b92464852a3cc320c9cdb541c5b89d,CLEAR,DAYLIGHT,DRY,FAILING TO YIELD RIGHT-OF-WAY,1.0,40.5,2.0,2.0
14bdcdea6022a8516382abc69312222fad95d242239dbe6a4070efc057ed9939eb30fb2e5f39f6c41863bcb42ecd98b6dbc21129e9835b698a14ab101c21aee7,CLEAR,"DARKNESS, LIGHTED ROAD",DRY,IMPROPER TURNING/NO SIGNAL,3.0,29.666666666666668,3.0,3.0
14bde820b857458a4ba594c00a1de019dabc369183288512b2b866b24b95f098c793a11f5117ab396cfed55256e2ac8fe817f661a356feddd5b6656583b8185f,CLEAR,DAYLIGHT,DRY,FOLLOWING TOO CLOSELY,2.0,34.0,2.0,2.0
14bdf1335a29b475caed590405233b301806cbcb68a0e5b423af6a2cd56178fdba4b9f7a4a36814d3e41eb4a837a2344df1d068bc555fa44deb44d5e9dd5cf72,CLEAR,"DARKNESS, LIGHTED ROAD",DRY,IMPROPER OVERTAKING/PASSING,2.0,27.5,2.0,2.0
14be01f285a4310b0316b81a3e76a110feb6021ee8d43588072c98419b0e122d11c4ab571a938d504ed5fcfe5eab6ad46b62edbe15e3eca14a89d5939c8f19fa,CLEAR,DAYLIGHT,DRY,FOLLOWING TOO CLOSELY,2.0,37.75,4.0,4.0
14be0bb63a406fb8c5656aceb93a710e589ccfbf89fcd20b77baae39b1bd7bda035fcdd4797a5fb1fb298b6b055629c5ff4857bf52a7a2e3a33c15490fab2dcf,CLEAR,"DARKNESS, LIGHTED ROAD",DRY,DRIVING SKILLS/KNOWLEDGE/EXPERIENCE,2.0,32.5,2.0,2.0
14be29452dabd2f26dd0b56231914cfc756c36507ee5f024dc535f0cff99d734711793be89e0e7eba3717813100a554ee3da03cd74dd85bcc0790f5d1c670005,SNOW,"DARKNESS, LIGHTED ROAD",SNOW OR SLUSH,DRIVING SKILLS/KNOWLEDGE/EXPERIENCE,2.0,21.75,4.0,4.0
14be46d5f9d5e8486321c731b0704a9a4f0052c6e0d5b1b950c8fccfaa278474b9b1f131bf8fbb2d51ddeda7ddcb9e821d99fb6520cd908f1e2674f62cbe447b,CLOUDY/OVERCAST,DAYLIGHT,WET,ROAD ENGINEERING/SURFACE/MARKING DEFECTS,1.0,30.0,1.0,1.0
14be5a19137e2293e9b1de7d0a22742f6dc4c03b4ecbb25bae5ebd821cb5e59ae67523aef1550cd029754603246616ea764663a123b96f61124785a8f2f1bd1f,CLEAR,DAYLIGHT,DRY,DRIVING SKILLS/KNOWLEDGE/EXPERIENCE,2.0,41.0,1.0,1.0
14be6b293182501280203ce2a66456316cbdd89286a414d79f7d7b564182b1c0ac145edd33530631d08f5c03a6d4eca9de73b826437df2356d8048e2d17b6f9d,CLEAR,"DARKNESS, LIGHTED ROAD",DRY,PHYSICAL CONDITION OF DRIVER,2.0,37.5,2.0,2.0
14be93541b7289e0aacc1fafafd028793e3f0861fad4d33711beef60804d8e79e85979a9fe3f2f4fb058b049cd213402f370c76ddd6a04531e16c018944d5eb9,CLEAR,"DARKNESS, LIGHTED ROAD",DRY,IMPROPER TURNING/NO SIGNAL,2.0,46.0,2.0,2.0
14be9e468ae7490f366196c298c0f0627d98362e0c1f50a4ea83872efa220014d7fcb9b786b46489331ea096a80b858c3acbae7a049a21d91734706fd6bfbc7a,CLEAR,DAYLIGHT,DRY,FAILING TO YIELD RIGHT-OF-WAY,2.0,33.0,2.0,2.0
14beea5a96a1a54771eb4bf934e8811f7d5f0f2c59f4ac293d4fbd90cb38f7256010c3c65386a896995fa6c2ecc48b618c3093b2a4f08fb75564b82014c32bd9,CLEAR,"DARKNESS, LIGHTED ROAD",DRY,FOLLOWING TOO CLOSELY,2.0,52.0,2.0,2.0
14befb78215a42c61028392169319bf24a92d0491fa21af3ced2e2844b35c3135fabdc8d9c10b9b4a56b38a58fcd025632f1113991c05ed305951d549b906217,CLEAR,DAYLIGHT,DRY,IMPROPER BACKING,2.0,37.5,2.0,2.0
14befe87b9fdbc3ed1d01c9f680ce4717b5b8d04fba34fa98f7bf2a9a4ea4732961f27e64ca16b247f57daa8f3fa5b8baaa2770698c1b1a8e3d2a305f181a154,CLEAR,"DARKNESS, LIGHTED ROAD",DRY,FOLLOWING TOO CLOSELY,2.0,37.0,3.0,3.0
14bf0aa785c5360541846134f9e1652fd73ee4089acdb291055190a4caec6adf6b9a572c4f1ea559594642167e3fee28aab9173ea80707064623b2e45445bd59,CLEAR,DAYLIGHT,DRY,FAILING TO YIELD RIGHT-OF-WAY,2.0,47.5,2.0,2.0
14bf34d0f937fc73e1acb9eafe1c32bf6219365fa4a1dd6713077a261b7c43387851673a684b11ed14102db982738dde940071008d76e2a4369215344774f061,CLEAR,"DARKNESS, LIGHTED ROAD",DRY,FAILING TO YIELD RIGHT-OF-WAY,2.0,38.5,2.0,2.0
14bf3ebd0e07d3ddee2f712f84c2c29f3d303de911c0e1dd362135cc8c67bcc4883a54642cb0ae961a930cd650a069052e2adacdd02195a43a568b53b65ba9d8,CLEAR,"DARKNESS, LIGHTED ROAD",DRY,IMPROPER OVERTAKING/PASSING,2.0,36.0,1.0,1.0
14bf43a998e375c450f100c85351729f8642a7e63180b1729a4b662bbfc9e9b455352257e6565b258307a07aae5b90a28a8265392f03dc309475338723d51d5a,CLEAR,DAYLIGHT,DRY,FOLLOWING TOO CLOSELY,2.0,29.0,2.0,2.0
14bf6125cc5522b60ce6e2c2d5dac67faf96368ee7f1bf1684cbe8e81f1379351ffeeff3819b32e52218d7aa63e12f14a640e3dd49bb853c6af341ab0383d6bb,CLEAR,DAYLIGHT,UNKNOWN,IMPROPER BACKING,2.0,28.5,2.0,2.0
14bf64e3daa95cc7551298346f913d163a87cd924c44aeb31afc3d0d7facd922616abe48695bde00fd53e68f866509ac391d1df1b8eb4b634d3731d5b13f9ffa,RAIN,"DARKNESS, LIGHTED ROAD",WET,FOLLOWING TOO CLOSELY,2.0,22.0,2.0,2.0
14bf6aca4ec472455bfc46c826644c98aa7c5431ea69759e9e81a68d59d0bb13f9eabcc827e47164ce61dd84aa1f49bf78a15845c234cfbc0177083502062e56,CLEAR,"DARKNESS, LIGHTED ROAD",DRY,FAILING TO REDUCE SPEED TO AVOID CRASH,1.0,31.0,2.0,2.0
14bf6e9cfca71218c576273c28dc3f8fdb1948e955ce6c61ef5f990824ef4310ae0c86c0e6ac55396e1c5d93b7ef34bed8e60857fc90f6d13f5764524185e03b,CLEAR,DAYLIGHT,DRY,"VISION OBSCURED (SIGNS, TREE LIMBS, BUILDINGS, ETC.)",2.0,44.5,2.0,2.0
14bf7f1e77a43f149d052ca75ff843d4a021d9f4b35bf33a6637f8cd3d3b954440c33cd879879ff27ead62a72d56748ba0d294652aa37060776581b2b44ae9d7,CLEAR,DAYLIGHT,DRY,DRIVING SKILLS/KNOWLEDGE/EXPERIENCE,1.0,28.0,1.0,1.0
14bf9c73d529420b7b1d2040a93f3d9c056b6a6e11d5b9ae03f91ede90758afff2509e68ae13632199cf39476aaca913400698cdf39c973ba24c5109d8d8686a,CLEAR,DAYLIGHT,DRY,FOLLOWING TOO CLOSELY,2.0,70.5,2.0,2.0
14bfaa0d64c90cc945bed00b6aab178572736d07eaad814988149d57f76631cdb2f091401dc69cd5246d6f8284544e5eb339bf90d1bb37496b5a428d6958be0e,CLEAR,DAYLIGHT,DRY,FOLLOWING TOO CLOSELY,2.0,15.666666666666666,6.0,6.0
14bfcc6e8a12001d04b4f623d240b2464d5221ac58c1bab2ad874c701893417c5dc03b6fa59a8360e4ce221ad9468965670e13f42a80c005003fba3b22449021,CLEAR,DAYLIGHT,DRY,DRIVING SKILLS/KNOWLEDGE/EXPERIENCE,2.0,36.0,1.0,1.0
14bfef818c71bf05a93d6004a572a0f331ac200f0d30cdb640f4cd559ede2555aa04a3b55d97f7e000b3d3a9fcb3abcd6015d2bc09bd4c4b259b1b36ff7aa3f0,CLEAR,DAYLIGHT,DRY,IMPROPER BACKING,2.0,43.0,3.0,3.0
14c00cc69db63ccf5dbc84e23e196292dde2da33f576038d1e7eba79465458a8ee936564bcc50d6e4ab0e24a8e1b33d061b3c62ca2d50548cba1f22a8a1f7a52,CLOUDY/OVERCAST,DAYLIGHT,DRY,FOLLOWING TOO CLOSELY,2.0,45.5,2.0,2.0
14c013fb7d80fbe4e4c164633ff577bed4aece7bc49d621713b593216b4cc6b07e0b13914dd9035eeade663d365a4de247b4d78ac283faf2387ddfd48ed46a30,CLEAR,"DARKNESS, LIGHTED ROAD",DRY,FOLLOWING TOO CLOSELY,2.0,28.0,3.0,3.0
14c02ec6d1a762b12beff4cc755380897ac3855f8e8db865adf91fb7dcb8a21cf656ea76caedf924fcedefb09e70e3990c0d9a70b4f347e4ea1df7b93deed8d9,RAIN,DAYLIGHT,WET,FAILING TO YIELD RIGHT-OF-WAY,2.0,22.5,4.0,4.0
14c0395d241339f4a71379a461056ffb4d831796f4b017dc7cf42bceb6996cdd0b0c2f50f49d27932f28ea81fec52694cc28973ed932169d4c982c568a82818f,SNOW,"DARKNESS, LIGHTED ROAD",SNOW OR SLUSH,DRIVING ON WRONG SIDE/WRONG WAY,2.0,44.0,3.0,3.0
14c0633a59857b025949410ef8d52478ff375921037a93b992e1f612ac2695519dc3bea63a21b018b0c5c22522893b4d09a55c1ae32492a55bba9e4d1d453d73,CLEAR,DAYLIGHT,DRY,DRIVING SKILLS/KNOWLEDGE/EXPERIENCE,2.0,25.0,3.0,3.0
14c0904c8c4d0a0d41326abdb700a0351e1d56b36f43cfbf5733a925a75edd8d3db55450b022c5d31ad4aaa44c6b0e58877b0881862ae7eac95c420301860778,CLEAR,DAYLIGHT,DRY,IMPROPER BACKING,2.0,17.0,3.0,3.0
14c0960b467523a15527ca981c9cd6276d70a98ce315d0b030db85942787b5031b693c6cb2f3e2aa8a5fe987e21a343d9504cea3be289c7a7fa2432c311ee2d3,CLEAR,DAYLIGHT,DRY,FAILING TO YIELD RIGHT-OF-WAY,2.0,37.5,2.0,2.0
14c0dcd82aab8066c652ad5d71da4d748f4b9a767ab180698b149b03255a52affbbf46be532cb925d49b84090e93c66eff4a80976d193c56f238748c08ab60c7,CLEAR,DAYLIGHT,DRY,DRIVING SKILLS/KNOWLEDGE/EXPERIENCE,2.0,39.5,2.0,2.0
14c0e096fc3f86630abaf104e55fedb6951c573d63bcfb888afbfd10f379914c02f26ca502f25be3d44f8d698d2e7fac8a8ce056a024777e11ca258f6c3d3bf2,CLEAR,DAWN,DRY,FOLLOWING TOO CLOSELY,2.0,35.5,2.0,2.0
14c0f41e90813e1c3497fe844c15614c0071ad190f0ea94759c1825c42aef8b97d682364dd79f1586e93b4eabea9ab60af331bbc6125dec9d407f0007c6e0da6,RAIN,DARKNESS,WET,IMPROPER BACKING,2.0,27.0,2.0,2.0
14c137eb881fd1500f02179cba5afdcc0034eda1b649f163f32bd936f2bae2a0f9c6fdfdf7140cc5203dc001c54364f2636ebd233dd8e623750bb58f8c24af10,CLEAR,DUSK,DRY,IMPROPER OVERTAKING/PASSING,2.0,37.5,2.0,2.0
14c1701b83ac6869451d99eaec0a7f23ac9fdfd399be6ff0e457c23393012bef4da995c21823b9c1954a6e6bc99a4d9a3011fee5198d50991c75c6fe3613c7cc,CLEAR,DAYLIGHT,DRY,FAILING TO YIELD RIGHT-OF-WAY,2.0,21.0,2.0,2.0
14c17fce0c9b8e0124df51f4184d91b0e88fbf1ea8d9239e679464977ced5f72ca2c3d6ed25f9422ff3debf49db8169c427cd8a504da1c30552d7d7936c927a1,CLEAR,"DARKNESS, LIGHTED ROAD",DRY,"OPERATING VEHICLE IN ERRATIC, RECKLESS, CARELESS, NEGLIGENT OR AGGRESSIVE MANNER",1.0,30.0,2.0,2.0
14c18c88482cf3dd8144d0c43a2c509f75dbbd6e5f03d38a2dd0e10d31e86ad5cd9869d04a53e1b3f371673082f34ac64e1d16f643c9d9be78e0e13bd71eb743,CLEAR,DAYLIGHT,UNKNOWN,FOLLOWING TOO CLOSELY,2.0,38.0,2.0,2.0