crash_record_id,weather_condition,lighting_condition,roadway_surface_cond,prim_contributory_cause,total_vehicles,avg_driver_age,total_people,total_injured
14c1b3fd07683392d8980ed0e61b83b1f06d2df2e95f83b646ccaa969bf92997ad485ade43cbd3879c477d526b9275cec92685b11563137b329a6e05935daacb,CLEAR,DAYLIGHT,DRY,FAILING TO YIELD RIGHT-OF-WAY,2.0,41.0,3.0,3.0
14c1d728aa127e7cb0ce0e3eadf251a1f6d7844844b4efd21ef7b41b666e0ed4ba5ba1d84c171e1ed203d1d11642c9c9c2d27028c5bb65512b60b9ebe8f9fc29,CLEAR,"DARKNESS, LIGHTED ROAD",WET,EQUIPMENT - VEHICLE CONDITION,3.0,37.0,1.0,1.0
14c1ebd5b974eb48614e0277003177fb7be3227f66ea716b5f46c58b298bdc0f1843405511f0dc4f8d0377b276627c913cecd90245b280f60351321563822e62,UNKNOWN,DUSK,UNKNOWN,FAILING TO YIELD RIGHT-OF-WAY,2.0,30.0,2.0,2.0
14c1ff0491171bf0447dbf02cfe8913cd505a3e66b76efabf81b950a43c1d6bfec68618229f9dcdc1ccba9132ed107e86911887d598c4e8f782a17824f84d24e,CLEAR,DAYLIGHT,DRY,"OPERATING VEHICLE IN ERRATIC, RECKLESS, CARELESS, NEGLIGENT OR AGGRESSIVE MANNER",4.0,37.5,1.0,1.0
14c27e40d7d06414adeb9d9d01260bfdebaa649d3707df1b19383819bf1be553fd0b0a47a00bb8d4d28186cf5bd952f84efa4b3532df66c905e181426ad8d0db,CLEAR,DAYLIGHT,DRY,IMPROPER TURNING/NO SIGNAL,1.0,37.5,1.0,1.0
14c2cf962636f7e9d77bfd532877f81afdc4675647cb5557c033b5690bfa86239a59a53c2a1cc80bec97484fcb0034342299f7a361abe1a8ab836da8d163e60e,CLEAR,DAYLIGHT,DRY,FOLLOWING TOO CLOSELY,2.0,36.0,3.0,3.0
14c2e58033d40846d7ea84f1e6ec14e48d67ccc47ad2d984e050a329ca11f138e59059f8d2abd526106fe2f268b8e2b01c1953381752433da8382d8a9bc6ee10,CLEAR,DAYLIGHT,DRY,"EVASIVE ACTION DUE TO ANIMAL, OBJECT, NONMOTORIST",1.0,23.0,3.0,3.0
14c305565ea58d237170722977ee8ebf3ceb9331add07f222c3519bbc60164c68c8c8316f7d6b93550ced7128da6146ecb9797539a0b07d5cbccaf19fe85e4c5,CLOUDY/OVERCAST,DAYLIGHT,WET,FAILING TO YIELD RIGHT-OF-WAY,2.0,30.666666666666668,3.0,3.0
14c30f828e1054712c8285041ebf4af7f289c67b65998fa29bb41c8a62b48361b5a949b5bb553bde60f64a5312ebfcb289b46c7d9df652ea645427b6f1f315f0,SNOW,DAYLIGHT,ICE,WEATHER,1.0,42.0,1.0,1.0
14c3380649d4424d92dd336f995c9bac7fc4683ff3b39c96089e66a230ad37841b9586554b8886b24398b47f0ebd81f2a72b720b5023771f855de82ae1742858,CLEAR,DAWN,DRY,IMPROPER BACKING,2.0,28.0,3.0,3.0
14c355f84f5d6b662543e19d1e26c336dad69b5573bba2c1653d8e25ac35b8708bbd0957d3d370861f11f9e3c472eb2109be561c01619edc017844ca6a36e9cf,CLEAR,DAYLIGHT,DRY,IMPROPER OVERTAKING/PASSING,2.0,26.5,2.0,2.0
14c35cfc9179618bc5cdd8ea3e1e99171cd9fdda0663df353e905d141786fcd62ed40409e4b38bfc80fa2ff6848d0959e860f610ae7aab7dc3a9935f0349e9ca,CLEAR,DAYLIGHT,DRY,DISREGARDING STOP SIGN,2.0,29.0,3.0,3.0
14c37c3d0979800c3e5f6d901ba910a3a449f984296bb91bd77998602dc1523a2256290a3c8dff08e2efa23acd5324ce40a2dd5c9538bfe28133aeb7392ba084,CLEAR,DAYLIGHT,DRY,IMPROPER OVERTAKING/PASSING,2.0,53.666666666666664,6.0,6.0
14c3ac8c9cb4ff7d02ec2a8f29b0cd8df39b8322491700c09e61c24c71add1d93606cfd773bc8a8a2c81c2de592a2644e6d47ae22ebe3d1fa5528367d565fbc7,CLEAR,DAYLIGHT,DRY,FOLLOWING TOO CLOSELY,4.0,48.0,4.0,4.0
14c3c58e04fef795981164d75edab955ad613e2e7c6e876a20d103b402f4964872efc28d69c7d0a33c9c7df9e868d10f2f84106cf208e65e408ed2c3b75d2460,CLOUDY/OVERCAST,DAYLIGHT,DRY,"VISION OBSCURED (SIGNS, TREE LIMBS, BUILDINGS, ETC.)",1.0,22.0,2.0,2.0
14c432c78668eefacfd2776872cdb040d53b9553907caf36cf728c8d22246bb88d8079f76113bd4ef6c929cdd09b9c2104d8b796709cd8d2486893a176feeec9,CLEAR,DAYLIGHT,DRY,FAILING TO YIELD RIGHT-OF-WAY,2.0,38.5,2.0,2.0
14c4348de92da9a4a1a658649e9486200eb1e8f696bf0731acf9e51c8196d6977eb4aef3dd7c531904bd78e2726fddeb87ce29147f99736c59ee3d3b86764e31,CLEAR,"DARKNESS, LIGHTED ROAD",DRY,FAILING TO YIELD RIGHT-OF-WAY,2.0,41.5,2.0,2.0
14c434b51e6603600f141c143c1ea0476f57a795b11d0ce9802f1dfb720ac9d4ac20a49162620d467d61f562b6d8daf9c3ebe9d68ba3ac2fb54c5c23855c4b5b,CLEAR,DAYLIGHT,DRY,DRIVING SKILLS/KNOWLEDGE/EXPERIENCE,1.0,38.0,1.0,1.0
14c488d6a5dade6d98f08eead8e80c6274bf35e1d2964ae11268a6cd54cf3429f5e621f544f91cc819cf2458ae779d88e9dec159fac40808608e4663eb3f21c7,CLEAR,DAYLIGHT,DRY,FOLLOWING TOO CLOSELY,2.0,37.5,3.0,3.0
14c51ba41300b593a55ff37e47730ca45e1fcfbc642710ec7e08b6c40385cdfcd5d00f97cf65d6aac82565fde36631d21ce9c9da67e5fb0b6a8dcd7873f45445,CLEAR,DAYLIGHT,DRY,FAILING TO REDUCE SPEED TO AVOID CRASH,3.0,33.333333333333336,3.0,3.0
14c53bc0dfe7587081855a78d9b45064313d06328e08b35c9b6c42129eacac4450b6ba0184af1639d1cc66754d153cf8eab297b47362f412a44c8e96da26a591,SNOW,DARKNESS,ICE,WEATHER,2.0,37.5,2.0,2.0
14c5400c8286e188244f9a72e6495004a5fff8b6b915093e0dd2886a97615367e15d1ab74db1b43d43e26fb2f5102dc7bbf24eea44a1d88319fc2a5d7e2d2a3f,CLEAR,DAYLIGHT,DRY,FAILING TO YIELD RIGHT-OF-WAY,2.0,34.0,2.0,2.0
14c543a4b1c78c4617b53f36c6ffa5680c06bbb9565b941a236ebce191f50246827a1e15a7a4d1151d12305b712c4c236fd46abe9649cb10d6a1dafbbae2ee5a,CLEAR,DAYLIGHT,DRY,IMPROPER OVERTAKING/PASSING,2.0,63.5,2.0,2.0
14c550e99178a43bd1a638d855597c17c3065c041a9351f23648c57e9d2c0db0cae28e27a305ac02e935a3d5b402e1cdde8d31c0cc7c84db669add9eba15c08d,CLEAR,DAYLIGHT,DRY,FAILING TO YIELD RIGHT-OF-WAY,2.0,47.0,2.0,2.0
14c56fd1eac0040c271150579297b757ddf4e5d2776ad21be664f286c3b67535758de8884159bfc2246d878a8696807aa6559798e9fa30900666b781190b10f4,CLEAR,"DARKNESS, LIGHTED ROAD",DRY,DRIVING SKILLS/KNOWLEDGE/EXPERIENCE,2.0,37.5,1.0,1.0
14c57ae61c7249028de66c8078f842010889f2a2536920b71d7956f2a554bddc4ce6ef598984f425afde77e1dca7d2eec704ee93052d76c5679f67cd03fce5c1,CLEAR,"DARKNESS, LIGHTED ROAD",DRY,FAILING TO REDUCE SPEED TO AVOID CRASH,2.0,31.5,2.0,2.0
14c58ba178648a10dbb2668d7513f88fc770d5e328183a112a57c5ee8ce02c98df301d95787c9ac01a8f90edf1f4feee198d639b7a77f015170a45788c1ad5f9,CLEAR,DARKNESS,DRY,IMPROPER LANE USAGE,2.0,37.5,1.0,1.0
14c58f9f863694b11fd68896704705ec932460343c2ff14352cfe5e8cf550f033c4d7576825c50aef18f31abbe564d0b09689b5a0cfdec7e415ce1f283819469,UNKNOWN,UNKNOWN,UNKNOWN,IMPROPER LANE USAGE,2.0,37.5,1.0,1.0
14c59b20ec1a461f5d8f823e428b6383ac9e89e463225bedcec4e14f7fb29a4f9f2a651cc192bc08e7afd2e357f3daa0fd920df349d5fcc5a0c65c0b7c962ce7,CLEAR,"DARKNESS, LIGHTED ROAD",DRY,DISTRACTION - FROM INSIDE VEHICLE,7.0,42.0,1.0,1.0
14c5d36ce244e10c564fbd8e4ff18976b99d54b62bf3e554cea075ca73bbe90f18ac678cbf276b8ec07c9b46e68298c98d482d11c39bc1d6e853efceaf5e57be,CLEAR,DAYLIGHT,WET,FAILING TO YIELD RIGHT-OF-WAY,2.0,31.0,2.0,2.0
14c5d4f7be4c7c6d9e821ddd436c360d0d98ef31c6667cdbee060f517e2a6d50be85ea728564e671bfe3ad3e9db329979fd01a6738472e616498a828d69f809c,CLEAR,"DARKNESS, LIGHTED ROAD",DRY,DISREGARDING TRAFFIC SIGNALS,2.0,37.0,2.0,2.0
14c5f32704905d1159402acb1ac3c709df42957f7dc75d5317a781ca9a6ac85cba767450c739f3dd0b6c778da4220f0f8c626935ebabf396b063d5ed69223480,CLEAR,"DARKNESS, LIGHTED ROAD",DRY,IMPROPER TURNING/NO SIGNAL,2.0,30.0,2.0,2.0
14c60741f30d62ad486571a1acdcbf8fb356274a1752c42beb42cef32d8aab03bdc57f6c7dcfc23d185cf9535e7785b434275b20b991dc34517d612405211c98,CLEAR,DAYLIGHT,DRY,IMPROPER OVERTAKING/PASSING,2.0,47.5,2.0,2.0
14c615829eeb2d6af84264b1de07c1bc5ec1712fb57fc11ef68d5852f5537e776516e770337b45ff4ec5d46790868f6da56f9ccf18c1511255a1a5a23ace2f02,CLEAR,DARKNESS,DRY,DRIVING SKILLS/KNOWLEDGE/EXPERIENCE,2.0,50.0,1.0,1.0
14c61a43689e4c29722228cd4f651c3fc13bedd47f51bc89e7ec628f9b3216c73f2a5d672d21a391426bffa23afbb51c0b4dde694b51d632251ec0073e081e68,CLEAR,DAYLIGHT,DRY,IMPROPER OVERTAKING/PASSING,2.0,46.0,2.0,2.0
14c62992b82238941e9162b4fc4a518710011fc386ccfb20b541f8c95aca92af4d329491c81e355a4f337a2736a9dc947dbd361493828b406a4c4f4597ef2bb9,CLEAR,"DARKNESS, LIGHTED ROAD",DRY,FOLLOWING TOO CLOSELY,2.0,58.0,2.0,2.0
14c64b3604903b21048f284d43ad38531b53d4e33afbc851d9102b61a1452e10c3f1fe709e9fd4dcbacd6a0dc2ef089160ce2cb8a95ce22f217075a780ba9f0f,CLEAR,DAYLIGHT,DRY,FOLLOWING TOO CLOSELY,2.0,37.5,2.0,2.0
14c68f2acb134c96ec7f2ee19af317707e9ae3ae0460b3932188ca5f90b886543f4966a91070564619b3df460d85fe39c4c9128ac4fcc5752561a3664f5a12bf,CLEAR,"DARKNESS, LIGHTED ROAD",SNOW OR SLUSH,DRIVING ON WRONG SIDE/WRONG WAY,2.0,26.0,3.0,3.0
14c6dab9c07c6541672265c73169d5d6c0e3a4d4c0ea33c2b6496ca87b3ce659f47fa7ed41616e0fe89af31e13bc4c8c7ad36a5d82c3b94914a15ee5f68b484b,CLOUDY/OVERCAST,DUSK,WET,"OPERATING VEHICLE IN ERRATIC, RECKLESS, CARELESS, NEGLIGENT OR AGGRESSIVE MANNER",3.0,18.0,2.0,2.0
14c6fa216d0ccc9bc0da2eff1f9d0aa4be053008374a16372c6397f6aa50013e93718301f10ce535d1fb7e82f7a24800f30a5a32d2e49ad84c7001cf43fed94e,CLEAR,"DARKNESS, LIGHTED ROAD",DRY,DRIVING SKILLS/KNOWLEDGE/EXPERIENCE,2.0,50.5,2.0,2.0
14c74125accfc078a308ae48d74cb9d3109c6f4f2aacde4639a1bdde1fe108e47cb46cf7addc35320be54c249658d5d2a5535ac287b45dcb967311a0e9b22bba,CLEAR,DAYLIGHT,WET,DRIVING SKILLS/KNOWLEDGE/EXPERIENCE,2.0,28.0,2.0,2.0
14c74cb5a9d5f003e90963103e5004e4909f2aeb985385cbcb6080adfd0b251699641b9eda238946268e6b06567afe8bf5d4217fbc56a55bee36b4ad8cd79ab9,CLEAR,DAYLIGHT,SNOW OR SLUSH,WEATHER,2.0,27.0,1.0,1.0
14c750b43e19da36e7abe5f0ba41637a7ba7de32f36352eb5ec1066c39fb5a9d79ac0f133ee7cfaca48d8072d77708b05a8f969570b9f4948a3711307e2b056d,CLEAR,DAYLIGHT,DRY,IMPROPER TURNING/NO SIGNAL,2.0,21.0,5.0,5.0
14c750be4ccffb9a93008b95bf47dc929d42fd1c8a34ae0c9ecc8708b24a0b9fdf62eda562fd656fde6283da6c5e61175167eaae4360da9f4a3b2c6cbd1f2fbb,CLEAR,"DARKNESS, LIGHTED ROAD",DRY,DISREGARDING TRAFFIC SIGNALS,2.0,33.0,3.0,3.0
14c77f877676f7ec109600632a6ea6246f2dfc8400e926953b247c2ca91cd3f95052c95252939ca0548f2b2232ec824ef99bfe29a8433ad9527c2f9c14178ac5,CLEAR,DAYLIGHT,DRY,FAILING TO REDUCE SPEED TO AVOID CRASH,2.0,12.333333333333334,3.0,3.0
14c7b6c1ff7b1b2417c4d353a70bd63e8fb6c4f0523e22be36c2f87f584feb6d9857a80c8099e920977d5ff85b346d53e43af6b6b9fe82adb491ce4c1cf7055e,RAIN,DAYLIGHT,WET,FOLLOWING TOO CLOSELY,2.0,37.5,2.0,2.0
14c7df5d11cd250d226685dc53806faebf9569744d70d55047ea6a026f13e81ce6d69013a8babbb2bd96b653d997e0a19877a84c39f5b7df71c662916d722961,CLEAR,DAYLIGHT,DRY,IMPROPER OVERTAKING/PASSING,2.0,30.0,2.0,2.0
14c7f3d68547d21a178f7495edb2c79dd956a975278f2ee1eea9948ac03b913f90b76aad8b0608e126800b15de74e7b5c9ed40ce6bf2e2fdcd9a369b45b85b59,FOG/SMOKE/HAZE,"DARKNESS, LIGHTED ROAD",DRY,ANIMAL,2.0,44.0,2.0,2.0
14c7fa8c65bd34b767b9c9c8a142896350ec3d2819759a06785bb665d2545f01626b44630dfc17f4fea9f852b7172956e7d46634fde0fedc4f57d9e302eedb26,CLEAR,DUSK,DRY,FOLLOWING TOO CLOSELY,2.0,44.0,2.0,2.0
14c8051b7be742c6a5e49e6c84fe0aae0675b9caa2e383c92c0b6a4bba2755697fb4152ccf78fe33f31959597e96eb05309d2efd6c259ecef1bd96acbfb44982,CLEAR,DAYLIGHT,DRY,FAILING TO YIELD RIGHT-OF-WAY,2.0,23.5,2.0,2.0
14c826fa0b892c0d3b94c2223074d98a764605ef82c2502a7b5d646e20a4388fdfe21d5d0b0a983b54f883086536d1ba432856658a56def8f2c327fe74751524,RAIN,DAWN,UNKNOWN,EXCEEDING SAFE SPEED FOR CONDITIONS,2.0,36.0,2.0,2.0
14c830af651f4c758367e9c05ab00a7ff1ea05aabde5431d0ae4a7651c09f089e995399e3d1f944cd5cccb67b3c182a8aa5f4c29a33dd559524416812244fc2b,CLEAR,DAYLIGHT,DRY,IMPROPER BACKING,1.0,56.0,1.0,1.0
14c83b3a63c8d644aad7d47ecc3602b122b88df8f792f1f1b633c3518e041b153ea12eea04ca2b092d175ae86426375469e52320ed27b2bc21e41ba9c9b0b2d6,CLEAR,DAYLIGHT,DRY,IMPROPER LANE USAGE,2.0,37.5,1.0,1.0
14c83ebd075bdadc3f0c184fa8c6c7634b8f1fad0404511deaf4b04f09cdc4240e443531f13d4579d1d28105bacc5624564e0c1d0746279c7bc5bdd552cda308,CLEAR,DAYLIGHT,DRY,FOLLOWING TOO CLOSELY,2.0,46.5,2.0,2.0
14c880555167713e6349312db5049196349e7086165f6f9599352c9532f311e51f2b8349c80a855e9f1044213901db029b0e06f6b32fa8f70c1789a9b8c838fe,CLEAR,DAYLIGHT,UNKNOWN,DRIVING SKILLS/KNOWLEDGE/EXPERIENCE,1.0,59.0,1.0,1.0
14c9098873ce41adb614b424200941ba8f9e9d3c93be9e06c3580f098c64083e372005a207545252af933ed4c17fee63761009b8bb9bfd480b8b7042f243878c,CLEAR,DAYLIGHT,SNOW OR SLUSH,FAILING TO YIELD RIGHT-OF-WAY,3.0,44.5,3.0,3.0
14c91c1434323f126161235fe31dc29e1aa806aa69fbfe425d7b0bce418884b610aefb324d08561b0dae5b6ea98a464715cf3f0b279bbec32f74edbb33e8f647,CLEAR,DAYLIGHT,DRY,FOLLOWING TOO CLOSELY,2.0,45.0,3.0,3.0
14c9465213ed8abf1f6c7f8b3caff6b8e5e890d4aa9b8a609241ecdc3e5c95c3e442a15883ffdb010a58cb4d787ee14054dbcd725555cd10c9332c535bc96567,RAIN,DAYLIGHT,WET,FAILING TO YIELD RIGHT-OF-WAY,2.0,55.0,2.0,2.0
14c974e153a23bad6234b19ad571fc2497b61f5d9e085e284a33112a994176d1ab8ff3656d6d2109733c7e93e9ac18e7ea6edc6a4a175030448bcebc15e8646c,CLEAR,"DARKNESS, LIGHTED ROAD",WET,DRIVING SKILLS/KNOWLEDGE/EXPERIENCE,2.0,37.5,1.0,1.0
14c980f95d573f96ba7d99624c78c3b7d8a86db5a9df6c3def0bc5eb6d3b9f3a588d1512110b29269ed836fb6ce1bf633d394d0c5a8dfddc62965e9cfc478cf9,CLEAR,DAYLIGHT,DRY,DRIVING SKILLS/KNOWLEDGE/EXPERIENCE,1.0,33.0,2.0,2.0
14c9b00263187c85221aaf931dba23da9ffe4b67f5e5831e248f39c3f677e521ae6f65b696c768325d709a2c969d31e1feff014432f700a18be89fbaca700cc3,CLOUDY/OVERCAST,DAYLIGHT,DRY,IMPROPER BACKING,2.0,51.0,2.0,2.0
14c9bad760771985e2686fea6c8cfefd8bec7ffa87c3aa5daeeef026ca0c480c92e149f60617932621bc5de7f443c042560f1d08349f073c10618cfdf796a6e9,RAIN,DAYLIGHT,DRY,DISTRACTION - FROM OUTSIDE VEHICLE,2.0,40.5,2.0,2.0
14c9e42a96f937c4ea0596e65d20ffe7a3eae0cf5a6faccbfbbeb21a47442520a0ec8b8268b8fa32f40b43fbd7f21b2ab21c0a9d98b5706fa6a1446cfa041a49,CLEAR,"DARKNESS, LIGHTED ROAD",DRY,IMPROPER OVERTAKING/PASSING,2.0,41.5,6.0,6.0
14ca2669b49a715b50d1c868a0aee7e54559a699c7d8667a28b7279141186a46dfc30568c3732ef168eeba6e428be4cba50339819a657b7fdda68a1bec560d25,CLEAR,DAYLIGHT,DRY,FAILING TO YIELD RIGHT-OF-WAY,2.0,39.5,2.0,2.0
14ca3b3b5e73ab252b7a758686be29ff6ed71e1779dc8d133f5e1ad28556d683db5368d815b152f0b0c383a63315e691fa919b375b110a69e03d416f4438609d,CLEAR,DAYLIGHT,DRY,DISTRACTION - FROM INSIDE VEHICLE,2.0,33.666666666666664,3.0,3.0
14ca4c399d93bf0bbfbb96adc3f7c2bc7f7ec6a57ba41c42d01304d2b0e813ead3ffc47f8210f892f2d83734072457f01b2170a71f7d57eabbefb25de98098f1,CLEAR,DAYLIGHT,DRY,IMPROPER BACKING,2.0,17.5,4.0,4.0
14ca5f2e0e805d120a4baecbe5c8537ab08aaf6c74644cf052da247100afdc7f368dc4d5d115d5826dec80e802b72007cb256078667ddb5ccb35c197344bb23d,CLEAR,DAYLIGHT,DRY,FAILING TO YIELD RIGHT-OF-WAY,2.0,35.5,2.0,2.0
14ca7b16bf4b85b2b60d3298f6d64918234d21afa673f484c89f08cc1c598a89a24588b8bc247a3a5c3b8827b2fbc4365cf112f1f7c6f581964a2a882307b594,CLEAR,DAYLIGHT,DRY,FOLLOWING TOO CLOSELY,3.0,37.666666666666664,3.0,3.0
14ca7b2eba58577938b05801d2dc968e65457b24ef2a30f072c840ea1704e75aa7175ffd47d7ae288e048a529649ef942c44b67776c689013283406b0ee0beb3,CLEAR,DAWN,DRY,DRIVING SKILLS/KNOWLEDGE/EXPERIENCE,2.0,40.5,2.0,2.0
14cb73092d1c2ce16741cde59166c16440f2881088ada5e3fed615553a260e02cf00465a61a33023301fc2998e9c429f32d60258fb32d7fe16aa0c787d09f528,CLEAR,DAWN,DRY,IMPROPER OVERTAKING/PASSING,2.0,34.0,2.0,2.0
14cb9188217885715b23f03b668c2d64b03a5b77b8dade72a14c836937c2259c6980176a92e528604585d4925de3b69021b41080c02306e3414be75d69a2e826,CLEAR,DARKNESS,DRY,"EVASIVE ACTION DUE TO ANIMAL, OBJECT, NONMOTORIST",1.0,0.0,1.0,1.0
14cba026a833f075fe0010a90c50e55b7a8f21d944acf9711f812820da7593b722bb6cda7c0082259b74a59b8a2b17619ec56f545529901e4a0837884c9a24a2,CLEAR,DAYLIGHT,DRY,IMPROPER OVERTAKING/PASSING,2.0,26.0,2.0,2.0
14cba08f2f18b3bbf62c73d4bddc57d6643abe76a01b8555b71c413c4607435e560b4e38d75b5c83f312ef1c56c59aec8da3fa19031aa3349c390bae35ee454e,CLEAR,DAYLIGHT,DRY,DISREGARDING TRAFFIC SIGNALS,2.0,55.666666666666664,3.0,3.0
14cbb6ec3ec87981c16fbe7d3a869bdd3c50f98b96536750712dd59c8d5cec7fce0856b1963f55cad86b22c5d632060f129986001842b5d210d762f63047c73e,CLEAR,DAYLIGHT,DRY,DRIVING SKILLS/KNOWLEDGE/EXPERIENCE,2.0,37.5,1.0,1.0
14cbb71c60679b8e26e4dab98e5f120e483d4de3160df498e1a6588b24cae84d1c13868b06401f229986d74d642e3c8dc8749691c53a04c040884a4a8095ce57,CLEAR,DAYLIGHT,DRY,DISTRACTION - FROM INSIDE VEHICLE,2.0,26.0,1.0,1.0
14cbcd8dc217b6b9f99122dc808827961ab7f79fb34df72b1371686af7c6009c6cb243d995c4347a88bebc3fe460f1defc569e9cca3dc458da221b707f3027ea,SNOW,"DARKNESS, LIGHTED ROAD",SNOW OR SLUSH,"OPERATING VEHICLE IN ERRATIC, RECKLESS, CARELESS, NEGLIGENT OR AGGRESSIVE MANNER",3.0,37.5,2.0,2.0
14cbd23d4a4f428a6007d80d79ffc17126d80da74b6ecc4c12cbc956b637cf229c0ee191cd191e6b8ba173ee4c50b812fa3b31af19e922612266c3ae3bbc6153,CLEAR,DAYLIGHT,DRY,IMPROPER OVERTAKING/PASSING,2.0,32.0,2.0,2.0
14cbf293e135ecb1fdeee49dc1779259db9befb9ea58eac8e046241f0ea02440f04416d111fab5699148591c10e5cbc0cd3ad2e6d0cb1a52aa7db5edd2c0d5b5,CLEAR,DAYLIGHT,DRY,FAILING TO YIELD RIGHT-OF-WAY,2.0,34.5,2.0,2.0
14cc3d869c72d98367f7cf4334dc073e627f44a98269d5e955713ed7f4d07e43ea9da2bf76190b014cdf42054002760a997f32572a8418cd07278df787dd2706,CLEAR,DAYLIGHT,DRY,IMPROPER OVERTAKING/PASSING,2.0,55.0,2.0,2.0
14cc692921f76f1c44be4d1dc0e3cf94be64f4d286cff6197db31366b04e009056f4b8e187f5b52926d047883bf41e149ba388292d088c118fe806271e815731,CLEAR,DARKNESS,DRY,IMPROPER LANE USAGE,2.0,37.5,1.0,1.0
14cc6c7cc9c34a90a307a315505bdc864941f39fdbe64cd6473fad6c645444aed53024dde17fc7cf73d376171e3f4112b1bcc6ce2ddb06f73fb7a2408c18ecc8,CLEAR,DAYLIGHT,DRY,IMPROPER OVERTAKING/PASSING,2.0,45.0,3.0,3.0
14cc8d32c52b2386a04f29bc4c66d7ee263bae494774824705f3760beeff653a8c38e9a7b3eb6666633a8c738a7c4a0812c9afb4d37f4fb693855f64ee605cb1,CLEAR,UNKNOWN,DRY,DRIVING ON WRONG SIDE/WRONG WAY,2.0,19.333333333333332,6.0,6.0
14cca88c5297ed2f3a3bbc6aab5ba5498d88298579fac84a5b08ac625b53ea28e0e054ad2eb91087b3f4f783164d5c2293f37c846da0fc9270cd45c9102bfdeb,CLEAR,DAYLIGHT,DRY,FAILING TO YIELD RIGHT-OF-WAY,2.0,37.5,2.0,2.0
14ccba905a57debaff8726bea95ba778a2e22d231c02b63d5cb3cd70a61fba1d244e2ff193750d5a82354da970835214f222ae55839582b715a3c14a44f5c62d,CLEAR,DAWN,DRY,"OPERATING VEHICLE IN ERRATIC, RECKLESS, CARELESS, NEGLIGENT OR AGGRESSIVE MANNER",2.0,56.0,2.0,2.0
14ccbf2a0b2dceb23dd0abd3aa890a6461ac50c9fa7576417d12836384a60a0e2de62d9c8628d8e81f242f1638233f556d98a72367decbb53ca097a6b3d2c15e,SNOW,DAYLIGHT,WET,IMPROPER TURNING/NO SIGNAL,2.0,58.0,2.0,2.0
14ccc7846c114cd736d66232f18120c353f4c8888b5131159b0c20afd495c7bc4e4ee29c406b86ca39ca7783b741bffd4a590c24693da270497f7fe79e6d268a,CLOUDY/OVERCAST,DARKNESS,DRY,FOLLOWING TOO CLOSELY,2.0,50.0,2.0,2.0
14ccdc2debbb5bacb944b57894d7e5c6a9537517cb331ba3f63d42968db2b726aa06553e9e757e2b04013fb82c4773c70e4792fe2c1294a5dfd756febeed3b0f,CLEAR,"DARKNESS, LIGHTED ROAD",DRY,FOLLOWING TOO CLOSELY,2.0,42.0,2.0,2.0
14cce1c134aa217fb3400815d65e5731f8ddb8b4db0587432c312a384f2cfe6e731fd3b8c93b218e1a4893a3f27be6e5c717f0c5604f6a38a78cd690380eb3e0,CLEAR,DAYLIGHT,DRY,FAILING TO YIELD RIGHT-OF-WAY,2.0,54.5,2.0,2.0
14cd2b817fc7a4e51519653616b1a8d1bb69ce1cedaf9756996d407b97a9bf53d99f8e4957fa8e64a68ed154fe30150e73daae76e10dbbfd9f104c7acaec9c6a,CLEAR,DAYLIGHT,DRY,"OPERATING VEHICLE IN ERRATIC, RECKLESS, CARELESS, NEGLIGENT OR AGGRESSIVE MANNER",2.0,57.0,2.0,2.0
14cd39fb29d6e1759b667e3c67cfd263120c01b860fa1666a2bb296bf57ea1f48f5f54bee64d09f8711a7cc8409de37855986e150804e7c13a9472b80bbbb689,CLEAR,DAYLIGHT,DRY,FAILING TO REDUCE SPEED TO AVOID CRASH,2.0,45.0,2.0,2.0
14cd42e4423da8653ba755458009e5dbe63b4accff432060a6f819ff722434eba85fd037bec08122331af47ef2a61a1c518d6f5604b9951cc401487935ff82d2,CLEAR,DAYLIGHT,DRY,IMPROPER LANE USAGE,2.0,67.5,2.0,2.0
14cd4f6d4f5b09d1c69a90a7974e0f1d2f999e4f592ba0360c577b7ff3a5c43c4b80876958aa9e487dcbae76c99e8b1bf7caf4c4770d67bef227a644f45d6ed8,CLEAR,DAYLIGHT,DRY,DRIVING SKILLS/KNOWLEDGE/EXPERIENCE,2.0,29.0,2.0,2.0
14cd60884bd55466506cb46c53809a97ac241952c3870aa220e659bcd5e32894e106483d7177499c619fdc4172fe94f2ab1b2cfd6e1a1ea6f54ff95be2a5f26c,CLEAR,DAYLIGHT,DRY,FAILING TO YIELD RIGHT-OF-WAY,2.0,42.5,2.0,2.0
14cd694ea49fcf4581ea9a654786d1f974bbae7d9f7a699c81fd0873eb517269db7ffdab2d956affc9f01b456965f1eafeda1e836ddbbdf4d7685289ab4178b1,RAIN,DAYLIGHT,WET,DRIVING SKILLS/KNOWLEDGE/EXPERIENCE,2.0,34.0,3.0,3.0
14cd7d3237e1abfcf68212ed656323a578c757f54b8ace11bbc0c0b92b163a54833c3fe45db815009978fec5cc970a03c21674050d78dac3107728caf4f426c6,CLEAR,DAWN,DRY,FOLLOWING TOO CLOSELY,2.0,53.0,5.0,5.0
14cd8408dc462ac89c854d824a40500494bdaa2c45196e21c3c3af5ac24c20fcd0b12c65a988dd3623b2450bb60c0bcc6901d4d39265a30afc60b9207eb21368,CLEAR,DAYLIGHT,DRY,DISREGARDING TRAFFIC SIGNALS,2.0,46.5,2.0,2.0
14cd90fd5c9a837acf51d1b2fcf357cf877b3897f0c492b3046c33b44180c2274214201861bfecec1ab728c9ef8fe6ba3c8b36be91a61d2340e9421ddcdf5e28,CLEAR,DAYLIGHT,WET,IMPROPER LANE USAGE,2.0,56.0,2.0,2.0