crash_record_id,weather_condition,lighting_condition,roadway_surface_cond,prim_contributory_cause,total_vehicles,avg_driver_age,total_people,total_injured
14cdac135e6d1bac444002c52b885107eb3f80c6c031aca09e7c6f1b655cf1f0336686455256094331edc400bd117e81169f8714ec78024f4e010c6b5a14555d,CLEAR,DAYLIGHT,DRY,IMPROPER BACKING,2.0,27.0,1.0,1.0
14cdbda2877e73457626fc5595d0c9b320a465c06223f37f5fec97e5a0683cbf7d090aa7976153a227bce71e0fdf52c9832723a5a03583f6a6e6c008054bda6b,CLEAR,DAYLIGHT,DRY,FAILING TO YIELD RIGHT-OF-WAY,2.0,53.5,3.0,3.0
14cdc184bbd6d9c44b70dbb05cfc4a42835e8be1fb111ba5e3c6caaefb93dcfaffd6861f1b75bd5e31172228672373a44b0007406a1c54063e27152f97506baa,CLEAR,DAYLIGHT,DRY,FAILING TO YIELD RIGHT-OF-WAY,2.0,28.0,2.0,2.0
14cdecb70e706360cc5a1c1a659c0285279ec032fce1481048277163395a3f50bab377812e32f23f812bc84c1c7663b000e57034de7f31928be96f96d628d721,SNOW,DARKNESS,SNOW OR SLUSH,WEATHER,1.0,37.5,1.0,1.0
14cded8f4b30fa017eb87e9b4ac64b7c87cb204342a6eb194b66d2898165a4e45dc5a4698c50c9e711bd9c625acffaf6218085397a0cb19f7424c6943edfa25b,CLEAR,DAYLIGHT,DRY,FAILING TO REDUCE SPEED TO AVOID CRASH,1.0,55.333333333333336,3.0,3.0
14ce58c0da1b8512c1135256774fe0d9b758ac635588b06f886c393efb347d6822856205ca104d950912e4f886a799d5b760d1b99dea82b262ed190b87ba7631,CLEAR,DARKNESS,DRY,IMPROPER LANE USAGE,1.0,36.0,2.0,2.0
14ce8fed191a1dc18d3c6ea3fbad3e321157f718f8243188fad1c7996547e30ac923c28024bb7b41a001d2ee8993ccd91da9345bd2cd77bce617a2155258cc74,CLEAR,DAYLIGHT,DRY,FAILING TO YIELD RIGHT-OF-WAY,2.0,24.0,5.0,5.0
14ce9bc6b6058b0b8a314a2f54116016ae8c6bf4a4c6c3318ced0e469c8148dfca1db0ea087987bba3a11ca7221445e4e44295b38a24a568a32090a33c8cccc2,CLEAR,DAYLIGHT,DRY,FAILING TO YIELD RIGHT-OF-WAY,1.0,38.0,2.0,2.0
14cea07b057492d2ec3a09dafed9a0500ef98c6af9b059124fd60b0a348bd39aa7fcc857bd2a49c3504285d60c6355fc953ce4795d5c46bbacdcb91570335938,CLEAR,"DARKNESS, LIGHTED ROAD",DRY,FOLLOWING TOO CLOSELY,2.0,48.0,7.0,7.0
14cec8c0388887d01a10ffa89116f8823c77375a219bd5dd749ad2dc0dee1ae43720b38917f9b7368bd2ac0241d1d89d4a167690df18639b00f418de086e749c,UNKNOWN,UNKNOWN,UNKNOWN,IMPROPER LANE USAGE,2.0,38.0,2.0,2.0
14ced021c3c43b44e6dd4b6948b5241786862a12cf5bcc399ba4f31decc7a876f4bfbbde87ff5fe980622d859da405a945b4862ae072f4342c951d3b59c9377b,CLEAR,DUSK,DRY,IMPROPER LANE USAGE,2.0,32.0,2.0,2.0
14cf0f158356d2fd2a2a5f94f275b003598978c723d18fb6aa860cd52070381c2f3d73d255392848b3fcf8c5e9aa0be0e0e879e87273846198e3d27577ee664a,CLOUDY/OVERCAST,DAYLIGHT,WET,FOLLOWING TOO CLOSELY,2.0,37.0,2.0,2.0
14cf39b3bd55eca6962f7c7ca84bd307f4ca3f492e00506eedb207b80e593cb7949b630b36b92a52fd691d5efaa2cf8f696f7a60ef8027092a3d4727427e909e,RAIN,DAYLIGHT,WET,FAILING TO REDUCE SPEED TO AVOID CRASH,2.0,43.0,2.0,2.0
14cf3b2f4c40020feb2fd862dd6ff8b4f2ecc86ee68ee63059d0380f8dc366ed4c9e17944df61ac9e7cfbbd7e65d714d37dfc47ace64b9ad5b1ae3596ee35b8c,CLEAR,DAYLIGHT,DRY,FAILING TO REDUCE SPEED TO AVOID CRASH,2.0,71.0,1.0,1.0
14cf6e206c77a0521158830e855d8af26456fd2ccc463ffa5b432e01280e4d60d4121978a36ec24f8dc67b7c321e48fe31bd01b153c0eeb8e63e67bc26dc537f,CLEAR,DARKNESS,DRY,FAILING TO YIELD RIGHT-OF-WAY,3.0,37.5,1.0,1.0
14cf834a737afd0d3eef77b48f5b8efc4606b8f98737d2f950febfb03e28879dde47d4cb9d2787d3b039127164678adf6e950311b88f3ac11524b5f70217e34b,CLEAR,DAYLIGHT,DRY,FAILING TO YIELD RIGHT-OF-WAY,2.0,49.5,2.0,2.0
14cf9764e9eae07e8fc232ed88faf8bb75b3ea14b683891d1d158051c5ec7e4683425a7c08b26aeddeae63407a9de85f6c3a475213dc330cd263c7d41331b78f,CLEAR,DAYLIGHT,DRY,FAILING TO YIELD RIGHT-OF-WAY,2.0,31.0,2.0,2.0
14cfadd268ca3c930929f76e1ab0db4cd04bc9149e3b50ad9a129d30f19d2355956c4665cd494b72c0cd2c2e0659ecdb2e5becfeb9eccfadfc3c84b99de64e1a,CLEAR,DAYLIGHT,DRY,"VISION OBSCURED (SIGNS, TREE LIMBS, BUILDINGS, ETC.)",2.0,45.5,2.0,2.0
14cfcc2056d00cb18f4153f89d5185eb1205eb57c6350d1027f8e349614a0e9c95f123193d7f78aaecebd82a9a70efebfa5c36c5aedddb2b4b6adc9e748fc754,CLEAR,DAYLIGHT,DRY,FAILING TO YIELD RIGHT-OF-WAY,3.0,27.5,4.0,4.0
14cfd3e1a2ee74df5f2872453cf047b54890e1855fa5a127204083ffb4d5424774aff1206206b1b5a5e909c732361457ff683dfe4f1f11706b6ba1e762aa9a7c,CLEAR,DAYLIGHT,DRY,FOLLOWING TOO CLOSELY,3.0,38.0,3.0,3.0
14cfd4ea55036bd49ea320e377d534d686e812110481837fb0c281ada9786e787ee97cda38310b2525a9154e73b9b80c9db079b438b89d4cb353c2969a71d5ed,CLEAR,DAYLIGHT,DRY,DRIVING ON WRONG SIDE/WRONG WAY,2.0,48.0,3.0,3.0
14cff9256b289f38b27c337ac32cb91f9bf30c6249dbaeabf9891bbda3110609df4037e922a492c00f7e2e50c37f202fd4f0e7669210deeddc5ce51f61ec2c33,CLEAR,"DARKNESS, LIGHTED ROAD",DRY,IMPROPER TURNING/NO SIGNAL,2.0,44.0,2.0,2.0
14cffb465107b33e075f5e28971c963e6e8a4153306d912e9d5a31ce92b14efa8724ef93bb1d4c4d1348d6f73439a8b0b40ac470119a616e28b71144e04e6116,CLEAR,DAYLIGHT,DRY,FOLLOWING TOO CLOSELY,2.0,56.0,2.0,2.0
14cfff1cef66ee604d279029946495bc5087b842ee42b529116314dc7f747421382163af8ba0bfaf0b13bdf0bcf4b9f5d657476ef3459533f1e8a1081e360fec,CLEAR,DAYLIGHT,DRY,FOLLOWING TOO CLOSELY,2.0,24.0,2.0,2.0
14d0289977f347e34c5a4795f712a14b683b5f5c961e087d20d0adff0790768fd2807f8fbccd44c3d45420fd7ad665b0c8fd76b4545b8980c3dac235c1f0f2d7,CLEAR,DAYLIGHT,UNKNOWN,IMPROPER BACKING,2.0,37.5,1.0,1.0
14d0446ae0fec3cf804f1c4ff2a518ee0ff539839001c1122f727ada6f4945578ef86e1419333aa2229cdde71264e47d223747d0a91676e2cc0e5e20595e77e2,RAIN,DAWN,WET,EXCEEDING SAFE SPEED FOR CONDITIONS,1.0,20.0,1.0,1.0
14d0c1c4080c79887e4b7deca174d824de152520d6829e588409b8b95bf7c637955bbfb962fc954ad64b559192bfe96a7822287f595fe3a4ed85237c01505373,CLEAR,DAYLIGHT,DRY,FOLLOWING TOO CLOSELY,2.0,59.0,2.0,2.0
14d0cfb6b7fdd226c4235a2dddf37639ff701338efaffaffffe9b4a6267ee08d3f0a5791bc295a4e751b178bcfc7ff7380f435437653bc838c531238e4870206,UNKNOWN,DUSK,UNKNOWN,IMPROPER OVERTAKING/PASSING,2.0,43.333333333333336,7.0,7.0
14d0ea23fdd15ed7a19930340bd76b2ed796beef2e12f813008c9bd60a5d8b76922123a5fdfb75747f1f0e3a748f49e71bb2c2617af4ef801fcd2b6e6cf0d34d,CLEAR,UNKNOWN,DRY,IMPROPER OVERTAKING/PASSING,2.0,37.5,1.0,1.0
14d0eb1b6df026b9fd4cbef5dc4b5b9a02e4da0ec2379a2259942d2ade4979c6250bcc62c1e36653f6a17a16793d0814671bac42ec93802272a69ca6790b1cee,CLEAR,DAYLIGHT,DRY,IMPROPER LANE USAGE,2.0,29.0,2.0,2.0
14d0fb4b6d2ab20c0259c331fa98bc1ab76613c30fb21cea71e5b1db1edcad72acb48563eb5e95ae8774a77ed38fe91c7bc993651e3338bdfb9dd4608473209a,CLEAR,DAYLIGHT,DRY,FAILING TO YIELD RIGHT-OF-WAY,2.0,37.0,2.0,2.0
14d0ff002d3b80875e0e06fa1610fe46e75a2b62c0b8051ca15f13c9119f2b2255780cbdbe14519a0ad303cbb3bfdafc10348436cea0f92ffea1a4eb14fab962,SNOW,DAYLIGHT,SNOW OR SLUSH,WEATHER,2.0,50.0,1.0,1.0
14d123821a65d0a4b570646fb482bdb6fecd55220f706b331e181c3f7c9e7c0a64b6725ff504c48db66b4108078afbb5c24f226c584cd96492873fc2cd8acb2b,CLEAR,DAYLIGHT,DRY,DRIVING SKILLS/KNOWLEDGE/EXPERIENCE,2.0,61.0,2.0,2.0
14d14685b96a02d686acd36e05c1a7cf3bd769db00562c2a885c901cc05f222cf8e9c774d086bbbe10b0ac78ebab5b0fe028ccb6f8c5a03d38f3113d86ea9154,CLEAR,DAYLIGHT,DRY,TURNING RIGHT ON RED,2.0,21.0,2.0,2.0
14d14e077536f318876be5bea17a9e2a5e7001d2bdde81e903655383eb7784b8853224e13c2299db3567fbd8e287bb40889cc95734a3b4f064131dbed1c301aa,CLEAR,"DARKNESS, LIGHTED ROAD",DRY,IMPROPER TURNING/NO SIGNAL,2.0,17.0,2.0,2.0
14d19951f802fb33ed70740289220defc499d1005f571dff85fa8b327d7e56ca81969defc49679d374c02ce7235a4fd2438cd03b87affee35a6033552561ea1b,CLEAR,DAYLIGHT,DRY,IMPROPER LANE USAGE,3.0,39.333333333333336,3.0,3.0
14d1a4649db7c2eb0517ae12684b60c867da3c1054c1c8f8c8bdf9bd9ab6c5545c9741a7f8f8db14287c9dd9633f6a52d3794df87c3e9b1037a66c9679c65bb9,SNOW,"DARKNESS, LIGHTED ROAD",SNOW OR SLUSH,WEATHER,1.0,35.5,2.0,2.0
14d1bd9037487d69432b753bd2fa9fb4599c5af068c683b0ea197d2aa72010df31b97b47eac3327fb60459abb90ad9f601e2b75d153b574625665c2362f64bf1,RAIN,"DARKNESS, LIGHTED ROAD",WET,FAILING TO YIELD RIGHT-OF-WAY,2.0,24.5,2.0,2.0
14d1c3c08bf8fb7cc54b921efb87d9a75f0b34ccb306705bc66b05d10b06698338c81e467168fa5ef15a284f4c2a3f37053bab9403719caf8bb52b42818428e1,CLEAR,DAYLIGHT,DRY,FAILING TO REDUCE SPEED TO AVOID CRASH,2.0,37.5,1.0,1.0
14d1c58865ecb0d38b698738a5ea621358cbc5cc3a45fba74b65d77fd2389b4c00f2b912eff3279a7dcc88dbeedefea3ef695f0cdedbcc5b8a18f6eb083319a0,CLEAR,DAYLIGHT,DRY,IMPROPER TURNING/NO SIGNAL,2.0,32.5,3.0,3.0
14d1d9158f7795d2d39695b28038d59339b892c0cadb4a1894ec40b343ebab0f23804013b1358945cc6ea7512e26f9f1d111dd23ebba10aa31a67ee1213615db,CLEAR,DAYLIGHT,DRY,FOLLOWING TOO CLOSELY,2.0,31.0,3.0,3.0
14d1e7576f70398b623023997bfd950dccf80e17f40b30b45d1f6e044d6ecb1c78d146c8b79a15a5bf166d467b693d6ed381cc78f463ff94deb6f8d9934fc341,CLEAR,DAYLIGHT,DRY,FAILING TO YIELD RIGHT-OF-WAY,1.0,26.0,3.0,3.0
14d1fe8abdc5a0d1674a9557efef7b41b2f3f70fdaf13cb54b8e5843bbd34ca1346c2c3ea04c0a0fa9e1f5cad04179de27be38b1d1978dace029f0f864836c02,CLEAR,DAYLIGHT,WET,FAILING TO YIELD RIGHT-OF-WAY,2.0,38.0,2.0,2.0
14d1ff64bfbb81c31623b2ddcd8936a522b2d0adba4e2e9423eb11763d149eb474cc4753b34487c02d63b2d68fba1e4b34ea28e1dcb82b6bb7f37601d7d5f7db,CLEAR,DAYLIGHT,DRY,IMPROPER BACKING,2.0,78.0,1.0,1.0
14d204c9dca550c46c74f5f64edc13217511e5349c3866a1fe98727d20c3a28363ff611bedbb3c19c7cbd992b8c4347efca9d134b6efe20a754e22a3c9886d43,CLEAR,DAYLIGHT,DRY,FOLLOWING TOO CLOSELY,2.0,35.0,2.0,2.0
14d229160b0fe0d14848abe1cc4a94fbc4d86f935b00233e95ca6a37cc49a4b194bf134d7b0e08ba769d500718c827d5fb13965f073fc5c70ea65569d5160262,CLEAR,DAYLIGHT,DRY,IMPROPER TURNING/NO SIGNAL,2.0,65.0,1.0,1.0
14d2321d6fc900a0a07377e031fd7fcb2d9fc68653426701e96708c2fe3ef37dc272268dfa047045d4ae8569b50535ef015c8c219c13f5a077badf61eecffa55,CLEAR,DARKNESS,DRY,FOLLOWING TOO CLOSELY,2.0,48.0,3.0,3.0
14d2559e3b44f9d880d3a1dbbcb0ae10b7bf6526fdd3d1e5bd0ec53ec6f935388142f84d17ac9382bc6face45cfb6829e39cfddaf08b6b3e5efdc11b30ddc81e,CLEAR,DAYLIGHT,WET,IMPROPER BACKING,2.0,65.0,2.0,2.0
14d2863246f1b0eb2b414ef19d7ca6b7eadb54985d90d45b171d505175a05fdd5c1d42c411412cc29be245cbe4abca6f2b025ed46d228d51cab6ca7dc88c41cd,CLOUDY/OVERCAST,DAYLIGHT,DRY,FOLLOWING TOO CLOSELY,2.0,52.5,2.0,2.0
14d2b12e302a854da8c61858d2499185d6d090225f3e4f97c40c944a030f9d358054c0e353aaeadb3bf38d96df251aa52ef52cdc341079d92e6cf9e1baab1645,CLEAR,DAYLIGHT,DRY,FAILING TO YIELD RIGHT-OF-WAY,2.0,49.0,2.0,2.0
14d2bce8f2d20d35cd2fdb7484f8b735e1947c990ef97d58b3fa87631a5e932aeb0eb3390b2a83b5c6ae3e0bd636b67f3034308f524ebe854faa2dcb6502b330,CLEAR,"DARKNESS, LIGHTED ROAD",DRY,EXCEEDING SAFE SPEED FOR CONDITIONS,4.0,25.25,7.0,7.0
14d2c0e7be7342f805e4f6e433ef202ecdc24edc47f107716613bb5aaba26e902ba18afd36c587c56b8750f91ee9151eb18d3b01701a5d0289982e98fe34e673,UNKNOWN,UNKNOWN,UNKNOWN,FAILING TO YIELD RIGHT-OF-WAY,2.0,31.5,2.0,2.0
14d2cf5ac33736d327701e29933b73d3fe738970d1385a9db4d9a5f26ecdb67e759fa564f76bbc909c1f4802c89ee369c4c15f8596793dd11c8d0df734263964,CLEAR,DARKNESS,WET,IMPROPER TURNING/NO SIGNAL,2.0,50.5,2.0,2.0
14d3032a2521464f2ccabe1315ef2057280fa869701ae2ef17636c161493f4c7b0b10f86519dda1252acdaeb210184631e9ab781e13502a6bd594b9e4d726916,CLEAR,"DARKNESS, LIGHTED ROAD",DRY,DISREGARDING STOP SIGN,2.0,29.0,2.0,2.0
14d316a2ff353325ff027a5a16aef6767667fca04f7b607ca0822fec18781c4e711364d5f1796158f5f14bd7bf724dc51798cbc77ef48014318236c7b3037271,CLEAR,DAYLIGHT,DRY,DISREGARDING TRAFFIC SIGNALS,2.0,80.0,2.0,2.0
14d31e104c5d5729e164c3950854ff73ad94482c9ac8266e1c1f577b47e8f977f788a4abf0dad9f14bc173fb1019af452ea770054630f3eab89d32812622efda,CLEAR,DAYLIGHT,DRY,IMPROPER LANE USAGE,2.0,37.5,3.0,3.0
14d34a29252eea74b08a0a1042d7be4873b0136eefc06c007534aae36b9c240b3a49a11b1c0bac9e1e24dc67a4b1f25b2a558bf669870af18653dc1d38c36759,CLEAR,"DARKNESS, LIGHTED ROAD",UNKNOWN,IMPROPER LANE USAGE,2.0,40.0,2.0,2.0
14d35b4132182d5d2ee0502c42a28a9710a6d8ae1208335629580593b753202d8f7f285865b9b1009204dfee9c20b929bcaa19c7f4324db712fd56ea666400f0,CLEAR,"DARKNESS, LIGHTED ROAD",DRY,"OPERATING VEHICLE IN ERRATIC, RECKLESS, CARELESS, NEGLIGENT OR AGGRESSIVE MANNER",3.0,19.5,3.0,3.0
14d36dfa02c5d584ff4d2b064adc4eb8d66c30b62fa34140cb8c0c12ba9273e4c3e3af0db4c218a0a61f43f5bd7d730306d93bbcb6ae52f8378bc56d37eaea6a,CLEAR,"DARKNESS, LIGHTED ROAD",DRY,FAILING TO REDUCE SPEED TO AVOID CRASH,2.0,26.0,2.0,2.0
14d38e2fecdbeba9794bab7cb9379693e867241447b7c4b8ec3874ca3e755c7690160a2a5b11b4baa60d79af15174d22f6edf1d9f294ce6802f452ef61ee8539,SNOW,"DARKNESS, LIGHTED ROAD",SNOW OR SLUSH,WEATHER,2.0,23.666666666666668,3.0,3.0
14d39b151266cbfb763e06092ebd49da34115456afbee059508ac96cce6c4e0bba6bb838ed0fd4ea974d1f63ae5b2d1857442fa5b0d69f52594a6e25a97e5195,CLEAR,"DARKNESS, LIGHTED ROAD",DRY,DISREGARDING STOP SIGN,2.0,46.0,2.0,2.0
14d3a3735ac726ba7e124b3a999380469bbc6720d066fd4bb7040cc6c7e024967158685857838a9e364904107ab4b00e949c1d494038697ce1cb917cc418ab49,RAIN,DUSK,WET,IMPROPER TURNING/NO SIGNAL,2.0,40.666666666666664,3.0,3.0
14d3b3ca64cd357b06b87b628f46041f94f0680eb901be310e5db3cd55e40729ed2a6e27060231bff4d428e4e7343522da799d6564f022cc0658e79873cfa6a9,CLEAR,"DARKNESS, LIGHTED ROAD",DRY,UNDER THE INFLUENCE OF ALCOHOL/DRUGS (USE WHEN ARREST IS EFFECTED),2.0,28.0,2.0,2.0
14d3d84cbb5dbbf14a206c8b99579548ae01e8a1d9eaef052905d3342ac6fa4cb589c504ec6ceaa1b12d7ddce2fa95e5c1ae09ea18e9b60b16030545e46cf79d,CLEAR,DAYLIGHT,DRY,IMPROPER BACKING,3.0,37.5,2.0,2.0
14d3dca1984833cc89980b6c399c5ce4f719f5544069aca15bd53cf85eb2b2b8692c338c41362bcdeb1e5acaff0636b379997af4a8f013008f93752750ccd9ca,CLEAR,DUSK,DRY,IMPROPER LANE USAGE,2.0,30.0,2.0,2.0
14d3f1c5f3effbd88108975ffdc8ce5c39909112a5cebbf24128946f531044ad3da7a639a7f5079ab0ba9f0ed41abbc5d6a9a8d8ea04cd97feeba09d0c1c27b7,CLEAR,"DARKNESS, LIGHTED ROAD",DRY,IMPROPER OVERTAKING/PASSING,2.0,21.0,2.0,2.0
14d44411c73015bf2811d529122c536f95ff3c890ba451a29c3a2cb110f450a866e85af3200447f9b9d47a4444925664f1074ee06a6e0aada8b7ce935fa7d79d,CLEAR,DAYLIGHT,DRY,PHYSICAL CONDITION OF DRIVER,1.0,40.0,1.0,1.0
14d44e344c6ac5ca23c9427a40c3a4514d8c2af42d9fea8bb0a6dbf29d4b3426b1a970093a4c64fbd14331cf7b9383d71d2c78899ee3a8124825d484ffd73fc0,CLEAR,DAYLIGHT,DRY,DRIVING SKILLS/KNOWLEDGE/EXPERIENCE,2.0,46.0,2.0,2.0
14d47b626f5753e1cc60d6a35583b25674b4368dbd114c2a9b46c49a9af49adc8e3574458d75d4ccd8d9d8aab2a590510293e182f5a7995d10893a5cb696fdfb,CLEAR,DAYLIGHT,DRY,DRIVING SKILLS/KNOWLEDGE/EXPERIENCE,2.0,34.5,3.0,3.0
14d47f378555523ce8739232d673cdf59ce4ef41526ffa99e05d8765e401beca50ea17892b18522dd1a3b137a7f15ba08095a634b5330470e029758afb4c9cc2,CLEAR,DAYLIGHT,DRY,IMPROPER LANE USAGE,2.0,63.5,2.0,2.0
14d48663151ec6942b08a3d49a15e895d3c4198894c5cb89cc62c3672c808545dd55fa8bd2726c746dc9616cede39c7a5b7c4a2427dd824b0b461e86be5c26ee,CLEAR,DAYLIGHT,DRY,FAILING TO YIELD RIGHT-OF-WAY,2.0,37.5,2.0,2.0
14d497240a3bdc7d607eea0a9e6ec91a7cd4fc09cae3ca7144b80e19936c5d339ed64867d0aba976b0e4c51dc1c149a2812f3e4cf0ccce065d70e915f48080e9,CLEAR,DAYLIGHT,DRY,FAILING TO YIELD RIGHT-OF-WAY,2.0,50.0,2.0,2.0
14d49cc8280f7563f6953b99f6ff70bfefb6b602ad988da16d5c64947843a30d9efa611def24a7d69d9413d98bf5505bae64b9d0087be16466d879d4d08ddd20,CLEAR,DAYLIGHT,DRY,IMPROPER TURNING/NO SIGNAL,2.0,30.0,3.0,3.0
14d4be18e4ff19917fdc7ace24465b3442e1ca9de50e00ac28e37b7573eee842be94843c7649845b2f193c39885315c7dcb29b927297ca038fe5eacc50782b80,CLEAR,DAYLIGHT,DRY,DRIVING ON WRONG SIDE/WRONG WAY,2.0,69.0,3.0,3.0
14d4e3963d036fa759cb3f3503bcec173acee5757348644b362603b7e14fb4fd9f077c0122f75bc881f1458724a6d84af1805c479f625a37b21c503a9a968f9d,CLEAR,"DARKNESS, LIGHTED ROAD",DRY,DISREGARDING TRAFFIC SIGNALS,2.0,18.0,2.0,2.0
14d4eaacc43c3386dda10dbc1a5aba767fc2cea3797b3704afa7ff3e20275b8a6698349ed451e57739e46ed649134528b9dfb4edaa25415b7132ae1b5a26e75c,CLEAR,DAYLIGHT,DRY,IMPROPER LANE USAGE,2.0,61.0,2.0,2.0
14d53f3c970ed126e0d8641c8a11af3ebd750ee31020d0058428f30ba5f276726e2f53087ba797e07d74fe90f9e676b511b3cc83b57d2760ca7f730f134b5079,SNOW,"DARKNESS, LIGHTED ROAD",WET,EXCEEDING SAFE SPEED FOR CONDITIONS,1.0,49.0,2.0,2.0
14d5615f6b2e9aa827971b49ede20fc1e8c4b0aa03ba000a63756dee6105450ddf29c03d62315ffad8d586ebe070d3162fd0be771dba2984e038714e9b3ce0ff,CLEAR,DAYLIGHT,DRY,ROAD CONSTRUCTION/MAINTENANCE,2.0,57.5,2.0,2.0
14d570183245ad7450a3831f546aa64488e15f51ec4f9535643ebafef1c9f30f6287841eed9426b49fb34df28024a40006de0652e79ed76d42cd5cbfb1780f93,CLEAR,DAYLIGHT,UNKNOWN,FAILING TO YIELD RIGHT-OF-WAY,2.0,34.0,2.0,2.0
14d591ae3fba68f72cc39623d2e78c3cf7831792e6c9a9f1bbecfe16c908dbfcc9fca0e56d9625605fcde03aa141a1e1f7ef2234c0cfe223ebf3a54228d8efe5,CLEAR,"DARKNESS, LIGHTED ROAD",DRY,DISREGARDING STOP SIGN,2.0,21.0,2.0,2.0
14d5a4335354efb196be6ae8124a80b5990c0bddd236fb6c37afc57a963e0760ada211866a0e7b91b199997201273a777bf6b28905d4954bbfbd47b15b551383,SNOW,DAYLIGHT,SNOW OR SLUSH,WEATHER,2.0,48.0,2.0,2.0
14d5b186ec16f159cdaacc623f0cc90d5cdb9c38289b7bb4102ced1ed11c275bb51285f48fb438e52897d8e75c793ba19cf71f4e21dd9d818aa9f8121f0c7791,CLEAR,"DARKNESS, LIGHTED ROAD",DRY,FAILING TO YIELD RIGHT-OF-WAY,2.0,42.0,2.0,2.0
14d5bd214cf13f4a51a59eb081f077fd88e9b6ee4256b36f94b00883db88167f0aee16d334ef4ddb8ff53885bdb2d0a0f57c1958aa27d3dddb63e20aadfde6f4,CLEAR,DAYLIGHT,DRY,FAILING TO YIELD RIGHT-OF-WAY,2.0,33.0,2.0,2.0
14d5cdefa26b9dee2d0b87cd66834c57beba5a8fca08a70191de25b7b5c7bf80c4bfe5b2f1969671454157c0710c586b8147f774c24c86ec7135cff6a98753be,CLEAR,DAYLIGHT,DRY,FOLLOWING TOO CLOSELY,2.0,38.0,2.0,2.0
14d5dfaea1aacabd2d0649bffecfee1ba84c513b0abce302dbd3d54cbd2503077fcbe4a6082303a949ef595fb6f7a0a3ce38bc271aaaa7e2638ffc171aafa9b3,CLEAR,DAYLIGHT,DRY,IMPROPER TURNING/NO SIGNAL,2.0,57.0,2.0,2.0
14d5ff181f1394d8023dfbb3dd659676980eaa8b3c90a55df0bbd34fe00e2057968960b16bb5b9835c42820cf77cf17910a91e0d489ca27d2473d830d98ccab0,SNOW,DUSK,SNOW OR SLUSH,IMPROPER TURNING/NO SIGNAL,2.0,56.5,2.0,2.0
14d608b6fd68991eba03160eddbbdc9d91e3fc5ae0702b1ba3e32d835ea9cb81732049befa421cfd6978fb72f1402fb0082e87d1089b79926bb39d3a447c4a39,CLEAR,"DARKNESS, LIGHTED ROAD",DRY,FAILING TO YIELD RIGHT-OF-WAY,2.0,22.0,2.0,2.0
14d63d1038914540e552209dd47f8d22e14831a307e064b8851436eb319a6262192daf4a0fd6fef5c31650edaa9b27c40a07877c644947584e7209d7e31a9739,CLEAR,DAYLIGHT,DRY,IMPROPER OVERTAKING/PASSING,2.0,42.5,2.0,2.0
14d642b038031965b96184e02b8458c9657a5da14329c74821c7f2ba4d547f7444e6fe5881a200f7fcd3bd26e485eff3af07af8b3d1841b1449b26d7b400e765,UNKNOWN,UNKNOWN,UNKNOWN,IMPROPER BACKING,2.0,39.0,2.0,2.0
14d64f871703fd1c184757dde33051aeb22837dd2b8535990b01f2635088a6ef220811efd87a982e7466b9ff287292cc07381b7b3fc2799c2faa8968db864247,CLEAR,DAYLIGHT,DRY,FAILING TO REDUCE SPEED TO AVOID CRASH,3.0,32.0,1.0,1.0
14d65047235a79c4691f325760790c9c7d0f1f8677c175293e3382c26cbee8555b9e1d100b2d465265e79f72d29484c12bb7703d735e1800befff7544f905de0,RAIN,DAYLIGHT,WET,IMPROPER OVERTAKING/PASSING,2.0,11.5,3.0,3.0
14d6a5a5104affa1b7c2cada25183bb72a15a7985b89d8cd46d9cf5c4bba77a471df95a44aca1b216cab89513f3a45500b9ddba2d4c1d6e762a7faf8785172c2,CLEAR,"DARKNESS, LIGHTED ROAD",DRY,FOLLOWING TOO CLOSELY,2.0,35.333333333333336,4.0,4.0
14d6afea795b9ca9fadeacf9d168c6bf24ec052b5ecb98e90acae754b264fb1433208dddb4527603d61e7e2e49abaedc29dbe406da7e9d01c70c0b9052f3f724,CLEAR,"DARKNESS, LIGHTED ROAD",DRY,ANIMAL,1.0,39.0,1.0,1.0
14d6d770608c36a1d06529b70af997018c14eb742b2fc3e19de405762413931148148e85431b87328d5e8b653d6a80c969eebf3787bd967a918bee514fa11803,UNKNOWN,UNKNOWN,UNKNOWN,FAILING TO REDUCE SPEED TO AVOID CRASH,2.0,37.5,1.0,1.0
14d6e0a4e85bbd5e2b0bef64a61cd190d4bed7b44b18a2b665489b902f4d2abb5424ee5b007511fc924381adb510fdfafa066f5a6f7594df1ea97e74d5dbb537,CLEAR,"DARKNESS, LIGHTED ROAD",DRY,FAILING TO REDUCE SPEED TO AVOID CRASH,2.0,23.2,5.0,5.0
14d71b23c7ae111b4655e86ef9c3a12e67fb1a1b5e13ee8efff08519e68abb86d23246e539e1618be6f32abe71ca4fd2d70d43f0f50080df25cf498766d8f1bc,CLEAR,DAYLIGHT,DRY,FAILING TO REDUCE SPEED TO AVOID CRASH,1.0,18.0,4.0,4.0
14d72a7d5dd79ff766e4cfe3ea433dc754aa9d77616abe09ddb7b7d253668f0632bf54d18e8b53fd7c4b2ec188187eff850585c5bab22b101ec368f319844821,CLEAR,DAYLIGHT,DRY,IMPROPER OVERTAKING/PASSING,2.0,81.0,2.0,2.0