crash_record_id,weather_condition,lighting_condition,roadway_surface_cond,prim_contributory_cause,total_vehicles,avg_driver_age,total_people,total_injured
14d735b2068198c785b0449abe59c143ccf8fe564776ad9b35f08e29b077ba8f1473b550d4db70002f925b5254e251f7b31c83953ea8796b796cea914105a034,CLEAR,DARKNESS,DRY,IMPROPER OVERTAKING/PASSING,2.0,37.5,1.0,1.0
14d73b2f621affd7e06781f683f13cf22833f31fcffd231ec88cb6471604229cd2c0acf0437ae675166ed271533574043d66a9f8bbf19cc77884d9e53e3bdca4,CLEAR,DAYLIGHT,DRY,FAILING TO YIELD RIGHT-OF-WAY,2.0,34.5,2.0,2.0
14d76bfe63be44bc9564e0e68618c059350caf1db99b7d80709cb49ca1c9aab23d465f05b8f96e9102fcde66e58bda430b8dd7f7b5debac32d2c04c1f318a6d7,SNOW,"DARKNESS, LIGHTED ROAD",SNOW OR SLUSH,IMPROPER TURNING/NO SIGNAL,1.0,18.0,1.0,1.0
14d771b458f6f35409f211aca8bfbd9bb93f0dd520d4a21ef05746be62c352218db8a6660e2267d501c85bbd15b5c9c6e342d980690e848662ca9788a256d8a4,CLEAR,DAYLIGHT,DRY,FAILING TO YIELD RIGHT-OF-WAY,2.0,32.0,2.0,2.0
14d77c6d87d5edc2b9bc8e37e35f5cfc2c4d26f68dabb1637106df9305aceb06bc562f6db6cc99d243b6629b8e814047319952e78fa6d04f074c9c7a5fbb18a6,CLEAR,DAYLIGHT,DRY,FAILING TO REDUCE SPEED TO AVOID CRASH,2.0,40.0,2.0,2.0
14d791e46f9edbd590e1d72a28122e42ffa7bed3736bbdd6947b610fc4e59efc36449157035efd231260ad9f45e5c5d5c1679ec0f140f03a0841f2e714fef70d,CLEAR,DAYLIGHT,DRY,IMPROPER OVERTAKING/PASSING,2.0,58.0,2.0,2.0
14d7bdec1889998010dcf8f5389309de65d48d9a17397721bc61cb63219973f52f2e9947589066e748307717c684b14aa90ba071a5b7d889d09d55fd9cf0c431,RAIN,DAYLIGHT,WET,WEATHER,2.0,39.5,2.0,2.0
14d7c6ac2c4b70ad1a5c78edfcbfde1e13229918066ff73c751f3278aa92336fd8dcc333edc1bf69a5b0309d14c22e35386e0510396f03859c3a7ad0c44a8832,CLEAR,DUSK,DRY,FAILING TO YIELD RIGHT-OF-WAY,2.0,41.0,2.0,2.0
14d7f30cba1b002d5bb2bd43414f6955d6dd4aed2ab947d9bb2b9734905a5c4534ed9e7f3d763aae081e7c78128e6430791111e36c1fa8f945bb78d5a3189ffe,CLEAR,DAYLIGHT,DRY,FAILING TO REDUCE SPEED TO AVOID CRASH,2.0,33.0,2.0,2.0
14d7f53ffd86ba17480f20788a0daedf6e5ffa806e2ebd99994d00c39156a97d86000889137064543f1ce2f99dab4c2983d610a61013cd251914066c6f2c0d70,CLEAR,"DARKNESS, LIGHTED ROAD",DRY,IMPROPER OVERTAKING/PASSING,3.0,19.0,2.0,2.0
14d8343e24894468926704ff8005c809ea498f74088d39d3e9033b7df49fb82a97ab559690f40c2d6037836de262f474ae6d2e51e05156058de99a5571713e89,CLEAR,DAYLIGHT,DRY,IMPROPER LANE USAGE,2.0,27.5,2.0,2.0
14d856e6635af32f9fda193d13bd0eee68ff80468e97dbb81b43fc66cae91698546af3b958afa225644d231477640dd8f13c7eb9bb957ad817b38cba4f18c47c,CLEAR,DAYLIGHT,DRY,IMPROPER LANE USAGE,2.0,29.5,2.0,2.0
14d866a2657cde09827d32c23a331e363c391e25d0981f4b3923a8149ba5a8558e4caaa954b1625443886ea69d7024420c9d76f78f0912666e7053cd652be76e,CLEAR,"DARKNESS, LIGHTED ROAD",DRY,ROAD ENGINEERING/SURFACE/MARKING DEFECTS,1.0,34.0,2.0,2.0
14d8683a78f7adaeb05b169304eaca11f5e6595567b9d4ae0da228ac82814cd7c02b4ddcf671c523f5bfb10b37060b090b4bbd7f28e449d55d8bae9b101113fb,CLEAR,DAYLIGHT,SNOW OR SLUSH,"VISION OBSCURED (SIGNS, TREE LIMBS, BUILDINGS, ETC.)",2.0,39.0,1.0,1.0
14d8b4bc007ddd0114504d2972ecff2e33f958c105a8b96955e92f6399c6f584ab4a4bafea3ef6df99190129957a212ff3e346c265282790723c39d2637d6cec,CLEAR,DAYLIGHT,DRY,FOLLOWING TOO CLOSELY,2.0,48.5,2.0,2.0
14d92aeca5ecb63c761f6da55711356af5d7d354f721e8bb8ea9c20e7ca12b2f59bc5ac5a25aac38c4ab8e4f2b6f8a0b17458487b77f43677934f2fcac940bc7,CLEAR,DAYLIGHT,DRY,EQUIPMENT - VEHICLE CONDITION,2.0,37.0,3.0,3.0
14d9cc03e206910b52a5e0d051ebd725a26b216d6cbc759574adb1df63b9aab503503f8d741f6280d9465a3d14dd86c23d60f29bf12f32edc982902990e0864e,CLEAR,"DARKNESS, LIGHTED ROAD",DRY,FAILING TO REDUCE SPEED TO AVOID CRASH,2.0,34.0,2.0,2.0
14da0ee5ece9a838b939c7e7601c7ff2bca5b61423078b38893e9fea9f029e957233a8dc912aa51a055b4ef413ea8e4500d6bc5ae3e5a485512435147587ee8d,CLEAR,"DARKNESS, LIGHTED ROAD",DRY,IMPROPER OVERTAKING/PASSING,2.0,31.0,2.0,2.0
14da33f49841a469e64a8ab4b3763048bf17de9a759a5ebd1611a4793bf2fbe2e904ad192c67711772fa12b8460169ee7627a61537a131d6431cee5fc3aaf34c,CLEAR,DAYLIGHT,DRY,IMPROPER BACKING,2.0,53.0,2.0,2.0
14da5c4af72c696e3f5a7df599f7c5ea25e7b1095b9aeb432eff5fd318d81e808f1d678523d502ed7669de7d0bf7fc0f947f3eacf98395e30657d5466d38fe76,UNKNOWN,UNKNOWN,UNKNOWN,DRIVING SKILLS/KNOWLEDGE/EXPERIENCE,2.0,29.0,2.0,2.0
14da5df4dcf4cfd519de73766d29d77c4858629e548f72a8d980199f5cece1c024f5c91bbafa931b3e35f5515192c41892f7eb848a91e830c87cceeda789b40d,SNOW,DAYLIGHT,SNOW OR SLUSH,FAILING TO YIELD RIGHT-OF-WAY,2.0,33.0,4.0,4.0
14da8108c62228af84c8b9ccffcc008a8683be7733969a2376e29cb92fa630033b580debbea22e562917fa07af5696d9ffffc9cabc4253adb1d3428b571efc83,CLEAR,DAYLIGHT,DRY,IMPROPER BACKING,1.0,52.0,1.0,1.0
14da9061fff0c9d00117eff9a37f3fd8b522b63ee9e4222d979070d077e39f429bfd8ef9ff4b46eb5591c5bff49b820ddcbc715956dd06033ce7935fb6c6ed32,CLEAR,DUSK,DRY,FAILING TO YIELD RIGHT-OF-WAY,2.0,49.5,2.0,2.0
14da98e5b57a8830c212838ede02131dcde135d6dc4a95ed15a1e5fc375da98281b01d2d7662dc245ed2700aa751449a3d562732df56d60da853586c66fcc6ed,CLEAR,DAYLIGHT,DRY,DRIVING SKILLS/KNOWLEDGE/EXPERIENCE,2.0,41.5,2.0,2.0
14daaa78db41d0b7717b93332b54eacfee7d1be4d8f5304527d00e32d5a605ecd710eda684b7314b92444f401b33c64b3969a6a573aebefb9c411e2fd156114e,CLEAR,DAYLIGHT,DRY,FAILING TO YIELD RIGHT-OF-WAY,2.0,43.666666666666664,3.0,3.0
14dab2e890cea1e9b90792a6eaed00c44b705a9b28e4e8130516bcb69a650da0f10207b4e0ef8bd5cec57862ff043d90ab9072e06b5701ba58335d2f13a3a236,CLEAR,DAYLIGHT,DRY,IMPROPER OVERTAKING/PASSING,2.0,24.0,2.0,2.0
14dabf12407531a071eeaed05d4628c5a3b1c4520246f70972dd7a4a6fbf8e41919a99ed6bb268ad66688a3b43f7800cce2bcfd8e1cc261508a19f705c309778,CLOUDY/OVERCAST,DAYLIGHT,DRY,IMPROPER LANE USAGE,2.0,42.666666666666664,3.0,3.0
14dafbd295e1bb477667b27f1bc9a0c9c0ba12e83c1389bc9a57dce0bafea0f7abfe0d2a86c7ac1ecc19c5cc76f012afa1bd8eae57b149547f05a1e31175ffb2,CLEAR,DAYLIGHT,DRY,FAILING TO YIELD RIGHT-OF-WAY,2.0,17.0,2.0,2.0
14db0c3a6c313b63db61c7656d8fcb896e0dd809d2c773b5431446b56f336d0e9a8eb239f24d50c768b0beb3e38a2a050b071e9fc8f0c315be6b73271a958125,UNKNOWN,DUSK,SNOW OR SLUSH,FOLLOWING TOO CLOSELY,2.0,68.0,2.0,2.0
14db1ae3760435e360d3df991dd5e7b037e5756493b01a6ac84b9781d18e5fe7f9d991a14962cec8acbd9fbb08dbab7eb4fee0d115949424480dbf0463088960,CLEAR,"DARKNESS, LIGHTED ROAD",DRY,IMPROPER OVERTAKING/PASSING,2.0,73.0,2.0,2.0
14db40ffd7b8a6a3170d3a5b008548e83fce21a30d410c0c7c694fdd77964a3230af8a270ec8313de76bf30b4411a5aa6bd387cca2d8280d8c77ee90280978c8,CLEAR,DAYLIGHT,DRY,FOLLOWING TOO CLOSELY,2.0,40.0,3.0,3.0
14db64c977d8e252356e2302a8deaefe664625426ba0ca1466647624d0cae097e0f6b6ec546a1ad9b2b59c6b620d63741b822f0ba4474f90c5795adbe1c21f59,SNOW,DAYLIGHT,SNOW OR SLUSH,FAILING TO YIELD RIGHT-OF-WAY,2.0,27.5,2.0,2.0
14db659bafc3129e329dafe1a2066956c446fec91d920cf11c535b6fe130265cd97423f281a29b71a5c09a2348bff99493d3cfe2312092381f3e2d3d1142d831,CLEAR,DAYLIGHT,DRY,DRIVING SKILLS/KNOWLEDGE/EXPERIENCE,2.0,52.5,2.0,2.0
14db7871016c74c1cefe58eda8ec51c1448b2f577e6c09dd8b871900e5552bc99be7310c562053cdb4537ea68ba35e4d20e975faff28a56263dde917dc67832d,CLEAR,UNKNOWN,DRY,IMPROPER LANE USAGE,2.0,50.0,2.0,2.0
14db8a3fb36b1aa2925c37b66711dfc58a29f238e77aeee5f1413554768ddfdc1e8825112cbfbce8c78673105cf00f866858fbef1cb3f6efd99dbf0fd3f5085b,RAIN,DAYLIGHT,WET,FOLLOWING TOO CLOSELY,2.0,32.0,2.0,2.0
14db8f6c99a2df7efa4f4caf9ffdf85afd962f8950c64cb50f2bf1dd2e2e87fdd1dfd45409c7d1dd227c5a2d141e01c6b3ec37bcf93e7db3ee3c32f3ecdc1fe0,CLEAR,DAYLIGHT,DRY,IMPROPER LANE USAGE,2.0,57.5,2.0,2.0
14dbe2aa85d67bca52065659ad342a3538b0f94fbfc26ee64179707d76c0737c96655fac13e6efe692ce2265510eb2a59e2c3c2786044f8542fb26ed8e59c637,RAIN,"DARKNESS, LIGHTED ROAD",WET,UNDER THE INFLUENCE OF ALCOHOL/DRUGS (USE WHEN ARREST IS EFFECTED),2.0,31.0,2.0,2.0
14dc0bc24f801d8b5d63c142f82564f932d2c3e823eaaabf481ae1d0201bc88073cd00b25ab76b51dbad0867511778c5ceb67b30e2cd71c7e30c830459127e5b,CLEAR,DAYLIGHT,DRY,FAILING TO YIELD RIGHT-OF-WAY,2.0,49.5,2.0,2.0
14dc115b38fe677471848d7a109282da988231537f281dbe775bb78eca367e49f6e4dfe72a9d96d80f7fa53340fe6db336aff13627bab7cac5a65938a03ce49b,CLEAR,DAYLIGHT,DRY,FAILING TO YIELD RIGHT-OF-WAY,2.0,64.5,2.0,2.0
14dc3c15779a7b7975dbeef2e447b8cae05bb186ac579edf77821d16a2f242f30b5726932397282f033d8b7abf1748d027a91b09da642e4844352da409af002f,CLEAR,DAYLIGHT,DRY,FOLLOWING TOO CLOSELY,1.0,43.0,2.0,2.0
14dc4bc6f4347ad9503db7176e4f45e53bd4091c1037a4fd277d8796124ba09464119ffce08476e87c290ef5fc6a635ef38f74dae1923d817f6f1e32f59da0de,CLEAR,DAYLIGHT,DRY,IMPROPER LANE USAGE,2.0,42.0,2.0,2.0
14dc63d1046554224a2c69a7504fcea6292cd46c9846aa554bac7371e52803a42726d60ba4ce7c4cad3ebb371f6ba00d9bab35367110edaa99e888a55a1bd846,CLEAR,DAYLIGHT,DRY,DRIVING SKILLS/KNOWLEDGE/EXPERIENCE,2.0,46.0,2.0,2.0
14dc925b57929be802c02d6f9a52952ffa26d9f6b367d2396f9ffe4f36198c010ddeb25da6c12080ac926e0a5498a23c2d68f29e9ae4917d6489e4c780c7886b,CLEAR,DAYLIGHT,DRY,IMPROPER OVERTAKING/PASSING,2.0,43.0,2.0,2.0
14dca219a326408adef55c342316e2b3f94c57b1fdd0af09adb49463f630bead13c13336877e06b9c7835b92c0ad9e887b7f801b78a870ba6a951ebef59fcb58,CLEAR,DAYLIGHT,DRY,FOLLOWING TOO CLOSELY,2.0,11.25,5.0,5.0
14dcb546aceefcf60e645c740e5f8df4932b9f3e2dcdbe20745e18bbdc70ff52f87b6af47f7fde305ad4565bd33a450a1d92a4f6645c7731226379a43f249028,CLEAR,DAYLIGHT,DRY,FAILING TO REDUCE SPEED TO AVOID CRASH,2.0,32.5,3.0,3.0
14dce8b0c15ca9db52e2c752722ffc166e0611f01c5f3667082e269f01788407bed38d8307b02c9500083e86a584500687c59fb4806137383e106b986a96d155,CLEAR,DAYLIGHT,DRY,DRIVING SKILLS/KNOWLEDGE/EXPERIENCE,2.0,40.0,2.0,2.0
14dcf068d8e754f1343f8fc3720cb8a6479e448278001bccaffe7e915e11d71dd9d05e2db4c20b1f5aaa92905e9862da16fae969961887f7d3c34c43c7d1a255,CLEAR,"DARKNESS, LIGHTED ROAD",DRY,IMPROPER TURNING/NO SIGNAL,2.0,33.0,3.0,3.0
14dd066759372b24855442c8bf2b726a9019d3a7a49bdbc2d01ab2bbdae268e641fbb3e2a6092e0b122cb713948017a45ece0062e48e727a6946c97c511ab257,CLEAR,"DARKNESS, LIGHTED ROAD",DRY,FAILING TO YIELD RIGHT-OF-WAY,2.0,31.4,5.0,5.0
14dd0afc5a93c49fe580f146e7f73597b82980ae557a89be180e08fb0d1823c078155e617e81fff80455700f4290f90a2165667d2563b3b0916cd7aeefbd82ad,RAIN,DAYLIGHT,WET,"OPERATING VEHICLE IN ERRATIC, RECKLESS, CARELESS, NEGLIGENT OR AGGRESSIVE MANNER",2.0,32.0,2.0,2.0
14dd1bea0d967c3ec3041da4c6ab1b1c6150bcd4448e7b71066f7aa0f82c8d0dd91fdf602967fa9d70172216231bbf2715ec63855dac0bad2f5ccdc6a4ed13e4,RAIN,DAYLIGHT,WET,FOLLOWING TOO CLOSELY,2.0,42.5,2.0,2.0
14dd43b0d127eba459ea111731fcab3ecb381df92b9154ca1e49cba0aa13a164aac6388c800097ccdb501a32abc5338364de0e24877d02b8f812f100972008a0,RAIN,"DARKNESS, LIGHTED ROAD",WET,FAILING TO YIELD RIGHT-OF-WAY,2.0,48.0,4.0,4.0
14dd8db6501c4050b2cc2891c3d0c96dd9f0049669e71785f2dd197618cebd63f5ddcf377348353611b37edb4603e6a1ef2c219eb99bf7051065a84d801d2e9b,CLEAR,"DARKNESS, LIGHTED ROAD",DRY,IMPROPER OVERTAKING/PASSING,2.0,21.0,2.0,2.0
14dd8fe45cca77328a39ac799ccf9114594b3b40d8308b0c23f018d93546804e5039774e78299f3ed1d5fc694b095a0683ae992b3a0958a6898bfe3f0edc1c9b,CLEAR,DAYLIGHT,DRY,FAILING TO YIELD RIGHT-OF-WAY,1.0,16.0,2.0,2.0
14dd93c592f88bbce8e1fa7a525ce2b3ddddc6a123f0b0ba8936a593972ffba6fb61a13116bb0dad517bd0cdcf3d1d07ea9c93c840be0b4b664a04e1c718202a,CLEAR,DAYLIGHT,DRY,IMPROPER OVERTAKING/PASSING,2.0,21.0,2.0,2.0
14dde8acae262089ab36b20880f412245f8103494bdac1ff0421069719ea2c9aa90ed839416f64d974c2644cdb75f43fef7d786782d168bdbaf4583d8377b07a,CLEAR,DARKNESS,DRY,FOLLOWING TOO CLOSELY,2.0,11.5,3.0,3.0
14de084dcb411d90b36b0de67b0a857cf152ebf7882f10bfbaa9867bac5ad98ba2e05cf650ccce965886aab85ec81ef09a34235ce319fd377ec350a29a1a34ae,RAIN,DARKNESS,WET,FOLLOWING TOO CLOSELY,2.0,28.0,3.0,3.0
14de1a7b402f171fce51ea9a48b6267ddbf0a68939b9c94656d78a7593cd599032e1b69a63c113b757055b58cc3a506b3fffe0212956e9f470453382b5b4f7cb,CLEAR,DAYLIGHT,DRY,FAILING TO YIELD RIGHT-OF-WAY,2.0,37.5,1.0,1.0
14de2f13d65804065121bab6e562da897a9085a98ceafe18ff2ef140c03df37963bd0b57c2875ff7553d34352910c5e0c695237a36505e22c204f2901d1295fe,RAIN,DAYLIGHT,WET,IMPROPER TURNING/NO SIGNAL,2.0,41.5,3.0,3.0
14de482ac1d42411df6a9891b6be464dbb9f9ae5dd4d9f5226fd473a447934a704672fc56a7c6f0117f4f92fd0344fcc6b3185b37ce9b3dee8e53786e6588dcd,CLEAR,"DARKNESS, LIGHTED ROAD",DRY,UNDER THE INFLUENCE OF ALCOHOL/DRUGS (USE WHEN ARREST IS EFFECTED),2.0,44.0,2.0,2.0
14de659b9c05feaa9285bf657a5765bb25bbefab7b3d3ad2b7eec4804b80ded21afbd621617bcf0c2b641e01bdf80ea4f32c357dd47b7c0908cdb785534c446c,CLEAR,DAYLIGHT,DRY,IMPROPER LANE USAGE,2.0,52.0,2.0,2.0
14de8fdec115316a5f4204b387ae9453a54e6f4b7b94eb44badc198eb8fda8536a5a94818b026c651aecb961c71fc3e63dbc58a65d799c440e9a332b0a18f085,CLEAR,DAYLIGHT,DRY,FOLLOWING TOO CLOSELY,2.0,37.5,2.0,2.0
14deb0ffdb28481162e587d6a8ce591e0a9fe449a70289aacf7f8a7a64e213f1982f03fcb92a9ab7eb845de89af3be6cbd470dd3351a3549af96f9c9280a7638,CLEAR,DAYLIGHT,DRY,DRIVING SKILLS/KNOWLEDGE/EXPERIENCE,2.0,26.0,3.0,3.0
14dec0d049d9ee617b170d71cb0808119be1edf21eadac0248ef4bf75da02b1c658f08184301c7c55a7d2e5403c17634875c68f90bfa26b7800a368384a0cff0,CLEAR,DAYLIGHT,DRY,IMPROPER OVERTAKING/PASSING,2.0,36.0,5.0,5.0
14ded4a2a9848ce183c30873e8abdb8cf7c125fb22302048967631173c60cee417b2d505cc1154d75323b48f193451db35428880d13f397ea8b72593198a21d0,CLEAR,DAYLIGHT,DRY,FOLLOWING TOO CLOSELY,2.0,63.0,2.0,2.0
14ded63ddfef2022757792c2274b659dd1b951a33c84a2afb077a7dd579f8978410e30ffa1f145ff0e8ee8559effbf7bdb9ee7dddf69e15cc99758ac9dabd1ee,CLEAR,"DARKNESS, LIGHTED ROAD",SNOW OR SLUSH,FAILING TO REDUCE SPEED TO AVOID CRASH,4.0,42.0,2.0,2.0
14dedf94fe707e9f37f1cb5146a835efa5294cb9428bd07252c211c8b54f116ac3abf85ace40b138811961f10975e513c0165b7745b1375be953299998d135e9,CLEAR,DUSK,DRY,FAILING TO YIELD RIGHT-OF-WAY,1.0,57.0,2.0,2.0
14def087693b9500a6a7b12465deb9fb1744d05e67655c3b4c99d8b5648da39dbabc209d503bf9d9fa2a18107d258d4c09c843d43b7f895527d1d644df43e80f,CLEAR,DAYLIGHT,DRY,"OPERATING VEHICLE IN ERRATIC, RECKLESS, CARELESS, NEGLIGENT OR AGGRESSIVE MANNER",2.0,31.666666666666668,3.0,3.0
14def9cddc2ea79da5ba2869ccb779d5f28745c3d7b7da25428d51ec44a72b26d1aad82cb22c2f8c6438097b999f0dafacac1fd9da106fa043f790fbfa2f3e7f,CLEAR,DAYLIGHT,DRY,IMPROPER OVERTAKING/PASSING,2.0,67.0,2.0,2.0
14df01c14fa575569dc0c557466cb6aa4e6269d57c3b6b4b3c5b5d229a19b133a9a9d04878e93e9a1b9c867d05824588f09802e640d855b43e551ff0724ab834,SNOW,DAYLIGHT,SNOW OR SLUSH,IMPROPER BACKING,2.0,37.5,1.0,1.0
14df0d859d2c4b667a0a0bcbcde4ee966a334624876747916fd279ef397af3ec487f9f3ef2aa46178fb4ef473b3b8fd66e855ed8513e088f2d0441bb993a1b25,CLEAR,"DARKNESS, LIGHTED ROAD",DRY,FAILING TO REDUCE SPEED TO AVOID CRASH,2.0,56.5,2.0,2.0
14df16af3a7b00edbed5a58c31c1d69356d937c557db780cc42da27f3a9c90755e37e2a20a6186efd4893bb32d5a8e93d2dd7ba8a90541ef60f7249690d22cdf,CLEAR,DAYLIGHT,DRY,DRIVING SKILLS/KNOWLEDGE/EXPERIENCE,2.0,55.5,2.0,2.0
14df1dfdb6bece1afa8a2a11ea1a32725ee014f34d9ecb9180b08c060aae873c3d7f47e09d1708e914581ba6c4493c691e23709406470b1985d809c886137fea,CLEAR,DAYLIGHT,DRY,FAILING TO YIELD RIGHT-OF-WAY,1.0,39.5,2.0,2.0
14df5f0bfa4c8e248330c48e13512e3ae1733e7f9f84f0a3c5a81bdb1f9368f1313233490ee657794d043e6f43dabddea43ce3f8bde2fa8fddb7ad04875dd2a1,CLEAR,DAYLIGHT,DRY,IMPROPER BACKING,2.0,27.0,2.0,2.0
14df6696924b6dca1e8ddd54029bee6b0599ea84e5fab687b61840c3c5bdda46756702e64bff7b676f9f09b8fa082eedf067e0d6c0cc84805a3d571dff0751a1,CLEAR,"DARKNESS, LIGHTED ROAD",DRY,UNDER THE INFLUENCE OF ALCOHOL/DRUGS (USE WHEN ARREST IS EFFECTED),3.0,25.0,1.0,1.0
14df7d3cc169a7e2c9d0752bda132b9b8f94268b78ee1456530fe5a452afe3d201d1d809658bd0f25af503ebd781f5d8ffbecade45409a5fefcb00cede0fd2d9,CLEAR,DAYLIGHT,DRY,DRIVING SKILLS/KNOWLEDGE/EXPERIENCE,2.0,31.0,3.0,3.0
14df9d696582b82a13b9eb915df60de80cfe09e88f12b4eba9256eac273914eb952c8ecad22d37f9217d0cf0cacbea98579441ab5a1dad265c8832a47ea12756,RAIN,DAYLIGHT,WET,FOLLOWING TOO CLOSELY,2.0,39.5,2.0,2.0
14e0225a5001be6f67b5877250be493cbbdd1ffc72062b3d2c67fcb89fe69ed5302d666cc6d76d9021e9902dd2b170ce52a39e51d1e3fc1b04e24b46f0f817b3,CLEAR,DAYLIGHT,DRY,FAILING TO YIELD RIGHT-OF-WAY,2.0,29.0,2.0,2.0
14e02c8e2586b90b4560c15604941df060833b7b3ebfc71273d68512d562c7f9000018ca361ab699ef292642ff1fc8638ce7ea8c4e9ad24f016620793162ffcd,CLEAR,DAYLIGHT,UNKNOWN,DRIVING ON WRONG SIDE/WRONG WAY,2.0,73.0,2.0,2.0
14e04274b0a2be7470361aa1aea19dcaaa09e4be9a88158aeac59f46c9c1e9ae230c720aad8cb561667f4b824e68eeca2b90b0cf163d9e09c6e7e6de723de519,UNKNOWN,DAYLIGHT,UNKNOWN,IMPROPER OVERTAKING/PASSING,2.0,44.0,1.0,1.0
14e04a6a255cb0219374400490ea3f93c567e712da2b1a3c5177e93528c1358fd846388ae529f4983a686ef3882ed14de8d837b134ced0521ea12fed2db221f1,CLEAR,DAYLIGHT,DRY,DRIVING SKILLS/KNOWLEDGE/EXPERIENCE,2.0,17.5,3.0,3.0
14e050a146cf9a5905e173d84b1860eb146b1d12046fb2929910c3dd37d3ccfd45ee4523d981a0c1c74bffcbf85d2a0519b309ccb2af792406db96a1e646aaef,CLEAR,DAYLIGHT,DRY,IMPROPER TURNING/NO SIGNAL,2.0,39.0,2.0,2.0
14e0557693956088a15fbdf02dbe551135bc66045d10bbba47d0efe85ab1907605214451f6e1b8b42daeb44ee89193c996073009397a5d3ba612250622baa25b,CLEAR,"DARKNESS, LIGHTED ROAD",DRY,FOLLOWING TOO CLOSELY,2.0,37.5,2.0,2.0
14e07715172db09051618fd38fa309510bbfde4414ebdb902713538433154b33bc1616b1914daaef5e1913bbabde518254dd14e7b1ad940174393fa9b4ed0e8b,CLOUDY/OVERCAST,DAYLIGHT,DRY,IMPROPER BACKING,2.0,68.0,2.0,2.0
14e080b4d630cdbc941bbad256c75c3db2eceb8d00a05311e6263baf4b4d6fb5d323f797dee9d6a27a1d7831c6bc92a7e585d16709401601414ac008934becc6,CLEAR,DAYLIGHT,DRY,FAILING TO YIELD RIGHT-OF-WAY,2.0,69.0,2.0,2.0
14e09ea489d874cba4e826998aef800d3ecd87ae74d99869f48a06b90981068227d00007f102af8b5b06879874f9d46916cf8842bc092f42dd527fb3c512e64e,CLEAR,DAYLIGHT,DRY,IMPROPER TURNING/NO SIGNAL,2.0,44.333333333333336,3.0,3.0
14e0b2d0adb6d79cf0572cd17f4d302fd445c79e506ef3705bcb726701d5965e6a379e092fb59d68d1ff9a5efb035c6fc309bc2097d3dd0f0dab97194200e9d7,CLEAR,DAYLIGHT,DRY,IMPROPER TURNING/NO SIGNAL,2.0,36.0,2.0,2.0
14e0c86b6c597d431e946a84362c33a463c2207499f8c7f5637d9483706bd4ade58a1e7ca1f7b5bea8c617af0c00e5cfd9a3134cc70a761dec63e1807846f6ed,CLEAR,DAYLIGHT,DRY,IMPROPER OVERTAKING/PASSING,2.0,34.0,2.0,2.0
14e0d11982c6002b326315600a1821481699b28d2b570409c74336fe31a943fcd935e354f38d80d4fd46d5a9994ada75ee021cc2c0f5e87b73c32861c27455e2,RAIN,DARKNESS,WET,FAILING TO REDUCE SPEED TO AVOID CRASH,1.0,19.0,2.0,2.0
14e0ee7c55c7dfc9fd3c01cac26b2a653c412ad9ded14b9709dad355a4636f6c890996d84e810e1bc1c6cc4fb9ac034de6dee4b1fbce2bb47da83511f7810c4c,CLEAR,DAYLIGHT,DRY,FAILING TO REDUCE SPEED TO AVOID CRASH,2.0,42.5,2.0,2.0
14e12b424e47960cfaa36b5480f1580b587f2a67d1a191156eaa8b9e258c8fead96709b5a14d82656428f111a77d5aa08e43abb62b06a597ed96bf0da856602d,CLEAR,DAYLIGHT,DRY,DISREGARDING TRAFFIC SIGNALS,2.0,49.5,2.0,2.0
14e1483f6d90ffa6214fb719226179273957b935717dca1e3334b384a910a0fca6d105de755457f7f19083b06a7b98e5d21d36f04698d2754a55fe44bcf2d96e,CLEAR,DAYLIGHT,DRY,FOLLOWING TOO CLOSELY,2.0,64.0,7.0,7.0
14e14ea034f4ebdfb891b235d3987348daafeee00dc870902befe290a8b0d2fc1b14bcd9c91bc9cb5d516233bc0d071d1b76710738384fcfc284616c1914123a,CLEAR,DAYLIGHT,DRY,IMPROPER LANE USAGE,2.0,62.0,3.0,3.0
14e1ae9f1a6c7bc1c08ce1e979e2e139b0f13ddd79572086743b8178895daa7fd43fb5630f51cc76db1fc8eecdf52e4a34a277fc82c932f292928620130557d3,CLEAR,"DARKNESS, LIGHTED ROAD",DRY,FAILING TO YIELD RIGHT-OF-WAY,2.0,21.5,2.0,2.0
14e1ba236332e51e068dcd0b3d8545f9b42035c0ecc949f91367830d7e5aa81c2860e94a8de9f13fbab8974de49959066960bdb48dba77b3659f0d3fa652b5d8,CLEAR,DAYLIGHT,DRY,FAILING TO YIELD RIGHT-OF-WAY,2.0,51.0,2.0,2.0
14e1bdd2c515dd1775424aa6c6449e81e1c272e2fe81d6a1da6de3658f59c5f9020b7ff1c43af3164f16aa9af9b96bb1c7843a5045645b88f00e836ad4d148cc,SNOW,"DARKNESS, LIGHTED ROAD",SNOW OR SLUSH,WEATHER,3.0,21.0,1.0,1.0
14e1d9995bfbd96c6b6d23eccf04989e1c94843589247536a9388c4d0fc3c8bc421e51f7a5a6cb5b6c36afc45803ba376e3d9050d672581643db90daa7a06a87,CLEAR,DAYLIGHT,DRY,FOLLOWING TOO CLOSELY,2.0,64.0,2.0,2.0
14e1e3446e26fbffd5c7969f472998e68d08db9e2b200dbcdfa35f9ffe01d0071250324cb050a55970439f6717503a1574acc47445f0d6689302e3c9ae3c64be,CLEAR,"DARKNESS, LIGHTED ROAD",DRY,IMPROPER OVERTAKING/PASSING,2.0,25.0,2.0,2.0