crash_record_id,weather_condition,lighting_condition,roadway_surface_cond,prim_contributory_cause,total_vehicles,avg_driver_age,total_people,total_injured
14e207ed3c6059ab9827a71c805699f780bd4947b1e211ed44ddc8367d34d681275c7c277261513d93c765cea193b279a033133a7f28c201a6ceec6f519d3738,CLEAR,DAYLIGHT,UNKNOWN,IMPROPER BACKING,2.0,30.5,2.0,2.0
14e21579e0972eb8cd9d0f86c9d7295c81b0b05b0e046ba28abaaf14c6397bbf686d2c9474abe43372541ba4f0fda84640f6d78bce2696aa264e3ed824ab95d6,CLEAR,DAYLIGHT,DRY,DRIVING SKILLS/KNOWLEDGE/EXPERIENCE,2.0,59.0,2.0,2.0
14e21ca4db5a9462e0398d9ee7c1d2c61a2c681758bcca73abdd52fcb5eb711fedbd8c0d831e4e030cb9da71c782bdfdc1c104813a7d307532fd80cd1bbc37a1,CLEAR,DAYLIGHT,DRY,IMPROPER TURNING/NO SIGNAL,2.0,21.0,2.0,2.0
14e234348bb72a9e5017434a5130a6b719e9dce1c163addb2724b866d283571efdacf5d417a426d3238a53bd8032eb67a8bd7854846ed8ad1c7effe114ff0e94,CLEAR,"DARKNESS, LIGHTED ROAD",DRY,FOLLOWING TOO CLOSELY,2.0,57.0,2.0,2.0
14e2691c0a88e7b41169b15998006e38421b8c4623cb2cafe701c5ddbcf3838aa84e1d4c6fd070c9ac907dfe7611f716e6c91845480ce4edb53b9edd8e925ef0,CLEAR,DAYLIGHT,DRY,FAILING TO YIELD RIGHT-OF-WAY,1.0,20.0,2.0,2.0
14e2ba8c7bc52a2f00573a60de7298cf897f746be761578b1f9d88417d1cd453f409cc99737c9e5132def87bb4f5c723b917889461f300c32b344e864e86ad58,OTHER,DAYLIGHT,WET,IMPROPER TURNING/NO SIGNAL,2.0,47.0,3.0,3.0
14e2e5496ea349ed84b5e2acb091e87c4b37c5bf29b5bdbf76d2a4a3fbc1e630c3d38f1aafdab88134c21d1c14cfa70e9fc1c13a164533557a42bd2733a816b4,CLEAR,DAYLIGHT,DRY,IMPROPER TURNING/NO SIGNAL,2.0,62.0,2.0,2.0
14e2f62371cff45a7cfa1f1c1fb1108532bfdb3be0185efce501a3e469fc8168caebd6af401edf27f4bc47dae58984b1745218a50c840c2df56a6ee48323c668,CLEAR,DAYLIGHT,DRY,FOLLOWING TOO CLOSELY,2.0,73.0,2.0,2.0
14e2f830d88079a7081bf0c333c34a0ab22411495ecca38395936fa18bc16c17cdbcb8ab93d958c31d3d7ebc99f63b6eaf3b19baab523915635ea7b8eab5fe26,CLEAR,DAYLIGHT,DRY,FAILING TO YIELD RIGHT-OF-WAY,2.0,41.0,2.0,2.0
14e301268c2199faa5eb04a175a4ee46211aeccf4e7cf64dac2c8349297e731f17287ff9f8fe24543da23b2f24365ce1739f9c2415ca2b6ad51236b37eec2021,CLEAR,DAYLIGHT,DRY,FAILING TO YIELD RIGHT-OF-WAY,2.0,41.0,2.0,2.0
14e3282d1f30256ea88cddf9b6151e637eaca7acfef6f169e0628435649f5e0229d4e86246902e6ea01fba1c3c4b8e876974fea3e25bc7a9e8bd8175ca8c9053,UNKNOWN,UNKNOWN,UNKNOWN,DISREGARDING ROAD MARKINGS,2.0,46.0,2.0,2.0
14e3498551bc0597f0ad055530476111e69277035a7e484b5308581587364aa7622dc2f8fa9cca787b0f42ef65081bf33474db1f838bdc1f7990ac03b70fa052,CLEAR,DAYLIGHT,DRY,FAILING TO YIELD RIGHT-OF-WAY,2.0,57.5,2.0,2.0
14e34db3d76da5c8ee46854784b74a254aac604159eb04259b34f0c9630a4f796b0fd61015c5538d07a198e355598db8af9d54560558ea36191a63f70a983885,RAIN,DAYLIGHT,WET,DRIVING SKILLS/KNOWLEDGE/EXPERIENCE,2.0,54.5,2.0,2.0
14e35a5227bac4bbc196f26f25a9bb5b5846668cead97f62d154ad95e199db75231b8b479b9a0e1ce4ada5e51ff705c21513476ee6262804eef55b5b7f391f86,CLEAR,DARKNESS,DRY,IMPROPER BACKING,2.0,50.5,2.0,2.0
14e3c484dc28a9b8bdcd33edd19b33a0e9c4606b17f08cb71a54763dc94c4c0343b6ba783b5fc5aed9db13516f67cd00fe68c7f217b289de1087ccb1d967a2a5,CLEAR,"DARKNESS, LIGHTED ROAD",DRY,FAILING TO YIELD RIGHT-OF-WAY,1.0,55.5,2.0,2.0
14e3eb2ec929e862b1e117dcdd37251cb2ed397eedfdf70adb1500684a39e3117d106f411d81c0a61175a9b48f980aea7c35859b6018e138e592d3f815e7dce3,CLEAR,DUSK,DRY,FAILING TO YIELD RIGHT-OF-WAY,2.0,26.5,2.0,2.0
14e3f4abc5feb878e62c43321969985a1bf2e74020c3a645c9c1a14cb9168c18fa8dceb2614f5ae09f88afd7a7558bde4ef2f8adf672a30041a6c36237da12cc,CLEAR,DAYLIGHT,DRY,FAILING TO YIELD RIGHT-OF-WAY,2.0,37.0,2.0,2.0
14e4193b3530fec00a971f1027811143b061aeba2b843a86f5ac17ca9be4cc2eb8d136716f5b64a2b23294cedd94498596ceee011e2086ccd3f770d5cb996393,CLEAR,DAYLIGHT,DRY,IMPROPER LANE USAGE,3.0,24.75,4.0,4.0
14e45592c8350e461cf16d1c2572bf13bd36af104a3f127ffedb9ccd2dd46159b4292976274b19594c1b90e16baf7832a6e13566c8cf8a98349fdb2667171225,CLEAR,DAYLIGHT,DRY,FAILING TO YIELD RIGHT-OF-WAY,2.0,58.0,2.0,2.0
14e45680ccc3b7d578508512caf11c0debfda69b3f8da5948f5e3d7d90702ddd6681be967fd8cce98aeb5971f311816162091f2e06775cb977380a9707d265a0,CLEAR,"DARKNESS, LIGHTED ROAD",DRY,DRIVING SKILLS/KNOWLEDGE/EXPERIENCE,2.0,67.0,1.0,1.0
14e492318522bafdd46aeffe2ab156949c086b631b07486c44f62d0cb93c9ca8872bd8a586e9d7b33dbf87d4a035368a9080920c79584bc7267eff387341d317,CLEAR,"DARKNESS, LIGHTED ROAD",DRY,IMPROPER LANE USAGE,2.0,37.5,1.0,1.0
14e4c6ce280f407e8d0748fdd784cacc5a4e7e3f66d70dbbf71c710c29d39247c89351a4f09e5803fc235c55b50182b3e389321f082502c142037f7a88e9660c,RAIN,DAYLIGHT,WET,IMPROPER BACKING,2.0,39.5,2.0,2.0
14e4fdf4609519e6f446368b7bd90091ffab922918e3828bc2679a5d669c3304d6db60c0816e30b6c4abbd3d4e10f464839a685ca070bf43f073c6d153d12d94,OTHER,"DARKNESS, LIGHTED ROAD",DRY,DISTRACTION - FROM INSIDE VEHICLE,2.0,25.25,4.0,4.0
14e4ffb55b79ebdaaafd7f284593b6bd9820cf9a9d948ec5b16de3ade3e682e136d252cc2eb9ace7ba2b77cd88adf848810c8a29a5abc94cec9066a8ef108605,CLEAR,DAYLIGHT,DRY,FAILING TO YIELD RIGHT-OF-WAY,2.0,32.25,4.0,4.0
14e508e6d002f96ae06e7848434837a4b4d5cec7f3c175a2cee9c60418bfbabe866e5a1afd7cd8d23bee1b8fff5bdb77f931b7413d1e4a518b561cb086450f8e,CLEAR,DAYLIGHT,DRY,FAILING TO YIELD RIGHT-OF-WAY,2.0,50.5,2.0,2.0
14e52465a5240e6c93b6c944a34c9bfe4f56c658e8bbabebd64562c92d34f6ac7d685f0455facf6c85d73ad863083dc6c4bdc66f9f4a025a1081a45a648c5400,CLEAR,DAYLIGHT,DRY,FAILING TO YIELD RIGHT-OF-WAY,1.0,25.0,2.0,2.0
14e5498e4e54d106ff0088affdb6837f145f702bd5d980fe58c5bedb0acc0504524f843c6aa1f2c3bf2f087ba158c2aaebcfbde5ee88d7fb8c8da19b265cfd8f,CLOUDY/OVERCAST,DAYLIGHT,DRY,IMPROPER TURNING/NO SIGNAL,2.0,34.0,2.0,2.0
14e54a756366bbd6d8074d25fc829c36090c49a14897c6cff973e5f2fd15658f9902f3534208879f861ba7e2b99bb5cafa018604e6a17170d78aa5f1f6b2c778,CLOUDY/OVERCAST,DAYLIGHT,WET,IMPROPER OVERTAKING/PASSING,2.0,31.25,4.0,4.0
14e576b79aee70b16f2d7d5f8c5be636d6ed0fba556c984a67d7c4a6c71033412eda80b2605952bfbb4ebda8d88dd3d3eb07449127ad035b2b6d14adaa04c875,CLEAR,DAYLIGHT,DRY,IMPROPER TURNING/NO SIGNAL,2.0,36.833333333333336,6.0,6.0
14e5c8a3a802ca5bcd5f9759888d7576fc8d4df9ca0ad2bb9bfc55abc3cbfc1bd1c973e409a9f6e3a2b6e0d07560f0d146a16c5680933301261664d9ca3c3a66,CLEAR,"DARKNESS, LIGHTED ROAD",DRY,IMPROPER BACKING,2.0,38.0,2.0,2.0
14e61e6f645e27f94468e850c7ee2314871c233294739759ea316fcaf465ee538ca1b6136820ed7c0e0e38a91b6c8b476fdaab054e8a4fc1ebed1415733775ea,CLEAR,DAYLIGHT,ICE,FOLLOWING TOO CLOSELY,2.0,37.5,2.0,2.0
14e625f66e437e64e7b18d7951e0d7f51adee3120b82fc72f1f704a791259ab22387b6ab6d30bf50350fb5f2ba153493ee068fb0de140302b1f34bac76557754,CLEAR,DAYLIGHT,DRY,FOLLOWING TOO CLOSELY,2.0,33.5,4.0,4.0
14e64eae4c70996c989c33c7ede3f9ec3c243d19f45e986783e5eb5fcf04ba896e38abb31be6f20ad3c1b83d972265b85a8f5fd92ec29ecc5e82ae152f1f2cab,CLOUDY/OVERCAST,DAYLIGHT,WET,FAILING TO YIELD RIGHT-OF-WAY,2.0,37.5,2.0,2.0
14e65f6d5702ff5143763930ac8e4c9b22c7de9b432abbe3a810674468fbb02400ad6a0cd6642c45e89b192723297398f989329930dde6522a0adf3f16850a66,CLEAR,DUSK,DRY,FOLLOWING TOO CLOSELY,2.0,37.0,2.0,2.0
14e66ce1b4880aef41a47eb75257835dfc1502e28c60555fcb8bbfb9bfae5b4cb3d0ac70bd37a75bb486e89874a2318f8852bff192da9f435f132129aef5be34,CLEAR,DAYLIGHT,DRY,DRIVING SKILLS/KNOWLEDGE/EXPERIENCE,2.0,42.0,2.0,2.0
14e69398c6c2c92aef0746eddc61b05cfbd6224961a0550767e9f336c4135a5e9ca76c698d9b982a9eb6b5e6b272eed1d494d4a6becb9d9792d249261155a6ee,CLEAR,DAYLIGHT,DRY,FAILING TO REDUCE SPEED TO AVOID CRASH,2.0,20.5,4.0,4.0
14e6a41491b70828fd1b0d407316bfd7af8e9e702e297c71e5af0fc1bd58cbb59561819efd9f63b1ea6be8b93832a56bed65b07176bbcff3d376c34d4bc80a91,CLEAR,DAYLIGHT,DRY,FAILING TO YIELD RIGHT-OF-WAY,2.0,38.0,2.0,2.0
14e6a67ed54673cdfe0a6452248398bd4fda600770c89019edfa304db02f5f12d523854b29965122c2803d7e6c004619b2d25c9fd284559d4b545eec7eeb39c4,CLEAR,DAYLIGHT,DRY,IMPROPER OVERTAKING/PASSING,2.0,59.0,4.0,4.0
14e6d5f59a0c2c6c93be1b4d82da69f732915eeebc47272839a96b590b84a5118e4206321ee8932f5fb18769aab1f5621ecbe1b22d5eed0f0cdf320a8b33714d,SNOW,DAYLIGHT,SNOW OR SLUSH,IMPROPER LANE USAGE,2.0,44.0,2.0,2.0
14e6e502b5ea23d69e7c8184a37ea4a6a3021368b4e90edc55b039b1969fa8b328015ae19e5917a64cf1509ab28b20761cee9fd5ec32d0d327498c5d2c7a5f43,CLEAR,DAYLIGHT,DRY,FAILING TO YIELD RIGHT-OF-WAY,2.0,25.5,2.0,2.0
14e6e6cdcf43b1fe4ea227db7ea09b25093ff69cb8aba85e2ecb7eccf74cc76d958ba29e9352b68748c7fdf2cde601ae871ec976c8ded4130ff24447b1933ccd,CLEAR,DAYLIGHT,DRY,IMPROPER BACKING,2.0,23.25,5.0,5.0
14e6fc4a0553490e43dfbceb50cc4ae5cd53130c1ae40586547f0221b8176a21e1226cf2749d14aeba8865ed4c43fe434a679fcb2c9a77b2df91f094b589ce13,CLEAR,"DARKNESS, LIGHTED ROAD",DRY,IMPROPER LANE USAGE,1.0,33.0,1.0,1.0
14e70107e850a9111cc57bbc4570a4090ff194ae8d81918a6b181aa3376a5a1d254616e3357a7c9f6c25ede5bd41e1f9d7fd9ff6e8f008f3b120502f67ce3c87,CLEAR,DAYLIGHT,DRY,IMPROPER LANE USAGE,2.0,26.0,1.0,1.0
14e7064651d0e7d0a17a866ba9fd85c814c4850ebb427b289435c3c7ffd64fed04f8b9aef1617a91ec814ba6749dae41a318daae3af0f2ea55ec3f0bd9093e05,CLEAR,DUSK,DRY,IMPROPER OVERTAKING/PASSING,2.0,49.0,3.0,3.0
14e70e4e44555d1a8be96a82094b802776e1ba6d801f5425820ed3806b8061e924580c93981816df2e9b7a355231e6a82b59c3570cc735f685b2c552ddfb45e8,CLEAR,DAYLIGHT,DRY,FOLLOWING TOO CLOSELY,2.0,29.0,2.0,2.0
14e711c39360d29c04686b42119a92d830230fdbeb63aefbe7ffa358e5adca5f0f4349bfcd4305f6b2658a7c1c7eb967d3097a878815cf0175b200fcee72eeb2,CLEAR,DAYLIGHT,DRY,FOLLOWING TOO CLOSELY,2.0,18.5,2.0,2.0
14e71c4ab08aabf9022bd3ea4c3e626f5b989d350d9696a2eb03b171e59f2936ee41624b28cc0942e02ce21f9217a7c468f1b13222ea45b3bb6489d4e4626515,CLEAR,DAYLIGHT,DRY,FAILING TO YIELD RIGHT-OF-WAY,2.0,37.5,2.0,2.0
14e72930c24e7c4656edd9e12a4906577e2ed78a793d1e11d34c66ec9bcda1a1f25051cb22235b7574c21fb98f03a2737272bf4976d2a4488eafa86e84750582,CLEAR,DAYLIGHT,DRY,IMPROPER OVERTAKING/PASSING,2.0,40.5,2.0,2.0
14e7321f40ef9f90ea42a3cbbba2e0ce772fe2b915d334463cbb28a2b21dcf6a54893f073cdf306df7ecd01726f1e6bfcd610e375237bd707a75da8440bfc44e,CLEAR,DUSK,DRY,"OPERATING VEHICLE IN ERRATIC, RECKLESS, CARELESS, NEGLIGENT OR AGGRESSIVE MANNER",2.0,66.0,3.0,3.0
14e73382cb6bec20be95f33e5855bc7ec2ab1d3bd7c7126243d5680db9b5db1c072fe870c32cb9a61b6b29e2a5419082dbfaeb05e04915c6cef125f46fdf162c,CLEAR,DAYLIGHT,DRY,IMPROPER OVERTAKING/PASSING,4.0,27.0,6.0,6.0
14e737520d404d2e3b225135f034ad6581ca2e85eacced35787aad7ccd0b90c3771d7cb68aeb1b3a3da591aaae5b63797462414eefee3647ebe6f37faf1800fb,CLEAR,DAYLIGHT,DRY,FAILING TO YIELD RIGHT-OF-WAY,2.0,35.5,2.0,2.0
14e75d039dfdab8ead7881caedfd0e3ebdae30d73fbe01b04a1fb13c3092f69e41df625f7f5fde7068812c09645f4f6aecd2ca74312ce8d4c1ea2dadd7f0cf34,CLEAR,DAYLIGHT,DRY,DRIVING SKILLS/KNOWLEDGE/EXPERIENCE,2.0,37.5,2.0,2.0
14e7664d7ed34d1cb3e39af4a44bc05dc5faf496a118dbc5dd94e660922343b160991c3b8c535119b5194e65ddc6ef445fca151efb9e1b1eb79b64e9416d29b3,CLOUDY/OVERCAST,"DARKNESS, LIGHTED ROAD",DRY,FAILING TO REDUCE SPEED TO AVOID CRASH,2.0,48.5,2.0,2.0
14e795df0d108f4c5246df03ce4a9d9a909e62b25da9b70fa939f4248cc2fe8db4c85f97d7e1000ff4dcb13b48605931db841eac21596ab0c919dffca813e94a,RAIN,"DARKNESS, LIGHTED ROAD",WET,DISREGARDING TRAFFIC SIGNALS,2.0,46.0,2.0,2.0
14e798a4b5611088b3128527a55672713e0ae45b4e33280a0dd24494b2d90d07a8f334c1b7f8d0f4a2e64498b67b96c771bcdcd9eeb164c4a6c1770241d40fec,CLEAR,DAYLIGHT,DRY,PHYSICAL CONDITION OF DRIVER,2.0,18.0,1.0,1.0
14e7c71428f7873b8567c50004af1a4e82c6436e737d532c4aa8812e7042462f5f2da6e405bf364b51701da1d36f2b5a473ba485bc48940e59b77ed1808373f2,CLEAR,DUSK,DRY,FOLLOWING TOO CLOSELY,2.0,48.0,3.0,3.0
14e7d8009ad3e74888d52b4cd44704f856e5b84abd38836e0bf312c3bb8ffdacc61122674bf529adc4700abd887f36f871acb6caa4c67fce5b55e6f129025ec8,SNOW,DARKNESS,SNOW OR SLUSH,DRIVING SKILLS/KNOWLEDGE/EXPERIENCE,2.0,31.0,3.0,3.0
14e7fcb9967f9eba0a84f4337bac030a59ca75e693a2c3befc30e5e0e65489b031233a3c4f05455063ce8ee272bd7785db3488d7acc50bd6d4e6e7f9e2008475,RAIN,"DARKNESS, LIGHTED ROAD",WET,FAILING TO YIELD RIGHT-OF-WAY,2.0,42.0,2.0,2.0
14e7ff9d768e8334da79c4aab56dcabfa3b7648c64b0309f73c3db56d6552aa7394c25a41435c783b2ff2ed218f8a405f649ae9534897490409a74dadde3f17c,CLEAR,DARKNESS,DRY,DISTRACTION - FROM INSIDE VEHICLE,2.0,25.5,2.0,2.0
14e8046da23305e3d79440352c30cd2e477ef93e5d1524dc9a9ce94553ad1c79def3254db45f7375d0ef9b9d2bfa45290ecebe0f1a98e63544aeb7ac224be673,CLEAR,"DARKNESS, LIGHTED ROAD",DRY,FOLLOWING TOO CLOSELY,2.0,27.0,2.0,2.0
14e825a537c4b497d7ff1f107914ca0a6a14496fb56988b44390db9abb9b45b788444631537093277215f9b2b1147e08461225e2a30cd96687a59f50b47783bc,CLEAR,"DARKNESS, LIGHTED ROAD",DRY,DISREGARDING TRAFFIC SIGNALS,3.0,37.333333333333336,4.0,4.0
14e82fb7005bb260a19ff687747bcd8bd35e7fda4b7724c710e515c6bdda749592a438a4990f3f7e54c3b4f44bae1f8f82766b218b574cfceb59752dd0794db4,CLEAR,"DARKNESS, LIGHTED ROAD",DRY,TURNING RIGHT ON RED,2.0,49.5,2.0,2.0
14e84a6c221aee82bd0ee53215a39caf9fa6ae58d12f5d9f67f74d88e7b09ad61e96af1830d762392b1c4a9f337127109d56f92b765448771be8c929d5a956d3,CLOUDY/OVERCAST,DAYLIGHT,WET,EXCEEDING AUTHORIZED SPEED LIMIT,2.0,0.0,2.0,2.0
14e85f91b6b7c662ad2fe42b7700e27f68b6c086feeb45a8f8fd17177626ee7445aaaa6dd3784c6f3a7178aa7c6b7bdf41fb50c72a34bd141410b1cceb9de757,CLEAR,DAYLIGHT,DRY,FAILING TO YIELD RIGHT-OF-WAY,2.0,46.5,2.0,2.0
14e86010b22ea822d1b00903df0641ee6dacae40a040f37f517e9dc6452b75b81bd7fd1c500e7a4a3256330dc9c59ffd6e39f12c6f0559a3945e101499269c1f,CLEAR,DAYLIGHT,DRY,"OPERATING VEHICLE IN ERRATIC, RECKLESS, CARELESS, NEGLIGENT OR AGGRESSIVE MANNER",3.0,37.5,1.0,1.0
14e867368b1e6f02418b02f5254419f22c9d745dec8f90b5c4026a391f1c57d19ad5f99c6428e222cab079c18f522483eb1ce938dfe5b603de68785c179900b2,CLEAR,DARKNESS,DRY,IMPROPER LANE USAGE,2.0,40.5,4.0,4.0
14e87e00894f2e290e87e90c313201334c00777ac5d62d0fb49c2185f77a8af65371de65334155992165386cb12ee58d0ad8c6401cbf7f222902774caa74a1f6,SNOW,DAYLIGHT,WET,FAILING TO YIELD RIGHT-OF-WAY,2.0,50.0,2.0,2.0
14e87e767a47eefb3c39c8deb38c454e0677d07cedb089b3e686ce33649e87db84cbb0e1bbadc658eaf565d278a5670ecfd07f9356a0bfd5fd0b990d4ec07cbf,CLEAR,DAYLIGHT,DRY,FAILING TO YIELD RIGHT-OF-WAY,2.0,28.0,2.0,2.0
14e8acb6372f7a91d6f45e2e728b6528eed0a2c646d661ab755ebba699bfbcf130ea997be62d59855880a37b014043f4ac249a9101dd3a767b7e702e1bc1692c,CLEAR,DAYLIGHT,DRY,IMPROPER LANE USAGE,2.0,37.5,1.0,1.0
14e8b62377d582271096f27b5f70194144cf6e7288bbd6850330ac47a308d2520efabaa6a46235d924e86c1bc9e1be02647142ffb22d5179e7ceb58f01225987,CLEAR,DAYLIGHT,DRY,FAILING TO REDUCE SPEED TO AVOID CRASH,2.0,33.0,4.0,4.0
14e8d033ea90b52d6b57c0796f2e3907bdb4f9d889f8c4f636aed4715a6724bace78f56faad04e8e05e8efd6acc601be6560afc83b16db87a2240d057a509086,CLEAR,DAYLIGHT,DRY,FAILING TO REDUCE SPEED TO AVOID CRASH,2.0,54.0,2.0,2.0
14e8e2e970a1041f53998796ec2006a2a13b87490896e60bdac9407865c610f07231d5538c2f113f4fb04ba1357410170ac32bed5e29016b03c92265034f9012,CLOUDY/OVERCAST,DAYLIGHT,WET,FAILING TO YIELD RIGHT-OF-WAY,2.0,35.5,2.0,2.0
14e9341cfaff0da2be80104daead2c632cd1952ac0aca2739c0d38aad147dce6cfcf109edfdffdaead201bba4d61577a700cd79e1dd36184171a5a0027bafe11,CLEAR,DAYLIGHT,DRY,FAILING TO YIELD RIGHT-OF-WAY,2.0,37.0,2.0,2.0
14e935717c2d410b05b86513a331cb3d344fa193b60f88cb112dea20c62565cea3334583676efee12229ec6de6b844ed6684807a35a38aa3bd2b22011442eeed,CLEAR,DAYLIGHT,DRY,FAILING TO YIELD RIGHT-OF-WAY,2.0,26.0,2.0,2.0
14e94a578dc5338724b5680f66906784719127506f6afbc4eb00ac9c5d613ca5327da890f4af2a65d6b93c57234971a9b049778790ee423bc3b13bc1bc4b24d9,CLEAR,DAYLIGHT,OTHER,"OPERATING VEHICLE IN ERRATIC, RECKLESS, CARELESS, NEGLIGENT OR AGGRESSIVE MANNER",1.0,29.0,2.0,2.0
14e96f01d113b6c78cb110ead4f4e5a05891a6f50f00135eba9e13c2175761b3a556592e0623166bebc91c590223a236a1d8b1b4a02077a199bf5079cf981946,CLEAR,DAYLIGHT,DRY,FAILING TO YIELD RIGHT-OF-WAY,2.0,35.0,3.0,3.0
14e98417069f92b7712a3f69d6330eff3d7181e2f234ba8c163e001c9280ac8b4f0aca16b2e7c0f77d7237991bbe7b47aceaf5629987debf56a00d602ba6869d,CLEAR,DAYLIGHT,DRY,FOLLOWING TOO CLOSELY,2.0,52.0,3.0,3.0
14e98e6d06c4a45e0dfaf4c20e9331fbe6e811979e94ea0485d96c66301e468ef3303ef57bf7db0c61b63a432529f400418fff7c9d4a1f56598d58a188323ad3,CLOUDY/OVERCAST,DAYLIGHT,DRY,FAILING TO YIELD RIGHT-OF-WAY,1.0,36.0,2.0,2.0
14e9a4d370006b45c58642b8c253488bd8094f962c478293db431d6b3682bc8055ed29979651a55d684d498f27a9aaf3a6abc8153a515aec8c92d9fd20fde693,CLEAR,DAYLIGHT,DRY,IMPROPER BACKING,2.0,52.0,1.0,1.0
14e9d862854960ce958ee24f7a0807c6bc1f05e3db108205da0ccc5c978c258ea838cdf782eccfa80258fa38eca0be74d59e306bd702ec3fb3aa0989ffb4b173,CLEAR,DAYLIGHT,DRY,FAILING TO YIELD RIGHT-OF-WAY,1.0,44.0,3.0,3.0
14e9de1d5371eac6c2d390b5d914414e4ef76cc1e8389f2b69938e5a3a2816c1ac65f818008453165f2816a3f009b15195c465cf45f0881403d91a84852dd58b,CLEAR,DAYLIGHT,DRY,IMPROPER LANE USAGE,2.0,25.5,2.0,2.0
14ea196730cb78c907e8f71b23fe0bc0e967bbe24ddb59cae2db9d96433dbf67d3d57a5cde4c42140d88ea6d55da7d968931ee01a043848649e48d79fd93f7fe,CLEAR,"DARKNESS, LIGHTED ROAD",WET,IMPROPER OVERTAKING/PASSING,2.0,37.666666666666664,4.0,4.0
14ea25ae85293aca976828b0d5c5be7d003728a5040cc961dda253da38ddfcf9828eaa73b2fd34805fe5ee1aff9d9cbab56e59abc9f5d90c6c119528ae1e16c9,CLEAR,DAYLIGHT,DRY,IMPROPER TURNING/NO SIGNAL,2.0,41.0,2.0,2.0
14ea45af8b18c23202a7461d9c3dc54e1e8e2ec4b97b2dec159f72b5d108ad465a9d5a6404205d5eeaee104cdf5275a42c4977e69d8a23a2932e0e899b75aea2,CLEAR,"DARKNESS, LIGHTED ROAD",DRY,FAILING TO YIELD RIGHT-OF-WAY,2.0,34.25,4.0,4.0
14ea4eae114608ba3e369e8a6d971f0eba795a999c0aa2e81835b9e8226398201eb182ba2c224df0d2e4ed4444d9f26b65e7ed988301ad4634d4794bd3b97498,SNOW,"DARKNESS, LIGHTED ROAD",WET,IMPROPER LANE USAGE,2.0,26.5,2.0,2.0
14ea50827c125da516cddd34c71103945078eaa9aca0123afd4d65d567a4b12a4417598109ea8c24f5bc82dfef38ae863af32564e75fc49f03558a51d7081411,CLEAR,DAYLIGHT,DRY,IMPROPER OVERTAKING/PASSING,2.0,33.0,2.0,2.0
14ea60c2e9a70faca92c4d49cb0f87559e29f94f935a6358e06f13a95d2de7f09e15912666d8e75b0ad8923de63bbbfc80eaf5e1d53b93666a8f30cb747de19b,CLEAR,DAYLIGHT,DRY,FOLLOWING TOO CLOSELY,2.0,37.5,3.0,3.0
14ea9bd96eb722b65fd9c97f405f582737ca20862d19fc87dc02cf63f5b245983fa313afb731b810ff7abfc0f533ae83a5b9466f43de15ececa2c88cca24b916,CLEAR,DAYLIGHT,DRY,FOLLOWING TOO CLOSELY,2.0,58.0,2.0,2.0
14ead741c6d187649744383c4d79f3d3a612ffbd52ab0e17997609a66526717b8a3b7c5b5e3f047984ea2fa58901ed36ae98dc351ad2b55891bb6de97a81feee,CLEAR,DAYLIGHT,DRY,FAILING TO YIELD RIGHT-OF-WAY,2.0,19.0,2.0,2.0
14eb1256f2c90270bde7a6a233efd011c68a5ace46306db025d7f03eb2911921de4ffa554f9e3525f77c5ff67bcf7fed7a76b1ac0316b19d47cf59ccb15d23ec,CLOUDY/OVERCAST,DAYLIGHT,WET,IMPROPER BACKING,2.0,32.0,2.0,2.0
14eb1536ef35108025571704ae6effa6c7b75ada05b620a0785f2ef5a34215d8b465d2936af603e1227fe1d38aec81df46492843e894d0cdd7f2cc136be91906,CLEAR,DAYLIGHT,DRY,ROAD ENGINEERING/SURFACE/MARKING DEFECTS,1.0,51.0,1.0,1.0
14eb207cc345cbd15a686cf5f5501b319e76332512aec78a869c78efca341a920d64a2b893ebb87277e781e6ff9cf0b6e646ada99148423df41478474e3a424e,CLEAR,DAYLIGHT,DRY,IMPROPER OVERTAKING/PASSING,2.0,66.5,2.0,2.0
14eb54edd0718915e3990f11dddf474cca265bbc5bb429a660658d6d4a6f9ec5d957dac3fe235b4c878e16f60f13edd2817f0573c0219a273f0a7d69320258e7,CLEAR,DAYLIGHT,DRY,"VISION OBSCURED (SIGNS, TREE LIMBS, BUILDINGS, ETC.)",2.0,45.0,2.0,2.0
14eb641678269ea8b48f19d5d3ec893dbd5fbfd784b8fd7db89a5a3a234848202316d2fcd3e7bd48cd87ab1ae0d122d55a95ebcef5cf677649c533e827c3489b,CLEAR,DAYLIGHT,DRY,DRIVING SKILLS/KNOWLEDGE/EXPERIENCE,2.0,43.5,2.0,2.0
14eb97359217e1bb4e1b2c95a0851ef256124232de293796213cbbe8e54af1661a1bf8cb633657b30bf411ab4516c4706540349875de561bfef44e375bdf464f,CLEAR,DAYLIGHT,DRY,FAILING TO YIELD RIGHT-OF-WAY,1.0,59.5,3.0,3.0
14eba1473d7798e17defb48bc3a5f27bb41fd3b0630c85fa70e1c961d5d40f95089d5a36c043af8633de435f055f93567073a3e147b4055b21398aad1a3e8fd6,SNOW,DAYLIGHT,SNOW OR SLUSH,FOLLOWING TOO CLOSELY,2.0,44.0,2.0,2.0
14ebb3a386aac4682b27e690e9bd3fb56d2766b5084f420f06e9cf34ac2575afee43ee87ea6e696e953717dcad1c51c907e23477c0b9f7e5d2dc97ddbcfedc56,CLEAR,"DARKNESS, LIGHTED ROAD",DRY,ROAD ENGINEERING/SURFACE/MARKING DEFECTS,1.0,24.0,1.0,1.0