crash_record_id,weather_condition,lighting_condition,roadway_surface_cond,prim_contributory_cause,total_vehicles,avg_driver_age,total_people,total_injured
14ec07deadb13476924cf01c079d49e649278947d3c4dc5a2e440c50095ed92c31607a8eb0846b7f1abbe7ed3027529b3945d95d19e5c3389788b33f2b440387,CLEAR,DAYLIGHT,DRY,FOLLOWING TOO CLOSELY,2.0,37.5,1.0,1.0
14ec1c22445a7b11aca6b1f4a3941a874f11772f4272bc3eff5a89ba06924c14dd613a2ccdbf34310c8b2a58bb27432242fdbfbb892a4363f5a3dd8b45f05fb7,CLEAR,DAYLIGHT,DRY,DISREGARDING TRAFFIC SIGNALS,2.0,33.5,2.0,2.0
14ec1f17e0a426c3e6aa9de717f721bcb8e42dc24ef46bf674e5116f93c0d941559f18aa562e63660092c52ab6907455c2897b8d2edd996843c1451e1f7de0f8,CLEAR,DAYLIGHT,DRY,FOLLOWING TOO CLOSELY,3.0,29.666666666666668,6.0,6.0
14ec24eb29e73890a4b9f59540435bab911d06a8d2e6cdd260c6f55ae452996c4e0c5304a63d06ea9f7d683178eb960294100c823c9bb4ff301c4c0c271c6a0a,RAIN,"DARKNESS, LIGHTED ROAD",WET,IMPROPER OVERTAKING/PASSING,2.0,40.0,2.0,2.0
14ec30cb76121d256d3a9fe4f42a0b99b330a9c8e5354670e0ae78ecf0eb3bfa6b2dbd0cf7aec175ba5fb17133d05295ac0526e1556d79cfcf6eba151f87dd5d,CLEAR,DAYLIGHT,DRY,IMPROPER BACKING,2.0,22.0,1.0,1.0
14ec3c6eae09f4cfc72056cfb1e4f8ce46e72459a88abbdb91c48b0e4d8b4721bc8427597d6f6d1948949f1da17a42d5513a668ed6749fef547ad382fa8348ca,CLEAR,UNKNOWN,DRY,FAILING TO YIELD RIGHT-OF-WAY,2.0,14.5,2.0,2.0
14ec3dea3601fc4cdfce1062b71108bbac7a2b0e24660974169086e16f7d669434f648614b0edf4a7e5fc84890e2d06500a446258d5cf47c5117cd7568398474,CLEAR,DAYLIGHT,DRY,IMPROPER TURNING/NO SIGNAL,1.0,62.0,2.0,2.0
14ec41d3c5606e2590980fe5a5cd9b550a68f92534efa0fde9e163cc61195e2f95a593330689a27431c9e90e8c3f8bcbbb447552a2cdd45a7a23bc0cb657b894,CLEAR,DAYLIGHT,DRY,FAILING TO YIELD RIGHT-OF-WAY,2.0,51.0,3.0,3.0
14ec6a96b6a897557771dc6f2b93f679462322967ef640a4a58ac32d0c1d8f4ebb6f9c20d5044caf09d47e9be91b8743c46f0c3cfe47114afaf8ef3591d8883f,CLOUDY/OVERCAST,DAYLIGHT,DRY,IMPROPER OVERTAKING/PASSING,2.0,44.0,2.0,2.0
14ec88530bb009a50c281b3d7785b216bcbdd53a2e06d2ea55d3a31c337a3435ccbc7061bc3c3d2427c9df12da78162c3f846284f592463286347ebcc7c9c3e0,CLEAR,"DARKNESS, LIGHTED ROAD",DRY,IMPROPER BACKING,2.0,77.0,1.0,1.0
14ec971d5561f94c62e6cd545b6938c62c7848f9879d040737e405bbcfe425ed0929cc0481eb834e6363afccd46d18a7449b369588e87231159fb1be2b150500,CLEAR,"DARKNESS, LIGHTED ROAD",DRY,DISREGARDING STOP SIGN,4.0,63.0,2.0,2.0
14ec9a7c9067c1494555419d8709b346035729372a880dfa8a78482b009f87b6be2eddef2f0dc5b9ac12359209f335b7a148742347cad45d6d70f8327540b476,CLEAR,"DARKNESS, LIGHTED ROAD",DRY,UNDER THE INFLUENCE OF ALCOHOL/DRUGS (USE WHEN ARREST IS EFFECTED),1.0,37.0,1.0,1.0
14ed1f6b39637be86349efee2cce972414c4ce197be0e2c75d94fde973eed9faea0dc2b7055db2171aace431bf60b43671c1ea2cc5f6d5da931f1d9341153f68,CLEAR,"DARKNESS, LIGHTED ROAD",DRY,FOLLOWING TOO CLOSELY,2.0,43.0,2.0,2.0
14ed3158d0036cf18b3c84fc181e07c3ac569dcb221b14d9d09d907c0e47558cde0e6584316b1a704786607de9d655080be50a8274cef50c88c0a72639bebcff,CLEAR,"DARKNESS, LIGHTED ROAD",DRY,DRIVING SKILLS/KNOWLEDGE/EXPERIENCE,2.0,16.0,1.0,1.0
14ed4f4bff2d5b664ec026056868c1181bc61d393d653acf89272f059c9018f04446bc346833ed20a1182911ac25ad423d16ea9f52fe80e5deaffbee8544e00d,CLEAR,DAYLIGHT,DRY,FAILING TO YIELD RIGHT-OF-WAY,1.0,37.75,5.0,5.0
14ed53da1043dabd801ffcc69872ce635cb7b8360d1e05d2c55f4819886df3797b87e2e0dad6bf3266980a6afed16d46a00986d0da1f66aa636273b4a35a795f,CLEAR,"DARKNESS, LIGHTED ROAD",DRY,IMPROPER LANE USAGE,2.0,28.0,1.0,1.0
14ed608ed1a5e95d3407319c2071c71370bd3e8722b7e56808efdeeff88b61f710670e4b7eb2eef3ec4c2b4b61cca13f0532cd76d400ed146fa96b368475ffc2,RAIN,DAYLIGHT,WET,DRIVING SKILLS/KNOWLEDGE/EXPERIENCE,2.0,19.0,3.0,3.0
14ed87aafe2cbd321a118982b50b7e39f054b354b47f9c26bc79360c860aa818c344bd196cda9f71b99c6e38303e031529e1535bdd0a6932ef41397958e343ec,SNOW,DARKNESS,ICE,FAILING TO REDUCE SPEED TO AVOID CRASH,2.0,44.0,2.0,2.0
14edd9390c3e85ba494160083fee7e7e2dc0aaff30cd3155f4738526aa23873f55cc4b39f11de970d5b0736fd201b22133149c74b56ded415cb34ab6f8b66d5c,CLEAR,DAYLIGHT,DRY,DISTRACTION - FROM INSIDE VEHICLE,2.0,63.0,2.0,2.0
14ee00833377e96ef8f0973145f0b613d68fb17645a1f34b95d5c0a5e378e4da5b9423bc899e9cd8848ae42ae97370c24d1cfe161e358401352ec148e4d5fc68,CLEAR,DAYLIGHT,DRY,IMPROPER LANE USAGE,2.0,55.0,4.0,4.0
14ee26a48fb2035f118fa0b1e125ffb574461b7c35ff14bd6384fa9a3f043dcffe8456c47d8732fb0077b3e5d339c6d836309d5791e18b9d372fa81d4e308256,CLEAR,DAYLIGHT,DRY,IMPROPER BACKING,2.0,37.5,2.0,2.0
14ee3459ed1eef53a008a85d7a13d892fca038d96791edf44dfd8415208d1f83c0e8e5b6a83d36d975979fa9bdb40f98627912a082d0979790b33c9f26567bbd,RAIN,DAYLIGHT,WET,FOLLOWING TOO CLOSELY,2.0,53.5,2.0,2.0
14ee427924f6f185d0d4073d64eccf80d4946c0f7f85ff612c1cb2e635e2845dcddf919bcc9cc039702121a1575f00323d17fe72e84f2aa9984ba89dde4bc158,CLEAR,DAYLIGHT,DRY,FOLLOWING TOO CLOSELY,2.0,33.0,2.0,2.0
14ee4d0d2af4a92723cfa0e7dc3e73e79440b68681f877a39e8b4daf356b799503a5a35a04b7d2733b99fdc1d6cf2dee462757ff52594c0ac1f2a8238b4b0247,CLEAR,DAYLIGHT,DRY,FAILING TO REDUCE SPEED TO AVOID CRASH,2.0,50.0,2.0,2.0
14ee5d56c15f1dbbce4ab9e7a352536718c2e0d5dda485489c0bb498b77adb646681ad0c2c3f16229097412a2de90f27850667700517a19bd09f2d5e262e8233,CLEAR,DAYLIGHT,DRY,DRIVING SKILLS/KNOWLEDGE/EXPERIENCE,2.0,30.75,4.0,4.0
14ee6ac760d20bd5a8024d660d692d03c55f79b2c11f9d80bd76057a13dc4dca394f11215a9c2c52519342756eecebf9651fa53f230595c7c7b79cd59c7166cf,CLEAR,DAYLIGHT,WET,FAILING TO REDUCE SPEED TO AVOID CRASH,1.0,57.0,2.0,2.0
14ee76d8e90b1e05d09e9504be897f177176795ea23890571d21558fb3654b565f29d83c6088581a5b42d9ef6a2fda852705b278f722b719a8378b607b24f29a,CLEAR,DAYLIGHT,DRY,IMPROPER OVERTAKING/PASSING,2.0,43.0,3.0,3.0
14ee90c6f3fde9b2489dc9d2e7cc71f6ea2b6624a89ac6d00ddef8cf588e2fd4c5b408e1bad96cde431758aceb09e7ea85584d3e663d0284c8ac4a4ec911cf15,CLEAR,DAYLIGHT,DRY,IMPROPER LANE USAGE,2.0,40.25,4.0,4.0
14ef1862f1c80b67f29d9d9c7156431cc1c0be95367e210f9c820a138681f15f1ae4890a94999a5a2555d1121a3ce100855c24f486821f76b46c706fca743bf1,CLEAR,DAYLIGHT,DRY,FAILING TO YIELD RIGHT-OF-WAY,2.0,37.5,2.0,2.0
14ef25fb5b9668e8ebb33aad7c65607360fcc61f70eaa59e58781c21b7eb90297c3799426d41821a73aa025981e324b96806cdc2705db9194878073a4a59413b,CLEAR,DAYLIGHT,DRY,IMPROPER OVERTAKING/PASSING,2.0,31.0,2.0,2.0
14ef26bdcd46e1e1f74ddb8d3af4d7027a5b222e50992dc6290ddb2122ad405556890455ada51c56d19bc40d9a3a5a5527111f1b0ba0884542092c9ef1aa3aa5,CLEAR,DAYLIGHT,DRY,TURNING RIGHT ON RED,2.0,28.5,4.0,4.0
14ef2c0e6c27d3ff566cf28c061115de8f02181614683bfa4e11d8b30b9184a87dbc4ae5ad1af7c1130176f8f85ba53ffca4c3fe80e8a75e691f0fde06d7ef2a,CLEAR,"DARKNESS, LIGHTED ROAD",DRY,IMPROPER OVERTAKING/PASSING,2.0,35.0,2.0,2.0
14ef44e9ebe8c53cbeb000ace7fc73d1235de298ac2659b4c510b26b84e23cae62bd09569fb78c5133a24a4a701e00627a155bddd7505981b2fa0641eeaf09c6,CLEAR,DAYLIGHT,DRY,IMPROPER TURNING/NO SIGNAL,2.0,47.0,2.0,2.0
14ef673be85405e1de256e11934a49497b0d38867a8ae19afaca34ce2aee202489bde9fe149a85effacaa0010906675b2ad466afaaa58995ff27df549fc6e639,CLEAR,DAYLIGHT,DRY,FAILING TO YIELD RIGHT-OF-WAY,2.0,49.666666666666664,3.0,3.0
14ef6a7cf69648c4d846030f393ddebce052f114aeec3fcb05345c84584ed9423ac668c79581aabafc3673a7115cbeb3456076ae8b32ac5777997b5f4f174f7d,CLEAR,"DARKNESS, LIGHTED ROAD",DRY,DISREGARDING OTHER TRAFFIC SIGNS,2.0,65.0,1.0,1.0
14ef6baa55c9714e6b15f654d2aafbad9edcb1bdfeb3ec87f36e63c996acb8fc4a128f9d7282b0b396088916b689b836447ac435b4e86bbf8082dbc0840536bd,CLEAR,"DARKNESS, LIGHTED ROAD",DRY,IMPROPER BACKING,2.0,47.0,2.0,2.0
14ef9d87279f356d175db3949bb1661be9a321c8c2b1aa93eab4e6f9bb0a0603df1dd844486bf5b8f1a03d6df28e72614c992624d2a1941926370d84d0d21653,RAIN,"DARKNESS, LIGHTED ROAD",WET,FAILING TO YIELD RIGHT-OF-WAY,2.0,54.5,2.0,2.0
14efa2a44f4d63e7d42fd26c30ad68ab19f00fa4075c94f1099dc3086ed9362913d10959f1271902efddc1e223d41e2427ab4c97f43708647094bca5f5a4d062,RAIN,DUSK,WET,FAILING TO YIELD RIGHT-OF-WAY,2.0,47.0,2.0,2.0
14efaf989a2940ceb7e0f3b8325d3867234db00ad065e3541f732106711b63495f38942c2721a7036c9a6bf396bf9e23c24cd822f96b284c3d09c9029a3749d2,CLEAR,DAYLIGHT,DRY,DISREGARDING TRAFFIC SIGNALS,2.0,47.0,2.0,2.0
14efd294afc1b4fb723e128a75ae059643dd222127685bb0bd0ff024479b90d8de7ece75d07aedaa625fd35431013252bb8f359995249f9bedc7b20b0adc22a9,CLOUDY/OVERCAST,DAYLIGHT,DRY,IMPROPER BACKING,2.0,34.0,1.0,1.0
14eff8c595f03d5e963d9f1103ca589ead9b70ac177ea9df24bd0b0b5ff9e1bcf4a1b8007726111b37bf6756e38332c0896897426b46d30390d94ac299bfb8f6,CLEAR,DAYLIGHT,DRY,DRIVING SKILLS/KNOWLEDGE/EXPERIENCE,2.0,47.0,2.0,2.0
14f065a0e0ae36b0df2a9d7a1dc5f830233d89cc1a26a7e49bdde71c8a830ab906bfac6297c2975d2bc1afdf35d279398ee53c9dfbf5ff9691bb1787e39ef0e8,CLEAR,DAYLIGHT,DRY,FAILING TO YIELD RIGHT-OF-WAY,2.0,68.0,3.0,3.0
14f06a7e64a3ba3cd3d00064d653c26c5bf25f80d799981bb27fdbe84fe66687f2e1d737c228b4b133be8600ab443462057bd5ed55353d7c886ee743e997d448,CLEAR,DAYLIGHT,DRY,FAILING TO YIELD RIGHT-OF-WAY,2.0,40.0,4.0,4.0
14f07867df3ab4539289c6d5c598d65614ae6d903542488caf0a9711518c5edf84734bd41e63a878b4d931b11b4c548bae6e641fa0d303a84d0049ef94f3897c,CLEAR,DAYLIGHT,DRY,FAILING TO YIELD RIGHT-OF-WAY,2.0,17.0,4.0,4.0
14f07b17b0118f861767ef0f40177769d56c453bda9aa4bf6aeae3aeb6fd5ee0b118c8b187c67b69f8ef0e1e4b2e62d8d371e31bd90fecda861f5bc0c1ba3025,SNOW,"DARKNESS, LIGHTED ROAD",SNOW OR SLUSH,FAILING TO YIELD RIGHT-OF-WAY,1.0,31.0,2.0,2.0
14f0c3df042bab9229d9da1876a470d1f5b40b39767c5c3f7254089ccadd3d9bcf16fa2f9a5e117704109273b72898699011d1055e64c6025da0d16b006f071c,RAIN,DAYLIGHT,WET,"VISION OBSCURED (SIGNS, TREE LIMBS, BUILDINGS, ETC.)",2.0,27.0,5.0,5.0
14f0c77c0dde6f4a14c18bec31b6e68f8001fde100719723850c0daaba8a359189160706584d89d37064a5c32e21dfcdb22d2af6c92c5211580b0fdde00dcae3,CLEAR,DAYLIGHT,DRY,PHYSICAL CONDITION OF DRIVER,3.0,66.0,3.0,3.0
14f0d81a6fb90dae2c0ed74e2b0c346e2228365851630924ea4ae7b43c570ed19d734ee2636fe0d944843321d1f35f3495e15d96db700d9a77c56c750193e9b9,CLEAR,"DARKNESS, LIGHTED ROAD",WET,DRIVING SKILLS/KNOWLEDGE/EXPERIENCE,1.0,37.5,1.0,1.0
14f0eb12ee0c2e93437b1ae743f5d458191c0d0d08f32fda9856c2a8f55fb36b022152b785093859df6d2a56ad51c4f0bfe63a6d23c69e3fbd080137d190ff65,CLEAR,DAYLIGHT,DRY,FAILING TO REDUCE SPEED TO AVOID CRASH,2.0,36.0,2.0,2.0
14f114715acf390bc15d3ee9e9292a9e649697d11d08a39533f5020ed21a9e01a493e9505cd4a516c4b5f5fd8c303f50529f1dd4b35c9b8847da7537b8f98591,CLEAR,DAYLIGHT,DRY,FAILING TO YIELD RIGHT-OF-WAY,2.0,37.5,2.0,2.0
14f11ab5a26fd8d612d02306bd478597df261628683047187f86efc2b806344667be4a285bf3a6292f3b9d48a74d4703f827312e0cb35b8a614e0cbd6baffe1e,CLEAR,"DARKNESS, LIGHTED ROAD",DRY,FAILING TO REDUCE SPEED TO AVOID CRASH,2.0,24.0,1.0,1.0
14f1264aaf71f34711f9db1be213aa4ba2d377728bedbbe8b41a026d16f695ce02caa0f842f7818cff152e8c44d23dfb231a156c84df4e232b3bd36d5b5c2482,CLEAR,DAYLIGHT,DRY,IMPROPER OVERTAKING/PASSING,2.0,46.0,2.0,2.0
14f15960d50545827606ebd4d1d7cfd7ce96e6aa5a727d3575f5a0b0a5e176b7870efef260e04d1ba344bbb95a3b9c20f7acc56148398a6c58689d4710361329,CLEAR,DAYLIGHT,DRY,IMPROPER TURNING/NO SIGNAL,2.0,47.75,4.0,4.0
14f177ae13d32dadd1599ceed7e880835d59c496113130fa27b269f73f40478e6e881a58bfe758dc2e90e7cc84cb27c4a159b28a794a8cf184da30e7dee25a4d,CLEAR,"DARKNESS, LIGHTED ROAD",DRY,FOLLOWING TOO CLOSELY,2.0,38.0,3.0,3.0
14f1972d8d0fa47124fb998564ddca97f31e8683d2785d00631bd9881f56142469b40dc663762153566207388cd4a63a84003d754a195acc9e0da93c550ffdbd,CLEAR,DAYLIGHT,DRY,IMPROPER OVERTAKING/PASSING,2.0,41.333333333333336,3.0,3.0
14f1ca39111bdc60c1f2a06637336f604db2b8bf3577f2f4424a5ce20149ece300f7881ce72c29433ea90ce03522e41f693f6146c19bc46080e5c94f88cc9fd0,CLOUDY/OVERCAST,DAYLIGHT,WET,FAILING TO YIELD RIGHT-OF-WAY,3.0,21.0,2.0,2.0
14f1e9b393d6748dd2bf5d2a29320bae2cdeadbf612ce702efafa03b0a77ad1026f07f9f707a0be38a04fe2fa1b9827748a92222da3013167e80c0728aa75049,CLEAR,DAYLIGHT,DRY,DISREGARDING OTHER TRAFFIC SIGNS,3.0,38.666666666666664,3.0,3.0
14f1f27fc003b129bc02eb2b5e08861ac52c942f765806302ee128f84d49a4255aee3e1967024c466efd9d4e8f217ed345ca021b94ff936ab38b572fe99c3230,CLEAR,DAYLIGHT,DRY,FAILING TO REDUCE SPEED TO AVOID CRASH,1.0,31.0,2.0,2.0
14f20bdef3bdd592c2c8691a5b221fc1031578f129aeb02d1010ac9d27f7590e6ab509f29c565a8199e7740702985c55bc3c0a3e51f77ada0b7cf3094841a2d1,CLEAR,DAYLIGHT,DRY,FAILING TO YIELD RIGHT-OF-WAY,2.0,45.0,2.0,2.0
14f260965c228f766ebeef78f0905de1c5f620b961f2d651a3cd7d58396dc29f6aea9e40b978963852ba3e510a2b591957dface688eb7c5895ef07271bcbc7e0,CLEAR,DARKNESS,DRY,FAILING TO REDUCE SPEED TO AVOID CRASH,1.0,79.0,1.0,1.0
14f29752f952be43c5331e276cf564805c573f50427b875fa0eb1c8f565eb042b30eb8b00dc79e81f34485a6ef434dbbb24bf9e5427464186c690a6452ec98fb,CLEAR,DARKNESS,DRY,IMPROPER BACKING,2.0,26.0,2.0,2.0
14f29b6f6911365010e8d47708399a5c0ca80b8ff2be415fcb375f66cdd938f4618cd7204d71db26c97b3842f018120b7c471e7bfd54bcdafcf38e7bd12eafe5,UNKNOWN,"DARKNESS, LIGHTED ROAD",UNKNOWN,ROAD ENGINEERING/SURFACE/MARKING DEFECTS,1.0,39.0,1.0,1.0
14f2aec5e960661af11fb69d2c5b5ef0515ca2185ec691f697f45d52e3090a62f5595d29a232191e0fc23d17aa374aa37b60568f2ad56b41827537930ae1d731,CLEAR,DAYLIGHT,DRY,FOLLOWING TOO CLOSELY,2.0,31.333333333333332,3.0,3.0
14f31bd5eea070507e23e0fcca80bdab63af90c0f52d5bf23df3c6248acf9958b356cc390410065dc8b81a53e513b4e38ace610c6cf88d51fe8b22d8fc8490db,RAIN,DAYLIGHT,WET,DISTRACTION - FROM INSIDE VEHICLE,2.0,40.0,2.0,2.0
14f3409fa785a6104204a6b9d226dcd4a4a9934f4b5162444bdce14438791615331561a6245903dcc1cca209d5b81a3ed4a3fab353322fa691861f6711cc73c1,CLEAR,DAYLIGHT,DRY,ANIMAL,2.0,26.0,1.0,1.0
14f37367b0de82f4eb90471a545df7aa99ffbe5786c451466a24403e6b2ffa4c62d906db5653d2e546e8967f29d2a9597b66d13e54156f90a3a1bfe4bc920645,CLEAR,DAYLIGHT,DRY,FAILING TO YIELD RIGHT-OF-WAY,2.0,57.5,2.0,2.0
14f383ef5683237d20498788d93f1c8d0d27592e61858da8d85e73e5dc403eb986e481d930b4026c19ca64a2a10c9290560b353b12e410f4435bc11c2e3e1c58,CLEAR,"DARKNESS, LIGHTED ROAD",DRY,IMPROPER BACKING,2.0,32.0,2.0,2.0
14f396a8d10e2a475a44655a6c60f6f9b480351dcf2850357faf0f5becedfb7f80b708ca4781ee3d6578f8eb77dc1ea4095254ef67826ce4b2033531c2c2a388,UNKNOWN,"DARKNESS, LIGHTED ROAD",UNKNOWN,IMPROPER LANE USAGE,2.0,39.5,2.0,2.0
14f3a208287fb73462228c83793cac2cf90a79afdd24e8779c91cf8c84842e375d5509d990e17fb8ec0d970e11ce3b4bc7753eb8c9b4be7ff8cc2948db25b431,CLEAR,DAYLIGHT,DRY,EQUIPMENT - VEHICLE CONDITION,1.0,34.0,1.0,1.0
14f3a21b749a3bff4808400a8c6fb9201e9c3788cfc0e1f33cd13c2389f7fbe59b7122e92ae14006b38f7fc8f87ed2eef0fa8e027862e5ad81579b8574290a58,CLEAR,DAWN,DRY,FAILING TO YIELD RIGHT-OF-WAY,2.0,24.0,2.0,2.0
14f3c145733d626bf7349774409d16ee5add3baa64b5f83c858dd132432fa653e8f9cb542fa565ca0f121991787e2660cb8276aba6fb84e27253efd287800de1,CLEAR,DAYLIGHT,DRY,PHYSICAL CONDITION OF DRIVER,2.0,28.0,2.0,2.0
14f3ec469d1fd56f3dc190a4ba155085069b3234440f2d2b6faf9f35290ea4606a71c640f6e915727b90a2ec65ce4c43684a1a0ba2487d4d2b6f08bd402aa7bd,CLEAR,DAYLIGHT,DRY,DISREGARDING STOP SIGN,2.0,52.5,2.0,2.0
14f43cb073425442b948291fcb8eaebcb4e69df6c28dcca2e8c298620186cd673f857f9528dab90c5bf8058425be85a10b851aae4cb37fc399c04ead9cf110cf,CLEAR,"DARKNESS, LIGHTED ROAD",DRY,DISREGARDING STOP SIGN,1.0,26.0,3.0,3.0
14f4439f906d3fa531158d528a3d34d1621375d3625cae2f3072dd17e1324eea5ff78785f1f4dd0c2578e92d1440234b8acd818201f4dbf0e09ab08c48f8e285,CLEAR,DAYLIGHT,DRY,FAILING TO YIELD RIGHT-OF-WAY,2.0,29.0,2.0,2.0
14f4465641cbaa7d156a6afe4ca2e33edca268e217632d597f71df3e728ff19f159467b18cf203e385ea9a2bcf6a16c1b3474c9baf7d760cec1e245802475cce,CLEAR,DAYLIGHT,DRY,FAILING TO YIELD RIGHT-OF-WAY,2.0,56.0,1.0,1.0
14f458a97ad3e0dcf3e418550559bc6aa6deaf7618df0c1fa4f20510b7fddcdb100a95b30ce2c3fb8750eb15d5c5b309405ed8c61bf4c82aa06371e5379f144c,CLOUDY/OVERCAST,DAYLIGHT,DRY,FOLLOWING TOO CLOSELY,2.0,47.0,2.0,2.0
14f49b1e86c9be07a4d6e90e91aac162d6ffb0924d637c1cf0fbe4fad91631b047365c970e5c3e4c5af97d9d7bb5bbccbe69b9ddb65f476c9cc800f87059d9b7,CLEAR,DAYLIGHT,DRY,FAILING TO REDUCE SPEED TO AVOID CRASH,2.0,35.5,10.0,10.0
14f4b1c07d78f647b6cd10ca31734e1881920adfa57148d619543bff8fb4614f3a5dfd943b7ec3f54d7d2b740756aa9d963bfaba9b7bd57ea0eb45c30887e9e7,CLEAR,DAYLIGHT,DRY,IMPROPER OVERTAKING/PASSING,2.0,23.75,4.0,4.0
14f4c4289cbadfae0be9bc8e965b0138e39d75635248c92e66946f07157bf6576bb24813b5b607d1c8e4a74c5ad5c5297ba4b44b5a198996073c711a034eb05d,CLEAR,DAYLIGHT,DRY,FAILING TO YIELD RIGHT-OF-WAY,1.0,24.0,2.0,2.0
14f4c602dbe04daa7c2a566d941bee7e8f2befe4afb9f5c0fb382b5b6fe3858d405fa006e4257f1dd07b23e4d9d21b568f124164c9b716327cb121f727288a07,SNOW,DAYLIGHT,WET,DISREGARDING STOP SIGN,2.0,28.0,2.0,2.0
14f4c77e8283cd3affc8cb1db8adad02980bcf6e909e55cd0d36628467727b25ef82e5cfe057fee3c212667cbd64b7596d115e19b09a7639d3a54d8170be3481,CLEAR,DAYLIGHT,DRY,IMPROPER OVERTAKING/PASSING,2.0,32.0,3.0,3.0
14f4d4458ac302c609a6d0bdd1f2fb253fefb1326dbc17982cae74da90861a13b619b581612faa972c6c78c7ed627564b8974490d7efe48e66c93b0d6c907e15,CLEAR,DAYLIGHT,DRY,IMPROPER TURNING/NO SIGNAL,2.0,30.0,5.0,5.0
14f4e3e7d3d44f517178477423b744f92849cbfc34f76324c0515fbb03a8ae3e9bfb716ea97ab2e9a1a43123a5051263daf8feeaee2666315a18b7a3e52ab02d,CLEAR,DAYLIGHT,WET,IMPROPER OVERTAKING/PASSING,2.0,32.0,2.0,2.0
14f4f4239f481ab89f02515480abfba9b97ee871b8e70a4c38e775744c23599f19c1e8625f41b0c6a0b82c8de60e16306fc4ba86fbe6bd929be5ee3717214bd5,CLEAR,"DARKNESS, LIGHTED ROAD",DRY,CELL PHONE USE OTHER THAN TEXTING,2.0,47.0,1.0,1.0
14f53c81d242380d791a8739de039ac8606dbcbe90a2d7b91a24669cfe069771b35c9ef50cf1d99d6762933d6e271d712391d57f8b7e762b88d043e7d25943ea,CLEAR,DAYLIGHT,SNOW OR SLUSH,FAILING TO YIELD RIGHT-OF-WAY,2.0,37.0,2.0,2.0
14f548160afcdc42b889cba373f51e5fa27b615a41f6f51c6c4a1fa457c5bce219bd87e9ccf964b6605ec9943971b725686c3385c5f93f76e3e7c7df16a04da9,CLEAR,DAYLIGHT,DRY,IMPROPER OVERTAKING/PASSING,2.0,33.0,2.0,2.0
14f54b06f098b40eb31f1489a5dca88ed17023705305c5a7f7594c437797a684a62f02c0d09bd56cfd235102c03ad19f2ab64b6220db9cabee68f56b22a514c6,RAIN,DUSK,WET,DRIVING SKILLS/KNOWLEDGE/EXPERIENCE,2.0,17.0,1.0,1.0
14f54dac89877011b1fd5753de09411701911731e5ee1932d8c9692f81278b17195a2d6d026a41b8d49c14c483da08dd10f1291e3468c909a4d13a0edca6dd86,CLEAR,DAYLIGHT,DRY,DISREGARDING STOP SIGN,2.0,69.0,2.0,2.0
14f57b4371ddf822d18aa495959d888f09fe2041490c752582de70e3670a907267bd4eb4aed900d780f17e81fca659bfd121b226f4743acf23a07c6599b342e6,CLEAR,DAYLIGHT,DRY,FAILING TO YIELD RIGHT-OF-WAY,2.0,36.0,2.0,2.0
14f59477fc1a0f48ac680b54cb2d472ab4f27e83022e1e3ab1ad87187e2d05c11a40fca9fc88d5f8b319cf7e77f7aadaaac039ba918a65c459eb420b8ce3e686,CLEAR,DAWN,DRY,DISREGARDING ROAD MARKINGS,2.0,48.0,2.0,2.0
14f5c506a564749918ffc7bed38f42bbe04438660420627f0cb4a996c2b1c50d5d039ac668883646b66b45cd77cc351a992f5bb297595005a8c994a1f0c00d4d,CLEAR,"DARKNESS, LIGHTED ROAD",DRY,FOLLOWING TOO CLOSELY,2.0,33.0,5.0,5.0
14f5e72ebed9a0688e029c7b9d905792f4a9121785043883e8cbbf2b5334fc98fe8bfdd798ef53ed4857925255dca48ba51f37fae927904b99b242b58988b2a1,RAIN,DAYLIGHT,WET,FOLLOWING TOO CLOSELY,2.0,58.5,2.0,2.0
14f61042cf1d91f6f95be4c2a10caa64525ff78fa6656f34b4d2c764f6d9cc339fbe0424eaa0209cb5352417ab878f532cb9896f111e8c5cdbafbeb72d7bab59,CLEAR,DAYLIGHT,DRY,IMPROPER LANE USAGE,2.0,40.0,2.0,2.0
14f63fc1ed1a5832a20a1f8ea16955e636c805ca94745b245c0815b51197678b573fa823e7eaaf7dd04e287ae093a7c29b02cf5481786044bf7e031cb477783e,CLEAR,DAYLIGHT,DRY,FAILING TO YIELD RIGHT-OF-WAY,2.0,42.5,2.0,2.0
14f64d1ba31c214743154867ad90e7d6db82217deb33c874038bd7e644faed67fadfb1d6c7bd9d26b2585a90e79fdcd9549320146b4e2508b83e09d32c6797e7,CLEAR,DARKNESS,UNKNOWN,FAILING TO YIELD RIGHT-OF-WAY,2.0,40.0,2.0,2.0
14f64eef5d4963612b333e8d389ebdb9d85d4cdebb48b6b8d9d1a0f551635dd9c49166ede2d4ae353a3a10470ab4a1cfc5430617b793bb0add739535b8457b16,CLEAR,DAYLIGHT,DRY,DRIVING SKILLS/KNOWLEDGE/EXPERIENCE,2.0,41.0,2.0,2.0
14f65938c1e84cfd4713174088f70ae15ac76cee9f38e134c2127645aea6a633e76a604e79b69f8e1005f3daf61a12fbcd9e1fc6e9da12c1b843df0f6f2c38a3,CLEAR,"DARKNESS, LIGHTED ROAD",DRY,IMPROPER BACKING,2.0,22.0,1.0,1.0