crash_record_id,weather_condition,lighting_condition,roadway_surface_cond,prim_contributory_cause,total_vehicles,avg_driver_age,total_people,total_injured
14f661f087ba3ed2be28b6e5651de4b99ed654b011a46f9076be3cfc8ce0d3e797cb31a9b2c3221a6518e7e132eaada4a1a1733734d558bb0619e349d7ba0bcd,CLOUDY/OVERCAST,DUSK,WET,PHYSICAL CONDITION OF DRIVER,4.0,51.333333333333336,4.0,4.0
14f67712ddd4c2edde37bd841e6c7218cace7559b24cf579b76f8908545a73e4e87cc2c06bacc9d467cef133b923b3aed0f45738b70c6e315b3a817a1a514c0e,CLEAR,DAYLIGHT,DRY,FAILING TO YIELD RIGHT-OF-WAY,2.0,36.0,3.0,3.0
14f679c8c1afab2e56e108efa282eecfcccb65fe5ddf1e9dd53f59de38f4edf7705bd88599e1e5dc5300ea666c993bb6da006e4984cb55e221a51b3f74f66d47,CLEAR,"DARKNESS, LIGHTED ROAD",DRY,IMPROPER OVERTAKING/PASSING,2.0,33.0,2.0,2.0
14f6d54710e7dc4a77cb7e34f67c9ce5aa67e574bb622bc5895725331c431ab54c032daa80b0d799a3b57ae1e1df7730fab441d1fde12e472799e5c56b99a754,CLEAR,DAYLIGHT,WET,FOLLOWING TOO CLOSELY,2.0,34.0,2.0,2.0
14f6dc6b5d0ea7e6e660029ff1db5dff5993b8378a701a79b3829d094f55b9ae2cf58538cecb80532fcb91d88f044ea33895c9fc21048c5a87f4f6d9f4f3fb14,CLEAR,DAWN,DRY,DISREGARDING TRAFFIC SIGNALS,2.0,17.0,2.0,2.0
14f709d7159cb300fdf055d79423421a59ad9003b8fb11cf2223e62ddaf635a36685e93fe0a62784f589b4aa72dbaab0544f0ac7920b066af708166a8afb036d,CLEAR,"DARKNESS, LIGHTED ROAD",DRY,FAILING TO YIELD RIGHT-OF-WAY,2.0,37.5,2.0,2.0
14f7458e864a974951f7bbfa85b49d63e8e0b596a6238659223a30367ef5bcda873cd12c08717cc61cc7c4a5a6895141da7e9ab1315af0cd611d251e4f658f41,CLEAR,DAYLIGHT,DRY,"VISION OBSCURED (SIGNS, TREE LIMBS, BUILDINGS, ETC.)",2.0,68.0,2.0,2.0
14f75b0119c970b0b2a57aaca7ce98e0de2f6fcc8f709c8d8cdad7a429742e71798d58ea4ff5eca116046e87ccf67d4ea1f8c030aa049cf8f3fe363c767d6c01,CLEAR,DAYLIGHT,DRY,IMPROPER BACKING,2.0,43.0,2.0,2.0
14f791b37b613a38758b79d1f2da8d1467a01e949d5dad6a4fbb947219adf3f4c004696a5219d90c9f5ca5359c1e53c8671ad8c60dd89261ba6789af29b604c9,CLEAR,DAYLIGHT,DRY,IMPROPER OVERTAKING/PASSING,2.0,33.0,2.0,2.0
14f7ad3c8b3ffed22e1898c922a873fefa18eee837a294768647afbd4eba05f367b24cb0b12824c9eb4e8aee940f4869e1073e98ca42bda419483600b2d046f6,CLEAR,"DARKNESS, LIGHTED ROAD",DRY,IMPROPER TURNING/NO SIGNAL,2.0,35.0,3.0,3.0
14f7ae1622991333c1eb80c855d5b99879aecd3790f910a4d75bdeca46320e52d45e9b26e729cf4bd8bbc0e005c32a77a6a81a56999e81e138cb100068872986,CLEAR,DAYLIGHT,DRY,FOLLOWING TOO CLOSELY,2.0,43.5,2.0,2.0
14f7d314904fd1fff873cce0d9118e96a1ed542a3ec26639f6ebea2ec63ea881269809a0def964325ff2d79437fb70217e49146ceed32494be353129fa58973e,CLEAR,DAYLIGHT,DRY,IMPROPER LANE USAGE,2.0,46.5,2.0,2.0
14f7f43b9644439e0f717283ea1a62db714aff8277e179b0bd5092ca66ccfa752803d38d04d1b5c385982b75acb2a4bae7da59a77bd4c8c9d83080658609a727,CLEAR,DARKNESS,DRY,IMPROPER BACKING,2.0,20.0,1.0,1.0
14f7fcce204f0c7d3c90c4eb32933c1f2b7b80e01ea5a9d532f093cd28ea2ef24b32fd61d9800cb49bb83c8120d41e2473e27710fa0cb48f92fcaef47b703aaa,CLEAR,DAYLIGHT,UNKNOWN,FOLLOWING TOO CLOSELY,2.0,32.5,3.0,3.0
14f8101b9cbfcfb7da904e539d22e200583df450a1c07a163eb9e120de487bcb83438dc5b1b0c02e09bd6e5f5b5edfdd07ba683953e8b23a1098da17780406c7,RAIN,DAYLIGHT,WET,IMPROPER BACKING,2.0,43.5,2.0,2.0
14f8149307efc132eebfc31c05df59f0904ef009ab77fb07691d7850b3118fa88ba7114aa908ee78dc54ef6f4de65d5c43a9a1ac5df54c6fe565e0915dc4a726,CLEAR,DAYLIGHT,DRY,PHYSICAL CONDITION OF DRIVER,3.0,83.0,1.0,1.0
14f8182a7c53a1b2a888dfd0e857c1d16e846386ab281e6ed86d0734dbee4c2775a375aa317a1d75e991f53ff9c21d7230007b7ca6dbfa26f52358e7a1a1a1f9,CLEAR,"DARKNESS, LIGHTED ROAD",DRY,FAILING TO REDUCE SPEED TO AVOID CRASH,2.0,65.0,3.0,3.0
14f83d10a87be59f6824fa23390ae9991241eee0c09b32fdfe0f0ffcb6ae2df8ccc92c9572560c0cd34e74b5e401652dd9d5ee1b54f4cf5b4fb31f41b4852024,CLEAR,"DARKNESS, LIGHTED ROAD",DRY,FAILING TO REDUCE SPEED TO AVOID CRASH,3.0,52.0,2.0,2.0
14f86ee999f334136c236dd0f6207629388fc8f0114afa8c6a91a5044bea106fd553f737ff31ffb8be3e1ab4b92bd8771bf1baeebf93489cf929e803937b0b72,UNKNOWN,UNKNOWN,UNKNOWN,FAILING TO YIELD RIGHT-OF-WAY,2.0,46.5,2.0,2.0
14f883dca0a69d74862d4c83a9965eb945be8661345e33802f99e42ad9850df0ffdfa57feb1440330cf478a93a3a691c61da4e087e2ce63b2d6a6083a9d88ba4,CLEAR,"DARKNESS, LIGHTED ROAD",DRY,FOLLOWING TOO CLOSELY,2.0,47.0,2.0,2.0
14f885c9adecef51d66b25e2d0c3829ad9d82734af8ab80b6d2a22947872bb0d34bca0eaa11353b75e0d04e22333b401698657d4be1175e4b940333fc2f76af4,SNOW,DAYLIGHT,SNOW OR SLUSH,DRIVING SKILLS/KNOWLEDGE/EXPERIENCE,2.0,60.0,2.0,2.0
14f8fc9d614f33705bd1edcf2489c67f4198c520a6e45106fb363818dc5405b7121334bd91ae5c787ab85d01c30252043a972ef1f761f467f5a735b736d59420,CLEAR,DAYLIGHT,DRY,DISREGARDING TRAFFIC SIGNALS,2.0,21.0,2.0,2.0
14f8fdf642e7cf242b08dd7b4bbf3efc2de417af67439a886be29cebdf2d120cc691092c82f1ff9172bbf5faa1be7a247c77b4bfa50cabbc8f3605bffaf311de,CLEAR,DAYLIGHT,DRY,FAILING TO REDUCE SPEED TO AVOID CRASH,2.0,36.0,3.0,3.0
14f900180a8ea748853c8c2a1be182c7156c2cfdf1152131b6da60818eeaec5a877cd2bdb0f51014d87d85b8c19d5210db91e3838cdda807f8543d621b550dfe,CLEAR,DAYLIGHT,DRY,DRIVING SKILLS/KNOWLEDGE/EXPERIENCE,2.0,29.0,2.0,2.0
14f91fe28919e70ae6ecbb17e9a6e75a39f828df252db9dab2da749dee786a1d0a1af886ab028f91f3627fc03ee74888acf3dbf31127a8dcc7985d14bc9694fe,CLEAR,DAYLIGHT,DRY,ROAD CONSTRUCTION/MAINTENANCE,3.0,31.0,1.0,1.0
14f92dbc0e038e4295c0d4632444b7d4d875a9208dccc82efb1e0042ed0e0c9bd4f33e90ca2b8c6e54d8dac8d5a94eac1bd1cf1b6db083931219bc4307446b91,SNOW,DAYLIGHT,DRY,DRIVING SKILLS/KNOWLEDGE/EXPERIENCE,2.0,37.5,2.0,2.0
14f968e5be4ec397024f61461340d8b9cb6e6ed8214344a625fd53497824fcf4fda9462eb78e43233873a9c9aa93dcd800f152cf031feb959335be7399551e3c,CLOUDY/OVERCAST,DAYLIGHT,SNOW OR SLUSH,DISTRACTION - FROM OUTSIDE VEHICLE,2.0,38.5,2.0,2.0
14f96c3fbaca5ccf0f952efa020b2fac38836d9809e732f40817c173edbf5272a9496517b3f2a32e0a014bd5f6f64405ea42345cdaccf488a03fc4d78216e7bd,CLEAR,DARKNESS,DRY,IMPROPER OVERTAKING/PASSING,2.0,80.0,2.0,2.0
14f970fb999209031136ea562e35e6c27746f58cf8e43c639014da08b2a6667237f588603bad99dae7b3694fbf191b032aecb1ffcb29ebf62569c99a4b288a42,CLEAR,DAYLIGHT,DRY,FAILING TO YIELD RIGHT-OF-WAY,2.0,59.5,2.0,2.0
14f97c367d2ebc76cb2ce36e855b1bdaa9f0fc2c27450a1efd84d12335d1ea35d95adca1e2e2156c6a97dbbe08f06ae056f147a50dc41942821fa5790f5da260,CLEAR,DAYLIGHT,DRY,FOLLOWING TOO CLOSELY,2.0,30.5,2.0,2.0
14f9a00144c5f8ed5794a2dba9f3649624fa98711806a771ce5d8d60b98ed38911d072930893548bea208171fb5a10c544751679de66d764bf51c1d500482b93,CLOUDY/OVERCAST,"DARKNESS, LIGHTED ROAD",WET,FAILING TO REDUCE SPEED TO AVOID CRASH,2.0,17.75,4.0,4.0
14f9a97b4576cbc221d4e9abb87bac7e8b61f248dda2d020208e9fabe1bdf754e445de348e7b0ab4898339cd86dc9c839670f456c843b20ac274419cad1f89e4,CLEAR,"DARKNESS, LIGHTED ROAD",DRY,FOLLOWING TOO CLOSELY,2.0,50.0,2.0,2.0
14f9cba76af6d260d445d0f08e409d20e9171ac7391b4949b7b60428d31449ef8734bb89fa8f9ebe68b0c8951ec770434a563337d30a6f1ce270d9d3c30f50a4,CLEAR,DAYLIGHT,DRY,FAILING TO YIELD RIGHT-OF-WAY,2.0,34.0,2.0,2.0
14f9cde7ce759dac8b4d20303ed77f27bc53ae451612864d4139f1cbe7c9d09de1e5cbd6bd29db2224e7594ca0ef7a31d5a107324b28591be16f8c66305d2fc8,SNOW,DAYLIGHT,SNOW OR SLUSH,FOLLOWING TOO CLOSELY,2.0,44.0,2.0,2.0
14fa0035466dde4cb4603655140a5b7277656d1114b97f61672355b2523e1c402f295f25f1d87bcd3f7e1bd906965fd31ab29db140b9331dd6f24f2591992830,CLEAR,DAYLIGHT,DRY,IMPROPER BACKING,2.0,26.5,2.0,2.0
14fa2b9d6dd732915e470678e01c11f39c9450bf60fef6a221ca65965401611c752e87e64ea4021779f4b0f2ee609c4ed75c4da0663c6e91b4f6bf2b50236559,CLEAR,"DARKNESS, LIGHTED ROAD",DRY,IMPROPER OVERTAKING/PASSING,2.0,64.0,2.0,2.0
14fa33c1b9b26fce8b94866533b77b86fa377ce1a2d11183b9e65ccccb223721d3ed04ff039e09aebc30b6dbc9a1265bb79a980985c2d7e9b27ba15f7fa8bf89,CLEAR,"DARKNESS, LIGHTED ROAD",DRY,FAILING TO REDUCE SPEED TO AVOID CRASH,1.0,37.5,1.0,1.0
14fa54d929ac0cebd32e93f7d964dd37c47e68da8d1b9922968ff00485b029eeddd0314d8f4b6eab70b15a1e91968b9c63438558e048def601c1c8d1370c5709,CLEAR,DAYLIGHT,DRY,DISREGARDING TRAFFIC SIGNALS,2.0,29.0,2.0,2.0
14fa8541dee677b12aae98fecb844f5ab69e68b7e5af52b60ba330fe3198a4207305aa9fe3d47fbcf3ba6ca2332916674718cec3581668e7c165ee0269c30fbb,CLEAR,DAYLIGHT,DRY,IMPROPER LANE USAGE,2.0,52.0,2.0,2.0
14fa88fa565ff179fa66c8d3dffb14ba4f952df0770272fdd6400e8398e7ae26bba59f52006c7a216a62c99417f7b31ee78639ccf45d50ebfd428c10629e1e03,CLEAR,DAYLIGHT,DRY,DRIVING SKILLS/KNOWLEDGE/EXPERIENCE,2.0,49.5,2.0,2.0
14fa89df09a47b995c96b1a52b37656902054231931b28afb836be4e585a67e61d46cadeb622a9d7ce148ab415162455c26337a4f526973c93162e374b02cb97,CLEAR,DAYLIGHT,DRY,FAILING TO YIELD RIGHT-OF-WAY,2.0,70.0,3.0,3.0
14fa9ed04740df042eb2c7355c7af952e2689642655354bbdcc4ba50f6c8d5437d52c3cc40742c9815e72d0d8ac765c2184570bb21fdbc31deace1d4667f19aa,CLEAR,DAYLIGHT,DRY,DISTRACTION - FROM INSIDE VEHICLE,2.0,27.5,2.0,2.0
14fab2449916b431d910a89575ca690c3cdda3872a2139824ee68f793b64348467612af0ca2696435d446c7325c84a4f203a69d965e95ae40d59e4b1d5db0681,RAIN,DAYLIGHT,WET,DISREGARDING TRAFFIC SIGNALS,2.0,40.5,2.0,2.0
14fad54453fb6d248f9ac04d90ff87a20ebae21a72fa4a8b35ebee6bcfa76c241dbf2d5a02167df60fd6aeeeb8f985cafca0c2b05177366dc26d4ab4d6342c27,CLEAR,DAYLIGHT,DRY,FOLLOWING TOO CLOSELY,2.0,23.0,2.0,2.0
14fb3dc8b2fae1213db11356670d5e3f10a625ad49685dc7f1a5444dac2478ce72a2ceb06b2d71ad33d439f090c13a8d89c294fdaabc56fe86f6f0733f5faedb,UNKNOWN,"DARKNESS, LIGHTED ROAD",UNKNOWN,FAILING TO REDUCE SPEED TO AVOID CRASH,1.0,37.5,1.0,1.0
14fb45a49809e0b07c284daee7302ef10c5b176a2802f8234fe3834281b6d3702a3c33b747a8f844e4b7509ae6d11beb800ce85ce0745c3126865078746d7440,CLEAR,"DARKNESS, LIGHTED ROAD",DRY,IMPROPER LANE USAGE,2.0,38.0,3.0,3.0
14fb58c85af724bd1615a6005b2fa70fedaedce081ef37c92bfe4d638fe6685173da0a737e38545ea015c0c44f6b36db380ed10e8b35df5f40aeed5b9fdee6f2,RAIN,"DARKNESS, LIGHTED ROAD",WET,IMPROPER LANE USAGE,2.0,42.0,2.0,2.0
14fb7975bdadf59c4ddddc428caea3e7beabde30a0316f4c9fcd9ae838825821fcc0d6c542936ab571b04d29e62391ef261ae82fa144704f2ee0bbd4404d3baa,CLEAR,DAYLIGHT,UNKNOWN,FAILING TO YIELD RIGHT-OF-WAY,2.0,38.0,2.0,2.0
14fb972b73d4dda97496882b3e958619165ec2e0cc0dfc0c2affe593e135b662946524f788b28308c5fca6739eeff54dfcce59fff93cb3a40e1d7c403b35aff6,CLEAR,DAYLIGHT,DRY,FAILING TO YIELD RIGHT-OF-WAY,2.0,31.0,3.0,3.0
14fb98109a7f2df610ff4332f360a87d9012fe87f2ffe3e2ae2fbb07fcc9ce5dbf1803037e6ec2e47eda8b7566a5f1697872444b3191a218c9d722f05cdb35ea,CLEAR,DARKNESS,WET,DRIVING SKILLS/KNOWLEDGE/EXPERIENCE,2.0,65.0,2.0,2.0
14fbc06ad0ca7d13d7e7b7d9ea8fd07cac134c28cd6876b16aff2e04e9820968168622646c646dd25d84fde210f8f4ac2ee19e23fc3c1186fd8ffa919996e95c,RAIN,DAYLIGHT,WET,FOLLOWING TOO CLOSELY,3.0,54.0,4.0,4.0
14fbc5461f4d15f1bc0f271e6d5203d07322fefda0fdc50d598c589d0a4ace5c464d290e1262c3b22c4e83de5d850dd058969f4ad1bf97428860718202382eb7,CLEAR,DAYLIGHT,DRY,IMPROPER TURNING/NO SIGNAL,2.0,48.5,2.0,2.0
14fbcc16e53e0644ef0bdec87efede0a11ead60bd16783e78b63d263399c0a7021daf55c973901cac098b7b2356e2b9887810389022982a928c48c6d2f02c396,CLEAR,"DARKNESS, LIGHTED ROAD",DRY,FOLLOWING TOO CLOSELY,3.0,51.0,3.0,3.0
14fc125f22ccfac3d692a573d1697e9f3ab000532037905d78bd9afa03520d6d732bff0fd4e9e3b28500be8db430727051a140b67c6614ec81d6e9e42bf51f5b,CLEAR,DAYLIGHT,WET,IMPROPER BACKING,2.0,72.0,2.0,2.0
14fc1a9e9ebfe6182d822d1b723d4cd6f4e0077d522b4361ee6f4b82370f52cfa40365e389f9ce34708036c4fd3403a647c592cf30f5af3b90383490a6490f2a,CLEAR,DAWN,DRY,IMPROPER LANE USAGE,2.0,34.5,2.0,2.0
14fc28726d26d63c612c6d02cba781761d4bcc786c28a4a9f008fb927a38970257bebfcda2ae5ec21e90b5c6cb23b94fe983e278e4d296e5ff7c9ae368be3879,CLEAR,DAYLIGHT,DRY,FAILING TO YIELD RIGHT-OF-WAY,1.0,28.0,2.0,2.0
14fc41e94c483587cea5db9d8afbdb57ac3d53900350de6bf7e6e3c4373c5fca393cd81a5cf581bcb1a2bd76b36472f0593c66b2284c899787336c60270fccb5,UNKNOWN,UNKNOWN,WET,IMPROPER LANE USAGE,2.0,37.5,1.0,1.0
14fc5036255b0750ac991a0590ef6de6a8b3a6070dc0895b958b6ecc4e96c5bf874bfa0b549643c23dd638fb67984fc926d27caf85d50101716fd792678fdfeb,CLEAR,DAYLIGHT,DRY,IMPROPER OVERTAKING/PASSING,2.0,54.0,2.0,2.0
14fc5ef6180283bdad05f24d04b27a99bfeb8fef0f2aa2316be1193d7b5e6c22d6e799ecc70fbc2b648061ed9d73d0ed5329af339f3114774751e04d734e997f,CLEAR,DAYLIGHT,DRY,FOLLOWING TOO CLOSELY,2.0,56.5,4.0,4.0
14fc5f626d6c539912f2d3904c21a5d719024a017751814fbafb7cbfb33cda34bce0668ca8f871fd921517bf2f40a354c127d1313c19ec36450fb939d69627e7,RAIN,DARKNESS,WET,IMPROPER BACKING,2.0,52.0,1.0,1.0
14fc616db83000e28d672601062a56d76583c0889a764b3e62886980c9b2c096e14440fb25992478aac365e255157643f3e4133e3c8ce8cad925a06680c4e8eb,CLEAR,DAYLIGHT,DRY,FAILING TO YIELD RIGHT-OF-WAY,2.0,55.0,2.0,2.0
14fc623e76d422cd1d5ce6fd26f0fd24c042ccf76456d8d2c3c40913184386c0854228a1aaec30d96970c6523501b75a525e7fe0ae863440df4216d5437004ea,CLOUDY/OVERCAST,DAYLIGHT,WET,DISREGARDING OTHER TRAFFIC SIGNS,1.0,72.0,2.0,2.0
14fc699240974cb2ced50760c6a4d33377038811935e160dfa808059e7174cc505d17164d4da55324fd3984fa0a743282d3c8d4c9c54b93887735056c0bf97ab,CLEAR,"DARKNESS, LIGHTED ROAD",DRY,FAILING TO REDUCE SPEED TO AVOID CRASH,2.0,39.25,4.0,4.0
14fc89d3184016f3cfcf722746ff5498c754fafa4598c95c19974c75e41d34ef62cb146ea3af0eb001ed83afc913b1d67d2c4ff81b94c73374ec2dd5265341b7,CLEAR,DAYLIGHT,DRY,FAILING TO YIELD RIGHT-OF-WAY,2.0,25.333333333333332,6.0,6.0
14fc8d2f826fd2ae373e8824d2924f2ec0756f4db34f3f0dc9d445a12d95f2a0e33631bd1fe1f63d56ca34f8fdee921d8d6d4aa8c1235d7708b184fa7cc2cac7,CLEAR,"DARKNESS, LIGHTED ROAD",DRY,IMPROPER LANE USAGE,3.0,20.0,2.0,2.0
14fc9f354f1c66872741986733b20d2b469941b25e33d94a4d2e75d81df821b739e3089dfb1ec6e8fc024210598ad2fc5d98641966f2ec0daf6bf995f9152e7f,CLEAR,"DARKNESS, LIGHTED ROAD",WET,PHYSICAL CONDITION OF DRIVER,1.0,36.0,1.0,1.0
14fcb4d4e6dc61df705c866d155dc7dc8603720d4515367bb06298c180cbb7cc55d2f8cc605de75e65e77533c5cb7eb3c16077fb664ce01127bbe197c492ecf6,CLEAR,DAYLIGHT,DRY,FOLLOWING TOO CLOSELY,2.0,64.5,3.0,3.0
14fcc199f7af29ecd5ca92bb69a3e2801e96eb9f714cad08e0e69a3af23ded0880b15877241106dadec30cac6570ec09c334c7e586deb87717f92b440198a95e,CLEAR,DAWN,DRY,"OPERATING VEHICLE IN ERRATIC, RECKLESS, CARELESS, NEGLIGENT OR AGGRESSIVE MANNER",1.0,30.0,2.0,2.0
14fcecf8455fe84d2287900bb0ee6b693d4b0d565560a8881f0465ea1b1aa2374232545e6ec08d8ad71f2530691369f78ec96d8b7e4923913269f652f3bc5500,CLEAR,"DARKNESS, LIGHTED ROAD",DRY,FAILING TO YIELD RIGHT-OF-WAY,2.0,53.5,2.0,2.0
14fcf5cb9dede59b1026faed1994f037d9439956ea211500f51e51c3774ade70c65bf0198656fa71a1bd1b343631750efba26fa49907bf406e2f77391a671397,RAIN,DAWN,WET,FAILING TO REDUCE SPEED TO AVOID CRASH,1.0,37.5,1.0,1.0
14fd0661baf5ffc70181728883f7c6ad15e819e81a43821677ec2d2d200be8184df69943c922ef41e20d6d63a3dbf0a81e843dc7e7d73cf4945356d154dd9127,UNKNOWN,"DARKNESS, LIGHTED ROAD",UNKNOWN,FAILING TO REDUCE SPEED TO AVOID CRASH,2.0,40.0,2.0,2.0
14fd0a83ba0ea9de3db7774f652de1125b38af72d495595fc220baff93c644d1bc66257167a41401f888a159998fbc46127e4c45dada0589df87e042cd269afc,CLEAR,DAYLIGHT,DRY,IMPROPER TURNING/NO SIGNAL,2.0,38.0,2.0,2.0
14fd10b0d748862802f332666bfeda47f51d980dbd638ff6e262de6a473eaf7931d9306b2651dc097e3e3dde1801cadb2cd7f97878401c089fcb3dc4096ce8cf,CLEAR,DAYLIGHT,DRY,FAILING TO YIELD RIGHT-OF-WAY,2.0,21.666666666666668,3.0,3.0
14fd2763b55f6819916a9864f3457d38f86bb34e34787e045f002f53d6d6d4909e228c5bd14552f4cdbd7d05d2d8474dd30ca1e963a9306370dd5e5d142a627a,RAIN,"DARKNESS, LIGHTED ROAD",WET,IMPROPER OVERTAKING/PASSING,2.0,26.5,3.0,3.0
14fd334a2abbe06140cc8835315b1f956872e057e9ba7a5bbf93cacb1e59039738005727ff9f9a33a546856d33f4e37da9405b5f18482ec592df0e78dfb20930,RAIN,DAYLIGHT,WET,FOLLOWING TOO CLOSELY,2.0,26.5,2.0,2.0
14fd3d370ad2e209aea71f6db84eb8ec951b31db5989dfb5c3612df09096fccab6cf4895291610061c62d5278694c95b0ab6e5a83493945a4f6c0dc1470c6f46,UNKNOWN,UNKNOWN,UNKNOWN,FOLLOWING TOO CLOSELY,2.0,19.25,5.0,5.0
14fd5a79ff444ca83f07dd34cc6cc2f51c64dace071ab52947f3e447714bb4b877019a9f5904d21118ae716fc22ae97eae01a9bc9889c61a836c52cdd5626954,CLEAR,DAYLIGHT,DRY,FAILING TO REDUCE SPEED TO AVOID CRASH,5.0,35.0,5.0,5.0
14fd7875bebd40217d42c099c8b83391b75c2c6a60da0ff097e55998e031f2e42b2b17f3e06b5df406173f9cb342533a0157aa093084fff4f4274639d6d24660,CLEAR,DAYLIGHT,WET,FAILING TO YIELD RIGHT-OF-WAY,2.0,47.5,2.0,2.0
14fd7f8e35101972c76c4a6f3ff9068a389758f316f45fbd2123800b157b4e0c0bc705462c5e8727d8a3a0a42028bf43788bdf4c2d30738e2095d6ebe2bd2218,CLOUDY/OVERCAST,DAYLIGHT,DRY,FAILING TO YIELD RIGHT-OF-WAY,2.0,49.0,2.0,2.0
14fdb29364d318dbb18612557595114ee349138b59e59a4e6bac8418b98cb4d03624ce866ec3ade6527ba128ba81e814f611a028d8832269a11622016bc172ae,CLEAR,DAYLIGHT,DRY,IMPROPER LANE USAGE,2.0,47.5,2.0,2.0
14fdc17a454cc83376d5b9b3f3eee932d2d8d734841a882ef35f28f9a7d04f0afc13303c00bb2bcd57a8e84a93138dfabf173be3f79f270c1180c0bf4604b76b,CLOUDY/OVERCAST,DAYLIGHT,DRY,FAILING TO YIELD RIGHT-OF-WAY,2.0,35.0,3.0,3.0
14fde97f5f8d6cb8eff37a268bcc8e135f46e1dc6a5518873f20fa9be96e00673b8b97b90e13c90ba7671d11eb84033e73aa1b1eef1a5e174a81dc6e7c0fe044,CLEAR,DAYLIGHT,DRY,FAILING TO REDUCE SPEED TO AVOID CRASH,2.0,18.5,2.0,2.0
14fdf9b4075a467865d24db6c504a3579baa1dfa2387ae2f173cc1d9a1e130b9fefac61b813e8e1c26e0b47e97a4a851cc754666c175dfdd7c565a0bf3ce5433,RAIN,DAYLIGHT,WET,FAILING TO YIELD RIGHT-OF-WAY,2.0,43.0,2.0,2.0
14fe3ffa15cb966bdcf431a47b68e945d8a25613f7bbd2230a0ac67b8bf544db7bfceaa1160e77f5e10c24f96fa20d22681b1b655dbc1474f79b37e864d33c38,CLEAR,"DARKNESS, LIGHTED ROAD",DRY,UNDER THE INFLUENCE OF ALCOHOL/DRUGS (USE WHEN ARREST IS EFFECTED),3.0,22.0,2.0,2.0
14fe68cf35858c5080bc03fc4966886089a8548344c9ce2d0464d4824d800d7cb83434b3835434c40be14b2b694d535a991ba58e912fc2a0f6bc1dcfd617e260,CLEAR,DAYLIGHT,DRY,DRIVING SKILLS/KNOWLEDGE/EXPERIENCE,2.0,48.0,2.0,2.0
14fe692a71db7143e1fd475716acd237c117171716261361a60c54af77b5bf4a495ab1c9be03b76d803103757b37bd74c89385c38393954999f43668842ae53c,CLEAR,DAYLIGHT,DRY,FAILING TO REDUCE SPEED TO AVOID CRASH,2.0,27.5,2.0,2.0
14feb8e62a6f95ee376a8d5ffb44c7f7a5f9444d0720650bec25fceb8abe50036cc0caff46acd130611ad6a1b7592d41e4100abf4a9166a0d92f8329caddff58,CLEAR,DAYLIGHT,DRY,IMPROPER OVERTAKING/PASSING,2.0,23.0,3.0,3.0
14fec28f01e8cac27f6d07e44fa9e02b9dba0931efb378028a113d5bb35e675b810c594e92decf8fc0d679946f559ee92018e39e22c417bd0c52ac623fd53427,CLEAR,DAYLIGHT,DRY,IMPROPER OVERTAKING/PASSING,2.0,22.0,2.0,2.0
14fed14a408d936adaec95197f0fe147ceae2a72529d2c88b652530270a073d62b42bca66a8210e06017c8982d4589dfea8819aa46cc56992eb2ba9f7a682dd0,CLEAR,"DARKNESS, LIGHTED ROAD",DRY,DISREGARDING TRAFFIC SIGNALS,2.0,36.75,4.0,4.0
14fed320e5204d42f16579e4fd5e450c284e69538ae8f4078a559dd3763bdaaf4b40092f5a2af2c42e3bddcbbf00ba8044dfd476c615c27f4e26d7e5ec4b1341,CLEAR,DAYLIGHT,DRY,DISREGARDING TRAFFIC SIGNALS,2.0,23.0,3.0,3.0
14fee07ca0ca23f11a00030df54f9a726b3fc7297f88b1380064c36ec190403d82d6dd7900605949c68ccf0f7b4f822cb8c72041d52689d5b7b02c21517f204c,UNKNOWN,UNKNOWN,UNKNOWN,DRIVING SKILLS/KNOWLEDGE/EXPERIENCE,2.0,28.0,3.0,3.0
14fef89f8189eb4e56a7a3a4606ff7fb4f7945c7539dcf63b2c249c6fc6c837002f501549701b45143e9abc3ff4844a2fcde97086b7c72c8d94bc354cc59f682,CLEAR,DAYLIGHT,DRY,FOLLOWING TOO CLOSELY,2.0,50.0,2.0,2.0
14fefced815636b0e38fb74912e57ecf2dc942b532bbc81c5d23c7b421a6e116db8c0b2ed8d942311379038378171af5da70ef252ea3f5b5fadf51295045023a,CLEAR,DUSK,DRY,IMPROPER BACKING,1.0,34.5,2.0,2.0
14ff0177d8065cb5b4208eed2905dbe34e8978ccb4a496d8e76775ccf560ee46f58624c91031f767885d4d899652738aff2dbb5862266667119714bf42a63e18,CLEAR,DAYLIGHT,DRY,IMPROPER OVERTAKING/PASSING,2.0,66.0,3.0,3.0
14ff1f8dad31e45e292efc01dbf76c2650182ac235862850bb82d84c4b46a1a2bbc4d8fcd65829b246515a6a7e5ca2d7fde9156739e4aeed43c4db6f18edf909,SNOW,DARKNESS,SNOW OR SLUSH,FOLLOWING TOO CLOSELY,2.0,58.0,2.0,2.0
14ff92ebbb74dcd06cf517ce6cf52d7654fdd7249683346176758e45500f37f22bd25320a352a8c07ab2e76e4b162bbcc084305915d17fe1d30d0decb6be60de,CLEAR,"DARKNESS, LIGHTED ROAD",DRY,DISREGARDING TRAFFIC SIGNALS,2.0,34.5,4.0,4.0
14ffd0ddb6b2fdffea92ec2d23648d081920c2e7e7a5a5799134691731b1556b4188f244efe1338a0c35a0fe6e8d531de33ee39d15de027cab917fca567b4760,CLEAR,DAYLIGHT,DRY,DRIVING SKILLS/KNOWLEDGE/EXPERIENCE,2.0,39.0,4.0,4.0