crash_record_id,weather_condition,lighting_condition,roadway_surface_cond,prim_contributory_cause,total_vehicles,avg_driver_age,total_people,total_injured
14ffe168c2656cca75d6cd0ef48950fcdf5edffaefc9346c9b1d2bd029d3a28f5f0e5986ac7fe6e78c96f7608cdb742a968536f4883e08148326927ec874c4f6,CLEAR,DAYLIGHT,WET,DISTRACTION - FROM INSIDE VEHICLE,2.0,31.0,2.0,2.0
1500023ec52ac083069c83040e5cc07418d5b5a0c415e80e87669d2ace34f41307123bc285c502785f034a0b26aa8d9b774799dd05fcbf23dd2ebf8ea11ab147,CLEAR,DAYLIGHT,DRY,ANIMAL,1.0,18.0,1.0,1.0
150007383365da14d4c187280205735f3cc4c44def1840fb66f417bbf9915c37c7cd48e9e48c123fb29185fc8774a8d71a65bbbad8009ef45bddcb8a59cab450,CLEAR,DAYLIGHT,DRY,"OPERATING VEHICLE IN ERRATIC, RECKLESS, CARELESS, NEGLIGENT OR AGGRESSIVE MANNER",2.0,48.0,1.0,1.0
15000792a605ce8817b84e890cae0edb72bcd0096ff08c97b591733e3b9ef609fbc97b11b06a21586e6674b0020abf1dc0820126497f752763359bb4162af784,CLEAR,DAYLIGHT,DRY,"OPERATING VEHICLE IN ERRATIC, RECKLESS, CARELESS, NEGLIGENT OR AGGRESSIVE MANNER",2.0,21.0,2.0,2.0
15002f446f9a2ef8735746fd5e8281eea5d3ae6dface401dd7036b2d1d37c65d14314801886d836c623fa51f7bfad4b5cdcc10cdd6aac5d3c597bf474dda4058,CLEAR,"DARKNESS, LIGHTED ROAD",DRY,IMPROPER LANE USAGE,2.0,37.5,1.0,1.0
15005a915d92bf79929be5e8a10e1bc5f8ab54af66ff6d13b416837a9d4da8da1799fa4140a97a9ff79fc21871d30dd9814a823f16d9e60d0a270fc370dbecb5,CLEAR,"DARKNESS, LIGHTED ROAD",DRY,"DISTRACTION - OTHER ELECTRONIC DEVICE (NAVIGATION DEVICE, DVD PLAYER, ETC.)",2.0,50.0,2.0,2.0
15007aeda5ae675539c8378679da9a36506dc314816b10f3de5603e6fe4539afa0af9f71ef46d67ccf80a93d4368e8a02168888fa16b4a675d2acf6c5b83b564,CLEAR,DAYLIGHT,SNOW OR SLUSH,FOLLOWING TOO CLOSELY,2.0,22.5,2.0,2.0
15009a18b2b7813a9ee31e18bdb0aa48378215e937db15aeb92e1088cee26123089e837307e6258a19d93a2f6e836998d34e8115bc602e90b38d294099993308,CLEAR,DAYLIGHT,DRY,DISREGARDING ROAD MARKINGS,2.0,29.5,2.0,2.0
1500d6c0bbee347cd50f2b28cd64c0623622956252ea14e9afc01f8054c176f860a2c8ff92b6ab8be0b36b3e7d9a6dc9c6249f807063d8ffaaccece5e4d3f26e,CLEAR,DAYLIGHT,UNKNOWN,FAILING TO REDUCE SPEED TO AVOID CRASH,2.0,72.0,2.0,2.0
1500dd50a31facce730ba457b55138a348100c08a113cf3f9f40a82ccba26ed37e2cbe829e4b9267db83051934fc444e488ffb9168ccabdd85bf45e15decca39,CLEAR,DARKNESS,DRY,FOLLOWING TOO CLOSELY,2.0,51.0,2.0,2.0
15010502f3c9bb7671aeaf8c9c2f4aff984765123a151c061aafbe82b1eade5e7da4debce184bbc5c27784a3c2fa144bfde7084bd6ce742805c60d356c6f95c2,CLEAR,DAYLIGHT,DRY,FAILING TO YIELD RIGHT-OF-WAY,2.0,49.5,2.0,2.0
1501069be887705ec3cb3af9a0b9675c1e75c50665790840cdcb0636d43b25217c5ebbe6021a67a01161d182c267c5cbbc03a28ec0e91f287612acd1fcd8c7e8,CLEAR,"DARKNESS, LIGHTED ROAD",DRY,FAILING TO YIELD RIGHT-OF-WAY,2.0,21.0,2.0,2.0
15014a0f30fcd88d8de590159ae4f5c79da9eaf79971ff341a0c6efb68219bfb44276500bf6fbbb577de61b8da3fa9ed6c4c131765ed6f8a0e71208d7156325c,CLEAR,DAYLIGHT,DRY,"EVASIVE ACTION DUE TO ANIMAL, OBJECT, NONMOTORIST",2.0,48.0,4.0,4.0
150163153dda2b311c88c2230192298aa7eebacdc658ff205ec75ff27e284ec994361f40a5909940b53a7333992135f1a8be57f79ced742a489d5243b426b2c6,CLEAR,DAYLIGHT,DRY,FOLLOWING TOO CLOSELY,2.0,35.0,2.0,2.0
15017f412d6c18db03d1d37af65cba88cb13022aa9c4dbfb21c55aa6bc26953e2a3fe512d4c9eb4295dec3f3905283c9612de42b5e193ccbdb76d812707a812a,CLEAR,DAYLIGHT,DRY,FOLLOWING TOO CLOSELY,2.0,23.0,2.0,2.0
1501914adc002a8ae55a13b4a25a8d8d7e2ba15c689639a8937892c657718de8ac2a043f72c75e1146526d2c33950c5e5d2b77974532e7bbcb9fac8e4a447e7a,CLEAR,DUSK,DRY,DISREGARDING TRAFFIC SIGNALS,2.0,27.0,5.0,5.0
1501be9f7ea3a8ca1a612ce90d7da56a0f631119749b3cd07fb2cb969ecacc3363d9e4bc5014c0a1acdca991e03da20c3b79991b40e1c13eb9235c628b3ea58f,CLEAR,DAYLIGHT,DRY,FOLLOWING TOO CLOSELY,2.0,24.0,3.0,3.0
1501bf02a51633101eb8d47fc907bfe7e71d15fff6d11e903c80dc592678305c1cd509ba216d403c92c5ff8909944d8b77a18035f8fcca23bc7fa1cce712eba3,CLEAR,DUSK,DRY,IMPROPER TURNING/NO SIGNAL,2.0,60.0,2.0,2.0
1501e1ca5d6c8b7dfd10c37fef7f9de3d37c6a9781b44988396ea646b6cb3d0580e0ed09257c497347168dfd7e7bb2e0638389f88654bb6eab433ae7caeb4859,CLOUDY/OVERCAST,DAYLIGHT,DRY,FOLLOWING TOO CLOSELY,2.0,33.25,4.0,4.0
1501ffdcf9b2ccdaa0140c703a54f6f226cf93353f77b30f6faa616366890e1e4d838e9b64e3e1e172911b3c0e650e7d8bcca2c1f3777e4753e3d895ad7a5270,CLEAR,DAYLIGHT,DRY,FAILING TO YIELD RIGHT-OF-WAY,2.0,64.0,2.0,2.0
150221ee090d25725ca3c1a0f3fdd1172281969f3da10abf376a847914a75a36f1fe8922abad93b84b3a696b5b33db164c0f685273edbf0a06c91be8e2390060,CLEAR,DAYLIGHT,DRY,FAILING TO YIELD RIGHT-OF-WAY,2.0,25.666666666666668,4.0,4.0
15022b82a2d3cd6a1ef144db25222030321d973e5d69eeb993bd3e013b71bfb3174740601b003c2068d0e7a04dc8ef0209630fd8d6552543fda3b383a0060ae5,CLEAR,"DARKNESS, LIGHTED ROAD",DRY,FAILING TO YIELD RIGHT-OF-WAY,2.0,36.0,3.0,3.0
15023e8b85734d97b8cde2ee396b4857cf1698251bfa9fff4de1b8028a260a90ece08b81235e11c35df3cac25175eb88178285ad834d68a6a0c1bbb328c69ccf,CLEAR,DARKNESS,WET,FOLLOWING TOO CLOSELY,2.0,42.0,2.0,2.0
1502488bf1bf5700a3c5bfc989b52fa052d9bbaa88a8726e851df6bd521d69f64906eab38004239d427c59cc16839cd1b9a76898bb4c53313df0e974b59b9c8a,CLEAR,DAYLIGHT,UNKNOWN,FOLLOWING TOO CLOSELY,2.0,35.5,3.0,3.0
1502527fffa13920cfa3ae340422808f431ed7c5e86a42cdf21ea0e77aeac6df751c120543e0003b6c9f8d5c308ed0d3bd5bdae6eb21eb29dfa9ccc3aaa1df91,CLEAR,DAYLIGHT,DRY,FAILING TO YIELD RIGHT-OF-WAY,1.0,50.5,2.0,2.0
15028f49a52b2146f821a8d205cf42fba2d426ebc7785128dd6ec7512d232fee66105bcac463cc285f9c7f9d862c78fc0dec617f961f72852b629143abda0720,CLEAR,DAYLIGHT,DRY,"OPERATING VEHICLE IN ERRATIC, RECKLESS, CARELESS, NEGLIGENT OR AGGRESSIVE MANNER",2.0,37.5,1.0,1.0
1502961048ccf47e6fa0717ba36387e4c294508ae36048c9cbbbe48d81f7e634abc2ed347b9b5c57384b0d3ec978381279fee0763d505332b52d888583764934,CLEAR,"DARKNESS, LIGHTED ROAD",DRY,FOLLOWING TOO CLOSELY,2.0,37.0,2.0,2.0
1502cafd9131d693e58f81257662243ebbd9420f7aecf469ce0ba63e4e9772c7157f59067428f4c9d375df50eb048bc6d0bd0ed2921f0ed26bf887483b7b1e52,CLEAR,DAYLIGHT,DRY,DRIVING SKILLS/KNOWLEDGE/EXPERIENCE,1.0,25.5,2.0,2.0
1502cc34383b06f53ec98e6b5780542eb7ad36935fa2aeffe0e0b40f94bf8b325bd668913a3ae16c2d18675d7b0abf4bd19a26ef6d5990fec4fe26b673d54733,CLEAR,DAYLIGHT,DRY,IMPROPER OVERTAKING/PASSING,2.0,32.0,2.0,2.0
1502e58b65bf0024c5b2c867ace165110079e2c1b72876a0c307f5b7a861f7ce37da15d5157d0867fffa16f323fe957d26774c23521f575e0e3d06baf622887d,RAIN,"DARKNESS, LIGHTED ROAD",WET,WEATHER,4.0,21.0,1.0,1.0
1502e80997bde7f6a94e95f0bbdb95993c6532925e61597e2690bf685054270ed3f559a11903c54b87e5883ba35f6feae0947a45beeb3b288fbf062b67c473fa,CLEAR,DAYLIGHT,DRY,FAILING TO YIELD RIGHT-OF-WAY,1.0,23.25,4.0,4.0
150319f66bae6d00f146836aa4dc80f4ec6ee306ce8e89651f60f63e49dda8a2737db5a9c40486a416692946fea5512e63d68d3206c99f3cad13cc1985437bf6,CLEAR,"DARKNESS, LIGHTED ROAD",DRY,FOLLOWING TOO CLOSELY,2.0,50.5,2.0,2.0
1503480d201192f6db394d17a51eb26f1a189ad06968eae6af15c84ec0173e38b3f8cf87a107c055e12f50cad469c3c5aede27998ddf6f75a826ef261fd2b528,RAIN,DUSK,WET,IMPROPER TURNING/NO SIGNAL,2.0,55.5,2.0,2.0
15035a1c77cc51a17f8d7e072ee4ae0b8eb7fc19accb5c1acb83f7381e547c5ba8a040cf9a0d564bdb5ea235083cba9eec8bd12b4a9766147b632bebd1220b44,CLEAR,DAYLIGHT,DRY,FAILING TO YIELD RIGHT-OF-WAY,2.0,59.5,2.0,2.0
150370a667ad3af8614f70d3488c0154fc6de8ea07bcbc39f6a69d66ea518da6035d36b498e0b22571fac391b7accd65b2e11defa19c154589372e56e5f3df01,CLEAR,DAYLIGHT,DRY,IMPROPER LANE USAGE,3.0,48.666666666666664,3.0,3.0
15038703fcbcb697b8727656bf34c1ab903fee79d3a0ee8947ba2212d9e77a0aab5651cd10f0b6fe17a2fac812306886b6bce6f175fa38c78d3fabd22bd1549e,CLEAR,DAYLIGHT,DRY,IMPROPER LANE USAGE,2.0,48.0,2.0,2.0
150389f446a014529f34b956ff87a7548ebaa32fd3ef335bbd1f065aef6a8106cb5d1b410dfce24a0e30bc7d3574fda8b55a2165fe5b44031e468cfeb834f32e,CLEAR,DAYLIGHT,DRY,IMPROPER BACKING,2.0,37.5,1.0,1.0
150390096acb197ea4db449813754219ad7e5ccb1e35bc730f2c9a90a3e1fa2e1f19de4d047277bf86952123b284ea141d2d6c3ce3d6f4807fe75a8cd77c8e39,CLEAR,"DARKNESS, LIGHTED ROAD",DRY,FAILING TO REDUCE SPEED TO AVOID CRASH,2.0,33.333333333333336,3.0,3.0
1503e87e53cca428cb112240945cdf286ec98f319ae7c9deb6e1ae274e0477320b7b95182e532f6dc68646023aaa6871007a819d4525d5ac50273953c6efd82f,UNKNOWN,UNKNOWN,UNKNOWN,FOLLOWING TOO CLOSELY,2.0,31.0,3.0,3.0
1503f20a235dcaded53f878b0248b024bde29054d80b7f2aee887746466725a4e569be4dc2cf9c875fccef8914291903183839a94e3e1a6118dad16f26dba5f1,CLOUDY/OVERCAST,DAYLIGHT,DRY,FOLLOWING TOO CLOSELY,2.0,31.5,2.0,2.0
150408df521e82d44aad9829ad92b3cdb2f6143168bbd2a0b6209217e629912b70e0ed9398f4f95cfc00333bb5d5e60018f3cd22b7be5adf1c92560daa4260cc,RAIN,DAYLIGHT,WET,IMPROPER OVERTAKING/PASSING,2.0,55.0,2.0,2.0
15040bc88931e79f75d75a24a651180dd11eb521232b9ef38b7b2dc87d44914194e2625c373ecded2ec651c1069707d896ff52190e6e0ba13977ea77cb828f5c,CLEAR,DAYLIGHT,DRY,IMPROPER OVERTAKING/PASSING,2.0,37.8,5.0,5.0
1504110fe673e65840fd4b0d908a7080c2bac707197fa0625ca6d1246fb963b204f944ddc696bc3120c28836a33f2cad5911d08143c742d26fdb81586d92acda,CLEAR,DAYLIGHT,SNOW OR SLUSH,WEATHER,2.0,46.5,2.0,2.0
15042b7560a0ca50a533ea851ed8c14a83d85fb2b8bc37f3c4ce0985834cd24021821def537a5d8008418919f3c30768b5aef97665a5300794c0deb2fcecd8f8,CLEAR,DAYLIGHT,DRY,PHYSICAL CONDITION OF DRIVER,1.0,19.5,2.0,2.0
1504392a9cf54a59345ab81e281dd5bd26a32e714360fef2b0f7b4a02cdae2b820e2186b5b3dc2c6110ca44b21407eb74c3c8f21c60696f01ac92d985730b277,CLEAR,DAYLIGHT,DRY,DISTRACTION - FROM INSIDE VEHICLE,2.0,17.5,5.0,5.0
15049679c587148770ed09aa59b7c958f28f7d5a3876996522e55ff4276dd3ec8829875b272e1079bdc5be741d58b33762456f675712867b91d04f3327147200,CLEAR,DAYLIGHT,WET,DISREGARDING TRAFFIC SIGNALS,2.0,29.0,2.0,2.0
15049883d31a3cf4539efdd70847b6b2479f455ee02e3f904da03567dd589cee0b4e6adcdc0d65377ec153b0ad5a5bdcaf4829bbc85a9e5cdded7e98de66f903,CLEAR,DAYLIGHT,DRY,EXCEEDING AUTHORIZED SPEED LIMIT,2.0,52.0,2.0,2.0
1504bff430ddae30b7c9519840deebad48edfc22420fc775aaee8b28b55caa081d38414abbacf9fdd480a6c0a444358c77e6c9fc753aeda528530214cbeeb280,CLEAR,DAYLIGHT,DRY,DISTRACTION - FROM INSIDE VEHICLE,2.0,51.5,2.0,2.0
1504cecee07f60fabc58e406eed4382a536f3b5dcf7a24775190aca84956478413d28f53f47c85b0add5d8624c2dcd09137ad0d85df7202637bb7ec7f05a858e,CLEAR,DARKNESS,DRY,IMPROPER LANE USAGE,2.0,45.0,2.0,2.0
150534ab8672470d34b0bf51400c20cc6d423ff2d67be48ca6a9e6a113847bca73208f988c05d6a60c467a50872cdfb7ab124e7f64402dc242ecb8ec951f9791,RAIN,DAYLIGHT,WET,IMPROPER OVERTAKING/PASSING,2.0,18.5,2.0,2.0
1505409c51762d8719294fc9fca0882901fa8f6bf995012ddb6034c7b4346b5a6214026af66085bbcd04ebfb2bcbbe28dee2a11021d8bb525a173119a5f246f1,CLEAR,DAYLIGHT,DRY,DRIVING SKILLS/KNOWLEDGE/EXPERIENCE,2.0,45.0,2.0,2.0
15056ce25aca3425717c366beabb9135c69999712e688093b85d24b924ac097dae321ec02eece635fd0f8c27d555bcacfe675b9373310aeb68a0a7aac49331ee,CLEAR,DAYLIGHT,DRY,FAILING TO YIELD RIGHT-OF-WAY,2.0,25.0,2.0,2.0
150586b01804b486ffaf093a9459070ca96e79106de010bf5f38dd26d06d75475bb3e7775ffa546ad310a8d779d5f8f530050585f62e63907584af7ab537da9c,OTHER,"DARKNESS, LIGHTED ROAD",WET,DISREGARDING TRAFFIC SIGNALS,2.0,23.25,4.0,4.0
1505c2443101209c1b899a5f8612e06c963b7a603feceda9821b6918a9b211fb9433ca4f3d283e10c262287444960788b3fcef4e98af2135542a123b25865831,CLEAR,DAYLIGHT,DRY,FAILING TO YIELD RIGHT-OF-WAY,1.0,20.0,2.0,2.0
1505f69fc54f649e371169dd0190e66e9b7f30baed66f13fb45cf0cf2abc5257385a344b620d4a8a8b2cc54c1663e82c7b6e2d3fc3107ad2f6c9b083adfd9a9c,CLEAR,DARKNESS,DRY,FOLLOWING TOO CLOSELY,2.0,31.5,4.0,4.0
1505fe2ddf773e2c161fba430236fbd646066b15d07c9d7604a8ab31a77f5e4037292f1736998a76fd5162b0e05a386abb331abb44aaeb5181c04693e26b5ec8,CLEAR,DAYLIGHT,DRY,IMPROPER TURNING/NO SIGNAL,2.0,37.5,1.0,1.0
1506111d8626c165b7c222ac40d044407a02f2a34d8f428efa122232fb8288bcfabd012881eef20a51087a5f8d045b4a214207e7ab71474da0e2dc45527b400d,UNKNOWN,DAYLIGHT,UNKNOWN,IMPROPER TURNING/NO SIGNAL,2.0,37.5,1.0,1.0
15062d7c18cc6adc400a72c2ae3fd9754c8ed98d65c8b03e705809dae1b987d3f0221427f7e6c4accaf9bed7382adb58ac3cd159f15c764e93eb775d033b37ff,CLEAR,"DARKNESS, LIGHTED ROAD",DRY,DRIVING SKILLS/KNOWLEDGE/EXPERIENCE,2.0,24.0,2.0,2.0
15063c6d7eee7897dbca20fe3d5a77859f768f60df2cf3148190bb7b8086d684acf9e955aa0436729bdad4f1521dbb5a0504d6f0fc7cb78a5a6d33671c5fc934,CLEAR,DAYLIGHT,DRY,FAILING TO YIELD RIGHT-OF-WAY,2.0,36.5,2.0,2.0
1506400cbdef8deb1035689c2c1039a30b426f8c7a837a375047576769f5eab6ce5178afaa1e4aed57870c748f98be8a6854a86344459718259462b324e51e00,CLEAR,DAYLIGHT,UNKNOWN,FOLLOWING TOO CLOSELY,2.0,46.333333333333336,3.0,3.0
15067bffc3779b21cce09c3ab27279b3e15690f690afd78130f8e111f0e59c97171f896b0559b60c580375b4ee56238f0e24cb9d46c882bbf3eefd73cad841b1,CLEAR,"DARKNESS, LIGHTED ROAD",DRY,FAILING TO REDUCE SPEED TO AVOID CRASH,2.0,28.0,2.0,2.0
150682a271b64b5af495c16feaa9e1b656caf04b7d7bb54369daafaff16c05a40abd9789d06737fd03f720becd89e7d0f6d50cc3addc84651630d672411a7938,CLEAR,DAYLIGHT,DRY,DRIVING SKILLS/KNOWLEDGE/EXPERIENCE,2.0,22.0,2.0,2.0
150689be7744339747dd179a07dd88ed68b7d714eddca9b163c770feedf4708b758b5c2e777474724156dd77c6bad932d9406fef99c1f6b7363136be6832b78f,CLEAR,DAYLIGHT,DRY,UNDER THE INFLUENCE OF ALCOHOL/DRUGS (USE WHEN ARREST IS EFFECTED),2.0,54.0,1.0,1.0
1506d031bcda1bb1be466479b7a9dd614232dc6cea699cbc25d2dc16aba1f72032fe6a2f96f6c2a69b05e38defbcb1134827c9a6b906cbf3ddadc26b10d37e5f,CLEAR,DAYLIGHT,DRY,FOLLOWING TOO CLOSELY,2.0,36.0,1.0,1.0
1506f6c648c5492e9dbf362576ac07af3e389ca9435f48159aff25b82d1a7c48c2fba7000324191bf0b55d089b5bc6733f4f5c9d666df60054ff6c7e32158709,RAIN,DUSK,WET,FOLLOWING TOO CLOSELY,2.0,42.25,4.0,4.0
1507603551d50aa46e3bc91ef116b78aad61dc795181be268932c9be6c7aed77e12534dddbbc80ee571cbbe7947f0ad4173c46889e11cdbf634a608e58424377,CLEAR,DAYLIGHT,DRY,IMPROPER OVERTAKING/PASSING,2.0,47.0,2.0,2.0
150760c5657c9341acd0c8ba2d4666a85823bcfc0cdfb12e4c4f97357917ef106707a8c371522155853ea45be7e7b80982554db385cc460cb67b9d2f6e428028,CLEAR,DAYLIGHT,DRY,DISTRACTION - FROM INSIDE VEHICLE,2.0,58.0,2.0,2.0
15076e0654dec352c38d2d83cce62764c9d740bf2e53f8001a803a3859399827fb3745bb35292899c70b4e39e76ba6b4b6ef079d4c41abde8b71af0a97981c82,CLEAR,DAYLIGHT,UNKNOWN,IMPROPER BACKING,2.0,30.0,1.0,1.0
15077147bc9b250d27ce06d3936c0636d694697952082758624ba3946f893794ddb16d00d3df8d9fb7351a8580abec050bacea8b2c304d8bc282c61892dfafa1,CLEAR,"DARKNESS, LIGHTED ROAD",DRY,IMPROPER LANE USAGE,2.0,24.666666666666668,3.0,3.0
1507843ca5dab68ecde1f85f9173da9d0b9d0200a7691e1ca762ae68d8bbffd76d5a5cb0b817da2369d5ee9cfd01062efae74d14879f16362ef5a81e74327318,CLEAR,DAYLIGHT,DRY,IMPROPER TURNING/NO SIGNAL,2.0,32.5,2.0,2.0
15079ab29fe132fd397c29797e36086823ab025dd7ed6c8d2f58a248ede1e5bf06d0c70eccfc6280e3e3618685bcf8693a0e2f86ce0081053e7c4a92fe42a933,CLEAR,DAYLIGHT,DRY,IMPROPER BACKING,3.0,24.0,9.0,9.0
1507c3ff00525fa2bc4f666960d627ec0e1c6ed169b64b519ffbc25c07876e9ca4ffbef92cee2452c6e206014eb91c62abc65b7a725224299dfb009146e27ae4,CLEAR,"DARKNESS, LIGHTED ROAD",DRY,IMPROPER OVERTAKING/PASSING,2.0,41.0,2.0,2.0
1507dd50bfc4c00e45d274075314e85522a1018e59ac03c527f187f4431f3f808fe55a0594ad8dbf0f1914d7160fd585be9c03e24548bf9efaba582029963f2d,CLEAR,DAYLIGHT,WET,FAILING TO REDUCE SPEED TO AVOID CRASH,2.0,39.5,2.0,2.0
1507f82bd3f528709ca114fbe1e87eb938a038db35d368b4d6fac74e7444c3f530cfa64fc65e0b73a4befb424355e44d70926ce7bec5980a6e1fcc94f5629c75,RAIN,DAYLIGHT,WET,FAILING TO YIELD RIGHT-OF-WAY,2.0,55.0,2.0,2.0
150835a5eeb6f64ba6e5f4310cfd7632b53bf0bb9d45f805fefb5c934cdb96fa08a78c4deabbc8c478301e716a96bb5a495c6f4c514f1d97ae2ff5574b33eceb,CLEAR,DAYLIGHT,DRY,FAILING TO REDUCE SPEED TO AVOID CRASH,2.0,40.285714285714285,7.0,7.0
150898ee0bff2d444759fa6c73d058027e89b21caf0840e47423607cfca353fccd3029bf77b56d8aa71dbc371922a622b0964e0c2d2ca48a786b3669fba28ced,CLEAR,DAYLIGHT,DRY,FOLLOWING TOO CLOSELY,2.0,60.5,2.0,2.0
15089e27eee0b4051c939ef55055d49c71c88033bc7c4d6a40dc12e7548f40664e4ca9076541b6bf23a3f90a640821417422bd0c7d89edf4f18a3acd6152ea30,RAIN,DAYLIGHT,WET,"OPERATING VEHICLE IN ERRATIC, RECKLESS, CARELESS, NEGLIGENT OR AGGRESSIVE MANNER",1.0,23.0,2.0,2.0
1508abe9b578f310397578d3a097f0de1fb23455211da059313abd92098cf9763bdef8873d399a4f7dbe8b1eae624b4af595a3f15368938062b0923abbec6ea3,RAIN,DARKNESS,WET,EXCEEDING SAFE SPEED FOR CONDITIONS,2.0,47.5,2.0,2.0
1508c70c758e8a3062cf4eaed893f1c0a8eda1bf2ff2b22febb070aacfb11b8b07bd0a14837e4f5463aa1460005abc0277497aacff4ff629ca1506f55e69d224,CLEAR,"DARKNESS, LIGHTED ROAD",UNKNOWN,IMPROPER LANE USAGE,2.0,33.5,2.0,2.0
1509116e5ac33868420815f433e11513ef0bb819674ebf75029608fcc603572de22af53657ae300cfa04e16a1894636b528875afbc9f6586e832ef9bdf2555c7,CLEAR,"DARKNESS, LIGHTED ROAD",UNKNOWN,DISREGARDING STOP SIGN,2.0,51.0,3.0,3.0
150936a526fa99a0679c04404d3b73873e301eea703e682f43e947b3df08e2c64997034550d330a5216494139a7a59f74d1d63b60f80929e8ff1a0d5d6e9613c,RAIN,DAYLIGHT,SNOW OR SLUSH,FAILING TO YIELD RIGHT-OF-WAY,2.0,17.0,3.0,3.0
15094ac7f632de9fe34fbb6efd117afe58d751637e3d8f98e404d3cb06b7a767b0f0d8b30414b66e7bb5c73f19894aaa7ebf1ff060396acef3b9bce0aef0f13d,CLEAR,DAYLIGHT,DRY,IMPROPER TURNING/NO SIGNAL,2.0,30.0,3.0,3.0
150964246b6a9880415eea68c7eb5bf8951cf087a2d27dc510fdf80570223c48326358da213ccc88f768f4b701b3df7d551cf49c97a36f9f49fef655ab7f80dd,CLEAR,"DARKNESS, LIGHTED ROAD",DRY,IMPROPER OVERTAKING/PASSING,2.0,61.0,2.0,2.0
150987c9a5c537bdf36bb3d96071bfaf6a628d446d8a781a574b357dfa0a7ff9ff7ae0425357b59822d18f0896fd69e2205aba3cb0640f8317a1b7129376a1cf,CLEAR,DAYLIGHT,DRY,IMPROPER TURNING/NO SIGNAL,2.0,32.0,2.0,2.0
1509e72512d7c90f6fac4e6524aeac758a5d8151e0abae901cc19fed6ad1cbe54af41b01d79425dae5bf1d014e43a4346fe499e3f478345b70c916d166d19a5e,CLEAR,"DARKNESS, LIGHTED ROAD",UNKNOWN,FOLLOWING TOO CLOSELY,2.0,56.0,3.0,3.0
1509ed46db978973f0e6361f86c7f60d8899b13c1453be66504c26c5e2a8ee51377725d380024bf09adba8682bb2b9b0777c7146c0a717e9f69b13bb9825e9c3,CLEAR,DARKNESS,DRY,FOLLOWING TOO CLOSELY,2.0,20.0,2.0,2.0
1509ee12b62b26ce7be38e46ef6c454ba8c14caa868c8766de000ca6d99cf243a44c709aa9330442f90d524916aab6008ae56cd56871ba1608f528b1b8f80965,CLEAR,DAYLIGHT,DRY,FOLLOWING TOO CLOSELY,2.0,23.0,2.0,2.0
1509ef42c75ea40be0c979c9b6d72a04f8541b30cffb69d02e0b2c4583c93422bd216573d616d3948f75e077aab0735c4771a083049e8edc3a6aae1482cf7266,CLEAR,DAYLIGHT,DRY,FAILING TO YIELD RIGHT-OF-WAY,2.0,53.5,2.0,2.0
150a1107a5b23e8bd3b91504c3b2452c6c17e7b2c8f82198f171b5a6a06e7dcded82e5381be90b76751417e6edfa80679d28c66368f18f889d3a07b139c06d28,CLEAR,"DARKNESS, LIGHTED ROAD",DRY,FOLLOWING TOO CLOSELY,2.0,25.5,2.0,2.0
150a37a7903d3b6d0bdc0bdac7157446071db4437bcfbf96a580a8b1173dcaa43c755a8b2d00e223fbd4a4e4e51a19d8bbb7459dc696a92896c29f78b6901b48,SNOW,"DARKNESS, LIGHTED ROAD",SNOW OR SLUSH,FAILING TO YIELD RIGHT-OF-WAY,2.0,24.5,6.0,6.0
150a50b4920054e5e58ca52ef605e96fa343185c29f2e8d44a17d89c58f79bb1f493ea7767dfcd27c20aa5ef745a70e37c90ffe9c4771019cd1623f6c0ca379a,CLEAR,DAYLIGHT,DRY,FAILING TO YIELD RIGHT-OF-WAY,1.0,38.0,2.0,2.0
150a67f14ee3fbf3481e6257dbf80bb74ddc5b0d16eb150b605673cbfb62dce0af8ffe3638c2de4630a03435246d47bc0f5cab836e07a9534c8f2c40e7f0565c,CLEAR,"DARKNESS, LIGHTED ROAD",DRY,IMPROPER TURNING/NO SIGNAL,2.0,27.333333333333332,3.0,3.0
150a817e941daf75a86c648374a30fa212fe10c725aa95b9ea4b00f80a7ccd1b0e1672fd1518dd8337a2215089d48af98f04673e455b6a82ca09ece3330767b7,CLEAR,DAYLIGHT,WET,FOLLOWING TOO CLOSELY,2.0,76.5,2.0,2.0
150a8f941519f98d007b05a34fa90e708223d56187b8fe0692bc94c43515fbd4a0a66a65691b6143cb62a56341a0d196ebb2a840f01c4d0a8c2465c56241caf9,RAIN,DAYLIGHT,WET,EXCEEDING AUTHORIZED SPEED LIMIT,2.0,32.2,6.0,6.0
150ad0e9cb717fae1392eadcaeb7c284c140ed7084cf3c9e907370227b0eb69c319b073ea3d6473c9101bc71708be98ed3d296d2f9be0f9d79a2d643cb1ecba5,SNOW,DARKNESS,SNOW OR SLUSH,"OPERATING VEHICLE IN ERRATIC, RECKLESS, CARELESS, NEGLIGENT OR AGGRESSIVE MANNER",3.0,31.0,1.0,1.0
150af6abe68cb30c4652cae9b4cdde8e64acb2b781704cece40d4c3ef89b140f3cf75975f71389f3ccc4546762d5780ca5892c11298d8f1f38f960b80f4aced7,CLEAR,DAYLIGHT,UNKNOWN,FAILING TO YIELD RIGHT-OF-WAY,2.0,43.0,2.0,2.0