crash_record_id,weather_condition,lighting_condition,roadway_surface_cond,prim_contributory_cause,total_vehicles,avg_driver_age,total_people,total_injured
150b1cbd9e0ecbc511ba8579694d523e5e17f48f2edbeb59b096fefee4e5dbbd2173740146d860049f54c39e2b3ea2e379e29b48f0a91682f92edf48a58edcdb,CLEAR,DAYLIGHT,DRY,FAILING TO YIELD RIGHT-OF-WAY,2.0,42.5,2.0,2.0
150b27435419418d813b23231f16c7fade720bf9f98d065737408d2874235e40ae615bc9a30fa4b1ae1953b7c741dbf87114b96dde8ad1b9f96860b91f45ad67,CLEAR,DAYLIGHT,DRY,DRIVING SKILLS/KNOWLEDGE/EXPERIENCE,2.0,37.5,2.0,2.0
150b401cdeff4acda63930d797c600c4055d1ff2c13fa5e5dd55a929abc4e8d681edf183c4f657168a2414e3c84b150b025bb25f4e6592ba29b52ea388a79ae2,SNOW,DARKNESS,WET,FOLLOWING TOO CLOSELY,2.0,42.666666666666664,3.0,3.0
150b47a21df8fe3c8f136e5286e2cf2c40f836f0a22fb3a2407019a80f1ffdb4a2aa4ed2bd70689474ed5e1857ab1679542e3f1003021fd932b9c498d70e6a5a,CLEAR,DAYLIGHT,WET,IMPROPER OVERTAKING/PASSING,2.0,16.0,4.0,4.0
150b4a7e800bb891e80a75ec8e609484902346e1c84ab1feefb8833c44b1875c5cfd664472e5e1a15767cd73954052d80256bf6ed72ac7806776258e695bae89,CLEAR,UNKNOWN,UNKNOWN,FAILING TO YIELD RIGHT-OF-WAY,2.0,50.0,3.0,3.0
150b6688a251433141ec2d56e79e9a8cc0e43418c7f954fac5fbe834ed85058a0d74bf9b79a1a4c03c4ac19a1338365eb0eba1d7141c162219367b1428311baf,CLEAR,DAYLIGHT,DRY,IMPROPER OVERTAKING/PASSING,2.0,45.0,4.0,4.0
150b818a3f91885174bef500d46f5b0f9211834f2d8326b54a8f4150d9e07f187d51c2659f5c41b26d96c793f97e34993ec20977e760abd78e0966da17c28bae,UNKNOWN,DAYLIGHT,UNKNOWN,IMPROPER OVERTAKING/PASSING,2.0,37.0,3.0,3.0
150baa4c291d8003a6f38bd8eadea815716280d6296709ac3432eb3c133650c9080b5fa3072cfbf2ac96b9797ff5553a983612c908e09824b640ff7c47413c02,CLEAR,"DARKNESS, LIGHTED ROAD",DRY,FOLLOWING TOO CLOSELY,2.0,59.0,2.0,2.0
150bd87933b62550643d494611d4fcbe157a0bb50c032e03c7437613401f6bcff4977f214fda13f6e3fbcf838eedfc3c3460a63848658703e8168f876a817cc0,CLEAR,"DARKNESS, LIGHTED ROAD",DRY,DISREGARDING TRAFFIC SIGNALS,2.0,18.0,2.0,2.0
150be738590eb641a15b7745f756ca877f749efcfa1ea1b7c9d62974c2e8c761cf942eadf825e9353d439aa1a27da4d6de30f39a9cd72ee6501399d92f512e9e,CLEAR,DAYLIGHT,DRY,IMPROPER BACKING,2.0,46.0,2.0,2.0
150bfce4408fbec0f6aa8b05a8713a7ac7ee7ccf6c668d4654a057287587ffcb7a28a0aabcadaca6cc00296af0b98655cb223a0b3dcfd3a7a736f2c4d3c3f48b,CLEAR,DAYLIGHT,DRY,DRIVING SKILLS/KNOWLEDGE/EXPERIENCE,2.0,38.0,2.0,2.0
150c02b5dd5b73563b34e2b7cbcefe6289795c2928ed7b313aefb5b9d7b12207307d45fa70889557a09cbbff56be183b215d712dc2767901ca8e151713767753,RAIN,"DARKNESS, LIGHTED ROAD",WET,FAILING TO REDUCE SPEED TO AVOID CRASH,1.0,29.0,1.0,1.0
150c1e646682bf54439b54cb804974fe7c729a7bc917952453bb1d8312da0f898cac8971c0320fe9b78610f8671042d8184e1e28d6722adf513f2160bda88ce9,CLEAR,DAYLIGHT,DRY,FAILING TO REDUCE SPEED TO AVOID CRASH,2.0,37.5,1.0,1.0
150c52e531c56d9647160f83ce451dbaeededaf7649ae46e3ca982a93441ad06e8af3ec8052ccb8e297a4cc924f8b43dc6bca1bff1c3accccc413964f0921f20,CLEAR,DAYLIGHT,DRY,FAILING TO YIELD RIGHT-OF-WAY,2.0,37.5,3.0,3.0
150c73f244852203314b9374c2b67cf6d4a4f7ed2f38964f9969cba9ff9301ced6ab69908b0a4c8b516aa93278ea469ff5dfa91e2f1f25b5dcd3d9a4e01feb0c,SNOW,DAYLIGHT,ICE,FOLLOWING TOO CLOSELY,2.0,27.0,2.0,2.0
150c84204791b516c9be3fd11c295398535d058884e0f98f5e3b4931f68864a0d80d61d505d5635b8b220a265dfedad141036caaf028f44a579c746b4733dfb4,CLEAR,DAYLIGHT,UNKNOWN,FAILING TO YIELD RIGHT-OF-WAY,2.0,44.5,2.0,2.0
150cb6d25b865801c707ef80f6879a50004954a8ea28e7334acdc7e53176a3e30dbfe91e48871bdffa14803c203a052936ef2fca2040efd9e883266d4ea2757b,CLEAR,DAYLIGHT,DRY,IMPROPER OVERTAKING/PASSING,2.0,62.0,2.0,2.0
150cc39cef8dd8ffe639010815010e209a4b917cfb3200e07557e66d9ffe0d79b1a2468845f2a2bdf97452939dd141781e0e54cc92b026cce39495ac18e21bdf,CLEAR,DAYLIGHT,DRY,IMPROPER TURNING/NO SIGNAL,2.0,34.5,2.0,2.0
150cce3aaf482afa3ac3fe490d61d47e3c6c64f3350d7c8062ef617fdfa7b0bc081d88257797336506b6559176803f4dd077b71b3640f775c58349edfd0c8ad0,CLEAR,DAYLIGHT,DRY,IMPROPER OVERTAKING/PASSING,2.0,31.0,2.0,2.0
150cdecef9b423181bfadfbf05ffdf83c3e823b9eb70c973e97ef2949b0da7ab2ecfd24b4cc422dd678fc27229e18fc41d7a5a8eb7bb814740c01929546377b9,SNOW,"DARKNESS, LIGHTED ROAD",SNOW OR SLUSH,FAILING TO YIELD RIGHT-OF-WAY,2.0,45.5,2.0,2.0
150d1082d39720edfb240def2556e75f8a0179be19a05020194c032d6e60f23ece3f8affe5aa7ca60ffbc8076e078530a36cf8bf3ae73c448753f4aeca16065a,UNKNOWN,UNKNOWN,UNKNOWN,FAILING TO YIELD RIGHT-OF-WAY,2.0,30.0,2.0,2.0
150d39ae25fafea5fa19163cc6f4085831d622d7d8162f8cb21dff3886c6943428fecef1c8955572b5488744bf9364bec9e4cb1fd6d820c724c60f98d38b87cc,CLEAR,DAYLIGHT,DRY,FAILING TO REDUCE SPEED TO AVOID CRASH,1.0,60.0,2.0,2.0
150d77abf55b475febb9dd6087a03106b22e07faf986c35c559ec72143281c7f4993fb0a9ad1249a5c5972a571b901607b14ecfd14b28c1a9fd4783983fe3d30,CLEAR,"DARKNESS, LIGHTED ROAD",DRY,IMPROPER OVERTAKING/PASSING,2.0,68.0,1.0,1.0
150d8dec1139118781f174eeda108d16982fa7d297fed73d3e907b2e2744fa9226a3d6076edf022f004392a03d0a96bd9aa56b607165aec05357cf9c2b91cbd8,CLEAR,DAYLIGHT,DRY,FAILING TO YIELD RIGHT-OF-WAY,2.0,34.0,5.0,5.0
150d9025465d7e2de5eb28ecd47a36ccbd31e0d358ab5b11d0f8b299de5b08d9063f8cce0f0e2410883b20024b3410987105fc5a020d18672a30493b682ad010,CLEAR,DAYLIGHT,DRY,PHYSICAL CONDITION OF DRIVER,2.0,20.0,2.0,2.0
150e026076cbd682d5fb26378e6381a533b7a2f203f7e7bd495fe737812357f77e0b4ec3e5c314e52a5ff659a5a85f4cb06d12ea9eeb4e2889f73c5cf6b40524,CLEAR,DAYLIGHT,DRY,DISREGARDING TRAFFIC SIGNALS,2.0,28.0,2.0,2.0
150e0aef7e652fa3245cd14656ef2f6e2c913c7be9a7573ea7d53ddf8b4a72af44c8cf09d5b7c0b82e2e931f7d8227449a54019f4e880f8aa851791de900551d,CLEAR,DAYLIGHT,DRY,IMPROPER LANE USAGE,2.0,50.0,4.0,4.0
150e19c300bc1dff3d927a76f1fa3e743c17774a1e9104f30002c5d4aa8696d6ce53a7fb5aee10011f40360dc9579b3133c6562ee3439bc99c3d6370a9d4801b,CLEAR,DAYLIGHT,DRY,EXCEEDING AUTHORIZED SPEED LIMIT,3.0,37.5,1.0,1.0
150e1d3d4aa48cebbfcb1c256322ae95258f0eb68a646cc658028ec9ddb6bf0cbe9307593cbae197e73e93c4b114a65451e91faf0bd1c035c4a1077a71415154,CLEAR,DAYLIGHT,DRY,UNDER THE INFLUENCE OF ALCOHOL/DRUGS (USE WHEN ARREST IS EFFECTED),2.0,43.0,1.0,1.0
150e63f76b79a2c40dbde06b7480a513d692ce860665b19cf18bc92cb630e33a335b9b27b1b37ba5f923561c17cc9489a72f0f3fa53b8ab84bef49930dfbd640,CLEAR,DAYLIGHT,DRY,"VISION OBSCURED (SIGNS, TREE LIMBS, BUILDINGS, ETC.)",1.0,44.0,2.0,2.0
150e8a6c2fe436613c5a940d8c131a9c67256c433ac171fa97a1b6fc7b07572c3ff4256ea294cbcd4f99f4afe410b50bfe21c92b04de36d7644cf23c2950dee2,CLEAR,"DARKNESS, LIGHTED ROAD",DRY,FOLLOWING TOO CLOSELY,2.0,34.0,4.0,4.0
150eaea3949d8160294206e1daa1bbe25f00d416a6de294cc8bc084afe7eee90bcd34ac4815ce7c089a8fc0d523ae2dcab534cbf9c1c75eb2246d4435356a07a,CLEAR,DAYLIGHT,DRY,FAILING TO YIELD RIGHT-OF-WAY,3.0,37.0,3.0,3.0
150ed08faf087c6096618704054775677903ab9ed1e6da60791e3700783ac0507e1fab16737060f43ca24256b374700f0e613df9b0345b6f51a4c1ccbb7d24df,CLEAR,DAYLIGHT,DRY,DISREGARDING STOP SIGN,1.0,28.0,2.0,2.0
150f0d3d92c50700f3a13e2300c85c50cce80140eccd93536b98391d387cd2903310e92e643756622d97be58278a886f4e7cb6f480901b67bfc1a76fdd669ca0,CLEAR,DAYLIGHT,DRY,FOLLOWING TOO CLOSELY,2.0,67.5,3.0,3.0
150f2e1dad5c359b3a378a0d9bb5f1298790476405c56e7a55b5a3de2968955717986534da9d7debee1842d0bc83d7db24cb87f25daf0a3eceb92e28a9eef3fe,CLEAR,DAYLIGHT,DRY,DISTRACTION - FROM INSIDE VEHICLE,2.0,54.0,3.0,3.0
150f39085e35890e1a0d894276455494f34d654ea0cd278fdb07e71a57b31d51bd095e2af95ae5b73da9e71215ab23a09d120383e97a264cc4592073022a8922,CLEAR,"DARKNESS, LIGHTED ROAD",DRY,DISREGARDING TRAFFIC SIGNALS,3.0,20.77777777777778,9.0,9.0
150f4ccf7573cc8bd7422bdfcf7a4d47194c49ebc98d5e7f471ffa3e638e78e221968b9dd1ba58a05c46445223caf0ba7b00026a40e71aa438cd92e77447192c,CLEAR,DAYLIGHT,DRY,FAILING TO YIELD RIGHT-OF-WAY,2.0,40.0,2.0,2.0
150f649dc813e4baed584d2deda96926bc14923ebd9728c3a48491b53f4741dc2ffb4228fe33ca68a600435143aca80b4d5b4d18ce0f41e7d421415f42a0e9f3,CLOUDY/OVERCAST,DAYLIGHT,WET,DISREGARDING OTHER TRAFFIC SIGNS,1.0,43.0,1.0,1.0
150f799518cbcc0dd30c3c86789959925d3cb3ac7eed3cf32dd1d37e441657313040008edd7fd4e68f7a01cd6517f43da1561e05d95d61b89fb533a2b17b35f6,CLEAR,DAYLIGHT,SNOW OR SLUSH,WEATHER,2.0,42.0,2.0,2.0
150f7bff5a3de8490cbc77729777732c309251b15c8add71b1735582b3aebef75a9ea3cfddd4422aa2be19caadb48975c34b53503ad49b61e9d0e7d865c11d64,CLEAR,DAYLIGHT,DRY,FAILING TO YIELD RIGHT-OF-WAY,2.0,56.0,2.0,2.0
150f8774b73eff0623d5713f96a93e50b65701eb1ef640d2f54bf7eef7699f7be20af741c4bd2d07f8eb3b096b6440d36d45955b811fef12f34655aa0107d9d5,CLEAR,DAYLIGHT,DRY,FAILING TO YIELD RIGHT-OF-WAY,2.0,40.5,2.0,2.0
150f98bd2e6872d3138393cfaaa97246481eec50f397b4a2c43d07deb87ff570539d2e466f371fc6e5011779bf96bb04e2f7dd1c786d648710047293ab87d960,CLEAR,DAYLIGHT,DRY,IMPROPER LANE USAGE,2.0,26.0,2.0,2.0
15100ccca3ad8ec60f4c1b2e9d56a83508ec258bbb5529f1fd7284cdc33611c0fa8184f54c13dd710f317ead3c03066b177e179144a94e446bff3f3d1349f437,CLEAR,DAYLIGHT,WET,FOLLOWING TOO CLOSELY,2.0,55.0,2.0,2.0
15102cccfe83fad1d1e798a2dc9ce0cb612fe2055d650e93ffde658190b1cd5d6e11b97565467b26e7834ec9ba10b82a05dfe5300ddc365679f58350e3294217,CLEAR,DAYLIGHT,DRY,PASSING STOPPED SCHOOL BUS,2.0,44.0,6.0,6.0
15103d4c5f76b8e4873126c7aa6fa47df4bd2cd0bce68f1d9d7ee7d3be55ced948aca338fde016bd33545e1ecf1cd91c60218a4855fa91b513f4254f35bda324,CLEAR,DAYLIGHT,DRY,FOLLOWING TOO CLOSELY,2.0,41.0,2.0,2.0
15105b7cd78c0b7797924ed64333a1d1117725d5669d08ae13983e9ea7406f43c9f5027735282297f7fe29aea5c8ca5524dc80cb16514e14c2bc8b5985b9bb6d,CLEAR,DAYLIGHT,DRY,IMPROPER OVERTAKING/PASSING,2.0,40.0,3.0,3.0
15105c1b1d285341e38e725135567a6218d7657e51c6200462ac5a7c798202dc78148988be2ac303b82fc868765ed7dbc696205d6c1427ffcfb35ef003eb152a,CLEAR,DAYLIGHT,DRY,IMPROPER OVERTAKING/PASSING,2.0,58.0,2.0,2.0
1510bd1719bdddd263eee341a5461d8b926137f0ceb04239da66dfeec54506b14801b95cf536b5df342a24db74271bc0b9bb3d48e76f2125e3ca9fc19dcdb131,RAIN,DAYLIGHT,DRY,IMPROPER LANE USAGE,2.0,51.5,2.0,2.0
1510c3f6cacda7e600e315ed260443c0180bc2db0e3202ff12c8e6b2183064cbf3cd1e07424227a62b945fa5018ad5ee8b52daa938ef1d62c8cad065172cb60e,CLEAR,DAYLIGHT,DRY,FAILING TO YIELD RIGHT-OF-WAY,2.0,49.4,5.0,5.0
1510d016a648c1607638a52927ad135ab130b26f758c382102d455435c3db587a8fff0f739892b876bdd68679cc326beeb596243701b4cea9d5c21091867476b,CLEAR,DAYLIGHT,DRY,IMPROPER TURNING/NO SIGNAL,2.0,31.0,2.0,2.0
1510d81ea0026d65b5c6fd7109e8911faaaf7dac4a1973ecf036ef0987acbcecb07a31038ba32a386ff9c121573ff69dcccaa11805e63da668bd11d9a88c776b,CLEAR,DAYLIGHT,DRY,FAILING TO YIELD RIGHT-OF-WAY,2.0,42.0,2.0,2.0
1510dbe04e3ce721f29113c59bb2be99246ffe9e7216fdcf041c87e12e2a575f4521fae7da27682b3f3d5091ae0fa16847d2c1288be287b4cd161e9138da40d1,CLEAR,DUSK,ICE,FAILING TO YIELD RIGHT-OF-WAY,1.0,72.5,2.0,2.0
1510e1e313eaedd14c725f2bd16d7668c20e6e7b012a50d39c4ddb594298b2e40510847386c4f15220c8668ddcbc4e891ab214b4a7fd30c14050db8afdde813e,CLEAR,"DARKNESS, LIGHTED ROAD",WET,DRIVING SKILLS/KNOWLEDGE/EXPERIENCE,2.0,37.5,5.0,5.0
151104e68538bd2a245f2bdca32311b41a7040c472759cc36b841076935dd8bfff60e3c84b75cbe68b87b84a93628b2e4a80973864de025225ea5b11b314f174,CLEAR,DAYLIGHT,DRY,FAILING TO YIELD RIGHT-OF-WAY,2.0,49.5,2.0,2.0
15113165f4b9f686130a6425fc9a852eb0485c498da4ca7bd67238d1f7b7a1b8d0855a1986c29f714b474caf6d967261eef991809bc5ed3b378ae2030354ecad,SNOW,"DARKNESS, LIGHTED ROAD",SNOW OR SLUSH,IMPROPER OVERTAKING/PASSING,2.0,16.666666666666668,4.0,4.0
151154219fb4b55125de9060dbb9feed06a24951f4d924e162eeef3bc26546af32f2c765bf7bf615331cf9170f11a83a081bb54a25ac4aa1628560b4c4793d2f,CLEAR,DAYLIGHT,DRY,IMPROPER OVERTAKING/PASSING,2.0,62.0,2.0,2.0
15116062d0e690e1f138bd3723d170a5584d0c0adfe541061285d82176d8c58158673c037ba36aab431b23be6f0303593a8d187e515d73c4964a115bd1b6c15e,UNKNOWN,UNKNOWN,UNKNOWN,FOLLOWING TOO CLOSELY,2.0,31.0,2.0,2.0
151190379b8de41b46b6224e26ee8e85ff079ea9fd1cbf65d480857e705ef6c18ba7d0d7eda3f0942c28c1a10a1b7044349036ba648bce4cf55c820470acb459,CLEAR,DAYLIGHT,DRY,IMPROPER LANE USAGE,2.0,57.0,2.0,2.0
1511afd0a8754f71bcb05c6a06cb4da0d367e804671a7cfb199d47aca2feee5cb4805535bc17a1cfbc79b8d63493adc4bb1b1230f7f26a852e69437be651b1aa,RAIN,DAYLIGHT,WET,FAILING TO REDUCE SPEED TO AVOID CRASH,2.0,57.5,2.0,2.0
1511b068bc4ea7d44fc34e09207dff51b7a659b5a7c91712246ef86a046fcad6f88e70a47fd913e6e07777a69a66a5b0d287de69db1ad9a6abffb21f42d7d339,CLEAR,DAWN,DRY,IMPROPER TURNING/NO SIGNAL,2.0,41.0,1.0,1.0
1511b5340621b82113a4cc37757d1b8fee89ebd95c51b553b516c800e740b067f689be907b0062e149afba93074b022fcd74d67d257719062140455872d3fae6,CLEAR,DAYLIGHT,DRY,FOLLOWING TOO CLOSELY,2.0,48.0,2.0,2.0
1511be31070dd2b3fb85f2e8d741873ce090c211984b43c0ba8a3b029ea139102aadefd9c61b7833be2b72b792d2c829c8cb97199f8302774339c5b11274de1b,CLEAR,"DARKNESS, LIGHTED ROAD",DRY,IMPROPER LANE USAGE,2.0,32.0,2.0,2.0
1511bfe974f06e0fd6fbe297634df7feb795677cf30a75fe892a1c75a31066f712425dc092f2f2bca8d5ec2dc99ee8d9410a68e0c6a61ca38628b641253ed771,CLEAR,DAYLIGHT,DRY,DISTRACTION - FROM INSIDE VEHICLE,2.0,42.0,2.0,2.0
1511d2bded48fe0168f10f160715a40015baa349b601916c4a5bdec09073daeb9a102cd0385d32d000fe2d14d592bee7ed697efc3ea1e0d33cbaf4a6a9a9b65d,CLEAR,DAYLIGHT,DRY,IMPROPER BACKING,2.0,22.5,2.0,2.0
1511ea6699d78b5887f635b3a13ed70df038b35c492b81ec91c6f909986519620e2a075c5d664116f6d102319c112df5f819c1f53f1155d7be02f73de2046dee,CLEAR,DAYLIGHT,DRY,DRIVING SKILLS/KNOWLEDGE/EXPERIENCE,2.0,46.0,4.0,4.0
1511f798e969c2dbae43b67e39a5df9cb857eb44b60a6102ed4ac4ff1668ab9233bd410b302eda7e5465e5b9745a08566dc2507de6e0862071dec2c1040b5a78,UNKNOWN,DAYLIGHT,UNKNOWN,FAILING TO YIELD RIGHT-OF-WAY,2.0,29.0,2.0,2.0
1512514e3cb1e2cc210f5d3e55bd4f239a11ce505120e415ce27138e4f0eec7a9dc406daaceb08d01a5695f5290fe944291185b3b49a4a561996ba22baed6450,CLEAR,"DARKNESS, LIGHTED ROAD",DRY,FAILING TO REDUCE SPEED TO AVOID CRASH,2.0,34.0,2.0,2.0
1512911b893a542967372748e3d59c16353d25ef72f90f9e18524a37be9364d495f956b7b74e0134c383b3c0a9138c4f0cc11c444d949f7b3b3adab9d22f4aaf,CLEAR,"DARKNESS, LIGHTED ROAD",DRY,"OPERATING VEHICLE IN ERRATIC, RECKLESS, CARELESS, NEGLIGENT OR AGGRESSIVE MANNER",2.0,32.5,3.0,3.0
1512b170fb406ecec60aa999d69159661473b42005c98098efb6ec251aae8b85fc1675b80f89bd3e39018b1d4d7d936664fe1a1eed9e78e020a872dcba9319e9,RAIN,DAYLIGHT,WET,FAILING TO YIELD RIGHT-OF-WAY,2.0,40.5,2.0,2.0
1512cd82d49edbfc02fd19deaf07d16594aca809148828e658b4eee139edbf59551068e61280aaba5ebcfd28bc155c7ca9257eef6bbea68dfc1e2677c6323c6d,CLEAR,DAYLIGHT,DRY,IMPROPER LANE USAGE,1.0,76.0,1.0,1.0
1512ddc6d5a9e576fedbfcd43aedc54542c472ba24772c7b9a1d275d41bbe2b6343c1949b7fe7ebf46bc6953fd1bf951303c99ca0518d654199b411e3d59ef81,CLEAR,DARKNESS,WET,WEATHER,2.0,26.0,2.0,2.0
1513173d4f4d85ebc6a15020f42250d041c8fd8d97182bc694c091280a5ebea93eac7e73df893ab35b594c096c5ed6f586960286c1fe629ab96c3e0b925f9421,CLEAR,"DARKNESS, LIGHTED ROAD",DRY,DISREGARDING TRAFFIC SIGNALS,2.0,47.0,2.0,2.0
151325ca817b47b02e9688268135dc5fdaf0f3bcc18dcdec428fe0ed527c53c10ba187d9c0e512ced5397872b8165d94c20e9fdc355537fdc71447678728334d,CLOUDY/OVERCAST,DAYLIGHT,DRY,IMPROPER OVERTAKING/PASSING,2.0,33.0,3.0,3.0
151338bddbbd233a183463b7f2b592fbfe96a131a9e7922c4eb579f55bfe283b76cd12113484f426a5c3b686cec9bb361f01fd0e9e2a06a0e5b4da7c4c7282f6,CLEAR,DUSK,DRY,IMPROPER OVERTAKING/PASSING,2.0,33.0,3.0,3.0
15133a46c855035333d9f260bb530ac3d78502cd60a30ca818fec1b3a139ef61e3b437d0d44ba26c8f068a9e7ac91362e8ddb4ec464cef82211e642a2c24dbf0,CLEAR,DAYLIGHT,DRY,"OPERATING VEHICLE IN ERRATIC, RECKLESS, CARELESS, NEGLIGENT OR AGGRESSIVE MANNER",2.0,37.5,2.0,2.0
15134008cae99bd1ec1dbdae10efcaf31442d9cca5479b217a5f5c41badd62a5b5595c2798603a79828482b4dbed94cdad94a868e1e427ba78979e96f9f2083c,CLEAR,"DARKNESS, LIGHTED ROAD",DRY,DISREGARDING TRAFFIC SIGNALS,2.0,23.5,2.0,2.0
151374368dab9de894620f44b2e4b2b6c345f8d356a897e33e449b1cc30656881f9a39ed4bca560210edf6b8b8238d5a92ca88d91a51a3a84fb645d7cde3a6e1,CLEAR,DAWN,DRY,DISREGARDING TRAFFIC SIGNALS,2.0,54.5,2.0,2.0
1513bb62f036cdd31e1619af9151322806a85b245fd0a8bfd565fcc72ff42f9d0837890b11504a710d2a1200354e75057451327531edce9ddf44518221a6ad2a,SNOW,DAYLIGHT,SNOW OR SLUSH,FAILING TO YIELD RIGHT-OF-WAY,2.0,48.0,3.0,3.0
1513c4e320663d118bfa282c580bac1b1ba9982c85feed0f617d82640b5f26154b4f6257203b5da650e51af49dfbe07dc10346f3f6b6d5218ac1c9ff933d7d73,RAIN,"DARKNESS, LIGHTED ROAD",WET,FAILING TO YIELD RIGHT-OF-WAY,2.0,34.5,3.0,3.0
1513cce840e58fc326da080f462d374b367fa8d085d4a34305c8635e239c9804df45a6d84e4647c85ce0f35e10d0b770fa53b9b0731e7798a3673a5e563c2844,CLEAR,DAYLIGHT,DRY,FOLLOWING TOO CLOSELY,3.0,31.0,3.0,3.0
1513f0e41837a7765fcf4a9ed250373b77559b2a90449b13a1a67559ea79d95b84d624a1df01180a38f871308a0574ba68354928b36117aa81664b0485250fb8,CLEAR,"DARKNESS, LIGHTED ROAD",DRY,IMPROPER OVERTAKING/PASSING,2.0,19.0,1.0,1.0
1514022307e822e4c6f9917d6324936296b6f04e4d0d17894b1fab83378ec3ca3d83faee9b257aa7a7f2ee8b676754408b518e7e0fbb5f03cb542540e0a02d0a,CLEAR,DAYLIGHT,DRY,IMPROPER BACKING,2.0,33.5,2.0,2.0
151407219f0d76df639112cd817a26d45f210ef924c4d3039667ea0ba2bba479ea9aca95e46e284cfcc39e4081659485c9687f73f701404e2a1de048a9d1be22,CLEAR,DAYLIGHT,DRY,DISREGARDING STOP SIGN,1.0,4.0,2.0,2.0
151411d71956f01dabb086187b1fd8d6b3ce3514c920fb4f8145b02d75772c2fe248d7caf1d7fb84b1babf6361532c8ae5a68cec32b5e07fbd0e477d165e1358,CLEAR,DAYLIGHT,DRY,"OPERATING VEHICLE IN ERRATIC, RECKLESS, CARELESS, NEGLIGENT OR AGGRESSIVE MANNER",2.0,54.5,3.0,3.0
151420668faa5bc4753af7aeba154465238a5cf8ce85d64892b3fb4a4ad71cb57cca6a3f315ea404ac1ddaf9a55255ed67247d169af1d9b693789e0616dc5597,CLEAR,DARKNESS,DRY,UNDER THE INFLUENCE OF ALCOHOL/DRUGS (USE WHEN ARREST IS EFFECTED),2.0,28.0,1.0,1.0
15142488f037a693445a0426059847d161444f7aa4c269ba21c408d8b319d897210b9781a4b50b7e7f7d1fadf946886c7ed509059afdbfe3319885c5d3587962,CLEAR,"DARKNESS, LIGHTED ROAD",DRY,IMPROPER OVERTAKING/PASSING,2.0,25.0,2.0,2.0
151427e1a2232f922e62b51d8242c0759fe9f3a4fc57498ebac09d0563bdd16b2bbabc4fb92f94b5ee7374dbcfaf038241895ece655dd4021653377bb91962d8,CLEAR,DAYLIGHT,DRY,IMPROPER BACKING,2.0,49.0,2.0,2.0
15144f8c89358b7557cc89a66c986cabfcf7a5794321ad7c7f71c7afa0256d3430609de197fce67b6430d798af744f42e394112018dc5374817b4c0c6032cdb7,CLEAR,DAYLIGHT,DRY,IMPROPER TURNING/NO SIGNAL,2.0,44.5,2.0,2.0
15144fe948b8c931862555acaabb81ee9b90d856a0aef0ef189419e1a0f5099bef027d48dedf4f93c7465c340017d9efba4c8963d46acee8a8af81c9d5c99bde,CLEAR,DAYLIGHT,DRY,IMPROPER OVERTAKING/PASSING,2.0,34.0,2.0,2.0
151486e1c213c14ca1c723db290f2ef4226876a007becf2ce0ed88026a7d13489d970ea4f9b6534019d4e79c13be2cf610c27b81e19867116780e2c14e7b4b13,SNOW,DAYLIGHT,WET,DRIVING SKILLS/KNOWLEDGE/EXPERIENCE,2.0,44.0,4.0,4.0
1514c211317d67bb4176f81368d89352fc44ba14c44faa4edc630f477d4dd069286b0cb946fc874aecca81d80e378da9797f50406141bee8785973f8996682a6,CLEAR,DAYLIGHT,DRY,FAILING TO YIELD RIGHT-OF-WAY,2.0,39.666666666666664,3.0,3.0
1514d1654eb2767302709c3dce2354203d9a313cd0284e09eeb0764351587d0c8e5f9f7c0c3c2d9f3330773f0cb4feb930f204c54a6e027d40191b2a402eb7df,CLEAR,DAYLIGHT,DRY,IMPROPER OVERTAKING/PASSING,2.0,25.0,2.0,2.0
151516cd8a2b30b622e7bd28990f052150730c2a46247f4de0369bd6ade04cfd1668dc905fba9edc140bcac288af36832e89ddab3f8e8506b5264394d3339225,CLEAR,"DARKNESS, LIGHTED ROAD",DRY,FAILING TO YIELD RIGHT-OF-WAY,2.0,44.5,2.0,2.0
15157471e785369005c2bc1b7b302b0f3d2a681d89e78a05fc17285afd9480e4ed7fca90f8558ba182293e45da9c4013fc9989c2750b75afc038690c620fba0d,CLEAR,DAYLIGHT,DRY,HAD BEEN DRINKING (USE WHEN ARREST IS NOT MADE),2.0,42.0,2.0,2.0
15157ef3653c008b3927d3d6e4169eae6b3b808915aefe15a6e404f8545897e31eac7c0a0cc3892c7923b3148ce635d73c5a514be00c9df520d193ad08f527e6,CLEAR,DAYLIGHT,DRY,IMPROPER BACKING,2.0,45.0,2.0,2.0
15158d0a51cc2e90a933e5264b485d3f5ef7e47f2a68055488491daceadf9d70ab2be5c116d65eed0f1076d8e7fccc1d7a802ef15ec0f9846fc8cee2c4aaa7ff,RAIN,DAYLIGHT,WET,FOLLOWING TOO CLOSELY,2.0,53.0,2.0,2.0
15159c1d9bbd3a2917c73bab883a88719371bfc749d279b9b1469268497abfc614ade41449ac4a4e680cf36dd564ff50cc47ac5247fdb978f0071c924b97baf9,RAIN,DAYLIGHT,WET,IMPROPER BACKING,2.0,37.5,2.0,2.0