crash_record_id,weather_condition,lighting_condition,roadway_surface_cond,prim_contributory_cause,total_vehicles,avg_driver_age,total_people,total_injured
1515c08226f9930cc83b3951c31ec794ff0cd4fbbe197524a80d0c2a07515d9064eb430151ca8f7dcfd68c4793ca2b559976046efe8528d3eb96d6231e3d967f,SNOW,"DARKNESS, LIGHTED ROAD",SNOW OR SLUSH,DRIVING SKILLS/KNOWLEDGE/EXPERIENCE,2.0,48.0,1.0,1.0
1515d417bc59c1712ed7df6450c42177cc4d3bb11e3cc6c13bdba918855d4e54a835c50310b3abf0d045b3fac25674f94412738f840d0916e54ba7a0041c7d94,CLEAR,DAYLIGHT,DRY,IMPROPER OVERTAKING/PASSING,2.0,55.5,2.0,2.0
15164782db0960cbe96310fd1b624561b77572d1419f53592c26c66d7dff5dcf086ce81440075ad989ca8a09db59155d4addc2acf1c04b4f130853e238f93852,CLEAR,DAYLIGHT,DRY,FAILING TO YIELD RIGHT-OF-WAY,2.0,21.5,2.0,2.0
1516b75c2deb55d673e0d1805c1e0a42d75a469fa5c14c9c219ce036d7a8e9c018ac6b113ab208d0515775f5aaf74c3ac0e21abb10b3efeb59080c93ea2d5820,CLEAR,DAYLIGHT,DRY,IMPROPER OVERTAKING/PASSING,2.0,43.0,2.0,2.0
1516b9598589b6f969a18e64fd0e524cfb4a72faf9b1fc63f781ce5089cbe9f8136b6796fa46ff8f35e354224d7d5ca3f3ecdf04b4201914d1db7fe7dccd4e8a,BLOWING SNOW,"DARKNESS, LIGHTED ROAD",SNOW OR SLUSH,WEATHER,2.0,31.5,2.0,2.0
1516f209482478dc2ff5dbb0b755f91471f09b2dbd7ea53090ac4f23396487a7d319eed1f51d0dcfb8ffc4add3b97d79c3b79fe26717a4638ec6491cd375efa2,RAIN,"DARKNESS, LIGHTED ROAD",WET,FOLLOWING TOO CLOSELY,2.0,33.0,2.0,2.0
15170b124af8ae8ab668da3d53f5105bda928df7b13756f776f9e8b1f89a479276e17f95b1f82b1a5b16a9543c05d36d42b1df3e2d7163749e780fee6e7472df,CLEAR,DAYLIGHT,DRY,IMPROPER BACKING,2.0,29.0,2.0,2.0
15177bbd3a6b6d27b43686df5eabfa02fb499062480064ef800306d411a8eaf37de0bd43b1fd87a3ba8c46e89ad2f2f4a276f7b211938d570aceb957ba77e4ed,CLEAR,DAYLIGHT,DRY,DRIVING SKILLS/KNOWLEDGE/EXPERIENCE,2.0,50.0,1.0,1.0
1517937278914c86b77f4595873b58d41a8c2d53b95ebb4f691e0a46ecfaec109ebf6ca27a5da16dc28f61560f6c010df0a988623082a5884a6c3c83a8f8a4ff,RAIN,DAYLIGHT,WET,DISTRACTION - FROM OUTSIDE VEHICLE,1.0,45.5,2.0,2.0
15179a8f09ea56029a7f39c9aee426bbef876095579c6e0a129e2d3b5c4387354e67ae6026c40de70617deb3d79ce166cdb9f0f52728fcd1859fa8ec8ad3c8d6,CLEAR,DAYLIGHT,DRY,DISTRACTION - FROM INSIDE VEHICLE,2.0,37.5,2.0,2.0
1517ba926f701af88b42726c387ab95ca5dc50a72423f79c794d75a16c0b31c776ea87097c9bebd5d46b2751670b2f4ac2e18b0faa7ca6ba25967a9a4c803d2b,CLEAR,"DARKNESS, LIGHTED ROAD",DRY,DRIVING SKILLS/KNOWLEDGE/EXPERIENCE,2.0,26.0,2.0,2.0
1517e6fea00b89452a8300e6ec8b9f8fd06909266106300abf02262aa4f78ff08c79f4e8ee9a2a447d60bc884707f0fdea67be9ed4487a9b3a1899190929a932,CLEAR,DAYLIGHT,DRY,FOLLOWING TOO CLOSELY,2.0,45.0,2.0,2.0
1517ef76e88f5287f8bd2a4bd1057b7ea4ea8df04c2edfee0b4593bd8fea7d72b8a20102e6c116254c19a455bdf3dc9810c2a8e3a83a314b971aa0208169cfe0,CLEAR,DAYLIGHT,DRY,FAILING TO YIELD RIGHT-OF-WAY,2.0,76.0,2.0,2.0
1517ef7b1c8a288bc297a5997c66e4c0be03a90f48129a8c6e43c09cbe19487535343847d4dc549781a738fa2aa6446abf2ee5278c43f022e811add242c9c986,CLEAR,DUSK,SNOW OR SLUSH,IMPROPER BACKING,2.0,17.0,2.0,2.0
15182507e5d61a7507acaf668357f1d25b0c6b1a140a97a54ed37a82e984018a7cc9069da11363838da9a533afdd09d6fbc4caef23da689015b69912291a1358,RAIN,DAYLIGHT,WET,FOLLOWING TOO CLOSELY,2.0,51.0,2.0,2.0
151834ed7d0495803b0721ef7ec618be5ff722422d39400a9ab30862d385ca268f2fe66da554f1ad5ce60255714550d27ade765ee0f38663b74155ec32b0afde,CLEAR,DAYLIGHT,DRY,DISREGARDING STOP SIGN,2.0,57.666666666666664,3.0,3.0
151838c584f33e578d73d15cc898439c57e591c55a93043a905dd233f7041b2352697c28dc0ae984c96eb74c92ec251ba9a770a9c63c21aaa27e407aeebda650,CLEAR,DAYLIGHT,DRY,IMPROPER OVERTAKING/PASSING,2.0,63.0,2.0,2.0
151848c807bc0676ca35fcd961faa5f428309e3021d77da03c2ad02baf205d8053441f64b85c876cc78376351be069c13aa4e0ba533bb5b7ebe5c9a498efdf69,UNKNOWN,UNKNOWN,UNKNOWN,IMPROPER LANE USAGE,2.0,37.5,2.0,2.0
151865d3b69b5e35f338ce23a15bb2dec809cfd9c24e6eab0f6898ed0cca51d166ddcc90390a5ab29cc07d855a457e482aa8c8da7d33b47abaf5aad9688f174f,CLEAR,DAYLIGHT,DRY,IMPROPER LANE USAGE,2.0,41.0,2.0,2.0
1518b23e3d51db72a56d8b1fa1990939566259ca3b157b88e1144e78ceeac6585502050ac01ab754a92a6efb48931804d944ec12d9054c2c9bdd0e9436509d93,CLEAR,DAYLIGHT,DRY,ROAD CONSTRUCTION/MAINTENANCE,1.0,45.0,1.0,1.0
1518b84c8883e140941bf82e6b0328b87386f95474241f3be7661a30e8ac5712a5b16b51ae8252540141aeda13e549c9ac516ac720d622d59f7cd480f3087619,CLEAR,DAYLIGHT,DRY,FAILING TO REDUCE SPEED TO AVOID CRASH,2.0,46.0,3.0,3.0
1518bc56a79486f6439463f2449303855f5e43e7332df89a6e1dc098a8716a3713bfa941b858632d6d181a039ed0e909bc40165890ee10123a536ab42ff83788,CLEAR,DAYLIGHT,DRY,IMPROPER LANE USAGE,2.0,61.0,2.0,2.0
1518c904c70af91792afc35b667d76dea1f71b27f505468c4b339247ea71893bed265c1be6f2405c11efab1ca4e862b41dfbfc8e305ca86dc7c5c1381335ca19,CLEAR,DAYLIGHT,DRY,FAILING TO YIELD RIGHT-OF-WAY,2.0,43.0,2.0,2.0
1518ded377135b7c93b359eea8e42650588ff8688ba795e9d94afbc7db6edcfbc15a0b80366549fcb4680c3e9a1d55c9f151fc2b7b5ee802bf86dc07d13cdd3c,CLEAR,DAYLIGHT,DRY,FAILING TO YIELD RIGHT-OF-WAY,2.0,43.5,2.0,2.0
1518fc76d6a6aecb5510d871331be41e8cf79248c1641d12923f5cfaaad7072f6b25409235cc08b64b098602c633fbfa81f4b45facd2572af9839085fa9cfbb0,CLEAR,DAYLIGHT,DRY,FOLLOWING TOO CLOSELY,2.0,33.0,2.0,2.0
151936cd0fb92327f346dc88460f845f5a128265e2a1bbfcc061ecb502a85f58a5709f37de02fb63072c723ff0b2bd11309d458c863d038fc3a627ddcc335a7d,CLEAR,DAYLIGHT,DRY,IMPROPER BACKING,2.0,37.5,1.0,1.0
151950bbe4eccdfaeb171248b5c37dbd5296fbfe8c38bf73709b8312abbb6340b1f8eb15e3cec892b447a49c66c0989ab7770be1b15fa1146ec2f217b4b1aa09,CLEAR,"DARKNESS, LIGHTED ROAD",DRY,FAILING TO YIELD RIGHT-OF-WAY,2.0,27.0,2.0,2.0
1519581ade01c48a1d2fa58a590b9eaea1341e0ce2a91bddf2225f5ccbfdb07e7fc300618722f76e7a6dc4e567cf1d97f2803b0f0b8c83ee37978fe820e48330,CLEAR,DAYLIGHT,DRY,IMPROPER TURNING/NO SIGNAL,2.0,24.0,3.0,3.0
1519880186afb8df6c0128d0a737c4d4e45aa69053632a2837c7c2cb597d716cf14b92b9b0f0d6d20e65783516af3c6dea49566c1804ab64c64860deaafd629e,CLEAR,DAYLIGHT,DRY,IMPROPER OVERTAKING/PASSING,2.0,27.5,2.0,2.0
15198f761094ea77f056a487bf4aa009c545b93e6d632a3edf4e27f157eb5170e33f11dadd68e55cc8c7191c7bb951e102848881111209dac4e9adc04965a4d3,CLEAR,DAYLIGHT,DRY,FAILING TO YIELD RIGHT-OF-WAY,1.0,51.0,2.0,2.0
1519ccb378630b2eedf598c893a84bf3a1af6a95a4e53c8b0a7546a0988b0ad495ea3cce18f56114c0c7640ad79bb92ba05b9121cdebdc92bb5f8c8641dd3956,CLEAR,DARKNESS,DRY,IMPROPER TURNING/NO SIGNAL,2.0,40.0,2.0,2.0
1519cd5b2f56b5561f61fce7fdcc8fbcbee6888401b064a77821ac267717d3bec1ade544e9edc486a44866f4454c5ea32447b390a452fe3fe7cb545a7db497ac,CLEAR,"DARKNESS, LIGHTED ROAD",DRY,DISREGARDING OTHER TRAFFIC SIGNS,2.0,21.0,2.0,2.0
151a12363ea0d7ee959ee362c9028cb78baf108a40e1b8b1c04c2c939f6c2f6f012565ca62aa3dc7f09371209343bb811a0545801f8bc1615f6d6d4fc40ff80d,CLEAR,DAYLIGHT,DRY,DRIVING SKILLS/KNOWLEDGE/EXPERIENCE,2.0,36.0,1.0,1.0
151a2e8d0c14604c1718a1f225cd7455b75e0fc8400bcef8dd60b9418f72036f4af0685826096c69f56e89aa51981852dae9f853ade2be831eae7ade4e7cb1ff,RAIN,DAYLIGHT,WET,FOLLOWING TOO CLOSELY,2.0,44.5,2.0,2.0
151a429a95a26baf51db42a36cb324cfe662e1115210cbde5669968f01fe11bcc01a6aa335041ebaf87aede1214ea3decd782d447329e6a44efca54ed81ece3b,CLEAR,"DARKNESS, LIGHTED ROAD",DRY,"OPERATING VEHICLE IN ERRATIC, RECKLESS, CARELESS, NEGLIGENT OR AGGRESSIVE MANNER",2.0,26.0,2.0,2.0
151a542aa26561efaa9e2595c9a0ba5da457cf2045c7ac11eeaac4797e32abb295bf471f3caecc845ac7336bfdbe1dc2ac6c354b0cce30e4f206a458ff6f974b,CLEAR,DAYLIGHT,DRY,FAILING TO YIELD RIGHT-OF-WAY,2.0,25.5,2.0,2.0
151a69be45351e518ef2f9a898ba51bc514821eca8befb9dfa091e67fe89be579db7289bc8a99c66181d58df4a89443047c572fa02f2ba215f2df2bdfd627cd0,CLEAR,"DARKNESS, LIGHTED ROAD",DRY,FAILING TO REDUCE SPEED TO AVOID CRASH,2.0,22.666666666666668,3.0,3.0
151a765f3ae60cd4a8b1faf4584da70000aa1fb6829e08adbeaa66b922bfb7548125222aff5992d73f44f14b7c195a2fdfdf4cb4bbf54cae39add677d38b2e49,RAIN,DAYLIGHT,WET,WEATHER,2.0,28.5,3.0,3.0
151a9098ffcfd9b9a3f02e39b2e7f6ff386ebc0e3dad15716edc89ee3cb23fc5085bbcfeca0cfbbab6786e9ab8a1fdc520da8cc2c75aec5c4683f891decdc7b6,CLEAR,DAYLIGHT,DRY,DRIVING SKILLS/KNOWLEDGE/EXPERIENCE,2.0,37.5,2.0,2.0
151a9249bc03fcd548d18233dd9919be9b03adb2a88616ad4df0ef8941dbfc0e0389f3446cc2f4605532188fb4ea29aa752404b4e1706d187afe1a6892416f13,CLEAR,DAYLIGHT,DRY,IMPROPER OVERTAKING/PASSING,2.0,54.0,2.0,2.0
151a92e88a3cd0fd04b7f58d60da91caf0b774b805a01f059399d45e82b3292b7476428d87588125f63a388e139ddcd9e8c723145c4e34b55bb2c935fde6f807,CLEAR,DAYLIGHT,DRY,FAILING TO REDUCE SPEED TO AVOID CRASH,1.0,44.5,2.0,2.0
151aa51c1d99b6bf4d3f1496bfb7bfc44d066c30fd80592162096e0fdd125e27cc2d8ed1357893795f10303e0e0ef5689afedd9ec9735de80b89194553a1beec,CLEAR,DAYLIGHT,DRY,IMPROPER LANE USAGE,2.0,38.666666666666664,9.0,9.0
151ac9e755c4d60f23ae349480a83489d347d65f5db5107b50060a7e7a4d4f9e3f360f84cc45844e969280cb2f85b3c58164d35085e622f601fb5013f93779cc,CLEAR,DAYLIGHT,DRY,DISTRACTION - FROM INSIDE VEHICLE,3.0,31.666666666666668,3.0,3.0
151ae90e7c0ab77524ac0ae288c157f75825659a2195e724113ff083232d92df637f6a354a65683bc0ae39d8eb87f5238734a83b857d16e83d9d17480831b714,CLEAR,"DARKNESS, LIGHTED ROAD",DRY,IMPROPER TURNING/NO SIGNAL,2.0,46.0,2.0,2.0
151b03acefafe50191afe74cc2b1c514bc435584fa48bfbf3cc114dc637c300a21bf9363ce806536afce917735afcb0cc3561b2a78f39494aadf32bebb978416,CLEAR,DUSK,DRY,FOLLOWING TOO CLOSELY,2.0,41.5,2.0,2.0
151b0d810730d83bbb2b96e3eb2053fe8a41d6736f1cda56c1267076a1e4f1f07716f56a22ec46cbe880f2beba64ef67266928538f93c18200f5453af5251523,CLEAR,DAYLIGHT,DRY,IMPROPER LANE USAGE,2.0,47.0,2.0,2.0
151b5fa580b2d24104c7fcc6eed4b7c303864a0a4c6643f843a413e10b0c9c623cb5aaf572730b3260298766aa2481158916c1d4871219cec1efedca7f20bb29,CLOUDY/OVERCAST,DAYLIGHT,WET,IMPROPER OVERTAKING/PASSING,2.0,45.0,1.0,1.0
151b73289030ae73378d9ffbc3bce3ce7454df75d7fc190e0b5d96da3172d13e622c9f0adb65d25e9c4a7caa99bbaf0bd2056699ce75a4b7e1f9e19b0d5dcd0d,UNKNOWN,UNKNOWN,DRY,FAILING TO REDUCE SPEED TO AVOID CRASH,2.0,37.5,1.0,1.0
151b7fe7caa624a5c1b57322ff4c85547568bc49a80167fe670bce3563bfc93e973d114ae4473698b8937242d65690a809e0774c911f783c44a91b3ec1e08df2,CLEAR,"DARKNESS, LIGHTED ROAD",DRY,FAILING TO REDUCE SPEED TO AVOID CRASH,2.0,45.75,4.0,4.0
151b9b84d18a359e5d0103df445f46866d1c8308c1a68943bb99c4b34f3f98bbd034d432fdb11dd513cd88877d016a1baf33823bb0d23d74dd268374e7d41c8f,CLEAR,DAYLIGHT,DRY,DRIVING SKILLS/KNOWLEDGE/EXPERIENCE,2.0,35.0,2.0,2.0
151bb8be289ea14c18a545a0101b2cdd8e40ad6610670c05583cdae5bb25eb4a0572692c8fe5ea22413b8d9f2374db4d4387e48ff1408e6c92aef0935b463fa4,CLEAR,"DARKNESS, LIGHTED ROAD",DRY,IMPROPER TURNING/NO SIGNAL,2.0,60.0,2.0,2.0
151be9cfdb91be08b35e5d185204680f7082a4df2e09b50f9148a1c4d511fe8ecfc4c07f918796d9fa15f444fa4e831e96305be9357e09cfab3f9929a3e31abc,SNOW,DAYLIGHT,SNOW OR SLUSH,WEATHER,2.0,47.5,2.0,2.0
151bf626faba7a159545a73d105ba276f88de382abbde9950c5e2d418057aeae53f148c3b78824ed969a702a6b9edceada42f3470303ea135bf89da3efd804ef,SNOW,DAYLIGHT,SNOW OR SLUSH,IMPROPER OVERTAKING/PASSING,1.0,37.5,1.0,1.0
151bfb5b93301eb0d2f039395317eb5df6d03c008eadce3b556ddb4a84634c4ab955cda1c1f9723dc4f88f8a9dfa2110e5c567a283071fa02ec57865a3d3e005,CLEAR,"DARKNESS, LIGHTED ROAD",DRY,FOLLOWING TOO CLOSELY,2.0,38.0,2.0,2.0
151bfcc67a13bb3c3ef149b26644e36dd467abb557f9b7ba014ee22981a5d6425848d3955baba38fe405a96343a76d49e33f4eb5e7e364a82150f551592dd031,CLOUDY/OVERCAST,DAYLIGHT,DRY,IMPROPER LANE USAGE,2.0,66.33333333333333,3.0,3.0
151c1c1900aa7fb9ee5fbbc691bdacd4c4828cc7a3bb5179f3d51c7dcd9fa3e8b625f84ea24947c5427271aae3cddfc842a55bd7347ddac14d7f164d0708b26e,CLEAR,"DARKNESS, LIGHTED ROAD",DRY,FOLLOWING TOO CLOSELY,2.0,27.0,2.0,2.0
151c1f5b08c3db51b0d059285c65ac3ee01d587bd7a7ce565f8ff6a897d6d2c6a5b2f0a5ba7e8d7d56be5ab7b4e4bdd5608d10eb09784e22f823a90ca76abbd3,CLEAR,DAYLIGHT,DRY,FOLLOWING TOO CLOSELY,2.0,35.0,2.0,2.0
151c5feb5601563a610cc552f215528922063b087add2102618f619e00d0f688d1f866ba7ccb612ede9cbe80005160702b2ac3bbb9a3cb116c2bf76f239de9e4,CLEAR,"DARKNESS, LIGHTED ROAD",DRY,IMPROPER BACKING,2.0,17.0,1.0,1.0
151c6a1279dfd4f7827f6c6b6628e0b192ec4e118dd82f4ec830360988a2ffa82eb7d4dc76e09aadad01e166372931855ae1d1b8b9cc81df91c10af946acd497,CLEAR,DUSK,DRY,IMPROPER OVERTAKING/PASSING,1.0,27.5,2.0,2.0
151c8ac90cdd2e78adf472343fec97537d496ce3ec735c6b0b677a7369d665fcef772232a67d70860be4ed4e84b67e23aed92d1688277529a9972f2f056aed11,RAIN,DARKNESS,WET,FAILING TO YIELD RIGHT-OF-WAY,2.0,29.5,2.0,2.0
151cbda20ddb374fde64156689540e196c620a629bad5bc13c9093356a7a5f2adf29db6015b5076c93459ddc3b2003684e2b7948c3adecf57c9ff752c2dc482b,CLEAR,"DARKNESS, LIGHTED ROAD",DRY,FAILING TO REDUCE SPEED TO AVOID CRASH,2.0,30.0,2.0,2.0
151cf89915bef04c27eba5449fc54355b29f95be346997cc650b2852dda5af91a1cd03c12ade9955d0b7c3d535b6c8881146b22fff98cb3ef72d6f9d0560e3ea,CLEAR,"DARKNESS, LIGHTED ROAD",WET,FAILING TO YIELD RIGHT-OF-WAY,2.0,31.5,4.0,4.0
151cfd107ef70693826b857f5af37e4a8b3f175a3ccee5a691cc4e880f74308e50f39f4b3e7a317e9dd20a08b7be82dbf0f5f588614c3ccc36e142ca3c3530e8,CLEAR,DAYLIGHT,DRY,FOLLOWING TOO CLOSELY,2.0,32.0,2.0,2.0
151d025cdb47d9faf165993d8078f578bda33263d1dd9adf4c9aaee8eb8ae859102c1a106e7cf2cfbad07a4295c4c026b8fd2e40dccc188e324be2706deadd72,CLEAR,DAYLIGHT,DRY,FOLLOWING TOO CLOSELY,2.0,41.0,2.0,2.0
151d334e182d71f0b3c25727b8378373b3433cb2c3ee969e0110d4859587aaeb2353e9de857e18cb9fd79deae39b814f662235a0c01bb7c9e5d1cceae81c36b5,CLEAR,DAYLIGHT,SNOW OR SLUSH,DISTRACTION - FROM INSIDE VEHICLE,2.0,37.0,2.0,2.0
151d8fa95df768a00dbbf49b40bb0a21cc594fc961aab8260710a1c055a25805e1b6be8a3e0f31b4c84d3057e6e5c59dbf076263dfa5293e18d9ec238ea8d190,CLEAR,DAYLIGHT,DRY,IMPROPER TURNING/NO SIGNAL,2.0,37.5,2.0,2.0
151da530111918a4b90d1510cf20624742fc33d9c135608ef776c2db4e9b823d482ec3da82df53580f7db1da8a9a8e40d2522d08b648386b0bce2884e9386ee4,CLEAR,"DARKNESS, LIGHTED ROAD",DRY,IMPROPER OVERTAKING/PASSING,2.0,28.0,2.0,2.0
151dc75ba13f9a7e7a729a1f2760191d99a8fed4dd07adf077c62b6459932f389c59611ee92e9089581659df354ac6a02d7a1e806f9fe7bbdfe2ae38545e95ea,CLEAR,"DARKNESS, LIGHTED ROAD",DRY,FOLLOWING TOO CLOSELY,2.0,26.0,2.0,2.0
151de51bd879cc3bfbb72c87297024c6ab4e9dca6f711a38ac551ca37c4523452d978d169e50bad87877acf82309bcf431c6bf1e4988436cf2094b05aafc46b8,CLEAR,DAYLIGHT,DRY,"OPERATING VEHICLE IN ERRATIC, RECKLESS, CARELESS, NEGLIGENT OR AGGRESSIVE MANNER",3.0,42.0,4.0,4.0
151de701b1a83c0d508b9d592fb02d35a26e83eeb8a55217887e1f276fea621a6626bc13fc5a7af5cd5c7c989bd0728f17a588036e158518a109abdd5cd43f44,CLEAR,DAYLIGHT,DRY,FOLLOWING TOO CLOSELY,2.0,41.5,2.0,2.0
151df9d6511c2070d849bb457e766509c7d921f71be609ac78ebf4b1c21f095201c3aaac46f4879a01a67ea68a551569fda870cadd547cbe5bd3370b5899b812,CLEAR,"DARKNESS, LIGHTED ROAD",DRY,FAILING TO REDUCE SPEED TO AVOID CRASH,2.0,37.5,1.0,1.0
151e16db1f248014b047ec58b665efbaebbe477d36dde5819bd90f90cbf1c08e1c9edfd6462bc4f70dd0b90cf06a9e67ae71e49c629cd0a5f41e400b9b4105de,CLEAR,DAYLIGHT,DRY,DRIVING SKILLS/KNOWLEDGE/EXPERIENCE,1.0,29.0,3.0,3.0
151e6f32ce6f64c79f806dff968ab4238e06c41f1ff124140e4b2bc8b9f216215f8b815603f80a71c2343a8c6d4881b5f4a1106073eac7f699c43eec9b5dca7b,CLEAR,"DARKNESS, LIGHTED ROAD",DRY,FAILING TO REDUCE SPEED TO AVOID CRASH,2.0,60.0,2.0,2.0
151e90a9b288aba8fd548c3cc70210e3f65c15320cdb6c8765df10b1f8bfa395f02642075f53ba92a01bd8d518afb9dad379a08a1c1faf9c71958caf2da15f1e,CLEAR,DAYLIGHT,DRY,IMPROPER OVERTAKING/PASSING,2.0,37.0,1.0,1.0
151ea3bfb4d77d626af848bba5ef9a12cd7d45c3740a2a54a7e79ead6e1e3616a2d6b2456f50bafafe5764eafb2c51d7c1f4c14c7b4b60e49ee33af646a30b91,CLEAR,DAYLIGHT,DRY,DRIVING ON WRONG SIDE/WRONG WAY,2.0,45.0,2.0,2.0
151ee83ffe5a2919658f7f528f4f93bcd6749f00d9dcf8904822e07f1e59740ac1b49eabedd1277780d0d4b96305b15c7b03b0e0c6f4d932cf9de1b849f35634,CLEAR,DAYLIGHT,DRY,IMPROPER TURNING/NO SIGNAL,2.0,34.25,4.0,4.0
151f110b245a5d5906d97ba8bdd064a79a5e6a1dc50e9215b7536833d7e826f4a42fc5cc6618606dd89474bfdf68f499871534d8527b7710426fc5e0231d5a91,CLEAR,DAYLIGHT,DRY,DRIVING SKILLS/KNOWLEDGE/EXPERIENCE,1.0,46.5,2.0,2.0
151f1bcc855b95ebbc7ba4d031b0ff7cade36d1d29a1cf73cfc6c8ee1dbe13c99c2695c3494050a739d389d939169ac61414916c5d684d2e1396cf48bca84ab6,CLEAR,DAYLIGHT,DRY,FAILING TO YIELD RIGHT-OF-WAY,2.0,32.5,2.0,2.0
151f52ff35b97e22f55062b52a079ccc1415dbf56b00f74e7a537859ec8aaa1bc0651716ce4a5dcee0c0d26396d233e849767c4346b4c2fa221f95d19f545f32,SNOW,DAYLIGHT,SNOW OR SLUSH,WEATHER,2.0,50.0,1.0,1.0
151f530d6b6f335a545df9e8a9d762a831d761ba76f2d911d774f1afaeb65eb2760f10b25b693a408c06234339cf1acbb124715bdd82f3de66154c2b0ef2fd07,CLEAR,DAYLIGHT,DRY,DRIVING SKILLS/KNOWLEDGE/EXPERIENCE,2.0,66.0,1.0,1.0
151f7e864b4cd4c5a098bb29d2c47e4529d7f5be55b87eee20bec6adc60849836583af7a8731e31b9b925121ce02fd40fb3356b8f381545f60a7a49f34077119,CLEAR,DAYLIGHT,DRY,IMPROPER OVERTAKING/PASSING,2.0,22.0,2.0,2.0
151f9ffc88a88b80f78a1d525c59f4d3259af42f294b1b85d7a37079d4f76b6cfac302073cacc9090fcfb20601a8c295a8c5326940bc1c8be0e04909e4d3f2c9,CLEAR,DAYLIGHT,DRY,FAILING TO YIELD RIGHT-OF-WAY,2.0,51.0,2.0,2.0
151fbcd6d47579048fe5c335c7e74b9f024aaae74f749709f2655ec1289f824f7ca67745c91ef118d18da4f06ab7c104274b862b46f37566fd00a4f56c82ac52,CLEAR,DAYLIGHT,DRY,IMPROPER BACKING,2.0,35.0,3.0,3.0
151fd3734264b751f653dc92491873aeb0a5f6b786226421a81b9c516ec68165de187a51bb769b2b7eca133ede945b813799ae4ea686038c278304dc4847be7e,CLEAR,"DARKNESS, LIGHTED ROAD",WET,FAILING TO YIELD RIGHT-OF-WAY,1.0,59.0,2.0,2.0
151fd815bfbb78dff8da3a11e89a129bcad97eb6f9a9fc88f59fe9d7f65387306b0cf865be6474872a111ac818d05487cb81be54ed900abc637c02d3f7f1bd68,CLEAR,DAYLIGHT,DRY,ROAD CONSTRUCTION/MAINTENANCE,2.0,31.5,2.0,2.0
151ff29649f274cff69beb7f2633147c6987a2ef33b9d4e6d8e2c4d5424fcd3bf9f26408b1aa4a4c23fdb2b69ff82ae0c03e2b05af73d5b4561d3172a2f1d67f,CLEAR,DAYLIGHT,DRY,IMPROPER LANE USAGE,2.0,23.0,2.0,2.0
151ff7761581d693d76a40ae1940b9934db68f823299811907931f60070c59d2bbfc1afc993f740a115cd1c75fc08129432e358e9a46bb012f4c243cb2147b31,CLEAR,DAYLIGHT,DRY,FOLLOWING TOO CLOSELY,2.0,26.5,2.0,2.0
151ff8988e80d7a1f96fe95b6dffb84c16fa5366d83b4711b8346726d799a23fb1fd60afd7054a11cb57743fb0296137ce125c84bf0bdff75dcf69b110147bd1,CLEAR,DAYLIGHT,DRY,DISREGARDING STOP SIGN,2.0,28.333333333333332,3.0,3.0
152022d0634ee9f8b33e02f8fb0c471424909582a3bbbc20fde91944d9fe6fa405834890a00afb1536ef3b965875eda239a7d776949497ed154125cfacc9d90f,CLEAR,DAYLIGHT,DRY,FAILING TO YIELD RIGHT-OF-WAY,2.0,38.0,2.0,2.0
152042b5861beda2018cddc199bda7e701c451028b2e8e0c98a66d22fb1240aca27cc0d93ebc6bbd18a9a7246f4b1dbbceffa38a51eefb6bd5fe967ef005d73f,CLEAR,DAYLIGHT,DRY,DRIVING SKILLS/KNOWLEDGE/EXPERIENCE,2.0,35.0,1.0,1.0
1520593533d8befcf0a9c5b209a7c470ca6ea8a61d8948bef0c8a30af52ffe78567a1de001efed678dc6d980da1663bb017f0b61650c2b5ee28e84bc61eb48f8,CLEAR,DAYLIGHT,DRY,IMPROPER OVERTAKING/PASSING,2.0,53.5,2.0,2.0
152071b4f50b5e927df82014b785ed52669f60096316cd04c1037254fea159fd94b4e8c9928f640bc124be5a36b68b01e495d292f02c29db10526c72b82ae796,CLEAR,DAYLIGHT,DRY,IMPROPER TURNING/NO SIGNAL,2.0,33.0,2.0,2.0
1520eafbcd12b6abc7945550db39aa2504011d290a684e323b53d26263e67f9b8c9daf5adb73dac7ccb809e9e9bc6de8fb4283bc76e8145dd63659a93f1c9c38,CLEAR,DARKNESS,DRY,IMPROPER BACKING,2.0,21.0,1.0,1.0
15210164da24dd9f514c2d6dbf32939696e2887f6d1d5c326c258c7450bd2e2a2b28872c33698f55dd380bb199dc98958b0ed967a69851fec0123ea0b4b1230f,CLEAR,DAYLIGHT,DRY,FOLLOWING TOO CLOSELY,2.0,41.5,3.0,3.0
15211e832bd8410a0ecc8309bc83196ab67f21ca263b8a7bbca83458c5ea26345dbfc95ad26d1dddb8420241b52f0fc4a4a7230841d607ff5d7338f1400594f5,CLEAR,DAYLIGHT,DRY,FAILING TO YIELD RIGHT-OF-WAY,2.0,54.0,2.0,2.0
15212b2eb3202284cc148e1e394b3be151d26ffad4ba15598daeb141dc6cc0c3d65f09d6462c160190ef1330b223b31fb0285e61461ef3045b99f049924924bb,CLEAR,DARKNESS,DRY,FAILING TO YIELD RIGHT-OF-WAY,2.0,72.0,2.0,2.0
152133febbcbc5987eeb49fced902a32da2ffae47b9ded611211653cad3ced3e904ee94ef45ef23d68f1e9a0170f921ac897b2ff3331ce1a5cf472ca46624eff,SNOW,"DARKNESS, LIGHTED ROAD",SNOW OR SLUSH,FAILING TO YIELD RIGHT-OF-WAY,3.0,42.666666666666664,3.0,3.0