crash_record_id,weather_condition,lighting_condition,roadway_surface_cond,prim_contributory_cause,total_vehicles,avg_driver_age,total_people,total_injured
152148bfc4f968d27da86130b793505551cf925bfa573ceb2d93fba7fb3c991ee4d19997ba236d625d69371c98f6846680a0801962fd0fd9a13c33802bdcb032,CLEAR,"DARKNESS, LIGHTED ROAD",ICE,DRIVING SKILLS/KNOWLEDGE/EXPERIENCE,2.0,37.5,1.0,0.0
15217ed7cede607c00539cb36d44824416fc97e86149e8f0251a961e2632d560ecc129610396a5955cbc7afc9a5acae08dc724ef9db4da5cbf5b54e7dd69ec23,RAIN,"DARKNESS, LIGHTED ROAD",WET,FAILING TO YIELD RIGHT-OF-WAY,5.0,24.2,5.0,5.0
152180e4ee2834f1104cda984406f556dff47b00eb49e982bc013a2c37c269b4bf6262de933aeb35522e118434ffb5665aadac428d878ca6ec033b982ed1154c,CLEAR,DAYLIGHT,DRY,IMPROPER BACKING,2.0,60.5,2.0,2.0
1521b29f908579d351c6442f4be31bc240d9bfb6dea2ede6d9869546b68d01f48ecc939a8040b59133b77a4cabe4fd1ee4da6939eef7e3297a90b9958602a7be,CLEAR,DAYLIGHT,DRY,ROAD ENGINEERING/SURFACE/MARKING DEFECTS,1.0,37.5,1.0,1.0
1521d71f79716e7fcfaa52cb0fa985b6b18ddeb5eb821971c5bb615b990b7dc79ab0b2f3f8c0541ded97e6080eefd6385d9e2df5ccbe34351aaf46a7b8f211ce,CLEAR,DAYLIGHT,DRY,DRIVING SKILLS/KNOWLEDGE/EXPERIENCE,1.0,15.666666666666666,3.0,3.0
1521df14e5c685efa3355afb3d62304e4053093d311c861b10361512306ac9656b2202c936ba28e39bbb06b8d3d7b09c4403d154bd21ba916928a749c2ff65ed,CLEAR,DARKNESS,DRY,"OPERATING VEHICLE IN ERRATIC, RECKLESS, CARELESS, NEGLIGENT OR AGGRESSIVE MANNER",2.0,28.0,1.0,1.0
1521ee079c92e453e44a490c7d6beb4357887c7c101e13bbefea7eb9dc4b8e69573ba9d60b21dd9b8915edcc1a38b9a4df6b6d1c3577600a70a098ebd7582785,CLEAR,"DARKNESS, LIGHTED ROAD",DRY,FOLLOWING TOO CLOSELY,2.0,48.0,2.0,2.0
1521f64af6ce2e01e4003431499a56b5d5cd6ace87179520125e2049f929e5ab0a7e4b240dd7a885d2cd176ea2f7a358e6c882b310f96d8b1832a6e00dcd97ad,CLEAR,DAYLIGHT,DRY,FAILING TO YIELD RIGHT-OF-WAY,2.0,40.0,2.0,2.0
15220930d0135379836d8d04b9cab815bb5ed6231b5bbf6772c444081a05988ba6694bb50ddeb2506e6d68afe2041c9bfcf0017df0a056ae7216ba80f378e3cf,CLEAR,"DARKNESS, LIGHTED ROAD",DRY,IMPROPER TURNING/NO SIGNAL,2.0,44.0,3.0,3.0
152245ad94488d33c30b16bfaa7d341f9bc780eb5b943a6ecc415692fdaf05f1d093df83d4380691ed36c5aef7690ac33a438f2b43c7fbb5f31db2a5fa7e5ad2,CLEAR,DAYLIGHT,DRY,FAILING TO YIELD RIGHT-OF-WAY,2.0,63.0,2.0,2.0
15225344a44b45d803345f4282c770c032e82987939406b46ddd4da5bd8f249f1a53fc909449670d2ddcb57cff9903fb58ba1df1ffd606352811721743448c90,CLEAR,DAYLIGHT,DRY,FAILING TO REDUCE SPEED TO AVOID CRASH,2.0,36.333333333333336,3.0,3.0
15226d44b6f60e342866c1207c1a910694a894509e2a8c4da5a5cbbe95ad8d27f2fe72a33b018c12de5265185d194820d909a45363f0203cb764f10b21705da5,CLEAR,DAYLIGHT,DRY,FAILING TO YIELD RIGHT-OF-WAY,2.0,30.5,2.0,2.0
15227f2b73f360cc2566fa1b2c84d948e716376c885d0e2db34152e2c685867b4c4eb5baf4e35ec8314a197c58c10216e88830e05a4eacb96243c08b156b2b15,CLEAR,DAYLIGHT,DRY,DRIVING SKILLS/KNOWLEDGE/EXPERIENCE,2.0,37.5,2.0,2.0
152292452a2f7072c03851c1cf4f0f3b5049b56c41bc1d89c61aa7b24735709aa16523bcf2e20e14ebc6ed10e7fbd16c304d736a19412bd5763c1e9222e088c4,CLEAR,DAYLIGHT,DRY,IMPROPER BACKING,2.0,37.5,1.0,1.0
152294c1de3f5137da6bc9bc01fcca80fc9e6d199e20d0dd73713c0a0482fee9579d17832df1fcda5ad3c829f0f8b261aa00be1f0410b478ec139f40d1b30169,RAIN,"DARKNESS, LIGHTED ROAD",WET,FAILING TO YIELD RIGHT-OF-WAY,2.0,35.0,2.0,2.0
1522ab6afec648124aa646d9f0e96c9b4c562ab2e7e67022021b961157443c0e2a41cb6d5a508216b4fc83450ac56b5c91e563ad5d79053724f3a31ab43f1cd4,CLEAR,DAYLIGHT,DRY,FAILING TO YIELD RIGHT-OF-WAY,2.0,54.0,2.0,2.0
1522de8b86725636aaea1b5dd8d9e8faf6565794368748a1f5418775f4860ff651a65811fe8aade7d11271ef868fe5273eb2d0334d1aae20bd545f4195ba6d6d,CLEAR,DAYLIGHT,DRY,FAILING TO YIELD RIGHT-OF-WAY,1.0,44.0,2.0,2.0
1522e4e76d0dc59391edc3f617534e8937146cfb28c9db371d4ae44f13a4aa6758b068a3f9d8571d06d3617936f9348c2ad1bd04f391cb3146ebdb0da159a59b,CLEAR,"DARKNESS, LIGHTED ROAD",DRY,FAILING TO REDUCE SPEED TO AVOID CRASH,2.0,25.0,4.0,4.0
1522f2ab8ce12dc91b690e683fe5190fdcd22d00e8ddcc17eb4d9231ea470a6e63684fccd158dac6b9d66bb58f661c8baffc5137c523a19ee5a594f5cbe0a32c,CLEAR,DAYLIGHT,UNKNOWN,IMPROPER TURNING/NO SIGNAL,2.0,50.0,2.0,2.0
1522fb078f85b5aa71da1e77ca48e763c21c8fd4574c9544d7f29119721a07aadcf7b388afa99d10cc0ee6d1246d61e7984471e06e83047f3d9ebb9c25d034eb,CLEAR,DAYLIGHT,DRY,FAILING TO YIELD RIGHT-OF-WAY,2.0,25.0,4.0,4.0
152314ad0357da8ddf56a40827414f82b0d88b25a00a6bb89cedf3d5c780468a85922c1acf14c39345c4b60a830a08373fcec02dbb8d57881a7957fea9cdfde8,CLEAR,DAYLIGHT,DRY,IMPROPER OVERTAKING/PASSING,2.0,54.0,2.0,2.0
15231f5ac235f1af1529ec54159929f2734f287c0ed5abf50a5d03e918837c3dc99a72dda4cc758a131b4a5af9ce466ade857d8e417545f84dc5fa1ab1801156,CLEAR,DAYLIGHT,DRY,FAILING TO REDUCE SPEED TO AVOID CRASH,2.0,51.0,3.0,3.0
15232e6226611dc6453e88e2be5beafa9f737a9640804b0b4b4b0b83e2de88fb38588f7e7ad16ff6b08e4dcd1448d6ec6837e0378920f711b99803f701dbf112,CLOUDY/OVERCAST,DAYLIGHT,WET,FAILING TO YIELD RIGHT-OF-WAY,2.0,68.0,2.0,2.0
15237017027cac7375373d6821ab4f64e806f6c9c22b6477450409b84c31351c7edac3de9f9eab5d87232dd5708339e6f8a82a407527c6409d40f4cd014aaaf8,CLEAR,DAWN,DRY,ROAD CONSTRUCTION/MAINTENANCE,1.0,34.0,1.0,1.0
1523843e24fcf54c7676c59439fb751107537a132351c1e61a291afd2c10636f6b8dabef145e6232db5c0e5ca90d932c029d8e2529714d9b9bfa81fb4ab43686,RAIN,DAYLIGHT,WET,IMPROPER BACKING,2.0,34.0,2.0,2.0
152386d93c4e043da4066e64866a5cf5a2140be288a3a5c054403c5d4fb6a38264546bf7283632a787a77d08b465d655b0f6d1b4bca6610cfa5fdbe634908e1c,CLEAR,"DARKNESS, LIGHTED ROAD",DRY,IMPROPER TURNING/NO SIGNAL,2.0,28.0,4.0,4.0
15238c70eb90cfbd2dcad8834f8f238d6ef1b0122f8dc5276db99c136c573240d3f0534ae2d0820175a98327a11b1b11cd5e7e61c3421ad4f00a714d070ccc57,CLEAR,"DARKNESS, LIGHTED ROAD",DRY,IMPROPER TURNING/NO SIGNAL,4.0,36.0,2.0,2.0
1523aa6ba5fc3987b2221f401069efcd313f4639bb5697739c79b8e97ec50d6f1d408ac08e18912db36027cfe46ef9ca0fc08fdd0d2049fb1973f3987f72c9ff,CLEAR,DAYLIGHT,DRY,IMPROPER OVERTAKING/PASSING,2.0,59.5,2.0,2.0
1523b912c766fd38897ef5b5ad28f73c9c7108faf5de50c7d8fe075de3dc397b6bdebde52dfc9019fdeb2326a0d5f3d88bc384eed79c90276ef3cbabd0d3f606,CLEAR,DAYLIGHT,DRY,IMPROPER TURNING/NO SIGNAL,2.0,37.5,2.0,2.0
1523ee753de22c03ae82f289038ac17cb88c6b46a415c922dce271e66dae9eb19c5e1e2d6c69f2e5372332fbc4cc16e22f5c5c81ea5b38d5e24ef18b0c96a104,CLEAR,"DARKNESS, LIGHTED ROAD",DRY,IMPROPER TURNING/NO SIGNAL,2.0,41.666666666666664,4.0,4.0
1523f9860bd5078dc2b28d402ee2610290e60073bdefd57a60080df87ec7da00cd08bf4c715a4c254ab3d43c8be2401cd823fc3ea52dc0433139b71f39429d43,CLEAR,"DARKNESS, LIGHTED ROAD",DRY,FOLLOWING TOO CLOSELY,3.0,31.0,3.0,3.0
15241a494cbcbe71d06a5906a02741c12002f417c50c4899abc11a5e9cdc2de66c4f32a6991b4a17469d9f11b2db7e37b0c84cf8bf40b878c58e401f169277de,CLEAR,DAYLIGHT,DRY,FOLLOWING TOO CLOSELY,2.0,23.0,4.0,4.0
15242bfca9311c85f51f33a0a92a34aa839834a2470d220f901946f16b8caef0065cf183d605ec7df75969922f009999e956414b9c7dd75307f8995d3799534c,CLEAR,"DARKNESS, LIGHTED ROAD",DRY,FAILING TO YIELD RIGHT-OF-WAY,1.0,35.0,2.0,2.0
15242ea3bd3cbc6213fef491bd1a950a446faec5c807b5066ecc48010e5c23b8c81d0c01a09cd734c35e0947268d7a0aa7884a7abe6b9395a1c280ba370cb9eb,CLEAR,DAYLIGHT,DRY,PHYSICAL CONDITION OF DRIVER,1.0,56.0,1.0,1.0
15243dd5caf1178e76ae37915f0054f8bc52e8aeca64c9019cc62ace6e74bda4d4ff4577b27c33270523822cd0fb4475f9cf154c2d83f3dc8512171cc63275ed,CLEAR,DAYLIGHT,DRY,FOLLOWING TOO CLOSELY,2.0,71.0,2.0,2.0
152462ef02ed078545eb56d9ab2a399f0f0547e7f8b501edd9782d39cd7a925d603c8a1aa6765243cde6b1de3d17eacd9abdaedb368c698c13f1126c1a531a79,RAIN,"DARKNESS, LIGHTED ROAD",WET,FAILING TO YIELD RIGHT-OF-WAY,2.0,64.0,4.0,4.0
1524ab1f50bdc2cdb931e79fa80e590fc99594001ebd546592d52f46103605cec69acd6343a83d2a8fc438711ffb683234a4dc9cf7fd54749cf1cb4d40ee8843,CLEAR,DAYLIGHT,DRY,IMPROPER TURNING/NO SIGNAL,2.0,43.0,2.0,2.0
15250205b6e3edc04b11561ea62299f7f1bc04934bd4c2d2d1c594e650421d5c65c0cd95822ee066f08a603f3a6962d86c46b08d2946f4df82453cb7827e7ad3,CLEAR,DAYLIGHT,DRY,DRIVING SKILLS/KNOWLEDGE/EXPERIENCE,2.0,31.0,3.0,3.0
15252e447ad7b563eaab4125a0d356ae79f74299466842f91cc80764b50e81585878878e9c7f25a1f119da4c9cc8798fecf5e964edafe70230982354625a8900,CLEAR,DAYLIGHT,DRY,FAILING TO YIELD RIGHT-OF-WAY,2.0,39.0,2.0,2.0
15255f63d7ab0a82a853728abba2d883653ddc9444a41ddc18a71e3705dcfd9a09dddf5212034c1f496f811d40aea8f9acdb91fc3267b2289f1e2ce3261bc8ee,CLEAR,DAYLIGHT,DRY,IMPROPER LANE USAGE,2.0,37.5,1.0,1.0
152567f4265f0a82babf59545c25a1199fbfab4cda7e3ab0122a7c066f1eaab83744e30c148374cfcbea65af98f98975dc45238598db5a17798598f75f37c8d1,CLEAR,DAYLIGHT,DRY,EQUIPMENT - VEHICLE CONDITION,2.0,64.0,1.0,1.0
1525700496cf4b3456d24dcb29cbeb3fca76b3a3d11e15c3cd29f085c5c8d6e722344e01e98644b265d9645a074b0a428a98c0f42571940439a4f95f49206b47,CLEAR,"DARKNESS, LIGHTED ROAD",DRY,IMPROPER LANE USAGE,2.0,37.5,1.0,1.0
152583894f90696f57888adbf815be71357080dcd709008527b69d2e2ee078d0d03e1941531634e4336b5fd1490cff2acab967e1fca83a83ec1fd5ded3c902db,CLEAR,DAYLIGHT,DRY,FAILING TO YIELD RIGHT-OF-WAY,2.0,24.5,4.0,4.0
1525aa7fd8c53ac882baf7f9ca0ac4b0a072e89f9da005c96d2494dc2c0f48dd87c50862492df6695638da0199585bf4eb982f14e1aa39029cbebbda54554b1a,CLEAR,DAYLIGHT,DRY,FAILING TO YIELD RIGHT-OF-WAY,2.0,50.0,3.0,3.0
1525aca3a131fe1762ae655c4c6a3c56fcd9cc731715946348c5bffae892ca3a377d74fb96549827696335a816ddeaff10a950ce3ca125ecb3d94991fa08c1fe,CLEAR,DAYLIGHT,DRY,FAILING TO REDUCE SPEED TO AVOID CRASH,2.0,24.5,2.0,2.0
1525adc9909f7654a800aa747ab7685930c3121e788e7804ad5a410d06c3fd5853025b946612101d2c51b61c1c2c3c03a67af3077a39a311f63391720dc5630a,CLEAR,DAYLIGHT,DRY,IMPROPER LANE USAGE,2.0,46.5,2.0,2.0
1525b9d8eeff4fea0892b0e4d6444000ec813e14870847319c969951ede1ebba11b4b814a6d6a114e64831c3f10817c5ea90fc01e6ae5a66a9835d87c9aa0788,CLEAR,DAYLIGHT,DRY,IMPROPER LANE USAGE,2.0,34.0,2.0,2.0
1525d7bb2e8985eebff6ec5ed6f5b8c76fc9ebb6e2aeba069e36c847981e62540f93e49c6c32cfbcebdb38d707aea07c5d1e318ba8f01efd183e7f0d546543cb,UNKNOWN,UNKNOWN,UNKNOWN,IMPROPER OVERTAKING/PASSING,2.0,46.0,2.0,2.0
1525e0a687be4b62fb05bb0f06460a345663e38d16ce330a2dc8445458c2525b6cfe7ee6e9e145c6d5a77ef51ffed98a4324e92e6cda58996eaee2f1e794d22b,CLEAR,DAYLIGHT,DRY,"VISION OBSCURED (SIGNS, TREE LIMBS, BUILDINGS, ETC.)",3.0,33.0,2.0,2.0
1525ee9649937e3000ac0bcead400d2a09a377f646aa08c12a21183a5854108fe6dd30f1215b9e768b2f1c51cf5517b40c8d222c5ec304311bbcef5b52ec1a25,CLEAR,DAYLIGHT,DRY,"VISION OBSCURED (SIGNS, TREE LIMBS, BUILDINGS, ETC.)",1.0,66.0,8.0,8.0
1525f257baf54e511462356d64e8a76a28be5fa564aa4d6441e35b28e7f87e55aaa95a3e5ad69933321f0ce5fa2903dd51c4af5810ce8fd9070a72623505d501,CLEAR,DAYLIGHT,DRY,FOLLOWING TOO CLOSELY,2.0,29.0,2.0,2.0
1525f791b10de3f548b731c2057e47ecce0897072f9c491c988a95713bf5b82a110206dacc5ef24fdf18a57e289f97621bd754e80f00987521546c09f3c000f1,CLEAR,DAYLIGHT,DRY,IMPROPER TURNING/NO SIGNAL,2.0,23.714285714285715,7.0,7.0
152632dbc8b648962e1dcec6de2888de5c19e58a2ac8411011367b3b97aadb8061a0b6398d03572c03e4f7fe6c03ad71956022a45e69a266c6914254351f9744,CLEAR,DAYLIGHT,DRY,FAILING TO YIELD RIGHT-OF-WAY,2.0,43.5,3.0,3.0
15264682212b4a0554f27468e3c72e3681a08204aceb4fc560f3677ec453d67f8e6cc035eabf5aa3b8b730e9158c650bdb4f2bb64029821cb59d0ba5f2b8c453,CLEAR,DAYLIGHT,DRY,IMPROPER TURNING/NO SIGNAL,2.0,45.0,3.0,3.0
152660877d36670e218e444a6f0075699151350f6b04743769d563d5f15b912c7d49912df6b8f06b9dec3876e84763f8835a284730a2e090e30beb0880e0fc53,RAIN,"DARKNESS, LIGHTED ROAD",WET,DISTRACTION - FROM INSIDE VEHICLE,1.0,59.0,1.0,1.0
1526787ac8eca020fbdca7018998990af5615b1ceb383116731ce8352dcd917d391080d67e2f1321448f85679df0d02548e64ed38ac0aa2f3510dc095f2797bc,CLEAR,DAYLIGHT,SNOW OR SLUSH,IMPROPER OVERTAKING/PASSING,2.0,37.5,1.0,1.0
152689557b1c4e4e8ecc07fe1a5da1fcbb6fc497c48701fa529c2c1bc16928e0ac00922b2e6bbc4307f4f9f348d251d8e2f5b6a84a3308c560cb79476bbf0fe1,CLEAR,DAYLIGHT,DRY,FOLLOWING TOO CLOSELY,2.0,45.0,2.0,2.0
1526a4f5934adebc10fbae794520c8d75af5aea8ff4baaf0f40b321e7545eb9e628d509cede8e4307603908283744d0dc00fa2f8bbcdd2548a31da4155262b2e,CLEAR,"DARKNESS, LIGHTED ROAD",DRY,DRIVING ON WRONG SIDE/WRONG WAY,3.0,37.5,3.0,3.0
1526aa4f749a78b71c32b8a14d83edda836af06ec1997990e550bec834857c37e8c119ad98709f073ef86da79e156f098e7062359173178909060900a5372c29,CLEAR,"DARKNESS, LIGHTED ROAD",DRY,DISREGARDING TRAFFIC SIGNALS,2.0,27.0,2.0,2.0
1526ba33ceca82aef0bece5a614e13a934d18b67fed34ab904763b5b66aab9c6029a4f36a890c9af708223a74fd120c9d66c60b2df0fad85aae65548e34b3761,CLEAR,DAWN,DRY,IMPROPER TURNING/NO SIGNAL,2.0,55.0,2.0,2.0
1526d651845ddf9cf24678f894ce0e4e6e1705a2607df19b10fef7a720823b958787694393e7391ea356ba17397094855adf49f6b3ce30846f32c6f90ce9a504,CLEAR,DAYLIGHT,DRY,IMPROPER OVERTAKING/PASSING,2.0,37.5,1.0,1.0
15270144c00d3b3c3586960305917aad52218a8f028db175293b319f22f887331f57d84a2a0773e0a2ce1d225c268b2d7322d6189151171d7f7b5ea76a0235c4,CLEAR,DAYLIGHT,UNKNOWN,FOLLOWING TOO CLOSELY,3.0,19.5,4.0,4.0
152705321ea113013ea96f210bcc55e94abd532aeeaa7f16b0cf58171049189e735756c73bb394d27bd6829979d7cffd17125e91dd04bfadf92de5b4b32d9f35,CLEAR,DAYLIGHT,DRY,FOLLOWING TOO CLOSELY,2.0,41.5,2.0,2.0
1527090f6c54bdcbb6e0c33c90f64b52b337636bdad790c4a43baf200a2cd9c79ec7d31ff784f90e4881ceb47dd917e3f2855810f41b756c18c0ab98ef6afa03,CLEAR,DAYLIGHT,DRY,IMPROPER TURNING/NO SIGNAL,2.0,30.0,2.0,2.0
152726b39f9f6b867256d49d1ae1376c58178bcd50c427ab190a501f739af099a6efdb4c0369b5abf6c1a8b0ab7a8ee677596feb65fff497abc3b8b10abe6eb2,RAIN,"DARKNESS, LIGHTED ROAD",WET,IMPROPER TURNING/NO SIGNAL,2.0,58.5,3.0,3.0
1527387c3b7be57a6769c6a9b01ecb05ab8c1b7718106063a3758791fae21f5ff411521edf7f6c541f2bb8803d71c2548e96d2fb4fd93c6f29b86b7ca29503a9,CLEAR,DAYLIGHT,SNOW OR SLUSH,FOLLOWING TOO CLOSELY,2.0,25.0,4.0,4.0
1527410f846a6e6b01683092b22d994b9225f7bf4b43312b364cfd33482aa148c769f0a47da95b5c29fa8ead91e357669ec2ae9c822f73082f35f14998c7da72,CLEAR,"DARKNESS, LIGHTED ROAD",DRY,FOLLOWING TOO CLOSELY,2.0,52.5,3.0,3.0
1527879780962c9fde1ff1b1da7cf035c04111ed5f9df2d5108fa20eb3e3b9169151a5f4de71972edb66777d475850399acf17bcafe7955868cc3aad08f442da,CLEAR,DARKNESS,DRY,FAILING TO YIELD RIGHT-OF-WAY,2.0,53.0,2.0,2.0
1527bd7dd2433331dd87257182653f90856daeceb07692dc7c9e35b077e38122de8ba4516b6f1978c468f7949863fac8d961a22453871709f35ea923f453b887,CLEAR,DAYLIGHT,DRY,ROAD CONSTRUCTION/MAINTENANCE,1.0,27.0,3.0,3.0
1528152fd563e4a13ac54a309fd23dd14847f7aed0fffa19908a0ab94e466432a80a9bf34f77e2a9206f07772c503d8d8baaa0e58fd0da2ec77dcbb415ae671f,CLEAR,DAYLIGHT,DRY,EQUIPMENT - VEHICLE CONDITION,2.0,60.0,2.0,2.0
15284788bffee8f2649d72e1d49f745e499dc9abb9aa40b71fcd8502d55c215b6339ec226bd78a1fd4127bf10e0ed8c0b5e07b2e7a2b04aefdead05f68ec62f9,CLEAR,"DARKNESS, LIGHTED ROAD",DRY,DRIVING ON WRONG SIDE/WRONG WAY,4.0,19.285714285714285,7.0,7.0
152896ecb53957ff5a8435680bf30a2c3ca91c9ce3fda8a6d20f23fad5c855771561315550bda4684ba207279c7c176ca0c0e159ba68827c77c8883c11fd5556,SNOW,"DARKNESS, LIGHTED ROAD",SNOW OR SLUSH,FAILING TO YIELD RIGHT-OF-WAY,2.0,48.0,2.0,2.0
15289c381d6808bd4e4a8daf73084ffe13c07353e77a605a09b9c8d85cd36c67ed55bc1667103d092989e6b082dcd1b6643ef08b7b11ecbd213aa6e5492531e3,CLEAR,DAYLIGHT,UNKNOWN,FOLLOWING TOO CLOSELY,2.0,46.0,2.0,2.0
1528cd69cbe2f1e1af8075444523cb29aed91f7dffee6c9506b02d9c4b4a41dca47412b8fa2f5ec3cc70459bb978c2953050137e857bb20763d3aecbd66dd422,CLOUDY/OVERCAST,"DARKNESS, LIGHTED ROAD",DRY,IMPROPER BACKING,2.0,37.5,2.0,2.0
1528f497313b6ee3343d494456ad2334833f9b3a0943292c0ade48a1f08182fd8be1cf34037ca30d43416044979a119c672fbbd41e1a17c5da98df33a8029882,CLEAR,DAYLIGHT,DRY,IMPROPER TURNING/NO SIGNAL,2.0,24.5,2.0,2.0
1528fe83ade553c40e30d839ba879e7d8a0c65fd93bc93f4a0749cbe3e6d5e52ae8a62328a50f44c0f33e7aa2184eed33b75f1d90a7e91cfa2c17458e2a3eb7e,CLEAR,DAYLIGHT,DRY,FAILING TO YIELD RIGHT-OF-WAY,2.0,44.0,3.0,3.0
15290a510927fba07c530011cf5696c651871da83ef9af1b4a8084fb53acea85bb368a0996397ef8a9cd5e6c23c48883a28c8154bc986d70aa6d86cd2f7ae449,RAIN,DAYLIGHT,WET,FAILING TO YIELD RIGHT-OF-WAY,2.0,28.0,2.0,2.0
15291097696700e8312c05d1366605e23fb54fba50db008f9c438e757743cd4c2fadeddd64944f40b491b592dfb619fc13dd131f93fe173779203d153a83269c,CLEAR,DAYLIGHT,DRY,FOLLOWING TOO CLOSELY,2.0,54.0,3.0,3.0
1529128d42999f4c4e755e7fc4cfddaa23734390a29141046bfbea4ae9bf6bb3bc94ab755fb124f95fb843b1d323889877afaf1e605cfc8143b63236aa6d1bbe,CLEAR,DAYLIGHT,DRY,"OPERATING VEHICLE IN ERRATIC, RECKLESS, CARELESS, NEGLIGENT OR AGGRESSIVE MANNER",2.0,42.333333333333336,4.0,4.0
152922f0c08d4e83fb91ea120beddf8f3e3eab1198f74e1ca26095f8ff2d878705b9e8dcfd190bacd716a954706d2260ba3eafac03babea11cd096d629780228,OTHER,"DARKNESS, LIGHTED ROAD",DRY,DRIVING SKILLS/KNOWLEDGE/EXPERIENCE,2.0,37.5,2.0,2.0
152926f186cf77169e4441544c7f24f5a6fe6e7aa9b4da3165ef868a54e74bf7cb81486b19fbac4c8d03df71e8b7429cac12b780ebf1b8daebe1b098f5486872,CLOUDY/OVERCAST,DAYLIGHT,WET,DRIVING SKILLS/KNOWLEDGE/EXPERIENCE,2.0,29.0,1.0,1.0
152982e2f432e0db3b55704e444fb1efa04bc96c21011aa75b3ba279e832c0d6ea34f41d9834104d1378bc82245529195698907e6be1919dbf07aaad11550967,CLEAR,"DARKNESS, LIGHTED ROAD",DRY,FAILING TO YIELD RIGHT-OF-WAY,2.0,36.0,2.0,2.0
1529846ece755dbaafcd099550dbf3a3508d7ec9020126c71de1979fd854e303016567c8c325128104ddd35b922ddf57e8a3dc86e43d6e05fa632c75ff8abc95,RAIN,DAYLIGHT,WET,FOLLOWING TOO CLOSELY,2.0,38.0,2.0,2.0
1529bb53fba54b4a59c467f5bd82c9a47c6219c85d814f51e6b337a59cf1679a163968cfdf904c409bd1195fd69ba78c1a009c7ea6ab8cffd7a95c783b78b9de,SNOW,DAYLIGHT,SNOW OR SLUSH,DISREGARDING TRAFFIC SIGNALS,2.0,28.0,3.0,3.0
1529bbc47aec2319d6e51064887132f780fd993a822c210173f74f9577661e7b86192a74c36c967a59d0d68cbfc0bdc541089f292cbb4f9d774e3cddad1fbde8,CLEAR,DAYLIGHT,DRY,FOLLOWING TOO CLOSELY,3.0,50.5,3.0,3.0
1529e6d3748146d02eeab5bb484b493cc8506a2e83ac18ff7d4c9343dcb15050016db0745e4ea9753bf9f351102f5d91da591b46e95e1b34551ca235ccbb02e3,CLEAR,DAYLIGHT,DRY,IMPROPER OVERTAKING/PASSING,2.0,67.0,2.0,2.0
152a03277573745dcc3ec46c4e299cd59fff3ea97244f5a130e53d60d1368d90c2776ef9742609dbdd46e4949196bc5218f43b5bcaf9ac7810076f199d707152,CLEAR,DAYLIGHT,DRY,FAILING TO YIELD RIGHT-OF-WAY,2.0,40.75,4.0,4.0
152a1a8af15af34721a6f5887278631128492f96ff1f05df5dc1ece41570877d1c784cf6e129c965c4c66b04ce0e0f25a049ac79a343aacabe6c0d204fc1bcbc,CLEAR,"DARKNESS, LIGHTED ROAD",DRY,FAILING TO REDUCE SPEED TO AVOID CRASH,2.0,29.75,5.0,5.0
152a1b81b77a34ab4e35177bfe67cfe67949ea5048fff2f46983bd070833bab0e33e9cb46473605f5e70402dbca8bc259c04931bd071e3867a4edd4aefefd029,CLEAR,DARKNESS,DRY,IMPROPER LANE USAGE,1.0,28.0,2.0,2.0
152a3cb60a06a7dda8fc37d5cf24a38ee3e5c899c0e6fa28d2c0c7e2775230e08f981b48c0ed3e8126476499588cc6b97cc11d5640089205221fe7b6fc8ddce4,CLEAR,DAYLIGHT,DRY,FAILING TO YIELD RIGHT-OF-WAY,2.0,27.0,3.0,3.0
152a70d0b2a85fef9deffdc4b6345a1afcac49e4a305cb9a391e6ecff4f956ddf51b0308a7b1d7aa598a989ad2c9e1d0c2bef87faef2c6124a900bc4973d30d0,SNOW,DAYLIGHT,SNOW OR SLUSH,FAILING TO YIELD RIGHT-OF-WAY,2.0,30.0,2.0,2.0
152adb577fd11a9b4f6895cfe2fc460e18532727b29f96f6025fb1a333df96ce62c420ea6d9a25b418c1173ced4b0c1ea8b41f2b17d49a1af8111ddd3ec66b1d,CLEAR,DAYLIGHT,DRY,FAILING TO YIELD RIGHT-OF-WAY,2.0,21.75,4.0,4.0
152adbcb05cf5c8dc2b76566e10cafec81016dde5e1939a3c14528e85775eac7aef62f63e4fce11f42264a0ffd59b32f730dab487f0dee908e18d570a50d5a49,CLEAR,"DARKNESS, LIGHTED ROAD",DRY,DISREGARDING STOP SIGN,2.0,21.0,2.0,2.0
152b05936378ccfa5a2554f30fe58e6e1b3b5da31405155f0e087fb70cb6efc504bbd59da3a184224d3c8c5c78dea40395cde600c52358885baffd545bfb76e1,SNOW,DARKNESS,SNOW OR SLUSH,IMPROPER LANE USAGE,2.0,37.5,1.0,1.0
152b0d3c7dd1b6e93054a322b95a685c88387e70cf1d5885520c24958f21195d70a3aa4efad8bf2a5ff284ed9cf32343e4a859f29407021711332577004953ee,CLEAR,DAYLIGHT,DRY,IMPROPER OVERTAKING/PASSING,2.0,53.0,2.0,2.0
152b101b311af345d032554c1865cff849c50771a9d3550045a93491d70cd1486a8d39791e8a607055eccf149f6e479b9e47f19d54e7c1b2502a8eee6c5b1c68,CLEAR,"DARKNESS, LIGHTED ROAD",DRY,DISREGARDING TRAFFIC SIGNALS,2.0,27.0,2.0,2.0