crash_record_id,weather_condition,lighting_condition,roadway_surface_cond,prim_contributory_cause,total_vehicles,avg_driver_age,total_people,total_injured
152b266c66bc565ea90728a35a10cafb9037ad1484ee985d2edc3db0f11705020cc408844fc29c9f5b42b4789203c3d867f1182cc4e14af4449b9c537917ed70,CLEAR,DAYLIGHT,DRY,UNDER THE INFLUENCE OF ALCOHOL/DRUGS (USE WHEN ARREST IS EFFECTED),4.0,53.0,1.0,1.0
152b35ddfcb301b4a60e1d76cac78cbaf5328a4c69573dade7ba5ee24de2c7e5d4508c86a9dda06c2faa6b8cea890f703ae2162af7ea77938af0ec0999ae378b,CLEAR,DAYLIGHT,DRY,DISREGARDING TRAFFIC SIGNALS,2.0,34.0,2.0,2.0
152b38f2c35ab74670cda0517c5c9a6a35d35a8e0a72cf97264c4f4be3fa0e64f70f02c9edc85192dd7d58eb6b10f6ebcb9d7aa6955ca97549229d1dc0fb7989,CLEAR,DAYLIGHT,DRY,FAILING TO YIELD RIGHT-OF-WAY,2.0,43.5,2.0,2.0
152b79367d796d89586d5963d05f024ec20c98ad5980c7d7451bd8414f03ee6dc7553734a06a20476e279b6251e03029cabeaad92fad5b8bf0623134ea8e6f19,CLEAR,"DARKNESS, LIGHTED ROAD",DRY,DISTRACTION - FROM OUTSIDE VEHICLE,2.0,51.75,4.0,4.0
152bb1d4b5fc48f083918c638bc5f87a9ef5de02f8b7cb4fbec9e328e641c4c2fcba8a26603a470397688867e812427857ad9457b9b17486463fd8bce53ba010,CLEAR,DUSK,DRY,EQUIPMENT - VEHICLE CONDITION,1.0,32.0,1.0,1.0
152bc7d1fe47eaa376cc0a4d1a6383b440cae6b662ba07a4d1627e755c68c6765bbe7de39ba11d68808991f9315610df8e0c6329765da08dcc86782cb2da4711,CLEAR,DAYLIGHT,DRY,FAILING TO YIELD RIGHT-OF-WAY,1.0,52.0,2.0,2.0
152bea192f5cb7be0459ba7c9b52e1f0f1c9ce8849751118e71729e82ce41865b9a28dfe2bcfe2d4c30905b6922b0fecc9dbf47e9b3fcfa85ddfdc2e3488f73d,CLEAR,DAYLIGHT,DRY,FAILING TO REDUCE SPEED TO AVOID CRASH,2.0,61.0,2.0,2.0
152bebf52b9b9a1a5cad8be02bdda5c58263aa7a80c4fa2f581984b4da00c82609d69e7268adcc87d579b6198e8fcc9feb976ad01054ecc511c6b2031fbafcb2,CLEAR,DAYLIGHT,DRY,FAILING TO YIELD RIGHT-OF-WAY,2.0,26.0,2.0,2.0
152c0da57bf9dfb6f7a7f70b65e9841b02e4e17762388c47494e5ebf0e699d0cc8373f1449d92ed7c7bde0afc2e31363bffdf60509a98c25ba556ca277bfa117,CLEAR,DAYLIGHT,DRY,FAILING TO YIELD RIGHT-OF-WAY,2.0,64.0,2.0,2.0
152c1e6cc423d3967fd7f42a67c2b642986ccd78e178c213c2582953e69a04ab858c6de8ff5d24944b15a913d225378651bd1a4029aaef58e5fa1c026c90113a,RAIN,DAYLIGHT,WET,DRIVING SKILLS/KNOWLEDGE/EXPERIENCE,2.0,37.5,2.0,2.0
152c217a9d152273c87eb815dd2869f6baf6b521516519fd7484262f98233c2d25001bff99f4a97549e03f4415600ba1ad29d15bfe23b041d083a06ede988e09,RAIN,DAYLIGHT,WET,FOLLOWING TOO CLOSELY,4.0,37.2,10.0,10.0
152c58cc15f93ecbec2a477c61d03ede7d06a2ae41dca21096cd1435d62e675c1023b788c0c0126ab9685f9900b5a2b61a891b23210ae589567792e44a35abb6,CLEAR,DAYLIGHT,DRY,DISREGARDING STOP SIGN,2.0,33.0,2.0,2.0
152c65f7c8e63a472f03d230b7f90dcc9faff96c10a6b0518a6fc089f66b9a680c9673de9c4ac16308ac5d2c0270ba1ca7595a00a8bdcf2cb5901372522c39f9,CLEAR,"DARKNESS, LIGHTED ROAD",DRY,DRIVING ON WRONG SIDE/WRONG WAY,2.0,27.666666666666668,4.0,4.0
152c6f50e556e1a6dc0baafdb6f0beb485333ebefa772e137f49ae077b7bea536194f22e622cc085009290b8ac328572ff15ca508116ff7e154f0b04fce51784,CLEAR,"DARKNESS, LIGHTED ROAD",DRY,IMPROPER BACKING,2.0,20.666666666666668,3.0,3.0
152c81c6a2fc21e0f5cd3786db5ba86afa8d9fd14dc84cda9094a913781019d9ad8d460cd8a0a3bbef8e5c5a8d7685badc47e81eb03bd1573c37f85b7140a97a,UNKNOWN,"DARKNESS, LIGHTED ROAD",UNKNOWN,IMPROPER OVERTAKING/PASSING,2.0,18.5,3.0,3.0
152ca499e27f1d2f3089abdf1de552c6f3a7bc8096b9fa90216f25e001baf1feca3694d7894b47aa8740d9417afb658f717d2b6dddeb766dad32c544c7209165,CLEAR,DAYLIGHT,DRY,IMPROPER OVERTAKING/PASSING,2.0,37.0,2.0,2.0
152cc2f7c6cd80640051f0e734aefa9ad0862e7ccb9f9f707fa5c5eb3d4610826055a5449406b1df947e4bba9059f5d7f8c0894527c2b37af4ff2bb3ed0be7fb,CLEAR,DAYLIGHT,DRY,IMPROPER TURNING/NO SIGNAL,2.0,54.0,2.0,2.0
152cd3cad716ca5fed6609ecf2ab43017552c1f023d2144916dc05cbda38ed4889e1765d07b5ab2e48149ad29b79b5de97612b45eb42e3a4d711eb338448f1e3,CLEAR,DAYLIGHT,DRY,FOLLOWING TOO CLOSELY,2.0,39.0,2.0,2.0
152cf31009803be21451d0a78ca351895410687a0ef2bd96e7a3839928f9f667a6e31fb1fab016d0dfe728180f4318927738b0cbb965532be8984a23e39c9a8d,RAIN,"DARKNESS, LIGHTED ROAD",WET,DISREGARDING STOP SIGN,2.0,25.0,2.0,2.0
152d1c2a735ec4ba75dd33a1f047ca417559a288d30592969ea9f23f45a21f268073775cb318a86d4438b94cae1dfe0a58c6aa3a76dc0f2eba51f1b9f305d2d3,RAIN,"DARKNESS, LIGHTED ROAD",WET,FAILING TO YIELD RIGHT-OF-WAY,2.0,56.333333333333336,3.0,3.0
152d51831b58c93d0d1695e15cf78cf9f1d59a140523c45ee346d9afba8b2718c3866df56ee27e4cf061c8a1d5f8004fabcaf18e0ba2d8191b6b67a682ff93c7,CLEAR,"DARKNESS, LIGHTED ROAD",DRY,IMPROPER OVERTAKING/PASSING,2.0,30.666666666666668,3.0,3.0
152d5dc3904b8d15270ff3c10ac7174ace1f0baf4fe30e08fc406cf1a16994adba82063d4f3bff7b6c372d8ba610c10c5837bdcd9a14f02237c9fcc9893ee2d7,RAIN,DARKNESS,WET,FOLLOWING TOO CLOSELY,2.0,37.0,2.0,2.0
152d8f8598aac561b50a141d581cbea20e3b0392e46e74b4e7a3b40b42a768eafa270111eff6a645eddbca17884265cfb9ba98d5cbf5e729f8103fcb2872c848,CLEAR,DAYLIGHT,DRY,IMPROPER OVERTAKING/PASSING,2.0,73.0,3.0,3.0
152d937bd46db678106d1dd9c60593c35393b718baad489d05f2cbb63dbdb18c7dc7dd7c8e8b8b06699ec31f0a63ef9e2af58deee214bddfeed493ab6d8c5618,CLEAR,"DARKNESS, LIGHTED ROAD",DRY,"OPERATING VEHICLE IN ERRATIC, RECKLESS, CARELESS, NEGLIGENT OR AGGRESSIVE MANNER",1.0,60.0,2.0,2.0
152dac81de652bb014bfff416850ea05e3da0d535d97f07a52ff3e6131fa75ae45b9321e2433b8557da8abf73e34c3147b0b45e97cd95967adce54991dc09e76,CLEAR,DAYLIGHT,DRY,DISREGARDING TRAFFIC SIGNALS,2.0,26.666666666666668,3.0,3.0
152dde9f3e8e255ee329d9a1c9d5c2f844572a8fc1a4f8a6d20d9e595ff465c81336c39030fe661897b46a7bb2af434adee549be35fceabee80ea591671b4406,CLOUDY/OVERCAST,DAYLIGHT,DRY,FAILING TO REDUCE SPEED TO AVOID CRASH,4.0,27.0,2.0,2.0
152de338d8d21ded80e930f7d71e167154ccc4ba4530ce4b233e9f5a85c574ef94e945aef64cc4ac3427bdeb1f3b2bbb14cf9171fe35e2ec551f853e53d2f014,RAIN,DAYLIGHT,WET,DRIVING SKILLS/KNOWLEDGE/EXPERIENCE,2.0,65.0,2.0,2.0
152df51243b01681045adea02211f67feb7b8915de585c2976e772e412c4ed9a2ce262d14338efdaa5db70cb532c0cfb0c8bcb53cfd00108730ef98ff7f32086,CLEAR,DAYLIGHT,DRY,FAILING TO YIELD RIGHT-OF-WAY,2.0,48.0,2.0,2.0
152e04542e22bf091d60840902d8b0b34db30440cc7d05cd6047f272e38386370c318ee4235835518291a922ec4448024a91318fba969f080637152ae679adcb,SNOW,DAYLIGHT,SNOW OR SLUSH,WEATHER,2.0,45.0,2.0,2.0
152e1b173036684f54174732c626e931cd9cfc898a4b575ddea833a300327587d3246b34ef04e5c034f63bf4957760028e6babd20708d0afd433bee250a6e7df,CLEAR,DAYLIGHT,DRY,FAILING TO YIELD RIGHT-OF-WAY,2.0,27.5,3.0,3.0
152e1ef38fb50a3a27adb3dd48b08b5641bfd455d1419e7254beca34b0a6a270019ba7d71c049006ba6f99f8fd0461f4586a6bdf28a6927ad8389ab64b581386,CLEAR,DAWN,DRY,FAILING TO YIELD RIGHT-OF-WAY,3.0,21.5,3.0,3.0
152e30e9c5758b56d46722473b1215780ea199054e089395236fbfcdef9fa2463aeee1fa3575148214ff77b3a0e3f62ab99d3439260cd540a2d4a13228bdcd37,RAIN,DAYLIGHT,WET,IMPROPER TURNING/NO SIGNAL,2.0,36.5,2.0,2.0
152e641acf7c4a9f8849ccc8dd5e6682005abd8947092581ed40bbec4323b124ccccb951c79620392b28e9f5e8d5e07d50af5253518590dfe88ad0ce10562b28,UNKNOWN,"DARKNESS, LIGHTED ROAD",DRY,FOLLOWING TOO CLOSELY,2.0,37.5,3.0,3.0
152e7860f22b2e6c2d8255b227a16060a013a11bb4ef48c0e333d2cb6e8f7239e85940754d4df6865ce135bd35898a04553af46bda8ce9d59b4b93cea8b4f3fa,CLEAR,DAYLIGHT,DRY,RELATED TO BUS STOP,2.0,39.5,2.0,2.0
152ead20a0833cce02180be75ebd5590780fe282b82e63ab88da30d9a3c6952a60095072239fb2d4ae4f6d36936b058e7e9453f8f08e3d47a6848779a8fbaa4b,CLEAR,DAYLIGHT,DRY,FAILING TO REDUCE SPEED TO AVOID CRASH,2.0,17.0,1.0,1.0
152eb5f74f58fb2227d08e19b815e9e031ee83c049903660b4e95b33631cc956757fbceca2f670a29f31703a7c387d9e87606ed837248e23cd930e02cd97096c,RAIN,DUSK,WET,IMPROPER BACKING,2.0,31.0,2.0,2.0
152ec4480a2bf65e8c2101be7aa348ea247bc265f17877a1ff3442b86cde7bd8f9848573c2cb88bf6fca6c5d0aeb1bc3266d8b24fcad6bbe773eae551fdfabb4,RAIN,DARKNESS,WET,FAILING TO YIELD RIGHT-OF-WAY,2.0,45.5,4.0,4.0
152edf4d0e259eb82d181030513165a66d35f05f85f266392e005bd1cdce7fc310ed76275415677c0a53f55538a7cfc0ebcc828adf7322b716e5f639c07c5817,CLEAR,DAYLIGHT,DRY,IMPROPER BACKING,2.0,69.0,1.0,1.0
152f3e1a4d7865759f9d96d534e311b91a8bec18e6280bad95ff45d8eba78e3c92b36f0aa912453f35de2842a654ec5dd3238de4346047c4ec5341fbc679eebb,CLEAR,DUSK,DRY,FOLLOWING TOO CLOSELY,2.0,67.0,2.0,2.0
152f45cea95c7be42206cfa768329327e3d53fb4c80fcec61dc0c484f19ca588d9487cd8af7b17a4c9e02e6fde93b65870825c0ca726e5276c73ef3accc02cde,CLEAR,DAYLIGHT,DRY,IMPROPER OVERTAKING/PASSING,2.0,73.0,2.0,2.0
152f55b8b42b7f77ad13e19266bfc994b22d720f6a273a5047e97fcc87ab84e60ac2c938266c13b67e46dcf1e594e155fd48df951d747afc5e4aab8e1982d225,CLEAR,DAYLIGHT,DRY,IMPROPER LANE USAGE,2.0,46.0,2.0,2.0
152f8115e5db0a375a8b51bee9d31f0e5c95a355da15fecb4ec391807d3f6179ffa2b48e32eb9e02a3a94e4caf5b265307cd9d05a03b0f585f61ec98da8e874e,CLEAR,DAYLIGHT,DRY,DRIVING SKILLS/KNOWLEDGE/EXPERIENCE,2.0,37.5,1.0,1.0
152f848ee6c52bd3ec9d1bf8f4a72e237a4987ce97d539f22d2987863cf4aeb56e139d845326fb01f90ed1093f987addcef1d7b6d1baf459afbe42e2fcf648f0,SNOW,DAYLIGHT,WET,IMPROPER TURNING/NO SIGNAL,2.0,46.0,5.0,5.0
152f8ae671e27eb7ecefa5f24dfa42bf819328b443f769e4dfeedca0f472e96df159ddc1630e613292876ee3e950d32b57ae79f75080ca895ed0473e2e6925dd,CLOUDY/OVERCAST,DAYLIGHT,DRY,DISREGARDING STOP SIGN,2.0,48.0,2.0,2.0
152fd407d891aff876ead7952f841cfefb1ec8febec25decd15804f2a960f82f4ec26275c8d977cf9ff00a9ad64fa9562b48d294ca66567c3285693228938ca1,CLEAR,DAYLIGHT,DRY,FAILING TO YIELD RIGHT-OF-WAY,2.0,31.0,2.0,2.0
152ff97edd8984cf49c7fa279826bf3d40f1ca1037a9767966a8f169feb98904a4f8ac04da785ee191da67b508ee729d45463bad5a56401459ac3c1f348c70d0,CLEAR,"DARKNESS, LIGHTED ROAD",DRY,FAILING TO YIELD RIGHT-OF-WAY,2.0,12.5,2.0,2.0
15300f6576db9c23335577ed82e1adae0a35834e2c68a2b504cfd9bcd3b77888564ce5c0f1eb4037b059d91f0f87db4b6602829eede417f8b99b93da25180934,CLEAR,DAYLIGHT,DRY,FAILING TO YIELD RIGHT-OF-WAY,2.0,37.0,3.0,3.0
1530188d988ca676386d73e3ca7733fc727cd27a2cf129ec69a980dc59c8584ed0bf31cd9d3ef3b536c38bfca4b0fb83ee8bcbd128c9c5dfa916cfed21cf0203,CLEAR,DAYLIGHT,WET,IMPROPER OVERTAKING/PASSING,2.0,45.5,3.0,3.0
15302c458a72dafa4d35dc984cc1117bd6ad09d1383167878c3781711b6512c8f17592b61e1a8af9d250a38fff07c9a9293bf451715627b1a7d19ae1bf77bbbe,CLEAR,"DARKNESS, LIGHTED ROAD",DRY,IMPROPER OVERTAKING/PASSING,2.0,47.5,2.0,2.0
153052ec1ba3861cb25a992381ed896b2110e18dd427be5683895bd8859d780bf519f4ea8e268710574c02603b7e3d488df7df3e8950e30f6e29a67f7279b00a,CLEAR,DAYLIGHT,DRY,FAILING TO YIELD RIGHT-OF-WAY,2.0,50.0,2.0,2.0
153097b2c5657e2bcf184a32b22235c59fbea8b0a2a6755fc76e26cf6a0d14870934bef711da18a22e81a8135e5b9e539a68954fdf79554c33168110f2c3a4d6,CLEAR,DAYLIGHT,DRY,IMPROPER BACKING,2.0,42.0,3.0,3.0
1530a267ab3aebd269822cc63f1ee53617ba36b89c3f761171b72fdfa1af2129ca1d022b19950dddec1a46b62a024a8e6ebc699041ac1a2cd5bf3aaba6067043,SNOW,DAYLIGHT,ICE,FAILING TO YIELD RIGHT-OF-WAY,2.0,49.0,2.0,2.0
1530ce28855dd2ca6823799181a0b95ba59d87d29efc92791d781bb85a9f8a32789427967d72279e1a3ac0e3e15d68db5dea24bbf9754b9299b1a30c9aa11eca,CLEAR,DAYLIGHT,DRY,IMPROPER OVERTAKING/PASSING,2.0,36.0,4.0,4.0
1530d7c5b0bfe2dc841265c898baf9fee31413d7e9fc1757b332fa7a777f4d22b227f4991daabf068413951309cb958a0c2fe3a5ae5aac46374eae6f21b7258c,BLOWING SNOW,"DARKNESS, LIGHTED ROAD",SNOW OR SLUSH,WEATHER,1.0,44.0,1.0,1.0
1530f0b3ed8b37b70c3295e97d84e75410072bb9d3d1cdd610555f9696b81bc12fbe85bc9a6b32a29d8737daf71abe5060682673ecafbfcf607619f1f6a46e15,CLEAR,DAYLIGHT,DRY,FAILING TO YIELD RIGHT-OF-WAY,2.0,41.0,2.0,2.0
15310f6b7d1e6e3df6b819049a71f21ae397f7eb70d65914774fd89658e63c40b09f09877256e5f2c88a1eac2056b020c0b1c19c8386f16702807b5d136cec4f,CLEAR,DARKNESS,DRY,IMPROPER LANE USAGE,2.0,23.0,2.0,2.0
15312d00d8de2f41c4b43ac7b0a29c2f6a845b4056b474e331cc01b3331e191701717bd9530b6c186ff5f094a5018da31837f373e94fe11b10d524db882f9d96,CLEAR,DAYLIGHT,DRY,FAILING TO REDUCE SPEED TO AVOID CRASH,3.0,62.0,3.0,3.0
153146f7b45f23d4ad42ff4dc1070d5a45294ef1e63f6b959c55b79f02cdc6e5d6f755ca11d95ada47ac984fac4c62b311216dedcac88a8802e904be012b14dd,CLEAR,DAYLIGHT,DRY,IMPROPER TURNING/NO SIGNAL,2.0,32.0,2.0,2.0
15314e9a7599d24dd1fc33b10e73a0af03adc10bb8b5edaa906aae467b7213472b39f4f1326a9b0a816b6354bdd19482b18a1a50a7a925304afb01d145650a22,CLEAR,DAYLIGHT,DRY,IMPROPER OVERTAKING/PASSING,2.0,40.0,2.0,2.0
153152951eb23638331acb25affbd4df8135f77dde9a151bcc6ba8b4b624e14e85fa901e234fca4aa04d5d5ce4f014ab7f9cacc8d45c45cc896b424dde74571d,CLEAR,"DARKNESS, LIGHTED ROAD",DRY,DISREGARDING TRAFFIC SIGNALS,2.0,40.25,5.0,5.0
1531769511778633f686debdd77669ea8f8ce0a465dccd514558fef7730df8efbb9575f39ea82e885f51a79b094c97819bcbe0616b7d7455e3d983f222462959,CLOUDY/OVERCAST,DARKNESS,UNKNOWN,DISREGARDING STOP SIGN,2.0,62.0,2.0,2.0
153193a6c867516a5ba52dadaedf253673e4b8ce57fe04253998a5db8caa12f2acacd4d5239360a5eda49853834f6b92d814f233bdabcd4080fe6d85380b106b,CLEAR,"DARKNESS, LIGHTED ROAD",DRY,DISTRACTION - FROM INSIDE VEHICLE,3.0,15.5,2.0,2.0
1531c0082ee6c85fe901f547e3f70a9ef41884d97fc5fdf514d4fb79b0dca1cdb7966596b083d0f0c79a2c8e483616d0d60f487c7760e85519cf289d85e5b909,CLEAR,DARKNESS,SNOW OR SLUSH,IMPROPER BACKING,2.0,33.0,1.0,1.0
1531d3801f47360446cdba940017126944ca6a576ccd525aad9ea71460c22a97eff6d95fdaa1b480a15cb90900d1c7b42120cac0f79bc808ca6a716d54a283b7,SNOW,DAYLIGHT,SNOW OR SLUSH,FOLLOWING TOO CLOSELY,2.0,38.5,2.0,2.0
1531e5b8a1bd964f0601c40f8a0af151f47b943522eca5eb0433f53b1d248b8963434e21a20ab5afe3254f5449eba65f57131c857eef2dbecf9bcd89ed6fa4a5,CLEAR,DARKNESS,DRY,DISREGARDING TRAFFIC SIGNALS,2.0,33.0,5.0,5.0
153215c30cdf2b56c75428c9a5577f391dd55736749ca4349507358505930b077e49d1c48ecfae24d7abefdc87de0b0e71cce219aba87fbd7d9c79c8e143ea15,CLEAR,DAYLIGHT,DRY,FAILING TO YIELD RIGHT-OF-WAY,2.0,53.0,2.0,2.0
153218b394152caea07ddc0cbe7176d797f0114dca62f4828581f8f78bd18548417bd76349b9621d33d8964d5aed6e1a405250f557779ef1e070bbe9a415cb92,CLEAR,DAYLIGHT,DRY,IMPROPER BACKING,2.0,63.0,2.0,2.0
15322de078a7f27e44c4cd3c743fe332ca63bb9eef22557ede13c2ef793d8434f00369a7051e1892718ce1c1c8ebbc8271cd736315a3f6d620eedda1ba2b0b1e,CLEAR,"DARKNESS, LIGHTED ROAD",DRY,FAILING TO YIELD RIGHT-OF-WAY,1.0,36.5,2.0,2.0
153230a7ae4c1bd10ca24a70af254ef648bdf964e4e6e0e136c753102bf31d185ab80ce0b1178e54516eccd8574a73e5bdc649b9422a0cbbc1862c7c1e2a0f1e,CLEAR,DAYLIGHT,DRY,IMPROPER OVERTAKING/PASSING,2.0,56.0,2.0,2.0
15323ef03ff16750024e8741e69dedfaa6389aad5d196b1160f72769656c9c3ebe541b456ba8349f7267aec53eed0123aadbbdd0c88185f3171b1a006838c371,CLEAR,DAYLIGHT,DRY,IMPROPER TURNING/NO SIGNAL,6.0,41.0,4.0,4.0
153265b7c1d68155b242a1a19ba708cd49996699230104744e11d568df6a425646f7ea8a93ff1f82b45b177879de3f30e83b336aef0f26d82e31972378db56da,CLEAR,"DARKNESS, LIGHTED ROAD",DRY,IMPROPER OVERTAKING/PASSING,2.0,26.0,2.0,2.0
15326968d5a6c27c9fb5101817bda23ceaea858244f291cc27b11ef429579ee148a38ee02e955b015fda313d37d943cfcf6570f27793bcce6582ebaaddd48ea6,CLEAR,DAYLIGHT,DRY,IMPROPER LANE USAGE,2.0,47.5,2.0,2.0
153269f4880b547e720f5bb357074d2e3a677389bb68af980e3da0e36c36ff8c078a1a81b53d5add0544e4f44c6c2a5ff1d024c98e2fed72a31e8141d42ceb25,CLEAR,DAYLIGHT,DRY,FOLLOWING TOO CLOSELY,2.0,31.0,2.0,2.0
1532b32d4ddb02bfdc52c1fda2fdbc4593a90e8678aafde9345c76e9908322013dc2649c4a7bdb0fb9b513747a9237c1bff072cfafab96c0204de6b1860061ce,CLEAR,DARKNESS,DRY,FAILING TO YIELD RIGHT-OF-WAY,2.0,39.0,4.0,4.0
1532b379b4d5a8a35c9adc001ac5249c75ff3fc1be6eebfb416d598a5dd229a3ab51b892212362f87bb300f4ca2651ae7d9438880e086b31803cae8e8496fd72,RAIN,DAYLIGHT,WET,FAILING TO YIELD RIGHT-OF-WAY,2.0,0.0,2.0,2.0
1532c669c50dbaac330e63a4ccf0aa80c52b1fdf4a7e1d07df587c10177595165943c0aa4060e82f00b8c1dbe0d4872bdc20f224bd68bb23e04492d54d97f0e5,CLEAR,DARKNESS,DRY,DISREGARDING TRAFFIC SIGNALS,2.0,44.333333333333336,3.0,3.0
1532d7571a47212a1816290c3d99f7bd50e04d7e8208af298e54beec46e13078760fee6861908a0e4608c36bb885cd2373b7979202440e0a285d535a33d23212,CLEAR,"DARKNESS, LIGHTED ROAD",WET,WEATHER,2.0,57.0,2.0,2.0
1532dd38e2b52634405c73b4898b63256756292290101f0d0b844632519ad105b8eac430c867eade834bf0e7245abcb3d87e98101824e41415375bd382f29a25,CLEAR,DAYLIGHT,DRY,FAILING TO REDUCE SPEED TO AVOID CRASH,2.0,37.5,1.0,1.0
1532ea9a26162f3ea76ae19a1f6dffc154727aeb39f9f1e4a03044fa54d0d29c53f883c2e14d34a910d57f7831330edc1145cea8f1229cd5fd76abec9438da7d,CLEAR,DARKNESS,DRY,FOLLOWING TOO CLOSELY,2.0,41.0,3.0,3.0
1533110ced91c062a37ecd4f6313c714d7c0017d3cbf0fa0a17aca0b039e76e65fea97ea3e921c66884c2d661f829c301617434345c0aaa00e56685f46d5d023,CLEAR,DAYLIGHT,DRY,DRIVING ON WRONG SIDE/WRONG WAY,3.0,21.0,3.0,3.0
15331843b59c7c8700b259320e42db026bacddddd601a1c342c74cecdf99b2129c22389b318d565e51f6a98f30b34e65ed95bbd26ea981338c916e8cf2c21c2a,CLEAR,"DARKNESS, LIGHTED ROAD",DRY,DRIVING SKILLS/KNOWLEDGE/EXPERIENCE,2.0,22.75,4.0,4.0
15336d164e46d6600cbfca13208030a2353fb20618857d980fd12cf2df4c614d9ddb5a5f16ae370b9317d8258ec2bd639a0df37d665c32c99982c2c82c6cbe3b,CLEAR,DAYLIGHT,DRY,FAILING TO REDUCE SPEED TO AVOID CRASH,2.0,22.0,2.0,2.0
15337d432ce51afb96be26682a83d2be1d03eb108c6766281685ac0462b04a7597ac9508d4d02f252adaf5041517e2b4f59910637e7b574cc3a04e6b4add7412,CLEAR,DAYLIGHT,DRY,FOLLOWING TOO CLOSELY,2.0,42.5,2.0,2.0
15338559e90c55c6a185a1a94aab448730283937a2409dab3ae09795347cf76c9ff774538168929c92009458db9c8a2526e2ff2fc376533292274bd6a513efb4,CLEAR,DAYLIGHT,DRY,DISREGARDING TRAFFIC SIGNALS,2.0,39.0,2.0,2.0
1533bca3053d587c223d8061f512feef38ec4507410c957636c2fc2f630947235f0a1e91c9f2349312ea0a6a1831a26a5c207e457fe54390ec3aa957fe17d064,SNOW,"DARKNESS, LIGHTED ROAD",WET,PHYSICAL CONDITION OF DRIVER,1.0,63.0,1.0,1.0
15340b2fded133f07ad28987ec60969aefd891147b0ca6116239af27c70760bc10290f8850df4dae5ae4c055a3ec77a516dacf77e9c2de075a06afab8c8c7466,SNOW,DARKNESS,SNOW OR SLUSH,FAILING TO YIELD RIGHT-OF-WAY,2.0,37.5,1.0,1.0
153414c0819a03df994b35d0bb367603fe1071bce640769858896ae09aa1a8885ccf32ca35e49955156886ebc857d447dae52c65218e8ae6fbb24bcd7bae9ca6,CLEAR,"DARKNESS, LIGHTED ROAD",DRY,IMPROPER TURNING/NO SIGNAL,2.0,31.5,2.0,2.0
153421469ca2ec64014d6f6c63c037a2158e5e3d6342fe9f086094875c210071458812eb016b47b8955f6fdf747ccf5c2f4d321e5581f0721cc7d4e236c2a857,CLEAR,DARKNESS,DRY,IMPROPER OVERTAKING/PASSING,2.0,51.0,3.0,3.0
15345cb393257a0b45a09c5e6dbfec577579c675e018c67b627874cb705fd88dbd1f05e7003477020a39ae54c1f417522f2895d7894f904aee19eb1ab633bc24,CLEAR,DAYLIGHT,DRY,IMPROPER OVERTAKING/PASSING,2.0,22.0,2.0,2.0
15347f99f42b68b8d2f45c739f46dbbcc871060f0a11fa09b0fdb6dc83cce2c0aa095cdb40b6d3cba8e6ae0b46f8f7bfd9d112e9ed0be664e746f576abcd86ee,UNKNOWN,DAYLIGHT,UNKNOWN,FAILING TO YIELD RIGHT-OF-WAY,2.0,37.5,2.0,2.0
1534d2bcb55cf2ee37870bb534466e22abadd84bf1294425014338fb708c0d883d0049b6b34cde73e5ef246a01ee7236490038dbaee7a1964666c65199247d56,SNOW,DAYLIGHT,WET,IMPROPER LANE USAGE,2.0,43.0,2.0,2.0
1534d6870370c8ceb83dbad0dbf83604d6ae0a8d5eb5897e5d54c81c8555cad4428ab22e40891613aa4ef5e0d30e113e20be19066bed94247151b9055a51bd8d,CLEAR,DAYLIGHT,DRY,DISREGARDING TRAFFIC SIGNALS,2.0,53.0,2.0,2.0
1534e03e53bff8da483e9839b92240be690a1896c6cd2d56a1b99dcc15f63110fd24da8c2b3b1cdcea711c935908a7f68404c239591552db8a44e299e5e8a2b4,CLEAR,DAYLIGHT,DRY,FOLLOWING TOO CLOSELY,2.0,32.666666666666664,3.0,3.0
1534f2a767fd603285dc71894967ef82b79c7bdcd5ec4b218ed5310a44e6febcdd45a12f14bc25d1cd21b7c4c38fc96d80c19e344e9de0292f4a912ad8b73abf,CLEAR,DAYLIGHT,DRY,FAILING TO YIELD RIGHT-OF-WAY,2.0,32.0,2.0,2.0
1534fdf22d2b96a4278663b1df3819af97bb1b36f5e23af30ef862cdf080eca590af2ad4c55ffb2fe24ab1aa49335e3a89e00436e1d39931e72fd49e38092a65,CLEAR,DAYLIGHT,DRY,FAILING TO REDUCE SPEED TO AVOID CRASH,2.0,34.5,2.0,2.0
1535536bdf98e1fbf56ea097b1b7af8bfbae89451ad11e3af85a1c5c0966a87017539e5b144c18ea792cfea40a6887dc5b30070c4ead87bb9b1c3bca91a8e24d,CLEAR,DAYLIGHT,DRY,IMPROPER TURNING/NO SIGNAL,2.0,28.5,2.0,2.0
15355833b5ec721e4ac6028780e08f326f2630785df89e272392cc4a3b62f2c209fcf0e9c93e3c6c514a65879dca885f2bf201a37d36d88de3015ee459042ed0,CLEAR,"DARKNESS, LIGHTED ROAD",DRY,"EVASIVE ACTION DUE TO ANIMAL, OBJECT, NONMOTORIST",2.0,55.0,1.0,1.0