crash_record_id,weather_condition,lighting_condition,roadway_surface_cond,prim_contributory_cause,total_vehicles,avg_driver_age,total_people,total_injured
1535b4b58417012f1cab6ccc7787c57f780c9f2a0ef7798236a5a07ce2bd5274875fe59daae40787ebd95c03d37ccdb96cfce42e52df8a122aa53977def03b8e,CLEAR,DAYLIGHT,DRY,FOLLOWING TOO CLOSELY,2.0,40.0,2.0,2.0
1535c270c812f56bad3da2815b97583318bd1ac5590731056a25af67a70e60c3f98328424a6fa23449d7fc22df5d8d6eddd68f2bbdee65a82bf1208ef97c432e,UNKNOWN,UNKNOWN,UNKNOWN,FOLLOWING TOO CLOSELY,2.0,44.0,3.0,3.0
1535f2c9dea8e4ed2063401df70d4fbe5ba00a8f89dab745512ef22c8869573f31e85c7f36e5225b29cca4050a4a300e2b8d1b327d951cf560cf700dbc90226e,CLEAR,DAYLIGHT,DRY,FAILING TO YIELD RIGHT-OF-WAY,2.0,25.0,3.0,3.0
1535fb1b32315329ffe42a809247e022170c28be385eb79b6079a2bf905e34205534985f87a167ca846b94c4752b87f4af1759231df10e9f9ce8e6ef897a9406,CLEAR,"DARKNESS, LIGHTED ROAD",DRY,FAILING TO YIELD RIGHT-OF-WAY,2.0,40.5,2.0,2.0
153627c41243066ca23a0985e748fa6a43369cf91dacfb795d7cade62385e22b4d1e900d4fe4c23323233db08e36d6f810a442fe072e23c5cdcb969a001a5a97,CLEAR,DAYLIGHT,DRY,IMPROPER OVERTAKING/PASSING,2.0,58.0,2.0,2.0
15366742375e7ed3b436b00d133d987b8a9178974c6acdaec3782039dcedaf4a24c623b7526dff9bffddd405d6a118e7239185ba888108c37d26e2c018f1c552,CLOUDY/OVERCAST,DAYLIGHT,WET,DRIVING ON WRONG SIDE/WRONG WAY,5.0,12.0,3.0,3.0
1536954cb0764b4811379af4d12514bd0ce1567bbd6e9f0aed91e2ff23fdfbcd5839a775a9ca7363fcffa1ff4c1d42b328de3d56dc495e470e9d5e644ab2ae92,CLEAR,"DARKNESS, LIGHTED ROAD",DRY,IMPROPER TURNING/NO SIGNAL,3.0,27.0,5.0,5.0
15369c0c2a4c6e6ec192575a9969f135bdf07a578095e0a5ace436a1756dbfbddbaff4fc9b41661751764cf240afbbe49e7dc35b7303a0bffd5e88e12fc659f2,RAIN,DAYLIGHT,WET,IMPROPER BACKING,2.0,26.0,2.0,2.0
15369fc9a914b0987929327f7dc03440a9614b1ccde715dca713b3cb2b084fccf1fade7e42a74292b9518e05f77bfbc537db86d6d78eb2b63b74e612c89038f4,RAIN,DAYLIGHT,WET,FOLLOWING TOO CLOSELY,2.0,0.0,2.0,2.0
1536a3ea942c581221ca0c764b5d0e632bb62df9dba3faed41d9019b414bdb8a14fe39189e8e2c763df9ee426be6584d4df29f02bf5b0e2667a7f55810fc2115,CLEAR,DAYLIGHT,DRY,FOLLOWING TOO CLOSELY,2.0,33.5,3.0,3.0
1536cbe4469d0865f46ca370b908e66866e35242b2635f23939e64538d5d9d086d9f5684f5530f6ff16cd182fef15454f3acd67249861e7f0d74c06698f2e177,CLEAR,DUSK,DRY,FOLLOWING TOO CLOSELY,2.0,35.0,2.0,2.0
1536d1d500df9359093ad1529c630bdf076c6a319ecc147f73beb546b5c08f2d2dbccf206762fbd1749b250238d0a686e1d028b83ac37c1de55cff743678c5c9,CLEAR,DAYLIGHT,DRY,FAILING TO REDUCE SPEED TO AVOID CRASH,2.0,37.5,1.0,1.0
1536e975b076b8eec2daebc76a5ee6e65af5b599882cd4c8f4f91483692623eb00eb2aa6c975f39b466a70e5819e1ca85df16d24a606490f48c7d8e9e66e449d,CLEAR,DAYLIGHT,DRY,FOLLOWING TOO CLOSELY,2.0,50.0,2.0,2.0
1536e9e30d1640d3c205f13a551f10be05ed8fbe755b5fa0db6b951c2c13122186b0ee6d0b6e79952bfbad3e62eb1dbdc389e08a06815d7a4fbdc79946030836,SNOW,"DARKNESS, LIGHTED ROAD",SNOW OR SLUSH,IMPROPER BACKING,1.0,40.333333333333336,3.0,3.0
1536ea701527eca92a25f27bd95c8f9aa6770caa1fa0e633636fed725d04a621733949f3de1348d5b1dad4297ea3c8682adc42454f596774d79cd70dcfd7be1c,CLOUDY/OVERCAST,"DARKNESS, LIGHTED ROAD",SNOW OR SLUSH,DRIVING SKILLS/KNOWLEDGE/EXPERIENCE,2.0,55.5,3.0,3.0
153700bea5026378cec424c78d8bb2d8af995d0913a39ede1f1f4a9109c6c5e9e8caaf17adaa0dda0e9fe55b73af10a30530a1da94566b3645aa8892f06dde8d,CLEAR,DAYLIGHT,UNKNOWN,FAILING TO REDUCE SPEED TO AVOID CRASH,3.0,23.0,3.0,3.0
15373e5176390469fb7d423e83b8fb938f816de80ec178f7d6980c6af25fb6dd3088224188397b6ace6565846c24b29c828725580df1fc91a89b306970a77fdf,CLEAR,DAYLIGHT,DRY,FAILING TO YIELD RIGHT-OF-WAY,2.0,38.0,2.0,2.0
153761f2e11a5ab392a30068cea9ec8f39c756cfc2589dc91038810dd522e698855533e363753e4dc0bea3f4dec33233aa308fc14d8e741a5800b26d6c9525e1,CLEAR,DAYLIGHT,DRY,ROAD CONSTRUCTION/MAINTENANCE,1.0,66.0,1.0,1.0
153777ca96362a17a0e9f84c131354158804fc7e0c77e8d694f63c5bd478886ad74d867ec05d2f33d83130b0ad5c0e3f2ecbaf2a3d3028a36bcb720e1ab08fbd,SNOW,DAYLIGHT,SNOW OR SLUSH,"OPERATING VEHICLE IN ERRATIC, RECKLESS, CARELESS, NEGLIGENT OR AGGRESSIVE MANNER",1.0,34.333333333333336,3.0,3.0
1537a6482d5b95232a0da318e903a9f293adbc88dc083bc5a9d5b96628e8a91e1ab15e68f66b6b597f13a996431e30f2bdf1fbd28d5fcfaf61a5d65379584697,CLEAR,DAYLIGHT,DRY,IMPROPER BACKING,2.0,37.5,1.0,1.0
15381731511af484f783c9ac1259b5bfe9764ed9c6f6568c8660758e0f12e7dd5650af76a7800a81f23118f4376df01726c1a40979a6bf4ad3e9bf2826bf2c69,RAIN,DUSK,WET,FAILING TO REDUCE SPEED TO AVOID CRASH,2.0,37.5,3.0,3.0
15384160a82bb5a8b427b884a8843c54f24ad953ff6b526439102ec41fecfffdbbaeabf96f045e137a4d682eaa631bad2405808276c577c805caf623d9971eef,RAIN,DAYLIGHT,WET,FOLLOWING TOO CLOSELY,2.0,61.0,2.0,2.0
15384b4ea0af2d85578012eb67a9c99f45f291626c0d08df83e5440840b69f494d529e256d50d0fa7be03bd27767064ad3451e643add337d161e60e5c7c05f59,CLEAR,"DARKNESS, LIGHTED ROAD",DRY,FAILING TO REDUCE SPEED TO AVOID CRASH,2.0,43.5,2.0,2.0
153868a9a176cab7dcb42342ae3720e62f2eea13b38386cff56787b61dd04a0bf4aa03dcde93f7cd7940286cdead4c4656fd46bbf0608e0efae1c08801796850,CLEAR,DUSK,DRY,DISREGARDING STOP SIGN,2.0,52.0,3.0,3.0
1538c51d05f4b02e9bfbf1d372b101bea1d70dbc1bfc4d281df4ad0db34c09cab9b9051b7208f9cf59ba4aa4e480dc2e00234464412f30feb746850e90d9e8d5,CLEAR,DAYLIGHT,DRY,FAILING TO YIELD RIGHT-OF-WAY,2.0,32.666666666666664,6.0,6.0
1538f933a3520a7e9cd35d4b79fd92dac084cbafbc84f0d8ec5a0d1d7e954f12c4823c4db141155aab7f6bc89dedf6dd37c3be02757d2736561d526a247d93b6,CLEAR,DAYLIGHT,DRY,FAILING TO YIELD RIGHT-OF-WAY,2.0,54.0,2.0,2.0
1538fc9f589afe1a1156b505e4b8969de406df8c55ebd202f443b90de9bb0cbed1d3e4399f25d402b07a996db6123fe266305fc2ce391d9f903e7d9e36fb257f,CLEAR,DAWN,DRY,FAILING TO REDUCE SPEED TO AVOID CRASH,2.0,33.0,2.0,2.0
153915d4c5130714aa9798bf0d80e1aa9281d642f737da9fb2a30ab2a79dfbce31782226d6fd389c0f3dbc4359e2ebc2babf95d96076659f0b5ab666b1a4a5b6,CLEAR,DAYLIGHT,DRY,IMPROPER TURNING/NO SIGNAL,2.0,41.0,1.0,1.0
1539167396181ccda06911713f31d42ae851e5fa6d27b6f964c171b7026b710c7abe36fd24115fa95c476e0b2d910d65bbd9cc26b73bf9698432c5d9e1921d29,CLEAR,"DARKNESS, LIGHTED ROAD",DRY,FAILING TO YIELD RIGHT-OF-WAY,2.0,23.0,2.0,2.0
1539173805d13fbb50715720529e36858344232d513bec7f50691fc5994bd5ce0ac8a0f05c30aae8ad9d1193ecc5f10d2f35d75e8c25593896e2be14010e6cd1,CLEAR,DAYLIGHT,DRY,IMPROPER OVERTAKING/PASSING,2.0,70.0,2.0,2.0
153968c786ab17eebd16ac30e651d324bb99faa03d0e86c8bc367d0b8bc9784dac16fca9aa38fdbbf10d1a1b074c3e5cd367a612d777e95b70f787ca0194d9e5,CLEAR,DAYLIGHT,DRY,IMPROPER BACKING,2.0,37.5,1.0,1.0
15397e9ae02c019d3cdbbbedb53b86570cddcdde221ac5f6ae155804374bfe2433b43c8512ea6ae1190cbc0dcffb58bbe7c97138b77b9989f1b3858e82a3b89c,CLEAR,"DARKNESS, LIGHTED ROAD",DRY,FOLLOWING TOO CLOSELY,2.0,45.0,3.0,3.0
15398e0cd11f697adb3feb2c9d409cf8cfbe05942dd94d2d06c03167657bcc552766775de8320c282c715529c4d65120c77f48342f4a5485e319553094850430,CLEAR,DAWN,ICE,WEATHER,2.0,45.0,1.0,1.0
1539a9ab0af9d7259f3c551a3fd9cb016a3cdc2a8f0fa06472f4d2a06eb2bf19110115d9aabc1dc3a2f8b38e14f9276a9d5455443ec358e0245649f2dff894cb,CLEAR,"DARKNESS, LIGHTED ROAD",DRY,FOLLOWING TOO CLOSELY,2.0,26.0,2.0,2.0
1539af048d38ea6df82acabccd6d2cf867acf2891d41e5e8066b26c93867c5a522c16ef3d79f19ea9799883537df245837c5ba9c48ed3b252d2309ef37ebb990,CLEAR,DARKNESS,DRY,FAILING TO REDUCE SPEED TO AVOID CRASH,1.0,33.0,2.0,2.0
1539bcf9f02c8800afc8629d82570706435c9b5dee37cfd6aedf689322978a3035184f27f997003a67fa4277d632410609b9c7753ba45464f49660419d9d8ef8,CLEAR,"DARKNESS, LIGHTED ROAD",DRY,IMPROPER LANE USAGE,2.0,27.0,3.0,3.0
1539c1138652f5b843faeaf1ddead25cf695c5c0f1cd4a45bc0d3eda8e7af55ec23add1de041624542db57e5f873b3d7dbcdeadfc1e295aefd3cdef9aa810a2d,CLEAR,DAYLIGHT,DRY,IMPROPER TURNING/NO SIGNAL,2.0,27.0,2.0,2.0
153a20250923a3adcd1d3b4f0468459b515481ad27e67c7d0d78bfe9df06145c7527aa4fc31d24cbbabc1b1a733ad783b6eb5f73a84c742b3bc18c951ab70c0f,CLEAR,DAYLIGHT,DRY,DRIVING SKILLS/KNOWLEDGE/EXPERIENCE,2.0,29.8,5.0,5.0
153a2e1ae052e39b7100ab70944689a2ce53683b4e70d2c6b18089732b710901ae3ba3043ef0181db01672fe0d0063d692027019d005bfe099d6d77538f782b2,CLEAR,"DARKNESS, LIGHTED ROAD",DRY,FAILING TO YIELD RIGHT-OF-WAY,2.0,22.0,4.0,4.0
153a3b7e513e583853472a02dc61d01c84d58b4c7d74c06572bdcd86c610234acd320d87f701ba7cb3590d97e33c4d3f51166754b11bc19231d2463e55866164,CLEAR,"DARKNESS, LIGHTED ROAD",DRY,FAILING TO YIELD RIGHT-OF-WAY,2.0,23.0,2.0,2.0
153a3c73c0bfb604234f04359283a080b8482f1ce6deb7e980dd7c2029698a382ee7b85f51cc84479558d3a1decd4a666f274e79699caca77287883b7372a47e,OTHER,DAYLIGHT,WET,FAILING TO YIELD RIGHT-OF-WAY,2.0,64.5,2.0,2.0
153a4de0d3e2793dec6ecf80920c40f31e20b9094eebd3d3244f512889138da5ca50d035e77dd3b2a4a5a6c7c125fb4e5e25d3d8f41c69f05e12066785cf96cf,CLEAR,DUSK,DRY,FOLLOWING TOO CLOSELY,2.0,32.0,2.0,2.0
153a91756df095d6b4a5a160ac6a0d92fe8c52e12dabed10c2f23c11fa7fc2948f882f230d3f13c416fc7d7ce46224de4fc15db61b9bc2d226d54d73e1f5eb54,CLEAR,"DARKNESS, LIGHTED ROAD",UNKNOWN,FAILING TO REDUCE SPEED TO AVOID CRASH,2.0,52.0,2.0,2.0
153a92f131b23e3726a72c4243cfd3a6aa2a19ce2e83caa02d0269d3e842e2c62a02770287efff1d00c4f8fca56c7c4bc02fcf9744b4382de61ee5b9b344edea,CLEAR,"DARKNESS, LIGHTED ROAD",DRY,FAILING TO YIELD RIGHT-OF-WAY,2.0,34.5,2.0,2.0
153aa617dfddb5d8a3f8f0aea5b4d9f2c55bb22339e6909e9e050548d43558e728c668d8fe3c733f03d30fde006b4c659051e2ddceaea5e3e7e700e622d64df9,CLEAR,DAYLIGHT,DRY,IMPROPER BACKING,2.0,37.5,1.0,1.0
153add3b04c03c683557d05c42e82a8aedc3b54413d72beb5c4e460f47d5364a5c04fec63352fa6183b4b9412a2f1046b00e9ca9ec8a4b406ebe6422f926dc5c,CLEAR,DARKNESS,DRY,FAILING TO REDUCE SPEED TO AVOID CRASH,1.0,37.5,1.0,0.0
153afb454e208c39dc41c859fa8b80416c8e3a25da14c9edc4fc0a79c7453037232779d7a563e74f6b910af2e394174611389c85128476b61989f92f1a4ba672,CLOUDY/OVERCAST,DAYLIGHT,DRY,DISTRACTION - FROM OUTSIDE VEHICLE,2.0,60.0,1.0,1.0
153b2db40b330b15bf663c2c85cc3f8cca8c3b2f394f320bca50d3c777d46b2c148895dd2b6c37b0e44a335d5bf752de9d44e400ba2ba25067b4d66ce1d0a63a,CLEAR,DARKNESS,DRY,FAILING TO YIELD RIGHT-OF-WAY,2.0,41.0,1.0,1.0
153b4f92e7e12fbb13b751fce9e9e9ba6000358dcb612600da02c941100aaf6cf6a7458dfebea248c006cd368e1c507b8b0d1d5d3670399d2789326b8465c43b,CLEAR,DAYLIGHT,DRY,FAILING TO YIELD RIGHT-OF-WAY,2.0,59.0,2.0,2.0
153b9d636046f52ed710b01b4cbc4d322503c141ff3c2ab35ece55069c654a2939923fad54fe77cfa19530d23f25ca821df580f78247746b9f19b238218c3fbe,CLEAR,DARKNESS,DRY,FOLLOWING TOO CLOSELY,3.0,33.5,4.0,4.0
153ba533b77393dfc7a94ece0ad8119aad84fb40c9aaf9d4dbf6e6c94c532cbdacdfff2da69125631bcd5b3466dae05842a84af1bd3c2171fdd4464ab32dc24c,CLEAR,DAYLIGHT,DRY,FOLLOWING TOO CLOSELY,2.0,33.0,2.0,2.0
153baab61ca24eb10f6d52b09ed5a1ac38d21822ff2f9f23d2fb6594c30aaa0f4f3cad3107dbda8ed10ca26060e1ee6a6f26c294b763e53e4cd16534e8ca42ff,CLEAR,DAYLIGHT,DRY,FAILING TO REDUCE SPEED TO AVOID CRASH,2.0,39.0,2.0,2.0
153bb4853d241d456126fa85c606aa9588aad5e3a6170394793ae4b2043744b88211403c66a8f0c88b47c67c1252d0a36211b5b44b01d6d75b8d03570a011b18,CLEAR,DAYLIGHT,DRY,DISREGARDING OTHER TRAFFIC SIGNS,2.0,34.333333333333336,3.0,3.0
153c08daf23020c5ddee2785b8fe9fb5973e7de914d144129ab514e88f1349948b7cc16aa2e61a4134b0f886008829db9680b5f3ac84db64630e3afa6d179548,CLEAR,"DARKNESS, LIGHTED ROAD",WET,"OPERATING VEHICLE IN ERRATIC, RECKLESS, CARELESS, NEGLIGENT OR AGGRESSIVE MANNER",2.0,37.5,1.0,1.0
153c3b926cacdc281ca56bab8dda8c537a8316dac93ddfe20e9b7a7d7c654cf2a3afd5a1954b45984760f3619ccb1062d176fa992346f97054c712aa70b17a00,CLEAR,DAYLIGHT,DRY,DISTRACTION - FROM OUTSIDE VEHICLE,2.0,43.0,2.0,2.0
153c42c1a02a4a874cdf91894035e7c11005fb1778935442b92347d347f5257fa9ce808686368c7a74c6ae8ea2c7ea1724cf16663a76333df09072845b052be5,CLEAR,DAYLIGHT,DRY,IMPROPER OVERTAKING/PASSING,2.0,34.0,2.0,2.0
153c738d6729f48a6e56fd0744702155bb5cdfdf68212dd39cc456b0a6da3578331fa7b0d211b019dafef924a2ac45738e588c539ae4af1e7a6808cb908bcc2c,SNOW,DAYLIGHT,SNOW OR SLUSH,IMPROPER LANE USAGE,2.0,45.5,2.0,2.0
153cae8fcdd2552904bea44ac2f83d78d15c1e8b74059a73e0d9702ac29127725d55ea0c2b3b76972dc61795272af339bd6c1cdb5b37c40733e1e798e2c30100,CLEAR,"DARKNESS, LIGHTED ROAD",DRY,IMPROPER LANE USAGE,2.0,36.25,4.0,4.0
153cc0c3b04bc2ef7b9800a8eb260e9deffde2573601f226cb511c010ce130cfb95c82d6dcd8611378c1c04d821df26b22c224992a948a4b08b01e772219e0ad,CLEAR,DAYLIGHT,DRY,FAILING TO YIELD RIGHT-OF-WAY,2.0,39.0,2.0,2.0
153ccc7ab24b1937820c1e29964c8e334dad9e51c35b8d01a95ed9a73750f4f59594461efd87e6eed464777e12f185d3074f3dc68f9451a88254deab16d026ba,CLEAR,DAYLIGHT,DRY,FAILING TO YIELD RIGHT-OF-WAY,2.0,29.0,2.0,2.0
153cd48b3b35a3e6202ae72c27ee2e673c32207bd07e6e13a40f38a9bb5cb0fe8cb362ba9de72dca6ca6d8a4bfdfda43d3fec389ea87037ed8a3fcab98356cef,CLEAR,DAYLIGHT,DRY,IMPROPER TURNING/NO SIGNAL,2.0,30.0,4.0,4.0
153d07beb20a539fa1324e72e9242f42a965c451a7c008d00a50d63c8d3e5aa42cd7871dbe07ede21554748e1a23224c0ae97c87d009aa90289c2558fe0df9e7,CLEAR,"DARKNESS, LIGHTED ROAD",DRY,IMPROPER BACKING,2.0,31.0,3.0,3.0
153d20772e3e5542b579a124dd6231bc7cf7d5f9d80cbd2d1c2eaadf75dd59c808dbf99d408c1ee5cfe079e2cbcc2d0b72cb97ec93b1a59f2a44eec048757dad,CLEAR,DAYLIGHT,DRY,DISREGARDING TRAFFIC SIGNALS,2.0,49.0,2.0,2.0
153d2354ca2c4c691a9579409b14c2e5448e4175b283a2f8bb5d5e2e3c56ebd2a4721b69a758c80d481964a5383c7a5be4f61dda36781b0246d201f21825d74a,CLEAR,"DARKNESS, LIGHTED ROAD",DRY,DISREGARDING STOP SIGN,2.0,28.333333333333332,4.0,4.0
153d4dfd208c9388436fae7edf1efcc390724721c4cd5ee3cddd80ea6bb6576888aff20d5625854da21f4b49ac3ccc3dee7967536757bd5089fbaf9878ee1352,CLEAR,DAYLIGHT,DRY,FAILING TO YIELD RIGHT-OF-WAY,2.0,57.0,3.0,3.0
153d51b82e4970936b72b002ba6c8d53df2942d45251e0be02ef9290a6c97d817b05428041d45b2ce37c40a11ebcb9329985a4df0602576fc4bee6a29419a1ed,CLEAR,DAYLIGHT,DRY,IMPROPER OVERTAKING/PASSING,2.0,18.0,2.0,2.0
153d55412d9e7010a71c567844470996164a1cc8f654f2afac656c227387c5805ac70462b471d92b96a3f2096ef1fc038526b391e1e11d19a68430c486ab0783,CLEAR,DAYLIGHT,DRY,IMPROPER OVERTAKING/PASSING,2.0,44.0,2.0,2.0
153d8145022ecef528723fb49ba651770c84406c6749fe26a5dda4feb2a6c29682f9de0a06181bf9b25ce5fe88adebd71f0667caa4f540d5c228730ea1bc935c,CLEAR,"DARKNESS, LIGHTED ROAD",DRY,DRIVING SKILLS/KNOWLEDGE/EXPERIENCE,2.0,49.0,2.0,2.0
153d82af2bf10796448c630303ba769faa0b43540f34c5c7b64d232cdf7d21500b123c4fb07f38b59efe3f74b9fcaa63df6b8df6377d24e82a2256e63c5ac9be,CLOUDY/OVERCAST,DAYLIGHT,WET,FAILING TO YIELD RIGHT-OF-WAY,1.0,57.0,2.0,2.0
153da85ca94da405387de63f376ab9d8b7deb7404c98f5c015b936571891910da59c9d28e6fc64595f6730764c2bccd256f17cca2bbbac3304993f1de94d3869,RAIN,DAYLIGHT,WET,IMPROPER OVERTAKING/PASSING,2.0,37.5,1.0,1.0
153db8f6fe15a3952f7fa3f68fa5fd402e0ec875646d2f4c4203e415bd6571652a01c8e5ab653cedd7ec152b338f4fd6db6a352c4ccf8aea12d789f78620bc65,SNOW,DAYLIGHT,SNOW OR SLUSH,FOLLOWING TOO CLOSELY,2.0,47.5,2.0,2.0
153ddd7af58606e933a4114334d7a9bcfe71be68106d272a17bf3d5057323c000427e81cce7ce9af6b79270d1a4594873564ed91de975591e571f0c87109aa5f,CLEAR,DAYLIGHT,DRY,FAILING TO REDUCE SPEED TO AVOID CRASH,3.0,26.5,3.0,3.0
153de4a2f0cfad1afa7c58e6996011654de8564d30e34b6db46aeb404a5ec7befde1e758d1f37aabf85701bb6344de77128ac85e9b958fd45bf05f4a594a8502,CLEAR,DAYLIGHT,DRY,DISREGARDING STOP SIGN,2.0,50.0,2.0,2.0
153e0ffd9a63644a846508296ff6f52128d4d3a354ac833d90edec00d83d815f461ce16bc44b3994de7155ac4ea0f03215ea694d19494c194286eff8b7f5b78e,CLEAR,DAYLIGHT,DRY,FAILING TO YIELD RIGHT-OF-WAY,1.0,25.5,2.0,2.0
153e12b9d6f14b8b8a85199faf2258da1b8ea6ac2a42977ab8d276f6f3cef46dda5cd7a0a5ad74325709c1b22c46d44737a1c66a72d1e161abd0c97b62331c7f,RAIN,"DARKNESS, LIGHTED ROAD",WET,WEATHER,1.0,23.0,2.0,2.0
153e1c2523bbb37e71f185e79581d51a18d7e7b4ac4094e50abd8c81379760619a131afeff6d04cbc4bda8e540c38f709887a61ab419eecb552980304992adab,CLEAR,"DARKNESS, LIGHTED ROAD",DRY,FAILING TO REDUCE SPEED TO AVOID CRASH,3.0,42.166666666666664,6.0,6.0
153e1e7ea70552d9fbc03b41997a0a2bd1427f28d3c22024cf071754eccaf21393ffa8f6cb28aba2c0b0708e86b46147f463c1a6e91623a06fbe47f8d45575ac,CLEAR,DAYLIGHT,WET,IMPROPER LANE USAGE,2.0,48.0,2.0,2.0
153e26887c433c9d8df4106c3d43e3b4dd04684e39b8956efd518239739fe2f18658dc37e4cbef3e9d7740f2afc870662aab03d3a5d4b7ab3211d59771f89f93,CLEAR,DAYLIGHT,DRY,FOLLOWING TOO CLOSELY,2.0,39.5,2.0,2.0
153e2f97021ed6eafb687e4889950e7a73b31758aa206ccdf5204bb6e49a9f4c666a827db5c5445cf7c1bda0f14e70c143c87b6fad03131ee024eb1f705780de,CLEAR,DAYLIGHT,DRY,FOLLOWING TOO CLOSELY,2.0,29.0,2.0,2.0
153e379927c56decd9c27e8c9608216278aa0cb71d9e39fb02e36dc352d87d5d43fd7a024d79677d1cf03e2a7fcbd0da973309831ad25635ddcfed8fd3053a57,SNOW,"DARKNESS, LIGHTED ROAD",WET,IMPROPER LANE USAGE,2.0,28.5,2.0,2.0
153e53b38c7559280edb3376a1d96c64f2817297e9e69786e559a0648dbecf49b7955f7bc39f3d53984a373648f61b894f5b6873c5fd9fadeef3e9bda99be3c2,CLEAR,DAYLIGHT,DRY,FOLLOWING TOO CLOSELY,2.0,48.0,2.0,2.0
153e6ab1383cae59dade1f4d73e3200ef367f685b418771859c8b5860240bea6bdbb67b7fe6b9c5fe83a179f374f80a661b48451cdd1dad864c244eba84b89ed,CLEAR,DAYLIGHT,DRY,FAILING TO YIELD RIGHT-OF-WAY,2.0,29.0,2.0,2.0
153e6feb10d5e32ca8279961d09026965fa78f6a009f439969a63e03f43f21f91de888aac5131cf63d1cfc0613bb4a0e3da947381d11dd46421136d6af418730,CLEAR,DUSK,DRY,FOLLOWING TOO CLOSELY,2.0,54.0,2.0,2.0
153e929dd6ed5e6b84c805866865a5ef09f655b1ea90313de523c756387d9f7acb44b17fb4eece6fe47815782e9be0e22fd942b120988414bec7db827a2acf6a,RAIN,DARKNESS,WET,IMPROPER LANE USAGE,2.0,42.5,2.0,2.0
153eb537a55b8d7e3fd863a9b38cbba8068c50c439d3b6f8c8635bfa18a1f016c868936324905d8a55a1e4ba18b77bb516d3b4ac267b97e0e160b1ad0955e280,CLEAR,DAYLIGHT,DRY,FAILING TO REDUCE SPEED TO AVOID CRASH,2.0,37.5,2.0,2.0
153eca69549d66f893df861ce554cd5d25a6542c0f814b92d5fce3022798efec284702d26e9f87f75b2a51293a6e37bc0a5b4fe8c0a7569f811d2319bed6b347,SNOW,DAYLIGHT,SNOW OR SLUSH,WEATHER,2.0,57.5,2.0,2.0
153edb37abe79b813ef311c9169b77eb945df7428f890dd21a2894b23980e65b3a4af1bb984f7daa9a8884656b8de8d6f465f80f0ad648669bfd83084288cda6,CLEAR,"DARKNESS, LIGHTED ROAD",DRY,IMPROPER TURNING/NO SIGNAL,3.0,42.0,2.0,2.0
153edc809c8f471aeb1f7632cf44a8f575be74729e43f1efcce530be006c08f5ebfba9ce67e79770e4abc63eef1b05193d0bfea1744209e946c7a6248f63f049,CLEAR,DAYLIGHT,DRY,FAILING TO YIELD RIGHT-OF-WAY,2.0,33.333333333333336,3.0,3.0
153ee3a6816f3b2e0a8e9493be2b394c2b17d9b2347bba07878b1eb98a431d19bc94350962545fb48264015659c717a2e620a9715db5f68fbae436b4e162ffdb,FREEZING RAIN/DRIZZLE,DAYLIGHT,WET,IMPROPER OVERTAKING/PASSING,2.0,37.0,2.0,2.0
153f07f66cbce7aebf3b57cc54659318470c848ec8d78447827f61bb090e5692c0d52f17929bdfb9d7bd7eb3bee81595c2a5d5e98f51cc084a0aeb08cc41f9cc,CLEAR,DAYLIGHT,DRY,IMPROPER LANE USAGE,2.0,30.0,3.0,3.0
153f1d49a1ae645d9c9a078f3e7c66f4abb709d8f5d4b59c9de4ed82b321a6cb20956dac62695dfd5f05806e9fc9bf7ddc1bfd1e6ed61ffa3cda19fd9115d30d,CLEAR,DAYLIGHT,DRY,FAILING TO REDUCE SPEED TO AVOID CRASH,2.0,37.5,1.0,1.0
153f49eeebf91a33d39cbd9ab937cee1a895632d2fe19d701f7f230e1643988700e473d7e549a55bfb41ae35bb3480ee8eb44fb24cddbf6f01f0b6baf11a31b6,CLEAR,DAYLIGHT,DRY,FAILING TO YIELD RIGHT-OF-WAY,2.0,33.666666666666664,6.0,6.0
153f7e01488403cd89cca496fa020475f1431fe1b246e734b82116306f1664612f52e723bcef5bf203ce84aab46e58d89761bcbbb18aa34823af482745f7da9d,SNOW,"DARKNESS, LIGHTED ROAD",SNOW OR SLUSH,IMPROPER TURNING/NO SIGNAL,2.0,23.75,5.0,5.0
153f9182233dc2c743bb9f8b160ba5fa5bf0e4d8f831b97cfeeab6911b4222af4db786b75ac55c83b255cba8109723c5233709529f5fcd5afde58fcf7a6eea1b,CLEAR,DAYLIGHT,DRY,FOLLOWING TOO CLOSELY,3.0,39.0,3.0,3.0
153f9f145500c835d0917255562e27236ed6bbfb6b98ab1f65ba1d267002f8003bd9c1392ede8bac41d4b8d345b29b28e9726dfd8c5167063cd4b5d660a3fd59,CLEAR,DAYLIGHT,DRY,IMPROPER LANE USAGE,2.0,63.5,2.0,2.0
153fc56ff904b303495fa56b45bd357a9a0a03ee1d0cc6e8649b08e3fb5f2f1b27d792ca18a918cc8fc5f69a078e9e8ec3a802d468ded2b9d2ee6bad07bb4cca,RAIN,DAYLIGHT,WET,DRIVING SKILLS/KNOWLEDGE/EXPERIENCE,2.0,51.5,2.0,2.0
153fe15c493f571245dbccde433747985a6caac061ed28fdc152218c90b0672a605bd791ad623b84b216b1d8f057466dc27b153f02d2bb848d75426313336ee1,CLEAR,DAYLIGHT,DRY,FOLLOWING TOO CLOSELY,2.0,36.0,2.0,2.0