crash_record_id,weather_condition,lighting_condition,roadway_surface_cond,prim_contributory_cause,total_vehicles,avg_driver_age,total_people,total_injured
153ff963db426418e4856f19e84b5e0d044f55feb9c40903e4656611312e3685887c5a0d0ce2a06fdfe60e24073fd005625eb73c0225798037d52d194669e57e,CLEAR,DAYLIGHT,DRY,IMPROPER OVERTAKING/PASSING,2.0,43.0,2.0,2.0
15400204084d898f43e200a8b09877a59e51f82121a91d05f22d6bb1d5340c62c46c3eab23c5d4a1eafed5accc198e4029d3aac888238aa0e93411a9ca1fedbb,CLOUDY/OVERCAST,DAYLIGHT,DRY,FAILING TO YIELD RIGHT-OF-WAY,2.0,37.5,2.0,2.0
154028adf1bb29af503441423e4a19cbaa2c9c098175fb4bdf4bbf5a4b4c2e1af6a02dc8871dbb16464865fcbb01a4d5153c366cbea157696e362085d9bfaf17,CLEAR,DAYLIGHT,DRY,FOLLOWING TOO CLOSELY,2.0,57.0,2.0,2.0
15402a3033089401f8bd44684a607d20b09eb59878ded3f028eb6d2e217999fc529fc59b16675e5d15a22b9b2965fe24598f3ba273eed068623f1801879f945b,RAIN,DAYLIGHT,WET,DISREGARDING TRAFFIC SIGNALS,2.0,32.0,2.0,2.0
15403cc560747eaacfd90f46e49aeeb040e611b1c1ed77ba1e2746cbfbc85ee0b77ff4ff7a01bc67ed954174bd1102860971d685363c095b8e1ada21de1b4ec0,CLEAR,"DARKNESS, LIGHTED ROAD",DRY,FAILING TO YIELD RIGHT-OF-WAY,2.0,39.0,2.0,2.0
15404c89c41dc8eb4a6b6ceae5aef1e96db013e7bb04cff7de308e67f50a43a59d7789270a85df45f6c4fc0d432367895a69b433246a799b2f6951710309dd61,CLEAR,DAYLIGHT,DRY,DRIVING SKILLS/KNOWLEDGE/EXPERIENCE,3.0,42.0,1.0,1.0
154053313ea141487ffd6194d14629dc98bc4a5d86f90744000955a96121ffb19638d8b67c34102a9bea2c62f441b54ffda4dd00578e220a7c1a5b508e066d82,CLEAR,"DARKNESS, LIGHTED ROAD",DRY,DISREGARDING STOP SIGN,2.0,29.0,2.0,2.0
15405c94644bd5dbb0b3636def587e59bd44aa9adeffdf11fbad4c785c704bec5f2e704d6380ea8dbcb42614d7a7b0815836b6355c94dcc9aa2ade05328f4827,CLEAR,DAYLIGHT,DRY,DISREGARDING TRAFFIC SIGNALS,2.0,30.0,4.0,4.0
154075adc851fd548cd9302c78fc642fa1b9c9c13a14b473ec50af9c095485e6652412d3e1c94577387dfd00c133870135767709ba8ce696508725e5b975d8da,CLEAR,"DARKNESS, LIGHTED ROAD",DRY,IMPROPER BACKING,2.0,34.0,1.0,1.0
154079224d5d3c0103b276a6bd25bf182c60c27c9d62d064f92dce93fd730653e3d4e628040bfa890c852b4999b934af77a94717f07b2bb40342b98f0dd952aa,CLEAR,DAYLIGHT,DRY,"EVASIVE ACTION DUE TO ANIMAL, OBJECT, NONMOTORIST",2.0,31.0,1.0,1.0
15408ba82bf057d88121789351130a4da1b60e9438737b519548e0ca88908b7a76998267b92b5c1476ec370f7f3e8408ca66833e26a17f180bad0e0ebcbd5d3a,RAIN,DAYLIGHT,WET,DRIVING SKILLS/KNOWLEDGE/EXPERIENCE,2.0,67.0,2.0,2.0
1540a08311b0b351876ff87396c5464fc8acc4fa3d0b4190bf9e671841f789ff333ba6e822c8c2138759e5f056c6092c3c71243b4375a8fbe0cd394613bc648b,CLEAR,DAYLIGHT,DRY,FOLLOWING TOO CLOSELY,3.0,36.333333333333336,3.0,3.0
1540a28c4d6a649e5446e071b6db1e55cf1676b3db18ca71d45601e8b43208c8946304464d07aff4146107427266405df9b3072d14bb221a98e86d37c09dd2cc,CLEAR,DAYLIGHT,DRY,FAILING TO YIELD RIGHT-OF-WAY,1.0,36.0,2.0,2.0
1541061a5cdbd9b9ce72ce734440daddc7a129692536d6b97a3bbf3abceebabe8e26495bac51e821643d568eeb32e87b3f6cf3b053dc4f91fe99cd7d55646c03,CLEAR,DAYLIGHT,DRY,IMPROPER OVERTAKING/PASSING,2.0,45.5,2.0,2.0
1541084a3740f6b1cdc8ea40fef7a384f859762c670d55193d32ae92281b03ef6fa097937637768f9065cd1c1957b9a5a624df7f18beac92d395bf9afd19c640,CLEAR,DAYLIGHT,DRY,DISREGARDING TRAFFIC SIGNALS,2.0,30.0,2.0,2.0
15412010d965ec033e4205e2feae1b618ee2fa4211e6fd0a3118ea727b6a1e85fdb4fc0c1f59c989773647e0f7354ea233f5ade8670c45f8b4ed57aeba0ef1f5,CLOUDY/OVERCAST,DAYLIGHT,WET,FOLLOWING TOO CLOSELY,2.0,30.0,2.0,2.0
1541207d2bee2cf450875d44f6b422b0d571db51a5744e5f61917107ee25af3f51f6bf02f0cfee8f77aea34b29d932aa111467434b44ff081ea39e3d661da9c4,CLEAR,DAYLIGHT,DRY,IMPROPER TURNING/NO SIGNAL,2.0,29.333333333333332,3.0,3.0
154142d734a88402dd3e62ab816208e445c237aa5439d059a47e823e7aca031df337526041cd02110f48c2d3c9654eeef8a4a6dff2f0087e9c7c9a116cd66a77,CLEAR,DAYLIGHT,DRY,FOLLOWING TOO CLOSELY,2.0,53.0,2.0,2.0
154148478f20a9e8f1a04dae5d64ac93369b9bed7c8948c4da0720d76b50b2e94463e030d9392e2accdfdfd1f88e2ab80a7beccd2efc66dd046296b2f5ccb5e8,RAIN,DAYLIGHT,WET,FAILING TO YIELD RIGHT-OF-WAY,2.0,44.5,2.0,2.0
15416ee6fdbbede9b416ff29ff38efd10be94e7f530d072396a79a6b09f475af3d62dc327d64314be2d594cf973a7a92ef05321bf3e0db5e2bd3f0cc9f7edfb1,CLEAR,DAYLIGHT,DRY,FAILING TO YIELD RIGHT-OF-WAY,2.0,19.0,2.0,2.0
15417859c40767cc28d3dd77a1efd75482e12c6754598bdc0e610a949bc8ea65c744160fc3551880765161bcb6fbb2ef665be444a4e007e0b82e292c97bb675c,CLEAR,DAYLIGHT,DRY,IMPROPER OVERTAKING/PASSING,2.0,56.5,2.0,2.0
1541c67386f6c7ef6989cbce1c6b49cab0aecbd8e8a1a622e36f8dc0c077e4a5aefc46adf936ea5f748c4aae3489f8168d4e0776e3349aeadfc87fbe082576a1,RAIN,DAYLIGHT,WET,FAILING TO REDUCE SPEED TO AVOID CRASH,2.0,28.333333333333332,3.0,3.0
15420522731e4925f0dd46e350b4a47baf6a30ac0a7970eba0fc98d32f2e7fdcdd39f786fcc28dd4f597aadff61c51489042bd4edd1997f62585cfbdcb20e6fd,RAIN,"DARKNESS, LIGHTED ROAD",WET,FAILING TO REDUCE SPEED TO AVOID CRASH,2.0,34.0,3.0,3.0
15422d9d763118977012947863786220686fbf1fc8f6920f2dd73da2d4ed3d3982042e64f06a2f92945dab354d190ab41df3f8d5ed764a2b5353ae1bf8b26a92,CLEAR,DAYLIGHT,UNKNOWN,IMPROPER BACKING,2.0,23.0,1.0,1.0
15425c1c2d1516c668fc2fb16313b85b8b63ddd053dbb9b159ff26607d1d18514b2333587068b6abd7943e447701762df21f19a4e66c184cd740ba567987f5e5,CLEAR,"DARKNESS, LIGHTED ROAD",WET,IMPROPER LANE USAGE,2.0,42.0,2.0,2.0
15427b8adc779b0154c70e234657319b765bf9d1a6b23a5e486c398d9263c3aff78e88cb18a2b42a72e36b064043a8f74fe3e476deb4a5de304cba2c2842f973,RAIN,DARKNESS,WET,FOLLOWING TOO CLOSELY,2.0,21.0,4.0,4.0
1542c4f3bdfc5465e55fe31218f3399e2ff19650d9a017f14082b70f462fe4ac9b59db6ef7ed6518d6c8af78aa2d30ef6ae3f27c3c1d9c2832551187d9ca1573,RAIN,"DARKNESS, LIGHTED ROAD",WET,WEATHER,2.0,42.5,2.0,2.0
154305c67a609c28f19a64c7e8930d4df427466cd7df7aa95f441eb203f091fef3df0a7925938eb9482e3fde289fadcbd5cb66983474e3027ea44bfad8f572e7,CLEAR,DAYLIGHT,DRY,FOLLOWING TOO CLOSELY,2.0,30.0,2.0,2.0
15430dc313d548edd9d08a205299350ce61ceb3c43ffea283c3f462e6aaff7d130e9b9eab79a0c2872ac6104b0d2c67c376c967a1a96b0283d5b04b2ad7d2898,CLEAR,DAYLIGHT,DRY,IMPROPER LANE USAGE,2.0,37.5,1.0,1.0
15433399a5273c68c5aa3c37cd92c89efd2913851e918f507a2626754f61c52feb8ce8ce1180b687fb1029452e72ead7f9d360d0ffed6f99ce1351ca1c2d1c56,SNOW,"DARKNESS, LIGHTED ROAD",WET,DISREGARDING TRAFFIC SIGNALS,2.0,26.0,2.0,2.0
15435964ed75bf5b96dd60e7894f65d64f58794194beba593a4da9afbb63d0d377f6b06a17b1124923d791a75f8757d3190bd95bff236d4e04d7161b49cfa466,CLEAR,DAYLIGHT,DRY,FAILING TO YIELD RIGHT-OF-WAY,2.0,27.666666666666668,7.0,7.0
15435a9a82ea93f93bdca730ff1cd238ce423213e29c1c5b0e36dd09c91d7fac848bc70100d084592dac722478f47478515dde252d76fa8981d782d4f65d673b,CLEAR,DAYLIGHT,DRY,ROAD ENGINEERING/SURFACE/MARKING DEFECTS,1.0,34.0,1.0,1.0
1543e08c0083c18665f7e18b02dbbe44e1ee574cfc39494c170a8eaac6c08c6b1abee273663d447484767df9119a253401467fffaae148213b0fd37ceb91461e,CLEAR,DAYLIGHT,DRY,"OPERATING VEHICLE IN ERRATIC, RECKLESS, CARELESS, NEGLIGENT OR AGGRESSIVE MANNER",1.0,17.333333333333332,4.0,4.0
15442adafd75aff53cd77ad55b2b5a85939c9218b4719ab0ddfd47e4e24df2f2017346f84a111f8ce707f76239292415ba46d416c1eec6ce5545f1cc0adfd8f6,CLEAR,"DARKNESS, LIGHTED ROAD",DRY,PHYSICAL CONDITION OF DRIVER,3.0,27.0,1.0,1.0
15443e8667abd6db9a6157329c4acb369f63f0844e992984a052a1ce73171d8855b9b279790285141f7ecbcc2c43167d051b09fc478749829f2ab40244e04727,CLEAR,DAYLIGHT,DRY,IMPROPER BACKING,2.0,37.5,1.0,1.0
15444356ff551a3056eec6bffd19f4a1576143028fc2e65ae27c447221186f11545af69a329cb11e07386c087045f522ba60688aeee0ee71f143f55825d9d416,CLEAR,"DARKNESS, LIGHTED ROAD",DRY,DRIVING ON WRONG SIDE/WRONG WAY,2.0,37.5,1.0,1.0
154466c0a527d375319e7365049582ef5083511bf2188441d30ad4852f04ce1253f5726cb9ccc221b053f158d37381863fad7c87f7a39b04992eeba88766a6b6,CLEAR,DAYLIGHT,DRY,IMPROPER BACKING,1.0,31.0,1.0,1.0
15447354c2c6eeb7c881e94e307236996248a4987c860a5d1c809650cb8a23e6faed90945d705dcb062fd8198706e14ab41dc7236de396048ca33001cd91b6d8,CLEAR,DAYLIGHT,DRY,"VISION OBSCURED (SIGNS, TREE LIMBS, BUILDINGS, ETC.)",2.0,29.0,2.0,2.0
15449beff6e945d29e4b5aa4ba4ba63bb65b96e13125306cc68c4fb7273ecacb08a26a58b9620f5b8358c45ed8fdb87afede98b07e87b6eca62be73b79b57b15,RAIN,DAYLIGHT,WET,IMPROPER BACKING,2.0,56.0,2.0,2.0
15449fa690d2fc6c6b584dab53cf26feea975e0d9409eaaafe1678008f9d2262a6b804f15b86bfb5616945b7ecbf7d676c0081338090bbdf5150fdfee83eb97c,CLEAR,"DARKNESS, LIGHTED ROAD",DRY,IMPROPER TURNING/NO SIGNAL,2.0,20.0,2.0,2.0
1544b5f0a73b20f6eff6792ca59b96560c730dd84396069e35c0759dbe7b9038603bc49722227912a74c8ea5ec092fde9cb1469ad4195414dbbde973b1cdaa82,CLEAR,"DARKNESS, LIGHTED ROAD",DRY,FAILING TO YIELD RIGHT-OF-WAY,2.0,24.0,5.0,5.0
1544cfd0f876f4ff642de9b8994f05d9973ab85d8e580377536a46ed3c5cfdf5b5d2bb6cf14c93800de1111e650e67ef7be26e3a471f76fae26bcb2f16f7a40b,CLEAR,DAYLIGHT,DRY,DRIVING SKILLS/KNOWLEDGE/EXPERIENCE,2.0,68.0,1.0,1.0
1544e59d991e7a37210ef6235692b8b126fe901514b60410649c2534c5a8da4ad6564df4d05db72a4e4bf6c6c4d62f69aced84ea3734e3517e6b58e973ab435f,CLEAR,DAYLIGHT,DRY,FAILING TO YIELD RIGHT-OF-WAY,2.0,30.4,5.0,5.0
1544f6e7df4cbdd5d343faa0a307ba86082049d0c2e11b45a00d5f4a6f0fce6975bc1d9b83665f1d3dce85cc49f0303f38f41324b050b392903f60cc5671c93c,CLEAR,DAYLIGHT,DRY,"OPERATING VEHICLE IN ERRATIC, RECKLESS, CARELESS, NEGLIGENT OR AGGRESSIVE MANNER",2.0,37.0,3.0,3.0
15450016f5cde7b936ff4fb2612c26f28b94d9c74c30e3ffeb8137d3d53c62fc3cf1dfd13673bbbd4436ff91796492f4c29fffe09b829219acd595ed5408885f,CLEAR,DAYLIGHT,UNKNOWN,DISREGARDING TRAFFIC SIGNALS,2.0,30.0,2.0,2.0
154504e41a526477e1e4b351a530226d90bff71ef3bc919881dbb6026a9d8f70d00265c98f95cdb68f59610811f114ea13c4a65736fa4799f0ccb7ca33a61224,CLEAR,DAYLIGHT,DRY,FAILING TO YIELD RIGHT-OF-WAY,2.0,21.4,5.0,5.0
15453517b07a5a18aed7995bb53266cd515b437edeb20e28c6cbc2f42286fdc005addc4a27d0ef7b673e6bff537a3ef0d9fb74609542a6aa684ad43ee866cfb1,CLEAR,DARKNESS,DRY,DISTRACTION - FROM OUTSIDE VEHICLE,2.0,50.0,1.0,1.0
15455c99c9a2fe5a1ec8cbc5941c3ba1e1a38b3cd82c7f829db8694997f95909ddfa17c41b391c3ccfd03944dbf769c61e577e25b1ab477649f43a8072186488,CLEAR,DAYLIGHT,DRY,FAILING TO YIELD RIGHT-OF-WAY,2.0,35.0,3.0,3.0
15456a5ef9bda7dff7c17babe1dcbd9bdd5dbdba0d96e22ae84dd6372785d45b4eae47eb0817b517a1da967e9afa981f0986e9114cb5c7a8cefbbf7ca73c08bc,SNOW,"DARKNESS, LIGHTED ROAD",WET,DISREGARDING STOP SIGN,2.0,35.0,2.0,2.0
1545acce17cfd4f8de7ba630b299fd8041866943a7514286377ad1d445cd83aca88557513265f57621faffb4e59447426aa17ec94ede77411c0bd05d443f20ca,SNOW,DAYLIGHT,SNOW OR SLUSH,FOLLOWING TOO CLOSELY,2.0,50.25,5.0,5.0
1545c56a0fc5bc27b0230fa22bfef052db29ac908cd442e045536c297fca650868e18783df194d492780b8572ae8b22a8b9d3e79f9a96d516575c7dc313b8f00,SNOW,DAYLIGHT,SNOW OR SLUSH,FAILING TO REDUCE SPEED TO AVOID CRASH,2.0,25.0,4.0,4.0
1545d26743f1e5fce3743fcb51ee4da9bd4493552919ff6a1440168563bdd765f712ea7139eb032ad4a371a0e8e41c0aef39e4ac2de490cd73dff50c4942a23a,RAIN,"DARKNESS, LIGHTED ROAD",WET,DISTRACTION - FROM INSIDE VEHICLE,2.0,26.0,2.0,2.0
1546338fad05cd992828cb5f26270094ee0d7717cc658ebaaa48cbafd03f656d492dd0c619f84cf4438084eeda8e09b5901b057742718829b43ca0286f9cf72e,RAIN,"DARKNESS, LIGHTED ROAD",WET,IMPROPER OVERTAKING/PASSING,2.0,39.0,2.0,2.0
15463a9f9af77ebe6932f11e75f1ed77d00f4b80f1585a0cf8c740a29045cdecffc2e9ad3fde05f4482a8172f0275f7cd94f7754afbab2cb0e4c8df91e3e826f,CLEAR,DAYLIGHT,DRY,FOLLOWING TOO CLOSELY,2.0,42.0,2.0,2.0
15464ac4aecd4cf772e2befadca0b94ef320011059fcf414040a9eb314a2c55cc557163b5bb8293b4709344af489efe1677aae3c8cd21c7ecfe00174fecfd4dc,CLEAR,DAYLIGHT,DRY,IMPROPER TURNING/NO SIGNAL,1.0,26.5,2.0,2.0
154671ffc35215bc217bab8d7ff90a3c311e64d76c9b1c8f3587c2ca68d467451c50be68ba73a0eb28786134ab8a18be1e15f4bae2883e27aebab6a38ce5c64a,CLEAR,DAYLIGHT,WET,FOLLOWING TOO CLOSELY,2.0,63.0,3.0,3.0
154676a537e8b1b24da88dbff9cc62ae92059f6da907e373da8c7734b681527668a350bb5f328db5bc335c2438e042fbbaa4ff3ca6c69d3e745fabadd5229c44,CLEAR,"DARKNESS, LIGHTED ROAD",SNOW OR SLUSH,IMPROPER LANE USAGE,2.0,24.0,3.0,3.0
1546a4933a1da913ad5d853bad1ca823d20b2bbbd35b63d5bf12bfc56050d685c455553702d8d297ffe05db8a30855aeace39556b96dbac96c1ecdf899f725f1,CLEAR,DARKNESS,DRY,"OPERATING VEHICLE IN ERRATIC, RECKLESS, CARELESS, NEGLIGENT OR AGGRESSIVE MANNER",2.0,61.0,4.0,4.0
1546b544886442d297f67e61c6467f8787bd780d18240a4f0d7861c73bf4d5661b686c7e7f9a2e9f89a87de45bdfacae0b6be19f34eafceecf56a218f619834e,CLEAR,DAYLIGHT,UNKNOWN,IMPROPER OVERTAKING/PASSING,2.0,59.0,2.0,2.0
1546cbc090b6567a4ca1fd701434bc9d8178c46cd6a2d7869e35264792193180d23dede574d8cc3e00ed6d8c3dfb4cb4a388e6ea5cd0cea438a7fe40734ad178,CLEAR,DAYLIGHT,DRY,FOLLOWING TOO CLOSELY,2.0,37.5,1.0,1.0
15470ceedbf95c70c40bad1fa1700e4f3c1c94009f83387f5faa52db6ce2656addb431ba418bdb32c73987ebd750a96d8016e83a8bbb96a1641c9f72232aeece,CLEAR,DARKNESS,DRY,FAILING TO YIELD RIGHT-OF-WAY,2.0,24.5,2.0,2.0
15472d5c57b101fced15a6b6c6c97f0bed4e0a805dbc630c633699944790d93617109d5741519badc935e22ceb6fd03a15b9c02db75d51e44f13d2d009b9ea1b,CLEAR,"DARKNESS, LIGHTED ROAD",DRY,IMPROPER OVERTAKING/PASSING,2.0,32.0,2.0,2.0
154785e3399a33d68b6847647d205cdcb674dfe7611fdc183a7ac9558d63d19f6b6ed3d6721c8701dc70e96fe62357f461be21fa2e1decba258fa44a2cac9995,CLEAR,DAYLIGHT,DRY,IMPROPER BACKING,2.0,29.0,2.0,2.0
154793b21ddb65318dedbec7a1b16bd2d9de073c59149f20104e60561cfcd07db78041a79e944fb2c256cb000fafa361eb3a92b32acd991eae8edcaa9b13a42f,RAIN,"DARKNESS, LIGHTED ROAD",WET,FAILING TO YIELD RIGHT-OF-WAY,2.0,22.666666666666668,3.0,3.0
1547ae85bbb116d931c29d6730ed0529520169c1e5a9fb205ef931b9bf33f0d044cfb9045701b9bc049443f7e794018afc53f7254b1607f9721c586a9725efcc,CLEAR,DAYLIGHT,DRY,IMPROPER OVERTAKING/PASSING,2.0,53.0,2.0,2.0
15481332dc485a5334e1b4a9c8f20be229c9c5a8cb6e1a839346e230e736a2be85ac9cac2082cea8fcbd08ac08b6673960367ec067cc3f3d47d1fd3eee5fb331,SNOW,DARKNESS,SNOW OR SLUSH,WEATHER,2.0,22.25,4.0,4.0
15481a7eefcf27ec62fe73b3782ba1c166ca7523ecbcdf9f6bb3877cc7476eb4d952e5728b98241cc1130e36132bbbf87cc2246d2764f9d83ab45a34aca6d1b5,CLEAR,DAYLIGHT,DRY,DRIVING SKILLS/KNOWLEDGE/EXPERIENCE,2.0,58.0,2.0,2.0
15484640f77dc0c010726f887a1ca26ac6a12be4e5bde25067b9c542ed8503030fc311f6bdd06000441043d5faf1736986e0404a679a9edeccc051338c8e4ea3,CLEAR,DAYLIGHT,DRY,IMPROPER OVERTAKING/PASSING,3.0,31.25,4.0,4.0
15486a42e195febd2ec090272a4252d5bfab00e791d8e413a2efa6d17724c70574a78f93fe567e1ff148ddbc339bfcf7591ebc03ee7afb8afda3c151dee96335,CLEAR,DAYLIGHT,DRY,DISREGARDING TRAFFIC SIGNALS,2.0,37.6,5.0,5.0
15487848020b381d2bd7ecea2246c1f40bd164d1aac6e9288d92f1e18eaed0ea9dfa2765d4d0f27438d25adc2998539217e544b5bd53b2e382c544028f6c30e9,CLEAR,"DARKNESS, LIGHTED ROAD",DRY,FOLLOWING TOO CLOSELY,2.0,33.0,2.0,2.0
15488b2320f9006d42733975a43fe430d46bba147ce5f2d8b8952b8606b41e87bc67d37157de1ac3174a4ee17f0f616871b41562701f418cba5b1fc88bb1029e,CLEAR,DAYLIGHT,DRY,FAILING TO YIELD RIGHT-OF-WAY,2.0,69.0,2.0,2.0
1548a6d97dc930558e73eb94ca898bce43cba7375f148af12a8638b7c9c6c8d135e3103eebce0aa6cf5c4607ed2267ac4677757ddfe412887f22bec5ca82b859,RAIN,DAYLIGHT,WET,IMPROPER TURNING/NO SIGNAL,2.0,45.5,2.0,2.0
1548b00dd53e30f68398381e8b353c930892ede171d8bd01d63c21d00bac0209038626143efe8fd9a20abed27267becb1e8d09ea1bbc8fa25d59146bcae31807,CLEAR,DAYLIGHT,DRY,DRIVING SKILLS/KNOWLEDGE/EXPERIENCE,2.0,37.5,2.0,2.0
1548d4d6ccd41af2c415e6cfdb24d5abf89069d2635e2b4b3d6b2099a93474a2576ec049750dcd52acc2393a9173c94249f9665cc58190bee69b5c0027931225,RAIN,DAYLIGHT,WET,DISREGARDING STOP SIGN,2.0,56.0,2.0,2.0
1548ec4e2272298329c8bfa8cf6acec337c018365eef58b4a223435da26b81ea4120d2706c8d224571d05c4bd006ac86bde25621259e2a4f9b83f39c35f81f44,CLEAR,"DARKNESS, LIGHTED ROAD",UNKNOWN,IMPROPER TURNING/NO SIGNAL,2.0,39.0,2.0,2.0
1548f6bb2c1fadb301c85877da552eea397e84a5a67fd8bbf75895ce11af705ac140032c748a10692ce5eaccb3baa9494abd921270af22383a27c8619479ba92,CLEAR,DAYLIGHT,DRY,IMPROPER LANE USAGE,2.0,27.0,2.0,2.0
154907e4507eb950775b47bc30cdb368d9763a914a60a1fc5ed2c173c9b060aefa38387bfae1461466942a7c30f379156f4f0f3168d1af6569868e8b2626c0bd,CLEAR,DAYLIGHT,DRY,DRIVING SKILLS/KNOWLEDGE/EXPERIENCE,2.0,41.0,1.0,1.0
15490e34009d511ecd1685ea5a673061cd55d50deca61d3475a824cc7ee2a213980a3f50d9cd034b48f642787266fa30ad00eda389e692808cec0794afd9f3d7,CLEAR,DAYLIGHT,DRY,FAILING TO YIELD RIGHT-OF-WAY,2.0,36.0,2.0,2.0
154915c7af71d38379fe7d60ee4fd05eafa868b94aadefa414f58030af722895ffc2b62741b067657d6be96de80c52e40e3dc13fd1d1989f7176bdec7d5833d3,RAIN,DAYLIGHT,WET,FAILING TO YIELD RIGHT-OF-WAY,1.0,73.0,2.0,2.0
15498b48ce40e9f813b48d55a9de1708997f9ae64f176649b8b068cda298f8314d6e2a3ba4aaffecb39ae449c68e4692283c7104aae26db9e9f368c418526bb8,CLEAR,DAYLIGHT,DRY,FAILING TO YIELD RIGHT-OF-WAY,2.0,28.8,5.0,5.0
1549a25346d829ecf60af4a0c07ebcc496680172eec5549100976ca7c62c78c3a10da960c70d8182a1a9d1b5dda993e4e0501f7632177c35aa4220e90cdce453,CLEAR,DAYLIGHT,DRY,"VISION OBSCURED (SIGNS, TREE LIMBS, BUILDINGS, ETC.)",2.0,58.0,2.0,2.0
1549c10aa00c9b496f3c7f20c80b32f2abd45cc02785b3b6de4d4a6a2e0d06163da379b340e4905de4543e05f0c482bc451b06e1ca40eb92eee66d9839e1c2a8,CLEAR,DAYLIGHT,OTHER,FOLLOWING TOO CLOSELY,2.0,24.5,2.0,2.0
154a321bcff40a0c59b198e3d01424a2320f648c116eafb99f912fbec2e7ef5de2bc55aeb8751ec84afdcbbc4222786c3b89794fee2e3359f8a1d40cdfc0edf5,CLEAR,DAYLIGHT,DRY,FAILING TO YIELD RIGHT-OF-WAY,2.0,40.5,2.0,2.0
154a3d113be18b4d444bff94ec92dcf21e5ec89079773b9bd219d18e43a025830338235de6b34b2258aa7a877aa52ad87e39b5a86aa7d68f5eff481f5186d033,CLEAR,DUSK,DRY,RELATED TO BUS STOP,2.0,42.0,4.0,4.0
154a64856af60644f7c84a6dea7e66258154a73dd325e6fde9c17c3d50fca2edeaf15f970b002946bff7a3810ec9a4f5fd8e39e0b31df4236670c3665d437a8d,CLEAR,"DARKNESS, LIGHTED ROAD",DRY,FAILING TO YIELD RIGHT-OF-WAY,2.0,22.5,4.0,4.0
154a6a08226a4fb8af069df794c40ba1b6a071c5fc988fe5ac4c274d41b98ea59286afce1861398eb9c419d3313e55c94c5981f07821825a406a0e39b04c7a9b,CLEAR,DAYLIGHT,DRY,FOLLOWING TOO CLOSELY,2.0,37.5,2.0,2.0
154a6bab100b12883fabc3fb01faffd9e28e2de45be10303fbd177d4a2774b819fb1e08eeb2dcafbee86a71ee4248840cc75298b3e0202f95de0212538971f46,CLEAR,"DARKNESS, LIGHTED ROAD",DRY,DISREGARDING TRAFFIC SIGNALS,2.0,52.0,3.0,3.0
154a9431b351618112857eeefc0e4ede023dab73660edb98246eb6ebe090772ae14eba03e994950a2db715ca62ae7956c8172b8b35d8ab735e41132f859798d4,CLOUDY/OVERCAST,DAYLIGHT,WET,FAILING TO YIELD RIGHT-OF-WAY,2.0,17.0,3.0,3.0
154a9d37c423928400b692915ac6221edcb550a5d1d813952d2feeb51a84a3389aea27d26a20a65fe85863dff3d0a91729a3bd3a9c33262695381b29d77f3664,RAIN,DARKNESS,WET,IMPROPER OVERTAKING/PASSING,2.0,35.0,2.0,2.0
154aaf3ea60430d7c05e6e1606d02c71cdda925d145c0ee02b3ba068e1c52325de8372c6b52c59b96c4301075f9034b0f1b931627d9c524e477b67ebac5fc9d4,CLEAR,DUSK,DRY,FAILING TO YIELD RIGHT-OF-WAY,1.0,33.0,2.0,2.0
154ab9b29b85115bc283083efd6c0a301c2081c326650b4faae696cb0f9d3ae4046f0dfd941becf99008b0041c6e7d0d81d2fb678342fd05f163313385e3346d,CLEAR,UNKNOWN,DRY,FOLLOWING TOO CLOSELY,2.0,54.0,2.0,2.0
154ac41f831032d379745b9512f97422915ca01c4793f5e17ff09526df5115750e5c87a82de4842b129de1f1b25a4db8aefabdd684bc5555fa32fdebbdc103f6,CLEAR,"DARKNESS, LIGHTED ROAD",DRY,DISREGARDING STOP SIGN,2.0,43.5,3.0,3.0
154b138d0c6aafb1b08f6d1218aef20edd63a8694888db20eac4765959b0c362b7eda1fde6b8e5990afeb9cc0deb43eb0351c91bb4ed0267226bfb578c5147e4,RAIN,"DARKNESS, LIGHTED ROAD",WET,IMPROPER BACKING,2.0,24.0,1.0,1.0
154b1a1f55581a5149a9ed85995f7bd36e28b54af71523e9a795e4c1d5bc2a90cb2cc00b52e31af628b2e4c4f113aa3e0867e2d436b5b2468967ca3fe5e30e13,CLEAR,DAYLIGHT,DRY,FOLLOWING TOO CLOSELY,2.0,51.0,2.0,2.0
154b2f4e2ca9e7cabed9f89a3fa180bfb798b4b665c2a999e848150b8b83332f10f79a5233c954a5bc10ae99ba983b7cbbd99000a617498996c124802d8ac388,CLEAR,DAYLIGHT,DRY,FAILING TO YIELD RIGHT-OF-WAY,1.0,17.0,2.0,2.0
154b3837e83b4d24bdf9605040a2dc01e0e139acdcd658713d99aed433b584924c170cf3bc601d4895f088eb83925585fbba16135197f38e6693b0609a0f6360,SNOW,DAYLIGHT,WET,DRIVING SKILLS/KNOWLEDGE/EXPERIENCE,2.0,28.5,2.0,2.0
154b5b580d58363255bede1d8eb1a478f83eef11ae86a3f295d1a9b5282ee40b322a75524dd6d12240ef1aedd319169d3eeef8bc6de2108ba2d81364a25f4479,CLEAR,DAYLIGHT,DRY,DISREGARDING STOP SIGN,2.0,37.5,2.0,2.0