crash_record_id,weather_condition,lighting_condition,roadway_surface_cond,prim_contributory_cause,total_vehicles,avg_driver_age,total_people,total_injured
154b614b564f732759b80c8bd1d7a088ec1d94b8086f131d0c0c50c357df5a7b1c2d874187b65a4c500a42aa66fa58f9d66d7ae6d3da67b70f44b1cc57af6158,CLEAR,DAYLIGHT,DRY,FOLLOWING TOO CLOSELY,2.0,64.0,2.0,2.0
154b94520e22a9442873936c7aac2cb1ea3beceeceef84c840098ab5a2750e31a9cf71e0db5d17beb91e9e11437ee730a83b2c02de102a9f812574509f7261fe,CLEAR,DAWN,DRY,WEATHER,2.0,37.5,1.0,1.0
154b98e39da2a53ac9e86c7b5a17d6b24e3f14b81115e2a520012ed0471d25b2744fb362d748caca15329d26d98b0b0d97e3386c867bd4def58620a0c818d8de,CLEAR,DAYLIGHT,DRY,FAILING TO REDUCE SPEED TO AVOID CRASH,2.0,28.0,2.0,2.0
154bc0dc14a35a81b77fdd0961a6f5490c211471c99be6b389e002960f424101aaca56beea439c233225695292600869b79ba4615336bdfbb97ad258d4b6d786,CLEAR,DAYLIGHT,DRY,FAILING TO YIELD RIGHT-OF-WAY,2.0,43.0,2.0,2.0
154bd72726f2347512e147bb7b893e28908038703f29c4f274438fca7ccae52b1ea1da0da121e26bf0b4c38155fa7a3b531a61d9f1fcde913b03f315d0c75402,CLEAR,"DARKNESS, LIGHTED ROAD",DRY,DRIVING SKILLS/KNOWLEDGE/EXPERIENCE,2.0,43.5,2.0,2.0
154bdf8a555682f036c7b6da5099c44906c387b65ae03f67d7cca89b258fe27741069149074c119612512a0acde522285188a00bfd22631ac7a90c2c5f0c257a,CLEAR,"DARKNESS, LIGHTED ROAD",WET,FOLLOWING TOO CLOSELY,2.0,9.5,2.0,2.0
154c1b39d1d7f967e572637ff23b02c6f5cc065b50a91c91aa5b41c5789722979a3ef5f21a6c6cbc7e472aaff4da04289e3990ac09dd9b21ccc880e517d30afd,FREEZING RAIN/DRIZZLE,DAYLIGHT,ICE,WEATHER,2.0,58.5,2.0,2.0
154c22285d3379e8d18a47ef90e39d26f9fe485a6ed34298305e11ce6c024b43f2cb7ad1f98f64bbdaca14cd5c1f0a693ede5434096c37e52131f41964484a10,CLEAR,"DARKNESS, LIGHTED ROAD",DRY,FOLLOWING TOO CLOSELY,2.0,24.0,2.0,2.0
154c712665f49b00c811883b7953c839c79c2697f94a9c697cf32376ca0f73fc890ff74a301fcf3f3e85c3e2c805cb97145b82df65116e46f2cd5432fbccc7b9,RAIN,DAWN,WET,FOLLOWING TOO CLOSELY,2.0,37.0,2.0,2.0
154c7a43a6906e0190873adc2cf03ddc29fe9ff119f5eaaa385d1cb5b1fc7c8c3e3fc26401805f5e07f2521d3da90f2fb96188dfb0bb70635b578cb0ffe1e4fc,CLEAR,DAYLIGHT,DRY,IMPROPER OVERTAKING/PASSING,2.0,55.0,2.0,2.0
154c85ac951af3bb2c00855143119f8fe6c1cb587c9129030fe6a6958fdb10ffbe910a8c69ab6270aae3f279884b2f071186c0227e1203c647206c56daddeac2,CLEAR,"DARKNESS, LIGHTED ROAD",DRY,IMPROPER OVERTAKING/PASSING,2.0,22.0,2.0,2.0
154c9fed53982c6db5f4c50347b37e236d9e450f8acb9dc6fa6bdc33cdb234ea19a12ef983791f125594dac031464d8c3d6d82f031ebd4164c7fc6ac96379245,CLEAR,DAYLIGHT,DRY,FOLLOWING TOO CLOSELY,2.0,54.0,2.0,2.0
154ca40e734d4831207611099bee0c411427c375d64554ebcceb8f43844dc0ef19729b7e849e902b6ac8181ba042f2a2ae6f136c0a939601cbf6e526682ba36d,CLEAR,"DARKNESS, LIGHTED ROAD",UNKNOWN,DISTRACTION - FROM INSIDE VEHICLE,3.0,37.666666666666664,3.0,3.0
154cac1be4e2a1fda9adc72fde84ab97b921fed67daa1efa12cbebcfbcea0a3ed838a31506211dce69046d04a91d5e5593987a29839f8e14b171903b622a6828,CLEAR,DAYLIGHT,SNOW OR SLUSH,FAILING TO YIELD RIGHT-OF-WAY,2.0,35.666666666666664,3.0,3.0
154cba3fbc128405c84bf00fe184a89beff3cf3fea8b25d2f6ec71749cc3e6e4fca7d17ba1ed9a5634824811ae2396c930b21549e8b731fd02683f06724e121c,CLEAR,DAYLIGHT,DRY,FOLLOWING TOO CLOSELY,2.0,65.5,6.0,6.0
154cf91c1ee2fb5c445667fff8093d63ef0cd82a8b0755388bd953b6d0086251b88a6c4936b6a2ab6400cbbe74804076a26bac6f4499d1fffbea4d41d956acce,RAIN,DAYLIGHT,WET,DISTRACTION - FROM INSIDE VEHICLE,2.0,25.5,2.0,2.0
154cfe8bd618e38ec4f26a76962fce68930147657642248a7b14ee32450c7716da89b181237eb2327a979d7112ec1319e1ed998a9e98c3a87d9879bfa1b3e5ef,CLEAR,"DARKNESS, LIGHTED ROAD",DRY,IMPROPER TURNING/NO SIGNAL,2.0,21.142857142857142,7.0,7.0
154d0cd81e29b0d69776ca30de8d0a37e88282877c9dcace733e940597c1d9a3bdbbefaac9f36232d1fa2572c4a5e88c6f0a58049026ffdee635b2bfa809c8e5,CLEAR,"DARKNESS, LIGHTED ROAD",DRY,FOLLOWING TOO CLOSELY,2.0,47.0,2.0,2.0
154d22e8689347d51e072448423ee051e94ef60c232d77c63c93929365366da0d633738219ee4062fd43d5975909af246107efc4e9ed49d96e64061219ff56bc,CLEAR,DAYLIGHT,DRY,FOLLOWING TOO CLOSELY,3.0,28.0,3.0,3.0
154d2b5c0c4fbf8073a2b6a20b3d5cb4a12dbfdd957676881c19264eaf2f64e1f5dbeabdb95f22038368560b398daddcd4f85de75b3edfdd9d6922c255e7f557,CLEAR,DARKNESS,DRY,IMPROPER OVERTAKING/PASSING,2.0,27.0,2.0,2.0
154d2cedd619034a2696bfae8728bbf481a2e7ba8ea325dd788db0f1c370d8a437f3948567fa8c18219c2a410e3aeaf320b2c93ba33c087f10bf605a63c19202,CLEAR,DAYLIGHT,DRY,FAILING TO REDUCE SPEED TO AVOID CRASH,3.0,35.0,3.0,3.0
154d3b18cc87f646063f06ae2b4459242dc0226f86b6f5bf64339371cb7a50e8be574f9d73b6b5b3fbbf123547a37b5492faabea90de259084256fd1440aa6cb,SNOW,DAYLIGHT,SNOW OR SLUSH,IMPROPER BACKING,2.0,37.5,1.0,1.0
154d433bda990e761d080c3ba0606e48e736d0231e6041abcf0817fc88685bef6e416ca5eeac889086eebc394a80c145e07ebf5b32c769d6f5e4a2c99d63dccc,FOG/SMOKE/HAZE,DAYLIGHT,WET,DISREGARDING STOP SIGN,2.0,41.5,2.0,2.0
154d4490d45cf70fa15b285f167a81a3e5b609ed9f6e771a07c054c4431d54f1a07c07fc7b6bd96ccbe72d76102225a2a4a35303131ad3c251a3ee058c2e8443,CLEAR,DAYLIGHT,DRY,FOLLOWING TOO CLOSELY,2.0,66.0,2.0,2.0
154d5f379f023a0d9a000ebcb2999fa8f71406bf7651102049eda5d1ba63b051220eb6b7c2acc8d2fdd71110dfdc3f8f2bd842d9e887780a8651caa60979b2f5,CLEAR,DARKNESS,DRY,PHYSICAL CONDITION OF DRIVER,1.0,28.0,1.0,1.0
154d64fa6f07b2e891ccfd9f444b917b73e76be4cbba88fc3c3debc4e90bf006a5e0b9343b0a5c82f5d790287efe2df96c89192db2ea7b40aafe458a0711fe67,CLEAR,DAYLIGHT,DRY,DISREGARDING STOP SIGN,2.0,19.0,4.0,4.0
154d6c5ecb663fd4d37008c24e5feeb75e6de397c5e3be23a0f3bfca0047adb01da3aa1361bdfbe24998b75b1b73aa6762577596e634bc9613a111e5cc13fb66,CLEAR,DAWN,DRY,IMPROPER TURNING/NO SIGNAL,2.0,33.0,2.0,2.0
154d8e4a397943735213245f8eddcf992753c11f894f5aa4f4c59e57f1850ae7ca1c887ee9027e337e54a5dadc925f0d94cd410d785729ba4ab0ece91dc967f7,CLEAR,DAYLIGHT,DRY,DRIVING SKILLS/KNOWLEDGE/EXPERIENCE,1.0,73.0,1.0,1.0
154d97b09dd6f72702e570ac4f587dc0b538f312f6baed9b5eab43b6ac1b8458272784cff7b9571f4f5e17663d399c921f42a22c350448f508d665d03e185111,RAIN,"DARKNESS, LIGHTED ROAD",WET,FAILING TO YIELD RIGHT-OF-WAY,2.0,36.333333333333336,3.0,3.0
154d9d254dbcb00ff66852fa72948f4d08fd0d0b86915e71604693cfcfc74132af2b1dd806f9e4b94bf25b05167cfd5fb4479cb40ddaab6bd64aa7d6f24bbace,CLEAR,DAYLIGHT,DRY,DRIVING SKILLS/KNOWLEDGE/EXPERIENCE,1.0,62.0,1.0,1.0
154df4fc9b245a7d0403fcc7339c002f613917e231e15783b538bfbec201a47eded29b0955459fb4757a53c6b15a3c8fb7a097e784128bcc1f71d6454ed443f1,CLEAR,DAYLIGHT,DRY,FAILING TO YIELD RIGHT-OF-WAY,2.0,29.0,2.0,2.0
154e16b97fa385481de0d0e0dee2ea445692557354de5c4c0d920adb7663c8abd5eda1d5c61163a96d4ec213ec1196dcd61290230c73004d8b820f81ae9f8837,CLEAR,DAYLIGHT,DRY,FOLLOWING TOO CLOSELY,2.0,33.0,3.0,3.0
154e3120bcddd021b08274a40a21ac4cb6e34b04b5e42c8cf00250e7a927c94e1ce9dfea981ada466972216c503b78085726c7380ad673b6aaa8e4fdc4946fd3,CLEAR,DAYLIGHT,DRY,FOLLOWING TOO CLOSELY,2.0,31.0,2.0,2.0
154e4c1357864fe42d732b3b598480838037c5bb450a575faef90043edc1cde50227ed2fc1a66dfe68692feb0004827ac4f22e9f2ff64770adbe38c1b830a50f,CLEAR,"DARKNESS, LIGHTED ROAD",DRY,DRIVING ON WRONG SIDE/WRONG WAY,3.0,39.0,1.0,1.0
154e51128b5f2c72f148de7d598d9ee2564af805dd812a99f88104aabe23c803d97df83965ff88be21b1bda1f46d69e1542a04cbb8f0f3cbc60bb6f586bb9f59,CLEAR,DAYLIGHT,DRY,DISREGARDING OTHER TRAFFIC SIGNS,2.0,70.5,2.0,2.0
154e5b7ad1d3d612df317680d65c42d3ffe6e367183e50431da6383336852c90561e0319e8e6a88903d227c86acb18328a9e954aa1cde2369dbf751a2cbe1d18,CLEAR,DAYLIGHT,DRY,DRIVING SKILLS/KNOWLEDGE/EXPERIENCE,1.0,37.5,1.0,1.0
154e68b4fa3293ef99c2a0caeb099403c20670bada9675afc24803bf65b52f922c24b3793f8328576e5c813b12a6eade5a7904cda49a04652fae68f750314590,CLEAR,"DARKNESS, LIGHTED ROAD",DRY,FAILING TO REDUCE SPEED TO AVOID CRASH,1.0,26.0,2.0,2.0
154e7e800d4a23ef8a33d9a32e21ff6f62a6fba5ee06f4e6d5bc7cbb879429c0417fb0d31cc182f439c5edd596489a6559f5f203ccb5874230bd5d058916671d,OTHER,"DARKNESS, LIGHTED ROAD",SNOW OR SLUSH,EXCEEDING SAFE SPEED FOR CONDITIONS,4.0,16.0,4.0,4.0
154e809ccf3be5c4ad74259177db1c9ea4ed164980a0b0ea2aac09d89d30b87b8998320f420a008ff5165364743d989e9586760c1ba6b4661e9fc88519d35143,CLEAR,DAYLIGHT,DRY,IMPROPER OVERTAKING/PASSING,2.0,37.5,1.0,1.0
154e8ed77d25b87ef63681d13289635b3a9895c99da33ce57f69dd0c1e88511e6389e28f8e2fe91556eae3d4989d4a962f3393f8dfce1e8037f1adbaa33dfef7,CLEAR,"DARKNESS, LIGHTED ROAD",DRY,FAILING TO YIELD RIGHT-OF-WAY,2.0,61.5,2.0,2.0
154e92b440853385381123056c0dc58f26ff800910578e7a915945b5b0b38d4ec60389f8b3222e51e98002ef727f9c9949fde7cb0c7606c7f739929785d5752e,RAIN,"DARKNESS, LIGHTED ROAD",WET,IMPROPER BACKING,2.0,21.0,2.0,2.0
154e93de187276b23a0d8907b86dc256693107919bc9379f8b875a3dbd179d2eb9e7e0ee86dc60c28e235ff8ab18ebabe9c829fb9e2f893504bab5433c889da6,CLEAR,DAYLIGHT,DRY,FAILING TO YIELD RIGHT-OF-WAY,2.0,25.0,2.0,2.0
154ec6984122ee0f0380b5afdf7d1352e94129e02c756aa7d4deab97113667725eb0922198f22baa09ecf21414f820c36bad4a0a1de71687c5d4b1a887ea2dc2,CLEAR,DAYLIGHT,DRY,IMPROPER TURNING/NO SIGNAL,2.0,24.0,2.0,2.0
154eeadccee97034fec12fd91a34aa937b581be3b9a2b35aef6b89e6e35dc2ff70e99e624d0694431bd25e1129b289ff5c73124b2465fe5b440f00991866e2d6,CLEAR,"DARKNESS, LIGHTED ROAD",DRY,FOLLOWING TOO CLOSELY,2.0,26.0,2.0,2.0
154ef2fb94b4be6a207f8224963caa9c1ee7e1c83052044d5343f263a49bf7004ebae4a3eca7d8bb73f78aa4fc9db390770785194d944d11c5a6262bb1c4e5df,SNOW,DARKNESS,SNOW OR SLUSH,IMPROPER TURNING/NO SIGNAL,2.0,70.0,2.0,2.0
154f075d3e6836304b4aadd5c607c321334160d8e71a38eda9b45df0fe337e800e1d807bdcfc2eaa9c48f093fb46b7a3a14c8b90dc28c4f3823a1a850bde1283,CLEAR,DAYLIGHT,DRY,FAILING TO YIELD RIGHT-OF-WAY,2.0,32.0,2.0,2.0
154f208d505d24351c06e74ce2e19b276698e3b61f46dad5aed160623c995c203c24472ddc20903d74e581d0860a77ef8ed4d35bdf01af77a74aaab42d2fcfc6,CLEAR,DAYLIGHT,DRY,FOLLOWING TOO CLOSELY,2.0,72.0,2.0,2.0
154f354e4e56bd880b4f207a8070e862007245b81cc866c4ee4b312e3ca620ab919863f33ed030f801961fc20970636b85cffcc4c626353497aff4190d639ac3,CLEAR,DAYLIGHT,DRY,IMPROPER LANE USAGE,2.0,34.5,2.0,2.0
154f398cfac67ca92fa6542e88e5b67aac3195e70def17f397197c1573b376277200695deb1485ad271aa1a91e2e2f2fda6cf78fcdd01bf6a3490e0adcaf0b1b,CLEAR,DAYLIGHT,DRY,IMPROPER OVERTAKING/PASSING,2.0,37.0,3.0,3.0
154f44e7285beaafebd05f2acea35763d800a96a00ecb137031990f1334f7804952892a43adcdc543ac88aa9ab8a57d18805c8797c04f7a6c45dac4f682c2c0c,CLEAR,DAYLIGHT,DRY,DISTRACTION - FROM OUTSIDE VEHICLE,2.0,28.0,1.0,1.0
154f4d5eed25f9b2624d26d6e4c1e373f50a11781a5ffdd16a53759fa54093fd0819c558cba1a821fe720cd853a2c52ea856db99dbf0e6fe926c5a64a3002f9b,CLEAR,DAYLIGHT,DRY,IMPROPER OVERTAKING/PASSING,2.0,57.0,2.0,2.0
154f50ef04491f6f18169c7a3dcdef844a0306171c09d1cd9af51d772b8c2741c864fd8bc4643049e489800241dc121f008f268423661e9de0c9ae08a325f519,CLEAR,DAYLIGHT,DRY,"EVASIVE ACTION DUE TO ANIMAL, OBJECT, NONMOTORIST",1.0,24.0,1.0,1.0
154f9cba8170273a10dbd2076d396a97f14c6aa915027bd721577aa7c2bbb8cb5bdc0133e1455521621bb5bba8c5b71ba238d13046f2c51351d884b60d741b9b,CLEAR,"DARKNESS, LIGHTED ROAD",DRY,IMPROPER OVERTAKING/PASSING,2.0,26.666666666666668,3.0,3.0
154fabf51b7a45c13c3f40beb63d8c35a18881ad20ec473a5ec91745f86bd961581759a69b90305a1299a11667bfc3559cea3618c3b2b010421a2b48f6aaeb77,CLEAR,DAYLIGHT,DRY,FAILING TO YIELD RIGHT-OF-WAY,1.0,40.5,3.0,3.0
155019d6076494295e9e7bc0d5ec0b8d659108e4da34f7f78835278189973b39ed1fc173d58c425ac9895ba5713be2bdbb0bbecd2bebc8992ab68456a9b09379,CLEAR,DAYLIGHT,DRY,"OPERATING VEHICLE IN ERRATIC, RECKLESS, CARELESS, NEGLIGENT OR AGGRESSIVE MANNER",3.0,37.5,1.0,1.0
155050561bee42710485f3150ae025b1537035e3e90f154e2694ab0c3dede9fcc6439b808cafdd0a776e771e1d58622f6f3ec94524ba22023615123f3d08cc14,CLEAR,DAYLIGHT,DRY,IMPROPER OVERTAKING/PASSING,2.0,45.0,2.0,2.0
15506a1258f6fad7f92f48a4da5cea66cd855d593ef96cdeff6dafe91d3654b042071c3e2d0a2f82cbd02e742e08534df7b48ce71c3ce3f009857917077d98e5,CLEAR,DAYLIGHT,DRY,IMPROPER TURNING/NO SIGNAL,2.0,24.5,3.0,3.0
15507350ac66a44a759a538b606fc945403e642d37d70f38f4b5b9a49f752f0d942b8ea83250bc57a664e7138e17c72dca6c31fbbffdea4fb34b68a5381464ee,CLEAR,DAYLIGHT,DRY,FAILING TO YIELD RIGHT-OF-WAY,2.0,22.0,2.0,2.0
15507b3a1b08b4f04557019b3dc34a886af40b9f5c13a25592405827bea54829f23219073cde0b132e6dc9fac253bf9941d4e330e6ffcd76f0e592e449803538,RAIN,"DARKNESS, LIGHTED ROAD",WET,FAILING TO YIELD RIGHT-OF-WAY,2.0,48.0,2.0,2.0
1550a16f2e81f341cbf1d4dcf6a690b892359445f718b1985675aa4e158ad9300acfdfe4bc62a55fd5010d741e7c8f93e23c152d0ac39ecef7ae963832d58824,CLEAR,DAYLIGHT,DRY,FAILING TO YIELD RIGHT-OF-WAY,2.0,61.5,2.0,2.0
1550e7f8fe86ba728b24af135e80005f87378af32d59222b3a723eeddea83530c0bf15195b23e679ce5bdeb27651a8afb7b872814159f2744422312591d48081,CLEAR,DAYLIGHT,DRY,FOLLOWING TOO CLOSELY,2.0,21.0,3.0,3.0
1550f604349d60d7d2b44616f4bf9f5e1b349c5cfd5038c3b6f37ad12e97143e4afae7c690aa18ed6cc10ad236957fd0cdd8f1aac2d3842ff617b7b348ab07b0,RAIN,DAYLIGHT,WET,WEATHER,1.0,23.0,1.0,1.0
1550f64f1e260f42433784c52f202ad991b227e26b128ac0cfe629a262268c6952ca925512fe8a2967dfc12faa53944eb4f61fc8bdb3fc406a925f6203c44738,CLEAR,DAYLIGHT,DRY,FOLLOWING TOO CLOSELY,2.0,33.5,2.0,2.0
155110fbb7eb78b23965a5d9bf2a15c40abea40c99c92affbc52af855a178691c723d2797d24c2252edb0e2efef6a2b5b63f8c61fae288d7da5053da3f95b099,CLEAR,DAYLIGHT,DRY,FOLLOWING TOO CLOSELY,2.0,35.5,2.0,2.0
15512412041aa6bbfa32088f789bbd48cdc09abc335a04768e2c5786ab8c11e6a9ef05a3ee65fea0403f3ebd1ad7fd2d0d3def023cbe3ed7b0ffec0872d2ba11,CLEAR,DAYLIGHT,DRY,FAILING TO YIELD RIGHT-OF-WAY,2.0,24.0,3.0,3.0
155143a188161d4c2ee4fd3b1091b60092d628d8b84cbb69577e20e00ff29ca9483e7767528131a971105782c404aea57f300a6371ff29c0a557e324b0fefb4d,CLEAR,DAYLIGHT,DRY,FAILING TO YIELD RIGHT-OF-WAY,1.0,57.0,2.0,2.0
15515e148c12a540a97f64423248ebe5c2e5bba748c09d3ee0c77ee2cb8909b37dfb4bb56324cef4250267398ae572a9898f489338bfd20cc536a29f22d352b3,SNOW,"DARKNESS, LIGHTED ROAD",SNOW OR SLUSH,FOLLOWING TOO CLOSELY,2.0,27.5,2.0,2.0
15519f4f1cff837c2f8c8013267e634ab39bd0a640abd41e4571cb0f757e51fbb8ab43f79374cf79a4c5794f4bf3159f86053841dc64ebb3cdda0a866ba7f581,RAIN,"DARKNESS, LIGHTED ROAD",WET,EXCEEDING SAFE SPEED FOR CONDITIONS,3.0,45.666666666666664,3.0,3.0
1551bb3a74b3ba9ac696dfe08e8f58de76f9f40ae67a3a6cee0f174e7b9ed6bf1738519686974fbb6dad22f178e648ef368d7148d275ec7370931db51f26079f,CLEAR,DAYLIGHT,DRY,IMPROPER LANE USAGE,2.0,40.0,2.0,2.0
1551f57b5d653a0e3faf4d000fdcc063c4970bbba6a17d2c2cc53db0d013bc3256e7779323cd2af4dc2be3d597d62422c0cf353df6c00602eea5dad4c237288a,CLOUDY/OVERCAST,DAYLIGHT,SNOW OR SLUSH,"OPERATING VEHICLE IN ERRATIC, RECKLESS, CARELESS, NEGLIGENT OR AGGRESSIVE MANNER",2.0,37.5,1.0,1.0
1551fa0140921611c2e718faecac44263e4bcae87ba647caaee249298784b6d88b87a9cc0e87dd124f032e39cf0d97dd88b7085f917eed62017e00fcd3163e7f,CLEAR,DAYLIGHT,DRY,IMPROPER OVERTAKING/PASSING,2.0,27.0,2.0,2.0
1551fd44eb58a77b9f44e8fd15b81ebd1572d7590c7d2c5a7afa02cc17b99e5a2503b38fe99d7cc73f554fc4d1568f250dae72b8b7cdd8c35f169111cec57821,CLEAR,DAYLIGHT,DRY,FAILING TO REDUCE SPEED TO AVOID CRASH,2.0,39.5,2.0,2.0
1551fe44628173275192cd06f74b860a3e20b81fb55eb26a78e7b097eb24bc52d4a536089424f60976d93b6b72f14990f9aff92f8a36171cff124c0d34a3453d,CLEAR,DARKNESS,DRY,DRIVING ON WRONG SIDE/WRONG WAY,1.0,44.0,1.0,1.0
15520f9903dea9e796b087c87481ebe0af6125b11de8724de64437437b649354c92bf340b676fed0ddac84625b6545cecf4df92b94bb185eeaf8b703ff9a4eac,CLEAR,DAYLIGHT,DRY,FOLLOWING TOO CLOSELY,2.0,38.5,2.0,2.0
155225089c2c09cd68b1cb6cdf98b1e1392c20a1a6c36090e6cd14f56557b0c3158da19366f047df58d6058e5693787885a45d7155710da2afdb2dc87372efda,CLEAR,DUSK,DRY,FOLLOWING TOO CLOSELY,2.0,45.5,2.0,2.0
15526c29bba50bb0b71e3eab5616a41140272d9c1213a007408dbb377719b0db7d01be566f86f0fa3fd95552649c3089313fa169091cc54a2e170a5d50871278,SLEET/HAIL,DAYLIGHT,WET,DISREGARDING TRAFFIC SIGNALS,3.0,40.333333333333336,3.0,3.0
155271fb140146d2c9fbfaf402368bf069bf93facbc3f1df945c8cedad4375bce97dc03ee9ed5b8e63a33cce2d2f24dd2093e6b3b95696a3a357d01b491bc97d,CLEAR,DAYLIGHT,DRY,IMPROPER BACKING,2.0,48.0,2.0,2.0
1552752ef5b4806f853f437ee9fd3c6ed16710b4b2193c45f8cbecde4460e0c6015ebc9d3b9d27626174e75097bee874f75389bfccabf93d8ab6855876980cbf,CLEAR,DAYLIGHT,DRY,IMPROPER LANE USAGE,2.0,34.5,2.0,2.0
1552936b878f6a746e252562be54a6953508fd744e150ec039d61671984103ce2032350a4a74328d1a52891c3c3fef0a8b419069d2ceb57f7012d7348a1f0fea,CLEAR,DAYLIGHT,DRY,FOLLOWING TOO CLOSELY,2.0,26.0,2.0,2.0
1552a34f2b7788a5542214fc98adab3920754c6475158565e8f843b61ce0978c178a2bfc15bf7f12f3ed38cd2f90fd323d1820048891d262762a2db260319f20,CLEAR,"DARKNESS, LIGHTED ROAD",DRY,FAILING TO YIELD RIGHT-OF-WAY,2.0,27.0,2.0,2.0
1552e8740f0da50e656a3239a2162af8a26131e6aa13e6a996bd4799081b62c629425d17f2092d2c8b90aba65eb11a573df53ab807ac950f4ee20135962fc310,CLEAR,DUSK,DRY,FOLLOWING TOO CLOSELY,2.0,28.5,2.0,2.0
15532af4f0c3a2c3ebc722849d8eb3ae34b64f1ec99eb3a58555649b29a1459fd7f0f8de3188a648393e338b187868e23e1556470208c320c762547ccf20f8c3,CLEAR,DAYLIGHT,DRY,FOLLOWING TOO CLOSELY,2.0,29.0,3.0,3.0
155339d84a15bb0bd70900323abbae978bcb3850d53d89f80a3e4590e797a77648be677ec81f52f9cdabcc580faad576f2b5aa5834276f166a28472e6c4921a9,RAIN,DAYLIGHT,WET,FOLLOWING TOO CLOSELY,2.0,52.0,2.0,2.0
15537ffe0891d09e1a5e0b6d0ee9f10bad3a65399afbfd48d89f9d209b675f78b325722ea3cd3bab9d1900d313f33f2dac15ff381f7fa869b01aab9c9831eb2c,CLEAR,DAYLIGHT,DRY,IMPROPER OVERTAKING/PASSING,2.0,45.5,3.0,3.0
1553b2a72cb1296a7f3c8a28d9f4f06a7ec9ee17c8d7a65f02b23955ab93e0b9fad3f9cb812cc7f41aa7322e91680b3e3fa435784e7a5f10295e75107b76fb93,SNOW,DAYLIGHT,WET,WEATHER,1.0,36.0,2.0,2.0
1553b3c2b78aaad0a7a69c0713a028e058b2dc0aa2d016ee0b2b7667081d0138afa58f4c9d6d9c25c7743692fdee6cdc3987975222a8bead60eab248784f934e,CLEAR,DAYLIGHT,WET,IMPROPER OVERTAKING/PASSING,2.0,28.0,3.0,3.0
1553f8178ca6ac8dcf395574af5a73eb77335f71176a1006fb4240e419a3b209945c0701e681b310f43a3ca0e6f9f6064cac63cd3f0bd94fe107018eaaf02281,CLEAR,"DARKNESS, LIGHTED ROAD",DRY,IMPROPER LANE USAGE,2.0,30.0,2.0,2.0
15540a62c2c06c37e3f6be2fb9ed8b62feacdcfdb0cf198b436b728f577427d4c35ea2e90e3e9a8f88b1feead49afc9228dd2966dd134f9c8236c9c9fc006f7f,CLEAR,DAYLIGHT,WET,EXCEEDING SAFE SPEED FOR CONDITIONS,2.0,52.0,2.0,2.0
15540c1d92dd6efe861acc55de9af7b856cb678bc60111f2aeb0a9786a37ca2ea3c98c9fe493dde2ccce71e102ececdae1825ed409b90ab6965766b45e09958e,CLEAR,"DARKNESS, LIGHTED ROAD",DRY,FAILING TO YIELD RIGHT-OF-WAY,2.0,25.0,2.0,2.0
1554138d80d29db1ad704813b0bc5b5ea6721f4901681e8ed5d7bcd041b6d89fed57127276e2b7ad88051c924a2df8dd866bb433c6bfc2007548fd5df3b9fcd1,CLEAR,DAYLIGHT,DRY,FAILING TO YIELD RIGHT-OF-WAY,1.0,18.0,4.0,4.0
15543decdee61a876bd2e3d3b4f14b17e72bc88d2c35de9ba99c7c3d101c767767d5cb0a0823ea007a58fb868f64fc4beb3187942ae6281ea623475704cab97b,CLEAR,DAYLIGHT,DRY,FAILING TO YIELD RIGHT-OF-WAY,2.0,51.5,2.0,2.0
155459af3a204be7a7d105f4ecc4dc3d518da1454b7e6d8964ee1375466a85f0555a5e0d029ceb464e45bad64404af6f4afafbe16020c3cf2307c2e3fb0292e0,SNOW,"DARKNESS, LIGHTED ROAD",WET,DISREGARDING TRAFFIC SIGNALS,2.0,24.0,2.0,2.0
15545d21f75e5c33de215a1e616c3540c0f9c33365e15d743d26a5bd9d7d7de3bb19567ea3caba34d8b4c6e0068a2504fccebf51813a4561e9e75994118a251a,CLEAR,DAYLIGHT,DRY,IMPROPER TURNING/NO SIGNAL,2.0,37.5,1.0,1.0
1554a13d8f51a560d071e70c3fdbed8aa39cfd409f1209025d37ec5b0a82c5b21aa7938ce1c465533803cbf177c61b6e740ad216d8d24ff9bb097a646ba5dc21,CLOUDY/OVERCAST,DAYLIGHT,DRY,FOLLOWING TOO CLOSELY,2.0,68.0,3.0,3.0
1554b265e4ce0a91d141720f7cc6064f8ce4546e97b5497a6680ca42c683fa68033759585b99ed834bb19f74a6e5f520d9f31056b56da36979f791cb1991a270,RAIN,"DARKNESS, LIGHTED ROAD",WET,FOLLOWING TOO CLOSELY,2.0,43.5,2.0,2.0
1554b2d822808fca5f7a9711e08d85fd80a116131cc34cfd882b3d3b7a8e5221587cfa5bf12d3b7641616a2fb165768b97330cf2a10756860ecc7eddab99c967,CLEAR,DAYLIGHT,DRY,FOLLOWING TOO CLOSELY,2.0,53.5,2.0,2.0
1554b5680180f903aa9ce5c0e7521010c00f90987526e7d2951d13b8f6f128307157f59e07c12ae246e6ecb0973ed83c300e6a43b5a18d58be9a608a83897f5d,CLEAR,"DARKNESS, LIGHTED ROAD",DRY,IMPROPER TURNING/NO SIGNAL,2.0,50.5,3.0,3.0