crash_record_id,weather_condition,lighting_condition,roadway_surface_cond,prim_contributory_cause,total_vehicles,avg_driver_age,total_people,total_injured
15550a0e785eb8330af1f58e900bf243e58029da8f064598ff69216c56514f5111d1d4f6e5a5bce90f1382a4beadfb98c1adcae7606ff14e9c09210fdaff2dbf,CLEAR,DAYLIGHT,DRY,IMPROPER BACKING,2.0,42.0,3.0,3.0
155548f183a47ed92ffa9ea37f717e0b650d662556bce49c7c29a20df2f65551b9ca2d35c931dafd360d4d4cac7bdafabb675240f001a86eb4992c56e9301206,RAIN,DAWN,WET,FAILING TO REDUCE SPEED TO AVOID CRASH,2.0,28.0,2.0,2.0
1555841b8e86633cba58ae15417aac097323790e9a78c93711f7a126adf00824ae91ac90c8ac692e28762c226234387675a2fa619f5286347e4620f17f522e50,UNKNOWN,UNKNOWN,UNKNOWN,FAILING TO YIELD RIGHT-OF-WAY,2.0,31.0,2.0,2.0
155587805acc2f3aecd0dde0fc4562ac1a33638a8e6c2b9e6e66dc01c3b971077e9232e925b367a029d0211ed24f37aaab89cad4bc43477e5c491bd90707904c,CLEAR,DAYLIGHT,DRY,"OPERATING VEHICLE IN ERRATIC, RECKLESS, CARELESS, NEGLIGENT OR AGGRESSIVE MANNER",2.0,27.0,3.0,3.0
15559470ba121165eb6f7d6d6938a7a2091ab4aa3d9a84d725d854597e3a9d60b1a1f79dff2fd9b8b2af1b6f1fcf5454d33e6bcce981bb58085b62310a88027a,CLEAR,DAYLIGHT,DRY,FOLLOWING TOO CLOSELY,2.0,37.5,2.0,2.0
1555aa06244e1fc3917286939d9ba6a0f20448cd12e2940c309077fcd0bd6d13d60ca4115261c6e96aec4376f7ac9eb686978e153897d63350c1f2cf08d4c4fa,CLEAR,DAYLIGHT,DRY,DRIVING SKILLS/KNOWLEDGE/EXPERIENCE,2.0,33.5,2.0,2.0
1555b0ca713122371b3ecc8d042fa7f0406405b893c9544e6b020e412033a7e02a76b3f77c7ba10bd3aa130f3fac8739c3ed0913b6aad8a0e7be9da8df6defb5,BLOWING SNOW,DAWN,SNOW OR SLUSH,WEATHER,2.0,33.0,3.0,3.0
1555d05ff9a2fd964abfa5313ec61a7f5b36c6fc04c7fb25b8de748e76c89ec297c2ec126e11b6e39cba932cc673b88c36e97882b25a11fec3b707bf712fdfca,CLEAR,DAYLIGHT,UNKNOWN,FOLLOWING TOO CLOSELY,2.0,30.5,2.0,2.0
1555d5b54e90102e3565b32e2b13db8886da00d1e0735f3c0089c1482dc135d69525f18339fe59548d1dc1235130076405683148a753c1eaa8060833691ca021,CLEAR,DAYLIGHT,WET,IMPROPER LANE USAGE,2.0,61.5,3.0,3.0
15561f3770a8204e4f617d58a9e3c6847e99442cf64ea6d14b507edeb9797db9732199606f65cbaefcf365f2804c0f58633adf90db4c1be4160e975bfd30ac91,CLEAR,DAYLIGHT,DRY,IMPROPER OVERTAKING/PASSING,1.0,37.5,1.0,1.0
1556272d14cdb4974ca0111792a6239a1de15573ca74bd332cd3a7c81fefe53cfe53705e7349f7e04024fe86f28054e6f6989c92599a7a821ee540ee49bfef24,CLEAR,DAYLIGHT,DRY,FAILING TO YIELD RIGHT-OF-WAY,1.0,25.0,2.0,2.0
1556934e22d979a12e6b74d6fa7e1835c3970ca511c1f435f33322bc49e63f97f973492d24dfea65fe82207e7d803ab3191c475076fba64db9aef7893650626c,CLEAR,DAYLIGHT,DRY,FOLLOWING TOO CLOSELY,2.0,37.5,2.0,2.0
1556de06a1d72ecb1283c3542387e5952ac575193d391e379c3be47f836085805cc5517d56b8717adfcd4f1759721ae3bbf79c50f27526cfef034dea49a82e0a,CLEAR,DAYLIGHT,DRY,FOLLOWING TOO CLOSELY,2.0,51.0,4.0,4.0
155712d23e40555228cf7424c335edb71f5aa625d66648e8713926575abbcb54beb71914173c912d4fc062f9f5ca4f556356b306bdceda4b48eadda5e9134b9d,CLEAR,DAYLIGHT,DRY,DISREGARDING STOP SIGN,2.0,75.0,2.0,2.0
15572dfd8d2dd144b6c12515739ad8978d9e9ee3730c68a1fe1303333156228713c60ba87b0a5ffd11b8313bc64ecc41d9be4b0940a5d0580206e68895262102,CLEAR,DAYLIGHT,DRY,IMPROPER TURNING/NO SIGNAL,2.0,54.0,2.0,2.0
15572e0a69c8a6cbff777c7147fc08e77754d1b4057061c4771cae3d6a0b949dffe02a340c85f36a37488d37692194cde81d889a3e323306c4ad25bc23e2faad,CLEAR,DAYLIGHT,DRY,DRIVING SKILLS/KNOWLEDGE/EXPERIENCE,2.0,57.0,2.0,2.0
155732d7b54c2db46dd9bf426a0469a66313785a564c38e15e0f50d91c3265d163295414822d24a87195399b92b139c857c38966946fb0285d1abcba3927982d,CLEAR,DARKNESS,UNKNOWN,ROAD ENGINEERING/SURFACE/MARKING DEFECTS,1.0,37.5,1.0,1.0
15574211fde75de9fe0d9cbb8a9bc6a6731bdb047a697c7a13cedacb956492e07f88ce6e0e58b6cccf9a22fd44fd8bfd46ca7b1121d12b6c9983bd768415a592,CLEAR,"DARKNESS, LIGHTED ROAD",DRY,FAILING TO REDUCE SPEED TO AVOID CRASH,2.0,27.5,2.0,2.0
15577be9f76482ca53349a637978fe3a5cd4d1307a81e6d294a6adcfff996aa4d7dee31771d4b5f610c15c6bf8462724b731c01c22089716b33e2468cd5a637b,CLEAR,"DARKNESS, LIGHTED ROAD",DRY,FAILING TO REDUCE SPEED TO AVOID CRASH,2.0,26.0,6.0,6.0
15578c64e42f70dd147d2526d5af75d44ad1d709153f021e26fd8ec9446f7bf88fc269da36a62bb4b03139d1d0a82e36a1dcd0de04e3d084b641c2db1cd95f9a,CLEAR,DAYLIGHT,DRY,IMPROPER BACKING,2.0,37.5,1.0,1.0
1557aad1710e4cfe8e1dce1712f7092223f205b635d18bbae1e3852b019936389b05303e2c736183dceddc5ab43f8dcbc60cc62f13bd0ae2614a6d99db096c15,CLEAR,DAYLIGHT,DRY,FOLLOWING TOO CLOSELY,2.0,54.5,2.0,2.0
1557f5b68b30c9a3267f7488789fa986ef8f5dafceab659ba8a31eb9b6497352e8dfec512144c15489f7c053e9b36e5ed5b3cebc48a76c0510155cfea6ccd13e,CLEAR,DAYLIGHT,DRY,FOLLOWING TOO CLOSELY,2.0,29.0,2.0,2.0
1557f99ea952b0ef7a3e91081a573e916529ce47730d80c54fae3aeed9556eacc2f2bc4d4f6c702fb55925421eb30a135534f45b78c4d3c8e2541a183d8e9087,CLEAR,"DARKNESS, LIGHTED ROAD",DRY,FAILING TO YIELD RIGHT-OF-WAY,2.0,21.5,2.0,2.0
1558052c511f65177c910d80adcf81736bc387014af0ade5fab29371943ecc9cec348541fdf5bfdb04a6da46e4447f12717fd214e39a4b5de23ad3565ff6843b,RAIN,DAYLIGHT,WET,DISREGARDING STOP SIGN,2.0,34.5,2.0,2.0
1558113fbd400d3219dbe5192d97ca22ae6ff232e838f4588c9030b86d7d529090f41c9c8c25de7520f16b73ab7978b81a0beac54ae4b2c1cc85eb1205669f2b,RAIN,DAYLIGHT,WET,DRIVING SKILLS/KNOWLEDGE/EXPERIENCE,2.0,26.0,1.0,1.0
1558236beada2924ff825585f2a1d6a410ff44636c4754d618f387767f8a18d0642f48bfd9797afc12e8ce7a2db2b4d5267b7cdda106e7e1c6a580f6e0705b19,CLEAR,DARKNESS,DRY,FOLLOWING TOO CLOSELY,2.0,41.5,2.0,2.0
15587e22f7efd0c9923559703e2504be826816ae0726cc84b96c557cd0763f4ec0e02341ea185ce7d879204d9e15009f6eec49d7adf6fd5662e8c10fbc037972,CLEAR,DAYLIGHT,DRY,FAILING TO YIELD RIGHT-OF-WAY,2.0,36.5,2.0,2.0
1558e12b68a11318f00297076ff4e85140c3f67f3e1d7c87741e4361a3132d77f94bb4beda9f447d82a3fccc957f410485acd47c1e353e7e1f92a36922187556,CLEAR,DAYLIGHT,DRY,DRIVING SKILLS/KNOWLEDGE/EXPERIENCE,2.0,35.5,2.0,2.0
1558e8af87f4c4fa21be1687a2d077803c8c748404448fbaa1d3fb497c3a8026891467ec346ab42e57fb4a3fb9a1604a049ed6348421242a3d4ae6e172655bf4,CLEAR,"DARKNESS, LIGHTED ROAD",WET,IMPROPER TURNING/NO SIGNAL,4.0,22.5,2.0,2.0
15590a3c562f234d61a23c8235d3c0eb685473e20ed5243dead5bf9650216c3cb4bdfe62e54f225865f30d8dbc9b9a48f76adf942ac0ee3c4db575709603a8d8,CLEAR,DAYLIGHT,DRY,IMPROPER TURNING/NO SIGNAL,2.0,41.5,2.0,2.0
155912cee714939fafebdd63c7dc9d0d222a345e7b1b433a8e3ab65a150d652b2afc7388fba51ec478d543a798d51969bd7b5910e2c46a500bf2811ff6aff978,CLEAR,"DARKNESS, LIGHTED ROAD",DRY,FAILING TO YIELD RIGHT-OF-WAY,2.0,35.5,2.0,2.0
155923a7e7a3e84371cdc24ec8a30785fbeca53634fc802581a343e40fe9ad89a3e62dfd3e3138b613f51077be40c95d380f088f5e29668986e70fc7c304f007,CLEAR,DAYLIGHT,UNKNOWN,FAILING TO YIELD RIGHT-OF-WAY,2.0,41.0,2.0,2.0
1559bbb5c2dd9319d666b221fa97680238e1aeb320dc2ccad6eb03bea1b911dc0763d40098b89eedf2a4b3f55d5513d2078c71107654c730bef7786576471410,RAIN,DAYLIGHT,WET,FAILING TO YIELD RIGHT-OF-WAY,2.0,33.0,2.0,2.0
155a113bbb9835d85b9f4269b9112375911ecc0331a590a968c17832936957e50f0e10cbb909d98f03abc2f2cf91eca3157fe133a013a560e14b3b1da03a325e,SNOW,DAYLIGHT,WET,FAILING TO YIELD RIGHT-OF-WAY,2.0,47.5,2.0,2.0
155a21d216528f8f38ea6e9603452efdc9814baa9dcf917bb68b9b9b8392c0b859fc97d36bf7ac1c56ba63f6823f003b3f89fd6fd43cf510a06aff45a7935973,CLEAR,DAYLIGHT,DRY,FAILING TO YIELD RIGHT-OF-WAY,2.0,46.0,2.0,2.0
155a2a66ebf17dfcfc107f9ef8a9d9d602652eed0b477b71abf362a774c71e6b8b74f9a34a247ed606f6e95b0ceb73c4c6fe34ba944bf8eda2bd7dfe5f565464,CLEAR,UNKNOWN,DRY,DRIVING SKILLS/KNOWLEDGE/EXPERIENCE,3.0,22.0,1.0,1.0
155a3a52922e63f9e58066afece5dc7631c5ea8a3e46e3e812f531d24eeb51bb91229b904b65b2c344f9bfe5d6c067a63b0b227aa6f29b85bace62282c2a879f,CLEAR,"DARKNESS, LIGHTED ROAD",WET,IMPROPER OVERTAKING/PASSING,2.0,48.0,2.0,2.0
155a47327073ac2b655c40b2a1e9ebb236c1e227d2bb775088890d5afe2c2794fff16eebb4cefbd0a1747a2baed7ee033eede06da967b16c93c5a5d122e3d702,CLEAR,DAYLIGHT,DRY,FAILING TO YIELD RIGHT-OF-WAY,1.0,29.0,2.0,2.0
155a5c9b87ab3aa09901f39b9ff945ec2e16e66ff538c53bf1bacc8eeb99ddc2508dc604c8729af28a70337919eaea9c6fafc4d992f95526103b8ffb0fcbf182,CLEAR,DAYLIGHT,DRY,DRIVING SKILLS/KNOWLEDGE/EXPERIENCE,1.0,53.0,1.0,1.0
155ac6933552e9ebb2965ee243b89905d2f1b1e2d2437bdcb61e88688be20a3cbfb7b9de536a29aa0a7f24fcf24b5e8f5b2c903ca75fbf4bb2cb86c7f99cfe80,CLEAR,DAYLIGHT,DRY,FOLLOWING TOO CLOSELY,2.0,32.0,2.0,2.0
155ae35804c149b7baa782581b4c97325ca25f935845c87c3e4f62c4e276a125dfc30dc15c722354297895396d2ea81a9f0c14a34f60e29f6edc2029e3feaf72,CLEAR,DAYLIGHT,DRY,DRIVING SKILLS/KNOWLEDGE/EXPERIENCE,2.0,39.0,2.0,2.0
155af6ae6534ee82d5055e0cdc364955df0f581df9847a3fc7ac3278c1b423a7f9168034a057b7a4f8492135234c09a4544f00694c81016995c05d783b454ffb,CLEAR,DAYLIGHT,DRY,FOLLOWING TOO CLOSELY,2.0,53.0,2.0,2.0
155b1a3a1d33e1f5f659ed0dacdc2213ec7528443c755aa844c278422f88581124c48198a5dd9e5e64f14ffe591fd58ff5c3d5ad9c09d499bc121fcad968c433,CLEAR,DAYLIGHT,DRY,FAILING TO REDUCE SPEED TO AVOID CRASH,1.0,23.5,2.0,2.0
155b24feabc9b066c7a5ebb0c913306b13d11cabb34b40fbf47315d96bd4510160e7c6674c50847a27c1cbcf38001d2fa018c4e4269af323fcbc153b099e530d,CLEAR,DAYLIGHT,DRY,DRIVING SKILLS/KNOWLEDGE/EXPERIENCE,2.0,37.5,2.0,2.0
155b4af663a7e9e6796c18b36d4752a6191fd3969e7ba54def994be80de396fcfa659da92bde93fd54a8b22ec5b6ad579b66167ea622c41cacffdbbe4bc6041a,CLEAR,DAYLIGHT,DRY,FOLLOWING TOO CLOSELY,1.0,31.0,3.0,3.0
155b51c5334fb782857a26334948dd4dae0c9b012d1c1de244354d826e1c670f25ac5dedb1e87b907e2e7dd015ef9ca20131399b61ed1d3d8eb60aa3e86d8817,CLEAR,DAYLIGHT,DRY,DISTRACTION - FROM INSIDE VEHICLE,2.0,37.0,2.0,2.0
155b55dd6a03460524c50d1de9ecc53ffca1900ad013d07528bd8d1ff5a4fd720c9104224beb34cd8bce766b0c78adb9b2c553647798765b927d7ab7ff3f1797,CLEAR,"DARKNESS, LIGHTED ROAD",DRY,IMPROPER TURNING/NO SIGNAL,2.0,27.0,2.0,2.0
155b56b59abdf34ba0a58ee34b3bd8eae040281d847ae5229babbcd891f75f3edcb8abcc4558674f631a9b197b3fc10f31999dc01801edfd5f974ea85cff4d0d,CLEAR,"DARKNESS, LIGHTED ROAD",DRY,FAILING TO REDUCE SPEED TO AVOID CRASH,2.0,38.0,5.0,5.0
155b57e261e2d8e40734e1c7c06522b46fd098df4e8c5da7385372259f871340798ab90bb99038e2b19c2c8e606c4643650ae012e1f60173912952b7511b12c7,CLEAR,DAYLIGHT,DRY,IMPROPER OVERTAKING/PASSING,2.0,23.0,2.0,2.0
155b5d0767b403fbb56684e60839dab409eae16daa664698554d6751bd3cbb7815c98e4f5604cad1ee42221db49e3a5ec952a0c28a850fabba174efa2f5c6209,CLEAR,DAYLIGHT,DRY,FOLLOWING TOO CLOSELY,2.0,40.5,2.0,2.0
155b72e18c7284c2802b69d3788c241c8f6cff928ab2963f9590e37d58edac1041ec6f20225377f42bd9dcc1ca91270f2daefa9baaa473422302211ea691adb5,CLEAR,DAYLIGHT,DRY,FAILING TO YIELD RIGHT-OF-WAY,1.0,51.5,2.0,2.0
155b80fd56bb885de0d76d0b0ce7faebf66cb2055987962a1e3df6d87d9c5e12eaede170f4d5c4038bd5413c2b538150bb6ba4c84fc341d70e6f0f7109a27d3b,CLEAR,"DARKNESS, LIGHTED ROAD",DRY,FAILING TO REDUCE SPEED TO AVOID CRASH,2.0,15.5,2.0,2.0
155bb43410ec8fbf9a86533da4f7f897a07e2474d6759be1448d6bc2551d62fc8d99d5c7923d936636b79205c3874bf3e1d572270f36dc3eeba968c6f2ad8c8d,CLEAR,DAYLIGHT,DRY,FOLLOWING TOO CLOSELY,2.0,59.0,2.0,2.0
155bc5f28a113d6bbef1851c234d91b802df8b5a8be2f830322cde255278ae1aa5cbb97bab07244daba844781813b63bb4058a8aa74fdaad9b78b52a4868909b,CLEAR,"DARKNESS, LIGHTED ROAD",DRY,DISREGARDING TRAFFIC SIGNALS,2.0,22.0,3.0,3.0
155c0ca2a656f738c09f01e7f64d5ef396d0ec00459860981a7c8791706491f9f6e66e0f6b38f8887b54804d0fb72d38f02485497adae6ecfee71b5337710109,CLEAR,DAYLIGHT,DRY,FAILING TO YIELD RIGHT-OF-WAY,2.0,39.5,3.0,3.0
155c154d572672d7d865b2ca471839b20494d6ee6c75b42e1e8d12c22b314d5f3e6bf30cd88d94f62e4bb23948da8f0dad64fdb74a81e4122c3bd83c169e79ea,CLEAR,DAYLIGHT,DRY,FAILING TO YIELD RIGHT-OF-WAY,2.0,43.0,2.0,2.0
155c1a3cc8558a9e04d333876b4b029432d68360f45fe2dc84e211459c038a15b6b9184e5c41bcab0d03ff4e0eed0b8074722fc7254aaa79fe299934d4dcf13c,CLOUDY/OVERCAST,DAYLIGHT,WET,FOLLOWING TOO CLOSELY,2.0,45.0,2.0,2.0
155c2724eeb6378b6ffd5d313d97b9f8e4269f19240fcbbd6a4fed9654f16ce8870a9e7ab431bc6d65ef619c65d8ddd8fea0ed9191d75c3534201161dcd6845e,CLEAR,DAYLIGHT,DRY,FAILING TO YIELD RIGHT-OF-WAY,2.0,43.0,2.0,2.0
155c4ea2f900795f946ec6e80649fa8c4ad0758d6e45d0cf140e1c6a9e5351409829676b37dcd4a92cda518e4237001ac26e8df42b127e9c2a80fdff6a39f5ac,SNOW,DAYLIGHT,WET,WEATHER,2.0,33.5,3.0,3.0
155c527e10dd78cee64b9c6729dface3b518f75d0236cd7a528924dabd4b8de0f9910119ec35e272deda68d6f6826af03b57204aed79ef8af89b812a6e52d324,CLEAR,"DARKNESS, LIGHTED ROAD",DRY,UNDER THE INFLUENCE OF ALCOHOL/DRUGS (USE WHEN ARREST IS EFFECTED),2.0,34.5,2.0,2.0
155c9cc9d207108bc6e4b545d53f1ae819962b50e286b5e2fb849ce13b05efcec1637e972aba747fc7bd9a6b937ee85c5acde691d26e1b21c84895326f669357,CLOUDY/OVERCAST,DAYLIGHT,DRY,FOLLOWING TOO CLOSELY,2.0,53.5,2.0,2.0
155cc85bcf4703205a8dd9da5bcf19dc0d301d96a3d97a242483fa6f67abf21385b2eefd8f598da81403d18ce9a80e489c0ffddbe2ff6556ab127e8f811d41d6,CLEAR,DAYLIGHT,DRY,DRIVING SKILLS/KNOWLEDGE/EXPERIENCE,2.0,44.0,3.0,3.0
155cc9a4916d571f22c0c82acdfc4fe919302b15315bf89025121341358c57e8d3439ddc7048634a5665380a030135876f05c5027e40dcb09f5fa80cb9d0e313,CLEAR,DAYLIGHT,DRY,FOLLOWING TOO CLOSELY,2.0,41.5,2.0,2.0
155cd0e888a3584497a0d66608a6d13686e936604936911dfb3174a9fb57339e7366a57099d9f1162da5fa188337d9785e6ec94f8205dde839f979c4b69b91a6,RAIN,DAYLIGHT,WET,IMPROPER LANE USAGE,2.0,34.0,2.0,2.0
155d2aaaa2d79f022c6bfec7463a8823818581c695342b2e2ef9827ea4f973ebd7406dd3e7b09766a00e2ee9fd30c6030aca94d48ad2604934c83b7c4a419dde,CLEAR,DAYLIGHT,DRY,DISTRACTION - FROM INSIDE VEHICLE,1.0,85.0,1.0,1.0
155d2d9fe7f2d8166e23f271460c6937b7f512ffbf80a78836e3df240712967e6f16a6b3544487dd952f16fb40a2125e7b8ff3452daeea337659dc0b3642e883,CLEAR,DAWN,DRY,DRIVING ON WRONG SIDE/WRONG WAY,3.0,37.5,1.0,1.0
155d4a7a33971caa3b69431318754ac7f6510e9edf1b0ecde3ab1f62c6775173f50da6d5b9e5edddabca7ad089fd660985d5f865e29735ba9ea594164024e390,CLEAR,DAYLIGHT,DRY,FAILING TO YIELD RIGHT-OF-WAY,2.0,64.0,2.0,2.0
155d7aa875f36372f1c795d0ab709f528b5732269eafbc5c21a25e35a1de4c2d5387d6c06bb3e7645a629c44236a05564e5078e6c17ff2b54574576326c594e6,RAIN,"DARKNESS, LIGHTED ROAD",WET,FAILING TO YIELD RIGHT-OF-WAY,2.0,39.5,2.0,2.0
155d89282ac857bc6232734ae362e1a0f22f55ff483e1f60f303a36b5d6d66c51fe503c9b6204dbeca297677b4c5c836ca378ab21164d6eb63d750582fa757bc,CLEAR,DAYLIGHT,DRY,"OPERATING VEHICLE IN ERRATIC, RECKLESS, CARELESS, NEGLIGENT OR AGGRESSIVE MANNER",6.0,34.714285714285715,8.0,8.0
155da9b7e69a033b2f593b9c366627bc58990f7a8f5a4b4cfe852f22a58a3156ec8fbe6c7bfee0ef0fa248d9384c37a9b7b682b1052eceb8858a66499bc8bf5a,CLEAR,DAYLIGHT,DRY,FAILING TO YIELD RIGHT-OF-WAY,2.0,39.5,4.0,4.0
155db3ccf0307dcbf734442c1725e9d0334b797225d19287cc397f473be66653f60b47f3afebbc0dd0b410ac33d082aac9e780fe6fdff72e99576f0e583bff36,CLEAR,DAYLIGHT,DRY,"VISION OBSCURED (SIGNS, TREE LIMBS, BUILDINGS, ETC.)",2.0,28.0,2.0,2.0
155de254b8fac89744a38112c9b959d27b507ebfe0d87fc479317e50a3e8f598dc76d83b843146b40fb7bcbde9013cfd4e6cb4410f2ab0f7ed2f32b5e0ec492a,UNKNOWN,UNKNOWN,WET,WEATHER,1.0,34.0,2.0,2.0
155ded5c9be83f8a0fd256a12c5278c4901067115ce5570bc1f2fe94c60e4bb727dec686744023567a53a0af07db88034796c57be163ad17859c36c8daac195c,CLEAR,DAYLIGHT,DRY,FOLLOWING TOO CLOSELY,2.0,32.0,3.0,3.0
155e0f147d1c41138edcc63b0670e00d78adf1b221467725d28716bfd810ba81b77db43fb42c6c6ea36e27f0736e6d938dc2b627d5757aa17ec9c00a12164457,CLEAR,DAYLIGHT,SNOW OR SLUSH,FAILING TO YIELD RIGHT-OF-WAY,2.0,52.0,2.0,2.0
155e1f1aed74254b579b0350b4f9fffca8ba3d88f8f959413a3e130932c06a18c0622e1b326cded3c66c45c41e54841b6d449d9a11b0feedd249a34869c16a2d,CLEAR,DAYLIGHT,DRY,FAILING TO YIELD RIGHT-OF-WAY,2.0,46.0,2.0,2.0
155e3067bf4663e6579f28d6eacc7fbd11b37f1448e479daf11603d8e1529d2c5b9299eea8b5b3ba6e06fd62ed2afbd607cc9220a45004ba0de41e52aff04d46,CLEAR,DAYLIGHT,DRY,FOLLOWING TOO CLOSELY,2.0,55.0,2.0,2.0
155e32eb7945798fda788b195f2cca556a4e9cfca18fceccadcca271130897b9018f610ceac724eebbc9186c0b7360be63d09264d5e6ceb0f21b932498478233,CLOUDY/OVERCAST,DAYLIGHT,DRY,IMPROPER TURNING/NO SIGNAL,2.0,19.0,3.0,3.0
155e68eb450a7c7a0bbf28688a8e8ccf27e2819f4dcb126544f7dd7de1dbc84951dbb8805faf2c9e438d4e059e7d629aad437c6f10290cc0a41dd0d1e210b29b,CLEAR,DAYLIGHT,DRY,FAILING TO REDUCE SPEED TO AVOID CRASH,2.0,52.0,2.0,2.0
155e8a4c9e4d5ea7c88f0e0b13b270c3d49df6b347d18342762d62e16b5da8cf51b06e73c92ba94f883410270a2e2c743f011f29ff38059485b7281582595a61,CLEAR,DAYLIGHT,DRY,FAILING TO YIELD RIGHT-OF-WAY,2.0,44.0,2.0,2.0
155ea883859d8072e83cf1418a537b60a99e25d44230cf3253bcea881df07a21289c5b1879ab95c1b504738b04673ef7914f8dbaa63b12f0cee95ac2d8c32996,CLEAR,DAYLIGHT,DRY,FAILING TO YIELD RIGHT-OF-WAY,2.0,56.5,2.0,2.0
155eb01da9c9d4e7319ed5bf8ff357daef4d1abfc37869102fee2fbced57f77c85c31929ab2528d6449c7ad6ed3fd6de7759af30d18fcde50a2737f1de3b3b03,CLEAR,DUSK,DRY,FOLLOWING TOO CLOSELY,2.0,30.0,3.0,3.0
155ee73da77c2b87e85262091d95a02d4c0d565e38fe81b5d6eafd275b6e91776b07f4e38ea6ea49cf7e170541ca96591480a8eff0590ee62d33a1d3bea755e8,CLEAR,DAYLIGHT,DRY,IMPROPER OVERTAKING/PASSING,2.0,39.5,2.0,2.0
155eec57d33241dec2db89622af2adeb1f6998ad742479aa96bdec2a61faaf8f1ec1683c6745df9b16fc3a9a740c9b0e7212892ef646a3e3127cacf6084d905d,CLEAR,DAYLIGHT,DRY,FOLLOWING TOO CLOSELY,2.0,42.5,2.0,2.0
155f026312e74ad0df776cc691359c5cba3dbfa40f718758571630a2526317d7337576296c5bd3f997abbcbaa9697325e9032472e6b6821841235231b9933323,CLEAR,DAYLIGHT,DRY,IMPROPER LANE USAGE,2.0,53.0,2.0,2.0
155f1af91d6915ff67547d809d44f3517a378d058c864ad4c4b179f86c6463ca6fb9ef3a8b6560b6c81bfee5a7d69aa7129c746ad2034d4bba7a7f897712cca5,UNKNOWN,DUSK,UNKNOWN,IMPROPER OVERTAKING/PASSING,2.0,47.0,2.0,2.0
155f56870f3ef1eaf0dcfbd2b88f5ac8a8691b64a5464d1c3c0238d5a445311bb09ba9e258520dd72f50d416dda5cca1db75778c5bcd1c28050b9cae1ed2ec08,CLEAR,"DARKNESS, LIGHTED ROAD",DRY,FAILING TO REDUCE SPEED TO AVOID CRASH,2.0,34.0,3.0,3.0
155f8e6001f50e0248577e6674381aed42fd73480c0a0978c9a038c7f1553e8a10a6548fa91bc447bbb4c8696bde8dbf46c47da814471ee1b4d354d2a84607be,CLEAR,DAYLIGHT,DRY,IMPROPER LANE USAGE,2.0,37.5,2.0,2.0
155f9637457c86c726f91ece3b95e008688da408dfb8b37cd2912dcf6d48b9aa79e021ca31d975ac4ccfc0cca2eb38ab4d60c5a60776ce017e61eb283b7eea56,CLEAR,"DARKNESS, LIGHTED ROAD",DRY,FAILING TO YIELD RIGHT-OF-WAY,2.0,26.0,4.0,4.0
155fb0c139c7f4cace4b50ce4052d7564d55fccceae1ee55c892310009aabd61eea9d7e22db5e3a6435140c62102a60937a4225f4e80b9fc9986fa81e1993d7e,CLEAR,DAYLIGHT,DRY,DISREGARDING TRAFFIC SIGNALS,2.0,47.666666666666664,3.0,3.0
155fbd7b1b194fa5c3b7e48c2246cdedde68f074839aeeadd1e09fc0feb758776878df6f845573ba46cd88e51961981bc2fb6bc3211805eb658ca4cb4d66068a,CLEAR,DAYLIGHT,DRY,DRIVING SKILLS/KNOWLEDGE/EXPERIENCE,2.0,37.5,1.0,1.0
155ff82d0d69ca2fa8f1b671f7048976aaebf29bf77665f5eb543fcaf4b3210c4471524575171d685ebc2411a5286c12eab73931c193bd6b610a48c8d9b8a222,CLEAR,DAYLIGHT,DRY,DRIVING SKILLS/KNOWLEDGE/EXPERIENCE,2.0,61.0,2.0,2.0
155ffdf9c503f32630330438ad4d6e8a40d66149da73826d2e2b32b70c6866d359155c0091cf54d303e3e32f1364cde19fb01250a1034d6228988fdbfc050648,CLEAR,DAYLIGHT,UNKNOWN,DISREGARDING TRAFFIC SIGNALS,2.0,79.0,2.0,2.0
15601c26d0ac814630607d87c1b86dbe37099af2f066491f2d825fe5eba27b8fd7263fb22a5e80075f698fa49021c618f1683e6472e1aaae300c28b8bbffecea,CLEAR,"DARKNESS, LIGHTED ROAD",DRY,"VISION OBSCURED (SIGNS, TREE LIMBS, BUILDINGS, ETC.)",2.0,29.0,3.0,3.0
15602f5713e6752715c9704a1f2c7dab896093a799a7effd15f3d0f070908c2a33658049cbeb9585c1f9913bd89e33ff18cb7e73a015296ce5d2d3486bb9272a,CLOUDY/OVERCAST,DAYLIGHT,DRY,FAILING TO YIELD RIGHT-OF-WAY,2.0,31.5,3.0,3.0
156083c66171082138fa313deb93200c40a8291c96a2a8d7ff9840d5fc809b4747b7a448b7c01a27d203e3fa45ea50d7f79ede164634b78662ce4243de9a7015,CLEAR,DAYLIGHT,DRY,IMPROPER OVERTAKING/PASSING,2.0,37.5,2.0,2.0
15608e6f4580b417fee44afa9404e756e029dccc5312f3941c1cc1febc3903244478fef03e400e231b674cc841b1223f305f8be762bf9e110c2e2e7edbde2090,CLEAR,DAYLIGHT,DRY,DRIVING SKILLS/KNOWLEDGE/EXPERIENCE,2.0,41.5,2.0,2.0
1560a091eceefc098d404d2ccfc5fa58581d16b48ab22e6c96b9291ed446243dd2b0ffaa37d36b1377801143f10143ef225e32d22de2e31b3d4710622ebae04a,CLEAR,"DARKNESS, LIGHTED ROAD",DRY,EQUIPMENT - VEHICLE CONDITION,1.0,36.0,1.0,1.0