crash_record_id,weather_condition,lighting_condition,roadway_surface_cond,prim_contributory_cause,total_vehicles,avg_driver_age,total_people,total_injured
1560ab79eae8bfe6ff19e3164813de7818dc45fb0640cb23807e4d7fd1b71b5e74df8f8efc9a5cbe994404e06efa9c9923044ad9acea71a9e388759a21ec2aad,CLEAR,"DARKNESS, LIGHTED ROAD",DRY,FAILING TO REDUCE SPEED TO AVOID CRASH,1.0,30.0,1.0,1.0
1560b7deb8e27ad258f47b09cb1ff7ec6c6b28612832e564e6aff6f3c3280167cfb11acb38337de9388a60f803b1eac615d8f28a105fdb5b8aa1465ffbb40609,CLEAR,DAYLIGHT,DRY,IMPROPER LANE USAGE,2.0,31.0,2.0,2.0
1560be1904c7ad64d8125fa5c5bd75129a67425b1b87f40362bba99321b1930fead4966d5435a1d8873e8689e36ea4cad2ac0d307a3b6d0fd3b35b3ddd109bde,CLEAR,DAYLIGHT,DRY,FAILING TO YIELD RIGHT-OF-WAY,2.0,31.0,2.0,2.0
1560c77026cbe4ae02cc5bdea3ac8a77ab23b2b72bae18b0a35e6e75362d869be0c0013687a5ea8607341961b455958c4707f57e058aa216d95a67ff968f6e25,CLEAR,UNKNOWN,DRY,FAILING TO REDUCE SPEED TO AVOID CRASH,2.0,28.0,3.0,3.0
1560d1c6ea0fff6bd2423be0196a84cbbfc963a7e12f19c246989dec6ed68eac1c50b927b12159c0de927301ed79219f8617bd54d1ef940c6e360862931d70f0,UNKNOWN,"DARKNESS, LIGHTED ROAD",UNKNOWN,IMPROPER BACKING,2.0,37.5,2.0,2.0
1560f17bd315b91806e7768f812b43c8f60bc10e0c36df2af0b9cfca0877f18384f82792cfec7fe9032a6efb9ea4148f5a3724f41ab8ccfc8b18b3501f4da9e2,CLOUDY/OVERCAST,DAYLIGHT,DRY,IMPROPER LANE USAGE,2.0,67.0,2.0,2.0
1560f2f752cb7d5f769eceaa15bce194882dd5d266b1f697b27bf1c8be5ee6de0134912a3cfffc858568aeb0778d3c5384f7630e88e11c9c33fc76cc59117ce8,CLEAR,DAYLIGHT,DRY,FOLLOWING TOO CLOSELY,4.0,21.666666666666668,7.0,7.0
1560f4588a90ca2ca8f76eb96abba95aef6f035c48bb4d0359a6e889c9f638f9be43605b4b13214e03a846b1156f5280448a27faca5c76e8cc4bd1e16e82672d,CLEAR,DAYLIGHT,DRY,EXCEEDING SAFE SPEED FOR CONDITIONS,2.0,37.5,1.0,1.0
15610224463e97b4ad28fc520fac51c53221832eb441f48591df38698e2d0c6ec8a0c64fdd9b0381d45441d7dac4dd1682a5b214ce85ff989ab06e48bda3a65e,CLEAR,DAYLIGHT,DRY,IMPROPER TURNING/NO SIGNAL,2.0,43.5,4.0,4.0
15610b853595b5df4039e25c8aaa930c35122b04b120792907f39c6b39d954a754ffd48d1ba0f1fbf6ea4593c1053fe7f3e56b3400096ce54527931f1be1b0c5,CLEAR,DAYLIGHT,DRY,FOLLOWING TOO CLOSELY,3.0,48.666666666666664,3.0,3.0
15610fe6765b71683ee3ee62248d82addc7d8ed908c11562d963ab800cca501cae3ea4aca552e4140a6aba8e2d5b0e1ddcb10b24b3edc5a45eb56aa98f7a2a74,CLEAR,DAWN,DRY,FAILING TO YIELD RIGHT-OF-WAY,2.0,36.0,2.0,2.0
156125e5045a876fd06336ce3d162cb9f097efc59978cea2cddcfb10a6259883108e671a5e420e17a9bad49bcde7100de120d2db15845b07685b3d3a71a1c1cf,CLEAR,DAYLIGHT,DRY,IMPROPER TURNING/NO SIGNAL,2.0,45.5,3.0,3.0
156149500b77d8728283833bb1fcc0740e0dc63e8f7c648758becbaf304f3223d7a9854c7f85d6bb1bb9aa61cf38dc33fd52cfe0afceeb461bbc7de280b989d3,CLEAR,DAYLIGHT,DRY,DISTRACTION - FROM INSIDE VEHICLE,4.0,34.75,6.0,6.0
156186436003db715109a5b757ba4640c4e717159f17b89c22708a645d9744089496c488585cd4a92cc4afe549eb8e1944ee85ba744909f61cfd1f0020776978,CLOUDY/OVERCAST,DAYLIGHT,DRY,FOLLOWING TOO CLOSELY,2.0,26.0,2.0,2.0
15619c75d48317759284c87e8e7c5773835ae3c970ee3fe9e71c673b928b20e710dd671d5ef02f29e2aff3e6b43881e1ecae15294a4cb35c37cd2f68b6291853,CLEAR,DAYLIGHT,DRY,IMPROPER LANE USAGE,3.0,43.0,4.0,3.0
1561b0bf9c1bd7f4127b1a17c96ef11fb784ef1397615ca28de983999dc3559fd18fc196336c4f1b9113746eaa2f8fec20dbb073219366ef02f2de8c3adc29c1,RAIN,"DARKNESS, LIGHTED ROAD",WET,FAILING TO YIELD RIGHT-OF-WAY,2.0,69.0,2.0,2.0
15620254ed590cd6e9bfa9e7bc388a4dca2a7dd950d64db5e7259e2a2a6459194cfe313fd87d27b1419a0f347fe84756edd6216145c6342970485f0c87a61f75,CLEAR,DAYLIGHT,DRY,FOLLOWING TOO CLOSELY,2.0,44.5,2.0,2.0
15620fd606230d952a80fbb6cb89640c3fea1bf7881af86b890110d05d4d48c6549b5bfc4cab80f6f21aa29fe2f5c2f208b4685b33af541d5d748151ef797c51,CLEAR,DAYLIGHT,DRY,IMPROPER TURNING/NO SIGNAL,2.0,29.5,4.0,4.0
15622ec1913f7279984879d49750fe03dbc33e75339dee3e760d920da9f7e53de7f7965abae886b9843bcbf43c6edaa9021bdb30d2f8eebd5ecd0ce396f24b74,RAIN,DAYLIGHT,WET,FOLLOWING TOO CLOSELY,2.0,26.5,2.0,2.0
1562a21b6b00e2d973024cf88c5139fe922c891c14024feb7ac8761702cce423293ad656bbd69d97452f569e2b4880841a608970d1f026855015c26f289a3693,CLEAR,"DARKNESS, LIGHTED ROAD",DRY,EXCEEDING AUTHORIZED SPEED LIMIT,2.0,28.0,2.0,2.0
1562bcd040486503fa91147f2d8f1256961fb23176e1ce6603a3ac2ba42422f27ec524c772aaaeeb90de4f229f209c29f3eaaafcff08848deef0a652a4d7c65f,CLEAR,DAYLIGHT,DRY,IMPROPER BACKING,2.0,30.0,2.0,2.0
1562bdd352eafc58670b4c2d543c6a2c9031f61dfe1fc505f67093e166fc724f0b6bb09746866ee932187d0232f13fd542345ed76a1cb47b9bc7e5c3e3088b3c,CLEAR,"DARKNESS, LIGHTED ROAD",DRY,FOLLOWING TOO CLOSELY,2.0,61.0,2.0,2.0
1562c8e6c7d999d7758c05761a796c4e070e2984a8cca6173533213925c72771e1e5b2c89dd6383c419bdfbfdedd3a24e0c1bc001cf4afc92110c2ca398597f5,CLEAR,DAYLIGHT,DRY,DISREGARDING STOP SIGN,2.0,35.5,2.0,2.0
1562f1127278dcfb74fbd384d4a3ad6ab3a1648c0d643784cb62127c8d097232909c1758783ff94bcbb35585772d653bd18f2f17b041863b8bb21652b4fbd938,CLOUDY/OVERCAST,DAYLIGHT,WET,FAILING TO YIELD RIGHT-OF-WAY,2.0,35.8,5.0,5.0
1562ff6be85633e7e4e12514180f1084d4b8b0adb482f43df83db41e0da3e486bf223b68df6178a299bf74b4fce66c1c75aa0366c9176757202f72a9370ae33c,CLEAR,DAYLIGHT,UNKNOWN,FAILING TO YIELD RIGHT-OF-WAY,2.0,37.333333333333336,3.0,3.0
15633e834cb4ac0510e94081d68bf7db19e3f112fe6b7b58101e67469defdc521a217c41e46fd15ecb20d5aa1441a6b9d70134633395550af2480e35fb060aec,CLEAR,DAYLIGHT,DRY,FOLLOWING TOO CLOSELY,2.0,33.5,2.0,2.0
1563442399928694680634e8bbfe3200de7e513c4cf83815d7da0bf64fe9f02d0802da7df38482d00f5ef6ff01b6305885fd4d849c9e017195f2cb7c528b1e26,CLEAR,DAYLIGHT,DRY,FOLLOWING TOO CLOSELY,3.0,40.666666666666664,4.0,4.0
15639ae90bb4a3151a080347488e9bf456a62014c501a1adf48a2df265de38f50d748a579f96ff4d396079932d9cadbebbf248f80be74f52d9cd08189ee28532,CLEAR,"DARKNESS, LIGHTED ROAD",DRY,PHYSICAL CONDITION OF DRIVER,1.0,24.0,1.0,1.0
15639d3a55caa7f9c440cc5c8bec3b191dca3ff38919a6f90ab508c204566fba5293566fe04af685ecbc0d90fe531c70b1b14a0fa6e13df60bfa90f3aa8e8c40,CLEAR,DAYLIGHT,DRY,IMPROPER OVERTAKING/PASSING,2.0,25.0,1.0,1.0
1563a1c7ebadd2bec5ab9e2e57d336e1b9ab1d455ea3cec2f3da4ca69b1a738bd9b5b4fe1be083797b097c4edc2106033caff8a3c247b6ac4fc9caa918bcc529,CLEAR,DAYLIGHT,DRY,IMPROPER TURNING/NO SIGNAL,2.0,38.0,2.0,2.0
1563e877b9e0f60ffe9b67be531e141fb3635bb34f9a76d0b0ca92d94edf22a61e8fae6d9e3f32b9b5b1fcecc358a22a0c97113b0dc37ece0850f10ace77b32c,CLEAR,DAYLIGHT,DRY,FAILING TO REDUCE SPEED TO AVOID CRASH,4.0,54.5,4.0,4.0
15640cfa20647d6580486864856c2d12a921e1a73b719a105785e8f7c7c0431ef0eee05a96ab151bafc1b2a60481cf9e1978d47bcf9457846bdce0b7a233a036,CLEAR,DAYLIGHT,UNKNOWN,FAILING TO REDUCE SPEED TO AVOID CRASH,2.0,31.5,4.0,4.0
15641a999d9bd4a32367fe8ffdc923b354ee6e1c75f21005005033bd8645aa09bc21edb68c6e157260e2768b4e9c1d27fc0238344fe46e834f961476ec3b3d5f,UNKNOWN,UNKNOWN,UNKNOWN,IMPROPER BACKING,2.0,37.5,1.0,1.0
1564508644520c89392906ff5c0112fa9fe0fb4a6f1b84492a89daa1eef93d787c8e188753ec834776eba72c7ab65bbc4e3d1e1c7bcbbf4dea2c12b674eac32f,CLEAR,DAYLIGHT,DRY,IMPROPER BACKING,2.0,53.0,2.0,2.0
15646cfd0b38fe26c4327c06f260b7f299a7c7f104a1caa16b0991a3f166d8711eedbc8cbaafa6a797fea94eee00625732a1a8358c7d63a373e1f23ac6b04050,CLEAR,DAYLIGHT,DRY,FAILING TO YIELD RIGHT-OF-WAY,2.0,39.5,2.0,2.0
15647ab9bcead72153d642f8e39b1b128ab4bd83bad7275fb67cf10060221a6965f4706b8e0da89210188d9b2c668c9c40c5640c9219f35eb67d773959ae7615,CLEAR,DAYLIGHT,DRY,FAILING TO YIELD RIGHT-OF-WAY,3.0,34.5,2.0,2.0
1564bcb76519beb2f5a21eb917775899b050f0a59d3f9672aac45ff8c2f2f4574d05eed7cb67e55be7dca3b02c6a492f1399eb96b0eb7839289aba2879ad92f6,CLEAR,DAYLIGHT,DRY,DISREGARDING TRAFFIC SIGNALS,1.0,54.0,2.0,2.0
1564ed5904b11ce339dab496f69bfd5c0957057fe0d1e28a73fc829dcbebf278df2c579cfc2459b43af8f457c532e357527ff9ef5331e9535a607091d32896d5,CLEAR,DAYLIGHT,DRY,IMPROPER TURNING/NO SIGNAL,2.0,70.0,1.0,1.0
1564f37c8e2925853e9f7e9b85f9e430a952835df131526b838fb9f70ea501402435ff36e8b184e4e1f6d633d8b1cd5adc9a2fa68a4ed6ad5754d2c1674bd85a,CLEAR,DAYLIGHT,DRY,IMPROPER LANE USAGE,3.0,57.0,3.0,3.0
156504697e70ccf008d79e65a41a441bacca876cd71e10b6710caa677debacb206bbc02ea528385d2849a5bd808da6d8d468f69a04f5bbd5da24e50fb2570962,CLEAR,DAYLIGHT,DRY,FAILING TO YIELD RIGHT-OF-WAY,2.0,56.5,2.0,2.0
15653b574391486fd71faec0e393058011384aec2980b4be91333a680716808e702528da2393f6431239a6e42d3fa0022a7c77ad579e311e6cba2d581fc5b9b8,CLEAR,DAYLIGHT,DRY,DRIVING SKILLS/KNOWLEDGE/EXPERIENCE,1.0,47.0,1.0,1.0
15654e4bcae57dedd850bfac8c51203f5a1e840b246ecc7196d0488369dd094645d80bdd5a2d1a3166051a9f9f3989ea7caf433687119308dc87656422245907,RAIN,DAYLIGHT,WET,FOLLOWING TOO CLOSELY,2.0,47.0,3.0,3.0
15654f8b55a1ec9c93935f869f610e7e2f0a627f3a181e843034f5c3611c19554a49230f536d4742eebe013c5c5d0c34b9627c07a96b7bc362644022fc2ab579,UNKNOWN,DAYLIGHT,UNKNOWN,FOLLOWING TOO CLOSELY,2.0,37.5,1.0,1.0
15656775ab166e0ff1782484d9b20b9a22509d93e8e694f5b8b692f549586d431e67ba6a5a5b6f987627ff7ca172a1e92598d0ed0f710634d869f79c5228df11,CLEAR,DAYLIGHT,DRY,DISREGARDING STOP SIGN,2.0,40.5,4.0,4.0
1565bb48bd10cfb410e17c7d4a722ccb5bbf4ad704b85141eacc3a5a64c60d770713bdb89d9526a299fd535174e2bfa16f8e126d81f364fa71aa23aaa20c4c3c,CLEAR,DAYLIGHT,DRY,FAILING TO YIELD RIGHT-OF-WAY,2.0,37.5,2.0,2.0
1565c326aa56e2753fb44098b835b06c4908195bad88eb1296ae2f2cd0ffce088a23f64869c5afc97c669ca9bc88f4740ee70a1e04c2ee84d31cd8bc1f24d545,CLEAR,DAYLIGHT,DRY,IMPROPER OVERTAKING/PASSING,2.0,70.5,3.0,3.0
1565ca9a16e7aaecb43385dcc677e7570bea8569435b08b25b077912b4b99b5a218ad869c077b4f302cdd6dcbfad28ca5ebd9ce47d4c790ed7fd9c5cc9b25040,CLEAR,DAYLIGHT,DRY,IMPROPER BACKING,2.0,56.0,2.0,2.0
15661ed2221f2d78a30a85a71d88ea05143c0ec0a9e8f4445f0efcf22e9f50dccbf6700c6c63b15cdb92c50617f951162e3cb12f10eba7723fb217ad6f1aeb00,CLEAR,DAYLIGHT,DRY,FOLLOWING TOO CLOSELY,2.0,63.0,2.0,2.0
15663304e0e3f61a0fad3ed87f693939f0c501468d237061eee5bc48897dedbfff5e43c5107efd63ed72b5222c2f36ab65e235a104875300ce10647ce29092d0,RAIN,DAYLIGHT,WET,FAILING TO REDUCE SPEED TO AVOID CRASH,1.0,31.0,2.0,2.0
156657aee9809076e5fde47adceb82dd168ca9afcfe5b19b7951ddac274d8adcc7b14c84d6db75becd7ff2bba0c45cc89800bc11b757e797189172bc2887eacc,CLEAR,DAYLIGHT,DRY,UNDER THE INFLUENCE OF ALCOHOL/DRUGS (USE WHEN ARREST IS EFFECTED),2.0,43.0,1.0,1.0
156675d75555573cf4cb8b7c240c37af2e100cd0d6403ffb9fdead77cce5bd7b5b632bc1cdaf129634b04ec70b991998d72dc8a64591d8bb71bf16267c8ce471,CLEAR,DAYLIGHT,DRY,DRIVING SKILLS/KNOWLEDGE/EXPERIENCE,1.0,16.5,3.0,2.0
15667c8782411205cc9c507981a8813cce1ecdac594c56c51a94df68a87886c17ec18f9ab032083ea396f3b80768e06020637ea0729f65401ec8d85371585a89,CLEAR,DAYLIGHT,DRY,IMPROPER OVERTAKING/PASSING,2.0,17.0,2.0,2.0
1566a527220e1401ef7c321d2956ebdfe17fefe41aa6abe47d3ff8369b0474aea339a022cc924535351deb66e5e098bfaabd258f72436c49ddf5420859d6a29b,CLEAR,"DARKNESS, LIGHTED ROAD",DRY,IMPROPER OVERTAKING/PASSING,2.0,23.5,3.0,3.0
1566b2ffea1074adb9aa5990ae2d65b59f8c3333a96209755030514d8906762cfc296dd39b0f99bb98ba343a03abf8f9e51333fe84b4a64ce4daf085ae80f4c1,RAIN,DAYLIGHT,WET,"OPERATING VEHICLE IN ERRATIC, RECKLESS, CARELESS, NEGLIGENT OR AGGRESSIVE MANNER",1.0,27.0,1.0,1.0
1566f6bcb3e9cbfc32c9c6a23b7001f11dd8c3d2ee171d80fdccc86240f5a5a12f84fbfc44cf60bd8efdc13d8699560bc3d1d2ba2eb6ebcd291d3d9b7cbe7b29,CLEAR,DAYLIGHT,DRY,DRIVING SKILLS/KNOWLEDGE/EXPERIENCE,1.0,44.0,1.0,1.0
1567085f51202195a31bc10dbb47e625d8669d212ee71fad9bbb334aff657757675fd3b2a0af0dd8d6610a1be1de4a3861aaef6151c874aade7247e03b0cbd2b,CLEAR,DAYLIGHT,DRY,FOLLOWING TOO CLOSELY,2.0,56.0,2.0,2.0
15670c2ad43a98769110c0617041094237676ec121ad6ee540a94b749a7dabac338c436ac9a24adfe1c82e60e83e9dc817f9954e1e91b95658dd753ee3188431,CLEAR,"DARKNESS, LIGHTED ROAD",DRY,DISTRACTION - FROM INSIDE VEHICLE,2.0,24.8,5.0,5.0
15672ee656cbd142353144d13de69e3135668c76088d928012aeff4f48c50c65be7f2c89777ebd218f52fdd28abfc662fe450f32c3856e578daedeafbb29ac3f,CLEAR,"DARKNESS, LIGHTED ROAD",DRY,FAILING TO REDUCE SPEED TO AVOID CRASH,1.0,58.0,1.0,1.0
15673263eecca1ce6629a8f178117978a15853003a65919acb986eada08778082c58a92ce6be9e9fa67435332b01c510af6e8c71014c4a5d1911a6a6ba66c3c6,RAIN,DAYLIGHT,WET,DISREGARDING ROAD MARKINGS,2.0,24.0,1.0,1.0
156746ec312b30bddbfd2a816d2a8a674f742c16b12e84dfd14590a636baa990d1f4eee35fba52eebb3060df8329299a080f6fa26e6741deb27ef57f3ea8f755,CLEAR,"DARKNESS, LIGHTED ROAD",DRY,FOLLOWING TOO CLOSELY,2.0,49.0,3.0,3.0
15678494bf7551bd07c2c1f5d53136db90355c482318be77860587b69ce1bf3a6c75c6ee55a1cf12832503a0b5e6254dd216848788c6c80dcc052bbcda8e15b9,CLEAR,DAYLIGHT,DRY,IMPROPER LANE USAGE,2.0,16.2,5.0,5.0
1567e5aa51e69a71a68a85b652c82b149e86cde8eb71c8b77e6ec2e8378ca66b9705ec1427bf59cf252537f63ed856c51547b6accff9ad72ac831fdaa56cf9b3,CLEAR,"DARKNESS, LIGHTED ROAD",DRY,FAILING TO REDUCE SPEED TO AVOID CRASH,4.0,22.0,3.0,3.0
1567fcafa5a2dad698ff11080a043bb0b7f087628feab41340f9cdac79f3aa89e80d58ff03984f41f7470d43d0e599b01ac9fc06b45e1d881853f4f5f216b092,CLEAR,"DARKNESS, LIGHTED ROAD",UNKNOWN,FAILING TO REDUCE SPEED TO AVOID CRASH,2.0,39.0,3.0,3.0
15682d97b5d593c38bfdeb87d15c78b62a3b3e7938f160d1fdb48e7eff93b75e09fb1c4796920cd5a0315bb088f56a9748236727826a2bd483da381adda0128e,CLEAR,"DARKNESS, LIGHTED ROAD",DRY,IMPROPER LANE USAGE,2.0,37.5,1.0,1.0
15684a7d7300f826926586e55ecd3060392ae532489194dbe13e0a3eaf74ef56e2bc38f0e66d7715fcc6b89e8ee9b2b5164ddb05a43a929de6875ba9911b6e79,CLEAR,DAYLIGHT,DRY,DISREGARDING TRAFFIC SIGNALS,2.0,42.0,2.0,2.0
15684e267e8eeecc289d9cf15d1c024f3cecc1cf60f2bae5d9ffe1377ccfc62243fb4a77dcda6367a0901a099f90745ed0d9805fe6d1805f10bb22b4154a3204,CLEAR,DAYLIGHT,DRY,FAILING TO YIELD RIGHT-OF-WAY,2.0,37.333333333333336,6.0,6.0
1568686b12598d01bd163f5c933ed7cde1da5e509ae22d36b6915aacac8b5719a968be2fb0e9959b784ede71e10011bf2b680e74210b90cf9022f4d8e481e933,CLEAR,DAYLIGHT,DRY,FOLLOWING TOO CLOSELY,2.0,39.0,2.0,2.0
15689d32de9d6a51e5da0016cdacfcfb3ff171e7a6c12cc5e9fd9e337a982322d47e01dc837d8f982b69d4a050624b4b5c9b70278a1e88ee9d01005ad512cb97,RAIN,"DARKNESS, LIGHTED ROAD",WET,DISREGARDING TRAFFIC SIGNALS,2.0,50.0,2.0,2.0
1568a5000f145ee5dcac7f7111ce4874811585ab87f75007a64b007fcd265f077eb37a3e8d5d0f65f50c62da5098e9cdf2943ed9a83750f440dc31d1b6ddac43,CLEAR,DAYLIGHT,DRY,FOLLOWING TOO CLOSELY,3.0,49.0,3.0,3.0
1568afcfa5e9d0412532e143056a34a6ab6ed93b4d937a9d9733695225c06672dadf14ceca3d21f2cac881c204a888a2b94e875122111e039bb66b0e3fe2a723,CLEAR,DARKNESS,DRY,FAILING TO YIELD RIGHT-OF-WAY,2.0,67.0,2.0,2.0
1568b646e24e8fe6661b37b288e50fe1fcd6e903dcfb335d3fba03f18049037266fd8c4dc604a97dc1dec4a4f7b1d327d19f0a08d5bb5dec711f848ebb933e07,CLEAR,DAYLIGHT,DRY,IMPROPER OVERTAKING/PASSING,2.0,43.5,2.0,2.0
1568c463889d881e0666617dfb7f74d408e687a4fa7a73d226998bdf29762992be5f88b18ffc06ea63f91dde065fdcab272cf2fa38188c1f9e8d60b93d3fc323,CLEAR,"DARKNESS, LIGHTED ROAD",DRY,IMPROPER BACKING,2.0,36.0,2.0,2.0
1568d70070e3e7607cc958ccc170f2f5b42c32afa0b4f85281025c828bdf8f183960ab7ba753af1c5e1cf6a32574e6e1c9a9053628e05105f7dde33ff63125cf,CLEAR,DAYLIGHT,DRY,FOLLOWING TOO CLOSELY,2.0,34.0,5.0,5.0
1568f1d7fcb681805210c522fd4fa13831b92a3bfc19c25ee6214471f89951107e1a21254e14c2950821c8b10b1e8d497fca52ffbcf2d604e0e72feb114cf8bf,SNOW,DAYLIGHT,SNOW OR SLUSH,IMPROPER BACKING,2.0,40.0,1.0,1.0
15690eba64ee6e3ba9e422b6125ee91ebcd751189f11c9efd63d8e6a6af2f014f83464d16eeca63fccb4f6fd7f5e30a66ee71bb259915df05d544edb50c4c6a5,CLOUDY/OVERCAST,DAYLIGHT,DRY,FAILING TO YIELD RIGHT-OF-WAY,2.0,31.5,2.0,2.0
15691cbbfce8ca8a4fcd66290a494c99d9e9eb14e0d7a388570e2f463076052778473f8338b8daff4d3ae41473247c33c5e9b7bbb235d77690182d2c97bb9992,UNKNOWN,DAYLIGHT,DRY,IMPROPER BACKING,2.0,37.5,1.0,1.0
15692c1fb9f771fef488ab716df5de0b233436893bb7b80d6b9bfeef7052d286fc02fe0dbaddcb86afd45282fc2ffc1a733e273a1777d845ef070f2b3093eaa4,CLEAR,DAYLIGHT,DRY,DRIVING SKILLS/KNOWLEDGE/EXPERIENCE,2.0,26.0,2.0,2.0
1569475b2a52a84b86ae25a585bcf35e85ed4b9b9cb7331339dacb04f9746cb8aa52c4407f6e4568786d3b2753e96784860712d40d72e241c7afe886a24c702a,SNOW,"DARKNESS, LIGHTED ROAD",SNOW OR SLUSH,WEATHER,2.0,39.5,2.0,2.0
156956341ee1d6abf3379adf353ab4b3abf345a6b35506f4862567e4e2b22958c7313b8cadbb87ab9d99a46a909469532865b6f2bcd7e341ebaf9779028967a1,CLEAR,DAYLIGHT,DRY,DRIVING SKILLS/KNOWLEDGE/EXPERIENCE,2.0,43.0,1.0,1.0
15696ce03b9259ca27c77e540bcad8b3181cfba46537fe373484e1e1423774bb02e54eba6eb18e645b09b3561b03c48261ac7a544d4227a3ada0918b5abb46ec,CLEAR,DAYLIGHT,DRY,IMPROPER OVERTAKING/PASSING,2.0,56.0,2.0,2.0
1569750238396cafae2166783fa38e0e0b2a34bcd9a812bee87395cbda1537224371aac91369f51b708560c00efb0a5573e345c3a899c01b413dc724068e9833,RAIN,DAYLIGHT,WET,IMPROPER OVERTAKING/PASSING,2.0,50.0,2.0,2.0
15699944f181116552519f89d0b534074c29a9df8102e62378304785e17cf9b396aaf68b91e5cfc257239d27b148715936667fb62beb42eb9c53a70c5864c517,CLEAR,"DARKNESS, LIGHTED ROAD",DRY,DISREGARDING TRAFFIC SIGNALS,2.0,19.2,5.0,5.0
1569bf0c957ec8b0b2730599db23a5aba72cad72c40d9695deb40bd65fc70150b28984e2b6d832a0dd0909d31365929bfc9e14831da6c568fc5df417d5181d9a,CLEAR,DAYLIGHT,DRY,FAILING TO YIELD RIGHT-OF-WAY,2.0,52.0,5.0,5.0
1569fa7e00b5017ce01353fe25eb23f3af9936ece986aebf21b5c98a051c7a384610706fa630da626ce2f129b836f861d446cb6c2d972f932030bb2725115ad0,CLEAR,"DARKNESS, LIGHTED ROAD",DRY,FAILING TO REDUCE SPEED TO AVOID CRASH,2.0,32.0,1.0,1.0
156a0098a24d02de541e141c318197b09f8d7f80db3fa42d6c28f4a75d49bfdf0ec544c04454d42e807dcb5daf22788676df5bb4d62872924827313bfcaf4ab1,CLEAR,DAYLIGHT,DRY,FAILING TO YIELD RIGHT-OF-WAY,2.0,37.333333333333336,3.0,3.0
156a21b0f339c43125b6df28234d64c83665e1a735ee968dd0fdf41401fd79559f692d840db9aa8b6307d81fc76beccb12eb74e2d439f510461aef5209ae8aa2,RAIN,"DARKNESS, LIGHTED ROAD",WET,FAILING TO YIELD RIGHT-OF-WAY,2.0,40.5,2.0,2.0
156a3544b657e2cd554f99701d830b938863385253f4c397854cf0fb9f19b9a8e542ef2d94cb7ab50794b0cb5c5b3beabae0a72a75f1297a5ac8fed896c49fa3,RAIN,DAYLIGHT,WET,IMPROPER BACKING,1.0,37.5,1.0,1.0
156a62454c6bfe95f30bb61860ec81179b90e7ed36b171f70617d824094581b870fbf4f856a065cdabb79223bf8e57925e1e2bea0dbc46bf27237f6e9b6c8fc6,CLEAR,"DARKNESS, LIGHTED ROAD",DRY,DISREGARDING TRAFFIC SIGNALS,2.0,24.0,4.0,4.0
156a6d9c4caae6376151f4d5e374cc460887959795d4f645d50b8e6912a2e99a5b6a2a9480c6320d2b4aebcf0475a400d4760cacf924f7e62258e52e420934e1,CLEAR,DAYLIGHT,DRY,DISTRACTION - FROM INSIDE VEHICLE,2.0,20.0,3.0,3.0
156a9be6a8acfbdfc1580630291e696913010047a4875c70daaecf613b2219bfe3ca9c5d8488cf58bf6ad438852ee3287ece28e68ece628672d9125173cc3450,CLEAR,DAYLIGHT,DRY,IMPROPER OVERTAKING/PASSING,2.0,37.5,1.0,1.0
156ab6686e5c618f3392ef0ace83207addb22cefeecd64b30065316d35d8f016c5046efb2912527941513645d29d81abab45bc7a4f5bb02d02fd780aa20d3c63,CLEAR,DUSK,DRY,IMPROPER LANE USAGE,2.0,22.75,4.0,4.0
156ac4aaae626f7f1def527e9d6fbd56d73e928befce397d55dbd68f6afa42c3d652779461b4d65847b3b8528e1542b17f863dbcd42c880423f3a6b3a54e0913,CLEAR,DAYLIGHT,DRY,FAILING TO YIELD RIGHT-OF-WAY,1.0,59.0,2.0,2.0
156b19d0477bd7f49c27ad0e7402337ad0ff745d13c4e9b9d4454923c2db3e3b407e68261e0710fd5bf69ea99c389fba27b81a2233ae5cae0bf5cf92020b86fe,CLEAR,"DARKNESS, LIGHTED ROAD",DRY,IMPROPER OVERTAKING/PASSING,2.0,34.0,2.0,2.0
156b20cd1bcd332c3a9e50a59001a3c631379cb54271cab3254b4921ef388de5ab34086b7de17a5074400a0e49b5fcd9d792b9ae3e656bfa5f09be5b1c30226f,CLEAR,DAYLIGHT,DRY,DISREGARDING OTHER TRAFFIC SIGNS,2.0,30.0,2.0,2.0
156b3b904992bf9b0aadd0c2258159bdedc79b9e0a74cc3023c9c79cd96b3b1d2b4a07a75da2f2d78ced3eb34a3a1d878800888c145ebebe5c073e44ab98cfa4,CLEAR,"DARKNESS, LIGHTED ROAD",DRY,FOLLOWING TOO CLOSELY,2.0,31.5,3.0,3.0
156b6463d497093bbf7fd5349079b43843863e6e7ae66356969fc9db8d49a2161f63000b32bd1da2223c3b635b80a380e4883a5e8835077ec32bf9c98daf30be,CLEAR,DAYLIGHT,DRY,FOLLOWING TOO CLOSELY,2.0,58.0,2.0,2.0
156b8a58a9b9d4d8c7ec06cfc7a94540db827e6b8710c9cc39a499aea4ce79bd12b75cd60959df65512f9db3cf3bc3669b5d17748b0d4e3a3bf28493e7cd627a,CLEAR,DAYLIGHT,DRY,FAILING TO YIELD RIGHT-OF-WAY,2.0,50.0,3.0,3.0