crash_record_id,weather_condition,lighting_condition,roadway_surface_cond,prim_contributory_cause,total_vehicles,avg_driver_age,total_people,total_injured
156ba0e4066b3a86f8542ac80506999f3ae60f5875a3c3e47fd541f9f2077557f5fcecbb7dd9062c5c7a2b5d6afd8219a890a6ec878263fa80d41da4558ab9f8,RAIN,DAYLIGHT,WET,DISREGARDING STOP SIGN,2.0,39.0,2.0,2.0
156bf448e477e9234a648dcf4562b31ee35add79df15c20edc50e7164e93c3c181ce6ce3720d1d84ecfc7004041a772ed7fe80c7a9689a081608be7a79914d3f,CLEAR,"DARKNESS, LIGHTED ROAD",DRY,IMPROPER OVERTAKING/PASSING,2.0,29.0,1.0,1.0
156c544c7856c6b8aa981bef319894813c31907bf504db29ced0498ec5a0d1288399cf8a02464c7a612a44771a529c7f9426580132a2f3484c725c0302fb38b1,CLEAR,DAYLIGHT,DRY,IMPROPER TURNING/NO SIGNAL,2.0,32.5,2.0,2.0
156c7876ed4bc4a5885189778b871d0d304477d379a81587388e24ef83d6ca0ffb688c47e4ceadfc632ca27cc78e910869bd088cac5d80f58d2f61cc332f606b,RAIN,"DARKNESS, LIGHTED ROAD",WET,FAILING TO YIELD RIGHT-OF-WAY,1.0,32.0,2.0,2.0
156cc8b62d367bebb1f51e7199ba0559438403952e7ee5c8df364c6af349cbd38ca75a9e4c42f96ef238cc99bfe8817620af5b5905d072969544ab8473edeae0,CLEAR,"DARKNESS, LIGHTED ROAD",DRY,IMPROPER OVERTAKING/PASSING,2.0,37.5,1.0,1.0
156cd073202d6b9b11ac3d5645cea4b9bf6389930969c9b47270cda70829a906ed332437252b99fa3d6c032cd0188ef97b6619c8f0875ca15e353ad7edc954bb,CLEAR,"DARKNESS, LIGHTED ROAD",DRY,FAILING TO YIELD RIGHT-OF-WAY,2.0,34.5,2.0,2.0
156cd24f67db6a17cdfd361e01a47f68cc78353947967a551577c4132baf2f89bd064889f12cf47596a99c7c893ac24e708d55a26b82e1d22063955724e3cade,CLEAR,DAYLIGHT,WET,FAILING TO YIELD RIGHT-OF-WAY,2.0,30.333333333333332,3.0,3.0
156cff4af83817a554ea447ee3f82205e8e3288c175d2028294d55da285b3e68b20c7017aa6d8a8df6bd0ac84af56fd6b09660198d304fb1c674a58a4bc8e0fc,CLEAR,"DARKNESS, LIGHTED ROAD",DRY,IMPROPER TURNING/NO SIGNAL,2.0,21.0,2.0,2.0
156d0ec87324843965cc47a1abbfedca127ecbe21389dc4c5d130a8e2b2bb5ba689de62deeda1c8d417a706c1f2ea2dabcd18c5f2ce0d3a2bf12fc650c6b4b0e,CLEAR,DAYLIGHT,DRY,FAILING TO YIELD RIGHT-OF-WAY,2.0,34.0,2.0,2.0
156d188e9d1619ca85beeba80e5967d8529f7b6994527ca147146bc2883e19d061550c01aff961d9c5ca708aa412346146b75147f10d6f2746344f764ba6fd2a,CLEAR,DUSK,DRY,IMPROPER LANE USAGE,2.0,45.0,2.0,2.0
156d19889d05481887c00425b5f8e1119b0813669f3e98993b7cbd74d571b67cf35be5ee259d71840c670a84db534908b6ec81ad324ab21c34f52f8f09109c45,FOG/SMOKE/HAZE,DAYLIGHT,DRY,IMPROPER BACKING,2.0,24.0,2.0,2.0
156d3aba979ce77a96f4c5af9897ebca2023646a127e4324d27bd36cced4051a5d00153c815734a26438e79df25af72d98e32d6cf00d884d0df1d61bd156fa93,UNKNOWN,DAYLIGHT,UNKNOWN,FOLLOWING TOO CLOSELY,2.0,35.0,2.0,2.0
156d3bc4115e8bad99f54ea464435fa6a33599db10ffdc09fa11d95899eb986fd15d009460a5ff88a0941a0e3c1099143c1ba90e3d17c038e1c59c44be3e67fc,CLEAR,DAYLIGHT,DRY,FOLLOWING TOO CLOSELY,2.0,34.5,2.0,2.0
156d48eb855d3c862b8de749f94b3d178626fdd7ce3462f77bc59a34adb1e67bbadd9742ac3471ec8ae2abf3289e36fac882705887fc0185419530016c73e8d5,CLEAR,DAYLIGHT,DRY,FAILING TO YIELD RIGHT-OF-WAY,2.0,33.0,2.0,2.0
156d980cc991ca566a5f16b8e37d0c57921d6b9a9be56c08c8968f167481923bfe62bbd6dd429bd11dd6911042a6041904ca85dabc3d10fa2775bdfd0079d768,CLEAR,DAYLIGHT,DRY,FAILING TO YIELD RIGHT-OF-WAY,2.0,50.333333333333336,4.0,4.0
156da41bccb5f1cae537a68772f09b7c765f4160250fccaaf6699dba46547ee07b30bb2cf88ae124a9b8372414796a74c8039f134e088dee8c60f84a38b32d52,SNOW,DAYLIGHT,SNOW OR SLUSH,FOLLOWING TOO CLOSELY,2.0,28.0,2.0,2.0
156dc1b3cc642f89a65141070ac1c3ef8672f31d47389abe3e8b298097dca04fc7f006ff20275b60a8df70071e44d86f50ea784c7b4d2ae7e65f2e978c85a2a6,CLEAR,"DARKNESS, LIGHTED ROAD",DRY,IMPROPER TURNING/NO SIGNAL,1.0,48.5,2.0,2.0
156dc815d9dfa8312141206da8b2dd3b720875026a962e43a73e46af91d0afd62247e44db37ab1cc0d4bdac31f04e83de53079d34d0f8efe9fad640a6ab6a328,CLEAR,"DARKNESS, LIGHTED ROAD",DRY,IMPROPER BACKING,2.0,24.0,1.0,1.0
156dd988b1a6d83380f8e053b8c1b3147144244a582fec54d022c77d2b9a4bfecc23193ee88964c9078d4339bc51cbf5e4669bbc2e613c2042aed9dad3ab1692,CLEAR,DAYLIGHT,DRY,"VISION OBSCURED (SIGNS, TREE LIMBS, BUILDINGS, ETC.)",1.0,34.0,1.0,1.0
156de16a49d40bb2ddd5729d1cfda216b7b7618806172aac9a515cfef218a7e3721f20422c5e2abd929baeaab1a23c69003aa3f7b697f8bfa058f9841bf88ee1,CLEAR,DAYLIGHT,DRY,FAILING TO YIELD RIGHT-OF-WAY,2.0,39.666666666666664,6.0,6.0
156dee3c51662a690d86e22043c8e3ee2f174985ea0a523a02f47c3a970ac205e2ea0062180444a486c100e5ac06ec043fdb23fd23337ac7348ab7f96fa2a74b,CLEAR,DAYLIGHT,SNOW OR SLUSH,DRIVING SKILLS/KNOWLEDGE/EXPERIENCE,1.0,44.0,1.0,1.0
156dfac7f376ef14f5ee00739535aaea6605c1d8076b3a6fc8c0bbe924c428db64fc2e7e67103dcba1b7b51dfffda38d8637d14619285bff4fdcabcbeb8d7829,CLEAR,DAYLIGHT,DRY,DRIVING SKILLS/KNOWLEDGE/EXPERIENCE,2.0,44.0,1.0,1.0
156e2bed50934262f7d893b898bffb8fd984fe0bd61786a9a954363dd0e87856f7ec809108da105adc2ed9b3dd2733729f42aa17ce231a069e767c5a794f9d97,CLEAR,DAYLIGHT,DRY,IMPROPER BACKING,2.0,62.0,2.0,2.0
156e802140bebd5194ca55f586ed9e9df47fa09e70bee824623c1ca282fb54b4b7ae92f5c78066935a4a62a1488b4e31d14d2f5a2f331477975ddd4bc2b69b71,CLEAR,DAYLIGHT,DRY,FAILING TO YIELD RIGHT-OF-WAY,2.0,88.0,2.0,2.0
156e9246156334cbedd1abe695a449cce2f22686a07b7dbd011927c2772d01c0deac048c321e7104722fd78838a107721ba5ea1d1782a9e95887efeee58a28a3,CLEAR,"DARKNESS, LIGHTED ROAD",SNOW OR SLUSH,FOLLOWING TOO CLOSELY,2.0,38.0,2.0,2.0
156ec2da38e0cf074dfbe8442ca415528efd523f07b3605dbcc3e1bda7fe59e25c9fb4862a18256be38c9030b4326b1d89c3e2ef0ab88399b0cb3cc89883e3e3,CLEAR,DAYLIGHT,DRY,IMPROPER TURNING/NO SIGNAL,2.0,36.333333333333336,3.0,3.0
156ece5ce2a9e69ee75816fabe141e3573d8b4b1a2f82c580254b2debbe9dac386fa0035d2187e09f70d106faeafa27e0cd012bc61fee9aa7e95b06be0def178,RAIN,DAYLIGHT,WET,FAILING TO YIELD RIGHT-OF-WAY,2.0,70.0,2.0,2.0
156ed407656dfddb750f1845f37da264fa98ea7d3108c331d54055d649b8b8e50e49214b970b85ab1642ed188444d962233925d736fc5814ded9a085c1b42d1f,CLEAR,DAYLIGHT,DRY,FAILING TO YIELD RIGHT-OF-WAY,2.0,41.0,2.0,2.0
156f3057fcdae5cc4c1e30b6d7e42b4bf875ebcc60edc28f5355c897ae4ce9ff555964069d3881ae79aa3c188abbac23daa1e927159dabb01e9b7f4bc1454489,CLEAR,"DARKNESS, LIGHTED ROAD",DRY,DISTRACTION - FROM INSIDE VEHICLE,3.0,48.5,2.0,2.0
156f34ddb1895ecb5bff3d69c97bde5ba4b3869e046b3b4ef85ef41ef9e9935e8346c096f83c9af159239674f16527adb8b8668f0bff4bc756ebff6ceeed2ad4,CLEAR,DARKNESS,DRY,FAILING TO YIELD RIGHT-OF-WAY,2.0,24.25,6.0,6.0
156f589c5dd9f35af3b1d6279f0b8ea041adeb82a664ba8181573001699ab1e85f604ad01446d68d629915885b85d8257b04f5d434b36983f2d8894a3203f379,CLEAR,DAYLIGHT,DRY,DRIVING SKILLS/KNOWLEDGE/EXPERIENCE,2.0,37.5,1.0,1.0
156fdee463347e8fd6548fd13fea562104d1d810d76d3c6ae210a6666eadd00cb7495525c7a8ae61cfc7035f2ada6be9a570ee8d49cbe651195be03ff6bb18fa,CLEAR,"DARKNESS, LIGHTED ROAD",DRY,FAILING TO REDUCE SPEED TO AVOID CRASH,2.0,44.0,2.0,2.0
156febabab46d1ee80f1e8628db00307b3aca2710d62114434f45f686e2479218343f3511ffb052129910e4846b09b8cbd7141a1e85df86664f63b89db5e8be9,CLEAR,DAYLIGHT,DRY,FOLLOWING TOO CLOSELY,2.0,25.0,2.0,2.0
156ff20609b05e4d49f4c354f86c04be0d170b3d5986734db257b58ca0130f82a91e3a09653d9b44df4cdc84fd0bd788b1da0ca19897efd9150a3c595276443a,CLEAR,DAYLIGHT,DRY,FOLLOWING TOO CLOSELY,2.0,43.0,2.0,2.0
15703fd11ecc38358d1f31aa0b4ea4a67346bec02ad0adc969b46fd4eac73cd15d2e8127d845751225cdbc081503a9c01fd0cbb687ca271197d02c519d86b720,CLEAR,DAYLIGHT,DRY,FOLLOWING TOO CLOSELY,2.0,56.5,2.0,2.0
157051df0ac1a2ba02eaacaba678b150145b525fb82a469a16202dd5d072bd19f66f729380cf1a6fb9046e6cc1d62b39fe13558b967811aec5183ce082fdb938,CLEAR,DAYLIGHT,DRY,IMPROPER OVERTAKING/PASSING,2.0,47.0,2.0,2.0
15707041d5de710458e707858de28fb590e26e69f60091836ec7b9cf2884f4e7759598675aa80f3fd4e77fc08aec8e2e2b6bcd6eb88e7ab5ed79070197535f15,CLEAR,"DARKNESS, LIGHTED ROAD",SNOW OR SLUSH,FAILING TO YIELD RIGHT-OF-WAY,2.0,60.0,2.0,2.0
157075193f499604d096acdb96ba7753fea67175414ba95e3477a9e9e1ad0139e292e135dd3db1aec2ad27a273ccbafd93483cfe938b518d434209ffdcd68a8c,CLEAR,DAYLIGHT,DRY,IMPROPER OVERTAKING/PASSING,3.0,20.75,4.0,4.0
15707854eda85613aaf44c3551094c91d6df0c46f5ca243d8184530dd94d191503e27970c9119a546c37e0370050cbc86b7c7560fd3f7ef7c4f11ce3a0251f98,RAIN,DAYLIGHT,WET,DISREGARDING STOP SIGN,2.0,35.5,2.0,2.0
1570d9a25ca01dbadd5e1a07b4825f09416674fc01e3f4057d887b893bd158a0d9791bc0f726281b6ab15ed9c5cf74e237d7d40a19301b910e2dc38a12e0b511,CLEAR,DAYLIGHT,DRY,FAILING TO YIELD RIGHT-OF-WAY,2.0,49.0,2.0,2.0
1570f30eba703d244209a9a5aa30d49a1054c5c7d844679a00f6666d656f9ed2c90a64626355a87356fad31be6b1495c2cc0c38b16b2afba783e537c7bb40763,SNOW,DARKNESS,SNOW OR SLUSH,WEATHER,2.0,42.0,2.0,2.0
1571094073669c09951fae23d28b2f019b0dcf153cb8488c1429140f6cd2ea1239a6b125ea7ebdb8b4b183918d73db4041fdf3d2f52db65a7e88209a1ea9b2ba,CLEAR,DAYLIGHT,UNKNOWN,FAILING TO YIELD RIGHT-OF-WAY,2.0,40.0,2.0,2.0
1571400f375a837e562553c9df3719675f62a5aba46ab33eed801b19caa8010044af08e5b48de5db985da9ea22d32fe1c2cd4df2a045c40a72cba7656a9cc085,CLEAR,DAYLIGHT,DRY,IMPROPER OVERTAKING/PASSING,2.0,37.5,1.0,1.0
1571720fabfa93adfc0e0d6408091e7e7206c6f426ce177b292751f9e3f4cfab9ef848cc4f03e4ee5b6776500ad7f13a999b41f7714e7f0446a49cca711ff8b0,CLEAR,DARKNESS,DRY,FAILING TO REDUCE SPEED TO AVOID CRASH,2.0,37.5,1.0,1.0
15718295d02311950c4f142ee439557683cbc9109672a6fe9c55f34ecc19f43df757a556ba4d49a9e7979133d7b88e70f2342122504ae8ab50622e9021575e2f,CLEAR,DAYLIGHT,DRY,IMPROPER LANE USAGE,2.0,36.0,3.0,3.0
15719a3fa911f4577f4cc511866641ff2f5861b2862be571faa7193effff7dd39e486a804e7e94112e7130bf33046bcfa4519417895997647fdcdb78e525efd9,CLEAR,DAYLIGHT,DRY,DISTRACTION - FROM INSIDE VEHICLE,2.0,25.0,2.0,2.0
15720926bd8c647430d207b651d042703788e7b36d64626add8c89d6b08c9e81fb33041f139495b5c082d8739f4219d749797fc1dd9503af5eabb4db946604b0,CLEAR,DAYLIGHT,DRY,FAILING TO REDUCE SPEED TO AVOID CRASH,2.0,15.0,3.0,3.0
15720f4a7ed9c294ef34e09c7d4178cb300badeda20853cbca17f00aacde8e6e22ca1f3a3834701fc09ab878af05e8bb236b9b83462d33199ac5f93b094bb53b,RAIN,DAYLIGHT,WET,WEATHER,2.0,32.5,2.0,2.0
1572a47ffa0141adf2aa7818dd54fda27a5f8977e48910656e6093913f0c4ea464b88f5e09e63d745dd9bca7792279faa8e7fdfcae664d0f44e02dea8ea4c5e9,CLEAR,DAYLIGHT,DRY,FAILING TO YIELD RIGHT-OF-WAY,2.0,33.0,3.0,3.0
157329eb21b7e418047be3f321856f4f7e7d672bf4e72e46daa7f882840ebe4d286520c97674f3191f6a5da27b3951116b7c54e6a8f47c973de798c4550b84ed,CLEAR,"DARKNESS, LIGHTED ROAD",DRY,IMPROPER LANE USAGE,2.0,30.0,2.0,2.0
157356b505600a407f3a54ec6462c72f9aaf8a0f1d2ae5e5ffb11788fae21e1a9475753f64c864c1a5e0319dbd6f90ef978c5f0caecfad51abf00914a98722e3,SNOW,"DARKNESS, LIGHTED ROAD",WET,FAILING TO YIELD RIGHT-OF-WAY,2.0,32.5,5.0,5.0
15736bbd3484274704483409a0f1efb5f44318a9d6a639d4ee041fefe6590f1adedffed458f27472bc9ccdaf73a979f1259b835c9b0800fb69eaf3c3a8e2a017,OTHER,DAYLIGHT,WET,DISREGARDING TRAFFIC SIGNALS,2.0,32.0,2.0,2.0
15738b5285876d1faf0b23bfa10cd47c7790baeb9c170ac47c5cd83dd314f533e7e701dadf2cf763dec05f8eed76396874794135866d59ebef0331d876c209c9,CLEAR,DARKNESS,DRY,FAILING TO YIELD RIGHT-OF-WAY,2.0,34.0,2.0,2.0
15738bef7f07696a63ce1441674334d22c95432bfbf2406a16addcc82433b994b87fa3552840189284ed6313ce74f9d0eac908bcd9c77289c07be31043b20205,CLEAR,DAYLIGHT,DRY,IMPROPER TURNING/NO SIGNAL,2.0,32.5,2.0,2.0
1573d6b879e499597756485f0a4ab9dd538650d5af6613d992c57e2d7fa30bccd8f5a2055c8630d93da7e58d46b84419a5fe3bb86547de6e7c3fce641076c20e,CLEAR,DAYLIGHT,DRY,IMPROPER OVERTAKING/PASSING,2.0,23.0,1.0,1.0
1573deadffaf7398bef98c09bfefae1abbc127f9543c170e0d9887fa83c73d1ffa7dc69d6b418ea0c083479fbd9a85bdf2f340aca67e3cbc123582edf28cd26f,CLEAR,DAYLIGHT,DRY,EXCEEDING AUTHORIZED SPEED LIMIT,2.0,54.0,2.0,2.0
15742094b6cd9b6de81a108a0258fd653badfaa08923df15eedb5d270f56730ec1967f2a012358d4360990d8200cb92ab9b5677f6d2b9d2a4ce38d153e62df00,CLEAR,DAYLIGHT,DRY,EQUIPMENT - VEHICLE CONDITION,2.0,53.5,2.0,2.0
157448524edb0fbce0bc575d4732a344bd7eddc8b16ce3973ca95eba8007b76ef1253a5fcd6e23d9f2a4325b6929aef28eb41d73c5a55882ce22271270f995b9,CLEAR,DAYLIGHT,DRY,DISTRACTION - FROM INSIDE VEHICLE,2.0,33.5,2.0,2.0
157454acefd79aca680f3e9d9dc97490e22f34170e699b62afc046bdd5ff16a57caac7d310f103a2941651fff9fac97aaab8cb34990d9079af8d9852be7cba96,CLEAR,"DARKNESS, LIGHTED ROAD",ICE,FOLLOWING TOO CLOSELY,2.0,42.5,3.0,3.0
15747cab4f95f34551d542437568d44e723f0d87cfba298e4cdd412db60fd9a6492ae3a8cdffdede3e70a57721adbf6685f808ae34d197be6351996f44d68f20,UNKNOWN,"DARKNESS, LIGHTED ROAD",UNKNOWN,FOLLOWING TOO CLOSELY,2.0,35.0,2.0,2.0
15748f95b92c713621d65e6027c64faedc1e83457dc00d4b0d533294fbb9b81e5b9e4e8c87840891d456c08f943317d26702b0ef91fb4d827c945814873c6711,CLEAR,"DARKNESS, LIGHTED ROAD",DRY,IMPROPER LANE USAGE,2.0,32.6,5.0,5.0
1574ae2362093419e909323e5488a0534c6aec12998ccf1478d75fa4470faac423e684dc42e307fd7ebc4edcc403f9779bef8b68d459cecad2cd48d5feb07f90,CLEAR,"DARKNESS, LIGHTED ROAD",DRY,IMPROPER BACKING,2.0,45.0,2.0,2.0
1574c224122f322c0e726ae43e5d913fcf34675da8ae8f6478939b5e4c7d773db8b4f9dca0a50fc65f35a690ae70bebe8388f6c5aa0de69ec3301d46e74949bb,CLEAR,DAYLIGHT,DRY,FOLLOWING TOO CLOSELY,2.0,38.5,2.0,2.0
1574c866ee599fb5ac6462f24adcca40f8f7fe6215319efebf4c11637b8ec57c915e1374b96dc0194bd6c2944cbafeaf105de05b9736d7528181bdfff6768219,CLEAR,DAYLIGHT,DRY,IMPROPER OVERTAKING/PASSING,2.0,32.0,2.0,2.0
1574d294853cad21c28b81a5c40556a98c65d2e74ff0a881fae145af7bcb70270a4d4fa3d951799696d68aef4134347e74cacb533358c8e627ca515bc3bae6a1,CLEAR,DAYLIGHT,DRY,"EVASIVE ACTION DUE TO ANIMAL, OBJECT, NONMOTORIST",1.0,11.333333333333334,3.0,3.0
1574e2f012f904a1b36eea99f4609d2006789348332a36abdcbd1fc6c09a9470fe2e0e83515c42e77e1cc72b53d1b5e9c3c75e4d6656e09d4da6ba95f75cfce7,CLEAR,DAYLIGHT,UNKNOWN,DISTRACTION - FROM OUTSIDE VEHICLE,1.0,42.0,3.0,3.0
15751fcc4e3aa5878112c7767f79898353bde0cbaf4d865f7ff0f46c6471f9bb75e1fda1ffd96a47953dffe7ab8576c92237c222ca9cff437a72321cd2abdceb,CLEAR,DAYLIGHT,DRY,PHYSICAL CONDITION OF DRIVER,2.0,81.0,1.0,1.0
15752e3d2eb45c558c76081ee8f645499256bedc5d1c2714bc90e3fbf43c9728d6d17d488f9965f228e736e681a5a7e1e12a78012aa880f5da7baf64b8d36328,CLEAR,DAYLIGHT,DRY,FOLLOWING TOO CLOSELY,2.0,49.0,2.0,2.0
1575605d0568ce8a66781e3b499f0a78167764540938c69c757e1b9274423a79996c84be46d8066eb20e47e7c49067ee9dea59604ff8e9ee5f80226cbc1b58c8,CLEAR,"DARKNESS, LIGHTED ROAD",DRY,"OPERATING VEHICLE IN ERRATIC, RECKLESS, CARELESS, NEGLIGENT OR AGGRESSIVE MANNER",2.0,62.0,2.0,2.0
157574f556711cf4dac9cfdbc089a14f224a0701c9d6a7d1f0698a6bff2aa744cb90782a2a796d7d13189552aaf2fcc6592214a76dee635a7799af32c1fe5a75,CLEAR,DAYLIGHT,DRY,FAILING TO YIELD RIGHT-OF-WAY,2.0,34.666666666666664,3.0,3.0
157582421ebf3a8431a0878a938f20a2211b52b717adc74581b087c4b0f3568f62570bef0ff2c4dea071509d09cf2a549492513523927cad2df7259b41329674,CLEAR,DAYLIGHT,DRY,FOLLOWING TOO CLOSELY,2.0,27.0,2.0,2.0
157582e36649c9be09f3c41a05d27998a69cbb8b821d896b41995de7f36faec9440ce8e060ab707ca2e90364f8e7b8edbff7b2a39ec33cee208777b219397916,RAIN,DARKNESS,UNKNOWN,IMPROPER TURNING/NO SIGNAL,2.0,49.0,2.0,2.0
15759960d72932dc706a91ce372ba6b6f4797669df41de8b871d6e4c6e450cf357fc35f3e78c698fd69ee1b6509cbc767f4a74794802429ecd81725c23c21d55,CLEAR,DAYLIGHT,DRY,ROAD ENGINEERING/SURFACE/MARKING DEFECTS,1.0,56.0,1.0,1.0
1575ce74da9f8f227532a021254f4d1bbe600ab00702c039c251a0a05727ea2c10300fa45cfbdc3444900bac28c34fcdf730043462565f43948d5f3763cbcead,CLEAR,DAYLIGHT,DRY,IMPROPER TURNING/NO SIGNAL,2.0,49.0,2.0,2.0
1575e10362b326e40175d4c5daae8158cfd45ad7a37d49b2e27fbe287e135ba1a679c690b377c56451aaf97d0b43244e506269feffd30e6ce675c8d1c2dac902,SNOW,UNKNOWN,SNOW OR SLUSH,WEATHER,2.0,37.5,1.0,1.0
1575ece7a67ef521e3ad06fd6969959e6e4dbd18705c184cf6fd4901c58a8acf44bcd26240c9ce7e992d1fb4fab337d69cdaa3165919a871c0bfc8c00ee8a3b6,CLEAR,"DARKNESS, LIGHTED ROAD",DRY,FAILING TO REDUCE SPEED TO AVOID CRASH,2.0,45.0,2.0,2.0
1575ee125d27f26bf9690bf01e60e56077558125af6c78fa6693272f9078943a9ffc2f73fa2f96c8190d2c51bc15bcdbe5baa0ce2209dbdb248cc3153dbf1ae5,CLEAR,"DARKNESS, LIGHTED ROAD",DRY,UNDER THE INFLUENCE OF ALCOHOL/DRUGS (USE WHEN ARREST IS EFFECTED),2.0,23.0,1.0,1.0
1575f37e2357cce1293a06c77af9828a24f38d7377505394c207adb8e97d52c4adbe20a24d50b2d4ee96009742e9d115bf3d57f544816dc1dc3ee7b616ba0998,CLEAR,DAYLIGHT,DRY,FAILING TO REDUCE SPEED TO AVOID CRASH,2.0,37.5,1.0,1.0
157631349965f100fa7dc1849c11bd6ec9bcfe04883c4f3048220d0fd94d5a99183db91cba4fca8922b01917db89a6b65232a3cf36fdda02befb408f2f81261b,CLEAR,DAYLIGHT,DRY,FOLLOWING TOO CLOSELY,2.0,62.5,5.0,5.0
1576761365fd5e27b8b3e4df5d42afd29ab8f0acb562a966e03512041841d29101828d5738cda9f81c6e10cf16e305fb19854004ed744d8d5d506b8b752172cc,CLEAR,"DARKNESS, LIGHTED ROAD",DRY,FAILING TO REDUCE SPEED TO AVOID CRASH,4.0,37.5,1.0,1.0
1576c49c25291f1109f3a9bba4f4911d2ca7da0d0c50f1b687e3789ba2863424adbf8adcd9a711532e9d97478194be200aa7d9ac9e1d64b391d70fda66e68684,CLEAR,"DARKNESS, LIGHTED ROAD",DRY,DRIVING SKILLS/KNOWLEDGE/EXPERIENCE,2.0,17.0,2.0,2.0
1576f9a53739c17d431d17c0a26dbfe6c6b5a354f9942c2eded2ed8c246fbf82719e6a26745d62ec4c0c27d316f5ac6ad0f499bef3143ab42fbbf16499b59835,CLEAR,DAYLIGHT,DRY,FAILING TO REDUCE SPEED TO AVOID CRASH,2.0,46.5,2.0,2.0
157700d4acca0c840119881a85e9b437e0f9c8310159ba15f4be6c78e1576ca111adfc78c89f9aabcd43d1b45aece891e17b499b3ed424296dbeab47bb65dc33,CLEAR,DAYLIGHT,DRY,EQUIPMENT - VEHICLE CONDITION,1.0,70.0,1.0,1.0
15773e59db4384ee91f9fe6816d76ed8fed4ae6e4836a5101e7802820300c4df371c45e4e0163fa307433454f149fd48a9b1fe1fb0969feb6942fc087070ec6c,RAIN,DAYLIGHT,DRY,ROAD CONSTRUCTION/MAINTENANCE,2.0,33.0,1.0,1.0
1577441b55c8dd772e80fd21850aea02c3cd44cc64dbe71f416c13c6799f5eecb2190d0932725b257b7c558e9cce2658448359b05e081f2c5b68ce665d6f0565,CLEAR,DAWN,WET,FOLLOWING TOO CLOSELY,2.0,72.0,2.0,2.0
15775c5683d297f8f1bcd54ec5f40a11144bc2b228f4dd88152c9a2be0881983324a7fa9abfa9be50461b881ecf0e6e16213377d098b676240aed2b4a7479e9f,CLEAR,DUSK,DRY,EQUIPMENT - VEHICLE CONDITION,1.0,58.0,1.0,1.0
15776311345bc18bcc6e7371c33a8489dcc2cb424abf39eac5b91e584c85430ca77a03f587e410d92324e0ad5cda8ea1a0fbe254d323a3641bec3c6b9a9e4e9f,CLEAR,DAYLIGHT,DRY,IMPROPER LANE USAGE,2.0,39.0,2.0,2.0
15776fbaf84dd9f3b81f33936e561cac1d9591e90c4c49de0c7f191cbf7529a7b89008b6d0aec2787d39cbe90129b3dfd268d8158a41fd1558d0ab51bd9ece04,CLEAR,DAYLIGHT,DRY,FOLLOWING TOO CLOSELY,2.0,32.0,2.0,2.0
1577743e41723f19f6dd6422022ab21dabbeffa7565194652e06554359f7efea6dc344895f4883d6cee73d2c39b23ed4566d098a341aa554bf300714322d74fe,CLEAR,DAYLIGHT,DRY,DRIVING SKILLS/KNOWLEDGE/EXPERIENCE,2.0,41.5,2.0,2.0
15779008adc40c1ccb66aa679aa3c531cb10d73da8107aae833cb7438bee7eaf47be425d1f231c9e5b6c2ec62be0400615ffa3c136b616731833c002bc9a27d9,CLEAR,DAYLIGHT,WET,DRIVING ON WRONG SIDE/WRONG WAY,2.0,37.5,1.0,1.0
1577c4a0c3b3935a8f9aa0955a58d710dfd427183f007b81aa6d8173b36dfb76e9da950e8d4fab7ddc6ed38213fbc138c4bb96bd926eda423af8b5d5629310ab,CLEAR,DAYLIGHT,DRY,FOLLOWING TOO CLOSELY,2.0,70.0,3.0,3.0
1577f349da9acf812d515b143f1bd34a920aab14a782390e66518b4befd396c4937412d3222bfd857ab11d456ff0d502a91e36972dd1b81891ac939945e2a2a0,CLEAR,DUSK,DRY,EQUIPMENT - VEHICLE CONDITION,2.0,28.666666666666668,3.0,3.0
1577fccc473121581f3e3c8e526cbaa6b7cadb541f30a489e137884f90b7ed507f0a027be8a568b20fd1a46c67be5ed48f21aede3e4dfcabc5ff86b098a6dccb,CLEAR,DAYLIGHT,DRY,"VISION OBSCURED (SIGNS, TREE LIMBS, BUILDINGS, ETC.)",2.0,32.0,3.0,3.0
157800742f33cdeeb50d40c91372359dcb95d390347f27b1874d58c9485cfae741d3cecc316d12d0c25d4834801c0b9c77aa976099af33785652b457a43a6d23,CLEAR,"DARKNESS, LIGHTED ROAD",DRY,IMPROPER TURNING/NO SIGNAL,2.0,37.5,2.0,2.0
15781066d02c0d6dc2a9990ccc5957ee8dce4b912ae2db9853493b3f29e02486c1e6745819ffd36edb461a98b87d12677d00124f50d2c71b42f80c06b4c7fecb,RAIN,"DARKNESS, LIGHTED ROAD",WET,FAILING TO YIELD RIGHT-OF-WAY,2.0,30.5,5.0,5.0
157815691344bd74862460ae463824d9603f79ac42662701eb180049a3a67f30dfcdcc03c355431de36b1062b1ba8f46691b7dbbf0801bae266becf4ceeb2cf5,CLEAR,DAYLIGHT,UNKNOWN,FAILING TO YIELD RIGHT-OF-WAY,2.0,62.0,2.0,2.0
1578182c28aa3065047d3574fb187918607e2f8b3ecbbc7c866f672ff57f9f50c115800ec52e43a3aea98b58617fbba9e807de7c36f5761de9543d8c2ba8dfd3,UNKNOWN,UNKNOWN,UNKNOWN,FOLLOWING TOO CLOSELY,2.0,49.0,2.0,2.0