crash_record_id,weather_condition,lighting_condition,roadway_surface_cond,prim_contributory_cause,total_vehicles,avg_driver_age,total_people,total_injured
15782289f99fce421aa3dab22568a2bd7382b47c0bbc82cad99e089ff06e9e5eba585316d0295aad6fc4411e916aadaea7eb70e684c9356d5f53409812417e5a,SNOW,DAYLIGHT,SNOW OR SLUSH,WEATHER,2.0,22.0,3.0,3.0
15783767be4668544f1f396995b7b21ea5d949cda86c5391d60a1a047f2bcce2ef23727975498a10a752015defd4eed9f1026842e8cbd35d1b4a8a721cfcc313,CLEAR,DARKNESS,WET,FOLLOWING TOO CLOSELY,2.0,33.0,2.0,2.0
1578470fff87dbdfe8793b20c1ce6fc98ac8ba6983cf074788f1e4e49cbc7b266c300b7fe1c207a445a43e0eac037e2c8acb62ba44b275f382adb0cfb174a1bb,CLEAR,DAYLIGHT,DRY,FAILING TO YIELD RIGHT-OF-WAY,5.0,37.5,2.0,2.0
1578478c7ba974221f0825215a3cfc08a5ab48f5ebd048033c364a858c03185c615dbfbbfb496e44c630160934d51e397014479ce810814e641134aa6413152c,CLEAR,DAYLIGHT,DRY,DISTRACTION - FROM INSIDE VEHICLE,2.0,45.0,2.0,2.0
1578514f0f77d41b03567dc28bd2c6b9a57b1c27e5e2bd5b1c364caacd55475d483dc959f424a2b0278bf8e5f9e5f493168ef423ff4daeb4cd4fde4617b686bb,CLEAR,"DARKNESS, LIGHTED ROAD",DRY,UNDER THE INFLUENCE OF ALCOHOL/DRUGS (USE WHEN ARREST IS EFFECTED),2.0,48.0,1.0,1.0
15785e2e6bd358175c8980e1175c20e0e0ac854485fa7c86a666a85190d13ee3bfa739c165cc86aff320ebc11a7a7f3b132149d4cd29a076d432d5fb3c67761d,CLEAR,DAYLIGHT,DRY,IMPROPER TURNING/NO SIGNAL,2.0,25.0,1.0,1.0
15786d459f353b861ff51d152ca5e00cb37670e7a493552ad828ebd0a0839da2f7d299ccdbeac77e098f28aa9d9726e2a21d268622613b94eec071bdce81fa28,CLEAR,"DARKNESS, LIGHTED ROAD",DRY,FAILING TO YIELD RIGHT-OF-WAY,2.0,29.5,4.0,4.0
1578781e07a00cb09127a12fed5264c3a006c040b743a74f4488f5eca185dc75b1e4a27d39d205428b87179cc9b474a39a27afefb69c005b3ff4f258505b59ca,CLEAR,DAYLIGHT,DRY,FAILING TO YIELD RIGHT-OF-WAY,2.0,21.0,6.0,6.0
157880d484cc5697e64d1049d6c1bca0129d4df96f78df9c1d5dcaabfa2c4e381f5eb641c30ac2c83c1120796d4504cad315c5261a9532a2d60639de73791683,CLEAR,DAYLIGHT,DRY,IMPROPER OVERTAKING/PASSING,2.0,20.0,2.0,2.0
1578aa76edaacedbdfd1af071e626e546a59c93fe82759b5c3b2c7fafc6d7837da727f00cd96d94a3a55e4d42d4ffc0ff86143c362a6420971d3b28a2e12cde3,CLEAR,DAYLIGHT,WET,FOLLOWING TOO CLOSELY,2.0,35.0,2.0,2.0
1578add8c6f8e0bca097ebebc7ad51bb5effd2b6423dbd70d1b293ed45b69740360d16788baa8c741e492e97046855f37d27a4fd20c3bc02f2be574d5a81d29f,RAIN,DAYLIGHT,WET,FOLLOWING TOO CLOSELY,2.0,62.0,2.0,2.0
1578b26c711dd8f4898d58c67e5eac542323a773b347340841fe21166f424dede0f086f2303d32e93075991e77bd3e18d576bcd42ab5044c3dad8722d6a025d4,CLEAR,DAYLIGHT,UNKNOWN,FAILING TO REDUCE SPEED TO AVOID CRASH,2.0,41.0,2.0,2.0
1578d53d35020cbedb41e3d4385d8cdc84b8f83b6e55090b08e38fc381ddd34539fe098f8f5b7f765ce0bd3408353fae39cd54ffbdfb162fbe9784eb1b824916,CLEAR,DAYLIGHT,UNKNOWN,FAILING TO YIELD RIGHT-OF-WAY,2.0,26.5,2.0,2.0
1578f46ecf64ceaadc8482bb44fb01950b1477e8e0ca73bdc40353349ba140ac69bb24988c62f81d4ec143f6d231d29fcb4c5349b0bb97a3dafa60756edd1042,UNKNOWN,UNKNOWN,UNKNOWN,FOLLOWING TOO CLOSELY,2.0,0.0,2.0,2.0
1579297c2959c096975f94c19e494e6365b7295e2b060afd57626aea0cf7fd050133c9c42e47d41d5b1d691d605f89c754038c96f861de3eceda942949165ac7,CLEAR,DAYLIGHT,DRY,FOLLOWING TOO CLOSELY,2.0,32.5,2.0,2.0
1579441b8ed675fd8bee4cd37ee1db0f9428813cf02c3be8a3f96f99a3036604bd75a25fc0ce17c5beaeb522dadddc8b5394f0feaf39c093ee14e54b8c33e0a3,CLEAR,DAYLIGHT,DRY,IMPROPER OVERTAKING/PASSING,2.0,52.5,2.0,2.0
15794bf7214d721c3f0814764b912b64eea9c2222e7355c22c76b070463d251ee9402785dcc09af2ac8b98e79166bdd305edd9e9810f7b5a843050d49cdac559,CLEAR,DAYLIGHT,DRY,IMPROPER LANE USAGE,1.0,54.0,1.0,1.0
157950c6b7e69d5ad41de30a5cc8f1d9f31bf689a12dcdaba2cb6faf883818468bf307f8bac52dfd392f7655856bccad0ed94354e6ce356a9834a148866a8570,CLEAR,DAYLIGHT,DRY,FAILING TO YIELD RIGHT-OF-WAY,3.0,37.0,3.0,3.0
15798b982db8eabdfc2ce7729cf3e3dad45babaefae6eff5b3c7e06dcbb11ae29bcebc3c584a1e3f45c14ab8fd546ab16d98bcbd544344ef60991907531fbf46,CLEAR,DAYLIGHT,DRY,FAILING TO YIELD RIGHT-OF-WAY,3.0,34.25,4.0,4.0
15798d67f0efa03f06811f508bed59f2fd7352b6aef910bb7b7175de1a49c20330437705ad6fa3c336515a06fdc0655e6228d948c1fd0f8824226502080eaa3b,CLOUDY/OVERCAST,DAYLIGHT,DRY,IMPROPER OVERTAKING/PASSING,2.0,39.5,3.0,3.0
15799a41a7e345d7f520f221017ff5ac5bc906173cce864a3a299254bda7843d4f4df23228a467297d425a8fd22a017e2bb4f5ca61f389a510f782190d0b5a04,CLEAR,DAYLIGHT,DRY,FAILING TO YIELD RIGHT-OF-WAY,2.0,30.0,4.0,4.0
1579aa62f4c811148a1d10dfce00f0626feb19810805ef82d9e690bd452bad9f51898854a8d455b0ccff0ea19466f5851952b4bf00994eb37bf040826cad5e71,RAIN,DAWN,WET,WEATHER,2.0,30.5,2.0,2.0
1579b32515ecd809b8a48f14545696be7437fd02378b2e67df51aac7d2724c823cf4a6e6216b73faddb6c1537e1dbdda1bc4ff1d05c79a2f897a7b5c16f6cf71,CLEAR,DAYLIGHT,DRY,IMPROPER LANE USAGE,2.0,42.333333333333336,3.0,3.0
1579db4e0c14c07c8af4228fa8799ab8c78292e3f1ff8fb1986b1283706bedd75b0af0803c83014c214dfbc07834cbfce20c38f34c30418b5216ae5827ef0e1f,CLEAR,DAYLIGHT,DRY,TEXTING,2.0,63.2,5.0,5.0
1579eaa90cd1eb0556699c6cd68484b8195d7e8eb7b489dd370aa44308a4b11d7ebcec6fe421f96b978ca89c3bbf3665d218553179dd1b7d0a94dea2e2eac70a,RAIN,DAYLIGHT,WET,IMPROPER OVERTAKING/PASSING,2.0,49.0,1.0,1.0
1579f4cab946c30a032fbcce6796407ad6819010471aca924d33f0072eb9f64e7f3381612cfdf91f65c8de921ee71fecd417fe8ed3705ef4c17e3a0c46e42481,CLEAR,"DARKNESS, LIGHTED ROAD",DRY,IMPROPER LANE USAGE,2.0,42.666666666666664,3.0,3.0
157a287f4aed6d883926e67d844d878ef7b98f65861d189123489fd2dbfe22c401cfe5b9325954fac9315d42a44a2dd81819ff4fac030cca935591e092744618,SNOW,DARKNESS,SNOW OR SLUSH,EXCEEDING SAFE SPEED FOR CONDITIONS,2.0,76.0,2.0,2.0
157a50ac6dc80746d503db822a3c11fdd7062d5281137a1395fdc50482be0c39a7dbf281f37ab794780df4313e41ff7b2724c17425b581f2b1afe2e93fc8c869,CLEAR,"DARKNESS, LIGHTED ROAD",DRY,FOLLOWING TOO CLOSELY,2.0,28.333333333333332,3.0,3.0
157a9559d0bd1808779876e7f0bce3038746bc52b0f3eb5001fdf263b80b2ddcee44f7d8cdfcf39d2757093ccc52e5404a2cb5a9f6d2b55ad043b0a5639851eb,RAIN,"DARKNESS, LIGHTED ROAD",WET,WEATHER,2.0,27.5,2.0,2.0
157aa1699a50da95191acda01f01d716a3598a4997fe1e3e8713c6c72c35d6e5172ed817c9367d2e62a1519c158699bcc6f2e1831e6d02067829cd3e11aea6cc,CLEAR,DAYLIGHT,DRY,DISREGARDING TRAFFIC SIGNALS,2.0,37.0,3.0,3.0
157ad04dd24ce3fe58547af923d1c5cbf92ec601a35415608348741cc2062d3db86b6a7b603a987ce884e00725391c82705307f33f023d12b98223b7f01ab803,RAIN,DAYLIGHT,DRY,"VISION OBSCURED (SIGNS, TREE LIMBS, BUILDINGS, ETC.)",4.0,53.0,4.0,4.0
157ad6bcd2afb3b76102c50f8f86ab55d9fe7dbd6d1ca29ab86e23a4cdc5926e507112813f6c339a88a2dadae047a0fb34dcb8ea8ebd5330bbd829d36c028990,CLEAR,DAYLIGHT,DRY,FOLLOWING TOO CLOSELY,2.0,19.5,2.0,2.0
157af0d05a254cb46994156c3ce38b21c0818d41cd5ba27cdc8a91018179210bb5a79a838a1fd024bece60b2be2b19a2d7224d16e3a7423cd226bb39e900ed7a,CLEAR,DAYLIGHT,DRY,"OPERATING VEHICLE IN ERRATIC, RECKLESS, CARELESS, NEGLIGENT OR AGGRESSIVE MANNER",2.0,58.0,1.0,1.0
157b0eac4604ed3bbb3362fb595978edc734bfbbe1426ceea3838eb1c3259a085413f2b2db6a62357e1cfbd405a1e26f6416fec8aebce62c95034fb33e544754,CLEAR,DAYLIGHT,UNKNOWN,IMPROPER LANE USAGE,2.0,47.0,2.0,2.0
157b1dabf01c83705918e612bcecf56e3f3564ce3b5b727903df94f35cf55e15fdd14b164740be80d525fedcfd2580010136b4e3c86927611883fb636e6d061a,CLEAR,DAYLIGHT,DRY,FAILING TO YIELD RIGHT-OF-WAY,3.0,34.6,5.0,5.0
157b5ebf9af2be364a0c59bb0fda8dcf3844a3ff0045122a82df0f9f20a838af2210416ae1c90e0f9b39f2f09395e8a0e252b162e90091d31e4daab62b6ac1c6,RAIN,DAYLIGHT,WET,FAILING TO YIELD RIGHT-OF-WAY,2.0,37.0,2.0,2.0
157b779ac0877c29654989eb8b6558305a0bf7df929c9e1bde4372d3b316b5ea37168885fd9a9481dd4adca9d96f348f7b754bef68445ead99414df251d8b37d,SNOW,DAYLIGHT,WET,FOLLOWING TOO CLOSELY,2.0,44.5,2.0,2.0
157b8bd234364a0a1fe08d66b2972ddf9c16579f46f136911a141c18610fbadfc184aa5638c6f0a3ab2b6efe0e7589aef841e9e42fd5cecdb145da7f4d8b8605,CLEAR,DAYLIGHT,DRY,DISREGARDING TRAFFIC SIGNALS,3.0,49.75,4.0,4.0
157b92b610dc214c138ca4dde69b2053c1a187f1a6e57d4ea74f6d0ef4a721b4885f51a07cbc5585119f1e06de24382c5ca64ee5941b7187517db83877f15a18,CLEAR,"DARKNESS, LIGHTED ROAD",DRY,FAILING TO YIELD RIGHT-OF-WAY,2.0,74.0,2.0,2.0
157ba4263900e6c1b448d0b96cacb1e093038b2df3273653d2e073ac5729a60777efb9fd00daf1c557d48c9b7752fa1049f613c5fde841ed2163c17467c82b89,CLEAR,DAYLIGHT,DRY,FAILING TO REDUCE SPEED TO AVOID CRASH,2.0,39.5,2.0,2.0
157baea232fe1bcf796b384c6685c548c2683a300964a5eab169a96d2758297db699e2404aec4c279fe20b09125d1c23cec698dbeb55f727803e2c648c6c0480,CLEAR,DAYLIGHT,DRY,DISREGARDING TRAFFIC SIGNALS,2.0,41.5,2.0,2.0
157bb15954f5ab970a66eeb259c0578d937c7681454e8a598a696bc4752b1c8cfe764874941bb0dc0378470444b6e761cc48f5ce101d4a722cf14af2523d0374,CLEAR,DAYLIGHT,DRY,FOLLOWING TOO CLOSELY,2.0,37.5,1.0,1.0
157bb8445a49684bfd1c086cda2f0db5e2cc868e118ef92ed7f9dee48a21592102232689f8c6f85a949f824d609cb8beca1db9f9ea700c437b66b8f7e8dda27e,CLEAR,DAYLIGHT,DRY,FAILING TO REDUCE SPEED TO AVOID CRASH,2.0,52.0,2.0,2.0
157bbae10feba20ce98ae9e16f9658fbaefa9f6d753c4adb0bf49becba35e940b88583b1cdb10bbec2bb72306bc3f0425851126ca99480b98fab7eeba22bb668,CLEAR,"DARKNESS, LIGHTED ROAD",DRY,FAILING TO REDUCE SPEED TO AVOID CRASH,3.0,36.0,1.0,1.0
157bc3e9a14b9f58edb284ba5e87c2fdbe3b99b84c6deb01aa484d38c77db776652ca4e999e6f0801946241ed55d62301e5e5b762fa0659100db4235d22e5b1b,SNOW,DAYLIGHT,SNOW OR SLUSH,FAILING TO YIELD RIGHT-OF-WAY,2.0,52.0,3.0,3.0
157bc54ffd9a1125f6985a0f7edcb84e96ffab9b5ee9decc30d2d1d28e826e5ad1df140a0e9594424c5771b928742241811d2d368d1eff55823fd0e28792b37a,RAIN,DAYLIGHT,WET,FAILING TO REDUCE SPEED TO AVOID CRASH,2.0,21.0,5.0,5.0
157bd2552fd13ffc4e426dc58f2b92bc48c329c5357d98f281ff0046fa838e7a684a7c8fc6fc7f6b9358182e440f4b8ce98ff7245d14a7957fe42388942321d1,CLEAR,DAYLIGHT,DRY,FAILING TO YIELD RIGHT-OF-WAY,2.0,54.5,2.0,2.0
157bd29a440e9bb56d75cbc49b85887ca78850a4c484bbeefd523d7f770110aeb3d2126157e4d2341e2c065d72d8497ba1f634e411378227624b2f017c5c66d3,CLEAR,DAYLIGHT,DRY,UNDER THE INFLUENCE OF ALCOHOL/DRUGS (USE WHEN ARREST IS EFFECTED),2.0,60.0,1.0,1.0
157bebe918e3d389c6c675952d65ad3ed75a8f92bd04c3e2fbe74486dc1306af16c5c45baf7fd2f22beb277401a6a9889253a9ca8cb3f60e46c562592c4f6482,CLEAR,DAYLIGHT,DRY,FOLLOWING TOO CLOSELY,2.0,63.5,2.0,2.0
157c45b044898ac0b06b87e1d380451b1a80e898bc390f9a4853cfe8ed47b03653da5f708df6cbcea9f7e0a0dfa339448b825925cc22fac14f396f981478b91c,CLOUDY/OVERCAST,DAYLIGHT,UNKNOWN,ROAD CONSTRUCTION/MAINTENANCE,1.0,33.0,1.0,1.0
157c53b8e0168da4ca2215b79b75471017ab294646af282d33310b3a5a3ed8dc3cd0cda3307404fa3c88ff0a06fcc3b5b72fa8d4f83e4948c75dee9c7192b412,CLEAR,"DARKNESS, LIGHTED ROAD",DRY,FAILING TO REDUCE SPEED TO AVOID CRASH,3.0,33.666666666666664,3.0,3.0
157c5a61db2af0e3f0dfeeaf38684d572982376d7a5e59958650612713978c6df25d9addc6f9666a5de9453b980e58537f66a0e9aa89c0441b9e9b7105464401,CLEAR,DAYLIGHT,DRY,FAILING TO REDUCE SPEED TO AVOID CRASH,3.0,40.0,3.0,3.0
157c5bc5b127b9a405c670023955bcd8b21848c6d2ff28904d98d77fa6f3daf4914573c8269537c705026f47152ceaffd19c53bfce09db8dca38aed0e1d9436a,CLOUDY/OVERCAST,DAYLIGHT,DRY,FOLLOWING TOO CLOSELY,2.0,26.0,3.0,3.0
157c8c726c179f6ee430f094219e4cfe9e69d14202666692f005175692b0b0734816b2ebb7069e771be2a5d0fae36f1fe98b1a69ba6d8584bbc6b5ffca2d9435,CLEAR,"DARKNESS, LIGHTED ROAD",DRY,FAILING TO YIELD RIGHT-OF-WAY,1.0,34.0,2.0,2.0
157ca272cd5195099089d53b54373413426a352af3f6d41dbede585070ef8ae711f72c10fdf5e0516d7cb2bfff4b46f239095059a515ff2c8b03be286d21ad0d,RAIN,DAYLIGHT,WET,FOLLOWING TOO CLOSELY,2.0,37.5,4.0,4.0
157cb828ffb582b12128067981ff6a3c9609eccc0d951b883bd7801a50e838e8dc975c238a7ae5bde93b41cdae1d73fcdefaf5156f44d1d0ce02c70d536ca1aa,CLEAR,"DARKNESS, LIGHTED ROAD",DRY,FAILING TO YIELD RIGHT-OF-WAY,2.0,33.5,2.0,2.0
157d0ac8e26baa4cc5f2c33021f2b65b2386d6d4676e040ef98eea066448b8109831d895123e8bbfa90d3dc1d736ec8cddba1350f293bc8aefdd9f9616ae08b5,CLEAR,DAYLIGHT,DRY,"OPERATING VEHICLE IN ERRATIC, RECKLESS, CARELESS, NEGLIGENT OR AGGRESSIVE MANNER",2.0,33.0,2.0,2.0
157d1f628e59dbd6ce9d92a7ed8691317b89bbf4d8286ef0d57c82af689c4e20d4d81a15d5fc29f02f82ae35bac5908ac8f03a8b5e81a9b535e4d4cf10912b72,SNOW,"DARKNESS, LIGHTED ROAD",SNOW OR SLUSH,FAILING TO YIELD RIGHT-OF-WAY,2.0,20.0,2.0,2.0
157d26f775bca0c852874d613a598be43c8e22aa66b597251b9274c0d7cb09d08995ca5181db82591015e1abe04e192314cd6d76f4784102a48bf2965aab7963,CLEAR,"DARKNESS, LIGHTED ROAD",DRY,FAILING TO REDUCE SPEED TO AVOID CRASH,3.0,23.5,2.0,2.0
157d2d965723e9479f38ed818fbb533145889856ace5d1324cc082b96760a8bb0a7de0248489ec4a6e32d0f1884e721c1be464358fdcddbb2165cc77e9e260f9,CLEAR,DAYLIGHT,WET,DISREGARDING TRAFFIC SIGNALS,2.0,55.0,3.0,3.0
157d4bb46b8b3a97a64331c641b8bf7b1a1ef88dce1236984600579d6fb939c953bdce60f1bea14eab2d7a1ecde8cb022a47aaafa9d54ffc33deda2ea0039413,CLEAR,DAYLIGHT,DRY,FOLLOWING TOO CLOSELY,2.0,31.0,3.0,3.0
157d6f61b2b4ab1fe48625f0625adf8ed61dd126e169417dbf59a914e9600e5250fb160e74ef127ffdc948eb56d24371255f665e604ca832447eb9aab05f8635,UNKNOWN,UNKNOWN,UNKNOWN,DRIVING SKILLS/KNOWLEDGE/EXPERIENCE,1.0,3.0,2.0,2.0
157d9aa136574670033e472dabae95f7c6f9fc8e2271c2349a0aeb850254f4ee94171a8427f4c610f7f2d302d0c9c947bcd97d58cae830f5f13b7971d0210766,CLEAR,DAYLIGHT,DRY,IMPROPER BACKING,2.0,62.0,2.0,2.0
157dc5a26b1c69a2367cad51249dcb71f7d366f9b87ca7644ac12800a51ce7ba419b35923fc8fdbe82b74ee59ec9a2df5761b61f5e3f4df6a2804708134baadf,RAIN,"DARKNESS, LIGHTED ROAD",WET,FAILING TO REDUCE SPEED TO AVOID CRASH,1.0,42.0,1.0,1.0
157e24af94014f5d273b1f0cf64561d9c9f20cc2ce9697e6c274fa1ccb15259aff6ffd5dfd0579578b26e38fd76e765f8bc767ecbab9903d93f2d1999addaff7,CLEAR,DAYLIGHT,DRY,IMPROPER OVERTAKING/PASSING,2.0,49.666666666666664,3.0,3.0
157e37fed5ac6bb91f95245bb8d5f16278b02167c1bb2b1b34ab303b06ce9eeb9a3cd4ff1e6af3dfaa3ba89ec6805e445c162d1d08a48102afbfa703b2b19ce7,SNOW,DAYLIGHT,SNOW OR SLUSH,WEATHER,1.0,36.333333333333336,3.0,3.0
157ebeb9168799e7fa4b884e07ea8a09f9552f5d2a9136a793cd290f07ca16b444e4af8b9c3e9668727a6b7c2f8fcf24110b27968bab222d3c97a89cc474c5fd,CLEAR,"DARKNESS, LIGHTED ROAD",DRY,DISREGARDING OTHER TRAFFIC SIGNS,2.0,26.333333333333332,4.0,4.0
157efff70bcc946237cc2e2ff874df68ffab21baba2501013cccfc1d3510dbcc2691ff16598bad79b7ac64fad422be38493d50d85587266b0c5102700775d113,RAIN,DAYLIGHT,WET,IMPROPER OVERTAKING/PASSING,2.0,45.5,2.0,2.0
157f090c55c347300def4c292fcb4cbe8420bd4a1dd695b8eae750a07d7c1fe8940a775d91f902224d6af01e6f4cd0ab4472be1499b7a6e3e2ca6eb950ea8c08,CLEAR,DAYLIGHT,DRY,FOLLOWING TOO CLOSELY,2.0,37.5,2.0,2.0
157f234e1d2aea582840fb2d5c6d49ed3915d071169e3d3514c17d192d431b297b610df5eb832ddeaf5383c894fa0ad6a5244140a7755ce220c79d3385c7e148,CLEAR,DAYLIGHT,DRY,IMPROPER LANE USAGE,2.0,41.666666666666664,4.0,4.0
157f324cbf6a270b3d4c4c8bae5df5dc0e6ed418171b7df5e371a954589ded1f5436889f705310058f1d2e3e177c1826ac2a2d7048350ed427a80d058c509bb2,CLEAR,DAYLIGHT,DRY,IMPROPER OVERTAKING/PASSING,1.0,33.5,2.0,2.0
157f3de15d5b08ef8f823db105657b54bc1a7cdd20fab3b375893099a6d2ba14c196bd3b527db123afe55c2a1a513ee083c92ed601b598b40801c7f19df18b94,CLEAR,"DARKNESS, LIGHTED ROAD",DRY,FOLLOWING TOO CLOSELY,2.0,27.0,2.0,2.0
157f4450bcf8576fe7d74409aa4501f001722eb0e3e0ccf87dace6385496c9751b591b90a4a0f052dea1d992267043431f140b78ee7c5aa909f6cc15c7c61309,RAIN,DARKNESS,WET,IMPROPER TURNING/NO SIGNAL,2.0,48.5,2.0,2.0
157f45f11548700b96efb606e5a3f28ac6dbf89b92bc190470deb069e911aea56718def8c48a1612eb35e605d33a7b9da8bdff2ff2d89e3cf8a6966b1126bcd4,CLEAR,"DARKNESS, LIGHTED ROAD",DRY,IMPROPER LANE USAGE,2.0,66.0,2.0,2.0
157f59e17b02eb1f1a4b8116e14f3c85e1096dbc6b3cd65792ff2c86f55fb08fcea7d8fb654cb4a41f6318f1611f5d230a255921a3f97e0e6711d007b785c815,CLEAR,DAYLIGHT,DRY,FAILING TO YIELD RIGHT-OF-WAY,2.0,28.0,2.0,2.0
157f6573703796505f19d44a1d75564abb912862a66b094dfcb6e6f5b32d73a6e2e19cdf48679d63d24453022103b93e7d329e32b7ef3e0546fb55b0908afa65,CLEAR,DAYLIGHT,DRY,DRIVING SKILLS/KNOWLEDGE/EXPERIENCE,2.0,23.5,2.0,2.0
157f6a13289eb45ab4ccb0fbdc9f43cb15f254a25e730227ae55c5b2db190816163082bfb7e190d8807ac6ff75ef42f5a9681257d15dabd67bf0cd1502ae944f,RAIN,DAYLIGHT,WET,FOLLOWING TOO CLOSELY,2.0,43.0,2.0,2.0
157fa22b3b6e7fb27b6127c92bd7b91538080435028c9704fd87c9122bec9d8493742cce0feea131f49a0ab8c982902cae6485efdeea3567859653aa08d2444c,CLEAR,"DARKNESS, LIGHTED ROAD",DRY,FAILING TO REDUCE SPEED TO AVOID CRASH,3.0,24.0,2.0,2.0
157fa62b0b118b1d86fe8c0477886b371d8ac55cd74da8d03a81410bcb36236f1d3889cd17baf7c138db1a06faf6f524e1ffd26987a5a73adb64668d02fea837,CLEAR,DAYLIGHT,DRY,FAILING TO YIELD RIGHT-OF-WAY,2.0,34.0,2.0,2.0
157fb16234be50996d08da0f235a8586c89b2e730b808a9c385b3372e41c5707d8db3eaa47352f1215759cde4db98d16899e90fc089d45a0759ed2a96d858a4e,CLEAR,DAYLIGHT,DRY,FAILING TO YIELD RIGHT-OF-WAY,2.0,28.333333333333332,3.0,3.0
157fe7edf4ae4ac3bff31e91985ad22e53606f9fecb40c5fe28fc90c588696d34b814a8bca7d1cf64bff0187454870803093fada51079592596b3f322766d14b,RAIN,"DARKNESS, LIGHTED ROAD",WET,IMPROPER LANE USAGE,2.0,31.5,2.0,2.0
157fe96d2249aa6675e01773ca729516a8c7dece67fa1609f3833dc7934448f9bf9c7986435dfb0e153f4b9a26997abdfc51b0cc59f17ee6f01083c91f86737b,CLEAR,"DARKNESS, LIGHTED ROAD",DRY,DISREGARDING TRAFFIC SIGNALS,2.0,43.5,2.0,2.0
157feb3bd9aea2d9b24287c7874bc81a09949a010d629cb2facf6845e55cae9a34074c498a9616052c856b1230d80f753ca0994afbb534bb630dc76ae3ee252d,CLEAR,DAYLIGHT,DRY,DRIVING SKILLS/KNOWLEDGE/EXPERIENCE,2.0,44.5,2.0,2.0
158024ae55dc8314e960dc6b8a5ce62d8e02ffd70b85c275b45c7d8917a5263d776b5f6471844c4e4fca35372922f40eaaeb5efd474687e3003e659372201559,CLOUDY/OVERCAST,DAYLIGHT,DRY,FAILING TO YIELD RIGHT-OF-WAY,2.0,37.0,3.0,3.0
158080f4e26c3c597d3a9867ffad20c6f178adaada69137fdae6127d903309cf9d8a7af936ddbc414473d3fac3bf876d50fad03665b74412ffb71cd2d83e427a,CLEAR,"DARKNESS, LIGHTED ROAD",DRY,IMPROPER OVERTAKING/PASSING,2.0,44.5,2.0,2.0
158098893e6e3f8d225446eaf1064e27644442099d81f69b86f19270dc7ed491c21feaed7301e3283b7a226db962b1b149c39c463f878b6dfde3db09698cd895,CLEAR,DAYLIGHT,DRY,FOLLOWING TOO CLOSELY,2.0,37.0,2.0,2.0
1580e2cd8c39c5035b5b898b9d9cbf90bfbaa61258023160a4e922c200fbd5ae27e562740b46ab3194d1f609e8945f68efbdacef46f046a19518c4c7e40f11d2,CLEAR,DAYLIGHT,DRY,IMPROPER BACKING,2.0,40.0,2.0,2.0
1580eac27eee6649fc3a618306e0ac7b33b660f673bfdc5af296b965a19a7599f14d371c2d2921e90145bc8333e6507a41eb03707a4e06f90672d7d670458e72,CLEAR,DAYLIGHT,DRY,FAILING TO YIELD RIGHT-OF-WAY,1.0,41.5,2.0,2.0
1580f87761119e7f2d88deede8082f59aea06f79c905e56f9ae6f2679d0fa3f2dee968112499f2edc4ca3b5ffb05807595cdbf32e253886aa3c847faa0a62d19,SNOW,DAYLIGHT,SNOW OR SLUSH,WEATHER,1.0,46.0,1.0,1.0
158102c8105ddc29526770f8a2b20d98e101354ff54c836cb7d96a91e4a325dec92bb5cd9b98c8575a16eabfe0cdd7b87fc3615d1da98fdc18955394903089b5,CLEAR,DAYLIGHT,DRY,DRIVING ON WRONG SIDE/WRONG WAY,2.0,61.5,2.0,2.0
15810dc4bcdf4bb640302a5600497c57013abb3dd07698557b0050787403a7301d27c3092c819717c96d7a2dc8dc9a5a474fbb6234bc90fd376fdbbd3946c203,CLEAR,DARKNESS,DRY,FAILING TO REDUCE SPEED TO AVOID CRASH,2.0,20.666666666666668,3.0,3.0
158119b5fcaa621c6e3df9ded90cd648cd13cc6621cfee4835cc5062cb5846aa9e104af76c5e949c0bf6a4743c81ae12b24dfad4f6692f05b142ab3848f2771d,CLEAR,DAYLIGHT,DRY,ROAD ENGINEERING/SURFACE/MARKING DEFECTS,1.0,37.5,1.0,1.0
1581567bfb23dc36b5ff1b4ea720731441906916df3d1afdd47ee9a5909120b4d996aa320c4de6f4ac8a820c7b8475547985df03d8dfd59a310edd5f42c56b8e,CLEAR,UNKNOWN,DRY,IMPROPER BACKING,2.0,37.5,1.0,1.0
1581592594a2a1e6b3d7e8f1df319d78cff5a97e52505609efc9fcab567a79de8fc661d08591f1b5398affb4968b030a60a89c5ec4ae72a03ce908ceaf965775,FOG/SMOKE/HAZE,"DARKNESS, LIGHTED ROAD",WET,UNDER THE INFLUENCE OF ALCOHOL/DRUGS (USE WHEN ARREST IS EFFECTED),3.0,23.5,2.0,2.0
15816816640b971258ebefae24273d4c784e58deb3659bc7a51ebcdf2f886d230ff34b0e33349acd99c0ed0f0bc1c8f5aa544323ce23db6ec49048d7c12f73c4,RAIN,DAYLIGHT,WET,IMPROPER BACKING,2.0,42.0,2.0,2.0
15817c15f0e3e947b1abca5024d39905b96cddcdaf3844d80a7b085cfdb138574117eee9fd7bbbd59eaec54b4e8b4e08b91479fbf8a8d6af6a2e33435adc5a02,CLEAR,DAYLIGHT,DRY,IMPROPER OVERTAKING/PASSING,2.0,37.0,4.0,4.0