crash_record_id,weather_condition,lighting_condition,roadway_surface_cond,prim_contributory_cause,total_vehicles,avg_driver_age,total_people,total_injured
1581bba4ff29513884cf9b273a753fdb6cf2189ad95515428f971dfad15f675b62580f818761b779bcdb8b2394d58d4ea70b64347589ad5ff3f0b60f1d1fef29,CLEAR,"DARKNESS, LIGHTED ROAD",DRY,IMPROPER TURNING/NO SIGNAL,2.0,32.666666666666664,3.0,3.0
1581c044b5f9594681c8f80dd9f7984e1d27caf017c71683beb7cabc02c88068443a36b22dc00c187d399dbbb0308cb89dac75fb8379e1c17f7dbf11e0c0995a,CLEAR,"DARKNESS, LIGHTED ROAD",DRY,FAILING TO YIELD RIGHT-OF-WAY,2.0,25.5,2.0,2.0
1581de814dd697c71ea04f33785dc6c442caed04658884bf17ba69eead1d77884a89c4ea537ef6bc3090ad59ab8736edd44a789fa025cbec3afe32a3d070bf5e,CLEAR,DAYLIGHT,DRY,DRIVING SKILLS/KNOWLEDGE/EXPERIENCE,2.0,51.0,2.0,2.0
1581e7d2830d8c8f66ea746bab8388656ca237cd8b87f49c21b7e26e453453ae168e7754862d633fa1421e08460806a5c077b77b5c8733d83e870bc2d213688d,CLEAR,DAYLIGHT,DRY,FOLLOWING TOO CLOSELY,2.0,53.5,2.0,2.0
1581fd3283ebaf059adb7daae41da6fa0ab186ef17ee457ea7dce8c07360a81b7ee967a3cc2b683657d540415dde8ee7658cffaa53b03fcd795102281c8db50d,CLEAR,DAYLIGHT,DRY,"OPERATING VEHICLE IN ERRATIC, RECKLESS, CARELESS, NEGLIGENT OR AGGRESSIVE MANNER",1.0,37.5,3.0,3.0
158225a7970f0d668ee663a5e8d23c87242baf0401f757ee4f23b6bc830863aae45308ade11fc48f2793dd64253e940c7b3a2fa93f9c2c8267ad31adc10ef8ce,RAIN,DAYLIGHT,WET,FAILING TO YIELD RIGHT-OF-WAY,2.0,23.0,2.0,2.0
158239b015985046b63240979cbf593602548e58b1a27a0edf4479d904351fc5a22d3d6973478ba50afa1743db024a0fcc98a7dc512e0405ca9c088972e539e2,CLEAR,DAYLIGHT,DRY,FAILING TO YIELD RIGHT-OF-WAY,2.0,50.0,3.0,3.0
15825dc5595c6a7db535d3f54fd0619cb53162e1aa5c22a7278da8a0408783529d18e63993d736d07f4a97f32767dff732f6fc36459c0fa5c74604dc617e9f5b,CLEAR,DAYLIGHT,DRY,FOLLOWING TOO CLOSELY,2.0,48.0,2.0,2.0
158267390e5e29b7b994112b935f13965530c3638477d5a934b519cf57ba12c2210d7d91dfd560a392df08b060ddc32eed325d5cf221e656921d8bb23320b95e,CLEAR,DAYLIGHT,DRY,FAILING TO YIELD RIGHT-OF-WAY,1.0,29.5,2.0,2.0
15828a916b81700297c54626480b18459585e4a34286ab09fdf0a9faf0f5ac51abf8c4f23982bc2818a44f23c4945643a05481fdb04fa2d4c3c59be7b57aaac8,CLEAR,DAYLIGHT,DRY,FOLLOWING TOO CLOSELY,2.0,37.5,4.0,4.0
1582acea6a53a4a7c98bbefadd75599381b63710f5cd02001ff9cb248951fed2ca31da9c6d719eeceddab99737a4985c69d43993796a95bea5a165f0400033a1,CLEAR,DAYLIGHT,DRY,IMPROPER TURNING/NO SIGNAL,2.0,34.0,2.0,2.0
1582f9f859ba470aa22d2bff2c03971dfd20d156d31b2fdbb34ff935b224b606a10cac90f2780fb0cb4b5ab3aff3007a4ba219baa7b4168f195a53a184c1690b,UNKNOWN,UNKNOWN,ICE,WEATHER,1.0,58.0,1.0,1.0
15830ddcb08487eb3faec571ce71cde45991cdac61b12576a0456b80157b8107c79cdf8966764c3ca8c1003a3bf08634311fb142764a9a4acc6697f7a02a5992,CLEAR,DAYLIGHT,DRY,FOLLOWING TOO CLOSELY,2.0,27.0,2.0,2.0
158336ace846f854d6adb1d24371f591473951b46e8bb0009d43ab460cdf501f4aa727cdb99a0586afa0d89c75644bf2c31a659066e541d58df280491c51a028,CLEAR,"DARKNESS, LIGHTED ROAD",DRY,FOLLOWING TOO CLOSELY,2.0,32.5,2.0,2.0
158360d889549f2963b58dc658d48cc0947a123703f0bb59c77f99a1b2f1a4cbb9922785a2712cbb542bec844a8bed9a3a2d3b8d84700508974af76ebb9432ad,CLEAR,DAYLIGHT,DRY,IMPROPER TURNING/NO SIGNAL,1.0,69.0,2.0,2.0
1583797f58fab403ce510661fce78450321152e031827f9cd9cedd5bf4afff6746bcf4d0ba29d4abbd14152dc5e52e036c7634dd79ebb44fd08cc090a9c64856,CLEAR,DAYLIGHT,DRY,FOLLOWING TOO CLOSELY,2.0,46.5,2.0,2.0
15838e102c705c2b04d8f2b6d2e82c7e2365610ae425bb19428b9518683b238b4684c1c563f3fff5b72396577a9e3bfc690f368f9aea76f83e3c55e6f5b97506,CLEAR,DAYLIGHT,DRY,FOLLOWING TOO CLOSELY,2.0,26.5,2.0,2.0
1583b1b0bf11992613746e6ebd050c195dcb4ba60a81cc6998acbca490cee546055e84802767fccf16e1127e1ac02b6a946f0607cdb80739c6b4c60a43e08521,CLEAR,DAYLIGHT,SNOW OR SLUSH,WEATHER,2.0,29.0,2.0,2.0
1583c031806ba790c3aa06eae5b1158bd35d705d41e6ee491a7ae281b9fa97172eae5d2fc3c54c57e496e4c68b02d941b070a781ea2bab5093333411312d523c,CLEAR,"DARKNESS, LIGHTED ROAD",WET,DISREGARDING TRAFFIC SIGNALS,2.0,40.333333333333336,3.0,3.0
1583e71cd75b706965e1c3f6df34b2970c5e16f50a6ce88eb89642bd947d226ecafb6f9f22215fa348ca46f1eab3032565a379bea5a1afdf67831c73ffd32038,RAIN,DAYLIGHT,WET,IMPROPER TURNING/NO SIGNAL,2.0,29.5,2.0,2.0
1583ed01b4376580c46644403e07e07493c9a9dd259ed363497dfd85a7f9345015e5dbb25dccae160fadeb5bed89d35945728e158cf7e003045e01b2028f18e9,CLEAR,"DARKNESS, LIGHTED ROAD",DRY,DISREGARDING STOP SIGN,2.0,46.0,2.0,2.0
1583f23f5f7870b3d8d65c4b1199c59360ca612186b91943ef7c36a702a45d764a7cdd1acf66b0024c5f6bcb26e36e6608848c812681f9d5149329b52af7ffbc,RAIN,"DARKNESS, LIGHTED ROAD",WET,IMPROPER LANE USAGE,2.0,32.0,2.0,2.0
1583fe1ac89c5d1ecb6f040732dc7d25cea101f86ee7cd29e6cfe145b8563f3e1f82d2d5a20b0ed7d9ef75db8b82af7267268c74d40fb60c11be4887633716ed,CLEAR,DAYLIGHT,DRY,IMPROPER LANE USAGE,3.0,39.0,3.0,3.0
158411a3227a5700b83c6fd827adde50b174f90049abe18259f3f0e7c5b5a00f324fef6edd22fd6ed0efc8781d6110083f5812b3f75b51c76c064ac2cc29651a,RAIN,DAYLIGHT,WET,DISTRACTION - FROM INSIDE VEHICLE,2.0,26.0,1.0,1.0
158432b4b9a7c07a16a7f202d876b162d000920907267cb56a51f972f9b067d5a987acf6ec60e3a126b3a78dd0a2c54cee02fd78aa5ef2aedc701fa09f876721,CLEAR,DAYLIGHT,DRY,FAILING TO REDUCE SPEED TO AVOID CRASH,2.0,38.0,2.0,2.0
15845e7a52903bf6a797a75e049168f38a03087e9f0864d305f640d439aa25bf86de8fe48d0d5125151c7ecef0516237b49004928bf9cbb2d17eb10baba168ce,CLEAR,"DARKNESS, LIGHTED ROAD",DRY,FOLLOWING TOO CLOSELY,2.0,45.5,2.0,2.0
15845e984583635fb4dededc537963be4e0859f3c1be77654fb9dd20887045fd5848d240e6e31d13be6002d3f34b0292bc637ff7db11963d43419fba42a77358,CLEAR,DAYLIGHT,DRY,IMPROPER OVERTAKING/PASSING,2.0,26.0,2.0,2.0
158478cdc01de95d98012ad91cc518520852b1db09feb72fc6e5dffb49d5de5dff19ba5ac9b3407fb36537836605428fa151854e13c851517f3a1f497c154ec4,CLEAR,DAYLIGHT,DRY,FAILING TO YIELD RIGHT-OF-WAY,2.0,50.0,2.0,2.0
158493b9723dad4d41ce14ca9d5575d753e71761b7473e7bd7429ae338d7d59e92ab88964fad559503f0e9712d2601fd8b0044e84364392210720df77aeaaaa5,CLEAR,DAYLIGHT,DRY,IMPROPER LANE USAGE,2.0,43.0,2.0,2.0
1584a5a4ebc5ad92158bbdf97aebaa87dfe996de3f96f709790b5462c39ffe4248bdc316a6bba5c7c3122bcff8a25ba6e23e21148452674fa6e3cf1ace95b340,CLEAR,DAYLIGHT,SNOW OR SLUSH,IMPROPER BACKING,2.0,72.5,2.0,2.0
1584d93dccf59f7fb5e2d64195feecbde686255b5cd62ba5510dd3446b4e0becdfd14b24a9a6d80531cbd72f8ead44bd30aaea7dc60f8e44dc6c46b9f7277726,CLEAR,DAWN,DRY,DISTRACTION - FROM INSIDE VEHICLE,1.0,49.0,1.0,1.0
15851a965128db2339365a813ab5b68f745b850b7cfd0a358ce22a8c53e58763937a47b41d1a84b377d970dfe0b9d56be8016e0d20db618e213c2dd49124006f,CLEAR,DAYLIGHT,DRY,IMPROPER OVERTAKING/PASSING,2.0,32.0,1.0,1.0
1585822f26bff58e80bcfdcc9ba8e02234e854429656e532d65b0c34121548872bf5de69a7238f74bf303af576cba39f70a3bfd59026075f9ba80d78d0f8a032,CLEAR,DAYLIGHT,DRY,FAILING TO YIELD RIGHT-OF-WAY,2.0,43.5,2.0,2.0
15858a063b506b635e995e5e33603dc6ebbf1abbcf80a3dabc045e24f3ac629b6f8fa3f5fbcf25208c4c9621eb6d77ebe0ee9680be89f05e03a79a8a903c536e,CLEAR,DAYLIGHT,DRY,FAILING TO YIELD RIGHT-OF-WAY,2.0,45.5,2.0,2.0
158593a6fa787bd5319f49db112bb95ceedbd019457847e0e016eb086511ec267282a9b43fb09f8a830722f87e536ff63465fa355b0861d1a144ab9f561a3ea7,UNKNOWN,DAYLIGHT,UNKNOWN,TURNING RIGHT ON RED,2.0,31.0,2.0,2.0
1585a2a364a0b95f3107504056c213d95074c28c8133e6e3449615079b386c324541d9e7692c68657aefa10f8aaa2fd9c259062b903c48346ce98db0275b1073,CLEAR,DAYLIGHT,DRY,FAILING TO YIELD RIGHT-OF-WAY,2.0,37.0,5.0,5.0
1585df5d98dd9ac9e6eede9c21069e2112f52b4a8c48d0e83e23f7f80c45a4e317a072ef1989c43266522761a23025fea3dfd463efbdbd3ca1f528325799c6e7,CLEAR,DAYLIGHT,DRY,IMPROPER OVERTAKING/PASSING,2.0,46.5,2.0,2.0
158627074a016247afcf0a8f6250eed4263d8a4ec233610b66f28ecd3e60bae016d823053e9b481e649f561e1ce771cf683610b23819750fb3ae5bba6e54f716,CLEAR,DAYLIGHT,DRY,FOLLOWING TOO CLOSELY,2.0,47.5,2.0,2.0
15866339d1a991f6d26fcded4cb5f456d6f5c193fb97f4885e4b0a5ce5538e896712bb150c4082c14b1df98e03a7d31c259115b86f1a3586a6504d50e590106a,CLEAR,DAYLIGHT,DRY,FAILING TO REDUCE SPEED TO AVOID CRASH,2.0,41.0,2.0,2.0
15866cac6102d53fc57d742c91757c34f79fb973e449004e631ec2a8801f781decd3501af960fd075b56cb4d12665be690ab1649b74f9b2d2d2bbc0f6b355f71,CLEAR,"DARKNESS, LIGHTED ROAD",WET,EXCEEDING AUTHORIZED SPEED LIMIT,1.0,31.0,2.0,2.0
1586725db1ffeca2199e288096b9010a8f20157d8ae120b444dea901e5ef2d5e9308d28c14bb9ffde73e82ab788b519c1c49095fb8fa834bfa1e6cfb56a33145,CLEAR,"DARKNESS, LIGHTED ROAD",DRY,FAILING TO YIELD RIGHT-OF-WAY,2.0,35.5,2.0,2.0
15868ef9523fe4195ac323ce7108e58b8548290361453968bdde845dca5f6c0c69b8b441b8450e1f5ec9e8657ae656481d8ce089b0ebc86bb2aaa32781c4473d,CLEAR,DAYLIGHT,DRY,IMPROPER BACKING,2.0,54.5,2.0,2.0
15869c98ad2d21a3de3aa9d12189b64bf47ec8fb411b95bae131e6f2d75b9be1e5baf113e949da6ba8e906b272f9424550b288e4e473419179f605eb13c85720,CLOUDY/OVERCAST,DAYLIGHT,DRY,FAILING TO YIELD RIGHT-OF-WAY,2.0,37.5,3.0,3.0
1586abcd1e77acf846a9b2a5a015cec1186728301e8f6784157bed15621986a0b8461104974c5b7f20621ca3f6756b8f73fce53f9273eb610d937ad22c3aa065,CLEAR,DAYLIGHT,DRY,FOLLOWING TOO CLOSELY,2.0,39.5,2.0,2.0
1586ae83d985fa550db540eb31dac62bf7da194e755855f3e238dae3cfa91813a8daa29bc4f48b1b005b127be51180a727d9833b2596f1e89337c960b855630b,CLEAR,DAYLIGHT,DRY,FOLLOWING TOO CLOSELY,2.0,56.0,2.0,2.0
1586ca1c1f9f09943a1736d8b766515889c5e39d052d49ecccf56b92d739556676b04f23e2a5d38487e3879b59917df300b9237d42f590078ed67120d54aff9a,CLEAR,DAYLIGHT,DRY,FAILING TO REDUCE SPEED TO AVOID CRASH,4.0,41.75,4.0,4.0
1586d88a6d00ecfc87bf23981eebc19bf0fce235dbd75d328e11462928e6440616a1634c5de81f24e8b7e65cc62e6991c8c057723fe266b3d91335e5ee5eda01,CLEAR,DAYLIGHT,DRY,IMPROPER TURNING/NO SIGNAL,2.0,34.0,2.0,2.0
1586e7ff27a3500830f1107b9535dd7d677f1438d2e37c65572a239fa28813708b138e9cde9838de4cf30215f0c7c829990fbc671fccfc5dce3746d6beb56320,CLEAR,"DARKNESS, LIGHTED ROAD",DRY,FAILING TO YIELD RIGHT-OF-WAY,2.0,20.2,5.0,5.0
1587633d807d688f4d3b3b8ab1a94bc68b45c6d51f027acfac17a8dfc89008479946200fa1adc098351ec5ab414bcec00f6782f4ab7d9bef57df9bcdbc90a253,CLEAR,DAYLIGHT,DRY,FAILING TO YIELD RIGHT-OF-WAY,2.0,24.25,4.0,4.0
1587a9fb3228e30dd662474292035fca724e78c86adcf59ce34da2683dab577f112dfac209c617d7708a54e48ec55a7c484ff54524857ab87e8f7e6f933f501d,CLEAR,"DARKNESS, LIGHTED ROAD",DRY,IMPROPER TURNING/NO SIGNAL,2.0,21.0,4.0,4.0
1587c749a1f93ef464076f41c2c0aabd92f797d492ae8bb503dd69ef671e943a7769ddf97ba54c3e8b3f47df533fc1eb60bd7fe6efca1e8ca2cf6ab8e486cc73,CLEAR,"DARKNESS, LIGHTED ROAD",DRY,FOLLOWING TOO CLOSELY,2.0,30.5,5.0,5.0
1587d37542dc96a0f02135abd2713685c6842b63cc3b293325bcbfaad2387841bdf9d0a060c0b020dcfe7d6098f47735423acfe18671ca6e84ecbe91973627a2,CLEAR,DAYLIGHT,DRY,FAILING TO YIELD RIGHT-OF-WAY,3.0,19.0,2.0,2.0
1587e71576da3af3827857c0343cb6f3ab33bba331b8bc401720fc86c8115e44a922bb77e8c75fd0e5d5b673c51e564dd43657036c5ef2c7b2e75f8e100910d0,CLEAR,DAYLIGHT,UNKNOWN,IMPROPER BACKING,2.0,64.0,2.0,2.0
1587f839f649e2c2331fda61d5688b19717639f5b2054f5500fcfbefbe1363f468ef878bffe156f9026b15486c294103dc650e1858db1f2757e566e69dde7962,CLEAR,DAYLIGHT,DRY,FAILING TO YIELD RIGHT-OF-WAY,2.0,43.5,2.0,2.0
15880c8b8b0e89eefee95cbc4ff1a2e30cdea2dc90fa86db1f948f6e3dd54a758a8f59ecd3f2ff69238e558d7595380c67fdb79ed0146b82ce2cf691a6c4c3e0,CLEAR,DAYLIGHT,DRY,DISREGARDING ROAD MARKINGS,2.0,52.666666666666664,3.0,3.0
15881734d0e4236a74985414404170566d32d69d9e0c7d2ae3734ec46fead050efe86c7780562b5358a0f4c69a81d0a8cefe67255a3d4441f377f8ad5fad3e88,CLEAR,DAYLIGHT,SNOW OR SLUSH,IMPROPER BACKING,2.0,37.5,1.0,1.0
158848658fd7779f24a96247187f036826828ea17ca9662e2218a4494dadc2d1ae0cfb6fdf397c5e65c866e0d38c7c597b60beff829c4971a3e066ac3b142863,CLEAR,DAYLIGHT,DRY,DRIVING SKILLS/KNOWLEDGE/EXPERIENCE,2.0,25.0,2.0,2.0
158862eca4e8a818e849b61f581738066cd7ea8cb49efb3b8dbde2f7f28596c874bcd8dc7f8a561728f03d8fe4da8b6093202c08c024a8a3bf32e168ec9436bd,CLEAR,DUSK,DRY,FOLLOWING TOO CLOSELY,2.0,33.0,2.0,2.0
15886590104660007a53dc87048484b4a89f486a63c3135f514090d713ef1d66837716c486601c56f0169f92000e6770a74d1ad99fd1cf3a7ca71eec67665f7c,CLEAR,DAYLIGHT,DRY,IMPROPER LANE USAGE,2.0,48.5,4.0,4.0
158870a2e6ff72bb892e18668fca88fbea7bdc9fec1821db2bc4c26e5c4b65def0d282d5e2f3d9d5ec639427618121a9299f2edb405b9819d580a43438ab80e7,CLEAR,"DARKNESS, LIGHTED ROAD",DRY,DRIVING SKILLS/KNOWLEDGE/EXPERIENCE,1.0,52.0,1.0,1.0
158884c7e2fe20e9643ab20b46da18dcfed6297e7421139d05a9b72d21e5df3a24133e425231c464f08ea0b5f5506d724c9e01b2a68b72134ddf19babf9940c8,CLEAR,DAYLIGHT,DRY,FOLLOWING TOO CLOSELY,2.0,17.0,2.0,2.0
15888bfab0143cbfa4fc99cc00a6c9cf872be6ae1af56443b266f5eebf7f81d188e961ca80904aad74774b572b192016d2e7477373af77c5ff8c848deef7d79b,CLEAR,DAYLIGHT,DRY,FAILING TO REDUCE SPEED TO AVOID CRASH,2.0,59.0,2.0,2.0
1588a373f3e217fd91e3b3f4dcfc07013e8f021d7e9eb98654e7cd7cc83c73c32fb1119d82c28b001953427f61f79964293fc9def6cbb4d84ffd959842e19a65,CLEAR,"DARKNESS, LIGHTED ROAD",DRY,FAILING TO YIELD RIGHT-OF-WAY,2.0,69.0,2.0,2.0
1588af00a1829c07074e418c85652db89e9cd51ec9b3e955d6a531d0fb6b3026ba783f05b8d322bfe440e14cc51caf9ed85b7cbaaabad61c66cb760bf6c8c745,CLEAR,"DARKNESS, LIGHTED ROAD",DRY,FOLLOWING TOO CLOSELY,2.0,42.0,2.0,2.0
1588b71969ff13ad9be1a66654f061489138023126aa7ebd8558b5316ef648dc4be7ee1fc57cbf32a847a5a435db4f1a0bccc6b7ca33968f8965049aa836246e,CLEAR,DAYLIGHT,DRY,IMPROPER TURNING/NO SIGNAL,2.0,30.0,2.0,2.0
1588d2bf0d06c086e99348259e9097f150c1b5224e3c1ef689e00ce4a3db1b4cc5b2f395afffa8df8d8011e7e603865b13353bb37c2eaf4bd47c7a02a350bbbf,CLEAR,DAYLIGHT,DRY,IMPROPER BACKING,1.0,33.5,2.0,2.0
15891b2a0c8801a3460a2d78bedc969888241da09a6a2b47a3d5d39bd95e2139085447de2e635a17103175f383669a1e1f8f9c1b97e8f6c607b580ab6900e804,CLOUDY/OVERCAST,"DARKNESS, LIGHTED ROAD",DRY,IMPROPER TURNING/NO SIGNAL,2.0,35.0,3.0,3.0
15895249ed32def193105dfc1f91cb1f211ea3191f3b90e75d5b96fe3e611df9002e3494ffad01969712cdb3e0c56053bb1a9e88d81c05b1b75c194554596079,CLEAR,DAYLIGHT,DRY,DISREGARDING TRAFFIC SIGNALS,2.0,36.5,4.0,4.0
15897e04f2f2f756c3d7e3c43ee40fcc1eb8d84f814c4a2a8dd8e91ad0d07a8d34b248a64d3a657ca184dd3b23a33b339b5cdde9fa7b245157c6936062c91447,RAIN,"DARKNESS, LIGHTED ROAD",WET,IMPROPER OVERTAKING/PASSING,2.0,49.0,3.0,3.0
1589815d0ff5f06a3e1217b7b8e29c3a39b333499f59d998022ccaecfd52ac24d91d3c6955acaaa6242c6a9cf279088dc5a2903d61ded7821edc8a177b50c426,CLEAR,DAYLIGHT,DRY,IMPROPER OVERTAKING/PASSING,2.0,29.5,2.0,2.0
1589b50fac08e13a24148dbf448a3bdcc08fc23e130237934df2ef0276fa6d187ca0a5ad37b49d0617675626166ca9c996b5963a6b61ca373990bad0b70e55f2,CLEAR,DAYLIGHT,DRY,DISTRACTION - FROM INSIDE VEHICLE,2.0,30.0,2.0,2.0
1589bd0121221e567df41cab286f0746f51e6d2a1695e18d9f1f52058219f40bb73d8f0f33b34d7a9027c9b144e8d0728305b9e4cc7590e5fa4382ca681a58e4,CLEAR,DARKNESS,WET,IMPROPER LANE USAGE,2.0,37.5,1.0,1.0
1589d2caaa65f978db9c3a112dd0cd574bd17fe14674d0f59815ed2edb4f591ec9c60348bf86747a91109bd6312a6551d59c95c895b88715bcb9bdeb94a809d6,SNOW,"DARKNESS, LIGHTED ROAD",ICE,WEATHER,2.0,27.0,1.0,1.0
158a00830aa5ee6684d5fab14dd4879e6f47074fc568769814f571405ce040270abcb155b6cc2932d5f3b7db46d7259ebe777432096bf688b787c52f9d298805,CLEAR,DAYLIGHT,DRY,IMPROPER TURNING/NO SIGNAL,2.0,37.0,2.0,2.0
158a5ce4743aeb3d70f053f4ba5245e091108e48765ea28b3def7cd868c6b7d813ff36daa38c70c6251aa754418da6d1dc7a63cb0f460c3291529e58c9e4956d,CLEAR,DAYLIGHT,DRY,DISREGARDING STOP SIGN,2.0,36.0,3.0,3.0
158a5e941e4f1a732ec8c1f4f9c8023b6aeb223718c79929ecfedf7465bc05785529efe6450dfbbaabc743793f58d127c35d1c8c72ae0afa1d75080dc16fb861,CLEAR,DAYLIGHT,DRY,IMPROPER BACKING,2.0,37.5,1.0,1.0
158ae9c227977609a22fcd5041f1f7bb08482d588ddf9153f64d70511f48697ad06795c6122885081e45dfd20b400f19c06f6063f7a0f33dd26fd45fcd5e82be,SNOW,"DARKNESS, LIGHTED ROAD",SNOW OR SLUSH,IMPROPER OVERTAKING/PASSING,2.0,32.0,3.0,3.0
158aeff5782f7e68e2ec6b4cb76ac4af3dce5ca326a83ae81c59118ac3587573fffecf0859944284f5f5a33afc26acc84330bf4c5e47ee82f58411973812c9b1,CLEAR,DAYLIGHT,DRY,FAILING TO YIELD RIGHT-OF-WAY,2.0,56.0,2.0,2.0
158b0521b4d15a44c1387cdad3e44a065de252b0719dc8341d7e3a7e1a08d83a4413ea0b9f11370d70ff21a6b2bc51a7cc7568407e4180f9be81cd2ef40b376a,CLEAR,DAYLIGHT,DRY,FOLLOWING TOO CLOSELY,2.0,31.0,2.0,2.0
158b0b915b2b4c3f8816c7e3fc080e990b7d1f897721189e30e7b95f7dc9b436bc4e6e3c9f85b8dffae4458e07bfd637c3dd65500006512462456f24fa2db12b,CLEAR,DAYLIGHT,DRY,IMPROPER OVERTAKING/PASSING,2.0,28.0,2.0,2.0
158b14733f62da8a6d02e0c825f2dd7b4d1f41a7fc959b92d4fcf7a2b4f37b93e7b144147cf4eaaa84c9c8291e6cbbc06c471c2fed11b3fe5ca86f25eb014d52,CLEAR,DAYLIGHT,DRY,FAILING TO REDUCE SPEED TO AVOID CRASH,2.0,43.0,2.0,2.0
158b1b67b4fe1d626f4f0961faff0b92d488b569ab094a2f2c003c72d0e1798973280702da9eea1d3039106b93921670587c89dba6e8a214bbd8b060db14c4e9,CLEAR,DAYLIGHT,DRY,IMPROPER LANE USAGE,2.0,31.0,2.0,2.0
158b6a7f8f66254860085f068887a9ddd44877f697da40d3e6199eca7f4da948c66b44b7f3c9daf650f11a85ded79688bb977b800a2435c9dc8db03df5562652,CLEAR,DAYLIGHT,DRY,IMPROPER BACKING,2.0,63.666666666666664,3.0,3.0
158b8af76400330dd83aa7563bf95a58ea6a763558385f03ee2587c0d76079947a3ae3bb1815a87e575290ef90345137fcdf3ee0803e6a6f225172a8225f9988,CLEAR,DUSK,DRY,FAILING TO YIELD RIGHT-OF-WAY,2.0,25.0,2.0,2.0
158bd676eb67aef7a0c520db9e451718583df829a67a1d0d44899e35259aee19fd22d6c6995d17e705d1c6530951334ac3e91b23bb25a359385d6a2c5221a3c3,CLEAR,DARKNESS,UNKNOWN,DISREGARDING TRAFFIC SIGNALS,2.0,59.0,2.0,2.0
158bfa6efee2e833706a83b949523c3cd53ac5399d31aef9fae91e5d5416b74b67aa7a0f29590a2424d1a7a771162e656131ab198472de6a45eb8a4fa6ec4f1e,CLEAR,DAYLIGHT,DRY,FOLLOWING TOO CLOSELY,2.0,37.5,2.0,2.0
158c09953973a390b66b1465d3bb6849f7c18efe14551aed19455ce2515385398035883109c08061e6c0fd75c0d3af179763be5650d2b3a322ee9ea60e3e7328,CLEAR,DAYLIGHT,DRY,IMPROPER OVERTAKING/PASSING,2.0,21.0,2.0,2.0
158c9d98802cc6429b32671e2087705f5ac9860c621bac3d13ee1ea32b7692586c3faf684242f4a046edcfc87cec23a595de0a5ddec9d8752376914b6b7cddad,CLEAR,"DARKNESS, LIGHTED ROAD",DRY,FOLLOWING TOO CLOSELY,2.0,25.0,2.0,2.0
158cabc3a1c6c649ca8337cf25912472d9a274017f711e7d4b44d2a1ccab3c9a2e8a752edb923a1cec6cb6345f4a31395306906c07996d1a1d9c2c417d1498ed,CLEAR,DAYLIGHT,DRY,FOLLOWING TOO CLOSELY,2.0,28.0,2.0,2.0
158cc4410052a66b85bf176e24013c7c009ad4d401f4e1bc5771effcd2a08af2689881f12fc9b45f54316528add318befa87908af5b1c347cc62503f038167eb,UNKNOWN,DAYLIGHT,UNKNOWN,IMPROPER OVERTAKING/PASSING,2.0,41.0,2.0,2.0
158cd4c6063d428cc8364eee3596be124fbb98eb7d1329f811d9af8e291562ffc6c9b5a3c3d20f87118e795344e15e066fd439cfba0e15d1de42541441bcfacd,CLEAR,"DARKNESS, LIGHTED ROAD",DRY,"VISION OBSCURED (SIGNS, TREE LIMBS, BUILDINGS, ETC.)",1.0,29.5,2.0,2.0
158cf310e51b79accd349dfb8b0c02088fcade19668afd83ca31a5a6f70ab6e7dfd3338ebb4d8620c18af6175d24eced1fd039794593aa4b6083826cdf9f3643,CLOUDY/OVERCAST,DAYLIGHT,DRY,IMPROPER TURNING/NO SIGNAL,2.0,40.0,2.0,2.0
158cf520b6bfc82f4e2a775a3338a30989ba729eb1f9876206764ff28e2661a08c0a70445862fbf26d05367ae7a5eb73620e0c5f15b9dc95fdb3e989505ff23b,CLEAR,"DARKNESS, LIGHTED ROAD",DRY,IMPROPER TURNING/NO SIGNAL,2.0,33.0,2.0,2.0
158cf7f81612631a0b92a304ebe779c3c82cf934cfb96cae7998d27f7e143b1f3ad88c95ea3da32c9910de90eabd9cba5e9dca6cdc7b7a3706b86910d7ddb145,CLEAR,DAYLIGHT,DRY,IMPROPER LANE USAGE,3.0,24.77777777777778,9.0,9.0
158cfc0bef3321753bc899d51713f3ef6efd3a6fdadf055c5a488277495836ffc3c83de2b9a6057bf0336b4f8d86e98a951dd07ea0f182fc8a4879c3260d8ed6,CLEAR,DAYLIGHT,DRY,FAILING TO REDUCE SPEED TO AVOID CRASH,2.0,35.0,3.0,3.0
158d096f85cbca53e45f5296951a77b0ecbf58e95aac96dcb77050a3330df0c6457ebb7aa03628256ae27061f04d4e39cd5113a5043c0c40f58fd71ea61940e0,RAIN,UNKNOWN,WET,"OPERATING VEHICLE IN ERRATIC, RECKLESS, CARELESS, NEGLIGENT OR AGGRESSIVE MANNER",1.0,37.5,1.0,1.0
158d16dec22bfdb63ac8b7b7214a5beb40b01d913d6c4fff21bee04d19ef7ab914bdcc66b33208b8f11e0ac124805cc8c8efc4ae321e7106ba580418e92ca25f,CLEAR,DAYLIGHT,DRY,DRIVING SKILLS/KNOWLEDGE/EXPERIENCE,2.0,75.0,2.0,2.0
158d18ff45982b6a38d4fd05eae4c88e2ffef4dd02d182cec192004c33a763adc689869af528f3499ea2f96620673a666743c2b87be1b4bd3486f84aca6d5ebf,RAIN,DAYLIGHT,WET,DRIVING SKILLS/KNOWLEDGE/EXPERIENCE,2.0,44.5,2.0,2.0