crash_record_id,weather_condition,lighting_condition,roadway_surface_cond,prim_contributory_cause,total_vehicles,avg_driver_age,total_people,total_injured
158d58f08eaeeae63a4670225f7a101768adc6a9a4f659ebcc0b2e6085f9ef327f6af36a2fe6a3ef5a039ffefc0d70c572b2ca31f97f1f58edae83fa2e669c91,CLEAR,DAYLIGHT,DRY,FAILING TO YIELD RIGHT-OF-WAY,2.0,37.5,2.0,2.0
158d6443a6d342fd170384dc97e4d24f30e3d24dcb6f61636a4565adc6cc0271ede522f8213c29971ecbd84dadb993583ef1910799c201fddf5d1d63d54231be,CLEAR,DAWN,DRY,DISREGARDING STOP SIGN,3.0,42.666666666666664,4.0,4.0
158d6684ae21a95a96fd8f8992709133cab32ed04868b1bcfdd26b781b09a3afc474d0193d89570baab96f9c621223cc366fd62b1dcbbeeca22e4d61ea35ccbc,CLEAR,DUSK,WET,IMPROPER LANE USAGE,2.0,45.0,4.0,4.0
158d79af44da0875e2431e003a676eb2a8941324edae9a0753068e6d6f3678b81045ee84a14c30f7bb0054d572253d2c9e5b8459e5c8d9aed157f5cc3ff8511b,CLEAR,"DARKNESS, LIGHTED ROAD",DRY,IMPROPER BACKING,2.0,38.5,2.0,2.0
158d9f1d593f6e56a327df597c92ce4087d4b0451461beaa30402e8466f73b60d23bfc038ef91cc747f8ba920f0863ef24dbf2f55f9552adb34975f2a2b5e14e,CLEAR,"DARKNESS, LIGHTED ROAD",DRY,FAILING TO YIELD RIGHT-OF-WAY,2.0,53.0,3.0,3.0
158dc0e49523eee0cea659180fc6aba4bad3890b5b36c5c4993007a8078cad92e3f56bc8733cf243114e4012c057483d20ba3ad0768ccae8d30e54f8b82dc68b,CLEAR,DAYLIGHT,WET,FOLLOWING TOO CLOSELY,2.0,25.5,2.0,2.0
158e0f14927563d1f19cae2cfe977e0773dfb81c99b82ac5bae11fa96ea13edaa0e48d4e9d373ec5cb0bdc668ac2d949315347d047f0ad7c9145a2deefbe8977,CLEAR,DAYLIGHT,DRY,FOLLOWING TOO CLOSELY,2.0,61.5,2.0,2.0
158e25f642fd2b20a48949d151f66cc5f75df3609c7e6fb275d6d78ac0e9575fa1a7d568418c44bd51f59e5294100ed79f46cde6cdd7f583c315d1da1336d481,CLEAR,DAYLIGHT,DRY,FAILING TO YIELD RIGHT-OF-WAY,2.0,46.0,3.0,3.0
158e3a99f3312a453436d44afa9c7d7719282a0406d3aa0f354dd56b69bceedc93e77c456e879f8f3f4259a0bfbdf82911c5140f09fde36f02a1fab3da8656b4,RAIN,DAYLIGHT,WET,FOLLOWING TOO CLOSELY,2.0,45.0,2.0,2.0
158eb03fb56aeda2d8c34cd79ba8a5280db5b2ce0fd54050a7090afd63e700fa271626d996774d87348f5be9a199baccf1400a05e5d508d0b3af56f14b6fc7d2,CLEAR,DAYLIGHT,UNKNOWN,DRIVING SKILLS/KNOWLEDGE/EXPERIENCE,2.0,35.0,2.0,2.0
158eb56be1d41dc9e8db70b0578e0a9da9026bd1033fb4214533ae70239f4d7cf0e49e244378ebefee0e37862564192ae76cbf97344b1a991cd444b8c5bf0026,CLEAR,"DARKNESS, LIGHTED ROAD",DRY,DISTRACTION - FROM INSIDE VEHICLE,2.0,28.0,1.0,1.0
158ede8738d23f07294b1e0cbc769575263a236e7b3d7f97780ddd46db0d89a6fa4c70d2f3fc72897d2f9818b389419e0e4c1d7f3826425da6eda7323a7ec824,CLEAR,DAYLIGHT,DRY,FOLLOWING TOO CLOSELY,2.0,35.5,2.0,2.0
158ee33444f90a7beb10cf04f512be9d9a72b3ee3a84ec400a7e99b67f40cc50d8ce851c41d546e243791f8a08b6af1e8cf781ebf41a0253da33df196ec4fdf2,CLEAR,DAYLIGHT,DRY,FAILING TO YIELD RIGHT-OF-WAY,2.0,42.5,2.0,2.0
158f03bac20bc0187713b987fdc1960e87abeeaa3c08043b5a9b63eecf0e1665a38fc664d53e4178d04e0fbeb5c70be481d621d5fadde112a501cd73432d6a27,RAIN,DUSK,WET,FOLLOWING TOO CLOSELY,2.0,45.0,2.0,2.0
158f0926865c94e6bba58b7d8edb6ca6110770377e80339aac9af35ee4feecf383039ad026bf121ba5882364168d49a60e76d9266627a7cc63bac457bbff0a1d,CLEAR,DAYLIGHT,DRY,DISREGARDING TRAFFIC SIGNALS,2.0,34.5,4.0,4.0
158f0e458b5f41d5eb2a8cfae5b4970ee902c208015456527c4ac4fbc54281f267b6380f7074e9f3a1a22c48d72ae2561a802dafa691012125b53f64cb5cb5b0,CLEAR,"DARKNESS, LIGHTED ROAD",DRY,FAILING TO REDUCE SPEED TO AVOID CRASH,2.0,23.0,2.0,2.0
158f41aa9ad401f8af57ca0f60d3894f798764cc7feb8ec558799e2d75f68dd78e03e3a7602f42d4a408303a95c9c44b8487f32e0c676318d1af27fdf164c915,CLEAR,DAYLIGHT,DRY,IMPROPER OVERTAKING/PASSING,2.0,50.0,2.0,2.0
158f63b2ea6ff67dc6cdddd6da3ff5b3f2d8d06ac6eb34cfd716e16c45fb790cd95cd00bed59dab84c7d3ca0da42a59fe7d83febd1b69ad92f5202d59d3b9609,RAIN,DAYLIGHT,WET,UNDER THE INFLUENCE OF ALCOHOL/DRUGS (USE WHEN ARREST IS EFFECTED),3.0,31.0,1.0,1.0
158f75ce1b8958d1376f350f56b212b906376cff77943b6747c9ce6706e6a1d6dc3687626f9851716209792246bd56d4f8f3911d032f5a7e08418aa64eee15b0,CLEAR,"DARKNESS, LIGHTED ROAD",DRY,DRIVING SKILLS/KNOWLEDGE/EXPERIENCE,2.0,43.5,2.0,2.0
158fa2b2777ac3131cde2de7cc03d7bf7ebf7577d8ddc35307fa6995e3cc0c7e3627ca3eeb73f2068389e0c134c6754f68117416ff05e8af6d8d6c7e58eaee6f,CLEAR,DAYLIGHT,DRY,FAILING TO REDUCE SPEED TO AVOID CRASH,2.0,37.5,4.0,4.0
158febfdc13a269f99b38fb0418649f8b4f24adf12b517dfa76d330066c8ae5f0f3492f5a938fadd078b0f22b983e6998a4b623aeaa308623ec6c69b6956bf8a,CLEAR,DAYLIGHT,DRY,FAILING TO YIELD RIGHT-OF-WAY,2.0,40.0,2.0,2.0
159006a7f898381339c3fdf8cc28bab212234f0277d2690faebb82651a0d2a20b4b21aea01e23ad24c0abcfbc65e003aa5e601d85765cb185f64bce2e7b86e2b,CLEAR,"DARKNESS, LIGHTED ROAD",DRY,DISREGARDING OTHER TRAFFIC SIGNS,2.0,33.666666666666664,4.0,4.0
1590185a1a313e663dcff5595f7fd65dd656e0784ae369123a8bad9a486bfd8d1c7e94c4b1dc0783107fc6bfc924f59fa40db8a014627bbfcf750da878cc393d,CLEAR,DAYLIGHT,DRY,DISREGARDING TRAFFIC SIGNALS,2.0,46.5,2.0,2.0
159044fbe90bb090dbca287936cad808656fdc3d545519a3c616657c64d568138bdf9c5a88796d3258a99b74b12fe827343e82134219ce494fd7c9b72055731d,RAIN,DAYLIGHT,WET,FOLLOWING TOO CLOSELY,2.0,50.0,2.0,2.0
15906692cfa4439c763f8e9ff032d16c76305f59c530e80f8529826fa96badc96ed26647862dccc25bcd981c64ed927c934fa7431ef57616944f04459d83e1f2,CLEAR,DAYLIGHT,DRY,FAILING TO YIELD RIGHT-OF-WAY,1.0,18.0,2.0,2.0
159077b4ef358ab14dc4e343e635ef428f3b3da0d99a42ece6b70463a639142c1856da4caa57f5aa9a4ee64c345b05342e79c4aeb0111015f64e1a8e06da3d7f,CLEAR,DAYLIGHT,DRY,DRIVING ON WRONG SIDE/WRONG WAY,2.0,25.0,1.0,1.0
15909060800cbd0c4a26225e7cadbbbe964a2685aed74ea9f7acd4cd36d3ffaf2d5f3acb997c4c5de931e93b9acd524fd57a818ad16795484f18e5c0844b6ce9,CLEAR,DAYLIGHT,DRY,"VISION OBSCURED (SIGNS, TREE LIMBS, BUILDINGS, ETC.)",2.0,35.0,1.0,1.0
159091b9cb958076e63aed5b8e641839fb309709a15d7e534fa4f845763e3dd0199b5502fda770b32c8b15cd04dd58aa0879fe2df243041e50b688f1ebe737d9,CLEAR,DAYLIGHT,DRY,FOLLOWING TOO CLOSELY,2.0,63.0,2.0,2.0
1590add90d216d16cc69523a2596cad24bcea8be244b7f5e21e195dccb093f041bd846618676a3036ff19dbee75e4801eaaf712746c477018783069e0b714673,CLEAR,DAYLIGHT,DRY,FOLLOWING TOO CLOSELY,1.0,27.0,1.0,1.0
1590c9735867ae50dfdefe9d85779d2f8e3d9d2cbeeea2800a464f380e20750c82c5d326d8060e8fe39505434845b4001e4ee3433921f236eaa6c27de7c060fa,CLEAR,"DARKNESS, LIGHTED ROAD",DRY,DRIVING SKILLS/KNOWLEDGE/EXPERIENCE,2.0,38.666666666666664,3.0,3.0
1590dd7ed26bcea82b77210d48e1036600fc18f0b1a573f97ac332f77cabb955dc594deefa8f1fd36904484dab548ee0009cfde98b37533e1fd1fc8e883919a7,CLEAR,DAYLIGHT,DRY,EQUIPMENT - VEHICLE CONDITION,2.0,40.0,2.0,2.0
1591317c98ea0d934f937707e08a0e26d8e1d102ae63f30cd9b2d5dde828c3ed95a3482d9a14e540ad86e01318bf31a92c5465401511c9b097207df1d1386c6e,CLEAR,"DARKNESS, LIGHTED ROAD",WET,FAILING TO YIELD RIGHT-OF-WAY,2.0,63.0,2.0,2.0
15917abd868e2203a392379ea47ad317e810a15600b7b2fd5f9c75434c3e3f6494076f9c67827d64b559ebc263c857ff45ca90e3bc0b9f970b2be7916d36efa9,CLEAR,DAYLIGHT,DRY,IMPROPER OVERTAKING/PASSING,2.0,30.5,2.0,2.0
15917db3bae9eb95e48f5e4e88fe9e7eee9d079d29589feaaa5d18c755d53038f356135b861352f3a15d53c2597876879d362d4286d34d1a4dc03694dd128958,CLEAR,"DARKNESS, LIGHTED ROAD",DRY,FAILING TO YIELD RIGHT-OF-WAY,1.0,26.5,2.0,2.0
1591982879086c3e8d284b4ff50d0988939e1e89cdaa44dcd26abb9d378946ae39cb4d7b6cf47266f93022a08b2445f594a1f6f7dc5513bd4694438d37447d7e,CLEAR,DAYLIGHT,DRY,FAILING TO YIELD RIGHT-OF-WAY,2.0,37.5,2.0,2.0
1591c682aacb8fc72473fd74de5bcf312274950dc00c389c38d503b7f7eb330e3b10c433b3910eae687c0e0a1d81ce0e3b49e32c3a67265ec5701ae5eedd89a6,CLEAR,DARKNESS,DRY,DRIVING ON WRONG SIDE/WRONG WAY,3.0,19.0,1.0,1.0
1591d6061b98949fa40e3b1577ab643236551e7128253abf7799167aba516737afcef0f72203db871844d433eccaa7fe2d74ebc2dfee811c3befc75b5802dcef,CLEAR,DAYLIGHT,DRY,IMPROPER BACKING,2.0,21.0,1.0,1.0
1591d87851ed9301f61d33a7941146cf8687e1b2479cdfe3c97f2f57be830a01febb7a5cf9e88faed6026fe15d5915610fa8ef6b8ca974548ecd84e45a5f1072,CLEAR,DUSK,DRY,IMPROPER BACKING,2.0,23.0,2.0,2.0
1591dc05c7514364c02f53eb0916533e15e9066614917544dc60ff46c06ed63e4329ebe077c7925c87cc22df25dd43f611d649bb56909f25b5bbace73f5467d7,CLEAR,DAYLIGHT,DRY,FAILING TO REDUCE SPEED TO AVOID CRASH,2.0,21.5,4.0,4.0
1591eb2b7dec6e4cc804e093ae2fa68fcfd74551e9bd32df7ac954fd23210ef8e03480bc5fb29b1365af747a88ece540444acc0114d669ae91c82dac60e3b9b2,UNKNOWN,UNKNOWN,UNKNOWN,FAILING TO YIELD RIGHT-OF-WAY,2.0,59.0,2.0,2.0
15920e8203926674c504af6ded642a210acdc22c36247c559da9ac452475822a740b299ec8a12d1c14549d6e12d7d457e78d836e923ea1867814eb512469dc06,CLOUDY/OVERCAST,DAYLIGHT,DRY,IMPROPER LANE USAGE,2.0,55.0,3.0,3.0
159212c3369ca0284b10791fc0a862e13ce9510abf5f5e4d22f215005de9a7f2d0b6e472162029e838de8d7367de4d211f03da0652ea671f49ce0f4859a43029,CLOUDY/OVERCAST,DAYLIGHT,DRY,FAILING TO YIELD RIGHT-OF-WAY,2.0,29.666666666666668,3.0,3.0
15927b262e4e366920b70aace06d7daaa8dd8f842d817bf3fc6dbb616de4219c38c15cb49dae134d04b9e8651c09a31ab67add799c86427a81e71c1259d6eb5b,RAIN,"DARKNESS, LIGHTED ROAD",WET,FOLLOWING TOO CLOSELY,2.0,48.333333333333336,3.0,3.0
1592881978bbffc949fa7cb1b5e2d2bc296699b8d159e0ee8ed850c1346ab7bcea83ab8a436331b1b1fafa0d87ac17be80bd4a310aa2614bc4d2fac3e34acedb,CLEAR,DAYLIGHT,DRY,FOLLOWING TOO CLOSELY,2.0,42.0,3.0,3.0
15929daa51aa93a1b00a5e237d9acc340841af29fcdce23aad55797c0457fbeaf0b18b28f94040cd1e933257da9961fb75fd9428cdc53692b4d36cdf9e1666d5,SNOW,DAYLIGHT,SNOW OR SLUSH,IMPROPER TURNING/NO SIGNAL,2.0,50.0,2.0,2.0
15931690c9fee8127f74dcca915bb81412d7d21e158a720b65465ae5996d938b8c1a0001963270465b6b29da92c268d68ae0134c67b64089b3fc9fe800b9b590,CLEAR,"DARKNESS, LIGHTED ROAD",DRY,FOLLOWING TOO CLOSELY,2.0,43.0,2.0,2.0
15933559a66e0e4aa11cbd0c4d26690ffaa6d4faedfa78f733ef9e7298b5e669282303483db07535919e21b7c85c370137811361ea6e7e2216f0305500a2adae,CLEAR,DAYLIGHT,UNKNOWN,FAILING TO YIELD RIGHT-OF-WAY,2.0,42.666666666666664,3.0,3.0
1593355e1e85f09f2c2140e1cf031968a6bfd2a23d646fa1904899e0eac3150512b517be321e0bd712138a9b57b94e75c1aae93f3e8f79d9359e6adafc34b03a,CLEAR,DAYLIGHT,WET,FAILING TO YIELD RIGHT-OF-WAY,2.0,29.0,2.0,2.0
15934e0b2de20fb0771e185052d6bbc1779843ec8dfb9f9edad23efde4788ed7b39e06e00ed221f5bf6eb00c7a421c7561c6fb5b9b7c3979de02f9e70fa55821,CLEAR,"DARKNESS, LIGHTED ROAD",ICE,FAILING TO REDUCE SPEED TO AVOID CRASH,2.0,47.5,2.0,2.0
159356e930a01a9a24b04d24e5fa634667a84fc81604029156ed2f1fed4be0cc720fa07a59be132af6b0bf8ba08553fdcef791f6ac6048c008e6c1a3cd5e642a,CLEAR,DARKNESS,DRY,FAILING TO REDUCE SPEED TO AVOID CRASH,2.0,37.5,1.0,1.0
1593671e4668a7cb83d130006dcf78b5119b877c0d79ab207c619c420b0a8eeba94806fd6016e5ff6e4904ce9dde601c29718ff111b95097868016a39851b62d,CLEAR,DAYLIGHT,DRY,FAILING TO YIELD RIGHT-OF-WAY,2.0,42.5,3.0,3.0
15938416e5cad83548351263cffbc10d9fe8a59bdf30fc0892d90800919450f9b814fc134e35aac6236f1621fa9405615f2bd65c3087e43ed99ec328a64a5c3a,CLEAR,DAYLIGHT,DRY,"OPERATING VEHICLE IN ERRATIC, RECKLESS, CARELESS, NEGLIGENT OR AGGRESSIVE MANNER",2.0,41.0,3.0,3.0
15938af03d51a3aa63674d99aa6e5f6708968b3ec2c83194d5573ae8a84ed6940d89cb2e52337d6bd19dfd2cd7d32ce60f645a911fd18299ef9df24a139b01b8,CLEAR,"DARKNESS, LIGHTED ROAD",DRY,DRIVING SKILLS/KNOWLEDGE/EXPERIENCE,1.0,16.333333333333332,3.0,3.0
1593b4e23b7943379790c0772f8e2a8215e885187107a84f810944c76b51bc620bf6069168649fceef6a6cbd442f8307999fa69930822b474740759cc483a846,CLEAR,DAYLIGHT,DRY,FAILING TO REDUCE SPEED TO AVOID CRASH,2.0,37.5,1.0,1.0
1593bb53f77f49eac4901dc101017c21892092c9504174aa6b2399657cc15ceb03496effca66e6080da69637b94a01a56e240a3bf059b432de259a787f4c5473,CLEAR,DAYLIGHT,DRY,FAILING TO REDUCE SPEED TO AVOID CRASH,2.0,28.5,3.0,3.0
1593cb180b41a91aaa897aa6fa5415d31f643b12cf09169c101343b5819a065b3662fb9b318312417f14bd6e7df8443e481c2ded5db19f71c8514d39f74f5100,UNKNOWN,UNKNOWN,UNKNOWN,IMPROPER LANE USAGE,3.0,31.5,3.0,3.0
1593fa8842a31cdf09225ecb67bd5f4b50e9094aa7f407cc5eacd0215201500b446410ea88b2fe5e9f61d2b3d9762a103666e946e8c5ecb5de27ba58bf747446,CLEAR,DAYLIGHT,DRY,IMPROPER OVERTAKING/PASSING,2.0,64.0,2.0,2.0
15940ff33d57bd67669f1146144647ba35deb354896c18437eb033328d5d4c60003e9a0c1497dfbf9b3a172ad756cfcb03f30b056fb5a8a486197535bbe44dc8,CLEAR,DAYLIGHT,DRY,FAILING TO YIELD RIGHT-OF-WAY,2.0,20.5,2.0,2.0
15942e4ceaa1071916257ab8242cf090d7b61ba57c0aaf30ff5cfd1d873fafca6dd0a509f9b1ca43d79226030e254d38974d3138698ce76dde7f53a9f6105dd0,RAIN,DAYLIGHT,WET,FAILING TO YIELD RIGHT-OF-WAY,2.0,37.5,1.0,1.0
159443b0f09d64387191ec29b4fe05117eb945dc934f6e2be026bbe2186444369a183ecf786a4d64d0319ae4ce135dbef097a90b8b876b52c5ba109fd1e29027,CLEAR,"DARKNESS, LIGHTED ROAD",DRY,DRIVING ON WRONG SIDE/WRONG WAY,2.0,31.0,2.0,2.0
1594c1044c19156be575e8bd6ec5a1529d31847a9751f01eba2f39cb8c596949c22f35c0c23d5e7e829a337c9d8f4b98f5194113308442e8458efd9d96133c74,RAIN,DAYLIGHT,WET,IMPROPER TURNING/NO SIGNAL,2.0,37.0,5.0,5.0
1594c2ab15f6fccd300f70e16a20bb4a27159bbe76a5e349f30692d3c8ce8486da0de5eda3a3c094a5b89baf1bf2675ac593a9556796b18de3537fbbecfe6588,RAIN,DAYLIGHT,WET,DISREGARDING STOP SIGN,2.0,22.0,2.0,2.0
1594cb2e83817116be258f9045f9df4c29c710a5ea1755fd3bd950a51cc7c340d055716eb7e7896a990f2cd4daef9c03c839665e06ad9f2113390da4728216b6,CLEAR,DAYLIGHT,DRY,FAILING TO YIELD RIGHT-OF-WAY,2.0,40.4,5.0,5.0
1594ea008c4cfe9bcea07104615ce0000d920051adf12b043087f4cc3f0e21a69593bc3e4db86a179b46b9470241cbc5cf93c4902989e72b307d67302679dfd0,CLEAR,"DARKNESS, LIGHTED ROAD",DRY,IMPROPER TURNING/NO SIGNAL,2.0,34.0,2.0,2.0
1594f2de00ab693fad44052d248ad5b199ae3367ca2bbaef5375ef69ceb45bd3134fc577dbe5ef0a2ff0fe7491673cb8426251b3de78165f601140a7a1f5e8ff,CLEAR,DAYLIGHT,DRY,IMPROPER OVERTAKING/PASSING,2.0,34.0,2.0,2.0
15953c13ac4ca2f7e7b44ebfe6a36b416dc80885ed53d9f6e8eb055cc14501e280eb1fb4d250eea70b7b60326d749c49d162c758070f7f57f8c2e2e2bad2fe3c,CLEAR,DAYLIGHT,DRY,IMPROPER BACKING,2.0,46.0,1.0,1.0
15955ee3a2966deefa1eefba9b58efd22c6dc891b1a06fdf72f71abe3ed3db28c70dfdf9c2db22367b1f030af887c10eb99537b2ce6c4930f4c8353db59d5e18,CLOUDY/OVERCAST,DAYLIGHT,DRY,DRIVING SKILLS/KNOWLEDGE/EXPERIENCE,2.0,61.0,1.0,1.0
1595743ebcd661127cedee476c29e7150283554ab6ace3095492741ca475bd64a3500c461100974bf573d63944f1caaeef2b2131dff9788dabd73cc3d84233bc,CLEAR,DARKNESS,SNOW OR SLUSH,WEATHER,2.0,19.0,1.0,1.0
15959e0968a889bd23af84e7b953eff661f4f967f21f398f2f94be9b3915e1cdc91591b9fe35aafff4e704440b679e26c204c69674d943dff0c0a76b20e26e6d,CLEAR,DAYLIGHT,DRY,"OPERATING VEHICLE IN ERRATIC, RECKLESS, CARELESS, NEGLIGENT OR AGGRESSIVE MANNER",2.0,24.0,1.0,1.0
1595a3109fffdc6f633f51a24358f1336582ddbbb1efd4df9d5642292441ec43437eebeddfe24210d41b60d77dd58a3a1b4582b241ef8eb2ecb54a5beafb4190,CLEAR,DUSK,DRY,FAILING TO YIELD RIGHT-OF-WAY,2.0,34.0,2.0,2.0
1595a47182dab870b804c98fc9626c53a71945ad19d69ef0c851df503977834359cb89e5add6b6d746989b1cb92f77cc1993631dc4dfd5b00d0e6ee034d22a8d,OTHER,DAYLIGHT,SNOW OR SLUSH,WEATHER,2.0,18.5,3.0,3.0
1595c04b34e56b3810c3a99dff8f11c96d54ba858ab83ee024ae4a0abde01d5bb911d9a3f7d582f09199d352d672c450606b20b0154313e06b5f29a452a7dc5c,CLEAR,"DARKNESS, LIGHTED ROAD",DRY,FAILING TO YIELD RIGHT-OF-WAY,2.0,53.5,2.0,2.0
1595e8b17112de94a05ac302632f304e25a61ca39d065b134b1dbc99a4455291c0cf0de83e2c274a294d73bd59d91710e78e9ff723b7ce254755d4e63f77b065,CLEAR,DAYLIGHT,DRY,DRIVING SKILLS/KNOWLEDGE/EXPERIENCE,1.0,50.0,1.0,1.0
1595ed7b1a4c79db004264353f44ab9c9a274ce35e14e5a2d2ae3128d37d45e4d0095e859a5bb1a97c22944f7cc340076bbf0451b351a15c8e3a4e3c38d0878f,CLEAR,DAYLIGHT,UNKNOWN,FOLLOWING TOO CLOSELY,2.0,54.0,2.0,2.0
1595f32ccc744cb8449b9227da1e82d9c0e0a6720148b790bd65491f86192479d98788429b15f8c2296470a6fd96d490c1c8cf9a8ec332e10b2744b6a8078673,CLEAR,DAYLIGHT,DRY,IMPROPER TURNING/NO SIGNAL,2.0,31.0,4.0,4.0
159646caf04b419671151c49854d9f6bc874632cc8ffe0bc5f5753fa435b95d1af1a18a9bd3a20495a1d0f4470929742ceb817e6bac5581e8cc49989182781d5,CLEAR,"DARKNESS, LIGHTED ROAD",DRY,DRIVING ON WRONG SIDE/WRONG WAY,2.0,36.0,4.0,4.0
159650404070211d279fbcd4537c9197ebef414bcbc4bc91b4338037b08e146564057a0e90f2ec6b8f2c24371e6d81204c59c98ce1abba42dd9a41d835b8c1e9,CLEAR,DAYLIGHT,DRY,FAILING TO YIELD RIGHT-OF-WAY,2.0,42.0,2.0,2.0
159687f69300e90059297d7b61256f5d916b38af506277d3d95ae01eafbd2cd151fccaf2b3da4678623a33ef1f5c5384fe9831f27b778c4e572dcfef1dc9664d,CLEAR,DAYLIGHT,DRY,DRIVING SKILLS/KNOWLEDGE/EXPERIENCE,2.0,30.0,1.0,1.0
1596c1104dba729ef23fa3baf846d90a6f9988a9571d3bf8ff10bc81f80c6aca4f290eba37176e537294216e2ceae9aa49c276e3c209b55fb55b352259c223ad,CLEAR,DAYLIGHT,DRY,FAILING TO YIELD RIGHT-OF-WAY,2.0,53.5,2.0,2.0
1596c7952ffd523f66f787360671b8665676673dc729b451df37bb4625129d81033015c0f980d5cc90350522aef6421d8ec23306f81013e077603fa39416e799,CLEAR,DAYLIGHT,DRY,FOLLOWING TOO CLOSELY,2.0,42.0,2.0,2.0
1596d6e50a86a790f6bf5b3641db7bb979591377526e31e4c6caef719873139c61695b2cb806d5135fafb026e3fb81a0bb970c9fba7bfef3387903c7f2893296,CLEAR,"DARKNESS, LIGHTED ROAD",DRY,FAILING TO YIELD RIGHT-OF-WAY,2.0,19.0,2.0,2.0
15971ddcc57ddaacd2590a8a7d929dcad85c4995a7ff514bc19e59269810859eff5e696c67978e606800046e76290d266c9d7699dc9235aec76f81fe7bc71136,CLEAR,DAYLIGHT,UNKNOWN,IMPROPER BACKING,2.0,51.0,3.0,3.0
15972b18610f4cb9373aaba5341db495386eea4d50561afcee7e6838880f405a80b67c0891103b50236cdf0c5f5c66d6af6edd87d7833909a544f7367822409a,CLOUDY/OVERCAST,DAYLIGHT,DRY,DRIVING SKILLS/KNOWLEDGE/EXPERIENCE,4.0,18.75,4.0,4.0
15972cdd7373461d974ed7f9526564b2a1f7388e49d0061d2008c15da242565606b57728c319a6df99bf13dec31d3eda1c86bdc8907c0d2d62998b99c7025851,CLEAR,DARKNESS,ICE,WEATHER,1.0,29.0,1.0,1.0
159739d71323accd15baaeb108f40393bae6d9f116b7abe0a726c76a6d9436a04a9d2442b015140fbffb0efe44424ae8941a8d11ed106de5927cd6919ea41e74,CLEAR,DARKNESS,DRY,FAILING TO YIELD RIGHT-OF-WAY,2.0,26.5,2.0,2.0
15973a009284e69bab2fd24273d20e1300cc3bcc42960f45d3f86f7541b6a4da24600182b7e5b2937756e5168cafb43c85d8d273acb6e00bd1a8178f21ee1bcb,CLEAR,DAYLIGHT,DRY,FAILING TO YIELD RIGHT-OF-WAY,2.0,60.75,4.0,4.0
159746efa71aea83f686e0f232888edd915bdd4aa5f3e2d7275b19724396976770a3eaefa6328a6dea4a366f83461a453ae439c0810704b9e78a90e4c5da01cf,CLEAR,DAYLIGHT,UNKNOWN,IMPROPER LANE USAGE,2.0,36.0,2.0,2.0
15979aecf54d6c4c18c508f9ad0b3fe50185bc58946ded7227b56e2deed6dbc5062fb85dc6625c8271c4a49266c947cc31661df82b388f69b3e2cc02537ecfe0,CLEAR,"DARKNESS, LIGHTED ROAD",DRY,DISREGARDING TRAFFIC SIGNALS,1.0,41.0,3.0,3.0
1597b5527973db27e4b1e24bddc2f6559df0705d63588ad70fed00ffa40dd904d2acc97e63204e1555cb66be5ed579ce62ba1ddd6f7b5e260579f2aaab989947,CLEAR,DAYLIGHT,DRY,DRIVING SKILLS/KNOWLEDGE/EXPERIENCE,1.0,55.0,1.0,1.0
1597c8cf6426eb48063044b985cfe66b1765efabdb40ba8003dc98cba827d0bf0c5ec523ca682afafdbdcfd24c76ec9c920ebd909e0c169d5c08a2d01d6488dc,CLEAR,DAYLIGHT,DRY,FOLLOWING TOO CLOSELY,3.0,39.0,3.0,3.0
1597db798c1ff82c034442c40c19144cc147cf0c259b6c06f4789c514ecab8aa778850eb1059339692a47edbf990035563c2db213d10dbe19c2f299c0a41c586,CLEAR,DAYLIGHT,DRY,IMPROPER BACKING,2.0,23.0,1.0,1.0
1597e07c2ead96c5cb4cbff5f2cff9d42c5df57a9322e0fe5eb4c5afac5ea10b9e2ff8886a56fa96020a5d178ab323e33b0e0c7acc62864a517d0488ed10d24c,CLEAR,DAYLIGHT,UNKNOWN,DRIVING SKILLS/KNOWLEDGE/EXPERIENCE,2.0,22.0,2.0,2.0
1597e86e24facc610ea7ee6da860c563707c9bbeafcebdf38a7899776d8d6194636e73723ab758cc60e739cfd22b5c64ee876f043891257774d5003d2ef2c180,CLEAR,DAYLIGHT,DRY,FOLLOWING TOO CLOSELY,2.0,49.5,2.0,2.0
1598121619989c0e623fde13112861789eb4a5f1b027ab5c163601a852b4fd1f13cd2b38ea950d2f58b9024616404fa2eb78b8688b094e448c5bbaac9411ce12,CLEAR,DAYLIGHT,DRY,DRIVING ON WRONG SIDE/WRONG WAY,1.0,37.0,3.0,3.0
15986cc4c20c76b12eb6f49d03126a11f24bb8326df04201464757f09251bc3decd4f21128538eef58aa8fdb8aa9d666542fcfd64f5a2a08f2e51fc63b6bee3d,CLEAR,"DARKNESS, LIGHTED ROAD",WET,DISREGARDING STOP SIGN,2.0,31.0,4.0,4.0
1598ab66805efe90a0894ffa3a8f5e1913c7e980c646a2da7c8c8a1380d2f6c5e7adea0da5be5cff8d2869fcfb1df1c20d46aac55d3ac4e837795963d05bae7e,SNOW,DAYLIGHT,SNOW OR SLUSH,WEATHER,2.0,37.5,2.0,2.0