crash_record_id,weather_condition,lighting_condition,roadway_surface_cond,prim_contributory_cause,total_vehicles,avg_driver_age,total_people,total_injured
1598ac2c10aae7e8ca0381eaffbe94ab59decb4924b3d1d77d541de1419356cb90f098d2d7dcd67bd4aaeeeba37e36011e8899042d6c039ffa96b5955201d104,CLEAR,DAYLIGHT,DRY,FAILING TO YIELD RIGHT-OF-WAY,2.0,26.0,3.0,3.0
1598adca568c9f9662d5b35f72d9a7b35f8ef2e9d93ee8e697a3c7358d085b7272b8028bd119313a86789643eae1aec4801a07c68e9a4c50dfdc4415ce0126bd,RAIN,"DARKNESS, LIGHTED ROAD",WET,WEATHER,2.0,45.5,2.0,2.0
159907e578c302669ac8f1d7ead843b0cd7174e5de51956bf0f89c0778812685e2b4af827659be4a9d31b4783d32adac9d6332b92c4a5966a32254083486310f,CLEAR,DUSK,DRY,FAILING TO YIELD RIGHT-OF-WAY,2.0,26.5,2.0,2.0
15990c4231b8bd8d444caa9db22b94cc1c1ae152333352068035ad8107a6c0060bd563249acd1fe9a54438eff8c338f9974651fae1bdc43f357f1dae888c908a,RAIN,"DARKNESS, LIGHTED ROAD",WET,FOLLOWING TOO CLOSELY,3.0,38.0,3.0,3.0
15991364f7809c0c2babee5a29b356c59592c85edb207cf1f3af2bab1d8a4f65ff46bd9679a5fae233a030a4dd7cafe9adafe4028a24328a2a43509ad4dd1308,CLEAR,DAYLIGHT,UNKNOWN,FAILING TO YIELD RIGHT-OF-WAY,2.0,33.5,3.0,3.0
159927f347e3c6c4e452a06e71609b1a9e30004d0d37fc322314ef810559f84d16acf77323c4c7d442e9f3f2ba988245348436371b4338d76e7ac390223f8cd1,CLEAR,DAYLIGHT,DRY,FAILING TO YIELD RIGHT-OF-WAY,2.0,21.0,2.0,2.0
15992caf9dcefbf95fd69d1bd7ce14fb8e4d6b8f1b0ed8f07f8f1ed8d789cda0d56d9fbcfe36e08c6f9dd28505166958b25a8aec766728aed1871d0c2431452a,CLOUDY/OVERCAST,DAYLIGHT,DRY,FAILING TO YIELD RIGHT-OF-WAY,2.0,41.5,2.0,2.0
159930f2cf5bdf9337322f9e79d9e35475a81d9248a97b125a79e9ec8110042b9f8fe35f16d780ee47549366037b9c926b761f38ab4fdfcf77006eec7f436389,CLEAR,DAYLIGHT,DRY,FOLLOWING TOO CLOSELY,2.0,30.0,2.0,2.0
15994109a7e7db8138bdf83718b87cb295ccf189d5a6af688cc1f0f39369de2620ba99af8173191b418214db5f8d6fb0cbc5b6068dca4a3445facaed593eee46,CLEAR,DAYLIGHT,WET,DISREGARDING OTHER TRAFFIC SIGNS,2.0,47.5,5.0,5.0
159942af5aaaad24fe793842b33b963adc9d85fa92981ee3795db1f28983ed070376fe40f3f7207cef247eab465f1b24602e3f2ad8be9306e04b4e6ce0a877c1,UNKNOWN,DAYLIGHT,UNKNOWN,IMPROPER TURNING/NO SIGNAL,2.0,40.0,2.0,2.0
159942df7ca39e4eaa48563c008b683c2f129b807cc5f6a020ecf58d5b982ccab7171e00f7e25b6905c687bb3a8dab95d1ae881848cfd99e226a577f8386ab0a,RAIN,DARKNESS,WET,FAILING TO YIELD RIGHT-OF-WAY,2.0,28.75,4.0,4.0
159943de7fbabc6db7170c07c1279a2f8455f8e20e03aef68b4e61992df5c112ccfc4af4a11246f6cb00471efd65e3d6cc45cd80a589f5663f459b74305ee415,CLEAR,DAYLIGHT,WET,IMPROPER BACKING,2.0,34.0,2.0,2.0
15996bb788f83cad0a7c7ecff494cefdb71dce606e6fd7b9aac14ab6039eb8a5c05bed44a359b734c1c43079fdd31a0e206824f525e370bee786779e2df60e80,CLEAR,"DARKNESS, LIGHTED ROAD",DRY,DISREGARDING TRAFFIC SIGNALS,2.0,37.0,3.0,3.0
159a1158b11a3a227cff630bbd4640d88e3887b82e4a085613a48daee43da97bf58b22fbe41f391314dde8e7f1748b3c54b72de3c2628e3a776a012313814d48,CLEAR,DAYLIGHT,DRY,DRIVING SKILLS/KNOWLEDGE/EXPERIENCE,2.0,28.0,2.0,2.0
159a273b229e37541a18a9c5b87b15b32517b41c832ee057b9321828da419a6fa50565fa123ef0a27f69c9d15c8decd1ffb4e8af876e79467b98ec68dd0a4575,CLEAR,DAYLIGHT,DRY,IMPROPER BACKING,2.0,80.0,2.0,2.0
159a4fe5bd478005318c79a21f500779dcff636903a38dfc6648102a5dfc8135b18a26d562d844fdd07f8b62dbc9066c824ea024c8c46821fc6b90f094622c3c,CLEAR,DAYLIGHT,DRY,IMPROPER OVERTAKING/PASSING,2.0,51.5,2.0,2.0
159a75a1ac7fcd156cded3ef4669fe7156d07eede1742e91355592f8a3ab83d38f93ffc4ccd2c62069de0f14492797479275544ee04234d1eeb5310de2091aed,CLEAR,"DARKNESS, LIGHTED ROAD",DRY,FAILING TO YIELD RIGHT-OF-WAY,1.0,23.0,2.0,2.0
159a8206fc02d059bbd6d0544f0594343ca1aa85a1758f0647a1c5c26d01dcfeb23a0e0ebb3418b6ba3bafd32d488206e28025f7eeee90da454f5b80c32c3104,CLEAR,DAYLIGHT,DRY,FAILING TO YIELD RIGHT-OF-WAY,2.0,35.5,2.0,2.0
159a83a460b41833760e239871cbe460ce2d524297b81e446fd8bb5eebf1fa83dca2f8e303da36cda280a6edeeefcbe1c2d33fb6e78f1c90c230263f1c95090f,CLEAR,DAYLIGHT,DRY,IMPROPER LANE USAGE,2.0,30.25,4.0,4.0
159a84704380d69771d94877c33d6beddd7ed62e9ddfdafb2b273dbb52b533284b5ddfe6efc9a0736568f1129f0dfe06c5f4c51b0332877bd2b5dd04677bfc7f,CLEAR,"DARKNESS, LIGHTED ROAD",DRY,DISREGARDING TRAFFIC SIGNALS,2.0,58.0,2.0,2.0
159af99ae8a94a6369d271624cdf87d98f51bed654726369d1c1790a14382f89f6ed54678eef651bed278d016f7cac235b0e97b8e11b14a6d9a95512df3842bb,CLEAR,"DARKNESS, LIGHTED ROAD",DRY,EXCEEDING AUTHORIZED SPEED LIMIT,1.0,28.0,2.0,2.0
159b0ad053b8793f848dd256011eea652d24f55704a69234867b24d45b061f86f6dfbb17e145225458387918dd93f3f02947670505eb93e98fc61c7fb87d3306,CLOUDY/OVERCAST,DAYLIGHT,DRY,IMPROPER BACKING,1.0,54.0,1.0,1.0
159b2c18bb25bfdd0d77d9ba5bb434a15e225a179b8a835c8a258cac1d78c23e1086e0a19fb19f8f60fddb0168828d2c5db8d9bb21e5f0c4145dce9479aa2468,CLEAR,DAYLIGHT,DRY,IMPROPER OVERTAKING/PASSING,2.0,50.0,3.0,3.0
159b362a109adf5a9973a1ecac322e391b3f48579f53e7210b5f555999fcd5e390c4dc467c0191199712f0cc3c707903582f02e2c0b0040edf535ac00783e6cb,CLEAR,DAYLIGHT,WET,HAD BEEN DRINKING (USE WHEN ARREST IS NOT MADE),1.0,34.0,2.0,2.0
159b384e53e99dd399123c0fd9f2e3e2c257cb5ecebbb2ef9cd00a2da301325bc7e342945a80a7699bd43743532c6aa4031455570ae5a1a9078befe0f2d62286,CLEAR,"DARKNESS, LIGHTED ROAD",DRY,IMPROPER BACKING,2.0,47.0,3.0,3.0
159b47c579e06bc8ec16f6537486a7afb26c2ac38bf7ab602083eff44351b2528f06ed59d6116e8cab818dc189a378091a5c3d867a533cdcee0e413bab85be27,CLEAR,"DARKNESS, LIGHTED ROAD",DRY,IMPROPER LANE USAGE,2.0,47.0,2.0,2.0
159b7de09c8f1c1b10209623e3c4bc0ae63e36c5108783199923928e4a0b344cba066cf79ac3cb638a4e6152a7221d72d1fead27b48dac3c2e916591acee151d,CLEAR,DAYLIGHT,DRY,FAILING TO YIELD RIGHT-OF-WAY,2.0,39.0,2.0,2.0
159b7e4b4fbf6e651a9edc42970293e72c5f31fd743b7f2b8892219002417292ccd43993d1de77b4c1c379dd819b4e71edeae191ed33ccff90836051dd247a40,CLEAR,"DARKNESS, LIGHTED ROAD",DRY,IMPROPER LANE USAGE,2.0,31.333333333333332,3.0,3.0
159b804d669f146137464b7b6cd76cbe32cb1859c20e4297af8e3cbbb1733b21030bf161175ccfa96691b7a38f2fa419c11120c982120108b51d6bb043e30ec5,RAIN,DAYLIGHT,WET,FOLLOWING TOO CLOSELY,4.0,28.0,4.0,4.0
159b9a5051fa8f7587af333ce0536a9205a331ffbfabc7dca83b171325444ea39596dd7ab2ae2074849a7a1b20ab7dd51afe3a339a600769de63b4ef54772dcc,CLEAR,"DARKNESS, LIGHTED ROAD",DRY,IMPROPER BACKING,2.0,28.75,5.0,5.0
159c138342046f0f47b874cd02497fcc90fe61ea96be2a0058b4097010e5271f3933b8b42c8cfccc233a57ed88ed934548868dde20afd9861b96affe39310ba4,CLEAR,"DARKNESS, LIGHTED ROAD",WET,IMPROPER OVERTAKING/PASSING,2.0,58.0,2.0,2.0
159c39fe1d9a49ecea54f7207e61a9d762508a9c5065123d68c829ab9951d34ba26898f31e76c423e4655f3508f2f9797f8c27fe91201ac96c12e2899d7e11fd,CLEAR,"DARKNESS, LIGHTED ROAD",DRY,FOLLOWING TOO CLOSELY,3.0,50.0,3.0,3.0
159c56b63930db641f9cacad828ef673712019f60a88c0bcf15efb63341050280ee04310f18a3c60892ae632fcdaefe940c2744eebe645cdc3c192a7b22886bf,RAIN,DAYLIGHT,WET,FAILING TO YIELD RIGHT-OF-WAY,4.0,48.2,5.0,5.0
159c6276d2627ee9f0aadcd18143872f0a15e0a4feb699392cd132317d4b0db1bb0a1f7bccac1b1954902e719a7710b745717a9b12b94c4c114e049a6feb8042,UNKNOWN,"DARKNESS, LIGHTED ROAD",UNKNOWN,IMPROPER OVERTAKING/PASSING,2.0,42.0,2.0,2.0
159c7520fc7a929c29b421cb79cc047bedcf45f68074534e387611b80df9743e72f391e96fc4d52f457fe89d3697edd9307d8475ffe366db4c9d0c23fea646bc,RAIN,"DARKNESS, LIGHTED ROAD",WET,FOLLOWING TOO CLOSELY,2.0,0.0,2.0,2.0
159c79db8827d092c961c13f680727c368d0585fe85117a77c0dd114227b9012675779ec5db6a2630f1ab109517b948930ca620fb0a21136542e8c75ad04cf7e,CLEAR,DAYLIGHT,DRY,DISTRACTION - FROM OUTSIDE VEHICLE,1.0,34.0,1.0,1.0
159cd37ecbd8a7df93ef05dfe5883c41604a1b3da3ba62c3f165f173c23ef9f20ceba6f06544cb4876db08f58b78f61e510c2157dfdb968ef2a67be0942c89b2,CLEAR,"DARKNESS, LIGHTED ROAD",DRY,PHYSICAL CONDITION OF DRIVER,2.0,25.5,2.0,2.0
159d8748dd93dfc7b0aa4f54663bf58a8db44be308e4d5875e7eec4d1ac99f315313737f8f0af5f21cc0829eba4c7d667f33c9610e54e26a471d2e1d08f59619,CLEAR,DAYLIGHT,DRY,FAILING TO YIELD RIGHT-OF-WAY,1.0,15.5,6.0,6.0
159d9157cc5fc1ba58e53da1223c005f687c3ffe9c96cbc8329956652bd7212b738b4f17b0995da25d970148aedd626659d19b7c4bc2e1214acac2a9b585cd25,CLEAR,"DARKNESS, LIGHTED ROAD",DRY,FOLLOWING TOO CLOSELY,2.0,37.5,2.0,2.0
159dac6d60578c4389f6d36c6aacff89615bc8396b7e93a064089d1a632d869facdbca32e82fc1fc828a2c55701816e2242b76ec7e42403fbce545b140b7faea,CLEAR,DAYLIGHT,DRY,IMPROPER LANE USAGE,2.0,37.0,2.0,2.0
159dd80459ed5730266d8831963d554f24923d447fde41df995981d24e8ed9d2a131a4ad93e7a47e6adc67a8e0c0a1463aa00b774dcb24f760a04dd6e47f5a5d,CLEAR,"DARKNESS, LIGHTED ROAD",DRY,FAILING TO YIELD RIGHT-OF-WAY,2.0,32.5,2.0,2.0
159ddcab9aac3ebf59bfda569b9cc8f380b47efd4d8067414d8c87233b7d1d96485614b10db813622aca1381caefb9656ba29f38227b3b2909222ff19c67c4b6,CLEAR,DAYLIGHT,DRY,IMPROPER OVERTAKING/PASSING,2.0,31.0,2.0,2.0
159df5bea7e18ace127e2a8142c7d128fcb49191202951df86f73b0e5ab7ac1d85145ea4d6a8fc887dc332d21788a1394380381b7ba0d32c52c3b06845765361,CLOUDY/OVERCAST,DAYLIGHT,WET,FAILING TO YIELD RIGHT-OF-WAY,2.0,25.333333333333332,3.0,3.0
159e2ef711dd6d1d5e7dd8959bac28b52ce38b68765ae2532fc18b247cd5a159f6028e1832fd2eb5ea4e778620f129b9277d45a397c48f78c98bc88d877bdc78,CLEAR,DAYLIGHT,DRY,FOLLOWING TOO CLOSELY,2.0,52.5,2.0,2.0
159e406345ed1dddbc0b9664e3ec051ccd62c298e4c78ab4e5dca78048115a8a9fa243bc3f95a18f9831e781947f6735fbb6872aecb1456d8b43d687f0c3ab89,CLEAR,DAYLIGHT,DRY,FAILING TO YIELD RIGHT-OF-WAY,2.0,28.5,2.0,2.0
159e63679fde26a41124046e70ef5a39c030b6dcc44ebddbe85970c4b2b1f20c07a6b5a92e0f21642e05c47fb3b8c0dfc66c34312cb6421d936bf5ec39f9b52e,SNOW,DAYLIGHT,SNOW OR SLUSH,FOLLOWING TOO CLOSELY,2.0,40.0,2.0,2.0
159e9587530c1ee05b0a43a8e98db57a9a40fc16eda13b9cabfbcd05b588f6160b3fd3644ca0d61c6a6ae56c266cd4fa394adce0a4d03ef9886d5bdacc18803e,CLEAR,DAYLIGHT,DRY,EXCEEDING AUTHORIZED SPEED LIMIT,2.0,54.0,2.0,2.0
159ea72592277ac048dbec0d90fc4e06c60342996f88a99d36c9f65f8a0b404c15456907bca1b25da31fb4bbdaf3ff9b9164d509fe2a7fb0db60b2ce4eb9a952,CLEAR,DAYLIGHT,WET,"OPERATING VEHICLE IN ERRATIC, RECKLESS, CARELESS, NEGLIGENT OR AGGRESSIVE MANNER",2.0,36.0,2.0,2.0
159ea7bc85ed7aec760c555b30ad6c40c8c012be0ea01f9ae2c281d782e2e79feebf1052af7f2f0a7260db8aa73bff23e01db4cbbf187f667f408de717e32187,CLEAR,DAYLIGHT,DRY,FOLLOWING TOO CLOSELY,2.0,47.0,2.0,2.0
159ecd02740413f8a4c4066b2ea709e5abb8cfac34c43d50cee16fc4c4ad3805a11041f2352395b50cdfe14364237a1d7f6b9cfc99daaa993dfb79e8db55cabf,CLEAR,"DARKNESS, LIGHTED ROAD",DRY,FAILING TO YIELD RIGHT-OF-WAY,2.0,31.0,3.0,3.0
159ed3aa7cec20224704f9d992cd3e11ebc470dd5909fae20789c0e6125c2cea7f76301d803e2ba8d979def7288046761b2cfc898a64d72685ca960a11f896a9,CLEAR,DAYLIGHT,DRY,FAILING TO YIELD RIGHT-OF-WAY,2.0,40.0,2.0,2.0
159f3ea4acbfde436a20337d81be22986a45dff8029c4a2ffe2662ef6cd0a570b873d4fc8383c7bdcb28a45d4f4bb633a7cedf5a612665d36c3f8a4678e57479,CLEAR,DAYLIGHT,DRY,FOLLOWING TOO CLOSELY,2.0,65.0,2.0,2.0
159f5af77daef60235dd11ab7ba7c27417d1e23ffa1c9761c41ffa1d435855a4e01c5c5da1e82db78769fbe4d2dc50fb5b094078914bfc969c6b4e1b0dd37965,CLEAR,DAYLIGHT,DRY,FOLLOWING TOO CLOSELY,2.0,24.0,2.0,2.0
159f631f17f69d284c73039d20528131984e1e8d9b3ed20f72470ca64a61c83a170e54606a961a3a0b5ede9616f5103e0e50282acafcba15ef82113b071da18e,CLEAR,DAYLIGHT,DRY,FOLLOWING TOO CLOSELY,2.0,31.5,2.0,2.0
159f6ae2485ffdecec475304dfa180a15e241f1d5d8762bdfbe3cda42b3303283dc323819b9640be6d189fc92de0307ab62799c8e6a1e877e8c07d807253ea09,CLEAR,"DARKNESS, LIGHTED ROAD",DRY,IMPROPER OVERTAKING/PASSING,2.0,51.0,2.0,2.0
159f75bd9035a8fc3ff77a97a093e64a8ca09a0d18db7cda5544a39794ac65d55b589080ca9d5dcb48b0d31ed3bc30d77ae593509f56ca765d5e9741de898af2,CLEAR,DAYLIGHT,DRY,FAILING TO YIELD RIGHT-OF-WAY,2.0,26.0,2.0,2.0
159f79d06b4420706c2defcd6c9fe3a552ad157b4a4eae29deb5570c42786453252369c14b9c38d195a8fe63a1544aae0882feca73cc856de8e8ef45240ca61f,RAIN,DAYLIGHT,WET,FAILING TO YIELD RIGHT-OF-WAY,2.0,65.0,2.0,2.0
159f8a6bde752bb8e730bbed3a014a66dbc9140d8509473089735a728846773621ce4a040f03f57ab60dd93fe154343bfe529a3460c973ef35b51a025515cd79,CLEAR,DAYLIGHT,DRY,"OPERATING VEHICLE IN ERRATIC, RECKLESS, CARELESS, NEGLIGENT OR AGGRESSIVE MANNER",1.0,30.0,1.0,1.0
159f8efc0e79b0f7ddab42313737360a847e2d0a875c89c69ad8b62fabb74b5344196d4d24303195e3984ba80c10a21cd9ccdc143f5782d8f22a672de7459e4c,CLEAR,"DARKNESS, LIGHTED ROAD",DRY,FAILING TO YIELD RIGHT-OF-WAY,2.0,38.0,6.0,6.0
159f9e4928d7fb44f34a07ab18f6021f084aa11de0aebb0e424803072ffed1a813b49bb5946c740efe9e0d844feae8502b720cec08b69a77eaf6196797dd98cf,UNKNOWN,DAYLIGHT,UNKNOWN,IMPROPER BACKING,2.0,35.0,2.0,2.0
159ff534d1744aabf6f6fa5f8af05be79159a9962f291f9b671639c7f32098ed17a2bf766da52e7f72dafeb0bedbf81c34d40e5e2762685ddaab31fdc2d01a11,CLOUDY/OVERCAST,DAYLIGHT,DRY,FAILING TO REDUCE SPEED TO AVOID CRASH,2.0,31.5,2.0,2.0
15a03bca348141d11cdb1b2be77433275737bca7a0ca2667ceb632b236175f8c1820fd209c5c29966c2aab29479f56c85af05933d03671ad35614d54eebc89de,CLEAR,DAYLIGHT,DRY,FAILING TO YIELD RIGHT-OF-WAY,2.0,47.5,2.0,2.0
15a0418eb8a27c2dfa406742b6177c2181e41733ced31597ddf28cb24e0a10f37e341783baca82bb5bc8a9033c72cc565f2362ed0f28df5617fb77dba7ddb9d6,CLEAR,DAYLIGHT,DRY,FAILING TO YIELD RIGHT-OF-WAY,2.0,53.5,2.0,2.0
15a04f6f2027684bdc074299cda8541a7c3f301fa98e9ea1ad5e025ab50f8e655bd0113c510f614716f3944f81f32b7ff6eacc2aa994d6ccfae3c684646b9ef5,CLEAR,DAYLIGHT,DRY,PHYSICAL CONDITION OF DRIVER,2.0,23.0,1.0,1.0
15a09a75582f04e7cfd656903e8d8b5cc1a8964c905f1f8b9870b7f2d36228cccdd1ba327cbe85dd7fb86d6cb40c5e92e03feb1f6382a59b59448513847190b5,CLEAR,DAYLIGHT,DRY,FAILING TO REDUCE SPEED TO AVOID CRASH,2.0,63.5,2.0,2.0
15a0a907d25c57a586950ffe69770800d6f4af8872e8c8b045616b756bd00638941849cdbbf13659acb5de1af38d8b82fc91dd5b8c76006efed6035329f8e776,CLEAR,"DARKNESS, LIGHTED ROAD",DRY,UNDER THE INFLUENCE OF ALCOHOL/DRUGS (USE WHEN ARREST IS EFFECTED),1.0,21.0,2.0,2.0
15a0c1b9236bf2229664d6a6708cf83f349745a614868b0f88d66a0e92fafa043b43902ad5813c8d1a514b2c5c017a0898160c181b3985d1659c4f81d7f11b4f,CLEAR,"DARKNESS, LIGHTED ROAD",DRY,IMPROPER TURNING/NO SIGNAL,2.0,32.0,2.0,2.0
15a0c56942999982dc5da5fb6c5cd9c242fb91014d7b4be36fdef20c7c3104c59470c7bedc1ddb9b0f26722f88c47073a5419532d40e76f1ae58182a304275de,RAIN,"DARKNESS, LIGHTED ROAD",WET,WEATHER,2.0,42.0,2.0,2.0
15a0c9bc842c7fa48bbd8ba1b0ddbd71bfbb58324154227549a60e82888efef24596b61faae9a70726b6c0918aa61815e0155c47228eeeb0a930a21ee0d55cd8,SNOW,DAYLIGHT,WET,IMPROPER BACKING,2.0,37.5,1.0,1.0
15a0d96fc560efedf980debeb2044ef98d7dc00824b5f650cae5653dfecf7f7703f352b25aed232cf9f6e2334c6d992322110b583266dc4769ee63e95c0d9de0,CLEAR,DAYLIGHT,DRY,IMPROPER BACKING,2.0,23.0,1.0,1.0
15a105529bd63d791c370b94ace448e3f20bd5586bb1328c5f8be81e67423b081fa751839f5004df22e22e8f9a3b1ffd481179741e54329662a0ae392428d1c8,CLEAR,DAYLIGHT,DRY,FOLLOWING TOO CLOSELY,2.0,38.666666666666664,3.0,3.0
15a1396027a4f65901db2dcec38f9cea9f4492ccdad4473f1c19c2fe2696a9daaa41f3a4794f0e835fe40c5b1dae8f0a48c85fd49524fe8063e4698d0e646cd3,CLEAR,DUSK,DRY,IMPROPER TURNING/NO SIGNAL,2.0,51.0,4.0,4.0
15a150f7147bd607198042a810703436d528dab69c8df3802e90342dfaa2ddd6d27b5403724697e6ca1b77ab5c05f755e55129d16c976ce20ae8a96d9c3260b1,CLEAR,DAYLIGHT,DRY,FOLLOWING TOO CLOSELY,3.0,35.333333333333336,3.0,3.0
15a17bf9461757df7069d6e88564363fd489fdc40926ee7415ba30fd650521f3c1095fcf09b95b0691c45f0ed311ecd530925ef82646d2d763e7d7a53d9a2155,CLEAR,DAYLIGHT,DRY,IMPROPER BACKING,2.0,38.5,2.0,2.0
15a17d05b0a8842ee17948bcee7bfd6e04ee46768bd5d77a6ce72571ceb153c2ab4e79298cb665f23de5478233d109e96aabed7ca79fae6a58a3738c725b86ab,CLEAR,"DARKNESS, LIGHTED ROAD",DRY,DISREGARDING STOP SIGN,1.0,19.0,2.0,2.0
15a1881792ffcf43eacdcdd2db0bc89f46b0d7bdcc4a1e5752b0375c7bb6920f9e29169f7053428021b75001d98e370b909ec30b4980bfbbf34d322ba033e86c,CLEAR,"DARKNESS, LIGHTED ROAD",DRY,DISREGARDING TRAFFIC SIGNALS,2.0,26.5,3.0,3.0
15a28301de5a3e7be5b42c992ee5441da145c50f1ab041510c49da43445a9a377b2dc8150ef1b293156ed82b47dce40ede8a0d7788b31749e8e624f897b40149,CLEAR,DAYLIGHT,DRY,FOLLOWING TOO CLOSELY,2.0,36.0,2.0,2.0
15a286827d9566350f034b4e4a783235d6f55b1808a738019b74032c17ed812993aaea7fb0c58cbf6e5be3bd0a7ca6a253613cac4504fdc3929597e8e9004e60,CLEAR,DAYLIGHT,DRY,FOLLOWING TOO CLOSELY,2.0,25.5,2.0,2.0
15a29d62991e1d66a9042089b3edb3ff9fdea88b04a243fb9e66ff312bd17dc0e8e998549c1d87117a645d037f43232bf8eb11cb142a11f6c3e8468134a67ab9,CLEAR,"DARKNESS, LIGHTED ROAD",DRY,FOLLOWING TOO CLOSELY,2.0,45.0,2.0,2.0
15a2a6f0a88cb61aa2e79a72e4663a1ad638243b72b49fc0e9abdd9428cdf4bcd3af1dfd0cb376e80f424664cb4d79f72f355cc42548a03f6cbe3b66312f856a,FREEZING RAIN/DRIZZLE,DAYLIGHT,WET,FOLLOWING TOO CLOSELY,3.0,40.5,6.0,6.0
15a2d358bcd92e2d350137057b71209c1a9340bb16d5022d57c39f3d9f8ea4bd913876928a96a256020fec83b6b184a8758defffc963a0976315ea70981c01c7,CLEAR,"DARKNESS, LIGHTED ROAD",DRY,DISREGARDING OTHER TRAFFIC SIGNS,1.0,43.0,2.0,2.0
15a2e6a8ba3b36e778b6d349fea2a206c2dea00d9d60e2f091a992cdf6d0600b5f2b71b4b3066a2ec3da83766fad2f167dd382fb3470364919979fed27afd54e,CLEAR,DAYLIGHT,DRY,IMPROPER OVERTAKING/PASSING,2.0,50.0,2.0,2.0
15a30b9a6a097d2583fe93c3bf7427618c7733c9c11ad586e9c95d87e94d838950a49e8a7ba1d06c76d18157d89d7024dbc3c1c5b2e0f1d7324810e99194228f,CLEAR,"DARKNESS, LIGHTED ROAD",DRY,FAILING TO YIELD RIGHT-OF-WAY,3.0,33.0,3.0,3.0
15a31c79d29742c9e25676dddf68857f90988445b96017ce4866d77de4acccee5661b2e95b165ffe74c7ef5ad198887684a6badf67b5c57ee78133841f1c3cbb,CLEAR,DAYLIGHT,DRY,DISREGARDING STOP SIGN,2.0,49.0,3.0,3.0
15a3411131f33788c4d2eda0958572aec1a4719765e7790819d220326f3e875c4798cee113a1f0a00b87aa1003d700f8d6d31a6d378c5752ab8692805751150a,CLEAR,"DARKNESS, LIGHTED ROAD",DRY,FOLLOWING TOO CLOSELY,2.0,33.833333333333336,6.0,6.0
15a3534fc213f73e1eae043099cbb57c33c44c40143a9fda91238df389087b82b67a791e90dec873181aa6808f9afd4a18d6e67d0edf1cab780a9adcb53e71cc,CLEAR,"DARKNESS, LIGHTED ROAD",DRY,IMPROPER BACKING,2.0,40.0,1.0,1.0
15a377d52179a03f04c2dc16b67b7005b691f4ededcb21005ea6b2d0c08cdec471f6f6c2fd2e1911b2bba3fe364e2e18804d81c20a43185dd68756c49fb6164f,CLEAR,DAYLIGHT,DRY,IMPROPER BACKING,2.0,46.0,1.0,1.0
15a3a3a209656043e5728b06bb742200ae22e74a3fb9efccf96deb883ac9c0be4504239c87c13c24dfd176d726a374ddf59dc21f2490d2648d46ea1926d17791,CLEAR,"DARKNESS, LIGHTED ROAD",DRY,FAILING TO REDUCE SPEED TO AVOID CRASH,2.0,50.0,3.0,3.0
15a3bfac12c4786e140bc9651e8f271c61b5a90937f51ffd464f755fd749f96f0d5c2473314343d5e4b37f80219a666b41aeb09f392ffc5a1b8d5e1f57424355,CLEAR,"DARKNESS, LIGHTED ROAD",DRY,UNDER THE INFLUENCE OF ALCOHOL/DRUGS (USE WHEN ARREST IS EFFECTED),6.0,19.0,1.0,1.0
15a3d81020caece2c28d2916456749a2f2feb1faa94b0135023237c9661a190d55dadc03398fa4b35bfaabf00102263bedee105f657f6d89a266f5800903aa0b,CLEAR,DAYLIGHT,DRY,IMPROPER BACKING,2.0,31.5,2.0,2.0
15a3e24fce3ce7cd2b02d44013d1a93ff2fbdca80632ecca87150673b21e819bd8649e309f867728fd25a9a9fcb6f0f2c00c42ab6733e4d6945262dbe6c90c0e,CLOUDY/OVERCAST,"DARKNESS, LIGHTED ROAD",WET,FOLLOWING TOO CLOSELY,2.0,27.5,3.0,3.0
15a406c45cbf870ef2ff2558849cdbeea832e88699dbc13cb15665ec53e6870723df1ce8ce63d3da2de490a79cf122a6c1952a4bfb97ea1d243c30d8da1a9581,CLEAR,DAYLIGHT,DRY,"OPERATING VEHICLE IN ERRATIC, RECKLESS, CARELESS, NEGLIGENT OR AGGRESSIVE MANNER",2.0,30.0,2.0,2.0
15a40a5a67f87aa8690516667261ea1b4398bf96552ac8dbfd93ac79c16fa590ead16d24dbaa3fc6b3ca8e366969829aab029d5b1563924ea6edf36152ca085f,CLEAR,DAYLIGHT,DRY,IMPROPER OVERTAKING/PASSING,2.0,43.0,3.0,3.0
15a41bfdc2bcd3ca032ecdca3b35317b34c8447b5d6fcf6213a8e6285790854e435ecfb88a8a40f9df2b862318889dd8d1336559973df3857002143fbb21ebef,UNKNOWN,DAYLIGHT,UNKNOWN,IMPROPER OVERTAKING/PASSING,2.0,71.0,3.0,3.0
15a4309870513b4c31378ecc10239c88b1212baf948a1631af44f535daff18fb23451e0fe9aa1b28758fa2137eec290a3e1d6783387c4c7dbdbf5631f9a5656a,CLEAR,DAYLIGHT,DRY,FOLLOWING TOO CLOSELY,2.0,56.0,2.0,2.0
15a4355ac7031b330d9dd448dd16e53a0238fa786c4a27eff34c8c73451cab62a17a49eb5d8880521282581dc5bea4d7fb59b7124a51d30d37992203fefc804d,CLEAR,"DARKNESS, LIGHTED ROAD",DRY,FAILING TO YIELD RIGHT-OF-WAY,2.0,45.5,2.0,2.0
15a458aaa522cc098ee7a1488613a6fc2421d37e5fdf6a458e7a820afab350c0d479e05e1f20efa2b6170aaa19550446af09fad133d63dcfaa3ecc248b554546,CLEAR,DAYLIGHT,DRY,IMPROPER OVERTAKING/PASSING,2.0,55.0,2.0,2.0