crash_record_id,weather_condition,lighting_condition,roadway_surface_cond,prim_contributory_cause,total_vehicles,avg_driver_age,total_people,total_injured
15a4a77cc8e4e3fed852febbeaf79079281b92bffd8eff81382e7e2216012089247b3e33424e95a33991714adc9a039f2d3cd6acb311be961692237388848145,CLEAR,DAYLIGHT,UNKNOWN,UNDER THE INFLUENCE OF ALCOHOL/DRUGS (USE WHEN ARREST IS EFFECTED),2.0,28.0,1.0,1.0
15a4b1ab9b3abae464fbe9433696ed2dbe38350bffebf88f3f487a92c0faaf7ec4c6527997f664a307a5762c2c8e3a8c1117d3d530aee0dcafb915663eb0ea43,CLOUDY/OVERCAST,DAYLIGHT,DRY,FOLLOWING TOO CLOSELY,3.0,30.5,3.0,3.0
15a4b651280105e4d7c6d95d0eeb550f53dd33e7c8b0bb41d049e85acd2a1cd1c33b49e3da409e5636b8c40025a4e2189f8e88e1f1e61b04c76c1c06268b0f06,CLEAR,DAYLIGHT,UNKNOWN,IMPROPER TURNING/NO SIGNAL,2.0,33.0,3.0,3.0
15a4d41a48d1d8b71d0e22e8d4560ff139f060cc996d3302b35bfd10968f74cb7e505fe7dffdc42c680875486965857b207187325570df61e7f3bbe53e5dbe6e,CLEAR,DAYLIGHT,DRY,IMPROPER LANE USAGE,2.0,17.5,3.0,3.0
15a5049070212d92159865720faf3623c6ae752ef83a6e96e9a6107d933babaa05946e885ae1a44924a13b23777859d5ff14a5709302714ef6389d3645eaaa37,CLEAR,DAYLIGHT,DRY,FAILING TO YIELD RIGHT-OF-WAY,1.0,38.5,2.0,2.0
15a510881720601ba40a2dd7832128a1ce3ad06ff7b18bc13141131ad6788426cfe5421f41b979316e7a32ed81198462bb33b9d5988a5b2c26201fc003831b80,CLEAR,DAYLIGHT,DRY,FOLLOWING TOO CLOSELY,2.0,31.5,2.0,2.0
15a5239a837377e9f42e585d5f51147b9f4ccf191bb1010b8a62e8f75a1166ec66d27f25bd45df21751195adde2b0e3a72aff897dbb499e9eae5b009fae43d64,CLEAR,"DARKNESS, LIGHTED ROAD",DRY,DISREGARDING TRAFFIC SIGNALS,2.0,44.0,4.0,4.0
15a52585efde7e2802ec997d2de92bb9cbd03f0b389fd23ac91bab96ff9cbd59cee1cfb943ff58a4d44e3f3a1d2cafb9b5d23abf413d792e47b9deeb94f49989,CLEAR,DAYLIGHT,DRY,IMPROPER OVERTAKING/PASSING,2.0,39.0,2.0,2.0
15a5382804fed34721cf7edfc815be4b3b0ca764a03cd1086cd4c735eed3e736dd038ce8c68952c9290d80adbd4fd5af1a3b2d9b49de0b3a51bdd4eebd27369d,CLEAR,DAYLIGHT,DRY,FOLLOWING TOO CLOSELY,2.0,24.0,2.0,2.0
15a559b6566259b372c995e230f7665dde9075fd439a5753b47d0d6cce5652fbf8e7a4121ad33ab4032dd199d29956f5a16f6fca275fe9ebc4f3aa0736cbc446,CLEAR,DAYLIGHT,WET,FAILING TO YIELD RIGHT-OF-WAY,1.0,22.5,2.0,2.0
15a55cf9a0d2b55ab11bed5c6d2a170d37e916b27934923c71d1a164996e8c5640a61804722d91c59214162d9ba47aa3e5e5e5876e0a5d4ed8e410ec2000cc9f,CLEAR,DAYLIGHT,DRY,FAILING TO REDUCE SPEED TO AVOID CRASH,3.0,28.0,1.0,1.0
15a55ec4d8c40b089cf2578d057bb3f800b68b589eee970a20e30b850d9c275f4b102d46b1eaac800521728a4fa7910ef2d21b9f570bfe943531c67689b8c164,CLEAR,DAYLIGHT,UNKNOWN,FOLLOWING TOO CLOSELY,2.0,53.0,2.0,2.0
15a566713d03bcbc0a1b3cdaa1bf1993bc6dce7d8d4ea1329853ffeda5e6bf6ba03e34bce7aa3ae325f099ebe5c1824e96ff92b40b161763aa3f5464d7771feb,CLEAR,UNKNOWN,DRY,IMPROPER OVERTAKING/PASSING,2.0,56.0,2.0,2.0
15a583d27bf88b2d0c8c81080e607f69d7cc637a46c50af007b331df7d754e90d09fe996eaef4b5f992a9da652a947cecdaa1569d40d9eb1726f8efc7e795702,CLEAR,"DARKNESS, LIGHTED ROAD",DRY,IMPROPER BACKING,2.0,37.5,1.0,1.0
15a5a169b8861e20cef02a28e7f70c5a4a7cc04de120086ec4ae11be4339534e0e7111d053be3c43fb852d7c310ab3da54172920b687f839762bff73934f5599,CLEAR,DAYLIGHT,DRY,IMPROPER BACKING,2.0,17.5,2.0,2.0
15a5eee3b04d1081dd5bd8ff8e3cd5ca24a5374703d47a03946282874571bb1512afabccb25c9ed23b61721b6a79d7d6b82138467e091639bf1fb5c96c2135b4,CLEAR,DAYLIGHT,DRY,FOLLOWING TOO CLOSELY,2.0,22.333333333333332,3.0,3.0
15a5f5e05d3612d7026e2764e072c7b23356fab5cfa03ce3b21a18805e7c631c188e7437fbb896d29b58d62bf53733cd825f257e50243de447e43bdee2dfe004,CLEAR,DARKNESS,DRY,FOLLOWING TOO CLOSELY,2.0,52.0,2.0,2.0
15a5fe00325898e3e696967c15b0b14e35f6c180b565589b3ecf81386be2cf4fd36f7967ee48635d32443ab00c250a4db0793186cffc0a02d18e7e6f155f966e,CLEAR,"DARKNESS, LIGHTED ROAD",DRY,IMPROPER OVERTAKING/PASSING,2.0,43.0,2.0,2.0
15a620996ebeb2bc6fcda1bd1b1f0b367468fc4b8718edf7bae501f3454bd059104cf72084156ba3db06baca9915071c81867164c5112e7878582d78d52842c8,CLEAR,"DARKNESS, LIGHTED ROAD",DRY,IMPROPER BACKING,2.0,29.5,2.0,2.0
15a646ea745d614cb7e431fbf8388f84e21bb158ed5e513e6a87192e3ed8ee19a63be8b11311976debdf15ceb9577a05fef91f055dfb25ee4f11740246c1ac7a,CLEAR,"DARKNESS, LIGHTED ROAD",WET,FAILING TO YIELD RIGHT-OF-WAY,2.0,35.0,2.0,2.0
15a67b7dff2fe9dea9f46628f7905c467f3b18e4f9fc6f542504c1400753429c56ed83af5879b4a8a0f825f4336416bb6427f2087a5a415ea79605505d7511d7,CLEAR,"DARKNESS, LIGHTED ROAD",DRY,IMPROPER TURNING/NO SIGNAL,2.0,48.0,2.0,2.0
15a708a99341c222950dce00a4ec705467d4c4a7dbf3cdf9946f1b4d1ded90b8018fdf3a829e1b430a6af1cd911cce86f061a8da056cde3150fc8ef555c18498,CLEAR,DAYLIGHT,DRY,IMPROPER OVERTAKING/PASSING,2.0,38.666666666666664,5.0,5.0
15a71a9600052dec9347b33ba6212dd2443409c4f34102d74a988ae92397d33a3b7210e2e5218bde3b3c0fd22327464c3b5812f7bea544ecc56300b0a14037fb,CLEAR,DAYLIGHT,DRY,EQUIPMENT - VEHICLE CONDITION,2.0,20.0,2.0,2.0
15a741fa598285f46ed47571547aea7facb4481382b088e22fc3281905c802aebdfaa39fe893fabd73f730b17007b3a749216801c654b7e9086b1fa769df7a5a,CLEAR,DAYLIGHT,DRY,IMPROPER BACKING,2.0,67.0,1.0,1.0
15a742a7bacf698b0a42c671afafe1d74c044a2646941c33516ef671201dd2f1816230771917e755c67c8e616b6ef65af3ae558c2286d2230f98e529e952368d,CLEAR,DAYLIGHT,DRY,IMPROPER OVERTAKING/PASSING,2.0,37.5,2.0,2.0
15a76663b2291d366272342a062c7c3d12fa0f0c4fcc5764fb9fa48bca4846e7b89d19e75df9434db5b8e141104ca325159482ffc1261512c8c80e26a32db885,CLOUDY/OVERCAST,DAYLIGHT,WET,FOLLOWING TOO CLOSELY,3.0,49.0,3.0,3.0
15a76836b660c9b315237caeb886cb7b1fbd0d4ddb0d7f9ca6b8caa282731823de7de55f93a44584fe8c6f116bb7748278a30d1ff018aedee86e8478d5103812,UNKNOWN,DAYLIGHT,UNKNOWN,PHYSICAL CONDITION OF DRIVER,2.0,37.5,1.0,1.0
15a7685065cb86a592ea3280d7b8af7656aa7b2ae2416f62975a3ace3072b5680a801a9ae641cdc8614d211726772c1d6e2401bc42e0a8a426209d4f36e071db,CLEAR,DAYLIGHT,UNKNOWN,IMPROPER OVERTAKING/PASSING,2.0,49.0,2.0,2.0
15a76ef95d30be847c2fa887b383db55a43c330308f11200018108b2e4eda7fc6f4779271632f3564ad4a06e510fcd9ee8e4bfd32937fa8513633d5331a62db2,CLEAR,DAYLIGHT,DRY,IMPROPER OVERTAKING/PASSING,2.0,42.0,2.0,2.0
15a782948d376cc45c00f782ad13c483a0f8583a20e3dc9fe76e25cd429b280324a2ada86d5259a384f19ca97116cdb81b2f0932f476ce0cd647d5b834f04fd9,CLEAR,DAYLIGHT,DRY,FOLLOWING TOO CLOSELY,2.0,54.5,2.0,2.0
15a785317c939dd6ad42738cd832c10cf71bbdf375d3e8d05bb652606a542d513e2e289dc873f0f0d9a5be22053ff08e8e1a159c6ca0d79f4cf5b68680fef9e3,RAIN,DARKNESS,WET,FOLLOWING TOO CLOSELY,2.0,39.0,2.0,2.0
15a78f50e46a94ead4503ce681cb721df2634c0b3a8e739313fb786b4de66c77a9691c268d282bfdb4e0e2adc342503d98c8b0fe36b12b10cf080b85cedfc81e,CLEAR,DAYLIGHT,DRY,UNDER THE INFLUENCE OF ALCOHOL/DRUGS (USE WHEN ARREST IS EFFECTED),2.0,43.5,2.0,2.0
15a795278d4fc572b6b3879838239665a59b9357db1707912c570ee09a1069798c1f1d09beca1f972975b4bcb02fdd5c474161e2054b7b08659592620a823ee9,CLEAR,DAYLIGHT,DRY,FOLLOWING TOO CLOSELY,2.0,49.0,3.0,3.0
15a7a4cf86ba5d931ea33b4ac588778e29e2013943bf5374d593f57260ba68ad43c5222f64555af813d05d3a42e49f718c2bd583c58656b0827cfd0d9d0729bc,CLEAR,DAYLIGHT,DRY,FAILING TO YIELD RIGHT-OF-WAY,2.0,60.0,2.0,2.0
15a7aa1981bddc8742b2dd42cb80c7eaa54e353f7a6b042803a908e6d40769372e51d503bde9ba2cfe965a8dd71f56f237e807cdb85890508ed760f50727100e,CLEAR,"DARKNESS, LIGHTED ROAD",WET,FOLLOWING TOO CLOSELY,2.0,37.0,3.0,3.0
15a7baf49b51c15b6a7289208188e6624bcb6b4bdeae41e7d94bdb53c4cdd6c7802e804154b9d89f04be8d7d9221cb231f5d862902b16f320a134253616a454e,CLEAR,DAYLIGHT,DRY,FOLLOWING TOO CLOSELY,2.0,37.0,3.0,3.0
15a7d3e73af734748329caa54cfbdc8e71e7ec740f62b47fd25fe31cfac24e8b42e8bab71ddce9af5cf88c07d7beb99427881d5684f9c9da930132f1a64359e4,CLEAR,DAYLIGHT,DRY,DISREGARDING TRAFFIC SIGNALS,2.0,40.0,2.0,2.0
15a7d4ef1c4e4c5b5b48cebc64d80ab1b769f4eee98d385955d28f8b935f0a8590268c7f5dd4451715c75a3654273f529156d4c46bd4cb2dd82b75b12c990a73,CLEAR,DAYLIGHT,DRY,EXCEEDING SAFE SPEED FOR CONDITIONS,2.0,24.0,5.0,5.0
15a8275fc43a70f1534b74cd4f17e538b011d3ffdccc52152e6e82193bdac13c55223835a385dcea010400099cc3015ea8042035e7cc99c7b790219ec80c207e,CLEAR,"DARKNESS, LIGHTED ROAD",DRY,IMPROPER OVERTAKING/PASSING,2.0,47.5,3.0,3.0
15a849aa721db7f0aa2a5807303602d103bd24fd36ab2fa09cd79fc53fdc608d2c3aa22dfc0f39ca25b21eb6638532de6f12c48ddc6122b56c802894e8b23c41,CLEAR,DAYLIGHT,DRY,FOLLOWING TOO CLOSELY,2.0,27.0,2.0,2.0
15a84b8970db40d8439157613a13e80f080d669465c08212c33698c599b76d5ccd236039ce26d681326b55d8af4b7766ecbd8d9b588ee786b7b438ff69c311aa,CLEAR,DAYLIGHT,DRY,IMPROPER OVERTAKING/PASSING,2.0,65.0,1.0,1.0
15a85df92e1aaf7ecccf385d9023fc96d0ab8a685482c08d607ee87df7a819b67d24699e90c51727448877325a4ec8d0c08ceaf6fa09293cfcb16e055ad0099a,RAIN,"DARKNESS, LIGHTED ROAD",WET,UNDER THE INFLUENCE OF ALCOHOL/DRUGS (USE WHEN ARREST IS EFFECTED),1.0,32.0,1.0,1.0
15a86ac1c480563eaf2fd774c915092409675efa113341c6dfb63f411c34434c3013bb368711af09429f996c3e63be8d366946b1d47d08d79f3cd03b73a0ab7e,CLEAR,"DARKNESS, LIGHTED ROAD",DRY,FAILING TO REDUCE SPEED TO AVOID CRASH,2.0,22.0,1.0,1.0
15a86b350c40cd2c083b96ecad54b1316625d9aff1a90439fc3f229b188f2362156c860c6f8b5832cfd8c11302ece06e0926b91106c392541d2a39c34c4bf0cb,CLEAR,DAYLIGHT,DRY,IMPROPER OVERTAKING/PASSING,2.0,59.0,3.0,3.0
15a88b9090f1cec05e7cd9bcfc3dc61e6851ac0989353039bbf9925e05d568a2ec09a799d2c34846777726e32db88f3f8e4894f8329e27dfce3b400174aa453b,RAIN,DAYLIGHT,WET,IMPROPER OVERTAKING/PASSING,2.0,0.0,4.0,4.0
15a89bc4f504a05c0cabe91a55d0402535ca96d63b1f07337a537adadf432e3917f45e83a1faeba1d62c41793ed559418c122671d744637869f8a7b190806806,CLEAR,DAYLIGHT,DRY,IMPROPER LANE USAGE,2.0,42.0,2.0,2.0
15a8c5c00d87a9d159ac6cbac9757d0a2b7f5606d0e5e71b1c627ae987f23b68106bf26c6bf86e04bbd9102e4c386079272e2bcaffa4de338bab267db9d1b91d,CLEAR,DAYLIGHT,DRY,FAILING TO YIELD RIGHT-OF-WAY,2.0,32.5,3.0,3.0
15a8cd8b18fa19ccfcc9117f434bdfccf4524f37f4a105a7a8561184a35dd5ea21f4c1616f259710cc4fee8f914e987023ec7358aaf447695fd2a44ddf8d5992,CLEAR,DAYLIGHT,DRY,IMPROPER LANE USAGE,2.0,44.0,2.0,2.0
15a920445a236afe681647370de63bac082de82c2adfcc2406ed988c0a48094a1499392f6d896940ec2cbc2f6f0d62ae0fe84347a1ce0d9389eefcc5b8e64bcb,CLEAR,DAYLIGHT,DRY,"VISION OBSCURED (SIGNS, TREE LIMBS, BUILDINGS, ETC.)",2.0,31.0,2.0,2.0
15a9532f2def6a691609e3fd3e1b4ce0cf90bac6d7afcf4df251575a4189a830ea0547a6df57215e466adae0725cd97aadd6e28730a3c9d7d7a71ede9094b1b3,CLEAR,DAYLIGHT,UNKNOWN,FAILING TO YIELD RIGHT-OF-WAY,2.0,46.0,2.0,2.0
15a9e59206e5e65bf13151ec0ebd74359a6e617067e2715797a9a988eda4bd5d4bdfea58652a0149868ca4ff04d7bb8c41f22a59a57af4b6f29ea39b3777d4e7,CLOUDY/OVERCAST,DAYLIGHT,DRY,IMPROPER LANE USAGE,2.0,22.0,2.0,2.0
15aa2622e31d3259046c99e56240cdd24289f9984203d06ce8bcba278a36fd6bb7a0a86d67dd431fce3999bbc91cae5d4e23ae0d2939d59605080e2125269164,CLEAR,DAYLIGHT,DRY,FAILING TO REDUCE SPEED TO AVOID CRASH,3.0,22.0,8.0,8.0
15aa4bc6c60726d5dbe2097c656b97798b8d87fe22c135207f99936a8d1a3b7be31c04ef1cd64e851247129edb5a0033e1b34757a6c63d86a318c0cea354de38,CLEAR,DAYLIGHT,DRY,FOLLOWING TOO CLOSELY,2.0,46.5,2.0,2.0
15aa6691ac1791756ba7ea9bd7624582ecdf399c6066d4ebfc47cc9531c0d120eec974ab94c65b94cb176a231a2659a80231a2e92345a23279aa1e480ee1aadb,CLEAR,DARKNESS,DRY,UNDER THE INFLUENCE OF ALCOHOL/DRUGS (USE WHEN ARREST IS EFFECTED),1.0,38.0,1.0,1.0
15aa6b4dc02d32b7e8bdec3ad18b7f971ec6e8d3cbc9fca181f798a239f8d28b9d2183881b6df764d6396264b01faff09d17877c965007d280f71f7a3c7dd9d4,CLEAR,DAYLIGHT,DRY,DRIVING SKILLS/KNOWLEDGE/EXPERIENCE,2.0,22.5,2.0,2.0
15aa9a941acacaec7791257fbd9f31d118de9049636e480b43de4d1009baee1fcfa3a468872393adc4ae5a0d5935a7a2ce75aa1d2ae0a18e959c477a6e6a50d3,CLEAR,DAYLIGHT,DRY,IMPROPER TURNING/NO SIGNAL,2.0,37.0,2.0,2.0
15aac8c28a0d7a3446105ebb2ecc5fd3709e6b7fc116dad835445a996ab39103947e42a351efb189390b1c56c2c3735b99351378350abf6c6c284468b8b2bd2a,SNOW,"DARKNESS, LIGHTED ROAD",ICE,FOLLOWING TOO CLOSELY,2.0,37.0,2.0,2.0
15aaca2f449dc1e76786a795ae7fdef888e5da5e56f180ae86010328554bd1b3dd07941851d1cde2c481b8cf302d3307197202382afc2f51c4f60e0a57709515,CLEAR,DAYLIGHT,DRY,FAILING TO YIELD RIGHT-OF-WAY,1.0,49.5,2.0,2.0
15aad6ec4a6518362e1fee75f3f405cd9f6ddcb9aa693dbe543b57578e8297a8394677b6020867f6b4b4b8b37b4ae4df48625fcc36afc343ec64c087125d3e4e,RAIN,"DARKNESS, LIGHTED ROAD",WET,WEATHER,1.0,41.0,2.0,2.0
15ab2740185a13c93c1669e57df41de50e089e035660484054efd49d49f35c0cf7c06fc84b74681b15a87aac9257fb2f2c08a6cdf5e3e22370ce62a5531db357,SNOW,"DARKNESS, LIGHTED ROAD",WET,DRIVING SKILLS/KNOWLEDGE/EXPERIENCE,3.0,33.0,1.0,1.0
15ab2f3f1cc686d121e1ce7e5643980e32080b98188f496a1b8ed27016fc061a6f4f7afbb6ee087de99f22a283e8743840c18d8f94df030aea29c20839a0a172,CLEAR,"DARKNESS, LIGHTED ROAD",DRY,FAILING TO YIELD RIGHT-OF-WAY,2.0,37.5,3.0,3.0
15ab479d2738c5f6510c125f52c5e899d0c755de672905bf8c11e7fd5a8260e168723b1f82510c75c29fc3aaa150e24855893fe5567d4cbf58f414abb3d5b8c9,CLEAR,DARKNESS,DRY,FOLLOWING TOO CLOSELY,2.0,34.0,4.0,4.0
15ab86642833fb6ef24a0b0347ef1008f6918c3c6ea8d672f47828adaa834767d49463b42b2369f3f5aea1ff33f500fc95f0b321e9a3bf305c7bbb3b55e1cbcb,CLEAR,DAYLIGHT,DRY,FAILING TO YIELD RIGHT-OF-WAY,2.0,24.0,2.0,2.0
15ab8cea3667cf46850a834997777c748065c0e4a6f7d19b3c2929cc3edea0ee314fb298e51bf3a1de8e36e48d5551f538d9499bfc49b9c507d5e1901bf6ff67,CLEAR,DAYLIGHT,DRY,IMPROPER TURNING/NO SIGNAL,2.0,41.5,2.0,2.0
15ab9291e717d8db435bbb3bfd9b6810b24114721364b933d1958f845e7c3b8671f824bc507e3a4a21f8e32a240b7959528c2df29b4c7bc006cf1240cbadee12,SNOW,"DARKNESS, LIGHTED ROAD",WET,FAILING TO REDUCE SPEED TO AVOID CRASH,2.0,21.0,2.0,2.0
15abdf56dc7575a8e2bb35b52e9959fbe8daeb5220c822c8e01111462eb64e06fcac3cddf70a80fb5d311636d2e95eb4e4e8b202d6e706b82422d98235056845,CLEAR,DARKNESS,DRY,"OPERATING VEHICLE IN ERRATIC, RECKLESS, CARELESS, NEGLIGENT OR AGGRESSIVE MANNER",2.0,37.5,1.0,1.0
15abeb5f383b00bc81afa2a7b85b9c316ce2d5e0324792c43218648f2c13930d4afdedcb964cd8794accd12713cc120c87642c0ea91161394b0af6bcfcdbfb08,CLEAR,DARKNESS,DRY,DISREGARDING TRAFFIC SIGNALS,2.0,37.0,2.0,2.0
15abf7ccd7b6df553266014aa22900c88d7416c0bf4a172564498c9197d74509f423877abf04ba72f44dc38532b5b7f4bcb2c89f2291cc038c0154b83a1482d0,CLEAR,DAYLIGHT,DRY,FAILING TO YIELD RIGHT-OF-WAY,2.0,49.0,2.0,2.0
15ac096b86334dfd2f9ceb8b8ee7edd353735dc525c26a9bec674a71c015bcc31b8ccfdbed338697329251852029d84d2bee2e90371078cfe95b9ad94d70883a,CLEAR,DAYLIGHT,DRY,FAILING TO YIELD RIGHT-OF-WAY,2.0,44.5,2.0,2.0
15ac479221c2da71995754200181f58d4a24e928a1ee28992a3138c2cfd9e105045baa9ef96776419da6f8bda1ca0d8e67e95dc6933d17520d5108d5d3474224,CLEAR,DARKNESS,DRY,FOLLOWING TOO CLOSELY,2.0,43.0,2.0,2.0
15ac48b975c6f5dea69cf7dc2e864d7e1ec62fc8f027e2d43b022bb87c57709a8c3f845b4c964baf5e6fef433b06ae15925354066853a281e0dbf7014197661d,CLEAR,"DARKNESS, LIGHTED ROAD",DRY,FAILING TO REDUCE SPEED TO AVOID CRASH,2.0,32.5,2.0,2.0
15ac633b0a82ad97bee2aafe266bfa3c9790e06815b60457d72372377931de22b553b34a9e6b875e5c2624573cfe5957fa39923244545dfd05de4f657c401e35,RAIN,DARKNESS,WET,EQUIPMENT - VEHICLE CONDITION,2.0,33.0,2.0,2.0
15ac6da2e3c3f3f8e83ea5dd3a97aa6df1155d37e72d573a08703b382f4704d35c175a33455218a40b2fdcfb14bda6e3b18413816f89dcf9d09c38d668d6a5da,SNOW,DAYLIGHT,SNOW OR SLUSH,EXCEEDING SAFE SPEED FOR CONDITIONS,2.0,25.0,1.0,1.0
15ac999838db85e53d3ff7ef3322bc96a8279cb77707359782aea6ee3decc90f9b0a57473488ae162845f8d336b9faf00725a2a71ac6bd824cc57e2267e858cf,CLEAR,DUSK,DRY,IMPROPER LANE USAGE,2.0,44.0,2.0,2.0
15aca13ab8c520ec3d8e0bec593c8206764fcde12acf9b3ac56abdc51ac898d105d607cb24a7d67713d23b44bb0726776552d30da39c0eceefc8207d27b04e04,CLEAR,DAYLIGHT,DRY,DISREGARDING STOP SIGN,2.0,45.0,2.0,2.0
15aca3c53dcab2fe4d86feba6dfada1c98e33d3c3f2496789ff36ac11268922c62910b26052c8b0160f84cecd7a3313111828d47b106629a05d66e5f4734e25f,CLEAR,DAYLIGHT,DRY,FOLLOWING TOO CLOSELY,3.0,33.666666666666664,4.0,4.0
15accdeba48d0f802d47d7e30b4c1595b634396f6b62cd04a3c76379242471b459b2b89900eb746c390591fa27910946a833157035adbc4cbc3e42fb32a19925,CLEAR,DAYLIGHT,DRY,FOLLOWING TOO CLOSELY,2.0,60.0,2.0,2.0
15acd02f774ae1bd6a507f658b3d6ba80676a4438d10925ad659964d74dbfe767119618af380e13e24e546f3ca3d1a4b9e2fa4e4c1fddfe253029780a897044e,CLEAR,DAYLIGHT,DRY,FOLLOWING TOO CLOSELY,2.0,32.5,3.0,3.0
15acd99dd602da32c6a972ce67e160d0bd6616f75da1037e136ae7c09cd206dcc6d0955aac0b1f6d317304a71f2c690f1c9cef3114d2f5235332f0b48031b71d,CLEAR,DAYLIGHT,DRY,"OPERATING VEHICLE IN ERRATIC, RECKLESS, CARELESS, NEGLIGENT OR AGGRESSIVE MANNER",2.0,64.0,3.0,3.0
15ace7f258f1c7cfb7d16fef1969f288514fe3f5c2b0aa791eb19a81b2826cc8c6bcb6d36cde39ae767efc583ea4322a5bec9bbe68ae62cff5e0d67610c3694b,CLEAR,"DARKNESS, LIGHTED ROAD",DRY,FAILING TO REDUCE SPEED TO AVOID CRASH,3.0,37.5,1.0,1.0
15ad75f7fd4f9ee1f613225382366169216918319f2f9337d2821947118658247b39345acc61cf6cd72973f1020ca315dfce495572a733dba9b20834df46de91,CLEAR,DAYLIGHT,DRY,IMPROPER OVERTAKING/PASSING,2.0,56.5,2.0,2.0
15ad84720022ddda7d748f3e01acc963f7f4d735e18f30d72ec88883d3587986db6cd8470697c3567879666b04875adf41818928bf977745932718e5973cc9e1,CLEAR,DAYLIGHT,DRY,FAILING TO YIELD RIGHT-OF-WAY,2.0,40.5,2.0,2.0
15ad92d5d5fc65a52b7b958d9c8794b6d5186a670467b2b263d9dc9b65735f7f66954ed07c26d0534c9bff18a1f9b1d0e1e8e65a7dc6ce47fed7454603c8b398,CLEAR,DAYLIGHT,DRY,FAILING TO YIELD RIGHT-OF-WAY,2.0,37.0,2.0,2.0
15adbe8446b8621eaa2f3e3f652ef5d1c7368f6f03a9c984a70bf36ce7273e9eb0e8438b43e1034e75755681dd97af91b4a9daa2fbabacb8212dcc83a6286cf3,CLEAR,DUSK,DRY,IMPROPER TURNING/NO SIGNAL,2.0,27.666666666666668,3.0,3.0
15adca98481b399c1977a7d69f08e09b86c4711ee0d5d3cae7a90c9edfc2dec813692db02acdd6bcf0f2d97a6e81e8cf3b17f0856230c1ae8add010fb259d8f6,CLEAR,DAYLIGHT,DRY,IMPROPER OVERTAKING/PASSING,2.0,42.5,2.0,2.0
15ae11510c2f8f13efc285751f2b5f553d9beefe4a757485adfb8e647f16439ffe11a0ab79083e92246bab118733934120e23478114797ebb5b0417e9b05b5df,RAIN,DAYLIGHT,WET,IMPROPER LANE USAGE,2.0,37.5,1.0,1.0
15ae1180d01db5f05d422de94b47e57ebde45f41de69e6382bb6b72b7301cb7af45ac2a1829312e6c11d251147776b50d5443d6948dd1b04aea866b536963f1a,SNOW,"DARKNESS, LIGHTED ROAD",SNOW OR SLUSH,IMPROPER OVERTAKING/PASSING,3.0,28.25,4.0,4.0
15ae2e23a72318ce3c14d7d7c2a3361052b300e73d17869b04f77fd9730fb149bbb55d6f50f9b5dde56ea069e5b6dd8a35d96afd7f87e609be24ed337394ce3d,CLEAR,DAYLIGHT,DRY,"DISTRACTION - OTHER ELECTRONIC DEVICE (NAVIGATION DEVICE, DVD PLAYER, ETC.)",4.0,24.0,1.0,1.0
15ae347592aa313c94d87bc797646a142bcc8ece606ffed6e3119b417c42c30fc42d3e574ed5520f45930f9e64bb3c52b606a45f772503827df482ce67ae3114,CLEAR,DAYLIGHT,DRY,IMPROPER LANE USAGE,2.0,27.0,2.0,2.0
15ae3804012f08b03ec51d5289c7773e5a9b18e5690267b82c24be1ec4af70064532c6b2933ee304ebec07c8156d24f7910845f0dcf1768727be61a3b016ef73,CLEAR,DAYLIGHT,DRY,"OPERATING VEHICLE IN ERRATIC, RECKLESS, CARELESS, NEGLIGENT OR AGGRESSIVE MANNER",1.0,60.0,2.0,2.0
15ae421560ce99960fa10ce2277d72ebb59659d8d4b8dfbba88491eec90e0c958fb0571358e96fdb14edaf69c8ba419f4ef4064bb9097ee739bfd4836ab0f1d1,CLOUDY/OVERCAST,DAYLIGHT,DRY,FAILING TO YIELD RIGHT-OF-WAY,2.0,29.0,2.0,2.0
15ae570aaa5c49aa823335a48db20ede073ee255865173e5814ef376c133183633aec346aabfe52d1822f92e9b34e3ace7501e530d8dd87b61bc931b10be8881,CLEAR,DAYLIGHT,DRY,"VISION OBSCURED (SIGNS, TREE LIMBS, BUILDINGS, ETC.)",2.0,65.0,2.0,2.0
15ae6581004ac2e68288148d0ec23c96b558807e0d47d684aaf2e7393614b44ab19dd254f92a4ae409f531ea8814772242c56c8471e960a74b9e8dd3ede3c71d,CLEAR,DAYLIGHT,DRY,FAILING TO YIELD RIGHT-OF-WAY,2.0,46.0,2.0,2.0
15ae72be61a6c5f162cbd00219191d3e8c3f40a95b9dddf835b7fdc1980e38f584c77869b44713524306caa95a448df9214e263c3ff225c1911be2e729583b4b,CLEAR,"DARKNESS, LIGHTED ROAD",DRY,FAILING TO YIELD RIGHT-OF-WAY,1.0,78.0,2.0,2.0
15aeac00ddab0d0641e19175c34b522dfe6518c24a55184add632149896f66f6796da0f80f50e665233fc5a33f83904fccf41a03d0ad59ad139a1a9313b8ee43,CLEAR,DAYLIGHT,UNKNOWN,FAILING TO YIELD RIGHT-OF-WAY,2.0,27.0,4.0,4.0
15aee96f6d66c1ffd4f5c7e9bfd67bfdf0fb51fda1789a7d8838f617151ba5a2ff29f4e5938e51604d403fc005d1bb201bcde409b650e4ce804bfc9828d71d72,RAIN,"DARKNESS, LIGHTED ROAD",WET,"OPERATING VEHICLE IN ERRATIC, RECKLESS, CARELESS, NEGLIGENT OR AGGRESSIVE MANNER",3.0,37.5,1.0,1.0