crash_record_id,weather_condition,lighting_condition,roadway_surface_cond,prim_contributory_cause,total_vehicles,avg_driver_age,total_people,total_injured
15aef757c1063d984bec585cd9f1dfb688e990557b918310303ef89eef7c5b507cd4d79a5f1b036521424c78485a455358bd081104f7a54051ac25015028f512,UNKNOWN,DARKNESS,UNKNOWN,DISTRACTION - FROM OUTSIDE VEHICLE,2.0,23.0,1.0,1.0
15af0148fad2c55edc122d2b88daffc08063a7fa65462c5592d0eca57b21fe017bd3dec60a3bc6b6953c2883de61e04d037cf7a8164356722941631fe5f7abaf,CLEAR,"DARKNESS, LIGHTED ROAD",DRY,DRIVING SKILLS/KNOWLEDGE/EXPERIENCE,2.0,37.5,1.0,1.0
15af07d07cf600692bfc2154554a0e271ba442a4062bb2645533791050e698cbc81dcb2f735d9a5ef6a46d76a47da8285b5d66646cb8497f49d655d83afb8b02,CLEAR,DAYLIGHT,DRY,PHYSICAL CONDITION OF DRIVER,1.0,66.0,1.0,1.0
15af353b62e560eaf499ec7f23c2f029ad88c9160f729de6a9c7b30757322870571e7eac5878639ed9549f28e6b8f97a2ff2d80745071a425c76e1332260ba4c,CLEAR,DAYLIGHT,DRY,"VISION OBSCURED (SIGNS, TREE LIMBS, BUILDINGS, ETC.)",2.0,27.0,2.0,2.0
15af44c2338973e2e5deac410f9bbbd66f8898c494c48358f6cc6a1f241b463406c70e9f9f584123efd64293b3bcd9943e82c7f1ec5e5ad3705b885599d00d5f,CLEAR,"DARKNESS, LIGHTED ROAD",DRY,IMPROPER LANE USAGE,2.0,26.0,2.0,2.0
15af5ef3c6cf981a62d11ec03532a70bb0cb3b036a807c6f04a9913516f3026a0b6e795b81d5c78b6757ac2b202b1c8d10ace63dc8eb10e25f24097605659358,RAIN,DAYLIGHT,WET,DISREGARDING STOP SIGN,2.0,87.0,2.0,2.0
15af7df4bde9160b1f2e93105b2c7fb6bd533332945e5f9a31a501161a712a49ba72be5c4180ed72860725dd5a1c78640c060ce1cfd98d0d34c1450fadc6c2db,CLEAR,DAYLIGHT,DRY,IMPROPER OVERTAKING/PASSING,2.0,48.0,2.0,2.0
15af818f8d397f6abf81fbef88ff59ac6adb35c90349c1375391282bad5b53bdb9bddd362a3e8cf88b27a076312b8cc255d1b47d234ac1003c6ad1757a6ef45f,CLEAR,DARKNESS,DRY,DISREGARDING TRAFFIC SIGNALS,2.0,12.0,5.0,5.0
15afa68420bf5d8e192053b90364d02ccda2509505468844c8698fcd438d72bd98fe6a483a2a5a4b83e5c7ef01a304119cbb9dea81f003c8347d3fd5901f9d23,CLEAR,DARKNESS,DRY,FAILING TO REDUCE SPEED TO AVOID CRASH,2.0,20.0,2.0,2.0
15b018506981e94192a31b4765d184f73e7d8b73ff124e83e2fce2f3a7a9a7b0a59f9c0fd77174dbaa4d9013ed48afad44b0ac5fabb95dbb8c0fe4b608e01938,CLEAR,DAYLIGHT,DRY,DISREGARDING STOP SIGN,2.0,37.0,2.0,2.0
15b03c46ae234bd1fdaaee045a84d6850334b4aee003da1a4d4c281d23e529347edc0271d676cbed8957b596838154c804d4df651d86f1f7cdc8d7a30b09b728,CLEAR,DAYLIGHT,DRY,FAILING TO YIELD RIGHT-OF-WAY,2.0,35.5,2.0,2.0
15b04a0431d5b59364a87f9a68e2af4412abc98f25a52ee50f00f0a9e4525bbe8736a67aaad77e805ad0d6c797a94f0588761ddabfb6e64c89e5cce856a1a509,CLEAR,DAYLIGHT,WET,IMPROPER OVERTAKING/PASSING,2.0,60.5,2.0,2.0
15b07ebd0e0a3215bc6d5dad029960ff96851c405989813ea056fc108ab74c43cae991e9831edc3cc52b9d009d7c5f21c4f9636fd4f130e95b4103b1852b1a2d,CLEAR,DAYLIGHT,DRY,FOLLOWING TOO CLOSELY,2.0,29.5,3.0,3.0
15b08b8974b643a87e833de64c1de3accc3f58da19cc4097c66605658c19ba7cee36ee4c136a935cfc706e9aebcf777ddf27c87f17564b7e29816d13b8d241b8,CLEAR,"DARKNESS, LIGHTED ROAD",DRY,DISREGARDING STOP SIGN,2.0,30.5,2.0,2.0
15b09aeb98952d910fe7ab6c5aa66a8b067f78f83d9f8d2dc4822776f1794e9bda03fdcf542d4b2122421b17af350c3c48a2085d97d565b3a6024ae979cef83e,CLEAR,DAYLIGHT,DRY,IMPROPER LANE USAGE,2.0,38.0,2.0,2.0
15b0d31a6d0ef0e551ba91f743e2575c4c6213d380329a9013c64906e75721dd18d24b04069f69a2f5fb1fce3c8866c13b2aa19134b1c46049142224cebef6fd,CLEAR,DAYLIGHT,DRY,IMPROPER TURNING/NO SIGNAL,2.0,30.5,2.0,2.0
15b0e307b1debd42f9a0668a9c0392f2ca89d3e775c3e50612970593b26da7a16e62a2d97ffa8a03b37fd6d193eae8a9c4291f1ab149789fed54f449d35600a6,CLEAR,DAYLIGHT,DRY,IMPROPER TURNING/NO SIGNAL,2.0,53.0,2.0,2.0
15b10190119ba1ac41a747edd108ab67b43d037ffbcbf23b255be95f94988fa79866dd55de49a759bce4cfeffdde1fca9cb9300d3328dde3422702eefa7cef37,CLEAR,DAYLIGHT,DRY,FAILING TO REDUCE SPEED TO AVOID CRASH,2.0,53.5,2.0,2.0
15b135bbb5cf8142c7e3267cabd1d644604e3a9cb7d0acaaf46262de5bfdcb0c9551706df460f41767200d5e4b6da06a9bc99019133b07298eec5e328c66be4c,CLEAR,DAYLIGHT,DRY,DRIVING SKILLS/KNOWLEDGE/EXPERIENCE,3.0,16.5,2.0,2.0
15b13a51ee50cd0db670ed02a160106da4a25962790455cc40a434689f0a4e7f546b804470594265a8cdc5b76cf3a2207ac00a307b23692d1c620ee596474ed5,CLEAR,DARKNESS,DRY,DRIVING SKILLS/KNOWLEDGE/EXPERIENCE,1.0,37.5,1.0,1.0
15b16006efe516e0e39a3789a5e5edf730b5bacab96830d21e4d137ed79484ea1063b33c0d8669ecaf0e28f27a38babb8977179b02bbb3372af353a55e026b30,CLEAR,DAYLIGHT,DRY,FAILING TO YIELD RIGHT-OF-WAY,2.0,55.5,2.0,2.0
15b16b622aabb0fb9402697f9f9868890da4dbc4bbd95b3e6c8425480fe8f8b33fa866aa25bcb899ef46164ab2e206b4b1c48b3b5a14b02043625a874a1ec090,CLEAR,DAYLIGHT,UNKNOWN,FAILING TO YIELD RIGHT-OF-WAY,2.0,67.0,2.0,2.0
15b181dbef41ef148eddac5696038d4218d9d270eb49ebcfac367bd9c07fbd774576d8fceaf5ab0b90991425a3ebb1a6745f61dee12dd2a73a3a01d115ff1a9a,SNOW,"DARKNESS, LIGHTED ROAD",SNOW OR SLUSH,WEATHER,2.0,37.5,1.0,1.0
15b1f7699f3f3844d2a11f4ec1a3b1763004d065225cf210bfcd0678b5bc4f96a859204f1eb6f552042f3789b3583d3e22ed38ec2a2e20b34941e2de52f33acd,CLEAR,DAYLIGHT,DRY,IMPROPER TURNING/NO SIGNAL,2.0,37.5,2.0,2.0
15b2065bf3159c2cdb550b55be99f3f85156b7119ffd650577e1ad81dbeaaec4ead26a202e8891fcfbcc300bbce72d8b1a880cb0e439be0ac57c3640e8f32bd1,CLEAR,DAYLIGHT,DRY,DRIVING SKILLS/KNOWLEDGE/EXPERIENCE,2.0,37.5,2.0,2.0
15b214f8ae7d6ae24e4b3b6eba4e9c5345f1f4e4ffba36552491b4cfa160ad19c5ec7e8a179f22c3fe3fb577d49d393566e5fdbe89cdc05bcffa57326e76576d,RAIN,"DARKNESS, LIGHTED ROAD",WET,PHYSICAL CONDITION OF DRIVER,2.0,21.0,1.0,1.0
15b21e603bcf5f94c4810af31b65525121215ac8866cc232404c247c9d9cb3d7aa0e9d6005f93009c64bd2df92231f8c1163543a3f6e3d07a63613561a6edd33,CLEAR,DAYLIGHT,DRY,DISREGARDING TRAFFIC SIGNALS,2.0,27.75,4.0,4.0
15b23aac17d976fcec5371438a086acb6465eac32821f318fed628ac20be8d647e6486bf41662bca1d952af5b99e8e9fbaf964e6e0989901ba636dd8957dc801,CLEAR,DAYLIGHT,DRY,"VISION OBSCURED (SIGNS, TREE LIMBS, BUILDINGS, ETC.)",1.0,37.5,2.0,2.0
15b23ad91d44e637b0e03d03247a9623918aa5bfcaaff46d37f7d1032f2540713f26d1f1cd986184f547f3dcb34cbdb03960251cdb932eb6906052d38debe431,CLEAR,DAYLIGHT,DRY,FOLLOWING TOO CLOSELY,2.0,56.0,3.0,3.0
15b253b2a1912ba50c629234faa8b98598ddbb1e0e41a0c17ba664b46a5fae881308bbacbbe23c1ce98062f23dfc5aeab0b0e8044a2d48aa3fd55d9a9e25dd75,CLEAR,DAYLIGHT,DRY,FAILING TO YIELD RIGHT-OF-WAY,3.0,48.0,2.0,2.0
15b26f7f2888fa5fa8347f6aeef667d8a384491b67dfa4f3834c4552b08f6eda83d449fbeb0ac1238e067ae123232ab5c2f3f5c71d8f76cba4cfde88f79a5aa3,CLEAR,DAYLIGHT,DRY,DRIVING SKILLS/KNOWLEDGE/EXPERIENCE,2.0,37.5,1.0,1.0
15b26f9f0ccc34b461c0ff103a71c7457fb7479a0556c5a903df924c94ae6ef03bd7f2d51ae95a23cd636a1455b4e11c37def295cc2c49231358111948afba13,CLEAR,DAYLIGHT,DRY,FOLLOWING TOO CLOSELY,2.0,44.0,3.0,3.0
15b2945710e4cc8a5b27e4875b280341f20558045194b7e6249edea445b7e5ba3876ef255ac2eef9678f2bcb20e7b241f994963e78a92292b89d822ac75cb9cf,CLEAR,DAYLIGHT,DRY,IMPROPER OVERTAKING/PASSING,2.0,49.333333333333336,3.0,3.0
15b296ff41f6793d40da4cf8cb98772a7ff2d52486d1e12422700864ac78fba510d19cdf8908b4d3bd65112fa73d6f5692d7c9a25a37cfefa98f92bdcfe8ae01,SNOW,"DARKNESS, LIGHTED ROAD",SNOW OR SLUSH,FAILING TO YIELD RIGHT-OF-WAY,1.0,28.5,2.0,2.0
15b2bd5cdb0254a3c480f077c3348e881ce32b841380fe7a47b54e642bd91b8875832d814d9c755eae67f14c604c36a9628345813cd7370ebd6e53688c52abc8,UNKNOWN,UNKNOWN,UNKNOWN,DRIVING SKILLS/KNOWLEDGE/EXPERIENCE,2.0,54.0,3.0,3.0
15b2d9bf8f0fe09783193f9cfe69e9efe89d55c986fe4df4cc5cd2efbfded22543fe371d34713bc3a303f5b2cd4dde824f1181380b9cb71aa931ca9b391dd54a,CLEAR,DAYLIGHT,DRY,IMPROPER OVERTAKING/PASSING,1.0,44.0,3.0,3.0
15b313b1876b55995d5a7c8c6f086c9bd0841775c2b3188b0e001758b3484d219b7f31938bbd5fdf5e6c5f356128ed45901170ab21395aab0a15611df5bcd43f,CLEAR,DAYLIGHT,DRY,DRIVING SKILLS/KNOWLEDGE/EXPERIENCE,2.0,58.0,2.0,2.0
15b31a29c67cb102669de237b42a4cf41cb9de1550d4c8c5c4b4f519408296c58c211fd7ddce45c2cbb74553bcf34c27bb72048749c838ff6e67194872831039,CLEAR,DAYLIGHT,DRY,FAILING TO YIELD RIGHT-OF-WAY,2.0,50.0,2.0,2.0
15b31b1fb2f3eedd1f5cbda02e6a82e0c3dac092ed1f2c0e4e6ea79483edbe6c5ee1696f82433d1241e09a47f6e06fcbc232bda0bb157a9a2af59dda194b24d8,CLEAR,DAYLIGHT,DRY,IMPROPER BACKING,2.0,36.0,2.0,2.0
15b333d4d538c5b32fcae068a50782e9576d77200695680363f4cfeea83bd656ee43f2cadc9429a372215dca512d84df4f2d4bca527546163240c1964c719fee,CLEAR,DAYLIGHT,DRY,FAILING TO REDUCE SPEED TO AVOID CRASH,2.0,42.5,2.0,2.0
15b350f65d609d7e6333158e586007a8e29bf4e517b0e9cbdf50c9b3dbe0b82f3cb7f2c5027761f9ad92af545cdf6a44cc76f24e4ff3db4310ba329f8b6ba2f7,CLEAR,"DARKNESS, LIGHTED ROAD",DRY,FAILING TO YIELD RIGHT-OF-WAY,1.0,37.5,2.0,2.0
15b3575dc1f9f0e50df53079ca4b9d39d4e44bdddb4f96996cac2fd41e7fa70942535a24f975224080f840f61c79f55dac6b0dd6621ec9259dcc049ce438b498,CLEAR,DUSK,DRY,FOLLOWING TOO CLOSELY,2.0,36.666666666666664,3.0,3.0
15b35c10cac19fa8614911b7ff6bbcd60a471bbea2032a5fd1fa624fe264da707b64c8ab0f85f26736ed530b7fe85fbe5731c025284bbd89cfb478d46c7f500e,CLEAR,DAYLIGHT,DRY,DISTRACTION - FROM INSIDE VEHICLE,2.0,55.0,1.0,1.0
15b385138d8f8c8d403fa4d9efe2e1abdfa359e4c19d8bd16ea8f0450dcd6acd1f91099e91cca5dc309639e4ac16f5278c01a7a1ba1ab38a0271c06de7bee709,CLEAR,DAYLIGHT,DRY,IMPROPER OVERTAKING/PASSING,2.0,58.5,2.0,2.0
15b39602f7799a84ed37e43d991035ec94c6debdae8237ccfd23c32bcbd75f9a41afbaa64e83f009e3d6a9ed1d2ea3c6119548e703925de6fccbb100ea11922a,CLEAR,"DARKNESS, LIGHTED ROAD",DRY,DRIVING SKILLS/KNOWLEDGE/EXPERIENCE,2.0,35.0,1.0,1.0
15b3beb7c18a68fc109386aa4308383439464601dae07545ce1cb376a721a8bb3f882c12cf03aaa4aec44f576373bccf3fe02a89aa194965906271fc7cb176fc,CLEAR,DAYLIGHT,DRY,FAILING TO REDUCE SPEED TO AVOID CRASH,2.0,30.5,2.0,2.0
15b3d16cd99eb54eb198ce5905e36643a263bb91227555d937a45aff999345341cf39ffe557f695a133284f76a47f305fd4e35b31b9081f539f4e759a4a59aa9,CLEAR,"DARKNESS, LIGHTED ROAD",DRY,FOLLOWING TOO CLOSELY,2.0,27.0,2.0,2.0
15b404a8b27e2bfbcd2e46afcd90e5bdd5ddfe28c20cd5e0355ebbb667b53d16295cb15a84c0dcc823a8702605bbce29643e0ae74afb453fd386b6017c642733,CLEAR,DAYLIGHT,DRY,IMPROPER LANE USAGE,2.0,31.0,2.0,2.0
15b408e4159c36ff21d824bc4455e7aa0cfee56820e67172d8ec3cd998b52b18285a13de369dae1e7a0bdffafbb4c0725928807bb5c05091c15a70d495ce3da8,RAIN,DAYLIGHT,WET,IMPROPER OVERTAKING/PASSING,2.0,34.0,2.0,2.0
15b43833251549f5a838d3edc3cb717f0bc07af4eaaa0598f9ac6d9022b0a08e14319c5eb4b1c897d012362fdd36a5d73e9221691dab08908766975fe505bfcd,CLEAR,DAYLIGHT,DRY,FOLLOWING TOO CLOSELY,2.0,56.0,4.0,4.0
15b440914bf28e2d028ef775bd19feead36029875731803792e6075b7a15b062cfddb8efb3c0e954e44bbf8253087294e436f63ee50d431af98f74d6a4f66160,CLEAR,DAYLIGHT,DRY,IMPROPER BACKING,2.0,37.5,2.0,2.0
15b499d3ad75142766e811f0622db903d411cafe0ea6f6168731c629680ed402083e135c0f76e8e38bbfb8269fd655d38480f2181219b692b23a94ca3b321fc1,CLEAR,DAYLIGHT,UNKNOWN,DRIVING SKILLS/KNOWLEDGE/EXPERIENCE,2.0,34.0,3.0,3.0
15b49a81de5d695b9b53682e4ee78034a78aaed86892a7df585d106d2ebb253db7af30e3559176db80156f62c933ea86c1ec0818734662642fa5bb5961da18ea,CLOUDY/OVERCAST,DAYLIGHT,DRY,IMPROPER BACKING,2.0,29.0,3.0,3.0
15b4b9b46ed16f37eb7da9bda692c3be98d3ce30d6e23080c3f5b8d5861f2d224050557665b31795cd0bedd147b62a075e308aa7b101c74befc16025c1cd7779,CLEAR,"DARKNESS, LIGHTED ROAD",DRY,FOLLOWING TOO CLOSELY,2.0,25.666666666666668,3.0,3.0
15b4baf4358e0b678906787eae8c1d87973fea473d9bb7983c64d2d2bf8383405dbfef8ddb703ebc257111c1c8b9464c1a62916865a0747b4145f6554021f602,CLEAR,"DARKNESS, LIGHTED ROAD",DRY,DRIVING ON WRONG SIDE/WRONG WAY,1.0,43.666666666666664,3.0,3.0
15b4ca9ea11ed9355282c556cde822fe9eb702cff4315723374da726ee303b45f5b894b1f26c7232b775b611ac7656307abad4cc472b540ffca426b16827b229,CLEAR,DAYLIGHT,DRY,FAILING TO YIELD RIGHT-OF-WAY,2.0,45.0,2.0,2.0
15b50e611ae2a4a1141a5a28708fbeb95d144bba636b55c367f28ea342a6a8a9ea1a984465ee981821035da3dc3086f637ce2e175e9a5a67bb544b693b11013a,CLEAR,"DARKNESS, LIGHTED ROAD",DRY,EXCEEDING AUTHORIZED SPEED LIMIT,2.0,58.0,2.0,2.0
15b57f7686a731f93042d46edb2d2b6de4743b71692358a9275da4b5adba4708308bb50e075c184b4c60027c576191fa771a763644cc1e4eb9fcac9eb31ff441,CLEAR,DAYLIGHT,DRY,IMPROPER LANE USAGE,2.0,63.0,3.0,3.0
15b583cac62543ef908102f0dc1f2a541120ae3bc44cf71c89e7b046dd8b663b0231841b881a4b94be2122eba3ac7aea08e40218afc3ff91a2c86289a5478446,CLEAR,DAYLIGHT,DRY,DISTRACTION - FROM OUTSIDE VEHICLE,3.0,35.0,3.0,3.0
15b585d7aaa08d82123e024c5da264a30057ebebe7f5b415ad940c506a6d1e8a914ad375fb6721f705a2d18beaf3331e04c0667f98f50a1f0d6a3da5e55fe16c,CLEAR,DAYLIGHT,DRY,IMPROPER OVERTAKING/PASSING,2.0,42.5,3.0,3.0
15b5d6c7d60f3dbd2a44318df09464ed48a2be50ed72088d6636bafbefb363a3d1e08b273bedd7bbea089e5786aa5a6aba5417667a0ffc823ee3f9be3c5fe799,RAIN,DAYLIGHT,WET,FAILING TO YIELD RIGHT-OF-WAY,1.0,31.0,2.0,2.0
15b5e5b1652b236aee029cc76ec7ca8467edd90c5898e49453c83fc12e8707740dad6d2204a9f842d13d245bf6efd45143c839f0bfa461a753c4d11cc5661a6b,CLEAR,"DARKNESS, LIGHTED ROAD",DRY,IMPROPER LANE USAGE,2.0,24.0,2.0,2.0
15b5f7078c005eac9d79b50ed18471d853d20311c784a6160b1d78b0a09db646709d4b5d538f07e352497e597c757b64181b68eda734f1f9d3a8bf77d29ae54b,CLEAR,DAYLIGHT,DRY,IMPROPER BACKING,2.0,61.0,1.0,1.0
15b62ac33142b694e7b680ac0e99579ff780cd32f0ca87351a00119023d29e8a6a55959d6bb76a3eafdf9f5ff72a9229404b886768ca518004de6e080b33c1cb,CLEAR,DAYLIGHT,DRY,FOLLOWING TOO CLOSELY,2.0,63.666666666666664,3.0,3.0
15b6a33a06b0b0a7613c91a6dd5eda7cbc7a98d52dcad5f0d81f47691dd6534d12d57c9c587e1870141b03ce8a8d81650a2d612787646991d1159c1776c164dd,FREEZING RAIN/DRIZZLE,"DARKNESS, LIGHTED ROAD",WET,"EVASIVE ACTION DUE TO ANIMAL, OBJECT, NONMOTORIST",2.0,52.0,2.0,2.0
15b6ad219b1868967f461ef9c26be554a298611eec6bb31fc662b45dba274496060e77c42d02bd250ad0376da3d1729890595e4f02a2e846c88e686b549b42e3,CLEAR,DAYLIGHT,DRY,DISREGARDING STOP SIGN,2.0,54.0,3.0,3.0
15b6da53e3d9c5bad549042eec4d0a99063e9b567533a1671553bfbe18a5a3d29e2e2f95f47715fd8ddba763e58392269e8aec7dda1fdab615853750ab63a2bb,CLEAR,DAYLIGHT,DRY,DRIVING ON WRONG SIDE/WRONG WAY,2.0,39.0,2.0,2.0
15b6f32b802a42dfb43dc7c967b2526600733c75b410781828d3f6394a8e86f007fff3eda24779c2a2340021c321e8a28b15e5b6bd6a01f1be03e85204f768ca,CLEAR,UNKNOWN,UNKNOWN,IMPROPER BACKING,2.0,47.0,3.0,3.0
15b71863ed40149a002dde87c6fcec0cec79d69a72e27dd1cfc5f0bf236d03a98f74e37dc874764ba4ccc6fc00687ea28fc0d5823a8d1f76f52f34aa13bd46a7,RAIN,DAYLIGHT,WET,FOLLOWING TOO CLOSELY,2.0,22.0,2.0,2.0
15b7188204df37539062153da8e259a1d2aff0b4e6f0ec6ebf62cecc98ae682ab79a09ce1d05901f4751dbfabe3c03023df9f4aa4e3fcb5faccc213dae093ac3,CLEAR,DAYLIGHT,UNKNOWN,FOLLOWING TOO CLOSELY,2.0,26.0,3.0,3.0
15b7285e091dd1dabb3317faa8b53d8402cbe08f75ec66bb5854eba5471b8524fbdd89878a68d82b954b708249a36cf5576363311c19685fdf8066e9136e491e,CLEAR,DARKNESS,DRY,FOLLOWING TOO CLOSELY,2.0,32.0,2.0,2.0
15b730f1fc6db96172f8b7a2a7a1e01cf44988df08d973c1938266c38590c2b230439b25229805ef8138f63329e5eec1f43d113ea63ea8a5c12f4779af5e8f7d,CLEAR,DAYLIGHT,DRY,FAILING TO YIELD RIGHT-OF-WAY,2.0,52.0,2.0,2.0
15b75a01e3110159b635d8a581c86e7f73d2c5eb4f500ea07f903d7950d3c32eec7b0192838475fa9da9efc354e51422488d40147920f51d6950c5c0f66c16b4,CLEAR,DAYLIGHT,DRY,DRIVING SKILLS/KNOWLEDGE/EXPERIENCE,2.0,51.333333333333336,3.0,3.0
15b76ec55df9827377c325a143e61d6fa9b3dbf00c21fa5a0ec348eb5322a15a23840326210c088c1653dc1ca1d60cd4d295cf33e1f645ff7aa828de1327890c,CLEAR,DAYLIGHT,DRY,FOLLOWING TOO CLOSELY,3.0,27.0,3.0,3.0
15b821ea0215fd0a8693bbf1b1a92367ef1d2e18bbf93aaff04f126cee62449428f528ec6a28ef1535d91950a553140843e29d97e23809af8bd333083a4163b0,CLEAR,"DARKNESS, LIGHTED ROAD",DRY,DRIVING ON WRONG SIDE/WRONG WAY,2.0,31.5,2.0,2.0
15b8a3822ab89ad3acf7b30b75bee73d599612e42e50a65d2543acdebb4b9b67cbd0b430790693db9dc363dd7f144baa5ca3edfd8c1a93467faad4cb5cd4a949,CLEAR,DAYLIGHT,DRY,FAILING TO REDUCE SPEED TO AVOID CRASH,1.0,52.0,1.0,1.0
15b8b53771072435e53aa1958da16c3408a73ee56bbd6696a49fdba51877eb7f04adcadccd54542c648a2402d3e241ff5059b5c855a26dd55b4be90de2c3582d,CLEAR,DAYLIGHT,DRY,FOLLOWING TOO CLOSELY,2.0,30.5,2.0,2.0
15b8ce5c28c1a5a3989f458fe88d124b973df297f39382829b6c35f1ecbe644543d9d9a2f3fb59fdb462ec1f23021efbbbf0d35c6f8e98a1544b1cee7dfbad1b,CLEAR,DAYLIGHT,DRY,IMPROPER OVERTAKING/PASSING,2.0,55.5,2.0,2.0
15b8ffce7f83e19820e0b260690a1fd6f8eca8c65ad4675361e49bd739738f78561c2b894ba35aee33326e759bedd7a8057c80b6b9c7cd0156e36e5970f283a7,CLEAR,DAYLIGHT,DRY,FOLLOWING TOO CLOSELY,2.0,43.666666666666664,3.0,3.0
15b9016093da12f4e17061758a9595c04ebf20d719a62928a803f5dce65608a9c5b2f820c6a5b72bee04c7b0106f13f5b8b3e96ee18964c964ab5b3428a5cd50,CLEAR,DAYLIGHT,DRY,FAILING TO YIELD RIGHT-OF-WAY,2.0,24.0,2.0,2.0
15b9c253723d4be43c55043aa7f459300d62c8e95212124d8e3b44ea358849ef4e525d96401c1259d1a985466383c45946e3d04f37d808c83d52369026e0c649,CLEAR,DAYLIGHT,DRY,IMPROPER TURNING/NO SIGNAL,2.0,31.0,2.0,2.0
15b9cc65e0c75a9e19979c8ac100c9ea9bce31071d838d014745ad6afc91446ea3a0b7da561fee2edf52183d0fa841c5cb897398c86e6e2bd24ad42a3e371ec0,CLEAR,DAYLIGHT,DRY,DRIVING SKILLS/KNOWLEDGE/EXPERIENCE,2.0,59.0,1.0,1.0
15b9d07bc9411cfc918f391d4daabbc008bbc306d760c778189f3593ab62aa25a25e173f3862c0c104a82c7617ace090f675be1d2e46edd02852076d5846efb5,CLEAR,DARKNESS,DRY,IMPROPER BACKING,2.0,34.5,4.0,3.0
15b9f0b57290ba23afaede98d9084f4332275a3ca997608e269999cf49b705f1068fd744ab7e7576a4842b8ea9a38b699df734a0f467e35680028c21c93a21c8,CLEAR,"DARKNESS, LIGHTED ROAD",DRY,IMPROPER BACKING,2.0,37.5,2.0,2.0
15b9fefeb4fc5eef3860f0052c7e9324fc3540b1aa9edb0fee720599cfc4c455c2fbc710dfeb25c710972e1efa27d8b053881232f5bf8ccf464a1789b234576f,CLEAR,DAYLIGHT,DRY,IMPROPER BACKING,2.0,37.0,2.0,2.0
15ba1e4bd4a09a1713e2423e1c39078f86685c2d3eb56fe591054d50efbbafb2333ba0e636a3d88ae79a3bce3f1c0785341ba188c317e299dd0edda50bc83b01,CLEAR,DAYLIGHT,DRY,FAILING TO REDUCE SPEED TO AVOID CRASH,3.0,60.0,1.0,1.0
15ba4e7fa677fe166c58443401df39f7e6ec69daa79d1ed7956d0188b1b13745f1f39e537fe7a31c029255b15a53b2b5bbae870643923d7ba4b95553cb05467c,CLEAR,DAYLIGHT,DRY,DISTRACTION - FROM INSIDE VEHICLE,3.0,44.0,3.0,3.0
15ba79ab609fc66170ec8eb104739b8ff534df35f24dfe751b2d8b96e3422e85c53b9f5fafbcd60786236b7d5cd49e295fe87cb2926d9a54a8624dac1d4d35ca,CLEAR,DAYLIGHT,DRY,FAILING TO YIELD RIGHT-OF-WAY,2.0,26.666666666666668,3.0,3.0
15ba83850ce560880d4600f2e8cd732b638ccf06e43c3eaa97bc212b43cbe38f8fcd99eb41b28eabb9ce5041b5be12703670bc8577d5a4ac7b5d3c51844fd86a,CLEAR,"DARKNESS, LIGHTED ROAD",DRY,FAILING TO REDUCE SPEED TO AVOID CRASH,2.0,51.5,2.0,2.0
15baa7ab09d919db7bc99632293c951af2f278150405cea69fe13672010cd0067f077a3bf11dafef01b9ba73c7938df2797d362a90c10fea4d9b47010f39e7e0,CLEAR,DAYLIGHT,DRY,FAILING TO YIELD RIGHT-OF-WAY,2.0,60.0,2.0,2.0
15bad3f37782fbab9f7ec193833bec5628ea219fa94e6d47dd8923a020946266891019ed9949d59885ca081178982398ced537e3b7cc003b109769908c9888c3,CLEAR,DAYLIGHT,DRY,FAILING TO YIELD RIGHT-OF-WAY,2.0,43.666666666666664,3.0,3.0
15bad95155289b0a539a353f85e9e13172161374cbef41a6a8dad1db18b24f3fc158f7abf50b5d4b7a1da8c26630624cf7cd3aa59addc58637a5d8a0e26acc2d,CLEAR,DARKNESS,DRY,IMPROPER BACKING,2.0,23.5,4.0,4.0
15bade014ac00e4e4221f453aa15956e1d4a9858d28947930e01d61d3e600be92c754a7a5184c0f26c992c118374f9aa4fbf3cb0baf75896be041738013859fa,UNKNOWN,"DARKNESS, LIGHTED ROAD",UNKNOWN,PHYSICAL CONDITION OF DRIVER,2.0,41.5,5.0,5.0
15bafa7a8f2f6fcdbac731babc0079fcd11b5c4e7153e1747eb49fc54c479d9c7080066a149f98265d5a8067e1fac188b1e5237ac488c11c20922a6385983628,CLEAR,"DARKNESS, LIGHTED ROAD",DRY,IMPROPER OVERTAKING/PASSING,2.0,33.0,2.0,2.0
15bb18e5954474fc77c0b2312526784e7efead5f31d63d5af072895f300bc1cdafc2ae487635ee79d04269be7f78edcfed966b4391fe16acd4d7b3b09e7c593a,CLEAR,"DARKNESS, LIGHTED ROAD",DRY,FAILING TO REDUCE SPEED TO AVOID CRASH,2.0,37.5,2.0,2.0
15bb198bc2ca188917c18c886ef90f5a92f545404958b7a3f32dbe9c17e96763d339d359639a865aabc9551e2222930441abfb2283e7234b55c7359e3fb1d802,UNKNOWN,"DARKNESS, LIGHTED ROAD",UNKNOWN,FOLLOWING TOO CLOSELY,2.0,40.5,2.0,2.0