crash_record_id,weather_condition,lighting_condition,roadway_surface_cond,prim_contributory_cause,total_vehicles,avg_driver_age,total_people,total_injured
15bb1cb4c99317018c7b0444836e76e181447a9fa19df967df6455c4c83444dd150c0b9ca81453c146f6ae68d84c0d0ea7ac43c55e1e14a74cc20b7f1b657b3c,CLEAR,DAYLIGHT,DRY,FOLLOWING TOO CLOSELY,2.0,60.0,2.0,2.0
15bb251e7759cc0cff9fe70d0f2189409c68a7058f831204239cb1ac9687a4c7bf035e830b147855f32f8367f4a422bdd43fa71ec5142169b8e39118cec47765,CLEAR,DARKNESS,DRY,FOLLOWING TOO CLOSELY,2.0,42.0,2.0,2.0
15bb2b516f0482cf4ff216a042963e4ebc767eba42ed511ed42d96838a17aa6ba3c86e44f43b4d9053e4ee3f10c49b03bf7e59c181bceb90e8d97e434161378b,RAIN,DAYLIGHT,WET,FOLLOWING TOO CLOSELY,2.0,53.5,2.0,2.0
15bb533054db18af2d2856c37432c12beab2c901615bcf18848788665cbb6081ce68fe67c2695219f929a6fbfc09d0461f53ea455c5086213cfdd58290b08214,CLEAR,DUSK,DRY,IMPROPER OVERTAKING/PASSING,2.0,78.0,1.0,1.0
15bb5c1585a002baea80fa624fa3c9f2f07da0f97890b3fa6aff618208ea96b133393bf72a1133d9d1830a4ee02b09c3405a2040b9278423df169157c39e0ca3,CLEAR,DUSK,DRY,"VISION OBSCURED (SIGNS, TREE LIMBS, BUILDINGS, ETC.)",1.0,74.0,2.0,1.0
15bb650d85b5fb76b2c52822123ceda2de9dafe26494e517a388d1b299f9474acdce52ffa2750ca9ff3557f95e9f2b9c7d7d4be10ca2c62ea2f14ee6d5ae73a8,CLEAR,"DARKNESS, LIGHTED ROAD",DRY,IMPROPER TURNING/NO SIGNAL,2.0,29.0,2.0,2.0
15bb901b3a8c2de1b6842fede776c4deceb536e3c191173097ca8b8e145c9e55b42fc42b92c85338b91cd31a50390608a68b347ebc5b0a257a8bf6128658d238,CLEAR,DAYLIGHT,DRY,FOLLOWING TOO CLOSELY,2.0,34.5,3.0,3.0
15bba16bcbfc1d8bc9b10015a3988b698e7588a17e3f1f3787789ed7bd72cd77b48585d3fbacba65671971f0c3d381575acde31a18fa93150e8a917ad6f97cb6,CLEAR,DAYLIGHT,DRY,IMPROPER OVERTAKING/PASSING,2.0,27.0,2.0,2.0
15bba6135b2a2083547c135cdf4d140911e48731f675fec779e9e6803f28b12ee9fa70dc50d33f38377f10ab236b2c24a01a9653ba1be408fe0e484b9b42a91e,CLEAR,DAYLIGHT,DRY,"OPERATING VEHICLE IN ERRATIC, RECKLESS, CARELESS, NEGLIGENT OR AGGRESSIVE MANNER",2.0,37.5,1.0,1.0
15bbb4dcde64319ca1708e193a212453e38dce914c4f7f780f7d8142e1d12b34d8cc3ff206b21cbaa227fead7a02ff2c706b27bce258b70133ec5cf532cfeb38,CLEAR,"DARKNESS, LIGHTED ROAD",UNKNOWN,IMPROPER BACKING,2.0,30.0,2.0,2.0
15bbeb6ccfcbeecf38127ac5ee9688d4ccf6849035b4d91c4ddeff3f09a4b1a66a16e52738f5442f8a12f242771dce913609995b983f05b0937e6213b07ba322,CLEAR,DAYLIGHT,DRY,DISTRACTION - FROM INSIDE VEHICLE,3.0,37.5,1.0,1.0
15bbf4be8149307cbeb35fb8ac69ec4e6ffe80b827b8c2ae7271506aff632bbf7badfb1c506a94b189b6ea55c72a5a516fa2261088441837a197ef3c6a2af96e,CLEAR,DAYLIGHT,DRY,IMPROPER OVERTAKING/PASSING,2.0,36.5,2.0,2.0
15bc37f9fbe64981aa0b955af013dd737fc83570c0958989be055e9311863b038febd8d25a1435580a7e20b2e264882b785181c5f459ad43bf12e137cd788848,CLEAR,DAYLIGHT,DRY,IMPROPER LANE USAGE,2.0,26.0,4.0,4.0
15bc48f646695ff727f21866b2680fdf26902b789139886ba8eafc5a5a2d12fe9403d849a5630eece3bd90a9668c88f6cf45030f5d7bef59471401f19294c611,CLEAR,"DARKNESS, LIGHTED ROAD",DRY,IMPROPER BACKING,2.0,30.166666666666668,7.0,7.0
15bc4d2ed27a02d4840bcf4b7da7052b0cff74bca3441761ea2e2f14eb35c3db0737a5b23ead762791f47039aa106e20647825db252a7941ce46ce024899a55d,CLEAR,DAYLIGHT,DRY,IMPROPER OVERTAKING/PASSING,2.0,57.0,2.0,2.0
15bc55b222f4a43d6655f4202e0c607f53531b03fe473de1359f44451455b2e5f3d6e432b992dc9228acf01f94e6f79afa200f0b3e68ed3a1f61bf0f9d3f89f2,SNOW,DAYLIGHT,WET,FAILING TO YIELD RIGHT-OF-WAY,2.0,19.5,2.0,2.0
15bc5af0cfd69be11f2028ba5f4bfbfdbddec32e8afb711eaeeb7b1cabdbdff6ff4fa28752f7a7d74b1f73d146d41c249d56c33829e860c1c0da4d67c99051ae,CLEAR,DAYLIGHT,DRY,FOLLOWING TOO CLOSELY,2.0,34.5,2.0,2.0
15bc6bba18935d30b71b7f05717a18761192196c1a375b3d1d291e4526ec195940ca713d55df9e4fdd223feb9c2413e85b3b00ea05ae3ec3e78c946026999cec,CLEAR,DAYLIGHT,WET,FOLLOWING TOO CLOSELY,2.0,50.25,4.0,4.0
15bc766a187757bbf46101992f4736c2b777c4cc8363241cd96ac8dc8f63813afc0a6f6128663ce242c8e8a5a3ebaf1a16a137afd102a601c3605ca1aee8343a,CLEAR,DAYLIGHT,DRY,FAILING TO REDUCE SPEED TO AVOID CRASH,2.0,70.0,3.0,3.0
15bc8bd1dcfbfbcda09b4d2634a8223f25ddafe23d3efba69d4bfa6fb699b0785f581722bd1bfc37200f17c8031485cd8567a5a6c473dcd75288b62d7f431e5d,CLEAR,DAYLIGHT,DRY,IMPROPER LANE USAGE,2.0,37.5,1.0,1.0
15bcac7d776c0e8de729faf80ec5373093887a54419ba87346c34fd35501b231bc9383c638b6774e7191d3d4d47aa7da57ecce7014ae1dfb51cfc13219d98cb8,RAIN,"DARKNESS, LIGHTED ROAD",WET,DISREGARDING TRAFFIC SIGNALS,2.0,43.333333333333336,3.0,3.0
15bcb3babe88ec15726a8dffb02f3cefa11e2ce9e55a0d3e932b123bdf71e733d21732da16a8ca6e8023c8154025a79991188bc96b2ff816335916d0019e4a11,CLEAR,DAYLIGHT,DRY,FOLLOWING TOO CLOSELY,2.0,50.5,2.0,2.0
15bcc07bf71ff888f74b8518765863d1b00b60aa7156ff4e0de98f928258d0cb148c3ea8f01da3b4097f51e6ddaf870cb7f0e13c30c60f6dfe732d6464e90584,CLEAR,DARKNESS,WET,DRIVING SKILLS/KNOWLEDGE/EXPERIENCE,2.0,58.5,2.0,2.0
15bcd1489acf05be621290c8faec053fc30fe1710ce36800add602a6c40c1c2fbf58f15fc2c631ce8ac40e9a19c3a1dd24069cad07a8c0057f0e6269d5eab7ba,CLEAR,DAYLIGHT,DRY,DRIVING SKILLS/KNOWLEDGE/EXPERIENCE,2.0,37.5,2.0,2.0
15bd0d937280196d4a928063f26be90df9eb4cc3e00572a2f11dea2f749b8adaf7977ec7bcd9ceb6fb7bdf21bc0443638b9ebbda27b2aefb7ef84c4466d22ec2,CLEAR,DAYLIGHT,DRY,IMPROPER LANE USAGE,2.0,59.333333333333336,3.0,3.0
15bd0ef8ee766ee7c93e83535653e08a6b58bc8a2bdf30f14286b9bcaa2fa234eaa78e316865dff88e952e4536f31c660ddc688c1bfae08e441fdc680b533be4,CLEAR,DAYLIGHT,DRY,FAILING TO YIELD RIGHT-OF-WAY,2.0,29.5,2.0,2.0
15bd4d29c7fd5d428e2c92aa45773bf2a01efc7af6626a7e41ec6b8cc97559bb1501446c75e51215565fc55ccf6c1b98f7afb269b79b5887348a1f2d61876035,CLEAR,DAYLIGHT,DRY,FOLLOWING TOO CLOSELY,2.0,52.5,3.0,3.0
15bd5f016170c4a9c87ff8a238f07f259b066454636717b1980151848003b43619d2b4bb1439bc3dff0b61d61403d0ef04116b956da9f2f6bd165d26b6f2514c,CLEAR,"DARKNESS, LIGHTED ROAD",DRY,IMPROPER BACKING,2.0,37.5,1.0,1.0
15bd799c36e94712b6e500b63ac0703e9d8b8f6f97c6fd3603ac12ede9bbd259746d23c24622fa53728b02a68e33a2395ada24c1c96ed594bb48877bff96fac7,CLEAR,"DARKNESS, LIGHTED ROAD",DRY,FOLLOWING TOO CLOSELY,2.0,50.0,2.0,2.0
15bd7c9b12257939405e34ac32bf325e33c2aae30763caa6977b29d9a8ff9baa6cc4da51d9b0c1b1d68d8912acf281a42f22b77743f87bc22e72a5bd1a3f07c6,UNKNOWN,UNKNOWN,DRY,FAILING TO REDUCE SPEED TO AVOID CRASH,2.0,37.5,1.0,1.0
15bdaa33433b8df8d77f4ff8469147522e03ddbf36b281dfd047d2f7fa81b2c8397e1865da341e2aa3d2176f47127b7f61cc1b0f4ff7c1bbb5dfbe645f4c0a3d,CLEAR,DAYLIGHT,DRY,FAILING TO REDUCE SPEED TO AVOID CRASH,3.0,23.166666666666668,6.0,6.0
15bde26799958405a8526e5b78adc7dfdb68996009f0eee5d9a6e852b6983e03e4f3b203e237334c9c67abceb66cb88a31681b9ba24cc164a34b40c6299eb482,CLOUDY/OVERCAST,DAYLIGHT,ICE,FAILING TO REDUCE SPEED TO AVOID CRASH,1.0,48.0,1.0,1.0
15bde7c7448e41fcde363a50290de412c309b88b62177ade51509b974eeaf824eb31ceb7d093a107db113c48fc1583535cd9cdc32c27f9c5328b83e33f11b8fc,CLEAR,DAYLIGHT,DRY,IMPROPER BACKING,2.0,37.5,2.0,2.0
15be298c86e6e2dc9ea4140b8d2a0e945245e374156119e2ea7934f4520336bc2678381a3348ee0b03e44ef5ac452798b248329a3416b239575ec804f835e295,CLEAR,DAYLIGHT,DRY,FOLLOWING TOO CLOSELY,2.0,56.0,2.0,2.0
15be29d8c715e95341fe27e93da64889b94d4ea18f1421734491b610078883ed6d81a1600a24e40aa8e17f8bb30a834b98bcc286b068a90f0ba6f85a47145810,CLEAR,"DARKNESS, LIGHTED ROAD",DRY,DISREGARDING ROAD MARKINGS,1.0,48.5,2.0,2.0
15be4235bf29fcc03d855f33f99d51700be3299b0d69a4167e02a7a286cb454f3608f14857f439137cb9346f75197320471de34cb85456f9c3d22ba71b680fd4,CLEAR,DAYLIGHT,DRY,CELL PHONE USE OTHER THAN TEXTING,1.0,58.0,2.0,2.0
15be52c0af61a96f2618a70897f5aaf66fdd05ff3ebfe48a2d3ce9e462e45449b45c8bd38f6333eca19a1053518ff6fe3c2da645a447ffdbc19ee41ea3204fdf,CLEAR,"DARKNESS, LIGHTED ROAD",DRY,FAILING TO YIELD RIGHT-OF-WAY,2.0,27.666666666666668,6.0,6.0
15be567d7b75028b56e4421954a35504887d5175c1b92101840f4800a0c10584c3a11bc9a89cfd0e3d43c407918456653c79388a89253de36b3915debe05466c,CLEAR,DAYLIGHT,DRY,FOLLOWING TOO CLOSELY,2.0,28.0,2.0,2.0
15be70b39d80fbeb14210918eee164d4e906e511c45e49095d4de6ddb689774b8c154bcebd8428d913735ba3ca92169d0e5888ef7cbbaab50fb21f45711b462c,CLEAR,"DARKNESS, LIGHTED ROAD",DRY,IMPROPER OVERTAKING/PASSING,2.0,25.0,2.0,2.0
15be88d8e821506caaf156fa238238c879b3bdd543813953c5af8af5515cb3d0f72c17e70568ca24049f93b1a8e17e3f9280b48cf304bf5459dcc2973a51f908,CLEAR,DAYLIGHT,DRY,PHYSICAL CONDITION OF DRIVER,3.0,25.0,1.0,1.0
15be95c423e8d43a90afe1d23810ea3b4500554ee38a3189f413fb105009c2705e69ed0d80cab98096ec7fc54bbd18cd8330106b4d4a67bb31d2af8a48177ade,CLEAR,DAYLIGHT,DRY,FOLLOWING TOO CLOSELY,2.0,72.0,1.0,1.0
15beb0d832b6f7e38196d2e65944a4a678e1b7ee466c9ecfcf694fb64a8181fb598c249bddd166a05bc23473c213a9b75128134e381acf136ac57e7e8a4baf44,CLEAR,DAYLIGHT,DRY,IMPROPER TURNING/NO SIGNAL,2.0,26.666666666666668,3.0,3.0
15bec5c23a4bf750e08e3d171913117eaf974ae17f71b00b61e35b9a523d9e379d42693b0eb69b8b74cb848bce5ebde69876bdbf79a2fd768718f0f3c98ea879,CLEAR,"DARKNESS, LIGHTED ROAD",DRY,FAILING TO REDUCE SPEED TO AVOID CRASH,2.0,20.666666666666668,4.0,4.0
15bed9d23fc462981fc75e0460ee6653a56db028c12bba1b3f7d797d07498635996908e261cf4d58e3e743a244c75c55ebc8579049f4a5f364e64d504d864324,CLEAR,DAYLIGHT,DRY,DISREGARDING STOP SIGN,2.0,40.0,2.0,2.0
15bee61924863dbf36c2861d1d180176e4a88901c2ab6a481bb82f257db0cccb47cee08a717e1a9bf710d4d1fe42e3a9bd60647dcaab09af912fad251b3a8e8f,CLEAR,DAYLIGHT,DRY,FAILING TO YIELD RIGHT-OF-WAY,1.0,9.0,2.0,2.0
15bf19a10f4f03133ff4997637e22aa5789e73472bcb85cc17d799c48c21691c61f2416b00252cda4b535cb311ab9792a3725d3e34d55ae0c71e7c00c8349fdc,RAIN,"DARKNESS, LIGHTED ROAD",WET,FOLLOWING TOO CLOSELY,2.0,25.666666666666668,4.0,4.0
15bf33de554f042f246ecc1b32bf31d19c314a8bb1f22b710b2ae045feae74baf7e906fc09ac53430e8ff8df9430bb44dfdd74fa2052aaf976cbfd5d3bdb61fb,CLEAR,DARKNESS,DRY,DRIVING SKILLS/KNOWLEDGE/EXPERIENCE,1.0,53.5,2.0,2.0
15bf3eed24d591d16f26453a03e4cbc5b4e3050ff33f445db03a9fc2ff601df049d03abeb6439b139b5bc0f6c254c0e88d01ffa7e585a43a7315049c70715b33,UNKNOWN,"DARKNESS, LIGHTED ROAD",UNKNOWN,IMPROPER OVERTAKING/PASSING,2.0,31.0,3.0,3.0
15bf5257685e11de7604446f2f240d0fbce5881e77b02cdc3b8d9ef1ac15e5386cdedeb871f170a746c281357b5380f112bc728d3d6f83f4a96c51d5e69ac25a,CLEAR,DAYLIGHT,DRY,IMPROPER OVERTAKING/PASSING,2.0,46.0,2.0,2.0
15bf6c651dfe35f849cd97c25120c3c746ee745e94935ff0757a75f82b0a128912c3e93cd095338d6914140b0f54de4616a8c8be02e1dd9f8bdd6685ebc352ad,CLEAR,DAYLIGHT,DRY,DISTRACTION - FROM INSIDE VEHICLE,2.0,32.0,3.0,3.0
15bf76a0366aaa185f3113d752c5286476243d68f7c9847ae9f2b399f07611daf7b10e017458524ec27c1a3c69aac03c451aee77e84522aaf13970418cf59a84,CLEAR,DAYLIGHT,SNOW OR SLUSH,FAILING TO YIELD RIGHT-OF-WAY,3.0,48.5,3.0,3.0
15bfb61a3a0992a7c081dc5bfe25ca140a05b4b6f9a30cb0a37af6d0c7c1c5e47d56b9221d4dc80b590a405a295d8ffe8708328adb8daf6525b2efb1d365062d,CLEAR,DAYLIGHT,DRY,DISREGARDING STOP SIGN,2.0,19.0,2.0,2.0
15bfddf7bed80a53787ce43fc2f15c4c40ed8eefe8ed6774c44670011d45e55f2fff06024e570637f0fcac018d035855a1a0a89477c302099e131016f7617a9e,CLEAR,"DARKNESS, LIGHTED ROAD",DRY,IMPROPER OVERTAKING/PASSING,2.0,55.0,2.0,2.0
15bffd225c31af5021b95b61785fe111d373b13f75db4d5287d0bf72f61a2e66d5cbed00f8c2a027175ee10f3966b098710cc67d2abdc356c892cdc8eb7215e2,RAIN,DAYLIGHT,WET,FAILING TO YIELD RIGHT-OF-WAY,2.0,27.0,3.0,3.0
15c03502ce885b97aaf72fd7dfc74d0822bb9a9909fd2c48196b01b86becf76ec32e0d97ae74a397a09f9269b3879a20ee46166e3230819eb629cdcb065f1861,CLEAR,DUSK,DRY,IMPROPER BACKING,2.0,37.5,2.0,2.0
15c03add55cdf5d4fe5109135ef4f79be053a1076b419be03dab874462c7c10e1adf4e0da71fcaee7461fe172c82c51ab879fc64c7b34a9dabace74a8070e3d1,CLEAR,DAYLIGHT,DRY,IMPROPER OVERTAKING/PASSING,2.0,48.666666666666664,3.0,3.0
15c0421bbef66d7b9a93198a71afe3719ce639072174062500e0a1e45f3ca705baef90be710ffad99a49881fab343b180d4e9b68ba4b60d7c098def814f95fb5,CLEAR,"DARKNESS, LIGHTED ROAD",DRY,DISREGARDING STOP SIGN,2.0,31.333333333333332,3.0,3.0
15c056818b9a16f33decd78393da41deb26905d89e7857ab6fb4fe94c0138eb69caa6a0352e3022fd601858d3d21347b8a9bf1cecf2ee81bc24dcc6d97cc52d3,CLEAR,DARKNESS,DRY,PHYSICAL CONDITION OF DRIVER,2.0,37.5,1.0,1.0
15c0598d0c0b77f5f99a3946e0c04847e4b64f8e66cda03b7c644a129f0f513967e17f1725fd6207772a68eb946317cb5e8bc1f7657a0156c4213a77ace2be39,CLEAR,DAYLIGHT,DRY,FAILING TO REDUCE SPEED TO AVOID CRASH,2.0,37.0,3.0,3.0
15c07a20b233c5af07eb176e4f067af632c29c21c58b5a6e5fdabe2de9f621a957b91e2d938fed0aba6cc3c87c28b744b9969b244ed496b90e6f3ffdff00d08d,CLEAR,"DARKNESS, LIGHTED ROAD",DRY,IMPROPER TURNING/NO SIGNAL,1.0,38.0,1.0,1.0
15c08e0b03a746ce3d5b639465a6fa7a8db41810e0e36e94541e2c689002c20a72d66ff21452cefa370900327714225692e43ff59970c2dbebb1ab8f441cf6d8,SNOW,"DARKNESS, LIGHTED ROAD",SNOW OR SLUSH,FOLLOWING TOO CLOSELY,2.0,46.0,2.0,2.0
15c0a9c001c0894a0ff17cc993ea9988e51f38335d32e62f031805d238885239b59c24ee479ba8dc24ae351bd82eae80728c73d772ecbcec706b489020c9f0dc,CLEAR,DAYLIGHT,DRY,EXCEEDING SAFE SPEED FOR CONDITIONS,1.0,44.0,1.0,1.0
15c0cce7dd380a634818ad83395a0779be1add52fbd8617f06200647bf2c6cf8b2d5a13a3106cd903299cf40e52effede1502146fd8f929e56b9232b8525ecc0,CLEAR,DAYLIGHT,UNKNOWN,IMPROPER BACKING,2.0,55.0,2.0,2.0
15c0f2a60a9ad01192ff321735aa8e881666a4b44faf10287f23924aae519ffe9ab4acfbe099f5fce34bff29ff83f33d9276f2c9165887a949e6a33da3737b2f,CLEAR,DAYLIGHT,DRY,IMPROPER LANE USAGE,2.0,21.0,4.0,4.0
15c10ea0345deffcbaa88c2b808c1d51875681947e871de5ea2a387542c7cb906b9cf09902e72db74ddc35a1124701ce22317494d968ce049df86f0364a94cdf,CLEAR,DAYLIGHT,DRY,FAILING TO YIELD RIGHT-OF-WAY,2.0,36.0,2.0,2.0
15c1158dd8e5e969e7bb08646ccbe3d99dde687cbac18dc28ccb1013b0a42735a27d2508cf814da931b6a868c998271523060faf6657877d01c0cfca4ba86021,CLEAR,DAYLIGHT,DRY,IMPROPER BACKING,2.0,65.0,2.0,2.0
15c11592878cc82d158cbe7e742e1b77bede09dae87f6d9f311384c4e6c36b838c481f6033079582d972c3a0baa76eeda66bdf5386d181851cfa553cb60b41b9,CLEAR,DAYLIGHT,DRY,FAILING TO REDUCE SPEED TO AVOID CRASH,2.0,34.5,2.0,2.0
15c127e3a11b3d36f9ba9fbd451d2808f44c5f2c32f727eacb4eb6e9ada00ab384497ab6e99abb8d47648af41c780c1446db2884b9f34473b9fee6c557f7ccf5,FREEZING RAIN/DRIZZLE,DAYLIGHT,WET,FOLLOWING TOO CLOSELY,3.0,41.333333333333336,4.0,4.0
15c14bbe726da9cfdd91e5a2d8b15a4f0f68204726e4aeefd2989d5b0a8b8f3be922f9589567df7deff65ba1beb4c06ab181e62a0e897e275b57985c1a9856ee,CLEAR,"DARKNESS, LIGHTED ROAD",DRY,FOLLOWING TOO CLOSELY,2.0,31.666666666666668,3.0,3.0
15c15613925530cf2a517b416ad7f8aa732a3424d88289a43cedaf5f88fa7654b2f3ff40d104285ec3481ca3de2bb75dbbe3446e40b111ac9d373e54bf4d30ac,UNKNOWN,DAYLIGHT,UNKNOWN,PHYSICAL CONDITION OF DRIVER,2.0,69.0,1.0,1.0
15c185067e30a6067eeb4d89cf706ce78ef335bde68214dde08335594602c5d1bbc66908899263dffd1e34133706250cd301d2ee7aad145fee30284a3a1a2ec1,CLEAR,DAYLIGHT,DRY,FAILING TO YIELD RIGHT-OF-WAY,1.0,43.0,2.0,2.0
15c188ccb27321641d376671f20c649181a50593d1e85e274b5425aab9728a92e6551b36dab8d19a8ce851f0e52b073f934594b64be6f411e064aecdfbba1709,CLEAR,"DARKNESS, LIGHTED ROAD",DRY,DISTRACTION - FROM OUTSIDE VEHICLE,1.0,49.0,1.0,1.0
15c1a51d53e52a321fd5684e5a75a48415f9d07dc5e2d497b6fff9d38e756f2b2b050c162b7ee366051bb0e8b23eaf223809448f50bc627649508be7f13d560b,CLEAR,DAYLIGHT,DRY,FOLLOWING TOO CLOSELY,2.0,20.0,5.0,5.0
15c1ab8dbd7553e72e1e3b9f5a880ef1d377369fa724077f6813902d6f64a191a3b2735424f7cbf138b5511415502e0d9175273fb3ad3c5266db18f0496ebbc1,CLEAR,DAWN,DRY,FOLLOWING TOO CLOSELY,3.0,36.333333333333336,3.0,3.0
15c1c90693e88030a5298d06bb5402691fa6c7c715124e4f2ec4c4a50b622322bef786f0fe240776468044af14b805ab68510cc2bde866b39ee058064068d32b,CLEAR,"DARKNESS, LIGHTED ROAD",DRY,FAILING TO YIELD RIGHT-OF-WAY,2.0,32.0,4.0,4.0
15c2023cd11f35f9446661ea6a440120c9964685128843550f67792f6b345d092a2c63b860d1d111add15bff73bef64e890298df6758ddecd0169b4dcfe9e0ca,UNKNOWN,DAYLIGHT,UNKNOWN,FAILING TO YIELD RIGHT-OF-WAY,2.0,21.0,2.0,2.0
15c207625259f4bd2c56cbed36e3b07f946fa6c04edcf2827316f9a194015481f449decc64db56ee85bb96d885e4ffae52003af59bb49787e13206a349435f68,CLEAR,DAYLIGHT,DRY,FOLLOWING TOO CLOSELY,2.0,48.0,2.0,2.0
15c225be5747d7688f46fbe300eb47dbf26f805ba6973415d88470a1aac1d3eeb033849356a0ebb3dca42f56989c5bc1ac95ab4f28ae2dd7dbad42a1d64d45ca,CLEAR,DAYLIGHT,DRY,FAILING TO YIELD RIGHT-OF-WAY,2.0,28.0,2.0,2.0
15c2311af67e3c6df484af5753ae5d131c8dedb7a10ab4eab0a23b6bd848ee95d89af5367b1be87ae64dc5f70bc313b6a6a2ec8462fe3712568d0a98e601b640,CLEAR,DAYLIGHT,DRY,DISTRACTION - FROM INSIDE VEHICLE,2.0,49.5,2.0,2.0
15c256d22d44fb4039194c577b09b70adf0ca987b869cc2ada7f337221b558b53e767cc41e5afa3bcbd0420b16d4c70f961fdbdfa8d658a1ba162e9d4688a170,CLEAR,DAYLIGHT,DRY,FAILING TO YIELD RIGHT-OF-WAY,2.0,23.333333333333332,3.0,3.0
15c264c667f03a26f2d993172c3d6841ac9f6cf70f517ceeeb0c3b981a6b0a55d0f21238e52462c3cf31efb5d0295de4f56c17d9f3c2527cabaf02f0c7e5a51a,SNOW,"DARKNESS, LIGHTED ROAD",WET,FAILING TO REDUCE SPEED TO AVOID CRASH,2.0,46.5,2.0,2.0
15c295e706146731dd23648c2f5f9fac279fc712ae0af5b5205aac215d3ee05f81d362e056f4b0f22cb4bf21db5f881d76ccb4bc80b82b79b7a271c2610d5cbc,CLOUDY/OVERCAST,DARKNESS,WET,DISREGARDING OTHER TRAFFIC SIGNS,1.0,44.0,1.0,1.0
15c29899e333a3933074f3bc935be17a6a78aa4e36345757bdac6f13ccacf47992221e3978c0eedf1bec818e053664cf0b1a604d68f4cd629c47e1e27521327a,CLEAR,DARKNESS,DRY,IMPROPER OVERTAKING/PASSING,2.0,44.0,2.0,2.0
15c2ba7c9e604380ec888eae9e0955cb0771e3c119426bbdfa2e10d8c2771fc1c4fd4aa79bfd5faab880c1346b5725a0bd6d6eec86d338456e31f821fa847a0b,CLEAR,DAYLIGHT,DRY,IMPROPER TURNING/NO SIGNAL,2.0,47.0,2.0,2.0
15c2f1c839e768f78f7536a8d9892822ee96efc83f0e410837584a1cb7a205a9ee90b76776393649b144d8437a044c3782c109703f00e3299ee3ed2837f1f7c3,CLEAR,"DARKNESS, LIGHTED ROAD",DRY,FAILING TO YIELD RIGHT-OF-WAY,1.0,64.0,2.0,2.0
15c306f6d5ddda82508e64df1e2090983e7603fddf760e1872b674a89334bfc7880aa8fcd5a12507214c015360420d224cf3b4bd6ce97f7cbad820a0ce0780a4,CLEAR,DARKNESS,DRY,DISREGARDING TRAFFIC SIGNALS,3.0,30.0,3.0,3.0
15c384a1c810c10e954299576056e153ef83f30b42e2ca8e027293b28cf41b6eff1d2be70da21794387586e848e3d8015f5090483cde5a54eb8d9629d374fe49,CLEAR,"DARKNESS, LIGHTED ROAD",DRY,IMPROPER BACKING,2.0,37.5,1.0,1.0
15c3bde74776c32a0f46db4437ed84809eb52285b4db35928c6c26230481ce41feb2aed1bfb31b22cef3a9a4d81f84f85717a06533a329de013bf5af630ec0c6,CLEAR,"DARKNESS, LIGHTED ROAD",DRY,IMPROPER TURNING/NO SIGNAL,2.0,24.5,5.0,5.0
15c3dea2131e91d3bba51e91e4d1fadbe352452dc5815d8f809680704ade325ebc783f1d2a9b0d4b82df2ac680634f20bce6bd1fd10168637e14b9edcec2b1ae,CLEAR,DAYLIGHT,DRY,IMPROPER BACKING,1.0,40.0,1.0,1.0
15c3fead4dbcc23abe449c01854be81c15d72d19c3bb1c6b9e49832ae2102fbeda6383ea14a6da3e29222dcfdcd2c01dbc418bdbc2384658ada5af05fafdfc50,CLEAR,DAYLIGHT,DRY,DRIVING SKILLS/KNOWLEDGE/EXPERIENCE,2.0,68.0,2.0,2.0
15c40fe68f708ce31ce123502ca8e12de72aaf703b31fc22820447c5bb7e752b778c065e7eab6b201e513e3093ae0bc646dc9e321f72fcb59bf521d5cb83ff41,CLEAR,DAYLIGHT,DRY,DISREGARDING STOP SIGN,2.0,31.75,4.0,4.0
15c412449913959063892595c3cfbd3b41ddda18276802522a2844682a1d2a65ae001690b6a254ae93637b061e10e428d4aee8d8f892703f84c5b072f6a5b118,CLEAR,"DARKNESS, LIGHTED ROAD",UNKNOWN,IMPROPER OVERTAKING/PASSING,3.0,47.0,2.0,2.0
15c418b9bcbf619009412959f7b79e0bdc568bd5ddd898a6334719f4e2bcc8bb9769bdeaf4cca533adcc199a597bc53700dd9d972054ece9b8b54344bb331cbd,CLEAR,DAYLIGHT,DRY,IMPROPER OVERTAKING/PASSING,2.0,27.0,2.0,2.0
15c42074592b5bf46097bd349db0bc8f2cc7bc281990929dd6bd3d891d57fe367fd3f33f6a348cd01ca8429550c98a38dfa13bb3442dfc21defed4c2034915d1,CLEAR,DAYLIGHT,DRY,FAILING TO REDUCE SPEED TO AVOID CRASH,2.0,49.75,4.0,4.0
15c448513ca712de08b28aca36fa4078e29c8299cad061bab10c600e9ee514b669ba689ad418da3d54fb65eb27cdd26768c99a396c68e02f8c5ac2610075989b,CLEAR,DAYLIGHT,DRY,IMPROPER LANE USAGE,2.0,25.5,2.0,2.0
15c44e2d8d8d2897a075a33461a4bcc5f96cf9c309fa8ecbe231b0447959c99af2fbe4b696e61f59b7167f4798875cafe87d00f040a4acc8bc7c7ce04d324328,OTHER,DAYLIGHT,DRY,IMPROPER OVERTAKING/PASSING,2.0,28.0,2.0,2.0
15c4558d7fb79c193d897e99e8a05786b2e04ac92121ac191e841142b9f1b3c36825bedbfd5a002bef6ecf6a5115aff54b651f017993aa247a9160e96c374618,CLOUDY/OVERCAST,DAYLIGHT,DRY,IMPROPER TURNING/NO SIGNAL,2.0,82.0,3.0,3.0