crash_record_id,weather_condition,lighting_condition,roadway_surface_cond,prim_contributory_cause,total_vehicles,avg_driver_age,total_people,total_injured
15c45e3450647e31c09285b24f8af571e4a94495aa38cdb147438ed3b3fd993958dd676b26561cbb04c96d52432249d5bff8edbaa245754c5092bb5d3f712c92,RAIN,"DARKNESS, LIGHTED ROAD",WET,FAILING TO REDUCE SPEED TO AVOID CRASH,1.0,40.0,1.0,1.0
15c4643077d8a10a40aefefe0e23416c0a6e9a2f690d02389189aa35bbcc28cc43b9499348253c583673ed97c96336bed821486c851c98fc59813f5885cbc3bc,CLEAR,DAYLIGHT,WET,FOLLOWING TOO CLOSELY,2.0,56.5,2.0,2.0
15c47a47d72be6d144e2a0f0d403ac2603f5d4f747f32b7c86cbe73e15c325a67cd044e568504212da5e362bbc174edb316ba184740a344d0d53fb65be12b2c2,CLOUDY/OVERCAST,DAYLIGHT,DRY,"VISION OBSCURED (SIGNS, TREE LIMBS, BUILDINGS, ETC.)",2.0,40.0,3.0,3.0
15c4ce731a71410fa92fa50907e96decde9571224f2e33a8d108acc6891d7a55f686e86eec6942fbf7e3c8c07c0cac7b88a08fd92a15a2c549c1e06db5f187ad,CLEAR,"DARKNESS, LIGHTED ROAD",DRY,IMPROPER OVERTAKING/PASSING,2.0,44.5,3.0,3.0
15c4f613cece205b09360f12c1678e83b371b3e40d78c022debf47ac3735a0fb7d7ab3ba8a806b46f73975f1a522a959f5366522231d91c751de8d4e46818123,CLEAR,DAYLIGHT,DRY,IMPROPER TURNING/NO SIGNAL,2.0,64.0,4.0,4.0
15c4f64e58c70b8b5ced0a38d5a1ad408888ebb11069c996fbc9ab6faf4d049655e86669994a4c2eafc48cba97cb44a6ecd84beb0fd4a89e27b918ac18a420a7,CLEAR,"DARKNESS, LIGHTED ROAD",DRY,FAILING TO YIELD RIGHT-OF-WAY,2.0,27.666666666666668,3.0,3.0
15c4f9535c8af52f66ece538a03ad276d78b9c776f0bd2d736af53c0838e921f83c16c2ae913838c3eaaefe51ae322eb1eaffafa5f44d62eaf57368ebc69dabe,CLOUDY/OVERCAST,DAYLIGHT,UNKNOWN,IMPROPER BACKING,2.0,66.5,4.0,4.0
15c511770da548aff784b9cd155c9f8b43d8a37527693f0af16846ff8dfeca22407623886f79e9607fbdc6a4993c5925a6a81f6b4d01f2fa0b76564020c5470d,CLOUDY/OVERCAST,DAYLIGHT,DRY,IMPROPER OVERTAKING/PASSING,2.0,28.0,2.0,2.0
15c524132bd62095651faed21fd84e1b7e021a5b8613ba1b1b16fedb47dc719cdce331201e29ac4317b15dd4ed64a338970306a6bfd6ec47cbd9cd2763602e0a,CLEAR,DARKNESS,DRY,DRIVING SKILLS/KNOWLEDGE/EXPERIENCE,2.0,52.0,2.0,2.0
15c5263bf107598e95466aa3dee7c648c1fca7150572c3e1101b37f21befc5d108081d3dc751c8410e4b10161b7f908f160a30d04af1a5391bda062c8e877ab4,CLEAR,DAYLIGHT,DRY,DRIVING SKILLS/KNOWLEDGE/EXPERIENCE,2.0,48.0,1.0,1.0
15c526adf643ac9b962189b1f2bcaab88ca8bb2d43185998edaa5c3fbbf9d81683f93462bba6d898c54304bbabd6e6a45f81fda9eca17678bd4f17d5aed649d5,CLEAR,"DARKNESS, LIGHTED ROAD",DRY,IMPROPER TURNING/NO SIGNAL,2.0,25.666666666666668,4.0,4.0
15c52ccdac4d1d578e531b71be9b3f866244c28bbcac64899672c2c79c79db66976cec23d68c6b23e73ad40afdd90d7870577c34d91b0af5c3ed5f79a6968ffc,CLEAR,"DARKNESS, LIGHTED ROAD",DRY,FOLLOWING TOO CLOSELY,2.0,22.75,5.0,5.0
15c55cadbf4f5bd074a4f11ef675ddb424d877de7598ab1679ac7339f87582322776a4915e2bc15514351609e2546cd4cca9cdacd77f62b95cd40b8a29e53368,CLEAR,DAYLIGHT,DRY,FAILING TO REDUCE SPEED TO AVOID CRASH,2.0,51.5,2.0,2.0
15c55dfa5373344ac159e75357bf8f065e4dbf3124e507a9f05042df7751c5c4de595259dbdca0df847293e912a26e1041fc66420358bc6526eb18ecdab8e7d5,CLEAR,DAYLIGHT,DRY,IMPROPER LANE USAGE,2.0,57.0,2.0,2.0
15c562dd191ba8e2eb84888f07764e3ac0acd69d70063dcbc366a0950c2e7c409813d74889f4081c7f2294c1d530294cda60aff51d091962fc18b9738eb5fa3e,CLEAR,DUSK,DRY,FOLLOWING TOO CLOSELY,2.0,38.0,2.0,2.0
15c5ef5b2a62a96b1fba1c415cc12068ae776a2ccdd2406cedba5c4788b0405bd2f042c1047795ca59b5d7fec9ca4c7bb199343d2799e9dff6611a1864e9d834,CLEAR,DAYLIGHT,DRY,DISREGARDING STOP SIGN,2.0,72.0,3.0,3.0
15c63511196c8c40fb2f3e4c75b2623b4f634bfca4fd01e80f2132314b54ad67e240c07df9f91a99b07dec87adc3d3859f183c25a1ae5ab3a5250c9bfa5a5502,CLEAR,DAYLIGHT,DRY,FOLLOWING TOO CLOSELY,2.0,58.0,2.0,2.0
15c654d0f193d4071f62641a7c347dbdcd140a9bb2c65ede1a3f9aaf121807d4d393aee954b97f57af510572cd720028158496cb0a8ab3b91dd9620a9abf91a3,CLEAR,DAYLIGHT,DRY,FAILING TO REDUCE SPEED TO AVOID CRASH,2.0,38.0,3.0,3.0
15c669a2458dcb8f119da3a8e7424be5880752b000819d35079eae83401e33ae24e97ef9fa8278083168cae1a61ad4b9f7e00881cde50f1a34bd5661bd28f5ae,CLOUDY/OVERCAST,DAYLIGHT,WET,IMPROPER TURNING/NO SIGNAL,2.0,54.0,2.0,2.0
15c69f5e90fd365b523e44a1b28d7e932d349c7a62b38d67124ebba57597f5d553ae798d70435801d7b3b19829ea794c371d120ab05a8a8fee5a91faafccade9,CLEAR,DAYLIGHT,DRY,DRIVING SKILLS/KNOWLEDGE/EXPERIENCE,2.0,41.333333333333336,3.0,3.0
15c6a8931eafe5e059d153873584015886b685fd58080279a642ecfb37411e018e900e061376a3e726b3fcae7dfe2c1b6f23f2e55d74100917d918cb55823072,CLEAR,"DARKNESS, LIGHTED ROAD",DRY,FOLLOWING TOO CLOSELY,2.0,32.0,3.0,3.0
15c6df995b8704be29b30cade933ea9b27920ba6ec5fd3ff8f91d6c2b6fd8349266da5fe3c779d7b5215f9a6ac3fadc629dd61da39b0183fd8fff86291a24498,CLEAR,DAYLIGHT,DRY,FOLLOWING TOO CLOSELY,2.0,27.0,2.0,2.0
15c6f6b42454b605e4a32eda5119893595f16ae304e304c4e4d70f40c2c586ea907fef15501f0b2f6ae162f4db2be0d72dec1e51e37bd1bd9cd301294b022441,CLEAR,"DARKNESS, LIGHTED ROAD",DRY,FOLLOWING TOO CLOSELY,2.0,50.0,5.0,5.0
15c6f84b7caadf0a4980706f10eb49acc5433a64195e29d9cf68eea2e33efd52b24010c351d848882fed7ad0110193264bb002865d06977751a7bd03d4f0ca7f,CLEAR,DAYLIGHT,DRY,DISREGARDING STOP SIGN,2.0,37.5,2.0,2.0
15c6f8b2e6fbc94ebadacd3376f2a64da2378d9e473d5a4b9efdb52e7aa49891f3ab146ab910f570652d197ee88d13db0dc2e3bfa4ec9fd9fed5265a53e9d6de,RAIN,DAYLIGHT,WET,WEATHER,3.0,44.0,3.0,3.0
15c79747a7ff85a0f0fa760c8a4aaf12dd37d33a4a4d5eed9706c43cddcd359ee2196db87dfa21be1711f4d938656358bb6d137f00e71ebd36f0ce69af1364c1,CLEAR,"DARKNESS, LIGHTED ROAD",DRY,DRIVING SKILLS/KNOWLEDGE/EXPERIENCE,2.0,29.0,1.0,1.0
15c7c2449dce060a09301a2b317a8301eb27bc49da109dbf370388d7098d6874d8ab325b0e2dee928df1c5e0b3f9bcbcda5beeb98cdd02c35bcef1abab2e5531,CLEAR,DAYLIGHT,DRY,FAILING TO YIELD RIGHT-OF-WAY,2.0,27.5,2.0,2.0
15c7d19f45b40b1040379cdf690666218c438beb3e91d15ef1517b36347700cb77a57f67816cefef30facdd0af9402cdc5095a0fb803de831b23a1e33d79a3b5,CLEAR,DAYLIGHT,OTHER,FOLLOWING TOO CLOSELY,2.0,26.0,3.0,3.0
15c7ee5bf53923dcf5d9b77e6082c177a381930dbf33a2f4abb512631022f55779cdb6a4254362b9edd6d620acece75b155a3c21b49b97c482c031b39608b514,CLEAR,DAYLIGHT,DRY,FAILING TO YIELD RIGHT-OF-WAY,2.0,43.5,2.0,2.0
15c82a01894f7b014c20146133935eabc48979088f40a026a5fd068e0d602e778c0c27a16c3faee3cd7ed0cd726bf041e9d3dfa8724d27473058234b57aacac0,CLEAR,DAYLIGHT,DRY,FAILING TO YIELD RIGHT-OF-WAY,2.0,58.0,2.0,2.0
15c832e49a74d4de1ed9b6eec423b84f10058fce682b88a8f7572bb184ff934786f9384c08eef44d19588f0db94bbd387bbad7e071e1d40cfeff547fb350b20c,CLEAR,DAYLIGHT,DRY,FAILING TO REDUCE SPEED TO AVOID CRASH,2.0,26.5,2.0,2.0
15c836a9ea9209d9786529f15f5c5374e5da70ebf29f3cc1284f1aaf2886a29e5ae0df3e7be29fa3f84cabcca34857525345ace63a59ba52da7f1b0719a93a29,CLEAR,DUSK,DRY,DRIVING SKILLS/KNOWLEDGE/EXPERIENCE,2.0,42.0,3.0,3.0
15c83736782b84d02433a806271b79fda4586ce034939070b61318058ca8ab65ff0350858bc8734c25aed71191a63b1a39ca1374fa95fe8225a94fd07cda78a8,CLEAR,DAYLIGHT,DRY,IMPROPER OVERTAKING/PASSING,2.0,18.0,2.0,2.0
15c83caf298084a241ec8dfd5187d450a2753f280862b67933fd115e6bcacc63b401c3e7e3635e0dc6480aac347b40db5d02b119ba42188c13ffd150bf5e4b27,CLEAR,DAYLIGHT,DRY,IMPROPER LANE USAGE,2.0,49.5,2.0,2.0
15c8422ac444856758e7b7b5993f9a4da03641b89ac2741bf78cf2e7babbc6bd25f532bb2a3e7991d5f9ffef9e7de2751b66d6848f8f2baeb044e97128b2013f,CLEAR,DAYLIGHT,DRY,IMPROPER BACKING,2.0,31.5,2.0,2.0
15c8723318ebbc140ec54622a3ec1f756e5a15797da03facd97d3f5497fed7608dd9ab86b35c1697d3c3ca90d392830d3acedcee8b669f6b7bf118e500211f01,CLEAR,DAYLIGHT,DRY,FAILING TO REDUCE SPEED TO AVOID CRASH,2.0,37.5,1.0,1.0
15c87438877f576b01a47f533967b05555598fc6a42da8c3234c913d691dc5d156f754783e4e04c04ccd96c498cc8bf8f9176823e3d9e3ed66066ca9dd547f32,CLEAR,"DARKNESS, LIGHTED ROAD",DRY,DISTRACTION - FROM OUTSIDE VEHICLE,3.0,26.0,3.0,3.0
15c88dd370fca78d5d39432bbf3315f4cf763ed5a4fce6d88895622c31ce6fc7be4dfe1f028784b984269b56ad6792b9896579f05a5a6c81721974da0babbf0d,CLEAR,DUSK,WET,DISREGARDING OTHER TRAFFIC SIGNS,2.0,22.0,2.0,2.0
15c893f42d163afa113e3d5bdcf9cf88a6d0a9dc5b8e9d3aac68eb5d4a1c039b1ccc31ab8605b38052433c3d4ee00236f0ba4d2054506a04335348b62422cde4,CLEAR,"DARKNESS, LIGHTED ROAD",DRY,FOLLOWING TOO CLOSELY,2.0,43.5,2.0,2.0
15c8a17fae68885343b01a076480acd9b6a4f14cf6b626de91b94f0c42311f10ffa268786558ac1ec4fe69e13a12fb0c0207dc1b8f87bb8f652a9e569be88d8f,CLOUDY/OVERCAST,DAYLIGHT,DRY,FOLLOWING TOO CLOSELY,2.0,54.0,2.0,2.0
15c8bfca08d5a24da1ea927524b73847d44ea20fa4b803f78e18c3b943592b4674852f14422439c4d724be773e82d0266eb9d596b43e9cf8513c7c23594ef9a3,CLEAR,DAYLIGHT,DRY,IMPROPER LANE USAGE,2.0,35.5,3.0,3.0
15c8c2d8ec15451aa86ebb4d003f8cac094f790048e548057745065efc6a987e7f68a5e4f0d34fda1410724fdc386a10c88a1276cd7107d1289946988ad988cc,CLEAR,DAYLIGHT,DRY,"VISION OBSCURED (SIGNS, TREE LIMBS, BUILDINGS, ETC.)",2.0,30.666666666666668,3.0,3.0
15c8eca4e2649875ad6f6704b2fe706d9c1681b60119a57168ec2ee354119e88cae3dcd35cedb7aa6a7a02cb306363fa0efede8fc3e2f5f78edaf9d3932fa4b3,CLEAR,DAYLIGHT,DRY,ROAD ENGINEERING/SURFACE/MARKING DEFECTS,2.0,45.333333333333336,3.0,3.0
15c9049cae7a9233b7a9741ffa9d8b2f8d10b5a999bcb771dbd59b58f2da8ace42217358020a1f24441e08ea4041045abbdc63b66ca780d650a88e377ccb791c,CLEAR,DAYLIGHT,DRY,IMPROPER OVERTAKING/PASSING,2.0,42.0,2.0,2.0
15c91e0779b5e0b0dcff38cb24f01a5c0871a0d4622bc9921569503367b155b9ed3887dfdeef9cb7c6d0dc01efcba2eed2155297c4976e822879e9e9a654a901,RAIN,DAYLIGHT,WET,FAILING TO REDUCE SPEED TO AVOID CRASH,3.0,57.0,2.0,2.0
15c9230b1f4912be0c5e14f58f56860006fc62983fc2720e6e0889038f90a16b08fb3bc1be5fd19e5904636263def77942afc3f1d48bb15d7c409862ed7fbd4b,CLEAR,DAYLIGHT,DRY,FAILING TO YIELD RIGHT-OF-WAY,2.0,65.5,2.0,2.0
15c96102afebe6fa94c64e64501312f9b156ce66147c5a9f7af4541fe23ee796f18c7884eaae3966083963b03f3a254d1458f9a2fe4969eb90137beab7686c8d,CLEAR,DUSK,DRY,DISTRACTION - FROM OUTSIDE VEHICLE,2.0,38.0,2.0,2.0
15c966bdc42b376607421153344c1a6bbf8e39a4685774e3c82b7d5420ac0b6de8aa93ee79a6396a3167480230c301c94c51491b5c5370af7a997b18ab5f18bd,CLEAR,"DARKNESS, LIGHTED ROAD",DRY,IMPROPER TURNING/NO SIGNAL,2.0,25.4,5.0,5.0
15c9783306bb4a1c9c99378a02bb1b43b070061ca1a16a47c158edd110073b9a3f57f4291127a21c8adfac8a4974e82952f12db4ef9e4343675366493b2b1fdd,CLEAR,DAYLIGHT,WET,IMPROPER TURNING/NO SIGNAL,2.0,47.5,2.0,2.0
15c9874a0dcb9d50671f6cffc6c8b64e24efca76034a113f69b5ee7aba751e349a9d3c89611a38fa16face5c7fbd731c62bc9d9af57c1ac0800d40a37bcd245c,CLEAR,DAYLIGHT,DRY,FAILING TO REDUCE SPEED TO AVOID CRASH,2.0,47.5,2.0,2.0
15c987a4745152a3e4d2d1c510710543f061a7d0879b157cd3f36d312e31dc05fc209c004ac576980a201336c8ed1bd515b445ceb2ff4ee34f759d82a116ed5a,CLEAR,DAYLIGHT,DRY,FAILING TO YIELD RIGHT-OF-WAY,1.0,26.5,3.0,3.0
15c9d5fc8e6b0f037a7e03c94e8a579a3899a036ee25aabb7d2c7ed668c02da5dae89dca06aca4eeb1dfc800a701f33be0cbd8afa25caaaa3ea317a08bf2dad7,SNOW,DAYLIGHT,WET,EQUIPMENT - VEHICLE CONDITION,2.0,72.0,1.0,1.0
15ca05a023de40aaf836d012b1e14bb2c1ddf785205885e1fd2fe6e13f6dbcdbe89904de31bd4dc4792dcf9b0a783ef012e7b2b753a646d8f54b5e525107df75,CLEAR,DAYLIGHT,DRY,IMPROPER OVERTAKING/PASSING,2.0,33.5,2.0,2.0
15ca2cf3c4601ca9469ce87b9fe18d321cc803fb37b2102a515f956cedb16bceff18ed606b78ff3a25468d2fbb05ce464e627773991d1828e62ffb78ea96ad3b,SNOW,DAYLIGHT,WET,FOLLOWING TOO CLOSELY,2.0,19.666666666666668,4.0,4.0
15ca4824b1e7e1e3ad4d81b950f365d6234e8ebfc313a495cff001bcbfd7cf316bacedd8d3ebc9218f573a422866f2b6ce870ea913c4d70813bdc54a6d3fb4c9,CLEAR,DAYLIGHT,DRY,FAILING TO YIELD RIGHT-OF-WAY,2.0,61.0,3.0,3.0
15ca51b4d82024876158000e30c40b08efdace189d26ad8145cb90dff8d0f436642093c272c83462d7e79448b9ef711573b82ff4ecf38b51ccabee50b22344b6,CLEAR,"DARKNESS, LIGHTED ROAD",UNKNOWN,DRIVING SKILLS/KNOWLEDGE/EXPERIENCE,1.0,37.5,2.0,2.0
15ca6922dfb8df7905be5704c769c5be4ad4178a8840bc54c932d0a27bdead1183391352f56b3fdd6ad9adbf32ac14fbca83ffefcd26313d488deaf075d758f7,SNOW,"DARKNESS, LIGHTED ROAD",SNOW OR SLUSH,WEATHER,2.0,34.5,2.0,2.0
15ca828dccc9c38360fb8d0133aa72cb6f441cba37ab3a81ca4ba2279ec072f356bc03753163afc2ed5d87c15a8c5f556ce7f69530dcd00720143a8f28bb492c,CLEAR,DAYLIGHT,DRY,FOLLOWING TOO CLOSELY,2.0,50.5,2.0,2.0
15ca9f1d3009b1a46b550df54f991e3bdb6c48b7b674da033d3f4974a08d55551a78d67e9f73450db56603308a9be20c9f3ed26f25ef91a52a7e9f172f341536,CLEAR,UNKNOWN,DRY,IMPROPER BACKING,2.0,54.0,2.0,2.0
15ca9f79dd7961d5588d348de1f0ccc3af57043fa9482f449f2c5849591383ac3fd6067663d744de5867e262bb3d47e665dc92a1ae4d47536e444e59cbbd2546,CLEAR,DAYLIGHT,DRY,FOLLOWING TOO CLOSELY,2.0,35.5,2.0,2.0
15caabe9b076106e54f10915da5d4616b51b32fd118bbe4e0689ccf7a92862a25d7ba46e486c3c60b077619a37d077256b06b56c105e82e7bbc58137570d2469,RAIN,DAYLIGHT,WET,FAILING TO YIELD RIGHT-OF-WAY,2.0,46.0,2.0,2.0
15cab221214c4ab340ce9fefc143ed278793936dd255c54a7a84767f570621a065d30982147bfb5b304c2d498723b391b73d5071b2b2c01d0bf67d1c51f99f75,CLEAR,"DARKNESS, LIGHTED ROAD",SNOW OR SLUSH,IMPROPER OVERTAKING/PASSING,2.0,25.0,2.0,2.0
15cab3b87a013bdc70af6de37f636f92ed592f83e9d030e2600039e5da1dbb9f7c618c913e7ab473312d37bca52869db093db5d3953c5c2aaea6a9c2feb5c8e5,CLEAR,DAYLIGHT,DRY,FOLLOWING TOO CLOSELY,3.0,27.4,5.0,5.0
15cac08da73fadf430e533d615fd91ec415729c3c5652557693fe6859d70d44d04885068de9f206b78a6ae40e3f25a07dfc615bb5c5eb338d67883f6c39d2be9,CLEAR,DAYLIGHT,DRY,IMPROPER TURNING/NO SIGNAL,2.0,36.0,2.0,2.0
15caccb2793eb4ae22eab249ad651067285576867204a52baf60242852658594b93a138107c8c0d56b39283701b1e91902807f77a1ccecc13810eb8247e13a86,CLEAR,"DARKNESS, LIGHTED ROAD",DRY,FOLLOWING TOO CLOSELY,2.0,50.0,3.0,3.0
15cb18c40baa5e209ec8ae78c31954e08027f6d11f9e471659bb0ad10b8a2127b61b524e450398eacfcd4351853e940056109b9be1e968a1959689ddb393f088,CLEAR,DAYLIGHT,DRY,FAILING TO YIELD RIGHT-OF-WAY,2.0,33.5,2.0,2.0
15cb230951bc20211a66ddb27defe189f90feffea53fa2dfbd610934f85a31be7663072bc6149ae85f0b3a398af91c4b2d880258305d7858c87bb33e53c85ea6,FOG/SMOKE/HAZE,DAYLIGHT,DRY,FAILING TO YIELD RIGHT-OF-WAY,1.0,30.5,2.0,2.0
15cb359353d4edc2a07bfe3f0ee0e0f2af8c17f0b1c8e624309df2a07c9124a2c8c906a3396f252eb8e6c0f52cdb4f0abfb27e35ac60f87bbf99b3d712e3d233,CLEAR,DAYLIGHT,DRY,IMPROPER LANE USAGE,2.0,34.0,1.0,1.0
15cb4aad29772d7477f2f48b34bbd81214a4301e8f0fb9108263e7fcaad47a45eaba3c01a05eb516ff9510693754d24e864ee162b373650ec6ec183b3b233d01,CLEAR,"DARKNESS, LIGHTED ROAD",DRY,DISREGARDING TRAFFIC SIGNALS,2.0,28.0,3.0,3.0
15cb8ab798d2b1f3402c2ae9086e0cd5f0bde50b0a47df24fdcb8c849b3b3b800b15c3004330ea154b37b5d2098e641c97d23fc2f129b86f40ceb7f8c528d87d,CLEAR,DAYLIGHT,DRY,EQUIPMENT - VEHICLE CONDITION,2.0,24.0,2.0,2.0
15cbb5f2fc94bb3468d8cf133c679acc0c33532c1fbec63f02200ef57c051e9af8f5c5d4eef9142e3e1a5f778ecaed0bc632e95c124e9d37909265ca2fb666c5,RAIN,DAYLIGHT,WET,DRIVING SKILLS/KNOWLEDGE/EXPERIENCE,3.0,44.5,3.0,3.0
15cc074ee5a412e3c9df051543b50d276b2a9c3d5d7901f8e25b4e2965e87938c73dcf03718b4f5df80d72f62c3321eaf192403f4ce8a222fd8afc3259f60d1c,SNOW,"DARKNESS, LIGHTED ROAD",WET,FAILING TO YIELD RIGHT-OF-WAY,2.0,40.5,3.0,3.0
15cc1c4a3780b33d4401162a2c52554905e69acaf7560cbcac4962666d966606fa8a74c693f73b65ab573fa27da4c42076df80ba11345501839b1742c2dfd4d9,CLEAR,DAYLIGHT,DRY,FAILING TO YIELD RIGHT-OF-WAY,2.0,36.5,2.0,2.0
15cc8aa8333f95531d033153c87daf2a7fd8c3bcfa8d5ab890d38de2ad11ffcb20b968485b7751d9814745bfd4554f7695e4bfe74690f23c96a737ae942757ef,CLEAR,DAYLIGHT,DRY,FAILING TO YIELD RIGHT-OF-WAY,2.0,40.5,2.0,2.0
15cc941870ff75af152a599fb30205a0740e9d36fce1c9db48437ed2822d8b4f43006c7140bb1cd3f37f7f323477a10b73384089cfe031a4fcc651b3d0fb18bc,CLEAR,DAYLIGHT,DRY,DRIVING ON WRONG SIDE/WRONG WAY,1.0,45.0,2.0,2.0
15cc973e10bd8a668db9cd57bb13ccf97c42485ec8ee779cefaeaee2524527420097bd56a697a391476b375fb452b52bbcddf835e073acb9bcde5ee3af18e5b6,CLEAR,DAYLIGHT,DRY,FAILING TO YIELD RIGHT-OF-WAY,2.0,51.0,2.0,2.0
15cca0a596c3185307b994082795d1c3fc47426ec278670d25c073c86c264ccde361c64860c81d01f8f6f7ceb972f22a8d1d21bd5cb4df0e7ff89d250ef10474,CLEAR,DAYLIGHT,DRY,IMPROPER OVERTAKING/PASSING,2.0,37.0,2.0,2.0
15cd09f68a787f893bb9e0dc13afeb7f0527ec176595345084cb000cea3c9a1a5be8b766bf9f44fee47bd7feaca55c91c693fe0043b129e64bd71e000d5fd72b,UNKNOWN,DAYLIGHT,UNKNOWN,FAILING TO REDUCE SPEED TO AVOID CRASH,2.0,42.0,2.0,2.0
15cd09fe44c98d073b92db25d6438e4fbf18cbe5371f90fd9cc0d70b57098e65549c97ea2883017c22f721a5231a57a1b898b6122739d0c9bcce72719a833a9d,SNOW,DAYLIGHT,SNOW OR SLUSH,IMPROPER TURNING/NO SIGNAL,2.0,42.5,2.0,2.0
15cd4ca403c5dbe866240ee41cf92d76ac71897263fe86643cb8242c652c88f004f072c3a7460e9a7ce5e4da4fb8af8cbe0a025f51e1b8d618c5c12e8b95dd82,CLEAR,DAYLIGHT,DRY,FOLLOWING TOO CLOSELY,2.0,37.5,1.0,1.0
15cd63792ff857b93f5564fb06c3cd35896dece0faa55d89532aba386b8f905b63021fd4c163ff17f6eb7ba9f497ced20d0c2e1119aa0029cddbfaa6ee24c653,CLEAR,DAYLIGHT,SNOW OR SLUSH,FAILING TO YIELD RIGHT-OF-WAY,2.0,11.75,8.0,8.0
15cd645a2638826e18eb9dfb00524b7b0a27f4e69a55ca62fa5842dc2497398049143661e261aaa6702d0f2c2bfd58ee17021a314566d215f8ac6f6c684c4a0c,CLEAR,"DARKNESS, LIGHTED ROAD",DRY,DRIVING SKILLS/KNOWLEDGE/EXPERIENCE,2.0,37.5,1.0,1.0
15cdad0ff3bef60d09a1b5dde1a4e5eb8a91a15bec036731dd8913a99830d4c17e75a1fa7d5aacf18515969fa34c55c4e66270af4586eb3256d89b5b76462a78,RAIN,DAYLIGHT,WET,FOLLOWING TOO CLOSELY,2.0,31.0,3.0,3.0
15cdd47f1a51675279dea945f5f791b10d2286bdde707c46d13b04c0756c18e1b5acff8e7e6c4e451403171ea38088eb6ebf9da8bb8f87dc1db1874cd26ec8d3,CLEAR,"DARKNESS, LIGHTED ROAD",DRY,FAILING TO YIELD RIGHT-OF-WAY,2.0,27.0,2.0,2.0
15cddbad0287377c53f37489d13823cc9b071287e519973f5487c105a7c18f03a287b40ce7c9d2c9b36285de69199ed60733b0b0e43aada19fca175671c863fd,CLEAR,"DARKNESS, LIGHTED ROAD",DRY,UNDER THE INFLUENCE OF ALCOHOL/DRUGS (USE WHEN ARREST IS EFFECTED),4.0,22.0,1.0,1.0
15cde0b4deac4dddb290e9f64ceb0645be4d6838d50f49c47ea4c910cd14516a1a1ceb0416c87c5c1923dd2aa4ce1d4bd531d3331f38db219d88e5f3f746a3d6,CLEAR,DAYLIGHT,DRY,IMPROPER TURNING/NO SIGNAL,2.0,55.0,2.0,2.0
15cde9fe9cdf6d1de4b3922817a46d361956544d6b0ab21095f2564f65759671868e16d6d9fe519216d223565af736c811c7d598c8118921ad7cbe61c31e27f9,CLEAR,"DARKNESS, LIGHTED ROAD",WET,DISREGARDING TRAFFIC SIGNALS,2.0,33.5,3.0,3.0
15cdfc7b109cf6b3bb6e9576dce137165947b2aa88f7c11dd1c93f9b9c7e20dc9dbfc7e635e360b218183b5df8db8a99b78a17ceb00e037185f2ab1a120fa0dc,CLEAR,DAYLIGHT,DRY,DRIVING ON WRONG SIDE/WRONG WAY,2.0,46.0,2.0,2.0
15ce00ee6b250eb059aab175619c0d1a6d262cb99b375c549a4f6e1448bce436be324a8c43449d70287130f96161079e42b9813100012466a8a42c6e4f30f2e6,CLEAR,DARKNESS,DRY,FAILING TO YIELD RIGHT-OF-WAY,2.0,33.5,2.0,2.0
15ce0db3bcedfc381c7bd35d4a1091fa69bd7b8385a1d435fbc12e765c18a60d08bae8bbc255e8dac3bd38cbde977cc13e7f3585977ae7739e5094e2c271938e,CLEAR,"DARKNESS, LIGHTED ROAD",WET,FAILING TO YIELD RIGHT-OF-WAY,2.0,40.0,2.0,2.0
15ce16f90484913e8e96f2de438ff9c9cb40446715067b9902d744189591d037c88cf1985de1996fec0b6ca79caa80cb1c353010235388282404428621c71342,CLEAR,"DARKNESS, LIGHTED ROAD",DRY,FAILING TO REDUCE SPEED TO AVOID CRASH,2.0,44.0,2.0,2.0
15ce21a2640f9135d8fce4cbfe73d37026e8d51395c2d83878273ec808fde854f99548828638ebf421cee1da39e942c78c9f780e886de90f4e25ae87fe116036,CLEAR,DAYLIGHT,DRY,IMPROPER TURNING/NO SIGNAL,2.0,36.0,2.0,2.0
15ce454bce98cbfd4b6983043d4a80a434be8352cfbe43ddf59682fb4f6a169c51185eb613eb7f16bc76da66fb8e753e644aa7c67949b8a5d04d11b3cd400b6e,RAIN,DAYLIGHT,WET,FOLLOWING TOO CLOSELY,2.0,41.0,2.0,2.0
15ce764839b663733ba8bab2387b486d371fb7c9a03ea1949a7328cfd21859c9a0b4a2121a22acb73a9479d21d4a601c5035fb41eeede470e6b7444dd835c014,UNKNOWN,DAYLIGHT,UNKNOWN,IMPROPER OVERTAKING/PASSING,2.0,38.0,2.0,2.0
15ce926a4478d7485228833e96fc424ce7f30a29a0c5545530c679a9d453ff2573f5f92e44743464a774bd267f97efdcd9d83b84253244624cbdf4ba4b6126dd,CLEAR,DAYLIGHT,DRY,FAILING TO YIELD RIGHT-OF-WAY,2.0,29.0,2.0,2.0
15cee775a3cc99b51143f906aef94ec904fb3501a97621bd156acfd63a650f10beca64052d84f80a972f8fecfc71709fff5a3600a4481c8aa1f6c91beddde881,CLEAR,DAYLIGHT,DRY,DRIVING SKILLS/KNOWLEDGE/EXPERIENCE,2.0,49.0,1.0,1.0
15cf3f4de8f3fcaec29f4d0a7bb9a63bf1771d934e60c231b9eb30a245ae5f1b98321c47de52cf5bfffc9ff5d940d443b09fb8c0205b2e010e5228fe110b68e8,SNOW,DAYLIGHT,SNOW OR SLUSH,IMPROPER OVERTAKING/PASSING,2.0,37.5,1.0,1.0